[
  {
    "Index": "14246",
    "RawText": "배송이 꽤 빠르네요 좋아요 걱정과 달리 화질의 선명함도 좋구요 사용하는데 편하니까 너무 좋아요^^!!",
    "Source": "쇼핑몰",
    "Domain": "가전",
    "MainCategory": "영상/음향가전",
    "ProductName": "스탠바이미 LG전자 27ART10AKPL 스탠드",
    "ReviewScore": "5",
    "Syllable": "56",
    "Word": "13",
    "RDate": "20220825",
    "Aspects": [
      {
        "Aspect": "화질",
        "SentimentText": "걱정과 달리 화질의 선명함도 좋구요",
        "SentimentWord": "5",
        "SentimentPolarity": "1"
      },
      {
        "Aspect": "편의성",
        "SentimentText": "사용하는데 편하니까 너무 좋아요^^!!",
        "SentimentWord": "4",
        "SentimentPolarity": "1"
      }
    ]
  },
  {
    "Index": "14247",
    "RawText": "배송지정일 딱 맞춰와서 너무 좋아요 설치기사님도 모두 친절하게 잘 해주고가셨으니 만족합니다. 사이즈가 큰게 너무 마음에 들어요. 작동법도 간단해서 엄마도 사용하기 편해서 좋네요",
    "Source": "쇼핑몰",
    "Domain": "가전",
    "MainCategory": "영상/음향가전",
    "ProductName": "스탠바이미 LG전자 27ART10AKPL 스탠드",
    "ReviewScore": "5",
    "Syllable": "98",
    "Word": "22",
    "RDate": "20220410",
    "Aspects": [
      {
        "Aspect": "사이즈",
        "SentimentText": "사이즈가 큰게 너무 마음에 들어요.",
        "SentimentWord": "5",
        "SentimentPolarity": "1"
      },
      {
        "Aspect": "조작성",
        "SentimentText": "작동법도 간단해서 엄마도 사용하기 편해서 좋네요",
        "SentimentWord": "6",
        "SentimentPolarity": "1"
      }
    ]
  },
  {
    "Index": "14248",
    "RawText": "친절하게 배송해주셔서 감사해요^^ 상품의 기능적인 면에서 너무 만족하며 사용하고 있어요 최상의 디자인이라 구매후 만족도 최상이에요",
    "Source": "쇼핑몰",
    "Domain": "가전",
    "MainCategory": "영상/음향가전",
    "ProductName": "스탠바이미 LG전자 27ART10AKPL 스탠드",
    "ReviewScore": "5",
    "Syllable": "72",
    "Word": "15",
    "RDate": "20220318",
    "Aspects": [
      {
        "Aspect": "디자인",
        "SentimentText": "최상의 디자인이라 구매후 만족도 최상이에요",
        "SentimentWord": "5",
        "SentimentPolarity": "1"
      },
      {
        "Aspect": "기능",
        "SentimentText": "상품의 기능적인 면에서 너무 만족하며 사용하고 있어요",
        "SentimentWord": "7",
        "SentimentPolarity": "1"
      }
    ]
  },
  {
    "Index": "14249",
    "RawText": "배송이 신속해서 좋아요  기사님도 친절하시니까 너무 좋았어요 품질도 말이 필요없이 좋아요 강추^^ 검색해서 저렴한 금액으로 구매했습니다",
    "Source": "쇼핑몰",
    "Domain": "가전",
    "MainCategory": "영상/음향가전",
    "ProductName": "스탠바이미 LG전자 27ART10AKPL 스탠드",
    "ReviewScore": "5",
    "Syllable": "75",
    "Word": "16",
    "RDate": "20220808",
    "Aspects": [
      {
        "Aspect": "가격",
        "SentimentText": "검색해서 저렴한 금액으로 구매했습니다",
        "SentimentWord": "4",
        "SentimentPolarity": "1"
      },
      {
        "Aspect": "품질",
        "SentimentText": "품질도 말이 필요없이 좋아요 강추^^",
        "SentimentWord": "5",
        "SentimentPolarity": "1"
      }
    ]
  },
  {
    "Index": "14250",
    "RawText": "총알배송이라 굿^^ 기사님이 친절한점이 마음에 들었어요 상품의 품질도 좋으니 말이 필요없어요^^ 편해요 어디서든 영상을 볼 수있어서요 ㅎㅎ",
    "Source": "쇼핑몰",
    "Domain": "가전",
    "MainCategory": "영상/음향가전",
    "ProductName": "스탠바이미 LG전자 27ART10AKPL 스탠드",
    "ReviewScore": "5",
    "Syllable": "77",
    "Word": "17",
    "RDate": "20220714",
    "Aspects": [
      {
        "Aspect": "품질",
        "SentimentText": "상품의 품질도 좋으니 말이 필요없어요^^",
        "SentimentWord": "5",
        "SentimentPolarity": "1"
      },
      {
        "Aspect": "편의성",
        "SentimentText": "편해요 어디서든 영상을 볼 수있어서요 ㅎㅎ",
        "SentimentWord": "6",
        "SentimentPolarity": "1"
      }
    ]
  },
  {
    "Index": "14251",
    "RawText": "이틀만에 배송이 오다니 신속배송이니까 좋아요 배송기사님이 설치랑 설명도 친절하고 자세하게 알려주셨어요 깨끗하게 박스도 가져가시니만족합니다 원하는 색상으로 보내주셔서 감사합니다. 무게도 무겁지 않아서 좋고 이동하기가 편하네요",
    "Source": "쇼핑몰",
    "Domain": "가전",
    "MainCategory": "영상/음향가전",
    "ProductName": "스탠바이미 LG전자 27ART10AKPL 스탠드",
    "ReviewScore": "5",
    "Syllable": "124",
    "Word": "24",
    "RDate": "20220301",
    "Aspects": [
      {
        "Aspect": "색상",
        "SentimentText": "원하는 색상으로 보내주셔서 감사합니다.",
        "SentimentWord": "4",
        "SentimentPolarity": "1"
      },
      {
        "Aspect": "무게",
        "SentimentText": "무게도 무겁지 않아서 좋고",
        "SentimentWord": "4",
        "SentimentPolarity": "1"
      },
      {
        "Aspect": "편의성",
        "SentimentText": "이동하기가 편하네요",
        "SentimentWord": "2",
        "SentimentPolarity": "1"
      }
    ]
  },
  {
    "Index": "14252",
    "RawText": "배송이 빨라서 좋았어여 아주~~~ 그리고 이동이 간편해서 보기에도 편하니까 완전 좋져 배송이기사님 엄청 친절하십니다요^^작동법 아주 쉬워서 좋아요",
    "Source": "쇼핑몰",
    "Domain": "가전",
    "MainCategory": "영상/음향가전",
    "ProductName": "스탠바이미 LG전자 27ART10AKPL 스탠드",
    "ReviewScore": "5",
    "Syllable": "81",
    "Word": "17",
    "RDate": "20220510",
    "Aspects": [
      {
        "Aspect": "편의성",
        "SentimentText": "그리고 이동이 간편해서 보기에도 편하니까 완전 좋져",
        "SentimentWord": "7",
        "SentimentPolarity": "1"
      },
      {
        "Aspect": "조작성",
        "SentimentText": "작동법 아주 쉬워서 좋아요",
        "SentimentWord": "4",
        "SentimentPolarity": "1"
      }
    ]
  },
  {
    "Index": "14254",
    "RawText": "배송도 총알배송이라 좋구요 기사님 두분이오셨는데 약속시간도 정확하게 빠르게 설치해주셔서 만족해요  다른 부품커버나 악세사리가 다양했으면 하는 아쉬움이 있네요~ 기능이 다양해서 정말 좋네요",
    "Source": "쇼핑몰",
    "Domain": "가전",
    "MainCategory": "영상/음향가전",
    "ProductName": "스탠바이미 LG전자 27ART10AKPL 스탠드",
    "ReviewScore": "5",
    "Syllable": "104",
    "Word": "21",
    "RDate": "20220322",
    "Aspects": [
      {
        "Aspect": "기능",
        "SentimentText": "기능이 다양해서 정말 좋네요",
        "SentimentWord": "4",
        "SentimentPolarity": "1"
      },
      {
        "Aspect": "제품구성",
        "SentimentText": "다른 부품커버나 악세사리가 다양했으면 하는 아쉬움이 있네요~",
        "SentimentWord": "7",
        "SentimentPolarity": "-1"
      }
    ]
  },
  {
    "Index": "14255",
    "RawText": "배송에 문제가 생겨서 아쉬웠어요 그래도 빨리왔으니 괜찮아요~ 제품의 품질은 아주아주 만족해요^^색상은 유행타는거 아닌 무난한색이라 적당한것 같네요",
    "Source": "쇼핑몰",
    "Domain": "가전",
    "MainCategory": "영상/음향가전",
    "ProductName": "스탠바이미 LG전자 27ART10AKPL 스탠드",
    "ReviewScore": "5",
    "Syllable": "81",
    "Word": "16",
    "RDate": "20220222",
    "Aspects": [
      {
        "Aspect": "색상",
        "SentimentText": "색상은 유행타는거 아닌 무난한색이라 적당한것 같네요",
        "SentimentWord": "6",
        "SentimentPolarity": "0"
      },
      {
        "Aspect": "품질",
        "SentimentText": "제품의 품질은 아주아주 만족해요^^",
        "SentimentWord": "4",
        "SentimentPolarity": "1"
      }
    ]
  },
  {
    "Index": "14256",
    "RawText": "예상한 배송 보다 빨리와서 완전 좋음 ㅎㅎ 상품의 디자인은 깔끔하게 예쁘네요~~원하는 색상으로 받아서 가장 좋네요",
    "Source": "쇼핑몰",
    "Domain": "가전",
    "MainCategory": "영상/음향가전",
    "ProductName": "스탠바이미 LG전자 27ART10AKPL 스탠드",
    "ReviewScore": "5",
    "Syllable": "63",
    "Word": "15",
    "RDate": "20220315",
    "Aspects": [
      {
        "Aspect": "색상",
        "SentimentText": "원하는 색상으로 받아서 가장 좋네요",
        "SentimentWord": "5",
        "SentimentPolarity": "1"
      },
      {
        "Aspect": "디자인",
        "SentimentText": "상품의 디자인은 깔끔하게 예쁘네요~~",
        "SentimentWord": "4",
        "SentimentPolarity": "1"
      }
    ]
  },
  {
    "Index": "14257",
    "RawText": "배송이 3주정도면 너무 오래걸린것같아서 아쉬워요 이동이 편하니까 좋지용~~ 디자인도 심플한것이 넘 예쁘니 인테리어용이로도 잘 맞네욯ㅎ",
    "Source": "쇼핑몰",
    "Domain": "가전",
    "MainCategory": "영상/음향가전",
    "ProductName": "스탠바이미 LG전자 27ART10AKPL 스탠드",
    "ReviewScore": "5",
    "Syllable": "74",
    "Word": "15",
    "RDate": "20220205",
    "Aspects": [
      {
        "Aspect": "편의성",
        "SentimentText": "이동이 편하니까 좋지용~~",
        "SentimentWord": "3",
        "SentimentPolarity": "1"
      },
      {
        "Aspect": "디자인",
        "SentimentText": "디자인도 심플한것이 넘 예쁘니 인테리어용이로도 잘 맞네욯ㅎ ",
        "SentimentWord": "7",
        "SentimentPolarity": "1"
      }
    ]
  },
  {
    "Index": "14258",
    "RawText": "배송일도 지정이 가능하고 도착전 미리 연락도 오고 서비스가 좋았습니다. 설치도 금방금방해주시니 완전 만족하구요 디자인도 이렇게 예쁠수가 마음에 쏙~~~~들어요 사이즈 부담스럽지 않아서 적당하고 좋아요",
    "Source": "쇼핑몰",
    "Domain": "가전",
    "MainCategory": "영상/음향가전",
    "ProductName": "스탠바이미 LG전자 27ART10AKPL 스탠드",
    "ReviewScore": "5",
    "Syllable": "111",
    "Word": "23",
    "RDate": "20220602",
    "Aspects": [
      {
        "Aspect": "사이즈",
        "SentimentText": "사이즈 부담스럽지 않아서 적당하고 좋아요",
        "SentimentWord": "5",
        "SentimentPolarity": "1"
      },
      {
        "Aspect": "디자인",
        "SentimentText": "디자인도 이렇게 예쁠수가 마음에 쏙~~~~들어요",
        "SentimentWord": "5",
        "SentimentPolarity": "1"
      }
    ]
  },
  {
    "Index": "14259",
    "RawText": "배송 이틀만에 도착 완전빠름으로 좋아요 이동이 가능해서 너무 편하고 좋아용^^ 배송이랑 설치도 직접해주시니 신뢰가고 친절하시니 만족했습니다!! 최신형 제품으로 보내주셔서 감사합니다.",
    "Source": "쇼핑몰",
    "Domain": "가전",
    "MainCategory": "영상/음향가전",
    "ProductName": "스탠바이미 LG전자 27ART10AKPL 스탠드",
    "ReviewScore": "5",
    "Syllable": "101",
    "Word": "20",
    "RDate": "20220621",
    "Aspects": [
      {
        "Aspect": "편의성",
        "SentimentText": "이동이 가능해서 너무 편하고 좋아용^^",
        "SentimentWord": "5",
        "SentimentPolarity": "1"
      },
      {
        "Aspect": "제조일/제조사",
        "SentimentText": "최신형 제품으로 보내주셔서 감사합니다.",
        "SentimentWord": "4",
        "SentimentPolarity": "1"
      }
    ]
  },
  {
    "Index": "14261",
    "RawText": "배송이 바로오네요?! 깜짝놀랐지만 좋아요 기사님들도 친절하시니까 좋았어요 제품도 품질이 생각보다 너무 좋아서 마음에 쏙 듭니다!!가격도 동급대비 가장 저렴하게 구매했어요",
    "Source": "쇼핑몰",
    "Domain": "가전",
    "MainCategory": "영상/음향가전",
    "ProductName": "스탠바이미 LG전자 27ART10AKPL 스탠드",
    "ReviewScore": "5",
    "Syllable": "94",
    "Word": "19",
    "RDate": "20220217",
    "Aspects": [
      {
        "Aspect": "가격",
        "SentimentText": "가격도 동급대비 가장 저렴하게 구매했어요",
        "SentimentWord": "5",
        "SentimentPolarity": "1"
      },
      {
        "Aspect": "품질",
        "SentimentText": "제품도 품질이 생각보다 너무 좋아서 마음에 쏙 듭니다!!",
        "SentimentWord": "8",
        "SentimentPolarity": "1"
      }
    ]
  },
  {
    "Index": "14262",
    "RawText": "배송이 총알배송으로 왓어요~ 역시 화질은 선명도가 너무나 좋아서 만족하구요 영화봤는데 사운드도 깨끗해서 좋았습니다^^",
    "Source": "쇼핑몰",
    "Domain": "가전",
    "MainCategory": "영상/음향가전",
    "ProductName": "스탠바이미 LG전자 27ART10AKPL 스탠드",
    "ReviewScore": "5",
    "Syllable": "65",
    "Word": "13",
    "RDate": "20220301",
    "Aspects": [
      {
        "Aspect": "화질",
        "SentimentText": "역시 화질은 선명도가 너무나 좋아서 만족하구요",
        "SentimentWord": "6",
        "SentimentPolarity": "1"
      },
      {
        "Aspect": "음량/음질",
        "SentimentText": "영화봤는데 사운드도 깨끗해서 좋았습니다^^",
        "SentimentWord": "4",
        "SentimentPolarity": "1"
      }
    ]
  },
  {
    "Index": "14263",
    "RawText": "배송이 예상보다 좀 지체됐어요.. 이미 예상은 했지만 좀ㅠㅠ.. 상품 색상은 너무 맘에 듭니다 인테리어용으로도 손색없어요~ 무게가 확실히 덜나가서 이동도 쉽고 사용하기좋습니다 대만족이에요~ 굿!",
    "Source": "쇼핑몰",
    "Domain": "가전",
    "MainCategory": "영상/음향가전",
    "ProductName": "스탠바이미 LG전자 27ART10AKPL 스탠드",
    "ReviewScore": "5",
    "Syllable": "108",
    "Word": "23",
    "RDate": "20220814",
    "Aspects": [
      {
        "Aspect": "색상",
        "SentimentText": "상품 색상은 너무 맘에 듭니다 인테리어용으로도 손색없어요~",
        "SentimentWord": "7",
        "SentimentPolarity": "1"
      },
      {
        "Aspect": "무게",
        "SentimentText": "무게가 확실히 덜나가서 이동도 쉽고 사용하기좋습니다 대만족이에요~ 굿!",
        "SentimentWord": "8",
        "SentimentPolarity": "1"
      }
    ]
  },
  {
    "Index": "14264",
    "RawText": "배송이 좀 걸린다고 들어서 느긋하게 기다렸어요 근데 제기준 생각보다 빨리 왔습니다 굳^^ 우선 음향이 생각보다 좋아서 놀랐습니다 와우 일반 음악듣기용으로도 손색없어요 짱~화질이 쨍한게 가장 맘에 드네요",
    "Source": "쇼핑몰",
    "Domain": "가전",
    "MainCategory": "영상/음향가전",
    "ProductName": "스탠바이미 LG전자 27ART10AKPL 스탠드",
    "ReviewScore": "5",
    "Syllable": "112",
    "Word": "26",
    "RDate": "20211209",
    "Aspects": [
      {
        "Aspect": "화질",
        "SentimentText": "화질이 쨍한게 가장 맘에 드네요",
        "SentimentWord": "5",
        "SentimentPolarity": "1"
      },
      {
        "Aspect": "음량/음질",
        "SentimentText": "우선 음향이 생각보다 좋아서 놀랐습니다 와우 일반 음악듣기용으로도 손색없어요 짱~",
        "SentimentWord": "10",
        "SentimentPolarity": "1"
      }
    ]
  },
  {
    "Index": "14265",
    "RawText": "배송일보다 일찍왔어요 어제 설치 깔끔히 해주시고 가셨습니다 최고 어제 오늘 연결기능이 갑자기 됐다가 안됐다가 해서 불안하네요... 계속 그러면 출장불러서 확인해봐야겠습니다ㅠㅠ숨겨진 기능들을 하나씩 찾아보는 재미가 있어요.^^",
    "Source": "쇼핑몰",
    "Domain": "가전",
    "MainCategory": "영상/음향가전",
    "ProductName": "스탠바이미 LG전자 27ART10AKPL 스탠드",
    "ReviewScore": "5",
    "Syllable": "125",
    "Word": "25",
    "RDate": "20220126",
    "Aspects": [
      {
        "Aspect": "기능",
        "SentimentText": "숨겨진 기능들을 하나씩 찾아보는 재미가 있어요.^^",
        "SentimentWord": "6",
        "SentimentPolarity": "1"
      },
      {
        "Aspect": "기능",
        "SentimentText": "어제 오늘 연결기능이 갑자기 됐다가 안됐다가 해서 불안하네요...",
        "SentimentWord": "8",
        "SentimentPolarity": "-1"
      }
    ]
  },
  {
    "Index": "14266",
    "RawText": "배송 엄청 빨라요 최고입니다~ 구매 후 다음날 바로 설치완료 대박~ 그리고 OOO 직영 기사님들께서 직접 설치해주셔서 믿음이 가고 정말 친절했습니다~ 대만족! 믿음과 신뢰의 ○○○. 역시 최고네요 함께 주신 리모컨용 건전지까지 센스 짱이에요 ",
    "Source": "쇼핑몰",
    "Domain": "가전",
    "MainCategory": "영상/음향가전",
    "ProductName": "스탠바이미 LG전자 27ART10AKPL 스탠드",
    "ReviewScore": "5",
    "Syllable": "135",
    "Word": "32",
    "RDate": "20220401",
    "Aspects": [
      {
        "Aspect": "제조일/제조사",
        "SentimentText": "믿음과 신뢰의 ○○○. 역시 최고네요",
        "SentimentWord": "5",
        "SentimentPolarity": "1"
      },
      {
        "Aspect": "제품구성",
        "SentimentText": "함께 주신 리모컨용 건전지까지 센스 짱이에요",
        "SentimentWord": "6",
        "SentimentPolarity": "1"
      }
    ]
  },
  {
    "Index": "14267",
    "RawText": "배터리 완충되려면 오래걸리네요 아쉽습니다 무선 사용시간은 3시간정도 밖에 안돼서 불편하네요 ㅠㅠ 그치만 디자인이 예뻐서 좋아요 만족^^",
    "Source": "쇼핑몰",
    "Domain": "가전",
    "MainCategory": "영상/음향가전",
    "ProductName": "스탠바이미 LG전자 27ART10AKPL 스탠드",
    "ReviewScore": "4",
    "Syllable": "75",
    "Word": "16",
    "RDate": "20220606",
    "GeneralPolarity": "-1",
    "Aspects": [
      {
        "Aspect": "배터리",
        "SentimentText": "배터리 완충되려면 오래걸리네요 아쉽습니다",
        "SentimentWord": "4",
        "SentimentPolarity": "-1"
      },
      {
        "Aspect": "시간/속도",
        "SentimentText": "무선 사용시간은 3시간정도 밖에 안돼서 불편하네요 ㅠㅠ ",
        "SentimentWord": "7",
        "SentimentPolarity": "-1"
      },
      {
        "Aspect": "디자인",
        "SentimentText": "그치만 디자인이 예뻐서 좋아요 만족^^",
        "SentimentWord": "5",
        "SentimentPolarity": "1"
      }
    ]
  },
  {
    "Index": "14268",
    "RawText": "베송도 엄청 빠르고 기사님들이 설치도 아주 친절하게 해주셨어요~최고 역시 입소문난 제품이라 대박이에요 삶의질이 급 상승했네요  추천! 품질은 말할 필요없이 최고였구요",
    "Source": "쇼핑몰",
    "Domain": "가전",
    "MainCategory": "영상/음향가전",
    "ProductName": "스탠바이미 LG전자 27ART10AKPL 스탠드",
    "ReviewScore": "5",
    "Syllable": "92",
    "Word": "20",
    "RDate": "20220619",
    "Aspects": [
      {
        "Aspect": "품질",
        "SentimentText": "품질은 말할 필요없이 최고였구요",
        "SentimentWord": "4",
        "SentimentPolarity": "1"
      },
      {
        "Aspect": "제조일/제조사",
        "SentimentText": "역시 입소문난 제품이라 대박이에요 삶의질이 급 상승했네요  추천!",
        "SentimentWord": "8",
        "SentimentPolarity": "1"
      }
    ]
  },
  {
    "Index": "14269",
    "RawText": "다양한 채널을 그때그때 보고싶은거 볼수있으니 좋아요 다채널기능짱짱!! 다만 사운드가 뒤쪽에 위치해있어서 소리가 뒤로 퍼지는 점이 조금 아쉬워요ㅠ",
    "Source": "쇼핑몰",
    "Domain": "가전",
    "MainCategory": "영상/음향가전",
    "ProductName": "스탠바이미 LG전자 27ART10AKPL 스탠드",
    "ReviewScore": "5",
    "Syllable": "80",
    "Word": "17",
    "RDate": "20220627",
    "GeneralPolarity": "0",
    "Aspects": [
      {
        "Aspect": "기능",
        "SentimentText": "다양한 채널을 그때그때 보고싶은거 볼수있으니 좋아요 다채널기능짱짱!!",
        "SentimentWord": "7",
        "SentimentPolarity": "1"
      },
      {
        "Aspect": "음량/음질",
        "SentimentText": "다만 사운드가 뒤쪽에 위치해있어서 소리가 뒤로 퍼지는 점이 조금 아쉬워요ㅠ",
        "SentimentWord": "10",
        "SentimentPolarity": "0"
      }
    ]
  },
  {
    "Index": "14270",
    "RawText": "wifi 로 채널 연결가능해서 스마트 티비가 따로 필요 없네요 짱입니다!! 조립식 분해로 이동하기에도 수월하니 아주 간편해서 좋아요 굿굿",
    "Source": "쇼핑몰",
    "Domain": "가전",
    "MainCategory": "영상/음향가전",
    "ProductName": "스탠바이미 LG전자 27ART10AKPL 스탠드",
    "ReviewScore": "5",
    "Syllable": "76",
    "Word": "18",
    "RDate": "20220214",
    "GeneralPolarity": "1",
    "Aspects": [
      {
        "Aspect": "기능",
        "SentimentText": "wifi 로 채널 연결가능해서 스마트 티비가 따로 필요 없네요 짱입니다!!",
        "SentimentWord": "10",
        "SentimentPolarity": "1"
      },
      {
        "Aspect": "조작성",
        "SentimentText": "조립식 분해로 이동하기에도 수월하니 아주 간편해서 좋아요 굿굿",
        "SentimentWord": "8",
        "SentimentPolarity": "1"
      }
    ]
  },
  {
    "Index": "14271",
    "RawText": "비싸돈 주고 샀지만 그만큼 값어치하네요 확실히 TV보기가 편해졌어요 좋아요~ 바퀴가 멋대로 움직여서 이동할때 소음이 좀 발생하는 점 조심해야합니다 ㅠ 화질도 이만하면 괜찮네요 추천드려요~ 배터리 소모는 빠른편이라 이점유의하세요!",
    "Source": "쇼핑몰",
    "Domain": "가전",
    "MainCategory": "영상/음향가전",
    "ProductName": "스탠바이미 LG전자 27ART10AKPL 스탠드",
    "ReviewScore": "5",
    "Syllable": "127",
    "Word": "27",
    "RDate": "20220518",
    "GeneralPolarity": "1",
    "Aspects": [
      {
        "Aspect": "가격",
        "SentimentText": "비싸돈 주고 샀지만 그만큼 값어치하네요 확실히 TV보기가 편해졌어요 좋아요~",
        "SentimentWord": "9",
        "SentimentPolarity": "0"
      },
      {
        "Aspect": "편의성",
        "SentimentText": "확실히 TV보기가 편해졌어요 좋아요~",
        "SentimentWord": "4",
        "SentimentPolarity": "1"
      },
      {
        "Aspect": "소음",
        "SentimentText": "바퀴가 멋대로 움직여서 이동할때 소음이 좀 발생하는 점 조심해야합니다 ㅠ",
        "SentimentWord": "10",
        "SentimentPolarity": "-1"
      },
      {
        "Aspect": "화질",
        "SentimentText": "화질도 이만하면 괜찮네요 추천드려요~",
        "SentimentWord": "4",
        "SentimentPolarity": "1"
      },
      {
        "Aspect": "배터리",
        "SentimentText": "배터리 소모는 빠른편이라 이점유의하세요!",
        "SentimentWord": "4",
        "SentimentPolarity": "-1"
      }
    ]
  },
  {
    "Index": "14272",
    "RawText": "행사기간에 특가로 저렴하게 구입했습니다 카드 청구할인까지해서 완전이득^^ 무게가 타사제품들보다 월등히 가벼워 이동성이 참 좋네요 굿 선명한 화질과 깨끗한 음질 모두 만족해요 최고~",
    "Source": "쇼핑몰",
    "Domain": "가전",
    "MainCategory": "영상/음향가전",
    "ProductName": "스탠바이미 LG전자 27ART10AKPL 스탠드",
    "ReviewScore": "5",
    "Syllable": "100",
    "Word": "22",
    "RDate": "20220521",
    "GeneralPolarity": "1",
    "Aspects": [
      {
        "Aspect": "가격",
        "SentimentText": "행사기간에 특가로 저렴하게 구입했습니다 카드 청구할인까지해서 완전이득^^",
        "SentimentWord": "7",
        "SentimentPolarity": "1"
      },
      {
        "Aspect": "무게",
        "SentimentText": "무게가 타사제품들보다 월등히 가벼워 이동성이 참 좋네요 굿",
        "SentimentWord": "8",
        "SentimentPolarity": "1"
      },
      {
        "Aspect": "화질",
        "SentimentText": "선명한 화질과 깨끗한 음질 모두 만족해요 최고~",
        "SentimentWord": "7",
        "SentimentPolarity": "1"
      },
      {
        "Aspect": "음량/음질",
        "SentimentText": "깨끗한 음질 모두 만족해요 최고~",
        "SentimentWord": "5",
        "SentimentPolarity": "1"
      }
    ]
  },
  {
    "Index": "14273",
    "RawText": "와우 제품 완전 빠르게 배송왔어요 감사합니다~ tv 채널으로 볼때는 화질이 선명하니 너무 좋은데 컴퓨터 세컨드 모니터로써는 화질이 너무 안좋네요ㅠㅠ 화질기능이 다른점이 아쉽습니다 취향저격의 디자인이라 만족도 최상이에요",
    "Source": "쇼핑몰",
    "Domain": "가전",
    "MainCategory": "영상/음향가전",
    "ProductName": "스탠바이미 LG전자 27ART10AKPL 스탠드",
    "ReviewScore": "5",
    "Syllable": "121",
    "Word": "26",
    "RDate": "20211216",
    "Aspects": [
      {
        "Aspect": "디자인",
        "SentimentText": "취향저격의 디자인이라 만족도 최상이에요",
        "SentimentWord": "4",
        "SentimentPolarity": "1"
      },
      {
        "Aspect": "화질",
        "SentimentText": "tv 채널으로 볼때는 화질이 선명하니 너무 좋은데 컴퓨터 세컨드 모니터로써는 화질이 너무 안좋네요ㅠㅠ 화질기능이 다른점이 아쉽습니다",
        "SentimentWord": "16",
        "SentimentPolarity": "-1"
      }
    ]
  },
  {
    "Index": "14274",
    "RawText": "빠른 배송이랑 친절한 설치까지 너무 감사합니다 무엇보다 다양한 채널을 시청할 수 있다는 점이 아주 마음에 들어요 최고입니다! 설치법이 쉬워서 동생과 함께 간단히 설치했네요",
    "Source": "쇼핑몰",
    "Domain": "가전",
    "MainCategory": "영상/음향가전",
    "ProductName": "스탠바이미 LG전자 27ART10AKPL 스탠드",
    "ReviewScore": "5",
    "Syllable": "95",
    "Word": "23",
    "RDate": "20220324",
    "Aspects": [
      {
        "Aspect": "조작성",
        "SentimentText": "설치법이 쉬워서 동생과 함께 간단히 설치했네요",
        "SentimentWord": "6",
        "SentimentPolarity": "1"
      },
      {
        "Aspect": "기능",
        "SentimentText": "무엇보다 다양한 채널을 시청할 수 있다는 점이 아주 마음에 들어요 최고입니다!",
        "SentimentWord": "11",
        "SentimentPolarity": "1"
      }
    ]
  },
  {
    "Index": "14275",
    "RawText": "빠른 배송과 더불어 친절한 설명까지~ 매우 만족합니다!! 무게도 어느정도 나가서 튼튼히 고정되있고 아주 좋아요 여기저기 끌고 다녀도 바퀴가 잘 굴러서 이동도 용이해요~굿 뭐니뭐니해도 디자인이 깔끔하니 아주 좋아서 만족해요~",
    "Source": "쇼핑몰",
    "Domain": "가전",
    "MainCategory": "영상/음향가전",
    "ProductName": "스탠바이미 LG전자 27ART10AKPL 스탠드",
    "ReviewScore": "5",
    "Syllable": "124",
    "Word": "28",
    "RDate": "20220825",
    "Aspects": [
      {
        "Aspect": "무게",
        "SentimentText": "무게도 어느정도 나가서 튼튼히 고정되있고 아주 좋아요",
        "SentimentWord": "7",
        "SentimentPolarity": "1"
      },
      {
        "Aspect": "편의성",
        "SentimentText": "여기저기 끌고 다녀도 바퀴가 잘 굴러서 이동도 용이해요~굿",
        "SentimentWord": "8",
        "SentimentPolarity": "1"
      },
      {
        "Aspect": "디자인",
        "SentimentText": "뭐니뭐니해도 디자인이 깔끔하니 아주 좋아서 만족해요~",
        "SentimentWord": "6",
        "SentimentPolarity": "1"
      }
    ]
  },
  {
    "Index": "14277",
    "RawText": "허걱!! 생각보다 무게가 무거워서 이동하는 어려움이 있어요ㅜ 사이즈가 크니까 화면도 잘보이고 좋습니다 ㅎㅎ",
    "Source": "쇼핑몰",
    "Domain": "가전",
    "MainCategory": "영상/음향가전",
    "ProductName": "스탠바이미 LG전자 27ART10AKPL 스탠드",
    "ReviewScore": "5",
    "Syllable": "59",
    "Word": "13",
    "RDate": "20220323",
    "GeneralPolarity": "0",
    "Aspects": [
      {
        "Aspect": "무게",
        "SentimentText": "허걱!! 생각보다 무게가 무거워서 이동하는 어려움이 있어요ㅜ ",
        "SentimentWord": "7",
        "SentimentPolarity": "-1"
      },
      {
        "Aspect": "사이즈",
        "SentimentText": "사이즈가 크니까 화면도 잘보이고 좋습니다 ㅎㅎ",
        "SentimentWord": "6",
        "SentimentPolarity": "1"
      }
    ]
  },
  {
    "Index": "14278",
    "RawText": "사이즈가 원룸에 딱!!! 맞아서 완전 적합하니 좋아요^^ 화면 작동도 반응이 빠르니까 완전 신세계! 만족합니다",
    "Source": "쇼핑몰",
    "Domain": "가전",
    "MainCategory": "영상/음향가전",
    "ProductName": "스탠바이미 LG전자 27ART10AKPL 스탠드",
    "ReviewScore": "5",
    "Syllable": "61",
    "Word": "14",
    "RDate": "20220624",
    "GeneralPolarity": "1",
    "Aspects": [
      {
        "Aspect": "사이즈",
        "SentimentText": "사이즈가 원룸에 딱!!! 맞아서 완전 적합하니 좋아요^^",
        "SentimentWord": "7",
        "SentimentPolarity": "1"
      },
      {
        "Aspect": "시간/속도",
        "SentimentText": "화면 작동도 반응이 빠르니까 완전 신세계! 만족합니다",
        "SentimentWord": "7",
        "SentimentPolarity": "1"
      }
    ]
  },
  {
    "Index": "14279",
    "RawText": "사길 잘했어요 역시 !! 기능들이 유용해서 너무 마음에 들어요 그런데 무게는 무거워서 이동이 어려워서 아쉽네요;;",
    "Source": "쇼핑몰",
    "Domain": "가전",
    "MainCategory": "영상/음향가전",
    "ProductName": "스탠바이미 LG전자 27ART10AKPL 스탠드",
    "ReviewScore": "5",
    "Syllable": "63",
    "Word": "15",
    "RDate": "20220317",
    "GeneralPolarity": "0",
    "Aspects": [
      {
        "Aspect": "기능",
        "SentimentText": "사길 잘했어요 역시 !! 기능들이 유용해서 너무 마음에 들어요",
        "SentimentWord": "9",
        "SentimentPolarity": "1"
      },
      {
        "Aspect": "무게",
        "SentimentText": "그런데 무게는 무거워서 이동이 어려워서 아쉽네요;;",
        "SentimentWord": "6",
        "SentimentPolarity": "-1"
      }
    ]
  },
  {
    "Index": "14281",
    "RawText": "품질이 상당히 생각보다 더더 좋아용^^ 화질도 선명도가 깨끗해서 만족하구요 터치감도 부드럽고 깔끔하네요 역시 인기제품!! 만족해요",
    "Source": "쇼핑몰",
    "Domain": "가전",
    "MainCategory": "영상/음향가전",
    "ProductName": "스탠바이미 LG전자 27ART10AKPL 스탠드",
    "ReviewScore": "5",
    "Syllable": "72",
    "Word": "15",
    "RDate": "20220527",
    "GeneralPolarity": "1",
    "Aspects": [
      {
        "Aspect": "품질",
        "SentimentText": "품질이 상당히 생각보다 더더 좋아용^^",
        "SentimentWord": "5",
        "SentimentPolarity": "1"
      },
      {
        "Aspect": "화질",
        "SentimentText": "화질도 선명도가 깨끗해서 만족하구요",
        "SentimentWord": "4",
        "SentimentPolarity": "1"
      },
      {
        "Aspect": "조작성",
        "SentimentText": "터치감도 부드럽고 깔끔하네요 역시 인기제품!! 만족해요",
        "SentimentWord": "6",
        "SentimentPolarity": "1"
      }
    ]
  },
  {
    "Index": "14283",
    "RawText": "배송이 이렇게 빠르다니 신속함에 만족해요 기사님들도 스피드하게 설치해주셔서 좋았어요 이동이 편한 장점이 제일 좋아요^^ 사이즈가 적당해서 부담없고 좋네요",
    "Source": "쇼핑몰",
    "Domain": "가전",
    "MainCategory": "영상/음향가전",
    "ProductName": "스탠바이미 LG전자 27ART10AKPL 스탠드",
    "ReviewScore": "5",
    "Syllable": "85",
    "Word": "18",
    "RDate": "20211210",
    "Aspects": [
      {
        "Aspect": "사이즈",
        "SentimentText": "사이즈가 적당해서 부담없고 좋네요",
        "SentimentWord": "4",
        "SentimentPolarity": "1"
      },
      {
        "Aspect": "편의성",
        "SentimentText": "이동이 편한 장점이 제일 좋아요^^",
        "SentimentWord": "5",
        "SentimentPolarity": "1"
      }
    ]
  },
  {
    "Index": "14284",
    "RawText": "정말 총알배송이 마음에 들어요 설치도 잘해주셔서 만족해요^^ 화면도 생각보다 작지않아서 좋습니다!! 음향이 하울링도 없고 선명해서 좋아요",
    "Source": "쇼핑몰",
    "Domain": "가전",
    "MainCategory": "영상/음향가전",
    "ProductName": "스탠바이미 LG전자 27ART10AKPL 스탠드",
    "ReviewScore": "5",
    "Syllable": "76",
    "Word": "16",
    "RDate": "20220817",
    "Aspects": [
      {
        "Aspect": "음량/음질",
        "SentimentText": "음향이 하울링도 없고 선명해서 좋아요",
        "SentimentWord": "5",
        "SentimentPolarity": "1"
      },
      {
        "Aspect": "사이즈",
        "SentimentText": "화면도 생각보다 작지않아서 좋습니다!! ",
        "SentimentWord": "4",
        "SentimentPolarity": "1"
      }
    ]
  },
  {
    "Index": "14285",
    "RawText": "배송일 이렇게 빠른가요 완전 좋아요 음량도 맑고 잘산것같아서기분좋아요^^무게가 적당해서 이동도 편하고 좋아요",
    "Source": "쇼핑몰",
    "Domain": "가전",
    "MainCategory": "영상/음향가전",
    "ProductName": "스탠바이미 LG전자 27ART10AKPL 스탠드",
    "ReviewScore": "5",
    "Syllable": "60",
    "Word": "12",
    "RDate": "20220309",
    "Aspects": [
      {
        "Aspect": "무게",
        "SentimentText": "무게가 적당해서 이동도 편하고 좋아요",
        "SentimentWord": "5",
        "SentimentPolarity": "1"
      },
      {
        "Aspect": "음량/음질",
        "SentimentText": "음량도 맑고 잘산것같아서기분좋아요^^",
        "SentimentWord": "3",
        "SentimentPolarity": "1"
      }
    ]
  },
  {
    "Index": "14286",
    "RawText": "배송 빠름 총알배송인점이 마음에 들어요 바퀴도 달려있으니 이동이 편하고 활용도가 높으니 이정도면 손색이 없습니다^^가격은 말할 나위없이 저렴해서 만족",
    "Source": "쇼핑몰",
    "Domain": "가전",
    "MainCategory": "영상/음향가전",
    "ProductName": "스탠바이미 LG전자 27ART10AKPL 스탠드",
    "ReviewScore": "5",
    "Syllable": "83",
    "Word": "18",
    "RDate": "20220203",
    "Aspects": [
      {
        "Aspect": "가격",
        "SentimentText": "가격은 말할 나위없이 저렴해서 만족",
        "SentimentWord": "5",
        "SentimentPolarity": "1"
      },
      {
        "Aspect": "편의성",
        "SentimentText": "바퀴도 달려있으니 이동이 편하고 활용도가 높으니 이정도면 손색이 없습니다^^",
        "SentimentWord": "9",
        "SentimentPolarity": "1"
      }
    ]
  },
  {
    "Index": "14287",
    "RawText": "생각보다 칼배송으로 만족^^ 설치와 설명도 꼼꼼하게 친절하시니 좋았습니다. 디자인은 그냥 짱!! 심플해서 예뻐요 기능이 다양해서 만족합니다.",
    "Source": "쇼핑몰",
    "Domain": "가전",
    "MainCategory": "영상/음향가전",
    "ProductName": "스탠바이미 LG전자 27ART10AKPL 스탠드",
    "ReviewScore": "5",
    "Syllable": "78",
    "Word": "16",
    "RDate": "20220205",
    "Aspects": [
      {
        "Aspect": "기능",
        "SentimentText": "기능이 다양해서 만족합니다.",
        "SentimentWord": "3",
        "SentimentPolarity": "1"
      },
      {
        "Aspect": "디자인",
        "SentimentText": "디자인은 그냥 짱!! 심플해서 예뻐요",
        "SentimentWord": "5",
        "SentimentPolarity": "1"
      }
    ]
  },
  {
    "Index": "14288",
    "RawText": "생각보다 품질이 넘넘 좋아요^^ 화면반응의 움직임도 스피드하니 만족스럽고 터치감도 빠르니까 좋지요 거기다 리모컨까지 있는 구성이라니 강추합니다 배송은 칼배송에 기다림 없으니 구매자는 좋을 수 밖에요 그리고 기사님의 세심함 또한 빠지지않으니 적극추천해요!!",
    "Source": "쇼핑몰",
    "Domain": "가전",
    "MainCategory": "영상/음향가전",
    "ProductName": "스탠바이미 LG전자 27ART10AKPL 스탠드",
    "ReviewScore": "5",
    "Syllable": "142",
    "Word": "30",
    "RDate": "20220510",
    "Aspects": [
      {
        "Aspect": "품질",
        "SentimentText": "생각보다 품질이 넘넘 좋아요^^",
        "SentimentWord": "4",
        "SentimentPolarity": "1"
      },
      {
        "Aspect": "시간/속도",
        "SentimentText": "화면반응의 움직임도 스피드하니 만족스럽고",
        "SentimentWord": "4",
        "SentimentPolarity": "1"
      },
      {
        "Aspect": "조작성",
        "SentimentText": "터치감도 빠르니까 좋지요",
        "SentimentWord": "3",
        "SentimentPolarity": "1"
      },
      {
        "Aspect": "제품구성",
        "SentimentText": "거기다 리모컨까지 있는 구성이라니 강추합니다",
        "SentimentWord": "5",
        "SentimentPolarity": "1"
      }
    ]
  },
  {
    "Index": "14289",
    "RawText": "배송 빨라요 기다림이 없어서 좋아요 화질은 해상도가 떨어져서 아쉬워요 그런데 이동이 편하니까 활용성은 높으니 굿~~ 디자인은 제일 심플하니 예뻐요!!!",
    "Source": "쇼핑몰",
    "Domain": "가전",
    "MainCategory": "영상/음향가전",
    "ProductName": "스탠바이미 LG전자 27ART10AKPL 스탠드",
    "ReviewScore": "5",
    "Syllable": "84",
    "Word": "19",
    "RDate": "20220211",
    "Aspects": [
      {
        "Aspect": "화질",
        "SentimentText": "화질은 해상도가 떨어져서 아쉬워요",
        "SentimentWord": "4",
        "SentimentPolarity": "-1"
      },
      {
        "Aspect": "편의성",
        "SentimentText": "그런데 이동이 편하니까 활용성은 높으니 굿~~",
        "SentimentWord": "6",
        "SentimentPolarity": "1"
      },
      {
        "Aspect": "디자인",
        "SentimentText": "디자인은 제일 심플하니 예뻐요!!!",
        "SentimentWord": "4",
        "SentimentPolarity": "1"
      }
    ]
  },
  {
    "Index": "14290",
    "RawText": "역시 배송이 만족도에 한몫해요 빠르니까 좋아요 누워서 볼 수있게 각도도 조절되니 너무너무 좋습니닷^^화질이 별루라고해서 걱정했는데 정말 선명하고 좋아요",
    "Source": "쇼핑몰",
    "Domain": "가전",
    "MainCategory": "영상/음향가전",
    "ProductName": "스탠바이미 LG전자 27ART10AKPL 스탠드",
    "ReviewScore": "5",
    "Syllable": "84",
    "Word": "18",
    "RDate": "20220315",
    "Aspects": [
      {
        "Aspect": "화질",
        "SentimentText": "화질이 별루라고해서 걱정했는데 정말 선명하고 좋아요",
        "SentimentWord": "6",
        "SentimentPolarity": "1"
      },
      {
        "Aspect": "기능",
        "SentimentText": "누워서 볼 수있게 각도도 조절되니 너무너무 좋습니닷^^",
        "SentimentWord": "7",
        "SentimentPolarity": "1"
      }
    ]
  },
  {
    "Index": "14291",
    "RawText": "기사님 정말 친절해서 좋았어요 배송도 빨라서 엄청 만족스럽구요 다양한 인터넷 방송도 볼 수있어 너무 좋아요^^선명한 화질로 요즘 최신영화보는 재미로 살고있어요.",
    "Source": "쇼핑몰",
    "Domain": "가전",
    "MainCategory": "영상/음향가전",
    "ProductName": "스탠바이미 LG전자 27ART10AKPL 스탠드",
    "ReviewScore": "5",
    "Syllable": "89",
    "Word": "20",
    "RDate": "20220208",
    "Aspects": [
      {
        "Aspect": "화질",
        "SentimentText": "선명한 화질로 요즘 최신영화보는 재미로 살고있어요.",
        "SentimentWord": "6",
        "SentimentPolarity": "1"
      },
      {
        "Aspect": "기능",
        "SentimentText": "다양한 인터넷 방송도 볼 수있어 너무 좋아요^^",
        "SentimentWord": "7",
        "SentimentPolarity": "1"
      }
    ]
  },
  {
    "Index": "14292",
    "RawText": "얄팍한 디자인이 고급져보이고 이쁘네요^^ 그런데 화면의 속도감은 반응이 느린게 아쉬워요;;",
    "Source": "쇼핑몰",
    "Domain": "가전",
    "MainCategory": "영상/음향가전",
    "ProductName": "스탠바이미 LG전자 27ART10AKPL 스탠드",
    "ReviewScore": "5",
    "Syllable": "50",
    "Word": "10",
    "RDate": "20220706",
    "Aspects": [
      {
        "Aspect": "디자인",
        "SentimentText": "얄팍한 디자인이 고급져보이고 이쁘네요^^ ",
        "SentimentWord": "4",
        "SentimentPolarity": "1"
      },
      {
        "Aspect": "시간/속도",
        "SentimentText": "그런데 화면의 속도감은 반응이 느린게 아쉬워요;;",
        "SentimentWord": "6",
        "SentimentPolarity": "-1"
      }
    ]
  },
  {
    "Index": "14293",
    "RawText": "설치기사님의 인터넷 티비 계약 판매의도에 환불할뻔했네요 그부분이 불만족 스럽네요 화질은 해상도가 떨어지는 아쉬움이 있어요 그리고 웹브라우저 조작이 불편한 느낌이 들어요 그렇지만 마우스 없이 화면터치를 할 수있는 점은 좋은점이라 생각해요^^",
    "Source": "쇼핑몰",
    "Domain": "가전",
    "MainCategory": "영상/음향가전",
    "ProductName": "스탠바이미 LG전자 27ART10AKPL 스탠드",
    "ReviewScore": "5",
    "Syllable": "133",
    "Word": "29",
    "RDate": "20220329",
    "Aspects": [
      {
        "Aspect": "화질",
        "SentimentText": "화질은 해상도가 떨어지는 아쉬움이 있어요",
        "SentimentWord": "5",
        "SentimentPolarity": "-1"
      },
      {
        "Aspect": "조작성",
        "SentimentText": "그리고 웹브라우저 조작이 불편한 느낌이 들어요",
        "SentimentWord": "6",
        "SentimentPolarity": "-1"
      },
      {
        "Aspect": "조작성",
        "SentimentText": "그렇지만 마우스 없이 화면터치를 할 수있는 점은 좋은점이라 생각해요^^",
        "SentimentWord": "9",
        "SentimentPolarity": "1"
      }
    ]
  },
  {
    "Index": "14294",
    "RawText": "화질도 너무 선명하고 깨끗해요~  다만 생각보다 무게가 있어서 이동이 불편한점이 아쉬워요ㅜ",
    "Source": "쇼핑몰",
    "Domain": "가전",
    "MainCategory": "영상/음향가전",
    "ProductName": "스탠바이미 LG전자 27ART10AKPL 스탠드",
    "ReviewScore": "5",
    "Syllable": "50",
    "Word": "11",
    "RDate": "20220705",
    "Aspects": [
      {
        "Aspect": "화질",
        "SentimentText": "화질도 너무 선명하고 깨끗해요~ ",
        "SentimentWord": "4",
        "SentimentPolarity": "1"
      },
      {
        "Aspect": "편의성",
        "SentimentText": "다만 생각보다 무게가 있어서 이동이 불편한점이 아쉬워요ㅜ",
        "SentimentWord": "7",
        "SentimentPolarity": "-1"
      }
    ]
  },
  {
    "Index": "14295",
    "RawText": "기사님들~친절하세요^^ 좋아요 그리고 이동이 가능하니까 방에서도 누워서 보기 정말 편하네요!! 근데 생각보다 무겁네요 이동하긴 어려웠어요 아쉬워라~~",
    "Source": "쇼핑몰",
    "Domain": "가전",
    "MainCategory": "영상/음향가전",
    "ProductName": "스탠바이미 LG전자 27ART10AKPL 스탠드",
    "ReviewScore": "3",
    "Syllable": "83",
    "Word": "16",
    "RDate": "20220809",
    "Aspects": [
      {
        "Aspect": "편의성",
        "SentimentText": "그리고 이동이 가능하니까 방에서도 누워서 보기 정말 편하네요!!",
        "SentimentWord": "8",
        "SentimentPolarity": "1"
      },
      {
        "Aspect": "무게",
        "SentimentText": "근데 생각보다 무겁네요 이동하긴 어려웠어요 아쉬워라~~",
        "SentimentWord": "6",
        "SentimentPolarity": "-1"
      }
    ]
  },
  {
    "Index": "14296",
    "RawText": "제일 저렴하게 구입해서 너무 좋았어요 그리고 조립도 쉬우니까 저의 최고의 아이템 입니다^^",
    "Source": "쇼핑몰",
    "Domain": "가전",
    "MainCategory": "영상/음향가전",
    "ProductName": "스탠바이미 LG전자 27ART10AKPL 스탠드",
    "ReviewScore": "5",
    "Syllable": "50",
    "Word": "12",
    "RDate": "20220612",
    "GeneralPolarity": "1",
    "Aspects": [
      {
        "Aspect": "가격",
        "SentimentText": "제일 저렴하게 구입해서 너무 좋았어요",
        "SentimentWord": "5",
        "SentimentPolarity": "1"
      },
      {
        "Aspect": "조작성",
        "SentimentText": "그리고 조립도 쉬우니까 저의 최고의 아이템 입니다^^",
        "SentimentWord": "7",
        "SentimentPolarity": "1"
      }
    ]
  },
  {
    "Index": "14297",
    "RawText": "역시 구매하길 잘했어요 각도 조절이 가능해서 너무 좋아요!! 그리고 편하게 이동이 가능하고 움직이니 만족해요^^",
    "Source": "쇼핑몰",
    "Domain": "가전",
    "MainCategory": "영상/음향가전",
    "ProductName": "스탠바이미 LG전자 27ART10AKPL 스탠드",
    "ReviewScore": "4",
    "Syllable": "62",
    "Word": "14",
    "RDate": "20220521",
    "GeneralPolarity": "1",
    "Aspects": [
      {
        "Aspect": "조작성",
        "SentimentText": "역시 구매하길 잘했어요 각도 조절이 가능해서 너무 좋아요!!",
        "SentimentWord": "8",
        "SentimentPolarity": "1"
      },
      {
        "Aspect": "편의성",
        "SentimentText": "그리고 편하게 이동이 가능하고 움직이니 만족해요^^",
        "SentimentWord": "6",
        "SentimentPolarity": "1"
      }
    ]
  },
  {
    "Index": "14298",
    "RawText": "카드할인으로 최저가로 구매해서 좋습니다 이동이 용이해서 편리해요~굿^^",
    "Source": "쇼핑몰",
    "Domain": "가전",
    "MainCategory": "영상/음향가전",
    "ProductName": "스탠바이미 LG전자 27ART10AKPL 스탠드",
    "ReviewScore": "5",
    "Syllable": "39",
    "Word": "7",
    "RDate": "20220318",
    "Aspects": [
      {
        "Aspect": "가격",
        "SentimentText": "카드할인으로 최저가로 구매해서 좋습니다",
        "SentimentWord": "4",
        "SentimentPolarity": "1"
      },
      {
        "Aspect": "편의성",
        "SentimentText": "이동이 용이해서 편리해요~굿^^",
        "SentimentWord": "3",
        "SentimentPolarity": "1"
      }
    ]
  },
  {
    "Index": "14299",
    "RawText": "티비처럼 셋탑 연결하지 않고 와이파이 연결해서 컴터처럼 사용되니 굿!!  모니터 재질도 지문이 많이 묻어나는 재질은 아니에요.",
    "Source": "쇼핑몰",
    "Domain": "가전",
    "MainCategory": "영상/음향가전",
    "ProductName": "스탠바이미 LG전자 27ART10AKPL 스탠드",
    "ReviewScore": "5",
    "Syllable": "70",
    "Word": "16",
    "RDate": "20220317",
    "Aspects": [
      {
        "Aspect": "조작성",
        "SentimentText": "티비처럼 셋탑 연결하지 않고 와이파이 연결해서 컴터처럼 사용되니 굿!!",
        "SentimentWord": "9",
        "SentimentPolarity": "1"
      },
      {
        "Aspect": "소재",
        "SentimentText": " 모니터 재질도 지문이 많이 묻어나는 재질은 아니에요.",
        "SentimentWord": "7",
        "SentimentPolarity": "1"
      }
    ]
  },
  {
    "Index": "14300",
    "RawText": "생각보다 화면이 작은듯하네요.... 가격은 저렴하게 득템해서 좋아요",
    "Source": "쇼핑몰",
    "Domain": "가전",
    "MainCategory": "영상/음향가전",
    "ProductName": "스탠바이미 LG전자 27ART10AKPL 스탠드",
    "ReviewScore": "3",
    "Syllable": "37",
    "Word": "7",
    "RDate": "20220219",
    "Aspects": [
      {
        "Aspect": "사이즈",
        "SentimentText": "생각보다 화면이 작은듯하네요.... ",
        "SentimentWord": "3",
        "SentimentPolarity": "0"
      },
      {
        "Aspect": "가격",
        "SentimentText": "가격은 저렴하게 득템해서 좋아요",
        "SentimentWord": "4",
        "SentimentPolarity": "1"
      }
    ]
  },
  {
    "Index": "14301",
    "RawText": "할인떠서 구매했어요 저렴하게 구매하니 운이 좋았던것같아요^^ 배송도 3일만에 빠르게 받아서 좋구요 좋아하는 인터넷 방송도 볼 수 있으니 만족스러워요 그런데 일반 채널은 안나오는 아쉬움이 있네요;;",
    "Source": "쇼핑몰",
    "Domain": "가전",
    "MainCategory": "영상/음향가전",
    "ProductName": "스탠바이미 LG전자 27ART10AKPL 스탠드",
    "ReviewScore": "5",
    "Syllable": "109",
    "Word": "24",
    "RDate": "20211209",
    "Aspects": [
      {
        "Aspect": "가격",
        "SentimentText": "할인떠서 구매했어요 저렴하게 구매하니 운이 좋았던것같아요^^",
        "SentimentWord": "6",
        "SentimentPolarity": "1"
      },
      {
        "Aspect": "기능",
        "SentimentText": "좋아하는 인터넷 방송도 볼 수 있으니 만족스러워요",
        "SentimentWord": "7",
        "SentimentPolarity": "1"
      },
      {
        "Aspect": "기능",
        "SentimentText": "그런데 일반 채널은 안나오는 아쉬움이 있네요;;",
        "SentimentWord": "6",
        "SentimentPolarity": "-1"
      }
    ]
  },
  {
    "Index": "14302",
    "RawText": "티비의 품질이 이정도라니 너무 좋아요^^ 침대에서도 편하게 볼 수 있어서 너무 만족해요^^",
    "Source": "쇼핑몰",
    "Domain": "가전",
    "MainCategory": "영상/음향가전",
    "ProductName": "스탠바이미 LG전자 27ART10AKPL 스탠드",
    "ReviewScore": "5",
    "Syllable": "50",
    "Word": "12",
    "RDate": "20220427",
    "GeneralPolarity": "1",
    "Aspects": [
      {
        "Aspect": "품질",
        "SentimentText": "티비의 품질이 이정도라니 너무 좋아요^^",
        "SentimentWord": "5",
        "SentimentPolarity": "1"
      },
      {
        "Aspect": "편의성",
        "SentimentText": "침대에서도 편하게 볼 수 있어서 너무 만족해요^^",
        "SentimentWord": "7",
        "SentimentPolarity": "1"
      }
    ]
  },
  {
    "Index": "14303",
    "RawText": "터치시 속도 빠르게 반응해서 아주 좋아요  무게는 무거워서 어린아들이 옮기기는 어려움이 있어서 아쉽네요",
    "Source": "쇼핑몰",
    "Domain": "가전",
    "MainCategory": "영상/음향가전",
    "ProductName": "스탠바이미 LG전자 27ART10AKPL 스탠드",
    "ReviewScore": "5",
    "Syllable": "57",
    "Word": "13",
    "RDate": "20220418",
    "Aspects": [
      {
        "Aspect": "시간/속도",
        "SentimentText": "터치시 속도 빠르게 반응해서 아주 좋아요  ",
        "SentimentWord": "6",
        "SentimentPolarity": "1"
      },
      {
        "Aspect": "무게",
        "SentimentText": "무게는 무거워서 어린아들이 옮기기는 어려움이 있어서 아쉽네요",
        "SentimentWord": "7",
        "SentimentPolarity": "-1"
      }
    ]
  },
  {
    "Index": "14304",
    "RawText": "기능들이 많으니 너무너무 유용해서 좋아요 큰화면으로 보니 앞이 시원시원하니 대만족^^ 그런데 생각보다 무거워서 놀랬어요 조금만 더 가벼웠으면하는 아쉬움이 ㅜㅜ",
    "Source": "쇼핑몰",
    "Domain": "가전",
    "MainCategory": "영상/음향가전",
    "ProductName": "스탠바이미 LG전자 27ART10AKPL 스탠드",
    "ReviewScore": "4",
    "Syllable": "88",
    "Word": "19",
    "RDate": "20220418",
    "GeneralPolarity": "1",
    "Aspects": [
      {
        "Aspect": "기능",
        "SentimentText": "기능들이 많으니 너무너무 유용해서 좋아요",
        "SentimentWord": "5",
        "SentimentPolarity": "1"
      },
      {
        "Aspect": "사이즈",
        "SentimentText": "큰화면으로 보니 앞이 시원시원하니 대만족^^",
        "SentimentWord": "5",
        "SentimentPolarity": "1"
      },
      {
        "Aspect": "무게",
        "SentimentText": "그런데 생각보다 무거워서 놀랬어요 조금만 더 가벼웠으면하는 아쉬움이 ㅜㅜ",
        "SentimentWord": "9",
        "SentimentPolarity": "-1"
      }
    ]
  },
  {
    "Index": "14305",
    "RawText": "리모컨으로 쉽게 조작할수있는게 진짜 제일 큰 장점^^ 굿~ 그런데 무거워서 들어야할땐 두명이 들어야할것같아요 가벼웠으면 하는 바램이예요;",
    "Source": "쇼핑몰",
    "Domain": "가전",
    "MainCategory": "영상/음향가전",
    "ProductName": "스탠바이미 LG전자 27ART10AKPL 스탠드",
    "ReviewScore": "5",
    "Syllable": "76",
    "Word": "16",
    "RDate": "20220622",
    "Aspects": [
      {
        "Aspect": "조작성",
        "SentimentText": "리모컨으로 쉽게 조작할수있는게 진짜 제일 큰 장점^^ 굿~",
        "SentimentWord": "8",
        "SentimentPolarity": "1"
      },
      {
        "Aspect": "무게",
        "SentimentText": "그런데 무거워서 들어야할땐 두명이 들어야할것같아요 가벼웠으면 하는 바램이예요;",
        "SentimentWord": "8",
        "SentimentPolarity": "-1"
      }
    ]
  },
  {
    "Index": "14306",
    "RawText": "이동이 편리한게 한몫하네요 구매에 후회없어요^^ 그런데 화면이 넘어갈때 좀 느린 기분이 들어 아쉬워요",
    "Source": "쇼핑몰",
    "Domain": "가전",
    "MainCategory": "영상/음향가전",
    "ProductName": "스탠바이미 LG전자 27ART10AKPL 스탠드",
    "ReviewScore": "5",
    "Syllable": "56",
    "Word": "13",
    "RDate": "20220509",
    "GeneralPolarity": "0",
    "Aspects": [
      {
        "Aspect": "편의성",
        "SentimentText": "이동이 편리한게 한몫하네요 구매에 후회없어요^^",
        "SentimentWord": "5",
        "SentimentPolarity": "1"
      },
      {
        "Aspect": "시간/속도",
        "SentimentText": "그런데 화면이 넘어갈때 좀 느린 기분이 들어 아쉬워요",
        "SentimentWord": "8",
        "SentimentPolarity": "-1"
      }
    ]
  },
  {
    "Index": "14307",
    "RawText": "티비채널이 많이 없는게 제일 아쉬워요 그외 품질은 생각보다 좋아서 만족해요^^",
    "Source": "쇼핑몰",
    "Domain": "가전",
    "MainCategory": "영상/음향가전",
    "ProductName": "스탠바이미 LG전자 27ART10AKPL 스탠드",
    "ReviewScore": "5",
    "Syllable": "43",
    "Word": "10",
    "RDate": "20220331",
    "GeneralPolarity": "0",
    "Aspects": [
      {
        "Aspect": "기능",
        "SentimentText": "티비채널이 많이 없는게 제일 아쉬워요",
        "SentimentWord": "5",
        "SentimentPolarity": "-1"
      },
      {
        "Aspect": "품질",
        "SentimentText": "그외 품질은 생각보다 좋아서 만족해요^^",
        "SentimentWord": "5",
        "SentimentPolarity": "1"
      }
    ]
  },
  {
    "Index": "14308",
    "RawText": "각도 조절이랑 높낮이 조절도 폭 넓게 조절할 수 있어서 요리조리 잘 움직이며 사용중인데 정말 좋아요  디자인에 또 반했어요 너무 예뻐요^^",
    "Source": "쇼핑몰",
    "Domain": "가전",
    "MainCategory": "영상/음향가전",
    "ProductName": "스탠바이미 LG전자 27ART10AKPL 스탠드",
    "ReviewScore": "5",
    "Syllable": "77",
    "Word": "20",
    "RDate": "20211224",
    "Aspects": [
      {
        "Aspect": "조작성",
        "SentimentText": "각도 조절이랑 높낮이 조절도 폭 넓게 조절할 수 있어서 요리조리 잘 움직이며 사용중인데 정말 좋아요 ",
        "SentimentWord": "15",
        "SentimentPolarity": "1"
      },
      {
        "Aspect": "디자인",
        "SentimentText": "디자인에 또 반했어요 너무 예뻐요^^",
        "SentimentWord": "5",
        "SentimentPolarity": "1"
      }
    ]
  },
  {
    "Index": "14309",
    "RawText": "배송일보다 일찍받아서 너무 좋았어요^^ 그리고 스타일이 너무 예뻐서 만족해요 이동도 쉬우니까 여기저기 데리고 보면서 편하게 잘보고 있답니다 굿굿~~",
    "Source": "쇼핑몰",
    "Domain": "가전",
    "MainCategory": "영상/음향가전",
    "ProductName": "스탠바이미 LG전자 27ART10AKPL 스탠드",
    "ReviewScore": "5",
    "Syllable": "82",
    "Word": "18",
    "RDate": "20220328",
    "Aspects": [
      {
        "Aspect": "디자인",
        "SentimentText": "그리고 스타일이 너무 예뻐서 만족해요",
        "SentimentWord": "5",
        "SentimentPolarity": "1"
      },
      {
        "Aspect": "편의성",
        "SentimentText": "이동도 쉬우니까 여기저기 데리고 보면서 편하게 잘보고 있답니다 굿굿~~",
        "SentimentWord": "9",
        "SentimentPolarity": "1"
      }
    ]
  },
  {
    "Index": "14310",
    "RawText": "누워서 영화를 보다니 이동하기 쉬워서 편하게 보니까 너무 좋아요 그리고 각도조절도 가능하니까 내가 원하는 방향으로 볼 수있으니 만족!!",
    "Source": "쇼핑몰",
    "Domain": "가전",
    "MainCategory": "영상/음향가전",
    "ProductName": "스탠바이미 LG전자 27ART10AKPL 스탠드",
    "ReviewScore": "5",
    "Syllable": "75",
    "Word": "18",
    "RDate": "20220209",
    "GeneralPolarity": "1",
    "Aspects": [
      {
        "Aspect": "편의성",
        "SentimentText": "누워서 영화를 보다니 이동하기 쉬워서 편하게 보니까 너무 좋아요 ",
        "SentimentWord": "9",
        "SentimentPolarity": "1"
      },
      {
        "Aspect": "기능",
        "SentimentText": "그리고 각도조절도 가능하니까 내가 원하는 방향으로 볼 수있으니 만족!!",
        "SentimentWord": "9",
        "SentimentPolarity": "1"
      }
    ]
  },
  {
    "Index": "14311",
    "RawText": "2일만에 배송받고 설치도 받고 완전 스피드함에 만족합니다 ㅎㅎ 그리고 쿠폰으로 저렴하게 득템한 기쁨 ㅎㅎ 디자인도 깔끔한게 예쁘니 인테리어에도 굿!! 무엇보다 이동이 가능해서 넘 편해요!!^^",
    "Source": "쇼핑몰",
    "Domain": "가전",
    "MainCategory": "영상/음향가전",
    "ProductName": "스탠바이미 LG전자 27ART10AKPL 스탠드",
    "ReviewScore": "4",
    "Syllable": "107",
    "Word": "24",
    "RDate": "20220226",
    "Aspects": [
      {
        "Aspect": "가격",
        "SentimentText": "그리고 쿠폰으로 저렴하게 득템한 기쁨 ㅎㅎ",
        "SentimentWord": "6",
        "SentimentPolarity": "1"
      },
      {
        "Aspect": "디자인",
        "SentimentText": "디자인도 깔끔한게 예쁘니 인테리어에도 굿!!",
        "SentimentWord": "5",
        "SentimentPolarity": "1"
      },
      {
        "Aspect": "편의성",
        "SentimentText": "무엇보다 이동이 가능해서 넘 편해요!!^^",
        "SentimentWord": "5",
        "SentimentPolarity": "1"
      }
    ]
  },
  {
    "Index": "14312",
    "RawText": "기능들이 많아서 너무 만족해요 화질도 선명하니 깨끗하게 보여서 좋구요 바퀴가 달려있어서 이동하는게 꽤 편해요~ 다지인이 깨끗해서 좋습니다^^",
    "Source": "쇼핑몰",
    "Domain": "가전",
    "MainCategory": "영상/음향가전",
    "ProductName": "스탠바이미 LG전자 27ART10AKPL 스탠드",
    "ReviewScore": "5",
    "Syllable": "78",
    "Word": "17",
    "RDate": "20220501",
    "GeneralPolarity": "1",
    "Aspects": [
      {
        "Aspect": "기능",
        "SentimentText": "기능들이 많아서 너무 만족해요",
        "SentimentWord": "4",
        "SentimentPolarity": "1"
      },
      {
        "Aspect": "화질",
        "SentimentText": "화질도 선명하니 깨끗하게 보여서 좋구요",
        "SentimentWord": "5",
        "SentimentPolarity": "1"
      },
      {
        "Aspect": "편의성",
        "SentimentText": "바퀴가 달려있어서 이동하는게 꽤 편해요~",
        "SentimentWord": "5",
        "SentimentPolarity": "1"
      },
      {
        "Aspect": "디자인",
        "SentimentText": "다지인이 깨끗해서 좋습니다^^",
        "SentimentWord": "3",
        "SentimentPolarity": "1"
      }
    ]
  },
  {
    "Index": "14313",
    "RawText": "애들방에서 같이 보려고 이동하는데 이동이 불편해요 ㅜ 화면부분이 무거워 그런거겠죠 그래도 방에서 누워서 티비보는데 각도조절되니까 편하고 좋아요 디자인데 딱!!제가 원하는 스타일이라 만족하구요~~",
    "Source": "쇼핑몰",
    "Domain": "가전",
    "MainCategory": "영상/음향가전",
    "ProductName": "스탠바이미 LG전자 27ART10AKPL 스탠드",
    "ReviewScore": "5",
    "Syllable": "108",
    "Word": "22",
    "RDate": "20220121",
    "GeneralPolarity": "1",
    "Aspects": [
      {
        "Aspect": "편의성",
        "SentimentText": "애들방에서 같이 보려고 이동하는데 이동이 불편해요 ㅜ 화면부분이 무거워 그런거겠죠",
        "SentimentWord": "10",
        "SentimentPolarity": "-1"
      },
      {
        "Aspect": "편의성",
        "SentimentText": "그래도 방에서 누워서 티비보는데 각도조절되니까 편하고 좋아요",
        "SentimentWord": "7",
        "SentimentPolarity": "1"
      },
      {
        "Aspect": "디자인",
        "SentimentText": "디자인데 딱!!제가 원하는 스타일이라 만족하구요~~",
        "SentimentWord": "5",
        "SentimentPolarity": "1"
      }
    ]
  },
  {
    "Index": "14314",
    "RawText": "가격은 내렸을때 잘 구매해서 만족해요 그런데 배송이 너무 느려서 실망 ㅜ 품질은 이정도면 상당히 마음에 들어요~",
    "Source": "쇼핑몰",
    "Domain": "가전",
    "MainCategory": "영상/음향가전",
    "ProductName": "스탠바이미 LG전자 27ART10AKPL 스탠드",
    "ReviewScore": "5",
    "Syllable": "62",
    "Word": "16",
    "RDate": "20220524",
    "Aspects": [
      {
        "Aspect": "가격",
        "SentimentText": "가격은 내렸을때 잘 구매해서 만족해요",
        "SentimentWord": "5",
        "SentimentPolarity": "1"
      },
      {
        "Aspect": "품질",
        "SentimentText": "품질은 이정도면 상당히 마음에 들어요~",
        "SentimentWord": "5",
        "SentimentPolarity": "1"
      }
    ]
  },
  {
    "Index": "14315",
    "RawText": "휴대폰으로 TV 연결도 가능하여 미러링으로 다양한채널을 볼수 있어 매우 만족해요~ TV 무게가 가벼워 안방용으로 딱입니다~굿",
    "Source": "쇼핑몰",
    "Domain": "가전",
    "MainCategory": "영상/음향가전",
    "ProductName": "스탠바이미 LG전자 27ART10AKPL 스탠드",
    "ReviewScore": "5",
    "Syllable": "69",
    "Word": "15",
    "RDate": "20220123",
    "GeneralPolarity": "1",
    "Aspects": [
      {
        "Aspect": "기능",
        "SentimentText": "휴대폰으로 TV 연결도 가능하여 미러링으로 다양한채널을 볼수 있어 매우 만족해요~",
        "SentimentWord": "10",
        "SentimentPolarity": "1"
      },
      {
        "Aspect": "무게",
        "SentimentText": "TV 무게가 가벼워 안방용으로 딱입니다~굿",
        "SentimentWord": "5",
        "SentimentPolarity": "1"
      }
    ]
  },
  {
    "Index": "14316",
    "RawText": "어머니께서 tv 색상 맘에들어 좋아하시고 잘 쓰셔요 굿~ 좋은 가격으로 저렴하게 구매하여 좋아요 추천!",
    "Source": "쇼핑몰",
    "Domain": "가전",
    "MainCategory": "영상/음향가전",
    "ProductName": "스탠바이미 LG전자 27ART10AKPL 스탠드",
    "ReviewScore": "5",
    "Syllable": "57",
    "Word": "14",
    "RDate": "20220428",
    "GeneralPolarity": "1",
    "Aspects": [
      {
        "Aspect": "색상",
        "SentimentText": "어머니께서 tv 색상 맘에들어 좋아하시고 잘 쓰셔요 굿~",
        "SentimentWord": "8",
        "SentimentPolarity": "1"
      },
      {
        "Aspect": "가격",
        "SentimentText": "좋은 가격으로 저렴하게 구매하여 좋아요 추천!",
        "SentimentWord": "6",
        "SentimentPolarity": "1"
      }
    ]
  },
  {
    "Index": "14317",
    "RawText": "어른들도 쉽게 연결하여 시청하기 간편해서 좋아요 화면도 커서 잘보여 만족^^",
    "Source": "쇼핑몰",
    "Domain": "가전",
    "MainCategory": "영상/음향가전",
    "ProductName": "스탠바이미 LG전자 27ART10AKPL 스탠드",
    "ReviewScore": "5",
    "Syllable": "42",
    "Word": "10",
    "RDate": "20220523",
    "GeneralPolarity": "1",
    "Aspects": [
      {
        "Aspect": "조작성",
        "SentimentText": "어른들도 쉽게 연결하여 시청하기 간편해서 좋아요",
        "SentimentWord": "6",
        "SentimentPolarity": "1"
      },
      {
        "Aspect": "사이즈",
        "SentimentText": "화면도 커서 잘보여 만족^^",
        "SentimentWord": "4",
        "SentimentPolarity": "1"
      }
    ]
  },
  {
    "Index": "14318",
    "RawText": "할인행사기간에 저렴한 가격으로 겟! 대박~^^  뒤에 패브릭소재로 되어있는게 포인트네요~어디든 잘어울려서 좋네요 ㅎ",
    "Source": "쇼핑몰",
    "Domain": "가전",
    "MainCategory": "영상/음향가전",
    "ProductName": "스탠바이미 LG전자 27ART10AKPL 스탠드",
    "ReviewScore": "5",
    "Syllable": "64",
    "Word": "12",
    "RDate": "20220521",
    "Aspects": [
      {
        "Aspect": "가격",
        "SentimentText": "할인행사기간에 저렴한 가격으로 겟! 대박~^^",
        "SentimentWord": "5",
        "SentimentPolarity": "1"
      },
      {
        "Aspect": "소재",
        "SentimentText": "뒤에 패브릭소재로 되어있는게 포인트네요~어디든 잘어울려서 좋네요 ㅎ",
        "SentimentWord": "7",
        "SentimentPolarity": "1"
      }
    ]
  },
  {
    "Index": "14319",
    "RawText": "디자인이 엄청 예쁘네요. 침대 옆에두고 볼수있어서 활용성이 좋네요. 화면이 커서 공부할때 도움이 많이되서 좋아요.",
    "Source": "쇼핑몰",
    "Domain": "가전",
    "MainCategory": "영상/음향가전",
    "ProductName": "스탠바이미 LG전자 27ART10AKPL 스탠드",
    "ReviewScore": "5",
    "Syllable": "63",
    "Word": "14",
    "RDate": "20220320",
    "GeneralPolarity": "1",
    "Aspects": [
      {
        "Aspect": "디자인",
        "SentimentText": "디자인이 엄청 예쁘네요.",
        "SentimentWord": "3",
        "SentimentPolarity": "1"
      },
      {
        "Aspect": "편의성",
        "SentimentText": "침대 옆에두고 볼수있어서 활용성이 좋네요.",
        "SentimentWord": "5",
        "SentimentPolarity": "1"
      },
      {
        "Aspect": "사이즈",
        "SentimentText": "화면이 커서 공부할때 도움이 많이되서 좋아요.",
        "SentimentWord": "6",
        "SentimentPolarity": "1"
      }
    ]
  },
  {
    "Index": "14320",
    "RawText": "설치기사님이 배송시간에 정확히 오셨고 너무 친절히 설치해 주셔서 감사했습니다. 티비 화질도 좋고 퀄리티도 너무 좋습니다.",
    "Source": "쇼핑몰",
    "Domain": "가전",
    "MainCategory": "영상/음향가전",
    "ProductName": "스탠바이미 LG전자 27ART10AKPL 스탠드",
    "ReviewScore": "5",
    "Syllable": "67",
    "Word": "15",
    "RDate": "20220127",
    "Aspects": [
      {
        "Aspect": "화질",
        "SentimentText": "티비 화질도 좋고",
        "SentimentWord": "3",
        "SentimentPolarity": "1"
      },
      {
        "Aspect": "품질",
        "SentimentText": "퀄리티도 너무 좋습니다.",
        "SentimentWord": "3",
        "SentimentPolarity": "1"
      }
    ]
  },
  {
    "Index": "14321",
    "RawText": "오랜기간 고민끝에 구입했는데 이동이 자유로워서 좋고 어플이 많아 여러 영상들을 볼수있어 좋네요 또 스마트폰과 미러링이 되니 너무 쉬워서 정말 좋아요.",
    "Source": "쇼핑몰",
    "Domain": "가전",
    "MainCategory": "영상/음향가전",
    "ProductName": "스탠바이미 LG전자 27ART10AKPL 스탠드",
    "ReviewScore": "5",
    "Syllable": "83",
    "Word": "20",
    "RDate": "20220705",
    "GeneralPolarity": "1",
    "Aspects": [
      {
        "Aspect": "편의성",
        "SentimentText": "이동이 자유로워서 좋고",
        "SentimentWord": "3",
        "SentimentPolarity": "1"
      },
      {
        "Aspect": "기능",
        "SentimentText": "어플이 많아 여러 영상들을 볼수있어 좋네요",
        "SentimentWord": "6",
        "SentimentPolarity": "1"
      },
      {
        "Aspect": "기능",
        "SentimentText": "스마트폰과 미러링이 되니 너무 쉬워서 정말 좋아요.",
        "SentimentWord": "7",
        "SentimentPolarity": "1"
      }
    ]
  },
  {
    "Index": "14322",
    "RawText": "터치기능이 있어 침대에 누워있거나 밥먹을때 보기 편합니다 인터넷 연결도 돼서 스포츠경기같은 중계영상 보기에도 좋아요~ 짱짱",
    "Source": "쇼핑몰",
    "Domain": "가전",
    "MainCategory": "영상/음향가전",
    "ProductName": "스탠바이미 LG전자 27ART10AKPL 스탠드",
    "ReviewScore": "5",
    "Syllable": "68",
    "Word": "15",
    "RDate": "20220531",
    "Aspects": [
      {
        "Aspect": "편의성",
        "SentimentText": "터치기능이 있어 침대에 누워있거나 밥먹을때 보기 편합니다",
        "SentimentWord": "7",
        "SentimentPolarity": "1"
      },
      {
        "Aspect": "기능",
        "SentimentText": "인터넷 연결도 돼서 스포츠경기같은 중계영상 보기에도 좋아요~ 짱짱",
        "SentimentWord": "8",
        "SentimentPolarity": "1"
      }
    ]
  },
  {
    "Index": "14324",
    "RawText": "올해 제일 잘한 소비입니다 퀄리티 넘무 만족스럽고요~~  가성비 최고에요~!!",
    "Source": "쇼핑몰",
    "Domain": "가전",
    "MainCategory": "영상/음향가전",
    "ProductName": "스탠바이미 LG전자 27ART10AKPL 스탠드",
    "ReviewScore": "5",
    "Syllable": "43",
    "Word": "9",
    "RDate": "20220302",
    "Aspects": [
      {
        "Aspect": "품질",
        "SentimentText": "퀄리티 넘무 만족스럽고요~~ ",
        "SentimentWord": "3",
        "SentimentPolarity": "1"
      },
      {
        "Aspect": "가격",
        "SentimentText": "가성비 최고에요~!!",
        "SentimentWord": "2",
        "SentimentPolarity": "1"
      }
    ]
  },
  {
    "Index": "14325",
    "RawText": "와~ 색상 너무 영롱하게 잘나왔어요 대만족 디자인이 너무 세련되서 인테리어 효과도 있고 최고 좋아요 완전 추천합니다",
    "Source": "쇼핑몰",
    "Domain": "가전",
    "MainCategory": "영상/음향가전",
    "ProductName": "스탠바이미 LG전자 27ART10AKPL 스탠드",
    "ReviewScore": "5",
    "Syllable": "64",
    "Word": "16",
    "RDate": "20220621",
    "GeneralPolarity": "1",
    "Aspects": [
      {
        "Aspect": "색상",
        "SentimentText": "와~ 색상 너무 영롱하게 잘나왔어요 대만족",
        "SentimentWord": "6",
        "SentimentPolarity": "1"
      },
      {
        "Aspect": "디자인",
        "SentimentText": "디자인이 너무 세련되서 인테리어 효과도 있고 최고 좋아요 완전 추천합니다",
        "SentimentWord": "10",
        "SentimentPolarity": "1"
      }
    ]
  },
  {
    "Index": "14326",
    "RawText": "크기가 너무 작지도 크지도않아서 세컨용으로 보기 좋은 사이즈입니다 짱~! 상하조절기능이 있어서 각도도 자유자재 최고입니다",
    "Source": "쇼핑몰",
    "Domain": "가전",
    "MainCategory": "영상/음향가전",
    "ProductName": "스탠바이미 LG전자 27ART10AKPL 스탠드",
    "ReviewScore": "5",
    "Syllable": "67",
    "Word": "14",
    "RDate": "20220821",
    "GeneralPolarity": "1",
    "Aspects": [
      {
        "Aspect": "사이즈",
        "SentimentText": "크기가 너무 작지도 크지도않아서 세컨용으로 보기 좋은 사이즈입니다 짱~!",
        "SentimentWord": "9",
        "SentimentPolarity": "1"
      },
      {
        "Aspect": "기능",
        "SentimentText": "상하조절기능이 있어서 각도도 자유자재 최고입니다",
        "SentimentWord": "5",
        "SentimentPolarity": "1"
      }
    ]
  },
  {
    "Index": "14327",
    "RawText": "디자인 심플해서 만족^^ 색상도 인테리어와 잘어울려서 대만족!!",
    "Source": "쇼핑몰",
    "Domain": "가전",
    "MainCategory": "영상/음향가전",
    "ProductName": "스탠바이미 LG전자 27ART10AKPL 스탠드",
    "ReviewScore": "5",
    "Syllable": "35",
    "Word": "7",
    "RDate": "20211211",
    "Aspects": [
      {
        "Aspect": "디자인",
        "SentimentText": "디자인 심플해서 만족^^",
        "SentimentWord": "3",
        "SentimentPolarity": "1"
      },
      {
        "Aspect": "색상",
        "SentimentText": "색상도 인테리어와 잘어울려서 대만족!!",
        "SentimentWord": "4",
        "SentimentPolarity": "1"
      }
    ]
  },
  {
    "Index": "14328",
    "RawText": "영화보는데 화질도 엄청 선명하고 깨끗합니다~ 제품 퀄리티는 말할 것 없이 너무 좋네요. 강추입니다!",
    "Source": "쇼핑몰",
    "Domain": "가전",
    "MainCategory": "영상/음향가전",
    "ProductName": "스탠바이미 LG전자 27ART10AKPL 스탠드",
    "ReviewScore": "5",
    "Syllable": "55",
    "Word": "13",
    "RDate": "20220306",
    "Aspects": [
      {
        "Aspect": "화질",
        "SentimentText": "영화보는데 화질도 엄청 선명하고 깨끗합니다~",
        "SentimentWord": "5",
        "SentimentPolarity": "1"
      },
      {
        "Aspect": "품질",
        "SentimentText": "제품 퀄리티는 말할 것 없이 너무 좋네요. 강추입니다!",
        "SentimentWord": "8",
        "SentimentPolarity": "1"
      }
    ]
  },
  {
    "Index": "14329",
    "RawText": "상품은 불량없어 좋고 스피커도 빵빵하고  좋아요~",
    "Source": "쇼핑몰",
    "Domain": "가전",
    "MainCategory": "영상/음향가전",
    "ProductName": "스탠바이미 LG전자 27ART10AKPL 스탠드",
    "ReviewScore": "5",
    "Syllable": "27",
    "Word": "6",
    "RDate": "20220220",
    "Aspects": [
      {
        "Aspect": "품질",
        "SentimentText": "상품은 불량없어 좋고",
        "SentimentWord": "3",
        "SentimentPolarity": "1"
      },
      {
        "Aspect": "음량/음질",
        "SentimentText": "스피커도 빵빵하고  좋아요~",
        "SentimentWord": "3",
        "SentimentPolarity": "1"
      }
    ]
  },
  {
    "Index": "14330",
    "RawText": "와이파이 연결해서 손쉽게 다양한 채널을 볼 수 있는 기능 완전 짱입니다. 터치 스크린 기능이 되어서 테블릿 큰버전 같아요 최고에요",
    "Source": "쇼핑몰",
    "Domain": "가전",
    "MainCategory": "영상/음향가전",
    "ProductName": "스탠바이미 LG전자 27ART10AKPL 스탠드",
    "ReviewScore": "4",
    "Syllable": "72",
    "Word": "19",
    "RDate": "20220404",
    "GeneralPolarity": "1",
    "Aspects": [
      {
        "Aspect": "기능",
        "SentimentText": "와이파이 연결해서 손쉽게 다양한 채널을 볼 수 있는 기능 완전 짱입니다.",
        "SentimentWord": "11",
        "SentimentPolarity": "1"
      },
      {
        "Aspect": "기능",
        "SentimentText": "터치 스크린 기능이 되어서 테블릿 큰버전 같아요 최고에요",
        "SentimentWord": "8",
        "SentimentPolarity": "1"
      }
    ]
  },
  {
    "Index": "14331",
    "RawText": "ㅇㅇㅇ연결해서 영상보니 정말 좋아요^^ 제품 퀄리티는 두말할것없이 좋습니다 강추해요!",
    "Source": "쇼핑몰",
    "Domain": "가전",
    "MainCategory": "영상/음향가전",
    "ProductName": "스탠바이미 LG전자 27ART10AKPL 스탠드",
    "ReviewScore": "5",
    "Syllable": "47",
    "Word": "9",
    "RDate": "20220108",
    "Aspects": [
      {
        "Aspect": "조작성",
        "SentimentText": "ㅇㅇㅇ연결해서 영상보니 정말 좋아요^^",
        "SentimentWord": "4",
        "SentimentPolarity": "1"
      },
      {
        "Aspect": "품질",
        "SentimentText": "제품 퀄리티는 두말할것없이 좋습니다 강추해요!",
        "SentimentWord": "5",
        "SentimentPolarity": "1"
      }
    ]
  },
  {
    "Index": "14332",
    "RawText": "유일하게 지상파 방송만 볼수없는점이 조금 아쉽습니다 ㅠ.. 화면은 터치기능이 있어서 너무 편하네요",
    "Source": "쇼핑몰",
    "Domain": "가전",
    "MainCategory": "영상/음향가전",
    "ProductName": "스탠바이미 LG전자 27ART10AKPL 스탠드",
    "ReviewScore": "5",
    "Syllable": "54",
    "Word": "12",
    "RDate": "20220721",
    "GeneralPolarity": "0",
    "Aspects": [
      {
        "Aspect": "기능",
        "SentimentText": "유일하게 지상파 방송만 볼수없는점이 조금 아쉽습니다 ㅠ..",
        "SentimentWord": "7",
        "SentimentPolarity": "-1"
      },
      {
        "Aspect": "조작성",
        "SentimentText": "화면은 터치기능이 있어서 너무 편하네요",
        "SentimentWord": "5",
        "SentimentPolarity": "1"
      }
    ]
  },
  {
    "Index": "14333",
    "RawText": "특정 채널 어플의 기능이 호환되지 않아서 불편한점이 아쉽네요 ㅠㅠ 이거 말고 다른 채널 어플 호환은 잘 되서 시청하기에 좋습니다 굿",
    "Source": "쇼핑몰",
    "Domain": "가전",
    "MainCategory": "영상/음향가전",
    "ProductName": "스탠바이미 LG전자 27ART10AKPL 스탠드",
    "ReviewScore": "5",
    "Syllable": "73",
    "Word": "20",
    "RDate": "20220123",
    "GeneralPolarity": "0",
    "Aspects": [
      {
        "Aspect": "기능",
        "SentimentText": "특정 채널 어플의 기능이 호환되지 않아서 불편한점이 아쉽네요 ㅠㅠ",
        "SentimentWord": "9",
        "SentimentPolarity": "-1"
      },
      {
        "Aspect": "기능",
        "SentimentText": "이거 말고 다른 채널 어플 호환은 잘 되서 시청하기에 좋습니다 굿",
        "SentimentWord": "11",
        "SentimentPolarity": "1"
      }
    ]
  },
  {
    "Index": "14334",
    "RawText": "다양한 채널감상 좋아하는 분들은 사용하기에 적합한 제품입니다 연결호환기능 아주 좋아요. 장소에 구애받지 않고 편하게 들고다니며 볼 수 있는 점이 아주 최고입니다",
    "Source": "쇼핑몰",
    "Domain": "가전",
    "MainCategory": "영상/음향가전",
    "ProductName": "스탠바이미 LG전자 27ART10AKPL 스탠드",
    "ReviewScore": "3",
    "Syllable": "89",
    "Word": "21",
    "RDate": "20220707",
    "GeneralPolarity": "1",
    "Aspects": [
      {
        "Aspect": "기능",
        "SentimentText": "다양한 채널감상 좋아하는 분들은 사용하기에 적합한 제품입니다 연결호환기능 아주 좋아요.",
        "SentimentWord": "10",
        "SentimentPolarity": "1"
      },
      {
        "Aspect": "편의성",
        "SentimentText": "장소에 구애받지 않고 편하게 들고다니며 볼 수 있는 점이 아주 최고입니다",
        "SentimentWord": "11",
        "SentimentPolarity": "1"
      }
    ]
  },
  {
    "Index": "14335",
    "RawText": "이동하기에 편하고 너무 좋네요 다양한 채널 시청기능이 있어서 아주 좋아요 강추합니다~!!!!",
    "Source": "쇼핑몰",
    "Domain": "가전",
    "MainCategory": "영상/음향가전",
    "ProductName": "스탠바이미 LG전자 27ART10AKPL 스탠드",
    "ReviewScore": "5",
    "Syllable": "51",
    "Word": "11",
    "RDate": "20211213",
    "GeneralPolarity": "1",
    "Aspects": [
      {
        "Aspect": "편의성",
        "SentimentText": "이동하기에 편하고 너무 좋네요",
        "SentimentWord": "4",
        "SentimentPolarity": "1"
      },
      {
        "Aspect": "기능",
        "SentimentText": "다양한 채널 시청기능이 있어서 아주 좋아요 강추합니다~!!!!",
        "SentimentWord": "7",
        "SentimentPolarity": "1"
      }
    ]
  },
  {
    "Index": "14336",
    "RawText": "이동하면서 손쉽게 볼수있어 너무 편해요 짱! 가로 세로 전환기능이 있어 시청하기 좋아요 화질도 선명하니 좋아요 최고!",
    "Source": "쇼핑몰",
    "Domain": "가전",
    "MainCategory": "영상/음향가전",
    "ProductName": "스탠바이미 LG전자 27ART10AKPL 스탠드",
    "ReviewScore": "5",
    "Syllable": "65",
    "Word": "16",
    "RDate": "20220108",
    "GeneralPolarity": "1",
    "Aspects": [
      {
        "Aspect": "편의성",
        "SentimentText": "이동하면서 손쉽게 볼수있어 너무 편해요 짱!",
        "SentimentWord": "6",
        "SentimentPolarity": "1"
      },
      {
        "Aspect": "기능",
        "SentimentText": "가로 세로 전환기능이 있어 시청하기 좋아요",
        "SentimentWord": "6",
        "SentimentPolarity": "1"
      },
      {
        "Aspect": "화질",
        "SentimentText": "화질도 선명하니 좋아요 최고!",
        "SentimentWord": "4",
        "SentimentPolarity": "1"
      }
    ]
  },
  {
    "Index": "14337",
    "RawText": "카드할인으로 저렴히 구입했어요~운이 좋았죠 ㅎ 제품은 제가 선택한 제품중 최고에요 퀄리티 짱!",
    "Source": "쇼핑몰",
    "Domain": "가전",
    "MainCategory": "영상/음향가전",
    "ProductName": "스탠바이미 LG전자 27ART10AKPL 스탠드",
    "ReviewScore": "5",
    "Syllable": "52",
    "Word": "12",
    "RDate": "20220326",
    "Aspects": [
      {
        "Aspect": "가격",
        "SentimentText": "카드할인으로 저렴히 구입했어요~운이 좋았죠 ㅎ",
        "SentimentWord": "5",
        "SentimentPolarity": "1"
      },
      {
        "Aspect": "품질",
        "SentimentText": "제품은 제가 선택한 제품중 최고에요 퀄리티 짱!",
        "SentimentWord": "7",
        "SentimentPolarity": "1"
      }
    ]
  },
  {
    "Index": "14338",
    "RawText": "침대에 누워 원하는 각도로 조절가능한점이 이렇게 좋은건지 이제 알았습니다 최고에요!  이동하면서 장소 상관없이 볼수 있어 너무 편하네요~",
    "Source": "쇼핑몰",
    "Domain": "가전",
    "MainCategory": "영상/음향가전",
    "ProductName": "스탠바이미 LG전자 27ART10AKPL 스탠드",
    "ReviewScore": "5",
    "Syllable": "76",
    "Word": "17",
    "RDate": "20220830",
    "Aspects": [
      {
        "Aspect": "조작성",
        "SentimentText": "침대에 누워 원하는 각도로 조절가능한점이 이렇게 좋은건지 이제 알았습니다 최고에요! ",
        "SentimentWord": "10",
        "SentimentPolarity": "1"
      },
      {
        "Aspect": "편의성",
        "SentimentText": "이동하면서 장소 상관없이 볼수 있어 너무 편하네요~",
        "SentimentWord": "7",
        "SentimentPolarity": "1"
      }
    ]
  },
  {
    "Index": "14339",
    "RawText": "가격대비 품질 최고에요!! 디자인도 너무 예뻐서 맘에 들어요^^ ",
    "Source": "쇼핑몰",
    "Domain": "가전",
    "MainCategory": "영상/음향가전",
    "ProductName": "스탠바이미 LG전자 27ART10AKPL 스탠드",
    "ReviewScore": "5",
    "Syllable": "36",
    "Word": "8",
    "RDate": "20211208",
    "Aspects": [
      {
        "Aspect": "품질",
        "SentimentText": "가격대비 품질 최고에요!!",
        "SentimentWord": "3",
        "SentimentPolarity": "1"
      },
      {
        "Aspect": "디자인",
        "SentimentText": "디자인도 너무 예뻐서 맘에 들어요^^",
        "SentimentWord": "5",
        "SentimentPolarity": "1"
      }
    ]
  },
  {
    "Index": "14340",
    "RawText": "배송이 일주일도 안되서 도착했어요 짱짱 빨라서 좋아요 저렴한 가격으로 구매해서 너무 만족스럽습니다~ 화질은 생각보다 좋지 않아서 아쉬워요 ㅠ 스피커는 음량이 너무 좋네요 최고!",
    "Source": "쇼핑몰",
    "Domain": "가전",
    "MainCategory": "영상/음향가전",
    "ProductName": "스탠바이미 LG전자 27ART10AKPL 스탠드",
    "ReviewScore": "5",
    "Syllable": "98",
    "Word": "23",
    "RDate": "20220225",
    "Aspects": [
      {
        "Aspect": "가격",
        "SentimentText": "저렴한 가격으로 구매해서 너무 만족스럽습니다~",
        "SentimentWord": "5",
        "SentimentPolarity": "1"
      },
      {
        "Aspect": "화질",
        "SentimentText": "화질은 생각보다 좋지 않아서 아쉬워요 ㅠ",
        "SentimentWord": "6",
        "SentimentPolarity": "-1"
      },
      {
        "Aspect": "음량/음질",
        "SentimentText": "스피커는 음량이 너무 좋네요 최고!",
        "SentimentWord": "5",
        "SentimentPolarity": "1"
      }
    ]
  },
  {
    "Index": "14341",
    "RawText": "다양한 채널 시청할수있는 기능있어서 너무 편하고 좋네요 굿~ 특정판매사이트에서 좋은제품 제일 저렴하게 구입할수있었습니다 갓성비 최고!",
    "Source": "쇼핑몰",
    "Domain": "가전",
    "MainCategory": "영상/음향가전",
    "ProductName": "스탠바이미 LG전자 27ART10AKPL 스탠드",
    "ReviewScore": "5",
    "Syllable": "74",
    "Word": "15",
    "RDate": "20220214",
    "GeneralPolarity": "1",
    "Aspects": [
      {
        "Aspect": "기능",
        "SentimentText": "다양한 채널 시청할수있는 기능있어서 너무 편하고 좋네요 굿~",
        "SentimentWord": "8",
        "SentimentPolarity": "1"
      },
      {
        "Aspect": "가격",
        "SentimentText": "특정판매사이트에서 좋은제품 제일 저렴하게 구입할수있었습니다 갓성비 최고!",
        "SentimentWord": "7",
        "SentimentPolarity": "1"
      }
    ]
  },
  {
    "Index": "14342",
    "RawText": "잘 굴러다녀서 이동하기에 아주 좋습니다~ 입맛에 맞게 채널을 다양하게 시청할수있는 점이 아주 좋아요 굿굿",
    "Source": "쇼핑몰",
    "Domain": "가전",
    "MainCategory": "영상/음향가전",
    "ProductName": "스탠바이미 LG전자 27ART10AKPL 스탠드",
    "ReviewScore": "5",
    "Syllable": "58",
    "Word": "14",
    "RDate": "20220419",
    "GeneralPolarity": "1",
    "Aspects": [
      {
        "Aspect": "편의성",
        "SentimentText": "잘 굴러다녀서 이동하기에 아주 좋습니다~",
        "SentimentWord": "5",
        "SentimentPolarity": "1"
      },
      {
        "Aspect": "기능",
        "SentimentText": "입맛에 맞게 채널을 다양하게 시청할수있는 점이 아주 좋아요 굿굿",
        "SentimentWord": "9",
        "SentimentPolarity": "1"
      }
    ]
  },
  {
    "Index": "14343",
    "RawText": "이동할때 바퀴는 잘 굴러 가서 너무 편해요~^^ 대신 무게가 좀 나가서 문턱 지날때는 덜그럭거려요 ㅠ 아쉽",
    "Source": "쇼핑몰",
    "Domain": "가전",
    "MainCategory": "영상/음향가전",
    "ProductName": "스탠바이미 LG전자 27ART10AKPL 스탠드",
    "ReviewScore": "5",
    "Syllable": "59",
    "Word": "16",
    "RDate": "20220824",
    "GeneralPolarity": "0",
    "Aspects": [
      {
        "Aspect": "편의성",
        "SentimentText": "이동할때 바퀴는 잘 굴러 가서 너무 편해요~^^",
        "SentimentWord": "7",
        "SentimentPolarity": "1"
      },
      {
        "Aspect": "무게",
        "SentimentText": "대신 무게가 좀 나가서 문턱 지날때는 덜그럭거려요 ㅠ 아쉽",
        "SentimentWord": "9",
        "SentimentPolarity": "-1"
      }
    ]
  },
  {
    "Index": "14344",
    "RawText": "기대했는데 화질이 별로네요..... 대신 할인행사로 저렴하게 좋은제품 잘 샀습니다 만족^^",
    "Source": "쇼핑몰",
    "Domain": "가전",
    "MainCategory": "영상/음향가전",
    "ProductName": "스탠바이미 LG전자 27ART10AKPL 스탠드",
    "ReviewScore": "5",
    "Syllable": "50",
    "Word": "10",
    "RDate": "20220221",
    "Aspects": [
      {
        "Aspect": "화질",
        "SentimentText": "기대했는데 화질이 별로네요.....",
        "SentimentWord": "3",
        "SentimentPolarity": "-1"
      },
      {
        "Aspect": "가격",
        "SentimentText": "대신 할인행사로 저렴하게 좋은제품 잘 샀습니다 만족^^",
        "SentimentWord": "7",
        "SentimentPolarity": "1"
      }
    ]
  },
  {
    "Index": "14345",
    "RawText": "좋은제품 저렴하게 잘샀습니다 가성비짱 무게가 가벼워 식탁용 티비로 사용중입니다 밥먹으면서 티비라니 최고입니다^^",
    "Source": "쇼핑몰",
    "Domain": "가전",
    "MainCategory": "영상/음향가전",
    "ProductName": "스탠바이미 LG전자 27ART10AKPL 스탠드",
    "ReviewScore": "5",
    "Syllable": "62",
    "Word": "12",
    "RDate": "20220221",
    "GeneralPolarity": "1",
    "Aspects": [
      {
        "Aspect": "가격",
        "SentimentText": "좋은제품 저렴하게 잘샀습니다 가성비짱",
        "SentimentWord": "4",
        "SentimentPolarity": "1"
      },
      {
        "Aspect": "무게",
        "SentimentText": "무게가 가벼워 식탁용 티비로 사용중입니다 밥먹으면서 티비라니 최고입니다^^",
        "SentimentWord": "8",
        "SentimentPolarity": "1"
      }
    ]
  },
  {
    "Index": "14346",
    "RawText": "좋은제품 저렴한 가격으로 구매했습니다 대만족^^  화면에 보이는 컨텐츠 클릭은 되지만 다른 화면으로 이동은 화살표 리모컨을 이용해야해서 불편하네요... ",
    "Source": "쇼핑몰",
    "Domain": "가전",
    "MainCategory": "영상/음향가전",
    "ProductName": "스탠바이미 LG전자 27ART10AKPL 스탠드",
    "ReviewScore": "5",
    "Syllable": "85",
    "Word": "17",
    "RDate": "20220703",
    "Aspects": [
      {
        "Aspect": "가격",
        "SentimentText": "좋은제품 저렴한 가격으로 구매했습니다 대만족^^",
        "SentimentWord": "5",
        "SentimentPolarity": "1"
      },
      {
        "Aspect": "조작성",
        "SentimentText": "화면에 보이는 컨텐츠 클릭은 되지만 다른 화면으로 이동은 화살표 리모컨을 이용해야해서 불편하네요...",
        "SentimentWord": "12",
        "SentimentPolarity": "-1"
      }
    ]
  },
  {
    "Index": "14347",
    "RawText": "이번에 할인행사로 저렴하게 구매했습니다 짱! 디자인 자체가 예쁘네요~ 맘에 들어요 ",
    "Source": "쇼핑몰",
    "Domain": "가전",
    "MainCategory": "영상/음향가전",
    "ProductName": "스탠바이미 LG전자 27ART10AKPL 스탠드",
    "ReviewScore": "5",
    "Syllable": "46",
    "Word": "10",
    "RDate": "20220226",
    "Aspects": [
      {
        "Aspect": "가격",
        "SentimentText": "이번에 할인행사로 저렴하게 구매했습니다 짱!",
        "SentimentWord": "5",
        "SentimentPolarity": "1"
      },
      {
        "Aspect": "디자인",
        "SentimentText": "디자인 자체가 예쁘네요~ 맘에 들어요",
        "SentimentWord": "5",
        "SentimentPolarity": "1"
      }
    ]
  },
  {
    "Index": "14348",
    "RawText": "타사제품들보다 확실히 무게가 덜나가 이동하기가 쉽네요 최고^^ 바퀴가 있어 어디서든 시청가능한점이 엄청 좋습니다^^",
    "Source": "쇼핑몰",
    "Domain": "가전",
    "MainCategory": "영상/음향가전",
    "ProductName": "스탠바이미 LG전자 27ART10AKPL 스탠드",
    "ReviewScore": "5",
    "Syllable": "64",
    "Word": "13",
    "RDate": "20220405",
    "GeneralPolarity": "1",
    "Aspects": [
      {
        "Aspect": "무게",
        "SentimentText": "타사제품들보다 확실히 무게가 덜나가 이동하기가 쉽네요 최고^^",
        "SentimentWord": "7",
        "SentimentPolarity": "1"
      },
      {
        "Aspect": "편의성",
        "SentimentText": "바퀴가 있어 어디서든 시청가능한점이 엄청 좋습니다^^",
        "SentimentWord": "6",
        "SentimentPolarity": "1"
      }
    ]
  },
  {
    "Index": "14349",
    "RawText": "정말 색상 너무 이쁜거같아요 인테리어효과 굿굿 사이즈도 생각보다 세컨티비로 딱좋습니다~  이동하기는 부드럽게 잘되어서 좋은데 고정할땐 잘안되는 어려운 부분이 있어요 아쉽 ㅠ",
    "Source": "쇼핑몰",
    "Domain": "가전",
    "MainCategory": "영상/음향가전",
    "ProductName": "스탠바이미 LG전자 27ART10AKPL 스탠드",
    "ReviewScore": "5",
    "Syllable": "96",
    "Word": "21",
    "RDate": "20220611",
    "GeneralPolarity": "1",
    "Aspects": [
      {
        "Aspect": "색상",
        "SentimentText": "정말 색상 너무 이쁜거같아요 인테리어효과 굿굿",
        "SentimentWord": "6",
        "SentimentPolarity": "1"
      },
      {
        "Aspect": "사이즈",
        "SentimentText": "사이즈도 생각보다 세컨티비로 딱좋습니다~ ",
        "SentimentWord": "4",
        "SentimentPolarity": "1"
      },
      {
        "Aspect": "편의성",
        "SentimentText": "이동하기는 부드럽게 잘되어서 좋은데 고정할땐 잘안되는 어려운 부분이 있어요 아쉽 ㅠ",
        "SentimentWord": "11",
        "SentimentPolarity": "1"
      },
      {
        "Aspect": "조작성",
        "SentimentText": "고정할땐 잘안되는 어려운 부분이 있어요 아쉽 ㅠ",
        "SentimentWord": "7",
        "SentimentPolarity": "-1"
      }
    ]
  },
  {
    "Index": "14350",
    "RawText": "제품 디자인 너무 이뻐서 좋아요^^ 모니터가 커서 운동용 영상보기에 적절합니다 굿 터치스크린 기능 덕분에 시청할때 더욱더 편리하네요 짱~",
    "Source": "쇼핑몰",
    "Domain": "가전",
    "MainCategory": "영상/음향가전",
    "ProductName": "스탠바이미 LG전자 27ART10AKPL 스탠드",
    "ReviewScore": "5",
    "Syllable": "76",
    "Word": "18",
    "RDate": "20220311",
    "GeneralPolarity": "1",
    "Aspects": [
      {
        "Aspect": "디자인",
        "SentimentText": "제품 디자인 너무 이뻐서 좋아요^^",
        "SentimentWord": "5",
        "SentimentPolarity": "1"
      },
      {
        "Aspect": "사이즈",
        "SentimentText": "모니터가 커서 운동용 영상보기에 적절합니다 굿",
        "SentimentWord": "6",
        "SentimentPolarity": "1"
      },
      {
        "Aspect": "편의성",
        "SentimentText": "터치스크린 기능 덕분에 시청할때 더욱더 편리하네요 짱~",
        "SentimentWord": "7",
        "SentimentPolarity": "1"
      }
    ]
  },
  {
    "Index": "14352",
    "RawText": "파격할인덕분에 지름신 강림해서 저렴히 구매했어요 짱~^^ 제 폰이랑두 연동되서 프로그램이란 프로그램은 모조리 다 볼 수 있어 짱~^^",
    "Source": "쇼핑몰",
    "Domain": "가전",
    "MainCategory": "영상/음향가전",
    "ProductName": "스탠바이미 LG전자 27ART10AKPL 스탠드",
    "ReviewScore": "5",
    "Syllable": "74",
    "Word": "17",
    "RDate": "20220528",
    "Aspects": [
      {
        "Aspect": "가격",
        "SentimentText": "파격할인덕분에 지름신 강림해서 저렴히 구매했어요 짱~^^",
        "SentimentWord": "6",
        "SentimentPolarity": "1"
      },
      {
        "Aspect": "조작성",
        "SentimentText": "제 폰이랑두 연동되서 프로그램이란 프로그램은 모조리 다 볼 수 있어 짱~^^",
        "SentimentWord": "11",
        "SentimentPolarity": "1"
      }
    ]
  }
]