[
  {
    "Index": "14700",
    "RawText": "화면이 슬림해서 더 좋아요 그리고 화면도 크니까 글자도 보기 좋고  전에 쓰던 것과 크기가  제법차이가 나서 암튼 좋아용 그리고 배송도 생각보다 빠른배송에 만족합니다",
    "Source": "쇼핑몰",
    "Domain": "가전",
    "MainCategory": "영상/음향가전",
    "ProductName": "울트라HD LG전자 55UR642S0NC 스탠드",
    "ReviewScore": "4",
    "Syllable": "92",
    "Word": "23",
    "RDate": "20220806",
    "Aspects": [
      {
        "Aspect": "디자인",
        "SentimentText": "화면이 슬림해서 더 좋아요",
        "SentimentWord": "4",
        "SentimentPolarity": "1"
      },
      {
        "Aspect": "사이즈",
        "SentimentText": "그리고 화면도 크니까 글자도 보기 좋고  전에 쓰던 것과 크기가  제법차이가 나서 암튼 좋아용",
        "SentimentWord": "14",
        "SentimentPolarity": "1"
      }
    ]
  },
  {
    "Index": "14701",
    "RawText": "화질은 선명감이 이정도면 무난해요 ~ 화면은 커서 괜찮아요 굿~ 가성비도 완전 갑이란 생각이 들어요~ 설치기사님도 친절하셔서 무엇보다 좋았어요!!",
    "Source": "쇼핑몰",
    "Domain": "가전",
    "MainCategory": "영상/음향가전",
    "ProductName": "울트라HD LG전자 55UR642S0NC 스탠드",
    "ReviewScore": "5",
    "Syllable": "81",
    "Word": "18",
    "RDate": "20211120",
    "Aspects": [
      {
        "Aspect": "화질",
        "SentimentText": "화질은 선명감이 이정도면 무난해요 ~",
        "SentimentWord": "5",
        "SentimentPolarity": "0"
      },
      {
        "Aspect": "사이즈",
        "SentimentText": "화면은 커서 괜찮아요 굿~ ",
        "SentimentWord": "4",
        "SentimentPolarity": "1"
      },
      {
        "Aspect": "가격",
        "SentimentText": "가성비도 완전 갑이란 생각이 들어요~",
        "SentimentWord": "5",
        "SentimentPolarity": "1"
      }
    ]
  },
  {
    "Index": "14702",
    "RawText": "화질 해상도도 매우 좋구요 화면도 넓직하니까 만족합니다 .기사님께서 설치도 잘해주시니까 잘 사용하고있어요 십년은 거뜬하겠어요^^",
    "Source": "쇼핑몰",
    "Domain": "가전",
    "MainCategory": "영상/음향가전",
    "ProductName": "울트라HD LG전자 55UR642S0NC 스탠드",
    "ReviewScore": "5",
    "Syllable": "71",
    "Word": "14",
    "RDate": "20220725",
    "Aspects": [
      {
        "Aspect": "화질",
        "SentimentText": "화질 해상도도 매우 좋구요",
        "SentimentWord": "4",
        "SentimentPolarity": "1"
      },
      {
        "Aspect": "사이즈",
        "SentimentText": "화면도 넓직하니까 만족합니다",
        "SentimentWord": "3",
        "SentimentPolarity": "1"
      }
    ]
  },
  {
    "Index": "14703",
    "RawText": "화질도 그럭저럭 괜찮아용 너무 쨍한 느낌이라 설정에서 수동변경을 해주긴했어요~ 그리고 한가지 인터넷방송만 되는점 아쉽습니다ㅜ",
    "Source": "쇼핑몰",
    "Domain": "가전",
    "MainCategory": "영상/음향가전",
    "ProductName": "울트라HD LG전자 55UR642S0NC 스탠드",
    "ReviewScore": "5",
    "Syllable": "69",
    "Word": "14",
    "RDate": "20220110",
    "Aspects": [
      {
        "Aspect": "화질",
        "SentimentText": "화질도 그럭저럭 괜찮아용 너무 쨍한 느낌이라 설정에서 수동변경을 해주긴했어요~",
        "SentimentWord": "9",
        "SentimentPolarity": "0"
      },
      {
        "Aspect": "기능",
        "SentimentText": "그리고 한가지 인터넷방송만 되는점 아쉽습니다ㅜ",
        "SentimentWord": "5",
        "SentimentPolarity": "-1"
      }
    ]
  },
  {
    "Index": "14706",
    "RawText": "75인치!!화면 정말 커요 마음에 들어요 설치도 깔끔하게 잘해주셔서 만족하구요 사운드바에 음질도 선명하니까 매우 좋아요~",
    "Source": "쇼핑몰",
    "Domain": "가전",
    "MainCategory": "영상/음향가전",
    "ProductName": "울트라HD LG전자 75UQ9300KNA 스탠드",
    "ReviewScore": "5",
    "Syllable": "67",
    "Word": "14",
    "RDate": "20220804",
    "Aspects": [
      {
        "Aspect": "사이즈",
        "SentimentText": "75인치!!화면 정말 커요 마음에 들어요",
        "SentimentWord": "5",
        "SentimentPolarity": "1"
      },
      {
        "Aspect": "음량/음질",
        "SentimentText": "사운드바에 음질도 선명하니까 매우 좋아요~",
        "SentimentWord": "5",
        "SentimentPolarity": "1"
      }
    ]
  },
  {
    "Index": "14707",
    "RawText": "9년된 티비고장으로 구입했는데 75인치 크긴 진짜 크네요^^참 좋습니다!이용할 수있는기능들이 많아서 아이들이 더 좋아하네요 ㅎㅎ",
    "Source": "쇼핑몰",
    "Domain": "가전",
    "MainCategory": "영상/음향가전",
    "ProductName": "울트라HD LG전자 75UQ9300KNA 스탠드",
    "ReviewScore": "5",
    "Syllable": "71",
    "Word": "14",
    "RDate": "20220812",
    "GeneralPolarity": "1",
    "Aspects": [
      {
        "Aspect": "사이즈",
        "SentimentText": "9년된 티비고장으로 구입했는데 75인치 크긴 진짜 크네요^^참 좋습니다!",
        "SentimentWord": "8",
        "SentimentPolarity": "1"
      },
      {
        "Aspect": "기능",
        "SentimentText": "이용할 수있는기능들이 많아서 아이들이 더 좋아하네요 ㅎㅎ",
        "SentimentWord": "7",
        "SentimentPolarity": "1"
      }
    ]
  },
  {
    "Index": "14708",
    "RawText": "작년모델보다도 좋아졌는데 저렴하게 구매해서 좋아요 그리고 사은품 스피커도 음질짱! 만족합니다.",
    "Source": "쇼핑몰",
    "Domain": "가전",
    "MainCategory": "영상/음향가전",
    "ProductName": "울트라HD LG전자 75UQ9300KNA 스탠드",
    "ReviewScore": "5",
    "Syllable": "52",
    "Word": "10",
    "RDate": "20220615",
    "GeneralPolarity": "1",
    "Aspects": [
      {
        "Aspect": "가격",
        "SentimentText": "작년모델보다도 좋아졌는데 저렴하게 구매해서 좋아요",
        "SentimentWord": "5",
        "SentimentPolarity": "1"
      },
      {
        "Aspect": "음량/음질",
        "SentimentText": "그리고 사은품 스피커도 음질짱! 만족합니다.",
        "SentimentWord": "5",
        "SentimentPolarity": "1"
      }
    ]
  },
  {
    "Index": "14709",
    "RawText": "가성비가 최고인 제품이예요~ 더큰걸 샀으면 좋았지만 이정도면 크기도 만족하구요 화질의 선명함도 만족합니다. 친절하시구 설치도 빨라서 좋았습니다!!",
    "Source": "쇼핑몰",
    "Domain": "가전",
    "MainCategory": "영상/음향가전",
    "ProductName": "울트라HD LG전자 75UQ9300KNA 스탠드",
    "ReviewScore": "5",
    "Syllable": "81",
    "Word": "16",
    "RDate": "20220603",
    "Aspects": [
      {
        "Aspect": "가격",
        "SentimentText": "가성비가 최고인 제품이예요~",
        "SentimentWord": "3",
        "SentimentPolarity": "1"
      },
      {
        "Aspect": "사이즈",
        "SentimentText": "더큰걸 샀으면 좋았지만 이정도면 크기도 만족하구요",
        "SentimentWord": "6",
        "SentimentPolarity": "1"
      },
      {
        "Aspect": "화질",
        "SentimentText": "화질의 선명함도 만족합니다.",
        "SentimentWord": "3",
        "SentimentPolarity": "1"
      }
    ]
  },
  {
    "Index": "14712",
    "RawText": "다양한 앱을 바로 실행하고 원하는 콘텐츠를 볼수있는 스마트기능 신세계네요!!! 화면도 크니까 보기도 좋네요 역시!!",
    "Source": "쇼핑몰",
    "Domain": "가전",
    "MainCategory": "영상/음향가전",
    "ProductName": "울트라HD LG전자 75UQ9300KNA 스탠드",
    "ReviewScore": "5",
    "Syllable": "64",
    "Word": "14",
    "RDate": "20220802",
    "Aspects": [
      {
        "Aspect": "기능",
        "SentimentText": "다양한 앱을 바로 실행하고 원하는 콘텐츠를 볼수있는 스마트기능 신세계네요!!!",
        "SentimentWord": "9",
        "SentimentPolarity": "1"
      },
      {
        "Aspect": "사이즈",
        "SentimentText": "화면도 크니까 보기도 좋네요 역시!!",
        "SentimentWord": "5",
        "SentimentPolarity": "1"
      }
    ]
  },
  {
    "Index": "14713",
    "RawText": "기존티비가 고장나서 급하게 구매했는데도 3일만에 총알배송 좋아요♡화질도 해상도가 좋고요 화면도 큼지막하니 영화가 볼 맛나니 좋아요 착한가격에 잘 구매해서 만족하구요^^",
    "Source": "쇼핑몰",
    "Domain": "가전",
    "MainCategory": "영상/음향가전",
    "ProductName": "울트라HD LG전자 75UQ9300KNA 스탠드",
    "ReviewScore": "5",
    "Syllable": "93",
    "Word": "19",
    "RDate": "20220801",
    "Aspects": [
      {
        "Aspect": "화질",
        "SentimentText": "화질도 해상도가 좋고요",
        "SentimentWord": "3",
        "SentimentPolarity": "1"
      },
      {
        "Aspect": "사이즈",
        "SentimentText": "화면도 큼지막하니 영화가 볼 맛나니 좋아요",
        "SentimentWord": "6",
        "SentimentPolarity": "1"
      },
      {
        "Aspect": "가격",
        "SentimentText": "착한가격에 잘 구매해서 만족하구요^^",
        "SentimentWord": "4",
        "SentimentPolarity": "1"
      }
    ]
  },
  {
    "Index": "14714",
    "RawText": "품질이 너무 마음에 들어서 추천해요 정말 좋은 가격에 잘 구매했습니다.",
    "Source": "쇼핑몰",
    "Domain": "가전",
    "MainCategory": "영상/음향가전",
    "ProductName": "울트라HD LG전자 75UQ9300KNA 스탠드",
    "ReviewScore": "5",
    "Syllable": "39",
    "Word": "10",
    "RDate": "20220722",
    "Aspects": [
      {
        "Aspect": "품질",
        "SentimentText": "품질이 너무 마음에 들어서 추천해요",
        "SentimentWord": "5",
        "SentimentPolarity": "1"
      },
      {
        "Aspect": "가격",
        "SentimentText": "정말 좋은 가격에 잘 구매했습니다.",
        "SentimentWord": "5",
        "SentimentPolarity": "1"
      }
    ]
  },
  {
    "Index": "14715",
    "RawText": "화면이 너무 클까 걱정했는데 괜한걱정 크기가 맘에 쏙! 들어요 기사님도 친절하게 설명도 잘해주시니 좋구요 화질도 밝고 진해서 좋아요 착한가격으로 구입해서 만족합니다~",
    "Source": "쇼핑몰",
    "Domain": "가전",
    "MainCategory": "영상/음향가전",
    "ProductName": "울트라HD LG전자 75UQ9300KNA 스탠드",
    "ReviewScore": "5",
    "Syllable": "92",
    "Word": "21",
    "RDate": "20220816",
    "Aspects": [
      {
        "Aspect": "사이즈",
        "SentimentText": "화면이 너무 클까 걱정했는데 괜한걱정 크기가 맘에 쏙! 들어요",
        "SentimentWord": "9",
        "SentimentPolarity": "1"
      },
      {
        "Aspect": "화질",
        "SentimentText": "화질도 밝고 진해서 좋아요",
        "SentimentWord": "4",
        "SentimentPolarity": "1"
      },
      {
        "Aspect": "가격",
        "SentimentText": "착한가격으로 구입해서 만족합니다~",
        "SentimentWord": "3",
        "SentimentPolarity": "1"
      }
    ]
  },
  {
    "Index": "14716",
    "RawText": "대형 화면으로 방안 분위기를 살려주어서너무 만족해요 화질도 선명감이 좋아서 잘 구입한 것같아요~ 신속하게 설치해주셔서 좋습니다",
    "Source": "쇼핑몰",
    "Domain": "가전",
    "MainCategory": "영상/음향가전",
    "ProductName": "울트라HD LG전자 75UQ9300KNA 스탠드",
    "ReviewScore": "5",
    "Syllable": "70",
    "Word": "15",
    "RDate": "20220829",
    "Aspects": [
      {
        "Aspect": "사이즈",
        "SentimentText": "대형 화면으로 방안 분위기를 살려주어서너무 만족해요",
        "SentimentWord": "6",
        "SentimentPolarity": "1"
      },
      {
        "Aspect": "화질",
        "SentimentText": "화질도 선명감이 좋아서 잘 구입한 것같아요~",
        "SentimentWord": "6",
        "SentimentPolarity": "1"
      }
    ]
  },
  {
    "Index": "14717",
    "RawText": "품질이 너무 괜찮아서 만족해요 화면도 밝으니 역시 잘 산것같아요",
    "Source": "쇼핑몰",
    "Domain": "가전",
    "MainCategory": "영상/음향가전",
    "ProductName": "울트라HD LG전자 75UQ9300KNA 스탠드",
    "ReviewScore": "5",
    "Syllable": "35",
    "Word": "9",
    "RDate": "20220802",
    "GeneralPolarity": "1",
    "Aspects": [
      {
        "Aspect": "품질",
        "SentimentText": "품질이 너무 괜찮아서 만족해요",
        "SentimentWord": "4",
        "SentimentPolarity": "1"
      },
      {
        "Aspect": "화질",
        "SentimentText": "화면도 밝으니 역시 잘 산것같아요",
        "SentimentWord": "5",
        "SentimentPolarity": "1"
      }
    ]
  },
  {
    "Index": "14718",
    "RawText": "기능들은 모두 만족스러워요 그런데 어두운장면에서는 화질이 흐려서 해결법을 찾는중인데 아쉬워요!!",
    "Source": "쇼핑몰",
    "Domain": "가전",
    "MainCategory": "영상/음향가전",
    "ProductName": "울트라HD LG전자 75UQ9300KNA 스탠드",
    "ReviewScore": "5",
    "Syllable": "53",
    "Word": "10",
    "RDate": "20220809",
    "GeneralPolarity": "0",
    "Aspects": [
      {
        "Aspect": "기능",
        "SentimentText": "기능들은 모두 만족스러워요",
        "SentimentWord": "3",
        "SentimentPolarity": "1"
      },
      {
        "Aspect": "화질",
        "SentimentText": "그런데 어두운장면에서는 화질이 흐려서 해결법을 찾는중인데 아쉬워요!!",
        "SentimentWord": "7",
        "SentimentPolarity": "-1"
      }
    ]
  },
  {
    "Index": "14719",
    "RawText": "화면이 엄청 커서 영상볼때 생생하네요~ 화질도 선명해서 만족하니까! 강추예요",
    "Source": "쇼핑몰",
    "Domain": "가전",
    "MainCategory": "영상/음향가전",
    "ProductName": "울트라HD LG전자 75UQ9300KNA 스탠드",
    "ReviewScore": "5",
    "Syllable": "42",
    "Word": "9",
    "RDate": "20220726",
    "Aspects": [
      {
        "Aspect": "사이즈",
        "SentimentText": "화면이 엄청 커서 영상볼때 생생하네요~",
        "SentimentWord": "5",
        "SentimentPolarity": "1"
      },
      {
        "Aspect": "화질",
        "SentimentText": "화질도 선명해서 만족하니까! 강추예요",
        "SentimentWord": "4",
        "SentimentPolarity": "1"
      }
    ]
  },
  {
    "Index": "14720",
    "RawText": "스마트기능이라 다양한 콘텐츠를 맛볼수 있어 굿이네요^^그리고 가격도 저렴하니 착해서 좋습니다!!",
    "Source": "쇼핑몰",
    "Domain": "가전",
    "MainCategory": "영상/음향가전",
    "ProductName": "울트라HD LG전자 75UQ9300KNA 스탠드",
    "ReviewScore": "5",
    "Syllable": "53",
    "Word": "10",
    "RDate": "20220731",
    "Aspects": [
      {
        "Aspect": "기능",
        "SentimentText": "스마트기능이라 다양한 콘텐츠를 맛볼수 있어 굿이네요^^",
        "SentimentWord": "6",
        "SentimentPolarity": "1"
      },
      {
        "Aspect": "가격",
        "SentimentText": "그리고 가격도 저렴하니 착해서 좋습니다!!",
        "SentimentWord": "5",
        "SentimentPolarity": "1"
      }
    ]
  },
  {
    "Index": "14721",
    "RawText": "가격대비 품질 만족이구요~ 인터넷방송 시청이 가능해서 열심히 보는데 만족해요 ",
    "Source": "쇼핑몰",
    "Domain": "가전",
    "MainCategory": "영상/음향가전",
    "ProductName": "울트라HD LG전자 75UQ9300KNA 스탠드",
    "ReviewScore": "5",
    "Syllable": "43",
    "Word": "9",
    "RDate": "20220811",
    "Aspects": [
      {
        "Aspect": "품질",
        "SentimentText": "가격대비 품질 만족이구요~",
        "SentimentWord": "3",
        "SentimentPolarity": "1"
      },
      {
        "Aspect": "기능",
        "SentimentText": "인터넷방송 시청이 가능해서 열심히 보는데 만족해요",
        "SentimentWord": "6",
        "SentimentPolarity": "1"
      }
    ]
  },
  {
    "Index": "14722",
    "RawText": "품질도 뭐하나 금간곳없이 퀄리티 좋아 보여요 그리고 제일 저렴한 곳에서 구매한것같아서 만족합니다^^ ",
    "Source": "쇼핑몰",
    "Domain": "가전",
    "MainCategory": "영상/음향가전",
    "ProductName": "울트라HD LG전자 75UQ9300KNA 스탠드",
    "ReviewScore": "5",
    "Syllable": "56",
    "Word": "12",
    "RDate": "20220806",
    "Aspects": [
      {
        "Aspect": "품질",
        "SentimentText": "품질도 뭐하나 금간곳없이 퀄리티 좋아 보여요",
        "SentimentWord": "6",
        "SentimentPolarity": "1"
      },
      {
        "Aspect": "가격",
        "SentimentText": "그리고 제일 저렴한 곳에서 구매한것같아서 만족합니다^^",
        "SentimentWord": "6",
        "SentimentPolarity": "1"
      }
    ]
  },
  {
    "Index": "14723",
    "RawText": "인터넷방송도 검색이 가능해서 정말 좋아요 사운드 짱짱해서 음질 좋구요~",
    "Source": "쇼핑몰",
    "Domain": "가전",
    "MainCategory": "영상/음향가전",
    "ProductName": "울트라HD LG전자 75UQ9300KNA 스탠드",
    "ReviewScore": "4",
    "Syllable": "39",
    "Word": "9",
    "RDate": "20220819",
    "Aspects": [
      {
        "Aspect": "기능",
        "SentimentText": "인터넷방송도 검색이 가능해서 정말 좋아요 ",
        "SentimentWord": "5",
        "SentimentPolarity": "1"
      },
      {
        "Aspect": "음량/음질",
        "SentimentText": "사운드 짱짱해서 음질 좋구요~",
        "SentimentWord": "4",
        "SentimentPolarity": "1"
      }
    ]
  },
  {
    "Index": "14724",
    "RawText": "배송이 신속해서 만족합니다 제품의 품질도 훌륭합니다^^ 앱도 여러가지로 적용이 되니까 소셜미디어도 아주 편하게 볼 수 있어서 좋아요good",
    "Source": "쇼핑몰",
    "Domain": "가전",
    "MainCategory": "영상/음향가전",
    "ProductName": "울트라HD LG전자 75UQ9300KNA 스탠드",
    "ReviewScore": "5",
    "Syllable": "77",
    "Word": "17",
    "RDate": "20220816",
    "Aspects": [
      {
        "Aspect": "품질",
        "SentimentText": "제품의 품질도 훌륭합니다^^",
        "SentimentWord": "3",
        "SentimentPolarity": "1"
      },
      {
        "Aspect": "기능",
        "SentimentText": "앱도 여러가지로 적용이 되니까 소셜미디어도 아주 편하게 볼 수 있어서 좋아요good",
        "SentimentWord": "11",
        "SentimentPolarity": "1"
      }
    ]
  },
  {
    "Index": "14725",
    "RawText": "75인치로 바꾸니 극장이네요 사이즈 크니 좋아요~ 가성비도 짱입니닷!! ",
    "Source": "쇼핑몰",
    "Domain": "가전",
    "MainCategory": "영상/음향가전",
    "ProductName": "울트라HD LG전자 75UQ9300KNA 스탠드",
    "ReviewScore": "5",
    "Syllable": "40",
    "Word": "8",
    "RDate": "20220829",
    "Aspects": [
      {
        "Aspect": "사이즈",
        "SentimentText": "75인치로 바꾸니 극장이네요 사이즈 크니 좋아요~",
        "SentimentWord": "6",
        "SentimentPolarity": "1"
      },
      {
        "Aspect": "가격",
        "SentimentText": "가성비도 짱입니닷!!",
        "SentimentWord": "2",
        "SentimentPolarity": "1"
      }
    ]
  },
  {
    "Index": "14726",
    "RawText": "제일 저렴하게 샀다고 기뻣는데 가격이 더 내려갔네요 ㅠㅠ  제품의 품질들은 훌륭하네용^^ ",
    "Source": "쇼핑몰",
    "Domain": "가전",
    "MainCategory": "영상/음향가전",
    "ProductName": "울트라HD LG전자 75UQ9300KNA 스탠드",
    "ReviewScore": "3",
    "Syllable": "50",
    "Word": "11",
    "RDate": "20220804",
    "Aspects": [
      {
        "Aspect": "가격",
        "SentimentText": "제일 저렴하게 샀다고 기뻣는데 가격이 더 내려갔네요 ㅠㅠ",
        "SentimentWord": "8",
        "SentimentPolarity": "-1"
      },
      {
        "Aspect": "품질",
        "SentimentText": "제품의 품질들은 훌륭하네용^^",
        "SentimentWord": "3",
        "SentimentPolarity": "1"
      }
    ]
  },
  {
    "Index": "14727",
    "RawText": "화면도 엄청 크서 맘에 들고 이 정도 스펙이면 상당히 매력적인 제품인 듯 하네요. 추천합니다. ",
    "Source": "쇼핑몰",
    "Domain": "가전",
    "MainCategory": "영상/음향가전",
    "ProductName": "울트라HD LG전자 75UQ9300KNA 스탠드",
    "ReviewScore": "5",
    "Syllable": "53",
    "Word": "14",
    "RDate": "20220820",
    "Aspects": [
      {
        "Aspect": "사이즈",
        "SentimentText": "화면도 엄청 크서 맘에 들고 ",
        "SentimentWord": "5",
        "SentimentPolarity": "1"
      },
      {
        "Aspect": "제품구성",
        "SentimentText": " 이 정도 스펙이면 상당히 매력적인 제품인 듯 하네요. 추천합니다.",
        "SentimentWord": "9",
        "SentimentPolarity": "1"
      }
    ]
  },
  {
    "Index": "14728",
    "RawText": "화질도 좋고 아주 만족합니다 사은품까지 보내주신거 잘 수령하고 만족하구요",
    "Source": "쇼핑몰",
    "Domain": "가전",
    "MainCategory": "영상/음향가전",
    "ProductName": "울트라HD LG전자 75UQ9300KNA 스탠드",
    "ReviewScore": "5",
    "Syllable": "40",
    "Word": "9",
    "RDate": "20220722",
    "Aspects": [
      {
        "Aspect": "화질",
        "SentimentText": "화질도 좋고 아주 만족합니다",
        "SentimentWord": "4",
        "SentimentPolarity": "1"
      },
      {
        "Aspect": "제품구성",
        "SentimentText": "사은품까지 보내주신거 잘 수령하고 만족하구요",
        "SentimentWord": "5",
        "SentimentPolarity": "1"
      }
    ]
  },
  {
    "Index": "14729",
    "RawText": "배송빠르니까 설치도 빨리해서 매우 좋아요 3일만에 후다닥!! 화질의 선명감도 좋으니 만족하구요 화면이 큼지막하니 넘 좋아용",
    "Source": "쇼핑몰",
    "Domain": "가전",
    "MainCategory": "영상/음향가전",
    "ProductName": "울트라HD LG전자 75UQ9300KNA 스탠드",
    "ReviewScore": "5",
    "Syllable": "68",
    "Word": "15",
    "RDate": "20220623",
    "Aspects": [
      {
        "Aspect": "화질",
        "SentimentText": "화질의 선명감도 좋으니 만족하구요",
        "SentimentWord": "4",
        "SentimentPolarity": "1"
      },
      {
        "Aspect": "사이즈",
        "SentimentText": "화면이 큼지막하니 넘 좋아용",
        "SentimentWord": "4",
        "SentimentPolarity": "1"
      }
    ]
  },
  {
    "Index": "14730",
    "RawText": "배송빠른것이 제일 마음에 들었습니다. 거실이 넓은데 큰티비의 화면이 딱! 좋아요 화면이 약간 어두운것이 아쉬워요 그래도 가성비 따지면 만족합니다",
    "Source": "쇼핑몰",
    "Domain": "가전",
    "MainCategory": "영상/음향가전",
    "ProductName": "울트라HD LG전자 75UQ9300KNA 스탠드",
    "ReviewScore": "5",
    "Syllable": "80",
    "Word": "18",
    "RDate": "20220823",
    "Aspects": [
      {
        "Aspect": "사이즈",
        "SentimentText": "거실이 넓은데 큰티비의 화면이 딱! 좋아요",
        "SentimentWord": "6",
        "SentimentPolarity": "1"
      },
      {
        "Aspect": "화질",
        "SentimentText": "화면이 약간 어두운것이 아쉬워요",
        "SentimentWord": "4",
        "SentimentPolarity": "-1"
      },
      {
        "Aspect": "가격",
        "SentimentText": "그래도 가성비 따지면 만족합니다",
        "SentimentWord": "4",
        "SentimentPolarity": "1"
      }
    ]
  },
  {
    "Index": "14731",
    "RawText": "생각보다 빠른 배송과 설치에 만족해요 할인가 받아서 저렴하게 구입해서 좋구요 1등급효율이라 환급도 되니까 더욱 만족해요 화질은 흐린것이 안좋다 생각했는데 설정 노이즈제거 높게 하니까 좋아지네요 ㅎㅎ",
    "Source": "쇼핑몰",
    "Domain": "가전",
    "MainCategory": "영상/음향가전",
    "ProductName": "울트라HD LG전자 75UQ9300KNA 스탠드",
    "ReviewScore": "5",
    "Syllable": "110",
    "Word": "25",
    "RDate": "20220607",
    "Aspects": [
      {
        "Aspect": "가격",
        "SentimentText": "할인가 받아서 저렴하게 구입해서 좋구요",
        "SentimentWord": "5",
        "SentimentPolarity": "1"
      },
      {
        "Aspect": "소비전력",
        "SentimentText": "1등급효율이라 환급도 되니까 더욱 만족해요",
        "SentimentWord": "5",
        "SentimentPolarity": "1"
      },
      {
        "Aspect": "화질",
        "SentimentText": "화질은 흐린것이 안좋다 생각했는데 설정 노이즈제거 높게 하니까 좋아지네요 ㅎㅎ",
        "SentimentWord": "10",
        "SentimentPolarity": "1"
      }
    ]
  },
  {
    "Index": "14732",
    "RawText": "너무 좋은가격으로 구입해서 기분이 좋아요 ㅎㅎ 늦게 받은 사운드바는 그런데로 쓸만한거 같습니다.",
    "Source": "쇼핑몰",
    "Domain": "가전",
    "MainCategory": "영상/음향가전",
    "ProductName": "울트라HD LG전자 75UQ9300KNA 스탠드",
    "ReviewScore": "5",
    "Syllable": "53",
    "Word": "12",
    "RDate": "20220818",
    "Aspects": [
      {
        "Aspect": "가격",
        "SentimentText": "너무 좋은가격으로 구입해서 기분이 좋아요 ㅎㅎ",
        "SentimentWord": "6",
        "SentimentPolarity": "1"
      },
      {
        "Aspect": "제품구성",
        "SentimentText": "사운드바는 그런데로 쓸만한거 같습니다.",
        "SentimentWord": "4",
        "SentimentPolarity": "0"
      }
    ]
  },
  {
    "Index": "14734",
    "RawText": "음량이 크고 음질이 풍부하게 들려서 만족!!  25평에 사이즈가 너무 크지 않을까 했는데 생각보다 그렇게 크지도 않고 딱 좋네요~",
    "Source": "쇼핑몰",
    "Domain": "가전",
    "MainCategory": "영상/음향가전",
    "ProductName": "울트라HD LG전자 75UQ9300KNA 스탠드",
    "ReviewScore": "5",
    "Syllable": "72",
    "Word": "18",
    "RDate": "20220817",
    "Aspects": [
      {
        "Aspect": "음량/음질",
        "SentimentText": "음량이 크고 음질이 풍부하게 들려서 만족!!",
        "SentimentWord": "6",
        "SentimentPolarity": "1"
      },
      {
        "Aspect": "사이즈",
        "SentimentText": "25평에 사이즈가 너무 크지 않을까 했는데 생각보다 그렇게 크지도 않고 딱 좋네요~",
        "SentimentWord": "12",
        "SentimentPolarity": "1"
      }
    ]
  },
  {
    "Index": "14735",
    "RawText": "OO쇼핑 쿠폰으로 할인받아 저렴하게 잘 샀어요! TV도 맘에 드네요 사이즈가 큼직하니 보기도 아주 좋아요",
    "Source": "쇼핑몰",
    "Domain": "가전",
    "MainCategory": "영상/음향가전",
    "ProductName": "울트라HD LG전자 75UQ9300KNA 스탠드",
    "ReviewScore": "5",
    "Syllable": "58",
    "Word": "14",
    "RDate": "20220602",
    "GeneralPolarity": "1",
    "Aspects": [
      {
        "Aspect": "가격",
        "SentimentText": "OO쇼핑 쿠폰으로 할인받아 저렴하게 잘 샀어요!",
        "SentimentWord": "6",
        "SentimentPolarity": "1"
      },
      {
        "Aspect": "사이즈",
        "SentimentText": "사이즈가 큼직하니 보기도 아주 좋아요",
        "SentimentWord": "5",
        "SentimentPolarity": "1"
      }
    ]
  },
  {
    "Index": "14736",
    "RawText": "새집이사 기념으로 구입했는데 다양한 기능과 선명한 화질도 좋은데  특히나 가격이 싸게 잘산것 같아요. 아버님도 엄청 마음에 들어하세요^^ 역시 OOO 라 그런지 최고입니다. 설치 기사님도 친절하게 잘 설치해주셔서 좋았어요.",
    "Source": "쇼핑몰",
    "Domain": "가전",
    "MainCategory": "영상/음향가전",
    "ProductName": "울트라HD LG전자 75UQ9300KNA 스탠드",
    "ReviewScore": "5",
    "Syllable": "124",
    "Word": "28",
    "RDate": "20220808",
    "Aspects": [
      {
        "Aspect": "기능",
        "SentimentText": "새집이사 기념으로 구입했는데 다양한 기능과 선명한 화질도 좋은데",
        "SentimentWord": "8",
        "SentimentPolarity": "1"
      },
      {
        "Aspect": "화질",
        "SentimentText": "선명한 화질도 좋은데",
        "SentimentWord": "3",
        "SentimentPolarity": "1"
      },
      {
        "Aspect": "가격",
        "SentimentText": "특히나 가격이 싸게 잘산것 같아요.",
        "SentimentWord": "5",
        "SentimentPolarity": "1"
      },
      {
        "Aspect": "제조일/제조사",
        "SentimentText": "역시 OOO 라 그런지 최고입니다.",
        "SentimentWord": "5",
        "SentimentPolarity": "1"
      }
    ]
  },
  {
    "Index": "14737",
    "RawText": "가격이 저렴해서 넘 좋아요~ 외관이 깔끔하고 베젤이 얇아서 너무 예쁘네요",
    "Source": "쇼핑몰",
    "Domain": "가전",
    "MainCategory": "영상/음향가전",
    "ProductName": "울트라HD LG전자 75UQ9300KNA 스탠드",
    "ReviewScore": "5",
    "Syllable": "40",
    "Word": "10",
    "RDate": "20220811",
    "Aspects": [
      {
        "Aspect": "가격",
        "SentimentText": "가격이 저렴해서 넘 좋아요~",
        "SentimentWord": "4",
        "SentimentPolarity": "1"
      },
      {
        "Aspect": "사이즈",
        "SentimentText": "외관이 깔끔하고 베젤이 얇아서 너무 예쁘네요",
        "SentimentWord": "6",
        "SentimentPolarity": "1"
      }
    ]
  },
  {
    "Index": "14738",
    "RawText": "여러 사이트 보며 고민하다 저렴한 가격에 잘 산 것 같아요 처음엔 좀 큰가 싶었는데 곧 적응돼서 만족하며 보고 있어요~",
    "Source": "쇼핑몰",
    "Domain": "가전",
    "MainCategory": "영상/음향가전",
    "ProductName": "울트라HD LG전자 75UQ9300KNA 스탠드",
    "ReviewScore": "5",
    "Syllable": "66",
    "Word": "19",
    "RDate": "20220829",
    "GeneralPolarity": "1",
    "Aspects": [
      {
        "Aspect": "가격",
        "SentimentText": "여러 사이트 보며 고민하다 저렴한 가격에 잘 산 것 같아요",
        "SentimentWord": "10",
        "SentimentPolarity": "1"
      },
      {
        "Aspect": "사이즈",
        "SentimentText": "처음엔 좀 큰가 싶었는데 곧 적응돼서 만족하며 보고 있어요~",
        "SentimentWord": "9",
        "SentimentPolarity": "1"
      }
    ]
  },
  {
    "Index": "14739",
    "RawText": "인터넷방송을 TV로 볼수 있다는 점이 넘 좋아요. 집에 두니까 생각한 것보다 훨 커보이네요 거실장이 꽉찰만큼",
    "Source": "쇼핑몰",
    "Domain": "가전",
    "MainCategory": "영상/음향가전",
    "ProductName": "울트라HD LG전자 75UQ9300KNA 스탠드",
    "ReviewScore": "5",
    "Syllable": "60",
    "Word": "15",
    "RDate": "20220702",
    "GeneralPolarity": "0",
    "Aspects": [
      {
        "Aspect": "기능",
        "SentimentText": "인터넷방송을 TV로 볼수 있다는 점이 넘 좋아요. ",
        "SentimentWord": "7",
        "SentimentPolarity": "1"
      },
      {
        "Aspect": "사이즈",
        "SentimentText": "집에 두니까 생각한 것보다 훨 커보이네요 거실장이 꽉찰만큼",
        "SentimentWord": "8",
        "SentimentPolarity": "0"
      }
    ]
  },
  {
    "Index": "14740",
    "RawText": "사이즈가 크니까 정말 너무 좋네요.. 하지만 기대만큼 화질이 선명하지 않아요 ㅠ ㅠ",
    "Source": "쇼핑몰",
    "Domain": "가전",
    "MainCategory": "영상/음향가전",
    "ProductName": "울트라HD LG전자 75UQ9300KNA 스탠드",
    "ReviewScore": "5",
    "Syllable": "46",
    "Word": "12",
    "RDate": "20220625",
    "GeneralPolarity": "0",
    "Aspects": [
      {
        "Aspect": "사이즈",
        "SentimentText": "사이즈가 크니까 정말 너무 좋네요..",
        "SentimentWord": "5",
        "SentimentPolarity": "1"
      },
      {
        "Aspect": "화질",
        "SentimentText": "기대만큼 화질이 선명하지 않아요 ㅠ ㅠ",
        "SentimentWord": "6",
        "SentimentPolarity": "-1"
      }
    ]
  },
  {
    "Index": "14741",
    "RawText": "최신형에 에너지등급도 좋고 화면이  큼직하니 볼때마다 기분이 좋습니다",
    "Source": "쇼핑몰",
    "Domain": "가전",
    "MainCategory": "영상/음향가전",
    "ProductName": "울트라HD LG전자 75UQ9300KNA 스탠드",
    "ReviewScore": "5",
    "Syllable": "38",
    "Word": "8",
    "RDate": "20220825",
    "GeneralPolarity": "1",
    "Aspects": [
      {
        "Aspect": "소비전력",
        "SentimentText": "최신형에 에너지등급도 좋고",
        "SentimentWord": "3",
        "SentimentPolarity": "1"
      },
      {
        "Aspect": "사이즈",
        "SentimentText": " 화면이  큼직하니 볼때마다 기분이 좋습니다",
        "SentimentWord": "5",
        "SentimentPolarity": "1"
      }
    ]
  },
  {
    "Index": "14742",
    "RawText": "가격이 좋아서 구매했어요. 방송중일때 산 게 아니라 선풍기 사은품은 받지 못했는데 그래도 더 저렴하게 사서 만족~",
    "Source": "쇼핑몰",
    "Domain": "가전",
    "MainCategory": "영상/음향가전",
    "ProductName": "울트라HD LG전자 75UQ9300KNA 스탠드",
    "ReviewScore": "5",
    "Syllable": "63",
    "Word": "16",
    "RDate": "20220821",
    "GeneralPolarity": "1",
    "Aspects": [
      {
        "Aspect": "가격",
        "SentimentText": "가격이 좋아서 구매했어요.",
        "SentimentWord": "3",
        "SentimentPolarity": "1"
      },
      {
        "Aspect": "가격",
        "SentimentText": "방송중일때 산 게 아니라 선풍기 사은품은 받지 못했는데 그래도 더 저렴하게 사서 만족~",
        "SentimentWord": "13",
        "SentimentPolarity": "1"
      }
    ]
  },
  {
    "Index": "14743",
    "RawText": "가격이 좋아 구매했어요. 이것 저것 많이 비교해봤는데 가격대비 이만한 물건이 없는 거 같아서 바로 구매했어요! 감히 말하는데 이 가격에 이 제품 가히 추천드려요",
    "Source": "쇼핑몰",
    "Domain": "가전",
    "MainCategory": "영상/음향가전",
    "ProductName": "울트라HD LG전자 75UQ9300KNA 스탠드",
    "ReviewScore": "5",
    "Syllable": "89",
    "Word": "23",
    "RDate": "20220806",
    "GeneralPolarity": "1",
    "Aspects": [
      {
        "Aspect": "가격",
        "SentimentText": "가격이 좋아 구매했어요",
        "SentimentWord": "3",
        "SentimentPolarity": "1"
      },
      {
        "Aspect": "가격",
        "SentimentText": "이것 저것 많이 비교해봤는데 가격대비 이만한 물건이 없는 거 같아서 바로 구매했어요!",
        "SentimentWord": "12",
        "SentimentPolarity": "1"
      }
    ]
  },
  {
    "Index": "14744",
    "RawText": "가격도 저렴하게 구입했고 탁월한 선택을 한것같아 좋아요^^ TV도 화질 너무 좋아서 만족합니다.",
    "Source": "쇼핑몰",
    "Domain": "가전",
    "MainCategory": "영상/음향가전",
    "ProductName": "울트라HD LG전자 75UQ9300KNA 스탠드",
    "ReviewScore": "5",
    "Syllable": "53",
    "Word": "12",
    "RDate": "20220721",
    "Aspects": [
      {
        "Aspect": "가격",
        "SentimentText": "가격도 저렴하게 구입했고 탁월한 선택을 한것같아 좋아요^^",
        "SentimentWord": "7",
        "SentimentPolarity": "1"
      },
      {
        "Aspect": "화질",
        "SentimentText": "TV도 화질 너무 좋아서 만족합니다.",
        "SentimentWord": "5",
        "SentimentPolarity": "1"
      }
    ]
  },
  {
    "Index": "14745",
    "RawText": "카드 할인에 쿠폰 할인까지 받아서 저렴한 가격으로 구매했어요! 가격대비 품질도 너무 좋아요~",
    "Source": "쇼핑몰",
    "Domain": "가전",
    "MainCategory": "영상/음향가전",
    "ProductName": "울트라HD LG전자 75UQ9300KNA 스탠드",
    "ReviewScore": "5",
    "Syllable": "51",
    "Word": "12",
    "RDate": "20220807",
    "Aspects": [
      {
        "Aspect": "가격",
        "SentimentText": "카드 할인에 쿠폰 할인까지 받아서 저렴한 가격으로 구매했어요!",
        "SentimentWord": "8",
        "SentimentPolarity": "1"
      },
      {
        "Aspect": "품질",
        "SentimentText": "가격대비 품질도 너무 좋아요~",
        "SentimentWord": "4",
        "SentimentPolarity": "1"
      }
    ]
  },
  {
    "Index": "14746",
    "RawText": "타 방송사보다 저렴한 가격에 구매했어요... 제품 품질이 엄청 좋아요~  배송 서비스는 아주 만족 친절하게 설치해 주셨어요...",
    "Source": "쇼핑몰",
    "Domain": "가전",
    "MainCategory": "영상/음향가전",
    "ProductName": "울트라HD LG전자 75UQ9300KNA 스탠드",
    "ReviewScore": "5",
    "Syllable": "71",
    "Word": "16",
    "RDate": "20220701",
    "Aspects": [
      {
        "Aspect": "가격",
        "SentimentText": "타 방송사보다 저렴한 가격에 구매했어요... ",
        "SentimentWord": "5",
        "SentimentPolarity": "1"
      },
      {
        "Aspect": "품질",
        "SentimentText": "제품 품질이 엄청 좋아요~ ",
        "SentimentWord": "4",
        "SentimentPolarity": "1"
      }
    ]
  },
  {
    "Index": "14747",
    "RawText": "포인트도 주시고 가격도 싸고 정말 잘샀네요 매우 만족 역시 가전은 OOO죠! 믿고 구매합니다",
    "Source": "쇼핑몰",
    "Domain": "가전",
    "MainCategory": "영상/음향가전",
    "ProductName": "울트라HD LG전자 75UQ9300KNA 스탠드",
    "ReviewScore": "5",
    "Syllable": "51",
    "Word": "13",
    "RDate": "20220716",
    "GeneralPolarity": "1",
    "Aspects": [
      {
        "Aspect": "가격",
        "SentimentText": "포인트도 주시고 가격도 싸고 정말 잘샀네요",
        "SentimentWord": "6",
        "SentimentPolarity": "1"
      },
      {
        "Aspect": "제조일/제조사",
        "SentimentText": "역시 가전은 OOO죠! 믿고 구매합니다",
        "SentimentWord": "5",
        "SentimentPolarity": "1"
      }
    ]
  },
  {
    "Index": "14748",
    "RawText": "화질도 좋고 넘 만족해요. 기능도 여러가지라 볼거리가 많다는 점이 굿굿. 화면이 크니까 영화볼때도 몰입감이 높은 거 같아서 좋네요, 사은품으로 사운드바도 같이 설치해 주셔서 잘 사용하고 있어요!",
    "Source": "쇼핑몰",
    "Domain": "가전",
    "MainCategory": "영상/음향가전",
    "ProductName": "울트라HD LG전자 75UQ9300KNA 스탠드",
    "ReviewScore": "5",
    "Syllable": "108",
    "Word": "26",
    "RDate": "20220605",
    "GeneralPolarity": "1",
    "Aspects": [
      {
        "Aspect": "화질",
        "SentimentText": "화질도 좋고 넘 만족해요. ",
        "SentimentWord": "4",
        "SentimentPolarity": "1"
      },
      {
        "Aspect": "기능",
        "SentimentText": "기능도 여러가지라 볼거리가 많다는 점이 굿굿.",
        "SentimentWord": "6",
        "SentimentPolarity": "1"
      },
      {
        "Aspect": "사이즈",
        "SentimentText": "화면이 크니까 영화볼때도 몰입감이 높은 거 같아서 좋네요, ",
        "SentimentWord": "8",
        "SentimentPolarity": "1"
      },
      {
        "Aspect": "제품구성",
        "SentimentText": "사은품으로 사운드바도 같이 설치해 주셔서 잘 사용하고 있어요!",
        "SentimentWord": "8",
        "SentimentPolarity": "1"
      }
    ]
  },
  {
    "Index": "14749",
    "RawText": "6월12일에 주문했는데 17일에 설치 받았습니다 배송 굿굿. 다른 쇼핑몰과 같은 모델인데도 가장 싸게 구매했어요! 화질도 엄청 좋고 크기도 아주 만족해요.",
    "Source": "쇼핑몰",
    "Domain": "가전",
    "MainCategory": "영상/음향가전",
    "ProductName": "울트라HD LG전자 86UQ9300KNA 스탠드",
    "ReviewScore": "5",
    "Syllable": "86",
    "Word": "20",
    "RDate": "20220621",
    "Aspects": [
      {
        "Aspect": "가격",
        "SentimentText": "다른 쇼핑몰과 같은 모델인데도 가장 싸게 구매했어요!",
        "SentimentWord": "7",
        "SentimentPolarity": "1"
      },
      {
        "Aspect": "화질",
        "SentimentText": "화질도 엄청 좋고",
        "SentimentWord": "3",
        "SentimentPolarity": "1"
      },
      {
        "Aspect": "사이즈",
        "SentimentText": "크기도 아주 만족해요.",
        "SentimentWord": "3",
        "SentimentPolarity": "1"
      }
    ]
  },
  {
    "Index": "14750",
    "RawText": "TV 생각한 것보다 일찍 배송해 주셔서 좋았어요.  제품 품질은 아주 좋아요. 화질은 일반 방송 시청시에는 Full HD 송출이라 그닥이지만 4K 영화나 너튜브 4K 시청시에는 화질 좋아요. 제품 상당히 만족하면서 쓸 것 같아요.. 사운드바는 아직 배송 받지 못했어요.",
    "Source": "쇼핑몰",
    "Domain": "가전",
    "MainCategory": "영상/음향가전",
    "ProductName": "울트라HD LG전자 86UQ9300KNA 스탠드",
    "ReviewScore": "5",
    "Syllable": "150",
    "Word": "37",
    "RDate": "20220819",
    "Aspects": [
      {
        "Aspect": "품질",
        "SentimentText": "제품 품질은 아주 좋아요.",
        "SentimentWord": "4",
        "SentimentPolarity": "1"
      },
      {
        "Aspect": "화질",
        "SentimentText": "화질은 일반 방송 시청시에는 Full HD 송출이라 그닥이지만",
        "SentimentWord": "8",
        "SentimentPolarity": "-1"
      },
      {
        "Aspect": "화질",
        "SentimentText": "4K 영화나 너튜브 4K 시청시에는 화질 좋아요. ",
        "SentimentWord": "7",
        "SentimentPolarity": "1"
      }
    ]
  },
  {
    "Index": "14751",
    "RawText": "제품 품질 마음에 쏙 들어요! 추천추천. 티비는 무조건 거거익선이라는 말이 정답이네요.꼭 영화관에 온거같아요 ㅎㅎ",
    "Source": "쇼핑몰",
    "Domain": "가전",
    "MainCategory": "영상/음향가전",
    "ProductName": "울트라HD LG전자 86UQ9300KNA 스탠드",
    "ReviewScore": "5",
    "Syllable": "63",
    "Word": "14",
    "RDate": "20220823",
    "Aspects": [
      {
        "Aspect": "품질",
        "SentimentText": "제품 품질 마음에 쏙 들어요! ",
        "SentimentWord": "5",
        "SentimentPolarity": "1"
      },
      {
        "Aspect": "사이즈",
        "SentimentText": "티비는 무조건 거거익선이라는 말이 정답이네요.꼭 영화관에 온거같아요 ㅎㅎ",
        "SentimentWord": "8",
        "SentimentPolarity": "1"
      }
    ]
  },
  {
    "Index": "14752",
    "RawText": "배송이 빠른점이 좋았어요 판매자님이 진행상황도 전화로 계속 설명을 잘해주신 점도 만족해요 티비도 품질이 우수해서 후회없이 좋습니다. 그리고 일단 사운드도 빵빵하게 좋아요 화질도 선명하니까 만족해요 기사님도 두분이 꼼꼼하게 잘설치해주셔서 강추하겠습니다^^",
    "Source": "쇼핑몰",
    "Domain": "가전",
    "MainCategory": "영상/음향가전",
    "ProductName": "울트라HD LG전자 86UQ9300KNA 스탠드",
    "ReviewScore": "5",
    "Syllable": "141",
    "Word": "29",
    "RDate": "20220824",
    "Aspects": [
      {
        "Aspect": "품질",
        "SentimentText": "티비도 품질이 우수해서 후회없이 좋습니다. ",
        "SentimentWord": "5",
        "SentimentPolarity": "1"
      },
      {
        "Aspect": "음량/음질",
        "SentimentText": "그리고 일단 사운드도 빵빵하게 좋아요",
        "SentimentWord": "5",
        "SentimentPolarity": "1"
      },
      {
        "Aspect": "화질",
        "SentimentText": "화질도 선명하니까 만족해요 ",
        "SentimentWord": "3",
        "SentimentPolarity": "1"
      }
    ]
  },
  {
    "Index": "14753",
    "RawText": "uhd화질 선명하고 색감이뻐서 아주 만족스럽네요!! 상품의 품질은 두말필요없어요 좋아요^^",
    "Source": "쇼핑몰",
    "Domain": "가전",
    "MainCategory": "영상/음향가전",
    "ProductName": "울트라HD LG전자 86UQ9300KNA 스탠드",
    "ReviewScore": "5",
    "Syllable": "50",
    "Word": "9",
    "RDate": "20220823",
    "Aspects": [
      {
        "Aspect": "화질",
        "SentimentText": " uhd화질 선명하고 색감이뻐서 아주 만족스럽네요!! ",
        "SentimentWord": "5",
        "SentimentPolarity": "1"
      },
      {
        "Aspect": "품질",
        "SentimentText": "상품의 품질은 두말필요없어요 좋아요^^",
        "SentimentWord": "4",
        "SentimentPolarity": "1"
      }
    ]
  },
  {
    "Index": "14754",
    "RawText": "금액대가 높았지만 구매하고 그럼에도 화질이 흐리고 엉망이라 너무 불만족스러워서 속상하네요 화면을 설정해봐도 선명하게 잡으면 밝기가 밝아지고 전반적으로 뿌옇게 보여서 선명하지 못한점과 그림체 주변으로 번짐현상도 보이니까 구매한것에 대한 후회, 실망도 큽니다.",
    "Source": "쇼핑몰",
    "Domain": "가전",
    "MainCategory": "영상/음향가전",
    "ProductName": "울트라HD LG전자 86UQ9300KNA 스탠드",
    "ReviewScore": "5",
    "Syllable": "143",
    "Word": "30",
    "RDate": "20220726",
    "GeneralPolarity": "-1",
    "Aspects": [
      {
        "Aspect": "화질",
        "SentimentText": "금액대가 높았지만 구매하고 그럼에도 화질이 흐리고 엉망이라 너무 불만족스러워서 속상하네요",
        "SentimentWord": "10",
        "SentimentPolarity": "-1"
      },
      {
        "Aspect": "화질",
        "SentimentText": "화면을 설정해봐도 선명하게 잡으면 밝기가 밝아지고 전반적으로 뿌옇게 보여서 선명하지 못한점과 그림체 주변으로 번짐현상도 보이니까 구매한것에 대한 후회, 실망도 큽니다.",
        "SentimentWord": "20",
        "SentimentPolarity": "-1"
      }
    ]
  },
  {
    "Index": "14755",
    "RawText": "불량화소 한개도 없이 양품으로 받아서 정말 만족해요 내부 스피커의 음질은 그냥 그래요.. 소리가 깨끗하지도 않고 음량만 크네요",
    "Source": "쇼핑몰",
    "Domain": "가전",
    "MainCategory": "영상/음향가전",
    "ProductName": "울트라HD LG전자 86UQ9300KNA 스탠드",
    "ReviewScore": "5",
    "Syllable": "70",
    "Word": "17",
    "RDate": "20220826",
    "Aspects": [
      {
        "Aspect": "품질",
        "SentimentText": "불량화소 한개도 없이 양품으로 받아서 정말 만족해요 ",
        "SentimentWord": "7",
        "SentimentPolarity": "1"
      },
      {
        "Aspect": "음량/음질",
        "SentimentText": "내부 스피커의 음질은 그냥 그래요.. 소리가 깨끗하지도 않고 음량만 크네요",
        "SentimentWord": "10",
        "SentimentPolarity": "-1"
      }
    ]
  },
  {
    "Index": "14756",
    "RawText": "사이즈가 크네요, 베젤이 얇다보니 화면이 꽉찬 느낌이라 확실히 엄청 커보여서 좋아요.4K 영화 또는 ㅇㅇㅇ 4K 시청시 화질 좋아요~",
    "Source": "쇼핑몰",
    "Domain": "가전",
    "MainCategory": "영상/음향가전",
    "ProductName": "울트라HD LG전자 86UQ9300KNA 스탠드",
    "ReviewScore": "5",
    "Syllable": "74",
    "Word": "18",
    "RDate": "20220603",
    "Aspects": [
      {
        "Aspect": "사이즈",
        "SentimentText": " 사이즈가 크네요, 베젤이 얇다보니 화면이 꽉찬 느낌이라 확실히 엄청 커보여서 좋아요.",
        "SentimentWord": "11",
        "SentimentPolarity": "1"
      },
      {
        "Aspect": "화질",
        "SentimentText": "4K 영화 또는 ㅇㅇㅇ 4K 시청시 화질 좋아요~",
        "SentimentWord": "8",
        "SentimentPolarity": "1"
      }
    ]
  },
  {
    "Index": "14757",
    "RawText": "화질이 선명하고 깨끗해서 장시간 봐도 눈에 피로가 전혀 없어요^^ 86인치로 보니 화면이 크고 신세계 ㅎㅎ 만족합니다. .",
    "Source": "쇼핑몰",
    "Domain": "가전",
    "MainCategory": "영상/음향가전",
    "ProductName": "울트라HD LG전자 86UQ9300KNA 스탠드",
    "ReviewScore": "5",
    "Syllable": "68",
    "Word": "17",
    "RDate": "20220819",
    "Aspects": [
      {
        "Aspect": "화질",
        "SentimentText": "화질이 선명하고 깨끗해서 장시간 봐도 눈에 피로가 전혀 없어요^^",
        "SentimentWord": "9",
        "SentimentPolarity": "1"
      },
      {
        "Aspect": "사이즈",
        "SentimentText": "86인치로 보니 화면이 크고 신세계 ㅎㅎ 만족합니다. .",
        "SentimentWord": "8",
        "SentimentPolarity": "1"
      }
    ]
  },
  {
    "Index": "14758",
    "RawText": "가성비 최고~~~ 거기다 화질이 선명하니까 잘 선택한것같아서 좋아요",
    "Source": "쇼핑몰",
    "Domain": "가전",
    "MainCategory": "영상/음향가전",
    "ProductName": "울트라HD LG전자 86UQ9300KNA 스탠드",
    "ReviewScore": "5",
    "Syllable": "37",
    "Word": "8",
    "RDate": "20220531",
    "Aspects": [
      {
        "Aspect": "가격",
        "SentimentText": "가성비 최고~~~",
        "SentimentWord": "2",
        "SentimentPolarity": "1"
      },
      {
        "Aspect": "화질",
        "SentimentText": "화질이 선명하니까 잘 선택한것같아서 좋아요",
        "SentimentWord": "5",
        "SentimentPolarity": "1"
      }
    ]
  },
  {
    "Index": "14759",
    "RawText": "와 대박 진짜 화면이 크니까 좋아요 사운드바 사은품도 있어서 좋아요",
    "Source": "쇼핑몰",
    "Domain": "가전",
    "MainCategory": "영상/음향가전",
    "ProductName": "울트라HD LG전자 86UQ9300KNA 스탠드",
    "ReviewScore": "5",
    "Syllable": "37",
    "Word": "10",
    "RDate": "20220801",
    "GeneralPolarity": "1",
    "Aspects": [
      {
        "Aspect": "사이즈",
        "SentimentText": "와 대박 진짜 화면이 크니까 좋아요",
        "SentimentWord": "6",
        "SentimentPolarity": "1"
      },
      {
        "Aspect": "제품구성",
        "SentimentText": "사운드바 사은품도 있어서 좋아요 ",
        "SentimentWord": "4",
        "SentimentPolarity": "1"
      }
    ]
  },
  {
    "Index": "14762",
    "RawText": "일단 화면이 크니까 좋아요 ㅎㅎ 시야각이 측면이여도 화질은 선명하고 눈피로도 적은것같아서 좋습니다  ",
    "Source": "쇼핑몰",
    "Domain": "가전",
    "MainCategory": "영상/음향가전",
    "ProductName": "울트라HD LG전자 86UQ9300KNA 스탠드",
    "ReviewScore": "5",
    "Syllable": "56",
    "Word": "12",
    "RDate": "20220728",
    "GeneralPolarity": "1",
    "Aspects": [
      {
        "Aspect": "사이즈",
        "SentimentText": "일단 화면이 크니까 좋아요 ㅎㅎ",
        "SentimentWord": "5",
        "SentimentPolarity": "1"
      },
      {
        "Aspect": "화질",
        "SentimentText": "시야각이 측면이여도 화질은 선명하고 눈피로도 적은것같아서 좋습니다 ",
        "SentimentWord": "7",
        "SentimentPolarity": "1"
      }
    ]
  },
  {
    "Index": "14763",
    "RawText": "고민했지만 품질이 우수해서 정말 잘산듯해요 ㅎㅎ 그리고 화면도 진짜커요 만족합니다^^",
    "Source": "쇼핑몰",
    "Domain": "가전",
    "MainCategory": "영상/음향가전",
    "ProductName": "울트라HD LG전자 86UQ9300KNA 스탠드",
    "ReviewScore": "5",
    "Syllable": "47",
    "Word": "10",
    "RDate": "20220814",
    "GeneralPolarity": "1",
    "Aspects": [
      {
        "Aspect": "품질",
        "SentimentText": "고민했지만 품질이 우수해서 정말 잘산듯해요 ㅎㅎ",
        "SentimentWord": "6",
        "SentimentPolarity": "1"
      },
      {
        "Aspect": "사이즈",
        "SentimentText": "그리고 화면도 진짜커요 만족합니다^^",
        "SentimentWord": "4",
        "SentimentPolarity": "1"
      }
    ]
  },
  {
    "Index": "14764",
    "RawText": "카드할인까지 받으니 좋은가격으로 잘 구매했어요 화질도 선명해서 만족해요 크기도 제가 원한사이즈라 크고 마음에 드네요",
    "Source": "쇼핑몰",
    "Domain": "가전",
    "MainCategory": "영상/음향가전",
    "ProductName": "울트라HD LG전자 86UQ9300KNA 스탠드",
    "ReviewScore": "5",
    "Syllable": "64",
    "Word": "14",
    "RDate": "20220822",
    "GeneralPolarity": "1",
    "Aspects": [
      {
        "Aspect": "가격",
        "SentimentText": "카드할인까지 받으니 좋은가격으로 잘 구매했어요",
        "SentimentWord": "5",
        "SentimentPolarity": "1"
      },
      {
        "Aspect": "화질",
        "SentimentText": "화질도 선명해서 만족해요",
        "SentimentWord": "3",
        "SentimentPolarity": "1"
      },
      {
        "Aspect": "사이즈",
        "SentimentText": "크기도 제가 원한사이즈라 크고 마음에 드네요",
        "SentimentWord": "6",
        "SentimentPolarity": "1"
      }
    ]
  },
  {
    "Index": "14765",
    "RawText": "착한가격으로 잘 구매했어요 굿~ 화면이 생각보다 더 커서 영화볼때 극장 같아 참 좋아용^^",
    "Source": "쇼핑몰",
    "Domain": "가전",
    "MainCategory": "영상/음향가전",
    "ProductName": "울트라HD LG전자 86UQ9300KNA 스탠드",
    "ReviewScore": "5",
    "Syllable": "50",
    "Word": "13",
    "RDate": "20220822",
    "GeneralPolarity": "1",
    "Aspects": [
      {
        "Aspect": "가격",
        "SentimentText": "착한가격으로 잘 구매했어요 굿~",
        "SentimentWord": "4",
        "SentimentPolarity": "1"
      },
      {
        "Aspect": "사이즈",
        "SentimentText": "화면이 생각보다 더 커서 영화볼때 극장 같아 참 좋아용^^ ",
        "SentimentWord": "9",
        "SentimentPolarity": "1"
      }
    ]
  },
  {
    "Index": "14766",
    "RawText": "적당한 가격에 혜택도 있어서 만족해요 리모컨 반응속도도 빠르고 아주 마음에 듭니다.",
    "Source": "쇼핑몰",
    "Domain": "가전",
    "MainCategory": "영상/음향가전",
    "ProductName": "울트라HD LG전자 86UQ9300KNA 스탠드",
    "ReviewScore": "5",
    "Syllable": "46",
    "Word": "11",
    "RDate": "20220817",
    "Aspects": [
      {
        "Aspect": "가격",
        "SentimentText": "적당한 가격에 혜택도 있어서 만족해요 ",
        "SentimentWord": "5",
        "SentimentPolarity": "1"
      },
      {
        "Aspect": "시간/속도",
        "SentimentText": "리모컨 반응속도도 빠르고 아주 마음에 듭니다.",
        "SentimentWord": "6",
        "SentimentPolarity": "1"
      }
    ]
  },
  {
    "Index": "14767",
    "RawText": "tv 거거익선은 진리입니다 너무 좋아요~ 품질도 뭐하나 금간곳없이 퀄리티 좋아 보여요",
    "Source": "쇼핑몰",
    "Domain": "가전",
    "MainCategory": "영상/음향가전",
    "ProductName": "울트라HD LG전자 86UQ9300KNA 스탠드",
    "ReviewScore": "5",
    "Syllable": "47",
    "Word": "11",
    "RDate": "20220821",
    "Aspects": [
      {
        "Aspect": "사이즈",
        "SentimentText": "tv 거거익선은 진리입니다 너무 좋아요~",
        "SentimentWord": "5",
        "SentimentPolarity": "1"
      },
      {
        "Aspect": "품질",
        "SentimentText": "품질도 뭐하나 금간곳없이 퀄리티 좋아 보여요",
        "SentimentWord": "6",
        "SentimentPolarity": "1"
      }
    ]
  },
  {
    "Index": "14768",
    "RawText": "led패널은 빛샘현상 개심해서 밤에 불끄고 영화 보면 상하 가장자리에 조명 쏘는것 마냥 엄청 거슬려요:::: 가격이 착하니 나름 만족합니다",
    "Source": "쇼핑몰",
    "Domain": "가전",
    "MainCategory": "영상/음향가전",
    "ProductName": "울트라HD LG전자 86UQ9300KNA 스탠드",
    "ReviewScore": "5",
    "Syllable": "77",
    "Word": "18",
    "RDate": "20220726",
    "Aspects": [
      {
        "Aspect": "화질",
        "SentimentText": "led패널은 빛샘현상 개심해서 밤에 불끄고 영화 보면 상하 가장자리에 조명 쏘는것 마냥 엄청 거슬려요:::: ",
        "SentimentWord": "14",
        "SentimentPolarity": "-1"
      },
      {
        "Aspect": "가격",
        "SentimentText": "가격이 착하니 나름 만족합니다 ",
        "SentimentWord": "4",
        "SentimentPolarity": "1"
      }
    ]
  },
  {
    "Index": "14769",
    "RawText": "밝기가 생각보다 밝아서 눈이 너무 아픔ㅜㅜ 색감이 쨍한 편이라 불편해요....86인치 정말 크네요 좋아요 ㅎㅎ",
    "Source": "쇼핑몰",
    "Domain": "가전",
    "MainCategory": "영상/음향가전",
    "ProductName": "울트라HD LG전자 86UQ9300KNA 스탠드",
    "ReviewScore": "5",
    "Syllable": "61",
    "Word": "14",
    "RDate": "20220803",
    "Aspects": [
      {
        "Aspect": "화질",
        "SentimentText": "밝기가 생각보다 밝아서 눈이 너무 아픔ㅜㅜ 색감이 쨍한 편이라 불편해요...",
        "SentimentWord": "10",
        "SentimentPolarity": "-1"
      },
      {
        "Aspect": "사이즈",
        "SentimentText": " 86인치 정말 크네요 좋아요 ㅎㅎ",
        "SentimentWord": "5",
        "SentimentPolarity": "1"
      }
    ]
  },
  {
    "Index": "14770",
    "RawText": "친절한 기사님을 만나서 기분이 좋았습니다 화질이 선명하니까 아주 만족하구요 그리고 지정일에 딱! 와주셔서 신뢰감도 만족해요 스피커도 심플하니 예쁘니까 더더 좋아요 ㅎㅎ",
    "Source": "쇼핑몰",
    "Domain": "가전",
    "MainCategory": "영상/음향가전",
    "ProductName": "울트라HD LG전자 86UQ9300KNA 스탠드",
    "ReviewScore": "5",
    "Syllable": "93",
    "Word": "21",
    "RDate": "20220803",
    "Aspects": [
      {
        "Aspect": "화질",
        "SentimentText": "화질이 선명하니까 아주 만족하구요",
        "SentimentWord": "4",
        "SentimentPolarity": "1"
      },
      {
        "Aspect": "디자인",
        "SentimentText": "스피커도 심플하니 예쁘니까 더더 좋아요 ㅎㅎ",
        "SentimentWord": "6",
        "SentimentPolarity": "1"
      }
    ]
  },
  {
    "Index": "14771",
    "RawText": "as기간이 길어서 좋은선택을 했어요!!! 크니까 자가설치는 어려움이 있어요 그렇지만 설치는 코드만 꼽으면 되어서 어렵지 않아 좋아요^^",
    "Source": "쇼핑몰",
    "Domain": "가전",
    "MainCategory": "영상/음향가전",
    "ProductName": "이스트라 AU653QLED SMART THE ULTRA 스탠드",
    "ReviewScore": "5",
    "Syllable": "75",
    "Word": "16",
    "RDate": "20220614",
    "Aspects": [
      {
        "Aspect": "사이즈",
        "SentimentText": "크니까 자가설치는 어려움이 있어요",
        "SentimentWord": "4",
        "SentimentPolarity": "-1"
      },
      {
        "Aspect": "조작성",
        "SentimentText": "그렇지만 설치는 코드만 꼽으면 되어서 어렵지 않아 좋아요^^",
        "SentimentWord": "8",
        "SentimentPolarity": "1"
      }
    ]
  },
  {
    "Index": "14772",
    "RawText": "가격도 1/3이니까 좋고요 품질도 우수하니 만족해요 그리고 a/s보장이 확실하니까 매우 마음에 듭니다^^",
    "Source": "쇼핑몰",
    "Domain": "가전",
    "MainCategory": "영상/음향가전",
    "ProductName": "이스트라 AU653QLED SMART THE ULTRA 스탠드",
    "ReviewScore": "5",
    "Syllable": "58",
    "Word": "12",
    "RDate": "20220211",
    "Aspects": [
      {
        "Aspect": "가격",
        "SentimentText": "가격도 1/3이니까 좋고요",
        "SentimentWord": "3",
        "SentimentPolarity": "1"
      },
      {
        "Aspect": "품질",
        "SentimentText": "품질도 우수하니 만족해요",
        "SentimentWord": "3",
        "SentimentPolarity": "1"
      }
    ]
  },
  {
    "Index": "14774",
    "RawText": "QLED 라고해서 같은 인치 보다 더 비싸게 구매한 점은 아쉽네요 그리고 화질도 일반 UHD보다 쨍한 맛도없고 부드럽게 수묵화느낌이나는점이 매우 실망스럽습니다 ㅜ",
    "Source": "쇼핑몰",
    "Domain": "가전",
    "MainCategory": "영상/음향가전",
    "ProductName": "이스트라 AU653QLED SMART THE ULTRA 스탠드",
    "ReviewScore": "3",
    "Syllable": "90",
    "Word": "21",
    "RDate": "20211212",
    "GeneralPolarity": "-1",
    "Aspects": [
      {
        "Aspect": "가격",
        "SentimentText": "QLED 라고해서 같은 인치 보다 더 비싸게 구매한 점은 아쉽네요",
        "SentimentWord": "10",
        "SentimentPolarity": "-1"
      },
      {
        "Aspect": "화질",
        "SentimentText": "그리고 화질도 일반 UHD보다 쨍한 맛도없고 부드럽게 수묵화느낌이나는점이 매우 실망스럽습니다 ㅜ",
        "SentimentWord": "11",
        "SentimentPolarity": "-1"
      }
    ]
  },
  {
    "Index": "14775",
    "RawText": "기능은 많은데 성능이 떨어져서 티비를 따라가지 못하는 점이 아쉽습니다. 쓰다보면 발열이 심해서 불안하네요 ㅜ",
    "Source": "쇼핑몰",
    "Domain": "가전",
    "MainCategory": "영상/음향가전",
    "ProductName": "이스트라 AU653QLED SMART THE ULTRA 스탠드",
    "ReviewScore": "5",
    "Syllable": "60",
    "Word": "14",
    "RDate": "20220424",
    "GeneralPolarity": "-1",
    "Aspects": [
      {
        "Aspect": "기능",
        "SentimentText": "기능은 많은데 성능이 떨어져서 티비를 따라가지 못하는 점이 아쉽습니다.",
        "SentimentWord": "9",
        "SentimentPolarity": "-1"
      },
      {
        "Aspect": "내구성",
        "SentimentText": "쓰다보면 발열이 심해서 불안하네요 ㅜ",
        "SentimentWord": "5",
        "SentimentPolarity": "-1"
      }
    ]
  },
  {
    "Index": "14777",
    "RawText": "기존에 쓴 42인치보다도 구입한 65인치가 더 가벼워서 좋아요 가격도 착하니까 만족했어요 ㅎㅎ 그리고 이정도 퀄리티 와~ 넘 좋습니다.",
    "Source": "쇼핑몰",
    "Domain": "가전",
    "MainCategory": "영상/음향가전",
    "ProductName": "이스트라 AU653QLED SMART THE ULTRA 스탠드",
    "ReviewScore": "5",
    "Syllable": "75",
    "Word": "18",
    "RDate": "20220121",
    "GeneralPolarity": "1",
    "Aspects": [
      {
        "Aspect": "무게",
        "SentimentText": "기존에 쓴 42인치보다도 구입한 65인치가 더 가벼워서 좋아요",
        "SentimentWord": "8",
        "SentimentPolarity": "1"
      },
      {
        "Aspect": "가격",
        "SentimentText": "가격도 착하니까 만족했어요 ㅎㅎ",
        "SentimentWord": "4",
        "SentimentPolarity": "1"
      },
      {
        "Aspect": "품질",
        "SentimentText": "그리고 이정도 퀄리티 와~ 넘 좋습니다.",
        "SentimentWord": "6",
        "SentimentPolarity": "1"
      }
    ]
  },
  {
    "Index": "14778",
    "RawText": "자체 전시판매장 운영도 좋고 2년동안의 무상as,그리고 부속품을 다년간 유상비치한다 하네요 정말 만족스러워요 주말 토요일도 늦게까지 고객센터 상담이 가능한점 마음에 듭니다. QLED라 화면이 밝아서 좋구요 백라이트 적용량을 조절도 할 수있어서 만족합니다. 스피커 추가구매가 필요없을만큼 사운드 훌륭해서 대만족의 선택입니다.",
    "Source": "쇼핑몰",
    "Domain": "가전",
    "MainCategory": "영상/음향가전",
    "ProductName": "이스트라 AU653QLED SMART THE ULTRA 스탠드",
    "ReviewScore": "4",
    "Syllable": "180",
    "Word": "37",
    "RDate": "20220709",
    "Aspects": [
      {
        "Aspect": "화질",
        "SentimentText": "QLED라 화면이 밝아서 좋구요",
        "SentimentWord": "4",
        "SentimentPolarity": "1"
      },
      {
        "Aspect": "기능",
        "SentimentText": "백라이트 적용량을 조절도 할 수있어서 만족합니다.",
        "SentimentWord": "6",
        "SentimentPolarity": "1"
      },
      {
        "Aspect": "음량/음질",
        "SentimentText": "스피커 추가구매가 필요없을만큼 사운드 훌륭해서 대만족의 선택입니다.",
        "SentimentWord": "7",
        "SentimentPolarity": "1"
      }
    ]
  },
  {
    "Index": "14779",
    "RawText": "사운드바의 음질 별로네요 ㅠ 빛샘현상이 있어서 가끔 불편할 때가 많아요ㅜㅜ",
    "Source": "쇼핑몰",
    "Domain": "가전",
    "MainCategory": "영상/음향가전",
    "ProductName": "이스트라 AU653QLED SMART THE ULTRA 스탠드",
    "ReviewScore": "4",
    "Syllable": "41",
    "Word": "10",
    "RDate": "20220526",
    "Aspects": [
      {
        "Aspect": "음량/음질",
        "SentimentText": "사운드바의 음질 별로네요 ㅠ ",
        "SentimentWord": "4",
        "SentimentPolarity": "-1"
      },
      {
        "Aspect": "화질",
        "SentimentText": "빛샘현상이 있어서 가끔 불편할 때가 많아요ㅜㅜ",
        "SentimentWord": "6",
        "SentimentPolarity": "-1"
      }
    ]
  },
  {
    "Index": "14780",
    "RawText": "중소기업TV에서는 볼수 없었던 최신 기능과 성능으로 꽉꽉 채워져 대만족이에요!!  자가설치도 가능한 점이 좋았습니다^^ ",
    "Source": "쇼핑몰",
    "Domain": "가전",
    "MainCategory": "영상/음향가전",
    "ProductName": "이스트라 AU653QLED SMART THE ULTRA 스탠드",
    "ReviewScore": "5",
    "Syllable": "67",
    "Word": "13",
    "RDate": "20220726",
    "Aspects": [
      {
        "Aspect": "기능",
        "SentimentText": "중소기업TV에서는 볼수 없었던 최신 기능과 성능으로 꽉꽉 채워져 대만족이에요!! ",
        "SentimentWord": "9",
        "SentimentPolarity": "1"
      },
      {
        "Aspect": "조작성",
        "SentimentText": "자가설치도 가능한 점이 좋았습니다^^",
        "SentimentWord": "4",
        "SentimentPolarity": "1"
      }
    ]
  },
  {
    "Index": "14781",
    "RawText": "자가설치했는데 자세한 설명서가 없어서 고생고생했네요 ㅠㅠㅠ  하고나서보니 모니터 모서리 살짝 깨져있어요......하.....",
    "Source": "쇼핑몰",
    "Domain": "가전",
    "MainCategory": "영상/음향가전",
    "ProductName": "이스트라 AU653QLED SMART THE ULTRA 스탠드",
    "ReviewScore": "4",
    "Syllable": "69",
    "Word": "11",
    "RDate": "20211214",
    "Aspects": [
      {
        "Aspect": "제품구성",
        "SentimentText": "자가설치했는데 자세한 설명서가 없어서 고생고생했네요 ㅠㅠㅠ",
        "SentimentWord": "6",
        "SentimentPolarity": "-1"
      },
      {
        "Aspect": "품질",
        "SentimentText": "하고나서보니 모니터 모서리 살짝 깨져있어요......하.....",
        "SentimentWord": "5",
        "SentimentPolarity": "-1"
      }
    ]
  },
  {
    "Index": "14783",
    "RawText": "티비 뒷면에 열감이 있어서 별로였어요 티비 퀄리티는 확실히 좋습니다 굿굿",
    "Source": "쇼핑몰",
    "Domain": "가전",
    "MainCategory": "영상/음향가전",
    "ProductName": "이스트라 AU653QLED SMART THE ULTRA 스탠드",
    "ReviewScore": "4",
    "Syllable": "40",
    "Word": "10",
    "RDate": "20220529",
    "Aspects": [
      {
        "Aspect": "내구성",
        "SentimentText": "티비 뒷면에 열감이 있어서 별로였어요",
        "SentimentWord": "5",
        "SentimentPolarity": "-1"
      },
      {
        "Aspect": "품질",
        "SentimentText": "티비 퀄리티는 확실히 좋습니다 굿굿",
        "SentimentWord": "5",
        "SentimentPolarity": "1"
      }
    ]
  },
  {
    "Index": "14784",
    "RawText": "상담직원분과 배송기사분들 모두 친절하셔서 좋아요^^ 화질도 선명하니 좋습니다 음량도 빵빵하니 좋아요 채널변환속도도 빨라서 강추합니다요~~^^",
    "Source": "쇼핑몰",
    "Domain": "가전",
    "MainCategory": "영상/음향가전",
    "ProductName": "이스트라 AU653QLED SMART THE ULTRA 스탠드",
    "ReviewScore": "5",
    "Syllable": "78",
    "Word": "14",
    "RDate": "20211209",
    "Aspects": [
      {
        "Aspect": "화질",
        "SentimentText": "화질도 선명하니 좋습니다",
        "SentimentWord": "3",
        "SentimentPolarity": "1"
      },
      {
        "Aspect": "음량/음질",
        "SentimentText": "음량도 빵빵하니 좋아요",
        "SentimentWord": "3",
        "SentimentPolarity": "1"
      },
      {
        "Aspect": "시간/속도",
        "SentimentText": "채널변환속도도 빨라서 강추합니다요~~^^",
        "SentimentWord": "3",
        "SentimentPolarity": "1"
      }
    ]
  },
  {
    "Index": "14785",
    "RawText": "품질은 외관도 깔끔하고 하자하나없이 퀄리티가 좋은편인것같아서 만족해요 다만 사운드가 약하고 가벼운 느낌이 들어서 아쉽네요",
    "Source": "쇼핑몰",
    "Domain": "가전",
    "MainCategory": "영상/음향가전",
    "ProductName": "이스트라 AU653QLED SMART THE ULTRA 스탠드",
    "ReviewScore": "5",
    "Syllable": "67",
    "Word": "14",
    "RDate": "20220324",
    "GeneralPolarity": "0",
    "Aspects": [
      {
        "Aspect": "품질",
        "SentimentText": "품질은 외관도 깔끔하고 하자하나없이 퀄리티가 좋은편인것같아서 만족해요",
        "SentimentWord": "7",
        "SentimentPolarity": "1"
      },
      {
        "Aspect": "음량/음질",
        "SentimentText": "다만 사운드가 약하고 가벼운 느낌이 들어서 아쉽네요",
        "SentimentWord": "7",
        "SentimentPolarity": "-1"
      }
    ]
  },
  {
    "Index": "14787",
    "RawText": "자가설치했어요.○○○으로 보내주시는 설명 영상 보면서 따라하면 금방 조립할 수 있더라고요.만족~ 화질 색감이나 명암비가 좋아요.",
    "Source": "쇼핑몰",
    "Domain": "가전",
    "MainCategory": "영상/음향가전",
    "ProductName": "이스트라 AU653QLED SMART THE ULTRA 스탠드",
    "ReviewScore": "5",
    "Syllable": "71",
    "Word": "14",
    "RDate": "20211220",
    "Aspects": [
      {
        "Aspect": "조작성",
        "SentimentText": "자가설치했어요.○○○으로 보내주시는 설명 영상 보면서 따라하면 금방 조립할 수 있더라고요.만족~ ",
        "SentimentWord": "10",
        "SentimentPolarity": "1"
      },
      {
        "Aspect": "화질",
        "SentimentText": "화질 색감이나 명암비가 좋아요.",
        "SentimentWord": "4",
        "SentimentPolarity": "1"
      }
    ]
  },
  {
    "Index": "14788",
    "RawText": "화질도 상당히 선명하고 흔들림없어서 좋아요 그리고 구동속도도 빠른 점이 마음에 듭니다. 스피커의 음색도 확실히 둥둥거리지 않고 선명하게 들려서 사운드바가 필요없는 점이 아주 좋아요^^",
    "Source": "쇼핑몰",
    "Domain": "가전",
    "MainCategory": "영상/음향가전",
    "ProductName": "이스트라 AU653QLED SMART THE ULTRA 스탠드",
    "ReviewScore": "5",
    "Syllable": "102",
    "Word": "23",
    "RDate": "20220726",
    "GeneralPolarity": "1",
    "Aspects": [
      {
        "Aspect": "화질",
        "SentimentText": "화질도 상당히 선명하고 흔들림없어서 좋아요",
        "SentimentWord": "5",
        "SentimentPolarity": "1"
      },
      {
        "Aspect": "시간/속도",
        "SentimentText": "그리고 구동속도도 빠른 점이 마음에 듭니다",
        "SentimentWord": "6",
        "SentimentPolarity": "1"
      },
      {
        "Aspect": "음량/음질",
        "SentimentText": "스피커의 음색도 확실히 둥둥거리지 않고 선명하게 들려서 사운드바가 필요없는 점이 아주 좋아요^^",
        "SentimentWord": "12",
        "SentimentPolarity": "1"
      }
    ]
  },
  {
    "Index": "14789",
    "RawText": "제품 배송이 엄청 빨라서 만족~^^ 실제로 보니 모니터가 엄청 커서 맘에들어요 음질도 선명하고 좋아요 화질도 깨끗히보여 모두 만족~^^",
    "Source": "쇼핑몰",
    "Domain": "가전",
    "MainCategory": "영상/음향가전",
    "ProductName": "이스트라 AU653QLED SMART THE ULTRA 스탠드",
    "ReviewScore": "5",
    "Syllable": "75",
    "Word": "18",
    "RDate": "20220413",
    "Aspects": [
      {
        "Aspect": "사이즈",
        "SentimentText": "실제로 보니 모니터가 엄청 커서 맘에들어요",
        "SentimentWord": "6",
        "SentimentPolarity": "1"
      },
      {
        "Aspect": "음량/음질",
        "SentimentText": "음질도 선명하고 좋아요",
        "SentimentWord": "3",
        "SentimentPolarity": "1"
      },
      {
        "Aspect": "화질",
        "SentimentText": "화질도 깨끗히보여 모두 만족~^^",
        "SentimentWord": "4",
        "SentimentPolarity": "1"
      }
    ]
  },
  {
    "Index": "14790",
    "RawText": "화질이 너무 좋아요 기대이상입니다^^ 리모컨 반응속도 예술이네요~엄청 빨라요 ",
    "Source": "쇼핑몰",
    "Domain": "가전",
    "MainCategory": "영상/음향가전",
    "ProductName": "이스트라 AU653QLED SMART THE ULTRA 스탠드",
    "ReviewScore": "5",
    "Syllable": "43",
    "Word": "8",
    "RDate": "20220215",
    "Aspects": [
      {
        "Aspect": "화질",
        "SentimentText": "화질이 너무 좋아요 기대이상입니다^^",
        "SentimentWord": "4",
        "SentimentPolarity": "1"
      },
      {
        "Aspect": "시간/속도",
        "SentimentText": " 리모컨 반응속도 예술이네요~엄청 빨라요",
        "SentimentWord": "4",
        "SentimentPolarity": "1"
      }
    ]
  },
  {
    "Index": "14791",
    "RawText": "직접 설치했는데 쉽고 간편하여 만족해요~ 화질이 선명하고 잘보여 좋아요 음질 또한 엄청 만족합니다~^^ 인터넷과 티비 리모컨 호환이 잘 되질 않아서 이용시 많이 불편하네요ㅠ",
    "Source": "쇼핑몰",
    "Domain": "가전",
    "MainCategory": "영상/음향가전",
    "ProductName": "이스트라 AU653QLED SMART THE ULTRA 스탠드",
    "ReviewScore": "5",
    "Syllable": "96",
    "Word": "23",
    "RDate": "20211217",
    "GeneralPolarity": "1",
    "Aspects": [
      {
        "Aspect": "조작성",
        "SentimentText": "직접 설치했는데 쉽고 간편하여 만족해요~",
        "SentimentWord": "5",
        "SentimentPolarity": "1"
      },
      {
        "Aspect": "화질",
        "SentimentText": "화질이 선명하고 잘보여 좋아요",
        "SentimentWord": "4",
        "SentimentPolarity": "1"
      },
      {
        "Aspect": "음량/음질",
        "SentimentText": "음질 또한 엄청 만족합니다~^^",
        "SentimentWord": "4",
        "SentimentPolarity": "1"
      },
      {
        "Aspect": "편의성",
        "SentimentText": "인터넷과 티비 리모컨 호환이 잘 되질 않아서 이용시 많이 불편하네요ㅠ",
        "SentimentWord": "10",
        "SentimentPolarity": "-1"
      }
    ]
  },
  {
    "Index": "14792",
    "RawText": "진짜 로켓배송이에요 지방인데도 불구하고 다음날 도착했어요 대박 좋아요~~ 화질도 너무 선명하니 좋아요^^ 사운드가 빵빵해서 시청할맛나네요^^",
    "Source": "쇼핑몰",
    "Domain": "가전",
    "MainCategory": "영상/음향가전",
    "ProductName": "이스트라 AU653QLED SMART THE ULTRA 스탠드",
    "ReviewScore": "5",
    "Syllable": "78",
    "Word": "15",
    "RDate": "20220526",
    "Aspects": [
      {
        "Aspect": "화질",
        "SentimentText": "화질도 너무 선명하니 좋아요^^",
        "SentimentWord": "4",
        "SentimentPolarity": "1"
      },
      {
        "Aspect": "음량/음질",
        "SentimentText": "사운드가 빵빵해서 시청할맛나네요^^",
        "SentimentWord": "3",
        "SentimentPolarity": "1"
      }
    ]
  },
  {
    "Index": "14793",
    "RawText": "QLED라 최근 영상들을 보면 화질이 부드럽워 좋아보여요. 기사님이 번개배송과 친절함에 너무 감사했어요.또한 최신 사양의 하드웨어 탑재로 빠르고 부드러운 화면전환이 가능해서 만족스러워요",
    "Source": "쇼핑몰",
    "Domain": "가전",
    "MainCategory": "영상/음향가전",
    "ProductName": "이스트라 AU653QLED SMART THE ULTRA 스탠드",
    "ReviewScore": "5",
    "Syllable": "103",
    "Word": "21",
    "RDate": "20220626",
    "GeneralPolarity": "1",
    "Aspects": [
      {
        "Aspect": "화질",
        "SentimentText": "QLED라 최근 영상들을 보면 화질이 부드럽워 좋아보여요.",
        "SentimentWord": "7",
        "SentimentPolarity": "1"
      },
      {
        "Aspect": "기능",
        "SentimentText": " 최신 사양의 하드웨어 탑재로 빠르고 부드러운 화면전환이 가능해서 만족스러워요",
        "SentimentWord": "9",
        "SentimentPolarity": "1"
      }
    ]
  },
  {
    "Index": "14795",
    "RawText": "평수가 작아 75인치가 엄청 크면 어쩌나 걱정은 했지만 다행이 딱 알맞고 좋네요. 화질은 나무랄데 없이 너무 좋고요. 다만 벽걸이시 콘센트나 선들이 정리가 안되서 불편하네요.",
    "Source": "쇼핑몰",
    "Domain": "가전",
    "MainCategory": "영상/음향가전",
    "ProductName": "이스트라 AU753QLED SMART THE ULTRA 스탠드",
    "ReviewScore": "5",
    "Syllable": "97",
    "Word": "24",
    "RDate": "20220520",
    "GeneralPolarity": "1",
    "Aspects": [
      {
        "Aspect": "사이즈",
        "SentimentText": "평수가 작아 75인치가 엄청 크면 어쩌나 걱정은 했지만 다행이 딱 알맞고 좋네요.",
        "SentimentWord": "12",
        "SentimentPolarity": "1"
      },
      {
        "Aspect": "화질",
        "SentimentText": "화질은 나무랄데 없이 너무 좋고요.",
        "SentimentWord": "5",
        "SentimentPolarity": "1"
      },
      {
        "Aspect": "편의성",
        "SentimentText": "벽걸이시 콘센트나 선들이 정리가 안되서 불편하네요.",
        "SentimentWord": "6",
        "SentimentPolarity": "-1"
      }
    ]
  },
  {
    "Index": "14796",
    "RawText": "기존 쓰던 티비가 고장나 교체했는데 크니까 잘보여서 좋습니다. 화질도 선명해서 좋고, pip기능이 있어 화면분할도 되서 좋고 마지막으로 설치기사님이 너무 친절하십니다.",
    "Source": "쇼핑몰",
    "Domain": "가전",
    "MainCategory": "영상/음향가전",
    "ProductName": "이스트라 AU753QLED SMART THE ULTRA 스탠드",
    "ReviewScore": "4",
    "Syllable": "93",
    "Word": "20",
    "RDate": "20220316",
    "Aspects": [
      {
        "Aspect": "사이즈",
        "SentimentText": "크니까 잘보여서 좋습니다.",
        "SentimentWord": "3",
        "SentimentPolarity": "1"
      },
      {
        "Aspect": "화질",
        "SentimentText": "화질도 선명해서 좋고",
        "SentimentWord": "3",
        "SentimentPolarity": "1"
      },
      {
        "Aspect": "기능",
        "SentimentText": "pip기능이 있어 화면분할도 되서 좋고",
        "SentimentWord": "5",
        "SentimentPolarity": "1"
      }
    ]
  },
  {
    "Index": "14798",
    "RawText": "가격은 비싸지 않고 적당한 편이네요. 화질도 그럭저럭 만족하고있습니다.",
    "Source": "쇼핑몰",
    "Domain": "가전",
    "MainCategory": "영상/음향가전",
    "ProductName": "이스트라 AU753QLED SMART THE ULTRA 스탠드",
    "ReviewScore": "3",
    "Syllable": "39",
    "Word": "8",
    "RDate": "20220324",
    "GeneralPolarity": "0",
    "Aspects": [
      {
        "Aspect": "가격",
        "SentimentText": "가격은 비싸지 않고 적당한 편이네요.",
        "SentimentWord": "5",
        "SentimentPolarity": "0"
      },
      {
        "Aspect": "화질",
        "SentimentText": "화질도 그럭저럭 만족하고있습니다",
        "SentimentWord": "3",
        "SentimentPolarity": "0"
      }
    ]
  },
  {
    "Index": "14800",
    "RawText": "화질이 좋고 깔끔해서 만족하고 가격도 저렴해서 좋은데 배송은 느려서 짜증 설치하는데 시간이 너무 오래 걸리네요.",
    "Source": "쇼핑몰",
    "Domain": "가전",
    "MainCategory": "영상/음향가전",
    "ProductName": "이스트라 AU753QLED SMART THE ULTRA 스탠드",
    "ReviewScore": "4",
    "Syllable": "62",
    "Word": "15",
    "RDate": "20220220",
    "GeneralPolarity": "0",
    "Aspects": [
      {
        "Aspect": "화질",
        "SentimentText": "화질이 좋고 깔끔해서 만족하고",
        "SentimentWord": "4",
        "SentimentPolarity": "1"
      },
      {
        "Aspect": "가격",
        "SentimentText": "가격도 저렴해서 좋은데",
        "SentimentWord": "3",
        "SentimentPolarity": "1"
      },
      {
        "Aspect": "조작성",
        "SentimentText": "설치하는데 시간이 너무 오래 걸리네요.",
        "SentimentWord": "5",
        "SentimentPolarity": "-1"
      }
    ]
  },
  {
    "Index": "14801",
    "RawText": "대기업같은 품질이 만족스러워요^^ 부품 내구성도 좋다고 소문이 자자하던데 그래서 그런지 외관도 튼튼해 보이고 좋아요",
    "Source": "쇼핑몰",
    "Domain": "가전",
    "MainCategory": "영상/음향가전",
    "ProductName": "이스트라 AU753QLED SMART THE ULTRA 스탠드",
    "ReviewScore": "5",
    "Syllable": "64",
    "Word": "14",
    "RDate": "20220317",
    "GeneralPolarity": "1",
    "Aspects": [
      {
        "Aspect": "품질",
        "SentimentText": "대기업같은 품질이 만족스러워요^^",
        "SentimentWord": "3",
        "SentimentPolarity": "1"
      },
      {
        "Aspect": "내구성",
        "SentimentText": "부품 내구성도 좋다고 소문이 자자하던데 그래서 그런지 외관도 튼튼해 보이고 좋아요",
        "SentimentWord": "11",
        "SentimentPolarity": "1"
      }
    ]
  },
  {
    "Index": "14802",
    "RawText": "많이 고민했는데 품질 완전 만족해요 ㅎㅎ 화질도 선명해서 좋구요 음량도 또렷하게 잘들려서 나쁘지 않아요 만족 ^^ 배송도 총알배송으로  좋습니다. 통합리모콘이라 이것으로 한편에 사용하니 편하고 진짜로 좋아요 화면도 크니까 영화볼맛나니까 굿!!!",
    "Source": "쇼핑몰",
    "Domain": "가전",
    "MainCategory": "영상/음향가전",
    "ProductName": "이스트라 AU753QLED SMART THE ULTRA 스탠드",
    "ReviewScore": "5",
    "Syllable": "136",
    "Word": "30",
    "RDate": "20220409",
    "Aspects": [
      {
        "Aspect": "품질",
        "SentimentText": "많이 고민했는데 품질 완전 만족해요 ㅎㅎ",
        "SentimentWord": "6",
        "SentimentPolarity": "1"
      },
      {
        "Aspect": "화질",
        "SentimentText": "화질도 선명해서 좋구요",
        "SentimentWord": "3",
        "SentimentPolarity": "1"
      },
      {
        "Aspect": "음량/음질",
        "SentimentText": "음량도 또렷하게 잘들려서 나쁘지 않아요 만족 ^^",
        "SentimentWord": "7",
        "SentimentPolarity": "1"
      },
      {
        "Aspect": "편의성",
        "SentimentText": "통합리모콘이라 이것으로 한편에 사용하니 편하고 진짜로 좋아요",
        "SentimentWord": "7",
        "SentimentPolarity": "1"
      },
      {
        "Aspect": "사이즈",
        "SentimentText": "화면도 크니까 영화볼맛나니까 굿!!! ",
        "SentimentWord": "4",
        "SentimentPolarity": "1"
      }
    ]
  },
  {
    "Index": "14803",
    "RawText": "배송도 무척이나 빠르고 친절하게 설치까지 완료 너무 만족해요 화면도 쨍하게 잘나오고요 맘에 쏙!듭니다. 그리고 리모콘의 이동속도도 빠르니까 다 마음에 드네요^^ ",
    "Source": "쇼핑몰",
    "Domain": "가전",
    "MainCategory": "영상/음향가전",
    "ProductName": "이스트라 AU753QLED SMART THE ULTRA 스탠드",
    "ReviewScore": "5",
    "Syllable": "90",
    "Word": "20",
    "RDate": "20220320",
    "Aspects": [
      {
        "Aspect": "화질",
        "SentimentText": "화면도 쨍하게 잘나오고요 맘에 쏙!듭니다. ",
        "SentimentWord": "5",
        "SentimentPolarity": "1"
      },
      {
        "Aspect": "시간/속도",
        "SentimentText": " 그리고 리모콘의 이동속도도 빠르니까 다 마음에 드네요^^",
        "SentimentWord": "7",
        "SentimentPolarity": "1"
      }
    ]
  },
  {
    "Index": "14804",
    "RawText": "배송기사분들 너무 친절하게 설치해주시니까 만족해요 거기다 품질까지 좋은 제품을 만나서 좋구요 화질도 선명하고 뚜렷한게 영화보기 딱!!! 좋네요 잘샀어요 ㅎㅎ ",
    "Source": "쇼핑몰",
    "Domain": "가전",
    "MainCategory": "영상/음향가전",
    "ProductName": "이스트라 AU753QLED SMART THE ULTRA 스탠드",
    "ReviewScore": "5",
    "Syllable": "88",
    "Word": "19",
    "RDate": "20220224",
    "Aspects": [
      {
        "Aspect": "품질",
        "SentimentText": "거기다 품질까지 좋은 제품을 만나서 좋구요",
        "SentimentWord": "6",
        "SentimentPolarity": "1"
      },
      {
        "Aspect": "화질",
        "SentimentText": "화질도 선명하고 뚜렷한게 영화보기 딱!!! 좋네요 잘샀어요 ㅎㅎ",
        "SentimentWord": "8",
        "SentimentPolarity": "1"
      }
    ]
  },
  {
    "Index": "14806",
    "RawText": "생각보다 커서 좋아요 화질이 좋지 않았는데 설정하면 괜찮아지네요^^ ",
    "Source": "쇼핑몰",
    "Domain": "가전",
    "MainCategory": "영상/음향가전",
    "ProductName": "이스트라 AU753QLED SMART THE ULTRA 스탠드",
    "ReviewScore": "4",
    "Syllable": "38",
    "Word": "8",
    "RDate": "20220219",
    "GeneralPolarity": "1",
    "Aspects": [
      {
        "Aspect": "사이즈",
        "SentimentText": "생각보다 커서 좋아요",
        "SentimentWord": "3",
        "SentimentPolarity": "1"
      },
      {
        "Aspect": "화질",
        "SentimentText": "화질이 좋지 않았는데 설정하면 괜찮아지네요^^",
        "SentimentWord": "5",
        "SentimentPolarity": "1"
      }
    ]
  },
  {
    "Index": "14807",
    "RawText": "직접 설치했어요~ 선들도 깨끗하게 감추고요.만족스럽네요!!  소리 짱짱하니 크게 잘들리네요 ",
    "Source": "쇼핑몰",
    "Domain": "가전",
    "MainCategory": "영상/음향가전",
    "ProductName": "이스트라 AU753QLED SMART THE ULTRA 스탠드",
    "ReviewScore": "4",
    "Syllable": "51",
    "Word": "9",
    "RDate": "20220205",
    "Aspects": [
      {
        "Aspect": "조작성",
        "SentimentText": "직접 설치했어요~ 선들도 깨끗하게 감추고요.만족스럽네요!! ",
        "SentimentWord": "5",
        "SentimentPolarity": "1"
      },
      {
        "Aspect": "음량/음질",
        "SentimentText": "소리 짱짱하니 크게 잘들리네요",
        "SentimentWord": "4",
        "SentimentPolarity": "1"
      }
    ]
  },
  {
    "Index": "14808",
    "RawText": "기능들이 많아서 좋아요 그리고 디자인이 제가 원하는 심플함이라 만족합니다. 착한가격이라 강추해요^^ ",
    "Source": "쇼핑몰",
    "Domain": "가전",
    "MainCategory": "영상/음향가전",
    "ProductName": "이스트라 AU753QLED SMART THE ULTRA 스탠드",
    "ReviewScore": "5",
    "Syllable": "56",
    "Word": "11",
    "RDate": "20220208",
    "GeneralPolarity": "1",
    "Aspects": [
      {
        "Aspect": "기능",
        "SentimentText": "기능들이 많아서 좋아요",
        "SentimentWord": "3",
        "SentimentPolarity": "1"
      },
      {
        "Aspect": "디자인",
        "SentimentText": "그리고 디자인이 제가 원하는 심플함이라 만족합니다.",
        "SentimentWord": "6",
        "SentimentPolarity": "1"
      },
      {
        "Aspect": "가격",
        "SentimentText": "착한가격이라 강추해요^^",
        "SentimentWord": "2",
        "SentimentPolarity": "1"
      }
    ]
  },
  {
    "Index": "14809",
    "RawText": "하루만에 배송이 오고 설치까지 완전 스피드해서 좋아요 기사분들도 친절하고  빠르셔서 만족합니다^^ 화질도 밝게 보여서 좋구요~ 음질도 대체로 괜찮지만 저음이 부족하게 느껴져서 사운드비이용하고 있어요~그점은 좀 아쉽죠",
    "Source": "쇼핑몰",
    "Domain": "가전",
    "MainCategory": "영상/음향가전",
    "ProductName": "이스트라 AU753QLED SMART THE ULTRA 스탠드",
    "ReviewScore": "5",
    "Syllable": "120",
    "Word": "25",
    "RDate": "20220507",
    "Aspects": [
      {
        "Aspect": "화질",
        "SentimentText": "화질도 밝게 보여서 좋구요~ ",
        "SentimentWord": "4",
        "SentimentPolarity": "1"
      },
      {
        "Aspect": "음량/음질",
        "SentimentText": "음질도 대체로 괜찮지만 저음이 부족하게 느껴져서 사운드비이용하고 있어요~그점은 좀 아쉽죠",
        "SentimentWord": "10",
        "SentimentPolarity": "0"
      }
    ]
  },
  {
    "Index": "14810",
    "RawText": "설명도 친절하시고 설치 깔끔하게 설치해주셔서 좋았어요  소리도 선명하게 잘들려서 좋아요 그리고 화면이 선명해서 좋구요  착한가격에 잘 구매한것같아서 좋아요 ",
    "Source": "쇼핑몰",
    "Domain": "가전",
    "MainCategory": "영상/음향가전",
    "ProductName": "이스트라 AU753QLED SMART THE ULTRA 스탠드",
    "ReviewScore": "5",
    "Syllable": "87",
    "Word": "18",
    "RDate": "20220616",
    "Aspects": [
      {
        "Aspect": "음량/음질",
        "SentimentText": "소리도 선명하게 잘들려서 좋아요",
        "SentimentWord": "4",
        "SentimentPolarity": "1"
      },
      {
        "Aspect": "화질",
        "SentimentText": "그리고 화면이 선명해서 좋구요",
        "SentimentWord": "4",
        "SentimentPolarity": "1"
      },
      {
        "Aspect": "가격",
        "SentimentText": "착한가격에 잘 구매한것같아서 좋아요",
        "SentimentWord": "4",
        "SentimentPolarity": "1"
      }
    ]
  },
  {
    "Index": "14811",
    "RawText": "가격은 저렴한것같아서 만족합니다. 크기가 커서 좋을줄알았지만 썩 마음에 들지 않아서 아쉽네요! ",
    "Source": "쇼핑몰",
    "Domain": "가전",
    "MainCategory": "영상/음향가전",
    "ProductName": "이스트라 AU753QLED SMART THE ULTRA 스탠드",
    "ReviewScore": "3",
    "Syllable": "53",
    "Word": "11",
    "RDate": "20220312",
    "GeneralPolarity": "0",
    "Aspects": [
      {
        "Aspect": "가격",
        "SentimentText": "가격은 저렴한것같아서 만족합니다",
        "SentimentWord": "3",
        "SentimentPolarity": "1"
      },
      {
        "Aspect": "사이즈",
        "SentimentText": "크기가 커서 좋을줄알았지만 썩 마음에 들지 않아서 아쉽네요!",
        "SentimentWord": "8",
        "SentimentPolarity": "-1"
      }
    ]
  },
  {
    "Index": "14812",
    "RawText": "화질이 선명해서 정말 잘 산것같아요 설치도 잘해주시니까 좋았습니다. 다양한 인터넷방송이 가능해서 좋아요 모바일 미러링도 간단하니까 사용하기도 정말 편해서 만족해요^^ ",
    "Source": "쇼핑몰",
    "Domain": "가전",
    "MainCategory": "영상/음향가전",
    "ProductName": "이스트라 AU753QLED SMART THE ULTRA 스탠드",
    "ReviewScore": "5",
    "Syllable": "93",
    "Word": "19",
    "RDate": "20220310",
    "Aspects": [
      {
        "Aspect": "화질",
        "SentimentText": "화질이 선명해서 정말 잘 산것같아요",
        "SentimentWord": "5",
        "SentimentPolarity": "1"
      },
      {
        "Aspect": "기능",
        "SentimentText": "다양한 인터넷방송이 가능해서 좋아요",
        "SentimentWord": "4",
        "SentimentPolarity": "1"
      },
      {
        "Aspect": "편의성",
        "SentimentText": "모바일 미러링도 간단하니까 사용하기도 정말 편해서 만족해요^^",
        "SentimentWord": "7",
        "SentimentPolarity": "1"
      }
    ]
  },
  {
    "Index": "14813",
    "RawText": "디자인이 매끈하고 심플해서 좋아요 생각보다 무게가 묵직해서 그부분은 아쉬워요 그리고  eARC 단자 한 개만 있는것도 아쉬웠어요 제품의 품질도 너무 좋아요 음질도 깨끗해서 그부분도 만족합니다.",
    "Source": "쇼핑몰",
    "Domain": "가전",
    "MainCategory": "영상/음향가전",
    "ProductName": "BOSE Smart Soundbar 900 정품",
    "ReviewScore": "5",
    "Syllable": "107",
    "Word": "24",
    "RDate": "20220607",
    "GeneralPolarity": "1",
    "Aspects": [
      {
        "Aspect": "디자인",
        "SentimentText": "디자인이 매끈하고 심플해서 좋아요",
        "SentimentWord": "4",
        "SentimentPolarity": "1"
      },
      {
        "Aspect": "무게",
        "SentimentText": "생각보다 무게가 묵직해서 그부분은 아쉬워요",
        "SentimentWord": "5",
        "SentimentPolarity": "-1"
      },
      {
        "Aspect": "제품구성",
        "SentimentText": "그리고  eARC 단자 한 개만 있는것도 아쉬웠어요",
        "SentimentWord": "7",
        "SentimentPolarity": "-1"
      },
      {
        "Aspect": "품질",
        "SentimentText": "제품의 품질도 너무 좋아요",
        "SentimentWord": "4",
        "SentimentPolarity": "1"
      },
      {
        "Aspect": "음량/음질",
        "SentimentText": "음질도 깨끗해서 그부분도 만족합니다.",
        "SentimentWord": "4",
        "SentimentPolarity": "1"
      }
    ]
  },
  {
    "Index": "14814",
    "RawText": "사운드바는 음량이 별로라 조금 아쉽긴해요 dts, 패스스루는 미지원모델이라 아쉽네요;;",
    "Source": "쇼핑몰",
    "Domain": "가전",
    "MainCategory": "영상/음향가전",
    "ProductName": "BOSE Smart Soundbar 900 정품",
    "ReviewScore": "5",
    "Syllable": "48",
    "Word": "9",
    "RDate": "20220817",
    "GeneralPolarity": "-1",
    "Aspects": [
      {
        "Aspect": "음량/음질",
        "SentimentText": "사운드바는 음량이 별로라 조금 아쉽긴해요",
        "SentimentWord": "5",
        "SentimentPolarity": "-1"
      },
      {
        "Aspect": "기능",
        "SentimentText": "dts, 패스스루는 미지원모델이라 아쉽네요;;",
        "SentimentWord": "4",
        "SentimentPolarity": "-1"
      }
    ]
  }
]