[
  {
    "Index": "17998",
    "RawText": "우퍼의 출력이 강해서 층간소음이 걱정되어 아쉽네요 그래도 디자인은 고급져서 마음에 들어요 소리도 맑고 깨끗해서 좋습니다.",
    "Source": "쇼핑몰",
    "Domain": "가전",
    "MainCategory": "영상/음향가전",
    "ProductName": "하만카돈 SOUND STICKS 4 정품",
    "ReviewScore": "5",
    "Syllable": "67",
    "Word": "15",
    "RDate": "20220302",
    "GeneralPolarity": "1",
    "Aspects": [
      {
        "Aspect": "기능",
        "SentimentText": "우퍼의 출력이 강해서 층간소음이 걱정되어 아쉽네요",
        "SentimentWord": "6",
        "SentimentPolarity": "-1"
      },
      {
        "Aspect": "디자인",
        "SentimentText": "그래도 디자인은 고급져서 마음에 들어요",
        "SentimentWord": "5",
        "SentimentPolarity": "1"
      },
      {
        "Aspect": "음량/음질",
        "SentimentText": "소리도 맑고 깨끗해서 좋습니다.",
        "SentimentWord": "4",
        "SentimentPolarity": "1"
      }
    ]
  },
  {
    "Index": "17999",
    "RawText": "생각보다 상당히 무거워서 당황했습니다 ㅜㅜ 그래도 디자인도 상당히 유니크하고 예뻐서 마음에 들어요",
    "Source": "쇼핑몰",
    "Domain": "가전",
    "MainCategory": "영상/음향가전",
    "ProductName": "하만카돈 SOUND STICKS 4 정품",
    "ReviewScore": "5",
    "Syllable": "54",
    "Word": "12",
    "RDate": "20210330",
    "GeneralPolarity": "0",
    "Aspects": [
      {
        "Aspect": "무게",
        "SentimentText": "생각보다 상당히 무거워서 당황했습니다 ㅜㅜ",
        "SentimentWord": "5",
        "SentimentPolarity": "-1"
      },
      {
        "Aspect": "디자인",
        "SentimentText": "그래도 디자인도 상당히 유니크하고 예뻐서 마음에 들어요",
        "SentimentWord": "7",
        "SentimentPolarity": "1"
      }
    ]
  },
  {
    "Index": "18000",
    "RawText": "음량이 웅장하고 커서 좋아요 다만 이동할때 스피커가 3개라 불편함이 있어요 ㅜ 그리고 무거워서 가지고 다니기에는 무리가 있는점이 아쉽고요 부피감도 상당히 있어서 당황했네요 다만 기능도 다양하고 성능이 잘 발휘해서 좋습니다.",
    "Source": "쇼핑몰",
    "Domain": "가전",
    "MainCategory": "영상/음향가전",
    "ProductName": "하만카돈 SOUND STICKS 4 정품",
    "ReviewScore": "4",
    "Syllable": "124",
    "Word": "29",
    "RDate": "20211225",
    "GeneralPolarity": "0",
    "Aspects": [
      {
        "Aspect": "음량/음질",
        "SentimentText": "음량이 웅장하고 커서 좋아요 ",
        "SentimentWord": "4",
        "SentimentPolarity": "1"
      },
      {
        "Aspect": "편의성",
        "SentimentText": "다만 이동할때 스피커가 3개라 불편함이 있어요 ㅜ ",
        "SentimentWord": "7",
        "SentimentPolarity": "-1"
      },
      {
        "Aspect": "무게",
        "SentimentText": "그리고 무거워서 가지고 다니기에는 무리가 있는점이 아쉽고요",
        "SentimentWord": "7",
        "SentimentPolarity": "-1"
      },
      {
        "Aspect": "사이즈",
        "SentimentText": "부피감도 상당히 있어서 당황했네요",
        "SentimentWord": "4",
        "SentimentPolarity": "-1"
      },
      {
        "Aspect": "기능",
        "SentimentText": "다만 기능도 다양하고 성능이 잘 발휘해서 좋습니다.",
        "SentimentWord": "7",
        "SentimentPolarity": "1"
      }
    ]
  },
  {
    "Index": "18001",
    "RawText": "음질이 매우섬세하고 울림이 있어서 차원이 다른제품이라 좋아요 그리고 디자인도 불빛이 은은한것이 매우 사랑스러우니 만족해요 ㅎㅎ",
    "Source": "쇼핑몰",
    "Domain": "가전",
    "MainCategory": "영상/음향가전",
    "ProductName": "하만카돈 SOUND STICKS 4 정품",
    "ReviewScore": "5",
    "Syllable": "70",
    "Word": "15",
    "RDate": "20220201",
    "GeneralPolarity": "1",
    "Aspects": [
      {
        "Aspect": "음량/음질",
        "SentimentText": "음질이 매우섬세하고 울림이 있어서 차원이 다른제품이라 좋아요",
        "SentimentWord": "7",
        "SentimentPolarity": "1"
      },
      {
        "Aspect": "디자인",
        "SentimentText": "그리고 디자인도 불빛이 은은한것이 매우 사랑스러우니 만족해요 ㅎㅎ",
        "SentimentWord": "8",
        "SentimentPolarity": "1"
      }
    ]
  },
  {
    "Index": "18002",
    "RawText": "음질이 지직거림없이 부드러워서 좋아요 디자인도 불빛이 은은하니까 감성도 풍부해지고 좋네요 다만 아쉬운건 베이스도 빵빵하니까 층간소음이 걱정되어 아쉽네요",
    "Source": "쇼핑몰",
    "Domain": "가전",
    "MainCategory": "영상/음향가전",
    "ProductName": "하만카돈 SOUND STICKS 4 정품",
    "ReviewScore": "5",
    "Syllable": "84",
    "Word": "17",
    "RDate": "20220425",
    "GeneralPolarity": "1",
    "Aspects": [
      {
        "Aspect": "음량/음질",
        "SentimentText": "음질이 지직거림없이 부드러워서 좋아요",
        "SentimentWord": "4",
        "SentimentPolarity": "1"
      },
      {
        "Aspect": "디자인",
        "SentimentText": "디자인도 불빛이 은은하니까 감성도 풍부해지고 좋네요",
        "SentimentWord": "6",
        "SentimentPolarity": "1"
      },
      {
        "Aspect": "음량/음질",
        "SentimentText": "다만 아쉬운건 베이스도 빵빵하니까 층간소음이 걱정되어 아쉽네요",
        "SentimentWord": "7",
        "SentimentPolarity": "-1"
      }
    ]
  },
  {
    "Index": "18003",
    "RawText": "음질이 음역대가 빵빵해서 마음에 들어요 디자인도 고급스럽게 빠지는게 없으니 만족스럽습니다.",
    "Source": "쇼핑몰",
    "Domain": "가전",
    "MainCategory": "영상/음향가전",
    "ProductName": "하만카돈 SOUND STICKS 4 정품",
    "ReviewScore": "5",
    "Syllable": "50",
    "Word": "10",
    "RDate": "20210131",
    "GeneralPolarity": "1",
    "Aspects": [
      {
        "Aspect": "음량/음질",
        "SentimentText": "음질이 음역대가 빵빵해서 마음에 들어요 ",
        "SentimentWord": "5",
        "SentimentPolarity": "1"
      },
      {
        "Aspect": "디자인",
        "SentimentText": "디자인도 고급스럽게 빠지는게 없으니 만족스럽습니다. ",
        "SentimentWord": "5",
        "SentimentPolarity": "1"
      }
    ]
  },
  {
    "Index": "18004",
    "RawText": "음질이 상당히 맑고 깨끗해서 좋아요 그리고 가격도 이만하면 저렴하니까 만족하구요 다만 콘센트까지 줄이 짧아서 매우 아쉽네요 ㅜ사용하기가 불편해요",
    "Source": "쇼핑몰",
    "Domain": "가전",
    "MainCategory": "영상/음향가전",
    "ProductName": "하만카돈 SOUND STICKS 4 정품",
    "ReviewScore": "5",
    "Syllable": "80",
    "Word": "18",
    "RDate": "20220715",
    "GeneralPolarity": "0",
    "Aspects": [
      {
        "Aspect": "음량/음질",
        "SentimentText": "음질이 상당히 맑고 깨끗해서 좋아요 ",
        "SentimentWord": "5",
        "SentimentPolarity": "1"
      },
      {
        "Aspect": "가격",
        "SentimentText": "그리고 가격도 이만하면 저렴하니까 만족하구요 ",
        "SentimentWord": "5",
        "SentimentPolarity": "1"
      },
      {
        "Aspect": "편의성",
        "SentimentText": "다만 콘센트까지 줄이 짧아서 매우 아쉽네요 ㅜ사용하기가 불편해요",
        "SentimentWord": "8",
        "SentimentPolarity": "-1"
      }
    ]
  },
  {
    "Index": "18005",
    "RawText": "가격에 비해 음질도 탁월하고 선명해서 만족합니다. 음질과 품질의 퀄리티도 좋으니 가성비가 완전 좋구요 저렴하게 잘 구입했어요 디자인도 불빛이 밤에는 정말 예뻐서 매우 만족하고 있어요",
    "Source": "쇼핑몰",
    "Domain": "가전",
    "MainCategory": "영상/음향가전",
    "ProductName": "하만카돈 SOUND STICKS 4 정품",
    "ReviewScore": "5",
    "Syllable": "101",
    "Word": "24",
    "RDate": "20220224",
    "GeneralPolarity": "1",
    "Aspects": [
      {
        "Aspect": "음량/음질",
        "SentimentText": "가격에 비해 음질도 탁월하고 선명해서 만족합니다.",
        "SentimentWord": "6",
        "SentimentPolarity": "1"
      },
      {
        "Aspect": "가격",
        "SentimentText": "음질과 품질의 퀄리티도 좋으니 가성비가 완전 좋구요 저렴하게 잘 구입했어요",
        "SentimentWord": "10",
        "SentimentPolarity": "1"
      },
      {
        "Aspect": "디자인",
        "SentimentText": "디자인도 불빛이 밤에는 정말 예뻐서 매우 만족하고 있어요",
        "SentimentWord": "8",
        "SentimentPolarity": "1"
      }
    ]
  },
  {
    "Index": "18006",
    "RawText": "와 정말 너무 예뻐서 인테리어에 짱 좋습니다. 음질도 빵빵하고 또렷하니까 더욱 좋아요",
    "Source": "쇼핑몰",
    "Domain": "가전",
    "MainCategory": "영상/음향가전",
    "ProductName": "하만카돈 SOUND STICKS 4 정품",
    "ReviewScore": "5",
    "Syllable": "47",
    "Word": "12",
    "RDate": "20220226",
    "GeneralPolarity": "1",
    "Aspects": [
      {
        "Aspect": "디자인",
        "SentimentText": "와 정말 너무 예뻐서 인테리어에 짱 좋습니다.",
        "SentimentWord": "7",
        "SentimentPolarity": "1"
      },
      {
        "Aspect": "음량/음질",
        "SentimentText": "음질도 빵빵하고 또렷하니까 더욱 좋아요",
        "SentimentWord": "5",
        "SentimentPolarity": "1"
      }
    ]
  },
  {
    "Index": "18007",
    "RawText": "고급지고 예쁘고 불빛도 반짝이는게 너무 좋아요  음질도 안정적이라 귓가에도 잘들리고 매우 만족합니다",
    "Source": "쇼핑몰",
    "Domain": "가전",
    "MainCategory": "영상/음향가전",
    "ProductName": "하만카돈 SOUND STICKS 4 정품",
    "ReviewScore": "5",
    "Syllable": "55",
    "Word": "12",
    "RDate": "20220103",
    "GeneralPolarity": "1",
    "Aspects": [
      {
        "Aspect": "디자인",
        "SentimentText": "고급지고 예쁘고 불빛도 반짝이는게 너무 좋아요",
        "SentimentWord": "6",
        "SentimentPolarity": "1"
      },
      {
        "Aspect": "음량/음질",
        "SentimentText": "음질도 안정적이라 귓가에도 잘들리고 매우 만족합니다",
        "SentimentWord": "6",
        "SentimentPolarity": "1"
      }
    ]
  },
  {
    "Index": "18010",
    "RawText": "사운드가 말소리도 또렷하고 선명감을 주어서 만족합니다. 다만 볼륨을 최대한 낮춰도 작은방에서는 크게들려서 아쉽습니다.",
    "Source": "쇼핑몰",
    "Domain": "가전",
    "MainCategory": "영상/음향가전",
    "ProductName": "하만카돈 SOUND STICKS 4 정품",
    "ReviewScore": "5",
    "Syllable": "65",
    "Word": "13",
    "RDate": "20210905",
    "GeneralPolarity": "0",
    "Aspects": [
      {
        "Aspect": "음량/음질",
        "SentimentText": "사운드가 말소리도 또렷하고 선명감을 주어서 만족합니다. ",
        "SentimentWord": "6",
        "SentimentPolarity": "1"
      },
      {
        "Aspect": "음량/음질",
        "SentimentText": "다만 볼륨을 최대한 낮춰도 작은방에서는 크게들려서 아쉽습니다. ",
        "SentimentWord": "7",
        "SentimentPolarity": "-1"
      }
    ]
  },
  {
    "Index": "18011",
    "RawText": "디자인이 깔끔하고 정말 예뻐서 좋아요 그리고 저음이 강하니까 우퍼도 울림이 있어서 좋구요 인터넷과 연결해서 쓰니 연동도 되고 활용이 유용해서 좋아요!",
    "Source": "쇼핑몰",
    "Domain": "가전",
    "MainCategory": "영상/음향가전",
    "ProductName": "하만카돈 SOUND STICKS 4 정품",
    "ReviewScore": "5",
    "Syllable": "83",
    "Word": "20",
    "RDate": "20211126",
    "GeneralPolarity": "1",
    "Aspects": [
      {
        "Aspect": "디자인",
        "SentimentText": "디자인이 깔끔하고 정말 예뻐서 좋아요",
        "SentimentWord": "5",
        "SentimentPolarity": "1"
      },
      {
        "Aspect": "음량/음질",
        "SentimentText": "그리고 저음이 강하니까 우퍼도 울림이 있어서 좋구요",
        "SentimentWord": "7",
        "SentimentPolarity": "1"
      },
      {
        "Aspect": "기능",
        "SentimentText": "인터넷과 연결해서 쓰니 연동도 되고 활용이 유용해서 좋아요!",
        "SentimentWord": "8",
        "SentimentPolarity": "1"
      }
    ]
  },
  {
    "Index": "18012",
    "RawText": "음질이 깔끔하고 노이즈도 없어서 상당히 좋았어요 그리고 빛이 은은하게  감성이 울리니 너무예쁩니다",
    "Source": "쇼핑몰",
    "Domain": "가전",
    "MainCategory": "영상/음향가전",
    "ProductName": "하만카돈 SOUND STICKS 4 정품",
    "ReviewScore": "5",
    "Syllable": "54",
    "Word": "12",
    "RDate": "20220606",
    "GeneralPolarity": "1",
    "Aspects": [
      {
        "Aspect": "음량/음질",
        "SentimentText": "음질이 깔끔하고 노이즈도 없어서 상당히 좋았어요",
        "SentimentWord": "6",
        "SentimentPolarity": "1"
      },
      {
        "Aspect": "디자인",
        "SentimentText": "그리고 빛이 은은하게  감성이 울리니 너무예쁩니다",
        "SentimentWord": "6",
        "SentimentPolarity": "1"
      }
    ]
  },
  {
    "Index": "18013",
    "RawText": "우퍼의 타격감과 울림이 마음에 듭니다. 다만 고음에서 간혹 찢어지는 소리가 나는데 아쉬운 부분입니다.",
    "Source": "쇼핑몰",
    "Domain": "가전",
    "MainCategory": "영상/음향가전",
    "ProductName": "하만카돈 SOUND STICKS 4 정품",
    "ReviewScore": "4",
    "Syllable": "56",
    "Word": "13",
    "RDate": "20211122",
    "GeneralPolarity": "0",
    "Aspects": [
      {
        "Aspect": "기능",
        "SentimentText": "우퍼의 타격감과 울림이 마음에 듭니다.",
        "SentimentWord": "5",
        "SentimentPolarity": "1"
      },
      {
        "Aspect": "음량/음질",
        "SentimentText": " 다만 고음에서 간혹 찢어지는 소리가 나는데 아쉬운 부분입니다.",
        "SentimentWord": "8",
        "SentimentPolarity": "-1"
      }
    ]
  },
  {
    "Index": "18014",
    "RawText": "인테리어 소품이라고 해도될만큼 너무 예뻐요 디자인 최고네요 그리고 소리는 선명하고 부드러워서 만족해요^^",
    "Source": "쇼핑몰",
    "Domain": "가전",
    "MainCategory": "영상/음향가전",
    "ProductName": "하만카돈 SOUND STICKS 4 정품",
    "ReviewScore": "4",
    "Syllable": "58",
    "Word": "12",
    "RDate": "20220730",
    "GeneralPolarity": "1",
    "Aspects": [
      {
        "Aspect": "디자인",
        "SentimentText": "인테리어 소품이라고 해도될만큼 너무 예뻐요 디자인 최고네요",
        "SentimentWord": "7",
        "SentimentPolarity": "1"
      },
      {
        "Aspect": "음량/음질",
        "SentimentText": "그리고 소리는 선명하고 부드러워서 만족해요^^",
        "SentimentWord": "5",
        "SentimentPolarity": "1"
      }
    ]
  },
  {
    "Index": "18015",
    "RawText": "디자인이 상당히 귀엽기도하고 예뻐서 만족합니다. 그리고 음질도 저음역대가 강하고 좋아요 가격도 착하고 만족합니다^^",
    "Source": "쇼핑몰",
    "Domain": "가전",
    "MainCategory": "영상/음향가전",
    "ProductName": "하만카돈 SOUND STICKS 4 정품",
    "ReviewScore": "5",
    "Syllable": "64",
    "Word": "13",
    "RDate": "20220509",
    "GeneralPolarity": "1",
    "Aspects": [
      {
        "Aspect": "디자인",
        "SentimentText": "디자인이 상당히 귀엽기도하고 예뻐서 만족합니다.",
        "SentimentWord": "5",
        "SentimentPolarity": "1"
      },
      {
        "Aspect": "음량/음질",
        "SentimentText": "그리고 음질도 저음역대가 강하고 좋아요 ",
        "SentimentWord": "5",
        "SentimentPolarity": "1"
      },
      {
        "Aspect": "가격",
        "SentimentText": "가격도 착하고 만족합니다^^",
        "SentimentWord": "3",
        "SentimentPolarity": "1"
      }
    ]
  },
  {
    "Index": "18016",
    "RawText": "가격이 상당히 저렴한게 마음에 들었어요 그리고 외관상의 마감도 깔끔하고 섬세해서 마음에 듭니다. 음질이 또렷하고 풍성해서 귀호강해서 좋아요",
    "Source": "쇼핑몰",
    "Domain": "가전",
    "MainCategory": "영상/음향가전",
    "ProductName": "하만카돈 SOUND STICKS 4 정품",
    "ReviewScore": "5",
    "Syllable": "77",
    "Word": "17",
    "RDate": "20210626",
    "GeneralPolarity": "1",
    "Aspects": [
      {
        "Aspect": "가격",
        "SentimentText": "가격이 상당히 저렴한게 마음에 들었어요",
        "SentimentWord": "5",
        "SentimentPolarity": "1"
      },
      {
        "Aspect": "품질",
        "SentimentText": "그리고 외관상의 마감도 깔끔하고 섬세해서 마음에 듭니다.",
        "SentimentWord": "7",
        "SentimentPolarity": "1"
      },
      {
        "Aspect": "음량/음질",
        "SentimentText": "음질이 또렷하고 풍성해서 귀호강해서 좋아요",
        "SentimentWord": "5",
        "SentimentPolarity": "1"
      }
    ]
  },
  {
    "Index": "18018",
    "RawText": "디자인 깔끔하고 아름다워서 좋아요 소리도 맑고 고운 좋은 소리를 내주어 좋습니다.^^",
    "Source": "쇼핑몰",
    "Domain": "가전",
    "MainCategory": "영상/음향가전",
    "ProductName": "하만카돈 SOUND STICKS 4 정품",
    "ReviewScore": "5",
    "Syllable": "47",
    "Word": "11",
    "RDate": "20210128",
    "GeneralPolarity": "1",
    "Aspects": [
      {
        "Aspect": "디자인",
        "SentimentText": "디자인 깔끔하고 아름다워서 좋아요",
        "SentimentWord": "4",
        "SentimentPolarity": "1"
      },
      {
        "Aspect": "음량/음질",
        "SentimentText": "소리도 맑고 고운 좋은 소리를 내주어 좋습니다.^^",
        "SentimentWord": "7",
        "SentimentPolarity": "1"
      }
    ]
  },
  {
    "Index": "18019",
    "RawText": "음질이 풍성해서 방안도 꽉채워주고 좋아요 그리고 디자인도 불빛이 은은하니 예쁩니다^^",
    "Source": "쇼핑몰",
    "Domain": "가전",
    "MainCategory": "영상/음향가전",
    "ProductName": "하만카돈 SOUND STICKS 4 정품",
    "ReviewScore": "5",
    "Syllable": "47",
    "Word": "10",
    "RDate": "20210217",
    "GeneralPolarity": "1",
    "Aspects": [
      {
        "Aspect": "음량/음질",
        "SentimentText": "음질이 풍성해서 방안도 꽉채워주고 좋아요 ",
        "SentimentWord": "5",
        "SentimentPolarity": "1"
      },
      {
        "Aspect": "디자인",
        "SentimentText": "그리고 디자인도 불빛이 은은하니 예쁩니다^^",
        "SentimentWord": "5",
        "SentimentPolarity": "1"
      }
    ]
  },
  {
    "Index": "18020",
    "RawText": "디자인이 깔끔하고 고급진게 장점이예요 그리고 외관상의 마감이 기스하나 없이 완벽해서 좋아요 다만 저음이 너무 큰데 우퍼를 조절 못한다는 것이 매우 아쉬워요 소리자체는 풍성하고 깔끔해서 좋습니다.",
    "Source": "쇼핑몰",
    "Domain": "가전",
    "MainCategory": "영상/음향가전",
    "ProductName": "하만카돈 SOUND STICKS 4 정품",
    "ReviewScore": "3",
    "Syllable": "108",
    "Word": "25",
    "RDate": "20211115",
    "GeneralPolarity": "0",
    "Aspects": [
      {
        "Aspect": "디자인",
        "SentimentText": "디자인이 깔끔하고 고급진게 장점이예요",
        "SentimentWord": "4",
        "SentimentPolarity": "1"
      },
      {
        "Aspect": "품질",
        "SentimentText": "그리고 외관상의 마감이 기스하나 없이 완벽해서 좋아요",
        "SentimentWord": "7",
        "SentimentPolarity": "1"
      },
      {
        "Aspect": "기능",
        "SentimentText": "다만 저음이 너무 큰데 우퍼를 조절 못한다는 것이 매우 아쉬워요",
        "SentimentWord": "10",
        "SentimentPolarity": "-1"
      },
      {
        "Aspect": "음량/음질",
        "SentimentText": "소리자체는 풍성하고 깔끔해서 좋습니다.",
        "SentimentWord": "4",
        "SentimentPolarity": "1"
      }
    ]
  },
  {
    "Index": "18021",
    "RawText": "저음도 빵빵하고 음질도 선명해서 좋습니다. 다만 생각보다 사이즈가 커서 당황스러웠어요 ㅜ",
    "Source": "쇼핑몰",
    "Domain": "가전",
    "MainCategory": "영상/음향가전",
    "ProductName": "하만카돈 SOUND STICKS 4 정품",
    "ReviewScore": "4",
    "Syllable": "49",
    "Word": "11",
    "RDate": "20210411",
    "GeneralPolarity": "0",
    "Aspects": [
      {
        "Aspect": "음량/음질",
        "SentimentText": "저음도 빵빵하고 음질도 선명해서 좋습니다.",
        "SentimentWord": "5",
        "SentimentPolarity": "1"
      },
      {
        "Aspect": "사이즈",
        "SentimentText": "다만 생각보다 사이즈가 커서 당황스러웠어요 ㅜ",
        "SentimentWord": "6",
        "SentimentPolarity": "-1"
      }
    ]
  },
  {
    "Index": "18022",
    "RawText": "사운드도 선명하고 말소리도 또렷하게 잘들려서 좋아요 그리고 디자인도 심플하고 세련되어 마음에 듭니다. ",
    "Source": "쇼핑몰",
    "Domain": "가전",
    "MainCategory": "영상/음향가전",
    "ProductName": "하만카돈 SOUND STICKS 4 정품",
    "ReviewScore": "5",
    "Syllable": "57",
    "Word": "12",
    "RDate": "20210806",
    "GeneralPolarity": "1",
    "Aspects": [
      {
        "Aspect": "음량/음질",
        "SentimentText": "사운드도 선명하고 말소리도 또렷하게 잘들려서 좋아요 ",
        "SentimentWord": "6",
        "SentimentPolarity": "1"
      },
      {
        "Aspect": "디자인",
        "SentimentText": "그리고 디자인도 심플하고 세련되어 마음에 듭니다.",
        "SentimentWord": "6",
        "SentimentPolarity": "1"
      }
    ]
  },
  {
    "Index": "18023",
    "RawText": "소리는 깔끔하고 전반적인 소리가 좋습니다.다만 저음이 강조되어 음이 선명하지 못할때가 있어서 아쉽습니다. ",
    "Source": "쇼핑몰",
    "Domain": "가전",
    "MainCategory": "영상/음향가전",
    "ProductName": "하만카돈 SOUND STICKS 4 정품",
    "ReviewScore": "4",
    "Syllable": "59",
    "Word": "12",
    "RDate": "20211116",
    "GeneralPolarity": "0",
    "Aspects": [
      {
        "Aspect": "음량/음질",
        "SentimentText": "소리는 깔끔하고 전반적인 소리가 좋습니다.",
        "SentimentWord": "5",
        "SentimentPolarity": "1"
      },
      {
        "Aspect": "음량/음질",
        "SentimentText": "다만 저음이 강조되어 음이 선명하지 못할때가 있어서 아쉽습니다.",
        "SentimentWord": "8",
        "SentimentPolarity": "-1"
      }
    ]
  },
  {
    "Index": "18024",
    "RawText": "세일가격에 저렴하게 구입해서 좋았어요 그리고 디자인도 깔끔하고 불빛도 예뻐서 인테리어에 좋습니다. 음질도 부드럽고 선명해서 좋아요 다만 베이스 음이 좀 강한거 말고는 전반적으로 음질 만족합니다.",
    "Source": "쇼핑몰",
    "Domain": "가전",
    "MainCategory": "영상/음향가전",
    "ProductName": "하만카돈 SOUND STICKS 4 정품",
    "ReviewScore": "5",
    "Syllable": "108",
    "Word": "24",
    "RDate": "20210713",
    "GeneralPolarity": "0",
    "Aspects": [
      {
        "Aspect": "가격",
        "SentimentText": "세일가격에 저렴하게 구입해서 좋았어요 ",
        "SentimentWord": "4",
        "SentimentPolarity": "1"
      },
      {
        "Aspect": "디자인",
        "SentimentText": "그리고 디자인도 깔끔하고 불빛도 예뻐서 인테리어에 좋습니다.",
        "SentimentWord": "7",
        "SentimentPolarity": "1"
      },
      {
        "Aspect": "음량/음질",
        "SentimentText": "음질도 부드럽고 선명해서 좋아요 다만 베이스 음이 좀 강한거 말고는 전반적으로 음질 만족합니다.",
        "SentimentWord": "13",
        "SentimentPolarity": "0"
      }
    ]
  },
  {
    "Index": "18025",
    "RawText": "소리도 풍성하고 웅장해서 마음에 들어요 그런데 제품 외관에 기스가 있어서 별로예요 ㅜ",
    "Source": "쇼핑몰",
    "Domain": "가전",
    "MainCategory": "영상/음향가전",
    "ProductName": "하만카돈 SOUND STICKS 4 정품",
    "ReviewScore": "4",
    "Syllable": "47",
    "Word": "12",
    "RDate": "20210804",
    "GeneralPolarity": "0",
    "Aspects": [
      {
        "Aspect": "음량/음질",
        "SentimentText": "소리도 풍성하고 웅장해서 마음에 들어요 ",
        "SentimentWord": "5",
        "SentimentPolarity": "1"
      },
      {
        "Aspect": "품질",
        "SentimentText": "그런데 제품 외관에 기스가 있어서 별로예요 ㅜ",
        "SentimentWord": "7",
        "SentimentPolarity": "-1"
      }
    ]
  },
  {
    "Index": "18028",
    "RawText": "제품이 생각보다 무거워서 당황스러워요!!! 그래도 사운드도 풍성하고 풍부한 저음이 진짜 좋습니다.",
    "Source": "쇼핑몰",
    "Domain": "가전",
    "MainCategory": "영상/음향가전",
    "ProductName": "하만카돈 SOUND STICKS 4 정품",
    "ReviewScore": "5",
    "Syllable": "54",
    "Word": "11",
    "RDate": "20210411",
    "GeneralPolarity": "0",
    "Aspects": [
      {
        "Aspect": "무게",
        "SentimentText": "제품이 생각보다 무거워서 당황스러워요!!!",
        "SentimentWord": "4",
        "SentimentPolarity": "-1"
      },
      {
        "Aspect": "음량/음질",
        "SentimentText": "그래도 사운드도 풍성하고 풍부한 저음이 진짜 좋습니다.",
        "SentimentWord": "7",
        "SentimentPolarity": "1"
      }
    ]
  },
  {
    "Index": "18029",
    "RawText": "마감도 섬세하게 잘되어있고 퀄리티가 상당히 좋아요 음질도 웅장해서 영화볼때 극장같은 기분이 들어서 만족해요^^",
    "Source": "쇼핑몰",
    "Domain": "가전",
    "MainCategory": "영상/음향가전",
    "ProductName": "하만카돈 SOUND STICKS 4 정품",
    "ReviewScore": "5",
    "Syllable": "61",
    "Word": "13",
    "RDate": "20220222",
    "GeneralPolarity": "1",
    "Aspects": [
      {
        "Aspect": "품질",
        "SentimentText": "마감도 섬세하게 잘되어있고 퀄리티가 상당히 좋아요",
        "SentimentWord": "6",
        "SentimentPolarity": "1"
      },
      {
        "Aspect": "음량/음질",
        "SentimentText": "음질도 웅장해서 영화볼때 극장같은 기분이 들어서 만족해요^^",
        "SentimentWord": "7",
        "SentimentPolarity": "1"
      }
    ]
  },
  {
    "Index": "18030",
    "RawText": "외관도 스크레치 없이 깔끔해서 좋아요 그리고 음질도 저음부터 고음까지 선명해서 좋아요",
    "Source": "쇼핑몰",
    "Domain": "가전",
    "MainCategory": "영상/음향가전",
    "ProductName": "하만카돈 SOUND STICKS 4 정품",
    "ReviewScore": "5",
    "Syllable": "47",
    "Word": "11",
    "RDate": "20201207",
    "GeneralPolarity": "1",
    "Aspects": [
      {
        "Aspect": "품질",
        "SentimentText": "외관도 스크레치 없이 깔끔해서 좋아요",
        "SentimentWord": "5",
        "SentimentPolarity": "1"
      },
      {
        "Aspect": "음량/음질",
        "SentimentText": "그리고 음질도 저음부터 고음까지 선명해서 좋아요 ",
        "SentimentWord": "6",
        "SentimentPolarity": "1"
      }
    ]
  },
  {
    "Index": "18031",
    "RawText": "중저음이 강하고 좋은소리도 들려주니까 좋아요 그리고 전원속도도 반응이 빨라서 완전 만족해요^^",
    "Source": "쇼핑몰",
    "Domain": "가전",
    "MainCategory": "영상/음향가전",
    "ProductName": "하만카돈 SOUND STICKS 4 정품",
    "ReviewScore": "5",
    "Syllable": "52",
    "Word": "11",
    "RDate": "20201224",
    "GeneralPolarity": "1",
    "Aspects": [
      {
        "Aspect": "음량/음질",
        "SentimentText": "중저음이 강하고 좋은소리도 들려주니까 좋아요",
        "SentimentWord": "5",
        "SentimentPolarity": "1"
      },
      {
        "Aspect": "시간/속도",
        "SentimentText": "그리고 전원속도도 반응이 빨라서 완전 만족해요^^",
        "SentimentWord": "6",
        "SentimentPolarity": "1"
      }
    ]
  },
  {
    "Index": "18032",
    "RawText": "품질도 좋고 기능도 다양한것이 가성비가 매우 좋은데 가격도 저렴해서 잘샀어요 다만 led조면 조절이 안된다는것이 아쉽습니다. 외관상의 모습도 깔끔하고 흠 없이 깔끔해서 매우좋아요",
    "Source": "쇼핑몰",
    "Domain": "가전",
    "MainCategory": "영상/음향가전",
    "ProductName": "하만카돈 SOUND STICKS 4 정품",
    "ReviewScore": "5",
    "Syllable": "99",
    "Word": "22",
    "RDate": "20220826",
    "GeneralPolarity": "0",
    "Aspects": [
      {
        "Aspect": "가격",
        "SentimentText": "품질도 좋고 기능도 다양한것이 가성비가 매우 좋은데 가격도 저렴해서 잘샀어요",
        "SentimentWord": "10",
        "SentimentPolarity": "1"
      },
      {
        "Aspect": "기능",
        "SentimentText": "다만 led조면 조절이 안된다는것이 아쉽습니다. ",
        "SentimentWord": "5",
        "SentimentPolarity": "-1"
      },
      {
        "Aspect": "품질",
        "SentimentText": "외관상의 모습도 깔끔하고 흠 없이 깔끔해서 매우좋아요",
        "SentimentWord": "7",
        "SentimentPolarity": "1"
      }
    ]
  },
  {
    "Index": "18033",
    "RawText": "음질이 부드럽고 빵빵하니 매우좋아요 그리고 디자인까지 불빛도 빤짝이고 너무 예쁘네요~굿",
    "Source": "쇼핑몰",
    "Domain": "가전",
    "MainCategory": "영상/음향가전",
    "ProductName": "하만카돈 SOUND STICKS 4 정품",
    "ReviewScore": "5",
    "Syllable": "48",
    "Word": "10",
    "RDate": "20201216",
    "GeneralPolarity": "1",
    "Aspects": [
      {
        "Aspect": "음량/음질",
        "SentimentText": "음질이 부드럽고 빵빵하니 매우좋아요 ",
        "SentimentWord": "4",
        "SentimentPolarity": "1"
      },
      {
        "Aspect": "디자인",
        "SentimentText": "그리고 디자인까지 불빛도 빤짝이고 너무 예쁘네요~굿",
        "SentimentWord": "6",
        "SentimentPolarity": "1"
      }
    ]
  },
  {
    "Index": "18034",
    "RawText": "생각보다 크기가 커서 당황했습니다. 다만 음질도 깔끔하고 선명하고 좋아서 잘쓸께요~",
    "Source": "쇼핑몰",
    "Domain": "가전",
    "MainCategory": "영상/음향가전",
    "ProductName": "하만카돈 SOUND STICKS 4 정품",
    "ReviewScore": "5",
    "Syllable": "46",
    "Word": "10",
    "RDate": "20211118",
    "GeneralPolarity": "0",
    "Aspects": [
      {
        "Aspect": "사이즈",
        "SentimentText": "생각보다 크기가 커서 당황했습니다.",
        "SentimentWord": "4",
        "SentimentPolarity": "-1"
      },
      {
        "Aspect": "음량/음질",
        "SentimentText": "다만 음질도 깔끔하고 선명하고 좋아서 잘쓸께요~",
        "SentimentWord": "6",
        "SentimentPolarity": "1"
      }
    ]
  },
  {
    "Index": "18035",
    "RawText": "사운드가 빵빵하고 웅장해서 소리도 좋고 귀가 호강하는듯해서 좋습니다. 그리고 마감도 깔끔하고 흠도없어서 매우 좋아요^^",
    "Source": "쇼핑몰",
    "Domain": "가전",
    "MainCategory": "영상/음향가전",
    "ProductName": "하만카돈 SOUND STICKS 4 정품",
    "ReviewScore": "5",
    "Syllable": "66",
    "Word": "14",
    "RDate": "20220219",
    "GeneralPolarity": "1",
    "Aspects": [
      {
        "Aspect": "음량/음질",
        "SentimentText": "사운드가 빵빵하고 웅장해서 소리도 좋고 귀가 호강하는듯해서 좋습니다.",
        "SentimentWord": "8",
        "SentimentPolarity": "1"
      },
      {
        "Aspect": "품질",
        "SentimentText": "그리고 마감도 깔끔하고 흠도없어서 매우 좋아요^^",
        "SentimentWord": "6",
        "SentimentPolarity": "1"
      }
    ]
  },
  {
    "Index": "18040",
    "RawText": "생각보다 무게가나가고 묵직해서 아쉬워요!! 우퍼가 떨림이나 웅장해서 감성이 잘 느껴져서 만족해요 ㅎㅎ",
    "Source": "쇼핑몰",
    "Domain": "가전",
    "MainCategory": "영상/음향가전",
    "ProductName": "하만카돈 SOUND STICKS 4 정품",
    "ReviewScore": "5",
    "Syllable": "56",
    "Word": "12",
    "RDate": "20211113",
    "GeneralPolarity": "0",
    "Aspects": [
      {
        "Aspect": "무게",
        "SentimentText": "생각보다 무게가나가고 묵직해서 아쉬워요!! ",
        "SentimentWord": "4",
        "SentimentPolarity": "-1"
      },
      {
        "Aspect": "음량/음질",
        "SentimentText": "우퍼가 떨림이나 웅장해서 감성이 잘 느껴져서 만족해요 ㅎㅎ",
        "SentimentWord": "8",
        "SentimentPolarity": "1"
      }
    ]
  },
  {
    "Index": "18042",
    "RawText": "소리가 생각보다 맑고 선명해서 만족합니다 다만 단자가 많이 없어서 아쉽습니다.",
    "Source": "쇼핑몰",
    "Domain": "가전",
    "MainCategory": "영상/음향가전",
    "ProductName": "하만카돈 SOUND STICKS 4 정품",
    "ReviewScore": "5",
    "Syllable": "43",
    "Word": "10",
    "RDate": "20210215",
    "GeneralPolarity": "0",
    "Aspects": [
      {
        "Aspect": "음량/음질",
        "SentimentText": "소리가 생각보다 맑고 선명해서 만족합니다 ",
        "SentimentWord": "5",
        "SentimentPolarity": "1"
      },
      {
        "Aspect": "기능",
        "SentimentText": "다만 단자가 많이 없어서 아쉽습니다.",
        "SentimentWord": "5",
        "SentimentPolarity": "-1"
      }
    ]
  },
  {
    "Index": "18045",
    "RawText": "사운드도 빵빵하고 선명하고 흠잡을 곳없이 좋습니다. 그리고 디자인이 깔끔하고 고급져서 강추합니다~",
    "Source": "쇼핑몰",
    "Domain": "가전",
    "MainCategory": "영상/음향가전",
    "ProductName": "하만카돈 SOUND STICKS 4 정품",
    "ReviewScore": "5",
    "Syllable": "54",
    "Word": "11",
    "RDate": "20210320",
    "GeneralPolarity": "1",
    "Aspects": [
      {
        "Aspect": "음량/음질",
        "SentimentText": "사운드도 빵빵하고 선명하고 흠잡을 곳없이 좋습니다. ",
        "SentimentWord": "6",
        "SentimentPolarity": "1"
      },
      {
        "Aspect": "디자인",
        "SentimentText": "그리고 디자인이 깔끔하고 고급져서 강추합니다~",
        "SentimentWord": "5",
        "SentimentPolarity": "1"
      }
    ]
  },
  {
    "Index": "18048",
    "RawText": "할인쿠폰으로 저렴하게 구입하게 되어 좋아요 사운드도 빵빵하고 울림이 좋아서 만족합니다. 디자인도 흔하지 않고 인테리어에도 너무 좋습니다.^^",
    "Source": "쇼핑몰",
    "Domain": "가전",
    "MainCategory": "영상/음향가전",
    "ProductName": "하만카돈 SOUND STICKS 4 정품",
    "ReviewScore": "5",
    "Syllable": "78",
    "Word": "16",
    "RDate": "20210202",
    "GeneralPolarity": "1",
    "Aspects": [
      {
        "Aspect": "가격",
        "SentimentText": "할인쿠폰으로 저렴하게 구입하게 되어 좋아요",
        "SentimentWord": "5",
        "SentimentPolarity": "1"
      },
      {
        "Aspect": "음량/음질",
        "SentimentText": "사운드도 빵빵하고 울림이 좋아서 만족합니다.",
        "SentimentWord": "5",
        "SentimentPolarity": "1"
      },
      {
        "Aspect": "디자인",
        "SentimentText": "디자인도 흔하지 않고 인테리어에도 너무 좋습니다.^^",
        "SentimentWord": "6",
        "SentimentPolarity": "1"
      }
    ]
  },
  {
    "Index": "18049",
    "RawText": "사운드 근거리에서도 선명하고 빵빵해서 좋아요 그리고 연결도 아주 간단하고 쉬우니까 좋아요 디자인도 깔끔하고 어디나 어울려서 만족합니다.^^",
    "Source": "쇼핑몰",
    "Domain": "가전",
    "MainCategory": "영상/음향가전",
    "ProductName": "BenQ MH550 정품",
    "ReviewScore": "5",
    "Syllable": "77",
    "Word": "16",
    "RDate": "20190819",
    "GeneralPolarity": "1",
    "Aspects": [
      {
        "Aspect": "음량/음질",
        "SentimentText": "사운드 근거리에서도 선명하고 빵빵해서 좋아요",
        "SentimentWord": "5",
        "SentimentPolarity": "1"
      },
      {
        "Aspect": "조작성",
        "SentimentText": "그리고 연결도 아주 간단하고 쉬우니까 좋아요",
        "SentimentWord": "6",
        "SentimentPolarity": "1"
      },
      {
        "Aspect": "디자인",
        "SentimentText": "디자인도 깔끔하고 어디나 어울려서 만족합니다.^^",
        "SentimentWord": "5",
        "SentimentPolarity": "1"
      }
    ]
  },
  {
    "Index": "18050",
    "RawText": "화질이 정말 선명하고 뚜렷해서 매우 좋아요 다만 색상도 화이트라 금방 때탈까봐 염려되요 ㅜ",
    "Source": "쇼핑몰",
    "Domain": "가전",
    "MainCategory": "영상/음향가전",
    "ProductName": "BenQ MH550 정품",
    "ReviewScore": "5",
    "Syllable": "50",
    "Word": "13",
    "RDate": "20190721",
    "GeneralPolarity": "0",
    "Aspects": [
      {
        "Aspect": "화질",
        "SentimentText": "화질이 정말 선명하고 뚜렷해서 매우 좋아요",
        "SentimentWord": "6",
        "SentimentPolarity": "1"
      },
      {
        "Aspect": "색상",
        "SentimentText": "다만 색상도 화이트라 금방 때탈까봐 염려되요 ㅜ",
        "SentimentWord": "7",
        "SentimentPolarity": "-1"
      }
    ]
  },
  {
    "Index": "18051",
    "RawText": "해상도와 명암, 색상이 뚜렷하고 선명해서 매우 좋아요 그리고 가격도 할인받아 저렴하게 구입해서 만족해요~^^",
    "Source": "쇼핑몰",
    "Domain": "가전",
    "MainCategory": "영상/음향가전",
    "ProductName": "BenQ MH550 정품",
    "ReviewScore": "5",
    "Syllable": "60",
    "Word": "13",
    "RDate": "20220413",
    "GeneralPolarity": "1",
    "Aspects": [
      {
        "Aspect": "화질",
        "SentimentText": "해상도와 명암, 색상이 뚜렷하고 선명해서 매우 좋아요",
        "SentimentWord": "7",
        "SentimentPolarity": "1"
      },
      {
        "Aspect": "가격",
        "SentimentText": "그리고 가격도 할인받아 저렴하게 구입해서 만족해요~^^",
        "SentimentWord": "6",
        "SentimentPolarity": "1"
      }
    ]
  },
  {
    "Index": "18053",
    "RawText": "상품도 깔끔하고 마감도 좋으니 퀄리티가 매우 좋은 상품이라 만족해요~ 해상도와 명암도 상당히 선명해서 좋아요 그리고 소음도 적고 이정도면 만족해요^^",
    "Source": "쇼핑몰",
    "Domain": "가전",
    "MainCategory": "영상/음향가전",
    "ProductName": "BenQ MH550 정품",
    "ReviewScore": "5",
    "Syllable": "83",
    "Word": "19",
    "RDate": "20220413",
    "GeneralPolarity": "1",
    "Aspects": [
      {
        "Aspect": "품질",
        "SentimentText": "상품도 깔끔하고 마감도 좋으니 퀄리티가 매우 좋은 상품이라 만족해요~",
        "SentimentWord": "9",
        "SentimentPolarity": "1"
      },
      {
        "Aspect": "화질",
        "SentimentText": "해상도와 명암도 상당히 선명해서 좋아요",
        "SentimentWord": "5",
        "SentimentPolarity": "1"
      },
      {
        "Aspect": "소음",
        "SentimentText": "그리고 소음도 적고 이정도면 만족해요^^",
        "SentimentWord": "5",
        "SentimentPolarity": "1"
      }
    ]
  },
  {
    "Index": "18054",
    "RawText": "가격에 비해서 기능에 충실해서 성능이 매우 뛰어나서 좋아요 그리고 특히 무게가 상당히 가벼워서 만족해요^^",
    "Source": "쇼핑몰",
    "Domain": "가전",
    "MainCategory": "영상/음향가전",
    "ProductName": "BenQ MH550 정품",
    "ReviewScore": "5",
    "Syllable": "59",
    "Word": "14",
    "RDate": "20190121",
    "GeneralPolarity": "1",
    "Aspects": [
      {
        "Aspect": "기능",
        "SentimentText": "가격에 비해서 기능에 충실해서 성능이 매우 뛰어나서 좋아요 ",
        "SentimentWord": "8",
        "SentimentPolarity": "1"
      },
      {
        "Aspect": "무게",
        "SentimentText": "그리고 특히 무게가 상당히 가벼워서 만족해요^^ ",
        "SentimentWord": "6",
        "SentimentPolarity": "1"
      }
    ]
  },
  {
    "Index": "18055",
    "RawText": "품질도 뛰어나서 가성비가 좋은데 가격도 저렴하게 잘 구입했어요 그리고 화질도 짱짱해서 낮에봐도 잘보이는 밝기라 마음에 듭니다.",
    "Source": "쇼핑몰",
    "Domain": "가전",
    "MainCategory": "영상/음향가전",
    "ProductName": "BenQ MH550 정품",
    "ReviewScore": "5",
    "Syllable": "70",
    "Word": "16",
    "RDate": "20190629",
    "GeneralPolarity": "1",
    "Aspects": [
      {
        "Aspect": "가격",
        "SentimentText": "품질도 뛰어나서 가성비가 좋은데 가격도 저렴하게 잘 구입했어요 ",
        "SentimentWord": "8",
        "SentimentPolarity": "1"
      },
      {
        "Aspect": "화질",
        "SentimentText": "그리고 화질도 짱짱해서 낮에봐도 잘보이는 밝기라 마음에 듭니다.",
        "SentimentWord": "8",
        "SentimentPolarity": "1"
      }
    ]
  },
  {
    "Index": "18056",
    "RawText": "실내등을 켜놓아도 화질이 선명해서 매우 만족해요 다만 재생속도가 늘려서 답답해요 ㅜ",
    "Source": "쇼핑몰",
    "Domain": "가전",
    "MainCategory": "영상/음향가전",
    "ProductName": "BenQ MH550 정품",
    "ReviewScore": "5",
    "Syllable": "46",
    "Word": "11",
    "RDate": "20181219",
    "GeneralPolarity": "0",
    "Aspects": [
      {
        "Aspect": "화질",
        "SentimentText": "실내등을 켜놓아도 화질이 선명해서 매우 만족해요 ",
        "SentimentWord": "6",
        "SentimentPolarity": "1"
      },
      {
        "Aspect": "시간/속도",
        "SentimentText": "다만 재생속도가 늘려서 답답해요 ㅜ",
        "SentimentWord": "5",
        "SentimentPolarity": "-1"
      }
    ]
  },
  {
    "Index": "18057",
    "RawText": "화질이 정말 선명하고 밝은곳에서도 선명하게 볼 수있어서 좋아요 화질도 좋은데 가격도 저렴해서 잘 산듯해요 만족해요^^",
    "Source": "쇼핑몰",
    "Domain": "가전",
    "MainCategory": "영상/음향가전",
    "ProductName": "BenQ MH550 정품",
    "ReviewScore": "5",
    "Syllable": "65",
    "Word": "15",
    "RDate": "20180829",
    "GeneralPolarity": "1",
    "Aspects": [
      {
        "Aspect": "화질",
        "SentimentText": "화질이 정말 선명하고 밝은곳에서도 선명하게 볼 수있어서 좋아요 ",
        "SentimentWord": "8",
        "SentimentPolarity": "1"
      },
      {
        "Aspect": "가격",
        "SentimentText": "화질도 좋은데 가격도 저렴해서 잘 산듯해요 만족해요^^",
        "SentimentWord": "7",
        "SentimentPolarity": "1"
      }
    ]
  },
  {
    "Index": "18060",
    "RawText": "밝은데도 깔끔한 화질과 선명감이 마음에 들어요 다만 블랙색상이 없어서 아쉽네요",
    "Source": "쇼핑몰",
    "Domain": "가전",
    "MainCategory": "영상/음향가전",
    "ProductName": "BenQ MH550 정품",
    "ReviewScore": "5",
    "Syllable": "43",
    "Word": "10",
    "RDate": "20180821",
    "GeneralPolarity": "0",
    "Aspects": [
      {
        "Aspect": "화질",
        "SentimentText": "밝은데도 깔끔한 화질과 선명감이 마음에 들어요",
        "SentimentWord": "6",
        "SentimentPolarity": "1"
      },
      {
        "Aspect": "색상",
        "SentimentText": "다만 블랙색상이 없어서 아쉽네요",
        "SentimentWord": "4",
        "SentimentPolarity": "-1"
      }
    ]
  },
  {
    "Index": "18061",
    "RawText": "고민끝에 구입했는데 가격대비 품질이 괜찮아요. 3500안시라 조명키고 작동하니 잘보이네요. 만족합니다~",
    "Source": "쇼핑몰",
    "Domain": "가전",
    "MainCategory": "영상/음향가전",
    "ProductName": "BenQ MH550 정품",
    "ReviewScore": "4",
    "Syllable": "57",
    "Word": "10",
    "RDate": "20191130",
    "GeneralPolarity": "1",
    "Aspects": [
      {
        "Aspect": "가격",
        "SentimentText": "고민끝에 구입했는데 가격대비 품질이 괜찮아요",
        "SentimentWord": "5",
        "SentimentPolarity": "1"
      },
      {
        "Aspect": "기능",
        "SentimentText": "3500안시라 조명키고 작동하니 잘보이네요. 만족합니다~",
        "SentimentWord": "5",
        "SentimentPolarity": "1"
      }
    ]
  },
  {
    "Index": "18063",
    "RawText": "구입하고 나서 사용해보니 너무나 좋습니다. 가격대비 가성비 좋습니다. 기스난곳 없이 잘 돌아가서 마음에 듭니다.",
    "Source": "쇼핑몰",
    "Domain": "가전",
    "MainCategory": "영상/음향가전",
    "ProductName": "BenQ MH550 정품",
    "ReviewScore": "5",
    "Syllable": "62",
    "Word": "14",
    "RDate": "20191015",
    "GeneralPolarity": "1",
    "Aspects": [
      {
        "Aspect": "가격",
        "SentimentText": "가격대비 가성비 좋습니다",
        "SentimentWord": "3",
        "SentimentPolarity": "1"
      },
      {
        "Aspect": "품질",
        "SentimentText": "기스난곳 없이 잘 돌아가서 마음에 듭니다",
        "SentimentWord": "6",
        "SentimentPolarity": "1"
      }
    ]
  },
  {
    "Index": "18064",
    "RawText": "회의실에 사용하려고 구입한건데 불빛이 밝아도 선명하게 잘 보여요. 그런데 전원을 킬때 소음이 크게나서 깜짝 놀랄만큼 시끄럽네요.",
    "Source": "쇼핑몰",
    "Domain": "가전",
    "MainCategory": "영상/음향가전",
    "ProductName": "BenQ MH550 정품",
    "ReviewScore": "5",
    "Syllable": "71",
    "Word": "16",
    "RDate": "20201203",
    "GeneralPolarity": "0",
    "Aspects": [
      {
        "Aspect": "기능",
        "SentimentText": "불빛이 밝아도 선명하게 잘 보여요",
        "SentimentWord": "5",
        "SentimentPolarity": "1"
      },
      {
        "Aspect": "소음",
        "SentimentText": "전원을 킬때 소음이 크게나서 깜짝 놀랄만큼 시끄럽네요",
        "SentimentWord": "7",
        "SentimentPolarity": "-1"
      }
    ]
  },
  {
    "Index": "18065",
    "RawText": "급히 필요한거라 방문수령했는데 처음에 초점이 안맞아서 설명서 보고 조작법을 쉽게 익혀서 맞췄어요^^ 화질도 끝내주고 너무 좋아요. 벽에 부착 했는데 깔끔하네요.",
    "Source": "쇼핑몰",
    "Domain": "가전",
    "MainCategory": "영상/음향가전",
    "ProductName": "BenQ MH550 정품",
    "ReviewScore": "4",
    "Syllable": "89",
    "Word": "20",
    "RDate": "20181224",
    "GeneralPolarity": "1",
    "Aspects": [
      {
        "Aspect": "조작성",
        "SentimentText": "초점이 안맞아서 설명서 보고 조작법을 쉽게 익혀서 맞췄어요^^",
        "SentimentWord": "8",
        "SentimentPolarity": "1"
      },
      {
        "Aspect": "화질",
        "SentimentText": "화질도 끝내주고 너무 좋아요",
        "SentimentWord": "4",
        "SentimentPolarity": "1"
      }
    ]
  },
  {
    "Index": "18066",
    "RawText": "인터넷 리뷰가 좋은 전문업체 OOO 제품 역시 네임값하네요 완전 구매하길 잘했어요  프로젝터 켜보니 아주 밝고 선명해요 최고입니다!",
    "Source": "쇼핑몰",
    "Domain": "가전",
    "MainCategory": "영상/음향가전",
    "ProductName": "BenQ MH550 정품",
    "ReviewScore": "5",
    "Syllable": "73",
    "Word": "17",
    "RDate": "20200116",
    "GeneralPolarity": "1",
    "Aspects": [
      {
        "Aspect": "제조일/제조사",
        "SentimentText": "인터넷 리뷰가 좋은 전문업체 OOO 제품 역시 네임값하네요 완전 구매하길 잘했어요 ",
        "SentimentWord": "11",
        "SentimentPolarity": "1"
      },
      {
        "Aspect": "화질",
        "SentimentText": "프로젝터 켜보니 아주 밝고 선명해요 최고입니다!",
        "SentimentWord": "6",
        "SentimentPolarity": "1"
      }
    ]
  },
  {
    "Index": "18069",
    "RawText": "화질이 생각보다 너무 선명하여 만족스럽습니다 이 가격대에 이정도 성능의 빔을 사다니 정말 기분좋아요 강추해요~",
    "Source": "쇼핑몰",
    "Domain": "가전",
    "MainCategory": "영상/음향가전",
    "ProductName": "BenQ MH550 정품",
    "ReviewScore": "5",
    "Syllable": "61",
    "Word": "14",
    "RDate": "20200614",
    "GeneralPolarity": "1",
    "Aspects": [
      {
        "Aspect": "화질",
        "SentimentText": "화질이 생각보다 너무 선명하여 만족스럽습니다",
        "SentimentWord": "5",
        "SentimentPolarity": "1"
      },
      {
        "Aspect": "가격",
        "SentimentText": "이 가격대에 이정도 성능의 빔을 사다니 정말 기분좋아요 강추해요~",
        "SentimentWord": "9",
        "SentimentPolarity": "1"
      }
    ]
  },
  {
    "Index": "18070",
    "RawText": "무게가 생각보다 가벼워서 만족스럽습니다 설치가 간단해서 맘에 듭니다 화면 밝기의 정도도 알맞으니 딱 좋구요 높이 조절 롤러가 2개인데 추가로 더 있으면 더 편하겠다는 생각은 듭니다ㅠㅠ",
    "Source": "쇼핑몰",
    "Domain": "가전",
    "MainCategory": "영상/음향가전",
    "ProductName": "BenQ MH550 정품",
    "ReviewScore": "5",
    "Syllable": "102",
    "Word": "25",
    "RDate": "20190516",
    "GeneralPolarity": "1",
    "Aspects": [
      {
        "Aspect": "무게",
        "SentimentText": "무게가 생각보다 가벼워서 만족스럽습니다",
        "SentimentWord": "4",
        "SentimentPolarity": "1"
      },
      {
        "Aspect": "조작성",
        "SentimentText": "설치가 간단해서 맘에 듭니다",
        "SentimentWord": "4",
        "SentimentPolarity": "1"
      },
      {
        "Aspect": "화질",
        "SentimentText": "화면 밝기의 정도도 알맞으니 딱 좋구요",
        "SentimentWord": "6",
        "SentimentPolarity": "1"
      },
      {
        "Aspect": "제품구성",
        "SentimentText": "높이 조절 롤러가 2개인데 추가로 더 있으면 더 편하겠다는 생각은 듭니다ㅠㅠ",
        "SentimentWord": "11",
        "SentimentPolarity": "-1"
      }
    ]
  },
  {
    "Index": "18072",
    "RawText": "불 켠 상태에서도 화질이 선명하니 아주 잘보여 좋네요 불끄면 야간모드가 설정되는 기능이 있어 분위기가 사네요 ㅎㅎ",
    "Source": "쇼핑몰",
    "Domain": "가전",
    "MainCategory": "영상/음향가전",
    "ProductName": "BenQ MH550 정품",
    "ReviewScore": "5",
    "Syllable": "63",
    "Word": "16",
    "RDate": "20180727",
    "GeneralPolarity": "1",
    "Aspects": [
      {
        "Aspect": "화질",
        "SentimentText": "불 켠 상태에서도 화질이 선명하니 아주 잘보여 좋네요",
        "SentimentWord": "8",
        "SentimentPolarity": "1"
      },
      {
        "Aspect": "기능",
        "SentimentText": "불끄면 야간모드가 설정되는 기능이 있어 분위기가 사네요 ㅎㅎ",
        "SentimentWord": "8",
        "SentimentPolarity": "1"
      }
    ]
  },
  {
    "Index": "18075",
    "RawText": "기존 TV가 작아서 구매했는데 생각보다 크기가 커서 만족합니다 극장 안가도 될정도로 화질이 TV 못지않게 선명하게 잘보여 좋아요",
    "Source": "쇼핑몰",
    "Domain": "가전",
    "MainCategory": "영상/음향가전",
    "ProductName": "BenQ MH550 정품",
    "ReviewScore": "5",
    "Syllable": "71",
    "Word": "17",
    "RDate": "20191025",
    "GeneralPolarity": "1",
    "Aspects": [
      {
        "Aspect": "사이즈",
        "SentimentText": "기존 TV가 작아서 구매했는데 생각보다 크기가 커서 만족합니다",
        "SentimentWord": "8",
        "SentimentPolarity": "1"
      },
      {
        "Aspect": "화질",
        "SentimentText": "극장 안가도 될정도로 화질이 TV 못지않게 선명하게 잘보여 좋아요",
        "SentimentWord": "9",
        "SentimentPolarity": "1"
      }
    ]
  },
  {
    "Index": "18077",
    "RawText": "상품의 마감처리가 깔끔하니 너무 좋아요~ 형광등 아래서도 잘보이는 선명한 화질에 대만족합니다 사이즈도 컴팩트하니 마음에 쏙 들어요 ㅎㅎ",
    "Source": "쇼핑몰",
    "Domain": "가전",
    "MainCategory": "영상/음향가전",
    "ProductName": "BenQ MH550 정품",
    "ReviewScore": "5",
    "Syllable": "75",
    "Word": "17",
    "RDate": "20220522",
    "GeneralPolarity": "1",
    "Aspects": [
      {
        "Aspect": "품질",
        "SentimentText": "상품의 마감처리가 깔끔하니 너무 좋아요~",
        "SentimentWord": "5",
        "SentimentPolarity": "1"
      },
      {
        "Aspect": "화질",
        "SentimentText": "형광등 아래서도 잘보이는 선명한 화질에 대만족합니다",
        "SentimentWord": "6",
        "SentimentPolarity": "1"
      },
      {
        "Aspect": "사이즈",
        "SentimentText": "사이즈도 컴팩트하니 마음에 쏙 들어요 ㅎㅎ",
        "SentimentWord": "6",
        "SentimentPolarity": "1"
      }
    ]
  },
  {
    "Index": "18079",
    "RawText": "작동도 잘되고 외관도 흠짐없어서 품질 아주 만족합니다 화면도 쨍하니 선명하고 아주 좋아요",
    "Source": "쇼핑몰",
    "Domain": "가전",
    "MainCategory": "영상/음향가전",
    "ProductName": "BenQ MH550 정품",
    "ReviewScore": "5",
    "Syllable": "49",
    "Word": "12",
    "RDate": "20201127",
    "GeneralPolarity": "1",
    "Aspects": [
      {
        "Aspect": "품질",
        "SentimentText": "작동도 잘되고 외관도 흠짐없어서 품질 아주 만족합니다",
        "SentimentWord": "7",
        "SentimentPolarity": "1"
      },
      {
        "Aspect": "화질",
        "SentimentText": "화면도 쨍하니 선명하고 아주 좋아요",
        "SentimentWord": "5",
        "SentimentPolarity": "1"
      }
    ]
  },
  {
    "Index": "18080",
    "RawText": "제품이 생각보다 무겁지 않아서 놀라워요 대박입니다 소회의실에서 사용하기에 적절한 밝기와 선명한 화질이 완전 만족스럽습니다",
    "Source": "쇼핑몰",
    "Domain": "가전",
    "MainCategory": "영상/음향가전",
    "ProductName": "BenQ MH550 정품",
    "ReviewScore": "4",
    "Syllable": "67",
    "Word": "14",
    "RDate": "20200521",
    "GeneralPolarity": "1",
    "Aspects": [
      {
        "Aspect": "무게",
        "SentimentText": "제품이 생각보다 무겁지 않아서 놀라워요 대박입니다",
        "SentimentWord": "6",
        "SentimentPolarity": "1"
      },
      {
        "Aspect": "화질",
        "SentimentText": "소회의실에서 사용하기에 적절한 밝기와 선명한 화질이 완전 만족스럽습니다",
        "SentimentWord": "8",
        "SentimentPolarity": "1"
      }
    ]
  },
  {
    "Index": "18081",
    "RawText": "타사이트에 비해 저렴하게 구매하여 득템한 기분입니다 다른 제품은 암막이 필요하던데 이 제품은 암막 없이 사용해도 선명하게 잘 보여 대만족입니다",
    "Source": "쇼핑몰",
    "Domain": "가전",
    "MainCategory": "영상/음향가전",
    "ProductName": "BenQ MH550 정품",
    "ReviewScore": "5",
    "Syllable": "79",
    "Word": "19",
    "RDate": "20180823",
    "GeneralPolarity": "1",
    "Aspects": [
      {
        "Aspect": "가격",
        "SentimentText": "타사이트에 비해 저렴하게 구매하여 득템한 기분입니다",
        "SentimentWord": "6",
        "SentimentPolarity": "1"
      },
      {
        "Aspect": "화질",
        "SentimentText": "다른 제품은 암막이 필요하던데 이 제품은 암막 없이 사용해도 선명하게 잘 보여 대만족입니다",
        "SentimentWord": "13",
        "SentimentPolarity": "1"
      }
    ]
  },
  {
    "Index": "18082",
    "RawText": "화질이 생각보다 선명해서 매우 만족해요^^ 색상도 심플해서 어느곳에 둬도 매칭이 뛰어나네요 굿굿",
    "Source": "쇼핑몰",
    "Domain": "가전",
    "MainCategory": "영상/음향가전",
    "ProductName": "BenQ MH550 정품",
    "ReviewScore": "5",
    "Syllable": "53",
    "Word": "12",
    "RDate": "20210728",
    "GeneralPolarity": "1",
    "Aspects": [
      {
        "Aspect": "화질",
        "SentimentText": "화질이 생각보다 선명해서 매우 만족해요^^",
        "SentimentWord": "5",
        "SentimentPolarity": "1"
      },
      {
        "Aspect": "색상",
        "SentimentText": "색상도 심플해서 어느곳에 둬도 매칭이 뛰어나네요 굿굿",
        "SentimentWord": "7",
        "SentimentPolarity": "1"
      }
    ]
  },
  {
    "Index": "18086",
    "RawText": "FULL HD까지 지원되는 화질이라니 정말 선명하게 잘보이네요 대박 만족해요 직접 설치해봤는데 연결도 금방 잘되고 편리하게 설치하니 좋네요",
    "Source": "쇼핑몰",
    "Domain": "가전",
    "MainCategory": "영상/음향가전",
    "ProductName": "BenQ MH550 정품",
    "ReviewScore": "5",
    "Syllable": "77",
    "Word": "17",
    "RDate": "20181128",
    "GeneralPolarity": "1",
    "Aspects": [
      {
        "Aspect": "화질",
        "SentimentText": "FULL HD까지 지원되는 화질이라니 정말 선명하게 잘보이네요 대박 만족해요",
        "SentimentWord": "9",
        "SentimentPolarity": "1"
      },
      {
        "Aspect": "조작성",
        "SentimentText": "직접 설치해봤는데 연결도 금방 잘되고 편리하게 설치하니 좋네요",
        "SentimentWord": "8",
        "SentimentPolarity": "1"
      }
    ]
  },
  {
    "Index": "18088",
    "RawText": "받아보고 테스트해보니 빔프로젝터 퀄리티가 뛰어나네요 맘에 듭니다 기대안했는데 쨍한 화질이 아주 좋습니다",
    "Source": "쇼핑몰",
    "Domain": "가전",
    "MainCategory": "영상/음향가전",
    "ProductName": "BenQ MH550 정품",
    "ReviewScore": "5",
    "Syllable": "57",
    "Word": "12",
    "RDate": "20190924",
    "GeneralPolarity": "1",
    "Aspects": [
      {
        "Aspect": "품질",
        "SentimentText": "받아보고 테스트해보니 빔프로젝터 퀄리티가 뛰어나네요 맘에 듭니다",
        "SentimentWord": "7",
        "SentimentPolarity": "1"
      },
      {
        "Aspect": "화질",
        "SentimentText": "기대안했는데 쨍한 화질이 아주 좋습니다",
        "SentimentWord": "5",
        "SentimentPolarity": "1"
      }
    ]
  },
  {
    "Index": "18089",
    "RawText": "가벼우니 설치가 간편하여 직접설치 쉽게했습니다 강력 추천합니다 낮에도 선명하게 전달되는 화질이 매우 좋습니다.",
    "Source": "쇼핑몰",
    "Domain": "가전",
    "MainCategory": "영상/음향가전",
    "ProductName": "BenQ MH550 정품",
    "ReviewScore": "5",
    "Syllable": "61",
    "Word": "13",
    "RDate": "20200323",
    "GeneralPolarity": "1",
    "Aspects": [
      {
        "Aspect": "조작성",
        "SentimentText": "가벼우니 설치가 간편하여 직접설치 쉽게했습니다 강력 추천합니다",
        "SentimentWord": "7",
        "SentimentPolarity": "1"
      },
      {
        "Aspect": "화질",
        "SentimentText": "낮에도 선명하게 전달되는 화질이 매우 좋습니다.",
        "SentimentWord": "6",
        "SentimentPolarity": "1"
      }
    ]
  },
  {
    "Index": "18092",
    "RawText": "불을 다키고도 볼 수 있을 정도로 선명한 화질을 제공하네요 대만족해요 가격 대비 성능은 이정도면 정말 가성비 1등입니다 최고에요",
    "Source": "쇼핑몰",
    "Domain": "가전",
    "MainCategory": "영상/음향가전",
    "ProductName": "BenQ MH550 정품",
    "ReviewScore": "5",
    "Syllable": "71",
    "Word": "18",
    "RDate": "20190816",
    "GeneralPolarity": "1",
    "Aspects": [
      {
        "Aspect": "화질",
        "SentimentText": "불을 다키고도 볼 수 있을 정도로 선명한 화질을 제공하네요 대만족해요",
        "SentimentWord": "10",
        "SentimentPolarity": "1"
      },
      {
        "Aspect": "가격",
        "SentimentText": "가격 대비 성능은 이정도면 정말 가성비 1등입니다 최고에요",
        "SentimentWord": "8",
        "SentimentPolarity": "1"
      }
    ]
  },
  {
    "Index": "18096",
    "RawText": "화질이 선명하니 잘보여 너무 좋습니다. 특히 사이즈가 크지 않아 들고 다니기 편하네요~ 이동성 까지 완벽하니 아주 최고입니다",
    "Source": "쇼핑몰",
    "Domain": "가전",
    "MainCategory": "영상/음향가전",
    "ProductName": "BenQ MH550 정품",
    "ReviewScore": "5",
    "Syllable": "69",
    "Word": "17",
    "RDate": "20190308",
    "GeneralPolarity": "1",
    "Aspects": [
      {
        "Aspect": "화질",
        "SentimentText": "화질이 선명하니 잘보여 너무 좋습니다.",
        "SentimentWord": "5",
        "SentimentPolarity": "1"
      },
      {
        "Aspect": "편의성",
        "SentimentText": "특히 사이즈가 크지 않아 들고 다니기 편하네요~ 이동성 까지 완벽하니 아주 최고입니다",
        "SentimentWord": "12",
        "SentimentPolarity": "1"
      }
    ]
  },
  {
    "Index": "18097",
    "RawText": "크기도 컴팩트하여 공간 활용에 아주 좋습니다 스크린 없이 화이트보드에 사용해도 될정도로 성능이 좋네요 대박입니다",
    "Source": "쇼핑몰",
    "Domain": "가전",
    "MainCategory": "영상/음향가전",
    "ProductName": "BenQ MH550 정품",
    "ReviewScore": "5",
    "Syllable": "62",
    "Word": "14",
    "RDate": "20210120",
    "GeneralPolarity": "1",
    "Aspects": [
      {
        "Aspect": "사이즈",
        "SentimentText": "크기도 컴팩트하여 공간 활용에 아주 좋습니다",
        "SentimentWord": "6",
        "SentimentPolarity": "1"
      },
      {
        "Aspect": "기능",
        "SentimentText": "스크린 없이 화이트보드에 사용해도 될정도로 성능이 좋네요 대박입니다",
        "SentimentWord": "8",
        "SentimentPolarity": "1"
      }
    ]
  },
  {
    "Index": "18098",
    "RawText": "암막커튼을 설치 안해도 선명하게 잘 보이는 높은 해상도에요! 최고입니다~ 색상도 무난하여 책상이나 선반에 두어도 잘어울려요 굿굿",
    "Source": "쇼핑몰",
    "Domain": "가전",
    "MainCategory": "영상/음향가전",
    "ProductName": "BenQ MH550 정품",
    "ReviewScore": "5",
    "Syllable": "71",
    "Word": "16",
    "RDate": "20190322",
    "GeneralPolarity": "1",
    "Aspects": [
      {
        "Aspect": "화질",
        "SentimentText": "암막커튼을 설치 안해도 선명하게 잘 보이는 높은 해상도에요! 최고입니다~",
        "SentimentWord": "9",
        "SentimentPolarity": "1"
      },
      {
        "Aspect": "색상",
        "SentimentText": "색상도 무난하여 책상이나 선반에 두어도 잘어울려요 굿굿",
        "SentimentWord": "7",
        "SentimentPolarity": "1"
      }
    ]
  },
  {
    "Index": "18099",
    "RawText": "높이 조절이 조금 어려운 점이 약간 아쉽습니다 ㅠㅠ 그래도 높은 해상도의 화질 덕분에 눈호강하니 좋아요",
    "Source": "쇼핑몰",
    "Domain": "가전",
    "MainCategory": "영상/음향가전",
    "ProductName": "BenQ MH550 정품",
    "ReviewScore": "5",
    "Syllable": "57",
    "Word": "15",
    "RDate": "20210302",
    "GeneralPolarity": "0",
    "Aspects": [
      {
        "Aspect": "조작성",
        "SentimentText": "높이 조절이 조금 어려운 점이 약간 아쉽습니다 ㅠㅠ",
        "SentimentWord": "8",
        "SentimentPolarity": "-1"
      },
      {
        "Aspect": "화질",
        "SentimentText": "그래도 높은 해상도의 화질 덕분에 눈호강하니 좋아요",
        "SentimentWord": "7",
        "SentimentPolarity": "1"
      }
    ]
  },
  {
    "Index": "18104",
    "RawText": "화면색상의 선명도와 밝기가 최상급이라 아주 맘에 듭니다. 램프 수명도 길어서 정말 최고입니다",
    "Source": "쇼핑몰",
    "Domain": "가전",
    "MainCategory": "영상/음향가전",
    "ProductName": "BenQ MH550 정품",
    "ReviewScore": "4",
    "Syllable": "51",
    "Word": "12",
    "RDate": "20191010",
    "GeneralPolarity": "1",
    "Aspects": [
      {
        "Aspect": "화질",
        "SentimentText": "화면색상의 선명도와 밝기가 최상급이라 아주 맘에 듭니다.",
        "SentimentWord": "7",
        "SentimentPolarity": "1"
      },
      {
        "Aspect": "소비전력",
        "SentimentText": "램프 수명도 길어서 정말 최고입니다",
        "SentimentWord": "5",
        "SentimentPolarity": "1"
      }
    ]
  },
  {
    "Index": "18106",
    "RawText": "생각외로 화질이나 선명도가 높아서 형광등 불빛에서도 밝게 잘 보입니다 최고!! 다만 대형화면에 비출땐 여백이 보이네요 사이즈의 한계가 있어서 아쉬워요 ㅠㅠ",
    "Source": "쇼핑몰",
    "Domain": "가전",
    "MainCategory": "영상/음향가전",
    "ProductName": "BenQ MH550 정품",
    "ReviewScore": "5",
    "Syllable": "86",
    "Word": "20",
    "RDate": "20210923",
    "GeneralPolarity": "0",
    "Aspects": [
      {
        "Aspect": "화질",
        "SentimentText": "생각외로 화질이나 선명도가 높아서 형광등 불빛에서도 밝게 잘 보입니다 최고!!",
        "SentimentWord": "10",
        "SentimentPolarity": "1"
      },
      {
        "Aspect": "사이즈",
        "SentimentText": "다만 대형화면에 비출땐 여백이 보이네요 사이즈의 한계가 있어서 아쉬워요 ㅠㅠ",
        "SentimentWord": "10",
        "SentimentPolarity": "-1"
      }
    ]
  },
  {
    "Index": "18107",
    "RawText": "생각했던 것보다 화질이 너무 좋아 영화관 같아요 만족스러워요 조금 아쉬운 점이 있다면 일반적인 USB를 바로 꼽을 수 있는 곳이 없어서 불편하네요 ㅠㅠ 개선되었으면 합니다",
    "Source": "쇼핑몰",
    "Domain": "가전",
    "MainCategory": "영상/음향가전",
    "ProductName": "BenQ MH550 정품",
    "ReviewScore": "5",
    "Syllable": "95",
    "Word": "24",
    "RDate": "20190319",
    "GeneralPolarity": "0",
    "Aspects": [
      {
        "Aspect": "화질",
        "SentimentText": "생각했던 것보다 화질이 너무 좋아 영화관 같아요 만족스러워요",
        "SentimentWord": "8",
        "SentimentPolarity": "1"
      },
      {
        "Aspect": "편의성",
        "SentimentText": "조금 아쉬운 점이 있다면 일반적인 USB를 바로 꼽을 수 있는 곳이 없어서 불편하네요 ㅠㅠ 개선되었으면 합니다",
        "SentimentWord": "16",
        "SentimentPolarity": "-1"
      }
    ]
  },
  {
    "Index": "18108",
    "RawText": "선명하고 깨끗한 화질로 볼 수 있게 되서 매우 좋습니다 역시 프로젝터빔 전문업체 OOO가 진리네요! 좋은제품 감사드립니다 :)",
    "Source": "쇼핑몰",
    "Domain": "가전",
    "MainCategory": "영상/음향가전",
    "ProductName": "BenQ MH550 정품",
    "ReviewScore": "5",
    "Syllable": "70",
    "Word": "17",
    "RDate": "20200414",
    "GeneralPolarity": "1",
    "Aspects": [
      {
        "Aspect": "화질",
        "SentimentText": "선명하고 깨끗한 화질로 볼 수 있게 되서 매우 좋습니다",
        "SentimentWord": "9",
        "SentimentPolarity": "1"
      },
      {
        "Aspect": "제조일/제조사",
        "SentimentText": "역시 프로젝터빔 전문업체 OOO가 진리네요! 좋은제품 감사드립니다 :)",
        "SentimentWord": "8",
        "SentimentPolarity": "1"
      }
    ]
  },
  {
    "Index": "18109",
    "RawText": "선명함과 풀hd 해상도로 구매하길 잘했다는 마음이 듭니다 ^^ 가벼워 이동이 용이한 점이 최강점입니다",
    "Source": "쇼핑몰",
    "Domain": "가전",
    "MainCategory": "영상/음향가전",
    "ProductName": "BenQ MH550 정품",
    "ReviewScore": "5",
    "Syllable": "56",
    "Word": "13",
    "RDate": "20191221",
    "GeneralPolarity": "1",
    "Aspects": [
      {
        "Aspect": "화질",
        "SentimentText": "선명함과 풀hd 해상도로 구매하길 잘했다는 마음이 듭니다 ^^",
        "SentimentWord": "8",
        "SentimentPolarity": "1"
      },
      {
        "Aspect": "편의성",
        "SentimentText": "가벼워 이동이 용이한 점이 최강점입니다",
        "SentimentWord": "5",
        "SentimentPolarity": "1"
      }
    ]
  },
  {
    "Index": "18110",
    "RawText": "생각보다 화면이 더 선명해서 만족합니다 ^^ 비율조절도 쉽게 할 수 있는 점이 아주 편하네요",
    "Source": "쇼핑몰",
    "Domain": "가전",
    "MainCategory": "영상/음향가전",
    "ProductName": "BenQ MH550 정품",
    "ReviewScore": "5",
    "Syllable": "51",
    "Word": "14",
    "RDate": "20200527",
    "GeneralPolarity": "1",
    "Aspects": [
      {
        "Aspect": "화질",
        "SentimentText": "생각보다 화면이 더 선명해서 만족합니다 ^^",
        "SentimentWord": "6",
        "SentimentPolarity": "1"
      },
      {
        "Aspect": "조작성",
        "SentimentText": "비율조절도 쉽게 할 수 있는 점이 아주 편하네요",
        "SentimentWord": "8",
        "SentimentPolarity": "1"
      }
    ]
  },
  {
    "Index": "18111",
    "RawText": "벽에다 그냥 쏘는데도 잘나오고 낮에도 잘나와요 진짜 성능 최고입니다!! 그리고 색상도 심플하니 어디든 잘어울려 좋아요",
    "Source": "쇼핑몰",
    "Domain": "가전",
    "MainCategory": "영상/음향가전",
    "ProductName": "BenQ MH550 정품",
    "ReviewScore": "5",
    "Syllable": "65",
    "Word": "15",
    "RDate": "20191031",
    "GeneralPolarity": "1",
    "Aspects": [
      {
        "Aspect": "기능",
        "SentimentText": "벽에다 그냥 쏘는데도 잘나오고 낮에도 잘나와요 진짜 성능 최고입니다!!",
        "SentimentWord": "9",
        "SentimentPolarity": "1"
      },
      {
        "Aspect": "색상",
        "SentimentText": "그리고 색상도 심플하니 어디든 잘어울려 좋아요",
        "SentimentWord": "6",
        "SentimentPolarity": "1"
      }
    ]
  },
  {
    "Index": "18112",
    "RawText": "타제품대비 소음이 제일 적습니다 최고입니다. ^^ 이 화질에 이 가격이면 가성비 꽤 괜찮네요 추천드립니다",
    "Source": "쇼핑몰",
    "Domain": "가전",
    "MainCategory": "영상/음향가전",
    "ProductName": "BenQ MH550 정품",
    "ReviewScore": "5",
    "Syllable": "58",
    "Word": "14",
    "RDate": "20181229",
    "GeneralPolarity": "1",
    "Aspects": [
      {
        "Aspect": "소음",
        "SentimentText": "타제품대비 소음이 제일 적습니다 최고입니다. ^^",
        "SentimentWord": "6",
        "SentimentPolarity": "1"
      },
      {
        "Aspect": "가격",
        "SentimentText": "이 화질에 이 가격이면 가성비 꽤 괜찮네요 추천드립니다",
        "SentimentWord": "8",
        "SentimentPolarity": "1"
      }
    ]
  },
  {
    "Index": "18116",
    "RawText": "밝은 화질덕분에 선명하게 볼수있어 좋아요 대신 화면 사이즈가 생각보단 작아서 아쉽네요 그리고 화면 좌우 조정 기능이 없는점이 단점입니다 ㅠㅠ",
    "Source": "쇼핑몰",
    "Domain": "가전",
    "MainCategory": "영상/음향가전",
    "ProductName": "BenQ MH550 정품",
    "ReviewScore": "4",
    "Syllable": "78",
    "Word": "19",
    "RDate": "20190709",
    "GeneralPolarity": "-1",
    "Aspects": [
      {
        "Aspect": "화질",
        "SentimentText": "밝은 화질덕분에 선명하게 볼수있어 좋아요",
        "SentimentWord": "5",
        "SentimentPolarity": "1"
      },
      {
        "Aspect": "사이즈",
        "SentimentText": "대신 화면 사이즈가 생각보단 작아서 아쉽네요",
        "SentimentWord": "6",
        "SentimentPolarity": "-1"
      },
      {
        "Aspect": "기능",
        "SentimentText": "그리고 화면 좌우 조정 기능이 없는점이 단점입니다 ㅠㅠ",
        "SentimentWord": "8",
        "SentimentPolarity": "-1"
      }
    ]
  },
  {
    "Index": "18119",
    "RawText": "확실히 밝기가 좋은 화질에 대만족합니다 다만 투사거리가 좀 멀어서 작은 공간은 적용이 안되어 불편하네요.. 난감합니다ㅠㅠ",
    "Source": "쇼핑몰",
    "Domain": "가전",
    "MainCategory": "영상/음향가전",
    "ProductName": "BenQ MH550 정품",
    "ReviewScore": "5",
    "Syllable": "67",
    "Word": "15",
    "RDate": "20190312",
    "GeneralPolarity": "0",
    "Aspects": [
      {
        "Aspect": "화질",
        "SentimentText": "확실히 밝기가 좋은 화질에 대만족합니다",
        "SentimentWord": "5",
        "SentimentPolarity": "1"
      },
      {
        "Aspect": "기능",
        "SentimentText": "다만 투사거리가 좀 멀어서 작은 공간은 적용이 안되어 불편하네요.. 난감합니다ㅠㅠ",
        "SentimentWord": "10",
        "SentimentPolarity": "-1"
      }
    ]
  },
  {
    "Index": "18120",
    "RawText": "무엇보다 가성비가 월등히 좋네요 강추해요 OOO 리뷰가 너무 좋아서 구매했는데 역시나 전문업체 1위기업제품답게 대단하네요",
    "Source": "쇼핑몰",
    "Domain": "가전",
    "MainCategory": "영상/음향가전",
    "ProductName": "BenQ MH550 정품",
    "ReviewScore": "5",
    "Syllable": "67",
    "Word": "14",
    "RDate": "20190810",
    "GeneralPolarity": "1",
    "Aspects": [
      {
        "Aspect": "가격",
        "SentimentText": "무엇보다 가성비가 월등히 좋네요 강추해요",
        "SentimentWord": "5",
        "SentimentPolarity": "1"
      },
      {
        "Aspect": "제조일/제조사",
        "SentimentText": "OOO 리뷰가 너무 좋아서 구매했는데 역시나 전문업체 1위기업제품답게 대단하네요",
        "SentimentWord": "9",
        "SentimentPolarity": "1"
      }
    ]
  },
  {
    "Index": "18121",
    "RawText": "해상도나 화질이 생각보다 선명하여 좋네요 빔프로젝터인데도 가벼운 무게에 놀랐어요 대박입니다^^",
    "Source": "쇼핑몰",
    "Domain": "가전",
    "MainCategory": "영상/음향가전",
    "ProductName": "BenQ MH550 정품",
    "ReviewScore": "5",
    "Syllable": "52",
    "Word": "10",
    "RDate": "20201208",
    "GeneralPolarity": "1",
    "Aspects": [
      {
        "Aspect": "화질",
        "SentimentText": "해상도나 화질이 생각보다 선명하여 좋네요",
        "SentimentWord": "5",
        "SentimentPolarity": "1"
      },
      {
        "Aspect": "무게",
        "SentimentText": "빔프로젝터인데도 가벼운 무게에 놀랐어요 대박입니다^^",
        "SentimentWord": "5",
        "SentimentPolarity": "1"
      }
    ]
  },
  {
    "Index": "18122",
    "RawText": "선명도가 확실히 좋아 눈호강중입니다 ^^ 스포츠 보기에 화면도 크니 시청하기에 아주 좋습니다 대신 본체에서 열기가 나긴해서 약간 걱정이네요 그래도 전자파없는 기능이 최강점입니다 강추해요!",
    "Source": "쇼핑몰",
    "Domain": "가전",
    "MainCategory": "영상/음향가전",
    "ProductName": "BenQ MH550 정품",
    "ReviewScore": "5",
    "Syllable": "104",
    "Word": "23",
    "RDate": "20180928",
    "GeneralPolarity": "1",
    "Aspects": [
      {
        "Aspect": "화질",
        "SentimentText": "선명도가 확실히 좋아 눈호강중입니다 ^^",
        "SentimentWord": "5",
        "SentimentPolarity": "1"
      },
      {
        "Aspect": "사이즈",
        "SentimentText": "스포츠 보기에 화면도 크니 시청하기에 아주 좋습니다",
        "SentimentWord": "7",
        "SentimentPolarity": "1"
      },
      {
        "Aspect": "내구성",
        "SentimentText": "대신 본체에서 열기가 나긴해서 약간 걱정이네요",
        "SentimentWord": "6",
        "SentimentPolarity": "-1"
      },
      {
        "Aspect": "기능",
        "SentimentText": "그래도 전자파없는 기능이 최강점입니다 강추해요!",
        "SentimentWord": "5",
        "SentimentPolarity": "1"
      }
    ]
  },
  {
    "Index": "18125",
    "RawText": "선명한 화질과 밝기가 아주 최고입니다!! 교회에서 사용하기에 큰 화면을 제공해주어 정말 맘에 드네요",
    "Source": "쇼핑몰",
    "Domain": "가전",
    "MainCategory": "영상/음향가전",
    "ProductName": "BenQ MH550 정품",
    "ReviewScore": "5",
    "Syllable": "55",
    "Word": "13",
    "RDate": "20190212",
    "GeneralPolarity": "1",
    "Aspects": [
      {
        "Aspect": "화질",
        "SentimentText": "선명한 화질과 밝기가 아주 최고입니다!!",
        "SentimentWord": "5",
        "SentimentPolarity": "1"
      },
      {
        "Aspect": "사이즈",
        "SentimentText": "교회에서 사용하기에 큰 화면을 제공해주어 정말 맘에 드네요",
        "SentimentWord": "8",
        "SentimentPolarity": "1"
      }
    ]
  },
  {
    "Index": "18131",
    "RawText": "밝기도 밝고 해상도가 높아서 화질이 엄청 좋습니다 굿굿 업무시에 편하게 사용할 수 있는 화면크기를 제공해주어 너무 만족해요^^",
    "Source": "쇼핑몰",
    "Domain": "가전",
    "MainCategory": "영상/음향가전",
    "ProductName": "BenQ MH550 정품",
    "ReviewScore": "5",
    "Syllable": "70",
    "Word": "17",
    "RDate": "20191008",
    "GeneralPolarity": "1",
    "Aspects": [
      {
        "Aspect": "화질",
        "SentimentText": "밝기도 밝고 해상도가 높아서 화질이 엄청 좋습니다 굿굿",
        "SentimentWord": "8",
        "SentimentPolarity": "1"
      },
      {
        "Aspect": "사이즈",
        "SentimentText": "업무시에 편하게 사용할 수 있는 화면크기를 제공해주어 너무 만족해요^^",
        "SentimentWord": "9",
        "SentimentPolarity": "1"
      }
    ]
  },
  {
    "Index": "18132",
    "RawText": "led 형광등이 밝은데도 화질 자체가 밝으니 정말 잘보여 좋아요 시력보호가 되는 간접광원기능이 있어서 눈이 편안하네요 최고입니다",
    "Source": "쇼핑몰",
    "Domain": "가전",
    "MainCategory": "영상/음향가전",
    "ProductName": "BenQ MH550 정품",
    "ReviewScore": "5",
    "Syllable": "71",
    "Word": "16",
    "RDate": "20220218",
    "GeneralPolarity": "1",
    "Aspects": [
      {
        "Aspect": "화질",
        "SentimentText": "led 형광등이 밝은데도 화질 자체가 밝으니 정말 잘보여 좋아요",
        "SentimentWord": "9",
        "SentimentPolarity": "1"
      },
      {
        "Aspect": "기능",
        "SentimentText": "시력보호가 되는 간접광원기능이 있어서 눈이 편안하네요 최고입니다",
        "SentimentWord": "7",
        "SentimentPolarity": "1"
      }
    ]
  },
  {
    "Index": "18134",
    "RawText": "엄청 밝은 화질이라 형광등켜고 시청해도 불편함 없이 잘보여 좋아요^^ 색상도 고급져서 인테리어효과도 납니다 굿굿",
    "Source": "쇼핑몰",
    "Domain": "가전",
    "MainCategory": "영상/음향가전",
    "ProductName": "BenQ MH550 정품",
    "ReviewScore": "5",
    "Syllable": "62",
    "Word": "14",
    "RDate": "20190823",
    "GeneralPolarity": "1",
    "Aspects": [
      {
        "Aspect": "화질",
        "SentimentText": "엄청 밝은 화질이라 형광등켜고 시청해도 불편함 없이 잘보여 좋아요^^",
        "SentimentWord": "9",
        "SentimentPolarity": "1"
      },
      {
        "Aspect": "색상",
        "SentimentText": "색상도 고급져서 인테리어효과도 납니다 굿굿",
        "SentimentWord": "5",
        "SentimentPolarity": "1"
      }
    ]
  },
  {
    "Index": "18135",
    "RawText": "앙증맞고 예쁜 디자인의 프로젝터가 상당히 귀엽네요 밝은 곳에서도 화면이 밝게 나와서 만족하며 사용중입니다~^^",
    "Source": "쇼핑몰",
    "Domain": "가전",
    "MainCategory": "영상/음향가전",
    "ProductName": "BenQ MH550 정품",
    "ReviewScore": "5",
    "Syllable": "61",
    "Word": "13",
    "RDate": "20191209",
    "GeneralPolarity": "1",
    "Aspects": [
      {
        "Aspect": "디자인",
        "SentimentText": "앙증맞고 예쁜 디자인의 프로젝터가 상당히 귀엽네요",
        "SentimentWord": "6",
        "SentimentPolarity": "1"
      },
      {
        "Aspect": "화질",
        "SentimentText": "밝은 곳에서도 화면이 밝게 나와서 만족하며 사용중입니다~^^",
        "SentimentWord": "7",
        "SentimentPolarity": "1"
      }
    ]
  },
  {
    "Index": "18136",
    "RawText": "제품이 생각보다 견고하고 좋게 설계된거같아 아주 만족해요^^ 행사가격으로 저렴하게 사서 좋네요 가성비 최상의 제품입니다",
    "Source": "쇼핑몰",
    "Domain": "가전",
    "MainCategory": "영상/음향가전",
    "ProductName": "BenQ MH550 정품",
    "ReviewScore": "5",
    "Syllable": "66",
    "Word": "14",
    "RDate": "20220413",
    "GeneralPolarity": "1",
    "Aspects": [
      {
        "Aspect": "품질",
        "SentimentText": "제품이 생각보다 견고하고 좋게 설계된거같아 아주 만족해요^^",
        "SentimentWord": "7",
        "SentimentPolarity": "1"
      },
      {
        "Aspect": "가격",
        "SentimentText": "행사가격으로 저렴하게 사서 좋네요 가성비 최상의 제품입니다",
        "SentimentWord": "7",
        "SentimentPolarity": "1"
      }
    ]
  },
  {
    "Index": "18137",
    "RawText": "설치도 매우 간편해서 만족했어요 문서나 영상도 선명하고 화질이 깨끗해서 좋아요",
    "Source": "쇼핑몰",
    "Domain": "가전",
    "MainCategory": "영상/음향가전",
    "ProductName": "BenQ MH550 정품",
    "ReviewScore": "5",
    "Syllable": "43",
    "Word": "10",
    "RDate": "20190909",
    "GeneralPolarity": "1",
    "Aspects": [
      {
        "Aspect": "조작성",
        "SentimentText": " 설치도 매우 간편해서 만족했어요",
        "SentimentWord": "4",
        "SentimentPolarity": "1"
      },
      {
        "Aspect": "화질",
        "SentimentText": "문서나 영상도 선명하고 화질이 깨끗해서 좋아요",
        "SentimentWord": "6",
        "SentimentPolarity": "1"
      }
    ]
  },
  {
    "Index": "18138",
    "RawText": "대낮에 거실 창가에서도 번짐없이 또렷하게 잘 보이네요 화질 대만족합니다 사무실 및 강의용으로 적당한 사이즈의 화면이어서 아주 강추합니다",
    "Source": "쇼핑몰",
    "Domain": "가전",
    "MainCategory": "영상/음향가전",
    "ProductName": "BenQ MH550 정품",
    "ReviewScore": "4",
    "Syllable": "75",
    "Word": "17",
    "RDate": "20190422",
    "GeneralPolarity": "1",
    "Aspects": [
      {
        "Aspect": "화질",
        "SentimentText": "대낮에 거실 창가에서도 번짐없이 또렷하게 잘 보이네요 화질 대만족합니다",
        "SentimentWord": "9",
        "SentimentPolarity": "1"
      },
      {
        "Aspect": "사이즈",
        "SentimentText": "사무실 및 강의용으로 적당한 사이즈의 화면이어서 아주 강추합니다",
        "SentimentWord": "8",
        "SentimentPolarity": "1"
      }
    ]
  },
  {
    "Index": "18139",
    "RawText": "사무실에 비치하기에 심플한 색상이라 맘에 들어요 해상도도 고화질을 제공해주어 보기에 참 좋네요",
    "Source": "쇼핑몰",
    "Domain": "가전",
    "MainCategory": "영상/음향가전",
    "ProductName": "BenQ MH550 정품",
    "ReviewScore": "5",
    "Syllable": "52",
    "Word": "12",
    "RDate": "20200225",
    "GeneralPolarity": "1",
    "Aspects": [
      {
        "Aspect": "색상",
        "SentimentText": "사무실에 비치하기에 심플한 색상이라 맘에 들어요",
        "SentimentWord": "6",
        "SentimentPolarity": "1"
      },
      {
        "Aspect": "화질",
        "SentimentText": "해상도도 고화질을 제공해주어 보기에 참 좋네요",
        "SentimentWord": "6",
        "SentimentPolarity": "1"
      }
    ]
  },
  {
    "Index": "18141",
    "RawText": "구성품이나 사은품도 제대로 잘와서 좋았습니다. 그리고 화이트보드에 해봤는데 정말 깨끗하고 화질이 좋아요^^",
    "Source": "쇼핑몰",
    "Domain": "가전",
    "MainCategory": "영상/음향가전",
    "ProductName": "BenQ MH550 정품",
    "ReviewScore": "4",
    "Syllable": "59",
    "Word": "12",
    "RDate": "20190917",
    "GeneralPolarity": "1",
    "Aspects": [
      {
        "Aspect": "제품구성",
        "SentimentText": "구성품이나 사은품도 제대로 잘와서 좋았습니다. ",
        "SentimentWord": "5",
        "SentimentPolarity": "1"
      },
      {
        "Aspect": "화질",
        "SentimentText": "그리고 화이트보드에 해봤는데 정말 깨끗하고 화질이 좋아요^^",
        "SentimentWord": "7",
        "SentimentPolarity": "1"
      }
    ]
  },
  {
    "Index": "18142",
    "RawText": "학원 강의용으로 적합한 음량크기에요 커서 잘들리네요!! 밝기를 낮춰야할 정도로 밝고 선명한 화질이라 맘에 들어요",
    "Source": "쇼핑몰",
    "Domain": "가전",
    "MainCategory": "영상/음향가전",
    "ProductName": "BenQ MH550 정품",
    "ReviewScore": "5",
    "Syllable": "62",
    "Word": "14",
    "RDate": "20211215",
    "GeneralPolarity": "1",
    "Aspects": [
      {
        "Aspect": "음량/음질",
        "SentimentText": "학원 강의용으로 적합한 음량크기에요 커서 잘들리네요!!",
        "SentimentWord": "6",
        "SentimentPolarity": "1"
      },
      {
        "Aspect": "화질",
        "SentimentText": "밝기를 낮춰야할 정도로 밝고 선명한 화질이라 맘에 들어요",
        "SentimentWord": "8",
        "SentimentPolarity": "1"
      }
    ]
  },
  {
    "Index": "18143",
    "RawText": "화질도 좋고 품질도 이상없이 좋아서 가성비가 정말 좋아요 가격도 저렴하게 구매해서 좋습니다. 낮에도 전등을켜놓아도 선명하게 잘 보여서 화질이 마음에 들어요  소음도 거의 없어서 만족합니다. 작동하는법도 쉽고 간편하니까 어려움없어서 좋아요",
    "Source": "쇼핑몰",
    "Domain": "가전",
    "MainCategory": "영상/음향가전",
    "ProductName": "BenQ MH550 정품",
    "ReviewScore": "5",
    "Syllable": "132",
    "Word": "29",
    "RDate": "20210520",
    "GeneralPolarity": "1",
    "Aspects": [
      {
        "Aspect": "가격",
        "SentimentText": "화질도 좋고 품질도 이상없이 좋아서 가성비가 정말 좋아요 가격도 저렴하게 구매해서 좋습니다. ",
        "SentimentWord": "12",
        "SentimentPolarity": "1"
      },
      {
        "Aspect": "화질",
        "SentimentText": "낮에도 전등을켜놓아도 선명하게 잘 보여서 화질이 마음에 들어요 ",
        "SentimentWord": "8",
        "SentimentPolarity": "1"
      },
      {
        "Aspect": "소음",
        "SentimentText": "소음도 거의 없어서 만족합니다. ",
        "SentimentWord": "4",
        "SentimentPolarity": "1"
      },
      {
        "Aspect": "조작성",
        "SentimentText": "작동하는법도 쉽고 간편하니까 어려움없어서 좋아요",
        "SentimentWord": "5",
        "SentimentPolarity": "1"
      }
    ]
  },
  {
    "Index": "18144",
    "RawText": "한낮에 커튼 안친 상태로 켰는데도 선명하게 잘 보여요 최고에요 설치라고 할 것도 없을정도로 간단한 설치방법이라 간편했어요",
    "Source": "쇼핑몰",
    "Domain": "가전",
    "MainCategory": "영상/음향가전",
    "ProductName": "BenQ MH550 정품",
    "ReviewScore": "5",
    "Syllable": "67",
    "Word": "16",
    "RDate": "20190416",
    "GeneralPolarity": "1",
    "Aspects": [
      {
        "Aspect": "화질",
        "SentimentText": "한낮에 커튼 안친 상태로 켰는데도 선명하게 잘 보여요 최고에요",
        "SentimentWord": "9",
        "SentimentPolarity": "1"
      },
      {
        "Aspect": "조작성",
        "SentimentText": "설치라고 할 것도 없을정도로 간단한 설치방법이라 간편했어요 ",
        "SentimentWord": "7",
        "SentimentPolarity": "1"
      }
    ]
  },
  {
    "Index": "18145",
    "RawText": "합리적인 가격이라 정말 마음에 들어요 화질 좋은 빔프로젝터 덕분에 홈영화관 느낌납니다^^",
    "Source": "쇼핑몰",
    "Domain": "가전",
    "MainCategory": "영상/음향가전",
    "ProductName": "BenQ MH550 정품",
    "ReviewScore": "4",
    "Syllable": "49",
    "Word": "11",
    "RDate": "20200216",
    "GeneralPolarity": "1",
    "Aspects": [
      {
        "Aspect": "가격",
        "SentimentText": "합리적인 가격이라 정말 마음에 들어요",
        "SentimentWord": "5",
        "SentimentPolarity": "1"
      },
      {
        "Aspect": "화질",
        "SentimentText": "화질 좋은 빔프로젝터 덕분에 홈영화관 느낌납니다^^",
        "SentimentWord": "6",
        "SentimentPolarity": "1"
      }
    ]
  },
  {
    "Index": "18146",
    "RawText": "할인쿠폰으로 저렴한 가격에 잘 구매했어요 감사합니다~ 무엇보다 장시간 영화관람에도 발열현상이 없어서 좋아요",
    "Source": "쇼핑몰",
    "Domain": "가전",
    "MainCategory": "영상/음향가전",
    "ProductName": "BenQ MH550 정품",
    "ReviewScore": "5",
    "Syllable": "59",
    "Word": "12",
    "RDate": "20210219",
    "GeneralPolarity": "1",
    "Aspects": [
      {
        "Aspect": "가격",
        "SentimentText": "할인쿠폰으로 저렴한 가격에 잘 구매했어요 감사합니다~",
        "SentimentWord": "6",
        "SentimentPolarity": "1"
      },
      {
        "Aspect": "내구성",
        "SentimentText": "무엇보다 장시간 영화관람에도 발열현상이 없어서 좋아요",
        "SentimentWord": "6",
        "SentimentPolarity": "1"
      }
    ]
  },
  {
    "Index": "18147",
    "RawText": "작동도 간편하게 할 수있고 쉬워서 좋아요 그리고 가격에 비해서도 성능이나 퀄리티가 좋아서 가성비가 최고라 정말 저렴하게 잘 산것같아요",
    "Source": "쇼핑몰",
    "Domain": "가전",
    "MainCategory": "영상/음향가전",
    "ProductName": "BenQ MH550 정품",
    "ReviewScore": "5",
    "Syllable": "74",
    "Word": "18",
    "RDate": "20200817",
    "GeneralPolarity": "1",
    "Aspects": [
      {
        "Aspect": "조작성",
        "SentimentText": "작동도 간편하게 할 수있고 쉬워서 좋아요",
        "SentimentWord": "6",
        "SentimentPolarity": "1"
      },
      {
        "Aspect": "가격",
        "SentimentText": "그리고 가격에 비해서도 성능이나 퀄리티가 좋아서 가성비가 최고라 정말 저렴하게 잘 산것같아요",
        "SentimentWord": "12",
        "SentimentPolarity": "1"
      }
    ]
  },
  {
    "Index": "18148",
    "RawText": "형광등 조명에서도 깨끗한 화질이 제공되어 기분좋네요 색상도 심플하여 마음에 듭니다",
    "Source": "쇼핑몰",
    "Domain": "가전",
    "MainCategory": "영상/음향가전",
    "ProductName": "BenQ MH550 정품",
    "ReviewScore": "5",
    "Syllable": "45",
    "Word": "10",
    "RDate": "20190621",
    "GeneralPolarity": "1",
    "Aspects": [
      {
        "Aspect": "화질",
        "SentimentText": "형광등 조명에서도 깨끗한 화질이 제공되어 기분좋네요",
        "SentimentWord": "6",
        "SentimentPolarity": "1"
      },
      {
        "Aspect": "색상",
        "SentimentText": "색상도 심플하여 마음에 듭니다",
        "SentimentWord": "4",
        "SentimentPolarity": "1"
      }
    ]
  },
  {
    "Index": "18149",
    "RawText": "야외나 실내에서도 화질이 선명하고 색감도 좋아서 잘 쓰고있어요^^ 다만 재생속도가 좀느린것같아서 아쉽네요 ㅜ",
    "Source": "쇼핑몰",
    "Domain": "가전",
    "MainCategory": "영상/음향가전",
    "ProductName": "BenQ MH550 정품",
    "ReviewScore": "5",
    "Syllable": "60",
    "Word": "13",
    "RDate": "20190407",
    "GeneralPolarity": "0",
    "Aspects": [
      {
        "Aspect": "화질",
        "SentimentText": "야외나 실내에서도 화질이 선명하고 색감도 좋아서 잘 쓰고있어요^^",
        "SentimentWord": "8",
        "SentimentPolarity": "1"
      },
      {
        "Aspect": "시간/속도",
        "SentimentText": "다만 재생속도가 좀느린것같아서 아쉽네요 ㅜ",
        "SentimentWord": "5",
        "SentimentPolarity": "-1"
      }
    ]
  },
  {
    "Index": "18150",
    "RawText": "화질이 기대이상으로 선명하여 좋네요~ 다만, 무선으로 연결되는 기능이 없어서 아쉬워요....ㅜㅜ",
    "Source": "쇼핑몰",
    "Domain": "가전",
    "MainCategory": "영상/음향가전",
    "ProductName": "BenQ MH550 정품",
    "ReviewScore": "5",
    "Syllable": "53",
    "Word": "10",
    "RDate": "20190418",
    "GeneralPolarity": "0",
    "Aspects": [
      {
        "Aspect": "화질",
        "SentimentText": "화질이 기대이상으로 선명하여 좋네요~",
        "SentimentWord": "4",
        "SentimentPolarity": "1"
      },
      {
        "Aspect": "기능",
        "SentimentText": "다만, 무선으로 연결되는 기능이 없어서 아쉬워요....ㅜㅜ",
        "SentimentWord": "6",
        "SentimentPolarity": "-1"
      }
    ]
  }
]