[
  {
    "Index": "15576",
    "RawText": "가성비 좋습니다^^ tv 65인치~75인치에는 좀 더 큰 사이즈였으면해서 아쉽습니다.",
    "Source": "쇼핑몰",
    "Domain": "가전",
    "MainCategory": "영상/음향가전",
    "ProductName": "Soundcore ANKER 인피니 정품",
    "ReviewScore": "5",
    "Syllable": "47",
    "Word": "9",
    "RDate": "20200309",
    "GeneralPolarity": "0",
    "Aspects": [
      {
        "Aspect": "가격",
        "SentimentText": "가성비 좋습니다^^",
        "SentimentWord": "2",
        "SentimentPolarity": "1"
      },
      {
        "Aspect": "사이즈",
        "SentimentText": "tv 65인치~75인치에는 좀 더 큰 사이즈였으면해서 아쉽습니다.",
        "SentimentWord": "7",
        "SentimentPolarity": "-1"
      }
    ]
  },
  {
    "Index": "15577",
    "RawText": "저가형답지 않은 마감처리 좋아요~  가성비가 기대이상이라 만족합니다. ",
    "Source": "쇼핑몰",
    "Domain": "가전",
    "MainCategory": "영상/음향가전",
    "ProductName": "Soundcore ANKER 인피니 정품",
    "ReviewScore": "5",
    "Syllable": "39",
    "Word": "7",
    "RDate": "20191030",
    "Aspects": [
      {
        "Aspect": "품질",
        "SentimentText": "저가형답지 않은 마감처리 좋아요~  ",
        "SentimentWord": "4",
        "SentimentPolarity": "1"
      },
      {
        "Aspect": "가격",
        "SentimentText": "가성비가 기대이상이라 만족합니다.",
        "SentimentWord": "3",
        "SentimentPolarity": "1"
      }
    ]
  },
  {
    "Index": "15578",
    "RawText": "빅세일가격으로 봤을때 가성비는 최강!! 소리도 깨끗해서 좋구요 ^^ ",
    "Source": "쇼핑몰",
    "Domain": "가전",
    "MainCategory": "영상/음향가전",
    "ProductName": "Soundcore ANKER 인피니 정품",
    "ReviewScore": "5",
    "Syllable": "38",
    "Word": "8",
    "RDate": "20211211",
    "Aspects": [
      {
        "Aspect": "가격",
        "SentimentText": "빅세일가격으로 봤을때 가성비는 최강!!",
        "SentimentWord": "4",
        "SentimentPolarity": "1"
      },
      {
        "Aspect": "음량/음질",
        "SentimentText": "소리도 깨끗해서 좋구요 ^^",
        "SentimentWord": "4",
        "SentimentPolarity": "1"
      }
    ]
  },
  {
    "Index": "15580",
    "RawText": "영화음장기능의 저역 부스팅으로 인한 부밍은 도저히 못들어줄 수준 ㅠㅠ 그러나 음질은 선명해서 너무 좋아요  설치전과는 확연히 차이가있네요 ",
    "Source": "쇼핑몰",
    "Domain": "가전",
    "MainCategory": "영상/음향가전",
    "ProductName": "Soundcore ANKER 인피니 정품",
    "ReviewScore": "3",
    "Syllable": "77",
    "Word": "17",
    "RDate": "20190825",
    "Aspects": [
      {
        "Aspect": "기능",
        "SentimentText": "영화음장기능의 저역 부스팅으로 인한 부밍은 도저히 못들어줄 수준 ㅠㅠ ",
        "SentimentWord": "9",
        "SentimentPolarity": "-1"
      },
      {
        "Aspect": "음량/음질",
        "SentimentText": "그러나 음질은 선명해서 너무 좋아요  설치전과는 확연히 차이가있네요",
        "SentimentWord": "8",
        "SentimentPolarity": "1"
      }
    ]
  },
  {
    "Index": "15581",
    "RawText": "배송이 빠른점이 좋아요 제품도 튼튼한 재질같아서 만족해요 출력이 기재되어있는 100w가 안나오는듯해서 아쉽네요ㅜㅜ ",
    "Source": "쇼핑몰",
    "Domain": "가전",
    "MainCategory": "영상/음향가전",
    "ProductName": "Soundcore ANKER 인피니 정품",
    "ReviewScore": "5",
    "Syllable": "64",
    "Word": "12",
    "RDate": "20211201",
    "Aspects": [
      {
        "Aspect": "소재",
        "SentimentText": "제품도 튼튼한 재질같아서 만족해요",
        "SentimentWord": "4",
        "SentimentPolarity": "1"
      },
      {
        "Aspect": "음량/음질",
        "SentimentText": "출력이 기재되어있는 100w가 안나오는듯해서 아쉽네요ㅜㅜ",
        "SentimentWord": "5",
        "SentimentPolarity": "-1"
      }
    ]
  },
  {
    "Index": "15582",
    "RawText": "총알배송이라 굿!! 가격대비 가성비가 좋아요^^ 다만 아쉬운건 블루투스 연결이 버벅거림이 있네요 ",
    "Source": "쇼핑몰",
    "Domain": "가전",
    "MainCategory": "영상/음향가전",
    "ProductName": "Soundcore ANKER 인피니 정품",
    "ReviewScore": "5",
    "Syllable": "54",
    "Word": "11",
    "RDate": "20220523",
    "Aspects": [
      {
        "Aspect": "가격",
        "SentimentText": "가격대비 가성비가 좋아요^^",
        "SentimentWord": "3",
        "SentimentPolarity": "1"
      },
      {
        "Aspect": "기능",
        "SentimentText": "다만 아쉬운건 블루투스 연결이 버벅거림이 있네요",
        "SentimentWord": "6",
        "SentimentPolarity": "-1"
      }
    ]
  },
  {
    "Index": "15583",
    "RawText": "베이스가 좋아서 만족해요 다만 AUX -AUX 케이블이 없어 따로 구매한점이 아쉬웠어요!!",
    "Source": "쇼핑몰",
    "Domain": "가전",
    "MainCategory": "영상/음향가전",
    "ProductName": "Soundcore ANKER 인피니 정품",
    "ReviewScore": "5",
    "Syllable": "50",
    "Word": "11",
    "RDate": "20220222",
    "GeneralPolarity": "0",
    "Aspects": [
      {
        "Aspect": "음량/음질",
        "SentimentText": "베이스가 좋아서 만족해요",
        "SentimentWord": "3",
        "SentimentPolarity": "1"
      },
      {
        "Aspect": "제품구성",
        "SentimentText": "다만 AUX -AUX 케이블이 없어 따로 구매한점이 아쉬웠어요!!",
        "SentimentWord": "8",
        "SentimentPolarity": "-1"
      }
    ]
  },
  {
    "Index": "15584",
    "RawText": "소리가 별로라 너무 실망입니다. 스피커 망에 낙서가 되어있는건 불량표시인건지 반품이 귀찮아서 그냥쓰는데 기분 별루네요!! ",
    "Source": "쇼핑몰",
    "Domain": "가전",
    "MainCategory": "영상/음향가전",
    "ProductName": "Soundcore ANKER 인피니 정품",
    "ReviewScore": "1",
    "Syllable": "68",
    "Word": "14",
    "RDate": "20201122",
    "GeneralPolarity": "-1",
    "Aspects": [
      {
        "Aspect": "음량/음질",
        "SentimentText": "소리가 별로라 너무 실망입니다. ",
        "SentimentWord": "4",
        "SentimentPolarity": "-1"
      },
      {
        "Aspect": "품질",
        "SentimentText": "스피커 망에 낙서가 되어있는건 불량표시인건지 반품이 귀찮아서 그냥쓰는데 기분 별루네요!!",
        "SentimentWord": "10",
        "SentimentPolarity": "-1"
      }
    ]
  },
  {
    "Index": "15585",
    "RawText": "블루투스 자꾸 끊기고 서비스도 보냈지만 이상없다해서 쓰긴하는데 계속 증상이 발생하는점이 실망스럽고요 광케이블도 따로 구매해서 연결해야 하고 다른곳은 그냥 주는데 참 아주 비추하는 제품입니다. ",
    "Source": "쇼핑몰",
    "Domain": "가전",
    "MainCategory": "영상/음향가전",
    "ProductName": "Soundcore ANKER 인피니 정품",
    "ReviewScore": "1",
    "Syllable": "107",
    "Word": "23",
    "RDate": "20191120",
    "GeneralPolarity": "-1",
    "Aspects": [
      {
        "Aspect": "품질",
        "SentimentText": "블루투스 자꾸 끊기고 서비스도 보냈지만 이상없다해서 쓰긴하는데 계속 증상이 발생하는점이 실망스럽고요 ",
        "SentimentWord": "11",
        "SentimentPolarity": "-1"
      },
      {
        "Aspect": "제품구성",
        "SentimentText": "광케이블도 따로 구매해서 연결해야 하고 다른곳은 그냥 주는데 참 아주 비추하는 제품입니다.",
        "SentimentWord": "12",
        "SentimentPolarity": "-1"
      }
    ]
  },
  {
    "Index": "15586",
    "RawText": "사용할수록 품질이 놀라워서 좋습니다 굿 말소리 모드도 있고 필요한 기능이 있어서 만족합니다. 그리고 음질이 너무 선명해서 좋아요^^ ",
    "Source": "쇼핑몰",
    "Domain": "가전",
    "MainCategory": "영상/음향가전",
    "ProductName": "Soundcore ANKER 인피니 정품",
    "ReviewScore": "5",
    "Syllable": "74",
    "Word": "17",
    "RDate": "20190819",
    "GeneralPolarity": "1",
    "Aspects": [
      {
        "Aspect": "품질",
        "SentimentText": "사용할수록 품질이 놀라워서 좋습니다 굿",
        "SentimentWord": "5",
        "SentimentPolarity": "1"
      },
      {
        "Aspect": "기능",
        "SentimentText": "말소리 모드도 있고 필요한 기능이 있어서 만족합니다.",
        "SentimentWord": "7",
        "SentimentPolarity": "1"
      },
      {
        "Aspect": "음량/음질",
        "SentimentText": "그리고 음질이 너무 선명해서 좋아요^^",
        "SentimentWord": "5",
        "SentimentPolarity": "1"
      }
    ]
  },
  {
    "Index": "15587",
    "RawText": "사운드가 정말 빵빵해서 좋아요  그런데 처음엔 잘되다가 광단자 소리가 갑자기 안나고 반품할까하다가 또 잘되고 품질이 참 아쉽네요 티비나 핸드폰 와이파이연결과 옥스선으로 컴퓨터 연결도 모두 잘되어서 너무 좋습니다^^",
    "Source": "쇼핑몰",
    "Domain": "가전",
    "MainCategory": "영상/음향가전",
    "ProductName": "Soundcore ANKER 인피니 정품",
    "ReviewScore": "5",
    "Syllable": "119",
    "Word": "27",
    "RDate": "20201102",
    "GeneralPolarity": "0",
    "Aspects": [
      {
        "Aspect": "음량/음질",
        "SentimentText": "사운드가 정말 빵빵해서 좋아요",
        "SentimentWord": "4",
        "SentimentPolarity": "1"
      },
      {
        "Aspect": "품질",
        "SentimentText": "그런데 처음엔 잘되다가 광단자 소리가 갑자기 안나고 반품할까하다가 또 잘되고 품질이 참 아쉽네요 ",
        "SentimentWord": "13",
        "SentimentPolarity": "-1"
      },
      {
        "Aspect": "조작성",
        "SentimentText": "티비나 핸드폰 와이파이연결과 옥스선으로 컴퓨터 연결도 모두 잘되어서 너무 좋습니다^^ ",
        "SentimentWord": "10",
        "SentimentPolarity": "1"
      }
    ]
  },
  {
    "Index": "15588",
    "RawText": "사운드 빵빵한것이 최고예요 디자인도 깔끔하니까 만족하구요 빅세일에 저렴하게 구매해서 더 좋습니다^^",
    "Source": "쇼핑몰",
    "Domain": "가전",
    "MainCategory": "영상/음향가전",
    "ProductName": "Soundcore ANKER 인피니 정품",
    "ReviewScore": "5",
    "Syllable": "55",
    "Word": "11",
    "RDate": "20200111",
    "GeneralPolarity": "1",
    "Aspects": [
      {
        "Aspect": "음량/음질",
        "SentimentText": "사운드 빵빵한것이 최고예요 ",
        "SentimentWord": "3",
        "SentimentPolarity": "1"
      },
      {
        "Aspect": "디자인",
        "SentimentText": "디자인도 깔끔하니까 만족하구요",
        "SentimentWord": "3",
        "SentimentPolarity": "1"
      },
      {
        "Aspect": "가격",
        "SentimentText": "빅세일에 저렴하게 구매해서 더 좋습니다^^",
        "SentimentWord": "5",
        "SentimentPolarity": "1"
      }
    ]
  },
  {
    "Index": "15589",
    "RawText": "사운드바100w 소리도 좋고 웅장해서 듣기 좋으니 만족해요 그리고 50인치 티비바닥에 딱맞는 사이즈라 매우 좋습니다",
    "Source": "쇼핑몰",
    "Domain": "가전",
    "MainCategory": "영상/음향가전",
    "ProductName": "Soundcore ANKER 인피니 정품",
    "ReviewScore": "5",
    "Syllable": "64",
    "Word": "14",
    "RDate": "20220509",
    "GeneralPolarity": "1",
    "Aspects": [
      {
        "Aspect": "음량/음질",
        "SentimentText": "사운드바100w 소리도 좋고 웅장해서 듣기 좋으니 만족해요",
        "SentimentWord": "7",
        "SentimentPolarity": "1"
      },
      {
        "Aspect": "사이즈",
        "SentimentText": "그리고 50인치 티비바닥에 딱맞는 사이즈라 매우 좋습니다",
        "SentimentWord": "7",
        "SentimentPolarity": "1"
      }
    ]
  },
  {
    "Index": "15591",
    "RawText": "티비랑은 확실히 차이가 나는 사운드에 감동했어요 완전 좋아요 그리고 이가격에 가성비는 최고입니다^^",
    "Source": "쇼핑몰",
    "Domain": "가전",
    "MainCategory": "영상/음향가전",
    "ProductName": "Soundcore ANKER 인피니 정품",
    "ReviewScore": "5",
    "Syllable": "55",
    "Word": "12",
    "RDate": "20211214",
    "GeneralPolarity": "1",
    "Aspects": [
      {
        "Aspect": "음량/음질",
        "SentimentText": "티비랑은 확실히 차이가 나는 사운드에 감동했어요 완전 좋아요",
        "SentimentWord": "8",
        "SentimentPolarity": "1"
      },
      {
        "Aspect": "가격",
        "SentimentText": "그리고 이가격에 가성비는 최고입니다^^",
        "SentimentWord": "4",
        "SentimentPolarity": "1"
      }
    ]
  },
  {
    "Index": "15592",
    "RawText": "상품은 쓸만은한데 영화모드에서 목소리가 뭉치게들리는게 심해서 완전 별로입니다. 가격도 다른곳보다 비싸게 사서 매우 후회중입니다ㅜ ",
    "Source": "쇼핑몰",
    "Domain": "가전",
    "MainCategory": "영상/음향가전",
    "ProductName": "Soundcore ANKER 인피니 정품",
    "ReviewScore": "4",
    "Syllable": "72",
    "Word": "14",
    "RDate": "20201125",
    "GeneralPolarity": "-1",
    "Aspects": [
      {
        "Aspect": "음량/음질",
        "SentimentText": "상품은 쓸만은한데 영화모드에서 목소리가 뭉치게들리는게 심해서 완전 별로입니다. ",
        "SentimentWord": "8",
        "SentimentPolarity": "-1"
      },
      {
        "Aspect": "가격",
        "SentimentText": "가격도 다른곳보다 비싸게 사서 매우 후회중입니다ㅜ",
        "SentimentWord": "6",
        "SentimentPolarity": "-1"
      }
    ]
  },
  {
    "Index": "15593",
    "RawText": "반품된 제품 보냈나요? 품질이 뭐 이따위인가요? 포장도 상자속 비닐 다찢어지고 설명서는 밖에 나와있으며 부품박스는 다구겨져서 새상품같지 않아 기분이 찝찝해요 ㅜㅜ 부품들도 제대로 오지 않아서 설치하다 멈췄네요. ㅜㅜ ",
    "Source": "쇼핑몰",
    "Domain": "가전",
    "MainCategory": "영상/음향가전",
    "ProductName": "Soundcore ANKER 인피니 정품",
    "ReviewScore": "1",
    "Syllable": "121",
    "Word": "27",
    "RDate": "20211213",
    "Aspects": [
      {
        "Aspect": "품질",
        "SentimentText": "반품된 제품 보냈나요? 품질이 뭐 이따위인가요?",
        "SentimentWord": "6",
        "SentimentPolarity": "-1"
      },
      {
        "Aspect": "제품구성",
        "SentimentText": "부품들도 제대로 오지 않아서 설치하다 멈췄네요. ㅜㅜ",
        "SentimentWord": "7",
        "SentimentPolarity": "-1"
      }
    ]
  },
  {
    "Index": "15594",
    "RawText": "품질이 매우 좋습니다. 사운드도 빵빵해서 만족합니다^^",
    "Source": "쇼핑몰",
    "Domain": "가전",
    "MainCategory": "영상/음향가전",
    "ProductName": "Soundcore ANKER 인피니 정품",
    "ReviewScore": "5",
    "Syllable": "30",
    "Word": "6",
    "RDate": "20191128",
    "GeneralPolarity": "1",
    "Aspects": [
      {
        "Aspect": "품질",
        "SentimentText": "품질이 매우 좋습니다. ",
        "SentimentWord": "3",
        "SentimentPolarity": "1"
      },
      {
        "Aspect": "음량/음질",
        "SentimentText": "사운드도 빵빵해서 만족합니다^^",
        "SentimentWord": "3",
        "SentimentPolarity": "1"
      }
    ]
  },
  {
    "Index": "15595",
    "RawText": "새제품인지 의심스러울정도로 제품상태가 매우 안좋습니다. 서브우퍼기능은 최악의 언밸런스에요 ㅠ",
    "Source": "쇼핑몰",
    "Domain": "가전",
    "MainCategory": "영상/음향가전",
    "ProductName": "Soundcore ANKER 인피니 정품",
    "ReviewScore": "2",
    "Syllable": "51",
    "Word": "9",
    "RDate": "20200809",
    "Aspects": [
      {
        "Aspect": "품질",
        "SentimentText": "새제품인지 의심스러울정도로 제품상태가 매우 안좋습니다.",
        "SentimentWord": "5",
        "SentimentPolarity": "-1"
      },
      {
        "Aspect": "기능",
        "SentimentText": "서브우퍼기능은 최악의 언밸런스에요 ㅠ",
        "SentimentWord": "4",
        "SentimentPolarity": "-1"
      }
    ]
  },
  {
    "Index": "15596",
    "RawText": "생각보다 사이즈가 커서 별루예요 그리고 인터넷방송이나 블루투스 연결할떄 소리가 끊겨서 매우 실망스러워요 ㅜ ",
    "Source": "쇼핑몰",
    "Domain": "가전",
    "MainCategory": "영상/음향가전",
    "ProductName": "Soundcore ANKER 인피니 정품",
    "ReviewScore": "3",
    "Syllable": "60",
    "Word": "13",
    "RDate": "20220530",
    "GeneralPolarity": "-1",
    "Aspects": [
      {
        "Aspect": "사이즈",
        "SentimentText": "생각보다 사이즈가 커서 별루예요",
        "SentimentWord": "4",
        "SentimentPolarity": "-1"
      },
      {
        "Aspect": "기능",
        "SentimentText": "그리고 인터넷방송이나 블루투스 연결할떄 소리가 끊겨서 매우 실망스러워요 ㅜ",
        "SentimentWord": "9",
        "SentimentPolarity": "-1"
      }
    ]
  },
  {
    "Index": "15597",
    "RawText": "생각보다 상당히 커서 좀 아쉬워요! 확실히 전것과 비교하면 저음에서 잘 받쳐주어서 음향이 매우 좋아요 가격대비 품질도 충분하니까 만족합니다^^",
    "Source": "쇼핑몰",
    "Domain": "가전",
    "MainCategory": "영상/음향가전",
    "ProductName": "Soundcore ANKER 인피니 정품",
    "ReviewScore": "5",
    "Syllable": "79",
    "Word": "18",
    "RDate": "20220216",
    "GeneralPolarity": "1",
    "Aspects": [
      {
        "Aspect": "사이즈",
        "SentimentText": "생각보다 상당히 커서 좀 아쉬워요!",
        "SentimentWord": "5",
        "SentimentPolarity": "-1"
      },
      {
        "Aspect": "음량/음질",
        "SentimentText": "확실히 전것과 비교하면 저음에서 잘 받쳐주어서 음향이 매우 좋아요 ",
        "SentimentWord": "9",
        "SentimentPolarity": "1"
      },
      {
        "Aspect": "품질",
        "SentimentText": "가격대비 품질도 충분하니까 만족합니다^^",
        "SentimentWord": "4",
        "SentimentPolarity": "1"
      }
    ]
  },
  {
    "Index": "15598",
    "RawText": "생각보다 크니까 살짝 아쉬워요 음질도 매우 만족하구요 그리고 3가지 음향설정(뉴스,음악,영화) 기능이 있는점이 좋아요",
    "Source": "쇼핑몰",
    "Domain": "가전",
    "MainCategory": "영상/음향가전",
    "ProductName": "Soundcore ANKER 인피니 정품",
    "ReviewScore": "5",
    "Syllable": "65",
    "Word": "13",
    "RDate": "20211209",
    "GeneralPolarity": "1",
    "Aspects": [
      {
        "Aspect": "사이즈",
        "SentimentText": "생각보다 크니까 살짝 아쉬워요",
        "SentimentWord": "4",
        "SentimentPolarity": "-1"
      },
      {
        "Aspect": "음량/음질",
        "SentimentText": "음질도 매우 만족하구요",
        "SentimentWord": "3",
        "SentimentPolarity": "1"
      },
      {
        "Aspect": "기능",
        "SentimentText": "그리고 3가지 음향설정(뉴스,음악,영화) 기능이 있는점이 좋아요",
        "SentimentWord": "6",
        "SentimentPolarity": "1"
      }
    ]
  },
  {
    "Index": "15599",
    "RawText": "설정이 맞춰져있고 EQ조정을 수동으로 못하는점이 아쉽네요 무난하게 들을 수 있는 사운드라 만족은 합니다 .그리고 가격도 저렴하게 구매해서 좋아요^^",
    "Source": "쇼핑몰",
    "Domain": "가전",
    "MainCategory": "영상/음향가전",
    "ProductName": "Soundcore ANKER 인피니 정품",
    "ReviewScore": "5",
    "Syllable": "82",
    "Word": "18",
    "RDate": "20220523",
    "GeneralPolarity": "0",
    "Aspects": [
      {
        "Aspect": "조작성",
        "SentimentText": "설정이 맞춰져있고 EQ조정을 수동으로 못하는점이 아쉽네요",
        "SentimentWord": "6",
        "SentimentPolarity": "-1"
      },
      {
        "Aspect": "음량/음질",
        "SentimentText": "무난하게 들을 수 있는 사운드라 만족은 합니다 ",
        "SentimentWord": "7",
        "SentimentPolarity": "1"
      },
      {
        "Aspect": "가격",
        "SentimentText": "그리고 가격도 저렴하게 구매해서 좋아요^^",
        "SentimentWord": "5",
        "SentimentPolarity": "1"
      }
    ]
  },
  {
    "Index": "15600",
    "RawText": "설치하고 티비 시청하면서 품질은 구매인증해요 그만큼 좋아요 그리고 사운드도 깨끗하니까 만족하구요 가성비 최고인 제품입니다^^",
    "Source": "쇼핑몰",
    "Domain": "가전",
    "MainCategory": "영상/음향가전",
    "ProductName": "Soundcore ANKER 인피니 정품",
    "ReviewScore": "5",
    "Syllable": "69",
    "Word": "14",
    "RDate": "20220804",
    "GeneralPolarity": "1",
    "Aspects": [
      {
        "Aspect": "품질",
        "SentimentText": "설치하고 티비 시청하면서 품질은 구매인증해요 그만큼 좋아요",
        "SentimentWord": "7",
        "SentimentPolarity": "1"
      },
      {
        "Aspect": "음량/음질",
        "SentimentText": "그리고 사운드도 깨끗하니까 만족하구요",
        "SentimentWord": "4",
        "SentimentPolarity": "1"
      },
      {
        "Aspect": "가격",
        "SentimentText": "가성비 최고인 제품입니다^^",
        "SentimentWord": "3",
        "SentimentPolarity": "1"
      }
    ]
  },
  {
    "Index": "15601",
    "RawText": "셋톱박스의 광출력에 연결하니 잘되어 좋습니다. 그리고 저음도 팡팡 때리는 타격감이 고급져서 좋아요",
    "Source": "쇼핑몰",
    "Domain": "가전",
    "MainCategory": "영상/음향가전",
    "ProductName": "Soundcore ANKER 인피니 정품",
    "ReviewScore": "5",
    "Syllable": "54",
    "Word": "12",
    "RDate": "20220430",
    "GeneralPolarity": "1",
    "Aspects": [
      {
        "Aspect": "조작성",
        "SentimentText": "셋톱박스의 광출력에 연결하니 잘되어 좋습니다. ",
        "SentimentWord": "5",
        "SentimentPolarity": "1"
      },
      {
        "Aspect": "음량/음질",
        "SentimentText": "그리고 저음도 팡팡 때리는 타격감이 고급져서 좋아요",
        "SentimentWord": "7",
        "SentimentPolarity": "1"
      }
    ]
  },
  {
    "Index": "15602",
    "RawText": "저음도 잘 나오고 소리가 좋아요 영화, 음악감상 최고이구요 무게도 묵직해서 안정감있고 만족해요 그리고 가성비가 짱! 입니다 ",
    "Source": "쇼핑몰",
    "Domain": "가전",
    "MainCategory": "영상/음향가전",
    "ProductName": "Soundcore ANKER 인피니 정품",
    "ReviewScore": "5",
    "Syllable": "69",
    "Word": "16",
    "RDate": "20220301",
    "GeneralPolarity": "1",
    "Aspects": [
      {
        "Aspect": "음량/음질",
        "SentimentText": "저음도 잘 나오고 소리가 좋아요 영화, 음악감상 최고이구요",
        "SentimentWord": "8",
        "SentimentPolarity": "1"
      },
      {
        "Aspect": "무게",
        "SentimentText": "무게도 묵직해서 안정감있고 만족해요",
        "SentimentWord": "4",
        "SentimentPolarity": "1"
      },
      {
        "Aspect": "가격",
        "SentimentText": "그리고 가성비가 짱! 입니다",
        "SentimentWord": "4",
        "SentimentPolarity": "1"
      }
    ]
  },
  {
    "Index": "15604",
    "RawText": "소리도 둥둥둥 울리고 핫템이 되어 만족합니다. 가격대비 최고인 제품이예요!! ",
    "Source": "쇼핑몰",
    "Domain": "가전",
    "MainCategory": "영상/음향가전",
    "ProductName": "Soundcore ANKER 인피니 정품",
    "ReviewScore": "5",
    "Syllable": "43",
    "Word": "9",
    "RDate": "20190703",
    "GeneralPolarity": "1",
    "Aspects": [
      {
        "Aspect": "음량/음질",
        "SentimentText": "소리도 둥둥둥 울리고 핫템이 되어 만족합니다.",
        "SentimentWord": "6",
        "SentimentPolarity": "1"
      },
      {
        "Aspect": "가격",
        "SentimentText": "가격대비 최고인 제품이예요!!",
        "SentimentWord": "3",
        "SentimentPolarity": "1"
      }
    ]
  },
  {
    "Index": "15605",
    "RawText": "사운드 고음이 빵빵하게 잘 나와서 완전 좋네요. TV소리가 약해 항상 불만이였는데 AUX 케이블로 한방에 연결하니 편하고 좋습니다.",
    "Source": "쇼핑몰",
    "Domain": "가전",
    "MainCategory": "영상/음향가전",
    "ProductName": "Soundcore ANKER 인피니 정품",
    "ReviewScore": "5",
    "Syllable": "73",
    "Word": "17",
    "RDate": "20191113",
    "GeneralPolarity": "1",
    "Aspects": [
      {
        "Aspect": "음량/음질",
        "SentimentText": "사운드 고음이 빵빵하게 잘 나와서 완전 좋네요",
        "SentimentWord": "7",
        "SentimentPolarity": "1"
      },
      {
        "Aspect": "조작성",
        "SentimentText": "AUX 케이블로 한방에 연결하니 편하고 좋습니다.",
        "SentimentWord": "6",
        "SentimentPolarity": "1"
      }
    ]
  },
  {
    "Index": "15606",
    "RawText": "소리가 짱짱하니 좋습니다. 65인치 티비랑 딱 맞는 사이즈라 굿!!  다만 전원상태와 현재 볼륨상태를 잘보이게 디자인 했다면하는 아쉬움이 있네요",
    "Source": "쇼핑몰",
    "Domain": "가전",
    "MainCategory": "영상/음향가전",
    "ProductName": "Soundcore ANKER 인피니 정품",
    "ReviewScore": "4",
    "Syllable": "80",
    "Word": "18",
    "RDate": "20200319",
    "GeneralPolarity": "0",
    "Aspects": [
      {
        "Aspect": "음량/음질",
        "SentimentText": "소리가 짱짱하니 좋습니다.",
        "SentimentWord": "3",
        "SentimentPolarity": "1"
      },
      {
        "Aspect": "사이즈",
        "SentimentText": "65인치 티비랑 딱 맞는 사이즈라 굿!!",
        "SentimentWord": "6",
        "SentimentPolarity": "1"
      },
      {
        "Aspect": "디자인",
        "SentimentText": "다만 전원상태와 현재 볼륨상태를 잘보이게 디자인 했다면하는 아쉬움이 있네요",
        "SentimentWord": "9",
        "SentimentPolarity": "-1"
      }
    ]
  },
  {
    "Index": "15608",
    "RawText": "단순한 설치와 단순한 사용법.만족함~  그리고 티비랑 연결해서 영화 감상해보니 품질이 아주 좋은점이 만족스러워요 잘쓸께요~",
    "Source": "쇼핑몰",
    "Domain": "가전",
    "MainCategory": "영상/음향가전",
    "ProductName": "Soundcore ANKER 인피니 정품",
    "ReviewScore": "5",
    "Syllable": "68",
    "Word": "14",
    "RDate": "20220416",
    "Aspects": [
      {
        "Aspect": "조작성",
        "SentimentText": "단순한 설치와 단순한 사용법.만족함~ ",
        "SentimentWord": "4",
        "SentimentPolarity": "1"
      },
      {
        "Aspect": "품질",
        "SentimentText": "그리고 티비랑 연결해서 영화 감상해보니 품질이 아주 좋은점이 만족스러워요 잘쓸께요~",
        "SentimentWord": "10",
        "SentimentPolarity": "1"
      }
    ]
  },
  {
    "Index": "15609",
    "RawText": "스피커 앞부분이 약간 찌그러져 있는데 듣는데는 이상없어서 구매결정은 하지만 아쉬운 부분이고요 가격대비 음량이 좋은점에 만족합니다 그리고 성능도 좋아서 굿입니다 ",
    "Source": "쇼핑몰",
    "Domain": "가전",
    "MainCategory": "영상/음향가전",
    "ProductName": "Soundcore ANKER 인피니 정품",
    "ReviewScore": "4",
    "Syllable": "89",
    "Word": "19",
    "RDate": "20220818",
    "GeneralPolarity": "0",
    "Aspects": [
      {
        "Aspect": "품질",
        "SentimentText": "스피커 앞부분이 약간 찌그러져 있는데 듣는데는 이상없어서 구매결정은 하지만 아쉬운 부분이고요 ",
        "SentimentWord": "11",
        "SentimentPolarity": "-1"
      },
      {
        "Aspect": "음량/음질",
        "SentimentText": "가격대비 음량이 좋은점에 만족합니다 ",
        "SentimentWord": "4",
        "SentimentPolarity": "1"
      },
      {
        "Aspect": "기능",
        "SentimentText": "그리고 성능도 좋아서 굿입니다",
        "SentimentWord": "4",
        "SentimentPolarity": "1"
      }
    ]
  },
  {
    "Index": "15611",
    "RawText": "아파트에서 감당하기 어려울 정도로 음량이 커서 이웃집에 피해 안가게 조절 잘해서 써야 되겠어요 그래도 음질은 가격대비 충분히 좋은거 같아요^^ 다만 재생모드에 따라 음질의 작위적인 느낌이 아쉽습니다.",
    "Source": "쇼핑몰",
    "Domain": "가전",
    "MainCategory": "영상/음향가전",
    "ProductName": "Soundcore ANKER 인피니 정품",
    "ReviewScore": "5",
    "Syllable": "111",
    "Word": "26",
    "RDate": "20190805",
    "GeneralPolarity": "0",
    "Aspects": [
      {
        "Aspect": "음량/음질",
        "SentimentText": "아파트에서 감당하기 어려울 정도로 음량이 커서 이웃집에 피해 안가게 조절 잘해서 써야 되겠어요",
        "SentimentWord": "13",
        "SentimentPolarity": "-1"
      },
      {
        "Aspect": "음량/음질",
        "SentimentText": "그래도 음질은 가격대비 충분히 좋은거 같아요^^",
        "SentimentWord": "6",
        "SentimentPolarity": "1"
      },
      {
        "Aspect": "음량/음질",
        "SentimentText": "다만 재생모드에 따라 음질의 작위적인 느낌이 아쉽습니다.",
        "SentimentWord": "7",
        "SentimentPolarity": "-1"
      }
    ]
  },
  {
    "Index": "15612",
    "RawText": "액정화면이 없으니까 그점이 불편해요 볼륨소리가 얼마인지 알수없고 블루투스연결 표시가 없으니 좀 답답함감이 있습니다.불빛색깔로 알수는 있지만 잘 아보이는것도 아쉽습니다.",
    "Source": "쇼핑몰",
    "Domain": "가전",
    "MainCategory": "영상/음향가전",
    "ProductName": "Soundcore ANKER 인피니 정품",
    "ReviewScore": "4",
    "Syllable": "93",
    "Word": "18",
    "RDate": "20220704",
    "GeneralPolarity": "-1",
    "Aspects": [
      {
        "Aspect": "편의성",
        "SentimentText": "액정화면이 없으니까 그점이 불편해요",
        "SentimentWord": "4",
        "SentimentPolarity": "-1"
      },
      {
        "Aspect": "기능",
        "SentimentText": "볼륨소리가 얼마인지 알수없고 블루투스연결 표시가 없으니 좀 답답함감이 있습니다.",
        "SentimentWord": "9",
        "SentimentPolarity": "-1"
      }
    ]
  },
  {
    "Index": "15613",
    "RawText": "100W출력이라 정말 빵빵하게 잘나오네요~굿  음질은 흠.... 약간의 울림이 있어요 그건 좀 아쉽네요",
    "Source": "쇼핑몰",
    "Domain": "가전",
    "MainCategory": "영상/음향가전",
    "ProductName": "Soundcore ANKER 인피니 정품",
    "ReviewScore": "4",
    "Syllable": "57",
    "Word": "12",
    "RDate": "20211221",
    "Aspects": [
      {
        "Aspect": "기능",
        "SentimentText": " 100W출력이라 정말 빵빵하게 잘나오네요~굿 ",
        "SentimentWord": "4",
        "SentimentPolarity": "1"
      },
      {
        "Aspect": "음량/음질",
        "SentimentText": "음질은 흠.... 약간의 울림이 있어요 그건 좀 아쉽네요",
        "SentimentWord": "8",
        "SentimentPolarity": "-1"
      }
    ]
  },
  {
    "Index": "15614",
    "RawText": "리모컨도 잘되어 사용하기도 너무 편합니다 그리고 품질도 양호해서 만족합니다",
    "Source": "쇼핑몰",
    "Domain": "가전",
    "MainCategory": "영상/음향가전",
    "ProductName": "Soundcore ANKER 인피니 정품",
    "ReviewScore": "3",
    "Syllable": "41",
    "Word": "9",
    "RDate": "20220829",
    "Aspects": [
      {
        "Aspect": "편의성",
        "SentimentText": "리모컨도 잘되어 사용하기도 너무 편합니다",
        "SentimentWord": "5",
        "SentimentPolarity": "1"
      },
      {
        "Aspect": "품질",
        "SentimentText": "그리고 품질도 양호해서 만족합니다",
        "SentimentWord": "4",
        "SentimentPolarity": "1"
      }
    ]
  },
  {
    "Index": "15615",
    "RawText": "영화볼때 음악들을때 음량이 좋아서 삶의 질이 틀려지니 좋습니다.  블루투스연결이되서 편해서 좋아요 저희집 티비는 HDMI이랑 광케이블은 간섭이생겨 연결이 안되는 점이 아쉽습니다. ㅜㅜ",
    "Source": "쇼핑몰",
    "Domain": "가전",
    "MainCategory": "영상/음향가전",
    "ProductName": "Soundcore ANKER 인피니 정품",
    "ReviewScore": "5",
    "Syllable": "102",
    "Word": "21",
    "RDate": "20220611",
    "GeneralPolarity": "0",
    "Aspects": [
      {
        "Aspect": "음량/음질",
        "SentimentText": "영화볼때 음악들을때 음량이 좋아서 삶의 질이 틀려지니 좋습니다.  ",
        "SentimentWord": "8",
        "SentimentPolarity": "1"
      },
      {
        "Aspect": "편의성",
        "SentimentText": "블루투스연결이되서 편해서 좋아요 ",
        "SentimentWord": "3",
        "SentimentPolarity": "1"
      },
      {
        "Aspect": "기능",
        "SentimentText": "저희집 티비는 HDMI이랑 광케이블은 간섭이생겨 연결이 안되는 점이 아쉽습니다. ㅜㅜ",
        "SentimentWord": "10",
        "SentimentPolarity": "-1"
      }
    ]
  },
  {
    "Index": "15616",
    "RawText": "심플하고 모던한 디자인 굿이에요! 내장 우퍼라 사운드도 빵빵하고 좋아요 굿",
    "Source": "쇼핑몰",
    "Domain": "가전",
    "MainCategory": "영상/음향가전",
    "ProductName": "Soundcore ANKER 인피니 정품",
    "ReviewScore": "4",
    "Syllable": "41",
    "Word": "10",
    "RDate": "20191107",
    "Aspects": [
      {
        "Aspect": "디자인",
        "SentimentText": "심플하고 모던한 디자인 굿이에요! ",
        "SentimentWord": "4",
        "SentimentPolarity": "1"
      },
      {
        "Aspect": "음량/음질",
        "SentimentText": "내장 우퍼라 사운드도 빵빵하고 좋아요 굿",
        "SentimentWord": "6",
        "SentimentPolarity": "1"
      }
    ]
  },
  {
    "Index": "15617",
    "RawText": "사운드바 가격 대비 가성비가 좋아요 음량이 기존티비보다 활실히 좋아서 매우 만족합니다^^",
    "Source": "쇼핑몰",
    "Domain": "가전",
    "MainCategory": "영상/음향가전",
    "ProductName": "Soundcore ANKER 인피니 정품",
    "ReviewScore": "4",
    "Syllable": "49",
    "Word": "11",
    "RDate": "20220811",
    "GeneralPolarity": "1",
    "Aspects": [
      {
        "Aspect": "가격",
        "SentimentText": "사운드바 가격 대비 가성비가 좋아요",
        "SentimentWord": "5",
        "SentimentPolarity": "1"
      },
      {
        "Aspect": "음량/음질",
        "SentimentText": "음량이 기존티비보다 활실히 좋아서 매우 만족합니다^^",
        "SentimentWord": "6",
        "SentimentPolarity": "1"
      }
    ]
  },
  {
    "Index": "15618",
    "RawText": "가격이 착한점이 제일 마음에 들어요 근데 외관은 기존에 쓰던 것보다 안예뻐서 좀 아쉬워요 음질도 생각보다 좋지않은점 아쉽습니다.",
    "Source": "쇼핑몰",
    "Domain": "가전",
    "MainCategory": "영상/음향가전",
    "ProductName": "Soundcore ANKER 인피니 정품",
    "ReviewScore": "4",
    "Syllable": "71",
    "Word": "17",
    "RDate": "20211216",
    "GeneralPolarity": "-1",
    "Aspects": [
      {
        "Aspect": "가격",
        "SentimentText": "가격이 착한점이 제일 마음에 들어요",
        "SentimentWord": "5",
        "SentimentPolarity": "1"
      },
      {
        "Aspect": "디자인",
        "SentimentText": "근데 외관은 기존에 쓰던 것보다 안예뻐서 좀 아쉬워요",
        "SentimentWord": "8",
        "SentimentPolarity": "-1"
      },
      {
        "Aspect": "음량/음질",
        "SentimentText": "음질도 생각보다 좋지않은점 아쉽습니다.",
        "SentimentWord": "4",
        "SentimentPolarity": "-1"
      }
    ]
  },
  {
    "Index": "15619",
    "RawText": "품질은 역시 기대 이상이라 잘 구매한 것같아요. 음질이 빵빵해서 사운드바 추천합니다!!",
    "Source": "쇼핑몰",
    "Domain": "가전",
    "MainCategory": "영상/음향가전",
    "ProductName": "Soundcore ANKER 인피니 정품",
    "ReviewScore": "5",
    "Syllable": "48",
    "Word": "11",
    "RDate": "20190829",
    "GeneralPolarity": "1",
    "Aspects": [
      {
        "Aspect": "품질",
        "SentimentText": "품질은 역시 기대 이상이라 잘 구매한 것같아요.",
        "SentimentWord": "7",
        "SentimentPolarity": "1"
      },
      {
        "Aspect": "음량/음질",
        "SentimentText": "음질이 빵빵해서 사운드바 추천합니다!!",
        "SentimentWord": "4",
        "SentimentPolarity": "1"
      }
    ]
  },
  {
    "Index": "15620",
    "RawText": "2일만에 배송받아서 좋았어요 티비랑 연결은 쉬운점이 마음에 들었고요 그런데 음질은 기대만큼이 아니여서 실망했어요 가성비는 좋은 제품입니다^^",
    "Source": "쇼핑몰",
    "Domain": "가전",
    "MainCategory": "영상/음향가전",
    "ProductName": "Soundcore ANKER 인피니 정품",
    "ReviewScore": "4",
    "Syllable": "78",
    "Word": "16",
    "RDate": "20190823",
    "Aspects": [
      {
        "Aspect": "조작성",
        "SentimentText": "티비랑 연결은 쉬운점이 마음에 들었고요",
        "SentimentWord": "5",
        "SentimentPolarity": "1"
      },
      {
        "Aspect": "음량/음질",
        "SentimentText": "그런데 음질은 기대만큼이 아니여서 실망했어요",
        "SentimentWord": "5",
        "SentimentPolarity": "-1"
      },
      {
        "Aspect": "가격",
        "SentimentText": "가성비는 좋은 제품입니다^^",
        "SentimentWord": "3",
        "SentimentPolarity": "1"
      }
    ]
  },
  {
    "Index": "15621",
    "RawText": "광케이블로 사운드바 여러개 연결 가능해서 너무 좋아요. 가벼워서 그런지 고정이 안되고 잘 움직이네요ㅠㅠ",
    "Source": "쇼핑몰",
    "Domain": "가전",
    "MainCategory": "영상/음향가전",
    "ProductName": "Soundcore ANKER 인피니 정품",
    "ReviewScore": "5",
    "Syllable": "57",
    "Word": "13",
    "RDate": "20211108",
    "GeneralPolarity": "0",
    "Aspects": [
      {
        "Aspect": "조작성",
        "SentimentText": "광케이블로 사운드바 여러개 연결 가능해서 너무 좋아요.",
        "SentimentWord": "7",
        "SentimentPolarity": "1"
      },
      {
        "Aspect": "무게",
        "SentimentText": "가벼워서 그런지 고정이 안되고 잘 움직이네요ㅠㅠ",
        "SentimentWord": "6",
        "SentimentPolarity": "-1"
      }
    ]
  },
  {
    "Index": "15622",
    "RawText": "옵티컬 케이블로 연결 했는데 인식을 못하네요 휴 아쉽습니다. 블루투스는 연결은 잘되어 그나마 만족합니다.",
    "Source": "쇼핑몰",
    "Domain": "가전",
    "MainCategory": "영상/음향가전",
    "ProductName": "Soundcore ANKER 인피니 정품",
    "ReviewScore": "2",
    "Syllable": "58",
    "Word": "13",
    "RDate": "20200701",
    "GeneralPolarity": "0",
    "Aspects": [
      {
        "Aspect": "기능",
        "SentimentText": "옵티컬 케이블로 연결 했는데 인식을 못하네요 휴 아쉽습니다. ",
        "SentimentWord": "8",
        "SentimentPolarity": "-1"
      },
      {
        "Aspect": "조작성",
        "SentimentText": "블루투스는 연결은 잘되어 그나마 만족합니다.",
        "SentimentWord": "5",
        "SentimentPolarity": "1"
      }
    ]
  },
  {
    "Index": "15624",
    "RawText": "사용이 편해서 좋습니다. 음량도 커서 좋구요 캠핑장이나 영화감상때나 가성비 좋은 제품이예요^^",
    "Source": "쇼핑몰",
    "Domain": "가전",
    "MainCategory": "영상/음향가전",
    "ProductName": "Soundcore ANKER 인피니 정품",
    "ReviewScore": "5",
    "Syllable": "52",
    "Word": "11",
    "RDate": "20191030",
    "GeneralPolarity": "1",
    "Aspects": [
      {
        "Aspect": "편의성",
        "SentimentText": "사용이 편해서 좋습니다.",
        "SentimentWord": "3",
        "SentimentPolarity": "1"
      },
      {
        "Aspect": "음량/음질",
        "SentimentText": "음량도 커서 좋구요",
        "SentimentWord": "3",
        "SentimentPolarity": "1"
      },
      {
        "Aspect": "가격",
        "SentimentText": "캠핑장이나 영화감상때나 가성비 좋은 제품이예요^^",
        "SentimentWord": "5",
        "SentimentPolarity": "1"
      }
    ]
  },
  {
    "Index": "15625",
    "RawText": "우퍼없이도 음질이 매우 우수해서 좋아요 가성비도 최고에요!!!",
    "Source": "쇼핑몰",
    "Domain": "가전",
    "MainCategory": "영상/음향가전",
    "ProductName": "Soundcore ANKER 인피니 정품",
    "ReviewScore": "5",
    "Syllable": "34",
    "Word": "7",
    "RDate": "20210128",
    "Aspects": [
      {
        "Aspect": "음량/음질",
        "SentimentText": "우퍼없이도 음질이 매우 우수해서 좋아요",
        "SentimentWord": "5",
        "SentimentPolarity": "1"
      },
      {
        "Aspect": "가격",
        "SentimentText": " 가성비도 최고에요!!!",
        "SentimentWord": "2",
        "SentimentPolarity": "1"
      }
    ]
  },
  {
    "Index": "15626",
    "RawText": "가격대비 음질이 정말 좋은 제품이라 추천해요 디자인도 마음에 들어서 인테리어 분위기도 좋아져서 만족해요",
    "Source": "쇼핑몰",
    "Domain": "가전",
    "MainCategory": "영상/음향가전",
    "ProductName": "Soundcore ANKER 인피니 정품",
    "ReviewScore": "5",
    "Syllable": "57",
    "Word": "13",
    "RDate": "20220523",
    "GeneralPolarity": "1",
    "Aspects": [
      {
        "Aspect": "음량/음질",
        "SentimentText": "가격대비 음질이 정말 좋은 제품이라 추천해요",
        "SentimentWord": "6",
        "SentimentPolarity": "1"
      },
      {
        "Aspect": "디자인",
        "SentimentText": "디자인도 마음에 들어서 인테리어 분위기도 좋아져서 만족해요",
        "SentimentWord": "7",
        "SentimentPolarity": "1"
      }
    ]
  },
  {
    "Index": "15627",
    "RawText": "가성비가 매우 좋은 제품입니다.  음질도 광케이블로만해도 베이스 너무 좋은것이 대박이예요!",
    "Source": "쇼핑몰",
    "Domain": "가전",
    "MainCategory": "영상/음향가전",
    "ProductName": "Soundcore ANKER 인피니 정품",
    "ReviewScore": "5",
    "Syllable": "50",
    "Word": "10",
    "RDate": "20220824",
    "GeneralPolarity": "1",
    "Aspects": [
      {
        "Aspect": "가격",
        "SentimentText": "가성비가 매우 좋은 제품입니다. ",
        "SentimentWord": "4",
        "SentimentPolarity": "1"
      },
      {
        "Aspect": "음량/음질",
        "SentimentText": "음질도 광케이블로만해도 베이스 너무 좋은것이 대박이예요!",
        "SentimentWord": "6",
        "SentimentPolarity": "1"
      }
    ]
  },
  {
    "Index": "15628",
    "RawText": "성능이 너무 마음에 들어요 다만 블루투스 2대 멀티 연결이면 좋겠는데 그점이 아쉽습니다.",
    "Source": "쇼핑몰",
    "Domain": "가전",
    "MainCategory": "영상/음향가전",
    "ProductName": "Soundcore ANKER 인피니 정품",
    "ReviewScore": "5",
    "Syllable": "49",
    "Word": "12",
    "RDate": "20220524",
    "GeneralPolarity": "0",
    "Aspects": [
      {
        "Aspect": "기능",
        "SentimentText": "성능이 너무 마음에 들어요",
        "SentimentWord": "4",
        "SentimentPolarity": "1"
      },
      {
        "Aspect": "기능",
        "SentimentText": "다만 블루투스 2대 멀티 연결이면 좋겠는데 그점이 아쉽습니다.",
        "SentimentWord": "8",
        "SentimentPolarity": "-1"
      }
    ]
  },
  {
    "Index": "15629",
    "RawText": "음질이 생각보다 좀 떨어지는 느낌이고 발음전달이나 고음에서 찢어지는 느낌이 아쉽습니다. 또한 전원속도나 반응속도가 느린감이 있는점도 실망스러워요",
    "Source": "쇼핑몰",
    "Domain": "가전",
    "MainCategory": "영상/음향가전",
    "ProductName": "Soundcore ANKER 인피니 정품",
    "ReviewScore": "4",
    "Syllable": "80",
    "Word": "16",
    "RDate": "20220824",
    "GeneralPolarity": "-1",
    "Aspects": [
      {
        "Aspect": "음량/음질",
        "SentimentText": "음질이 생각보다 좀 떨어지는 느낌이고 발음전달이나 고음에서 찢어지는 느낌이 아쉽습니다.",
        "SentimentWord": "10",
        "SentimentPolarity": "-1"
      },
      {
        "Aspect": "시간/속도",
        "SentimentText": "또한 전원속도나 반응속도가 느린감이 있는점도 실망스러워요",
        "SentimentWord": "6",
        "SentimentPolarity": "-1"
      }
    ]
  },
  {
    "Index": "15632",
    "RawText": "설치가 쉬운점 매우 만족해요 저는 광케이블로 연결했고 블루투스도 연결 잘되어서 좋아요 음량도 크고 베이스쪽도 두드려져서 음악이나 영화볼때도 티비랑은 확실한 차이가 느껴져서 좋아요 투자대비 가성비 만점입니다 굿~ ",
    "Source": "쇼핑몰",
    "Domain": "가전",
    "MainCategory": "영상/음향가전",
    "ProductName": "Soundcore ANKER 인피니 정품",
    "ReviewScore": "5",
    "Syllable": "118",
    "Word": "26",
    "RDate": "20220719",
    "GeneralPolarity": "1",
    "Aspects": [
      {
        "Aspect": "조작성",
        "SentimentText": "설치가 쉬운점 매우 만족해요",
        "SentimentWord": "4",
        "SentimentPolarity": "1"
      },
      {
        "Aspect": "조작성",
        "SentimentText": "저는 광케이블로 연결했고 블루투스도 연결 잘되어서 좋아요",
        "SentimentWord": "7",
        "SentimentPolarity": "1"
      },
      {
        "Aspect": "음량/음질",
        "SentimentText": "음량도 크고 베이스쪽도 두드려져서 음악이나 영화볼때도 티비랑은 확실한 차이가 느껴져서 좋아요",
        "SentimentWord": "11",
        "SentimentPolarity": "1"
      },
      {
        "Aspect": "가격",
        "SentimentText": "투자대비 가성비 만점입니다 굿~",
        "SentimentWord": "4",
        "SentimentPolarity": "1"
      }
    ]
  },
  {
    "Index": "15633",
    "RawText": "음량도 커져서 좋아요 다양한 편의성이 늘어서 좋아요 여러가지 모드는 애매해서 불만족스러워요~ 리모컨은 중간중간 먹는 느낌이 들고 버튼의 감촉도 다른 제품의 품질보다 떨어지는 것같아서 아쉬워요 ",
    "Source": "쇼핑몰",
    "Domain": "가전",
    "MainCategory": "영상/음향가전",
    "ProductName": "Soundcore ANKER 인피니 정품",
    "ReviewScore": "3",
    "Syllable": "107",
    "Word": "24",
    "RDate": "20211211",
    "GeneralPolarity": "0",
    "Aspects": [
      {
        "Aspect": "음량/음질",
        "SentimentText": "음량도 커져서 좋아요",
        "SentimentWord": "3",
        "SentimentPolarity": "1"
      },
      {
        "Aspect": "편의성",
        "SentimentText": "다양한 편의성이 늘어서 좋아요 ",
        "SentimentWord": "4",
        "SentimentPolarity": "1"
      },
      {
        "Aspect": "기능",
        "SentimentText": "여러가지 모드는 애매해서 불만족스러워요~",
        "SentimentWord": "4",
        "SentimentPolarity": "-1"
      },
      {
        "Aspect": "품질",
        "SentimentText": "리모컨은 중간중간 먹는 느낌이 들고 버튼의 감촉도 다른 제품의 품질보다 떨어지는 것같아서 아쉬워요",
        "SentimentWord": "13",
        "SentimentPolarity": "-1"
      }
    ]
  },
  {
    "Index": "15634",
    "RawText": "가성비가 좋은 점은 최고예요  블루투스로 TV,핸드폰 연결되는 점이 매우 만족스러워요 음량도 넘 좋고 100W 빵빵합니다.",
    "Source": "쇼핑몰",
    "Domain": "가전",
    "MainCategory": "영상/음향가전",
    "ProductName": "Soundcore ANKER 인피니 정품",
    "ReviewScore": "4",
    "Syllable": "68",
    "Word": "15",
    "RDate": "20191107",
    "GeneralPolarity": "1",
    "Aspects": [
      {
        "Aspect": "가격",
        "SentimentText": "가성비가 좋은 점은 최고예요  ",
        "SentimentWord": "4",
        "SentimentPolarity": "1"
      },
      {
        "Aspect": "조작성",
        "SentimentText": "블루투스로 TV,핸드폰 연결되는 점이 매우 만족스러워요",
        "SentimentWord": "6",
        "SentimentPolarity": "1"
      },
      {
        "Aspect": "음량/음질",
        "SentimentText": "음량도 넘 좋고 100W 빵빵합니다.",
        "SentimentWord": "5",
        "SentimentPolarity": "1"
      }
    ]
  },
  {
    "Index": "15635",
    "RawText": "작은 소리로도 선명하게 들리는 점이 좋아요 이정도면 품질이 매우 만족스러운 제품입니다^^",
    "Source": "쇼핑몰",
    "Domain": "가전",
    "MainCategory": "영상/음향가전",
    "ProductName": "Soundcore ANKER 인피니 정품",
    "ReviewScore": "5",
    "Syllable": "49",
    "Word": "11",
    "RDate": "20200130",
    "GeneralPolarity": "1",
    "Aspects": [
      {
        "Aspect": "음량/음질",
        "SentimentText": "작은 소리로도 선명하게 들리는 점이 좋아요 ",
        "SentimentWord": "6",
        "SentimentPolarity": "1"
      },
      {
        "Aspect": "품질",
        "SentimentText": "이정도면 품질이 매우 만족스러운 제품입니다^^",
        "SentimentWord": "5",
        "SentimentPolarity": "1"
      }
    ]
  },
  {
    "Index": "15636",
    "RawText": "전원램프가 밝기가 어두워서 분간하기 어렵고 볼륨도 표시가 되지 않아서 상당히 불편합니다. ㅜ 사운드도 명확하지 않고 베이스도 퍼지게 나오고 참 아쉽습니다. ",
    "Source": "쇼핑몰",
    "Domain": "가전",
    "MainCategory": "영상/음향가전",
    "ProductName": "Soundcore ANKER 인피니 정품",
    "ReviewScore": "3",
    "Syllable": "87",
    "Word": "20",
    "RDate": "20201010",
    "GeneralPolarity": "-1",
    "Aspects": [
      {
        "Aspect": "편의성",
        "SentimentText": "전원램프가 밝기가 어두워서 분간하기 어렵고 볼륨도 표시가 되지 않아서 상당히 불편합니다. ㅜ ",
        "SentimentWord": "12",
        "SentimentPolarity": "-1"
      },
      {
        "Aspect": "음량/음질",
        "SentimentText": "사운드도 명확하지 않고 베이스도 퍼지게 나오고 참 아쉽습니다.",
        "SentimentWord": "8",
        "SentimentPolarity": "-1"
      }
    ]
  },
  {
    "Index": "15637",
    "RawText": "좋은 음량 덕분에 공간감이 살아나서 좋아요!  그런데 색상은 마음에 들지 않는점이 아쉬워요 ㅜㅜ",
    "Source": "쇼핑몰",
    "Domain": "가전",
    "MainCategory": "영상/음향가전",
    "ProductName": "Soundcore ANKER 인피니 정품",
    "ReviewScore": "4",
    "Syllable": "53",
    "Word": "13",
    "RDate": "20190731",
    "GeneralPolarity": "0",
    "Aspects": [
      {
        "Aspect": "음량/음질",
        "SentimentText": "좋은 음량 덕분에 공간감이 살아나서 좋아요! ",
        "SentimentWord": "6",
        "SentimentPolarity": "1"
      },
      {
        "Aspect": "색상",
        "SentimentText": "그런데 색상은 마음에 들지 않는점이 아쉬워요 ㅜㅜ",
        "SentimentWord": "7",
        "SentimentPolarity": "-1"
      }
    ]
  },
  {
    "Index": "15638",
    "RawText": "고음 괜찮은데 저음이 약해서 아쉽네요. 소스모드 변환시 여러 불빛으로 바뀌어야 하는데 파랑색 불빛만 나와서 불만이네요.",
    "Source": "쇼핑몰",
    "Domain": "가전",
    "MainCategory": "영상/음향가전",
    "ProductName": "Soundcore ANKER 인피니 정품",
    "ReviewScore": "4",
    "Syllable": "66",
    "Word": "15",
    "RDate": "20220702",
    "Aspects": [
      {
        "Aspect": "음량/음질",
        "SentimentText": "고음 괜찮은데 저음이 약해서 아쉽네요.",
        "SentimentWord": "5",
        "SentimentPolarity": "0"
      },
      {
        "Aspect": "기능",
        "SentimentText": "소스모드 변환시 여러 불빛으로 바뀌어야 하는데 파랑색 불빛만 나와서 불만이네요.",
        "SentimentWord": "10",
        "SentimentPolarity": "-1"
      }
    ]
  },
  {
    "Index": "15639",
    "RawText": "저음질 출력이 의미없을 정도로 음질에 실망감이 들어요 고음질은 전혀지원하지 않는점이 아쉽고요 arc도 지원안해서 리모컨 따로써야하고 볼륨도 1씩 너무 크게 올라가니까 개인적으로는 비추합니다 ㅜㅜ",
    "Source": "쇼핑몰",
    "Domain": "가전",
    "MainCategory": "영상/음향가전",
    "ProductName": "Soundcore ANKER 인피니 정품",
    "ReviewScore": "1",
    "Syllable": "108",
    "Word": "23",
    "RDate": "20220610",
    "GeneralPolarity": "-1",
    "Aspects": [
      {
        "Aspect": "음량/음질",
        "SentimentText": "저음질 출력이 의미없을 정도로 음질에 실망감이 들어요",
        "SentimentWord": "7",
        "SentimentPolarity": "-1"
      },
      {
        "Aspect": "기능",
        "SentimentText": "고음질은 전혀지원하지 않는점이 아쉽고요",
        "SentimentWord": "4",
        "SentimentPolarity": "-1"
      },
      {
        "Aspect": "기능",
        "SentimentText": "arc도 지원안해서 리모컨 따로써야하고 볼륨도 1씩 너무 크게 올라가니까 개인적으로는 비추합니다 ㅜㅜ",
        "SentimentWord": "12",
        "SentimentPolarity": "-1"
      }
    ]
  },
  {
    "Index": "15640",
    "RawText": "연결이 불안정한 부분이 아쉬워요 연결되어서도 음량이 너무 커서 불만족스러워요 ㅜㅜ",
    "Source": "쇼핑몰",
    "Domain": "가전",
    "MainCategory": "영상/음향가전",
    "ProductName": "Soundcore ANKER 인피니 정품",
    "ReviewScore": "3",
    "Syllable": "45",
    "Word": "10",
    "RDate": "20220310",
    "GeneralPolarity": "-1",
    "Aspects": [
      {
        "Aspect": "기능",
        "SentimentText": "연결이 불안정한 부분이 아쉬워요",
        "SentimentWord": "4",
        "SentimentPolarity": "-1"
      },
      {
        "Aspect": "음량/음질",
        "SentimentText": "연결되어서도 음량이 너무 커서 불만족스러워요 ㅜㅜ",
        "SentimentWord": "6",
        "SentimentPolarity": "-1"
      }
    ]
  },
  {
    "Index": "15641",
    "RawText": "가성비는 좋아서 만족해요 음질도 선명하니 괜찮습니다.",
    "Source": "쇼핑몰",
    "Domain": "가전",
    "MainCategory": "영상/음향가전",
    "ProductName": "Soundcore ANKER 인피니 정품",
    "ReviewScore": "4",
    "Syllable": "29",
    "Word": "6",
    "RDate": "20190711",
    "GeneralPolarity": "0",
    "Aspects": [
      {
        "Aspect": "가격",
        "SentimentText": "가성비는 좋아서 만족해요",
        "SentimentWord": "3",
        "SentimentPolarity": "1"
      },
      {
        "Aspect": "음량/음질",
        "SentimentText": "음질도 선명하니 괜찮습니다.",
        "SentimentWord": "3",
        "SentimentPolarity": "1"
      }
    ]
  },
  {
    "Index": "15643",
    "RawText": "제기준에는 소리가 짱짱하니 좋아요 생각보다 크기가 커서 별로예요!!  리모콘으로 음량조절 가능해서 더욱 만족해요",
    "Source": "쇼핑몰",
    "Domain": "가전",
    "MainCategory": "영상/음향가전",
    "ProductName": "Soundcore ANKER 인피니 정품",
    "ReviewScore": "5",
    "Syllable": "62",
    "Word": "13",
    "RDate": "20211210",
    "GeneralPolarity": "0",
    "Aspects": [
      {
        "Aspect": "음량/음질",
        "SentimentText": "제기준에는 소리가 짱짱하니 좋아요",
        "SentimentWord": "4",
        "SentimentPolarity": "1"
      },
      {
        "Aspect": "사이즈",
        "SentimentText": "생각보다 크기가 커서 별로예요!! ",
        "SentimentWord": "4",
        "SentimentPolarity": "-1"
      },
      {
        "Aspect": "조작성",
        "SentimentText": "리모콘으로 음량조절 가능해서 더욱 만족해요",
        "SentimentWord": "5",
        "SentimentPolarity": "1"
      }
    ]
  },
  {
    "Index": "15644",
    "RawText": "제품 받았을때 오른쪽 상부가 찌그러짐 있어서 아쉬웠습니다. 검수에 신경써주시길.... 소리는 또렷해서 좋습니다.",
    "Source": "쇼핑몰",
    "Domain": "가전",
    "MainCategory": "영상/음향가전",
    "ProductName": "Soundcore ANKER 인피니 정품",
    "ReviewScore": "4",
    "Syllable": "62",
    "Word": "12",
    "RDate": "20220812",
    "GeneralPolarity": "0",
    "Aspects": [
      {
        "Aspect": "품질",
        "SentimentText": "제품 받았을때 오른쪽 상부가 찌그러짐 있어서 아쉬웠습니다. 검수에 신경써주시길.... ",
        "SentimentWord": "9",
        "SentimentPolarity": "-1"
      },
      {
        "Aspect": "음량/음질",
        "SentimentText": "소리는 또렷해서 좋습니다.",
        "SentimentWord": "3",
        "SentimentPolarity": "1"
      }
    ]
  },
  {
    "Index": "15645",
    "RawText": "음질이 빵빵하고 좋아서 만족해요 그리고 설치도 다양하게 할 수있어서 좋습니다.",
    "Source": "쇼핑몰",
    "Domain": "가전",
    "MainCategory": "영상/음향가전",
    "ProductName": "Soundcore ANKER 인피니 정품",
    "ReviewScore": "4",
    "Syllable": "43",
    "Word": "10",
    "RDate": "20211103",
    "GeneralPolarity": "1",
    "Aspects": [
      {
        "Aspect": "음량/음질",
        "SentimentText": "음질이 빵빵하고 좋아서 만족해요",
        "SentimentWord": "4",
        "SentimentPolarity": "1"
      },
      {
        "Aspect": "조작성",
        "SentimentText": "그리고 설치도 다양하게 할 수있어서 좋습니다.",
        "SentimentWord": "6",
        "SentimentPolarity": "1"
      }
    ]
  },
  {
    "Index": "15646",
    "RawText": "티비가 구형이라 연결이 안되네요 아쉬워요 ㅜㅜ 핸드폰 연결해서 노래 들어보니 사운드가 너무 좋아서 만족해요^^",
    "Source": "쇼핑몰",
    "Domain": "가전",
    "MainCategory": "영상/음향가전",
    "ProductName": "Soundcore ANKER 인피니 정품",
    "ReviewScore": "5",
    "Syllable": "61",
    "Word": "14",
    "RDate": "20220228",
    "GeneralPolarity": "0",
    "Aspects": [
      {
        "Aspect": "기능",
        "SentimentText": "티비가 구형이라 연결이 안되네요 아쉬워요 ㅜㅜ",
        "SentimentWord": "6",
        "SentimentPolarity": "-1"
      },
      {
        "Aspect": "음량/음질",
        "SentimentText": "핸드폰 연결해서 노래 들어보니 사운드가 너무 좋아서 만족해요^^",
        "SentimentWord": "8",
        "SentimentPolarity": "1"
      }
    ]
  },
  {
    "Index": "15647",
    "RawText": "모드. 저음 up 등의 탁월한 성능을 가진 사운드바라 만족~  티비나 음악과 영화도 사운드가 짱짱하니 좋아요^^",
    "Source": "쇼핑몰",
    "Domain": "가전",
    "MainCategory": "영상/음향가전",
    "ProductName": "Soundcore ANKER 인피니 정품",
    "ReviewScore": "5",
    "Syllable": "62",
    "Word": "15",
    "RDate": "20200618",
    "Aspects": [
      {
        "Aspect": "기능",
        "SentimentText": "모드. 저음 up 등의 탁월한 성능을 가진 사운드바라 만족~",
        "SentimentWord": "9",
        "SentimentPolarity": "1"
      },
      {
        "Aspect": "음량/음질",
        "SentimentText": "티비나 음악과 영화도 사운드가 짱짱하니 좋아요^^",
        "SentimentWord": "6",
        "SentimentPolarity": "1"
      }
    ]
  },
  {
    "Index": "15648",
    "RawText": "품질이 아주좋네요^^ 티비볼륨 올리지 않아도 되고 음량이 빵빵해서 좋아요",
    "Source": "쇼핑몰",
    "Domain": "가전",
    "MainCategory": "영상/음향가전",
    "ProductName": "Soundcore ANKER 인피니 정품",
    "ReviewScore": "5",
    "Syllable": "40",
    "Word": "9",
    "RDate": "20190823",
    "GeneralPolarity": "1",
    "Aspects": [
      {
        "Aspect": "품질",
        "SentimentText": "품질이 아주좋네요^^",
        "SentimentWord": "2",
        "SentimentPolarity": "1"
      },
      {
        "Aspect": "음량/음질",
        "SentimentText": "티비볼륨 올리지 않아도 되고 음량이 빵빵해서 좋아요",
        "SentimentWord": "7",
        "SentimentPolarity": "1"
      }
    ]
  },
  {
    "Index": "15649",
    "RawText": "가성비가 아주 좋은 제품이예요^^블루투스로 스마트폰 연결에서 음악으니까 좋습니다",
    "Source": "쇼핑몰",
    "Domain": "가전",
    "MainCategory": "영상/음향가전",
    "ProductName": "Soundcore ANKER 인피니 정품",
    "ReviewScore": "5",
    "Syllable": "44",
    "Word": "8",
    "RDate": "20190810",
    "GeneralPolarity": "1",
    "Aspects": [
      {
        "Aspect": "가격",
        "SentimentText": "가성비가 아주 좋은 제품이예요^^",
        "SentimentWord": "4",
        "SentimentPolarity": "1"
      },
      {
        "Aspect": "조작성",
        "SentimentText": "블루투스로 스마트폰 연결에서 음악으니까 좋습니다",
        "SentimentWord": "5",
        "SentimentPolarity": "1"
      }
    ]
  },
  {
    "Index": "15650",
    "RawText": "출력이 짱짱하니 좋아요 그리고 인테리어로도 괜찮으니 만족합니다. 그런데 연결할때 디바이스에 따라 방법이 조금 어려운점이 단점이예요",
    "Source": "쇼핑몰",
    "Domain": "가전",
    "MainCategory": "영상/음향가전",
    "ProductName": "Soundcore ANKER 인피니 정품",
    "ReviewScore": "4",
    "Syllable": "72",
    "Word": "15",
    "RDate": "20220223",
    "GeneralPolarity": "0",
    "Aspects": [
      {
        "Aspect": "음량/음질",
        "SentimentText": "출력이 짱짱하니 좋아요",
        "SentimentWord": "3",
        "SentimentPolarity": "1"
      },
      {
        "Aspect": "디자인",
        "SentimentText": "그리고 인테리어로도 괜찮으니 만족합니다",
        "SentimentWord": "4",
        "SentimentPolarity": "1"
      },
      {
        "Aspect": "조작성",
        "SentimentText": "그런데 연결할때 디바이스에 따라 방법이 조금 어려운점이 단점이예요 ",
        "SentimentWord": "8",
        "SentimentPolarity": "-1"
      }
    ]
  },
  {
    "Index": "15651",
    "RawText": "지인 선물로 드렸는데 너무나 좋아하시네요~ 음질도 빵빵하니 만족하고 광케이블 연결도 쉽다고 너무나도 좋아하시네요. 제가 쓸려고 추가 구매요ㅋ",
    "Source": "쇼핑몰",
    "Domain": "가전",
    "MainCategory": "영상/음향가전",
    "ProductName": "Soundcore ANKER 인피니 정품",
    "ReviewScore": "5",
    "Syllable": "78",
    "Word": "17",
    "RDate": "20220313",
    "GeneralPolarity": "1",
    "Aspects": [
      {
        "Aspect": "음량/음질",
        "SentimentText": "음질도 빵빵하니 만족하고",
        "SentimentWord": "3",
        "SentimentPolarity": "1"
      },
      {
        "Aspect": "조작성",
        "SentimentText": "광케이블 연결도 쉽다고 너무나도 좋아하시네요",
        "SentimentWord": "5",
        "SentimentPolarity": "1"
      }
    ]
  },
  {
    "Index": "15654",
    "RawText": "배송지연으로 상품이 늦게 도착해서 아쉽네요, 설치는 초간단해서 쉽고 사운드의 음향도 매우 좋아요. 역시 TV와 핸드폰 연동해서 들으니 정말 좋습니다.",
    "Source": "쇼핑몰",
    "Domain": "가전",
    "MainCategory": "영상/음향가전",
    "ProductName": "Soundcore ANKER 인피니 정품",
    "ReviewScore": "4",
    "Syllable": "83",
    "Word": "19",
    "RDate": "20211013",
    "GeneralPolarity": "1",
    "Aspects": [
      {
        "Aspect": "조작성",
        "SentimentText": "설치는 초간단해서 쉽고",
        "SentimentWord": "3",
        "SentimentPolarity": "1"
      },
      {
        "Aspect": "음량/음질",
        "SentimentText": "사운드의 음향도 매우 좋아요",
        "SentimentWord": "4",
        "SentimentPolarity": "1"
      },
      {
        "Aspect": "기능",
        "SentimentText": "TV와 핸드폰 연동해서 들으니 정말 좋습니다",
        "SentimentWord": "6",
        "SentimentPolarity": "1"
      }
    ]
  },
  {
    "Index": "15655",
    "RawText": "티비 구입하면서 사운드바도 구입. 광케이블로 연결하니 간편해서  좋은데 리모컨 조작이 복잡해서 어렵네요. 블루투스로 쉽게 연결되서 편하고 가격대비 성능이 훌륭해서 만족스럽네요.",
    "Source": "쇼핑몰",
    "Domain": "가전",
    "MainCategory": "영상/음향가전",
    "ProductName": "Soundcore ANKER 인피니 정품",
    "ReviewScore": "4",
    "Syllable": "98",
    "Word": "20",
    "RDate": "20220605",
    "Aspects": [
      {
        "Aspect": "조작성",
        "SentimentText": "광케이블로 연결하니 간편해서  좋은데",
        "SentimentWord": "4",
        "SentimentPolarity": "1"
      },
      {
        "Aspect": "조작성",
        "SentimentText": "리모컨 조작이 복잡해서 어렵네요.",
        "SentimentWord": "4",
        "SentimentPolarity": "-1"
      },
      {
        "Aspect": "편의성",
        "SentimentText": "블루투스로 쉽게 연결되서 편하고 ",
        "SentimentWord": "4",
        "SentimentPolarity": "1"
      },
      {
        "Aspect": "기능",
        "SentimentText": "가격대비 성능이 훌륭해서 만족스럽네요.",
        "SentimentWord": "4",
        "SentimentPolarity": "1"
      }
    ]
  },
  {
    "Index": "15656",
    "RawText": "티비와 연결하니 소리가 장난 아니게 너무 좋습니다. 거기에 가성비까지 최고네요!",
    "Source": "쇼핑몰",
    "Domain": "가전",
    "MainCategory": "영상/음향가전",
    "ProductName": "Soundcore ANKER 인피니 정품",
    "ReviewScore": "5",
    "Syllable": "44",
    "Word": "10",
    "RDate": "20201122",
    "GeneralPolarity": "1",
    "Aspects": [
      {
        "Aspect": "음량/음질",
        "SentimentText": "소리가 장난 아니게 너무 좋습니다.",
        "SentimentWord": "5",
        "SentimentPolarity": "1"
      },
      {
        "Aspect": "가격",
        "SentimentText": "가성비까지 최고네요!",
        "SentimentWord": "2",
        "SentimentPolarity": "1"
      }
    ]
  },
  {
    "Index": "15657",
    "RawText": "기존에 쓰던 스피커 소리가 작아 할인행사 할때 저렴하게 구입했어요^^ 소리도 맑고 잘나와서 마음에 드네요. 셋톱박스랑 연결하느라 어렵고 많이 힘들었어요.",
    "Source": "쇼핑몰",
    "Domain": "가전",
    "MainCategory": "영상/음향가전",
    "ProductName": "Soundcore ANKER 인피니 정품",
    "ReviewScore": "5",
    "Syllable": "85",
    "Word": "19",
    "RDate": "20220525",
    "GeneralPolarity": "0",
    "Aspects": [
      {
        "Aspect": "가격",
        "SentimentText": "할인행사 할때 저렴하게 구입했어요^^",
        "SentimentWord": "4",
        "SentimentPolarity": "1"
      },
      {
        "Aspect": "음량/음질",
        "SentimentText": "소리도 맑고 잘나와서 마음에 드네요",
        "SentimentWord": "5",
        "SentimentPolarity": "1"
      },
      {
        "Aspect": "조작성",
        "SentimentText": "셋톱박스랑 연결하느라 어렵고 많이 힘들었어요",
        "SentimentWord": "5",
        "SentimentPolarity": "-1"
      }
    ]
  },
  {
    "Index": "15658",
    "RawText": "티비에 광케이블로 연결하니 리모컨을 두개를 써야하는 불편함이 있어요 ㅜ 티비에 연결했더니 티비따로 사운드 따로ㅠㅠ 원래 이런건가요? 품질이 의심스럽습니다.",
    "Source": "쇼핑몰",
    "Domain": "가전",
    "MainCategory": "영상/음향가전",
    "ProductName": "Soundcore ANKER 인피니 정품",
    "ReviewScore": "5",
    "Syllable": "86",
    "Word": "18",
    "RDate": "20220221",
    "GeneralPolarity": "-1",
    "Aspects": [
      {
        "Aspect": "조작성",
        "SentimentText": "티비에 광케이블로 연결하니 리모컨을 두개를 써야하는 불편함이 있어요 ㅜ",
        "SentimentWord": "9",
        "SentimentPolarity": "-1"
      },
      {
        "Aspect": "품질",
        "SentimentText": "티비에 연결했더니 티비따로 사운드 따로ㅠㅠ 원래 이런건가요? 품질이 의심스럽습니다.",
        "SentimentWord": "9",
        "SentimentPolarity": "-1"
      }
    ]
  },
  {
    "Index": "15659",
    "RawText": "딜을 놓쳐서 비싸게 주고산게 아쉬워요 그렇지만 제품의 품질은 좋습니다. 그런데 리모컨의 반응이 좀느린것같아서 아쉬워요 반면에 소리는 확실히 선명하고 좋네요  사은품 제공없이 좀 더 저렴한 가격으로 출시했으면 하는 아쉬움이 남네요!!",
    "Source": "쇼핑몰",
    "Domain": "가전",
    "MainCategory": "영상/음향가전",
    "ProductName": "Soundcore ANKER 인피니 정품",
    "ReviewScore": "5",
    "Syllable": "129",
    "Word": "29",
    "RDate": "20190622",
    "GeneralPolarity": "0",
    "Aspects": [
      {
        "Aspect": "가격",
        "SentimentText": "딜을 놓쳐서 비싸게 주고산게 아쉬워요",
        "SentimentWord": "5",
        "SentimentPolarity": "-1"
      },
      {
        "Aspect": "품질",
        "SentimentText": "그렇지만 제품의 품질은 좋습니다. ",
        "SentimentWord": "4",
        "SentimentPolarity": "1"
      },
      {
        "Aspect": "시간/속도",
        "SentimentText": "그런데 리모컨의 반응이 좀느린것같아서 아쉬워요",
        "SentimentWord": "5",
        "SentimentPolarity": "-1"
      },
      {
        "Aspect": "음량/음질",
        "SentimentText": "반면에 소리는 확실히 선명하고 좋네요 ",
        "SentimentWord": "5",
        "SentimentPolarity": "1"
      },
      {
        "Aspect": "가격",
        "SentimentText": "사은품 제공없이 좀 더 저렴한 가격으로 출시했으면 하는 아쉬움이 남네요!!",
        "SentimentWord": "10",
        "SentimentPolarity": "-1"
      }
    ]
  },
  {
    "Index": "15660",
    "RawText": "핸드폰의 와이파이는 연결이 잘 되어 좋아요 가격대비 음질이 좋은점이 만족스러워요~",
    "Source": "쇼핑몰",
    "Domain": "가전",
    "MainCategory": "영상/음향가전",
    "ProductName": "Soundcore ANKER 인피니 정품",
    "ReviewScore": "5",
    "Syllable": "45",
    "Word": "10",
    "RDate": "20211208",
    "GeneralPolarity": "1",
    "Aspects": [
      {
        "Aspect": "조작성",
        "SentimentText": "핸드폰의 와이파이는 연결이 잘 되어 좋아요 ",
        "SentimentWord": "6",
        "SentimentPolarity": "1"
      },
      {
        "Aspect": "음량/음질",
        "SentimentText": "가격대비 음질이 좋은점이 만족스러워요~",
        "SentimentWord": "4",
        "SentimentPolarity": "1"
      }
    ]
  },
  {
    "Index": "15661",
    "RawText": "저렴한 가격이라 만족해요  적당한 퀄리티라 좋구요^^이가격에 성능이 좋은건 후회없는 선택으로 잘 구매한듯해요",
    "Source": "쇼핑몰",
    "Domain": "가전",
    "MainCategory": "영상/음향가전",
    "ProductName": "Soundcore ANKER 인피니 정품",
    "ReviewScore": "5",
    "Syllable": "60",
    "Word": "12",
    "RDate": "20220704",
    "GeneralPolarity": "1",
    "Aspects": [
      {
        "Aspect": "가격",
        "SentimentText": "저렴한 가격이라 만족해요",
        "SentimentWord": "3",
        "SentimentPolarity": "1"
      },
      {
        "Aspect": "품질",
        "SentimentText": "적당한 퀄리티라 좋구요^^",
        "SentimentWord": "3",
        "SentimentPolarity": "1"
      },
      {
        "Aspect": "기능",
        "SentimentText": "이가격에 성능이 좋은건 후회없는 선택으로 잘 구매한듯해요",
        "SentimentWord": "7",
        "SentimentPolarity": "1"
      }
    ]
  },
  {
    "Index": "15662",
    "RawText": "가격대비 가성비 대박  블루투스로 연결한 음질이 최고예요^^",
    "Source": "쇼핑몰",
    "Domain": "가전",
    "MainCategory": "영상/음향가전",
    "ProductName": "Soundcore ANKER 인피니 정품",
    "ReviewScore": "5",
    "Syllable": "33",
    "Word": "7",
    "RDate": "20190710",
    "GeneralPolarity": "1",
    "Aspects": [
      {
        "Aspect": "가격",
        "SentimentText": "가격대비 가성비 대박",
        "SentimentWord": "3",
        "SentimentPolarity": "1"
      },
      {
        "Aspect": "음량/음질",
        "SentimentText": "블루투스로 연결한 음질이 최고예요^^ ",
        "SentimentWord": "4",
        "SentimentPolarity": "1"
      }
    ]
  },
  {
    "Index": "15663",
    "RawText": "홈시어터정도 음질을 바라면 안되지만 생각보다 음질이 떨어져 아쉬워요, TV 기본 스피커보다는 음질이 훨씬 좋아서 다행입니다. 가격대비 가성비 좋아요 굿~",
    "Source": "쇼핑몰",
    "Domain": "가전",
    "MainCategory": "영상/음향가전",
    "ProductName": "Soundcore ANKER 인피니 정품",
    "ReviewScore": "5",
    "Syllable": "85",
    "Word": "19",
    "RDate": "20210916",
    "GeneralPolarity": "0",
    "Aspects": [
      {
        "Aspect": "음량/음질",
        "SentimentText": "홈시어터정도 음질을 바라면 안되지만 생각보다 음질이 떨어져 아쉬워요,",
        "SentimentWord": "8",
        "SentimentPolarity": "-1"
      },
      {
        "Aspect": "음량/음질",
        "SentimentText": "TV 기본 스피커보다는 음질이 훨씬 좋아서 다행입니다.",
        "SentimentWord": "7",
        "SentimentPolarity": "1"
      },
      {
        "Aspect": "가격",
        "SentimentText": "가격대비 가성비 좋아요 굿~",
        "SentimentWord": "4",
        "SentimentPolarity": "1"
      }
    ]
  },
  {
    "Index": "15664",
    "RawText": "tv와 직접연결은 안되고 블루투스로 연결이 잘되어요~ 소리는 좀 큰것같아서 별로인데 웅장한 느낌은 아니예요 가성비는 좋은 제품같아요^^ 영화볼때 음량이 좋으니까 볼륨 높여 보면 좋아요",
    "Source": "쇼핑몰",
    "Domain": "가전",
    "MainCategory": "영상/음향가전",
    "ProductName": "TUANTI S7020 해외구매",
    "ReviewScore": "4",
    "Syllable": "102",
    "Word": "23",
    "RDate": "20210817",
    "GeneralPolarity": "1",
    "Aspects": [
      {
        "Aspect": "조작성",
        "SentimentText": "tv와 직접연결은 안되고 블루투스로 연결이 잘되어요~",
        "SentimentWord": "6",
        "SentimentPolarity": "1"
      },
      {
        "Aspect": "음량/음질",
        "SentimentText": "소리는 좀 큰것같아서 별로인데 웅장한 느낌은 아니예요 ",
        "SentimentWord": "7",
        "SentimentPolarity": "-1"
      },
      {
        "Aspect": "가격",
        "SentimentText": "가성비는 좋은 제품같아요^^",
        "SentimentWord": "3",
        "SentimentPolarity": "1"
      },
      {
        "Aspect": "음량/음질",
        "SentimentText": "영화볼때 음량이 좋으니까 볼륨 높여 보면 좋아요",
        "SentimentWord": "7",
        "SentimentPolarity": "1"
      }
    ]
  },
  {
    "Index": "15665",
    "RawText": "가성비 좋아서 매우 만족합니다. 광케이블이 되는 티비라 연결하니까 좋아요 티비보다 소리를 선명하게 해주니 알아듣기 좋아서 만족해요",
    "Source": "쇼핑몰",
    "Domain": "가전",
    "MainCategory": "영상/음향가전",
    "ProductName": "TUANTI S7020 해외구매",
    "ReviewScore": "5",
    "Syllable": "72",
    "Word": "16",
    "RDate": "20210904",
    "GeneralPolarity": "1",
    "Aspects": [
      {
        "Aspect": "가격",
        "SentimentText": "가성비 좋아서 매우 만족합니다. ",
        "SentimentWord": "4",
        "SentimentPolarity": "1"
      },
      {
        "Aspect": "조작성",
        "SentimentText": "광케이블이 되는 티비라 연결하니까 좋아요 ",
        "SentimentWord": "5",
        "SentimentPolarity": "1"
      },
      {
        "Aspect": "음량/음질",
        "SentimentText": "티비보다 소리를 선명하게 해주니 알아듣기 좋아서 만족해요",
        "SentimentWord": "7",
        "SentimentPolarity": "1"
      }
    ]
  },
  {
    "Index": "15666",
    "RawText": "저렴한만큼 품질도 저렴하네요 ㅜ 실망입니다. 그리고 소리는 큰데 전체적인 사운드의 밸런스가 별로라 만족하지 못해요 ㅜㅜ",
    "Source": "쇼핑몰",
    "Domain": "가전",
    "MainCategory": "영상/음향가전",
    "ProductName": "TUANTI S7020 해외구매",
    "ReviewScore": "5",
    "Syllable": "66",
    "Word": "15",
    "RDate": "20210907",
    "GeneralPolarity": "-1",
    "Aspects": [
      {
        "Aspect": "품질",
        "SentimentText": "저렴한만큼 품질도 저렴하네요 ㅜ 실망입니다.",
        "SentimentWord": "5",
        "SentimentPolarity": "-1"
      },
      {
        "Aspect": "음량/음질",
        "SentimentText": "그리고 소리는 큰데 전체적인 사운드의 밸런스가 별로라 만족하지 못해요 ㅜㅜ",
        "SentimentWord": "10",
        "SentimentPolarity": "-1"
      }
    ]
  },
  {
    "Index": "15667",
    "RawText": "가격대비 품질 매우 만족해요 영화보거나 음악들을때 음질이 좋아서 부족함없이 좋아요 굿^^",
    "Source": "쇼핑몰",
    "Domain": "가전",
    "MainCategory": "영상/음향가전",
    "ProductName": "TUANTI S7020 해외구매",
    "ReviewScore": "5",
    "Syllable": "49",
    "Word": "11",
    "RDate": "20210409",
    "GeneralPolarity": "1",
    "Aspects": [
      {
        "Aspect": "품질",
        "SentimentText": "가격대비 품질 매우 만족해요",
        "SentimentWord": "4",
        "SentimentPolarity": "1"
      },
      {
        "Aspect": "음량/음질",
        "SentimentText": "영화보거나 음악들을때 음질이 좋아서 부족함없이 좋아요 굿^^",
        "SentimentWord": "7",
        "SentimentPolarity": "1"
      }
    ]
  },
  {
    "Index": "15669",
    "RawText": "배송 빨리 받고싶었는데 빠르게 받아서 만족해요 핸드폰 블루투스 인식 잘되어서 연결이 쉬워서 좋아요 ㅎㅎ 가성비 좋은 제품으로 추천합니다.",
    "Source": "쇼핑몰",
    "Domain": "가전",
    "MainCategory": "영상/음향가전",
    "ProductName": "TUANTI S7020 해외구매",
    "ReviewScore": "5",
    "Syllable": "76",
    "Word": "18",
    "RDate": "20220618",
    "Aspects": [
      {
        "Aspect": "조작성",
        "SentimentText": "핸드폰 블루투스 인식 잘되어서 연결이 쉬워서 좋아요 ㅎㅎ",
        "SentimentWord": "8",
        "SentimentPolarity": "1"
      },
      {
        "Aspect": "가격",
        "SentimentText": "가성비 좋은 제품으로 추천합니다.",
        "SentimentWord": "4",
        "SentimentPolarity": "1"
      }
    ]
  },
  {
    "Index": "15670",
    "RawText": "총알배송이라 좋아요 하루만에 받았거든요^^ 소리도 좋아요 선명하니까~ 사용설명서도 보기 쉬워서 설치도 빠르게 잘할수 있었어요 가격대비 만족합니다. 가성비 좋아요~",
    "Source": "쇼핑몰",
    "Domain": "가전",
    "MainCategory": "영상/음향가전",
    "ProductName": "TUANTI S7020 해외구매",
    "ReviewScore": "5",
    "Syllable": "90",
    "Word": "18",
    "RDate": "20210630",
    "Aspects": [
      {
        "Aspect": "음량/음질",
        "SentimentText": "소리도 좋아요 선명하니까~ ",
        "SentimentWord": "3",
        "SentimentPolarity": "1"
      },
      {
        "Aspect": "조작성",
        "SentimentText": "사용설명서도 보기 쉬워서 설치도 빠르게 잘할수 있었어요",
        "SentimentWord": "7",
        "SentimentPolarity": "1"
      },
      {
        "Aspect": "가격",
        "SentimentText": "가격대비 만족합니다. 가성비 좋아요~",
        "SentimentWord": "4",
        "SentimentPolarity": "1"
      }
    ]
  },
  {
    "Index": "15672",
    "RawText": "사이즈가 30인치 모니터와 잘 맞아서 좋아요!! ㅎㅎ 음질은 가격만큼 합니다 보통이예요~다행히 싼티의 퀄리티는 아니라 만족해요~",
    "Source": "쇼핑몰",
    "Domain": "가전",
    "MainCategory": "영상/음향가전",
    "ProductName": "TUANTI S7020 해외구매",
    "ReviewScore": "5",
    "Syllable": "71",
    "Word": "15",
    "RDate": "20210820",
    "GeneralPolarity": "1",
    "Aspects": [
      {
        "Aspect": "사이즈",
        "SentimentText": "사이즈가 30인치 모니터와 잘 맞아서 좋아요!! ㅎㅎ",
        "SentimentWord": "7",
        "SentimentPolarity": "1"
      },
      {
        "Aspect": "음량/음질",
        "SentimentText": "음질은 가격만큼 합니다 보통이예요~",
        "SentimentWord": "4",
        "SentimentPolarity": "0"
      },
      {
        "Aspect": "품질",
        "SentimentText": "다행히 싼티의 퀄리티는 아니라 만족해요~",
        "SentimentWord": "5",
        "SentimentPolarity": "1"
      }
    ]
  },
  {
    "Index": "15673",
    "RawText": "음질이 상당히 고급져서 인터넷방송이나 음악들을때 좋아요 ㅎㅎ 퀄리티도 좋아서 만족해요~",
    "Source": "쇼핑몰",
    "Domain": "가전",
    "MainCategory": "영상/음향가전",
    "ProductName": "TUANTI S7020 해외구매",
    "ReviewScore": "5",
    "Syllable": "48",
    "Word": "10",
    "RDate": "20210413",
    "GeneralPolarity": "1",
    "Aspects": [
      {
        "Aspect": "음량/음질",
        "SentimentText": "음질이 상당히 고급져서 인터넷방송이나 음악들을때 좋아요 ㅎㅎ",
        "SentimentWord": "7",
        "SentimentPolarity": "1"
      },
      {
        "Aspect": "품질",
        "SentimentText": "퀄리티도 좋아서 만족해요~",
        "SentimentWord": "3",
        "SentimentPolarity": "1"
      }
    ]
  },
  {
    "Index": "15674",
    "RawText": "상품의 품질은 만족해요 그런데 블랙시켰는데 브라운이 온점이 불만족스러워요 ㅜ",
    "Source": "쇼핑몰",
    "Domain": "가전",
    "MainCategory": "영상/음향가전",
    "ProductName": "TUANTI S7020 해외구매",
    "ReviewScore": "1",
    "Syllable": "42",
    "Word": "9",
    "RDate": "20220701",
    "Aspects": [
      {
        "Aspect": "품질",
        "SentimentText": "상품의 품질은 만족해요 ",
        "SentimentWord": "3",
        "SentimentPolarity": "1"
      },
      {
        "Aspect": "색상",
        "SentimentText": "그런데 블랙시켰는데 브라운이 온점이 불만족스러워요 ㅜ",
        "SentimentWord": "6",
        "SentimentPolarity": "-1"
      }
    ]
  },
  {
    "Index": "15675",
    "RawText": "생각보다 너무커서 싫었어요 ㅜㅜ 구매자 리뷰만큼 품질이 좋은지는 모르겠네요 아쉬워요 그래도 저렴한 가격이니까 가성비는 좋은거겠네요 ㅎㅎ",
    "Source": "쇼핑몰",
    "Domain": "가전",
    "MainCategory": "영상/음향가전",
    "ProductName": "TUANTI S7020 해외구매",
    "ReviewScore": "4",
    "Syllable": "75",
    "Word": "16",
    "RDate": "20211111",
    "GeneralPolarity": "-1",
    "Aspects": [
      {
        "Aspect": "사이즈",
        "SentimentText": "생각보다 너무커서 싫었어요 ㅜㅜ",
        "SentimentWord": "4",
        "SentimentPolarity": "-1"
      },
      {
        "Aspect": "품질",
        "SentimentText": "구매자 리뷰만큼 품질이 좋은지는 모르겠네요 아쉬워요 ",
        "SentimentWord": "6",
        "SentimentPolarity": "-1"
      },
      {
        "Aspect": "가격",
        "SentimentText": "그래도 저렴한 가격이니까 가성비는 좋은거겠네요 ㅎㅎ",
        "SentimentWord": "6",
        "SentimentPolarity": "1"
      }
    ]
  },
  {
    "Index": "15676",
    "RawText": "품질의 퀄리티가 생각이상으로 좋아요 음질은 깨끗한 느낌이라 음악듣기도 좋아요~",
    "Source": "쇼핑몰",
    "Domain": "가전",
    "MainCategory": "영상/음향가전",
    "ProductName": "TUANTI S7020 해외구매",
    "ReviewScore": "5",
    "Syllable": "43",
    "Word": "9",
    "RDate": "20220317",
    "GeneralPolarity": "1",
    "Aspects": [
      {
        "Aspect": "품질",
        "SentimentText": "품질의 퀄리티가 생각이상으로 좋아요",
        "SentimentWord": "4",
        "SentimentPolarity": "1"
      },
      {
        "Aspect": "음량/음질",
        "SentimentText": "음질은 깨끗한 느낌이라 음악듣기도 좋아요~",
        "SentimentWord": "5",
        "SentimentPolarity": "1"
      }
    ]
  },
  {
    "Index": "15677",
    "RawText": "디자인이 세련되어 만족해요 배송도 안전하게 빠르게 잘와서 좋아요  티비랑 어울리는 가로형으로 구입했는데 좋아요~ 가격대비 음량이 선명해서 좋습니다.",
    "Source": "쇼핑몰",
    "Domain": "가전",
    "MainCategory": "영상/음향가전",
    "ProductName": "TUANTI S7020 해외구매",
    "ReviewScore": "5",
    "Syllable": "82",
    "Word": "17",
    "RDate": "20210412",
    "Aspects": [
      {
        "Aspect": "디자인",
        "SentimentText": "디자인이 세련되어 만족해요",
        "SentimentWord": "3",
        "SentimentPolarity": "1"
      },
      {
        "Aspect": "디자인",
        "SentimentText": "티비랑 어울리는 가로형으로 구입했는데 좋아요~",
        "SentimentWord": "5",
        "SentimentPolarity": "1"
      },
      {
        "Aspect": "음량/음질",
        "SentimentText": "가격대비 음량이 선명해서 좋습니다.",
        "SentimentWord": "4",
        "SentimentPolarity": "1"
      }
    ]
  },
  {
    "Index": "15678",
    "RawText": "소리가 또렷해서 좋아요 만든 디자인도 굿~ 만듬세 마음에 듭니다. 가성비도 좋아서 만족해요  컴퓨터용이나 티비용으로도 가능하니 활용하기 좋아서 추천해요",
    "Source": "쇼핑몰",
    "Domain": "가전",
    "MainCategory": "영상/음향가전",
    "ProductName": "TUANTI S7020 해외구매",
    "ReviewScore": "5",
    "Syllable": "84",
    "Word": "18",
    "RDate": "20220202",
    "GeneralPolarity": "1",
    "Aspects": [
      {
        "Aspect": "음량/음질",
        "SentimentText": "소리가 또렷해서 좋아요",
        "SentimentWord": "3",
        "SentimentPolarity": "1"
      },
      {
        "Aspect": "디자인",
        "SentimentText": "디자인도 굿~ 만듬세 마음에 듭니다.",
        "SentimentWord": "5",
        "SentimentPolarity": "1"
      },
      {
        "Aspect": "가격",
        "SentimentText": "가성비도 좋아서 만족해요",
        "SentimentWord": "3",
        "SentimentPolarity": "1"
      },
      {
        "Aspect": "편의성",
        "SentimentText": "컴퓨터용이나 티비용으로도 가능하니 활용하기 좋아서 추천해요",
        "SentimentWord": "6",
        "SentimentPolarity": "1"
      }
    ]
  },
  {
    "Index": "15679",
    "RawText": "집에서는 최대 볼륨이 힘들어요 그만큼 음량이 큽니다. 기능도 여러가지라 만족합니다. 음량이 선명해서 음악듣기 좋으니 만족합니다.",
    "Source": "쇼핑몰",
    "Domain": "가전",
    "MainCategory": "영상/음향가전",
    "ProductName": "TUANTI S7020 해외구매",
    "ReviewScore": "5",
    "Syllable": "71",
    "Word": "15",
    "RDate": "20210821",
    "GeneralPolarity": "1",
    "Aspects": [
      {
        "Aspect": "음량/음질",
        "SentimentText": "집에서는 최대 볼륨이 힘들어요 그만큼 음량이 큽니다. ",
        "SentimentWord": "7",
        "SentimentPolarity": "-1"
      },
      {
        "Aspect": "기능",
        "SentimentText": "기능도 여러가지라 만족합니다.",
        "SentimentWord": "3",
        "SentimentPolarity": "1"
      },
      {
        "Aspect": "음량/음질",
        "SentimentText": "음량이 선명해서 음악듣기 좋으니 만족합니다.",
        "SentimentWord": "5",
        "SentimentPolarity": "1"
      }
    ]
  },
  {
    "Index": "15680",
    "RawText": "음질이 정말 좋은점 만족해요 디자인도 깔끔해서 마음에 쏙!듭니다. 노래가 생생하게 들려서 넘 좋아요^^",
    "Source": "쇼핑몰",
    "Domain": "가전",
    "MainCategory": "영상/음향가전",
    "ProductName": "TUANTI S7020 해외구매",
    "ReviewScore": "5",
    "Syllable": "57",
    "Word": "13",
    "RDate": "20210409",
    "GeneralPolarity": "1",
    "Aspects": [
      {
        "Aspect": "음량/음질",
        "SentimentText": "음질이 정말 좋은점 만족해요 ",
        "SentimentWord": "4",
        "SentimentPolarity": "1"
      },
      {
        "Aspect": "디자인",
        "SentimentText": "디자인도 깔끔해서 마음에 쏙!듭니다.",
        "SentimentWord": "4",
        "SentimentPolarity": "1"
      },
      {
        "Aspect": "음량/음질",
        "SentimentText": "노래가 생생하게 들려서 넘 좋아요^^",
        "SentimentWord": "5",
        "SentimentPolarity": "1"
      }
    ]
  },
  {
    "Index": "15681",
    "RawText": "가성비가 너무 좋아서 만족하고 있어요^^작은데도 출력이 대단하고 해상력이나 베이스도 느낌있어서 매우 좋아요 ㅎㅎ",
    "Source": "쇼핑몰",
    "Domain": "가전",
    "MainCategory": "영상/음향가전",
    "ProductName": "TUANTI S7020 해외구매",
    "ReviewScore": "5",
    "Syllable": "62",
    "Word": "13",
    "RDate": "20210827",
    "GeneralPolarity": "1",
    "Aspects": [
      {
        "Aspect": "가격",
        "SentimentText": "가성비가 너무 좋아서 만족하고 있어요^^",
        "SentimentWord": "5",
        "SentimentPolarity": "1"
      },
      {
        "Aspect": "음량/음질",
        "SentimentText": "작은데도 출력이 대단하고 해상력이나 베이스도 느낌있어서 매우 좋아요 ㅎㅎ",
        "SentimentWord": "9",
        "SentimentPolarity": "1"
      }
    ]
  },
  {
    "Index": "15682",
    "RawText": "블루투스 연결도 잘되서 좋아요 덕분에 편하게 잘 사용하고 있습니다.사운드의 출력이 충분하고 좋아요",
    "Source": "쇼핑몰",
    "Domain": "가전",
    "MainCategory": "영상/음향가전",
    "ProductName": "TUANTI S7020 해외구매",
    "ReviewScore": "5",
    "Syllable": "54",
    "Word": "12",
    "RDate": "20220711",
    "GeneralPolarity": "1",
    "Aspects": [
      {
        "Aspect": "편의성",
        "SentimentText": "블루투스 연결도 잘되서 좋아요 덕분에 편하게 잘 사용하고 있습니다.",
        "SentimentWord": "9",
        "SentimentPolarity": "1"
      },
      {
        "Aspect": "음량/음질",
        "SentimentText": "사운드의 출력이 충분하고 좋아요 ",
        "SentimentWord": "4",
        "SentimentPolarity": "1"
      }
    ]
  },
  {
    "Index": "15683",
    "RawText": "음질이 가격대비에도 좋아요 연결이 매우 쉬워서 만족하구요 다만 마감이 꼼꼼하지 못한게 아쉽네요~",
    "Source": "쇼핑몰",
    "Domain": "가전",
    "MainCategory": "영상/음향가전",
    "ProductName": "TUANTI S7020 해외구매",
    "ReviewScore": "5",
    "Syllable": "53",
    "Word": "12",
    "RDate": "20210725",
    "GeneralPolarity": "0",
    "Aspects": [
      {
        "Aspect": "음량/음질",
        "SentimentText": "음질이 가격대비에도 좋아요",
        "SentimentWord": "3",
        "SentimentPolarity": "1"
      },
      {
        "Aspect": "조작성",
        "SentimentText": "연결이 매우 쉬워서 만족하구요",
        "SentimentWord": "4",
        "SentimentPolarity": "1"
      },
      {
        "Aspect": "품질",
        "SentimentText": "다만 마감이 꼼꼼하지 못한게 아쉽네요~ ",
        "SentimentWord": "5",
        "SentimentPolarity": "-1"
      }
    ]
  },
  {
    "Index": "15684",
    "RawText": "저가형 티비에도 설치했는데 뉴스나 영화 스포츠 등 또렷하게 잘들려서 좋아요 가성비 아주 훌륭한 제품입니다 굿~ ",
    "Source": "쇼핑몰",
    "Domain": "가전",
    "MainCategory": "영상/음향가전",
    "ProductName": "TUANTI S7020 해외구매",
    "ReviewScore": "5",
    "Syllable": "62",
    "Word": "15",
    "RDate": "20210611",
    "GeneralPolarity": "1",
    "Aspects": [
      {
        "Aspect": "음량/음질",
        "SentimentText": "저가형 티비에도 설치했는데 뉴스나 영화 스포츠 등 또렷하게 잘들려서 좋아요",
        "SentimentWord": "10",
        "SentimentPolarity": "1"
      },
      {
        "Aspect": "가격",
        "SentimentText": "가성비 아주 훌륭한 제품입니다 굿~",
        "SentimentWord": "5",
        "SentimentPolarity": "1"
      }
    ]
  },
  {
    "Index": "15685",
    "RawText": "저렴게 구입해서 좋아요 거기다 음질이 부드럽고 좋아요 그리고 소리가 빵빵합니다. ",
    "Source": "쇼핑몰",
    "Domain": "가전",
    "MainCategory": "영상/음향가전",
    "ProductName": "TUANTI S7020 해외구매",
    "ReviewScore": "5",
    "Syllable": "45",
    "Word": "10",
    "RDate": "20211006",
    "GeneralPolarity": "1",
    "Aspects": [
      {
        "Aspect": "가격",
        "SentimentText": "저렴게 구입해서 좋아요",
        "SentimentWord": "3",
        "SentimentPolarity": "1"
      },
      {
        "Aspect": "음량/음질",
        "SentimentText": "음질이 부드럽고 좋아요 그리고 소리가 빵빵합니다.",
        "SentimentWord": "6",
        "SentimentPolarity": "1"
      }
    ]
  },
  {
    "Index": "15686",
    "RawText": "하루만에 총알배송 완전 좋아요 우리집 장식장에 사이즈가 딱맞아서 좋아요 음량의 출력이나 저음부의 느낌이 만족스러워요~",
    "Source": "쇼핑몰",
    "Domain": "가전",
    "MainCategory": "영상/음향가전",
    "ProductName": "TUANTI S7020 해외구매",
    "ReviewScore": "5",
    "Syllable": "65",
    "Word": "14",
    "RDate": "20210810",
    "Aspects": [
      {
        "Aspect": "사이즈",
        "SentimentText": "우리집 장식장에 사이즈가 딱맞아서 좋아요 ",
        "SentimentWord": "5",
        "SentimentPolarity": "1"
      },
      {
        "Aspect": "음량/음질",
        "SentimentText": "음량의 출력이나 저음부의 느낌이 만족스러워요~",
        "SentimentWord": "5",
        "SentimentPolarity": "1"
      }
    ]
  },
  {
    "Index": "15687",
    "RawText": "최초 배송된 aux 케이블이 불량이여서 고생했어요 ㅜ 그래도 판매처에서 신속하게 대응해주셔서 좋았구요 새로 보내주신 aux케이블 다행히 정상 작동해서 좋습니다! 가성비 굿이네요^^",
    "Source": "쇼핑몰",
    "Domain": "가전",
    "MainCategory": "영상/음향가전",
    "ProductName": "TUANTI S7020 해외구매",
    "ReviewScore": "5",
    "Syllable": "100",
    "Word": "21",
    "RDate": "20210614",
    "Aspects": [
      {
        "Aspect": "품질",
        "SentimentText": "새로 보내주신 aux케이블 다행히 정상 작동해서 좋습니다!",
        "SentimentWord": "7",
        "SentimentPolarity": "1"
      },
      {
        "Aspect": "가격",
        "SentimentText": "가성비 굿이네요^^",
        "SentimentWord": "2",
        "SentimentPolarity": "1"
      }
    ]
  },
  {
    "Index": "15690",
    "RawText": "가성비가 매우 좋아요 품질 또한 너무 좋아서 만족해요 음량도 빵빵하니까 강추합니다.",
    "Source": "쇼핑몰",
    "Domain": "가전",
    "MainCategory": "영상/음향가전",
    "ProductName": "TUANTI S7020 해외구매",
    "ReviewScore": "5",
    "Syllable": "46",
    "Word": "11",
    "RDate": "20210409",
    "GeneralPolarity": "1",
    "Aspects": [
      {
        "Aspect": "가격",
        "SentimentText": "가성비가 매우 좋아요",
        "SentimentWord": "3",
        "SentimentPolarity": "1"
      },
      {
        "Aspect": "품질",
        "SentimentText": "품질 또한 너무 좋아서 만족해요",
        "SentimentWord": "5",
        "SentimentPolarity": "1"
      },
      {
        "Aspect": "음량/음질",
        "SentimentText": "음량도 빵빵하니까 강추합니다.",
        "SentimentWord": "3",
        "SentimentPolarity": "1"
      }
    ]
  }
]