[
  {
    "Index": "13463",
    "RawText": "역시 TV는 클수록 좋쥬?크니 좋아요 저렴하게 좋은가격에 구매했어용^^ 설치기사님 넘 친절하시니 만족",
    "Source": "쇼핑몰",
    "Domain": "가전",
    "MainCategory": "영상/음향가전",
    "ProductName": "Crystal UHD 삼성전자 KU85UA7000FXKR 스탠드",
    "ReviewScore": "5",
    "Syllable": "56",
    "Word": "12",
    "RDate": "20220526",
    "Aspects": [
      {
        "Aspect": "사이즈",
        "SentimentText": "역시 TV는 클수록 좋쥬?크니 좋아요",
        "SentimentWord": "5",
        "SentimentPolarity": "1"
      },
      {
        "Aspect": "가격",
        "SentimentText": "저렴하게 좋은가격에 구매했어용^^",
        "SentimentWord": "3",
        "SentimentPolarity": "1"
      }
    ]
  },
  {
    "Index": "13464",
    "RawText": "헉!! 85인치 엄청 커요 적응하려면 시간이 좀 걸릴것같아요ㅜㅜ 무게도 무겁고 부담스러워요",
    "Source": "쇼핑몰",
    "Domain": "가전",
    "MainCategory": "영상/음향가전",
    "ProductName": "Crystal UHD 삼성전자 KU85UA7000FXKR 스탠드",
    "ReviewScore": "5",
    "Syllable": "50",
    "Word": "11",
    "RDate": "20220417",
    "GeneralPolarity": "-1",
    "Aspects": [
      {
        "Aspect": "사이즈",
        "SentimentText": "헉!! 85인치 엄청 커요 적응하려면 시간이 좀 걸릴것같아요ㅜㅜ",
        "SentimentWord": "8",
        "SentimentPolarity": "-1"
      },
      {
        "Aspect": "무게",
        "SentimentText": "무게도 무겁고 부담스러워요",
        "SentimentWord": "3",
        "SentimentPolarity": "-1"
      }
    ]
  },
  {
    "Index": "13465",
    "RawText": "85인치라 너무 클까봐 걱정했지만 만족만족^^ 가격이 비싸긴해요 무이자할부긴하지만...",
    "Source": "쇼핑몰",
    "Domain": "가전",
    "MainCategory": "영상/음향가전",
    "ProductName": "Crystal UHD 삼성전자 KU85UA7000FXKR 스탠드",
    "ReviewScore": "5",
    "Syllable": "48",
    "Word": "8",
    "RDate": "20220412",
    "GeneralPolarity": "0",
    "Aspects": [
      {
        "Aspect": "사이즈",
        "SentimentText": "85인치라 너무 클까봐 걱정했지만 만족만족^^",
        "SentimentWord": "5",
        "SentimentPolarity": "1"
      },
      {
        "Aspect": "가격",
        "SentimentText": "가격이 비싸긴해요 무이자할부긴하지만...",
        "SentimentWord": "3",
        "SentimentPolarity": "-1"
      }
    ]
  },
  {
    "Index": "13466",
    "RawText": "85인치 사이즈 도전! 그런데로 만족합니다 화질도 선명하니 좋은데요?! 디자인도 무난하니 좋구요 배송도 빠르게 칼배송이라 모두 만족^^",
    "Source": "쇼핑몰",
    "Domain": "가전",
    "MainCategory": "영상/음향가전",
    "ProductName": "Crystal UHD 삼성전자 KU85UA7000FXKR 스탠드",
    "ReviewScore": "5",
    "Syllable": "75",
    "Word": "16",
    "RDate": "20220119",
    "Aspects": [
      {
        "Aspect": "사이즈",
        "SentimentText": "85인치 사이즈 도전! 그런데로 만족합니다",
        "SentimentWord": "5",
        "SentimentPolarity": "1"
      },
      {
        "Aspect": "화질",
        "SentimentText": "화질도 선명하니 좋은데요?!",
        "SentimentWord": "3",
        "SentimentPolarity": "1"
      },
      {
        "Aspect": "디자인",
        "SentimentText": "디자인도 무난하니 좋구요",
        "SentimentWord": "3",
        "SentimentPolarity": "1"
      }
    ]
  },
  {
    "Index": "13467",
    "RawText": "85인치 보니 엄청 큽니다 적응될테니 만족!! ..화질도 선명하고 깨끗하니 좋아요!! 설치해주시는 기사님들까지도 넘 친절 굿굿!!",
    "Source": "쇼핑몰",
    "Domain": "가전",
    "MainCategory": "영상/음향가전",
    "ProductName": "Crystal UHD 삼성전자 KU85UA7000FXKR 스탠드",
    "ReviewScore": "5",
    "Syllable": "72",
    "Word": "15",
    "RDate": "20220111",
    "Aspects": [
      {
        "Aspect": "사이즈",
        "SentimentText": "85인치 보니 엄청 큽니다 적응될테니 만족!! ",
        "SentimentWord": "6",
        "SentimentPolarity": "1"
      },
      {
        "Aspect": "화질",
        "SentimentText": "화질도 선명하고 깨끗하니 좋아요!!",
        "SentimentWord": "4",
        "SentimentPolarity": "1"
      }
    ]
  },
  {
    "Index": "13468",
    "RawText": "tv랑 사운드바 같이배송오니 한번에 받으니 좋아요 그릇사은품도 있어서 덤으로 생긴기분이라 좋구요 티비 음질 좋아요 만족해용",
    "Source": "쇼핑몰",
    "Domain": "가전",
    "MainCategory": "영상/음향가전",
    "ProductName": "Crystal UHD 삼성전자 KU85UA7000FXKR 스탠드",
    "ReviewScore": "3",
    "Syllable": "68",
    "Word": "15",
    "RDate": "20211204",
    "Aspects": [
      {
        "Aspect": "제품구성",
        "SentimentText": "그릇사은품도 있어서 덤으로 생긴기분이라 좋구요",
        "SentimentWord": "5",
        "SentimentPolarity": "1"
      },
      {
        "Aspect": "음량/음질",
        "SentimentText": "티비 음질 좋아요 만족해용",
        "SentimentWord": "4",
        "SentimentPolarity": "1"
      }
    ]
  },
  {
    "Index": "13469",
    "RawText": "가격대비 가성비 짱!! 단 색감이 뿌연감이 있어요 민감한 사람은 호불호가 있긴할것같아요 배송은 3주 오래걸렸어요 흠...  좋습니다 무료로 우퍼도 있으니 좋아요^^",
    "Source": "쇼핑몰",
    "Domain": "가전",
    "MainCategory": "영상/음향가전",
    "ProductName": "Crystal UHD 삼성전자 KU85UA7000FXKR 스탠드",
    "ReviewScore": "5",
    "Syllable": "91",
    "Word": "20",
    "RDate": "20220116",
    "Aspects": [
      {
        "Aspect": "가격",
        "SentimentText": "가격대비 가성비 짱!!",
        "SentimentWord": "3",
        "SentimentPolarity": "1"
      },
      {
        "Aspect": "화질",
        "SentimentText": "색감이 뿌연감이 있어요 민감한 사람은 호불호가 있긴할것같아요",
        "SentimentWord": "7",
        "SentimentPolarity": "-1"
      },
      {
        "Aspect": "제품구성",
        "SentimentText": " 무료로 우퍼도 있으니 좋아요^^",
        "SentimentWord": "4",
        "SentimentPolarity": "1"
      }
    ]
  },
  {
    "Index": "13470",
    "RawText": "가격 이정도면 가성비 짱이죠^^  제품기능들도 만족해요~",
    "Source": "쇼핑몰",
    "Domain": "가전",
    "MainCategory": "영상/음향가전",
    "ProductName": "Crystal UHD 삼성전자 KU85UA7000FXKR 스탠드",
    "ReviewScore": "5",
    "Syllable": "31",
    "Word": "6",
    "RDate": "20211130",
    "GeneralPolarity": "1",
    "Aspects": [
      {
        "Aspect": "가격",
        "SentimentText": "가격 이정도면 가성비 짱이죠^^",
        "SentimentWord": "4",
        "SentimentPolarity": "1"
      },
      {
        "Aspect": "기능",
        "SentimentText": "제품기능들도 만족해요~",
        "SentimentWord": "2",
        "SentimentPolarity": "1"
      }
    ]
  },
  {
    "Index": "13471",
    "RawText": "화질이 선명하니까 넘 만족스러워요^^ 85인치라 큰화면 가족 모두 만족해합니다. 배송도 빠르니 오래 안기다리고 좋지요 설치하고 설명도해주니 친절하시구 감사해요~",
    "Source": "쇼핑몰",
    "Domain": "가전",
    "MainCategory": "영상/음향가전",
    "ProductName": "Crystal UHD 삼성전자 KU85UA7000FXKR 스탠드",
    "ReviewScore": "5",
    "Syllable": "89",
    "Word": "18",
    "RDate": "20220313",
    "Aspects": [
      {
        "Aspect": "화질",
        "SentimentText": "화질이 선명하니까 넘 만족스러워요^^",
        "SentimentWord": "4",
        "SentimentPolarity": "1"
      },
      {
        "Aspect": "사이즈",
        "SentimentText": "85인치라 큰화면 가족 모두 만족해합니다",
        "SentimentWord": "5",
        "SentimentPolarity": "1"
      }
    ]
  },
  {
    "Index": "13472",
    "RawText": "거실티비 바꾸는김에 거거익선으로 85인치로다가!! 크니까 축구경기 직관하는 느낌이니 짱!! 화질도선명하고 완전 짱 좋아요",
    "Source": "쇼핑몰",
    "Domain": "가전",
    "MainCategory": "영상/음향가전",
    "ProductName": "Crystal UHD 삼성전자 KU85UA7000FXKR 스탠드",
    "ReviewScore": "5",
    "Syllable": "67",
    "Word": "13",
    "RDate": "20220619",
    "GeneralPolarity": "1",
    "Aspects": [
      {
        "Aspect": "사이즈",
        "SentimentText": "거실티비 바꾸는김에 거거익선으로 85인치로다가!! 크니까 축구경기 직관하는 느낌이니 짱!!",
        "SentimentWord": "9",
        "SentimentPolarity": "1"
      },
      {
        "Aspect": "화질",
        "SentimentText": "화질도선명하고 완전 짱 좋아요",
        "SentimentWord": "4",
        "SentimentPolarity": "1"
      }
    ]
  },
  {
    "Index": "13473",
    "RawText": "구매하고나서 이틀 뒤에 10만원 할인해서 너무 가격이 아쉽네요 흑흑 리모컨으로 이것저것 해보려는데 조작이 어렵네요 ㅠㅠ",
    "Source": "쇼핑몰",
    "Domain": "가전",
    "MainCategory": "영상/음향가전",
    "ProductName": "Crystal UHD 삼성전자 KU85UA7000FXKR 스탠드",
    "ReviewScore": "2",
    "Syllable": "66",
    "Word": "15",
    "RDate": "20220505",
    "Aspects": [
      {
        "Aspect": "가격",
        "SentimentText": "구매하고나서 이틀 뒤에 10만원 할인해서 너무 가격이 아쉽네요 흑흑 ",
        "SentimentWord": "9",
        "SentimentPolarity": "-1"
      },
      {
        "Aspect": "조작성",
        "SentimentText": "리모컨으로 이것저것 해보려는데 조작이 어렵네요 ㅠㅠ",
        "SentimentWord": "6",
        "SentimentPolarity": "-1"
      }
    ]
  },
  {
    "Index": "13474",
    "RawText": "UHD 화질 정말 만족합니다 ㅎㅎ 소리가 아쉬운데 음질에 민감하신 분들은 사운드바 꼭 설치하시길~",
    "Source": "쇼핑몰",
    "Domain": "가전",
    "MainCategory": "영상/음향가전",
    "ProductName": "Crystal UHD 삼성전자 KU85UA7000FXKR 스탠드",
    "ReviewScore": "5",
    "Syllable": "54",
    "Word": "13",
    "RDate": "20211024",
    "Aspects": [
      {
        "Aspect": "화질",
        "SentimentText": "UHD 화질 정말 만족합니다 ㅎㅎ",
        "SentimentWord": "5",
        "SentimentPolarity": "1"
      },
      {
        "Aspect": "음량/음질",
        "SentimentText": "소리가 아쉬운데 음질에 민감하신 분들은 사운드바 꼭 설치하시길~",
        "SentimentWord": "8",
        "SentimentPolarity": "-1"
      }
    ]
  },
  {
    "Index": "13475",
    "RawText": "기존티비도 수거해가시고 친절하게 설치해주셔서 감사해요 화질은 그냥 그럭저럭 그렇습니다 화면이 크니까 역시 시원시원하니 만족해요",
    "Source": "쇼핑몰",
    "Domain": "가전",
    "MainCategory": "영상/음향가전",
    "ProductName": "Crystal UHD 삼성전자 KU85UA7000FXKR 스탠드",
    "ReviewScore": "5",
    "Syllable": "70",
    "Word": "14",
    "RDate": "20220514",
    "Aspects": [
      {
        "Aspect": "화질",
        "SentimentText": "화질은 그냥 그럭저럭 그렇습니다",
        "SentimentWord": "4",
        "SentimentPolarity": "0"
      },
      {
        "Aspect": "사이즈",
        "SentimentText": "화면이 크니까 역시 시원시원하니 만족해요",
        "SentimentWord": "5",
        "SentimentPolarity": "1"
      }
    ]
  },
  {
    "Index": "13476",
    "RawText": "50인치에서 85인치로 바꾸니까 크기가 완전 신세계네욧!! 에너지효율이 1등급이라서 더 만족스러워요^^",
    "Source": "쇼핑몰",
    "Domain": "가전",
    "MainCategory": "영상/음향가전",
    "ProductName": "Crystal UHD 삼성전자 KU85UA7000FXKR 스탠드",
    "ReviewScore": "5",
    "Syllable": "57",
    "Word": "10",
    "RDate": "20210721",
    "Aspects": [
      {
        "Aspect": "사이즈",
        "SentimentText": "50인치에서 85인치로 바꾸니까 크기가 완전 신세계네욧!!",
        "SentimentWord": "6",
        "SentimentPolarity": "1"
      },
      {
        "Aspect": "소비전력",
        "SentimentText": "에너지효율이 1등급이라서 더 만족스러워요^^",
        "SentimentWord": "4",
        "SentimentPolarity": "1"
      }
    ]
  },
  {
    "Index": "13477",
    "RawText": "너무 크긴하네요 덕분 거실 인테리어도 확 바뀐기분이 들어서 좋아요^^ 무게는 무거워서 옮길때 애먹어요 허걱;;;",
    "Source": "쇼핑몰",
    "Domain": "가전",
    "MainCategory": "영상/음향가전",
    "ProductName": "Crystal UHD 삼성전자 KU85UA7000FXKR 스탠드",
    "ReviewScore": "4",
    "Syllable": "62",
    "Word": "14",
    "RDate": "20210829",
    "GeneralPolarity": "0",
    "Aspects": [
      {
        "Aspect": "사이즈",
        "SentimentText": "너무 크긴하네요 덕분 거실 인테리어도 확 바뀐기분이 들어서 좋아요^^ ",
        "SentimentWord": "9",
        "SentimentPolarity": "1"
      },
      {
        "Aspect": "무게",
        "SentimentText": " 무게는 무거워서 옮길때 애먹어요 허걱;;; ",
        "SentimentWord": "5",
        "SentimentPolarity": "-1"
      }
    ]
  },
  {
    "Index": "13478",
    "RawText": "할인받아서 좋은 가격에 구매했어요^^ 84인치 티비는 큰게 좋다하니 한달 좀 넘었는데 그 사이즈에 만족하고 있어요^^",
    "Source": "쇼핑몰",
    "Domain": "가전",
    "MainCategory": "영상/음향가전",
    "ProductName": "Crystal UHD 삼성전자 KU85UA7000FXKR 스탠드",
    "ReviewScore": "5",
    "Syllable": "65",
    "Word": "15",
    "RDate": "20220629",
    "Aspects": [
      {
        "Aspect": "가격",
        "SentimentText": "할인받아서 좋은 가격에 구매했어요^^",
        "SentimentWord": "4",
        "SentimentPolarity": "1"
      },
      {
        "Aspect": "사이즈",
        "SentimentText": " 84인치 티비는 큰게 좋다하니 한달 좀 넘었는데 그 사이즈에 만족하고 있어요^^",
        "SentimentWord": "11",
        "SentimentPolarity": "1"
      }
    ]
  },
  {
    "Index": "13479",
    "RawText": "예상은 했지만 사이즈가 부담스럽네요 ㅜㅜ 그렇지만 화질은 진짜 맘에들어요 굿굿",
    "Source": "쇼핑몰",
    "Domain": "가전",
    "MainCategory": "영상/음향가전",
    "ProductName": "Crystal UHD 삼성전자 KU85UA7000FXKR 스탠드",
    "ReviewScore": "5",
    "Syllable": "43",
    "Word": "10",
    "RDate": "20211101",
    "Aspects": [
      {
        "Aspect": "사이즈",
        "SentimentText": "예상은 했지만 사이즈가 부담스럽네요 ㅜㅜ",
        "SentimentWord": "5",
        "SentimentPolarity": "-1"
      },
      {
        "Aspect": "화질",
        "SentimentText": "그렇지만 화질은 진짜 맘에들어요 굿굿",
        "SentimentWord": "5",
        "SentimentPolarity": "1"
      }
    ]
  },
  {
    "Index": "13480",
    "RawText": "배송 빠름빠름 칼배송 굿굿  친절도 하시고 설치도 뚝딱!! 거실 벽을 거의 다차지할 정도의 사이즈 큰게 맘에 드네요 다른곳보다도 제일 저렴한가격에 득템 기분이 들어 좋아용^^",
    "Source": "쇼핑몰",
    "Domain": "가전",
    "MainCategory": "영상/음향가전",
    "ProductName": "Crystal UHD 삼성전자 KU85UA7000FXKR 스탠드",
    "ReviewScore": "5",
    "Syllable": "97",
    "Word": "24",
    "RDate": "20220107",
    "Aspects": [
      {
        "Aspect": "사이즈",
        "SentimentText": "거실 벽을 거의 다차지할 정도의 사이즈 큰게 맘에 드네요",
        "SentimentWord": "9",
        "SentimentPolarity": "1"
      },
      {
        "Aspect": "가격",
        "SentimentText": "다른곳보다도 제일 저렴한가격에 득템 기분이 들어 좋아용^^",
        "SentimentWord": "7",
        "SentimentPolarity": "1"
      }
    ]
  },
  {
    "Index": "13481",
    "RawText": "총알 배송이여서 배송부터 완전 맘에 들어요 설치도 예정된 시간에 딱 맞춰오셨어요! 65인치 보다가 85인치보니 진짜 크긴커요 눈앞이 훤하게 잘보이네요^^ 디자인도 고급스러워서 작품 같아요~^^;",
    "Source": "쇼핑몰",
    "Domain": "가전",
    "MainCategory": "영상/음향가전",
    "ProductName": "Crystal UHD 삼성전자 KU85UA7000FXKR 스탠드",
    "ReviewScore": "5",
    "Syllable": "108",
    "Word": "23",
    "RDate": "20220522",
    "Aspects": [
      {
        "Aspect": "사이즈",
        "SentimentText": "65인치 보다가 85인치보니 진짜 크긴커요 눈앞이 훤하게 잘보이네요^^",
        "SentimentWord": "8",
        "SentimentPolarity": "1"
      },
      {
        "Aspect": "디자인",
        "SentimentText": "디자인도 고급스러워서 작품 같아요~^^;",
        "SentimentWord": "4",
        "SentimentPolarity": "1"
      }
    ]
  },
  {
    "Index": "13482",
    "RawText": "이사하면서 새 티비로 하나 장만했어요~ 확실히 화면 크기가 크니 뭘봐도 시원하니 좋습니다 화질도 색감 표현이 뛰어난 거 같아요 만족합니다",
    "Source": "쇼핑몰",
    "Domain": "가전",
    "MainCategory": "영상/음향가전",
    "ProductName": "Crystal UHD 삼성전자 KU85UA7000FXKR 스탠드",
    "ReviewScore": "5",
    "Syllable": "76",
    "Word": "19",
    "RDate": "20211111",
    "Aspects": [
      {
        "Aspect": "사이즈",
        "SentimentText": "확실히 화면 크기가 크니 뭘봐도 시원하니 좋습니다",
        "SentimentWord": "7",
        "SentimentPolarity": "1"
      },
      {
        "Aspect": "화질",
        "SentimentText": "화질도 색감 표현이 뛰어난 거 같아요 만족합니다",
        "SentimentWord": "7",
        "SentimentPolarity": "1"
      }
    ]
  },
  {
    "Index": "13483",
    "RawText": "배송날짜랑 시간도 잘 지켜주시니 넘 좋은듯 기사님 두분 설치도 빠르고 친절하시니 만족해요 ^^ 제품 디자인이 베젤이 거의 없는 편이라 넘 예쁘네요 기능들도 너무 좋구요 만족해요 감사합니닷",
    "Source": "쇼핑몰",
    "Domain": "가전",
    "MainCategory": "영상/음향가전",
    "ProductName": "Crystal UHD 삼성전자 KU85UA7000FXKR 스탠드",
    "ReviewScore": "5",
    "Syllable": "104",
    "Word": "26",
    "RDate": "20220618",
    "Aspects": [
      {
        "Aspect": "디자인",
        "SentimentText": "제품 디자인이 베젤이 거의 없는 편이라 넘 예쁘네요",
        "SentimentWord": "8",
        "SentimentPolarity": "1"
      },
      {
        "Aspect": "기능",
        "SentimentText": "기능들도 너무 좋구요 만족해요",
        "SentimentWord": "4",
        "SentimentPolarity": "1"
      }
    ]
  },
  {
    "Index": "13484",
    "RawText": "배송도 빠르니 굿굿 거기다 완전 친절하시기까지 ^^! 티비가 괜히 큰게 좋은게 아니예요 크니까 속이 시원합니다!! 다양한 콘텐츠를 즐길 수 있어서 활용성도 굿~!!",
    "Source": "쇼핑몰",
    "Domain": "가전",
    "MainCategory": "영상/음향가전",
    "ProductName": "Crystal UHD 삼성전자 KU85UA7000FXKR 스탠드",
    "ReviewScore": "5",
    "Syllable": "91",
    "Word": "22",
    "RDate": "20220428",
    "Aspects": [
      {
        "Aspect": "사이즈",
        "SentimentText": "티비가 괜히 큰게 좋은게 아니예요 크니까 속이 시원합니다!!",
        "SentimentWord": "8",
        "SentimentPolarity": "1"
      },
      {
        "Aspect": "편의성",
        "SentimentText": "다양한 콘텐츠를 즐길 수 있어서 활용성도 굿~!!",
        "SentimentWord": "7",
        "SentimentPolarity": "1"
      }
    ]
  },
  {
    "Index": "13485",
    "RawText": "배송도 생각보다 빠르더군요~기사님도 친절하고 설명또한 잘해주시니 좋았습니다~UHD화질은 생각보다 훠얼씬 해상도가 좋아요^^ 85인치 사이즈도 적당해서 구매 잘한 것 같아요",
    "Source": "쇼핑몰",
    "Domain": "가전",
    "MainCategory": "영상/음향가전",
    "ProductName": "Crystal UHD 삼성전자 KU85UA7000FXKR 스탠드",
    "ReviewScore": "5",
    "Syllable": "95",
    "Word": "18",
    "RDate": "20210614",
    "Aspects": [
      {
        "Aspect": "화질",
        "SentimentText": "UHD화질은 생각보다 훠얼씬 해상도가 좋아요^^",
        "SentimentWord": "5",
        "SentimentPolarity": "1"
      },
      {
        "Aspect": "사이즈",
        "SentimentText": "85인치 사이즈도 적당해서 구매 잘한 것 같아요",
        "SentimentWord": "7",
        "SentimentPolarity": "1"
      }
    ]
  },
  {
    "Index": "13486",
    "RawText": "항상 즐겨쓰던 ○○○제품이라 믿고 구매했습니다!! 배송은 생각보다 빨랐어요~ 가격도 다른 곳보다 저렴하니 좋은거 같아요!!",
    "Source": "쇼핑몰",
    "Domain": "가전",
    "MainCategory": "영상/음향가전",
    "ProductName": "Crystal UHD 삼성전자 KU85UA7000FXKR 스탠드",
    "ReviewScore": "5",
    "Syllable": "68",
    "Word": "14",
    "RDate": "20220706",
    "Aspects": [
      {
        "Aspect": "제조일/제조사",
        "SentimentText": "항상 즐겨쓰던 ○○○제품이라 믿고 구매했습니다!!",
        "SentimentWord": "5",
        "SentimentPolarity": "1"
      },
      {
        "Aspect": "가격",
        "SentimentText": "가격도 다른 곳보다 저렴하니 좋은거 같아요!!",
        "SentimentWord": "6",
        "SentimentPolarity": "1"
      }
    ]
  },
  {
    "Index": "13487",
    "RawText": "신랑이 대형 티비로 바꾸자고 계속 졸라서 이번에 바꿨네요^^ 확실히 화면 사이즈가 커지니 극장에 온것 같아 좋습니다~ 다만 화질이 기대처럼 선명하진 않네요...",
    "Source": "쇼핑몰",
    "Domain": "가전",
    "MainCategory": "영상/음향가전",
    "ProductName": "Crystal UHD 삼성전자 KU85UA7000FXKR 스탠드",
    "ReviewScore": "5",
    "Syllable": "89",
    "Word": "21",
    "RDate": "20220108",
    "Aspects": [
      {
        "Aspect": "사이즈",
        "SentimentText": "확실히 화면 사이즈가 커지니 극장에 온것 같아 좋습니다~",
        "SentimentWord": "8",
        "SentimentPolarity": "1"
      },
      {
        "Aspect": "화질",
        "SentimentText": "다만 화질이 기대처럼 선명하진 않네요...",
        "SentimentWord": "5",
        "SentimentPolarity": "-1"
      }
    ]
  },
  {
    "Index": "13488",
    "RawText": "가성비 좋습니다~ 설치 직원들이 매우 친절해서 좋았어요~ 화질도 만족합니다~",
    "Source": "쇼핑몰",
    "Domain": "가전",
    "MainCategory": "영상/음향가전",
    "ProductName": "Crystal UHD 삼성전자 KU85UA7000FXKR 스탠드",
    "ReviewScore": "5",
    "Syllable": "42",
    "Word": "9",
    "RDate": "20211210",
    "Aspects": [
      {
        "Aspect": "가격",
        "SentimentText": "가성비 좋습니다~",
        "SentimentWord": "2",
        "SentimentPolarity": "1"
      },
      {
        "Aspect": "화질",
        "SentimentText": "화질도 만족합니다~",
        "SentimentWord": "2",
        "SentimentPolarity": "1"
      }
    ]
  },
  {
    "Index": "13489",
    "RawText": "기본 스탠드형으로만 주문 되는줄 알았는데 전화하면 추가금없어 벽걸이로 바꿔주기도 하니까 만족스러워요 가격대비 좋아요 사운드바도 주고 만족해요!",
    "Source": "쇼핑몰",
    "Domain": "가전",
    "MainCategory": "영상/음향가전",
    "ProductName": "Crystal UHD 삼성전자 KU85UA7000FXKR 스탠드",
    "ReviewScore": "4",
    "Syllable": "79",
    "Word": "16",
    "RDate": "20211130",
    "Aspects": [
      {
        "Aspect": "가격",
        "SentimentText": "가격대비 좋아요",
        "SentimentWord": "2",
        "SentimentPolarity": "1"
      },
      {
        "Aspect": "제품구성",
        "SentimentText": "사운드바도 주고 만족해요!",
        "SentimentWord": "3",
        "SentimentPolarity": "1"
      }
    ]
  },
  {
    "Index": "13490",
    "RawText": "배송 빠르게 와서 잘 설치해 주셧네요 서비스 좋습니다 폐가전도 수고해주시니 더욱 만족스러워요 기술이 좋은건지 컬러 표현이 진짜 좋네요 화질 대박입니다^^ 그런데 리모콘누르면 화면의 반응속도가 느려서 기다림이 있는게 아쉽네요ㅜㅜ",
    "Source": "쇼핑몰",
    "Domain": "가전",
    "MainCategory": "영상/음향가전",
    "ProductName": "Crystal UHD 삼성전자 KU85UA7000FXKR 스탠드",
    "ReviewScore": "4",
    "Syllable": "126",
    "Word": "28",
    "RDate": "20220701",
    "Aspects": [
      {
        "Aspect": "화질",
        "SentimentText": "기술이 좋은건지 컬러 표현이 진짜 좋네요 화질 대박입니다^^",
        "SentimentWord": "8",
        "SentimentPolarity": "1"
      },
      {
        "Aspect": "시간/속도",
        "SentimentText": "리모콘누르면 화면의 반응속도가 느려서 기다림이 있는게 아쉽네요ㅜㅜ",
        "SentimentWord": "7",
        "SentimentPolarity": "-1"
      }
    ]
  },
  {
    "Index": "13492",
    "RawText": "부모님께서 좋아하시네요. 화질이 마음에 드신데요. 큰 화면으로 영화 한 편 보시더니 영화관에 온 것 같다고 좋아하세요^^ 기사님과 보조해주시는 직원분도 친절하셔서 좋은 인상이 남았어요. 감사합니다.",
    "Source": "쇼핑몰",
    "Domain": "가전",
    "MainCategory": "영상/음향가전",
    "ProductName": "Crystal UHD 삼성전자 KU85UA7000FXKR 스탠드",
    "ReviewScore": "5",
    "Syllable": "110",
    "Word": "24",
    "RDate": "20211221",
    "Aspects": [
      {
        "Aspect": "화질",
        "SentimentText": "부모님께서 좋아하시네요. 화질이 마음에 드신데요.",
        "SentimentWord": "5",
        "SentimentPolarity": "1"
      },
      {
        "Aspect": "사이즈",
        "SentimentText": "큰 화면으로 영화 한 편 보시더니 영화관에 온 것 같다고 좋아하세요^^",
        "SentimentWord": "11",
        "SentimentPolarity": "1"
      }
    ]
  },
  {
    "Index": "13493",
    "RawText": "가성비 극강! 최고예요! 70인치 쓰다가 바꾸면서 너무 크면 어떡하지 걱정했는데 ㅎㅎ 바람직한 선택이였어요! 크다고 느껴지지 않네요. 티비는 거거익선!^^",
    "Source": "쇼핑몰",
    "Domain": "가전",
    "MainCategory": "영상/음향가전",
    "ProductName": "Crystal UHD 삼성전자 KU85UA7000FXKR 스탠드",
    "ReviewScore": "5",
    "Syllable": "86",
    "Word": "18",
    "RDate": "20210803",
    "Aspects": [
      {
        "Aspect": "가격",
        "SentimentText": "가성비 극강! 최고예요!",
        "SentimentWord": "3",
        "SentimentPolarity": "1"
      },
      {
        "Aspect": "사이즈",
        "SentimentText": "크다고 느껴지지 않네요. 티비는 거거익선!^^",
        "SentimentWord": "5",
        "SentimentPolarity": "1"
      }
    ]
  },
  {
    "Index": "13494",
    "RawText": "설치 친절하게 잘해주셨구요~ 디자인도 우아하고 품질 정말만족합니다",
    "Source": "쇼핑몰",
    "Domain": "가전",
    "MainCategory": "영상/음향가전",
    "ProductName": "Crystal UHD 삼성전자 KU85UA7000FXKR 스탠드",
    "ReviewScore": "5",
    "Syllable": "36",
    "Word": "7",
    "RDate": "20220601",
    "Aspects": [
      {
        "Aspect": "디자인",
        "SentimentText": "디자인도 우아하고",
        "SentimentWord": "2",
        "SentimentPolarity": "1"
      },
      {
        "Aspect": "품질",
        "SentimentText": "품질 정말만족합니다",
        "SentimentWord": "2",
        "SentimentPolarity": "1"
      }
    ]
  },
  {
    "Index": "13495",
    "RawText": "빠른배송 감사합니다. 티비 화질 괜찮습니다. 스마트티비라 편리한 기능이 많아서 만족합니다.",
    "Source": "쇼핑몰",
    "Domain": "가전",
    "MainCategory": "영상/음향가전",
    "ProductName": "Crystal UHD 삼성전자 KU85UA7000FXKR 스탠드",
    "ReviewScore": "5",
    "Syllable": "50",
    "Word": "10",
    "RDate": "20211105",
    "Aspects": [
      {
        "Aspect": "화질",
        "SentimentText": "티비 화질 괜찮습니다.",
        "SentimentWord": "3",
        "SentimentPolarity": "1"
      },
      {
        "Aspect": "기능",
        "SentimentText": "스마트티비라 편리한 기능이 많아서 만족합니다.",
        "SentimentWord": "5",
        "SentimentPolarity": "1"
      }
    ]
  },
  {
    "Index": "13496",
    "RawText": "실제로 더 크고 웅장합니다. 사이즈 대박이에요. UHD 전용 채널로 감상하면 색감과 화질이 좋으니까 몰입감도 정말 좋네요.",
    "Source": "쇼핑몰",
    "Domain": "가전",
    "MainCategory": "영상/음향가전",
    "ProductName": "Crystal UHD 삼성전자 KU85UA7000FXKR 스탠드",
    "ReviewScore": "5",
    "Syllable": "68",
    "Word": "16",
    "RDate": "20220118",
    "GeneralPolarity": "1",
    "Aspects": [
      {
        "Aspect": "사이즈",
        "SentimentText": "실제로 더 크고 웅장합니다. 사이즈 대박이에요.",
        "SentimentWord": "6",
        "SentimentPolarity": "1"
      },
      {
        "Aspect": "화질",
        "SentimentText": "UHD 전용 채널로 감상하면 색감과 화질이 좋으니까 몰입감도 정말 좋네요. ",
        "SentimentWord": "10",
        "SentimentPolarity": "1"
      }
    ]
  },
  {
    "Index": "13497",
    "RawText": "85인치 구입하면서 너무 크지않을까 약간 걱정이 되었는데 막상 설치하고 보니 선택을 잘했다고 생각되네요. 웅장한 외관 디자인도 멋있고 화질좋고 만족도 최고입니다.",
    "Source": "쇼핑몰",
    "Domain": "가전",
    "MainCategory": "영상/음향가전",
    "ProductName": "Crystal UHD 삼성전자 KU85UA7000FXKR 스탠드",
    "ReviewScore": "5",
    "Syllable": "90",
    "Word": "20",
    "RDate": "20220722",
    "GeneralPolarity": "1",
    "Aspects": [
      {
        "Aspect": "사이즈",
        "SentimentText": " 85인치 구입하면서 너무 크지않을까 약간 걱정이 되었는데 막상 설치하고 보니 선택을 잘했다고 생각되네요. ",
        "SentimentWord": "13",
        "SentimentPolarity": "1"
      },
      {
        "Aspect": "디자인",
        "SentimentText": "웅장한 외관 디자인도 멋있고 ",
        "SentimentWord": "4",
        "SentimentPolarity": "1"
      },
      {
        "Aspect": "화질",
        "SentimentText": "화질좋고 만족도 최고입니다.",
        "SentimentWord": "3",
        "SentimentPolarity": "1"
      }
    ]
  },
  {
    "Index": "13498",
    "RawText": "세일 참 좋네요 가성비로 잘 구입할수 있었네요 지정배송일에 잘 배송되어 만족하고 화질도 생각보다 좋아요",
    "Source": "쇼핑몰",
    "Domain": "가전",
    "MainCategory": "영상/음향가전",
    "ProductName": "Crystal UHD 삼성전자 KU85UA7000FXKR 스탠드",
    "ReviewScore": "5",
    "Syllable": "57",
    "Word": "14",
    "RDate": "20220113",
    "Aspects": [
      {
        "Aspect": "가격",
        "SentimentText": "세일 참 좋네요 가성비로 잘 구입할수 있었네요",
        "SentimentWord": "7",
        "SentimentPolarity": "1"
      },
      {
        "Aspect": "화질",
        "SentimentText": "화질도 생각보다 좋아요",
        "SentimentWord": "3",
        "SentimentPolarity": "1"
      }
    ]
  },
  {
    "Index": "13499",
    "RawText": "85인치보니 극장이네요 사이즈는 만족~근데 화질은 좀더 비싼거 살껄 생각나네요 ~~^^ 좀 아쉽네요",
    "Source": "쇼핑몰",
    "Domain": "가전",
    "MainCategory": "영상/음향가전",
    "ProductName": "Crystal UHD 삼성전자 KU85UA7000FXKR 스탠드",
    "ReviewScore": "4",
    "Syllable": "55",
    "Word": "12",
    "RDate": "20220127",
    "GeneralPolarity": "0",
    "Aspects": [
      {
        "Aspect": "사이즈",
        "SentimentText": "85인치보니 극장이네요 사이즈는 만족~",
        "SentimentWord": "4",
        "SentimentPolarity": "1"
      },
      {
        "Aspect": "화질",
        "SentimentText": "근데 화질은 좀더 비싼거 살껄 생각나네요 ~~^^ 좀 아쉽네요",
        "SentimentWord": "9",
        "SentimentPolarity": "0"
      }
    ]
  },
  {
    "Index": "13500",
    "RawText": "배송 하루만에 와서 만족하구요 크기 엄청나서 마음에 들고 화질 진짜 좋네요. 소프트웨어 안되는 거 없이 완벽하고 심지어 OOO 실행해서 4k 동영상을 틀어도 네이티브로 화끈하게 돌립니다. 놀랍고 또 놀랍네요.",
    "Source": "쇼핑몰",
    "Domain": "가전",
    "MainCategory": "영상/음향가전",
    "ProductName": "Crystal UHD 삼성전자 KU85UA7000FXKR 스탠드",
    "ReviewScore": "5",
    "Syllable": "116",
    "Word": "28",
    "RDate": "20220118",
    "Aspects": [
      {
        "Aspect": "사이즈",
        "SentimentText": "크기 엄청나서 마음에 들고 화질 진짜 좋네요. ",
        "SentimentWord": "7",
        "SentimentPolarity": "1"
      },
      {
        "Aspect": "화질",
        "SentimentText": "화질 진짜 좋네요. ",
        "SentimentWord": "3",
        "SentimentPolarity": "1"
      },
      {
        "Aspect": "기능",
        "SentimentText": "소프트웨어 안되는 거 없이 완벽하고 심지어 OOO 실행해서 4k 동영상을 틀어도 네이티브로 화끈하게 돌립니다.",
        "SentimentWord": "14",
        "SentimentPolarity": "1"
      }
    ]
  },
  {
    "Index": "13501",
    "RawText": "배송도 넘 빨라서 좋네요 ^^ 화질도 좋구요 화면도 커서 아주 만족합니다 가격까지도 만족스럽네요",
    "Source": "쇼핑몰",
    "Domain": "가전",
    "MainCategory": "영상/음향가전",
    "ProductName": "Crystal UHD 삼성전자 KU85UA7000FXKR 스탠드",
    "ReviewScore": "5",
    "Syllable": "53",
    "Word": "13",
    "RDate": "20211128",
    "Aspects": [
      {
        "Aspect": "화질",
        "SentimentText": "화질도 좋구요",
        "SentimentWord": "2",
        "SentimentPolarity": "1"
      },
      {
        "Aspect": "사이즈",
        "SentimentText": "화면도 커서 아주 만족합니다",
        "SentimentWord": "4",
        "SentimentPolarity": "1"
      },
      {
        "Aspect": "가격",
        "SentimentText": "가격까지도 만족스럽네요",
        "SentimentWord": "2",
        "SentimentPolarity": "1"
      }
    ]
  },
  {
    "Index": "13502",
    "RawText": "부모님이 커서 마음에들고 화질도 좋으시데요.",
    "Source": "쇼핑몰",
    "Domain": "가전",
    "MainCategory": "영상/음향가전",
    "ProductName": "Crystal UHD 삼성전자 KU85UA7000FXKR 스탠드",
    "ReviewScore": "5",
    "Syllable": "24",
    "Word": "5",
    "RDate": "20211113",
    "GeneralPolarity": "1",
    "Aspects": [
      {
        "Aspect": "사이즈",
        "SentimentText": "커서 마음에들고",
        "SentimentWord": "2",
        "SentimentPolarity": "1"
      },
      {
        "Aspect": "화질",
        "SentimentText": " 화질도 좋으시데요.",
        "SentimentWord": "2",
        "SentimentPolarity": "1"
      }
    ]
  },
  {
    "Index": "13503",
    "RawText": "85인치 대형티비 구매 했는데 화면이 아주 커서 좋아요 기사님이 친절히 설치해 주셔서 좋았습니다. 가성비 좋은 브랜드티비 잘 구매했네요^^",
    "Source": "쇼핑몰",
    "Domain": "가전",
    "MainCategory": "영상/음향가전",
    "ProductName": "Crystal UHD 삼성전자 KU85UA7000FXKR 스탠드",
    "ReviewScore": "5",
    "Syllable": "77",
    "Word": "18",
    "RDate": "20211128",
    "Aspects": [
      {
        "Aspect": "사이즈",
        "SentimentText": "85인치 대형티비 구매 했는데 화면이 아주 커서 좋아요",
        "SentimentWord": "8",
        "SentimentPolarity": "1"
      },
      {
        "Aspect": "가격",
        "SentimentText": "가성비 좋은 브랜드티비 잘 구매했네요^^",
        "SentimentWord": "5",
        "SentimentPolarity": "1"
      }
    ]
  },
  {
    "Index": "13504",
    "RawText": "사이즈가 크고넓고 좋습니다 내구성이 그리 좋은지는 모르겠어요 그럭저럭 입니다 흠....",
    "Source": "쇼핑몰",
    "Domain": "가전",
    "MainCategory": "영상/음향가전",
    "ProductName": "Crystal UHD 삼성전자 KU85UA7000FXKR 스탠드",
    "ReviewScore": "5",
    "Syllable": "48",
    "Word": "10",
    "RDate": "20220127",
    "Aspects": [
      {
        "Aspect": "사이즈",
        "SentimentText": "사이즈가 크고넓고 좋습니다",
        "SentimentWord": "3",
        "SentimentPolarity": "1"
      },
      {
        "Aspect": "내구성",
        "SentimentText": "내구성이 그리 좋은지는 모르겠어요 그럭저럭 입니다 흠....",
        "SentimentWord": "7",
        "SentimentPolarity": "0"
      }
    ]
  },
  {
    "Index": "13505",
    "RawText": "크다고 생각했는데 막상 설치하고 적응되니 커서 오히려 좋습니다~ 품질 좋은제품 덕분에 잘구매했네요.",
    "Source": "쇼핑몰",
    "Domain": "가전",
    "MainCategory": "영상/음향가전",
    "ProductName": "Crystal UHD 삼성전자 KU85UA7000FXKR 스탠드",
    "ReviewScore": "5",
    "Syllable": "55",
    "Word": "12",
    "RDate": "20220112",
    "GeneralPolarity": "1",
    "Aspects": [
      {
        "Aspect": "사이즈",
        "SentimentText": "크다고 생각했는데 막상 설치하고 적응되니 커서 오히려 좋습니다~",
        "SentimentWord": "8",
        "SentimentPolarity": "1"
      },
      {
        "Aspect": "품질",
        "SentimentText": "품질 좋은제품 덕분에 잘구매했네요.",
        "SentimentWord": "4",
        "SentimentPolarity": "1"
      }
    ]
  },
  {
    "Index": "13506",
    "RawText": "TV화질 선명하고 좋아요. 집이 영화관 같아요~ 리모컨 하나로 컨트롤 할 수 있어서 좋아요~ 배송도 빨라서 좋았어요~",
    "Source": "쇼핑몰",
    "Domain": "가전",
    "MainCategory": "영상/음향가전",
    "ProductName": "Crystal UHD 삼성전자 KU85UA7000FXKR 스탠드",
    "ReviewScore": "5",
    "Syllable": "65",
    "Word": "16",
    "RDate": "20220124",
    "Aspects": [
      {
        "Aspect": "화질",
        "SentimentText": "TV화질 선명하고 좋아요. 집이 영화관 같아요~",
        "SentimentWord": "6",
        "SentimentPolarity": "1"
      },
      {
        "Aspect": "조작성",
        "SentimentText": "리모컨 하나로 컨트롤 할 수 있어서 좋아요~",
        "SentimentWord": "7",
        "SentimentPolarity": "1"
      }
    ]
  },
  {
    "Index": "13507",
    "RawText": "이벤트로 저렴하게 하게 구매해서 만족해요~기사님들도 친절하고 잘 설치해주셨어요~ 작동 잘되고 아주 만족합니다^^ 품질 굿~!",
    "Source": "쇼핑몰",
    "Domain": "가전",
    "MainCategory": "영상/음향가전",
    "ProductName": "Crystal UHD 삼성전자 KU85UA7000FXKR 스탠드",
    "ReviewScore": "5",
    "Syllable": "69",
    "Word": "14",
    "RDate": "20211116",
    "Aspects": [
      {
        "Aspect": "가격",
        "SentimentText": "이벤트로 저렴하게 하게 구매해서 만족해요~",
        "SentimentWord": "5",
        "SentimentPolarity": "1"
      },
      {
        "Aspect": "품질",
        "SentimentText": "작동 잘되고 아주 만족합니다^^ 품질 굿~!",
        "SentimentWord": "6",
        "SentimentPolarity": "1"
      }
    ]
  },
  {
    "Index": "13508",
    "RawText": "친절하게 설치해 주셨어요~ 오티티 즐겨보는데 티비로 바로보니 정말 편하네요~ 가격도 저렴하게 잘 산 것 같아요.",
    "Source": "쇼핑몰",
    "Domain": "가전",
    "MainCategory": "영상/음향가전",
    "ProductName": "Crystal UHD 삼성전자 KU85UA7000FXKR 스탠드",
    "ReviewScore": "5",
    "Syllable": "62",
    "Word": "15",
    "RDate": "20210810",
    "Aspects": [
      {
        "Aspect": "편의성",
        "SentimentText": "오티티 즐겨보는데 티비로 바로보니 정말 편하네요~",
        "SentimentWord": "6",
        "SentimentPolarity": "1"
      },
      {
        "Aspect": "가격",
        "SentimentText": "가격도 저렴하게 잘 산 것 같아요.",
        "SentimentWord": "6",
        "SentimentPolarity": "1"
      }
    ]
  },
  {
    "Index": "13509",
    "RawText": "정확한 배송과 설치 좋았습니다. 시원시원한 화면이 보기에 좋구요^^ 응답속도도 빠르니 만족스럽죠",
    "Source": "쇼핑몰",
    "Domain": "가전",
    "MainCategory": "영상/음향가전",
    "ProductName": "Crystal UHD 삼성전자 KU85UA7000FXKR 스탠드",
    "ReviewScore": "5",
    "Syllable": "53",
    "Word": "11",
    "RDate": "20220629",
    "Aspects": [
      {
        "Aspect": "사이즈",
        "SentimentText": "시원시원한 화면이 보기에 좋구요^^",
        "SentimentWord": "4",
        "SentimentPolarity": "1"
      },
      {
        "Aspect": "시간/속도",
        "SentimentText": "응답속도도 빠르니 만족스럽죠",
        "SentimentWord": "3",
        "SentimentPolarity": "1"
      }
    ]
  },
  {
    "Index": "13510",
    "RawText": "엄청나게 커서 티비 볼맛이 나네요~ 다만, 빛반사땜에 화면이 가려져서 아쉬워요. ㅠ",
    "Source": "쇼핑몰",
    "Domain": "가전",
    "MainCategory": "영상/음향가전",
    "ProductName": "Crystal UHD 삼성전자 KU85UA7000FXKR 스탠드",
    "ReviewScore": "5",
    "Syllable": "46",
    "Word": "11",
    "RDate": "20220512",
    "GeneralPolarity": "0",
    "Aspects": [
      {
        "Aspect": "사이즈",
        "SentimentText": "엄청나게 커서 티비 볼맛이 나네요~ ",
        "SentimentWord": "5",
        "SentimentPolarity": "1"
      },
      {
        "Aspect": "화질",
        "SentimentText": "다만, 빛반사땜에 화면이 가려져서 아쉬워요. ㅠ",
        "SentimentWord": "6",
        "SentimentPolarity": "-1"
      }
    ]
  },
  {
    "Index": "13511",
    "RawText": "엄청난 사이즈 대박입니다~ 음량도 크고 좋아서 영화 한 개 틀어놓으니 바로 영화관 되네요. ^ ^많이 파세요. ~~~",
    "Source": "쇼핑몰",
    "Domain": "가전",
    "MainCategory": "영상/음향가전",
    "ProductName": "Crystal UHD 삼성전자 KU85UA7000FXKR 스탠드",
    "ReviewScore": "5",
    "Syllable": "65",
    "Word": "17",
    "RDate": "20211202",
    "Aspects": [
      {
        "Aspect": "사이즈",
        "SentimentText": "엄청난 사이즈 대박입니다~",
        "SentimentWord": "3",
        "SentimentPolarity": "1"
      },
      {
        "Aspect": "음량/음질",
        "SentimentText": "음량도 크고 좋아서 영화 한 개 틀어놓으니 바로 영화관 되네요. ^ ^",
        "SentimentWord": "12",
        "SentimentPolarity": "1"
      }
    ]
  },
  {
    "Index": "13512",
    "RawText": "엄청난크기 매우 좋습니다. 그에비해 화질은 그저그렇네요 ㅜ",
    "Source": "쇼핑몰",
    "Domain": "가전",
    "MainCategory": "영상/음향가전",
    "ProductName": "Crystal UHD 삼성전자 KU85UA7000FXKR 스탠드",
    "ReviewScore": "5",
    "Syllable": "32",
    "Word": "7",
    "RDate": "20211119",
    "Aspects": [
      {
        "Aspect": "사이즈",
        "SentimentText": "엄청난크기 매우 좋습니다.",
        "SentimentWord": "3",
        "SentimentPolarity": "1"
      },
      {
        "Aspect": "화질",
        "SentimentText": "그에비해 화질은 그저그렇네요 ㅜ",
        "SentimentWord": "4",
        "SentimentPolarity": "-1"
      }
    ]
  },
  {
    "Index": "13514",
    "RawText": "티비 큰거로 구입했더니 와이프가 제일 좋아하네요~단순히 벽걸이 티비로 걸었는데 디자인도 이뻐서 다른 인테리어가 필요없을 정도에요~ 화질도 괜찮구~ 성능도 좋아요~",
    "Source": "쇼핑몰",
    "Domain": "가전",
    "MainCategory": "영상/음향가전",
    "ProductName": "Crystal UHD 삼성전자 KU85UA7000FXKR 스탠드",
    "ReviewScore": "5",
    "Syllable": "90",
    "Word": "19",
    "RDate": "20220804",
    "GeneralPolarity": "1",
    "Aspects": [
      {
        "Aspect": "사이즈",
        "SentimentText": "티비 큰거로 구입했더니 와이프가 제일 좋아하네요~",
        "SentimentWord": "6",
        "SentimentPolarity": "1"
      },
      {
        "Aspect": "디자인",
        "SentimentText": "단순히 벽걸이 티비로 걸었는데 디자인도 이뻐서 다른 인테리어가 필요없을 정도에요~ ",
        "SentimentWord": "10",
        "SentimentPolarity": "1"
      },
      {
        "Aspect": "화질",
        "SentimentText": "화질도 괜찮구~",
        "SentimentWord": "2",
        "SentimentPolarity": "1"
      },
      {
        "Aspect": "기능",
        "SentimentText": "성능도 좋아요~",
        "SentimentWord": "2",
        "SentimentPolarity": "1"
      }
    ]
  },
  {
    "Index": "13515",
    "RawText": "티비는 크면클수록 좋아요~ 소리도 잡음 없이 잘나오고 집에서 영화보는느낌이네요. 배송도 금방해주니 좋네요. 추천합니다~",
    "Source": "쇼핑몰",
    "Domain": "가전",
    "MainCategory": "영상/음향가전",
    "ProductName": "Crystal UHD 삼성전자 KU85UA7000FXKR 스탠드",
    "ReviewScore": "5",
    "Syllable": "66",
    "Word": "13",
    "RDate": "20211204",
    "Aspects": [
      {
        "Aspect": "사이즈",
        "SentimentText": "티비는 크면클수록 좋아요~",
        "SentimentWord": "3",
        "SentimentPolarity": "1"
      },
      {
        "Aspect": "음량/음질",
        "SentimentText": "소리도 잡음 없이 잘나오고 집에서 영화보는느낌이네요.",
        "SentimentWord": "6",
        "SentimentPolarity": "1"
      }
    ]
  },
  {
    "Index": "13516",
    "RawText": "아주 빨리 배송 후 설치되어서 매우 만족 화면이 커서 좋고 선명해서 영화시청하기에 너무 좋아요",
    "Source": "쇼핑몰",
    "Domain": "가전",
    "MainCategory": "영상/음향가전",
    "ProductName": "Crystal UHD 삼성전자 KU85UA7000FXKR 스탠드",
    "ReviewScore": "5",
    "Syllable": "52",
    "Word": "14",
    "RDate": "20220721",
    "Aspects": [
      {
        "Aspect": "사이즈",
        "SentimentText": "화면이 커서 좋고",
        "SentimentWord": "3",
        "SentimentPolarity": "1"
      },
      {
        "Aspect": "화질",
        "SentimentText": "선명해서 영화시청하기에 너무 좋아요",
        "SentimentWord": "4",
        "SentimentPolarity": "1"
      }
    ]
  },
  {
    "Index": "13517",
    "RawText": "와~ 1달 걸려서 지쳐갈때쯤 배송 옵니다..;; 화질은 방송사마다 달라요  사운드바있고 없고 차이납니다 음질은 좋긴 좋네요",
    "Source": "쇼핑몰",
    "Domain": "가전",
    "MainCategory": "영상/음향가전",
    "ProductName": "Crystal UHD 삼성전자 KU85UA7000FXKR 스탠드",
    "ReviewScore": "4",
    "Syllable": "68",
    "Word": "15",
    "RDate": "20211214",
    "Aspects": [
      {
        "Aspect": "화질",
        "SentimentText": "화질은 방송사마다 달라요 ",
        "SentimentWord": "3",
        "SentimentPolarity": "-1"
      },
      {
        "Aspect": "음량/음질",
        "SentimentText": "사운드바있고 없고 차이납니다 음질은 좋긴 좋네요",
        "SentimentWord": "6",
        "SentimentPolarity": "1"
      }
    ]
  },
  {
    "Index": "13519",
    "RawText": "디자인은 단조롭고 별로지만 착한 가격에 잘 샀어요. 설치 기사님이 친절하시니 기분까지 좋아서 만족해요",
    "Source": "쇼핑몰",
    "Domain": "가전",
    "MainCategory": "영상/음향가전",
    "ProductName": "Crystal UHD 삼성전자 KU85UA7000FXKR 스탠드",
    "ReviewScore": "4",
    "Syllable": "56",
    "Word": "13",
    "RDate": "20220826",
    "Aspects": [
      {
        "Aspect": "디자인",
        "SentimentText": "디자인은 단조롭고 별로지만",
        "SentimentWord": "3",
        "SentimentPolarity": "-1"
      },
      {
        "Aspect": "가격",
        "SentimentText": "착한 가격에 잘 샀어요.",
        "SentimentWord": "4",
        "SentimentPolarity": "1"
      }
    ]
  },
  {
    "Index": "13521",
    "RawText": "크기가 크니까 너무 만족하죵^^ 그다음으로 만족스러운 부분은 화질이예요~ 빛반사가 없으니 조명을 안꺼도 잘보이네요~",
    "Source": "쇼핑몰",
    "Domain": "가전",
    "MainCategory": "영상/음향가전",
    "ProductName": "Crystal UHD 삼성전자 KU85UA7000FXKR 스탠드",
    "ReviewScore": "5",
    "Syllable": "64",
    "Word": "13",
    "RDate": "20220414",
    "GeneralPolarity": "1",
    "Aspects": [
      {
        "Aspect": "사이즈",
        "SentimentText": "크기가 크니까 너무 만족하죵^^",
        "SentimentWord": "4",
        "SentimentPolarity": "1"
      },
      {
        "Aspect": "화질",
        "SentimentText": "그다음으로 만족스러운 부분은 화질이예요~ 빛반사가 없으니 조명을 안꺼도 잘보이네요~",
        "SentimentWord": "9",
        "SentimentPolarity": "1"
      }
    ]
  },
  {
    "Index": "13522",
    "RawText": "잘받고 잘 설치 했습니다. 역시 화면이 큰것이 좋아요^^ 사운드 바도 빵빵한게 좋네요 ㅎㅎ 전체적으로 대만족이예요~ 우퍼는 벽걸이타입으로 했으면 더좋껀데요 업체불러서 하려니 왠지 이중지출같은 느낌이에요 좀 아쉽습니다",
    "Source": "쇼핑몰",
    "Domain": "가전",
    "MainCategory": "영상/음향가전",
    "ProductName": "Crystal UHD 삼성전자 KU85UA7000FXKR 스탠드",
    "ReviewScore": "5",
    "Syllable": "120",
    "Word": "26",
    "RDate": "20211210",
    "GeneralPolarity": "1",
    "Aspects": [
      {
        "Aspect": "사이즈",
        "SentimentText": "역시 화면이 큰것이 좋아요^^",
        "SentimentWord": "4",
        "SentimentPolarity": "1"
      },
      {
        "Aspect": "음량/음질",
        "SentimentText": "사운드 바도 빵빵한게 좋네요 ㅎㅎ 전체적으로 대만족이예요~",
        "SentimentWord": "7",
        "SentimentPolarity": "1"
      },
      {
        "Aspect": "조작성",
        "SentimentText": "우퍼는 벽걸이타입으로 했으면 더좋껀데요 업체불러서 하려니 왠지 이중지출같은 느낌이에요 좀 아쉽습니다",
        "SentimentWord": "11",
        "SentimentPolarity": "-1"
      }
    ]
  },
  {
    "Index": "13523",
    "RawText": "정말 큽니다요 흠... 화질이 좋으니 영화 볼 맛이나요^^ 친절한 설치기사님 잘설치해주셨어요~",
    "Source": "쇼핑몰",
    "Domain": "가전",
    "MainCategory": "영상/음향가전",
    "ProductName": "Crystal UHD 삼성전자 KU85UA7000FXKR 스탠드",
    "ReviewScore": "5",
    "Syllable": "52",
    "Word": "11",
    "RDate": "20220304",
    "Aspects": [
      {
        "Aspect": "사이즈",
        "SentimentText": "정말 큽니다요 흠...",
        "SentimentWord": "3",
        "SentimentPolarity": "0"
      },
      {
        "Aspect": "화질",
        "SentimentText": "화질이 좋으니 영화 볼 맛이나요^",
        "SentimentWord": "5",
        "SentimentPolarity": "1"
      }
    ]
  },
  {
    "Index": "13525",
    "RawText": "가격이 좋아서 잘 구매했어요~배송이랑 설치까지 모두 만족스럽구요^^ 다른 기기랑 연결성이 좋아서 편리해요~",
    "Source": "쇼핑몰",
    "Domain": "가전",
    "MainCategory": "영상/음향가전",
    "ProductName": "Crystal UHD 삼성전자 KU85UA7000FXKR 스탠드",
    "ReviewScore": "5",
    "Syllable": "59",
    "Word": "12",
    "RDate": "20220710",
    "Aspects": [
      {
        "Aspect": "가격",
        "SentimentText": "가격이 좋아서 잘 구매했어요~",
        "SentimentWord": "4",
        "SentimentPolarity": "1"
      },
      {
        "Aspect": "편의성",
        "SentimentText": "다른 기기랑 연결성이 좋아서 편리해요~",
        "SentimentWord": "5",
        "SentimentPolarity": "1"
      }
    ]
  },
  {
    "Index": "13526",
    "RawText": "가격도 저렴하고 티비 화면도 깨끗하게 잘 나와여~ 배송도 빠르고 설치도 친절하게 해주셔서 감사드려여~^^",
    "Source": "쇼핑몰",
    "Domain": "가전",
    "MainCategory": "영상/음향가전",
    "ProductName": "Crystal UHD 삼성전자 KU85UA7000FXKR 스탠드",
    "ReviewScore": "5",
    "Syllable": "58",
    "Word": "13",
    "RDate": "20210614",
    "Aspects": [
      {
        "Aspect": "가격",
        "SentimentText": "가격도 저렴하고",
        "SentimentWord": "2",
        "SentimentPolarity": "1"
      },
      {
        "Aspect": "화질",
        "SentimentText": "티비 화면도 깨끗하게 잘 나와여~",
        "SentimentWord": "5",
        "SentimentPolarity": "1"
      }
    ]
  },
  {
    "Index": "13528",
    "RawText": "마감이 깔끔하고 튼튼해 보여 만족스럽네요^^ 해상도도 높고 화질이 선명해서 좋은데 제품을 실물로 보니 크기가 너무 작아 보여서 실망 했어요ㅠㅠ",
    "Source": "쇼핑몰",
    "Domain": "가전",
    "MainCategory": "영상/음향가전",
    "ProductName": "Crystal UHD 삼성전자 KU85UA7000FXKR 스탠드",
    "ReviewScore": "5",
    "Syllable": "79",
    "Word": "19",
    "RDate": "20220706",
    "GeneralPolarity": "0",
    "Aspects": [
      {
        "Aspect": "품질",
        "SentimentText": "마감이 깔끔하고 튼튼해 보여 만족스럽네요^^",
        "SentimentWord": "5",
        "SentimentPolarity": "1"
      },
      {
        "Aspect": "화질",
        "SentimentText": "해상도도 높고 화질이 선명해서 좋은데",
        "SentimentWord": "5",
        "SentimentPolarity": "1"
      },
      {
        "Aspect": "사이즈",
        "SentimentText": "실물로 보니 크기가 너무 작아 보여서 실망 했어요ㅠㅠ",
        "SentimentWord": "8",
        "SentimentPolarity": "-1"
      }
    ]
  },
  {
    "Index": "13529",
    "RawText": "크기도 어마어마해요 그래서 좋아요 화질도 짱짱 완전 좋은데요?! 설치도 꼼꼼하게 잘 해시네요~그런데 한달을 기다렸어요 오래걸렸죠ㅜ",
    "Source": "쇼핑몰",
    "Domain": "가전",
    "MainCategory": "영상/음향가전",
    "ProductName": "Crystal UHD 삼성전자 KU85UA7000FXKR 스탠드",
    "ReviewScore": "5",
    "Syllable": "72",
    "Word": "15",
    "RDate": "20211202",
    "Aspects": [
      {
        "Aspect": "사이즈",
        "SentimentText": "크기도 어마어마해요 그래서 좋아요",
        "SentimentWord": "4",
        "SentimentPolarity": "1"
      },
      {
        "Aspect": "화질",
        "SentimentText": "화질도 짱짱 완전 좋은데요?!",
        "SentimentWord": "4",
        "SentimentPolarity": "1"
      }
    ]
  },
  {
    "Index": "13530",
    "RawText": "역시 티비는 커요~클수록 좋은것 같아요 그런데 클수록 화질이 떨어지는 듯 한건 저의 느낌일까요?;; 그런데 잡티가 덜 보이네요 이거사면 제품품질 후회없이 만족하실꺼예요~",
    "Source": "쇼핑몰",
    "Domain": "가전",
    "MainCategory": "영상/음향가전",
    "ProductName": "Crystal UHD 삼성전자 KU85UA7000FXKR 스탠드",
    "ReviewScore": "5",
    "Syllable": "94",
    "Word": "21",
    "RDate": "20220415",
    "GeneralPolarity": "1",
    "Aspects": [
      {
        "Aspect": "사이즈",
        "SentimentText": "역시 티비는 커요~클수록 좋은것 같아요",
        "SentimentWord": "5",
        "SentimentPolarity": "1"
      },
      {
        "Aspect": "화질",
        "SentimentText": "그런데 클수록 화질이 떨어지는 듯 한건 저의 느낌일까요?;; 그런데 잡티가 덜 보이네요 ",
        "SentimentWord": "12",
        "SentimentPolarity": "0"
      },
      {
        "Aspect": "품질",
        "SentimentText": "이거사면 제품품질 후회없이 만족하실꺼예요~",
        "SentimentWord": "4",
        "SentimentPolarity": "1"
      }
    ]
  },
  {
    "Index": "13531",
    "RawText": "와우 배송이  빠릅니닷^^ 가성비는 높은 제품이예요~ 하지만 화질은 평범쏘쏘해요~ 사운드바는 가격에 비해  높은수준의 음질을 제공해주어요~",
    "Source": "쇼핑몰",
    "Domain": "가전",
    "MainCategory": "영상/음향가전",
    "ProductName": "Crystal UHD 삼성전자 KU85UA7000FXKR 스탠드",
    "ReviewScore": "5",
    "Syllable": "77",
    "Word": "15",
    "RDate": "20220824",
    "Aspects": [
      {
        "Aspect": "가격",
        "SentimentText": "가성비는 높은 제품이예요~",
        "SentimentWord": "3",
        "SentimentPolarity": "1"
      },
      {
        "Aspect": "화질",
        "SentimentText": " 하지만 화질은 평범쏘쏘해요~",
        "SentimentWord": "3",
        "SentimentPolarity": "0"
      },
      {
        "Aspect": "음량/음질",
        "SentimentText": "사운드바는 가격에 비해  높은수준의 음질을 제공해주어요~",
        "SentimentWord": "6",
        "SentimentPolarity": "1"
      }
    ]
  },
  {
    "Index": "13532",
    "RawText": "티비가 크니 좋습니다^^ 하지만 방송사 송출 화질이 4k가 아니여서 일반 방송 화질이 생각보다는 떨어져서 아쉽네요 참고하세요",
    "Source": "쇼핑몰",
    "Domain": "가전",
    "MainCategory": "영상/음향가전",
    "ProductName": "Crystal UHD 삼성전자 KU85UA7000FXKR 스탠드",
    "ReviewScore": "5",
    "Syllable": "69",
    "Word": "16",
    "RDate": "20220801",
    "GeneralPolarity": "0",
    "Aspects": [
      {
        "Aspect": "사이즈",
        "SentimentText": "티비가 크니 좋습니다^^",
        "SentimentWord": "3",
        "SentimentPolarity": "1"
      },
      {
        "Aspect": "화질",
        "SentimentText": "하지만 방송사 송출 화질이 4k가 아니여서 일반 방송 화질이 생각보다는 떨어져서 아쉽네요 참고하세요",
        "SentimentWord": "13",
        "SentimentPolarity": "-1"
      }
    ]
  },
  {
    "Index": "13533",
    "RawText": "스텐드형으로 구입했는데 티비가 얇다보니 벽면에 밀착된 느낌이 아주 끝장입니다. 화면이 커서 화질이 걱정됐는데 전혀 그런거 없어요. 완전 좋은데요 거실에 놔두니 진짜 영화관이 따로 없습니다. 배송기사님도 친절하시고 정말 OOO제품 최곱니다.",
    "Source": "쇼핑몰",
    "Domain": "가전",
    "MainCategory": "영상/음향가전",
    "ProductName": "Crystal UHD 삼성전자 KU85UA7000FXKR 스탠드",
    "ReviewScore": "5",
    "Syllable": "133",
    "Word": "29",
    "RDate": "20220519",
    "Aspects": [
      {
        "Aspect": "사이즈",
        "SentimentText": "티비가 얇다보니 벽면에 밀착된 느낌이 아주 끝장입니다.",
        "SentimentWord": "7",
        "SentimentPolarity": "1"
      },
      {
        "Aspect": "화질",
        "SentimentText": "화면이 커서 화질이 걱정됐는데 전혀 그런거 없어요. 완전 좋은데요",
        "SentimentWord": "9",
        "SentimentPolarity": "1"
      },
      {
        "Aspect": "제조일/제조사",
        "SentimentText": "정말 OOO제품 최곱니다.",
        "SentimentWord": "3",
        "SentimentPolarity": "1"
      }
    ]
  },
  {
    "Index": "13534",
    "RawText": "처음엔 티비 사이즈가 커 눈이 피로했는데 지금은 크니까 너무 좋아요. 티비를 너무 가깝게 봐서 그랬나봐요ㅋ 화면이 선명하고 생동감 있어서 너무 만족합니다~",
    "Source": "쇼핑몰",
    "Domain": "가전",
    "MainCategory": "영상/음향가전",
    "ProductName": "Crystal UHD 삼성전자 KU85UA7000FXKR 스탠드",
    "ReviewScore": "5",
    "Syllable": "86",
    "Word": "21",
    "RDate": "20220715",
    "GeneralPolarity": "1",
    "Aspects": [
      {
        "Aspect": "사이즈",
        "SentimentText": "처음엔 티비 사이즈가 커 눈이 피로했는데 지금은 크니까 너무 좋아요.",
        "SentimentWord": "10",
        "SentimentPolarity": "1"
      },
      {
        "Aspect": "화질",
        "SentimentText": "화면이 선명하고 생동감 있어서 너무 만족합니다~",
        "SentimentWord": "6",
        "SentimentPolarity": "1"
      }
    ]
  },
  {
    "Index": "13535",
    "RawText": "리모컨하나로 많은 콘텐츠를 즐길수 있어 좋아요 ㅎ ㅎ  베젤이 거의 없어 화면이 엄청 커보여요~ ",
    "Source": "쇼핑몰",
    "Domain": "가전",
    "MainCategory": "영상/음향가전",
    "ProductName": "Crystal UHD 삼성전자 KU85UA7000FXKR 스탠드",
    "ReviewScore": "5",
    "Syllable": "54",
    "Word": "14",
    "RDate": "20211116",
    "GeneralPolarity": "1",
    "Aspects": [
      {
        "Aspect": "편의성",
        "SentimentText": "리모컨하나로 많은 콘텐츠를 즐길수 있어 좋아요 ㅎ ㅎ",
        "SentimentWord": "8",
        "SentimentPolarity": "1"
      },
      {
        "Aspect": "사이즈",
        "SentimentText": " 베젤이 거의 없어 화면이 엄청 커보여요~",
        "SentimentWord": "6",
        "SentimentPolarity": "1"
      }
    ]
  },
  {
    "Index": "13536",
    "RawText": "역시 넓고 크니까 뻥 뚫리는 기분이네요 좋아요 굿~ 리모컨이 너무 간소화 되서 조작하기가 힘든게 단점이네요",
    "Source": "쇼핑몰",
    "Domain": "가전",
    "MainCategory": "영상/음향가전",
    "ProductName": "Crystal UHD 삼성전자 KU85UA7000FXKR 스탠드",
    "ReviewScore": "5",
    "Syllable": "59",
    "Word": "15",
    "RDate": "20211111",
    "GeneralPolarity": "0",
    "Aspects": [
      {
        "Aspect": "사이즈",
        "SentimentText": "역시 넓고 크니까 뻥 뚫리는 기분이네요 좋아요 굿~",
        "SentimentWord": "8",
        "SentimentPolarity": "1"
      },
      {
        "Aspect": "조작성",
        "SentimentText": "리모컨이 너무 간소화 되서 조작하기가 힘든게 단점이네요",
        "SentimentWord": "7",
        "SentimentPolarity": "-1"
      }
    ]
  },
  {
    "Index": "13537",
    "RawText": "티비는 클수록 좋다는 말에 실감했어요 적극 추천해요 클수록 좋아요 그런데 소재는 다른제품과 차이는 없어요 그럭저럭...",
    "Source": "쇼핑몰",
    "Domain": "가전",
    "MainCategory": "영상/음향가전",
    "ProductName": "Crystal UHD 삼성전자 KU85UA7000FXKR 스탠드",
    "ReviewScore": "5",
    "Syllable": "66",
    "Word": "15",
    "RDate": "20220803",
    "GeneralPolarity": "0",
    "Aspects": [
      {
        "Aspect": "사이즈",
        "SentimentText": "티비는 클수록 좋다는 말에 실감했어요 적극 추천해요 클수록 좋아요",
        "SentimentWord": "9",
        "SentimentPolarity": "1"
      },
      {
        "Aspect": "소재",
        "SentimentText": "그런데 소재는 다른제품과 차이는 없어요 그럭저럭...",
        "SentimentWord": "6",
        "SentimentPolarity": "0"
      }
    ]
  },
  {
    "Index": "13538",
    "RawText": "공동구매하니 착한 가격으로 구매했어요^^ 티비로 영상을 바로 검색해서 볼 수 있으니 정말 편해요. 친절한 고객서비스를 해주시는 설치기사님이 최상입니다. 번창하세요.",
    "Source": "쇼핑몰",
    "Domain": "가전",
    "MainCategory": "영상/음향가전",
    "ProductName": "Crystal UHD 삼성전자 KU85UA7000FXKR 스탠드",
    "ReviewScore": "5",
    "Syllable": "91",
    "Word": "19",
    "RDate": "20211130",
    "Aspects": [
      {
        "Aspect": "가격",
        "SentimentText": "공동구매하니 착한 가격으로 구매했어요^^",
        "SentimentWord": "4",
        "SentimentPolarity": "1"
      },
      {
        "Aspect": "편의성",
        "SentimentText": "티비로 영상을 바로 검색해서 볼 수 있으니 정말 편해요.",
        "SentimentWord": "9",
        "SentimentPolarity": "1"
      }
    ]
  },
  {
    "Index": "13539",
    "RawText": "화면큰것에대한 걱정은 노노!! 정말 시원하니 보기 좋아욧^^. 극장 같네요. 음질도 짱좋으니 적극 추천합니다",
    "Source": "쇼핑몰",
    "Domain": "가전",
    "MainCategory": "영상/음향가전",
    "ProductName": "Crystal UHD 삼성전자 KU85UA7000FXKR 스탠드",
    "ReviewScore": "5",
    "Syllable": "60",
    "Word": "13",
    "RDate": "20220405",
    "GeneralPolarity": "1",
    "Aspects": [
      {
        "Aspect": "사이즈",
        "SentimentText": "화면큰것에대한 걱정은 노노!! 정말 시원하니 보기 좋아욧^^. 극장 같네요.",
        "SentimentWord": "9",
        "SentimentPolarity": "1"
      },
      {
        "Aspect": "음량/음질",
        "SentimentText": "음질도 짱좋으니 적극 추천합니다",
        "SentimentWord": "4",
        "SentimentPolarity": "1"
      }
    ]
  },
  {
    "Index": "13540",
    "RawText": "화질도 짱좋구만요~ 사운드바를 사은품 받았는데 사운드도 아주 만족합니다.좋아요^^",
    "Source": "쇼핑몰",
    "Domain": "가전",
    "MainCategory": "영상/음향가전",
    "ProductName": "Crystal UHD 삼성전자 KU85UA7000FXKR 스탠드",
    "ReviewScore": "5",
    "Syllable": "45",
    "Word": "8",
    "RDate": "20211206",
    "GeneralPolarity": "1",
    "Aspects": [
      {
        "Aspect": "화질",
        "SentimentText": "화질도 짱좋구만요~",
        "SentimentWord": "2",
        "SentimentPolarity": "1"
      },
      {
        "Aspect": "제품구성",
        "SentimentText": "사운드바를 사은품 받았는데 사운드도 아주 만족합니다.좋아요^^",
        "SentimentWord": "6",
        "SentimentPolarity": "1"
      }
    ]
  },
  {
    "Index": "13541",
    "RawText": "화질도 생각보다 좋지요  디자인도 깔끔하고 좋은데요 품질에 약간 문제가 있어보여요 아직은 좋아 보이긴 하지만 며칠더 두고볼께요~ 설치는 깔끔하게 진짜 짱입니다",
    "Source": "쇼핑몰",
    "Domain": "가전",
    "MainCategory": "영상/음향가전",
    "ProductName": "Crystal UHD 삼성전자 KU85UA7000FXKR 스탠드",
    "ReviewScore": "5",
    "Syllable": "88",
    "Word": "20",
    "RDate": "20220108",
    "Aspects": [
      {
        "Aspect": "화질",
        "SentimentText": "화질도 생각보다 좋지요",
        "SentimentWord": "3",
        "SentimentPolarity": "1"
      },
      {
        "Aspect": "디자인",
        "SentimentText": "디자인도 깔끔하고 좋은데요 ",
        "SentimentWord": "3",
        "SentimentPolarity": "1"
      },
      {
        "Aspect": "품질",
        "SentimentText": " 품질에 약간 문제가 있어보여요 아직은 좋아 보이긴 하지만 며칠더 두고볼께요~",
        "SentimentWord": "10",
        "SentimentPolarity": "0"
      }
    ]
  },
  {
    "Index": "13542",
    "RawText": "85인치초이스는 정말 잘한것같아요화질 정말좋거든요^^ 성능도 더말할것없이 정말좋고요 벽걸이구성 설치도 깔끔하니 비용도 별도로 없고   잘쓸께요~굿",
    "Source": "쇼핑몰",
    "Domain": "가전",
    "MainCategory": "영상/음향가전",
    "ProductName": "Crystal UHD 삼성전자 KU85UB8100FXKR 스탠드",
    "ReviewScore": "5",
    "Syllable": "81",
    "Word": "14",
    "RDate": "20220730",
    "GeneralPolarity": "1",
    "Aspects": [
      {
        "Aspect": "화질",
        "SentimentText": "85인치초이스는 정말 잘한것같아요화질 정말좋거든요^^ ",
        "SentimentWord": "4",
        "SentimentPolarity": "1"
      },
      {
        "Aspect": "기능",
        "SentimentText": "성능도 더말할것없이 정말좋고요",
        "SentimentWord": "3",
        "SentimentPolarity": "1"
      },
      {
        "Aspect": "제품구성",
        "SentimentText": "벽걸이구성 설치도 깔끔하니 비용도 별도로 없고   잘쓸께요~굿",
        "SentimentWord": "7",
        "SentimentPolarity": "1"
      }
    ]
  },
  {
    "Index": "13543",
    "RawText": "배송도 빠르니 좋아요^^ 설치도 깔끔하게 아주 잘해 주셔서 감사합니다. 화면은 커서 좋은데 화질은 조금 선명하지가 않은것같아서 약간 아쉬워요.하지만 만족합니다.",
    "Source": "쇼핑몰",
    "Domain": "가전",
    "MainCategory": "영상/음향가전",
    "ProductName": "Crystal UHD 삼성전자 KU85UB8100FXKR 스탠드",
    "ReviewScore": "5",
    "Syllable": "89",
    "Word": "19",
    "RDate": "20220611",
    "Aspects": [
      {
        "Aspect": "사이즈",
        "SentimentText": "화면은 커서 좋은데",
        "SentimentWord": "3",
        "SentimentPolarity": "1"
      },
      {
        "Aspect": "화질",
        "SentimentText": "화질은 조금 선명하지가 않은것같아서 약간 아쉬워요.",
        "SentimentWord": "6",
        "SentimentPolarity": "-1"
      }
    ]
  },
  {
    "Index": "13544",
    "RawText": "배송 빨라요~ 화질은 UHD 고화질이라 선명하고 좋아요~ 음질은 좀 별로인데 사운드바를 추가 구매해야 될 것 같아요...ㅠ",
    "Source": "쇼핑몰",
    "Domain": "가전",
    "MainCategory": "영상/음향가전",
    "ProductName": "Crystal UHD 삼성전자 KU85UB8100FXKR 스탠드",
    "ReviewScore": "5",
    "Syllable": "68",
    "Word": "16",
    "RDate": "20220714",
    "Aspects": [
      {
        "Aspect": "화질",
        "SentimentText": "화질은 UHD 고화질이라 선명하고 좋아요~",
        "SentimentWord": "5",
        "SentimentPolarity": "1"
      },
      {
        "Aspect": "음량/음질",
        "SentimentText": "음질은 좀 별로인데 사운드바를 추가 구매해야 될 것 같아요...ㅠ",
        "SentimentWord": "9",
        "SentimentPolarity": "-1"
      }
    ]
  },
  {
    "Index": "13545",
    "RawText": "배송도 칼배송으로 빨라서 좋아요  상품도 품질이 만족스러워요^^  설치기사분 벽걸이도 이상없이 친절하게 잘 해주셨어요 화질은 셋탑기준으로는 그럭저럭 쏘쏘해요. 그래도 가성비 만족입니닷",
    "Source": "쇼핑몰",
    "Domain": "가전",
    "MainCategory": "영상/음향가전",
    "ProductName": "Crystal UHD 삼성전자 KU85UB8100FXKR 스탠드",
    "ReviewScore": "5",
    "Syllable": "102",
    "Word": "20",
    "RDate": "20220725",
    "Aspects": [
      {
        "Aspect": "품질",
        "SentimentText": "상품도 품질이 만족스러워요^^",
        "SentimentWord": "3",
        "SentimentPolarity": "1"
      },
      {
        "Aspect": "화질",
        "SentimentText": "화질은 셋탑기준으로는 그럭저럭 쏘쏘해요.",
        "SentimentWord": "4",
        "SentimentPolarity": "0"
      },
      {
        "Aspect": "가격",
        "SentimentText": "그래도 가성비 만족입니닷",
        "SentimentWord": "3",
        "SentimentPolarity": "1"
      }
    ]
  },
  {
    "Index": "13546",
    "RawText": "배송도 빠르니까 좋아요  화면 크니 시원하게 보여 좋구요  큰데도  화질도 좋아요 굿뜨!  거기에 사은품 사운드바까지 좋은 선택입니다",
    "Source": "쇼핑몰",
    "Domain": "가전",
    "MainCategory": "영상/음향가전",
    "ProductName": "Crystal UHD 삼성전자 KU85UB8100FXKR 스탠드",
    "ReviewScore": "5",
    "Syllable": "74",
    "Word": "17",
    "RDate": "20220822",
    "Aspects": [
      {
        "Aspect": "사이즈",
        "SentimentText": "화면 크니 시원하게 보여 좋구요 ",
        "SentimentWord": "5",
        "SentimentPolarity": "1"
      },
      {
        "Aspect": "화질",
        "SentimentText": "큰데도  화질도 좋아요 굿뜨! ",
        "SentimentWord": "4",
        "SentimentPolarity": "1"
      },
      {
        "Aspect": "제품구성",
        "SentimentText": "거기에 사은품 사운드바까지 좋은 선택입니다",
        "SentimentWord": "5",
        "SentimentPolarity": "1"
      }
    ]
  },
  {
    "Index": "13548",
    "RawText": "선명하고 진한 검정색이 아니라서 많이 아쉬워요. 또 에너지효율도 4등급이네요 ㅠㅠ 앞으로 나올 전기세가 걱정이 되네요.",
    "Source": "쇼핑몰",
    "Domain": "가전",
    "MainCategory": "영상/음향가전",
    "ProductName": "Crystal UHD 삼성전자 KU85UB8100FXKR 스탠드",
    "ReviewScore": "5",
    "Syllable": "66",
    "Word": "15",
    "RDate": "20220820",
    "GeneralPolarity": "-1",
    "Aspects": [
      {
        "Aspect": "색상",
        "SentimentText": "선명하고 진한 검정색이 아니라서 많이 아쉬워요",
        "SentimentWord": "6",
        "SentimentPolarity": "-1"
      },
      {
        "Aspect": "소비전력",
        "SentimentText": "에너지효율도 4등급이네요 ㅠㅠ",
        "SentimentWord": "3",
        "SentimentPolarity": "-1"
      }
    ]
  },
  {
    "Index": "13549",
    "RawText": "화질은 화면이 깨지거나 노이즈도 안보이고 눈도 피로하지 않고 좋네요. 사운드는 평균 이하네요. 참고하세요.",
    "Source": "쇼핑몰",
    "Domain": "가전",
    "MainCategory": "영상/음향가전",
    "ProductName": "Crystal UHD 삼성전자 KU85UB8100FXKR 스탠드",
    "ReviewScore": "5",
    "Syllable": "59",
    "Word": "13",
    "RDate": "20220617",
    "Aspects": [
      {
        "Aspect": "화질",
        "SentimentText": "화질은 화면이 깨지거나 노이즈도 안보이고 눈도 피로하지 않고 좋네요.",
        "SentimentWord": "9",
        "SentimentPolarity": "1"
      },
      {
        "Aspect": "음량/음질",
        "SentimentText": "사운드는 평균 이하네요. 참고하세요.",
        "SentimentWord": "4",
        "SentimentPolarity": "-1"
      }
    ]
  },
  {
    "Index": "13550",
    "RawText": "가성비 좋은 가격에 잘 구매했어요. 공부하느라 인강 자주보는데 티비 연결해서 보니 좋네요. 배송도 엄청 빠르네요 굿이예요.",
    "Source": "쇼핑몰",
    "Domain": "가전",
    "MainCategory": "영상/음향가전",
    "ProductName": "Crystal UHD 삼성전자 KU85UB8100FXKR 스탠드",
    "ReviewScore": "5",
    "Syllable": "68",
    "Word": "16",
    "RDate": "20220705",
    "Aspects": [
      {
        "Aspect": "가격",
        "SentimentText": "가성비 좋은 가격에 잘 구매했어요.",
        "SentimentWord": "5",
        "SentimentPolarity": "1"
      },
      {
        "Aspect": "편의성",
        "SentimentText": "공부하느라 인강 자주보는데 티비 연결해서 보니 좋네요.",
        "SentimentWord": "7",
        "SentimentPolarity": "1"
      }
    ]
  },
  {
    "Index": "13551",
    "RawText": "일주일 써봤는데 아직 기능 문제없이 잘 쓰고있지요^^. 제일 마음에 드는건 화질 입니닷",
    "Source": "쇼핑몰",
    "Domain": "가전",
    "MainCategory": "영상/음향가전",
    "ProductName": "Neo QLED 삼성전자 KQ65QNB85AFXKR 스탠드",
    "ReviewScore": "5",
    "Syllable": "48",
    "Word": "12",
    "RDate": "20220524",
    "GeneralPolarity": "1",
    "Aspects": [
      {
        "Aspect": "품질",
        "SentimentText": "일주일 써봤는데 아직 기능 문제없이 잘 쓰고있지요^^",
        "SentimentWord": "7",
        "SentimentPolarity": "1"
      },
      {
        "Aspect": "화질",
        "SentimentText": "제일 마음에 드는건 화질 입니닷",
        "SentimentWord": "5",
        "SentimentPolarity": "1"
      }
    ]
  },
  {
    "Index": "13552",
    "RawText": "가격대비 만족도가 높아요 배송도 몇일 안 걸리니 좋구요, 기기 반응 속도도 빠르게 느껴져서 좋아요 화질도 선명하니 괜찮고 좋은데 한가지 아쉬운점은 디자인 허접한 리모콘이예요 투박해요",
    "Source": "쇼핑몰",
    "Domain": "가전",
    "MainCategory": "영상/음향가전",
    "ProductName": "Neo QLED 삼성전자 KQ65QNB85AFXKR 스탠드",
    "ReviewScore": "5",
    "Syllable": "101",
    "Word": "24",
    "RDate": "20220520",
    "Aspects": [
      {
        "Aspect": "가격",
        "SentimentText": "가격대비 만족도가 높아요 ",
        "SentimentWord": "3",
        "SentimentPolarity": "1"
      },
      {
        "Aspect": "시간/속도",
        "SentimentText": "기기 반응 속도도 빠르게 느껴져서 좋아요",
        "SentimentWord": "6",
        "SentimentPolarity": "1"
      },
      {
        "Aspect": "화질",
        "SentimentText": " 화질도 선명하니 괜찮고 좋은데",
        "SentimentWord": "4",
        "SentimentPolarity": "1"
      },
      {
        "Aspect": "디자인",
        "SentimentText": "한가지 아쉬운점은 디자인 허접한 리모콘이예요 투박해요",
        "SentimentWord": "6",
        "SentimentPolarity": "-1"
      }
    ]
  },
  {
    "Index": "13553",
    "RawText": "티브 화질이 정말좋아용^^ 우리집은 크기를 65인치로 선택했는데 생각보다 작아요 75인치쪽이 더 시청하기 편할것같아요",
    "Source": "쇼핑몰",
    "Domain": "가전",
    "MainCategory": "영상/음향가전",
    "ProductName": "Neo QLED 삼성전자 KQ65QNB85AFXKR 스탠드",
    "ReviewScore": "4",
    "Syllable": "65",
    "Word": "13",
    "RDate": "20220506",
    "GeneralPolarity": "0",
    "Aspects": [
      {
        "Aspect": "화질",
        "SentimentText": "티브 화질이 정말좋아용^^ ",
        "SentimentWord": "3",
        "SentimentPolarity": "1"
      },
      {
        "Aspect": "사이즈",
        "SentimentText": "우리집은 크기를 65인치로 선택했는데 생각보다 작아요 75인치쪽이 더 시청하기 편할것같아요",
        "SentimentWord": "10",
        "SentimentPolarity": "-1"
      }
    ]
  },
  {
    "Index": "13554",
    "RawText": "배송 날짜에 맞게 잘 설치해주셨어요. 스탠드 설치인데 스탠드가 약해 보이는 게 내구성이 걱정이네요. 화질은 좋습니다 굿!",
    "Source": "쇼핑몰",
    "Domain": "가전",
    "MainCategory": "영상/음향가전",
    "ProductName": "Neo QLED 삼성전자 KQ65QNB85AFXKR 스탠드",
    "ReviewScore": "5",
    "Syllable": "67",
    "Word": "16",
    "RDate": "20220509",
    "Aspects": [
      {
        "Aspect": "내구성",
        "SentimentText": "스탠드 설치인데 스탠드가 약해 보이는 게 내구성이 걱정이네요.",
        "SentimentWord": "8",
        "SentimentPolarity": "-1"
      },
      {
        "Aspect": "화질",
        "SentimentText": "화질은 좋습니다 굿!",
        "SentimentWord": "3",
        "SentimentPolarity": "1"
      }
    ]
  },
  {
    "Index": "13555",
    "RawText": "배송이 엄청난 총알배송 만족스러워요~! 큐엘이디라 그런지 화질이 정말 좋아요 음향도 깨끗하게 잘 나옵니다. 감사합니다",
    "Source": "쇼핑몰",
    "Domain": "가전",
    "MainCategory": "영상/음향가전",
    "ProductName": "Neo QLED 삼성전자 KQ65QNB85AFXKR 스탠드",
    "ReviewScore": "5",
    "Syllable": "65",
    "Word": "14",
    "RDate": "20220813",
    "Aspects": [
      {
        "Aspect": "화질",
        "SentimentText": "큐엘이디라 그런지 화질이 정말 좋아요",
        "SentimentWord": "5",
        "SentimentPolarity": "1"
      },
      {
        "Aspect": "음량/음질",
        "SentimentText": "음향도 깨끗하게 잘 나옵니다.",
        "SentimentWord": "4",
        "SentimentPolarity": "1"
      }
    ]
  },
  {
    "Index": "13556",
    "RawText": "배송이 엄청 빠르네요 감사합니다^^ . 몰입감주는 화질 짱입니다. 화면 반응속도가 빨라서 게임할 때 최고입니다!",
    "Source": "쇼핑몰",
    "Domain": "가전",
    "MainCategory": "영상/음향가전",
    "ProductName": "Neo QLED 삼성전자 KQ65QNB85AFXKR 스탠드",
    "ReviewScore": "5",
    "Syllable": "62",
    "Word": "14",
    "RDate": "20220729",
    "Aspects": [
      {
        "Aspect": "화질",
        "SentimentText": "몰입감주는 화질 짱입니다.",
        "SentimentWord": "3",
        "SentimentPolarity": "1"
      },
      {
        "Aspect": "시간/속도",
        "SentimentText": "화면 반응속도가 빨라서 게임할 때 최고입니다!",
        "SentimentWord": "6",
        "SentimentPolarity": "1"
      }
    ]
  },
  {
    "Index": "13558",
    "RawText": "생각보다 빠르게 배송되어서 좋았어요. 제품 품질도 굿굿  게임도 가능하니 만족하지요^^ 배송 설치도 잘 되었습니다~",
    "Source": "쇼핑몰",
    "Domain": "가전",
    "MainCategory": "영상/음향가전",
    "ProductName": "Neo QLED 삼성전자 KQ65QNB85AFXKR 스탠드",
    "ReviewScore": "5",
    "Syllable": "64",
    "Word": "14",
    "RDate": "20220801",
    "Aspects": [
      {
        "Aspect": "품질",
        "SentimentText": "제품 품질도 굿굿",
        "SentimentWord": "3",
        "SentimentPolarity": "1"
      },
      {
        "Aspect": "기능",
        "SentimentText": "게임도 가능하니 만족하지요^^",
        "SentimentWord": "3",
        "SentimentPolarity": "1"
      }
    ]
  },
  {
    "Index": "13559",
    "RawText": "TV음질이 좋아서 스피커 따로 필요없어 좋네요 ㅎ 정말 OOO브랜드 최고의 기업이라는걸 다시한번 느끼네요!!",
    "Source": "쇼핑몰",
    "Domain": "가전",
    "MainCategory": "영상/음향가전",
    "ProductName": "Neo QLED 삼성전자 KQ65QNB85AFXKR 스탠드",
    "ReviewScore": "5",
    "Syllable": "60",
    "Word": "13",
    "RDate": "20220630",
    "GeneralPolarity": "1",
    "Aspects": [
      {
        "Aspect": "음량/음질",
        "SentimentText": "TV음질이 좋아서 스피커 따로 필요없어 좋네요 ㅎ",
        "SentimentWord": "7",
        "SentimentPolarity": "1"
      },
      {
        "Aspect": "제조일/제조사",
        "SentimentText": "정말 OOO브랜드 최고의 기업이라는걸 다시한번 느끼네요!!",
        "SentimentWord": "6",
        "SentimentPolarity": "1"
      }
    ]
  },
  {
    "Index": "13560",
    "RawText": "퀸텀디스플레이로 선명하고 편안한 화질 짱!!! OTS로 움직이느 사운드가 느껴져서 신기해요~ ",
    "Source": "쇼핑몰",
    "Domain": "가전",
    "MainCategory": "영상/음향가전",
    "ProductName": "Neo QLED 삼성전자 KQ65QNB85AFXKR 스탠드",
    "ReviewScore": "5",
    "Syllable": "52",
    "Word": "10",
    "RDate": "20220824",
    "GeneralPolarity": "1",
    "Aspects": [
      {
        "Aspect": "화질",
        "SentimentText": "퀸텀디스플레이로 선명하고 편안한 화질 짱!!!",
        "SentimentWord": "5",
        "SentimentPolarity": "1"
      },
      {
        "Aspect": "음량/음질",
        "SentimentText": "OTS로 움직이느 사운드가 느껴져서 신기해요~",
        "SentimentWord": "5",
        "SentimentPolarity": "1"
      }
    ]
  },
  {
    "Index": "13561",
    "RawText": "기존에 사용하던 티비고장으로 새제품으로 구입, 확실히 기존 티비보다 색감도 화질도 차이가 확실 나네요 강추강추. 특히 멀티뷰 기능 대박입니다! 판매자님 기사님 모두 친절하시고 잘 설치해주셨어 좋았습니다.",
    "Source": "쇼핑몰",
    "Domain": "가전",
    "MainCategory": "영상/음향가전",
    "ProductName": "Neo QLED 삼성전자 KQ65QNB85AFXKR 스탠드",
    "ReviewScore": "5",
    "Syllable": "113",
    "Word": "25",
    "RDate": "20220815",
    "Aspects": [
      {
        "Aspect": "화질",
        "SentimentText": "기존 티비보다 색감도 화질도 차이가 확실 나네요 강추강추.",
        "SentimentWord": "8",
        "SentimentPolarity": "1"
      },
      {
        "Aspect": "기능",
        "SentimentText": "특히 멀티뷰 기능 대박입니다!",
        "SentimentWord": "4",
        "SentimentPolarity": "1"
      }
    ]
  },
  {
    "Index": "13562",
    "RawText": "제품선택을 잘못했는데 전화로 친절하게 취소처리 해주셨네요^^ 사운드바가 필요할꺼 같아 옵션을 변경했는데 탁월한 선택이였네요. 깨끗한 음질 정말 좋습니다. OOO설치 기사분들도 모두 친절하셨고 만족스러웠습니다. ",
    "Source": "쇼핑몰",
    "Domain": "가전",
    "MainCategory": "영상/음향가전",
    "ProductName": "Neo QLED 삼성전자 KQ65QNB85AFXKR 스탠드",
    "ReviewScore": "5",
    "Syllable": "117",
    "Word": "22",
    "RDate": "20220727",
    "Aspects": [
      {
        "Aspect": "제품구성",
        "SentimentText": "사운드바가 필요할꺼 같아 옵션을 변경했는데 탁월한 선택이였네요.",
        "SentimentWord": "7",
        "SentimentPolarity": "1"
      },
      {
        "Aspect": "음량/음질",
        "SentimentText": "깨끗한 음질 정말 좋습니다.",
        "SentimentWord": "4",
        "SentimentPolarity": "1"
      }
    ]
  },
  {
    "Index": "13563",
    "RawText": "할인행사로 저렴한 가격으로 잘 구매하였고 빠른 배송과 기사님들이 알아서 척척 설치도 완벽하게 해주셔서 넘 감사했습니다. 기존 티비와 비교하니 화질이 너무 만족합니다. 굿!",
    "Source": "쇼핑몰",
    "Domain": "가전",
    "MainCategory": "영상/음향가전",
    "ProductName": "Neo QLED 삼성전자 KQ65QNB85AFXKR 스탠드",
    "ReviewScore": "5",
    "Syllable": "95",
    "Word": "22",
    "RDate": "20220511",
    "Aspects": [
      {
        "Aspect": "가격",
        "SentimentText": "할인행사로 저렴한 가격으로 잘 구매하였고",
        "SentimentWord": "5",
        "SentimentPolarity": "1"
      },
      {
        "Aspect": "화질",
        "SentimentText": "화질이 너무 만족합니다. 굿!",
        "SentimentWord": "4",
        "SentimentPolarity": "1"
      }
    ]
  },
  {
    "Index": "13564",
    "RawText": "제품의 품질은 당연히 좋고, 합리적인 가격까지^^ 만족도 백퍼입니다.",
    "Source": "쇼핑몰",
    "Domain": "가전",
    "MainCategory": "영상/음향가전",
    "ProductName": "Neo QLED 삼성전자 KQ65QNB85AFXKR 스탠드",
    "ReviewScore": "5",
    "Syllable": "38",
    "Word": "8",
    "RDate": "20220518",
    "Aspects": [
      {
        "Aspect": "품질",
        "SentimentText": "제품의 품질은 당연히 좋고,",
        "SentimentWord": "4",
        "SentimentPolarity": "1"
      },
      {
        "Aspect": "가격",
        "SentimentText": "합리적인 가격까지^^ 만족도 백퍼입니다.",
        "SentimentWord": "4",
        "SentimentPolarity": "1"
      }
    ]
  },
  {
    "Index": "13565",
    "RawText": "QLED 4k 화질에 60w출력에 2.2.2채널이라 사운드 모두 훌륭합니다. 조금 욕심을 더 부리자면 가격이 조금 더 저렴했으면 하는 아쉬움이 있습니다.",
    "Source": "쇼핑몰",
    "Domain": "가전",
    "MainCategory": "영상/음향가전",
    "ProductName": "Neo QLED 삼성전자 KQ65QNB85AFXKR 스탠드",
    "ReviewScore": "5",
    "Syllable": "85",
    "Word": "19",
    "RDate": "20220712",
    "GeneralPolarity": "1",
    "Aspects": [
      {
        "Aspect": "화질",
        "SentimentText": "QLED 4k 화질에 60w출력에 2.2.2채널이라 사운드 모두 훌륭합니다.",
        "SentimentWord": "8",
        "SentimentPolarity": "1"
      },
      {
        "Aspect": "음량/음질",
        "SentimentText": "60w출력에 2.2.2채널이라 사운드 모두 훌륭합니다.",
        "SentimentWord": "5",
        "SentimentPolarity": "1"
      },
      {
        "Aspect": "가격",
        "SentimentText": "가격이 조금 더 저렴했으면 하는 아쉬움이 있습니다.",
        "SentimentWord": "7",
        "SentimentPolarity": "0"
      }
    ]
  },
  {
    "Index": "13566",
    "RawText": "시야각도 좋고 화질이 정말 좋아요. 크기도 너무 크지도 않아 TV보는 즐거움이 있네요. 배송속도 설치 모두 만족합니다.",
    "Source": "쇼핑몰",
    "Domain": "가전",
    "MainCategory": "영상/음향가전",
    "ProductName": "Neo QLED 삼성전자 KQ65QNB85AFXKR 스탠드",
    "ReviewScore": "5",
    "Syllable": "66",
    "Word": "16",
    "RDate": "20220814",
    "GeneralPolarity": "1",
    "Aspects": [
      {
        "Aspect": "화질",
        "SentimentText": "시야각도 좋고 화질이 정말 좋아요.",
        "SentimentWord": "5",
        "SentimentPolarity": "1"
      },
      {
        "Aspect": "사이즈",
        "SentimentText": "크기도 너무 크지도 않아 TV보는 즐거움이 있네요",
        "SentimentWord": "7",
        "SentimentPolarity": "1"
      }
    ]
  },
  {
    "Index": "13567",
    "RawText": "물류센터 직배송으로 일주일만에 도착했고 기사님이 친절한 설명과 함께 설치도 깔끔하게 해 주셨습니다. 내구성이 좋아 제품 뒷면에 열이 거의 없어 만족스럽게 사용하고 있습니다. 슬림하고 세련된 디자인도 정말 맘에듭니다.",
    "Source": "쇼핑몰",
    "Domain": "가전",
    "MainCategory": "영상/음향가전",
    "ProductName": "Neo QLED 삼성전자 KQ75QNB85AFXKR 스탠드",
    "ReviewScore": "5",
    "Syllable": "120",
    "Word": "27",
    "RDate": "20220522",
    "Aspects": [
      {
        "Aspect": "내구성",
        "SentimentText": "내구성이 좋아 제품 뒷면에 열이 거의 없어 만족스럽게 사용하고 있습니다.",
        "SentimentWord": "10",
        "SentimentPolarity": "1"
      },
      {
        "Aspect": "디자인",
        "SentimentText": "슬림하고 세련된 디자인도 정말 맘에듭니다.",
        "SentimentWord": "5",
        "SentimentPolarity": "1"
      }
    ]
  },
  {
    "Index": "13568",
    "RawText": "패널이 여러가지가 있는데 금액 초과하면 안되니 고민하다가 큐올레디로 결정! 처음엔 올레디로 구입할까 했는데 번인 현상이 있다는 글들을 보고 큐올레디로 결정했습니다. 제가 기대감이 높은건지 화질은 그렇게 좋은 편이 아니에요. 그리고 기타 기능들이 저가형 모델에서 약간 업그레이드된 정도로 마음에 드는 제품은 아니에요. 자신있게 추천은 못드리겠네요.",
    "Source": "쇼핑몰",
    "Domain": "가전",
    "MainCategory": "영상/음향가전",
    "ProductName": "Neo QLED 삼성전자 KQ75QNB85AFXKR 스탠드",
    "ReviewScore": "5",
    "Syllable": "193",
    "Word": "43",
    "RDate": "20220611",
    "GeneralPolarity": "-1",
    "Aspects": [
      {
        "Aspect": "화질",
        "SentimentText": "화질은 그렇게 좋은 편이 아니에요.",
        "SentimentWord": "5",
        "SentimentPolarity": "-1"
      },
      {
        "Aspect": "기능",
        "SentimentText": "기타 기능들이 저가형 모델에서 약간 업그레이드된 정도로 마음에 드는 제품은 아니에요.",
        "SentimentWord": "11",
        "SentimentPolarity": "-1"
      }
    ]
  },
  {
    "Index": "13569",
    "RawText": "인치 고민하다가 75인치로 선택. OOO이라 화질 정말 좋고, 2.2채널이라 추가 사운드바 없어도 사운드가 좋네요. 평수가 작은집에 사시는 분들은 75인치로 선택하시는게 좋을듯 싶네요. 색감 좋고 안개현상도 없어요.",
    "Source": "쇼핑몰",
    "Domain": "가전",
    "MainCategory": "영상/음향가전",
    "ProductName": "Neo QLED 삼성전자 KQ75QNB85AFXKR 스탠드",
    "ReviewScore": "5",
    "Syllable": "120",
    "Word": "26",
    "RDate": "20220703",
    "Aspects": [
      {
        "Aspect": "화질",
        "SentimentText": "OOO이라 화질 정말 좋고,",
        "SentimentWord": "4",
        "SentimentPolarity": "1"
      },
      {
        "Aspect": "음량/음질",
        "SentimentText": "2.2채널이라 추가 사운드바 없어도 사운드가 좋네요.",
        "SentimentWord": "6",
        "SentimentPolarity": "1"
      },
      {
        "Aspect": "화질",
        "SentimentText": "색감 좋고 안개현상도 없어요.",
        "SentimentWord": "4",
        "SentimentPolarity": "1"
      }
    ]
  },
  {
    "Index": "13570",
    "RawText": "tv의 지지대와 받침대 색상이 각각 달라 어울리지 않네요ㅠㅠ 화질은 4k uhd인데도 선명함이 함찬 못미치네요.",
    "Source": "쇼핑몰",
    "Domain": "가전",
    "MainCategory": "영상/음향가전",
    "ProductName": "Neo QLED 삼성전자 KQ75QNB85AFXKR 스탠드",
    "ReviewScore": "5",
    "Syllable": "62",
    "Word": "14",
    "RDate": "20220818",
    "GeneralPolarity": "-1",
    "Aspects": [
      {
        "Aspect": "색상",
        "SentimentText": "tv의 지지대와 받침대 색상이 각각 달라 어울리지 않네요ㅠㅠ",
        "SentimentWord": "8",
        "SentimentPolarity": "-1"
      },
      {
        "Aspect": "화질",
        "SentimentText": "질은 4k uhd인데도 선명함이 함찬 못미치네요",
        "SentimentWord": "6",
        "SentimentPolarity": "-1"
      }
    ]
  }
]