[
  {
    "Index": "13362",
    "RawText": "가격 저렴해서 좋아요 벽걸이에 사운드 우퍼까지있어서 좋구요 해외배송이라 시간이 엄청걸려요 흠.. 그렇지만 만족합니다",
    "Source": "쇼핑몰",
    "Domain": "가전",
    "MainCategory": "영상/음향가전",
    "ProductName": "Crystal UHD 삼성전자 KU75UA7000FXKR 스탠드",
    "ReviewScore": "4",
    "Syllable": "64",
    "Word": "13",
    "RDate": "20220211",
    "Aspects": [
      {
        "Aspect": "가격",
        "SentimentText": "가격 저렴해서 좋아요 ",
        "SentimentWord": "3",
        "SentimentPolarity": "1"
      },
      {
        "Aspect": "제품구성",
        "SentimentText": "벽걸이에 사운드 우퍼까지있어서 좋구요",
        "SentimentWord": "4",
        "SentimentPolarity": "1"
      }
    ]
  },
  {
    "Index": "13363",
    "RawText": "화질이 너무 좋아요 추천!!.이게 뭐라고 행복합니다 즐겨보는 ott도 볼 수 있어요! 정말 잘샀어요:)",
    "Source": "쇼핑몰",
    "Domain": "가전",
    "MainCategory": "영상/음향가전",
    "ProductName": "Crystal UHD 삼성전자 KU75UA7000FXKR 스탠드",
    "ReviewScore": "5",
    "Syllable": "57",
    "Word": "13",
    "RDate": "20220705",
    "Aspects": [
      {
        "Aspect": "화질",
        "SentimentText": "화질이 너무 좋아요 추천!!",
        "SentimentWord": "4",
        "SentimentPolarity": "1"
      },
      {
        "Aspect": "편의성",
        "SentimentText": "즐겨보는 ott도 볼 수 있어요! 정말 잘샀어요:)",
        "SentimentWord": "7",
        "SentimentPolarity": "1"
      }
    ]
  },
  {
    "Index": "13364",
    "RawText": "너무 좋아요 배송도 빠르고 굿이네요 친절하게 설치도 잘해주셨어요 기능들도 와우 너무 좋네요 화면이커서 화질이 아른거린 느낌은 있어요.",
    "Source": "쇼핑몰",
    "Domain": "가전",
    "MainCategory": "영상/음향가전",
    "ProductName": "Crystal UHD 삼성전자 KU75UA7000FXKR 스탠드",
    "ReviewScore": "5",
    "Syllable": "74",
    "Word": "17",
    "RDate": "20220615",
    "Aspects": [
      {
        "Aspect": "기능",
        "SentimentText": "기능들도 와우 너무 좋네요",
        "SentimentWord": "4",
        "SentimentPolarity": "1"
      },
      {
        "Aspect": "화질",
        "SentimentText": "화면이커서 화질이 아른거린 느낌은 있어요.",
        "SentimentWord": "5",
        "SentimentPolarity": "0"
      }
    ]
  },
  {
    "Index": "13365",
    "RawText": "배송 오래걸릴줄 알았지만 칼배송이라 좋아요 설치도 잘해주시네요^^저렴하게 잘 구매한거같습니다 유명 브랜드라 믿음이 갑니다^^",
    "Source": "쇼핑몰",
    "Domain": "가전",
    "MainCategory": "영상/음향가전",
    "ProductName": "Crystal UHD 삼성전자 KU75UA7000FXKR 스탠드",
    "ReviewScore": "5",
    "Syllable": "69",
    "Word": "13",
    "RDate": "20220708",
    "Aspects": [
      {
        "Aspect": "가격",
        "SentimentText": "저렴하게 잘 구매한거같습니다",
        "SentimentWord": "3",
        "SentimentPolarity": "1"
      },
      {
        "Aspect": "제조일/제조사",
        "SentimentText": "유명 브랜드라 믿음이 갑니다^^",
        "SentimentWord": "4",
        "SentimentPolarity": "1"
      }
    ]
  },
  {
    "Index": "13366",
    "RawText": "75인치 사이즈 보고 있으니 행복하네요~ㅋ 사용설명서도 상세히 나와있고 사용하기 쉽습니다:)",
    "Source": "쇼핑몰",
    "Domain": "가전",
    "MainCategory": "영상/음향가전",
    "ProductName": "Crystal UHD 삼성전자 KU75UA7000FXKR 스탠드",
    "ReviewScore": "5",
    "Syllable": "51",
    "Word": "10",
    "RDate": "20220830",
    "Aspects": [
      {
        "Aspect": "사이즈",
        "SentimentText": "75인치 사이즈 보고 있으니 행복하네요~ㅋ",
        "SentimentWord": "5",
        "SentimentPolarity": "1"
      },
      {
        "Aspect": "조작성",
        "SentimentText": "사용설명서도 상세히 나와있고 사용하기 쉽습니다:)",
        "SentimentWord": "5",
        "SentimentPolarity": "1"
      }
    ]
  },
  {
    "Index": "13367",
    "RawText": "배송도 원하는 날짜에 가져다주셔서 너무 좋았습니다.  설치 및 사용법도 꼼꼼하게 알려 주시니 너무 감사합니다 화질이 선명해서 보기 좋습니다. 음질도 이 정도면 만족합니다.",
    "Source": "쇼핑몰",
    "Domain": "가전",
    "MainCategory": "영상/음향가전",
    "ProductName": "Crystal UHD 삼성전자 KU75UA7000FXKR 스탠드",
    "ReviewScore": "5",
    "Syllable": "95",
    "Word": "22",
    "RDate": "20220116",
    "Aspects": [
      {
        "Aspect": "화질",
        "SentimentText": "화질이 선명해서 보기 좋습니다.",
        "SentimentWord": "4",
        "SentimentPolarity": "1"
      },
      {
        "Aspect": "음량/음질",
        "SentimentText": "음질도 이 정도면 만족합니다.",
        "SentimentWord": "4",
        "SentimentPolarity": "1"
      }
    ]
  },
  {
    "Index": "13368",
    "RawText": "배송빠르니 좋죠..화면 짱 커서 좋아요 사운드바 빵빵 해서 역시 굿.^^ 30프로 할인 가격으로 저렴하게구매했습니다.. 너무 좋아용",
    "Source": "쇼핑몰",
    "Domain": "가전",
    "MainCategory": "영상/음향가전",
    "ProductName": "Crystal UHD 삼성전자 KU75UA7000FXKR 스탠드",
    "ReviewScore": "5",
    "Syllable": "73",
    "Word": "16",
    "RDate": "20220620",
    "Aspects": [
      {
        "Aspect": "사이즈",
        "SentimentText": "화면 짱 커서 좋아요 ",
        "SentimentWord": "4",
        "SentimentPolarity": "1"
      },
      {
        "Aspect": "음량/음질",
        "SentimentText": "사운드바 빵빵 해서 역시 굿.^^",
        "SentimentWord": "5",
        "SentimentPolarity": "1"
      },
      {
        "Aspect": "가격",
        "SentimentText": "30프로 할인 가격으로 저렴하게구매했습니다.. 너무 좋아용",
        "SentimentWord": "6",
        "SentimentPolarity": "1"
      }
    ]
  },
  {
    "Index": "13369",
    "RawText": "확실히 화면이 크니까 영화볼맛이 나서 좋아요  가격이 좋아서 큰고민 안하고 주문했어요.",
    "Source": "쇼핑몰",
    "Domain": "가전",
    "MainCategory": "영상/음향가전",
    "ProductName": "Crystal UHD 삼성전자 KU75UA7000FXKR 스탠드",
    "ReviewScore": "5",
    "Syllable": "48",
    "Word": "11",
    "RDate": "20220620",
    "Aspects": [
      {
        "Aspect": "사이즈",
        "SentimentText": " 확실히 화면이 크니까 영화볼맛이 나서 좋아요",
        "SentimentWord": "6",
        "SentimentPolarity": "1"
      },
      {
        "Aspect": "가격",
        "SentimentText": " 가격이 좋아서 큰고민 안하고 주문했어요.",
        "SentimentWord": "5",
        "SentimentPolarity": "1"
      }
    ]
  },
  {
    "Index": "13370",
    "RawText": "주문하고 바로 다음날 왔네요 기사님 친절하시고 가격도 저렴하게 구입한 것 같아 좋아요 크기도 보기편하게 적당하고 잘 받았습니다 화질도 선명해 좋고 맘에 들어요",
    "Source": "쇼핑몰",
    "Domain": "가전",
    "MainCategory": "영상/음향가전",
    "ProductName": "Crystal UHD 삼성전자 KU75UA7000FXKR 스탠드",
    "ReviewScore": "5",
    "Syllable": "88",
    "Word": "22",
    "RDate": "20220512",
    "Aspects": [
      {
        "Aspect": "가격",
        "SentimentText": "가격도 저렴하게 구입한 것 같아 좋아요",
        "SentimentWord": "6",
        "SentimentPolarity": "1"
      },
      {
        "Aspect": "사이즈",
        "SentimentText": "크기도 보기 편하게 적당하고",
        "SentimentWord": "4",
        "SentimentPolarity": "1"
      },
      {
        "Aspect": "화질",
        "SentimentText": "화질도 선명해 좋고 맘에 들어요",
        "SentimentWord": "5",
        "SentimentPolarity": "1"
      }
    ]
  },
  {
    "Index": "13371",
    "RawText": "배송은조금걸린다고 확인하고 구매했습니다.고지대로 오래 걸리네요-_-이가격대에 75인치tv랑사운드바까지 구성도 굿^^ 10%고효율환급까지받았고 덕분 싸게샀어요 적극추천해요^^",
    "Source": "쇼핑몰",
    "Domain": "가전",
    "MainCategory": "영상/음향가전",
    "ProductName": "Crystal UHD 삼성전자 KU75UA7000FXKR 스탠드",
    "ReviewScore": "5",
    "Syllable": "96",
    "Word": "12",
    "RDate": "20220323",
    "Aspects": [
      {
        "Aspect": "제품구성",
        "SentimentText": "이가격대에 75인치tv랑사운드바까지 구성도 굿^^",
        "SentimentWord": "4",
        "SentimentPolarity": "1"
      },
      {
        "Aspect": "가격",
        "SentimentText": "10%고효율환급까지받았고 덕분 싸게샀어요 적극추천해요^^",
        "SentimentWord": "4",
        "SentimentPolarity": "1"
      }
    ]
  },
  {
    "Index": "13372",
    "RawText": "배송이 한달이나 넘게 오래 걸렸네요. 제품이 화면 불량품이라 너무 기분이 언짢네요 역시 ooo 이제품 믿으니까~",
    "Source": "쇼핑몰",
    "Domain": "가전",
    "MainCategory": "영상/음향가전",
    "ProductName": "Crystal UHD 삼성전자 KU75UA7000FXKR 스탠드",
    "ReviewScore": "4",
    "Syllable": "62",
    "Word": "15",
    "RDate": "20211207",
    "Aspects": [
      {
        "Aspect": "품질",
        "SentimentText": "제품이 화면 불량품이라 너무 기분이 언짢네요",
        "SentimentWord": "6",
        "SentimentPolarity": "-1"
      },
      {
        "Aspect": "제조일/제조사",
        "SentimentText": "역시 ooo 이제품 믿으니까~",
        "SentimentWord": "4",
        "SentimentPolarity": "1"
      }
    ]
  },
  {
    "Index": "13373",
    "RawText": "고향에 계신 부모님 티비 바꿔드렸습니다 부모님이 리모컨으로 이것저것 해보시는데 조작이 힘드신가봐요ㅠ 그래도 티비는 화면도 깨끗하고 잘 나온다고 좋아하세요",
    "Source": "쇼핑몰",
    "Domain": "가전",
    "MainCategory": "영상/음향가전",
    "ProductName": "Crystal UHD 삼성전자 KU75UA7000FXKR 스탠드",
    "ReviewScore": "5",
    "Syllable": "85",
    "Word": "18",
    "RDate": "20220112",
    "Aspects": [
      {
        "Aspect": "조작성",
        "SentimentText": "부모님이 리모컨으로 이것저것 해보시는데 조작이 힘드신가봐요ㅠ",
        "SentimentWord": "6",
        "SentimentPolarity": "-1"
      },
      {
        "Aspect": "화질",
        "SentimentText": "티비는 화면도 깨끗하고 잘 나온다고 좋아하세요",
        "SentimentWord": "6",
        "SentimentPolarity": "1"
      }
    ]
  },
  {
    "Index": "13374",
    "RawText": "베젤이 아주 얇고 선명해 맘에 들어요. 크기도 커서 좋아요  설치해주신 기사님이 친절하고 꼼꼼하게 설치해주셔서 감사해요",
    "Source": "쇼핑몰",
    "Domain": "가전",
    "MainCategory": "영상/음향가전",
    "ProductName": "Crystal UHD 삼성전자 KU75UA7000FXKR 스탠드",
    "ReviewScore": "5",
    "Syllable": "66",
    "Word": "15",
    "RDate": "20220810",
    "Aspects": [
      {
        "Aspect": "화질",
        "SentimentText": "베젤이 아주 얇고 선명해 맘에 들어요",
        "SentimentWord": "6",
        "SentimentPolarity": "1"
      },
      {
        "Aspect": "사이즈",
        "SentimentText": "크기도 커서 좋아요",
        "SentimentWord": "3",
        "SentimentPolarity": "1"
      }
    ]
  },
  {
    "Index": "13375",
    "RawText": "배송빠르고 싼 가격에 최곱니다 여러기업 제품과 비교해 ㅇㅇㅇ으로 정했어요 ㅎㅎ75인치로 화면 업그레이드하니 화면크기가 커서 좋네요",
    "Source": "쇼핑몰",
    "Domain": "가전",
    "MainCategory": "영상/음향가전",
    "ProductName": "Crystal UHD 삼성전자 KU75UA7000FXKR 스탠드",
    "ReviewScore": "5",
    "Syllable": "72",
    "Word": "15",
    "RDate": "20220611",
    "Aspects": [
      {
        "Aspect": "가격",
        "SentimentText": "싼 가격에 최곱니다",
        "SentimentWord": "3",
        "SentimentPolarity": "1"
      },
      {
        "Aspect": "사이즈",
        "SentimentText": "화면크기가 커서 좋네요",
        "SentimentWord": "3",
        "SentimentPolarity": "1"
      }
    ]
  },
  {
    "Index": "13376",
    "RawText": "배송늦을까 걱정했는데 이틀만에 배송이 되어 좋구요  설치도 꼼꼼히 해주셨네요 기대이상으로 좋은 품질에 가성비 만족합니다^^",
    "Source": "쇼핑몰",
    "Domain": "가전",
    "MainCategory": "영상/음향가전",
    "ProductName": "Crystal UHD 삼성전자 KU75UA7000FXKR 스탠드",
    "ReviewScore": "5",
    "Syllable": "68",
    "Word": "14",
    "RDate": "20220423",
    "Aspects": [
      {
        "Aspect": "품질",
        "SentimentText": "기대이상으로 좋은 품질에",
        "SentimentWord": "3",
        "SentimentPolarity": "1"
      },
      {
        "Aspect": "가격",
        "SentimentText": "가성비 만족합니다^^",
        "SentimentWord": "2",
        "SentimentPolarity": "1"
      }
    ]
  },
  {
    "Index": "13377",
    "RawText": "생각보다 배송이 빨라서 좋아요 설치기사님 원하는 시간에 잘 설치해주셔서 감사드려요^^ 디자인 심플하니 예쁘고 대화면에 스포츠 경기 보는데 너무 좋습니다^^",
    "Source": "쇼핑몰",
    "Domain": "가전",
    "MainCategory": "영상/음향가전",
    "ProductName": "Crystal UHD 삼성전자 KU75UA7000FXKR 스탠드",
    "ReviewScore": "5",
    "Syllable": "86",
    "Word": "19",
    "RDate": "20211201",
    "Aspects": [
      {
        "Aspect": "디자인",
        "SentimentText": "디자인 심플하니 예쁘고",
        "SentimentWord": "3",
        "SentimentPolarity": "1"
      },
      {
        "Aspect": "사이즈",
        "SentimentText": "대화면에 스포츠 경기 보는데 너무 좋습니다^^",
        "SentimentWord": "6",
        "SentimentPolarity": "1"
      }
    ]
  },
  {
    "Index": "13378",
    "RawText": "제가 생각한 것 보다 설치가 빠르네요 일주일 채 안걸렸구요 친절하게 잘 설치해주셨어요 역시ㅇㅇㅇ 제품이네요~^^138만원주고 저렴하게 구매했어요",
    "Source": "쇼핑몰",
    "Domain": "가전",
    "MainCategory": "영상/음향가전",
    "ProductName": "Crystal UHD 삼성전자 KU75UA7000FXKR 스탠드",
    "ReviewScore": "5",
    "Syllable": "80",
    "Word": "16",
    "RDate": "20220720",
    "Aspects": [
      {
        "Aspect": "제조일/제조사",
        "SentimentText": "역시ㅇㅇㅇ 제품이네요~",
        "SentimentWord": "2",
        "SentimentPolarity": "1"
      },
      {
        "Aspect": "가격",
        "SentimentText": "138만원주고 저렴하게 구매했어요",
        "SentimentWord": "3",
        "SentimentPolarity": "1"
      }
    ]
  },
  {
    "Index": "13379",
    "RawText": "화면이 크고 화질이 좋아서 엄마가 너무 맘에들어하시고 좋아하세요 기사님도 날짜조율 친절하게 해주셨네요 완벽해요^^",
    "Source": "쇼핑몰",
    "Domain": "가전",
    "MainCategory": "영상/음향가전",
    "ProductName": "Crystal UHD 삼성전자 KU75UA7000FXKR 스탠드",
    "ReviewScore": "5",
    "Syllable": "63",
    "Word": "13",
    "RDate": "20220610",
    "Aspects": [
      {
        "Aspect": "사이즈",
        "SentimentText": "화면이 크고",
        "SentimentWord": "2",
        "SentimentPolarity": "1"
      },
      {
        "Aspect": "화질",
        "SentimentText": "화질이 좋아서 엄마가 너무 맘에들어하시고 좋아하세요",
        "SentimentWord": "6",
        "SentimentPolarity": "1"
      }
    ]
  },
  {
    "Index": "13380",
    "RawText": "배송하루만에 옵니다 배송 짱짱^^전날 미리 시간약속 잡고오시고. 시간도 아주 정확해요 제품은 품질 역시 두말하면 잔소리죠!!^^ 역시 ○○○입니다 최고입니다!!",
    "Source": "쇼핑몰",
    "Domain": "가전",
    "MainCategory": "영상/음향가전",
    "ProductName": "Crystal UHD 삼성전자 KU75UA7000FXKR 스탠드",
    "ReviewScore": "5",
    "Syllable": "89",
    "Word": "18",
    "RDate": "20220624",
    "Aspects": [
      {
        "Aspect": "품질",
        "SentimentText": "제품은 품질 역시 두말하면 잔소리죠!!^^",
        "SentimentWord": "5",
        "SentimentPolarity": "1"
      },
      {
        "Aspect": "제조일/제조사",
        "SentimentText": "역시 ○○○입니다 최고입니다!!",
        "SentimentWord": "3",
        "SentimentPolarity": "1"
      }
    ]
  },
  {
    "Index": "13381",
    "RawText": "스탠드랑 벽걸이랑 가격이 동일해서 너무 좋아요 작은 티비로 보다가 큰 걸로 바꾸니 정말 좋네요",
    "Source": "쇼핑몰",
    "Domain": "가전",
    "MainCategory": "영상/음향가전",
    "ProductName": "Crystal UHD 삼성전자 KU75UA7000FXKR 스탠드",
    "ReviewScore": "5",
    "Syllable": "52",
    "Word": "14",
    "RDate": "20220714",
    "Aspects": [
      {
        "Aspect": "가격",
        "SentimentText": "스탠드랑 벽걸이랑 가격이 동일해서 너무 좋아요",
        "SentimentWord": "6",
        "SentimentPolarity": "1"
      },
      {
        "Aspect": "사이즈",
        "SentimentText": "작은 티비로 보다가 큰 걸로 바꾸니 정말 좋네요",
        "SentimentWord": "8",
        "SentimentPolarity": "1"
      }
    ]
  },
  {
    "Index": "13382",
    "RawText": "우퍼가 있어서 영화볼때 극장에 온듯한 느낌 좋아용 그런데 화면켜지는 속도가 느린감이있어서 아쉬워요;;",
    "Source": "쇼핑몰",
    "Domain": "가전",
    "MainCategory": "영상/음향가전",
    "ProductName": "Crystal UHD 삼성전자 KU75UA7000FXKR 스탠드",
    "ReviewScore": "5",
    "Syllable": "56",
    "Word": "12",
    "RDate": "20220311",
    "GeneralPolarity": "0",
    "Aspects": [
      {
        "Aspect": "제품구성",
        "SentimentText": "우퍼가 있어서 영화볼때 극장에 온듯한 느낌 좋아용",
        "SentimentWord": "7",
        "SentimentPolarity": "1"
      },
      {
        "Aspect": "시간/속도",
        "SentimentText": " 그런데 화면켜지는 속도가 느린감이있어서 아쉬워요;;",
        "SentimentWord": "5",
        "SentimentPolarity": "0"
      }
    ]
  },
  {
    "Index": "13383",
    "RawText": "저렴하게잘샀습니다 ^^~uhd채널은진짜깨끗하구요 기능적인 면에서 나머진그냥일반티비랑똑같은듯...ㅠ 설치기사님 친절해서 좋았어요 스탠드거치대까지 포함되어 있으니 굿이예요",
    "Source": "쇼핑몰",
    "Domain": "가전",
    "MainCategory": "영상/음향가전",
    "ProductName": "Crystal UHD 삼성전자 KU75UA7000FXKR 스탠드",
    "ReviewScore": "5",
    "Syllable": "93",
    "Word": "12",
    "RDate": "20211220",
    "Aspects": [
      {
        "Aspect": "가격",
        "SentimentText": "저렴하게잘샀습니다 ^^~",
        "SentimentWord": "2",
        "SentimentPolarity": "1"
      },
      {
        "Aspect": "화질",
        "SentimentText": "uhd채널은진짜깨끗하구요 ",
        "SentimentWord": "1",
        "SentimentPolarity": "0"
      },
      {
        "Aspect": "기능",
        "SentimentText": "기능적인 면에서 나머진그냥일반티비랑똑같은듯...ㅠ",
        "SentimentWord": "3",
        "SentimentPolarity": "-1"
      },
      {
        "Aspect": "제품구성",
        "SentimentText": " 스탠드거치대까지 포함되어 있으니 굿이예요",
        "SentimentWord": "4",
        "SentimentPolarity": "1"
      }
    ]
  },
  {
    "Index": "13384",
    "RawText": "제품상 하자 없어서 좋지요 가격 착하니까 굿이구요 ,모든거 좋은데 배송이 다소 느려요.3,4주 걸린다했지만,일주일만에 받았고 물류지에서 배송니까 배송이 느렸다 생각할께요.개선요청!!",
    "Source": "쇼핑몰",
    "Domain": "가전",
    "MainCategory": "영상/음향가전",
    "ProductName": "Crystal UHD 삼성전자 KU75UA7000FXKR 스탠드",
    "ReviewScore": "5",
    "Syllable": "101",
    "Word": "19",
    "RDate": "20220719",
    "Aspects": [
      {
        "Aspect": "품질",
        "SentimentText": "제품상 하자 없어서 좋지요",
        "SentimentWord": "4",
        "SentimentPolarity": "1"
      },
      {
        "Aspect": "가격",
        "SentimentText": "가격 착하니까 굿이구요 ,",
        "SentimentWord": "4",
        "SentimentPolarity": "1"
      }
    ]
  },
  {
    "Index": "13385",
    "RawText": "제품하자있어서 교환했어요 제품불량이 처음이라 당혹스럽네요 그래도 교환해준 제품은 잘 되네요 UHD 고화질이라 화질은 좋습니다",
    "Source": "쇼핑몰",
    "Domain": "가전",
    "MainCategory": "영상/음향가전",
    "ProductName": "Crystal UHD 삼성전자 KU75UA7000FXKR 스탠드",
    "ReviewScore": "3",
    "Syllable": "69",
    "Word": "14",
    "RDate": "20220205",
    "Aspects": [
      {
        "Aspect": "품질",
        "SentimentText": "제품하자있어서 교환했어요 제품불량이 처음이라 당혹스럽네요",
        "SentimentWord": "5",
        "SentimentPolarity": "-1"
      },
      {
        "Aspect": "화질",
        "SentimentText": "UHD 고화질이라 화질은 좋습니다",
        "SentimentWord": "4",
        "SentimentPolarity": "1"
      }
    ]
  },
  {
    "Index": "13386",
    "RawText": "저렴하게 좋은 가격에 잘 구매했어요. 75로 샀는데 그냥 85살껄ㅜㅜ 생각보다는 크기가 작아서 조금 아쉽습니다",
    "Source": "쇼핑몰",
    "Domain": "가전",
    "MainCategory": "영상/음향가전",
    "ProductName": "Crystal UHD 삼성전자 KU75UA7000FXKR 스탠드",
    "ReviewScore": "5",
    "Syllable": "61",
    "Word": "14",
    "RDate": "20220703",
    "GeneralPolarity": "1",
    "Aspects": [
      {
        "Aspect": "가격",
        "SentimentText": "저렴하게 좋은 가격에 잘 구매했어요.",
        "SentimentWord": "5",
        "SentimentPolarity": "1"
      },
      {
        "Aspect": "사이즈",
        "SentimentText": "75로 샀는데 그냥 85살껄ㅜㅜ 생각보다는 크기가 작아서 조금 아쉽습니다",
        "SentimentWord": "9",
        "SentimentPolarity": "0"
      }
    ]
  },
  {
    "Index": "13387",
    "RawText": "착한 가격에 잘 구매했어요^^ 설치기사님 친절해서 좋았어요 배송도 3일만이면 빠른배송이라 만족 75인치 보니 사이즈 어마 하네요.굿ㅋ 화질은 그냥 그럭저럭 입니다",
    "Source": "쇼핑몰",
    "Domain": "가전",
    "MainCategory": "영상/음향가전",
    "ProductName": "Crystal UHD 삼성전자 KU75UA7000FXKR 스탠드",
    "ReviewScore": "5",
    "Syllable": "90",
    "Word": "20",
    "RDate": "20220527",
    "Aspects": [
      {
        "Aspect": "가격",
        "SentimentText": "착한 가격에 잘 구매했어요^^",
        "SentimentWord": "4",
        "SentimentPolarity": "1"
      },
      {
        "Aspect": "사이즈",
        "SentimentText": "75인치 보니 사이즈 어마 하네요.굿ㅋ",
        "SentimentWord": "5",
        "SentimentPolarity": "1"
      },
      {
        "Aspect": "화질",
        "SentimentText": "화질은 그냥 그럭저럭 입니다",
        "SentimentWord": "4",
        "SentimentPolarity": "0"
      }
    ]
  },
  {
    "Index": "13388",
    "RawText": "완전 시골인데 주문하고 나서 다음날 바로 배송되고 바로 설치에 좋았어요 화질도 좋고요^^ 음질도 짱이라  만족합니당",
    "Source": "쇼핑몰",
    "Domain": "가전",
    "MainCategory": "영상/음향가전",
    "ProductName": "Crystal UHD 삼성전자 KU75UA7000FXKR 스탠드",
    "ReviewScore": "5",
    "Syllable": "64",
    "Word": "15",
    "RDate": "20220512",
    "Aspects": [
      {
        "Aspect": "화질",
        "SentimentText": "화질도 좋고요^^",
        "SentimentWord": "2",
        "SentimentPolarity": "1"
      },
      {
        "Aspect": "음량/음질",
        "SentimentText": "음질도 짱이라  만족합니당",
        "SentimentWord": "3",
        "SentimentPolarity": "1"
      }
    ]
  },
  {
    "Index": "13389",
    "RawText": "생각보다 엄청 크네요 흑흑.. 조금 작은 걸 살걸.. 볼만은 한데 화질은 그럭저럭",
    "Source": "쇼핑몰",
    "Domain": "가전",
    "MainCategory": "영상/음향가전",
    "ProductName": "Crystal UHD 삼성전자 KU75UA7000FXKR 스탠드",
    "ReviewScore": "5",
    "Syllable": "45",
    "Word": "12",
    "RDate": "20220331",
    "Aspects": [
      {
        "Aspect": "사이즈",
        "SentimentText": "생각보다 엄청 크네요 흑흑.. 조금 작은 걸 살걸..",
        "SentimentWord": "8",
        "SentimentPolarity": "-1"
      },
      {
        "Aspect": "화질",
        "SentimentText": "볼만은 한데 화질은 그럭저럭",
        "SentimentWord": "4",
        "SentimentPolarity": "0"
      }
    ]
  },
  {
    "Index": "13390",
    "RawText": "티비 사운드는 그냥 평범하네요~ 그렇지만 스마트 티비 답게 여러 기능이 있어서 좋아요~",
    "Source": "쇼핑몰",
    "Domain": "가전",
    "MainCategory": "영상/음향가전",
    "ProductName": "Crystal UHD 삼성전자 KU75UA7000FXKR 스탠드",
    "ReviewScore": "5",
    "Syllable": "48",
    "Word": "12",
    "RDate": "20220331",
    "Aspects": [
      {
        "Aspect": "음량/음질",
        "SentimentText": "티비 사운드는 그냥 평범하네요~",
        "SentimentWord": "4",
        "SentimentPolarity": "0"
      },
      {
        "Aspect": "기능",
        "SentimentText": "그렇지만 스마트 티비 답게 여러 기능이 있어서 좋아요~",
        "SentimentWord": "8",
        "SentimentPolarity": "1"
      }
    ]
  },
  {
    "Index": "13391",
    "RawText": "화질이 별로여서 아쉬워요 75인치 그리 크게 안느껴져서 더 큰걸로 살껄 그랬어요 날짜지정 설치 좋았어요",
    "Source": "쇼핑몰",
    "Domain": "가전",
    "MainCategory": "영상/음향가전",
    "ProductName": "Crystal UHD 삼성전자 KU75UA7000FXKR 스탠드",
    "ReviewScore": "3",
    "Syllable": "57",
    "Word": "14",
    "RDate": "20220316",
    "Aspects": [
      {
        "Aspect": "화질",
        "SentimentText": "화질이 별로여서 아쉬워요",
        "SentimentWord": "3",
        "SentimentPolarity": "-1"
      },
      {
        "Aspect": "사이즈",
        "SentimentText": " 75인치 그리 크게 안느껴져서 더 큰걸로 살껄 그랬어요",
        "SentimentWord": "8",
        "SentimentPolarity": "-1"
      }
    ]
  },
  {
    "Index": "13392",
    "RawText": "상위등급 티비와 비교하지 않고 단독으로만 보니 가성비 상당히 좋아요^^ 다만 리모컨 조작이 좀 어렵네요;;",
    "Source": "쇼핑몰",
    "Domain": "가전",
    "MainCategory": "영상/음향가전",
    "ProductName": "Crystal UHD 삼성전자 KU75UB8100FXKR 스탠드",
    "ReviewScore": "5",
    "Syllable": "59",
    "Word": "14",
    "RDate": "20220430",
    "Aspects": [
      {
        "Aspect": "가격",
        "SentimentText": "상위등급 티비와 비교하지 않고 단독으로만 보니 가성비 상당히 좋아요^^",
        "SentimentWord": "9",
        "SentimentPolarity": "1"
      },
      {
        "Aspect": "조작성",
        "SentimentText": "다만 리모컨 조작이 좀 어렵네요;;",
        "SentimentWord": "5",
        "SentimentPolarity": "-1"
      }
    ]
  },
  {
    "Index": "13393",
    "RawText": "티비 바꾸고나니 화질이 신세계처럼 좋아요~ 소리도 빠방하게 잘 들려서 쵝오~!",
    "Source": "쇼핑몰",
    "Domain": "가전",
    "MainCategory": "영상/음향가전",
    "ProductName": "Crystal UHD 삼성전자 KU75UB8100FXKR 스탠드",
    "ReviewScore": "5",
    "Syllable": "43",
    "Word": "10",
    "RDate": "20220718",
    "Aspects": [
      {
        "Aspect": "화질",
        "SentimentText": "티비 바꾸고나니 화질이 신세계처럼 좋아요~",
        "SentimentWord": "5",
        "SentimentPolarity": "1"
      },
      {
        "Aspect": "음량/음질",
        "SentimentText": "소리도 빠방하게 잘 들려서 쵝오~!",
        "SentimentWord": "5",
        "SentimentPolarity": "1"
      }
    ]
  },
  {
    "Index": "13394",
    "RawText": "오래쓰던 티비를 스마트tv로 바꾸었더니 화질이 완전 신세계예요^^ 가격많이 다운 저렴하게 구입해서 좋아요. 폐가전처리도해주니 깔끔하게 처리했어요^^",
    "Source": "쇼핑몰",
    "Domain": "가전",
    "MainCategory": "영상/음향가전",
    "ProductName": "Crystal UHD 삼성전자 KU75UB8100FXKR 스탠드",
    "ReviewScore": "5",
    "Syllable": "82",
    "Word": "15",
    "RDate": "20220425",
    "Aspects": [
      {
        "Aspect": "화질",
        "SentimentText": "오래쓰던 티비를 스마트tv로 바꾸었더니 화질이 완전 신세계예요^^",
        "SentimentWord": "7",
        "SentimentPolarity": "1"
      },
      {
        "Aspect": "가격",
        "SentimentText": "가격많이 다운 저렴하게 구입해서 좋아요",
        "SentimentWord": "5",
        "SentimentPolarity": "1"
      }
    ]
  },
  {
    "Index": "13395",
    "RawText": "75인치 티비 치고는 저렴한 가격에 구매했어요 현충일에 배송이 와서 빠른배송으로 좋았어요  벽걸이 설치도 깔끔하게 해주셔서 감사해용 화면 크기가 엄청 커서 영상 보기가 좋아요!굿",
    "Source": "쇼핑몰",
    "Domain": "가전",
    "MainCategory": "영상/음향가전",
    "ProductName": "Crystal UHD 삼성전자 KU75UB8100FXKR 스탠드",
    "ReviewScore": "5",
    "Syllable": "99",
    "Word": "23",
    "RDate": "20220608",
    "Aspects": [
      {
        "Aspect": "가격",
        "SentimentText": "75인치 티비 치고는 저렴한 가격에 구매했어요",
        "SentimentWord": "6",
        "SentimentPolarity": "1"
      },
      {
        "Aspect": "사이즈",
        "SentimentText": "화면 크기가 엄청 커서 영상 보기가 좋아요!굿",
        "SentimentWord": "7",
        "SentimentPolarity": "1"
      }
    ]
  },
  {
    "Index": "13396",
    "RawText": "화면이 커서 좋아요 근데 사은품으로 주신 사운드바는 장난감 같아서 별로예요 초저가형으로..",
    "Source": "쇼핑몰",
    "Domain": "가전",
    "MainCategory": "영상/음향가전",
    "ProductName": "Crystal UHD 삼성전자 KU75UB8100FXKR 스탠드",
    "ReviewScore": "5",
    "Syllable": "50",
    "Word": "11",
    "RDate": "20220713",
    "Aspects": [
      {
        "Aspect": "사이즈",
        "SentimentText": "화면이 커서 좋아요",
        "SentimentWord": "3",
        "SentimentPolarity": "1"
      },
      {
        "Aspect": "제품구성",
        "SentimentText": "사은품으로 주신 사운드바는 장난감 같아서 별로예요 초저가형으로..",
        "SentimentWord": "7",
        "SentimentPolarity": "-1"
      }
    ]
  },
  {
    "Index": "13397",
    "RawText": "설치기사님 성의없게 대충대충 불만족스러워요 이틀만에as신청했어요 화면에 불량 화소인지 노이즈가 보이구요 스피커도 먹통이고 티비 소리도 먹통이에요 헉!! 덩치만컷지 제구실못해요",
    "Source": "쇼핑몰",
    "Domain": "가전",
    "MainCategory": "영상/음향가전",
    "ProductName": "Crystal UHD 삼성전자 KU75UB8100FXKR 스탠드",
    "ReviewScore": "1",
    "Syllable": "97",
    "Word": "18",
    "RDate": "20220725",
    "Aspects": [
      {
        "Aspect": "화질",
        "SentimentText": "화면에 불량 화소인지 노이즈가 보이구요",
        "SentimentWord": "5",
        "SentimentPolarity": "-1"
      },
      {
        "Aspect": "음량/음질",
        "SentimentText": "스피커도 먹통이고 티비 소리도 먹통이에요 헉!! 덩치만컷지 제구실못해요",
        "SentimentWord": "8",
        "SentimentPolarity": "-1"
      }
    ]
  },
  {
    "Index": "13398",
    "RawText": "50인치티비를 85인치로 변경 역시 잘한선택인듯 사이즈가 시원시원하니 좋아요~ 티비가 갑자기 꺼지는 현상이ㅜ as 신청했어요 티비화질은 선명하니까 그런데로 좋은것같아요^^",
    "Source": "쇼핑몰",
    "Domain": "가전",
    "MainCategory": "영상/음향가전",
    "ProductName": "Crystal UHD 삼성전자 KU75UB8100FXKR 스탠드",
    "ReviewScore": "5",
    "Syllable": "95",
    "Word": "18",
    "RDate": "20220425",
    "GeneralPolarity": "0",
    "Aspects": [
      {
        "Aspect": "사이즈",
        "SentimentText": "50인치티비를 85인치로 변경 역시 잘한선택인듯 사이즈가 시원시원하니 좋아요~",
        "SentimentWord": "8",
        "SentimentPolarity": "1"
      },
      {
        "Aspect": "품질",
        "SentimentText": "티비가 갑자기 꺼지는 현상이ㅜ as 신청했어요 ",
        "SentimentWord": "6",
        "SentimentPolarity": "-1"
      },
      {
        "Aspect": "화질",
        "SentimentText": "티비화질은 선명하니까 그런데로 좋은것같아요^^",
        "SentimentWord": "4",
        "SentimentPolarity": "1"
      }
    ]
  },
  {
    "Index": "13399",
    "RawText": "TV가 오래되어 교체하려고 폭풍 검색 중 최저가 판매해서 바로 구매했어요^^. 텔레비전은 역시 클 수록 좋아요 사이즈 맘에 들어요^^",
    "Source": "쇼핑몰",
    "Domain": "가전",
    "MainCategory": "영상/음향가전",
    "ProductName": "Crystal UHD 삼성전자 KU75UB8100FXKR 스탠드",
    "ReviewScore": "5",
    "Syllable": "74",
    "Word": "18",
    "RDate": "20220425",
    "GeneralPolarity": "1",
    "Aspects": [
      {
        "Aspect": "가격",
        "SentimentText": "TV가 오래되어 교체하려고 폭풍 검색 중 최저가 판매해서 바로 구매했어요^^.",
        "SentimentWord": "10",
        "SentimentPolarity": "1"
      },
      {
        "Aspect": "사이즈",
        "SentimentText": "텔레비전은 역시 클 수록 좋아요 사이즈 맘에 들어요^^",
        "SentimentWord": "8",
        "SentimentPolarity": "1"
      }
    ]
  },
  {
    "Index": "13400",
    "RawText": "가격도 좋아요^^배송설치 해주시는 기사님들도 친절하시고 설치도 빨라서 좋았어요 셋팅과 정리를 너무 잘해주세요^^ 제품은 말할것도 없이 품질 맘에듭니다 ^^",
    "Source": "쇼핑몰",
    "Domain": "가전",
    "MainCategory": "영상/음향가전",
    "ProductName": "Crystal UHD 삼성전자 KU75UB8100FXKR 스탠드",
    "ReviewScore": "5",
    "Syllable": "86",
    "Word": "18",
    "RDate": "20220715",
    "Aspects": [
      {
        "Aspect": "가격",
        "SentimentText": "가격도 좋아요^^",
        "SentimentWord": "2",
        "SentimentPolarity": "1"
      },
      {
        "Aspect": "품질",
        "SentimentText": "제품은 말할것도 없이 품질 맘에듭니다 ^^",
        "SentimentWord": "6",
        "SentimentPolarity": "1"
      }
    ]
  },
  {
    "Index": "13401",
    "RawText": "가성비가 훌륭해요^^.기능은 믿고 구매했어요 역시 좋아요",
    "Source": "쇼핑몰",
    "Domain": "가전",
    "MainCategory": "영상/음향가전",
    "ProductName": "Crystal UHD 삼성전자 KU75UB8100FXKR 스탠드",
    "ReviewScore": "5",
    "Syllable": "31",
    "Word": "6",
    "RDate": "20220803",
    "GeneralPolarity": "1",
    "Aspects": [
      {
        "Aspect": "가격",
        "SentimentText": "가성비가 훌륭해요^^",
        "SentimentWord": "2",
        "SentimentPolarity": "1"
      },
      {
        "Aspect": "기능",
        "SentimentText": "기능은 믿고 구매했어요 역시 좋아요",
        "SentimentWord": "5",
        "SentimentPolarity": "1"
      }
    ]
  },
  {
    "Index": "13402",
    "RawText": "설치하고 이틀만에 소리가 몇초 끊겨서 나와요 음질이 왜이러는지 안좋아요.AS신청해도 원인을 모르고 돈이 아까워요 사람들 많이 쓰는 ○○○이라서 믿었는데 실망스럽네요",
    "Source": "쇼핑몰",
    "Domain": "가전",
    "MainCategory": "영상/음향가전",
    "ProductName": "Crystal UHD 삼성전자 KU75UB8100FXKR 스탠드",
    "ReviewScore": "1",
    "Syllable": "91",
    "Word": "19",
    "RDate": "20220425",
    "Aspects": [
      {
        "Aspect": "음량/음질",
        "SentimentText": "설치하고 이틀만에 소리가 몇초 끊겨서 나와요 음질이 왜이러는지 안좋아요.",
        "SentimentWord": "9",
        "SentimentPolarity": "-1"
      },
      {
        "Aspect": "제조일/제조사",
        "SentimentText": "사람들 많이 쓰는 ○○○이라서 믿었는데 실망스럽네요",
        "SentimentWord": "6",
        "SentimentPolarity": "-1"
      }
    ]
  },
  {
    "Index": "13403",
    "RawText": "품질이 너무 마음에 듭니다 추천 할께요 좋은 가격이니 참 잘샀어요~집 거실에 벽걸이로 설치하니까 인테리어 한것처럼 깔끔하니 대형그림액자 같으니 좋아요^^",
    "Source": "쇼핑몰",
    "Domain": "가전",
    "MainCategory": "영상/음향가전",
    "ProductName": "Crystal UHD 삼성전자 KU75UB8100FXKR 스탠드",
    "ReviewScore": "5",
    "Syllable": "85",
    "Word": "19",
    "RDate": "20220425",
    "GeneralPolarity": "1",
    "Aspects": [
      {
        "Aspect": "품질",
        "SentimentText": "품질이 너무 마음에 듭니다 추천 할께요",
        "SentimentWord": "6",
        "SentimentPolarity": "1"
      },
      {
        "Aspect": "가격",
        "SentimentText": "좋은 가격이니 참 잘샀어요~",
        "SentimentWord": "4",
        "SentimentPolarity": "1"
      },
      {
        "Aspect": "디자인",
        "SentimentText": "집 거실에 벽걸이로 설치하니까 인테리어 한것처럼 깔끔하니 대형그림액자 같으니 좋아요^^",
        "SentimentWord": "10",
        "SentimentPolarity": "1"
      }
    ]
  },
  {
    "Index": "13404",
    "RawText": "디자인 이쁘고 굿뜨~!!^^저렴한 가격에 사운드바까지라니.. 행복하네요~",
    "Source": "쇼핑몰",
    "Domain": "가전",
    "MainCategory": "영상/음향가전",
    "ProductName": "Crystal UHD 삼성전자 KU75UB8100FXKR 스탠드",
    "ReviewScore": "5",
    "Syllable": "40",
    "Word": "6",
    "RDate": "20220830",
    "GeneralPolarity": "1",
    "Aspects": [
      {
        "Aspect": "디자인",
        "SentimentText": "디자인 이쁘고 굿뜨~!!^^ ",
        "SentimentWord": "3",
        "SentimentPolarity": "1"
      },
      {
        "Aspect": "가격",
        "SentimentText": "저렴한 가격에 사운드바까지라니.. 행복하네요~",
        "SentimentWord": "4",
        "SentimentPolarity": "1"
      },
      {
        "Aspect": "제품구성",
        "SentimentText": "사운드바까지라니.. 행복하네요~",
        "SentimentWord": "2",
        "SentimentPolarity": "1"
      }
    ]
  },
  {
    "Index": "13405",
    "RawText": "화질이 넘 넘 좋습니닷!! 사운드가 다른곳보다 많이 저렴해서 같이 구매했는데 하길 너무 잘한것같아요~~ 특히 영화볼때 정말 좋네요 굿",
    "Source": "쇼핑몰",
    "Domain": "가전",
    "MainCategory": "영상/음향가전",
    "ProductName": "Crystal UHD 삼성전자 KU75UB8100FXKR 스탠드",
    "ReviewScore": "5",
    "Syllable": "74",
    "Word": "18",
    "RDate": "20220711",
    "GeneralPolarity": "1",
    "Aspects": [
      {
        "Aspect": "화질",
        "SentimentText": "화질이 넘 넘 좋습니닷!!",
        "SentimentWord": "4",
        "SentimentPolarity": "1"
      },
      {
        "Aspect": "가격",
        "SentimentText": "사운드가 다른곳보다 많이 저렴해서 같이 구매했는데 하길 너무 잘한것같아요~~ ",
        "SentimentWord": "9",
        "SentimentPolarity": "1"
      }
    ]
  },
  {
    "Index": "13406",
    "RawText": "정말 빠른 배송에 만족해요^^상품도 저렴한 가격에 잘 구매했지요 사운드바도 음질이 나쁘지 않고 너무 좋습니다.",
    "Source": "쇼핑몰",
    "Domain": "가전",
    "MainCategory": "영상/음향가전",
    "ProductName": "Crystal UHD 삼성전자 KU75UB8100FXKR 스탠드",
    "ReviewScore": "5",
    "Syllable": "61",
    "Word": "14",
    "RDate": "20220720",
    "Aspects": [
      {
        "Aspect": "가격",
        "SentimentText": "상품도 저렴한 가격에 잘 구매했지요",
        "SentimentWord": "5",
        "SentimentPolarity": "1"
      },
      {
        "Aspect": "음량/음질",
        "SentimentText": "사운드바도 음질이 나쁘지 않고 너무 좋습니다.",
        "SentimentWord": "6",
        "SentimentPolarity": "1"
      }
    ]
  },
  {
    "Index": "13407",
    "RawText": "배송도 원하는 날짜에 받고 빠르게 설치받아서 좋았어요^^ 기사님 두분이 너무 친절하게 잘 설치해주시고 설명 또한 너무 친절하셨어요 저렴한 가격에 품질 좋은 티비 구매해서 넘넘 좋아용",
    "Source": "쇼핑몰",
    "Domain": "가전",
    "MainCategory": "영상/음향가전",
    "ProductName": "Crystal UHD 삼성전자 KU75UB8100FXKR 스탠드",
    "ReviewScore": "5",
    "Syllable": "101",
    "Word": "25",
    "RDate": "20220614",
    "Aspects": [
      {
        "Aspect": "가격",
        "SentimentText": "저렴한 가격에 품질 좋은 티비 구매해서 넘넘 좋아용",
        "SentimentWord": "8",
        "SentimentPolarity": "1"
      },
      {
        "Aspect": "품질",
        "SentimentText": "품질 좋은 티비 구매해서 넘넘 좋아용",
        "SentimentWord": "6",
        "SentimentPolarity": "1"
      }
    ]
  },
  {
    "Index": "13408",
    "RawText": "배송도 빠르고 설치기사님도 짱 친절하시고요^^ 여러가지 ott와 영상을 볼 수 있으니 활용성이 좋아요 TV랑사운드바 구성도 진짜 만족해요!!",
    "Source": "쇼핑몰",
    "Domain": "가전",
    "MainCategory": "영상/음향가전",
    "ProductName": "Crystal UHD 삼성전자 KU75UB8100FXKR 스탠드",
    "ReviewScore": "5",
    "Syllable": "78",
    "Word": "17",
    "RDate": "20220512",
    "Aspects": [
      {
        "Aspect": "편의성",
        "SentimentText": "여러가지 ott와 영상을 볼 수 있으니 활용성이 좋아요",
        "SentimentWord": "8",
        "SentimentPolarity": "1"
      },
      {
        "Aspect": "제품구성",
        "SentimentText": "TV랑사운드바 구성도 진짜 만족해요!!",
        "SentimentWord": "4",
        "SentimentPolarity": "1"
      }
    ]
  },
  {
    "Index": "13409",
    "RawText": "할인된 가격으로 잘 구매했어요. 품질은 대체로  만족합니다. 많이 파세요.",
    "Source": "쇼핑몰",
    "Domain": "가전",
    "MainCategory": "영상/음향가전",
    "ProductName": "Crystal UHD 삼성전자 KU75UB8100FXKR 스탠드",
    "ReviewScore": "5",
    "Syllable": "41",
    "Word": "9",
    "RDate": "20220614",
    "Aspects": [
      {
        "Aspect": "가격",
        "SentimentText": "할인된 가격으로 잘 구매했어요.",
        "SentimentWord": "4",
        "SentimentPolarity": "1"
      },
      {
        "Aspect": "품질",
        "SentimentText": " 품질은 대체로  만족합니다. 많이 파세요.",
        "SentimentWord": "5",
        "SentimentPolarity": "1"
      }
    ]
  },
  {
    "Index": "13410",
    "RawText": "리모컨이 촥촥 감기는게 그립감이 좋네요 ㅋㅋ  화면도 커서 보기 좋아요^^",
    "Source": "쇼핑몰",
    "Domain": "가전",
    "MainCategory": "영상/음향가전",
    "ProductName": "Crystal UHD 삼성전자 KU75UB8100FXKR 스탠드",
    "ReviewScore": "5",
    "Syllable": "41",
    "Word": "10",
    "RDate": "20220804",
    "Aspects": [
      {
        "Aspect": "조작성",
        "SentimentText": "리모컨이 촥촥 감기는게 그립감이 좋네요 ㅋㅋ",
        "SentimentWord": "6",
        "SentimentPolarity": "1"
      },
      {
        "Aspect": "사이즈",
        "SentimentText": "화면도 커서 보기 좋아요^^",
        "SentimentWord": "4",
        "SentimentPolarity": "1"
      }
    ]
  },
  {
    "Index": "13411",
    "RawText": "배송도 엄청 빠르고 좋은데요^^ 설치 기사님도 친절하셔서 더욱 굿굿.제품 화질도  만족스러워용 저렴하고 좋은제품 구입하니 너무 좋아요~",
    "Source": "쇼핑몰",
    "Domain": "가전",
    "MainCategory": "영상/음향가전",
    "ProductName": "Crystal UHD 삼성전자 KU75UB8100FXKR 스탠드",
    "ReviewScore": "5",
    "Syllable": "75",
    "Word": "16",
    "RDate": "20220526",
    "Aspects": [
      {
        "Aspect": "화질",
        "SentimentText": "제품 화질도  만족스러워용",
        "SentimentWord": "3",
        "SentimentPolarity": "1"
      },
      {
        "Aspect": "가격",
        "SentimentText": "저렴하고 좋은제품 구입하니 너무 좋아요~",
        "SentimentWord": "5",
        "SentimentPolarity": "1"
      }
    ]
  },
  {
    "Index": "13412",
    "RawText": "배송도 칼배송이라 굳! 화질도 4K라 굳굳! 티비 기능도 완전 최고임돳!! 기사님 서비스도 최고구요!!",
    "Source": "쇼핑몰",
    "Domain": "가전",
    "MainCategory": "영상/음향가전",
    "ProductName": "Crystal UHD 삼성전자 KU75UB8100FXKR 스탠드",
    "ReviewScore": "5",
    "Syllable": "57",
    "Word": "13",
    "RDate": "20220807",
    "Aspects": [
      {
        "Aspect": "화질",
        "SentimentText": "화질도 4K라 굳굳!",
        "SentimentWord": "3",
        "SentimentPolarity": "1"
      },
      {
        "Aspect": "기능",
        "SentimentText": "티비 기능도 완전 최고임돳!!",
        "SentimentWord": "4",
        "SentimentPolarity": "1"
      }
    ]
  },
  {
    "Index": "13413",
    "RawText": "티비 음질은 그럭저럭 보통이예요-_- 리모컨이 불량인건지 잘 안되네요ㅜㅜ",
    "Source": "쇼핑몰",
    "Domain": "가전",
    "MainCategory": "영상/음향가전",
    "ProductName": "Crystal UHD 삼성전자 KU75UB8100FXKR 스탠드",
    "ReviewScore": "4",
    "Syllable": "40",
    "Word": "8",
    "RDate": "20220425",
    "Aspects": [
      {
        "Aspect": "음량/음질",
        "SentimentText": "티비 음질은 그럭저럭 보통이예요-_-",
        "SentimentWord": "4",
        "SentimentPolarity": "0"
      },
      {
        "Aspect": "품질",
        "SentimentText": "리모컨이 불량인건지 잘 안되네요ㅜㅜ",
        "SentimentWord": "4",
        "SentimentPolarity": "-1"
      }
    ]
  },
  {
    "Index": "13414",
    "RawText": "배송일 확인 문제로 다소 기분이 얹잖았지만 결국 잘 설치해주셨습니다. 티비가 외관이 깔끔하고 좋네요. 65로 할까 고민했었는데 화면 큰 75로  하니 더 잘보이고 좋네요",
    "Source": "쇼핑몰",
    "Domain": "가전",
    "MainCategory": "영상/음향가전",
    "ProductName": "Crystal UHD 삼성전자 KU75UB8100FXKR 스탠드",
    "ReviewScore": "5",
    "Syllable": "94",
    "Word": "23",
    "RDate": "20220626",
    "Aspects": [
      {
        "Aspect": "디자인",
        "SentimentText": "티비가 외관이 깔끔하고 좋네요",
        "SentimentWord": "4",
        "SentimentPolarity": "1"
      },
      {
        "Aspect": "사이즈",
        "SentimentText": "65로 할까 고민했었는데 화면 큰 75로 하니 더 잘보이고 좋네요",
        "SentimentWord": "10",
        "SentimentPolarity": "1"
      }
    ]
  },
  {
    "Index": "13415",
    "RawText": "설치도 2일만에 빨리되었고 화질도 선명해 좋은데 00TV는 디스플레이 보호때문인지 유리 화면때문에 거울 같이 비추네요.사운드바 포함해서 적당한 가격에 구입한거 같네요.  OTT 앱들도 설치되어 있고 ㅇㅇㅇ어시턴트와 ㅇㅇㅇ 기능갖추고 있어 좋습니다.",
    "Source": "쇼핑몰",
    "Domain": "가전",
    "MainCategory": "영상/음향가전",
    "ProductName": "Crystal UHD 삼성전자 KU75UB8100FXKR 스탠드",
    "ReviewScore": "5",
    "Syllable": "138",
    "Word": "28",
    "RDate": "20220517",
    "Aspects": [
      {
        "Aspect": "화질",
        "SentimentText": "화질도 선명해 좋은데 ",
        "SentimentWord": "3",
        "SentimentPolarity": "1"
      },
      {
        "Aspect": "가격",
        "SentimentText": "사운드바 포함해서 적당한 가격에 구입한거 같네요",
        "SentimentWord": "6",
        "SentimentPolarity": "1"
      },
      {
        "Aspect": "기능",
        "SentimentText": "ㅇㅇㅇ어시턴트와 ㅇㅇㅇ 기능갖추고 있어 좋습니다",
        "SentimentWord": "5",
        "SentimentPolarity": "1"
      }
    ]
  },
  {
    "Index": "13416",
    "RawText": "부모님집 안방에 설치하고 보니 제품이 넘 좋아요. 특히 슬림한 디자인이 예뻐요 배송도 빠르고 설치기사님들도 친절하시네요.",
    "Source": "쇼핑몰",
    "Domain": "가전",
    "MainCategory": "영상/음향가전",
    "ProductName": "Crystal UHD 삼성전자 KU75UB8100FXKR 스탠드",
    "ReviewScore": "5",
    "Syllable": "67",
    "Word": "15",
    "RDate": "20220531",
    "Aspects": [
      {
        "Aspect": "품질",
        "SentimentText": "제품이 넘 좋아요",
        "SentimentWord": "3",
        "SentimentPolarity": "1"
      },
      {
        "Aspect": "디자인",
        "SentimentText": "특히 슬림한 디자인이 예뻐요",
        "SentimentWord": "4",
        "SentimentPolarity": "1"
      }
    ]
  },
  {
    "Index": "13417",
    "RawText": "비오는날 힘들게오셔서 깔끔하게 설치해주고 가셨어요 친절한 서비스 감사합니다 크리스탈 디스플레이라서 화질이 정말 좋아요 사운드바랑 우퍼도 맘에 들어요 음질이 깨끗하고 빵빵하네요 최고입니다",
    "Source": "쇼핑몰",
    "Domain": "가전",
    "MainCategory": "영상/음향가전",
    "ProductName": "Crystal UHD 삼성전자 KU75UB8100FXKR 스탠드",
    "ReviewScore": "5",
    "Syllable": "103",
    "Word": "21",
    "RDate": "20220718",
    "Aspects": [
      {
        "Aspect": "화질",
        "SentimentText": "크리스탈 디스플레이라서 화질이 정말 좋아요",
        "SentimentWord": "5",
        "SentimentPolarity": "1"
      },
      {
        "Aspect": "음량/음질",
        "SentimentText": "사운드바랑 우퍼도 맘에 들어요 음질이 깨끗하고 빵빵하네요 최고입니다",
        "SentimentWord": "8",
        "SentimentPolarity": "1"
      }
    ]
  },
  {
    "Index": "13418",
    "RawText": "가격이 어떻게 보면 한사람의 월급에 비출정도인데 가성비 비추천 입니다. 성능 즉 화질은 10년전에 산것보다도 비교가 안될정도로 저질이예요.티비는 화질이 생명인데 정말 노답 입니다.ㅜ",
    "Source": "쇼핑몰",
    "Domain": "가전",
    "MainCategory": "영상/음향가전",
    "ProductName": "Crystal UHD 삼성전자 KU75UB8100FXKR 스탠드",
    "ReviewScore": "1",
    "Syllable": "101",
    "Word": "22",
    "RDate": "20220425",
    "GeneralPolarity": "-1",
    "Aspects": [
      {
        "Aspect": "가격",
        "SentimentText": "가격이 어떻게 보면 한사람의 월급에 비출정도인데 가성비 비추천 입니다.",
        "SentimentWord": "9",
        "SentimentPolarity": "-1"
      },
      {
        "Aspect": "화질",
        "SentimentText": "성능 즉 화질은 10년전에 산것보다도 비교가 안될정도로 저질이예요.",
        "SentimentWord": "8",
        "SentimentPolarity": "-1"
      },
      {
        "Aspect": "화질",
        "SentimentText": "화질이 생명인데 정말 노답 입니다.ㅜ",
        "SentimentWord": "5",
        "SentimentPolarity": "-1"
      }
    ]
  },
  {
    "Index": "13420",
    "RawText": "상품 품질 꽤 좋아요 배송도 역시 너무 빨라서 깜놀했습니다 짱^^ 설치도 잘해주셔서 역시 역시 ㅎㅎ 만족해요 좋은 제품 저렴하게 구입해서너무 좋습니다 굿잡",
    "Source": "쇼핑몰",
    "Domain": "가전",
    "MainCategory": "영상/음향가전",
    "ProductName": "Crystal UHD 삼성전자 KU75UB8100FXKR 스탠드",
    "ReviewScore": "5",
    "Syllable": "86",
    "Word": "22",
    "RDate": "20220513",
    "Aspects": [
      {
        "Aspect": "품질",
        "SentimentText": "상품 품질 꽤 좋아요",
        "SentimentWord": "4",
        "SentimentPolarity": "1"
      },
      {
        "Aspect": "가격",
        "SentimentText": "좋은 제품 저렴하게 구입해서너무 좋습니다 굿잡",
        "SentimentWord": "6",
        "SentimentPolarity": "1"
      }
    ]
  },
  {
    "Index": "13421",
    "RawText": "상품 품질이 좋아요^^ 기능들도 마음에 들어요!굿굿",
    "Source": "쇼핑몰",
    "Domain": "가전",
    "MainCategory": "영상/음향가전",
    "ProductName": "Crystal UHD 삼성전자 KU75UB8100FXKR 스탠드",
    "ReviewScore": "5",
    "Syllable": "28",
    "Word": "6",
    "RDate": "20220425",
    "GeneralPolarity": "1",
    "Aspects": [
      {
        "Aspect": "품질",
        "SentimentText": "상품 품질이 좋아요^^",
        "SentimentWord": "3",
        "SentimentPolarity": "1"
      },
      {
        "Aspect": "기능",
        "SentimentText": "기능들도 마음에 들어요!굿굿",
        "SentimentWord": "3",
        "SentimentPolarity": "1"
      }
    ]
  },
  {
    "Index": "13422",
    "RawText": "기사님도 친절하시고 설치도 잘 되어서 아주 마음에 들어요~ 디자인이 얇고 슬림해서 정말 예뻐요 마치 예술 작품 같아요~^^ TV 방송은 화질이 좀 떨어져요 그런데 영화 화면은화질이 진짜 좋긴하네요",
    "Source": "쇼핑몰",
    "Domain": "가전",
    "MainCategory": "영상/음향가전",
    "ProductName": "Crystal UHD 삼성전자 KU75UB8100FXKR 스탠드",
    "ReviewScore": "5",
    "Syllable": "109",
    "Word": "27",
    "RDate": "20220723",
    "Aspects": [
      {
        "Aspect": "디자인",
        "SentimentText": "디자인이 얇고 슬림해서 정말 예뻐요 마치 예술 작품 같아요~^^",
        "SentimentWord": "9",
        "SentimentPolarity": "1"
      },
      {
        "Aspect": "화질",
        "SentimentText": "TV 방송은 화질이 좀 떨어져요 그런데 영화 화면은화질이 진짜 좋긴하네요",
        "SentimentWord": "10",
        "SentimentPolarity": "0"
      }
    ]
  },
  {
    "Index": "13423",
    "RawText": "설치기간이 너무 오래 걸리긴했어요  미리 예상하고 있었던거라 괜찮아요~화질은 생각보다 선명하지 않아요ㅜ리모컨 사용이 좀 어려워요.기존 리모컨으로 그냥 쓰고 있답니다ㅡㅡ",
    "Source": "쇼핑몰",
    "Domain": "가전",
    "MainCategory": "영상/음향가전",
    "ProductName": "Crystal UHD 삼성전자 KU75UB8100FXKR 스탠드",
    "ReviewScore": "5",
    "Syllable": "93",
    "Word": "18",
    "RDate": "20220425",
    "Aspects": [
      {
        "Aspect": "화질",
        "SentimentText": "화질은 생각보다 선명하지 않아요ㅜ",
        "SentimentWord": "4",
        "SentimentPolarity": "-1"
      },
      {
        "Aspect": "조작성",
        "SentimentText": "리모컨 사용이 좀 어려워요.기존 리모컨으로 그냥 쓰고 있답니다ㅡㅡ",
        "SentimentWord": "8",
        "SentimentPolarity": "-1"
      }
    ]
  },
  {
    "Index": "13424",
    "RawText": "화면이 커서 시원해서 좋네요~ 재택 근무를 자주하는데 노트북을 연결해서 작업이 편합니다~^^",
    "Source": "쇼핑몰",
    "Domain": "가전",
    "MainCategory": "영상/음향가전",
    "ProductName": "Crystal UHD 삼성전자 KU75UB8100FXKR 스탠드",
    "ReviewScore": "5",
    "Syllable": "51",
    "Word": "11",
    "RDate": "20220806",
    "Aspects": [
      {
        "Aspect": "사이즈",
        "SentimentText": "화면이 커서 시원해서 좋네요~",
        "SentimentWord": "4",
        "SentimentPolarity": "1"
      },
      {
        "Aspect": "편의성",
        "SentimentText": "재택 근무를 자주하는데 노트북을 연결해서 작업이 편합니다~^^",
        "SentimentWord": "7",
        "SentimentPolarity": "1"
      }
    ]
  },
  {
    "Index": "13425",
    "RawText": "소리끊김현상이 계속 생기고 있어요 ㅡㅡ;; 다한시간에 3번정도 1~2초 이런현상이 지속반복중이여서 품질이 아쉽네요 좀 더 비싸도 보급형이 아닌것을 사야했나싶어요",
    "Source": "쇼핑몰",
    "Domain": "가전",
    "MainCategory": "영상/음향가전",
    "ProductName": "Crystal UHD 삼성전자 KU75UB8100FXKR 스탠드",
    "ReviewScore": "5",
    "Syllable": "89",
    "Word": "18",
    "RDate": "20220425",
    "GeneralPolarity": "-1",
    "Aspects": [
      {
        "Aspect": "음량/음질",
        "SentimentText": "소리끊김현상이 계속 생기고 있어요 ㅡㅡ;;",
        "SentimentWord": "5",
        "SentimentPolarity": "-1"
      },
      {
        "Aspect": "품질",
        "SentimentText": "다한시간에 3번정도 1~2초 이런현상이 지속반복중이여서 품질이 아쉽네요 ",
        "SentimentWord": "7",
        "SentimentPolarity": "-1"
      }
    ]
  },
  {
    "Index": "13426",
    "RawText": "아무래도 보급형이라 상품자체는 가성비용 좋습니다. HDMI 와이파이 연결 등 기본 스펙이 잘 갖추어진 거 같아요 대만족이예요!",
    "Source": "쇼핑몰",
    "Domain": "가전",
    "MainCategory": "영상/음향가전",
    "ProductName": "Crystal UHD 삼성전자 KU75UB8100FXKR 스탠드",
    "ReviewScore": "4",
    "Syllable": "70",
    "Word": "16",
    "RDate": "20220528",
    "Aspects": [
      {
        "Aspect": "가격",
        "SentimentText": "아무래도 보급형이라 상품자체는 가성비용 좋습니다",
        "SentimentWord": "5",
        "SentimentPolarity": "1"
      },
      {
        "Aspect": "제품구성",
        "SentimentText": "HDMI 와이파이 연결 등 기본 스펙이 잘 갖추어진 거 같아요 대만족이예요!",
        "SentimentWord": "11",
        "SentimentPolarity": "1"
      }
    ]
  },
  {
    "Index": "13427",
    "RawText": "액정 화면이 나가서 교환했어요 ;; 당황스럽네요 교환 배송 한달걸린다했는데 몇일 안걸려 왔어요 다행입니다.싸게는 샀어요 그래도 저렴한가격에 만족해용 ㅎㅎ",
    "Source": "쇼핑몰",
    "Domain": "가전",
    "MainCategory": "영상/음향가전",
    "ProductName": "Crystal UHD 삼성전자 KU75UB8100FXKR 스탠드",
    "ReviewScore": "3",
    "Syllable": "85",
    "Word": "18",
    "RDate": "20220425",
    "Aspects": [
      {
        "Aspect": "품질",
        "SentimentText": "액정 화면이 나가서 교환했어요 ;; 당황스럽네요 ",
        "SentimentWord": "6",
        "SentimentPolarity": "-1"
      },
      {
        "Aspect": "가격",
        "SentimentText": "싸게는 샀어요 그래도 저렴한가격에 만족해용 ㅎㅎ",
        "SentimentWord": "6",
        "SentimentPolarity": "1"
      }
    ]
  },
  {
    "Index": "13428",
    "RawText": "먼저.. 첫번째로 tv가 커서 너무 좋고, 두번째론 화질이 끝내주게 좋고, 마지막 세번째는 사운드바에 나오는 음향이 정말 최고네요! 이 제품 정말 강추입니다!!",
    "Source": "쇼핑몰",
    "Domain": "가전",
    "MainCategory": "영상/음향가전",
    "ProductName": "Crystal UHD 삼성전자 KU75UB8100FXKR 스탠드",
    "ReviewScore": "5",
    "Syllable": "89",
    "Word": "21",
    "RDate": "20220727",
    "GeneralPolarity": "1",
    "Aspects": [
      {
        "Aspect": "사이즈",
        "SentimentText": " tv가 커서 너무 좋고,",
        "SentimentWord": "4",
        "SentimentPolarity": "1"
      },
      {
        "Aspect": "화질",
        "SentimentText": "화질이 끝내주게 좋고,",
        "SentimentWord": "3",
        "SentimentPolarity": "1"
      },
      {
        "Aspect": "음량/음질",
        "SentimentText": "사운드바에 나오는 음향이 정말 최고네요!",
        "SentimentWord": "5",
        "SentimentPolarity": "1"
      }
    ]
  },
  {
    "Index": "13429",
    "RawText": "일요일저녁주문해서 화요일아침설치했는데 기사님도 친절하시니 좋아용.화질 선명해서 좋아요 굿 음향 또한 넘 좋습니다~^^",
    "Source": "쇼핑몰",
    "Domain": "가전",
    "MainCategory": "영상/음향가전",
    "ProductName": "Crystal UHD 삼성전자 KU75UB8100FXKR 스탠드",
    "ReviewScore": "5",
    "Syllable": "65",
    "Word": "12",
    "RDate": "20220628",
    "Aspects": [
      {
        "Aspect": "화질",
        "SentimentText": "화질 선명해서 좋아요 굿",
        "SentimentWord": "4",
        "SentimentPolarity": "1"
      },
      {
        "Aspect": "음량/음질",
        "SentimentText": "음향 또한 넘 좋습니다~^^",
        "SentimentWord": "4",
        "SentimentPolarity": "1"
      }
    ]
  },
  {
    "Index": "13430",
    "RawText": "기사님들이전날 연락주셔서 시간도 엄청 빠르게.설치해주시고 상품 배송 등 모두 만족스러워요 화질도 뛰어나고 75인치라 사이즈도 크고 아주 만족스럽게 사용할께요^^",
    "Source": "쇼핑몰",
    "Domain": "가전",
    "MainCategory": "영상/음향가전",
    "ProductName": "Crystal UHD 삼성전자 KU75UB8100FXKR 스탠드",
    "ReviewScore": "5",
    "Syllable": "89",
    "Word": "18",
    "RDate": "20220505",
    "Aspects": [
      {
        "Aspect": "화질",
        "SentimentText": "화질도 뛰어나고",
        "SentimentWord": "2",
        "SentimentPolarity": "1"
      },
      {
        "Aspect": "사이즈",
        "SentimentText": "75인치라 사이즈도 크고 아주 만족스럽게 사용할께요^^",
        "SentimentWord": "6",
        "SentimentPolarity": "1"
      }
    ]
  },
  {
    "Index": "13431",
    "RawText": "좋은 가격에 잘 구매했어요^^ 75인치랑 고민하다 85인치 가격이 너무좋은거있죠 32평거실인데 조금 사이즈가 부담스럽지만 좋네요~~",
    "Source": "쇼핑몰",
    "Domain": "가전",
    "MainCategory": "영상/음향가전",
    "ProductName": "Crystal UHD 삼성전자 KU75UB8100FXKR 스탠드",
    "ReviewScore": "5",
    "Syllable": "73",
    "Word": "14",
    "RDate": "20220425",
    "GeneralPolarity": "1",
    "Aspects": [
      {
        "Aspect": "가격",
        "SentimentText": "좋은 가격에 잘 구매했어요^^ 75인치랑 고민하다 85인치 가격이 너무좋은거있죠 ",
        "SentimentWord": "9",
        "SentimentPolarity": "1"
      },
      {
        "Aspect": "사이즈",
        "SentimentText": "32평거실인데 조금 사이즈가 부담스럽지만 좋네요~~",
        "SentimentWord": "5",
        "SentimentPolarity": "0"
      }
    ]
  },
  {
    "Index": "13432",
    "RawText": "좋은 가격에 잘 구매했어요 이곳 가격이 제일저렴한거같애요~~^^화면이 커서 놀랐지만 보다보니까 적응 했어요 굿",
    "Source": "쇼핑몰",
    "Domain": "가전",
    "MainCategory": "영상/음향가전",
    "ProductName": "Crystal UHD 삼성전자 KU75UB8100FXKR 스탠드",
    "ReviewScore": "5",
    "Syllable": "61",
    "Word": "13",
    "RDate": "20220425",
    "GeneralPolarity": "1",
    "Aspects": [
      {
        "Aspect": "가격",
        "SentimentText": "좋은 가격에 잘 구매했어요 이곳 가격이 제일저렴한거같애요~~^^",
        "SentimentWord": "7",
        "SentimentPolarity": "1"
      },
      {
        "Aspect": "사이즈",
        "SentimentText": "화면이 커서 놀랐지만 보다보니까 적응 했어요 굿",
        "SentimentWord": "7",
        "SentimentPolarity": "1"
      }
    ]
  },
  {
    "Index": "13433",
    "RawText": "좋은가격이라 안살이유 없이 바로 구매했어요^^ 86인치를 주문했는데 사이즈 선택을 잘한듯 .. 커서 마음에 들어요",
    "Source": "쇼핑몰",
    "Domain": "가전",
    "MainCategory": "영상/음향가전",
    "ProductName": "Crystal UHD 삼성전자 KU75UB8100FXKR 스탠드",
    "ReviewScore": "5",
    "Syllable": "63",
    "Word": "14",
    "RDate": "20220425",
    "GeneralPolarity": "1",
    "Aspects": [
      {
        "Aspect": "가격",
        "SentimentText": "좋은가격이라 안살이유 없이 바로 구매했어요^^ ",
        "SentimentWord": "5",
        "SentimentPolarity": "1"
      },
      {
        "Aspect": "사이즈",
        "SentimentText": "86인치를 주문했는데 사이즈 선택을 잘한듯 .. 커서 마음에 들어요",
        "SentimentWord": "9",
        "SentimentPolarity": "1"
      }
    ]
  },
  {
    "Index": "13434",
    "RawText": "좋은 가격에 잘 구매했어요^^선물용으로 구매했는데,배송도 2 일만에 와서 빠르니까 좋아요, 사은품도 같이오니까 아주 만족스러운것같아요 .받으시는분께서도 만족해하시니 기분 좋네요",
    "Source": "쇼핑몰",
    "Domain": "가전",
    "MainCategory": "영상/음향가전",
    "ProductName": "Crystal UHD 삼성전자 KU75UB8100FXKR 스탠드",
    "ReviewScore": "5",
    "Syllable": "98",
    "Word": "18",
    "RDate": "20220425",
    "Aspects": [
      {
        "Aspect": "가격",
        "SentimentText": "좋은 가격에 잘 구매했어요^^",
        "SentimentWord": "4",
        "SentimentPolarity": "1"
      },
      {
        "Aspect": "제품구성",
        "SentimentText": "사은품도 같이오니까 아주 만족스러운것같아요 .",
        "SentimentWord": "5",
        "SentimentPolarity": "1"
      }
    ]
  },
  {
    "Index": "13435",
    "RawText": "좋은 가격에 잘 구매했어요~^^조금 화질이 다르게 보여요 방송국 송출때문에 그런가요?",
    "Source": "쇼핑몰",
    "Domain": "가전",
    "MainCategory": "영상/음향가전",
    "ProductName": "Crystal UHD 삼성전자 KU75UB8100FXKR 스탠드",
    "ReviewScore": "5",
    "Syllable": "47",
    "Word": "10",
    "RDate": "20220425",
    "GeneralPolarity": "0",
    "Aspects": [
      {
        "Aspect": "가격",
        "SentimentText": "좋은 가격에 잘 구매했어요~^^",
        "SentimentWord": "4",
        "SentimentPolarity": "1"
      },
      {
        "Aspect": "화질",
        "SentimentText": "조금 화질이 다르게 보여요 방송국 송출때문에 그런가요?",
        "SentimentWord": "7",
        "SentimentPolarity": "0"
      }
    ]
  },
  {
    "Index": "13436",
    "RawText": "가격적으로 저렴하게 구입해서 만족^^ 화질도 내맘에 쏙 드네요 ㅎㅎ",
    "Source": "쇼핑몰",
    "Domain": "가전",
    "MainCategory": "영상/음향가전",
    "ProductName": "Crystal UHD 삼성전자 KU75UB8100FXKR 스탠드",
    "ReviewScore": "5",
    "Syllable": "37",
    "Word": "9",
    "RDate": "20220425",
    "Aspects": [
      {
        "Aspect": "가격",
        "SentimentText": "가격적으로 저렴하게 구입해서 만족^^ ",
        "SentimentWord": "4",
        "SentimentPolarity": "1"
      },
      {
        "Aspect": "화질",
        "SentimentText": "화질도 내맘에 쏙 드네요 ㅎㅎ",
        "SentimentWord": "5",
        "SentimentPolarity": "1"
      }
    ]
  },
  {
    "Index": "13437",
    "RawText": "처가집에 한대 놓아 드렸는데 화면이 크니까 좋아 하세요 소리도 크게 잘 나온다고 만족해 하십니다^^ 배송도 1주일정도이니 빠른편입니다 굿!",
    "Source": "쇼핑몰",
    "Domain": "가전",
    "MainCategory": "영상/음향가전",
    "ProductName": "Crystal UHD 삼성전자 KU75UB8100FXKR 스탠드",
    "ReviewScore": "5",
    "Syllable": "77",
    "Word": "18",
    "RDate": "20220425",
    "Aspects": [
      {
        "Aspect": "사이즈",
        "SentimentText": "처가집에 한대 놓아 드렸는데 화면이 크니까 좋아 하세요",
        "SentimentWord": "8",
        "SentimentPolarity": "1"
      },
      {
        "Aspect": "음량/음질",
        "SentimentText": "소리도 크게 잘 나온다고 만족해 하십니다^^",
        "SentimentWord": "6",
        "SentimentPolarity": "1"
      }
    ]
  },
  {
    "Index": "13438",
    "RawText": "영화관에서 보는것처럼 티비가 크니 너무 좋아요. 설치기사님도 정말 친절하시고요. 역시 OOO 최고!",
    "Source": "쇼핑몰",
    "Domain": "가전",
    "MainCategory": "영상/음향가전",
    "ProductName": "Crystal UHD 삼성전자 KU75UB8100FXKR 스탠드",
    "ReviewScore": "5",
    "Syllable": "55",
    "Word": "12",
    "RDate": "20220610",
    "Aspects": [
      {
        "Aspect": "사이즈",
        "SentimentText": "영화관에서 보는것처럼 티비가 크니 너무 좋아요.",
        "SentimentWord": "6",
        "SentimentPolarity": "1"
      },
      {
        "Aspect": "제조일/제조사",
        "SentimentText": "역시 OOO 최고!",
        "SentimentWord": "3",
        "SentimentPolarity": "1"
      }
    ]
  },
  {
    "Index": "13439",
    "RawText": "모든 혜택을 동원해서 저렴한 가격으로 구입^^ OO쇼핑몰에 구입이라 정품이 맞을까 걱정. 받아보니 티비 잘 나옵니다 상태 굿~!",
    "Source": "쇼핑몰",
    "Domain": "가전",
    "MainCategory": "영상/음향가전",
    "ProductName": "Crystal UHD 삼성전자 KU75UB8100FXKR 스탠드",
    "ReviewScore": "5",
    "Syllable": "71",
    "Word": "17",
    "RDate": "20220807",
    "Aspects": [
      {
        "Aspect": "가격",
        "SentimentText": "모든 혜택을 동원해서 저렴한 가격으로 구입^^",
        "SentimentWord": "6",
        "SentimentPolarity": "1"
      },
      {
        "Aspect": "품질",
        "SentimentText": "받아보니 티비 잘 나옵니다 상태 굿~!",
        "SentimentWord": "6",
        "SentimentPolarity": "1"
      }
    ]
  },
  {
    "Index": "13440",
    "RawText": "지금까지 화면도 잘 나와서 만족하게 사용하고 있습니다. 그런데 리모컨이 너무 간단해서 조작하기 너무 어렵네요ㅠ 몇일을 게속 써봐도 손에 익히지가 않아요. ",
    "Source": "쇼핑몰",
    "Domain": "가전",
    "MainCategory": "영상/음향가전",
    "ProductName": "Crystal UHD 삼성전자 KU75UB8100FXKR 스탠드",
    "ReviewScore": "5",
    "Syllable": "86",
    "Word": "20",
    "RDate": "20220704",
    "GeneralPolarity": "0",
    "Aspects": [
      {
        "Aspect": "기능",
        "SentimentText": "지금까지 화면도 잘 나와서 만족하게 사용하고 있습니다.",
        "SentimentWord": "7",
        "SentimentPolarity": "1"
      },
      {
        "Aspect": "조작성",
        "SentimentText": "리모컨이 너무 간단해서 조작하기 너무 어렵네요ㅠ",
        "SentimentWord": "6",
        "SentimentPolarity": "-1"
      }
    ]
  },
  {
    "Index": "13441",
    "RawText": "화면이 큰걸 구입하면 혹여 화질이 떨어질까봐 2가지중 고민했는데.. 결국 화면 사이즈로 선택! 그런데 막상 받아보니 사이즈가 크질 않아서 실망이네요. 거실에 놓고 보니 더 작아보이네요. 화면도 뿌였게 보이고.. 실망입니다.",
    "Source": "쇼핑몰",
    "Domain": "가전",
    "MainCategory": "영상/음향가전",
    "ProductName": "Crystal UHD 삼성전자 KU75UB8100FXKR 스탠드",
    "ReviewScore": "5",
    "Syllable": "124",
    "Word": "28",
    "RDate": "20220425",
    "GeneralPolarity": "-1",
    "Aspects": [
      {
        "Aspect": "사이즈",
        "SentimentText": "사이즈가 크질 않아서 실망이네요.",
        "SentimentWord": "4",
        "SentimentPolarity": "-1"
      },
      {
        "Aspect": "화질",
        "SentimentText": " 화면도 뿌였게 보이고.. 실망입니다.",
        "SentimentWord": "4",
        "SentimentPolarity": "-1"
      }
    ]
  },
  {
    "Index": "13442",
    "RawText": "할인행사로 완전 저렴하게 득템했습니다^^ 크기가 어마어마하네요 너무 좋습니다~ 설치기사님들 모두 친절하시고 설치에 선정리까지 깔끔히 해주셔서 감사했습니다.",
    "Source": "쇼핑몰",
    "Domain": "가전",
    "MainCategory": "영상/음향가전",
    "ProductName": "Crystal UHD 삼성전자 KU85UA7000FXKR 스탠드",
    "ReviewScore": "5",
    "Syllable": "86",
    "Word": "16",
    "RDate": "20220127",
    "Aspects": [
      {
        "Aspect": "가격",
        "SentimentText": "할인행사로 완전 저렴하게 득템했습니다^^",
        "SentimentWord": "4",
        "SentimentPolarity": "1"
      },
      {
        "Aspect": "사이즈",
        "SentimentText": "크기가 어마어마하네요 너무 좋습니다~",
        "SentimentWord": "4",
        "SentimentPolarity": "1"
      }
    ]
  },
  {
    "Index": "13443",
    "RawText": "크기가 커서 만족합니다ㅎㅎ 다른 기기랑 연결하기도 쉬워서 사용하기 좋습니다 굿!",
    "Source": "쇼핑몰",
    "Domain": "가전",
    "MainCategory": "영상/음향가전",
    "ProductName": "Crystal UHD 삼성전자 KU85UA7000FXKR 스탠드",
    "ReviewScore": "5",
    "Syllable": "44",
    "Word": "10",
    "RDate": "20220112",
    "Aspects": [
      {
        "Aspect": "사이즈",
        "SentimentText": "크기가 커서 만족합니다 ㅎㅎ",
        "SentimentWord": "4",
        "SentimentPolarity": "1"
      },
      {
        "Aspect": "조작성",
        "SentimentText": "다른 기기랑 연결하기도 쉬워서 사용하기 좋습니다 굿!",
        "SentimentWord": "7",
        "SentimentPolarity": "1"
      }
    ]
  },
  {
    "Index": "13444",
    "RawText": "기사님 오셔서 친절하게 설치해 주셨어요. 확실히 화면크기가 크니까 보기 시원하고 만족스럽습니다. 화질도 진짜 맑고 선명합니다.",
    "Source": "쇼핑몰",
    "Domain": "가전",
    "MainCategory": "영상/음향가전",
    "ProductName": "Crystal UHD 삼성전자 KU85UA7000FXKR 스탠드",
    "ReviewScore": "5",
    "Syllable": "70",
    "Word": "15",
    "RDate": "20220225",
    "Aspects": [
      {
        "Aspect": "사이즈",
        "SentimentText": "확실히 화면크기가 크니까 보기 시원하고 만족스럽습니다.",
        "SentimentWord": "6",
        "SentimentPolarity": "1"
      },
      {
        "Aspect": "화질",
        "SentimentText": "화질도 진짜 맑고 선명합니다.",
        "SentimentWord": "4",
        "SentimentPolarity": "1"
      }
    ]
  },
  {
    "Index": "13445",
    "RawText": "요번에 ㅇㅇㅇ UHD 티비 85인치 장만구매했는데, 사이즈가 크니 집에서 영화보는것 같아 좋아요. 구매전에 65, 75, 85인치 어느것으로 살까고민했는데, 역시 티비는ㅇㅇㅇ제품 티비가 최고예요 추천합니다.",
    "Source": "쇼핑몰",
    "Domain": "가전",
    "MainCategory": "영상/음향가전",
    "ProductName": "Crystal UHD 삼성전자 KU85UA7000FXKR 스탠드",
    "ReviewScore": "5",
    "Syllable": "115",
    "Word": "23",
    "RDate": "20220209",
    "GeneralPolarity": "1",
    "Aspects": [
      {
        "Aspect": "사이즈",
        "SentimentText": "사이즈가 크니 집에서 영화보는것 같아 좋아요",
        "SentimentWord": "6",
        "SentimentPolarity": "1"
      },
      {
        "Aspect": "제조일/제조사",
        "SentimentText": "역시 티비는ㅇㅇㅇ제품 티비가 최고예요 추천합니다.",
        "SentimentWord": "5",
        "SentimentPolarity": "1"
      }
    ]
  },
  {
    "Index": "13446",
    "RawText": "전에는 75인치로 보다가 85인치로 보니깐 사이즈가 딱 맞네요. 매장에서 쓰기에 좋아요. 큰 TV로 올림픽경기 시청하니 화질도 선명하고 좋아요",
    "Source": "쇼핑몰",
    "Domain": "가전",
    "MainCategory": "영상/음향가전",
    "ProductName": "Crystal UHD 삼성전자 KU85UA7000FXKR 스탠드",
    "ReviewScore": "5",
    "Syllable": "79",
    "Word": "18",
    "RDate": "20220209",
    "GeneralPolarity": "1",
    "Aspects": [
      {
        "Aspect": "사이즈",
        "SentimentText": "사이즈가 딱 맞네요. 매장에서 쓰기에 좋아요.",
        "SentimentWord": "6",
        "SentimentPolarity": "1"
      },
      {
        "Aspect": "화질",
        "SentimentText": "큰 TV로 올림픽경기 시청하니 화질도 선명하고 좋아요",
        "SentimentWord": "7",
        "SentimentPolarity": "1"
      }
    ]
  },
  {
    "Index": "13447",
    "RawText": "40인치대 티비를 보다가 85인치로 바꾸니 신세계네요..크기가 어마어마해욧. 디자인 스타일도 맘에 듭니다. 구매하길 잘한듯 합니다.",
    "Source": "쇼핑몰",
    "Domain": "가전",
    "MainCategory": "영상/음향가전",
    "ProductName": "Crystal UHD 삼성전자 KU85UA7000FXKR 스탠드",
    "ReviewScore": "5",
    "Syllable": "73",
    "Word": "14",
    "RDate": "20220128",
    "Aspects": [
      {
        "Aspect": "사이즈",
        "SentimentText": "40인치대 티비를 보다가 85인치로 바꾸니 신세계네요..크기가 어마어마해욧.",
        "SentimentWord": "7",
        "SentimentPolarity": "1"
      },
      {
        "Aspect": "디자인",
        "SentimentText": "디자인 스타일도 맘에 듭니다.",
        "SentimentWord": "4",
        "SentimentPolarity": "1"
      }
    ]
  },
  {
    "Index": "13448",
    "RawText": "85인치라 너무 클까봐 걱정했는데 아니네용... 역시 TV는 크면클수록 더욱 좋아요 굿... 화질도 짱 좋구요 배송도 빠르고 좋았어요 설치기사분도 너무 친절하시네요..  모두 만족스럽죵 굿^^",
    "Source": "쇼핑몰",
    "Domain": "가전",
    "MainCategory": "영상/음향가전",
    "ProductName": "Crystal UHD 삼성전자 KU85UA7000FXKR 스탠드",
    "ReviewScore": "5",
    "Syllable": "107",
    "Word": "23",
    "RDate": "20220110",
    "Aspects": [
      {
        "Aspect": "사이즈",
        "SentimentText": "85인치라 너무 클까봐 걱정했는데 아니네용... 역시 TV는 크면클수록 더욱 좋아요 굿... ",
        "SentimentWord": "11",
        "SentimentPolarity": "1"
      },
      {
        "Aspect": "화질",
        "SentimentText": "화질도 짱 좋구요",
        "SentimentWord": "3",
        "SentimentPolarity": "1"
      }
    ]
  },
  {
    "Index": "13449",
    "RawText": "TV 받았는데 예상대로 좋아용 역시 TV는 거거익선이쥬^^  화질이 이렇게나 좋다니 보기에 편안해요~ 서비스기능도 좋으니 만족할 수밖에요 설치 기사님들도 너무 친절하시니까 구우웃~",
    "Source": "쇼핑몰",
    "Domain": "가전",
    "MainCategory": "영상/음향가전",
    "ProductName": "Crystal UHD 삼성전자 KU85UA7000FXKR 스탠드",
    "ReviewScore": "5",
    "Syllable": "100",
    "Word": "21",
    "RDate": "20220129",
    "Aspects": [
      {
        "Aspect": "사이즈",
        "SentimentText": "TV 받았는데 예상대로 좋아용 역시 TV는 거거익선이쥬^^ ",
        "SentimentWord": "7",
        "SentimentPolarity": "1"
      },
      {
        "Aspect": "화질",
        "SentimentText": "화질이 이렇게나 좋다니 보기에 편안해요~ ",
        "SentimentWord": "5",
        "SentimentPolarity": "1"
      }
    ]
  },
  {
    "Index": "13450",
    "RawText": "화질의 선명감도 이정도면 만족^^ 이가격으로 압도하는 크기티비라니 너무 좋아용 기존 티비를 폐기 할때 보상받게해주셔서 감사합니다",
    "Source": "쇼핑몰",
    "Domain": "가전",
    "MainCategory": "영상/음향가전",
    "ProductName": "Crystal UHD 삼성전자 KU85UA7000FXKR 스탠드",
    "ReviewScore": "5",
    "Syllable": "71",
    "Word": "15",
    "RDate": "20211125",
    "Aspects": [
      {
        "Aspect": "화질",
        "SentimentText": "화질의 선명감도 이정도면 만족^^",
        "SentimentWord": "4",
        "SentimentPolarity": "1"
      },
      {
        "Aspect": "사이즈",
        "SentimentText": "이가격으로 압도하는 크기티비라니 너무 좋아용",
        "SentimentWord": "5",
        "SentimentPolarity": "1"
      }
    ]
  },
  {
    "Index": "13451",
    "RawText": "49인치 쓰다가 85인치로 바꾸니 와우 거실이 꽉차네요 영화관 같아서 좋습니다 ㅎㅎㅎ 화질도 넘 선명하니 좋은것같아요  설치기사님도 넘 친절하시니 만족습럽습니다^^",
    "Source": "쇼핑몰",
    "Domain": "가전",
    "MainCategory": "영상/음향가전",
    "ProductName": "Crystal UHD 삼성전자 KU85UA7000FXKR 스탠드",
    "ReviewScore": "5",
    "Syllable": "91",
    "Word": "19",
    "RDate": "20220207",
    "Aspects": [
      {
        "Aspect": "사이즈",
        "SentimentText": "49인치 쓰다가 85인치로 바꾸니 와우 거실이 꽉차네요 영화관 같아서 좋습니다 ㅎㅎㅎ",
        "SentimentWord": "11",
        "SentimentPolarity": "1"
      },
      {
        "Aspect": "화질",
        "SentimentText": "화질도 넘 선명하니 좋은것같아요",
        "SentimentWord": "4",
        "SentimentPolarity": "1"
      }
    ]
  },
  {
    "Index": "13452",
    "RawText": "너무 크지 않을까 우려했지만 85인치는 아주 잘 선택한 것같아요. 다만 메뉴에서 이동할때 반응이 약간 버벅거리는게 있네요..",
    "Source": "쇼핑몰",
    "Domain": "가전",
    "MainCategory": "영상/음향가전",
    "ProductName": "Crystal UHD 삼성전자 KU85UA7000FXKR 스탠드",
    "ReviewScore": "5",
    "Syllable": "69",
    "Word": "16",
    "RDate": "20211201",
    "Aspects": [
      {
        "Aspect": "사이즈",
        "SentimentText": "너무 크지 않을까 우려했지만 85인치는 아주 잘 선택한 것같아요.",
        "SentimentWord": "9",
        "SentimentPolarity": "1"
      },
      {
        "Aspect": "시간/속도",
        "SentimentText": "다만 메뉴에서 이동할때 반응이 약간 버벅거리는게 있네요..",
        "SentimentWord": "7",
        "SentimentPolarity": "-1"
      }
    ]
  },
  {
    "Index": "13453",
    "RawText": "화질이 매우 좋아요 사운드도 빵빵하니 좋아요^^ 너무 크지 않을까 했는데 역시 큰티비가 정답입니다^^ 이벤트로 좋은 가격에 구입해서 만족해요",
    "Source": "쇼핑몰",
    "Domain": "가전",
    "MainCategory": "영상/음향가전",
    "ProductName": "Crystal UHD 삼성전자 KU85UA7000FXKR 스탠드",
    "ReviewScore": "5",
    "Syllable": "78",
    "Word": "18",
    "RDate": "20211127",
    "GeneralPolarity": "1",
    "Aspects": [
      {
        "Aspect": "화질",
        "SentimentText": "화질이 매우 좋아요",
        "SentimentWord": "3",
        "SentimentPolarity": "1"
      },
      {
        "Aspect": "음량/음질",
        "SentimentText": "사운드도 빵빵하니 좋아요^^",
        "SentimentWord": "3",
        "SentimentPolarity": "1"
      },
      {
        "Aspect": "사이즈",
        "SentimentText": "너무 크지 않을까 했는데 역시 큰티비가 정답입니다^",
        "SentimentWord": "7",
        "SentimentPolarity": "1"
      },
      {
        "Aspect": "가격",
        "SentimentText": " 이벤트로 좋은 가격에 구입해서 만족해요",
        "SentimentWord": "5",
        "SentimentPolarity": "1"
      }
    ]
  },
  {
    "Index": "13454",
    "RawText": "역시크니까 그 크기에 압도당한기분 좋아요^^ 사운드바 없어도 소리도 빵빵 괜찮네요^^ 배송은 이틀만에 받았어요 굿!!",
    "Source": "쇼핑몰",
    "Domain": "가전",
    "MainCategory": "영상/음향가전",
    "ProductName": "Crystal UHD 삼성전자 KU85UA7000FXKR 스탠드",
    "ReviewScore": "5",
    "Syllable": "65",
    "Word": "14",
    "RDate": "20220107",
    "Aspects": [
      {
        "Aspect": "사이즈",
        "SentimentText": "역시크니까 그 크기에 압도당한기분 좋아요^^ ",
        "SentimentWord": "5",
        "SentimentPolarity": "1"
      },
      {
        "Aspect": "음량/음질",
        "SentimentText": "사운드바 없어도 소리도 빵빵 괜찮네요^^ ",
        "SentimentWord": "5",
        "SentimentPolarity": "1"
      }
    ]
  },
  {
    "Index": "13455",
    "RawText": "85인치 구매했고 일단 크니까 매우 좋긴하네요 생생한 화질이라 굿!! 배송은 예정일에 정확히 왔으니 만족해요^^",
    "Source": "쇼핑몰",
    "Domain": "가전",
    "MainCategory": "영상/음향가전",
    "ProductName": "Crystal UHD 삼성전자 KU85UA7000FXKR 스탠드",
    "ReviewScore": "5",
    "Syllable": "62",
    "Word": "14",
    "RDate": "20220209",
    "Aspects": [
      {
        "Aspect": "사이즈",
        "SentimentText": "85인치 구매했고 일단 크니까 매우 좋긴하네요",
        "SentimentWord": "6",
        "SentimentPolarity": "1"
      },
      {
        "Aspect": "화질",
        "SentimentText": "생생한 화질이라 굿!!",
        "SentimentWord": "3",
        "SentimentPolarity": "1"
      }
    ]
  },
  {
    "Index": "13456",
    "RawText": "화질이 생각보다 좋진 않네요 약간 어두워요..그래도 가성비 괜찮습니다. 잘볼게요.",
    "Source": "쇼핑몰",
    "Domain": "가전",
    "MainCategory": "영상/음향가전",
    "ProductName": "Crystal UHD 삼성전자 KU85UA7000FXKR 스탠드",
    "ReviewScore": "5",
    "Syllable": "45",
    "Word": "9",
    "RDate": "20211207",
    "Aspects": [
      {
        "Aspect": "화질",
        "SentimentText": "화질이 생각보다 좋진 않네요 약간 어두워요..",
        "SentimentWord": "6",
        "SentimentPolarity": "-1"
      },
      {
        "Aspect": "가격",
        "SentimentText": "그래도 가성비 괜찮습니다. 잘볼게요.",
        "SentimentWord": "4",
        "SentimentPolarity": "1"
      }
    ]
  },
  {
    "Index": "13457",
    "RawText": "가격이 비싸긴 하지만 티비가 고장나서 급하게 구매했어요~ 제품은 좋아요!!화면이 크니까 영화도 영화관처럼^^",
    "Source": "쇼핑몰",
    "Domain": "가전",
    "MainCategory": "영상/음향가전",
    "ProductName": "Crystal UHD 삼성전자 KU85UA7000FXKR 스탠드",
    "ReviewScore": "4",
    "Syllable": "60",
    "Word": "12",
    "RDate": "20211229",
    "Aspects": [
      {
        "Aspect": "가격",
        "SentimentText": "가격이 비싸긴 하지만 티비가 고장나서 급하게 구매했어요~",
        "SentimentWord": "7",
        "SentimentPolarity": "-1"
      },
      {
        "Aspect": "사이즈",
        "SentimentText": "제품은 좋아요!!화면이 크니까 영화도 영화관처럼^^",
        "SentimentWord": "5",
        "SentimentPolarity": "1"
      }
    ]
  },
  {
    "Index": "13458",
    "RawText": "4k영상 화질이 참좋기는한데 아직 UHD화질의 송출이 제한적이니까 아쉽기는해요  Tv가 엄첨크니 보기도 좋구요  설치도 친절하게 해주시니 만족이죵!!",
    "Source": "쇼핑몰",
    "Domain": "가전",
    "MainCategory": "영상/음향가전",
    "ProductName": "Crystal UHD 삼성전자 KU85UA7000FXKR 스탠드",
    "ReviewScore": "5",
    "Syllable": "83",
    "Word": "16",
    "RDate": "20220127",
    "Aspects": [
      {
        "Aspect": "화질",
        "SentimentText": "4k영상 화질이 참좋기는한데 아직 UHD화질의 송출이 제한적이니까 아쉽기는해요 ",
        "SentimentWord": "8",
        "SentimentPolarity": "0"
      },
      {
        "Aspect": "사이즈",
        "SentimentText": "Tv가 엄첨크니 보기도 좋구요",
        "SentimentWord": "4",
        "SentimentPolarity": "1"
      }
    ]
  },
  {
    "Index": "13459",
    "RawText": "55인치에서 85인치바꾸니 화면이 엄청 크긴했어요 그런데 이젠 적응되서 화면이 작게 느껴지긴해요ㅎ 크니까 무겁기는하네요-_-;;",
    "Source": "쇼핑몰",
    "Domain": "가전",
    "MainCategory": "영상/음향가전",
    "ProductName": "Crystal UHD 삼성전자 KU85UA7000FXKR 스탠드",
    "ReviewScore": "5",
    "Syllable": "71",
    "Word": "13",
    "RDate": "20220406",
    "GeneralPolarity": "0",
    "Aspects": [
      {
        "Aspect": "사이즈",
        "SentimentText": "55인치에서 85인치바꾸니 화면이 엄청 크긴했어요 그런데 이젠 적응되서 화면이 작게 느껴지긴해요ㅎ",
        "SentimentWord": "11",
        "SentimentPolarity": "0"
      },
      {
        "Aspect": "무게",
        "SentimentText": "크니까 무겁기는하네요-_-;;",
        "SentimentWord": "2",
        "SentimentPolarity": "-1"
      }
    ]
  },
  {
    "Index": "13460",
    "RawText": "85인지로 하길 잘한것같아요 화면도 화질이 좋아요 짱!!  화면 크니까 영화관 느낌으로다가 굿^^",
    "Source": "쇼핑몰",
    "Domain": "가전",
    "MainCategory": "영상/음향가전",
    "ProductName": "Crystal UHD 삼성전자 KU85UA7000FXKR 스탠드",
    "ReviewScore": "5",
    "Syllable": "54",
    "Word": "12",
    "RDate": "20220820",
    "GeneralPolarity": "1",
    "Aspects": [
      {
        "Aspect": "화질",
        "SentimentText": "85인지로 하길 잘한것같아요 화면도 화질이 좋아요 짱!!",
        "SentimentWord": "7",
        "SentimentPolarity": "1"
      },
      {
        "Aspect": "사이즈",
        "SentimentText": "화면 크니까 영화관 느낌으로다가 굿^^",
        "SentimentWord": "5",
        "SentimentPolarity": "1"
      }
    ]
  },
  {
    "Index": "13461",
    "RawText": "85하길 잘한듯 화면 커도 눈도 금방적응되니 시원시원^^ 좋아하는 채널 화면 크게보니까 넘좋음ㅎㅎ",
    "Source": "쇼핑몰",
    "Domain": "가전",
    "MainCategory": "영상/음향가전",
    "ProductName": "Crystal UHD 삼성전자 KU85UA7000FXKR 스탠드",
    "ReviewScore": "5",
    "Syllable": "54",
    "Word": "12",
    "RDate": "20220417",
    "GeneralPolarity": "1",
    "Aspects": [
      {
        "Aspect": "사이즈",
        "SentimentText": "85하길 잘한듯 화면 커도 눈도 금방적응되니 시원시원^^",
        "SentimentWord": "7",
        "SentimentPolarity": "1"
      },
      {
        "Aspect": "사이즈",
        "SentimentText": "좋아하는 채널 화면 크게보니까 넘좋음ㅎㅎ",
        "SentimentWord": "5",
        "SentimentPolarity": "1"
      }
    ]
  },
  {
    "Index": "13462",
    "RawText": "85인치 화면이 크니까 속시원히 보이고 좋구만요!! 그런데 내구성은 그냥그냥 그럭저럭인듯요",
    "Source": "쇼핑몰",
    "Domain": "가전",
    "MainCategory": "영상/음향가전",
    "ProductName": "Crystal UHD 삼성전자 KU85UA7000FXKR 스탠드",
    "ReviewScore": "5",
    "Syllable": "50",
    "Word": "10",
    "RDate": "20220611",
    "GeneralPolarity": "0",
    "Aspects": [
      {
        "Aspect": "사이즈",
        "SentimentText": "85인치 화면이 크니까 속시원히 보이고 좋구만요!!",
        "SentimentWord": "6",
        "SentimentPolarity": "1"
      },
      {
        "Aspect": "내구성",
        "SentimentText": "내구성은 그냥그냥 그럭저럭인듯요",
        "SentimentWord": "3",
        "SentimentPolarity": "0"
      }
    ]
  }
]