[
  {
    "Index": "14021",
    "RawText": "부모님께서 너무 큰 티비는 싫어하셔서 이 제품으로 구매해드렸습니다. 화면 크기에 만족해하십니다. 사용하기도 편하다고 좋아하세요.",
    "Source": "쇼핑몰",
    "Domain": "가전",
    "MainCategory": "영상/음향가전",
    "ProductName": "삼성전자 UN43N5020AFXKR 스탠드",
    "ReviewScore": "5",
    "Syllable": "71",
    "Word": "14",
    "RDate": "20211114",
    "Aspects": [
      {
        "Aspect": "사이즈",
        "SentimentText": "화면 크기에 만족해하십니다.",
        "SentimentWord": "3",
        "SentimentPolarity": "1"
      },
      {
        "Aspect": "편의성",
        "SentimentText": "사용하기도 편하다고 좋아하세요.",
        "SentimentWord": "3",
        "SentimentPolarity": "1"
      }
    ]
  },
  {
    "Index": "14022",
    "RawText": "디자인이 너무 평범해서 별루지만 그래도 가격도 가성비좋게 구입해서 좋았어요^^",
    "Source": "쇼핑몰",
    "Domain": "가전",
    "MainCategory": "영상/음향가전",
    "ProductName": "삼성전자 UN43N5020AFXKR 스탠드",
    "ReviewScore": "5",
    "Syllable": "43",
    "Word": "9",
    "RDate": "20220703",
    "Aspects": [
      {
        "Aspect": "디자인",
        "SentimentText": "디자인이 너무 평범해서 별루지만",
        "SentimentWord": "4",
        "SentimentPolarity": "-1"
      },
      {
        "Aspect": "가격",
        "SentimentText": "그래도 가격도 가성비좋게 구입해서 좋았어요^^",
        "SentimentWord": "5",
        "SentimentPolarity": "1"
      }
    ]
  },
  {
    "Index": "14023",
    "RawText": "기대보다 배송이 빨리오니까 넘 좋아요 상품의 품질도 이정도라니 완전 만족해요!! ○○○ 제품은 믿고 쓰게 되네요~^^",
    "Source": "쇼핑몰",
    "Domain": "가전",
    "MainCategory": "영상/음향가전",
    "ProductName": "삼성전자 UN43N5020AFXKR 스탠드",
    "ReviewScore": "5",
    "Syllable": "65",
    "Word": "15",
    "RDate": "20220609",
    "Aspects": [
      {
        "Aspect": "품질",
        "SentimentText": "상품의 품질도 이정도라니 완전 만족해요!!",
        "SentimentWord": "5",
        "SentimentPolarity": "1"
      },
      {
        "Aspect": "제조일/제조사",
        "SentimentText": " ○○○ 제품은 믿고 쓰게 되네요~^^",
        "SentimentWord": "5",
        "SentimentPolarity": "1"
      }
    ]
  },
  {
    "Index": "14024",
    "RawText": "빠른배송 총알배송 완전 굿 가격도 저렴하게 구입해서 좋구요 화면이 깨끗해서 시청시 편안해요~ 친절한 기사님이 시간도 약속하고 설치도 잘해주고가셔서 좋았어요^^",
    "Source": "쇼핑몰",
    "Domain": "가전",
    "MainCategory": "영상/음향가전",
    "ProductName": "삼성전자 UN43N5020AFXKR 스탠드",
    "ReviewScore": "5",
    "Syllable": "88",
    "Word": "19",
    "RDate": "20220414",
    "Aspects": [
      {
        "Aspect": "가격",
        "SentimentText": "가격도 저렴하게 구입해서 좋구요",
        "SentimentWord": "4",
        "SentimentPolarity": "1"
      },
      {
        "Aspect": "화질",
        "SentimentText": "화면이 깨끗해서 시청시 편안해요~ ",
        "SentimentWord": "4",
        "SentimentPolarity": "1"
      }
    ]
  },
  {
    "Index": "14025",
    "RawText": "칼배송 완전 좋아요 설치하시는 기사님 너무 친절하셨어요^^ 화면이 크니까 잘보여서 좋아용 화질도 깨끗하고 선명하니 만족합니다^^ ",
    "Source": "쇼핑몰",
    "Domain": "가전",
    "MainCategory": "영상/음향가전",
    "ProductName": "삼성전자 UN43N5020AFXKR 스탠드",
    "ReviewScore": "5",
    "Syllable": "72",
    "Word": "15",
    "RDate": "20220128",
    "Aspects": [
      {
        "Aspect": "사이즈",
        "SentimentText": "화면이 크니까 잘보여서 좋아용",
        "SentimentWord": "4",
        "SentimentPolarity": "1"
      },
      {
        "Aspect": "화질",
        "SentimentText": "화질도 깨끗하고 선명하니 만족합니다^^",
        "SentimentWord": "4",
        "SentimentPolarity": "1"
      }
    ]
  },
  {
    "Index": "14026",
    "RawText": "빠른 배송 좋아요 상품도 이정도면 품질이 우수하죵^^ 사용하기도 쉬워서 이 제품 선택 잘한 것 같아용^^",
    "Source": "쇼핑몰",
    "Domain": "가전",
    "MainCategory": "영상/음향가전",
    "ProductName": "삼성전자 UN43N5020AFXKR 스탠드",
    "ReviewScore": "5",
    "Syllable": "58",
    "Word": "15",
    "RDate": "20201015",
    "Aspects": [
      {
        "Aspect": "품질",
        "SentimentText": "상품도 이정도면 품질이 우수하죵^^",
        "SentimentWord": "4",
        "SentimentPolarity": "1"
      },
      {
        "Aspect": "조작성",
        "SentimentText": "사용하기도 쉬워서 이 제품 선택 잘한 것 같아용^^",
        "SentimentWord": "8",
        "SentimentPolarity": "1"
      }
    ]
  },
  {
    "Index": "14027",
    "RawText": "배송 총알배송 굿~~ 포장도 꼼꼼하게 되어있어서 안심할 수 있어 좋았어요 가격도 저렴한데 가성비 최고예요 에너지효율 1등급이라 전기세걱정은 덜었네요",
    "Source": "쇼핑몰",
    "Domain": "가전",
    "MainCategory": "영상/음향가전",
    "ProductName": "삼성전자 UN43N5020AFXKR 스탠드",
    "ReviewScore": "5",
    "Syllable": "82",
    "Word": "18",
    "RDate": "20210522",
    "Aspects": [
      {
        "Aspect": "가격",
        "SentimentText": "가격도 저렴한데 가성비 최고예요",
        "SentimentWord": "4",
        "SentimentPolarity": "1"
      },
      {
        "Aspect": "소비전력",
        "SentimentText": "에너지효율 1등급이라 전기세걱정은 덜었네요",
        "SentimentWord": "4",
        "SentimentPolarity": "1"
      }
    ]
  },
  {
    "Index": "14028",
    "RawText": "가격대비 훌륭한 제품이에요. 화질도 밝기가 고르고 선명한게 좋습니다. 부모님이 좋아하시네요~ 추천해요^^",
    "Source": "쇼핑몰",
    "Domain": "가전",
    "MainCategory": "영상/음향가전",
    "ProductName": "삼성전자 UN43N5020AFXKR 스탠드",
    "ReviewScore": "5",
    "Syllable": "58",
    "Word": "11",
    "RDate": "20201120",
    "Aspects": [
      {
        "Aspect": "가격",
        "SentimentText": "가격대비 훌륭한 제품이에요.",
        "SentimentWord": "3",
        "SentimentPolarity": "1"
      },
      {
        "Aspect": "화질",
        "SentimentText": " 화질도 밝기가 고르고 선명한게 좋습니다.",
        "SentimentWord": "5",
        "SentimentPolarity": "1"
      }
    ]
  },
  {
    "Index": "14029",
    "RawText": "기사님이 친절하게 배송과 설치까지 해주셨어요. 보기보다 화면 사이즈가 커서 만족해요. 그리고 위아래 옆으로 각도 변경이 가능해서 넘 좋아요^^",
    "Source": "쇼핑몰",
    "Domain": "가전",
    "MainCategory": "영상/음향가전",
    "ProductName": "삼성전자 UN43N5020AFXKR 스탠드",
    "ReviewScore": "5",
    "Syllable": "79",
    "Word": "18",
    "RDate": "20200925",
    "Aspects": [
      {
        "Aspect": "사이즈",
        "SentimentText": "보기보다 화면 사이즈가 커서 만족해요.",
        "SentimentWord": "5",
        "SentimentPolarity": "1"
      },
      {
        "Aspect": "기능",
        "SentimentText": "그리고 위아래 옆으로 각도 변경이 가능해서 넘 좋아요^^",
        "SentimentWord": "8",
        "SentimentPolarity": "1"
      }
    ]
  },
  {
    "Index": "14030",
    "RawText": "화질은 크게 기대는 안하시는게 ㅎㅎ 가성비로 쓸만해요 ㅋㅋ 잘쓸께요",
    "Source": "쇼핑몰",
    "Domain": "가전",
    "MainCategory": "영상/음향가전",
    "ProductName": "삼성전자 UN43N5020AFXKR 스탠드",
    "ReviewScore": "4",
    "Syllable": "37",
    "Word": "9",
    "RDate": "20220623",
    "Aspects": [
      {
        "Aspect": "화질",
        "SentimentText": "화질은 크게 기대는 안하시는게 ㅎㅎ",
        "SentimentWord": "5",
        "SentimentPolarity": "-1"
      },
      {
        "Aspect": "가격",
        "SentimentText": "가성비로 쓸만해요 ㅋㅋ 잘쓸께요",
        "SentimentWord": "4",
        "SentimentPolarity": "1"
      }
    ]
  },
  {
    "Index": "14031",
    "RawText": "티비 음향 수준이 좀 낮네요. 음질에 예민하신 분들은 참고하세요. 하지만 제품 퀄리티는 전체적으로 좋아요^^",
    "Source": "쇼핑몰",
    "Domain": "가전",
    "MainCategory": "영상/음향가전",
    "ProductName": "삼성전자 UN43N5020AFXKR 스탠드",
    "ReviewScore": "5",
    "Syllable": "60",
    "Word": "14",
    "RDate": "20210930",
    "Aspects": [
      {
        "Aspect": "음량/음질",
        "SentimentText": "티비 음향 수준이 좀 낮네요.",
        "SentimentWord": "5",
        "SentimentPolarity": "-1"
      },
      {
        "Aspect": "품질",
        "SentimentText": "하지만 제품 퀄리티는 전체적으로 좋아요^^",
        "SentimentWord": "5",
        "SentimentPolarity": "1"
      }
    ]
  },
  {
    "Index": "14032",
    "RawText": "힝~ 배송은 느려서 불만족스러워요 그래도 디자인은 멋지니 마음에 드네요~ 아쉬운건 화질이 아무래도 uhd보단 선명도가 떨어지네요ㅜ",
    "Source": "쇼핑몰",
    "Domain": "가전",
    "MainCategory": "영상/음향가전",
    "ProductName": "삼성전자 UN43N5020AFXKR 스탠드",
    "ReviewScore": "5",
    "Syllable": "72",
    "Word": "15",
    "RDate": "20201121",
    "Aspects": [
      {
        "Aspect": "디자인",
        "SentimentText": "그래도 디자인은 멋지니 마음에 드네요~",
        "SentimentWord": "5",
        "SentimentPolarity": "1"
      },
      {
        "Aspect": "화질",
        "SentimentText": "아쉬운건 화질이 아무래도 uhd보단 선명도가 떨어지네요ㅜ",
        "SentimentWord": "6",
        "SentimentPolarity": "-1"
      }
    ]
  },
  {
    "Index": "14033",
    "RawText": "쿠폰사용해서 저렴하게 샀습니다. 디자인이 깔끔해서 거실에 잘 맞아요.",
    "Source": "쇼핑몰",
    "Domain": "가전",
    "MainCategory": "영상/음향가전",
    "ProductName": "삼성전자 UN43N5020AFXKR 스탠드",
    "ReviewScore": "5",
    "Syllable": "38",
    "Word": "8",
    "RDate": "20200928",
    "Aspects": [
      {
        "Aspect": "가격",
        "SentimentText": "쿠폰사용해서 저렴하게 샀습니다.",
        "SentimentWord": "3",
        "SentimentPolarity": "1"
      },
      {
        "Aspect": "디자인",
        "SentimentText": "디자인이 깔끔해서 거실에 잘 맞아요.",
        "SentimentWord": "5",
        "SentimentPolarity": "1"
      }
    ]
  },
  {
    "Index": "14034",
    "RawText": "배송은 일주일 걸렸으니 그럭저럭 괜찮은것 같아요 가격도 저렴하니 가성비로는 완전 갑인것같아요^^ 음량도 선명하니 괜찮고 설치도 깔끔하게 잘해주셨으니 만족해요",
    "Source": "쇼핑몰",
    "Domain": "가전",
    "MainCategory": "영상/음향가전",
    "ProductName": "삼성전자 UN43N5020AFXKR 스탠드",
    "ReviewScore": "5",
    "Syllable": "87",
    "Word": "18",
    "RDate": "20220611",
    "Aspects": [
      {
        "Aspect": "가격",
        "SentimentText": "가격도 저렴하니 가성비로는 완전 갑인것같아요^^",
        "SentimentWord": "5",
        "SentimentPolarity": "1"
      },
      {
        "Aspect": "음량/음질",
        "SentimentText": "음량도 선명하니 괜찮고",
        "SentimentWord": "3",
        "SentimentPolarity": "1"
      }
    ]
  },
  {
    "Index": "14035",
    "RawText": "화질이 좀 어둡지만 그래도 저렴한 가격에 구입은 한것같아서 만족하면서 사용하려구요^^",
    "Source": "쇼핑몰",
    "Domain": "가전",
    "MainCategory": "영상/음향가전",
    "ProductName": "삼성전자 UN43N5020AFXKR 스탠드",
    "ReviewScore": "3",
    "Syllable": "47",
    "Word": "10",
    "RDate": "20220607",
    "Aspects": [
      {
        "Aspect": "화질",
        "SentimentText": "화질이 좀 어둡지만",
        "SentimentWord": "3",
        "SentimentPolarity": "-1"
      },
      {
        "Aspect": "가격",
        "SentimentText": "그래도 저렴한 가격에 구입은 한것같아서 만족하면서 사용하려구요^^",
        "SentimentWord": "7",
        "SentimentPolarity": "1"
      }
    ]
  },
  {
    "Index": "14036",
    "RawText": "제 방에 놨는데 사이즈가 생각보다 크네요.. 제품 품질은 굿입니다^^ ",
    "Source": "쇼핑몰",
    "Domain": "가전",
    "MainCategory": "영상/음향가전",
    "ProductName": "삼성전자 UN43N5020AFXKR 스탠드",
    "ReviewScore": "5",
    "Syllable": "39",
    "Word": "9",
    "RDate": "20220105",
    "Aspects": [
      {
        "Aspect": "사이즈",
        "SentimentText": "제 방에 놨는데 사이즈가 생각보다 크네요..",
        "SentimentWord": "6",
        "SentimentPolarity": "-1"
      },
      {
        "Aspect": "품질",
        "SentimentText": " 제품 품질은 굿입니다^^",
        "SentimentWord": "3",
        "SentimentPolarity": "1"
      }
    ]
  },
  {
    "Index": "14037",
    "RawText": "배송은 느린게 아쉬웠어요 상품은 기능도 좋고 괜찮았어요 그런데 가격이 저렴해서 좋았는데 화질의 깨끗함이나 선명감이 떨어져요ㅜㅜ;;",
    "Source": "쇼핑몰",
    "Domain": "가전",
    "MainCategory": "영상/음향가전",
    "ProductName": "삼성전자 UN43N5020AFXKR 스탠드",
    "ReviewScore": "5",
    "Syllable": "72",
    "Word": "15",
    "RDate": "20210521",
    "Aspects": [
      {
        "Aspect": "기능",
        "SentimentText": "상품은 기능도 좋고 괜찮았어요",
        "SentimentWord": "4",
        "SentimentPolarity": "1"
      },
      {
        "Aspect": "가격",
        "SentimentText": "가격이 저렴해서 좋았는데",
        "SentimentWord": "3",
        "SentimentPolarity": "1"
      },
      {
        "Aspect": "화질",
        "SentimentText": "화질의 깨끗함이나 선명감이 떨어져요ㅜㅜ;;",
        "SentimentWord": "4",
        "SentimentPolarity": "-1"
      }
    ]
  },
  {
    "Index": "14038",
    "RawText": "배송이 늦을까생각하고 있었는데 일찍배송이 되어 너무 좋았어요^^ 예전 티비랑 다르게 무게도 가볍고 오랫동안 켜놨는데 발열도 거의 없고 넘 맘에들어요~",
    "Source": "쇼핑몰",
    "Domain": "가전",
    "MainCategory": "영상/음향가전",
    "ProductName": "삼성전자 UN43N5020AFXKR 스탠드",
    "ReviewScore": "5",
    "Syllable": "83",
    "Word": "19",
    "RDate": "20210507",
    "Aspects": [
      {
        "Aspect": "무게",
        "SentimentText": "예전 티비랑 다르게 무게도 가볍고",
        "SentimentWord": "5",
        "SentimentPolarity": "1"
      },
      {
        "Aspect": "내구성",
        "SentimentText": "오랫동안 켜놨는데 발열도 거의 없고 넘 맘에들어요~",
        "SentimentWord": "7",
        "SentimentPolarity": "1"
      }
    ]
  },
  {
    "Index": "14039",
    "RawText": "배송이 생각보다 빨랐어서 굉장히 좋았어요~ 해상도가 높아서 화질도 좋고 무엇보다 가격이 착하네요^^",
    "Source": "쇼핑몰",
    "Domain": "가전",
    "MainCategory": "영상/음향가전",
    "ProductName": "삼성전자 UN43N5020AFXKR 스탠드",
    "ReviewScore": "5",
    "Syllable": "55",
    "Word": "12",
    "RDate": "20220612",
    "Aspects": [
      {
        "Aspect": "화질",
        "SentimentText": "해상도가 높아서 화질도 좋고",
        "SentimentWord": "4",
        "SentimentPolarity": "1"
      },
      {
        "Aspect": "가격",
        "SentimentText": "무엇보다 가격이 착하네요^^",
        "SentimentWord": "3",
        "SentimentPolarity": "1"
      }
    ]
  },
  {
    "Index": "14040",
    "RawText": "총알 배송인 부분이 마음에 들었어요. 설치까지 스피드하게 진행되니 당연 만족스럽구요 화질은 선명한게 좋고 제품의 디자인도 깔끔한것이 만족안할 수가 없네요^^",
    "Source": "쇼핑몰",
    "Domain": "가전",
    "MainCategory": "영상/음향가전",
    "ProductName": "삼성전자 UN43N5020AFXKR 스탠드",
    "ReviewScore": "5",
    "Syllable": "87",
    "Word": "19",
    "RDate": "20220509",
    "Aspects": [
      {
        "Aspect": "화질",
        "SentimentText": "화질은 선명한게 좋고 ",
        "SentimentWord": "3",
        "SentimentPolarity": "1"
      },
      {
        "Aspect": "디자인",
        "SentimentText": "제품의 디자인도 깔끔한것이 만족안할 수가 없네요^^",
        "SentimentWord": "6",
        "SentimentPolarity": "1"
      }
    ]
  },
  {
    "Index": "14041",
    "RawText": "일주일도 안걸린 총알배송 완전 굿이죵^^ 방에서 보기에도 크기는 적당해서 마음에 들고 화면도 깨끗하게 선명하니 좋네요",
    "Source": "쇼핑몰",
    "Domain": "가전",
    "MainCategory": "영상/음향가전",
    "ProductName": "삼성전자 UN43N5020AFXKR 스탠드",
    "ReviewScore": "5",
    "Syllable": "65",
    "Word": "15",
    "RDate": "20210809",
    "Aspects": [
      {
        "Aspect": "사이즈",
        "SentimentText": " 방에서 보기에도 크기는 적당해서 마음에 들고",
        "SentimentWord": "6",
        "SentimentPolarity": "1"
      },
      {
        "Aspect": "화질",
        "SentimentText": "화면도 깨끗하게 선명하니 좋네요",
        "SentimentWord": "4",
        "SentimentPolarity": "1"
      }
    ]
  },
  {
    "Index": "14042",
    "RawText": "세컨 티비로 하나 주문했어요 사이즈는 생각보다 작아요 화질도 좀 흐린게 별로예요...",
    "Source": "쇼핑몰",
    "Domain": "가전",
    "MainCategory": "영상/음향가전",
    "ProductName": "삼성전자 UN43N5020AFXKR 스탠드",
    "ReviewScore": "4",
    "Syllable": "47",
    "Word": "11",
    "RDate": "20220221",
    "Aspects": [
      {
        "Aspect": "사이즈",
        "SentimentText": "사이즈는 생각보다 작아요",
        "SentimentWord": "3",
        "SentimentPolarity": "-1"
      },
      {
        "Aspect": "화질",
        "SentimentText": "화질도 좀 흐린게 별로예요...",
        "SentimentWord": "4",
        "SentimentPolarity": "-1"
      }
    ]
  },
  {
    "Index": "14043",
    "RawText": "느린배송에 아쉬움이 남아요 그러나 기사님들은 친절하게 설치도 잘 해주셔서 좋았구요 티비는 그냥 그럭저럭 보기좋은 그런 품질의예요^^  양품의 제품으로 받아서 감사합니다.",
    "Source": "쇼핑몰",
    "Domain": "가전",
    "MainCategory": "영상/음향가전",
    "ProductName": "삼성전자 UN43N5020AFXKR 스탠드",
    "ReviewScore": "5",
    "Syllable": "94",
    "Word": "20",
    "RDate": "20210809",
    "Aspects": [
      {
        "Aspect": "품질",
        "SentimentText": " 양품의 제품으로 받아서 감사합니다.",
        "SentimentWord": "4",
        "SentimentPolarity": "1"
      },
      {
        "Aspect": "품질",
        "SentimentText": "티비는 그냥 그럭저럭 보기좋은 그런 품질의예요^^",
        "SentimentWord": "6",
        "SentimentPolarity": "0"
      }
    ]
  },
  {
    "Index": "14044",
    "RawText": "배송14일 배송이 느려서 그냥 취소할까 했습니다;; 그래도 직원분이 친철하신 설명과 설치는 좋았구요^^ 가격 싸게 산줄 알았는데 며칠뒤 더 싸져서 속상해요. 디자인은 최고예요. 최신형의 디자인을 채택한듯...",
    "Source": "쇼핑몰",
    "Domain": "가전",
    "MainCategory": "영상/음향가전",
    "ProductName": "삼성전자 UN43N5020AFXKR 스탠드",
    "ReviewScore": "4",
    "Syllable": "116",
    "Word": "25",
    "RDate": "20190727",
    "Aspects": [
      {
        "Aspect": "가격",
        "SentimentText": "가격 싸게 산줄 알았는데 며칠뒤 더 싸져서 속상해요.",
        "SentimentWord": "8",
        "SentimentPolarity": "-1"
      },
      {
        "Aspect": "디자인",
        "SentimentText": "디자인은 최고예요. 최신형의 디자인을 채택한듯...",
        "SentimentWord": "5",
        "SentimentPolarity": "1"
      }
    ]
  },
  {
    "Index": "14045",
    "RawText": "제주도에도 배송이 무료라는점이 만족스러웠구요 그렇지만 배송추적은 안되는 아쉬움이... 설치도 무료로 해주시니 너무 만족스러웠어요^^ 원하던 색상의 제품을 받아서 더 좋네요",
    "Source": "쇼핑몰",
    "Domain": "가전",
    "MainCategory": "영상/음향가전",
    "ProductName": "삼성전자 UN43N5020AFXKR 스탠드",
    "ReviewScore": "5",
    "Syllable": "95",
    "Word": "19",
    "RDate": "20210714",
    "Aspects": [
      {
        "Aspect": "색상",
        "SentimentText": "원하던 색상의 제품을 받아서 더 좋네요",
        "SentimentWord": "6",
        "SentimentPolarity": "1"
      },
      {
        "Aspect": "가격",
        "SentimentText": "설치도 무료로 해주시니 너무 만족스러웠어요^^",
        "SentimentWord": "5",
        "SentimentPolarity": "1"
      }
    ]
  },
  {
    "Index": "14048",
    "RawText": "크기도 딱 좋아요 화질도 밝고 깨끗하니 좋구요 배송도 안전하게 포장 잘해서 보내주셔서 감사해요^^",
    "Source": "쇼핑몰",
    "Domain": "가전",
    "MainCategory": "영상/음향가전",
    "ProductName": "삼성전자 UN43N5020AFXKR 스탠드",
    "ReviewScore": "5",
    "Syllable": "54",
    "Word": "13",
    "RDate": "20210707",
    "Aspects": [
      {
        "Aspect": "사이즈",
        "SentimentText": "크기도 딱 좋아요",
        "SentimentWord": "3",
        "SentimentPolarity": "1"
      },
      {
        "Aspect": "화질",
        "SentimentText": "화질도 밝고 깨끗하니 좋구요",
        "SentimentWord": "4",
        "SentimentPolarity": "1"
      }
    ]
  },
  {
    "Index": "14050",
    "RawText": "배송이 이리도 빠를 수가 만족스럽구요 기존에 있던 티비를 기사님이 다른방에 설치까지 해주시는 서비스에 감동했어요 감사해요 사이즈가 딱 적당해서 설치하기도 편했어요. 가격도 적당하니 바로 구매했어요",
    "Source": "쇼핑몰",
    "Domain": "가전",
    "MainCategory": "영상/음향가전",
    "ProductName": "삼성전자 UN43N5020AFXKR 스탠드",
    "ReviewScore": "5",
    "Syllable": "109",
    "Word": "24",
    "RDate": "20220210",
    "Aspects": [
      {
        "Aspect": "사이즈",
        "SentimentText": "사이즈가 딱 적당해서 설치하기도 편했어요.",
        "SentimentWord": "5",
        "SentimentPolarity": "1"
      },
      {
        "Aspect": "가격",
        "SentimentText": "가격도 적당하니 바로 구매했어요",
        "SentimentWord": "4",
        "SentimentPolarity": "1"
      }
    ]
  },
  {
    "Index": "14051",
    "RawText": "저렴한 가격에 샀어요 만족스럽구요 설치해주시는 기사님이 친절하시고 고장난 가전도 수거해주시니 한결 수훨하게 처리했답니다^^ 디자인이 딱 제 취향이라 좋네요.",
    "Source": "쇼핑몰",
    "Domain": "가전",
    "MainCategory": "영상/음향가전",
    "ProductName": "삼성전자 UN43N5020AFXKR 스탠드",
    "ReviewScore": "5",
    "Syllable": "87",
    "Word": "18",
    "RDate": "20210529",
    "Aspects": [
      {
        "Aspect": "가격",
        "SentimentText": "저렴한 가격에 샀어요 만족스럽구요",
        "SentimentWord": "4",
        "SentimentPolarity": "1"
      },
      {
        "Aspect": "디자인",
        "SentimentText": "디자인이 딱 제 취향이라 좋네요.",
        "SentimentWord": "5",
        "SentimentPolarity": "1"
      }
    ]
  },
  {
    "Index": "14052",
    "RawText": "화면의 화질이 약간 붉게보여서 좀 아쉬워요 그래도 디자인은 깔끔하네 맘에들어요^^",
    "Source": "쇼핑몰",
    "Domain": "가전",
    "MainCategory": "영상/음향가전",
    "ProductName": "삼성전자 UN43N5020AFXKR 스탠드",
    "ReviewScore": "5",
    "Syllable": "45",
    "Word": "10",
    "RDate": "20220311",
    "GeneralPolarity": "0",
    "Aspects": [
      {
        "Aspect": "화질",
        "SentimentText": "화면의 화질이 약간 붉게보여서 좀 아쉬워요",
        "SentimentWord": "6",
        "SentimentPolarity": "-1"
      },
      {
        "Aspect": "디자인",
        "SentimentText": "그래도 디자인은 깔끔하네 맘에들어요^^",
        "SentimentWord": "4",
        "SentimentPolarity": "1"
      }
    ]
  },
  {
    "Index": "14053",
    "RawText": "안방에 놓기에 딱 좋은 크기에 만족스럽구요 가격도 이정도면 완전 저렴하니 득템^^ 기능도 다양하니까 넘나 만족합니다",
    "Source": "쇼핑몰",
    "Domain": "가전",
    "MainCategory": "영상/음향가전",
    "ProductName": "삼성전자 UN43N5020AFXKR 스탠드",
    "ReviewScore": "5",
    "Syllable": "64",
    "Word": "15",
    "RDate": "20201111",
    "GeneralPolarity": "1",
    "Aspects": [
      {
        "Aspect": "사이즈",
        "SentimentText": "안방에 놓기에 딱 좋은 크기에 만족스럽구요",
        "SentimentWord": "6",
        "SentimentPolarity": "1"
      },
      {
        "Aspect": "가격",
        "SentimentText": "가격도 이정도면 완전 저렴하니 득템^^",
        "SentimentWord": "5",
        "SentimentPolarity": "1"
      },
      {
        "Aspect": "기능",
        "SentimentText": "기능도 다양하니까 넘나 만족합니다",
        "SentimentWord": "4",
        "SentimentPolarity": "1"
      }
    ]
  },
  {
    "Index": "14054",
    "RawText": "설치도 꼼꼼하게 잘 설치해주신 점이 만족스럽구요 생각보다 무게도 가벼워서 나중에 이동할때도 편해서 좋네요^^ 사이즈가 딱 적당해서 설치하기도 편했어요.",
    "Source": "쇼핑몰",
    "Domain": "가전",
    "MainCategory": "영상/음향가전",
    "ProductName": "삼성전자 UN43N5020AFXKR 스탠드",
    "ReviewScore": "5",
    "Syllable": "84",
    "Word": "18",
    "RDate": "20210614",
    "Aspects": [
      {
        "Aspect": "사이즈",
        "SentimentText": "사이즈가 딱 적당해서 설치하기도 편했어요.",
        "SentimentWord": "5",
        "SentimentPolarity": "1"
      },
      {
        "Aspect": "무게",
        "SentimentText": " 생각보다 무게도 가벼워서 나중에 이동할때도 편해서 좋네요^^",
        "SentimentWord": "7",
        "SentimentPolarity": "1"
      }
    ]
  },
  {
    "Index": "14055",
    "RawText": "기사님이 설치를 잘해주시니까 마음이 편해요^^ 기존에 있던 티비도 이동시켜주시는 센스에 감사했습니다~ 에너지효율 1등급 제품이라 전기세도 많이 안나와서 만족해요^^ 사이즈도 겁나커서 정말 좋네요",
    "Source": "쇼핑몰",
    "Domain": "가전",
    "MainCategory": "영상/음향가전",
    "ProductName": "삼성전자 UN43N5020AFXKR 스탠드",
    "ReviewScore": "5",
    "Syllable": "108",
    "Word": "22",
    "RDate": "20220210",
    "Aspects": [
      {
        "Aspect": "소비전력",
        "SentimentText": "에너지효율 1등급 제품이라 전기세도 많이 안나와서 만족해요^^",
        "SentimentWord": "7",
        "SentimentPolarity": "1"
      },
      {
        "Aspect": "사이즈",
        "SentimentText": "사이즈도 겁나커서 정말 좋네요",
        "SentimentWord": "4",
        "SentimentPolarity": "1"
      }
    ]
  },
  {
    "Index": "14056",
    "RawText": "블루투스랑 와이파이가 없네요 아쉬워라...그래도 화질은 밝고 좋네요 추천해요",
    "Source": "쇼핑몰",
    "Domain": "가전",
    "MainCategory": "영상/음향가전",
    "ProductName": "삼성전자 UN43N5020AFXKR 스탠드",
    "ReviewScore": "5",
    "Syllable": "42",
    "Word": "8",
    "RDate": "20220621",
    "GeneralPolarity": "0",
    "Aspects": [
      {
        "Aspect": "제품구성",
        "SentimentText": "블루투스랑 와이파이가 없네요 아쉬워라...",
        "SentimentWord": "4",
        "SentimentPolarity": "-1"
      },
      {
        "Aspect": "화질",
        "SentimentText": "그래도 화질은 밝고 좋네요 추천해요",
        "SentimentWord": "5",
        "SentimentPolarity": "1"
      }
    ]
  },
  {
    "Index": "14057",
    "RawText": "배송이 빠른점 만족해요^^ 스피드한 설치와 친절함이 좋았습니다 화면이 정말 선명하게 잘 나와서 좋네요. 사이즈도 커서 거실에 설치하고 작동시키는데 마음에 들어요",
    "Source": "쇼핑몰",
    "Domain": "가전",
    "MainCategory": "영상/음향가전",
    "ProductName": "삼성전자 UN43N5020AFXKR 스탠드",
    "ReviewScore": "5",
    "Syllable": "89",
    "Word": "20",
    "RDate": "20220228",
    "Aspects": [
      {
        "Aspect": "화질",
        "SentimentText": "화면이 정말 선명하게 잘 나와서 좋네요.",
        "SentimentWord": "6",
        "SentimentPolarity": "1"
      },
      {
        "Aspect": "사이즈",
        "SentimentText": "사이즈도 커서 거실에 설치하고 작동시키는데 마음에 들어요",
        "SentimentWord": "7",
        "SentimentPolarity": "1"
      }
    ]
  },
  {
    "Index": "14058",
    "RawText": "총알배송이라 좋았어요 기사님들이 배송과 설치까지 거기다 친절함까지 모두 만족스럽습니다!! 쇼핑몰 여기저기 검색해서 가장 저렴하게 구매했네요 설치후 작동하는데 음질이 정말 최상이에요",
    "Source": "쇼핑몰",
    "Domain": "가전",
    "MainCategory": "영상/음향가전",
    "ProductName": "삼성전자 UN43N5020AFXKR 스탠드",
    "ReviewScore": "5",
    "Syllable": "100",
    "Word": "20",
    "RDate": "20220314",
    "Aspects": [
      {
        "Aspect": "가격",
        "SentimentText": "쇼핑몰 여기저기 검색해서 가장 저렴하게 구매했네요",
        "SentimentWord": "6",
        "SentimentPolarity": "1"
      },
      {
        "Aspect": "음량/음질",
        "SentimentText": "설치후 작동하는데 음질이 정말 최상이에요",
        "SentimentWord": "5",
        "SentimentPolarity": "1"
      }
    ]
  },
  {
    "Index": "14059",
    "RawText": "스피드배송이 좋았어요 설치도 안전하게 잘해주셔서 무한감사드립니다 싸게 잘 산거 같아요. 디자인도 싸구려같지않게 세련되어서 마음에 들구요.",
    "Source": "쇼핑몰",
    "Domain": "가전",
    "MainCategory": "영상/음향가전",
    "ProductName": "삼성전자 UN43N5020AFXKR 스탠드",
    "ReviewScore": "5",
    "Syllable": "76",
    "Word": "15",
    "RDate": "20201102",
    "Aspects": [
      {
        "Aspect": "가격",
        "SentimentText": "싸게 잘 산거 같아요.",
        "SentimentWord": "4",
        "SentimentPolarity": "1"
      },
      {
        "Aspect": "디자인",
        "SentimentText": "디자인도 싸구려같지않게 세련되어서 마음에 들구요.",
        "SentimentWord": "5",
        "SentimentPolarity": "1"
      }
    ]
  },
  {
    "Index": "14061",
    "RawText": "이가격의 티비라 저렴해서 좋았어요 화면도 선명도가 좋아서 마음에 들구요^^",
    "Source": "쇼핑몰",
    "Domain": "가전",
    "MainCategory": "영상/음향가전",
    "ProductName": "삼성전자 UN43N5020AFXKR 스탠드",
    "ReviewScore": "5",
    "Syllable": "41",
    "Word": "9",
    "RDate": "20210402",
    "GeneralPolarity": "1",
    "Aspects": [
      {
        "Aspect": "가격",
        "SentimentText": "이가격의 티비라 저렴해서 좋았어요 ",
        "SentimentWord": "4",
        "SentimentPolarity": "1"
      },
      {
        "Aspect": "화질",
        "SentimentText": "화면도 선명도가 좋아서 마음에 들구요^^",
        "SentimentWord": "5",
        "SentimentPolarity": "1"
      }
    ]
  },
  {
    "Index": "14062",
    "RawText": "바로배송이 너무 좋았어요 거기다 기사님께서 너무 친절하시니 기쁨이 두배였어요^^ 작동법이 아주 단순해서 안심이에요 많은 기능이 있는데 모두 적재적소에 필요한 기능들이라 좋네요",
    "Source": "쇼핑몰",
    "Domain": "가전",
    "MainCategory": "영상/음향가전",
    "ProductName": "삼성전자 UN43N5020AFXKR 스탠드",
    "ReviewScore": "5",
    "Syllable": "97",
    "Word": "21",
    "RDate": "20201010",
    "Aspects": [
      {
        "Aspect": "조작성",
        "SentimentText": "작동법이 아주 단순해서 안심이에요",
        "SentimentWord": "4",
        "SentimentPolarity": "1"
      },
      {
        "Aspect": "기능",
        "SentimentText": "많은 기능이 있는데 모두 적재적소에 필요한 기능들이라 좋네요",
        "SentimentWord": "8",
        "SentimentPolarity": "1"
      }
    ]
  },
  {
    "Index": "14063",
    "RawText": "직접 배송해주시니 믿음이 가서 좋았어요 다만 배송전 부자재여부로 인한 배달지연이 너무 아쉽네요;; 그런데 화면은 밝기와 선명감이 좋게 잘 나오고있어요~ 구매후에 알게되었네요. 제가 너무 비싸게 산걸...ㅠㅠ",
    "Source": "쇼핑몰",
    "Domain": "가전",
    "MainCategory": "영상/음향가전",
    "ProductName": "삼성전자 UN43N5020AFXKR 스탠드",
    "ReviewScore": "4",
    "Syllable": "115",
    "Word": "25",
    "RDate": "20200902",
    "Aspects": [
      {
        "Aspect": "가격",
        "SentimentText": "구매후에 알게되었네요. 제가 너무 비싸게 산걸...ㅠㅠ",
        "SentimentWord": "6",
        "SentimentPolarity": "-1"
      },
      {
        "Aspect": "화질",
        "SentimentText": "그런데 화면은 밝기와 선명감이 좋게 잘 나오고있어요~",
        "SentimentWord": "7",
        "SentimentPolarity": "1"
      }
    ]
  },
  {
    "Index": "14064",
    "RawText": "배송기사님 친절하게 배송 잘해주시고 상담도 친절한 점이 무척 좋았어요 가성비가 좋은 상품이네요 완전 추천!!!! 작동법 단순하여 부모님도 편하게 조작할수 있어서 안심입니다.",
    "Source": "쇼핑몰",
    "Domain": "가전",
    "MainCategory": "영상/음향가전",
    "ProductName": "삼성전자 UN43N5020AFXKR 스탠드",
    "ReviewScore": "5",
    "Syllable": "96",
    "Word": "21",
    "RDate": "20220721",
    "Aspects": [
      {
        "Aspect": "조작성",
        "SentimentText": "작동법 단순하여 부모님도 편하게 조작할수 있어서 안심입니다.",
        "SentimentWord": "7",
        "SentimentPolarity": "1"
      },
      {
        "Aspect": "가격",
        "SentimentText": "가성비가 좋은 상품이네요 완전 추천!!!!",
        "SentimentWord": "5",
        "SentimentPolarity": "1"
      }
    ]
  },
  {
    "Index": "14065",
    "RawText": "상품의 품질은 나쁘지 않아요 그런데 배송까지 2주이상이라니 불만족스럽구요 유선방송 안된다고 기존리모콘사용하라고 그냥 가버리신 배송기사님 불친절에 유감이예요ㅜ 그런데 유선방송 설정하니 사용이 가능하게됨 설치기사님 실망입니다. 지나치게 사이즈가 커서 거실에 설치하기가 부담스럽네요.ㅠㅠ",
    "Source": "쇼핑몰",
    "Domain": "가전",
    "MainCategory": "영상/음향가전",
    "ProductName": "삼성전자 UN43N5020AFXKR 스탠드",
    "ReviewScore": "3",
    "Syllable": "157",
    "Word": "29",
    "RDate": "20220219",
    "Aspects": [
      {
        "Aspect": "품질",
        "SentimentText": "상품의 품질은 나쁘지 않아요",
        "SentimentWord": "4",
        "SentimentPolarity": "0"
      },
      {
        "Aspect": "사이즈",
        "SentimentText": "지나치게 사이즈가 커서 거실에 설치하기가 부담스럽네요.ㅠㅠ",
        "SentimentWord": "6",
        "SentimentPolarity": "-1"
      }
    ]
  },
  {
    "Index": "14066",
    "RawText": "상품의 품질은 만족스러워요 배송도 늦지 않아서 좋았구요 설치기사님도 친절하시니 대만족입니다!! 디자인도 요즘 유행하는 스타일이라 좋아요",
    "Source": "쇼핑몰",
    "Domain": "가전",
    "MainCategory": "영상/음향가전",
    "ProductName": "삼성전자 UN43N5020AFXKR 스탠드",
    "ReviewScore": "5",
    "Syllable": "75",
    "Word": "15",
    "RDate": "20220213",
    "Aspects": [
      {
        "Aspect": "품질",
        "SentimentText": "상품의 품질은 만족스러워요",
        "SentimentWord": "3",
        "SentimentPolarity": "1"
      },
      {
        "Aspect": "디자인",
        "SentimentText": "디자인도 요즘 유행하는 스타일이라 좋아요",
        "SentimentWord": "5",
        "SentimentPolarity": "1"
      }
    ]
  },
  {
    "Index": "14067",
    "RawText": "가격대비 가성비 좋으니 잘 구매했어요 품질은 대체로 모두 괜찮은듯해요 배송은 빠르게 느껴지지 않아서 아쉽네요",
    "Source": "쇼핑몰",
    "Domain": "가전",
    "MainCategory": "영상/음향가전",
    "ProductName": "삼성전자 UN43N5020AFXKR 스탠드",
    "ReviewScore": "4",
    "Syllable": "60",
    "Word": "14",
    "RDate": "20220415",
    "Aspects": [
      {
        "Aspect": "가격",
        "SentimentText": "가격대비 가성비 좋으니 잘 구매했어요 ",
        "SentimentWord": "5",
        "SentimentPolarity": "1"
      },
      {
        "Aspect": "품질",
        "SentimentText": "품질은 대체로 모두 괜찮은듯해요 ",
        "SentimentWord": "4",
        "SentimentPolarity": "1"
      }
    ]
  },
  {
    "Index": "14068",
    "RawText": "설치도 잘해주시고 굿  화면도 깨끗하게 선명감이 좋게 잘 나와요^^ 저렴한 가격이 최고네요",
    "Source": "쇼핑몰",
    "Domain": "가전",
    "MainCategory": "영상/음향가전",
    "ProductName": "삼성전자 UN43N5020AFXKR 스탠드",
    "ReviewScore": "5",
    "Syllable": "50",
    "Word": "12",
    "RDate": "20220404",
    "Aspects": [
      {
        "Aspect": "가격",
        "SentimentText": "저렴한 가격이 최고네요",
        "SentimentWord": "3",
        "SentimentPolarity": "1"
      },
      {
        "Aspect": "화질",
        "SentimentText": " 화면도 깨끗하게 선명감이 좋게 잘 나와요^^",
        "SentimentWord": "6",
        "SentimentPolarity": "1"
      }
    ]
  },
  {
    "Index": "14069",
    "RawText": "기사님들 친절하시니 말이 더 필요없이 만족해요 조작법도 간단해서 사무실에서 사용하기 좋네요 소비전력이 1등급이라 전기세 걱정없이 안심이에요",
    "Source": "쇼핑몰",
    "Domain": "가전",
    "MainCategory": "영상/음향가전",
    "ProductName": "삼성전자 UN43N5020AFXKR 스탠드",
    "ReviewScore": "5",
    "Syllable": "77",
    "Word": "16",
    "RDate": "20220310",
    "Aspects": [
      {
        "Aspect": "소비전력",
        "SentimentText": "소비전력이 1등급이라 전기세 걱정없이 안심이에요",
        "SentimentWord": "5",
        "SentimentPolarity": "1"
      },
      {
        "Aspect": "조작성",
        "SentimentText": "조작법도 간단해서 사무실에서 사용하기 좋네요",
        "SentimentWord": "5",
        "SentimentPolarity": "1"
      }
    ]
  },
  {
    "Index": "14072",
    "RawText": "기사님이 설치도 빠르게 해주시고 친절하게 설명도 해주셨네요 넘 좋은듯. 배송이 이렇게나 빠르다니 놀랐어요^^ 좋아용 설치법이 단순해서 동생과 함께 설치 뚝딱했네요 기스도 없이 최상의 상품을 받아서 정말 좋아요",
    "Source": "쇼핑몰",
    "Domain": "가전",
    "MainCategory": "영상/음향가전",
    "ProductName": "삼성전자 UN43N5020AFXKR 스탠드",
    "ReviewScore": "5",
    "Syllable": "116",
    "Word": "27",
    "RDate": "20201023",
    "Aspects": [
      {
        "Aspect": "조작성",
        "SentimentText": "설치법이 단순해서 동생과 함께 설치 뚝딱했네요",
        "SentimentWord": "6",
        "SentimentPolarity": "1"
      },
      {
        "Aspect": "품질",
        "SentimentText": "기스도 없이 최상의 상품을 받아서 정말 좋아요",
        "SentimentWord": "7",
        "SentimentPolarity": "1"
      }
    ]
  },
  {
    "Index": "14073",
    "RawText": "생각보다 설치빠르고 크기가 크네요.집에서 65인치로 보는데, 43인치가 작다는 생각이 들지 않아요. 가성비 갑!!!",
    "Source": "쇼핑몰",
    "Domain": "가전",
    "MainCategory": "영상/음향가전",
    "ProductName": "삼성전자 UN43N5020AFXKR 스탠드",
    "ReviewScore": "5",
    "Syllable": "64",
    "Word": "13",
    "RDate": "20220304",
    "Aspects": [
      {
        "Aspect": "사이즈",
        "SentimentText": "크기가 크네요.집에서65인치로 보는데, 43 인치가 작다는 생각이 들지 않아요.",
        "SentimentWord": "9",
        "SentimentPolarity": "1"
      },
      {
        "Aspect": "가격",
        "SentimentText": "가성비 갑!!!",
        "SentimentWord": "2",
        "SentimentPolarity": "1"
      }
    ]
  },
  {
    "Index": "14075",
    "RawText": "스마트티비가 아니였네요 잘못알고 구매해서 아쉬워요ㅜㅜ 설치까지 해주신점은 좋았습니다~단순한 조작법이 가장 좋은 점이에요",
    "Source": "쇼핑몰",
    "Domain": "가전",
    "MainCategory": "영상/음향가전",
    "ProductName": "삼성전자 UN43N5020AFXKR 스탠드",
    "ReviewScore": "3",
    "Syllable": "66",
    "Word": "12",
    "RDate": "20201225",
    "Aspects": [
      {
        "Aspect": "기능",
        "SentimentText": "스마트티비가 아니였네요 잘못알고 구매해서 아쉬워요ㅜㅜ ",
        "SentimentWord": "5",
        "SentimentPolarity": "-1"
      },
      {
        "Aspect": "조작성",
        "SentimentText": "단순한 조작법이 가장 좋은 점이에요",
        "SentimentWord": "5",
        "SentimentPolarity": "1"
      }
    ]
  },
  {
    "Index": "14076",
    "RawText": "기사분이 친절하셔서 너무도 만족했어요 배송도 총알배송이라 좋구 가격도 최저가니 가성비 좋아요 만족해요 원하는 색상의 제품을 받았습니다.",
    "Source": "쇼핑몰",
    "Domain": "가전",
    "MainCategory": "영상/음향가전",
    "ProductName": "삼성전자 UN43N5020AFXKR 스탠드",
    "ReviewScore": "4",
    "Syllable": "75",
    "Word": "16",
    "RDate": "20210129",
    "Aspects": [
      {
        "Aspect": "색상",
        "SentimentText": "원하는 색상의 제품을 받았습니다.",
        "SentimentWord": "4",
        "SentimentPolarity": "1"
      },
      {
        "Aspect": "가격",
        "SentimentText": "가격도 최저가니 가성비 좋아요 만족해요",
        "SentimentWord": "5",
        "SentimentPolarity": "1"
      }
    ]
  },
  {
    "Index": "14077",
    "RawText": "친절한 기사님과 스피드한 설치가 마음에 들었어요 무게는 무거워서 옮길때 애먹을 듯싶어요ㅜ 디자인 원하던걸로 바로 받아볼수 있었어요.",
    "Source": "쇼핑몰",
    "Domain": "가전",
    "MainCategory": "영상/음향가전",
    "ProductName": "삼성전자 UN43N5020AFXKR 스탠드",
    "ReviewScore": "5",
    "Syllable": "73",
    "Word": "16",
    "RDate": "20220302",
    "Aspects": [
      {
        "Aspect": "디자인",
        "SentimentText": "디자인 원하던걸로 바로 받아볼수 있었어요.",
        "SentimentWord": "5",
        "SentimentPolarity": "1"
      },
      {
        "Aspect": "무게",
        "SentimentText": "무게는 무거워서 옮길때 애먹을 듯싶어요ㅜ",
        "SentimentWord": "5",
        "SentimentPolarity": "-1"
      }
    ]
  },
  {
    "Index": "14078",
    "RawText": "시중대리점보다 가격도 저렴하니 만족해요 기사분도 친절하시니 좋았어요^^품질은 말할 필요없이 최고였구요",
    "Source": "쇼핑몰",
    "Domain": "가전",
    "MainCategory": "영상/음향가전",
    "ProductName": "삼성전자 UN43N5020AFXKR 스탠드",
    "ReviewScore": "5",
    "Syllable": "56",
    "Word": "10",
    "RDate": "20220522",
    "Aspects": [
      {
        "Aspect": "가격",
        "SentimentText": "시중대리점보다 가격도 저렴하니 만족해요 ",
        "SentimentWord": "4",
        "SentimentPolarity": "1"
      },
      {
        "Aspect": "품질",
        "SentimentText": "품질은 말할 필요없이 최고였구요",
        "SentimentWord": "4",
        "SentimentPolarity": "1"
      }
    ]
  },
  {
    "Index": "14079",
    "RawText": "신속하게 빠른 배송이 좋았어요 거기다 기사님도 친절하시구요^^ 저렴한 가격이여서 잘 구매한것같애요~ 디자인 첫눈에 반해서 샀습니다.",
    "Source": "쇼핑몰",
    "Domain": "가전",
    "MainCategory": "영상/음향가전",
    "ProductName": "삼성전자 UN43N5020AFXKR 스탠드",
    "ReviewScore": "5",
    "Syllable": "73",
    "Word": "15",
    "RDate": "20220408",
    "Aspects": [
      {
        "Aspect": "디자인",
        "SentimentText": "디자인 첫눈에 반해서 샀습니다.",
        "SentimentWord": "4",
        "SentimentPolarity": "1"
      },
      {
        "Aspect": "가격",
        "SentimentText": "저렴한 가격이여서 잘 구매한것같애요~",
        "SentimentWord": "4",
        "SentimentPolarity": "1"
      }
    ]
  },
  {
    "Index": "14081",
    "RawText": "화질도 선명하고 밝기도 좋아요 소리도 깨끗하게 균형있게 잘나오는것같아서 만족합니다^^",
    "Source": "쇼핑몰",
    "Domain": "가전",
    "MainCategory": "영상/음향가전",
    "ProductName": "삼성전자 UN43N5020AFXKR 스탠드",
    "ReviewScore": "5",
    "Syllable": "47",
    "Word": "9",
    "RDate": "20210315",
    "GeneralPolarity": "1",
    "Aspects": [
      {
        "Aspect": "화질",
        "SentimentText": "화질도 선명하고 밝기도 좋아요 ",
        "SentimentWord": "4",
        "SentimentPolarity": "1"
      },
      {
        "Aspect": "음량/음질",
        "SentimentText": "소리도 깨끗하게 균형있게 잘나오는것같아서 만족합니다^^",
        "SentimentWord": "5",
        "SentimentPolarity": "1"
      }
    ]
  },
  {
    "Index": "14082",
    "RawText": "화질도 선명하게 보이고 좋아서 강추예요 만족스러운 신속배송과 설치까지 해주시는 서비스에 감동 그자체^^작동시 선명한 음질에 한번 더 반했어요",
    "Source": "쇼핑몰",
    "Domain": "가전",
    "MainCategory": "영상/음향가전",
    "ProductName": "삼성전자 UN43N5020AFXKR 스탠드",
    "ReviewScore": "5",
    "Syllable": "78",
    "Word": "17",
    "RDate": "20200225",
    "Aspects": [
      {
        "Aspect": "화질",
        "SentimentText": "화질도 선명하게 보이고 좋아서 강추예요",
        "SentimentWord": "5",
        "SentimentPolarity": "1"
      },
      {
        "Aspect": "음량/음질",
        "SentimentText": "작동시 선명한 음질에 한번 더 반했어요",
        "SentimentWord": "6",
        "SentimentPolarity": "1"
      }
    ]
  },
  {
    "Index": "14083",
    "RawText": "화질이 선명해서 좋으니까 자주 시청하고 있어요^^ 기사님도 친절하시구 다 좋아요^^사이즈가 커서 영상감상에 최고네요",
    "Source": "쇼핑몰",
    "Domain": "가전",
    "MainCategory": "영상/음향가전",
    "ProductName": "삼성전자 UN43N5020AFXKR 스탠드",
    "ReviewScore": "5",
    "Syllable": "64",
    "Word": "13",
    "RDate": "20210101",
    "Aspects": [
      {
        "Aspect": "화질",
        "SentimentText": "화질이 선명해서 좋으니까 자주 시청하고 있어요^^",
        "SentimentWord": "6",
        "SentimentPolarity": "1"
      },
      {
        "Aspect": "사이즈",
        "SentimentText": "사이즈가 커서 영상감상에 최고네요",
        "SentimentWord": "4",
        "SentimentPolarity": "1"
      }
    ]
  },
  {
    "Index": "14084",
    "RawText": "배송일보다 더 빨리 도착하니까 좋았어요 화면도 쨍하고 밝기도 좋은편이라 굿굿 쇼핑몰 최저가로 구매해 만족합니다.",
    "Source": "쇼핑몰",
    "Domain": "가전",
    "MainCategory": "영상/음향가전",
    "ProductName": "삼성전자 UN43N5020AFXKR 스탠드",
    "ReviewScore": "5",
    "Syllable": "62",
    "Word": "14",
    "RDate": "20211030",
    "Aspects": [
      {
        "Aspect": "가격",
        "SentimentText": "쇼핑몰 최저가로 구매해 만족합니다.",
        "SentimentWord": "4",
        "SentimentPolarity": "1"
      },
      {
        "Aspect": "화질",
        "SentimentText": "화면도 쨍하고 밝기도 좋은편이라 굿굿",
        "SentimentWord": "5",
        "SentimentPolarity": "1"
      }
    ]
  },
  {
    "Index": "14085",
    "RawText": "직접 설치까지 해주시니 좋았어요 제품은 품질이상없이 너무 만족해요 다만 스마트티비가 아니라서 그건 아쉽네요ㅠ",
    "Source": "쇼핑몰",
    "Domain": "가전",
    "MainCategory": "영상/음향가전",
    "ProductName": "삼성전자 UN43N5020AFXKR 스탠드",
    "ReviewScore": "5",
    "Syllable": "60",
    "Word": "13",
    "RDate": "20220423",
    "Aspects": [
      {
        "Aspect": "품질",
        "SentimentText": "제품은 품질이상없이 너무 만족해요",
        "SentimentWord": "4",
        "SentimentPolarity": "1"
      },
      {
        "Aspect": "기능",
        "SentimentText": "다만 스마트티비가 아니라서 그건 아쉽네요ㅠ",
        "SentimentWord": "5",
        "SentimentPolarity": "-1"
      }
    ]
  },
  {
    "Index": "14087",
    "RawText": "기사님이 친절하시고 폐가전도 가져가시니까 너무 만족스러웠어요 크기도 크니까 보기에도 좋구요 화질도 선명하고 밝아서 대만족입니다 그리고 배송도 엄청빠르게 3일만에 왔어요^^",
    "Source": "쇼핑몰",
    "Domain": "가전",
    "MainCategory": "영상/음향가전",
    "ProductName": "삼성전자 UN43N5020AFXKR 스탠드",
    "ReviewScore": "5",
    "Syllable": "95",
    "Word": "19",
    "RDate": "20220225",
    "Aspects": [
      {
        "Aspect": "사이즈",
        "SentimentText": "크기도 크니까 보기에도 좋구요",
        "SentimentWord": "4",
        "SentimentPolarity": "1"
      },
      {
        "Aspect": "화질",
        "SentimentText": "화질도 선명하고 밝아서 대만족입니다",
        "SentimentWord": "4",
        "SentimentPolarity": "1"
      }
    ]
  },
  {
    "Index": "14088",
    "RawText": "어머님께 사드렸어요~사이즈가 적당하고, 화면 색상 보기에 좋아요.설치기사분이 친절하세요^^",
    "Source": "쇼핑몰",
    "Domain": "가전",
    "MainCategory": "영상/음향가전",
    "ProductName": "삼성전자 UN43N5020AFXKR 스탠드",
    "ReviewScore": "5",
    "Syllable": "50",
    "Word": "8",
    "RDate": "20200205",
    "Aspects": [
      {
        "Aspect": "사이즈",
        "SentimentText": "사이즈가 적당하고",
        "SentimentWord": "2",
        "SentimentPolarity": "1"
      },
      {
        "Aspect": "화질",
        "SentimentText": "화면 색상 보기에 좋아요",
        "SentimentWord": "4",
        "SentimentPolarity": "1"
      }
    ]
  },
  {
    "Index": "14089",
    "RawText": "친절하게 배송해주셔서 감사해요^^ 제가 딱 원하는 사이즈여서 더 만족하구요 가성비좋고 좋은가격의 상품이예요",
    "Source": "쇼핑몰",
    "Domain": "가전",
    "MainCategory": "영상/음향가전",
    "ProductName": "삼성전자 UN43N5020AFXKR 스탠드",
    "ReviewScore": "5",
    "Syllable": "59",
    "Word": "12",
    "RDate": "20210506",
    "Aspects": [
      {
        "Aspect": "사이즈",
        "SentimentText": "제가 딱 원하는 사이즈여서 더 만족하구요",
        "SentimentWord": "6",
        "SentimentPolarity": "1"
      },
      {
        "Aspect": "가격",
        "SentimentText": "가성비좋고 좋은가격의 상품이예요",
        "SentimentWord": "3",
        "SentimentPolarity": "1"
      }
    ]
  },
  {
    "Index": "14091",
    "RawText": "엄마께 사드렸어요. 좋은 가격에  구입해서 좋아요.다리가 짧은 디자인이라서 별로에요. 43인치 인데 너무 작아 보여요T T. 더 큰걸 사드릴걸…",
    "Source": "쇼핑몰",
    "Domain": "가전",
    "MainCategory": "영상/음향가전",
    "ProductName": "삼성전자 UN43N5020AFXKR 스탠드",
    "ReviewScore": "5",
    "Syllable": "80",
    "Word": "18",
    "RDate": "20210621",
    "GeneralPolarity": "-1",
    "Aspects": [
      {
        "Aspect": "가격",
        "SentimentText": "좋은 가격에  구입해서 좋아요",
        "SentimentWord": "4",
        "SentimentPolarity": "1"
      },
      {
        "Aspect": "디자인",
        "SentimentText": ".다리가 짧은 디자인이라서 별로에요.",
        "SentimentWord": "4",
        "SentimentPolarity": "-1"
      },
      {
        "Aspect": "사이즈",
        "SentimentText": " 43인치 인데 너무 작아 보여요T T. 더 큰걸 사드릴걸…",
        "SentimentWord": "9",
        "SentimentPolarity": "-1"
      }
    ]
  },
  {
    "Index": "14092",
    "RawText": "화면이 크니까 너무 좋아요 그리고 화질도 해상도 좋게 잘나와요^^ 좋은상품을 저렴하게 구입해서 만족해요 굿!!",
    "Source": "쇼핑몰",
    "Domain": "가전",
    "MainCategory": "영상/음향가전",
    "ProductName": "삼성전자 UN43N5020AFXKR 스탠드",
    "ReviewScore": "5",
    "Syllable": "61",
    "Word": "14",
    "RDate": "20220218",
    "GeneralPolarity": "1",
    "Aspects": [
      {
        "Aspect": "사이즈",
        "SentimentText": "화면이 크니까 너무 좋아요",
        "SentimentWord": "4",
        "SentimentPolarity": "1"
      },
      {
        "Aspect": "화질",
        "SentimentText": "그리고 화질도 해상도 좋게 잘나와요^^",
        "SentimentWord": "5",
        "SentimentPolarity": "1"
      },
      {
        "Aspect": "가격",
        "SentimentText": "좋은상품을 저렴하게 구입해서 만족해요 굿!!",
        "SentimentWord": "5",
        "SentimentPolarity": "1"
      }
    ]
  },
  {
    "Index": "14093",
    "RawText": "여러 사이트 검색해서 가장 쓰기 편리하고,디자인도 맘에 드는걸로 구입했어요. 지인들께 정말 추천합니다. 빠른 배송 감사해요",
    "Source": "쇼핑몰",
    "Domain": "가전",
    "MainCategory": "영상/음향가전",
    "ProductName": "삼성전자 UN43N5020AFXKR 스탠드",
    "ReviewScore": "5",
    "Syllable": "68",
    "Word": "15",
    "RDate": "20211023",
    "Aspects": [
      {
        "Aspect": "편의성",
        "SentimentText": "가장 쓰기 편리하고,",
        "SentimentWord": "3",
        "SentimentPolarity": "1"
      },
      {
        "Aspect": "디자인",
        "SentimentText": "디자인도 맘에 드는걸로",
        "SentimentWord": "3",
        "SentimentPolarity": "1"
      }
    ]
  },
  {
    "Index": "14094",
    "RawText": "부모님께서 사용하려고 구매했어요. 몇 년 전 출시된 제품이라서 가격 저렴하고, 필요한 기능이 알맞게 있는 제품이라고 생각되네요. 잘 구매한 것 같아요^^",
    "Source": "쇼핑몰",
    "Domain": "가전",
    "MainCategory": "영상/음향가전",
    "ProductName": "삼성전자 UN43N5020AFXKR 스탠드",
    "ReviewScore": "5",
    "Syllable": "85",
    "Word": "20",
    "RDate": "20210517",
    "GeneralPolarity": "1",
    "Aspects": [
      {
        "Aspect": "가격",
        "SentimentText": "몇 년 전 출시된 제품이라서 가격 저렴하고",
        "SentimentWord": "7",
        "SentimentPolarity": "1"
      },
      {
        "Aspect": "기능",
        "SentimentText": "필요한 기능이 알맞게 있는 제품이라고 생각되네요",
        "SentimentWord": "6",
        "SentimentPolarity": "1"
      }
    ]
  },
  {
    "Index": "14095",
    "RawText": "예상 도착일 보다 빠르게 도착했어요 . 화질도 선명하고, 가성비 좋아요^^",
    "Source": "쇼핑몰",
    "Domain": "가전",
    "MainCategory": "영상/음향가전",
    "ProductName": "삼성전자 UN43N5020AFXKR 스탠드",
    "ReviewScore": "4",
    "Syllable": "41",
    "Word": "10",
    "RDate": "20210610",
    "Aspects": [
      {
        "Aspect": "화질",
        "SentimentText": "화질도 선명하고",
        "SentimentWord": "2",
        "SentimentPolarity": "1"
      },
      {
        "Aspect": "가격",
        "SentimentText": " 가성비 좋아요^^",
        "SentimentWord": "2",
        "SentimentPolarity": "1"
      }
    ]
  },
  {
    "Index": "14097",
    "RawText": "원하는 날짜에 좋은 제품으로 잘 도착했습니다. 다양한 채널들이 문제없이 나와서 잘보고 있습니다. 감사합니다. 원하는 디자인의 제품을 받아볼수 있어서 좋네요",
    "Source": "쇼핑몰",
    "Domain": "가전",
    "MainCategory": "영상/음향가전",
    "ProductName": "삼성전자 UN43N5020AFXKR 스탠드",
    "ReviewScore": "5",
    "Syllable": "86",
    "Word": "19",
    "RDate": "20220526",
    "Aspects": [
      {
        "Aspect": "디자인",
        "SentimentText": "원하는 디자인의 제품을 받아볼수 있어서 좋네요",
        "SentimentWord": "6",
        "SentimentPolarity": "1"
      },
      {
        "Aspect": "품질",
        "SentimentText": "다양한 채널들이 문제없이 나와서 잘보고 있습니다. 감사합니다.",
        "SentimentWord": "7",
        "SentimentPolarity": "1"
      }
    ]
  },
  {
    "Index": "14098",
    "RawText": "생각보다 빨리 배송 됐고, 기사님이 친절하시게도 오시기전에  전화주셔서 일정 조율해주셔서 좋았어요. 가격대비 최상의 제품을 받아서 만족합니다. 작동법이 단순한게 가장 최고의 장점인것 같습니다.",
    "Source": "쇼핑몰",
    "Domain": "가전",
    "MainCategory": "영상/음향가전",
    "ProductName": "삼성전자 UN43N5020AFXKR 스탠드",
    "ReviewScore": "5",
    "Syllable": "107",
    "Word": "22",
    "RDate": "20210511",
    "Aspects": [
      {
        "Aspect": "품질",
        "SentimentText": "가격대비 최상의 제품을 받아서 만족합니다.",
        "SentimentWord": "5",
        "SentimentPolarity": "1"
      },
      {
        "Aspect": "조작성",
        "SentimentText": "작동법이 단순한게 가장 최고의 장점인것 같습니다.",
        "SentimentWord": "6",
        "SentimentPolarity": "1"
      }
    ]
  },
  {
    "Index": "14100",
    "RawText": "이삿날에 맞춰 잘 배달해 주어서 고맙습니다.  화질 선명해서 만족합니다. 전력소비량이 작아서 안심입니다.",
    "Source": "쇼핑몰",
    "Domain": "가전",
    "MainCategory": "영상/음향가전",
    "ProductName": "삼성전자 UN43N5020AFXKR 스탠드",
    "ReviewScore": "5",
    "Syllable": "58",
    "Word": "12",
    "RDate": "20200612",
    "Aspects": [
      {
        "Aspect": "소비전력",
        "SentimentText": "전력소비량이 작아서 안심입니다.",
        "SentimentWord": "3",
        "SentimentPolarity": "1"
      },
      {
        "Aspect": "화질",
        "SentimentText": "화질 선명해서 만족합니다.",
        "SentimentWord": "3",
        "SentimentPolarity": "1"
      }
    ]
  },
  {
    "Index": "14102",
    "RawText": "배송도 빨리 해주시고 기사님이 설치 뿐만아니라 폐가전도 수거해주어서 만족합니다. 화면 크기 정말 짱입니다 정말 저렴하게 구매했어요",
    "Source": "쇼핑몰",
    "Domain": "가전",
    "MainCategory": "영상/음향가전",
    "ProductName": "삼성전자 UN43N5020AFXKR 스탠드",
    "ReviewScore": "5",
    "Syllable": "72",
    "Word": "16",
    "RDate": "20210616",
    "Aspects": [
      {
        "Aspect": "가격",
        "SentimentText": "정말 저렴하게 구매했어요",
        "SentimentWord": "3",
        "SentimentPolarity": "1"
      },
      {
        "Aspect": "사이즈",
        "SentimentText": "화면 크기 정말 짱입니다",
        "SentimentWord": "4",
        "SentimentPolarity": "1"
      }
    ]
  },
  {
    "Index": "14103",
    "RawText": "작은방에 사용하기에 적당한 사이즈고 그만큼 퀄리티도 매우  만족스럽습니다. 배송도 무척 빠르고 ooo에서 직접 와서 실치하고 상태 확인까지 해주셔서 믿음이 가요. ",
    "Source": "쇼핑몰",
    "Domain": "가전",
    "MainCategory": "영상/음향가전",
    "ProductName": "삼성전자 UN43N5020AFXKR 스탠드",
    "ReviewScore": "5",
    "Syllable": "91",
    "Word": "20",
    "RDate": "20220424",
    "Aspects": [
      {
        "Aspect": "사이즈",
        "SentimentText": "작은방에 사용하기에 적당한 사이즈고",
        "SentimentWord": "4",
        "SentimentPolarity": "1"
      },
      {
        "Aspect": "품질",
        "SentimentText": "퀄리티도 매우  만족스럽습니다.",
        "SentimentWord": "3",
        "SentimentPolarity": "1"
      }
    ]
  },
  {
    "Index": "14104",
    "RawText": "제품이 입고가 되질 않아서 한달이 되서야 받았습니다ㅜㅜ 배송은 느렸지만 에너지효율 1등급이라 만족합니다^^ 쿠폰까지 사용하여 저렴히 구매했는데 다음날 바로 세일행사를 하네요.ㅠㅠ",
    "Source": "쇼핑몰",
    "Domain": "가전",
    "MainCategory": "영상/음향가전",
    "ProductName": "삼성전자 UN43N5020AFXKR 스탠드",
    "ReviewScore": "5",
    "Syllable": "99",
    "Word": "20",
    "RDate": "20201108",
    "Aspects": [
      {
        "Aspect": "가격",
        "SentimentText": "쿠폰까지 사용하여 저렴히 구매했는데 다음날 바로 세일행사를 하네요.ㅠㅠ",
        "SentimentWord": "8",
        "SentimentPolarity": "-1"
      },
      {
        "Aspect": "소비전력",
        "SentimentText": "에너지효율 1등급이라 만족합니다^^",
        "SentimentWord": "3",
        "SentimentPolarity": "1"
      }
    ]
  },
  {
    "Index": "14105",
    "RawText": "스마트티비에 기능이 없다니 완전 실망이네요ㅠ 가격이 저렴해서 좋아라 구입했는데 스펙 꼭 확인들 하시고 구입하세요.",
    "Source": "쇼핑몰",
    "Domain": "가전",
    "MainCategory": "영상/음향가전",
    "ProductName": "삼성전자 UN43N5020AFXKR 스탠드",
    "ReviewScore": "3",
    "Syllable": "63",
    "Word": "14",
    "RDate": "20220307",
    "GeneralPolarity": "-1",
    "Aspects": [
      {
        "Aspect": "기능",
        "SentimentText": "스마트티비에 기능이 없다니 완전 실망이네요ㅠ",
        "SentimentWord": "5",
        "SentimentPolarity": "-1"
      },
      {
        "Aspect": "가격",
        "SentimentText": "가격이 저렴해서 좋아라 구입했는데",
        "SentimentWord": "4",
        "SentimentPolarity": "1"
      }
    ]
  },
  {
    "Index": "14106",
    "RawText": "저렴하게 구입은 해서 만족합니다 그런데 화면의 색상이나 선명도가 떨어져보여서 무지 아쉬워요;;;",
    "Source": "쇼핑몰",
    "Domain": "가전",
    "MainCategory": "영상/음향가전",
    "ProductName": "삼성전자 UN43N5020AFXKR 스탠드",
    "ReviewScore": "3",
    "Syllable": "53",
    "Word": "11",
    "RDate": "20220313",
    "GeneralPolarity": "-1",
    "Aspects": [
      {
        "Aspect": "가격",
        "SentimentText": "저렴하게 구입은 해서 만족합니다 ",
        "SentimentWord": "4",
        "SentimentPolarity": "1"
      },
      {
        "Aspect": "화질",
        "SentimentText": "그런데 화면의 색상이나 선명도가 떨어져보여서 무지 아쉬워요;;;",
        "SentimentWord": "7",
        "SentimentPolarity": "-1"
      }
    ]
  },
  {
    "Index": "14107",
    "RawText": "싸게 구입해서 좋아요 배송은 2주걸려서 그럭저럭 조금 아쉽구요 직접 설치를 해주시니 그 서비스가 좋았어요 디자인도 제가 원한 깔끔한 스타일이라 만족합니다^^",
    "Source": "쇼핑몰",
    "Domain": "가전",
    "MainCategory": "영상/음향가전",
    "ProductName": "삼성전자 UN43N5020AFXKR 스탠드",
    "ReviewScore": "5",
    "Syllable": "87",
    "Word": "20",
    "RDate": "20210704",
    "Aspects": [
      {
        "Aspect": "가격",
        "SentimentText": "싸게 구입해서 좋아요",
        "SentimentWord": "3",
        "SentimentPolarity": "1"
      },
      {
        "Aspect": "디자인",
        "SentimentText": "디자인도 제가 원한 깔끔한 스타일이라 만족합니다^^",
        "SentimentWord": "6",
        "SentimentPolarity": "1"
      }
    ]
  },
  {
    "Index": "14108",
    "RawText": "저렴하다니 그 부분에서 부터 만족했어요 설치도 친절하게 해주시는 거에 좋았구요 1등급 효율로 환급도 신청했으니 모두 만족이예요^^",
    "Source": "쇼핑몰",
    "Domain": "가전",
    "MainCategory": "영상/음향가전",
    "ProductName": "삼성전자 UN43N5020AFXKR 스탠드",
    "ReviewScore": "5",
    "Syllable": "72",
    "Word": "16",
    "RDate": "20200705",
    "Aspects": [
      {
        "Aspect": "가격",
        "SentimentText": "저렴하다니 그 부분에서 부터 만족했어요",
        "SentimentWord": "5",
        "SentimentPolarity": "1"
      },
      {
        "Aspect": "소비전력",
        "SentimentText": "1등급 효율로 환급도 신청했으니 모두 만족이예요^^",
        "SentimentWord": "6",
        "SentimentPolarity": "1"
      }
    ]
  },
  {
    "Index": "14109",
    "RawText": "제가 원하는 안방에 놓기 좋은 사이즈라 좋아요  화면도 부드럽게 선명하게 잘 나오니 마음에 쏘오옥 듭니다^^",
    "Source": "쇼핑몰",
    "Domain": "가전",
    "MainCategory": "영상/음향가전",
    "ProductName": "삼성전자 UN43N5020AFXKR 스탠드",
    "ReviewScore": "5",
    "Syllable": "60",
    "Word": "15",
    "RDate": "20200721",
    "GeneralPolarity": "1",
    "Aspects": [
      {
        "Aspect": "사이즈",
        "SentimentText": "제가 원하는 안방에 놓기 좋은 사이즈라 좋아요",
        "SentimentWord": "7",
        "SentimentPolarity": "1"
      },
      {
        "Aspect": "화질",
        "SentimentText": "화면도 부드럽게 선명하게 잘 나오니 마음에 쏘오옥 듭니다^^",
        "SentimentWord": "8",
        "SentimentPolarity": "1"
      }
    ]
  },
  {
    "Index": "14110",
    "RawText": "화질은 선명도나 밝기나 적당해요 쏘쏘~ 가격이 저렴한건 마음에 드네요^^5일만에 설치까지 받았는데 중간에 휴일이 껴서 일정이 늦어진게 아쉽네요",
    "Source": "쇼핑몰",
    "Domain": "가전",
    "MainCategory": "영상/음향가전",
    "ProductName": "삼성전자 UN43N5020AFXKR 스탠드",
    "ReviewScore": "3",
    "Syllable": "79",
    "Word": "17",
    "RDate": "20210520",
    "Aspects": [
      {
        "Aspect": "화질",
        "SentimentText": "화질은 선명도나 밝기나 적당해요 쏘쏘~",
        "SentimentWord": "5",
        "SentimentPolarity": "0"
      },
      {
        "Aspect": "가격",
        "SentimentText": "가격이 저렴한건 마음에 드네요^^",
        "SentimentWord": "4",
        "SentimentPolarity": "1"
      }
    ]
  },
  {
    "Index": "14111",
    "RawText": "무료배송으로 신속하게 배송 받아서 좋아요 화질도 바르게 잘 나오니 좋습니다 최신형의 제품이라 우선 만족스럽습니다.",
    "Source": "쇼핑몰",
    "Domain": "가전",
    "MainCategory": "영상/음향가전",
    "ProductName": "삼성전자 UN43N5020AFXKR 스탠드",
    "ReviewScore": "5",
    "Syllable": "63",
    "Word": "14",
    "RDate": "20210623",
    "Aspects": [
      {
        "Aspect": "제조일/제조사",
        "SentimentText": "최신형의 제품이라 우선 만족스럽습니다.",
        "SentimentWord": "4",
        "SentimentPolarity": "1"
      },
      {
        "Aspect": "화질",
        "SentimentText": "화질도 바르게 잘 나오니 좋습니다",
        "SentimentWord": "5",
        "SentimentPolarity": "1"
      }
    ]
  },
  {
    "Index": "14112",
    "RawText": "먼 곳인데도 3일후에 바로 설치 해주셔서 감사합니다. 가격도 저렴하게 구입해서 너무 좋은데 화질도 아주 만족합니다.",
    "Source": "쇼핑몰",
    "Domain": "가전",
    "MainCategory": "영상/음향가전",
    "ProductName": "삼성전자 UN43N5020AFXKR 스탠드",
    "ReviewScore": "5",
    "Syllable": "64",
    "Word": "15",
    "RDate": "20220222",
    "Aspects": [
      {
        "Aspect": "가격",
        "SentimentText": "가격도 저렴하게 구입해서 너무 좋은데",
        "SentimentWord": "5",
        "SentimentPolarity": "1"
      },
      {
        "Aspect": "화질",
        "SentimentText": "화질도 아주 만족합니다.",
        "SentimentWord": "3",
        "SentimentPolarity": "1"
      }
    ]
  },
  {
    "Index": "14113",
    "RawText": "전화번호를 잘못적었는데 서비스센터에서 빠르게  잘 해결해주셨어요^^배송과 설치를 한번에 다 해주시니 편하게 잘 했습니다. 가성비 갑의 제품이라 너무 좋아요^^ 설치후의 성능시험을 해봤는데 아주 만족스러웠습니다.",
    "Source": "쇼핑몰",
    "Domain": "가전",
    "MainCategory": "영상/음향가전",
    "ProductName": "삼성전자 UN43N5020AFXKR 스탠드",
    "ReviewScore": "5",
    "Syllable": "117",
    "Word": "23",
    "RDate": "20220723",
    "Aspects": [
      {
        "Aspect": "기능",
        "SentimentText": "설치후의 성능시험을 해봤는데 아주 만족스러웠습니다.",
        "SentimentWord": "5",
        "SentimentPolarity": "1"
      },
      {
        "Aspect": "가격",
        "SentimentText": "가성비 갑의 제품이라 너무 좋아요^^",
        "SentimentWord": "5",
        "SentimentPolarity": "1"
      }
    ]
  },
  {
    "Index": "14114",
    "RawText": "가성비 최고라 그점이 젤 맘에 들어요 배송은 시간이 좀걸려서 아쉬웠어요 그렇지만 기사님도 친절하시니 그것으로 만족합니다.^^색상도 다양하게 예쁜 컬러감으로 나와서 좋아요~",
    "Source": "쇼핑몰",
    "Domain": "가전",
    "MainCategory": "영상/음향가전",
    "ProductName": "삼성전자 UN43N5020AFXKR 스탠드",
    "ReviewScore": "5",
    "Syllable": "95",
    "Word": "20",
    "RDate": "20210115",
    "Aspects": [
      {
        "Aspect": "가격",
        "SentimentText": "가성비 최고라 그점이 젤 맘에 들어요",
        "SentimentWord": "6",
        "SentimentPolarity": "1"
      },
      {
        "Aspect": "색상",
        "SentimentText": "색상도 다양하게 예쁜 컬러감으로 나와서 좋아요~",
        "SentimentWord": "6",
        "SentimentPolarity": "1"
      }
    ]
  },
  {
    "Index": "14115",
    "RawText": "정해진 일시에 배송되어 좋았어요 그리고 설치도 작동 여부를 체크해주시니 굿굿~ 행사가로 저렴하게 구매완료  작동법이 아주 단순해서 안심이에요",
    "Source": "쇼핑몰",
    "Domain": "가전",
    "MainCategory": "영상/음향가전",
    "ProductName": "삼성전자 UN43N5020AFXKR 스탠드",
    "ReviewScore": "5",
    "Syllable": "78",
    "Word": "17",
    "RDate": "20220112",
    "Aspects": [
      {
        "Aspect": "가격",
        "SentimentText": "행사가로 저렴하게 구매완료",
        "SentimentWord": "3",
        "SentimentPolarity": "1"
      },
      {
        "Aspect": "조작성",
        "SentimentText": "작동법이 아주 단순해서 안심이에요",
        "SentimentWord": "4",
        "SentimentPolarity": "1"
      }
    ]
  },
  {
    "Index": "14116",
    "RawText": "제가 써보니 너무 품질이 좋았어요 배송기사님도 친절하시니 강추합니다 최신형 제품으로 받아보고 감동했어요",
    "Source": "쇼핑몰",
    "Domain": "가전",
    "MainCategory": "영상/음향가전",
    "ProductName": "삼성전자 UN43N5020AFXKR 스탠드",
    "ReviewScore": "5",
    "Syllable": "57",
    "Word": "12",
    "RDate": "20210721",
    "Aspects": [
      {
        "Aspect": "품질",
        "SentimentText": "제가 써보니 너무 품질이 좋았어요",
        "SentimentWord": "5",
        "SentimentPolarity": "1"
      },
      {
        "Aspect": "제조일/제조사",
        "SentimentText": "최신형 제품으로 받아보고 감동했어요",
        "SentimentWord": "4",
        "SentimentPolarity": "1"
      }
    ]
  },
  {
    "Index": "14117",
    "RawText": "배송기간이 너~~~무 오래 걸려서 실망이예요 제품은 품질이 좋은것같아서 만족은 합니다^^ 그리고 기사님의 친절한 서비스에 좋았어요~ 작동법이 간단해서 만족합니다.",
    "Source": "쇼핑몰",
    "Domain": "가전",
    "MainCategory": "영상/음향가전",
    "ProductName": "삼성전자 UN43N5020AFXKR 스탠드",
    "ReviewScore": "4",
    "Syllable": "90",
    "Word": "18",
    "RDate": "20210730",
    "Aspects": [
      {
        "Aspect": "품질",
        "SentimentText": "제품은 품질이 좋은것같아서 만족은 합니다^^",
        "SentimentWord": "5",
        "SentimentPolarity": "1"
      },
      {
        "Aspect": "조작성",
        "SentimentText": "작동법이 간단해서 만족합니다.",
        "SentimentWord": "3",
        "SentimentPolarity": "1"
      }
    ]
  },
  {
    "Index": "14118",
    "RawText": "제품기능 다양하고 괜찮은것 같아요^^ 그런데 배송이 한달은 걸리니 너무 오래기다려야하는 아쉬움이 있습니다ㅜ 너무 비싼게 흠이에요",
    "Source": "쇼핑몰",
    "Domain": "가전",
    "MainCategory": "영상/음향가전",
    "ProductName": "삼성전자 UN43N5020AFXKR 스탠드",
    "ReviewScore": "3",
    "Syllable": "71",
    "Word": "15",
    "RDate": "20220620",
    "Aspects": [
      {
        "Aspect": "기능",
        "SentimentText": "제품기능 다양하고 괜찮은것 같아요^^",
        "SentimentWord": "4",
        "SentimentPolarity": "1"
      },
      {
        "Aspect": "가격",
        "SentimentText": "너무 비싼게 흠이에요",
        "SentimentWord": "3",
        "SentimentPolarity": "-1"
      }
    ]
  },
  {
    "Index": "14119",
    "RawText": "생각보다 배송이 빨리오네요?그래서 좋았어요  화질도 선명감이 떨어지지 않고 좋아요 2018년 제품이긴해서 아쉽지만 가격도 저렴해서 가성비 좋은 상품이란 생각이 듭니다^^",
    "Source": "쇼핑몰",
    "Domain": "가전",
    "MainCategory": "영상/음향가전",
    "ProductName": "삼성전자 UN43N5020AFXKR 스탠드",
    "ReviewScore": "4",
    "Syllable": "94",
    "Word": "19",
    "RDate": "20220518",
    "Aspects": [
      {
        "Aspect": "화질",
        "SentimentText": "화질도 선명감이 떨어지지 않고 좋아요",
        "SentimentWord": "5",
        "SentimentPolarity": "1"
      },
      {
        "Aspect": "제조일/제조사",
        "SentimentText": "2018년 제품이긴해서 아쉽지만",
        "SentimentWord": "3",
        "SentimentPolarity": "-1"
      },
      {
        "Aspect": "가격",
        "SentimentText": "가격도 저렴해서 가성비 좋은 상품이란 생각이 듭니다^^",
        "SentimentWord": "7",
        "SentimentPolarity": "1"
      }
    ]
  },
  {
    "Index": "14120",
    "RawText": "품질이 좋은 제품이예요 그래서 만족해요 배송도 빨라서 만족하구요 친절한 기사님 만나서 설치잘해서 기분좋게 구입했네요~ 사이즈가 커서 영상감상에 최고네요",
    "Source": "쇼핑몰",
    "Domain": "가전",
    "MainCategory": "영상/음향가전",
    "ProductName": "삼성전자 UN43N5020AFXKR 스탠드",
    "ReviewScore": "5",
    "Syllable": "84",
    "Word": "18",
    "RDate": "20210512",
    "Aspects": [
      {
        "Aspect": "품질",
        "SentimentText": "품질이 좋은 제품이예요 그래서 만족해요",
        "SentimentWord": "5",
        "SentimentPolarity": "1"
      },
      {
        "Aspect": "사이즈",
        "SentimentText": "사이즈가 커서 영상감상에 최고네요",
        "SentimentWord": "4",
        "SentimentPolarity": "1"
      }
    ]
  },
  {
    "Index": "14121",
    "RawText": "화면 작동이 빠른데 그것이 오히려 살짝 불편하네요 화면움직임의 속도가 빠르게 느껴지는게 아쉬워요ㅜㅜ",
    "Source": "쇼핑몰",
    "Domain": "가전",
    "MainCategory": "영상/음향가전",
    "ProductName": "삼성전자 UN43N5020AFXKR 스탠드",
    "ReviewScore": "5",
    "Syllable": "55",
    "Word": "12",
    "RDate": "20201023",
    "GeneralPolarity": "-1",
    "Aspects": [
      {
        "Aspect": "편의성",
        "SentimentText": "화면 작동이 빠른데 그것이 오히려 살짝 불편하네요",
        "SentimentWord": "7",
        "SentimentPolarity": "-1"
      },
      {
        "Aspect": "시간/속도",
        "SentimentText": "화면움직임의 속도가 빠르게 느껴지는게 아쉬워요ㅜㅜ",
        "SentimentWord": "5",
        "SentimentPolarity": "-1"
      }
    ]
  },
  {
    "Index": "14122",
    "RawText": "가성비가 최고라 좋아요 화면이 밝게 잘나오니까 보기 좋아요 기사님도 친절하시니 더더 만족합니다^^",
    "Source": "쇼핑몰",
    "Domain": "가전",
    "MainCategory": "영상/음향가전",
    "ProductName": "삼성전자 UN43N5020AFXKR 스탠드",
    "ReviewScore": "5",
    "Syllable": "54",
    "Word": "12",
    "RDate": "20220404",
    "Aspects": [
      {
        "Aspect": "가격",
        "SentimentText": "가성비가 최고라 좋아요",
        "SentimentWord": "3",
        "SentimentPolarity": "1"
      },
      {
        "Aspect": "화질",
        "SentimentText": "화면이 밝게 잘나오니까 보기 좋아요 ",
        "SentimentWord": "5",
        "SentimentPolarity": "1"
      }
    ]
  },
  {
    "Index": "14123",
    "RawText": "기사님들 친절하셔서 넘넘 좋았어요 판매자분도 물건 잘 받았는지 확인해주시니 신뢰감이 더 높아졌어요^^ 디자인이 딱 제 취향이라 좋네요. 무겁지 않아서 쉽게 이동과 설치를 할수 있었습니다. ",
    "Source": "쇼핑몰",
    "Domain": "가전",
    "MainCategory": "영상/음향가전",
    "ProductName": "삼성전자 UN43N5020AFXKR 스탠드",
    "ReviewScore": "5",
    "Syllable": "105",
    "Word": "24",
    "RDate": "20210723",
    "Aspects": [
      {
        "Aspect": "디자인",
        "SentimentText": "디자인이 딱 제 취향이라 좋네요.",
        "SentimentWord": "5",
        "SentimentPolarity": "1"
      },
      {
        "Aspect": "무게",
        "SentimentText": "무겁지 않아서 쉽게 이동과 설치를 할수 있었습니다.",
        "SentimentWord": "7",
        "SentimentPolarity": "1"
      }
    ]
  },
  {
    "Index": "14124",
    "RawText": "TV 안전하게 잘 받았어요. 가격이 저렴하고 좋은데 스마트 기능들이 없어서 많이 아쉽워요.",
    "Source": "쇼핑몰",
    "Domain": "가전",
    "MainCategory": "영상/음향가전",
    "ProductName": "삼성전자 UN43N5020AFXKR 스탠드",
    "ReviewScore": "5",
    "Syllable": "50",
    "Word": "12",
    "RDate": "20210423",
    "GeneralPolarity": "0",
    "Aspects": [
      {
        "Aspect": "가격",
        "SentimentText": "가격이 저렴하고 좋은데",
        "SentimentWord": "3",
        "SentimentPolarity": "1"
      },
      {
        "Aspect": "기능",
        "SentimentText": "스마트 기능들이 없어서 많이 아쉽워요.",
        "SentimentWord": "5",
        "SentimentPolarity": "-1"
      }
    ]
  },
  {
    "Index": "14125",
    "RawText": "주문후 이틀후에야 배송 설치를 했습니다. 가격은 최저가로 저렴하게 구입해서 좋았습니다. 화질은 선명해서 너무 좋습니다. 기사님의 친절한 설치에 고맙습니다~^^",
    "Source": "쇼핑몰",
    "Domain": "가전",
    "MainCategory": "영상/음향가전",
    "ProductName": "삼성전자 UN43N5020AFXKR 스탠드",
    "ReviewScore": "5",
    "Syllable": "88",
    "Word": "18",
    "RDate": "20220226",
    "Aspects": [
      {
        "Aspect": "가격",
        "SentimentText": "가격은 최저가로 저렴하게 구입해서 좋았습니다.",
        "SentimentWord": "5",
        "SentimentPolarity": "1"
      },
      {
        "Aspect": "화질",
        "SentimentText": "화질은 선명해서 너무 좋습니다.",
        "SentimentWord": "4",
        "SentimentPolarity": "1"
      }
    ]
  },
  {
    "Index": "14126",
    "RawText": "주문하고서 열흘이 지나고서야 도착했어요ㅠㅠ. 그렇치만 다행스럽게도 상품성은 아주 우수해 만족합니다 원하는 색상이 없어서 아쉬워요. 다양한 색상의 제품을 구비했으면 좋겠네요",
    "Source": "쇼핑몰",
    "Domain": "가전",
    "MainCategory": "영상/음향가전",
    "ProductName": "삼성전자 UN43N5020AFXKR 스탠드",
    "ReviewScore": "4",
    "Syllable": "95",
    "Word": "19",
    "RDate": "20200331",
    "Aspects": [
      {
        "Aspect": "색상",
        "SentimentText": "원하는 색상이 없어서 아쉬워요. 다양한 색상의 제품을 구비했으면 좋겠네요",
        "SentimentWord": "9",
        "SentimentPolarity": "-1"
      },
      {
        "Aspect": "품질",
        "SentimentText": "그렇치만 다행스럽게도 상품성은 아주 우수해 만족합니다 ",
        "SentimentWord": "6",
        "SentimentPolarity": "1"
      }
    ]
  },
  {
    "Index": "14127",
    "RawText": "배송 늦게 올줄알았더니 2일후에 바로 받았네요. 스탠드형이 설치가 안됐는데 반품비나 배송비도 추가로 더 요구하지않고 벽걸이로 바꾸어 설치해주어서 너무 고맙습니다. 판매자분이 직접 나서서 해결해주어 감사했습니다. 적당한 가격에 구매했는데 구매후 바로 가격인상이 있어서 완전 득템...^^ 다양한 기능을 이것저것 살피는 재미도 있네요",
    "Source": "쇼핑몰",
    "Domain": "가전",
    "MainCategory": "영상/음향가전",
    "ProductName": "삼성전자 UN43N5020AFXKR 스탠드",
    "ReviewScore": "5",
    "Syllable": "184",
    "Word": "39",
    "RDate": "20201016",
    "Aspects": [
      {
        "Aspect": "가격",
        "SentimentText": "적당한 가격에 구매했는데 구매후 바로 가격인상이 있어서 완전 득템...^^",
        "SentimentWord": "9",
        "SentimentPolarity": "1"
      },
      {
        "Aspect": "기능",
        "SentimentText": "다양한 기능을 이것저것 살피는 재미도 있네요",
        "SentimentWord": "6",
        "SentimentPolarity": "1"
      }
    ]
  },
  {
    "Index": "14130",
    "RawText": "스피드하게 설치해주시고 친절하셔서 좋았습니다 다만 좀 무거운편이라 이동이 어려운점이 좀 걸리네요;;선명한 화질이 가장 감동 포인트.",
    "Source": "쇼핑몰",
    "Domain": "가전",
    "MainCategory": "영상/음향가전",
    "ProductName": "삼성전자 UN43N5020AFXKR 스탠드",
    "ReviewScore": "5",
    "Syllable": "73",
    "Word": "15",
    "RDate": "20210424",
    "Aspects": [
      {
        "Aspect": "화질",
        "SentimentText": "선명한 화질이 가장 감동 포인트.",
        "SentimentWord": "5",
        "SentimentPolarity": "1"
      },
      {
        "Aspect": "무게",
        "SentimentText": "다만 좀 무거운편이라 이동이 어려운점이 좀 걸리네요;;",
        "SentimentWord": "7",
        "SentimentPolarity": "-1"
      }
    ]
  },
  {
    "Index": "14131",
    "RawText": "43인치 제격인 사이즈라 만족해요^^ 신속한 배송이 마음에 들고요 기능도 여러개로 좋습니다. 기사분들도 친절하시니 추천합니다^^",
    "Source": "쇼핑몰",
    "Domain": "가전",
    "MainCategory": "영상/음향가전",
    "ProductName": "삼성전자 UN43N5020AFXKR 스탠드",
    "ReviewScore": "5",
    "Syllable": "71",
    "Word": "14",
    "RDate": "20210624",
    "Aspects": [
      {
        "Aspect": "사이즈",
        "SentimentText": "43인치 제격인 사이즈라 만족해요^^",
        "SentimentWord": "4",
        "SentimentPolarity": "1"
      },
      {
        "Aspect": "기능",
        "SentimentText": "기능도 여러개로 좋습니다. ",
        "SentimentWord": "3",
        "SentimentPolarity": "1"
      }
    ]
  },
  {
    "Index": "14132",
    "RawText": "배송이 신속해요!완전 총알배송으로 만족합니다. 설치기사님 역시 능력자 설치도 척척해주시구요^^ 화질도 선명도가 완전 좋은듯... 가격도 이정도 비용이면 완전 최고입니다~",
    "Source": "쇼핑몰",
    "Domain": "가전",
    "MainCategory": "영상/음향가전",
    "ProductName": "삼성전자 UN43N5020AFXKR 스탠드",
    "ReviewScore": "5",
    "Syllable": "94",
    "Word": "18",
    "RDate": "20220211",
    "Aspects": [
      {
        "Aspect": "화질",
        "SentimentText": "화질도 선명도가 완전 좋은듯...",
        "SentimentWord": "4",
        "SentimentPolarity": "1"
      },
      {
        "Aspect": "가격",
        "SentimentText": "가격도 이정도 비용이면 완전 최고입니다~",
        "SentimentWord": "5",
        "SentimentPolarity": "1"
      }
    ]
  },
  {
    "Index": "14133",
    "RawText": "배송지연으로 불만족 스러웠어요ㅜ 그렇지만 가격대비 가성비가 좋구요 판매자분도 친절하니까 여러모로 잘 구입한것같아요^^이것저것 사은품도 챙겨주셔서 감사합니다.",
    "Source": "쇼핑몰",
    "Domain": "가전",
    "MainCategory": "영상/음향가전",
    "ProductName": "삼성전자 UN43N5020AFXKR 스탠드",
    "ReviewScore": "5",
    "Syllable": "87",
    "Word": "15",
    "RDate": "20210903",
    "Aspects": [
      {
        "Aspect": "가격",
        "SentimentText": "그렇지만 가격대비 가성비가 좋구요",
        "SentimentWord": "4",
        "SentimentPolarity": "1"
      },
      {
        "Aspect": "제품구성",
        "SentimentText": "이것저것 사은품도 챙겨주셔서 감사합니다.",
        "SentimentWord": "4",
        "SentimentPolarity": "1"
      }
    ]
  },
  {
    "Index": "14134",
    "RawText": "배송이 느려지려나 했는데 빠르게 설치할 수 있어서 만족합니다 배송은 그래도 빠른편인것같아서 좋아요 티비도 화면이 크니까 시원시원해서 너무 좋네요^^무게는 생각보다 작게 나가서 이동이 편했어요",
    "Source": "쇼핑몰",
    "Domain": "가전",
    "MainCategory": "영상/음향가전",
    "ProductName": "삼성전자 UN43N5020AFXKR 스탠드",
    "ReviewScore": "5",
    "Syllable": "106",
    "Word": "23",
    "RDate": "20210429",
    "Aspects": [
      {
        "Aspect": "무게",
        "SentimentText": "무게는 생각보다 작게 나가서 이동이 편했어요",
        "SentimentWord": "6",
        "SentimentPolarity": "1"
      },
      {
        "Aspect": "사이즈",
        "SentimentText": "티비도 화면이 크니까 시원시원해서 너무 좋네요^^",
        "SentimentWord": "6",
        "SentimentPolarity": "1"
      }
    ]
  },
  {
    "Index": "14135",
    "RawText": "크니까 보기에도 더 좋고 좋아요 화면도 화질이 선명하게 잘나와용 가격도 저렴하니까 후회없는 선택했어요^^ 설치도 빠르게 해주셔서 감사해요 굿~~~",
    "Source": "쇼핑몰",
    "Domain": "가전",
    "MainCategory": "영상/음향가전",
    "ProductName": "삼성전자 UN43N5020AFXKR 스탠드",
    "ReviewScore": "5",
    "Syllable": "81",
    "Word": "18",
    "RDate": "20220120",
    "Aspects": [
      {
        "Aspect": "사이즈",
        "SentimentText": "크니까 보기에도 더 좋고 좋아요",
        "SentimentWord": "5",
        "SentimentPolarity": "1"
      },
      {
        "Aspect": "화질",
        "SentimentText": "화면도 화질이 선명하게 잘나와용",
        "SentimentWord": "4",
        "SentimentPolarity": "1"
      },
      {
        "Aspect": "가격",
        "SentimentText": "가격도 저렴하니까 후회없는 선택했어요^^",
        "SentimentWord": "4",
        "SentimentPolarity": "1"
      }
    ]
  }
]