[
  {
    "Index": "15347",
    "RawText": "배송은 느리고 성능에 비해 비싼 가격이 너무 화가나 정신건강에 안좋네요. 우퍼 사이즈가 너무 커서 거실이 비좁아 보여 실망이네요.",
    "Source": "쇼핑몰",
    "Domain": "가전",
    "MainCategory": "영상/음향가전",
    "ProductName": "JBL BAR 9.1 정품",
    "ReviewScore": "3",
    "Syllable": "72",
    "Word": "18",
    "RDate": "20220517",
    "GeneralPolarity": "-1",
    "Aspects": [
      {
        "Aspect": "가격",
        "SentimentText": "성능에 비해 비싼 가격이 너무 화가나 정신건강에 안좋네요",
        "SentimentWord": "8",
        "SentimentPolarity": "-1"
      },
      {
        "Aspect": "사이즈",
        "SentimentText": "우퍼 사이즈가 너무 커서 거실이 비좁아 보여 실망이네요",
        "SentimentWord": "8",
        "SentimentPolarity": "-1"
      }
    ]
  },
  {
    "Index": "15348",
    "RawText": "돌비애트모스의 공간을 꽉 채우는 입체적인 사운드 너무 좋습니다~ 그리고 후방 리어스피커 분리만으로 사용이 가능해요!!대박",
    "Source": "쇼핑몰",
    "Domain": "가전",
    "MainCategory": "영상/음향가전",
    "ProductName": "JBL BAR 9.1 정품",
    "ReviewScore": "5",
    "Syllable": "67",
    "Word": "14",
    "RDate": "20220428",
    "GeneralPolarity": "1",
    "Aspects": [
      {
        "Aspect": "음량/음질",
        "SentimentText": "돌비애트모스의 공간을 꽉 채우는 입체적인 사운드 너무 좋습니다~ ",
        "SentimentWord": "8",
        "SentimentPolarity": "1"
      },
      {
        "Aspect": "편의성",
        "SentimentText": " 후방 리어스피커 분리만으로 사용이 가능해요!!대박",
        "SentimentWord": "5",
        "SentimentPolarity": "1"
      }
    ]
  },
  {
    "Index": "15349",
    "RawText": "매일 고민끝에 구입결정~  역시 사운드 입체효과가 굿이네요! 다만 베이스 소리가 생각보다 커서 깜짝 놀랐네요... ",
    "Source": "쇼핑몰",
    "Domain": "가전",
    "MainCategory": "영상/음향가전",
    "ProductName": "JBL BAR 9.1 정품",
    "ReviewScore": "5",
    "Syllable": "64",
    "Word": "14",
    "RDate": "20220731",
    "GeneralPolarity": "0",
    "Aspects": [
      {
        "Aspect": "기능",
        "SentimentText": "역시 사운드 입체효과가 굿이네요!",
        "SentimentWord": "4",
        "SentimentPolarity": "1"
      },
      {
        "Aspect": "음량/음질",
        "SentimentText": "다만 베이스 소리가 생각보다 커서 깜짝 놀랐네요...",
        "SentimentWord": "7",
        "SentimentPolarity": "-1"
      }
    ]
  },
  {
    "Index": "15350",
    "RawText": "사운드 웅장함의 신세계를 경험했네요^^ 층간소음으로 인해 볼륨업이 아쉬울뿐.. 다채로운 음향 성능들이 많아서 너무 만족해요",
    "Source": "쇼핑몰",
    "Domain": "가전",
    "MainCategory": "영상/음향가전",
    "ProductName": "JBL BAR 9.1 정품",
    "ReviewScore": "5",
    "Syllable": "68",
    "Word": "14",
    "RDate": "20210612",
    "GeneralPolarity": "1",
    "Aspects": [
      {
        "Aspect": "음량/음질",
        "SentimentText": "사운드 웅장함의 신세계를 경험했네요^^",
        "SentimentWord": "4",
        "SentimentPolarity": "1"
      },
      {
        "Aspect": "기능",
        "SentimentText": "다채로운 음향 성능들이 많아서 너무 만족해요",
        "SentimentWord": "6",
        "SentimentPolarity": "1"
      }
    ]
  },
  {
    "Index": "15351",
    "RawText": "블루투스로 연결되니 편리하네요. 돌비애트모스로 처음 들어 보는데 최고라는 말만 나올뿐..사운드 죽이네요~ 우퍼가 너무 커서 와이프한데 주먹으로 맞았어요ㅠㅠ",
    "Source": "쇼핑몰",
    "Domain": "가전",
    "MainCategory": "영상/음향가전",
    "ProductName": "JBL BAR 9.1 정품",
    "ReviewScore": "5",
    "Syllable": "86",
    "Word": "17",
    "RDate": "20210811",
    "GeneralPolarity": "0",
    "Aspects": [
      {
        "Aspect": "기능",
        "SentimentText": "블루투스로 연결되니 편리하네요",
        "SentimentWord": "3",
        "SentimentPolarity": "1"
      },
      {
        "Aspect": "음량/음질",
        "SentimentText": "돌비애트모스로 처음 들어 보는데 최고라는 말만 나올뿐..사운드 죽이네요~",
        "SentimentWord": "8",
        "SentimentPolarity": "1"
      },
      {
        "Aspect": "사이즈",
        "SentimentText": "우퍼가 너무 커서 와이프한데 주먹으로 맞았어요ㅠㅠ",
        "SentimentWord": "6",
        "SentimentPolarity": "-1"
      }
    ]
  },
  {
    "Index": "15352",
    "RawText": "무선으로 모든 제품들이 연결되니 너무 편리합니다. 그런데 서브우퍼가 생각외로 너무 커서 당황했습니다.ㅡㅡ;",
    "Source": "쇼핑몰",
    "Domain": "가전",
    "MainCategory": "영상/음향가전",
    "ProductName": "JBL BAR 9.1 정품",
    "ReviewScore": "5",
    "Syllable": "59",
    "Word": "12",
    "RDate": "20220524",
    "GeneralPolarity": "0",
    "Aspects": [
      {
        "Aspect": "기능",
        "SentimentText": "무선으로 모든 제품들이 연결되니 너무 편리합니다",
        "SentimentWord": "6",
        "SentimentPolarity": "1"
      },
      {
        "Aspect": "사이즈",
        "SentimentText": "서브우퍼가 생각외로 너무 커서 당황했습니다.ㅡㅡ;",
        "SentimentWord": "5",
        "SentimentPolarity": "0"
      }
    ]
  },
  {
    "Index": "15353",
    "RawText": "스피커가 분리형이고 무선연결이라 이동성이 탁월해요. 사운드 음향도 너무 좋아 제 막귀가 호강을 하네요~",
    "Source": "쇼핑몰",
    "Domain": "가전",
    "MainCategory": "영상/음향가전",
    "ProductName": "JBL BAR 9.1 정품",
    "ReviewScore": "5",
    "Syllable": "57",
    "Word": "13",
    "RDate": "20220417",
    "GeneralPolarity": "1",
    "Aspects": [
      {
        "Aspect": "편의성",
        "SentimentText": "스피커가 분리형이고 무선연결이라 이동성이 탁월해요.",
        "SentimentWord": "5",
        "SentimentPolarity": "1"
      },
      {
        "Aspect": "음량/음질",
        "SentimentText": "사운드 음향도 너무 좋아 제 막귀가 호강을 하네요~",
        "SentimentWord": "8",
        "SentimentPolarity": "1"
      }
    ]
  },
  {
    "Index": "15354",
    "RawText": "베이스를 포함 일정음량이 10이상부터 음이 풍부해져서 그게 아쉬워요 서브우퍼 스피커방향이 바닥을 향해 있어 볼륨이 크면 아래층에서 올라오지않을까 걱정 ㅠ",
    "Source": "쇼핑몰",
    "Domain": "가전",
    "MainCategory": "영상/음향가전",
    "ProductName": "JBL BAR 9.1 정품",
    "ReviewScore": "2",
    "Syllable": "85",
    "Word": "19",
    "RDate": "20210310",
    "GeneralPolarity": "-1",
    "Aspects": [
      {
        "Aspect": "음량/음질",
        "SentimentText": "베이스를 포함 일정음량이 10이상부터 음이 풍부해져서 그게 아쉬워요",
        "SentimentWord": "8",
        "SentimentPolarity": "-1"
      },
      {
        "Aspect": "제품구성",
        "SentimentText": " 서브우퍼 스피커방향이 바닥을 향해 있어 볼륨이 크면 아래층에서 올라오지않을까 걱정 ㅠ",
        "SentimentWord": "11",
        "SentimentPolarity": "-1"
      }
    ]
  },
  {
    "Index": "15355",
    "RawText": "예정된 날에 딱 배송 보내주셔서 좋았습니다~ 사운드가 빵빵해서 마음에 들어요 인터넷방송도 다 들을 수 있으니 기능면에서 만족합니다!",
    "Source": "쇼핑몰",
    "Domain": "가전",
    "MainCategory": "영상/음향가전",
    "ProductName": "JBL BAR 9.1 정품",
    "ReviewScore": "5",
    "Syllable": "73",
    "Word": "17",
    "RDate": "20210303",
    "GeneralPolarity": "1",
    "Aspects": [
      {
        "Aspect": "음량/음질",
        "SentimentText": "사운드가 빵빵해서 마음에 들어요",
        "SentimentWord": "4",
        "SentimentPolarity": "1"
      },
      {
        "Aspect": "기능",
        "SentimentText": "인터넷방송도 다 들을 수 있으니 기능면에서 만족합니다!",
        "SentimentWord": "7",
        "SentimentPolarity": "1"
      }
    ]
  },
  {
    "Index": "15356",
    "RawText": "깔끔하게 설치해 주셔서 마음에 들었습니다 음질이 확연하게 선명하니 귀호강 할 수 있어요 ㅎㅎ 다만 한가지 아쉬운 점이 있다면 베이스 모듈이 살짝 큰 거 같아요.. 그래도 기능이 넘 좋은 사운드바라 추천합니다",
    "Source": "쇼핑몰",
    "Domain": "가전",
    "MainCategory": "영상/음향가전",
    "ProductName": "JBL BAR 9.1 정품",
    "ReviewScore": "5",
    "Syllable": "115",
    "Word": "30",
    "RDate": "20210810",
    "Aspects": [
      {
        "Aspect": "음량/음질",
        "SentimentText": "음질이 확연하게 선명하니 귀호강 할 수 있어요 ㅎㅎ ",
        "SentimentWord": "8",
        "SentimentPolarity": "1"
      },
      {
        "Aspect": "음량/음질",
        "SentimentText": "다만 한가지 아쉬운 점이 있다면 베이스 모듈이 살짝 큰 거 같아요.. ",
        "SentimentWord": "11",
        "SentimentPolarity": "-1"
      },
      {
        "Aspect": "기능",
        "SentimentText": "그래도 기능이 넘 좋은 사운드바라 추천합니다",
        "SentimentWord": "6",
        "SentimentPolarity": "1"
      }
    ]
  },
  {
    "Index": "15357",
    "RawText": "기사님이 친절하게 설치해 주셔서 좋네요 사운드바 성능이 정말 좋아요 근데 아직 TV는 배송이 안왔어요 ㅠㅠ 그리고 가격도 좀 비싼 거 같아요",
    "Source": "쇼핑몰",
    "Domain": "가전",
    "MainCategory": "영상/음향가전",
    "ProductName": "JBL BAR 9.1 정품",
    "ReviewScore": "5",
    "Syllable": "78",
    "Word": "21",
    "RDate": "20210913",
    "GeneralPolarity": "0",
    "Aspects": [
      {
        "Aspect": "기능",
        "SentimentText": "사운드바 성능이 정말 좋아요",
        "SentimentWord": "4",
        "SentimentPolarity": "1"
      },
      {
        "Aspect": "가격",
        "SentimentText": "그리고 가격도 좀 비싼 거 같아요",
        "SentimentWord": "6",
        "SentimentPolarity": "-1"
      }
    ]
  },
  {
    "Index": "15358",
    "RawText": "배송이 정말 빨라요. 전체적으로 마감이 매끄럽게 잘 되어 있네요^^ 설치는 초간단 정말 쉬워요. 사운드는 대체적으로 좋은편인데 우퍼의 중저음 때문에 보이스가 묻히는 현상이 있어 아쉽네요. 그리고 어플로 EQ 설정을 할 수 없는게 큰 단점이구요.",
    "Source": "쇼핑몰",
    "Domain": "가전",
    "MainCategory": "영상/음향가전",
    "ProductName": "JBL BAR 9.1 정품",
    "ReviewScore": "4",
    "Syllable": "136",
    "Word": "33",
    "RDate": "20210514",
    "GeneralPolarity": "0",
    "Aspects": [
      {
        "Aspect": "품질",
        "SentimentText": "전체적으로 마감이 매끄럽게 잘 되어 있네요^^",
        "SentimentWord": "6",
        "SentimentPolarity": "1"
      },
      {
        "Aspect": "조작성",
        "SentimentText": "설치는 초간단 정말 쉬워요",
        "SentimentWord": "4",
        "SentimentPolarity": "1"
      },
      {
        "Aspect": "음량/음질",
        "SentimentText": "사운드는 대체적으로 좋은편인데 우퍼의 중저음 때문에 보이스가 묻히는 현상이 있어 아쉽네요",
        "SentimentWord": "11",
        "SentimentPolarity": "0"
      },
      {
        "Aspect": "조작성",
        "SentimentText": "어플로 EQ 설정을 할 수 없는게 큰 단점이구요.",
        "SentimentWord": "8",
        "SentimentPolarity": "-1"
      }
    ]
  },
  {
    "Index": "15359",
    "RawText": "TV사운드바 어플이 없어서 미세조정이나 설정등을 리모컨으로 해야하는데 조정이 제한적이라 엄청 불편함.사운드가 특히 영화볼 때 좋아서 만족합니다",
    "Source": "쇼핑몰",
    "Domain": "가전",
    "MainCategory": "영상/음향가전",
    "ProductName": "JBL BAR 9.1 정품",
    "ReviewScore": "5",
    "Syllable": "79",
    "Word": "16",
    "RDate": "20210915",
    "Aspects": [
      {
        "Aspect": "조작성",
        "SentimentText": "TV사운드바  어플이 없어서 미세조정이나 설정등을 리모컨으로 해야하는데 조정이 제한적이라 엄청 불편함.",
        "SentimentWord": "11",
        "SentimentPolarity": "-1"
      },
      {
        "Aspect": "음량/음질",
        "SentimentText": "사운드가 특히 영화볼 때 좋아서 만족합니다",
        "SentimentWord": "6",
        "SentimentPolarity": "1"
      }
    ]
  },
  {
    "Index": "15360",
    "RawText": "빠른 배송 굿 가성비가 정말 좋은 제품같아요 음질이 생생해서 꼭 영화관 온 것 같아요! 돌비애트모스로 좌우상하 소리가 모두 구분되니까 사운드가 진짜 실감나네요",
    "Source": "쇼핑몰",
    "Domain": "가전",
    "MainCategory": "영상/음향가전",
    "ProductName": "JBL BAR 9.1 정품",
    "ReviewScore": "5",
    "Syllable": "88",
    "Word": "22",
    "RDate": "20220414",
    "GeneralPolarity": "1",
    "Aspects": [
      {
        "Aspect": "가격",
        "SentimentText": "가성비가 정말 좋은 제품같아요",
        "SentimentWord": "4",
        "SentimentPolarity": "1"
      },
      {
        "Aspect": "음량/음질",
        "SentimentText": "음질이 생생해서 꼭 영화관 온 것 같아요! ",
        "SentimentWord": "7",
        "SentimentPolarity": "1"
      },
      {
        "Aspect": "음량/음질",
        "SentimentText": "돌비애트모스로 좌우상하 소리가 모두 구분되니까 사운드가 진짜 실감나네요",
        "SentimentWord": "8",
        "SentimentPolarity": "1"
      }
    ]
  },
  {
    "Index": "15361",
    "RawText": "빠른 배송 만족입니다 리어스피커가 분리되어 있어서 엄청 간편하네요~ 사운드도 웅장한 게 맘에 들어요..",
    "Source": "쇼핑몰",
    "Domain": "가전",
    "MainCategory": "영상/음향가전",
    "ProductName": "JBL BAR 9.1 정품",
    "ReviewScore": "5",
    "Syllable": "57",
    "Word": "13",
    "RDate": "20220114",
    "GeneralPolarity": "1",
    "Aspects": [
      {
        "Aspect": "편의성",
        "SentimentText": "리어스피커가 분리되어 있어서 엄청 간편하네요~ ",
        "SentimentWord": "5",
        "SentimentPolarity": "1"
      },
      {
        "Aspect": "음량/음질",
        "SentimentText": "사운드도 웅장한 게 맘에 들어요..",
        "SentimentWord": "5",
        "SentimentPolarity": "1"
      }
    ]
  },
  {
    "Index": "15362",
    "RawText": "배송전 기사님이 미리 연락을 주시고 빠르게 배송해 주셨어요. 무선이라 케이블선이 필요하지 않아서 자유롭고 편하네요. 사운드가 너무 좋아 영화감상하기 딱 좋아요.",
    "Source": "쇼핑몰",
    "Domain": "가전",
    "MainCategory": "영상/음향가전",
    "ProductName": "JBL BAR 9.1 정품",
    "ReviewScore": "5",
    "Syllable": "89",
    "Word": "20",
    "RDate": "20210816",
    "GeneralPolarity": "1",
    "Aspects": [
      {
        "Aspect": "편의성",
        "SentimentText": "무선이라 케이블선이 필요하지 않아서 자유롭고 편하네요",
        "SentimentWord": "6",
        "SentimentPolarity": "1"
      },
      {
        "Aspect": "음량/음질",
        "SentimentText": "사운드가 너무 좋아 영화감상하기 딱 좋아요",
        "SentimentWord": "6",
        "SentimentPolarity": "1"
      }
    ]
  },
  {
    "Index": "15363",
    "RawText": "배송은 느리지도 빠르지도 않고 그냥 적당하네요 사운드가 빵빵해서 아주 만족중입니다 할인 받아 구매해서 가격은 괜찮은 것 같아요 ㅎㅎ",
    "Source": "쇼핑몰",
    "Domain": "가전",
    "MainCategory": "영상/음향가전",
    "ProductName": "JBL BAR 9.1 정품",
    "ReviewScore": "5",
    "Syllable": "73",
    "Word": "18",
    "RDate": "20210225",
    "GeneralPolarity": "1",
    "Aspects": [
      {
        "Aspect": "음량/음질",
        "SentimentText": "사운드가 빵빵해서 아주 만족중입니다",
        "SentimentWord": "4",
        "SentimentPolarity": "1"
      },
      {
        "Aspect": "가격",
        "SentimentText": "할인 받아 구매해서 가격은 괜찮은 것 같아요 ㅎㅎ",
        "SentimentWord": "8",
        "SentimentPolarity": "1"
      }
    ]
  },
  {
    "Index": "15364",
    "RawText": "배송 기다리다가 넘 답답했어요 ㅜ 너무 느립니다 그래도 사운드 자체는 확실히 좋긴 하네요 특히 돌비애트모스 성능 장난 아니네요 최고..!",
    "Source": "쇼핑몰",
    "Domain": "가전",
    "MainCategory": "영상/음향가전",
    "ProductName": "JBL BAR 9.1 정품",
    "ReviewScore": "5",
    "Syllable": "76",
    "Word": "19",
    "RDate": "20210326",
    "GeneralPolarity": "0",
    "Aspects": [
      {
        "Aspect": "음량/음질",
        "SentimentText": "그래도 사운드 자체는 확실히 좋긴 하네요",
        "SentimentWord": "6",
        "SentimentPolarity": "1"
      },
      {
        "Aspect": "기능",
        "SentimentText": "특히 돌비애트모스 성능 장난 아니네요 최고..!",
        "SentimentWord": "6",
        "SentimentPolarity": "1"
      }
    ]
  },
  {
    "Index": "15365",
    "RawText": "음악이나 티브볼때 버튼 하나만 누르면 바로 연결되니 정말 편해요^^ 원래 쓰던 사운드바랑 비교도 안되게 사운드 풍성해서 좋아요! ",
    "Source": "쇼핑몰",
    "Domain": "가전",
    "MainCategory": "영상/음향가전",
    "ProductName": "JBL BAR 9.1 정품",
    "ReviewScore": "5",
    "Syllable": "72",
    "Word": "17",
    "RDate": "20200908",
    "GeneralPolarity": "1",
    "Aspects": [
      {
        "Aspect": "조작성",
        "SentimentText": "음악이나 티브볼때 버튼 하나만 누르면 바로 연결되니 정말 편해요^^",
        "SentimentWord": "9",
        "SentimentPolarity": "1"
      },
      {
        "Aspect": "음량/음질",
        "SentimentText": "원래 쓰던 사운드바랑 비교도 안되게 사운드 풍성해서 좋아요!",
        "SentimentWord": "8",
        "SentimentPolarity": "1"
      }
    ]
  },
  {
    "Index": "15367",
    "RawText": "OOO에서 직배송으로 빠르게 도착! 어랏~ 충전 전용 아답터가 없네요. 기본구성품에 제공되지 않는다니ㅠㅠ 아답터가 없으니 너무나 불편해서 반품하고 싶을 정도에요.",
    "Source": "쇼핑몰",
    "Domain": "가전",
    "MainCategory": "영상/음향가전",
    "ProductName": "JBL BAR 9.1 정품",
    "ReviewScore": "1",
    "Syllable": "90",
    "Word": "19",
    "RDate": "20200923",
    "GeneralPolarity": "-1",
    "Aspects": [
      {
        "Aspect": "제품구성",
        "SentimentText": "어랏~ 충전 전용 아답터가 없네요. 기본구성품에 제공되지 않는다니ㅠㅠ",
        "SentimentWord": "8",
        "SentimentPolarity": "-1"
      },
      {
        "Aspect": "편의성",
        "SentimentText": "아답터가 없으니 너무나 불편해서 반품하고 싶을 정도에요",
        "SentimentWord": "7",
        "SentimentPolarity": "-1"
      }
    ]
  },
  {
    "Index": "15369",
    "RawText": "배송이 많이 느려서 아쉬워요 ㅠㅠ 사운드가 빵빵하고 또 생생해서 영화볼 때 진짜 만족스러워요 제품도 튼튼해 보이고 맘에 들어요~",
    "Source": "쇼핑몰",
    "Domain": "가전",
    "MainCategory": "영상/음향가전",
    "ProductName": "JBL BAR 9.1 정품",
    "ReviewScore": "4",
    "Syllable": "71",
    "Word": "18",
    "RDate": "20210223",
    "GeneralPolarity": "0",
    "Aspects": [
      {
        "Aspect": "음량/음질",
        "SentimentText": "사운드가 빵빵하고 또 생생해서 영화볼 때 진짜 만족스러워요",
        "SentimentWord": "8",
        "SentimentPolarity": "1"
      },
      {
        "Aspect": "내구성",
        "SentimentText": "제품도 튼튼해 보이고 맘에 들어요~",
        "SentimentWord": "5",
        "SentimentPolarity": "1"
      }
    ]
  },
  {
    "Index": "15370",
    "RawText": "hdmi연결이 어려워서 아직까지도 블루투스로 연결해서 사용중입니다ㅠㅠ 소리 엄청 빵빵하니 매우 만족합니다~ 영화관이 따로 없어요^^",
    "Source": "쇼핑몰",
    "Domain": "가전",
    "MainCategory": "영상/음향가전",
    "ProductName": "JBL BAR 9.1 정품",
    "ReviewScore": "5",
    "Syllable": "73",
    "Word": "14",
    "RDate": "20211213",
    "Aspects": [
      {
        "Aspect": "조작성",
        "SentimentText": "hdmi연결이 어려워서 아직까지도 블루투스로 연결해서 사용중입니다ㅠㅠ",
        "SentimentWord": "6",
        "SentimentPolarity": "-1"
      },
      {
        "Aspect": "음량/음질",
        "SentimentText": "소리 엄청 빵빵하니 매우 만족합니다~ 영화관이 따로 없어요^^",
        "SentimentWord": "8",
        "SentimentPolarity": "1"
      }
    ]
  },
  {
    "Index": "15371",
    "RawText": "고가라 그런지 퀄리티가 좋은 제품이네요. 사운드가 뚜렷히 잘 들리고 음향이 웅장해서 좋은거 같네요.",
    "Source": "쇼핑몰",
    "Domain": "가전",
    "MainCategory": "영상/음향가전",
    "ProductName": "JBL BAR 9.1 정품",
    "ReviewScore": "5",
    "Syllable": "55",
    "Word": "13",
    "RDate": "20210819",
    "GeneralPolarity": "1",
    "Aspects": [
      {
        "Aspect": "품질",
        "SentimentText": "고가라 그런지 퀄리티가 좋은 제품이네",
        "SentimentWord": "5",
        "SentimentPolarity": "1"
      },
      {
        "Aspect": "음량/음질",
        "SentimentText": "사운드가 뚜렷히 잘 들리고 음향이 웅장해서 좋은거 같네요",
        "SentimentWord": "8",
        "SentimentPolarity": "1"
      }
    ]
  },
  {
    "Index": "15372",
    "RawText": "배송이 빨라 만족스러워요. 저음 소리가 좋네요~ 늘 사고 싶은 스피커였는데 세일로 저럼한 가격에 구매해서 만족해요~",
    "Source": "쇼핑몰",
    "Domain": "가전",
    "MainCategory": "영상/음향가전",
    "ProductName": "JBL BAR 9.1 정품",
    "ReviewScore": "5",
    "Syllable": "64",
    "Word": "15",
    "RDate": "20210227",
    "GeneralPolarity": "1",
    "Aspects": [
      {
        "Aspect": "음량/음질",
        "SentimentText": "저음 소리가 좋네요~",
        "SentimentWord": "3",
        "SentimentPolarity": "1"
      },
      {
        "Aspect": "가격",
        "SentimentText": "세일로 저럼한 가격에 구매해서 만족해요~",
        "SentimentWord": "5",
        "SentimentPolarity": "1"
      }
    ]
  },
  {
    "Index": "15373",
    "RawText": "사운드가 너무 마음에 드네요^^ 제품에 흠집이나 하자도 없어서 좋고요. 택배회사의 문제로 인해 배송이 늦어질 줄 알았는데은 생각보다 빠르게 배송이 되어 너무가 기쁘네요.",
    "Source": "쇼핑몰",
    "Domain": "가전",
    "MainCategory": "영상/음향가전",
    "ProductName": "JBL BAR 9.1 정품",
    "ReviewScore": "5",
    "Syllable": "94",
    "Word": "22",
    "RDate": "20210225",
    "GeneralPolarity": "1",
    "Aspects": [
      {
        "Aspect": "음량/음질",
        "SentimentText": "사운드가 너무 마음에 드네요^^",
        "SentimentWord": "4",
        "SentimentPolarity": "1"
      },
      {
        "Aspect": "품질",
        "SentimentText": "제품에 흠집이나 하자도 없어서 좋고요",
        "SentimentWord": "5",
        "SentimentPolarity": "1"
      }
    ]
  },
  {
    "Index": "15374",
    "RawText": "음질은 뭐하나 흠잡을때 없을 만큼 좋은 소리가 나오네요. 그런데 스피커를 분리할때 작동 오류가 나서 짜증이 나네요.",
    "Source": "쇼핑몰",
    "Domain": "가전",
    "MainCategory": "영상/음향가전",
    "ProductName": "JBL BAR 9.1 정품",
    "ReviewScore": "4",
    "Syllable": "64",
    "Word": "16",
    "RDate": "20220301",
    "GeneralPolarity": "0",
    "Aspects": [
      {
        "Aspect": "음량/음질",
        "SentimentText": "음질은 뭐하나 흠잡을때 없을 만큼 좋은 소리가 나오네요",
        "SentimentWord": "8",
        "SentimentPolarity": "1"
      },
      {
        "Aspect": "조작성",
        "SentimentText": "스피커를 분리할때 작동 오류가 나서 짜증이 나네요.",
        "SentimentWord": "7",
        "SentimentPolarity": "-1"
      }
    ]
  },
  {
    "Index": "15375",
    "RawText": "음이 너무 풍부하며 공간감이 있어 아주 좋습니다. 좌우 스피커를 분리하면 찌찍 거리는 잡음이 들려 신경쓰이네요.",
    "Source": "쇼핑몰",
    "Domain": "가전",
    "MainCategory": "영상/음향가전",
    "ProductName": "JBL BAR 9.1 정품",
    "ReviewScore": "5",
    "Syllable": "62",
    "Word": "15",
    "RDate": "20210814",
    "GeneralPolarity": "0",
    "Aspects": [
      {
        "Aspect": "음량/음질",
        "SentimentText": "음이 너무 풍부하며 공간감이 있어 아주 좋습니다",
        "SentimentWord": "7",
        "SentimentPolarity": "1"
      },
      {
        "Aspect": "소음",
        "SentimentText": "좌우 스피커를 분리하면 찌찍 거리는 잡음이 들려 신경쓰이네요.",
        "SentimentWord": "8",
        "SentimentPolarity": "-1"
      }
    ]
  },
  {
    "Index": "15376",
    "RawText": "사운드는 대체적으로 만족하는 편입니다. 어플 연동시 랜선을 꽂아야 연결이 되는 불편함이 있네요.",
    "Source": "쇼핑몰",
    "Domain": "가전",
    "MainCategory": "영상/음향가전",
    "ProductName": "JBL BAR 9.1 정품",
    "ReviewScore": "5",
    "Syllable": "53",
    "Word": "12",
    "RDate": "20211113",
    "GeneralPolarity": "0",
    "Aspects": [
      {
        "Aspect": "음량/음질",
        "SentimentText": "사운드는 대체적으로 만족하는 편입니다",
        "SentimentWord": "4",
        "SentimentPolarity": "1"
      },
      {
        "Aspect": "편의성",
        "SentimentText": "어플 연동시 랜선을 꽂아야 연결이 되는 불편함이 있네요.",
        "SentimentWord": "8",
        "SentimentPolarity": "-1"
      }
    ]
  },
  {
    "Index": "15377",
    "RawText": "서브 스피커가 필요했는데 마침 할인쿠폰이 있어서 저렴하게 구입했어요^^ 극장안가도 되고 집에서 영화보니 너무 편하고 좋습니다.",
    "Source": "쇼핑몰",
    "Domain": "가전",
    "MainCategory": "영상/음향가전",
    "ProductName": "JBL BAR 9.1 정품",
    "ReviewScore": "4",
    "Syllable": "70",
    "Word": "15",
    "RDate": "20220317",
    "GeneralPolarity": "1",
    "Aspects": [
      {
        "Aspect": "가격",
        "SentimentText": "할인쿠폰이 있어서 저렴하게 구입했어요^^",
        "SentimentWord": "4",
        "SentimentPolarity": "1"
      },
      {
        "Aspect": "편의성",
        "SentimentText": "극장안가도 되고 집에서 영화보니 너무 편하고 좋습니다",
        "SentimentWord": "7",
        "SentimentPolarity": "1"
      }
    ]
  },
  {
    "Index": "15379",
    "RawText": "사운드바랑 위성 스피커가 분리되어 편해서 좋지만 우퍼는 왜이리 큰지 난감한 사이즈네요ㅜㅜ 다행히 사운드는 장난아니게 좋네요.",
    "Source": "쇼핑몰",
    "Domain": "가전",
    "MainCategory": "영상/음향가전",
    "ProductName": "JBL BAR 9.1 정품",
    "ReviewScore": "4",
    "Syllable": "69",
    "Word": "15",
    "RDate": "20220411",
    "GeneralPolarity": "0",
    "Aspects": [
      {
        "Aspect": "편의성",
        "SentimentText": "사운드바랑 위성 스피커가 분리되어 편해서 좋지만",
        "SentimentWord": "6",
        "SentimentPolarity": "1"
      },
      {
        "Aspect": "사이즈",
        "SentimentText": "우퍼는 왜이리 큰지 난감한 사이즈네요ㅜㅜ",
        "SentimentWord": "5",
        "SentimentPolarity": "-1"
      },
      {
        "Aspect": "음량/음질",
        "SentimentText": "사운드는 장난아니게 좋네요",
        "SentimentWord": "3",
        "SentimentPolarity": "1"
      }
    ]
  },
  {
    "Index": "15380",
    "RawText": "고가의 제품이라 사운드 두 말할꺼 없이 너무 좋습니다! 설치도 간단해서 혼자 어렵지 않게 할 수 있습니다.",
    "Source": "쇼핑몰",
    "Domain": "가전",
    "MainCategory": "영상/음향가전",
    "ProductName": "JBL BAR 9.1 정품",
    "ReviewScore": "5",
    "Syllable": "59",
    "Word": "16",
    "RDate": "20220827",
    "GeneralPolarity": "1",
    "Aspects": [
      {
        "Aspect": "음량/음질",
        "SentimentText": "고가의 제품이라 사운드 두 말할꺼 없이 너무 좋습니다!",
        "SentimentWord": "8",
        "SentimentPolarity": "1"
      },
      {
        "Aspect": "조작성",
        "SentimentText": "설치도 간단해서 혼자 어렵지 않게 할 수 있습니다.",
        "SentimentWord": "8",
        "SentimentPolarity": "1"
      }
    ]
  },
  {
    "Index": "15382",
    "RawText": "비싼 가격치고 이퀄라이저가 없는건 조금 아쉽네요 고가인 만큼 성능도 정말 훌륭합니다. 정말 만족스럽게 잘 사용하고 있습니다. ",
    "Source": "쇼핑몰",
    "Domain": "가전",
    "MainCategory": "영상/음향가전",
    "ProductName": "JBL BAR 9.1 정품",
    "ReviewScore": "5",
    "Syllable": "70",
    "Word": "16",
    "RDate": "20210519",
    "GeneralPolarity": "0",
    "Aspects": [
      {
        "Aspect": "기능",
        "SentimentText": "비싼 가격치고 이퀄라이저가 없는건 조금 아쉽네요",
        "SentimentWord": "6",
        "SentimentPolarity": "-1"
      },
      {
        "Aspect": "기능",
        "SentimentText": "고가인 만큼 성능도 정말 훌륭합니다.",
        "SentimentWord": "5",
        "SentimentPolarity": "1"
      }
    ]
  },
  {
    "Index": "15383",
    "RawText": "OOO티비와 연동이 안되네요ㅠㅠ 리모컨 버튼이 너무 단순화되서 별로네요. 우퍼는 너무 커서 공간만 차지하고 좋은지 모르겠네요.",
    "Source": "쇼핑몰",
    "Domain": "가전",
    "MainCategory": "영상/음향가전",
    "ProductName": "JBL BAR 9.1 정품",
    "ReviewScore": "4",
    "Syllable": "70",
    "Word": "15",
    "RDate": "20211008",
    "GeneralPolarity": "-1",
    "Aspects": [
      {
        "Aspect": "기능",
        "SentimentText": "OOO티비와 연동이 안되네요ㅠㅠ",
        "SentimentWord": "3",
        "SentimentPolarity": "-1"
      },
      {
        "Aspect": "제품구성",
        "SentimentText": "리모컨 버튼이 너무 단순화되서 별로네요",
        "SentimentWord": "5",
        "SentimentPolarity": "-1"
      },
      {
        "Aspect": "사이즈",
        "SentimentText": "우퍼는 너무 커서 공간만 차지하고 좋은지 모르겠네요.",
        "SentimentWord": "7",
        "SentimentPolarity": "-1"
      }
    ]
  },
  {
    "Index": "15386",
    "RawText": "우퍼가 생각보다 커서 당황스럽네요..... 저음이 부드러워서 편안하네요^^",
    "Source": "쇼핑몰",
    "Domain": "가전",
    "MainCategory": "영상/음향가전",
    "ProductName": "JBL BAR 9.1 정품",
    "ReviewScore": "2",
    "Syllable": "41",
    "Word": "7",
    "RDate": "20201030",
    "GeneralPolarity": "0",
    "Aspects": [
      {
        "Aspect": "사이즈",
        "SentimentText": "우퍼가 생각보다 커서 당황스럽네요..... ",
        "SentimentWord": "4",
        "SentimentPolarity": "-1"
      },
      {
        "Aspect": "음량/음질",
        "SentimentText": "저음이 부드러워서 편안하네요^^",
        "SentimentWord": "3",
        "SentimentPolarity": "1"
      }
    ]
  },
  {
    "Index": "15387",
    "RawText": "상품평 보고 구입했는데 평이 좋은 이유를 알겠네요. 기존에 사용하던 사운드바랑 확실히 퀄리티가 훌륭합니다. 그런데 배터리 충전시간이 걸려 다소 아쉬움은 있네요.",
    "Source": "쇼핑몰",
    "Domain": "가전",
    "MainCategory": "영상/음향가전",
    "ProductName": "JBL BAR 9.1 정품",
    "ReviewScore": "5",
    "Syllable": "89",
    "Word": "20",
    "RDate": "20220810",
    "GeneralPolarity": "0",
    "Aspects": [
      {
        "Aspect": "품질",
        "SentimentText": " 기존에 사용하던 사운드바랑 확실히 퀄리티가 훌륭합니다",
        "SentimentWord": "6",
        "SentimentPolarity": "1"
      },
      {
        "Aspect": "배터리",
        "SentimentText": "배터리 충전시간이 걸려 다소 아쉬움은 있네요.",
        "SentimentWord": "6",
        "SentimentPolarity": "-1"
      }
    ]
  },
  {
    "Index": "15388",
    "RawText": "우퍼는 밥통만큼 엄청나게 크네요ㅡㅡ; 소리는 좋아 영화감상할때 좋아요. 할인행사로 싸게 사서 좋네요.",
    "Source": "쇼핑몰",
    "Domain": "가전",
    "MainCategory": "영상/음향가전",
    "ProductName": "JBL BAR 9.1 정품",
    "ReviewScore": "5",
    "Syllable": "56",
    "Word": "12",
    "RDate": "20210811",
    "GeneralPolarity": "0",
    "Aspects": [
      {
        "Aspect": "사이즈",
        "SentimentText": "우퍼는 밥통만큼 엄청나게 크네요ㅡㅡ;",
        "SentimentWord": "4",
        "SentimentPolarity": "-1"
      },
      {
        "Aspect": "음량/음질",
        "SentimentText": "소리는 좋아 영화감상할때 좋아요",
        "SentimentWord": "4",
        "SentimentPolarity": "1"
      },
      {
        "Aspect": "가격",
        "SentimentText": "할인행사로 싸게 사서 좋네요.",
        "SentimentWord": "4",
        "SentimentPolarity": "1"
      }
    ]
  },
  {
    "Index": "15389",
    "RawText": "배송이 생각보다 빨라서 좋아요. 고가라서 음질이 다른가 봅니다. 너무 만족하고 있어요. 요즘같은 펜데믹 시대에 집에서 영화보기 참 편하고 좋습니다.",
    "Source": "쇼핑몰",
    "Domain": "가전",
    "MainCategory": "영상/음향가전",
    "ProductName": "JBL BAR 9.1 정품",
    "ReviewScore": "5",
    "Syllable": "82",
    "Word": "19",
    "RDate": "20210409",
    "GeneralPolarity": "1",
    "Aspects": [
      {
        "Aspect": "음량/음질",
        "SentimentText": "고가라서 음질이 다른가 봅니다. 너무 만족하고 있어요",
        "SentimentWord": "7",
        "SentimentPolarity": "1"
      },
      {
        "Aspect": "편의성",
        "SentimentText": "요즘같은 펜데믹 시대에 집에서 영화보기 참 편하고 좋습니다.",
        "SentimentWord": "8",
        "SentimentPolarity": "1"
      }
    ]
  },
  {
    "Index": "15390",
    "RawText": "사운드 빵빵하게 잘 나오니 좋아요. 층간 소음으로 인해 서브우퍼의 방진판을 설치하니 괜찮네요.",
    "Source": "쇼핑몰",
    "Domain": "가전",
    "MainCategory": "영상/음향가전",
    "ProductName": "JBL BAR 9.1 정품",
    "ReviewScore": "5",
    "Syllable": "52",
    "Word": "12",
    "RDate": "20210227",
    "GeneralPolarity": "1",
    "Aspects": [
      {
        "Aspect": "음량/음질",
        "SentimentText": "사운드 빵빵하게 잘 나오니 좋아요",
        "SentimentWord": "5",
        "SentimentPolarity": "1"
      },
      {
        "Aspect": "조작성",
        "SentimentText": "서브우퍼의 방진판을 설치하니 괜찮네요.",
        "SentimentWord": "4",
        "SentimentPolarity": "1"
      }
    ]
  },
  {
    "Index": "15391",
    "RawText": "컬리브레이션을 잘 설정하면 돌비에스모트 사운드가 더 신세계라 완전 좋습니다. 무선 연결이라 방을 옮겨 다니면서 들을 수 있어 좋아요",
    "Source": "쇼핑몰",
    "Domain": "가전",
    "MainCategory": "영상/음향가전",
    "ProductName": "JBL BAR 9.1 정품",
    "ReviewScore": "5",
    "Syllable": "73",
    "Word": "18",
    "RDate": "20210811",
    "GeneralPolarity": "1",
    "Aspects": [
      {
        "Aspect": "음량/음질",
        "SentimentText": "돌비에스모트 사운드가 더 신세계라 완전 좋습니다",
        "SentimentWord": "6",
        "SentimentPolarity": "1"
      },
      {
        "Aspect": "편의성",
        "SentimentText": "무선 연결이라 방을 옮겨 다니면서 들을 수 있어 좋아요",
        "SentimentWord": "9",
        "SentimentPolarity": "1"
      }
    ]
  },
  {
    "Index": "15392",
    "RawText": "사운드바의 위력이 이정도라니 음질이 빵빵하니 좋아요 그리고 차원이 다른 성능이여서 만족하구요 배송도 빠른점이 좋았습니다.",
    "Source": "쇼핑몰",
    "Domain": "가전",
    "MainCategory": "영상/음향가전",
    "ProductName": "JBL BAR 9.1 정품",
    "ReviewScore": "5",
    "Syllable": "67",
    "Word": "14",
    "RDate": "20210806",
    "GeneralPolarity": "1",
    "Aspects": [
      {
        "Aspect": "음량/음질",
        "SentimentText": "사운드바의 위력이 이정도라니 음질이 빵빵하니 좋아요",
        "SentimentWord": "6",
        "SentimentPolarity": "1"
      },
      {
        "Aspect": "기능",
        "SentimentText": "그리고 차원이 다른 성능이여서 만족하구요",
        "SentimentWord": "5",
        "SentimentPolarity": "1"
      }
    ]
  },
  {
    "Index": "15393",
    "RawText": "소리가 웅장해서 마음에 들어요 주택에서 쓰려니 음량이 너무 커서 민원이 걱정되고 스펙에 50프로도 못쓰는게 아쉽네요 ",
    "Source": "쇼핑몰",
    "Domain": "가전",
    "MainCategory": "영상/음향가전",
    "ProductName": "JBL BAR 9.1 정품",
    "ReviewScore": "3",
    "Syllable": "65",
    "Word": "15",
    "RDate": "20220610",
    "GeneralPolarity": "0",
    "Aspects": [
      {
        "Aspect": "음량/음질",
        "SentimentText": "소리가 웅장해서 마음에 들어요",
        "SentimentWord": "4",
        "SentimentPolarity": "1"
      },
      {
        "Aspect": "음량/음질",
        "SentimentText": "주택에서 쓰려니 음량이 너무 커서 민원이 걱정되고 스펙에 50프로도 못쓰는게 아쉽네요",
        "SentimentWord": "11",
        "SentimentPolarity": "-1"
      }
    ]
  },
  {
    "Index": "15394",
    "RawText": "소리가 좋아서 마음에 들어요  어디서든 쓸수있어서 편의성에 만족하구요 그런데 펌웨어 업데이트가 안되서 매우 고생한건 아쉬워요ㅜ",
    "Source": "쇼핑몰",
    "Domain": "가전",
    "MainCategory": "영상/음향가전",
    "ProductName": "JBL BAR 9.1 정품",
    "ReviewScore": "4",
    "Syllable": "70",
    "Word": "15",
    "RDate": "20210615",
    "GeneralPolarity": "0",
    "Aspects": [
      {
        "Aspect": "음량/음질",
        "SentimentText": "소리가 좋아서 마음에 들어요",
        "SentimentWord": "4",
        "SentimentPolarity": "1"
      },
      {
        "Aspect": "편의성",
        "SentimentText": "어디서든 쓸수있어서 편의성에 만족하구요",
        "SentimentWord": "4",
        "SentimentPolarity": "1"
      },
      {
        "Aspect": "조작성",
        "SentimentText": "그런데 펌웨어 업데이트가 안되서 매우 고생한건 아쉬워요",
        "SentimentWord": "7",
        "SentimentPolarity": "-1"
      }
    ]
  },
  {
    "Index": "15395",
    "RawText": "소리가 정확히 또렷하게 들려서 좋아요~ 저렴하게 구입한건 마음에 들어요 그런데 일주일뒤에 또 할인이라 기다릴껄하는 아쉬움이 남네요 흑흑",
    "Source": "쇼핑몰",
    "Domain": "가전",
    "MainCategory": "영상/음향가전",
    "ProductName": "JBL BAR 9.1 정품",
    "ReviewScore": "5",
    "Syllable": "75",
    "Word": "17",
    "RDate": "20220217",
    "GeneralPolarity": "1",
    "Aspects": [
      {
        "Aspect": "음량/음질",
        "SentimentText": "소리가 정확히 또렷하게 들려서 좋아요~",
        "SentimentWord": "5",
        "SentimentPolarity": "1"
      },
      {
        "Aspect": "가격",
        "SentimentText": "저렴하게 구입한건 마음에 들어요",
        "SentimentWord": "4",
        "SentimentPolarity": "1"
      },
      {
        "Aspect": "가격",
        "SentimentText": "그런데 일주일뒤에 또 할인이라 기다릴껄하는 아쉬움이 남네요 흑흑",
        "SentimentWord": "8",
        "SentimentPolarity": "-1"
      }
    ]
  },
  {
    "Index": "15396",
    "RawText": "스피커음량이 선명해서 영화볼때 좋습니다. 충전하면 10시간 정도 간다하니 금방 충전을 안해도 편하게 잘 쓸수 있을것 같아요  ",
    "Source": "쇼핑몰",
    "Domain": "가전",
    "MainCategory": "영상/음향가전",
    "ProductName": "JBL BAR 9.1 정품",
    "ReviewScore": "5",
    "Syllable": "70",
    "Word": "16",
    "RDate": "20220301",
    "Aspects": [
      {
        "Aspect": "음량/음질",
        "SentimentText": "스피커음량이 선명해서 영화볼때 좋습니다.",
        "SentimentWord": "4",
        "SentimentPolarity": "1"
      },
      {
        "Aspect": "편의성",
        "SentimentText": "충전하면 10시간 정도 간다하니 금방 충전을 안해도 편하게 잘 쓸수 있을것 같아요 ",
        "SentimentWord": "12",
        "SentimentPolarity": "1"
      }
    ]
  },
  {
    "Index": "15397",
    "RawText": "스피커 음질이 만족스럽습니다. 영화볼때도 말소리도 또렷하고 감동백배 너무 좋아요^^",
    "Source": "쇼핑몰",
    "Domain": "가전",
    "MainCategory": "영상/음향가전",
    "ProductName": "JBL BAR 9.1 정품",
    "ReviewScore": "5",
    "Syllable": "46",
    "Word": "9",
    "RDate": "20210816",
    "GeneralPolarity": "1",
    "Aspects": [
      {
        "Aspect": "음량/음질",
        "SentimentText": "스피커 음질이 만족스럽습니다. ",
        "SentimentWord": "3",
        "SentimentPolarity": "1"
      },
      {
        "Aspect": "음량/음질",
        "SentimentText": "영화볼때도 말소리도 또렷하고 감동백배 너무 좋아요^^",
        "SentimentWord": "6",
        "SentimentPolarity": "1"
      }
    ]
  },
  {
    "Index": "15398",
    "RawText": "스피커의 음질이 빵빵해서 귀호강하는 것같아 마음에 들어요 리모콘 연동안되어 리모콘을 각각 사용 해야해서 불편합니다.",
    "Source": "쇼핑몰",
    "Domain": "가전",
    "MainCategory": "영상/음향가전",
    "ProductName": "JBL BAR 9.1 정품",
    "ReviewScore": "5",
    "Syllable": "64",
    "Word": "14",
    "RDate": "20220819",
    "Aspects": [
      {
        "Aspect": "음량/음질",
        "SentimentText": "스피커의 음질이 빵빵해서 귀호강하는 것같아 마음에 들어요",
        "SentimentWord": "7",
        "SentimentPolarity": "1"
      },
      {
        "Aspect": "편의성",
        "SentimentText": "리모콘 연동안되어 리모콘을 각각 사용 해야해서 불편합니다.",
        "SentimentWord": "7",
        "SentimentPolarity": "-1"
      }
    ]
  },
  {
    "Index": "15399",
    "RawText": "디자인이 심플하니 고급스러워보여서 만족해요 그리고 영화보고 음악들을때 음질이 좋아서 굿입니다.",
    "Source": "쇼핑몰",
    "Domain": "가전",
    "MainCategory": "영상/음향가전",
    "ProductName": "JBL BAR 9.1 정품",
    "ReviewScore": "5",
    "Syllable": "52",
    "Word": "10",
    "RDate": "20210413",
    "GeneralPolarity": "1",
    "Aspects": [
      {
        "Aspect": "디자인",
        "SentimentText": "디자인이 심플하니 고급스러워보여서 만족해요",
        "SentimentWord": "4",
        "SentimentPolarity": "1"
      },
      {
        "Aspect": "음량/음질",
        "SentimentText": "그리고 영화보고 음악들을때 음질이 좋아서 굿입니다.",
        "SentimentWord": "6",
        "SentimentPolarity": "1"
      }
    ]
  },
  {
    "Index": "15400",
    "RawText": "음악듣는데 음량도 빵빵하고 감탄했어요 좋습니다. 애트모스의 기능이 최고입니다^^ ",
    "Source": "쇼핑몰",
    "Domain": "가전",
    "MainCategory": "영상/음향가전",
    "ProductName": "JBL BAR 9.1 정품",
    "ReviewScore": "5",
    "Syllable": "45",
    "Word": "8",
    "RDate": "20220416",
    "GeneralPolarity": "1",
    "Aspects": [
      {
        "Aspect": "음량/음질",
        "SentimentText": "음악듣는데 음량도 빵빵하고 감탄했어요 좋습니다",
        "SentimentWord": "5",
        "SentimentPolarity": "1"
      },
      {
        "Aspect": "기능",
        "SentimentText": "애트모스의 기능이 최고입니다^^",
        "SentimentWord": "3",
        "SentimentPolarity": "1"
      }
    ]
  },
  {
    "Index": "15401",
    "RawText": "사운드바 불량이 왔네요.. 제대로 검수 한하시고 보내시는건가요? 왼쪽 스피커에서 튕기는 소리가 게속 나서 짜증나네요. 교환신청을 신속히 해주시길 바래요.",
    "Source": "쇼핑몰",
    "Domain": "가전",
    "MainCategory": "영상/음향가전",
    "ProductName": "JBL BAR 9.1 정품",
    "ReviewScore": "5",
    "Syllable": "85",
    "Word": "18",
    "RDate": "20220826",
    "GeneralPolarity": "-1",
    "Aspects": [
      {
        "Aspect": "품질",
        "SentimentText": "사운드바 불량이 왔네요.. 제대로 검수 한하시고 보내시는건가요?",
        "SentimentWord": "7",
        "SentimentPolarity": "-1"
      },
      {
        "Aspect": "소음",
        "SentimentText": "왼쪽 스피커에서 튕기는 소리가 게속 나서 짜증나네요.",
        "SentimentWord": "7",
        "SentimentPolarity": "-1"
      }
    ]
  },
  {
    "Index": "15403",
    "RawText": "기능이 좋아서 그런지 소리가 빵빵하고 사운드도 실감나네요 연결하자마자 반응속도가 빠른지 노래도 바로바로 나와요^^",
    "Source": "쇼핑몰",
    "Domain": "가전",
    "MainCategory": "영상/음향가전",
    "ProductName": "JBL BAR 9.1 정품",
    "ReviewScore": "5",
    "Syllable": "63",
    "Word": "13",
    "RDate": "20210520",
    "GeneralPolarity": "1",
    "Aspects": [
      {
        "Aspect": "기능",
        "SentimentText": "기능이 좋아서 그런지 소리가 빵빵하고 사운드도 실감나네요",
        "SentimentWord": "7",
        "SentimentPolarity": "1"
      },
      {
        "Aspect": "시간/속도",
        "SentimentText": "연결하자마자 반응속도가 빠른지 노래도 바로바로 나와요^^",
        "SentimentWord": "6",
        "SentimentPolarity": "1"
      }
    ]
  },
  {
    "Index": "15404",
    "RawText": "박스가 엄청커서보니 사운드바도 생각보다 큰게 아쉽네요 거기다 무게까지 엄청나고 생각과는 달라서 아쉬워요 그러나 소리는 빵빵해서 만족해요 다만 채널돌릴때 튀는 소리가 나는데 왜그런지ㅜㅜ 이부분은 고장난거 같은데 저만 그런지",
    "Source": "쇼핑몰",
    "Domain": "가전",
    "MainCategory": "영상/음향가전",
    "ProductName": "JBL BAR 9.1 정품",
    "ReviewScore": "5",
    "Syllable": "123",
    "Word": "27",
    "RDate": "20220610",
    "GeneralPolarity": "-1",
    "Aspects": [
      {
        "Aspect": "사이즈",
        "SentimentText": "박스가 엄청커서보니 사운드바도 생각보다 큰게 아쉽네요",
        "SentimentWord": "6",
        "SentimentPolarity": "-1"
      },
      {
        "Aspect": "무게",
        "SentimentText": "거기다 무게까지 엄청나고 생각과는 달라서 아쉬워요",
        "SentimentWord": "6",
        "SentimentPolarity": "-1"
      },
      {
        "Aspect": "음량/음질",
        "SentimentText": "그러나 소리는 빵빵해서 만족해요",
        "SentimentWord": "4",
        "SentimentPolarity": "1"
      },
      {
        "Aspect": "품질",
        "SentimentText": "다만 채널돌릴때 튀는 소리가 나는데 왜그런지ㅜㅜ 이부분은 고장난거 같은데 저만 그런지",
        "SentimentWord": "11",
        "SentimentPolarity": "-1"
      }
    ]
  },
  {
    "Index": "15405",
    "RawText": "영화관 같은 음향효과를 느낄 수있어서 좋았어요 근데 검정색상이라 좀 답답해보이는게 좀 아쉬워요 여러색상도 있었으면 하네요",
    "Source": "쇼핑몰",
    "Domain": "가전",
    "MainCategory": "영상/음향가전",
    "ProductName": "JBL BAR 9.1 정품",
    "ReviewScore": "5",
    "Syllable": "67",
    "Word": "15",
    "RDate": "20210926",
    "GeneralPolarity": "0",
    "Aspects": [
      {
        "Aspect": "음량/음질",
        "SentimentText": "영화관 같은 음향효과를 느낄 수있어서 좋았어요",
        "SentimentWord": "6",
        "SentimentPolarity": "1"
      },
      {
        "Aspect": "색상",
        "SentimentText": "근데 검정색상이라 좀 답답해보이는게 좀 아쉬워요 여러색상도 있었으면 하네요",
        "SentimentWord": "9",
        "SentimentPolarity": "-1"
      }
    ]
  },
  {
    "Index": "15406",
    "RawText": "디자인이 너무도 고급스럽네요~ 다양한 기능들이 있던데 너무 좋습니다. 역시 스피커 값어치 하네요ㅋ",
    "Source": "쇼핑몰",
    "Domain": "가전",
    "MainCategory": "영상/음향가전",
    "ProductName": "JBL BAR 9.1 정품",
    "ReviewScore": "5",
    "Syllable": "54",
    "Word": "12",
    "RDate": "20210917",
    "GeneralPolarity": "1",
    "Aspects": [
      {
        "Aspect": "디자인",
        "SentimentText": "디자인이 너무도 고급스럽네요~",
        "SentimentWord": "3",
        "SentimentPolarity": "1"
      },
      {
        "Aspect": "기능",
        "SentimentText": "다양한 기능들이 있던데 너무 좋습니다.",
        "SentimentWord": "5",
        "SentimentPolarity": "1"
      }
    ]
  },
  {
    "Index": "15410",
    "RawText": "하루특가로 구매해서 좋았어요 사운드가 짱짱해서 몰입도가 아주 좋습니다 그리고 배송도빠르고 배송기사님도 친절해서 만족해요",
    "Source": "쇼핑몰",
    "Domain": "가전",
    "MainCategory": "영상/음향가전",
    "ProductName": "JBL BAR 9.1 정품",
    "ReviewScore": "5",
    "Syllable": "66",
    "Word": "13",
    "RDate": "20220528",
    "GeneralPolarity": "1",
    "Aspects": [
      {
        "Aspect": "가격",
        "SentimentText": "하루특가로 구매해서 좋았어요 ",
        "SentimentWord": "3",
        "SentimentPolarity": "1"
      },
      {
        "Aspect": "음량/음질",
        "SentimentText": "사운드가 짱짱해서 몰입도가 아주 좋습니다",
        "SentimentWord": "5",
        "SentimentPolarity": "1"
      }
    ]
  },
  {
    "Index": "15411",
    "RawText": "사운드가 선명하고 커서 완전 좋습니다^^ 그런데 생각보다 무게가 나가니까 아쉬웠어요!",
    "Source": "쇼핑몰",
    "Domain": "가전",
    "MainCategory": "영상/음향가전",
    "ProductName": "JBL BAR 9.1 정품",
    "ReviewScore": "5",
    "Syllable": "47",
    "Word": "10",
    "RDate": "20210225",
    "GeneralPolarity": "0",
    "Aspects": [
      {
        "Aspect": "음량/음질",
        "SentimentText": "사운드가 선명하고 커서 완전 좋습니다^^",
        "SentimentWord": "5",
        "SentimentPolarity": "1"
      },
      {
        "Aspect": "무게",
        "SentimentText": "그런데 생각보다 무게가 나가니까 아쉬웠어요!",
        "SentimentWord": "5",
        "SentimentPolarity": "-1"
      }
    ]
  },
  {
    "Index": "15412",
    "RawText": "와~ 고급지게 너무 예뻐요! 그래서 만족해요 그런데 다른색상도 있었음하는 아쉬움이 있어요~",
    "Source": "쇼핑몰",
    "Domain": "가전",
    "MainCategory": "영상/음향가전",
    "ProductName": "JBL BAR 9.1 정품",
    "ReviewScore": "5",
    "Syllable": "50",
    "Word": "11",
    "RDate": "20220405",
    "GeneralPolarity": "0",
    "Aspects": [
      {
        "Aspect": "디자인",
        "SentimentText": "와~ 고급지게 너무 예뻐요! 그래서 만족해요",
        "SentimentWord": "6",
        "SentimentPolarity": "1"
      },
      {
        "Aspect": "색상",
        "SentimentText": "그런데 다른색상도 있었음하는 아쉬움이 있어요~",
        "SentimentWord": "5",
        "SentimentPolarity": "-1"
      }
    ]
  },
  {
    "Index": "15413",
    "RawText": "사운드도 고급지게 들리니 만족해요^^무선이어서 정말 너무 편리합니다.",
    "Source": "쇼핑몰",
    "Domain": "가전",
    "MainCategory": "영상/음향가전",
    "ProductName": "JBL BAR 9.1 정품",
    "ReviewScore": "5",
    "Syllable": "38",
    "Word": "7",
    "RDate": "20200725",
    "Aspects": [
      {
        "Aspect": "편의성",
        "SentimentText": "무선이어서 정말 너무 편리합니다. ",
        "SentimentWord": "4",
        "SentimentPolarity": "1"
      },
      {
        "Aspect": "음량/음질",
        "SentimentText": "사운드도 고급지게 들리니 만족해요^^",
        "SentimentWord": "4",
        "SentimentPolarity": "1"
      }
    ]
  },
  {
    "Index": "15414",
    "RawText": "설치도 쉬우니까 편리하게 사용할 수있어서 좋습니다. 집에 있던 사운드바 보다 음질이 좋아요 비교불가!",
    "Source": "쇼핑몰",
    "Domain": "가전",
    "MainCategory": "영상/음향가전",
    "ProductName": "JBL BAR 9.1 정품",
    "ReviewScore": "5",
    "Syllable": "56",
    "Word": "13",
    "RDate": "20210913",
    "GeneralPolarity": "1",
    "Aspects": [
      {
        "Aspect": "조작성",
        "SentimentText": "설치도 쉬우니까 편리하게 사용할 수있어서 좋습니다",
        "SentimentWord": "6",
        "SentimentPolarity": "1"
      },
      {
        "Aspect": "음량/음질",
        "SentimentText": "집에 있던 사운드바 보다 음질이 좋아요 비교불가!",
        "SentimentWord": "7",
        "SentimentPolarity": "1"
      }
    ]
  },
  {
    "Index": "15415",
    "RawText": "우퍼가 크니 사운드가 웅장해서 깜짝 놀랐어요. 진짜 마음에 들어요. 다만 색상이 다양했으면 하는 아쉬움이 있네요.",
    "Source": "쇼핑몰",
    "Domain": "가전",
    "MainCategory": "영상/음향가전",
    "ProductName": "JBL BAR 9.1 정품",
    "ReviewScore": "5",
    "Syllable": "63",
    "Word": "15",
    "RDate": "20210528",
    "GeneralPolarity": "1",
    "Aspects": [
      {
        "Aspect": "사이즈",
        "SentimentText": "우퍼가 크니 사운드가 웅장해서 깜짝 놀랐어요. 진짜 마음에 들어요",
        "SentimentWord": "9",
        "SentimentPolarity": "1"
      },
      {
        "Aspect": "색상",
        "SentimentText": "색상이 다양했으면 하는 아쉬움이 있네요.",
        "SentimentWord": "5",
        "SentimentPolarity": "0"
      }
    ]
  },
  {
    "Index": "15416",
    "RawText": "원하는날에 배송도 가능하고 기사님도 설치도 잘해주시니 좋았어요 그리고 상품의 품질도 상당히 좋습니다. 음량도 빵빵하니 좋아서 같은 노래도 질이 다르네요 ㅎㅎ ",
    "Source": "쇼핑몰",
    "Domain": "가전",
    "MainCategory": "영상/음향가전",
    "ProductName": "JBL BAR 9.1 정품",
    "ReviewScore": "5",
    "Syllable": "88",
    "Word": "20",
    "RDate": "20210804",
    "GeneralPolarity": "1",
    "Aspects": [
      {
        "Aspect": "품질",
        "SentimentText": "그리고 상품의 품질도 상당히 좋습니다.",
        "SentimentWord": "5",
        "SentimentPolarity": "1"
      },
      {
        "Aspect": "음량/음질",
        "SentimentText": "음량도 빵빵하니 좋아서 같은 노래도 질이 다르네요 ㅎㅎ",
        "SentimentWord": "8",
        "SentimentPolarity": "1"
      }
    ]
  },
  {
    "Index": "15417",
    "RawText": "음질이 기대만큼이나 선명하고 웅장해서 좋습니다. 리어 스피커와 우퍼 레벨은 동봉된 리모컨을 통해 조절이 가능해서 좋아요",
    "Source": "쇼핑몰",
    "Domain": "가전",
    "MainCategory": "영상/음향가전",
    "ProductName": "JBL BAR 9.1 정품",
    "ReviewScore": "5",
    "Syllable": "66",
    "Word": "15",
    "RDate": "20210222",
    "Aspects": [
      {
        "Aspect": "음량/음질",
        "SentimentText": "음질이 기대만큼이나 선명하고 웅장해서 좋습니다. ",
        "SentimentWord": "5",
        "SentimentPolarity": "1"
      },
      {
        "Aspect": "조작성",
        "SentimentText": "리어 스피커와 우퍼 레벨은 동봉된 리모컨을 통해 조절이 가능해서 좋아요",
        "SentimentWord": "10",
        "SentimentPolarity": "1"
      }
    ]
  },
  {
    "Index": "15418",
    "RawText": "음질이 또렷하니 매우 좋아요 품질도 우수해서 좋구요 설치기사분이 설치도 직접해주시고 기본 설명도 해주셔서 만족해요",
    "Source": "쇼핑몰",
    "Domain": "가전",
    "MainCategory": "영상/음향가전",
    "ProductName": "JBL BAR 9.1 정품",
    "ReviewScore": "5",
    "Syllable": "63",
    "Word": "14",
    "RDate": "20220129",
    "Aspects": [
      {
        "Aspect": "음량/음질",
        "SentimentText": "음질이 또렷하니 매우 좋아요",
        "SentimentWord": "4",
        "SentimentPolarity": "1"
      },
      {
        "Aspect": "품질",
        "SentimentText": "품질도 우수해서 좋구요",
        "SentimentWord": "3",
        "SentimentPolarity": "1"
      }
    ]
  },
  {
    "Index": "15419",
    "RawText": "음질이 생생하게 들려서 만족해요 그런데 설치를 안해주고 가신점이 아쉽습니다. 그러나 제품의 품질은 만족하는 중이예요^^",
    "Source": "쇼핑몰",
    "Domain": "가전",
    "MainCategory": "영상/음향가전",
    "ProductName": "JBL BAR 9.1 정품",
    "ReviewScore": "4",
    "Syllable": "66",
    "Word": "14",
    "RDate": "20210303",
    "Aspects": [
      {
        "Aspect": "음량/음질",
        "SentimentText": "음질이 생생하게 들려서 만족해요",
        "SentimentWord": "4",
        "SentimentPolarity": "1"
      },
      {
        "Aspect": "품질",
        "SentimentText": " 그러나 제품의 품질은 만족하는 중이예요^^",
        "SentimentWord": "5",
        "SentimentPolarity": "1"
      }
    ]
  },
  {
    "Index": "15420",
    "RawText": "이가격에 정말 가성비가 좋습니다. 품질도 기대이상으로 좋아서 만족해요",
    "Source": "쇼핑몰",
    "Domain": "가전",
    "MainCategory": "영상/음향가전",
    "ProductName": "JBL BAR 9.1 정품",
    "ReviewScore": "5",
    "Syllable": "38",
    "Word": "8",
    "RDate": "20210709",
    "GeneralPolarity": "1",
    "Aspects": [
      {
        "Aspect": "가격",
        "SentimentText": "이가격에 정말 가성비가 좋습니다",
        "SentimentWord": "4",
        "SentimentPolarity": "1"
      },
      {
        "Aspect": "품질",
        "SentimentText": "품질도 기대이상으로 좋아서 만족해요",
        "SentimentWord": "4",
        "SentimentPolarity": "1"
      }
    ]
  },
  {
    "Index": "15421",
    "RawText": "특가로 구매해서 저렴하니까 좋았어요 소리도 빵빵하니까 소리안에 파묻히는 기분이라 매우 만족합니다. ",
    "Source": "쇼핑몰",
    "Domain": "가전",
    "MainCategory": "영상/음향가전",
    "ProductName": "JBL BAR 9.1 정품",
    "ReviewScore": "5",
    "Syllable": "55",
    "Word": "11",
    "RDate": "20210817",
    "GeneralPolarity": "1",
    "Aspects": [
      {
        "Aspect": "가격",
        "SentimentText": "특가로 구매해서 저렴하니까 좋았어요",
        "SentimentWord": "4",
        "SentimentPolarity": "1"
      },
      {
        "Aspect": "음량/음질",
        "SentimentText": "소리도 빵빵하니까 소리안에 파묻히는 기분이라 매우 만족합니다.",
        "SentimentWord": "7",
        "SentimentPolarity": "1"
      }
    ]
  },
  {
    "Index": "15424",
    "RawText": "음악감상하는데 음질이 엄청 우수해요 굿!! 품질이 좋은 최고의 제품같아서 만족해요 잘샀어요^^",
    "Source": "쇼핑몰",
    "Domain": "가전",
    "MainCategory": "영상/음향가전",
    "ProductName": "JBL BAR 9.1 정품",
    "ReviewScore": "5",
    "Syllable": "52",
    "Word": "11",
    "RDate": "20210816",
    "GeneralPolarity": "1",
    "Aspects": [
      {
        "Aspect": "음량/음질",
        "SentimentText": "음악감상하는데 음질이 엄청 우수해요 굿!! ",
        "SentimentWord": "5",
        "SentimentPolarity": "1"
      },
      {
        "Aspect": "품질",
        "SentimentText": "품질이 좋은 최고의 제품같아서 만족해요 잘샀어요^^",
        "SentimentWord": "6",
        "SentimentPolarity": "1"
      }
    ]
  },
  {
    "Index": "15425",
    "RawText": "리어스피커 분리 가능하니까 편하고 좋습니다!!! 성능이 어마무시하네요 서브 우퍼와 함께 사용하면 소리에 박진감이 넘쳐요 ",
    "Source": "쇼핑몰",
    "Domain": "가전",
    "MainCategory": "영상/음향가전",
    "ProductName": "JBL BAR 9.1 정품",
    "ReviewScore": "5",
    "Syllable": "67",
    "Word": "14",
    "RDate": "20220301",
    "GeneralPolarity": "1",
    "Aspects": [
      {
        "Aspect": "편의성",
        "SentimentText": "리어스피커 분리 가능하니까 편하고 좋습니다!!!",
        "SentimentWord": "5",
        "SentimentPolarity": "1"
      },
      {
        "Aspect": "음량/음질",
        "SentimentText": "성능이 어마무시하네요 서브 우퍼와 함께 사용하면 소리에 박진감이 넘쳐요",
        "SentimentWord": "9",
        "SentimentPolarity": "1"
      }
    ]
  },
  {
    "Index": "15426",
    "RawText": "설치는 혼자서도 어렵지 않으니까 좋아요 음질은 정말 선명하니 좋습니다.",
    "Source": "쇼핑몰",
    "Domain": "가전",
    "MainCategory": "영상/음향가전",
    "ProductName": "JBL BAR 9.1 정품",
    "ReviewScore": "5",
    "Syllable": "39",
    "Word": "9",
    "RDate": "20220826",
    "GeneralPolarity": "1",
    "Aspects": [
      {
        "Aspect": "조작성",
        "SentimentText": "설치는 혼자서도 어렵지 않으니까 좋아요 ",
        "SentimentWord": "5",
        "SentimentPolarity": "1"
      },
      {
        "Aspect": "음량/음질",
        "SentimentText": "음질은 정말 선명하니 좋습니다.",
        "SentimentWord": "4",
        "SentimentPolarity": "1"
      }
    ]
  },
  {
    "Index": "15427",
    "RawText": "일반방송은 화질면에서 다른 TV와 크게 차이를 못느꼈는데 인터넷방송 볼때 음량이 정말 빵빵해서 볼 생각에 기분이 좋습니다",
    "Source": "쇼핑몰",
    "Domain": "가전",
    "MainCategory": "영상/음향가전",
    "ProductName": "JBL BAR 9.1 정품",
    "ReviewScore": "5",
    "Syllable": "67",
    "Word": "16",
    "RDate": "20210810",
    "GeneralPolarity": "1",
    "Aspects": [
      {
        "Aspect": "화질",
        "SentimentText": "일반방송은 화질면에서 다른 TV와 크게 차이를 못느꼈는데",
        "SentimentWord": "7",
        "SentimentPolarity": "0"
      },
      {
        "Aspect": "음량/음질",
        "SentimentText": "인터넷방송 볼때 음량이 정말 빵빵해서 볼생각에 기분이 좋습니다",
        "SentimentWord": "8",
        "SentimentPolarity": "1"
      }
    ]
  },
  {
    "Index": "15428",
    "RawText": "전체적인 음질은 약간 가볍게 느껴지긴 했는데 깨끗하네요~ 그리고 디자인도 심플하니 인테리어에도 잘 어울려서 만족해요 ㅎㅎ",
    "Source": "쇼핑몰",
    "Domain": "가전",
    "MainCategory": "영상/음향가전",
    "ProductName": "JBL BAR 9.1 정품",
    "ReviewScore": "5",
    "Syllable": "67",
    "Word": "15",
    "RDate": "20210424",
    "Aspects": [
      {
        "Aspect": "음량/음질",
        "SentimentText": "전체적인 음질은 약간 가볍게 느껴지긴 했는데 깨끗하네요~",
        "SentimentWord": "7",
        "SentimentPolarity": "1"
      },
      {
        "Aspect": "디자인",
        "SentimentText": "그리고 디자인도 심플하니 인테리어에도 잘 어울려서 만족해요 ㅎㅎ",
        "SentimentWord": "8",
        "SentimentPolarity": "1"
      }
    ]
  },
  {
    "Index": "15429",
    "RawText": "고장인것같아요 한참 보고있으면 티비 화면이랑 음향이 따로나오니까 너무 화가 납니다.  Dolby Atmos 지원이 되지 않아 아쉬움도 가득이네요......",
    "Source": "쇼핑몰",
    "Domain": "가전",
    "MainCategory": "영상/음향가전",
    "ProductName": "JBL BAR 9.1 정품",
    "ReviewScore": "1",
    "Syllable": "86",
    "Word": "17",
    "RDate": "20211102",
    "Aspects": [
      {
        "Aspect": "품질",
        "SentimentText": "고장인것같아요 한참 보고있으면 티비 화면이랑 음향이 따로나오니까 너무 화가 납니다.",
        "SentimentWord": "10",
        "SentimentPolarity": "-1"
      },
      {
        "Aspect": "기능",
        "SentimentText": "  Dolby Atmos 지원이 되지 않아 아쉬움도 가득이네요......",
        "SentimentWord": "7",
        "SentimentPolarity": "-1"
      }
    ]
  },
  {
    "Index": "15430",
    "RawText": "가격이 착해서 너무 좋아요 판매처에서 직접설치해주셔서 잘 사용할 수있어서 만족해요 소리도 깨끗해서 상당히 좋구요 ^^ ",
    "Source": "쇼핑몰",
    "Domain": "가전",
    "MainCategory": "영상/음향가전",
    "ProductName": "JBL BAR 9.1 정품",
    "ReviewScore": "5",
    "Syllable": "66",
    "Word": "15",
    "RDate": "20211010",
    "Aspects": [
      {
        "Aspect": "가격",
        "SentimentText": "가격이 착해서 너무 좋아요",
        "SentimentWord": "4",
        "SentimentPolarity": "1"
      },
      {
        "Aspect": "음량/음질",
        "SentimentText": "소리도 깨끗해서 상당히 좋구요 ^^",
        "SentimentWord": "5",
        "SentimentPolarity": "1"
      }
    ]
  },
  {
    "Index": "15432",
    "RawText": "전용앱이 없어서 세부적인 설정을 못하는건 아쉽습니다. 그런데 품질에 불만이 없을 정도로 우수해서 만족해요  ",
    "Source": "쇼핑몰",
    "Domain": "가전",
    "MainCategory": "영상/음향가전",
    "ProductName": "JBL BAR 9.1 정품",
    "ReviewScore": "5",
    "Syllable": "60",
    "Word": "13",
    "RDate": "20210913",
    "GeneralPolarity": "0",
    "Aspects": [
      {
        "Aspect": "기능",
        "SentimentText": "전용앱이 없어서 세부적인 설정을 못하는건 아쉽습니다.",
        "SentimentWord": "6",
        "SentimentPolarity": "-1"
      },
      {
        "Aspect": "품질",
        "SentimentText": "그런데 품질에 불만이 없을 정도로 우수해서 만족해요 ",
        "SentimentWord": "7",
        "SentimentPolarity": "1"
      }
    ]
  },
  {
    "Index": "15433",
    "RawText": "옆집에 눈치보일 정도로 사운드가 웅장해서 좋아요 서브우퍼 덕분인지 홈시어터 느낌이 대박  최저가로 구입해서 더욱 더 즐겁네요~ 배송도 빠르게 왔고 기사님도 친절하셔서 마음에 듭니다^^ ",
    "Source": "쇼핑몰",
    "Domain": "가전",
    "MainCategory": "영상/음향가전",
    "ProductName": "JBL BAR 9.1 정품",
    "ReviewScore": "5",
    "Syllable": "103",
    "Word": "23",
    "RDate": "20220623",
    "GeneralPolarity": "1",
    "Aspects": [
      {
        "Aspect": "음량/음질",
        "SentimentText": "옆집에 눈치보일 정도로 사운드가 웅장해서 좋아요 서브우퍼 덕분인지 홈시어터 느낌이 대박",
        "SentimentWord": "11",
        "SentimentPolarity": "1"
      },
      {
        "Aspect": "가격",
        "SentimentText": "최저가로 구입해서 더욱 더 즐겁네요~",
        "SentimentWord": "5",
        "SentimentPolarity": "1"
      }
    ]
  },
  {
    "Index": "15434",
    "RawText": "소리는 황홀할정도로 완벽해요 ^^ 설명서가 자세하지 않아서 처음에 조작할 때 어렵더라구요 아쉽 ㅠㅠ",
    "Source": "쇼핑몰",
    "Domain": "가전",
    "MainCategory": "영상/음향가전",
    "ProductName": "JBL BAR 9.1 정품",
    "ReviewScore": "4",
    "Syllable": "55",
    "Word": "13",
    "RDate": "20211216",
    "Aspects": [
      {
        "Aspect": "음량/음질",
        "SentimentText": "소리는 황홀할정도로 완벽해요 ^^",
        "SentimentWord": "4",
        "SentimentPolarity": "1"
      },
      {
        "Aspect": "조작성",
        "SentimentText": "설명서가 자세하지 않아서 처음에 조작할 때 어렵더라구요 아쉽 ㅠㅠ",
        "SentimentWord": "9",
        "SentimentPolarity": "-1"
      }
    ]
  },
  {
    "Index": "15435",
    "RawText": "생각보다 품질이 좋아서 만족해요 노래나 영화도 서라운드 기능으로 해보니 상당히 좋아요^^ ",
    "Source": "쇼핑몰",
    "Domain": "가전",
    "MainCategory": "영상/음향가전",
    "ProductName": "JBL BAR 9.1 정품",
    "ReviewScore": "5",
    "Syllable": "50",
    "Word": "11",
    "RDate": "20210806",
    "GeneralPolarity": "1",
    "Aspects": [
      {
        "Aspect": "품질",
        "SentimentText": "생각보다 품질이 좋아서 만족해요 ",
        "SentimentWord": "4",
        "SentimentPolarity": "1"
      },
      {
        "Aspect": "기능",
        "SentimentText": "노래나 영화도 서라운드 기능으로 해보니 상당히 좋아요^^",
        "SentimentWord": "7",
        "SentimentPolarity": "1"
      }
    ]
  },
  {
    "Index": "15436",
    "RawText": "정말 귀가번쩍할 정도로 사운드가 최고입니다 강추!! 그런데 검정색이 생각보다 더 어두워서 좀 답답해보이는점이 아쉬워요!! ",
    "Source": "쇼핑몰",
    "Domain": "가전",
    "MainCategory": "영상/음향가전",
    "ProductName": "JBL BAR 9.1 정품",
    "ReviewScore": "5",
    "Syllable": "68",
    "Word": "14",
    "RDate": "20220416",
    "GeneralPolarity": "0",
    "Aspects": [
      {
        "Aspect": "음량/음질",
        "SentimentText": "정말 귀가번쩍할 정도로 사운드가 최고입니다 강추!!",
        "SentimentWord": "6",
        "SentimentPolarity": "1"
      },
      {
        "Aspect": "색상",
        "SentimentText": "그런데 검정색이 생각보다 더 어두워서 좀 답답해보이는점이 아쉬워요!!",
        "SentimentWord": "8",
        "SentimentPolarity": "-1"
      }
    ]
  },
  {
    "Index": "15437",
    "RawText": "가성비 짱이에요^^ 음질도 웅장해서 영화관인것같아서 좋아요",
    "Source": "쇼핑몰",
    "Domain": "가전",
    "MainCategory": "영상/음향가전",
    "ProductName": "JBL BAR 9.1 정품",
    "ReviewScore": "5",
    "Syllable": "32",
    "Word": "6",
    "RDate": "20211102",
    "Aspects": [
      {
        "Aspect": "가격",
        "SentimentText": "가성비 짱이에요^^ ",
        "SentimentWord": "2",
        "SentimentPolarity": "1"
      },
      {
        "Aspect": "음량/음질",
        "SentimentText": "음질도 웅장해서 영화관인것같아서 좋아요",
        "SentimentWord": "4",
        "SentimentPolarity": "1"
      }
    ]
  },
  {
    "Index": "15438",
    "RawText": "제품의 품질이 정말 좋은것같아요 생각보다 배송도 빨라서 만족해요 그런데 구매후에 가격이 바로 내려서 아쉬워요 ㅠ",
    "Source": "쇼핑몰",
    "Domain": "가전",
    "MainCategory": "영상/음향가전",
    "ProductName": "JBL BAR 9.1 정품",
    "ReviewScore": "4",
    "Syllable": "62",
    "Word": "15",
    "RDate": "20210220",
    "GeneralPolarity": "0",
    "Aspects": [
      {
        "Aspect": "품질",
        "SentimentText": "제품의 품질이 정말 좋은것같아요 ",
        "SentimentWord": "4",
        "SentimentPolarity": "1"
      },
      {
        "Aspect": "가격",
        "SentimentText": "그런데 구매후에 가격이 바로 내려서 아쉬워요 ㅠ",
        "SentimentWord": "7",
        "SentimentPolarity": "-1"
      }
    ]
  },
  {
    "Index": "15439",
    "RawText": "매우 좋아요 여러 기능들도 지원이 잘됩니다. 티비와도 연결이 잘되어 만족해요!",
    "Source": "쇼핑몰",
    "Domain": "가전",
    "MainCategory": "영상/음향가전",
    "ProductName": "JBL BAR 9.1 정품",
    "ReviewScore": "5",
    "Syllable": "43",
    "Word": "10",
    "RDate": "20210807",
    "GeneralPolarity": "1",
    "Aspects": [
      {
        "Aspect": "기능",
        "SentimentText": "매우 좋아요 여러 기능들도 지원이 잘됩니다.",
        "SentimentWord": "6",
        "SentimentPolarity": "1"
      },
      {
        "Aspect": "조작성",
        "SentimentText": "티비와도 연결이 잘되어 만족해요!",
        "SentimentWord": "4",
        "SentimentPolarity": "1"
      }
    ]
  },
  {
    "Index": "15440",
    "RawText": "무선리어 스피커라 너무 편하고 좋아요 다른 사운드바 기능도 다양해서 좋네요",
    "Source": "쇼핑몰",
    "Domain": "가전",
    "MainCategory": "영상/음향가전",
    "ProductName": "JBL BAR 9.1 정품",
    "ReviewScore": "5",
    "Syllable": "41",
    "Word": "10",
    "RDate": "20220219",
    "GeneralPolarity": "1",
    "Aspects": [
      {
        "Aspect": "편의성",
        "SentimentText": "무선리어 스피커라 너무 편하고 좋아요",
        "SentimentWord": "5",
        "SentimentPolarity": "1"
      },
      {
        "Aspect": "기능",
        "SentimentText": "다른 사운드바 기능도 다양해서 좋네요",
        "SentimentWord": "5",
        "SentimentPolarity": "1"
      }
    ]
  },
  {
    "Index": "15441",
    "RawText": "가격도 저렴하고 좋아요 중급사운드바중 이제품보다 좋은 품질은 없을것같아서 만족해요!!",
    "Source": "쇼핑몰",
    "Domain": "가전",
    "MainCategory": "영상/음향가전",
    "ProductName": "JBL BAR 9.1 정품",
    "ReviewScore": "5",
    "Syllable": "47",
    "Word": "9",
    "RDate": "20211101",
    "GeneralPolarity": "1",
    "Aspects": [
      {
        "Aspect": "가격",
        "SentimentText": "가격도 저렴하고 좋아요",
        "SentimentWord": "3",
        "SentimentPolarity": "1"
      },
      {
        "Aspect": "품질",
        "SentimentText": "중급사운드바중 이제품보다 좋은 품질은 없을것같아서 만족해요!!",
        "SentimentWord": "6",
        "SentimentPolarity": "1"
      }
    ]
  },
  {
    "Index": "15442",
    "RawText": "품질 좋은 상품을 잘 쓰고 있어요 사운드바 음질 정말 선명하고 좋아요!",
    "Source": "쇼핑몰",
    "Domain": "가전",
    "MainCategory": "영상/음향가전",
    "ProductName": "JBL BAR 9.1 정품",
    "ReviewScore": "5",
    "Syllable": "39",
    "Word": "11",
    "RDate": "20220414",
    "Aspects": [
      {
        "Aspect": "품질",
        "SentimentText": "품질 좋은 상품을 잘 쓰고 있어요",
        "SentimentWord": "6",
        "SentimentPolarity": "1"
      },
      {
        "Aspect": "음량/음질",
        "SentimentText": "사운드바 음질 정말 선명하고 좋아요!",
        "SentimentWord": "5",
        "SentimentPolarity": "1"
      }
    ]
  },
  {
    "Index": "15443",
    "RawText": "품질이 좋은것같아서 만족해요 그리고 가격도 저렴해서 좋습니다. 설치까지 다해주시니 완전 좋아요 ㅎㅎ 소리도 확실히 차이가 나고 빵빵해서 좋아요 그런데 아파트라 음량이 너무 커서 부담스러워요!그리고 우퍼가 생각보다 커서 부담스러워요 ㅜ",
    "Source": "쇼핑몰",
    "Domain": "가전",
    "MainCategory": "영상/음향가전",
    "ProductName": "JBL BAR 9.1 정품",
    "ReviewScore": "5",
    "Syllable": "130",
    "Word": "29",
    "RDate": "20210515",
    "Aspects": [
      {
        "Aspect": "품질",
        "SentimentText": "품질이 좋은것같아서 만족해요 ",
        "SentimentWord": "3",
        "SentimentPolarity": "1"
      },
      {
        "Aspect": "가격",
        "SentimentText": "그리고 가격도 저렴해서 좋습니다. ",
        "SentimentWord": "4",
        "SentimentPolarity": "1"
      },
      {
        "Aspect": "음량/음질",
        "SentimentText": "소리도 확실히 차이가 나고 빵빵해서 좋아요",
        "SentimentWord": "6",
        "SentimentPolarity": "1"
      },
      {
        "Aspect": "음량/음질",
        "SentimentText": "그런데 아파트라 음량이 너무 커서 부담스러워요! ",
        "SentimentWord": "6",
        "SentimentPolarity": "-1"
      },
      {
        "Aspect": "사이즈",
        "SentimentText": "그리고 우퍼가 생각보다 커서 부담스러워요 ㅜ",
        "SentimentWord": "6",
        "SentimentPolarity": "-1"
      }
    ]
  },
  {
    "Index": "15444",
    "RawText": "사운드는 매우 좋아서 만족합니다. 근데 연결할 수 있는 게 HDMI 케이블 하나라 제품구성이 좀 아쉽네요..",
    "Source": "쇼핑몰",
    "Domain": "가전",
    "MainCategory": "영상/음향가전",
    "ProductName": "JBL BAR 9.1 정품",
    "ReviewScore": "5",
    "Syllable": "60",
    "Word": "15",
    "RDate": "20211119",
    "GeneralPolarity": "0",
    "Aspects": [
      {
        "Aspect": "음량/음질",
        "SentimentText": "사운드는 매우 좋아서 만족합니다. ",
        "SentimentWord": "4",
        "SentimentPolarity": "1"
      },
      {
        "Aspect": "제품구성",
        "SentimentText": "근데 연결할 수 있는 게 HDMI 케이블 하나라 제품구성이 좀 아쉽네요..",
        "SentimentWord": "11",
        "SentimentPolarity": "-1"
      }
    ]
  },
  {
    "Index": "15445",
    "RawText": "우퍼가 생각보다 너무 커요 ㅠ  우퍼의 울림과 돌비 애트모스 음향이 너무 좋아요",
    "Source": "쇼핑몰",
    "Domain": "가전",
    "MainCategory": "영상/음향가전",
    "ProductName": "JBL BAR 9.1 정품",
    "ReviewScore": "5",
    "Syllable": "44",
    "Word": "12",
    "RDate": "20220505",
    "Aspects": [
      {
        "Aspect": "사이즈",
        "SentimentText": "우퍼가 생각보다 너무 커요 ㅠ ",
        "SentimentWord": "5",
        "SentimentPolarity": "-1"
      },
      {
        "Aspect": "음량/음질",
        "SentimentText": "우퍼의 울림과 돌비 애트모스 음향이 너무 좋아요",
        "SentimentWord": "7",
        "SentimentPolarity": "1"
      }
    ]
  },
  {
    "Index": "15447",
    "RawText": "음질이 이렇게나 선명하다니.. 최고에요! 총알배송에 설치도 친절하게 잘 해주셨어요~ 세일기간에 산거라 가격도 만족스러워요",
    "Source": "쇼핑몰",
    "Domain": "가전",
    "MainCategory": "영상/음향가전",
    "ProductName": "JBL BAR 9.1 정품",
    "ReviewScore": "5",
    "Syllable": "67",
    "Word": "13",
    "RDate": "20220519",
    "GeneralPolarity": "1",
    "Aspects": [
      {
        "Aspect": "음량/음질",
        "SentimentText": "음질이 이렇게나 선명하다니.. 최고에요! ",
        "SentimentWord": "4",
        "SentimentPolarity": "1"
      },
      {
        "Aspect": "가격",
        "SentimentText": "세일기간에 산거라 가격도 만족스러워요",
        "SentimentWord": "4",
        "SentimentPolarity": "1"
      }
    ]
  },
  {
    "Index": "15449",
    "RawText": "출력이 너무 빵빵해서 크게 틀수가 없어요.. 좀 아쉽네요 그래도 스피커는 분리되어 있어서 완전 편하고 좋아요!",
    "Source": "쇼핑몰",
    "Domain": "가전",
    "MainCategory": "영상/음향가전",
    "ProductName": "JBL BAR 9.1 정품",
    "ReviewScore": "5",
    "Syllable": "61",
    "Word": "15",
    "RDate": "20211218",
    "GeneralPolarity": "0",
    "Aspects": [
      {
        "Aspect": "음량/음질",
        "SentimentText": "출력이 너무 빵빵해서 크게 틀수가 없어요.. 좀 아쉽네요 ",
        "SentimentWord": "8",
        "SentimentPolarity": "-1"
      },
      {
        "Aspect": "편의성",
        "SentimentText": "그래도 스피커는 분리되어 있어서 완전 편하고 좋아요!",
        "SentimentWord": "7",
        "SentimentPolarity": "1"
      }
    ]
  },
  {
    "Index": "15450",
    "RawText": "배송 빨리 와서 넘 좋아요~ 사용해보니 사운드도 크고 좋아요! 다만 가격이 너무 비싸다는 점이 아쉬워요.. ㅎ",
    "Source": "쇼핑몰",
    "Domain": "가전",
    "MainCategory": "영상/음향가전",
    "ProductName": "JBL BAR 9.1 정품",
    "ReviewScore": "5",
    "Syllable": "61",
    "Word": "16",
    "RDate": "20220405",
    "GeneralPolarity": "0",
    "Aspects": [
      {
        "Aspect": "음량/음질",
        "SentimentText": "사용해보니 사운드도 크고 좋아요! ",
        "SentimentWord": "4",
        "SentimentPolarity": "1"
      },
      {
        "Aspect": "가격",
        "SentimentText": "다만 가격이 너무 비싸다는 점이 아쉬워요.. ㅎ",
        "SentimentWord": "7",
        "SentimentPolarity": "-1"
      }
    ]
  },
  {
    "Index": "15451",
    "RawText": "배송도 딱 예정대로 해주시고 직접 설치까지 해주셔서 만족했어요. 사이즈가 넘 작긴 한데 그래도 사운드가 짱짱하니 좋아요!",
    "Source": "쇼핑몰",
    "Domain": "가전",
    "MainCategory": "영상/음향가전",
    "ProductName": "JBL BAR 9.1 정품",
    "ReviewScore": "5",
    "Syllable": "67",
    "Word": "16",
    "RDate": "20220825",
    "GeneralPolarity": "0",
    "Aspects": [
      {
        "Aspect": "사이즈",
        "SentimentText": "사이즈가 넘 작긴 한데",
        "SentimentWord": "4",
        "SentimentPolarity": "-1"
      },
      {
        "Aspect": "음량/음질",
        "SentimentText": " 사운드가 짱짱하니 좋아요!",
        "SentimentWord": "3",
        "SentimentPolarity": "1"
      }
    ]
  },
  {
    "Index": "15452",
    "RawText": "사운드바가 분리형이라 넘 편하고 좋아요! 특히나 양쪽에 놓고 영화 보면 정말 사운드가 기가 막힙니다.. 굿굿 가격도 이정도면 적당한 거 같아요",
    "Source": "쇼핑몰",
    "Domain": "가전",
    "MainCategory": "영상/음향가전",
    "ProductName": "JBL BAR 9.1 정품",
    "ReviewScore": "5",
    "Syllable": "79",
    "Word": "20",
    "RDate": "20220717",
    "GeneralPolarity": "1",
    "Aspects": [
      {
        "Aspect": "편의성",
        "SentimentText": "사운드바가 분리형이라 넘 편하고 좋아요!",
        "SentimentWord": "5",
        "SentimentPolarity": "1"
      },
      {
        "Aspect": "음량/음질",
        "SentimentText": "특히나 양쪽에 놓고 영화 보면 정말 사운드가 기가 막힙니다.. 굿굿 ",
        "SentimentWord": "10",
        "SentimentPolarity": "1"
      },
      {
        "Aspect": "가격",
        "SentimentText": "가격도 이정도면 적당한 거 같아요",
        "SentimentWord": "5",
        "SentimentPolarity": "0"
      }
    ]
  },
  {
    "Index": "15453",
    "RawText": "여자혼자서도 설치하기 너무 쉬워서 대만족이에요  사운드도 선명하게 들려 좋아요~",
    "Source": "쇼핑몰",
    "Domain": "가전",
    "MainCategory": "영상/음향가전",
    "ProductName": "JBL BAR 9.1 정품",
    "ReviewScore": "5",
    "Syllable": "44",
    "Word": "9",
    "RDate": "20210810",
    "GeneralPolarity": "1",
    "Aspects": [
      {
        "Aspect": "조작성",
        "SentimentText": " 여자혼자서도 설치하기 너무 쉬워서 대만족이에요 ",
        "SentimentWord": "5",
        "SentimentPolarity": "1"
      },
      {
        "Aspect": "음량/음질",
        "SentimentText": " 사운드도 선명하게 들려 좋아요~",
        "SentimentWord": "4",
        "SentimentPolarity": "1"
      }
    ]
  },
  {
    "Index": "15454",
    "RawText": "사운드 엄청 웅장하고 선명해서 좋아요! 스피커도 무선으로 되니까 매우 편하네요 에트모스로 음악 감상하면 정말 음질이 좋아요!!",
    "Source": "쇼핑몰",
    "Domain": "가전",
    "MainCategory": "영상/음향가전",
    "ProductName": "JBL BAR 9.1 정품",
    "ReviewScore": "5",
    "Syllable": "70",
    "Word": "16",
    "RDate": "20220618",
    "GeneralPolarity": "1",
    "Aspects": [
      {
        "Aspect": "음량/음질",
        "SentimentText": "사운드 엄청 웅장하고 선명해서 좋아요! ",
        "SentimentWord": "5",
        "SentimentPolarity": "1"
      },
      {
        "Aspect": "편의성",
        "SentimentText": "스피커도 무선으로 되니까 매우 편하네요",
        "SentimentWord": "5",
        "SentimentPolarity": "1"
      },
      {
        "Aspect": "음량/음질",
        "SentimentText": "에트모스로 음악 감상하면 정말 음질이 좋아요!!",
        "SentimentWord": "6",
        "SentimentPolarity": "1"
      }
    ]
  },
  {
    "Index": "15455",
    "RawText": "에트모스로 들으면 소리가 살짝 튈 때가 있어서 넘 아쉽습니다... 가격도 비싸게 주고 샀는데 속상하네요..",
    "Source": "쇼핑몰",
    "Domain": "가전",
    "MainCategory": "영상/음향가전",
    "ProductName": "JBL BAR 9.1 정품",
    "ReviewScore": "4",
    "Syllable": "59",
    "Word": "14",
    "RDate": "20210816",
    "GeneralPolarity": "-1",
    "Aspects": [
      {
        "Aspect": "음량/음질",
        "SentimentText": "에트모스로 들으면 소리가 살짝 튈 때가 있어서 넘 아쉽습니다...",
        "SentimentWord": "9",
        "SentimentPolarity": "-1"
      },
      {
        "Aspect": "가격",
        "SentimentText": "가격도 비싸게 주고 샀는데 속상하네요..",
        "SentimentWord": "5",
        "SentimentPolarity": "-1"
      }
    ]
  },
  {
    "Index": "15456",
    "RawText": "행사 기간에 산거라 싸게 득템했어요 ㅎㅎ 기사님이 설치도 깔끔하게 해주셔서 좋았습니다 근데 사운드바 성능이 좋은지는 아직 잘 모르겠어요..~",
    "Source": "쇼핑몰",
    "Domain": "가전",
    "MainCategory": "영상/음향가전",
    "ProductName": "JBL BAR 9.1 정품",
    "ReviewScore": "5",
    "Syllable": "78",
    "Word": "18",
    "RDate": "20210811",
    "GeneralPolarity": "0",
    "Aspects": [
      {
        "Aspect": "가격",
        "SentimentText": "행사 기간에 산거라 싸게 득템했어요 ㅎㅎ",
        "SentimentWord": "6",
        "SentimentPolarity": "1"
      },
      {
        "Aspect": "기능",
        "SentimentText": "근데 사운드바 성능이 좋은지는 아직 잘 모르겠어요..~",
        "SentimentWord": "7",
        "SentimentPolarity": "0"
      }
    ]
  },
  {
    "Index": "15457",
    "RawText": "스피커가 분리형이라 무척 편하고 또 확실히 사운드도 더 입체감있게 들리는 거 같아서 만족해요! 다만 사이즈는 제가 생각한 것보다 좀 커서 아쉽네요",
    "Source": "쇼핑몰",
    "Domain": "가전",
    "MainCategory": "영상/음향가전",
    "ProductName": "JBL BAR 9.1 정품",
    "ReviewScore": "5",
    "Syllable": "81",
    "Word": "21",
    "RDate": "20210228",
    "GeneralPolarity": "0",
    "Aspects": [
      {
        "Aspect": "편의성",
        "SentimentText": "스피커가 분리형이라 무척 편하고",
        "SentimentWord": "4",
        "SentimentPolarity": "1"
      },
      {
        "Aspect": "음량/음질",
        "SentimentText": "또 확실히 사운드도 더 입체감있게 들리는 거 같아서 만족해요!",
        "SentimentWord": "9",
        "SentimentPolarity": "1"
      },
      {
        "Aspect": "사이즈",
        "SentimentText": "다만 사이즈는 제가 생각한 것보다 좀 커서 아쉽네요",
        "SentimentWord": "8",
        "SentimentPolarity": "-1"
      }
    ]
  },
  {
    "Index": "15459",
    "RawText": "디자인은 단순한 검정 바로 세련되지는 않았네요 하지만 TV 음량보다 확실히 입체감있고 차이가 나서 듣는데 좋아요 굳",
    "Source": "쇼핑몰",
    "Domain": "가전",
    "MainCategory": "영상/음향가전",
    "ProductName": "LG전자 SL4F",
    "ReviewScore": "5",
    "Syllable": "64",
    "Word": "16",
    "RDate": "20200515",
    "GeneralPolarity": "1",
    "Aspects": [
      {
        "Aspect": "디자인",
        "SentimentText": "디자인은 단순한 검정 바로 세련되지는 않았네요",
        "SentimentWord": "6",
        "SentimentPolarity": "-1"
      },
      {
        "Aspect": "음량/음질",
        "SentimentText": "하지만 TV 음량보다 확실히 입체감있고 차이가 나서 듣는데 좋아요 굳",
        "SentimentWord": "10",
        "SentimentPolarity": "1"
      }
    ]
  },
  {
    "Index": "15460",
    "RawText": "음질이 좋고 서라운드 효과로 입체감이 좋아 잘 선택했다고 생각합니다^^ 데스크 탑에 두고 들을 수 있는 슬림한 사이즈라 더욱 좋아요~",
    "Source": "쇼핑몰",
    "Domain": "가전",
    "MainCategory": "영상/음향가전",
    "ProductName": "LG전자 SL4F",
    "ReviewScore": "5",
    "Syllable": "74",
    "Word": "19",
    "RDate": "20210217",
    "GeneralPolarity": "1",
    "Aspects": [
      {
        "Aspect": "음량/음질",
        "SentimentText": "음질이 좋고 서라운드 효과로 입체감이 좋아 잘 선택했다고 생각합니다^^",
        "SentimentWord": "9",
        "SentimentPolarity": "1"
      },
      {
        "Aspect": "사이즈",
        "SentimentText": "데스크 탑에 두고 들을 수 있는 슬림한 사이즈라 더욱 좋아요~",
        "SentimentWord": "10",
        "SentimentPolarity": "1"
      }
    ]
  },
  {
    "Index": "15465",
    "RawText": "가격대비 이제품에 착한가격입니다 좋아요 OOO브랜드라서 역시 훌륭해요 믿을만 합니다 최고~",
    "Source": "쇼핑몰",
    "Domain": "가전",
    "MainCategory": "영상/음향가전",
    "ProductName": "LG전자 SL4F",
    "ReviewScore": "5",
    "Syllable": "50",
    "Word": "10",
    "RDate": "20211203",
    "GeneralPolarity": "1",
    "Aspects": [
      {
        "Aspect": "가격",
        "SentimentText": "가격대비 이제품에 착한가격입니다 좋아요",
        "SentimentWord": "4",
        "SentimentPolarity": "1"
      },
      {
        "Aspect": "제조일/제조사",
        "SentimentText": "OOO브랜드라서 역시 훌륭해요 믿을만 합니다 최고~",
        "SentimentWord": "6",
        "SentimentPolarity": "1"
      }
    ]
  },
  {
    "Index": "15466",
    "RawText": "저렴한 가격만큼 성능 하네요.. 기대 노노~ 그렇지만 일반 tv 보다는 고퀄리티의 음향이에요 듣기에 좋습니다",
    "Source": "쇼핑몰",
    "Domain": "가전",
    "MainCategory": "영상/음향가전",
    "ProductName": "LG전자 SL4F",
    "ReviewScore": "5",
    "Syllable": "60",
    "Word": "14",
    "RDate": "20220104",
    "GeneralPolarity": "0",
    "Aspects": [
      {
        "Aspect": "가격",
        "SentimentText": "저렴한 가격만큼 성능 하네요.. 기대 노노~",
        "SentimentWord": "6",
        "SentimentPolarity": "0"
      },
      {
        "Aspect": "음량/음질",
        "SentimentText": "그렇지만 일반 tv 보다는 고퀄리티의 음향이에요 듣기에 좋습니다",
        "SentimentWord": "8",
        "SentimentPolarity": "1"
      }
    ]
  }
]