[
  {
    "Index": "14464",
    "RawText": "더큰걸로 하지 못한걸 후회할 정도로 품질이 최고입니다!! 디자인이 심플하고 이뻐서  어디든 잘어울리네요^^",
    "Source": "쇼핑몰",
    "Domain": "가전",
    "MainCategory": "영상/음향가전",
    "ProductName": "올레드 LG전자 OLED55A1NNA 스탠드",
    "ReviewScore": "5",
    "Syllable": "59",
    "Word": "12",
    "RDate": "20211203",
    "Aspects": [
      {
        "Aspect": "품질",
        "SentimentText": "더큰걸로 하지 못한걸 후회할 정도로 품질이 최고입니다!!",
        "SentimentWord": "7",
        "SentimentPolarity": "1"
      },
      {
        "Aspect": "디자인",
        "SentimentText": " 디자인이 심플하고 이뻐서  어디든 잘어울리네요^^",
        "SentimentWord": "5",
        "SentimentPolarity": "1"
      }
    ]
  },
  {
    "Index": "14466",
    "RawText": "저렴하게 구입한건 만족해요 영화볼때 소리가 자꾸 뭉게져요......ㅠㅠ",
    "Source": "쇼핑몰",
    "Domain": "가전",
    "MainCategory": "영상/음향가전",
    "ProductName": "올레드 LG전자 OLED55A1NNA 스탠드",
    "ReviewScore": "5",
    "Syllable": "39",
    "Word": "7",
    "RDate": "20211202",
    "Aspects": [
      {
        "Aspect": "가격",
        "SentimentText": "저렴하게 구입한건 만족해요",
        "SentimentWord": "3",
        "SentimentPolarity": "1"
      },
      {
        "Aspect": "음량/음질",
        "SentimentText": "영화볼때 소리가 자꾸 뭉게져요......ㅠㅠ",
        "SentimentWord": "4",
        "SentimentPolarity": "-1"
      }
    ]
  },
  {
    "Index": "14467",
    "RawText": "쿠폰할인, 카드할인으로 가장 저렴하게 구입해서 기분좋네요^^ 역시 OOO 이름값하네요 항상 이곳에서 사겠습니다~~",
    "Source": "쇼핑몰",
    "Domain": "가전",
    "MainCategory": "영상/음향가전",
    "ProductName": "올레드 LG전자 OLED55A1NNA 스탠드",
    "ReviewScore": "5",
    "Syllable": "63",
    "Word": "12",
    "RDate": "20220101",
    "GeneralPolarity": "1",
    "Aspects": [
      {
        "Aspect": "가격",
        "SentimentText": "쿠폰할인, 카드할인으로 가장 저렴하게 구입해서 기분좋네요^^",
        "SentimentWord": "6",
        "SentimentPolarity": "1"
      },
      {
        "Aspect": "제조일/제조사",
        "SentimentText": "역시 OOO 이름값하네요 항상 이곳에서 사겠습니다~~",
        "SentimentWord": "6",
        "SentimentPolarity": "1"
      }
    ]
  },
  {
    "Index": "14468",
    "RawText": "화질이 선명한점은 좋아요 그런데 가끔 글씨가 살짝 깨짐증상이 있는건 아쉽네요 좀더 큰걸 살껄 그랬어요 생각보다 화면크기가 작아서 좀 아쉬워요;;",
    "Source": "쇼핑몰",
    "Domain": "가전",
    "MainCategory": "영상/음향가전",
    "ProductName": "올레드 LG전자 OLED55A1NNA 스탠드",
    "ReviewScore": "5",
    "Syllable": "80",
    "Word": "19",
    "RDate": "20220827",
    "GeneralPolarity": "0",
    "Aspects": [
      {
        "Aspect": "화질",
        "SentimentText": "화질이 선명한점은 좋아요 ",
        "SentimentWord": "3",
        "SentimentPolarity": "1"
      },
      {
        "Aspect": "화질",
        "SentimentText": "그런데 가끔 글씨가 살짝 깨짐증상이 있는건 아쉽네요",
        "SentimentWord": "7",
        "SentimentPolarity": "-1"
      },
      {
        "Aspect": "사이즈",
        "SentimentText": "좀더 큰걸 살껄 그랬어요 생각보다 화면크기가 작아서 좀 아쉬워요;;",
        "SentimentWord": "9",
        "SentimentPolarity": "-1"
      }
    ]
  },
  {
    "Index": "14469",
    "RawText": "진짜진짜 얇습니다~~~~ 페이퍼슬림이라더니! 대단하네요!!  그리고 무결점으로 화면이 출력되니 화질의 선명도도 깨끗하고 우수합니다",
    "Source": "쇼핑몰",
    "Domain": "가전",
    "MainCategory": "영상/음향가전",
    "ProductName": "올레드 LG전자 OLED55A1NNA 스탠드",
    "ReviewScore": "5",
    "Syllable": "72",
    "Word": "12",
    "RDate": "20220623",
    "Aspects": [
      {
        "Aspect": "사이즈",
        "SentimentText": "진짜진짜 얇습니다~~~~ 페이퍼슬림이라더니! 대단하네요!! ",
        "SentimentWord": "4",
        "SentimentPolarity": "1"
      },
      {
        "Aspect": "화질",
        "SentimentText": "그리고 무결점으로 화면이 출력되니 화질의 선명도도 깨끗하고 우수합니다 ",
        "SentimentWord": "8",
        "SentimentPolarity": "1"
      }
    ]
  },
  {
    "Index": "14472",
    "RawText": "주문한지 이틀만에 설치 완벽합니다 ㅎㅎ 화질은 말할 필요도 없이 선명하고 좋아요 카드할인도 받고 저렴하게 구입한것같아서 여러모로 만족하는 제품이예요~",
    "Source": "쇼핑몰",
    "Domain": "가전",
    "MainCategory": "영상/음향가전",
    "ProductName": "올레드 LG전자 OLED55A1NNA 스탠드",
    "ReviewScore": "5",
    "Syllable": "83",
    "Word": "18",
    "RDate": "20220813",
    "Aspects": [
      {
        "Aspect": "화질",
        "SentimentText": "화질은 말할 필요도 없이 선명하고 좋아요",
        "SentimentWord": "6",
        "SentimentPolarity": "1"
      },
      {
        "Aspect": "가격",
        "SentimentText": "카드할인도 받고 저렴하게 구입한것같아서 여러모로 만족하는 제품이예요~",
        "SentimentWord": "7",
        "SentimentPolarity": "1"
      }
    ]
  },
  {
    "Index": "14473",
    "RawText": "생각보다 사이즈는 작은듯해서 아쉬운데 어떤면에서는 사이즈가 적당해 보이고 그렇습니다 ㅎㅎ 무게는 생각보다 무거워서 별로예요~",
    "Source": "쇼핑몰",
    "Domain": "가전",
    "MainCategory": "영상/음향가전",
    "ProductName": "올레드 LG전자 OLED55A1NNA 스탠드",
    "ReviewScore": "4",
    "Syllable": "69",
    "Word": "14",
    "RDate": "20220215",
    "GeneralPolarity": "0",
    "Aspects": [
      {
        "Aspect": "사이즈",
        "SentimentText": "생각보다 사이즈는 작은듯해서 아쉬운데 어떤면에서는 사이즈가 적당해 보이고 그렇습니다 ㅎㅎ",
        "SentimentWord": "10",
        "SentimentPolarity": "0"
      },
      {
        "Aspect": "무게",
        "SentimentText": "무게는 생각보다 무거워서 별로예요~",
        "SentimentWord": "4",
        "SentimentPolarity": "-1"
      }
    ]
  },
  {
    "Index": "14474",
    "RawText": "화면의 선명감은 좋고요 그런데 열이 나서 화면앞은 열기가 후끈하니 아쉽네요 32인치보다가 55인치 보니까 엄청 크게보이니까 좋아요^^",
    "Source": "쇼핑몰",
    "Domain": "가전",
    "MainCategory": "영상/음향가전",
    "ProductName": "올레드 LG전자 OLED55A1NNA 스탠드",
    "ReviewScore": "5",
    "Syllable": "74",
    "Word": "16",
    "RDate": "20220531",
    "GeneralPolarity": "0",
    "Aspects": [
      {
        "Aspect": "화질",
        "SentimentText": "화면의 선명감은 좋고요",
        "SentimentWord": "3",
        "SentimentPolarity": "1"
      },
      {
        "Aspect": "내구성",
        "SentimentText": "그런데 열이 나서 화면앞은 열기가 후끈하니 아쉽네요",
        "SentimentWord": "7",
        "SentimentPolarity": "-1"
      },
      {
        "Aspect": "사이즈",
        "SentimentText": "32인치보다가 55인치 보니까 엄청 크게보이니까 좋아요^^",
        "SentimentWord": "6",
        "SentimentPolarity": "1"
      }
    ]
  },
  {
    "Index": "14476",
    "RawText": "몹시 기능적으로 마음에들어요 ㅎㅎ 가격이 많이 내려가서 구매했는데 가격도 만족합니다. 품질도 전반적으로 만족하며 사용하고 있어요~",
    "Source": "쇼핑몰",
    "Domain": "가전",
    "MainCategory": "영상/음향가전",
    "ProductName": "올레드 LG전자 OLED55A1NNA 스탠드",
    "ReviewScore": "5",
    "Syllable": "72",
    "Word": "15",
    "RDate": "20220807",
    "GeneralPolarity": "1",
    "Aspects": [
      {
        "Aspect": "기능",
        "SentimentText": "몹시 기능적으로 마음에들어요 ㅎㅎ",
        "SentimentWord": "4",
        "SentimentPolarity": "1"
      },
      {
        "Aspect": "가격",
        "SentimentText": "가격이 많이 내려가서 구매했는데 가격도 만족합니다.",
        "SentimentWord": "6",
        "SentimentPolarity": "1"
      },
      {
        "Aspect": "품질",
        "SentimentText": "품질도 전반적으로 만족하며 사용하고 있어요~",
        "SentimentWord": "5",
        "SentimentPolarity": "1"
      }
    ]
  },
  {
    "Index": "14477",
    "RawText": "두말하면 입아파요 ㅎㅎ 옵션도 적당히 필요한 부분만 있고 기능들도 이정도면 만족하구요 가격도 저렴하니까 당연히 선택했어요^^ 품질이 정말 좋아서 마음에 들어요 특히 디티비 두께가 이리도 슬림하니 장난아니게 좋아요 ㅎㅎ",
    "Source": "쇼핑몰",
    "Domain": "가전",
    "MainCategory": "영상/음향가전",
    "ProductName": "올레드 LG전자 OLED55A1NNA 스탠드",
    "ReviewScore": "5",
    "Syllable": "121",
    "Word": "28",
    "RDate": "20210810",
    "Aspects": [
      {
        "Aspect": "기능",
        "SentimentText": "두말하면 입아파요 ㅎㅎ 옵션도 적당히 필요한 부분만 있고 기능들도 이정도면 만족하구요 ",
        "SentimentWord": "11",
        "SentimentPolarity": "1"
      },
      {
        "Aspect": "가격",
        "SentimentText": "가격도 저렴하니까 당연히 선택했어요^^",
        "SentimentWord": "4",
        "SentimentPolarity": "1"
      },
      {
        "Aspect": "품질",
        "SentimentText": "품질이 정말 좋아서 마음에 들어요",
        "SentimentWord": "5",
        "SentimentPolarity": "1"
      },
      {
        "Aspect": "사이즈",
        "SentimentText": "특히 디티비 두께가 이리도 슬림하니 장난아니게 좋아요 ㅎㅎ",
        "SentimentWord": "8",
        "SentimentPolarity": "1"
      }
    ]
  },
  {
    "Index": "14478",
    "RawText": "배송 7일 소요면 빠른편이니까 만족해요^^ TV역시 선명하고 좋아요 굿~저렴하게 구입하니까 기쁨두배!!",
    "Source": "쇼핑몰",
    "Domain": "가전",
    "MainCategory": "영상/음향가전",
    "ProductName": "올레드 LG전자 OLED55A1NNA 스탠드",
    "ReviewScore": "5",
    "Syllable": "57",
    "Word": "11",
    "RDate": "20220818",
    "Aspects": [
      {
        "Aspect": "화질",
        "SentimentText": " TV역시 선명하고 좋아요 굿~",
        "SentimentWord": "4",
        "SentimentPolarity": "1"
      },
      {
        "Aspect": "가격",
        "SentimentText": "저렴하게 구입하니까 기쁨두배!!",
        "SentimentWord": "3",
        "SentimentPolarity": "1"
      }
    ]
  },
  {
    "Index": "14479",
    "RawText": "가장 저렴하게 구입했다 좋아했는데 며칠후에 더 싸졌네요.... 아쉽.... 그치만 제품의 품질은 좋아서 만족합니다",
    "Source": "쇼핑몰",
    "Domain": "가전",
    "MainCategory": "영상/음향가전",
    "ProductName": "올레드 LG전자 OLED55A1NNA 스탠드",
    "ReviewScore": "4",
    "Syllable": "63",
    "Word": "13",
    "RDate": "20211008",
    "Aspects": [
      {
        "Aspect": "가격",
        "SentimentText": "가장 저렴하게 구입했다 좋아했는데 며칠후에 더 싸졌네요.... 아쉽....",
        "SentimentWord": "8",
        "SentimentPolarity": "-1"
      },
      {
        "Aspect": "품질",
        "SentimentText": "제품의 품질은 좋아서 만족합니다",
        "SentimentWord": "4",
        "SentimentPolarity": "1"
      }
    ]
  },
  {
    "Index": "14480",
    "RawText": "ott 서비스도 바로 연결 가능해서 정말 신세계네요~  처음엔 크다 생각했는데 갈 수록 큰걸 선택한걸 잘했다는 생각이 듭니다 ㅎㅎ",
    "Source": "쇼핑몰",
    "Domain": "가전",
    "MainCategory": "영상/음향가전",
    "ProductName": "올레드 LG전자 OLED55A1NNA 스탠드",
    "ReviewScore": "5",
    "Syllable": "72",
    "Word": "18",
    "RDate": "20220326",
    "Aspects": [
      {
        "Aspect": "조작성",
        "SentimentText": "ott 서비스도 바로 연결 가능해서 정말 신세계네요~ ",
        "SentimentWord": "7",
        "SentimentPolarity": "1"
      },
      {
        "Aspect": "사이즈",
        "SentimentText": "처음엔 크다 생각했는데 갈 수록 큰걸 선택한걸 잘했다는 생각이 듭니다 ㅎㅎ",
        "SentimentWord": "11",
        "SentimentPolarity": "1"
      }
    ]
  },
  {
    "Index": "14481",
    "RawText": "화면이 생생하게 느껴지고 좋아요~~  패널두께.. 진짜 얇아요!! 대박!!",
    "Source": "쇼핑몰",
    "Domain": "가전",
    "MainCategory": "영상/음향가전",
    "ProductName": "올레드 LG전자 OLED55A1NNA 스탠드",
    "ReviewScore": "4",
    "Syllable": "41",
    "Word": "8",
    "RDate": "20211210",
    "Aspects": [
      {
        "Aspect": "화질",
        "SentimentText": "화면이 생생하게 느껴지고 좋아요~~",
        "SentimentWord": "4",
        "SentimentPolarity": "1"
      },
      {
        "Aspect": "사이즈",
        "SentimentText": " 패널두께.. 진짜 얇아요!! 대박!!",
        "SentimentWord": "4",
        "SentimentPolarity": "1"
      }
    ]
  },
  {
    "Index": "14482",
    "RawText": "tv중에 이만큼 가성비 좋은 것 못 봤어요!! 화질의 선명감은 굿~",
    "Source": "쇼핑몰",
    "Domain": "가전",
    "MainCategory": "영상/음향가전",
    "ProductName": "올레드 LG전자 OLED55A1NNA 스탠드",
    "ReviewScore": "5",
    "Syllable": "37",
    "Word": "10",
    "RDate": "20211213",
    "Aspects": [
      {
        "Aspect": "가격",
        "SentimentText": " tv중에 이만큼 가성비 좋은 것 못 봤어요!! ",
        "SentimentWord": "7",
        "SentimentPolarity": "1"
      },
      {
        "Aspect": "화질",
        "SentimentText": "화질의 선명감은 굿~ ",
        "SentimentWord": "3",
        "SentimentPolarity": "1"
      }
    ]
  },
  {
    "Index": "14483",
    "RawText": "배송까지 17일걸리고 너무 치체되어 불편했습니다. 그런데 기사님은 설치도 친절하고 잘해주셔서 좋았구요 화질은 선명하니까 당연히 굿이예요~ 화면 두께가 진짜 얇아오 굿굿!!",
    "Source": "쇼핑몰",
    "Domain": "가전",
    "MainCategory": "영상/음향가전",
    "ProductName": "올레드 LG전자 OLED55A1NNA 스탠드",
    "ReviewScore": "5",
    "Syllable": "95",
    "Word": "20",
    "RDate": "20210826",
    "Aspects": [
      {
        "Aspect": "화질",
        "SentimentText": "화질은 선명하니까 당연히 굿이예요~",
        "SentimentWord": "4",
        "SentimentPolarity": "1"
      },
      {
        "Aspect": "사이즈",
        "SentimentText": "화면 두께가 진짜 얇아오 굿굿!!",
        "SentimentWord": "5",
        "SentimentPolarity": "1"
      }
    ]
  },
  {
    "Index": "14484",
    "RawText": "배젤 없고 심플한 디자인! 예뻐요~ 화질도 해상도가 좋아서 만족합니다 오래썼으면 ㅎㅎ",
    "Source": "쇼핑몰",
    "Domain": "가전",
    "MainCategory": "영상/음향가전",
    "ProductName": "올레드 LG전자 OLED55A1NNA 스탠드",
    "ReviewScore": "5",
    "Syllable": "47",
    "Word": "11",
    "RDate": "20220715",
    "Aspects": [
      {
        "Aspect": "디자인",
        "SentimentText": "배젤 없고 심플한 디자인! 예뻐요~ ",
        "SentimentWord": "5",
        "SentimentPolarity": "1"
      },
      {
        "Aspect": "화질",
        "SentimentText": "화질도 해상도가 좋아서 만족합니다 오래썼으면 ㅎㅎ",
        "SentimentWord": "6",
        "SentimentPolarity": "1"
      }
    ]
  },
  {
    "Index": "14485",
    "RawText": "많이 밀려서 그런지 배송이 느려서 실망! 그래도 제품은 생각이상으로 품질이 좋아요 고급져보이는퀄리티와마감처리도 잘되어있어서 매우 굿~ 무엇보다 화질의 선명감이 압도적으로 만족합니다 ㅎㅎ",
    "Source": "쇼핑몰",
    "Domain": "가전",
    "MainCategory": "영상/음향가전",
    "ProductName": "올레드 LG전자 OLED55A1NNA 스탠드",
    "ReviewScore": "5",
    "Syllable": "103",
    "Word": "21",
    "RDate": "20211222",
    "Aspects": [
      {
        "Aspect": "품질",
        "SentimentText": "그래도 제품은 생각이상으로 품질이 좋아요",
        "SentimentWord": "5",
        "SentimentPolarity": "1"
      },
      {
        "Aspect": "품질",
        "SentimentText": "고급져보이는퀄리티와마감처리도 잘되어있어서 매우 굿~",
        "SentimentWord": "4",
        "SentimentPolarity": "1"
      },
      {
        "Aspect": "화질",
        "SentimentText": "무엇보다 화질의 선명감이 압도적으로 만족합니다 ㅎㅎ",
        "SentimentWord": "6",
        "SentimentPolarity": "1"
      }
    ]
  },
  {
    "Index": "14486",
    "RawText": "배송은 오래걸려서 아쉬워요  기다림의 보람이 있듯이 품질이 만족스럽네요 ㅎㅎ 화질이 선명해서 너무 좋아요 그리고 슬림하니까 자리 차지도 없이 너무 좋습니다!! 배송기사님 엄청친절하셔서 추천드리고 싶어요^^",
    "Source": "쇼핑몰",
    "Domain": "가전",
    "MainCategory": "영상/음향가전",
    "ProductName": "올레드 LG전자 OLED55A1NNA 스탠드",
    "ReviewScore": "5",
    "Syllable": "114",
    "Word": "24",
    "RDate": "20210819",
    "Aspects": [
      {
        "Aspect": "품질",
        "SentimentText": "기다림의 보람이 있듯이 품질이 만족스럽네요 ㅎㅎ",
        "SentimentWord": "6",
        "SentimentPolarity": "1"
      },
      {
        "Aspect": "화질",
        "SentimentText": "화질이 선명해서 너무 좋아요",
        "SentimentWord": "4",
        "SentimentPolarity": "1"
      },
      {
        "Aspect": "디자인",
        "SentimentText": "그리고 슬림하니까 자리 차지도 없이 너무 좋습니다!!",
        "SentimentWord": "7",
        "SentimentPolarity": "1"
      }
    ]
  },
  {
    "Index": "14487",
    "RawText": "배송은 정말빨라요 굿~ 티비 품질이 좋아서 만족합니다 하~ 그런데 며칠뒤에 10만원이나 가격인하되다니 아쉽네요ㅠㅠ",
    "Source": "쇼핑몰",
    "Domain": "가전",
    "MainCategory": "영상/음향가전",
    "ProductName": "올레드 LG전자 OLED55A1NNA 스탠드",
    "ReviewScore": "5",
    "Syllable": "63",
    "Word": "13",
    "RDate": "20220820",
    "Aspects": [
      {
        "Aspect": "품질",
        "SentimentText": "티비 품질이 좋아서 만족합니다",
        "SentimentWord": "4",
        "SentimentPolarity": "1"
      },
      {
        "Aspect": "가격",
        "SentimentText": "하~ 그런데 며칠뒤에 10만원이나 가격인하되다니 아쉽네요ㅠㅠ",
        "SentimentWord": "6",
        "SentimentPolarity": "-1"
      }
    ]
  },
  {
    "Index": "14488",
    "RawText": "다른 곳보다 상대적으로 저렴하게 구매했어요~~  그런데 이런!!! 티비고장인가 티비속 화면 사람들이 얼룩하게 보여요ㅜ",
    "Source": "쇼핑몰",
    "Domain": "가전",
    "MainCategory": "영상/음향가전",
    "ProductName": "올레드 LG전자 OLED55A1NNA 스탠드",
    "ReviewScore": "5",
    "Syllable": "65",
    "Word": "13",
    "RDate": "20220710",
    "Aspects": [
      {
        "Aspect": "가격",
        "SentimentText": "다른 곳보다 상대적으로 저렴하게 구매했어요~~ ",
        "SentimentWord": "5",
        "SentimentPolarity": "1"
      },
      {
        "Aspect": "화질",
        "SentimentText": "그런데 이런!!! 티비고장인가 티비속 화면 사람들이 얼룩하게 보여요ㅜ ",
        "SentimentWord": "8",
        "SentimentPolarity": "-1"
      }
    ]
  },
  {
    "Index": "14489",
    "RawText": "가격대비 품질이 기대이하에요 ㅠㅠ 하지만 다른곳보다 화질은 너무 좋네요~~",
    "Source": "쇼핑몰",
    "Domain": "가전",
    "MainCategory": "영상/음향가전",
    "ProductName": "올레드 LG전자 OLED55A1NNA 스탠드",
    "ReviewScore": "5",
    "Syllable": "41",
    "Word": "9",
    "RDate": "20220122",
    "Aspects": [
      {
        "Aspect": "품질",
        "SentimentText": "가격대비 품질이 기대이하에요 ㅠㅠ",
        "SentimentWord": "4",
        "SentimentPolarity": "-1"
      },
      {
        "Aspect": "화질",
        "SentimentText": "다른곳보다 화질은 너무 좋네요~~",
        "SentimentWord": "4",
        "SentimentPolarity": "1"
      }
    ]
  },
  {
    "Index": "14490",
    "RawText": "배송이 한달걸렸다는 너무 느려 실망입니다.ㅜㅜ 그런데 저렴하게 구입해서 만족해요 화질도 선명하고 예술이네요 ㅎㅎ",
    "Source": "쇼핑몰",
    "Domain": "가전",
    "MainCategory": "영상/음향가전",
    "ProductName": "올레드 LG전자 OLED55A1NNA 스탠드",
    "ReviewScore": "5",
    "Syllable": "62",
    "Word": "13",
    "RDate": "20211016",
    "Aspects": [
      {
        "Aspect": "가격",
        "SentimentText": "그런데 저렴하게 구입해서 만족해요",
        "SentimentWord": "4",
        "SentimentPolarity": "1"
      },
      {
        "Aspect": "화질",
        "SentimentText": "화질도 선명하고 예술이네요 ㅎㅎ",
        "SentimentWord": "4",
        "SentimentPolarity": "1"
      }
    ]
  },
  {
    "Index": "14491",
    "RawText": "제가 막귀라서 사운드도 좋게 들리네요! 실수로 스탠드형이 아닌 벽걸이로 왔는데 이것이 더욱 깔끔해서 매우 만족해요~",
    "Source": "쇼핑몰",
    "Domain": "가전",
    "MainCategory": "영상/음향가전",
    "ProductName": "올레드 LG전자 OLED55A1NNA 스탠드",
    "ReviewScore": "5",
    "Syllable": "64",
    "Word": "15",
    "RDate": "20210720",
    "Aspects": [
      {
        "Aspect": "음량/음질",
        "SentimentText": "제가 막귀라서 사운드도 좋게 들리네요!",
        "SentimentWord": "5",
        "SentimentPolarity": "1"
      },
      {
        "Aspect": "디자인",
        "SentimentText": " 실수로 스탠드형이 아닌 벽걸이로 왔는데 이것이 더욱 깔끔해서 매우 만족해요~",
        "SentimentWord": "10",
        "SentimentPolarity": "1"
      }
    ]
  },
  {
    "Index": "14492",
    "RawText": "품질도 너무 만족스러워요^^화질은 선명감이나 밝기 그냥 볼만해요 그럭저럭..",
    "Source": "쇼핑몰",
    "Domain": "가전",
    "MainCategory": "영상/음향가전",
    "ProductName": "올레드 LG전자 OLED55A1NNA 스탠드",
    "ReviewScore": "5",
    "Syllable": "42",
    "Word": "8",
    "RDate": "20211229",
    "Aspects": [
      {
        "Aspect": "품질",
        "SentimentText": "품질도 너무 만족스러워요^^",
        "SentimentWord": "3",
        "SentimentPolarity": "1"
      },
      {
        "Aspect": "화질",
        "SentimentText": "화질은 선명감이나 밝기 그냥 볼만해요 그럭저럭..",
        "SentimentWord": "6",
        "SentimentPolarity": "0"
      }
    ]
  },
  {
    "Index": "14493",
    "RawText": "배송이 생각보다 빨라서 좋았어요 일주일도 안걸렸거든요.. 화질도 색도 뚜렷하고 잘보이니까 만족해요!! 가성비 좋아서 추천합니다^^",
    "Source": "쇼핑몰",
    "Domain": "가전",
    "MainCategory": "영상/음향가전",
    "ProductName": "올레드 LG전자 OLED55A1NNA 스탠드",
    "ReviewScore": "5",
    "Syllable": "72",
    "Word": "14",
    "RDate": "20220825",
    "Aspects": [
      {
        "Aspect": "화질",
        "SentimentText": "화질도 색도 뚜렷하고 잘보이니까 만족해요!!",
        "SentimentWord": "5",
        "SentimentPolarity": "1"
      },
      {
        "Aspect": "가격",
        "SentimentText": "가성비 좋아서 추천합니다^^",
        "SentimentWord": "3",
        "SentimentPolarity": "1"
      }
    ]
  },
  {
    "Index": "14494",
    "RawText": "품질도 말할것도 없이 좋으니까 최고! 화질이 좋아서 고화질 영화 다시 감상하는 재미가 있어요~",
    "Source": "쇼핑몰",
    "Domain": "가전",
    "MainCategory": "영상/음향가전",
    "ProductName": "올레드 LG전자 OLED55A1NNA 스탠드",
    "ReviewScore": "5",
    "Syllable": "52",
    "Word": "13",
    "RDate": "20220811",
    "Aspects": [
      {
        "Aspect": "품질",
        "SentimentText": "품질도 말할것도 없이 좋으니까 최고!",
        "SentimentWord": "5",
        "SentimentPolarity": "1"
      },
      {
        "Aspect": "화질",
        "SentimentText": "화질이 좋아서 고화질 영화 다시 감상하는 재미가 있어요~",
        "SentimentWord": "8",
        "SentimentPolarity": "1"
      }
    ]
  },
  {
    "Index": "14495",
    "RawText": "디자인 깔끔하고 심플~ 그자체네요^^ 화질도 진하게 선명하게 잘보여서 만족하구요^^",
    "Source": "쇼핑몰",
    "Domain": "가전",
    "MainCategory": "영상/음향가전",
    "ProductName": "올레드 LG전자 OLED55A1NNA 스탠드",
    "ReviewScore": "5",
    "Syllable": "46",
    "Word": "9",
    "RDate": "20220808",
    "Aspects": [
      {
        "Aspect": "디자인",
        "SentimentText": "디자인 깔끔하고 심플~ 그자체네요^^",
        "SentimentWord": "4",
        "SentimentPolarity": "1"
      },
      {
        "Aspect": "화질",
        "SentimentText": "화질도 진하게 선명하게 잘보여서 만족하구요^^",
        "SentimentWord": "5",
        "SentimentPolarity": "1"
      }
    ]
  },
  {
    "Index": "14496",
    "RawText": "부모님댁 티비가 고장나서 새걸로구입했는데 화면이 커서 좋다고 하셨어요 ㅎㅎ 그리고 두께도 얇으니까 거실이 더 트여보이는 효과가 있어서 만족해 하시네요^^",
    "Source": "쇼핑몰",
    "Domain": "가전",
    "MainCategory": "영상/음향가전",
    "ProductName": "올레드 LG전자 OLED55A1NNA 스탠드",
    "ReviewScore": "5",
    "Syllable": "85",
    "Word": "19",
    "RDate": "20211102",
    "GeneralPolarity": "1",
    "Aspects": [
      {
        "Aspect": "사이즈",
        "SentimentText": "부모님댁 티비가 고장나서 새걸로구입했는데 화면이 커서 좋다고 하셨어요 ㅎㅎ",
        "SentimentWord": "9",
        "SentimentPolarity": "1"
      },
      {
        "Aspect": "디자인",
        "SentimentText": "그리고 두께도 얇으니까 거실이 더 트여보이는 효과가 있어서 만족해 하시네요^^",
        "SentimentWord": "10",
        "SentimentPolarity": "1"
      }
    ]
  },
  {
    "Index": "14497",
    "RawText": "부모님 안방에서 쓰시라고 구입했는데 화질이 좋아서 너무 좋아하시네요 슬림해서 자리도 많이 차지하지않아 좋아요~",
    "Source": "쇼핑몰",
    "Domain": "가전",
    "MainCategory": "영상/음향가전",
    "ProductName": "올레드 LG전자 OLED55A1NNA 스탠드",
    "ReviewScore": "5",
    "Syllable": "61",
    "Word": "13",
    "RDate": "20220714",
    "Aspects": [
      {
        "Aspect": "화질",
        "SentimentText": "부모님 안방에서 쓰시라고 구입했는데 화질이 좋아서 너무 좋아하시네요",
        "SentimentWord": "8",
        "SentimentPolarity": "1"
      },
      {
        "Aspect": "사이즈",
        "SentimentText": " 슬림해서 자리도 많이 차지하지않아 좋아요~",
        "SentimentWord": "5",
        "SentimentPolarity": "1"
      }
    ]
  },
  {
    "Index": "14498",
    "RawText": "부모님댁에 선물로 구입했는데 화질이 선명해서 너무 좋아요 예전보다 가격도 많이 다운되고 너무 좋았어요~",
    "Source": "쇼핑몰",
    "Domain": "가전",
    "MainCategory": "영상/음향가전",
    "ProductName": "올레드 LG전자 OLED55A1NNA 스탠드",
    "ReviewScore": "5",
    "Syllable": "57",
    "Word": "13",
    "RDate": "20220806",
    "GeneralPolarity": "1",
    "Aspects": [
      {
        "Aspect": "화질",
        "SentimentText": "부모님댁에 선물로 구입했는데 화질이 선명해서 너무 좋아요",
        "SentimentWord": "7",
        "SentimentPolarity": "1"
      },
      {
        "Aspect": "가격",
        "SentimentText": "예전보다 가격도 많이 다운되고 너무 좋았어요~",
        "SentimentWord": "6",
        "SentimentPolarity": "1"
      }
    ]
  },
  {
    "Index": "14499",
    "RawText": "좋은가격에 잘 구매한것 같습니다.~ 화질도 역시 선명하고 좋습니다",
    "Source": "쇼핑몰",
    "Domain": "가전",
    "MainCategory": "영상/음향가전",
    "ProductName": "올레드 LG전자 OLED55A1NNA 스탠드",
    "ReviewScore": "5",
    "Syllable": "36",
    "Word": "8",
    "RDate": "20220215",
    "Aspects": [
      {
        "Aspect": "가격",
        "SentimentText": "좋은가격에 잘 구매한것 같습니다.~",
        "SentimentWord": "4",
        "SentimentPolarity": "1"
      },
      {
        "Aspect": "화질",
        "SentimentText": "화질도 역시 선명하고 좋습니다",
        "SentimentWord": "4",
        "SentimentPolarity": "1"
      }
    ]
  },
  {
    "Index": "14500",
    "RawText": "부모님께 선물~화면이 선명하니 우수해요 그리고 슬림해서 더 좋아하시니 저도 같이 기분좋아용^^",
    "Source": "쇼핑몰",
    "Domain": "가전",
    "MainCategory": "영상/음향가전",
    "ProductName": "올레드 LG전자 OLED55A1NNA 스탠드",
    "ReviewScore": "5",
    "Syllable": "52",
    "Word": "11",
    "RDate": "20211224",
    "GeneralPolarity": "1",
    "Aspects": [
      {
        "Aspect": "화질",
        "SentimentText": "부모님께 선물~화면이 선명하니 우수해요",
        "SentimentWord": "4",
        "SentimentPolarity": "1"
      },
      {
        "Aspect": "디자인",
        "SentimentText": "그리고 슬림해서 더 좋아하시니 저도 같이 기분좋아용^^",
        "SentimentWord": "7",
        "SentimentPolarity": "1"
      }
    ]
  },
  {
    "Index": "14501",
    "RawText": "기능적인 모든면에서 만족해요!!화질 미쳤어요... 너무 좋네요!!",
    "Source": "쇼핑몰",
    "Domain": "가전",
    "MainCategory": "영상/음향가전",
    "ProductName": "올레드 LG전자 OLED55A1NNA 스탠드",
    "ReviewScore": "5",
    "Syllable": "36",
    "Word": "6",
    "RDate": "20211103",
    "Aspects": [
      {
        "Aspect": "기능",
        "SentimentText": "기능적인 모든면에서 만족해요!!",
        "SentimentWord": "3",
        "SentimentPolarity": "1"
      },
      {
        "Aspect": "화질",
        "SentimentText": "화질 미쳤어요... 너무 좋네요!!",
        "SentimentWord": "4",
        "SentimentPolarity": "1"
      }
    ]
  },
  {
    "Index": "14502",
    "RawText": "우와~영화볼때 음질 정말 깨끗하게 나오네요!!  와이파이로 인터넷방송 연결해봤는데 화질이 선명하니 아주 좋네요^^",
    "Source": "쇼핑몰",
    "Domain": "가전",
    "MainCategory": "영상/음향가전",
    "ProductName": "올레드 LG전자 OLED55A1NNA 스탠드",
    "ReviewScore": "5",
    "Syllable": "63",
    "Word": "12",
    "RDate": "20220315",
    "Aspects": [
      {
        "Aspect": "음량/음질",
        "SentimentText": "우와~영화볼때 음질 정말 깨끗하게 나오네요!!",
        "SentimentWord": "5",
        "SentimentPolarity": "1"
      },
      {
        "Aspect": "화질",
        "SentimentText": "와이파이로 인터넷방송 연결해봤는데 화질이 선명하니 아주 좋네요^^ ",
        "SentimentWord": "7",
        "SentimentPolarity": "1"
      }
    ]
  },
  {
    "Index": "14503",
    "RawText": "화질 대박이네요!!! 정말 선명해요~ 역시 tv는 ㅇㅇㅇ이 최고네요!!!",
    "Source": "쇼핑몰",
    "Domain": "가전",
    "MainCategory": "영상/음향가전",
    "ProductName": "올레드 LG전자 OLED55A1NNA 스탠드",
    "ReviewScore": "5",
    "Syllable": "40",
    "Word": "8",
    "RDate": "20220810",
    "Aspects": [
      {
        "Aspect": "화질",
        "SentimentText": "화질 대박이네요!!! 정말 선명해요~",
        "SentimentWord": "4",
        "SentimentPolarity": "1"
      },
      {
        "Aspect": "제조일/제조사",
        "SentimentText": " 역시 tv는 ㅇㅇㅇ이 최고네요!!!",
        "SentimentWord": "4",
        "SentimentPolarity": "1"
      }
    ]
  },
  {
    "Index": "14504",
    "RawText": "품질이 좋아서 마음에들어요!! 가격도 완전 저렴하구요 화질이 선명하고 좋아서 아주좋게 잘 보고있어요~",
    "Source": "쇼핑몰",
    "Domain": "가전",
    "MainCategory": "영상/음향가전",
    "ProductName": "올레드 LG전자 OLED55A1NNA 스탠드",
    "ReviewScore": "5",
    "Syllable": "56",
    "Word": "12",
    "RDate": "20220418",
    "GeneralPolarity": "1",
    "Aspects": [
      {
        "Aspect": "품질",
        "SentimentText": "품질이 좋아서 마음에들어요!!",
        "SentimentWord": "3",
        "SentimentPolarity": "1"
      },
      {
        "Aspect": "가격",
        "SentimentText": "가격도 완전 저렴하구요",
        "SentimentWord": "3",
        "SentimentPolarity": "1"
      },
      {
        "Aspect": "화질",
        "SentimentText": "화질이 선명하고 좋아서 아주좋게 잘 보고있어요~",
        "SentimentWord": "6",
        "SentimentPolarity": "1"
      }
    ]
  },
  {
    "Index": "14505",
    "RawText": "화면 질이 좋고 깨끗해요. 대만족!!  티비의 품질은 말해뭐해 너무 좋습니다",
    "Source": "쇼핑몰",
    "Domain": "가전",
    "MainCategory": "영상/음향가전",
    "ProductName": "올레드 LG전자 OLED55A1NNA 스탠드",
    "ReviewScore": "5",
    "Syllable": "42",
    "Word": "10",
    "RDate": "20220316",
    "Aspects": [
      {
        "Aspect": "화질",
        "SentimentText": "화면 질이 좋고 깨끗해요. 대만족!! ",
        "SentimentWord": "5",
        "SentimentPolarity": "1"
      },
      {
        "Aspect": "품질",
        "SentimentText": "티비의 품질은 말해뭐해 너무 좋습니다",
        "SentimentWord": "5",
        "SentimentPolarity": "1"
      }
    ]
  },
  {
    "Index": "14506",
    "RawText": "역시 색 표현이 좋네요!! 화질이 굿!! 가격도 착하니까 정말 잘 구입한것같아요^^",
    "Source": "쇼핑몰",
    "Domain": "가전",
    "MainCategory": "영상/음향가전",
    "ProductName": "올레드 LG전자 OLED55A1NNA 스탠드",
    "ReviewScore": "5",
    "Syllable": "46",
    "Word": "11",
    "RDate": "20220712",
    "Aspects": [
      {
        "Aspect": "화질",
        "SentimentText": "역시 색 표현이 좋네요!! 화질이 굿!!",
        "SentimentWord": "6",
        "SentimentPolarity": "1"
      },
      {
        "Aspect": "가격",
        "SentimentText": "가격도 착하니까 정말 잘 구입한것같아요^^",
        "SentimentWord": "5",
        "SentimentPolarity": "1"
      }
    ]
  },
  {
    "Index": "14507",
    "RawText": "생산이 늦다고들어서 3주기다리고 배송은 잘받았어요 기간이 긴것이 아쉽네요 디자인인 얇디얇은데 그것이 매우만족스러워요 화질의 해상도도 좋고 예상대로 괜찮아요!! 가격도 이정도면 매우 만족해요",
    "Source": "쇼핑몰",
    "Domain": "가전",
    "MainCategory": "영상/음향가전",
    "ProductName": "올레드 LG전자 OLED55A1NNA 스탠드",
    "ReviewScore": "5",
    "Syllable": "105",
    "Word": "21",
    "RDate": "20211224",
    "Aspects": [
      {
        "Aspect": "디자인",
        "SentimentText": "디자인인 얇디얇은데 그것이 매우만족스러워요",
        "SentimentWord": "4",
        "SentimentPolarity": "1"
      },
      {
        "Aspect": "화질",
        "SentimentText": "화질의 해상도도 좋고 예상대로 괜찮아요!!",
        "SentimentWord": "5",
        "SentimentPolarity": "1"
      },
      {
        "Aspect": "가격",
        "SentimentText": "가격도 이정도면 매우 만족해요",
        "SentimentWord": "4",
        "SentimentPolarity": "1"
      }
    ]
  },
  {
    "Index": "14509",
    "RawText": "가격 정말 착해요 ㅎ ㅎ 품질은 말할 필요도없이 너무 좋습니다~",
    "Source": "쇼핑몰",
    "Domain": "가전",
    "MainCategory": "영상/음향가전",
    "ProductName": "올레드 LG전자 OLED55A1NNA 스탠드",
    "ReviewScore": "5",
    "Syllable": "35",
    "Word": "10",
    "RDate": "20211225",
    "Aspects": [
      {
        "Aspect": "가격",
        "SentimentText": "가격 정말 착해요 ㅎ ㅎ",
        "SentimentWord": "5",
        "SentimentPolarity": "1"
      },
      {
        "Aspect": "품질",
        "SentimentText": "품질은 말할 필요도없이 너무 좋습니다~",
        "SentimentWord": "5",
        "SentimentPolarity": "1"
      }
    ]
  },
  {
    "Index": "14510",
    "RawText": "선물했는데 디자인도 심플하니까 좋아하시네요 그리고 화질도 선명하니까 좋아해요!! 덕분에 거실이 훨씬 훤하다고^^",
    "Source": "쇼핑몰",
    "Domain": "가전",
    "MainCategory": "영상/음향가전",
    "ProductName": "올레드 LG전자 OLED55A1NNA 스탠드",
    "ReviewScore": "5",
    "Syllable": "62",
    "Word": "12",
    "RDate": "20220101",
    "GeneralPolarity": "1",
    "Aspects": [
      {
        "Aspect": "디자인",
        "SentimentText": "선물했는데 디자인도 심플하니까 좋아하시네요",
        "SentimentWord": "4",
        "SentimentPolarity": "1"
      },
      {
        "Aspect": "화질",
        "SentimentText": "그리고 화질도 선명하니까 좋아해요!! 덕분에 거실이 훨씬 훤하다고^^",
        "SentimentWord": "8",
        "SentimentPolarity": "1"
      }
    ]
  },
  {
    "Index": "14511",
    "RawText": "보급형이라 그런지 화질 선명하지 못해요... ㅠ ㅠ 가격은 제일 저렴한 곳에서 구매했어요 나름 만족합니다!!",
    "Source": "쇼핑몰",
    "Domain": "가전",
    "MainCategory": "영상/음향가전",
    "ProductName": "올레드 LG전자 OLED55A1NNA 스탠드",
    "ReviewScore": "5",
    "Syllable": "60",
    "Word": "14",
    "RDate": "20220126",
    "Aspects": [
      {
        "Aspect": "화질",
        "SentimentText": "보급형이라 그런지 화질 선명하지 못해요... ㅠ ㅠ ",
        "SentimentWord": "7",
        "SentimentPolarity": "-1"
      },
      {
        "Aspect": "가격",
        "SentimentText": "가격은 제일 저렴한 곳에서 구매했어요 나름 만족합니다!!",
        "SentimentWord": "7",
        "SentimentPolarity": "1"
      }
    ]
  },
  {
    "Index": "14512",
    "RawText": "화면의 질이 깨끗하고 좋아서 구매했어요~그래서 눈도 편안하네요~ 배송도 총알배송이라는점 좋아요!! 좋은제품을 착한가격에 구매하니까 만족해요 그리고 기사님들도 친절하게 해주시니 여러모로 좋습니다^^",
    "Source": "쇼핑몰",
    "Domain": "가전",
    "MainCategory": "영상/음향가전",
    "ProductName": "올레드 LG전자 OLED55A1NNA 스탠드",
    "ReviewScore": "5",
    "Syllable": "109",
    "Word": "20",
    "RDate": "20220817",
    "Aspects": [
      {
        "Aspect": "화질",
        "SentimentText": "화면의 질이 깨끗하고 좋아서 구매했어요~그래서 눈도 편안하네요~",
        "SentimentWord": "7",
        "SentimentPolarity": "1"
      },
      {
        "Aspect": "가격",
        "SentimentText": "좋은제품을 착한가격에 구매하니까 만족해요",
        "SentimentWord": "4",
        "SentimentPolarity": "1"
      }
    ]
  },
  {
    "Index": "14513",
    "RawText": "화질이 역시 선명한 느낌이 있어서 좋네요  스탠드형으로 구입 다리지지대가 조금 약한 것같아서 아쉬워요 보안이 되었으면 하는 부분입니다..",
    "Source": "쇼핑몰",
    "Domain": "가전",
    "MainCategory": "영상/음향가전",
    "ProductName": "올레드 LG전자 OLED55A1NNA 스탠드",
    "ReviewScore": "5",
    "Syllable": "76",
    "Word": "17",
    "RDate": "20220714",
    "GeneralPolarity": "0",
    "Aspects": [
      {
        "Aspect": "화질",
        "SentimentText": "화질이 역시 선명한 느낌이 있어서 좋네요",
        "SentimentWord": "6",
        "SentimentPolarity": "1"
      },
      {
        "Aspect": "품질",
        "SentimentText": "스탠드형으로 구입 다리지지대가 조금 약한 것같아서 아쉬워요 보안이 되었으면 하는 부분입니다..",
        "SentimentWord": "11",
        "SentimentPolarity": "-1"
      }
    ]
  },
  {
    "Index": "14515",
    "RawText": "오랫동안 고민하다가 할인될때 구매해서 좋아요!!  화질이 선명해서 덕분에 영화보는 재미가 솔솔합니다~",
    "Source": "쇼핑몰",
    "Domain": "가전",
    "MainCategory": "영상/음향가전",
    "ProductName": "올레드 LG전자 OLED55A1NNA 스탠드",
    "ReviewScore": "5",
    "Syllable": "56",
    "Word": "11",
    "RDate": "20220211",
    "GeneralPolarity": "1",
    "Aspects": [
      {
        "Aspect": "가격",
        "SentimentText": "오랫동안 고민하다가 할인될때 구매해서 좋아요!!",
        "SentimentWord": "5",
        "SentimentPolarity": "1"
      },
      {
        "Aspect": "화질",
        "SentimentText": "화질이 선명해서 덕분에 영화보는 재미가 솔솔합니다~",
        "SentimentWord": "6",
        "SentimentPolarity": "1"
      }
    ]
  },
  {
    "Index": "14516",
    "RawText": "명성만큼이나 품질이 너무 좋아요 화면화질이 선명하니까 역시 만족하구요 배송도 예정보다 10일빨리오니까 추천할만해요^^ 배송기사님도 친절하시고 모두 만족합니다~",
    "Source": "쇼핑몰",
    "Domain": "가전",
    "MainCategory": "영상/음향가전",
    "ProductName": "올레드 LG전자 OLED55A1NNA 스탠드",
    "ReviewScore": "5",
    "Syllable": "88",
    "Word": "16",
    "RDate": "20211127",
    "Aspects": [
      {
        "Aspect": "품질",
        "SentimentText": "명성만큼이나 품질이 너무 좋아요",
        "SentimentWord": "4",
        "SentimentPolarity": "1"
      },
      {
        "Aspect": "화질",
        "SentimentText": "화면화질이 선명하니까 역시 만족하구요",
        "SentimentWord": "4",
        "SentimentPolarity": "1"
      }
    ]
  },
  {
    "Index": "14517",
    "RawText": "다른티비를 앞으로 못쓸만큼 품질이 최고예요~화면질도 생각보다 너무 좋아요~굿",
    "Source": "쇼핑몰",
    "Domain": "가전",
    "MainCategory": "영상/음향가전",
    "ProductName": "올레드 LG전자 OLED55A1NNA 스탠드",
    "ReviewScore": "5",
    "Syllable": "42",
    "Word": "8",
    "RDate": "20210720",
    "Aspects": [
      {
        "Aspect": "품질",
        "SentimentText": "다른티비를 앞으로 못쓸만큼 품질이 최고예요~",
        "SentimentWord": "5",
        "SentimentPolarity": "1"
      },
      {
        "Aspect": "화질",
        "SentimentText": "화면질도 생각보다 너무 좋아요",
        "SentimentWord": "4",
        "SentimentPolarity": "1"
      }
    ]
  },
  {
    "Index": "14519",
    "RawText": "디자인이 마음에 들어요 심플한게 왜 대세인지 알겠어요^^ 화질도 선명해서 좋아요!! 음질도 잘 나오고 만족해요 가격도 이정도면 합리적이니까 저는 잘 구매한것같아서 만족합니다~",
    "Source": "쇼핑몰",
    "Domain": "가전",
    "MainCategory": "영상/음향가전",
    "ProductName": "올레드 LG전자 OLED55A1NNA 스탠드",
    "ReviewScore": "5",
    "Syllable": "97",
    "Word": "21",
    "RDate": "20220217",
    "GeneralPolarity": "1",
    "Aspects": [
      {
        "Aspect": "디자인",
        "SentimentText": "디자인이 마음에 들어요 심플한게 왜 대세인지 알겠어요^^",
        "SentimentWord": "7",
        "SentimentPolarity": "1"
      },
      {
        "Aspect": "화질",
        "SentimentText": "화질도 선명해서 좋아요!! ",
        "SentimentWord": "3",
        "SentimentPolarity": "1"
      },
      {
        "Aspect": "음량/음질",
        "SentimentText": "음질도 잘 나오고 만족해요",
        "SentimentWord": "4",
        "SentimentPolarity": "1"
      },
      {
        "Aspect": "가격",
        "SentimentText": "가격도 이정도면 합리적이니까 저는 잘 구매한것같아서 만족합니다~",
        "SentimentWord": "7",
        "SentimentPolarity": "1"
      }
    ]
  },
  {
    "Index": "14520",
    "RawText": "화면은 큰데 베젤은 얇아서 거실이 더 커진 느낌이에요~ 밤같이 어두운 배경이여도 명암대비가 완벽해서 잘보여요 정말 만족해요~",
    "Source": "쇼핑몰",
    "Domain": "가전",
    "MainCategory": "영상/음향가전",
    "ProductName": "올레드 LG전자 OLED55A1NNA 스탠드",
    "ReviewScore": "5",
    "Syllable": "69",
    "Word": "16",
    "RDate": "20220810",
    "Aspects": [
      {
        "Aspect": "사이즈",
        "SentimentText": "화면은 큰데 베젤은 얇아서 거실이 더 커진 느낌이에요~",
        "SentimentWord": "8",
        "SentimentPolarity": "1"
      },
      {
        "Aspect": "화질",
        "SentimentText": "밤같이 어두운 배경이여도 명암대비가 완벽해서 잘보여요 정말 만족해요~",
        "SentimentWord": "8",
        "SentimentPolarity": "1"
      }
    ]
  },
  {
    "Index": "14521",
    "RawText": "배송 정말 빨라요 만족해요 그리고 화질도 명암대비 너무 좋아요!! 음질도 깨끗하게 좋아서 저는 만족합니다^^",
    "Source": "쇼핑몰",
    "Domain": "가전",
    "MainCategory": "영상/음향가전",
    "ProductName": "올레드 LG전자 OLED55A1NNA 스탠드",
    "ReviewScore": "5",
    "Syllable": "60",
    "Word": "14",
    "RDate": "20220714",
    "Aspects": [
      {
        "Aspect": "화질",
        "SentimentText": "그리고 화질도 명암대비 너무 좋아요!!",
        "SentimentWord": "5",
        "SentimentPolarity": "1"
      },
      {
        "Aspect": "음량/음질",
        "SentimentText": "음질도 깨끗하게 좋아서 저는 만족합니다^^",
        "SentimentWord": "5",
        "SentimentPolarity": "1"
      }
    ]
  },
  {
    "Index": "14522",
    "RawText": "작은거실이라 클까 걱정했는데 사이즈 딱!!! 좋아요 ㅎㅎ 배송이나 여러 서비스가 친절하셔서 만족합니다^^ 배송기사님도 인정할정도로 좋은 품질이라 더 좋습니다!! 배송일자도 생각지도 못하게 더 일찍 보내주셔서 감사합니다~",
    "Source": "쇼핑몰",
    "Domain": "가전",
    "MainCategory": "영상/음향가전",
    "ProductName": "올레드 LG전자 OLED55A1NNA 스탠드",
    "ReviewScore": "5",
    "Syllable": "122",
    "Word": "25",
    "RDate": "20220707",
    "Aspects": [
      {
        "Aspect": "사이즈",
        "SentimentText": "작은거실이라 클까 걱정했는데 사이즈 딱!!! 좋아요 ㅎㅎ ",
        "SentimentWord": "7",
        "SentimentPolarity": "1"
      },
      {
        "Aspect": "품질",
        "SentimentText": "배송기사님도 인정할정도로 좋은 품질이라 더 좋습니다!!",
        "SentimentWord": "6",
        "SentimentPolarity": "1"
      }
    ]
  },
  {
    "Index": "14523",
    "RawText": "최저가로 구입해서 좋아요 화질이 좋고 선명한 느낌이네요^^",
    "Source": "쇼핑몰",
    "Domain": "가전",
    "MainCategory": "영상/음향가전",
    "ProductName": "올레드 LG전자 OLED55A1NNA 스탠드",
    "ReviewScore": "5",
    "Syllable": "32",
    "Word": "7",
    "RDate": "20220804",
    "Aspects": [
      {
        "Aspect": "가격",
        "SentimentText": "최저가로 구입해서 좋아요",
        "SentimentWord": "3",
        "SentimentPolarity": "1"
      },
      {
        "Aspect": "화질",
        "SentimentText": "화질이 좋고 선명한 느낌이네요^^",
        "SentimentWord": "4",
        "SentimentPolarity": "1"
      }
    ]
  },
  {
    "Index": "14524",
    "RawText": "화면이 정말 커요 만족합니다. 화질도 선명하니까 좋구요 칼배송 완전 만족해요 설치기사님도 설치도 잘해주시고 설명까지 해주셔서 만족합니다~ ",
    "Source": "쇼핑몰",
    "Domain": "가전",
    "MainCategory": "영상/음향가전",
    "ProductName": "올레드 LG전자 OLED55A1NNA 스탠드",
    "ReviewScore": "5",
    "Syllable": "77",
    "Word": "16",
    "RDate": "20211023",
    "Aspects": [
      {
        "Aspect": "사이즈",
        "SentimentText": "화면이 정말 커요 만족합니다.",
        "SentimentWord": "4",
        "SentimentPolarity": "1"
      },
      {
        "Aspect": "화질",
        "SentimentText": "화질도 선명하니까 좋구요",
        "SentimentWord": "3",
        "SentimentPolarity": "1"
      }
    ]
  },
  {
    "Index": "14525",
    "RawText": "화면 살짝 글씨깨짐 현상이 가끔 있어요:::: 실망이네요.. 가격은 합리적으로 잘산 것 같아요 좋아요~",
    "Source": "쇼핑몰",
    "Domain": "가전",
    "MainCategory": "영상/음향가전",
    "ProductName": "올레드 LG전자 OLED55A1NNA 스탠드",
    "ReviewScore": "5",
    "Syllable": "57",
    "Word": "13",
    "RDate": "20211003",
    "Aspects": [
      {
        "Aspect": "화질",
        "SentimentText": "화면 살짝 글씨깨짐 현상이 가끔 있어요:::: 실망이네요..",
        "SentimentWord": "7",
        "SentimentPolarity": "-1"
      },
      {
        "Aspect": "가격",
        "SentimentText": "가격은 합리적으로 잘산 것 같아요 좋아요~ ",
        "SentimentWord": "6",
        "SentimentPolarity": "1"
      }
    ]
  },
  {
    "Index": "14526",
    "RawText": "좋은가격에 구입한것같아서 좋아요 제품의 품질도 무지 만족하구요 설치기사님도 폐가전 수거도 해주시고 친절하셔서 좋았습니다. 추석연휴가 있긴했지만 5주이상 걸린건 너무 했어요!! 느려서 별로였네요!! ",
    "Source": "쇼핑몰",
    "Domain": "가전",
    "MainCategory": "영상/음향가전",
    "ProductName": "올레드 LG전자 OLED55A1NNA 스탠드",
    "ReviewScore": "5",
    "Syllable": "110",
    "Word": "21",
    "RDate": "20210923",
    "Aspects": [
      {
        "Aspect": "가격",
        "SentimentText": "좋은가격에 구입한것같아서 좋아요",
        "SentimentWord": "3",
        "SentimentPolarity": "1"
      },
      {
        "Aspect": "품질",
        "SentimentText": "제품의 품질도 무지 만족하구요 ",
        "SentimentWord": "4",
        "SentimentPolarity": "1"
      }
    ]
  },
  {
    "Index": "14527",
    "RawText": "제품의 기능들이 좋습니다 화면 사이즈도 커서 영상볼만하네요^^",
    "Source": "쇼핑몰",
    "Domain": "가전",
    "MainCategory": "영상/음향가전",
    "ProductName": "올레드 LG전자 OLED55A1NNA 스탠드",
    "ReviewScore": "1",
    "Syllable": "34",
    "Word": "7",
    "RDate": "20210925",
    "Aspects": [
      {
        "Aspect": "기능",
        "SentimentText": "제품의 기능들이 좋습니다 ",
        "SentimentWord": "3",
        "SentimentPolarity": "1"
      },
      {
        "Aspect": "사이즈",
        "SentimentText": "화면 사이즈도 커서 영상볼만하네요^^",
        "SentimentWord": "4",
        "SentimentPolarity": "1"
      }
    ]
  },
  {
    "Index": "14528",
    "RawText": "제품도 좋은데 저렴하게 산것이 최고로 좋았어요 베젤이 얇아서 화면이 훨씬 커보여 만족스럽네요~~",
    "Source": "쇼핑몰",
    "Domain": "가전",
    "MainCategory": "영상/음향가전",
    "ProductName": "올레드 LG전자 OLED55A1NNA 스탠드",
    "ReviewScore": "5",
    "Syllable": "53",
    "Word": "12",
    "RDate": "20220217",
    "Aspects": [
      {
        "Aspect": "가격",
        "SentimentText": "제품도 좋은데 저렴하게 산것이 최고로 좋았어요 ",
        "SentimentWord": "6",
        "SentimentPolarity": "1"
      },
      {
        "Aspect": "사이즈",
        "SentimentText": "베젤이 얇아서 화면이 훨씬 커보여 만족스럽네요~~",
        "SentimentWord": "6",
        "SentimentPolarity": "1"
      }
    ]
  },
  {
    "Index": "14529",
    "RawText": "저렴하게 자~~알 구입해서 좋았어요 품질이 만족스러운 상품이구요 배송도 빠르니까 전체적으로 마음에 듭니다^^",
    "Source": "쇼핑몰",
    "Domain": "가전",
    "MainCategory": "영상/음향가전",
    "ProductName": "올레드 LG전자 OLED55A1NNA 스탠드",
    "ReviewScore": "5",
    "Syllable": "60",
    "Word": "12",
    "RDate": "20211130",
    "Aspects": [
      {
        "Aspect": "가격",
        "SentimentText": "저렴하게 자~~알 구입해서 좋았어요",
        "SentimentWord": "4",
        "SentimentPolarity": "1"
      },
      {
        "Aspect": "품질",
        "SentimentText": "품질이 만족스러운 상품이구요",
        "SentimentWord": "3",
        "SentimentPolarity": "1"
      }
    ]
  },
  {
    "Index": "14530",
    "RawText": "화면 색감이 기존 티비와 완전 달라요. 신세계예요!!  착한가격이라 두개구입을 했어요 ㅎㅎ",
    "Source": "쇼핑몰",
    "Domain": "가전",
    "MainCategory": "영상/음향가전",
    "ProductName": "올레드 LG전자 OLED55A1NNA 스탠드",
    "ReviewScore": "5",
    "Syllable": "50",
    "Word": "11",
    "RDate": "20220825",
    "Aspects": [
      {
        "Aspect": "화질",
        "SentimentText": "화면 색감이 기존 티비와 완전 달라요. 신세계예요!!",
        "SentimentWord": "7",
        "SentimentPolarity": "1"
      },
      {
        "Aspect": "가격",
        "SentimentText": "착한가격이라 두개구입을 했어요 ㅎㅎ",
        "SentimentWord": "4",
        "SentimentPolarity": "1"
      }
    ]
  },
  {
    "Index": "14531",
    "RawText": "다음날 바로 신속배송 넘 좋았습니다. 설치기사님도 친절하시니까 좋았구요 벽걸이라 오히려 깔끔하고 좋아용 화질도 선명하게 생각보다 좋으니 완전 만족합니다.",
    "Source": "쇼핑몰",
    "Domain": "가전",
    "MainCategory": "영상/음향가전",
    "ProductName": "올레드 LG전자 OLED55A1NNA 스탠드",
    "ReviewScore": "5",
    "Syllable": "85",
    "Word": "18",
    "RDate": "20220828",
    "Aspects": [
      {
        "Aspect": "디자인",
        "SentimentText": "벽걸이라 오히려 깔끔하고 좋아용",
        "SentimentWord": "4",
        "SentimentPolarity": "1"
      },
      {
        "Aspect": "화질",
        "SentimentText": "화질도 선명하게 생각보다 좋으니 완전 만족합니다.",
        "SentimentWord": "6",
        "SentimentPolarity": "1"
      }
    ]
  },
  {
    "Index": "14532",
    "RawText": "가성비 끝판왕!!! 최고~ 영화볼때 기존 LED와는 차원이 틀린 고화질이라 생동감이 넘치네요~",
    "Source": "쇼핑몰",
    "Domain": "가전",
    "MainCategory": "영상/음향가전",
    "ProductName": "올레드 LG전자 OLED55A1NNA 스탠드",
    "ReviewScore": "5",
    "Syllable": "52",
    "Word": "11",
    "RDate": "20220315",
    "Aspects": [
      {
        "Aspect": "가격",
        "SentimentText": "가성비 끝판왕!!! 최고~",
        "SentimentWord": "3",
        "SentimentPolarity": "1"
      },
      {
        "Aspect": "화질",
        "SentimentText": "영화볼때 기존 LED와는 차원이 틀린 고화질이라 생동감이 넘치네요~",
        "SentimentWord": "8",
        "SentimentPolarity": "1"
      }
    ]
  },
  {
    "Index": "14533",
    "RawText": "고급스러운 느낌의 디자인이라 너무 좋네요~ 큰방에 두니까 사이즈도 적당해서 좋아요~ 오래쓸께요^^",
    "Source": "쇼핑몰",
    "Domain": "가전",
    "MainCategory": "영상/음향가전",
    "ProductName": "올레드 LG전자 OLED55A1NNA 스탠드",
    "ReviewScore": "5",
    "Syllable": "54",
    "Word": "11",
    "RDate": "20220709",
    "Aspects": [
      {
        "Aspect": "디자인",
        "SentimentText": "고급스러운 느낌의 디자인이라 너무 좋네요~",
        "SentimentWord": "5",
        "SentimentPolarity": "1"
      },
      {
        "Aspect": "사이즈",
        "SentimentText": "큰방에 두니까 사이즈도 적당해서 좋아요~ 오래쓸께요^^",
        "SentimentWord": "6",
        "SentimentPolarity": "1"
      }
    ]
  },
  {
    "Index": "14534",
    "RawText": "리모컨 조작이 불편하네요... 그런데 제품은 품질이 좋아서 만족해요",
    "Source": "쇼핑몰",
    "Domain": "가전",
    "MainCategory": "영상/음향가전",
    "ProductName": "올레드 LG전자 OLED55A1NNA 스탠드",
    "ReviewScore": "3",
    "Syllable": "37",
    "Word": "8",
    "RDate": "20211003",
    "Aspects": [
      {
        "Aspect": "조작성",
        "SentimentText": "리모컨 조작이 불편하네요... ",
        "SentimentWord": "3",
        "SentimentPolarity": "-1"
      },
      {
        "Aspect": "품질",
        "SentimentText": "그런데 제품은 품질이 좋아서 만족해요",
        "SentimentWord": "5",
        "SentimentPolarity": "1"
      }
    ]
  },
  {
    "Index": "14535",
    "RawText": "주문하고 다음날 칼배송에 감동했어요 ㅎㅎ 티비화면도 크니까 속이 시원하네요^^ 화질의 선명감도 좋았어요 그리고 가격도 저렴하게 구입해서 만족하고 잘쓰고있습니다!!!",
    "Source": "쇼핑몰",
    "Domain": "가전",
    "MainCategory": "영상/음향가전",
    "ProductName": "올레드 LG전자 OLED55A1NNA 스탠드",
    "ReviewScore": "5",
    "Syllable": "91",
    "Word": "18",
    "RDate": "20220816",
    "Aspects": [
      {
        "Aspect": "사이즈",
        "SentimentText": "티비화면도 크니까 속이 시원하네요^^",
        "SentimentWord": "4",
        "SentimentPolarity": "1"
      },
      {
        "Aspect": "화질",
        "SentimentText": "화질의 선명감도 좋았어요",
        "SentimentWord": "3",
        "SentimentPolarity": "1"
      },
      {
        "Aspect": "가격",
        "SentimentText": "그리고 가격도 저렴하게 구입해서 만족하고 잘쓰고있습니다!!!",
        "SentimentWord": "6",
        "SentimentPolarity": "1"
      }
    ]
  },
  {
    "Index": "14536",
    "RawText": "입체사운드라 음질이 쨍쨍하네요~굿!! 제품의 퀄리티도 정말 좋습니다 굿!!",
    "Source": "쇼핑몰",
    "Domain": "가전",
    "MainCategory": "영상/음향가전",
    "ProductName": "올레드 LG전자 OLED55A1NNA 스탠드",
    "ReviewScore": "5",
    "Syllable": "41",
    "Word": "8",
    "RDate": "20210726",
    "Aspects": [
      {
        "Aspect": "음량/음질",
        "SentimentText": "입체사운드라 음질이 쨍쨍하네요~굿!! ",
        "SentimentWord": "3",
        "SentimentPolarity": "1"
      },
      {
        "Aspect": "품질",
        "SentimentText": "제품의 퀄리티도 정말 좋습니다 굿!!",
        "SentimentWord": "5",
        "SentimentPolarity": "1"
      }
    ]
  },
  {
    "Index": "14537",
    "RawText": "받는데 한달이상 걸려서 아쉬워요 제품의 퀄리티는 만족해요 기사님도 배송날짜나 시간 저한테 맞춰주셔서 좋았습니다 화질도 깨끗해서 역시는 역시네요 굿~~~",
    "Source": "쇼핑몰",
    "Domain": "가전",
    "MainCategory": "영상/음향가전",
    "ProductName": "올레드 LG전자 OLED55A1NNA 스탠드",
    "ReviewScore": "5",
    "Syllable": "84",
    "Word": "18",
    "RDate": "20220205",
    "Aspects": [
      {
        "Aspect": "품질",
        "SentimentText": "제품의 퀄리티는 만족해요",
        "SentimentWord": "3",
        "SentimentPolarity": "1"
      },
      {
        "Aspect": "화질",
        "SentimentText": "화질도 깨끗해서 역시는 역시네요 굿~~~",
        "SentimentWord": "5",
        "SentimentPolarity": "1"
      }
    ]
  },
  {
    "Index": "14538",
    "RawText": "생생한 화질 끝내주네요!! 기존 34인치였는데 화면이 커지니까 좋아요 ^^",
    "Source": "쇼핑몰",
    "Domain": "가전",
    "MainCategory": "영상/음향가전",
    "ProductName": "올레드 LG전자 OLED55A1NNA 스탠드",
    "ReviewScore": "5",
    "Syllable": "41",
    "Word": "9",
    "RDate": "20211030",
    "Aspects": [
      {
        "Aspect": "화질",
        "SentimentText": "생생한 화질 끝내주네요!! ",
        "SentimentWord": "3",
        "SentimentPolarity": "1"
      },
      {
        "Aspect": "사이즈",
        "SentimentText": "기존 34인치였는데 화면이 커지니까 좋아요 ^^",
        "SentimentWord": "6",
        "SentimentPolarity": "1"
      }
    ]
  },
  {
    "Index": "14539",
    "RawText": "페이퍼슬림이라더니 정말 얇아서 감동이네요~티비의 퀄리티가 좋아서엄마가 하루종일 티비만 보시네요 ㅎㅎ",
    "Source": "쇼핑몰",
    "Domain": "가전",
    "MainCategory": "영상/음향가전",
    "ProductName": "올레드 LG전자 OLED55A1NNA 스탠드",
    "ReviewScore": "5",
    "Syllable": "55",
    "Word": "10",
    "RDate": "20211214",
    "Aspects": [
      {
        "Aspect": "사이즈",
        "SentimentText": "페이퍼슬림이라더니 정말 얇아서 감동이네요~",
        "SentimentWord": "4",
        "SentimentPolarity": "1"
      },
      {
        "Aspect": "품질",
        "SentimentText": "티비의 퀄리티가 좋아서엄마가 하루종일 티비만 보시네요 ㅎㅎ",
        "SentimentWord": "7",
        "SentimentPolarity": "1"
      }
    ]
  },
  {
    "Index": "14540",
    "RawText": "생각보다 신속하게 배송이 되었네요?! good!!! 퀄리티 좋은걸 보내주셔서 너무 감사하구요 화면이 크니까 시원해보이고 만족해요  그리고 티비나 모니터로도 활용이 좋아서 좋습니다^^",
    "Source": "쇼핑몰",
    "Domain": "가전",
    "MainCategory": "영상/음향가전",
    "ProductName": "올레드 LG전자 OLED55A1NNA 스탠드",
    "ReviewScore": "5",
    "Syllable": "101",
    "Word": "20",
    "RDate": "20211204",
    "Aspects": [
      {
        "Aspect": "품질",
        "SentimentText": "퀄리티 좋은걸 보내주셔서 너무 감사하구요",
        "SentimentWord": "5",
        "SentimentPolarity": "1"
      },
      {
        "Aspect": "사이즈",
        "SentimentText": "화면이 크니까 시원해보이고 만족해요 ",
        "SentimentWord": "4",
        "SentimentPolarity": "1"
      },
      {
        "Aspect": "편의성",
        "SentimentText": "그리고 티비나 모니터로도 활용이 좋아서 좋습니다^^",
        "SentimentWord": "6",
        "SentimentPolarity": "1"
      }
    ]
  },
  {
    "Index": "14541",
    "RawText": "품질은 : 전자제품 중 최고예요!! 화질은 : 무엇보다 화질의 색감이 넘사벽으로 좋아요 디자인은 : 얇아서 좋아요 무게도 가벼우니까 만족하구요 그런데 열배출이 아래로 향했으면 좋았을것같아서 아쉬워요!! 위로 향해 있어서 먼지가 많이 날것같아요 USB,HDMI단자도 넉넉해서 좋아요 배송은 : 2일이내로 배송이 되었으니 빨라서 좋았죠",
    "Source": "쇼핑몰",
    "Domain": "가전",
    "MainCategory": "영상/음향가전",
    "ProductName": "올레드 LG전자 OLED55A1NNA 스탠드",
    "ReviewScore": "5",
    "Syllable": "185",
    "Word": "41",
    "RDate": "20220827",
    "Aspects": [
      {
        "Aspect": "품질",
        "SentimentText": "품질은 : 전자제품 중 최고예요!!",
        "SentimentWord": "5",
        "SentimentPolarity": "1"
      },
      {
        "Aspect": "화질",
        "SentimentText": "화질은 : 무엇보다 화질의 색감이 넘사벽으로 좋아요",
        "SentimentWord": "7",
        "SentimentPolarity": "1"
      },
      {
        "Aspect": "디자인",
        "SentimentText": "디자인은 : 얇아서 좋아요",
        "SentimentWord": "4",
        "SentimentPolarity": "1"
      },
      {
        "Aspect": "무게",
        "SentimentText": "무게도 가벼우니까 만족하구요",
        "SentimentWord": "3",
        "SentimentPolarity": "1"
      },
      {
        "Aspect": "디자인",
        "SentimentText": "그런데 열배출이 아래로 향했으면 좋았을것같아서 아쉬워요!! 위로 향해 있어서 먼지가 많이 날것같아요",
        "SentimentWord": "12",
        "SentimentPolarity": "-1"
      },
      {
        "Aspect": "제품구성",
        "SentimentText": "USB,HDMI단자도 넉넉해서 좋아요",
        "SentimentWord": "3",
        "SentimentPolarity": "1"
      }
    ]
  },
  {
    "Index": "14542",
    "RawText": "화질은 깨끗, 선명 너무 좋아요 디자인도 심플해서 어느곳이든 잘어울리네요~",
    "Source": "쇼핑몰",
    "Domain": "가전",
    "MainCategory": "영상/음향가전",
    "ProductName": "올레드 LG전자 OLED55A1NNA 스탠드",
    "ReviewScore": "5",
    "Syllable": "41",
    "Word": "9",
    "RDate": "20211203",
    "Aspects": [
      {
        "Aspect": "화질",
        "SentimentText": "화질은 깨끗, 선명 너무 좋아요",
        "SentimentWord": "5",
        "SentimentPolarity": "1"
      },
      {
        "Aspect": "디자인",
        "SentimentText": " 디자인도 심플해서 어느곳이든 잘어울리네요~",
        "SentimentWord": "4",
        "SentimentPolarity": "1"
      }
    ]
  },
  {
    "Index": "14543",
    "RawText": "화질 명암이 너무 좋아요!! 디자인 예쁘고 마음에 들어요 배송이 시간이 오래걸리는게 아쉽긴하구요 설치도 잘해주시는 친절한 기사님에 만족합니다^^",
    "Source": "쇼핑몰",
    "Domain": "가전",
    "MainCategory": "영상/음향가전",
    "ProductName": "올레드 LG전자 OLED55A1NNA 스탠드",
    "ReviewScore": "5",
    "Syllable": "80",
    "Word": "17",
    "RDate": "20220129",
    "Aspects": [
      {
        "Aspect": "화질",
        "SentimentText": "화질 명암이 너무 좋아요!!",
        "SentimentWord": "4",
        "SentimentPolarity": "1"
      },
      {
        "Aspect": "디자인",
        "SentimentText": "디자인 예쁘고 마음에 들어요",
        "SentimentWord": "4",
        "SentimentPolarity": "1"
      }
    ]
  },
  {
    "Index": "14544",
    "RawText": "화질은 정말 선명하네요! 좋아요 다만 사운드 조금 아쉬워요 ㅠㅠ",
    "Source": "쇼핑몰",
    "Domain": "가전",
    "MainCategory": "영상/음향가전",
    "ProductName": "올레드 LG전자 OLED55A1NNA 스탠드",
    "ReviewScore": "5",
    "Syllable": "35",
    "Word": "9",
    "RDate": "20211001",
    "Aspects": [
      {
        "Aspect": "화질",
        "SentimentText": "화질은 정말 선명하네요! 좋아요",
        "SentimentWord": "4",
        "SentimentPolarity": "1"
      },
      {
        "Aspect": "음량/음질",
        "SentimentText": " 사운드 조금 아쉬워요 ㅠㅠ",
        "SentimentWord": "4",
        "SentimentPolarity": "-1"
      }
    ]
  },
  {
    "Index": "14545",
    "RawText": "와우 진짜 화질이 선명하니까 좋네요!! 슬림해서 공간도 많이 차지하지않아 좋아요^^",
    "Source": "쇼핑몰",
    "Domain": "가전",
    "MainCategory": "영상/음향가전",
    "ProductName": "올레드 LG전자 OLED55A1NNA 스탠드",
    "ReviewScore": "5",
    "Syllable": "46",
    "Word": "10",
    "RDate": "20220720",
    "Aspects": [
      {
        "Aspect": "화질",
        "SentimentText": "와우 진짜 화질이 선명하니까 좋네요!!",
        "SentimentWord": "5",
        "SentimentPolarity": "1"
      },
      {
        "Aspect": "사이즈",
        "SentimentText": "슬림해서 공간도 많이 차지하지않아 좋아요^^",
        "SentimentWord": "5",
        "SentimentPolarity": "1"
      }
    ]
  },
  {
    "Index": "14546",
    "RawText": "화질이 선명한게 마음에 들어요 디자인이 좋은 제품같아요! 배송기사님들도 친절하시고 매우 좋네요!!",
    "Source": "쇼핑몰",
    "Domain": "가전",
    "MainCategory": "영상/음향가전",
    "ProductName": "올레드 LG전자 OLED55A1NNA 스탠드",
    "ReviewScore": "5",
    "Syllable": "54",
    "Word": "11",
    "RDate": "20210805",
    "Aspects": [
      {
        "Aspect": "화질",
        "SentimentText": "화질이 선명한게 마음에 들어요",
        "SentimentWord": "4",
        "SentimentPolarity": "1"
      },
      {
        "Aspect": "디자인",
        "SentimentText": "디자인이 좋은 제품같아요! ",
        "SentimentWord": "3",
        "SentimentPolarity": "1"
      }
    ]
  },
  {
    "Index": "14547",
    "RawText": "역시 좋아요 컴퓨터와 연결도 가능하구요 그리고 화면의 짤림이 없으니까 더욱 만족합니다",
    "Source": "쇼핑몰",
    "Domain": "가전",
    "MainCategory": "영상/음향가전",
    "ProductName": "울트라HD LG전자 43UR340C9ND 스탠드",
    "ReviewScore": "5",
    "Syllable": "47",
    "Word": "11",
    "RDate": "20220806",
    "GeneralPolarity": "1",
    "Aspects": [
      {
        "Aspect": "기능",
        "SentimentText": "역시 좋아요 컴퓨터와 연결도 가능하구요",
        "SentimentWord": "5",
        "SentimentPolarity": "1"
      },
      {
        "Aspect": "기능",
        "SentimentText": "그리고 화면의 짤림이 없으니까 더욱 만족합니다",
        "SentimentWord": "6",
        "SentimentPolarity": "1"
      }
    ]
  },
  {
    "Index": "14549",
    "RawText": "부모님쓰시는 티비가 고장나서 구매했는데 퀄리티에 좋아하시네요 가성비도 끝내주네요~ 굿",
    "Source": "쇼핑몰",
    "Domain": "가전",
    "MainCategory": "영상/음향가전",
    "ProductName": "울트라HD LG전자 43UR340C9ND 스탠드",
    "ReviewScore": "5",
    "Syllable": "47",
    "Word": "9",
    "RDate": "20220730",
    "Aspects": [
      {
        "Aspect": "품질",
        "SentimentText": "부모님쓰시는 티비가 고장나서 구매했는데 퀄리티에 좋아하시네요",
        "SentimentWord": "6",
        "SentimentPolarity": "1"
      },
      {
        "Aspect": "가격",
        "SentimentText": "가성비도 끝내주네요~ 굿",
        "SentimentWord": "3",
        "SentimentPolarity": "1"
      }
    ]
  },
  {
    "Index": "14551",
    "RawText": "카드할인해서 엄청 저렴히 구입해서 만족^^ 음질 선명하고 깨끗하게 나와서 만족^^",
    "Source": "쇼핑몰",
    "Domain": "가전",
    "MainCategory": "영상/음향가전",
    "ProductName": "울트라HD LG전자 43UR340C9ND 스탠드",
    "ReviewScore": "5",
    "Syllable": "45",
    "Word": "10",
    "RDate": "20220823",
    "Aspects": [
      {
        "Aspect": "가격",
        "SentimentText": "카드할인해서 엄청 저렴히 구입해서 만족^^",
        "SentimentWord": "5",
        "SentimentPolarity": "1"
      },
      {
        "Aspect": "음량/음질",
        "SentimentText": "음질 선명하고 깨끗하게 나와서 만족^^",
        "SentimentWord": "5",
        "SentimentPolarity": "1"
      }
    ]
  },
  {
    "Index": "14552",
    "RawText": "돌비에트모스지원으로 사운드 생생하게 들리네요!! 오프라인보다도 가격이 저렴하니까 만족합니다^^",
    "Source": "쇼핑몰",
    "Domain": "가전",
    "MainCategory": "영상/음향가전",
    "ProductName": "울트라HD LG전자 43UR340C9ND 스탠드",
    "ReviewScore": "5",
    "Syllable": "52",
    "Word": "8",
    "RDate": "20220820",
    "Aspects": [
      {
        "Aspect": "음량/음질",
        "SentimentText": "돌비에트모스지원으로 사운드 생생하게 들리네요!! ",
        "SentimentWord": "4",
        "SentimentPolarity": "1"
      },
      {
        "Aspect": "가격",
        "SentimentText": "오프라인보다도 가격이 저렴하니까 만족합니다^^",
        "SentimentWord": "4",
        "SentimentPolarity": "1"
      }
    ]
  },
  {
    "Index": "14553",
    "RawText": "신속한 배송에 감사해요  디자인도 예쁘니까 엄마가 좋아하세요 ㅎㅎ 그리고 환하게 화면도 잘 나와서 만족해요",
    "Source": "쇼핑몰",
    "Domain": "가전",
    "MainCategory": "영상/음향가전",
    "ProductName": "울트라HD LG전자 43UR340C9ND 스탠드",
    "ReviewScore": "5",
    "Syllable": "59",
    "Word": "14",
    "RDate": "20220809",
    "Aspects": [
      {
        "Aspect": "디자인",
        "SentimentText": "디자인도 예쁘니까 엄마가 좋아하세요 ㅎㅎ",
        "SentimentWord": "5",
        "SentimentPolarity": "1"
      },
      {
        "Aspect": "화질",
        "SentimentText": "그리고 환하게 화면도 잘 나와서 만족해요",
        "SentimentWord": "6",
        "SentimentPolarity": "1"
      }
    ]
  },
  {
    "Index": "14554",
    "RawText": "설치기사님 더운날씨에도 꼼꼼하게 설명도 잘해주시고 뒷정리까지 너무 좋았어요 그런데 박스가 좀 찌그러져서 불쾌했어요 화질개선을 위해 꼭 필요한 HDMI케이블은 제품구성에서 빠져서 인터넷으로 별도로 구매했습니다. 살때는 너무 큰 화면이 아닐까 망설였던게 무색하게 대화면 사이즈 만족도 최고네요.^^",
    "Source": "쇼핑몰",
    "Domain": "가전",
    "MainCategory": "영상/음향가전",
    "ProductName": "울트라HD LG전자 43UR340C9ND 스탠드",
    "ReviewScore": "5",
    "Syllable": "164",
    "Word": "34",
    "RDate": "20220810",
    "Aspects": [
      {
        "Aspect": "제품구성",
        "SentimentText": "화질개선을 위해 꼭 필요한 HDMI케이블은 제품구성에서 빠져서 인터넷으로 별도로 구매했습니다.",
        "SentimentWord": "10",
        "SentimentPolarity": "-1"
      },
      {
        "Aspect": "사이즈",
        "SentimentText": "살때는 너무 큰 화면이 아닐까 망설였던게 무색하게 대화면 사이즈 만족도 최고네요.^^",
        "SentimentWord": "11",
        "SentimentPolarity": "1"
      }
    ]
  },
  {
    "Index": "14556",
    "RawText": "요즘 tv 너무크니까 눈이 아프기도 했는데 오히려 저는 이 사이즈가 적당해서 좋습니다!! 선명하고 생생한 화질도 굿이네요~",
    "Source": "쇼핑몰",
    "Domain": "가전",
    "MainCategory": "영상/음향가전",
    "ProductName": "울트라HD LG전자 43UR340C9ND 스탠드",
    "ReviewScore": "5",
    "Syllable": "68",
    "Word": "16",
    "RDate": "20220717",
    "Aspects": [
      {
        "Aspect": "사이즈",
        "SentimentText": "요즘 tv 너무크니까 눈이 아프기도 했는데 오히려 저는 이 사이즈가 적당해서 좋습니다!!",
        "SentimentWord": "12",
        "SentimentPolarity": "1"
      },
      {
        "Aspect": "화질",
        "SentimentText": "선명하고 생생한 화질도 굿이네요~",
        "SentimentWord": "4",
        "SentimentPolarity": "1"
      }
    ]
  },
  {
    "Index": "14557",
    "RawText": "와~ 42인치 최신모델을 이 가격에 구입하니 너무 만족해요 화질이 꽤! 자연스럽고 선명하네요 굿~ 소리도 깨끗하고 선명해서 좋습니다 배송기사분들도 친절하시구요 배송도 구미공장에서 바로 배송되니까 믿을만 하니까 좋지요",
    "Source": "쇼핑몰",
    "Domain": "가전",
    "MainCategory": "영상/음향가전",
    "ProductName": "울트라HD LG전자 43UR340C9ND 스탠드",
    "ReviewScore": "5",
    "Syllable": "120",
    "Word": "26",
    "RDate": "20220803",
    "Aspects": [
      {
        "Aspect": "가격",
        "SentimentText": "와~ 42인치 최신모델을 이 가격에 구입하니 너무 만족해요",
        "SentimentWord": "8",
        "SentimentPolarity": "1"
      },
      {
        "Aspect": "화질",
        "SentimentText": "화질이 꽤! 자연스럽고 선명하네요 굿~ ",
        "SentimentWord": "5",
        "SentimentPolarity": "1"
      },
      {
        "Aspect": "음량/음질",
        "SentimentText": "소리도 깨끗하고 선명해서 좋습니다",
        "SentimentWord": "4",
        "SentimentPolarity": "1"
      }
    ]
  },
  {
    "Index": "14559",
    "RawText": "하루만에 배송되었어요 신속배송에 감동~ 기사님 친절하심에 만족 제품은 하자도 없이 퀄리티 좋아요 좋은가격이라 잘 구매한것같아요~",
    "Source": "쇼핑몰",
    "Domain": "가전",
    "MainCategory": "영상/음향가전",
    "ProductName": "울트라HD LG전자 43UR340C9ND 스탠드",
    "ReviewScore": "5",
    "Syllable": "71",
    "Word": "15",
    "RDate": "20220802",
    "Aspects": [
      {
        "Aspect": "품질",
        "SentimentText": "제품은 하자도 없이 퀄리티 좋아요",
        "SentimentWord": "5",
        "SentimentPolarity": "1"
      },
      {
        "Aspect": "가격",
        "SentimentText": "좋은가격이라 잘 구매한것같아요",
        "SentimentWord": "3",
        "SentimentPolarity": "1"
      }
    ]
  },
  {
    "Index": "14561",
    "RawText": "티비가 고장나서 수리하려했는데 새로 구입하는 비용이 더 저렴해서 구입하니 좋네요 종이만큼 얇고 화면이 커서 영상볼때 편안해요~",
    "Source": "쇼핑몰",
    "Domain": "가전",
    "MainCategory": "영상/음향가전",
    "ProductName": "울트라HD LG전자 43UR340C9ND 스탠드",
    "ReviewScore": "4",
    "Syllable": "70",
    "Word": "16",
    "RDate": "20220815",
    "Aspects": [
      {
        "Aspect": "가격",
        "SentimentText": "티비가 고장나서 수리하려했는데 새로 구입하는 비용이 더 저렴해서 구입하니 좋네요",
        "SentimentWord": "10",
        "SentimentPolarity": "1"
      },
      {
        "Aspect": "사이즈",
        "SentimentText": "종이만큼 얇고 화면이 커서 영상볼때 편안해요~",
        "SentimentWord": "6",
        "SentimentPolarity": "1"
      }
    ]
  },
  {
    "Index": "14562",
    "RawText": "와이파이 연결도 끊김이 없어 만족하구요~ 티비 화질이 깨끗하게 잘나와서 상당히 좋아용",
    "Source": "쇼핑몰",
    "Domain": "가전",
    "MainCategory": "영상/음향가전",
    "ProductName": "울트라HD LG전자 55UR642S0NC 스탠드",
    "ReviewScore": "5",
    "Syllable": "47",
    "Word": "11",
    "RDate": "20220131",
    "Aspects": [
      {
        "Aspect": "기능",
        "SentimentText": "와이파이 연결도 끊김이 없어 만족하구요~",
        "SentimentWord": "5",
        "SentimentPolarity": "1"
      },
      {
        "Aspect": "화질",
        "SentimentText": "티비 화질이 깨끗하게 잘나와서 상당히 좋아용",
        "SentimentWord": "6",
        "SentimentPolarity": "1"
      }
    ]
  },
  {
    "Index": "14563",
    "RawText": "쨍쨍하고 선명한 화질에 기뻤고요!! 단점은 티비 전원이 금방 안켜지고 5초이상은 걸리는 것아요;;",
    "Source": "쇼핑몰",
    "Domain": "가전",
    "MainCategory": "영상/음향가전",
    "ProductName": "울트라HD LG전자 55UR642S0NC 스탠드",
    "ReviewScore": "5",
    "Syllable": "54",
    "Word": "12",
    "RDate": "20220331",
    "Aspects": [
      {
        "Aspect": "화질",
        "SentimentText": " 쨍쨍하고 선명한 화질에 기뻤고요!!",
        "SentimentWord": "4",
        "SentimentPolarity": "1"
      },
      {
        "Aspect": "시간/속도",
        "SentimentText": "단점은 티비 전원이 금방 안켜지고 5초이상은 걸리는 것아요;;",
        "SentimentWord": "8",
        "SentimentPolarity": "-1"
      }
    ]
  },
  {
    "Index": "14564",
    "RawText": "리모콘이 작동을 하지 않아서 불만족스러워요! 화질이 선명해서 엄마가 좋아하세요 디자인도 좋으니까 만족하구요 가격도 이정도면 착하니까 만족해요",
    "Source": "쇼핑몰",
    "Domain": "가전",
    "MainCategory": "영상/음향가전",
    "ProductName": "울트라HD LG전자 55UR642S0NC 스탠드",
    "ReviewScore": "4",
    "Syllable": "78",
    "Word": "16",
    "RDate": "20220513",
    "GeneralPolarity": "1",
    "Aspects": [
      {
        "Aspect": "품질",
        "SentimentText": "리모콘이 작동을 하지 않아서 불만족스러워요!",
        "SentimentWord": "5",
        "SentimentPolarity": "-1"
      },
      {
        "Aspect": "화질",
        "SentimentText": "화질이 선명해서 엄마가 좋아하세요",
        "SentimentWord": "4",
        "SentimentPolarity": "1"
      },
      {
        "Aspect": "디자인",
        "SentimentText": "디자인도 좋으니까 만족하구요",
        "SentimentWord": "3",
        "SentimentPolarity": "1"
      },
      {
        "Aspect": "가격",
        "SentimentText": "가격도 이정도면 착하니까 만족해요",
        "SentimentWord": "4",
        "SentimentPolarity": "1"
      }
    ]
  },
  {
    "Index": "14565",
    "RawText": "배송이 늦을줄알았는데 하루만에 연락오고 너무 좋았어요  티비 켜지는 시간이 좀 걸려서 아쉬워요!! 가격대비 가성비 좋습니다~",
    "Source": "쇼핑몰",
    "Domain": "가전",
    "MainCategory": "영상/음향가전",
    "ProductName": "울트라HD LG전자 55UR642S0NC 스탠드",
    "ReviewScore": "5",
    "Syllable": "69",
    "Word": "15",
    "RDate": "20220609",
    "Aspects": [
      {
        "Aspect": "시간/속도",
        "SentimentText": "티비 켜지는 시간이 좀 걸려서 아쉬워요!!",
        "SentimentWord": "6",
        "SentimentPolarity": "-1"
      },
      {
        "Aspect": "가격",
        "SentimentText": "가격대비 가성비 좋습니다~",
        "SentimentWord": "3",
        "SentimentPolarity": "1"
      }
    ]
  },
  {
    "Index": "14567",
    "RawText": "와이파이도 기사님께서 설정해주시고 좋았어요 아직까지 이상없으니 퀄리티는 좋은듯합니다. 65인치 사이즈도 괜찮은것같아서 좋아요!! ",
    "Source": "쇼핑몰",
    "Domain": "가전",
    "MainCategory": "영상/음향가전",
    "ProductName": "울트라HD LG전자 55UR642S0NC 스탠드",
    "ReviewScore": "5",
    "Syllable": "72",
    "Word": "12",
    "RDate": "20220215",
    "Aspects": [
      {
        "Aspect": "품질",
        "SentimentText": "아직까지 이상없으니 퀄리티는 좋은듯합니다",
        "SentimentWord": "4",
        "SentimentPolarity": "1"
      },
      {
        "Aspect": "사이즈",
        "SentimentText": "65인치 사이즈도 괜찮은것같아서 좋아요!!",
        "SentimentWord": "4",
        "SentimentPolarity": "1"
      }
    ]
  },
  {
    "Index": "14568",
    "RawText": "화면이 크니까 시원시원하니 좋아요!! 기존티비 17년썼는데 같은 회사꺼라 그런지 퀄리티 만족합니다. 배송빠르길 원했는데 다음날 연락오고 주문 이틀만에 설치해주셔서 만족했습니다. 디자인도 심플해서 좋구요! 가격이나 혜택도 매우 좋습니다.",
    "Source": "쇼핑몰",
    "Domain": "가전",
    "MainCategory": "영상/음향가전",
    "ProductName": "울트라HD LG전자 55UR642S0NC 스탠드",
    "ReviewScore": "5",
    "Syllable": "131",
    "Word": "26",
    "RDate": "20220704",
    "Aspects": [
      {
        "Aspect": "사이즈",
        "SentimentText": "화면이 크니까 시원시원하니 좋아요!!",
        "SentimentWord": "4",
        "SentimentPolarity": "1"
      },
      {
        "Aspect": "품질",
        "SentimentText": "기존티비 17년썼는데 같은 회사꺼라 그런지 퀄리티 만족합니다.",
        "SentimentWord": "7",
        "SentimentPolarity": "1"
      },
      {
        "Aspect": "디자인",
        "SentimentText": "디자인도 심플해서 좋구요! ",
        "SentimentWord": "3",
        "SentimentPolarity": "1"
      },
      {
        "Aspect": "가격",
        "SentimentText": "가격이나 혜택도 매우 좋습니다.",
        "SentimentWord": "4",
        "SentimentPolarity": "1"
      }
    ]
  },
  {
    "Index": "14569",
    "RawText": "10년쓰던 티비고장으로 구매했는데 배송 진짜 빨라서 좋았어여 화질의 밝기도 만족하구요 무엇보다 가성비 좋습니닷!! 아쉬운건 한가지 티비플랫폼만 사용할 수 있어서 아쉬워요",
    "Source": "쇼핑몰",
    "Domain": "가전",
    "MainCategory": "영상/음향가전",
    "ProductName": "울트라HD LG전자 55UR642S0NC 스탠드",
    "ReviewScore": "5",
    "Syllable": "94",
    "Word": "20",
    "RDate": "20211012",
    "Aspects": [
      {
        "Aspect": "화질",
        "SentimentText": "화질의 밝기도 만족하구요",
        "SentimentWord": "3",
        "SentimentPolarity": "1"
      },
      {
        "Aspect": "가격",
        "SentimentText": "무엇보다 가성비 좋습니닷!!",
        "SentimentWord": "3",
        "SentimentPolarity": "1"
      },
      {
        "Aspect": "기능",
        "SentimentText": "아쉬운건 한가지 티비플랫폼만 사용할 수 있어서 아쉬워요",
        "SentimentWord": "7",
        "SentimentPolarity": "-1"
      }
    ]
  },
  {
    "Index": "14570",
    "RawText": "리모컨 반응속도도 아주  빨라 마음에 드네요~  품질의 퀄리티도 기대만큼이나 좋아요 역시!!",
    "Source": "쇼핑몰",
    "Domain": "가전",
    "MainCategory": "영상/음향가전",
    "ProductName": "울트라HD LG전자 55UR642S0NC 스탠드",
    "ReviewScore": "5",
    "Syllable": "51",
    "Word": "11",
    "RDate": "20220827",
    "Aspects": [
      {
        "Aspect": "시간/속도",
        "SentimentText": "리모컨 반응속도도 아주  빨라 마음에 드네요~ ",
        "SentimentWord": "6",
        "SentimentPolarity": "1"
      },
      {
        "Aspect": "품질",
        "SentimentText": "품질의 퀄리티도 기대만큼이나 좋아요 역시!!",
        "SentimentWord": "5",
        "SentimentPolarity": "1"
      }
    ]
  },
  {
    "Index": "14571",
    "RawText": "새 tv를 합리적인 가격에 잘 구매해서 좋아요 기본적인 기능들은 아주 충실해서 만족합니다 에너지 효율도 1등급이라니 정말 마음에 드네요! 설치기사님이 인터넷 방송채널에도 연결해주시고 너무 만족해요",
    "Source": "쇼핑몰",
    "Domain": "가전",
    "MainCategory": "영상/음향가전",
    "ProductName": "울트라HD LG전자 55UR642S0NC 스탠드",
    "ReviewScore": "5",
    "Syllable": "109",
    "Word": "24",
    "RDate": "20211105",
    "Aspects": [
      {
        "Aspect": "가격",
        "SentimentText": " 새 tv를 합리적인 가격에 잘 구매해서 좋아요",
        "SentimentWord": "7",
        "SentimentPolarity": "1"
      },
      {
        "Aspect": "기능",
        "SentimentText": "기본적인 기능들은 아주 충실해서 만족합니다",
        "SentimentWord": "5",
        "SentimentPolarity": "1"
      },
      {
        "Aspect": "소비전력",
        "SentimentText": "에너지 효율도 1등급이라니 정말 마음에 드네요! ",
        "SentimentWord": "6",
        "SentimentPolarity": "1"
      }
    ]
  },
  {
    "Index": "14574",
    "RawText": "10일만에 생각보다 빠르게 배송받아서 좋아요 깔끔하게 설치도 해주시고 폐가전도 수거해주시니 서비스가 좋았습니다. 화질도 밝아서 좋구요 합리적인 가격에 잘 구매했습니다",
    "Source": "쇼핑몰",
    "Domain": "가전",
    "MainCategory": "영상/음향가전",
    "ProductName": "울트라HD LG전자 55UR642S0NC 스탠드",
    "ReviewScore": "5",
    "Syllable": "92",
    "Word": "19",
    "RDate": "20220316",
    "Aspects": [
      {
        "Aspect": "화질",
        "SentimentText": "화질도 밝아서 좋구요 ",
        "SentimentWord": "3",
        "SentimentPolarity": "1"
      },
      {
        "Aspect": "가격",
        "SentimentText": "합리적인 가격에 잘 구매했습니다",
        "SentimentWord": "4",
        "SentimentPolarity": "1"
      }
    ]
  },
  {
    "Index": "14575",
    "RawText": "가격이 착한것 같아 좋아요^^  생각보다 화면이 크니까 엄마가 좋아하세요 굿~",
    "Source": "쇼핑몰",
    "Domain": "가전",
    "MainCategory": "영상/음향가전",
    "ProductName": "울트라HD LG전자 55UR642S0NC 스탠드",
    "ReviewScore": "5",
    "Syllable": "43",
    "Word": "10",
    "RDate": "20220204",
    "Aspects": [
      {
        "Aspect": "가격",
        "SentimentText": "가격이 착한것 같아 좋아요^^",
        "SentimentWord": "4",
        "SentimentPolarity": "1"
      },
      {
        "Aspect": "사이즈",
        "SentimentText": "생각보다 화면이 크니까 엄마가 좋아하세요 굿~",
        "SentimentWord": "6",
        "SentimentPolarity": "1"
      }
    ]
  },
  {
    "Index": "14576",
    "RawText": "55인치라 화면이 상당히 크게 느껴지네요 좋아요 화질이 선명하니까 보기도 좋습니다. 무더운여름에 설치와 설명 감사했어요!!",
    "Source": "쇼핑몰",
    "Domain": "가전",
    "MainCategory": "영상/음향가전",
    "ProductName": "울트라HD LG전자 55UR642S0NC 스탠드",
    "ReviewScore": "5",
    "Syllable": "68",
    "Word": "14",
    "RDate": "20220705",
    "Aspects": [
      {
        "Aspect": "사이즈",
        "SentimentText": "55인치라 화면이 상당히 크게 느껴지네요 좋아요",
        "SentimentWord": "6",
        "SentimentPolarity": "1"
      },
      {
        "Aspect": "화질",
        "SentimentText": "화질이 선명하니까 보기도 좋습니다.",
        "SentimentWord": "4",
        "SentimentPolarity": "1"
      }
    ]
  },
  {
    "Index": "14577",
    "RawText": "55인치 사이즈로 보니 영화볼 맛이 나네요 ㅎㅎ 좋아요!! 티비의 퀄리티 좋아요 ott 연결도 잘되고 완전 만족해요",
    "Source": "쇼핑몰",
    "Domain": "가전",
    "MainCategory": "영상/음향가전",
    "ProductName": "울트라HD LG전자 55UR642S0NC 스탠드",
    "ReviewScore": "5",
    "Syllable": "64",
    "Word": "16",
    "RDate": "20211028",
    "GeneralPolarity": "1",
    "Aspects": [
      {
        "Aspect": "사이즈",
        "SentimentText": "55인치 사이즈로 보니 영화볼 맛이 나네요 ㅎㅎ 좋아요!!",
        "SentimentWord": "8",
        "SentimentPolarity": "1"
      },
      {
        "Aspect": "품질",
        "SentimentText": "티비의 퀄리티 좋아요",
        "SentimentWord": "3",
        "SentimentPolarity": "1"
      },
      {
        "Aspect": "기능",
        "SentimentText": "ott 연결도 잘되고 완전 만족해요",
        "SentimentWord": "5",
        "SentimentPolarity": "1"
      }
    ]
  },
  {
    "Index": "14579",
    "RawText": "벽걸이 설치했는데 기사님께서 깔끔하게 잘해주셔서 좋아요!! 품질의 퀄리티 만족합니다 그리고 디자인도 깔끔하게 만족해요 가격도 합리적이라 매우 좋아요^^",
    "Source": "쇼핑몰",
    "Domain": "가전",
    "MainCategory": "영상/음향가전",
    "ProductName": "울트라HD LG전자 55UR642S0NC 스탠드",
    "ReviewScore": "5",
    "Syllable": "84",
    "Word": "17",
    "RDate": "20220319",
    "Aspects": [
      {
        "Aspect": "품질",
        "SentimentText": "품질의 퀄리티 만족합니다",
        "SentimentWord": "3",
        "SentimentPolarity": "1"
      },
      {
        "Aspect": "디자인",
        "SentimentText": "그리고 디자인도 깔끔하게 만족해요",
        "SentimentWord": "4",
        "SentimentPolarity": "1"
      },
      {
        "Aspect": "가격",
        "SentimentText": "가격도 합리적이라 매우 좋아요^^",
        "SentimentWord": "4",
        "SentimentPolarity": "1"
      }
    ]
  }
]