[
  {
    "Index": "15467",
    "RawText": "사운드바로 듣는 영화와 음악은 확실히 입체감이 달라서 좋아요 최고!고급지고 깔끔한 디자인도 최고!!  ",
    "Source": "쇼핑몰",
    "Domain": "가전",
    "MainCategory": "영상/음향가전",
    "ProductName": "LG전자 SL4F",
    "ReviewScore": "4",
    "Syllable": "57",
    "Word": "12",
    "RDate": "20210712",
    "GeneralPolarity": "1",
    "Aspects": [
      {
        "Aspect": "음량/음질",
        "SentimentText": "사운드바로 듣는 영화와 음악은 확실히 입체감이 달라서 좋아요 최고!",
        "SentimentWord": "9",
        "SentimentPolarity": "1"
      },
      {
        "Aspect": "디자인",
        "SentimentText": "고급지고 깔끔한 디자인도 최고!!",
        "SentimentWord": "4",
        "SentimentPolarity": "1"
      }
    ]
  },
  {
    "Index": "15468",
    "RawText": "음악듣거나 영화볼때 중저음이 느껴져서 만족해요 완전 좋아요~~ 색상도 매트한 블랙이라 깔끔하고 예쁩니다!",
    "Source": "쇼핑몰",
    "Domain": "가전",
    "MainCategory": "영상/음향가전",
    "ProductName": "LG전자 SL4F",
    "ReviewScore": "5",
    "Syllable": "58",
    "Word": "12",
    "RDate": "20201127",
    "Aspects": [
      {
        "Aspect": "음량/음질",
        "SentimentText": "음악듣거나 영화볼때 중저음이 느껴져서 만족해요 완전 좋아요~~",
        "SentimentWord": "7",
        "SentimentPolarity": "1"
      },
      {
        "Aspect": "색상",
        "SentimentText": "색상도 매트한 블랙이라 깔끔하고 예쁩니다!",
        "SentimentWord": "5",
        "SentimentPolarity": "1"
      }
    ]
  },
  {
    "Index": "15469",
    "RawText": "가성비가 뛰어나서 득템한 기분이에요~ 사운드바에 받침대가 있어 보기에 그럴싸하게 보여요 최고",
    "Source": "쇼핑몰",
    "Domain": "가전",
    "MainCategory": "영상/음향가전",
    "ProductName": "LG전자 SL4F",
    "ReviewScore": "5",
    "Syllable": "51",
    "Word": "11",
    "RDate": "20220111",
    "GeneralPolarity": "1",
    "Aspects": [
      {
        "Aspect": "가격",
        "SentimentText": "가성비가 뛰어나서 득템한 기분이에요~",
        "SentimentWord": "4",
        "SentimentPolarity": "1"
      },
      {
        "Aspect": "제품구성",
        "SentimentText": "사운드바에 받침대가 있어 보기에 그럴싸하게 보여요 최고",
        "SentimentWord": "7",
        "SentimentPolarity": "1"
      }
    ]
  },
  {
    "Index": "15470",
    "RawText": "배송이 엄청 빨라서 만족해요 직접 설치 간단해서 좋고 작동도 잘되어 좋습니다~  리모콘 볼륨 연동이 안되는 부분이 아쉽긴합니다 ㅠ 저렴한 가격에 좋은 제품 완전 잘 샀어요~^^",
    "Source": "쇼핑몰",
    "Domain": "가전",
    "MainCategory": "영상/음향가전",
    "ProductName": "LG전자 SL4F",
    "ReviewScore": "5",
    "Syllable": "98",
    "Word": "25",
    "RDate": "20201212",
    "Aspects": [
      {
        "Aspect": "조작성",
        "SentimentText": "직접 설치 간단해서 좋고 작동도 잘되어 좋습니다~ ",
        "SentimentWord": "7",
        "SentimentPolarity": "1"
      },
      {
        "Aspect": "기능",
        "SentimentText": "리모콘 볼륨 연동이 안되는 부분이 아쉽긴합니다 ㅠ",
        "SentimentWord": "7",
        "SentimentPolarity": "-1"
      },
      {
        "Aspect": "가격",
        "SentimentText": "저렴한 가격에 좋은 제품 완전 잘 샀어요~^^",
        "SentimentWord": "7",
        "SentimentPolarity": "1"
      }
    ]
  },
  {
    "Index": "15471",
    "RawText": "우퍼는 사운드 뽑아내는 성능이 정말 좋은 것 같아요! 그렇지만 생각만큼 음질은 그저 그렇네요.. 영화나 음악은 풍성한 음질이 들을만 해요~",
    "Source": "쇼핑몰",
    "Domain": "가전",
    "MainCategory": "영상/음향가전",
    "ProductName": "LG전자 SL4F",
    "ReviewScore": "3",
    "Syllable": "77",
    "Word": "19",
    "RDate": "20210906",
    "Aspects": [
      {
        "Aspect": "기능",
        "SentimentText": "우퍼는 사운드 뽑아내는 성능이 정말 좋은 것 같아요!",
        "SentimentWord": "8",
        "SentimentPolarity": "1"
      },
      {
        "Aspect": "음량/음질",
        "SentimentText": "그렇지만 생각만큼 음질은 그저 그렇네요.. 영화나 음악은 풍성한 음질이 들을만 해요~",
        "SentimentWord": "11",
        "SentimentPolarity": "0"
      }
    ]
  },
  {
    "Index": "15472",
    "RawText": "빠른 배송 아주 좋아요 하루만에 오다니 대박이에요 음질도 빵빵하니 너무 괜찮아요^^ 디자인도 세련돼서 좋구요 사이즈 슬림하니 대만족입니다~",
    "Source": "쇼핑몰",
    "Domain": "가전",
    "MainCategory": "영상/음향가전",
    "ProductName": "LG전자 SL4F",
    "ReviewScore": "5",
    "Syllable": "77",
    "Word": "17",
    "RDate": "20211231",
    "Aspects": [
      {
        "Aspect": "음량/음질",
        "SentimentText": "음질도 빵빵하니 너무 괜찮아요^^",
        "SentimentWord": "4",
        "SentimentPolarity": "1"
      },
      {
        "Aspect": "디자인",
        "SentimentText": "디자인도 세련돼서 좋구요",
        "SentimentWord": "3",
        "SentimentPolarity": "1"
      },
      {
        "Aspect": "사이즈",
        "SentimentText": "사이즈 슬림하니 대만족입니다~",
        "SentimentWord": "3",
        "SentimentPolarity": "1"
      }
    ]
  },
  {
    "Index": "15473",
    "RawText": "생각외로 음질이 별로라서 아쉽네요 ㅠㅠ 블루투스 연결은 잘되네요.. 배송은 빨라서 만족해요~",
    "Source": "쇼핑몰",
    "Domain": "가전",
    "MainCategory": "영상/음향가전",
    "ProductName": "LG전자 SL4F",
    "ReviewScore": "2",
    "Syllable": "51",
    "Word": "11",
    "RDate": "20210811",
    "Aspects": [
      {
        "Aspect": "음량/음질",
        "SentimentText": "생각외로 음질이 별로라서 아쉽네요 ㅠㅠ",
        "SentimentWord": "5",
        "SentimentPolarity": "-1"
      },
      {
        "Aspect": "기능",
        "SentimentText": "블루투스 연결은 잘되네요..",
        "SentimentWord": "3",
        "SentimentPolarity": "1"
      }
    ]
  },
  {
    "Index": "15474",
    "RawText": "직접설치 하는데 어려워서 시간이 좀 걸렸어요 ;; 그치만 tv음량보다 훨씬 선명하게 잘들리고 영화 볼때 베이스도 웅장하게 들려서 아주 만족해요~^^",
    "Source": "쇼핑몰",
    "Domain": "가전",
    "MainCategory": "영상/음향가전",
    "ProductName": "LG전자 SL4F",
    "ReviewScore": "5",
    "Syllable": "82",
    "Word": "19",
    "RDate": "20191024",
    "GeneralPolarity": "0",
    "Aspects": [
      {
        "Aspect": "조작성",
        "SentimentText": "직접설치 하는데 어려워서 시간이 좀 걸렸어요 ;;",
        "SentimentWord": "7",
        "SentimentPolarity": "-1"
      },
      {
        "Aspect": "음량/음질",
        "SentimentText": "그치만 tv음량보다 훨씬 선명하게 잘들리고 영화 볼때 베이스도 웅장하게 들려서 아주 만족해요~^^",
        "SentimentWord": "12",
        "SentimentPolarity": "1"
      }
    ]
  },
  {
    "Index": "15475",
    "RawText": "블루투스연결로 고출력 음질을 간편하게 즐기수 있어 만족!쿠폰사용하니 가장 저렴해서 구입해서 그야말로 가성비 최상",
    "Source": "쇼핑몰",
    "Domain": "가전",
    "MainCategory": "영상/음향가전",
    "ProductName": "LG전자 SL4F",
    "ReviewScore": "1",
    "Syllable": "62",
    "Word": "13",
    "RDate": "20211202",
    "Aspects": [
      {
        "Aspect": "기능",
        "SentimentText": "블루투스연결로 고출력 음질을 간편하게 즐기수 있어 만족!",
        "SentimentWord": "7",
        "SentimentPolarity": "1"
      },
      {
        "Aspect": "가격",
        "SentimentText": "쿠폰사용하니 가장 저렴해서 구입해서 그야말로 가성비 최상",
        "SentimentWord": "7",
        "SentimentPolarity": "1"
      }
    ]
  },
  {
    "Index": "15476",
    "RawText": "성능이 좋아서 만족했어요 무선이라 편리하고 공간활용이 좋아요 ",
    "Source": "쇼핑몰",
    "Domain": "가전",
    "MainCategory": "영상/음향가전",
    "ProductName": "LG전자 SL4F",
    "ReviewScore": "5",
    "Syllable": "34",
    "Word": "7",
    "RDate": "20220222",
    "Aspects": [
      {
        "Aspect": "기능",
        "SentimentText": "성능이 좋아서 만족했어요 ",
        "SentimentWord": "3",
        "SentimentPolarity": "1"
      },
      {
        "Aspect": "편의성",
        "SentimentText": "무선이라 편리하고 공간활용이 좋아요",
        "SentimentWord": "4",
        "SentimentPolarity": "1"
      }
    ]
  },
  {
    "Index": "15478",
    "RawText": "티비와 엄청 큰 차이는 나지 않지만 영화볼땐 웅장해요 괜찮네요  TV리모컨으로도 음량 조절가능해서 좋네요",
    "Source": "쇼핑몰",
    "Domain": "가전",
    "MainCategory": "영상/음향가전",
    "ProductName": "LG전자 SL4F",
    "ReviewScore": "4",
    "Syllable": "58",
    "Word": "13",
    "RDate": "20200227",
    "Aspects": [
      {
        "Aspect": "음량/음질",
        "SentimentText": "티비와 엄청 큰 차이는 나지 않지만 영화볼땐 웅장해요 괜찮네요",
        "SentimentWord": "9",
        "SentimentPolarity": "1"
      },
      {
        "Aspect": "조작성",
        "SentimentText": "TV리모컨으로도 음량 조절가능해서 좋네요",
        "SentimentWord": "4",
        "SentimentPolarity": "1"
      }
    ]
  },
  {
    "Index": "15479",
    "RawText": "가격이 저렴한건 좋았어요 그런데 가격이 저렴한건지 생각보다 음질이 좋지는 않아서 아쉬워요 ",
    "Source": "쇼핑몰",
    "Domain": "가전",
    "MainCategory": "영상/음향가전",
    "ProductName": "LG전자 SL4F",
    "ReviewScore": "4",
    "Syllable": "50",
    "Word": "11",
    "RDate": "20220606",
    "GeneralPolarity": "0",
    "Aspects": [
      {
        "Aspect": "가격",
        "SentimentText": "가격이 저렴한건 좋았어요 ",
        "SentimentWord": "3",
        "SentimentPolarity": "1"
      },
      {
        "Aspect": "음량/음질",
        "SentimentText": "그런데 가격이 저렴한건지 생각보다 음질이 좋지는 않아서 아쉬워요",
        "SentimentWord": "8",
        "SentimentPolarity": "-1"
      }
    ]
  },
  {
    "Index": "15480",
    "RawText": "좀 오래 사용하였더니 열감이 있네요 아쉽!! 생각보다 무게감이 느껴져서 단점이예요",
    "Source": "쇼핑몰",
    "Domain": "가전",
    "MainCategory": "영상/음향가전",
    "ProductName": "LG전자 SL4F",
    "ReviewScore": "5",
    "Syllable": "45",
    "Word": "10",
    "RDate": "20210325",
    "GeneralPolarity": "-1",
    "Aspects": [
      {
        "Aspect": "내구성",
        "SentimentText": "좀 오래 사용하였더니 열감이 있네요 아쉽!! ",
        "SentimentWord": "6",
        "SentimentPolarity": "-1"
      },
      {
        "Aspect": "무게",
        "SentimentText": "생각보다 무게감이 느껴져서 단점이예요",
        "SentimentWord": "4",
        "SentimentPolarity": "-1"
      }
    ]
  },
  {
    "Index": "15481",
    "RawText": "우퍼가 실화인가요 엄청 빵빵합니다 굿굿 그런데 HDMI 포트가 없는게 참 아쉽습니다.",
    "Source": "쇼핑몰",
    "Domain": "가전",
    "MainCategory": "영상/음향가전",
    "ProductName": "LG전자 SL4F",
    "ReviewScore": "4",
    "Syllable": "47",
    "Word": "11",
    "RDate": "20211227",
    "GeneralPolarity": "0",
    "Aspects": [
      {
        "Aspect": "음량/음질",
        "SentimentText": "우퍼가 실화인가요 엄청 빵빵합니다 굿굿",
        "SentimentWord": "5",
        "SentimentPolarity": "1"
      },
      {
        "Aspect": "제품구성",
        "SentimentText": "그런데 HDMI 포트가 없는게 참 아쉽습니다.",
        "SentimentWord": "6",
        "SentimentPolarity": "-1"
      }
    ]
  },
  {
    "Index": "15482",
    "RawText": "영화볼땐 괜찮은듯하나 일반티비볼때 차이가 없는점에 음질에 실망했어요 ㅜ 우퍼도 소리가 약해서 작동하는지 모르게 아쉽네요 ",
    "Source": "쇼핑몰",
    "Domain": "가전",
    "MainCategory": "영상/음향가전",
    "ProductName": "LG전자 SL4F",
    "ReviewScore": "3",
    "Syllable": "67",
    "Word": "14",
    "RDate": "20211101",
    "GeneralPolarity": "-1",
    "Aspects": [
      {
        "Aspect": "음량/음질",
        "SentimentText": "영화볼땐 괜찮은듯하나 일반티비볼때 차이가 없는점에 음질에 실망했어요 ㅜ ",
        "SentimentWord": "8",
        "SentimentPolarity": "-1"
      },
      {
        "Aspect": "음량/음질",
        "SentimentText": "우퍼도 소리가 약해서 작동하는지 모르게 아쉽네요",
        "SentimentWord": "6",
        "SentimentPolarity": "-1"
      }
    ]
  },
  {
    "Index": "15484",
    "RawText": "확인하지못한 저의 실수 ㅜㅜ HDMI 단자가 없는점 아쉬워요 옵티컬로만 연결 가능한점 아쉬운데 참고하세요",
    "Source": "쇼핑몰",
    "Domain": "가전",
    "MainCategory": "영상/음향가전",
    "ProductName": "LG전자 SL4F",
    "ReviewScore": "3",
    "Syllable": "58",
    "Word": "13",
    "RDate": "20220711",
    "GeneralPolarity": "-1",
    "Aspects": [
      {
        "Aspect": "제품구성",
        "SentimentText": "확인하지못한 저의 실수 ㅜㅜ HDMI 단자가 없는점 아쉬워요",
        "SentimentWord": "8",
        "SentimentPolarity": "-1"
      },
      {
        "Aspect": "조작성",
        "SentimentText": "옵티컬로만 연결 가능한점 아쉬운데 참고하세요",
        "SentimentWord": "5",
        "SentimentPolarity": "-1"
      }
    ]
  },
  {
    "Index": "15485",
    "RawText": "제품의 품질이 마음에 쏙 들어요 섬세한소리와 중저음의소리가 영화나 음악감상에도 훌륭하네요",
    "Source": "쇼핑몰",
    "Domain": "가전",
    "MainCategory": "영상/음향가전",
    "ProductName": "LG전자 SL4F",
    "ReviewScore": "4",
    "Syllable": "49",
    "Word": "10",
    "RDate": "20210912",
    "Aspects": [
      {
        "Aspect": "품질",
        "SentimentText": "제품의 품질이 마음에 쏙 들어요",
        "SentimentWord": "5",
        "SentimentPolarity": "1"
      },
      {
        "Aspect": "음량/음질",
        "SentimentText": "섬세한소리와 중저음의소리가 영화나 음악감상에도 훌륭하네요",
        "SentimentWord": "5",
        "SentimentPolarity": "1"
      }
    ]
  },
  {
    "Index": "15486",
    "RawText": "음질은 가격대비 그럭저럭이예요 품질은 더 좋은걸 살껄 후회가 남습니다 ㅜㅜ ",
    "Source": "쇼핑몰",
    "Domain": "가전",
    "MainCategory": "영상/음향가전",
    "ProductName": "LG전자 SL4F",
    "ReviewScore": "4",
    "Syllable": "42",
    "Word": "10",
    "RDate": "20220506",
    "GeneralPolarity": "-1",
    "Aspects": [
      {
        "Aspect": "음량/음질",
        "SentimentText": "음질은 가격대비 그럭저럭이예요",
        "SentimentWord": "3",
        "SentimentPolarity": "0"
      },
      {
        "Aspect": "품질",
        "SentimentText": "품질은 더 좋은걸 살껄 후회가 남습니다 ㅜㅜ",
        "SentimentWord": "7",
        "SentimentPolarity": "-1"
      }
    ]
  },
  {
    "Index": "15487",
    "RawText": "하루만에 총알배송 완전 만족합니다. 티비랑 연동도 되니까 아주 좋아요 소리의 음량도 티비랑은 확실히 다르니 만족해요 ",
    "Source": "쇼핑몰",
    "Domain": "가전",
    "MainCategory": "영상/음향가전",
    "ProductName": "LG전자 SL4F",
    "ReviewScore": "5",
    "Syllable": "65",
    "Word": "15",
    "RDate": "20220105",
    "Aspects": [
      {
        "Aspect": "기능",
        "SentimentText": "티비랑 연동도 되니까 아주 좋아요",
        "SentimentWord": "5",
        "SentimentPolarity": "1"
      },
      {
        "Aspect": "음량/음질",
        "SentimentText": "소리의 음량도 티비랑은 확실히 다르니 만족해요",
        "SentimentWord": "6",
        "SentimentPolarity": "1"
      }
    ]
  },
  {
    "Index": "15488",
    "RawText": "사운드의 저음이 살짝 약하게 느껴지는 점은 아쉬웠습니다. 그래도 가격은 적당하고 저렴한 편이라 좋았어요",
    "Source": "쇼핑몰",
    "Domain": "가전",
    "MainCategory": "영상/음향가전",
    "ProductName": "LG전자 SL4F",
    "ReviewScore": "5",
    "Syllable": "57",
    "Word": "13",
    "RDate": "20211228",
    "GeneralPolarity": "0",
    "Aspects": [
      {
        "Aspect": "음량/음질",
        "SentimentText": "사운드의 저음이 살짝 약하게 느껴지는 점은 아쉬웠습니다.",
        "SentimentWord": "7",
        "SentimentPolarity": "-1"
      },
      {
        "Aspect": "가격",
        "SentimentText": "그래도 가격은 적당하고 저렴한 편이라 좋았어요",
        "SentimentWord": "6",
        "SentimentPolarity": "1"
      }
    ]
  },
  {
    "Index": "15489",
    "RawText": "타사브랜드 보다 가격대비 좋아요ㅎ 설치하고 들어봤는데 소리가 확실히 선명하고 잘들려요 굿!!",
    "Source": "쇼핑몰",
    "Domain": "가전",
    "MainCategory": "영상/음향가전",
    "ProductName": "LG전자 SP2 정품",
    "ReviewScore": "5",
    "Syllable": "51",
    "Word": "11",
    "RDate": "20220519",
    "Aspects": [
      {
        "Aspect": "가격",
        "SentimentText": "타사브랜드 보다 가격대비 좋아요",
        "SentimentWord": "4",
        "SentimentPolarity": "1"
      },
      {
        "Aspect": "음량/음질",
        "SentimentText": "설치하고 들어봤는데 소리가 확실히 선명하고 잘들려요 굿!!",
        "SentimentWord": "7",
        "SentimentPolarity": "1"
      }
    ]
  },
  {
    "Index": "15490",
    "RawText": "TV 스피커보다는 좋지만 사운드바의 음량이 아쉽네요 HDMI ARC 연결은 이상하게 소리가 나는게 단점입니다.",
    "Source": "쇼핑몰",
    "Domain": "가전",
    "MainCategory": "영상/음향가전",
    "ProductName": "LG전자 SP2 정품",
    "ReviewScore": "4",
    "Syllable": "61",
    "Word": "13",
    "RDate": "20220529",
    "GeneralPolarity": "-1",
    "Aspects": [
      {
        "Aspect": "음량/음질",
        "SentimentText": "TV 스피커보다는 좋지만 사운드바의 음량이 아쉽네요",
        "SentimentWord": "6",
        "SentimentPolarity": "-1"
      },
      {
        "Aspect": "소음",
        "SentimentText": "HDMI ARC 연결은 이상하게 소리가 나는게 단점입니다.",
        "SentimentWord": "7",
        "SentimentPolarity": "-1"
      }
    ]
  },
  {
    "Index": "15491",
    "RawText": "확실히 사운드바의 음량이 여유가 생긴 느낌이고 부드럽게 소리가 출력되니 좋아요 가성비 좋은 제품이라 만족해요  특히 광출력단자가 포함되어있어서 별도 구매하지 않고 바로 연결가능해서 좋아요^^",
    "Source": "쇼핑몰",
    "Domain": "가전",
    "MainCategory": "영상/음향가전",
    "ProductName": "LG전자 SP2 정품",
    "ReviewScore": "4",
    "Syllable": "106",
    "Word": "23",
    "RDate": "20220824",
    "GeneralPolarity": "1",
    "Aspects": [
      {
        "Aspect": "음량/음질",
        "SentimentText": "확실히 사운드바의 음량이 여유가 생긴 느낌이고 부드럽게 소리가 출력되니 좋아요 ",
        "SentimentWord": "10",
        "SentimentPolarity": "1"
      },
      {
        "Aspect": "가격",
        "SentimentText": "가성비 좋은 제품이라 만족해요",
        "SentimentWord": "4",
        "SentimentPolarity": "1"
      },
      {
        "Aspect": "제품구성",
        "SentimentText": "특히 광출력단자가 포함되어있어서 별도 구매하지 않고 바로 연결가능해서 좋아요^^",
        "SentimentWord": "9",
        "SentimentPolarity": "1"
      }
    ]
  },
  {
    "Index": "15492",
    "RawText": "영화나 음악을 들을때 사운드바를 이용하니까 음질이 커서 좋아요 티비 밑에는 사이즈가안맞아서 아쉬워요 뒤에 설치하고 쓰고 있어요",
    "Source": "쇼핑몰",
    "Domain": "가전",
    "MainCategory": "영상/음향가전",
    "ProductName": "LG전자 SP2 정품",
    "ReviewScore": "5",
    "Syllable": "70",
    "Word": "16",
    "RDate": "20220305",
    "GeneralPolarity": "0",
    "Aspects": [
      {
        "Aspect": "음량/음질",
        "SentimentText": "영화나 음악을 들을때 사운드바를 이용하니까 음질이 커서 좋아요",
        "SentimentWord": "8",
        "SentimentPolarity": "1"
      },
      {
        "Aspect": "사이즈",
        "SentimentText": "티비 밑에는 사이즈가안맞아서 아쉬워요 뒤에 설치하고 쓰고 있어요",
        "SentimentWord": "8",
        "SentimentPolarity": "-1"
      }
    ]
  },
  {
    "Index": "15493",
    "RawText": "가격이 생각보다 저렴해서 일단 좋았어요 음질은 빵빵하니 좋네요 강추~!",
    "Source": "쇼핑몰",
    "Domain": "가전",
    "MainCategory": "영상/음향가전",
    "ProductName": "LG전자 SP2 정품",
    "ReviewScore": "5",
    "Syllable": "39",
    "Word": "9",
    "RDate": "20211228",
    "GeneralPolarity": "1",
    "Aspects": [
      {
        "Aspect": "가격",
        "SentimentText": "가격이 생각보다 저렴해서 일단 좋았어요",
        "SentimentWord": "5",
        "SentimentPolarity": "1"
      },
      {
        "Aspect": "음량/음질",
        "SentimentText": "음질은 빵빵하니 좋네요 강추~!",
        "SentimentWord": "4",
        "SentimentPolarity": "1"
      }
    ]
  },
  {
    "Index": "15494",
    "RawText": "가격이 저렴한것이 일단 장점이예요 인테리어 효과가 있을정도의 디자인이라 좋구요 반면에 소리는 기대하지 마시길.. 사운드 효과가 별로 없어서 아쉽습니다.",
    "Source": "쇼핑몰",
    "Domain": "가전",
    "MainCategory": "영상/음향가전",
    "ProductName": "LG전자 SP2 정품",
    "ReviewScore": "4",
    "Syllable": "84",
    "Word": "18",
    "RDate": "20211015",
    "GeneralPolarity": "0",
    "Aspects": [
      {
        "Aspect": "가격",
        "SentimentText": "가격이 저렴한것이 일단 장점이예요 ",
        "SentimentWord": "4",
        "SentimentPolarity": "1"
      },
      {
        "Aspect": "디자인",
        "SentimentText": "인테리어 효과가 있을정도의 디자인이라 좋구요",
        "SentimentWord": "5",
        "SentimentPolarity": "1"
      },
      {
        "Aspect": "음량/음질",
        "SentimentText": "반면에 소리는 기대하지 마시길.. 사운드 효과가 별로 없어서 아쉽습니다.",
        "SentimentWord": "9",
        "SentimentPolarity": "-1"
      }
    ]
  },
  {
    "Index": "15495",
    "RawText": "가성비 최고인 제품이예요! 음질은 그냥 보통인것같아 좋다고 하기는 어렵네요 볼륨을 크게 듣기에는 짱짱하니 좋은 제품이고요 HDMI in 이 있어서 OOO 연결하기 편한것같아서 만족해요",
    "Source": "쇼핑몰",
    "Domain": "가전",
    "MainCategory": "영상/음향가전",
    "ProductName": "LG전자 SP2 정품",
    "ReviewScore": "2",
    "Syllable": "102",
    "Word": "23",
    "RDate": "20220324",
    "Aspects": [
      {
        "Aspect": "가격",
        "SentimentText": "가성비 최고인 제품이예요!",
        "SentimentWord": "3",
        "SentimentPolarity": "1"
      },
      {
        "Aspect": "음량/음질",
        "SentimentText": "음질은 그냥 보통인것같아 좋다고 하기는 어렵네요",
        "SentimentWord": "6",
        "SentimentPolarity": "0"
      },
      {
        "Aspect": "음량/음질",
        "SentimentText": "볼륨을 크게 듣기에는 짱짱하니 좋은 제품이고요 ",
        "SentimentWord": "6",
        "SentimentPolarity": "1"
      },
      {
        "Aspect": "편의성",
        "SentimentText": "HDMI in 이 있어서 OOO 연결하기 편한것같아서 만족해요",
        "SentimentWord": "8",
        "SentimentPolarity": "1"
      }
    ]
  },
  {
    "Index": "15496",
    "RawText": "가성비가 좋은 제품입니다. 그런데 블랙색상이였으면 하는 아쉬움이 남아요!",
    "Source": "쇼핑몰",
    "Domain": "가전",
    "MainCategory": "영상/음향가전",
    "ProductName": "LG전자 SP2 정품",
    "ReviewScore": "5",
    "Syllable": "40",
    "Word": "8",
    "RDate": "20220519",
    "GeneralPolarity": "0",
    "Aspects": [
      {
        "Aspect": "가격",
        "SentimentText": "가성비가 좋은 제품입니다.",
        "SentimentWord": "3",
        "SentimentPolarity": "1"
      },
      {
        "Aspect": "색상",
        "SentimentText": "그런데 블랙색상이였으면 하는 아쉬움이 남아요!",
        "SentimentWord": "5",
        "SentimentPolarity": "-1"
      }
    ]
  },
  {
    "Index": "15497",
    "RawText": "기존티비소리가 안좋았다보니 사운드바 음량이 무지 선명해서 좋습니다. 가성비 측면에서도 우수해요^^",
    "Source": "쇼핑몰",
    "Domain": "가전",
    "MainCategory": "영상/음향가전",
    "ProductName": "LG전자 SP2 정품",
    "ReviewScore": "4",
    "Syllable": "54",
    "Word": "10",
    "RDate": "20220603",
    "GeneralPolarity": "1",
    "Aspects": [
      {
        "Aspect": "음량/음질",
        "SentimentText": "기존티비소리가 안좋았다보니 사운드바 음량이 무지 선명해서 좋습니다.",
        "SentimentWord": "7",
        "SentimentPolarity": "1"
      },
      {
        "Aspect": "가격",
        "SentimentText": "가성비 측면에서도 우수해요^^",
        "SentimentWord": "3",
        "SentimentPolarity": "1"
      }
    ]
  },
  {
    "Index": "15498",
    "RawText": "역시 가성비 좋은 최고의 제품 입니다. 저렴하게 구입해서 만족하구요 소리도빵빵하니 후회없는 선택이고요^^ 리모컨도 있고 만족합니다.",
    "Source": "쇼핑몰",
    "Domain": "가전",
    "MainCategory": "영상/음향가전",
    "ProductName": "LG전자 SP2 정품",
    "ReviewScore": "5",
    "Syllable": "73",
    "Word": "15",
    "RDate": "20220501",
    "GeneralPolarity": "1",
    "Aspects": [
      {
        "Aspect": "가격",
        "SentimentText": "역시 가성비 좋은 최고의 제품 입니다. ",
        "SentimentWord": "6",
        "SentimentPolarity": "1"
      },
      {
        "Aspect": "가격",
        "SentimentText": "저렴하게 구입해서 만족하구요 ",
        "SentimentWord": "3",
        "SentimentPolarity": "1"
      },
      {
        "Aspect": "음량/음질",
        "SentimentText": "소리도빵빵하니 후회없는 선택이고요^^",
        "SentimentWord": "3",
        "SentimentPolarity": "1"
      },
      {
        "Aspect": "제품구성",
        "SentimentText": "리모컨도 있고 만족합니다.",
        "SentimentWord": "3",
        "SentimentPolarity": "1"
      }
    ]
  },
  {
    "Index": "15499",
    "RawText": "이제품은 디자인이 심플해서 만족스러워요 광케이블이 같이 동봉되어있어서 좋구요 광케이블 쓰니 음질이 매우 우수해서 좋아요",
    "Source": "쇼핑몰",
    "Domain": "가전",
    "MainCategory": "영상/음향가전",
    "ProductName": "LG전자 SP2 정품",
    "ReviewScore": "5",
    "Syllable": "66",
    "Word": "14",
    "RDate": "20211006",
    "GeneralPolarity": "1",
    "Aspects": [
      {
        "Aspect": "디자인",
        "SentimentText": "이제품은 디자인이 심플해서 만족스러워요",
        "SentimentWord": "4",
        "SentimentPolarity": "1"
      },
      {
        "Aspect": "제품구성",
        "SentimentText": "광케이블이 같이 동봉되어있어서 좋구요",
        "SentimentWord": "4",
        "SentimentPolarity": "1"
      },
      {
        "Aspect": "음량/음질",
        "SentimentText": "광케이블 쓰니 음질이 매우 우수해서 좋아요",
        "SentimentWord": "6",
        "SentimentPolarity": "1"
      }
    ]
  },
  {
    "Index": "15500",
    "RawText": "동일한 브랜드를 쓰니까 역시 편리합니다 연결하기도 편하고 조작도 쉬워요 사운드도 풍성하고 매우 만족해요^^",
    "Source": "쇼핑몰",
    "Domain": "가전",
    "MainCategory": "영상/음향가전",
    "ProductName": "LG전자 SP2 정품",
    "ReviewScore": "5",
    "Syllable": "59",
    "Word": "13",
    "RDate": "20211002",
    "GeneralPolarity": "1",
    "Aspects": [
      {
        "Aspect": "편의성",
        "SentimentText": "동일한 브랜드를 쓰니까 역시 편리합니다 연결하기도 편하고 조작도 쉬워요",
        "SentimentWord": "9",
        "SentimentPolarity": "1"
      },
      {
        "Aspect": "음량/음질",
        "SentimentText": "사운드도 풍성하고 매우 만족해요^^",
        "SentimentWord": "4",
        "SentimentPolarity": "1"
      }
    ]
  },
  {
    "Index": "15502",
    "RawText": "품질이 매우 만족스러워요 음향도 더 풍부하고 음악 듣는 재미가 있어요",
    "Source": "쇼핑몰",
    "Domain": "가전",
    "MainCategory": "영상/음향가전",
    "ProductName": "LG전자 SP2 정품",
    "ReviewScore": "5",
    "Syllable": "38",
    "Word": "10",
    "RDate": "20220705",
    "Aspects": [
      {
        "Aspect": "품질",
        "SentimentText": "품질이 매우 만족스러워요",
        "SentimentWord": "3",
        "SentimentPolarity": "1"
      },
      {
        "Aspect": "음량/음질",
        "SentimentText": "음향도 더 풍부하고 음악 듣는 재미가 있어요",
        "SentimentWord": "7",
        "SentimentPolarity": "1"
      }
    ]
  },
  {
    "Index": "15503",
    "RawText": "스마트 모니터와 거실TV도 호환에 문제없으니 매우 만족^^ 가격도 가성비 매우 좋구요 생각보다 사이즈가 크다는점이 좋았어요",
    "Source": "쇼핑몰",
    "Domain": "가전",
    "MainCategory": "영상/음향가전",
    "ProductName": "LG전자 SP2 정품",
    "ReviewScore": "5",
    "Syllable": "68",
    "Word": "15",
    "RDate": "20220525",
    "GeneralPolarity": "1",
    "Aspects": [
      {
        "Aspect": "조작성",
        "SentimentText": "스마트 모니터와 거실TV도 호환에 문제없으니 매우 만족^^",
        "SentimentWord": "7",
        "SentimentPolarity": "1"
      },
      {
        "Aspect": "가격",
        "SentimentText": "가격도 가성비 매우 좋구요 ",
        "SentimentWord": "4",
        "SentimentPolarity": "1"
      },
      {
        "Aspect": "사이즈",
        "SentimentText": "생각보다 사이즈가 크다는점이 좋았어요",
        "SentimentWord": "4",
        "SentimentPolarity": "1"
      }
    ]
  },
  {
    "Index": "15504",
    "RawText": "작동 잘되고 좋습니다~ 기존티비랑의 음량의 차이가 엄청나요 또렷하고 만족합니다",
    "Source": "쇼핑몰",
    "Domain": "가전",
    "MainCategory": "영상/음향가전",
    "ProductName": "LG전자 SP2 정품",
    "ReviewScore": "5",
    "Syllable": "43",
    "Word": "9",
    "RDate": "20220701",
    "Aspects": [
      {
        "Aspect": "품질",
        "SentimentText": "작동 잘되고 좋습니다~",
        "SentimentWord": "3",
        "SentimentPolarity": "1"
      },
      {
        "Aspect": "음량/음질",
        "SentimentText": "기존티비랑의 음량의 차이가 엄청나요 또렷하고 만족합니다",
        "SentimentWord": "6",
        "SentimentPolarity": "1"
      }
    ]
  },
  {
    "Index": "15505",
    "RawText": "리모컨 하나만 사용할수 있어서 편해졌네요 그런데 생각보다 무거워서 아쉬워요;;",
    "Source": "쇼핑몰",
    "Domain": "가전",
    "MainCategory": "영상/음향가전",
    "ProductName": "LG전자 SP2 정품",
    "ReviewScore": "5",
    "Syllable": "43",
    "Word": "9",
    "RDate": "20220805",
    "Aspects": [
      {
        "Aspect": "편의성",
        "SentimentText": "리모컨 하나만 사용할수 있어서 편해졌네요",
        "SentimentWord": "5",
        "SentimentPolarity": "1"
      },
      {
        "Aspect": "무게",
        "SentimentText": "그런데 생각보다 무거워서 아쉬워요;;",
        "SentimentWord": "4",
        "SentimentPolarity": "-1"
      }
    ]
  },
  {
    "Index": "15506",
    "RawText": "오호!! 배송이 칼배송이라 만족해요  생각보다 사이즈가 작은점이 아쉽고 티비 스피커 보다는 음량의 선명함이 훨~~~대단해요^^ ",
    "Source": "쇼핑몰",
    "Domain": "가전",
    "MainCategory": "영상/음향가전",
    "ProductName": "LG전자 SP2 정품",
    "ReviewScore": "5",
    "Syllable": "71",
    "Word": "14",
    "RDate": "20220212",
    "Aspects": [
      {
        "Aspect": "사이즈",
        "SentimentText": "생각보다 사이즈가 작은점이 아쉽고",
        "SentimentWord": "4",
        "SentimentPolarity": "-1"
      },
      {
        "Aspect": "음량/음질",
        "SentimentText": "티비 스피커 보다는 음량의 선명함이 훨~~~대단해요^^",
        "SentimentWord": "6",
        "SentimentPolarity": "1"
      }
    ]
  },
  {
    "Index": "15507",
    "RawText": "티비 리모컨으로도 소리크기 조절이 가능해서 좋네요 전에 티비가 웅얼거리는 소리로 듣다가 선명하게 들려서 완전 만족하는 중입니다.^^",
    "Source": "쇼핑몰",
    "Domain": "가전",
    "MainCategory": "영상/음향가전",
    "ProductName": "LG전자 SP2 정품",
    "ReviewScore": "5",
    "Syllable": "73",
    "Word": "16",
    "RDate": "20220511",
    "Aspects": [
      {
        "Aspect": "조작성",
        "SentimentText": "티비 리모컨으로도 소리크기 조절이 가능해서 좋네요",
        "SentimentWord": "6",
        "SentimentPolarity": "1"
      },
      {
        "Aspect": "음량/음질",
        "SentimentText": "전에 티비가 웅얼거리는 소리로 듣다가 선명하게 들려서 완전 만족하는 중입니다.^^",
        "SentimentWord": "10",
        "SentimentPolarity": "1"
      }
    ]
  },
  {
    "Index": "15508",
    "RawText": "배송이 빠르다는점이 좋았어요  혹시나 반품된 상품 보내준다고 되어있어서 걱정했는데 새상품이라 다행히 만족했어요 음량도 풍부하고 잘구매한듯해요 티비외에도 블루투스 스피커로도 사용이 가능한점이 더 좋습니다.",
    "Source": "쇼핑몰",
    "Domain": "가전",
    "MainCategory": "영상/음향가전",
    "ProductName": "LG전자 SP2 정품",
    "ReviewScore": "5",
    "Syllable": "113",
    "Word": "22",
    "RDate": "20220604",
    "Aspects": [
      {
        "Aspect": "음량/음질",
        "SentimentText": "음량도 풍부하고 잘구매한듯해요 ",
        "SentimentWord": "3",
        "SentimentPolarity": "1"
      },
      {
        "Aspect": "기능",
        "SentimentText": "티비외에도 블루투스 스피커로도 사용이 가능한점이 더 좋습니다.",
        "SentimentWord": "7",
        "SentimentPolarity": "1"
      }
    ]
  },
  {
    "Index": "15509",
    "RawText": "배송이 빨라서 만족해요 그리고 품질도 정말 우수해서 좋고 음량도 지직거리는 소리없이 깔끔해서 매우 만족해요 블루투스 연결도 잘되어 만족하구요^^ ",
    "Source": "쇼핑몰",
    "Domain": "가전",
    "MainCategory": "영상/음향가전",
    "ProductName": "LG전자 SP2 정품",
    "ReviewScore": "5",
    "Syllable": "81",
    "Word": "18",
    "RDate": "20220525",
    "Aspects": [
      {
        "Aspect": "품질",
        "SentimentText": "그리고 품질도 정말 우수해서 좋고",
        "SentimentWord": "5",
        "SentimentPolarity": "1"
      },
      {
        "Aspect": "음량/음질",
        "SentimentText": "음량도 지직거리는 소리없이 깔끔해서 매우 만족해요",
        "SentimentWord": "6",
        "SentimentPolarity": "1"
      },
      {
        "Aspect": "조작성",
        "SentimentText": "블루투스 연결도 잘되어 만족하구요^^",
        "SentimentWord": "4",
        "SentimentPolarity": "1"
      }
    ]
  },
  {
    "Index": "15510",
    "RawText": "배송도 빨리와서 만족합니다. 상품 포장도 잘되어 제품도 양호해서 좋구요 품질은 딱 생각한 수준입니다. 보통! 가격도 저렴해서 만족해요.",
    "Source": "쇼핑몰",
    "Domain": "가전",
    "MainCategory": "영상/음향가전",
    "ProductName": "LG전자 SP2 정품",
    "ReviewScore": "5",
    "Syllable": "75",
    "Word": "17",
    "RDate": "20220724",
    "Aspects": [
      {
        "Aspect": "품질",
        "SentimentText": " 품질은 딱 생각한 수준입니다. 보통! ",
        "SentimentWord": "5",
        "SentimentPolarity": "0"
      },
      {
        "Aspect": "가격",
        "SentimentText": "가격도 저렴해서 만족해요.",
        "SentimentWord": "3",
        "SentimentPolarity": "1"
      }
    ]
  },
  {
    "Index": "15511",
    "RawText": "스피드한 칼배송에 좋았어요 포장도 깔끔하게 해주시니 만족해요 기사님도 친절하시고 매우 좋음^^ 무게가 생각보다 가벼워서 놀랐어요. 좋네요. 혼자서 손쉽게 연결이 가능해서 편해요",
    "Source": "쇼핑몰",
    "Domain": "가전",
    "MainCategory": "영상/음향가전",
    "ProductName": "LG전자 SP2 정품",
    "ReviewScore": "5",
    "Syllable": "98",
    "Word": "21",
    "RDate": "20220806",
    "Aspects": [
      {
        "Aspect": "무게",
        "SentimentText": "무게가 생각보다 가벼워서 놀랐어요. 좋네요.",
        "SentimentWord": "5",
        "SentimentPolarity": "1"
      },
      {
        "Aspect": "조작성",
        "SentimentText": "혼자서 손쉽게 연결이 가능해서 편해요",
        "SentimentWord": "5",
        "SentimentPolarity": "1"
      }
    ]
  },
  {
    "Index": "15512",
    "RawText": "품질 꽝! 추천안합니다 매우 불만족 컴퓨터 모니터에 연결하려고 구매했는데 AUX연결포트가 없다는점이 아쉽습니다.ㅜ",
    "Source": "쇼핑몰",
    "Domain": "가전",
    "MainCategory": "영상/음향가전",
    "ProductName": "LG전자 SP2 정품",
    "ReviewScore": "1",
    "Syllable": "63",
    "Word": "12",
    "RDate": "20220528",
    "GeneralPolarity": "-1",
    "Aspects": [
      {
        "Aspect": "품질",
        "SentimentText": "품질 꽝! 추천안합니다 매우 불만족",
        "SentimentWord": "5",
        "SentimentPolarity": "-1"
      },
      {
        "Aspect": "제품구성",
        "SentimentText": "컴퓨터 모니터에 연결하려고 구매했는데 AUX연결포트가 없다는점이 아쉽습니다.ㅜ",
        "SentimentWord": "7",
        "SentimentPolarity": "-1"
      }
    ]
  },
  {
    "Index": "15513",
    "RawText": "생각보다 품질이 불만족스러워요 음질도 한계가 있는듯 떨어지는 느낌이 들어서 아쉽고요",
    "Source": "쇼핑몰",
    "Domain": "가전",
    "MainCategory": "영상/음향가전",
    "ProductName": "LG전자 SP2 정품",
    "ReviewScore": "2",
    "Syllable": "46",
    "Word": "10",
    "RDate": "20220311",
    "GeneralPolarity": "-1",
    "Aspects": [
      {
        "Aspect": "품질",
        "SentimentText": "생각보다 품질이 불만족스러워요",
        "SentimentWord": "3",
        "SentimentPolarity": "-1"
      },
      {
        "Aspect": "음량/음질",
        "SentimentText": "음질도 한계가 있는듯 떨어지는 느낌이 들어서 아쉽고요",
        "SentimentWord": "7",
        "SentimentPolarity": "-1"
      }
    ]
  },
  {
    "Index": "15514",
    "RawText": "선명한 음질이 너무 좋아요 굳굳 특히 블루투스 연결기능이 있어 최고에요~ 가격도 착해서 득템한 기분 감사합니다^^",
    "Source": "쇼핑몰",
    "Domain": "가전",
    "MainCategory": "영상/음향가전",
    "ProductName": "LG전자 SP2 정품",
    "ReviewScore": "5",
    "Syllable": "63",
    "Word": "15",
    "RDate": "20220726",
    "GeneralPolarity": "1",
    "Aspects": [
      {
        "Aspect": "음량/음질",
        "SentimentText": "선명한 음질이 너무 좋아요 굳굳",
        "SentimentWord": "5",
        "SentimentPolarity": "1"
      },
      {
        "Aspect": "기능",
        "SentimentText": "특히 블루투스 연결기능이 있어 최고에요~",
        "SentimentWord": "5",
        "SentimentPolarity": "1"
      },
      {
        "Aspect": "가격",
        "SentimentText": "가격도 착해서 득템한 기분 감사합니다^^",
        "SentimentWord": "5",
        "SentimentPolarity": "1"
      }
    ]
  },
  {
    "Index": "15515",
    "RawText": "설명서에 설명이 좀 부족해 어리버리 했어요 자세한 설명 없어서 아쉽 ㅠ 티비소리보다 훨씬 선명하니 참 좋아요 굳굳 배송도 빨라서 맘에들고요~",
    "Source": "쇼핑몰",
    "Domain": "가전",
    "MainCategory": "영상/음향가전",
    "ProductName": "LG전자 SP2 정품",
    "ReviewScore": "5",
    "Syllable": "78",
    "Word": "20",
    "RDate": "20220304",
    "Aspects": [
      {
        "Aspect": "조작성",
        "SentimentText": "설명서에 설명이 좀 부족해 어리버리 했어요 자세한 설명 없어서 아쉽 ㅠ",
        "SentimentWord": "11",
        "SentimentPolarity": "-1"
      },
      {
        "Aspect": "음량/음질",
        "SentimentText": "티비소리보다 훨씬 선명하니 참 좋아요 굳굳",
        "SentimentWord": "6",
        "SentimentPolarity": "1"
      }
    ]
  },
  {
    "Index": "15516",
    "RawText": "설명에 자세히 나와있지 않아 연결이 힘들었어요 ㅠㅠ아쉽 다른 제품과는 호환이 전혀 안되는것같아 불만족합니다 ㅠ",
    "Source": "쇼핑몰",
    "Domain": "가전",
    "MainCategory": "영상/음향가전",
    "ProductName": "LG전자 SP2 정품",
    "ReviewScore": "4",
    "Syllable": "61",
    "Word": "14",
    "RDate": "20220608",
    "GeneralPolarity": "-1",
    "Aspects": [
      {
        "Aspect": "조작성",
        "SentimentText": "설명에 자세히 나와있지 않아 연결이 힘들었어요 ㅠㅠ아쉽",
        "SentimentWord": "7",
        "SentimentPolarity": "-1"
      },
      {
        "Aspect": "기능",
        "SentimentText": "다른 제품과는 호환이 전혀 안되는것같아 불만족합니다 ㅠ",
        "SentimentWord": "7",
        "SentimentPolarity": "-1"
      }
    ]
  },
  {
    "Index": "15517",
    "RawText": "소리가 쩌렁쩌렁 아주 좋고 우퍼로 인해 좀더 풍성한 음을 들을수 있어 넘 좋아요 휴대폰으로 블루투스연결 가능하여 좋습니다 기능굳굳",
    "Source": "쇼핑몰",
    "Domain": "가전",
    "MainCategory": "영상/음향가전",
    "ProductName": "LG전자 SP2 정품",
    "ReviewScore": "5",
    "Syllable": "72",
    "Word": "18",
    "RDate": "20220711",
    "GeneralPolarity": "1",
    "Aspects": [
      {
        "Aspect": "음량/음질",
        "SentimentText": "소리가 쩌렁쩌렁 아주 좋고 우퍼로 인해 좀더 풍성한 음을 들을수 있어 넘 좋아요",
        "SentimentWord": "13",
        "SentimentPolarity": "1"
      },
      {
        "Aspect": "기능",
        "SentimentText": "휴대폰으로 블루투스연결 가능하여 좋습니다 기능굳굳",
        "SentimentWord": "5",
        "SentimentPolarity": "1"
      }
    ]
  },
  {
    "Index": "15518",
    "RawText": "소리가 작지 않아 넘 좋아요 음질굳굳 OOO TV하고 잘 연동되는 기능이 좋아요~^^ 사운드바는 별도 조작이 필요없이 세팅이 완벽하네요 ^^ 만족합니다.",
    "Source": "쇼핑몰",
    "Domain": "가전",
    "MainCategory": "영상/음향가전",
    "ProductName": "LG전자 SP2 정품",
    "ReviewScore": "5",
    "Syllable": "85",
    "Word": "20",
    "RDate": "20220520",
    "GeneralPolarity": "1",
    "Aspects": [
      {
        "Aspect": "음량/음질",
        "SentimentText": "소리가 작지 않아 넘 좋아요 음질굳굳",
        "SentimentWord": "6",
        "SentimentPolarity": "1"
      },
      {
        "Aspect": "기능",
        "SentimentText": "OOO TV하고 잘 연동되는 기능이 좋아요~^^",
        "SentimentWord": "6",
        "SentimentPolarity": "1"
      },
      {
        "Aspect": "조작성",
        "SentimentText": "사운드바는 별도 조작이 필요없이 세팅이 완벽하네요 ^^ 만족합니다. ",
        "SentimentWord": "8",
        "SentimentPolarity": "1"
      }
    ]
  },
  {
    "Index": "15519",
    "RawText": "소리가 웅웅 울려 목욕탕 울리는 소리 같아요 매우 불만족 ㅠㅠ 색상은 인테리어용으로 좋아요~",
    "Source": "쇼핑몰",
    "Domain": "가전",
    "MainCategory": "영상/음향가전",
    "ProductName": "LG전자 SP2 정품",
    "ReviewScore": "1",
    "Syllable": "51",
    "Word": "13",
    "RDate": "20220426",
    "GeneralPolarity": "0",
    "Aspects": [
      {
        "Aspect": "음량/음질",
        "SentimentText": "소리가 웅웅 울려 목욕탕 울리는 소리 같아요 매우 불만족 ㅠㅠ",
        "SentimentWord": "10",
        "SentimentPolarity": "-1"
      },
      {
        "Aspect": "색상",
        "SentimentText": "색상은 인테리어용으로 좋아요~",
        "SentimentWord": "3",
        "SentimentPolarity": "1"
      }
    ]
  },
  {
    "Index": "15520",
    "RawText": "다음날 오전에 도착했네요 배송 실화인가? 너무 기분 좋습니다요^^ 역시 음질이 최상급으로 좋아서 만족요~ 다른기기들과도 연결가능하고 완전 대만족이에요^^",
    "Source": "쇼핑몰",
    "Domain": "가전",
    "MainCategory": "영상/음향가전",
    "ProductName": "LG전자 SP2 정품",
    "ReviewScore": "5",
    "Syllable": "85",
    "Word": "17",
    "RDate": "20220617",
    "Aspects": [
      {
        "Aspect": "음량/음질",
        "SentimentText": "역시 음질이 최상급으로 좋아서 만족요~",
        "SentimentWord": "5",
        "SentimentPolarity": "1"
      },
      {
        "Aspect": "기능",
        "SentimentText": "다른기기들과도 연결가능하고 완전 대만족이에요^^",
        "SentimentWord": "4",
        "SentimentPolarity": "1"
      }
    ]
  },
  {
    "Index": "15521",
    "RawText": "우퍼출력 좋아 소리 짱짱하네요~~ 제품도 가성비가 아주 좋아요 득템득템~~",
    "Source": "쇼핑몰",
    "Domain": "가전",
    "MainCategory": "영상/음향가전",
    "ProductName": "LG전자 SP2 정품",
    "ReviewScore": "5",
    "Syllable": "41",
    "Word": "9",
    "RDate": "20220405",
    "Aspects": [
      {
        "Aspect": "기능",
        "SentimentText": "우퍼출력 좋아 소리 짱짱하네요~~",
        "SentimentWord": "4",
        "SentimentPolarity": "1"
      },
      {
        "Aspect": "가격",
        "SentimentText": "제품도 가성비가 아주 좋아요 득템득템~~",
        "SentimentWord": "5",
        "SentimentPolarity": "1"
      }
    ]
  },
  {
    "Index": "15522",
    "RawText": "음악들을때 넘 좋아요 스테레오처럼 들려서 대만족~~ 무게가 가벼우니 잘옮겨서 듣고다녀요 굳",
    "Source": "쇼핑몰",
    "Domain": "가전",
    "MainCategory": "영상/음향가전",
    "ProductName": "LG전자 SP2 정품",
    "ReviewScore": "4",
    "Syllable": "50",
    "Word": "11",
    "RDate": "20220719",
    "GeneralPolarity": "1",
    "Aspects": [
      {
        "Aspect": "음량/음질",
        "SentimentText": "음악들을때 넘 좋아요 스테레오처럼 들려서 대만족~~",
        "SentimentWord": "6",
        "SentimentPolarity": "1"
      },
      {
        "Aspect": "무게",
        "SentimentText": "무게가 가벼우니 잘옮겨서 듣고다녀요 굳",
        "SentimentWord": "5",
        "SentimentPolarity": "1"
      }
    ]
  },
  {
    "Index": "15523",
    "RawText": "음향이 생각보다 너무 좋아서 대만족요 귀르가즘^^ 음악도 블루투스로 연결가능해서 너무 좋아요~^^",
    "Source": "쇼핑몰",
    "Domain": "가전",
    "MainCategory": "영상/음향가전",
    "ProductName": "LG전자 SP2 정품",
    "ReviewScore": "5",
    "Syllable": "54",
    "Word": "11",
    "RDate": "20220317",
    "GeneralPolarity": "1",
    "Aspects": [
      {
        "Aspect": "음량/음질",
        "SentimentText": "음향이 생각보다 너무 좋아서 대만족요 귀르가즘^^",
        "SentimentWord": "6",
        "SentimentPolarity": "1"
      },
      {
        "Aspect": "기능",
        "SentimentText": "음악도 블루투스로 연결가능해서 너무 좋아요~^^",
        "SentimentWord": "5",
        "SentimentPolarity": "1"
      }
    ]
  },
  {
    "Index": "15524",
    "RawText": "볼륨과 우퍼단계조절시 숫자확인이 안되서 불편해요 다양한 색상이 나왔으면 하는 아쉬움이 있네요.",
    "Source": "쇼핑몰",
    "Domain": "가전",
    "MainCategory": "영상/음향가전",
    "ProductName": "LG전자 SP2 정품",
    "ReviewScore": "5",
    "Syllable": "52",
    "Word": "11",
    "RDate": "20220627",
    "Aspects": [
      {
        "Aspect": "조작성",
        "SentimentText": "볼륨과 우퍼단계조절시 숫자확인이 안되서 불편해요 ",
        "SentimentWord": "5",
        "SentimentPolarity": "-1"
      },
      {
        "Aspect": "색상",
        "SentimentText": "다양한 색상이 나왔으면 하는 아쉬움이 있네요.",
        "SentimentWord": "6",
        "SentimentPolarity": "-1"
      }
    ]
  },
  {
    "Index": "15526",
    "RawText": "사용하고 몇시간 후에 소리가 안나오기도 하는데 품질이 별론 거 같아요 ㅠㅠ 음질은 그럭저럭 보통이네요",
    "Source": "쇼핑몰",
    "Domain": "가전",
    "MainCategory": "영상/음향가전",
    "ProductName": "LG전자 SP2 정품",
    "ReviewScore": "4",
    "Syllable": "56",
    "Word": "14",
    "RDate": "20220718",
    "GeneralPolarity": "-1",
    "Aspects": [
      {
        "Aspect": "품질",
        "SentimentText": "사용하고 몇시간 후에 소리가 안나오기도 하는데 품질이 별론 거 같아요 ㅠㅠ",
        "SentimentWord": "11",
        "SentimentPolarity": "-1"
      },
      {
        "Aspect": "음량/음질",
        "SentimentText": "음질은 그럭저럭 보통이네요",
        "SentimentWord": "3",
        "SentimentPolarity": "0"
      }
    ]
  },
  {
    "Index": "15527",
    "RawText": "저렴한 가격에 득템해서 기뻐요~ 음질은 그럭저럭 보통인 것 같아요",
    "Source": "쇼핑몰",
    "Domain": "가전",
    "MainCategory": "영상/음향가전",
    "ProductName": "LG전자 SP2 정품",
    "ReviewScore": "5",
    "Syllable": "36",
    "Word": "9",
    "RDate": "20220519",
    "GeneralPolarity": "0",
    "Aspects": [
      {
        "Aspect": "가격",
        "SentimentText": "저렴한 가격에 득템해서 기뻐요~",
        "SentimentWord": "4",
        "SentimentPolarity": "1"
      },
      {
        "Aspect": "음량/음질",
        "SentimentText": "음질은 그럭저럭 보통인 것 같아요",
        "SentimentWord": "5",
        "SentimentPolarity": "0"
      }
    ]
  },
  {
    "Index": "15528",
    "RawText": "좋은 제품을 대한민국에서 가장 싸게 구입한것같아서 좋아요^^ 블루투스연결도 간단해서 좋아요~",
    "Source": "쇼핑몰",
    "Domain": "가전",
    "MainCategory": "영상/음향가전",
    "ProductName": "LG전자 SP2 정품",
    "ReviewScore": "5",
    "Syllable": "51",
    "Word": "10",
    "RDate": "20220610",
    "Aspects": [
      {
        "Aspect": "가격",
        "SentimentText": "좋은 제품을 대한민국에서 가장 싸게 구입한것같아서 좋아요^^ ",
        "SentimentWord": "7",
        "SentimentPolarity": "1"
      },
      {
        "Aspect": "기능",
        "SentimentText": "블루투스연결도 간단해서 좋아요~",
        "SentimentWord": "3",
        "SentimentPolarity": "1"
      }
    ]
  },
  {
    "Index": "15529",
    "RawText": "가성비가 좋은 최고의 제품입니다^^ 티비소리만 들을때보다 음질이 훨씬 좋아요!",
    "Source": "쇼핑몰",
    "Domain": "가전",
    "MainCategory": "영상/음향가전",
    "ProductName": "LG전자 SP2 정품",
    "ReviewScore": "5",
    "Syllable": "43",
    "Word": "9",
    "RDate": "20220320",
    "GeneralPolarity": "1",
    "Aspects": [
      {
        "Aspect": "가격",
        "SentimentText": "가성비가 좋은 최고의 제품입니다^^",
        "SentimentWord": "4",
        "SentimentPolarity": "1"
      },
      {
        "Aspect": "음량/음질",
        "SentimentText": "티비소리만 들을때보다 음질이 훨씬 좋아요!",
        "SentimentWord": "5",
        "SentimentPolarity": "1"
      }
    ]
  },
  {
    "Index": "15530",
    "RawText": "티비보다 소리가 더 작다니.. 정말 별로에요. 뜯어서 반품도 안된다 그러고 속상하네요. 저렴한 가격도 아닌데 돈 아까워요",
    "Source": "쇼핑몰",
    "Domain": "가전",
    "MainCategory": "영상/음향가전",
    "ProductName": "LG전자 SP2 정품",
    "ReviewScore": "1",
    "Syllable": "67",
    "Word": "16",
    "RDate": "20220415",
    "GeneralPolarity": "-1",
    "Aspects": [
      {
        "Aspect": "음량/음질",
        "SentimentText": "티비보다 소리가 더 작다니.. 정말 별로에요. ",
        "SentimentWord": "6",
        "SentimentPolarity": "-1"
      },
      {
        "Aspect": "가격",
        "SentimentText": "저렴한 가격도 아닌데 돈 아까워요",
        "SentimentWord": "5",
        "SentimentPolarity": "-1"
      }
    ]
  },
  {
    "Index": "15533",
    "RawText": "저렴하게 구입해서 매우 만족합니다. 그리고 성능도 좋구요 디자인이 깔끔해서 인테리어로도 좋네요^^ 그리고 배송도 그다음날 도착으로 모두 만족해하며 사용하고 있어요~",
    "Source": "쇼핑몰",
    "Domain": "가전",
    "MainCategory": "영상/음향가전",
    "ProductName": "LG전자 SP2 정품",
    "ReviewScore": "5",
    "Syllable": "91",
    "Word": "19",
    "RDate": "20220406",
    "Aspects": [
      {
        "Aspect": "가격",
        "SentimentText": "저렴하게 구입해서 매우 만족합니다.",
        "SentimentWord": "4",
        "SentimentPolarity": "1"
      },
      {
        "Aspect": "기능",
        "SentimentText": "그리고 성능도 좋구요 ",
        "SentimentWord": "3",
        "SentimentPolarity": "1"
      },
      {
        "Aspect": "디자인",
        "SentimentText": "디자인이 깔끔해서 인테리어로도 좋네요^^",
        "SentimentWord": "4",
        "SentimentPolarity": "1"
      }
    ]
  },
  {
    "Index": "15534",
    "RawText": "음질 진짜 구려요. 비싼 돈 버려서 화가 납니다;;",
    "Source": "쇼핑몰",
    "Domain": "가전",
    "MainCategory": "영상/음향가전",
    "ProductName": "LG전자 SP9YA 정품",
    "ReviewScore": "3",
    "Syllable": "28",
    "Word": "8",
    "RDate": "20210915",
    "GeneralPolarity": "-1",
    "Aspects": [
      {
        "Aspect": "음량/음질",
        "SentimentText": "음질 진짜 구려요. ",
        "SentimentWord": "3",
        "SentimentPolarity": "-1"
      },
      {
        "Aspect": "가격",
        "SentimentText": "비싼 돈 버려서 화가 납니다;;",
        "SentimentWord": "5",
        "SentimentPolarity": "-1"
      }
    ]
  },
  {
    "Index": "15535",
    "RawText": "역시tv 스피커와는 차원이 다를정도로 음질이 좋아요 생생한 음질과 웅장한 우퍼소리가 마음에 듭니다. 배송도 이틀만에 받아서 빠르고 전문기사분이 설치까지 마무리해주셔서 좋았어요 가격도 착하고 만족합니다^^",
    "Source": "쇼핑몰",
    "Domain": "가전",
    "MainCategory": "영상/음향가전",
    "ProductName": "LG전자 SP9YA 정품",
    "ReviewScore": "5",
    "Syllable": "113",
    "Word": "23",
    "RDate": "20220317",
    "Aspects": [
      {
        "Aspect": "음량/음질",
        "SentimentText": "역시tv 스피커와는 차원이 다를정도로 음질이 좋아요 생생한 음질과 웅장한 우퍼소리가 마음에 듭니다.",
        "SentimentWord": "12",
        "SentimentPolarity": "1"
      },
      {
        "Aspect": "가격",
        "SentimentText": "가격도 착하고 만족합니다^^",
        "SentimentWord": "3",
        "SentimentPolarity": "1"
      }
    ]
  },
  {
    "Index": "15537",
    "RawText": "새로나온 건데 음질이 진짜 좋아요~ 근데 사용설명서가 없어서 다운받아 확인하느라 좀 불편했어요",
    "Source": "쇼핑몰",
    "Domain": "가전",
    "MainCategory": "영상/음향가전",
    "ProductName": "LG전자 SP9YA 정품",
    "ReviewScore": "5",
    "Syllable": "52",
    "Word": "12",
    "RDate": "20220309",
    "GeneralPolarity": "0",
    "Aspects": [
      {
        "Aspect": "음량/음질",
        "SentimentText": "새로나온 건데 음질이 진짜 좋아요~ ",
        "SentimentWord": "5",
        "SentimentPolarity": "1"
      },
      {
        "Aspect": "조작성",
        "SentimentText": " 사용설명서가 없어서 다운받아 확인하느라 좀 불편했어요",
        "SentimentWord": "6",
        "SentimentPolarity": "-1"
      }
    ]
  },
  {
    "Index": "15538",
    "RawText": "작동이 간편해서 너무 좋네요. 근데 AI Sound Pro 이 기능은 쏘쏘인 거 같아요... 효과가 그럭저럭인듯해요..~",
    "Source": "쇼핑몰",
    "Domain": "가전",
    "MainCategory": "영상/음향가전",
    "ProductName": "LG전자 SP9YA 정품",
    "ReviewScore": "5",
    "Syllable": "67",
    "Word": "15",
    "RDate": "20220614",
    "GeneralPolarity": "0",
    "Aspects": [
      {
        "Aspect": "편의성",
        "SentimentText": "작동이 간편해서 너무 좋네요. ",
        "SentimentWord": "4",
        "SentimentPolarity": "1"
      },
      {
        "Aspect": "기능",
        "SentimentText": "근데 AI Sound Pro 이 기능은 쏘쏘인 거 같아요... ",
        "SentimentWord": "9",
        "SentimentPolarity": "0"
      }
    ]
  },
  {
    "Index": "15539",
    "RawText": "연결도 잘되고 이상없이 잘 작동해서 만족해요 그리고 외관도 깔끔하고 스크래치 하나 없이 만족합니다.",
    "Source": "쇼핑몰",
    "Domain": "가전",
    "MainCategory": "영상/음향가전",
    "ProductName": "LG전자 SP9YA 정품",
    "ReviewScore": "5",
    "Syllable": "55",
    "Word": "13",
    "RDate": "20220211",
    "GeneralPolarity": "1",
    "Aspects": [
      {
        "Aspect": "기능",
        "SentimentText": "연결도 잘되고 이상없이 잘 작동해서 만족해요",
        "SentimentWord": "6",
        "SentimentPolarity": "1"
      },
      {
        "Aspect": "품질",
        "SentimentText": "그리고 외관도 깔끔하고 스크래치 하나 없이 만족합니다.",
        "SentimentWord": "7",
        "SentimentPolarity": "1"
      }
    ]
  },
  {
    "Index": "15540",
    "RawText": "영화보는데 음질이 넘넘 좋네요! 근데 디자인은 좀 투박한 거 같아서 아쉽아쉽 ㅠ",
    "Source": "쇼핑몰",
    "Domain": "가전",
    "MainCategory": "영상/음향가전",
    "ProductName": "LG전자 SP9YA 정품",
    "ReviewScore": "5",
    "Syllable": "44",
    "Word": "12",
    "RDate": "20220225",
    "GeneralPolarity": "0",
    "Aspects": [
      {
        "Aspect": "음량/음질",
        "SentimentText": "영화보는데 음질이 넘넘 좋네요! ",
        "SentimentWord": "4",
        "SentimentPolarity": "1"
      },
      {
        "Aspect": "디자인",
        "SentimentText": "근데 디자인은 좀 투박한 거 같아서 아쉽아쉽 ㅠ",
        "SentimentWord": "8",
        "SentimentPolarity": "-1"
      }
    ]
  },
  {
    "Index": "15541",
    "RawText": "돌비 애트모스기능이 생각보다 별로에요 ㅠ 사운드도 비싼가격에 비해 현저히 떨러져요 ㅠ",
    "Source": "쇼핑몰",
    "Domain": "가전",
    "MainCategory": "영상/음향가전",
    "ProductName": "LG전자 SP9YA 정품",
    "ReviewScore": "5",
    "Syllable": "47",
    "Word": "11",
    "RDate": "20220330",
    "GeneralPolarity": "-1",
    "Aspects": [
      {
        "Aspect": "기능",
        "SentimentText": "돌비 애트모스기능이 생각보다 별로에요 ㅠ",
        "SentimentWord": "5",
        "SentimentPolarity": "-1"
      },
      {
        "Aspect": "음량/음질",
        "SentimentText": "사운드도 비싼가격에 비해 현저히 떨러져요 ㅠ",
        "SentimentWord": "6",
        "SentimentPolarity": "-1"
      }
    ]
  },
  {
    "Index": "15542",
    "RawText": "총알배송 굿굿! 음질도 선명하고 넘 좋네요.. 역시 OOO 제품은 믿고 살 수 있는듯 합니다 ^^",
    "Source": "쇼핑몰",
    "Domain": "가전",
    "MainCategory": "영상/음향가전",
    "ProductName": "LG전자 SP9YA 정품",
    "ReviewScore": "5",
    "Syllable": "54",
    "Word": "15",
    "RDate": "20220214",
    "GeneralPolarity": "1",
    "Aspects": [
      {
        "Aspect": "음량/음질",
        "SentimentText": "음질도 선명하고 넘 좋네요.. ",
        "SentimentWord": "4",
        "SentimentPolarity": "1"
      },
      {
        "Aspect": "제조일/제조사",
        "SentimentText": "역시 OOO 제품은 믿고 살 수 있는듯 합니다 ^^",
        "SentimentWord": "9",
        "SentimentPolarity": "1"
      }
    ]
  },
  {
    "Index": "15543",
    "RawText": "티비보다 훨씬 좋은 음질에 감탄했습니다.. 근데 사이즈가 생각보다 크긴 한데 그래도 보기 싫을 정도는 아니에요~",
    "Source": "쇼핑몰",
    "Domain": "가전",
    "MainCategory": "영상/음향가전",
    "ProductName": "LG전자 SP9YA 정품",
    "ReviewScore": "5",
    "Syllable": "62",
    "Word": "15",
    "RDate": "20210813",
    "GeneralPolarity": "1",
    "Aspects": [
      {
        "Aspect": "음량/음질",
        "SentimentText": "티비보다 훨씬 좋은 음질에 감탄했습니다..",
        "SentimentWord": "5",
        "SentimentPolarity": "1"
      },
      {
        "Aspect": "사이즈",
        "SentimentText": "근데 사이즈가 생각보다 크긴 한데 그래도 보기 싫을 정도는 아니에요~",
        "SentimentWord": "10",
        "SentimentPolarity": "0"
      }
    ]
  },
  {
    "Index": "15544",
    "RawText": "저렴한 가격에 구매해서 만족해요 ㅎ 근데 가끔 반응속도가 느려질 때가 있어서 좀 아쉬워요.",
    "Source": "쇼핑몰",
    "Domain": "가전",
    "MainCategory": "영상/음향가전",
    "ProductName": "LG전자 SP9YA 정품",
    "ReviewScore": "4",
    "Syllable": "50",
    "Word": "13",
    "RDate": "20220419",
    "GeneralPolarity": "0",
    "Aspects": [
      {
        "Aspect": "가격",
        "SentimentText": "저렴한 가격에 구매해서 만족해요 ㅎ",
        "SentimentWord": "5",
        "SentimentPolarity": "1"
      },
      {
        "Aspect": "시간/속도",
        "SentimentText": "근데 가끔 반응속도가 느려질 때가 있어서 좀 아쉬워요.",
        "SentimentWord": "8",
        "SentimentPolarity": "-1"
      }
    ]
  },
  {
    "Index": "15545",
    "RawText": "엄청 싼 가격에 사서 만족해요~ 총알배송인데 설치도 잘 해주셔서 좋았어요! 음질까지 좋으니 더더 좋을수밖에 없네요",
    "Source": "쇼핑몰",
    "Domain": "가전",
    "MainCategory": "영상/음향가전",
    "ProductName": "LG전자 SP9YA 정품",
    "ReviewScore": "5",
    "Syllable": "63",
    "Word": "15",
    "RDate": "20210927",
    "GeneralPolarity": "1",
    "Aspects": [
      {
        "Aspect": "가격",
        "SentimentText": "엄청 싼 가격에 사서 만족해요~ ",
        "SentimentWord": "5",
        "SentimentPolarity": "1"
      },
      {
        "Aspect": "음량/음질",
        "SentimentText": "음질까지 좋으니 더더 좋을수밖에 없네요",
        "SentimentWord": "5",
        "SentimentPolarity": "1"
      }
    ]
  },
  {
    "Index": "15546",
    "RawText": "좀 비싼 가격이 아쉬워요. 그래도 출력이 쎄서 짱짱하네요 ^^ 배송은 1주일? 정도 걸렸네요 적당해요",
    "Source": "쇼핑몰",
    "Domain": "가전",
    "MainCategory": "영상/음향가전",
    "ProductName": "LG전자 SP9YA 정품",
    "ReviewScore": "5",
    "Syllable": "56",
    "Word": "14",
    "RDate": "20220305",
    "GeneralPolarity": "0",
    "Aspects": [
      {
        "Aspect": "가격",
        "SentimentText": "좀 비싼 가격이 아쉬워요. ",
        "SentimentWord": "4",
        "SentimentPolarity": "-1"
      },
      {
        "Aspect": "기능",
        "SentimentText": " 출력이 쎄서 짱짱하네요 ^^ ",
        "SentimentWord": "4",
        "SentimentPolarity": "1"
      }
    ]
  },
  {
    "Index": "15547",
    "RawText": "TV와 사운드바의 조합으로 완벽한 사운드를 즐길수 있어서 행복해요~ 그리고 사운드바는 물론 제품페키지까지도 친환경 인증을 받아서 안심이되고 좋아요",
    "Source": "쇼핑몰",
    "Domain": "가전",
    "MainCategory": "영상/음향가전",
    "ProductName": "LG전자 SP9YA 정품",
    "ReviewScore": "5",
    "Syllable": "81",
    "Word": "17",
    "RDate": "20210905",
    "GeneralPolarity": "1",
    "Aspects": [
      {
        "Aspect": "음량/음질",
        "SentimentText": "TV와 사운드바의 조합으로 완벽한 사운드를 즐길수 있어서 행복해요~",
        "SentimentWord": "8",
        "SentimentPolarity": "1"
      },
      {
        "Aspect": "소재",
        "SentimentText": "사운드바는 물론 제품페키지까지도 친환경 인증을 받아서 안심이되고 좋아요",
        "SentimentWord": "8",
        "SentimentPolarity": "1"
      }
    ]
  },
  {
    "Index": "15548",
    "RawText": "깔끔하고 풍부한 사운드 넘넘 좋고 세련되고 고급스러운 디자인까지 제맘에 꼭 들어요^^",
    "Source": "쇼핑몰",
    "Domain": "가전",
    "MainCategory": "영상/음향가전",
    "ProductName": "LG전자 SP9YA 정품",
    "ReviewScore": "5",
    "Syllable": "47",
    "Word": "11",
    "RDate": "20220224",
    "GeneralPolarity": "1",
    "Aspects": [
      {
        "Aspect": "음량/음질",
        "SentimentText": "깔끔하고 풍부한 사운드 넘넘 좋고",
        "SentimentWord": "5",
        "SentimentPolarity": "1"
      },
      {
        "Aspect": "디자인",
        "SentimentText": "세련되고 고급스러운 디자인까지 제맘에 꼭 들어요^^",
        "SentimentWord": "6",
        "SentimentPolarity": "1"
      }
    ]
  },
  {
    "Index": "15549",
    "RawText": "주문하고 다음날 바로 연락와서 날짜 조정하고 기사분이 오셔서 설치해주니 서비스가 만족스러웠어요 소리가 깨끗해서 좋구요 우퍼도 있으니까 너무 만족하고 있습니다^^ ",
    "Source": "쇼핑몰",
    "Domain": "가전",
    "MainCategory": "영상/음향가전",
    "ProductName": "LG전자 SP9YA 정품",
    "ReviewScore": "5",
    "Syllable": "90",
    "Word": "19",
    "RDate": "20211002",
    "Aspects": [
      {
        "Aspect": "음량/음질",
        "SentimentText": "소리가 깨끗해서 좋구요",
        "SentimentWord": "3",
        "SentimentPolarity": "1"
      },
      {
        "Aspect": "제품구성",
        "SentimentText": "우퍼도 있으니까 너무 만족하고 있습니다^^",
        "SentimentWord": "5",
        "SentimentPolarity": "1"
      }
    ]
  },
  {
    "Index": "15550",
    "RawText": "사운드바 리모컨을 별도로 사용하지않고 TV리모컨으로 컨트롤할수 있어 너무 좋아요~ 음질 역시 끝내줍니다 굿굿",
    "Source": "쇼핑몰",
    "Domain": "가전",
    "MainCategory": "영상/음향가전",
    "ProductName": "LG전자 SP9YA 정품",
    "ReviewScore": "5",
    "Syllable": "60",
    "Word": "13",
    "RDate": "20220331",
    "GeneralPolarity": "1",
    "Aspects": [
      {
        "Aspect": "조작성",
        "SentimentText": " TV리모컨으로 컨트롤할수 있어 너무 좋아요~",
        "SentimentWord": "5",
        "SentimentPolarity": "1"
      },
      {
        "Aspect": "음량/음질",
        "SentimentText": "음질 역시 끝내줍니다 굿굿",
        "SentimentWord": "4",
        "SentimentPolarity": "1"
      }
    ]
  },
  {
    "Index": "15551",
    "RawText": "우퍼가 생가보다 커서 당황했네요.... 그래도 사운드는 좋긴 하네요~",
    "Source": "쇼핑몰",
    "Domain": "가전",
    "MainCategory": "영상/음향가전",
    "ProductName": "LG전자 SP9YA 정품",
    "ReviewScore": "5",
    "Syllable": "38",
    "Word": "8",
    "RDate": "20211228",
    "GeneralPolarity": "0",
    "Aspects": [
      {
        "Aspect": "사이즈",
        "SentimentText": "우퍼가 생가보다 커서 당황했네요....",
        "SentimentWord": "4",
        "SentimentPolarity": "-1"
      },
      {
        "Aspect": "음량/음질",
        "SentimentText": "그래도 사운드는 좋긴 하네요~",
        "SentimentWord": "4",
        "SentimentPolarity": "1"
      }
    ]
  },
  {
    "Index": "15553",
    "RawText": "사이즈 생각한대로라 넘 만족해요. 음질도 진짜 뛰어나고 쿠폰 사용해서 저렴한 가격에 사서 아주 좋습니다.",
    "Source": "쇼핑몰",
    "Domain": "가전",
    "MainCategory": "영상/음향가전",
    "ProductName": "Soundcore ANKER 인피니 정품",
    "ReviewScore": "5",
    "Syllable": "58",
    "Word": "14",
    "RDate": "20220419",
    "GeneralPolarity": "1",
    "Aspects": [
      {
        "Aspect": "사이즈",
        "SentimentText": "사이즈 생각한대로라 넘 만족해요. ",
        "SentimentWord": "4",
        "SentimentPolarity": "1"
      },
      {
        "Aspect": "음량/음질",
        "SentimentText": "음질도 진짜 뛰어나고",
        "SentimentWord": "3",
        "SentimentPolarity": "1"
      },
      {
        "Aspect": "가격",
        "SentimentText": "쿠폰 사용해서 저렴한 가격에 사서 아주 좋습니다.",
        "SentimentWord": "7",
        "SentimentPolarity": "1"
      }
    ]
  },
  {
    "Index": "15554",
    "RawText": "컴퓨터에 연결해서 사용하는데 연결도 잘되고 만족해요 그리고 사운드는 영화볼때 웅장해서 몰입감이 상당해서 마음에 듭니다.",
    "Source": "쇼핑몰",
    "Domain": "가전",
    "MainCategory": "영상/음향가전",
    "ProductName": "Soundcore ANKER 인피니 정품",
    "ReviewScore": "4",
    "Syllable": "66",
    "Word": "14",
    "RDate": "20220312",
    "GeneralPolarity": "1",
    "Aspects": [
      {
        "Aspect": "기능",
        "SentimentText": "컴퓨터에 연결해서 사용하는데 연결도 잘되고 만족해요",
        "SentimentWord": "6",
        "SentimentPolarity": "1"
      },
      {
        "Aspect": "음량/음질",
        "SentimentText": "그리고 사운드는 영화볼때 웅장해서 몰입감이 상당해서 마음에 듭니다. ",
        "SentimentWord": "8",
        "SentimentPolarity": "1"
      }
    ]
  },
  {
    "Index": "15555",
    "RawText": "가격만큼하는 사운드 모양의 한계에서 오는 베이스의 아쉬움이 있어요!! 음량이 크지 않아서 큰거실 보다는 작은방에서 사용하시는 것을 추천하구요 저는 기대이하라 불만족 스럽습니다. 볼륨도 70% 정도까지는 편안하지만 그이상은 소리가 웅웅 거려서 비추천입니다.",
    "Source": "쇼핑몰",
    "Domain": "가전",
    "MainCategory": "영상/음향가전",
    "ProductName": "Soundcore ANKER 인피니 정품",
    "ReviewScore": "4",
    "Syllable": "142",
    "Word": "30",
    "RDate": "20211022",
    "GeneralPolarity": "-1",
    "Aspects": [
      {
        "Aspect": "음량/음질",
        "SentimentText": "가격만큼하는 사운드 모양의 한계에서 오는 베이스의 아쉬움이 있어요!!",
        "SentimentWord": "8",
        "SentimentPolarity": "-1"
      },
      {
        "Aspect": "음량/음질",
        "SentimentText": "음량이 크지 않아서 큰거실 보다는 작은방에서 사용하시는 것을 추천하구요 저는 기대이하라 불만족 스럽습니다. ",
        "SentimentWord": "13",
        "SentimentPolarity": "-1"
      },
      {
        "Aspect": "음량/음질",
        "SentimentText": "볼륨도 70% 정도까지는 편안하지만 그이상은 소리가 웅웅 거려서 비추천입니다.",
        "SentimentWord": "9",
        "SentimentPolarity": "-1"
      }
    ]
  },
  {
    "Index": "15556",
    "RawText": "가격에 비해 사운드는 그럭저럭이에요.. 가격이 싼것도 아닌데 좀 아쉽네요..ㅠㅠ",
    "Source": "쇼핑몰",
    "Domain": "가전",
    "MainCategory": "영상/음향가전",
    "ProductName": "Soundcore ANKER 인피니 정품",
    "ReviewScore": "5",
    "Syllable": "44",
    "Word": "9",
    "RDate": "20220714",
    "GeneralPolarity": "-1",
    "Aspects": [
      {
        "Aspect": "음량/음질",
        "SentimentText": "가격에 비해 사운드는 그럭저럭이에요.. ",
        "SentimentWord": "4",
        "SentimentPolarity": "0"
      },
      {
        "Aspect": "가격",
        "SentimentText": "가격이 싼것도 아닌데 좀 아쉽네요..ㅠㅠ",
        "SentimentWord": "5",
        "SentimentPolarity": "-1"
      }
    ]
  },
  {
    "Index": "15557",
    "RawText": "가격에 비해 퀄리티가 진짜 좋네요. 이정도 가격이면 진짜 싸게 산거에요. 소리도 빵빵하고 아주 만족합니다.",
    "Source": "쇼핑몰",
    "Domain": "가전",
    "MainCategory": "영상/음향가전",
    "ProductName": "Soundcore ANKER 인피니 정품",
    "ReviewScore": "5",
    "Syllable": "59",
    "Word": "14",
    "RDate": "20220727",
    "GeneralPolarity": "1",
    "Aspects": [
      {
        "Aspect": "품질",
        "SentimentText": "가격에 비해 퀄리티가 진짜 좋네요.",
        "SentimentWord": "5",
        "SentimentPolarity": "1"
      },
      {
        "Aspect": "가격",
        "SentimentText": "이정도 가격이면 진짜 싸게 산거에요. ",
        "SentimentWord": "5",
        "SentimentPolarity": "1"
      },
      {
        "Aspect": "음량/음질",
        "SentimentText": "소리도 빵빵하고 아주 만족합니다.",
        "SentimentWord": "4",
        "SentimentPolarity": "1"
      }
    ]
  },
  {
    "Index": "15558",
    "RawText": "가성비 좋아요 거실에서 잘쓰고 있어요!! 빔프로젝터에 연결했는데 잘 되어서 좋아요^^",
    "Source": "쇼핑몰",
    "Domain": "가전",
    "MainCategory": "영상/음향가전",
    "ProductName": "Soundcore ANKER 인피니 정품",
    "ReviewScore": "5",
    "Syllable": "47",
    "Word": "10",
    "RDate": "20200712",
    "GeneralPolarity": "1",
    "Aspects": [
      {
        "Aspect": "가격",
        "SentimentText": "가성비 좋아요 거실에서 잘쓰고 있어요!!",
        "SentimentWord": "5",
        "SentimentPolarity": "1"
      },
      {
        "Aspect": "조작성",
        "SentimentText": "빔프로젝터에 연결했는데 잘 되어서 좋아요^^",
        "SentimentWord": "5",
        "SentimentPolarity": "1"
      }
    ]
  },
  {
    "Index": "15559",
    "RawText": "싼 가격에 겟했어요 ^^ 그래서인지 품질은 그냥 딱 가격만큼의 퀄러티입니다....",
    "Source": "쇼핑몰",
    "Domain": "가전",
    "MainCategory": "영상/음향가전",
    "ProductName": "Soundcore ANKER 인피니 정품",
    "ReviewScore": "5",
    "Syllable": "45",
    "Word": "10",
    "RDate": "20220827",
    "GeneralPolarity": "0",
    "Aspects": [
      {
        "Aspect": "가격",
        "SentimentText": "싼 가격에 겟했어요 ^^ ",
        "SentimentWord": "4",
        "SentimentPolarity": "1"
      },
      {
        "Aspect": "품질",
        "SentimentText": "품질은 그냥 딱 가격만큼의 퀄러티입니다....",
        "SentimentWord": "5",
        "SentimentPolarity": "-1"
      }
    ]
  },
  {
    "Index": "15560",
    "RawText": "가성비 갑인 최고의 제품이예요  영화볼 때나 음악들을 때 EQ누르면 음색이 듣기 편해져서 좋아요^^ 영화볼때 대사도 잘들리구요 음색이 대체로 맑게 느껴져서 만족합니다",
    "Source": "쇼핑몰",
    "Domain": "가전",
    "MainCategory": "영상/음향가전",
    "ProductName": "Soundcore ANKER 인피니 정품",
    "ReviewScore": "5",
    "Syllable": "92",
    "Word": "21",
    "RDate": "20191105",
    "GeneralPolarity": "1",
    "Aspects": [
      {
        "Aspect": "가격",
        "SentimentText": "가성비 갑인 최고의 제품이예요",
        "SentimentWord": "4",
        "SentimentPolarity": "1"
      },
      {
        "Aspect": "음량/음질",
        "SentimentText": "영화볼 때나 음악들을 때 EQ누르면 음색이 듣기 편해져서 좋아요^^ 영화볼때 대사도 잘들리구요",
        "SentimentWord": "12",
        "SentimentPolarity": "1"
      },
      {
        "Aspect": "음량/음질",
        "SentimentText": "음색이 대체로 맑게 느껴져서 만족합니다",
        "SentimentWord": "5",
        "SentimentPolarity": "1"
      }
    ]
  },
  {
    "Index": "15561",
    "RawText": "이가격에 이정도 사운드는 가성비가 좋은 제품이라 감동이예요  영화모드로하면 진짜 극장에서 보는것처럼 소리가 꽤 크게 울리니까 음량이 최고입니다 그런데 워낙 음량이 좋다보니 층간소음이 있을듯해서 주의를 해야할꺼 같아요^^",
    "Source": "쇼핑몰",
    "Domain": "가전",
    "MainCategory": "영상/음향가전",
    "ProductName": "Soundcore ANKER 인피니 정품",
    "ReviewScore": "5",
    "Syllable": "122",
    "Word": "26",
    "RDate": "20191115",
    "GeneralPolarity": "0",
    "Aspects": [
      {
        "Aspect": "가격",
        "SentimentText": "이가격에 이정도 사운드는 가성비가 좋은 제품이라 감동이예요",
        "SentimentWord": "7",
        "SentimentPolarity": "1"
      },
      {
        "Aspect": "음량/음질",
        "SentimentText": "영화모드로하면 진짜 극장에서 보는것처럼 소리가 꽤 크게 울리니까 음량이 최고입니다",
        "SentimentWord": "10",
        "SentimentPolarity": "1"
      },
      {
        "Aspect": "음량/음질",
        "SentimentText": "그런데 워낙 음량이 좋다보니 층간소음이 있을듯해서 주의를 해야할꺼 같아요^^",
        "SentimentWord": "9",
        "SentimentPolarity": "0"
      }
    ]
  },
  {
    "Index": "15562",
    "RawText": "싼 가격에 잘 샀어요 ^^ 근데 잘되고 있는 건지 알기가 어렵다는 불편함이 있어서 아쉬워요 ㅠ",
    "Source": "쇼핑몰",
    "Domain": "가전",
    "MainCategory": "영상/음향가전",
    "ProductName": "Soundcore ANKER 인피니 정품",
    "ReviewScore": "4",
    "Syllable": "52",
    "Word": "15",
    "RDate": "20220421",
    "GeneralPolarity": "0",
    "Aspects": [
      {
        "Aspect": "가격",
        "SentimentText": "싼 가격에 잘 샀어요 ^^ ",
        "SentimentWord": "5",
        "SentimentPolarity": "1"
      },
      {
        "Aspect": "편의성",
        "SentimentText": "근데 잘되고 있는 건지 알기가 어렵다는 불편함이 있어서 아쉬워요 ㅠ",
        "SentimentWord": "10",
        "SentimentPolarity": "-1"
      }
    ]
  },
  {
    "Index": "15563",
    "RawText": "가성비가 짱인 제품이예요^^. 음량과 음질에 매우 만족하고 있어요! 티비와연결하니 확실히 사운드가 풍성해서 굿!! 다만 기능들이 약간 아쉬운점도 있습니다.",
    "Source": "쇼핑몰",
    "Domain": "가전",
    "MainCategory": "영상/음향가전",
    "ProductName": "Soundcore ANKER 인피니 정품",
    "ReviewScore": "4",
    "Syllable": "86",
    "Word": "18",
    "RDate": "20190902",
    "GeneralPolarity": "0",
    "Aspects": [
      {
        "Aspect": "가격",
        "SentimentText": "가성비가 짱인 제품이예요^^",
        "SentimentWord": "3",
        "SentimentPolarity": "1"
      },
      {
        "Aspect": "음량/음질",
        "SentimentText": "음량과 음질에 매우 만족하고 있어요! 티비와연결하니 확실히 사운드가 풍성해서 굿!!",
        "SentimentWord": "10",
        "SentimentPolarity": "1"
      },
      {
        "Aspect": "기능",
        "SentimentText": "다만 기능들이 약간 아쉬운점도 있습니다.",
        "SentimentWord": "5",
        "SentimentPolarity": "-1"
      }
    ]
  },
  {
    "Index": "15564",
    "RawText": "가성비 짱! 좋은 제품이예요!! 영화관같은 사운드 울림에 만족해요. 그리고 음질도 티비소리하고는 비교가 안될만큼 좋아요",
    "Source": "쇼핑몰",
    "Domain": "가전",
    "MainCategory": "영상/음향가전",
    "ProductName": "Soundcore ANKER 인피니 정품",
    "ReviewScore": "5",
    "Syllable": "66",
    "Word": "14",
    "RDate": "20211214",
    "GeneralPolarity": "1",
    "Aspects": [
      {
        "Aspect": "가격",
        "SentimentText": "가성비 짱! 좋은 제품이예요!!",
        "SentimentWord": "4",
        "SentimentPolarity": "1"
      },
      {
        "Aspect": "음량/음질",
        "SentimentText": "영화관같은 사운드 울림에 만족해요. 그리고 음질도 티비소리하고는 비교가 안될만큼 좋아요",
        "SentimentWord": "10",
        "SentimentPolarity": "1"
      }
    ]
  },
  {
    "Index": "15565",
    "RawText": "음질 엄청 선명하네요 굿! 디자인도 너무 제 스타일이라 만족합니다. 총알배송이라는 점도 아주 만족!",
    "Source": "쇼핑몰",
    "Domain": "가전",
    "MainCategory": "영상/음향가전",
    "ProductName": "Soundcore ANKER 인피니 정품",
    "ReviewScore": "5",
    "Syllable": "55",
    "Word": "13",
    "RDate": "20200611",
    "GeneralPolarity": "1",
    "Aspects": [
      {
        "Aspect": "음량/음질",
        "SentimentText": "음질 엄청 선명하네요 굿! ",
        "SentimentWord": "4",
        "SentimentPolarity": "1"
      },
      {
        "Aspect": "디자인",
        "SentimentText": "디자인도 너무 제 스타일이라 만족합니다. ",
        "SentimentWord": "5",
        "SentimentPolarity": "1"
      }
    ]
  },
  {
    "Index": "15566",
    "RawText": "광케이블은 처음 연결해 봤는데 굿입니다. 인터넷방송으로 노래 많이 듣는데 음질 진짜 좋아요. 근데 제품 디자인은 그냥 그래요 ㅎ..",
    "Source": "쇼핑몰",
    "Domain": "가전",
    "MainCategory": "영상/음향가전",
    "ProductName": "Soundcore ANKER 인피니 정품",
    "ReviewScore": "5",
    "Syllable": "73",
    "Word": "18",
    "RDate": "20220413",
    "GeneralPolarity": "1",
    "Aspects": [
      {
        "Aspect": "조작성",
        "SentimentText": "광케이블은 처음 연결해 봤는데 굿입니다.",
        "SentimentWord": "5",
        "SentimentPolarity": "1"
      },
      {
        "Aspect": "음량/음질",
        "SentimentText": "인터넷방송으로 노래 많이 듣는데 음질 진짜 좋아요. ",
        "SentimentWord": "7",
        "SentimentPolarity": "1"
      },
      {
        "Aspect": "디자인",
        "SentimentText": "근데 제품 디자인은 그냥 그래요 ㅎ..",
        "SentimentWord": "6",
        "SentimentPolarity": "0"
      }
    ]
  },
  {
    "Index": "15567",
    "RawText": "품질이 기대한 만큼이라 마음에 들어요 영화관같은 음질을 원햇는데 그만 못하네요..실망스럽습니다.",
    "Source": "쇼핑몰",
    "Domain": "가전",
    "MainCategory": "영상/음향가전",
    "ProductName": "Soundcore ANKER 인피니 정품",
    "ReviewScore": "5",
    "Syllable": "53",
    "Word": "10",
    "RDate": "20190901",
    "Aspects": [
      {
        "Aspect": "품질",
        "SentimentText": "품질이 기대한 만큼이라 마음에 들어요",
        "SentimentWord": "5",
        "SentimentPolarity": "1"
      },
      {
        "Aspect": "음량/음질",
        "SentimentText": "영화관같은 음질을 원햇는데 그만 못하네요..실망스럽습니다.",
        "SentimentWord": "5",
        "SentimentPolarity": "-1"
      }
    ]
  },
  {
    "Index": "15568",
    "RawText": "음량이 빵빵한지는 잘 모르겠네요 그래도 소리 자체는 안 깨지고 잘 들려요",
    "Source": "쇼핑몰",
    "Domain": "가전",
    "MainCategory": "영상/음향가전",
    "ProductName": "Soundcore ANKER 인피니 정품",
    "ReviewScore": "5",
    "Syllable": "40",
    "Word": "11",
    "RDate": "20220409",
    "GeneralPolarity": "0",
    "Aspects": [
      {
        "Aspect": "음량/음질",
        "SentimentText": "음량이 빵빵한지는 잘 모르겠네요",
        "SentimentWord": "4",
        "SentimentPolarity": "0"
      },
      {
        "Aspect": "음량/음질",
        "SentimentText": "그래도 소리 자체는 안 깨지고 잘 들려요",
        "SentimentWord": "7",
        "SentimentPolarity": "1"
      }
    ]
  },
  {
    "Index": "15569",
    "RawText": "싼 가격에 잘 샀어요! 사운드울림이 너무 좋고 만족합니다~~",
    "Source": "쇼핑몰",
    "Domain": "가전",
    "MainCategory": "영상/음향가전",
    "ProductName": "Soundcore ANKER 인피니 정품",
    "ReviewScore": "5",
    "Syllable": "33",
    "Word": "8",
    "RDate": "20201104",
    "GeneralPolarity": "1",
    "Aspects": [
      {
        "Aspect": "가격",
        "SentimentText": "싼 가격에 잘 샀어요! ",
        "SentimentWord": "4",
        "SentimentPolarity": "1"
      },
      {
        "Aspect": "음량/음질",
        "SentimentText": "사운드울림이  너무 좋고 만족합니다~~",
        "SentimentWord": "4",
        "SentimentPolarity": "1"
      }
    ]
  },
  {
    "Index": "15570",
    "RawText": "대화모드는 선명해서 음질이 좋기때문에 대화모드만 사용해요^^ 볼륨조절은 제품 리모컨을 사용해야하는 점이 좀 불편하네요;; ",
    "Source": "쇼핑몰",
    "Domain": "가전",
    "MainCategory": "영상/음향가전",
    "ProductName": "Soundcore ANKER 인피니 정품",
    "ReviewScore": "4",
    "Syllable": "68",
    "Word": "13",
    "RDate": "20190729",
    "GeneralPolarity": "0",
    "Aspects": [
      {
        "Aspect": "음량/음질",
        "SentimentText": "대화모드는 선명해서 음질이 좋기때문에 대화모드만 사용해요^^",
        "SentimentWord": "6",
        "SentimentPolarity": "1"
      },
      {
        "Aspect": "편의성",
        "SentimentText": "볼륨조절은 제품 리모컨을 사용해야하는 점이 좀 불편하네요;;",
        "SentimentWord": "7",
        "SentimentPolarity": "-1"
      }
    ]
  },
  {
    "Index": "15571",
    "RawText": "동영상편집용으로 사용시 우퍼에 떨림증상이 있어서 좀 아쉬워요 그런데 감상용으로는 음질의 출력이 대단하네요 만족합니다.",
    "Source": "쇼핑몰",
    "Domain": "가전",
    "MainCategory": "영상/음향가전",
    "ProductName": "Soundcore ANKER 인피니 정품",
    "ReviewScore": "5",
    "Syllable": "65",
    "Word": "13",
    "RDate": "20220223",
    "GeneralPolarity": "0",
    "Aspects": [
      {
        "Aspect": "음량/음질",
        "SentimentText": "동영상편집용으로 사용시 우퍼에 떨림증상이 있어서 좀 아쉬워요",
        "SentimentWord": "7",
        "SentimentPolarity": "-1"
      },
      {
        "Aspect": "음량/음질",
        "SentimentText": "그런데 감상용으로는 음질의 출력이 대단하네요 만족합니다.",
        "SentimentWord": "6",
        "SentimentPolarity": "1"
      }
    ]
  },
  {
    "Index": "15573",
    "RawText": "무게도 가벼운 편이라 이동도 간편하고 만족합니다~그리고 사운드도 풍부한음색과 웅장함이 몰입감을 더해주어 만족해요",
    "Source": "쇼핑몰",
    "Domain": "가전",
    "MainCategory": "영상/음향가전",
    "ProductName": "Soundcore ANKER 인피니 정품",
    "ReviewScore": "5",
    "Syllable": "62",
    "Word": "12",
    "RDate": "20220221",
    "GeneralPolarity": "1",
    "Aspects": [
      {
        "Aspect": "무게",
        "SentimentText": "무게도 가벼운 편이라 이동도 간편하고 만족합니다~",
        "SentimentWord": "6",
        "SentimentPolarity": "1"
      },
      {
        "Aspect": "음량/음질",
        "SentimentText": "그리고 사운드도 풍부한음색과 웅장함이 몰입감을 더해주어 만족해요",
        "SentimentWord": "7",
        "SentimentPolarity": "1"
      }
    ]
  },
  {
    "Index": "15574",
    "RawText": "가격대비 가성비 좋아요~ 소리도 깨끗해서 좋고 음향에 만족하고 있습니다. ",
    "Source": "쇼핑몰",
    "Domain": "가전",
    "MainCategory": "영상/음향가전",
    "ProductName": "Soundcore ANKER 인피니 정품",
    "ReviewScore": "4",
    "Syllable": "41",
    "Word": "9",
    "RDate": "20210211",
    "Aspects": [
      {
        "Aspect": "가격",
        "SentimentText": "가격대비 가성비 좋아요~ ",
        "SentimentWord": "3",
        "SentimentPolarity": "1"
      },
      {
        "Aspect": "음량/음질",
        "SentimentText": "소리도 깨끗해서 좋고 음향에 만족하고 있습니다.",
        "SentimentWord": "6",
        "SentimentPolarity": "1"
      }
    ]
  },
  {
    "Index": "15575",
    "RawText": "가성비 최고의 제품이라 생각해요^^ 다만 지금보다 더 슬림하게 하고 가로사이즈를 좀 길게 만들었으면 더 이뻐보인것같아요 디자인이 조금 아쉽네요",
    "Source": "쇼핑몰",
    "Domain": "가전",
    "MainCategory": "영상/음향가전",
    "ProductName": "Soundcore ANKER 인피니 정품",
    "ReviewScore": "5",
    "Syllable": "79",
    "Word": "18",
    "RDate": "20210127",
    "GeneralPolarity": "1",
    "Aspects": [
      {
        "Aspect": "가격",
        "SentimentText": "가성비 최고의 제품이라 생각해요^^",
        "SentimentWord": "4",
        "SentimentPolarity": "1"
      },
      {
        "Aspect": "디자인",
        "SentimentText": "다만 지금보다 더 슬림하게 하고 가로사이즈를 좀 길게 만들었으면 더 이뻐보인것같아요 디자인이 조금 아쉽네요",
        "SentimentWord": "14",
        "SentimentPolarity": "-1"
      }
    ]
  }
]