[
  {
    "Index": "14136",
    "RawText": "특별한 기능은 없어요 그런분이 구매하시기는 좋은듯~ 다만 화면은 적당히 커서 보기가 편해요 대기업이라 그런지 편한 as 좋네요 가격은 저렴해서 좋았어요 만족해요~",
    "Source": "쇼핑몰",
    "Domain": "가전",
    "MainCategory": "영상/음향가전",
    "ProductName": "삼성전자 UN43N5020AFXKR 스탠드",
    "ReviewScore": "5",
    "Syllable": "90",
    "Word": "21",
    "RDate": "20220417",
    "Aspects": [
      {
        "Aspect": "기능",
        "SentimentText": "특별한 기능은 없어요 그런분이 구매하시기는 좋은듯~ ",
        "SentimentWord": "6",
        "SentimentPolarity": "0"
      },
      {
        "Aspect": "사이즈",
        "SentimentText": "다만 화면은 적당히 커서 보기가 편해요",
        "SentimentWord": "6",
        "SentimentPolarity": "1"
      },
      {
        "Aspect": "가격",
        "SentimentText": "가격은 저렴해서 좋았어요 만족해요~",
        "SentimentWord": "4",
        "SentimentPolarity": "1"
      }
    ]
  },
  {
    "Index": "14137",
    "RawText": "주문하고 빠르게 설치해주신점이 너무 만족스러 웠어요~ 그러나 화면반응속도는 느린것같애요!! 최신형의 제품이라 우선 만족스럽습니다.",
    "Source": "쇼핑몰",
    "Domain": "가전",
    "MainCategory": "영상/음향가전",
    "ProductName": "삼성전자 UN43N5020AFXKR 스탠드",
    "ReviewScore": "5",
    "Syllable": "72",
    "Word": "13",
    "RDate": "20220312",
    "Aspects": [
      {
        "Aspect": "제조일/제조사",
        "SentimentText": "최신형의 제품이라 우선 만족스럽습니다.",
        "SentimentWord": "4",
        "SentimentPolarity": "1"
      },
      {
        "Aspect": "시간/속도",
        "SentimentText": "그러나 화면반응속도는 느린것같애요!!",
        "SentimentWord": "3",
        "SentimentPolarity": "-1"
      }
    ]
  },
  {
    "Index": "14138",
    "RawText": "저렴한데요 가성비가 아주 좋아요 만족!! 배송은 좀 느려서 불만족... 설치기사님은 친절하시고 신속하게 설치까지 거기다 기존티비도 수거해 가셨어요 추천합니다~화질이 정말 선명하네요. 최고에요",
    "Source": "쇼핑몰",
    "Domain": "가전",
    "MainCategory": "영상/음향가전",
    "ProductName": "삼성전자 UN43N5020AFXKR 스탠드",
    "ReviewScore": "5",
    "Syllable": "106",
    "Word": "21",
    "RDate": "20220705",
    "Aspects": [
      {
        "Aspect": "가격",
        "SentimentText": "저렴한데요 가성비가 아주 좋아요 만족!!",
        "SentimentWord": "5",
        "SentimentPolarity": "1"
      },
      {
        "Aspect": "화질",
        "SentimentText": "화질이 정말 선명하네요. 최고에요",
        "SentimentWord": "4",
        "SentimentPolarity": "1"
      }
    ]
  },
  {
    "Index": "14139",
    "RawText": "배송은 금방와서 좋아요^^ 기사님들 정말 친절하셔서 좋았어요~ 화질은 선명해서 보기에도 좋아요 음향소리도 선명하게 들리니 만족합니다 좋은가격이 합리적이네요 굿~",
    "Source": "쇼핑몰",
    "Domain": "가전",
    "MainCategory": "영상/음향가전",
    "ProductName": "삼성전자 UN43N5020AFXKR 스탠드",
    "ReviewScore": "5",
    "Syllable": "89",
    "Word": "18",
    "RDate": "20220412",
    "Aspects": [
      {
        "Aspect": "화질",
        "SentimentText": "화질은 선명해서 보기에도 좋아요",
        "SentimentWord": "4",
        "SentimentPolarity": "1"
      },
      {
        "Aspect": "음량/음질",
        "SentimentText": "음향소리도 선명하게 들리니 만족합니다",
        "SentimentWord": "4",
        "SentimentPolarity": "1"
      },
      {
        "Aspect": "가격",
        "SentimentText": "좋은가격이 합리적이네요 굿~",
        "SentimentWord": "3",
        "SentimentPolarity": "1"
      }
    ]
  },
  {
    "Index": "14140",
    "RawText": "티비의 품질은 그냥 가격만큼하는 것같아요ㅡㅡ 핸드폰이랑 연동이 안되는지 몰랐는데 아쉽네요;;",
    "Source": "쇼핑몰",
    "Domain": "가전",
    "MainCategory": "영상/음향가전",
    "ProductName": "삼성전자 UN43N5020AFXKR 스탠드",
    "ReviewScore": "3",
    "Syllable": "51",
    "Word": "10",
    "RDate": "20220320",
    "GeneralPolarity": "-1",
    "Aspects": [
      {
        "Aspect": "품질",
        "SentimentText": "티비의 품질은 그냥 가격만큼하는 것같아요ㅡㅡ",
        "SentimentWord": "5",
        "SentimentPolarity": "0"
      },
      {
        "Aspect": "기능",
        "SentimentText": "핸드폰이랑 연동이 안되는지 몰랐는데 아쉽네요;;",
        "SentimentWord": "5",
        "SentimentPolarity": "-1"
      }
    ]
  },
  {
    "Index": "14141",
    "RawText": "43인치 어렵게 찾은 사이즈의 티비예요 제가 딱원하는 사이즈네요^^ 최저가로 가격저렴하게 구매해서 좋아요 배송도 신속하게 와서 더더더 좋아용 기사분들이 설치도 해주시고 친절하셔서 완전 만족합니다",
    "Source": "쇼핑몰",
    "Domain": "가전",
    "MainCategory": "영상/음향가전",
    "ProductName": "삼성전자 UN43N5020AFXKR 스탠드",
    "ReviewScore": "5",
    "Syllable": "108",
    "Word": "23",
    "RDate": "20220323",
    "Aspects": [
      {
        "Aspect": "사이즈",
        "SentimentText": "43인치 어렵게 찾은 사이즈의 티비예요 제가 딱원하는 사이즈네요^^",
        "SentimentWord": "8",
        "SentimentPolarity": "1"
      },
      {
        "Aspect": "가격",
        "SentimentText": "최저가로 가격저렴하게 구매해서 좋아요",
        "SentimentWord": "4",
        "SentimentPolarity": "1"
      }
    ]
  },
  {
    "Index": "14142",
    "RawText": "필요한 기능들이 다 있어서 좋아요 가격도 이정도면 최고죵!! 설치도 다 해주시고 as도 가능하니까 구매하길 잘했어요^^",
    "Source": "쇼핑몰",
    "Domain": "가전",
    "MainCategory": "영상/음향가전",
    "ProductName": "삼성전자 UN43N5020AFXKR 스탠드",
    "ReviewScore": "5",
    "Syllable": "66",
    "Word": "15",
    "RDate": "20190921",
    "Aspects": [
      {
        "Aspect": "기능",
        "SentimentText": "필요한 기능들이 다 있어서 좋아요",
        "SentimentWord": "5",
        "SentimentPolarity": "1"
      },
      {
        "Aspect": "가격",
        "SentimentText": "가격도 이정도면 최고죵!!",
        "SentimentWord": "3",
        "SentimentPolarity": "1"
      }
    ]
  },
  {
    "Index": "14144",
    "RawText": "품질이 나쁘지않아서 만족해요^^ 설치하시는 기사님도 친절하시니 구매 잘한것같아요~ 사용법 단순해 특히 만족",
    "Source": "쇼핑몰",
    "Domain": "가전",
    "MainCategory": "영상/음향가전",
    "ProductName": "삼성전자 UN43N5020AFXKR 스탠드",
    "ReviewScore": "5",
    "Syllable": "59",
    "Word": "12",
    "RDate": "20220319",
    "Aspects": [
      {
        "Aspect": "품질",
        "SentimentText": "품질이 나쁘지않아서 만족해요^^",
        "SentimentWord": "3",
        "SentimentPolarity": "1"
      },
      {
        "Aspect": "조작성",
        "SentimentText": "사용법 단순해 특히 만족",
        "SentimentWord": "4",
        "SentimentPolarity": "1"
      }
    ]
  },
  {
    "Index": "14146",
    "RawText": "화면화질의 선명도가 완전 좋아요. 배송도 신속하니까 좋구요 설치기사님 설명도 친절하게 해주셔서 굿~ 저렴한 가격 아주 만족해요",
    "Source": "쇼핑몰",
    "Domain": "가전",
    "MainCategory": "영상/음향가전",
    "ProductName": "삼성전자 UN43N5020AFXKR 스탠드",
    "ReviewScore": "4",
    "Syllable": "70",
    "Word": "16",
    "RDate": "20220310",
    "Aspects": [
      {
        "Aspect": "화질",
        "SentimentText": "화면화질의 선명도가 완전 좋아요.",
        "SentimentWord": "4",
        "SentimentPolarity": "1"
      },
      {
        "Aspect": "가격",
        "SentimentText": "저렴한 가격 아주 만족해요",
        "SentimentWord": "4",
        "SentimentPolarity": "1"
      }
    ]
  },
  {
    "Index": "14147",
    "RawText": "화질의 해상도가 왜이래요 너무 좋지 않아요 ㅜ 싼건싼값을 하는가봐요 불만족 배송도 오래기다려서 받은건데 정말 실망입니다",
    "Source": "쇼핑몰",
    "Domain": "가전",
    "MainCategory": "영상/음향가전",
    "ProductName": "삼성전자 UN43N5020AFXKR 스탠드",
    "ReviewScore": "1",
    "Syllable": "66",
    "Word": "15",
    "RDate": "20201217",
    "Aspects": [
      {
        "Aspect": "화질",
        "SentimentText": "화질의 해상도가 왜이래요 너무 좋지 않아요 ㅜ ",
        "SentimentWord": "7",
        "SentimentPolarity": "-1"
      },
      {
        "Aspect": "품질",
        "SentimentText": "싼건싼값을 하는가봐요 불만족",
        "SentimentWord": "3",
        "SentimentPolarity": "-1"
      }
    ]
  },
  {
    "Index": "14148",
    "RawText": "화면이 제가 원하는 사이즈여서 만족해요 화질도 선명해서 좋구요 설치기사님이 설명도 친절하게 해주시고 폐가전도 처리해주셔서 너무 만족해요^^",
    "Source": "쇼핑몰",
    "Domain": "가전",
    "MainCategory": "영상/음향가전",
    "ProductName": "삼성전자 UN43N5020AFXKR 스탠드",
    "ReviewScore": "4",
    "Syllable": "77",
    "Word": "16",
    "RDate": "20220701",
    "Aspects": [
      {
        "Aspect": "사이즈",
        "SentimentText": "화면이 제가 원하는 사이즈여서 만족해요",
        "SentimentWord": "5",
        "SentimentPolarity": "1"
      },
      {
        "Aspect": "화질",
        "SentimentText": "화질도 선명해서 좋구요",
        "SentimentWord": "3",
        "SentimentPolarity": "1"
      }
    ]
  },
  {
    "Index": "14149",
    "RawText": "화면의 해상도나 선명도가 너무 좋아요 배송도 총알배송이라 넘 감사해요 설치해주시고 설명도 쉽게 해주시고 폐가전 수거도 너무 좋았습니다~~디자인 깔끔하고 좋네요",
    "Source": "쇼핑몰",
    "Domain": "가전",
    "MainCategory": "영상/음향가전",
    "ProductName": "삼성전자 UN43N5020AFXKR 스탠드",
    "ReviewScore": "5",
    "Syllable": "88",
    "Word": "19",
    "RDate": "20220214",
    "Aspects": [
      {
        "Aspect": "화질",
        "SentimentText": "화면의 해상도나 선명도가 너무 좋아요",
        "SentimentWord": "5",
        "SentimentPolarity": "1"
      },
      {
        "Aspect": "디자인",
        "SentimentText": "디자인 깔끔하고 좋네요",
        "SentimentWord": "3",
        "SentimentPolarity": "1"
      }
    ]
  },
  {
    "Index": "14150",
    "RawText": "화질이 선명하고 밝게 잘 나옵니다 그런데 티비가 혼자 켜졌다 꺼졌다하는 불편함이 있어서 아쉬워요ㅜㅜ",
    "Source": "쇼핑몰",
    "Domain": "가전",
    "MainCategory": "영상/음향가전",
    "ProductName": "삼성전자 UN43N5020AFXKR 스탠드",
    "ReviewScore": "4",
    "Syllable": "55",
    "Word": "13",
    "RDate": "20190808",
    "GeneralPolarity": "0",
    "Aspects": [
      {
        "Aspect": "화질",
        "SentimentText": "화질이 선명하고 밝게 잘 나옵니다",
        "SentimentWord": "5",
        "SentimentPolarity": "1"
      },
      {
        "Aspect": "품질",
        "SentimentText": "그런데 티비가 혼자 켜졌다 꺼졌다하는 불편함이 있어서 아쉬워요ㅜㅜ",
        "SentimentWord": "8",
        "SentimentPolarity": "-1"
      }
    ]
  },
  {
    "Index": "14151",
    "RawText": "화질의 선명감은 아주 최악입니다ㅜ 해상도도 정말 어중간해요 불량인가요? 아쉽네요",
    "Source": "쇼핑몰",
    "Domain": "가전",
    "MainCategory": "영상/음향가전",
    "ProductName": "삼성전자 UN43N5020AFXKR 스탠드",
    "ReviewScore": "1",
    "Syllable": "44",
    "Word": "9",
    "RDate": "20210830",
    "GeneralPolarity": "-1",
    "Aspects": [
      {
        "Aspect": "화질",
        "SentimentText": "화질의 선명감은 아주 최악입니다ㅜ",
        "SentimentWord": "4",
        "SentimentPolarity": "-1"
      },
      {
        "Aspect": "화질",
        "SentimentText": "해상도도 정말 어중간해요 불량인가요? 아쉽네요",
        "SentimentWord": "5",
        "SentimentPolarity": "-1"
      }
    ]
  },
  {
    "Index": "14152",
    "RawText": "화질의선명도가 떨어지는게 아쉬워요 가격은 저렴하니까 만족해요 배송도 완전 총알배송 좋아용^^",
    "Source": "쇼핑몰",
    "Domain": "가전",
    "MainCategory": "영상/음향가전",
    "ProductName": "삼성전자 UN43N5020AFXKR 스탠드",
    "ReviewScore": "4",
    "Syllable": "51",
    "Word": "10",
    "RDate": "20200221",
    "Aspects": [
      {
        "Aspect": "화질",
        "SentimentText": "화질의선명도가 떨어지는게 아쉬워요",
        "SentimentWord": "3",
        "SentimentPolarity": "-1"
      },
      {
        "Aspect": "가격",
        "SentimentText": "가격은 저렴하니까 만족해요",
        "SentimentWord": "3",
        "SentimentPolarity": "1"
      }
    ]
  },
  {
    "Index": "14153",
    "RawText": "배송 오래걸릴 줄알았는데 생각보다 빨리오고 설치 끝!! 빠른배송에 만족했습니다. 이동도 편하니까 내가 원하는 장소에 끌어다 놓고 이것저것 활용도 가능하니까 좋아요^^화질이 정말 최상이에요",
    "Source": "쇼핑몰",
    "Domain": "가전",
    "MainCategory": "영상/음향가전",
    "ProductName": "스탠바이미 LG전자 27ART10AKPL 스탠드",
    "ReviewScore": "5",
    "Syllable": "104",
    "Word": "22",
    "RDate": "20220126",
    "Aspects": [
      {
        "Aspect": "화질",
        "SentimentText": "화질이 정말 최상이에요",
        "SentimentWord": "3",
        "SentimentPolarity": "1"
      },
      {
        "Aspect": "편의성",
        "SentimentText": "이동도 편하니까 내가 원하는 장소에 끌어다 놓고 이것저것 활용도 가능하니까 좋아요^^",
        "SentimentWord": "11",
        "SentimentPolarity": "1"
      }
    ]
  },
  {
    "Index": "14154",
    "RawText": "주문하고 4일만에 스피드하게 배송 받아서 좋아요  판매처에서 직접오시니까 꼼꼼한 설치도 해주고 신뢰감도 있고 만족스러웠답니다^^ 알아본 쇼핑몰중 최저가로 구매했어요 겉표면 소재가 좋아서 그런가 먼지가 잘 묻지않아서 만족스럽네요",
    "Source": "쇼핑몰",
    "Domain": "가전",
    "MainCategory": "영상/음향가전",
    "ProductName": "스탠바이미 LG전자 27ART10AKPL 스탠드",
    "ReviewScore": "5",
    "Syllable": "126",
    "Word": "26",
    "RDate": "20220531",
    "Aspects": [
      {
        "Aspect": "가격",
        "SentimentText": "알아본 쇼핑몰중 최저가로 구매했어요",
        "SentimentWord": "4",
        "SentimentPolarity": "1"
      },
      {
        "Aspect": "소재",
        "SentimentText": "겉표면 소재가 좋아서 그런가 먼지가 잘 묻지않아서 만족스럽네요",
        "SentimentWord": "8",
        "SentimentPolarity": "1"
      }
    ]
  },
  {
    "Index": "14155",
    "RawText": "몇달 고민하는데 할인받아서 저렴하게 구입할 수있어서 좋았어요 터치도되고 이동이 가능하고 높낮이 조절되는것이 가장 큰 장점이라 만족하며 결재했죵!! 크기는 적당해서 사용하기는 좋아요~ 화질은 선명감도 떨어지고 많이 아쉬운 부분이네요ㅜ 그리고 왜이렇게 무거운지 문지방이 있으니까 이동하기 너무 불편해서 불만족입니다 배송은 2일만에 총알배송으로 받아서 좋았구요 설치도 금방해주시고 친절하신 배송기사님에 더욱 만족해요^^ 그리고 디자인이 깔끔한것이 만족스러워요~~^^",
    "Source": "쇼핑몰",
    "Domain": "가전",
    "MainCategory": "영상/음향가전",
    "ProductName": "스탠바이미 LG전자 27ART10AKPL 스탠드",
    "ReviewScore": "5",
    "Syllable": "257",
    "Word": "51",
    "RDate": "20220530",
    "Aspects": [
      {
        "Aspect": "가격",
        "SentimentText": "몇달 고민하는데 할인받아서 저렴하게 구입할 수있어서 좋았어요",
        "SentimentWord": "7",
        "SentimentPolarity": "1"
      },
      {
        "Aspect": "조작성",
        "SentimentText": "터치도되고 이동이 가능하고 높낮이 조절되는것이 가장 큰 장점이라 만족하며 결재했죵!!",
        "SentimentWord": "10",
        "SentimentPolarity": "1"
      },
      {
        "Aspect": "사이즈",
        "SentimentText": "크기는 적당해서 사용하기는 좋아요~",
        "SentimentWord": "4",
        "SentimentPolarity": "1"
      },
      {
        "Aspect": "화질",
        "SentimentText": "화질은 선명감도 떨어지고 많이 아쉬운 부분이네요ㅜ",
        "SentimentWord": "6",
        "SentimentPolarity": "-1"
      },
      {
        "Aspect": "편의성",
        "SentimentText": "그리고 왜이렇게 무거운지 문지방이 있으니까 이동하기 너무 불편해서 불만족입니다",
        "SentimentWord": "9",
        "SentimentPolarity": "-1"
      },
      {
        "Aspect": "디자인",
        "SentimentText": "그리고 디자인이 깔끔한것이 만족스러워요~~^^",
        "SentimentWord": "4",
        "SentimentPolarity": "1"
      }
    ]
  },
  {
    "Index": "14156",
    "RawText": "배송은 스피드 신속배송이라 만족해요 설치도 친절한 기사님 만나 좋았구요^^ 블루투스 기능이 너무 편하고 좋아요  최신형의 제품이라 우선 만족스럽습니다.",
    "Source": "쇼핑몰",
    "Domain": "가전",
    "MainCategory": "영상/음향가전",
    "ProductName": "스탠바이미 LG전자 27ART10AKPL 스탠드",
    "ReviewScore": "5",
    "Syllable": "84",
    "Word": "18",
    "RDate": "20220525",
    "Aspects": [
      {
        "Aspect": "기능",
        "SentimentText": "블루투스 기능이 너무 편하고 좋아요",
        "SentimentWord": "5",
        "SentimentPolarity": "1"
      },
      {
        "Aspect": "제조일/제조사",
        "SentimentText": "최신형의 제품이라 우선 만족스럽습니다.",
        "SentimentWord": "4",
        "SentimentPolarity": "1"
      }
    ]
  },
  {
    "Index": "14157",
    "RawText": "총알배송에 만족했어요^^ 친절한 기사님들도 좋았구요~연결하기도 편해서 사용하기가 참 편해서 만족해요 그리고 디자인도 깔끔하니 예쁘네요 굿!!",
    "Source": "쇼핑몰",
    "Domain": "가전",
    "MainCategory": "영상/음향가전",
    "ProductName": "스탠바이미 LG전자 27ART10AKPL 스탠드",
    "ReviewScore": "5",
    "Syllable": "78",
    "Word": "15",
    "RDate": "20220326",
    "Aspects": [
      {
        "Aspect": "편의성",
        "SentimentText": "연결하기도 편해서 사용하기가 참 편해서 만족해요",
        "SentimentWord": "6",
        "SentimentPolarity": "1"
      },
      {
        "Aspect": "디자인",
        "SentimentText": "그리고 디자인도 깔끔하니 예쁘네요 굿!!",
        "SentimentWord": "5",
        "SentimentPolarity": "1"
      }
    ]
  },
  {
    "Index": "14158",
    "RawText": "2일만에 배송받은거면 무지빠르죠? 그래서 만족합니다 디자인도 이리도 깔끔하다니 좋아요 그런데 막상보니 화면이 작은것이 아쉬움이 남네요 좀더 컸으면...",
    "Source": "쇼핑몰",
    "Domain": "가전",
    "MainCategory": "영상/음향가전",
    "ProductName": "스탠바이미 LG전자 27ART10AKPL 스탠드",
    "ReviewScore": "5",
    "Syllable": "84",
    "Word": "17",
    "RDate": "20220311",
    "Aspects": [
      {
        "Aspect": "디자인",
        "SentimentText": "디자인도 이리도 깔끔하다니 좋아요",
        "SentimentWord": "4",
        "SentimentPolarity": "1"
      },
      {
        "Aspect": "사이즈",
        "SentimentText": "그런데 막상보니 화면이 작은것이 아쉬움이 남네요 좀더 컸으면...",
        "SentimentWord": "8",
        "SentimentPolarity": "-1"
      }
    ]
  },
  {
    "Index": "14159",
    "RawText": "4일만에 도착.. 오래기다릴 작정했는데 빨리 받으니 기쁨이 두배 좋아요^^ 기사님이 설명도 친절하게 해주시니 만족하죵 유용한 기능들이 많아서 잘 쓸꺼예요~좋음 무빙힐, 터치스크린 기능을 작동하면 너무도 편하고 좋아요",
    "Source": "쇼핑몰",
    "Domain": "가전",
    "MainCategory": "영상/음향가전",
    "ProductName": "스탠바이미 LG전자 27ART10AKPL 스탠드",
    "ReviewScore": "5",
    "Syllable": "120",
    "Word": "26",
    "RDate": "20220622",
    "Aspects": [
      {
        "Aspect": "편의성",
        "SentimentText": "무빙힐, 터치스크린 기능을 작동하면 너무도 편하고 좋아요",
        "SentimentWord": "7",
        "SentimentPolarity": "1"
      },
      {
        "Aspect": "기능",
        "SentimentText": " 유용한 기능들이 많아서 잘 쓸꺼예요~좋음",
        "SentimentWord": "5",
        "SentimentPolarity": "1"
      }
    ]
  },
  {
    "Index": "14160",
    "RawText": "무엇보다 이동이 편한것이 장점이예요^^ 배송도 이틀만에 도착! 완전 좋아요 친절한 기사님들이 오시다니 만족해요~ 상품의 내구성이 좋아서 만족해요",
    "Source": "쇼핑몰",
    "Domain": "가전",
    "MainCategory": "영상/음향가전",
    "ProductName": "스탠바이미 LG전자 27ART10AKPL 스탠드",
    "ReviewScore": "5",
    "Syllable": "80",
    "Word": "17",
    "RDate": "20220401",
    "Aspects": [
      {
        "Aspect": "편의성",
        "SentimentText": "무엇보다 이동이 편한것이 장점이예요^^",
        "SentimentWord": "4",
        "SentimentPolarity": "1"
      },
      {
        "Aspect": "내구성",
        "SentimentText": "상품의 내구성이 좋아서 만족해요",
        "SentimentWord": "4",
        "SentimentPolarity": "1"
      }
    ]
  },
  {
    "Index": "14161",
    "RawText": "다양한 인터넷방송을 볼 수있어 아주 유용합니다^^ 큰화면으로 보니까 눈도 편하고 좋아요~선택을 잘했어요 굿",
    "Source": "쇼핑몰",
    "Domain": "가전",
    "MainCategory": "영상/음향가전",
    "ProductName": "스탠바이미 LG전자 27ART10AKPL 스탠드",
    "ReviewScore": "5",
    "Syllable": "59",
    "Word": "13",
    "RDate": "20220207",
    "GeneralPolarity": "1",
    "Aspects": [
      {
        "Aspect": "기능",
        "SentimentText": "다양한 인터넷방송을 볼 수있어 아주 유용합니다^^",
        "SentimentWord": "6",
        "SentimentPolarity": "1"
      },
      {
        "Aspect": "사이즈",
        "SentimentText": "큰화면으로 보니까 눈도 편하고 좋아요~선택을 잘했어요 굿",
        "SentimentWord": "7",
        "SentimentPolarity": "1"
      }
    ]
  },
  {
    "Index": "14162",
    "RawText": "다양한 인터넷 방송을 볼 수있어 정말 마음에 드네요 휴대폰으로 시청하다가 큰화면으로 보니 좋아요 크기 만족스럽네요 음질도 너무 좋아서 설겆이할때 음악들으면서 아주 유용하게 쓰고 있어요",
    "Source": "쇼핑몰",
    "Domain": "가전",
    "MainCategory": "영상/음향가전",
    "ProductName": "스탠바이미 LG전자 27ART10AKPL 스탠드",
    "ReviewScore": "5",
    "Syllable": "102",
    "Word": "24",
    "RDate": "20220407",
    "GeneralPolarity": "1",
    "Aspects": [
      {
        "Aspect": "기능",
        "SentimentText": "다양한 인터넷 방송을 볼 수있어 정말 마음에 드네요",
        "SentimentWord": "8",
        "SentimentPolarity": "1"
      },
      {
        "Aspect": "사이즈",
        "SentimentText": "휴대폰으로 시청하다가 큰화면으로 보니 좋아요 크기 만족스럽네요",
        "SentimentWord": "7",
        "SentimentPolarity": "1"
      },
      {
        "Aspect": "음량/음질",
        "SentimentText": "음질도 너무 좋아서 설겆이할때 음악들으면서 아주 유용하게 쓰고 있어요",
        "SentimentWord": "9",
        "SentimentPolarity": "1"
      }
    ]
  },
  {
    "Index": "14163",
    "RawText": "다양한 기능들이 많아서 아주 만족합니다. 다양한 인터넷 방송도 시청가능하고 채널들도 많아서 너무 좋아요^^",
    "Source": "쇼핑몰",
    "Domain": "가전",
    "MainCategory": "영상/음향가전",
    "ProductName": "스탠바이미 LG전자 27ART10AKPL 스탠드",
    "ReviewScore": "5",
    "Syllable": "59",
    "Word": "13",
    "RDate": "20220610",
    "GeneralPolarity": "1",
    "Aspects": [
      {
        "Aspect": "기능",
        "SentimentText": "다양한 기능들이 많아서 아주 만족합니다. ",
        "SentimentWord": "5",
        "SentimentPolarity": "1"
      },
      {
        "Aspect": "기능",
        "SentimentText": "다양한 인터넷 방송도 시청가능하고 채널들도 많아서 너무 좋아요^^",
        "SentimentWord": "8",
        "SentimentPolarity": "1"
      }
    ]
  },
  {
    "Index": "14164",
    "RawText": "3일만에 받았어요 총알배송이죠 굿~  슬림해서 자리도 많이 차지하지 않으니까 넘 좋아요^^ 화질의 밝기도 좋아서 괜찮구요 음질도 선명하니 좋아요 진작살껄~",
    "Source": "쇼핑몰",
    "Domain": "가전",
    "MainCategory": "영상/음향가전",
    "ProductName": "스탠바이미 LG전자 27ART10AKPL 스탠드",
    "ReviewScore": "5",
    "Syllable": "86",
    "Word": "19",
    "RDate": "20220519",
    "Aspects": [
      {
        "Aspect": "사이즈",
        "SentimentText": " 슬림해서 자리도 많이 차지하지 않으니까 넘 좋아요^^",
        "SentimentWord": "7",
        "SentimentPolarity": "1"
      },
      {
        "Aspect": "화질",
        "SentimentText": "화질의 밝기도 좋아서 괜찮구요",
        "SentimentWord": "4",
        "SentimentPolarity": "1"
      },
      {
        "Aspect": "음량/음질",
        "SentimentText": "음질도 선명하니 좋아요 진작살껄~",
        "SentimentWord": "4",
        "SentimentPolarity": "1"
      }
    ]
  },
  {
    "Index": "14165",
    "RawText": "배송늦을까 기대안했는데 오홍~ 빠른배송 좋아요  기사님도 친절하신데다 깔끔하게 설치해주시니 만족스럽습니다^^ 싸게 득템해서 세상 행복해요 다양한 기능이 무척 마음에 드네요",
    "Source": "쇼핑몰",
    "Domain": "가전",
    "MainCategory": "영상/음향가전",
    "ProductName": "스탠바이미 LG전자 27ART10AKPL 스탠드",
    "ReviewScore": "5",
    "Syllable": "95",
    "Word": "19",
    "RDate": "20220126",
    "Aspects": [
      {
        "Aspect": "가격",
        "SentimentText": "싸게 득템해서 세상 행복해요",
        "SentimentWord": "4",
        "SentimentPolarity": "1"
      },
      {
        "Aspect": "기능",
        "SentimentText": "다양한 기능이 무척 마음에 드네요",
        "SentimentWord": "5",
        "SentimentPolarity": "1"
      }
    ]
  },
  {
    "Index": "14166",
    "RawText": "이틀만에 배송과 설치를 참 스피드 하니 좋습니다. 방에 두기도 딱~~ 좋은 사이즈이구요 디자인도 심플자체이니 너무 만족해요 화질도 선명하니 좋구요",
    "Source": "쇼핑몰",
    "Domain": "가전",
    "MainCategory": "영상/음향가전",
    "ProductName": "스탠바이미 LG전자 27ART10AKPL 스탠드",
    "ReviewScore": "5",
    "Syllable": "81",
    "Word": "19",
    "RDate": "20220128",
    "Aspects": [
      {
        "Aspect": "사이즈",
        "SentimentText": "방에 두기도 딱~~ 좋은 사이즈이구요",
        "SentimentWord": "5",
        "SentimentPolarity": "1"
      },
      {
        "Aspect": "디자인",
        "SentimentText": "디자인도 심플자체이니 너무 만족해요",
        "SentimentWord": "4",
        "SentimentPolarity": "1"
      },
      {
        "Aspect": "화질",
        "SentimentText": "화질도 선명하니 좋구요 ",
        "SentimentWord": "3",
        "SentimentPolarity": "1"
      }
    ]
  },
  {
    "Index": "14167",
    "RawText": "배송을 하루만에 받다니 정말 감동을 했어요^^ 진작에살껄~ 기능들이 너무 좋아용^^디자인이 집안 인테리어에 찰떡으로 맞춤이네요.^^",
    "Source": "쇼핑몰",
    "Domain": "가전",
    "MainCategory": "영상/음향가전",
    "ProductName": "스탠바이미 LG전자 27ART10AKPL 스탠드",
    "ReviewScore": "5",
    "Syllable": "73",
    "Word": "14",
    "RDate": "20220218",
    "Aspects": [
      {
        "Aspect": "디자인",
        "SentimentText": "디자인이 집안 인테리어에 찰떡으로 맞춤이네요.^^",
        "SentimentWord": "5",
        "SentimentPolarity": "1"
      },
      {
        "Aspect": "기능",
        "SentimentText": "진작에살껄~ 기능들이 너무 좋아용^^",
        "SentimentWord": "4",
        "SentimentPolarity": "1"
      }
    ]
  },
  {
    "Index": "14168",
    "RawText": "배송이 정말 신속하니까 좋아요 기사님도 친절하시니 만족하구요 가격도 제일 저렴하게 사서 좋아요 굿굿^^최신형 제품으로 받아보고 감동했어요",
    "Source": "쇼핑몰",
    "Domain": "가전",
    "MainCategory": "영상/음향가전",
    "ProductName": "스탠바이미 LG전자 27ART10AKPL 스탠드",
    "ReviewScore": "5",
    "Syllable": "76",
    "Word": "16",
    "RDate": "20220307",
    "Aspects": [
      {
        "Aspect": "제조일/제조사",
        "SentimentText": "최신형 제품으로 받아보고 감동했어요",
        "SentimentWord": "4",
        "SentimentPolarity": "1"
      },
      {
        "Aspect": "가격",
        "SentimentText": "가격도 제일 저렴하게 사서 좋아요 굿굿^^",
        "SentimentWord": "6",
        "SentimentPolarity": "1"
      }
    ]
  },
  {
    "Index": "14169",
    "RawText": "하루만에 총알배송이 정말 좋아요 적립금과 할인에 진짜저렴하게 구입해서 좋구요 바퀴가 달려있으니 이동도 편해서 만족해요^^",
    "Source": "쇼핑몰",
    "Domain": "가전",
    "MainCategory": "영상/음향가전",
    "ProductName": "스탠바이미 LG전자 27ART10AKPL 스탠드",
    "ReviewScore": "4",
    "Syllable": "67",
    "Word": "14",
    "RDate": "20220803",
    "Aspects": [
      {
        "Aspect": "가격",
        "SentimentText": "적립금과 할인에 진짜저렴하게 구입해서 좋구요",
        "SentimentWord": "5",
        "SentimentPolarity": "1"
      },
      {
        "Aspect": "편의성",
        "SentimentText": "바퀴가 달려있으니 이동도 편해서 만족해요^^",
        "SentimentWord": "5",
        "SentimentPolarity": "1"
      }
    ]
  },
  {
    "Index": "14171",
    "RawText": "3주를 기다리다니 배송이 너무 느려서 아쉬워요ㅜ 품질이 아주 좋은 제품 만족해요 굿~지나치게 사이즈가 커서 거실에 설치하기가 부담스럽네요.ㅠㅠ",
    "Source": "쇼핑몰",
    "Domain": "가전",
    "MainCategory": "영상/음향가전",
    "ProductName": "스탠바이미 LG전자 27ART10AKPL 스탠드",
    "ReviewScore": "5",
    "Syllable": "79",
    "Word": "17",
    "RDate": "20220207",
    "Aspects": [
      {
        "Aspect": "사이즈",
        "SentimentText": "지나치게 사이즈가 커서 거실에 설치하기가 부담스럽네요.ㅠㅠ",
        "SentimentWord": "6",
        "SentimentPolarity": "-1"
      },
      {
        "Aspect": "품질",
        "SentimentText": "품질이 아주 좋은 제품 만족해요 굿~",
        "SentimentWord": "6",
        "SentimentPolarity": "1"
      }
    ]
  },
  {
    "Index": "14173",
    "RawText": "4주이상걸린다고 안내 받았는데 10일만에 도착했어요 감사합니다^^ 제품이 생각보다 안무거워서 너무 맘에들어요~ 원하던 딱 그 상품입니다 추천! 색상은 제가 좋아하는걸로 선택해서 받았어요.",
    "Source": "쇼핑몰",
    "Domain": "가전",
    "MainCategory": "영상/음향가전",
    "ProductName": "스탠바이미 LG전자 27ART10AKPL 스탠드",
    "ReviewScore": "5",
    "Syllable": "104",
    "Word": "21",
    "RDate": "20220219",
    "Aspects": [
      {
        "Aspect": "색상",
        "SentimentText": "색상은 제가 좋아하는걸로 선택해서 받았어요.",
        "SentimentWord": "5",
        "SentimentPolarity": "1"
      },
      {
        "Aspect": "무게",
        "SentimentText": "제품이 생각보다 안무거워서 너무 맘에들어요~ 원하던 딱 그 상품입니다 추천!",
        "SentimentWord": "10",
        "SentimentPolarity": "1"
      }
    ]
  },
  {
    "Index": "14174",
    "RawText": "기능들이 너무너무 좋아용^^2주나 걸리다니 도착한게 다행 쫌 아쉽!!그런데 너무 비싸게 주고 사서 그게 언짢아요",
    "Source": "쇼핑몰",
    "Domain": "가전",
    "MainCategory": "영상/음향가전",
    "ProductName": "스탠바이미 LG전자 27ART10AKPL 스탠드",
    "ReviewScore": "5",
    "Syllable": "62",
    "Word": "14",
    "RDate": "20220124",
    "Aspects": [
      {
        "Aspect": "기능",
        "SentimentText": "기능들이 너무너무 좋아용^^",
        "SentimentWord": "3",
        "SentimentPolarity": "1"
      },
      {
        "Aspect": "가격",
        "SentimentText": "그런데 너무 비싸게 주고 사서 그게 언짢아요",
        "SentimentWord": "7",
        "SentimentPolarity": "-1"
      }
    ]
  },
  {
    "Index": "14175",
    "RawText": "가격도 저렴하게 잘구매했어요 완전이득! 배송도 완전 빠르구요 완전 대만족이에요~ 사용하다보니 조작하기도 쉽고 더욱 만족해요^^굿",
    "Source": "쇼핑몰",
    "Domain": "가전",
    "MainCategory": "영상/음향가전",
    "ProductName": "스탠바이미 LG전자 27ART10AKPL 스탠드",
    "ReviewScore": "5",
    "Syllable": "71",
    "Word": "14",
    "RDate": "20220316",
    "Aspects": [
      {
        "Aspect": "가격",
        "SentimentText": "가격도 저렴하게 잘구매했어요 완전이득!",
        "SentimentWord": "4",
        "SentimentPolarity": "1"
      },
      {
        "Aspect": "조작성",
        "SentimentText": "사용하다보니 조작하기도 쉽고 더욱 만족해요^^굿",
        "SentimentWord": "5",
        "SentimentPolarity": "1"
      }
    ]
  },
  {
    "Index": "14176",
    "RawText": "가격은 조금은 비싼거 같아서 그부분 좀 아쉽 ㅠㅠ 가벼워서 실내외 모두 이동가능하니 참 편하네요^^ TV가 없어 폰으로만 봤었는데 블루투스 연결하여 큰화면으로 침대에 누워서 볼 수 있는점이 제일 좋아요 서울기준 7월 1일 구매하고 7월12일에 설치받았어요 짱빠릅니다 굿",
    "Source": "쇼핑몰",
    "Domain": "가전",
    "MainCategory": "영상/음향가전",
    "ProductName": "스탠바이미 LG전자 27ART10AKPL 스탠드",
    "ReviewScore": "5",
    "Syllable": "150",
    "Word": "36",
    "RDate": "20220712",
    "Aspects": [
      {
        "Aspect": "가격",
        "SentimentText": "가격은 조금은 비싼거 같아서 그부분 좀 아쉽 ㅠㅠ",
        "SentimentWord": "8",
        "SentimentPolarity": "-1"
      },
      {
        "Aspect": "무게",
        "SentimentText": "가벼워서 실내외 모두 이동가능하니 참 편하네요^^",
        "SentimentWord": "6",
        "SentimentPolarity": "1"
      },
      {
        "Aspect": "기능",
        "SentimentText": "TV가 없어 폰으로만 봤었는데 블루투스 연결하여 큰화면으로 침대에 누워서 볼 수 있는점이 제일 좋아요",
        "SentimentWord": "14",
        "SentimentPolarity": "1"
      }
    ]
  },
  {
    "Index": "14177",
    "RawText": "핫딜 못기다리고 구매한게 아쉬워요 가격이 내려가서 아쉽네요ㅜㅜ 그래도 다양한 인터넷방송도 시청가능하니 너무 좋아요 만족해요^^",
    "Source": "쇼핑몰",
    "Domain": "가전",
    "MainCategory": "영상/음향가전",
    "ProductName": "스탠바이미 LG전자 27ART10AKPL 스탠드",
    "ReviewScore": "5",
    "Syllable": "70",
    "Word": "14",
    "RDate": "20220517",
    "GeneralPolarity": "0",
    "Aspects": [
      {
        "Aspect": "가격",
        "SentimentText": "핫딜 못기다리고 구매한게 아쉬워요 가격이 내려가서 아쉽네요ㅜㅜ",
        "SentimentWord": "7",
        "SentimentPolarity": "-1"
      },
      {
        "Aspect": "기능",
        "SentimentText": "그래도 다양한 인터넷방송도 시청가능하니 너무 좋아요 만족해요^^",
        "SentimentWord": "7",
        "SentimentPolarity": "1"
      }
    ]
  },
  {
    "Index": "14178",
    "RawText": "가격이 비싸서 고민은 했어요.. 좀만 더 저렴했으면하는 아쉬움이... 그런데 배송이 완전 빠르니까 기다리지 않고 바로 받아서 좋아요 그리고 기사님도 빠르게 오셔서 설치해주시니 만족하네요^^그나마 원하는 디자인의 제품이라 만족해요",
    "Source": "쇼핑몰",
    "Domain": "가전",
    "MainCategory": "영상/음향가전",
    "ProductName": "스탠바이미 LG전자 27ART10AKPL 스탠드",
    "ReviewScore": "5",
    "Syllable": "127",
    "Word": "27",
    "RDate": "20220804",
    "Aspects": [
      {
        "Aspect": "가격",
        "SentimentText": "가격이 비싸서 고민은 했어요.. 좀만 더 저렴했으면하는 아쉬움이... ",
        "SentimentWord": "8",
        "SentimentPolarity": "-1"
      },
      {
        "Aspect": "디자인",
        "SentimentText": "그나마 원하는 디자인의 제품이라 만족해요",
        "SentimentWord": "5",
        "SentimentPolarity": "1"
      }
    ]
  },
  {
    "Index": "14179",
    "RawText": "가격이 생각보다 비싸서 오래 망설였었어요 ㅠㅠ 그래도 막상받아보니 색상도 이쁘고 맘에 들어요",
    "Source": "쇼핑몰",
    "Domain": "가전",
    "MainCategory": "영상/음향가전",
    "ProductName": "스탠바이미 LG전자 27ART10AKPL 스탠드",
    "ReviewScore": "4",
    "Syllable": "51",
    "Word": "12",
    "RDate": "20220228",
    "GeneralPolarity": "0",
    "Aspects": [
      {
        "Aspect": "가격",
        "SentimentText": "가격이 생각보다 비싸서 오래 망설였었어요 ㅠㅠ",
        "SentimentWord": "6",
        "SentimentPolarity": "-1"
      },
      {
        "Aspect": "색상",
        "SentimentText": "그래도 막상받아보니 색상도 이쁘고 맘에 들어요",
        "SentimentWord": "6",
        "SentimentPolarity": "1"
      }
    ]
  },
  {
    "Index": "14180",
    "RawText": "가격이 조금 있는 만큼 제품 퀄리티 만족합니다! 행사와 카드할인도 적용하여 다른 곳 보다 저렴하게 구입해서 좋아요~ 배송일정 조정도 가능하고 설치기사님도 친절히 설치해주어 좋았어요 추천!",
    "Source": "쇼핑몰",
    "Domain": "가전",
    "MainCategory": "영상/음향가전",
    "ProductName": "스탠바이미 LG전자 27ART10AKPL 스탠드",
    "ReviewScore": "5",
    "Syllable": "104",
    "Word": "24",
    "RDate": "20220413",
    "Aspects": [
      {
        "Aspect": "품질",
        "SentimentText": "가격이 조금 있는 만큼 제품 퀄리티 만족합니다!",
        "SentimentWord": "7",
        "SentimentPolarity": "1"
      },
      {
        "Aspect": "가격",
        "SentimentText": "행사와 카드할인도 적용하여 다른 곳 보다 저렴하게 구입해서 좋아요~",
        "SentimentWord": "9",
        "SentimentPolarity": "1"
      }
    ]
  },
  {
    "Index": "14181",
    "RawText": "디자인이 예뻐요 깔끔하니 좋아요^^ 그런데 화면반응 속도는 조금 느린것같아 아쉽네요",
    "Source": "쇼핑몰",
    "Domain": "가전",
    "MainCategory": "영상/음향가전",
    "ProductName": "스탠바이미 LG전자 27ART10AKPL 스탠드",
    "ReviewScore": "5",
    "Syllable": "46",
    "Word": "10",
    "RDate": "20220430",
    "GeneralPolarity": "0",
    "Aspects": [
      {
        "Aspect": "디자인",
        "SentimentText": "디자인이 예뻐요 깔끔하니 좋아요^^ ",
        "SentimentWord": "4",
        "SentimentPolarity": "1"
      },
      {
        "Aspect": "시간/속도",
        "SentimentText": "그런데 화면반응 속도는 조금 느린것같아 아쉽네요",
        "SentimentWord": "6",
        "SentimentPolarity": "-1"
      }
    ]
  },
  {
    "Index": "14182",
    "RawText": "거실에 오디오용도로 방에는 극장용으로 다양한 용도로 사용가능해서 좋아요 아주 센스만점 티비^^ 블루투스 연결기능있어 모니터로도 사용가능 굿굿 강추요~",
    "Source": "쇼핑몰",
    "Domain": "가전",
    "MainCategory": "영상/음향가전",
    "ProductName": "스탠바이미 LG전자 27ART10AKPL 스탠드",
    "ReviewScore": "4",
    "Syllable": "83",
    "Word": "17",
    "RDate": "20220303",
    "GeneralPolarity": "1",
    "Aspects": [
      {
        "Aspect": "기능",
        "SentimentText": "거실에 오디오용도로 방에는 극장용으로 다양한 용도로 사용가능해서 좋아요 아주 센스만점 티비^^",
        "SentimentWord": "11",
        "SentimentPolarity": "1"
      },
      {
        "Aspect": "기능",
        "SentimentText": "블루투스 연결기능있어 모니터로도 사용가능 굿굿 강추요~",
        "SentimentWord": "6",
        "SentimentPolarity": "1"
      }
    ]
  },
  {
    "Index": "14183",
    "RawText": "무선이라 이동이 쉬워서 편하게 볼 수 있으니 너무 좋아요 바퀴부분은 소재가 좋은지 부드럽게 잘 굴러가네요 잘한 선택인듯^^",
    "Source": "쇼핑몰",
    "Domain": "가전",
    "MainCategory": "영상/음향가전",
    "ProductName": "스탠바이미 LG전자 27ART10AKPL 스탠드",
    "ReviewScore": "5",
    "Syllable": "68",
    "Word": "17",
    "RDate": "20220710",
    "GeneralPolarity": "1",
    "Aspects": [
      {
        "Aspect": "편의성",
        "SentimentText": "무선이라 이동이 쉬워서 편하게 볼 수 있으니 너무 좋아요",
        "SentimentWord": "9",
        "SentimentPolarity": "1"
      },
      {
        "Aspect": "소재",
        "SentimentText": "바퀴부분은 소재가 좋은지 부드럽게 잘 굴러가네요 잘한 선택인듯^^",
        "SentimentWord": "8",
        "SentimentPolarity": "1"
      }
    ]
  },
  {
    "Index": "14184",
    "RawText": "늦을까 걱정했었는데 배송 무지 빨라서 좋았어요 상담원의 응대도 매우 친절히 해주어서 굿굿 감사합니다~ 최신형 제품으로 받았어요. 감사합니다. 화면이 선명하고 잘나와서 더구나 만족스럽네요",
    "Source": "쇼핑몰",
    "Domain": "가전",
    "MainCategory": "영상/음향가전",
    "ProductName": "스탠바이미 LG전자 27ART10AKPL 스탠드",
    "ReviewScore": "5",
    "Syllable": "103",
    "Word": "22",
    "RDate": "20220428",
    "Aspects": [
      {
        "Aspect": "제조일/제조사",
        "SentimentText": "최신형 제품으로 받았어요. 감사합니다.",
        "SentimentWord": "4",
        "SentimentPolarity": "1"
      },
      {
        "Aspect": "화질",
        "SentimentText": "화면이 선명하고 잘나와서 더구나 만족스럽네요",
        "SentimentWord": "5",
        "SentimentPolarity": "1"
      }
    ]
  },
  {
    "Index": "14185",
    "RawText": "결제한 지 6일 만에 설치기사님이 제품 가지고 설치하러 방문했어요 짱빠름!!! 굿 OOO에서 신제품으로 나와 인기가 많아 구하기 힘들었는데 너무 만족하며 잘 사용하고 있습니다~ 역시OOO짱!저렴한 가격에 몸둘바를 모르겠네요.^^",
    "Source": "쇼핑몰",
    "Domain": "가전",
    "MainCategory": "영상/음향가전",
    "ProductName": "스탠바이미 LG전자 27ART10AKPL 스탠드",
    "ReviewScore": "5",
    "Syllable": "127",
    "Word": "27",
    "RDate": "20220121",
    "Aspects": [
      {
        "Aspect": "가격",
        "SentimentText": "저렴한 가격에 몸둘바를 모르겠네요.^^",
        "SentimentWord": "4",
        "SentimentPolarity": "1"
      },
      {
        "Aspect": "제조일/제조사",
        "SentimentText": "OOO에서 신제품으로 나와 인기가 많아 구하기 힘들었는데 너무 만족하며 잘 사용하고 있습니다~ 역시OOO짱!",
        "SentimentWord": "13",
        "SentimentPolarity": "1"
      }
    ]
  },
  {
    "Index": "14187",
    "RawText": "고민이 무색할 정도로 제품 디자인이 너무 만족스러워요 넘이뻐요~ 화질과 소리가 그리 좋진 않지만 예상해서 괜찮아요~",
    "Source": "쇼핑몰",
    "Domain": "가전",
    "MainCategory": "영상/음향가전",
    "ProductName": "스탠바이미 LG전자 27ART10AKPL 스탠드",
    "ReviewScore": "5",
    "Syllable": "64",
    "Word": "15",
    "RDate": "20220321",
    "GeneralPolarity": "0",
    "Aspects": [
      {
        "Aspect": "디자인",
        "SentimentText": "고민이 무색할 정도로 제품 디자인이 너무 만족스러워요 넘이뻐요~",
        "SentimentWord": "8",
        "SentimentPolarity": "1"
      },
      {
        "Aspect": "기능",
        "SentimentText": "화질과 소리가 그리 좋진 않지만 예상해서 괜찮아요~",
        "SentimentWord": "7",
        "SentimentPolarity": "0"
      }
    ]
  },
  {
    "Index": "14188",
    "RawText": "공간이동가능하니 편해서 넘넘 최고네요 아이들이랑 다양한채널도 같이 볼수있고 가족과 좋은시간보내기에 최고입니다 굿^^",
    "Source": "쇼핑몰",
    "Domain": "가전",
    "MainCategory": "영상/음향가전",
    "ProductName": "스탠바이미 LG전자 27ART10AKPL 스탠드",
    "ReviewScore": "5",
    "Syllable": "64",
    "Word": "12",
    "RDate": "20220328",
    "GeneralPolarity": "1",
    "Aspects": [
      {
        "Aspect": "편의성",
        "SentimentText": "공간이동가능하니 편해서 넘넘 최고네요",
        "SentimentWord": "4",
        "SentimentPolarity": "1"
      },
      {
        "Aspect": "기능",
        "SentimentText": "아이들이랑 다양한채널도 같이 볼수있고 가족과 좋은시간보내기에 최고입니다 굿^^",
        "SentimentWord": "8",
        "SentimentPolarity": "1"
      }
    ]
  },
  {
    "Index": "14189",
    "RawText": "구매하고 2일만에 받았습니다 빠른배송설치 대만족^^ 가격도 저렴해서 가성비 갑입니다~ OOO설치기사님들께서 깔끔히 설치해주고 가셔서 참 감사합니당~무게가 생각보다 가벼워서 좋네요",
    "Source": "쇼핑몰",
    "Domain": "가전",
    "MainCategory": "영상/음향가전",
    "ProductName": "스탠바이미 LG전자 27ART10AKPL 스탠드",
    "ReviewScore": "5",
    "Syllable": "99",
    "Word": "18",
    "RDate": "20220114",
    "Aspects": [
      {
        "Aspect": "무게",
        "SentimentText": "무게가 생각보다 가벼워서 좋네요",
        "SentimentWord": "4",
        "SentimentPolarity": "1"
      },
      {
        "Aspect": "가격",
        "SentimentText": "가격도 저렴해서 가성비 갑입니다~",
        "SentimentWord": "4",
        "SentimentPolarity": "1"
      }
    ]
  },
  {
    "Index": "14191",
    "RawText": "금요일 저녁에 주문해서 월요일 아침에 도착 대박빨라요 굿^^ 제품 색상도 고급지고 넘 맘에 들어요! 짱짱 원하는 디자인의 제품이라 좋네요",
    "Source": "쇼핑몰",
    "Domain": "가전",
    "MainCategory": "영상/음향가전",
    "ProductName": "스탠바이미 LG전자 27ART10AKPL 스탠드",
    "ReviewScore": "5",
    "Syllable": "76",
    "Word": "19",
    "RDate": "20220627",
    "Aspects": [
      {
        "Aspect": "디자인",
        "SentimentText": "원하는 디자인의 제품이라 좋네요",
        "SentimentWord": "4",
        "SentimentPolarity": "1"
      },
      {
        "Aspect": "색상",
        "SentimentText": "제품 색상도 고급지고 넘 맘에 들어요! 짱짱",
        "SentimentWord": "7",
        "SentimentPolarity": "1"
      }
    ]
  },
  {
    "Index": "14192",
    "RawText": "FHD 그런지 화질이기대이상이예요 굿~~ 이동하기도 편하니까 쓰기 좋아서 만족합니다^^",
    "Source": "쇼핑몰",
    "Domain": "가전",
    "MainCategory": "영상/음향가전",
    "ProductName": "스탠바이미 LG전자 27ART10AKPL 스탠드",
    "ReviewScore": "5",
    "Syllable": "48",
    "Word": "9",
    "RDate": "20220127",
    "GeneralPolarity": "1",
    "Aspects": [
      {
        "Aspect": "화질",
        "SentimentText": "FHD 그런지 화질이기대이상이예요 굿~~",
        "SentimentWord": "4",
        "SentimentPolarity": "1"
      },
      {
        "Aspect": "편의성",
        "SentimentText": "이동하기도 편하니까 쓰기 좋아서 만족합니다^^",
        "SentimentWord": "5",
        "SentimentPolarity": "1"
      }
    ]
  },
  {
    "Index": "14193",
    "RawText": "이틀 만에 배송 받으니 너무 좋아용!! 디자인이 고급스럽고 이뻐요.. 크기가 커서 방에서 혼자 영화를 보니 영화관에 온것같고 너무 좋네요^^ 강추합니다",
    "Source": "쇼핑몰",
    "Domain": "가전",
    "MainCategory": "영상/음향가전",
    "ProductName": "스탠바이미 LG전자 27ART10AKPL 스탠드",
    "ReviewScore": "5",
    "Syllable": "84",
    "Word": "20",
    "RDate": "20220422",
    "Aspects": [
      {
        "Aspect": "디자인",
        "SentimentText": "디자인이 고급스럽고 이뻐요..",
        "SentimentWord": "3",
        "SentimentPolarity": "1"
      },
      {
        "Aspect": "사이즈",
        "SentimentText": "크기가 커서 방에서 혼자 영화를 보니 영화관에 온것같고 너무 좋네요^^ 강추합니다",
        "SentimentWord": "11",
        "SentimentPolarity": "1"
      }
    ]
  },
  {
    "Index": "14194",
    "RawText": "기대만큼이나 디자인이 너무 예뻐여^^ 화질은 생각보다 그리 선명하지 않아서 아쉬운부분이 있네요ㅜㅜ",
    "Source": "쇼핑몰",
    "Domain": "가전",
    "MainCategory": "영상/음향가전",
    "ProductName": "스탠바이미 LG전자 27ART10AKPL 스탠드",
    "ReviewScore": "5",
    "Syllable": "54",
    "Word": "11",
    "RDate": "20220208",
    "GeneralPolarity": "0",
    "Aspects": [
      {
        "Aspect": "디자인",
        "SentimentText": "기대만큼이나 디자인이 너무 예뻐여^^",
        "SentimentWord": "4",
        "SentimentPolarity": "1"
      },
      {
        "Aspect": "화질",
        "SentimentText": "화질은 생각보다 그리 선명하지 않아서 아쉬운부분이 있네요ㅜㅜ",
        "SentimentWord": "7",
        "SentimentPolarity": "-1"
      }
    ]
  },
  {
    "Index": "14195",
    "RawText": "친절한 기사님 덕분에 좋았어요~ 그런데 배송을 원하는 날짜에 받지 못한 아쉬움이 있네요;;;색상을 선택할때 원하는 색상이 있어서 정말 좋았어요. 기능이 다양하지 않아서 그게 아쉽네요",
    "Source": "쇼핑몰",
    "Domain": "가전",
    "MainCategory": "영상/음향가전",
    "ProductName": "스탠바이미 LG전자 27ART10AKPL 스탠드",
    "ReviewScore": "3",
    "Syllable": "101",
    "Word": "23",
    "RDate": "20220711",
    "Aspects": [
      {
        "Aspect": "색상",
        "SentimentText": "색상을 선택할때 원하는 색상이 있어서 정말 좋았어요.",
        "SentimentWord": "7",
        "SentimentPolarity": "1"
      },
      {
        "Aspect": "기능",
        "SentimentText": "기능이 다양하지 않아서 그게 아쉽네요",
        "SentimentWord": "5",
        "SentimentPolarity": "-1"
      }
    ]
  },
  {
    "Index": "14196",
    "RawText": "기사님들이 친절하게 설명해주시니 좋았어요 사용법도 너무 간단하니까 좋아용^^엄마가 원하는 디자인이라 너무 다행이네요",
    "Source": "쇼핑몰",
    "Domain": "가전",
    "MainCategory": "영상/음향가전",
    "ProductName": "스탠바이미 LG전자 27ART10AKPL 스탠드",
    "ReviewScore": "5",
    "Syllable": "64",
    "Word": "12",
    "RDate": "20220624",
    "Aspects": [
      {
        "Aspect": "디자인",
        "SentimentText": "엄마가 원하는 디자인이라 너무 다행이네요",
        "SentimentWord": "5",
        "SentimentPolarity": "1"
      },
      {
        "Aspect": "조작성",
        "SentimentText": "사용법도 너무 간단하니까 좋아용^^",
        "SentimentWord": "4",
        "SentimentPolarity": "1"
      }
    ]
  },
  {
    "Index": "14197",
    "RawText": "혹시나 했지만 품질이 너무 좋으네요~ 바퀴도 부드럽구요 각도위치조절도 잘되니 고정도 짱짱하게 잘되어 만족해요^^",
    "Source": "쇼핑몰",
    "Domain": "가전",
    "MainCategory": "영상/음향가전",
    "ProductName": "스탠바이미 LG전자 27ART10AKPL 스탠드",
    "ReviewScore": "5",
    "Syllable": "62",
    "Word": "13",
    "RDate": "20220302",
    "GeneralPolarity": "1",
    "Aspects": [
      {
        "Aspect": "품질",
        "SentimentText": "혹시나 했지만 품질이 너무 좋으네요~",
        "SentimentWord": "5",
        "SentimentPolarity": "1"
      },
      {
        "Aspect": "조작성",
        "SentimentText": " 바퀴도 부드럽구요 각도위치조절도 잘되니 고정도 짱짱하게 잘되어 만족해요^^",
        "SentimentWord": "8",
        "SentimentPolarity": "1"
      }
    ]
  },
  {
    "Index": "14199",
    "RawText": "카드 할인이 되어 저렴하게 구입하니까 더 좋아용 제품의 품질은 말할 것도 없이 너무 좋아서 대만족이예요^^",
    "Source": "쇼핑몰",
    "Domain": "가전",
    "MainCategory": "영상/음향가전",
    "ProductName": "스탠바이미 LG전자 27ART10AKPL 스탠드",
    "ReviewScore": "5",
    "Syllable": "59",
    "Word": "15",
    "RDate": "20211222",
    "GeneralPolarity": "1",
    "Aspects": [
      {
        "Aspect": "가격",
        "SentimentText": "카드 할인이 되어 저렴하게 구입하니까 더 좋아용",
        "SentimentWord": "7",
        "SentimentPolarity": "1"
      },
      {
        "Aspect": "품질",
        "SentimentText": "제품의 품질은 말할 것도 없이 너무 좋아서 대만족이예요^^",
        "SentimentWord": "8",
        "SentimentPolarity": "1"
      }
    ]
  },
  {
    "Index": "14200",
    "RawText": "기사님도 친절하시니까 너무 편하게 잘받았어요^^ 제품의 기능들이 생각보다 좋아서 강추합니다 연세있으신 분들도 편하게 작동할 만큼 단순한 조작법이에요",
    "Source": "쇼핑몰",
    "Domain": "가전",
    "MainCategory": "영상/음향가전",
    "ProductName": "스탠바이미 LG전자 27ART10AKPL 스탠드",
    "ReviewScore": "5",
    "Syllable": "82",
    "Word": "17",
    "RDate": "20220422",
    "Aspects": [
      {
        "Aspect": "조작성",
        "SentimentText": "연세있으신 분들도 편하게 작동할 만큼 단순한 조작법이에요",
        "SentimentWord": "7",
        "SentimentPolarity": "1"
      },
      {
        "Aspect": "기능",
        "SentimentText": "제품의 기능들이 생각보다 좋아서 강추합니다",
        "SentimentWord": "5",
        "SentimentPolarity": "1"
      }
    ]
  },
  {
    "Index": "14201",
    "RawText": "할인쿠폰사용으로 저렴하게 구입해서 좋아요 내장배터리가 장착되어있어 밖에서도 사용가능하니 만족스러워요",
    "Source": "쇼핑몰",
    "Domain": "가전",
    "MainCategory": "영상/음향가전",
    "ProductName": "스탠바이미 LG전자 27ART10AKPL 스탠드",
    "ReviewScore": "5",
    "Syllable": "55",
    "Word": "9",
    "RDate": "20220430",
    "GeneralPolarity": "1",
    "Aspects": [
      {
        "Aspect": "가격",
        "SentimentText": "할인쿠폰사용으로 저렴하게 구입해서 좋아요",
        "SentimentWord": "4",
        "SentimentPolarity": "1"
      },
      {
        "Aspect": "배터리",
        "SentimentText": "내장배터리가 장착되어있어 밖에서도 사용가능하니 만족스러워요",
        "SentimentWord": "5",
        "SentimentPolarity": "1"
      }
    ]
  },
  {
    "Index": "14202",
    "RawText": "화면의 속도감이 너무 맘에 들어요^^ 이리저리 끌고 다니고 옮기기 좋은 이렇게 편한 스마트 티비는 없어요 강추강추!!!",
    "Source": "쇼핑몰",
    "Domain": "가전",
    "MainCategory": "영상/음향가전",
    "ProductName": "스탠바이미 LG전자 27ART10AKPL 스탠드",
    "ReviewScore": "5",
    "Syllable": "66",
    "Word": "16",
    "RDate": "20220409",
    "GeneralPolarity": "1",
    "Aspects": [
      {
        "Aspect": "시간/속도",
        "SentimentText": "화면의 속도감이 너무 맘에 들어요^^",
        "SentimentWord": "5",
        "SentimentPolarity": "1"
      },
      {
        "Aspect": "편의성",
        "SentimentText": "이리저리 끌고 다니고 옮기기 좋은 이렇게 편한 스마트 티비는 없어요 강추강추!!!",
        "SentimentWord": "11",
        "SentimentPolarity": "1"
      }
    ]
  },
  {
    "Index": "14203",
    "RawText": "이렇게 이쁠수가 실물로 보니 더 이뻐요 친절한 기사님이 설명도 설치도 잘 해주셔서 좋아용^^조작법이 단순해서 맘에들어요",
    "Source": "쇼핑몰",
    "Domain": "가전",
    "MainCategory": "영상/음향가전",
    "ProductName": "스탠바이미 LG전자 27ART10AKPL 스탠드",
    "ReviewScore": "5",
    "Syllable": "66",
    "Word": "15",
    "RDate": "20220811",
    "Aspects": [
      {
        "Aspect": "디자인",
        "SentimentText": "이렇게 이쁠수가 실물로 보니 더 이뻐요",
        "SentimentWord": "6",
        "SentimentPolarity": "1"
      },
      {
        "Aspect": "조작성",
        "SentimentText": "조작법이 단순해서 맘에들어요",
        "SentimentWord": "3",
        "SentimentPolarity": "1"
      }
    ]
  },
  {
    "Index": "14204",
    "RawText": "역시 기능이 너무 좋습니다^^ 쿠폰으로 구입해서 저렴하게 구매했어용 배송도 칼배송에 너무 만족하고 설치도 잘해주시니 만족합니다",
    "Source": "쇼핑몰",
    "Domain": "가전",
    "MainCategory": "영상/음향가전",
    "ProductName": "스탠바이미 LG전자 27ART10AKPL 스탠드",
    "ReviewScore": "5",
    "Syllable": "70",
    "Word": "15",
    "RDate": "20220224",
    "Aspects": [
      {
        "Aspect": "기능",
        "SentimentText": "역시 기능이 너무 좋습니다^^",
        "SentimentWord": "4",
        "SentimentPolarity": "1"
      },
      {
        "Aspect": "가격",
        "SentimentText": "쿠폰으로 구입해서 저렴하게 구매했어용",
        "SentimentWord": "4",
        "SentimentPolarity": "1"
      }
    ]
  },
  {
    "Index": "14205",
    "RawText": "기능이 다양해서 너무 좋아요 무선이니까 충전해서 원하는 장소 어디든 쉽게 이동해서 사용할 수도 있어요 편해서 굿굿",
    "Source": "쇼핑몰",
    "Domain": "가전",
    "MainCategory": "영상/음향가전",
    "ProductName": "스탠바이미 LG전자 27ART10AKPL 스탠드",
    "ReviewScore": "5",
    "Syllable": "63",
    "Word": "16",
    "RDate": "20220228",
    "GeneralPolarity": "1",
    "Aspects": [
      {
        "Aspect": "기능",
        "SentimentText": "기능이 다양해서 너무 좋아요",
        "SentimentWord": "4",
        "SentimentPolarity": "1"
      },
      {
        "Aspect": "편의성",
        "SentimentText": "무선이니까 충전해서 원하는 장소 어디든 쉽게 이동해서 사용할 수도 있어요 편해서 굿굿",
        "SentimentWord": "12",
        "SentimentPolarity": "1"
      }
    ]
  },
  {
    "Index": "14206",
    "RawText": "오홍~ 미러링도 되고 기능은 만족스러워요 배송은 3주인데 넘 오래 걸린게 아쉬워요 크기도 생각했던 것보다 커서 아쉽네요",
    "Source": "쇼핑몰",
    "Domain": "가전",
    "MainCategory": "영상/음향가전",
    "ProductName": "스탠바이미 LG전자 27ART10AKPL 스탠드",
    "ReviewScore": "5",
    "Syllable": "66",
    "Word": "16",
    "RDate": "20220122",
    "Aspects": [
      {
        "Aspect": "기능",
        "SentimentText": "오홍~ 미러링도 되고 기능은 만족스러워요",
        "SentimentWord": "5",
        "SentimentPolarity": "1"
      },
      {
        "Aspect": "사이즈",
        "SentimentText": "크기도 생각했던 것보다 커서 아쉽네요",
        "SentimentWord": "5",
        "SentimentPolarity": "-1"
      }
    ]
  },
  {
    "Index": "14208",
    "RawText": "화면크기가 누워서 보기 딱! 좋으네요 배송이 오는데도 세심하게 알려주고 그런서비스가 좋았어요^^무게가 생각보다 가벼운게 최고네요",
    "Source": "쇼핑몰",
    "Domain": "가전",
    "MainCategory": "영상/음향가전",
    "ProductName": "스탠바이미 LG전자 27ART10AKPL 스탠드",
    "ReviewScore": "5",
    "Syllable": "71",
    "Word": "14",
    "RDate": "20220126",
    "Aspects": [
      {
        "Aspect": "사이즈",
        "SentimentText": "화면크기가 누워서 보기 딱! 좋으네요 ",
        "SentimentWord": "5",
        "SentimentPolarity": "1"
      },
      {
        "Aspect": "무게",
        "SentimentText": "무게가 생각보다 가벼운게 최고네요",
        "SentimentWord": "4",
        "SentimentPolarity": "1"
      }
    ]
  },
  {
    "Index": "14209",
    "RawText": "와~ 터치도 되고 너무 좋아요 강추해요!! 그리고 리모컨으로도 작동되니까 좋구요 일반티비채널도 나오니 너무 좋져^^",
    "Source": "쇼핑몰",
    "Domain": "가전",
    "MainCategory": "영상/음향가전",
    "ProductName": "스탠바이미 LG전자 27ART10AKPL 스탠드",
    "ReviewScore": "5",
    "Syllable": "64",
    "Word": "14",
    "RDate": "20220401",
    "GeneralPolarity": "1",
    "Aspects": [
      {
        "Aspect": "조작성",
        "SentimentText": "와~ 터치도 되고 너무 좋아요 강추해요!! 그리고 리모컨으로도 작동되니까 좋구요 ",
        "SentimentWord": "10",
        "SentimentPolarity": "1"
      },
      {
        "Aspect": "기능",
        "SentimentText": "일반티비채널도 나오니 너무 좋져^^",
        "SentimentWord": "4",
        "SentimentPolarity": "1"
      }
    ]
  },
  {
    "Index": "14210",
    "RawText": "너무 비싼게 아쉬워요 검색해서 최저가로 구매하긴했어요;;; 배송이 무척이나 빠른건 너무 좋네요 기능이 만족스러워서 비싼건 용서했어요.",
    "Source": "쇼핑몰",
    "Domain": "가전",
    "MainCategory": "영상/음향가전",
    "ProductName": "스탠바이미 LG전자 27ART10AKPL 스탠드",
    "ReviewScore": "4",
    "Syllable": "74",
    "Word": "15",
    "RDate": "20220607",
    "Aspects": [
      {
        "Aspect": "가격",
        "SentimentText": "너무 비싼게 아쉬워요 검색해서 최저가로 구매하긴했어요;;;",
        "SentimentWord": "6",
        "SentimentPolarity": "-1"
      },
      {
        "Aspect": "기능",
        "SentimentText": "기능이 만족스러워서 비싼건 용서했어요.",
        "SentimentWord": "4",
        "SentimentPolarity": "1"
      }
    ]
  },
  {
    "Index": "14212",
    "RawText": "사용하기 너무 편해서 좋아요 그런데 무게가 무거운게 들기가 어려운점이 아쉽네요... 그런데 바퀴도 매트에서 끌어지지 않는 점이 너무 불편해요ㅜㅜ",
    "Source": "쇼핑몰",
    "Domain": "가전",
    "MainCategory": "영상/음향가전",
    "ProductName": "스탠바이미 LG전자 27ART10AKPL 스탠드",
    "ReviewScore": "5",
    "Syllable": "80",
    "Word": "18",
    "RDate": "20220114",
    "GeneralPolarity": "0",
    "Aspects": [
      {
        "Aspect": "편의성",
        "SentimentText": "사용하기 너무 편해서 좋아요",
        "SentimentWord": "4",
        "SentimentPolarity": "1"
      },
      {
        "Aspect": "무게",
        "SentimentText": "그런데 무게가 무거운게 들기가 어려운점이 아쉽네요..",
        "SentimentWord": "6",
        "SentimentPolarity": "-1"
      },
      {
        "Aspect": "편의성",
        "SentimentText": "그런데 바퀴도 매트에서 끌어지지 않는 점이 너무 불편해요ㅜㅜ ",
        "SentimentWord": "8",
        "SentimentPolarity": "-1"
      }
    ]
  },
  {
    "Index": "14213",
    "RawText": "배송이 생각보다 총알배송인점 만족하구요 기사님도 친절하시니까 좋았어요 굿~^^ 화질이 좋아서 영화감상에 몰입도가 쓱 올라가요 품질은 말할 필요없이 최고였구요",
    "Source": "쇼핑몰",
    "Domain": "가전",
    "MainCategory": "영상/음향가전",
    "ProductName": "스탠바이미 LG전자 27ART10AKPL 스탠드",
    "ReviewScore": "5",
    "Syllable": "87",
    "Word": "18",
    "RDate": "20220309",
    "Aspects": [
      {
        "Aspect": "화질",
        "SentimentText": "화질이 좋아서 영화감상에 몰입도가 쓱 올라가요",
        "SentimentWord": "6",
        "SentimentPolarity": "1"
      },
      {
        "Aspect": "품질",
        "SentimentText": "품질은 말할 필요없이 최고였구요",
        "SentimentWord": "4",
        "SentimentPolarity": "1"
      }
    ]
  },
  {
    "Index": "14214",
    "RawText": "여러 기능들을 유용하게 사용할 수있어서 대만족이죠!!! 그런데 화면의 반응속도는 한템포 늦어서 아쉬워요",
    "Source": "쇼핑몰",
    "Domain": "가전",
    "MainCategory": "영상/음향가전",
    "ProductName": "스탠바이미 LG전자 27ART10AKPL 스탠드",
    "ReviewScore": "5",
    "Syllable": "57",
    "Word": "12",
    "RDate": "20220122",
    "GeneralPolarity": "0",
    "Aspects": [
      {
        "Aspect": "기능",
        "SentimentText": "여러 기능들을 유용하게 사용할 수있어서 대만족이죠!!!",
        "SentimentWord": "6",
        "SentimentPolarity": "1"
      },
      {
        "Aspect": "시간/속도",
        "SentimentText": "그런데 화면의 반응속도는 한템포 늦어서 아쉬워요",
        "SentimentWord": "6",
        "SentimentPolarity": "-1"
      }
    ]
  },
  {
    "Index": "14215",
    "RawText": "모니터로도 사용이 가능하니까 좋은 선물이 되었고요 화질의 속도감은 떨어지는것이 좀 아쉬워요",
    "Source": "쇼핑몰",
    "Domain": "가전",
    "MainCategory": "영상/음향가전",
    "ProductName": "스탠바이미 LG전자 27ART10AKPL 스탠드",
    "ReviewScore": "5",
    "Syllable": "50",
    "Word": "11",
    "RDate": "20220529",
    "GeneralPolarity": "0",
    "Aspects": [
      {
        "Aspect": "기능",
        "SentimentText": "모니터로도 사용이 가능하니까 좋은 선물이 되었고요",
        "SentimentWord": "6",
        "SentimentPolarity": "1"
      },
      {
        "Aspect": "시간/속도",
        "SentimentText": "화질의 속도감은 떨어지는것이 좀 아쉬워요",
        "SentimentWord": "5",
        "SentimentPolarity": "-1"
      }
    ]
  },
  {
    "Index": "14217",
    "RawText": "누워서 보기에 완전 편하고 득템한 아이템이라 너무 좋아요 그리고 디자인이 이리도 이쁠수가 완전 좋아요^^",
    "Source": "쇼핑몰",
    "Domain": "가전",
    "MainCategory": "영상/음향가전",
    "ProductName": "스탠바이미 LG전자 27ART10AKPL 스탠드",
    "ReviewScore": "5",
    "Syllable": "58",
    "Word": "14",
    "RDate": "20220525",
    "GeneralPolarity": "1",
    "Aspects": [
      {
        "Aspect": "편의성",
        "SentimentText": "누워서 보기에 완전 편하고 득템한 아이템이라 너무 좋아요",
        "SentimentWord": "8",
        "SentimentPolarity": "1"
      },
      {
        "Aspect": "디자인",
        "SentimentText": "그리고 디자인이 이리도 이쁠수가 완전 좋아요^^",
        "SentimentWord": "6",
        "SentimentPolarity": "1"
      }
    ]
  },
  {
    "Index": "14218",
    "RawText": "디자인 깨끗하고 예쁜것같아서 만족해요 그리고 이동도 편하니 얼마나 좋은지 잘 선택한 제품이예요 강추^^!!",
    "Source": "쇼핑몰",
    "Domain": "가전",
    "MainCategory": "영상/음향가전",
    "ProductName": "스탠바이미 LG전자 27ART10AKPL 스탠드",
    "ReviewScore": "5",
    "Syllable": "59",
    "Word": "13",
    "RDate": "20220208",
    "GeneralPolarity": "1",
    "Aspects": [
      {
        "Aspect": "디자인",
        "SentimentText": "디자인 깨끗하고 예쁜것같아서 만족해요",
        "SentimentWord": "4",
        "SentimentPolarity": "1"
      },
      {
        "Aspect": "편의성",
        "SentimentText": "그리고 이동도 편하니 얼마나 좋은지 잘 선택한 제품이예요 강추^^!!",
        "SentimentWord": "9",
        "SentimentPolarity": "1"
      }
    ]
  },
  {
    "Index": "14219",
    "RawText": "인테리어도 가능한 예쁜디자인 굿~ 터치감도 좋으니까 만족 ㅎㅎ 그런데 리모콘으로 제어해야하는 아쉬움",
    "Source": "쇼핑몰",
    "Domain": "가전",
    "MainCategory": "영상/음향가전",
    "ProductName": "스탠바이미 LG전자 27ART10AKPL 스탠드",
    "ReviewScore": "4",
    "Syllable": "55",
    "Word": "12",
    "RDate": "20220328",
    "GeneralPolarity": "1",
    "Aspects": [
      {
        "Aspect": "디자인",
        "SentimentText": "인테리어도 가능한 예쁜디자인 굿~",
        "SentimentWord": "4",
        "SentimentPolarity": "1"
      },
      {
        "Aspect": "조작성",
        "SentimentText": "터치감도 좋으니까 만족 ㅎㅎ",
        "SentimentWord": "4",
        "SentimentPolarity": "1"
      },
      {
        "Aspect": "조작성",
        "SentimentText": "그런데 리모콘으로 제어해야하는 아쉬움",
        "SentimentWord": "4",
        "SentimentPolarity": "-1"
      }
    ]
  },
  {
    "Index": "14220",
    "RawText": "특가로 구매해서 좋았어요~ 바퀴도 달려있고 고정판이 무거우니까안정감이 있어서 한결좋네요^^ 편하게 누워서 볼 수도 있으니 만족감 최고ㅎㅎ",
    "Source": "쇼핑몰",
    "Domain": "가전",
    "MainCategory": "영상/음향가전",
    "ProductName": "스탠바이미 LG전자 27ART10AKPL 스탠드",
    "ReviewScore": "5",
    "Syllable": "76",
    "Word": "16",
    "RDate": "20220406",
    "GeneralPolarity": "1",
    "Aspects": [
      {
        "Aspect": "가격",
        "SentimentText": "특가로 구매해서 좋았어요~",
        "SentimentWord": "3",
        "SentimentPolarity": "1"
      },
      {
        "Aspect": "기능",
        "SentimentText": "바퀴도 달려있고 고정판이 무거우니까안정감이 있어서 한결좋네요^^",
        "SentimentWord": "6",
        "SentimentPolarity": "1"
      },
      {
        "Aspect": "편의성",
        "SentimentText": "편하게 누워서 볼 수도 있으니 만족감 최고ㅎㅎ",
        "SentimentWord": "7",
        "SentimentPolarity": "1"
      }
    ]
  },
  {
    "Index": "14221",
    "RawText": "디자인이 마음에 쏙쏙쏙~~~ 들어요 빠른배송에 감동했구 설치까지 스피드하게 해주시니 좋아요 강추 사이즈가 큰게 영화감상에 최적화되었습니다.",
    "Source": "쇼핑몰",
    "Domain": "가전",
    "MainCategory": "영상/음향가전",
    "ProductName": "스탠바이미 LG전자 27ART10AKPL 스탠드",
    "ReviewScore": "5",
    "Syllable": "77",
    "Word": "15",
    "RDate": "20220317",
    "Aspects": [
      {
        "Aspect": "디자인",
        "SentimentText": "디자인이 마음에 쏙쏙쏙~~~ 들어요",
        "SentimentWord": "4",
        "SentimentPolarity": "1"
      },
      {
        "Aspect": "사이즈",
        "SentimentText": "사이즈가 큰게 영화감상에 최적화되었습니다.",
        "SentimentWord": "4",
        "SentimentPolarity": "1"
      }
    ]
  },
  {
    "Index": "14222",
    "RawText": "생각보다 사이즈가 커서 더 좋아요 이동을 할 수있어서 편한것도 만족합니다 그런데 들기에는 무게감이 나가서 힘들어요ㅜ",
    "Source": "쇼핑몰",
    "Domain": "가전",
    "MainCategory": "영상/음향가전",
    "ProductName": "스탠바이미 LG전자 27ART10AKPL 스탠드",
    "ReviewScore": "5",
    "Syllable": "64",
    "Word": "15",
    "RDate": "20220208",
    "GeneralPolarity": "0",
    "Aspects": [
      {
        "Aspect": "사이즈",
        "SentimentText": "생각보다 사이즈가 커서 더 좋아요",
        "SentimentWord": "5",
        "SentimentPolarity": "1"
      },
      {
        "Aspect": "편의성",
        "SentimentText": "이동을 할 수있어서 편한것도 만족합니다",
        "SentimentWord": "5",
        "SentimentPolarity": "1"
      },
      {
        "Aspect": "무게",
        "SentimentText": "그런데 들기에는 무게감이 나가서 힘들어요ㅜ",
        "SentimentWord": "5",
        "SentimentPolarity": "-1"
      }
    ]
  },
  {
    "Index": "14223",
    "RawText": "디자인의 만족도 200%^^ 설치기사님의 약속시간 정확함과 설명도 친절하신 덕분에 너무 좋았어요 설치후에 작동법이 너무 단순해서 좋네요",
    "Source": "쇼핑몰",
    "Domain": "가전",
    "MainCategory": "영상/음향가전",
    "ProductName": "스탠바이미 LG전자 27ART10AKPL 스탠드",
    "ReviewScore": "5",
    "Syllable": "75",
    "Word": "16",
    "RDate": "20211231",
    "Aspects": [
      {
        "Aspect": "디자인",
        "SentimentText": "디자인의 만족도 200%^^",
        "SentimentWord": "3",
        "SentimentPolarity": "1"
      },
      {
        "Aspect": "조작성",
        "SentimentText": "설치후에 작동법이 너무 단순해서 좋네요",
        "SentimentWord": "5",
        "SentimentPolarity": "1"
      }
    ]
  },
  {
    "Index": "14224",
    "RawText": "핸드폰으로 보다가 화면을 큰것으로 보니 시원시원하네요 거기다 이동도할 수있다는점에 너무 편해서 좋습니다 그런데 화질의 해상도가 좀 떨어지는듯하여 아쉽네요",
    "Source": "쇼핑몰",
    "Domain": "가전",
    "MainCategory": "영상/음향가전",
    "ProductName": "스탠바이미 LG전자 27ART10AKPL 스탠드",
    "ReviewScore": "5",
    "Syllable": "85",
    "Word": "18",
    "RDate": "20220208",
    "GeneralPolarity": "0",
    "Aspects": [
      {
        "Aspect": "사이즈",
        "SentimentText": "핸드폰으로 보다가 화면을 큰것으로 보니 시원시원하네요",
        "SentimentWord": "6",
        "SentimentPolarity": "1"
      },
      {
        "Aspect": "편의성",
        "SentimentText": "거기다 이동도할 수있다는점에 너무 편해서 좋습니다",
        "SentimentWord": "6",
        "SentimentPolarity": "1"
      },
      {
        "Aspect": "화질",
        "SentimentText": "그런데 화질의 해상도가 좀 떨어지는듯하여 아쉽네요",
        "SentimentWord": "6",
        "SentimentPolarity": "-1"
      }
    ]
  },
  {
    "Index": "14225",
    "RawText": "기사님이 배송과 설치를 해주셔서 너무 만족스러웠어요 좋아하는 인터넷 방송도 연결되니 너무 좋아요 최고입니다^^너무 싸게 구매했어요. 최고에요",
    "Source": "쇼핑몰",
    "Domain": "가전",
    "MainCategory": "영상/음향가전",
    "ProductName": "스탠바이미 LG전자 27ART10AKPL 스탠드",
    "ReviewScore": "5",
    "Syllable": "78",
    "Word": "16",
    "RDate": "20211208",
    "Aspects": [
      {
        "Aspect": "가격",
        "SentimentText": "너무 싸게 구매했어요. 최고에요",
        "SentimentWord": "4",
        "SentimentPolarity": "1"
      },
      {
        "Aspect": "기능",
        "SentimentText": "좋아하는 인터넷 방송도 연결되니 너무 좋아요 최고입니다^^",
        "SentimentWord": "7",
        "SentimentPolarity": "1"
      }
    ]
  },
  {
    "Index": "14226",
    "RawText": "생각보다 빨리와서 너무 좋았어요 기사님들 친절하게 설치랑 설명도 해주셨답니다 그 역시 좋았어요!! 디자인 취향저격...딱 내 스타일!!! 사이즈도 적당해서 부담없이 거실에 설치했어요",
    "Source": "쇼핑몰",
    "Domain": "가전",
    "MainCategory": "영상/음향가전",
    "ProductName": "스탠바이미 LG전자 27ART10AKPL 스탠드",
    "ReviewScore": "5",
    "Syllable": "101",
    "Word": "21",
    "RDate": "20220214",
    "Aspects": [
      {
        "Aspect": "디자인",
        "SentimentText": "디자인 취향저격...딱 내 스타일!!!",
        "SentimentWord": "4",
        "SentimentPolarity": "1"
      },
      {
        "Aspect": "사이즈",
        "SentimentText": "사이즈도 적당해서 부담없이 거실에 설치했어요",
        "SentimentWord": "5",
        "SentimentPolarity": "1"
      }
    ]
  },
  {
    "Index": "14227",
    "RawText": "자체ott로 다양한 채널이 있어서 티비가 필요없네요ㅎㅎ 색상도 차분한 컬러로 방과 잘 어울려요",
    "Source": "쇼핑몰",
    "Domain": "가전",
    "MainCategory": "영상/음향가전",
    "ProductName": "스탠바이미 LG전자 27ART10AKPL 스탠드",
    "ReviewScore": "5",
    "Syllable": "52",
    "Word": "12",
    "RDate": "20220225",
    "GeneralPolarity": "1",
    "Aspects": [
      {
        "Aspect": "기능",
        "SentimentText": "자체ott로 다양한 채널이 있어서 티비가 필요없네요ㅎㅎ",
        "SentimentWord": "6",
        "SentimentPolarity": "1"
      },
      {
        "Aspect": "색상",
        "SentimentText": "색상도 차분한 컬러로 방과 잘 어울려요",
        "SentimentWord": "6",
        "SentimentPolarity": "1"
      }
    ]
  },
  {
    "Index": "14228",
    "RawText": "설치는 생각보다 쉬워서 좋았어요 그런데 꽤 무겁네요?! 이동의 어려움이 있어서 아쉬워요",
    "Source": "쇼핑몰",
    "Domain": "가전",
    "MainCategory": "영상/음향가전",
    "ProductName": "스탠바이미 LG전자 27ART10AKPL 스탠드",
    "ReviewScore": "5",
    "Syllable": "48",
    "Word": "11",
    "RDate": "20220428",
    "GeneralPolarity": "0",
    "Aspects": [
      {
        "Aspect": "조작성",
        "SentimentText": "설치는 생각보다 쉬워서 좋았어요 ",
        "SentimentWord": "4",
        "SentimentPolarity": "1"
      },
      {
        "Aspect": "무게",
        "SentimentText": "그런데 꽤 무겁네요?! 이동의 어려움이 있어서 아쉬워요",
        "SentimentWord": "7",
        "SentimentPolarity": "-1"
      }
    ]
  },
  {
    "Index": "14229",
    "RawText": "바퀴가 부드럽게 잘 움직이니까 이동이 편해서 좋아요 화면도 생각보다 선명도가 좋네요 기능들도 지원하는게 많아서 완전 대만족입니다^\u0026^",
    "Source": "쇼핑몰",
    "Domain": "가전",
    "MainCategory": "영상/음향가전",
    "ProductName": "스탠바이미 LG전자 27ART10AKPL 스탠드",
    "ReviewScore": "5",
    "Syllable": "74",
    "Word": "16",
    "RDate": "20220817",
    "GeneralPolarity": "1",
    "Aspects": [
      {
        "Aspect": "편의성",
        "SentimentText": "바퀴가 부드럽게 잘 움직이니까 이동이 편해서 좋아요",
        "SentimentWord": "7",
        "SentimentPolarity": "1"
      },
      {
        "Aspect": "화질",
        "SentimentText": " 화면도 생각보다 선명도가 좋네요",
        "SentimentWord": "4",
        "SentimentPolarity": "1"
      },
      {
        "Aspect": "기능",
        "SentimentText": "기능들도 지원하는게 많아서 완전 대만족입니다^\u0026^",
        "SentimentWord": "5",
        "SentimentPolarity": "1"
      }
    ]
  },
  {
    "Index": "14230",
    "RawText": "기능이 정말 만족스럽네요. 디자인이 깨끗한게 너무 이쁨요^^ 기사님직접설치해주시고 친절함에 와~ 너무 좋습니닷^^",
    "Source": "쇼핑몰",
    "Domain": "가전",
    "MainCategory": "영상/음향가전",
    "ProductName": "스탠바이미 LG전자 27ART10AKPL 스탠드",
    "ReviewScore": "5",
    "Syllable": "63",
    "Word": "12",
    "RDate": "20220211",
    "Aspects": [
      {
        "Aspect": "기능",
        "SentimentText": "기능이 정말 만족스럽네요.",
        "SentimentWord": "3",
        "SentimentPolarity": "1"
      },
      {
        "Aspect": "디자인",
        "SentimentText": "디자인이 깨끗한게 너무 이쁨요^^ ",
        "SentimentWord": "4",
        "SentimentPolarity": "1"
      }
    ]
  },
  {
    "Index": "14231",
    "RawText": "배송이 매~~~~우 늦어서 불만족스러워요 ㅜㅜ 환불도 안된다는데 서비스 엉망입니다 가격 싸게 산줄 알았는데 며칠뒤 더 싸져서 속상해요. 품질은 기대에 한참 못미칩니다.",
    "Source": "쇼핑몰",
    "Domain": "가전",
    "MainCategory": "영상/음향가전",
    "ProductName": "스탠바이미 LG전자 27ART10AKPL 스탠드",
    "ReviewScore": "2",
    "Syllable": "93",
    "Word": "21",
    "RDate": "20220720",
    "Aspects": [
      {
        "Aspect": "가격",
        "SentimentText": "가격 싸게 산줄 알았는데 며칠뒤 더 싸져서 속상해요.",
        "SentimentWord": "8",
        "SentimentPolarity": "-1"
      },
      {
        "Aspect": "품질",
        "SentimentText": "품질은 기대에 한참 못미칩니다.",
        "SentimentWord": "4",
        "SentimentPolarity": "-1"
      }
    ]
  },
  {
    "Index": "14232",
    "RawText": "총알배송이라 안기다리고 받아서 좋았어요 설치도 스피드하게 받았으니만족!!! 큰화면으로 애청하는 채널을 볼 수 있다는것에 감동ㅎㅎ  디자인도 제가 원하는 스타일로 매우 만족스럽습니닷^^",
    "Source": "쇼핑몰",
    "Domain": "가전",
    "MainCategory": "영상/음향가전",
    "ProductName": "스탠바이미 LG전자 27ART10AKPL 스탠드",
    "ReviewScore": "5",
    "Syllable": "102",
    "Word": "20",
    "RDate": "20220517",
    "Aspects": [
      {
        "Aspect": "사이즈",
        "SentimentText": "큰화면으로 애청하는 채널을 볼 수 있다는것에 감동ㅎㅎ",
        "SentimentWord": "7",
        "SentimentPolarity": "1"
      },
      {
        "Aspect": "디자인",
        "SentimentText": "디자인도 제가 원하는 스타일로 매우 만족스럽습니닷^^",
        "SentimentWord": "6",
        "SentimentPolarity": "1"
      }
    ]
  },
  {
    "Index": "14233",
    "RawText": "신속한 배송에 감동^^ 친절한 설치기사님이 오셔서 좋았구요 제품의 품질이 기대이상으로 좋아욧!! 디자인도 깔끔하니 예쁘구요 바퀴가 있어 이동이 편하니까 대만족이죠 ㅎㅎㅎ 화질의 밝기도 만족해요 짱!",
    "Source": "쇼핑몰",
    "Domain": "가전",
    "MainCategory": "영상/음향가전",
    "ProductName": "스탠바이미 LG전자 27ART10AKPL 스탠드",
    "ReviewScore": "5",
    "Syllable": "110",
    "Word": "24",
    "RDate": "20220312",
    "Aspects": [
      {
        "Aspect": "품질",
        "SentimentText": "제품의 품질이 기대이상으로 좋아욧!!",
        "SentimentWord": "4",
        "SentimentPolarity": "1"
      },
      {
        "Aspect": "디자인",
        "SentimentText": "디자인도 깔끔하니 예쁘구요",
        "SentimentWord": "3",
        "SentimentPolarity": "1"
      },
      {
        "Aspect": "편의성",
        "SentimentText": "바퀴가 있어 이동이 편하니까 대만족이죠 ㅎㅎㅎ ",
        "SentimentWord": "6",
        "SentimentPolarity": "1"
      },
      {
        "Aspect": "화질",
        "SentimentText": "화질의 밝기도 만족해요 짱!",
        "SentimentWord": "4",
        "SentimentPolarity": "1"
      }
    ]
  },
  {
    "Index": "14234",
    "RawText": "배송이 빠르니까 기다림도 없이 너무 좋아요 기사분들 너무 친절하시니까 편하게 설치받았어요^^ 화면 사이즈가 커서 정말 만족스럽습니다. 무게는 조금 나가지만 오히려 안정감이 있어서 좋네요 ",
    "Source": "쇼핑몰",
    "Domain": "가전",
    "MainCategory": "영상/음향가전",
    "ProductName": "스탠바이미 LG전자 27ART10AKPL 스탠드",
    "ReviewScore": "5",
    "Syllable": "104",
    "Word": "23",
    "RDate": "20220203",
    "Aspects": [
      {
        "Aspect": "사이즈",
        "SentimentText": "화면 사이즈가 커서 정말 만족스럽습니다.",
        "SentimentWord": "5",
        "SentimentPolarity": "1"
      },
      {
        "Aspect": "무게",
        "SentimentText": "무게는 조금 나가지만 오히려 안정감이 있어서 좋네요",
        "SentimentWord": "7",
        "SentimentPolarity": "1"
      }
    ]
  },
  {
    "Index": "14235",
    "RawText": "배송이 어렇게나 빠름? 총알배송 좋아요 일단 사용하는데 이동이너무 편해서 좋아용^^ 핸드폰연결도 가능하고 기능이 참 마음에 드네요  리모콘에도 필요한 기능들만 있으니 조작하기도 편해서 만족~~",
    "Source": "쇼핑몰",
    "Domain": "가전",
    "MainCategory": "영상/음향가전",
    "ProductName": "스탠바이미 LG전자 27ART10AKPL 스탠드",
    "ReviewScore": "5",
    "Syllable": "107",
    "Word": "23",
    "RDate": "20220304",
    "Aspects": [
      {
        "Aspect": "편의성",
        "SentimentText": "일단 사용하는데 이동이너무 편해서 좋아용^^",
        "SentimentWord": "5",
        "SentimentPolarity": "1"
      },
      {
        "Aspect": "기능",
        "SentimentText": "핸드폰연결도 가능하고 기능이 참 마음에 드네요 ",
        "SentimentWord": "6",
        "SentimentPolarity": "1"
      },
      {
        "Aspect": "조작성",
        "SentimentText": "리모콘에도 필요한 기능들만 있으니 조작하기도 편해서 만족~~",
        "SentimentWord": "7",
        "SentimentPolarity": "1"
      }
    ]
  },
  {
    "Index": "14236",
    "RawText": "신속한 배송에 감사^^ 친절한 기사님이 마음에 쏘옥 좋아요 가격도 저렴하게 잘산듯해서 만족합니다. 글치만 저의 핸드폰에 연동이 안되는게 너무너무 슬프네요ㅜㅜ",
    "Source": "쇼핑몰",
    "Domain": "가전",
    "MainCategory": "영상/음향가전",
    "ProductName": "스탠바이미 LG전자 27ART10AKPL 스탠드",
    "ReviewScore": "5",
    "Syllable": "87",
    "Word": "19",
    "RDate": "20220324",
    "Aspects": [
      {
        "Aspect": "가격",
        "SentimentText": "가격도 저렴하게 잘산듯해서 만족합니다. ",
        "SentimentWord": "4",
        "SentimentPolarity": "1"
      },
      {
        "Aspect": "기능",
        "SentimentText": "글치만 저의 핸드폰에 연동이 안되는게 너무너무 슬프네요ㅜㅜ",
        "SentimentWord": "7",
        "SentimentPolarity": "-1"
      }
    ]
  },
  {
    "Index": "14237",
    "RawText": "배송기사님 친절함은 좋았는데 약속시간 보다 늦어서 기다리기만 했어요 ㅜㅜ 티비랑 연결안하고 앱만으로도 사용이 가능하니 얼마나 유용한지 좋아요~색상을 고를수 없어서 받은 상품인데...그럭저럭 사용하고 있어요",
    "Source": "쇼핑몰",
    "Domain": "가전",
    "MainCategory": "영상/음향가전",
    "ProductName": "스탠바이미 LG전자 27ART10AKPL 스탠드",
    "ReviewScore": "5",
    "Syllable": "114",
    "Word": "23",
    "RDate": "20220203",
    "Aspects": [
      {
        "Aspect": "색상",
        "SentimentText": "색상을 고를수 없어서 받은 상품인데...그럭저럭 사용하고 있어요",
        "SentimentWord": "7",
        "SentimentPolarity": "0"
      },
      {
        "Aspect": "기능",
        "SentimentText": "티비랑 연결안하고 앱만으로도 사용이 가능하니 얼마나 유용한지 좋아요~",
        "SentimentWord": "8",
        "SentimentPolarity": "1"
      }
    ]
  },
  {
    "Index": "14238",
    "RawText": "일주일안되서 배송받으니 빨리 받은것같아 좋았어요 이동도 되면서 어디서든 티비 볼 수있으니까 너무 편해요 굿~저렴한 금액으로 잘 산거 같아요",
    "Source": "쇼핑몰",
    "Domain": "가전",
    "MainCategory": "영상/음향가전",
    "ProductName": "스탠바이미 LG전자 27ART10AKPL 스탠드",
    "ReviewScore": "5",
    "Syllable": "77",
    "Word": "18",
    "RDate": "20220301",
    "Aspects": [
      {
        "Aspect": "가격",
        "SentimentText": "저렴한 금액으로 잘 산거 같아요",
        "SentimentWord": "5",
        "SentimentPolarity": "1"
      },
      {
        "Aspect": "편의성",
        "SentimentText": "이동도 되면서 어디서든 티비 볼 수있으니까 너무 편해요 굿~",
        "SentimentWord": "9",
        "SentimentPolarity": "1"
      }
    ]
  },
  {
    "Index": "14239",
    "RawText": "2일만에 배송 받으니 빠르니 좋아요 기사분들 설치도 신속하게 해주니 만족두배!! 최신형 모델로 받아서 너무 좋아요 사은품까지 함께 보내줘서 감사해요",
    "Source": "쇼핑몰",
    "Domain": "가전",
    "MainCategory": "영상/음향가전",
    "ProductName": "스탠바이미 LG전자 27ART10AKPL 스탠드",
    "ReviewScore": "5",
    "Syllable": "82",
    "Word": "19",
    "RDate": "20220706",
    "Aspects": [
      {
        "Aspect": "제조일/제조사",
        "SentimentText": "최신형 모델로 받아서 너무 좋아요",
        "SentimentWord": "5",
        "SentimentPolarity": "1"
      },
      {
        "Aspect": "제품구성",
        "SentimentText": "사은품까지 함께 보내줘서 감사해요",
        "SentimentWord": "4",
        "SentimentPolarity": "1"
      }
    ]
  },
  {
    "Index": "14240",
    "RawText": "배송도 빠른편이니 만족해요 그런데 배송일정을 자꾸 변경해서 기사님들이 좀 답답했어요ㅜㅜ 비싸지 않은게 최고네요 디자인은 너무 촌스러워 실망이에요",
    "Source": "쇼핑몰",
    "Domain": "가전",
    "MainCategory": "영상/음향가전",
    "ProductName": "스탠바이미 LG전자 27ART10AKPL 스탠드",
    "ReviewScore": "4",
    "Syllable": "80",
    "Word": "17",
    "RDate": "20220221",
    "Aspects": [
      {
        "Aspect": "가격",
        "SentimentText": "비싸지 않은게 최고네요",
        "SentimentWord": "3",
        "SentimentPolarity": "1"
      },
      {
        "Aspect": "디자인",
        "SentimentText": "디자인은 너무 촌스러워 실망이에요",
        "SentimentWord": "4",
        "SentimentPolarity": "-1"
      }
    ]
  },
  {
    "Index": "14241",
    "RawText": "배송이 빠르니까 좋아요 디자인도 심플해서 마음에 들어요 그리고 생각보다 밑부분이 커서 안정감있어보여서 좋아요 무게감은 있어서 쉽게 끄는건 무리가 있어서 아쉬워요~",
    "Source": "쇼핑몰",
    "Domain": "가전",
    "MainCategory": "영상/음향가전",
    "ProductName": "스탠바이미 LG전자 27ART10AKPL 스탠드",
    "ReviewScore": "5",
    "Syllable": "90",
    "Word": "20",
    "RDate": "20220513",
    "Aspects": [
      {
        "Aspect": "디자인",
        "SentimentText": "디자인도 심플해서 마음에 들어요",
        "SentimentWord": "4",
        "SentimentPolarity": "1"
      },
      {
        "Aspect": "사이즈",
        "SentimentText": "그리고 생각보다 밑부분이 커서 안정감있어보여서 좋아요",
        "SentimentWord": "6",
        "SentimentPolarity": "1"
      },
      {
        "Aspect": "무게",
        "SentimentText": "무게감은 있어서 쉽게 끄는건 무리가 있어서 아쉬워요~",
        "SentimentWord": "7",
        "SentimentPolarity": "-1"
      }
    ]
  },
  {
    "Index": "14242",
    "RawText": "총알배송이라 너무 만족해요 설치도 시간약속 정해서 오시니 좋았구요 설치법 단순해서 혼자서 설치했어요.^^ 기능도 심플하고 단순해서 맘에 드네요",
    "Source": "쇼핑몰",
    "Domain": "가전",
    "MainCategory": "영상/음향가전",
    "ProductName": "스탠바이미 LG전자 27ART10AKPL 스탠드",
    "ReviewScore": "5",
    "Syllable": "79",
    "Word": "17",
    "RDate": "20220516",
    "Aspects": [
      {
        "Aspect": "조작성",
        "SentimentText": "설치법 단순해서 혼자서 설치했어요.^^",
        "SentimentWord": "4",
        "SentimentPolarity": "1"
      },
      {
        "Aspect": "기능",
        "SentimentText": "기능도 심플하고 단순해서 맘에 드네요",
        "SentimentWord": "5",
        "SentimentPolarity": "1"
      }
    ]
  },
  {
    "Index": "14243",
    "RawText": "신속한 배송에 감동했어요 굿~ 가격대비 가성비 좋아요 이동하니까 옮기기 편해서 너무 만족스럽구요 디자인도 깨끗한게 마음에 들어요^^",
    "Source": "쇼핑몰",
    "Domain": "가전",
    "MainCategory": "영상/음향가전",
    "ProductName": "스탠바이미 LG전자 27ART10AKPL 스탠드",
    "ReviewScore": "5",
    "Syllable": "73",
    "Word": "16",
    "RDate": "20220318",
    "Aspects": [
      {
        "Aspect": "가격",
        "SentimentText": "가격대비 가성비 좋아요",
        "SentimentWord": "3",
        "SentimentPolarity": "1"
      },
      {
        "Aspect": "편의성",
        "SentimentText": "이동하니까 옮기기 편해서 너무 만족스럽구요",
        "SentimentWord": "5",
        "SentimentPolarity": "1"
      },
      {
        "Aspect": "디자인",
        "SentimentText": "디자인도 깨끗한게 마음에 들어요^^",
        "SentimentWord": "4",
        "SentimentPolarity": "1"
      }
    ]
  },
  {
    "Index": "14244",
    "RawText": "배송이 빠르니까 좋아요 제품의 품질도 꽤 만족합니다^^ 미러링도 잘 되니 만점이예요~",
    "Source": "쇼핑몰",
    "Domain": "가전",
    "MainCategory": "영상/음향가전",
    "ProductName": "스탠바이미 LG전자 27ART10AKPL 스탠드",
    "ReviewScore": "5",
    "Syllable": "47",
    "Word": "11",
    "RDate": "20220423",
    "Aspects": [
      {
        "Aspect": "품질",
        "SentimentText": "제품의 품질도 꽤 만족합니다^^",
        "SentimentWord": "4",
        "SentimentPolarity": "1"
      },
      {
        "Aspect": "기능",
        "SentimentText": "미러링도 잘 되니 만점이예요~",
        "SentimentWord": "4",
        "SentimentPolarity": "1"
      }
    ]
  },
  {
    "Index": "14245",
    "RawText": "신속한 배송에 좋아요 굿~설치도 잘해주셨으니 덕분 잘 사용하고있어요!! 리모컨 거치대가없는것이 아쉽네요 가격대비 품질이 최고네요",
    "Source": "쇼핑몰",
    "Domain": "가전",
    "MainCategory": "영상/음향가전",
    "ProductName": "스탠바이미 LG전자 27ART10AKPL 스탠드",
    "ReviewScore": "5",
    "Syllable": "71",
    "Word": "14",
    "RDate": "20220420",
    "Aspects": [
      {
        "Aspect": "품질",
        "SentimentText": "가격대비 품질이 최고네요",
        "SentimentWord": "3",
        "SentimentPolarity": "1"
      },
      {
        "Aspect": "제품구성",
        "SentimentText": "리모컨 거치대가없는것이 아쉽네요",
        "SentimentWord": "3",
        "SentimentPolarity": "-1"
      }
    ]
  }
]