[
  {
    "Index": "14580",
    "RawText": "깔끔하게 기사님께서 설치해주셔서 감사했어요^^ 품질도 좋구요 디자인도 깔끔해보여서 좋습니다.",
    "Source": "쇼핑몰",
    "Domain": "가전",
    "MainCategory": "영상/음향가전",
    "ProductName": "울트라HD LG전자 55UR642S0NC 스탠드",
    "ReviewScore": "5",
    "Syllable": "51",
    "Word": "9",
    "RDate": "20220420",
    "Aspects": [
      {
        "Aspect": "품질",
        "SentimentText": "품질도 좋구요",
        "SentimentWord": "2",
        "SentimentPolarity": "1"
      },
      {
        "Aspect": "디자인",
        "SentimentText": "디자인도 깔끔해보여서 좋습니다.",
        "SentimentWord": "3",
        "SentimentPolarity": "1"
      }
    ]
  },
  {
    "Index": "14581",
    "RawText": "화면이 역시 선명하네요 완전 맘에 들어요 색상도 차분한 톤이라 다른 제품들과 잘어울려요^^",
    "Source": "쇼핑몰",
    "Domain": "가전",
    "MainCategory": "영상/음향가전",
    "ProductName": "울트라HD LG전자 55UR642S0NC 스탠드",
    "ReviewScore": "4",
    "Syllable": "50",
    "Word": "12",
    "RDate": "20220408",
    "GeneralPolarity": "1",
    "Aspects": [
      {
        "Aspect": "화질",
        "SentimentText": "화면이 역시 선명하네요 완전 맘에 들어요",
        "SentimentWord": "6",
        "SentimentPolarity": "1"
      },
      {
        "Aspect": "색상",
        "SentimentText": "색상도 차분한 톤이라 다른 제품들과 잘어울려요^^",
        "SentimentWord": "6",
        "SentimentPolarity": "1"
      }
    ]
  },
  {
    "Index": "14582",
    "RawText": "가격대비 가성비는 인정합니다 good! 다만 아쉬운게 사이즈 맞는 제품을 구입하지 못해 아쉽네요 조금 작습니다.",
    "Source": "쇼핑몰",
    "Domain": "가전",
    "MainCategory": "영상/음향가전",
    "ProductName": "울트라HD LG전자 55UR642S0NC 스탠드",
    "ReviewScore": "5",
    "Syllable": "62",
    "Word": "14",
    "RDate": "20220422",
    "GeneralPolarity": "0",
    "Aspects": [
      {
        "Aspect": "가격",
        "SentimentText": "가격대비 가성비는 인정합니다 good! ",
        "SentimentWord": "4",
        "SentimentPolarity": "1"
      },
      {
        "Aspect": "사이즈",
        "SentimentText": "다만 아쉬운게 사이즈 맞는 제품을 구입하지 못해 아쉽네요 조금 작습니다.",
        "SentimentWord": "10",
        "SentimentPolarity": "-1"
      }
    ]
  },
  {
    "Index": "14583",
    "RawText": "가끔 화면이 번지면서 선명하지 않을때가 있어서 속상하네요ㅠㅠ 내장배터리도  지속시간이 짧구요..ㅠㅠ아쉽",
    "Source": "쇼핑몰",
    "Domain": "가전",
    "MainCategory": "영상/음향가전",
    "ProductName": "울트라HD LG전자 55UR642S0NC 스탠드",
    "ReviewScore": "5",
    "Syllable": "57",
    "Word": "10",
    "RDate": "20220510",
    "GeneralPolarity": "-1",
    "Aspects": [
      {
        "Aspect": "화질",
        "SentimentText": "가끔 화면이 번지면서 선명하지 않을때가 있어서 속상하네요ㅠㅠ",
        "SentimentWord": "7",
        "SentimentPolarity": "-1"
      },
      {
        "Aspect": "시간/속도",
        "SentimentText": "내장배터리도  지속시간이 짧구요..ㅠㅠ아쉽",
        "SentimentWord": "3",
        "SentimentPolarity": "-1"
      }
    ]
  },
  {
    "Index": "14584",
    "RawText": "가성비 좋은 제품이라고 생각해요 ^^  uhd 급 쨍쨍하고 선명한 화질!!굿!!",
    "Source": "쇼핑몰",
    "Domain": "가전",
    "MainCategory": "영상/음향가전",
    "ProductName": "울트라HD LG전자 55UR642S0NC 스탠드",
    "ReviewScore": "4",
    "Syllable": "44",
    "Word": "10",
    "RDate": "20220801",
    "Aspects": [
      {
        "Aspect": "가격",
        "SentimentText": "가성비 좋은 제품이라고 생각해요 ^^",
        "SentimentWord": "5",
        "SentimentPolarity": "1"
      },
      {
        "Aspect": "화질",
        "SentimentText": "  uhd 급 쨍쨍하고 선명한 화질!!굿!!",
        "SentimentWord": "5",
        "SentimentPolarity": "1"
      }
    ]
  },
  {
    "Index": "14586",
    "RawText": "심플한 디자인이 좋아서 구매했어요 리뷰대로 화질이 짱 선명하네요 잘 구매한듯^^",
    "Source": "쇼핑몰",
    "Domain": "가전",
    "MainCategory": "영상/음향가전",
    "ProductName": "울트라HD LG전자 55UR642S0NC 스탠드",
    "ReviewScore": "5",
    "Syllable": "44",
    "Word": "10",
    "RDate": "20220512",
    "GeneralPolarity": "1",
    "Aspects": [
      {
        "Aspect": "디자인",
        "SentimentText": "심플한 디자인이 좋아서 구매했어요",
        "SentimentWord": "4",
        "SentimentPolarity": "1"
      },
      {
        "Aspect": "화질",
        "SentimentText": "리뷰대로 화질이 짱 선명하네요 잘 구매한듯^^",
        "SentimentWord": "6",
        "SentimentPolarity": "1"
      }
    ]
  },
  {
    "Index": "14587",
    "RawText": "디자인이 예뻐서 인기모델인가봐요 만족해요 듣기좋은 저음과 고음의 조화도 만족스럽네요",
    "Source": "쇼핑몰",
    "Domain": "가전",
    "MainCategory": "영상/음향가전",
    "ProductName": "울트라HD LG전자 55UR642S0NC 스탠드",
    "ReviewScore": "5",
    "Syllable": "46",
    "Word": "9",
    "RDate": "20220716",
    "Aspects": [
      {
        "Aspect": "디자인",
        "SentimentText": "디자인이 예뻐서 인기모델인가봐요 만족해요",
        "SentimentWord": "4",
        "SentimentPolarity": "1"
      },
      {
        "Aspect": "음량/음질",
        "SentimentText": "듣기좋은 저음과 고음의 조화도 만족스럽네요",
        "SentimentWord": "5",
        "SentimentPolarity": "1"
      }
    ]
  },
  {
    "Index": "14588",
    "RawText": "품질 굿 만족도가 높네요 그리고 디자인도 심플 만족해요 배송도 빠르니까 만족도가 높구요 설치기사도 꼼꼼하게 신경써서 보내주시고 판매자님 감사합니다^^",
    "Source": "쇼핑몰",
    "Domain": "가전",
    "MainCategory": "영상/음향가전",
    "ProductName": "울트라HD LG전자 55UR642S0NC 스탠드",
    "ReviewScore": "5",
    "Syllable": "83",
    "Word": "18",
    "RDate": "20211223",
    "Aspects": [
      {
        "Aspect": "품질",
        "SentimentText": "품질 굿 만족도가 높네요",
        "SentimentWord": "4",
        "SentimentPolarity": "1"
      },
      {
        "Aspect": "디자인",
        "SentimentText": "그리고 디자인도 심플 만족해요",
        "SentimentWord": "4",
        "SentimentPolarity": "1"
      }
    ]
  },
  {
    "Index": "14589",
    "RawText": "품질의 퀄리티도 최고입니다 디자인도 만족스러워요!",
    "Source": "쇼핑몰",
    "Domain": "가전",
    "MainCategory": "영상/음향가전",
    "ProductName": "울트라HD LG전자 55UR642S0NC 스탠드",
    "ReviewScore": "5",
    "Syllable": "27",
    "Word": "5",
    "RDate": "20220512",
    "GeneralPolarity": "1",
    "Aspects": [
      {
        "Aspect": "품질",
        "SentimentText": "품질의 퀄리티도 최고입니다",
        "SentimentWord": "3",
        "SentimentPolarity": "1"
      },
      {
        "Aspect": "디자인",
        "SentimentText": "디자인도 만족스러워요! ",
        "SentimentWord": "2",
        "SentimentPolarity": "1"
      }
    ]
  },
  {
    "Index": "14591",
    "RawText": "품질도 뭐하나 금간곳없이 퀄리티 좋아 보여요. good!!  딸도 화면이 커서 좋다고하니까 뿌듯해요 ㅎㅎ",
    "Source": "쇼핑몰",
    "Domain": "가전",
    "MainCategory": "영상/음향가전",
    "ProductName": "울트라HD LG전자 55UR642S0NC 스탠드",
    "ReviewScore": "4",
    "Syllable": "58",
    "Word": "13",
    "RDate": "20220626",
    "Aspects": [
      {
        "Aspect": "품질",
        "SentimentText": "품질도 뭐하나 금간곳없이 퀄리티 좋아 보여요. good!!",
        "SentimentWord": "7",
        "SentimentPolarity": "1"
      },
      {
        "Aspect": "사이즈",
        "SentimentText": "딸도 화면이 커서 좋다고하니까 뿌듯해요 ㅎㅎ",
        "SentimentWord": "6",
        "SentimentPolarity": "1"
      }
    ]
  },
  {
    "Index": "14592",
    "RawText": "테두리 프레임도 얇아서 화면이 더 커보이는 효과도 있어 좋아요!!   품질도 좋아서 마음에 쏙! 들어요~ ",
    "Source": "쇼핑몰",
    "Domain": "가전",
    "MainCategory": "영상/음향가전",
    "ProductName": "울트라HD LG전자 55UR642S0NC 스탠드",
    "ReviewScore": "5",
    "Syllable": "59",
    "Word": "14",
    "RDate": "20220126",
    "Aspects": [
      {
        "Aspect": "사이즈",
        "SentimentText": "테두리 프레임도 얇아서 화면이 더 커보이는 효과도 있어 좋아요!! ",
        "SentimentWord": "9",
        "SentimentPolarity": "1"
      },
      {
        "Aspect": "품질",
        "SentimentText": "품질도 좋아서 마음에 쏙! 들어요~",
        "SentimentWord": "5",
        "SentimentPolarity": "1"
      }
    ]
  },
  {
    "Index": "14593",
    "RawText": "너무나 합리적인 가격에 잘 구매했어요! 배송도 신속해서 좋았구요 UHD 로 바뀌니 눈이 편안하고 호강하는듯 좋아요!!",
    "Source": "쇼핑몰",
    "Domain": "가전",
    "MainCategory": "영상/음향가전",
    "ProductName": "울트라HD LG전자 55UR642S0NC 스탠드",
    "ReviewScore": "5",
    "Syllable": "65",
    "Word": "15",
    "RDate": "20211110",
    "Aspects": [
      {
        "Aspect": "가격",
        "SentimentText": "너무나 합리적인 가격에 잘 구매했어요!",
        "SentimentWord": "5",
        "SentimentPolarity": "1"
      },
      {
        "Aspect": "화질",
        "SentimentText": "UHD 로 바뀌니 눈이 편안하고 호강하는듯 좋아요!!",
        "SentimentWord": "7",
        "SentimentPolarity": "1"
      }
    ]
  },
  {
    "Index": "14594",
    "RawText": "가격이 좋은게 너무 만족해요 화질도 밝아서 너무 좋구요 다양한 기능보다는 티비의 기능에 충실한 제품 저는 만족스러워요",
    "Source": "쇼핑몰",
    "Domain": "가전",
    "MainCategory": "영상/음향가전",
    "ProductName": "울트라HD LG전자 55UR642S0NC 스탠드",
    "ReviewScore": "5",
    "Syllable": "65",
    "Word": "16",
    "RDate": "20220203",
    "GeneralPolarity": "1",
    "Aspects": [
      {
        "Aspect": "가격",
        "SentimentText": "가격이 좋은게 너무 만족해요",
        "SentimentWord": "4",
        "SentimentPolarity": "1"
      },
      {
        "Aspect": "화질",
        "SentimentText": "화질도 밝아서 너무 좋구요",
        "SentimentWord": "4",
        "SentimentPolarity": "1"
      },
      {
        "Aspect": "기능",
        "SentimentText": "다양한 기능보다는 티비의 기능에 충실한 제품 저는 만족스러워요",
        "SentimentWord": "8",
        "SentimentPolarity": "1"
      }
    ]
  },
  {
    "Index": "14595",
    "RawText": "다음날 배송해주시니 서비스가 굿입니다. 티비의 퀄리티도 상당히 좋구요 비교구매했는데 합리적인가격에 만족해요! 앱사용도 잘되고 굿굿!!",
    "Source": "쇼핑몰",
    "Domain": "가전",
    "MainCategory": "영상/음향가전",
    "ProductName": "울트라HD LG전자 55UR642S0NC 스탠드",
    "ReviewScore": "5",
    "Syllable": "74",
    "Word": "14",
    "RDate": "20220518",
    "Aspects": [
      {
        "Aspect": "품질",
        "SentimentText": "티비의 퀄리티도 상당히 좋구요",
        "SentimentWord": "4",
        "SentimentPolarity": "1"
      },
      {
        "Aspect": "가격",
        "SentimentText": "비교구매했는데 합리적인가격에 만족해요!",
        "SentimentWord": "3",
        "SentimentPolarity": "1"
      },
      {
        "Aspect": "기능",
        "SentimentText": "앱사용도 잘되고 굿굿!!",
        "SentimentWord": "3",
        "SentimentPolarity": "1"
      }
    ]
  },
  {
    "Index": "14596",
    "RawText": "오래 틀어 놓고 보는데도 발열도 없고 완전 만족입니다 선명한 화질로 눈이 편안하게 볼 수 있어 진짜 좋네요^^ 강추!!",
    "Source": "쇼핑몰",
    "Domain": "가전",
    "MainCategory": "영상/음향가전",
    "ProductName": "울트라HD LG전자 55UR642S0NC 스탠드",
    "ReviewScore": "5",
    "Syllable": "66",
    "Word": "18",
    "RDate": "20220512",
    "GeneralPolarity": "1",
    "Aspects": [
      {
        "Aspect": "내구성",
        "SentimentText": "오래 틀어 놓고 보는데도 발열도 없고 완전 만족입니다",
        "SentimentWord": "8",
        "SentimentPolarity": "1"
      },
      {
        "Aspect": "화질",
        "SentimentText": "선명한 화질로 눈이 편안하게 볼 수 있어 진짜 좋네요^^ 강추!!",
        "SentimentWord": "10",
        "SentimentPolarity": "1"
      }
    ]
  },
  {
    "Index": "14598",
    "RawText": "사용법도 쉬워서 불편함없이 잘볼것같아요^^ 화질은 선명감이 생각보다 평범해서 보통이예요~",
    "Source": "쇼핑몰",
    "Domain": "가전",
    "MainCategory": "영상/음향가전",
    "ProductName": "울트라HD LG전자 55UR642S0NC 스탠드",
    "ReviewScore": "5",
    "Syllable": "49",
    "Word": "9",
    "RDate": "20220512",
    "Aspects": [
      {
        "Aspect": "조작성",
        "SentimentText": "사용법도 쉬워서 불편함없이 잘볼것같아요^^",
        "SentimentWord": "4",
        "SentimentPolarity": "1"
      },
      {
        "Aspect": "화질",
        "SentimentText": "화질은 선명감이 생각보다 평범해서 보통이예요~",
        "SentimentWord": "5",
        "SentimentPolarity": "0"
      }
    ]
  },
  {
    "Index": "14599",
    "RawText": "처음이라 스마트 티비의 기능들이 너무 어렵네요ㅠㅠ   품질은 좋아 만족해요!! 친절한 배송해주시는 직원분께 감사했어요^^",
    "Source": "쇼핑몰",
    "Domain": "가전",
    "MainCategory": "영상/음향가전",
    "ProductName": "울트라HD LG전자 55UR642S0NC 스탠드",
    "ReviewScore": "4",
    "Syllable": "67",
    "Word": "13",
    "RDate": "20220316",
    "Aspects": [
      {
        "Aspect": "기능",
        "SentimentText": "처음이라 스마트 티비의 기능들이 너무 어렵네요ㅠㅠ",
        "SentimentWord": "6",
        "SentimentPolarity": "-1"
      },
      {
        "Aspect": "품질",
        "SentimentText": "품질은 좋아 만족해요!! ",
        "SentimentWord": "3",
        "SentimentPolarity": "1"
      }
    ]
  },
  {
    "Index": "14600",
    "RawText": "음성도 저음과 고음의 조화가 이루어져 정말 듣기좋은 소리가 나와 만족스러워요~ 선명하고 섬세한 화질도 좋아요",
    "Source": "쇼핑몰",
    "Domain": "가전",
    "MainCategory": "영상/음향가전",
    "ProductName": "울트라HD LG전자 55UR642S0NC 스탠드",
    "ReviewScore": "5",
    "Syllable": "60",
    "Word": "14",
    "RDate": "20220520",
    "Aspects": [
      {
        "Aspect": "음량/음질",
        "SentimentText": "음성도 저음과 고음의 조화가 이루어져 정말 듣기좋은 소리가 나와 만족스러워요~",
        "SentimentWord": "10",
        "SentimentPolarity": "1"
      },
      {
        "Aspect": "화질",
        "SentimentText": " 선명하고 섬세한 화질도 좋아요",
        "SentimentWord": "4",
        "SentimentPolarity": "1"
      }
    ]
  },
  {
    "Index": "14602",
    "RawText": "군더더기 없는 깔끔하고 심플한 디자인 짱!!  제품의 퀄리티 마감은 정말 만족스러워요 그리고 기사님도 친절하시니 너무 만족합니다~ ",
    "Source": "쇼핑몰",
    "Domain": "가전",
    "MainCategory": "영상/음향가전",
    "ProductName": "울트라HD LG전자 55UR642S0NC 스탠드",
    "ReviewScore": "5",
    "Syllable": "73",
    "Word": "16",
    "RDate": "20220329",
    "Aspects": [
      {
        "Aspect": "디자인",
        "SentimentText": "군더더기 없는 깔끔하고 심플한 디자인 짱!!",
        "SentimentWord": "6",
        "SentimentPolarity": "1"
      },
      {
        "Aspect": "품질",
        "SentimentText": "제품의 퀄리티 마감은 정말 만족스러워요",
        "SentimentWord": "5",
        "SentimentPolarity": "1"
      }
    ]
  },
  {
    "Index": "14603",
    "RawText": "배송도 스피드해서 만족하고 설치도 빨리 해주시니 만족해요 스마트 기능이 많지는 않지만 필요한것만 시청할 수있어 좋네요 그때문에 가격이 저렴하니 딱 좋게 사용하고 있습니다",
    "Source": "쇼핑몰",
    "Domain": "가전",
    "MainCategory": "영상/음향가전",
    "ProductName": "울트라HD LG전자 55UR642S0NC 스탠드",
    "ReviewScore": "5",
    "Syllable": "94",
    "Word": "22",
    "RDate": "20220328",
    "Aspects": [
      {
        "Aspect": "기능",
        "SentimentText": "스마트 기능이 많지는 않지만 필요한것만 시청할 수있어 좋네요",
        "SentimentWord": "8",
        "SentimentPolarity": "1"
      },
      {
        "Aspect": "가격",
        "SentimentText": "그때문에 가격이 저렴하니 딱 좋게 사용하고 있습니다",
        "SentimentWord": "7",
        "SentimentPolarity": "1"
      }
    ]
  },
  {
    "Index": "14604",
    "RawText": "다른 곳보다 저렴한 가격으로 구입해서 좋네요 그런데 스마트티비라기에는 기능이 부족해서 불만족스럽네요! ",
    "Source": "쇼핑몰",
    "Domain": "가전",
    "MainCategory": "영상/음향가전",
    "ProductName": "울트라HD LG전자 55UR642S0NC 스탠드",
    "ReviewScore": "3",
    "Syllable": "57",
    "Word": "11",
    "RDate": "20220628",
    "Aspects": [
      {
        "Aspect": "가격",
        "SentimentText": "다른 곳보다 저렴한 가격으로 구입해서 좋네요 ",
        "SentimentWord": "6",
        "SentimentPolarity": "1"
      },
      {
        "Aspect": "기능",
        "SentimentText": "그런데 스마트티비라기에는 기능이 부족해서 불만족스럽네요!",
        "SentimentWord": "5",
        "SentimentPolarity": "-1"
      }
    ]
  },
  {
    "Index": "14605",
    "RawText": "직접 설치하고 셋톱박스까지 연결했느데 생각보다 쉬웠어요 ㅎㅎ 제품의 퀄리티도 이정도니 만족스러워요 설치도 친절하게 해주시니 매우 만족해요^^",
    "Source": "쇼핑몰",
    "Domain": "가전",
    "MainCategory": "영상/음향가전",
    "ProductName": "울트라HD LG전자 55UR642S0NC 스탠드",
    "ReviewScore": "5",
    "Syllable": "78",
    "Word": "16",
    "RDate": "20220328",
    "Aspects": [
      {
        "Aspect": "조작성",
        "SentimentText": "직접 설치하고 셋톱박스까지 연결했느데 생각보다 쉬웠어요 ㅎㅎ",
        "SentimentWord": "7",
        "SentimentPolarity": "1"
      },
      {
        "Aspect": "품질",
        "SentimentText": "제품의 퀄리티도 이정도니 만족스러워요",
        "SentimentWord": "4",
        "SentimentPolarity": "1"
      }
    ]
  },
  {
    "Index": "14606",
    "RawText": "55인치 생각보다 엄청 커서 만족!! 인공지능 사운드 넘넘 좋네요ㅎ",
    "Source": "쇼핑몰",
    "Domain": "가전",
    "MainCategory": "영상/음향가전",
    "ProductName": "울트라HD LG전자 55UR642S0NC 스탠드",
    "ReviewScore": "5",
    "Syllable": "37",
    "Word": "9",
    "RDate": "20220516",
    "Aspects": [
      {
        "Aspect": "사이즈",
        "SentimentText": "55인치 생각보다 엄청 커서 만족!! ",
        "SentimentWord": "5",
        "SentimentPolarity": "1"
      },
      {
        "Aspect": "음량/음질",
        "SentimentText": "인공지능 사운드 넘넘 좋네요ㅎ",
        "SentimentWord": "4",
        "SentimentPolarity": "1"
      }
    ]
  },
  {
    "Index": "14607",
    "RawText": "화면이 시원시원하니 커서 좋으네요~ 제품의 퀄리티도 짱짱^^",
    "Source": "쇼핑몰",
    "Domain": "가전",
    "MainCategory": "영상/음향가전",
    "ProductName": "울트라HD LG전자 55UR642S0NC 스탠드",
    "ReviewScore": "5",
    "Syllable": "33",
    "Word": "7",
    "RDate": "20220721",
    "Aspects": [
      {
        "Aspect": "사이즈",
        "SentimentText": "화면이 시원시원하니 커서 좋으네요~",
        "SentimentWord": "4",
        "SentimentPolarity": "1"
      },
      {
        "Aspect": "품질",
        "SentimentText": "제품의 퀄리티도 짱짱^^",
        "SentimentWord": "3",
        "SentimentPolarity": "1"
      }
    ]
  },
  {
    "Index": "14608",
    "RawText": "사운드가 입체적이라 생생하네요~티비도 생각만큼이나 퀄리티가 좋으네요^^ ",
    "Source": "쇼핑몰",
    "Domain": "가전",
    "MainCategory": "영상/음향가전",
    "ProductName": "울트라HD LG전자 55UR642S0NC 스탠드",
    "ReviewScore": "5",
    "Syllable": "40",
    "Word": "6",
    "RDate": "20220114",
    "Aspects": [
      {
        "Aspect": "음량/음질",
        "SentimentText": "사운드가 입체적이라 생생하네요~",
        "SentimentWord": "3",
        "SentimentPolarity": "1"
      },
      {
        "Aspect": "품질",
        "SentimentText": "티비도 생각만큼이나 퀄리티가 좋으네요^^",
        "SentimentWord": "4",
        "SentimentPolarity": "1"
      }
    ]
  },
  {
    "Index": "14609",
    "RawText": "2주예상했는데 신속배송으로 일주일도 안되서 받으니 좋았어요 벽걸이주문인데 설치잘해주시니 너무 좋아요 그리고 가성비도 너무 좋습니다. 그리고 티비도 선명하게 잘나오니 너무 좋으네요^^ ",
    "Source": "쇼핑몰",
    "Domain": "가전",
    "MainCategory": "영상/음향가전",
    "ProductName": "울트라HD LG전자 55UR642S0NC 스탠드",
    "ReviewScore": "5",
    "Syllable": "102",
    "Word": "20",
    "RDate": "20211109",
    "Aspects": [
      {
        "Aspect": "가격",
        "SentimentText": "그리고 가성비도 너무 좋습니다.",
        "SentimentWord": "4",
        "SentimentPolarity": "1"
      },
      {
        "Aspect": "화질",
        "SentimentText": "그리고 티비도 선명하게 잘나오니 너무 좋으네요^^",
        "SentimentWord": "6",
        "SentimentPolarity": "1"
      }
    ]
  },
  {
    "Index": "14610",
    "RawText": "예정일보다 배송이 빨라서 감동^^ 화질이 선명하니까 너무 좋네요 가격도 저렴해서 잘 구매한것같아요^^ 배송기사님도 설명도 잘해주시고 친절해서 좋았습니다",
    "Source": "쇼핑몰",
    "Domain": "가전",
    "MainCategory": "영상/음향가전",
    "ProductName": "울트라HD LG전자 55UR642S0NC 스탠드",
    "ReviewScore": "5",
    "Syllable": "84",
    "Word": "17",
    "RDate": "20220126",
    "Aspects": [
      {
        "Aspect": "화질",
        "SentimentText": "화질이 선명하니까 너무 좋네요",
        "SentimentWord": "4",
        "SentimentPolarity": "1"
      },
      {
        "Aspect": "가격",
        "SentimentText": "가격도 저렴해서 잘 구매한것같아요^^",
        "SentimentWord": "4",
        "SentimentPolarity": "1"
      }
    ]
  },
  {
    "Index": "14611",
    "RawText": "배송이 오래걸린건 유감이예요 기사님이 깔끔하게 설치해주시고 친절하셔서 좋았어요 품질도 오래걸린만큼이나 좋았어요  화질도 선명해서 좋았구요 굿!!!",
    "Source": "쇼핑몰",
    "Domain": "가전",
    "MainCategory": "영상/음향가전",
    "ProductName": "울트라HD LG전자 55UR642S0NC 스탠드",
    "ReviewScore": "5",
    "Syllable": "81",
    "Word": "15",
    "RDate": "20211221",
    "Aspects": [
      {
        "Aspect": "품질",
        "SentimentText": "품질도 오래걸린만큼이나 좋았어요 ",
        "SentimentWord": "3",
        "SentimentPolarity": "1"
      },
      {
        "Aspect": "화질",
        "SentimentText": "화질도 선명해서 좋았구요 굿!!!",
        "SentimentWord": "4",
        "SentimentPolarity": "1"
      }
    ]
  },
  {
    "Index": "14612",
    "RawText": "배송은 정말오래걸립니다. 아쉬운 부분이죠 설치도 다해 주시니까 좋았구요 화면은 깨끗하게 잘나오네요 ㅎㅎ화면이 크니까 보기에도 좋으니 만족합니다^^",
    "Source": "쇼핑몰",
    "Domain": "가전",
    "MainCategory": "영상/음향가전",
    "ProductName": "울트라HD LG전자 55UR642S0NC 스탠드",
    "ReviewScore": "5",
    "Syllable": "81",
    "Word": "16",
    "RDate": "20211221",
    "Aspects": [
      {
        "Aspect": "화질",
        "SentimentText": "화면은 깨끗하게 잘나오네요 ㅎㅎ",
        "SentimentWord": "4",
        "SentimentPolarity": "1"
      },
      {
        "Aspect": "사이즈",
        "SentimentText": "화면이 크니까 보기에도 좋으니 만족합니다^^",
        "SentimentWord": "5",
        "SentimentPolarity": "1"
      }
    ]
  },
  {
    "Index": "14615",
    "RawText": "셋톱박스랑 연결하는데 어려움이 많아 힘들었어요......그런데 화질 해상도는 좋으니까 마음에 듭니다^^",
    "Source": "쇼핑몰",
    "Domain": "가전",
    "MainCategory": "영상/음향가전",
    "ProductName": "울트라HD LG전자 55UR642S0NC 스탠드",
    "ReviewScore": "5",
    "Syllable": "57",
    "Word": "10",
    "RDate": "20220322",
    "Aspects": [
      {
        "Aspect": "조작성",
        "SentimentText": "셋톱박스랑 연결하는데 어려움이 많아 힘들었어요.....",
        "SentimentWord": "5",
        "SentimentPolarity": "-1"
      },
      {
        "Aspect": "화질",
        "SentimentText": "그런데 화질 해상도는 좋으니까 마음에 듭니다^^",
        "SentimentWord": "6",
        "SentimentPolarity": "1"
      }
    ]
  },
  {
    "Index": "14616",
    "RawText": "배송이 너무 느려서 기다리다 지쳤어요 ㅜ 화질은 밝기도 괜찮고요 품질은 좋아서 만족해요^^",
    "Source": "쇼핑몰",
    "Domain": "가전",
    "MainCategory": "영상/음향가전",
    "ProductName": "울트라HD LG전자 55UR642S0NC 스탠드",
    "ReviewScore": "4",
    "Syllable": "50",
    "Word": "12",
    "RDate": "20220329",
    "Aspects": [
      {
        "Aspect": "화질",
        "SentimentText": "화질은 밝기도 괜찮고요",
        "SentimentWord": "3",
        "SentimentPolarity": "1"
      },
      {
        "Aspect": "품질",
        "SentimentText": "품질은 좋아서 만족해요^^",
        "SentimentWord": "3",
        "SentimentPolarity": "1"
      }
    ]
  },
  {
    "Index": "14617",
    "RawText": "급하게 바꾸려했으면 배송이 느린편이라 기다리기 힘들었을것같아요 배송이아쉬운 부분이고요 얇아서 다지인이 만족스럽구요 화면도 크고 넓으니까 만족해요 ㅎㅎ",
    "Source": "쇼핑몰",
    "Domain": "가전",
    "MainCategory": "영상/음향가전",
    "ProductName": "울트라HD LG전자 55UR642S0NC 스탠드",
    "ReviewScore": "4",
    "Syllable": "83",
    "Word": "16",
    "RDate": "20220324",
    "Aspects": [
      {
        "Aspect": "디자인",
        "SentimentText": "얇아서 다지인이 만족스럽구요",
        "SentimentWord": "3",
        "SentimentPolarity": "1"
      },
      {
        "Aspect": "사이즈",
        "SentimentText": "화면도 크고 넓으니까 만족해요 ㅎㅎ",
        "SentimentWord": "5",
        "SentimentPolarity": "1"
      }
    ]
  },
  {
    "Index": "14618",
    "RawText": "티비 뒷면에 열감이 있어서 별로였어요..... 그래도 기다린 보람이 있는듯 부모님이 품질 좋다고 좋아하시네요~",
    "Source": "쇼핑몰",
    "Domain": "가전",
    "MainCategory": "영상/음향가전",
    "ProductName": "울트라HD LG전자 55UR642S0NC 스탠드",
    "ReviewScore": "5",
    "Syllable": "61",
    "Word": "13",
    "RDate": "20211219",
    "Aspects": [
      {
        "Aspect": "내구성",
        "SentimentText": "티비 뒷면에 열감이 있어서 별로였어요...",
        "SentimentWord": "5",
        "SentimentPolarity": "-1"
      },
      {
        "Aspect": "품질",
        "SentimentText": "그래도 기다린 보람이 있는듯 부모님이 품질 좋다고 좋아하시네요~",
        "SentimentWord": "8",
        "SentimentPolarity": "1"
      }
    ]
  },
  {
    "Index": "14619",
    "RawText": "가격대비 가성비 굿이네요~ 사용법도 간단해서 좋아요^^",
    "Source": "쇼핑몰",
    "Domain": "가전",
    "MainCategory": "영상/음향가전",
    "ProductName": "울트라HD LG전자 55UR642S0NC 스탠드",
    "ReviewScore": "4",
    "Syllable": "30",
    "Word": "6",
    "RDate": "20211017",
    "Aspects": [
      {
        "Aspect": "가격",
        "SentimentText": "가격대비 가성비 굿이네요~ ",
        "SentimentWord": "3",
        "SentimentPolarity": "1"
      },
      {
        "Aspect": "조작성",
        "SentimentText": "사용법도 간단해서 좋아요^^",
        "SentimentWord": "3",
        "SentimentPolarity": "1"
      }
    ]
  },
  {
    "Index": "14620",
    "RawText": "55인치가 너무 작아보여서 좀 더 큰 사이즈로 선택할껄 후회하고 있어요ㅠㅠ 와이파이 연결도 끊김이 없어 만족하구요^^",
    "Source": "쇼핑몰",
    "Domain": "가전",
    "MainCategory": "영상/음향가전",
    "ProductName": "울트라HD LG전자 55UR642S0NC 스탠드",
    "ReviewScore": "5",
    "Syllable": "65",
    "Word": "15",
    "RDate": "20220307",
    "Aspects": [
      {
        "Aspect": "사이즈",
        "SentimentText": "55인치가 너무 작아보여서 좀 더 큰 사이즈로 선택할껄 후회하고 있어요ㅠㅠ",
        "SentimentWord": "10",
        "SentimentPolarity": "-1"
      },
      {
        "Aspect": "기능",
        "SentimentText": "와이파이 연결도 끊김이 없어 만족하구요^^",
        "SentimentWord": "5",
        "SentimentPolarity": "1"
      }
    ]
  },
  {
    "Index": "14622",
    "RawText": "스마트 티비의 기능들이 너무 어렵네요ㅠㅠ 제가 기계치라ㅠㅠ  화질의 선명도도 생각했던것보다 좋지않아서 실망이네요ㅜㅜ ",
    "Source": "쇼핑몰",
    "Domain": "가전",
    "MainCategory": "영상/음향가전",
    "ProductName": "울트라HD LG전자 55UR642S0NC 스탠드",
    "ReviewScore": "4",
    "Syllable": "65",
    "Word": "12",
    "RDate": "20211211",
    "Aspects": [
      {
        "Aspect": "기능",
        "SentimentText": "스마트 티비의 기능들이 너무 어렵네요ㅠㅠ 제가 기계치라ㅠㅠ",
        "SentimentWord": "7",
        "SentimentPolarity": "-1"
      },
      {
        "Aspect": "화질",
        "SentimentText": "화질의 선명도도 생각했던것보다 좋지않아서 실망이네요ㅜㅜ",
        "SentimentWord": "5",
        "SentimentPolarity": "-1"
      }
    ]
  },
  {
    "Index": "14623",
    "RawText": "스탠드타입이 이동하기 엄청 용이하네요 편의성 굿굿~~ 역시 요즘 가전은 OOO이 최강이네요 다음에도 구입할게요~^^",
    "Source": "쇼핑몰",
    "Domain": "가전",
    "MainCategory": "영상/음향가전",
    "ProductName": "울트라HD LG전자 55UR642S0NC 스탠드",
    "ReviewScore": "5",
    "Syllable": "64",
    "Word": "13",
    "RDate": "20220720",
    "GeneralPolarity": "1",
    "Aspects": [
      {
        "Aspect": "편의성",
        "SentimentText": "스탠드타입이 이동하기 엄청 용이하네요 편의성 굿굿~~",
        "SentimentWord": "6",
        "SentimentPolarity": "1"
      },
      {
        "Aspect": "제조일/제조사",
        "SentimentText": "역시 요즘 가전은 OOO이 최강이네요 다음에도 구입할게요~^^",
        "SentimentWord": "7",
        "SentimentPolarity": "1"
      }
    ]
  },
  {
    "Index": "14624",
    "RawText": "리모컨 반응속도도 빠르고 아주 마음에 들어요~ 가격도 합리적으로 착하니까 만족하구요  as도 할 수있으니 믿고 잘 구매했습니다^^",
    "Source": "쇼핑몰",
    "Domain": "가전",
    "MainCategory": "영상/음향가전",
    "ProductName": "울트라HD LG전자 55UR642S0NC 스탠드",
    "ReviewScore": "5",
    "Syllable": "72",
    "Word": "16",
    "RDate": "20220609",
    "Aspects": [
      {
        "Aspect": "시간/속도",
        "SentimentText": "리모컨 반응속도도 빠르고 아주 마음에 들어요~ ",
        "SentimentWord": "6",
        "SentimentPolarity": "1"
      },
      {
        "Aspect": "가격",
        "SentimentText": "가격도 합리적으로 착하니까 만족하구요",
        "SentimentWord": "4",
        "SentimentPolarity": "1"
      }
    ]
  },
  {
    "Index": "14627",
    "RawText": "화질은 뿌옇게 나오는거 없이 깨끗하게 아주 잘 나와요  퀄리티가 아주 좋아서 만족해요",
    "Source": "쇼핑몰",
    "Domain": "가전",
    "MainCategory": "영상/음향가전",
    "ProductName": "울트라HD LG전자 55UR642S0NC 스탠드",
    "ReviewScore": "5",
    "Syllable": "47",
    "Word": "12",
    "RDate": "20220517",
    "Aspects": [
      {
        "Aspect": "화질",
        "SentimentText": "화질은 뿌옇게 나오는거 없이 깨끗하게 아주 잘 나와요 ",
        "SentimentWord": "8",
        "SentimentPolarity": "1"
      },
      {
        "Aspect": "품질",
        "SentimentText": "퀄리티가 아주 좋아서 만족해요",
        "SentimentWord": "4",
        "SentimentPolarity": "1"
      }
    ]
  },
  {
    "Index": "14628",
    "RawText": "부모님댁 전에쓰던 티비보다 매우 크니까 좋아하세요^^ 가격이 합리적이여서 만족하는데 거기다 가성비도 좋구요 배송도 다음날와서 설치해주시니 다 좋습니다!!",
    "Source": "쇼핑몰",
    "Domain": "가전",
    "MainCategory": "영상/음향가전",
    "ProductName": "울트라HD LG전자 55UR642S0NC 스탠드",
    "ReviewScore": "5",
    "Syllable": "85",
    "Word": "17",
    "RDate": "20220427",
    "Aspects": [
      {
        "Aspect": "사이즈",
        "SentimentText": "부모님댁 전에쓰던 티비보다 매우 크니까 좋아하세요^^",
        "SentimentWord": "6",
        "SentimentPolarity": "1"
      },
      {
        "Aspect": "가격",
        "SentimentText": "가격이 합리적이여서 만족하는데 거기다 가성비도 좋구요",
        "SentimentWord": "6",
        "SentimentPolarity": "1"
      }
    ]
  },
  {
    "Index": "14629",
    "RawText": "부모님이 품질이 너무 좋다고 좋아하세요 가격도 저렴하게 잘 구매했어요^^",
    "Source": "쇼핑몰",
    "Domain": "가전",
    "MainCategory": "영상/음향가전",
    "ProductName": "울트라HD LG전자 55UR642S0NC 스탠드",
    "ReviewScore": "5",
    "Syllable": "40",
    "Word": "9",
    "RDate": "20220124",
    "GeneralPolarity": "1",
    "Aspects": [
      {
        "Aspect": "품질",
        "SentimentText": "부모님이 품질이 너무 좋다고 좋아하세요",
        "SentimentWord": "5",
        "SentimentPolarity": "1"
      },
      {
        "Aspect": "가격",
        "SentimentText": "가격도 저렴하게 잘 구매했어요^^",
        "SentimentWord": "4",
        "SentimentPolarity": "1"
      }
    ]
  },
  {
    "Index": "14631",
    "RawText": "이곳이 제일 저렴하니 좋았어요 배송도 8일걸렸는데 아침일찍 전화가 오니까 불만족스러웠어요ㅜ 티비의 화질 생각보다 선명해서 마음에 들어요 스마트기능은 필요가 없어서 그 모델로 샀어요 별다른 기능없는건 괜찮아요 카드결재 할인 받아서 좋았어요~최저가 구매로 만족!! 판매자 측 배송일자 문의하면 답변도 오니까 서비스 좋았습니다!",
    "Source": "쇼핑몰",
    "Domain": "가전",
    "MainCategory": "영상/음향가전",
    "ProductName": "울트라HD LG전자 55UR642S0NC 스탠드",
    "ReviewScore": "5",
    "Syllable": "180",
    "Word": "39",
    "RDate": "20220315",
    "Aspects": [
      {
        "Aspect": "가격",
        "SentimentText": "이곳이 제일 저렴하니 좋았어요 ",
        "SentimentWord": "4",
        "SentimentPolarity": "1"
      },
      {
        "Aspect": "화질",
        "SentimentText": "티비의 화질 생각보다 선명해서 마음에 들어요",
        "SentimentWord": "6",
        "SentimentPolarity": "1"
      },
      {
        "Aspect": "기능",
        "SentimentText": "스마트기능은 필요가 없어서 그 모델로 샀어요 별다른 기능없는건 괜찮아요",
        "SentimentWord": "9",
        "SentimentPolarity": "0"
      },
      {
        "Aspect": "가격",
        "SentimentText": "카드결재 할인 받아서 좋았어요~최저가 구매로 만족!!",
        "SentimentWord": "6",
        "SentimentPolarity": "1"
      }
    ]
  },
  {
    "Index": "14632",
    "RawText": "스피드한 배송 좋았어요 친절한 설치덕분에 잘 시청하고 있어서 좋습니다.  품질의 퀄리티도 좋아서 만족하구요 가성비도 좋아서 감사하게 잘쓸께요^^",
    "Source": "쇼핑몰",
    "Domain": "가전",
    "MainCategory": "영상/음향가전",
    "ProductName": "울트라HD LG전자 55UR642S0NC 스탠드",
    "ReviewScore": "5",
    "Syllable": "80",
    "Word": "17",
    "RDate": "20211104",
    "Aspects": [
      {
        "Aspect": "품질",
        "SentimentText": "품질의 퀄리티도 좋아서 만족하구요",
        "SentimentWord": "4",
        "SentimentPolarity": "1"
      },
      {
        "Aspect": "가격",
        "SentimentText": "가성비도 좋아서 감사하게 잘쓸께요^^",
        "SentimentWord": "4",
        "SentimentPolarity": "1"
      }
    ]
  },
  {
    "Index": "14633",
    "RawText": "상품의 품질은 좋지만 화질이 선명하지 않아서 마음에 안들어요::::",
    "Source": "쇼핑몰",
    "Domain": "가전",
    "MainCategory": "영상/음향가전",
    "ProductName": "울트라HD LG전자 55UR642S0NC 스탠드",
    "ReviewScore": "2",
    "Syllable": "37",
    "Word": "8",
    "RDate": "20220807",
    "Aspects": [
      {
        "Aspect": "품질",
        "SentimentText": "상품의 품질은 좋지만 ",
        "SentimentWord": "3",
        "SentimentPolarity": "1"
      },
      {
        "Aspect": "화질",
        "SentimentText": "화질이 선명하지 않아서 마음에 안들어요::::",
        "SentimentWord": "5",
        "SentimentPolarity": "-1"
      }
    ]
  },
  {
    "Index": "14634",
    "RawText": "발열도 없어 상품은 좋아요. 와이파이 연결이 자꾸 버벅거려요....짜증",
    "Source": "쇼핑몰",
    "Domain": "가전",
    "MainCategory": "영상/음향가전",
    "ProductName": "울트라HD LG전자 55UR642S0NC 스탠드",
    "ReviewScore": "4",
    "Syllable": "39",
    "Word": "8",
    "RDate": "20220110",
    "Aspects": [
      {
        "Aspect": "내구성",
        "SentimentText": "발열도 없어 상품은 좋아요.",
        "SentimentWord": "4",
        "SentimentPolarity": "1"
      },
      {
        "Aspect": "기능",
        "SentimentText": "와이파이 연결이 자꾸 버벅거려요....짜증",
        "SentimentWord": "4",
        "SentimentPolarity": "-1"
      }
    ]
  },
  {
    "Index": "14635",
    "RawText": "이번에 구매한 티비를 큰 사이즈로 선택하니 화면이 커서 영화관이 따로 없네요^^ 프레임이 플라스틱이라 약해 보여서 별로네요.",
    "Source": "쇼핑몰",
    "Domain": "가전",
    "MainCategory": "영상/음향가전",
    "ProductName": "울트라HD LG전자 55UR642S0NC 스탠드",
    "ReviewScore": "5",
    "Syllable": "69",
    "Word": "16",
    "RDate": "20220316",
    "GeneralPolarity": "0",
    "Aspects": [
      {
        "Aspect": "사이즈",
        "SentimentText": "큰 사이즈로 선택하니 화면이 커서 영화관이 따로 없네요^^",
        "SentimentWord": "8",
        "SentimentPolarity": "1"
      },
      {
        "Aspect": "소재",
        "SentimentText": "프레임이 플라스틱이라 약해 보여서 별로네요. ",
        "SentimentWord": "5",
        "SentimentPolarity": "-1"
      }
    ]
  },
  {
    "Index": "14636",
    "RawText": "새로 구매할때 티비사이즈를 큰걸로 구입했더니 너무 좋아요! 화질도 엄청 선명해서 티비 볼 만한 거 같아요 잘 사용하겠습니다.",
    "Source": "쇼핑몰",
    "Domain": "가전",
    "MainCategory": "영상/음향가전",
    "ProductName": "울트라HD LG전자 55UR642S0NC 스탠드",
    "ReviewScore": "5",
    "Syllable": "69",
    "Word": "17",
    "RDate": "20220126",
    "GeneralPolarity": "1",
    "Aspects": [
      {
        "Aspect": "사이즈",
        "SentimentText": "새로 구매할때 티비사이즈를 큰걸로 구입했더니 너무 좋아요!",
        "SentimentWord": "7",
        "SentimentPolarity": "1"
      },
      {
        "Aspect": "화질",
        "SentimentText": "화질도 엄청 선명해서 티비 볼 만한 거 같아요",
        "SentimentWord": "8",
        "SentimentPolarity": "1"
      }
    ]
  },
  {
    "Index": "14637",
    "RawText": "화면색상도 엄청 선명하고 가격도 저렴하고 무이자까지 잘샀습니다^^ 저렴한 가격때문에 주위분들이 좋다고 하네요",
    "Source": "쇼핑몰",
    "Domain": "가전",
    "MainCategory": "영상/음향가전",
    "ProductName": "울트라HD LG전자 55UR642S0NC 스탠드",
    "ReviewScore": "5",
    "Syllable": "60",
    "Word": "12",
    "RDate": "20220806",
    "GeneralPolarity": "1",
    "Aspects": [
      {
        "Aspect": "화질",
        "SentimentText": "화면색상도 엄청 선명하고 가격도 저렴하고 무이자까지 잘샀습니다^^",
        "SentimentWord": "7",
        "SentimentPolarity": "1"
      },
      {
        "Aspect": "가격",
        "SentimentText": "가격도 저렴하고 무이자까지 잘샀습니다^^",
        "SentimentWord": "4",
        "SentimentPolarity": "1"
      }
    ]
  },
  {
    "Index": "14638",
    "RawText": "심플함이 매력적인 디자인이네요^^화질이 선명하고 화면을 오래 봐도 눈에 피로감이 덜 한거 같아서 좋습니다.잘 쓰겠습니다.",
    "Source": "쇼핑몰",
    "Domain": "가전",
    "MainCategory": "영상/음향가전",
    "ProductName": "울트라HD LG전자 55UR642S0NC 스탠드",
    "ReviewScore": "5",
    "Syllable": "67",
    "Word": "14",
    "RDate": "20220621",
    "Aspects": [
      {
        "Aspect": "디자인",
        "SentimentText": "심플함이 매력적인 디자인이네요^^",
        "SentimentWord": "3",
        "SentimentPolarity": "1"
      },
      {
        "Aspect": "화질",
        "SentimentText": "화질이 선명하고 화면을 오래 봐도 눈에 피로감이 덜 한거 같아서 좋습니다.",
        "SentimentWord": "11",
        "SentimentPolarity": "1"
      }
    ]
  },
  {
    "Index": "14639",
    "RawText": "브랜드 제품 중 가성비 진짜 완전 좋네요. 역시 가전은 ㅇㅇㅇ이네요!!",
    "Source": "쇼핑몰",
    "Domain": "가전",
    "MainCategory": "영상/음향가전",
    "ProductName": "울트라HD LG전자 55UR642S0NC 스탠드",
    "ReviewScore": "5",
    "Syllable": "39",
    "Word": "10",
    "RDate": "20220330",
    "Aspects": [
      {
        "Aspect": "가격",
        "SentimentText": "브랜드 제품 중 가성비 진짜 완전 좋네요.",
        "SentimentWord": "7",
        "SentimentPolarity": "1"
      },
      {
        "Aspect": "제조일/제조사",
        "SentimentText": " 역시 가전은 ㅇㅇㅇ이네요!!",
        "SentimentWord": "3",
        "SentimentPolarity": "1"
      }
    ]
  },
  {
    "Index": "14640",
    "RawText": "가전은 ㅇㅇㅇ 아닙니까. 아주 맘에 쏙들어요~~  그런데 TV리모콘은 그닥이라 잘 사용하지 않을 것 같네요",
    "Source": "쇼핑몰",
    "Domain": "가전",
    "MainCategory": "영상/음향가전",
    "ProductName": "울트라HD LG전자 55UR642S0NC 스탠드",
    "ReviewScore": "4",
    "Syllable": "59",
    "Word": "14",
    "RDate": "20220628",
    "Aspects": [
      {
        "Aspect": "제조일/제조사",
        "SentimentText": "가전은 ㅇㅇㅇ 아닙니까. 아주 맘에 쏙들어요~~",
        "SentimentWord": "6",
        "SentimentPolarity": "1"
      },
      {
        "Aspect": "제품구성",
        "SentimentText": "그런데 TV리모콘은 그닥이라 잘 사용하지 않을 것 같네요 ",
        "SentimentWord": "8",
        "SentimentPolarity": "1"
      }
    ]
  },
  {
    "Index": "14641",
    "RawText": "배송도 생각보다 빨리와서 좋았어요.  부모님이 화질이 선명해서 좋고 음량도 너무 좋다고 하시네요",
    "Source": "쇼핑몰",
    "Domain": "가전",
    "MainCategory": "영상/음향가전",
    "ProductName": "울트라HD LG전자 55UR642S0NC 스탠드",
    "ReviewScore": "4",
    "Syllable": "53",
    "Word": "12",
    "RDate": "20220105",
    "Aspects": [
      {
        "Aspect": "화질",
        "SentimentText": "화질이 선명해서 좋고",
        "SentimentWord": "3",
        "SentimentPolarity": "1"
      },
      {
        "Aspect": "음량/음질",
        "SentimentText": "음량도 너무 좋다고 하시네요",
        "SentimentWord": "4",
        "SentimentPolarity": "1"
      }
    ]
  },
  {
    "Index": "14643",
    "RawText": "세살배기 아기가 기존 티비 액정을 깨버려서 부랴부랴 알아보다가 가성비 좋은 제품이라길래 주문했어요^^ 주문한지 삼일만에 설치해 주셔서 넘 좋았어요. 이렇게 착한 가격인데 화질도 뛰어나고 인터넷방송도 볼 수 있어서 아주 만족합니다!",
    "Source": "쇼핑몰",
    "Domain": "가전",
    "MainCategory": "영상/음향가전",
    "ProductName": "울트라HD LG전자 55UR642S0NC 스탠드",
    "ReviewScore": "5",
    "Syllable": "128",
    "Word": "29",
    "RDate": "20220411",
    "Aspects": [
      {
        "Aspect": "가격",
        "SentimentText": "가성비 좋은 제품이라길래 주문했어요^^",
        "SentimentWord": "4",
        "SentimentPolarity": "1"
      },
      {
        "Aspect": "화질",
        "SentimentText": "이렇게 착한 가격인데 화질도 뛰어나고",
        "SentimentWord": "5",
        "SentimentPolarity": "1"
      },
      {
        "Aspect": "기능",
        "SentimentText": "인터넷방송도 볼 수 있어서 아주 만족합니다!",
        "SentimentWord": "6",
        "SentimentPolarity": "1"
      }
    ]
  },
  {
    "Index": "14644",
    "RawText": "여러 스마트한 기능들이 있어서 편리하고 좋습니다. 화질도 이정도면 꽤 괜찮고요 그런데 OOO이 자동 로그아웃이되니 굉장해 불편합니다.",
    "Source": "쇼핑몰",
    "Domain": "가전",
    "MainCategory": "영상/음향가전",
    "ProductName": "울트라HD LG전자 55UR642S0NC 스탠드",
    "ReviewScore": "5",
    "Syllable": "74",
    "Word": "16",
    "RDate": "20220717",
    "GeneralPolarity": "0",
    "Aspects": [
      {
        "Aspect": "기능",
        "SentimentText": "여러 스마트한 기능들이 있어서 편리하고 좋습니다.",
        "SentimentWord": "6",
        "SentimentPolarity": "1"
      },
      {
        "Aspect": "화질",
        "SentimentText": "화질도 이정도면 꽤 괜찮고요",
        "SentimentWord": "4",
        "SentimentPolarity": "1"
      },
      {
        "Aspect": "기능",
        "SentimentText": "OOO이 자동 로그아웃이되니 굉장해 불편합니다.",
        "SentimentWord": "5",
        "SentimentPolarity": "-1"
      }
    ]
  },
  {
    "Index": "14645",
    "RawText": "배송이 좀 많이 걸려 실망이네요. tv 혼자서 뚝딱 설치했어요. 화질도 끝내주고 마음에 듭니다. 잘볼께요.",
    "Source": "쇼핑몰",
    "Domain": "가전",
    "MainCategory": "영상/음향가전",
    "ProductName": "울트라HD LG전자 55UR642S0NC 스탠드",
    "ReviewScore": "4",
    "Syllable": "59",
    "Word": "14",
    "RDate": "20211105",
    "Aspects": [
      {
        "Aspect": "조작성",
        "SentimentText": "tv 혼자서 뚝딱 설치했어요.",
        "SentimentWord": "4",
        "SentimentPolarity": "1"
      },
      {
        "Aspect": "화질",
        "SentimentText": "화질도 끝내주고 마음에 듭니다.",
        "SentimentWord": "4",
        "SentimentPolarity": "1"
      }
    ]
  },
  {
    "Index": "14647",
    "RawText": "거실에 설치했는데 기대만큼 화질이 선명해서 좋고, 부모님도 화면이 큼직해서 좋다고 하셔요. 스마트TV에 필수적인 기능들을 빼버려서 기분은 안좋네요. 가격이 저렴한거 하나는 마름에 드네요.",
    "Source": "쇼핑몰",
    "Domain": "가전",
    "MainCategory": "영상/음향가전",
    "ProductName": "울트라HD LG전자 55UR642S0NC 스탠드",
    "ReviewScore": "5",
    "Syllable": "104",
    "Word": "22",
    "RDate": "20220129",
    "GeneralPolarity": "1",
    "Aspects": [
      {
        "Aspect": "화질",
        "SentimentText": "기대만큼 화질이 선명해서 좋고",
        "SentimentWord": "4",
        "SentimentPolarity": "1"
      },
      {
        "Aspect": "사이즈",
        "SentimentText": "부모님도 화면이 큼직해서 좋다고 하셔요.",
        "SentimentWord": "5",
        "SentimentPolarity": "1"
      },
      {
        "Aspect": "기능",
        "SentimentText": "스마트TV에 필수적인 기능들을 빼버려서 기분은 안좋네요.",
        "SentimentWord": "6",
        "SentimentPolarity": "-1"
      },
      {
        "Aspect": "가격",
        "SentimentText": "가격이 저렴한거 하나는 마름에 드네요.",
        "SentimentWord": "5",
        "SentimentPolarity": "1"
      }
    ]
  },
  {
    "Index": "14648",
    "RawText": "시야거리가 좁아서 55인치의 티비는 큰게 아닐까 걱정은 잠시.. 티비는 크면 클수록 너무 좋은거 같네요^^ 화질면에서도 완전 좋으며 가격도 적당해서 좋네요.",
    "Source": "쇼핑몰",
    "Domain": "가전",
    "MainCategory": "영상/음향가전",
    "ProductName": "울트라HD LG전자 55UR642S0NC 스탠드",
    "ReviewScore": "5",
    "Syllable": "87",
    "Word": "20",
    "RDate": "20211025",
    "GeneralPolarity": "1",
    "Aspects": [
      {
        "Aspect": "사이즈",
        "SentimentText": "티비는 크면 클수록 너무 좋은거 같네요^^",
        "SentimentWord": "6",
        "SentimentPolarity": "1"
      },
      {
        "Aspect": "화질",
        "SentimentText": "화질면에서도 완전 좋으며",
        "SentimentWord": "3",
        "SentimentPolarity": "1"
      },
      {
        "Aspect": "가격",
        "SentimentText": "가격도 적당해서 좋네요.",
        "SentimentWord": "3",
        "SentimentPolarity": "1"
      }
    ]
  },
  {
    "Index": "14649",
    "RawText": "화면이 대체적으로 선명도가 떨어지네요ㅠㅠ 설정에 들어가 밝기조정을 해도 되질않아서 짜증이나네요.",
    "Source": "쇼핑몰",
    "Domain": "가전",
    "MainCategory": "영상/음향가전",
    "ProductName": "울트라HD LG전자 55UR642S0NC 스탠드",
    "ReviewScore": "5",
    "Syllable": "53",
    "Word": "10",
    "RDate": "20220430",
    "GeneralPolarity": "-1",
    "Aspects": [
      {
        "Aspect": "화질",
        "SentimentText": "화면이 대체적으로 선명도가 떨어지네요ㅠㅠ",
        "SentimentWord": "4",
        "SentimentPolarity": "-1"
      },
      {
        "Aspect": "조작성",
        "SentimentText": "설정에 들어가 밝기조정을 해도 되질않아서 짜증이나네요.",
        "SentimentWord": "6",
        "SentimentPolarity": "-1"
      }
    ]
  },
  {
    "Index": "14650",
    "RawText": "사용중은 티비보다 더 큰 사이즈를 구입하니 편하고 좋습니다. 그런데 티비 후면이 뜨꺼운 열감이 있어 불안합니다.",
    "Source": "쇼핑몰",
    "Domain": "가전",
    "MainCategory": "영상/음향가전",
    "ProductName": "울트라HD LG전자 55UR642S0NC 스탠드",
    "ReviewScore": "5",
    "Syllable": "62",
    "Word": "15",
    "RDate": "20220524",
    "GeneralPolarity": "0",
    "Aspects": [
      {
        "Aspect": "사이즈",
        "SentimentText": "사용중은 티비보다 더 큰 사이즈를 구입하니 편하고 좋습니다.",
        "SentimentWord": "8",
        "SentimentPolarity": "1"
      },
      {
        "Aspect": "내구성",
        "SentimentText": "티비 후면이 뜨꺼운 열감이 있어 불안합니다.",
        "SentimentWord": "6",
        "SentimentPolarity": "-1"
      }
    ]
  },
  {
    "Index": "14651",
    "RawText": "가격대비 화질 너무 좋아요^^ 가격이 저렴해서 부모님 사드렸는데 좋다고 만족하심",
    "Source": "쇼핑몰",
    "Domain": "가전",
    "MainCategory": "영상/음향가전",
    "ProductName": "울트라HD LG전자 55UR642S0NC 스탠드",
    "ReviewScore": "5",
    "Syllable": "44",
    "Word": "10",
    "RDate": "20211101",
    "Aspects": [
      {
        "Aspect": "화질",
        "SentimentText": "가격대비 화질 너무 좋아요^^ ",
        "SentimentWord": "4",
        "SentimentPolarity": "1"
      },
      {
        "Aspect": "가격",
        "SentimentText": "가격이 저렴해서 부모님 사드렸는데 좋다고 만족하심",
        "SentimentWord": "6",
        "SentimentPolarity": "1"
      }
    ]
  },
  {
    "Index": "14652",
    "RawText": "인터넷방송도 검색이 가능하니까 좋아요~~ 그런데 티비에 리모컨은 필수인데 빼먹다니 실망이네요.",
    "Source": "쇼핑몰",
    "Domain": "가전",
    "MainCategory": "영상/음향가전",
    "ProductName": "울트라HD LG전자 55UR642S0NC 스탠드",
    "ReviewScore": "5",
    "Syllable": "52",
    "Word": "10",
    "RDate": "20211107",
    "Aspects": [
      {
        "Aspect": "기능",
        "SentimentText": "인터넷방송도 검색이 가능하니까 좋아요~~ ",
        "SentimentWord": "4",
        "SentimentPolarity": "1"
      },
      {
        "Aspect": "제품구성",
        "SentimentText": "티비에 리모컨은 필수인데 빼먹다니 실망이네요.",
        "SentimentWord": "5",
        "SentimentPolarity": "-1"
      }
    ]
  },
  {
    "Index": "14653",
    "RawText": "전에 쓰던 제품이 3년만에 고장나서 다른 제품으로 구입했습니다.  화면이 크고 정말 마음에 듭니다. 4k라 선명함은 확실히 말할것 없이 좋습니다.",
    "Source": "쇼핑몰",
    "Domain": "가전",
    "MainCategory": "영상/음향가전",
    "ProductName": "울트라HD LG전자 55UR642S0NC 스탠드",
    "ReviewScore": "5",
    "Syllable": "81",
    "Word": "19",
    "RDate": "20220519",
    "GeneralPolarity": "1",
    "Aspects": [
      {
        "Aspect": "사이즈",
        "SentimentText": "화면이 크고 정말 마음에 듭니다.",
        "SentimentWord": "5",
        "SentimentPolarity": "1"
      },
      {
        "Aspect": "화질",
        "SentimentText": "4k라 선명함은 확실히 말할것 없이 좋습니다.",
        "SentimentWord": "6",
        "SentimentPolarity": "1"
      }
    ]
  },
  {
    "Index": "14654",
    "RawText": "화질은 그렇게 좋진않아서 실망 ㅠㅠㅠ 그래도 실물 색상이 컬러풀해서 좋아요~",
    "Source": "쇼핑몰",
    "Domain": "가전",
    "MainCategory": "영상/음향가전",
    "ProductName": "울트라HD LG전자 55UR642S0NC 스탠드",
    "ReviewScore": "5",
    "Syllable": "42",
    "Word": "10",
    "RDate": "20211215",
    "GeneralPolarity": "0",
    "Aspects": [
      {
        "Aspect": "화질",
        "SentimentText": "화질은 그렇게 좋진않아서 실망 ㅠㅠㅠ",
        "SentimentWord": "5",
        "SentimentPolarity": "-1"
      },
      {
        "Aspect": "색상",
        "SentimentText": "그래도 실물 색상이 컬러풀해서 좋아요~",
        "SentimentWord": "5",
        "SentimentPolarity": "1"
      }
    ]
  },
  {
    "Index": "14655",
    "RawText": "사운드가 선명하고 짱짱해서 만족~ 번개처럼 빠른 배송이라 최고로 좋고요 화질 역시 uhd라 최고네요.",
    "Source": "쇼핑몰",
    "Domain": "가전",
    "MainCategory": "영상/음향가전",
    "ProductName": "울트라HD LG전자 55UR642S0NC 스탠드",
    "ReviewScore": "5",
    "Syllable": "56",
    "Word": "13",
    "RDate": "20220716",
    "Aspects": [
      {
        "Aspect": "음량/음질",
        "SentimentText": "사운드가 선명하고 짱짱해서 만족~",
        "SentimentWord": "4",
        "SentimentPolarity": "1"
      },
      {
        "Aspect": "화질",
        "SentimentText": "화질 역시 uhd라 최고네요.",
        "SentimentWord": "4",
        "SentimentPolarity": "1"
      }
    ]
  },
  {
    "Index": "14656",
    "RawText": "품질이 퀄리티가 좋네요 세련된 디자인이 너무 맘에 들어요!",
    "Source": "쇼핑몰",
    "Domain": "가전",
    "MainCategory": "영상/음향가전",
    "ProductName": "울트라HD LG전자 55UR642S0NC 스탠드",
    "ReviewScore": "5",
    "Syllable": "32",
    "Word": "8",
    "RDate": "20220319",
    "GeneralPolarity": "1",
    "Aspects": [
      {
        "Aspect": "품질",
        "SentimentText": "품질이 퀄리티가 좋네요",
        "SentimentWord": "3",
        "SentimentPolarity": "1"
      },
      {
        "Aspect": "디자인",
        "SentimentText": "세련된 디자인이 너무 맘에 들어요!",
        "SentimentWord": "5",
        "SentimentPolarity": "1"
      }
    ]
  },
  {
    "Index": "14657",
    "RawText": "기능이 많이는 필요없어서 이 제품을 선택했는데 저렴한 가격에 LED TV를 구매할 수 있다는 점이 너무 좋아요~ 울트라 화질이 뭔가 했는데 선명함이 차원이 틀리네요",
    "Source": "쇼핑몰",
    "Domain": "가전",
    "MainCategory": "영상/음향가전",
    "ProductName": "울트라HD LG전자 55UR642S0NC 스탠드",
    "ReviewScore": "5",
    "Syllable": "91",
    "Word": "23",
    "RDate": "20211124",
    "GeneralPolarity": "1",
    "Aspects": [
      {
        "Aspect": "가격",
        "SentimentText": "저렴한 가격에 LED TV를 구매할 수 있다는 점이 너무 좋아요~ ",
        "SentimentWord": "10",
        "SentimentPolarity": "1"
      },
      {
        "Aspect": "화질",
        "SentimentText": "울트라 화질이 뭔가 했는데 선명함이 차원이 틀리네요",
        "SentimentWord": "7",
        "SentimentPolarity": "1"
      }
    ]
  },
  {
    "Index": "14658",
    "RawText": "여러모델 검색해봤는데 스탠드가 이동이 편리해서 구입했습니다. 화질이 정말 마음에 쏙 들어요 ㅠㅠ 잘 사용하겠습니다.",
    "Source": "쇼핑몰",
    "Domain": "가전",
    "MainCategory": "영상/음향가전",
    "ProductName": "울트라HD LG전자 55UR642S0NC 스탠드",
    "ReviewScore": "5",
    "Syllable": "64",
    "Word": "14",
    "RDate": "20220106",
    "GeneralPolarity": "1",
    "Aspects": [
      {
        "Aspect": "편의성",
        "SentimentText": "여러모델 검색해봤는데 스탠드가 이동이 편리해서 구입했습니다.",
        "SentimentWord": "6",
        "SentimentPolarity": "1"
      },
      {
        "Aspect": "화질",
        "SentimentText": "화질이 정말 마음에 쏙 들어요 ㅠㅠ",
        "SentimentWord": "6",
        "SentimentPolarity": "1"
      }
    ]
  },
  {
    "Index": "14659",
    "RawText": "설치기사님께 여쭤봤는데 와이파이 기능은 없고 선을 연결해야 한다고해서 조금 아쉬웠어요... 제품이 기본에 충실하고 저렴하게 구입해서 너무 만족합니다",
    "Source": "쇼핑몰",
    "Domain": "가전",
    "MainCategory": "영상/음향가전",
    "ProductName": "울트라HD LG전자 55UR642S0NC 스탠드",
    "ReviewScore": "5",
    "Syllable": "82",
    "Word": "17",
    "RDate": "20220128",
    "GeneralPolarity": "0",
    "Aspects": [
      {
        "Aspect": "기능",
        "SentimentText": "설치기사님께 여쭤봤는데 와이파이 기능은 없고 선을 연결해야 한다고해서 조금 아쉬웠어요...",
        "SentimentWord": "10",
        "SentimentPolarity": "-1"
      },
      {
        "Aspect": "가격",
        "SentimentText": "제품이 기본에 충실하고 저렴하게 구입해서 너무 만족합니다",
        "SentimentWord": "7",
        "SentimentPolarity": "1"
      }
    ]
  },
  {
    "Index": "14660",
    "RawText": "와이파이 연결로 미러링 될줄알고 샀는데 인터넷은 되면서 미러링은 지원이 안되는 거 같아서 아쉬워요 ㅠㅠ 나머지 기능들은 생각한만큼 괜찮은 것 같아요",
    "Source": "쇼핑몰",
    "Domain": "가전",
    "MainCategory": "영상/음향가전",
    "ProductName": "울트라HD LG전자 55UR642S0NC 스탠드",
    "ReviewScore": "4",
    "Syllable": "82",
    "Word": "20",
    "RDate": "20220126",
    "GeneralPolarity": "0",
    "Aspects": [
      {
        "Aspect": "기능",
        "SentimentText": "와이파이 연결로 미러링 될줄알고 샀는데 인터넷은 되면서 미러링은 지원이 안되는 거 같아서 아쉬워요 ㅠㅠ",
        "SentimentWord": "14",
        "SentimentPolarity": "-1"
      },
      {
        "Aspect": "기능",
        "SentimentText": "나머지 기능들은 생각한만큼 괜찮은 것 같아요",
        "SentimentWord": "6",
        "SentimentPolarity": "1"
      }
    ]
  },
  {
    "Index": "14661",
    "RawText": "티비에 발열이 없어 좋아요^^ 무게도 많이 무겁지 않아서 만족합니다!",
    "Source": "쇼핑몰",
    "Domain": "가전",
    "MainCategory": "영상/음향가전",
    "ProductName": "울트라HD LG전자 55UR642S0NC 스탠드",
    "ReviewScore": "5",
    "Syllable": "38",
    "Word": "9",
    "RDate": "20220404",
    "Aspects": [
      {
        "Aspect": "내구성",
        "SentimentText": "티비에 발열이 없어 좋아요^^",
        "SentimentWord": "4",
        "SentimentPolarity": "1"
      },
      {
        "Aspect": "무게",
        "SentimentText": "무게도 많이 무겁지 않아서 만족합니다!",
        "SentimentWord": "5",
        "SentimentPolarity": "1"
      }
    ]
  },
  {
    "Index": "14663",
    "RawText": "진짜 저렴한 가격에 잘 사긴 했는데 배송이 무려 한달이나 걸렸어요 ㅠㅠ... 그것만 빼고 티비 자체는 기능 완전 최고에요!",
    "Source": "쇼핑몰",
    "Domain": "가전",
    "MainCategory": "영상/음향가전",
    "ProductName": "울트라HD LG전자 55UR642S0NC 스탠드",
    "ReviewScore": "4",
    "Syllable": "68",
    "Word": "18",
    "RDate": "20211211",
    "Aspects": [
      {
        "Aspect": "가격",
        "SentimentText": "진짜 저렴한 가격에 잘 사긴 했는데 ",
        "SentimentWord": "6",
        "SentimentPolarity": "1"
      },
      {
        "Aspect": "기능",
        "SentimentText": "티비 자체는 기능 완전 최고에요!",
        "SentimentWord": "5",
        "SentimentPolarity": "1"
      }
    ]
  },
  {
    "Index": "14664",
    "RawText": "진짜 배송 빨리 왔습니다 ^^  너무너무 감사해요. 품질과 디자인 그리고 가격까지 모두 만족합니다!",
    "Source": "쇼핑몰",
    "Domain": "가전",
    "MainCategory": "영상/음향가전",
    "ProductName": "울트라HD LG전자 55UR642S0NC 스탠드",
    "ReviewScore": "5",
    "Syllable": "55",
    "Word": "13",
    "RDate": "20220525",
    "Aspects": [
      {
        "Aspect": "품질",
        "SentimentText": "품질과 디자인 그리고 가격까지 모두 만족합니다!",
        "SentimentWord": "6",
        "SentimentPolarity": "1"
      },
      {
        "Aspect": "디자인",
        "SentimentText": "디자인 그리고 가격까지 모두 만족합니다!",
        "SentimentWord": "5",
        "SentimentPolarity": "1"
      },
      {
        "Aspect": "가격",
        "SentimentText": "가격까지 모두 만족합니다!",
        "SentimentWord": "3",
        "SentimentPolarity": "1"
      }
    ]
  },
  {
    "Index": "14665",
    "RawText": "원하는 날짜에 딱 배송해주셨습니다. 크기도 적당해서 좋고 화질 모두 만족스러워요. 어머님께서 너무 좋아하시네요~",
    "Source": "쇼핑몰",
    "Domain": "가전",
    "MainCategory": "영상/음향가전",
    "ProductName": "울트라HD LG전자 55UR642S0NC 스탠드",
    "ReviewScore": "5",
    "Syllable": "62",
    "Word": "13",
    "RDate": "20220503",
    "GeneralPolarity": "1",
    "Aspects": [
      {
        "Aspect": "사이즈",
        "SentimentText": "크기도 적당해서 좋고",
        "SentimentWord": "3",
        "SentimentPolarity": "1"
      },
      {
        "Aspect": "화질",
        "SentimentText": "화질 모두 만족스러워요.",
        "SentimentWord": "3",
        "SentimentPolarity": "1"
      }
    ]
  },
  {
    "Index": "14666",
    "RawText": "배송이 4주 걸린다고 했는데 빨리 도착해서 너무 좋았어요. 크기는 생각보다 커서 좋고 화질도 진짜 좋아요. 제일 만족하는 건 55인치를 이 가격에 샀다는 거에요~",
    "Source": "쇼핑몰",
    "Domain": "가전",
    "MainCategory": "영상/음향가전",
    "ProductName": "울트라HD LG전자 55UR642S0NC 스탠드",
    "ReviewScore": "5",
    "Syllable": "90",
    "Word": "23",
    "RDate": "20211021",
    "GeneralPolarity": "1",
    "Aspects": [
      {
        "Aspect": "사이즈",
        "SentimentText": "크기는 생각보다 커서 좋고 ",
        "SentimentWord": "4",
        "SentimentPolarity": "1"
      },
      {
        "Aspect": "화질",
        "SentimentText": "화질도 진짜 좋아요.",
        "SentimentWord": "3",
        "SentimentPolarity": "1"
      },
      {
        "Aspect": "가격",
        "SentimentText": "제일 만족하는 건 55인치를 이 가격에 샀다는 거에요~",
        "SentimentWord": "8",
        "SentimentPolarity": "1"
      }
    ]
  },
  {
    "Index": "14667",
    "RawText": "월요일에 주문하고 3일만에 목요일에 설치완료해서 만족해요. 필요없는 기능은 빼고 기본적인 티비에 충실한 제품인지라 아주 좋습니다. OOO라 믿고 구입했어요",
    "Source": "쇼핑몰",
    "Domain": "가전",
    "MainCategory": "영상/음향가전",
    "ProductName": "울트라HD LG전자 55UR642S0NC 스탠드",
    "ReviewScore": "5",
    "Syllable": "86",
    "Word": "18",
    "RDate": "20211217",
    "Aspects": [
      {
        "Aspect": "기능",
        "SentimentText": "필요없는 기능은 빼고 기본적인 티비에 충실한 제품인지라 아주 좋습니다.",
        "SentimentWord": "9",
        "SentimentPolarity": "1"
      },
      {
        "Aspect": "제조일/제조사",
        "SentimentText": "OOO라 믿고 구입했어요",
        "SentimentWord": "3",
        "SentimentPolarity": "1"
      }
    ]
  },
  {
    "Index": "14668",
    "RawText": "특정 인터넷 방송을 제외하고는 다른 어플은 다운이 안돼요 ㅠㅠ 왜 검색했을 때 스마트 tv로 취급되었는지 모르겠는데 선명하고 깨끗한 화질은 만족합니다. 다만 유투브 온니라는 건 확인하시고 구입하시는게 좋을 것 같아요",
    "Source": "쇼핑몰",
    "Domain": "가전",
    "MainCategory": "영상/음향가전",
    "ProductName": "울트라HD LG전자 55UR642S0NC 스탠드",
    "ReviewScore": "5",
    "Syllable": "120",
    "Word": "29",
    "RDate": "20211012",
    "GeneralPolarity": "0",
    "Aspects": [
      {
        "Aspect": "기능",
        "SentimentText": "특정 인터넷 방송을 제외하고는 다른 어플은 다운이 안돼요 ㅠㅠ",
        "SentimentWord": "9",
        "SentimentPolarity": "-1"
      },
      {
        "Aspect": "화질",
        "SentimentText": "선명하고 깨끗한 화질은 만족합니다. ",
        "SentimentWord": "4",
        "SentimentPolarity": "1"
      }
    ]
  },
  {
    "Index": "14669",
    "RawText": "급하게 주문했는데 배송이 빨라서 좋고 화면도 아주 깨끗하게 잘나오네요. 기능이 많은거 보다는 조작이 편하고 부담없이 볼수있는거 찾았었는데 딱인 것 같아요~",
    "Source": "쇼핑몰",
    "Domain": "가전",
    "MainCategory": "영상/음향가전",
    "ProductName": "울트라HD LG전자 55UR642S0NC 스탠드",
    "ReviewScore": "5",
    "Syllable": "86",
    "Word": "20",
    "RDate": "20220422",
    "Aspects": [
      {
        "Aspect": "화질",
        "SentimentText": "화면도 아주 깨끗하게 잘나오네요. ",
        "SentimentWord": "4",
        "SentimentPolarity": "1"
      },
      {
        "Aspect": "조작성",
        "SentimentText": "기능이 많은거 보다는 조작이 편하고 부담없이 볼수있는거 찾았었는데 딱인 것 같아요~",
        "SentimentWord": "11",
        "SentimentPolarity": "1"
      }
    ]
  },
  {
    "Index": "14671",
    "RawText": "저렴한 가격에 잘 구입했어요 . 묵직해서 안정감이 들어서 만족해요 ",
    "Source": "쇼핑몰",
    "Domain": "가전",
    "MainCategory": "영상/음향가전",
    "ProductName": "울트라HD LG전자 55UR642S0NC 스탠드",
    "ReviewScore": "5",
    "Syllable": "37",
    "Word": "9",
    "RDate": "20211012",
    "Aspects": [
      {
        "Aspect": "가격",
        "SentimentText": "저렴한 가격에 잘 구입했어요 .",
        "SentimentWord": "5",
        "SentimentPolarity": "1"
      },
      {
        "Aspect": "무게",
        "SentimentText": "묵직해서 안정감이 들어서 만족해요",
        "SentimentWord": "4",
        "SentimentPolarity": "1"
      }
    ]
  },
  {
    "Index": "14672",
    "RawText": "저렴한 가격에 잘 구입한 것 같아요. 화면이 커서 영화 볼맛이 나네요 ㅎㅎ",
    "Source": "쇼핑몰",
    "Domain": "가전",
    "MainCategory": "영상/음향가전",
    "ProductName": "울트라HD LG전자 55UR642S0NC 스탠드",
    "ReviewScore": "5",
    "Syllable": "41",
    "Word": "12",
    "RDate": "20220530",
    "Aspects": [
      {
        "Aspect": "가격",
        "SentimentText": "저렴한 가격에 잘 구입한 것 같아요. ",
        "SentimentWord": "6",
        "SentimentPolarity": "1"
      },
      {
        "Aspect": "사이즈",
        "SentimentText": " 화면이 커서 영화 볼맛이 나네요 ㅎㅎ",
        "SentimentWord": "6",
        "SentimentPolarity": "1"
      }
    ]
  },
  {
    "Index": "14673",
    "RawText": "저렴한 가격에 잘 산 것 같네요~ 그냥 tv 전용으로 좋아서 만족해요. 화질은 인터넷방송 볼 때 더 좋은 것 같네요.",
    "Source": "쇼핑몰",
    "Domain": "가전",
    "MainCategory": "영상/음향가전",
    "ProductName": "울트라HD LG전자 55UR642S0NC 스탠드",
    "ReviewScore": "5",
    "Syllable": "65",
    "Word": "19",
    "RDate": "20211104",
    "GeneralPolarity": "1",
    "Aspects": [
      {
        "Aspect": "가격",
        "SentimentText": "저렴한 가격에 잘 산 것 같네요~ ",
        "SentimentWord": "6",
        "SentimentPolarity": "1"
      },
      {
        "Aspect": "화질",
        "SentimentText": "화질은 인터넷방송 볼 때 더 좋은 것 같네요.",
        "SentimentWord": "8",
        "SentimentPolarity": "1"
      }
    ]
  },
  {
    "Index": "14674",
    "RawText": "가격이 저렴해서 좋아요!! 리모컨 반응속도 빠르고 아주 마음 쏙 드네요~",
    "Source": "쇼핑몰",
    "Domain": "가전",
    "MainCategory": "영상/음향가전",
    "ProductName": "울트라HD LG전자 55UR642S0NC 스탠드",
    "ReviewScore": "5",
    "Syllable": "40",
    "Word": "10",
    "RDate": "20220830",
    "Aspects": [
      {
        "Aspect": "가격",
        "SentimentText": "가격이 저렴해서 좋아요!!",
        "SentimentWord": "3",
        "SentimentPolarity": "1"
      },
      {
        "Aspect": "시간/속도",
        "SentimentText": " 리모컨 반응속도 빠르고 아주 마음 쏙 드네요~",
        "SentimentWord": "7",
        "SentimentPolarity": "1"
      }
    ]
  },
  {
    "Index": "14675",
    "RawText": "제품의 품질도 꽤 좋아요 다만 종종 티비 켜는데도 딜레이되서 시간이 꽤 오래 걸리네요ㅠㅠ",
    "Source": "쇼핑몰",
    "Domain": "가전",
    "MainCategory": "영상/음향가전",
    "ProductName": "울트라HD LG전자 55UR642S0NC 스탠드",
    "ReviewScore": "3",
    "Syllable": "49",
    "Word": "13",
    "RDate": "20211215",
    "Aspects": [
      {
        "Aspect": "품질",
        "SentimentText": "제품의 품질도 꽤 좋아요",
        "SentimentWord": "4",
        "SentimentPolarity": "1"
      },
      {
        "Aspect": "시간/속도",
        "SentimentText": "종종 티비 켜는데도 딜레이되서 시간이 꽤 오래 걸리네요ㅠㅠ",
        "SentimentWord": "8",
        "SentimentPolarity": "-1"
      }
    ]
  },
  {
    "Index": "14676",
    "RawText": "제품의 품질은 만족해요~ 아쉬운게 있다면 시청가능한 OTT가 있는 반면에 그렇지 않은 채널이 있어서.. 좀 아쉬웠네요 배송이 40일 넘게걸린건 너무 한듯해요!! 물건 받기도 전에 완료로 뜨는 당혹함도 있어서 불만족 입니다.",
    "Source": "쇼핑몰",
    "Domain": "가전",
    "MainCategory": "영상/음향가전",
    "ProductName": "울트라HD LG전자 55UR642S0NC 스탠드",
    "ReviewScore": "5",
    "Syllable": "124",
    "Word": "29",
    "RDate": "20211222",
    "Aspects": [
      {
        "Aspect": "품질",
        "SentimentText": "제품의 품질은 만족해요~",
        "SentimentWord": "3",
        "SentimentPolarity": "1"
      },
      {
        "Aspect": "기능",
        "SentimentText": "아쉬운게 있다면 시청가능한 OTT가 있는 반면에 그렇지 않은 채널이 있어서.. 좀 아쉬웠네요",
        "SentimentWord": "12",
        "SentimentPolarity": "-1"
      }
    ]
  },
  {
    "Index": "14677",
    "RawText": "제품 품질은 좋아서 만족합니다 그런데 티비 뒷면에 열감이 있어서 불안해요....",
    "Source": "쇼핑몰",
    "Domain": "가전",
    "MainCategory": "영상/음향가전",
    "ProductName": "울트라HD LG전자 55UR642S0NC 스탠드",
    "ReviewScore": "4",
    "Syllable": "44",
    "Word": "10",
    "RDate": "20220113",
    "Aspects": [
      {
        "Aspect": "품질",
        "SentimentText": "제품 품질은 좋아서 만족합니다",
        "SentimentWord": "4",
        "SentimentPolarity": "1"
      },
      {
        "Aspect": "내구성",
        "SentimentText": "티비 뒷면에 열감이 있어서 불안해요....",
        "SentimentWord": "5",
        "SentimentPolarity": "-1"
      }
    ]
  },
  {
    "Index": "14678",
    "RawText": "품질이 최고인 좋은 제품이예요~ 디자인도 제일 예쁜것같아서 좋구요 가격도 착해서 만족합니다. 배송도 생각보다 빨리와서 좋았어요 굿~",
    "Source": "쇼핑몰",
    "Domain": "가전",
    "MainCategory": "영상/음향가전",
    "ProductName": "울트라HD LG전자 55UR642S0NC 스탠드",
    "ReviewScore": "5",
    "Syllable": "73",
    "Word": "16",
    "RDate": "20220520",
    "Aspects": [
      {
        "Aspect": "품질",
        "SentimentText": "품질이 최고인 좋은 제품이예요~",
        "SentimentWord": "4",
        "SentimentPolarity": "1"
      },
      {
        "Aspect": "디자인",
        "SentimentText": "디자인도 제일 예쁜것같아서 좋구요",
        "SentimentWord": "4",
        "SentimentPolarity": "1"
      },
      {
        "Aspect": "가격",
        "SentimentText": "가격도 착해서 만족합니다.",
        "SentimentWord": "3",
        "SentimentPolarity": "1"
      }
    ]
  },
  {
    "Index": "14679",
    "RawText": "2주정도 걸려서 생각보다 빨라서 좋았습니다. 매장과 홈쇼핑보다 훨씬 저렴하게 구입해서 만족하구요 기사님들 친절하게설명해주시고 설치랑 폐가전까지 수거해주시니 너무 좋았습니다.새로산 55인치인치가 전에 14년된 42인치 티비보다 훨씬가볍고 얇아요 그래서 더 좋구요 인공지능의 사운드 까지도 너무 좋아요 ㅎㅎ 영화나 다른 ott채널을 볼때도 화질이 선명하고 너무 좋네요~그런데 기존티비랑 호환이 안되어서 리모콘을 2개써야하는 불편함이 있네요~",
    "Source": "쇼핑몰",
    "Domain": "가전",
    "MainCategory": "영상/음향가전",
    "ProductName": "울트라HD LG전자 55UR642S0NC 스탠드",
    "ReviewScore": "5",
    "Syllable": "244",
    "Word": "49",
    "RDate": "20220124",
    "Aspects": [
      {
        "Aspect": "가격",
        "SentimentText": "매장과 홈쇼핑보다 훨씬 저렴하게 구입해서 만족하구요 ",
        "SentimentWord": "6",
        "SentimentPolarity": "1"
      },
      {
        "Aspect": "무게",
        "SentimentText": "새로산 55인치인치가 전에 14년된 42인치 티비보다 훨씬가볍고 얇아요 그래서 더 좋구요",
        "SentimentWord": "11",
        "SentimentPolarity": "1"
      },
      {
        "Aspect": "음량/음질",
        "SentimentText": "인공지능의 사운드 까지도 너무 좋아요 ㅎㅎ",
        "SentimentWord": "6",
        "SentimentPolarity": "1"
      },
      {
        "Aspect": "화질",
        "SentimentText": "영화나 다른 ott채널을 볼때도 화질이 선명하고 너무 좋네요~",
        "SentimentWord": "8",
        "SentimentPolarity": "1"
      },
      {
        "Aspect": "조작성",
        "SentimentText": "그런데 기존티비랑 호환이 안되어서 리모콘을 2개써야하는 불편함이 있네요~",
        "SentimentWord": "8",
        "SentimentPolarity": "-1"
      }
    ]
  },
  {
    "Index": "14682",
    "RawText": "한달을 기다려 받다니 배송이 아쉽네요 그런데 TV 화질도 선명하니까 좋고 배송기사님 친절하시니 그것으로 만족합니다^^ 디자인 깔끔해서 강추합니다~",
    "Source": "쇼핑몰",
    "Domain": "가전",
    "MainCategory": "영상/음향가전",
    "ProductName": "울트라HD LG전자 55UR642S0NC 스탠드",
    "ReviewScore": "5",
    "Syllable": "81",
    "Word": "17",
    "RDate": "20211215",
    "Aspects": [
      {
        "Aspect": "화질",
        "SentimentText": "그런데 TV 화질도 선명하니까 좋고",
        "SentimentWord": "5",
        "SentimentPolarity": "1"
      },
      {
        "Aspect": "디자인",
        "SentimentText": "디자인 깔끔해서 강추합니다~",
        "SentimentWord": "3",
        "SentimentPolarity": "1"
      }
    ]
  },
  {
    "Index": "14683",
    "RawText": "직접 설치하고 셋톱박스까지 연결 했는데 어려움이 많았어요ㅠㅠ 티비는 화면도 선명하게 잘나오니까 좋구요 설치기사님도 친절하셔서 만족합니다^^",
    "Source": "쇼핑몰",
    "Domain": "가전",
    "MainCategory": "영상/음향가전",
    "ProductName": "울트라HD LG전자 55UR642S0NC 스탠드",
    "ReviewScore": "5",
    "Syllable": "77",
    "Word": "15",
    "RDate": "20220307",
    "Aspects": [
      {
        "Aspect": "조작성",
        "SentimentText": "직접 설치하고 셋톱박스까지 연결 했는데 어려움이 많았어요ㅠㅠ",
        "SentimentWord": "7",
        "SentimentPolarity": "-1"
      },
      {
        "Aspect": "화질",
        "SentimentText": "티비는 화면도 선명하게 잘나오니까 좋구요",
        "SentimentWord": "5",
        "SentimentPolarity": "1"
      }
    ]
  },
  {
    "Index": "14687",
    "RawText": "배송6일 예상시일보다 늦어서 아쉬웠어요 그런데 배송기사님들 친절하시고 설치도 잘해주시니 좋았어요 화면이 커서 적응은 해야겠지만 좋아요 화질도 선명하니 만족합니다 ㅎㅎ 가성비 좋은 제품을 만나서 추천하고 싶어요^^",
    "Source": "쇼핑몰",
    "Domain": "가전",
    "MainCategory": "영상/음향가전",
    "ProductName": "울트라HD LG전자 55UR642S0NC 스탠드",
    "ReviewScore": "5",
    "Syllable": "118",
    "Word": "25",
    "RDate": "20220328",
    "Aspects": [
      {
        "Aspect": "사이즈",
        "SentimentText": "화면이 커서 적응은 해야겠지만 좋아요",
        "SentimentWord": "5",
        "SentimentPolarity": "0"
      },
      {
        "Aspect": "화질",
        "SentimentText": "화질도 선명하니 만족합니다 ㅎㅎ",
        "SentimentWord": "4",
        "SentimentPolarity": "1"
      },
      {
        "Aspect": "가격",
        "SentimentText": "가성비 좋은 제품을 만나서 추천하고 싶어요^^",
        "SentimentWord": "6",
        "SentimentPolarity": "1"
      }
    ]
  },
  {
    "Index": "14688",
    "RawText": "저렴하게 착한가격에 tv구입해서 좋아요 다양한 인터넷방송을 시청할 수있어서 더 만족하구요 가성비도 굿!!입니다",
    "Source": "쇼핑몰",
    "Domain": "가전",
    "MainCategory": "영상/음향가전",
    "ProductName": "울트라HD LG전자 55UR642S0NC 스탠드",
    "ReviewScore": "5",
    "Syllable": "61",
    "Word": "12",
    "RDate": "20220617",
    "GeneralPolarity": "1",
    "Aspects": [
      {
        "Aspect": "가격",
        "SentimentText": "저렴하게 착한가격에 tv구입해서 좋아요",
        "SentimentWord": "4",
        "SentimentPolarity": "1"
      },
      {
        "Aspect": "기능",
        "SentimentText": "다양한 인터넷방송을 시청할 수있어서 더 만족하구요",
        "SentimentWord": "6",
        "SentimentPolarity": "1"
      },
      {
        "Aspect": "가격",
        "SentimentText": "가성비도 굿!!입니다",
        "SentimentWord": "2",
        "SentimentPolarity": "1"
      }
    ]
  },
  {
    "Index": "14689",
    "RawText": "첫번째 심플한 디자인 마음에 쏙 듭니다 사운드가 선명하게 들리니까 좋구요 화면의 질이 특히 선명해서 자세하게 보이니까 너무 좋아요",
    "Source": "쇼핑몰",
    "Domain": "가전",
    "MainCategory": "영상/음향가전",
    "ProductName": "울트라HD LG전자 55UR642S0NC 스탠드",
    "ReviewScore": "5",
    "Syllable": "72",
    "Word": "18",
    "RDate": "20211104",
    "GeneralPolarity": "1",
    "Aspects": [
      {
        "Aspect": "디자인",
        "SentimentText": "첫번째 심플한 디자인 마음에 쏙 듭니다",
        "SentimentWord": "6",
        "SentimentPolarity": "1"
      },
      {
        "Aspect": "음량/음질",
        "SentimentText": "사운드가 선명하게 들리니까 좋구요",
        "SentimentWord": "4",
        "SentimentPolarity": "1"
      },
      {
        "Aspect": "화질",
        "SentimentText": "화면의 질이 특히 선명해서 자세하게 보이니까 너무 좋아요",
        "SentimentWord": "8",
        "SentimentPolarity": "1"
      }
    ]
  },
  {
    "Index": "14691",
    "RawText": "화질이 선명해서 만족해요 디자인도 심플한것이 마음에 쏙 듭니다^^",
    "Source": "쇼핑몰",
    "Domain": "가전",
    "MainCategory": "영상/음향가전",
    "ProductName": "울트라HD LG전자 55UR642S0NC 스탠드",
    "ReviewScore": "5",
    "Syllable": "36",
    "Word": "8",
    "RDate": "20220413",
    "GeneralPolarity": "1",
    "Aspects": [
      {
        "Aspect": "화질",
        "SentimentText": "화질이 선명해서 만족해요",
        "SentimentWord": "3",
        "SentimentPolarity": "1"
      },
      {
        "Aspect": "디자인",
        "SentimentText": "디자인도 심플한것이 마음에 쏙 듭니다^^",
        "SentimentWord": "5",
        "SentimentPolarity": "1"
      }
    ]
  },
  {
    "Index": "14692",
    "RawText": "쿠폰쓰고 카드할인 받아 착한가격으로 구입했어요~  받자마자 모서리에 까맣게  제품에 하자가 있다니ㅜㅜas신청했어요 아쉽네요",
    "Source": "쇼핑몰",
    "Domain": "가전",
    "MainCategory": "영상/음향가전",
    "ProductName": "울트라HD LG전자 55UR642S0NC 스탠드",
    "ReviewScore": "4",
    "Syllable": "68",
    "Word": "12",
    "RDate": "20220208",
    "Aspects": [
      {
        "Aspect": "가격",
        "SentimentText": "쿠폰쓰고 카드할인 받아 착한가격으로 구입했어요~ ",
        "SentimentWord": "5",
        "SentimentPolarity": "1"
      },
      {
        "Aspect": "품질",
        "SentimentText": "받자마자 모서리에 까맣게  제품에 하자가 있다니ㅜㅜas신청했어요 아쉽네요",
        "SentimentWord": "7",
        "SentimentPolarity": "-1"
      }
    ]
  },
  {
    "Index": "14693",
    "RawText": "직접 셋톱박스랑 연결하는데 어려움이 많았어요 ㅠㅠ  어머니가 보실꺼라 기능이 많지 않아도 되어서 이상품이 딱 좋네요",
    "Source": "쇼핑몰",
    "Domain": "가전",
    "MainCategory": "영상/음향가전",
    "ProductName": "울트라HD LG전자 55UR642S0NC 스탠드",
    "ReviewScore": "5",
    "Syllable": "64",
    "Word": "15",
    "RDate": "20211231",
    "Aspects": [
      {
        "Aspect": "조작성",
        "SentimentText": "직접 셋톱박스랑 연결하는데 어려움이 많았어요 ㅠㅠ",
        "SentimentWord": "6",
        "SentimentPolarity": "-1"
      },
      {
        "Aspect": "기능",
        "SentimentText": "어머니가 보실꺼라 기능이 많지 않아도 되어서 이상품이 딱 좋네요",
        "SentimentWord": "9",
        "SentimentPolarity": "1"
      }
    ]
  },
  {
    "Index": "14694",
    "RawText": "기능은 그냥 티비 기본기능만 있어서 그런데로 좋아요 화질도 선명해서 괜찮구요 와이파이 연결도 되어서 넘 좋긴합니다.",
    "Source": "쇼핑몰",
    "Domain": "가전",
    "MainCategory": "영상/음향가전",
    "ProductName": "울트라HD LG전자 55UR642S0NC 스탠드",
    "ReviewScore": "5",
    "Syllable": "64",
    "Word": "15",
    "RDate": "20211107",
    "GeneralPolarity": "1",
    "Aspects": [
      {
        "Aspect": "기능",
        "SentimentText": "기능은 그냥 티비 기본기능만 있어서 그런데로 좋아요",
        "SentimentWord": "7",
        "SentimentPolarity": "0"
      },
      {
        "Aspect": "화질",
        "SentimentText": "화질도 선명해서 괜찮구요",
        "SentimentWord": "3",
        "SentimentPolarity": "1"
      },
      {
        "Aspect": "기능",
        "SentimentText": "와이파이 연결도 되어서 넘 좋긴합니다.",
        "SentimentWord": "5",
        "SentimentPolarity": "1"
      }
    ]
  },
  {
    "Index": "14695",
    "RawText": "티비 행사가로 저렴하게 구입해서 좋았어요 슬림하고 큰화면이라 티비 볼때 만족스러워요~",
    "Source": "쇼핑몰",
    "Domain": "가전",
    "MainCategory": "영상/음향가전",
    "ProductName": "울트라HD LG전자 55UR642S0NC 스탠드",
    "ReviewScore": "5",
    "Syllable": "47",
    "Word": "10",
    "RDate": "20220126",
    "Aspects": [
      {
        "Aspect": "가격",
        "SentimentText": "티비 행사가로 저렴하게 구입해서 좋았어요",
        "SentimentWord": "5",
        "SentimentPolarity": "1"
      },
      {
        "Aspect": "사이즈",
        "SentimentText": " 슬림하고 큰화면이라 티비 볼때 만족스러워요~",
        "SentimentWord": "5",
        "SentimentPolarity": "1"
      }
    ]
  },
  {
    "Index": "14696",
    "RawText": "품질이 너무 좋아요 그리고 디자인도 제가 원하는 스타일로 만족하구요 가격도 착하니까 너무 좋음요!!",
    "Source": "쇼핑몰",
    "Domain": "가전",
    "MainCategory": "영상/음향가전",
    "ProductName": "울트라HD LG전자 55UR642S0NC 스탠드",
    "ReviewScore": "5",
    "Syllable": "55",
    "Word": "13",
    "RDate": "20220216",
    "GeneralPolarity": "1",
    "Aspects": [
      {
        "Aspect": "품질",
        "SentimentText": "품질이 너무 좋아요",
        "SentimentWord": "3",
        "SentimentPolarity": "1"
      },
      {
        "Aspect": "디자인",
        "SentimentText": "그리고 디자인도 제가 원하는 스타일로 만족하구요 ",
        "SentimentWord": "6",
        "SentimentPolarity": "1"
      },
      {
        "Aspect": "가격",
        "SentimentText": "가격도 착하니까 너무 좋음요!!",
        "SentimentWord": "4",
        "SentimentPolarity": "1"
      }
    ]
  },
  {
    "Index": "14697",
    "RawText": "무엇보다 화질이 선명한 점이 좋아요 그리고 음향도 선명하게 정말 잘들리니까 만족해요 디자인 심플함에 좋아요 가격도 착해요 가성비 굿!! 배송도 생각보다 빨라서 좋았구요 날씨도 추운데 설치도 잘해주신 기사님 너무 감사했어요~",
    "Source": "쇼핑몰",
    "Domain": "가전",
    "MainCategory": "영상/음향가전",
    "ProductName": "울트라HD LG전자 55UR642S0NC 스탠드",
    "ReviewScore": "5",
    "Syllable": "124",
    "Word": "29",
    "RDate": "20220104",
    "Aspects": [
      {
        "Aspect": "화질",
        "SentimentText": "무엇보다 화질이 선명한 점이 좋아요 ",
        "SentimentWord": "5",
        "SentimentPolarity": "1"
      },
      {
        "Aspect": "음량/음질",
        "SentimentText": "그리고 음향도 선명하게 정말 잘들리니까 만족해요",
        "SentimentWord": "6",
        "SentimentPolarity": "1"
      },
      {
        "Aspect": "디자인",
        "SentimentText": "디자인 심플함에 좋아요",
        "SentimentWord": "3",
        "SentimentPolarity": "1"
      },
      {
        "Aspect": "가격",
        "SentimentText": "가격도 착해요 가성비 굿!! ",
        "SentimentWord": "4",
        "SentimentPolarity": "1"
      }
    ]
  },
  {
    "Index": "14698",
    "RawText": "한달넘게 너무 오래 기다린 점은 불만족스러워요 그런데 제품의 품질은 괜찮은것같아요 화질의 밝기도 마음에 들고요 티비받침대는 허접한것같아서 아쉽네요~고급짐이 좀 떨어져요 암튼 가격은 저렴하게 사서 만족은 하구요 잘쓸께요~",
    "Source": "쇼핑몰",
    "Domain": "가전",
    "MainCategory": "영상/음향가전",
    "ProductName": "울트라HD LG전자 55UR642S0NC 스탠드",
    "ReviewScore": "4",
    "Syllable": "122",
    "Word": "26",
    "RDate": "20211219",
    "Aspects": [
      {
        "Aspect": "품질",
        "SentimentText": "그런데 제품의 품질은 괜찮은것같아요",
        "SentimentWord": "4",
        "SentimentPolarity": "1"
      },
      {
        "Aspect": "화질",
        "SentimentText": "화질의 밝기도 마음에 들고요",
        "SentimentWord": "4",
        "SentimentPolarity": "1"
      },
      {
        "Aspect": "디자인",
        "SentimentText": "티비받침대는 허접한것같아서 아쉽네요~고급짐이 좀 떨어져요",
        "SentimentWord": "5",
        "SentimentPolarity": "-1"
      },
      {
        "Aspect": "가격",
        "SentimentText": "암튼 가격은 저렴하게 사서 만족은 하구요 잘쓸께요~",
        "SentimentWord": "7",
        "SentimentPolarity": "1"
      }
    ]
  },
  {
    "Index": "14699",
    "RawText": "화면의 크기도 생각보다 더 커서 만족해요 음질도 듣기좋은 소리를 내줘 만족도가 너무 컸어요~",
    "Source": "쇼핑몰",
    "Domain": "가전",
    "MainCategory": "영상/음향가전",
    "ProductName": "울트라HD LG전자 55UR642S0NC 스탠드",
    "ReviewScore": "5",
    "Syllable": "51",
    "Word": "13",
    "RDate": "20220512",
    "Aspects": [
      {
        "Aspect": "사이즈",
        "SentimentText": "화면의 크기도 생각보다 더 커서 만족해요",
        "SentimentWord": "6",
        "SentimentPolarity": "1"
      },
      {
        "Aspect": "음량/음질",
        "SentimentText": " 음질도 듣기좋은 소리를 내줘 만족도가 너무 컸어요~",
        "SentimentWord": "7",
        "SentimentPolarity": "1"
      }
    ]
  }
]