[
  {
    "Index": "13262",
    "RawText": "배송날짜 선택하고 구매했더니 정말 지정날짜에 배송하고 굿~ 기사님의 친절한 설명과 설치도 잘받았어요~ 역시 기능도 많은 스마트 티비라 좋아요. 인터넷 연결해서 다시보기도 볼수 있고 각종 오버더톱 서비스도 볼수 있어 너무 만족하고 잘 보고있어요~ㅎ",
    "Source": "쇼핑몰",
    "Domain": "가전",
    "MainCategory": "영상/음향가전",
    "ProductName": "Crystal UHD 삼성전자 KU50UA7050FXKR 스탠드",
    "ReviewScore": "4",
    "Syllable": "137",
    "Word": "32",
    "RDate": "20220719",
    "GeneralPolarity": "1",
    "Aspects": [
      {
        "Aspect": "기능",
        "SentimentText": "기능도 많은 스마트 티비라 좋아요.",
        "SentimentWord": "5",
        "SentimentPolarity": "1"
      },
      {
        "Aspect": "기능",
        "SentimentText": "오버더톱 서비스도 볼수 있어 너무 만족하고 잘 보고있어요~ㅎ",
        "SentimentWord": "8",
        "SentimentPolarity": "1"
      }
    ]
  },
  {
    "Index": "13263",
    "RawText": "제가 시골 외진 곳에 살고있는데 4일만에 도착했네요 대박! 배송기사님이 안전하고 친절하게 배송 해주셔서 좋았습니다! 티비 화면 끊김없이 잘 나옵니다! OOO클래스 느껴지네요^^ 만족합니다!",
    "Source": "쇼핑몰",
    "Domain": "가전",
    "MainCategory": "영상/음향가전",
    "ProductName": "Crystal UHD 삼성전자 KU50UA7050FXKR 스탠드",
    "ReviewScore": "5",
    "Syllable": "105",
    "Word": "22",
    "RDate": "20220428",
    "Aspects": [
      {
        "Aspect": "기능",
        "SentimentText": "티비 화면 끊김없이 잘 나옵니다!",
        "SentimentWord": "5",
        "SentimentPolarity": "1"
      },
      {
        "Aspect": "제조일/제조사",
        "SentimentText": "OOO클래스 느껴지네요^^ 만족합니다!",
        "SentimentWord": "3",
        "SentimentPolarity": "1"
      }
    ]
  },
  {
    "Index": "13264",
    "RawText": "주문한지 9일만에 배송되었어요. 너무 오래걸리는거 아닌가요?? 배송은 너무느려서 정말 화가나네요!! 사이즈가 클거라고 예상했는데 작네요..화면도 led라 번인 현상도 있어요. 완전 실망했습니다!!",
    "Source": "쇼핑몰",
    "Domain": "가전",
    "MainCategory": "영상/음향가전",
    "ProductName": "Crystal UHD 삼성전자 KU50UA7050FXKR 스탠드",
    "ReviewScore": "5",
    "Syllable": "109",
    "Word": "20",
    "RDate": "20220620",
    "Aspects": [
      {
        "Aspect": "사이즈",
        "SentimentText": "사이즈가 클거라고 예상했는데 작네요..",
        "SentimentWord": "4",
        "SentimentPolarity": "-1"
      },
      {
        "Aspect": "화질",
        "SentimentText": "화면도 led라 번인 현상도 있어요. 완전 실망했습니다!!",
        "SentimentWord": "7",
        "SentimentPolarity": "-1"
      }
    ]
  },
  {
    "Index": "13265",
    "RawText": "구매확정이 늦어져서 죄송요 ^^; TV에 여러 기능있어 완전 좋습니다~ 채널 돌릴때 딜레이도 없고 만족합니다~",
    "Source": "쇼핑몰",
    "Domain": "가전",
    "MainCategory": "영상/음향가전",
    "ProductName": "Crystal UHD 삼성전자 KU50UA7050FXKR 스탠드",
    "ReviewScore": "5",
    "Syllable": "61",
    "Word": "14",
    "RDate": "20220618",
    "GeneralPolarity": "1",
    "Aspects": [
      {
        "Aspect": "기능",
        "SentimentText": "TV에 여러 기능있어 완전 좋습니다~",
        "SentimentWord": "5",
        "SentimentPolarity": "1"
      },
      {
        "Aspect": "시간/속도",
        "SentimentText": "채널 돌릴때 딜레이도 없고 만족합니다~",
        "SentimentWord": "5",
        "SentimentPolarity": "1"
      }
    ]
  },
  {
    "Index": "13266",
    "RawText": "티비 이상없이 잘나오네요^^ 좋은티비를 저렴한 가격에 잘 구매한 것 같아 기분이 좋네요. 기존에 쓰던 티비가 고장나서 샀는데 탁월한 선택을 한거 같아요",
    "Source": "쇼핑몰",
    "Domain": "가전",
    "MainCategory": "영상/음향가전",
    "ProductName": "Crystal UHD 삼성전자 KU50UA7050FXKR 스탠드",
    "ReviewScore": "5",
    "Syllable": "84",
    "Word": "21",
    "RDate": "20220623",
    "GeneralPolarity": "1",
    "Aspects": [
      {
        "Aspect": "기능",
        "SentimentText": "티비 이상없이 잘나오네요^^",
        "SentimentWord": "3",
        "SentimentPolarity": "1"
      },
      {
        "Aspect": "가격",
        "SentimentText": "좋은티비를 저렴한 가격에 잘 구매한 것 같아 기분이 좋네요.",
        "SentimentWord": "9",
        "SentimentPolarity": "1"
      }
    ]
  },
  {
    "Index": "13267",
    "RawText": "기존에 쓰던 티비가 고장나서 알아보던중에 OOO티비를 구입. 역시 소문대로 가성비가 최고네요. 중소기업 제품이 아닌 믿을수 있는 OOO 제품이라 너무 좋습니다",
    "Source": "쇼핑몰",
    "Domain": "가전",
    "MainCategory": "영상/음향가전",
    "ProductName": "Crystal UHD 삼성전자 KU50UA7050FXKR 스탠드",
    "ReviewScore": "5",
    "Syllable": "88",
    "Word": "20",
    "RDate": "20220830",
    "GeneralPolarity": "1",
    "Aspects": [
      {
        "Aspect": "가격",
        "SentimentText": "역시 소문대로 가성비가 최고네요.",
        "SentimentWord": "4",
        "SentimentPolarity": "1"
      },
      {
        "Aspect": "제조일/제조사",
        "SentimentText": "믿을수 있는 OOO 제품이라 너무 좋습니다",
        "SentimentWord": "6",
        "SentimentPolarity": "1"
      }
    ]
  },
  {
    "Index": "13268",
    "RawText": "티비두께가 무지 얇아지고 좋아져서 좋네요. 예전 OOO 티비보다 화질하고 스피커 소리가 너무 좋아졌어요!",
    "Source": "쇼핑몰",
    "Domain": "가전",
    "MainCategory": "영상/음향가전",
    "ProductName": "Crystal UHD 삼성전자 KU50UA7050FXKR 스탠드",
    "ReviewScore": "5",
    "Syllable": "58",
    "Word": "13",
    "RDate": "20220703",
    "GeneralPolarity": "1",
    "Aspects": [
      {
        "Aspect": "사이즈",
        "SentimentText": "티비두께가 무지 얇아지고 좋아져서 좋네요.",
        "SentimentWord": "5",
        "SentimentPolarity": "1"
      },
      {
        "Aspect": "화질",
        "SentimentText": "화질하고 스피커 소리가 너무 좋아졌어요!",
        "SentimentWord": "5",
        "SentimentPolarity": "1"
      },
      {
        "Aspect": "음량/음질",
        "SentimentText": "스피커 소리가 너무 좋아졌어요!",
        "SentimentWord": "4",
        "SentimentPolarity": "1"
      }
    ]
  },
  {
    "Index": "13269",
    "RawText": "티비 퀄리티가 마음에 들어요ㅎ 가격도 저렴해서 좋고 설치기사님이 너무 자상하시고 친절해 설명해주셔서 좋았습니다. 잘 사용할께요.",
    "Source": "쇼핑몰",
    "Domain": "가전",
    "MainCategory": "영상/음향가전",
    "ProductName": "Crystal UHD 삼성전자 KU50UA7050FXKR 스탠드",
    "ReviewScore": "5",
    "Syllable": "71",
    "Word": "15",
    "RDate": "20220303",
    "Aspects": [
      {
        "Aspect": "품질",
        "SentimentText": "티비 퀄리티가 마음에 들어요ㅎ",
        "SentimentWord": "4",
        "SentimentPolarity": "1"
      },
      {
        "Aspect": "가격",
        "SentimentText": "가격도 저렴해서 좋고",
        "SentimentWord": "3",
        "SentimentPolarity": "1"
      }
    ]
  },
  {
    "Index": "13270",
    "RawText": "티비 화질 너무 안좋아요 14년전에 산 티비보다 화질이 별로에요;; 괜히 산것같아 후회 입니다. 티비에서 딱딱소리나서 완전 별로   같은 모델 구입은 없을것 같에요",
    "Source": "쇼핑몰",
    "Domain": "가전",
    "MainCategory": "영상/음향가전",
    "ProductName": "Crystal UHD 삼성전자 KU50UA7050FXKR 스탠드",
    "ReviewScore": "1",
    "Syllable": "91",
    "Word": "22",
    "RDate": "20220526",
    "GeneralPolarity": "-1",
    "Aspects": [
      {
        "Aspect": "화질",
        "SentimentText": "티비 화질 너무 안좋아요 14년전에 산 티비보다 화질이 별로에요;; 괜히 산것같아 후회 입니다. ",
        "SentimentWord": "13",
        "SentimentPolarity": "-1"
      },
      {
        "Aspect": "소음",
        "SentimentText": "티비에서 딱딱소리나서 완전 별로   같은 모델 구입은 없을것 같에요 ",
        "SentimentWord": "9",
        "SentimentPolarity": "-1"
      }
    ]
  },
  {
    "Index": "13271",
    "RawText": "저렴하게 잘 구입한거 같아요 가격대비 엄청 가성비가 좋아요!크기도 와이드라 그런지 엄청 크게느껴지니까 시청하기에 마음에 쏙 듭니다 ㅎㅎ",
    "Source": "쇼핑몰",
    "Domain": "가전",
    "MainCategory": "영상/음향가전",
    "ProductName": "Crystal UHD 삼성전자 KU50UA7050FXKR 스탠드",
    "ReviewScore": "5",
    "Syllable": "75",
    "Word": "17",
    "RDate": "20220514",
    "GeneralPolarity": "1",
    "Aspects": [
      {
        "Aspect": "가격",
        "SentimentText": "저렴하게 잘 구입한거 같아요 가격대비 엄청 가성비가 좋아요!",
        "SentimentWord": "8",
        "SentimentPolarity": "1"
      },
      {
        "Aspect": "사이즈",
        "SentimentText": "크기도 와이드라 그런지 엄청 크게느껴지니까 시청하기에 마음에 쏙 듭니다 ㅎㅎ",
        "SentimentWord": "10",
        "SentimentPolarity": "1"
      }
    ]
  },
  {
    "Index": "13272",
    "RawText": "판매자분이 너무 친절하시고 빠른 배송이어서 엄청 만족 하네요. 최고에요~~ 부모님 댁에 놔드린거라 제가 직접 확인은 못했지만 화면 사이즈도 넓고 화질이 선명하다고 아주 만족해하십니다. 감사합니다.",
    "Source": "쇼핑몰",
    "Domain": "가전",
    "MainCategory": "영상/음향가전",
    "ProductName": "Crystal UHD 삼성전자 KU50UA7050FXKR 스탠드",
    "ReviewScore": "5",
    "Syllable": "109",
    "Word": "24",
    "RDate": "20220523",
    "Aspects": [
      {
        "Aspect": "사이즈",
        "SentimentText": "화면 사이즈도 넓고",
        "SentimentWord": "3",
        "SentimentPolarity": "1"
      },
      {
        "Aspect": "화질",
        "SentimentText": "화질이 선명하다고 아주 만족해하십니다.",
        "SentimentWord": "4",
        "SentimentPolarity": "1"
      }
    ]
  },
  {
    "Index": "13273",
    "RawText": "판매자님이 매우 친절하세요 문의답변이 엄청 빨라서 기다리는 시간도 지루하지 않앗습니다 전문기사님이 알아서 설치까지 아주 편했네요 가격대비 갓성비제품입니다 얇은 베젤이 맘에 드네요 완전 만족해요 주위친구들한테 적극추천햇습니다 최고에요~~",
    "Source": "쇼핑몰",
    "Domain": "가전",
    "MainCategory": "영상/음향가전",
    "ProductName": "Crystal UHD 삼성전자 KU50UA7050FXKR 스탠드",
    "ReviewScore": "5",
    "Syllable": "131",
    "Word": "26",
    "RDate": "20220604",
    "Aspects": [
      {
        "Aspect": "가격",
        "SentimentText": "가격대비 갓성비제품입니다",
        "SentimentWord": "2",
        "SentimentPolarity": "1"
      },
      {
        "Aspect": "사이즈",
        "SentimentText": "얇은 베젤이 맘에 드네요 완전 만족해요",
        "SentimentWord": "6",
        "SentimentPolarity": "1"
      }
    ]
  },
  {
    "Index": "13274",
    "RawText": "티비 새로 장만했어요~ㅋㅋ 여기저기서 비교하다가 이 제품으로 선택했습니다! 50인치 화면 크기 저에겐 딱 좋았습니다. 너무 큰 화면은 싫더라구요 ㅋ 화질도 고해상도 4k라서 만족하고 보고있습니다~ 추천합니다!",
    "Source": "쇼핑몰",
    "Domain": "가전",
    "MainCategory": "영상/음향가전",
    "ProductName": "Crystal UHD 삼성전자 KU50UA7050FXKR 스탠드",
    "ReviewScore": "5",
    "Syllable": "116",
    "Word": "25",
    "RDate": "20220404",
    "Aspects": [
      {
        "Aspect": "사이즈",
        "SentimentText": "50인치 화면 크기 저에겐 딱 좋았습니다.",
        "SentimentWord": "6",
        "SentimentPolarity": "1"
      },
      {
        "Aspect": "화질",
        "SentimentText": "화질도 고해상도 4k라서 만족하고 보고있습니다~",
        "SentimentWord": "5",
        "SentimentPolarity": "1"
      }
    ]
  },
  {
    "Index": "13275",
    "RawText": "시골에 계시는 어머니 티비가 오래돼서 교체해 드렸습니다. 티비 화면이 전에 보시던 것보다 흐리다고 하시네요 ㅠ 사용법도 어려워서 쓰기 불편하신가 봅니다 ㅠㅠ",
    "Source": "쇼핑몰",
    "Domain": "가전",
    "MainCategory": "영상/음향가전",
    "ProductName": "Crystal UHD 삼성전자 KU50UA7050FXKR 스탠드",
    "ReviewScore": "1",
    "Syllable": "87",
    "Word": "21",
    "RDate": "20220706",
    "Aspects": [
      {
        "Aspect": "화질",
        "SentimentText": "티비 화면이 전에 보시던 것보다 흐리다고 하시네요 ㅠ",
        "SentimentWord": "8",
        "SentimentPolarity": "-1"
      },
      {
        "Aspect": "조작성",
        "SentimentText": "사용법도 어려워서 쓰기 불편하신가 봅니다 ㅠㅠ",
        "SentimentWord": "6",
        "SentimentPolarity": "-1"
      }
    ]
  },
  {
    "Index": "13276",
    "RawText": "할머니 할아버지 집에 tv 새로 놓아드렸습니다 화질이 깨끗하니 화면이 잘보이고 티비 소리도 잘 들린다고 넘 좋아하시네요 배송도 엄청 빠르네요 좋습니다",
    "Source": "쇼핑몰",
    "Domain": "가전",
    "MainCategory": "영상/음향가전",
    "ProductName": "Crystal UHD 삼성전자 KU50UA7050FXKR 스탠드",
    "ReviewScore": "5",
    "Syllable": "83",
    "Word": "20",
    "RDate": "20220516",
    "Aspects": [
      {
        "Aspect": "화질",
        "SentimentText": "화질이 깨끗하니 화면이 잘보이고",
        "SentimentWord": "4",
        "SentimentPolarity": "1"
      },
      {
        "Aspect": "음량/음질",
        "SentimentText": "티비 소리도 잘 들린다고 넘 좋아하시네요",
        "SentimentWord": "6",
        "SentimentPolarity": "1"
      }
    ]
  },
  {
    "Index": "13277",
    "RawText": "할머님 예전 tv가 32인치로 15년전에 산거라.. 이번에 구매한 tv는 32인치보다 역시 크기가 커서 그런지 볼때 시각적으로 시원시원하니 좋네요 ㅎ 어버이날 기념해서 바꿔 드렸습니다.  tv 장시간 사용하는데 발열도 없고 최고입니다 만족^^",
    "Source": "쇼핑몰",
    "Domain": "가전",
    "MainCategory": "영상/음향가전",
    "ProductName": "Crystal UHD 삼성전자 KU50UA7050FXKR 스탠드",
    "ReviewScore": "5",
    "Syllable": "135",
    "Word": "30",
    "RDate": "20220509",
    "GeneralPolarity": "1",
    "Aspects": [
      {
        "Aspect": "사이즈",
        "SentimentText": "이번에 구매한 tv는 32인치보다 역시 크기가 커서 그런지 볼때 시각적으로 시원시원하니 좋네요 ㅎ",
        "SentimentWord": "13",
        "SentimentPolarity": "1"
      },
      {
        "Aspect": "내구성",
        "SentimentText": "tv 장시간 사용하는데 발열도 없고 최고입니다 만족^^",
        "SentimentWord": "7",
        "SentimentPolarity": "1"
      }
    ]
  },
  {
    "Index": "13278",
    "RawText": "OOO만 사용했는데 OO티비 샀는데 정면에서 볼때 화질이 넘 좋네요 근데 각도 45도가 넘어가는 옆 쪽에서 보면 화질이 영 아니에요 그래도 OO티비으로 바꾸니 새로 접해본 OO티비 장시간 이용시 발열도 전혀 없고 좋네요",
    "Source": "쇼핑몰",
    "Domain": "가전",
    "MainCategory": "영상/음향가전",
    "ProductName": "Crystal UHD 삼성전자 KU50UA7050FXKR 스탠드",
    "ReviewScore": "3",
    "Syllable": "122",
    "Word": "31",
    "RDate": "20220716",
    "GeneralPolarity": "0",
    "Aspects": [
      {
        "Aspect": "화질",
        "SentimentText": "OOO만 사용했는데 OO티비 샀는데 정면에서 볼때 화질이 넘 좋네요 근데 각도 45도가 넘어가는 옆 쪽에서 보면 화질이 영 아니에요",
        "SentimentWord": "19",
        "SentimentPolarity": "-1"
      },
      {
        "Aspect": "내구성",
        "SentimentText": "그래도 OO티비으로 바꾸니 새로 접해본 OO티비 장시간 이용시 발열도 전혀 없고 좋네요",
        "SentimentWord": "12",
        "SentimentPolarity": "1"
      }
    ]
  },
  {
    "Index": "13279",
    "RawText": "화면도 선명하니 잘 나오고, 상품도 가성비 아주 좋습니다.굳^^~다만, 음향을 중요하게 생각하시는 분은 꼭 별도의 사운드 장치를 마련해야 할거 같습니다 음향부분은 미흡해서 불만족 ㅠ",
    "Source": "쇼핑몰",
    "Domain": "가전",
    "MainCategory": "영상/음향가전",
    "ProductName": "Crystal UHD 삼성전자 KU50UA7050FXKR 스탠드",
    "ReviewScore": "4",
    "Syllable": "101",
    "Word": "23",
    "RDate": "20220610",
    "GeneralPolarity": "0",
    "Aspects": [
      {
        "Aspect": "화질",
        "SentimentText": "화면도 선명하니 잘 나오고,",
        "SentimentWord": "4",
        "SentimentPolarity": "1"
      },
      {
        "Aspect": "가격",
        "SentimentText": "상품도 가성비 아주 좋습니다.굳^^~",
        "SentimentWord": "4",
        "SentimentPolarity": "1"
      },
      {
        "Aspect": "음량/음질",
        "SentimentText": "다만, 음향을 중요하게 생각하시는 분은 꼭 별도의 사운드 장치를 마련해야 할거 같습니다 음향부분은 미흡해서 불만족 ㅠ",
        "SentimentWord": "16",
        "SentimentPolarity": "-1"
      }
    ]
  },
  {
    "Index": "13280",
    "RawText": "화면도 매우 크고 화질또한 깨끗해서 보시기에 참 좋아하시네요. 설치기사님이 친절히 방법 도 알려주시고 갔습니다. 대만족입니다^^",
    "Source": "쇼핑몰",
    "Domain": "가전",
    "MainCategory": "영상/음향가전",
    "ProductName": "Crystal UHD 삼성전자 KU50UA7050FXKR 스탠드",
    "ReviewScore": "5",
    "Syllable": "71",
    "Word": "15",
    "RDate": "20220429",
    "Aspects": [
      {
        "Aspect": "사이즈",
        "SentimentText": "화면도 매우 크고 화질또한 깨끗해서 보시기에 참 좋아하시네요. ",
        "SentimentWord": "8",
        "SentimentPolarity": "1"
      },
      {
        "Aspect": "화질",
        "SentimentText": "화질또한 깨끗해서 보시기에 참 좋아하시네요. ",
        "SentimentWord": "5",
        "SentimentPolarity": "1"
      }
    ]
  },
  {
    "Index": "13281",
    "RawText": "화질이 hd라서 깨끗하고 선명하니 참 좋네요. 배송은 일주일정도만 걸렸어요 매우 빠릅니다 굳 hdmi선이 미포함이어서 기사님한테 직접 구입을 해야 했어요 구매하시는 분들 참고하시길바래요",
    "Source": "쇼핑몰",
    "Domain": "가전",
    "MainCategory": "영상/음향가전",
    "ProductName": "Crystal UHD 삼성전자 KU50UA7050FXKR 스탠드",
    "ReviewScore": "5",
    "Syllable": "103",
    "Word": "22",
    "RDate": "20220426",
    "Aspects": [
      {
        "Aspect": "화질",
        "SentimentText": "화질이 hd라서 깨끗하고 선명하니 참 좋네요.",
        "SentimentWord": "6",
        "SentimentPolarity": "1"
      },
      {
        "Aspect": "제품구성",
        "SentimentText": "hdmi선이 미포함이어서 기사님한테 직접 구입을 해야 했어요 구매하시는 분들 참고하시길바래요",
        "SentimentWord": "10",
        "SentimentPolarity": "-1"
      }
    ]
  },
  {
    "Index": "13282",
    "RawText": "화질도 선명하니 보기에 너무 좋고 화면이 커서 보기에 너무 좋습니다 설치도 꼼꼼하게 잘해주셔서 좋습니다 사용하기 편하네요",
    "Source": "쇼핑몰",
    "Domain": "가전",
    "MainCategory": "영상/음향가전",
    "ProductName": "Crystal UHD 삼성전자 KU50UA7050FXKR 스탠드",
    "ReviewScore": "5",
    "Syllable": "67",
    "Word": "16",
    "RDate": "20220704",
    "Aspects": [
      {
        "Aspect": "화질",
        "SentimentText": "화질도 선명하니 보기에 너무 좋고",
        "SentimentWord": "5",
        "SentimentPolarity": "1"
      },
      {
        "Aspect": "사이즈",
        "SentimentText": "화면이 커서 보기에 너무 좋습니다",
        "SentimentWord": "5",
        "SentimentPolarity": "1"
      }
    ]
  },
  {
    "Index": "13283",
    "RawText": "화질이 매우 선명한 편이어서 엄청 만족합니다 가격도 착한 편이어서 가성비가 좋아요 매우 흡족합니다 추천드려요~ 배송이 10일정도 걸렸기때문에 늦어서 그점이 좀 아쉽네요;;",
    "Source": "쇼핑몰",
    "Domain": "가전",
    "MainCategory": "영상/음향가전",
    "ProductName": "Crystal UHD 삼성전자 KU50UA7050FXKR 스탠드",
    "ReviewScore": "5",
    "Syllable": "95",
    "Word": "21",
    "RDate": "20220529",
    "Aspects": [
      {
        "Aspect": "화질",
        "SentimentText": "화질이 매우 선명한 편이어서 엄청 만족합니다 ",
        "SentimentWord": "6",
        "SentimentPolarity": "1"
      },
      {
        "Aspect": "가격",
        "SentimentText": "가격도 착한 편이어서 가성비가 좋아요 매우 흡족합니다 추천드려요~",
        "SentimentWord": "8",
        "SentimentPolarity": "1"
      }
    ]
  },
  {
    "Index": "13284",
    "RawText": "선명한 화질이 정말로 마음에 들어요!!굳^^ 배송도 2~3주 예상 했었엇는데 10일밖에 안걸려서 도착했네요..감동~ 기사님도 엄청 친절하시고요 역시 서비스 대만족입니다 인터넷에서 가장저렴하게 구매할수있어서 너무 좋습니다^^",
    "Source": "쇼핑몰",
    "Domain": "가전",
    "MainCategory": "영상/음향가전",
    "ProductName": "Crystal UHD 삼성전자 KU50UA7050FXKR 스탠드",
    "ReviewScore": "5",
    "Syllable": "124",
    "Word": "23",
    "RDate": "20220308",
    "Aspects": [
      {
        "Aspect": "화질",
        "SentimentText": "선명한 화질이 정말로 마음에 들어요!!굳^^ ",
        "SentimentWord": "5",
        "SentimentPolarity": "1"
      },
      {
        "Aspect": "가격",
        "SentimentText": "인터넷에서 가장저렴하게 구매할수있어서 너무 좋습니다^^",
        "SentimentWord": "5",
        "SentimentPolarity": "1"
      }
    ]
  },
  {
    "Index": "13285",
    "RawText": "47인치로만 시청하다가 65인치 크기로 보려니 정말 크고 넓고 시야가 아주 시원합니다.75인치를.살까 고민했는데 이정도면 아주 충분하네요. 사운드도 아주 좋습니다. 대만족입니다.",
    "Source": "쇼핑몰",
    "Domain": "가전",
    "MainCategory": "영상/음향가전",
    "ProductName": "Crystal UHD 삼성전자 KU65UA7000FXKR 스탠드",
    "ReviewScore": "5",
    "Syllable": "99",
    "Word": "19",
    "RDate": "20220718",
    "Aspects": [
      {
        "Aspect": "사이즈",
        "SentimentText": "47인치로만 시청하다가 65인치 크기로 보려니 정말 크고 넓고 시야가 아주 시원합니다.75인치를.살까 고민했는데 이정도면 아주 충분하네요.",
        "SentimentWord": "15",
        "SentimentPolarity": "1"
      },
      {
        "Aspect": "음량/음질",
        "SentimentText": "사운드도 아주 좋습니다.",
        "SentimentWord": "3",
        "SentimentPolarity": "1"
      }
    ]
  },
  {
    "Index": "13286",
    "RawText": "48인치로만 봐오다가 이번에 바꾸니 엄청 크군요 화면 크게 보니 너무 좋아요 리모컨 기능도 OOO도 되니 참편한 세상이에요 대만족^^ 빠른배송과 친절한 배송에 두번 감동합니다 최고에요~",
    "Source": "쇼핑몰",
    "Domain": "가전",
    "MainCategory": "영상/음향가전",
    "ProductName": "Crystal UHD 삼성전자 KU65UA7000FXKR 스탠드",
    "ReviewScore": "5",
    "Syllable": "103",
    "Word": "24",
    "RDate": "20220707",
    "Aspects": [
      {
        "Aspect": "사이즈",
        "SentimentText": "48인치로만 봐오다가 이번에 바꾸니 엄청 크군요 화면 크게 보니 너무 좋아요",
        "SentimentWord": "11",
        "SentimentPolarity": "1"
      },
      {
        "Aspect": "편의성",
        "SentimentText": "리모컨 기능도 OOO도 되니 참편한 세상이에요 대만족^^ ",
        "SentimentWord": "7",
        "SentimentPolarity": "1"
      }
    ]
  },
  {
    "Index": "13287",
    "RawText": "기사님 친절하시고 일주일만에 설치해 주셨어요 사진에는 작아보이지만 크기가 커서 좋고 화질도 선명하니 좋습니다.",
    "Source": "쇼핑몰",
    "Domain": "가전",
    "MainCategory": "영상/음향가전",
    "ProductName": "Crystal UHD 삼성전자 KU65UA7000FXKR 스탠드",
    "ReviewScore": "5",
    "Syllable": "61",
    "Word": "13",
    "RDate": "20220827",
    "Aspects": [
      {
        "Aspect": "사이즈",
        "SentimentText": "사진에는 작아보이지만 크기가 커서 좋고",
        "SentimentWord": "5",
        "SentimentPolarity": "1"
      },
      {
        "Aspect": "화질",
        "SentimentText": "화질도 선명하니 좋습니다.",
        "SentimentWord": "3",
        "SentimentPolarity": "1"
      }
    ]
  },
  {
    "Index": "13288",
    "RawText": "TV양호하고 퀄리티가 만족스럽습니다. 제품 품질은  괜찮은 거 같아요 쓰던 것보다 사이즈가 훨씬 더 커서 보기 좋네요 감사합니다.",
    "Source": "쇼핑몰",
    "Domain": "가전",
    "MainCategory": "영상/음향가전",
    "ProductName": "Crystal UHD 삼성전자 KU65UA7000FXKR 스탠드",
    "ReviewScore": "5",
    "Syllable": "72",
    "Word": "17",
    "RDate": "20220810",
    "GeneralPolarity": "1",
    "Aspects": [
      {
        "Aspect": "품질",
        "SentimentText": "TV양호하고 퀄리티가 만족스럽습니다.",
        "SentimentWord": "3",
        "SentimentPolarity": "1"
      },
      {
        "Aspect": "사이즈",
        "SentimentText": "쓰던 것보다 사이즈가 훨씬 더 커서 보기 좋네요 감사합니다",
        "SentimentWord": "9",
        "SentimentPolarity": "1"
      }
    ]
  },
  {
    "Index": "13289",
    "RawText": "스마트 티비 구매했는데 켤때 불편하고 화질도 더 좋은건지 모르겠네요",
    "Source": "쇼핑몰",
    "Domain": "가전",
    "MainCategory": "영상/음향가전",
    "ProductName": "Crystal UHD 삼성전자 KU65UA7000FXKR 스탠드",
    "ReviewScore": "3",
    "Syllable": "37",
    "Word": "9",
    "RDate": "20220729",
    "GeneralPolarity": "-1",
    "Aspects": [
      {
        "Aspect": "조작성",
        "SentimentText": "스마트 티비 구매했는데 켤때 불편하고",
        "SentimentWord": "5",
        "SentimentPolarity": "-1"
      },
      {
        "Aspect": "화질",
        "SentimentText": "화질도 더 좋은건지 모르겠네요",
        "SentimentWord": "4",
        "SentimentPolarity": "-1"
      }
    ]
  },
  {
    "Index": "13290",
    "RawText": "배송빨라서 좋아요. 00제품중 젤 싸게 구매했는데 화질 선명해 보기 편하고, 소리 만족스럽네요. 사운드바도 tv하고 연동이 잘 되서 불편함 없습니다. 보이스 강조 모드로 하니 소리가 또렸해졌어요. UHD방송도 화질 선명하게 나와 보기 편해요.",
    "Source": "쇼핑몰",
    "Domain": "가전",
    "MainCategory": "영상/음향가전",
    "ProductName": "Crystal UHD 삼성전자 KU65UA7000FXKR 스탠드",
    "ReviewScore": "5",
    "Syllable": "135",
    "Word": "31",
    "RDate": "20220713",
    "Aspects": [
      {
        "Aspect": "화질",
        "SentimentText": "화질 선명해 보기 편하고",
        "SentimentWord": "4",
        "SentimentPolarity": "1"
      },
      {
        "Aspect": "음량/음질",
        "SentimentText": "소리 만족스럽네요",
        "SentimentWord": "2",
        "SentimentPolarity": "1"
      },
      {
        "Aspect": "기능",
        "SentimentText": "사운드바도 tv하고 연동이 잘 되서 불편함 없습니다.",
        "SentimentWord": "7",
        "SentimentPolarity": "1"
      },
      {
        "Aspect": "기능",
        "SentimentText": "보이스 강조 모드로 하니 소리가 또렸해졌어요",
        "SentimentWord": "6",
        "SentimentPolarity": "1"
      },
      {
        "Aspect": "기능",
        "SentimentText": "UHD방송도 화질 선명하게 나와 보기 편해요.",
        "SentimentWord": "6",
        "SentimentPolarity": "1"
      }
    ]
  },
  {
    "Index": "13291",
    "RawText": "가격대비 모두 만족스럽습니다 특히 화면 크기 짱입니다!! 빠른배송 대박 굳!",
    "Source": "쇼핑몰",
    "Domain": "가전",
    "MainCategory": "영상/음향가전",
    "ProductName": "Crystal UHD 삼성전자 KU65UA7000FXKR 스탠드",
    "ReviewScore": "5",
    "Syllable": "42",
    "Word": "10",
    "RDate": "20220814",
    "Aspects": [
      {
        "Aspect": "가격",
        "SentimentText": "가격대비 모두 만족스럽습니다 ",
        "SentimentWord": "3",
        "SentimentPolarity": "1"
      },
      {
        "Aspect": "사이즈",
        "SentimentText": "화면 크기 짱입니다!!",
        "SentimentWord": "3",
        "SentimentPolarity": "1"
      }
    ]
  },
  {
    "Index": "13292",
    "RawText": "제품 괜찮은 티비구입해서 좋아요 다음날 기사님이 설치완료까지 친절히 해주었고 크기도 아주 마음에 들어요",
    "Source": "쇼핑몰",
    "Domain": "가전",
    "MainCategory": "영상/음향가전",
    "ProductName": "Crystal UHD 삼성전자 KU65UA7000FXKR 스탠드",
    "ReviewScore": "5",
    "Syllable": "57",
    "Word": "13",
    "RDate": "20220812",
    "Aspects": [
      {
        "Aspect": "품질",
        "SentimentText": "제품 괜찮은 티비구입해서 좋아요",
        "SentimentWord": "4",
        "SentimentPolarity": "1"
      },
      {
        "Aspect": "사이즈",
        "SentimentText": "크기도 아주 마음에 들어요",
        "SentimentWord": "4",
        "SentimentPolarity": "1"
      }
    ]
  },
  {
    "Index": "13293",
    "RawText": "기사님 두 분 오셔서 친절하게 마무리까지 꼼꼼히 챙겨주시고 가셨어요. TV도 크고 폰으로 연결도 되고 스마트 티비라서 기능도 좋네요 제 마음에 딱! 들어요~~",
    "Source": "쇼핑몰",
    "Domain": "가전",
    "MainCategory": "영상/음향가전",
    "ProductName": "Crystal UHD 삼성전자 KU65UA7000FXKR 스탠드",
    "ReviewScore": "5",
    "Syllable": "88",
    "Word": "22",
    "RDate": "20220530",
    "Aspects": [
      {
        "Aspect": "사이즈",
        "SentimentText": "TV도 크고",
        "SentimentWord": "2",
        "SentimentPolarity": "1"
      },
      {
        "Aspect": "기능",
        "SentimentText": "폰으로 연결도 되고 스마트 티비라서 기능도 좋네요 제 마음에 딱! 들어요~~",
        "SentimentWord": "11",
        "SentimentPolarity": "1"
      }
    ]
  },
  {
    "Index": "13294",
    "RawText": "기사님이 설치완료 친절하게 해주셨어요. 빅스비 기능이 없어서 아쉽긴 하지만, 가격, 성능, 화질 등 제품 모두 만족합니다.",
    "Source": "쇼핑몰",
    "Domain": "가전",
    "MainCategory": "영상/음향가전",
    "ProductName": "Crystal UHD 삼성전자 KU65UA7000FXKR 스탠드",
    "ReviewScore": "5",
    "Syllable": "68",
    "Word": "16",
    "RDate": "20220530",
    "Aspects": [
      {
        "Aspect": "기능",
        "SentimentText": "빅스비 기능이 없어서 아쉽긴 하지만",
        "SentimentWord": "5",
        "SentimentPolarity": "-1"
      },
      {
        "Aspect": "품질",
        "SentimentText": "가격, 성능, 화질 등 제품 모두 만족합니다.",
        "SentimentWord": "7",
        "SentimentPolarity": "1"
      }
    ]
  },
  {
    "Index": "13295",
    "RawText": "담날에 곧 바로 설치해주시고 000TV 보다가 걱정했지만 가격대비 품질 괜찮네요~65인치 크기 맘에들어요~",
    "Source": "쇼핑몰",
    "Domain": "가전",
    "MainCategory": "영상/음향가전",
    "ProductName": "Crystal UHD 삼성전자 KU65UA7000FXKR 스탠드",
    "ReviewScore": "5",
    "Syllable": "59",
    "Word": "12",
    "RDate": "20220815",
    "Aspects": [
      {
        "Aspect": "품질",
        "SentimentText": "가격대비 품질 괜찮네요~",
        "SentimentWord": "3",
        "SentimentPolarity": "1"
      },
      {
        "Aspect": "사이즈",
        "SentimentText": "65인치 크기 맘에들어요~",
        "SentimentWord": "3",
        "SentimentPolarity": "1"
      }
    ]
  },
  {
    "Index": "13296",
    "RawText": "구매처음이라 문의드렸는데 친절히 안내해 주어서 감사합니다. 고급스러운 디자인이 맘에 듭니다. 제품 대만족 짱! 입니다.",
    "Source": "쇼핑몰",
    "Domain": "가전",
    "MainCategory": "영상/음향가전",
    "ProductName": "Crystal UHD 삼성전자 KU65UA7000FXKR 스탠드",
    "ReviewScore": "5",
    "Syllable": "66",
    "Word": "14",
    "RDate": "20220331",
    "Aspects": [
      {
        "Aspect": "디자인",
        "SentimentText": "고급스러운 디자인이 맘에 듭니다.",
        "SentimentWord": "4",
        "SentimentPolarity": "1"
      },
      {
        "Aspect": "품질",
        "SentimentText": "제품 대만족 짱! 입니다",
        "SentimentWord": "4",
        "SentimentPolarity": "1"
      }
    ]
  },
  {
    "Index": "13297",
    "RawText": "밤에 주문 했는데 다음날 10시에 배송 왔네요.  너무 빨라 OO배송인줄 알았어요.. 전에 사용하던거랑 비교해서 크기가 더커서 좋네요 사용법도 간단해서 리모컨하나로 조작할 수 있어요 티비 잘볼게요~",
    "Source": "쇼핑몰",
    "Domain": "가전",
    "MainCategory": "영상/음향가전",
    "ProductName": "Crystal UHD 삼성전자 KU65UA7000FXKR 스탠드",
    "ReviewScore": "5",
    "Syllable": "110",
    "Word": "25",
    "RDate": "20220810",
    "Aspects": [
      {
        "Aspect": "사이즈",
        "SentimentText": "전에 사용하던거랑 비교해서 크기가 더커서 좋네요",
        "SentimentWord": "6",
        "SentimentPolarity": "1"
      },
      {
        "Aspect": "조작성",
        "SentimentText": "사용법도 간단해서 리모컨하나로 조작할 수 있어요",
        "SentimentWord": "6",
        "SentimentPolarity": "1"
      }
    ]
  },
  {
    "Index": "13298",
    "RawText": "화질이 약간 떨어지네요 ㅜㅜ  작은것보다 크기가 커서 보기편하고  완전만족입니다",
    "Source": "쇼핑몰",
    "Domain": "가전",
    "MainCategory": "영상/음향가전",
    "ProductName": "Crystal UHD 삼성전자 KU65UA7000FXKR 스탠드",
    "ReviewScore": "5",
    "Syllable": "44",
    "Word": "9",
    "RDate": "20220720",
    "Aspects": [
      {
        "Aspect": "화질",
        "SentimentText": "화질이 약간 떨어지네요 ㅜㅜ",
        "SentimentWord": "4",
        "SentimentPolarity": "-1"
      },
      {
        "Aspect": "사이즈",
        "SentimentText": "작은것보다 크기가 커서 보기편하고 완전만족입니다",
        "SentimentWord": "5",
        "SentimentPolarity": "1"
      }
    ]
  },
  {
    "Index": "13299",
    "RawText": "화질 정말 좋습니다~!! 평소에 ○○○ 제품 많이 쓰는데 이번에도 틀리지 않은 선택이었어요~!!",
    "Source": "쇼핑몰",
    "Domain": "가전",
    "MainCategory": "영상/음향가전",
    "ProductName": "Crystal UHD 삼성전자 KU65UA7000FXKR 스탠드",
    "ReviewScore": "4",
    "Syllable": "53",
    "Word": "12",
    "RDate": "20220821",
    "Aspects": [
      {
        "Aspect": "화질",
        "SentimentText": "화질 정말 좋습니다~!!",
        "SentimentWord": "3",
        "SentimentPolarity": "1"
      },
      {
        "Aspect": "제조일/제조사",
        "SentimentText": "평소에 ○○○ 제품 많이 쓰는데 이번에도 틀리지 않은 선택이었어요~!!",
        "SentimentWord": "9",
        "SentimentPolarity": "1"
      }
    ]
  },
  {
    "Index": "13300",
    "RawText": "배송하는데만 10일 넘 느리네요 하지만 할인된 가격에  물건 싸게 구입해서 좋네요 스마트티비 처음인데 반응이 아주 빠르고 간편해서 좋습니다",
    "Source": "쇼핑몰",
    "Domain": "가전",
    "MainCategory": "영상/음향가전",
    "ProductName": "Crystal UHD 삼성전자 KU65UA7000FXKR 스탠드",
    "ReviewScore": "5",
    "Syllable": "77",
    "Word": "18",
    "RDate": "20220827",
    "Aspects": [
      {
        "Aspect": "가격",
        "SentimentText": "하지만 할인된 가격에 물건 싸게 구입해서 좋네요",
        "SentimentWord": "7",
        "SentimentPolarity": "1"
      },
      {
        "Aspect": "기능",
        "SentimentText": "스마트티비 처음인데 반응이 아주 빠르고 간편해서 좋습니다",
        "SentimentWord": "7",
        "SentimentPolarity": "1"
      }
    ]
  },
  {
    "Index": "13301",
    "RawText": "배송이 느리네요 그래도 000 설치기사님들이 친절하게 설치완료해주어서 만족합니다. 스마트티비라 0000도 연결 되고 와이파이로 연결되어 무선으로 설치되니 깔끔하네요 오 에너지효율도 1등급 대만족입니다.",
    "Source": "쇼핑몰",
    "Domain": "가전",
    "MainCategory": "영상/음향가전",
    "ProductName": "Crystal UHD 삼성전자 KU65UA7000FXKR 스탠드",
    "ReviewScore": "5",
    "Syllable": "112",
    "Word": "21",
    "RDate": "20220821",
    "Aspects": [
      {
        "Aspect": "기능",
        "SentimentText": "스마트티비라 0000도 연결 되고 와이파이로 연결되어 무선으로 설치되니 깔끔하네요",
        "SentimentWord": "9",
        "SentimentPolarity": "1"
      },
      {
        "Aspect": "소비전력",
        "SentimentText": "오 에너지효율도 1등급 대만족입니다.",
        "SentimentWord": "4",
        "SentimentPolarity": "1"
      }
    ]
  },
  {
    "Index": "13302",
    "RawText": "빠른배송 만족스럽네요 사이즈보고 놀랬어요 정말 커서 좋아요 화질보고 두번 놀랬어요^^ 예술입니다~~",
    "Source": "쇼핑몰",
    "Domain": "가전",
    "MainCategory": "영상/음향가전",
    "ProductName": "Crystal UHD 삼성전자 KU65UA7000FXKR 스탠드",
    "ReviewScore": "5",
    "Syllable": "55",
    "Word": "11",
    "RDate": "20220822",
    "Aspects": [
      {
        "Aspect": "사이즈",
        "SentimentText": "사이즈보고 놀랬어요 정말 커서 좋아요",
        "SentimentWord": "5",
        "SentimentPolarity": "1"
      },
      {
        "Aspect": "화질",
        "SentimentText": "화질보고 두번 놀랬어요^^ 예술입니다~~",
        "SentimentWord": "4",
        "SentimentPolarity": "1"
      }
    ]
  },
  {
    "Index": "13303",
    "RawText": "배송은 느리지만 사진으로 볼때보다 더  커서 놀랐어요~ 화질도 선명해서 좋고 사운드도 잘들려요 거기다 싼 가격에 잘 샀다고 생각해요~~",
    "Source": "쇼핑몰",
    "Domain": "가전",
    "MainCategory": "영상/음향가전",
    "ProductName": "Crystal UHD 삼성전자 KU65UA7000FXKR 스탠드",
    "ReviewScore": "5",
    "Syllable": "75",
    "Word": "18",
    "RDate": "20220530",
    "Aspects": [
      {
        "Aspect": "사이즈",
        "SentimentText": "사진으로 볼때보다 더 커서 놀랐어요~",
        "SentimentWord": "5",
        "SentimentPolarity": "1"
      },
      {
        "Aspect": "화질",
        "SentimentText": "화질도 선명해서 좋고",
        "SentimentWord": "3",
        "SentimentPolarity": "1"
      },
      {
        "Aspect": "음량/음질",
        "SentimentText": "사운드도 잘들려요",
        "SentimentWord": "2",
        "SentimentPolarity": "1"
      },
      {
        "Aspect": "가격",
        "SentimentText": "싼 가격에 잘 샀다고 생각해요~~",
        "SentimentWord": "5",
        "SentimentPolarity": "1"
      }
    ]
  },
  {
    "Index": "13304",
    "RawText": "이 정도 제품 수준이면 합리적인 가격이라고 생각합니다~ 제품이 아주 만족스럽습니다^^",
    "Source": "쇼핑몰",
    "Domain": "가전",
    "MainCategory": "영상/음향가전",
    "ProductName": "Crystal UHD 삼성전자 KU65UA7000FXKR 스탠드",
    "ReviewScore": "4",
    "Syllable": "47",
    "Word": "10",
    "RDate": "20220314",
    "Aspects": [
      {
        "Aspect": "가격",
        "SentimentText": "이 정도 제품 수준이면 합리적인 가격이라고 생각합니다~",
        "SentimentWord": "7",
        "SentimentPolarity": "1"
      },
      {
        "Aspect": "품질",
        "SentimentText": "제품이 아주 만족스럽습니다^^",
        "SentimentWord": "3",
        "SentimentPolarity": "1"
      }
    ]
  },
  {
    "Index": "13305",
    "RawText": "화면이 선명하고 크기도 65인치라 맘에 들어요 사운드는 약간 작고 울려서 사운드바 사용을 권해요 온오프 반응은 빠르고 티비외의 스마트 기능이나 편성표등의 리모컨 반응은 느리네요. 리모컨도 작고 요즘 스마트기기들 리모컨 타입으로 나온건 좋은데 쓰기에는 좀 불편해요",
    "Source": "쇼핑몰",
    "Domain": "가전",
    "MainCategory": "영상/음향가전",
    "ProductName": "Crystal UHD 삼성전자 KU65UA7000FXKR 스탠드",
    "ReviewScore": "5",
    "Syllable": "146",
    "Word": "34",
    "RDate": "20220826",
    "GeneralPolarity": "-1",
    "Aspects": [
      {
        "Aspect": "화질",
        "SentimentText": "화면이 선명하고",
        "SentimentWord": "2",
        "SentimentPolarity": "1"
      },
      {
        "Aspect": "사이즈",
        "SentimentText": "크기도 65인치라 맘에 들어요",
        "SentimentWord": "4",
        "SentimentPolarity": "1"
      },
      {
        "Aspect": "음량/음질",
        "SentimentText": "사운드는 약간 작고 울려서 사운드바 사용을 권해요",
        "SentimentWord": "7",
        "SentimentPolarity": "-1"
      },
      {
        "Aspect": "조작성",
        "SentimentText": "온오프 반응은 빠르고 티비외의 스마트 기능이나 편성표등의 리모컨 반응은 느리네요",
        "SentimentWord": "10",
        "SentimentPolarity": "-1"
      },
      {
        "Aspect": "편의성",
        "SentimentText": "쓰기에는 좀 불편해요",
        "SentimentWord": "3",
        "SentimentPolarity": "-1"
      }
    ]
  },
  {
    "Index": "13306",
    "RawText": "부모님 시골집에tv가 고장나서 주문했어요. 티비 크기가 부담스러우신가봐요 너무 크다고 하시네요 하지만 화질은 깨끗하고 좋다고 합니다!",
    "Source": "쇼핑몰",
    "Domain": "가전",
    "MainCategory": "영상/음향가전",
    "ProductName": "Crystal UHD 삼성전자 KU65UA7000FXKR 스탠드",
    "ReviewScore": "5",
    "Syllable": "74",
    "Word": "15",
    "RDate": "20220820",
    "Aspects": [
      {
        "Aspect": "사이즈",
        "SentimentText": "티비 크기가 부담스러우신가봐요 너무 크다고 하시네요",
        "SentimentWord": "6",
        "SentimentPolarity": "-1"
      },
      {
        "Aspect": "화질",
        "SentimentText": "화질은 깨끗하고 좋다고 합니다!",
        "SentimentWord": "4",
        "SentimentPolarity": "1"
      }
    ]
  },
  {
    "Index": "13307",
    "RawText": "크기가 커서 좋아요 화질도 선명하니 만족하시네요. 주문하고 조금 기다렸지만 만족합니다.",
    "Source": "쇼핑몰",
    "Domain": "가전",
    "MainCategory": "영상/음향가전",
    "ProductName": "Crystal UHD 삼성전자 KU65UA7000FXKR 스탠드",
    "ReviewScore": "5",
    "Syllable": "48",
    "Word": "10",
    "RDate": "20220622",
    "Aspects": [
      {
        "Aspect": "사이즈",
        "SentimentText": "크기가 커서 좋아요",
        "SentimentWord": "3",
        "SentimentPolarity": "1"
      },
      {
        "Aspect": "화질",
        "SentimentText": "화질도 선명하니 만족하시네요.",
        "SentimentWord": "3",
        "SentimentPolarity": "1"
      }
    ]
  },
  {
    "Index": "13308",
    "RawText": "저렴하게 구입해서 좋아요 크기도 크고 스피커 두개 줘서 사운드 대박이예요",
    "Source": "쇼핑몰",
    "Domain": "가전",
    "MainCategory": "영상/음향가전",
    "ProductName": "Crystal UHD 삼성전자 KU65UA7000FXKR 스탠드",
    "ReviewScore": "5",
    "Syllable": "40",
    "Word": "10",
    "RDate": "20220401",
    "GeneralPolarity": "1",
    "Aspects": [
      {
        "Aspect": "가격",
        "SentimentText": "저렴하게 구입해서 좋아요",
        "SentimentWord": "3",
        "SentimentPolarity": "1"
      },
      {
        "Aspect": "사이즈",
        "SentimentText": "크기도 크고",
        "SentimentWord": "2",
        "SentimentPolarity": "1"
      },
      {
        "Aspect": "음량/음질",
        "SentimentText": "스피커 두개 줘서 사운드 대박이예요",
        "SentimentWord": "5",
        "SentimentPolarity": "1"
      }
    ]
  },
  {
    "Index": "13309",
    "RawText": "부모님댁 티비가 고장이 나서 토요일에 급 주문넣었는데 월요일에 바로 설치하러 오셨어요. 엄청 빠른 설치 감사합니다 가격도 적당하고 엄청 맘에 들어하시네요 흡족합니다 역시 티비는 화면이 클수록 보기에 좋은거 같네요 시원하니 잘보여요 굿",
    "Source": "쇼핑몰",
    "Domain": "가전",
    "MainCategory": "영상/음향가전",
    "ProductName": "Crystal UHD 삼성전자 KU65UA7000FXKR 스탠드",
    "ReviewScore": "5",
    "Syllable": "130",
    "Word": "31",
    "RDate": "20220822",
    "Aspects": [
      {
        "Aspect": "가격",
        "SentimentText": "가격도 적당하고 엄청 맘에 들어하시네요",
        "SentimentWord": "5",
        "SentimentPolarity": "1"
      },
      {
        "Aspect": "사이즈",
        "SentimentText": "역시 티비는 화면이 클수록 보기에 좋은거 같네요 시원하니 잘보여요 굿",
        "SentimentWord": "10",
        "SentimentPolarity": "1"
      }
    ]
  },
  {
    "Index": "13310",
    "RawText": "티비가 갑자기 고장나서 시켰어요 화면이 쓰던 것보다 조금 어둡네요 가격은 타이밍 잘 맞아서 엄청 저렴하게 구입했습니다",
    "Source": "쇼핑몰",
    "Domain": "가전",
    "MainCategory": "영상/음향가전",
    "ProductName": "Crystal UHD 삼성전자 KU65UA7000FXKR 스탠드",
    "ReviewScore": "5",
    "Syllable": "65",
    "Word": "16",
    "RDate": "20220828",
    "Aspects": [
      {
        "Aspect": "화질",
        "SentimentText": "화면이 쓰던 것보다 조금 어둡네요",
        "SentimentWord": "5",
        "SentimentPolarity": "-1"
      },
      {
        "Aspect": "가격",
        "SentimentText": "가격은 타이밍 잘 맞아서 엄청 저렴하게 구입했습니다",
        "SentimentWord": "7",
        "SentimentPolarity": "1"
      }
    ]
  },
  {
    "Index": "13311",
    "RawText": "50인치 보다가 65인치여서 화면이 커서 잘 보이고 잘 들린다고 좋아하셔요 ^^ 보급형이지만 고장없이 오래 쓸 수 있으면 합니다. 배송은 4일 걸렸습니다. 빨라서 너무 좋습니다 최고에요~",
    "Source": "쇼핑몰",
    "Domain": "가전",
    "MainCategory": "영상/음향가전",
    "ProductName": "Crystal UHD 삼성전자 KU65UA7000FXKR 스탠드",
    "ReviewScore": "5",
    "Syllable": "104",
    "Word": "25",
    "RDate": "20220820",
    "Aspects": [
      {
        "Aspect": "사이즈",
        "SentimentText": "50인치 보다가 65인치여서 화면이 커서 잘 보이고",
        "SentimentWord": "7",
        "SentimentPolarity": "1"
      },
      {
        "Aspect": "음량/음질",
        "SentimentText": "잘 들린다고 좋아하셔요 ^^",
        "SentimentWord": "4",
        "SentimentPolarity": "1"
      }
    ]
  },
  {
    "Index": "13312",
    "RawText": "크기가 크고 화질도 선명해 좋아요~배송.설치 빠르게 해주셔서 만족합니다",
    "Source": "쇼핑몰",
    "Domain": "가전",
    "MainCategory": "영상/음향가전",
    "ProductName": "Crystal UHD 삼성전자 KU65UA7000FXKR 스탠드",
    "ReviewScore": "5",
    "Syllable": "39",
    "Word": "8",
    "RDate": "20220602",
    "Aspects": [
      {
        "Aspect": "사이즈",
        "SentimentText": "크기가 크고",
        "SentimentWord": "2",
        "SentimentPolarity": "1"
      },
      {
        "Aspect": "화질",
        "SentimentText": "화질도 선명해 좋아요~",
        "SentimentWord": "3",
        "SentimentPolarity": "1"
      }
    ]
  },
  {
    "Index": "13313",
    "RawText": "일단 부모님이 너무 좋아하세요 후기보고 화질이 살짝 걱정 됐는데 생각했던것보다 화질이 꽤 괜찮습니다 최고!! 부모님 사용하시기에 리모컨이 좀 불편하실것 같아서 숫자 있는 리모컨도 구매했습니다 구성이 아쉽네요 스마트 리모컨은 아무래도 어른들 쓰시기에 너무 불편해서 이런부분은 불만족스럽습니다 ㅠ",
    "Source": "쇼핑몰",
    "Domain": "가전",
    "MainCategory": "영상/음향가전",
    "ProductName": "Crystal UHD 삼성전자 KU65UA7000FXKR 스탠드",
    "ReviewScore": "4",
    "Syllable": "163",
    "Word": "36",
    "RDate": "20220830",
    "GeneralPolarity": "0",
    "Aspects": [
      {
        "Aspect": "화질",
        "SentimentText": "일단 부모님이 너무 좋아하세요 후기보고 화질이 살짝 걱정 됐는데 생각했던것보다 화질이 꽤 괜찮습니다 최고!!",
        "SentimentWord": "14",
        "SentimentPolarity": "1"
      },
      {
        "Aspect": "제품구성",
        "SentimentText": "부모님 사용하시기에 리모컨이 좀 불편하실것 같아서 숫자 있는 리모컨도 구매했습니다 구성이 아쉽네요",
        "SentimentWord": "12",
        "SentimentPolarity": "-1"
      },
      {
        "Aspect": "조작성",
        "SentimentText": "스마트 리모컨은 아무래도 어른들 쓰시기에 너무 불편해서 이런부분은 불만족스럽습니다 ㅠ",
        "SentimentWord": "10",
        "SentimentPolarity": "-1"
      }
    ]
  },
  {
    "Index": "13314",
    "RawText": "빠른배송과 친절한 설치기사님까지~~서비스 백만점 좋아요^^ 선물해드렸더니 시어른분들이 tv 화질 너무 좋아하십니다~ ○○○ 브랜드라고 말씀드렸더니 더 좋아하시네요~^^",
    "Source": "쇼핑몰",
    "Domain": "가전",
    "MainCategory": "영상/음향가전",
    "ProductName": "Crystal UHD 삼성전자 KU65UA7000FXKR 스탠드",
    "ReviewScore": "4",
    "Syllable": "93",
    "Word": "16",
    "RDate": "20220614",
    "Aspects": [
      {
        "Aspect": "화질",
        "SentimentText": "선물해드렸더니 시어른분들이 tv 화질 너무 좋아하십니다~",
        "SentimentWord": "6",
        "SentimentPolarity": "1"
      },
      {
        "Aspect": "제조일/제조사",
        "SentimentText": "○○○ 브랜드라고 말씀드렸더니 더 좋아하시네요~^^",
        "SentimentWord": "5",
        "SentimentPolarity": "1"
      }
    ]
  },
  {
    "Index": "13315",
    "RawText": "사운드바도 엄청 저렴하게 구매했어요 사운드바 있고 없고가 확실히 천지차이네요 음량음질 최고입니다 부모님이 사용하실라 음성인식 기능이나 복잡한 기능이 딱히 필요 없어서 간편하니 좋네요 저렴이 모델로 찾았는데 제대로 잘 구매한것 같아요 가성비 짱!",
    "Source": "쇼핑몰",
    "Domain": "가전",
    "MainCategory": "영상/음향가전",
    "ProductName": "Crystal UHD 삼성전자 KU65UA7000FXKR 스탠드",
    "ReviewScore": "5",
    "Syllable": "136",
    "Word": "31",
    "RDate": "20220726",
    "GeneralPolarity": "1",
    "Aspects": [
      {
        "Aspect": "가격",
        "SentimentText": "사운드바도 엄청 저렴하게 구매했어요",
        "SentimentWord": "4",
        "SentimentPolarity": "1"
      },
      {
        "Aspect": "음량/음질",
        "SentimentText": "사운드바 있고 없고가 확실히 천지차이네요 음량음질 최고입니다",
        "SentimentWord": "7",
        "SentimentPolarity": "1"
      },
      {
        "Aspect": "편의성",
        "SentimentText": "부모님이 사용하실라 음성인식 기능이나 복잡한 기능이 딱히 필요 없어서 간편하니 좋네요",
        "SentimentWord": "11",
        "SentimentPolarity": "1"
      },
      {
        "Aspect": "가격",
        "SentimentText": "저렴이 모델로 찾았는데 제대로 잘 구매한것 같아요 가성비 짱!",
        "SentimentWord": "9",
        "SentimentPolarity": "1"
      }
    ]
  },
  {
    "Index": "13316",
    "RawText": "ㅇㅇㅇ꺼라 품질 믿고 구매했어요. 65인치 큰사이즈로 구매했는데 맘에 들어요 티비는 크면클수록 좋은것 같아요! 화질도4k라 선명하고 좋아요",
    "Source": "쇼핑몰",
    "Domain": "가전",
    "MainCategory": "영상/음향가전",
    "ProductName": "Crystal UHD 삼성전자 KU65UA7000FXKR 스탠드",
    "ReviewScore": "5",
    "Syllable": "77",
    "Word": "16",
    "RDate": "20220822",
    "GeneralPolarity": "1",
    "Aspects": [
      {
        "Aspect": "품질",
        "SentimentText": "ㅇㅇㅇ꺼라 품질 믿고 구매했어요.",
        "SentimentWord": "4",
        "SentimentPolarity": "1"
      },
      {
        "Aspect": "사이즈",
        "SentimentText": "65인치 큰사이즈로 구매했는데 맘에 들어요",
        "SentimentWord": "5",
        "SentimentPolarity": "1"
      },
      {
        "Aspect": "화질",
        "SentimentText": " 화질도4k라 선명하고 좋아요",
        "SentimentWord": "3",
        "SentimentPolarity": "1"
      }
    ]
  },
  {
    "Index": "13317",
    "RawText": "배송은 출고일이 늦어져서 배송이 빠르진 않아서 아쉽네요 하지만 먼지나는 포장 분리까지 밖에서  일일히 기사님이 다 해결하시고 본품만 들고 들어와 간단히 설치완료했습니다. 감사드려요 티비 크기도 딱 적당하니 완전 너무좋네요, 화면품질도 선명해서 엄청 만족 대만족입니다.",
    "Source": "쇼핑몰",
    "Domain": "가전",
    "MainCategory": "영상/음향가전",
    "ProductName": "Crystal UHD 삼성전자 KU65UA7000FXKR 스탠드",
    "ReviewScore": "5",
    "Syllable": "149",
    "Word": "33",
    "RDate": "20220528",
    "Aspects": [
      {
        "Aspect": "사이즈",
        "SentimentText": "티비 크기도 딱 적당하니 완전 너무좋네요,",
        "SentimentWord": "6",
        "SentimentPolarity": "1"
      },
      {
        "Aspect": "화질",
        "SentimentText": "화면품질도 선명해서 엄청 만족 대만족입니다.",
        "SentimentWord": "5",
        "SentimentPolarity": "1"
      }
    ]
  },
  {
    "Index": "13318",
    "RawText": "상품 품질 너무 좋습니다. 마음에 드네요!^^  부모님이 아주 좋아하셔요  65인치 티비를 완전 저렴하게 샀네요 ~~ 가성비 굿입니다.",
    "Source": "쇼핑몰",
    "Domain": "가전",
    "MainCategory": "영상/음향가전",
    "ProductName": "Crystal UHD 삼성전자 KU65UA7000FXKR 스탠드",
    "ReviewScore": "5",
    "Syllable": "75",
    "Word": "17",
    "RDate": "20220216",
    "GeneralPolarity": "1",
    "Aspects": [
      {
        "Aspect": "품질",
        "SentimentText": "상품 품질 너무 좋습니다. 마음에 드네요!^^",
        "SentimentWord": "6",
        "SentimentPolarity": "1"
      },
      {
        "Aspect": "가격",
        "SentimentText": "65인치 티비를 완전 저렴하게 샀네요 ~~ 가성비 굿입니다.",
        "SentimentWord": "8",
        "SentimentPolarity": "1"
      }
    ]
  },
  {
    "Index": "13319",
    "RawText": "가격대비 품질 만족하구요  좋은제품 좋은가격에 잘사서 매우 고맙습니다 만족",
    "Source": "쇼핑몰",
    "Domain": "가전",
    "MainCategory": "영상/음향가전",
    "ProductName": "Crystal UHD 삼성전자 KU65UA7000FXKR 스탠드",
    "ReviewScore": "5",
    "Syllable": "41",
    "Word": "9",
    "RDate": "20220812",
    "Aspects": [
      {
        "Aspect": "품질",
        "SentimentText": "가격대비 품질 만족하구요 ",
        "SentimentWord": "3",
        "SentimentPolarity": "1"
      },
      {
        "Aspect": "가격",
        "SentimentText": "좋은제품 좋은가격에 잘사서 매우 고맙습니다 만족",
        "SentimentWord": "6",
        "SentimentPolarity": "1"
      }
    ]
  },
  {
    "Index": "13320",
    "RawText": "설치가 생각보다 오래걸리네요~ 밀착으로 주문할걸 앞부분이 너무 튀어나와 불편하네요~가격은 짱!입니다.",
    "Source": "쇼핑몰",
    "Domain": "가전",
    "MainCategory": "영상/음향가전",
    "ProductName": "Crystal UHD 삼성전자 KU65UA7000FXKR 스탠드",
    "ReviewScore": "5",
    "Syllable": "56",
    "Word": "10",
    "RDate": "20220529",
    "Aspects": [
      {
        "Aspect": "편의성",
        "SentimentText": "밀착으로 주문할걸 앞부분이 너무 튀어나와 불편하네요~",
        "SentimentWord": "6",
        "SentimentPolarity": "-1"
      },
      {
        "Aspect": "가격",
        "SentimentText": "가격은 짱!입니다.",
        "SentimentWord": "2",
        "SentimentPolarity": "1"
      }
    ]
  },
  {
    "Index": "13321",
    "RawText": "셋탑 문제인듯 하네요 화면이 멍해요 셋탑기능이 이상합니다.  예능프로 같은 경우에는 빠르게 지나가면 블럭 같은게 생기네요 풀샷에서는 인물 얼굴 모양이 많이 뭉개져서 알아보기 힘들 정도.. 화질 너무 실망했어요",
    "Source": "쇼핑몰",
    "Domain": "가전",
    "MainCategory": "영상/음향가전",
    "ProductName": "Crystal UHD 삼성전자 KU65UA7000FXKR 스탠드",
    "ReviewScore": "3",
    "Syllable": "116",
    "Word": "27",
    "RDate": "20220822",
    "GeneralPolarity": "-1",
    "Aspects": [
      {
        "Aspect": "기능",
        "SentimentText": "셋탑 문제인듯 하네요 화면이 멍해요 셋탑기능이 이상합니다. ",
        "SentimentWord": "7",
        "SentimentPolarity": "-1"
      },
      {
        "Aspect": "화질",
        "SentimentText": "풀샷에서는 인물 얼굴 모양이 많이 뭉개져서 알아보기 힘들 정도.. 화질 너무 실망했어요",
        "SentimentWord": "12",
        "SentimentPolarity": "-1"
      }
    ]
  },
  {
    "Index": "13322",
    "RawText": "tv 품질 아주 만족합니다. 굿^^ 화질 색감도 좋습니다. 마음에 너무 들어요 기존에 사용하더 타사 티비보다 좋습니다. 생각했던 것보다 좋습니다. 영화 등등 만족합니다",
    "Source": "쇼핑몰",
    "Domain": "가전",
    "MainCategory": "영상/음향가전",
    "ProductName": "Crystal UHD 삼성전자 KU65UA7000FXKR 스탠드",
    "ReviewScore": "5",
    "Syllable": "93",
    "Word": "22",
    "RDate": "20220304",
    "GeneralPolarity": "1",
    "Aspects": [
      {
        "Aspect": "품질",
        "SentimentText": "tv 품질 아주 만족합니다. 굿^^",
        "SentimentWord": "5",
        "SentimentPolarity": "1"
      },
      {
        "Aspect": "화질",
        "SentimentText": "화질 색감도 좋습니다. 마음에 너무 들어요 기존에 사용하더 타사 티비보다 좋습니다.",
        "SentimentWord": "11",
        "SentimentPolarity": "1"
      }
    ]
  },
  {
    "Index": "13323",
    "RawText": "기사님들이 친절히 tv 테스트 해주시고 가셨어요~ tv 품질 너무 맘에 들어요 리모컨 터치감도 너무 좋아요 감사합니다^^",
    "Source": "쇼핑몰",
    "Domain": "가전",
    "MainCategory": "영상/음향가전",
    "ProductName": "Crystal UHD 삼성전자 KU65UA7000FXKR 스탠드",
    "ReviewScore": "5",
    "Syllable": "67",
    "Word": "16",
    "RDate": "20211209",
    "Aspects": [
      {
        "Aspect": "품질",
        "SentimentText": "tv 품질 너무 맘에 들어요",
        "SentimentWord": "5",
        "SentimentPolarity": "1"
      },
      {
        "Aspect": "조작성",
        "SentimentText": "리모컨 터치감도 너무 좋아요",
        "SentimentWord": "4",
        "SentimentPolarity": "1"
      }
    ]
  },
  {
    "Index": "13324",
    "RawText": "약속시간보다 1시간 일찍와서 매우난감했네요;; 외관은 그냥 평범해요 디자인은 안보고 그냥 티비를 원하면 사세요 화질은 보통입니다 참고하세요^^",
    "Source": "쇼핑몰",
    "Domain": "가전",
    "MainCategory": "영상/음향가전",
    "ProductName": "Crystal UHD 삼성전자 KU65UA7000FXKR 스탠드",
    "ReviewScore": "5",
    "Syllable": "79",
    "Word": "16",
    "RDate": "20220628",
    "Aspects": [
      {
        "Aspect": "디자인",
        "SentimentText": "외관은 그냥 평범해요 디자인은 안보고 그냥 티비를 원하면 사세요",
        "SentimentWord": "9",
        "SentimentPolarity": "0"
      },
      {
        "Aspect": "화질",
        "SentimentText": "화질은 보통입니다 참고하세요^^",
        "SentimentWord": "3",
        "SentimentPolarity": "0"
      }
    ]
  },
  {
    "Index": "13325",
    "RawText": "약속한 시간에 맞춰 배송이 잘 왔습니다. 굿굿 화질이 많이 별로라는 댓글들 을 보고 고민을 참 많이 했었는데 개인적 차이인지 저는 괜찮은것같아요! 저는 만족합니다~^^ QLED는 너무 비싸고 중소기업 제품 사기에 망설이다가 결국 타협하듯 저렴이로 구매했지만 막상 설치하고나니 가성비짱 후회안할것겉네요!",
    "Source": "쇼핑몰",
    "Domain": "가전",
    "MainCategory": "영상/음향가전",
    "ProductName": "Crystal UHD 삼성전자 KU65UA7000FXKR 스탠드",
    "ReviewScore": "5",
    "Syllable": "168",
    "Word": "38",
    "RDate": "20220824",
    "Aspects": [
      {
        "Aspect": "화질",
        "SentimentText": "화질이 많이 별로라는 댓글들 을 보고 고민을 참 많이 했었는데 개인적 차이인지 저는 괜찮은것같아요! 저는 만족합니다~^^",
        "SentimentWord": "16",
        "SentimentPolarity": "1"
      },
      {
        "Aspect": "가격",
        "SentimentText": "QLED는 너무 비싸고 중소기업 제품 사기에 망설이다가 결국 타협하듯 저렴이로 구매했지만 막상 설치하고나니 가성비짱 후회안할것겉네요!",
        "SentimentWord": "15",
        "SentimentPolarity": "1"
      }
    ]
  },
  {
    "Index": "13326",
    "RawText": "ooo이 조건이나 가격이 좋아서 구매했어요 배송이 빨라 일주일도 안돼 바로 설치했어요 역시 ooo제품 최곱니다^^",
    "Source": "쇼핑몰",
    "Domain": "가전",
    "MainCategory": "영상/음향가전",
    "ProductName": "Crystal UHD 삼성전자 KU65UA7000FXKR 스탠드",
    "ReviewScore": "5",
    "Syllable": "63",
    "Word": "14",
    "RDate": "20220408",
    "Aspects": [
      {
        "Aspect": "가격",
        "SentimentText": "ooo이 조건이나 가격이 좋아서 구매했어요",
        "SentimentWord": "5",
        "SentimentPolarity": "1"
      },
      {
        "Aspect": "제조일/제조사",
        "SentimentText": "역시 ooo제품 최곱니다^^",
        "SentimentWord": "3",
        "SentimentPolarity": "1"
      }
    ]
  },
  {
    "Index": "13327",
    "RawText": "역시 믿고 사도 됩니다 매우 선명한 화질 너무 좋고 음향도 빵빵하니 좋고 기사님이 친절하게 설치도 깔끔하게 빠르게 잘해주시고요 만족 합니다",
    "Source": "쇼핑몰",
    "Domain": "가전",
    "MainCategory": "영상/음향가전",
    "ProductName": "Crystal UHD 삼성전자 KU65UA7000FXKR 스탠드",
    "ReviewScore": "5",
    "Syllable": "77",
    "Word": "20",
    "RDate": "20220830",
    "Aspects": [
      {
        "Aspect": "화질",
        "SentimentText": "매우 선명한 화질 너무 좋고",
        "SentimentWord": "5",
        "SentimentPolarity": "1"
      },
      {
        "Aspect": "음량/음질",
        "SentimentText": "음향도 빵빵하니 좋고",
        "SentimentWord": "3",
        "SentimentPolarity": "1"
      }
    ]
  },
  {
    "Index": "13328",
    "RawText": "예상 배송날짜보다 빨리 배송됐어요. 굿^^ 설치 기사님들도 친절하시고 시진처럼 깔끔하게 설치완료해 주셨네요. 쿠폰 사용해서 저렴하게 잘 샀어요. 갓성비 매우 만족합니다. 스마트한 기능들이 너무 좋네요. 추천할께요~",
    "Source": "쇼핑몰",
    "Domain": "가전",
    "MainCategory": "영상/음향가전",
    "ProductName": "Crystal UHD 삼성전자 KU65UA7000FXKR 스탠드",
    "ReviewScore": "5",
    "Syllable": "119",
    "Word": "25",
    "RDate": "20220604",
    "Aspects": [
      {
        "Aspect": "가격",
        "SentimentText": "쿠폰 사용해서 저렴하게 잘 샀어요. 갓성비 매우 만족합니다.",
        "SentimentWord": "8",
        "SentimentPolarity": "1"
      },
      {
        "Aspect": "기능",
        "SentimentText": "스마트한 기능들이 너무 좋네요.",
        "SentimentWord": "4",
        "SentimentPolarity": "1"
      }
    ]
  },
  {
    "Index": "13329",
    "RawText": "예상보다 배송 빨라서 좋았어요 굿 평가전을 큰TV로 볼 수 있어서 기분 좋습니다. 사이즈대만족^^ OO TV 정말 나무랄데가 없어요 추천백개^^",
    "Source": "쇼핑몰",
    "Domain": "가전",
    "MainCategory": "영상/음향가전",
    "ProductName": "Crystal UHD 삼성전자 KU65UA7000FXKR 스탠드",
    "ReviewScore": "5",
    "Syllable": "80",
    "Word": "19",
    "RDate": "20220605",
    "Aspects": [
      {
        "Aspect": "사이즈",
        "SentimentText": "평가전을 큰TV로 볼 수 있어서 기분 좋습니다. 사이즈대만족^^",
        "SentimentWord": "8",
        "SentimentPolarity": "1"
      },
      {
        "Aspect": "제조일/제조사",
        "SentimentText": "OO TV 정말 나무랄데가 없어요 추천백개^^",
        "SentimentWord": "6",
        "SentimentPolarity": "1"
      }
    ]
  },
  {
    "Index": "13330",
    "RawText": "오늘 제품 잘 받아서 설치 완료했어요~ 생각보다 빨리와서 좋았어요기사님 친절하게 설명 잘해주시고 넘 행복^^ 얇은 베젤 디자인이 넘 예뻐요~ 티비 화질 또한 너무 맘에 듭니다 대만족!",
    "Source": "쇼핑몰",
    "Domain": "가전",
    "MainCategory": "영상/음향가전",
    "ProductName": "Crystal UHD 삼성전자 KU65UA7000FXKR 스탠드",
    "ReviewScore": "5",
    "Syllable": "102",
    "Word": "26",
    "RDate": "20220528",
    "Aspects": [
      {
        "Aspect": "디자인",
        "SentimentText": "얇은 베젤 디자인이 넘 예뻐요~",
        "SentimentWord": "5",
        "SentimentPolarity": "1"
      },
      {
        "Aspect": "화질",
        "SentimentText": "티비 화질 또한 너무 맘에 듭니다 대만족!",
        "SentimentWord": "7",
        "SentimentPolarity": "1"
      }
    ]
  },
  {
    "Index": "13331",
    "RawText": "배송은 오래걸렸고 화질이 아주 좋은건 모르겠습니다 가격대비 딱 좋아요 스마트 티비라 셋탑없이 ㅇㅇㅇ등 볼 수 있어 좋구요",
    "Source": "쇼핑몰",
    "Domain": "가전",
    "MainCategory": "영상/음향가전",
    "ProductName": "Crystal UHD 삼성전자 KU65UA7000FXKR 스탠드",
    "ReviewScore": "5",
    "Syllable": "67",
    "Word": "17",
    "RDate": "20220223",
    "Aspects": [
      {
        "Aspect": "화질",
        "SentimentText": " 화질이 아주 좋은건 모르겠습니다",
        "SentimentWord": "4",
        "SentimentPolarity": "-1"
      },
      {
        "Aspect": "가격",
        "SentimentText": "가격대비 딱 좋아요",
        "SentimentWord": "3",
        "SentimentPolarity": "1"
      },
      {
        "Aspect": "기능",
        "SentimentText": "스마트 티비라 셋탑없이 ㅇㅇㅇ등 볼 수 있어 좋구요",
        "SentimentWord": "8",
        "SentimentPolarity": "1"
      }
    ]
  },
  {
    "Index": "13332",
    "RawText": "확실히 선명해진 화질로 티비 볼 맛이 납니다. 가격대비 가성비 최고예요!!!",
    "Source": "쇼핑몰",
    "Domain": "가전",
    "MainCategory": "영상/음향가전",
    "ProductName": "Crystal UHD 삼성전자 KU65UA7000FXKR 스탠드",
    "ReviewScore": "5",
    "Syllable": "42",
    "Word": "10",
    "RDate": "20220429",
    "GeneralPolarity": "1",
    "Aspects": [
      {
        "Aspect": "화질",
        "SentimentText": "확실히 선명해진 화질로 티비 볼 맛이 납니다",
        "SentimentWord": "7",
        "SentimentPolarity": "1"
      },
      {
        "Aspect": "가격",
        "SentimentText": "가격대비 가성비 최고예요!!!",
        "SentimentWord": "3",
        "SentimentPolarity": "1"
      }
    ]
  },
  {
    "Index": "13333",
    "RawText": "티비 크기를 작은 걸 사려다가 주위에서 이왕이면 큰 걸 사라고 해서 65인치를 샀습니다. 물건 받고 보니 너무 만족합니다~ㅎㅎ 넓은 화면으로 영화 보는데 영화관에 온거 같아요~^^ 화질도 진짜 좋아서 최고입니다~ 굳 초이스~!!^^",
    "Source": "쇼핑몰",
    "Domain": "가전",
    "MainCategory": "영상/음향가전",
    "ProductName": "Crystal UHD 삼성전자 KU65UA7000FXKR 스탠드",
    "ReviewScore": "5",
    "Syllable": "129",
    "Word": "31",
    "RDate": "20211219",
    "Aspects": [
      {
        "Aspect": "사이즈",
        "SentimentText": "넓은 화면으로 영화 보는데 영화관에 온거 같아요~^^",
        "SentimentWord": "7",
        "SentimentPolarity": "1"
      },
      {
        "Aspect": "화질",
        "SentimentText": "화질도 진짜 좋아서 최고입니다~ 굳 초이스~!!^^",
        "SentimentWord": "6",
        "SentimentPolarity": "1"
      }
    ]
  },
  {
    "Index": "13334",
    "RawText": "스마트 TV 찾다가 이 모델로 결정~ 가성비가 좋은 제품이네요. 에너지1등급이라 전기세도 많이 안나오고 정말 만족합니다!",
    "Source": "쇼핑몰",
    "Domain": "가전",
    "MainCategory": "영상/음향가전",
    "ProductName": "Crystal UHD 삼성전자 KU65UA7000FXKR 스탠드",
    "ReviewScore": "5",
    "Syllable": "67",
    "Word": "15",
    "RDate": "20220808",
    "Aspects": [
      {
        "Aspect": "가격",
        "SentimentText": "가성비가 좋은 제품이네요.",
        "SentimentWord": "3",
        "SentimentPolarity": "1"
      },
      {
        "Aspect": "소비전력",
        "SentimentText": "에너지1등급이라 전기세도 많이 안나오고 정말 만족합니다!",
        "SentimentWord": "6",
        "SentimentPolarity": "1"
      }
    ]
  },
  {
    "Index": "13335",
    "RawText": "작은 티비 보다가 65인치 큰화면으로 보니 너무 좋아요 셋톱박스하고 TV도 이참에 바꾸니 프로그램 볼게 많아 좋아요. 기사님도 시간 잘 지켜주시고 친절하셔서 만족해요",
    "Source": "쇼핑몰",
    "Domain": "가전",
    "MainCategory": "영상/음향가전",
    "ProductName": "Crystal UHD 삼성전자 KU65UA7000FXKR 스탠드",
    "ReviewScore": "5",
    "Syllable": "92",
    "Word": "22",
    "RDate": "20220710",
    "Aspects": [
      {
        "Aspect": "사이즈",
        "SentimentText": "작은티비 보다가 65인치 큰화면으로 보니 너무 좋아요",
        "SentimentWord": "7",
        "SentimentPolarity": "1"
      },
      {
        "Aspect": "편의성",
        "SentimentText": "셋톱박스하고 TV도 이참에 바꾸니 프로그램 볼게 많아 좋아요. ",
        "SentimentWord": "8",
        "SentimentPolarity": "1"
      }
    ]
  },
  {
    "Index": "13336",
    "RawText": "배송이 빠르네요. 65인치 큰화면으로 보니 좋네요 화질은 기대보다 약간 떨어지는거 같아요 ㅜㅜ",
    "Source": "쇼핑몰",
    "Domain": "가전",
    "MainCategory": "영상/음향가전",
    "ProductName": "Crystal UHD 삼성전자 KU65UA7000FXKR 스탠드",
    "ReviewScore": "5",
    "Syllable": "52",
    "Word": "12",
    "RDate": "20220630",
    "Aspects": [
      {
        "Aspect": "사이즈",
        "SentimentText": "65인치 큰 화면으로 보니 좋네요",
        "SentimentWord": "5",
        "SentimentPolarity": "1"
      },
      {
        "Aspect": "화질",
        "SentimentText": "화질은 기대보다 약간 떨어지는거 같아요 ㅜㅜ",
        "SentimentWord": "6",
        "SentimentPolarity": "-1"
      }
    ]
  },
  {
    "Index": "13337",
    "RawText": "가격대비 만족해요 배송도 빠르고^^ 에너지효율 1등급이라서 전기세도 절약되고 좋아요^^",
    "Source": "쇼핑몰",
    "Domain": "가전",
    "MainCategory": "영상/음향가전",
    "ProductName": "Crystal UHD 삼성전자 KU65UA7000FXKR 스탠드",
    "ReviewScore": "5",
    "Syllable": "48",
    "Word": "9",
    "RDate": "20220613",
    "Aspects": [
      {
        "Aspect": "가격",
        "SentimentText": "가격대비 만족해요 ",
        "SentimentWord": "2",
        "SentimentPolarity": "1"
      },
      {
        "Aspect": "소비전력",
        "SentimentText": "에너지효율 1등급이라서 전기세도 절약되고 좋아요^^",
        "SentimentWord": "5",
        "SentimentPolarity": "1"
      }
    ]
  },
  {
    "Index": "13338",
    "RawText": "최고할인가에 샀어요 늦게 받을지 알았는데 오늘 배송되어서 깜짝 놀랐어요 카드변경 재결제요청했었는데 판매자님이 친절하시더라구요ㅎㅎ화면 사이즈 커서 글씨 잘 보여요",
    "Source": "쇼핑몰",
    "Domain": "가전",
    "MainCategory": "영상/음향가전",
    "ProductName": "Crystal UHD 삼성전자 KU65UA7000FXKR 스탠드",
    "ReviewScore": "5",
    "Syllable": "89",
    "Word": "18",
    "RDate": "20220531",
    "Aspects": [
      {
        "Aspect": "가격",
        "SentimentText": "최고할인가에 샀어요",
        "SentimentWord": "2",
        "SentimentPolarity": "1"
      },
      {
        "Aspect": "사이즈",
        "SentimentText": "화면 사이즈 커서 글씨 잘 보여요",
        "SentimentWord": "6",
        "SentimentPolarity": "1"
      }
    ]
  },
  {
    "Index": "13339",
    "RawText": "가격대비 가성비 굿이예요 화면크기 커서 좋아요 배송도 빠르구요 아쉬운 점은 리모콘이 너무 단순해 불편하고 반응속도가 느리네요. 스탠드가 너무 넓어서 티비다이에 여유공간이 없을정도로 너무 크네요",
    "Source": "쇼핑몰",
    "Domain": "가전",
    "MainCategory": "영상/음향가전",
    "ProductName": "Crystal UHD 삼성전자 KU65UA7000FXKR 스탠드",
    "ReviewScore": "5",
    "Syllable": "107",
    "Word": "24",
    "RDate": "20220121",
    "Aspects": [
      {
        "Aspect": "가격",
        "SentimentText": "가격대비 가성비 굿이예요",
        "SentimentWord": "3",
        "SentimentPolarity": "1"
      },
      {
        "Aspect": "사이즈",
        "SentimentText": "화면크기 커서 좋아요",
        "SentimentWord": "3",
        "SentimentPolarity": "1"
      },
      {
        "Aspect": "편의성",
        "SentimentText": "리모콘이 너무 단순해 불편하고",
        "SentimentWord": "4",
        "SentimentPolarity": "-1"
      },
      {
        "Aspect": "시간/속도",
        "SentimentText": "반응속도가 느리네요",
        "SentimentWord": "2",
        "SentimentPolarity": "-1"
      },
      {
        "Aspect": "사이즈",
        "SentimentText": "스탠드가 너무 넓어서 티비다이에 여유공간이 없을정도로 너무 크네요",
        "SentimentWord": "8",
        "SentimentPolarity": "-1"
      }
    ]
  },
  {
    "Index": "13340",
    "RawText": "가격대비 가성비 짱!! 베젤이 얇아서 화면사이즈가 훨씬 커보여요^^",
    "Source": "쇼핑몰",
    "Domain": "가전",
    "MainCategory": "영상/음향가전",
    "ProductName": "Crystal UHD 삼성전자 KU65UA7000FXKR 스탠드",
    "ReviewScore": "5",
    "Syllable": "37",
    "Word": "8",
    "RDate": "20220207",
    "Aspects": [
      {
        "Aspect": "가격",
        "SentimentText": "가격대비 가성비 짱!!",
        "SentimentWord": "3",
        "SentimentPolarity": "1"
      },
      {
        "Aspect": "사이즈",
        "SentimentText": "베젤이 얇아서 화면사이즈가 훨씬 커보여요^^",
        "SentimentWord": "5",
        "SentimentPolarity": "1"
      }
    ]
  },
  {
    "Index": "13341",
    "RawText": "싸게 잘 구입했어요. 배송도 아주 빨라서 2일만에 도착해 바로 설치했어요 폰으로 연결해서 보는 것도 쉽고 편하네요",
    "Source": "쇼핑몰",
    "Domain": "가전",
    "MainCategory": "영상/음향가전",
    "ProductName": "Crystal UHD 삼성전자 KU65UA7000FXKR 스탠드",
    "ReviewScore": "5",
    "Syllable": "63",
    "Word": "16",
    "RDate": "20220327",
    "Aspects": [
      {
        "Aspect": "가격",
        "SentimentText": "싸게 잘 구입했어요",
        "SentimentWord": "3",
        "SentimentPolarity": "1"
      },
      {
        "Aspect": "편의성",
        "SentimentText": "폰으로 연결해서 보는 것도 쉽고 편하네요",
        "SentimentWord": "6",
        "SentimentPolarity": "1"
      }
    ]
  },
  {
    "Index": "13342",
    "RawText": "가성비 최고예요! 화질도 선명해서 좋구요 배송도 빠른편입니다. 사용해보니 상품 품질 만족도 높아서 추천합니다.",
    "Source": "쇼핑몰",
    "Domain": "가전",
    "MainCategory": "영상/음향가전",
    "ProductName": "Crystal UHD 삼성전자 KU65UA7000FXKR 스탠드",
    "ReviewScore": "5",
    "Syllable": "61",
    "Word": "13",
    "RDate": "20220314",
    "Aspects": [
      {
        "Aspect": "가격",
        "SentimentText": "가성비 최고예요! ",
        "SentimentWord": "2",
        "SentimentPolarity": "1"
      },
      {
        "Aspect": "화질",
        "SentimentText": "화질도 선명해서 좋구요",
        "SentimentWord": "3",
        "SentimentPolarity": "1"
      },
      {
        "Aspect": "품질",
        "SentimentText": "사용해보니 상품 품질 만족도 높아서 추천합니다",
        "SentimentWord": "6",
        "SentimentPolarity": "1"
      }
    ]
  },
  {
    "Index": "13343",
    "RawText": "빠른 배송으로 다음날 도착해 좋았고 설치후 설명도 친절하게 해주셔서 감사합니다. 예상보다 음질이 좋아요 65인치 크기도 적당하고 티비 시청하는데 이 정도면 만족해요.",
    "Source": "쇼핑몰",
    "Domain": "가전",
    "MainCategory": "영상/음향가전",
    "ProductName": "Crystal UHD 삼성전자 KU65UA7000FXKR 스탠드",
    "ReviewScore": "5",
    "Syllable": "92",
    "Word": "21",
    "RDate": "20220811",
    "Aspects": [
      {
        "Aspect": "음량/음질",
        "SentimentText": "예상보다 음질이 좋아요",
        "SentimentWord": "3",
        "SentimentPolarity": "1"
      },
      {
        "Aspect": "사이즈",
        "SentimentText": "65인치 크기도 적당하고 티비 시청하는데 이 정도면 만족해요.",
        "SentimentWord": "8",
        "SentimentPolarity": "1"
      }
    ]
  },
  {
    "Index": "13344",
    "RawText": "낡은 티비를 놓아주고.. 새 티비를 장만했습니다!! 먼저 4K UHD 화질 진짜 끝내줘요~^^ 여러 기능 사용해보려고 리모컨으로 설정하는데 사용하기도 쉽고 편리합니다~ 티비 잘 산것 같아요~ 추천합니다~^^",
    "Source": "쇼핑몰",
    "Domain": "가전",
    "MainCategory": "영상/음향가전",
    "ProductName": "Crystal UHD 삼성전자 KU65UA7000FXKR 스탠드",
    "ReviewScore": "5",
    "Syllable": "115",
    "Word": "25",
    "RDate": "20220714",
    "Aspects": [
      {
        "Aspect": "화질",
        "SentimentText": "4K UHD 화질 진짜 끝내줘요~^^",
        "SentimentWord": "5",
        "SentimentPolarity": "1"
      },
      {
        "Aspect": "편의성",
        "SentimentText": "여러 기능 사용해보려고 리모컨으로 설정하는데 사용하기도 쉽고 편리합니다~",
        "SentimentWord": "8",
        "SentimentPolarity": "1"
      }
    ]
  },
  {
    "Index": "13345",
    "RawText": "이번 행사에 할인 가격으로 잘 구매했어요~ 맘먹고 샀는데 품질 역시 최고네요ㅎ",
    "Source": "쇼핑몰",
    "Domain": "가전",
    "MainCategory": "영상/음향가전",
    "ProductName": "Crystal UHD 삼성전자 KU65UA7000FXKR 스탠드",
    "ReviewScore": "5",
    "Syllable": "43",
    "Word": "11",
    "RDate": "20220528",
    "Aspects": [
      {
        "Aspect": "가격",
        "SentimentText": "이번 행사에 할인 가격으로 잘 구매했어요~",
        "SentimentWord": "6",
        "SentimentPolarity": "1"
      },
      {
        "Aspect": "품질",
        "SentimentText": "맘먹고 샀는데 품질 역시 최고네요ㅎ",
        "SentimentWord": "5",
        "SentimentPolarity": "1"
      }
    ]
  },
  {
    "Index": "13346",
    "RawText": "급하게 주문했는데 확실히 화질이 선명한게 좋구 스마트기능이 있어서 아주 편해요 다른 오픈마켓보다 ㅇㅇㅇ가 훨씬 싸고 배송도 빨라서 좋아요",
    "Source": "쇼핑몰",
    "Domain": "가전",
    "MainCategory": "영상/음향가전",
    "ProductName": "Crystal UHD 삼성전자 KU65UA7000FXKR 스탠드",
    "ReviewScore": "5",
    "Syllable": "76",
    "Word": "18",
    "RDate": "20220812",
    "Aspects": [
      {
        "Aspect": "화질",
        "SentimentText": "화질이 선명한게 좋구",
        "SentimentWord": "3",
        "SentimentPolarity": "1"
      },
      {
        "Aspect": "기능",
        "SentimentText": "스마트기능이 있어서 아주 편해요",
        "SentimentWord": "4",
        "SentimentPolarity": "1"
      },
      {
        "Aspect": "가격",
        "SentimentText": "다른 오픈마켓보다 ㅇㅇㅇ가 훨씬 싸고",
        "SentimentWord": "5",
        "SentimentPolarity": "1"
      }
    ]
  },
  {
    "Index": "13347",
    "RawText": "음향쪽은 별로예요ㅠㅠ  그치만 티비 화질은 마음에 들어요ㅎ",
    "Source": "쇼핑몰",
    "Domain": "가전",
    "MainCategory": "영상/음향가전",
    "ProductName": "Crystal UHD 삼성전자 KU65UA7000FXKR 스탠드",
    "ReviewScore": "5",
    "Syllable": "32",
    "Word": "7",
    "RDate": "20220528",
    "Aspects": [
      {
        "Aspect": "음량/음질",
        "SentimentText": "음향쪽은 별로예요ㅠㅠ",
        "SentimentWord": "2",
        "SentimentPolarity": "-1"
      },
      {
        "Aspect": "화질",
        "SentimentText": "그치만 티비 화질은 마음에 들어요ㅎ",
        "SentimentWord": "5",
        "SentimentPolarity": "1"
      }
    ]
  },
  {
    "Index": "13348",
    "RawText": "큰tv로 보니 무게도 가볍고 화질도 선명하고 볼만하네요 토요일 주문했는데 월요일 오전에 왔어요 기사님도 친절하시고 카드청구할인이랑 쿠폰사용해 저렴한 가격에 구입했어요",
    "Source": "쇼핑몰",
    "Domain": "가전",
    "MainCategory": "영상/음향가전",
    "ProductName": "Crystal UHD 삼성전자 KU65UA7000FXKR 스탠드",
    "ReviewScore": "4",
    "Syllable": "92",
    "Word": "19",
    "RDate": "20220801",
    "Aspects": [
      {
        "Aspect": "무게",
        "SentimentText": "큰tv로 보니 무게도 가볍고",
        "SentimentWord": "4",
        "SentimentPolarity": "1"
      },
      {
        "Aspect": "화질",
        "SentimentText": "화질도 선명하고 볼만하네요",
        "SentimentWord": "3",
        "SentimentPolarity": "1"
      },
      {
        "Aspect": "가격",
        "SentimentText": "저렴한 가격에 구입했어요",
        "SentimentWord": "3",
        "SentimentPolarity": "1"
      }
    ]
  },
  {
    "Index": "13349",
    "RawText": "부모님 테레비가 잘 안나온다고 하셔서 선물로 보내드렸어요 기존 티비보다 크다고 좋아하세요 그리고 디자인도 뭔가 고급져보인다고 좋다고 하시네요",
    "Source": "쇼핑몰",
    "Domain": "가전",
    "MainCategory": "영상/음향가전",
    "ProductName": "Crystal UHD 삼성전자 KU65UA7000FXKR 스탠드",
    "ReviewScore": "4",
    "Syllable": "78",
    "Word": "17",
    "RDate": "20220529",
    "Aspects": [
      {
        "Aspect": "사이즈",
        "SentimentText": "기존 티비보다 크다고 좋아하세요 ",
        "SentimentWord": "4",
        "SentimentPolarity": "1"
      },
      {
        "Aspect": "디자인",
        "SentimentText": "디자인도 뭔가 고급져보인다고 좋다고 하시네요",
        "SentimentWord": "5",
        "SentimentPolarity": "1"
      }
    ]
  },
  {
    "Index": "13350",
    "RawText": "특가로 싸게 사서 굿이네요.기사님 두분이 금장 설치해주시고 가셨어요 좋네요~^^화질 굿굿 맘에 쏙 들어요",
    "Source": "쇼핑몰",
    "Domain": "가전",
    "MainCategory": "영상/음향가전",
    "ProductName": "Crystal UHD 삼성전자 KU65UA7000FXKR 스탠드",
    "ReviewScore": "5",
    "Syllable": "58",
    "Word": "13",
    "RDate": "20220531",
    "Aspects": [
      {
        "Aspect": "가격",
        "SentimentText": "특가로 싸게 사서 굿이네요",
        "SentimentWord": "4",
        "SentimentPolarity": "1"
      },
      {
        "Aspect": "화질",
        "SentimentText": "화질 굿굿 맘에 쏙 들어요",
        "SentimentWord": "5",
        "SentimentPolarity": "1"
      }
    ]
  },
  {
    "Index": "13351",
    "RawText": "화면사이즈가 커서 정말 영상 볼맛이 나네요~  화면이 커서인지 화질은 좀 떨어지는듯해요...",
    "Source": "쇼핑몰",
    "Domain": "가전",
    "MainCategory": "영상/음향가전",
    "ProductName": "Crystal UHD 삼성전자 KU65UA7000FXKR 스탠드",
    "ReviewScore": "5",
    "Syllable": "51",
    "Word": "11",
    "RDate": "20220828",
    "Aspects": [
      {
        "Aspect": "사이즈",
        "SentimentText": "화면사이즈가 커서 정말 영상 볼맛이 나네요~",
        "SentimentWord": "6",
        "SentimentPolarity": "1"
      },
      {
        "Aspect": "화질",
        "SentimentText": "화면이 커서인지 화질은 좀 떨어지는듯해요...",
        "SentimentWord": "5",
        "SentimentPolarity": "-1"
      }
    ]
  },
  {
    "Index": "13352",
    "RawText": "화질이 너무 안 좋고 선명도가 너무 나빠요 ㅜㅜ 비싼 가격주고 질렀는데 실망했어요ㅠ 7일 이내는 반품이 된다했지만 설치했는데 반품이 안된다해서 후회합니다.",
    "Source": "쇼핑몰",
    "Domain": "가전",
    "MainCategory": "영상/음향가전",
    "ProductName": "Crystal UHD 삼성전자 KU65UA7000FXKR 스탠드",
    "ReviewScore": "1",
    "Syllable": "86",
    "Word": "20",
    "RDate": "20220323",
    "Aspects": [
      {
        "Aspect": "화질",
        "SentimentText": "화질이 너무 안 좋고 선명도가 너무 나빠요 ㅜㅜ",
        "SentimentWord": "8",
        "SentimentPolarity": "-1"
      },
      {
        "Aspect": "가격",
        "SentimentText": "비싼 가격주고 질렀는데 실망했어요ㅠ",
        "SentimentWord": "4",
        "SentimentPolarity": "-1"
      }
    ]
  },
  {
    "Index": "13353",
    "RawText": "한달사용 후 후기 남겨요. 65인치 tv 화면이 크고 화질도 좋고 음질도  모두 좋아요 스마트티비라 영화 보는 재미가 즐겁습니다",
    "Source": "쇼핑몰",
    "Domain": "가전",
    "MainCategory": "영상/음향가전",
    "ProductName": "Crystal UHD 삼성전자 KU65UA7000FXKR 스탠드",
    "ReviewScore": "5",
    "Syllable": "71",
    "Word": "18",
    "RDate": "20220630",
    "GeneralPolarity": "1",
    "Aspects": [
      {
        "Aspect": "사이즈",
        "SentimentText": "tv 화면이 크고 ",
        "SentimentWord": "3",
        "SentimentPolarity": "1"
      },
      {
        "Aspect": "화질",
        "SentimentText": "화질도 좋고",
        "SentimentWord": "2",
        "SentimentPolarity": "1"
      },
      {
        "Aspect": "음량/음질",
        "SentimentText": "음질도 모두 좋아요",
        "SentimentWord": "3",
        "SentimentPolarity": "1"
      },
      {
        "Aspect": "기능",
        "SentimentText": "스마트티비라 영화 보는 재미가 즐겁습니다",
        "SentimentWord": "5",
        "SentimentPolarity": "1"
      }
    ]
  },
  {
    "Index": "13354",
    "RawText": "화면이 크고 화질이 선명하니 집에서 영화 보기 딱! 좋아요. 스마트 티비라 다양한  채널들을 볼수 있어 아주 좋네요. 설치도 빠르고 기사님이 친절해요. 스탠드는  다리가 조금 약해보이고 불안하네요. 설치가능하면 벽걸이로 하는걸 추천해요.",
    "Source": "쇼핑몰",
    "Domain": "가전",
    "MainCategory": "영상/음향가전",
    "ProductName": "Crystal UHD 삼성전자 KU65UA7000FXKR 스탠드",
    "ReviewScore": "5",
    "Syllable": "132",
    "Word": "30",
    "RDate": "20220531",
    "Aspects": [
      {
        "Aspect": "사이즈",
        "SentimentText": "화면이 크고",
        "SentimentWord": "2",
        "SentimentPolarity": "1"
      },
      {
        "Aspect": "화질",
        "SentimentText": "화질이 선명하니 집에서 영화 보기 딱! 좋아요.",
        "SentimentWord": "7",
        "SentimentPolarity": "1"
      },
      {
        "Aspect": "기능",
        "SentimentText": "스마트 티비라 다양한 채널들을 볼수 있어 아주 좋네요",
        "SentimentWord": "8",
        "SentimentPolarity": "1"
      },
      {
        "Aspect": "내구성",
        "SentimentText": "스탠드는 다리가 조금 약해보이고 불안하네요.",
        "SentimentWord": "5",
        "SentimentPolarity": "-1"
      }
    ]
  },
  {
    "Index": "13355",
    "RawText": "화질 너무 조으네요 .uhd tv 색재현력이 끝내주네요 선명해서 노무 놀라울 정도예요!!가성비 역시 짱 최고임",
    "Source": "쇼핑몰",
    "Domain": "가전",
    "MainCategory": "영상/음향가전",
    "ProductName": "Crystal UHD 삼성전자 KU65UA7000FXKR 스탠드",
    "ReviewScore": "5",
    "Syllable": "61",
    "Word": "14",
    "RDate": "20220823",
    "GeneralPolarity": "1",
    "Aspects": [
      {
        "Aspect": "화질",
        "SentimentText": "화질 너무 조으네요 .",
        "SentimentWord": "4",
        "SentimentPolarity": "1"
      },
      {
        "Aspect": "화질",
        "SentimentText": "uhd tv 색재현력이 끝내주네요 선명해서 노무 놀라울 정도예요!!",
        "SentimentWord": "8",
        "SentimentPolarity": "1"
      },
      {
        "Aspect": "가격",
        "SentimentText": "가성비 역시 짱 최고임",
        "SentimentWord": "4",
        "SentimentPolarity": "1"
      }
    ]
  },
  {
    "Index": "13356",
    "RawText": "화질이 생각한것보다 별로예요 상품설명에는 4K라써있지만 그정도 화질은아닌것 같아요 기대이하입니닷",
    "Source": "쇼핑몰",
    "Domain": "가전",
    "MainCategory": "영상/음향가전",
    "ProductName": "Crystal UHD 삼성전자 KU65UA7000FXKR 스탠드",
    "ReviewScore": "5",
    "Syllable": "53",
    "Word": "9",
    "RDate": "20220623",
    "GeneralPolarity": "-1",
    "Aspects": [
      {
        "Aspect": "화질",
        "SentimentText": "화질이 생각한것보다 별로예요 ",
        "SentimentWord": "3",
        "SentimentPolarity": "-1"
      },
      {
        "Aspect": "화질",
        "SentimentText": "4K라써있지만 그정도 화질은아닌것 같아요 기대이하입니닷",
        "SentimentWord": "5",
        "SentimentPolarity": "-1"
      }
    ]
  },
  {
    "Index": "13357",
    "RawText": "텔레비전 음량은 별로예요ㅜㅜ 화면 사이즈는  크고 좋은것같아요",
    "Source": "쇼핑몰",
    "Domain": "가전",
    "MainCategory": "영상/음향가전",
    "ProductName": "Crystal UHD 삼성전자 KU75UA7000FXKR 스탠드",
    "ReviewScore": "5",
    "Syllable": "34",
    "Word": "7",
    "RDate": "20220123",
    "Aspects": [
      {
        "Aspect": "음량/음질",
        "SentimentText": "텔레비전 음량은 별로예요ㅜㅜ",
        "SentimentWord": "3",
        "SentimentPolarity": "-1"
      },
      {
        "Aspect": "사이즈",
        "SentimentText": "화면 사이즈는  크고 좋은것같아요",
        "SentimentWord": "4",
        "SentimentPolarity": "1"
      }
    ]
  },
  {
    "Index": "13358",
    "RawText": "44인치 TV를 보다가 75인치를 보니 눈이 시원합니다. 아주 크고 좋네요. 가족들이 디자인 예쁜 티비 샀다고 좋아합니다. 배송도 아주 빠르고 배송기사님들도 친절하게 일처리해주시네요",
    "Source": "쇼핑몰",
    "Domain": "가전",
    "MainCategory": "영상/음향가전",
    "ProductName": "Crystal UHD 삼성전자 KU75UA7000FXKR 스탠드",
    "ReviewScore": "5",
    "Syllable": "101",
    "Word": "22",
    "RDate": "20220605",
    "Aspects": [
      {
        "Aspect": "사이즈",
        "SentimentText": "아주 크고 좋네요",
        "SentimentWord": "3",
        "SentimentPolarity": "1"
      },
      {
        "Aspect": "디자인",
        "SentimentText": "가족들이 디자인 예쁜 티비 샀다고 좋아합니다",
        "SentimentWord": "6",
        "SentimentPolarity": "1"
      }
    ]
  },
  {
    "Index": "13359",
    "RawText": "48인치 보다 더 큰걸로 바꿨는데 커서 좋아요^^화질도 좋구요 음질도 굿굿 잘산거 같아요~~",
    "Source": "쇼핑몰",
    "Domain": "가전",
    "MainCategory": "영상/음향가전",
    "ProductName": "Crystal UHD 삼성전자 KU75UA7000FXKR 스탠드",
    "ReviewScore": "5",
    "Syllable": "51",
    "Word": "12",
    "RDate": "20220603",
    "GeneralPolarity": "1",
    "Aspects": [
      {
        "Aspect": "사이즈",
        "SentimentText": "48인치 보다 더 큰걸로 바꿨는데 커서 좋아요^^",
        "SentimentWord": "7",
        "SentimentPolarity": "1"
      },
      {
        "Aspect": "화질",
        "SentimentText": "화질도 좋구요",
        "SentimentWord": "2",
        "SentimentPolarity": "1"
      },
      {
        "Aspect": "음량/음질",
        "SentimentText": "음질도 굿굿 잘산거 같아요~~",
        "SentimentWord": "4",
        "SentimentPolarity": "1"
      }
    ]
  },
  {
    "Index": "13360",
    "RawText": "티비를 큰 사이즈로 바꾸고 싶어서 고민하다 주문했어요 정말 맘에 듭니다. 영화관 부럽지 않아요~ 블랙 색상도 깔끔한게 이뻐요~추천!!",
    "Source": "쇼핑몰",
    "Domain": "가전",
    "MainCategory": "영상/음향가전",
    "ProductName": "Crystal UHD 삼성전자 KU75UA7000FXKR 스탠드",
    "ReviewScore": "5",
    "Syllable": "74",
    "Word": "17",
    "RDate": "20220131",
    "Aspects": [
      {
        "Aspect": "사이즈",
        "SentimentText": "티비를 큰 사이즈로 바꾸고 싶어서 고민하다 주문했어요 정말 맘에 듭니다.",
        "SentimentWord": "10",
        "SentimentPolarity": "1"
      },
      {
        "Aspect": "색상",
        "SentimentText": "블랙 색상도 깔끔한게 이뻐요~추천!!",
        "SentimentWord": "4",
        "SentimentPolarity": "1"
      }
    ]
  },
  {
    "Index": "13361",
    "RawText": "UHD방송 많지않아서 ○○○엘이디 화질과 별차이가 없네요 그렇치만 소비전력1등급이라 좋아요 거기다 사운드바, 벽걸이설치 서비스 공짜네요. 배송은 느리지만 만족합니다.",
    "Source": "쇼핑몰",
    "Domain": "가전",
    "MainCategory": "영상/음향가전",
    "ProductName": "Crystal UHD 삼성전자 KU75UA7000FXKR 스탠드",
    "ReviewScore": "5",
    "Syllable": "92",
    "Word": "17",
    "RDate": "20220111",
    "Aspects": [
      {
        "Aspect": "화질",
        "SentimentText": "○○○엘이디 화질과 별차이가 없네요",
        "SentimentWord": "4",
        "SentimentPolarity": "-1"
      },
      {
        "Aspect": "소비전력",
        "SentimentText": "소비전력1등급이라 좋아요",
        "SentimentWord": "2",
        "SentimentPolarity": "1"
      }
    ]
  }
]