[
  {
    "Index": "13162",
    "RawText": "배송이 아주 빠른지는 모르겠네요 기사님들이 10분도 안걸려서 다 설치 끝내주고 설명도 친절히 해주셨어요 티비 음질은 뭐 나쁘지도 않고 보통이네요 대신에 화질은 대박 좋습니다 굳",
    "Source": "쇼핑몰",
    "Domain": "가전",
    "MainCategory": "영상/음향가전",
    "ProductName": "Crystal UHD 삼성전자 KU50UA7050FXKR 스탠드",
    "ReviewScore": "4",
    "Syllable": "98",
    "Word": "24",
    "RDate": "20220805",
    "Aspects": [
      {
        "Aspect": "음량/음질",
        "SentimentText": "티비 음질은 뭐 나쁘지도 않고 보통이네요",
        "SentimentWord": "6",
        "SentimentPolarity": "0"
      },
      {
        "Aspect": "화질",
        "SentimentText": "화질은 대박 좋습니다 굳",
        "SentimentWord": "4",
        "SentimentPolarity": "1"
      }
    ]
  },
  {
    "Index": "13163",
    "RawText": "저렴한 가격에 샀습니다. 배송은 빠른지는 잘 모르겠고 기사님이 약속시간에 딱 맞춰 방문하셔서 친절하게 설명 잘 해주셨어요. 다만 리모컨이 작네요ㅎ 그럭저럭 만족합니다.",
    "Source": "쇼핑몰",
    "Domain": "가전",
    "MainCategory": "영상/음향가전",
    "ProductName": "Crystal UHD 삼성전자 KU50UA7050FXKR 스탠드",
    "ReviewScore": "5",
    "Syllable": "93",
    "Word": "21",
    "RDate": "20220726",
    "Aspects": [
      {
        "Aspect": "가격",
        "SentimentText": "저렴한 가격에 샀습니다.",
        "SentimentWord": "3",
        "SentimentPolarity": "1"
      },
      {
        "Aspect": "사이즈",
        "SentimentText": "리모컨이 작네요ㅎ 그럭저럭 만족합니다.",
        "SentimentWord": "4",
        "SentimentPolarity": "0"
      }
    ]
  },
  {
    "Index": "13164",
    "RawText": "가성비 좋아요. 다만 화질이 전에 티비보다 흐려서 아쉽네요.",
    "Source": "쇼핑몰",
    "Domain": "가전",
    "MainCategory": "영상/음향가전",
    "ProductName": "Crystal UHD 삼성전자 KU50UA7050FXKR 스탠드",
    "ReviewScore": "5",
    "Syllable": "33",
    "Word": "8",
    "RDate": "20220426",
    "Aspects": [
      {
        "Aspect": "가격",
        "SentimentText": "가성비 좋아요.",
        "SentimentWord": "2",
        "SentimentPolarity": "1"
      },
      {
        "Aspect": "화질",
        "SentimentText": "화질이 전에 티비보다 흐려서 아쉽네요.",
        "SentimentWord": "5",
        "SentimentPolarity": "-1"
      }
    ]
  },
  {
    "Index": "13165",
    "RawText": "친한 지인한데 선물할꺼라 구매했는데 아주 좋아하더군요. 티비 잘나온다고 하네요. 거기에 에너지효율 1등급이고  너무 좋다고 하네요^^",
    "Source": "쇼핑몰",
    "Domain": "가전",
    "MainCategory": "영상/음향가전",
    "ProductName": "Crystal UHD 삼성전자 KU50UA7050FXKR 스탠드",
    "ReviewScore": "5",
    "Syllable": "74",
    "Word": "15",
    "RDate": "20211026",
    "Aspects": [
      {
        "Aspect": "품질",
        "SentimentText": "티비 잘나온다고 하네요.",
        "SentimentWord": "3",
        "SentimentPolarity": "1"
      },
      {
        "Aspect": "소비전력",
        "SentimentText": "에너지효율 1등급이고  너무 좋다고 하네요^^",
        "SentimentWord": "5",
        "SentimentPolarity": "1"
      }
    ]
  },
  {
    "Index": "13166",
    "RawText": "제품 배송이 주말포함해서 일주일도 안걸려습니다.^^ 티비 베젤부분이 깔끔해서 좋고 무난하게 사용하기 좋네요. 무엇보다도 합리적인 가격책정 너무 좋습니다.",
    "Source": "쇼핑몰",
    "Domain": "가전",
    "MainCategory": "영상/음향가전",
    "ProductName": "Crystal UHD 삼성전자 KU50UA7050FXKR 스탠드",
    "ReviewScore": "5",
    "Syllable": "85",
    "Word": "17",
    "RDate": "20220411",
    "Aspects": [
      {
        "Aspect": "디자인",
        "SentimentText": "티비 베젤부분이 깔끔해서 좋고",
        "SentimentWord": "4",
        "SentimentPolarity": "1"
      },
      {
        "Aspect": "가격",
        "SentimentText": "무엇보다도 합리적인 가격책정 너무 좋습니다.",
        "SentimentWord": "5",
        "SentimentPolarity": "1"
      }
    ]
  },
  {
    "Index": "13167",
    "RawText": "심플한 디자인도 맘에 들고 UHD 티비라 그런지 화면도 선명하네요 만족합니다",
    "Source": "쇼핑몰",
    "Domain": "가전",
    "MainCategory": "영상/음향가전",
    "ProductName": "Crystal UHD 삼성전자 KU50UA7050FXKR 스탠드",
    "ReviewScore": "5",
    "Syllable": "42",
    "Word": "10",
    "RDate": "20220330",
    "Aspects": [
      {
        "Aspect": "디자인",
        "SentimentText": "심플한 디자인도 맘에 들고",
        "SentimentWord": "4",
        "SentimentPolarity": "1"
      },
      {
        "Aspect": "화질",
        "SentimentText": "UHD 티비라 그런지 화면도 선명하네요 만족합니다",
        "SentimentWord": "6",
        "SentimentPolarity": "1"
      }
    ]
  },
  {
    "Index": "13168",
    "RawText": "배송이 늦으면 2~3주 정도 걸린다고 안내되어 있지만 실제 일주일체 안돼서 배송완료! 빨리 받아서 기쁘네요. 티비 품질도 만족해요. 브랜드 믿고 구매했는데 잘 산 것 같아요~^^",
    "Source": "쇼핑몰",
    "Domain": "가전",
    "MainCategory": "영상/음향가전",
    "ProductName": "Crystal UHD 삼성전자 KU50UA7050FXKR 스탠드",
    "ReviewScore": "5",
    "Syllable": "99",
    "Word": "24",
    "RDate": "20220806",
    "Aspects": [
      {
        "Aspect": "품질",
        "SentimentText": "티비 품질도 만족해요.",
        "SentimentWord": "3",
        "SentimentPolarity": "1"
      },
      {
        "Aspect": "제조일/제조사",
        "SentimentText": "브랜드 믿고 구매했는데 잘 산 것 같아요~^^",
        "SentimentWord": "7",
        "SentimentPolarity": "1"
      }
    ]
  },
  {
    "Index": "13169",
    "RawText": "배송이 너무 느려서 인내심을 갖고 기다렸더니만 기다린 만큼 보람이 있네요. 배송은 좀 아쉬워요ㅋ 좀더 큰사이즈로 살걸 후회가 됐지만 사운드도 그럭저럭 괜찮고 만족합니다.",
    "Source": "쇼핑몰",
    "Domain": "가전",
    "MainCategory": "영상/음향가전",
    "ProductName": "Crystal UHD 삼성전자 KU50UA7050FXKR 스탠드",
    "ReviewScore": "5",
    "Syllable": "94",
    "Word": "22",
    "RDate": "20210612",
    "Aspects": [
      {
        "Aspect": "사이즈",
        "SentimentText": "좀더 큰사이즈로 살걸 후회가 됐지만",
        "SentimentWord": "5",
        "SentimentPolarity": "-1"
      },
      {
        "Aspect": "음량/음질",
        "SentimentText": "사운드도 그럭저럭 괜찮고 만족합니다.",
        "SentimentWord": "4",
        "SentimentPolarity": "0"
      }
    ]
  },
  {
    "Index": "13170",
    "RawText": "배송이 예상보다 빨라서 좋았습니다. 저렴한 값에 구매했고 제품 상태도 좋아서 만족합니다.",
    "Source": "쇼핑몰",
    "Domain": "가전",
    "MainCategory": "영상/음향가전",
    "ProductName": "Crystal UHD 삼성전자 KU50UA7050FXKR 스탠드",
    "ReviewScore": "5",
    "Syllable": "49",
    "Word": "11",
    "RDate": "20210723",
    "Aspects": [
      {
        "Aspect": "가격",
        "SentimentText": "저렴한 값에 구매했고 제품 상태도 좋아서 만족합니다.",
        "SentimentWord": "7",
        "SentimentPolarity": "1"
      },
      {
        "Aspect": "품질",
        "SentimentText": "제품 상태도 좋아서 만족합니다.",
        "SentimentWord": "4",
        "SentimentPolarity": "1"
      }
    ]
  },
  {
    "Index": "13171",
    "RawText": "오래 걸릴 줄 알았는데 생각외로 빨리와서 정말 좋았어요. 잘 받았습니다. 화질이 선명해서 좋고 에너지 효율도 1등급이네요^^",
    "Source": "쇼핑몰",
    "Domain": "가전",
    "MainCategory": "영상/음향가전",
    "ProductName": "Crystal UHD 삼성전자 KU50UA7050FXKR 스탠드",
    "ReviewScore": "5",
    "Syllable": "69",
    "Word": "16",
    "RDate": "20220712",
    "Aspects": [
      {
        "Aspect": "화질",
        "SentimentText": "화질이 선명해서 좋고",
        "SentimentWord": "3",
        "SentimentPolarity": "1"
      },
      {
        "Aspect": "소비전력",
        "SentimentText": "에너지 효율도 1등급이네요^^",
        "SentimentWord": "3",
        "SentimentPolarity": "1"
      }
    ]
  },
  {
    "Index": "13172",
    "RawText": "배송이 오래 걸린다고 해서 마음 비우고 기다리고 있는데 딱 4일만에야 배송되어 기분 좋습니다. OOO기사님이 직배송과 설치까지 해 주셔서 감사하네요. 이 정도 가격이면 저렴하다고 생각해요. TV 화면 잘나오고 잘보고 있어요. 정말 좋으네요.",
    "Source": "쇼핑몰",
    "Domain": "가전",
    "MainCategory": "영상/음향가전",
    "ProductName": "Crystal UHD 삼성전자 KU50UA7050FXKR 스탠드",
    "ReviewScore": "5",
    "Syllable": "134",
    "Word": "31",
    "RDate": "20220801",
    "Aspects": [
      {
        "Aspect": "가격",
        "SentimentText": "이 정도 가격이면 저렴하다고 생각해요.",
        "SentimentWord": "5",
        "SentimentPolarity": "1"
      },
      {
        "Aspect": "기능",
        "SentimentText": "TV 화면 잘나오고 잘보고 있어요. 정말 좋으네요.",
        "SentimentWord": "7",
        "SentimentPolarity": "1"
      }
    ]
  },
  {
    "Index": "13173",
    "RawText": "배송지가 바껴서 주소변경 요청했는데 빠르게 잘 처리해줘서 감사해요^^ 제품이 튼튼하니 품질도 좋고 디자인도 깔끔해서 거실 분위기와 잘 어울려요.",
    "Source": "쇼핑몰",
    "Domain": "가전",
    "MainCategory": "영상/음향가전",
    "ProductName": "Crystal UHD 삼성전자 KU50UA7050FXKR 스탠드",
    "ReviewScore": "5",
    "Syllable": "80",
    "Word": "18",
    "RDate": "20220713",
    "Aspects": [
      {
        "Aspect": "품질",
        "SentimentText": "제품이 튼튼하니 품질도 좋고",
        "SentimentWord": "4",
        "SentimentPolarity": "1"
      },
      {
        "Aspect": "디자인",
        "SentimentText": "디자인도 깔끔해서 거실 분위기와 잘 어울려요.",
        "SentimentWord": "6",
        "SentimentPolarity": "1"
      }
    ]
  },
  {
    "Index": "13174",
    "RawText": "배송이 겁나 빠르네요ㅋㅋ 넘 좋아요, 설치해주신 기사님분들도 친절하셨고요. 티비 소리도 잘 나오고 화질도 꽤 괜찮은 것 같아 마음에 들어요.",
    "Source": "쇼핑몰",
    "Domain": "가전",
    "MainCategory": "영상/음향가전",
    "ProductName": "Crystal UHD 삼성전자 KU50UA7050FXKR 스탠드",
    "ReviewScore": "5",
    "Syllable": "78",
    "Word": "19",
    "RDate": "20220630",
    "Aspects": [
      {
        "Aspect": "음량/음질",
        "SentimentText": "티비 소리도 잘 나오고",
        "SentimentWord": "4",
        "SentimentPolarity": "1"
      },
      {
        "Aspect": "화질",
        "SentimentText": "화질도 꽤 괜찮은 것 같아 마음에 들어요.",
        "SentimentWord": "7",
        "SentimentPolarity": "1"
      }
    ]
  },
  {
    "Index": "13175",
    "RawText": "가성비가 참 좋은 tv라서 그런지 부모님 선물용으로 안성맞춤인 것 같습니다. 기존에 사용하던것보다 확실히 발열도없고 장시간 시청이 좋네요 굳굳",
    "Source": "쇼핑몰",
    "Domain": "가전",
    "MainCategory": "영상/음향가전",
    "ProductName": "Crystal UHD 삼성전자 KU50UA7050FXKR 스탠드",
    "ReviewScore": "5",
    "Syllable": "79",
    "Word": "18",
    "RDate": "20220615",
    "GeneralPolarity": "1",
    "Aspects": [
      {
        "Aspect": "가격",
        "SentimentText": "가성비가 참 좋은 tv라서 그런지 부모님 선물용으로 안성맞춤인 것 같습니다. ",
        "SentimentWord": "10",
        "SentimentPolarity": "1"
      },
      {
        "Aspect": "내구성",
        "SentimentText": "기존에 사용하던것보다 확실히 발열도없고 장시간 시청이 좋네요 굳굳",
        "SentimentWord": "8",
        "SentimentPolarity": "1"
      }
    ]
  },
  {
    "Index": "13176",
    "RawText": "배송이 빨라서 마음에 드네요. 제품 빨리 받아보고 싶었거든요. TV 화질도 선명하고 넘 좋아요~저렴한 가격으로 정말 구입 잘한거 같아요.",
    "Source": "쇼핑몰",
    "Domain": "가전",
    "MainCategory": "영상/음향가전",
    "ProductName": "Crystal UHD 삼성전자 KU50UA7050FXKR 스탠드",
    "ReviewScore": "5",
    "Syllable": "76",
    "Word": "18",
    "RDate": "20220713",
    "Aspects": [
      {
        "Aspect": "화질",
        "SentimentText": "TV 화질도 선명하고 넘 좋아요~",
        "SentimentWord": "5",
        "SentimentPolarity": "1"
      },
      {
        "Aspect": "가격",
        "SentimentText": "저렴한 가격으로 정말 구입 잘한거 같아요.",
        "SentimentWord": "6",
        "SentimentPolarity": "1"
      }
    ]
  },
  {
    "Index": "13177",
    "RawText": "저렴한 가격으로 부모님 티비 바꿔드렸네요^^ 빠른 배송에 감사드립니다~ 기사님이 설치도 친절하게 잘해주셔서 만족! 상품 품질 또한 만족해 하셔요 수고하세요~^^",
    "Source": "쇼핑몰",
    "Domain": "가전",
    "MainCategory": "영상/음향가전",
    "ProductName": "Crystal UHD 삼성전자 KU50UA7050FXKR 스탠드",
    "ReviewScore": "5",
    "Syllable": "89",
    "Word": "19",
    "RDate": "20220401",
    "Aspects": [
      {
        "Aspect": "가격",
        "SentimentText": "저렴한 가격으로 부모님 티비 바꿔드렸네요^^",
        "SentimentWord": "5",
        "SentimentPolarity": "1"
      },
      {
        "Aspect": "품질",
        "SentimentText": "상품 품질 또한 만족해 하셔요 수고하세요~^^",
        "SentimentWord": "6",
        "SentimentPolarity": "1"
      }
    ]
  },
  {
    "Index": "13178",
    "RawText": "부모님께 선물 드렸는데 짱짱 좋아하셔요  여러채널도 들어갈수 있고 기능이 마음에 쏙 들어요 가격도 너무 싸고 좋습니다.",
    "Source": "쇼핑몰",
    "Domain": "가전",
    "MainCategory": "영상/음향가전",
    "ProductName": "Crystal UHD 삼성전자 KU50UA7050FXKR 스탠드",
    "ReviewScore": "5",
    "Syllable": "66",
    "Word": "16",
    "RDate": "20220810",
    "GeneralPolarity": "1",
    "Aspects": [
      {
        "Aspect": "기능",
        "SentimentText": "여러채널도 들어갈수 있고 기능이 마음에 쏙 들어요",
        "SentimentWord": "7",
        "SentimentPolarity": "1"
      },
      {
        "Aspect": "가격",
        "SentimentText": "가격도 너무 싸고 좋습니다. ",
        "SentimentWord": "4",
        "SentimentPolarity": "1"
      }
    ]
  },
  {
    "Index": "13179",
    "RawText": "부모님 티비가 40인치에다가 점점 검게 나와 이참에 큰맘머고 구매했어요  티비도 기존것보다 사이즈가 커서 그런지 몰입도 좋고  화질도 기대이상이네요 대박 만족입니다^^ OOO 50인치 티비를 이가격으로 구매할수있다니 완전 만족합니다. 가성비가 좋아요 베송도 1주일정도밖에 안 걸렸고 친절했어요 ^^",
    "Source": "쇼핑몰",
    "Domain": "가전",
    "MainCategory": "영상/음향가전",
    "ProductName": "Crystal UHD 삼성전자 KU50UA7050FXKR 스탠드",
    "ReviewScore": "4",
    "Syllable": "166",
    "Word": "35",
    "RDate": "20220516",
    "Aspects": [
      {
        "Aspect": "화질",
        "SentimentText": "화질도 기대이상이네요 대박 만족입니다^^",
        "SentimentWord": "4",
        "SentimentPolarity": "1"
      },
      {
        "Aspect": "가격",
        "SentimentText": "OOO 50인치 티비를 이가격으로 구매할수있다니 완전 만족합니다. 가성비가 좋아요",
        "SentimentWord": "9",
        "SentimentPolarity": "1"
      },
      {
        "Aspect": "사이즈",
        "SentimentText": "티비도 기존것보다 사이즈가 커서 그런지 몰입도 좋고 ",
        "SentimentWord": "7",
        "SentimentPolarity": "1"
      }
    ]
  },
  {
    "Index": "13180",
    "RawText": "기존 TV가 오래되서 새제품으로 구입. 역시 OOO은 정말 좋으네요ㅎㅎ 가성비 좋은 가격에 구입 혼자서도 쉽게 잘 설치 했습니다.^^",
    "Source": "쇼핑몰",
    "Domain": "가전",
    "MainCategory": "영상/음향가전",
    "ProductName": "Crystal UHD 삼성전자 KU50UA7050FXKR 스탠드",
    "ReviewScore": "5",
    "Syllable": "74",
    "Word": "18",
    "RDate": "20220513",
    "GeneralPolarity": "1",
    "Aspects": [
      {
        "Aspect": "제조일/제조사",
        "SentimentText": "역시 OOO은 정말 좋으네요ㅎㅎ",
        "SentimentWord": "4",
        "SentimentPolarity": "1"
      },
      {
        "Aspect": "가격",
        "SentimentText": "가성비 좋은 가격에 구입",
        "SentimentWord": "4",
        "SentimentPolarity": "1"
      },
      {
        "Aspect": "조작성",
        "SentimentText": "혼자서도 쉽게 잘 설치 했습니다.^^",
        "SentimentWord": "5",
        "SentimentPolarity": "1"
      }
    ]
  },
  {
    "Index": "13181",
    "RawText": "유리 화면때문에 거울 같이 비추는게 문제네요.사운드바 포함해서 적정가로 구매한거 같네요",
    "Source": "쇼핑몰",
    "Domain": "가전",
    "MainCategory": "영상/음향가전",
    "ProductName": "Crystal UHD 삼성전자 KU50UA7050FXKR 스탠드",
    "ReviewScore": "5",
    "Syllable": "48",
    "Word": "10",
    "RDate": "20220823",
    "Aspects": [
      {
        "Aspect": "소재",
        "SentimentText": "유리 화면때문에 거울 같이 비추는게 문제네요",
        "SentimentWord": "6",
        "SentimentPolarity": "-1"
      },
      {
        "Aspect": "가격",
        "SentimentText": "사운드바 포함해서 적정가로 구매한거 같네요",
        "SentimentWord": "5",
        "SentimentPolarity": "1"
      }
    ]
  },
  {
    "Index": "13182",
    "RawText": "화질이 좋네요~ 사은품으로 받은 사운드바 소리도 좋습니다.",
    "Source": "쇼핑몰",
    "Domain": "가전",
    "MainCategory": "영상/음향가전",
    "ProductName": "Crystal UHD 삼성전자 KU50UA7050FXKR 스탠드",
    "ReviewScore": "5",
    "Syllable": "32",
    "Word": "7",
    "RDate": "20220623",
    "Aspects": [
      {
        "Aspect": "화질",
        "SentimentText": "화질이 좋네요~ ",
        "SentimentWord": "2",
        "SentimentPolarity": "1"
      },
      {
        "Aspect": "제품구성",
        "SentimentText": "사은품으로 받은 사운드바 소리도 좋습니다.",
        "SentimentWord": "5",
        "SentimentPolarity": "1"
      }
    ]
  },
  {
    "Index": "13183",
    "RawText": "부모님께서 보시고 화면도 크고 아주 선명해서 좋다 하셔요 배송 엄청 빠를뿐더러 설치 기사님들도 친절했습니다. 감사해요~~",
    "Source": "쇼핑몰",
    "Domain": "가전",
    "MainCategory": "영상/음향가전",
    "ProductName": "Crystal UHD 삼성전자 KU50UA7050FXKR 스탠드",
    "ReviewScore": "5",
    "Syllable": "67",
    "Word": "15",
    "RDate": "20220711",
    "Aspects": [
      {
        "Aspect": "사이즈",
        "SentimentText": "부모님께서 보시고 화면도 크고",
        "SentimentWord": "4",
        "SentimentPolarity": "1"
      },
      {
        "Aspect": "화질",
        "SentimentText": "아주 선명해서 좋다 하셔요",
        "SentimentWord": "4",
        "SentimentPolarity": "1"
      }
    ]
  },
  {
    "Index": "13184",
    "RawText": "부모님댁 티비가 고장이 나버려서 이번에 새로 보내드렸는데 화질이 엄청 선명하니 좋다고 만족하셔요 그리고 좋은가격에 좋은 제품 구매하게되서 완전완전 만족합니다~~",
    "Source": "쇼핑몰",
    "Domain": "가전",
    "MainCategory": "영상/음향가전",
    "ProductName": "Crystal UHD 삼성전자 KU50UA7050FXKR 스탠드",
    "ReviewScore": "5",
    "Syllable": "89",
    "Word": "19",
    "RDate": "20220801",
    "GeneralPolarity": "1",
    "Aspects": [
      {
        "Aspect": "화질",
        "SentimentText": "부모님댁 티비가 고장이 나버려서 이번에 새로 보내드렸는데 화질이 엄청 선명하니 좋다고 만족하셔요",
        "SentimentWord": "12",
        "SentimentPolarity": "1"
      },
      {
        "Aspect": "가격",
        "SentimentText": "그리고 좋은가격에 좋은 제품 구매하게되서 완전완전 만족합니다~~",
        "SentimentWord": "7",
        "SentimentPolarity": "1"
      }
    ]
  },
  {
    "Index": "13185",
    "RawText": "부모님티비가 오래되어 겸사겸사 주문했습니다 기사님께서 친절하게 설치하시고 가셨네요~최고최고^^ 좋은가격으로 좋은품질의 티비 하나 득템해서 완전 만족입니다~",
    "Source": "쇼핑몰",
    "Domain": "가전",
    "MainCategory": "영상/음향가전",
    "ProductName": "Crystal UHD 삼성전자 KU50UA7050FXKR 스탠드",
    "ReviewScore": "5",
    "Syllable": "86",
    "Word": "15",
    "RDate": "20220424",
    "Aspects": [
      {
        "Aspect": "가격",
        "SentimentText": "좋은 가격으로",
        "SentimentWord": "2",
        "SentimentPolarity": "1"
      },
      {
        "Aspect": "품질",
        "SentimentText": "좋은품질의 티비 하나 득템해서 완전 만족입니다~",
        "SentimentWord": "6",
        "SentimentPolarity": "1"
      }
    ]
  },
  {
    "Index": "13186",
    "RawText": "빠른 배송과 친절한 배송기사님의 상세한 설명까지 만족하고 선명한 화질이라 좋은데 사이즈가 50인치나 되는데 그렇게 커보이지가 않아서 실망이네요",
    "Source": "쇼핑몰",
    "Domain": "가전",
    "MainCategory": "영상/음향가전",
    "ProductName": "Crystal UHD 삼성전자 KU50UA7050FXKR 스탠드",
    "ReviewScore": "5",
    "Syllable": "79",
    "Word": "17",
    "RDate": "20220809",
    "Aspects": [
      {
        "Aspect": "화질",
        "SentimentText": "선명한 화질이라 좋은데",
        "SentimentWord": "3",
        "SentimentPolarity": "1"
      },
      {
        "Aspect": "사이즈",
        "SentimentText": "사이즈가 50인치나 되는데 그렇게 커보이지가 않아서 실망이네요",
        "SentimentWord": "7",
        "SentimentPolarity": "-1"
      }
    ]
  },
  {
    "Index": "13187",
    "RawText": "제품 빨리 받아보고 싶었는데 빠른 배송 정말 감사드립니다.^^ 설치기사님이 너무 친절하셨고요, 폐가전까지 회수해 가셔서 너무 감사합니다.^^ 리모컨 하나로 다 작동 가능하니 좋습니다~ ott플랫폼도 볼 수 있어서 너무 좋아요.^^",
    "Source": "쇼핑몰",
    "Domain": "가전",
    "MainCategory": "영상/음향가전",
    "ProductName": "Crystal UHD 삼성전자 KU50UA7050FXKR 스탠드",
    "ReviewScore": "5",
    "Syllable": "128",
    "Word": "28",
    "RDate": "20220708",
    "Aspects": [
      {
        "Aspect": "조작성",
        "SentimentText": "리모컨 하나로 다 작동 가능하니 좋습니다~",
        "SentimentWord": "6",
        "SentimentPolarity": "1"
      },
      {
        "Aspect": "편의성",
        "SentimentText": "ott플랫폼도 볼 수 있어서 너무 좋아요.^^",
        "SentimentWord": "6",
        "SentimentPolarity": "1"
      }
    ]
  },
  {
    "Index": "13188",
    "RawText": "드디어 오래된 티비를 교체했네요~ㅎㅎ 화질도 좋고 음질도 준수한 편이에요~ 오래 썼으면 좋겠습니다~!",
    "Source": "쇼핑몰",
    "Domain": "가전",
    "MainCategory": "영상/음향가전",
    "ProductName": "Crystal UHD 삼성전자 KU50UA7050FXKR 스탠드",
    "ReviewScore": "5",
    "Syllable": "56",
    "Word": "12",
    "RDate": "20220823",
    "Aspects": [
      {
        "Aspect": "화질",
        "SentimentText": "화질도 좋고",
        "SentimentWord": "2",
        "SentimentPolarity": "1"
      },
      {
        "Aspect": "음량/음질",
        "SentimentText": "음질도 준수한 편이에요~",
        "SentimentWord": "3",
        "SentimentPolarity": "1"
      }
    ]
  },
  {
    "Index": "13189",
    "RawText": "OOO 50인치 큰 화면의 스마트tv 마음에 듭니다^^ 자주보는 OTT도 편하게 볼 수 있어요~^^",
    "Source": "쇼핑몰",
    "Domain": "가전",
    "MainCategory": "영상/음향가전",
    "ProductName": "Crystal UHD 삼성전자 KU50UA7050FXKR 스탠드",
    "ReviewScore": "5",
    "Syllable": "55",
    "Word": "13",
    "RDate": "20220823",
    "Aspects": [
      {
        "Aspect": "사이즈",
        "SentimentText": "OOO 50인치 큰 화면의 스마트tv 마음에 듭니다^^",
        "SentimentWord": "7",
        "SentimentPolarity": "1"
      },
      {
        "Aspect": "편의성",
        "SentimentText": "자주보는 OTT도 편하게 볼 수 있어요~^^",
        "SentimentWord": "6",
        "SentimentPolarity": "1"
      }
    ]
  },
  {
    "Index": "13190",
    "RawText": "디자인이 꽤 고급스러워요~ 화면도 커서 영화 볼 때 정말 좋습니다~",
    "Source": "쇼핑몰",
    "Domain": "가전",
    "MainCategory": "영상/음향가전",
    "ProductName": "Crystal UHD 삼성전자 KU50UA7050FXKR 스탠드",
    "ReviewScore": "5",
    "Syllable": "37",
    "Word": "10",
    "RDate": "20220415",
    "Aspects": [
      {
        "Aspect": "디자인",
        "SentimentText": "디자인이 꽤 고급스러워요~",
        "SentimentWord": "3",
        "SentimentPolarity": "1"
      },
      {
        "Aspect": "사이즈",
        "SentimentText": "화면도 커서 영화 볼 때 정말 좋습니다~",
        "SentimentWord": "7",
        "SentimentPolarity": "1"
      }
    ]
  },
  {
    "Index": "13191",
    "RawText": "제품은 화질도 선명하니 만족합니다. 소리도 잘나와요. 굳굳",
    "Source": "쇼핑몰",
    "Domain": "가전",
    "MainCategory": "영상/음향가전",
    "ProductName": "Crystal UHD 삼성전자 KU50UA7050FXKR 스탠드",
    "ReviewScore": "1",
    "Syllable": "32",
    "Word": "7",
    "RDate": "20210722",
    "Aspects": [
      {
        "Aspect": "화질",
        "SentimentText": "제품은 화질도 선명하니 만족합니다.",
        "SentimentWord": "4",
        "SentimentPolarity": "1"
      },
      {
        "Aspect": "음량/음질",
        "SentimentText": "소리도 잘나와요. 굳굳",
        "SentimentWord": "3",
        "SentimentPolarity": "1"
      }
    ]
  },
  {
    "Index": "13192",
    "RawText": "OO거라 확실히 화질이 선명하니까 눈이 피곤하지 않습니다. 대박최고^^ 바로 전 tv가 저렴한 외국제품이었는데 수명도 짧고 화질도 좀 별로였는데 다시 OO걸로 보니까 화질이 넘 깨끗하고 수명도 길고 좋습니다 .",
    "Source": "쇼핑몰",
    "Domain": "가전",
    "MainCategory": "영상/음향가전",
    "ProductName": "Crystal UHD 삼성전자 KU50UA7050FXKR 스탠드",
    "ReviewScore": "5",
    "Syllable": "117",
    "Word": "28",
    "RDate": "20220731",
    "GeneralPolarity": "1",
    "Aspects": [
      {
        "Aspect": "화질",
        "SentimentText": "OO거라 확실히 화질이 선명하니까 눈이 피곤하지 않습니다. 대박최고^^",
        "SentimentWord": "8",
        "SentimentPolarity": "1"
      },
      {
        "Aspect": "기능",
        "SentimentText": "다시 OO걸로 보니까 화질이 넘 깨끗하고 수명도 길고 좋습니다 .",
        "SentimentWord": "10",
        "SentimentPolarity": "1"
      }
    ]
  },
  {
    "Index": "13193",
    "RawText": "날씨가 많이 안좋았는데 OOO 배송기사분들이 2명이나 오셔서 친절하게 설치를 잘 해주셔서 너무 감사했어요^^ 상품 품질도 만족합니다~ 정말 OOO 최고입니다.",
    "Source": "쇼핑몰",
    "Domain": "가전",
    "MainCategory": "영상/음향가전",
    "ProductName": "Crystal UHD 삼성전자 KU50UA7050FXKR 스탠드",
    "ReviewScore": "5",
    "Syllable": "88",
    "Word": "19",
    "RDate": "20220701",
    "Aspects": [
      {
        "Aspect": "품질",
        "SentimentText": "상품 품질도 만족합니다~",
        "SentimentWord": "3",
        "SentimentPolarity": "1"
      },
      {
        "Aspect": "제조일/제조사",
        "SentimentText": "정말 OOO 최고입니다.",
        "SentimentWord": "3",
        "SentimentPolarity": "1"
      }
    ]
  },
  {
    "Index": "13194",
    "RawText": "음질은 스피커가뒤에잇는지 울리는느낌이어서 아쉬워요 발열도좀잇는편이네요 아쉽ㅠㅠ여름이라그런걸까요.. 가격대비 대만족합니다 케이블신청이따로필요없을정조로 OO자체인터넷방송이 있네요",
    "Source": "쇼핑몰",
    "Domain": "가전",
    "MainCategory": "영상/음향가전",
    "ProductName": "Crystal UHD 삼성전자 KU50UA7050FXKR 스탠드",
    "ReviewScore": "4",
    "Syllable": "97",
    "Word": "11",
    "RDate": "20220704",
    "Aspects": [
      {
        "Aspect": "음량/음질",
        "SentimentText": "음질은 스피커가뒤에잇는지 울리는느낌이어서 아쉬워요",
        "SentimentWord": "4",
        "SentimentPolarity": "-1"
      },
      {
        "Aspect": "내구성",
        "SentimentText": "발열도좀잇는편이네요 아쉽ㅠㅠ여름이라그런걸까요.",
        "SentimentWord": "2",
        "SentimentPolarity": "-1"
      },
      {
        "Aspect": "가격",
        "SentimentText": "가격대비 대만족합니다",
        "SentimentWord": "2",
        "SentimentPolarity": "1"
      }
    ]
  },
  {
    "Index": "13195",
    "RawText": "상품 시키고 배송은 잘 받았습니다 설치 기사분께서 친절하게 설치해주셨어요. 음질이 아쉽네요 사운드바를 추가로 설치해야 할 거 같아요 그거빼면 티비는 잘 나와서 만족합니다.",
    "Source": "쇼핑몰",
    "Domain": "가전",
    "MainCategory": "영상/음향가전",
    "ProductName": "Crystal UHD 삼성전자 KU50UA7050FXKR 스탠드",
    "ReviewScore": "5",
    "Syllable": "95",
    "Word": "22",
    "RDate": "20220630",
    "Aspects": [
      {
        "Aspect": "음량/음질",
        "SentimentText": "음질이 아쉽네요 사운드바를 추가로 설치해야 할 거 같아요",
        "SentimentWord": "8",
        "SentimentPolarity": "-1"
      },
      {
        "Aspect": "기능",
        "SentimentText": "티비는 잘 나와서 만족합니다.",
        "SentimentWord": "4",
        "SentimentPolarity": "1"
      }
    ]
  },
  {
    "Index": "13196",
    "RawText": "상품 티비 화질이 선명하니 너무 좋네요 스피커가 티비 하단에 위치해 있어서 볼륨을 기존 티비보다 더많이 키워야되는점이 조금 불편하네요 ㅠ",
    "Source": "쇼핑몰",
    "Domain": "가전",
    "MainCategory": "영상/음향가전",
    "ProductName": "Crystal UHD 삼성전자 KU50UA7050FXKR 스탠드",
    "ReviewScore": "5",
    "Syllable": "76",
    "Word": "19",
    "RDate": "20220627",
    "GeneralPolarity": "0",
    "Aspects": [
      {
        "Aspect": "화질",
        "SentimentText": "상품 티비 화질이 선명하니 너무 좋네요 ",
        "SentimentWord": "6",
        "SentimentPolarity": "1"
      },
      {
        "Aspect": "조작성",
        "SentimentText": "스피커가 티비 하단에 위치해 있어서 볼륨을 기존 티비보다 더많이 키워야되는점이 조금 불편하네요 ㅠ",
        "SentimentWord": "13",
        "SentimentPolarity": "-1"
      }
    ]
  },
  {
    "Index": "13197",
    "RawText": "생각보다 배송속도가 빨라서 매우 좋았습니다 만족^^  역시 4k화소인지라 화질이 너무 좋네요 가격대비 괜찮아요 추천합니다^^",
    "Source": "쇼핑몰",
    "Domain": "가전",
    "MainCategory": "영상/음향가전",
    "ProductName": "Crystal UHD 삼성전자 KU50UA7050FXKR 스탠드",
    "ReviewScore": "5",
    "Syllable": "69",
    "Word": "14",
    "RDate": "20220630",
    "Aspects": [
      {
        "Aspect": "화질",
        "SentimentText": "역시 4k화소인지라 화질이 너무 좋네요",
        "SentimentWord": "5",
        "SentimentPolarity": "1"
      },
      {
        "Aspect": "가격",
        "SentimentText": "가격대비 괜찮아요 추천합니다^^",
        "SentimentWord": "3",
        "SentimentPolarity": "1"
      }
    ]
  },
  {
    "Index": "13198",
    "RawText": "대박~ 저렴하게 구매했어요 거실에 있는 TV가 사망했는데ㅠㅠ 새제품 설치하니 큰 화면에 부모님이 이젠 극장갈 필요도 없겠다며 너무 좋아라 하시네요. 대만족합니다.",
    "Source": "쇼핑몰",
    "Domain": "가전",
    "MainCategory": "영상/음향가전",
    "ProductName": "Crystal UHD 삼성전자 KU50UA7050FXKR 스탠드",
    "ReviewScore": "5",
    "Syllable": "90",
    "Word": "20",
    "RDate": "20220627",
    "Aspects": [
      {
        "Aspect": "가격",
        "SentimentText": "대박~ 저렴하게 구매했어요",
        "SentimentWord": "3",
        "SentimentPolarity": "1"
      },
      {
        "Aspect": "사이즈",
        "SentimentText": "새제품 설치하니 큰 화면에 부모님이 이젠 극장갈 필요도 없겠다며 너무 좋아라 하시네요.",
        "SentimentWord": "12",
        "SentimentPolarity": "1"
      }
    ]
  },
  {
    "Index": "13199",
    "RawText": "배송이 예상보다 진짜 빠르네요! 디자인은 마음에 드는데 선명함이 떨어지네요. 4k 맞나요?? 이건 부모님댁에 드리고 전 다른 모델로 구입할꺼에요.",
    "Source": "쇼핑몰",
    "Domain": "가전",
    "MainCategory": "영상/음향가전",
    "ProductName": "Crystal UHD 삼성전자 KU50UA7050FXKR 스탠드",
    "ReviewScore": "5",
    "Syllable": "81",
    "Word": "18",
    "RDate": "20220627",
    "Aspects": [
      {
        "Aspect": "디자인",
        "SentimentText": "디자인은 마음에 드는데",
        "SentimentWord": "3",
        "SentimentPolarity": "1"
      },
      {
        "Aspect": "화질",
        "SentimentText": "선명함이 떨어지네요.",
        "SentimentWord": "2",
        "SentimentPolarity": "-1"
      }
    ]
  },
  {
    "Index": "13200",
    "RawText": "3일만에 설치~ 진짜 빠르네요 대박! 올레드 패널은 아니지만 이정도면 나름 화질이 좋습니다 다만 스피커 출력이 20w라 약해서 아쉽네요.",
    "Source": "쇼핑몰",
    "Domain": "가전",
    "MainCategory": "영상/음향가전",
    "ProductName": "Crystal UHD 삼성전자 KU50UA7050FXKR 스탠드",
    "ReviewScore": "5",
    "Syllable": "76",
    "Word": "18",
    "RDate": "20220723",
    "Aspects": [
      {
        "Aspect": "화질",
        "SentimentText": "이정도면 나름 화질이 좋습니다",
        "SentimentWord": "4",
        "SentimentPolarity": "1"
      },
      {
        "Aspect": "음량/음질",
        "SentimentText": "스피커 출력이 20w라 약해서 아쉽네요.",
        "SentimentWord": "5",
        "SentimentPolarity": "-1"
      }
    ]
  },
  {
    "Index": "13201",
    "RawText": "예정일보다 빨리왔어요. 화질이 좋고 음질은 보통이네요. 그리고 가성비도 짱이네요",
    "Source": "쇼핑몰",
    "Domain": "가전",
    "MainCategory": "영상/음향가전",
    "ProductName": "Crystal UHD 삼성전자 KU50UA7050FXKR 스탠드",
    "ReviewScore": "3",
    "Syllable": "44",
    "Word": "9",
    "RDate": "20220527",
    "Aspects": [
      {
        "Aspect": "화질",
        "SentimentText": "화질이 좋고",
        "SentimentWord": "2",
        "SentimentPolarity": "1"
      },
      {
        "Aspect": "음량/음질",
        "SentimentText": "음질은 보통이네요.",
        "SentimentWord": "2",
        "SentimentPolarity": "0"
      },
      {
        "Aspect": "가격",
        "SentimentText": "가성비도 짱이네요",
        "SentimentWord": "2",
        "SentimentPolarity": "1"
      }
    ]
  },
  {
    "Index": "13202",
    "RawText": "문자받은 날짜보다 빠르게 배송됐고 기사님도 너무 친절하셨어요. 상품 품질도 완전 만족스럽고 근데 tv색상은 정형화 된듯 다양한 색상이면 좋은데 검정은 별루네요",
    "Source": "쇼핑몰",
    "Domain": "가전",
    "MainCategory": "영상/음향가전",
    "ProductName": "Crystal UHD 삼성전자 KU50UA7050FXKR 스탠드",
    "ReviewScore": "5",
    "Syllable": "88",
    "Word": "20",
    "RDate": "20220719",
    "Aspects": [
      {
        "Aspect": "색상",
        "SentimentText": "근데 tv색상은 정형화 된듯 다양한 색상이면 좋은데 검정은 별루네요",
        "SentimentWord": "9",
        "SentimentPolarity": "-1"
      },
      {
        "Aspect": "품질",
        "SentimentText": "상품 품질도 완전 만족스럽고",
        "SentimentWord": "4",
        "SentimentPolarity": "1"
      }
    ]
  },
  {
    "Index": "13203",
    "RawText": "배송 예정일 보다 늦지 않게 받았어요^^ 카드할인에 최저가로 저렴하게 구입해서 좋았구요. 티비 상태 좋습니다. 잘 구입한거 같습니다.^^",
    "Source": "쇼핑몰",
    "Domain": "가전",
    "MainCategory": "영상/음향가전",
    "ProductName": "Crystal UHD 삼성전자 KU50UA7050FXKR 스탠드",
    "ReviewScore": "5",
    "Syllable": "76",
    "Word": "17",
    "RDate": "20220523",
    "Aspects": [
      {
        "Aspect": "가격",
        "SentimentText": "카드할인에 최저가로 저렴하게 구입해서 좋았구요.",
        "SentimentWord": "5",
        "SentimentPolarity": "1"
      },
      {
        "Aspect": "품질",
        "SentimentText": "티비 상태 좋습니다.",
        "SentimentWord": "3",
        "SentimentPolarity": "1"
      }
    ]
  },
  {
    "Index": "13204",
    "RawText": "예상한 날짜보다 배송이 빨랐고 티비 화질도 선명해서 좋고 무엇보다도 OOO이라 믿음이 가네요^^",
    "Source": "쇼핑몰",
    "Domain": "가전",
    "MainCategory": "영상/음향가전",
    "ProductName": "Crystal UHD 삼성전자 KU50UA7050FXKR 스탠드",
    "ReviewScore": "5",
    "Syllable": "53",
    "Word": "12",
    "RDate": "20220409",
    "Aspects": [
      {
        "Aspect": "화질",
        "SentimentText": "화질도 선명해서 좋고",
        "SentimentWord": "3",
        "SentimentPolarity": "1"
      },
      {
        "Aspect": "제조일/제조사",
        "SentimentText": "무엇보다도 OOO이라 믿음이 가네요^^",
        "SentimentWord": "4",
        "SentimentPolarity": "1"
      }
    ]
  },
  {
    "Index": "13205",
    "RawText": "결혼식 선물로 구입한건데 정말정말 너무 디자인이 마음에 들고 화면이 커서 너무 좋다고 하네요. 설치기사님이 친절히 설명을 잘해주셨다고 하네요. 마음에 든다해서 저도 기쁜 나머지 이렇게 몇자 리뷰 남겨봅니다.",
    "Source": "쇼핑몰",
    "Domain": "가전",
    "MainCategory": "영상/음향가전",
    "ProductName": "Crystal UHD 삼성전자 KU50UA7050FXKR 스탠드",
    "ReviewScore": "5",
    "Syllable": "115",
    "Word": "27",
    "RDate": "20220813",
    "Aspects": [
      {
        "Aspect": "디자인",
        "SentimentText": "정말정말 너무 디자인이 마음에 들고",
        "SentimentWord": "5",
        "SentimentPolarity": "1"
      },
      {
        "Aspect": "사이즈",
        "SentimentText": "화면이 커서 너무 좋다고 하네요.",
        "SentimentWord": "5",
        "SentimentPolarity": "1"
      }
    ]
  },
  {
    "Index": "13206",
    "RawText": "배송이 무려 3주만에 온것도 화가나는데 받고보니 액정 불량이라 또 한번 인내심이 폭팔!!! 다음날 다시 교환처리하고 또다시 기나긴 기다림ㅠㅠ 비싼 금액 주고 구매했는데 대실망이네요ㅠㅠ",
    "Source": "쇼핑몰",
    "Domain": "가전",
    "MainCategory": "영상/음향가전",
    "ProductName": "Crystal UHD 삼성전자 KU50UA7050FXKR 스탠드",
    "ReviewScore": "2",
    "Syllable": "102",
    "Word": "23",
    "RDate": "20220224",
    "Aspects": [
      {
        "Aspect": "품질",
        "SentimentText": "액정 불량이라 또 한번 인내심이 폭팔!!!",
        "SentimentWord": "6",
        "SentimentPolarity": "-1"
      },
      {
        "Aspect": "가격",
        "SentimentText": "비싼 금액 주고 구매했는데 대실망이네요ㅠㅠ",
        "SentimentWord": "5",
        "SentimentPolarity": "-1"
      }
    ]
  },
  {
    "Index": "13207",
    "RawText": "기사님이 오셔서 꼼꼼히 설치하고 잘 설명도 잘해주셨어요 세심히 체크도 해주셔서 좋았구요. tv 화질이 깨끗해서 좋고 기능들도 너무 마음에 들어요.",
    "Source": "쇼핑몰",
    "Domain": "가전",
    "MainCategory": "영상/음향가전",
    "ProductName": "Crystal UHD 삼성전자 KU50UA7050FXKR 스탠드",
    "ReviewScore": "5",
    "Syllable": "81",
    "Word": "19",
    "RDate": "20220823",
    "Aspects": [
      {
        "Aspect": "화질",
        "SentimentText": "tv 화질이 깨끗해서 좋고",
        "SentimentWord": "4",
        "SentimentPolarity": "1"
      },
      {
        "Aspect": "기능",
        "SentimentText": "기능들도 너무 마음에 들어요.",
        "SentimentWord": "4",
        "SentimentPolarity": "1"
      }
    ]
  },
  {
    "Index": "13208",
    "RawText": "디자인은 그럭저럭 괜찮아요 그런데 제품구성에 사운드바가 없다는 것이 어이없네요",
    "Source": "쇼핑몰",
    "Domain": "가전",
    "MainCategory": "영상/음향가전",
    "ProductName": "Crystal UHD 삼성전자 KU50UA7050FXKR 스탠드",
    "ReviewScore": "5",
    "Syllable": "43",
    "Word": "9",
    "RDate": "20220321",
    "Aspects": [
      {
        "Aspect": "디자인",
        "SentimentText": "디자인은 그럭저럭 괜찮아요",
        "SentimentWord": "3",
        "SentimentPolarity": "0"
      },
      {
        "Aspect": "제품구성",
        "SentimentText": "제품구성에 사운드바가 없다는 것이 어이없네요",
        "SentimentWord": "5",
        "SentimentPolarity": "-1"
      }
    ]
  },
  {
    "Index": "13209",
    "RawText": "배송일자 선택하면 배송문자와 함께 바로 다음 아침에 배송되는데 진짜 만족~  화면 크기가 너무 크지도 않고 작지도 않고 딱 적당합니다. 와이파이 연결해서 OOO로 다양한 영화도 볼 수 있어서 매우 편합니다.",
    "Source": "쇼핑몰",
    "Domain": "가전",
    "MainCategory": "영상/음향가전",
    "ProductName": "Crystal UHD 삼성전자 KU50UA7050FXKR 스탠드",
    "ReviewScore": "5",
    "Syllable": "115",
    "Word": "29",
    "RDate": "20220714",
    "Aspects": [
      {
        "Aspect": "사이즈",
        "SentimentText": "화면 크기가 너무 크지도 않고 작지도 않고 딱 적당합니다.",
        "SentimentWord": "9",
        "SentimentPolarity": "1"
      },
      {
        "Aspect": "편의성",
        "SentimentText": "와이파이 연결해서 OOO로 다양한 영화도 볼 수 있어서 매우 편합니다.",
        "SentimentWord": "10",
        "SentimentPolarity": "1"
      }
    ]
  },
  {
    "Index": "13210",
    "RawText": "사운드가 웅장하고 울림이 좋아 영화관에 안가고 집에서 편하게 볼수있어 좋습니다. 근데 화면이 워낙 커서 눈에 피로감이 있는거만 빼고 대체적로 만족하고 잘 사용하고 있습니다.",
    "Source": "쇼핑몰",
    "Domain": "가전",
    "MainCategory": "영상/음향가전",
    "ProductName": "Crystal UHD 삼성전자 KU50UA7050FXKR 스탠드",
    "ReviewScore": "5",
    "Syllable": "96",
    "Word": "23",
    "RDate": "20220623",
    "GeneralPolarity": "1",
    "Aspects": [
      {
        "Aspect": "음량/음질",
        "SentimentText": "사운드가 웅장하고 울림이 좋아",
        "SentimentWord": "4",
        "SentimentPolarity": "1"
      },
      {
        "Aspect": "편의성",
        "SentimentText": "영화관에 안가고 집에서 편하게 볼수있어 좋습니다.",
        "SentimentWord": "6",
        "SentimentPolarity": "1"
      }
    ]
  },
  {
    "Index": "13211",
    "RawText": "스마트 티비인데 전원 킬때 짜증나게 속도가 왜이리 느린거죠? 화면 딜레이 현상도 있어요ㅡㅡ 왜 사람들이 타 OOO 티비 사라고 하는지 알거 같아요... OOO 스마트 티비 실망입니다!",
    "Source": "쇼핑몰",
    "Domain": "가전",
    "MainCategory": "영상/음향가전",
    "ProductName": "Crystal UHD 삼성전자 KU50UA7050FXKR 스탠드",
    "ReviewScore": "1",
    "Syllable": "102",
    "Word": "25",
    "RDate": "20220516",
    "GeneralPolarity": "-1",
    "Aspects": [
      {
        "Aspect": "시간/속도",
        "SentimentText": "전원 킬때 짜증나게 속도가 왜이리 느린거죠?",
        "SentimentWord": "6",
        "SentimentPolarity": "-1"
      },
      {
        "Aspect": "기능",
        "SentimentText": "화면 딜레이 현상도 있어요ㅡㅡ",
        "SentimentWord": "4",
        "SentimentPolarity": "-1"
      }
    ]
  },
  {
    "Index": "13212",
    "RawText": "스마트TV를 이 가격으로 구입한다는게 믿을 수 가 없네요ㅋ 그런데 아쉬운점이 있다면 내부 스피커위치가 뒤부분에 있어 소리가 좀 작게 나오는게 흠이네요.",
    "Source": "쇼핑몰",
    "Domain": "가전",
    "MainCategory": "영상/음향가전",
    "ProductName": "Crystal UHD 삼성전자 KU50UA7050FXKR 스탠드",
    "ReviewScore": "5",
    "Syllable": "84",
    "Word": "20",
    "RDate": "20220809",
    "GeneralPolarity": "0",
    "Aspects": [
      {
        "Aspect": "가격",
        "SentimentText": "스마트TV를 이 가격으로 구입한다는게 믿을 수 가 없네요ㅋ",
        "SentimentWord": "8",
        "SentimentPolarity": "1"
      },
      {
        "Aspect": "음량/음질",
        "SentimentText": "내부 스피커위치가 뒤부분에 있어 소리가 좀 작게 나오는게 흠이네요.",
        "SentimentWord": "9",
        "SentimentPolarity": "-1"
      }
    ]
  },
  {
    "Index": "13213",
    "RawText": "여럿 ott 플렛폼을 선명한 화질로 즐길 수 있어서 너무 좋습니다. 하지만 화면이 50인치인거에 비해 너무 작아 실망입니다 그리고 내부 스피커가 뒤에 있어서 음향이나 울림이 너무 아쉽네요. 추가로 스피커가 필요하데.. 사운드바를 별도로 구매해야하는 상술이보여 보기 안좋네요. 그래도 가격 싸서 괜찮네요. 전체적으로 볼땐 추천하고 싶지 않습니다.",
    "Source": "쇼핑몰",
    "Domain": "가전",
    "MainCategory": "영상/음향가전",
    "ProductName": "Crystal UHD 삼성전자 KU50UA7050FXKR 스탠드",
    "ReviewScore": "5",
    "Syllable": "192",
    "Word": "44",
    "RDate": "20220711",
    "GeneralPolarity": "0",
    "Aspects": [
      {
        "Aspect": "화질",
        "SentimentText": "여럿 ott 플렛폼을 선명한 화질로 즐길 수 있어서 너무 좋습니다.",
        "SentimentWord": "10",
        "SentimentPolarity": "1"
      },
      {
        "Aspect": "사이즈",
        "SentimentText": "화면이 50인치인거에 비해 너무 작아 실망입니다",
        "SentimentWord": "6",
        "SentimentPolarity": "-1"
      },
      {
        "Aspect": "음량/음질",
        "SentimentText": "내부 스피커가 뒤에 있어서 음향이나 울림이 너무 아쉽네요.",
        "SentimentWord": "8",
        "SentimentPolarity": "-1"
      },
      {
        "Aspect": "제품구성",
        "SentimentText": " 사운드바를 별도로 구매해야하는 상술이보여 보기 안좋네요. ",
        "SentimentWord": "6",
        "SentimentPolarity": "-1"
      },
      {
        "Aspect": "가격",
        "SentimentText": "가격 싸서 괜찮네요.",
        "SentimentWord": "3",
        "SentimentPolarity": "1"
      }
    ]
  },
  {
    "Index": "13214",
    "RawText": "배송이 예상보다 정말 빨라서 만족. 스탠드형이라 혼자서도 설치가 쉬웠고 대형티비 치곤 무게가 많이 나가질 않네요. 너무 만족합니다.",
    "Source": "쇼핑몰",
    "Domain": "가전",
    "MainCategory": "영상/음향가전",
    "ProductName": "Crystal UHD 삼성전자 KU50UA7050FXKR 스탠드",
    "ReviewScore": "4",
    "Syllable": "73",
    "Word": "17",
    "RDate": "20220310",
    "Aspects": [
      {
        "Aspect": "조작성",
        "SentimentText": "스탠드형이라 혼자서도 설치가 쉬웠고",
        "SentimentWord": "4",
        "SentimentPolarity": "1"
      },
      {
        "Aspect": "무게",
        "SentimentText": "무게가 많이 나가질 않네요. 너무 만족합니다.",
        "SentimentWord": "6",
        "SentimentPolarity": "1"
      }
    ]
  },
  {
    "Index": "13215",
    "RawText": "벽걸이형을 스탠드형인줄 알고 주문하는 바람에 판매자분께 상품변경 요청 했는데 빠른처리 해주셔서 감사했어요. 티비 켤때 딜레이 없이 속도도 빠르고 에너지효율도 1등급이에요! 너무 만족합니다:)",
    "Source": "쇼핑몰",
    "Domain": "가전",
    "MainCategory": "영상/음향가전",
    "ProductName": "Crystal UHD 삼성전자 KU50UA7050FXKR 스탠드",
    "ReviewScore": "5",
    "Syllable": "106",
    "Word": "22",
    "RDate": "20220617",
    "Aspects": [
      {
        "Aspect": "시간/속도",
        "SentimentText": "티비 켤때 딜레이 없이 속도도 빠르고",
        "SentimentWord": "6",
        "SentimentPolarity": "1"
      },
      {
        "Aspect": "소비전력",
        "SentimentText": "에너지효율도 1등급이에요! 너무 만족합니다:)",
        "SentimentWord": "4",
        "SentimentPolarity": "1"
      }
    ]
  },
  {
    "Index": "13216",
    "RawText": "시어머니댁에 이쁨 받을라고 티비 놔드렸는데 화면의 화질이 좀 흐리고 선명하지 않다고 말씀하시네요ㅠㅠ 화면설정도 너무 어렵다고 말씀하시고ㅠㅠ 이쁨 받을려다가 구박 받게 생겼어요!ㅠㅠ",
    "Source": "쇼핑몰",
    "Domain": "가전",
    "MainCategory": "영상/음향가전",
    "ProductName": "Crystal UHD 삼성전자 KU50UA7050FXKR 스탠드",
    "ReviewScore": "3",
    "Syllable": "100",
    "Word": "21",
    "RDate": "20220805",
    "GeneralPolarity": "-1",
    "Aspects": [
      {
        "Aspect": "화질",
        "SentimentText": "화면의 화질이 좀 흐리고 선명하지 않다고 말씀하시네요ㅠㅠ",
        "SentimentWord": "7",
        "SentimentPolarity": "-1"
      },
      {
        "Aspect": "조작성",
        "SentimentText": "화면설정도 너무 어렵다고 말씀하시고ㅠㅠ",
        "SentimentWord": "4",
        "SentimentPolarity": "-1"
      }
    ]
  },
  {
    "Index": "13217",
    "RawText": "거실에 티비가 필요해 설치했는데 화면이 깨끗하게 잘 나오네요 너무 좋아요. 무게도 적당하고 만족합니다ㅎ",
    "Source": "쇼핑몰",
    "Domain": "가전",
    "MainCategory": "영상/음향가전",
    "ProductName": "Crystal UHD 삼성전자 KU50UA7050FXKR 스탠드",
    "ReviewScore": "5",
    "Syllable": "57",
    "Word": "13",
    "RDate": "20220712",
    "GeneralPolarity": "1",
    "Aspects": [
      {
        "Aspect": "화질",
        "SentimentText": "화면이 깨끗하게 잘 나오네요 너무 좋아요.",
        "SentimentWord": "6",
        "SentimentPolarity": "1"
      },
      {
        "Aspect": "무게",
        "SentimentText": "무게도 적당하고 만족합니다ㅎ",
        "SentimentWord": "3",
        "SentimentPolarity": "1"
      }
    ]
  },
  {
    "Index": "13218",
    "RawText": "일반 티비랑 고민하다가 스마트 티비로 결정하고 주문, 원하던 기능들이 모두 있어서 편하게 시청할 수 있어 좋습니다. 가끔 탁탁 소음이 나서 거슬리지만 그럭저럭 만족합니다.",
    "Source": "쇼핑몰",
    "Domain": "가전",
    "MainCategory": "영상/음향가전",
    "ProductName": "Crystal UHD 삼성전자 KU50UA7050FXKR 스탠드",
    "ReviewScore": "5",
    "Syllable": "95",
    "Word": "23",
    "RDate": "20220610",
    "GeneralPolarity": "1",
    "Aspects": [
      {
        "Aspect": "기능",
        "SentimentText": "원하던 기능들이 모두 있어서 편하게 시청할 수 있어 좋습니다",
        "SentimentWord": "9",
        "SentimentPolarity": "1"
      },
      {
        "Aspect": "소음",
        "SentimentText": "가끔 탁탁 소음이 나서 거슬리지만 그럭저럭 만족합니다.",
        "SentimentWord": "7",
        "SentimentPolarity": "0"
      }
    ]
  },
  {
    "Index": "13219",
    "RawText": "제가 원하던 날짜에 배송해 주셔서 너무 좋았어요. 제품의 화질이 겁나게^^ㅋ 선명하고요ㅎㅎ 크기가 커서 더더욱 좋습니다!",
    "Source": "쇼핑몰",
    "Domain": "가전",
    "MainCategory": "영상/음향가전",
    "ProductName": "Crystal UHD 삼성전자 KU50UA7050FXKR 스탠드",
    "ReviewScore": "5",
    "Syllable": "67",
    "Word": "15",
    "RDate": "20220627",
    "Aspects": [
      {
        "Aspect": "화질",
        "SentimentText": "제품의 화질이 겁나게^^ㅋ 선명하고요ㅎㅎ",
        "SentimentWord": "4",
        "SentimentPolarity": "1"
      },
      {
        "Aspect": "사이즈",
        "SentimentText": "크기가 커서 더더욱 좋습니다!",
        "SentimentWord": "4",
        "SentimentPolarity": "1"
      }
    ]
  },
  {
    "Index": "13220",
    "RawText": "요즘 엄마가 하루종일 티비를 보셔서 좀더 크고 좋은 티비로 선물해 드리고 싶어서 주문했습니다. 엄마가 커서 잘보인다고 기뻐하시네요. 화면도 선명하다고 너무 좋아하십니다. 기존에 있던 티비는 무료로 수거해주셨고 너무 만족스럽습니다.",
    "Source": "쇼핑몰",
    "Domain": "가전",
    "MainCategory": "영상/음향가전",
    "ProductName": "Crystal UHD 삼성전자 KU50UA7050FXKR 스탠드",
    "ReviewScore": "5",
    "Syllable": "128",
    "Word": "28",
    "RDate": "20220307",
    "Aspects": [
      {
        "Aspect": "사이즈",
        "SentimentText": "엄마가 커서 잘보인다고 기뻐하시네요.",
        "SentimentWord": "4",
        "SentimentPolarity": "1"
      },
      {
        "Aspect": "화질",
        "SentimentText": "화면도 선명하다고 너무 좋아하십니다.",
        "SentimentWord": "4",
        "SentimentPolarity": "1"
      }
    ]
  },
  {
    "Index": "13221",
    "RawText": "홀로계신 아버지가 보실 TV를 찾다가 이 모델로 주문했습니다. 거실이 아닌 안방에 놓을꺼라 너무큰거 주문한건 아닐까 걱정했지만 다행히도 마음에 쏙 드신다고 하시네요. TV 화질이 좋고 가격도 너무 착하고 정말 마음에 듭니다. 대박나세요~",
    "Source": "쇼핑몰",
    "Domain": "가전",
    "MainCategory": "영상/음향가전",
    "ProductName": "Crystal UHD 삼성전자 KU50UA7050FXKR 스탠드",
    "ReviewScore": "5",
    "Syllable": "132",
    "Word": "31",
    "RDate": "20220704",
    "GeneralPolarity": "1",
    "Aspects": [
      {
        "Aspect": "화질",
        "SentimentText": "TV 화질이 좋고",
        "SentimentWord": "3",
        "SentimentPolarity": "1"
      },
      {
        "Aspect": "가격",
        "SentimentText": "가격도 너무 착하고 정말 마음에 듭니다.",
        "SentimentWord": "6",
        "SentimentPolarity": "1"
      }
    ]
  },
  {
    "Index": "13222",
    "RawText": "신혼집에 들어갈 티비입니다. 베젤이 얇아 화면이 커보여서 좋습니다. 설치하러 오신 기사님들도 친절하게 설치해주셨어요. 제품 사용법도 간단하고 쉬워요.",
    "Source": "쇼핑몰",
    "Domain": "가전",
    "MainCategory": "영상/음향가전",
    "ProductName": "Crystal UHD 삼성전자 KU50UA7050FXKR 스탠드",
    "ReviewScore": "5",
    "Syllable": "83",
    "Word": "17",
    "RDate": "20220714",
    "Aspects": [
      {
        "Aspect": "사이즈",
        "SentimentText": "베젤이 얇아 화면이 커보여서 좋습니다.",
        "SentimentWord": "5",
        "SentimentPolarity": "1"
      },
      {
        "Aspect": "조작성",
        "SentimentText": "제품 사용법도 간단하고 쉬워요.",
        "SentimentWord": "4",
        "SentimentPolarity": "1"
      }
    ]
  },
  {
    "Index": "13223",
    "RawText": "TV가 고장나서 구매했는데 주말포함 6일만에 왔어요. UHD 안테나로만 수신 잡아봤는데 잘 잡히네요.^^ 번인현상도 없고 좋습니다. 설치시 사용법도 친절히 알려주고 폐가전도 수거해가셔서 모든것이 원스톱으로 쳐리되어 만족합니다.",
    "Source": "쇼핑몰",
    "Domain": "가전",
    "MainCategory": "영상/음향가전",
    "ProductName": "Crystal UHD 삼성전자 KU50UA7050FXKR 스탠드",
    "ReviewScore": "5",
    "Syllable": "126",
    "Word": "25",
    "RDate": "20220707",
    "Aspects": [
      {
        "Aspect": "기능",
        "SentimentText": "UHD 안테나로만 수신 잡아봤는데 잘 잡히네요.^^",
        "SentimentWord": "6",
        "SentimentPolarity": "1"
      },
      {
        "Aspect": "화질",
        "SentimentText": "번인현상도 없고 좋습니다.",
        "SentimentWord": "3",
        "SentimentPolarity": "1"
      }
    ]
  },
  {
    "Index": "13224",
    "RawText": "설치 후 한..10여분만에 화면 가운데에 가로줄이 생기고 화면자체도 깨짐현상이 게속 됩니다ㅠㅠ 그리고 그 부분에 발열현상도 있고요 정말 화가나네요. 새제품인데 왜 이런현상이 있는거죠. 신속한 교환이나 환불 바랍니다.",
    "Source": "쇼핑몰",
    "Domain": "가전",
    "MainCategory": "영상/음향가전",
    "ProductName": "Crystal UHD 삼성전자 KU50UA7050FXKR 스탠드",
    "ReviewScore": "1",
    "Syllable": "120",
    "Word": "26",
    "RDate": "20220222",
    "GeneralPolarity": "-1",
    "Aspects": [
      {
        "Aspect": "품질",
        "SentimentText": "화면 가운데에 가로줄이 생기고 화면자체도 깨짐현상이 게속 됩니다ㅠㅠ",
        "SentimentWord": "8",
        "SentimentPolarity": "-1"
      },
      {
        "Aspect": "내구성",
        "SentimentText": "발열현상도 있고요 정말 화가나네요.",
        "SentimentWord": "4",
        "SentimentPolarity": "-1"
      }
    ]
  },
  {
    "Index": "13225",
    "RawText": "공부하는 아들방에 놓을 티비를 검색하다가 가성비 너무 좋아 구매했네용~ 선생님이 바로 앞에서 강의하는 착각이 들정도로 화질이 정말 괜찮네요~ 차근차근 설명해 주시고 서비스도 너무 좋았어요~ 역시 믿고보는 OOO입니당~!!",
    "Source": "쇼핑몰",
    "Domain": "가전",
    "MainCategory": "영상/음향가전",
    "ProductName": "Crystal UHD 삼성전자 KU50UA7050FXKR 스탠드",
    "ReviewScore": "5",
    "Syllable": "123",
    "Word": "27",
    "RDate": "20220716",
    "Aspects": [
      {
        "Aspect": "가격",
        "SentimentText": "가성비 너무 좋아 구매했네용~",
        "SentimentWord": "4",
        "SentimentPolarity": "1"
      },
      {
        "Aspect": "화질",
        "SentimentText": "화질이 정말 괜찮네요~",
        "SentimentWord": "3",
        "SentimentPolarity": "1"
      },
      {
        "Aspect": "제조일/제조사",
        "SentimentText": "역시 믿고보는 OOO입니당~!!",
        "SentimentWord": "3",
        "SentimentPolarity": "1"
      }
    ]
  },
  {
    "Index": "13226",
    "RawText": "며느리 생일이라 뭘 사줄까 고민하다가 티비가 갑자기 고장났다는 말이 생각나서 주문했어요. 티비가 화면도 크고 화질도 밝고 잘나와요 하더라구요. 설치기사님 두 분이 오셨는데 친절하게 배송해주시고 설치도 알아서 다 해주셨다고 너무 감사하다고 하네요. 저도 기분 좋습니다. 많이 파세요.",
    "Source": "쇼핑몰",
    "Domain": "가전",
    "MainCategory": "영상/음향가전",
    "ProductName": "Crystal UHD 삼성전자 KU50UA7050FXKR 스탠드",
    "ReviewScore": "5",
    "Syllable": "157",
    "Word": "36",
    "RDate": "20220809",
    "Aspects": [
      {
        "Aspect": "사이즈",
        "SentimentText": "티비가 화면도 크고",
        "SentimentWord": "3",
        "SentimentPolarity": "1"
      },
      {
        "Aspect": "화질",
        "SentimentText": "화질도 밝고 잘나와요 하더라구요.",
        "SentimentWord": "4",
        "SentimentPolarity": "1"
      }
    ]
  },
  {
    "Index": "13227",
    "RawText": "이번에 산 티비가 선명하고 밝은 화질이어서 잘 보고 있딥니다.넓지 않은 안방인지라 티비가 너무 큰가 고민했는데 사이즈가 딱 적당하니 좋네요. 굳굳",
    "Source": "쇼핑몰",
    "Domain": "가전",
    "MainCategory": "영상/음향가전",
    "ProductName": "Crystal UHD 삼성전자 KU50UA7050FXKR 스탠드",
    "ReviewScore": "5",
    "Syllable": "81",
    "Word": "20",
    "RDate": "20220424",
    "GeneralPolarity": "1",
    "Aspects": [
      {
        "Aspect": "화질",
        "SentimentText": "이번에 산 티비가 선명하고 밝은 화질이어서 잘 보고 있딥니다.",
        "SentimentWord": "9",
        "SentimentPolarity": "1"
      },
      {
        "Aspect": "사이즈",
        "SentimentText": "넓지 않은 안방인지라 티비가 너무 큰가 고민했는데 사이즈가 딱 적당하니 좋네요. 굳굳",
        "SentimentWord": "12",
        "SentimentPolarity": "1"
      }
    ]
  },
  {
    "Index": "13228",
    "RawText": "배송예정일 보다 빨리 왔어요^^ 배송기사분들도 빠르게 설치 해주셔서 좋았어요. 스마트티비라 기능이 여러가지가 많아 너무 좋아요. 핸드폰과 연결해서 쓸 수 있으니 편하네요.",
    "Source": "쇼핑몰",
    "Domain": "가전",
    "MainCategory": "영상/음향가전",
    "ProductName": "Crystal UHD 삼성전자 KU50UA7050FXKR 스탠드",
    "ReviewScore": "5",
    "Syllable": "95",
    "Word": "21",
    "RDate": "20220711",
    "Aspects": [
      {
        "Aspect": "기능",
        "SentimentText": "스마트티비라 기능이 여러가지가 많아 너무 좋아요.",
        "SentimentWord": "6",
        "SentimentPolarity": "1"
      },
      {
        "Aspect": "편의성",
        "SentimentText": "핸드폰과 연결해서 쓸 수 있으니 편하네요.",
        "SentimentWord": "6",
        "SentimentPolarity": "1"
      }
    ]
  },
  {
    "Index": "13229",
    "RawText": "사용중인 티비가 갑자기 안나오길래 부랴부랴 구입했는데 가격이 착하네욬ㅋ OOO기사님의 빠른배송과 친절한 고객응대에 감동~ 눈의 피로를 줄인 안정된 선명함이 좋은 스마트티비를 구입해서 대만족!",
    "Source": "쇼핑몰",
    "Domain": "가전",
    "MainCategory": "영상/음향가전",
    "ProductName": "Crystal UHD 삼성전자 KU50UA7050FXKR 스탠드",
    "ReviewScore": "5",
    "Syllable": "106",
    "Word": "22",
    "RDate": "20220719",
    "Aspects": [
      {
        "Aspect": "가격",
        "SentimentText": "사용중인 티비가 갑자기 안나오길래 부랴부랴 구입했는데 가격이 착하네욬ㅋ",
        "SentimentWord": "8",
        "SentimentPolarity": "1"
      },
      {
        "Aspect": "화질",
        "SentimentText": "안정된 선명함이 좋은 스마트티비를 구입해서 대만족!",
        "SentimentWord": "6",
        "SentimentPolarity": "1"
      }
    ]
  },
  {
    "Index": "13230",
    "RawText": "커다란 화면에 가슴이 뻥 뚫립니다 ㅋㅋㅋ우퍼랑 사운드바도 주시니 너무 좋아요",
    "Source": "쇼핑몰",
    "Domain": "가전",
    "MainCategory": "영상/음향가전",
    "ProductName": "Crystal UHD 삼성전자 KU50UA7050FXKR 스탠드",
    "ReviewScore": "2",
    "Syllable": "42",
    "Word": "10",
    "RDate": "20220620",
    "Aspects": [
      {
        "Aspect": "사이즈",
        "SentimentText": "커다란 화면에 가슴이 뻥 뚫립니다 ㅋㅋㅋ",
        "SentimentWord": "6",
        "SentimentPolarity": "1"
      },
      {
        "Aspect": "제품구성",
        "SentimentText": "우퍼랑 사운드바도 주시니 너무 좋아요",
        "SentimentWord": "5",
        "SentimentPolarity": "1"
      }
    ]
  },
  {
    "Index": "13231",
    "RawText": "매장과 온라인 중 고민하다가 저렴한 온라인에서 구입, 정품 맞네요 저렴하게 구입했어요. 화질도 깨끗하고 여러기능들도 있어서 매우 만족중입니다. 앗! 친절하게 설치해주신 기사님도 너무 좋았습니다^^",
    "Source": "쇼핑몰",
    "Domain": "가전",
    "MainCategory": "영상/음향가전",
    "ProductName": "Crystal UHD 삼성전자 KU50UA7050FXKR 스탠드",
    "ReviewScore": "5",
    "Syllable": "109",
    "Word": "23",
    "RDate": "20220629",
    "Aspects": [
      {
        "Aspect": "가격",
        "SentimentText": "저렴하게 구입했어요.",
        "SentimentWord": "2",
        "SentimentPolarity": "1"
      },
      {
        "Aspect": "화질",
        "SentimentText": "화질도 깨끗하고",
        "SentimentWord": "2",
        "SentimentPolarity": "1"
      },
      {
        "Aspect": "기능",
        "SentimentText": "여러기능들도 있어서 매우 만족중입니다.",
        "SentimentWord": "4",
        "SentimentPolarity": "1"
      }
    ]
  },
  {
    "Index": "13232",
    "RawText": "대만족입니다. 티비로 동영상 사이트를 보니 정말 편리하고 좋네요. 가전제품은 무조건 OOO이네요. AS도 역시 OOO이에요.",
    "Source": "쇼핑몰",
    "Domain": "가전",
    "MainCategory": "영상/음향가전",
    "ProductName": "Crystal UHD 삼성전자 KU50UA7050FXKR 스탠드",
    "ReviewScore": "5",
    "Syllable": "69",
    "Word": "14",
    "RDate": "20210930",
    "GeneralPolarity": "1",
    "Aspects": [
      {
        "Aspect": "편의성",
        "SentimentText": " 티비로 동영상 사이트를 보니 정말 편리하고 좋네요. ",
        "SentimentWord": "7",
        "SentimentPolarity": "1"
      },
      {
        "Aspect": "제조일/제조사",
        "SentimentText": "가전제품은 무조건 OOO이네요.",
        "SentimentWord": "3",
        "SentimentPolarity": "1"
      },
      {
        "Aspect": "제조일/제조사",
        "SentimentText": " AS도 역시 OOO이에요.",
        "SentimentWord": "3",
        "SentimentPolarity": "1"
      }
    ]
  },
  {
    "Index": "13233",
    "RawText": "직장인이라 평일엔 시간이 안되는데 제가 원하는 날짜에 설치를 해주셔서 감사했습니다. 티비는 4K UHD라 선명하고 좋은데 내부 스피커에서 나오는 소리가 좀 아쉬웠습니다.",
    "Source": "쇼핑몰",
    "Domain": "가전",
    "MainCategory": "영상/음향가전",
    "ProductName": "Crystal UHD 삼성전자 KU50UA7050FXKR 스탠드",
    "ReviewScore": "5",
    "Syllable": "94",
    "Word": "21",
    "RDate": "20220622",
    "Aspects": [
      {
        "Aspect": "화질",
        "SentimentText": " 티비는 4K UHD라 선명하고 좋은데",
        "SentimentWord": "5",
        "SentimentPolarity": "1"
      },
      {
        "Aspect": "음량/음질",
        "SentimentText": "내부 스피커에서 나오는 소리가 좀 아쉬웠습니다.",
        "SentimentWord": "6",
        "SentimentPolarity": "-1"
      }
    ]
  },
  {
    "Index": "13234",
    "RawText": "퀄리티가 너무 좋으네요ㅎㅎ 가성비도 굿, 배송과 설치기사님들 친절하게 설치도 해주시고 정말 굿이네요",
    "Source": "쇼핑몰",
    "Domain": "가전",
    "MainCategory": "영상/음향가전",
    "ProductName": "Crystal UHD 삼성전자 KU50UA7050FXKR 스탠드",
    "ReviewScore": "5",
    "Syllable": "55",
    "Word": "12",
    "RDate": "20220611",
    "Aspects": [
      {
        "Aspect": "품질",
        "SentimentText": "퀄리티가 너무 좋으네요ㅎㅎ",
        "SentimentWord": "3",
        "SentimentPolarity": "1"
      },
      {
        "Aspect": "가격",
        "SentimentText": "가성비도 굿,",
        "SentimentWord": "2",
        "SentimentPolarity": "1"
      }
    ]
  },
  {
    "Index": "13235",
    "RawText": "음질이 풍부하고 울림이 좋고 화질이 깨끗한게 너무 좋네요. 그런데 배송이 약속한 날짜에 오지도 않고 정말 실망입니다.",
    "Source": "쇼핑몰",
    "Domain": "가전",
    "MainCategory": "영상/음향가전",
    "ProductName": "Crystal UHD 삼성전자 KU50UA7050FXKR 스탠드",
    "ReviewScore": "5",
    "Syllable": "65",
    "Word": "16",
    "RDate": "20220705",
    "GeneralPolarity": "1",
    "Aspects": [
      {
        "Aspect": "음량/음질",
        "SentimentText": "음질이 풍부하고 울림이 좋고",
        "SentimentWord": "4",
        "SentimentPolarity": "1"
      },
      {
        "Aspect": "화질",
        "SentimentText": "화질이 깨끗한게 너무 좋네요.",
        "SentimentWord": "4",
        "SentimentPolarity": "1"
      }
    ]
  },
  {
    "Index": "13236",
    "RawText": "실화입니까?? 이 가격에 이 놀라운 성능을 저렴하게 판매 하시는게... 베젤이 얇아 크기가 더 커보여서 100배 만족~ 그리고 OOO물류센타 직배송이라 겁나게 빠르네요.",
    "Source": "쇼핑몰",
    "Domain": "가전",
    "MainCategory": "영상/음향가전",
    "ProductName": "Crystal UHD 삼성전자 KU50UA7050FXKR 스탠드",
    "ReviewScore": "5",
    "Syllable": "94",
    "Word": "21",
    "RDate": "20220708",
    "GeneralPolarity": "1",
    "Aspects": [
      {
        "Aspect": "가격",
        "SentimentText": "이 가격에 이 놀라운 성능을 저렴하게 판매 하시는게...",
        "SentimentWord": "8",
        "SentimentPolarity": "1"
      },
      {
        "Aspect": "사이즈",
        "SentimentText": "베젤이 얇아 크기가 더 커보여서 100배 만족~",
        "SentimentWord": "7",
        "SentimentPolarity": "1"
      }
    ]
  },
  {
    "Index": "13237",
    "RawText": "TV오기만을 학수고대... 드디어 주말 아침에 설치~~ TV로 OOO 볼수있고 각종 OTT도 볼수 있다니 신기하고 너무 좋아요. 저렴한 가격으로 스마트TV를 샀다니 정말 탁월을 선택이였습니다!",
    "Source": "쇼핑몰",
    "Domain": "가전",
    "MainCategory": "영상/음향가전",
    "ProductName": "Crystal UHD 삼성전자 KU50UA7050FXKR 스탠드",
    "ReviewScore": "5",
    "Syllable": "107",
    "Word": "23",
    "RDate": "20220604",
    "GeneralPolarity": "1",
    "Aspects": [
      {
        "Aspect": "편의성",
        "SentimentText": "TV로 OOO 볼수있고 각종 OTT도 볼수 있다니 신기하고 너무 좋아요.",
        "SentimentWord": "10",
        "SentimentPolarity": "1"
      },
      {
        "Aspect": "가격",
        "SentimentText": " 저렴한 가격으로 스마트TV를 샀다니 정말 탁월을 선택이였습니다!",
        "SentimentWord": "7",
        "SentimentPolarity": "1"
      }
    ]
  },
  {
    "Index": "13238",
    "RawText": "화면에 한번씩 검은화면이 됐다가 하는데 고장인가요?? 해상도를 맞췄는데도 계속 검은화면이 나와서 불편하네요. 그리고 음질 수준도 낮은게 타제품 살걸 후회돼요",
    "Source": "쇼핑몰",
    "Domain": "가전",
    "MainCategory": "영상/음향가전",
    "ProductName": "Crystal UHD 삼성전자 KU50UA7050FXKR 스탠드",
    "ReviewScore": "5",
    "Syllable": "87",
    "Word": "19",
    "RDate": "20220711",
    "Aspects": [
      {
        "Aspect": "화질",
        "SentimentText": "해상도를 맞췄는데도 계속 검은화면이 나와서 불편하네요.",
        "SentimentWord": "6",
        "SentimentPolarity": "-1"
      },
      {
        "Aspect": "음량/음질",
        "SentimentText": "음질 수준도 낮은게 타제품 살걸 후회돼요",
        "SentimentWord": "6",
        "SentimentPolarity": "-1"
      }
    ]
  },
  {
    "Index": "13239",
    "RawText": "주문하고 일주일 지나 OOO기사님이 설치해 주셨고, 가성비 너무 좋고 작은 리모콘에 버튼이 최소화되서 제대로 작동될까 싶네요.",
    "Source": "쇼핑몰",
    "Domain": "가전",
    "MainCategory": "영상/음향가전",
    "ProductName": "Crystal UHD 삼성전자 KU50UA7050FXKR 스탠드",
    "ReviewScore": "5",
    "Syllable": "70",
    "Word": "16",
    "RDate": "20220221",
    "GeneralPolarity": "0",
    "Aspects": [
      {
        "Aspect": "가격",
        "SentimentText": "가성비 너무 좋고",
        "SentimentWord": "3",
        "SentimentPolarity": "1"
      },
      {
        "Aspect": "제품구성",
        "SentimentText": "작은 리모콘에 버튼이 최소화되서 제대로 작동될까 싶네요.",
        "SentimentWord": "7",
        "SentimentPolarity": "0"
      }
    ]
  },
  {
    "Index": "13240",
    "RawText": "작고 구석기 시대에 있을법한 CRT 티비로 영화를 보니 너무 답답해서 OOO 티비로..무려 50인치 크기로 체인지하니 너무너무 좋아요. 설치기사분도 친절하시고 금손으로 한방에 뚝딱 설치해주셨네요. OOO티비를 이 가격에 구입하다니 완전 대만족입니다.",
    "Source": "쇼핑몰",
    "Domain": "가전",
    "MainCategory": "영상/음향가전",
    "ProductName": "Crystal UHD 삼성전자 KU50UA7050FXKR 스탠드",
    "ReviewScore": "5",
    "Syllable": "139",
    "Word": "29",
    "RDate": "20220407",
    "Aspects": [
      {
        "Aspect": "사이즈",
        "SentimentText": "50인치 크기로 체인지하니 너무너무 좋아요.",
        "SentimentWord": "5",
        "SentimentPolarity": "1"
      },
      {
        "Aspect": "가격",
        "SentimentText": " OOO티비를 이 가격에 구입하다니 완전 대만족입니다.",
        "SentimentWord": "6",
        "SentimentPolarity": "1"
      }
    ]
  },
  {
    "Index": "13241",
    "RawText": "에너지등급이 1등급이라 만족~ UHD의 해상도라 선명해서 넘 좋아요^^",
    "Source": "쇼핑몰",
    "Domain": "가전",
    "MainCategory": "영상/음향가전",
    "ProductName": "Crystal UHD 삼성전자 KU50UA7050FXKR 스탠드",
    "ReviewScore": "5",
    "Syllable": "39",
    "Word": "8",
    "RDate": "20220717",
    "GeneralPolarity": "1",
    "Aspects": [
      {
        "Aspect": "소비전력",
        "SentimentText": "에너지등급이 1등급이라 만족~ ",
        "SentimentWord": "3",
        "SentimentPolarity": "1"
      },
      {
        "Aspect": "화질",
        "SentimentText": " UHD의 해상도라 선명해서 넘 좋아요^^",
        "SentimentWord": "5",
        "SentimentPolarity": "1"
      }
    ]
  },
  {
    "Index": "13242",
    "RawText": "설치 잘해주셨고 사용법도 잘 설명해 주셔서 만족해요. 화질도 선명하고 시야각도 좋네요,, 프레임이 얇아서 만족합니다.",
    "Source": "쇼핑몰",
    "Domain": "가전",
    "MainCategory": "영상/음향가전",
    "ProductName": "Crystal UHD 삼성전자 KU50UA7050FXKR 스탠드",
    "ReviewScore": "5",
    "Syllable": "65",
    "Word": "14",
    "RDate": "20220824",
    "Aspects": [
      {
        "Aspect": "화질",
        "SentimentText": "화질도 선명하고 시야각도 좋네요,,",
        "SentimentWord": "4",
        "SentimentPolarity": "1"
      },
      {
        "Aspect": "사이즈",
        "SentimentText": "프레임이 얇아서 만족합니다.",
        "SentimentWord": "3",
        "SentimentPolarity": "1"
      }
    ]
  },
  {
    "Index": "13243",
    "RawText": "가격대비 성능이 좋은 상품이네요. 배송은 좀 느리지만 전문 설치기사님이 직접 책임지고 배송과 설치까지 해주시고 만족합니다. HDMI 케이블 연결을 3개까지 가능하다니 스펙 좋네요 ㅎㅎ",
    "Source": "쇼핑몰",
    "Domain": "가전",
    "MainCategory": "영상/음향가전",
    "ProductName": "Crystal UHD 삼성전자 KU50UA7050FXKR 스탠드",
    "ReviewScore": "5",
    "Syllable": "102",
    "Word": "23",
    "RDate": "20220823",
    "Aspects": [
      {
        "Aspect": "가격",
        "SentimentText": "가격대비 성능이 좋은 상품이네요.",
        "SentimentWord": "4",
        "SentimentPolarity": "1"
      },
      {
        "Aspect": "제품구성",
        "SentimentText": "HDMI 케이블 연결을 3개까지 가능하다니 스펙 좋네요 ㅎㅎ",
        "SentimentWord": "8",
        "SentimentPolarity": "1"
      }
    ]
  },
  {
    "Index": "13244",
    "RawText": "착한가격이 너무 마음에 들고요 친절한 배송과 설치 그리고 폐 티비 수거까지 너무 만족스럽습니다. 다만 티비 리모컨이 너무 불편해요.",
    "Source": "쇼핑몰",
    "Domain": "가전",
    "MainCategory": "영상/음향가전",
    "ProductName": "Crystal UHD 삼성전자 KU50UA7050FXKR 스탠드",
    "ReviewScore": "5",
    "Syllable": "73",
    "Word": "18",
    "RDate": "20220509",
    "Aspects": [
      {
        "Aspect": "제품구성",
        "SentimentText": "티비 리모컨이 너무 불편해요.",
        "SentimentWord": "4",
        "SentimentPolarity": "-1"
      },
      {
        "Aspect": "가격",
        "SentimentText": "착한가격이 너무 마음에 들고요",
        "SentimentWord": "4",
        "SentimentPolarity": "1"
      }
    ]
  },
  {
    "Index": "13245",
    "RawText": "큰 브라운관으로 영화가 보고싶어 제품을 찾던 중 이 제품이 괜찮아보여 구매했는데 크기와 가격 만족하며 사용중입니다. 기사님의 설치와 서비스도 만족합니다.",
    "Source": "쇼핑몰",
    "Domain": "가전",
    "MainCategory": "영상/음향가전",
    "ProductName": "Crystal UHD 삼성전자 KU50UA7050FXKR 스탠드",
    "ReviewScore": "5",
    "Syllable": "85",
    "Word": "19",
    "RDate": "20220408",
    "Aspects": [
      {
        "Aspect": "사이즈",
        "SentimentText": "크기와 가격 만족하며 사용중입니다",
        "SentimentWord": "4",
        "SentimentPolarity": "1"
      },
      {
        "Aspect": "가격",
        "SentimentText": "가격 만족하며 사용중입니다",
        "SentimentWord": "3",
        "SentimentPolarity": "1"
      }
    ]
  },
  {
    "Index": "13246",
    "RawText": "전에 메이딘차이나 제품 쓰다가 일년도 안되 고장나서 급하게 주문했는데 역시 메이딘코리아 가격대비 성능 울트라 짱 최고입니다!! 만져보니 티비뒷면이 뜨겁지도 않고 내구성도 최고네요~ 메이딘코리아로 진작에 살걸그랬어요...ㅋ",
    "Source": "쇼핑몰",
    "Domain": "가전",
    "MainCategory": "영상/음향가전",
    "ProductName": "Crystal UHD 삼성전자 KU50UA7050FXKR 스탠드",
    "ReviewScore": "5",
    "Syllable": "123",
    "Word": "25",
    "RDate": "20220719",
    "GeneralPolarity": "1",
    "Aspects": [
      {
        "Aspect": "가격",
        "SentimentText": "가격대비 성능 울트라 짱 최고입니다!!",
        "SentimentWord": "5",
        "SentimentPolarity": "1"
      },
      {
        "Aspect": "내구성",
        "SentimentText": "티비뒷면이 뜨겁지도 않고 내구성도 최고네요~",
        "SentimentWord": "5",
        "SentimentPolarity": "1"
      }
    ]
  },
  {
    "Index": "13247",
    "RawText": "집이 계단이 많아 올라오기 힘든데도 기사님들이 정말 친절하게 배송에 설치까지 해주셔서 감사했습니다. 물론 크기도 적당하고 제품 마감이나 퀄리티가 훌륭합니다. 잘볼께요^^",
    "Source": "쇼핑몰",
    "Domain": "가전",
    "MainCategory": "영상/음향가전",
    "ProductName": "Crystal UHD 삼성전자 KU50UA7050FXKR 스탠드",
    "ReviewScore": "5",
    "Syllable": "94",
    "Word": "20",
    "RDate": "20211101",
    "Aspects": [
      {
        "Aspect": "사이즈",
        "SentimentText": "크기도 적당하고",
        "SentimentWord": "2",
        "SentimentPolarity": "1"
      },
      {
        "Aspect": "품질",
        "SentimentText": "제품 마감이나 퀄리티가 훌륭합니다.",
        "SentimentWord": "4",
        "SentimentPolarity": "1"
      }
    ]
  },
  {
    "Index": "13248",
    "RawText": "TV 화질이 생생하게 느껴집니다... TV 뒷면에 발열도 없어 좋았습니다.",
    "Source": "쇼핑몰",
    "Domain": "가전",
    "MainCategory": "영상/음향가전",
    "ProductName": "Crystal UHD 삼성전자 KU50UA7050FXKR 스탠드",
    "ReviewScore": "5",
    "Syllable": "41",
    "Word": "9",
    "RDate": "20220805",
    "GeneralPolarity": "1",
    "Aspects": [
      {
        "Aspect": "화질",
        "SentimentText": "TV 화질이 생생하게 느껴집니다...",
        "SentimentWord": "4",
        "SentimentPolarity": "1"
      },
      {
        "Aspect": "내구성",
        "SentimentText": "TV 뒷면에 발열도 없어 좋았습니다.",
        "SentimentWord": "5",
        "SentimentPolarity": "1"
      }
    ]
  },
  {
    "Index": "13249",
    "RawText": "OOO 50인치 크기인데 이렇게 저렴하고 화질도 끝내주게 좋으네요ㅋㅋ 배송과 설치 거기에 폐가전 회수까지 딱 나흘만에 후다닥~ 완전 빠르네요 대박ㅋ",
    "Source": "쇼핑몰",
    "Domain": "가전",
    "MainCategory": "영상/음향가전",
    "ProductName": "Crystal UHD 삼성전자 KU50UA7050FXKR 스탠드",
    "ReviewScore": "5",
    "Syllable": "82",
    "Word": "19",
    "RDate": "20220708",
    "GeneralPolarity": "1",
    "Aspects": [
      {
        "Aspect": "가격",
        "SentimentText": "OOO 50인치 크기인데 이렇게 저렴하고",
        "SentimentWord": "5",
        "SentimentPolarity": "1"
      },
      {
        "Aspect": "화질",
        "SentimentText": "화질도 끝내주게 좋으네요ㅋㅋ",
        "SentimentWord": "3",
        "SentimentPolarity": "1"
      }
    ]
  },
  {
    "Index": "13250",
    "RawText": "제품은 아직까진 문제없이 잘쓰고 있어요.그런데 화질이 영 좋은편은 아닌거같아요... 그런데 주문내역에 오류가 생겨서 제품 받기까지 너무 오랜시간이 걸려서 정말 화가나더군요. 시간지체에 대한 그 어떤 보상이나 사은품 하나없고 정말 화가나네요.",
    "Source": "쇼핑몰",
    "Domain": "가전",
    "MainCategory": "영상/음향가전",
    "ProductName": "Crystal UHD 삼성전자 KU50UA7050FXKR 스탠드",
    "ReviewScore": "4",
    "Syllable": "134",
    "Word": "29",
    "RDate": "20220704",
    "GeneralPolarity": "-1",
    "Aspects": [
      {
        "Aspect": "화질",
        "SentimentText": "화질이 영 좋은편은 아닌거같아요... ",
        "SentimentWord": "4",
        "SentimentPolarity": "-1"
      },
      {
        "Aspect": "제품구성",
        "SentimentText": "사은품 하나없고 정말 화가나네요.",
        "SentimentWord": "4",
        "SentimentPolarity": "-1"
      }
    ]
  },
  {
    "Index": "13251",
    "RawText": "엄마가 제품이 커서 좋다고 하시네요. 깨끗하고 선명한 화질로 OOO을 볼 수 있어서 너무 기쁘다고 하시네요. 티비 덕분에 효도 했어요.",
    "Source": "쇼핑몰",
    "Domain": "가전",
    "MainCategory": "영상/음향가전",
    "ProductName": "Crystal UHD 삼성전자 KU50UA7050FXKR 스탠드",
    "ReviewScore": "5",
    "Syllable": "75",
    "Word": "19",
    "RDate": "20220210",
    "Aspects": [
      {
        "Aspect": "사이즈",
        "SentimentText": "엄마가 제품이 커서 좋다고 하시네요.",
        "SentimentWord": "5",
        "SentimentPolarity": "1"
      },
      {
        "Aspect": "화질",
        "SentimentText": "깨끗하고 선명한 화질로 OOO을 볼 수 있어서 너무 기쁘다고 하시네요.",
        "SentimentWord": "10",
        "SentimentPolarity": "1"
      }
    ]
  },
  {
    "Index": "13252",
    "RawText": "할인쿠폰이 있어서 저렴하게 구입해서 좋아요. 거기에다 에너지 1등급이라 환급까지 일석이조! 완전 좋으다~좋으다~ 근데 구매결정 할라했는데 버튼이 안보이네요 확인 부탁드려요~",
    "Source": "쇼핑몰",
    "Domain": "가전",
    "MainCategory": "영상/음향가전",
    "ProductName": "Crystal UHD 삼성전자 KU50UA7050FXKR 스탠드",
    "ReviewScore": "5",
    "Syllable": "96",
    "Word": "19",
    "RDate": "20220714",
    "GeneralPolarity": "1",
    "Aspects": [
      {
        "Aspect": "가격",
        "SentimentText": "할인쿠폰이 있어서 저렴하게 구입해서 좋아요.",
        "SentimentWord": "5",
        "SentimentPolarity": "1"
      },
      {
        "Aspect": "소비전력",
        "SentimentText": "에너지 1등급이라 환급까지 일석이조! 완전 좋으다~좋으다~",
        "SentimentWord": "6",
        "SentimentPolarity": "1"
      }
    ]
  },
  {
    "Index": "13253",
    "RawText": "대형 스마트티비를 좋은가격으로 잘 산거같아요.. 하지만 역시가 역시나... 설치후 하루만에 티비에서 뚝뚝 끊기는?? 소리가 나네요ㅡㅡ; 구입 예정인 분들은 돈 더 주고 좋은티비로 사세요.",
    "Source": "쇼핑몰",
    "Domain": "가전",
    "MainCategory": "영상/음향가전",
    "ProductName": "Crystal UHD 삼성전자 KU50UA7050FXKR 스탠드",
    "ReviewScore": "5",
    "Syllable": "104",
    "Word": "23",
    "RDate": "20220807",
    "GeneralPolarity": "-1",
    "Aspects": [
      {
        "Aspect": "가격",
        "SentimentText": "좋은가격으로 잘 산거같아요..",
        "SentimentWord": "3",
        "SentimentPolarity": "1"
      },
      {
        "Aspect": "소음",
        "SentimentText": "티비에서 뚝뚝 끊기는?? 소리가 나네요ㅡㅡ; ",
        "SentimentWord": "5",
        "SentimentPolarity": "-1"
      }
    ]
  },
  {
    "Index": "13254",
    "RawText": "좋은제품 잘받았어요~ 4케이라 그런지 화질 뛰어납니다! 다만 생각보다 사이즈가 작네요ㅠ 더 큰 거 살걸...",
    "Source": "쇼핑몰",
    "Domain": "가전",
    "MainCategory": "영상/음향가전",
    "ProductName": "Crystal UHD 삼성전자 KU50UA7050FXKR 스탠드",
    "ReviewScore": "5",
    "Syllable": "60",
    "Word": "14",
    "RDate": "20220620",
    "Aspects": [
      {
        "Aspect": "화질",
        "SentimentText": "4케이라 그런지 화질 뛰어납니다!",
        "SentimentWord": "4",
        "SentimentPolarity": "1"
      },
      {
        "Aspect": "사이즈",
        "SentimentText": "다만 생각보다 사이즈가 작네요ㅠ 더 큰 거 살걸...",
        "SentimentWord": "8",
        "SentimentPolarity": "-1"
      }
    ]
  },
  {
    "Index": "13255",
    "RawText": "주말에 주문했는데 수요일에 설치했어요. 완전 빠른배송설치 굳굳 시청가능한 채널이 다양한 기능이 있어서 너무 좋네요. 구입후 가격상승 해서 기분이 좋네요.ㅎㅎ저렴한 가격에 득템 너무 굳굳 좋아요",
    "Source": "쇼핑몰",
    "Domain": "가전",
    "MainCategory": "영상/음향가전",
    "ProductName": "Crystal UHD 삼성전자 KU50UA7050FXKR 스탠드",
    "ReviewScore": "5",
    "Syllable": "107",
    "Word": "24",
    "RDate": "20220630",
    "Aspects": [
      {
        "Aspect": "기능",
        "SentimentText": "시청가능한 채널이 다양한 기능이 있어서 너무 좋네요.",
        "SentimentWord": "7",
        "SentimentPolarity": "1"
      },
      {
        "Aspect": "가격",
        "SentimentText": "구입후 가격상승 해서 기분이 좋네요.ㅎㅎ저렴한 가격에 득템 너무 굳굳 좋아요",
        "SentimentWord": "10",
        "SentimentPolarity": "1"
      }
    ]
  },
  {
    "Index": "13256",
    "RawText": "주문하고 일주일 안되게 배송 및 설치했습니다. 스펙이 더 좋은 제품들이 많았지만 이정도쯤이면 만족합니다. 몇일 써보니 품질 좋고 고장은 아직없어 좋습니다.",
    "Source": "쇼핑몰",
    "Domain": "가전",
    "MainCategory": "영상/음향가전",
    "ProductName": "Crystal UHD 삼성전자 KU50UA7050FXKR 스탠드",
    "ReviewScore": "4",
    "Syllable": "86",
    "Word": "20",
    "RDate": "20220607",
    "GeneralPolarity": "1",
    "Aspects": [
      {
        "Aspect": "제품구성",
        "SentimentText": "스펙이 더 좋은 제품들이 많았지만 이정도쯤이면 만족합니다.",
        "SentimentWord": "7",
        "SentimentPolarity": "0"
      },
      {
        "Aspect": "품질",
        "SentimentText": "품질 좋고 고장은 아직없어 좋습니다.",
        "SentimentWord": "5",
        "SentimentPolarity": "1"
      }
    ]
  },
  {
    "Index": "13257",
    "RawText": "나에게 선택받은 티비는 배송이 1주일이나 넘게 걸려 화가났지만 그래도 기사님의 훈훈한 미소로 친절한 배송과 설치를 해주셨고 유후~만족해요.^^ 우아한 디자인에서 품격이 느껴지네요~ㅋ 거기에 에너지효율 1등급이라니 너무 좋네요~~^^",
    "Source": "쇼핑몰",
    "Domain": "가전",
    "MainCategory": "영상/음향가전",
    "ProductName": "Crystal UHD 삼성전자 KU50UA7050FXKR 스탠드",
    "ReviewScore": "5",
    "Syllable": "129",
    "Word": "26",
    "RDate": "20220422",
    "Aspects": [
      {
        "Aspect": "디자인",
        "SentimentText": "우아한 디자인에서 품격이 느껴지네요~ㅋ",
        "SentimentWord": "4",
        "SentimentPolarity": "1"
      },
      {
        "Aspect": "소비전력",
        "SentimentText": "거기에 에너지효율 1등급이라니 너무 좋네요~~^^",
        "SentimentWord": "5",
        "SentimentPolarity": "1"
      }
    ]
  },
  {
    "Index": "13258",
    "RawText": "주문한 후부터 4일만에 배송. 기사님들도 친절해서 만족, 제품의 화질도 좋네요. 다만 음질이 조금 약해서 아쉬움. 예전부터 쓰던 CRT도 많이 무거울 텐데.. 친절하게 회수해 가셔서 전체적으로 만족.",
    "Source": "쇼핑몰",
    "Domain": "가전",
    "MainCategory": "영상/음향가전",
    "ProductName": "Crystal UHD 삼성전자 KU50UA7050FXKR 스탠드",
    "ReviewScore": "5",
    "Syllable": "111",
    "Word": "26",
    "RDate": "20220218",
    "Aspects": [
      {
        "Aspect": "화질",
        "SentimentText": "제품의 화질도 좋네요.",
        "SentimentWord": "3",
        "SentimentPolarity": "1"
      },
      {
        "Aspect": "음량/음질",
        "SentimentText": "다만 음질이 조금 약해서 아쉬움.",
        "SentimentWord": "5",
        "SentimentPolarity": "0"
      }
    ]
  },
  {
    "Index": "13259",
    "RawText": "주문 후 일주일 내에 배송되었습니다 기사님 친절하게 설치해주셨습니다 화면떨림 없이 잘나와서 아주 만족합니다. 착한 가격에 좋은 제품 잘 구매한 것 같습니다. 감사합니다.",
    "Source": "쇼핑몰",
    "Domain": "가전",
    "MainCategory": "영상/음향가전",
    "ProductName": "Crystal UHD 삼성전자 KU50UA7050FXKR 스탠드",
    "ReviewScore": "5",
    "Syllable": "94",
    "Word": "22",
    "RDate": "20220805",
    "Aspects": [
      {
        "Aspect": "화질",
        "SentimentText": "화면떨림 없이 잘나와서 아주 만족합니다.",
        "SentimentWord": "5",
        "SentimentPolarity": "1"
      },
      {
        "Aspect": "가격",
        "SentimentText": "착한 가격에 좋은 제품 잘 구매한 것 같습니다.",
        "SentimentWord": "8",
        "SentimentPolarity": "1"
      }
    ]
  },
  {
    "Index": "13260",
    "RawText": "총알장전을 못해 중소기업 제품만 찾다가 값이 비슷한 OOO TV 구매했습니다. OOO정품인데 싼값에 득템해서 정말 기분이 좋네요. 리모컨 버튼이 많지가 않아서 사용하기엔 매우 불편합니다. 중소기업보다 서비스센터가 많아서 a/s 받기엔 편리해서 선택했습니다.",
    "Source": "쇼핑몰",
    "Domain": "가전",
    "MainCategory": "영상/음향가전",
    "ProductName": "Crystal UHD 삼성전자 KU50UA7050FXKR 스탠드",
    "ReviewScore": "4",
    "Syllable": "143",
    "Word": "30",
    "RDate": "20220425",
    "GeneralPolarity": "0",
    "Aspects": [
      {
        "Aspect": "가격",
        "SentimentText": "OOO정품인데 싼값에 득템해서 정말 기분이 좋네요.",
        "SentimentWord": "6",
        "SentimentPolarity": "1"
      },
      {
        "Aspect": "조작성",
        "SentimentText": "리모컨 버튼이 많지가 않아서 사용하기엔 매우 불편합니다.",
        "SentimentWord": "7",
        "SentimentPolarity": "-1"
      }
    ]
  },
  {
    "Index": "13261",
    "RawText": "아빠가 티브이 고장났다고 얼릉 사라고해서 샀어요. 가성비 좋다고 마음에 든다고 말씀하시네요. 불량 화소도 없고 화질 선명해서 좋아요.",
    "Source": "쇼핑몰",
    "Domain": "가전",
    "MainCategory": "영상/음향가전",
    "ProductName": "Crystal UHD 삼성전자 KU50UA7050FXKR 스탠드",
    "ReviewScore": "5",
    "Syllable": "74",
    "Word": "17",
    "RDate": "20220607",
    "Aspects": [
      {
        "Aspect": "가격",
        "SentimentText": "가성비 좋다고 마음에 든다고 말씀하시네요.",
        "SentimentWord": "5",
        "SentimentPolarity": "1"
      },
      {
        "Aspect": "화질",
        "SentimentText": "불량 화소도 없고 화질 선명해서 좋아요.",
        "SentimentWord": "6",
        "SentimentPolarity": "1"
      }
    ]
  }
]