[
  {
    "Index": "15691",
    "RawText": "리모콘 버튼이 고무라서 불편해요 ㅜㅜ  리모콘 조준이 잘 안되어서 불편해요",
    "Source": "쇼핑몰",
    "Domain": "가전",
    "MainCategory": "영상/음향가전",
    "ProductName": "마란츠 SR6015 정품",
    "ReviewScore": "4",
    "Syllable": "41",
    "Word": "10",
    "RDate": "20220310",
    "GeneralPolarity": "-1",
    "Aspects": [
      {
        "Aspect": "소재",
        "SentimentText": "리모콘 버튼이 고무라서 불편해요 ㅜㅜ",
        "SentimentWord": "5",
        "SentimentPolarity": "-1"
      },
      {
        "Aspect": "편의성",
        "SentimentText": "리모콘 조준이 잘 안되어서 불편해요 ",
        "SentimentWord": "5",
        "SentimentPolarity": "-1"
      }
    ]
  },
  {
    "Index": "15692",
    "RawText": "음질이 좋은점에 만족해요 소리가 풍부하고 또렷해서요.. 가격도 저렴하니까 구매잘했구요 배송도 총알배송이라 만족해요",
    "Source": "쇼핑몰",
    "Domain": "가전",
    "MainCategory": "영상/음향가전",
    "ProductName": "삼성전자 HW-B450",
    "ReviewScore": "5",
    "Syllable": "63",
    "Word": "12",
    "RDate": "20220730",
    "Aspects": [
      {
        "Aspect": "음량/음질",
        "SentimentText": "음질이 좋은점에 만족해요 소리가 풍부하고 또렷해서요..",
        "SentimentWord": "6",
        "SentimentPolarity": "1"
      },
      {
        "Aspect": "가격",
        "SentimentText": "가격도 저렴하니까 구매잘했구요",
        "SentimentWord": "3",
        "SentimentPolarity": "1"
      }
    ]
  },
  {
    "Index": "15693",
    "RawText": "품질이 매우좋아요 우퍼가 있어서인지 울리는게 있어서 음량에 만족해요",
    "Source": "쇼핑몰",
    "Domain": "가전",
    "MainCategory": "영상/음향가전",
    "ProductName": "삼성전자 HW-B450",
    "ReviewScore": "5",
    "Syllable": "37",
    "Word": "8",
    "RDate": "20220720",
    "GeneralPolarity": "1",
    "Aspects": [
      {
        "Aspect": "품질",
        "SentimentText": "품질이 매우좋아요",
        "SentimentWord": "2",
        "SentimentPolarity": "1"
      },
      {
        "Aspect": "음량/음질",
        "SentimentText": "우퍼가 있어서인지 울리는게 있어서 음량에 만족해요",
        "SentimentWord": "6",
        "SentimentPolarity": "1"
      }
    ]
  },
  {
    "Index": "15696",
    "RawText": "hdmi로 연결해서 쓰는데 좋아요 사운드바 자동연결되서 따로 안켜서 너무 편하고 좋아요^^ 음질은 선명해서 좋아요",
    "Source": "쇼핑몰",
    "Domain": "가전",
    "MainCategory": "영상/음향가전",
    "ProductName": "삼성전자 HW-Q600A 정품",
    "ReviewScore": "5",
    "Syllable": "63",
    "Word": "14",
    "RDate": "20210828",
    "GeneralPolarity": "1",
    "Aspects": [
      {
        "Aspect": "조작성",
        "SentimentText": "hdmi로 연결해서 쓰는데 좋아요",
        "SentimentWord": "4",
        "SentimentPolarity": "1"
      },
      {
        "Aspect": "편의성",
        "SentimentText": "사운드바 자동연결되서 따로 안켜서 너무 편하고 좋아요^^",
        "SentimentWord": "7",
        "SentimentPolarity": "1"
      },
      {
        "Aspect": "음량/음질",
        "SentimentText": "음질은 선명해서 좋아요",
        "SentimentWord": "3",
        "SentimentPolarity": "1"
      }
    ]
  },
  {
    "Index": "15697",
    "RawText": "65인치에 연결해서 사용하는데 음량이 최고입니다!! 기본 티비 사운드보다 품질이 훨씬 좋아서 만족해요~",
    "Source": "쇼핑몰",
    "Domain": "가전",
    "MainCategory": "영상/음향가전",
    "ProductName": "삼성전자 HW-Q600A 정품",
    "ReviewScore": "5",
    "Syllable": "57",
    "Word": "12",
    "RDate": "20220423",
    "GeneralPolarity": "1",
    "Aspects": [
      {
        "Aspect": "음량/음질",
        "SentimentText": "65인치에 연결해서 사용하는데 음량이 최고입니다!! ",
        "SentimentWord": "5",
        "SentimentPolarity": "1"
      },
      {
        "Aspect": "품질",
        "SentimentText": "기본 티비 사운드보다 품질이 훨씬 좋아서 만족해요~",
        "SentimentWord": "7",
        "SentimentPolarity": "1"
      }
    ]
  },
  {
    "Index": "15698",
    "RawText": "집에있는 리모콘으로도 볼륭조절이 가능하니까 좋아요 ㅎㅎ 사운드 우퍼의 울림이 빵빵해서 좋습니다.",
    "Source": "쇼핑몰",
    "Domain": "가전",
    "MainCategory": "영상/음향가전",
    "ProductName": "삼성전자 HW-Q600A 정품",
    "ReviewScore": "4",
    "Syllable": "53",
    "Word": "11",
    "RDate": "20210813",
    "GeneralPolarity": "1",
    "Aspects": [
      {
        "Aspect": "조작성",
        "SentimentText": "집에있는 리모콘으로도 볼륭조절이 가능하니까 좋아요 ㅎㅎ",
        "SentimentWord": "6",
        "SentimentPolarity": "1"
      },
      {
        "Aspect": "음량/음질",
        "SentimentText": "사운드 우퍼의 울림이 빵빵해서 좋습니다.",
        "SentimentWord": "5",
        "SentimentPolarity": "1"
      }
    ]
  },
  {
    "Index": "15700",
    "RawText": "tv 환경에 따라 설치가 좀 까다로운점이 아쉬워요 설명서도 작아서 보기 어렵고 설치하기 어려웠어요 ㅜㅜ 그래도 품질이 좋아서 사길 잘했어요 ㅎㅎ 소리가 전과는 다른 점이 좋아요 ㅎㅎ 빵빵합니다.",
    "Source": "쇼핑몰",
    "Domain": "가전",
    "MainCategory": "영상/음향가전",
    "ProductName": "삼성전자 HW-Q600A 정품",
    "ReviewScore": "4",
    "Syllable": "108",
    "Word": "27",
    "RDate": "20211020",
    "GeneralPolarity": "0",
    "Aspects": [
      {
        "Aspect": "조작성",
        "SentimentText": "tv 환경에 따라 설치가 좀 까다로운점이 아쉬워요",
        "SentimentWord": "7",
        "SentimentPolarity": "-1"
      },
      {
        "Aspect": "조작성",
        "SentimentText": "설명서도 작아서 보기 어렵고 설치하기 어려웠어요 ㅜㅜ",
        "SentimentWord": "7",
        "SentimentPolarity": "-1"
      },
      {
        "Aspect": "품질",
        "SentimentText": "그래도 품질이 좋아서 사길 잘했어요 ㅎㅎ ",
        "SentimentWord": "6",
        "SentimentPolarity": "1"
      },
      {
        "Aspect": "음량/음질",
        "SentimentText": "소리가 전과는 다른 점이 좋아요 ㅎㅎ 빵빵합니다.",
        "SentimentWord": "7",
        "SentimentPolarity": "1"
      }
    ]
  },
  {
    "Index": "15701",
    "RawText": "티비로만 듣다가 바꾸니 생동감이 실감나서 좋아요 무게는 생각보다 가벼운데 장난감같은 느낌이 들어 좀 아쉬워요~",
    "Source": "쇼핑몰",
    "Domain": "가전",
    "MainCategory": "영상/음향가전",
    "ProductName": "삼성전자 HW-Q600A 정품",
    "ReviewScore": "4",
    "Syllable": "61",
    "Word": "14",
    "RDate": "20211017",
    "GeneralPolarity": "0",
    "Aspects": [
      {
        "Aspect": "음량/음질",
        "SentimentText": "티비로만 듣다가 바꾸니 생동감이 실감나서 좋아요",
        "SentimentWord": "6",
        "SentimentPolarity": "1"
      },
      {
        "Aspect": "무게",
        "SentimentText": "무게는 생각보다 가벼운데 장난감같은 느낌이 들어 좀 아쉬워요~",
        "SentimentWord": "8",
        "SentimentPolarity": "-1"
      }
    ]
  },
  {
    "Index": "15702",
    "RawText": "가성비 만족하는 제품이예요~본체 연결하려니 버튼이 잘 안눌려요~ 고장난거 같은데 귀찮아서 그냥 씁니다.",
    "Source": "쇼핑몰",
    "Domain": "가전",
    "MainCategory": "영상/음향가전",
    "ProductName": "삼성전자 HW-Q600A 정품",
    "ReviewScore": "4",
    "Syllable": "57",
    "Word": "12",
    "RDate": "20211112",
    "GeneralPolarity": "0",
    "Aspects": [
      {
        "Aspect": "가격",
        "SentimentText": "가성비 만족하는 제품이예요~",
        "SentimentWord": "3",
        "SentimentPolarity": "1"
      },
      {
        "Aspect": "품질",
        "SentimentText": "본체 연결하려니 버튼이 잘 안눌려요~ 고장난거 같은데 귀찮아서 그냥 씁니다.",
        "SentimentWord": "10",
        "SentimentPolarity": "-1"
      }
    ]
  },
  {
    "Index": "15703",
    "RawText": "가성비 매우 훌륭해요 영화보는데 음량이 좋아서 몰입감도 있고 만족합니다.",
    "Source": "쇼핑몰",
    "Domain": "가전",
    "MainCategory": "영상/음향가전",
    "ProductName": "삼성전자 HW-Q600A 정품",
    "ReviewScore": "5",
    "Syllable": "40",
    "Word": "9",
    "RDate": "20210929",
    "GeneralPolarity": "1",
    "Aspects": [
      {
        "Aspect": "가격",
        "SentimentText": "가성비 매우 훌륭해요 ",
        "SentimentWord": "3",
        "SentimentPolarity": "1"
      },
      {
        "Aspect": "음량/음질",
        "SentimentText": "영화보는데 음량이 좋아서 몰입감도 있고 만족합니다.",
        "SentimentWord": "6",
        "SentimentPolarity": "1"
      }
    ]
  },
  {
    "Index": "15704",
    "RawText": "가성비 최고입니다.  좋은 사운드에 즐겁게 감상할 수있어서 좋아요!!!",
    "Source": "쇼핑몰",
    "Domain": "가전",
    "MainCategory": "영상/음향가전",
    "ProductName": "삼성전자 HW-Q600A 정품",
    "ReviewScore": "5",
    "Syllable": "39",
    "Word": "8",
    "RDate": "20220519",
    "GeneralPolarity": "1",
    "Aspects": [
      {
        "Aspect": "가격",
        "SentimentText": "가성비 최고입니다. ",
        "SentimentWord": "2",
        "SentimentPolarity": "1"
      },
      {
        "Aspect": "음량/음질",
        "SentimentText": "좋은 사운드에 즐겁게 감상할 수있어서 좋아요!!!",
        "SentimentWord": "6",
        "SentimentPolarity": "1"
      }
    ]
  },
  {
    "Index": "15706",
    "RawText": "가성비 최고예요 ㅎㅎ 고급진 다지인에 더욱 만족하며 사용하고 있어요~",
    "Source": "쇼핑몰",
    "Domain": "가전",
    "MainCategory": "영상/음향가전",
    "ProductName": "삼성전자 HW-Q600A 정품",
    "ReviewScore": "5",
    "Syllable": "38",
    "Word": "9",
    "RDate": "20220213",
    "GeneralPolarity": "1",
    "Aspects": [
      {
        "Aspect": "가격",
        "SentimentText": "가성비 최고예요 ㅎㅎ",
        "SentimentWord": "3",
        "SentimentPolarity": "1"
      },
      {
        "Aspect": "디자인",
        "SentimentText": "고급진 다지인에 더욱 만족하며 사용하고 있어요~ ",
        "SentimentWord": "6",
        "SentimentPolarity": "1"
      }
    ]
  },
  {
    "Index": "15710",
    "RawText": "디자인이 깔끔하고 세련되고 고급스러워요~ 그런데 색상이 좀 더 밝았으면 하는 아쉬움이 있네요 ",
    "Source": "쇼핑몰",
    "Domain": "가전",
    "MainCategory": "영상/음향가전",
    "ProductName": "삼성전자 HW-Q600A 정품",
    "ReviewScore": "5",
    "Syllable": "52",
    "Word": "12",
    "RDate": "20210922",
    "Aspects": [
      {
        "Aspect": "디자인",
        "SentimentText": "디자인이 깔끔하고 세련되고 고급스러워요~",
        "SentimentWord": "4",
        "SentimentPolarity": "1"
      },
      {
        "Aspect": "색상",
        "SentimentText": "그런데 색상이 좀 더 밝았으면 하는 아쉬움이 있네요",
        "SentimentWord": "8",
        "SentimentPolarity": "-1"
      }
    ]
  },
  {
    "Index": "15712",
    "RawText": "티비소리만 듣다가 사운드바 사용해 보니 확실히 음량이 다르네요 구매하길 잘했어요 그리고 가격에 비해 품질은 그럭저럭인거 같아요",
    "Source": "쇼핑몰",
    "Domain": "가전",
    "MainCategory": "영상/음향가전",
    "ProductName": "삼성전자 HW-Q600A 정품",
    "ReviewScore": "4",
    "Syllable": "70",
    "Word": "16",
    "RDate": "20210603",
    "GeneralPolarity": "0",
    "Aspects": [
      {
        "Aspect": "음량/음질",
        "SentimentText": "티비소리만 듣다가 사운드바 사용해 보니 확실히 음량이 다르네요 구매하길 잘했어요",
        "SentimentWord": "10",
        "SentimentPolarity": "1"
      },
      {
        "Aspect": "품질",
        "SentimentText": "그리고 가격에 비해 품질은 그럭저럭인거 같아요",
        "SentimentWord": "6",
        "SentimentPolarity": "0"
      }
    ]
  },
  {
    "Index": "15713",
    "RawText": "음질은 그냥 보통인 것 같아요. 그래도 가성비는 좋은 제품인 것 같아서 추천해요~!",
    "Source": "쇼핑몰",
    "Domain": "가전",
    "MainCategory": "영상/음향가전",
    "ProductName": "삼성전자 HW-Q600A 정품",
    "ReviewScore": "5",
    "Syllable": "46",
    "Word": "12",
    "RDate": "20220530",
    "GeneralPolarity": "1",
    "Aspects": [
      {
        "Aspect": "음량/음질",
        "SentimentText": "음질은 그냥 보통인 것 같아요.",
        "SentimentWord": "5",
        "SentimentPolarity": "0"
      },
      {
        "Aspect": "가격",
        "SentimentText": "그래도 가성비는 좋은 제품인 것 같아서 추천해요~!",
        "SentimentWord": "7",
        "SentimentPolarity": "1"
      }
    ]
  },
  {
    "Index": "15714",
    "RawText": "전력소비가 큰 것 같아서 아쉬워요..ㅠ 이거 때문에 전원 꼽고 뽑기를 반복하는데 넘 불편합니다...",
    "Source": "쇼핑몰",
    "Domain": "가전",
    "MainCategory": "영상/음향가전",
    "ProductName": "삼성전자 HW-Q600A 정품",
    "ReviewScore": "3",
    "Syllable": "55",
    "Word": "13",
    "RDate": "20210808",
    "GeneralPolarity": "-1",
    "Aspects": [
      {
        "Aspect": "소비전력",
        "SentimentText": "전력소비가 큰 것 같아서 아쉬워요..ㅠ ",
        "SentimentWord": "5",
        "SentimentPolarity": "-1"
      },
      {
        "Aspect": "편의성",
        "SentimentText": "이거 때문에 전원 꼽고 뽑기를 반복하는데 넘 불편합니다...",
        "SentimentWord": "8",
        "SentimentPolarity": "-1"
      }
    ]
  },
  {
    "Index": "15715",
    "RawText": "돌비애트모스 지원되는 사운드바 중에서 젤 저렴한 거 같아요 가성비 짱! 음질도 완전 선명하고 좋네요 ㅎ",
    "Source": "쇼핑몰",
    "Domain": "가전",
    "MainCategory": "영상/음향가전",
    "ProductName": "삼성전자 HW-Q600A 정품",
    "ReviewScore": "5",
    "Syllable": "57",
    "Word": "15",
    "RDate": "20220217",
    "GeneralPolarity": "1",
    "Aspects": [
      {
        "Aspect": "가격",
        "SentimentText": "돌비애트모스 지원되는 사운드바 중에서 젤 저렴한 거 같아요 가성비 짱!",
        "SentimentWord": "10",
        "SentimentPolarity": "1"
      },
      {
        "Aspect": "음량/음질",
        "SentimentText": "음질도 완전 선명하고 좋네요 ㅎ",
        "SentimentWord": "5",
        "SentimentPolarity": "1"
      }
    ]
  },
  {
    "Index": "15716",
    "RawText": "완전 칼배송 받아서 좋아요 ㅎㅎ 포장도 엄청 깔끔하네요 ^^ 가격도 넘 저렴하게 잘 사서 만족해요 그리고 인터넷방송 볼때도 진짜 편해서 좋아요",
    "Source": "쇼핑몰",
    "Domain": "가전",
    "MainCategory": "영상/음향가전",
    "ProductName": "삼성전자 HW-Q600A 정품",
    "ReviewScore": "5",
    "Syllable": "79",
    "Word": "21",
    "RDate": "20220416",
    "GeneralPolarity": "1",
    "Aspects": [
      {
        "Aspect": "가격",
        "SentimentText": "가격도 넘 저렴하게 잘 사서 만족해요",
        "SentimentWord": "6",
        "SentimentPolarity": "1"
      },
      {
        "Aspect": "편의성",
        "SentimentText": "그리고 인터넷방송 볼때도 진짜 편해서 좋아요",
        "SentimentWord": "6",
        "SentimentPolarity": "1"
      }
    ]
  },
  {
    "Index": "15717",
    "RawText": "총알배송 받아서 기분이 좋습니다~ 근데 음질은 그럭저럭입니다 쏘쏘. 그래도 디자인이 제 스탈이라 만족하려구요",
    "Source": "쇼핑몰",
    "Domain": "가전",
    "MainCategory": "영상/음향가전",
    "ProductName": "삼성전자 HW-Q600A 정품",
    "ReviewScore": "5",
    "Syllable": "60",
    "Word": "13",
    "RDate": "20210825",
    "GeneralPolarity": "1",
    "Aspects": [
      {
        "Aspect": "음량/음질",
        "SentimentText": "근데 음질은 그럭저럭입니다 쏘쏘. ",
        "SentimentWord": "4",
        "SentimentPolarity": "0"
      },
      {
        "Aspect": "디자인",
        "SentimentText": "그래도 디자인이 제 스탈이라 만족하려구요",
        "SentimentWord": "5",
        "SentimentPolarity": "1"
      }
    ]
  },
  {
    "Index": "15718",
    "RawText": "집에서 혼자 뚝딱 설치할 수 있어서 좋네요! 리모컨 하나만으로 되니까 넘 편리한 거 같아요 ^^ 그치만 좋은 제품인만큼 가격은 비싸긴해요 ㅜ",
    "Source": "쇼핑몰",
    "Domain": "가전",
    "MainCategory": "영상/음향가전",
    "ProductName": "삼성전자 HW-Q600A 정품",
    "ReviewScore": "4",
    "Syllable": "78",
    "Word": "21",
    "RDate": "20210709",
    "GeneralPolarity": "0",
    "Aspects": [
      {
        "Aspect": "조작성",
        "SentimentText": "집에서 혼자 뚝딱 설치할 수 있어서 좋네요! ",
        "SentimentWord": "7",
        "SentimentPolarity": "1"
      },
      {
        "Aspect": "편의성",
        "SentimentText": "리모컨 하나만으로 되니까 넘 편리한 거 같아요 ^^",
        "SentimentWord": "8",
        "SentimentPolarity": "1"
      },
      {
        "Aspect": "가격",
        "SentimentText": "그치만 좋은 제품인만큼 가격은 비싸긴해요 ㅜ",
        "SentimentWord": "6",
        "SentimentPolarity": "-1"
      }
    ]
  },
  {
    "Index": "15719",
    "RawText": "완전 빠르게 배송 받아서 좋아요ㅎㅎ HDMI ARC와 연동도 잘되니 기능면에서 넘 만족합니다 가성비 정말 좋은 제품이네요",
    "Source": "쇼핑몰",
    "Domain": "가전",
    "MainCategory": "영상/음향가전",
    "ProductName": "삼성전자 HW-Q600A 정품",
    "ReviewScore": "5",
    "Syllable": "67",
    "Word": "16",
    "RDate": "20211228",
    "GeneralPolarity": "1",
    "Aspects": [
      {
        "Aspect": "기능",
        "SentimentText": "HDMI ARC와 연동도 잘되니 기능면에서 넘 만족합니다",
        "SentimentWord": "7",
        "SentimentPolarity": "1"
      },
      {
        "Aspect": "가격",
        "SentimentText": "가성비 정말 좋은 제품이네요",
        "SentimentWord": "4",
        "SentimentPolarity": "1"
      }
    ]
  },
  {
    "Index": "15720",
    "RawText": "빠른 배송해주셔서 정말 감사했어요!  다만 혼자 설치하는데 좀 어려웠어요..; 그래도 저렴한 가격에 구매해서 만족!",
    "Source": "쇼핑몰",
    "Domain": "가전",
    "MainCategory": "영상/음향가전",
    "ProductName": "삼성전자 HW-Q600A 정품",
    "ReviewScore": "5",
    "Syllable": "64",
    "Word": "14",
    "RDate": "20220310",
    "Aspects": [
      {
        "Aspect": "조작성",
        "SentimentText": " 다만 혼자 설치하는데 좀 어려웠어요..; ",
        "SentimentWord": "5",
        "SentimentPolarity": "-1"
      },
      {
        "Aspect": "가격",
        "SentimentText": "그래도 저렴한 가격에 구매해서 만족!",
        "SentimentWord": "5",
        "SentimentPolarity": "1"
      }
    ]
  },
  {
    "Index": "15721",
    "RawText": "배송도 빠르니 넘 좋아요~~^^ 제품도 리모컨 하나로 조작 가능하여 매우 좋아요 최고입니다~^^ 19년형 제품이라 심포니 기능은 안되지만 원하는 기능이 되서 만족스러워요",
    "Source": "쇼핑몰",
    "Domain": "가전",
    "MainCategory": "영상/음향가전",
    "ProductName": "삼성전자 HW-Q600A 정품",
    "ReviewScore": "4",
    "Syllable": "94",
    "Word": "21",
    "RDate": "20210812",
    "GeneralPolarity": "1",
    "Aspects": [
      {
        "Aspect": "조작성",
        "SentimentText": "제품도 리모컨 하나로 조작 가능하여 매우 좋아요 최고입니다~^^",
        "SentimentWord": "8",
        "SentimentPolarity": "1"
      },
      {
        "Aspect": "제조일/제조사",
        "SentimentText": "19년형 제품이라 심포니 기능은 안되지만 원하는 기능이 되서 만족스러워요 ",
        "SentimentWord": "9",
        "SentimentPolarity": "1"
      }
    ]
  },
  {
    "Index": "15722",
    "RawText": "배송이 빨라서 넘 좋아요! 역시 강추하는 갓성비템 맞습니다 가성비대비 최고 게임이 더 생동감 느끼게 해주는 사운드의 입체기능 넘 좋아요 굳굳",
    "Source": "쇼핑몰",
    "Domain": "가전",
    "MainCategory": "영상/음향가전",
    "ProductName": "삼성전자 HW-Q600A 정품",
    "ReviewScore": "5",
    "Syllable": "78",
    "Word": "20",
    "RDate": "20220614",
    "GeneralPolarity": "1",
    "Aspects": [
      {
        "Aspect": "가격",
        "SentimentText": "역시 강추하는 갓성비템 맞습니다 가성비대비 최고",
        "SentimentWord": "6",
        "SentimentPolarity": "1"
      },
      {
        "Aspect": "음량/음질",
        "SentimentText": "게임이 더 생동감 느끼게 해주는 사운드의 입체기능 넘 좋아요 굳굳",
        "SentimentWord": "10",
        "SentimentPolarity": "1"
      }
    ]
  },
  {
    "Index": "15723",
    "RawText": "배송 3일만에 왔네요^^ 사이즈는 적당해서 그럭저럭 만족하고 음질도 나름 괜찮아 마음에 들어요. 다만 우퍼랑 무선 연결이 잘 안되 엄청 힘들었네요. 설명서는 복잡하고 어려워 좀더 자세히 표기안된게 아쉽네요.",
    "Source": "쇼핑몰",
    "Domain": "가전",
    "MainCategory": "영상/음향가전",
    "ProductName": "삼성전자 HW-Q600A 정품",
    "ReviewScore": "5",
    "Syllable": "115",
    "Word": "27",
    "RDate": "20220414",
    "GeneralPolarity": "0",
    "Aspects": [
      {
        "Aspect": "사이즈",
        "SentimentText": "사이즈는 적당해서 그럭저럭 만족하고",
        "SentimentWord": "4",
        "SentimentPolarity": "0"
      },
      {
        "Aspect": "음량/음질",
        "SentimentText": "음질도 나름 괜찮아 마음에 들어요",
        "SentimentWord": "5",
        "SentimentPolarity": "1"
      },
      {
        "Aspect": "기능",
        "SentimentText": "다만 우퍼랑 무선 연결이 잘 안되 엄청 힘들었네요",
        "SentimentWord": "8",
        "SentimentPolarity": "-1"
      },
      {
        "Aspect": "조작성",
        "SentimentText": "설명서는 복잡하고 어려워 좀더 자세히 표기안된게 아쉽네요.",
        "SentimentWord": "7",
        "SentimentPolarity": "-1"
      }
    ]
  },
  {
    "Index": "15724",
    "RawText": "당일배송으로 받았는데 빠르네요^^ 사용설명서가 너무 어렵네요ㅠ 제품 품질은 그럭저럭 만족해요.",
    "Source": "쇼핑몰",
    "Domain": "가전",
    "MainCategory": "영상/음향가전",
    "ProductName": "삼성전자 HW-Q600A 정품",
    "ReviewScore": "5",
    "Syllable": "52",
    "Word": "10",
    "RDate": "20210911",
    "GeneralPolarity": "0",
    "Aspects": [
      {
        "Aspect": "조작성",
        "SentimentText": "사용설명서가 너무 어렵네요ㅠ",
        "SentimentWord": "3",
        "SentimentPolarity": "-1"
      },
      {
        "Aspect": "품질",
        "SentimentText": "제품 품질은 그럭저럭 만족해요.",
        "SentimentWord": "4",
        "SentimentPolarity": "0"
      }
    ]
  },
  {
    "Index": "15725",
    "RawText": "가격대비 성능이 정말 쩌네요~ 우퍼가 있어 저음이 살아나서 좋고 OOO은 스피커도 잘만들고 최고네요!",
    "Source": "쇼핑몰",
    "Domain": "가전",
    "MainCategory": "영상/음향가전",
    "ProductName": "삼성전자 HW-Q600A 정품",
    "ReviewScore": "5",
    "Syllable": "56",
    "Word": "13",
    "RDate": "20220209",
    "GeneralPolarity": "1",
    "Aspects": [
      {
        "Aspect": "가격",
        "SentimentText": "가격대비 성능이 정말 쩌네요~",
        "SentimentWord": "4",
        "SentimentPolarity": "1"
      },
      {
        "Aspect": "음량/음질",
        "SentimentText": "저음이 살아나서 좋고",
        "SentimentWord": "3",
        "SentimentPolarity": "1"
      },
      {
        "Aspect": "제조일/제조사",
        "SentimentText": "OOO은 스피커도 잘만들고 최고네요!",
        "SentimentWord": "4",
        "SentimentPolarity": "1"
      }
    ]
  },
  {
    "Index": "15726",
    "RawText": "제품내용물에 사용설명서가 없어서 당황했어요.....색상이 검정 단일 색상만 있어서 너무 아쉽습니다. ",
    "Source": "쇼핑몰",
    "Domain": "가전",
    "MainCategory": "영상/음향가전",
    "ProductName": "삼성전자 HW-Q600A 정품",
    "ReviewScore": "4",
    "Syllable": "56",
    "Word": "10",
    "RDate": "20220121",
    "GeneralPolarity": "-1",
    "Aspects": [
      {
        "Aspect": "제품구성",
        "SentimentText": "제품내용물에 사용설명서가 없어서 당황했어요....",
        "SentimentWord": "4",
        "SentimentPolarity": "-1"
      },
      {
        "Aspect": "색상",
        "SentimentText": "색상이 검정 단일 색상만 있어서 너무 아쉽습니다.",
        "SentimentWord": "7",
        "SentimentPolarity": "-1"
      }
    ]
  },
  {
    "Index": "15727",
    "RawText": "가성비 굿이네요^^ 사운드 고음이 웅장해서 강추입니다! ",
    "Source": "쇼핑몰",
    "Domain": "가전",
    "MainCategory": "영상/음향가전",
    "ProductName": "삼성전자 HW-Q600A 정품",
    "ReviewScore": "5",
    "Syllable": "31",
    "Word": "6",
    "RDate": "20220414",
    "GeneralPolarity": "1",
    "Aspects": [
      {
        "Aspect": "가격",
        "SentimentText": "가성비 굿이네요^^ ",
        "SentimentWord": "2",
        "SentimentPolarity": "1"
      },
      {
        "Aspect": "음량/음질",
        "SentimentText": "사운드 고음이 웅장해서 강추입니다!",
        "SentimentWord": "4",
        "SentimentPolarity": "1"
      }
    ]
  },
  {
    "Index": "15728",
    "RawText": "연결설치가 아~주 쉬워요^^ 우퍼의 중저음이 생각보다 쎄서 볼륨을 많이 안올려도 충분하네요~",
    "Source": "쇼핑몰",
    "Domain": "가전",
    "MainCategory": "영상/음향가전",
    "ProductName": "삼성전자 HW-Q600A 정품",
    "ReviewScore": "5",
    "Syllable": "51",
    "Word": "11",
    "RDate": "20210707",
    "GeneralPolarity": "1",
    "Aspects": [
      {
        "Aspect": "조작성",
        "SentimentText": "연결설치가 아~주 쉬워요^^",
        "SentimentWord": "3",
        "SentimentPolarity": "1"
      },
      {
        "Aspect": "음량/음질",
        "SentimentText": "우퍼의 중저음이 생각보다 쎄서 볼륨을 많이 안올려도 충분하네요~",
        "SentimentWord": "8",
        "SentimentPolarity": "1"
      }
    ]
  },
  {
    "Index": "15729",
    "RawText": "구형제품보다 폭은 얇아지고 길이는 길어지고 무게는 가벼워져 인테리어랑도 아주 굿!!!이네요   기대치가 컸는지 스피커 성능이 많이 부족하네요. ",
    "Source": "쇼핑몰",
    "Domain": "가전",
    "MainCategory": "영상/음향가전",
    "ProductName": "삼성전자 HW-Q600A 정품",
    "ReviewScore": "5",
    "Syllable": "80",
    "Word": "16",
    "RDate": "20211005",
    "GeneralPolarity": "0",
    "Aspects": [
      {
        "Aspect": "사이즈",
        "SentimentText": "구형제품보다 폭은 얇아지고 길이는 길어지고 무게는 가벼워져 인테리어랑도 아주 굿!!!이네요",
        "SentimentWord": "10",
        "SentimentPolarity": "1"
      },
      {
        "Aspect": "기능",
        "SentimentText": "기대치가 컸는지 스피커 성능이 많이 부족하네요.",
        "SentimentWord": "6",
        "SentimentPolarity": "-1"
      }
    ]
  },
  {
    "Index": "15730",
    "RawText": "상품도착후 설치하니 설치도 엄청 쉽고~  전에 사용했던 스피커바 보다 음질이 월등하네요. 구입 잘한거 같습니다. ",
    "Source": "쇼핑몰",
    "Domain": "가전",
    "MainCategory": "영상/음향가전",
    "ProductName": "삼성전자 HW-Q600A 정품",
    "ReviewScore": "5",
    "Syllable": "63",
    "Word": "14",
    "RDate": "20210930",
    "GeneralPolarity": "1",
    "Aspects": [
      {
        "Aspect": "조작성",
        "SentimentText": " 설치도 엄청 쉽고~",
        "SentimentWord": "3",
        "SentimentPolarity": "1"
      },
      {
        "Aspect": "음량/음질",
        "SentimentText": "전에 사용했던 스피커바 보다 음질이 월등하네요",
        "SentimentWord": "6",
        "SentimentPolarity": "1"
      }
    ]
  },
  {
    "Index": "15731",
    "RawText": "사운드의 품질이 좋아서 만족해요 우퍼도 음질이 선명하니까 만족합니다.  ",
    "Source": "쇼핑몰",
    "Domain": "가전",
    "MainCategory": "영상/음향가전",
    "ProductName": "삼성전자 HW-Q600A 정품",
    "ReviewScore": "5",
    "Syllable": "40",
    "Word": "8",
    "RDate": "20210911",
    "GeneralPolarity": "1",
    "Aspects": [
      {
        "Aspect": "품질",
        "SentimentText": "사운드의 품질이 좋아서 만족해요",
        "SentimentWord": "4",
        "SentimentPolarity": "1"
      },
      {
        "Aspect": "음량/음질",
        "SentimentText": "우퍼도 음질이 선명하니까 만족합니다. ",
        "SentimentWord": "4",
        "SentimentPolarity": "1"
      }
    ]
  },
  {
    "Index": "15732",
    "RawText": "가격대비 가성비가 매우 좋아요 우퍼도 음질의 선명감이 기대이상이라 만족합니다. 품질이 좋은 제품을 만나서 너무 좋네요 굿~ ",
    "Source": "쇼핑몰",
    "Domain": "가전",
    "MainCategory": "영상/음향가전",
    "ProductName": "삼성전자 HW-Q600A 정품",
    "ReviewScore": "5",
    "Syllable": "69",
    "Word": "16",
    "RDate": "20211218",
    "GeneralPolarity": "1",
    "Aspects": [
      {
        "Aspect": "가격",
        "SentimentText": "가격대비 가성비가 매우 좋아요",
        "SentimentWord": "4",
        "SentimentPolarity": "1"
      },
      {
        "Aspect": "음량/음질",
        "SentimentText": "우퍼도 음질의 선명감이 기대이상이라 만족합니다",
        "SentimentWord": "5",
        "SentimentPolarity": "1"
      },
      {
        "Aspect": "품질",
        "SentimentText": "품질이 좋은 제품을 만나서 너무 좋네요 굿~",
        "SentimentWord": "7",
        "SentimentPolarity": "1"
      }
    ]
  },
  {
    "Index": "15733",
    "RawText": "가성비가 제일 좋은것같아서 구매 후 만족하고 있어요 사운드는 서라운드나 어뎁티브 모드가 해놓으니 매우 좋습니다^^ ",
    "Source": "쇼핑몰",
    "Domain": "가전",
    "MainCategory": "영상/음향가전",
    "ProductName": "삼성전자 HW-Q600A 정품",
    "ReviewScore": "5",
    "Syllable": "64",
    "Word": "14",
    "RDate": "20211124",
    "GeneralPolarity": "1",
    "Aspects": [
      {
        "Aspect": "가격",
        "SentimentText": "가성비가 제일 좋은것같아서 구매 후 만족하고 있어요",
        "SentimentWord": "7",
        "SentimentPolarity": "1"
      },
      {
        "Aspect": "기능",
        "SentimentText": "사운드는 서라운드나 어뎁티브 모드가 해놓으니 매우 좋습니다^^",
        "SentimentWord": "7",
        "SentimentPolarity": "1"
      }
    ]
  },
  {
    "Index": "15734",
    "RawText": "가격대비 품질이 마음에 듭니다. 가격도 매우 저렴해서 잘 구입한 것같아요~",
    "Source": "쇼핑몰",
    "Domain": "가전",
    "MainCategory": "영상/음향가전",
    "ProductName": "삼성전자 HW-Q600A 정품",
    "ReviewScore": "5",
    "Syllable": "41",
    "Word": "10",
    "RDate": "20211107",
    "GeneralPolarity": "1",
    "Aspects": [
      {
        "Aspect": "품질",
        "SentimentText": "가격대비 품질이 마음에 듭니다",
        "SentimentWord": "4",
        "SentimentPolarity": "1"
      },
      {
        "Aspect": "가격",
        "SentimentText": "가격도 매우 저렴해서 잘 구입한 것같아요~",
        "SentimentWord": "6",
        "SentimentPolarity": "1"
      }
    ]
  },
  {
    "Index": "15736",
    "RawText": "가격대비 퀄리티 기대이하에요..... 티비연결 시 소리의 반응속도가 늦어서 매우 불만족스럽습니다!! ",
    "Source": "쇼핑몰",
    "Domain": "가전",
    "MainCategory": "영상/음향가전",
    "ProductName": "삼성전자 HW-Q600A 정품",
    "ReviewScore": "1",
    "Syllable": "56",
    "Word": "10",
    "RDate": "20220713",
    "Aspects": [
      {
        "Aspect": "품질",
        "SentimentText": "가격대비 퀄리티 기대이하에요.....",
        "SentimentWord": "3",
        "SentimentPolarity": "-1"
      },
      {
        "Aspect": "시간/속도",
        "SentimentText": "티비연결 시 소리의 반응속도가 늦어서 매우 불만족스럽습니다!!",
        "SentimentWord": "7",
        "SentimentPolarity": "-1"
      }
    ]
  },
  {
    "Index": "15737",
    "RawText": "생각보다 품질이 좋아서 다행이예요~저희 티비는 오래 되어서 티비에 연결하려 샀는데 최신형 티비에만 연결이 된다고 하네요ㅠ 기능이 아쉽습니다.",
    "Source": "쇼핑몰",
    "Domain": "가전",
    "MainCategory": "영상/음향가전",
    "ProductName": "삼성전자 HW-Q600A 정품",
    "ReviewScore": "5",
    "Syllable": "78",
    "Word": "17",
    "RDate": "20210904",
    "GeneralPolarity": "0",
    "Aspects": [
      {
        "Aspect": "품질",
        "SentimentText": "생각보다 품질이 좋아서 다행이예요~",
        "SentimentWord": "4",
        "SentimentPolarity": "1"
      },
      {
        "Aspect": "기능",
        "SentimentText": "티비에 연결하려 샀는데 최신형 티비에만 연결이 된다고 하네요ㅠ 기능이 아쉽습니다.",
        "SentimentWord": "10",
        "SentimentPolarity": "-1"
      }
    ]
  },
  {
    "Index": "15738",
    "RawText": "음질도 선명하게 잘들리고 만족해요 가격도 저렴하고요 제품 정말 좋아요 굿입니다^^ ",
    "Source": "쇼핑몰",
    "Domain": "가전",
    "MainCategory": "영상/음향가전",
    "ProductName": "삼성전자 HW-Q600A 정품",
    "ReviewScore": "5",
    "Syllable": "46",
    "Word": "10",
    "RDate": "20211207",
    "Aspects": [
      {
        "Aspect": "음량/음질",
        "SentimentText": "음질도 선명하게 잘들리고 만족해요",
        "SentimentWord": "4",
        "SentimentPolarity": "1"
      },
      {
        "Aspect": "가격",
        "SentimentText": "가격도 저렴하고요",
        "SentimentWord": "2",
        "SentimentPolarity": "1"
      },
      {
        "Aspect": "품질",
        "SentimentText": "제품 정말 좋아요 굿입니다^^",
        "SentimentWord": "4",
        "SentimentPolarity": "1"
      }
    ]
  },
  {
    "Index": "15739",
    "RawText": "너무 깨끗하고 심플한 디자인이네요~ 소리도 빵빵하니 최고입니다.  ",
    "Source": "쇼핑몰",
    "Domain": "가전",
    "MainCategory": "영상/음향가전",
    "ProductName": "삼성전자 HW-Q600A 정품",
    "ReviewScore": "5",
    "Syllable": "37",
    "Word": "7",
    "RDate": "20211030",
    "Aspects": [
      {
        "Aspect": "디자인",
        "SentimentText": "너무 깨끗하고 심플한 디자인이네요~",
        "SentimentWord": "4",
        "SentimentPolarity": "1"
      },
      {
        "Aspect": "음량/음질",
        "SentimentText": "소리도 빵빵하니 최고입니다. ",
        "SentimentWord": "3",
        "SentimentPolarity": "1"
      }
    ]
  },
  {
    "Index": "15740",
    "RawText": "소리에서 새소리나 물소리 실감나게 들립니다. 고객을 감동시키는 최고의  제품이예요 가성비가 너무 좋아 구입했어요",
    "Source": "쇼핑몰",
    "Domain": "가전",
    "MainCategory": "영상/음향가전",
    "ProductName": "삼성전자 HW-Q600A 정품",
    "ReviewScore": "5",
    "Syllable": "62",
    "Word": "13",
    "RDate": "20220211",
    "Aspects": [
      {
        "Aspect": "음량/음질",
        "SentimentText": "소리에서 새소리나 물소리 실감나게 들립니다. 고객을 감동시키는 최고의  제품이예요",
        "SentimentWord": "9",
        "SentimentPolarity": "1"
      },
      {
        "Aspect": "가격",
        "SentimentText": "가성비가 너무 좋아 구입했어요",
        "SentimentWord": "4",
        "SentimentPolarity": "1"
      }
    ]
  },
  {
    "Index": "15741",
    "RawText": "소리를 크게하면 깨지는 느낌이 들어서 어쩔 수없지만 아쉽네요 그 외에는 음질이 매우 좋아요 게임할때도 사람의 목소리가 잘 들려서 만족합니다. ",
    "Source": "쇼핑몰",
    "Domain": "가전",
    "MainCategory": "영상/음향가전",
    "ProductName": "삼성전자 HW-Q600A 정품",
    "ReviewScore": "4",
    "Syllable": "79",
    "Word": "19",
    "RDate": "20211202",
    "GeneralPolarity": "1",
    "Aspects": [
      {
        "Aspect": "음량/음질",
        "SentimentText": "소리를 크게하면 깨지는 느낌이 들어서 어쩔 수없지만 아쉽네요",
        "SentimentWord": "8",
        "SentimentPolarity": "-1"
      },
      {
        "Aspect": "음량/음질",
        "SentimentText": "그 외에는 음질이 매우 좋아요",
        "SentimentWord": "5",
        "SentimentPolarity": "1"
      },
      {
        "Aspect": "음량/음질",
        "SentimentText": "게임할때도 사람의 목소리가 잘 들려서 만족합니다.",
        "SentimentWord": "6",
        "SentimentPolarity": "1"
      }
    ]
  },
  {
    "Index": "15745",
    "RawText": "연결도 쉽고 설치도 쉬워서 매우 좋아요 그리고 소리도 또렷해서 만족하고 있습니다.",
    "Source": "쇼핑몰",
    "Domain": "가전",
    "MainCategory": "영상/음향가전",
    "ProductName": "삼성전자 HW-Q600A 정품",
    "ReviewScore": "5",
    "Syllable": "45",
    "Word": "11",
    "RDate": "20211007",
    "GeneralPolarity": "1",
    "Aspects": [
      {
        "Aspect": "조작성",
        "SentimentText": "연결도 쉽고 설치도 쉬워서 매우 좋아요 ",
        "SentimentWord": "6",
        "SentimentPolarity": "1"
      },
      {
        "Aspect": "음량/음질",
        "SentimentText": "그리고 소리도 또렷해서 만족하고 있습니다.",
        "SentimentWord": "5",
        "SentimentPolarity": "1"
      }
    ]
  },
  {
    "Index": "15747",
    "RawText": "오! 택배파업으로 늦을 줄알았는데 다음날에 배송와서 좋았어요 음질이 매우 좋아서 만족해요 티비스피커 외에 사운드바에 우퍼까지 연결하니까 사운드가 좋네요 영화보는데 극장같아서 굿",
    "Source": "쇼핑몰",
    "Domain": "가전",
    "MainCategory": "영상/음향가전",
    "ProductName": "삼성전자 HW-Q600A 정품",
    "ReviewScore": "5",
    "Syllable": "98",
    "Word": "21",
    "RDate": "20220124",
    "GeneralPolarity": "1",
    "Aspects": [
      {
        "Aspect": "음량/음질",
        "SentimentText": "음질이 매우 좋아서 만족해요",
        "SentimentWord": "4",
        "SentimentPolarity": "1"
      },
      {
        "Aspect": "음량/음질",
        "SentimentText": "티비스피커 외에 사운드바에 우퍼까지 연결하니까 사운드가 좋네요 영화보는데 극장같아서 굿",
        "SentimentWord": "10",
        "SentimentPolarity": "1"
      }
    ]
  },
  {
    "Index": "15748",
    "RawText": "음질 특히 저음이 더 좋은 것 같아요~ 가성비 갑인 최고의 제품이라 좋아요 ㅎㅎ",
    "Source": "쇼핑몰",
    "Domain": "가전",
    "MainCategory": "영상/음향가전",
    "ProductName": "삼성전자 HW-Q600A 정품",
    "ReviewScore": "5",
    "Syllable": "44",
    "Word": "13",
    "RDate": "20210912",
    "Aspects": [
      {
        "Aspect": "음량/음질",
        "SentimentText": "음질 특히 저음이 더 좋은 것 같아요~",
        "SentimentWord": "7",
        "SentimentPolarity": "1"
      },
      {
        "Aspect": "가격",
        "SentimentText": "가성비 갑인 최고의 제품이라 좋아요 ㅎㅎ",
        "SentimentWord": "6",
        "SentimentPolarity": "1"
      }
    ]
  },
  {
    "Index": "15749",
    "RawText": "음량이 크고 선명하니 성능이 대단 한것같아서 만족합니다. 디자인도 깔끔하니 거실이 한결 더 깔끔해져보여서 좋아요",
    "Source": "쇼핑몰",
    "Domain": "가전",
    "MainCategory": "영상/음향가전",
    "ProductName": "삼성전자 HW-Q600A 정품",
    "ReviewScore": "5",
    "Syllable": "62",
    "Word": "14",
    "RDate": "20210824",
    "GeneralPolarity": "1",
    "Aspects": [
      {
        "Aspect": "음량/음질",
        "SentimentText": "음량이 크고 선명하니 성능이 대단 한것같아서 만족합니다. ",
        "SentimentWord": "7",
        "SentimentPolarity": "1"
      },
      {
        "Aspect": "디자인",
        "SentimentText": "디자인도 깔끔하니 거실이 한결 더 깔끔해져보여서 좋아요",
        "SentimentWord": "7",
        "SentimentPolarity": "1"
      }
    ]
  },
  {
    "Index": "15750",
    "RawText": "가성비 끝판왕 같습니다 소리나오는것 확인해보니 잘 작동해서 만족합니다.",
    "Source": "쇼핑몰",
    "Domain": "가전",
    "MainCategory": "영상/음향가전",
    "ProductName": "삼성전자 HW-Q600A 정품",
    "ReviewScore": "5",
    "Syllable": "39",
    "Word": "8",
    "RDate": "20220308",
    "Aspects": [
      {
        "Aspect": "가격",
        "SentimentText": "가성비 끝판왕 같습니다",
        "SentimentWord": "3",
        "SentimentPolarity": "1"
      },
      {
        "Aspect": "품질",
        "SentimentText": "소리나오는것 확인해보니 잘 작동해서 만족합니다.",
        "SentimentWord": "5",
        "SentimentPolarity": "1"
      }
    ]
  },
  {
    "Index": "15751",
    "RawText": "저렴하게 구입하게 되어 좋아요 역시 티비 소리보다는 훨씬 음질이 선명하고 좋아요 그런데 확실히 무게감이 있다보니까 벽에 설치는 매우 어려울듯하여 아쉽네요",
    "Source": "쇼핑몰",
    "Domain": "가전",
    "MainCategory": "영상/음향가전",
    "ProductName": "삼성전자 HW-Q600A 정품",
    "ReviewScore": "5",
    "Syllable": "85",
    "Word": "20",
    "RDate": "20220503",
    "GeneralPolarity": "0",
    "Aspects": [
      {
        "Aspect": "가격",
        "SentimentText": "저렴하게 구입하게 되어 좋아요",
        "SentimentWord": "4",
        "SentimentPolarity": "1"
      },
      {
        "Aspect": "음량/음질",
        "SentimentText": "역시 티비 소리보다는 훨씬 음질이 선명하고 좋아요",
        "SentimentWord": "7",
        "SentimentPolarity": "1"
      },
      {
        "Aspect": "무게",
        "SentimentText": "그런데 확실히 무게감이 있다보니까 벽에 설치는 매우 어려울듯하여 아쉽네요",
        "SentimentWord": "9",
        "SentimentPolarity": "-1"
      }
    ]
  },
  {
    "Index": "15752",
    "RawText": "저렴한 가격은 좋습니다. 그런데 가격대비 기본 사운드라 음질을 많이 기대하면 안될것같아요 티비가 상급이면 비추천합니다ㅜㅜ ",
    "Source": "쇼핑몰",
    "Domain": "가전",
    "MainCategory": "영상/음향가전",
    "ProductName": "삼성전자 HW-Q600A 정품",
    "ReviewScore": "4",
    "Syllable": "68",
    "Word": "14",
    "RDate": "20210928",
    "GeneralPolarity": "0",
    "Aspects": [
      {
        "Aspect": "가격",
        "SentimentText": "저렴한 가격은 좋습니다. ",
        "SentimentWord": "3",
        "SentimentPolarity": "1"
      },
      {
        "Aspect": "음량/음질",
        "SentimentText": "그런데 가격대비 기본 사운드라 음질을 많이 기대하면 안될것같아요 티비가 상급이면 비추천합니다ㅜㅜ",
        "SentimentWord": "11",
        "SentimentPolarity": "-1"
      }
    ]
  },
  {
    "Index": "15753",
    "RawText": "제가 생각했던 음질은 아니라 아쉽네요;;  그러나 연결은 쉽고 편하니까 그건 만족합니다.",
    "Source": "쇼핑몰",
    "Domain": "가전",
    "MainCategory": "영상/음향가전",
    "ProductName": "삼성전자 HW-Q600A 정품",
    "ReviewScore": "5",
    "Syllable": "49",
    "Word": "11",
    "RDate": "20220313",
    "GeneralPolarity": "0",
    "Aspects": [
      {
        "Aspect": "음량/음질",
        "SentimentText": "제가 생각했던 음질은 아니라 아쉽네요;;",
        "SentimentWord": "5",
        "SentimentPolarity": "-1"
      },
      {
        "Aspect": "조작성",
        "SentimentText": "그러나 연결은 쉽고 편하니까 그건 만족합니다.",
        "SentimentWord": "6",
        "SentimentPolarity": "1"
      }
    ]
  },
  {
    "Index": "15755",
    "RawText": "중저음의 음질이 좋아서 만족해요 충분히 소리가 울리네요!! 서브 우퍼도 볼륨 조절이 따로 가능해서 좋으네요^^",
    "Source": "쇼핑몰",
    "Domain": "가전",
    "MainCategory": "영상/음향가전",
    "ProductName": "삼성전자 HW-Q600A 정품",
    "ReviewScore": "5",
    "Syllable": "61",
    "Word": "14",
    "RDate": "20220117",
    "Aspects": [
      {
        "Aspect": "음량/음질",
        "SentimentText": "중저음의 음질이 좋아서 만족해요 충분히 소리가 울리네요!!",
        "SentimentWord": "7",
        "SentimentPolarity": "1"
      },
      {
        "Aspect": "편의성",
        "SentimentText": "서브 우퍼도 볼륨 조절이 따로 가능해서 좋으네요^^",
        "SentimentWord": "7",
        "SentimentPolarity": "1"
      }
    ]
  },
  {
    "Index": "15756",
    "RawText": "오! 총알배송에 감동했어요 사운드도 빵빵하니 좋습니다.집에 있는 티비로도 여러 기능이 지원 호환이 되어서 연결도 문제없이 잘 사용하고 있습니다. 만족스러워요",
    "Source": "쇼핑몰",
    "Domain": "가전",
    "MainCategory": "영상/음향가전",
    "ProductName": "삼성전자 HW-Q600A 정품",
    "ReviewScore": "5",
    "Syllable": "87",
    "Word": "19",
    "RDate": "20220211",
    "GeneralPolarity": "1",
    "Aspects": [
      {
        "Aspect": "음량/음질",
        "SentimentText": "사운드도 빵빵하니 좋습니다.",
        "SentimentWord": "3",
        "SentimentPolarity": "1"
      },
      {
        "Aspect": "조작성",
        "SentimentText": "집에 있는 티비로도 여러 기능이 지원 호환이 되어서 연결도 문제없이 잘 사용하고 있습니다. 만족스러워요",
        "SentimentWord": "14",
        "SentimentPolarity": "1"
      }
    ]
  },
  {
    "Index": "15757",
    "RawText": "티비의 퀄리티가 매우 우수합니다. 화질도 선명하다니 매우만족하구요 배송기사님도 친절하신점이 상당히 좋았어요 다만 아쉬운건 연휴가 껴서 배송이 느렸어요ㅜ. 부모님이 품질에 굉장히 만족해하시니 좋아요 ㅎㅎ",
    "Source": "쇼핑몰",
    "Domain": "가전",
    "MainCategory": "영상/음향가전",
    "ProductName": "삼성전자 HW-Q600A 정품",
    "ReviewScore": "5",
    "Syllable": "112",
    "Word": "23",
    "RDate": "20210925",
    "Aspects": [
      {
        "Aspect": "품질",
        "SentimentText": "티비의 퀄리티가 매우 우수합니다.",
        "SentimentWord": "4",
        "SentimentPolarity": "1"
      },
      {
        "Aspect": "화질",
        "SentimentText": "화질도 선명하다니 매우만족하구요",
        "SentimentWord": "3",
        "SentimentPolarity": "1"
      },
      {
        "Aspect": "품질",
        "SentimentText": "부모님이 품질에 굉장히 만족해하시니 좋아요 ㅎㅎ",
        "SentimentWord": "6",
        "SentimentPolarity": "1"
      }
    ]
  },
  {
    "Index": "15758",
    "RawText": "티비 구입시 사운드바를 저렴하게 구입할 수있으니까 좋았습니다^^ 여기가 제일 싸고 좋아요~제조일도 제일 최신기종인데 이런 이벤트 할인 감사합니다.",
    "Source": "쇼핑몰",
    "Domain": "가전",
    "MainCategory": "영상/음향가전",
    "ProductName": "삼성전자 HW-Q600A 정품",
    "ReviewScore": "5",
    "Syllable": "81",
    "Word": "17",
    "RDate": "20210918",
    "GeneralPolarity": "1",
    "Aspects": [
      {
        "Aspect": "가격",
        "SentimentText": "티비 구입시 사운드바를 저렴하게 구입할 수있으니까 좋았습니다^^ 여기가 제일 싸고 좋아요~",
        "SentimentWord": "11",
        "SentimentPolarity": "1"
      },
      {
        "Aspect": "제조일/제조사",
        "SentimentText": "제조일도 제일 최신기종인데 이런 이벤트 할인 감사합니다.",
        "SentimentWord": "7",
        "SentimentPolarity": "1"
      }
    ]
  },
  {
    "Index": "15760",
    "RawText": "행사상품으로 저렴하게 구매해서 만족해요 그리고 성능도 매우 훌륭합니다 굿!! 티비랑도 연동되니 매우 좋아요 ㅎㅎ",
    "Source": "쇼핑몰",
    "Domain": "가전",
    "MainCategory": "영상/음향가전",
    "ProductName": "삼성전자 HW-Q600A 정품",
    "ReviewScore": "5",
    "Syllable": "62",
    "Word": "14",
    "RDate": "20210927",
    "GeneralPolarity": "1",
    "Aspects": [
      {
        "Aspect": "가격",
        "SentimentText": "행사상품으로 저렴하게 구매해서 만족해요 ",
        "SentimentWord": "4",
        "SentimentPolarity": "1"
      },
      {
        "Aspect": "기능",
        "SentimentText": "그리고 성능도 매우 훌륭합니다 굿!!",
        "SentimentWord": "5",
        "SentimentPolarity": "1"
      },
      {
        "Aspect": "기능",
        "SentimentText": "티비랑도 연동되니 매우 좋아요 ㅎㅎ",
        "SentimentWord": "5",
        "SentimentPolarity": "1"
      }
    ]
  },
  {
    "Index": "15761",
    "RawText": "역시 사운드바중 가성비 최고의 제품이라 좋아요 사운드바 있고없고의 차이가 확실해서 그 음질에 매우 감탄합니다 ^^",
    "Source": "쇼핑몰",
    "Domain": "가전",
    "MainCategory": "영상/음향가전",
    "ProductName": "삼성전자 HW-Q600A 정품",
    "ReviewScore": "5",
    "Syllable": "63",
    "Word": "15",
    "RDate": "20220221",
    "GeneralPolarity": "1",
    "Aspects": [
      {
        "Aspect": "가격",
        "SentimentText": "역시 사운드바중 가성비 최고의 제품이라 좋아요",
        "SentimentWord": "6",
        "SentimentPolarity": "1"
      },
      {
        "Aspect": "음량/음질",
        "SentimentText": "사운드바 있고없고의 차이가 확실해서 그 음질에 매우 감탄합니다 ^^",
        "SentimentWord": "9",
        "SentimentPolarity": "1"
      }
    ]
  },
  {
    "Index": "15762",
    "RawText": "자가설치 했는데 쉬워요!! 그러나 전원버튼작동불량으로 AS신청하고 해결은 했는데 아쉽네요 ㅜ",
    "Source": "쇼핑몰",
    "Domain": "가전",
    "MainCategory": "영상/음향가전",
    "ProductName": "삼성전자 HW-Q600B",
    "ReviewScore": "3",
    "Syllable": "51",
    "Word": "10",
    "RDate": "20220617",
    "Aspects": [
      {
        "Aspect": "조작성",
        "SentimentText": "자가설치 했는데 쉬워요!!",
        "SentimentWord": "3",
        "SentimentPolarity": "1"
      },
      {
        "Aspect": "품질",
        "SentimentText": "그러나 전원버튼작동불량으로 AS신청하고 해결은 했는데 아쉽네요 ㅜ",
        "SentimentWord": "7",
        "SentimentPolarity": "-1"
      }
    ]
  },
  {
    "Index": "15764",
    "RawText": "가성비 좋은 제품으로 아주 만족해요 생산년월일은 22년06월이여서 최근생산으로 만족하구요!!",
    "Source": "쇼핑몰",
    "Domain": "가전",
    "MainCategory": "영상/음향가전",
    "ProductName": "삼성전자 HW-Q600B",
    "ReviewScore": "5",
    "Syllable": "51",
    "Word": "9",
    "RDate": "20220829",
    "GeneralPolarity": "1",
    "Aspects": [
      {
        "Aspect": "가격",
        "SentimentText": "가성비 좋은 제품으로 아주 만족해요",
        "SentimentWord": "5",
        "SentimentPolarity": "1"
      },
      {
        "Aspect": "제조일/제조사",
        "SentimentText": "생산년월일은 22년06월이여서 최근생산으로 만족하구요!!",
        "SentimentWord": "4",
        "SentimentPolarity": "1"
      }
    ]
  },
  {
    "Index": "15765",
    "RawText": "역시 가성비 훌륭합니다 만족~아파트 사시면 소음으로 걱정이 되지만 600b는 적당한 음량, 음질이라 30평대 거실에서 사용하기는 괜찮은것같아서 좋아요",
    "Source": "쇼핑몰",
    "Domain": "가전",
    "MainCategory": "영상/음향가전",
    "ProductName": "삼성전자 HW-Q600B",
    "ReviewScore": "5",
    "Syllable": "83",
    "Word": "17",
    "RDate": "20220801",
    "GeneralPolarity": "1",
    "Aspects": [
      {
        "Aspect": "가격",
        "SentimentText": "역시 가성비 훌륭합니다 만족~",
        "SentimentWord": "4",
        "SentimentPolarity": "1"
      },
      {
        "Aspect": "음량/음질",
        "SentimentText": "아파트 사시면 소음으로 걱정이 되지만 600b는 적당한 음량, 음질이라 30평대 거실에서 사용하기는 괜찮은것같아서 좋아요",
        "SentimentWord": "14",
        "SentimentPolarity": "1"
      }
    ]
  },
  {
    "Index": "15766",
    "RawText": "가성비 갑입니다 최고!! 음질이 선명해서 가정용으로도 최고입니다. ",
    "Source": "쇼핑몰",
    "Domain": "가전",
    "MainCategory": "영상/음향가전",
    "ProductName": "삼성전자 HW-Q600B",
    "ReviewScore": "5",
    "Syllable": "37",
    "Word": "7",
    "RDate": "20220518",
    "GeneralPolarity": "1",
    "Aspects": [
      {
        "Aspect": "가격",
        "SentimentText": "가성비 갑입니다 최고!!",
        "SentimentWord": "3",
        "SentimentPolarity": "1"
      },
      {
        "Aspect": "음량/음질",
        "SentimentText": "음질이 선명해서 가정용으로도 최고입니다.",
        "SentimentWord": "4",
        "SentimentPolarity": "1"
      }
    ]
  },
  {
    "Index": "15767",
    "RawText": "사운드 웅장하니 아주 최고입니다 굿 가격은 여기가 제일 저렴합니다 완전 만족해요~~^^",
    "Source": "쇼핑몰",
    "Domain": "가전",
    "MainCategory": "영상/음향가전",
    "ProductName": "삼성전자 HW-Q600B",
    "ReviewScore": "5",
    "Syllable": "48",
    "Word": "11",
    "RDate": "20220725",
    "GeneralPolarity": "1",
    "Aspects": [
      {
        "Aspect": "음량/음질",
        "SentimentText": "사운드 웅장하니 아주 최고입니다 굿",
        "SentimentWord": "5",
        "SentimentPolarity": "1"
      },
      {
        "Aspect": "가격",
        "SentimentText": "가격은 여기가 제일 저렴합니다 완전 만족해요~~^^",
        "SentimentWord": "6",
        "SentimentPolarity": "1"
      }
    ]
  },
  {
    "Index": "15768",
    "RawText": "중음과 고음이 상당히 좋은 편이라 사운드는 만족합니다. 다양한 기능들이 있지만 성능면서는 떨어지는 것같아서 아쉽네요  ",
    "Source": "쇼핑몰",
    "Domain": "가전",
    "MainCategory": "영상/음향가전",
    "ProductName": "삼성전자 HW-Q600B",
    "ReviewScore": "3",
    "Syllable": "66",
    "Word": "14",
    "RDate": "20220728",
    "GeneralPolarity": "0",
    "Aspects": [
      {
        "Aspect": "음량/음질",
        "SentimentText": "중음과 고음이 상당히 좋은 편이라 사운드는 만족합니다. ",
        "SentimentWord": "7",
        "SentimentPolarity": "1"
      },
      {
        "Aspect": "기능",
        "SentimentText": "다양한 기능들이 있지만 성능면서는 떨어지는 것같아서 아쉽네요 ",
        "SentimentWord": "7",
        "SentimentPolarity": "-1"
      }
    ]
  },
  {
    "Index": "15769",
    "RawText": "금요일에 주문하고 하루만에 도착했어요 대박 빠른배송 넘넘 감사드립니다~^^  이렇게나 꼼꼼한 포장은 없었던것 같은데 대박 감동입니다~ 세련된 검정색을 선택했는데 설치후에 너무 만족했어요. 영화를 트니 확실히 기본스피커보단 좋더군요",
    "Source": "쇼핑몰",
    "Domain": "가전",
    "MainCategory": "영상/음향가전",
    "ProductName": "삼성전자 HW-Q600B",
    "ReviewScore": "5",
    "Syllable": "128",
    "Word": "26",
    "RDate": "20220730",
    "Aspects": [
      {
        "Aspect": "색상",
        "SentimentText": "세련된 검정색을 선택했는데 설치후에 너무 만족했어요.",
        "SentimentWord": "6",
        "SentimentPolarity": "1"
      },
      {
        "Aspect": "음량/음질",
        "SentimentText": "영화를 트니 확실히 기본스피커보단 좋더군요",
        "SentimentWord": "5",
        "SentimentPolarity": "1"
      }
    ]
  },
  {
    "Index": "15770",
    "RawText": "꼼꼼하게 포장되어 와서 너무 만족합니다~~ 최신 제조품을 받아서 잘 작동됩니다 최고에요^^ 업그레이드 된 음질이 참 만족스러워요 영화 음악 감상에 아주 좋습니다요^^",
    "Source": "쇼핑몰",
    "Domain": "가전",
    "MainCategory": "영상/음향가전",
    "ProductName": "삼성전자 HW-Q600B",
    "ReviewScore": "5",
    "Syllable": "92",
    "Word": "21",
    "RDate": "20220818",
    "Aspects": [
      {
        "Aspect": "제조일/제조사",
        "SentimentText": "최신 제조품을 받아서 잘 작동됩니다 최고에요^^",
        "SentimentWord": "6",
        "SentimentPolarity": "1"
      },
      {
        "Aspect": "음량/음질",
        "SentimentText": "업그레이드 된 음질이 참 만족스러워요 영화 음악 감상에 아주 좋습니다요^^",
        "SentimentWord": "10",
        "SentimentPolarity": "1"
      }
    ]
  },
  {
    "Index": "15776",
    "RawText": ".TV자체 스피커보다도 음질 선명하지 않아요 ㅠㅠ  리모콘이 호환되는것은 정말 편리해요~",
    "Source": "쇼핑몰",
    "Domain": "가전",
    "MainCategory": "영상/음향가전",
    "ProductName": "삼성전자 HW-Q600B",
    "ReviewScore": "5",
    "Syllable": "49",
    "Word": "10",
    "RDate": "20220824",
    "Aspects": [
      {
        "Aspect": "음량/음질",
        "SentimentText": ".TV자체 스피커보다도 음질 선명하지 않아요 ㅠㅠ  ",
        "SentimentWord": "6",
        "SentimentPolarity": "-1"
      },
      {
        "Aspect": "편의성",
        "SentimentText": "리모콘이 호환되는것은 정말 편리해요~",
        "SentimentWord": "4",
        "SentimentPolarity": "1"
      }
    ]
  },
  {
    "Index": "15777",
    "RawText": "연결도 한번에 잘 되서 만족이고 잘 작동하여 만족합니다~^^",
    "Source": "쇼핑몰",
    "Domain": "가전",
    "MainCategory": "영상/음향가전",
    "ProductName": "삼성전자 HW-Q600B",
    "ReviewScore": "5",
    "Syllable": "33",
    "Word": "8",
    "RDate": "20220715",
    "Aspects": [
      {
        "Aspect": "조작성",
        "SentimentText": "연결도 한번에 잘 되서 만족이고 ",
        "SentimentWord": "5",
        "SentimentPolarity": "1"
      },
      {
        "Aspect": "품질",
        "SentimentText": "잘 작동하여 만족합니다~^^",
        "SentimentWord": "3",
        "SentimentPolarity": "1"
      }
    ]
  },
  {
    "Index": "15779",
    "RawText": "깨끗한 양품 무사히 잘 받았습니다 음질이 선명하고 사운드가 빵빵하니 아주 최고입니다!!",
    "Source": "쇼핑몰",
    "Domain": "가전",
    "MainCategory": "영상/음향가전",
    "ProductName": "삼성전자 HW-Q600B",
    "ReviewScore": "5",
    "Syllable": "48",
    "Word": "11",
    "RDate": "20220625",
    "Aspects": [
      {
        "Aspect": "품질",
        "SentimentText": "깨끗한 양품 무사히 잘 받았습니다",
        "SentimentWord": "5",
        "SentimentPolarity": "1"
      },
      {
        "Aspect": "음량/음질",
        "SentimentText": "음질이 선명하고 사운드가 빵빵하니 아주 최고입니다!!",
        "SentimentWord": "6",
        "SentimentPolarity": "1"
      }
    ]
  },
  {
    "Index": "15780",
    "RawText": "사운드바 음질이 생동감있어 영화감상 만족합니다 색상도 세련되서 집안분위기에 잘어울려요 굿굿",
    "Source": "쇼핑몰",
    "Domain": "가전",
    "MainCategory": "영상/음향가전",
    "ProductName": "삼성전자 HW-Q600B",
    "ReviewScore": "5",
    "Syllable": "50",
    "Word": "10",
    "RDate": "20220805",
    "GeneralPolarity": "1",
    "Aspects": [
      {
        "Aspect": "음량/음질",
        "SentimentText": "사운드바 음질이 생동감있어 영화감상 만족합니다",
        "SentimentWord": "5",
        "SentimentPolarity": "1"
      },
      {
        "Aspect": "색상",
        "SentimentText": "색상도 세련되서 집안분위기에 잘어울려요 굿굿",
        "SentimentWord": "5",
        "SentimentPolarity": "1"
      }
    ]
  },
  {
    "Index": "15781",
    "RawText": "사운드바 필요없다고 생각했는데 와 음질 너무 만족해서 사길 잘했다고 생각해요!! 가격도 합리적입니다 이가격에 완전 갓성비 추천드려요~",
    "Source": "쇼핑몰",
    "Domain": "가전",
    "MainCategory": "영상/음향가전",
    "ProductName": "삼성전자 HW-Q600B",
    "ReviewScore": "4",
    "Syllable": "74",
    "Word": "16",
    "RDate": "20220820",
    "GeneralPolarity": "1",
    "Aspects": [
      {
        "Aspect": "음량/음질",
        "SentimentText": "사운드바 필요없다고 생각했는데 와 음질 너무 만족해서 사길 잘했다고 생각해요!!",
        "SentimentWord": "10",
        "SentimentPolarity": "1"
      },
      {
        "Aspect": "가격",
        "SentimentText": "가격도 합리적입니다 이가격에 완전 갓성비 추천드려요~",
        "SentimentWord": "6",
        "SentimentPolarity": "1"
      }
    ]
  },
  {
    "Index": "15782",
    "RawText": "정말 소리가 좋습니다 우퍼를 꺼야 할 정도로 소리 세기가 엄청 강해요 최고짱짱 사이즈 슬림해서 공간차지않아 좋아요~",
    "Source": "쇼핑몰",
    "Domain": "가전",
    "MainCategory": "영상/음향가전",
    "ProductName": "삼성전자 HW-Q600B",
    "ReviewScore": "5",
    "Syllable": "64",
    "Word": "16",
    "RDate": "20220814",
    "Aspects": [
      {
        "Aspect": "음량/음질",
        "SentimentText": "정말 소리가 좋습니다 우퍼를 꺼야 할 정도로 소리 세기가 엄청 강해요 최고짱짱",
        "SentimentWord": "12",
        "SentimentPolarity": "1"
      },
      {
        "Aspect": "사이즈",
        "SentimentText": "사이즈 슬림해서 공간차지않아 좋아요~",
        "SentimentWord": "4",
        "SentimentPolarity": "1"
      }
    ]
  },
  {
    "Index": "15783",
    "RawText": "새제품인데도 불구하고 소리가 안나서 as센타가서 수리 받았어요 이게 무슨일인지 ㅠㅠㅠ 그래도 소리가 웅장하니 너무 좋아요~^^",
    "Source": "쇼핑몰",
    "Domain": "가전",
    "MainCategory": "영상/음향가전",
    "ProductName": "삼성전자 HW-Q600B",
    "ReviewScore": "5",
    "Syllable": "70",
    "Word": "15",
    "RDate": "20220522",
    "GeneralPolarity": "0",
    "Aspects": [
      {
        "Aspect": "품질",
        "SentimentText": "새제품인데도 불구하고 소리가 안나서 as센타가서 수리 받았어요 이게 무슨일인지 ㅠㅠㅠ",
        "SentimentWord": "10",
        "SentimentPolarity": "-1"
      },
      {
        "Aspect": "음량/음질",
        "SentimentText": "그래도 소리가 웅장하니 너무 좋아요~^^",
        "SentimentWord": "5",
        "SentimentPolarity": "1"
      }
    ]
  },
  {
    "Index": "15785",
    "RawText": "가성비 사운드바라서 가격은 장점이에요~ 저렴한 금액 만큼 음질이 그닥 좋진 않네요 불만족 ㅠㅠ",
    "Source": "쇼핑몰",
    "Domain": "가전",
    "MainCategory": "영상/음향가전",
    "ProductName": "삼성전자 HW-Q600B",
    "ReviewScore": "3",
    "Syllable": "52",
    "Word": "13",
    "RDate": "20220810",
    "GeneralPolarity": "0",
    "Aspects": [
      {
        "Aspect": "가격",
        "SentimentText": "가성비 사운드바라서 가격은 장점이에요~",
        "SentimentWord": "4",
        "SentimentPolarity": "1"
      },
      {
        "Aspect": "음량/음질",
        "SentimentText": "저렴한 금액 만큼 음질이 그닥 좋진 않네요 불만족 ㅠㅠ",
        "SentimentWord": "9",
        "SentimentPolarity": "-1"
      }
    ]
  },
  {
    "Index": "15786",
    "RawText": "이틀만에 고장 실화입니까?? 완전 비추천...다른데 보아도 스크래치가 많네요 리모콘 반응이 굉장히 느려서 짜증나요...",
    "Source": "쇼핑몰",
    "Domain": "가전",
    "MainCategory": "영상/음향가전",
    "ProductName": "삼성전자 HW-Q600B",
    "ReviewScore": "1",
    "Syllable": "66",
    "Word": "13",
    "RDate": "20220822",
    "Aspects": [
      {
        "Aspect": "품질",
        "SentimentText": "이틀만에 고장 실화입니까?? 완전 비추천...다른데 보아도 스크래치가 많네요",
        "SentimentWord": "8",
        "SentimentPolarity": "-1"
      },
      {
        "Aspect": "시간/속도",
        "SentimentText": "리모콘 반응이 굉장히 느려서 짜증나요...",
        "SentimentWord": "5",
        "SentimentPolarity": "-1"
      }
    ]
  },
  {
    "Index": "15787",
    "RawText": "리모컨 측면에서는 반응이 없어요 ㅠㅠ 뭐가 잘못된걸까요...... 그러나 저렴하게 잘 구매했습니다 가성비여서 좋긴좋습다 굳굳",
    "Source": "쇼핑몰",
    "Domain": "가전",
    "MainCategory": "영상/음향가전",
    "ProductName": "삼성전자 HW-Q600B",
    "ReviewScore": "5",
    "Syllable": "69",
    "Word": "14",
    "RDate": "20220804",
    "Aspects": [
      {
        "Aspect": "기능",
        "SentimentText": "리모컨 측면에서는 반응이 없어요 ㅠㅠ 뭐가 잘못된걸까요......",
        "SentimentWord": "7",
        "SentimentPolarity": "-1"
      },
      {
        "Aspect": "가격",
        "SentimentText": "저렴하게 잘 구매했습니다 가성비여서 좋긴좋습다 굳굳",
        "SentimentWord": "6",
        "SentimentPolarity": "1"
      }
    ]
  },
  {
    "Index": "15788",
    "RawText": "자가설치로 설정이 어렵지 않아서 아주 빠르게 설치했어요 추천드려요 ^^ 영화보는데 역시 음향이 선명하니 좋네요 아주 최고만족입니다~~",
    "Source": "쇼핑몰",
    "Domain": "가전",
    "MainCategory": "영상/음향가전",
    "ProductName": "삼성전자 HW-Q600B",
    "ReviewScore": "5",
    "Syllable": "74",
    "Word": "16",
    "RDate": "20220723",
    "GeneralPolarity": "1",
    "Aspects": [
      {
        "Aspect": "조작성",
        "SentimentText": "자가설치로 설정이 어렵지 않아서 아주 빠르게 설치했어요 추천드려요 ^^",
        "SentimentWord": "9",
        "SentimentPolarity": "1"
      },
      {
        "Aspect": "음량/음질",
        "SentimentText": "영화보는데 역시 음향이 선명하니 좋네요 아주 최고만족입니다~~",
        "SentimentWord": "7",
        "SentimentPolarity": "1"
      }
    ]
  },
  {
    "Index": "15789",
    "RawText": "우퍼와 사운드바 연동이 잘안되서 애먹었네요... 저렴한 가격은 인정합니다 갓성비에요",
    "Source": "쇼핑몰",
    "Domain": "가전",
    "MainCategory": "영상/음향가전",
    "ProductName": "삼성전자 HW-Q600B",
    "ReviewScore": "3",
    "Syllable": "46",
    "Word": "9",
    "RDate": "20220713",
    "Aspects": [
      {
        "Aspect": "조작성",
        "SentimentText": "우퍼와 사운드바 연동이 잘안되서 애먹었네요...",
        "SentimentWord": "5",
        "SentimentPolarity": "-1"
      },
      {
        "Aspect": "가격",
        "SentimentText": "저렴한 가격은 인정합니다 갓성비에요",
        "SentimentWord": "4",
        "SentimentPolarity": "1"
      }
    ]
  },
  {
    "Index": "15790",
    "RawText": "우퍼가 생각보다 강해서 흡음재를 깔아야 되나 싶을정도로 웅장하니 좋아요 굿굿 이가격에 이제품이라니 가성비 최고입니다 강추요!",
    "Source": "쇼핑몰",
    "Domain": "가전",
    "MainCategory": "영상/음향가전",
    "ProductName": "삼성전자 HW-Q600B",
    "ReviewScore": "5",
    "Syllable": "69",
    "Word": "15",
    "RDate": "20220707",
    "GeneralPolarity": "1",
    "Aspects": [
      {
        "Aspect": "음량/음질",
        "SentimentText": "우퍼가 생각보다 강해서 흡음재를 깔아야 되나 싶을정도로 웅장하니 좋아요 굿굿",
        "SentimentWord": "10",
        "SentimentPolarity": "1"
      },
      {
        "Aspect": "가격",
        "SentimentText": "이가격에 이제품이라니 가성비 최고입니다 강추요!",
        "SentimentWord": "5",
        "SentimentPolarity": "1"
      }
    ]
  },
  {
    "Index": "15791",
    "RawText": "티브 저렴하게 구매 후 좋아서 사운드바도 구매했습니다 역시 좋은가격입니다 강추 돌비애트모스 지원되서 소리 좋아요~ ",
    "Source": "쇼핑몰",
    "Domain": "가전",
    "MainCategory": "영상/음향가전",
    "ProductName": "삼성전자 HW-Q600B",
    "ReviewScore": "5",
    "Syllable": "64",
    "Word": "14",
    "RDate": "20220529",
    "Aspects": [
      {
        "Aspect": "가격",
        "SentimentText": "저렴하게 구매 후 좋아서 사운드바도 구매했습니다 역시 좋은가격입니다 강추",
        "SentimentWord": "9",
        "SentimentPolarity": "1"
      },
      {
        "Aspect": "기능",
        "SentimentText": "돌비애트모스 지원되서 소리 좋아요~",
        "SentimentWord": "4",
        "SentimentPolarity": "1"
      }
    ]
  },
  {
    "Index": "15792",
    "RawText": "가성비 좋아서 대만족입니다요~굿! 음향 부분이 약간 약해서 좀 사용하다가 스피커까지 추가려구요~",
    "Source": "쇼핑몰",
    "Domain": "가전",
    "MainCategory": "영상/음향가전",
    "ProductName": "삼성전자 HW-Q600B",
    "ReviewScore": "5",
    "Syllable": "53",
    "Word": "11",
    "RDate": "20220616",
    "GeneralPolarity": "0",
    "Aspects": [
      {
        "Aspect": "가격",
        "SentimentText": "가성비 좋아서 대만족입니다요~굿!",
        "SentimentWord": "3",
        "SentimentPolarity": "1"
      },
      {
        "Aspect": "음량/음질",
        "SentimentText": "음향 부분이 약간 약해서 좀 사용하다가 스피커까지 추가려구요~",
        "SentimentWord": "8",
        "SentimentPolarity": "0"
      }
    ]
  },
  {
    "Index": "15793",
    "RawText": "사운드바가 둥둥 소리 나면서 켜졌다 꺼졌다 반복해서 짜증::::  리모컨도 심플해서 좋아요.",
    "Source": "쇼핑몰",
    "Domain": "가전",
    "MainCategory": "영상/음향가전",
    "ProductName": "삼성전자 HW-Q600B",
    "ReviewScore": "4",
    "Syllable": "51",
    "Word": "11",
    "RDate": "20220810",
    "Aspects": [
      {
        "Aspect": "품질",
        "SentimentText": "사운드바가 둥둥 소리 나면서 켜졌다 꺼졌다 반복해서 짜증:::: ",
        "SentimentWord": "8",
        "SentimentPolarity": "-1"
      },
      {
        "Aspect": "디자인",
        "SentimentText": "리모컨도 심플해서 좋아요.",
        "SentimentWord": "3",
        "SentimentPolarity": "1"
      }
    ]
  },
  {
    "Index": "15794",
    "RawText": "주문한 제품 배송 설치까지 빠르게 돼서 너무 만족했어요~^^ 저렴한 가격으로 구입하니까 기분 아주 좋아요!! 음향 소리도 깨끗하니 아주 만족해요~",
    "Source": "쇼핑몰",
    "Domain": "가전",
    "MainCategory": "영상/음향가전",
    "ProductName": "삼성전자 HW-Q950T 정품",
    "ReviewScore": "5",
    "Syllable": "81",
    "Word": "19",
    "RDate": "20210224",
    "Aspects": [
      {
        "Aspect": "가격",
        "SentimentText": "저렴한 가격으로 구입하니까 기분 아주 좋아요!!",
        "SentimentWord": "6",
        "SentimentPolarity": "1"
      },
      {
        "Aspect": "음량/음질",
        "SentimentText": "음향 소리도 깨끗하니 아주 만족해요~",
        "SentimentWord": "5",
        "SentimentPolarity": "1"
      }
    ]
  },
  {
    "Index": "15795",
    "RawText": "75인치 티비와 크기 매치가 잘되어서 사이즈 정말 만족이요! 무게도 가벼워서 설치에 용이해요",
    "Source": "쇼핑몰",
    "Domain": "가전",
    "MainCategory": "영상/음향가전",
    "ProductName": "삼성전자 HW-Q950T 정품",
    "ReviewScore": "5",
    "Syllable": "51",
    "Word": "12",
    "RDate": "20220830",
    "GeneralPolarity": "1",
    "Aspects": [
      {
        "Aspect": "사이즈",
        "SentimentText": "75인치 티비와 크기 매치가 잘되어서 사이즈 정말 만족이요!",
        "SentimentWord": "8",
        "SentimentPolarity": "1"
      },
      {
        "Aspect": "무게",
        "SentimentText": "무게도 가벼워서 설치에 용이해요",
        "SentimentWord": "4",
        "SentimentPolarity": "1"
      }
    ]
  },
  {
    "Index": "15796",
    "RawText": "tv와 같은 색상으로 너무 이쁘게 잘나왔어요 만족해요 안들리던 소리가 들릴정도로 섬세한 음질 정말 행복해요~^^",
    "Source": "쇼핑몰",
    "Domain": "가전",
    "MainCategory": "영상/음향가전",
    "ProductName": "삼성전자 HW-Q950T 정품",
    "ReviewScore": "5",
    "Syllable": "62",
    "Word": "14",
    "RDate": "20211203",
    "GeneralPolarity": "1",
    "Aspects": [
      {
        "Aspect": "색상",
        "SentimentText": "tv와 같은 색상으로 너무 이쁘게 잘나왔어요 만족해요",
        "SentimentWord": "7",
        "SentimentPolarity": "1"
      },
      {
        "Aspect": "음량/음질",
        "SentimentText": "안들리던 소리가 들릴정도로 섬세한 음질 정말 행복해요~^^",
        "SentimentWord": "7",
        "SentimentPolarity": "1"
      }
    ]
  },
  {
    "Index": "15797",
    "RawText": "모든 스피커가 소리 높낮이를 아주 잘표현해주어 대만족합니다~^^ 단,디스플레이 창이 위에 있어서 보이지 않는다는 것이 좀 불편해요 ㅠㅠ",
    "Source": "쇼핑몰",
    "Domain": "가전",
    "MainCategory": "영상/음향가전",
    "ProductName": "삼성전자 HW-Q950T 정품",
    "ReviewScore": "5",
    "Syllable": "75",
    "Word": "17",
    "RDate": "20210218",
    "GeneralPolarity": "0",
    "Aspects": [
      {
        "Aspect": "음량/음질",
        "SentimentText": "모든 스피커가 소리 높낮이를 아주 잘표현해주어 대만족합니다~^^",
        "SentimentWord": "7",
        "SentimentPolarity": "1"
      },
      {
        "Aspect": "편의성",
        "SentimentText": "단,디스플레이 창이 위에 있어서 보이지 않는다는 것이 좀 불편해요 ㅠㅠ",
        "SentimentWord": "10",
        "SentimentPolarity": "-1"
      }
    ]
  },
  {
    "Index": "15798",
    "RawText": "게임에 적용하니 음향적 현실감이 정말 뛰어납니다 와우 게임용 말고도 다른용으로도 호환가능한 기능이 참 좋아요!!",
    "Source": "쇼핑몰",
    "Domain": "가전",
    "MainCategory": "영상/음향가전",
    "ProductName": "삼성전자 HW-Q950T 정품",
    "ReviewScore": "5",
    "Syllable": "62",
    "Word": "14",
    "RDate": "20210524",
    "GeneralPolarity": "1",
    "Aspects": [
      {
        "Aspect": "음량/음질",
        "SentimentText": "게임에 적용하니 음향적 현실감이 정말 뛰어납니다 와우",
        "SentimentWord": "7",
        "SentimentPolarity": "1"
      },
      {
        "Aspect": "기능",
        "SentimentText": "게임용 말고도 다른용으로도 호환가능한 기능이 참 좋아요!!",
        "SentimentWord": "7",
        "SentimentPolarity": "1"
      }
    ]
  },
  {
    "Index": "15799",
    "RawText": "할인쿠폰 사용해서 좋은 가격으로 득템했어요 굳굳 설치 기사님이 친절하게 잘 설치해 주셔서 대만족입니다 음질이 뛰어나서 실감나게 영화 2편 봤어요 선명한 음질 굳굳",
    "Source": "쇼핑몰",
    "Domain": "가전",
    "MainCategory": "영상/음향가전",
    "ProductName": "삼성전자 HW-Q950T 정품",
    "ReviewScore": "5",
    "Syllable": "90",
    "Word": "22",
    "RDate": "20210516",
    "Aspects": [
      {
        "Aspect": "가격",
        "SentimentText": "할인쿠폰 사용해서 좋은 가격으로 득템했어요 굳굳",
        "SentimentWord": "6",
        "SentimentPolarity": "1"
      },
      {
        "Aspect": "음량/음질",
        "SentimentText": "음질이 뛰어나서 실감나게 영화 2편 봤어요 선명한 음질 굳굳",
        "SentimentWord": "9",
        "SentimentPolarity": "1"
      }
    ]
  },
  {
    "Index": "15800",
    "RawText": "티비 리모컨으로도 전원 음량이 같이 제어되서 넘 편해요 완전 좋아요!! 소리도 빵빵하니 아주 만족 좋습니다요~",
    "Source": "쇼핑몰",
    "Domain": "가전",
    "MainCategory": "영상/음향가전",
    "ProductName": "삼성전자 HW-Q950T 정품",
    "ReviewScore": "5",
    "Syllable": "61",
    "Word": "15",
    "RDate": "20210219",
    "GeneralPolarity": "1",
    "Aspects": [
      {
        "Aspect": "편의성",
        "SentimentText": "티비 리모컨으로도 전원 음량이 같이 제어되서 넘 편해요 완전 좋아요!!",
        "SentimentWord": "10",
        "SentimentPolarity": "1"
      },
      {
        "Aspect": "음량/음질",
        "SentimentText": "소리도 빵빵하니 아주 만족 좋습니다요~",
        "SentimentWord": "5",
        "SentimentPolarity": "1"
      }
    ]
  },
  {
    "Index": "15801",
    "RawText": "심포니 기능이 있어서 설정하고 같이 들으면 괜찮은 사운드를 들려주어 좋습니다 그치만 사운드바 단독으로 음악 감상시엔 만족하진못해요 ㅠㅠ",
    "Source": "쇼핑몰",
    "Domain": "가전",
    "MainCategory": "영상/음향가전",
    "ProductName": "삼성전자 HW-Q950T 정품",
    "ReviewScore": "4",
    "Syllable": "75",
    "Word": "17",
    "RDate": "20210104",
    "GeneralPolarity": "0",
    "Aspects": [
      {
        "Aspect": "기능",
        "SentimentText": "심포니 기능이 있어서 설정하고 같이 들으면 괜찮은 사운드를 들려주어 좋습니다",
        "SentimentWord": "10",
        "SentimentPolarity": "1"
      },
      {
        "Aspect": "음량/음질",
        "SentimentText": "그치만 사운드바 단독으로 음악 감상시엔 만족하진못해요 ㅠㅠ",
        "SentimentWord": "7",
        "SentimentPolarity": "-1"
      }
    ]
  },
  {
    "Index": "15802",
    "RawText": "가성비 좋은 사운드바 입니다  소리가 웅장하니 너무 좋아요 만족~",
    "Source": "쇼핑몰",
    "Domain": "가전",
    "MainCategory": "영상/음향가전",
    "ProductName": "삼성전자 HW-Q950T 정품",
    "ReviewScore": "5",
    "Syllable": "36",
    "Word": "9",
    "RDate": "20210403",
    "Aspects": [
      {
        "Aspect": "가격",
        "SentimentText": " 가성비 좋은 사운드바 입니다",
        "SentimentWord": "4",
        "SentimentPolarity": "1"
      },
      {
        "Aspect": "음량/음질",
        "SentimentText": "소리가 웅장하니 너무 좋아요 만족~",
        "SentimentWord": "5",
        "SentimentPolarity": "1"
      }
    ]
  },
  {
    "Index": "15803",
    "RawText": "설정은 직접 잡아줬어요~쉽네요 다만 상부에 디스플레이가 있어서 시각이 참 불편하네요ㅠㅠ",
    "Source": "쇼핑몰",
    "Domain": "가전",
    "MainCategory": "영상/음향가전",
    "ProductName": "삼성전자 HW-Q950T 정품",
    "ReviewScore": "4",
    "Syllable": "48",
    "Word": "10",
    "RDate": "20210516",
    "Aspects": [
      {
        "Aspect": "조작성",
        "SentimentText": "설정은 직접 잡아줬어요~쉽네요",
        "SentimentWord": "3",
        "SentimentPolarity": "1"
      },
      {
        "Aspect": "편의성",
        "SentimentText": "다만 상부에 디스플레이가 있어서 시각이 참 불편하네요ㅠㅠ",
        "SentimentWord": "7",
        "SentimentPolarity": "-1"
      }
    ]
  },
  {
    "Index": "15804",
    "RawText": "음량을 크게하면 공간감 확실히 좋아요~ 최신제품 대비 기능적으로 큰 차이가 없어도 3~40%나 저렴한 가격!! 아주 만족해요^^",
    "Source": "쇼핑몰",
    "Domain": "가전",
    "MainCategory": "영상/음향가전",
    "ProductName": "삼성전자 HW-Q950T 정품",
    "ReviewScore": "5",
    "Syllable": "71",
    "Word": "16",
    "RDate": "20210719",
    "Aspects": [
      {
        "Aspect": "음량/음질",
        "SentimentText": "음량을 크게하면 공간감 확실히 좋아요~",
        "SentimentWord": "5",
        "SentimentPolarity": "1"
      },
      {
        "Aspect": "가격",
        "SentimentText": "최신제품 대비 기능적으로 큰 차이가 없어도 3~40%나 저렴한 가격!! 아주 만족해요^^",
        "SentimentWord": "11",
        "SentimentPolarity": "1"
      }
    ]
  },
  {
    "Index": "15806",
    "RawText": "사운드가 빵빵하니 확실히 좋아요 굳 아파트에서 쓰기 좋은 우퍼 사이즈입니다 만족~",
    "Source": "쇼핑몰",
    "Domain": "가전",
    "MainCategory": "영상/음향가전",
    "ProductName": "삼성전자 HW-Q950T 정품",
    "ReviewScore": "5",
    "Syllable": "45",
    "Word": "11",
    "RDate": "20210528",
    "GeneralPolarity": "1",
    "Aspects": [
      {
        "Aspect": "음량/음질",
        "SentimentText": "사운드가 빵빵하니 확실히 좋아요 굳",
        "SentimentWord": "5",
        "SentimentPolarity": "1"
      },
      {
        "Aspect": "사이즈",
        "SentimentText": "아파트에서 쓰기 좋은 우퍼 사이즈입니다 만족~",
        "SentimentWord": "6",
        "SentimentPolarity": "1"
      }
    ]
  },
  {
    "Index": "15808",
    "RawText": "티비+사운드바 출력, 블투 페어링등 다양한 기능들 좋네요 ㅎ ㅎ 티비소리가 엄청 깔끔하게 달라졌다는걸 체감했어 최고~",
    "Source": "쇼핑몰",
    "Domain": "가전",
    "MainCategory": "영상/음향가전",
    "ProductName": "삼성전자 HW-Q950T 정품",
    "ReviewScore": "5",
    "Syllable": "65",
    "Word": "15",
    "RDate": "20210521",
    "Aspects": [
      {
        "Aspect": "기능",
        "SentimentText": "티비+사운드바 출력, 블투 페어링등 다양한 기능들 좋네요 ㅎ ㅎ",
        "SentimentWord": "9",
        "SentimentPolarity": "1"
      },
      {
        "Aspect": "음량/음질",
        "SentimentText": "티비소리가 엄청 깔끔하게 달라졌다는걸 체감했어 최고~",
        "SentimentWord": "6",
        "SentimentPolarity": "1"
      }
    ]
  },
  {
    "Index": "15809",
    "RawText": "와 음향 입체감이 장난아니에요 너무 최고! 색상도 세련되고 너무 맘에 들어요",
    "Source": "쇼핑몰",
    "Domain": "가전",
    "MainCategory": "영상/음향가전",
    "ProductName": "삼성전자 HW-Q950T 정품",
    "ReviewScore": "5",
    "Syllable": "42",
    "Word": "11",
    "RDate": "20210110",
    "GeneralPolarity": "1",
    "Aspects": [
      {
        "Aspect": "음량/음질",
        "SentimentText": "와 음향 입체감이 장난아니에요 너무 최고!",
        "SentimentWord": "6",
        "SentimentPolarity": "1"
      },
      {
        "Aspect": "색상",
        "SentimentText": "색상도 세련되고 너무 맘에 들어요",
        "SentimentWord": "5",
        "SentimentPolarity": "1"
      }
    ]
  },
  {
    "Index": "15810",
    "RawText": "설치하기 어렵지 않아서 잘 설치했습니다 최고!! 소리도 빵빵하니 아주 잘 나와서 만족~",
    "Source": "쇼핑몰",
    "Domain": "가전",
    "MainCategory": "영상/음향가전",
    "ProductName": "삼성전자 HW-Q950T 정품",
    "ReviewScore": "4",
    "Syllable": "48",
    "Word": "12",
    "RDate": "20220330",
    "GeneralPolarity": "1",
    "Aspects": [
      {
        "Aspect": "조작성",
        "SentimentText": "설치하기 어렵지 않아서 잘 설치했습니다 최고!!",
        "SentimentWord": "6",
        "SentimentPolarity": "1"
      },
      {
        "Aspect": "음량/음질",
        "SentimentText": "소리도 빵빵하니 아주 잘 나와서 만족~",
        "SentimentWord": "6",
        "SentimentPolarity": "1"
      }
    ]
  },
  {
    "Index": "15811",
    "RawText": "소리가 아주 압도적으로 좋네요 캬~ tv와 색상도 잘 매칭되고 좋아요 굳굳",
    "Source": "쇼핑몰",
    "Domain": "가전",
    "MainCategory": "영상/음향가전",
    "ProductName": "삼성전자 HW-Q950T 정품",
    "ReviewScore": "5",
    "Syllable": "41",
    "Word": "11",
    "RDate": "20210521",
    "GeneralPolarity": "1",
    "Aspects": [
      {
        "Aspect": "음량/음질",
        "SentimentText": "소리가 아주 압도적으로 좋네요 캬~",
        "SentimentWord": "5",
        "SentimentPolarity": "1"
      },
      {
        "Aspect": "색상",
        "SentimentText": "tv와 색상도 잘 매칭되고 좋아요 굳굳",
        "SentimentWord": "6",
        "SentimentPolarity": "1"
      }
    ]
  },
  {
    "Index": "15812",
    "RawText": "세일기간 맞춰서 저렴하게 잘 구매했어요 대만족 배송이 빠르고 기사님도 친절하셔서 완전 기분 좋아요 음질이 너무 선명해서 영화보기에 더욱 좋아졌어요 ^^최고~",
    "Source": "쇼핑몰",
    "Domain": "가전",
    "MainCategory": "영상/음향가전",
    "ProductName": "삼성전자 HW-Q950T 정품",
    "ReviewScore": "5",
    "Syllable": "87",
    "Word": "20",
    "RDate": "20210516",
    "Aspects": [
      {
        "Aspect": "가격",
        "SentimentText": "세일기간 맞춰서 저렴하게 잘 구매했어요 대만족",
        "SentimentWord": "6",
        "SentimentPolarity": "1"
      },
      {
        "Aspect": "음량/음질",
        "SentimentText": "음질이 너무 선명해서 영화보기에 더욱 좋아졌어요 ^^최고~",
        "SentimentWord": "7",
        "SentimentPolarity": "1"
      }
    ]
  },
  {
    "Index": "15814",
    "RawText": "다른 티비를 사용해서 호환기능은 살짝 떨어집니다 ㅠㅠ아쉽 이 가격으로 서브 스피커까지 갓성비 아주 좋아요^^ 블루투스 연결이 가끔 끊어지는 현상이 있어 아쉽네요",
    "Source": "쇼핑몰",
    "Domain": "가전",
    "MainCategory": "영상/음향가전",
    "ProductName": "삼성전자 HW-Q950T 정품",
    "ReviewScore": "5",
    "Syllable": "89",
    "Word": "21",
    "RDate": "20210516",
    "GeneralPolarity": "0",
    "Aspects": [
      {
        "Aspect": "기능",
        "SentimentText": "다른 티비를 사용해서 호환기능은 살짝 떨어집니다 ㅠㅠ아쉽",
        "SentimentWord": "7",
        "SentimentPolarity": "-1"
      },
      {
        "Aspect": "가격",
        "SentimentText": "이 가격으로 서브 스피커까지 갓성비 아주 좋아요^^",
        "SentimentWord": "7",
        "SentimentPolarity": "1"
      },
      {
        "Aspect": "기능",
        "SentimentText": "블루투스 연결이 가끔 끊어지는 현상이 있어 아쉽네요",
        "SentimentWord": "7",
        "SentimentPolarity": "-1"
      }
    ]
  },
  {
    "Index": "15817",
    "RawText": "소리가 풍부하니 너무 좋습니다 굳굳 하지만 연결시 소리가 한번씩 끊기는 현상이 있어서 아쉽네요 연결기능 아쉽 ㅠㅠ",
    "Source": "쇼핑몰",
    "Domain": "가전",
    "MainCategory": "영상/음향가전",
    "ProductName": "삼성전자 HW-Q950T 정품",
    "ReviewScore": "3",
    "Syllable": "63",
    "Word": "16",
    "RDate": "20210531",
    "GeneralPolarity": "0",
    "Aspects": [
      {
        "Aspect": "음량/음질",
        "SentimentText": "소리가 풍부하니 너무 좋습니다 굳굳",
        "SentimentWord": "5",
        "SentimentPolarity": "1"
      },
      {
        "Aspect": "기능",
        "SentimentText": "하지만 연결시 소리가 한번씩 끊기는 현상이 있어서 아쉽네요 연결기능 아쉽 ㅠㅠ",
        "SentimentWord": "11",
        "SentimentPolarity": "-1"
      }
    ]
  },
  {
    "Index": "15818",
    "RawText": "사운드바 설치하니 역시 선명한 음질!! 확실히 좋아요^^ 배송도 빨라서 좋아요~ 전원 연결 설치까지 해주시고 가십니다 굳굳 설정은 직접 하는데 쉽게 할수있어요!! 굳굳",
    "Source": "쇼핑몰",
    "Domain": "가전",
    "MainCategory": "영상/음향가전",
    "ProductName": "삼성전자 HW-Q950T 정품",
    "ReviewScore": "5",
    "Syllable": "93",
    "Word": "22",
    "RDate": "20210513",
    "Aspects": [
      {
        "Aspect": "음량/음질",
        "SentimentText": "사운드바 설치하니 역시 선명한 음질!! 확실히 좋아요^^",
        "SentimentWord": "7",
        "SentimentPolarity": "1"
      },
      {
        "Aspect": "조작성",
        "SentimentText": "설정은 직접 하는데 쉽게 할수있어요!! 굳굳",
        "SentimentWord": "6",
        "SentimentPolarity": "1"
      }
    ]
  }
]