[
  {
    "Index": "15126",
    "RawText": "소리는 선명해서 만족해요 그런데 스마트온,오프 기능이 안되어서 as받아야하는 점이 아쉬워요~",
    "Source": "쇼핑몰",
    "Domain": "가전",
    "MainCategory": "영상/음향가전",
    "ProductName": "JBL BAR 5.0 MULTIBEAM 정품",
    "ReviewScore": "5",
    "Syllable": "51",
    "Word": "10",
    "RDate": "20220828",
    "GeneralPolarity": "0",
    "Aspects": [
      {
        "Aspect": "음량/음질",
        "SentimentText": "소리는 선명해서 만족해요",
        "SentimentWord": "3",
        "SentimentPolarity": "1"
      },
      {
        "Aspect": "품질",
        "SentimentText": "그런데 스마트온,오프 기능이 안되어서 as받아야하는 점이 아쉬워요~",
        "SentimentWord": "7",
        "SentimentPolarity": "-1"
      }
    ]
  },
  {
    "Index": "15127",
    "RawText": "소리가 선명하게 잘 나와서 저음도 충분히 잘 뽑아주는 덕분에 귀호강합니다 최고 다양한 플랫폼에 연결가능한 기능이 매우 만족스럽습니다 최고에요",
    "Source": "쇼핑몰",
    "Domain": "가전",
    "MainCategory": "영상/음향가전",
    "ProductName": "JBL BAR 5.0 MULTIBEAM 정품",
    "ReviewScore": "5",
    "Syllable": "78",
    "Word": "18",
    "RDate": "20220212",
    "GeneralPolarity": "1",
    "Aspects": [
      {
        "Aspect": "음량/음질",
        "SentimentText": "소리가 선명하게 잘 나와서 저음도 충분히 잘 뽑아주는 덕분에 귀호강합니다 최고",
        "SentimentWord": "11",
        "SentimentPolarity": "1"
      },
      {
        "Aspect": "기능",
        "SentimentText": "다양한 플랫폼에 연결가능한 기능이 매우 만족스럽습니다 최고에요",
        "SentimentWord": "7",
        "SentimentPolarity": "1"
      }
    ]
  },
  {
    "Index": "15128",
    "RawText": "소리도 짱짱하고 베이스도 울리는게 아주 좋습니다 진짜 완전 추천해요~^^ 사운드바 무게가 가벼우니 이곳저곳 옮기기에 적절 짱짱입니다~",
    "Source": "쇼핑몰",
    "Domain": "가전",
    "MainCategory": "영상/음향가전",
    "ProductName": "JBL BAR 5.0 MULTIBEAM 정품",
    "ReviewScore": "5",
    "Syllable": "74",
    "Word": "16",
    "RDate": "20220224",
    "GeneralPolarity": "1",
    "Aspects": [
      {
        "Aspect": "음량/음질",
        "SentimentText": "소리도 짱짱하고 베이스도 울리는게 아주 좋습니다 진짜 완전 추천해요~^^",
        "SentimentWord": "9",
        "SentimentPolarity": "1"
      },
      {
        "Aspect": "무게",
        "SentimentText": "사운드바 무게가 가벼우니 이곳저곳 옮기기에 적절 짱짱입니다~",
        "SentimentWord": "7",
        "SentimentPolarity": "1"
      }
    ]
  },
  {
    "Index": "15129",
    "RawText": "오호! 사이즈가 아담해서 부담없어서 좋아요 그리고 소리도 입체적으로 나는것같아서 드라마 볼 맛도나고 만족합니다^^",
    "Source": "쇼핑몰",
    "Domain": "가전",
    "MainCategory": "영상/음향가전",
    "ProductName": "JBL BAR 5.0 MULTIBEAM 정품",
    "ReviewScore": "5",
    "Syllable": "63",
    "Word": "13",
    "RDate": "20220226",
    "GeneralPolarity": "1",
    "Aspects": [
      {
        "Aspect": "사이즈",
        "SentimentText": "오호! 사이즈가 아담해서 부담없어서 좋아요",
        "SentimentWord": "5",
        "SentimentPolarity": "1"
      },
      {
        "Aspect": "음량/음질",
        "SentimentText": "그리고 소리도 입체적으로 나는것같아서 드라마 볼 맛도나고 만족합니다^^",
        "SentimentWord": "8",
        "SentimentPolarity": "1"
      }
    ]
  },
  {
    "Index": "15130",
    "RawText": "명성이 자자한 OOO스피커라 음악, 영화 뭘들어도 아름다운 소리가 들려요 최고~ 최신기종에 맞게 무게도 훨씬 가벼워져 좋습니다 굳",
    "Source": "쇼핑몰",
    "Domain": "가전",
    "MainCategory": "영상/음향가전",
    "ProductName": "JBL BAR 5.0 MULTIBEAM 정품",
    "ReviewScore": "5",
    "Syllable": "72",
    "Word": "17",
    "RDate": "20220127",
    "GeneralPolarity": "1",
    "Aspects": [
      {
        "Aspect": "음량/음질",
        "SentimentText": "명성이 자자한 OOO스피커라 음악, 영화 뭘들어도 아름다운 소리가 들려요 최고~",
        "SentimentWord": "10",
        "SentimentPolarity": "1"
      },
      {
        "Aspect": "무게",
        "SentimentText": "최신기종에 맞게 무게도 훨씬 가벼워져 좋습니다 굳",
        "SentimentWord": "7",
        "SentimentPolarity": "1"
      }
    ]
  },
  {
    "Index": "15131",
    "RawText": "열감이 있는것같아서 별로예요!! 그리고 화이트색상을 좋아하는데 없는점이 아쉬워요~",
    "Source": "쇼핑몰",
    "Domain": "가전",
    "MainCategory": "영상/음향가전",
    "ProductName": "JBL BAR 5.0 MULTIBEAM 정품",
    "ReviewScore": "5",
    "Syllable": "45",
    "Word": "8",
    "RDate": "20220128",
    "GeneralPolarity": "-1",
    "Aspects": [
      {
        "Aspect": "내구성",
        "SentimentText": "열감이 있는것같아서 별로예요!!",
        "SentimentWord": "3",
        "SentimentPolarity": "-1"
      },
      {
        "Aspect": "색상",
        "SentimentText": "그리고 화이트색상을 좋아하는데 없는점이 아쉬워요~",
        "SentimentWord": "5",
        "SentimentPolarity": "-1"
      }
    ]
  },
  {
    "Index": "15132",
    "RawText": "서라운드로 풍성한 소리가 들려서 만족해요~ 최고입니다! 부가적으로 내장된 연결기능으로 바로 폰과 동시에 사용가능하다는 점이 맘에 드는 제품이에요 ~ 굳",
    "Source": "쇼핑몰",
    "Domain": "가전",
    "MainCategory": "영상/음향가전",
    "ProductName": "JBL BAR 5.0 MULTIBEAM 정품",
    "ReviewScore": "5",
    "Syllable": "84",
    "Word": "19",
    "RDate": "20220129",
    "GeneralPolarity": "1",
    "Aspects": [
      {
        "Aspect": "음량/음질",
        "SentimentText": "서라운드로 풍성한 소리가 들려서 만족해요~ 최고입니다!",
        "SentimentWord": "6",
        "SentimentPolarity": "1"
      },
      {
        "Aspect": "기능",
        "SentimentText": "부가적으로 내장된 연결기능으로 바로 폰과 동시에 사용가능하다는 점이 맘에 드는 제품이에요 ~ 굳",
        "SentimentWord": "13",
        "SentimentPolarity": "1"
      }
    ]
  },
  {
    "Index": "15141",
    "RawText": "웅장한 느낌이 드는 음질 아주 맘에 들어요~~ 무게가 가벼우니 이곳저곳 옮기기에 적절해요 짱짱",
    "Source": "쇼핑몰",
    "Domain": "가전",
    "MainCategory": "영상/음향가전",
    "ProductName": "JBL BAR 5.0 MULTIBEAM 정품",
    "ReviewScore": "5",
    "Syllable": "52",
    "Word": "13",
    "RDate": "20220212",
    "GeneralPolarity": "1",
    "Aspects": [
      {
        "Aspect": "음량/음질",
        "SentimentText": "웅장한 느낌이 드는 음질 아주 맘에 들어요~~",
        "SentimentWord": "7",
        "SentimentPolarity": "1"
      },
      {
        "Aspect": "무게",
        "SentimentText": "무게가 가벼우니 이곳저곳 옮기기에 적절해요 짱짱",
        "SentimentWord": "6",
        "SentimentPolarity": "1"
      }
    ]
  },
  {
    "Index": "15142",
    "RawText": "사운드가 대박 너무 좋아서 만족스러워요~~ 가전제품 어디에도 어울리는 색상이라 더 맘에듭니다 최고~",
    "Source": "쇼핑몰",
    "Domain": "가전",
    "MainCategory": "영상/음향가전",
    "ProductName": "JBL BAR 5.0 MULTIBEAM 정품",
    "ReviewScore": "5",
    "Syllable": "55",
    "Word": "12",
    "RDate": "20220603",
    "GeneralPolarity": "1",
    "Aspects": [
      {
        "Aspect": "음량/음질",
        "SentimentText": "사운드가 대박 너무 좋아서 만족스러워요~~",
        "SentimentWord": "5",
        "SentimentPolarity": "1"
      },
      {
        "Aspect": "색상",
        "SentimentText": "가전제품 어디에도 어울리는 색상이라 더 맘에듭니다 최고~",
        "SentimentWord": "7",
        "SentimentPolarity": "1"
      }
    ]
  },
  {
    "Index": "15143",
    "RawText": "역시 품질이 좋아서 만족스런 선택이였어요! 싼 가격에 잘 구매했어요~",
    "Source": "쇼핑몰",
    "Domain": "가전",
    "MainCategory": "영상/음향가전",
    "ProductName": "JBL BAR 5.0 MULTIBEAM 정품",
    "ReviewScore": "5",
    "Syllable": "38",
    "Word": "9",
    "RDate": "20220217",
    "Aspects": [
      {
        "Aspect": "품질",
        "SentimentText": "역시 품질이 좋아서 만족스런 선택이였어요! ",
        "SentimentWord": "5",
        "SentimentPolarity": "1"
      },
      {
        "Aspect": "가격",
        "SentimentText": "싼 가격에 잘 구매했어요~",
        "SentimentWord": "4",
        "SentimentPolarity": "1"
      }
    ]
  },
  {
    "Index": "15144",
    "RawText": "사운드바 필요해서 구입했는데 기능도 좋아서 만족했어요 사운드바 선명하고 소리도 또렷하니 괜찮네요~",
    "Source": "쇼핑몰",
    "Domain": "가전",
    "MainCategory": "영상/음향가전",
    "ProductName": "JBL BAR 5.0 MULTIBEAM 정품",
    "ReviewScore": "5",
    "Syllable": "54",
    "Word": "11",
    "RDate": "20220222",
    "Aspects": [
      {
        "Aspect": "기능",
        "SentimentText": "사운드바 필요해서 구입했는데 기능도 좋아서 만족했어요 ",
        "SentimentWord": "6",
        "SentimentPolarity": "1"
      },
      {
        "Aspect": "음량/음질",
        "SentimentText": "사운드바 선명하고 소리도 또렷하니 괜찮네요~",
        "SentimentWord": "5",
        "SentimentPolarity": "1"
      }
    ]
  },
  {
    "Index": "15145",
    "RawText": "아파트에서 우퍼사용이 어려웠는데 이 제품은 편리하게 집에서 잘 쓰고 있습니다.  저음 중음 고음 모두 밸런스가있는점에 만족합니다.",
    "Source": "쇼핑몰",
    "Domain": "가전",
    "MainCategory": "영상/음향가전",
    "ProductName": "JBL BAR 5.0 MULTIBEAM 정품",
    "ReviewScore": "5",
    "Syllable": "72",
    "Word": "16",
    "RDate": "20220226",
    "GeneralPolarity": "1",
    "Aspects": [
      {
        "Aspect": "편의성",
        "SentimentText": "아파트에서 우퍼사용이 어려웠는데 이 제품은 편리하게 집에서 잘 쓰고 있습니다. ",
        "SentimentWord": "10",
        "SentimentPolarity": "1"
      },
      {
        "Aspect": "기능",
        "SentimentText": " 저음 중음 고음 모두 밸런스가있는점에 만족합니다.",
        "SentimentWord": "6",
        "SentimentPolarity": "1"
      }
    ]
  },
  {
    "Index": "15149",
    "RawText": "오!! 할인으로 저렴하게 구매해서 좋아요 사이즈는 아담해서 좋구요 그런데도 소리는 짱짱해서 생각했던것 이상으로 좋습니다.",
    "Source": "쇼핑몰",
    "Domain": "가전",
    "MainCategory": "영상/음향가전",
    "ProductName": "JBL BAR 5.0 MULTIBEAM 정품",
    "ReviewScore": "5",
    "Syllable": "67",
    "Word": "14",
    "RDate": "20220606",
    "GeneralPolarity": "1",
    "Aspects": [
      {
        "Aspect": "가격",
        "SentimentText": "오!! 할인으로 저렴하게 구매해서 좋아요",
        "SentimentWord": "5",
        "SentimentPolarity": "1"
      },
      {
        "Aspect": "사이즈",
        "SentimentText": "사이즈는 아담해서 좋구요",
        "SentimentWord": "3",
        "SentimentPolarity": "1"
      },
      {
        "Aspect": "음량/음질",
        "SentimentText": "그런데도 소리는 짱짱해서 생각했던것 이상으로 좋습니다.",
        "SentimentWord": "6",
        "SentimentPolarity": "1"
      }
    ]
  },
  {
    "Index": "15150",
    "RawText": "안전하게 포장이 잘되어 도착해서 좋아요 집에서 사용하기도 음량 좋고 최고의 제품같아요!! 베이스 조절도 가능합니다 굿!!^^",
    "Source": "쇼핑몰",
    "Domain": "가전",
    "MainCategory": "영상/음향가전",
    "ProductName": "JBL BAR 5.0 MULTIBEAM 정품",
    "ReviewScore": "5",
    "Syllable": "69",
    "Word": "15",
    "RDate": "20220604",
    "Aspects": [
      {
        "Aspect": "음량/음질",
        "SentimentText": "집에서 사용하기도 음량 좋고 최고의 제품같아요!!",
        "SentimentWord": "6",
        "SentimentPolarity": "1"
      },
      {
        "Aspect": "기능",
        "SentimentText": "베이스 조절도 가능합니다 굿!!^^",
        "SentimentWord": "4",
        "SentimentPolarity": "1"
      }
    ]
  },
  {
    "Index": "15151",
    "RawText": "행사중이라 저렴한 가격의 유혹을 못이기고 구입했지만 좋습니다. 사이즈도 작아서 좋구요 가벼우니까 더 만족해요!! 사운드는 기존보다 확실히 좋아서 사운드의 끝판왕같아요^^",
    "Source": "쇼핑몰",
    "Domain": "가전",
    "MainCategory": "영상/음향가전",
    "ProductName": "JBL BAR 5.0 MULTIBEAM 정품",
    "ReviewScore": "5",
    "Syllable": "94",
    "Word": "19",
    "RDate": "20220608",
    "GeneralPolarity": "1",
    "Aspects": [
      {
        "Aspect": "가격",
        "SentimentText": "행사중이라 저렴한 가격의 유혹을 못이기고 구입했지만 좋습니다. ",
        "SentimentWord": "7",
        "SentimentPolarity": "1"
      },
      {
        "Aspect": "사이즈",
        "SentimentText": "사이즈도 작아서 좋구요 ",
        "SentimentWord": "3",
        "SentimentPolarity": "1"
      },
      {
        "Aspect": "무게",
        "SentimentText": "가벼우니까 더 만족해요!! ",
        "SentimentWord": "3",
        "SentimentPolarity": "1"
      },
      {
        "Aspect": "음량/음질",
        "SentimentText": "사운드는 기존보다 확실히 좋아서 사운드의 끝판왕같아요^^",
        "SentimentWord": "6",
        "SentimentPolarity": "1"
      }
    ]
  },
  {
    "Index": "15155",
    "RawText": "사운드가 선명해서 스트레스없이 즐길 수 있으니까 좋습니다. EQ도 따로 세팅할거 없고 모드도 많지않으니까 복잡하지 않으니 좋구요 컴팩트한 크기에 너무 만족하고 있습니다^^",
    "Source": "쇼핑몰",
    "Domain": "가전",
    "MainCategory": "영상/음향가전",
    "ProductName": "JBL BAR 5.0 MULTIBEAM 정품",
    "ReviewScore": "5",
    "Syllable": "95",
    "Word": "21",
    "RDate": "20220225",
    "GeneralPolarity": "1",
    "Aspects": [
      {
        "Aspect": "음량/음질",
        "SentimentText": "사운드가 선명해서 스트레스없이 즐길 수 있으니까 좋습니다.",
        "SentimentWord": "7",
        "SentimentPolarity": "1"
      },
      {
        "Aspect": "조작성",
        "SentimentText": "EQ도 따로 세팅할거 없고 모드도 많지않으니까 복잡하지 않으니 좋구요",
        "SentimentWord": "9",
        "SentimentPolarity": "1"
      },
      {
        "Aspect": "사이즈",
        "SentimentText": "컴팩트한 크기에 너무 만족하고 있습니다^^",
        "SentimentWord": "5",
        "SentimentPolarity": "1"
      }
    ]
  },
  {
    "Index": "15167",
    "RawText": "판매처 기사분이 직접 빠르게 배송해 주시고 설치도 잘해주셔서 좋았어요 음향이 울릴정도로 티비스피커와는 비교불가할 정도로 좋아요 가격도 저렴하니까 잘 선택한것같아요^^ ",
    "Source": "쇼핑몰",
    "Domain": "가전",
    "MainCategory": "영상/음향가전",
    "ProductName": "JBL BAR 5.0 MULTIBEAM 정품",
    "ReviewScore": "5",
    "Syllable": "93",
    "Word": "19",
    "RDate": "20220216",
    "Aspects": [
      {
        "Aspect": "음량/음질",
        "SentimentText": "음향이 울릴정도로 티비스피커와는 비교불가할 정도로 좋아요",
        "SentimentWord": "6",
        "SentimentPolarity": "1"
      },
      {
        "Aspect": "가격",
        "SentimentText": "가격도 저렴하니까 잘 선택한것같아요^^",
        "SentimentWord": "4",
        "SentimentPolarity": "1"
      }
    ]
  },
  {
    "Index": "15169",
    "RawText": "배송이 진짜 빠르고 선만 꽂으면 되는 스피커인데도 두분이나 오셔서 설치해주고 가셔서 좋았습니다. 25평 집에서도 사운드가 빵빵하고 또렷해서 그게 장점입니다. 그런데 호환이 잘안되는건 아쉬워요!!! ",
    "Source": "쇼핑몰",
    "Domain": "가전",
    "MainCategory": "영상/음향가전",
    "ProductName": "JBL BAR 5.0 MULTIBEAM 정품",
    "ReviewScore": "5",
    "Syllable": "110",
    "Word": "23",
    "RDate": "20220217",
    "Aspects": [
      {
        "Aspect": "음량/음질",
        "SentimentText": "25평 집에서도 사운드가 빵빵하고 또렷해서 그게 장점입니다. ",
        "SentimentWord": "7",
        "SentimentPolarity": "1"
      },
      {
        "Aspect": "기능",
        "SentimentText": "그런데 호환이 잘안되는건 아쉬워요!!!",
        "SentimentWord": "4",
        "SentimentPolarity": "-1"
      }
    ]
  },
  {
    "Index": "15178",
    "RawText": "디자인이 깔끔해서 생각보다 괜찮아요~ 배송이 매우 느려서 아쉬움이 많았습니다 ㅠㅠ 아쉽 제일 중요한 음질이 선명하니 너무 좋아 영화볼때나 음악들을때 만족해요~ 가성비 훌륭한 제품이네요 갓성비 완전 적극추천요!!",
    "Source": "쇼핑몰",
    "Domain": "가전",
    "MainCategory": "영상/음향가전",
    "ProductName": "JBL BAR 5.0 MULTIBEAM 정품",
    "ReviewScore": "5",
    "Syllable": "117",
    "Word": "26",
    "RDate": "20220304",
    "Aspects": [
      {
        "Aspect": "디자인",
        "SentimentText": "디자인이 깔끔해서 생각보다 괜찮아요~",
        "SentimentWord": "4",
        "SentimentPolarity": "1"
      },
      {
        "Aspect": "음량/음질",
        "SentimentText": "제일 중요한 음질이 선명하니 너무 좋아 영화볼때나 음악들을때 만족해요~",
        "SentimentWord": "9",
        "SentimentPolarity": "1"
      },
      {
        "Aspect": "가격",
        "SentimentText": "가성비 훌륭한 제품이네요 갓성비 완전 적극추천요!!",
        "SentimentWord": "6",
        "SentimentPolarity": "1"
      }
    ]
  },
  {
    "Index": "15180",
    "RawText": "우연히 행사기간에 알게되어서 저렴하게 구매했어요 굳 소리가 짱짱하니 매우 만족 완전 좋아요~",
    "Source": "쇼핑몰",
    "Domain": "가전",
    "MainCategory": "영상/음향가전",
    "ProductName": "JBL BAR 5.0 MULTIBEAM 정품",
    "ReviewScore": "5",
    "Syllable": "51",
    "Word": "12",
    "RDate": "20220128",
    "GeneralPolarity": "1",
    "Aspects": [
      {
        "Aspect": "가격",
        "SentimentText": "우연히 행사기간에 알게되어서 저렴하게 구매했어요 굳",
        "SentimentWord": "6",
        "SentimentPolarity": "1"
      },
      {
        "Aspect": "음량/음질",
        "SentimentText": "소리가 짱짱하니 매우 만족 완전 좋아요~",
        "SentimentWord": "6",
        "SentimentPolarity": "1"
      }
    ]
  },
  {
    "Index": "15181",
    "RawText": "마땅히 설치할 공간없으면 사이즈 슬림한 이 제품 완전 강추요! 굿굿 tv 스피커 보다 많이 낫다 정도의 음질이에요 영화관 같은 웅장함만 기대 안하시면 만족할겁니다~",
    "Source": "쇼핑몰",
    "Domain": "가전",
    "MainCategory": "영상/음향가전",
    "ProductName": "JBL BAR 5.0 MULTIBEAM 정품",
    "ReviewScore": "5",
    "Syllable": "91",
    "Word": "23",
    "RDate": "20220826",
    "GeneralPolarity": "1",
    "Aspects": [
      {
        "Aspect": "사이즈",
        "SentimentText": "마땅히 설치할 공간없으면 사이즈 슬림한 이 제품 완전 강추요! 굿굿",
        "SentimentWord": "10",
        "SentimentPolarity": "1"
      },
      {
        "Aspect": "음량/음질",
        "SentimentText": "tv 스피커 보다 많이 낫다 정도의 음질이에요 영화관 같은 웅장함만 기대 안하시면 만족할겁니다~",
        "SentimentWord": "13",
        "SentimentPolarity": "0"
      }
    ]
  },
  {
    "Index": "15182",
    "RawText": "웅장하게 울리는 느낌이라 좋아요 대신 저음구간에선 보이스가 잘 안들려서 아쉬워요 ㅠ",
    "Source": "쇼핑몰",
    "Domain": "가전",
    "MainCategory": "영상/음향가전",
    "ProductName": "JBL BAR 5.0 MULTIBEAM 정품",
    "ReviewScore": "3",
    "Syllable": "46",
    "Word": "11",
    "RDate": "20220302",
    "GeneralPolarity": "0",
    "Aspects": [
      {
        "Aspect": "음량/음질",
        "SentimentText": "웅장하게 울리는 느낌이라 좋아요",
        "SentimentWord": "4",
        "SentimentPolarity": "1"
      },
      {
        "Aspect": "음량/음질",
        "SentimentText": "대신 저음구간에선 보이스가 잘 안들려서 아쉬워요 ㅠ",
        "SentimentWord": "7",
        "SentimentPolarity": "-1"
      }
    ]
  },
  {
    "Index": "15184",
    "RawText": "울릉도까지 배송 안전하게 잘 받았어요~굳 음질도 좋고 사운드 크기도 적당해서 아주 만족스러워요~ 블루투스 전환이 쉬워 다양하게 사용할 수 있어요 최고에요~",
    "Source": "쇼핑몰",
    "Domain": "가전",
    "MainCategory": "영상/음향가전",
    "ProductName": "JBL BAR 5.0 MULTIBEAM 정품",
    "ReviewScore": "5",
    "Syllable": "86",
    "Word": "20",
    "RDate": "20220718",
    "Aspects": [
      {
        "Aspect": "음량/음질",
        "SentimentText": "음질도 좋고 사운드 크기도 적당해서 아주 만족스러워요~",
        "SentimentWord": "7",
        "SentimentPolarity": "1"
      },
      {
        "Aspect": "기능",
        "SentimentText": "블루투스 전환이 쉬워 다양하게 사용할 수 있어요 최고에요~",
        "SentimentWord": "8",
        "SentimentPolarity": "1"
      }
    ]
  },
  {
    "Index": "15185",
    "RawText": "예전부터 OOO만 사용, 최고의 스피커라 생각해서 이번엔 작은사이즈로 구매, 완전 귀엽네요^^ 음질도 다른 모델보다 더 향상되어 정말 만족하게 사용하고 있어요.",
    "Source": "쇼핑몰",
    "Domain": "가전",
    "MainCategory": "영상/음향가전",
    "ProductName": "JBL BAR 5.0 MULTIBEAM 정품",
    "ReviewScore": "5",
    "Syllable": "89",
    "Word": "20",
    "RDate": "20220202",
    "GeneralPolarity": "1",
    "Aspects": [
      {
        "Aspect": "제조일/제조사",
        "SentimentText": "예전부터 OOO만 사용, 최고의 스피커라 생각해서",
        "SentimentWord": "6",
        "SentimentPolarity": "1"
      },
      {
        "Aspect": "사이즈",
        "SentimentText": "이번엔 작은사이즈로 구매, 완전 귀엽네요^^",
        "SentimentWord": "5",
        "SentimentPolarity": "1"
      },
      {
        "Aspect": "음량/음질",
        "SentimentText": "음질도 다른 모델보다 더 향상되어 정말 만족하게 사용하고 있어요.",
        "SentimentWord": "9",
        "SentimentPolarity": "1"
      }
    ]
  },
  {
    "Index": "15187",
    "RawText": "역시 소리가 몰입감이 좋아서 덕분에 영화도 즐겁게 봐요 최고에요^^ 색상도 이뻐서 볼때마다 기분좋아요~",
    "Source": "쇼핑몰",
    "Domain": "가전",
    "MainCategory": "영상/음향가전",
    "ProductName": "JBL BAR 5.0 MULTIBEAM 정품",
    "ReviewScore": "5",
    "Syllable": "57",
    "Word": "13",
    "RDate": "20220722",
    "GeneralPolarity": "1",
    "Aspects": [
      {
        "Aspect": "음량/음질",
        "SentimentText": "역시 소리가 몰입감이 좋아서 덕분에 영화도 즐겁게 봐요 최고에요^^",
        "SentimentWord": "9",
        "SentimentPolarity": "1"
      },
      {
        "Aspect": "색상",
        "SentimentText": "색상도 이뻐서 볼때마다 기분좋아요~",
        "SentimentWord": "4",
        "SentimentPolarity": "1"
      }
    ]
  },
  {
    "Index": "15188",
    "RawText": "음량이 예상외로 커서 좋아요 ^^ 베이스가 약하면 어쩌나 했는데 울림감까지 너무 좋아요~ 색상이 이뻐서 인테리어용으로도 좋네요 굳",
    "Source": "쇼핑몰",
    "Domain": "가전",
    "MainCategory": "영상/음향가전",
    "ProductName": "JBL BAR 5.0 MULTIBEAM 정품",
    "ReviewScore": "5",
    "Syllable": "72",
    "Word": "17",
    "RDate": "20220215",
    "GeneralPolarity": "1",
    "Aspects": [
      {
        "Aspect": "음량/음질",
        "SentimentText": "음량이 예상외로 커서 좋아요 ^^ 베이스가 약하면 어쩌나 했는데 울림감까지 너무 좋아요~",
        "SentimentWord": "12",
        "SentimentPolarity": "1"
      },
      {
        "Aspect": "색상",
        "SentimentText": "색상이 이뻐서 인테리어용으로도 좋네요 굳",
        "SentimentWord": "5",
        "SentimentPolarity": "1"
      }
    ]
  },
  {
    "Index": "15194",
    "RawText": "이 가격에서 낼 수 있는 성능갖춘 갓성비템 완벽합니다^^ 설치도 쉽고 연동도 잘돼서 좋습니다 굳굳",
    "Source": "쇼핑몰",
    "Domain": "가전",
    "MainCategory": "영상/음향가전",
    "ProductName": "JBL BAR 5.0 MULTIBEAM 정품",
    "ReviewScore": "5",
    "Syllable": "54",
    "Word": "14",
    "RDate": "20220812",
    "GeneralPolarity": "1",
    "Aspects": [
      {
        "Aspect": "가격",
        "SentimentText": "이 가격에서 낼 수 있는 성능갖춘 갓성비템 완벽합니다^^",
        "SentimentWord": "8",
        "SentimentPolarity": "1"
      },
      {
        "Aspect": "조작성",
        "SentimentText": "설치도 쉽고 연동도 잘돼서 좋습니다 굳굳",
        "SentimentWord": "6",
        "SentimentPolarity": "1"
      }
    ]
  },
  {
    "Index": "15195",
    "RawText": "음악들을때의 음질의 퀄리티가 어마하게 업그레이드 되어진 느낌이라 좋아요  가성비 아주 좋은 제품으로 추천합니다!!",
    "Source": "쇼핑몰",
    "Domain": "가전",
    "MainCategory": "영상/음향가전",
    "ProductName": "JBL BAR 5.0 MULTIBEAM 정품",
    "ReviewScore": "5",
    "Syllable": "63",
    "Word": "13",
    "RDate": "20220223",
    "GeneralPolarity": "1",
    "Aspects": [
      {
        "Aspect": "음량/음질",
        "SentimentText": "음악들을때의 음질의 퀄리티가 어마하게 업그레이드 되어진 느낌이라 좋아요 ",
        "SentimentWord": "8",
        "SentimentPolarity": "1"
      },
      {
        "Aspect": "가격",
        "SentimentText": "가성비 아주 좋은 제품으로 추천합니다!!",
        "SentimentWord": "5",
        "SentimentPolarity": "1"
      }
    ]
  },
  {
    "Index": "15197",
    "RawText": "이번에 바꿨는데 품질에 매우 만족해요^^ 설치도 직접했는데 어렵지 않으니 좋았어요 ㅎㅎ",
    "Source": "쇼핑몰",
    "Domain": "가전",
    "MainCategory": "영상/음향가전",
    "ProductName": "JBL BAR 5.0 MULTIBEAM 정품",
    "ReviewScore": "5",
    "Syllable": "48",
    "Word": "11",
    "RDate": "20220216",
    "GeneralPolarity": "1",
    "Aspects": [
      {
        "Aspect": "품질",
        "SentimentText": "이번에 바꿨는데 품질에 매우 만족해요^^",
        "SentimentWord": "5",
        "SentimentPolarity": "1"
      },
      {
        "Aspect": "조작성",
        "SentimentText": "설치도 직접했는데 어렵지 않으니 좋았어요 ㅎㅎ",
        "SentimentWord": "6",
        "SentimentPolarity": "1"
      }
    ]
  },
  {
    "Index": "15206",
    "RawText": "생각보다 발열이 꽤 뜨겁게 느껴져서 불안하네요 ㅜ 사운드바 연결했을때 소리를 조절하면 숫자표시가 안뜨네요...불편해요ㅠㅠ",
    "Source": "쇼핑몰",
    "Domain": "가전",
    "MainCategory": "영상/음향가전",
    "ProductName": "JBL BAR 5.0 MULTIBEAM 정품",
    "ReviewScore": "4",
    "Syllable": "67",
    "Word": "13",
    "RDate": "20220821",
    "Aspects": [
      {
        "Aspect": "내구성",
        "SentimentText": "생각보다 발열이 꽤 뜨겁게 느껴져서 불안하네요 ㅜ",
        "SentimentWord": "7",
        "SentimentPolarity": "-1"
      },
      {
        "Aspect": "편의성",
        "SentimentText": " 사운드바 연결했을때 소리를 조절하면 숫자표시가 안뜨네요...불편해요ㅠㅠ",
        "SentimentWord": "6",
        "SentimentPolarity": "-1"
      }
    ]
  },
  {
    "Index": "15209",
    "RawText": "성능이 굉장히 쓸만해서 좋아요 광케이블쓰는데 소리도 선명하게 들려서 매우 좋아요 ㅎㅎ 그런데 능숙하지 않아서 연결에 어려움이 있어서 아쉬웠어요 ㅜㅜ",
    "Source": "쇼핑몰",
    "Domain": "가전",
    "MainCategory": "영상/음향가전",
    "ProductName": "JBL BAR 5.0 MULTIBEAM 정품",
    "ReviewScore": "3",
    "Syllable": "82",
    "Word": "19",
    "RDate": "20220619",
    "GeneralPolarity": "0",
    "Aspects": [
      {
        "Aspect": "기능",
        "SentimentText": "성능이 굉장히 쓸만해서 좋아요",
        "SentimentWord": "4",
        "SentimentPolarity": "1"
      },
      {
        "Aspect": "음량/음질",
        "SentimentText": "광케이블쓰는데 소리도 선명하게 들려서 매우 좋아요 ㅎㅎ",
        "SentimentWord": "7",
        "SentimentPolarity": "1"
      },
      {
        "Aspect": "조작성",
        "SentimentText": "그런데 능숙하지 않아서 연결에 어려움이 있어서 아쉬웠어요 ㅜㅜ",
        "SentimentWord": "8",
        "SentimentPolarity": "-1"
      }
    ]
  },
  {
    "Index": "15210",
    "RawText": "호환되는 제품이 있어야 연결하여 사용가능하기때문에 그제품이 없으면 불편하네요 ㅠㅠ 그래도 당초 tv보다는 음질이 확실히 훨씬 좋습니다!",
    "Source": "쇼핑몰",
    "Domain": "가전",
    "MainCategory": "영상/음향가전",
    "ProductName": "JBL BAR 5.0 MULTIBEAM 정품",
    "ReviewScore": "5",
    "Syllable": "75",
    "Word": "16",
    "RDate": "20220225",
    "GeneralPolarity": "0",
    "Aspects": [
      {
        "Aspect": "편의성",
        "SentimentText": "호환되는 제품이 있어야 연결하여 사용가능하기때문에 그제품이 없으면 불편하네요 ㅠㅠ",
        "SentimentWord": "9",
        "SentimentPolarity": "-1"
      },
      {
        "Aspect": "음량/음질",
        "SentimentText": "그래도 당초 tv보다는 음질이 확실히 훨씬 좋습니다!",
        "SentimentWord": "7",
        "SentimentPolarity": "1"
      }
    ]
  },
  {
    "Index": "15212",
    "RawText": "역시 티비랑은 음향차이가 많이 나니까 좋아요 그리고 가격도 저렴하게 사서 좋아요 진작살껄 그랬어요 ㅎㅎ ",
    "Source": "쇼핑몰",
    "Domain": "가전",
    "MainCategory": "영상/음향가전",
    "ProductName": "JBL BAR 5.0 MULTIBEAM 정품",
    "ReviewScore": "5",
    "Syllable": "58",
    "Word": "14",
    "RDate": "20220825",
    "GeneralPolarity": "1",
    "Aspects": [
      {
        "Aspect": "음량/음질",
        "SentimentText": "역시 티비랑은 음향차이가 많이 나니까 좋아요 ",
        "SentimentWord": "6",
        "SentimentPolarity": "1"
      },
      {
        "Aspect": "가격",
        "SentimentText": "그리고 가격도 저렴하게 사서 좋아요 진작살껄 그랬어요 ㅎㅎ",
        "SentimentWord": "8",
        "SentimentPolarity": "1"
      }
    ]
  },
  {
    "Index": "15213",
    "RawText": "음향이 입체감있게 느껴져서 좋구요 다양하게 연결할 수 있는 방법이 있어서 좋아요 그리고 리모컨도 편리하게 사용할 수있어서 만족합니다. ",
    "Source": "쇼핑몰",
    "Domain": "가전",
    "MainCategory": "영상/음향가전",
    "ProductName": "JBL BAR 5.0 MULTIBEAM 정품",
    "ReviewScore": "5",
    "Syllable": "75",
    "Word": "17",
    "RDate": "20220217",
    "GeneralPolarity": "1",
    "Aspects": [
      {
        "Aspect": "음량/음질",
        "SentimentText": "음향이 입체감있게 느껴져서 좋구요",
        "SentimentWord": "4",
        "SentimentPolarity": "1"
      },
      {
        "Aspect": "조작성",
        "SentimentText": "다양하게 연결할 수 있는 방법이 있어서 좋아요",
        "SentimentWord": "7",
        "SentimentPolarity": "1"
      },
      {
        "Aspect": "편의성",
        "SentimentText": "그리고 리모컨도 편리하게 사용할 수있어서 만족합니다.",
        "SentimentWord": "6",
        "SentimentPolarity": "1"
      }
    ]
  },
  {
    "Index": "15214",
    "RawText": "자체 캘리브레이션 기능과 애트모스 기능이 있어서 확실히 몰입감을 주어 좋아요 그리고 음의표현도 뛰어나니까 추천할 정도로 좋습니다^^",
    "Source": "쇼핑몰",
    "Domain": "가전",
    "MainCategory": "영상/음향가전",
    "ProductName": "JBL BAR 5.0 MULTIBEAM 정품",
    "ReviewScore": "5",
    "Syllable": "73",
    "Word": "16",
    "RDate": "20220603",
    "GeneralPolarity": "1",
    "Aspects": [
      {
        "Aspect": "기능",
        "SentimentText": "자체 캘리브레이션 기능과 애트모스 기능이 있어서 확실히 몰입감을 주어 좋아요",
        "SentimentWord": "10",
        "SentimentPolarity": "1"
      },
      {
        "Aspect": "음량/음질",
        "SentimentText": " 그리고 음의표현도 뛰어나니까 추천할 정도로 좋습니다^^ ",
        "SentimentWord": "6",
        "SentimentPolarity": "1"
      }
    ]
  },
  {
    "Index": "15215",
    "RawText": "사이즈는 작아서 아담하니 좋아요 소재도 튼튼해서 이정도면 만족하구요 가벼워서 이동이 편하니까 좋네요 그리고 소리도 웅장하니 마음에 들어요 무엇보다 저렴한게 제일 좋았습니다.^^",
    "Source": "쇼핑몰",
    "Domain": "가전",
    "MainCategory": "영상/음향가전",
    "ProductName": "JBL BAR 5.0 MULTIBEAM 정품",
    "ReviewScore": "5",
    "Syllable": "98",
    "Word": "21",
    "RDate": "20220607",
    "GeneralPolarity": "1",
    "Aspects": [
      {
        "Aspect": "사이즈",
        "SentimentText": "사이즈는 작아서 아담하니 좋아요",
        "SentimentWord": "4",
        "SentimentPolarity": "1"
      },
      {
        "Aspect": "소재",
        "SentimentText": "소재도 튼튼해서 이정도면 만족하구요",
        "SentimentWord": "4",
        "SentimentPolarity": "1"
      },
      {
        "Aspect": "편의성",
        "SentimentText": "가벼워서 이동이 편하니까 좋네요",
        "SentimentWord": "4",
        "SentimentPolarity": "1"
      },
      {
        "Aspect": "음량/음질",
        "SentimentText": "그리고 소리도 웅장하니 마음에 들어요",
        "SentimentWord": "5",
        "SentimentPolarity": "1"
      },
      {
        "Aspect": "가격",
        "SentimentText": "무엇보다 저렴한게 제일 좋았습니다.^^",
        "SentimentWord": "4",
        "SentimentPolarity": "1"
      }
    ]
  },
  {
    "Index": "15216",
    "RawText": "크기는 작지만 소리는 작지 않습니다. ㅎㅎ 강한 소리 좋아요 인테리어에도 좋은 디자인이라 더 만족해요 단점은 작아서 너무 큰티비에는 비율이 맞지 않는점이 아쉽네요",
    "Source": "쇼핑몰",
    "Domain": "가전",
    "MainCategory": "영상/음향가전",
    "ProductName": "JBL BAR 5.0 MULTIBEAM 정품",
    "ReviewScore": "5",
    "Syllable": "90",
    "Word": "22",
    "RDate": "20220224",
    "GeneralPolarity": "0",
    "Aspects": [
      {
        "Aspect": "음량/음질",
        "SentimentText": "크기는 작지만 소리는 작지 않습니다. ㅎㅎ 강한 소리 좋아요 ",
        "SentimentWord": "9",
        "SentimentPolarity": "1"
      },
      {
        "Aspect": "디자인",
        "SentimentText": "인테리어에도 좋은 디자인이라 더 만족해요",
        "SentimentWord": "5",
        "SentimentPolarity": "1"
      },
      {
        "Aspect": "사이즈",
        "SentimentText": "단점은 작아서 너무 큰티비에는 비율이 맞지 않는점이 아쉽네요 ",
        "SentimentWord": "8",
        "SentimentPolarity": "-1"
      }
    ]
  },
  {
    "Index": "15218",
    "RawText": "pc에 연결해서 사용하는데 음량이 빵빵하니 좋아요 인터넷방송 애트모스 지원하는 영화보면 완전 그 기능을 다 할정도로 좋습니다. 그리고행사가로 구매하게 되어 좋아요 ㅎㅎ",
    "Source": "쇼핑몰",
    "Domain": "가전",
    "MainCategory": "영상/음향가전",
    "ProductName": "JBL BAR 5.0 MULTIBEAM 정품",
    "ReviewScore": "5",
    "Syllable": "93",
    "Word": "21",
    "RDate": "20220305",
    "GeneralPolarity": "1",
    "Aspects": [
      {
        "Aspect": "음량/음질",
        "SentimentText": "pc에 연결해서 사용하는데 음량이 빵빵하니 좋아요",
        "SentimentWord": "6",
        "SentimentPolarity": "1"
      },
      {
        "Aspect": "기능",
        "SentimentText": "인터넷방송 애트모스 지원하는 영화보면 완전 그 기능을 다 할정도로 좋습니다.",
        "SentimentWord": "10",
        "SentimentPolarity": "1"
      },
      {
        "Aspect": "가격",
        "SentimentText": "그리고행사가로 구매하게 되어 좋아요 ㅎㅎ",
        "SentimentWord": "5",
        "SentimentPolarity": "1"
      }
    ]
  },
  {
    "Index": "15220",
    "RawText": "생각보다 사이즈가 작아서 저희 집티비와 언발란스인점이 아쉬워요 그렇지만 사운드는 빵빵하니 좋습니다. 가격도 착해서 완전 만족하구요 그런데 구매후 가격이 더떨어져서 매우 아쉬워하는 중입니다.",
    "Source": "쇼핑몰",
    "Domain": "가전",
    "MainCategory": "영상/음향가전",
    "ProductName": "JBL BAR 5.0 MULTIBEAM 정품",
    "ReviewScore": "5",
    "Syllable": "105",
    "Word": "22",
    "RDate": "20220627",
    "GeneralPolarity": "0",
    "Aspects": [
      {
        "Aspect": "사이즈",
        "SentimentText": "생각보다 사이즈가 작아서 저희 집티비와 언발란스인점이 아쉬워요",
        "SentimentWord": "7",
        "SentimentPolarity": "-1"
      },
      {
        "Aspect": "음량/음질",
        "SentimentText": "그렇지만 사운드는 빵빵하니 좋습니다.",
        "SentimentWord": "4",
        "SentimentPolarity": "1"
      },
      {
        "Aspect": "가격",
        "SentimentText": " 가격도 착해서 완전 만족하구요",
        "SentimentWord": "4",
        "SentimentPolarity": "1"
      },
      {
        "Aspect": "가격",
        "SentimentText": "그런데 구매후 가격이 더떨어져서 매우 아쉬워하는 중입니다. ",
        "SentimentWord": "7",
        "SentimentPolarity": "-1"
      }
    ]
  },
  {
    "Index": "15222",
    "RawText": "정말 저렴한가격에 잘사서 기분이 너무 좋아요^^ 기존티비랑은 차원이 다른 기대이상의 음질이어서 대만족합니다~",
    "Source": "쇼핑몰",
    "Domain": "가전",
    "MainCategory": "영상/음향가전",
    "ProductName": "JBL BAR 5.0 MULTIBEAM 정품",
    "ReviewScore": "5",
    "Syllable": "60",
    "Word": "12",
    "RDate": "20220222",
    "GeneralPolarity": "1",
    "Aspects": [
      {
        "Aspect": "가격",
        "SentimentText": "정말 저렴한가격에 잘사서 기분이 너무 좋아요^^",
        "SentimentWord": "6",
        "SentimentPolarity": "1"
      },
      {
        "Aspect": "음량/음질",
        "SentimentText": "기존티비랑은 차원이 다른 기대이상의 음질이어서 대만족합니다~",
        "SentimentWord": "6",
        "SentimentPolarity": "1"
      }
    ]
  },
  {
    "Index": "15223",
    "RawText": "디자인이 깔끔해서 넘 좋아요^^ 소리가 아주 짱짱한 사운드바 진심 대만족이에요~",
    "Source": "쇼핑몰",
    "Domain": "가전",
    "MainCategory": "영상/음향가전",
    "ProductName": "JBL BAR 5.0 MULTIBEAM 정품",
    "ReviewScore": "5",
    "Syllable": "44",
    "Word": "10",
    "RDate": "20220301",
    "GeneralPolarity": "1",
    "Aspects": [
      {
        "Aspect": "디자인",
        "SentimentText": "디자인이 깔끔해서 넘 좋아요^^",
        "SentimentWord": "4",
        "SentimentPolarity": "1"
      },
      {
        "Aspect": "음량/음질",
        "SentimentText": "소리가 아주 짱짱한 사운드바 진심 대만족이에요~",
        "SentimentWord": "6",
        "SentimentPolarity": "1"
      }
    ]
  },
  {
    "Index": "15224",
    "RawText": "확실히 음질이 업그레이드되어 들어보니 좋아요~^^ 색상도 세련되어 인테리어용으로도 좋아요",
    "Source": "쇼핑몰",
    "Domain": "가전",
    "MainCategory": "영상/음향가전",
    "ProductName": "JBL BAR 5.0 MULTIBEAM 정품",
    "ReviewScore": "4",
    "Syllable": "49",
    "Word": "9",
    "RDate": "20220603",
    "GeneralPolarity": "1",
    "Aspects": [
      {
        "Aspect": "음량/음질",
        "SentimentText": "확실히 음질이 업그레이드되어 들어보니 좋아요~^^",
        "SentimentWord": "5",
        "SentimentPolarity": "1"
      },
      {
        "Aspect": "색상",
        "SentimentText": "색상도 세련되어 인테리어용으로도 좋아요",
        "SentimentWord": "4",
        "SentimentPolarity": "1"
      }
    ]
  },
  {
    "Index": "15227",
    "RawText": "제품 퀄리티가 대단해서 대만족해요 해상도 좋아 음질 짱짱하네요^^ ",
    "Source": "쇼핑몰",
    "Domain": "가전",
    "MainCategory": "영상/음향가전",
    "ProductName": "JBL BAR 5.0 MULTIBEAM 정품",
    "ReviewScore": "5",
    "Syllable": "37",
    "Word": "8",
    "RDate": "20220212",
    "Aspects": [
      {
        "Aspect": "품질",
        "SentimentText": "제품 퀄리티가 대단해서 대만족해요",
        "SentimentWord": "4",
        "SentimentPolarity": "1"
      },
      {
        "Aspect": "음량/음질",
        "SentimentText": " 해상도 좋아 음질 짱짱하네요^^",
        "SentimentWord": "4",
        "SentimentPolarity": "1"
      }
    ]
  },
  {
    "Index": "15230",
    "RawText": "저렴한 가격대 그 정도 기능만 갖춘 제품이에요 높은기대 노노~ 그냥 그저그런 엔트리 제품이라고 생각하면 될 정도의 음질입니다 하하;;",
    "Source": "쇼핑몰",
    "Domain": "가전",
    "MainCategory": "영상/음향가전",
    "ProductName": "JBL BAR 5.0 MULTIBEAM 정품",
    "ReviewScore": "3",
    "Syllable": "74",
    "Word": "18",
    "RDate": "20220212",
    "GeneralPolarity": "-1",
    "Aspects": [
      {
        "Aspect": "가격",
        "SentimentText": "저렴한 가격대 그 정도 기능만 갖춘 제품이에요 높은기대 노노~",
        "SentimentWord": "9",
        "SentimentPolarity": "0"
      },
      {
        "Aspect": "음량/음질",
        "SentimentText": "그냥 그저그런 엔트리 제품이라고 생각하면 될 정도의 음질입니다 하하;;",
        "SentimentWord": "9",
        "SentimentPolarity": "-1"
      }
    ]
  },
  {
    "Index": "15231",
    "RawText": "소리가 실감나서 너무 좋아요~^^ 블루투스 연결 잘되어 좋아요~^^",
    "Source": "쇼핑몰",
    "Domain": "가전",
    "MainCategory": "영상/음향가전",
    "ProductName": "JBL BAR 5.0 MULTIBEAM 정품",
    "ReviewScore": "5",
    "Syllable": "37",
    "Word": "8",
    "RDate": "20220307",
    "Aspects": [
      {
        "Aspect": "음량/음질",
        "SentimentText": "소리가 실감나서 너무 좋아요~^^",
        "SentimentWord": "4",
        "SentimentPolarity": "1"
      },
      {
        "Aspect": "기능",
        "SentimentText": "블루투스 연결 잘되어 좋아요~^^",
        "SentimentWord": "4",
        "SentimentPolarity": "1"
      }
    ]
  },
  {
    "Index": "15233",
    "RawText": "이벤트할인으로 저렴히 구매해서 만족스럽네요~  작은 크기에 비해 쿵쾅쿵쾅 입체 음향이 쩌렁쩌렁 장난아니게 좋네요 ^^",
    "Source": "쇼핑몰",
    "Domain": "가전",
    "MainCategory": "영상/음향가전",
    "ProductName": "JBL BAR 5.0 MULTIBEAM 정품",
    "ReviewScore": "5",
    "Syllable": "65",
    "Word": "14",
    "RDate": "20220213",
    "Aspects": [
      {
        "Aspect": "가격",
        "SentimentText": "이벤트할인으로 저렴히 구매해서 만족스럽네요~ ",
        "SentimentWord": "4",
        "SentimentPolarity": "1"
      },
      {
        "Aspect": "음량/음질",
        "SentimentText": "작은 크기에 비해 쿵쾅쿵쾅 입체 음향이 쩌렁쩌렁 장난아니게 좋네요 ^^",
        "SentimentWord": "10",
        "SentimentPolarity": "1"
      }
    ]
  },
  {
    "Index": "15235",
    "RawText": "소리가 웅장하고 너무 좋아요 디자인은 세련되고 슬림하니 만족합니다 사이즈가 크지않아 공간도 차지안해서 넘 좋아요!!",
    "Source": "쇼핑몰",
    "Domain": "가전",
    "MainCategory": "영상/음향가전",
    "ProductName": "JBL BAR 5.0 MULTIBEAM 정품",
    "ReviewScore": "5",
    "Syllable": "64",
    "Word": "14",
    "RDate": "20220217",
    "GeneralPolarity": "1",
    "Aspects": [
      {
        "Aspect": "음량/음질",
        "SentimentText": "소리가 웅장하고 너무 좋아요",
        "SentimentWord": "4",
        "SentimentPolarity": "1"
      },
      {
        "Aspect": "디자인",
        "SentimentText": "디자인은 세련되고 슬림하니 만족합니다",
        "SentimentWord": "4",
        "SentimentPolarity": "1"
      },
      {
        "Aspect": "사이즈",
        "SentimentText": "사이즈가 크지않아 공간도 차지안해서 넘 좋아요!!",
        "SentimentWord": "6",
        "SentimentPolarity": "1"
      }
    ]
  },
  {
    "Index": "15236",
    "RawText": "와 재생해서 듣는 순간 감동이에요 입체감이 장난아닙니다 대만족 무게도 적게나가서 컴퓨터 tv 옆에 두기에 좋아요",
    "Source": "쇼핑몰",
    "Domain": "가전",
    "MainCategory": "영상/음향가전",
    "ProductName": "JBL BAR 5.0 MULTIBEAM 정품",
    "ReviewScore": "5",
    "Syllable": "62",
    "Word": "15",
    "RDate": "20220210",
    "GeneralPolarity": "1",
    "Aspects": [
      {
        "Aspect": "음량/음질",
        "SentimentText": "와 재생해서 듣는 순간 감동이에요 입체감이 장난아닙니다 대만족",
        "SentimentWord": "8",
        "SentimentPolarity": "1"
      },
      {
        "Aspect": "무게",
        "SentimentText": "무게도 적게나가서 컴퓨터 tv 옆에 두기에 좋아요",
        "SentimentWord": "7",
        "SentimentPolarity": "1"
      }
    ]
  },
  {
    "Index": "15241",
    "RawText": "직접 설치까지 해주시니 편하고 좋네요, 돌비애트모스라 정말 소리가 풍부해서 좋아요! 디자인도 깔끔해서 인테리어 효과도 나고 좋네요ㅎㅎ",
    "Source": "쇼핑몰",
    "Domain": "가전",
    "MainCategory": "영상/음향가전",
    "ProductName": "JBL BAR 5.0 MULTIBEAM 정품",
    "ReviewScore": "5",
    "Syllable": "74",
    "Word": "16",
    "RDate": "20220602",
    "Aspects": [
      {
        "Aspect": "음량/음질",
        "SentimentText": "돌비애트모스라 정말 소리가 풍부해서 좋아요!",
        "SentimentWord": "5",
        "SentimentPolarity": "1"
      },
      {
        "Aspect": "디자인",
        "SentimentText": "디자인도 깔끔해서 인테리어 효과도 나고 좋네요ㅎㅎ",
        "SentimentWord": "6",
        "SentimentPolarity": "1"
      }
    ]
  },
  {
    "Index": "15242",
    "RawText": "와 음질 완전 신세계입니다 넘 좋아요~ 색상도 이뻐서 볼때마다 기분좋아요!",
    "Source": "쇼핑몰",
    "Domain": "가전",
    "MainCategory": "영상/음향가전",
    "ProductName": "JBL BAR 5.0 MULTIBEAM 정품",
    "ReviewScore": "5",
    "Syllable": "41",
    "Word": "10",
    "RDate": "20220718",
    "GeneralPolarity": "1",
    "Aspects": [
      {
        "Aspect": "음량/음질",
        "SentimentText": "와 음질 완전 신세계입니다 넘 좋아요~",
        "SentimentWord": "6",
        "SentimentPolarity": "1"
      },
      {
        "Aspect": "색상",
        "SentimentText": "색상도 이뻐서 볼때마다 기분좋아요!",
        "SentimentWord": "4",
        "SentimentPolarity": "1"
      }
    ]
  },
  {
    "Index": "15253",
    "RawText": "소리가 시원하게 잘 들려서 좋아요 TV랑 연동기능있어서 넘 좋아요~ 사용방법은 직관적이어서 엄청 편리하네요^^",
    "Source": "쇼핑몰",
    "Domain": "가전",
    "MainCategory": "영상/음향가전",
    "ProductName": "JBL BAR 5.0 MULTIBEAM 정품",
    "ReviewScore": "5",
    "Syllable": "61",
    "Word": "13",
    "RDate": "20220223",
    "GeneralPolarity": "1",
    "Aspects": [
      {
        "Aspect": "음량/음질",
        "SentimentText": "소리가 시원하게 잘 들려서 좋아요",
        "SentimentWord": "5",
        "SentimentPolarity": "1"
      },
      {
        "Aspect": "기능",
        "SentimentText": "TV랑 연동기능있어서 넘 좋아요~",
        "SentimentWord": "4",
        "SentimentPolarity": "1"
      },
      {
        "Aspect": "조작성",
        "SentimentText": "사용방법은 직관적이어서 엄청 편리하네요^^",
        "SentimentWord": "4",
        "SentimentPolarity": "1"
      }
    ]
  },
  {
    "Index": "15259",
    "RawText": "소리가 잘퍼지고 소리가 잘 울려퍼지니 좋아요~^^ 빠른배송 너무너무 감사드립니다 가성비 정말 좋은 제품이에요 강추합니다!!",
    "Source": "쇼핑몰",
    "Domain": "가전",
    "MainCategory": "영상/음향가전",
    "ProductName": "JBL BAR 5.0 MULTIBEAM 정품",
    "ReviewScore": "5",
    "Syllable": "68",
    "Word": "14",
    "RDate": "20220723",
    "Aspects": [
      {
        "Aspect": "음량/음질",
        "SentimentText": "소리가 잘퍼지고 소리가 잘 울려퍼지니 좋아요~^^",
        "SentimentWord": "6",
        "SentimentPolarity": "1"
      },
      {
        "Aspect": "가격",
        "SentimentText": "가성비 정말 좋은 제품이에요 강추합니다!!",
        "SentimentWord": "5",
        "SentimentPolarity": "1"
      }
    ]
  },
  {
    "Index": "15260",
    "RawText": "최고의 음질이라 귀호강합니다요~^^ 블루투스로 편의성이 올라가요 최고!! 사이즈가 작아 적게 차지하여 공간활용까지되는 제품 완전 좋아요",
    "Source": "쇼핑몰",
    "Domain": "가전",
    "MainCategory": "영상/음향가전",
    "ProductName": "JBL BAR 5.0 MULTIBEAM 정품",
    "ReviewScore": "5",
    "Syllable": "75",
    "Word": "15",
    "RDate": "20220127",
    "GeneralPolarity": "1",
    "Aspects": [
      {
        "Aspect": "음량/음질",
        "SentimentText": "최고의 음질이라 귀호강합니다요~^^",
        "SentimentWord": "3",
        "SentimentPolarity": "1"
      },
      {
        "Aspect": "편의성",
        "SentimentText": "블루투스로 편의성이 올라가요 최고!!",
        "SentimentWord": "4",
        "SentimentPolarity": "1"
      },
      {
        "Aspect": "사이즈",
        "SentimentText": "사이즈가 작아 적게 차지하여 공간활용까지되는 제품 완전 좋아요",
        "SentimentWord": "8",
        "SentimentPolarity": "1"
      }
    ]
  },
  {
    "Index": "15264",
    "RawText": "컴퓨터가 구형이어서 연결이 안되네요 ㅠㅠ 매우불편 ㅠㅠ 블루투스 연결기능은 됩니다!! 굿굿 소리는 섬세하니 음질 참 좋네요~^^",
    "Source": "쇼핑몰",
    "Domain": "가전",
    "MainCategory": "영상/음향가전",
    "ProductName": "JBL BAR 5.0 MULTIBEAM 정품",
    "ReviewScore": "5",
    "Syllable": "71",
    "Word": "16",
    "RDate": "20220223",
    "GeneralPolarity": "1",
    "Aspects": [
      {
        "Aspect": "편의성",
        "SentimentText": "컴퓨터가 구형이어서 연결이 안되네요 ㅠㅠ 매우불편 ㅠㅠ",
        "SentimentWord": "7",
        "SentimentPolarity": "-1"
      },
      {
        "Aspect": "기능",
        "SentimentText": "블루투스 연결기능은 됩니다!! 굿굿",
        "SentimentWord": "4",
        "SentimentPolarity": "1"
      },
      {
        "Aspect": "음량/음질",
        "SentimentText": "소리는 섬세하니 음질 참 좋네요~^^",
        "SentimentWord": "5",
        "SentimentPolarity": "1"
      }
    ]
  },
  {
    "Index": "15274",
    "RawText": "서브 스피커가 필요해서 빅세일로 구입~저렴하게 샀습니다! 저음의 사운드를 좋아하는 저에게 딱 안성맞춤인 제품이네요.",
    "Source": "쇼핑몰",
    "Domain": "가전",
    "MainCategory": "영상/음향가전",
    "ProductName": "JBL BAR 5.0 MULTIBEAM 정품",
    "ReviewScore": "5",
    "Syllable": "64",
    "Word": "13",
    "RDate": "20220826",
    "GeneralPolarity": "1",
    "Aspects": [
      {
        "Aspect": "가격",
        "SentimentText": "빅세일로 구입~저렴하게 샀습니다!",
        "SentimentWord": "3",
        "SentimentPolarity": "1"
      },
      {
        "Aspect": "음량/음질",
        "SentimentText": "저음의 사운드를 좋아하는 저에게 딱 안성맞춤인 제품이네요.",
        "SentimentWord": "7",
        "SentimentPolarity": "1"
      }
    ]
  },
  {
    "Index": "15275",
    "RawText": "개인적으로 직접설치 간편하니 쉬워서 만족해요 지원되는 영상은 자동으로 연결되서 아주 좋습니다 음량감도 짱짱하니 만족해요^^ 영화관 느낌 살짝 납니다요~",
    "Source": "쇼핑몰",
    "Domain": "가전",
    "MainCategory": "영상/음향가전",
    "ProductName": "JBL BAR 5.0 MULTIBEAM 정품",
    "ReviewScore": "5",
    "Syllable": "84",
    "Word": "18",
    "RDate": "20220827",
    "GeneralPolarity": "1",
    "Aspects": [
      {
        "Aspect": "조작성",
        "SentimentText": "개인적으로 직접설치 간편하니 쉬워서 만족해요",
        "SentimentWord": "5",
        "SentimentPolarity": "1"
      },
      {
        "Aspect": "기능",
        "SentimentText": "지원되는 영상은 자동으로 연결되서 아주 좋습니다",
        "SentimentWord": "6",
        "SentimentPolarity": "1"
      },
      {
        "Aspect": "음량/음질",
        "SentimentText": "음량감도 짱짱하니 만족해요^^ 영화관 느낌 살짝 납니다요~",
        "SentimentWord": "7",
        "SentimentPolarity": "1"
      }
    ]
  },
  {
    "Index": "15276",
    "RawText": "디자인이 집에 잘 어울려서 마음에 들어요 애트모스 지원 컨텐츠로 들으면 입체감이 느껴지는 사운드라 엄청 좋아요 음질 굳!!",
    "Source": "쇼핑몰",
    "Domain": "가전",
    "MainCategory": "영상/음향가전",
    "ProductName": "JBL BAR 5.0 MULTIBEAM 정품",
    "ReviewScore": "5",
    "Syllable": "68",
    "Word": "17",
    "RDate": "20220219",
    "GeneralPolarity": "1",
    "Aspects": [
      {
        "Aspect": "디자인",
        "SentimentText": "디자인이 집에 잘 어울려서 마음에 들어요",
        "SentimentWord": "6",
        "SentimentPolarity": "1"
      },
      {
        "Aspect": "음량/음질",
        "SentimentText": "애트모스 지원 컨텐츠로 들으면 입체감이 느껴지는 사운드라 엄청 좋아요 음질 굳!!",
        "SentimentWord": "11",
        "SentimentPolarity": "1"
      }
    ]
  },
  {
    "Index": "15279",
    "RawText": "사운드바로 들으니 고음 부분에서 음이 뭉게지는 성향이 있어 아쉽네요. 적당한 가격으로 구입해 그럭저럭 잘 사용하고 있어요.",
    "Source": "쇼핑몰",
    "Domain": "가전",
    "MainCategory": "영상/음향가전",
    "ProductName": "JBL BAR 5.0 MULTIBEAM 정품",
    "ReviewScore": "5",
    "Syllable": "68",
    "Word": "16",
    "RDate": "20220223",
    "GeneralPolarity": "0",
    "Aspects": [
      {
        "Aspect": "음량/음질",
        "SentimentText": "사운드바로 들으니 고음 부분에서 음이 뭉게지는 성향이 있어 아쉽네요",
        "SentimentWord": "9",
        "SentimentPolarity": "-1"
      },
      {
        "Aspect": "가격",
        "SentimentText": "적당한 가격으로 구입해 그럭저럭 잘 사용하고 있어요.",
        "SentimentWord": "7",
        "SentimentPolarity": "0"
      }
    ]
  },
  {
    "Index": "15284",
    "RawText": "사운드바가 효과음의 포인트나 베이스의 저음을 확실히 잘 살려주고 만족스럽네요. 제품이 탈착식 구조로 다양한 곳에 배치해 사용할수 있어 좋더라고요 배송기사님도 친절하게 잘 설치해주셨어요.",
    "Source": "쇼핑몰",
    "Domain": "가전",
    "MainCategory": "영상/음향가전",
    "ProductName": "JBL BAR 5.0 MULTIBEAM 정품",
    "ReviewScore": "5",
    "Syllable": "103",
    "Word": "22",
    "RDate": "20220622",
    "GeneralPolarity": "1",
    "Aspects": [
      {
        "Aspect": "음량/음질",
        "SentimentText": "효과음의 포인트나 베이스의 저음을 확실히 잘 살려주고 만족스럽네요",
        "SentimentWord": "8",
        "SentimentPolarity": "1"
      },
      {
        "Aspect": "편의성",
        "SentimentText": "제품이 탈착식 구조로 다양한 곳에 배치해 사용할수 있어 좋더라고요",
        "SentimentWord": "9",
        "SentimentPolarity": "1"
      }
    ]
  },
  {
    "Index": "15285",
    "RawText": "타스피커보다 더 좋은 음질인건 알겠네요 만족해요^^ 다만 노멀라이저 기능이 안돼서 작은 소리는 작고 큰소리는 너무 크게 들리는게 단점이 있어요 ㅠ 아쉽네요",
    "Source": "쇼핑몰",
    "Domain": "가전",
    "MainCategory": "영상/음향가전",
    "ProductName": "JBL BAR 5.0 MULTIBEAM 정품",
    "ReviewScore": "5",
    "Syllable": "86",
    "Word": "21",
    "RDate": "20220604",
    "GeneralPolarity": "0",
    "Aspects": [
      {
        "Aspect": "음량/음질",
        "SentimentText": "타스피커보다 더 좋은 음질인건 알겠네요 만족해요^^",
        "SentimentWord": "6",
        "SentimentPolarity": "1"
      },
      {
        "Aspect": "기능",
        "SentimentText": "다만 노멀라이저 기능이 안돼서 작은 소리는 작고 큰소리는 너무 크게 들리는게 단점이 있어요 ㅠ 아쉽네요",
        "SentimentWord": "15",
        "SentimentPolarity": "-1"
      }
    ]
  },
  {
    "Index": "15290",
    "RawText": "길이가 길지 않아서 좁은 공간에 놓고 활용하기 딱 알맞습니다. 거기에 가성비까지 좋아 만족하고 잘쓰고 있습니다.",
    "Source": "쇼핑몰",
    "Domain": "가전",
    "MainCategory": "영상/음향가전",
    "ProductName": "JBL BAR 5.0 MULTIBEAM 정품",
    "ReviewScore": "5",
    "Syllable": "62",
    "Word": "15",
    "RDate": "20220222",
    "GeneralPolarity": "1",
    "Aspects": [
      {
        "Aspect": "사이즈",
        "SentimentText": "길이가 길지 않아서 좁은 공간에 놓고 활용하기 딱 알맞습니다",
        "SentimentWord": "9",
        "SentimentPolarity": "1"
      },
      {
        "Aspect": "가격",
        "SentimentText": "가성비까지 좋아 만족하고 잘쓰고 있습니다",
        "SentimentWord": "5",
        "SentimentPolarity": "1"
      }
    ]
  },
  {
    "Index": "15295",
    "RawText": "할인하여 좋은 가격으로 구매해 기분이 좋습니다^^ 다양한 입력모드를 지원하는 기능이 아주 좋습니다 강추해요~",
    "Source": "쇼핑몰",
    "Domain": "가전",
    "MainCategory": "영상/음향가전",
    "ProductName": "JBL BAR 5.0 MULTIBEAM 정품",
    "ReviewScore": "5",
    "Syllable": "60",
    "Word": "13",
    "RDate": "20220228",
    "GeneralPolarity": "1",
    "Aspects": [
      {
        "Aspect": "가격",
        "SentimentText": "할인하여 좋은 가격으로 구매해 기분이 좋습니다^^",
        "SentimentWord": "6",
        "SentimentPolarity": "1"
      },
      {
        "Aspect": "기능",
        "SentimentText": "다양한 입력모드를 지원하는 기능이 아주 좋습니다 강추해요~",
        "SentimentWord": "7",
        "SentimentPolarity": "1"
      }
    ]
  },
  {
    "Index": "15296",
    "RawText": "할인해서 저렴한 가격으로 사서 너무 좋아요 빵빵한 사운드가 정말 좋네요 만족해요!!",
    "Source": "쇼핑몰",
    "Domain": "가전",
    "MainCategory": "영상/음향가전",
    "ProductName": "JBL BAR 5.0 MULTIBEAM 정품",
    "ReviewScore": "5",
    "Syllable": "46",
    "Word": "11",
    "RDate": "20220720",
    "GeneralPolarity": "1",
    "Aspects": [
      {
        "Aspect": "가격",
        "SentimentText": "할인해서 저렴한 가격으로 사서 너무 좋아요",
        "SentimentWord": "6",
        "SentimentPolarity": "1"
      },
      {
        "Aspect": "음량/음질",
        "SentimentText": "빵빵한 사운드가 정말 좋네요 만족해요!!",
        "SentimentWord": "5",
        "SentimentPolarity": "1"
      }
    ]
  },
  {
    "Index": "15298",
    "RawText": "가격에 비해 퀄리티가 좋아서 매우 만족ㅋ 베이스의 음량이 쩔고 입체적 음향효과 기능이 있어 콘서트에 온 느낌이라 완벽하네요. 최근 구입한 제품 중 OOO이 제일 최고네요!",
    "Source": "쇼핑몰",
    "Domain": "가전",
    "MainCategory": "영상/음향가전",
    "ProductName": "JBL BAR 5.0 MULTIBEAM 정품",
    "ReviewScore": "5",
    "Syllable": "95",
    "Word": "24",
    "RDate": "20220307",
    "GeneralPolarity": "1",
    "Aspects": [
      {
        "Aspect": "가격",
        "SentimentText": "가격에 비해 퀄리티가 좋아서 매우 만족ㅋ",
        "SentimentWord": "6",
        "SentimentPolarity": "1"
      },
      {
        "Aspect": "음량/음질",
        "SentimentText": "베이스의 음량이 쩔고",
        "SentimentWord": "3",
        "SentimentPolarity": "1"
      },
      {
        "Aspect": "기능",
        "SentimentText": "입체적 음향효과 기능이 있어 콘서트에 온 느낌이라 완벽하네요",
        "SentimentWord": "8",
        "SentimentPolarity": "1"
      },
      {
        "Aspect": "제조일/제조사",
        "SentimentText": "최근 구입한 제품 중 OOO이 제일 최고네요!",
        "SentimentWord": "7",
        "SentimentPolarity": "1"
      }
    ]
  },
  {
    "Index": "15301",
    "RawText": "확실히 음질이 미세한것까지 잡아주어 너무 만족감 있어요~ 색상이 세련되어 너무 이뻐요 대만족!",
    "Source": "쇼핑몰",
    "Domain": "가전",
    "MainCategory": "영상/음향가전",
    "ProductName": "JBL BAR 5.0 MULTIBEAM 정품",
    "ReviewScore": "5",
    "Syllable": "52",
    "Word": "12",
    "RDate": "20220216",
    "GeneralPolarity": "1",
    "Aspects": [
      {
        "Aspect": "음량/음질",
        "SentimentText": "확실히 음질이 미세한것까지 잡아주어 너무 만족감 있어요~",
        "SentimentWord": "7",
        "SentimentPolarity": "1"
      },
      {
        "Aspect": "색상",
        "SentimentText": "색상이 세련되어 너무 이뻐요 대만족!",
        "SentimentWord": "5",
        "SentimentPolarity": "1"
      }
    ]
  },
  {
    "Index": "15305",
    "RawText": "이제품에 이가격 정말 놀랍습니다 가성비 엄청 좋아요^^ 쇼파에 누워 눈감으면 공연홀에 앉아있는것처럼 음질이 선명하고 뚜렷해서 넘 행복해요~~",
    "Source": "쇼핑몰",
    "Domain": "가전",
    "MainCategory": "영상/음향가전",
    "ProductName": "JBL BAR 9.1 정품",
    "ReviewScore": "5",
    "Syllable": "78",
    "Word": "17",
    "RDate": "20210225",
    "GeneralPolarity": "1",
    "Aspects": [
      {
        "Aspect": "가격",
        "SentimentText": "이제품에 이가격 정말 놀랍습니다 가성비 엄청 좋아요^^",
        "SentimentWord": "7",
        "SentimentPolarity": "1"
      },
      {
        "Aspect": "음량/음질",
        "SentimentText": "쇼파에 누워 눈감으면 공연홀에 앉아있는것처럼 음질이 선명하고 뚜렷해서 넘 행복해요~~",
        "SentimentWord": "10",
        "SentimentPolarity": "1"
      }
    ]
  },
  {
    "Index": "15306",
    "RawText": "사용시 음향이 공간전체에 들려서 너무 좋습니다 귀가 호강하네요 매우 만족해용~^^ 색상이 예뻐서 볼때마다 기분좋아요~",
    "Source": "쇼핑몰",
    "Domain": "가전",
    "MainCategory": "영상/음향가전",
    "ProductName": "JBL BAR 9.1 정품",
    "ReviewScore": "5",
    "Syllable": "65",
    "Word": "14",
    "RDate": "20200725",
    "GeneralPolarity": "1",
    "Aspects": [
      {
        "Aspect": "음량/음질",
        "SentimentText": "사용시 음향이 공간전체에 들려서 너무 좋습니다 귀가 호강하네요 매우 만족해용~^^",
        "SentimentWord": "10",
        "SentimentPolarity": "1"
      },
      {
        "Aspect": "색상",
        "SentimentText": "색상이 예뻐서 볼때마다 기분좋아요~",
        "SentimentWord": "4",
        "SentimentPolarity": "1"
      }
    ]
  },
  {
    "Index": "15307",
    "RawText": "와 음질이 깨끗하니 귀정화가 됩니다 최고에요! 심플한 디자인 만족스럽네요~",
    "Source": "쇼핑몰",
    "Domain": "가전",
    "MainCategory": "영상/음향가전",
    "ProductName": "JBL BAR 9.1 정품",
    "ReviewScore": "5",
    "Syllable": "41",
    "Word": "9",
    "RDate": "20220410",
    "Aspects": [
      {
        "Aspect": "음량/음질",
        "SentimentText": "와 음질이 깨끗하니 귀정화가 됩니다 최고에요!",
        "SentimentWord": "6",
        "SentimentPolarity": "1"
      },
      {
        "Aspect": "디자인",
        "SentimentText": "심플한 디자인 만족스럽네요~",
        "SentimentWord": "3",
        "SentimentPolarity": "1"
      }
    ]
  },
  {
    "Index": "15308",
    "RawText": "음향 효과로 깨끗한 음 분리가 귀를 만족시켜요~굳 무게도 가벼워 tv옆 컴퓨터옆에 둘수있어요 굳굳",
    "Source": "쇼핑몰",
    "Domain": "가전",
    "MainCategory": "영상/음향가전",
    "ProductName": "JBL BAR 9.1 정품",
    "ReviewScore": "5",
    "Syllable": "54",
    "Word": "13",
    "RDate": "20210904",
    "GeneralPolarity": "1",
    "Aspects": [
      {
        "Aspect": "음량/음질",
        "SentimentText": "음향 효과로 깨끗한 음 분리가 귀를 만족시켜요~굳",
        "SentimentWord": "7",
        "SentimentPolarity": "1"
      },
      {
        "Aspect": "무게",
        "SentimentText": "무게도 가벼워 tv옆 컴퓨터옆에 둘수있어요 굳굳",
        "SentimentWord": "6",
        "SentimentPolarity": "1"
      }
    ]
  },
  {
    "Index": "15310",
    "RawText": "직접설치로 한방에 셋팅끝냈어요 엄청 간편하게 했어요 최고! 와 업그레이드되니 음질도 완전 부드럽고 웅장해요 진짜 좋아요^^",
    "Source": "쇼핑몰",
    "Domain": "가전",
    "MainCategory": "영상/음향가전",
    "ProductName": "JBL BAR 9.1 정품",
    "ReviewScore": "5",
    "Syllable": "68",
    "Word": "15",
    "RDate": "20220406",
    "GeneralPolarity": "1",
    "Aspects": [
      {
        "Aspect": "조작성",
        "SentimentText": "직접설치로 한방에 셋팅끝냈어요 엄청 간편하게 했어요 최고!",
        "SentimentWord": "7",
        "SentimentPolarity": "1"
      },
      {
        "Aspect": "음량/음질",
        "SentimentText": "와 업그레이드되니 음질도 완전 부드럽고 웅장해요 진짜 좋아요^^",
        "SentimentWord": "8",
        "SentimentPolarity": "1"
      }
    ]
  },
  {
    "Index": "15311",
    "RawText": "스피커가 저고음역대 분리되어 영화 감상시 극장이 부럽지 않아요 밸런스가 너무 좋아 대만족이요~^^ 색상이 이뻐서 인테리어로도 좋네요 캬~",
    "Source": "쇼핑몰",
    "Domain": "가전",
    "MainCategory": "영상/음향가전",
    "ProductName": "JBL BAR 9.1 정품",
    "ReviewScore": "4",
    "Syllable": "76",
    "Word": "17",
    "RDate": "20220619",
    "GeneralPolarity": "1",
    "Aspects": [
      {
        "Aspect": "음량/음질",
        "SentimentText": "스피커가 저고음역대 분리되어 영화 감상시 극장이 부럽지 않아요 밸런스가 너무 좋아 대만족이요~^^",
        "SentimentWord": "12",
        "SentimentPolarity": "1"
      },
      {
        "Aspect": "색상",
        "SentimentText": "색상이 이뻐서 인테리어로도 좋네요 캬~",
        "SentimentWord": "5",
        "SentimentPolarity": "1"
      }
    ]
  },
  {
    "Index": "15312",
    "RawText": "할인행사기간에 저렴한 가격으로 잘 구입했어요 대만족 선명한 소리가 시청하기에 너무 좋아요 최고~",
    "Source": "쇼핑몰",
    "Domain": "가전",
    "MainCategory": "영상/음향가전",
    "ProductName": "JBL BAR 9.1 정품",
    "ReviewScore": "5",
    "Syllable": "53",
    "Word": "12",
    "RDate": "20220506",
    "GeneralPolarity": "1",
    "Aspects": [
      {
        "Aspect": "가격",
        "SentimentText": "할인행사기간에 저렴한 가격으로 잘 구입했어요 대만족",
        "SentimentWord": "6",
        "SentimentPolarity": "1"
      },
      {
        "Aspect": "음량/음질",
        "SentimentText": "선명한 소리가 시청하기에 너무 좋아요 최고~",
        "SentimentWord": "6",
        "SentimentPolarity": "1"
      }
    ]
  },
  {
    "Index": "15315",
    "RawText": "할인행사하는곳에서 저렴하게 구매하게 되어 너무 만족해요~ 우퍼도 울림이 좋고 영화볼때 장난아닙니다 최고에요 강추!",
    "Source": "쇼핑몰",
    "Domain": "가전",
    "MainCategory": "영상/음향가전",
    "ProductName": "JBL BAR 9.1 정품",
    "ReviewScore": "5",
    "Syllable": "63",
    "Word": "13",
    "RDate": "20220414",
    "GeneralPolarity": "1",
    "Aspects": [
      {
        "Aspect": "가격",
        "SentimentText": "할인행사하는곳에서 저렴하게 구매하게 되어 너무 만족해요~",
        "SentimentWord": "6",
        "SentimentPolarity": "1"
      },
      {
        "Aspect": "음량/음질",
        "SentimentText": "우퍼도 울림이 좋고 영화볼때 장난아닙니다 최고에요 강추!",
        "SentimentWord": "7",
        "SentimentPolarity": "1"
      }
    ]
  },
  {
    "Index": "15316",
    "RawText": "이틀만에 빠른배송 최고입니다!!^^ 빵빵한 사운드라 너무 좋아요 가격도 저렴하게 구입하여 대만족~",
    "Source": "쇼핑몰",
    "Domain": "가전",
    "MainCategory": "영상/음향가전",
    "ProductName": "JBL BAR 9.1 정품",
    "ReviewScore": "4",
    "Syllable": "54",
    "Word": "11",
    "RDate": "20210303",
    "Aspects": [
      {
        "Aspect": "음량/음질",
        "SentimentText": "빵빵한 사운드라 너무 좋아요",
        "SentimentWord": "4",
        "SentimentPolarity": "1"
      },
      {
        "Aspect": "가격",
        "SentimentText": "가격도 저렴하게 구입하여 대만족~",
        "SentimentWord": "4",
        "SentimentPolarity": "1"
      }
    ]
  },
  {
    "Index": "15317",
    "RawText": "선명도는 약간 떨어지지만 중저음은 확실히 좋네요~^^ 라이브방송때 할인받아 역대 최저가로 구입했어요 가성비 최고입니다 강추!",
    "Source": "쇼핑몰",
    "Domain": "가전",
    "MainCategory": "영상/음향가전",
    "ProductName": "JBL BAR 9.1 정품",
    "ReviewScore": "4",
    "Syllable": "69",
    "Word": "14",
    "RDate": "20220525",
    "GeneralPolarity": "1",
    "Aspects": [
      {
        "Aspect": "음량/음질",
        "SentimentText": "선명도는 약간 떨어지지만 중저음은 확실히 좋네요~^^",
        "SentimentWord": "6",
        "SentimentPolarity": "0"
      },
      {
        "Aspect": "가격",
        "SentimentText": "라이브방송때 할인받아 역대 최저가로 구입했어요 가성비 최고입니다 강추!",
        "SentimentWord": "8",
        "SentimentPolarity": "1"
      }
    ]
  },
  {
    "Index": "15318",
    "RawText": "우퍼의 묵직한 저음이 상당히 좋아요^^ 단점은 꺼져 있을때 위성 스피커가 충전이 자동으로 되서 불편하다는 점입니다 아쉽 ㅠㅠ",
    "Source": "쇼핑몰",
    "Domain": "가전",
    "MainCategory": "영상/음향가전",
    "ProductName": "JBL BAR 9.1 정품",
    "ReviewScore": "5",
    "Syllable": "69",
    "Word": "17",
    "RDate": "20220720",
    "GeneralPolarity": "0",
    "Aspects": [
      {
        "Aspect": "음량/음질",
        "SentimentText": "우퍼의 묵직한 저음이 상당히 좋아요^^",
        "SentimentWord": "5",
        "SentimentPolarity": "1"
      },
      {
        "Aspect": "편의성",
        "SentimentText": "단점은 꺼져 있을때 위성 스피커가 충전이 자동으로 되서 불편하다는 점입니다 아쉽 ㅠㅠ",
        "SentimentWord": "12",
        "SentimentPolarity": "-1"
      }
    ]
  },
  {
    "Index": "15319",
    "RawText": "할인기간에 좋은가격으로 바로 구매했어요 굳굳 빠른 배송 완전 만족해요~ 예상보다 너무 좋은 빵빵한 음질 엄청 좋습니다!^^",
    "Source": "쇼핑몰",
    "Domain": "가전",
    "MainCategory": "영상/음향가전",
    "ProductName": "JBL BAR 9.1 정품",
    "ReviewScore": "5",
    "Syllable": "68",
    "Word": "16",
    "RDate": "20210408",
    "Aspects": [
      {
        "Aspect": "가격",
        "SentimentText": "할인기간에 좋은가격으로 바로 구매했어요 굳굳",
        "SentimentWord": "5",
        "SentimentPolarity": "1"
      },
      {
        "Aspect": "음량/음질",
        "SentimentText": "예상보다 너무 좋은 빵빵한 음질 엄청 좋습니다!^^",
        "SentimentWord": "7",
        "SentimentPolarity": "1"
      }
    ]
  },
  {
    "Index": "15320",
    "RawText": "TV의 사운드와는 비교가 안될 정도로 음질이 섬세해요 완전 좋습니다~ 색상도 이뻐서 보는맛도 있어요 굳굳",
    "Source": "쇼핑몰",
    "Domain": "가전",
    "MainCategory": "영상/음향가전",
    "ProductName": "JBL BAR 9.1 정품",
    "ReviewScore": "5",
    "Syllable": "58",
    "Word": "14",
    "RDate": "20220705",
    "GeneralPolarity": "1",
    "Aspects": [
      {
        "Aspect": "음량/음질",
        "SentimentText": "TV의 사운드와는 비교가 안될 정도로 음질이 섬세해요 완전 좋습니다~",
        "SentimentWord": "9",
        "SentimentPolarity": "1"
      },
      {
        "Aspect": "색상",
        "SentimentText": "색상도 이뻐서 보는맛도 있어요 굳굳",
        "SentimentWord": "5",
        "SentimentPolarity": "1"
      }
    ]
  },
  {
    "Index": "15321",
    "RawText": "가격이 성능에 비해 너무 비싸다고 생각합니다..ㅠㅠ 영화볼때에는 입체감있는 음질이 좋지만 울림소리(우퍼)때문에 소리가 청명하지는 못해요..",
    "Source": "쇼핑몰",
    "Domain": "가전",
    "MainCategory": "영상/음향가전",
    "ProductName": "JBL BAR 9.1 정품",
    "ReviewScore": "4",
    "Syllable": "77",
    "Word": "14",
    "RDate": "20211213",
    "GeneralPolarity": "-1",
    "Aspects": [
      {
        "Aspect": "가격",
        "SentimentText": "가격이 성능에 비해 너무 비싸다고 생각합니다..ㅠㅠ",
        "SentimentWord": "6",
        "SentimentPolarity": "-1"
      },
      {
        "Aspect": "음량/음질",
        "SentimentText": "영화볼때에는 입체감있는 음질이 좋지만 울림소리(우퍼)때문에 소리가 청명하지는 못해요..",
        "SentimentWord": "8",
        "SentimentPolarity": "0"
      }
    ]
  },
  {
    "Index": "15322",
    "RawText": "가끔 tv랑 연결이 일시적으로 끊겨서 불편하네요 그리고 작동이 어떻게 되고 있는건지 알수있는 기능이 없어서 아쉬워요",
    "Source": "쇼핑몰",
    "Domain": "가전",
    "MainCategory": "영상/음향가전",
    "ProductName": "JBL BAR 9.1 정품",
    "ReviewScore": "4",
    "Syllable": "64",
    "Word": "15",
    "RDate": "20220408",
    "GeneralPolarity": "-1",
    "Aspects": [
      {
        "Aspect": "편의성",
        "SentimentText": "가끔 tv랑 연결이 일시적으로 끊겨서 불편하네요",
        "SentimentWord": "6",
        "SentimentPolarity": "-1"
      },
      {
        "Aspect": "기능",
        "SentimentText": "그리고 작동이 어떻게 되고 있는건지 알수있는 기능이 없어서 아쉬워요",
        "SentimentWord": "9",
        "SentimentPolarity": "-1"
      }
    ]
  },
  {
    "Index": "15323",
    "RawText": "가성비 제품 아주 잘 구매했습니다 굿굿 티비로 듣는것보다 소리가 확실히 깨끗하여 만족합니다 조작하기기 쉬운점이 참 좋습니다~!",
    "Source": "쇼핑몰",
    "Domain": "가전",
    "MainCategory": "영상/음향가전",
    "ProductName": "JBL BAR 9.1 정품",
    "ReviewScore": "4",
    "Syllable": "70",
    "Word": "16",
    "RDate": "20220430",
    "GeneralPolarity": "1",
    "Aspects": [
      {
        "Aspect": "가격",
        "SentimentText": "가성비 제품 아주 잘 구매했습니다 굿굿",
        "SentimentWord": "6",
        "SentimentPolarity": "1"
      },
      {
        "Aspect": "음량/음질",
        "SentimentText": "티비로 듣는것보다 소리가 확실히 깨끗하여 만족합니다",
        "SentimentWord": "6",
        "SentimentPolarity": "1"
      },
      {
        "Aspect": "조작성",
        "SentimentText": "조작하기기 쉬운점이 참 좋습니다~!",
        "SentimentWord": "4",
        "SentimentPolarity": "1"
      }
    ]
  },
  {
    "Index": "15324",
    "RawText": "음향출력도 너무 좋고 음 분리도 잘 되어 엄청 만족합니다 저렴한 가격에 구매를 할 수 있어 기분 너무 좋아요~ 갓성비!!",
    "Source": "쇼핑몰",
    "Domain": "가전",
    "MainCategory": "영상/음향가전",
    "ProductName": "JBL BAR 9.1 정품",
    "ReviewScore": "5",
    "Syllable": "67",
    "Word": "19",
    "RDate": "20210802",
    "GeneralPolarity": "1",
    "Aspects": [
      {
        "Aspect": "음량/음질",
        "SentimentText": "음향출력도 너무 좋고 음 분리도 잘 되어 엄청 만족합니다",
        "SentimentWord": "9",
        "SentimentPolarity": "1"
      },
      {
        "Aspect": "가격",
        "SentimentText": "저렴한 가격에 구매를 할 수 있어 기분 너무 좋아요~ 갓성비!!",
        "SentimentWord": "10",
        "SentimentPolarity": "1"
      }
    ]
  },
  {
    "Index": "15325",
    "RawText": "퀄리티가 아주 좋아서 만족해요 음질 테스트했는데 깨끗하고 빵빵한 음질 대단히 만족해요 적극추천!!",
    "Source": "쇼핑몰",
    "Domain": "가전",
    "MainCategory": "영상/음향가전",
    "ProductName": "JBL BAR 9.1 정품",
    "ReviewScore": "5",
    "Syllable": "54",
    "Word": "12",
    "RDate": "20210811",
    "Aspects": [
      {
        "Aspect": "품질",
        "SentimentText": "퀄리티가 아주 좋아서 만족해요",
        "SentimentWord": "4",
        "SentimentPolarity": "1"
      },
      {
        "Aspect": "음량/음질",
        "SentimentText": "음질 테스트했는데 깨끗하고 빵빵한 음질 대단히 만족해요 적극추천!!",
        "SentimentWord": "8",
        "SentimentPolarity": "1"
      }
    ]
  },
  {
    "Index": "15326",
    "RawText": "구매하고 다음날 바로 배송까지 빠르게 해주시고 감사해요~ 깔끔한 블랙으로 구성되어 있어서 포인트 되고 좋네요 제품 퀄리티도 생각외로 너무 마음에 들어요 감사합니다~^^",
    "Source": "쇼핑몰",
    "Domain": "가전",
    "MainCategory": "영상/음향가전",
    "ProductName": "JBL BAR 9.1 정품",
    "ReviewScore": "5",
    "Syllable": "93",
    "Word": "21",
    "RDate": "20220611",
    "GeneralPolarity": "1",
    "Aspects": [
      {
        "Aspect": "색상",
        "SentimentText": "깔끔한 블랙으로 구성되어 있어서 포인트 되고 좋네요",
        "SentimentWord": "7",
        "SentimentPolarity": "1"
      },
      {
        "Aspect": "품질",
        "SentimentText": "제품 퀄리티도 생각외로 너무 마음에 들어요 감사합니다~^^",
        "SentimentWord": "7",
        "SentimentPolarity": "1"
      }
    ]
  },
  {
    "Index": "15327",
    "RawText": "업그레이드 된 사운드 엄청 좋아요 귀호강 장난아니네요 색상도 이쁘니 마음에 너무 들어요~",
    "Source": "쇼핑몰",
    "Domain": "가전",
    "MainCategory": "영상/음향가전",
    "ProductName": "JBL BAR 9.1 정품",
    "ReviewScore": "5",
    "Syllable": "49",
    "Word": "12",
    "RDate": "20210807",
    "GeneralPolarity": "1",
    "Aspects": [
      {
        "Aspect": "음량/음질",
        "SentimentText": "업그레이드 된 사운드 엄청 좋아요 귀호강 장난아니네요",
        "SentimentWord": "7",
        "SentimentPolarity": "1"
      },
      {
        "Aspect": "색상",
        "SentimentText": "색상도 이쁘니 마음에 너무 들어요~",
        "SentimentWord": "5",
        "SentimentPolarity": "1"
      }
    ]
  },
  {
    "Index": "15328",
    "RawText": "극장에 온듯한 느낌을 주는 섬세하고 부드러운 아주 좋은 음질입니다 최고~ 사이즈가 슬림해서 자리를 많이 차지하지 않으니 너무 좋네요 굳굳",
    "Source": "쇼핑몰",
    "Domain": "가전",
    "MainCategory": "영상/음향가전",
    "ProductName": "JBL BAR 9.1 정품",
    "ReviewScore": "5",
    "Syllable": "76",
    "Word": "19",
    "RDate": "20210907",
    "GeneralPolarity": "1",
    "Aspects": [
      {
        "Aspect": "음량/음질",
        "SentimentText": "극장에 온듯한 느낌을 주는 섬세하고 부드러운 아주 좋은 음질입니다 최고~",
        "SentimentWord": "10",
        "SentimentPolarity": "1"
      },
      {
        "Aspect": "사이즈",
        "SentimentText": "사이즈가 슬림해서 자리를 많이 차지하지 않으니 너무 좋네요 굳굳",
        "SentimentWord": "9",
        "SentimentPolarity": "1"
      }
    ]
  },
  {
    "Index": "15329",
    "RawText": "기대 이상으로 음질 너무좋아서 놀랬어요 엄청 짱짱 색상도 이뻐서 볼때마다 좋아요 캬~",
    "Source": "쇼핑몰",
    "Domain": "가전",
    "MainCategory": "영상/음향가전",
    "ProductName": "JBL BAR 9.1 정품",
    "ReviewScore": "5",
    "Syllable": "47",
    "Word": "12",
    "RDate": "20220214",
    "GeneralPolarity": "1",
    "Aspects": [
      {
        "Aspect": "음량/음질",
        "SentimentText": "기대 이상으로 음질 너무좋아서 놀랬어요 엄청 짱짱",
        "SentimentWord": "7",
        "SentimentPolarity": "1"
      },
      {
        "Aspect": "색상",
        "SentimentText": "색상도 이뻐서 볼때마다 좋아요 캬~",
        "SentimentWord": "5",
        "SentimentPolarity": "1"
      }
    ]
  },
  {
    "Index": "15330",
    "RawText": "와 기대감을 저버리지 않네요 완전 영화관이 되버리는 입체감 있는 음질 최고에요!! 기분좋은 파격할인가격에 기분 좋습니다",
    "Source": "쇼핑몰",
    "Domain": "가전",
    "MainCategory": "영상/음향가전",
    "ProductName": "JBL BAR 9.1 정품",
    "ReviewScore": "5",
    "Syllable": "66",
    "Word": "15",
    "RDate": "20220601",
    "GeneralPolarity": "1",
    "Aspects": [
      {
        "Aspect": "음량/음질",
        "SentimentText": "와 기대감을 저버리지 않네요 완전 영화관이 되버리는 입체감 있는 음질 최고에요!!",
        "SentimentWord": "11",
        "SentimentPolarity": "1"
      },
      {
        "Aspect": "가격",
        "SentimentText": "기분좋은 파격할인가격에 기분 좋습니다",
        "SentimentWord": "4",
        "SentimentPolarity": "1"
      }
    ]
  },
  {
    "Index": "15332",
    "RawText": "9.1채널인데 다른 스피커들과 비교시 음향 부분이 별반 차이도 없고 그저그래요. 가격도 너무 사악해요 ㅠ ",
    "Source": "쇼핑몰",
    "Domain": "가전",
    "MainCategory": "영상/음향가전",
    "ProductName": "JBL BAR 9.1 정품",
    "ReviewScore": "4",
    "Syllable": "59",
    "Word": "14",
    "RDate": "20200930",
    "GeneralPolarity": "-1",
    "Aspects": [
      {
        "Aspect": "음량/음질",
        "SentimentText": "9.1채널인데 다른 스피커들과 비교시 음향 부분이 별반 차이도 없고 그저그래요",
        "SentimentWord": "10",
        "SentimentPolarity": "0"
      },
      {
        "Aspect": "가격",
        "SentimentText": " 가격도 너무 사악해요 ㅠ",
        "SentimentWord": "4",
        "SentimentPolarity": "-1"
      }
    ]
  },
  {
    "Index": "15333",
    "RawText": "앞뒤로 소리가 나오니까 영화볼때 몰입감이 최고입니다 음향 대만족~ 오래 사용해도 발열이 심하지도 않고 만족하면서 쓰고있네요 ^^",
    "Source": "쇼핑몰",
    "Domain": "가전",
    "MainCategory": "영상/음향가전",
    "ProductName": "JBL BAR 9.1 정품",
    "ReviewScore": "5",
    "Syllable": "71",
    "Word": "16",
    "RDate": "20220718",
    "GeneralPolarity": "1",
    "Aspects": [
      {
        "Aspect": "음량/음질",
        "SentimentText": "앞뒤로 소리가 나오니까 영화볼때 몰입감이 최고입니다 음향 대만족~",
        "SentimentWord": "8",
        "SentimentPolarity": "1"
      },
      {
        "Aspect": "내구성",
        "SentimentText": "오래 사용해도 발열이 심하지도 않고 만족하면서 쓰고있네요 ^^",
        "SentimentWord": "8",
        "SentimentPolarity": "1"
      }
    ]
  },
  {
    "Index": "15334",
    "RawText": "무선이라 아주 편해서 마음에 들어요 음역대 분리도 되고 사운드가 정말 좋아요 최고 강추합니다^^",
    "Source": "쇼핑몰",
    "Domain": "가전",
    "MainCategory": "영상/음향가전",
    "ProductName": "JBL BAR 9.1 정품",
    "ReviewScore": "5",
    "Syllable": "53",
    "Word": "13",
    "RDate": "20210809",
    "Aspects": [
      {
        "Aspect": "편의성",
        "SentimentText": "무선이라 아주 편해서 마음에 들어요",
        "SentimentWord": "5",
        "SentimentPolarity": "1"
      },
      {
        "Aspect": "음량/음질",
        "SentimentText": "음역대 분리도 되고 사운드가 정말 좋아요 최고 강추합니다^^",
        "SentimentWord": "8",
        "SentimentPolarity": "1"
      }
    ]
  },
  {
    "Index": "15337",
    "RawText": "이번에 좋은 가격으로 구입해서 기분이 좋아요 사운드가 섬세하고 풍부하니 아주 좋네요 만족해요^^ 배송도 빨리와서 기분 너무 좋아요 최고~",
    "Source": "쇼핑몰",
    "Domain": "가전",
    "MainCategory": "영상/음향가전",
    "ProductName": "JBL BAR 9.1 정품",
    "ReviewScore": "4",
    "Syllable": "76",
    "Word": "18",
    "RDate": "20210812",
    "Aspects": [
      {
        "Aspect": "가격",
        "SentimentText": "이번에 좋은 가격으로 구입해서 기분이 좋아요",
        "SentimentWord": "6",
        "SentimentPolarity": "1"
      },
      {
        "Aspect": "음량/음질",
        "SentimentText": "사운드가 섬세하고 풍부하니 아주 좋네요 만족해요^^",
        "SentimentWord": "6",
        "SentimentPolarity": "1"
      }
    ]
  },
  {
    "Index": "15338",
    "RawText": "극장에 갈 필요 없을만큼 풍부하고 웅장한 사운드 아주 만족도 높습니다~ 특가 할때 저렴하게 구매해서 너무 잘 샀습니다~~",
    "Source": "쇼핑몰",
    "Domain": "가전",
    "MainCategory": "영상/음향가전",
    "ProductName": "JBL BAR 9.1 정품",
    "ReviewScore": "3",
    "Syllable": "67",
    "Word": "17",
    "RDate": "20220414",
    "Aspects": [
      {
        "Aspect": "음량/음질",
        "SentimentText": "극장에 갈 필요 없을만큼 풍부하고 웅장한 사운드 아주 만족도 높습니다~",
        "SentimentWord": "10",
        "SentimentPolarity": "1"
      },
      {
        "Aspect": "가격",
        "SentimentText": "특가 할때 저렴하게 구매해서 너무 잘 샀습니다~~",
        "SentimentWord": "7",
        "SentimentPolarity": "1"
      }
    ]
  },
  {
    "Index": "15339",
    "RawText": "제품도 기스없이 완전 퀄리티 좋은 상태로 와서 좋아요^^ 사운드가 웅장해서 영화볼때 너무 좋아요 대만족합니다^^",
    "Source": "쇼핑몰",
    "Domain": "가전",
    "MainCategory": "영상/음향가전",
    "ProductName": "JBL BAR 9.1 정품",
    "ReviewScore": "5",
    "Syllable": "62",
    "Word": "14",
    "RDate": "20220217",
    "Aspects": [
      {
        "Aspect": "품질",
        "SentimentText": "제품도 기스없이 완전 퀄리티 좋은 상태로 와서 좋아요^^",
        "SentimentWord": "8",
        "SentimentPolarity": "1"
      },
      {
        "Aspect": "음량/음질",
        "SentimentText": "사운드가 웅장해서 영화볼때 너무 좋아요 대만족합니다^^",
        "SentimentWord": "6",
        "SentimentPolarity": "1"
      }
    ]
  },
  {
    "Index": "15340",
    "RawText": "우퍼 볼륨도 별도로 제어할 수있는 기능덕분에 쿵쿵거리지 않아 마음에 들어요~ 또한 소리 작게 해도 깨끗하게 음성이 자세하게 들려요 최고에요!!",
    "Source": "쇼핑몰",
    "Domain": "가전",
    "MainCategory": "영상/음향가전",
    "ProductName": "JBL BAR 9.1 정품",
    "ReviewScore": "5",
    "Syllable": "79",
    "Word": "19",
    "RDate": "20211020",
    "GeneralPolarity": "1",
    "Aspects": [
      {
        "Aspect": "기능",
        "SentimentText": "우퍼 볼륨도 별도로 제어할 수있는 기능덕분에 쿵쿵거리지 않아 마음에 들어요~",
        "SentimentWord": "10",
        "SentimentPolarity": "1"
      },
      {
        "Aspect": "음량/음질",
        "SentimentText": "또한 소리 작게 해도 깨끗하게 음성이 자세하게 들려요 최고에요!!",
        "SentimentWord": "9",
        "SentimentPolarity": "1"
      }
    ]
  },
  {
    "Index": "15341",
    "RawText": "OOO 애트모스 지원되는 영화를 감상시 음질이 웅장하니 좋아져 대만족입니다!! 세팅도 원하는 값으로 간편하게 조정 가능해서 매우 좋습니다~^^",
    "Source": "쇼핑몰",
    "Domain": "가전",
    "MainCategory": "영상/음향가전",
    "ProductName": "JBL BAR 9.1 정품",
    "ReviewScore": "5",
    "Syllable": "79",
    "Word": "17",
    "RDate": "20211125",
    "GeneralPolarity": "1",
    "Aspects": [
      {
        "Aspect": "음량/음질",
        "SentimentText": "OOO 애트모스 지원되는 영화를 감상시 음질이 웅장하니 좋아져 대만족입니다!!",
        "SentimentWord": "9",
        "SentimentPolarity": "1"
      },
      {
        "Aspect": "조작성",
        "SentimentText": "세팅도 원하는 값으로 간편하게 조정 가능해서 매우 좋습니다~^^",
        "SentimentWord": "8",
        "SentimentPolarity": "1"
      }
    ]
  },
  {
    "Index": "15342",
    "RawText": "서라운드 소리가 입체감있어 너무 좋아요 최고~ 색상도 이뻐서 보기에도 참 좋네요!",
    "Source": "쇼핑몰",
    "Domain": "가전",
    "MainCategory": "영상/음향가전",
    "ProductName": "JBL BAR 9.1 정품",
    "ReviewScore": "5",
    "Syllable": "45",
    "Word": "11",
    "RDate": "20211009",
    "GeneralPolarity": "1",
    "Aspects": [
      {
        "Aspect": "음량/음질",
        "SentimentText": "서라운드 소리가 입체감있어 너무 좋아요 최고~",
        "SentimentWord": "6",
        "SentimentPolarity": "1"
      },
      {
        "Aspect": "색상",
        "SentimentText": "색상도 이뻐서 보기에도 참 좋네요!",
        "SentimentWord": "5",
        "SentimentPolarity": "1"
      }
    ]
  },
  {
    "Index": "15343",
    "RawText": "사이즈가 작고 분리형이라 소파에 두고 사용하기에 아주 적합하네요~ 음향성능이 섬세하고 웅장하니 너무 만족합니다!",
    "Source": "쇼핑몰",
    "Domain": "가전",
    "MainCategory": "영상/음향가전",
    "ProductName": "JBL BAR 9.1 정품",
    "ReviewScore": "5",
    "Syllable": "62",
    "Word": "13",
    "RDate": "20220830",
    "Aspects": [
      {
        "Aspect": "사이즈",
        "SentimentText": "사이즈가 작고 분리형이라 소파에 두고 사용하기에 아주 적합하네요~",
        "SentimentWord": "8",
        "SentimentPolarity": "1"
      },
      {
        "Aspect": "음량/음질",
        "SentimentText": "음향성능이 섬세하고 웅장하니 너무 만족합니다!",
        "SentimentWord": "5",
        "SentimentPolarity": "1"
      }
    ]
  },
  {
    "Index": "15345",
    "RawText": "사운드가 너무 좋아서 귀호강합니다~ 리어가 무선이라 너무 편해서 완전 만족해요 우퍼는 너무 쎄서 틀기 무서울정도에요 좀 크네요 전원도 일반티비랑 동기화 가 잘 되어 정말 만족합니다~",
    "Source": "쇼핑몰",
    "Domain": "가전",
    "MainCategory": "영상/음향가전",
    "ProductName": "JBL BAR 9.1 정품",
    "ReviewScore": "5",
    "Syllable": "101",
    "Word": "25",
    "RDate": "20210518",
    "GeneralPolarity": "1",
    "Aspects": [
      {
        "Aspect": "음량/음질",
        "SentimentText": "사운드가 너무 좋아서 귀호강합니다~",
        "SentimentWord": "4",
        "SentimentPolarity": "1"
      },
      {
        "Aspect": "편의성",
        "SentimentText": "리어가 무선이라 너무 편해서 완전 만족해요",
        "SentimentWord": "6",
        "SentimentPolarity": "1"
      },
      {
        "Aspect": "음량/음질",
        "SentimentText": "우퍼는 너무 쎄서 틀기 무서울정도에요 좀 크네요",
        "SentimentWord": "7",
        "SentimentPolarity": "-1"
      },
      {
        "Aspect": "기능",
        "SentimentText": "전원도 일반티비랑 동기화 가 잘 되어 정말 만족합니다~",
        "SentimentWord": "8",
        "SentimentPolarity": "1"
      }
    ]
  },
  {
    "Index": "15346",
    "RawText": "음이 튕기고 베이스는 강하고 그냥 사용중ㅡㅠㅡ 돌비애트모스 효과?? 쓸때없는 기능을 넣었네요. 아무런 효과도 없어요.",
    "Source": "쇼핑몰",
    "Domain": "가전",
    "MainCategory": "영상/음향가전",
    "ProductName": "JBL BAR 9.1 정품",
    "ReviewScore": "3",
    "Syllable": "65",
    "Word": "14",
    "RDate": "20211029",
    "GeneralPolarity": "-1",
    "Aspects": [
      {
        "Aspect": "음량/음질",
        "SentimentText": "음이 튕기고 베이스는 강하고 그냥 사용중ㅡㅠㅡ",
        "SentimentWord": "6",
        "SentimentPolarity": "-1"
      },
      {
        "Aspect": "기능",
        "SentimentText": "돌비애트모스 효과?? 쓸때없는 기능을 넣었네요. 아무런 효과도 없어요.",
        "SentimentWord": "8",
        "SentimentPolarity": "-1"
      }
    ]
  }
]