[
  {
    "Index": "14815",
    "RawText": "목소리가 선명하게 잘 들리니까 좋아요 그리고 인터넷방송볼때 화면이 선명해서도 좋아요^^",
    "Source": "쇼핑몰",
    "Domain": "가전",
    "MainCategory": "영상/음향가전",
    "ProductName": "BOSE Smart Soundbar 900 정품",
    "ReviewScore": "5",
    "Syllable": "48",
    "Word": "10",
    "RDate": "20220222",
    "GeneralPolarity": "1",
    "Aspects": [
      {
        "Aspect": "음량/음질",
        "SentimentText": "목소리가 선명하게 잘 들리니까 좋아요",
        "SentimentWord": "5",
        "SentimentPolarity": "1"
      },
      {
        "Aspect": "화질",
        "SentimentText": "그리고 인터넷방송볼때 화면이 선명해서도 좋아요^^",
        "SentimentWord": "5",
        "SentimentPolarity": "1"
      }
    ]
  },
  {
    "Index": "14816",
    "RawText": "배송이 신속해서 좋았어요 그리고 가격도 저렴해서 좋습니다!! 음량은 소리가 환상적이라 만족해요^^",
    "Source": "쇼핑몰",
    "Domain": "가전",
    "MainCategory": "영상/음향가전",
    "ProductName": "BOSE Smart Soundbar 900 정품",
    "ReviewScore": "5",
    "Syllable": "54",
    "Word": "11",
    "RDate": "20220705",
    "Aspects": [
      {
        "Aspect": "가격",
        "SentimentText": "그리고 가격도 저렴해서 좋습니다!!",
        "SentimentWord": "4",
        "SentimentPolarity": "1"
      },
      {
        "Aspect": "음량/음질",
        "SentimentText": "음량은 소리가 환상적이라 만족해요^^",
        "SentimentWord": "4",
        "SentimentPolarity": "1"
      }
    ]
  },
  {
    "Index": "14818",
    "RawText": "가성비로 상위급입니다 .22년 신형이라 좋아요^^",
    "Source": "쇼핑몰",
    "Domain": "가전",
    "MainCategory": "영상/음향가전",
    "ProductName": "JBL Bar 2.0 All in One 정품",
    "ReviewScore": "5",
    "Syllable": "27",
    "Word": "5",
    "RDate": "20200805",
    "Aspects": [
      {
        "Aspect": "가격",
        "SentimentText": "가성비로 상위급입니다",
        "SentimentWord": "2",
        "SentimentPolarity": "1"
      },
      {
        "Aspect": "제조일/제조사",
        "SentimentText": ".22년 신형이라 좋아요^^",
        "SentimentWord": "3",
        "SentimentPolarity": "1"
      }
    ]
  },
  {
    "Index": "14819",
    "RawText": "집에 비해서 화면이 너무 크게느껴져서 아쉽습니다. 극강의 다양한 채널들이 만족스럽구요 블루투스 연결도 잘되니까 믿음이갑니다^^",
    "Source": "쇼핑몰",
    "Domain": "가전",
    "MainCategory": "영상/음향가전",
    "ProductName": "JBL Bar 2.0 All in One 정품",
    "ReviewScore": "4",
    "Syllable": "70",
    "Word": "14",
    "RDate": "20220504",
    "GeneralPolarity": "1",
    "Aspects": [
      {
        "Aspect": "사이즈",
        "SentimentText": "집에 비해서 화면이 너무 크게느껴져서 아쉽습니다.",
        "SentimentWord": "6",
        "SentimentPolarity": "-1"
      },
      {
        "Aspect": "기능",
        "SentimentText": "극강의 다양한 채널들이 만족스럽구요",
        "SentimentWord": "4",
        "SentimentPolarity": "1"
      },
      {
        "Aspect": "기능",
        "SentimentText": "블루투스 연결도 잘되니까 믿음이갑니다^^",
        "SentimentWord": "4",
        "SentimentPolarity": "1"
      }
    ]
  },
  {
    "Index": "14820",
    "RawText": "홈시어터용이라 자리차지를 덜해서 좋아요 디자인도 깔끔하니까 더욱 만족해요^^",
    "Source": "쇼핑몰",
    "Domain": "가전",
    "MainCategory": "영상/음향가전",
    "ProductName": "JBL Bar 2.0 All in One 정품",
    "ReviewScore": "5",
    "Syllable": "42",
    "Word": "8",
    "RDate": "20200902",
    "GeneralPolarity": "1",
    "Aspects": [
      {
        "Aspect": "사이즈",
        "SentimentText": "홈시어터용이라 자리차지를 덜해서 좋아요",
        "SentimentWord": "4",
        "SentimentPolarity": "1"
      },
      {
        "Aspect": "디자인",
        "SentimentText": "디자인도 깔끔하니까 더욱 만족해요^^",
        "SentimentWord": "4",
        "SentimentPolarity": "1"
      }
    ]
  },
  {
    "Index": "14823",
    "RawText": "리모컨이 다연결되고 전원연동도 잘 되어 만족합니다. 음질은 그럭저럭 가격만큼인점이 아쉽긴해요ㅠ",
    "Source": "쇼핑몰",
    "Domain": "가전",
    "MainCategory": "영상/음향가전",
    "ProductName": "JBL Bar 2.0 All in One 정품",
    "ReviewScore": "5",
    "Syllable": "52",
    "Word": "10",
    "RDate": "20211012",
    "GeneralPolarity": "0",
    "Aspects": [
      {
        "Aspect": "조작성",
        "SentimentText": "리모컨이 다연결되고 전원연동도 잘 되어 만족합니다.",
        "SentimentWord": "6",
        "SentimentPolarity": "1"
      },
      {
        "Aspect": "음량/음질",
        "SentimentText": "음질은 그럭저럭 가격만큼인점이 아쉽긴해요ㅠ",
        "SentimentWord": "4",
        "SentimentPolarity": "-1"
      }
    ]
  },
  {
    "Index": "14825",
    "RawText": "기대한만큼 음질이 좋아서만족해요  디자인은 진짜 깔끔하고 딱 맘에 들어요~",
    "Source": "쇼핑몰",
    "Domain": "가전",
    "MainCategory": "영상/음향가전",
    "ProductName": "JBL Bar 2.0 All in One 정품",
    "ReviewScore": "4",
    "Syllable": "41",
    "Word": "9",
    "RDate": "20210311",
    "Aspects": [
      {
        "Aspect": "음량/음질",
        "SentimentText": "기대한만큼 음질이 좋아서만족해요",
        "SentimentWord": "3",
        "SentimentPolarity": "1"
      },
      {
        "Aspect": "디자인",
        "SentimentText": " 디자인은 진짜 깔끔하고 딱 맘에 들어요~",
        "SentimentWord": "6",
        "SentimentPolarity": "-1"
      }
    ]
  },
  {
    "Index": "14826",
    "RawText": "설치가 어렵지 않아서 좋았습니다. 음질이 선명하고 생생한 사운드가 마음에 듭니다. 다만 음량 조절할때 그래프가 안보여 불편해요 ㅜ",
    "Source": "쇼핑몰",
    "Domain": "가전",
    "MainCategory": "영상/음향가전",
    "ProductName": "JBL Bar 2.0 All in One 정품",
    "ReviewScore": "5",
    "Syllable": "72",
    "Word": "17",
    "RDate": "20220331",
    "GeneralPolarity": "0",
    "Aspects": [
      {
        "Aspect": "조작성",
        "SentimentText": "설치가 어렵지 않아서 좋았습니다. ",
        "SentimentWord": "4",
        "SentimentPolarity": "1"
      },
      {
        "Aspect": "음량/음질",
        "SentimentText": "음질이 선명하고 생생한 사운드가 마음에 듭니다.",
        "SentimentWord": "6",
        "SentimentPolarity": "1"
      },
      {
        "Aspect": "편의성",
        "SentimentText": "다만 음량 조절할때 그래프가 안보여 불편해요 ㅜ ",
        "SentimentWord": "7",
        "SentimentPolarity": "-1"
      }
    ]
  },
  {
    "Index": "14827",
    "RawText": "영화를 많이 봐서 사운드바 구입했는데 소리가 짱짱해서 마음에 듭니다. 검정색이라 티비랑도 잘어울려서 인테리어상으로도 좋아요 핸드폰 블루투스도 잘연결이 되니까 만족합니다.",
    "Source": "쇼핑몰",
    "Domain": "가전",
    "MainCategory": "영상/음향가전",
    "ProductName": "JBL Bar 2.0 All in One 정품",
    "ReviewScore": "5",
    "Syllable": "94",
    "Word": "19",
    "RDate": "20200823",
    "GeneralPolarity": "1",
    "Aspects": [
      {
        "Aspect": "음량/음질",
        "SentimentText": "영화를 많이 봐서 사운드바 구입했는데 소리가 짱짱해서 마음에 듭니다",
        "SentimentWord": "9",
        "SentimentPolarity": "1"
      },
      {
        "Aspect": "색상",
        "SentimentText": "검정색이라 티비랑도 잘어울려서 인테리어상으로도 좋아요",
        "SentimentWord": "5",
        "SentimentPolarity": "1"
      },
      {
        "Aspect": "조작성",
        "SentimentText": "핸드폰 블루투스도 잘연결이 되니까 만족합니다.",
        "SentimentWord": "5",
        "SentimentPolarity": "1"
      }
    ]
  },
  {
    "Index": "14828",
    "RawText": "TV사운드바로 활용하기 좋아요 단지 광케이블이 없는점이 아쉽고요 기존리모컨과 연동이 안되니까 각각사용해야해서 불편함이 느껴집니다. ㅜ 그리고 광케이블만 마련해서 연결하면 사운드는 짱짱합니다 굿!!",
    "Source": "쇼핑몰",
    "Domain": "가전",
    "MainCategory": "영상/음향가전",
    "ProductName": "JBL Bar 2.0 All in One 정품",
    "ReviewScore": "5",
    "Syllable": "109",
    "Word": "21",
    "RDate": "20211101",
    "GeneralPolarity": "0",
    "Aspects": [
      {
        "Aspect": "기능",
        "SentimentText": "TV사운드바로 활용하기 좋아요",
        "SentimentWord": "3",
        "SentimentPolarity": "1"
      },
      {
        "Aspect": "제품구성",
        "SentimentText": "단지 광케이블이 없는점이 아쉽고요",
        "SentimentWord": "4",
        "SentimentPolarity": "-1"
      },
      {
        "Aspect": "편의성",
        "SentimentText": "기존리모컨과 연동이 안되니까 각각사용해야해서 불편함이 느껴집니다. ㅜ",
        "SentimentWord": "7",
        "SentimentPolarity": "-1"
      },
      {
        "Aspect": "음량/음질",
        "SentimentText": "그리고 광케이블만 마련해서 연결하면 사운드는 짱짱합니다 굿!!",
        "SentimentWord": "7",
        "SentimentPolarity": "1"
      }
    ]
  },
  {
    "Index": "14829",
    "RawText": "티비 스피커로만 듣는것보다 사운드소리가 훨씬 중후해서 대사도 잘들리니까 좋아요 다만 흰색상이 없는것이 아쉽네요;;",
    "Source": "쇼핑몰",
    "Domain": "가전",
    "MainCategory": "영상/음향가전",
    "ProductName": "JBL Bar 2.0 All in One 정품",
    "ReviewScore": "4",
    "Syllable": "63",
    "Word": "13",
    "RDate": "20220115",
    "GeneralPolarity": "0",
    "Aspects": [
      {
        "Aspect": "음량/음질",
        "SentimentText": "티비 스피커로만 듣는것보다 사운드소리가 훨씬 중후해서 대사도 잘들리니까 좋아요",
        "SentimentWord": "9",
        "SentimentPolarity": "1"
      },
      {
        "Aspect": "색상",
        "SentimentText": "다만 흰색상이 없는것이 아쉽네요;;",
        "SentimentWord": "4",
        "SentimentPolarity": "-1"
      }
    ]
  },
  {
    "Index": "14830",
    "RawText": "TV내장 스피커보다 소리가 더 좋아요^^ HDMI arc/cec 기능으로 TV켜고 끌때 같이 켜고 꺼지고해서 좋습니다. TV리모콘으로도 볼륨이 조절되니까 만족해요",
    "Source": "쇼핑몰",
    "Domain": "가전",
    "MainCategory": "영상/음향가전",
    "ProductName": "JBL Bar 2.0 All in One 정품",
    "ReviewScore": "5",
    "Syllable": "90",
    "Word": "18",
    "RDate": "20220215",
    "GeneralPolarity": "1",
    "Aspects": [
      {
        "Aspect": "음량/음질",
        "SentimentText": "TV내장 스피커보다 소리가 더 좋아요^^",
        "SentimentWord": "5",
        "SentimentPolarity": "1"
      },
      {
        "Aspect": "기능",
        "SentimentText": "HDMI arc/cec 기능으로 TV켜고 끌때 같이 켜고 꺼지고해서 좋습니다.",
        "SentimentWord": "9",
        "SentimentPolarity": "1"
      },
      {
        "Aspect": "조작성",
        "SentimentText": "TV리모콘으로도 볼륨이 조절되니까 만족해요",
        "SentimentWord": "4",
        "SentimentPolarity": "1"
      }
    ]
  },
  {
    "Index": "14831",
    "RawText": "핸드폰 블루투스 연결하니까 동영상이 실감나게 잘들려서 만족해요!! 품질도 좋아서 구매잘했다고 생각해요",
    "Source": "쇼핑몰",
    "Domain": "가전",
    "MainCategory": "영상/음향가전",
    "ProductName": "JBL Bar 2.0 All in One 정품",
    "ReviewScore": "5",
    "Syllable": "56",
    "Word": "11",
    "RDate": "20200724",
    "GeneralPolarity": "1",
    "Aspects": [
      {
        "Aspect": "음량/음질",
        "SentimentText": "핸드폰 블루투스 연결하니까 동영상이 실감나게 잘들려서 만족해요!! ",
        "SentimentWord": "7",
        "SentimentPolarity": "1"
      },
      {
        "Aspect": "품질",
        "SentimentText": "품질도 좋아서 구매잘했다고 생각해요",
        "SentimentWord": "4",
        "SentimentPolarity": "1"
      }
    ]
  },
  {
    "Index": "14832",
    "RawText": "TV음향과는 확실히 차이가 나니까 좋습니다. HDMI(ARC)스피커 연결하니까 세탑박스가 안되고 리셋하니 다시 잡혀서 만족하면서 쓰고 있습니다^^",
    "Source": "쇼핑몰",
    "Domain": "가전",
    "MainCategory": "영상/음향가전",
    "ProductName": "JBL Bar 2.0 All in One 정품",
    "ReviewScore": "5",
    "Syllable": "81",
    "Word": "15",
    "RDate": "20220428",
    "GeneralPolarity": "1",
    "Aspects": [
      {
        "Aspect": "음량/음질",
        "SentimentText": "TV음향과는 확실히 차이가 나니까 좋습니다",
        "SentimentWord": "5",
        "SentimentPolarity": "1"
      },
      {
        "Aspect": "조작성",
        "SentimentText": "HDMI(ARC)스피커 연결하니까 세탑박스가 안되고 리셋하니 다시 잡혀서 만족하면서 쓰고 있습니다^^",
        "SentimentWord": "10",
        "SentimentPolarity": "1"
      }
    ]
  },
  {
    "Index": "14833",
    "RawText": "가격할인중에 구입해서 만족해요 그리고 음질도 생생하니까 좋아요^^",
    "Source": "쇼핑몰",
    "Domain": "가전",
    "MainCategory": "영상/음향가전",
    "ProductName": "JBL Bar 2.0 All in One 정품",
    "ReviewScore": "5",
    "Syllable": "36",
    "Word": "7",
    "RDate": "20220310",
    "GeneralPolarity": "1",
    "Aspects": [
      {
        "Aspect": "가격",
        "SentimentText": "가격할인중에 구입해서 만족해",
        "SentimentWord": "3",
        "SentimentPolarity": "1"
      },
      {
        "Aspect": "음량/음질",
        "SentimentText": "그리고 음질도 생생하니까 좋아요^^",
        "SentimentWord": "4",
        "SentimentPolarity": "1"
      }
    ]
  },
  {
    "Index": "14834",
    "RawText": "가까이서는 소리가 좋은데 좀 떨어지면소리가 분리되는건지 안좋게 느껴져서 아쉬워요.. 색상도 흰색이 있었으면하는 아쉬움도 남구요!! ",
    "Source": "쇼핑몰",
    "Domain": "가전",
    "MainCategory": "영상/음향가전",
    "ProductName": "JBL Bar 2.0 All in One 정품",
    "ReviewScore": "4",
    "Syllable": "73",
    "Word": "14",
    "RDate": "20211101",
    "GeneralPolarity": "-1",
    "Aspects": [
      {
        "Aspect": "음량/음질",
        "SentimentText": "가까이서는 소리가 좋은데 좀 떨어지면소리가 분리되는건지 안좋게 느껴져서 아쉬워요..",
        "SentimentWord": "9",
        "SentimentPolarity": "-1"
      },
      {
        "Aspect": "색상",
        "SentimentText": "색상도 흰색이 있었으면하는 아쉬움도 남구요!!",
        "SentimentWord": "5",
        "SentimentPolarity": "-1"
      }
    ]
  },
  {
    "Index": "14835",
    "RawText": "가벼운 사운드바를 원했는데 적중하는 제품이라 좋아요 티비 위에 두려고 구입했는데 사이즈도 좋아서 만족해요!!",
    "Source": "쇼핑몰",
    "Domain": "가전",
    "MainCategory": "영상/음향가전",
    "ProductName": "JBL Bar 2.0 All in One 정품",
    "ReviewScore": "5",
    "Syllable": "60",
    "Word": "13",
    "RDate": "20210331",
    "GeneralPolarity": "1",
    "Aspects": [
      {
        "Aspect": "무게",
        "SentimentText": "가벼운 사운드바를 원했는데 적중하는 제품이라 좋아요",
        "SentimentWord": "6",
        "SentimentPolarity": "1"
      },
      {
        "Aspect": "사이즈",
        "SentimentText": "티비 위에 두려고 구입했는데 사이즈도 좋아서 만족해요!!",
        "SentimentWord": "7",
        "SentimentPolarity": "1"
      }
    ]
  },
  {
    "Index": "14836",
    "RawText": "가성비가 아주 좋은 제품이예요^^ 볼륨조절이 3단조절로만 되어서 세밀한 조절이 안되어서 단점이라 느껴져요 설명서에도 볼륨조절에 관한이야기는 없어서 아쉽네요 ",
    "Source": "쇼핑몰",
    "Domain": "가전",
    "MainCategory": "영상/음향가전",
    "ProductName": "JBL Bar 2.0 All in One 정품",
    "ReviewScore": "4",
    "Syllable": "87",
    "Word": "17",
    "RDate": "20220617",
    "Aspects": [
      {
        "Aspect": "가격",
        "SentimentText": "가성비가 아주 좋은 제품이예요^^",
        "SentimentWord": "4",
        "SentimentPolarity": "1"
      },
      {
        "Aspect": "음량/음질",
        "SentimentText": "볼륨조절이 3단조절로만 되어서 세밀한 조절이 안되어서 단점이라 느껴져요",
        "SentimentWord": "8",
        "SentimentPolarity": "-1"
      }
    ]
  },
  {
    "Index": "14837",
    "RawText": "가성비는 그럭저럭 괜찮아요^^ 거실에서 쓰기에는 사운드가 부족한것같아서 아쉬워요!! 설치도 친절하게 잘해주신점은 만족합니다^^",
    "Source": "쇼핑몰",
    "Domain": "가전",
    "MainCategory": "영상/음향가전",
    "ProductName": "JBL Bar 2.0 All in One 정품",
    "ReviewScore": "3",
    "Syllable": "70",
    "Word": "12",
    "RDate": "20220503",
    "Aspects": [
      {
        "Aspect": "가격",
        "SentimentText": "가성비는 그럭저럭 괜찮아요^^",
        "SentimentWord": "3",
        "SentimentPolarity": "1"
      },
      {
        "Aspect": "음량/음질",
        "SentimentText": "거실에서 쓰기에는 사운드가 부족한것같아서 아쉬워요!!",
        "SentimentWord": "5",
        "SentimentPolarity": "-1"
      }
    ]
  },
  {
    "Index": "14838",
    "RawText": "방에 설치하고 영화보니까 사운드가 꽤 짱짱하니 좋아요 무게는 생각보다 가벼워서 좀 장난감 같은 느낌이 아쉬워요",
    "Source": "쇼핑몰",
    "Domain": "가전",
    "MainCategory": "영상/음향가전",
    "ProductName": "JBL Bar 2.0 All in One 정품",
    "ReviewScore": "5",
    "Syllable": "61",
    "Word": "15",
    "RDate": "20220408",
    "GeneralPolarity": "0",
    "Aspects": [
      {
        "Aspect": "음량/음질",
        "SentimentText": "방에 설치하고 영화보니까 사운드가 꽤 짱짱하니 좋아요",
        "SentimentWord": "7",
        "SentimentPolarity": "1"
      },
      {
        "Aspect": "무게",
        "SentimentText": "무게는 생각보다 가벼워서 좀 장난감 같은 느낌이 아쉬워요",
        "SentimentWord": "8",
        "SentimentPolarity": "-1"
      }
    ]
  },
  {
    "Index": "14840",
    "RawText": "음질이 고급지거나 뛰어나진 않아서 아쉬워요!! 티비소리 보충하려고 샀는데 음량이 좋아서 우퍼가 없어도 딱! 좋습니다.  가격은 조금 비싼점이 아쉽고요 디자인도 심플하니까 만족하며 잘쓰고 있습니다.",
    "Source": "쇼핑몰",
    "Domain": "가전",
    "MainCategory": "영상/음향가전",
    "ProductName": "JBL Bar 2.0 All in One 정품",
    "ReviewScore": "5",
    "Syllable": "109",
    "Word": "23",
    "RDate": "20200826",
    "GeneralPolarity": "0",
    "Aspects": [
      {
        "Aspect": "음량/음질",
        "SentimentText": "음질이 고급지거나 뛰어나진 않아서 아쉬워요!!",
        "SentimentWord": "5",
        "SentimentPolarity": "-1"
      },
      {
        "Aspect": "음량/음질",
        "SentimentText": "티비소리 보충하려고 샀는데 음량이 좋아서 우퍼가 없어도 딱! 좋습니다. ",
        "SentimentWord": "9",
        "SentimentPolarity": "1"
      },
      {
        "Aspect": "가격",
        "SentimentText": "가격은 조금 비싼점이 아쉽고요",
        "SentimentWord": "4",
        "SentimentPolarity": "-1"
      },
      {
        "Aspect": "디자인",
        "SentimentText": "디자인도 심플하니까 만족하며 잘쓰고 있습니다.",
        "SentimentWord": "5",
        "SentimentPolarity": "1"
      }
    ]
  },
  {
    "Index": "14841",
    "RawText": "정확한 발음전달과 웅장한 사운드가 역시 좋았습니다. 다만 사용하다보면 발열이 심한듯해서 그건 좀 아쉽습니다.",
    "Source": "쇼핑몰",
    "Domain": "가전",
    "MainCategory": "영상/음향가전",
    "ProductName": "JBL Bar 2.0 All in One 정품",
    "ReviewScore": "5",
    "Syllable": "60",
    "Word": "13",
    "RDate": "20220312",
    "GeneralPolarity": "0",
    "Aspects": [
      {
        "Aspect": "음량/음질",
        "SentimentText": "정확한 발음전달과 웅장한 사운드가 역시 좋았습니다.",
        "SentimentWord": "6",
        "SentimentPolarity": "1"
      },
      {
        "Aspect": "내구성",
        "SentimentText": "다만 사용하다보면 발열이 심한듯해서 그건 좀 아쉽습니다.",
        "SentimentWord": "7",
        "SentimentPolarity": "-1"
      }
    ]
  },
  {
    "Index": "14842",
    "RawText": "말소리가 잘들리고 좋아요 다만 음량이 작아서 거실에서는 무리고 아담한 장소에서 써야하는 점이 아쉬워요! 10만원 안팍의 가격이라 가성비좋은 제품이라 생각합니다^^",
    "Source": "쇼핑몰",
    "Domain": "가전",
    "MainCategory": "영상/음향가전",
    "ProductName": "JBL Bar 2.0 All in One 정품",
    "ReviewScore": "4",
    "Syllable": "90",
    "Word": "19",
    "RDate": "20220621",
    "GeneralPolarity": "1",
    "Aspects": [
      {
        "Aspect": "음량/음질",
        "SentimentText": "말소리가 잘들리고 좋아요 다만 음량이 작아서 거실에서는 무리고 아담한 장소에서 써야하는 점이 아쉬워요!",
        "SentimentWord": "13",
        "SentimentPolarity": "0"
      },
      {
        "Aspect": "가격",
        "SentimentText": "10만원 안팍의 가격이라 가성비좋은 제품이라 생각합니다^^",
        "SentimentWord": "6",
        "SentimentPolarity": "1"
      }
    ]
  },
  {
    "Index": "14843",
    "RawText": "기사님이 배송일정연락주시고는 그냥 전달만 해주고 가시다니 이럴꺼면 집앞에 두고가시지하는 점이 아쉬워요  설치가 저는 어려운점이 있어서 소리가 안나와서 애먹었어요 ㅜ 그래도 소리는 깨끗하고 괜찮습니다^^",
    "Source": "쇼핑몰",
    "Domain": "가전",
    "MainCategory": "영상/음향가전",
    "ProductName": "JBL Bar 2.0 All in One 정품",
    "ReviewScore": "5",
    "Syllable": "112",
    "Word": "23",
    "RDate": "20220530",
    "Aspects": [
      {
        "Aspect": "조작성",
        "SentimentText": "설치가 저는 어려운점이 있어서 소리가 안나와서 애먹었어요 ㅜ",
        "SentimentWord": "8",
        "SentimentPolarity": "-1"
      },
      {
        "Aspect": "음량/음질",
        "SentimentText": "그래도 소리는 깨끗하고 괜찮습니다^^",
        "SentimentWord": "4",
        "SentimentPolarity": "1"
      }
    ]
  },
  {
    "Index": "14844",
    "RawText": "저렴하게 구매할 수있어서 좋았습니다. 사운드가 선명하고 울림도 강해서 영화보는데 아주 실감나니 좋아요 ㅎㅎ",
    "Source": "쇼핑몰",
    "Domain": "가전",
    "MainCategory": "영상/음향가전",
    "ProductName": "JBL Bar 2.0 All in One 정품",
    "ReviewScore": "5",
    "Syllable": "59",
    "Word": "13",
    "RDate": "20210516",
    "GeneralPolarity": "1",
    "Aspects": [
      {
        "Aspect": "가격",
        "SentimentText": "저렴하게 구매할 수있어서 좋았습니다. ",
        "SentimentWord": "4",
        "SentimentPolarity": "1"
      },
      {
        "Aspect": "음량/음질",
        "SentimentText": "사운드가 선명하고 울림도 강해서 영화보는데 아주 실감나니 좋아요 ㅎㅎ",
        "SentimentWord": "9",
        "SentimentPolarity": "1"
      }
    ]
  },
  {
    "Index": "14845",
    "RawText": "티비와는 별다른 음량차이를 못느껴서 아쉽네요;; 높이가 적어서인가요 저음도 거북하고 큰소리도 거북하게 찌그러지고 불만족스러워요 ",
    "Source": "쇼핑몰",
    "Domain": "가전",
    "MainCategory": "영상/음향가전",
    "ProductName": "JBL Bar 2.0 All in One 정품",
    "ReviewScore": "1",
    "Syllable": "71",
    "Word": "13",
    "RDate": "20210827",
    "Aspects": [
      {
        "Aspect": "음량/음질",
        "SentimentText": "티비와는 별다른 음량차이를 못느껴서 아쉽네요;;",
        "SentimentWord": "5",
        "SentimentPolarity": "-1"
      },
      {
        "Aspect": "음량/음질",
        "SentimentText": "높이가 적어서인가요 저음도 거북하고 큰소리도 거북하게 찌그러지고 불만족스러워요",
        "SentimentWord": "8",
        "SentimentPolarity": "-1"
      }
    ]
  },
  {
    "Index": "14846",
    "RawText": "arc와 블루투스도 가능한 사운드바라 너무 좋아요. 다만 aux 기능도 되면 더 좋았을텐데 아쉽네요... 그래도 음량도 가격대에 비해 좋은 것 같아서 만족중이에요!",
    "Source": "쇼핑몰",
    "Domain": "가전",
    "MainCategory": "영상/음향가전",
    "ProductName": "JBL Bar 2.0 All in One 정품",
    "ReviewScore": "4",
    "Syllable": "91",
    "Word": "21",
    "RDate": "20220509",
    "GeneralPolarity": "0",
    "Aspects": [
      {
        "Aspect": "기능",
        "SentimentText": "arc와 블루투스도 가능한 사운드바라 너무 좋아요. ",
        "SentimentWord": "6",
        "SentimentPolarity": "1"
      },
      {
        "Aspect": "기능",
        "SentimentText": "다만 aux 기능도 되면 더 좋았을텐데 아쉽네요...",
        "SentimentWord": "7",
        "SentimentPolarity": "-1"
      },
      {
        "Aspect": "음량/음질",
        "SentimentText": "음량도 가격대에 비해 좋은 것 같아서 만족중이에요!",
        "SentimentWord": "7",
        "SentimentPolarity": "1"
      }
    ]
  },
  {
    "Index": "14847",
    "RawText": "앞 뿐만 아니라 뒤에도 소리가 웅장해서 좋습니다. 특히 TV로 영화볼때 실감나구요.. 블루투스로 바로 연결되니 굉장히 편하고 괜찮은 스피커네요.",
    "Source": "쇼핑몰",
    "Domain": "가전",
    "MainCategory": "영상/음향가전",
    "ProductName": "JBL Bar 2.0 All in One 정품",
    "ReviewScore": "4",
    "Syllable": "80",
    "Word": "18",
    "RDate": "20220217",
    "GeneralPolarity": "1",
    "Aspects": [
      {
        "Aspect": "음량/음질",
        "SentimentText": "앞 뿐만 아니라 뒤에도 소리가 웅장해서 좋습니다",
        "SentimentWord": "7",
        "SentimentPolarity": "1"
      },
      {
        "Aspect": "기능",
        "SentimentText": "블루투스로 바로 연결되니 굉장히 편하고 괜찮은 스피커네요.",
        "SentimentWord": "7",
        "SentimentPolarity": "1"
      }
    ]
  },
  {
    "Index": "14848",
    "RawText": "디자인이 깔끔하니 심플해서 좋네요. 블루투스 연결에 ARC도 연동되서 좋아요. 진짜 가성비 끝내줍니다. 하지만 EQ 설정할때 모드가 2개뿐이라 좀 불편하네요.",
    "Source": "쇼핑몰",
    "Domain": "가전",
    "MainCategory": "영상/음향가전",
    "ProductName": "JBL Bar 2.0 All in One 정품",
    "ReviewScore": "4",
    "Syllable": "88",
    "Word": "19",
    "RDate": "20220706",
    "GeneralPolarity": "1",
    "Aspects": [
      {
        "Aspect": "디자인",
        "SentimentText": "디자인이 깔끔하니 심플해서 좋네요",
        "SentimentWord": "4",
        "SentimentPolarity": "1"
      },
      {
        "Aspect": "기능",
        "SentimentText": "블루투스 연결에 ARC도 연동되서 좋아요",
        "SentimentWord": "5",
        "SentimentPolarity": "1"
      },
      {
        "Aspect": "가격",
        "SentimentText": "진짜 가성비 끝내줍니다",
        "SentimentWord": "3",
        "SentimentPolarity": "1"
      },
      {
        "Aspect": "조작성",
        "SentimentText": "EQ 설정할때 모드가 2개뿐이라 좀 불편하네요",
        "SentimentWord": "6",
        "SentimentPolarity": "-1"
      }
    ]
  },
  {
    "Index": "14849",
    "RawText": "가격이 비싸지 않고 딱 적당한 수준이라 괜찮네요. 디자인이 깔끔하고 군더더기 없어 좋고 소리도 선명해서 만족해요.",
    "Source": "쇼핑몰",
    "Domain": "가전",
    "MainCategory": "영상/음향가전",
    "ProductName": "JBL Bar 2.0 All in One 정품",
    "ReviewScore": "5",
    "Syllable": "63",
    "Word": "15",
    "RDate": "20210226",
    "GeneralPolarity": "1",
    "Aspects": [
      {
        "Aspect": "가격",
        "SentimentText": "가격이 비싸지 않고 딱 적당한 수준이라 괜찮네요.",
        "SentimentWord": "7",
        "SentimentPolarity": "1"
      },
      {
        "Aspect": "디자인",
        "SentimentText": "디자인이 깔끔하고 군더더기 없어 좋고",
        "SentimentWord": "5",
        "SentimentPolarity": "1"
      },
      {
        "Aspect": "음량/음질",
        "SentimentText": "소리도 선명해서 만족해요",
        "SentimentWord": "3",
        "SentimentPolarity": "1"
      }
    ]
  },
  {
    "Index": "14850",
    "RawText": "컴퓨터와 모니터를 구입하면서 스피커도 필요할꺼 같아 구입했어요. 가격대비 가성비가 훌륭한 제품이네요. 스피커 연결할때 쓰는 오디오 광케이블도 아주 좋습니다.",
    "Source": "쇼핑몰",
    "Domain": "가전",
    "MainCategory": "영상/음향가전",
    "ProductName": "JBL Bar 2.0 All in One 정품",
    "ReviewScore": "5",
    "Syllable": "87",
    "Word": "18",
    "RDate": "20210913",
    "GeneralPolarity": "1",
    "Aspects": [
      {
        "Aspect": "가격",
        "SentimentText": "가격대비 가성비가 훌륭한 제품이네요.",
        "SentimentWord": "4",
        "SentimentPolarity": "1"
      },
      {
        "Aspect": "제품구성",
        "SentimentText": "스피커 연결할때 쓰는 오디오 광케이블도 아주 좋습니다.",
        "SentimentWord": "7",
        "SentimentPolarity": "1"
      }
    ]
  },
  {
    "Index": "14851",
    "RawText": "음성은 잘 들리는데 저음이 약하고 좀 벙벙거리는 소리 때문에 만족스럽지 않습니다. 가격 대비 성능은 그닥입니다.",
    "Source": "쇼핑몰",
    "Domain": "가전",
    "MainCategory": "영상/음향가전",
    "ProductName": "JBL Bar 2.0 All in One 정품",
    "ReviewScore": "4",
    "Syllable": "62",
    "Word": "15",
    "RDate": "20220511",
    "GeneralPolarity": "-1",
    "Aspects": [
      {
        "Aspect": "음량/음질",
        "SentimentText": "음성은 잘 들리는데 저음이 약하고 좀 벙벙거리는 소리 때문에 만족스럽지 않습니다. ",
        "SentimentWord": "11",
        "SentimentPolarity": "-1"
      },
      {
        "Aspect": "기능",
        "SentimentText": "가격 대비 성능은 그닥입니다.",
        "SentimentWord": "4",
        "SentimentPolarity": "0"
      }
    ]
  },
  {
    "Index": "14852",
    "RawText": "볼륨을 키워도 째지지않고 또렷하게 나와서 만족스럽고요~ 설치도 간단해서 저같은 기계치도 뚝딱 하네요 ㅎ",
    "Source": "쇼핑몰",
    "Domain": "가전",
    "MainCategory": "영상/음향가전",
    "ProductName": "JBL Bar 2.0 All in One 정품",
    "ReviewScore": "4",
    "Syllable": "57",
    "Word": "13",
    "RDate": "20200924",
    "GeneralPolarity": "1",
    "Aspects": [
      {
        "Aspect": "음량/음질",
        "SentimentText": "볼륨을 키워도 째지지않고 또렷하게 나와서 만족스럽고요~",
        "SentimentWord": "6",
        "SentimentPolarity": "1"
      },
      {
        "Aspect": "조작성",
        "SentimentText": "설치도 간단해서 저같은 기계치도 뚝딱 하네요 ㅎ",
        "SentimentWord": "7",
        "SentimentPolarity": "1"
      }
    ]
  },
  {
    "Index": "14853",
    "RawText": "역시 OOO 최고네요, 영화 감상할때 고가의 스피커 못지않게 고음과 저음을 잘 표현해 주네요. 가격도 너무 만족해요.",
    "Source": "쇼핑몰",
    "Domain": "가전",
    "MainCategory": "영상/음향가전",
    "ProductName": "JBL Bar 2.0 All in One 정품",
    "ReviewScore": "5",
    "Syllable": "65",
    "Word": "16",
    "RDate": "20200828",
    "GeneralPolarity": "1",
    "Aspects": [
      {
        "Aspect": "제조일/제조사",
        "SentimentText": "역시 OOO 최고네요",
        "SentimentWord": "3",
        "SentimentPolarity": "1"
      },
      {
        "Aspect": "음량/음질",
        "SentimentText": "고가의 스피커 못지않게 고음과 저음을 잘 표현해 주네요",
        "SentimentWord": "8",
        "SentimentPolarity": "1"
      },
      {
        "Aspect": "가격",
        "SentimentText": "가격도 너무 만족해요",
        "SentimentWord": "3",
        "SentimentPolarity": "1"
      }
    ]
  },
  {
    "Index": "14854",
    "RawText": "설치후 왼쪽 리어스피커가 페어링이 되지않아 당황.....as의 도움으로 해결함.그리고 표면이 뜯어져와서 기분이 좋지 않네요.",
    "Source": "쇼핑몰",
    "Domain": "가전",
    "MainCategory": "영상/음향가전",
    "ProductName": "JBL Bar 2.0 All in One 정품",
    "ReviewScore": "5",
    "Syllable": "69",
    "Word": "13",
    "RDate": "20220705",
    "GeneralPolarity": "-1",
    "Aspects": [
      {
        "Aspect": "기능",
        "SentimentText": "설치후 왼쪽 리어스피커가 페어링이 되지않아 당황....",
        "SentimentWord": "6",
        "SentimentPolarity": "-1"
      },
      {
        "Aspect": "품질",
        "SentimentText": "표면이 뜯어져와서 기분이 좋지 않네요.",
        "SentimentWord": "5",
        "SentimentPolarity": "-1"
      }
    ]
  },
  {
    "Index": "14855",
    "RawText": "배송 빠르고 정확해서 너무 좋아요 설치는 간단해서 직접 간편하게 설치가능합니다~굿 음질이 선명하니 좋아요~ 블루투스 연결기능이 좋네요!",
    "Source": "쇼핑몰",
    "Domain": "가전",
    "MainCategory": "영상/음향가전",
    "ProductName": "JBL Bar 2.0 All in One 정품",
    "ReviewScore": "5",
    "Syllable": "75",
    "Word": "16",
    "RDate": "20220119",
    "Aspects": [
      {
        "Aspect": "조작성",
        "SentimentText": "설치는 간단해서 직접 간편하게 설치가능합니다~굿",
        "SentimentWord": "5",
        "SentimentPolarity": "1"
      },
      {
        "Aspect": "음량/음질",
        "SentimentText": "음질이 선명하니 좋아요~",
        "SentimentWord": "3",
        "SentimentPolarity": "1"
      },
      {
        "Aspect": "기능",
        "SentimentText": "블루투스 연결기능이 좋네요!",
        "SentimentWord": "3",
        "SentimentPolarity": "1"
      }
    ]
  },
  {
    "Index": "14856",
    "RawText": "배송 전 연락주는 시스템 넘 좋네요 서비스굿 디자인이 세련돼서 좋아요 음질이 선명해 맘에들어 좋아요^^",
    "Source": "쇼핑몰",
    "Domain": "가전",
    "MainCategory": "영상/음향가전",
    "ProductName": "JBL Bar 2.0 All in One 정품",
    "ReviewScore": "5",
    "Syllable": "57",
    "Word": "14",
    "RDate": "20210925",
    "Aspects": [
      {
        "Aspect": "디자인",
        "SentimentText": "디자인이 세련돼서 좋아요",
        "SentimentWord": "3",
        "SentimentPolarity": "1"
      },
      {
        "Aspect": "음량/음질",
        "SentimentText": "음질이 선명해 맘에들어 좋아요^^",
        "SentimentWord": "4",
        "SentimentPolarity": "1"
      }
    ]
  },
  {
    "Index": "14857",
    "RawText": "리모컨으로도 소리조절되고 완전 쉽네요ㅎ 음질도 선명하니 매우 만족스러워요~^^",
    "Source": "쇼핑몰",
    "Domain": "가전",
    "MainCategory": "영상/음향가전",
    "ProductName": "JBL Bar 2.0 All in One 정품",
    "ReviewScore": "5",
    "Syllable": "43",
    "Word": "8",
    "RDate": "20220610",
    "Aspects": [
      {
        "Aspect": "조작성",
        "SentimentText": "리모컨으로도 소리조절되고 완전 쉽네요ㅎ",
        "SentimentWord": "4",
        "SentimentPolarity": "1"
      },
      {
        "Aspect": "음량/음질",
        "SentimentText": "음질도 선명하니 매우 만족스러워요~^^",
        "SentimentWord": "4",
        "SentimentPolarity": "1"
      }
    ]
  },
  {
    "Index": "14858",
    "RawText": "배송이 무척 빠르네요 굿~ 친절한 배송기사님 덕분에 기분도 업업! 사운드바 디자인이 아주 심플하니 이뻐요 음향성능도 빵빵 아주 좋아요~",
    "Source": "쇼핑몰",
    "Domain": "가전",
    "MainCategory": "영상/음향가전",
    "ProductName": "JBL Bar 2.0 All in One 정품",
    "ReviewScore": "5",
    "Syllable": "75",
    "Word": "18",
    "RDate": "20200723",
    "Aspects": [
      {
        "Aspect": "디자인",
        "SentimentText": "사운드바 디자인이 아주 심플하니 이뻐요",
        "SentimentWord": "5",
        "SentimentPolarity": "1"
      },
      {
        "Aspect": "음량/음질",
        "SentimentText": "음향성능도 빵빵 아주 좋아요~",
        "SentimentWord": "4",
        "SentimentPolarity": "1"
      }
    ]
  },
  {
    "Index": "14859",
    "RawText": "배송 완전 총알 짱짱! 할인행사때 저렴하게 구입하여 완전 가성비굿이에요 소리가 훨씬 선명하고 안들리던 소리도 잘 들려서 대만족이요~",
    "Source": "쇼핑몰",
    "Domain": "가전",
    "MainCategory": "영상/음향가전",
    "ProductName": "JBL Bar 2.0 All in One 정품",
    "ReviewScore": "5",
    "Syllable": "73",
    "Word": "17",
    "RDate": "20210223",
    "Aspects": [
      {
        "Aspect": "가격",
        "SentimentText": "할인행사때 저렴하게 구입하여 완전 가성비굿이에요",
        "SentimentWord": "5",
        "SentimentPolarity": "1"
      },
      {
        "Aspect": "음량/음질",
        "SentimentText": "소리가 훨씬 선명하고 안들리던 소리도 잘 들려서 대만족이요~",
        "SentimentWord": "8",
        "SentimentPolarity": "1"
      }
    ]
  },
  {
    "Index": "14860",
    "RawText": "배송은 삼일만에 왔어요 짱빠름 굿굿 설치가 어렵지 않아서 수월했습니다 굿 우퍼랑 일체형 모델인데 음질도 그럭저럭 좋네요 갓성비 입니다. 가격대비 최고네요",
    "Source": "쇼핑몰",
    "Domain": "가전",
    "MainCategory": "영상/음향가전",
    "ProductName": "JBL Bar 2.0 All in One 정품",
    "ReviewScore": "4",
    "Syllable": "85",
    "Word": "20",
    "RDate": "20210929",
    "Aspects": [
      {
        "Aspect": "조작성",
        "SentimentText": "설치가 어렵지 않아서 수월했습니다 굿",
        "SentimentWord": "5",
        "SentimentPolarity": "1"
      },
      {
        "Aspect": "가격",
        "SentimentText": "우퍼랑 일체형 모델인데 음질도 그럭저럭 좋네요 갓성비 입니다. 가격대비 최고네요 ",
        "SentimentWord": "10",
        "SentimentPolarity": "1"
      }
    ]
  },
  {
    "Index": "14861",
    "RawText": "블랙색상이라 시크한느낌이 좋아요~ 음성은 예상보다 웅장하지 않아서 아쉽 ㅠㅠ",
    "Source": "쇼핑몰",
    "Domain": "가전",
    "MainCategory": "영상/음향가전",
    "ProductName": "JBL Bar 2.0 All in One 정품",
    "ReviewScore": "5",
    "Syllable": "42",
    "Word": "9",
    "RDate": "20211024",
    "Aspects": [
      {
        "Aspect": "색상",
        "SentimentText": "블랙색상이라 시크한느낌이 좋아요~",
        "SentimentWord": "3",
        "SentimentPolarity": "1"
      },
      {
        "Aspect": "음량/음질",
        "SentimentText": "음성은 예상보다 웅장하지 않아서 아쉽 ㅠㅠ",
        "SentimentWord": "6",
        "SentimentPolarity": "-1"
      }
    ]
  },
  {
    "Index": "14862",
    "RawText": "생각보다 사이즈가 크긴크네요..... 일반 블루투스 스피커보다 음향음질이 훨씬 좋네요 만족이요~^^",
    "Source": "쇼핑몰",
    "Domain": "가전",
    "MainCategory": "영상/음향가전",
    "ProductName": "JBL Bar 2.0 All in One 정품",
    "ReviewScore": "3",
    "Syllable": "55",
    "Word": "10",
    "RDate": "20210315",
    "Aspects": [
      {
        "Aspect": "사이즈",
        "SentimentText": "생각보다 사이즈가 크긴크네요.....",
        "SentimentWord": "3",
        "SentimentPolarity": "0"
      },
      {
        "Aspect": "음량/음질",
        "SentimentText": "일반 블루투스 스피커보다 음향음질이 훨씬 좋네요 만족이요~^^",
        "SentimentWord": "7",
        "SentimentPolarity": "1"
      }
    ]
  },
  {
    "Index": "14863",
    "RawText": "가격도 저렴하게 구입했고 탁월한 선택을 한것같아 기분이 좋아요 직접설치 어렵지않아서 넘 만족해요~",
    "Source": "쇼핑몰",
    "Domain": "가전",
    "MainCategory": "영상/음향가전",
    "ProductName": "JBL Bar 2.0 All in One 정품",
    "ReviewScore": "5",
    "Syllable": "54",
    "Word": "12",
    "RDate": "20211111",
    "Aspects": [
      {
        "Aspect": "가격",
        "SentimentText": "가격도 저렴하게 구입했고 탁월한 선택을 한것같아 기분이 좋아요",
        "SentimentWord": "8",
        "SentimentPolarity": "1"
      },
      {
        "Aspect": "조작성",
        "SentimentText": "직접설치 어렵지않아서 넘 만족해요~",
        "SentimentWord": "4",
        "SentimentPolarity": "1"
      }
    ]
  },
  {
    "Index": "14864",
    "RawText": "소리는 확실히 선명하여 좋습니다 그러나 볼륨버튼기능이 미약하여 많이 키워야 하는 단점이 ㅠ아쉽",
    "Source": "쇼핑몰",
    "Domain": "가전",
    "MainCategory": "영상/음향가전",
    "ProductName": "JBL Bar 2.0 All in One 정품",
    "ReviewScore": "5",
    "Syllable": "52",
    "Word": "12",
    "RDate": "20220520",
    "GeneralPolarity": "0",
    "Aspects": [
      {
        "Aspect": "음량/음질",
        "SentimentText": "소리는 확실히 선명하여 좋습니다",
        "SentimentWord": "4",
        "SentimentPolarity": "1"
      },
      {
        "Aspect": "기능",
        "SentimentText": "그러나 볼륨버튼기능이 미약하여 많이 키워야 하는 단점이 ㅠ아쉽",
        "SentimentWord": "8",
        "SentimentPolarity": "-1"
      }
    ]
  },
  {
    "Index": "14865",
    "RawText": "소리 완전 선명하게 잘들립니다 짱짱! 외관이 깔끔하고 너무 예쁘네요",
    "Source": "쇼핑몰",
    "Domain": "가전",
    "MainCategory": "영상/음향가전",
    "ProductName": "JBL Bar 2.0 All in One 정품",
    "ReviewScore": "5",
    "Syllable": "37",
    "Word": "9",
    "RDate": "20220507",
    "Aspects": [
      {
        "Aspect": "음량/음질",
        "SentimentText": "소리 완전 선명하게 잘들립니다 짱짱!",
        "SentimentWord": "5",
        "SentimentPolarity": "1"
      },
      {
        "Aspect": "디자인",
        "SentimentText": "외관이 깔끔하고 너무 예쁘네요",
        "SentimentWord": "4",
        "SentimentPolarity": "1"
      }
    ]
  },
  {
    "Index": "14866",
    "RawText": "블루투스로 연결하여 음악듣는 기능 아주 만족합니다 현재는 유선연결시에 오류가 생겨 해결중에 있어요ㅠㅠ아쉽",
    "Source": "쇼핑몰",
    "Domain": "가전",
    "MainCategory": "영상/음향가전",
    "ProductName": "JBL Bar 2.0 All in One 정품",
    "ReviewScore": "5",
    "Syllable": "58",
    "Word": "12",
    "RDate": "20220221",
    "GeneralPolarity": "0",
    "Aspects": [
      {
        "Aspect": "기능",
        "SentimentText": "블루투스로 연결하여 음악듣는 기능 아주 만족합니다",
        "SentimentWord": "6",
        "SentimentPolarity": "1"
      },
      {
        "Aspect": "조작성",
        "SentimentText": "현재는 유선연결시에 오류가 생겨 해결중에 있어요ㅠㅠ아쉽",
        "SentimentWord": "6",
        "SentimentPolarity": "-1"
      }
    ]
  },
  {
    "Index": "14867",
    "RawText": "불량 없이 양품으로 받아서 정말 만족해요 대사가 이렇게 잘 들리다니!! 음질 너무 신기해요~ 영화 볼 맛 나요 강추~~",
    "Source": "쇼핑몰",
    "Domain": "가전",
    "MainCategory": "영상/음향가전",
    "ProductName": "JBL Bar 2.0 All in One 정품",
    "ReviewScore": "5",
    "Syllable": "66",
    "Word": "18",
    "RDate": "20200819",
    "Aspects": [
      {
        "Aspect": "품질",
        "SentimentText": "불량 없이 양품으로 받아서 정말 만족해요",
        "SentimentWord": "6",
        "SentimentPolarity": "1"
      },
      {
        "Aspect": "음량/음질",
        "SentimentText": "대사가 이렇게 잘 들리다니!! 음질 너무 신기해요~ 영화 볼 맛 나요 강추~~",
        "SentimentWord": "12",
        "SentimentPolarity": "1"
      }
    ]
  },
  {
    "Index": "14868",
    "RawText": "리모컨으로도 소리조절되고 완전 쉽네요ㅎ 기대 이상으로 사운드바 음질이 좋아서  대만족합니다요~",
    "Source": "쇼핑몰",
    "Domain": "가전",
    "MainCategory": "영상/음향가전",
    "ProductName": "JBL Bar 2.0 All in One 정품",
    "ReviewScore": "5",
    "Syllable": "52",
    "Word": "10",
    "RDate": "20220329",
    "Aspects": [
      {
        "Aspect": "조작성",
        "SentimentText": "리모컨으로도 소리조절되고 완전 쉽네요ㅎ",
        "SentimentWord": "4",
        "SentimentPolarity": "1"
      },
      {
        "Aspect": "음량/음질",
        "SentimentText": "기대 이상으로 사운드바 음질이 좋아서  대만족합니다요~",
        "SentimentWord": "6",
        "SentimentPolarity": "1"
      }
    ]
  },
  {
    "Index": "14869",
    "RawText": "빨리 배송왔습니다! 최고최고 간단하게 설정도 조작가능 하니 좋네요 소리도 선명해서 시청하기 너무 좋아요 굿굿",
    "Source": "쇼핑몰",
    "Domain": "가전",
    "MainCategory": "영상/음향가전",
    "ProductName": "JBL Bar 2.0 All in One 정품",
    "ReviewScore": "5",
    "Syllable": "60",
    "Word": "14",
    "RDate": "20211217",
    "Aspects": [
      {
        "Aspect": "조작성",
        "SentimentText": "간단하게 설정도 조작가능 하니 좋네요",
        "SentimentWord": "5",
        "SentimentPolarity": "1"
      },
      {
        "Aspect": "음량/음질",
        "SentimentText": "소리도 선명해서 시청하기 너무 좋아요 굿굿",
        "SentimentWord": "6",
        "SentimentPolarity": "1"
      }
    ]
  },
  {
    "Index": "14870",
    "RawText": "방에서 사용하는데 무게가 가벼우니 이곳저곳 옮겨 들어요 굿 음량 많이 안키워도 쩌렁쩌렁 빵빵하게 음향 잘나와요 매우만족해요~",
    "Source": "쇼핑몰",
    "Domain": "가전",
    "MainCategory": "영상/음향가전",
    "ProductName": "JBL Bar 2.0 All in One 정품",
    "ReviewScore": "5",
    "Syllable": "69",
    "Word": "16",
    "RDate": "20220512",
    "GeneralPolarity": "1",
    "Aspects": [
      {
        "Aspect": "무게",
        "SentimentText": "방에서 사용하는데 무게가 가벼우니 이곳저곳 옮겨 들어요 굿",
        "SentimentWord": "8",
        "SentimentPolarity": "1"
      },
      {
        "Aspect": "음량/음질",
        "SentimentText": "음량 많이 안키워도 쩌렁쩌렁 빵빵하게 음향 잘나와요 매우만족해요~",
        "SentimentWord": "8",
        "SentimentPolarity": "1"
      }
    ]
  },
  {
    "Index": "14871",
    "RawText": "사운드가 생각보다 강해서 너무 만족해요 가성비 좋은 제품 진짜 잘샀어요 짱 고객지원상담원들도 너무 친절하니 신뢰 완전 짱짱",
    "Source": "쇼핑몰",
    "Domain": "가전",
    "MainCategory": "영상/음향가전",
    "ProductName": "JBL Bar 2.0 All in One 정품",
    "ReviewScore": "5",
    "Syllable": "68",
    "Word": "17",
    "RDate": "20220507",
    "Aspects": [
      {
        "Aspect": "음량/음질",
        "SentimentText": "사운드가 생각보다 강해서 너무 만족해요",
        "SentimentWord": "5",
        "SentimentPolarity": "1"
      },
      {
        "Aspect": "가격",
        "SentimentText": "가성비 좋은 제품 진짜 잘샀어요 짱",
        "SentimentWord": "6",
        "SentimentPolarity": "1"
      }
    ]
  },
  {
    "Index": "14873",
    "RawText": "사운드바 생각보다 음질이 괜찮습니다 짱 단점은 사운드바 연결시 소리조절하면 숫자표시가 안뜨네요... 음량 숫자도 안나오구요 황당ㅜㅜ  플러스 마이너스표시로만 뜹니다...",
    "Source": "쇼핑몰",
    "Domain": "가전",
    "MainCategory": "영상/음향가전",
    "ProductName": "JBL Bar 2.0 All in One 정품",
    "ReviewScore": "5",
    "Syllable": "94",
    "Word": "18",
    "RDate": "20211008",
    "GeneralPolarity": "0",
    "Aspects": [
      {
        "Aspect": "음량/음질",
        "SentimentText": "사운드바 생각보다 음질이 괜찮습니다 짱",
        "SentimentWord": "5",
        "SentimentPolarity": "1"
      },
      {
        "Aspect": "기능",
        "SentimentText": "단점은 사운드바 연결시 소리조절하면 숫자표시가 안뜨네요... 음량 숫자도 안나오구요 황당ㅜㅜ  플러스 마이너스표시로만 뜹니다...",
        "SentimentWord": "13",
        "SentimentPolarity": "-1"
      }
    ]
  },
  {
    "Index": "14874",
    "RawText": "사운드바 음질 완전 좋아요 대박 짱입니다 이 제품에 이 가성비?? 완전 대만족 최고에요~~",
    "Source": "쇼핑몰",
    "Domain": "가전",
    "MainCategory": "영상/음향가전",
    "ProductName": "JBL Bar 2.0 All in One 정품",
    "ReviewScore": "5",
    "Syllable": "50",
    "Word": "13",
    "RDate": "20200826",
    "GeneralPolarity": "1",
    "Aspects": [
      {
        "Aspect": "음량/음질",
        "SentimentText": "사운드바 음질 완전 좋아요 대박 짱입니다",
        "SentimentWord": "6",
        "SentimentPolarity": "1"
      },
      {
        "Aspect": "가격",
        "SentimentText": "이 제품에 이 가성비?? 완전 대만족 최고에요~~",
        "SentimentWord": "7",
        "SentimentPolarity": "1"
      }
    ]
  },
  {
    "Index": "14875",
    "RawText": "사이즈가 모니터랑 아주 딱 맞으니 좋아요~^^ 음질은 기대한것 보다는 저음이 조금 약하네요 아쉬워요 ㅠㅠ",
    "Source": "쇼핑몰",
    "Domain": "가전",
    "MainCategory": "영상/음향가전",
    "ProductName": "JBL Bar 2.0 All in One 정품",
    "ReviewScore": "4",
    "Syllable": "58",
    "Word": "14",
    "RDate": "20220514",
    "GeneralPolarity": "0",
    "Aspects": [
      {
        "Aspect": "사이즈",
        "SentimentText": "사이즈가 모니터랑 아주 딱 맞으니 좋아요~^^",
        "SentimentWord": "6",
        "SentimentPolarity": "1"
      },
      {
        "Aspect": "음량/음질",
        "SentimentText": "음질은 기대한것 보다는 저음이 조금 약하네요 아쉬워요 ㅠㅠ",
        "SentimentWord": "8",
        "SentimentPolarity": "0"
      }
    ]
  },
  {
    "Index": "14876",
    "RawText": "와우 음질 이거 실화입니까 완전 좋아요 이 제품 가격 대비 상당히 만족해요  아주 좋습니다요^^",
    "Source": "쇼핑몰",
    "Domain": "가전",
    "MainCategory": "영상/음향가전",
    "ProductName": "JBL Bar 2.0 All in One 정품",
    "ReviewScore": "5",
    "Syllable": "53",
    "Word": "14",
    "RDate": "20200905",
    "GeneralPolarity": "1",
    "Aspects": [
      {
        "Aspect": "음량/음질",
        "SentimentText": "와우 음질 이거 실화입니까 완전 좋아요",
        "SentimentWord": "6",
        "SentimentPolarity": "1"
      },
      {
        "Aspect": "가격",
        "SentimentText": "이 제품 가격 대비 상당히 만족해요  아주 좋습니다요^^",
        "SentimentWord": "8",
        "SentimentPolarity": "1"
      }
    ]
  },
  {
    "Index": "14877",
    "RawText": "직접 확인 전화도 주시고 빠르게 배송와서 완전 만족해요 짱 음질은 저음에서 고음까지 깔끔한 소리 제공으로 귀가 아주 만족합니다요~ 이 가격에 이정도 퀄리티라니 아주 만족합니다 음질도 이정도면 아주 좋아요 ^^",
    "Source": "쇼핑몰",
    "Domain": "가전",
    "MainCategory": "영상/음향가전",
    "ProductName": "JBL Bar 2.0 All in One 정품",
    "ReviewScore": "5",
    "Syllable": "116",
    "Word": "29",
    "RDate": "20200726",
    "Aspects": [
      {
        "Aspect": "음량/음질",
        "SentimentText": "음질은 저음에서 고음까지 깔끔한 소리 제공으로 귀가 아주 만족합니다요~",
        "SentimentWord": "9",
        "SentimentPolarity": "1"
      },
      {
        "Aspect": "가격",
        "SentimentText": "이 가격에 이정도 퀄리티라니 아주 만족합니다",
        "SentimentWord": "6",
        "SentimentPolarity": "1"
      },
      {
        "Aspect": "음량/음질",
        "SentimentText": "음질도 이정도면 아주 좋아요 ^^ ",
        "SentimentWord": "5",
        "SentimentPolarity": "1"
      }
    ]
  },
  {
    "Index": "14878",
    "RawText": "TV소리보다 음질이 확실히 좋습니다 짱 그런데 베이스가 약하게 들리는 점이 아쉬워요 ㅠㅠ",
    "Source": "쇼핑몰",
    "Domain": "가전",
    "MainCategory": "영상/음향가전",
    "ProductName": "JBL Bar 2.0 All in One 정품",
    "ReviewScore": "4",
    "Syllable": "49",
    "Word": "12",
    "RDate": "20210319",
    "GeneralPolarity": "0",
    "Aspects": [
      {
        "Aspect": "음량/음질",
        "SentimentText": "TV소리보다 음질이 확실히 좋습니다 짱",
        "SentimentWord": "5",
        "SentimentPolarity": "1"
      },
      {
        "Aspect": "음량/음질",
        "SentimentText": "그런데 베이스가 약하게 들리는 점이 아쉬워요 ㅠㅠ",
        "SentimentWord": "7",
        "SentimentPolarity": "-1"
      }
    ]
  },
  {
    "Index": "14879",
    "RawText": "OOO리모컨으로 기기 세개가 동시에 작동가능해서 편하니 너무 좋아요~~ 음질도 기존 tv스피커에 비해 월등히 좋아 귀호강합니다 최고~!",
    "Source": "쇼핑몰",
    "Domain": "가전",
    "MainCategory": "영상/음향가전",
    "ProductName": "JBL Bar 2.0 All in One 정품",
    "ReviewScore": "5",
    "Syllable": "75",
    "Word": "16",
    "RDate": "20220717",
    "GeneralPolarity": "1",
    "Aspects": [
      {
        "Aspect": "편의성",
        "SentimentText": "OOO리모컨으로 기기 세개가 동시에 작동가능해서 편하니 너무 좋아요~~",
        "SentimentWord": "8",
        "SentimentPolarity": "1"
      },
      {
        "Aspect": "음량/음질",
        "SentimentText": "음질도 기존 tv스피커에 비해 월등히 좋아 귀호강합니다 최고~!",
        "SentimentWord": "8",
        "SentimentPolarity": "1"
      }
    ]
  },
  {
    "Index": "14880",
    "RawText": "디자인은 진짜 깔끔하고 딱 맘에 들어요~ 스피커는 역시 음향기기전문 제품이라 음질이 아주 진리입니다 만족해요^^",
    "Source": "쇼핑몰",
    "Domain": "가전",
    "MainCategory": "영상/음향가전",
    "ProductName": "JBL Bar 2.0 All in One 정품",
    "ReviewScore": "5",
    "Syllable": "62",
    "Word": "14",
    "RDate": "20220216",
    "Aspects": [
      {
        "Aspect": "디자인",
        "SentimentText": "디자인은 진짜 깔끔하고 딱 맘에 들어요~",
        "SentimentWord": "6",
        "SentimentPolarity": "1"
      },
      {
        "Aspect": "음량/음질",
        "SentimentText": "스피커는 역시 음향기기전문 제품이라 음질이 아주 진리입니다 만족해요^^",
        "SentimentWord": "8",
        "SentimentPolarity": "1"
      }
    ]
  },
  {
    "Index": "14881",
    "RawText": "디자인은 진짜 깔끔하고 딱 맘에 들어요^^ hdmi, 전원연결하니 btv리모컨으로도 소리조절되고 완전 쉬워요",
    "Source": "쇼핑몰",
    "Domain": "가전",
    "MainCategory": "영상/음향가전",
    "ProductName": "JBL Bar 2.0 All in One 정품",
    "ReviewScore": "5",
    "Syllable": "60",
    "Word": "12",
    "RDate": "20220119",
    "Aspects": [
      {
        "Aspect": "디자인",
        "SentimentText": "디자인은 진짜 깔끔하고 딱 맘에 들어요^^",
        "SentimentWord": "6",
        "SentimentPolarity": "1"
      },
      {
        "Aspect": "조작성",
        "SentimentText": " hdmi, 전원연결하니 btv리모컨으로도 소리조절되고 완전 쉬워요",
        "SentimentWord": "6",
        "SentimentPolarity": "1"
      }
    ]
  },
  {
    "Index": "14882",
    "RawText": "설명서는 한글로 된 게 없으나 설치간단하여 설명서 없어도 되서 만족^^ 작은 덩치에  비해 꽉찬 울림과 소리가 아주 귀호강하네요~ 만족^^",
    "Source": "쇼핑몰",
    "Domain": "가전",
    "MainCategory": "영상/음향가전",
    "ProductName": "JBL Bar 2.0 All in One 정품",
    "ReviewScore": "5",
    "Syllable": "77",
    "Word": "19",
    "RDate": "20200722",
    "Aspects": [
      {
        "Aspect": "제품구성",
        "SentimentText": "설명서는 한글로 된 게 없으나 설치간단하여 설명서 없어도 되서 만족^^",
        "SentimentWord": "10",
        "SentimentPolarity": "1"
      },
      {
        "Aspect": "음량/음질",
        "SentimentText": "작은 덩치에  비해 꽉찬 울림과 소리가 아주 귀호강하네요~ 만족^^",
        "SentimentWord": "9",
        "SentimentPolarity": "1"
      }
    ]
  },
  {
    "Index": "14883",
    "RawText": "소리 키울수록 출력이 딸려서 소리뭉개지고 찢어지네요ㅠㅠ 그래도 사려고 봐둔 제품 직접 써보니 역시 퀄리티 좋네요 많이 파세요~~",
    "Source": "쇼핑몰",
    "Domain": "가전",
    "MainCategory": "영상/음향가전",
    "ProductName": "JBL Bar 2.0 All in One 정품",
    "ReviewScore": "4",
    "Syllable": "71",
    "Word": "17",
    "RDate": "20210501",
    "Aspects": [
      {
        "Aspect": "기능",
        "SentimentText": "소리 키울수록 출력이 딸려서 소리뭉개지고 찢어지네요ㅠㅠ",
        "SentimentWord": "6",
        "SentimentPolarity": "-1"
      },
      {
        "Aspect": "품질",
        "SentimentText": "그래도 사려고 봐둔 제품 직접 써보니 역시 퀄리티 좋네요 많이 파세요~~",
        "SentimentWord": "11",
        "SentimentPolarity": "1"
      }
    ]
  },
  {
    "Index": "14885",
    "RawText": "가격도 저렴하니 가성비킹입니다~굿  만족할 만한 음질이에요~굿 ",
    "Source": "쇼핑몰",
    "Domain": "가전",
    "MainCategory": "영상/음향가전",
    "ProductName": "JBL Bar 2.0 All in One 정품",
    "ReviewScore": "5",
    "Syllable": "35",
    "Word": "6",
    "RDate": "20220311",
    "Aspects": [
      {
        "Aspect": "가격",
        "SentimentText": "가격도 저렴하니 가성비킹입니다~굿",
        "SentimentWord": "3",
        "SentimentPolarity": "1"
      },
      {
        "Aspect": "음량/음질",
        "SentimentText": "만족할 만한 음질이에요~굿",
        "SentimentWord": "3",
        "SentimentPolarity": "1"
      }
    ]
  },
  {
    "Index": "14886",
    "RawText": "직접설치하는데 복잡하니 애로사항이 많아서 힘들었어요 ㅠ 일단 설명서가 넘부실해서 전화해보니 설명서 추가본 메일로 보내주셔서 잘 해결했네요 휴우 만족^^ 그리고 전원선은 불필요하게 4개나 있어요..  그돈으로 가격인하하지 넘 낭비적이네요",
    "Source": "쇼핑몰",
    "Domain": "가전",
    "MainCategory": "영상/음향가전",
    "ProductName": "JBL Bar 2.0 All in One 정품",
    "ReviewScore": "4",
    "Syllable": "131",
    "Word": "27",
    "RDate": "20220115",
    "Aspects": [
      {
        "Aspect": "조작성",
        "SentimentText": "직접설치하는데 복잡하니 애로사항이 많아서 힘들었어요 ㅠ",
        "SentimentWord": "6",
        "SentimentPolarity": "-1"
      },
      {
        "Aspect": "제품구성",
        "SentimentText": "그리고 전원선은 불필요하게 4개나 있어요..  그돈으로 가격인하하지 넘 낭비적이네요",
        "SentimentWord": "9",
        "SentimentPolarity": "-1"
      }
    ]
  },
  {
    "Index": "14887",
    "RawText": "생각보다 일찍 와서 넘 좋아요~ 직접설치가 꽤 쉬워서 금방 설치했어요 굿~ 소리도 체크해봤는데 음질이 상당히 괜찮네요^^ 만족!",
    "Source": "쇼핑몰",
    "Domain": "가전",
    "MainCategory": "영상/음향가전",
    "ProductName": "JBL Bar 2.0 All in One 정품",
    "ReviewScore": "4",
    "Syllable": "71",
    "Word": "17",
    "RDate": "20210224",
    "Aspects": [
      {
        "Aspect": "조작성",
        "SentimentText": "직접설치가 꽤 쉬워서 금방 설치했어요 굿~",
        "SentimentWord": "6",
        "SentimentPolarity": "1"
      },
      {
        "Aspect": "음량/음질",
        "SentimentText": "소리도 체크해봤는데 음질이 상당히 괜찮네요^^ 만족!",
        "SentimentWord": "6",
        "SentimentPolarity": "1"
      }
    ]
  },
  {
    "Index": "14888",
    "RawText": "생각보다 사이즈가 아담해서 귀엽네요 꺅~^^ 사운드는 그에비해 엄청 크네요 짱 만족^^ 그리고 다 좋은데 아쉬운점은 볼륨 조절할때 시각적으로 보이는게 따로 없어서 그게 조금 아쉽습니다 ㅠ",
    "Source": "쇼핑몰",
    "Domain": "가전",
    "MainCategory": "영상/음향가전",
    "ProductName": "JBL Bar 2.0 All in One 정품",
    "ReviewScore": "5",
    "Syllable": "104",
    "Word": "25",
    "RDate": "20210708",
    "GeneralPolarity": "1",
    "Aspects": [
      {
        "Aspect": "사이즈",
        "SentimentText": "생각보다 사이즈가 아담해서 귀엽네요 꺅~^^",
        "SentimentWord": "5",
        "SentimentPolarity": "1"
      },
      {
        "Aspect": "음량/음질",
        "SentimentText": "사운드는 그에비해 엄청 크네요 짱 만족^^",
        "SentimentWord": "6",
        "SentimentPolarity": "1"
      },
      {
        "Aspect": "기능",
        "SentimentText": "그리고 다 좋은데 아쉬운점은 볼륨 조절할때 시각적으로 보이는게 따로 없어서 그게 조금 아쉽습니다 ㅠ",
        "SentimentWord": "14",
        "SentimentPolarity": "-1"
      }
    ]
  },
  {
    "Index": "14889",
    "RawText": "심플하고 모던한 디자인 최고~ 블루투스로 소리연결하고 상품설치하는 법이 꽤 간단해서 좋아요~",
    "Source": "쇼핑몰",
    "Domain": "가전",
    "MainCategory": "영상/음향가전",
    "ProductName": "JBL Bar 2.0 All in One 정품",
    "ReviewScore": "4",
    "Syllable": "51",
    "Word": "11",
    "RDate": "20220120",
    "Aspects": [
      {
        "Aspect": "디자인",
        "SentimentText": "심플하고 모던한 디자인 최고~",
        "SentimentWord": "4",
        "SentimentPolarity": "1"
      },
      {
        "Aspect": "조작성",
        "SentimentText": "블루투스로 소리연결하고 상품설치하는 법이 꽤 간단해서 좋아요~",
        "SentimentWord": "7",
        "SentimentPolarity": "1"
      }
    ]
  },
  {
    "Index": "14890",
    "RawText": "미니멀한 디자인 이쁘네요~ 옆에서 보는데 너무 어려워서 안그랬으면 저혼자 완전 헤맬정도로 어려운 설치네요ㅎ",
    "Source": "쇼핑몰",
    "Domain": "가전",
    "MainCategory": "영상/음향가전",
    "ProductName": "JBL Bar 2.0 All in One 정품",
    "ReviewScore": "5",
    "Syllable": "59",
    "Word": "13",
    "RDate": "20200904",
    "Aspects": [
      {
        "Aspect": "디자인",
        "SentimentText": "미니멀한 디자인 이쁘네요~",
        "SentimentWord": "3",
        "SentimentPolarity": "1"
      },
      {
        "Aspect": "조작성",
        "SentimentText": "옆에서 보는데 너무 어려워서 안그랬으면 저혼자 완전 헤맬정도로 어려운 설치네요ㅎ",
        "SentimentWord": "10",
        "SentimentPolarity": "-1"
      }
    ]
  },
  {
    "Index": "14891",
    "RawText": "음질음향 성능은 꽤 괜찮아서 맘에 들어요 그치만 블루투스 절전모드가 바로 돼서 좀 불편하니 화가 나네요;",
    "Source": "쇼핑몰",
    "Domain": "가전",
    "MainCategory": "영상/음향가전",
    "ProductName": "JBL Bar 2.0 All in One 정품",
    "ReviewScore": "4",
    "Syllable": "58",
    "Word": "15",
    "RDate": "20220427",
    "GeneralPolarity": "0",
    "Aspects": [
      {
        "Aspect": "음량/음질",
        "SentimentText": "음질음향 성능은 꽤 괜찮아서 맘에 들어요",
        "SentimentWord": "6",
        "SentimentPolarity": "1"
      },
      {
        "Aspect": "편의성",
        "SentimentText": "그치만 블루투스 절전모드가 바로 돼서 좀 불편하니 화가 나네요;",
        "SentimentWord": "9",
        "SentimentPolarity": "-1"
      }
    ]
  },
  {
    "Index": "14892",
    "RawText": "소리 장난아니게 좋아요 와 음악 감상은 두말할것도 없구요 방송에서 나오는 사람 말소리 까지도 아주 명확하고 깨끗하게 잘들립니다 굳 소비전력이 좋은 제품이라 쓰는데 안심할수있어요 짱짱",
    "Source": "쇼핑몰",
    "Domain": "가전",
    "MainCategory": "영상/음향가전",
    "ProductName": "JBL Bar 2.0 All in One 정품",
    "ReviewScore": "5",
    "Syllable": "101",
    "Word": "24",
    "RDate": "20220715",
    "GeneralPolarity": "1",
    "Aspects": [
      {
        "Aspect": "음량/음질",
        "SentimentText": "소리 장난아니게 좋아요 와 음악 감상은 두말할것도 없구요 방송에서 나오는 사람 말소리 까지도 아주 명확하고 깨끗하게 잘들립니다 굳",
        "SentimentWord": "18",
        "SentimentPolarity": "1"
      },
      {
        "Aspect": "소비전력",
        "SentimentText": "소비전력이 좋은 제품이라 쓰는데 안심할수있어요 짱짱",
        "SentimentWord": "6",
        "SentimentPolarity": "1"
      }
    ]
  },
  {
    "Index": "14893",
    "RawText": "소리를 키워도 음질 전혀 깨지지 않아서 좋아요 저음도 웅웅 거림없이 깨끗!! 대만족^^ 이제품에 이가격이라니 가성비 정말 최고입니다~",
    "Source": "쇼핑몰",
    "Domain": "가전",
    "MainCategory": "영상/음향가전",
    "ProductName": "JBL Bar 2.0 All in One 정품",
    "ReviewScore": "5",
    "Syllable": "74",
    "Word": "17",
    "RDate": "20210406",
    "GeneralPolarity": "1",
    "Aspects": [
      {
        "Aspect": "음량/음질",
        "SentimentText": "소리를 키워도 음질 전혀 깨지지 않아서 좋아요 저음도 웅웅 거림없이 깨끗!! 대만족^^",
        "SentimentWord": "12",
        "SentimentPolarity": "1"
      },
      {
        "Aspect": "가격",
        "SentimentText": "이제품에 이가격이라니 가성비 정말 최고입니다~",
        "SentimentWord": "5",
        "SentimentPolarity": "1"
      }
    ]
  },
  {
    "Index": "14894",
    "RawText": "소리가 엄청 좋네요 만족이요~ 블루투스 기능도 있어서 잘 듣고있어요^^",
    "Source": "쇼핑몰",
    "Domain": "가전",
    "MainCategory": "영상/음향가전",
    "ProductName": "JBL Bar 2.0 All in One 정품",
    "ReviewScore": "5",
    "Syllable": "39",
    "Word": "9",
    "RDate": "20220606",
    "GeneralPolarity": "1",
    "Aspects": [
      {
        "Aspect": "음량/음질",
        "SentimentText": "소리가 엄청 좋네요 만족이요~",
        "SentimentWord": "4",
        "SentimentPolarity": "1"
      },
      {
        "Aspect": "기능",
        "SentimentText": "블루투스 기능도 있어서 잘 듣고있어요^^",
        "SentimentWord": "5",
        "SentimentPolarity": "1"
      }
    ]
  },
  {
    "Index": "14896",
    "RawText": "기능도 많고 가격도 저렴하니 가성비로는 최고인것같습니다^^ 다만 티비연결했을때 사운드가 멀게느껴지기도하고 정확하게 잘 안들리는 것같아서 아쉽네요 전원이 들어오는건지 알 수없고 현재 설정이나 볼륨정도가 어느정도인지 알 수없는점이 별로입니다.",
    "Source": "쇼핑몰",
    "Domain": "가전",
    "MainCategory": "영상/음향가전",
    "ProductName": "JBL Bar 2.0 All in One 정품",
    "ReviewScore": "4",
    "Syllable": "133",
    "Word": "26",
    "RDate": "20201124",
    "GeneralPolarity": "-1",
    "Aspects": [
      {
        "Aspect": "가격",
        "SentimentText": "기능도 많고 가격도 저렴하니 가성비로는 최고인것같습니다^^",
        "SentimentWord": "6",
        "SentimentPolarity": "1"
      },
      {
        "Aspect": "음량/음질",
        "SentimentText": "다만 티비연결했을때 사운드가 멀게느껴지기도하고 정확하게 잘 안들리는 것같아서 아쉽네요",
        "SentimentWord": "9",
        "SentimentPolarity": "-1"
      },
      {
        "Aspect": "기능",
        "SentimentText": "전원이 들어오는건지 알 수없고 현재 설정이나 볼륨정도가 어느정도인지 알 수없는점이 별로입니다.  ",
        "SentimentWord": "11",
        "SentimentPolarity": "-1"
      }
    ]
  },
  {
    "Index": "14897",
    "RawText": "사람 목소리까지 선명하게 잘 들리니 너무 좋네요 굳 좋은상품 싸게 잘 구매했어요 완전 가성비 제품맞습니다~!^^",
    "Source": "쇼핑몰",
    "Domain": "가전",
    "MainCategory": "영상/음향가전",
    "ProductName": "JBL Bar 2.0 All in One 정품",
    "ReviewScore": "5",
    "Syllable": "62",
    "Word": "15",
    "RDate": "20210512",
    "GeneralPolarity": "1",
    "Aspects": [
      {
        "Aspect": "음량/음질",
        "SentimentText": "사람 목소리까지 선명하게 잘 들리니 너무 좋네요 굳",
        "SentimentWord": "8",
        "SentimentPolarity": "1"
      },
      {
        "Aspect": "가격",
        "SentimentText": "좋은상품 싸게 잘 구매했어요 완전 가성비 제품맞습니다~!^^",
        "SentimentWord": "7",
        "SentimentPolarity": "1"
      }
    ]
  },
  {
    "Index": "14898",
    "RawText": "약간 사운드가 예상보다 부족한것같아요 아쉽...ㅠㅠ 설치가 그리 어렵지는 않았어요~",
    "Source": "쇼핑몰",
    "Domain": "가전",
    "MainCategory": "영상/음향가전",
    "ProductName": "JBL Bar 2.0 All in One 정품",
    "ReviewScore": "4",
    "Syllable": "46",
    "Word": "9",
    "RDate": "20220803",
    "Aspects": [
      {
        "Aspect": "음량/음질",
        "SentimentText": "약간 사운드가 예상보다 부족한것같아요 아쉽...ㅠㅠ",
        "SentimentWord": "5",
        "SentimentPolarity": "-1"
      },
      {
        "Aspect": "조작성",
        "SentimentText": "설치가 그리 어렵지는 않았어요~",
        "SentimentWord": "4",
        "SentimentPolarity": "1"
      }
    ]
  },
  {
    "Index": "14900",
    "RawText": "아 배송 엄청 기다렸습니다.. 느리네요 ㅠ  리모컨이 있으니 아주 편해요 완전 만족  저렴한 가격에 좋은 제품 완전 실속구매했네요~ 감사합니다^^~",
    "Source": "쇼핑몰",
    "Domain": "가전",
    "MainCategory": "영상/음향가전",
    "ProductName": "JBL Bar 2.0 All in One 정품",
    "ReviewScore": "5",
    "Syllable": "82",
    "Word": "19",
    "RDate": "20210205",
    "Aspects": [
      {
        "Aspect": "편의성",
        "SentimentText": "리모컨이 있으니 아주 편해요 완전 만족 ",
        "SentimentWord": "6",
        "SentimentPolarity": "1"
      },
      {
        "Aspect": "가격",
        "SentimentText": "저렴한 가격에 좋은 제품 완전 실속구매했네요~ 감사합니다^^~",
        "SentimentWord": "7",
        "SentimentPolarity": "1"
      }
    ]
  },
  {
    "Index": "14901",
    "RawText": "오늘 직접설치하는데 수월하게 햇어요 굳굳 들어보니 음질 완전 깨끗하고 서라운드도 엄청 훌륭합니다 대만족^^",
    "Source": "쇼핑몰",
    "Domain": "가전",
    "MainCategory": "영상/음향가전",
    "ProductName": "JBL Bar 2.0 All in One 정품",
    "ReviewScore": "5",
    "Syllable": "59",
    "Word": "13",
    "RDate": "20200725",
    "GeneralPolarity": "1",
    "Aspects": [
      {
        "Aspect": "조작성",
        "SentimentText": "오늘 직접설치하는데 수월하게 햇어요 굳굳",
        "SentimentWord": "5",
        "SentimentPolarity": "1"
      },
      {
        "Aspect": "음량/음질",
        "SentimentText": "들어보니 음질 완전 깨끗하고 서라운드도 엄청 훌륭합니다 대만족^^",
        "SentimentWord": "8",
        "SentimentPolarity": "1"
      }
    ]
  },
  {
    "Index": "14902",
    "RawText": "소리가 확실히 다르네요 고급져요 꺅 대만족~ 한가지 불만은 전원케이블이 많아서 버리는게 반 이상이네요 ㅜㅜ흠;;",
    "Source": "쇼핑몰",
    "Domain": "가전",
    "MainCategory": "영상/음향가전",
    "ProductName": "JBL Bar 2.0 All in One 정품",
    "ReviewScore": "5",
    "Syllable": "62",
    "Word": "14",
    "RDate": "20200805",
    "GeneralPolarity": "0",
    "Aspects": [
      {
        "Aspect": "음량/음질",
        "SentimentText": "소리가 확실히 다르네요 고급져요 꺅 대만족~",
        "SentimentWord": "6",
        "SentimentPolarity": "1"
      },
      {
        "Aspect": "제품구성",
        "SentimentText": "한가지 불만은 전원케이블이 많아서 버리는게 반 이상이네요 ㅜㅜ흠;;",
        "SentimentWord": "8",
        "SentimentPolarity": "-1"
      }
    ]
  },
  {
    "Index": "14903",
    "RawText": "웅장한 소리 캬 너무 좋습니다~ 대만족! tv가 구형이라 소리가 잘 안들렸는데 설치 후 결합하니 완전 잘 들리네요 구형과도 호환되는 기능이 아주 최고에요!",
    "Source": "쇼핑몰",
    "Domain": "가전",
    "MainCategory": "영상/음향가전",
    "ProductName": "JBL Bar 2.0 All in One 정품",
    "ReviewScore": "5",
    "Syllable": "86",
    "Word": "22",
    "RDate": "20201229",
    "GeneralPolarity": "1",
    "Aspects": [
      {
        "Aspect": "음량/음질",
        "SentimentText": "웅장한 소리 캬 너무 좋습니다~ 대만족!",
        "SentimentWord": "6",
        "SentimentPolarity": "1"
      },
      {
        "Aspect": "기능",
        "SentimentText": "tv가 구형이라 소리가 잘 안들렸는데 설치 후 결합하니 완전 잘 들리네요 구형과도 호환되는 기능이 아주 최고에요!",
        "SentimentWord": "16",
        "SentimentPolarity": "1"
      }
    ]
  },
  {
    "Index": "14904",
    "RawText": "음감용으로는 비추입니다.. 입체음향이 생각보다 그래요.. 그래도 TV보는데 이정도면 음질음향 매우 훌륭해요 추천!",
    "Source": "쇼핑몰",
    "Domain": "가전",
    "MainCategory": "영상/음향가전",
    "ProductName": "JBL Bar 2.0 All in One 정품",
    "ReviewScore": "5",
    "Syllable": "63",
    "Word": "12",
    "RDate": "20210324",
    "GeneralPolarity": "0",
    "Aspects": [
      {
        "Aspect": "음량/음질",
        "SentimentText": "음감용으로는 비추입니다.. 입체음향이 생각보다 그래요..",
        "SentimentWord": "5",
        "SentimentPolarity": "-1"
      },
      {
        "Aspect": "음량/음질",
        "SentimentText": "그래도 TV보는데 이정도면 음질음향 매우 훌륭해요 추천!",
        "SentimentWord": "7",
        "SentimentPolarity": "1"
      }
    ]
  },
  {
    "Index": "14905",
    "RawText": "음질 선명하니 넘 만족스럽습니다~ 배송속도도 너무 빨라 좋아요 최고 만족~ 매뉴얼을 같이 안줘가지고 직접 찾아야되는점이 참 아쉽네요ㅠㅠ",
    "Source": "쇼핑몰",
    "Domain": "가전",
    "MainCategory": "영상/음향가전",
    "ProductName": "JBL Bar 2.0 All in One 정품",
    "ReviewScore": "5",
    "Syllable": "75",
    "Word": "17",
    "RDate": "20201107",
    "Aspects": [
      {
        "Aspect": "음량/음질",
        "SentimentText": "음질 선명하니 넘 만족스럽습니다~",
        "SentimentWord": "4",
        "SentimentPolarity": "1"
      },
      {
        "Aspect": "제품구성",
        "SentimentText": "매뉴얼을 같이 안줘가지고 직접 찾아야되는점이 참 아쉽네요ㅠㅠ",
        "SentimentWord": "7",
        "SentimentPolarity": "-1"
      }
    ]
  },
  {
    "Index": "14906",
    "RawText": "음질이 생각보다 좋아서 만족해요  리모콘도 있으니까 편리하구요~^^ ",
    "Source": "쇼핑몰",
    "Domain": "가전",
    "MainCategory": "영상/음향가전",
    "ProductName": "JBL Bar 2.0 All in One 정품",
    "ReviewScore": "5",
    "Syllable": "38",
    "Word": "7",
    "RDate": "20210207",
    "GeneralPolarity": "1",
    "Aspects": [
      {
        "Aspect": "음량/음질",
        "SentimentText": "음질이 생각보다 좋아서 만족해요",
        "SentimentWord": "4",
        "SentimentPolarity": "1"
      },
      {
        "Aspect": "편의성",
        "SentimentText": "리모콘도 있으니까 편리하구요~^^",
        "SentimentWord": "3",
        "SentimentPolarity": "1"
      }
    ]
  },
  {
    "Index": "14907",
    "RawText": "음향 설정하니 베이스쪽이 엄청 음질이 좋아서 만족해요 그런데 색상 화이트가 없는것이 아쉽네요;; ",
    "Source": "쇼핑몰",
    "Domain": "가전",
    "MainCategory": "영상/음향가전",
    "ProductName": "JBL Bar 2.0 All in One 정품",
    "ReviewScore": "5",
    "Syllable": "54",
    "Word": "12",
    "RDate": "20210612",
    "GeneralPolarity": "0",
    "Aspects": [
      {
        "Aspect": "음량/음질",
        "SentimentText": "음향 설정하니 베이스쪽이 엄청 음질이 좋아서 만족해요",
        "SentimentWord": "7",
        "SentimentPolarity": "1"
      },
      {
        "Aspect": "색상",
        "SentimentText": "그런데 색상 화이트가 없는것이 아쉽네요;;",
        "SentimentWord": "5",
        "SentimentPolarity": "-1"
      }
    ]
  },
  {
    "Index": "14909",
    "RawText": "이게 스트리밍용으로는 엄청 괜찮은 음질을 제공하네요 굿  그런데 셋탑은 왜 입모양보다 한컷씩 밀리는 느낌이 들죠 흠... 기능아쉽 ㅠㅠ",
    "Source": "쇼핑몰",
    "Domain": "가전",
    "MainCategory": "영상/음향가전",
    "ProductName": "JBL Bar 2.0 All in One 정품",
    "ReviewScore": "4",
    "Syllable": "75",
    "Word": "18",
    "RDate": "20220525",
    "GeneralPolarity": "0",
    "Aspects": [
      {
        "Aspect": "음량/음질",
        "SentimentText": "이게 스트리밍용으로는 엄청 괜찮은 음질을 제공하네요 굿 ",
        "SentimentWord": "7",
        "SentimentPolarity": "1"
      },
      {
        "Aspect": "기능",
        "SentimentText": "그런데 셋탑은 왜 입모양보다 한컷씩 밀리는 느낌이 들죠 흠... 기능아쉽 ㅠㅠ",
        "SentimentWord": "11",
        "SentimentPolarity": "-1"
      }
    ]
  },
  {
    "Index": "14910",
    "RawText": "티비자체소리가 웅장해서 사운드바 같이 켜도 사운드가 좋은지는 솔직히 모르겠어서 아쉽구요 하루써보니 동굴소리가 나서 그냥 꺼두었는데 불만족스러운 구매같아요 ㅜ ",
    "Source": "쇼핑몰",
    "Domain": "가전",
    "MainCategory": "영상/음향가전",
    "ProductName": "JBL Bar 2.0 All in One 정품",
    "ReviewScore": "3",
    "Syllable": "88",
    "Word": "18",
    "RDate": "20210321",
    "GeneralPolarity": "-1",
    "Aspects": [
      {
        "Aspect": "음량/음질",
        "SentimentText": "티비자체소리가 웅장해서 사운드바 같이 켜도 사운드가 좋은지는 솔직히 모르겠어서 아쉽구요",
        "SentimentWord": "10",
        "SentimentPolarity": "-1"
      },
      {
        "Aspect": "음량/음질",
        "SentimentText": "하루써보니 동굴소리가 나서 그냥 꺼두었는데 불만족스러운 구매같아요 ㅜ",
        "SentimentWord": "8",
        "SentimentPolarity": "-1"
      }
    ]
  },
  {
    "Index": "14911",
    "RawText": "영화관에서 보는 것같이 음질이 빵빵하니 완전 좋아요~ 무게가 덜나가서 이동하기에 좋은 제품입니다 굳",
    "Source": "쇼핑몰",
    "Domain": "가전",
    "MainCategory": "영상/음향가전",
    "ProductName": "JBL Bar 2.0 All in One 정품",
    "ReviewScore": "4",
    "Syllable": "55",
    "Word": "13",
    "RDate": "20220608",
    "GeneralPolarity": "1",
    "Aspects": [
      {
        "Aspect": "음량/음질",
        "SentimentText": "영화관에서 보는 것같이 음질이 빵빵하니 완전 좋아요~",
        "SentimentWord": "7",
        "SentimentPolarity": "1"
      },
      {
        "Aspect": "무게",
        "SentimentText": "무게가 덜나가서 이동하기에 좋은 제품입니다 굳",
        "SentimentWord": "6",
        "SentimentPolarity": "1"
      }
    ]
  },
  {
    "Index": "14913",
    "RawText": "리모컨 반응속도 느리네요 ㅠㅠ 제품 퀄리티는 확실히 좋아요 맘에 들어요~",
    "Source": "쇼핑몰",
    "Domain": "가전",
    "MainCategory": "영상/음향가전",
    "ProductName": "JBL Bar 2.0 All in One 정품",
    "ReviewScore": "5",
    "Syllable": "40",
    "Word": "10",
    "RDate": "20210314",
    "Aspects": [
      {
        "Aspect": "시간/속도",
        "SentimentText": "리모컨 반응속도 느리네요 ㅠㅠ",
        "SentimentWord": "4",
        "SentimentPolarity": "-1"
      },
      {
        "Aspect": "품질",
        "SentimentText": "제품 퀄리티는 확실히 좋아요 맘에 들어요~",
        "SentimentWord": "6",
        "SentimentPolarity": "1"
      }
    ]
  },
  {
    "Index": "14914",
    "RawText": "좋은제품 저렴하게 구매해서 기분좋습니다 블루투스로 연결해서 보는데 살짝 사이즈가 작네요 아쉽 ㅠㅠ",
    "Source": "쇼핑몰",
    "Domain": "가전",
    "MainCategory": "영상/음향가전",
    "ProductName": "JBL Bar 2.0 All in One 정품",
    "ReviewScore": "4",
    "Syllable": "54",
    "Word": "12",
    "RDate": "20210805",
    "GeneralPolarity": "0",
    "Aspects": [
      {
        "Aspect": "가격",
        "SentimentText": "좋은제품 저렴하게 구매해서 기분좋습니다",
        "SentimentWord": "4",
        "SentimentPolarity": "1"
      },
      {
        "Aspect": "사이즈",
        "SentimentText": "블루투스로 연결해서 보는데 살짝 사이즈가 작네요 아쉽 ㅠㅠ",
        "SentimentWord": "8",
        "SentimentPolarity": "-1"
      }
    ]
  },
  {
    "Index": "14915",
    "RawText": "좋은 가격에 구매해서 잘 사용하고 있어요. 설치하는 방법도 엄청 간단해서 좋고 블루투스 인식도 잘돼서 만족합니다^^",
    "Source": "쇼핑몰",
    "Domain": "가전",
    "MainCategory": "영상/음향가전",
    "ProductName": "JBL Bar 2.0 All in One 정품",
    "ReviewScore": "5",
    "Syllable": "64",
    "Word": "15",
    "RDate": "20211117",
    "GeneralPolarity": "1",
    "Aspects": [
      {
        "Aspect": "가격",
        "SentimentText": "좋은 가격에 구매해서 잘 사용하고 있어요. ",
        "SentimentWord": "6",
        "SentimentPolarity": "1"
      },
      {
        "Aspect": "조작성",
        "SentimentText": "설치하는 방법도 엄청 간단해서 좋고",
        "SentimentWord": "5",
        "SentimentPolarity": "1"
      },
      {
        "Aspect": "기능",
        "SentimentText": "블루투스 인식도 잘돼서 만족합니다^^",
        "SentimentWord": "4",
        "SentimentPolarity": "1"
      }
    ]
  },
  {
    "Index": "14916",
    "RawText": "좀더 강한사운드가 듣고싶었는데 2프로 부족한 느낌이 듭니다 ㅠㅠ 아쉽 그래도 사이즈가 생각보다 크지않고 귀여우니 맘에 들어요~",
    "Source": "쇼핑몰",
    "Domain": "가전",
    "MainCategory": "영상/음향가전",
    "ProductName": "JBL Bar 2.0 All in One 정품",
    "ReviewScore": "4",
    "Syllable": "70",
    "Word": "16",
    "RDate": "20220309",
    "GeneralPolarity": "0",
    "Aspects": [
      {
        "Aspect": "음량/음질",
        "SentimentText": "좀더 강한사운드가 듣고싶었는데 2프로 부족한 느낌이 듭니다 ㅠㅠ 아쉽",
        "SentimentWord": "9",
        "SentimentPolarity": "-1"
      },
      {
        "Aspect": "사이즈",
        "SentimentText": "그래도 사이즈가 생각보다 크지않고 귀여우니 맘에 들어요~",
        "SentimentWord": "7",
        "SentimentPolarity": "1"
      }
    ]
  },
  {
    "Index": "14917",
    "RawText": "품질이 역시 좋습니다ㅎㅎ 가격도 저렴하니까 더 만족하구요^^ 이정도 음질이면 나쁘지 않고 좋습니다 그리고 사이즈도 딱 컴퓨터용으로 만족하고 있어요~",
    "Source": "쇼핑몰",
    "Domain": "가전",
    "MainCategory": "영상/음향가전",
    "ProductName": "JBL Bar 2.0 All in One 정품",
    "ReviewScore": "5",
    "Syllable": "82",
    "Word": "18",
    "RDate": "20210504",
    "GeneralPolarity": "1",
    "Aspects": [
      {
        "Aspect": "품질",
        "SentimentText": "품질이 역시 좋습니다ㅎㅎ",
        "SentimentWord": "3",
        "SentimentPolarity": "1"
      },
      {
        "Aspect": "가격",
        "SentimentText": "가격도 저렴하니까 더 만족하구요^^",
        "SentimentWord": "4",
        "SentimentPolarity": "1"
      },
      {
        "Aspect": "음량/음질",
        "SentimentText": "이정도 음질이면 나쁘지 않고 좋습니다",
        "SentimentWord": "5",
        "SentimentPolarity": "1"
      },
      {
        "Aspect": "사이즈",
        "SentimentText": "그리고 사이즈도 딱 컴퓨터용으로 만족하고 있어요~",
        "SentimentWord": "6",
        "SentimentPolarity": "1"
      }
    ]
  },
  {
    "Index": "14918",
    "RawText": "확실히 기본스피커 보단 음질이며 음향이며 아주 짱입니다 굳! 역시 OOO는 특히 베이스 적당하고 목소리 전달력이 강점인듯 캬 스피커전문업체 제품은 역시 좋아요~",
    "Source": "쇼핑몰",
    "Domain": "가전",
    "MainCategory": "영상/음향가전",
    "ProductName": "JBL Bar 2.0 All in One 정품",
    "ReviewScore": "5",
    "Syllable": "89",
    "Word": "21",
    "RDate": "20201102",
    "GeneralPolarity": "1",
    "Aspects": [
      {
        "Aspect": "음량/음질",
        "SentimentText": "확실히 기본스피커 보단 음질이며 음향이며 아주 짱입니다 굳!",
        "SentimentWord": "8",
        "SentimentPolarity": "1"
      },
      {
        "Aspect": "제조일/제조사",
        "SentimentText": "역시 OOO는 특히 베이스 적당하고 목소리 전달력이 강점인듯 캬 스피커전문업체 제품은 역시 좋아요~",
        "SentimentWord": "13",
        "SentimentPolarity": "1"
      }
    ]
  },
  {
    "Index": "14920",
    "RawText": "기존사운드바보다도 길이가 짧아 공간을덜차지하는것도 좋았고요 기존 tv스피커 소리보다 확실히 선명하고 빵빵하니 좋아요^^",
    "Source": "쇼핑몰",
    "Domain": "가전",
    "MainCategory": "영상/음향가전",
    "ProductName": "JBL Bar 2.0 All in One 정품",
    "ReviewScore": "5",
    "Syllable": "66",
    "Word": "12",
    "RDate": "20210503",
    "Aspects": [
      {
        "Aspect": "사이즈",
        "SentimentText": "기존사운드바보다도 길이가 짧아 공간을덜차지하는것도 좋았고요",
        "SentimentWord": "5",
        "SentimentPolarity": "1"
      },
      {
        "Aspect": "음량/음질",
        "SentimentText": "기존 tv스피커 소리보다 확실히 선명하고 빵빵하니 좋아요^^",
        "SentimentWord": "7",
        "SentimentPolarity": "1"
      }
    ]
  },
  {
    "Index": "14921",
    "RawText": "중소기업 티비보다 역시 음질이 확실히 좋습니다 굳 그렇지만 아무래도 올인원제품이다 보니 베이스 약한것은 아쉽네요..ㅠㅠ",
    "Source": "쇼핑몰",
    "Domain": "가전",
    "MainCategory": "영상/음향가전",
    "ProductName": "JBL Bar 2.0 All in One 정품",
    "ReviewScore": "5",
    "Syllable": "66",
    "Word": "14",
    "RDate": "20210929",
    "GeneralPolarity": "0",
    "Aspects": [
      {
        "Aspect": "음량/음질",
        "SentimentText": "중소기업 티비보다 역시 음질이 확실히 좋습니다 굳",
        "SentimentWord": "7",
        "SentimentPolarity": "1"
      },
      {
        "Aspect": "음량/음질",
        "SentimentText": "그렇지만 아무래도 올인원제품이다 보니 베이스 약한것은 아쉽네요..ㅠㅠ",
        "SentimentWord": "7",
        "SentimentPolarity": "-1"
      }
    ]
  },
  {
    "Index": "14922",
    "RawText": "다른 제품들에 비해 기능이 너무 좋네요.. 가격에 비해 음질도 완전 선명해요!",
    "Source": "쇼핑몰",
    "Domain": "가전",
    "MainCategory": "영상/음향가전",
    "ProductName": "JBL Bar 2.0 All in One 정품",
    "ReviewScore": "5",
    "Syllable": "43",
    "Word": "11",
    "RDate": "20211213",
    "GeneralPolarity": "1",
    "Aspects": [
      {
        "Aspect": "기능",
        "SentimentText": "다른 제품들에 비해 기능이 너무 좋네요..",
        "SentimentWord": "6",
        "SentimentPolarity": "1"
      },
      {
        "Aspect": "음량/음질",
        "SentimentText": "가격에 비해 음질도 완전 선명해요!",
        "SentimentWord": "5",
        "SentimentPolarity": "1"
      }
    ]
  },
  {
    "Index": "14925",
    "RawText": "타사제품과 연결할수있는 점이 최고 강점이네요 호환기능 짱짱 테스트해보니 잘 들리고 음질 넘 좋아요 몰입감까지~ 대만족",
    "Source": "쇼핑몰",
    "Domain": "가전",
    "MainCategory": "영상/음향가전",
    "ProductName": "JBL Bar 2.0 All in One 정품",
    "ReviewScore": "5",
    "Syllable": "65",
    "Word": "15",
    "RDate": "20220604",
    "GeneralPolarity": "1",
    "Aspects": [
      {
        "Aspect": "기능",
        "SentimentText": "타사제품과 연결할수있는 점이 최고 강점이네요 호환기능 짱짱",
        "SentimentWord": "7",
        "SentimentPolarity": "1"
      },
      {
        "Aspect": "음량/음질",
        "SentimentText": "테스트해보니 잘 들리고 음질 넘 좋아요 몰입감까지~ 대만족",
        "SentimentWord": "8",
        "SentimentPolarity": "1"
      }
    ]
  },
  {
    "Index": "14926",
    "RawText": "설명서 참고해서 설치해봤는데 쉽게 되고 음질도 아주 좋고 만족해요~",
    "Source": "쇼핑몰",
    "Domain": "가전",
    "MainCategory": "영상/음향가전",
    "ProductName": "JBL Bar 2.0 All in One 정품",
    "ReviewScore": "5",
    "Syllable": "37",
    "Word": "9",
    "RDate": "20210225",
    "Aspects": [
      {
        "Aspect": "조작성",
        "SentimentText": "설명서 참고해서 설치해봤는데 쉽게 되고",
        "SentimentWord": "5",
        "SentimentPolarity": "1"
      },
      {
        "Aspect": "음량/음질",
        "SentimentText": " 음질도 아주 좋고 만족해요~",
        "SentimentWord": "4",
        "SentimentPolarity": "1"
      }
    ]
  },
  {
    "Index": "14927",
    "RawText": "티비의 음량이 전에 쓰던 티비에 비교하면 확실히 좋습니다 그런데 베이스 소리가 너무 웅장하니까 듣기가 좀 그래요 ㅜ 음량 베이스 소리 조절도 할 수없어서 참 아쉽습니다.",
    "Source": "쇼핑몰",
    "Domain": "가전",
    "MainCategory": "영상/음향가전",
    "ProductName": "JBL Bar 2.0 All in One 정품",
    "ReviewScore": "4",
    "Syllable": "94",
    "Word": "25",
    "RDate": "20210211",
    "GeneralPolarity": "0",
    "Aspects": [
      {
        "Aspect": "음량/음질",
        "SentimentText": "티비의 음량이 전에 쓰던 티비에 비교하면 확실히 좋습니다",
        "SentimentWord": "8",
        "SentimentPolarity": "1"
      },
      {
        "Aspect": "음량/음질",
        "SentimentText": "그런데 베이스 소리가 너무 웅장하니까 듣기가 좀 그래요 ㅜ",
        "SentimentWord": "9",
        "SentimentPolarity": "-1"
      },
      {
        "Aspect": "기능",
        "SentimentText": "음량 베이스 소리 조절도 할 수없어서 참 아쉽습니다.",
        "SentimentWord": "8",
        "SentimentPolarity": "-1"
      }
    ]
  },
  {
    "Index": "14929",
    "RawText": "별도의 우퍼가 없어도 저음은 강하고 괜찮은 편이에요 예상외로 좋네요 그렇지만 소리의 맑음정도나 깔끔함 해상도가 기대보다는 조금 못 미치는 느낌이라 아쉽 ㅠㅠ",
    "Source": "쇼핑몰",
    "Domain": "가전",
    "MainCategory": "영상/음향가전",
    "ProductName": "JBL Bar 2.0 All in One 정품",
    "ReviewScore": "4",
    "Syllable": "87",
    "Word": "21",
    "RDate": "20210511",
    "GeneralPolarity": "0",
    "Aspects": [
      {
        "Aspect": "음량/음질",
        "SentimentText": "별도의 우퍼가 없어도 저음은 강하고 괜찮은 편이에요 예상외로 좋네요",
        "SentimentWord": "9",
        "SentimentPolarity": "1"
      },
      {
        "Aspect": "음량/음질",
        "SentimentText": "그렇지만 소리의 맑음정도나 깔끔함 해상도가 기대보다는 조금 못 미치는 느낌이라 아쉽 ㅠㅠ",
        "SentimentWord": "12",
        "SentimentPolarity": "-1"
      }
    ]
  }
]