[
  {
    "Index": "14931",
    "RawText": "컴터에 옵티컬케이블 연결해서 사용가능합니다 연결기능 짱! 음질 완전 좋습니다 굿굿~^^",
    "Source": "쇼핑몰",
    "Domain": "가전",
    "MainCategory": "영상/음향가전",
    "ProductName": "JBL Bar 2.0 All in One 정품",
    "ReviewScore": "5",
    "Syllable": "48",
    "Word": "10",
    "RDate": "20220504",
    "GeneralPolarity": "1",
    "Aspects": [
      {
        "Aspect": "기능",
        "SentimentText": "컴터에 옵티컬케이블 연결해서 사용가능합니다 연결기능 짱!",
        "SentimentWord": "6",
        "SentimentPolarity": "1"
      },
      {
        "Aspect": "음량/음질",
        "SentimentText": "음질 완전 좋습니다 굿굿~^^",
        "SentimentWord": "4",
        "SentimentPolarity": "1"
      }
    ]
  },
  {
    "Index": "14932",
    "RawText": "크기가 아주 적절하니 딱 맞아 아주 좋아요~~ 소리도 이정도면 듣기에 넘 괜찮은듯합니다 만족!! 처음 연결할때 왜 안되는지 모르겠는데 급 연결이 되서 설치가 어려웠네요 ㅠㅠ",
    "Source": "쇼핑몰",
    "Domain": "가전",
    "MainCategory": "영상/음향가전",
    "ProductName": "JBL Bar 2.0 All in One 정품",
    "ReviewScore": "4",
    "Syllable": "96",
    "Word": "24",
    "RDate": "20210219",
    "GeneralPolarity": "1",
    "Aspects": [
      {
        "Aspect": "사이즈",
        "SentimentText": "크기가 아주 적절하니 딱 맞아 아주 좋아요~~",
        "SentimentWord": "7",
        "SentimentPolarity": "1"
      },
      {
        "Aspect": "음량/음질",
        "SentimentText": "소리도 이정도면 듣기에 넘 괜찮은듯합니다 만족!!",
        "SentimentWord": "6",
        "SentimentPolarity": "1"
      },
      {
        "Aspect": "조작성",
        "SentimentText": "처음 연결할때 왜 안되는지 모르겠는데 급 연결이 되서 설치가 어려웠네요 ㅠㅠ",
        "SentimentWord": "11",
        "SentimentPolarity": "-1"
      }
    ]
  },
  {
    "Index": "14933",
    "RawText": "설정이 쉽지 않은점이 아쉬웠어요 그래도 사운드는 빵빵하니 괜찮은편입니다^^",
    "Source": "쇼핑몰",
    "Domain": "가전",
    "MainCategory": "영상/음향가전",
    "ProductName": "JBL Bar 2.0 All in One 정품",
    "ReviewScore": "4",
    "Syllable": "41",
    "Word": "8",
    "RDate": "20210509",
    "GeneralPolarity": "0",
    "Aspects": [
      {
        "Aspect": "조작성",
        "SentimentText": "설정이 쉽지 않은점이 아쉬웠어요",
        "SentimentWord": "4",
        "SentimentPolarity": "-1"
      },
      {
        "Aspect": "음량/음질",
        "SentimentText": "그래도 사운드는 빵빵하니 괜찮은편입니다^^",
        "SentimentWord": "4",
        "SentimentPolarity": "1"
      }
    ]
  },
  {
    "Index": "14935",
    "RawText": "목소리가 또렷하게 들리고 영화도 음량이 웅장하게 볼 수있으니 좋습니다. 그런데 생각보다 가벼운것같아 무게감이 없어보여 아쉬워요! ",
    "Source": "쇼핑몰",
    "Domain": "가전",
    "MainCategory": "영상/음향가전",
    "ProductName": "JBL Bar 2.0 All in One 정품",
    "ReviewScore": "5",
    "Syllable": "72",
    "Word": "15",
    "RDate": "20210713",
    "GeneralPolarity": "0",
    "Aspects": [
      {
        "Aspect": "음량/음질",
        "SentimentText": "목소리가 또렷하게 들리고 영화도 음량이 웅장하게 볼 수있으니 좋습니다.",
        "SentimentWord": "9",
        "SentimentPolarity": "1"
      },
      {
        "Aspect": "무게",
        "SentimentText": "그런데 생각보다 가벼운것같아 무게감이 없어보여 아쉬워요!",
        "SentimentWord": "6",
        "SentimentPolarity": "-1"
      }
    ]
  },
  {
    "Index": "14936",
    "RawText": "피씨에 연결했는데 중저음이 약간 부족한 느낌이 있어서 그점은 아쉬워요. 반면에 깨끗하고 좋은 소리가 나서 이점은 만족합니다. 그리고 리모컨도 작으니까 만족해요^^",
    "Source": "쇼핑몰",
    "Domain": "가전",
    "MainCategory": "영상/음향가전",
    "ProductName": "JBL Bar 2.0 All in One 정품",
    "ReviewScore": "5",
    "Syllable": "90",
    "Word": "20",
    "RDate": "20211023",
    "GeneralPolarity": "1",
    "Aspects": [
      {
        "Aspect": "음량/음질",
        "SentimentText": "피씨에 연결했는데 중저음이 약간 부족한 느낌이 있어서 그점은 아쉬워요.",
        "SentimentWord": "9",
        "SentimentPolarity": "-1"
      },
      {
        "Aspect": "음량/음질",
        "SentimentText": "반면에 깨끗하고 좋은 소리가 나서 이점은 만족합니다",
        "SentimentWord": "7",
        "SentimentPolarity": "1"
      },
      {
        "Aspect": "사이즈",
        "SentimentText": "그리고 리모컨도 작으니까 만족해요^^",
        "SentimentWord": "4",
        "SentimentPolarity": "1"
      }
    ]
  },
  {
    "Index": "14937",
    "RawText": "음향이 괜찮은 소리를 들려주어서 만족해요  다만 저음은 약한편이라 이점을 보안하고 싶으면 다른걸 구입하는 걸로 추천할 정도로 아쉽네요",
    "Source": "쇼핑몰",
    "Domain": "가전",
    "MainCategory": "영상/음향가전",
    "ProductName": "JBL Bar 2.0 All in One 정품",
    "ReviewScore": "4",
    "Syllable": "74",
    "Word": "17",
    "RDate": "20220524",
    "GeneralPolarity": "0",
    "Aspects": [
      {
        "Aspect": "음량/음질",
        "SentimentText": "음향이 괜찮은 소리를 들려주어서 만족해요",
        "SentimentWord": "5",
        "SentimentPolarity": "1"
      },
      {
        "Aspect": "음량/음질",
        "SentimentText": "다만 저음은 약한편이라 이점을 보안하고 싶으면 다른걸 구입하는 걸로 추천할 정도로 아쉽네요",
        "SentimentWord": "12",
        "SentimentPolarity": "-1"
      }
    ]
  },
  {
    "Index": "14938",
    "RawText": "행사가로 구입해서 가격은 저렴한점 만족합니다. 그런데 배송이 많이 늦어서 실망ㅠ 설치하고 보니 디자인도 마음에들고 만족해요~ ",
    "Source": "쇼핑몰",
    "Domain": "가전",
    "MainCategory": "영상/음향가전",
    "ProductName": "JBL Bar 2.0 All in One 정품",
    "ReviewScore": "5",
    "Syllable": "70",
    "Word": "15",
    "RDate": "20210309",
    "Aspects": [
      {
        "Aspect": "가격",
        "SentimentText": "행사가로 구입해서 가격은 저렴한점 만족합니다",
        "SentimentWord": "5",
        "SentimentPolarity": "1"
      },
      {
        "Aspect": "디자인",
        "SentimentText": "설치하고 보니 디자인도 마음에들고 만족해요~",
        "SentimentWord": "5",
        "SentimentPolarity": "1"
      }
    ]
  },
  {
    "Index": "14940",
    "RawText": "1.아담한 사이즈(86인치 사용중)라 만족2. 당연히 티비보다는 음질이 좋아서 만족3. 베이스도 웅장하고 좋아요4. 가장 중요한 OOO 인식이 안되어 불만족",
    "Source": "쇼핑몰",
    "Domain": "가전",
    "MainCategory": "영상/음향가전",
    "ProductName": "JBL BAR 5.0 MULTIBEAM 정품",
    "ReviewScore": "5",
    "Syllable": "87",
    "Word": "18",
    "RDate": "20220213",
    "GeneralPolarity": "1",
    "Aspects": [
      {
        "Aspect": "사이즈",
        "SentimentText": "1.아담한 사이즈(86인치 사용중)라 만족",
        "SentimentWord": "4",
        "SentimentPolarity": "1"
      },
      {
        "Aspect": "음량/음질",
        "SentimentText": "2. 당연히 티비보다는 음질이 좋아서 만족",
        "SentimentWord": "6",
        "SentimentPolarity": "1"
      },
      {
        "Aspect": "음량/음질",
        "SentimentText": "3. 베이스도 웅장하고 좋아요",
        "SentimentWord": "4",
        "SentimentPolarity": "1"
      },
      {
        "Aspect": "기능",
        "SentimentText": "4. 가장 중요한 OOO 인식이 안되어 불만족",
        "SentimentWord": "7",
        "SentimentPolarity": "-1"
      }
    ]
  },
  {
    "Index": "14947",
    "RawText": "생동감있는 사운드에 완전 만족스러워요^^ 그런데 부실해 보이는 단점이 있어서 그점은 아쉽네요",
    "Source": "쇼핑몰",
    "Domain": "가전",
    "MainCategory": "영상/음향가전",
    "ProductName": "JBL BAR 5.0 MULTIBEAM 정품",
    "ReviewScore": "5",
    "Syllable": "51",
    "Word": "11",
    "RDate": "20220603",
    "GeneralPolarity": "0",
    "Aspects": [
      {
        "Aspect": "음량/음질",
        "SentimentText": "생동감있는 사운드에 완전 만족스러워요^^",
        "SentimentWord": "4",
        "SentimentPolarity": "1"
      },
      {
        "Aspect": "내구성",
        "SentimentText": "그런데 부실해 보이는 단점이 있어서 그점은 아쉽네요",
        "SentimentWord": "7",
        "SentimentPolarity": "-1"
      }
    ]
  },
  {
    "Index": "14950",
    "RawText": "사운드바에서 모니터로 연결하거니 컴퓨터 본체에서 사운드바로 연결해도 바로 로딩이 잘되어서 만족해요 그리고 소리도 깨끗하게 기대했던만큼 만족합니다~ ",
    "Source": "쇼핑몰",
    "Domain": "가전",
    "MainCategory": "영상/음향가전",
    "ProductName": "JBL BAR 5.0 MULTIBEAM 정품",
    "ReviewScore": "5",
    "Syllable": "82",
    "Word": "16",
    "RDate": "20220604",
    "GeneralPolarity": "1",
    "Aspects": [
      {
        "Aspect": "조작성",
        "SentimentText": "사운드바에서 모니터로 연결하거니 컴퓨터 본체에서 사운드바로 연결해도 바로 로딩이 잘되어서 만족해요",
        "SentimentWord": "11",
        "SentimentPolarity": "1"
      },
      {
        "Aspect": "음량/음질",
        "SentimentText": "그리고 소리도 깨끗하게 기대했던만큼 만족합니다~",
        "SentimentWord": "5",
        "SentimentPolarity": "1"
      }
    ]
  },
  {
    "Index": "14952",
    "RawText": "사운드바 품질이 아주 좋습니다. 디자인이 깔끔하니까 good!! 소리도 빵빵해서 만족스러워요!!",
    "Source": "쇼핑몰",
    "Domain": "가전",
    "MainCategory": "영상/음향가전",
    "ProductName": "JBL BAR 5.0 MULTIBEAM 정품",
    "ReviewScore": "5",
    "Syllable": "53",
    "Word": "10",
    "RDate": "20220309",
    "GeneralPolarity": "1",
    "Aspects": [
      {
        "Aspect": "품질",
        "SentimentText": "사운드바 품질이 아주 좋습니다.",
        "SentimentWord": "4",
        "SentimentPolarity": "1"
      },
      {
        "Aspect": "디자인",
        "SentimentText": "디자인이 깔끔하니까 good!!",
        "SentimentWord": "3",
        "SentimentPolarity": "1"
      },
      {
        "Aspect": "음량/음질",
        "SentimentText": "소리도 빵빵해서 만족스러워요!!",
        "SentimentWord": "3",
        "SentimentPolarity": "1"
      }
    ]
  },
  {
    "Index": "14953",
    "RawText": "사운드바 작아서 소리가 얼마나 크겠어 했지만 와~ 소리 멀리 퍼지고 듣기에도 좋습니다. arc연동으로 사용하는데 느림없이 잘됩니다. 그리고 배송도 빠르게 해주셔서 감사해요 ",
    "Source": "쇼핑몰",
    "Domain": "가전",
    "MainCategory": "영상/음향가전",
    "ProductName": "JBL BAR 5.0 MULTIBEAM 정품",
    "ReviewScore": "5",
    "Syllable": "96",
    "Word": "21",
    "RDate": "20220723",
    "Aspects": [
      {
        "Aspect": "음량/음질",
        "SentimentText": "사운드바 작아서 소리가 얼마나 크겠어 했지만 와~ 소리 멀리 퍼지고 듣기에도 좋습니다",
        "SentimentWord": "12",
        "SentimentPolarity": "1"
      },
      {
        "Aspect": "기능",
        "SentimentText": "arc연동으로 사용하는데 느림없이 잘됩니다.",
        "SentimentWord": "4",
        "SentimentPolarity": "1"
      }
    ]
  },
  {
    "Index": "14957",
    "RawText": "영화나 인터넷방송볼때 음량 사운드가 좋아서 감동이 배가 됩니다. 좋아요 그런데 튼튼해보이지 않는 점이 아쉽네요",
    "Source": "쇼핑몰",
    "Domain": "가전",
    "MainCategory": "영상/음향가전",
    "ProductName": "JBL BAR 5.0 MULTIBEAM 정품",
    "ReviewScore": "5",
    "Syllable": "61",
    "Word": "14",
    "RDate": "20220603",
    "GeneralPolarity": "0",
    "Aspects": [
      {
        "Aspect": "음량/음질",
        "SentimentText": "영화나 인터넷방송볼때 음량 사운드가 좋아서 감동이 배가 됩니다. 좋아요",
        "SentimentWord": "9",
        "SentimentPolarity": "1"
      },
      {
        "Aspect": "내구성",
        "SentimentText": "그런데 튼튼해보이지 않는 점이 아쉽네요",
        "SentimentWord": "5",
        "SentimentPolarity": "-1"
      }
    ]
  },
  {
    "Index": "14959",
    "RawText": "딱 그 수준의 음질이예요 나쁘지도 않고 고급지지도 않는요!! 그러나 방에서 편하게 쓰기는 좋아서 만족합니다. ",
    "Source": "쇼핑몰",
    "Domain": "가전",
    "MainCategory": "영상/음향가전",
    "ProductName": "JBL BAR 5.0 MULTIBEAM 정품",
    "ReviewScore": "4",
    "Syllable": "61",
    "Word": "14",
    "RDate": "20220212",
    "GeneralPolarity": "0",
    "Aspects": [
      {
        "Aspect": "음량/음질",
        "SentimentText": "딱 그 수준의 음질이예요 나쁘지도 않고 고급지지도 않는요!!",
        "SentimentWord": "8",
        "SentimentPolarity": "0"
      },
      {
        "Aspect": "편의성",
        "SentimentText": "그러나 방에서 편하게 쓰기는 좋아서 만족합니다.",
        "SentimentWord": "6",
        "SentimentPolarity": "1"
      }
    ]
  },
  {
    "Index": "14961",
    "RawText": "배송이 빨라서 그 서비스는 좋았어요 디자인도 깔끔하니까 예뻐서 인테리어에도 굿~ 가성비 최고의 핫 아이템입니다^^",
    "Source": "쇼핑몰",
    "Domain": "가전",
    "MainCategory": "영상/음향가전",
    "ProductName": "JBL BAR 5.0 MULTIBEAM 정품",
    "ReviewScore": "5",
    "Syllable": "63",
    "Word": "14",
    "RDate": "20220301",
    "Aspects": [
      {
        "Aspect": "디자인",
        "SentimentText": "디자인도 깔끔하니까 예뻐서 인테리어에도 굿~",
        "SentimentWord": "5",
        "SentimentPolarity": "1"
      },
      {
        "Aspect": "가격",
        "SentimentText": "가성비 최고의 핫 아이템입니다^^",
        "SentimentWord": "4",
        "SentimentPolarity": "1"
      }
    ]
  },
  {
    "Index": "14968",
    "RawText": "헐 .. 실망스러운 음향수준 ㅠ 일체감도 없고 싼티 음질입니다. 이정도면 이가격이 비싸다는 생각이 들어 여러가지고 아쉽습니다.",
    "Source": "쇼핑몰",
    "Domain": "가전",
    "MainCategory": "영상/음향가전",
    "ProductName": "JBL BAR 5.0 MULTIBEAM 정품",
    "ReviewScore": "4",
    "Syllable": "70",
    "Word": "16",
    "RDate": "20220701",
    "GeneralPolarity": "-1",
    "Aspects": [
      {
        "Aspect": "음량/음질",
        "SentimentText": "헐 .. 실망스러운 음향수준 ㅠ 일체감도 없고 싼티 음질입니다.",
        "SentimentWord": "9",
        "SentimentPolarity": "-1"
      },
      {
        "Aspect": "가격",
        "SentimentText": "이정도면 이가격이 비싸다는 생각이 들어 여러가지고 아쉽습니다.",
        "SentimentWord": "7",
        "SentimentPolarity": "-1"
      }
    ]
  },
  {
    "Index": "14969",
    "RawText": "여러기능들이 잘 연결이 되어 매우 만족합니다^^ 그리고 세일기간 덕분에 저렴하게 구입해서 만족해요~",
    "Source": "쇼핑몰",
    "Domain": "가전",
    "MainCategory": "영상/음향가전",
    "ProductName": "JBL BAR 5.0 MULTIBEAM 정품",
    "ReviewScore": "5",
    "Syllable": "55",
    "Word": "12",
    "RDate": "20220603",
    "GeneralPolarity": "1",
    "Aspects": [
      {
        "Aspect": "조작성",
        "SentimentText": "여러기능들이 잘 연결이 되어 매우 만족합니다^^ ",
        "SentimentWord": "6",
        "SentimentPolarity": "1"
      },
      {
        "Aspect": "가격",
        "SentimentText": "그리고 세일기간 덕분에 저렴하게 구입해서 만족해요~",
        "SentimentWord": "6",
        "SentimentPolarity": "1"
      }
    ]
  },
  {
    "Index": "14970",
    "RawText": "역시 티비사운드보다 사운드바 소리가 또렷함이 매우 우수해서 만족합니다. 그러나 생각보다 가벼워서 부실해 보이는단점이 있습니다.",
    "Source": "쇼핑몰",
    "Domain": "가전",
    "MainCategory": "영상/음향가전",
    "ProductName": "JBL BAR 5.0 MULTIBEAM 정품",
    "ReviewScore": "5",
    "Syllable": "70",
    "Word": "14",
    "RDate": "20220222",
    "GeneralPolarity": "0",
    "Aspects": [
      {
        "Aspect": "음량/음질",
        "SentimentText": "역시 티비사운드보다 사운드바 소리가 또렷함이 매우 우수해서 만족합니다. ",
        "SentimentWord": "8",
        "SentimentPolarity": "1"
      },
      {
        "Aspect": "내구성",
        "SentimentText": "그러나 생각보다 가벼워서 부실해 보이는단점이 있습니다.",
        "SentimentWord": "6",
        "SentimentPolarity": "-1"
      }
    ]
  },
  {
    "Index": "14971",
    "RawText": "아파트에서 사용하기 딱좋은 사운드라서 만족해요 기능 연결도 잘되어서 좋아요^^",
    "Source": "쇼핑몰",
    "Domain": "가전",
    "MainCategory": "영상/음향가전",
    "ProductName": "JBL BAR 5.0 MULTIBEAM 정품",
    "ReviewScore": "5",
    "Syllable": "43",
    "Word": "9",
    "RDate": "20220612",
    "GeneralPolarity": "1",
    "Aspects": [
      {
        "Aspect": "음량/음질",
        "SentimentText": "아파트에서 사용하기 딱좋은 사운드라서 만족해요",
        "SentimentWord": "5",
        "SentimentPolarity": "1"
      },
      {
        "Aspect": "조작성",
        "SentimentText": "기능 연결도 잘되어서 좋아요^^ ",
        "SentimentWord": "4",
        "SentimentPolarity": "1"
      }
    ]
  },
  {
    "Index": "14973",
    "RawText": "생각보다 사운드 빵빵하니까 설치하기 전보다는 확실히 차이가 나서 좋아요 가성비도 좋아서 구매하기 좋은 제품입니다.",
    "Source": "쇼핑몰",
    "Domain": "가전",
    "MainCategory": "영상/음향가전",
    "ProductName": "JBL BAR 5.0 MULTIBEAM 정품",
    "ReviewScore": "5",
    "Syllable": "63",
    "Word": "14",
    "RDate": "20220320",
    "GeneralPolarity": "1",
    "Aspects": [
      {
        "Aspect": "음량/음질",
        "SentimentText": "생각보다 사운드 빵빵하니까 설치하기 전보다는 확실히 차이가 나서 좋아요",
        "SentimentWord": "9",
        "SentimentPolarity": "1"
      },
      {
        "Aspect": "가격",
        "SentimentText": "가성비도 좋아서 구매하기 좋은 제품입니다.",
        "SentimentWord": "5",
        "SentimentPolarity": "1"
      }
    ]
  },
  {
    "Index": "14974",
    "RawText": "역시 전문적인 스피커로 듣는게 확실히 다릅니다. 안들리던 베이스 소리도 잘들리고 너무 좋아요 다만 아쉬운거는 작동하는 시간이 조금 걸려서 아쉬워요",
    "Source": "쇼핑몰",
    "Domain": "가전",
    "MainCategory": "영상/음향가전",
    "ProductName": "JBL BAR 5.0 MULTIBEAM 정품",
    "ReviewScore": "5",
    "Syllable": "81",
    "Word": "19",
    "RDate": "20220128",
    "GeneralPolarity": "1",
    "Aspects": [
      {
        "Aspect": "음량/음질",
        "SentimentText": "역시 전문적인 스피커로 듣는게 확실히 다릅니다. 안들리던 베이스 소리도 잘들리고 너무 좋아요",
        "SentimentWord": "12",
        "SentimentPolarity": "1"
      },
      {
        "Aspect": "시간/속도",
        "SentimentText": "다만 아쉬운거는 작동하는 시간이 조금 걸려서 아쉬워요",
        "SentimentWord": "7",
        "SentimentPolarity": "-1"
      }
    ]
  },
  {
    "Index": "14976",
    "RawText": "티비사운드 보다 풍부한 베이스 공간감이 느껴져서 좋아요 단점은 부팅시간이 오래걸린다는 점이 아쉽고요 별도의 베이스 버튼이 없고 hbmi포트가 2개뿐이라는점도 아쉽네요!!",
    "Source": "쇼핑몰",
    "Domain": "가전",
    "MainCategory": "영상/음향가전",
    "ProductName": "JBL BAR 5.0 MULTIBEAM 정품",
    "ReviewScore": "5",
    "Syllable": "94",
    "Word": "19",
    "RDate": "20220222",
    "GeneralPolarity": "0",
    "Aspects": [
      {
        "Aspect": "음량/음질",
        "SentimentText": "티비사운드 보다 풍부한 베이스 공간감이 느껴져서 좋아요",
        "SentimentWord": "7",
        "SentimentPolarity": "1"
      },
      {
        "Aspect": "시간/속도",
        "SentimentText": "단점은 부팅시간이 오래걸린다는 점이 아쉽고요",
        "SentimentWord": "5",
        "SentimentPolarity": "-1"
      },
      {
        "Aspect": "제품구성",
        "SentimentText": "별도의 베이스 버튼이 없고 hbmi포트가 2개뿐이라는점도 아쉽네요!!",
        "SentimentWord": "7",
        "SentimentPolarity": "-1"
      }
    ]
  },
  {
    "Index": "14978",
    "RawText": "HDMI선으로 통합되어 선정리도 깔끔하니까 인테리어에도 좋아요 음향은 생각대로 빵빵해서 만족하구요^^",
    "Source": "쇼핑몰",
    "Domain": "가전",
    "MainCategory": "영상/음향가전",
    "ProductName": "JBL BAR 5.0 MULTIBEAM 정품",
    "ReviewScore": "5",
    "Syllable": "56",
    "Word": "10",
    "RDate": "20220217",
    "GeneralPolarity": "1",
    "Aspects": [
      {
        "Aspect": "디자인",
        "SentimentText": "HDMI선으로 통합되어 선정리도 깔끔하니까 인테리어에도 좋아요",
        "SentimentWord": "6",
        "SentimentPolarity": "1"
      },
      {
        "Aspect": "음량/음질",
        "SentimentText": "음향은 생각대로 빵빵해서 만족하구요^^",
        "SentimentWord": "4",
        "SentimentPolarity": "1"
      }
    ]
  },
  {
    "Index": "14979",
    "RawText": "티비사운드로 듣다가 사운드바로 들으니 소리가 역시 다른긴합니다 굿~ 음질이 목소리도 좀선명하고 영화나 음악듣기에도 울림이 좋아서 만족해요^^",
    "Source": "쇼핑몰",
    "Domain": "가전",
    "MainCategory": "영상/음향가전",
    "ProductName": "JBL BAR 5.0 MULTIBEAM 정품",
    "ReviewScore": "5",
    "Syllable": "78",
    "Word": "16",
    "RDate": "20220227",
    "GeneralPolarity": "1",
    "Aspects": [
      {
        "Aspect": "음량/음질",
        "SentimentText": "티비사운드로 듣다가 사운드바로 들으니 소리가 역시 다른긴합니다 굿~ ",
        "SentimentWord": "8",
        "SentimentPolarity": "1"
      },
      {
        "Aspect": "음량/음질",
        "SentimentText": "음질이 목소리도 좀선명하고 영화나 음악듣기에도 울림이 좋아서 만족해요^^",
        "SentimentWord": "8",
        "SentimentPolarity": "1"
      }
    ]
  },
  {
    "Index": "14982",
    "RawText": "가성비 좋은 제품으로 일단 추천해요 입체감이 뛰어나고 음질이 좋아서 영화 볼때 극장같은 기분으로 너무 좋아요 ㅎㅎ ",
    "Source": "쇼핑몰",
    "Domain": "가전",
    "MainCategory": "영상/음향가전",
    "ProductName": "JBL BAR 5.0 MULTIBEAM 정품",
    "ReviewScore": "5",
    "Syllable": "64",
    "Word": "16",
    "RDate": "20220213",
    "GeneralPolarity": "1",
    "Aspects": [
      {
        "Aspect": "가격",
        "SentimentText": "가성비 좋은 제품으로 일단 추천해요",
        "SentimentWord": "5",
        "SentimentPolarity": "1"
      },
      {
        "Aspect": "음량/음질",
        "SentimentText": "입체감이 뛰어나고 음질이 좋아서 영화 볼때 극장같은 기분으로 너무 좋아요 ㅎㅎ",
        "SentimentWord": "11",
        "SentimentPolarity": "1"
      }
    ]
  },
  {
    "Index": "14983",
    "RawText": "가격에 비해 기능이 너무 좋아서 만족해요 ㅎㅎ 저음부터 고음까지 잘 잡아줍니다~굿",
    "Source": "쇼핑몰",
    "Domain": "가전",
    "MainCategory": "영상/음향가전",
    "ProductName": "JBL BAR 5.0 MULTIBEAM 정품",
    "ReviewScore": "4",
    "Syllable": "45",
    "Word": "11",
    "RDate": "20220604",
    "Aspects": [
      {
        "Aspect": "기능",
        "SentimentText": "가격에 비해 기능이 너무 좋아서 만족해요 ㅎㅎ",
        "SentimentWord": "7",
        "SentimentPolarity": "1"
      },
      {
        "Aspect": "음량/음질",
        "SentimentText": "저음부터 고음까지 잘 잡아줍니다~굿",
        "SentimentWord": "4",
        "SentimentPolarity": "1"
      }
    ]
  },
  {
    "Index": "14984",
    "RawText": "다른 제품보다 음질이 확연하게 좋은 것 같아요! OOO 에어플레이도 바로 연결돼서 아주 좋아요. 그런데 리모컨으로 블루투스 연결을 바꾸는 게 좀 번거로운 것 같아요 ㅠㅠ 가격 저렴할 때 사세요~",
    "Source": "쇼핑몰",
    "Domain": "가전",
    "MainCategory": "영상/음향가전",
    "ProductName": "JBL BAR 5.0 MULTIBEAM 정품",
    "ReviewScore": "4",
    "Syllable": "108",
    "Word": "28",
    "RDate": "20220226",
    "GeneralPolarity": "0",
    "Aspects": [
      {
        "Aspect": "음량/음질",
        "SentimentText": "다른 제품보다 음질이 확연하게 좋은 것 같아요!",
        "SentimentWord": "7",
        "SentimentPolarity": "1"
      },
      {
        "Aspect": "기능",
        "SentimentText": "OOO 에어플레이도 바로 연결돼서 아주 좋아요.",
        "SentimentWord": "6",
        "SentimentPolarity": "1"
      },
      {
        "Aspect": "편의성",
        "SentimentText": "그런데 리모컨으로 블루투스 연결을 바꾸는 게 좀 번거로운 것 같아요 ㅠㅠ",
        "SentimentWord": "11",
        "SentimentPolarity": "-1"
      }
    ]
  },
  {
    "Index": "14985",
    "RawText": "사용이 간편해서 집에서 쓰기 딱 좋아요. 빔프로젝터랑 연결해서 사용하는데 연결방법도 쉽고 만족해요!",
    "Source": "쇼핑몰",
    "Domain": "가전",
    "MainCategory": "영상/음향가전",
    "ProductName": "JBL BAR 5.0 MULTIBEAM 정품",
    "ReviewScore": "5",
    "Syllable": "55",
    "Word": "12",
    "RDate": "20220716",
    "GeneralPolarity": "1",
    "Aspects": [
      {
        "Aspect": "편의성",
        "SentimentText": "사용이 간편해서 집에서 쓰기 딱 좋아요. ",
        "SentimentWord": "6",
        "SentimentPolarity": "1"
      },
      {
        "Aspect": "조작성",
        "SentimentText": "빔프로젝터랑 연결해서 사용하는데 연결방법도 쉽고 만족해요! ",
        "SentimentWord": "6",
        "SentimentPolarity": "1"
      }
    ]
  },
  {
    "Index": "14988",
    "RawText": "건반용으로 샀는데 음질도 너무 좋고 딱 원하던 크기라 만족해요~ 티비랑 노트북 모두 잘 연결되네요 기능 굿굿",
    "Source": "쇼핑몰",
    "Domain": "가전",
    "MainCategory": "영상/음향가전",
    "ProductName": "JBL BAR 5.0 MULTIBEAM 정품",
    "ReviewScore": "5",
    "Syllable": "60",
    "Word": "16",
    "RDate": "20220605",
    "GeneralPolarity": "1",
    "Aspects": [
      {
        "Aspect": "음량/음질",
        "SentimentText": "건반용으로 샀는데 음질도 너무 좋고",
        "SentimentWord": "5",
        "SentimentPolarity": "1"
      },
      {
        "Aspect": "사이즈",
        "SentimentText": "딱 원하던 크기라 만족해요~",
        "SentimentWord": "4",
        "SentimentPolarity": "1"
      },
      {
        "Aspect": "기능",
        "SentimentText": "티비랑 노트북 모두 잘 연결되네요 기능 굿굿 ",
        "SentimentWord": "7",
        "SentimentPolarity": "1"
      }
    ]
  },
  {
    "Index": "14991",
    "RawText": "행사하길래 저렴한 가격에 구매했어요~! 영화나 영상 볼때 음질이 좋아서 만족하고 있어요.. 음악 들을 때도 사운도 넘 좋아요",
    "Source": "쇼핑몰",
    "Domain": "가전",
    "MainCategory": "영상/음향가전",
    "ProductName": "JBL BAR 5.0 MULTIBEAM 정품",
    "ReviewScore": "5",
    "Syllable": "69",
    "Word": "17",
    "RDate": "20220611",
    "GeneralPolarity": "1",
    "Aspects": [
      {
        "Aspect": "가격",
        "SentimentText": "행사하길래 저렴한 가격에 구매했어요~!",
        "SentimentWord": "4",
        "SentimentPolarity": "1"
      },
      {
        "Aspect": "음량/음질",
        "SentimentText": "영화나 영상 볼때 음질이 좋아서 만족하고 있어요.. ",
        "SentimentWord": "7",
        "SentimentPolarity": "1"
      },
      {
        "Aspect": "음량/음질",
        "SentimentText": "음악 들을 때도 사운도 넘 좋아요",
        "SentimentWord": "6",
        "SentimentPolarity": "1"
      }
    ]
  },
  {
    "Index": "14992",
    "RawText": "사운드가 꽉 차는 느낌이 아주 좋아요. 베이스는 기대한거에 비해 좋아서 만족해요 ㅎ",
    "Source": "쇼핑몰",
    "Domain": "가전",
    "MainCategory": "영상/음향가전",
    "ProductName": "JBL BAR 5.0 MULTIBEAM 정품",
    "ReviewScore": "4",
    "Syllable": "46",
    "Word": "12",
    "RDate": "20220716",
    "GeneralPolarity": "1",
    "Aspects": [
      {
        "Aspect": "음량/음질",
        "SentimentText": "사운드가 꽉 차는 느낌이 아주 좋아요. ",
        "SentimentWord": "6",
        "SentimentPolarity": "1"
      },
      {
        "Aspect": "음량/음질",
        "SentimentText": "베이스는 기대한거에 비해 좋아서 만족해요 ㅎ",
        "SentimentWord": "6",
        "SentimentPolarity": "1"
      }
    ]
  },
  {
    "Index": "14995",
    "RawText": "고민하다가 구매했는데 음량 빵빵해서 너무 좋아요 자리 차지도 크게 안하고 사이즈 딱 좋은 것 같아요 ㅎㅎ",
    "Source": "쇼핑몰",
    "Domain": "가전",
    "MainCategory": "영상/음향가전",
    "ProductName": "JBL BAR 5.0 MULTIBEAM 정품",
    "ReviewScore": "5",
    "Syllable": "58",
    "Word": "16",
    "RDate": "20220228",
    "GeneralPolarity": "1",
    "Aspects": [
      {
        "Aspect": "음량/음질",
        "SentimentText": "고민하다가 구매했는데 음량 빵빵해서 너무 좋아요",
        "SentimentWord": "6",
        "SentimentPolarity": "1"
      },
      {
        "Aspect": "사이즈",
        "SentimentText": "자리 차지도 크게 안하고 사이즈 딱 좋은 것 같아요 ㅎㅎ",
        "SentimentWord": "10",
        "SentimentPolarity": "1"
      }
    ]
  },
  {
    "Index": "14999",
    "RawText": "음질이 정말 기대이상이네요..! 역시 OOO 꺼라 좋은 것 같아요. 서라운드까지 훌륭해서 아주 만족해용",
    "Source": "쇼핑몰",
    "Domain": "가전",
    "MainCategory": "영상/음향가전",
    "ProductName": "JBL BAR 5.0 MULTIBEAM 정품",
    "ReviewScore": "5",
    "Syllable": "57",
    "Word": "13",
    "RDate": "20220129",
    "GeneralPolarity": "1",
    "Aspects": [
      {
        "Aspect": "음량/음질",
        "SentimentText": "음질이 정말 기대이상이네요..!",
        "SentimentWord": "3",
        "SentimentPolarity": "1"
      },
      {
        "Aspect": "제조일/제조사",
        "SentimentText": "역시 OOO 꺼라 좋은 것 같아요.",
        "SentimentWord": "6",
        "SentimentPolarity": "1"
      },
      {
        "Aspect": "음량/음질",
        "SentimentText": "서라운드까지 훌륭해서 아주 만족해용",
        "SentimentWord": "4",
        "SentimentPolarity": "1"
      }
    ]
  },
  {
    "Index": "15000",
    "RawText": "기본소리보다 확실히 잘들리니 아주 좋습니다 대화모드 적용되어서 확실히 깔끔하게 들려요~ 굿! 가벼워서 휴대하기에도 좋아요 만족^^",
    "Source": "쇼핑몰",
    "Domain": "가전",
    "MainCategory": "영상/음향가전",
    "ProductName": "JBL BAR 5.0 MULTIBEAM 정품",
    "ReviewScore": "5",
    "Syllable": "72",
    "Word": "15",
    "RDate": "20220607",
    "GeneralPolarity": "1",
    "Aspects": [
      {
        "Aspect": "음량/음질",
        "SentimentText": "기본소리보다 확실히 잘들리니 아주 좋습니다 대화모드 적용되어서 확실히 깔끔하게 들려요~ 굿!",
        "SentimentWord": "11",
        "SentimentPolarity": "1"
      },
      {
        "Aspect": "편의성",
        "SentimentText": "가벼워서 휴대하기에도 좋아요 만족^^",
        "SentimentWord": "4",
        "SentimentPolarity": "1"
      }
    ]
  },
  {
    "Index": "15001",
    "RawText": "기사님께서 설치까지 완벽히 해주셔서 너무 좋아요~ 크기도 적당하니 만족합니다 디자인도 깔끔심플 아주 좋습니다^^ 소리 웅장하고 선명해서 영화 시청하기에 아주 딱 좋아요~ 그리고 리모컨이 있어 장거리여도 제어 가능한 점이 아주 편리합니다 굿굿",
    "Source": "쇼핑몰",
    "Domain": "가전",
    "MainCategory": "영상/음향가전",
    "ProductName": "JBL BAR 5.0 MULTIBEAM 정품",
    "ReviewScore": "4",
    "Syllable": "134",
    "Word": "31",
    "RDate": "20220223",
    "Aspects": [
      {
        "Aspect": "사이즈",
        "SentimentText": "크기도 적당하니 만족합니다",
        "SentimentWord": "3",
        "SentimentPolarity": "1"
      },
      {
        "Aspect": "디자인",
        "SentimentText": "디자인도 깔끔심플 아주 좋습니다^^",
        "SentimentWord": "4",
        "SentimentPolarity": "1"
      },
      {
        "Aspect": "음량/음질",
        "SentimentText": "소리 웅장하고 선명해서 영화 시청하기에 아주 딱 좋아요~",
        "SentimentWord": "8",
        "SentimentPolarity": "1"
      },
      {
        "Aspect": "편의성",
        "SentimentText": "그리고 리모컨이 있어 장거리여도 제어 가능한 점이 아주 편리합니다 굿굿",
        "SentimentWord": "10",
        "SentimentPolarity": "1"
      }
    ]
  },
  {
    "Index": "15002",
    "RawText": "기사 두분이서 설치 깔끔히 해주셔서 좋아요~ 사운드 공간감도 느껴지니 아주 좋아요 할인행사가격으로 저렴하게 잘 구매했어요 굳~",
    "Source": "쇼핑몰",
    "Domain": "가전",
    "MainCategory": "영상/음향가전",
    "ProductName": "JBL BAR 5.0 MULTIBEAM 정품",
    "ReviewScore": "5",
    "Syllable": "70",
    "Word": "16",
    "RDate": "20220225",
    "Aspects": [
      {
        "Aspect": "음량/음질",
        "SentimentText": "사운드 공간감도 느껴지니 아주 좋아요",
        "SentimentWord": "5",
        "SentimentPolarity": "1"
      },
      {
        "Aspect": "가격",
        "SentimentText": "할인행사가격으로 저렴하게 잘 구매했어요 굳~",
        "SentimentWord": "5",
        "SentimentPolarity": "1"
      }
    ]
  },
  {
    "Index": "15003",
    "RawText": "기사분들이 오셔서 설치하시고 예정 배송일도 잘 맞춰주어서 대만족이요 세일할때 저렴히 구매하여 기분 넘넘 좋아요^^ 실제 티비 스피커와는 다른 음질 역시 음질 차이가 크네요 최고~",
    "Source": "쇼핑몰",
    "Domain": "가전",
    "MainCategory": "영상/음향가전",
    "ProductName": "JBL BAR 5.0 MULTIBEAM 정품",
    "ReviewScore": "5",
    "Syllable": "99",
    "Word": "24",
    "RDate": "20220603",
    "Aspects": [
      {
        "Aspect": "가격",
        "SentimentText": "세일할때 저렴히 구매하여 기분 넘넘 좋아요^^",
        "SentimentWord": "6",
        "SentimentPolarity": "1"
      },
      {
        "Aspect": "음량/음질",
        "SentimentText": "실제 티비 스피커와는 다른 음질 역시 음질 차이가 크네요 최고~",
        "SentimentWord": "10",
        "SentimentPolarity": "1"
      }
    ]
  },
  {
    "Index": "15004",
    "RawText": "게임 이용시 기존 스피커에서 느끼지 못했던 입체감과 서라운드가 매우 좋아요 만족합니다 그리고 블루투스로 음악재생도 할수있어 기능 너무 만족해요^^",
    "Source": "쇼핑몰",
    "Domain": "가전",
    "MainCategory": "영상/음향가전",
    "ProductName": "JBL BAR 5.0 MULTIBEAM 정품",
    "ReviewScore": "5",
    "Syllable": "81",
    "Word": "18",
    "RDate": "20220302",
    "GeneralPolarity": "1",
    "Aspects": [
      {
        "Aspect": "음량/음질",
        "SentimentText": "게임 이용시 기존 스피커에서 느끼지 못했던 입체감과 서라운드가 매우 좋아요 만족합니다",
        "SentimentWord": "11",
        "SentimentPolarity": "1"
      },
      {
        "Aspect": "기능",
        "SentimentText": "그리고 블루투스로 음악재생도 할수있어 기능 너무 만족해요^^",
        "SentimentWord": "7",
        "SentimentPolarity": "1"
      }
    ]
  },
  {
    "Index": "15005",
    "RawText": "기존 tv의 사운드보다 역시 훨씬 더 웅장하고 선명하게 들려요 그리고 입체감까지 느껴져서 만족 TV스피커보다 무게가 덜나가 확실히 옮기는데 좋네요",
    "Source": "쇼핑몰",
    "Domain": "가전",
    "MainCategory": "영상/음향가전",
    "ProductName": "JBL BAR 5.0 MULTIBEAM 정품",
    "ReviewScore": "5",
    "Syllable": "81",
    "Word": "19",
    "RDate": "20220224",
    "GeneralPolarity": "1",
    "Aspects": [
      {
        "Aspect": "음량/음질",
        "SentimentText": "기존 tv의 사운드보다 역시 훨씬 더 웅장하고 선명하게 들려요 그리고 입체감까지 느껴져서 만족",
        "SentimentWord": "13",
        "SentimentPolarity": "1"
      },
      {
        "Aspect": "무게",
        "SentimentText": "TV스피커보다 무게가 덜나가 확실히 옮기는데 좋네요",
        "SentimentWord": "6",
        "SentimentPolarity": "1"
      }
    ]
  },
  {
    "Index": "15007",
    "RawText": "기존 사운드바에 비교하기 무색할정도로 엄청난 뻥 뚤리는 음질 엄청 좋아요 또한 무게도 확실히 덜 나가 가볍고 아주 좋아요^^",
    "Source": "쇼핑몰",
    "Domain": "가전",
    "MainCategory": "영상/음향가전",
    "ProductName": "JBL BAR 5.0 MULTIBEAM 정품",
    "ReviewScore": "5",
    "Syllable": "69",
    "Word": "18",
    "RDate": "20220127",
    "GeneralPolarity": "1",
    "Aspects": [
      {
        "Aspect": "음량/음질",
        "SentimentText": "기존 사운드바에 비교하기 무색할정도로 엄청난 뻥 뚤리는 음질 엄청 좋아요",
        "SentimentWord": "10",
        "SentimentPolarity": "1"
      },
      {
        "Aspect": "무게",
        "SentimentText": "또한 무게도 확실히 덜 나가 가볍고 아주 좋아요^^",
        "SentimentWord": "8",
        "SentimentPolarity": "1"
      }
    ]
  },
  {
    "Index": "15009",
    "RawText": "소리의 뚜렷함과 웅장함이 영화보기에 아주 좋습니다 기분 완전 좋아요~^^ 우퍼없는 모델이어도 올인원되는 제품이라 좋아요 기능짱!",
    "Source": "쇼핑몰",
    "Domain": "가전",
    "MainCategory": "영상/음향가전",
    "ProductName": "JBL BAR 5.0 MULTIBEAM 정품",
    "ReviewScore": "5",
    "Syllable": "71",
    "Word": "15",
    "RDate": "20220727",
    "GeneralPolarity": "1",
    "Aspects": [
      {
        "Aspect": "음량/음질",
        "SentimentText": "소리의 뚜렷함과 웅장함이 영화보기에 아주 좋습니다 기분 완전 좋아요~^^",
        "SentimentWord": "9",
        "SentimentPolarity": "1"
      },
      {
        "Aspect": "기능",
        "SentimentText": "우퍼없는 모델이어도 올인원되는 제품이라 좋아요 기능짱!",
        "SentimentWord": "6",
        "SentimentPolarity": "1"
      }
    ]
  },
  {
    "Index": "15010",
    "RawText": "행사기간에 좋은 가격으로 구매하게 되어 좋네요~ 나름 공간 차지도 하지 않는 딱좋은 사이즈입니다 굳 음질도 선명하니 아주 만족스러워요^^",
    "Source": "쇼핑몰",
    "Domain": "가전",
    "MainCategory": "영상/음향가전",
    "ProductName": "JBL BAR 5.0 MULTIBEAM 정품",
    "ReviewScore": "5",
    "Syllable": "76",
    "Word": "18",
    "RDate": "20220615",
    "GeneralPolarity": "1",
    "Aspects": [
      {
        "Aspect": "가격",
        "SentimentText": "행사기간에 좋은 가격으로 구매하게 되어 좋네요~",
        "SentimentWord": "6",
        "SentimentPolarity": "1"
      },
      {
        "Aspect": "사이즈",
        "SentimentText": "나름 공간 차지도 하지 않는 딱좋은 사이즈입니다 굳",
        "SentimentWord": "8",
        "SentimentPolarity": "1"
      },
      {
        "Aspect": "음량/음질",
        "SentimentText": "음질도 선명하니 아주 만족스러워요^^",
        "SentimentWord": "4",
        "SentimentPolarity": "1"
      }
    ]
  },
  {
    "Index": "15012",
    "RawText": "와 깨끗한 음질 듣는데 아주 소리가 좋아요 대만족^^ 저렴한 가격으로 이렇게 좋은 소리를 내주는 기기를 구입할수 있다니  최고 좋네요^^",
    "Source": "쇼핑몰",
    "Domain": "가전",
    "MainCategory": "영상/음향가전",
    "ProductName": "JBL BAR 5.0 MULTIBEAM 정품",
    "ReviewScore": "4",
    "Syllable": "76",
    "Word": "19",
    "RDate": "20220716",
    "GeneralPolarity": "1",
    "Aspects": [
      {
        "Aspect": "음량/음질",
        "SentimentText": "와 깨끗한 음질 듣는데 아주 소리가 좋아요 대만족^^",
        "SentimentWord": "8",
        "SentimentPolarity": "1"
      },
      {
        "Aspect": "가격",
        "SentimentText": "저렴한 가격으로 이렇게 좋은 소리를 내주는 기기를 구입할수 있다니  최고 좋네요^^",
        "SentimentWord": "11",
        "SentimentPolarity": "1"
      }
    ]
  },
  {
    "Index": "15014",
    "RawText": "사운드는 짱짱하니 좋게 느껴집니다. 블루투스로 연결안되는 사운드가 있어서 그점은 아쉽네요!!",
    "Source": "쇼핑몰",
    "Domain": "가전",
    "MainCategory": "영상/음향가전",
    "ProductName": "JBL BAR 5.0 MULTIBEAM 정품",
    "ReviewScore": "5",
    "Syllable": "51",
    "Word": "10",
    "RDate": "20220221",
    "GeneralPolarity": "0",
    "Aspects": [
      {
        "Aspect": "음량/음질",
        "SentimentText": "사운드는 짱짱하니 좋게 느껴집니다. ",
        "SentimentWord": "4",
        "SentimentPolarity": "1"
      },
      {
        "Aspect": "기능",
        "SentimentText": "블루투스로 연결안되는 사운드가 있어서 그점은 아쉽네요!!",
        "SentimentWord": "6",
        "SentimentPolarity": "-1"
      }
    ]
  },
  {
    "Index": "15015",
    "RawText": "음분리성이 좋아서 좋습니다 그리고디자인도 슬림하고 단단해보여서 만족해요 해상도도 선명하니 너무 좋네요 추천합니다.",
    "Source": "쇼핑몰",
    "Domain": "가전",
    "MainCategory": "영상/음향가전",
    "ProductName": "JBL BAR 5.0 MULTIBEAM 정품",
    "ReviewScore": "5",
    "Syllable": "63",
    "Word": "12",
    "RDate": "20220223",
    "GeneralPolarity": "1",
    "Aspects": [
      {
        "Aspect": "음량/음질",
        "SentimentText": "음분리성이 좋아서 좋습니다",
        "SentimentWord": "3",
        "SentimentPolarity": "1"
      },
      {
        "Aspect": "디자인",
        "SentimentText": "그리고디자인도 슬림하고 단단해보여서 만족해요",
        "SentimentWord": "4",
        "SentimentPolarity": "1"
      },
      {
        "Aspect": "화질",
        "SentimentText": "해상도도 선명하니 너무 좋네요 추천합니다.",
        "SentimentWord": "5",
        "SentimentPolarity": "1"
      }
    ]
  },
  {
    "Index": "15021",
    "RawText": "품질이 너무 만족스러워요 사운드도 선명해서 기대이상으로 좋아요^^",
    "Source": "쇼핑몰",
    "Domain": "가전",
    "MainCategory": "영상/음향가전",
    "ProductName": "JBL BAR 5.0 MULTIBEAM 정품",
    "ReviewScore": "5",
    "Syllable": "36",
    "Word": "7",
    "RDate": "20220607",
    "GeneralPolarity": "1",
    "Aspects": [
      {
        "Aspect": "품질",
        "SentimentText": "품질이 너무 만족스러워요",
        "SentimentWord": "3",
        "SentimentPolarity": "1"
      },
      {
        "Aspect": "음량/음질",
        "SentimentText": "사운드도 선명해서 기대이상으로 좋아요^^",
        "SentimentWord": "4",
        "SentimentPolarity": "1"
      }
    ]
  },
  {
    "Index": "15022",
    "RawText": "품질이 너무 만족스러워요 사운드도 짱짱하고 좋습니다^",
    "Source": "쇼핑몰",
    "Domain": "가전",
    "MainCategory": "영상/음향가전",
    "ProductName": "JBL BAR 5.0 MULTIBEAM 정품",
    "ReviewScore": "5",
    "Syllable": "29",
    "Word": "6",
    "RDate": "20220223",
    "GeneralPolarity": "1",
    "Aspects": [
      {
        "Aspect": "품질",
        "SentimentText": "품질이 너무 만족스러워요",
        "SentimentWord": "3",
        "SentimentPolarity": "1"
      },
      {
        "Aspect": "음량/음질",
        "SentimentText": "사운드도 짱짱하고 좋습니다^",
        "SentimentWord": "3",
        "SentimentPolarity": "1"
      }
    ]
  },
  {
    "Index": "15024",
    "RawText": "우퍼없이도 사운드가 완벽해서 좋아요 무게도 가벼워서 이동이 쉽고 좋아요",
    "Source": "쇼핑몰",
    "Domain": "가전",
    "MainCategory": "영상/음향가전",
    "ProductName": "JBL BAR 5.0 MULTIBEAM 정품",
    "ReviewScore": "5",
    "Syllable": "39",
    "Word": "9",
    "RDate": "20220227",
    "GeneralPolarity": "1",
    "Aspects": [
      {
        "Aspect": "음량/음질",
        "SentimentText": "우퍼없이도 사운드가 완벽해서 좋아요",
        "SentimentWord": "4",
        "SentimentPolarity": "1"
      },
      {
        "Aspect": "무게",
        "SentimentText": "무게도 가벼워서 이동이 쉽고 좋아요",
        "SentimentWord": "5",
        "SentimentPolarity": "1"
      }
    ]
  },
  {
    "Index": "15025",
    "RawText": "티비 스피커로는 들을 수없었던 사운드에 매우 만족해요 그런데 가벼워서 왠지 장난감같은것같아서 아쉬워요",
    "Source": "쇼핑몰",
    "Domain": "가전",
    "MainCategory": "영상/음향가전",
    "ProductName": "JBL BAR 5.0 MULTIBEAM 정품",
    "ReviewScore": "5",
    "Syllable": "56",
    "Word": "12",
    "RDate": "20220311",
    "GeneralPolarity": "0",
    "Aspects": [
      {
        "Aspect": "음량/음질",
        "SentimentText": "티비 스피커로는 들을 수없었던 사운드에 매우 만족해요",
        "SentimentWord": "7",
        "SentimentPolarity": "1"
      },
      {
        "Aspect": "무게",
        "SentimentText": "그런데 가벼워서 왠지 장난감같은것같아서 아쉬워요",
        "SentimentWord": "5",
        "SentimentPolarity": "-1"
      }
    ]
  },
  {
    "Index": "15026",
    "RawText": "디자인 심플한게 예뻐요!! 음질도 또렷해서 좋으니까 만족해요 ㅎㅎ",
    "Source": "쇼핑몰",
    "Domain": "가전",
    "MainCategory": "영상/음향가전",
    "ProductName": "JBL BAR 5.0 MULTIBEAM 정품",
    "ReviewScore": "5",
    "Syllable": "36",
    "Word": "8",
    "RDate": "20220218",
    "GeneralPolarity": "1",
    "Aspects": [
      {
        "Aspect": "디자인",
        "SentimentText": "디자인 심플한게 예뻐요!!",
        "SentimentWord": "3",
        "SentimentPolarity": "1"
      },
      {
        "Aspect": "음량/음질",
        "SentimentText": "음질도 또렷해서 좋으니까 만족해요 ㅎㅎ",
        "SentimentWord": "5",
        "SentimentPolarity": "1"
      }
    ]
  },
  {
    "Index": "15030",
    "RawText": "직배송이 조금 늦져서 아쉬웠지만 약속한 시간날짜에 받을 수 있어서 좋았고 사운드가 다이나믹하며 음향이 풍부해서 너무 좋습니다. 스마트폰으로 작동도 되니 너무 좋습니다.",
    "Source": "쇼핑몰",
    "Domain": "가전",
    "MainCategory": "영상/음향가전",
    "ProductName": "JBL BAR 5.0 MULTIBEAM 정품",
    "ReviewScore": "5",
    "Syllable": "93",
    "Word": "21",
    "RDate": "20220613",
    "GeneralPolarity": "1",
    "Aspects": [
      {
        "Aspect": "음량/음질",
        "SentimentText": "사운드가 다이나믹하며 음향이 풍부해서 너무 좋습니다.",
        "SentimentWord": "6",
        "SentimentPolarity": "1"
      },
      {
        "Aspect": "조작성",
        "SentimentText": "스마트폰으로 작동도 되니 너무 좋습니다.",
        "SentimentWord": "5",
        "SentimentPolarity": "1"
      }
    ]
  },
  {
    "Index": "15031",
    "RawText": "티비 사운드가 풍부해진것같아서 만족해요 그리고 블루투스 연결도 쉬워서 좋아요",
    "Source": "쇼핑몰",
    "Domain": "가전",
    "MainCategory": "영상/음향가전",
    "ProductName": "JBL BAR 5.0 MULTIBEAM 정품",
    "ReviewScore": "5",
    "Syllable": "42",
    "Word": "9",
    "RDate": "20220222",
    "GeneralPolarity": "1",
    "Aspects": [
      {
        "Aspect": "음량/음질",
        "SentimentText": "티비 사운드가 풍부해진것같아서 만족해요",
        "SentimentWord": "4",
        "SentimentPolarity": "1"
      },
      {
        "Aspect": "조작성",
        "SentimentText": "그리고 블루투스 연결도 쉬워서 좋아요",
        "SentimentWord": "5",
        "SentimentPolarity": "1"
      }
    ]
  },
  {
    "Index": "15033",
    "RawText": "영화보니 사운드가 빵빵하니 좋아서 실감이 나니까 만족해요 가성비도 아주 훌륭합니다!!",
    "Source": "쇼핑몰",
    "Domain": "가전",
    "MainCategory": "영상/음향가전",
    "ProductName": "JBL BAR 5.0 MULTIBEAM 정품",
    "ReviewScore": "5",
    "Syllable": "47",
    "Word": "10",
    "RDate": "20220228",
    "GeneralPolarity": "1",
    "Aspects": [
      {
        "Aspect": "음량/음질",
        "SentimentText": "영화보니 사운드가 빵빵하니 좋아서 실감이 나니까 만족해요",
        "SentimentWord": "7",
        "SentimentPolarity": "1"
      },
      {
        "Aspect": "가격",
        "SentimentText": "가성비도 아주 훌륭합니다!!",
        "SentimentWord": "3",
        "SentimentPolarity": "1"
      }
    ]
  },
  {
    "Index": "15035",
    "RawText": "가성비가 아주 좋아요!! 연결도 쉬워서 만족하구요 메뉴얼이 심플한것만 넣어주셔서 자세한거는 인터넷을 통해 찾아봐야하는 불편한 점이 있네요",
    "Source": "쇼핑몰",
    "Domain": "가전",
    "MainCategory": "영상/음향가전",
    "ProductName": "JBL BAR 5.0 MULTIBEAM 정품",
    "ReviewScore": "4",
    "Syllable": "76",
    "Word": "16",
    "RDate": "20220218",
    "Aspects": [
      {
        "Aspect": "가격",
        "SentimentText": "가성비가 아주 좋아요!!",
        "SentimentWord": "3",
        "SentimentPolarity": "1"
      },
      {
        "Aspect": "조작성",
        "SentimentText": "연결도 쉬워서 만족하구요",
        "SentimentWord": "3",
        "SentimentPolarity": "1"
      }
    ]
  },
  {
    "Index": "15036",
    "RawText": "생각보다 비싸네요 ㅠㅠ 일반 음악 들을 때는 음질이 떨어지는 느낌이지만 영화 볼 때는 대박 좋아요! 설치는 배송기사님이 해주셔서 좋았어요!! ",
    "Source": "쇼핑몰",
    "Domain": "가전",
    "MainCategory": "영상/음향가전",
    "ProductName": "JBL BAR 5.0 MULTIBEAM 정품",
    "ReviewScore": "5",
    "Syllable": "79",
    "Word": "19",
    "RDate": "20220609",
    "Aspects": [
      {
        "Aspect": "가격",
        "SentimentText": "생각보다 비싸네요 ㅠㅠ",
        "SentimentWord": "3",
        "SentimentPolarity": "-1"
      },
      {
        "Aspect": "음량/음질",
        "SentimentText": "일반 음악 들을 때는 음질이 떨어지는 느낌이지만 영화 볼 때는 대박 좋아요!",
        "SentimentWord": "12",
        "SentimentPolarity": "1"
      }
    ]
  },
  {
    "Index": "15039",
    "RawText": "드라마 대사도 잘들리고 음악도 다양한 악기소리까지 잘 들려서 좋아요  채널과 연동되어 리모컨 하나로 조절되니 좋으네요 ",
    "Source": "쇼핑몰",
    "Domain": "가전",
    "MainCategory": "영상/음향가전",
    "ProductName": "JBL BAR 5.0 MULTIBEAM 정품",
    "ReviewScore": "5",
    "Syllable": "66",
    "Word": "15",
    "RDate": "20220603",
    "Aspects": [
      {
        "Aspect": "음량/음질",
        "SentimentText": "드라마 대사도 잘들리고 음악도 다양한 악기소리까지 잘 들려서 좋아요 ",
        "SentimentWord": "9",
        "SentimentPolarity": "1"
      },
      {
        "Aspect": "조작성",
        "SentimentText": "채널과 연동되어 리모컨 하나로 조절되니 좋으네요",
        "SentimentWord": "6",
        "SentimentPolarity": "1"
      }
    ]
  },
  {
    "Index": "15040",
    "RawText": "드라마틱하게 좋은건 아닌데 음량이 웅장한거 같아서 좋은듯해요 그리고 가격도 저렴한것같아서 만족합니다. ",
    "Source": "쇼핑몰",
    "Domain": "가전",
    "MainCategory": "영상/음향가전",
    "ProductName": "JBL BAR 5.0 MULTIBEAM 정품",
    "ReviewScore": "5",
    "Syllable": "57",
    "Word": "11",
    "RDate": "20220212",
    "GeneralPolarity": "1",
    "Aspects": [
      {
        "Aspect": "음량/음질",
        "SentimentText": "드라마틱하게 좋은건 아닌데 음량이 웅장한거 같아서 좋은듯해요",
        "SentimentWord": "7",
        "SentimentPolarity": "1"
      },
      {
        "Aspect": "가격",
        "SentimentText": "그리고 가격도 저렴한것같아서 만족합니다.",
        "SentimentWord": "4",
        "SentimentPolarity": "1"
      }
    ]
  },
  {
    "Index": "15041",
    "RawText": "디자인도 깔끔하고 좋아요 음량도 선명해서 너무 좋습니다. 모든 기능들도 잘되어 만족해요!! ",
    "Source": "쇼핑몰",
    "Domain": "가전",
    "MainCategory": "영상/음향가전",
    "ProductName": "JBL BAR 5.0 MULTIBEAM 정품",
    "ReviewScore": "4",
    "Syllable": "51",
    "Word": "11",
    "RDate": "20220604",
    "GeneralPolarity": "1",
    "Aspects": [
      {
        "Aspect": "디자인",
        "SentimentText": "디자인도 깔끔하고 좋아요",
        "SentimentWord": "3",
        "SentimentPolarity": "1"
      },
      {
        "Aspect": "음량/음질",
        "SentimentText": "음량도 선명해서 너무 좋습니다.",
        "SentimentWord": "4",
        "SentimentPolarity": "1"
      },
      {
        "Aspect": "기능",
        "SentimentText": "모든 기능들도 잘되어 만족해요!!",
        "SentimentWord": "4",
        "SentimentPolarity": "1"
      }
    ]
  },
  {
    "Index": "15042",
    "RawText": "티비 스피커 소리가 너무 좋아요 사운드바 연결한것처럼 소리가 풍부합니다^^ pc에 쓰려고 삿는데 hdmi도 안되고 블루투스도 안되는 컴퓨터라 어떻게 연결해야할지 몰라서 애먹었네요... ㅠㅠ",
    "Source": "쇼핑몰",
    "Domain": "가전",
    "MainCategory": "영상/음향가전",
    "ProductName": "JBL BAR 5.0 MULTIBEAM 정품",
    "ReviewScore": "5",
    "Syllable": "105",
    "Word": "22",
    "RDate": "20220131",
    "Aspects": [
      {
        "Aspect": "음량/음질",
        "SentimentText": "티비 스피커 소리가 너무 좋아요 사운드바 연결한것처럼 소리가 풍부합니다^^",
        "SentimentWord": "9",
        "SentimentPolarity": "1"
      },
      {
        "Aspect": "조작성",
        "SentimentText": "pc에 쓰려고 삿는데 hdmi도 안되고 블루투스도 안되는 컴퓨터라 어떻게 연결해야할지 몰라서 애먹었네요... ㅠㅠ",
        "SentimentWord": "13",
        "SentimentPolarity": "-1"
      }
    ]
  },
  {
    "Index": "15045",
    "RawText": "티비의 스피커 보단 좋습니다. 음질밸런스도 괜찮고 저음은 좀 약한편이지만 그럭저럭 괜찮네요. 한가지 색상만 있어서 아쉽네요.",
    "Source": "쇼핑몰",
    "Domain": "가전",
    "MainCategory": "영상/음향가전",
    "ProductName": "JBL BAR 5.0 MULTIBEAM 정품",
    "ReviewScore": "5",
    "Syllable": "69",
    "Word": "15",
    "RDate": "20220604",
    "GeneralPolarity": "0",
    "Aspects": [
      {
        "Aspect": "음량/음질",
        "SentimentText": "음질밸런스도 괜찮고 저음은 좀 약한편이지만 그럭저럭 괜찮네요.",
        "SentimentWord": "7",
        "SentimentPolarity": "0"
      },
      {
        "Aspect": "색상",
        "SentimentText": "한가지 색상만 있어서 아쉽네요",
        "SentimentWord": "4",
        "SentimentPolarity": "-1"
      }
    ]
  },
  {
    "Index": "15046",
    "RawText": "리뷰가 많은 이유를 알겠네요. 소리가 공간감이 좋네요^^ 사이즈가 날씬해서 공간도 많이 차지하지 않네요ㅋ 근데 블루투스 연결이 잘 안되서 불편하네요. 연결할때 마다 bt모드로 항상 바꿔줘야 하니 짜증이 나네요.",
    "Source": "쇼핑몰",
    "Domain": "가전",
    "MainCategory": "영상/음향가전",
    "ProductName": "JBL BAR 5.0 MULTIBEAM 정품",
    "ReviewScore": "5",
    "Syllable": "117",
    "Word": "27",
    "RDate": "20220702",
    "GeneralPolarity": "0",
    "Aspects": [
      {
        "Aspect": "음량/음질",
        "SentimentText": "소리가 공간감이 좋네요^^",
        "SentimentWord": "3",
        "SentimentPolarity": "1"
      },
      {
        "Aspect": "사이즈",
        "SentimentText": "사이즈가 날씬해서 공간도 많이 차지하지 않네요ㅋ",
        "SentimentWord": "6",
        "SentimentPolarity": "1"
      },
      {
        "Aspect": "기능",
        "SentimentText": "블루투스 연결이 잘 안되서 불편하네요",
        "SentimentWord": "5",
        "SentimentPolarity": "-1"
      },
      {
        "Aspect": "조작성",
        "SentimentText": "연결할때 마다 bt모드로 항상 바꿔줘야 하니 짜증이 나네요",
        "SentimentWord": "8",
        "SentimentPolarity": "-1"
      }
    ]
  },
  {
    "Index": "15048",
    "RawText": "최신기종이라 탑재된 기능들이 꽤 많아 맘에 들어요~ 우퍼가 없는데도 베이스가 나쁘지 않아요 꽤 만족합니다 ^^",
    "Source": "쇼핑몰",
    "Domain": "가전",
    "MainCategory": "영상/음향가전",
    "ProductName": "JBL BAR 5.0 MULTIBEAM 정품",
    "ReviewScore": "4",
    "Syllable": "61",
    "Word": "15",
    "RDate": "20220224",
    "GeneralPolarity": "1",
    "Aspects": [
      {
        "Aspect": "기능",
        "SentimentText": "최신기종이라 탑재된 기능들이 꽤 많아 맘에 들어요~",
        "SentimentWord": "7",
        "SentimentPolarity": "1"
      },
      {
        "Aspect": "음량/음질",
        "SentimentText": "우퍼가 없는데도 베이스가 나쁘지 않아요 꽤 만족합니다 ^^",
        "SentimentWord": "8",
        "SentimentPolarity": "1"
      }
    ]
  },
  {
    "Index": "15049",
    "RawText": "블루투스 연결 기능까지 지원돼요 아주 완벽해서 대만족입니다~ 생각보다 저음도 잘잡아주어 영화 보는맛이 나요 짱짱",
    "Source": "쇼핑몰",
    "Domain": "가전",
    "MainCategory": "영상/음향가전",
    "ProductName": "JBL BAR 5.0 MULTIBEAM 정품",
    "ReviewScore": "5",
    "Syllable": "62",
    "Word": "14",
    "RDate": "20220603",
    "GeneralPolarity": "1",
    "Aspects": [
      {
        "Aspect": "기능",
        "SentimentText": "블루투스 연결 기능까지 지원돼요 아주 완벽해서 대만족입니다~",
        "SentimentWord": "7",
        "SentimentPolarity": "1"
      },
      {
        "Aspect": "음량/음질",
        "SentimentText": "생각보다 저음도 잘잡아주어 영화 보는맛이 나요 짱짱",
        "SentimentWord": "7",
        "SentimentPolarity": "1"
      }
    ]
  },
  {
    "Index": "15054",
    "RawText": "설명서가 자세하지 않아서 인터넷으로 일일히 찾아 설정했어요 ㅠㅠ 그래도 제품 배터리도 오래가고 휴대용으로 아주 만족해요 최고!",
    "Source": "쇼핑몰",
    "Domain": "가전",
    "MainCategory": "영상/음향가전",
    "ProductName": "JBL BAR 5.0 MULTIBEAM 정품",
    "ReviewScore": "5",
    "Syllable": "70",
    "Word": "16",
    "RDate": "20220219",
    "GeneralPolarity": "0",
    "Aspects": [
      {
        "Aspect": "편의성",
        "SentimentText": "설명서가 자세하지 않아서 인터넷으로 일일히 찾아 설정했어요 ㅠㅠ",
        "SentimentWord": "8",
        "SentimentPolarity": "-1"
      },
      {
        "Aspect": "배터리",
        "SentimentText": "그래도 제품 배터리도 오래가고 휴대용으로 아주 만족해요 최고!",
        "SentimentWord": "8",
        "SentimentPolarity": "1"
      }
    ]
  },
  {
    "Index": "15055",
    "RawText": "배송 진짜 빠르네요 완전 강추~ 직접 스피커 설치하기도 쉽고 소리도 들어보니 진짜 끝내주네요. 음향기기는 OOO이 정말 최고인거 같습니다!",
    "Source": "쇼핑몰",
    "Domain": "가전",
    "MainCategory": "영상/음향가전",
    "ProductName": "JBL BAR 5.0 MULTIBEAM 정품",
    "ReviewScore": "5",
    "Syllable": "77",
    "Word": "18",
    "RDate": "20220723",
    "GeneralPolarity": "1",
    "Aspects": [
      {
        "Aspect": "조작성",
        "SentimentText": "직접 스피커 설치하기도 쉽고",
        "SentimentWord": "4",
        "SentimentPolarity": "1"
      },
      {
        "Aspect": "음량/음질",
        "SentimentText": "소리도 들어보니 진짜 끝내주네요",
        "SentimentWord": "4",
        "SentimentPolarity": "1"
      },
      {
        "Aspect": "제조일/제조사",
        "SentimentText": "음향기기는 OOO이 정말 최고인거 같습니다!",
        "SentimentWord": "5",
        "SentimentPolarity": "1"
      }
    ]
  },
  {
    "Index": "15056",
    "RawText": "에어플레이가 와이파이 사용시 제대로 사용이 안되서 아쉽........  리모컨이 단순해서 쓸기능이 별로 없어요 ㅠ",
    "Source": "쇼핑몰",
    "Domain": "가전",
    "MainCategory": "영상/음향가전",
    "ProductName": "JBL BAR 5.0 MULTIBEAM 정품",
    "ReviewScore": "5",
    "Syllable": "63",
    "Word": "13",
    "RDate": "20220306",
    "GeneralPolarity": "-1",
    "Aspects": [
      {
        "Aspect": "편의성",
        "SentimentText": " 에어플레이가 와이파이 사용시 제대로 사용이 안되서 아쉽........  ",
        "SentimentWord": "7",
        "SentimentPolarity": "-1"
      },
      {
        "Aspect": "기능",
        "SentimentText": " 리모컨이 단순해서 쓸기능이 별로 없어요 ㅠ",
        "SentimentWord": "6",
        "SentimentPolarity": "-1"
      }
    ]
  },
  {
    "Index": "15058",
    "RawText": "20만원 초반의 가성비가 훌륭해요! 사운드가 웅장해서 영화볼때나 음악들을때 완전 좋아요 강력추천합니다~~",
    "Source": "쇼핑몰",
    "Domain": "가전",
    "MainCategory": "영상/음향가전",
    "ProductName": "JBL BAR 5.0 MULTIBEAM 정품",
    "ReviewScore": "5",
    "Syllable": "58",
    "Word": "11",
    "RDate": "20220226",
    "Aspects": [
      {
        "Aspect": "가격",
        "SentimentText": "20만원 초반의 가성비가 훌륭해요!",
        "SentimentWord": "4",
        "SentimentPolarity": "1"
      },
      {
        "Aspect": "음량/음질",
        "SentimentText": "사운드가 웅장해서 영화볼때나 음악들을때 완전 좋아요 강력추천합니다~~",
        "SentimentWord": "7",
        "SentimentPolarity": "1"
      }
    ]
  },
  {
    "Index": "15059",
    "RawText": "뭐하나 금간곳없이 퀄리티 좋아 보여요 소리도 조금만 올려도 울리는 사운드가 역시 다르네요 최고에용!!",
    "Source": "쇼핑몰",
    "Domain": "가전",
    "MainCategory": "영상/음향가전",
    "ProductName": "JBL BAR 5.0 MULTIBEAM 정품",
    "ReviewScore": "5",
    "Syllable": "56",
    "Word": "13",
    "RDate": "20220216",
    "Aspects": [
      {
        "Aspect": "품질",
        "SentimentText": "뭐하나 금간곳없이 퀄리티 좋아 보여요",
        "SentimentWord": "5",
        "SentimentPolarity": "1"
      },
      {
        "Aspect": "음량/음질",
        "SentimentText": "소리도 조금만 올려도 울리는 사운드가 역시 다르네요 최고에용!!",
        "SentimentWord": "8",
        "SentimentPolarity": "1"
      }
    ]
  },
  {
    "Index": "15060",
    "RawText": "할인 잘 받고 저렴한 가격에 구매했습니다. 대만족 입니다~  아파트 침실용으로 사용하는데 사운드가 흘러넘칠 정도로 엄청 좋아요 짱짱",
    "Source": "쇼핑몰",
    "Domain": "가전",
    "MainCategory": "영상/음향가전",
    "ProductName": "JBL BAR 5.0 MULTIBEAM 정품",
    "ReviewScore": "5",
    "Syllable": "73",
    "Word": "17",
    "RDate": "20220222",
    "Aspects": [
      {
        "Aspect": "가격",
        "SentimentText": "할인 잘 받고 저렴한 가격에 구매했습니다. 대만족 입니다~ ",
        "SentimentWord": "8",
        "SentimentPolarity": "1"
      },
      {
        "Aspect": "음량/음질",
        "SentimentText": "아파트 침실용으로 사용하는데 사운드가 흘러넘칠 정도로 엄청 좋아요 짱짱",
        "SentimentWord": "9",
        "SentimentPolarity": "1"
      }
    ]
  },
  {
    "Index": "15061",
    "RawText": "배송이 빨라서 넘 좋아요 스피커 음질이 상당히 좋아서 마음에 듭니다 한가지 아쉬운점은 디자인이 별로네요...",
    "Source": "쇼핑몰",
    "Domain": "가전",
    "MainCategory": "영상/음향가전",
    "ProductName": "JBL BAR 5.0 MULTIBEAM 정품",
    "ReviewScore": "5",
    "Syllable": "60",
    "Word": "14",
    "RDate": "20220624",
    "Aspects": [
      {
        "Aspect": "음량/음질",
        "SentimentText": "스피커 음질이 상당히 좋아서 마음에 듭니다",
        "SentimentWord": "6",
        "SentimentPolarity": "1"
      },
      {
        "Aspect": "디자인",
        "SentimentText": "한가지 아쉬운점은 디자인이 별로네요...",
        "SentimentWord": "4",
        "SentimentPolarity": "-1"
      }
    ]
  },
  {
    "Index": "15062",
    "RawText": "배송이 빨라서 좋았습니다. 크기도 아담하니까 부담스럽지 않아서 좋았어요 음질도 짱짱해서 완전 만족합니다.",
    "Source": "쇼핑몰",
    "Domain": "가전",
    "MainCategory": "영상/음향가전",
    "ProductName": "JBL BAR 5.0 MULTIBEAM 정품",
    "ReviewScore": "5",
    "Syllable": "58",
    "Word": "12",
    "RDate": "20220211",
    "Aspects": [
      {
        "Aspect": "사이즈",
        "SentimentText": "크기도 아담하니까 부담스럽지 않아서 좋았어요",
        "SentimentWord": "5",
        "SentimentPolarity": "1"
      },
      {
        "Aspect": "음량/음질",
        "SentimentText": "음질도 짱짱해서 완전 만족합니다.",
        "SentimentWord": "4",
        "SentimentPolarity": "1"
      }
    ]
  },
  {
    "Index": "15063",
    "RawText": "길이 두께등 사이즈도 아주 크지 않아 만족스럽네요~ 근데 소리가 살짝 웅웅대는 느낌이 있어서 음질이 좀 아쉽네요ㅠ ",
    "Source": "쇼핑몰",
    "Domain": "가전",
    "MainCategory": "영상/음향가전",
    "ProductName": "JBL BAR 5.0 MULTIBEAM 정품",
    "ReviewScore": "4",
    "Syllable": "64",
    "Word": "16",
    "RDate": "20220217",
    "Aspects": [
      {
        "Aspect": "사이즈",
        "SentimentText": "길이 두께등 사이즈도 아주 크지 않아 만족스럽네요~",
        "SentimentWord": "7",
        "SentimentPolarity": "1"
      },
      {
        "Aspect": "음량/음질",
        "SentimentText": "근데 소리가 살짝 웅웅대는 느낌이 있어서 음질이 좀 아쉽네요ㅠ",
        "SentimentWord": "9",
        "SentimentPolarity": "-1"
      }
    ]
  },
  {
    "Index": "15065",
    "RawText": "가격이 생각보다 비싸네요 ㅠㅠ 음질이 너무 깨끗하니 좋아요 영화나 음악 들으면 신세계입니다요 적극추천^^",
    "Source": "쇼핑몰",
    "Domain": "가전",
    "MainCategory": "영상/음향가전",
    "ProductName": "JBL BAR 5.0 MULTIBEAM 정품",
    "ReviewScore": "5",
    "Syllable": "58",
    "Word": "13",
    "RDate": "20220225",
    "Aspects": [
      {
        "Aspect": "가격",
        "SentimentText": "가격이 생각보다 비싸네요 ㅠㅠ",
        "SentimentWord": "4",
        "SentimentPolarity": "-1"
      },
      {
        "Aspect": "음량/음질",
        "SentimentText": "음질이 너무 깨끗하니 좋아요 영화나 음악 들으면 신세계입니다요 적극추천^^",
        "SentimentWord": "9",
        "SentimentPolarity": "1"
      }
    ]
  },
  {
    "Index": "15066",
    "RawText": "배송은 느려서 아쉬워요 ㅠㅠ 저음이 정말 좋네요 강력 추천합니다.  특히나 우퍼를 별도로 두지못하신다면 이정도 사이즈는 아주 최고의 선택이될듯해요 사이즈 안성맞춤^^",
    "Source": "쇼핑몰",
    "Domain": "가전",
    "MainCategory": "영상/음향가전",
    "ProductName": "JBL BAR 5.0 MULTIBEAM 정품",
    "ReviewScore": "5",
    "Syllable": "92",
    "Word": "20",
    "RDate": "20220603",
    "Aspects": [
      {
        "Aspect": "음량/음질",
        "SentimentText": "저음이 정말 좋네요 강력 추천합니다. ",
        "SentimentWord": "5",
        "SentimentPolarity": "1"
      },
      {
        "Aspect": "사이즈",
        "SentimentText": "특히나 우퍼를 별도로 두지못하신다면 이정도 사이즈는 아주 최고의 선택이될듯해요 사이즈 안성맞춤^^",
        "SentimentWord": "11",
        "SentimentPolarity": "1"
      }
    ]
  },
  {
    "Index": "15067",
    "RawText": "배송이 주문하고 이틀만에 왔어요 엄청 빠름~^^  사운드가 좋으니 더욱더 생생하게 느껴져요 우왕굳~ 티비랑 연동하니 볼륨 숫자가 화면에 안나오고 스피커를 봐야 해서 그점이 좀 불편합니다ㅠ 아쉽",
    "Source": "쇼핑몰",
    "Domain": "가전",
    "MainCategory": "영상/음향가전",
    "ProductName": "JBL BAR 5.0 MULTIBEAM 정품",
    "ReviewScore": "5",
    "Syllable": "107",
    "Word": "25",
    "RDate": "20220225",
    "Aspects": [
      {
        "Aspect": "음량/음질",
        "SentimentText": "사운드가 좋으니 더욱더 생생하게 느껴져요 우왕굳~",
        "SentimentWord": "6",
        "SentimentPolarity": "1"
      },
      {
        "Aspect": "편의성",
        "SentimentText": "티비랑 연동하니 볼륨 숫자가 화면에 안나오고 스피커를 봐야 해서 그점이 좀 불편합니다ㅠ 아쉽",
        "SentimentWord": "13",
        "SentimentPolarity": "-1"
      }
    ]
  },
  {
    "Index": "15068",
    "RawText": "리모컨 매트한 고무재질이라 만듦새가 좋아요~ 스피커 음량 저에게 신세계를 경험시켜주네요 너무 만족합니다^^",
    "Source": "쇼핑몰",
    "Domain": "가전",
    "MainCategory": "영상/음향가전",
    "ProductName": "JBL BAR 5.0 MULTIBEAM 정품",
    "ReviewScore": "5",
    "Syllable": "59",
    "Word": "12",
    "RDate": "20220222",
    "Aspects": [
      {
        "Aspect": "소재",
        "SentimentText": "리모컨 매트한 고무재질이라 만듦새가 좋아요~",
        "SentimentWord": "5",
        "SentimentPolarity": "1"
      },
      {
        "Aspect": "음량/음질",
        "SentimentText": "스피커 음량 저에게 신세계를 경험시켜주네요 너무 만족합니다^^",
        "SentimentWord": "7",
        "SentimentPolarity": "1"
      }
    ]
  },
  {
    "Index": "15070",
    "RawText": "할인받아서 저렴한 가격에 구매해서 좋아요 사운드도 아주 빵빵하고 만족합니다. 기능은 생각보다 별로라 아쉽네요ㅡㅡ",
    "Source": "쇼핑몰",
    "Domain": "가전",
    "MainCategory": "영상/음향가전",
    "ProductName": "JBL BAR 5.0 MULTIBEAM 정품",
    "ReviewScore": "5",
    "Syllable": "62",
    "Word": "13",
    "RDate": "20220303",
    "GeneralPolarity": "0",
    "Aspects": [
      {
        "Aspect": "가격",
        "SentimentText": "할인받아서 저렴한 가격에 구매해서 좋아요",
        "SentimentWord": "5",
        "SentimentPolarity": "1"
      },
      {
        "Aspect": "음량/음질",
        "SentimentText": "사운드도 아주 빵빵하고 만족합니다.",
        "SentimentWord": "4",
        "SentimentPolarity": "1"
      },
      {
        "Aspect": "기능",
        "SentimentText": "기능은 생각보다 별로라 아쉽네요ㅡㅡ",
        "SentimentWord": "4",
        "SentimentPolarity": "-1"
      }
    ]
  },
  {
    "Index": "15071",
    "RawText": "블루투스 연결 잘되서 굿^^ 소리가 기가막히게 정말 좋고 멀리 잘 퍼지네요~~굿^^",
    "Source": "쇼핑몰",
    "Domain": "가전",
    "MainCategory": "영상/음향가전",
    "ProductName": "JBL BAR 5.0 MULTIBEAM 정품",
    "ReviewScore": "5",
    "Syllable": "46",
    "Word": "11",
    "RDate": "20220723",
    "Aspects": [
      {
        "Aspect": "기능",
        "SentimentText": "블루투스 연결 잘되서 굿^^ ",
        "SentimentWord": "4",
        "SentimentPolarity": "1"
      },
      {
        "Aspect": "음량/음질",
        "SentimentText": "소리가 기가막히게 정말 좋고 멀리 잘 퍼지네요~~굿^^",
        "SentimentWord": "7",
        "SentimentPolarity": "1"
      }
    ]
  },
  {
    "Index": "15072",
    "RawText": "컴퓨터, 또는 스마트폰과 연결하여 사용가능 한것도 큰 장점이라 굿이네요~ 설치하고 청음해보니까  소리 정말 크니까 너무 좋아요!! 울림 부분도 잘잡히고 정말 소리 잘 울려퍼지네요 굳!",
    "Source": "쇼핑몰",
    "Domain": "가전",
    "MainCategory": "영상/음향가전",
    "ProductName": "JBL BAR 5.0 MULTIBEAM 정품",
    "ReviewScore": "5",
    "Syllable": "102",
    "Word": "24",
    "RDate": "20220723",
    "Aspects": [
      {
        "Aspect": "조작성",
        "SentimentText": "컴퓨터, 또는 스마트폰과 연결하여 사용가능 한것도 큰 장점이라 굿이네요~",
        "SentimentWord": "9",
        "SentimentPolarity": "1"
      },
      {
        "Aspect": "음량/음질",
        "SentimentText": "설치하고 청음해보니까  소리 정말 크니까 너무 좋아요!! 울림 부분도 잘잡히고 정말 소리 잘 울려퍼지네요 굳!",
        "SentimentWord": "15",
        "SentimentPolarity": "1"
      }
    ]
  },
  {
    "Index": "15073",
    "RawText": "음질이 상당히 좋으니까 후회없는선택으로 만족합니다. 저렴하게 행사가격에 구입해서 더 좋아요^^",
    "Source": "쇼핑몰",
    "Domain": "가전",
    "MainCategory": "영상/음향가전",
    "ProductName": "JBL BAR 5.0 MULTIBEAM 정품",
    "ReviewScore": "5",
    "Syllable": "52",
    "Word": "10",
    "RDate": "20220603",
    "GeneralPolarity": "1",
    "Aspects": [
      {
        "Aspect": "음량/음질",
        "SentimentText": "음질이 상당히 좋으니까 후회없는선택으로 만족합니다",
        "SentimentWord": "5",
        "SentimentPolarity": "1"
      },
      {
        "Aspect": "가격",
        "SentimentText": "저렴하게 행사가격에 구입해서 더 좋아요^",
        "SentimentWord": "5",
        "SentimentPolarity": "1"
      }
    ]
  },
  {
    "Index": "15074",
    "RawText": "외관이 심플하고 모던하네요^^ 음향 빠방하게 보고 싶을땐 이제품 강추!!",
    "Source": "쇼핑몰",
    "Domain": "가전",
    "MainCategory": "영상/음향가전",
    "ProductName": "JBL BAR 5.0 MULTIBEAM 정품",
    "ReviewScore": "5",
    "Syllable": "40",
    "Word": "9",
    "RDate": "20220127",
    "Aspects": [
      {
        "Aspect": "디자인",
        "SentimentText": "외관이 심플하고 모던하네요^^",
        "SentimentWord": "3",
        "SentimentPolarity": "1"
      },
      {
        "Aspect": "음량/음질",
        "SentimentText": "음향 빠방하게 보고 싶을땐 이제품 강추!!",
        "SentimentWord": "6",
        "SentimentPolarity": "1"
      }
    ]
  },
  {
    "Index": "15077",
    "RawText": "사운드가 깨끗해서 너무 맘에 들어요~ 가성비가 참 좋아요 이제품에 이가격 짱!",
    "Source": "쇼핑몰",
    "Domain": "가전",
    "MainCategory": "영상/음향가전",
    "ProductName": "JBL BAR 5.0 MULTIBEAM 정품",
    "ReviewScore": "5",
    "Syllable": "43",
    "Word": "11",
    "RDate": "20220223",
    "GeneralPolarity": "1",
    "Aspects": [
      {
        "Aspect": "음량/음질",
        "SentimentText": "사운드가 깨끗해서 너무 맘에 들어요~",
        "SentimentWord": "5",
        "SentimentPolarity": "1"
      },
      {
        "Aspect": "가격",
        "SentimentText": "가성비가 참 좋아요 이제품에 이가격 짱!",
        "SentimentWord": "6",
        "SentimentPolarity": "1"
      }
    ]
  },
  {
    "Index": "15078",
    "RawText": "사운드바 가지고 싶었는데 영화관처럼 음질이 좋아요!! 명곡을 들으면 연주회 온것같고 최고예요 사운드바 소재도 단단해보이고 만족스럽습니다.",
    "Source": "쇼핑몰",
    "Domain": "가전",
    "MainCategory": "영상/음향가전",
    "ProductName": "JBL BAR 5.0 MULTIBEAM 정품",
    "ReviewScore": "5",
    "Syllable": "76",
    "Word": "15",
    "RDate": "20220128",
    "GeneralPolarity": "1",
    "Aspects": [
      {
        "Aspect": "음량/음질",
        "SentimentText": "사운드바 가지고 싶었는데 영화관처럼 음질이 좋아요!! 명곡을 들으면 연주회 온것같고 최고예요",
        "SentimentWord": "11",
        "SentimentPolarity": "1"
      },
      {
        "Aspect": "소재",
        "SentimentText": "사운드바 소재도 단단해보이고 만족스럽습니다.",
        "SentimentWord": "4",
        "SentimentPolarity": "1"
      }
    ]
  },
  {
    "Index": "15081",
    "RawText": "이틀만에 빠르게 설치하러 오셨어요 설치하는데 애먹으셨는데 끝까지 친절히시기 까지 굳굳 사운드바 소리 너무 잘들리고 선명하니 좋네요 할인행사기간에 아주 좋은가격으로 잘샀어요~굳",
    "Source": "쇼핑몰",
    "Domain": "가전",
    "MainCategory": "영상/음향가전",
    "ProductName": "JBL BAR 5.0 MULTIBEAM 정품",
    "ReviewScore": "5",
    "Syllable": "97",
    "Word": "20",
    "RDate": "20220222",
    "Aspects": [
      {
        "Aspect": "음량/음질",
        "SentimentText": "사운드바 소리 너무 잘들리고 선명하니 좋네요",
        "SentimentWord": "6",
        "SentimentPolarity": "1"
      },
      {
        "Aspect": "가격",
        "SentimentText": "할인행사기간에 아주 좋은가격으로 잘샀어요~굳",
        "SentimentWord": "4",
        "SentimentPolarity": "1"
      }
    ]
  },
  {
    "Index": "15082",
    "RawText": "처음써보는데 품질이 정말 좋아요 서브우퍼가 없는데 베이스가 이정도까지 웅장하게 들리다니 최고예요 볼륨이 커질수록 사방에서 소리가 들리는 것같아요 너무만족스럽습니다. 음질이 짱!!",
    "Source": "쇼핑몰",
    "Domain": "가전",
    "MainCategory": "영상/음향가전",
    "ProductName": "JBL BAR 5.0 MULTIBEAM 정품",
    "ReviewScore": "5",
    "Syllable": "99",
    "Word": "20",
    "RDate": "20220226",
    "GeneralPolarity": "1",
    "Aspects": [
      {
        "Aspect": "품질",
        "SentimentText": "처음써보는데 품질이 정말 좋아요",
        "SentimentWord": "4",
        "SentimentPolarity": "1"
      },
      {
        "Aspect": "음량/음질",
        "SentimentText": "서브우퍼가 없는데 베이스가 이정도까지 웅장하게 들리다니 최고예요",
        "SentimentWord": "7",
        "SentimentPolarity": "1"
      },
      {
        "Aspect": "음량/음질",
        "SentimentText": "볼륨이 커질수록 사방에서 소리가 들리는 것같아요 너무만족스럽습니다. 음질이 짱!! ",
        "SentimentWord": "9",
        "SentimentPolarity": "1"
      }
    ]
  },
  {
    "Index": "15084",
    "RawText": "사운드바  와우 타제품과 비교가 안되게 음향 너무 좋아요 !! 가성비는 확실히 좋은거 같습니다^^",
    "Source": "쇼핑몰",
    "Domain": "가전",
    "MainCategory": "영상/음향가전",
    "ProductName": "JBL BAR 5.0 MULTIBEAM 정품",
    "ReviewScore": "5",
    "Syllable": "54",
    "Word": "13",
    "RDate": "20220602",
    "Aspects": [
      {
        "Aspect": "음량/음질",
        "SentimentText": "사운드바  와우 타제품과 비교가 안되게 음향 너무 좋아요 !!",
        "SentimentWord": "9",
        "SentimentPolarity": "1"
      },
      {
        "Aspect": "가격",
        "SentimentText": "가성비는 확실히 좋은거 같습니다^^",
        "SentimentWord": "4",
        "SentimentPolarity": "1"
      }
    ]
  },
  {
    "Index": "15085",
    "RawText": "설치도 쉽고 사용법도 간단하니까 너무 좋아요 음질도 티비스피커랑은 확실이 다르니까 구입하길 잘했네요 ㅎㅎ",
    "Source": "쇼핑몰",
    "Domain": "가전",
    "MainCategory": "영상/음향가전",
    "ProductName": "JBL BAR 5.0 MULTIBEAM 정품",
    "ReviewScore": "5",
    "Syllable": "58",
    "Word": "13",
    "RDate": "20220228",
    "GeneralPolarity": "1",
    "Aspects": [
      {
        "Aspect": "조작성",
        "SentimentText": "설치도 쉽고 사용법도 간단하니까 너무 좋아요",
        "SentimentWord": "6",
        "SentimentPolarity": "1"
      },
      {
        "Aspect": "음량/음질",
        "SentimentText": "음질도 티비스피커랑은 확실이 다르니까 구입하길 잘했네요 ㅎㅎ",
        "SentimentWord": "7",
        "SentimentPolarity": "1"
      }
    ]
  },
  {
    "Index": "15086",
    "RawText": "사운드바로 생생한 소리 듣는 호사를 누렸어요 대박 만족! OOO 사운드바 역시 유명한 만큼 탁월한 선택이었습니다 굳",
    "Source": "쇼핑몰",
    "Domain": "가전",
    "MainCategory": "영상/음향가전",
    "ProductName": "JBL BAR 5.0 MULTIBEAM 정품",
    "ReviewScore": "5",
    "Syllable": "64",
    "Word": "16",
    "RDate": "20220201",
    "GeneralPolarity": "1",
    "Aspects": [
      {
        "Aspect": "음량/음질",
        "SentimentText": "사운드바로 생생한 소리 듣는 호사를 누렸어요 대박 만족!",
        "SentimentWord": "8",
        "SentimentPolarity": "1"
      },
      {
        "Aspect": "제조일/제조사",
        "SentimentText": "OOO 사운드바 역시 유명한 만큼 탁월한 선택이었습니다 굳",
        "SentimentWord": "8",
        "SentimentPolarity": "1"
      }
    ]
  },
  {
    "Index": "15088",
    "RawText": "역시 사운드바가 티비소리보다 음질이 엄청 좋아요 블루투스나 인터넷방송 음악감상이 팡팡 진동이 느껴지고 선명해서 잘샀어요^^ ",
    "Source": "쇼핑몰",
    "Domain": "가전",
    "MainCategory": "영상/음향가전",
    "ProductName": "JBL BAR 5.0 MULTIBEAM 정품",
    "ReviewScore": "5",
    "Syllable": "69",
    "Word": "14",
    "RDate": "20220803",
    "GeneralPolarity": "1",
    "Aspects": [
      {
        "Aspect": "음량/음질",
        "SentimentText": "역시 사운드바가 티비소리보다 음질이 엄청 좋아요",
        "SentimentWord": "6",
        "SentimentPolarity": "1"
      },
      {
        "Aspect": "음량/음질",
        "SentimentText": "블루투스나 인터넷방송 음악감상이 팡팡 진동이 느껴지고 선명해서 잘샀어요^^",
        "SentimentWord": "8",
        "SentimentPolarity": "1"
      }
    ]
  },
  {
    "Index": "15090",
    "RawText": "사운드바로 들으니 영화도 음악도 더 부드러운 음감으로 들리니 좋네요 돌비애트모스 기능도 있어서 영화 볼때 입체적으로 들을 수 있어서 좋아요~",
    "Source": "쇼핑몰",
    "Domain": "가전",
    "MainCategory": "영상/음향가전",
    "ProductName": "JBL BAR 5.0 MULTIBEAM 정품",
    "ReviewScore": "5",
    "Syllable": "78",
    "Word": "19",
    "RDate": "20220306",
    "GeneralPolarity": "1",
    "Aspects": [
      {
        "Aspect": "음량/음질",
        "SentimentText": "사운드바로 들으니 영화도 음악도 더 부드러운 음감으로 들리니 좋네요",
        "SentimentWord": "9",
        "SentimentPolarity": "1"
      },
      {
        "Aspect": "기능",
        "SentimentText": "돌비애트모스 기능도 있어서 영화 볼때 입체적으로 들을 수 있어서 좋아요~",
        "SentimentWord": "10",
        "SentimentPolarity": "1"
      }
    ]
  },
  {
    "Index": "15094",
    "RawText": "사운드바만으로도 사운드를 충분히 즐길 수있어서 만족합니다.  브라켓으로 사운드바를 설치하니까 인테리어로도 아름다워요^^",
    "Source": "쇼핑몰",
    "Domain": "가전",
    "MainCategory": "영상/음향가전",
    "ProductName": "JBL BAR 5.0 MULTIBEAM 정품",
    "ReviewScore": "5",
    "Syllable": "66",
    "Word": "11",
    "RDate": "20220128",
    "GeneralPolarity": "1",
    "Aspects": [
      {
        "Aspect": "음량/음질",
        "SentimentText": "사운드바만으로도 사운드를 충분히 즐길 수있어서 만족합니다.",
        "SentimentWord": "6",
        "SentimentPolarity": "1"
      },
      {
        "Aspect": "디자인",
        "SentimentText": "브라켓으로 사운드바를 설치하니까 인테리어로도 아름다워요^^",
        "SentimentWord": "5",
        "SentimentPolarity": "1"
      }
    ]
  },
  {
    "Index": "15106",
    "RawText": "모니터 리모콘으로 파워 및 음량 조절도 되고 편합니다 음악 음질도 매우 좋아요 그리고 영화볼때도 실감났어요^^",
    "Source": "쇼핑몰",
    "Domain": "가전",
    "MainCategory": "영상/음향가전",
    "ProductName": "JBL BAR 5.0 MULTIBEAM 정품",
    "ReviewScore": "5",
    "Syllable": "61",
    "Word": "15",
    "RDate": "20220226",
    "Aspects": [
      {
        "Aspect": "조작성",
        "SentimentText": "모니터 리모콘으로 파워 및 음량 조절도 되고 편합니다",
        "SentimentWord": "8",
        "SentimentPolarity": "1"
      },
      {
        "Aspect": "음량/음질",
        "SentimentText": "음악 음질도 매우 좋아요 그리고 영화볼때도 실감났어요^^",
        "SentimentWord": "7",
        "SentimentPolarity": "1"
      }
    ]
  },
  {
    "Index": "15108",
    "RawText": "가격대비 품질 최고에요~  집에서쓰기 과분할 만큼 음량이 빵빵하니 좋습니다.^^ ",
    "Source": "쇼핑몰",
    "Domain": "가전",
    "MainCategory": "영상/음향가전",
    "ProductName": "JBL BAR 5.0 MULTIBEAM 정품",
    "ReviewScore": "5",
    "Syllable": "45",
    "Word": "9",
    "RDate": "20220219",
    "Aspects": [
      {
        "Aspect": "품질",
        "SentimentText": "가격대비 품질 최고에요~",
        "SentimentWord": "3",
        "SentimentPolarity": "1"
      },
      {
        "Aspect": "음량/음질",
        "SentimentText": "집에서쓰기 과분할 만큼 음량이 빵빵하니 좋습니다.^^",
        "SentimentWord": "6",
        "SentimentPolarity": "1"
      }
    ]
  },
  {
    "Index": "15111",
    "RawText": "직배송으로 빠르게 받았어요 완전 만족~ 직접 설치해봤는데 간편하니 쉬워요 굳 확실히 tv음질하고는 비교불가입니다!!! 음질좋고 베이스까지 완전 풍부하네요 귀호강~^^",
    "Source": "쇼핑몰",
    "Domain": "가전",
    "MainCategory": "영상/음향가전",
    "ProductName": "JBL BAR 5.0 MULTIBEAM 정품",
    "ReviewScore": "5",
    "Syllable": "92",
    "Word": "18",
    "RDate": "20220222",
    "Aspects": [
      {
        "Aspect": "조작성",
        "SentimentText": "직접 설치해봤는데 간편하니 쉬워요 굳",
        "SentimentWord": "5",
        "SentimentPolarity": "1"
      },
      {
        "Aspect": "음량/음질",
        "SentimentText": "확실히 tv음질하고는 비교불가입니다!!! 음질좋고 베이스까지 완전 풍부하네요 귀호강~^^",
        "SentimentWord": "8",
        "SentimentPolarity": "1"
      }
    ]
  },
  {
    "Index": "15115",
    "RawText": "사운드바 집에서도 빵빵하게 잘 사용하고 있어요^^ 싼 가격에 잘 구매했어요~",
    "Source": "쇼핑몰",
    "Domain": "가전",
    "MainCategory": "영상/음향가전",
    "ProductName": "JBL BAR 5.0 MULTIBEAM 정품",
    "ReviewScore": "5",
    "Syllable": "42",
    "Word": "10",
    "RDate": "20220223",
    "Aspects": [
      {
        "Aspect": "음량/음질",
        "SentimentText": "사운드바 집에서도 빵빵하게 잘 사용하고 있어요^^",
        "SentimentWord": "6",
        "SentimentPolarity": "1"
      },
      {
        "Aspect": "가격",
        "SentimentText": "싼 가격에 잘 구매했어요~",
        "SentimentWord": "4",
        "SentimentPolarity": "1"
      }
    ]
  },
  {
    "Index": "15116",
    "RawText": "사운드바 소리가 부드러우니 너무 좋네요~~ 싼 가격에 잘 구매했어요~ ",
    "Source": "쇼핑몰",
    "Domain": "가전",
    "MainCategory": "영상/음향가전",
    "ProductName": "JBL BAR 5.0 MULTIBEAM 정품",
    "ReviewScore": "4",
    "Syllable": "39",
    "Word": "9",
    "RDate": "20220605",
    "Aspects": [
      {
        "Aspect": "음량/음질",
        "SentimentText": "사운드바 소리가 부드러우니 너무 좋네요~~",
        "SentimentWord": "5",
        "SentimentPolarity": "1"
      },
      {
        "Aspect": "가격",
        "SentimentText": "싼 가격에 잘 구매했어요~",
        "SentimentWord": "4",
        "SentimentPolarity": "1"
      }
    ]
  },
  {
    "Index": "15121",
    "RawText": "설치시간은 5분 남짓밖에 안걸릴정도로 직접설치하기에 쉽습니다 굳 소리가 울림이 좋아서 볼륨도 굳이 안높여도돼요 음질 정말 짱짱~",
    "Source": "쇼핑몰",
    "Domain": "가전",
    "MainCategory": "영상/음향가전",
    "ProductName": "JBL BAR 5.0 MULTIBEAM 정품",
    "ReviewScore": "5",
    "Syllable": "71",
    "Word": "16",
    "RDate": "20220723",
    "GeneralPolarity": "1",
    "Aspects": [
      {
        "Aspect": "조작성",
        "SentimentText": "설치시간은 5분 남짓밖에 안걸릴정도로 직접설치하기에 쉽습니다 굳",
        "SentimentWord": "7",
        "SentimentPolarity": "1"
      },
      {
        "Aspect": "음량/음질",
        "SentimentText": "소리가 울림이 좋아서 볼륨도 굳이 안높여도돼요 음질 정말 짱짱~",
        "SentimentWord": "9",
        "SentimentPolarity": "1"
      }
    ]
  },
  {
    "Index": "15123",
    "RawText": "말소리가 또렷이 들려서 영화볼때 볼맛나요 최고에요~ 사이즈도 딱 적당하니 맘에듭니다 배송이 빨랐습니다 대만족배송~^^",
    "Source": "쇼핑몰",
    "Domain": "가전",
    "MainCategory": "영상/음향가전",
    "ProductName": "JBL BAR 5.0 MULTIBEAM 정품",
    "ReviewScore": "5",
    "Syllable": "65",
    "Word": "13",
    "RDate": "20220218",
    "Aspects": [
      {
        "Aspect": "음량/음질",
        "SentimentText": "말소리가 또렷이 들려서 영화볼때 볼맛나요 최고에요~",
        "SentimentWord": "6",
        "SentimentPolarity": "1"
      },
      {
        "Aspect": "사이즈",
        "SentimentText": "사이즈도 딱 적당하니 맘에듭니다",
        "SentimentWord": "4",
        "SentimentPolarity": "1"
      }
    ]
  },
  {
    "Index": "15124",
    "RawText": "소리 짱짱하고 울림도 있고 아주 듣기 좋습니다 최고에요! 사운드바 나름괜찮아요가격대비~ ",
    "Source": "쇼핑몰",
    "Domain": "가전",
    "MainCategory": "영상/음향가전",
    "ProductName": "JBL BAR 5.0 MULTIBEAM 정품",
    "ReviewScore": "5",
    "Syllable": "49",
    "Word": "10",
    "RDate": "20220226",
    "Aspects": [
      {
        "Aspect": "음량/음질",
        "SentimentText": "소리 짱짱하고 울림도 있고 아주 듣기 좋습니다 최고에요!",
        "SentimentWord": "8",
        "SentimentPolarity": "1"
      },
      {
        "Aspect": "가격",
        "SentimentText": "사운드바 나름괜찮아요가격대비~",
        "SentimentWord": "2",
        "SentimentPolarity": "1"
      }
    ]
  },
  {
    "Index": "15125",
    "RawText": "소리 크기 1도 제기준에는 너무 커요 ㅠㅠ 조금더 작게 들을수 있게 기능이 있었으면 좋겠어요  하지만 음질은 너무 좋아서 만족하면서 쓰고 있어요 짱짱",
    "Source": "쇼핑몰",
    "Domain": "가전",
    "MainCategory": "영상/음향가전",
    "ProductName": "JBL BAR 5.0 MULTIBEAM 정품",
    "ReviewScore": "3",
    "Syllable": "83",
    "Word": "22",
    "RDate": "20220508",
    "GeneralPolarity": "0",
    "Aspects": [
      {
        "Aspect": "기능",
        "SentimentText": "소리 크기 1도 제기준에는 너무 커요 ㅠㅠ 조금더 작게 들을수 있게 기능이 있었으면 좋겠어요 ",
        "SentimentWord": "14",
        "SentimentPolarity": "-1"
      },
      {
        "Aspect": "음량/음질",
        "SentimentText": "하지만 음질은 너무 좋아서 만족하면서 쓰고 있어요 짱짱",
        "SentimentWord": "8",
        "SentimentPolarity": "1"
      }
    ]
  }
]