[
  {
    "Index": "9480",
    "RawText": "우선 매번 느끼지만 빠른배송에 감동합니다 디자인이며 편리성에 모두 만족합니다. 상가성비 음질또한 최고인듯 구매에 고민하시는분  적극추천 합니다",
    "Source": "SNS",
    "Domain": "가전",
    "MainCategory": "영상/음향가전",
    "ProductName": "(초특가_직택배) E.E.R FREE 블루투스 이어폰 1+1",
    "ReviewScore": "100",
    "Syllable": "79",
    "Word": "16",
    "RDate": "20190609",
    "Aspects": [
      {
        "Aspect": "디자인",
        "SentimentText": "디자인이며 편리성에 모두 만족합니다.",
        "SentimentWord": "4",
        "SentimentPolarity": "1"
      },
      {
        "Aspect": "편의성",
        "SentimentText": "편리성에 모두 만족합니다.",
        "SentimentWord": "3",
        "SentimentPolarity": "1"
      },
      {
        "Aspect": "가격",
        "SentimentText": "상가성비 음질또한 최고인듯 구매에 고민하시는분  적극추천 합니다",
        "SentimentWord": "7",
        "SentimentPolarity": "1"
      },
      {
        "Aspect": "음량/음질",
        "SentimentText": "음질또한 최고인듯 구매에 고민하시는분  적극추천 합니다",
        "SentimentWord": "6",
        "SentimentPolarity": "1"
      }
    ]
  },
  {
    "Index": "9481",
    "RawText": "받자마자 기대반 했는데. 너무사용 하기편합니다. 사용 방법도 간단하고   저처럼 외근 많으신분 좋습니다. 블루투스 5.0이라서 믿음가고 좋네요. 많이 파세요.",
    "Source": "SNS",
    "Domain": "가전",
    "MainCategory": "영상/음향가전",
    "ProductName": "(초특가_직택배) E.E.R FREE 블루투스 이어폰 1+1",
    "ReviewScore": "100",
    "Syllable": "88",
    "Word": "18",
    "RDate": "20190603",
    "GeneralPolarity": "1",
    "Aspects": [
      {
        "Aspect": "편의성",
        "SentimentText": "너무사용 하기편합니다.",
        "SentimentWord": "2",
        "SentimentPolarity": "1"
      },
      {
        "Aspect": "조작성",
        "SentimentText": "사용 방법도 간단하고   저처럼 외근 많으신분 좋습니다.",
        "SentimentWord": "7",
        "SentimentPolarity": "1"
      },
      {
        "Aspect": "기능",
        "SentimentText": "블루투스 5.0이라서 믿음가고 좋네요.",
        "SentimentWord": "4",
        "SentimentPolarity": "1"
      }
    ]
  },
  {
    "Index": "9482",
    "RawText": "받아보니 모양이 생각과 다르지만 세련되어 맘에 들어요 귀에 꼭 넣지안음ᆢ 빠지기인쑤고~ 사용해서 반품할 수도 없고 비추입니다 블루투스이어폰으로된거  올 00에다 00으로 다시 주문했네요 ㅠㆍㅠ",
    "Source": "SNS",
    "Domain": "가전",
    "MainCategory": "영상/음향가전",
    "ProductName": "(초특가_직택배) E.E.R FREE 블루투스 이어폰 1+1",
    "ReviewScore": "20",
    "Syllable": "107",
    "Word": "23",
    "RDate": "20190718",
    "Aspects": [
      {
        "Aspect": "디자인",
        "SentimentText": "받아보니 모양이 생각과 다르지만 세련되어 맘에 들어요",
        "SentimentWord": "7",
        "SentimentPolarity": "0"
      },
      {
        "Aspect": "편의성",
        "SentimentText": "귀에 꼭 넣지안음ᆢ 빠지기인쑤고~",
        "SentimentWord": "4",
        "SentimentPolarity": "-1"
      }
    ]
  },
  {
    "Index": "9483",
    "RawText": "귀에도 쏙~맞고 런닝머신할때도 진짜 안빠지네요 남편도 사달라고 졸라대네요 정말 맘에 드는 상품이네요",
    "Source": "SNS",
    "Domain": "가전",
    "MainCategory": "영상/음향가전",
    "ProductName": "(혼합_초특가_직송) E.E.R FREE 블루투스 이어폰",
    "ReviewScore": "100",
    "Syllable": "55",
    "Word": "12",
    "RDate": "20200115",
    "GeneralPolarity": "1",
    "Aspects": [
      {
        "Aspect": "사이즈",
        "SentimentText": "귀에도 쏙~맞고런닝머신할때도 진짜 안빠지네요",
        "SentimentWord": "4",
        "SentimentPolarity": "1"
      },
      {
        "Aspect": "편의성",
        "SentimentText": "런닝머신할때도 진짜 안빠지네요",
        "SentimentWord": "3",
        "SentimentPolarity": "1"
      }
    ]
  },
  {
    "Index": "9484",
    "RawText": "이어폰에   전화받기 버튼이  조금 불편해요  소프트하지않아서  신경쓰여요  반품하고 싶은데  다 뜬어버려서  못하네요    음질이랑  통화는 괜찮아요",
    "Source": "SNS",
    "Domain": "가전",
    "MainCategory": "영상/음향가전",
    "ProductName": "(혼합_초특가_직송) E.E.R FREE 블루투스 이어폰",
    "ReviewScore": "100",
    "Syllable": "84",
    "Word": "15",
    "RDate": "20200112",
    "GeneralPolarity": "0",
    "Aspects": [
      {
        "Aspect": "조작성",
        "SentimentText": "전화받기 버튼이  조금 불편해요",
        "SentimentWord": "4",
        "SentimentPolarity": "-1"
      },
      {
        "Aspect": "조작성",
        "SentimentText": "소프트하지않아서  신경쓰여요  ",
        "SentimentWord": "2",
        "SentimentPolarity": "-1"
      },
      {
        "Aspect": "음량/음질",
        "SentimentText": " 음질이랑  통화는 괜찮아요",
        "SentimentWord": "3",
        "SentimentPolarity": "1"
      }
    ]
  },
  {
    "Index": "9485",
    "RawText": "한두시간 음악이나 전화가 오지 않으면 자동으로 끊어져 불편합니다  살짝살짝 통화중 작음도 발생해서 아쉽네요 통화중 이상 현상도 생깁니다.. 혹시나 했는데 역시나 입니다",
    "Source": "SNS",
    "Domain": "가전",
    "MainCategory": "영상/음향가전",
    "ProductName": "(혼합_초특가_직송) E.E.R FREE 블루투스 이어폰",
    "ReviewScore": "30",
    "Syllable": "93",
    "Word": "21",
    "RDate": "20200118",
    "GeneralPolarity": "-1",
    "Aspects": [
      {
        "Aspect": "편의성",
        "SentimentText": "한두시간 음악이나 전화가 오지 않으면 자동으로 끊어져 불편합니다",
        "SentimentWord": "8",
        "SentimentPolarity": "-1"
      },
      {
        "Aspect": "소음",
        "SentimentText": "살짝살짝 통화중 작음도 발생해서 아쉽네요",
        "SentimentWord": "5",
        "SentimentPolarity": "0"
      }
    ]
  },
  {
    "Index": "9486",
    "RawText": "성능면에서는 다좋은데 분명 방송에서 전화올때 핸드폰에 저장된 이름이 음성으로 알려준다고했는데 010-0000-0000으로 알려줍니다 좋은 가격에 잘 산것 같아 기분이 좋습니다",
    "Source": "SNS",
    "Domain": "가전",
    "MainCategory": "영상/음향가전",
    "ProductName": "(혼합_초특가_직송) E.E.R FREE 블루투스 이어폰 1+1",
    "ReviewScore": "90",
    "Syllable": "97",
    "Word": "19",
    "RDate": "20200110",
    "GeneralPolarity": "1",
    "Aspects": [
      {
        "Aspect": "기능",
        "SentimentText": "성능면에서는 다좋은데",
        "SentimentWord": "2",
        "SentimentPolarity": "1"
      },
      {
        "Aspect": "가격",
        "SentimentText": "좋은 가격에 잘 산것 같아 기분이 좋습니다 ",
        "SentimentWord": "7",
        "SentimentPolarity": "1"
      }
    ]
  },
  {
    "Index": "9487",
    "RawText": "배송잘받았습니다 가격대비 괜찮아요 OOO보단 사이즈가 더커서 좋고요  전 블랙색상했는데 깔끔해 보이는 디자인이라서 만족합니다 통화품질도 괜찮더라구요",
    "Source": "SNS",
    "Domain": "가전",
    "MainCategory": "영상/음향가전",
    "ProductName": "ATHENA Beat 무선이어폰/에어팟/에어팟디자인/블루투스 이어폰",
    "ReviewScore": "100",
    "Syllable": "82",
    "Word": "15",
    "RDate": "20191012",
    "Aspects": [
      {
        "Aspect": "가격",
        "SentimentText": "가격대비 괜찮아요",
        "SentimentWord": "2",
        "SentimentPolarity": "1"
      },
      {
        "Aspect": "사이즈",
        "SentimentText": "OOO보단 사이즈가 더커서 좋고요 ",
        "SentimentWord": "4",
        "SentimentPolarity": "1"
      },
      {
        "Aspect": "디자인",
        "SentimentText": " 깔끔해 보이는 디자인이라서 만족합니다",
        "SentimentWord": "4",
        "SentimentPolarity": "1"
      },
      {
        "Aspect": "음량/음질",
        "SentimentText": "통화품질도 괜찮더라구요",
        "SentimentWord": "2",
        "SentimentPolarity": "1"
      }
    ]
  },
  {
    "Index": "9488",
    "RawText": "여느 고가제품들하고 겨눠도 뒤쳐지질만큼 가성비 좋아요  음질도 좋고 정말 맘에 듭니다. 단골등록해놓고 또 구매할게요..배송도 빠르고  완전 좋아요~",
    "Source": "SNS",
    "Domain": "가전",
    "MainCategory": "영상/음향가전",
    "ProductName": "ATHENA Beat 무선이어폰/에어팟/에어팟디자인/블루투스 이어폰",
    "ReviewScore": "100",
    "Syllable": "82",
    "Word": "17",
    "RDate": "20190415",
    "Aspects": [
      {
        "Aspect": "가격",
        "SentimentText": "여느 고가제품들하고 겨눠도 뒤쳐지질만큼 가성비 좋아요 ",
        "SentimentWord": "6",
        "SentimentPolarity": "1"
      },
      {
        "Aspect": "음량/음질",
        "SentimentText": " 음질도 좋고 정말 맘에 듭니다",
        "SentimentWord": "5",
        "SentimentPolarity": "1"
      }
    ]
  },
  {
    "Index": "9489",
    "RawText": "음악을 들으면서 운동하려고 구매했어요~~ 역시 사용시 줄이 없어서 넘 편하네요~~음질도 선명해서 좋고, 통화 기능도 잘 되어~~적극 추천합니다^^",
    "Source": "SNS",
    "Domain": "가전",
    "MainCategory": "영상/음향가전",
    "ProductName": "ATHENA Beat 무선이어폰/에어팟/에어팟디자인/블루투스 이어폰",
    "ReviewScore": "100",
    "Syllable": "81",
    "Word": "17",
    "RDate": "20190306",
    "GeneralPolarity": "1",
    "Aspects": [
      {
        "Aspect": "편의성",
        "SentimentText": " 역시 사용시 줄이 없어서 넘 편하네요~~",
        "SentimentWord": "6",
        "SentimentPolarity": "1"
      },
      {
        "Aspect": "음량/음질",
        "SentimentText": "음질도 선명해서 좋고",
        "SentimentWord": "3",
        "SentimentPolarity": "1"
      },
      {
        "Aspect": "기능",
        "SentimentText": " 통화 기능도 잘 되어~~적극 추천합니다^^",
        "SentimentWord": "5",
        "SentimentPolarity": "1"
      }
    ]
  },
  {
    "Index": "9490",
    "RawText": "핸드폰에서도 블루투스가  잘 잡혀 좋습니다. 단 폰과 연결중인 경우 아이워치와의 링크가 잘 안되 불편하네요~폰 블루투스 꺼두면 시계와도 잘 잡힙니다.   ",
    "Source": "SNS",
    "Domain": "가전",
    "MainCategory": "영상/음향가전",
    "ProductName": "JBL Free X 블루투스 이어폰",
    "ReviewScore": "100",
    "Syllable": "86",
    "Word": "19",
    "RDate": "20190423",
    "GeneralPolarity": "0",
    "Aspects": [
      {
        "Aspect": "기능",
        "SentimentText": "핸드폰에서도 블루투스가  잘 잡혀 좋습니다.",
        "SentimentWord": "5",
        "SentimentPolarity": "1"
      },
      {
        "Aspect": "편의성",
        "SentimentText": "폰과 연결중인 경우 아이워치와의 링크가 잘 안되 불편하네요~",
        "SentimentWord": "8",
        "SentimentPolarity": "-1"
      }
    ]
  },
  {
    "Index": "9491",
    "RawText": "집안에서도 구석진 곳에 가면 페어링이끊어져서 조금 불편하네요.   반면 밧데리에 폰 충전까지 할 수 있어 장기외출시 편한장점이 있어 좋습니다",
    "Source": "SNS",
    "Domain": "가전",
    "MainCategory": "영상/음향가전",
    "ProductName": "끊김없는 블루투스이어폰/78시간재생/LED표시/완전무선/뱅퀴시",
    "ReviewScore": "70",
    "Syllable": "78",
    "Word": "18",
    "RDate": "20210325",
    "GeneralPolarity": "0",
    "Aspects": [
      {
        "Aspect": "기능",
        "SentimentText": "구석진 곳에 가면 페어링이끊어져서 조금 불편하네요. ",
        "SentimentWord": "6",
        "SentimentPolarity": "0"
      },
      {
        "Aspect": "배터리",
        "SentimentText": " 밧데리에 폰 충전까지 할 수 있어 장기외출시 편한장점이 있어 좋습니다",
        "SentimentWord": "10",
        "SentimentPolarity": "1"
      }
    ]
  },
  {
    "Index": "9492",
    "RawText": "끊김이없다고해서 샀는데 자주끊겨서 화가 납니다.교환도 해보았는데 또 그러네요~귀찮아서 안쓰고 다른홈쇼핑에서 구매해서 다른업체꺼로바꿔 쓰고있어요. 같은 가격이면 다른제품사는게 나음 기분나뻐요",
    "Source": "SNS",
    "Domain": "가전",
    "MainCategory": "영상/음향가전",
    "ProductName": "끊김없는 블루투스이어폰/78시간재생/LED표시/완전무선/뱅퀴시",
    "ReviewScore": "100",
    "Syllable": "105",
    "Word": "18",
    "RDate": "20210910",
    "GeneralPolarity": "-1",
    "Aspects": [
      {
        "Aspect": "품질",
        "SentimentText": "끊김이없다고해서 샀는데 자주끊겨서 화가 납니다",
        "SentimentWord": "5",
        "SentimentPolarity": "-1"
      },
      {
        "Aspect": "가격",
        "SentimentText": "같은 가격이면 다른제품사는게 나음 기분나뻐요",
        "SentimentWord": "5",
        "SentimentPolarity": "-1"
      }
    ]
  },
  {
    "Index": "9493",
    "RawText": "강의 들을거라서 일단  저렴한거 구입해서 써보자했는데  잡음이 있긴한데  괜찮은데요?!!   음악 듣기에는 조금 부족하지만 첨부터  용도가 달랐으니.. 가격에 비해 가성비 별로지만 나름 만족합니다",
    "Source": "SNS",
    "Domain": "가전",
    "MainCategory": "영상/음향가전",
    "ProductName": "끊김없는 블루투스이어폰/78시간재생/LED표시/완전무선/뱅퀴시",
    "ReviewScore": "100",
    "Syllable": "109",
    "Word": "22",
    "RDate": "20211002",
    "GeneralPolarity": "0",
    "Aspects": [
      {
        "Aspect": "소음",
        "SentimentText": "잡음이 있긴한데  괜찮은데요?!!",
        "SentimentWord": "3",
        "SentimentPolarity": "0"
      },
      {
        "Aspect": "가격",
        "SentimentText": "가격에 비해 가성비 별로지만 나름 만족합니다",
        "SentimentWord": "6",
        "SentimentPolarity": "0"
      }
    ]
  },
  {
    "Index": "9494",
    "RawText": "충전이 양쪽부분이 되어야 하는데 왼쪽은 충전도 안되  화나요  음악도 안나오고..오른쪽만 충전..음악 잘 나오네요 반품처리 했어요..회사측에서 품질 확인 안하고 보내 주시나요? 실망입니다 ㅠ",
    "Source": "SNS",
    "Domain": "가전",
    "MainCategory": "영상/음향가전",
    "ProductName": "끊김없는 블루투스이어폰/78시간재생/LED표시/완전무선/뱅퀴시",
    "ReviewScore": "100",
    "Syllable": "106",
    "Word": "22",
    "RDate": "20210806",
    "GeneralPolarity": "-1",
    "Aspects": [
      {
        "Aspect": "배터리",
        "SentimentText": "충전이 양쪽부분이 되어야 하는데 왼쪽은 충전도 안되  화나요",
        "SentimentWord": "8",
        "SentimentPolarity": "-1"
      },
      {
        "Aspect": "품질",
        "SentimentText": "회사측에서 품질 확인 안하고 보내 주시나요? 실망입니다 ㅠ",
        "SentimentWord": "8",
        "SentimentPolarity": "-1"
      }
    ]
  },
  {
    "Index": "9495",
    "RawText": "제품에 문제 있어 반품하려는데 진행이 원활하지도 않고, 소비자가 제품회사에 직접 전화하여 다시 설명하고 힘드네요.  확인하고 왕복 택배 비용까지  소비자가 물어야 한다니 다시 이용할 생각없다 상품의 퀄리티도 떨어지고 기대했는데 성능도 역시 별루입니다 ",
    "Source": "SNS",
    "Domain": "가전",
    "MainCategory": "영상/음향가전",
    "ProductName": "끊김없는 블루투스이어폰/78시간재생/LED표시/완전무선/뱅퀴시",
    "ReviewScore": "100",
    "Syllable": "140",
    "Word": "31",
    "RDate": "20210713",
    "Aspects": [
      {
        "Aspect": "품질",
        "SentimentText": "상품의 퀄리티도 떨어지고",
        "SentimentWord": "3",
        "SentimentPolarity": "-1"
      },
      {
        "Aspect": "기능",
        "SentimentText": "기대했는데 성능도 역시 별루입니다",
        "SentimentWord": "4",
        "SentimentPolarity": "-1"
      }
    ]
  },
  {
    "Index": "9496",
    "RawText": "와.... 가품아니고 레알! 완전 득템했어여! OO배송보다 빠르네여 ㅋㅋㅋㅋ 주문한 담날 바로 받음 완전 잘쓰고 있습니다! 음질 최고!! 역시 OOO 이름값 하네여 ㅋㅋ 배송 땜에 별 다섯개!!! ",
    "Source": "SNS",
    "Domain": "가전",
    "MainCategory": "영상/음향가전",
    "ProductName": "내부용(복사)[Apple 정품] AirPods 에어팟 2세대 유선 충전 케이스 모델 - MV7N2KH/A",
    "ReviewScore": "100",
    "Syllable": "110",
    "Word": "26",
    "RDate": "20190701",
    "Aspects": [
      {
        "Aspect": "음량/음질",
        "SentimentText": "음질 최고!!",
        "SentimentWord": "2",
        "SentimentPolarity": "1"
      },
      {
        "Aspect": "제조일/제조사",
        "SentimentText": "역시 OOO 이름값 하네여 ㅋㅋ",
        "SentimentWord": "5",
        "SentimentPolarity": "1"
      }
    ]
  },
  {
    "Index": "9497",
    "RawText": "상품은 너무 좋아요, 근데다른 무선 이어폰처럼 밖에서는 통화가 어렵습니다. 순수 음악 감상용으로는 너무 좋네요.",
    "Source": "SNS",
    "Domain": "가전",
    "MainCategory": "영상/음향가전",
    "ProductName": "브리츠 완전 무선 블루투스 5.0 이어폰 stormTWS9",
    "ReviewScore": "100",
    "Syllable": "62",
    "Word": "14",
    "RDate": "20191015",
    "GeneralPolarity": "0",
    "Aspects": [
      {
        "Aspect": "품질",
        "SentimentText": "상품은 너무 좋아요,",
        "SentimentWord": "3",
        "SentimentPolarity": "1"
      },
      {
        "Aspect": "기능",
        "SentimentText": "근데다른 무선 이어폰처럼 밖에서는 통화가 어렵습니다.",
        "SentimentWord": "6",
        "SentimentPolarity": "-1"
      },
      {
        "Aspect": "기능",
        "SentimentText": "순수 음악 감상용으로는 너무 좋네요",
        "SentimentWord": "5",
        "SentimentPolarity": "1"
      }
    ]
  },
  {
    "Index": "9498",
    "RawText": "커널형은 주변소리가 안들려서 000으로 구매했더니 음질이 최고네요  그런데 귀에 꽂는게 전 아파서 불편하네요 기본배송일보다좀더걸렸어요",
    "Source": "SNS",
    "Domain": "가전",
    "MainCategory": "영상/음향가전",
    "ProductName": "삼성 갤럭시 버즈 라이브 SM-R180N [오픈형/블랙]",
    "ReviewScore": "100",
    "Syllable": "74",
    "Word": "14",
    "RDate": "20210930",
    "Aspects": [
      {
        "Aspect": "음량/음질",
        "SentimentText": "000으로 구매했더니 음질이 최고네요",
        "SentimentWord": "4",
        "SentimentPolarity": "1"
      },
      {
        "Aspect": "편의성",
        "SentimentText": "그런데 귀에 꽂는게 전 아파서 불편하네요",
        "SentimentWord": "6",
        "SentimentPolarity": "-1"
      }
    ]
  },
  {
    "Index": "9499",
    "RawText": "배송도 빠르고 바로 자동 페어링 연결되서 편하게 듣고 있는데  사운드.. 와.. 너무 좋습니다. 뭐라고 표현해야 될지... 기대이상입니다. 감사합니다.",
    "Source": "SNS",
    "Domain": "가전",
    "MainCategory": "영상/음향가전",
    "ProductName": "소니 WF-C500 블루투스이어폰 무선 ",
    "ReviewScore": "100",
    "Syllable": "84",
    "Word": "18",
    "RDate": "20211019",
    "Aspects": [
      {
        "Aspect": "기능",
        "SentimentText": "바로 자동 페어링 연결되서 편하게 듣고 있는데 ",
        "SentimentWord": "7",
        "SentimentPolarity": "1"
      },
      {
        "Aspect": "음량/음질",
        "SentimentText": " 사운드.. 와.. 너무 좋습니다. 뭐라고 표현해야 될지... 기대이상입니다. 감사합니다.",
        "SentimentWord": "9",
        "SentimentPolarity": "1"
      }
    ]
  },
  {
    "Index": "9500",
    "RawText": "소리 잘들려요 잘쓰고있어요 OOOO볼때 편해요 무선도주문해서사용중린데 줄이있어도 뭐 쓰는데 나쁘지는않아요  품평이 늦었네요",
    "Source": "SNS",
    "Domain": "가전",
    "MainCategory": "영상/음향가전",
    "ProductName": "코원 악세서리 정품이어폰 EM1 Remote\u0026Mic",
    "ReviewScore": "60",
    "Syllable": "68",
    "Word": "12",
    "RDate": "20191130",
    "GeneralPolarity": "0",
    "Aspects": [
      {
        "Aspect": "기능",
        "SentimentText": "소리 잘들려요 잘쓰고있어요",
        "SentimentWord": "3",
        "SentimentPolarity": "1"
      },
      {
        "Aspect": "편의성",
        "SentimentText": "무선도주문해서사용중린데 줄이있어도 뭐 쓰는데 나쁘지는않아요 ",
        "SentimentWord": "5",
        "SentimentPolarity": "0"
      }
    ]
  },
  {
    "Index": "9501",
    "RawText": "OOO중 할인제품 광고를 보고 가격이 좋아서 구입했어요.제가 여자이고 귀가 작아서 이어폰이 좀 크네요....음량 좋고 성능은 괜칞습니다. ",
    "Source": "SNS",
    "Domain": "가전",
    "MainCategory": "영상/음향가전",
    "ProductName": "하빗 i98 블루투스 이어폰",
    "ReviewScore": "70",
    "Syllable": "77",
    "Word": "16",
    "RDate": "20220217",
    "Aspects": [
      {
        "Aspect": "가격",
        "SentimentText": "OOO중 할인제품 광고를 보고 가격이 좋아서 구입했어요.",
        "SentimentWord": "7",
        "SentimentPolarity": "1"
      },
      {
        "Aspect": "사이즈",
        "SentimentText": "여자이고 귀가 작아서 이어폰이 좀 크네요....",
        "SentimentWord": "6",
        "SentimentPolarity": "-1"
      },
      {
        "Aspect": "음량/음질",
        "SentimentText": "음량 좋고",
        "SentimentWord": "2",
        "SentimentPolarity": "1"
      },
      {
        "Aspect": "기능",
        "SentimentText": "성능은 괜칞습니다.",
        "SentimentWord": "2",
        "SentimentPolarity": "1"
      }
    ]
  },
  {
    "Index": "9502",
    "RawText": "이어폰은 귀에 넣어야되는데 요즘 많이 피곤한지 귀가 멍멍해서 헤드폰을 찿던중에 블루투스 되구 mp3도 되는 이 제품을 보구 구입하게 되었어요~^^ 음향등 대체적으로 만족합니다~^^",
    "Source": "SNS",
    "Domain": "가전",
    "MainCategory": "영상/음향가전",
    "ProductName": "LAAON BTH-1000 블루투스 휴대용 접이식 헤드셋",
    "ReviewScore": "100",
    "Syllable": "100",
    "Word": "22",
    "RDate": "20211219",
    "GeneralPolarity": "1",
    "Aspects": [
      {
        "Aspect": "기능",
        "SentimentText": " 헤드폰을 찿던중에 블루투스 되구 mp3도 되는 이 제품을 보구 구입하게 되었어요~^^",
        "SentimentWord": "11",
        "SentimentPolarity": "1"
      },
      {
        "Aspect": "음량/음질",
        "SentimentText": "음향등 대체적으로 만족합니다~^^",
        "SentimentWord": "3",
        "SentimentPolarity": "1"
      }
    ]
  },
  {
    "Index": "9503",
    "RawText": "저렴한 비용에 혹해서 샀습니다  스피커만 집에있는거와 페어링이 되면 좋겠는데  방송분 설명을 보니 그건 안되는거 같아요.  음질 않좋아서 반품합니다",
    "Source": "SNS",
    "Domain": "가전",
    "MainCategory": "영상/음향가전",
    "ProductName": "(TV) 사운드룩 가방형 LP턴테이블 SLT-100BT(사은품 중고LP1개)",
    "ReviewScore": "10",
    "Syllable": "82",
    "Word": "18",
    "RDate": "20200408",
    "GeneralPolarity": "-1",
    "Aspects": [
      {
        "Aspect": "가격",
        "SentimentText": "저렴한 비용에 혹해서 샀습니다",
        "SentimentWord": "4",
        "SentimentPolarity": "1"
      },
      {
        "Aspect": "기능",
        "SentimentText": "스피커만 집에있는거와 페어링이 되면 좋겠는데  방송분 설명을 보니 그건 안되는거 같아요.",
        "SentimentWord": "11",
        "SentimentPolarity": "-1"
      },
      {
        "Aspect": "음량/음질",
        "SentimentText": "음질 않좋아서 반품합니다",
        "SentimentWord": "3",
        "SentimentPolarity": "-1"
      }
    ]
  },
  {
    "Index": "9504",
    "RawText": "LP판으로 음악 감상시 음질 좋아 만족해요.관련 상품을 찾던 중에 000쇼핑에서 홈쇼핑 방송을 하여 아주 좋은 가격으로 구입했어요~ 000 가방형 LP 턴테이블 상품을 주문했었습니다. LP 턴테이블 상품 배송이 안전하게 되서 맘에들어요",
    "Source": "SNS",
    "Domain": "가전",
    "MainCategory": "영상/음향가전",
    "ProductName": "(TV) 사운드룩 가방형 LP턴테이블 SLT-100BT(사은품 중고LP1개)",
    "ReviewScore": "100",
    "Syllable": "131",
    "Word": "30",
    "RDate": "20200815",
    "Aspects": [
      {
        "Aspect": "음량/음질",
        "SentimentText": "LP판으로 음악 감상시 음질 좋아 만족해요.",
        "SentimentWord": "6",
        "SentimentPolarity": "1"
      },
      {
        "Aspect": "가격",
        "SentimentText": "아주 좋은 가격으로 구입했어요~",
        "SentimentWord": "4",
        "SentimentPolarity": "1"
      }
    ]
  },
  {
    "Index": "9505",
    "RawText": "음질이 너무안좋아 불만이예요. 블루투스로 연결했는데 자꾸 끊겨요... .그래서 단순변심이라  반품요청안된다니 돈만 날렸어요 들어보고 얘기하셔야죠, 이건 못들어요",
    "Source": "SNS",
    "Domain": "가전",
    "MainCategory": "영상/음향가전",
    "ProductName": "(TV) 사운드룩 가방형 LP턴테이블 SLT-100BT(사은품 중고LP1개)",
    "ReviewScore": "100",
    "Syllable": "89",
    "Word": "16",
    "RDate": "20200321",
    "Aspects": [
      {
        "Aspect": "음량/음질",
        "SentimentText": "음질이 너무안좋아 불만이예요",
        "SentimentWord": "3",
        "SentimentPolarity": "-1"
      },
      {
        "Aspect": "기능",
        "SentimentText": "블루투스로 연결했는데 자꾸 끊겨요...",
        "SentimentWord": "4",
        "SentimentPolarity": "-1"
      }
    ]
  },
  {
    "Index": "9506",
    "RawText": "장난감 같다는 주위의 평 뚜껑 등 약해 보여 내구성은 별로예요 소리도 잘나요 작동은 다 잘되니 만족합니다 튼튼하고 고장 안 나고 오래 쓸 수 있었으면 좋겠습니다 ",
    "Source": "SNS",
    "Domain": "가전",
    "MainCategory": "영상/음향가전",
    "ProductName": "(TV_방송중) 사운드룩 레트로 LP 턴테이블 SLT-7080BT",
    "ReviewScore": "80",
    "Syllable": "90",
    "Word": "25",
    "RDate": "20190921",
    "GeneralPolarity": "0",
    "Aspects": [
      {
        "Aspect": "내구성",
        "SentimentText": "뚜껑 등 약해 보여 내구성은 별로예요 ",
        "SentimentWord": "6",
        "SentimentPolarity": "-1"
      },
      {
        "Aspect": "기능",
        "SentimentText": "소리도 잘나요 작동은 다 잘되니 만족합니다",
        "SentimentWord": "6",
        "SentimentPolarity": "1"
      }
    ]
  },
  {
    "Index": "9507",
    "RawText": "아이보리색상 실물이 더 예쁘네요ㅎㅎ 받자마자 뜯어서 놓으니 디자인이 이뻐 인테리어 효과 짱짱입니다. 오랜만에 엘피 들으니 오전부터 기분 좋아요^^",
    "Source": "SNS",
    "Domain": "가전",
    "MainCategory": "영상/음향가전",
    "ProductName": "(TV_방송중) 사운드룩 레트로 LP 턴테이블 SLT-7080BT",
    "ReviewScore": "100",
    "Syllable": "81",
    "Word": "18",
    "RDate": "20190509",
    "GeneralPolarity": "1",
    "Aspects": [
      {
        "Aspect": "색상",
        "SentimentText": "아이보리색상 실물이 더 예쁘네요ㅎㅎ",
        "SentimentWord": "4",
        "SentimentPolarity": "1"
      },
      {
        "Aspect": "디자인",
        "SentimentText": "디자인이 이뻐 인테리어 효과 짱짱입니다.",
        "SentimentWord": "5",
        "SentimentPolarity": "1"
      }
    ]
  },
  {
    "Index": "9509",
    "RawText": "디자인 너무 촌스러워서 마음에 안들어요ㅠㅠ 음질도 안좋구요ㅠ 다른모델 새로이구매~~처치가곤란하네요~늦어서  반품도 안돼고~버리기는 아깝고~애물단지 ~~~ㅠㅠ",
    "Source": "SNS",
    "Domain": "가전",
    "MainCategory": "영상/음향가전",
    "ProductName": "(TV_방송중) 사운드룩 레트로 LP 턴테이블 SLT-7080BT",
    "ReviewScore": "40",
    "Syllable": "87",
    "Word": "13",
    "RDate": "20191008",
    "Aspects": [
      {
        "Aspect": "디자인",
        "SentimentText": "디자인 너무 촌스러워서 마음에 안들어요ㅠㅠ ",
        "SentimentWord": "5",
        "SentimentPolarity": "-1"
      },
      {
        "Aspect": "음량/음질",
        "SentimentText": "음질도 안좋구요ㅠ",
        "SentimentWord": "2",
        "SentimentPolarity": "-1"
      }
    ]
  },
  {
    "Index": "9510",
    "RawText": "디자인이 고급스럽지는 않지만 예쁜편 이라서 마음에 듭니다 사이즈가 작아 공간을 많이 차지 하지 않아 좋네요. 고품격 음질을 기대 하시는 분들은 따로 스피커 연결할 수 있으니 연결해서 사용하면 될 듯합니다.",
    "Source": "SNS",
    "Domain": "가전",
    "MainCategory": "영상/음향가전",
    "ProductName": "(TV_방송중) 사운드룩 레트로 LP 턴테이블 SLT-7080BT",
    "ReviewScore": "80",
    "Syllable": "114",
    "Word": "29",
    "RDate": "20190711",
    "Aspects": [
      {
        "Aspect": "디자인",
        "SentimentText": "디자인이 고급스럽지는 않지만 예쁜편 이라서 마음에 듭니다",
        "SentimentWord": "7",
        "SentimentPolarity": "0"
      },
      {
        "Aspect": "사이즈",
        "SentimentText": "사이즈가 작아 공간을 많이 차지 하지 않아 좋네요",
        "SentimentWord": "8",
        "SentimentPolarity": "1"
      }
    ]
  },
  {
    "Index": "9511",
    "RawText": "일단 사이즈가 적당해서 작은공간에 딱맞는 배치입니다. 단 스피커 음량이 좀 더 울렸으면 좋았을걸요.  그건 별도의 스피커로 플레이해야할 사항이구요.. 저는 만족합니다",
    "Source": "SNS",
    "Domain": "가전",
    "MainCategory": "영상/음향가전",
    "ProductName": "(TV_방송중) 사운드룩 레트로 LP 턴테이블 SLT-7080BT",
    "ReviewScore": "100",
    "Syllable": "92",
    "Word": "20",
    "RDate": "20190614",
    "GeneralPolarity": "1",
    "Aspects": [
      {
        "Aspect": "사이즈",
        "SentimentText": "사이즈가 적당해서 작은공간에 딱맞는 배치입니다.",
        "SentimentWord": "5",
        "SentimentPolarity": "1"
      },
      {
        "Aspect": "음량/음질",
        "SentimentText": "스피커 음량이 좀 더 울렸으면 좋았을걸요. ",
        "SentimentWord": "6",
        "SentimentPolarity": "0"
      }
    ]
  },
  {
    "Index": "9512",
    "RawText": "제가 좋아하는 레드색상으루 주문했는데 맘에드네요 usb가 되는게 맘에들어요 아쉬운게있다면 자체 사운드가 크지않아서 스피커를 별도로 연결해야 좀 괜찮을듯합니다",
    "Source": "SNS",
    "Domain": "가전",
    "MainCategory": "영상/음향가전",
    "ProductName": "(TV_방송중) 사운드룩 레트로 LP 턴테이블 SLT-7080BT",
    "ReviewScore": "80",
    "Syllable": "87",
    "Word": "17",
    "RDate": "20190524",
    "GeneralPolarity": "0",
    "Aspects": [
      {
        "Aspect": "색상",
        "SentimentText": "제가 좋아하는 레드색상으루 주문했는데 맘에드네요",
        "SentimentWord": "5",
        "SentimentPolarity": "1"
      },
      {
        "Aspect": "조작성",
        "SentimentText": "usb가 되는게 맘에들어요",
        "SentimentWord": "3",
        "SentimentPolarity": "1"
      },
      {
        "Aspect": "음량/음질",
        "SentimentText": "아쉬운게있다면 자체 사운드가 크지않아서",
        "SentimentWord": "4",
        "SentimentPolarity": "-1"
      }
    ]
  },
  {
    "Index": "9513",
    "RawText": "OOO, OOO제품 쓰다 이거 쓰니 음질 진짜 별로야요 그렇다고 디자인이, 소재가 고급진것도 아니고 진짜 싼티나여 그리고 진심으로  블루투스땜시 대 환장파티 중이에요 엄청 끊겨여 ㅠㅠ",
    "Source": "SNS",
    "Domain": "가전",
    "MainCategory": "영상/음향가전",
    "ProductName": "(TV_방송중) 사운드룩 레트로 LP 턴테이블 SLT-7080BT",
    "ReviewScore": "100",
    "Syllable": "102",
    "Word": "24",
    "RDate": "20190511",
    "GeneralPolarity": "-1",
    "Aspects": [
      {
        "Aspect": "음량/음질",
        "SentimentText": "OOO, OOO제품 쓰다 이거 쓰니 음질 진짜 별로야요",
        "SentimentWord": "8",
        "SentimentPolarity": "-1"
      },
      {
        "Aspect": "디자인",
        "SentimentText": "디자인이, 소재가 고급진것도 아니고 진짜 싼티나여",
        "SentimentWord": "6",
        "SentimentPolarity": "-1"
      },
      {
        "Aspect": "소재",
        "SentimentText": "소재가 고급진것도 아니고 진짜 싼티나여",
        "SentimentWord": "5",
        "SentimentPolarity": "-1"
      },
      {
        "Aspect": "기능",
        "SentimentText": "블루투스땜시 대 환장파티 중이에요 엄청 끊겨여 ㅠㅠ",
        "SentimentWord": "7",
        "SentimentPolarity": "-1"
      }
    ]
  },
  {
    "Index": "9514",
    "RawText": "예전에 어느 식당에서 본적있어서 찜해둔건데 여기서 보게 되네요 직접 구매해보니 음질도 괜찮고 여러기능도 맘에 듭니다 커피한잔하며 엘피  음악도 들으며 분위기도 한번 내볼수있어서 너무 좋습니다",
    "Source": "SNS",
    "Domain": "가전",
    "MainCategory": "영상/음향가전",
    "ProductName": "(TV_방송중) 사운드룩 레트로 LP 턴테이블 SLT-7080BT",
    "ReviewScore": "100",
    "Syllable": "106",
    "Word": "24",
    "RDate": "20190518",
    "GeneralPolarity": "1",
    "Aspects": [
      {
        "Aspect": "음량/음질",
        "SentimentText": "음질도 괜찮고",
        "SentimentWord": "2",
        "SentimentPolarity": "1"
      },
      {
        "Aspect": "기능",
        "SentimentText": "여러기능도 맘에 듭니다",
        "SentimentWord": "3",
        "SentimentPolarity": "1"
      }
    ]
  },
  {
    "Index": "9515",
    "RawText": "방송보다가 남편이 사자고해서 구매했는데 배송받아 사용해보니 제가더만족했어요. 전 라디오방송을 좋아하는데 음질이 좋아 잘사용할거 같아요. 디자인도 고급지고 마음에 들어요.",
    "Source": "SNS",
    "Domain": "가전",
    "MainCategory": "영상/음향가전",
    "ProductName": "(TV_방송중) 사운드룩 올인원 턴테이블 SLT-5080PRO (블랙)",
    "ReviewScore": "100",
    "Syllable": "94",
    "Word": "18",
    "RDate": "20190222",
    "GeneralPolarity": "1",
    "Aspects": [
      {
        "Aspect": "음량/음질",
        "SentimentText": "음질이 좋아 잘사용할거 같아요.",
        "SentimentWord": "4",
        "SentimentPolarity": "1"
      },
      {
        "Aspect": "디자인",
        "SentimentText": "디자인도 고급지고 마음에 들어요.",
        "SentimentWord": "4",
        "SentimentPolarity": "1"
      }
    ]
  },
  {
    "Index": "9516",
    "RawText": "실제로 보니 색상이 별로예요. 품질.관리도 기대이하라 아쉽구요. 배송및 업무처리가 중소기업수준이하임. 배송전부터 설치완료까지 수십번 관계자와 통화해야하고 여러벙 발문해서야 끝남 재구매의사 없음",
    "Source": "SNS",
    "Domain": "가전",
    "MainCategory": "영상/음향가전",
    "ProductName": "(TV_방송중) 사운드룩 올인원 턴테이블 SLT-5080PRO (블랙)",
    "ReviewScore": "60",
    "Syllable": "107",
    "Word": "20",
    "RDate": "20190222",
    "Aspects": [
      {
        "Aspect": "색상",
        "SentimentText": "실제로 보니 색상이 별로예요",
        "SentimentWord": "4",
        "SentimentPolarity": "-1"
      },
      {
        "Aspect": "품질",
        "SentimentText": "품질.관리도 기대이하라 아쉽구요",
        "SentimentWord": "3",
        "SentimentPolarity": "-1"
      }
    ]
  },
  {
    "Index": "9517",
    "RawText": "약 30년만에 턴테이블 사용을 해보게 되네요. 다소 아쉬운 감이 있지만 그래도 가격대비 괜찮은 듯.. 사은품으로 주는 바늘은 좋은 서비스입니다.",
    "Source": "SNS",
    "Domain": "가전",
    "MainCategory": "영상/음향가전",
    "ProductName": "(TV_방송중) 사운드룩 올인원 턴테이블 SLT-5080PRO (블랙)",
    "ReviewScore": "100",
    "Syllable": "80",
    "Word": "19",
    "RDate": "20190228",
    "GeneralPolarity": "1",
    "Aspects": [
      {
        "Aspect": "가격",
        "SentimentText": "가격대비 괜찮은 듯..",
        "SentimentWord": "3",
        "SentimentPolarity": "1"
      },
      {
        "Aspect": "제품구성",
        "SentimentText": "사은품으로 주는 바늘은 좋은 서비스입니다.",
        "SentimentWord": "5",
        "SentimentPolarity": "1"
      }
    ]
  },
  {
    "Index": "9518",
    "RawText": "아주 만족은 아니지만 턴테이블에 대한 옛적 느낌을 원하시면 참 좋은 재품이네요.   노래 끝나면 자동으로 돌아오는 기능도 있고 CD  라디오 usb등 여러가지 기능이 있어서 더 좋아요.",
    "Source": "SNS",
    "Domain": "가전",
    "MainCategory": "영상/음향가전",
    "ProductName": "(TV_방송중) 사운드룩 올인원 턴테이블 SLT-5080PRO (블랙)",
    "ReviewScore": "100",
    "Syllable": "103",
    "Word": "25",
    "RDate": "20190630",
    "GeneralPolarity": "1",
    "Aspects": [
      {
        "Aspect": "디자인",
        "SentimentText": "아주 만족은 아니지만 턴테이블에 대한 옛적 느낌을 원하시면 참 좋은 재품이네요. ",
        "SentimentWord": "11",
        "SentimentPolarity": "1"
      },
      {
        "Aspect": "기능",
        "SentimentText": "여러가지 기능이 있어서 더 좋아요.",
        "SentimentWord": "5",
        "SentimentPolarity": "1"
      }
    ]
  },
  {
    "Index": "9519",
    "RawText": "40대 중반인 신랑이 너무 가지고싶다해서 생일선물로 구매했어요  배송도 빠르니 좋구요. 디자인도 깔끔하고 여자인 제가 설치하기도 편해서 굿  신랑이 너무 좋아하네요",
    "Source": "SNS",
    "Domain": "가전",
    "MainCategory": "영상/음향가전",
    "ProductName": "(TV_방송중) 사운드룩 올인원 턴테이블 SLT-5080PRO (화이트)",
    "ReviewScore": "100",
    "Syllable": "91",
    "Word": "20",
    "RDate": "20190429",
    "Aspects": [
      {
        "Aspect": "디자인",
        "SentimentText": "디자인도 깔끔하고",
        "SentimentWord": "2",
        "SentimentPolarity": "1"
      },
      {
        "Aspect": "조작성",
        "SentimentText": "여자인 제가 설치하기도 편해서 굿 ",
        "SentimentWord": "5",
        "SentimentPolarity": "1"
      }
    ]
  },
  {
    "Index": "9520",
    "RawText": "제품의 디자인은 가격대에 걸맞게 고급스러워 보이진 않지만 lp, cd, usb, 튜너, 블루투스 등 다양하게 재생할수있다는 점에서 매우편리하고 가성비가 좋은 제품이라는 생각이 듭니다.",
    "Source": "SNS",
    "Domain": "가전",
    "MainCategory": "영상/음향가전",
    "ProductName": "(TV_방송중) 사운드룩 올인원 턴테이블 SLT-5080PRO (화이트)",
    "ReviewScore": "100",
    "Syllable": "102",
    "Word": "22",
    "RDate": "20190222",
    "GeneralPolarity": "1",
    "Aspects": [
      {
        "Aspect": "디자인",
        "SentimentText": "디자인은 가격대에 걸맞게 고급스러워 보이진 않지만",
        "SentimentWord": "6",
        "SentimentPolarity": "-1"
      },
      {
        "Aspect": "편의성",
        "SentimentText": "lp, cd, usb, 튜너, 블루투스 등 다양하게 재생할수있다는 점에서 매우편리",
        "SentimentWord": "10",
        "SentimentPolarity": "1"
      },
      {
        "Aspect": "가격",
        "SentimentText": "가성비가 좋은 제품이라는 생각이 듭니다.",
        "SentimentWord": "5",
        "SentimentPolarity": "1"
      }
    ]
  },
  {
    "Index": "13100",
    "RawText": "고해상도라고 생각했는데 화질이 좀 안 좋아요. 리모컨으로 여러가지 작동이 가능해서 그건 편해요.",
    "Source": "쇼핑몰",
    "Domain": "가전",
    "MainCategory": "영상/음향가전",
    "ProductName": "Crystal UHD 삼성전자 KU50UA7050FXKR 스탠드",
    "ReviewScore": "5",
    "Syllable": "53",
    "Word": "12",
    "RDate": "20211025",
    "Aspects": [
      {
        "Aspect": "화질",
        "SentimentText": "고해상도라고 생각했는데 화질이 좀 안 좋아요.",
        "SentimentWord": "6",
        "SentimentPolarity": "-1"
      },
      {
        "Aspect": "편의성",
        "SentimentText": "리모컨으로 여러가지 작동이 가능해서 그건 편해요.",
        "SentimentWord": "6",
        "SentimentPolarity": "1"
      }
    ]
  },
  {
    "Index": "13101",
    "RawText": "베젤이 없어서 그런지 디자인이 고급스러워 보여요 깜놀~~ 사운드도 좋습니다~ 만족합니다~^^*",
    "Source": "쇼핑몰",
    "Domain": "가전",
    "MainCategory": "영상/음향가전",
    "ProductName": "Crystal UHD 삼성전자 KU50UA7050FXKR 스탠드",
    "ReviewScore": "5",
    "Syllable": "52",
    "Word": "10",
    "RDate": "20220802",
    "Aspects": [
      {
        "Aspect": "디자인",
        "SentimentText": "베젤이 없어서 그런지 디자인이 고급스러워 보여요 깜놀~~",
        "SentimentWord": "7",
        "SentimentPolarity": "1"
      },
      {
        "Aspect": "음량/음질",
        "SentimentText": "사운드도 좋습니다~ 만족합니다~^^*",
        "SentimentWord": "3",
        "SentimentPolarity": "1"
      }
    ]
  },
  {
    "Index": "13102",
    "RawText": "가성비 좋은 티비입니다~ 화면 사이즈도 크고 만족해요~",
    "Source": "쇼핑몰",
    "Domain": "가전",
    "MainCategory": "영상/음향가전",
    "ProductName": "Crystal UHD 삼성전자 KU50UA7050FXKR 스탠드",
    "ReviewScore": "5",
    "Syllable": "30",
    "Word": "7",
    "RDate": "20220709",
    "Aspects": [
      {
        "Aspect": "가격",
        "SentimentText": "가성비 좋은 티비입니다~",
        "SentimentWord": "3",
        "SentimentPolarity": "1"
      },
      {
        "Aspect": "사이즈",
        "SentimentText": "화면 사이즈도 크고 만족해요~",
        "SentimentWord": "4",
        "SentimentPolarity": "1"
      }
    ]
  },
  {
    "Index": "13103",
    "RawText": "2-3주 걸린다고 했지만 거의 열흘만에 배송 설치 완료했습니다 대만족!! 화질 넘 좋고 소리도 너무너무 잘들려요~~굳 설치 기사님들도 친절하시고 설명도 매우 잘해주고 가셨습니다!^^",
    "Source": "쇼핑몰",
    "Domain": "가전",
    "MainCategory": "영상/음향가전",
    "ProductName": "Crystal UHD 삼성전자 KU50UA7050FXKR 스탠드",
    "ReviewScore": "5",
    "Syllable": "101",
    "Word": "22",
    "RDate": "20220823",
    "Aspects": [
      {
        "Aspect": "기능",
        "SentimentText": "화질 넘 좋고 소리도 너무너무 잘들려요~~굳 ",
        "SentimentWord": "6",
        "SentimentPolarity": "1"
      },
      {
        "Aspect": "음량/음질",
        "SentimentText": "소리도 너무너무 잘들려요~~굳 ",
        "SentimentWord": "3",
        "SentimentPolarity": "1"
      }
    ]
  },
  {
    "Index": "13104",
    "RawText": "2-3주 예상하고 기다렸거든요? 근데 주문하고 9일만에 받았어요! 꺄~굳굳^^ 화질도 고화질 지원하는 프로그램은 확실히 선명하고 넘 좋네요 사운드도 예상보다 평균 이상은 하는듯요~! 대만족~^^",
    "Source": "쇼핑몰",
    "Domain": "가전",
    "MainCategory": "영상/음향가전",
    "ProductName": "Crystal UHD 삼성전자 KU50UA7050FXKR 스탠드",
    "ReviewScore": "5",
    "Syllable": "108",
    "Word": "22",
    "RDate": "20220220",
    "Aspects": [
      {
        "Aspect": "화질",
        "SentimentText": "화질도 고화질 지원하는 프로그램은 확실히 선명하고 넘 좋네요",
        "SentimentWord": "8",
        "SentimentPolarity": "1"
      },
      {
        "Aspect": "음량/음질",
        "SentimentText": "사운드도 예상보다 평균 이상은 하는듯요~! 대만족~^^",
        "SentimentWord": "6",
        "SentimentPolarity": "1"
      }
    ]
  },
  {
    "Index": "13105",
    "RawText": "2주에서 3주 걸리신다하셔서 걱정했는데 4일만에 설치하고 너무 신나네요^^밤늦게라도 약속 지켜주신다고 특별히 방문설치까지 해주시고 너무 감사했어요 와이파이 연결되서 편하고 좋아요 역시 ○○○이네요~^^ 티비 잘 볼게요~",
    "Source": "쇼핑몰",
    "Domain": "가전",
    "MainCategory": "영상/음향가전",
    "ProductName": "Crystal UHD 삼성전자 KU50UA7050FXKR 스탠드",
    "ReviewScore": "5",
    "Syllable": "122",
    "Word": "24",
    "RDate": "20210724",
    "Aspects": [
      {
        "Aspect": "편의성",
        "SentimentText": "와이파이 연결되서 편하고 좋아요",
        "SentimentWord": "4",
        "SentimentPolarity": "1"
      },
      {
        "Aspect": "제조일/제조사",
        "SentimentText": "역시 ○○○이네요~^^ 티비 잘 볼게요~",
        "SentimentWord": "5",
        "SentimentPolarity": "1"
      }
    ]
  },
  {
    "Index": "13106",
    "RawText": "2주에서 3주 걸린다고 하셔서 늦을까봐 걱정했는데 일주일만에 받았습니다~~~ 화질 진짜 쩝니다 ㅋㅋ 우아한 디자인에 품격이 느껴지네요~ 넘좋아요^^",
    "Source": "쇼핑몰",
    "Domain": "가전",
    "MainCategory": "영상/음향가전",
    "ProductName": "Crystal UHD 삼성전자 KU50UA7050FXKR 스탠드",
    "ReviewScore": "5",
    "Syllable": "82",
    "Word": "17",
    "RDate": "20220522",
    "Aspects": [
      {
        "Aspect": "화질",
        "SentimentText": "화질 진짜 쩝니다 ㅋㅋ",
        "SentimentWord": "4",
        "SentimentPolarity": "1"
      },
      {
        "Aspect": "디자인",
        "SentimentText": "우아한 디자인에 품격이 느껴지네요~ 넘좋아요^^",
        "SentimentWord": "5",
        "SentimentPolarity": "1"
      }
    ]
  },
  {
    "Index": "13107",
    "RawText": "합리적인 가격에 만족해요. HDMI 연결이 가능해서 핸드폰이나 노트북도 활용 가능하니 실용적이에요.",
    "Source": "쇼핑몰",
    "Domain": "가전",
    "MainCategory": "영상/음향가전",
    "ProductName": "Crystal UHD 삼성전자 KU50UA7050FXKR 스탠드",
    "ReviewScore": "5",
    "Syllable": "55",
    "Word": "11",
    "RDate": "20220704",
    "Aspects": [
      {
        "Aspect": "가격",
        "SentimentText": "합리적인 가격에 만족해요.",
        "SentimentWord": "3",
        "SentimentPolarity": "1"
      },
      {
        "Aspect": "편의성",
        "SentimentText": "HDMI 연결이 가능해서 핸드폰이나 노트북도 활용 가능하니 실용적이에요.",
        "SentimentWord": "8",
        "SentimentPolarity": "1"
      }
    ]
  },
  {
    "Index": "13108",
    "RawText": "배송기간 3주 예상했는데 5일만에 배송왔어요 너무 감사합니다. 품질 좋고 저렴한 가격에 가성비 최고입니다.",
    "Source": "쇼핑몰",
    "Domain": "가전",
    "MainCategory": "영상/음향가전",
    "ProductName": "Crystal UHD 삼성전자 KU50UA7050FXKR 스탠드",
    "ReviewScore": "4",
    "Syllable": "59",
    "Word": "13",
    "RDate": "20220707",
    "Aspects": [
      {
        "Aspect": "품질",
        "SentimentText": "품질 좋고",
        "SentimentWord": "2",
        "SentimentPolarity": "1"
      },
      {
        "Aspect": "가격",
        "SentimentText": "저렴한 가격에 가성비 최고입니다.",
        "SentimentWord": "4",
        "SentimentPolarity": "1"
      }
    ]
  },
  {
    "Index": "13109",
    "RawText": "4일만에 배송와서 친절하게 후딱 설치완료까지~! 설명서도 상세해서 연결하기도 쉬워요 4k화질이라 엄청 잘보이고 좋아요 대만족 번창하세요",
    "Source": "쇼핑몰",
    "Domain": "가전",
    "MainCategory": "영상/음향가전",
    "ProductName": "Crystal UHD 삼성전자 KU50UA7050FXKR 스탠드",
    "ReviewScore": "5",
    "Syllable": "75",
    "Word": "15",
    "RDate": "20220809",
    "Aspects": [
      {
        "Aspect": "조작성",
        "SentimentText": "설명서도 상세해서 연결하기도 쉬워요",
        "SentimentWord": "4",
        "SentimentPolarity": "1"
      },
      {
        "Aspect": "화질",
        "SentimentText": "4k화질이라 엄청 잘보이고 좋아요 대만족 번창하세요",
        "SentimentWord": "6",
        "SentimentPolarity": "1"
      }
    ]
  },
  {
    "Index": "13110",
    "RawText": "급하게 주문했는데 그래도 일주일도 안되서 와서 다행이네요 좋습니다^^.  기존보다 좋은걸로 업그레이드해서 그런가 화면 크기도 적당하고 화질 쨍쨍하고 잘 샀습니다 굳굳 강추요",
    "Source": "쇼핑몰",
    "Domain": "가전",
    "MainCategory": "영상/음향가전",
    "ProductName": "Crystal UHD 삼성전자 KU50UA7050FXKR 스탠드",
    "ReviewScore": "5",
    "Syllable": "96",
    "Word": "21",
    "RDate": "20220719",
    "Aspects": [
      {
        "Aspect": "사이즈",
        "SentimentText": "화면 크기도 적당하고",
        "SentimentWord": "3",
        "SentimentPolarity": "1"
      },
      {
        "Aspect": "화질",
        "SentimentText": "화질 쨍쨍하고 잘 샀습니다 굳굳 강추요",
        "SentimentWord": "6",
        "SentimentPolarity": "1"
      }
    ]
  },
  {
    "Index": "13111",
    "RawText": "8월 7일 주문했는데 8월 13일에 완전 빠르게 배송받어요 좋아요 부모님댁에 놓아드린 티비 소리도 잘 들리고 화질이 참 좋다고 하시네요~ 만족합니다^^",
    "Source": "쇼핑몰",
    "Domain": "가전",
    "MainCategory": "영상/음향가전",
    "ProductName": "Crystal UHD 삼성전자 KU50UA7050FXKR 스탠드",
    "ReviewScore": "5",
    "Syllable": "84",
    "Word": "20",
    "RDate": "20220814",
    "Aspects": [
      {
        "Aspect": "음량/음질",
        "SentimentText": "부모님댁에 놓아드린 티비 소리도 잘 들리고",
        "SentimentWord": "6",
        "SentimentPolarity": "1"
      },
      {
        "Aspect": "화질",
        "SentimentText": "화질이 참 좋다고 하시네요~ 만족합니다^^",
        "SentimentWord": "5",
        "SentimentPolarity": "1"
      }
    ]
  },
  {
    "Index": "13112",
    "RawText": "9월중순에 주문하였고 어제 받았어요~ 빠른배송 감사요^^ 가성비 엄청 좋은 제품입니다 만족합니다 화면도 커서 부모님께서 좋아하십니다~",
    "Source": "쇼핑몰",
    "Domain": "가전",
    "MainCategory": "영상/음향가전",
    "ProductName": "Crystal UHD 삼성전자 KU50UA7050FXKR 스탠드",
    "ReviewScore": "5",
    "Syllable": "74",
    "Word": "15",
    "RDate": "20211008",
    "Aspects": [
      {
        "Aspect": "가격",
        "SentimentText": "가성비 엄청 좋은 제품입니다 만족합니다",
        "SentimentWord": "5",
        "SentimentPolarity": "1"
      },
      {
        "Aspect": "사이즈",
        "SentimentText": "화면도 커서 부모님께서 좋아하십니다~",
        "SentimentWord": "4",
        "SentimentPolarity": "1"
      }
    ]
  },
  {
    "Index": "13113",
    "RawText": "TV는 아무래도 확실히 돈을 더 들여서라도 사는게 맞는듯..ㅜ 화질이 생각보다 영.. 좋지는 않네요. 아쉽습니다..ㅠ 부모님 사드렸는데 OO꺼라 괜찮을거라 생각했거든요... 영 아니네요ㅠㅠㅠ...",
    "Source": "쇼핑몰",
    "Domain": "가전",
    "MainCategory": "영상/음향가전",
    "ProductName": "Crystal UHD 삼성전자 KU50UA7050FXKR 스탠드",
    "ReviewScore": "3",
    "Syllable": "109",
    "Word": "21",
    "RDate": "20220208",
    "GeneralPolarity": "-1",
    "Aspects": [
      {
        "Aspect": "화질",
        "SentimentText": "화질이 생각보다 영.. 좋지는 않네요. 아쉽습니다..ㅠ",
        "SentimentWord": "6",
        "SentimentPolarity": "-1"
      },
      {
        "Aspect": "제조일/제조사",
        "SentimentText": "부모님 사드렸는데 OO꺼라 괜찮을거라 생각했거든요... 영 아니네요ㅠㅠㅠ...",
        "SentimentWord": "7",
        "SentimentPolarity": "-1"
      }
    ]
  },
  {
    "Index": "13114",
    "RawText": "TV설치 잘 받았답니다~ 부모님께서 설치 기사님이 너무 친절하게 설명해주셨다며~ 금방 설치 끝냈다며~~ 엄청 만족해 하셨어요^^ TV도 선명하게 잘 나오니 좋구요~그리고 디자인도 넘 예쁘다고 하세요~~ 감사합니다~~",
    "Source": "쇼핑몰",
    "Domain": "가전",
    "MainCategory": "영상/음향가전",
    "ProductName": "Crystal UHD 삼성전자 KU50UA7050FXKR 스탠드",
    "ReviewScore": "5",
    "Syllable": "120",
    "Word": "25",
    "RDate": "20220422",
    "Aspects": [
      {
        "Aspect": "화질",
        "SentimentText": "TV도 선명하게 잘 나오니 좋구요~",
        "SentimentWord": "5",
        "SentimentPolarity": "1"
      },
      {
        "Aspect": "디자인",
        "SentimentText": "디자인도 넘 예쁘다고 하세요~~",
        "SentimentWord": "4",
        "SentimentPolarity": "1"
      }
    ]
  },
  {
    "Index": "13115",
    "RawText": "TV잘 받아 사용하고 있어요. 시골 장모님 댁에 설치하는거라 전화로 설치 요청했구요  tv 출력 사진으로 받아 확인 하는 과정 너무 신속정확했습니다 좋아요~^^ TV 선명한 화질로 잘 시청 하고 있습니다. 리모콘 하나로 컨트롤 가능하니 편합니다~",
    "Source": "쇼핑몰",
    "Domain": "가전",
    "MainCategory": "영상/음향가전",
    "ProductName": "Crystal UHD 삼성전자 KU50UA7050FXKR 스탠드",
    "ReviewScore": "5",
    "Syllable": "137",
    "Word": "33",
    "RDate": "20220624",
    "Aspects": [
      {
        "Aspect": "화질",
        "SentimentText": "TV 선명한 화질로 잘 시청 하고 있습니다.",
        "SentimentWord": "7",
        "SentimentPolarity": "1"
      },
      {
        "Aspect": "조작성",
        "SentimentText": "리모콘 하나로 컨트롤 가능하니 편합니다~",
        "SentimentWord": "5",
        "SentimentPolarity": "1"
      }
    ]
  },
  {
    "Index": "13116",
    "RawText": "UHD셋탑 연결 시청중인데 화질이 선명 깨끗해져서 너무너무 만족 좋아요 20평 아파트에 50인치 사이즈이니 아주 딱 맞는 사이즈이네요 만족 주문후 금액이 더 낮아져 조금 속상햇지만ㅠ 배송 일주일 안돼서 받은거라 빠른배송 만족합니다",
    "Source": "쇼핑몰",
    "Domain": "가전",
    "MainCategory": "영상/음향가전",
    "ProductName": "Crystal UHD 삼성전자 KU50UA7050FXKR 스탠드",
    "ReviewScore": "4",
    "Syllable": "128",
    "Word": "30",
    "RDate": "20220627",
    "Aspects": [
      {
        "Aspect": "화질",
        "SentimentText": "UHD셋탑 연결 시청중인데 화질이 선명 깨끗해져서 너무너무 만족 좋아요",
        "SentimentWord": "9",
        "SentimentPolarity": "1"
      },
      {
        "Aspect": "사이즈",
        "SentimentText": "20평 아파트에 50인치 사이즈이니 아주 딱 맞는 사이즈이네요 만족",
        "SentimentWord": "9",
        "SentimentPolarity": "1"
      },
      {
        "Aspect": "가격",
        "SentimentText": "주문후 금액이 더 낮아져 조금 속상햇지만ㅠ ",
        "SentimentWord": "6",
        "SentimentPolarity": "-1"
      }
    ]
  },
  {
    "Index": "13117",
    "RawText": "가격에 비해 상품 너무 좋네요 가성비 굿입니다 상품 퀄리티도 좋구요. 최고입니다^^ 잘보고 있습니다.배송은 1주일 정도 소요된 것 같은데요. 빠른배송 감사합니다",
    "Source": "쇼핑몰",
    "Domain": "가전",
    "MainCategory": "영상/음향가전",
    "ProductName": "Crystal UHD 삼성전자 KU50UA7050FXKR 스탠드",
    "ReviewScore": "5",
    "Syllable": "89",
    "Word": "20",
    "RDate": "20220629",
    "Aspects": [
      {
        "Aspect": "가격",
        "SentimentText": "가격에 비해 상품 너무 좋네요 가성비 굿입니다",
        "SentimentWord": "7",
        "SentimentPolarity": "1"
      },
      {
        "Aspect": "품질",
        "SentimentText": "상품 퀄리티도 좋구요. 최고입니다^^",
        "SentimentWord": "4",
        "SentimentPolarity": "1"
      }
    ]
  },
  {
    "Index": "13118",
    "RawText": "가격대비 성능은 짱이군요~ va패널이라 시야각은 아쉽고, 너무 쨍한 화질이라.. 조절 잘 하면 보기 좋구요 모니터 너무 얇지도 두껍지도 않아 적당하고요 영화보며 느낀 음질은 기대 이상으로 깨끗하네요~",
    "Source": "쇼핑몰",
    "Domain": "가전",
    "MainCategory": "영상/음향가전",
    "ProductName": "Crystal UHD 삼성전자 KU50UA7050FXKR 스탠드",
    "ReviewScore": "5",
    "Syllable": "111",
    "Word": "26",
    "RDate": "20220525",
    "GeneralPolarity": "1",
    "Aspects": [
      {
        "Aspect": "기능",
        "SentimentText": "가격대비 성능은 짱이군요~",
        "SentimentWord": "3",
        "SentimentPolarity": "1"
      },
      {
        "Aspect": "화질",
        "SentimentText": "va패널이라 시야각은 아쉽고, 너무 쨍한 화질이라.. 조절 잘 하면 보기 좋구요",
        "SentimentWord": "11",
        "SentimentPolarity": "0"
      },
      {
        "Aspect": "사이즈",
        "SentimentText": " 모니터 너무 얇지도 두껍지도 않아 적당하고요",
        "SentimentWord": "6",
        "SentimentPolarity": "0"
      },
      {
        "Aspect": "음량/음질",
        "SentimentText": "영화보며 느낀 음질은 기대 이상으로 깨끗하네요~",
        "SentimentWord": "6",
        "SentimentPolarity": "1"
      }
    ]
  },
  {
    "Index": "13119",
    "RawText": "가격대비로는 괜찮다고 좋아요! 볼만하고 여러 OTT 플랫폼들 볼 수 있어 좋네요!",
    "Source": "쇼핑몰",
    "Domain": "가전",
    "MainCategory": "영상/음향가전",
    "ProductName": "Crystal UHD 삼성전자 KU50UA7050FXKR 스탠드",
    "ReviewScore": "4",
    "Syllable": "45",
    "Word": "11",
    "RDate": "20220530",
    "GeneralPolarity": "1",
    "Aspects": [
      {
        "Aspect": "가격",
        "SentimentText": "가격대비로는 괜찮다고 좋아요!",
        "SentimentWord": "3",
        "SentimentPolarity": "1"
      },
      {
        "Aspect": "기능",
        "SentimentText": "여러 OTT 플랫폼들 볼 수 있어 좋네요!",
        "SentimentWord": "7",
        "SentimentPolarity": "1"
      }
    ]
  },
  {
    "Index": "13120",
    "RawText": "가격대비 만족스러운 제품입니다! 인터넷 방송도 다 되는 거라 넘 좋아요. 그런데 티비셋텀박스 리모컨이랑 호환이 안된다는 점은 조금 아쉽네요",
    "Source": "쇼핑몰",
    "Domain": "가전",
    "MainCategory": "영상/음향가전",
    "ProductName": "Crystal UHD 삼성전자 KU50UA7050FXKR 스탠드",
    "ReviewScore": "5",
    "Syllable": "77",
    "Word": "18",
    "RDate": "20220611",
    "GeneralPolarity": "0",
    "Aspects": [
      {
        "Aspect": "가격",
        "SentimentText": "가격대비 만족스러운 제품입니다!",
        "SentimentWord": "3",
        "SentimentPolarity": "1"
      },
      {
        "Aspect": "기능",
        "SentimentText": "인터넷 방송도 다 되는 거라 넘 좋아요. ",
        "SentimentWord": "7",
        "SentimentPolarity": "1"
      },
      {
        "Aspect": "기능",
        "SentimentText": "티비셋텀박스 리모컨이랑 호환이 안된다는 점은 조금 아쉽네요",
        "SentimentWord": "7",
        "SentimentPolarity": "-1"
      }
    ]
  },
  {
    "Index": "13121",
    "RawText": "가격이 저렴해서 좋습니다. 품질은 기대를 낮춰서 구입했어요. 세컨드 tv로 사용하기에 편하고 좋습니다.",
    "Source": "쇼핑몰",
    "Domain": "가전",
    "MainCategory": "영상/음향가전",
    "ProductName": "Crystal UHD 삼성전자 KU50UA7050FXKR 스탠드",
    "ReviewScore": "5",
    "Syllable": "57",
    "Word": "12",
    "RDate": "20220711",
    "GeneralPolarity": "1",
    "Aspects": [
      {
        "Aspect": "가격",
        "SentimentText": "가격이 저렴해서 좋습니다.",
        "SentimentWord": "3",
        "SentimentPolarity": "1"
      },
      {
        "Aspect": "편의성",
        "SentimentText": "세컨드 tv로 사용하기에 편하고 좋습니다.",
        "SentimentWord": "5",
        "SentimentPolarity": "1"
      }
    ]
  },
  {
    "Index": "13122",
    "RawText": "가격대비 가성비 짱!!! 화질이 완전 선명해요  00제품 구성품 좋아서 만족해요",
    "Source": "쇼핑몰",
    "Domain": "가전",
    "MainCategory": "영상/음향가전",
    "ProductName": "Crystal UHD 삼성전자 KU50UA7050FXKR 스탠드",
    "ReviewScore": "5",
    "Syllable": "44",
    "Word": "10",
    "RDate": "20210815",
    "GeneralPolarity": "1",
    "Aspects": [
      {
        "Aspect": "가격",
        "SentimentText": "가격대비 가성비 짱!!!",
        "SentimentWord": "3",
        "SentimentPolarity": "1"
      },
      {
        "Aspect": "화질",
        "SentimentText": "화질이 완전 선명해요",
        "SentimentWord": "3",
        "SentimentPolarity": "1"
      },
      {
        "Aspect": "제품구성",
        "SentimentText": "00제품 구성품 좋아서 만족해요",
        "SentimentWord": "4",
        "SentimentPolarity": "1"
      }
    ]
  },
  {
    "Index": "13123",
    "RawText": "가격대비해 UHD TV 50인치 싸게 구매했어요 기사님이 와서 친절하게 설치해 주셔서 감사해요 부모님도 화질이 선명하다고 좋아하시네요",
    "Source": "쇼핑몰",
    "Domain": "가전",
    "MainCategory": "영상/음향가전",
    "ProductName": "Crystal UHD 삼성전자 KU50UA7050FXKR 스탠드",
    "ReviewScore": "4",
    "Syllable": "74",
    "Word": "16",
    "RDate": "20220609",
    "Aspects": [
      {
        "Aspect": "가격",
        "SentimentText": "가격대비해 UHD TV 50인치 싸게 구매했어요",
        "SentimentWord": "6",
        "SentimentPolarity": "1"
      },
      {
        "Aspect": "화질",
        "SentimentText": "부모님도 화질이 선명하다고 좋아하시네요",
        "SentimentWord": "4",
        "SentimentPolarity": "1"
      }
    ]
  },
  {
    "Index": "13124",
    "RawText": "가성비는 좋아요. 가끔 채널이 안나올때가 있어요.ㅠㅠ 무엇태문에 그런지 똑같은 증상 게속되면 AS신청 해야겠어요. 가전은 OOO가 더 났네요",
    "Source": "쇼핑몰",
    "Domain": "가전",
    "MainCategory": "영상/음향가전",
    "ProductName": "Crystal UHD 삼성전자 KU50UA7050FXKR 스탠드",
    "ReviewScore": "4",
    "Syllable": "78",
    "Word": "17",
    "RDate": "20220824",
    "GeneralPolarity": "0",
    "Aspects": [
      {
        "Aspect": "가격",
        "SentimentText": "가성비는 좋아요.",
        "SentimentWord": "2",
        "SentimentPolarity": "1"
      },
      {
        "Aspect": "기능",
        "SentimentText": "가끔 채널이 안나올때가 있어요.ㅠㅠ",
        "SentimentWord": "4",
        "SentimentPolarity": "-1"
      }
    ]
  },
  {
    "Index": "13125",
    "RawText": "싸게 사서 좋아요 설치기사님도 설치시간을 맞춰주어서 감사했습니다. 스마트티비라서 기능이 유용하네요  화질도 선명하니 좋고 리모컨은 기능이 많아 신기하고 케이블리모컨있어서 불편하진 않아요",
    "Source": "쇼핑몰",
    "Domain": "가전",
    "MainCategory": "영상/음향가전",
    "ProductName": "Crystal UHD 삼성전자 KU50UA7050FXKR 스탠드",
    "ReviewScore": "5",
    "Syllable": "103",
    "Word": "20",
    "RDate": "20220311",
    "Aspects": [
      {
        "Aspect": "가격",
        "SentimentText": "싸게 사서 좋아요",
        "SentimentWord": "3",
        "SentimentPolarity": "1"
      },
      {
        "Aspect": "기능",
        "SentimentText": "스마트티비라서 기능이 유용하네요",
        "SentimentWord": "3",
        "SentimentPolarity": "1"
      },
      {
        "Aspect": "화질",
        "SentimentText": "화질도 선명하니 좋고",
        "SentimentWord": "3",
        "SentimentPolarity": "1"
      },
      {
        "Aspect": "기능",
        "SentimentText": "리모컨은 기능이 많아 신기하고 ",
        "SentimentWord": "4",
        "SentimentPolarity": "1"
      },
      {
        "Aspect": "편의성",
        "SentimentText": "케이블리모컨있어서 불편하진 않아요",
        "SentimentWord": "3",
        "SentimentPolarity": "1"
      }
    ]
  },
  {
    "Index": "13126",
    "RawText": "가격대비 싸게 구입했습니다 해외제품이어서 그런지 배송은 좀걸리더라구요 설치기사님이 오셔서 친절히 설치해주어서 감사드립니다. 전원 켤 때나 채널 이동 할 때 반응 속도가 빨라서 좋습니다.",
    "Source": "쇼핑몰",
    "Domain": "가전",
    "MainCategory": "영상/음향가전",
    "ProductName": "Crystal UHD 삼성전자 KU50UA7050FXKR 스탠드",
    "ReviewScore": "4",
    "Syllable": "103",
    "Word": "23",
    "RDate": "20211025",
    "Aspects": [
      {
        "Aspect": "가격",
        "SentimentText": "가격대비 싸게 구입했습니다",
        "SentimentWord": "3",
        "SentimentPolarity": "1"
      },
      {
        "Aspect": "시간/속도",
        "SentimentText": "전원 켤 때나 채널 이동 할 때 반응 속도가 빨라서 좋습니다.",
        "SentimentWord": "11",
        "SentimentPolarity": "1"
      }
    ]
  },
  {
    "Index": "13129",
    "RawText": "배송 일주일만에 받았네요.ㅠㅠ 전에 쓰던 것 보다 사이즈가 작긴 작네요. 구입하고 가격 많이 내려서 기분이 안좋네요..",
    "Source": "쇼핑몰",
    "Domain": "가전",
    "MainCategory": "영상/음향가전",
    "ProductName": "Crystal UHD 삼성전자 KU50UA7050FXKR 스탠드",
    "ReviewScore": "4",
    "Syllable": "66",
    "Word": "16",
    "RDate": "20220628",
    "Aspects": [
      {
        "Aspect": "사이즈",
        "SentimentText": "전에 쓰던 것 보다 사이즈가 작긴 작네요.",
        "SentimentWord": "7",
        "SentimentPolarity": "-1"
      },
      {
        "Aspect": "가격",
        "SentimentText": "구입하고 가격 많이 내려서 기분이 안좋네요..",
        "SentimentWord": "6",
        "SentimentPolarity": "-1"
      }
    ]
  },
  {
    "Index": "13130",
    "RawText": "디자인이 굉장히 스타일리쉬해용~^^ 색상도 심플해서 만족합니당~!",
    "Source": "쇼핑몰",
    "Domain": "가전",
    "MainCategory": "영상/음향가전",
    "ProductName": "Crystal UHD 삼성전자 KU50UA7050FXKR 스탠드",
    "ReviewScore": "5",
    "Syllable": "36",
    "Word": "6",
    "RDate": "20220423",
    "Aspects": [
      {
        "Aspect": "디자인",
        "SentimentText": "디자인이 굉장히 스타일리쉬해용~^^",
        "SentimentWord": "3",
        "SentimentPolarity": "1"
      },
      {
        "Aspect": "색상",
        "SentimentText": "색상도 심플해서 만족합니당~!",
        "SentimentWord": "3",
        "SentimentPolarity": "1"
      }
    ]
  },
  {
    "Index": "13131",
    "RawText": "부모님이 제품 받아보셨는데 리모컨을 누르면 어째 반응이 느리다고 하시네요 그것만 빼면 티비 잘 나온다고 만족해 하십니다!",
    "Source": "쇼핑몰",
    "Domain": "가전",
    "MainCategory": "영상/음향가전",
    "ProductName": "Crystal UHD 삼성전자 KU50UA7050FXKR 스탠드",
    "ReviewScore": "5",
    "Syllable": "67",
    "Word": "16",
    "RDate": "20220528",
    "Aspects": [
      {
        "Aspect": "시간/속도",
        "SentimentText": "부모님이 제품 받아보셨는데 리모컨을 누르면 어째 반응이 느리다고 하시네요",
        "SentimentWord": "9",
        "SentimentPolarity": "-1"
      },
      {
        "Aspect": "품질",
        "SentimentText": "티비 잘 나온다고 만족해 하십니다!",
        "SentimentWord": "5",
        "SentimentPolarity": "1"
      }
    ]
  },
  {
    "Index": "13132",
    "RawText": "배송기간보다 빠른 배송 감사감사^^~ 안방에 티비가 고장나서 바꿨는데, 화면 크기도 보기 적당해서 마음에들고 소리도 잘나오고 좋습니다~^^",
    "Source": "쇼핑몰",
    "Domain": "가전",
    "MainCategory": "영상/음향가전",
    "ProductName": "Crystal UHD 삼성전자 KU50UA7050FXKR 스탠드",
    "ReviewScore": "5",
    "Syllable": "77",
    "Word": "16",
    "RDate": "20220729",
    "Aspects": [
      {
        "Aspect": "사이즈",
        "SentimentText": "화면 크기도 보기 적당해서 마음에들고",
        "SentimentWord": "5",
        "SentimentPolarity": "1"
      },
      {
        "Aspect": "음량/음질",
        "SentimentText": "소리도 잘나오고 좋습니다~^^",
        "SentimentWord": "3",
        "SentimentPolarity": "1"
      }
    ]
  },
  {
    "Index": "13133",
    "RawText": "나름 괜찮은 상품인거 같아요. 에너지효율 1등급이라 만족하고.. 그런데 가끔씩 화면이 좀 어둡게 나와서 보기 불편한데 좀더 사용해보면 알겠죠. 고장없이 오래 사용했으면 좋겠어요~",
    "Source": "쇼핑몰",
    "Domain": "가전",
    "MainCategory": "영상/음향가전",
    "ProductName": "Crystal UHD 삼성전자 KU50UA7050FXKR 스탠드",
    "ReviewScore": "4",
    "Syllable": "99",
    "Word": "22",
    "RDate": "20220327",
    "GeneralPolarity": "0",
    "Aspects": [
      {
        "Aspect": "소비전력",
        "SentimentText": "에너지효율 1등급이라 만족하고",
        "SentimentWord": "3",
        "SentimentPolarity": "1"
      },
      {
        "Aspect": "화질",
        "SentimentText": "가끔씩 화면이 좀 어둡게 나와서 보기 불편한데",
        "SentimentWord": "7",
        "SentimentPolarity": "-1"
      }
    ]
  },
  {
    "Index": "13134",
    "RawText": "구매확정이 늦어 죄송합니다 설치기사님이 친절하게 설치해주셔서 감사합니다 핸드폰을 연결해서 스포츠 경기도 볼 수 있고 여러가지 활용할 수 있어서 좋아요 이 정도면 가성비 최고라고 생각해요!",
    "Source": "쇼핑몰",
    "Domain": "가전",
    "MainCategory": "영상/음향가전",
    "ProductName": "Crystal UHD 삼성전자 KU50UA7050FXKR 스탠드",
    "ReviewScore": "5",
    "Syllable": "104",
    "Word": "24",
    "RDate": "20220712",
    "Aspects": [
      {
        "Aspect": "편의성",
        "SentimentText": "핸드폰을 연결해서 스포츠 경기도 볼 수 있고 여러가지 활용할 수 있어서 좋아요",
        "SentimentWord": "12",
        "SentimentPolarity": "1"
      },
      {
        "Aspect": "가격",
        "SentimentText": "이 정도면 가성비 최고라고 생각해요! ",
        "SentimentWord": "5",
        "SentimentPolarity": "1"
      }
    ]
  },
  {
    "Index": "13135",
    "RawText": "반품 안하고 그냥 보려고 합니다 OOO제품 처음 구입한건데 화질이 선명함이 없어서 별로고, 음질도 별로 품질이 전반적으로 OOO것만 못해서 실망이네요",
    "Source": "쇼핑몰",
    "Domain": "가전",
    "MainCategory": "영상/음향가전",
    "ProductName": "Crystal UHD 삼성전자 KU50UA7050FXKR 스탠드",
    "ReviewScore": "2",
    "Syllable": "83",
    "Word": "19",
    "RDate": "20220714",
    "GeneralPolarity": "-1",
    "Aspects": [
      {
        "Aspect": "화질",
        "SentimentText": "화질이 선명함이 없어서 별로고,",
        "SentimentWord": "4",
        "SentimentPolarity": "-1"
      },
      {
        "Aspect": "음량/음질",
        "SentimentText": "음질도 별로",
        "SentimentWord": "2",
        "SentimentPolarity": "-1"
      },
      {
        "Aspect": "품질",
        "SentimentText": "품질이 전반적으로 OOO것만 못해서 실망이네요",
        "SentimentWord": "5",
        "SentimentPolarity": "-1"
      }
    ]
  },
  {
    "Index": "13136",
    "RawText": "화질도 좋고 부수적인 기능도 다른 제품보다 아주 뛰어납니다 단 사운드는 웅웅거리고 말소리가 잘 안들려 바로 00 사운드바를 구입해 사용했더니 아주 만족스럽습니다.",
    "Source": "쇼핑몰",
    "Domain": "가전",
    "MainCategory": "영상/음향가전",
    "ProductName": "Crystal UHD 삼성전자 KU50UA7050FXKR 스탠드",
    "ReviewScore": "4",
    "Syllable": "90",
    "Word": "21",
    "RDate": "20220803",
    "GeneralPolarity": "1",
    "Aspects": [
      {
        "Aspect": "화질",
        "SentimentText": "화질도 좋고",
        "SentimentWord": "2",
        "SentimentPolarity": "1"
      },
      {
        "Aspect": "기능",
        "SentimentText": "부수적인 기능도 다른 제품보다 아주 뛰어납니다 ",
        "SentimentWord": "6",
        "SentimentPolarity": "1"
      },
      {
        "Aspect": "품질",
        "SentimentText": "바로 00사운드바를 구입해 사용했더니 아주 만족스럽습니다",
        "SentimentWord": "6",
        "SentimentPolarity": "1"
      }
    ]
  },
  {
    "Index": "13137",
    "RawText": "작은 티비가 있었는데 고장나서 급하게 구입함. 이번 기회에 큰 티비로 구입.. 화질은 거실꺼와 비교해보니 선명도가 떨어지지만.. 그래도 화면 크고 나름 괜찮음. 굳!",
    "Source": "쇼핑몰",
    "Domain": "가전",
    "MainCategory": "영상/음향가전",
    "ProductName": "Crystal UHD 삼성전자 KU50UA7050FXKR 스탠드",
    "ReviewScore": "5",
    "Syllable": "92",
    "Word": "22",
    "RDate": "20220514",
    "Aspects": [
      {
        "Aspect": "화질",
        "SentimentText": "화질은 거실꺼와 비교해보니 선명도가 떨어지지만..",
        "SentimentWord": "5",
        "SentimentPolarity": "-1"
      },
      {
        "Aspect": "사이즈",
        "SentimentText": "화면 크고 나름 괜찮음. 굳!",
        "SentimentWord": "5",
        "SentimentPolarity": "1"
      }
    ]
  },
  {
    "Index": "13138",
    "RawText": "기대 이상으로 제품에 만족해요  특히나 화질이 선명해서 좋아요",
    "Source": "쇼핑몰",
    "Domain": "가전",
    "MainCategory": "영상/음향가전",
    "ProductName": "Crystal UHD 삼성전자 KU50UA7050FXKR 스탠드",
    "ReviewScore": "5",
    "Syllable": "34",
    "Word": "8",
    "RDate": "20220816",
    "GeneralPolarity": "1",
    "Aspects": [
      {
        "Aspect": "품질",
        "SentimentText": "기대이상으로 제품에 만족해요",
        "SentimentWord": "3",
        "SentimentPolarity": "1"
      },
      {
        "Aspect": "화질",
        "SentimentText": "특히나 화질이 선명해서 좋아요",
        "SentimentWord": "4",
        "SentimentPolarity": "1"
      }
    ]
  },
  {
    "Index": "13139",
    "RawText": "생각보다 품질이 기대이상이라 좋아요. 가성비도 훌륭하고요 화질도 좋고 사이즈도 아주 맘에 듭니다.",
    "Source": "쇼핑몰",
    "Domain": "가전",
    "MainCategory": "영상/음향가전",
    "ProductName": "Crystal UHD 삼성전자 KU50UA7050FXKR 스탠드",
    "ReviewScore": "5",
    "Syllable": "54",
    "Word": "12",
    "RDate": "20220402",
    "GeneralPolarity": "1",
    "Aspects": [
      {
        "Aspect": "품질",
        "SentimentText": "생각보다 품질이 기대이상이라 좋아요.",
        "SentimentWord": "4",
        "SentimentPolarity": "1"
      },
      {
        "Aspect": "가격",
        "SentimentText": "가성비도 훌륭하고요",
        "SentimentWord": "2",
        "SentimentPolarity": "1"
      },
      {
        "Aspect": "화질",
        "SentimentText": "화질도 좋고",
        "SentimentWord": "2",
        "SentimentPolarity": "1"
      },
      {
        "Aspect": "사이즈",
        "SentimentText": "사이즈도 아주 맘에 듭니다.",
        "SentimentWord": "4",
        "SentimentPolarity": "1"
      }
    ]
  },
  {
    "Index": "13140",
    "RawText": "배송기사님이 친절하세요~~ tv도 넘 잘나오고요~~가성비 굿~~ 폐가전도 수거해주셔서 감사해요~",
    "Source": "쇼핑몰",
    "Domain": "가전",
    "MainCategory": "영상/음향가전",
    "ProductName": "Crystal UHD 삼성전자 KU50UA7050FXKR 스탠드",
    "ReviewScore": "5",
    "Syllable": "53",
    "Word": "9",
    "RDate": "20220709",
    "Aspects": [
      {
        "Aspect": "기능",
        "SentimentText": "tv도 넘 잘나오고요~~",
        "SentimentWord": "3",
        "SentimentPolarity": "1"
      },
      {
        "Aspect": "가격",
        "SentimentText": "가성비 굿~~",
        "SentimentWord": "2",
        "SentimentPolarity": "1"
      }
    ]
  },
  {
    "Index": "13141",
    "RawText": "기사두분이오셔서 빠르게 설치해주시고 리모콘조작법도 알려주셨어요! 리모콘으로 조작하니 사용하기 쉽고 화질도 선명해 좋아요",
    "Source": "쇼핑몰",
    "Domain": "가전",
    "MainCategory": "영상/음향가전",
    "ProductName": "Crystal UHD 삼성전자 KU50UA7050FXKR 스탠드",
    "ReviewScore": "5",
    "Syllable": "66",
    "Word": "12",
    "RDate": "20220801",
    "Aspects": [
      {
        "Aspect": "조작성",
        "SentimentText": "리모콘으로 조작하니 사용하기 쉽고",
        "SentimentWord": "4",
        "SentimentPolarity": "1"
      },
      {
        "Aspect": "화질",
        "SentimentText": "화질도 선명해 좋아요",
        "SentimentWord": "3",
        "SentimentPolarity": "1"
      }
    ]
  },
  {
    "Index": "13142",
    "RawText": "배달해주신 기사님이 넘 친절하게 설치해 주시고 가셨어요. 포장상태도 좋고, 아직 켜보진 않았지만 OOO제품이니 문제 없겠져. 최저가로 열심히 찾다가 구매하게 되었어요. 만족해요. 거실 가득 메운 사운드가 웅장합니다.",
    "Source": "쇼핑몰",
    "Domain": "가전",
    "MainCategory": "영상/음향가전",
    "ProductName": "Crystal UHD 삼성전자 KU50UA7050FXKR 스탠드",
    "ReviewScore": "5",
    "Syllable": "120",
    "Word": "26",
    "RDate": "20220513",
    "Aspects": [
      {
        "Aspect": "가격",
        "SentimentText": "최저가로 열심히 찾다가 구매하게 되었어요. 만족해요.",
        "SentimentWord": "6",
        "SentimentPolarity": "1"
      },
      {
        "Aspect": "음량/음질",
        "SentimentText": "거실 가득 메운 사운드가 웅장합니다.",
        "SentimentWord": "5",
        "SentimentPolarity": "1"
      }
    ]
  },
  {
    "Index": "13143",
    "RawText": "기존 제품보다 화질이 선명하고 외부기능이 있어 동영상 사이트나 OTT등 이것저것 있어 쓰기 유용해요",
    "Source": "쇼핑몰",
    "Domain": "가전",
    "MainCategory": "영상/음향가전",
    "ProductName": "Crystal UHD 삼성전자 KU50UA7050FXKR 스탠드",
    "ReviewScore": "5",
    "Syllable": "55",
    "Word": "13",
    "RDate": "20220705",
    "GeneralPolarity": "1",
    "Aspects": [
      {
        "Aspect": "화질",
        "SentimentText": "화질이 선명하고",
        "SentimentWord": "2",
        "SentimentPolarity": "1"
      },
      {
        "Aspect": "기능",
        "SentimentText": "외부기능이 있어 동영상 사이트나 OTT등 이것저것 있어 쓰기 유용해요",
        "SentimentWord": "9",
        "SentimentPolarity": "1"
      }
    ]
  },
  {
    "Index": "13144",
    "RawText": "가성비 괜찮은 편입니다  정면 화질은 볼만한데 측면화질은 별로예요",
    "Source": "쇼핑몰",
    "Domain": "가전",
    "MainCategory": "영상/음향가전",
    "ProductName": "Crystal UHD 삼성전자 KU50UA7050FXKR 스탠드",
    "ReviewScore": "3",
    "Syllable": "36",
    "Word": "8",
    "RDate": "20220610",
    "GeneralPolarity": "0",
    "Aspects": [
      {
        "Aspect": "가격",
        "SentimentText": "가성비 괜찮은 편입니다",
        "SentimentWord": "3",
        "SentimentPolarity": "1"
      },
      {
        "Aspect": "화질",
        "SentimentText": "정면 화질은 볼만한데 측면 화질은 별로예요",
        "SentimentWord": "6",
        "SentimentPolarity": "0"
      }
    ]
  },
  {
    "Index": "13145",
    "RawText": "괜찮은 가격에 잘 샀어요. 배송 기간은 쪼금 걸릴꺼라 예상했지만 이리 오래걸릴줄이야ㅜ 엄마가 동영상 사이트에서 OOO을 바로 볼수있다고 좋아하시네요ㅋ",
    "Source": "쇼핑몰",
    "Domain": "가전",
    "MainCategory": "영상/음향가전",
    "ProductName": "Crystal UHD 삼성전자 KU50UA7050FXKR 스탠드",
    "ReviewScore": "5",
    "Syllable": "83",
    "Word": "18",
    "RDate": "20220224",
    "Aspects": [
      {
        "Aspect": "가격",
        "SentimentText": "괜찮은 가격에 잘 샀어요.",
        "SentimentWord": "4",
        "SentimentPolarity": "1"
      },
      {
        "Aspect": "기능",
        "SentimentText": "동영상 사이트에서 OOO을 바로 볼수있다고 좋아하시네요ㅋ",
        "SentimentWord": "6",
        "SentimentPolarity": "1"
      }
    ]
  },
  {
    "Index": "13146",
    "RawText": "서비스 문의했더니 오래걸릴 수 있다고 걱정했지만 막상 주문하니 3일만에 설치해 주고 배송도 빠르네요, 친절한 00 설치서비스 감사합니다. 50인치라 무게가 나갈거라고 생각했는데 생각보다 무겁지 않았어요. 자주보는 OTT도 연결해서 볼 수 있으니 편리합니다.",
    "Source": "쇼핑몰",
    "Domain": "가전",
    "MainCategory": "영상/음향가전",
    "ProductName": "Crystal UHD 삼성전자 KU50UA7050FXKR 스탠드",
    "ReviewScore": "5",
    "Syllable": "143",
    "Word": "31",
    "RDate": "20220824",
    "Aspects": [
      {
        "Aspect": "무게",
        "SentimentText": "50인치라 무게가 나갈거라고 생각했는데 생각보다 무겁지 않았어요.",
        "SentimentWord": "7",
        "SentimentPolarity": "1"
      },
      {
        "Aspect": "편의성",
        "SentimentText": "자주보는 OTT도 연결해서 볼 수 있으니 편리합니다.",
        "SentimentWord": "7",
        "SentimentPolarity": "1"
      }
    ]
  },
  {
    "Index": "13147",
    "RawText": "필수적인 OTT 앱들이 설치되어있어 정말 편하게 볼수있어 좋아요~  이 가격에 정말 잘 구매한거같아 기분이 좋습니다.",
    "Source": "쇼핑몰",
    "Domain": "가전",
    "MainCategory": "영상/음향가전",
    "ProductName": "Crystal UHD 삼성전자 KU50UA7050FXKR 스탠드",
    "ReviewScore": "5",
    "Syllable": "65",
    "Word": "15",
    "RDate": "20211209",
    "Aspects": [
      {
        "Aspect": "편의성",
        "SentimentText": "필수적인 OTT 앱들이 설치되어있어 정말 편하게 볼수있어 좋아요~",
        "SentimentWord": "8",
        "SentimentPolarity": "1"
      },
      {
        "Aspect": "가격",
        "SentimentText": " 이 가격에 정말 잘 구매한거같아 기분이 좋습니다.",
        "SentimentWord": "7",
        "SentimentPolarity": "1"
      }
    ]
  },
  {
    "Index": "13148",
    "RawText": "배송이 빠르고 설치기사분이 친절해 불편함이 없어요 티비 이상없이 잘 나옵니다. 가성비 좋아요",
    "Source": "쇼핑몰",
    "Domain": "가전",
    "MainCategory": "영상/음향가전",
    "ProductName": "Crystal UHD 삼성전자 KU50UA7050FXKR 스탠드",
    "ReviewScore": "5",
    "Syllable": "51",
    "Word": "12",
    "RDate": "20220627",
    "Aspects": [
      {
        "Aspect": "품질",
        "SentimentText": "티비 이상없이 잘 나옵니다.",
        "SentimentWord": "4",
        "SentimentPolarity": "1"
      },
      {
        "Aspect": "가격",
        "SentimentText": "가성비 좋아요",
        "SentimentWord": "2",
        "SentimentPolarity": "1"
      }
    ]
  },
  {
    "Index": "13149",
    "RawText": "이 가격에 OO티비를 구매할 수 있다는게 큰 메리트인 것 같습니다. 4K 화질이라 기가맥힙니다. 잘쓸게요~",
    "Source": "쇼핑몰",
    "Domain": "가전",
    "MainCategory": "영상/음향가전",
    "ProductName": "Crystal UHD 삼성전자 KU50UA7050FXKR 스탠드",
    "ReviewScore": "5",
    "Syllable": "59",
    "Word": "14",
    "RDate": "20210727",
    "Aspects": [
      {
        "Aspect": "가격",
        "SentimentText": "이 가격에 OO티비를 구매할 수 있다는게 큰 메리트인 것 같습니다.",
        "SentimentWord": "10",
        "SentimentPolarity": "1"
      },
      {
        "Aspect": "화질",
        "SentimentText": "4K 화질이라 기가맥힙니다. 잘쓸게요~",
        "SentimentWord": "4",
        "SentimentPolarity": "1"
      }
    ]
  },
  {
    "Index": "13150",
    "RawText": "부모님께 선물로 드렸는데 정말 좋아하세요 디자인도 예쁘다고 하시고 OO 브랜드라고 하니 더 좋아하시네요~ ㅎㅎ 덕분에 효도했어요~^^",
    "Source": "쇼핑몰",
    "Domain": "가전",
    "MainCategory": "영상/음향가전",
    "ProductName": "Crystal UHD 삼성전자 KU50UA7050FXKR 스탠드",
    "ReviewScore": "4",
    "Syllable": "74",
    "Word": "16",
    "RDate": "20220725",
    "Aspects": [
      {
        "Aspect": "디자인",
        "SentimentText": "디자인도 예쁘다고 하시고",
        "SentimentWord": "3",
        "SentimentPolarity": "1"
      },
      {
        "Aspect": "제조일/제조사",
        "SentimentText": "OO 브랜드라고 하니 더 좋아하시네요~ ㅎㅎ 덕분에 효도했어요~^^",
        "SentimentWord": "8",
        "SentimentPolarity": "1"
      }
    ]
  },
  {
    "Index": "13151",
    "RawText": "배송까지 오래 걸린다고 알고 있었는데 6일 만에 빠른 배송을 받아 만족하고 다른 기기와 연동도 편하고 화질도 선명해서 아주 만족합니다.",
    "Source": "쇼핑몰",
    "Domain": "가전",
    "MainCategory": "영상/음향가전",
    "ProductName": "Crystal UHD 삼성전자 KU50UA7050FXKR 스탠드",
    "ReviewScore": "5",
    "Syllable": "75",
    "Word": "19",
    "RDate": "20220330",
    "Aspects": [
      {
        "Aspect": "편의성",
        "SentimentText": "다른 기기와 연동도 편하고",
        "SentimentWord": "4",
        "SentimentPolarity": "1"
      },
      {
        "Aspect": "화질",
        "SentimentText": "화질도 선명해서 아주 만족합니다.",
        "SentimentWord": "4",
        "SentimentPolarity": "1"
      }
    ]
  },
  {
    "Index": "13152",
    "RawText": "배송 겁나 빠르고 안전하게 잘 받았네용. 판매자분의 총알 배송도 넘 만족해용~ 하루종일 켜놔도 발열도 없어서 내구성도 좋고 화면 사이즈도 적당해서 여러모로 만족해용~~~",
    "Source": "쇼핑몰",
    "Domain": "가전",
    "MainCategory": "영상/음향가전",
    "ProductName": "Crystal UHD 삼성전자 KU50UA7050FXKR 스탠드",
    "ReviewScore": "5",
    "Syllable": "94",
    "Word": "22",
    "RDate": "20220310",
    "Aspects": [
      {
        "Aspect": "내구성",
        "SentimentText": "하루종일 켜놔도 발열도 없어서 내구성도 좋고",
        "SentimentWord": "6",
        "SentimentPolarity": "1"
      },
      {
        "Aspect": "사이즈",
        "SentimentText": "화면 사이즈도 적당해서 여러모로 만족해용~~~",
        "SentimentWord": "5",
        "SentimentPolarity": "1"
      }
    ]
  },
  {
    "Index": "13153",
    "RawText": "제품 퀄리티가 좋아서 아주 만족하게 사용중 입니다. 티비 사용법도 간단해요~",
    "Source": "쇼핑몰",
    "Domain": "가전",
    "MainCategory": "영상/음향가전",
    "ProductName": "Crystal UHD 삼성전자 KU50UA7050FXKR 스탠드",
    "ReviewScore": "5",
    "Syllable": "42",
    "Word": "10",
    "RDate": "20220425",
    "Aspects": [
      {
        "Aspect": "품질",
        "SentimentText": "제품 퀄리티가 좋아서 아주 만족하게 사용중 입니다.",
        "SentimentWord": "7",
        "SentimentPolarity": "1"
      },
      {
        "Aspect": "조작성",
        "SentimentText": "티비 사용법도 간단해요~",
        "SentimentWord": "3",
        "SentimentPolarity": "1"
      }
    ]
  },
  {
    "Index": "13154",
    "RawText": "배송이 빠르고 화질도 너무 만족합니다. 리모콘이 모양이 엄청 세련되고 예쁘네요. 버튼 갯수를 최소화 하다보니 번거로움이 조금 있지만 케이블tv 리모콘 같이 동일하게 쓰니 큰 불편함은 없습니다.",
    "Source": "쇼핑몰",
    "Domain": "가전",
    "MainCategory": "영상/음향가전",
    "ProductName": "Crystal UHD 삼성전자 KU50UA7050FXKR 스탠드",
    "ReviewScore": "5",
    "Syllable": "107",
    "Word": "25",
    "RDate": "20220619",
    "Aspects": [
      {
        "Aspect": "화질",
        "SentimentText": "화질도 너무 만족합니다.",
        "SentimentWord": "3",
        "SentimentPolarity": "1"
      },
      {
        "Aspect": "디자인",
        "SentimentText": "리모콘이 모양이 엄청 세련되고 예쁘네요.",
        "SentimentWord": "5",
        "SentimentPolarity": "1"
      },
      {
        "Aspect": "조작성",
        "SentimentText": "버튼 갯수를 최소화 하다보니 번거로움이 조금 있지만 케이블tv 리모콘 같이 동일하게 쓰니 큰 불편함은 없습니다.",
        "SentimentWord": "15",
        "SentimentPolarity": "0"
      }
    ]
  },
  {
    "Index": "13155",
    "RawText": "배송이 빠르고 눈에 띄는 기스 하나 없는 게 품질 너무 마음에 들어요 가격 대비 최상입니당",
    "Source": "쇼핑몰",
    "Domain": "가전",
    "MainCategory": "영상/음향가전",
    "ProductName": "Crystal UHD 삼성전자 KU50UA7050FXKR 스탠드",
    "ReviewScore": "5",
    "Syllable": "50",
    "Word": "15",
    "RDate": "20220624",
    "Aspects": [
      {
        "Aspect": "품질",
        "SentimentText": "눈에 띄는 기스 하나 없는 게 품질 너무 마음에 들어요",
        "SentimentWord": "10",
        "SentimentPolarity": "1"
      },
      {
        "Aspect": "가격",
        "SentimentText": "가격 대비 최상입니당",
        "SentimentWord": "3",
        "SentimentPolarity": "1"
      }
    ]
  },
  {
    "Index": "13156",
    "RawText": "일주일 안되서 배송이 오니 너무 좋네요 화질도 선명해 좋구 음질도 아주 만족해요",
    "Source": "쇼핑몰",
    "Domain": "가전",
    "MainCategory": "영상/음향가전",
    "ProductName": "Crystal UHD 삼성전자 KU50UA7050FXKR 스탠드",
    "ReviewScore": "5",
    "Syllable": "44",
    "Word": "12",
    "RDate": "20220622",
    "Aspects": [
      {
        "Aspect": "화질",
        "SentimentText": "화질도 선명해 좋구",
        "SentimentWord": "3",
        "SentimentPolarity": "1"
      },
      {
        "Aspect": "음량/음질",
        "SentimentText": "음질도 아주 만족해요",
        "SentimentWord": "3",
        "SentimentPolarity": "1"
      }
    ]
  },
  {
    "Index": "13157",
    "RawText": "고객의 일정에 맞게 배송 날짜도 잘 맞춰주셨고 정말 잘받았습니다.^^ 포장상태도 꼼꼼한게 마음에 들고 그리고... 구매확정이 너무 늦어서 죄송합니다.  잊어버리고 있었어요.ㅜㅜ 거실에서 OTT 동영상을 보기위해 구매했는데 정말 편하네요 주변을 조사하며 가장 저렴하게 구입했어요.",
    "Source": "쇼핑몰",
    "Domain": "가전",
    "MainCategory": "영상/음향가전",
    "ProductName": "Crystal UHD 삼성전자 KU50UA7050FXKR 스탠드",
    "ReviewScore": "5",
    "Syllable": "155",
    "Word": "32",
    "RDate": "20220622",
    "Aspects": [
      {
        "Aspect": "편의성",
        "SentimentText": "거실에서 OTT 동영상을 보기위해 구매했는데 정말 편하네요",
        "SentimentWord": "7",
        "SentimentPolarity": "1"
      },
      {
        "Aspect": "가격",
        "SentimentText": "주변을 조사하며 가장 저렴하게 구입했어요.",
        "SentimentWord": "5",
        "SentimentPolarity": "1"
      }
    ]
  },
  {
    "Index": "13158",
    "RawText": "배송도 빠르고 제품질도 만족스러워요. tv가 이상해 구매했는데 가격대비 잘 산것 같아요",
    "Source": "쇼핑몰",
    "Domain": "가전",
    "MainCategory": "영상/음향가전",
    "ProductName": "Crystal UHD 삼성전자 KU50UA7050FXKR 스탠드",
    "ReviewScore": "4",
    "Syllable": "48",
    "Word": "11",
    "RDate": "20220705",
    "Aspects": [
      {
        "Aspect": "품질",
        "SentimentText": "제품질도 만족스러워요",
        "SentimentWord": "2",
        "SentimentPolarity": "1"
      },
      {
        "Aspect": "가격",
        "SentimentText": "가격대비 잘 산것 같아요",
        "SentimentWord": "4",
        "SentimentPolarity": "1"
      }
    ]
  },
  {
    "Index": "13159",
    "RawText": "채널 변경하거나 다른 기기 연동할 때 딜레이가 있습니다. 이 점만 제외하면 화질도 좋고 빛반사가 적어서 기존 사용하고 있는 티비에 비해 만족스럽네요.",
    "Source": "쇼핑몰",
    "Domain": "가전",
    "MainCategory": "영상/음향가전",
    "ProductName": "Crystal UHD 삼성전자 KU50UA7050FXKR 스탠드",
    "ReviewScore": "4",
    "Syllable": "83",
    "Word": "21",
    "RDate": "20220521",
    "Aspects": [
      {
        "Aspect": "시간/속도",
        "SentimentText": "채널 변경하거나 다른 기기 연동할 때 딜레이가 있습니다.",
        "SentimentWord": "8",
        "SentimentPolarity": "-1"
      },
      {
        "Aspect": "화질",
        "SentimentText": "화질도 좋고 빛반사가 적어서 기존 사용하고 있는 티비에 비해 만족스럽네요.",
        "SentimentWord": "10",
        "SentimentPolarity": "1"
      }
    ]
  },
  {
    "Index": "13160",
    "RawText": "배송 좋아요. 배송기사님들 친절하셨고, 가격대비 잘 구입했는데 리모콘만 어르신용으로 00일반리모콘 따로 구매했습니다. 이게 스마트TV의 단점인지, 보급형 TV라 그런지 리모콘과 화면 반응이  서로 잘 안맞을 때가 있어요",
    "Source": "쇼핑몰",
    "Domain": "가전",
    "MainCategory": "영상/음향가전",
    "ProductName": "Crystal UHD 삼성전자 KU50UA7050FXKR 스탠드",
    "ReviewScore": "4",
    "Syllable": "122",
    "Word": "26",
    "RDate": "20220627",
    "Aspects": [
      {
        "Aspect": "가격",
        "SentimentText": "가격대비 잘 구입했는데",
        "SentimentWord": "3",
        "SentimentPolarity": "1"
      },
      {
        "Aspect": "조작성",
        "SentimentText": "리모콘과 화면 반응이  서로 잘 안맞을 때가 있어요",
        "SentimentWord": "8",
        "SentimentPolarity": "-1"
      }
    ]
  },
  {
    "Index": "13161",
    "RawText": "폰도 베젤리쓰를 좋아하는데 베젤이 거의 없는 디자인이라서 맘에 듭니다 그리고 화면의 화질도 선명해서 만족합니다",
    "Source": "쇼핑몰",
    "Domain": "가전",
    "MainCategory": "영상/음향가전",
    "ProductName": "Crystal UHD 삼성전자 KU50UA7050FXKR 스탠드",
    "ReviewScore": "5",
    "Syllable": "61",
    "Word": "14",
    "RDate": "20220805",
    "Aspects": [
      {
        "Aspect": "디자인",
        "SentimentText": "폰도 베젤리쓰를 좋아하는데 베젤이 거의 없는 디자인이라서 맘에 듭니다",
        "SentimentWord": "9",
        "SentimentPolarity": "1"
      },
      {
        "Aspect": "화질",
        "SentimentText": "화질도 선명해서 만족합니다",
        "SentimentWord": "3",
        "SentimentPolarity": "1"
      }
    ]
  }
]