[
  {
    "Index": "16198",
    "RawText": "선이 너무 짧아서 난감하네요ㅡㅡ; 그리고 스피커에서 미세하게 찢어지는 소리가 나요ㅠ",
    "Source": "쇼핑몰",
    "Domain": "가전",
    "MainCategory": "영상/음향가전",
    "ProductName": "Creative PEBBLE 2.0 블랙, 정품",
    "ReviewScore": "5",
    "Syllable": "46",
    "Word": "10",
    "RDate": "20200526",
    "GeneralPolarity": "-1",
    "Aspects": [
      {
        "Aspect": "사이즈",
        "SentimentText": "선이 너무 짧아서 난감하네요ㅡㅡ;",
        "SentimentWord": "4",
        "SentimentPolarity": "-1"
      },
      {
        "Aspect": "음량/음질",
        "SentimentText": "스피커에서 미세하게 찢어지는 소리가 나요ㅠ",
        "SentimentWord": "5",
        "SentimentPolarity": "-1"
      }
    ]
  },
  {
    "Index": "16199",
    "RawText": "소리가 작게 설정되어있으면 잘 안들리는점이 아쉽고요 외관상 마감처리도 잘되어있고 퀄리티가 좋아서 나름 만족해요 ^^ ",
    "Source": "쇼핑몰",
    "Domain": "가전",
    "MainCategory": "영상/음향가전",
    "ProductName": "Creative PEBBLE 2.0 블랙, 정품",
    "ReviewScore": "4",
    "Syllable": "65",
    "Word": "14",
    "RDate": "20220323",
    "GeneralPolarity": "0",
    "Aspects": [
      {
        "Aspect": "음량/음질",
        "SentimentText": "소리가 작게 설정되어있으면 잘 안들리는점이 아쉽고요",
        "SentimentWord": "6",
        "SentimentPolarity": "-1"
      },
      {
        "Aspect": "품질",
        "SentimentText": "외관상 마감처리도 잘되어있고 퀄리티가 좋아서 나름 만족해요 ^^",
        "SentimentWord": "8",
        "SentimentPolarity": "1"
      }
    ]
  },
  {
    "Index": "16200",
    "RawText": "볼륨을 높여도 소리가 겁나 작아서 짜증납니다. 디자인은 예쁘네요.",
    "Source": "쇼핑몰",
    "Domain": "가전",
    "MainCategory": "영상/음향가전",
    "ProductName": "Creative PEBBLE 2.0 블랙, 정품",
    "ReviewScore": "4",
    "Syllable": "36",
    "Word": "8",
    "RDate": "20190801",
    "GeneralPolarity": "0",
    "Aspects": [
      {
        "Aspect": "음량/음질",
        "SentimentText": "볼륨을 높여도 소리가 겁나 작아서 짜증납니다",
        "SentimentWord": "6",
        "SentimentPolarity": "-1"
      },
      {
        "Aspect": "디자인",
        "SentimentText": "디자인은 예쁘네요",
        "SentimentWord": "2",
        "SentimentPolarity": "1"
      }
    ]
  },
  {
    "Index": "16201",
    "RawText": "사운드가 생각이상으로 너무 좋네요. 근데 조약돌 모양이라는데 음.. 그런 생각은 안드네요--;",
    "Source": "쇼핑몰",
    "Domain": "가전",
    "MainCategory": "영상/음향가전",
    "ProductName": "Creative PEBBLE 2.0 블랙, 정품",
    "ReviewScore": "4",
    "Syllable": "52",
    "Word": "11",
    "RDate": "20210129",
    "GeneralPolarity": "1",
    "Aspects": [
      {
        "Aspect": "음량/음질",
        "SentimentText": "사운드가 생각이상으로 너무 좋네요",
        "SentimentWord": "4",
        "SentimentPolarity": "1"
      },
      {
        "Aspect": "디자인",
        "SentimentText": "근데 조약돌 모양이라는데 음.. 그런 생각은 안드네요--;",
        "SentimentWord": "7",
        "SentimentPolarity": "0"
      }
    ]
  },
  {
    "Index": "16202",
    "RawText": "배송 진짜 빨라요^^ 테이프가 떨어져서 왔는데 포장상태가 왜 이모양인지ㅡㅡ;  사운드는 그냥 막듣기 무난한 편이고요, 디자인은 깜찍해서 이쁘네요.",
    "Source": "쇼핑몰",
    "Domain": "가전",
    "MainCategory": "영상/음향가전",
    "ProductName": "Creative PEBBLE 2.0 블랙, 정품",
    "ReviewScore": "5",
    "Syllable": "81",
    "Word": "17",
    "RDate": "20191108",
    "GeneralPolarity": "0",
    "Aspects": [
      {
        "Aspect": "음량/음질",
        "SentimentText": "사운드는 그냥 막듣기 무난한 편이고요",
        "SentimentWord": "5",
        "SentimentPolarity": "0"
      },
      {
        "Aspect": "디자인",
        "SentimentText": "디자인은 깜찍해서 이쁘네요",
        "SentimentWord": "3",
        "SentimentPolarity": "1"
      }
    ]
  },
  {
    "Index": "16204",
    "RawText": "사이즈가 작아 귀엽고 깜직한데 소리에선 제대로 나올까 걱정햇는데 생각보다 깨끗하게 잘 나오네요. 가성비 진짜 좋은 스피커에요 추천합니다~",
    "Source": "쇼핑몰",
    "Domain": "가전",
    "MainCategory": "영상/음향가전",
    "ProductName": "Creative PEBBLE 2.0 블랙, 정품",
    "ReviewScore": "5",
    "Syllable": "76",
    "Word": "17",
    "RDate": "20190627",
    "GeneralPolarity": "1",
    "Aspects": [
      {
        "Aspect": "사이즈",
        "SentimentText": "사이즈가 작아 귀엽고 깜직한데",
        "SentimentWord": "4",
        "SentimentPolarity": "1"
      },
      {
        "Aspect": "음량/음질",
        "SentimentText": "소리에선 제대로 나올까 걱정햇는데 생각보다 깨끗하게 잘 나오네요",
        "SentimentWord": "8",
        "SentimentPolarity": "1"
      },
      {
        "Aspect": "가격",
        "SentimentText": "가성비 진짜 좋은 스피커에요 추천합니다~",
        "SentimentWord": "5",
        "SentimentPolarity": "1"
      }
    ]
  },
  {
    "Index": "16205",
    "RawText": "작은크기여서 저는 만족해요 화이트 색상이라 깔끔해서 좋구요 조약돌같이 디자인이 귀여워서 책상 분위기도 바꿀 수있어서 좋구요!!소리도 빵빵해서 좋습니다~",
    "Source": "쇼핑몰",
    "Domain": "가전",
    "MainCategory": "영상/음향가전",
    "ProductName": "Creative PEBBLE 2.0 블랙, 정품",
    "ReviewScore": "5",
    "Syllable": "84",
    "Word": "17",
    "RDate": "20201006",
    "GeneralPolarity": "1",
    "Aspects": [
      {
        "Aspect": "사이즈",
        "SentimentText": "작은크기여서 저는 만족해요",
        "SentimentWord": "3",
        "SentimentPolarity": "1"
      },
      {
        "Aspect": "색상",
        "SentimentText": "화이트 색상이라 깔끔해서 좋구요",
        "SentimentWord": "4",
        "SentimentPolarity": "1"
      },
      {
        "Aspect": "디자인",
        "SentimentText": "조약돌같이 디자인이 귀여워서 책상 분위기도 바꿀 수있어서 좋구요!!",
        "SentimentWord": "8",
        "SentimentPolarity": "1"
      },
      {
        "Aspect": "음량/음질",
        "SentimentText": "소리도 빵빵해서 좋습니다~",
        "SentimentWord": "3",
        "SentimentPolarity": "1"
      }
    ]
  },
  {
    "Index": "16208",
    "RawText": "동글 동글 디자인은 너무 귀엽네요~ 근데 생각보다 사이즈커서 아쉬웠어요 배송도 빠르게 잘받아서 만족해요~ ",
    "Source": "쇼핑몰",
    "Domain": "가전",
    "MainCategory": "영상/음향가전",
    "ProductName": "Creative PEBBLE 2.0 블랙, 정품",
    "ReviewScore": "4",
    "Syllable": "59",
    "Word": "13",
    "RDate": "20210311",
    "GeneralPolarity": "0",
    "Aspects": [
      {
        "Aspect": "디자인",
        "SentimentText": "동글 동글 디자인은 너무 귀엽네요~",
        "SentimentWord": "5",
        "SentimentPolarity": "1"
      },
      {
        "Aspect": "사이즈",
        "SentimentText": "근데 생각보다 사이즈커서 아쉬웠어요 ",
        "SentimentWord": "4",
        "SentimentPolarity": "-1"
      }
    ]
  },
  {
    "Index": "16210",
    "RawText": "가격대비 좋은제품 착한가격 행복해요~ 디자인 슬림해서 좋구요 음질은 섬세하고 풍부하여 충분히 만족합니다^^",
    "Source": "쇼핑몰",
    "Domain": "가전",
    "MainCategory": "영상/음향가전",
    "ProductName": "Creative PEBBLE 2.0 블랙, 정품",
    "ReviewScore": "5",
    "Syllable": "59",
    "Word": "12",
    "RDate": "20220322",
    "GeneralPolarity": "1",
    "Aspects": [
      {
        "Aspect": "가격",
        "SentimentText": "가격대비 좋은제품 착한가격 행복해요~",
        "SentimentWord": "4",
        "SentimentPolarity": "1"
      },
      {
        "Aspect": "디자인",
        "SentimentText": "디자인 슬림해서 좋구요",
        "SentimentWord": "3",
        "SentimentPolarity": "1"
      },
      {
        "Aspect": "음량/음질",
        "SentimentText": "음질은 섬세하고 풍부하여 충분히 만족합니다^^",
        "SentimentWord": "5",
        "SentimentPolarity": "1"
      }
    ]
  },
  {
    "Index": "16211",
    "RawText": "색상이 참 예뻐서 맘에 들어요 소리 크게 잘나오니 좋아요 다만 어댑터가 없어서 생각보다 볼륨 많이 올려야 하는점이 불편하네요 ㅠㅠ",
    "Source": "쇼핑몰",
    "Domain": "가전",
    "MainCategory": "영상/음향가전",
    "ProductName": "Creative PEBBLE 2.0 블랙, 정품",
    "ReviewScore": "5",
    "Syllable": "72",
    "Word": "19",
    "RDate": "20220725",
    "GeneralPolarity": "0",
    "Aspects": [
      {
        "Aspect": "색상",
        "SentimentText": "색상이 참 예뻐서 맘에 들어요",
        "SentimentWord": "5",
        "SentimentPolarity": "1"
      },
      {
        "Aspect": "음량/음질",
        "SentimentText": "소리 크게 잘나오니 좋아요",
        "SentimentWord": "4",
        "SentimentPolarity": "1"
      },
      {
        "Aspect": "편의성",
        "SentimentText": "다만 어댑터가 없어서 생각보다 볼륨 많이 올려야 하는점이 불편하네요 ㅠㅠ",
        "SentimentWord": "10",
        "SentimentPolarity": "-1"
      }
    ]
  },
  {
    "Index": "16212",
    "RawText": "생각보다 음질이 깨끗해서 듣기 좋아요 ~~^^ 골드 앤 블랙 색상이라 고급스럽고 참 맘에 듭니다~",
    "Source": "쇼핑몰",
    "Domain": "가전",
    "MainCategory": "영상/음향가전",
    "ProductName": "Creative PEBBLE 2.0 블랙, 정품",
    "ReviewScore": "5",
    "Syllable": "54",
    "Word": "14",
    "RDate": "20191001",
    "GeneralPolarity": "1",
    "Aspects": [
      {
        "Aspect": "음량/음질",
        "SentimentText": "생각보다 음질이 깨끗해서 듣기 좋아요 ~~^^",
        "SentimentWord": "6",
        "SentimentPolarity": "1"
      },
      {
        "Aspect": "색상",
        "SentimentText": "골드 앤 블랙 색상이라 고급스럽고 참 맘에 듭니다~",
        "SentimentWord": "8",
        "SentimentPolarity": "1"
      }
    ]
  },
  {
    "Index": "16213",
    "RawText": "2만원대에 이런 가성비 좋은 스피커라니 득템이요~~^^ 베이스가 웅장하니 괜찮아요 최고!",
    "Source": "쇼핑몰",
    "Domain": "가전",
    "MainCategory": "영상/음향가전",
    "ProductName": "Creative PEBBLE 2.0 블랙, 정품",
    "ReviewScore": "4",
    "Syllable": "49",
    "Word": "10",
    "RDate": "20190807",
    "GeneralPolarity": "1",
    "Aspects": [
      {
        "Aspect": "가격",
        "SentimentText": "2만원대에 이런 가성비 좋은 스피커라니 득템이요~~^^",
        "SentimentWord": "6",
        "SentimentPolarity": "1"
      },
      {
        "Aspect": "음량/음질",
        "SentimentText": "베이스가 웅장하니 괜찮아요 최고!",
        "SentimentWord": "4",
        "SentimentPolarity": "1"
      }
    ]
  },
  {
    "Index": "16214",
    "RawText": "왼쪽 스피커에 플라스틱 굴러다니는 소리가 나서 불안하네요.. 하;; 음질음향 자체는 문제가 없어서 다행이에요 소리는 맑고 선명해서 좋아요~",
    "Source": "쇼핑몰",
    "Domain": "가전",
    "MainCategory": "영상/음향가전",
    "ProductName": "Creative PEBBLE 2.0 블랙, 정품",
    "ReviewScore": "4",
    "Syllable": "77",
    "Word": "17",
    "RDate": "20210123",
    "GeneralPolarity": "0",
    "Aspects": [
      {
        "Aspect": "품질",
        "SentimentText": "왼쪽 스피커에 플라스틱 굴러다니는 소리가 나서 불안하네요.. 하;;",
        "SentimentWord": "8",
        "SentimentPolarity": "-1"
      },
      {
        "Aspect": "음량/음질",
        "SentimentText": "음질음향 자체는 문제가 없어서 다행이에요 소리는 맑고 선명해서 좋아요~",
        "SentimentWord": "9",
        "SentimentPolarity": "1"
      }
    ]
  },
  {
    "Index": "16216",
    "RawText": "베이스 부스팅은 생각외로 안좋아 실망입니다 ㅠㅠ 하지만 가격은 착해서 좋아요  디자인도 예쁜 제품입니다 만족^^",
    "Source": "쇼핑몰",
    "Domain": "가전",
    "MainCategory": "영상/음향가전",
    "ProductName": "Creative PEBBLE 2.0 블랙, 정품",
    "ReviewScore": "5",
    "Syllable": "62",
    "Word": "14",
    "RDate": "20201205",
    "GeneralPolarity": "1",
    "Aspects": [
      {
        "Aspect": "음량/음질",
        "SentimentText": "베이스 부스팅은 생각외로 안좋아 실망입니다 ㅠㅠ",
        "SentimentWord": "6",
        "SentimentPolarity": "-1"
      },
      {
        "Aspect": "가격",
        "SentimentText": "하지만 가격은 착해서 좋아요 ",
        "SentimentWord": "4",
        "SentimentPolarity": "1"
      },
      {
        "Aspect": "디자인",
        "SentimentText": "디자인도 예쁜 제품입니다 만족^^",
        "SentimentWord": "4",
        "SentimentPolarity": "1"
      }
    ]
  },
  {
    "Index": "16217",
    "RawText": "왼쪽 스피커에 가끔 찢어지는 소리가 나서 불안하네요ㅠㅠㅠ... 운동할때 쓰는데 참 가볍고 이동이 편리해서 좋은 제품이에요~ 굿",
    "Source": "쇼핑몰",
    "Domain": "가전",
    "MainCategory": "영상/음향가전",
    "ProductName": "Creative PEBBLE 2.0 블랙, 정품",
    "ReviewScore": "3",
    "Syllable": "70",
    "Word": "16",
    "RDate": "20200401",
    "Aspects": [
      {
        "Aspect": "기능",
        "SentimentText": "왼쪽 스피커에 가끔 찢어지는 소리가 나서 불안하네요ㅠㅠㅠ...",
        "SentimentWord": "7",
        "SentimentPolarity": "-1"
      },
      {
        "Aspect": "편의성",
        "SentimentText": "운동할때 쓰는데 참 가볍고 이동이 편리해서 좋은 제품이에요~ 굿",
        "SentimentWord": "9",
        "SentimentPolarity": "1"
      }
    ]
  },
  {
    "Index": "16218",
    "RawText": "음질이 깨끗해서 선명하게 잘들려 만족해요~ 그런데 소리가 넘 작은점이 아쉬워요 ㅠㅠㅠ ",
    "Source": "쇼핑몰",
    "Domain": "가전",
    "MainCategory": "영상/음향가전",
    "ProductName": "Creative PEBBLE 2.0 블랙, 정품",
    "ReviewScore": "4",
    "Syllable": "48",
    "Word": "11",
    "RDate": "20200719",
    "GeneralPolarity": "0",
    "Aspects": [
      {
        "Aspect": "음량/음질",
        "SentimentText": "음질이 깨끗해서 선명하게 잘들려 만족해요~",
        "SentimentWord": "5",
        "SentimentPolarity": "1"
      },
      {
        "Aspect": "음량/음질",
        "SentimentText": "그런데 소리가 넘 작은점이 아쉬워요 ㅠㅠㅠ",
        "SentimentWord": "6",
        "SentimentPolarity": "-1"
      }
    ]
  },
  {
    "Index": "16219",
    "RawText": "이 가격대에 못구하는 갓성비제품!! 추천^^ 작고 가벼워서 책상에 올려도 부담없는 사이즈입니다 엄청 좋습니다~",
    "Source": "쇼핑몰",
    "Domain": "가전",
    "MainCategory": "영상/음향가전",
    "ProductName": "Creative PEBBLE 2.0 블랙, 정품",
    "ReviewScore": "4",
    "Syllable": "61",
    "Word": "13",
    "RDate": "20210315",
    "GeneralPolarity": "1",
    "Aspects": [
      {
        "Aspect": "가격",
        "SentimentText": "이 가격대에 못구하는 갓성비제품!! 추천^^",
        "SentimentWord": "5",
        "SentimentPolarity": "1"
      },
      {
        "Aspect": "사이즈",
        "SentimentText": "작고 가벼워서 책상에 올려도 부담없는 사이즈입니다 엄청 좋습니다~",
        "SentimentWord": "8",
        "SentimentPolarity": "1"
      }
    ]
  },
  {
    "Index": "16220",
    "RawText": "이 가격에 좋은제품 감사해요~ 저음 고음 기본 세팅되는 기능 너무 좋아요 전원 연결도 usb라 넘넘 편하네요^^ 공간 차지 없는 슬림한 디자인이라 만족 사운드 정말 빵빵해서 귀호강해요~",
    "Source": "쇼핑몰",
    "Domain": "가전",
    "MainCategory": "영상/음향가전",
    "ProductName": "Creative PEBBLE 2.0 블랙, 정품",
    "ReviewScore": "5",
    "Syllable": "103",
    "Word": "26",
    "RDate": "20220726",
    "GeneralPolarity": "1",
    "Aspects": [
      {
        "Aspect": "가격",
        "SentimentText": "이 가격에 좋은제품 감사해요~",
        "SentimentWord": "4",
        "SentimentPolarity": "1"
      },
      {
        "Aspect": "기능",
        "SentimentText": "저음 고음 기본 세팅되는 기능 너무 좋아요",
        "SentimentWord": "7",
        "SentimentPolarity": "1"
      },
      {
        "Aspect": "편의성",
        "SentimentText": "전원 연결도 usb라 넘넘 편하네요^^",
        "SentimentWord": "5",
        "SentimentPolarity": "1"
      },
      {
        "Aspect": "디자인",
        "SentimentText": "공간 차지 없는 슬림한 디자인이라 만족",
        "SentimentWord": "6",
        "SentimentPolarity": "1"
      },
      {
        "Aspect": "음량/음질",
        "SentimentText": "사운드 정말 빵빵해서 귀호강해요~",
        "SentimentWord": "4",
        "SentimentPolarity": "1"
      }
    ]
  },
  {
    "Index": "16222",
    "RawText": "신상품 OOO 스피커를 구입했는데 가성비가 정말 훌륭하네요. 다만 좌우 유닛을 연결하는 선이 짧아서 불편해요 ㅠㅠ",
    "Source": "쇼핑몰",
    "Domain": "가전",
    "MainCategory": "영상/음향가전",
    "ProductName": "Creative PEBBLE 2.0 블랙, 정품",
    "ReviewScore": "4",
    "Syllable": "63",
    "Word": "15",
    "RDate": "20190510",
    "GeneralPolarity": "0",
    "Aspects": [
      {
        "Aspect": "가격",
        "SentimentText": "가성비가 정말 훌륭하네요",
        "SentimentWord": "3",
        "SentimentPolarity": "1"
      },
      {
        "Aspect": "조작성",
        "SentimentText": "좌우 유닛을 연결하는 선이 짧아서 불편해요 ㅠㅠ",
        "SentimentWord": "7",
        "SentimentPolarity": "-1"
      }
    ]
  },
  {
    "Index": "16223",
    "RawText": "컴퓨터에 장착할 스피커가 필요해서 구입했는데 가성비가 너무 좋아요. 음질도 굿!! 아주 만족합니다.",
    "Source": "쇼핑몰",
    "Domain": "가전",
    "MainCategory": "영상/음향가전",
    "ProductName": "Creative PEBBLE 2.0 블랙, 정품",
    "ReviewScore": "5",
    "Syllable": "55",
    "Word": "12",
    "RDate": "20201004",
    "GeneralPolarity": "1",
    "Aspects": [
      {
        "Aspect": "가격",
        "SentimentText": "가성비가 너무 좋아요.",
        "SentimentWord": "3",
        "SentimentPolarity": "1"
      },
      {
        "Aspect": "음량/음질",
        "SentimentText": "음질도 굿!! 아주 만족합니다.",
        "SentimentWord": "4",
        "SentimentPolarity": "1"
      }
    ]
  },
  {
    "Index": "16224",
    "RawText": "사이즈가 아담해서 자리차지 많이 안해서 좋아요 그리고 화이트색상을 원했는데 딱 좋구요~ 디자인도 귀여워서 마음에 들구요 또 소리도 깔끔하니까 만족합니다~",
    "Source": "쇼핑몰",
    "Domain": "가전",
    "MainCategory": "영상/음향가전",
    "ProductName": "Creative PEBBLE 2.0 블랙, 정품",
    "ReviewScore": "5",
    "Syllable": "85",
    "Word": "19",
    "RDate": "20220129",
    "GeneralPolarity": "1",
    "Aspects": [
      {
        "Aspect": "사이즈",
        "SentimentText": "사이즈가 아담해서 자리차지 많이 안해서 좋아요",
        "SentimentWord": "6",
        "SentimentPolarity": "1"
      },
      {
        "Aspect": "색상",
        "SentimentText": "그리고 화이트색상을 원했는데 딱 좋구요~",
        "SentimentWord": "5",
        "SentimentPolarity": "1"
      },
      {
        "Aspect": "디자인",
        "SentimentText": "디자인도 귀여워서 마음에 들구요",
        "SentimentWord": "4",
        "SentimentPolarity": "1"
      },
      {
        "Aspect": "음량/음질",
        "SentimentText": "또 소리도 깔끔하니까 만족합니다~",
        "SentimentWord": "4",
        "SentimentPolarity": "1"
      }
    ]
  },
  {
    "Index": "16225",
    "RawText": "작지만 음질이 웅장하고 깨끗해서 최고입니다^^ 그리고 바로바로 음악이 나오고 좋아서 컴퓨터에도 쓰려고 해요 굿입니다!!",
    "Source": "쇼핑몰",
    "Domain": "가전",
    "MainCategory": "영상/음향가전",
    "ProductName": "Creative PEBBLE 2.0 블랙, 정품",
    "ReviewScore": "5",
    "Syllable": "66",
    "Word": "14",
    "RDate": "20200528",
    "GeneralPolarity": "1",
    "Aspects": [
      {
        "Aspect": "음량/음질",
        "SentimentText": "작지만 음질이 웅장하고 깨끗해서 최고입니다^^",
        "SentimentWord": "5",
        "SentimentPolarity": "1"
      },
      {
        "Aspect": "시간/속도",
        "SentimentText": "그리고 바로바로 음악이 나오고 좋아서 컴퓨터에도 쓰려고 해요 굿입니다!!",
        "SentimentWord": "9",
        "SentimentPolarity": "1"
      }
    ]
  },
  {
    "Index": "16226",
    "RawText": "작은크기라 배치도 좋아서 만족해요 그리고 음질도 빵빵해서 좋습니다. 성능이 가격에 비해서도 좋아서 강추!예요^^",
    "Source": "쇼핑몰",
    "Domain": "가전",
    "MainCategory": "영상/음향가전",
    "ProductName": "Creative PEBBLE 2.0 블랙, 정품",
    "ReviewScore": "5",
    "Syllable": "62",
    "Word": "13",
    "RDate": "20190910",
    "GeneralPolarity": "1",
    "Aspects": [
      {
        "Aspect": "사이즈",
        "SentimentText": "작은크기라 배치도 좋아서 만족해요",
        "SentimentWord": "4",
        "SentimentPolarity": "1"
      },
      {
        "Aspect": "음량/음질",
        "SentimentText": "그리고 음질도 빵빵해서 좋습니다",
        "SentimentWord": "4",
        "SentimentPolarity": "1"
      },
      {
        "Aspect": "기능",
        "SentimentText": "성능이 가격에 비해서도 좋아서 강추!예요^^",
        "SentimentWord": "5",
        "SentimentPolarity": "1"
      }
    ]
  },
  {
    "Index": "16227",
    "RawText": "생각보다는 사이즈가 커서 아쉬웠어요 그런데 소리는 깨끗하니 만족해요~ 다만 소리가 큰만큼 진동도 생각보다 커서 책상이 울립니다. ㅜ 아무대나 놓을 수가 없어서 조금 불편하고 신경쓰여요",
    "Source": "쇼핑몰",
    "Domain": "가전",
    "MainCategory": "영상/음향가전",
    "ProductName": "Creative PEBBLE 2.0 블랙, 정품",
    "ReviewScore": "5",
    "Syllable": "102",
    "Word": "24",
    "RDate": "20200528",
    "GeneralPolarity": "0",
    "Aspects": [
      {
        "Aspect": "사이즈",
        "SentimentText": "생각보다는 사이즈가 커서 아쉬웠어요 ",
        "SentimentWord": "4",
        "SentimentPolarity": "-1"
      },
      {
        "Aspect": "음량/음질",
        "SentimentText": "그런데 소리는 깨끗하니 만족해요~",
        "SentimentWord": "4",
        "SentimentPolarity": "1"
      },
      {
        "Aspect": "편의성",
        "SentimentText": "다만 소리가 큰만큼 진동도 생각보다 커서 책상이 울립니다. ㅜ 아무대나 놓을 수가 없어서 조금 불편하고 신경쓰여요",
        "SentimentWord": "16",
        "SentimentPolarity": "-1"
      }
    ]
  },
  {
    "Index": "16228",
    "RawText": "작지만 음량의 퍼짐이 아주 좋아요  스피커랑 헤드셋도 동시에 가능하고 만족합니다.",
    "Source": "쇼핑몰",
    "Domain": "가전",
    "MainCategory": "영상/음향가전",
    "ProductName": "Creative PEBBLE 2.0 블랙, 정품",
    "ReviewScore": "5",
    "Syllable": "45",
    "Word": "10",
    "RDate": "20201024",
    "GeneralPolarity": "1",
    "Aspects": [
      {
        "Aspect": "음량/음질",
        "SentimentText": "작지만 음량의 퍼짐이 아주 좋아요 ",
        "SentimentWord": "5",
        "SentimentPolarity": "1"
      },
      {
        "Aspect": "기능",
        "SentimentText": "스피커랑 헤드셋도 동시에 가능하고 만족합니다.",
        "SentimentWord": "5",
        "SentimentPolarity": "1"
      }
    ]
  },
  {
    "Index": "16229",
    "RawText": "사용중인데 품질에 만족하며 쓰고있어요^^ 가성비도 최고인듯해요 ㅎㅎ음악이나 인터넷방송 영화까지도 음질이 웅장해서 좋아요",
    "Source": "쇼핑몰",
    "Domain": "가전",
    "MainCategory": "영상/음향가전",
    "ProductName": "Creative PEBBLE 2.0 블랙, 정품",
    "ReviewScore": "5",
    "Syllable": "66",
    "Word": "12",
    "RDate": "20190426",
    "GeneralPolarity": "1",
    "Aspects": [
      {
        "Aspect": "품질",
        "SentimentText": "사용중인데 품질에 만족하며 쓰고있어요^^",
        "SentimentWord": "4",
        "SentimentPolarity": "1"
      },
      {
        "Aspect": "가격",
        "SentimentText": "가성비도 최고인듯해요 ㅎㅎ",
        "SentimentWord": "3",
        "SentimentPolarity": "1"
      },
      {
        "Aspect": "음량/음질",
        "SentimentText": "음악이나 인터넷방송 영화까지도 음질이 웅장해서 좋아요",
        "SentimentWord": "6",
        "SentimentPolarity": "1"
      }
    ]
  },
  {
    "Index": "16230",
    "RawText": "스피커가 생각보다 커서 당황했어요;;; 그런데 디자인은 동글동글하고 예뻐서 너무 좋아요",
    "Source": "쇼핑몰",
    "Domain": "가전",
    "MainCategory": "영상/음향가전",
    "ProductName": "Creative PEBBLE 2.0 블랙, 정품",
    "ReviewScore": "5",
    "Syllable": "48",
    "Word": "10",
    "RDate": "20190530",
    "GeneralPolarity": "0",
    "Aspects": [
      {
        "Aspect": "사이즈",
        "SentimentText": "스피커가 생각보다 커서 당황했어요;;; ",
        "SentimentWord": "4",
        "SentimentPolarity": "-1"
      },
      {
        "Aspect": "디자인",
        "SentimentText": "그런데 디자인은 동글동글하고 예뻐서 너무 좋아요",
        "SentimentWord": "6",
        "SentimentPolarity": "1"
      }
    ]
  },
  {
    "Index": "16231",
    "RawText": "음질이 뭉개지지 않고 소리가 좋아요 그리고 가성비가 매우 좋아서 만족해요~ ",
    "Source": "쇼핑몰",
    "Domain": "가전",
    "MainCategory": "영상/음향가전",
    "ProductName": "Creative PEBBLE 2.0 블랙, 정품",
    "ReviewScore": "5",
    "Syllable": "42",
    "Word": "10",
    "RDate": "20210906",
    "GeneralPolarity": "1",
    "Aspects": [
      {
        "Aspect": "음량/음질",
        "SentimentText": "음질이 뭉개지지 않고 소리가 좋아요",
        "SentimentWord": "5",
        "SentimentPolarity": "1"
      },
      {
        "Aspect": "가격",
        "SentimentText": "그리고 가성비가 매우 좋아서 만족해요~",
        "SentimentWord": "5",
        "SentimentPolarity": "1"
      }
    ]
  },
  {
    "Index": "16232",
    "RawText": "제품이 3만원인데 기능도 다양하고 가성비 좋아 만족스럽습니다. 가격대비 음질도 선명하고 깨끗해서 잘 듣고 있습니다.",
    "Source": "쇼핑몰",
    "Domain": "가전",
    "MainCategory": "영상/음향가전",
    "ProductName": "Creative PEBBLE 2.0 블랙, 정품",
    "ReviewScore": "5",
    "Syllable": "64",
    "Word": "14",
    "RDate": "20210406",
    "GeneralPolarity": "1",
    "Aspects": [
      {
        "Aspect": "가격",
        "SentimentText": "제품이 3만원인데 기능도 다양하고 가성비 좋아 만족스럽습니다.",
        "SentimentWord": "7",
        "SentimentPolarity": "1"
      },
      {
        "Aspect": "음량/음질",
        "SentimentText": "가격대비 음질도 선명하고 깨끗해서 잘 듣고 있습니다.",
        "SentimentWord": "7",
        "SentimentPolarity": "1"
      }
    ]
  },
  {
    "Index": "16233",
    "RawText": "가격이 저렴해서 만족해요 그리고 음질도 깨끗하고 꽤 좋아요 ㅎㅎ 디자인이 둥글해서 굴러다닐것같아서 아쉬웠어요",
    "Source": "쇼핑몰",
    "Domain": "가전",
    "MainCategory": "영상/음향가전",
    "ProductName": "Creative PEBBLE 2.0 블랙, 정품",
    "ReviewScore": "5",
    "Syllable": "60",
    "Word": "13",
    "RDate": "20191107",
    "GeneralPolarity": "0",
    "Aspects": [
      {
        "Aspect": "가격",
        "SentimentText": "가격이 저렴해서 만족해요",
        "SentimentWord": "3",
        "SentimentPolarity": "1"
      },
      {
        "Aspect": "음량/음질",
        "SentimentText": "그리고 음질도 깨끗하고 꽤 좋아요 ㅎㅎ",
        "SentimentWord": "6",
        "SentimentPolarity": "1"
      },
      {
        "Aspect": "디자인",
        "SentimentText": "디자인이 둥글해서 굴러다닐것같아서 아쉬웠어요",
        "SentimentWord": "4",
        "SentimentPolarity": "-1"
      }
    ]
  },
  {
    "Index": "16234",
    "RawText": "가격에 비해 성능이 좋은 제품입니다. 가성비 짱 usb 연결로도 출력이 상당히 좋아요 ㅎㅎ 소리가 빵빵합니다.",
    "Source": "쇼핑몰",
    "Domain": "가전",
    "MainCategory": "영상/음향가전",
    "ProductName": "Creative PEBBLE 2.0 블랙, 정품",
    "ReviewScore": "4",
    "Syllable": "61",
    "Word": "15",
    "RDate": "20211122",
    "GeneralPolarity": "1",
    "Aspects": [
      {
        "Aspect": "가격",
        "SentimentText": "가격에 비해 성능이 좋은 제품입니다. 가성비 짱",
        "SentimentWord": "7",
        "SentimentPolarity": "1"
      },
      {
        "Aspect": "음량/음질",
        "SentimentText": " usb 연결로도 출력이 상당히 좋아요 ㅎㅎ 소리가 빵빵합니다.",
        "SentimentWord": "8",
        "SentimentPolarity": "1"
      }
    ]
  },
  {
    "Index": "16235",
    "RawText": "가격이 매우 저렴해서 좋아요 비록 구형제품이지만 사이즈에 비해 음량도 크고 기능이 좋습니다.",
    "Source": "쇼핑몰",
    "Domain": "가전",
    "MainCategory": "영상/음향가전",
    "ProductName": "Creative PEBBLE 2.0 블랙, 정품",
    "ReviewScore": "5",
    "Syllable": "51",
    "Word": "12",
    "RDate": "20201007",
    "GeneralPolarity": "1",
    "Aspects": [
      {
        "Aspect": "가격",
        "SentimentText": "가격이 매우 저렴해서 좋아요",
        "SentimentWord": "4",
        "SentimentPolarity": "1"
      },
      {
        "Aspect": "제조일/제조사",
        "SentimentText": "비록 구형제품이지만 사이즈에 비해 음량도 크고 기능이 좋습니다.",
        "SentimentWord": "8",
        "SentimentPolarity": "1"
      }
    ]
  },
  {
    "Index": "16236",
    "RawText": "베이스가 강조되고 저음이 강점인 좋은 음질의 스피커예요~ 다른 스피커에 비해 소리가 좀 작은편은것같아서 아쉬워요!!",
    "Source": "쇼핑몰",
    "Domain": "가전",
    "MainCategory": "영상/음향가전",
    "ProductName": "Creative PEBBLE 2.0 블랙, 정품",
    "ReviewScore": "4",
    "Syllable": "64",
    "Word": "14",
    "RDate": "20201009",
    "GeneralPolarity": "0",
    "Aspects": [
      {
        "Aspect": "음량/음질",
        "SentimentText": "베이스가 강조되고 저음이 강점인 좋은 음질의 스피커예요~ ",
        "SentimentWord": "7",
        "SentimentPolarity": "1"
      },
      {
        "Aspect": "음량/음질",
        "SentimentText": "다른 스피커에 비해 소리가 좀 작은편은것같아서 아쉬워요!!",
        "SentimentWord": "7",
        "SentimentPolarity": "-1"
      }
    ]
  },
  {
    "Index": "16237",
    "RawText": "크기는 작지만 출력이 좋습니다^^ 특히 저음소리도 잘잡아 주고 듣기에 편합니다. 만족해요",
    "Source": "쇼핑몰",
    "Domain": "가전",
    "MainCategory": "영상/음향가전",
    "ProductName": "Creative PEBBLE 2.0 블랙, 정품",
    "ReviewScore": "5",
    "Syllable": "49",
    "Word": "11",
    "RDate": "20190517",
    "GeneralPolarity": "1",
    "Aspects": [
      {
        "Aspect": "기능",
        "SentimentText": "크기는 작지만 출력이 좋습니다^^",
        "SentimentWord": "4",
        "SentimentPolarity": "1"
      },
      {
        "Aspect": "음량/음질",
        "SentimentText": "특히 저음소리도 잘잡아 주고 듣기에 편합니다. 만족해요",
        "SentimentWord": "7",
        "SentimentPolarity": "1"
      }
    ]
  },
  {
    "Index": "16240",
    "RawText": "가성비가 정말 기대이상이라 좋아요 저렴하게 구입하게 되어 만족하구요~ 그런데 소리의 반응이 한박자 느린것같아서 아쉬워요",
    "Source": "쇼핑몰",
    "Domain": "가전",
    "MainCategory": "영상/음향가전",
    "ProductName": "Creative PEBBLE 2.0 블랙, 정품",
    "ReviewScore": "5",
    "Syllable": "66",
    "Word": "14",
    "RDate": "20200308",
    "GeneralPolarity": "0",
    "Aspects": [
      {
        "Aspect": "가격",
        "SentimentText": "가성비가 정말 기대이상이라 좋아요 저렴하게 구입하게 되어 만족하구요~",
        "SentimentWord": "8",
        "SentimentPolarity": "1"
      },
      {
        "Aspect": "시간/속도",
        "SentimentText": "그런데 소리의 반응이 한박자 느린것같아서 아쉬워요",
        "SentimentWord": "6",
        "SentimentPolarity": "-1"
      }
    ]
  },
  {
    "Index": "16241",
    "RawText": "제품에 흠집이 하나 없이 퀄리티 좋습니다. 그런데 너무 가벼워서 굴러다닐것같아서 아쉬워요!!",
    "Source": "쇼핑몰",
    "Domain": "가전",
    "MainCategory": "영상/음향가전",
    "ProductName": "Creative PEBBLE 2.0 블랙, 정품",
    "ReviewScore": "3",
    "Syllable": "51",
    "Word": "11",
    "RDate": "20220318",
    "GeneralPolarity": "0",
    "Aspects": [
      {
        "Aspect": "품질",
        "SentimentText": "제품에 흠집이 하나 없이 퀄리티 좋습니다.",
        "SentimentWord": "6",
        "SentimentPolarity": "1"
      },
      {
        "Aspect": "무게",
        "SentimentText": "그런데 너무 가벼워서 굴러다닐것같아서 아쉬워요!!",
        "SentimentWord": "5",
        "SentimentPolarity": "-1"
      }
    ]
  },
  {
    "Index": "16242",
    "RawText": "제품의 퀄리티가 매우 떨어지는 상품이라 불만족스러워요 ㅜ 음질도 노트북스피커보다 출력이 떨어지고 비추천합니다",
    "Source": "쇼핑몰",
    "Domain": "가전",
    "MainCategory": "영상/음향가전",
    "ProductName": "Creative PEBBLE 2.0 블랙, 정품",
    "ReviewScore": "1",
    "Syllable": "60",
    "Word": "12",
    "RDate": "20220706",
    "GeneralPolarity": "-1",
    "Aspects": [
      {
        "Aspect": "품질",
        "SentimentText": "제품의 퀄리티가 매우 떨어지는 상품이라 불만족스러워요 ㅜ",
        "SentimentWord": "7",
        "SentimentPolarity": "-1"
      },
      {
        "Aspect": "음량/음질",
        "SentimentText": "음질도 노트북스피커보다 출력이 떨어지고 비추천합니다  ",
        "SentimentWord": "5",
        "SentimentPolarity": "-1"
      }
    ]
  },
  {
    "Index": "16243",
    "RawText": "작은사이즈에 맞게 소리가 다소 작고 답답합니다. 조금 아쉬워요 하지만 유명한 브랜드의 제품의 명성에 걸맞게 전반적으로 음이 맑고 고운 소리가 나서 만족합니다. 또 반면 맑고 고운소리가 나서 좋긴하네요~ ",
    "Source": "쇼핑몰",
    "Domain": "가전",
    "MainCategory": "영상/음향가전",
    "ProductName": "Creative PEBBLE 2.0 블랙, 정품",
    "ReviewScore": "3",
    "Syllable": "113",
    "Word": "27",
    "RDate": "20190621",
    "GeneralPolarity": "0",
    "Aspects": [
      {
        "Aspect": "음량/음질",
        "SentimentText": "작은사이즈에 맞게 소리가 다소 작고 답답합니다. 조금 아쉬워요",
        "SentimentWord": "8",
        "SentimentPolarity": "-1"
      },
      {
        "Aspect": "음량/음질",
        "SentimentText": "하지만 유명한 브랜드의 제품의 명성에 걸맞게 전반적으로 음이 맑고 고운 소리가 나서 만족합니다.",
        "SentimentWord": "13",
        "SentimentPolarity": "1"
      }
    ]
  },
  {
    "Index": "16244",
    "RawText": "저음과 고음의 사운드가 맑아서 좋아요 그리고 주먹보다 큰 스피커 크기에 만족해요 3만원에 이런 음질과 품질이라니 가성비 좋습니다",
    "Source": "쇼핑몰",
    "Domain": "가전",
    "MainCategory": "영상/음향가전",
    "ProductName": "Creative PEBBLE 2.0 블랙, 정품",
    "ReviewScore": "5",
    "Syllable": "71",
    "Word": "17",
    "RDate": "20190625",
    "GeneralPolarity": "1",
    "Aspects": [
      {
        "Aspect": "음량/음질",
        "SentimentText": "저음과 고음의 사운드가 맑아서 좋아요",
        "SentimentWord": "5",
        "SentimentPolarity": "1"
      },
      {
        "Aspect": "사이즈",
        "SentimentText": "그리고 주먹보다 큰 스피커 크기에 만족해요",
        "SentimentWord": "6",
        "SentimentPolarity": "1"
      },
      {
        "Aspect": "가격",
        "SentimentText": "3만원에 이런 음질과 품질이라니 가성비 좋습니다",
        "SentimentWord": "6",
        "SentimentPolarity": "1"
      }
    ]
  },
  {
    "Index": "16246",
    "RawText": "가성비가 상당히 좋습니다. 음질도 깔끔하고 만족해요^^",
    "Source": "쇼핑몰",
    "Domain": "가전",
    "MainCategory": "영상/음향가전",
    "ProductName": "Creative PEBBLE 2.0 블랙, 정품",
    "ReviewScore": "5",
    "Syllable": "30",
    "Word": "6",
    "RDate": "20201212",
    "GeneralPolarity": "1",
    "Aspects": [
      {
        "Aspect": "가격",
        "SentimentText": "가성비가 상당히 좋습니다. ",
        "SentimentWord": "3",
        "SentimentPolarity": "1"
      },
      {
        "Aspect": "음량/음질",
        "SentimentText": "음질도 깔끔하고 만족해요^^",
        "SentimentWord": "3",
        "SentimentPolarity": "1"
      }
    ]
  },
  {
    "Index": "16248",
    "RawText": "배송이 확실히 빨라서 만족해요^^ 소리가 쿵쿵쿵 마음을 울리네요 ^^ 음질이 선명하고 소리가 빵빵해서 좋습니다. 스피커도 조그맣고 귀여워서 좋아요 ㅎㅎ",
    "Source": "쇼핑몰",
    "Domain": "가전",
    "MainCategory": "영상/음향가전",
    "ProductName": "Creative PEBBLE 2.0 블랙, 정품",
    "ReviewScore": "5",
    "Syllable": "84",
    "Word": "19",
    "RDate": "20201007",
    "GeneralPolarity": "1",
    "Aspects": [
      {
        "Aspect": "음량/음질",
        "SentimentText": "소리가 쿵쿵쿵 마음을 울리네요 ^^ 음질이 선명하고 소리가 빵빵해서 좋습니다.",
        "SentimentWord": "10",
        "SentimentPolarity": "1"
      },
      {
        "Aspect": "사이즈",
        "SentimentText": "스피커도 조그맣고 귀여워서 좋아요 ㅎㅎ",
        "SentimentWord": "5",
        "SentimentPolarity": "1"
      }
    ]
  },
  {
    "Index": "16249",
    "RawText": "우퍼같은 저음 떨림과 음질이 깨끗하고 만족스러워요! 가성비가 상당히 좋습니다.",
    "Source": "쇼핑몰",
    "Domain": "가전",
    "MainCategory": "영상/음향가전",
    "ProductName": "Creative PEBBLE 2.0 블랙, 정품",
    "ReviewScore": "5",
    "Syllable": "43",
    "Word": "9",
    "RDate": "20190813",
    "GeneralPolarity": "1",
    "Aspects": [
      {
        "Aspect": "음량/음질",
        "SentimentText": "우퍼같은 저음 떨림과 음질이 깨끗하고 만족스러워요! ",
        "SentimentWord": "6",
        "SentimentPolarity": "1"
      },
      {
        "Aspect": "가격",
        "SentimentText": "가성비가 상당히 좋습니다.",
        "SentimentWord": "3",
        "SentimentPolarity": "1"
      }
    ]
  },
  {
    "Index": "16250",
    "RawText": "크기도 적당해서만족하구요 음량도 빵빵함이 대단합니다. 가성비 매우 좋아요^^",
    "Source": "쇼핑몰",
    "Domain": "가전",
    "MainCategory": "영상/음향가전",
    "ProductName": "Creative PEBBLE 2.0 블랙, 정품",
    "ReviewScore": "5",
    "Syllable": "42",
    "Word": "8",
    "RDate": "20201008",
    "GeneralPolarity": "1",
    "Aspects": [
      {
        "Aspect": "사이즈",
        "SentimentText": "크기도 적당해서만족하구요",
        "SentimentWord": "2",
        "SentimentPolarity": "1"
      },
      {
        "Aspect": "음량/음질",
        "SentimentText": "음량도 빵빵함이 대단합니다",
        "SentimentWord": "3",
        "SentimentPolarity": "1"
      },
      {
        "Aspect": "가격",
        "SentimentText": "가성비 매우 좋아요^^",
        "SentimentWord": "3",
        "SentimentPolarity": "1"
      }
    ]
  },
  {
    "Index": "16251",
    "RawText": "디자인은 귀엽고 깔끔해서 좋아요 그런데 음질은 기대이하 불만족스럽습니다.ㅜㅜ",
    "Source": "쇼핑몰",
    "Domain": "가전",
    "MainCategory": "영상/음향가전",
    "ProductName": "Creative PEBBLE 2.0 블랙, 정품",
    "ReviewScore": "3",
    "Syllable": "42",
    "Word": "8",
    "RDate": "20191212",
    "GeneralPolarity": "0",
    "Aspects": [
      {
        "Aspect": "디자인",
        "SentimentText": "디자인은 귀엽고 깔끔해서 좋아요",
        "SentimentWord": "4",
        "SentimentPolarity": "1"
      },
      {
        "Aspect": "음량/음질",
        "SentimentText": "그런데 음질은 기대이하 불만족스럽습니다.ㅜㅜ",
        "SentimentWord": "4",
        "SentimentPolarity": "-1"
      }
    ]
  },
  {
    "Index": "16253",
    "RawText": "소리도 꽤 빵빵해서 좋아요 가성비 좋은 스피커라 만족해요 디자인도 제가 원하는 화사한 스타일이라 매우 좋아요^^",
    "Source": "쇼핑몰",
    "Domain": "가전",
    "MainCategory": "영상/음향가전",
    "ProductName": "Creative PEBBLE 2.0 블랙, 정품",
    "ReviewScore": "4",
    "Syllable": "62",
    "Word": "15",
    "RDate": "20190929",
    "GeneralPolarity": "1",
    "Aspects": [
      {
        "Aspect": "음량/음질",
        "SentimentText": "소리도 꽤 빵빵해서 좋아요",
        "SentimentWord": "4",
        "SentimentPolarity": "1"
      },
      {
        "Aspect": "가격",
        "SentimentText": "가성비 좋은 스피커라 만족해요",
        "SentimentWord": "4",
        "SentimentPolarity": "1"
      },
      {
        "Aspect": "디자인",
        "SentimentText": "디자인도 제가 원하는 화사한 스타일이라 매우 좋아요^^",
        "SentimentWord": "7",
        "SentimentPolarity": "1"
      }
    ]
  },
  {
    "Index": "16254",
    "RawText": "사이즈가 작아서 공간창출에 매우 좋아요 그리고 소리도 생각보다 괜찮아서 만족해요 그리고 usb를 컴터에 연결하면 노이즈가 좀강해서 아쉬워요!!",
    "Source": "쇼핑몰",
    "Domain": "가전",
    "MainCategory": "영상/음향가전",
    "ProductName": "Creative PEBBLE 2.0 블랙, 정품",
    "ReviewScore": "4",
    "Syllable": "79",
    "Word": "17",
    "RDate": "20190921",
    "GeneralPolarity": "0",
    "Aspects": [
      {
        "Aspect": "사이즈",
        "SentimentText": "사이즈가 작아서 공간창출에 매우 좋아",
        "SentimentWord": "5",
        "SentimentPolarity": "1"
      },
      {
        "Aspect": "음량/음질",
        "SentimentText": "그리고 소리도 생각보다 괜찮아서 만족해요",
        "SentimentWord": "5",
        "SentimentPolarity": "1"
      },
      {
        "Aspect": "음량/음질",
        "SentimentText": "그리고 usb를 컴터에 연결하면 노이즈가 좀강해서 아쉬워요!!",
        "SentimentWord": "7",
        "SentimentPolarity": "-1"
      }
    ]
  },
  {
    "Index": "16255",
    "RawText": "깔끔한 블랙색상 시크합니다 가격에 비해 음질도 좋고 품질도 좋고 가성비 굿 스피커입니다^^ ",
    "Source": "쇼핑몰",
    "Domain": "가전",
    "MainCategory": "영상/음향가전",
    "ProductName": "Creative PEBBLE 2.0 블랙, 정품",
    "ReviewScore": "5",
    "Syllable": "51",
    "Word": "12",
    "RDate": "20200614",
    "GeneralPolarity": "1",
    "Aspects": [
      {
        "Aspect": "색상",
        "SentimentText": "깔끔한 블랙색상 시크합니다",
        "SentimentWord": "3",
        "SentimentPolarity": "1"
      },
      {
        "Aspect": "가격",
        "SentimentText": "가격에 비해 음질도 좋고 품질도 좋고 가성비 굿 스피커입니다^^",
        "SentimentWord": "9",
        "SentimentPolarity": "1"
      }
    ]
  },
  {
    "Index": "16257",
    "RawText": "저음이나 고음이 꽤 괜찮게 나와서 만족해요  가성비 좋은 제품입니다^^",
    "Source": "쇼핑몰",
    "Domain": "가전",
    "MainCategory": "영상/음향가전",
    "ProductName": "Creative PEBBLE 2.0 블랙, 정품",
    "ReviewScore": "5",
    "Syllable": "39",
    "Word": "9",
    "RDate": "20200101",
    "GeneralPolarity": "1",
    "Aspects": [
      {
        "Aspect": "음량/음질",
        "SentimentText": "저음이나 고음이 꽤 괜찮게 나와서 만족해요",
        "SentimentWord": "6",
        "SentimentPolarity": "1"
      },
      {
        "Aspect": "가격",
        "SentimentText": "가성비 좋은 제품입니다^^",
        "SentimentWord": "3",
        "SentimentPolarity": "1"
      }
    ]
  },
  {
    "Index": "16258",
    "RawText": "음질이 매우 똘똘해서 만족해요 가성비도 완전 올킬한 제품입니다.",
    "Source": "쇼핑몰",
    "Domain": "가전",
    "MainCategory": "영상/음향가전",
    "ProductName": "Creative PEBBLE 2.0 블랙, 정품",
    "ReviewScore": "5",
    "Syllable": "35",
    "Word": "8",
    "RDate": "20211115",
    "GeneralPolarity": "1",
    "Aspects": [
      {
        "Aspect": "음량/음질",
        "SentimentText": "음질이 매우 똘똘해서 만족해요",
        "SentimentWord": "4",
        "SentimentPolarity": "1"
      },
      {
        "Aspect": "가격",
        "SentimentText": "가성비도 완전 올킬한 제품입니다.",
        "SentimentWord": "4",
        "SentimentPolarity": "1"
      }
    ]
  },
  {
    "Index": "16259",
    "RawText": "핫딜로 저렴하게 구입해서 좋아요 사운드도 생각보다 빵빵해서 좋습니다",
    "Source": "쇼핑몰",
    "Domain": "가전",
    "MainCategory": "영상/음향가전",
    "ProductName": "Creative PEBBLE 2.0 블랙, 정품",
    "ReviewScore": "5",
    "Syllable": "37",
    "Word": "8",
    "RDate": "20201006",
    "GeneralPolarity": "1",
    "Aspects": [
      {
        "Aspect": "가격",
        "SentimentText": "핫딜로 저렴하게 구입해서 좋아요",
        "SentimentWord": "4",
        "SentimentPolarity": "1"
      },
      {
        "Aspect": "음량/음질",
        "SentimentText": "사운드도 생각보다 빵빵해서 좋습니다",
        "SentimentWord": "4",
        "SentimentPolarity": "1"
      }
    ]
  },
  {
    "Index": "16261",
    "RawText": "화이트 색상이라 깔끔해서 좋아요 생각보다 커서 아쉬웠어요 그런데 소리는 더맑고 좋은것같아요",
    "Source": "쇼핑몰",
    "Domain": "가전",
    "MainCategory": "영상/음향가전",
    "ProductName": "Creative PEBBLE 2.0 블랙, 정품",
    "ReviewScore": "5",
    "Syllable": "50",
    "Word": "11",
    "RDate": "20201006",
    "GeneralPolarity": "1",
    "Aspects": [
      {
        "Aspect": "색상",
        "SentimentText": "화이트 색상이라 깔끔해서 좋아요",
        "SentimentWord": "4",
        "SentimentPolarity": "1"
      },
      {
        "Aspect": "사이즈",
        "SentimentText": "생각보다 커서 아쉬웠어요",
        "SentimentWord": "3",
        "SentimentPolarity": "-1"
      },
      {
        "Aspect": "음량/음질",
        "SentimentText": "그런데 소리는 더맑고 좋은것같아요",
        "SentimentWord": "4",
        "SentimentPolarity": "1"
      }
    ]
  },
  {
    "Index": "16262",
    "RawText": "피씨 사운드보다 훨씬 선명하고 베이스가 좋아요 가성비 만족해요^^ ",
    "Source": "쇼핑몰",
    "Domain": "가전",
    "MainCategory": "영상/음향가전",
    "ProductName": "Creative PEBBLE 2.0 블랙, 정품",
    "ReviewScore": "5",
    "Syllable": "37",
    "Word": "8",
    "RDate": "20200314",
    "GeneralPolarity": "1",
    "Aspects": [
      {
        "Aspect": "음량/음질",
        "SentimentText": "피씨 사운드보다 훨씬 선명하고 베이스가 좋아요",
        "SentimentWord": "6",
        "SentimentPolarity": "1"
      },
      {
        "Aspect": "가격",
        "SentimentText": "가성비 만족해요^^",
        "SentimentWord": "2",
        "SentimentPolarity": "1"
      }
    ]
  },
  {
    "Index": "16263",
    "RawText": "사이즈가 휴대용 모니터에 딱 맞아서 좋아요 출력이 작아서 큰소리가 나지 않는건 아쉽네요",
    "Source": "쇼핑몰",
    "Domain": "가전",
    "MainCategory": "영상/음향가전",
    "ProductName": "Creative PEBBLE 2.0 블랙, 정품",
    "ReviewScore": "5",
    "Syllable": "48",
    "Word": "12",
    "RDate": "20220413",
    "GeneralPolarity": "0",
    "Aspects": [
      {
        "Aspect": "사이즈",
        "SentimentText": "사이즈가 휴대용 모니터에 딱 맞아서 좋아요",
        "SentimentWord": "6",
        "SentimentPolarity": "1"
      },
      {
        "Aspect": "음량/음질",
        "SentimentText": "출력이 작아서 큰소리가 나지 않는건 아쉽네요",
        "SentimentWord": "6",
        "SentimentPolarity": "-1"
      }
    ]
  },
  {
    "Index": "16264",
    "RawText": "스피커 사이즈가 아담해서 좋아요 그리고 가성비 최고라는 소문이 딱 맞네요^^",
    "Source": "쇼핑몰",
    "Domain": "가전",
    "MainCategory": "영상/음향가전",
    "ProductName": "Creative PEBBLE PLUS 정품",
    "ReviewScore": "5",
    "Syllable": "42",
    "Word": "10",
    "RDate": "20210109",
    "GeneralPolarity": "1",
    "Aspects": [
      {
        "Aspect": "사이즈",
        "SentimentText": "스피커 사이즈가 아담해서 좋아요 ",
        "SentimentWord": "4",
        "SentimentPolarity": "1"
      },
      {
        "Aspect": "가격",
        "SentimentText": "그리고 가성비 최고라는 소문이 딱 맞네요^^",
        "SentimentWord": "6",
        "SentimentPolarity": "1"
      }
    ]
  },
  {
    "Index": "16265",
    "RawText": "가성비 상당히 좋아요 그리고 음질의 중저음이 최고예요^^",
    "Source": "쇼핑몰",
    "Domain": "가전",
    "MainCategory": "영상/음향가전",
    "ProductName": "Creative PEBBLE PLUS 정품",
    "ReviewScore": "5",
    "Syllable": "31",
    "Word": "7",
    "RDate": "20210108",
    "GeneralPolarity": "1",
    "Aspects": [
      {
        "Aspect": "가격",
        "SentimentText": "가성비 상당히 좋아요",
        "SentimentWord": "3",
        "SentimentPolarity": "1"
      },
      {
        "Aspect": "음량/음질",
        "SentimentText": "그리고 음질의 중저음이 최고예요^^",
        "SentimentWord": "4",
        "SentimentPolarity": "1"
      }
    ]
  },
  {
    "Index": "16266",
    "RawText": "가성비 매우 좋아요 우퍼도 달려있어서 너무 좋아요 강추",
    "Source": "쇼핑몰",
    "Domain": "가전",
    "MainCategory": "영상/음향가전",
    "ProductName": "Creative PEBBLE PLUS 정품",
    "ReviewScore": "5",
    "Syllable": "30",
    "Word": "8",
    "RDate": "20210304",
    "GeneralPolarity": "1",
    "Aspects": [
      {
        "Aspect": "가격",
        "SentimentText": "가성비 매우 좋아요",
        "SentimentWord": "3",
        "SentimentPolarity": "1"
      },
      {
        "Aspect": "제품구성",
        "SentimentText": "우퍼도 달려있어서 너무 좋아요 강추",
        "SentimentWord": "5",
        "SentimentPolarity": "1"
      }
    ]
  },
  {
    "Index": "16267",
    "RawText": "가성비는 그럭저럭 만족해요 그런데 음질은 바리지 않는것이 좋겠습니다. 떨어집니다ㅜ",
    "Source": "쇼핑몰",
    "Domain": "가전",
    "MainCategory": "영상/음향가전",
    "ProductName": "Creative PEBBLE PLUS 정품",
    "ReviewScore": "4",
    "Syllable": "45",
    "Word": "9",
    "RDate": "20220410",
    "GeneralPolarity": "0",
    "Aspects": [
      {
        "Aspect": "가격",
        "SentimentText": "가성비는 그럭저럭 만족해요 ",
        "SentimentWord": "3",
        "SentimentPolarity": "1"
      },
      {
        "Aspect": "음량/음질",
        "SentimentText": "그런데 음질은 바리지 않는것이 좋겠습니다. 떨어집니다ㅜ",
        "SentimentWord": "6",
        "SentimentPolarity": "-1"
      }
    ]
  },
  {
    "Index": "16268",
    "RawText": "가성비 제가 원했던대로 좋습니다!! 서브 우퍼가 있어서 소리가 웅장하게 들리네요 포장도 안전하게 잘되어있구요 배송도 신속하게 와서 좋아요",
    "Source": "쇼핑몰",
    "Domain": "가전",
    "MainCategory": "영상/음향가전",
    "ProductName": "Creative PEBBLE PLUS 정품",
    "ReviewScore": "5",
    "Syllable": "76",
    "Word": "17",
    "RDate": "20220720",
    "GeneralPolarity": "1",
    "Aspects": [
      {
        "Aspect": "가격",
        "SentimentText": "가성비 제가 원했던대로 좋습니다!! ",
        "SentimentWord": "4",
        "SentimentPolarity": "1"
      },
      {
        "Aspect": "음량/음질",
        "SentimentText": "서브 우퍼가 있어서 소리가 웅장하게 들리네요",
        "SentimentWord": "6",
        "SentimentPolarity": "1"
      }
    ]
  },
  {
    "Index": "16269",
    "RawText": "가성비 최고입니다 굿! 깔끔한 다지인에 만족해요 음질도 선명하니까 좋구요 화이트색상이라 인테리어에도 어울려서 좋습니다^^",
    "Source": "쇼핑몰",
    "Domain": "가전",
    "MainCategory": "영상/음향가전",
    "ProductName": "Creative PEBBLE PLUS 정품",
    "ReviewScore": "5",
    "Syllable": "67",
    "Word": "13",
    "RDate": "20200613",
    "GeneralPolarity": "1",
    "Aspects": [
      {
        "Aspect": "가격",
        "SentimentText": "가성비 최고입니다 굿!",
        "SentimentWord": "3",
        "SentimentPolarity": "1"
      },
      {
        "Aspect": "디자인",
        "SentimentText": "깔끔한 다지인에 만족해요",
        "SentimentWord": "3",
        "SentimentPolarity": "1"
      },
      {
        "Aspect": "음량/음질",
        "SentimentText": "음질도 선명하니까 좋구요",
        "SentimentWord": "3",
        "SentimentPolarity": "1"
      },
      {
        "Aspect": "색상",
        "SentimentText": "화이트색상이라 인테리어에도 어울려서 좋습니다^^",
        "SentimentWord": "4",
        "SentimentPolarity": "1"
      }
    ]
  },
  {
    "Index": "16270",
    "RawText": "노이즈 발생이 없어서 매우 좋아요 그리고 사운드도 깔끔하니 충분히 만족하고있어요~",
    "Source": "쇼핑몰",
    "Domain": "가전",
    "MainCategory": "영상/음향가전",
    "ProductName": "Creative PEBBLE PLUS 정품",
    "ReviewScore": "5",
    "Syllable": "45",
    "Word": "10",
    "RDate": "20201211",
    "Aspects": [
      {
        "Aspect": "기능",
        "SentimentText": "노이즈 발생이 없어서 매우 좋아요",
        "SentimentWord": "5",
        "SentimentPolarity": "1"
      },
      {
        "Aspect": "음량/음질",
        "SentimentText": "그리고 사운드도 깔끔하니 충분히 만족하고있어요~",
        "SentimentWord": "5",
        "SentimentPolarity": "1"
      }
    ]
  },
  {
    "Index": "16271",
    "RawText": "사운드가 생각보다 보통그럭저럭 입니다!!! 가성비는 그래도 좋은것같구요 잘쓸께요~",
    "Source": "쇼핑몰",
    "Domain": "가전",
    "MainCategory": "영상/음향가전",
    "ProductName": "Creative PEBBLE PLUS 정품",
    "ReviewScore": "4",
    "Syllable": "45",
    "Word": "8",
    "RDate": "20220203",
    "GeneralPolarity": "0",
    "Aspects": [
      {
        "Aspect": "음량/음질",
        "SentimentText": "사운드가 생각보다 보통그럭저럭 입니다!!! ",
        "SentimentWord": "4",
        "SentimentPolarity": "0"
      },
      {
        "Aspect": "가격",
        "SentimentText": "가성비는 그래도 좋은것같구요 잘쓸께요~ ",
        "SentimentWord": "4",
        "SentimentPolarity": "1"
      }
    ]
  },
  {
    "Index": "16273",
    "RawText": "생각보다 소리가 좋아서 만족했어요 음악감상에도 좋구요 정말 가성비는 최고인듯합니다 ㅎㅎ",
    "Source": "쇼핑몰",
    "Domain": "가전",
    "MainCategory": "영상/음향가전",
    "ProductName": "Creative PEBBLE PLUS 정품",
    "ReviewScore": "4",
    "Syllable": "48",
    "Word": "10",
    "RDate": "20220113",
    "GeneralPolarity": "1",
    "Aspects": [
      {
        "Aspect": "음량/음질",
        "SentimentText": "생각보다 소리가 좋아서 만족했어요 음악감상에도 좋구요",
        "SentimentWord": "6",
        "SentimentPolarity": "1"
      },
      {
        "Aspect": "가격",
        "SentimentText": "정말 가성비는 최고인듯합니다 ㅎㅎ",
        "SentimentWord": "4",
        "SentimentPolarity": "1"
      }
    ]
  },
  {
    "Index": "16274",
    "RawText": "배송 빠르게 왔어요 소리가 섬세해서 예상외로 만족합니다~ 그러나 선이 생각보다 많이 짧아서 본체와 맞지 않네요 ㅠㅠ 불편해요",
    "Source": "쇼핑몰",
    "Domain": "가전",
    "MainCategory": "영상/음향가전",
    "ProductName": "Creative PEBBLE PLUS 정품",
    "ReviewScore": "5",
    "Syllable": "69",
    "Word": "17",
    "RDate": "20220204",
    "GeneralPolarity": "0",
    "Aspects": [
      {
        "Aspect": "음량/음질",
        "SentimentText": "소리가 섬세해서 예상외로 만족합니다~",
        "SentimentWord": "4",
        "SentimentPolarity": "1"
      },
      {
        "Aspect": "편의성",
        "SentimentText": "그러나 선이 생각보다 많이 짧아서 본체와 맞지 않네요 ㅠㅠ 불편해요",
        "SentimentWord": "10",
        "SentimentPolarity": "-1"
      }
    ]
  },
  {
    "Index": "16275",
    "RawText": "배송빠르고... 제품의 퀄리티가 생각보다 좋습니다~ 색상도 깔끔한 블랙이라 너무 맘에 들어요",
    "Source": "쇼핑몰",
    "Domain": "가전",
    "MainCategory": "영상/음향가전",
    "ProductName": "Creative PEBBLE PLUS 정품",
    "ReviewScore": "5",
    "Syllable": "51",
    "Word": "11",
    "RDate": "20220117",
    "GeneralPolarity": "1",
    "Aspects": [
      {
        "Aspect": "품질",
        "SentimentText": "제품의 퀄리티가 생각보다 좋습니다~",
        "SentimentWord": "4",
        "SentimentPolarity": "1"
      },
      {
        "Aspect": "색상",
        "SentimentText": "색상도 깔끔한 블랙이라 너무 맘에 들어요",
        "SentimentWord": "6",
        "SentimentPolarity": "1"
      }
    ]
  },
  {
    "Index": "16277",
    "RawText": "디자인이 슬림해서 공간차지 하지않아서 좋습니다 스피커가 빵빵해서 만족스러워요 배송도 빨리왔어요.",
    "Source": "쇼핑몰",
    "Domain": "가전",
    "MainCategory": "영상/음향가전",
    "ProductName": "Creative PEBBLE PLUS 정품",
    "ReviewScore": "5",
    "Syllable": "53",
    "Word": "10",
    "RDate": "20200516",
    "GeneralPolarity": "1",
    "Aspects": [
      {
        "Aspect": "디자인",
        "SentimentText": "디자인이 슬림해서 공간차지 하지않아서 좋습니다",
        "SentimentWord": "5",
        "SentimentPolarity": "1"
      },
      {
        "Aspect": "음량/음질",
        "SentimentText": "스피커가 빵빵해서 만족스러워요",
        "SentimentWord": "3",
        "SentimentPolarity": "1"
      }
    ]
  },
  {
    "Index": "16278",
    "RawText": "화이트노이즈 현상이 없어서 음질이 너무 깨끗하고 선명해요 좋습니다 그리고 양쪽다 스피커음량이 균일한점이 매우 만족해요",
    "Source": "쇼핑몰",
    "Domain": "가전",
    "MainCategory": "영상/음향가전",
    "ProductName": "Creative PEBBLE PLUS 정품",
    "ReviewScore": "5",
    "Syllable": "65",
    "Word": "14",
    "RDate": "20200926",
    "GeneralPolarity": "1",
    "Aspects": [
      {
        "Aspect": "음량/음질",
        "SentimentText": "화이트노이즈 현상이 없어서 음질이 너무 깨끗하고 선명해요 좋습니다",
        "SentimentWord": "8",
        "SentimentPolarity": "1"
      },
      {
        "Aspect": "기능",
        "SentimentText": "그리고 양쪽다 스피커음량이 균일한점이 매우 만족해요",
        "SentimentWord": "6",
        "SentimentPolarity": "1"
      }
    ]
  },
  {
    "Index": "16279",
    "RawText": "서브우퍼에서 나오는 진동이 울림감을 주어서 듣기에 좋아요~ 오래 사용해도 발열문제없어서 매우 만족해요",
    "Source": "쇼핑몰",
    "Domain": "가전",
    "MainCategory": "영상/음향가전",
    "ProductName": "Creative PEBBLE PLUS 정품",
    "ReviewScore": "5",
    "Syllable": "56",
    "Word": "12",
    "RDate": "20220415",
    "GeneralPolarity": "1",
    "Aspects": [
      {
        "Aspect": "음량/음질",
        "SentimentText": "서브우퍼에서 나오는 진동이 울림감을 주어서 듣기에 좋아요~",
        "SentimentWord": "7",
        "SentimentPolarity": "1"
      },
      {
        "Aspect": "내구성",
        "SentimentText": "오래 사용해도 발열문제없어서 매우 만족해요",
        "SentimentWord": "5",
        "SentimentPolarity": "1"
      }
    ]
  },
  {
    "Index": "16281",
    "RawText": "소리는 잡음 없이 깔끔하게 나와서 만족합니다^^ 다만 볼륨을 키워야 균형 잡힌 소리가 나네요 예를들면 작게 틀으면 고음 위주로 나온다는 점이 아쉽습니다 ㅠ 그래도 가성비가 아주 훌륭하다고 여깁니다 굳굳",
    "Source": "쇼핑몰",
    "Domain": "가전",
    "MainCategory": "영상/음향가전",
    "ProductName": "Creative PEBBLE PLUS 정품",
    "ReviewScore": "4",
    "Syllable": "112",
    "Word": "28",
    "RDate": "20201105",
    "GeneralPolarity": "1",
    "Aspects": [
      {
        "Aspect": "음량/음질",
        "SentimentText": "소리는 잡음 없이 깔끔하게 나와서 만족합니다^^",
        "SentimentWord": "6",
        "SentimentPolarity": "1"
      },
      {
        "Aspect": "음량/음질",
        "SentimentText": "다만 볼륨을 키워야 균형 잡힌 소리가 나네요 예를들면 작게 틀으면 고음 위주로 나온다는 점이 아쉽습니다 ㅠ",
        "SentimentWord": "16",
        "SentimentPolarity": "0"
      },
      {
        "Aspect": "가격",
        "SentimentText": "그래도 가성비가 아주 훌륭하다고 여깁니다 굳굳",
        "SentimentWord": "6",
        "SentimentPolarity": "1"
      }
    ]
  },
  {
    "Index": "16283",
    "RawText": "스피커는 일단 소리가 크게 잘나오니 매우 만족합니다~ 다만 포장이 감아서 오는듯 한데 박스가 찢어져서 왔네요. 색상은 생각보다 밝아서 인테리어용으로 적합해요 굿굿",
    "Source": "쇼핑몰",
    "Domain": "가전",
    "MainCategory": "영상/음향가전",
    "ProductName": "Creative PEBBLE PLUS 정품",
    "ReviewScore": "3",
    "Syllable": "90",
    "Word": "21",
    "RDate": "20201009",
    "GeneralPolarity": "1",
    "Aspects": [
      {
        "Aspect": "음량/음질",
        "SentimentText": "스피커는 일단 소리가 크게 잘나오니 매우 만족합니다~",
        "SentimentWord": "7",
        "SentimentPolarity": "1"
      },
      {
        "Aspect": "색상",
        "SentimentText": "색상은 생각보다 밝아서 인테리어용으로 적합해요 굿굿",
        "SentimentWord": "6",
        "SentimentPolarity": "1"
      }
    ]
  },
  {
    "Index": "16284",
    "RawText": "잡음이 없어서 소리가 깨끗하고 듣기에 편해요 잘 사용하고 있어요 대만족 무게도 생각보다 가벼워서 옮겨서 잘 들어요 생각보다 좋습니다요^^",
    "Source": "쇼핑몰",
    "Domain": "가전",
    "MainCategory": "영상/음향가전",
    "ProductName": "Creative PEBBLE PLUS 정품",
    "ReviewScore": "5",
    "Syllable": "76",
    "Word": "18",
    "RDate": "20210624",
    "GeneralPolarity": "1",
    "Aspects": [
      {
        "Aspect": "음량/음질",
        "SentimentText": "잡음이 없어서 소리가 깨끗하고 듣기에 편해요 잘 사용하고 있어요 대만족",
        "SentimentWord": "10",
        "SentimentPolarity": "1"
      },
      {
        "Aspect": "무게",
        "SentimentText": "무게도 생각보다 가벼워서 옮겨서 잘 들어요 생각보다 좋습니다요^^",
        "SentimentWord": "8",
        "SentimentPolarity": "1"
      }
    ]
  },
  {
    "Index": "16286",
    "RawText": "우퍼 없는제품인데도 울림이 매우 좋아서 대만족입니다~ 컴퓨터에 연결하면 지지직 거리는 소리도 타제품 보다 덜하고 좋아요",
    "Source": "쇼핑몰",
    "Domain": "가전",
    "MainCategory": "영상/음향가전",
    "ProductName": "Creative PEBBLE PLUS 정품",
    "ReviewScore": "5",
    "Syllable": "66",
    "Word": "15",
    "RDate": "20220115",
    "GeneralPolarity": "1",
    "Aspects": [
      {
        "Aspect": "음량/음질",
        "SentimentText": "우퍼 없는제품인데도 울림이 매우 좋아서 대만족입니다~",
        "SentimentWord": "6",
        "SentimentPolarity": "1"
      },
      {
        "Aspect": "소음",
        "SentimentText": "컴퓨터에 연결하면 지지직 거리는 소리도 타제품 보다 덜하고 좋아요",
        "SentimentWord": "9",
        "SentimentPolarity": "1"
      }
    ]
  },
  {
    "Index": "16287",
    "RawText": "공간은 약간 차지하는 사이즈라 조금은 아쉬워요 ㅠ 그러나 음질은 웅장하니 듣기에 참 좋네요... 귀호강합니다 ^^",
    "Source": "쇼핑몰",
    "Domain": "가전",
    "MainCategory": "영상/음향가전",
    "ProductName": "Creative PEBBLE PLUS 정품",
    "ReviewScore": "4",
    "Syllable": "63",
    "Word": "15",
    "RDate": "20201224",
    "GeneralPolarity": "0",
    "Aspects": [
      {
        "Aspect": "사이즈",
        "SentimentText": "공간은 약간 차지하는 사이즈라 조금은 아쉬워요 ㅠ",
        "SentimentWord": "7",
        "SentimentPolarity": "-1"
      },
      {
        "Aspect": "음량/음질",
        "SentimentText": "그러나 음질은 웅장하니 듣기에 참 좋네요... 귀호강합니다 ^^",
        "SentimentWord": "8",
        "SentimentPolarity": "1"
      }
    ]
  },
  {
    "Index": "16288",
    "RawText": "잡음이 없어 소리 음질이 아주 우스합니다. 최고에요 가격대비 이 제품에 착한가격 완전 괜찮습니다 추천",
    "Source": "쇼핑몰",
    "Domain": "가전",
    "MainCategory": "영상/음향가전",
    "ProductName": "Creative PEBBLE PLUS 정품",
    "ReviewScore": "5",
    "Syllable": "56",
    "Word": "14",
    "RDate": "20200522",
    "GeneralPolarity": "1",
    "Aspects": [
      {
        "Aspect": "음량/음질",
        "SentimentText": "잡음이 없어 소리 음질이 아주 우스합니다. 최고에요",
        "SentimentWord": "7",
        "SentimentPolarity": "1"
      },
      {
        "Aspect": "가격",
        "SentimentText": "가격대비 이 제품에 착한가격 완전 괜찮습니다 추천",
        "SentimentWord": "7",
        "SentimentPolarity": "1"
      }
    ]
  },
  {
    "Index": "16289",
    "RawText": "컴퓨터 뒷면 Usb단자에 꽂으면 스피커에서 웅~웅~ 거리는 소리가 나서 거슬립니다. 220v 단자에 꽂으면 안나는걸 보니 전력부족으로 인한 현상인거 같아 쓰기 불안하고 마음에 안듭니다.",
    "Source": "쇼핑몰",
    "Domain": "가전",
    "MainCategory": "영상/음향가전",
    "ProductName": "Creative PEBBLE PLUS 정품",
    "ReviewScore": "3",
    "Syllable": "103",
    "Word": "23",
    "RDate": "20220425",
    "GeneralPolarity": "-1",
    "Aspects": [
      {
        "Aspect": "음량/음질",
        "SentimentText": "스피커에서 웅~웅~ 거리는 소리가 나서 거슬립니다",
        "SentimentWord": "6",
        "SentimentPolarity": "-1"
      },
      {
        "Aspect": "소비전력",
        "SentimentText": "220v 단자에 꽂으면 안나는걸 보니 전력부족으로 인한 현상인거 같아 쓰기 불안하고 마음에 안듭니다.",
        "SentimentWord": "13",
        "SentimentPolarity": "-1"
      }
    ]
  },
  {
    "Index": "16290",
    "RawText": "섬세한 음질 덕분에 음악 감상용으로 아주 딱입니다 최고에요 받아보니 색상이 아주 실물깡패에요 정말 이뻐서 맘에 듭니다 배송도 빠르고 만족 합니다...",
    "Source": "쇼핑몰",
    "Domain": "가전",
    "MainCategory": "영상/음향가전",
    "ProductName": "Creative PEBBLE PLUS 정품",
    "ReviewScore": "4",
    "Syllable": "83",
    "Word": "20",
    "RDate": "20211106",
    "GeneralPolarity": "1",
    "Aspects": [
      {
        "Aspect": "음량/음질",
        "SentimentText": "섬세한 음질 덕분에 음악 감상용으로 아주 딱입니다 최고에요",
        "SentimentWord": "8",
        "SentimentPolarity": "1"
      },
      {
        "Aspect": "색상",
        "SentimentText": "받아보니 색상이 아주 실물깡패에요 정말 이뻐서 맘에 듭니다",
        "SentimentWord": "8",
        "SentimentPolarity": "1"
      }
    ]
  },
  {
    "Index": "16291",
    "RawText": "가격대비 이정도면 정말 가성비 제품 인정합니다 우수한 제품이에요 ~ 특히 고음을 잘 분리해주는 음향시스템이 음악감상하는데 너무 좋습니다",
    "Source": "쇼핑몰",
    "Domain": "가전",
    "MainCategory": "영상/음향가전",
    "ProductName": "Creative PEBBLE V2 정품",
    "ReviewScore": "5",
    "Syllable": "75",
    "Word": "17",
    "RDate": "20200524",
    "GeneralPolarity": "1",
    "Aspects": [
      {
        "Aspect": "가격",
        "SentimentText": "가격대비 이정도면 정말 가성비 제품 인정합니다 우수한 제품이에요 ~",
        "SentimentWord": "9",
        "SentimentPolarity": "1"
      },
      {
        "Aspect": "음량/음질",
        "SentimentText": "특히 고음을 잘 분리해주는 음향시스템이 음악감상하는데 너무 좋습니다",
        "SentimentWord": "8",
        "SentimentPolarity": "1"
      }
    ]
  },
  {
    "Index": "16292",
    "RawText": "컴팩트한 크기 덕분에 휴대하기에 매우 용이해요~ 그리고 이 가격에 이런 제품이라니.. 정말 득템해서 좋네요 음질 밸런스를 잘 잡아줘서 서브스피커로 사용하는데 대만족합니다!^^",
    "Source": "쇼핑몰",
    "Domain": "가전",
    "MainCategory": "영상/음향가전",
    "ProductName": "Creative PEBBLE V2 정품",
    "ReviewScore": "5",
    "Syllable": "97",
    "Word": "21",
    "RDate": "20210108",
    "GeneralPolarity": "1",
    "Aspects": [
      {
        "Aspect": "편의성",
        "SentimentText": "컴팩트한 크기 덕분에 휴대하기에 매우 용이해요~",
        "SentimentWord": "6",
        "SentimentPolarity": "1"
      },
      {
        "Aspect": "가격",
        "SentimentText": "그리고 이 가격에 이런 제품이라니.. 정말 득템해서 좋네요",
        "SentimentWord": "8",
        "SentimentPolarity": "1"
      },
      {
        "Aspect": "음량/음질",
        "SentimentText": "음질 밸런스를 잘 잡아줘서 서브스피커로 사용하는데 대만족합니다!^^",
        "SentimentWord": "7",
        "SentimentPolarity": "1"
      }
    ]
  },
  {
    "Index": "16293",
    "RawText": "기대했던 것 보다 사운드가 괜찮아서 놀랬어요 최고^^ 노이즈나 고주파음과 같은 현상없으니 매우 만족해요 2cm 정도의 구형 사이즈여서 위치 설정하는데 부담이 적어요 강추해요",
    "Source": "쇼핑몰",
    "Domain": "가전",
    "MainCategory": "영상/음향가전",
    "ProductName": "Creative PEBBLE V2 정품",
    "ReviewScore": "4",
    "Syllable": "96",
    "Word": "22",
    "RDate": "20200520",
    "GeneralPolarity": "1",
    "Aspects": [
      {
        "Aspect": "음량/음질",
        "SentimentText": "기대했던 것 보다 사운드가 괜찮아서 놀랬어요 최고^^",
        "SentimentWord": "7",
        "SentimentPolarity": "1"
      },
      {
        "Aspect": "소음",
        "SentimentText": "노이즈나 고주파음과 같은 현상없으니 매우 만족해요",
        "SentimentWord": "6",
        "SentimentPolarity": "1"
      },
      {
        "Aspect": "사이즈",
        "SentimentText": "2cm 정도의 구형 사이즈여서 위치 설정하는데 부담이 적어요 강추해요 ",
        "SentimentWord": "9",
        "SentimentPolarity": "1"
      }
    ]
  },
  {
    "Index": "16298",
    "RawText": "2인치 스피커 딱 그정도의 음질이니 기대 너무 하지마세요 ;; 다만 사이즈가 슬림하여 공간활용에 좋다는 장점이 유일합니다~",
    "Source": "쇼핑몰",
    "Domain": "가전",
    "MainCategory": "영상/음향가전",
    "ProductName": "Creative PEBBLE V2 정품",
    "ReviewScore": "3",
    "Syllable": "68",
    "Word": "16",
    "RDate": "20220109",
    "GeneralPolarity": "0",
    "Aspects": [
      {
        "Aspect": "음량/음질",
        "SentimentText": "2인치 스피커 딱 그정도의 음질이니 기대 너무 하지마세요 ;;",
        "SentimentWord": "9",
        "SentimentPolarity": "-1"
      },
      {
        "Aspect": "사이즈",
        "SentimentText": "다만 사이즈가 슬림하여 공간활용에 좋다는 장점이 유일합니다~",
        "SentimentWord": "7",
        "SentimentPolarity": "1"
      }
    ]
  },
  {
    "Index": "16300",
    "RawText": "3만원대 스피커중에서 이제품이 최고 가성비 제품입니다 추천! 사운드 선명도가 생각보다 괜찮아서 맘에 들어요 45도정도 기울어진 각도 덕분에 소리가 원하는곳으로 잘 전달되어 듣기에 더욱 좋습니다^^",
    "Source": "쇼핑몰",
    "Domain": "가전",
    "MainCategory": "영상/음향가전",
    "ProductName": "Creative PEBBLE V2 정품",
    "ReviewScore": "5",
    "Syllable": "109",
    "Word": "24",
    "RDate": "20200507",
    "GeneralPolarity": "1",
    "Aspects": [
      {
        "Aspect": "가격",
        "SentimentText": "3만원대 스피커중에서 이제품이 최고 가성비 제품입니다 추천!",
        "SentimentWord": "7",
        "SentimentPolarity": "1"
      },
      {
        "Aspect": "음량/음질",
        "SentimentText": "사운드 선명도가 생각보다 괜찮아서 맘에 들어요",
        "SentimentWord": "6",
        "SentimentPolarity": "1"
      },
      {
        "Aspect": "디자인",
        "SentimentText": "45도정도 기울어진 각도 덕분에 소리가 원하는곳으로 잘 전달되어 듣기에 더욱 좋습니다^^",
        "SentimentWord": "11",
        "SentimentPolarity": "1"
      }
    ]
  },
  {
    "Index": "16302",
    "RawText": "기대했던만큼 소리도 깔끔하니 아주 대만족합니다~ 열어보자마자 색상 너무 세련돼서 놀랐어요 최고에요",
    "Source": "쇼핑몰",
    "Domain": "가전",
    "MainCategory": "영상/음향가전",
    "ProductName": "Creative PEBBLE V2 정품",
    "ReviewScore": "5",
    "Syllable": "54",
    "Word": "11",
    "RDate": "20220619",
    "GeneralPolarity": "1",
    "Aspects": [
      {
        "Aspect": "음량/음질",
        "SentimentText": "기대했던만큼 소리도 깔끔하니 아주 대만족합니다~",
        "SentimentWord": "5",
        "SentimentPolarity": "1"
      },
      {
        "Aspect": "색상",
        "SentimentText": "열어보자마자 색상 너무 세련돼서 놀랐어요 최고에요",
        "SentimentWord": "6",
        "SentimentPolarity": "1"
      }
    ]
  },
  {
    "Index": "16304",
    "RawText": "스피커 성능은 가격에 비례하네요 딱 그만큼의 음질입니다. 그럭저럭 이에요  역시 유명브랜드 스피커 답게 기능도 좋고 마감도 나쁘지 않습니다. ^^",
    "Source": "쇼핑몰",
    "Domain": "가전",
    "MainCategory": "영상/음향가전",
    "ProductName": "Creative PEBBLE V2 정품",
    "ReviewScore": "5",
    "Syllable": "81",
    "Word": "19",
    "RDate": "20211028",
    "GeneralPolarity": "0",
    "Aspects": [
      {
        "Aspect": "음량/음질",
        "SentimentText": "스피커 성능은 가격에 비례하네요 딱 그만큼의 음질입니다. 그럭저럭 이에요 ",
        "SentimentWord": "9",
        "SentimentPolarity": "0"
      },
      {
        "Aspect": "제조일/제조사",
        "SentimentText": "역시 유명브랜드 스피커 답게 기능도 좋고 마감도 나쁘지 않습니다. ^^",
        "SentimentWord": "10",
        "SentimentPolarity": "1"
      }
    ]
  },
  {
    "Index": "16305",
    "RawText": "컴팩트한 사이즈가 이 제품에 최대장점이라고 생각해요 만족^^ 이 가격에 이렇게 좋은 스피커라니 완전 대만족~ 생각보다 웅장한 소리가 납니다 ^^ 예상하지 못했는데  소리 훌륭해요 ~",
    "Source": "쇼핑몰",
    "Domain": "가전",
    "MainCategory": "영상/음향가전",
    "ProductName": "Creative PEBBLE V2 정품",
    "ReviewScore": "5",
    "Syllable": "101",
    "Word": "24",
    "RDate": "20200508",
    "GeneralPolarity": "1",
    "Aspects": [
      {
        "Aspect": "사이즈",
        "SentimentText": "컴팩트한 사이즈가 이 제품에 최대장점이라고 생각해요 만족^^",
        "SentimentWord": "7",
        "SentimentPolarity": "1"
      },
      {
        "Aspect": "가격",
        "SentimentText": "이 가격에 이렇게 좋은 스피커라니 완전 대만족~",
        "SentimentWord": "7",
        "SentimentPolarity": "1"
      },
      {
        "Aspect": "음량/음질",
        "SentimentText": "생각보다 웅장한 소리가 납니다 ^^ 예상하지 못했는데  소리 훌륭해요 ~",
        "SentimentWord": "10",
        "SentimentPolarity": "1"
      }
    ]
  },
  {
    "Index": "16306",
    "RawText": "저음은 약해서 조금 아쉽습니다 다만, 대체로 맑고 선명한 소리가 나고 음 분리가 잘 되는 점이 최강점이에요 굿굿",
    "Source": "쇼핑몰",
    "Domain": "가전",
    "MainCategory": "영상/음향가전",
    "ProductName": "Creative PEBBLE V2 정품",
    "ReviewScore": "5",
    "Syllable": "62",
    "Word": "17",
    "RDate": "20210530",
    "GeneralPolarity": "0",
    "Aspects": [
      {
        "Aspect": "음량/음질",
        "SentimentText": "저음은 약해서 조금 아쉽습니다",
        "SentimentWord": "4",
        "SentimentPolarity": "-1"
      },
      {
        "Aspect": "음량/음질",
        "SentimentText": "다만, 대체로 맑고 선명한 소리가 나고 음 분리가 잘 되는 점이 최강점이에요 굿굿",
        "SentimentWord": "13",
        "SentimentPolarity": "1"
      }
    ]
  },
  {
    "Index": "16307",
    "RawText": "착한 가격에 구입해서 만족합니다 또한 디자인이 생각외로 이뻐서 놀랐어요 그리고 바닥이 미끌거리지않는 소재로 되어있어 만족해요",
    "Source": "쇼핑몰",
    "Domain": "가전",
    "MainCategory": "영상/음향가전",
    "ProductName": "Creative PEBBLE V2 정품",
    "ReviewScore": "5",
    "Syllable": "69",
    "Word": "15",
    "RDate": "20210405",
    "GeneralPolarity": "1",
    "Aspects": [
      {
        "Aspect": "가격",
        "SentimentText": "착한 가격에 구입해서 만족합니다",
        "SentimentWord": "4",
        "SentimentPolarity": "1"
      },
      {
        "Aspect": "디자인",
        "SentimentText": "또한 디자인이 생각외로 이뻐서 놀랐어요",
        "SentimentWord": "5",
        "SentimentPolarity": "1"
      },
      {
        "Aspect": "소재",
        "SentimentText": "그리고 바닥이 미끌거리지않는 소재로 되어있어 만족해요",
        "SentimentWord": "6",
        "SentimentPolarity": "1"
      }
    ]
  },
  {
    "Index": "16309",
    "RawText": "업그레이드 되면서 음질 출력이 정말 좋아져서 아주 만족스러워요^^ 단연 가성비 최고의 스피커입니다. 강추합니다~!!",
    "Source": "쇼핑몰",
    "Domain": "가전",
    "MainCategory": "영상/음향가전",
    "ProductName": "Creative PEBBLE V2 정품",
    "ReviewScore": "5",
    "Syllable": "64",
    "Word": "13",
    "RDate": "20200505",
    "GeneralPolarity": "1",
    "Aspects": [
      {
        "Aspect": "음량/음질",
        "SentimentText": "업그레이드 되면서 음질 출력이 정말 좋아져서 아주 만족스러워요^^",
        "SentimentWord": "8",
        "SentimentPolarity": "1"
      },
      {
        "Aspect": "가격",
        "SentimentText": "단연 가성비 최고의 스피커입니다. 강추합니다~!!",
        "SentimentWord": "5",
        "SentimentPolarity": "1"
      }
    ]
  },
  {
    "Index": "16311",
    "RawText": "신제품과 구모델 고민하다가 구모델로 주문했어요. 구모델은 블루투스 기능이 있어서 저한데 꼭 필요했거든요. 사과 한개 정도의 크기라 자리도 차지 안해서 좋고요. 음질도 빵빵해서 너무 만족합니다.",
    "Source": "쇼핑몰",
    "Domain": "가전",
    "MainCategory": "영상/음향가전",
    "ProductName": "Creative PEBBLE V2 정품",
    "ReviewScore": "5",
    "Syllable": "107",
    "Word": "24",
    "RDate": "20220511",
    "GeneralPolarity": "1",
    "Aspects": [
      {
        "Aspect": "기능",
        "SentimentText": "구모델은 블루투스 기능이 있어서 저한데 꼭 필요했거든요",
        "SentimentWord": "7",
        "SentimentPolarity": "1"
      },
      {
        "Aspect": "사이즈",
        "SentimentText": "사과 한개 정도의 크기라 자리도 차지 안해서 좋고요",
        "SentimentWord": "8",
        "SentimentPolarity": "1"
      },
      {
        "Aspect": "음량/음질",
        "SentimentText": "음질도 빵빵해서 너무 만족합니다.",
        "SentimentWord": "4",
        "SentimentPolarity": "1"
      }
    ]
  },
  {
    "Index": "16312",
    "RawText": "이 가격대에 좋은 스피커 단연 1등제품입니다 최고에요 선명하고 웅장한 음질이 매우 맘에 듭니다~!  슬림한 디자인도 이뻐요 최고^^",
    "Source": "쇼핑몰",
    "Domain": "가전",
    "MainCategory": "영상/음향가전",
    "ProductName": "Creative PEBBLE V2 정품",
    "ReviewScore": "5",
    "Syllable": "73",
    "Word": "17",
    "RDate": "20200531",
    "GeneralPolarity": "1",
    "Aspects": [
      {
        "Aspect": "가격",
        "SentimentText": "이 가격대에 좋은 스피커 단연 1등제품입니다 최고에요",
        "SentimentWord": "7",
        "SentimentPolarity": "1"
      },
      {
        "Aspect": "음량/음질",
        "SentimentText": "선명하고 웅장한 음질이 매우 맘에 듭니다~! ",
        "SentimentWord": "6",
        "SentimentPolarity": "1"
      },
      {
        "Aspect": "디자인",
        "SentimentText": "슬림한 디자인도 이뻐요 최고^^",
        "SentimentWord": "4",
        "SentimentPolarity": "1"
      }
    ]
  },
  {
    "Index": "16313",
    "RawText": "가격대비 정말 좋은 제품입니다 착한가격에 겟해서 좋아요 소리가 꽤 깨끗하구요 중고음을 제대로 잘뽑아줘서 귀호강합니다 주문하고 바로 다음날 받아볼수 있었습니다",
    "Source": "쇼핑몰",
    "Domain": "가전",
    "MainCategory": "영상/음향가전",
    "ProductName": "Creative PEBBLE V2 정품",
    "ReviewScore": "5",
    "Syllable": "87",
    "Word": "19",
    "RDate": "20200708",
    "GeneralPolarity": "1",
    "Aspects": [
      {
        "Aspect": "가격",
        "SentimentText": "가격대비 정말 좋은 제품입니다 착한가격에 겟해서 좋아요",
        "SentimentWord": "7",
        "SentimentPolarity": "1"
      },
      {
        "Aspect": "음량/음질",
        "SentimentText": "소리가 꽤 깨끗하구요 중고음을 제대로 잘뽑아줘서 귀호강합니다",
        "SentimentWord": "7",
        "SentimentPolarity": "1"
      }
    ]
  },
  {
    "Index": "16316",
    "RawText": "가성비 뛰어난 스피커라는 명성에 걸맞는 제품입니다 대만족해요~ 기대이상으로 사운드가 웅장해서 별5개 드려요 최고!",
    "Source": "쇼핑몰",
    "Domain": "가전",
    "MainCategory": "영상/음향가전",
    "ProductName": "Creative PEBBLE V2 정품",
    "ReviewScore": "5",
    "Syllable": "63",
    "Word": "13",
    "RDate": "20200617",
    "GeneralPolarity": "1",
    "Aspects": [
      {
        "Aspect": "가격",
        "SentimentText": "가성비 뛰어난 스피커라는 명성에 걸맞는 제품입니다 대만족해요~",
        "SentimentWord": "7",
        "SentimentPolarity": "1"
      },
      {
        "Aspect": "음량/음질",
        "SentimentText": "기대이상으로 사운드가 웅장해서 별5개 드려요 최고! ",
        "SentimentWord": "6",
        "SentimentPolarity": "1"
      }
    ]
  },
  {
    "Index": "16317",
    "RawText": "가격대비 가성비 끝판입니다. 특히 막귀를 가진 저에게도 깨끗한 소리가 잘 들리네요 둔감한 사람들에게도 딱이고요 완전 좋습니다.",
    "Source": "쇼핑몰",
    "Domain": "가전",
    "MainCategory": "영상/음향가전",
    "ProductName": "Creative PEBBLE V2 정품",
    "ReviewScore": "5",
    "Syllable": "70",
    "Word": "16",
    "RDate": "20201105",
    "GeneralPolarity": "1",
    "Aspects": [
      {
        "Aspect": "가격",
        "SentimentText": "가격대비 가성비 끝판입니다",
        "SentimentWord": "3",
        "SentimentPolarity": "1"
      },
      {
        "Aspect": "음량/음질",
        "SentimentText": "막귀를 가진 저에게도 깨끗한 소리가 잘 들리네요",
        "SentimentWord": "7",
        "SentimentPolarity": "1"
      }
    ]
  },
  {
    "Index": "16318",
    "RawText": "가성비가 월등히 좋아서 대만족해요 다만 볼륨이랑 전원키가 따로 있으면 더 좋았을 상품입니다 이점은 참 불편하네요ㅠㅠ 그래도 노이즈가 확실히 없어서 음악 들을때 듣기 편해서 좋습니다",
    "Source": "쇼핑몰",
    "Domain": "가전",
    "MainCategory": "영상/음향가전",
    "ProductName": "Creative PEBBLE V2 정품",
    "ReviewScore": "5",
    "Syllable": "100",
    "Word": "24",
    "RDate": "20210916",
    "GeneralPolarity": "1",
    "Aspects": [
      {
        "Aspect": "가격",
        "SentimentText": "가성비가 월등히 좋아서 대만족해요",
        "SentimentWord": "4",
        "SentimentPolarity": "1"
      },
      {
        "Aspect": "편의성",
        "SentimentText": "다만 볼륨이랑 전원키가 따로 있으면 더 좋았을 상품입니다 이점은 참 불편하네요ㅠㅠ",
        "SentimentWord": "11",
        "SentimentPolarity": "-1"
      },
      {
        "Aspect": "음량/음질",
        "SentimentText": "그래도 노이즈가 확실히 없어서 음악 들을때 듣기 편해서 좋습니다",
        "SentimentWord": "9",
        "SentimentPolarity": "1"
      }
    ]
  },
  {
    "Index": "16319",
    "RawText": "와 4만원에 이 스피커라니.. 대박 가성비가 너무 좋아요~ 음질이 짱짱하다는 상품평 보고 구매했는데 정말로 기대이상이라 놀랐어요",
    "Source": "쇼핑몰",
    "Domain": "가전",
    "MainCategory": "영상/음향가전",
    "ProductName": "Creative PEBBLE V2 정품",
    "ReviewScore": "5",
    "Syllable": "71",
    "Word": "16",
    "RDate": "20200508",
    "GeneralPolarity": "1",
    "Aspects": [
      {
        "Aspect": "가격",
        "SentimentText": "와 4만원에 이 스피커라니.. 대박 가성비가 너무 좋아요~",
        "SentimentWord": "8",
        "SentimentPolarity": "1"
      },
      {
        "Aspect": "음량/음질",
        "SentimentText": "음질이 짱짱하다는 상품평 보고 구매했는데 정말로 기대이상이라 놀랐어요",
        "SentimentWord": "8",
        "SentimentPolarity": "1"
      }
    ]
  },
  {
    "Index": "16320",
    "RawText": "가성비가 월등히 뛰어납니다 최고에요 다만 USB포트의 전원을 쓰는점이 좀 불편해서 아쉬워요ㅠ 그러나 동급제품과 비교했을때는 소리가 확실히 달라요 웅장하니 너무 좋아요 추천합니다^^",
    "Source": "쇼핑몰",
    "Domain": "가전",
    "MainCategory": "영상/음향가전",
    "ProductName": "Creative PEBBLE V2 정품",
    "ReviewScore": "5",
    "Syllable": "100",
    "Word": "21",
    "RDate": "20220803",
    "GeneralPolarity": "1",
    "Aspects": [
      {
        "Aspect": "가격",
        "SentimentText": "가성비가 월등히 뛰어납니다 최고에요",
        "SentimentWord": "4",
        "SentimentPolarity": "1"
      },
      {
        "Aspect": "편의성",
        "SentimentText": "다만 USB포트의 전원을 쓰는점이 좀 불편해서 아쉬워요ㅠ",
        "SentimentWord": "7",
        "SentimentPolarity": "-1"
      },
      {
        "Aspect": "음량/음질",
        "SentimentText": "그러나 동급제품과 비교했을때는 소리가 확실히 달라요 웅장하니 너무 좋아요 추천합니다^^",
        "SentimentWord": "10",
        "SentimentPolarity": "1"
      }
    ]
  },
  {
    "Index": "16321",
    "RawText": "가성비가 좋다는 소문이 역시 사실 맞네요ㅎㅎ 득템한 기분입니다~ 작은 크기에 비해 아주 크고 좋은 소리를 내서 놀랐어요 최고입니다^^",
    "Source": "쇼핑몰",
    "Domain": "가전",
    "MainCategory": "영상/음향가전",
    "ProductName": "Creative PEBBLE V2 정품",
    "ReviewScore": "5",
    "Syllable": "74",
    "Word": "18",
    "RDate": "20200603",
    "GeneralPolarity": "1",
    "Aspects": [
      {
        "Aspect": "가격",
        "SentimentText": "가성비가 좋다는 소문이 역시 사실 맞네요ㅎㅎ 득템한 기분입니다~",
        "SentimentWord": "8",
        "SentimentPolarity": "1"
      },
      {
        "Aspect": "음량/음질",
        "SentimentText": "작은 크기에 비해 아주 크고 좋은 소리를 내서 놀랐어요 최고입니다^^",
        "SentimentWord": "10",
        "SentimentPolarity": "1"
      }
    ]
  },
  {
    "Index": "16322",
    "RawText": "가성비 좋은 스피커에요 이가격 실화맞나요 정말 추천드려요 기대했는데 역시 동급대비 이만한 사운드바가 없네요 사운드가 기대만큼 웅장하니 좋아요",
    "Source": "쇼핑몰",
    "Domain": "가전",
    "MainCategory": "영상/음향가전",
    "ProductName": "Creative PEBBLE V2 정품",
    "ReviewScore": "5",
    "Syllable": "78",
    "Word": "17",
    "RDate": "20220327",
    "GeneralPolarity": "1",
    "Aspects": [
      {
        "Aspect": "가격",
        "SentimentText": "가성비 좋은 스피커에요 이가격 실화맞나요 정말 추천드려요",
        "SentimentWord": "7",
        "SentimentPolarity": "1"
      },
      {
        "Aspect": "음량/음질",
        "SentimentText": "기대했는데 역시 동급대비 이만한 사운드바가 없네요 사운드가 기대만큼 웅장하니 좋아요",
        "SentimentWord": "10",
        "SentimentPolarity": "1"
      }
    ]
  },
  {
    "Index": "16324",
    "RawText": "선도 다양한 연결잭으로 넉넉한 구성 아주 만족해요 음질도 선명하니 너무 좋아 아주 만족스럽게 사용중이랍니다~^^",
    "Source": "쇼핑몰",
    "Domain": "가전",
    "MainCategory": "영상/음향가전",
    "ProductName": "Creative PEBBLE V2 정품",
    "ReviewScore": "5",
    "Syllable": "62",
    "Word": "14",
    "RDate": "20210927",
    "GeneralPolarity": "1",
    "Aspects": [
      {
        "Aspect": "제품구성",
        "SentimentText": "선도 다양한 연결잭으로 넉넉한 구성 아주 만족해요",
        "SentimentWord": "7",
        "SentimentPolarity": "1"
      },
      {
        "Aspect": "음량/음질",
        "SentimentText": "음질도 선명하니 너무 좋아 아주 만족스럽게 사용중이랍니다~^^",
        "SentimentWord": "7",
        "SentimentPolarity": "1"
      }
    ]
  },
  {
    "Index": "16325",
    "RawText": "음질은 고음부분에서 잘 잡아주어 깔끔히 처리되는점이 최강점입니다 굿굿 다만 저음대는 그에비해 약해서 아쉬워요~",
    "Source": "쇼핑몰",
    "Domain": "가전",
    "MainCategory": "영상/음향가전",
    "ProductName": "Creative PEBBLE V2 정품",
    "ReviewScore": "5",
    "Syllable": "61",
    "Word": "13",
    "RDate": "20200728",
    "GeneralPolarity": "0",
    "Aspects": [
      {
        "Aspect": "음량/음질",
        "SentimentText": "음질은 고음부분에서 잘 잡아주어 깔끔히 처리되는점이 최강점입니다 굿굿",
        "SentimentWord": "8",
        "SentimentPolarity": "1"
      },
      {
        "Aspect": "음량/음질",
        "SentimentText": "다만 저음대는 그에비해 약해서 아쉬워요~",
        "SentimentWord": "5",
        "SentimentPolarity": "-1"
      }
    ]
  },
  {
    "Index": "16326",
    "RawText": "사이즈가 작아서 공간 활용에 아주 좋습니다 굿굿 또한 가성비가 역시나 최고입니다~ 받자마자 디자인 이뻐서 놀랐어요 완전 마음에 들어요",
    "Source": "쇼핑몰",
    "Domain": "가전",
    "MainCategory": "영상/음향가전",
    "ProductName": "Creative PEBBLE V2 정품",
    "ReviewScore": "5",
    "Syllable": "74",
    "Word": "18",
    "RDate": "20220504",
    "GeneralPolarity": "1",
    "Aspects": [
      {
        "Aspect": "사이즈",
        "SentimentText": "사이즈가 작아서 공간 활용에 아주 좋습니다 굿굿",
        "SentimentWord": "7",
        "SentimentPolarity": "1"
      },
      {
        "Aspect": "가격",
        "SentimentText": "또한 가성비가 역시나 최고입니다~",
        "SentimentWord": "4",
        "SentimentPolarity": "1"
      },
      {
        "Aspect": "디자인",
        "SentimentText": "받자마자 디자인 이뻐서 놀랐어요 완전 마음에 들어요",
        "SentimentWord": "7",
        "SentimentPolarity": "1"
      }
    ]
  },
  {
    "Index": "16327",
    "RawText": "사이즈가 크지않아 공간차지를 안해서 너무 좋아용~ 3만원대 가격에 제일 좋은 음향과 기능입니다. 가성비 최고입니다. 음량이 풍부하고 노이즈가 적어서 듣기에 참 좋습니다.",
    "Source": "쇼핑몰",
    "Domain": "가전",
    "MainCategory": "영상/음향가전",
    "ProductName": "Creative PEBBLE V2 정품",
    "ReviewScore": "5",
    "Syllable": "94",
    "Word": "21",
    "RDate": "20210201",
    "GeneralPolarity": "1",
    "Aspects": [
      {
        "Aspect": "사이즈",
        "SentimentText": "사이즈가 크지않아 공간차지를 안해서 너무 좋아용~",
        "SentimentWord": "6",
        "SentimentPolarity": "1"
      },
      {
        "Aspect": "가격",
        "SentimentText": "3만원대 가격에 제일 좋은 음향과 기능입니다. 가성비 최고입니다.",
        "SentimentWord": "8",
        "SentimentPolarity": "1"
      },
      {
        "Aspect": "음량/음질",
        "SentimentText": "음량이 풍부하고 노이즈가 적어서 듣기에 참 좋습니다.",
        "SentimentWord": "7",
        "SentimentPolarity": "1"
      }
    ]
  }
]