[
  {
    "Index": "3996",
    "RawText": "생각보다 사이즈가 커서 좋았습니다.화질도 좋고, 핸드폰연동하기도 편리해서 좋습니다., 우리집이 영화관이 따로 없네요.",
    "Source": "SNS",
    "Domain": "가전",
    "MainCategory": "영상/음향가전",
    "ProductName": "삼성 UHD 스마트 TV 163cm(65형) KU65UT7000FXKR+삼성사운드바",
    "ReviewScore": "100",
    "Syllable": "65",
    "Word": "12",
    "RDate": "20200510",
    "GeneralPolarity": "1",
    "Aspects": [
      {
        "Aspect": "사이즈",
        "SentimentText": "생각보다 사이즈가 커서 좋았습니다",
        "SentimentWord": "4",
        "SentimentPolarity": "1"
      },
      {
        "Aspect": "화질",
        "SentimentText": "화질도 좋고",
        "SentimentWord": "2",
        "SentimentPolarity": "1"
      },
      {
        "Aspect": "편의성",
        "SentimentText": "핸드폰연동하기도 편리해서좋습니다",
        "SentimentWord": "2",
        "SentimentPolarity": "1"
      }
    ]
  },
  {
    "Index": "3997",
    "RawText": "배송기간: 한달이 넘게 걸려서 화가납니다 제품: 화질이 기대했던것 보다  훨씬 못미쳐 불만족 스럽습니다 그래서 가격이 저렴했나 싶어 실망스럽습니다 ",
    "Source": "SNS",
    "Domain": "가전",
    "MainCategory": "영상/음향가전",
    "ProductName": "삼성 UHD 스마트 TV 163cm(65형) UN65RU7150FXKR+삼성사운드바",
    "ReviewScore": "50",
    "Syllable": "82",
    "Word": "18",
    "RDate": "20200326",
    "Aspects": [
      {
        "Aspect": "화질",
        "SentimentText": "제품: 화질이 기대했던것 보다  훨씬 못미쳐 불만족 스럽습니다",
        "SentimentWord": "8",
        "SentimentPolarity": "-1"
      },
      {
        "Aspect": "가격",
        "SentimentText": "그래서 가격이 저렴했나 싶어 실망스럽습니다",
        "SentimentWord": "5",
        "SentimentPolarity": "-1"
      }
    ]
  },
  {
    "Index": "3998",
    "RawText": "배송기사님도 친절 하셔서 만족하고 사운드바도 같이 있는 구성이라 꺄악 좋아요~ 제품 불편함없이 사용하고있어 기분이 좋습니다~~",
    "Source": "SNS",
    "Domain": "가전",
    "MainCategory": "영상/음향가전",
    "ProductName": "삼성 UHD 스마트 TV 163cm(65형) UN65RU7150FXKR+삼성사운드바",
    "ReviewScore": "100",
    "Syllable": "70",
    "Word": "15",
    "RDate": "20190816",
    "Aspects": [
      {
        "Aspect": "제품구성",
        "SentimentText": "사운드바도 같이 있는 구성이라 꺄악 좋아요~",
        "SentimentWord": "6",
        "SentimentPolarity": "1"
      },
      {
        "Aspect": "편의성",
        "SentimentText": "제품 불편함없이 사용하고있어 기분이 좋습니다~~",
        "SentimentWord": "5",
        "SentimentPolarity": "1"
      }
    ]
  },
  {
    "Index": "3999",
    "RawText": "배송도 빠르고 해서 좋았고  설치기사분도 친절하게 잘 설명해주시고 설치도해주셔서  만족합니다~ 디자인도 깔끔한 베젤라인이 만족스러워요 티비도엄청크고완전맘에들어요",
    "Source": "SNS",
    "Domain": "가전",
    "MainCategory": "영상/음향가전",
    "ProductName": "삼성 UHD 스마트 TV 163cm(65형) UN65RU7150FXKR+삼성사운드바",
    "ReviewScore": "100",
    "Syllable": "89",
    "Word": "15",
    "RDate": "20200205",
    "Aspects": [
      {
        "Aspect": "디자인",
        "SentimentText": "디자인도 깔끔한 베젤라인이 만족스러워요",
        "SentimentWord": "4",
        "SentimentPolarity": "1"
      },
      {
        "Aspect": "사이즈",
        "SentimentText": "티비도엄청크고완전맘에들어요",
        "SentimentWord": "1",
        "SentimentPolarity": "1"
      }
    ]
  },
  {
    "Index": "4000",
    "RawText": "상품도 만족하고   음질은 고음이나 저음을 잘 표현 못하네요 설치는 마음에 들지만 배송이 한달이나 넘게 걸려 불만족 스럽습니다. 고객센터의 미숙한 대응이 아쉬웠습니다.",
    "Source": "SNS",
    "Domain": "가전",
    "MainCategory": "영상/음향가전",
    "ProductName": "삼성 UHD 스마트 TV 163cm(65형) UN65RU7150FXKR+삼성사운드바",
    "ReviewScore": "60",
    "Syllable": "93",
    "Word": "21",
    "RDate": "20200311",
    "Aspects": [
      {
        "Aspect": "품질",
        "SentimentText": "상품도 만족하고 ",
        "SentimentWord": "2",
        "SentimentPolarity": "1"
      },
      {
        "Aspect": "음량/음질",
        "SentimentText": "음질은 고음이나 저음을 잘 표현 못하네요",
        "SentimentWord": "6",
        "SentimentPolarity": "-1"
      }
    ]
  },
  {
    "Index": "4001",
    "RawText": "솔직히 tv는 음량도 빵빵하고 맘에 드는데  배송도 늦어 맘에 안들고 겨우받은 상품 하자생겨 교환신청하고 지금 기다리는중인데 마음이 안좋아요.  3월1일 주문해서 4월8일쯤 받고 결함생겨 교환 신청하고 이젠 재고가없어서 5월까지 기다리라고 해서 기다리고만 있어 화가나요",
    "Source": "SNS",
    "Domain": "가전",
    "MainCategory": "영상/음향가전",
    "ProductName": "삼성 UHD 스마트 TV 163cm(65형) UN65RU7150FXKR+삼성사운드바",
    "ReviewScore": "20",
    "Syllable": "150",
    "Word": "33",
    "RDate": "20200423",
    "Aspects": [
      {
        "Aspect": "음량/음질",
        "SentimentText": "솔직히 tv는 음량도 빵빵하고 맘에 드는데 ",
        "SentimentWord": "6",
        "SentimentPolarity": "1"
      },
      {
        "Aspect": "품질",
        "SentimentText": "상품 하자생겨 교환신청하고 지금 기다리는중인데 마음이 안좋아요. ",
        "SentimentWord": "7",
        "SentimentPolarity": "-1"
      }
    ]
  },
  {
    "Index": "4002",
    "RawText": "가성비 만족하고 좋은 75인치 tv. 덤으로 스피커 사은품증정 잘 보고 있습니다",
    "Source": "SNS",
    "Domain": "가전",
    "MainCategory": "영상/음향가전",
    "ProductName": "삼성 UHD 스마트 TV 189cm(75형) KU75UT7000FXKR+삼성사운드바",
    "ReviewScore": "100",
    "Syllable": "44",
    "Word": "11",
    "RDate": "20200507",
    "GeneralPolarity": "1",
    "Aspects": [
      {
        "Aspect": "가격",
        "SentimentText": "가성비 만족하고",
        "SentimentWord": "2",
        "SentimentPolarity": "1"
      },
      {
        "Aspect": "제품구성",
        "SentimentText": "좋은 75인치 tv. 덤으로 스피커 사은품증정 잘 보고 있습니다",
        "SentimentWord": "9",
        "SentimentPolarity": "1"
      }
    ]
  },
  {
    "Index": "4003",
    "RawText": "만족해요.. 영화보는듯 화면이 크고 컬러감선명해서 좋아요~",
    "Source": "SNS",
    "Domain": "가전",
    "MainCategory": "영상/음향가전",
    "ProductName": "삼성 UHD 스마트 TV 189cm(75형) KU75UT7000FXKR+삼성사운드바",
    "ReviewScore": "100",
    "Syllable": "32",
    "Word": "6",
    "RDate": "20200909",
    "GeneralPolarity": "1",
    "Aspects": [
      {
        "Aspect": "사이즈",
        "SentimentText": "영화보는듯 화면이 크고 컬러감선명해서 좋아요~",
        "SentimentWord": "5",
        "SentimentPolarity": "1"
      },
      {
        "Aspect": "화질",
        "SentimentText": "컬러감선명해서 좋아요~",
        "SentimentWord": "2",
        "SentimentPolarity": "1"
      }
    ]
  },
  {
    "Index": "4004",
    "RawText": "배송도 생각보다 빠르고해서 좋았고~75인치~대박사이즈이네요~너무 좋아요^^ 올 여름은 시원하게 집에서 영화 마니 볼수있어 좋아요~화질 굿~~",
    "Source": "SNS",
    "Domain": "가전",
    "MainCategory": "영상/음향가전",
    "ProductName": "삼성 UHD 스마트 TV 189cm(75형) KU75UT7000FXKR+삼성사운드바",
    "ReviewScore": "100",
    "Syllable": "78",
    "Word": "14",
    "RDate": "20200518",
    "Aspects": [
      {
        "Aspect": "사이즈",
        "SentimentText": "75인치~대박사이즈이네요~너무 좋아요^^",
        "SentimentWord": "2",
        "SentimentPolarity": "1"
      },
      {
        "Aspect": "편의성",
        "SentimentText": "올 여름은 시원하게 집에서 영화 마니 볼수있어 좋아요~",
        "SentimentWord": "8",
        "SentimentPolarity": "1"
      },
      {
        "Aspect": "화질",
        "SentimentText": "화질 굿~~",
        "SentimentWord": "2",
        "SentimentPolarity": "1"
      }
    ]
  },
  {
    "Index": "4005",
    "RawText": "기사분도친절히 배송해주시고 해서  만족한데 깔끔하게 뒷처리도해주셔서 더 좋았어요 컨텐츠가 다양해서 좋아요 화질이 선명해서 보기에 좋아요",
    "Source": "SNS",
    "Domain": "가전",
    "MainCategory": "영상/음향가전",
    "ProductName": "삼성 UHD 스마트 TV 189cm(75형) UN75RU7150FXKR+삼성사운드바",
    "ReviewScore": "100",
    "Syllable": "75",
    "Word": "15",
    "RDate": "20200328",
    "Aspects": [
      {
        "Aspect": "기능",
        "SentimentText": "컨텐츠가 다양해서 좋아요",
        "SentimentWord": "3",
        "SentimentPolarity": "1"
      },
      {
        "Aspect": "화질",
        "SentimentText": "화질이 선명해서 보기에 좋아요",
        "SentimentWord": "4",
        "SentimentPolarity": "1"
      }
    ]
  },
  {
    "Index": "4006",
    "RawText": "생각 보다는 화면이 덜 선명해서 실망스럽지만 하지만 사이즈가 커서 좋긴하네요.",
    "Source": "SNS",
    "Domain": "가전",
    "MainCategory": "영상/음향가전",
    "ProductName": "삼성 UHD 스마트 TV 189cm(75형) UN75RU7150FXKR+삼성사운드바",
    "ReviewScore": "100",
    "Syllable": "43",
    "Word": "10",
    "RDate": "20191003",
    "GeneralPolarity": "0",
    "Aspects": [
      {
        "Aspect": "화질",
        "SentimentText": "생각 보다는 화면이 덜 선명해서 실망스럽지만",
        "SentimentWord": "6",
        "SentimentPolarity": "-1"
      },
      {
        "Aspect": "사이즈",
        "SentimentText": " 하지만 사이즈가 커서 좋긴하네요.",
        "SentimentWord": "4",
        "SentimentPolarity": "1"
      }
    ]
  },
  {
    "Index": "4007",
    "RawText": "대형화면으로 넘 좋아요~ 사운드바까지 홈씨어터 굳~~~",
    "Source": "SNS",
    "Domain": "가전",
    "MainCategory": "영상/음향가전",
    "ProductName": "삼성 UHD 스마트 TV 214cm(85형) KU85UA7000FXKR+삼성사운드바",
    "ReviewScore": "100",
    "Syllable": "30",
    "Word": "6",
    "RDate": "20220123",
    "GeneralPolarity": "1",
    "Aspects": [
      {
        "Aspect": "사이즈",
        "SentimentText": "대형화면으로 넘 좋아요~",
        "SentimentWord": "3",
        "SentimentPolarity": "1"
      },
      {
        "Aspect": "제품구성",
        "SentimentText": " 사운드바까지 홈씨어터 굳~~~",
        "SentimentWord": "3",
        "SentimentPolarity": "1"
      }
    ]
  },
  {
    "Index": "4008",
    "RawText": "무게가 매우 가벼워 이동이 너무 쉽고 좋아요.가성비 최고입니다",
    "Source": "SNS",
    "Domain": "가전",
    "MainCategory": "영상/음향가전",
    "ProductName": "인켈 81cm HD LED TV/ 스탠드형 / A급 패널 2년 무상보증 ",
    "ReviewScore": "100",
    "Syllable": "34",
    "Word": "8",
    "RDate": "20210905",
    "GeneralPolarity": "1",
    "Aspects": [
      {
        "Aspect": "무게",
        "SentimentText": "무게가 매우 가벼워 이동이 너무 쉽고 좋아요",
        "SentimentWord": "7",
        "SentimentPolarity": "1"
      },
      {
        "Aspect": "가격",
        "SentimentText": "가성비 최고입니다",
        "SentimentWord": "2",
        "SentimentPolarity": "1"
      }
    ]
  },
  {
    "Index": "4009",
    "RawText": "잡아주는 부분이 두꺼워서 화면을 살짝 가려 아쉽네요 무선충전은 잘되어 그런대로 만족 합니다",
    "Source": "SNS",
    "Domain": "가전",
    "MainCategory": "영상/음향가전",
    "ProductName": "얼티밋 반자동 그래비티 차량용 고속무선충전 거치대",
    "ReviewScore": "100",
    "Syllable": "50",
    "Word": "12",
    "RDate": "20191128",
    "Aspects": [
      {
        "Aspect": "사이즈",
        "SentimentText": " 잡아주는 부분이 두꺼워서 화면을 살짝 가려 아쉽네요",
        "SentimentWord": "7",
        "SentimentPolarity": "0"
      },
      {
        "Aspect": "기능",
        "SentimentText": "무선충전은 잘되어 그런대로 만족 합니다",
        "SentimentWord": "5",
        "SentimentPolarity": "1"
      }
    ]
  },
  {
    "Index": "4010",
    "RawText": "미러볼이랑 템버린주는 이벤트가 끝나 아쉽기는 하지만 상품 성능은 맘에들어 만족합니다",
    "Source": "SNS",
    "Domain": "가전",
    "MainCategory": "영상/음향가전",
    "ProductName": "미라클엠 블루투스마이크 M70 플러스 노래방에코 미러볼 포함",
    "ReviewScore": "100",
    "Syllable": "46",
    "Word": "10",
    "RDate": "20210820",
    "GeneralPolarity": "1",
    "Aspects": [
      {
        "Aspect": "제품구성",
        "SentimentText": "미러볼이랑 템버린주는 이벤트가 끝나 아쉽기는 하지만",
        "SentimentWord": "6",
        "SentimentPolarity": "0"
      },
      {
        "Aspect": "기능",
        "SentimentText": "상품 성능은 맘에들어 만족합니다 ",
        "SentimentWord": "4",
        "SentimentPolarity": "1"
      }
    ]
  },
  {
    "Index": "4011",
    "RawText": "사고나니 가격도 할인되어 있어 화가나는데  무엇보다 에코나 마이크 상태가 별로라서 실망이네요...전에 산건 만족했는데 이물건은 별로네요...",
    "Source": "SNS",
    "Domain": "가전",
    "MainCategory": "영상/음향가전",
    "ProductName": "미라클엠 블루투스마이크 M70 플러스 노래방에코 미러볼 포함",
    "ReviewScore": "40",
    "Syllable": "78",
    "Word": "15",
    "RDate": "20210823",
    "GeneralPolarity": "-1",
    "Aspects": [
      {
        "Aspect": "가격",
        "SentimentText": "사고나니 가격도 할인되어 있어 화가나는데 ",
        "SentimentWord": "5",
        "SentimentPolarity": "-1"
      },
      {
        "Aspect": "음량/음질",
        "SentimentText": " 무엇보다 에코나 마이크 상태가 별로라서 실망이네요",
        "SentimentWord": "6",
        "SentimentPolarity": "-1"
      },
      {
        "Aspect": "품질",
        "SentimentText": "전에 산건 만족했는데 이물건은 별로네요...",
        "SentimentWord": "5",
        "SentimentPolarity": "-1"
      }
    ]
  },
  {
    "Index": "4012",
    "RawText": "소리도 잘나고해서 즐겁게 할수 있어 좋아요, 블루투스 연결도 쉽게 되서 좋아요. 불도 예뻐서 더 만족하네요.",
    "Source": "SNS",
    "Domain": "가전",
    "MainCategory": "영상/음향가전",
    "ProductName": "미라클엠 블루투스마이크 M70 플러스 노래방에코 미러볼 포함",
    "ReviewScore": "100",
    "Syllable": "60",
    "Word": "15",
    "RDate": "20220105",
    "GeneralPolarity": "1",
    "Aspects": [
      {
        "Aspect": "음량/음질",
        "SentimentText": "소리도 잘나고해서 즐겁게 할수 있어 좋아요",
        "SentimentWord": "6",
        "SentimentPolarity": "1"
      },
      {
        "Aspect": "편의성",
        "SentimentText": "블루투스 연결도 쉽게 되서 좋아요",
        "SentimentWord": "5",
        "SentimentPolarity": "1"
      },
      {
        "Aspect": "디자인",
        "SentimentText": "불도 예뻐서 더 만족하네요.",
        "SentimentWord": "4",
        "SentimentPolarity": "1"
      }
    ]
  },
  {
    "Index": "4013",
    "RawText": "스피커 소리가 짱짱해서 신나게 이용할수 있어 좋네요. (미러볼은 박스안에 있어요) 평소엔 블루투스 스피커로 활용하는데 너무 좋아요",
    "Source": "SNS",
    "Domain": "가전",
    "MainCategory": "영상/음향가전",
    "ProductName": "미라클엠 블루투스마이크 M70 플러스 노래방에코 미러볼 포함",
    "ReviewScore": "100",
    "Syllable": "72",
    "Word": "16",
    "RDate": "20210820",
    "GeneralPolarity": "1",
    "Aspects": [
      {
        "Aspect": "음량/음질",
        "SentimentText": "스피커 소리가 짱짱해서 신나게 이용할수 있어 좋네요",
        "SentimentWord": "7",
        "SentimentPolarity": "1"
      },
      {
        "Aspect": "편의성",
        "SentimentText": "평소엔 블루투스 스피커로 활용하는데 너무 좋아요",
        "SentimentWord": "6",
        "SentimentPolarity": "1"
      }
    ]
  },
  {
    "Index": "4014",
    "RawText": "에코도 빵빵해서 좋고 디자인도 예쁘고 완전 고급스럽고 맘에드는 상품입니다~~",
    "Source": "SNS",
    "Domain": "가전",
    "MainCategory": "영상/음향가전",
    "ProductName": "미라클엠 블루투스마이크 M70 플러스 노래방에코 미러볼 포함",
    "ReviewScore": "100",
    "Syllable": "42",
    "Word": "9",
    "RDate": "20210907",
    "GeneralPolarity": "1",
    "Aspects": [
      {
        "Aspect": "음량/음질",
        "SentimentText": "에코도 빵빵해서 좋고 ",
        "SentimentWord": "3",
        "SentimentPolarity": "1"
      },
      {
        "Aspect": "디자인",
        "SentimentText": "디자인도 예쁘고 완전 고급스럽고 맘에드는 상품입니다~~",
        "SentimentWord": "6",
        "SentimentPolarity": "1"
      }
    ]
  },
  {
    "Index": "4015",
    "RawText": "음질,음향 모두 너무 좋아요. 가볍고 완전 짱 만족스럽네요^^ 미러볼 LED탬버린도 주셔서 더 좋아요 감사합니다~",
    "Source": "SNS",
    "Domain": "가전",
    "MainCategory": "영상/음향가전",
    "ProductName": "미라클엠 블루투스마이크 M70 플러스 노래방에코 미러볼 포함",
    "ReviewScore": "100",
    "Syllable": "63",
    "Word": "14",
    "RDate": "20210818",
    "GeneralPolarity": "1",
    "Aspects": [
      {
        "Aspect": "음량/음질",
        "SentimentText": "음질,음향 모두 너무 좋아요.",
        "SentimentWord": "4",
        "SentimentPolarity": "1"
      },
      {
        "Aspect": "무게",
        "SentimentText": "가볍고 완전 짱 만족스럽네요^^",
        "SentimentWord": "4",
        "SentimentPolarity": "1"
      },
      {
        "Aspect": "제품구성",
        "SentimentText": "미러볼 LED탬버린도 주셔서 더 좋아요 감사합니다~",
        "SentimentWord": "6",
        "SentimentPolarity": "1"
      }
    ]
  },
  {
    "Index": "4016",
    "RawText": "가격의 가성비 최고.. 미러볼도 포함되어 있어서 분위기가 업업되네요 티브 홈쇼핑 화면옆선전문구통해서 구매 했는데 좋아요",
    "Source": "SNS",
    "Domain": "가전",
    "MainCategory": "영상/음향가전",
    "ProductName": "미라클엠 블루투스마이크M37-KE 노래방에코 미러볼 포함",
    "ReviewScore": "100",
    "Syllable": "66",
    "Word": "14",
    "RDate": "20211117",
    "Aspects": [
      {
        "Aspect": "가격",
        "SentimentText": "가격의 가성비 최고",
        "SentimentWord": "3",
        "SentimentPolarity": "1"
      },
      {
        "Aspect": "제품구성",
        "SentimentText": "미러볼도 포함되어 있어서 분위기가 업업되네요",
        "SentimentWord": "5",
        "SentimentPolarity": "1"
      }
    ]
  },
  {
    "Index": "4017",
    "RawText": "가격이 저렴해서 그런지 가성비 실망입니다. 소리가 만족스럽진않네요..사용법을 자세히 알려주면 더 잘쓸거같은데 아쉽네요",
    "Source": "SNS",
    "Domain": "가전",
    "MainCategory": "영상/음향가전",
    "ProductName": "미라클엠 블루투스마이크M37-KE 노래방에코 미러볼 포함",
    "ReviewScore": "100",
    "Syllable": "65",
    "Word": "12",
    "RDate": "20210805",
    "GeneralPolarity": "-1",
    "Aspects": [
      {
        "Aspect": "가격",
        "SentimentText": "가격이 저렴해서 그런지 가성비 실망입니다.",
        "SentimentWord": "5",
        "SentimentPolarity": "-1"
      },
      {
        "Aspect": "음량/음질",
        "SentimentText": "소리가 만족스럽진않네요.",
        "SentimentWord": "2",
        "SentimentPolarity": "-1"
      },
      {
        "Aspect": "조작성",
        "SentimentText": "사용법을 자세히 알려주면 더 잘쓸거같은데 아쉽네요",
        "SentimentWord": "6",
        "SentimentPolarity": "-1"
      }
    ]
  },
  {
    "Index": "4018",
    "RawText": "다른건 안써바서 모르겠지만 에코나 소리도 잘 나와 좋고요  블루투스 잘 연결되어 편해요 소리가 작은건 집안에서 쓰기 좋을듯해요",
    "Source": "SNS",
    "Domain": "가전",
    "MainCategory": "영상/음향가전",
    "ProductName": "미라클엠 블루투스마이크M37-KE 노래방에코 미러볼 포함",
    "ReviewScore": "100",
    "Syllable": "70",
    "Word": "17",
    "RDate": "20210930",
    "GeneralPolarity": "1",
    "Aspects": [
      {
        "Aspect": "음량/음질",
        "SentimentText": "에코나 소리도 잘 나와 좋고요",
        "SentimentWord": "5",
        "SentimentPolarity": "1"
      },
      {
        "Aspect": "편의성",
        "SentimentText": "  블루투스 잘 연결되어 편해요",
        "SentimentWord": "4",
        "SentimentPolarity": "1"
      },
      {
        "Aspect": "편의성",
        "SentimentText": "소리가 작은건 집안에서 쓰기 좋을듯해요",
        "SentimentWord": "5",
        "SentimentPolarity": "1"
      }
    ]
  },
  {
    "Index": "4019",
    "RawText": "디자인 이쁘고 좋내요. 연결 어플도 설명서에 추천해 주셨으면 더 좋을거 같은데 아쉽습니다. 잘쓸께요.",
    "Source": "SNS",
    "Domain": "가전",
    "MainCategory": "영상/음향가전",
    "ProductName": "미라클엠 블루투스마이크M37-KE 노래방에코 미러볼 포함",
    "ReviewScore": "100",
    "Syllable": "56",
    "Word": "13",
    "RDate": "20210919",
    "GeneralPolarity": "0",
    "Aspects": [
      {
        "Aspect": "디자인",
        "SentimentText": "디자인 이쁘고 좋내요",
        "SentimentWord": "3",
        "SentimentPolarity": "1"
      },
      {
        "Aspect": "제품구성",
        "SentimentText": "연결 어플도 설명서에 추천해 주셨으면 더 좋을거 같은데 아쉽습니다",
        "SentimentWord": "9",
        "SentimentPolarity": "0"
      }
    ]
  },
  {
    "Index": "4020",
    "RawText": "무게가 좀 무거워 아쉽습니다. 마이크만으로 되는게 아니고 뭔가 또 다른게 있어야 음악이 나온거였는데 사용하기 힘들군요.ㅠㅠ",
    "Source": "SNS",
    "Domain": "가전",
    "MainCategory": "영상/음향가전",
    "ProductName": "미라클엠 블루투스마이크M37-KE 노래방에코 미러볼 포함",
    "ReviewScore": "50",
    "Syllable": "68",
    "Word": "15",
    "RDate": "20211209",
    "GeneralPolarity": "-1",
    "Aspects": [
      {
        "Aspect": "무게",
        "SentimentText": "무게가 좀 무거워 아쉽습니다. ",
        "SentimentWord": "4",
        "SentimentPolarity": "-1"
      },
      {
        "Aspect": "조작성",
        "SentimentText": "마이크만으로 되는게 아니고 뭔가 또 다른게 있어야 음악이 나온거였는데 사용하기 힘들군요.ㅠㅠ",
        "SentimentWord": "11",
        "SentimentPolarity": "-1"
      }
    ]
  },
  {
    "Index": "4021",
    "RawText": "충전 입구가  막혀서 충전을  할  수가  없어 화가납니다 검수도  안 하고 보내나봐요 불만족하니  교환 신청했습니다 블루투스가 연결이 잘 안되네요",
    "Source": "SNS",
    "Domain": "가전",
    "MainCategory": "영상/음향가전",
    "ProductName": "미라클엠 블루투스마이크M37-KE 노래방에코 미러볼 포함",
    "ReviewScore": "30",
    "Syllable": "82",
    "Word": "19",
    "RDate": "20211007",
    "Aspects": [
      {
        "Aspect": "품질",
        "SentimentText": "충전 입구가  막혀서 충전을  할  수가  없어 화가납니다",
        "SentimentWord": "8",
        "SentimentPolarity": "-1"
      },
      {
        "Aspect": "조작성",
        "SentimentText": "블루투스가 연결이 잘 안되네요",
        "SentimentWord": "4",
        "SentimentPolarity": "-1"
      }
    ]
  },
  {
    "Index": "4022",
    "RawText": "예쁜  디자인에 너무 마음에 들어요  생각보다  크기는  작지만 그래도 좋아요   음질은  그런대로  괜찮아서 만족합니다",
    "Source": "SNS",
    "Domain": "가전",
    "MainCategory": "영상/음향가전",
    "ProductName": "(TV_방송중) 단순생활 TWS 블루투스 스피커 더블구성",
    "ReviewScore": "100",
    "Syllable": "67",
    "Word": "14",
    "RDate": "20210506",
    "GeneralPolarity": "1",
    "Aspects": [
      {
        "Aspect": "디자인",
        "SentimentText": "예쁜  디자인에 너무 마음에 들어요",
        "SentimentWord": "5",
        "SentimentPolarity": "1"
      },
      {
        "Aspect": "사이즈",
        "SentimentText": " 생각보다  크기는  작지만 그래도 좋아요",
        "SentimentWord": "5",
        "SentimentPolarity": "1"
      },
      {
        "Aspect": "음량/음질",
        "SentimentText": "음질은  그런대로  괜찮아서 만족합니다",
        "SentimentWord": "4",
        "SentimentPolarity": "1"
      }
    ]
  },
  {
    "Index": "4023",
    "RawText": "usb도 되고 라디오도 되어 야외에서도 쓸수있어 좋고요  음질도 좋아 참 잘샀어요~",
    "Source": "SNS",
    "Domain": "가전",
    "MainCategory": "영상/음향가전",
    "ProductName": "(판매기간 수정필)(TV) 브리츠 블루투스 스피커 BA-C7",
    "ReviewScore": "100",
    "Syllable": "46",
    "Word": "11",
    "RDate": "20180823",
    "GeneralPolarity": "1",
    "Aspects": [
      {
        "Aspect": "기능",
        "SentimentText": "usb도 되고 라디오도 되어 야외에서도 쓸수있어 좋고요",
        "SentimentWord": "7",
        "SentimentPolarity": "1"
      },
      {
        "Aspect": "음량/음질",
        "SentimentText": " 음질도 좋아 참 잘샀어요~",
        "SentimentWord": "4",
        "SentimentPolarity": "1"
      }
    ]
  },
  {
    "Index": "4024",
    "RawText": "간단하고이도미편해서좋아요음질도좋구요 잘듣고있읍니다",
    "Source": "SNS",
    "Domain": "가전",
    "MainCategory": "영상/음향가전",
    "ProductName": "(판매기간 수정필)(TV) 브리츠 블루투스 스피커 BA-C7",
    "ReviewScore": "100",
    "Syllable": "27",
    "Word": "2",
    "RDate": "20181027",
    "GeneralPolarity": "1",
    "Aspects": [
      {
        "Aspect": "편의성",
        "SentimentText": "간단하고이도미편해서좋아",
        "SentimentWord": "1",
        "SentimentPolarity": "1"
      },
      {
        "Aspect": "음량/음질",
        "SentimentText": "음질도좋구요",
        "SentimentWord": "1",
        "SentimentPolarity": "1"
      }
    ]
  },
  {
    "Index": "4025",
    "RawText": "가격대비 디자인 및 성능은 만족인데요. 배터리 충전시간은 오래걸리는데 사용안해도 방전이 금방되네요.",
    "Source": "SNS",
    "Domain": "가전",
    "MainCategory": "영상/음향가전",
    "ProductName": "(판매기간 수정필)(TV) 브리츠 블루투스 스피커 BA-C7",
    "ReviewScore": "40",
    "Syllable": "55",
    "Word": "11",
    "RDate": "20180920",
    "Aspects": [
      {
        "Aspect": "디자인",
        "SentimentText": "가격대비 디자인 및 성능은 만족인데요.",
        "SentimentWord": "5",
        "SentimentPolarity": "1"
      },
      {
        "Aspect": "배터리",
        "SentimentText": "배터리 충전시간은 오래걸리는데 사용안해도 방전이 금방되네요.",
        "SentimentWord": "6",
        "SentimentPolarity": "-1"
      },
      {
        "Aspect": "기능",
        "SentimentText": "성능은 만족인데요.",
        "SentimentWord": "2",
        "SentimentPolarity": "1"
      }
    ]
  },
  {
    "Index": "4026",
    "RawText": "디자인도 이쁘고, 음질도 깨끗하고 좋네요.  거기다가 라디오  수신도 깨끗하게 잘 잡히네요.",
    "Source": "SNS",
    "Domain": "가전",
    "MainCategory": "영상/음향가전",
    "ProductName": "(판매기간 수정필)(TV) 브리츠 블루투스 스피커 BA-C7",
    "ReviewScore": "100",
    "Syllable": "51",
    "Word": "11",
    "RDate": "20180904",
    "GeneralPolarity": "1",
    "Aspects": [
      {
        "Aspect": "디자인",
        "SentimentText": "디자인도 이쁘고",
        "SentimentWord": "2",
        "SentimentPolarity": "1"
      },
      {
        "Aspect": "음량/음질",
        "SentimentText": " 음질도 깨끗하고 좋네요",
        "SentimentWord": "3",
        "SentimentPolarity": "1"
      },
      {
        "Aspect": "기능",
        "SentimentText": "거기다가 라디오  수신도 깨끗하게 잘 잡히네요.",
        "SentimentWord": "6",
        "SentimentPolarity": "1"
      }
    ]
  },
  {
    "Index": "4027",
    "RawText": "디자인이 이쁘고 너무 좋아요. 라디오까지 되서  잘 듣고 있어요  ",
    "Source": "SNS",
    "Domain": "가전",
    "MainCategory": "영상/음향가전",
    "ProductName": "(판매기간 수정필)(TV) 브리츠 블루투스 스피커 BA-C7",
    "ReviewScore": "80",
    "Syllable": "37",
    "Word": "9",
    "RDate": "20180819",
    "GeneralPolarity": "1",
    "Aspects": [
      {
        "Aspect": "디자인",
        "SentimentText": "디자인이 이쁘고 너무 좋아요.",
        "SentimentWord": "4",
        "SentimentPolarity": "1"
      },
      {
        "Aspect": "기능",
        "SentimentText": "라디오까지 되서  잘 듣고 있어요",
        "SentimentWord": "5",
        "SentimentPolarity": "1"
      }
    ]
  },
  {
    "Index": "4028",
    "RawText": "소리도 크고 좋은데 . 아쉽게도 우퍼기능이 약간 떨어지지만 가격대비 이정도면 만족합니다.",
    "Source": "SNS",
    "Domain": "가전",
    "MainCategory": "영상/음향가전",
    "ProductName": "(판매기간 수정필)(TV) 브리츠 블루투스 스피커 BA-C7",
    "ReviewScore": "100",
    "Syllable": "49",
    "Word": "11",
    "RDate": "20180905",
    "GeneralPolarity": "1",
    "Aspects": [
      {
        "Aspect": "음량/음질",
        "SentimentText": "소리도 크고 좋은데 ",
        "SentimentWord": "3",
        "SentimentPolarity": "1"
      },
      {
        "Aspect": "기능",
        "SentimentText": "아쉽게도 우퍼기능이 약간 떨어지지만",
        "SentimentWord": "4",
        "SentimentPolarity": "0"
      },
      {
        "Aspect": "가격",
        "SentimentText": " 가격대비 이정도면 만족합니다.",
        "SentimentWord": "3",
        "SentimentPolarity": "1"
      }
    ]
  },
  {
    "Index": "4029",
    "RawText": "사이즈가 아담하고 좋아요 . 스피커 소리 좋고 주방에 놓고 라디오 듣기도 좋네요 .다만 충전이 오래 걸려 아쉽네요",
    "Source": "SNS",
    "Domain": "가전",
    "MainCategory": "영상/음향가전",
    "ProductName": "(판매기간 수정필)(TV) 브리츠 블루투스 스피커 BA-C7",
    "ReviewScore": "100",
    "Syllable": "63",
    "Word": "17",
    "RDate": "20180828",
    "GeneralPolarity": "1",
    "Aspects": [
      {
        "Aspect": "사이즈",
        "SentimentText": "사이즈가 아담하고 좋아요",
        "SentimentWord": "3",
        "SentimentPolarity": "1"
      },
      {
        "Aspect": "음량/음질",
        "SentimentText": " 스피커 소리 좋고",
        "SentimentWord": "3",
        "SentimentPolarity": "1"
      },
      {
        "Aspect": "편의성",
        "SentimentText": "주방에 놓고 라디오 듣기도 좋네요",
        "SentimentWord": "5",
        "SentimentPolarity": "1"
      },
      {
        "Aspect": "배터리",
        "SentimentText": "다만 충전이 오래 걸려 아쉽네요",
        "SentimentWord": "5",
        "SentimentPolarity": "-1"
      }
    ]
  },
  {
    "Index": "4030",
    "RawText": "사이즈가 작고귀여운것이 음질까지 너무 좋으네요 어디에 놓고 쓰기에도 불편함이 없고 만족합니다 많이파세요",
    "Source": "SNS",
    "Domain": "가전",
    "MainCategory": "영상/음향가전",
    "ProductName": "(판매기간 수정필)(TV) 브리츠 블루투스 스피커 BA-C7",
    "ReviewScore": "100",
    "Syllable": "57",
    "Word": "12",
    "RDate": "20180810",
    "GeneralPolarity": "1",
    "Aspects": [
      {
        "Aspect": "사이즈",
        "SentimentText": "사이즈가 작고귀여운것이 음질까지 너무 좋으네요",
        "SentimentWord": "5",
        "SentimentPolarity": "1"
      },
      {
        "Aspect": "음량/음질",
        "SentimentText": "음질까지 너무 좋으네요",
        "SentimentWord": "3",
        "SentimentPolarity": "1"
      },
      {
        "Aspect": "편의성",
        "SentimentText": "어디에 놓고 쓰기에도 불편함이 없고 만족합니다",
        "SentimentWord": "6",
        "SentimentPolarity": "1"
      }
    ]
  },
  {
    "Index": "4031",
    "RawText": "편하게 잘쓰고 있고 좋아요  생각보다  음질좋고 만족합니다 지금은 잘쓰고 있음 ",
    "Source": "SNS",
    "Domain": "가전",
    "MainCategory": "영상/음향가전",
    "ProductName": "K 오아 더블아이브릭 고음질 휴대용 블루투스 스피커",
    "ReviewScore": "100",
    "Syllable": "44",
    "Word": "10",
    "RDate": "20191002",
    "GeneralPolarity": "1",
    "Aspects": [
      {
        "Aspect": "편의성",
        "SentimentText": "편하게 잘쓰고 있고 좋아요 ",
        "SentimentWord": "4",
        "SentimentPolarity": "1"
      },
      {
        "Aspect": "음량/음질",
        "SentimentText": "생각보다  음질좋고 만족합니다",
        "SentimentWord": "3",
        "SentimentPolarity": "1"
      }
    ]
  },
  {
    "Index": "4032",
    "RawText": "구매한 상품인 휴대용 미니 블루투스가 성능이 좋네요.. 들고 다니기도 가볍네요 배송도 빨라서 만족합니다.. 잘 사용하겠습니다..",
    "Source": "SNS",
    "Domain": "가전",
    "MainCategory": "영상/음향가전",
    "ProductName": "K 오아 포터블 브릭 휴대용 미니 블루투스 스피커 골든우드",
    "ReviewScore": "100",
    "Syllable": "71",
    "Word": "15",
    "RDate": "20190920",
    "Aspects": [
      {
        "Aspect": "기능",
        "SentimentText": "구매한 상품인 휴대용 미니 블루투스가 성능이 좋네요..",
        "SentimentWord": "7",
        "SentimentPolarity": "1"
      },
      {
        "Aspect": "무게",
        "SentimentText": "들고 다니기도 가볍네요",
        "SentimentWord": "3",
        "SentimentPolarity": "1"
      }
    ]
  },
  {
    "Index": "4033",
    "RawText": "사이즈가 자그마한게  깜찍해서 더 만족하네요  손잡이가  있어서  휴대하기도 넘 편해서 좋아요",
    "Source": "SNS",
    "Domain": "가전",
    "MainCategory": "영상/음향가전",
    "ProductName": "K 오아 포터블 브릭 휴대용 미니 블루투스 스피커 골든우드",
    "ReviewScore": "100",
    "Syllable": "52",
    "Word": "11",
    "RDate": "20191203",
    "GeneralPolarity": "1",
    "Aspects": [
      {
        "Aspect": "사이즈",
        "SentimentText": "사이즈가 자그마한게  깜찍해서 더 만족하네요",
        "SentimentWord": "5",
        "SentimentPolarity": "1"
      },
      {
        "Aspect": "편의성",
        "SentimentText": "손잡이가  있어서  휴대하기도 넘 편해서 좋아요 ",
        "SentimentWord": "6",
        "SentimentPolarity": "1"
      }
    ]
  },
  {
    "Index": "4034",
    "RawText": "좋아요 소리도 커고 마음에 들고요  무게도 가벼워서 좋고  휴대하기도 간편해서 더 만족합니다",
    "Source": "SNS",
    "Domain": "가전",
    "MainCategory": "영상/음향가전",
    "ProductName": "K 오아 포터블 브릭 휴대용 미니 블루투스 스피커 골든우드",
    "ReviewScore": "100",
    "Syllable": "51",
    "Word": "12",
    "RDate": "20191012",
    "GeneralPolarity": "1",
    "Aspects": [
      {
        "Aspect": "음량/음질",
        "SentimentText": "좋아요 소리도 커고 마음에 들고요 ",
        "SentimentWord": "5",
        "SentimentPolarity": "1"
      },
      {
        "Aspect": "무게",
        "SentimentText": "  무게도 가벼워서 좋고  ",
        "SentimentWord": "3",
        "SentimentPolarity": "1"
      },
      {
        "Aspect": "편의성",
        "SentimentText": "휴대하기도 간편해서 더 만족합니다",
        "SentimentWord": "4",
        "SentimentPolarity": "1"
      }
    ]
  },
  {
    "Index": "4035",
    "RawText": "성능이 생각만큼 좋지는 않아 불만족 스럽네요 좀더 가격을 투자해서 구매해야해야요 전 불만족 스러워요",
    "Source": "SNS",
    "Domain": "가전",
    "MainCategory": "영상/음향가전",
    "ProductName": "브리츠 Blue moon 블루투스 LED 휴대용 스피커 BZ-A10",
    "ReviewScore": "100",
    "Syllable": "55",
    "Word": "13",
    "RDate": "20200523",
    "GeneralPolarity": "-1",
    "Aspects": [
      {
        "Aspect": "기능",
        "SentimentText": "성능이 생각만큼 좋지는 않아 불만족 스럽네",
        "SentimentWord": "6",
        "SentimentPolarity": "-1"
      },
      {
        "Aspect": "가격",
        "SentimentText": "좀더 가격을 투자해서 구매해야해야요 전 불만족 스러워요",
        "SentimentWord": "7",
        "SentimentPolarity": "-1"
      }
    ]
  },
  {
    "Index": "4036",
    "RawText": "제품은 간단히 사용하기는 좋은거 같아요 배터리 타임이 조금 짧은거 같아 아쉽네요",
    "Source": "SNS",
    "Domain": "가전",
    "MainCategory": "영상/음향가전",
    "ProductName": "엠피지오 BT-MON /블루투스 스피커/핸즈프리/휴대용/미니무선/초소형/고출력/고음질",
    "ReviewScore": "60",
    "Syllable": "44",
    "Word": "11",
    "RDate": "20210811",
    "Aspects": [
      {
        "Aspect": "품질",
        "SentimentText": "제품은 간단히 사용하기는 좋은거 같아요",
        "SentimentWord": "5",
        "SentimentPolarity": "1"
      },
      {
        "Aspect": "배터리",
        "SentimentText": "배터리 타임이 조금 짧은거 같아 아쉽네요",
        "SentimentWord": "6",
        "SentimentPolarity": "-1"
      }
    ]
  },
  {
    "Index": "4037",
    "RawText": "사이즈가 작아서 어디든 휴대하기좋고 소리도 잘나오고 음질도 그럭저럭 나쁘지않네요",
    "Source": "SNS",
    "Domain": "가전",
    "MainCategory": "영상/음향가전",
    "ProductName": "엠피지오 BT-MON /블루투스 스피커/핸즈프리/휴대용/미니무선/초소형/고출력/고음질",
    "ReviewScore": "100",
    "Syllable": "44",
    "Word": "9",
    "RDate": "20210803",
    "Aspects": [
      {
        "Aspect": "사이즈",
        "SentimentText": "사이즈가 작아서 어디든 휴대하기좋고",
        "SentimentWord": "4",
        "SentimentPolarity": "1"
      },
      {
        "Aspect": "편의성",
        "SentimentText": "어디든 휴대하기좋고",
        "SentimentWord": "2",
        "SentimentPolarity": "1"
      },
      {
        "Aspect": "기능",
        "SentimentText": "소리도 잘나오고 ",
        "SentimentWord": "2",
        "SentimentPolarity": "1"
      },
      {
        "Aspect": "음량/음질",
        "SentimentText": "음질도 그럭저럭 나쁘지않네요",
        "SentimentWord": "3",
        "SentimentPolarity": "0"
      }
    ]
  },
  {
    "Index": "4038",
    "RawText": "요즘 아침 저녁으로 음악 틀어놓고 힐링하기 너무 좋아요 소리가 부드러워서 더 좋고 디자인도 이뻐 인테리어 효과도 있어 좋아요",
    "Source": "SNS",
    "Domain": "가전",
    "MainCategory": "영상/음향가전",
    "ProductName": "하만카돈 AURA STUDIO 2 블루투스 스피커",
    "ReviewScore": "100",
    "Syllable": "69",
    "Word": "18",
    "RDate": "20190413",
    "GeneralPolarity": "1",
    "Aspects": [
      {
        "Aspect": "편의성",
        "SentimentText": "요즘 아침 저녁으로 음악 틀어놓고 힐링하기 너무 좋아요 ",
        "SentimentWord": "8",
        "SentimentPolarity": "1"
      },
      {
        "Aspect": "음량/음질",
        "SentimentText": "소리가 부드러워서 더 좋고",
        "SentimentWord": "4",
        "SentimentPolarity": "1"
      },
      {
        "Aspect": "디자인",
        "SentimentText": " 디자인도 이뻐 인테리어 효과도 있어 좋아요 ",
        "SentimentWord": "6",
        "SentimentPolarity": "1"
      },
      {
        "Aspect": "편의성",
        "SentimentText": "인테리어 효과도 있어 좋아요",
        "SentimentWord": "4",
        "SentimentPolarity": "1"
      }
    ]
  },
  {
    "Index": "4039",
    "RawText": "저렴한 가격에 구성품도 좋고 잘사용하고 있어요 추가 구성품으로 받은 서쿨레이트도 회전이 되더라고요 좋은 가격에 잘 구매했습니다",
    "Source": "SNS",
    "Domain": "가전",
    "MainCategory": "영상/음향가전",
    "ProductName": "(TV) EER FREE 블루투스 이어폰+추가구성(에어써큘레이터+핸디팬)",
    "ReviewScore": "100",
    "Syllable": "70",
    "Word": "16",
    "RDate": "20200611",
    "GeneralPolarity": "1",
    "Aspects": [
      {
        "Aspect": "가격",
        "SentimentText": "저렴한 가격에 구성품도 좋고 잘사용하고 있어요",
        "SentimentWord": "6",
        "SentimentPolarity": "1"
      },
      {
        "Aspect": "제품구성",
        "SentimentText": "구성품도 좋고 잘사용하고 있어요",
        "SentimentWord": "4",
        "SentimentPolarity": "1"
      },
      {
        "Aspect": "가격",
        "SentimentText": "좋은 가격에 잘 구매했습니다",
        "SentimentWord": "4",
        "SentimentPolarity": "1"
      }
    ]
  },
  {
    "Index": "4040",
    "RawText": "다 좋은데 사이즈 떄문에  착용시 넘 잘빠져 불만족 스럽습니다. 내 귀가 넘 큰가. 기능은 괜찮은것 같아 좋습니다.",
    "Source": "SNS",
    "Domain": "가전",
    "MainCategory": "영상/음향가전",
    "ProductName": "(TV_직매입) E.E.R FREE 블루투스 이어폰",
    "ReviewScore": "100",
    "Syllable": "64",
    "Word": "17",
    "RDate": "20191023",
    "GeneralPolarity": "0",
    "Aspects": [
      {
        "Aspect": "사이즈",
        "SentimentText": "다 좋은데 사이즈 떄문에  착용시 넘 잘빠져 불만족 스럽습니다.",
        "SentimentWord": "9",
        "SentimentPolarity": "-1"
      },
      {
        "Aspect": "기능",
        "SentimentText": "기능은 괜찮은것 같아 좋습니다.",
        "SentimentWord": "4",
        "SentimentPolarity": "1"
      }
    ]
  },
  {
    "Index": "4041",
    "RawText": "디자인 이쁘고 좋아요 . 재질도 좋아요  그런데 소리가 너무 작게 들려서 조금 아쉬워요",
    "Source": "SNS",
    "Domain": "가전",
    "MainCategory": "영상/음향가전",
    "ProductName": "(TV_직매입) E.E.R FREE 블루투스 이어폰",
    "ReviewScore": "100",
    "Syllable": "48",
    "Word": "13",
    "RDate": "20190827",
    "GeneralPolarity": "0",
    "Aspects": [
      {
        "Aspect": "디자인",
        "SentimentText": "디자인 이쁘고 좋아요 ",
        "SentimentWord": "3",
        "SentimentPolarity": "1"
      },
      {
        "Aspect": "소재",
        "SentimentText": "재질도 좋아요 ",
        "SentimentWord": "2",
        "SentimentPolarity": "1"
      },
      {
        "Aspect": "음량/음질",
        "SentimentText": "그런데 소리가 너무 작게 들려서 조금 아쉬워요",
        "SentimentWord": "7",
        "SentimentPolarity": "-1"
      }
    ]
  },
  {
    "Index": "4042",
    "RawText": "성인남자가 쓰기는 좋은데  귀가 좀 작으시거나 중학생 딸이 쓰니 자꾸 빠지네요 음향은 좋아요",
    "Source": "SNS",
    "Domain": "가전",
    "MainCategory": "영상/음향가전",
    "ProductName": "(TV_직매입) E.E.R FREE 블루투스 이어폰 1+1",
    "ReviewScore": "50",
    "Syllable": "51",
    "Word": "13",
    "RDate": "20191209",
    "Aspects": [
      {
        "Aspect": "사이즈",
        "SentimentText": "성인남자가 쓰기는 좋은데  귀가 좀 작으시거나 중학생 딸이 쓰니 자꾸 빠지네요",
        "SentimentWord": "11",
        "SentimentPolarity": "0"
      },
      {
        "Aspect": "음량/음질",
        "SentimentText": "음향은 좋아요",
        "SentimentWord": "2",
        "SentimentPolarity": "1"
      }
    ]
  },
  {
    "Index": "4043",
    "RawText": "소리고깨끗하게들려 좋고 한번충전으로오래사용하는것같기도해서 좋습니다",
    "Source": "SNS",
    "Domain": "가전",
    "MainCategory": "영상/음향가전",
    "ProductName": "(TV_직매입) E.E.R FREE 블루투스 이어폰 1+1",
    "ReviewScore": "100",
    "Syllable": "36",
    "Word": "4",
    "RDate": "20190924",
    "GeneralPolarity": "1",
    "Aspects": [
      {
        "Aspect": "음량/음질",
        "SentimentText": "소리고깨끗하게들려 좋고 ",
        "SentimentWord": "2",
        "SentimentPolarity": "1"
      },
      {
        "Aspect": "배터리",
        "SentimentText": " 한번충전으로오래사용하는것같기도해서 좋습니다",
        "SentimentWord": "2",
        "SentimentPolarity": "1"
      }
    ]
  },
  {
    "Index": "4044",
    "RawText": "작동방법도 쉽고 좋아요  음향 소리도 너무 좋고 귀에 쏙 들어가는 디자인 너무 맘에 듭니다",
    "Source": "SNS",
    "Domain": "가전",
    "MainCategory": "영상/음향가전",
    "ProductName": "(TV_직매입) E.E.R FREE 블루투스 이어폰 1+1",
    "ReviewScore": "80",
    "Syllable": "50",
    "Word": "14",
    "RDate": "20190925",
    "GeneralPolarity": "1",
    "Aspects": [
      {
        "Aspect": "조작성",
        "SentimentText": "작동방법도 쉽고 좋아요 ",
        "SentimentWord": "3",
        "SentimentPolarity": "1"
      },
      {
        "Aspect": "음량/음질",
        "SentimentText": " 음향 소리도 너무 좋고",
        "SentimentWord": "4",
        "SentimentPolarity": "1"
      },
      {
        "Aspect": "디자인",
        "SentimentText": "귀에 쏙 들어가는 디자인 너무 맘에 듭니다",
        "SentimentWord": "7",
        "SentimentPolarity": "1"
      }
    ]
  },
  {
    "Index": "4045",
    "RawText": "잘 사용하고 있습니다 하나는 아들한테  선물하니 음악듣기 편하다고 넘 좋아해서 기분이 좋았어요 음질도 좋고 갖고다니기 편해서 좋습니다",
    "Source": "SNS",
    "Domain": "가전",
    "MainCategory": "영상/음향가전",
    "ProductName": "(TV_직매입) E.E.R FREE 블루투스 이어폰 1+1",
    "ReviewScore": "100",
    "Syllable": "74",
    "Word": "17",
    "RDate": "20200213",
    "GeneralPolarity": "1",
    "Aspects": [
      {
        "Aspect": "편의성",
        "SentimentText": "아들한테  선물하니 음악듣기 편하다고 넘 좋아해서 기분이 좋았어요",
        "SentimentWord": "8",
        "SentimentPolarity": "1"
      },
      {
        "Aspect": "음량/음질",
        "SentimentText": "음질도 좋고",
        "SentimentWord": "2",
        "SentimentPolarity": "1"
      },
      {
        "Aspect": "편의성",
        "SentimentText": "갖고다니기 편해서 좋습니다",
        "SentimentWord": "3",
        "SentimentPolarity": "1"
      }
    ]
  },
  {
    "Index": "4046",
    "RawText": "방과 방사이로 멀어지면 끊겨 사용하기 불편하지만  음질 좋고 편해요~",
    "Source": "SNS",
    "Domain": "가전",
    "MainCategory": "영상/음향가전",
    "ProductName": "(신제품)끊김없는 블루투스이어폰/LED표시/가성비/장시간재생/무선/버스커",
    "ReviewScore": "100",
    "Syllable": "38",
    "Word": "9",
    "RDate": "20210819",
    "GeneralPolarity": "0",
    "Aspects": [
      {
        "Aspect": "편의성",
        "SentimentText": "방과 방사이로 멀어지면 끊겨 사용하기 불편하지만 ",
        "SentimentWord": "6",
        "SentimentPolarity": "-1"
      },
      {
        "Aspect": "음량/음질",
        "SentimentText": "음질 좋고 편해요~",
        "SentimentWord": "3",
        "SentimentPolarity": "1"
      }
    ]
  },
  {
    "Index": "4047",
    "RawText": "소리도 괜찮고 좋아요  한국말로 바로 들려서 번거롭지 않아 좋은거 같아요",
    "Source": "SNS",
    "Domain": "가전",
    "MainCategory": "영상/음향가전",
    "ProductName": "(신제품)끊김없는 블루투스이어폰/LED표시/가성비/장시간재생/무선/버스커",
    "ReviewScore": "100",
    "Syllable": "40",
    "Word": "10",
    "RDate": "20210927",
    "GeneralPolarity": "1",
    "Aspects": [
      {
        "Aspect": "음량/음질",
        "SentimentText": "소리도 괜찮고 좋아요",
        "SentimentWord": "3",
        "SentimentPolarity": "1"
      },
      {
        "Aspect": "편의성",
        "SentimentText": "한국말로 바로 들려서 번거롭지 않아 좋은거 같아요",
        "SentimentWord": "7",
        "SentimentPolarity": "1"
      }
    ]
  },
  {
    "Index": "4048",
    "RawText": "열면 자동 연결 되어서 좋아요~ 안내 멘트도 한국어라 좋네요~^^",
    "Source": "SNS",
    "Domain": "가전",
    "MainCategory": "영상/음향가전",
    "ProductName": "(신제품)끊김없는 블루투스이어폰/LED표시/가성비/장시간재생/무선/버스커",
    "ReviewScore": "100",
    "Syllable": "36",
    "Word": "9",
    "RDate": "20210827",
    "GeneralPolarity": "1",
    "Aspects": [
      {
        "Aspect": "편의성",
        "SentimentText": "열면 자동 연결 되어서 좋아요~",
        "SentimentWord": "5",
        "SentimentPolarity": "1"
      },
      {
        "Aspect": "편의성",
        "SentimentText": "안내 멘트도 한국어라 좋네요~^^",
        "SentimentWord": "4",
        "SentimentPolarity": "1"
      }
    ]
  },
  {
    "Index": "4049",
    "RawText": "좋네요~ 싼 가격에 구매해서 좋아요  사용하기도 편해서  만족합니다",
    "Source": "SNS",
    "Domain": "가전",
    "MainCategory": "영상/음향가전",
    "ProductName": "(신제품)끊김없는 블루투스이어폰/LED표시/가성비/장시간재생/무선/버스커",
    "ReviewScore": "100",
    "Syllable": "37",
    "Word": "8",
    "RDate": "20210823",
    "GeneralPolarity": "1",
    "Aspects": [
      {
        "Aspect": "가격",
        "SentimentText": "싼 가격에 구매해서 좋아요 ",
        "SentimentWord": "4",
        "SentimentPolarity": "1"
      },
      {
        "Aspect": "편의성",
        "SentimentText": "사용하기도 편해서  만족합니다",
        "SentimentWord": "3",
        "SentimentPolarity": "1"
      }
    ]
  },
  {
    "Index": "4050",
    "RawText": "좋은 가격에 잘 구매해서 만족하고있어요~ 착용감이 편하고 사용하기도 좋아 만족합니다.",
    "Source": "SNS",
    "Domain": "가전",
    "MainCategory": "영상/음향가전",
    "ProductName": "(신제품)끊김없는 블루투스이어폰/LED표시/가성비/장시간재생/무선/버스커",
    "ReviewScore": "100",
    "Syllable": "47",
    "Word": "10",
    "RDate": "20210823",
    "GeneralPolarity": "1",
    "Aspects": [
      {
        "Aspect": "가격",
        "SentimentText": "좋은 가격에 잘 구매해서 만족하고있어요~",
        "SentimentWord": "5",
        "SentimentPolarity": "1"
      },
      {
        "Aspect": "편의성",
        "SentimentText": "착용감이 편하고 사용하기도 좋아 만족합니다.",
        "SentimentWord": "5",
        "SentimentPolarity": "1"
      }
    ]
  },
  {
    "Index": "4051",
    "RawText": "광고에는 귀에서 안빠진다는데 꽉껴도 두번이나빠져 다시 끼울 정도로 불편합니다 3번째는 분실 찾을수가없음 역시 광고는 광고구나 하는 생각이 절실하게 늦겨지면서 후회해요  기능면에서는 제일좋은것같아 만족 합니다  잊어버려 아까움ᆢㅠ",
    "Source": "SNS",
    "Domain": "가전",
    "MainCategory": "영상/음향가전",
    "ProductName": "(초특가_직택배) E.E.R FREE 블루투스 이어폰",
    "ReviewScore": "40",
    "Syllable": "127",
    "Word": "26",
    "RDate": "20190723",
    "Aspects": [
      {
        "Aspect": "편의성",
        "SentimentText": "광고에는 귀에서 안빠진다는데 꽉껴도 두번이나빠져 다시 끼울 정도로 불편합니다",
        "SentimentWord": "9",
        "SentimentPolarity": "-1"
      },
      {
        "Aspect": "기능",
        "SentimentText": "기능면에서는 제일좋은것같아 만족 합니다 ",
        "SentimentWord": "4",
        "SentimentPolarity": "1"
      }
    ]
  },
  {
    "Index": "4052",
    "RawText": "배송도빠르고 좋아요 음질도만족합니다 싸게사서좋네요",
    "Source": "SNS",
    "Domain": "가전",
    "MainCategory": "영상/음향가전",
    "ProductName": "(초특가_직택배) E.E.R FREE 블루투스 이어폰",
    "ReviewScore": "100",
    "Syllable": "27",
    "Word": "4",
    "RDate": "20191213",
    "Aspects": [
      {
        "Aspect": "음량/음질",
        "SentimentText": " 음질도만족합니다",
        "SentimentWord": "1",
        "SentimentPolarity": "1"
      },
      {
        "Aspect": "가격",
        "SentimentText": "싸게사서좋네요",
        "SentimentWord": "1",
        "SentimentPolarity": "1"
      }
    ]
  },
  {
    "Index": "4053",
    "RawText": "소리도 깔끔하게 들려서 좋고 장시간 써도 귀에 편하고 불편하지 않아 더 만족합니다  게다가 연결방법도 간단하니 여러모로 잘 산것 같아요",
    "Source": "SNS",
    "Domain": "가전",
    "MainCategory": "영상/음향가전",
    "ProductName": "(초특가_직택배) E.E.R FREE 블루투스 이어폰",
    "ReviewScore": "100",
    "Syllable": "75",
    "Word": "19",
    "RDate": "20190806",
    "GeneralPolarity": "1",
    "Aspects": [
      {
        "Aspect": "소음",
        "SentimentText": "소리도 깔끔하게 들려서 좋고",
        "SentimentWord": "4",
        "SentimentPolarity": "1"
      },
      {
        "Aspect": "편의성",
        "SentimentText": "장시간 써도 귀에 편하고 불편하지 않아 더 만족합니다",
        "SentimentWord": "8",
        "SentimentPolarity": "1"
      },
      {
        "Aspect": "조작성",
        "SentimentText": "게다가 연결방법도 간단하니 여러모로 잘 산것 같아요",
        "SentimentWord": "7",
        "SentimentPolarity": "1"
      }
    ]
  },
  {
    "Index": "4054",
    "RawText": "저렴하게 1+1 구매했습니다 딸이랑 같이 쓰려구요 딸도 저도 만족합니다 음질 깨끗해서 좋고 쓰기 편하고 연결도 쉬워서 좋아요",
    "Source": "SNS",
    "Domain": "가전",
    "MainCategory": "영상/음향가전",
    "ProductName": "(초특가_직택배) E.E.R FREE 블루투스 이어폰 1+1",
    "ReviewScore": "100",
    "Syllable": "69",
    "Word": "17",
    "RDate": "20190731",
    "GeneralPolarity": "1",
    "Aspects": [
      {
        "Aspect": "가격",
        "SentimentText": "저렴하게 1+1 구매했습니다 딸이랑 같이 쓰려구요 딸도 저도 만족합니다",
        "SentimentWord": "9",
        "SentimentPolarity": "1"
      },
      {
        "Aspect": "음량/음질",
        "SentimentText": "음질 깨끗해서 좋고",
        "SentimentWord": "3",
        "SentimentPolarity": "1"
      },
      {
        "Aspect": "편의성",
        "SentimentText": "쓰기 편하고 연결도 쉬워서 좋아요",
        "SentimentWord": "5",
        "SentimentPolarity": "1"
      }
    ]
  },
  {
    "Index": "4055",
    "RawText": "저렴하게 1+1이라 아는지인분이랑 친언니에게 각각하나씩 선물하였더니 잘쓰고있다고 하니 기분이 좋았어요 가벼워서 좋고  충전시간도 짧아  좋습니다  음악듣기에 아주좋다고합니다.하지만 다른 블루투스처럼 통화할때는 잡음이들려서 통화는 좀 아쉽다고 그러네요",
    "Source": "SNS",
    "Domain": "가전",
    "MainCategory": "영상/음향가전",
    "ProductName": "(초특가_직택배) E.E.R FREE 블루투스 이어폰 1+1",
    "ReviewScore": "60",
    "Syllable": "139",
    "Word": "25",
    "RDate": "20191009",
    "GeneralPolarity": "1",
    "Aspects": [
      {
        "Aspect": "가격",
        "SentimentText": "저렴하게 1+1이라 아는지인분이랑 친언니에게 각각하나씩 선물하였더니 잘쓰고있다고 하니 기분이 좋았어요",
        "SentimentWord": "10",
        "SentimentPolarity": "1"
      },
      {
        "Aspect": "무게",
        "SentimentText": " 가벼워서 좋고 ",
        "SentimentWord": "2",
        "SentimentPolarity": "1"
      },
      {
        "Aspect": "배터리",
        "SentimentText": "충전시간도 짧아  좋습니다",
        "SentimentWord": "3",
        "SentimentPolarity": "1"
      },
      {
        "Aspect": "편의성",
        "SentimentText": "음악듣기에 아주좋다고합니다",
        "SentimentWord": "2",
        "SentimentPolarity": "1"
      },
      {
        "Aspect": "소음",
        "SentimentText": "하지만 다른 블루투스처럼 통화할때는 잡음이들려서 통화는 좀 아쉽다고 그러네요",
        "SentimentWord": "9",
        "SentimentPolarity": "0"
      }
    ]
  },
  {
    "Index": "4056",
    "RawText": "가성비 최고에요. 음질도 좋고 통화음도 괜찮아 만족 스럽네요",
    "Source": "SNS",
    "Domain": "가전",
    "MainCategory": "영상/음향가전",
    "ProductName": "(초특가_직택배) E.E.R FREE 블루투스 이어폰 1+1",
    "ReviewScore": "100",
    "Syllable": "33",
    "Word": "8",
    "RDate": "20191009",
    "GeneralPolarity": "1",
    "Aspects": [
      {
        "Aspect": "가격",
        "SentimentText": "가성비 최고에요.",
        "SentimentWord": "2",
        "SentimentPolarity": "1"
      },
      {
        "Aspect": "음량/음질",
        "SentimentText": "음질도 좋고 통화음도 괜찮아 만족 스럽네요",
        "SentimentWord": "6",
        "SentimentPolarity": "1"
      }
    ]
  },
  {
    "Index": "4057",
    "RawText": "배송도 빠르고 좋아요 ,   1+1 구성이라 가격이 마음에 드네요  상품의 성능이 좋습니다. 잘 사용할께요. 대박나세요.",
    "Source": "SNS",
    "Domain": "가전",
    "MainCategory": "영상/음향가전",
    "ProductName": "(초특가_직택배) E.E.R FREE 블루투스 이어폰 1+1",
    "ReviewScore": "100",
    "Syllable": "67",
    "Word": "15",
    "RDate": "20191006",
    "Aspects": [
      {
        "Aspect": "가격",
        "SentimentText": "1+1 구성이라 가격이 마음에 드네요",
        "SentimentWord": "5",
        "SentimentPolarity": "1"
      },
      {
        "Aspect": "기능",
        "SentimentText": " 상품의 성능이 좋습니다.",
        "SentimentWord": "3",
        "SentimentPolarity": "1"
      }
    ]
  },
  {
    "Index": "4058",
    "RawText": "볼륨을최고로높여도소리가다른타상품에비해좋지않고한번씩이어폰연결이완전히끊어짐이 있어 불편 합니다",
    "Source": "SNS",
    "Domain": "가전",
    "MainCategory": "영상/음향가전",
    "ProductName": "(초특가_직택배) E.E.R FREE 블루투스 이어폰 1+1",
    "ReviewScore": "20",
    "Syllable": "50",
    "Word": "4",
    "RDate": "20190607",
    "GeneralPolarity": "-1",
    "Aspects": [
      {
        "Aspect": "음량/음질",
        "SentimentText": "볼륨을최고로높여도소리가다른타상품에비해좋지않고",
        "SentimentWord": "1",
        "SentimentPolarity": "-1"
      },
      {
        "Aspect": "품질",
        "SentimentText": "한번씩이어폰연결이완전히끊어짐이 있어 불편 합니다 ",
        "SentimentWord": "4",
        "SentimentPolarity": "-1"
      }
    ]
  },
  {
    "Index": "4059",
    "RawText": "사용하기편리하고 좋은데 소리도괜찮아 듣기 좋은데 사이즈 떄문에 귀에서자꾸빠져 불편해요",
    "Source": "SNS",
    "Domain": "가전",
    "MainCategory": "영상/음향가전",
    "ProductName": "(초특가_직택배) E.E.R FREE 블루투스 이어폰 1+1",
    "ReviewScore": "100",
    "Syllable": "47",
    "Word": "9",
    "RDate": "20190804",
    "GeneralPolarity": "0",
    "Aspects": [
      {
        "Aspect": "편의성",
        "SentimentText": "사용하기편리하고 좋은데 ",
        "SentimentWord": "2",
        "SentimentPolarity": "1"
      },
      {
        "Aspect": "음량/음질",
        "SentimentText": " 소리도괜찮아 듣기 좋은데",
        "SentimentWord": "3",
        "SentimentPolarity": "1"
      },
      {
        "Aspect": "사이즈",
        "SentimentText": "사이즈 떄문에 귀에서자꾸빠져 불편해요",
        "SentimentWord": "4",
        "SentimentPolarity": "-1"
      }
    ]
  },
  {
    "Index": "4060",
    "RawText": "소리 잘 들려 사용하기 좋아요  한번 완충하면 꽤 오래 사용할수 있어 좋아요 휴대도 간편하게 할수 있어 만족합니다",
    "Source": "SNS",
    "Domain": "가전",
    "MainCategory": "영상/음향가전",
    "ProductName": "(초특가_직택배) E.E.R FREE 블루투스 이어폰 1+1",
    "ReviewScore": "100",
    "Syllable": "63",
    "Word": "17",
    "RDate": "20190709",
    "GeneralPolarity": "1",
    "Aspects": [
      {
        "Aspect": "음량/음질",
        "SentimentText": "소리 잘 들려 사용하기 좋아요",
        "SentimentWord": "5",
        "SentimentPolarity": "1"
      },
      {
        "Aspect": "배터리",
        "SentimentText": "한번 완충하면 꽤 오래 사용할수 있어 좋아요",
        "SentimentWord": "7",
        "SentimentPolarity": "1"
      },
      {
        "Aspect": "편의성",
        "SentimentText": "휴대도 간편하게 할수 있어 만족합니다 ",
        "SentimentWord": "5",
        "SentimentPolarity": "1"
      }
    ]
  },
  {
    "Index": "4061",
    "RawText": "소리가 거의 들리지않아 불편하고  잡음이 심하여 사용하지않고 있어요 불만족 스럽워요  개선해야될것  같고  가격대비 불만족 스럽고 품질이 너무 않 좋습니다",
    "Source": "SNS",
    "Domain": "가전",
    "MainCategory": "영상/음향가전",
    "ProductName": "(초특가_직택배) E.E.R FREE 블루투스 이어폰 1+1",
    "ReviewScore": "10",
    "Syllable": "86",
    "Word": "19",
    "RDate": "20191120",
    "GeneralPolarity": "-1",
    "Aspects": [
      {
        "Aspect": "음량/음질",
        "SentimentText": "소리가 거의 들리지않아 불편하고 ",
        "SentimentWord": "4",
        "SentimentPolarity": "-1"
      },
      {
        "Aspect": "소음",
        "SentimentText": "잡음이 심하여 사용하지않고 있어요 불만족 스럽워요",
        "SentimentWord": "6",
        "SentimentPolarity": "-1"
      },
      {
        "Aspect": "가격",
        "SentimentText": "가격대비 불만족 스럽고",
        "SentimentWord": "3",
        "SentimentPolarity": "-1"
      },
      {
        "Aspect": "품질",
        "SentimentText": "품질이 너무 않 좋습니다",
        "SentimentWord": "4",
        "SentimentPolarity": "-1"
      }
    ]
  },
  {
    "Index": "4062",
    "RawText": "소리 음량이 마음에 들어 좋아요  장치는 맘에드는데좋은데... 블루투스 자제 소리조절 버튼이 없어서 너무 아쉽네요...",
    "Source": "SNS",
    "Domain": "가전",
    "MainCategory": "영상/음향가전",
    "ProductName": "(초특가_직택배) E.E.R FREE 블루투스 이어폰 1+1",
    "ReviewScore": "40",
    "Syllable": "66",
    "Word": "14",
    "RDate": "20190622",
    "GeneralPolarity": "0",
    "Aspects": [
      {
        "Aspect": "음량/음질",
        "SentimentText": "소리 음량이 마음에 들어 좋아요",
        "SentimentWord": "5",
        "SentimentPolarity": "1"
      },
      {
        "Aspect": "품질",
        "SentimentText": "장치는 맘에드는데좋은데",
        "SentimentWord": "2",
        "SentimentPolarity": "1"
      },
      {
        "Aspect": "조작성",
        "SentimentText": "블루투스 자제 소리조절 버튼이 없어서 너무 아쉽네요...",
        "SentimentWord": "7",
        "SentimentPolarity": "-1"
      }
    ]
  },
  {
    "Index": "4063",
    "RawText": "싼게 비지떡 이란말을 이럴때 사용하나 본니다. 짜증나서 사용 안하고 있네요  상대방이 제목소리 안들려서 난처 했습니다. 소리도 조금해서 불편하고 전화받을때도 터치꾹~~눌러야 해서 짜증나네요.",
    "Source": "SNS",
    "Domain": "가전",
    "MainCategory": "영상/음향가전",
    "ProductName": "(초특가_직택배) E.E.R FREE 블루투스 이어폰 1+1",
    "ReviewScore": "100",
    "Syllable": "106",
    "Word": "22",
    "RDate": "20191031",
    "GeneralPolarity": "-1",
    "Aspects": [
      {
        "Aspect": "가격",
        "SentimentText": "싼게 비지떡 이란말을 이럴때 사용하나 본니다. 짜증나서 사용 안하고 있네요",
        "SentimentWord": "10",
        "SentimentPolarity": "-1"
      },
      {
        "Aspect": "음량/음질",
        "SentimentText": "소리도 조금해서 불편하고",
        "SentimentWord": "3",
        "SentimentPolarity": "-1"
      },
      {
        "Aspect": "조작성",
        "SentimentText": " 전화받을때도 터치꾹~~눌러야 해서 짜증나네요.",
        "SentimentWord": "4",
        "SentimentPolarity": "-1"
      }
    ]
  },
  {
    "Index": "4064",
    "RawText": "좋은 가격에 여직원과  나눠쓰려고 구매 했어요‥ 사용하기 편하고 좋아요",
    "Source": "SNS",
    "Domain": "가전",
    "MainCategory": "영상/음향가전",
    "ProductName": "(초특가_직택배) E.E.R FREE 블루투스 이어폰 1+1",
    "ReviewScore": "100",
    "Syllable": "39",
    "Word": "9",
    "RDate": "20190720",
    "GeneralPolarity": "1",
    "Aspects": [
      {
        "Aspect": "가격",
        "SentimentText": "좋은 가격에 여직원과  나눠쓰려고 구매 했어요",
        "SentimentWord": "6",
        "SentimentPolarity": "1"
      },
      {
        "Aspect": "편의성",
        "SentimentText": "사용하기 편하고 좋아요",
        "SentimentWord": "3",
        "SentimentPolarity": "1"
      }
    ]
  },
  {
    "Index": "4065",
    "RawText": "욕실에서 통화하는 느낌처럼   잘안들린다고 해서 불편합니다. 소리가 답답해요",
    "Source": "SNS",
    "Domain": "가전",
    "MainCategory": "영상/음향가전",
    "ProductName": "(초특가_직택배) E.E.R FREE 블루투스 이어폰 1+1",
    "ReviewScore": "20",
    "Syllable": "42",
    "Word": "8",
    "RDate": "20191005",
    "GeneralPolarity": "-1",
    "Aspects": [
      {
        "Aspect": "음량/음질",
        "SentimentText": "욕실에서 통화하는 느낌처럼   잘안들린다고 해서 불편합니다",
        "SentimentWord": "6",
        "SentimentPolarity": "-1"
      },
      {
        "Aspect": "음량/음질",
        "SentimentText": "소리가 답답해요",
        "SentimentWord": "2",
        "SentimentPolarity": "-1"
      }
    ]
  },
  {
    "Index": "4066",
    "RawText": "움직여도 흔들리지 안고 귀에딱맞아 좋아요 5.0 이라 수신도 좋고 음질도 괞찮아요",
    "Source": "SNS",
    "Domain": "가전",
    "MainCategory": "영상/음향가전",
    "ProductName": "(초특가_직택배) E.E.R FREE 블루투스 이어폰 1+1",
    "ReviewScore": "100",
    "Syllable": "45",
    "Word": "11",
    "RDate": "20190720",
    "GeneralPolarity": "1",
    "Aspects": [
      {
        "Aspect": "사이즈",
        "SentimentText": "움직여도 흔들리지 안고 귀에딱맞아 좋아요",
        "SentimentWord": "5",
        "SentimentPolarity": "1"
      },
      {
        "Aspect": "음량/음질",
        "SentimentText": "5.0 이라 수신도 좋고 음질도 괞찮아요",
        "SentimentWord": "6",
        "SentimentPolarity": "1"
      }
    ]
  },
  {
    "Index": "4067",
    "RawText": "잘 사용은 하고 있는되 귀에서 잘빠지는거 같아요 움직이면요 귀에 꼬는게 더 작은걸 피로 할듯해요 ㅠ.ㅠ",
    "Source": "SNS",
    "Domain": "가전",
    "MainCategory": "영상/음향가전",
    "ProductName": "(초특가_직택배) E.E.R FREE 블루투스 이어폰 1+1",
    "ReviewScore": "100",
    "Syllable": "57",
    "Word": "15",
    "RDate": "20190816",
    "GeneralPolarity": "-1",
    "Aspects": [
      {
        "Aspect": "사이즈",
        "SentimentText": "잘 사용은 하고 있는되 귀에서 잘빠지는거 같아요 움직이면요 ",
        "SentimentWord": "8",
        "SentimentPolarity": "-1"
      },
      {
        "Aspect": "사이즈",
        "SentimentText": "귀에 꼬는게 더 작은걸 피로 할듯해요 ㅠ.ㅠ",
        "SentimentWord": "7",
        "SentimentPolarity": "-1"
      }
    ]
  },
  {
    "Index": "4068",
    "RawText": "터치누르는게  살짝 불편한게 없지않아있긴한데  음향잘들리고   사용편해서 좋아요 쿠폰사용해  저렴하게 잘사용하고 있어요~~",
    "Source": "SNS",
    "Domain": "가전",
    "MainCategory": "영상/음향가전",
    "ProductName": "(초특가_직택배) E.E.R FREE 블루투스 이어폰 1+1",
    "ReviewScore": "100",
    "Syllable": "68",
    "Word": "11",
    "RDate": "20190722",
    "GeneralPolarity": "1",
    "Aspects": [
      {
        "Aspect": "편의성",
        "SentimentText": "터치누르는게  살짝 불편한게 없지않아있긴한데",
        "SentimentWord": "4",
        "SentimentPolarity": "-1"
      },
      {
        "Aspect": "음량/음질",
        "SentimentText": "음향잘들리고   사용편해서 좋아요",
        "SentimentWord": "3",
        "SentimentPolarity": "1"
      },
      {
        "Aspect": "가격",
        "SentimentText": "쿠폰사용해  저렴하게 잘사용하고 있어요~~",
        "SentimentWord": "4",
        "SentimentPolarity": "1"
      }
    ]
  },
  {
    "Index": "4069",
    "RawText": "통화음질 좋고요, 음악재생도 좋습니다.어느하나 가격생각하면 나쁘지 않습니다~ 추천!!",
    "Source": "SNS",
    "Domain": "가전",
    "MainCategory": "영상/음향가전",
    "ProductName": "(초특가_직택배) E.E.R FREE 블루투스 이어폰 1+1",
    "ReviewScore": "100",
    "Syllable": "47",
    "Word": "8",
    "RDate": "20190707",
    "GeneralPolarity": "1",
    "Aspects": [
      {
        "Aspect": "음량/음질",
        "SentimentText": "통화음질 좋고요",
        "SentimentWord": "2",
        "SentimentPolarity": "1"
      },
      {
        "Aspect": "기능",
        "SentimentText": " 음악재생도 좋습니다.",
        "SentimentWord": "2",
        "SentimentPolarity": "1"
      },
      {
        "Aspect": "가격",
        "SentimentText": "어느하나 가격생각하면 나쁘지 않습니다~ 추천!!",
        "SentimentWord": "5",
        "SentimentPolarity": "1"
      }
    ]
  },
  {
    "Index": "4070",
    "RawText": "가성비 최고!  수령 후 사용해보니 성능도 짱!  주위에 추천할만한 상품임..",
    "Source": "SNS",
    "Domain": "가전",
    "MainCategory": "영상/음향가전",
    "ProductName": "*디셈 TWS 무선 이어폰 SBT-S150",
    "ReviewScore": "100",
    "Syllable": "43",
    "Word": "10",
    "RDate": "20211007",
    "GeneralPolarity": "1",
    "Aspects": [
      {
        "Aspect": "가격",
        "SentimentText": "가성비 최고! ",
        "SentimentWord": "2",
        "SentimentPolarity": "1"
      },
      {
        "Aspect": "기능",
        "SentimentText": "수령 후 사용해보니 성능도 짱! ",
        "SentimentWord": "5",
        "SentimentPolarity": "1"
      },
      {
        "Aspect": "품질",
        "SentimentText": "주위에 추천할만한 상품임..",
        "SentimentWord": "3",
        "SentimentPolarity": "1"
      }
    ]
  },
  {
    "Index": "4071",
    "RawText": "소리도 좋고 가격도 괜찮네요 블루토스 연결도 잘되네요",
    "Source": "SNS",
    "Domain": "가전",
    "MainCategory": "영상/음향가전",
    "ProductName": "*디셈 TWS 무선 이어폰 SBT-S150",
    "ReviewScore": "100",
    "Syllable": "29",
    "Word": "7",
    "RDate": "20211219",
    "Aspects": [
      {
        "Aspect": "음량/음질",
        "SentimentText": "소리도 좋고",
        "SentimentWord": "2",
        "SentimentPolarity": "1"
      },
      {
        "Aspect": "가격",
        "SentimentText": "가격도 괜찮네요",
        "SentimentWord": "2",
        "SentimentPolarity": "1"
      },
      {
        "Aspect": "기능",
        "SentimentText": "블루토스 연결도 잘되네요",
        "SentimentWord": "3",
        "SentimentPolarity": "1"
      }
    ]
  },
  {
    "Index": "4072",
    "RawText": "저는 터치를 잘못 하는지  한번 두번이  구분되지 않는지  작동법이 어려워요    소리크고 또렷해서 좋은편인데  10m벗어나면 끈겨 불편합니다",
    "Source": "SNS",
    "Domain": "가전",
    "MainCategory": "영상/음향가전",
    "ProductName": "*디셈 TWS 무선 이어폰 SBT-S150",
    "ReviewScore": "80",
    "Syllable": "79",
    "Word": "16",
    "RDate": "20220211",
    "GeneralPolarity": "-1",
    "Aspects": [
      {
        "Aspect": "조작성",
        "SentimentText": "저는 터치를 잘못 하는지  한번 두번이  구분되지 않는지  작동법이 어려워요  ",
        "SentimentWord": "10",
        "SentimentPolarity": "-1"
      },
      {
        "Aspect": "음량/음질",
        "SentimentText": "소리크고 또렷해서 좋은편인데",
        "SentimentWord": "3",
        "SentimentPolarity": "1"
      },
      {
        "Aspect": "편의성",
        "SentimentText": " 10m벗어나면 끈겨 불편합니다",
        "SentimentWord": "3",
        "SentimentPolarity": "-1"
      }
    ]
  },
  {
    "Index": "4073",
    "RawText": "페어링도 바로 되고 사용하기 쉬워요 충전핀도 휴대폰이랑 똑같아서 편리함",
    "Source": "SNS",
    "Domain": "가전",
    "MainCategory": "영상/음향가전",
    "ProductName": "*디셈 TWS 무선 이어폰 SBT-S150",
    "ReviewScore": "100",
    "Syllable": "39",
    "Word": "9",
    "RDate": "20211218",
    "GeneralPolarity": "1",
    "Aspects": [
      {
        "Aspect": "편의성",
        "SentimentText": "페어링도 바로 되고 사용하기 쉬워요",
        "SentimentWord": "5",
        "SentimentPolarity": "1"
      },
      {
        "Aspect": "편의성",
        "SentimentText": " 충전핀도 휴대폰이랑 똑같아서 편리함",
        "SentimentWord": "4",
        "SentimentPolarity": "1"
      }
    ]
  },
  {
    "Index": "4074",
    "RawText": "페어링도 잘되 좋아요 음질이 괜찮은  블루투스 이어폰이라 만족함. 가격도 싸서 가성비가 좋아요.",
    "Source": "SNS",
    "Domain": "가전",
    "MainCategory": "영상/음향가전",
    "ProductName": "*디셈 TWS 무선 이어폰 SBT-S150",
    "ReviewScore": "100",
    "Syllable": "53",
    "Word": "12",
    "RDate": "20220107",
    "Aspects": [
      {
        "Aspect": "기능",
        "SentimentText": "페어링도 잘되 좋아요",
        "SentimentWord": "3",
        "SentimentPolarity": "1"
      },
      {
        "Aspect": "음량/음질",
        "SentimentText": "음질이 괜찮은  블루투스 이어폰이라 만족함.",
        "SentimentWord": "5",
        "SentimentPolarity": "1"
      },
      {
        "Aspect": "가격",
        "SentimentText": "가격도 싸서 가성비가 좋아요.",
        "SentimentWord": "4",
        "SentimentPolarity": "1"
      }
    ]
  },
  {
    "Index": "4075",
    "RawText": "좋아요 귀 안아프고 음질도 좋고 사이즈도 좋습니다.",
    "Source": "SNS",
    "Domain": "가전",
    "MainCategory": "영상/음향가전",
    "ProductName": "[애플] 정품 에어팟 프로 노이즈 캔슬링 MWP22KH/A",
    "ReviewScore": "100",
    "Syllable": "28",
    "Word": "7",
    "RDate": "20210821",
    "GeneralPolarity": "1",
    "Aspects": [
      {
        "Aspect": "편의성",
        "SentimentText": "좋아요 귀 안아프고",
        "SentimentWord": "3",
        "SentimentPolarity": "1"
      },
      {
        "Aspect": "음량/음질",
        "SentimentText": "음질도 좋고",
        "SentimentWord": "2",
        "SentimentPolarity": "1"
      },
      {
        "Aspect": "사이즈",
        "SentimentText": "사이즈도 좋습니다.",
        "SentimentWord": "2",
        "SentimentPolarity": "1"
      }
    ]
  },
  {
    "Index": "4076",
    "RawText": "디자인 좋고, 음질 굿.거기에 가성비 까지~ 최고의 무선 이어폰.",
    "Source": "SNS",
    "Domain": "가전",
    "MainCategory": "영상/음향가전",
    "ProductName": "ATHENA Beat 무선이어폰/에어팟/에어팟디자인/블루투스 이어폰",
    "ReviewScore": "100",
    "Syllable": "36",
    "Word": "9",
    "RDate": "20190406",
    "GeneralPolarity": "1",
    "Aspects": [
      {
        "Aspect": "디자인",
        "SentimentText": "디자인 좋고,",
        "SentimentWord": "2",
        "SentimentPolarity": "1"
      },
      {
        "Aspect": "음량/음질",
        "SentimentText": "음질 굿.",
        "SentimentWord": "2",
        "SentimentPolarity": "1"
      },
      {
        "Aspect": "가격",
        "SentimentText": "거기에 가성비 까지~",
        "SentimentWord": "3",
        "SentimentPolarity": "1"
      }
    ]
  },
  {
    "Index": "4077",
    "RawText": "생각보다 음악 음질도  개안네요 통화도 나름 개안아요 아직 다써봐야 알겠지만 가격치곤 괜찮아요~",
    "Source": "SNS",
    "Domain": "가전",
    "MainCategory": "영상/음향가전",
    "ProductName": "ATHENA Beat 무선이어폰/에어팟/에어팟디자인/블루투스 이어폰",
    "ReviewScore": "100",
    "Syllable": "53",
    "Word": "12",
    "RDate": "20190917",
    "GeneralPolarity": "1",
    "Aspects": [
      {
        "Aspect": "음량/음질",
        "SentimentText": "생각보다 음악 음질도  개안네요",
        "SentimentWord": "4",
        "SentimentPolarity": "1"
      },
      {
        "Aspect": "기능",
        "SentimentText": "통화도 나름 개안아요 아직 다써봐야 알겠지만",
        "SentimentWord": "6",
        "SentimentPolarity": "1"
      },
      {
        "Aspect": "가격",
        "SentimentText": "가격치곤 괜찮아요~",
        "SentimentWord": "2",
        "SentimentPolarity": "1"
      }
    ]
  },
  {
    "Index": "4078",
    "RawText": "소리가 너무 좋네요 충전후 배터리 사용시간이 충분합니다",
    "Source": "SNS",
    "Domain": "가전",
    "MainCategory": "영상/음향가전",
    "ProductName": "ATHENA Beat 무선이어폰/에어팟/에어팟디자인/블루투스 이어폰",
    "ReviewScore": "80",
    "Syllable": "30",
    "Word": "7",
    "RDate": "20190606",
    "GeneralPolarity": "1",
    "Aspects": [
      {
        "Aspect": "음량/음질",
        "SentimentText": "소리가 너무 좋네요",
        "SentimentWord": "3",
        "SentimentPolarity": "1"
      },
      {
        "Aspect": "배터리",
        "SentimentText": "충전후 배터리 사용시간이 충분합니다",
        "SentimentWord": "4",
        "SentimentPolarity": "0"
      }
    ]
  },
  {
    "Index": "4079",
    "RawText": "제품은 잘 사용하고 있어요.음질도 괜찮고 가격대비 그런대로 괜찮은데 통화음질은 좋지않네요.그냥 음악만 듣을만 합니다.",
    "Source": "SNS",
    "Domain": "가전",
    "MainCategory": "영상/음향가전",
    "ProductName": "ATHENA Beat 무선이어폰/에어팟/에어팟디자인/블루투스 이어폰",
    "ReviewScore": "60",
    "Syllable": "65",
    "Word": "13",
    "RDate": "20190916",
    "GeneralPolarity": "0",
    "Aspects": [
      {
        "Aspect": "음량/음질",
        "SentimentText": "음질도 괜찮고 ",
        "SentimentWord": "2",
        "SentimentPolarity": "1"
      },
      {
        "Aspect": "가격",
        "SentimentText": "가격대비 그런대로 괜찮은데",
        "SentimentWord": "3",
        "SentimentPolarity": "1"
      },
      {
        "Aspect": "음량/음질",
        "SentimentText": "통화음질은 좋지않네요.그냥 음악만 듣을만 합니다.",
        "SentimentWord": "5",
        "SentimentPolarity": "-1"
      }
    ]
  },
  {
    "Index": "4080",
    "RawText": "제품 인지도에대한 신뢰가 있어 가격은 그냥 괜찮은데 무주건 구매햇는데~~사용감 만족도는 영 불만족 스럽습니다.~~~ 일단 착용할시 불편하고 한번에 착용되지도 않고 몇번의 손을 대야하는 통화시 음질도 OOO인데 사운드의 명성이? ? 처음 이라는 감안을 하고  음악감상은 나름 괜찮아 반품하기엔 제품을 오픈해버렸으니 ㅡㅡ ",
    "Source": "SNS",
    "Domain": "가전",
    "MainCategory": "영상/음향가전",
    "ProductName": "JBL Free X 블루투스 이어폰",
    "ReviewScore": "60",
    "Syllable": "178",
    "Word": "39",
    "RDate": "20190417",
    "Aspects": [
      {
        "Aspect": "가격",
        "SentimentText": "가격은 그냥 괜찮은데",
        "SentimentWord": "3",
        "SentimentPolarity": "0"
      },
      {
        "Aspect": "편의성",
        "SentimentText": "사용감 만족도는 영 불만족 스럽습니다",
        "SentimentWord": "5",
        "SentimentPolarity": "-1"
      },
      {
        "Aspect": "편의성",
        "SentimentText": "일단 착용할시 불편하고 한번에 착용되지도 않고",
        "SentimentWord": "6",
        "SentimentPolarity": "-1"
      },
      {
        "Aspect": "음량/음질",
        "SentimentText": "몇번의 손을 대야하는 통화시 음질도 OOO인데 사운드의 명성이? ? 처음 이라는 감안을 하고  음악감상은 나름 괜찮아",
        "SentimentWord": "16",
        "SentimentPolarity": "-1"
      }
    ]
  },
  {
    "Index": "4081",
    "RawText": "크기가 약간 커서 종 그렇고, 사용설명서가 모두 영어로 되어 있어서 불만이네요.",
    "Source": "SNS",
    "Domain": "가전",
    "MainCategory": "영상/음향가전",
    "ProductName": "JBL Free X 블루투스 이어폰(1+1)",
    "ReviewScore": "60",
    "Syllable": "44",
    "Word": "11",
    "RDate": "20190416",
    "GeneralPolarity": "-1",
    "Aspects": [
      {
        "Aspect": "사이즈",
        "SentimentText": "크기가 약간 커서 종 그렇고",
        "SentimentWord": "5",
        "SentimentPolarity": "0"
      },
      {
        "Aspect": "제품구성",
        "SentimentText": "사용설명서가 모두 영어로 되어 있어서 불만이네요.",
        "SentimentWord": "6",
        "SentimentPolarity": "-1"
      }
    ]
  },
  {
    "Index": "4082",
    "RawText": "택배로 온게 아니라 개인이 직접 납품해주신듯요.. 안전하게 배송 잘 와서 좋았구요.. oo이면 사운드 유명한 곳이죠 제품 음질이 너무너무 좋으네요..",
    "Source": "SNS",
    "Domain": "가전",
    "MainCategory": "영상/음향가전",
    "ProductName": "JBL Free X 블루투스 이어폰(1+1)",
    "ReviewScore": "100",
    "Syllable": "83",
    "Word": "19",
    "RDate": "20190415",
    "Aspects": [
      {
        "Aspect": "음량/음질",
        "SentimentText": "oo이면 사운드 유명한 곳이죠",
        "SentimentWord": "4",
        "SentimentPolarity": "1"
      },
      {
        "Aspect": "음량/음질",
        "SentimentText": "제품 음질이 너무너무 좋으네요..",
        "SentimentWord": "4",
        "SentimentPolarity": "1"
      }
    ]
  },
  {
    "Index": "4083",
    "RawText": "배터리가 78시간까진못가요ㅠㅠ 거리가넘짦아 블루투스 연결이 끊겨요  ",
    "Source": "SNS",
    "Domain": "가전",
    "MainCategory": "영상/음향가전",
    "ProductName": "끊김없는 블루투스이어폰/78시간재생/LED표시/완전무선/뱅퀴시",
    "ReviewScore": "80",
    "Syllable": "38",
    "Word": "6",
    "RDate": "20210331",
    "GeneralPolarity": "-1",
    "Aspects": [
      {
        "Aspect": "배터리",
        "SentimentText": "배터리가 78시간까진못가요ㅠㅠ",
        "SentimentWord": "2",
        "SentimentPolarity": "-1"
      },
      {
        "Aspect": "기능",
        "SentimentText": "거리가넘짦아 블루투스 연결이 끊겨요",
        "SentimentWord": "4",
        "SentimentPolarity": "-1"
      }
    ]
  },
  {
    "Index": "4084",
    "RawText": "가격대비 가성비 좋은제품 생각보다 음질도 좋아요",
    "Source": "SNS",
    "Domain": "가전",
    "MainCategory": "영상/음향가전",
    "ProductName": "끊김없는 블루투스이어폰/78시간재생/LED표시/완전무선/뱅퀴시",
    "ReviewScore": "100",
    "Syllable": "26",
    "Word": "6",
    "RDate": "20210507",
    "GeneralPolarity": "1",
    "Aspects": [
      {
        "Aspect": "가격",
        "SentimentText": "가격대비 가성비 좋은제품",
        "SentimentWord": "3",
        "SentimentPolarity": "1"
      },
      {
        "Aspect": "음량/음질",
        "SentimentText": "생각보다 음질도 좋아요",
        "SentimentWord": "3",
        "SentimentPolarity": "1"
      }
    ]
  },
  {
    "Index": "4085",
    "RawText": "가격대비 성능 디자인 아주 좋습니다. 배송도 빠르고 좋아요 ",
    "Source": "SNS",
    "Domain": "가전",
    "MainCategory": "영상/음향가전",
    "ProductName": "끊김없는 블루투스이어폰/78시간재생/LED표시/완전무선/뱅퀴시",
    "ReviewScore": "100",
    "Syllable": "33",
    "Word": "8",
    "RDate": "20210327",
    "Aspects": [
      {
        "Aspect": "가격",
        "SentimentText": "가격대비 성능 디자인 아주 좋습니다.",
        "SentimentWord": "5",
        "SentimentPolarity": "1"
      },
      {
        "Aspect": "디자인",
        "SentimentText": "디자인 아주 좋습니다.",
        "SentimentWord": "3",
        "SentimentPolarity": "1"
      }
    ]
  },
  {
    "Index": "4086",
    "RawText": "끊김이 없다해서 주문한건데 음질은 그러저럭  괜찮은 편인데 걸으면서 음악듣기는 좀 많이 힘들어요  많이 끊겨요.  끊겼다. 연결됐다  반복 ㅜㅜ",
    "Source": "SNS",
    "Domain": "가전",
    "MainCategory": "영상/음향가전",
    "ProductName": "끊김없는 블루투스이어폰/78시간재생/LED표시/완전무선/뱅퀴시",
    "ReviewScore": "40",
    "Syllable": "80",
    "Word": "18",
    "RDate": "20210504",
    "GeneralPolarity": "-1",
    "Aspects": [
      {
        "Aspect": "음량/음질",
        "SentimentText": "음질은 그러저럭  괜찮은 편인데",
        "SentimentWord": "4",
        "SentimentPolarity": "0"
      },
      {
        "Aspect": "조작성",
        "SentimentText": "걸으면서 음악듣기는 좀 많이 힘들어요  많이 끊겨요.  끊겼다. 연결됐다  반복 ㅜㅜ",
        "SentimentWord": "11",
        "SentimentPolarity": "-1"
      }
    ]
  },
  {
    "Index": "4087",
    "RawText": "디자인 깔끔하고 귀에 무리가 가지않고  사운드 좋아요",
    "Source": "SNS",
    "Domain": "가전",
    "MainCategory": "영상/음향가전",
    "ProductName": "끊김없는 블루투스이어폰/78시간재생/LED표시/완전무선/뱅퀴시",
    "ReviewScore": "100",
    "Syllable": "29",
    "Word": "7",
    "RDate": "20210804",
    "GeneralPolarity": "1",
    "Aspects": [
      {
        "Aspect": "디자인",
        "SentimentText": "디자인 깔끔하고 귀에 무리가 가지않고  사운드 좋아요",
        "SentimentWord": "7",
        "SentimentPolarity": "1"
      },
      {
        "Aspect": "편의성",
        "SentimentText": "귀에 무리가 가지않고  사운드 좋아요",
        "SentimentWord": "5",
        "SentimentPolarity": "1"
      },
      {
        "Aspect": "음량/음질",
        "SentimentText": "사운드 좋아요",
        "SentimentWord": "2",
        "SentimentPolarity": "1"
      }
    ]
  },
  {
    "Index": "4088",
    "RawText": "제품 그대로 끊김없이 잘 들려서 좋네요  하지만!!!! 전원이 안 켜짐. 반품하고 다시 받는데 일주일 넘게 걸리고 다시 받은 제품은 네 다섯번 사용 후 한쪽이 다시 전원이 안 켜짐. 이주가 지나 반품이 안된다네요. 나만 재수가 없는 건가요?",
    "Source": "SNS",
    "Domain": "가전",
    "MainCategory": "영상/음향가전",
    "ProductName": "끊김없는 블루투스이어폰/78시간재생/LED표시/완전무선/뱅퀴시",
    "ReviewScore": "10",
    "Syllable": "134",
    "Word": "36",
    "RDate": "20210527",
    "Aspects": [
      {
        "Aspect": "품질",
        "SentimentText": "하지만!!!! 전원이 안 켜짐.",
        "SentimentWord": "4",
        "SentimentPolarity": "-1"
      },
      {
        "Aspect": "품질",
        "SentimentText": "사용 후 한쪽이 다시 전원이 안 켜짐.",
        "SentimentWord": "7",
        "SentimentPolarity": "-1"
      },
      {
        "Aspect": "기능",
        "SentimentText": "제품 그대로 끊김없이 잘 들려서 좋네요",
        "SentimentWord": "6",
        "SentimentPolarity": "1"
      }
    ]
  },
  {
    "Index": "4089",
    "RawText": "배송 빨리 받았어요  아이들이 하나씩 사용하고 싶다고 구매했는데 가격 적당하고 사용하기 편하네요",
    "Source": "SNS",
    "Domain": "가전",
    "MainCategory": "영상/음향가전",
    "ProductName": "끊김없는 블루투스이어폰/78시간재생/LED표시/완전무선/뱅퀴시",
    "ReviewScore": "100",
    "Syllable": "53",
    "Word": "12",
    "RDate": "20210827",
    "Aspects": [
      {
        "Aspect": "가격",
        "SentimentText": "가격 적당하고",
        "SentimentWord": "2",
        "SentimentPolarity": "1"
      },
      {
        "Aspect": "편의성",
        "SentimentText": "사용하기 편하네요",
        "SentimentWord": "2",
        "SentimentPolarity": "1"
      }
    ]
  },
  {
    "Index": "4090",
    "RawText": "배송빠르고 정말 끊김없이 사용가능합니다 재생시간이 길어서 만족도 높으네요 있건거 분실해서 재구매입니다",
    "Source": "SNS",
    "Domain": "가전",
    "MainCategory": "영상/음향가전",
    "ProductName": "끊김없는 블루투스이어폰/78시간재생/LED표시/완전무선/뱅퀴시",
    "ReviewScore": "100",
    "Syllable": "56",
    "Word": "11",
    "RDate": "20210424",
    "Aspects": [
      {
        "Aspect": "시간/속도",
        "SentimentText": "재생시간이 길어서 만족도 높으네요",
        "SentimentWord": "4",
        "SentimentPolarity": "1"
      },
      {
        "Aspect": "기능",
        "SentimentText": "정말 끊김없이 사용가능합니다",
        "SentimentWord": "3",
        "SentimentPolarity": "1"
      }
    ]
  },
  {
    "Index": "4091",
    "RawText": "설명대로 하는데 블루투스도 안잡히고 이어폰 전원도 안켜지네요.",
    "Source": "SNS",
    "Domain": "가전",
    "MainCategory": "영상/음향가전",
    "ProductName": "끊김없는 블루투스이어폰/78시간재생/LED표시/완전무선/뱅퀴시",
    "ReviewScore": "100",
    "Syllable": "34",
    "Word": "7",
    "RDate": "20210515",
    "GeneralPolarity": "-1",
    "Aspects": [
      {
        "Aspect": "기능",
        "SentimentText": "블루투스도 안잡히고",
        "SentimentWord": "2",
        "SentimentPolarity": "-1"
      },
      {
        "Aspect": "배터리",
        "SentimentText": "이어폰 전원도 안켜지네요.",
        "SentimentWord": "3",
        "SentimentPolarity": "-1"
      }
    ]
  },
  {
    "Index": "4092",
    "RawText": "소리도 좋고 잡음도 심하지 않아 좋은데 귀에서 밀착력이 좀 떨어지는것같아서 불편합니다.",
    "Source": "SNS",
    "Domain": "가전",
    "MainCategory": "영상/음향가전",
    "ProductName": "끊김없는 블루투스이어폰/78시간재생/LED표시/완전무선/뱅퀴시",
    "ReviewScore": "70",
    "Syllable": "48",
    "Word": "11",
    "RDate": "20210822",
    "GeneralPolarity": "0",
    "Aspects": [
      {
        "Aspect": "음량/음질",
        "SentimentText": "소리도 좋고 잡음도 심하지 않아 좋은데",
        "SentimentWord": "6",
        "SentimentPolarity": "1"
      },
      {
        "Aspect": "편의성",
        "SentimentText": "귀에서 밀착력이 좀 떨어지는것같아서 불편합니다.",
        "SentimentWord": "5",
        "SentimentPolarity": "-1"
      }
    ]
  },
  {
    "Index": "4093",
    "RawText": "아들한테 선물해 주었는데  잘 사용하고 좋아합니다.. 가격도 저렴하고 좋아요. 음질도 좋아서 강추합니다.",
    "Source": "SNS",
    "Domain": "가전",
    "MainCategory": "영상/음향가전",
    "ProductName": "끊김없는 블루투스이어폰/78시간재생/LED표시/완전무선/뱅퀴시",
    "ReviewScore": "100",
    "Syllable": "58",
    "Word": "12",
    "RDate": "20210423",
    "Aspects": [
      {
        "Aspect": "가격",
        "SentimentText": "가격도 저렴하고 좋아요.",
        "SentimentWord": "3",
        "SentimentPolarity": "1"
      },
      {
        "Aspect": "음량/음질",
        "SentimentText": "음질도 좋아서 강추합니다.",
        "SentimentWord": "3",
        "SentimentPolarity": "1"
      }
    ]
  },
  {
    "Index": "4094",
    "RawText": "○○○나  음악 듣는건 좋은데 통화할때는  잡음이 심해서 통화가 어렵네요ㅠㅠ",
    "Source": "SNS",
    "Domain": "가전",
    "MainCategory": "영상/음향가전",
    "ProductName": "끊김없는 블루투스이어폰/78시간재생/LED표시/완전무선/뱅퀴시",
    "ReviewScore": "100",
    "Syllable": "42",
    "Word": "9",
    "RDate": "20210322",
    "Aspects": [
      {
        "Aspect": "기능",
        "SentimentText": "○○○나  음악 듣는건 좋은데",
        "SentimentWord": "4",
        "SentimentPolarity": "1"
      },
      {
        "Aspect": "음량/음질",
        "SentimentText": "통화할때는  잡음이 심해서 통화가 어렵네요ㅠㅠ",
        "SentimentWord": "5",
        "SentimentPolarity": "-1"
      }
    ]
  },
  {
    "Index": "4095",
    "RawText": "음질..음량 다 좋은데..솔직히 걸을때는 많이 끊기네요.운동하시는 분들에게는 비추.",
    "Source": "SNS",
    "Domain": "가전",
    "MainCategory": "영상/음향가전",
    "ProductName": "끊김없는 블루투스이어폰/78시간재생/LED표시/완전무선/뱅퀴시",
    "ReviewScore": "80",
    "Syllable": "46",
    "Word": "8",
    "RDate": "20210426",
    "GeneralPolarity": "0",
    "Aspects": [
      {
        "Aspect": "음량/음질",
        "SentimentText": "음질..음량 다 좋은데.",
        "SentimentWord": "3",
        "SentimentPolarity": "1"
      },
      {
        "Aspect": "품질",
        "SentimentText": "솔직히 걸을때는 많이 끊기네요.운동하시는 분들에게는 비추.",
        "SentimentWord": "6",
        "SentimentPolarity": "-1"
      }
    ]
  }
]