[
  {
    "Index": "16683",
    "RawText": "도착후에 바로 블루투스 연결해서 음악 듣는데 청량하게 소리가 나니까 좋아요 그런데 인테리어에  맞게 화이트색상 살껄 .. 아쉬워요",
    "Source": "쇼핑몰",
    "Domain": "가전",
    "MainCategory": "영상/음향가전",
    "ProductName": "마샬 STANMORE II 해외구매",
    "ReviewScore": "5",
    "Syllable": "72",
    "Word": "17",
    "RDate": "20211113",
    "GeneralPolarity": "0",
    "Aspects": [
      {
        "Aspect": "음량/음질",
        "SentimentText": "도착후에 바로 블루투스 연결해서 음악 듣는데 청량하게 소리가 나니까 좋아요",
        "SentimentWord": "10",
        "SentimentPolarity": "1"
      },
      {
        "Aspect": "색상",
        "SentimentText": "그런데 인테리어에  맞게 화이트색상 살껄 .. 아쉬워요",
        "SentimentWord": "7",
        "SentimentPolarity": "-1"
      }
    ]
  },
  {
    "Index": "16684",
    "RawText": "5월29일에 주문해서 6월 5일에 배송받았습니다 정품 맞고 음질이 생각보다 부드럽고 섬세하니 듣기에 너무 좋네요~ 이런 좋은 제품 착한 가격으로 저렴하게 잘 샀어요 강추^^",
    "Source": "쇼핑몰",
    "Domain": "가전",
    "MainCategory": "영상/음향가전",
    "ProductName": "마샬 STANMORE II 해외구매",
    "ReviewScore": "5",
    "Syllable": "96",
    "Word": "23",
    "RDate": "20200606",
    "GeneralPolarity": "1",
    "Aspects": [
      {
        "Aspect": "음량/음질",
        "SentimentText": "음질이 생각보다 부드럽고 섬세하니 듣기에 너무 좋네요~",
        "SentimentWord": "7",
        "SentimentPolarity": "1"
      },
      {
        "Aspect": "가격",
        "SentimentText": "이런 좋은 제품 착한 가격으로 저렴하게 잘 샀어요 강추^^",
        "SentimentWord": "9",
        "SentimentPolarity": "1"
      }
    ]
  },
  {
    "Index": "16685",
    "RawText": "6월 30일 주문해서 2주만에 받았어요. 포장도 꼼꼼해요 음질이 생각보다 짱짱해서 좋아요 굿 색상도 모던하고 고급져서 이쁘네요 강추!",
    "Source": "쇼핑몰",
    "Domain": "가전",
    "MainCategory": "영상/음향가전",
    "ProductName": "마샬 STANMORE II 해외구매",
    "ReviewScore": "5",
    "Syllable": "74",
    "Word": "17",
    "RDate": "20220714",
    "GeneralPolarity": "1",
    "Aspects": [
      {
        "Aspect": "음량/음질",
        "SentimentText": "음질이 생각보다 짱짱해서 좋아요 굿",
        "SentimentWord": "5",
        "SentimentPolarity": "1"
      },
      {
        "Aspect": "색상",
        "SentimentText": "색상도 모던하고 고급져서 이쁘네요 강추!",
        "SentimentWord": "5",
        "SentimentPolarity": "1"
      }
    ]
  },
  {
    "Index": "16686",
    "RawText": "7월 1일에 주문해서 20일 오늘 받았고요 우선 성능상 아무 이상없이 음질 빵빵하게 작동 확인 했습니다 만족해요^^ 다만, 제품에 약간 오염이 있는점이 흠이네요ㅠㅠ..;; 민감하신 분들은 주의 하시길",
    "Source": "쇼핑몰",
    "Domain": "가전",
    "MainCategory": "영상/음향가전",
    "ProductName": "마샬 STANMORE II 해외구매",
    "ReviewScore": "4",
    "Syllable": "111",
    "Word": "26",
    "RDate": "20210720",
    "GeneralPolarity": "0",
    "Aspects": [
      {
        "Aspect": "음량/음질",
        "SentimentText": "우선 성능상 아무 이상없이 음질 빵빵하게 작동 확인 했습니다 만족해요^^",
        "SentimentWord": "10",
        "SentimentPolarity": "1"
      },
      {
        "Aspect": "품질",
        "SentimentText": "다만, 제품에 약간 오염이 있는점이 흠이네요ㅠㅠ..;; 민감하신 분들은 주의 하시길",
        "SentimentWord": "10",
        "SentimentPolarity": "-1"
      }
    ]
  },
  {
    "Index": "16687",
    "RawText": "8일 주문 24일에 받았구요. 하자 없이 잘 왔어요 거뭇한게 살짝 묻어있어서 흰제품인데 확튀어요.. 속상해요 ㅠㅠ 구성품은 선 한개인것이 좀 아쉽네요 그래도 최저가인 점이 아주 좋아요 추천!!",
    "Source": "쇼핑몰",
    "Domain": "가전",
    "MainCategory": "영상/음향가전",
    "ProductName": "마샬 STANMORE II 해외구매",
    "ReviewScore": "4",
    "Syllable": "107",
    "Word": "26",
    "RDate": "20200325",
    "GeneralPolarity": "-1",
    "Aspects": [
      {
        "Aspect": "품질",
        "SentimentText": "거뭇한게 살짝 묻어있어서 흰제품인데 확튀어요.. 속상해요 ㅠㅠ",
        "SentimentWord": "7",
        "SentimentPolarity": "-1"
      },
      {
        "Aspect": "제품구성",
        "SentimentText": "구성품은 선 한개인것이 좀 아쉽네요",
        "SentimentWord": "5",
        "SentimentPolarity": "-1"
      },
      {
        "Aspect": "가격",
        "SentimentText": "그래도 최저가인 점이 아주 좋아요 추천!!",
        "SentimentWord": "6",
        "SentimentPolarity": "1"
      }
    ]
  },
  {
    "Index": "16688",
    "RawText": "8일 주문하고 어제받았어요 배송이 너무 느려요 ㅠ 색상이 세련되고 고급져서 참 이쁘네요~~ 블루투스기능이 있어서 노래 잘 듣고있어요 굿굿",
    "Source": "쇼핑몰",
    "Domain": "가전",
    "MainCategory": "영상/음향가전",
    "ProductName": "마샬 STANMORE II 해외구매",
    "ReviewScore": "4",
    "Syllable": "76",
    "Word": "18",
    "RDate": "20211125",
    "GeneralPolarity": "1",
    "Aspects": [
      {
        "Aspect": "색상",
        "SentimentText": "색상이 세련되고 고급져서 참 이쁘네요~~",
        "SentimentWord": "5",
        "SentimentPolarity": "1"
      },
      {
        "Aspect": "기능",
        "SentimentText": "블루투스기능이 있어서 노래 잘 듣고있어요 굿굿",
        "SentimentWord": "6",
        "SentimentPolarity": "1"
      }
    ]
  },
  {
    "Index": "16691",
    "RawText": "ai스피커 기능이 탑재 되어있어 나름 영어공부에 도움이 됩니다. 우리나라말을 지원하지 못한점이 불편하여 아쉽네요 ㅠㅠ 그래도 가성비가 탁월한 제품이라 득템한 기분^^~~",
    "Source": "쇼핑몰",
    "Domain": "가전",
    "MainCategory": "영상/음향가전",
    "ProductName": "마샬 STANMORE II 해외구매",
    "ReviewScore": "4",
    "Syllable": "94",
    "Word": "20",
    "RDate": "20220116",
    "Aspects": [
      {
        "Aspect": "기능",
        "SentimentText": "우리나라말을 지원하지 못한점이 불편하여 아쉽네요 ㅠㅠ",
        "SentimentWord": "6",
        "SentimentPolarity": "-1"
      },
      {
        "Aspect": "가격",
        "SentimentText": "그래도 가성비가 탁월한 제품이라 득템한 기분^^~~",
        "SentimentWord": "6",
        "SentimentPolarity": "1"
      }
    ]
  },
  {
    "Index": "16692",
    "RawText": "가격대비 성능 너무 최고에요 대박 가성비템 만족합니다^^ 배송도 열흘안에 도착했고 직접설치도 간단해서 수월하게 했어요 만족합니다~~",
    "Source": "쇼핑몰",
    "Domain": "가전",
    "MainCategory": "영상/음향가전",
    "ProductName": "마샬 STANMORE II 해외구매",
    "ReviewScore": "5",
    "Syllable": "73",
    "Word": "15",
    "RDate": "20220614",
    "GeneralPolarity": "1",
    "Aspects": [
      {
        "Aspect": "가격",
        "SentimentText": "가격대비 성능 너무 최고에요 대박 가성비템 만족합니다^^",
        "SentimentWord": "7",
        "SentimentPolarity": "1"
      },
      {
        "Aspect": "조작성",
        "SentimentText": "직접설치도 간단해서 수월하게 했어요 만족합니다~~",
        "SentimentWord": "5",
        "SentimentPolarity": "1"
      }
    ]
  },
  {
    "Index": "16693",
    "RawText": "가격대비 성능 무지 괜찮아요 착한가격 감사합니다~ 배송도 생각보다 빨리 와서 기분이 좋았습니다. 스피커 자체의 마감이나 이음새의 품질이 만족감을 더해줘서 행복해요^^ 음악을 즐기는데 풍부한 음질이 아주 최고입니다~",
    "Source": "쇼핑몰",
    "Domain": "가전",
    "MainCategory": "영상/음향가전",
    "ProductName": "마샬 STANMORE II 해외구매",
    "ReviewScore": "5",
    "Syllable": "119",
    "Word": "26",
    "RDate": "20200216",
    "GeneralPolarity": "1",
    "Aspects": [
      {
        "Aspect": "가격",
        "SentimentText": "가격대비 성능 무지 괜찮아요 착한가격 감사합니다~",
        "SentimentWord": "6",
        "SentimentPolarity": "1"
      },
      {
        "Aspect": "품질",
        "SentimentText": "스피커 자체의 마감이나 이음새의 품질이 만족감을 더해줘서 행복해요^^",
        "SentimentWord": "8",
        "SentimentPolarity": "1"
      },
      {
        "Aspect": "음량/음질",
        "SentimentText": "음악을 즐기는데 풍부한 음질이 아주 최고입니다~",
        "SentimentWord": "6",
        "SentimentPolarity": "1"
      }
    ]
  },
  {
    "Index": "16694",
    "RawText": "거실에 두니 인테리어상으로도 너무 어울리고 디자인이 예뻐서 좋아요 그리고 사운드도 멀리까지 잘 퍼지고 좋아요!! 연결은 앱을 받아서 블루투스로 연결하게 되어있으니 간편하니 좋아요",
    "Source": "쇼핑몰",
    "Domain": "가전",
    "MainCategory": "영상/음향가전",
    "ProductName": "마샬 STANMORE II 해외구매",
    "ReviewScore": "5",
    "Syllable": "99",
    "Word": "22",
    "RDate": "20220325",
    "GeneralPolarity": "1",
    "Aspects": [
      {
        "Aspect": "디자인",
        "SentimentText": "거실에 두니 인테리어상으로도 너무 어울리고 디자인이 예뻐서 좋아요",
        "SentimentWord": "8",
        "SentimentPolarity": "1"
      },
      {
        "Aspect": "음량/음질",
        "SentimentText": "그리고 사운드도 멀리까지 잘 퍼지고 좋아요!!",
        "SentimentWord": "6",
        "SentimentPolarity": "1"
      },
      {
        "Aspect": "조작성",
        "SentimentText": "연결은 앱을 받아서 블루투스로 연결하게 되어있으니 간편하니 좋아요",
        "SentimentWord": "8",
        "SentimentPolarity": "1"
      }
    ]
  },
  {
    "Index": "16696",
    "RawText": "사운드는 귓가에서 또박또박 불러주는 느낌이라 귀가 호강하는 느낌이 들어요 !!  그런데 소리 반응이 느린것같아서 아쉽네요",
    "Source": "쇼핑몰",
    "Domain": "가전",
    "MainCategory": "영상/음향가전",
    "ProductName": "마샬 STANMORE II 해외구매",
    "ReviewScore": "5",
    "Syllable": "67",
    "Word": "15",
    "RDate": "20220726",
    "GeneralPolarity": "0",
    "Aspects": [
      {
        "Aspect": "음량/음질",
        "SentimentText": "사운드는 귓가에서 또박또박 불러주는 느낌이라 귀가 호강하는 느낌이 들어요 !! ",
        "SentimentWord": "10",
        "SentimentPolarity": "1"
      },
      {
        "Aspect": "시간/속도",
        "SentimentText": "그런데 소리 반응이 느린것같아서 아쉽네요",
        "SentimentWord": "5",
        "SentimentPolarity": "-1"
      }
    ]
  },
  {
    "Index": "16698",
    "RawText": "음질이 맑고 깨끗해서 좋아요 그런데 가격에 비해서 스피커 재질이 저렴하게 느껴져서 아쉽네요",
    "Source": "쇼핑몰",
    "Domain": "가전",
    "MainCategory": "영상/음향가전",
    "ProductName": "마샬 STANMORE II 해외구매",
    "ReviewScore": "5",
    "Syllable": "50",
    "Word": "12",
    "RDate": "20210827",
    "GeneralPolarity": "0",
    "Aspects": [
      {
        "Aspect": "음량/음질",
        "SentimentText": "음질이 맑고 깨끗해서 좋아요",
        "SentimentWord": "4",
        "SentimentPolarity": "1"
      },
      {
        "Aspect": "소재",
        "SentimentText": "그런데 가격에 비해서 스피커 재질이 저렴하게 느껴져서 아쉽네요",
        "SentimentWord": "8",
        "SentimentPolarity": "-1"
      }
    ]
  },
  {
    "Index": "16701",
    "RawText": "가격대비 작동에도 이상이 없고 품질의 만족도가 높은 제품입니다. 디자인도 이렇게나 세련되어서 마음에 들구요 그리고 음질도 노이즈도 없이 깨끗해서 잘들리니 만족해요",
    "Source": "쇼핑몰",
    "Domain": "가전",
    "MainCategory": "영상/음향가전",
    "ProductName": "마샬 STANMORE II 해외구매",
    "ReviewScore": "5",
    "Syllable": "90",
    "Word": "20",
    "RDate": "20191022",
    "GeneralPolarity": "1",
    "Aspects": [
      {
        "Aspect": "품질",
        "SentimentText": "가격대비 작동에도 이상이 없고 품질의 만족도가 높은 제품입니다",
        "SentimentWord": "8",
        "SentimentPolarity": "1"
      },
      {
        "Aspect": "디자인",
        "SentimentText": "디자인도 이렇게나 세련되어서 마음에 들구요",
        "SentimentWord": "5",
        "SentimentPolarity": "1"
      },
      {
        "Aspect": "음량/음질",
        "SentimentText": "그리고 음질도 노이즈도 없이 깨끗해서 잘들리니 만족해요",
        "SentimentWord": "7",
        "SentimentPolarity": "1"
      }
    ]
  },
  {
    "Index": "16702",
    "RawText": "사운드의 출력이나 성량이 웅장해서 만족해요 그리고 색상도 흔하지 않은 브라운으로 잘 선택한 것같아요",
    "Source": "쇼핑몰",
    "Domain": "가전",
    "MainCategory": "영상/음향가전",
    "ProductName": "마샬 STANMORE II 해외구매",
    "ReviewScore": "5",
    "Syllable": "55",
    "Word": "13",
    "RDate": "20200428",
    "GeneralPolarity": "1",
    "Aspects": [
      {
        "Aspect": "음량/음질",
        "SentimentText": "사운드의 출력이나 성량이 웅장해서 만족해요 ",
        "SentimentWord": "5",
        "SentimentPolarity": "1"
      },
      {
        "Aspect": "색상",
        "SentimentText": "그리고 색상도 흔하지 않은 브라운으로 잘 선택한 것같아요",
        "SentimentWord": "8",
        "SentimentPolarity": "1"
      }
    ]
  },
  {
    "Index": "16703",
    "RawText": "버튼도 잘 눌리고 흠하나 없이 잘 작동이 되어 좋아요 그리고 디자인도 고급지게 멋스러워서 만족합니다.",
    "Source": "쇼핑몰",
    "Domain": "가전",
    "MainCategory": "영상/음향가전",
    "ProductName": "마샬 STANMORE II 해외구매",
    "ReviewScore": "5",
    "Syllable": "56",
    "Word": "14",
    "RDate": "20211121",
    "GeneralPolarity": "1",
    "Aspects": [
      {
        "Aspect": "조작성",
        "SentimentText": "버튼도 잘 눌리고 흠하나 없이 잘 작동이 되어 좋아요",
        "SentimentWord": "9",
        "SentimentPolarity": "1"
      },
      {
        "Aspect": "디자인",
        "SentimentText": "그리고 디자인도 고급지게 멋스러워서 만족합니다.",
        "SentimentWord": "5",
        "SentimentPolarity": "1"
      }
    ]
  },
  {
    "Index": "16705",
    "RawText": "작동도 잘되고 퀄리티도 좋은게 너무 만족스럽습니다. 가격도 쿠폰사용하니 더욱 저렴하게 구입해서 좋았어요.",
    "Source": "쇼핑몰",
    "Domain": "가전",
    "MainCategory": "영상/음향가전",
    "ProductName": "마샬 STANMORE II 해외구매",
    "ReviewScore": "5",
    "Syllable": "58",
    "Word": "12",
    "RDate": "20200812",
    "GeneralPolarity": "1",
    "Aspects": [
      {
        "Aspect": "품질",
        "SentimentText": "작동도 잘되고 퀄리티도 좋은게 너무 만족스럽습니다. ",
        "SentimentWord": "6",
        "SentimentPolarity": "1"
      },
      {
        "Aspect": "가격",
        "SentimentText": "가격도 쿠폰사용하니 더욱 저렴하게 구입해서 좋았어요. ",
        "SentimentWord": "6",
        "SentimentPolarity": "1"
      }
    ]
  },
  {
    "Index": "16706",
    "RawText": "가격을 제일 저렴하게 구입한것같아서 만족해요 제품도 외관상으로도 하자없이 완벽합니다^^",
    "Source": "쇼핑몰",
    "Domain": "가전",
    "MainCategory": "영상/음향가전",
    "ProductName": "마샬 STANMORE II 해외구매",
    "ReviewScore": "5",
    "Syllable": "48",
    "Word": "9",
    "RDate": "20210203",
    "GeneralPolarity": "1",
    "Aspects": [
      {
        "Aspect": "가격",
        "SentimentText": "가격을 제일 저렴하게 구입한것같아서 만족해요",
        "SentimentWord": "5",
        "SentimentPolarity": "1"
      },
      {
        "Aspect": "품질",
        "SentimentText": "제품도 외관상으로도 하자없이 완벽합니다^^",
        "SentimentWord": "4",
        "SentimentPolarity": "1"
      }
    ]
  },
  {
    "Index": "16709",
    "RawText": "감성을 자극하는 아날로그적인 버튼의 디자인이 매우 만족스러워요 그런데 무게감은 꽤나 무거워서 들고다니기 어려울듯해서 아쉽네요",
    "Source": "쇼핑몰",
    "Domain": "가전",
    "MainCategory": "영상/음향가전",
    "ProductName": "마샬 STANMORE II 해외구매",
    "ReviewScore": "4",
    "Syllable": "69",
    "Word": "14",
    "RDate": "20200414",
    "GeneralPolarity": "0",
    "Aspects": [
      {
        "Aspect": "디자인",
        "SentimentText": "감성을 자극하는 아날로그적인 버튼의 디자인이 매우 만족스러워요",
        "SentimentWord": "7",
        "SentimentPolarity": "1"
      },
      {
        "Aspect": "무게",
        "SentimentText": "그런데 무게감은 꽤나 무거워서 들고다니기 어려울듯해서 아쉽네요",
        "SentimentWord": "7",
        "SentimentPolarity": "-1"
      }
    ]
  },
  {
    "Index": "16710",
    "RawText": "디자인은 두말할 것없이 세련되고 좋아요 스피커 소리도 가슴이 뛸만큼 만족하고 있어요^^",
    "Source": "쇼핑몰",
    "Domain": "가전",
    "MainCategory": "영상/음향가전",
    "ProductName": "마샬 STANMORE II 해외구매",
    "ReviewScore": "5",
    "Syllable": "48",
    "Word": "11",
    "RDate": "20200626",
    "GeneralPolarity": "1",
    "Aspects": [
      {
        "Aspect": "디자인",
        "SentimentText": "디자인은 두말할 것없이 세련되고 좋아요",
        "SentimentWord": "5",
        "SentimentPolarity": "1"
      },
      {
        "Aspect": "음량/음질",
        "SentimentText": "스피커 소리도 가슴이 뛸만큼 만족하고 있어요^^",
        "SentimentWord": "6",
        "SentimentPolarity": "1"
      }
    ]
  },
  {
    "Index": "16711",
    "RawText": "가격에 비해서 각 기능들이 잘 작동하니 그 퀄리티에 매우 만족합니다. 그런데 화이트색상으로 했으면 더욱 좋았을껄하는 아쉬움이 남아요 ",
    "Source": "쇼핑몰",
    "Domain": "가전",
    "MainCategory": "영상/음향가전",
    "ProductName": "마샬 STANMORE II 해외구매",
    "ReviewScore": "4",
    "Syllable": "74",
    "Word": "17",
    "RDate": "20200522",
    "GeneralPolarity": "0",
    "Aspects": [
      {
        "Aspect": "품질",
        "SentimentText": "가격에 비해서 각 기능들이 잘 작동하니 그 퀄리티에 매우 만족합니다. ",
        "SentimentWord": "10",
        "SentimentPolarity": "1"
      },
      {
        "Aspect": "색상",
        "SentimentText": "그런데 화이트색상으로 했으면 더욱 좋았을껄하는 아쉬움이 남아요",
        "SentimentWord": "7",
        "SentimentPolarity": "-1"
      }
    ]
  },
  {
    "Index": "16712",
    "RawText": "디자인이 심플하고 클래식한 점이 매우 마음에 들어요^^ 사운드도 노이즈 없이 중저음이 낮게 울리니까 매우 듣기도 좋습니다.",
    "Source": "쇼핑몰",
    "Domain": "가전",
    "MainCategory": "영상/음향가전",
    "ProductName": "마샬 STANMORE II 해외구매",
    "ReviewScore": "5",
    "Syllable": "68",
    "Word": "16",
    "RDate": "20220531",
    "GeneralPolarity": "1",
    "Aspects": [
      {
        "Aspect": "디자인",
        "SentimentText": "디자인이 심플하고 클래식한 점이 매우 마음에 들어요^^",
        "SentimentWord": "7",
        "SentimentPolarity": "1"
      },
      {
        "Aspect": "음량/음질",
        "SentimentText": "사운드도 노이즈 없이 중저음이 낮게 울리니까 매우 듣기도 좋습니다.",
        "SentimentWord": "9",
        "SentimentPolarity": "1"
      }
    ]
  },
  {
    "Index": "16713",
    "RawText": "디자인이 고급져보여서 좋아요 그리고 음질도 청량하기도 하고 사운드가 강해서 만족합니다^^",
    "Source": "쇼핑몰",
    "Domain": "가전",
    "MainCategory": "영상/음향가전",
    "ProductName": "마샬 STANMORE II 해외구매",
    "ReviewScore": "5",
    "Syllable": "49",
    "Word": "10",
    "RDate": "20220330",
    "GeneralPolarity": "1",
    "Aspects": [
      {
        "Aspect": "디자인",
        "SentimentText": "디자인이 고급져보여서 좋아요",
        "SentimentWord": "3",
        "SentimentPolarity": "1"
      },
      {
        "Aspect": "음량/음질",
        "SentimentText": "그리고 음질도 청량하기도 하고 사운드가 강해서 만족합니다^^ ",
        "SentimentWord": "7",
        "SentimentPolarity": "1"
      }
    ]
  },
  {
    "Index": "16714",
    "RawText": "외관상 모양에 하자도 없고 깨끗해서 마음에 들어요 그런데 재질이 생각보다 저렴하게 보여서 아쉽네요",
    "Source": "쇼핑몰",
    "Domain": "가전",
    "MainCategory": "영상/음향가전",
    "ProductName": "마샬 STANMORE II 해외구매",
    "ReviewScore": "5",
    "Syllable": "54",
    "Word": "13",
    "RDate": "20210929",
    "GeneralPolarity": "0",
    "Aspects": [
      {
        "Aspect": "품질",
        "SentimentText": "외관상 모양에 하자도 없고 깨끗해서 마음에 들어요",
        "SentimentWord": "7",
        "SentimentPolarity": "1"
      },
      {
        "Aspect": "소재",
        "SentimentText": "그런데 재질이 생각보다 저렴하게 보여서 아쉽네요",
        "SentimentWord": "6",
        "SentimentPolarity": "-1"
      }
    ]
  },
  {
    "Index": "16716",
    "RawText": "핸드폰과는 전혀 다른 선명하고 깨끗한음질과 울려퍼지는 음량이 매우 좋아요!! 그리고 가격에 비해 기능들도 뛰어나고 가성비는 최고인듯합니다^^",
    "Source": "쇼핑몰",
    "Domain": "가전",
    "MainCategory": "영상/음향가전",
    "ProductName": "마샬 STANMORE II 해외구매",
    "ReviewScore": "4",
    "Syllable": "78",
    "Word": "16",
    "RDate": "20211126",
    "GeneralPolarity": "1",
    "Aspects": [
      {
        "Aspect": "음량/음질",
        "SentimentText": "핸드폰과는 전혀 다른 선명하고 깨끗한음질과 울려퍼지는 음량이 매우 좋아요!!",
        "SentimentWord": "9",
        "SentimentPolarity": "1"
      },
      {
        "Aspect": "가격",
        "SentimentText": "그리고 가격에 비해 기능들도 뛰어나고 가성비는 최고인듯합니다^^",
        "SentimentWord": "7",
        "SentimentPolarity": "1"
      }
    ]
  },
  {
    "Index": "16717",
    "RawText": "전반적인 기능들과 가격대비 더욱 좋은 퀄리티로 재구매해서 좋아요 음악듣는데 소리가 정말 깨끗하고 맑아서 마음에 들어요 대박!!",
    "Source": "쇼핑몰",
    "Domain": "가전",
    "MainCategory": "영상/음향가전",
    "ProductName": "마샬 STANMORE II 해외구매",
    "ReviewScore": "5",
    "Syllable": "70",
    "Word": "16",
    "RDate": "20220124",
    "GeneralPolarity": "1",
    "Aspects": [
      {
        "Aspect": "품질",
        "SentimentText": "전반적인 기능들과 가격대비 더욱 좋은 퀄리티로 재구매해서 좋아요",
        "SentimentWord": "8",
        "SentimentPolarity": "1"
      },
      {
        "Aspect": "음량/음질",
        "SentimentText": "음악듣는데 소리가 정말 깨끗하고 맑아서 마음에 들어요 대박!! ",
        "SentimentWord": "8",
        "SentimentPolarity": "1"
      }
    ]
  },
  {
    "Index": "16720",
    "RawText": "설치도 간단해서 쓰기가 좋아서 만족해요 그리고 사운드도 또랑또랑하니 음악감상에 매우 좋습니다.",
    "Source": "쇼핑몰",
    "Domain": "가전",
    "MainCategory": "영상/음향가전",
    "ProductName": "마샬 STANMORE II 해외구매",
    "ReviewScore": "5",
    "Syllable": "52",
    "Word": "11",
    "RDate": "20220824",
    "GeneralPolarity": "1",
    "Aspects": [
      {
        "Aspect": "조작성",
        "SentimentText": "설치도 간단해서 쓰기가 좋아서 만족해요",
        "SentimentWord": "5",
        "SentimentPolarity": "1"
      },
      {
        "Aspect": "음량/음질",
        "SentimentText": "그리고 사운드도 또랑또랑하니 음악감상에 매우 좋습니다.",
        "SentimentWord": "6",
        "SentimentPolarity": "1"
      }
    ]
  },
  {
    "Index": "16722",
    "RawText": "제품의 외관도 깨끗하고 기스도 없어서 좋구요~ 사운드의 출력도 매우 좋고 소리도 크니까 부족함 없이 만족하며 사용하고 있어요",
    "Source": "쇼핑몰",
    "Domain": "가전",
    "MainCategory": "영상/음향가전",
    "ProductName": "마샬 STANMORE II 해외구매",
    "ReviewScore": "5",
    "Syllable": "69",
    "Word": "17",
    "RDate": "20200312",
    "GeneralPolarity": "1",
    "Aspects": [
      {
        "Aspect": "품질",
        "SentimentText": "제품의 외관도 깨끗하고 기스도 없어서 좋구요~",
        "SentimentWord": "6",
        "SentimentPolarity": "1"
      },
      {
        "Aspect": "음량/음질",
        "SentimentText": "사운드의 출력도 매우 좋고 소리도 크니까 부족함 없이 만족하며 사용하고 있어요 ",
        "SentimentWord": "11",
        "SentimentPolarity": "1"
      }
    ]
  },
  {
    "Index": "16723",
    "RawText": "외관이 매우 깔끔해요 스크래치도 없어서 매우 만족합니다. 그리고 음질도 선명하고 멀리까지 잘퍼져서 좋구요 그런데 블루투스 연결이 가끔 안되고 불안정하여 아쉽습니다.",
    "Source": "쇼핑몰",
    "Domain": "가전",
    "MainCategory": "영상/음향가전",
    "ProductName": "마샬 STANMORE II 해외구매",
    "ReviewScore": "4",
    "Syllable": "91",
    "Word": "20",
    "RDate": "20211220",
    "GeneralPolarity": "0",
    "Aspects": [
      {
        "Aspect": "품질",
        "SentimentText": "외관이 매우 깔끔해요 스크래치도 없어서 매우 만족합니다. ",
        "SentimentWord": "7",
        "SentimentPolarity": "1"
      },
      {
        "Aspect": "음량/음질",
        "SentimentText": "그리고 음질도 선명하고 멀리까지 잘퍼져서 좋구요",
        "SentimentWord": "6",
        "SentimentPolarity": "1"
      },
      {
        "Aspect": "조작성",
        "SentimentText": "그런데 블루투스 연결이 가끔 안되고 불안정하여 아쉽습니다.",
        "SentimentWord": "7",
        "SentimentPolarity": "-1"
      }
    ]
  },
  {
    "Index": "16724",
    "RawText": "전면 좌측 상단 모서리 부분 가죽 표면에 본드가 묻은 자국이 있어서 아쉽습니다. 블루투스 연결은 앱다운받아쓰니 휴대폰 연결쉽게 잘되서 만족하며 사용하고있어요",
    "Source": "쇼핑몰",
    "Domain": "가전",
    "MainCategory": "영상/음향가전",
    "ProductName": "마샬 STANMORE II 해외구매",
    "ReviewScore": "5",
    "Syllable": "87",
    "Word": "20",
    "RDate": "20200910",
    "GeneralPolarity": "1",
    "Aspects": [
      {
        "Aspect": "품질",
        "SentimentText": "전면 좌측 상단 모서리 부분 가죽 표면에 본드가 묻은 자국이 있어서 아쉽습니다. ",
        "SentimentWord": "12",
        "SentimentPolarity": "-1"
      },
      {
        "Aspect": "조작성",
        "SentimentText": "블루투스 연결은 앱다운받아쓰니 휴대폰 연결쉽게 잘되서 만족하며 사용하고있어요",
        "SentimentWord": "8",
        "SentimentPolarity": "1"
      }
    ]
  },
  {
    "Index": "16725",
    "RawText": "디자인이 고급지니까 집 분위기가 확!살아나서 좋습니다. 색상은 화이트로 하고싶었는데 품절이라 블랙으로 한건 아쉬웠어요",
    "Source": "쇼핑몰",
    "Domain": "가전",
    "MainCategory": "영상/음향가전",
    "ProductName": "마샬 STANMORE II 해외구매",
    "ReviewScore": "5",
    "Syllable": "65",
    "Word": "13",
    "RDate": "20191205",
    "GeneralPolarity": "0",
    "Aspects": [
      {
        "Aspect": "디자인",
        "SentimentText": "디자인이 고급지니까 집 분위기가 확!살아나서 좋습니다.",
        "SentimentWord": "6",
        "SentimentPolarity": "1"
      },
      {
        "Aspect": "색상",
        "SentimentText": "색상은 화이트로 하고싶었는데 품절이라 블랙으로 한건 아쉬웠어요",
        "SentimentWord": "7",
        "SentimentPolarity": "-1"
      }
    ]
  },
  {
    "Index": "16726",
    "RawText": "화이트 색상이라 깔끔하고 집 인테리어에도 잘 어울려서 좋아요 그리고 이곳이 제일 저렴해서 좋았어요",
    "Source": "쇼핑몰",
    "Domain": "가전",
    "MainCategory": "영상/음향가전",
    "ProductName": "마샬 STANMORE II 해외구매",
    "ReviewScore": "3",
    "Syllable": "54",
    "Word": "13",
    "RDate": "20200223",
    "GeneralPolarity": "1",
    "Aspects": [
      {
        "Aspect": "색상",
        "SentimentText": "화이트 색상이라 깔끔하고 집 인테리어에도 잘 어울려서 좋아요",
        "SentimentWord": "8",
        "SentimentPolarity": "1"
      },
      {
        "Aspect": "가격",
        "SentimentText": "그리고 이곳이 제일 저렴해서 좋았어요",
        "SentimentWord": "5",
        "SentimentPolarity": "1"
      }
    ]
  },
  {
    "Index": "16727",
    "RawText": "설치도 간단하고 쉬워서 빠르게 연결할 수있어서 좋았어요 그리고 듣는 순간의 음질은 또렷하고 선명하고 좋았습니다.",
    "Source": "쇼핑몰",
    "Domain": "가전",
    "MainCategory": "영상/음향가전",
    "ProductName": "마샬 STANMORE II 해외구매",
    "ReviewScore": "4",
    "Syllable": "62",
    "Word": "14",
    "RDate": "20200322",
    "GeneralPolarity": "1",
    "Aspects": [
      {
        "Aspect": "조작성",
        "SentimentText": "설치도 간단하고 쉬워서 빠르게 연결할 수있어서 좋았어요",
        "SentimentWord": "7",
        "SentimentPolarity": "1"
      },
      {
        "Aspect": "음량/음질",
        "SentimentText": " 그리고 듣는 순간의 음질은 또렷하고 선명하고 좋았습니다.",
        "SentimentWord": "7",
        "SentimentPolarity": "1"
      }
    ]
  },
  {
    "Index": "16728",
    "RawText": "음량도 탁월하고 성능이 매우 좋은 제품이예요 굿!! 그런데 화이트는 처음 써보는데 블랙색상으로 할껄 아쉽네요",
    "Source": "쇼핑몰",
    "Domain": "가전",
    "MainCategory": "영상/음향가전",
    "ProductName": "마샬 STANMORE II 해외구매",
    "ReviewScore": "4",
    "Syllable": "60",
    "Word": "14",
    "RDate": "20220601",
    "GeneralPolarity": "0",
    "Aspects": [
      {
        "Aspect": "음량/음질",
        "SentimentText": "음량도 탁월하고 성능이 매우 좋은 제품이예요 굿!!",
        "SentimentWord": "7",
        "SentimentPolarity": "1"
      },
      {
        "Aspect": "색상",
        "SentimentText": "그런데 화이트는 처음 써보는데 블랙색상으로 할껄 아쉽네요",
        "SentimentWord": "7",
        "SentimentPolarity": "-1"
      }
    ]
  },
  {
    "Index": "16730",
    "RawText": "작동도 잘되고 버튼도 잘 먹어서 이상없고 마음에 듭니다. 그리고 가격도 착하게 잘 구매해서 만족합니다.",
    "Source": "쇼핑몰",
    "Domain": "가전",
    "MainCategory": "영상/음향가전",
    "ProductName": "마샬 STANMORE II 해외구매",
    "ReviewScore": "5",
    "Syllable": "57",
    "Word": "14",
    "RDate": "20200701",
    "GeneralPolarity": "1",
    "Aspects": [
      {
        "Aspect": "품질",
        "SentimentText": "작동도 잘되고 버튼도 잘 먹어서 이상없고 마음에 듭니다. ",
        "SentimentWord": "8",
        "SentimentPolarity": "1"
      },
      {
        "Aspect": "가격",
        "SentimentText": "그리고 가격도 착하게 잘 구매해서 만족합니다.",
        "SentimentWord": "6",
        "SentimentPolarity": "1"
      }
    ]
  },
  {
    "Index": "16731",
    "RawText": "소리도 저음이 울리는게 좋습니다~~ 그리고 인테리어 소품같이 디자인이 너무 예뻐서 아내도 좋아하네요",
    "Source": "쇼핑몰",
    "Domain": "가전",
    "MainCategory": "영상/음향가전",
    "ProductName": "마샬 STANMORE II 해외구매",
    "ReviewScore": "5",
    "Syllable": "55",
    "Word": "12",
    "RDate": "20211231",
    "Aspects": [
      {
        "Aspect": "음량/음질",
        "SentimentText": "소리도 저음이 울리는게 좋습니다~~",
        "SentimentWord": "4",
        "SentimentPolarity": "1"
      },
      {
        "Aspect": "디자인",
        "SentimentText": "그리고 인테리어 소품같이 디자인이 너무 예뻐서 아내도 좋아하네요",
        "SentimentWord": "8",
        "SentimentPolarity": "1"
      }
    ]
  },
  {
    "Index": "16732",
    "RawText": "소리가 매우 선명하고 웅장해서 좋습니다. 마감도 깔끔하니 품질이 좋아서 적극 강추 합니다.",
    "Source": "쇼핑몰",
    "Domain": "가전",
    "MainCategory": "영상/음향가전",
    "ProductName": "마샬 STANMORE II 해외구매",
    "ReviewScore": "5",
    "Syllable": "50",
    "Word": "12",
    "RDate": "20200911",
    "GeneralPolarity": "1",
    "Aspects": [
      {
        "Aspect": "음량/음질",
        "SentimentText": "소리가 매우 선명하고 웅장해서 좋습니다. ",
        "SentimentWord": "5",
        "SentimentPolarity": "1"
      },
      {
        "Aspect": "품질",
        "SentimentText": "마감도 깔끔하니 품질이 좋아서 적극 강추 합니다.",
        "SentimentWord": "7",
        "SentimentPolarity": "1"
      }
    ]
  },
  {
    "Index": "16733",
    "RawText": "버튼 하나하나 작동도 잘 되어 좋아요^^ 다만 돼지코 플러그가 처음에 잘 꽂히지 않아서 힘이 많이들었어요 ㅜ",
    "Source": "쇼핑몰",
    "Domain": "가전",
    "MainCategory": "영상/음향가전",
    "ProductName": "마샬 STANMORE II 해외구매",
    "ReviewScore": "5",
    "Syllable": "60",
    "Word": "16",
    "RDate": "20200920",
    "GeneralPolarity": "0",
    "Aspects": [
      {
        "Aspect": "품질",
        "SentimentText": "버튼 하나하나 작동도 잘 되어 좋아요^^",
        "SentimentWord": "6",
        "SentimentPolarity": "1"
      },
      {
        "Aspect": "조작성",
        "SentimentText": "다만 돼지코 플러그가 처음에 잘 꽂히지 않아서 힘이 많이들었어요 ㅜ",
        "SentimentWord": "10",
        "SentimentPolarity": "-1"
      }
    ]
  },
  {
    "Index": "16734",
    "RawText": "전원코드도 2가지로 와서 따로 별도로 구매안해도 되어서 좋았어요 그리고 가격도 저렴하고 좋은 가격에 구입해서 만족합니다.",
    "Source": "쇼핑몰",
    "Domain": "가전",
    "MainCategory": "영상/음향가전",
    "ProductName": "마샬 STANMORE II 해외구매",
    "ReviewScore": "4",
    "Syllable": "67",
    "Word": "15",
    "RDate": "20211201",
    "GeneralPolarity": "1",
    "Aspects": [
      {
        "Aspect": "제품구성",
        "SentimentText": "전원코드도 2가지로 와서 따로 별도로 구매안해도 되어서 좋았어요 ",
        "SentimentWord": "8",
        "SentimentPolarity": "1"
      },
      {
        "Aspect": "가격",
        "SentimentText": "그리고 가격도 저렴하고 좋은 가격에 구입해서 만족합니다.",
        "SentimentWord": "7",
        "SentimentPolarity": "1"
      }
    ]
  },
  {
    "Index": "16735",
    "RawText": "연결은 어플을 별도로 설치해야해서 번거로운점이 아쉽습니다. 그래도 전화오면 자동으로 끊겼다가 다시 연결되니까 좋아요~ 그리고 사운드도 공간전체에 잘 퍼지고 음량도 커서 좋습니다.",
    "Source": "쇼핑몰",
    "Domain": "가전",
    "MainCategory": "영상/음향가전",
    "ProductName": "마샬 STANMORE II 해외구매",
    "ReviewScore": "4",
    "Syllable": "99",
    "Word": "21",
    "RDate": "20200322",
    "GeneralPolarity": "1",
    "Aspects": [
      {
        "Aspect": "조작성",
        "SentimentText": "연결은 어플을 별도로 설치해야해서 번거로운점이 아쉽습니다. ",
        "SentimentWord": "6",
        "SentimentPolarity": "-1"
      },
      {
        "Aspect": "기능",
        "SentimentText": "그래도 전화오면 자동으로 끊겼다가 다시 연결되니까 좋아요~",
        "SentimentWord": "7",
        "SentimentPolarity": "1"
      },
      {
        "Aspect": "음량/음질",
        "SentimentText": "그리고 사운드도 공간전체에 잘 퍼지고 음량도 커서 좋습니다.",
        "SentimentWord": "8",
        "SentimentPolarity": "1"
      }
    ]
  },
  {
    "Index": "16736",
    "RawText": "220볼트라 어려움 없이 어디서나 사용이 가능해서 좋아요 그리고 저렴하게 구입해서 좋았어요 ㅎㅎ",
    "Source": "쇼핑몰",
    "Domain": "가전",
    "MainCategory": "영상/음향가전",
    "ProductName": "마샬 STANMORE II 해외구매",
    "ReviewScore": "5",
    "Syllable": "53",
    "Word": "12",
    "RDate": "20200316",
    "GeneralPolarity": "1",
    "Aspects": [
      {
        "Aspect": "소비전력",
        "SentimentText": "220볼트라 어려움 없이 어디서나 사용이 가능해서 좋아요 ",
        "SentimentWord": "7",
        "SentimentPolarity": "1"
      },
      {
        "Aspect": "가격",
        "SentimentText": "그리고 저렴하게 구입해서 좋았어요 ㅎㅎ",
        "SentimentWord": "5",
        "SentimentPolarity": "1"
      }
    ]
  },
  {
    "Index": "16737",
    "RawText": "화이트 색상으로 구입했는데 깔끔하고 예뻐서 만족해요 ㅎㅎ 음질도 부드럽게 잡음없이 들려서 좋습니다~",
    "Source": "쇼핑몰",
    "Domain": "가전",
    "MainCategory": "영상/음향가전",
    "ProductName": "마샬 STANMORE II 해외구매",
    "ReviewScore": "5",
    "Syllable": "55",
    "Word": "12",
    "RDate": "20220329",
    "GeneralPolarity": "1",
    "Aspects": [
      {
        "Aspect": "색상",
        "SentimentText": "화이트 색상으로 구입했는데 깔끔하고 예뻐서 만족해요 ㅎㅎ",
        "SentimentWord": "7",
        "SentimentPolarity": "1"
      },
      {
        "Aspect": "음량/음질",
        "SentimentText": "음질도 부드럽게 잡음없이 들려서 좋습니다~",
        "SentimentWord": "5",
        "SentimentPolarity": "1"
      }
    ]
  },
  {
    "Index": "16738",
    "RawText": "물건도 튼튼하니 부실하지 않아 퀄리티가 마음에 들어요~ 그리고 디자인도 마감도 깔끔하고 인테리어에도 도움이 되어 만족합니다.",
    "Source": "쇼핑몰",
    "Domain": "가전",
    "MainCategory": "영상/음향가전",
    "ProductName": "마샬 STANMORE II 해외구매",
    "ReviewScore": "5",
    "Syllable": "69",
    "Word": "15",
    "RDate": "20211228",
    "GeneralPolarity": "1",
    "Aspects": [
      {
        "Aspect": "품질",
        "SentimentText": "물건도 튼튼하니 부실하지 않아 퀄리티가 마음에 들어요~ ",
        "SentimentWord": "7",
        "SentimentPolarity": "1"
      },
      {
        "Aspect": "디자인",
        "SentimentText": "그리고 디자인도 마감도 깔끔하고 인테리어에도 도움이 되어 만족합니다.",
        "SentimentWord": "8",
        "SentimentPolarity": "1"
      }
    ]
  },
  {
    "Index": "16739",
    "RawText": "제품은 연결도 쉽고 간편하니 만족해요!! 마감도 깔끔하게 잘되어있어서 퀄리티가 좋아요",
    "Source": "쇼핑몰",
    "Domain": "가전",
    "MainCategory": "영상/음향가전",
    "ProductName": "마샬 STANMORE II 해외구매",
    "ReviewScore": "3",
    "Syllable": "47",
    "Word": "10",
    "RDate": "20220309",
    "GeneralPolarity": "1",
    "Aspects": [
      {
        "Aspect": "조작성",
        "SentimentText": "제품은 연결도 쉽고 간편하니 만족해요!!",
        "SentimentWord": "5",
        "SentimentPolarity": "1"
      },
      {
        "Aspect": "품질",
        "SentimentText": "마감도 깔끔하게 잘되어있어서 퀄리티가 좋아요",
        "SentimentWord": "5",
        "SentimentPolarity": "1"
      }
    ]
  },
  {
    "Index": "16741",
    "RawText": "와~ 소리가 정말 청량감도 많이 들고 좋아요 그리고 디자인이 집안 인테리어에도 한몫해서 만족합니다.",
    "Source": "쇼핑몰",
    "Domain": "가전",
    "MainCategory": "영상/음향가전",
    "ProductName": "마샬 STANMORE II 해외구매",
    "ReviewScore": "5",
    "Syllable": "55",
    "Word": "13",
    "RDate": "20200311",
    "GeneralPolarity": "1",
    "Aspects": [
      {
        "Aspect": "음량/음질",
        "SentimentText": "와~ 소리가 정말 청량감도 많이 들고 좋아요",
        "SentimentWord": "7",
        "SentimentPolarity": "1"
      },
      {
        "Aspect": "디자인",
        "SentimentText": "그리고 디자인이 집안 인테리어에도 한몫해서 만족합니다. ",
        "SentimentWord": "6",
        "SentimentPolarity": "1"
      }
    ]
  },
  {
    "Index": "16742",
    "RawText": "사용해보니 연결도 간편하니까 너무 좋아요 침실에 두었더니 디자인도 세련되고 고급져서 분위기가 더 좋아졌어요",
    "Source": "쇼핑몰",
    "Domain": "가전",
    "MainCategory": "영상/음향가전",
    "ProductName": "마샬 STANMORE II 해외구매",
    "ReviewScore": "5",
    "Syllable": "59",
    "Word": "13",
    "RDate": "20220406",
    "GeneralPolarity": "1",
    "Aspects": [
      {
        "Aspect": "조작성",
        "SentimentText": "사용해보니 연결도 간편하니까 너무 좋아요",
        "SentimentWord": "5",
        "SentimentPolarity": "1"
      },
      {
        "Aspect": "디자인",
        "SentimentText": "침실에 두었더니 디자인도 세련되고 고급져서 분위기가 더 좋아졌어요",
        "SentimentWord": "8",
        "SentimentPolarity": "1"
      }
    ]
  },
  {
    "Index": "16743",
    "RawText": "인테리어로도 너무 좋아서 깔끔하기도 하고 디자인 마음에 들어요 그리고 사운드도 노이즈없이 깔끔해서 좋아요^^",
    "Source": "쇼핑몰",
    "Domain": "가전",
    "MainCategory": "영상/음향가전",
    "ProductName": "마샬 STANMORE II 해외구매",
    "ReviewScore": "4",
    "Syllable": "60",
    "Word": "13",
    "RDate": "20220404",
    "GeneralPolarity": "1",
    "Aspects": [
      {
        "Aspect": "디자인",
        "SentimentText": "인테리어로도 너무 좋아서 깔끔하기도 하고 디자인 마음에 들어요",
        "SentimentWord": "8",
        "SentimentPolarity": "1"
      },
      {
        "Aspect": "음량/음질",
        "SentimentText": "그리고 사운드도 노이즈없이 깔끔해서 좋아요^^",
        "SentimentWord": "5",
        "SentimentPolarity": "1"
      }
    ]
  },
  {
    "Index": "16744",
    "RawText": "받아보니 생각보다 더 예쁘고 세련된 디자인이라 좋아요 그리고 핸드폰 블루투스랑도 연결이 잘되어서 만족합니다.",
    "Source": "쇼핑몰",
    "Domain": "가전",
    "MainCategory": "영상/음향가전",
    "ProductName": "마샬 STANMORE II 해외구매",
    "ReviewScore": "5",
    "Syllable": "60",
    "Word": "13",
    "RDate": "20220419",
    "GeneralPolarity": "1",
    "Aspects": [
      {
        "Aspect": "디자인",
        "SentimentText": "받아보니 생각보다 더 예쁘고 세련된 디자인이라 좋아요",
        "SentimentWord": "7",
        "SentimentPolarity": "1"
      },
      {
        "Aspect": "조작성",
        "SentimentText": "그리고 핸드폰 블루투스랑도 연결이 잘되어서 만족합니다.",
        "SentimentWord": "6",
        "SentimentPolarity": "1"
      }
    ]
  },
  {
    "Index": "16746",
    "RawText": "가장 저렴하게 구입한것같아서 좋아요 소리도 집안전체에 울려퍼지고 짱짱하니 만족해요~",
    "Source": "쇼핑몰",
    "Domain": "가전",
    "MainCategory": "영상/음향가전",
    "ProductName": "마샬 STANMORE II 해외구매",
    "ReviewScore": "5",
    "Syllable": "46",
    "Word": "9",
    "RDate": "20200421",
    "GeneralPolarity": "1",
    "Aspects": [
      {
        "Aspect": "가격",
        "SentimentText": "가장 저렴하게 구입한것같아서 좋아요 ",
        "SentimentWord": "4",
        "SentimentPolarity": "1"
      },
      {
        "Aspect": "음량/음질",
        "SentimentText": "소리도 집안전체에 울려퍼지고 짱짱하니 만족해요~",
        "SentimentWord": "5",
        "SentimentPolarity": "1"
      }
    ]
  },
  {
    "Index": "16748",
    "RawText": "상품은 감성자극하는 디자인으로 매우 마음에 들어요 그리고 음질도 깨끗하고 맑아서 최고예요! 블루투스 연결도 잘되고 간편하니 좋아요",
    "Source": "쇼핑몰",
    "Domain": "가전",
    "MainCategory": "영상/음향가전",
    "ProductName": "마샬 STANMORE II 해외구매",
    "ReviewScore": "5",
    "Syllable": "72",
    "Word": "16",
    "RDate": "20210917",
    "GeneralPolarity": "1",
    "Aspects": [
      {
        "Aspect": "디자인",
        "SentimentText": "상품은 감성자극하는 디자인으로 매우 마음에 들어요 ",
        "SentimentWord": "6",
        "SentimentPolarity": "1"
      },
      {
        "Aspect": "음량/음질",
        "SentimentText": "그리고 음질도 깨끗하고 맑아서 최고예요! ",
        "SentimentWord": "5",
        "SentimentPolarity": "1"
      },
      {
        "Aspect": "조작성",
        "SentimentText": "블루투스 연결도 잘되고 간편하니 좋아요",
        "SentimentWord": "5",
        "SentimentPolarity": "1"
      }
    ]
  },
  {
    "Index": "16749",
    "RawText": "제품의 마감이나 퀄리티가 두말할것없이 완벽해요^^ 그런데 생각보다 무거워서 당황했어요",
    "Source": "쇼핑몰",
    "Domain": "가전",
    "MainCategory": "영상/음향가전",
    "ProductName": "마샬 STANMORE II 해외구매",
    "ReviewScore": "3",
    "Syllable": "47",
    "Word": "9",
    "RDate": "20220411",
    "GeneralPolarity": "0",
    "Aspects": [
      {
        "Aspect": "품질",
        "SentimentText": "제품의 마감이나 퀄리티가 두말할것없이 완벽해요^^ ",
        "SentimentWord": "5",
        "SentimentPolarity": "1"
      },
      {
        "Aspect": "무게",
        "SentimentText": "그런데 생각보다 무거워서 당황했어요",
        "SentimentWord": "4",
        "SentimentPolarity": "-1"
      }
    ]
  },
  {
    "Index": "16750",
    "RawText": "상품의 마감이 깔끔하고 이상없이 잘 와서 퀄리티가 마음에 들어요 그리고 고급스럽게 너무 예뻐요!!",
    "Source": "쇼핑몰",
    "Domain": "가전",
    "MainCategory": "영상/음향가전",
    "ProductName": "마샬 STANMORE II 해외구매",
    "ReviewScore": "5",
    "Syllable": "54",
    "Word": "13",
    "RDate": "20210601",
    "GeneralPolarity": "1",
    "Aspects": [
      {
        "Aspect": "품질",
        "SentimentText": "상품의 마감이 깔끔하고 이상없이 잘 와서 퀄리티가 마음에 들어요",
        "SentimentWord": "9",
        "SentimentPolarity": "1"
      },
      {
        "Aspect": "디자인",
        "SentimentText": "그리고 고급스럽게 너무 예뻐요!!",
        "SentimentWord": "4",
        "SentimentPolarity": "1"
      }
    ]
  },
  {
    "Index": "16751",
    "RawText": "제품의 기능들도 작동 잘하고 외관상의 찢기거나 하자의 문제 없이 퀄리티 대박입니다. 그리고 음질도 영롱하니 마음에 쏙! 들어요~",
    "Source": "쇼핑몰",
    "Domain": "가전",
    "MainCategory": "영상/음향가전",
    "ProductName": "마샬 STANMORE II 해외구매",
    "ReviewScore": "3",
    "Syllable": "71",
    "Word": "17",
    "RDate": "20200514",
    "GeneralPolarity": "1",
    "Aspects": [
      {
        "Aspect": "품질",
        "SentimentText": "제품의 기능들도 작동 잘하고 외관상의 찢기거나 하자의 문제 없이 퀄리티 대박입니다. ",
        "SentimentWord": "11",
        "SentimentPolarity": "1"
      },
      {
        "Aspect": "음량/음질",
        "SentimentText": "그리고 음질도 영롱하니 마음에 쏙! 들어요~",
        "SentimentWord": "6",
        "SentimentPolarity": "1"
      }
    ]
  },
  {
    "Index": "16752",
    "RawText": "생각보다 커서 원래 두려던 곳에 둘 수없는게 아쉬워요 그런데 화이트색상 아주 깔끔하고 화사해서 예쁩니다.",
    "Source": "쇼핑몰",
    "Domain": "가전",
    "MainCategory": "영상/음향가전",
    "ProductName": "마샬 STANMORE II 해외구매",
    "ReviewScore": "4",
    "Syllable": "58",
    "Word": "14",
    "RDate": "20220410",
    "GeneralPolarity": "0",
    "Aspects": [
      {
        "Aspect": "사이즈",
        "SentimentText": "생각보다 커서 원래 두려던 곳에 둘 수없는게 아쉬워요",
        "SentimentWord": "8",
        "SentimentPolarity": "-1"
      },
      {
        "Aspect": "색상",
        "SentimentText": "그런데 화이트색상 아주 깔끔하고 화사해서 예쁩니다.",
        "SentimentWord": "6",
        "SentimentPolarity": "1"
      }
    ]
  },
  {
    "Index": "16753",
    "RawText": "사운드도 맑고 영롱해서 마음에 들어요 그리고 재질도 튼튼하고 탄탄해서 고장없이 잘 쓸 것같아요",
    "Source": "쇼핑몰",
    "Domain": "가전",
    "MainCategory": "영상/음향가전",
    "ProductName": "마샬 STANMORE II 해외구매",
    "ReviewScore": "3",
    "Syllable": "52",
    "Word": "13",
    "RDate": "20211023",
    "GeneralPolarity": "1",
    "Aspects": [
      {
        "Aspect": "음량/음질",
        "SentimentText": "사운드도 맑고 영롱해서 마음에 들어요 ",
        "SentimentWord": "5",
        "SentimentPolarity": "1"
      },
      {
        "Aspect": "소재",
        "SentimentText": "그리고 재질도 튼튼하고 탄탄해서 고장없이 잘 쓸 것같아요",
        "SentimentWord": "8",
        "SentimentPolarity": "1"
      }
    ]
  },
  {
    "Index": "16754",
    "RawText": "사운드도 온집안에 울려퍼질만큼 음량이 강해서 좋네요  그런데 주위에 피해갈까 소리를 크게 틀을 수 없어서 불편하네요",
    "Source": "쇼핑몰",
    "Domain": "가전",
    "MainCategory": "영상/음향가전",
    "ProductName": "마샬 STANMORE II 해외구매",
    "ReviewScore": "3",
    "Syllable": "64",
    "Word": "15",
    "RDate": "20200418",
    "Aspects": [
      {
        "Aspect": "음량/음질",
        "SentimentText": "사운드도 온집안에 울려퍼질만큼 음량이 강해서 좋네요",
        "SentimentWord": "6",
        "SentimentPolarity": "1"
      },
      {
        "Aspect": "편의성",
        "SentimentText": "그런데 주위에 피해갈까 소리를 크게 틀을 수 없어서 불편하네요",
        "SentimentWord": "9",
        "SentimentPolarity": "-1"
      }
    ]
  },
  {
    "Index": "16755",
    "RawText": "한시간이나 헤매면서 설치했어요 시간이 오래걸려서 힘들었네요 ㅜㅜ 소리는 볼륨을 높이니까 더 웅장하니 좋았어요^^",
    "Source": "쇼핑몰",
    "Domain": "가전",
    "MainCategory": "영상/음향가전",
    "ProductName": "마샬 STANMORE II 해외구매",
    "ReviewScore": "5",
    "Syllable": "62",
    "Word": "13",
    "RDate": "20200617",
    "GeneralPolarity": "0",
    "Aspects": [
      {
        "Aspect": "조작성",
        "SentimentText": "한시간이나 헤매면서 설치했어요 시간이 오래걸려서 힘들었네요 ㅜㅜ",
        "SentimentWord": "7",
        "SentimentPolarity": "-1"
      },
      {
        "Aspect": "음량/음질",
        "SentimentText": "소리는 볼륨을 높이니까 더 웅장하니 좋았어요^^",
        "SentimentWord": "6",
        "SentimentPolarity": "1"
      }
    ]
  },
  {
    "Index": "16756",
    "RawText": "버튼의 각 기능들이 자기역할을 잘해서 작동잘되니 좋아요^^ 소리도 맑고고운소리가 나니까 만족합니다.",
    "Source": "쇼핑몰",
    "Domain": "가전",
    "MainCategory": "영상/음향가전",
    "ProductName": "마샬 STANMORE II 해외구매",
    "ReviewScore": "5",
    "Syllable": "55",
    "Word": "11",
    "RDate": "20220102",
    "Aspects": [
      {
        "Aspect": "기능",
        "SentimentText": "버튼의 각 기능들이 자기역할을 잘해서 작동잘되니 좋아요^^",
        "SentimentWord": "7",
        "SentimentPolarity": "1"
      },
      {
        "Aspect": "음량/음질",
        "SentimentText": "소리도 맑고고운소리가 나니까 만족합니다.",
        "SentimentWord": "4",
        "SentimentPolarity": "1"
      }
    ]
  },
  {
    "Index": "16757",
    "RawText": "블랙이 세일하는데도 저는 화이트를 고집해서 샀어요 ㅎㅎ 너무 이뻐서 대 만족 역시 디자인도 깔끔 인테리어로도 예쁩니다",
    "Source": "쇼핑몰",
    "Domain": "가전",
    "MainCategory": "영상/음향가전",
    "ProductName": "마샬 STANMORE II 해외구매",
    "ReviewScore": "4",
    "Syllable": "65",
    "Word": "16",
    "RDate": "20211217",
    "GeneralPolarity": "1",
    "Aspects": [
      {
        "Aspect": "색상",
        "SentimentText": "블랙이 세일하는데도 저는 화이트를 고집해서 샀어요 ㅎㅎ 너무 이뻐서 대 만족",
        "SentimentWord": "11",
        "SentimentPolarity": "1"
      },
      {
        "Aspect": "디자인",
        "SentimentText": "역시 디자인도 깔끔 인테리어로도 예쁩니다 ",
        "SentimentWord": "5",
        "SentimentPolarity": "1"
      }
    ]
  },
  {
    "Index": "16758",
    "RawText": "블루투스 연결해서 듣는데 간편하고 쉬워서 좋아요 바닥에 내려만 두어도 인테리어에 한몫합니다 굿!",
    "Source": "쇼핑몰",
    "Domain": "가전",
    "MainCategory": "영상/음향가전",
    "ProductName": "마샬 STANMORE II 해외구매",
    "ReviewScore": "5",
    "Syllable": "53",
    "Word": "12",
    "RDate": "20220531",
    "GeneralPolarity": "1",
    "Aspects": [
      {
        "Aspect": "조작성",
        "SentimentText": "블루투스 연결해서 듣는데 간편하고 쉬워서 좋아요",
        "SentimentWord": "6",
        "SentimentPolarity": "1"
      },
      {
        "Aspect": "디자인",
        "SentimentText": "바닥에 내려만 두어도 인테리어에 한몫합니다 굿!",
        "SentimentWord": "6",
        "SentimentPolarity": "1"
      }
    ]
  },
  {
    "Index": "16759",
    "RawText": "가격대도 저렴하고 잘 구매한것같아서 만족해요 음질은 선명하고 맑아서 만족해요~",
    "Source": "쇼핑몰",
    "Domain": "가전",
    "MainCategory": "영상/음향가전",
    "ProductName": "마샬 STANMORE II 해외구매",
    "ReviewScore": "4",
    "Syllable": "43",
    "Word": "9",
    "RDate": "20211221",
    "GeneralPolarity": "1",
    "Aspects": [
      {
        "Aspect": "가격",
        "SentimentText": "가격대도 저렴하고 잘 구매한것같아서 만족해요",
        "SentimentWord": "5",
        "SentimentPolarity": "1"
      },
      {
        "Aspect": "음량/음질",
        "SentimentText": "음질은 선명하고 맑아서 만족해요~ ",
        "SentimentWord": "4",
        "SentimentPolarity": "1"
      }
    ]
  },
  {
    "Index": "16760",
    "RawText": "소리는 역시 음량이 떨어지지 않고 공간을 다 차지해 줘서 풍성하니 좋습니다 그리고 클래식한 검은색\u0026브론즈 색상이라서 집안 인테리어랑도 잘 어울려요~",
    "Source": "쇼핑몰",
    "Domain": "가전",
    "MainCategory": "영상/음향가전",
    "ProductName": "마샬 STANMORE II 해외구매",
    "ReviewScore": "5",
    "Syllable": "82",
    "Word": "19",
    "RDate": "20210105",
    "GeneralPolarity": "1",
    "Aspects": [
      {
        "Aspect": "음량/음질",
        "SentimentText": "소리는 역시 음량이 떨어지지 않고 공간을 다 차지해 줘서 풍성하니 좋습니다",
        "SentimentWord": "11",
        "SentimentPolarity": "1"
      },
      {
        "Aspect": "색상",
        "SentimentText": "그리고 클래식한 검은색\u0026브론즈 색상이라서 집안 인테리어랑도 잘 어울려요~",
        "SentimentWord": "8",
        "SentimentPolarity": "1"
      }
    ]
  },
  {
    "Index": "16761",
    "RawText": "처음에 블루투스 연결이 매끄럽지 않아서 진땀이 났네요 ㅜㅜ 그런데 들어보니 음향이 풍성해서 좋아요",
    "Source": "쇼핑몰",
    "Domain": "가전",
    "MainCategory": "영상/음향가전",
    "ProductName": "마샬 STANMORE II 해외구매",
    "ReviewScore": "5",
    "Syllable": "54",
    "Word": "13",
    "RDate": "20211103",
    "GeneralPolarity": "0",
    "Aspects": [
      {
        "Aspect": "조작성",
        "SentimentText": "처음에 블루투스 연결이 매끄럽지 않아서 진땀이 났네요 ㅜㅜ",
        "SentimentWord": "8",
        "SentimentPolarity": "-1"
      },
      {
        "Aspect": "음량/음질",
        "SentimentText": "그런데 들어보니 음향이 풍성해서 좋아요",
        "SentimentWord": "5",
        "SentimentPolarity": "1"
      }
    ]
  },
  {
    "Index": "16762",
    "RawText": "마감도 정갈하고 깔끔해서 퀄리티가 좋아용^^ 그런데 음악대기할때 잡음이 있다는것이 아쉽습니다.",
    "Source": "쇼핑몰",
    "Domain": "가전",
    "MainCategory": "영상/음향가전",
    "ProductName": "마샬 STANMORE II 해외구매",
    "ReviewScore": "5",
    "Syllable": "52",
    "Word": "10",
    "RDate": "20211028",
    "GeneralPolarity": "0",
    "Aspects": [
      {
        "Aspect": "품질",
        "SentimentText": "마감도 정갈하고 깔끔해서 퀄리티가 좋아용^^ ",
        "SentimentWord": "5",
        "SentimentPolarity": "1"
      },
      {
        "Aspect": "소음",
        "SentimentText": "그런데 음악대기할때 잡음이 있다는것이 아쉽습니다.",
        "SentimentWord": "5",
        "SentimentPolarity": "-1"
      }
    ]
  },
  {
    "Index": "16763",
    "RawText": "독일에서 오는거라 콘센트 변경 없이 그대로 사용 가능하니까 별도 구매없어서 좋습니다. 무게도 묵직하니 안정감이 들어서 상당히 좋아요",
    "Source": "쇼핑몰",
    "Domain": "가전",
    "MainCategory": "영상/음향가전",
    "ProductName": "마샬 STANMORE II 해외구매",
    "ReviewScore": "5",
    "Syllable": "73",
    "Word": "17",
    "RDate": "20211110",
    "GeneralPolarity": "1",
    "Aspects": [
      {
        "Aspect": "제품구성",
        "SentimentText": "독일에서 오는거라 콘센트 변경 없이 그대로 사용 가능하니까 별도 구매없어서 좋습니다.",
        "SentimentWord": "11",
        "SentimentPolarity": "1"
      },
      {
        "Aspect": "무게",
        "SentimentText": "무게도 묵직하니 안정감이 들어서 상당히 좋아요",
        "SentimentWord": "6",
        "SentimentPolarity": "1"
      }
    ]
  },
  {
    "Index": "16764",
    "RawText": "사용이 쉬우니까 저같은 기계치도 가능한점이 만족스러워요 그리고 기능들도 다양하게 여러용도로 사용이 가능해서 좋습니다. 소리도 웅장하고 풍성해서 만족하구요 가격 또한 저렴해서 강추해요",
    "Source": "쇼핑몰",
    "Domain": "가전",
    "MainCategory": "영상/음향가전",
    "ProductName": "마샬 STANMORE II 해외구매",
    "ReviewScore": "5",
    "Syllable": "101",
    "Word": "21",
    "RDate": "20220317",
    "GeneralPolarity": "1",
    "Aspects": [
      {
        "Aspect": "조작성",
        "SentimentText": "사용이 쉬우니까 저같은 기계치도 가능한점이 만족스러워요",
        "SentimentWord": "6",
        "SentimentPolarity": "1"
      },
      {
        "Aspect": "기능",
        "SentimentText": "그리고 기능들도 다양하게 여러용도로 사용이 가능해서 좋습니다. ",
        "SentimentWord": "7",
        "SentimentPolarity": "1"
      },
      {
        "Aspect": "음량/음질",
        "SentimentText": "소리도 웅장하고 풍성해서 만족하구요 ",
        "SentimentWord": "4",
        "SentimentPolarity": "1"
      },
      {
        "Aspect": "가격",
        "SentimentText": "가격 또한 저렴해서 강추해요",
        "SentimentWord": "4",
        "SentimentPolarity": "1"
      }
    ]
  },
  {
    "Index": "16765",
    "RawText": "사운드가 섬세한 음질까지 잡아줘서 좋아요 그런데  출력이 약해서 음이 풍부하지 못한 점이 아쉽네요",
    "Source": "쇼핑몰",
    "Domain": "가전",
    "MainCategory": "영상/음향가전",
    "ProductName": "마샬 STANMORE II 해외구매",
    "ReviewScore": "4",
    "Syllable": "54",
    "Word": "13",
    "RDate": "20210720",
    "GeneralPolarity": "0",
    "Aspects": [
      {
        "Aspect": "음량/음질",
        "SentimentText": "사운드가 섬세한 음질까지 잡아줘서 좋아요",
        "SentimentWord": "5",
        "SentimentPolarity": "1"
      },
      {
        "Aspect": "음량/음질",
        "SentimentText": "그런데  출력이 약해서 음이 풍부하지 못한 점이 아쉽네요",
        "SentimentWord": "8",
        "SentimentPolarity": "-1"
      }
    ]
  },
  {
    "Index": "16766",
    "RawText": "소리가 풍성하고 울려퍼져서 만족해요 그리고 세련된 디지안이 예쁘구요 그러나 마감이 좀 벌어지고 엉성해서 아쉽네요ㅜㅜ",
    "Source": "쇼핑몰",
    "Domain": "가전",
    "MainCategory": "영상/음향가전",
    "ProductName": "마샬 STANMORE II 해외구매",
    "ReviewScore": "5",
    "Syllable": "64",
    "Word": "14",
    "RDate": "20220330",
    "GeneralPolarity": "0",
    "Aspects": [
      {
        "Aspect": "음량/음질",
        "SentimentText": "소리가 풍성하고 울려퍼져서 만족해요 ",
        "SentimentWord": "4",
        "SentimentPolarity": "1"
      },
      {
        "Aspect": "디자인",
        "SentimentText": "그리고 세련된 디지안이 예쁘구요",
        "SentimentWord": "4",
        "SentimentPolarity": "1"
      },
      {
        "Aspect": "품질",
        "SentimentText": "그러나 마감이 좀 벌어지고 엉성해서 아쉽네요ㅜㅜ",
        "SentimentWord": "6",
        "SentimentPolarity": "0"
      }
    ]
  },
  {
    "Index": "16768",
    "RawText": "상품은 마감처리가 잘되어있어서 퀄리티는 마음에 듭니다. 그런데 가죽이 쉽게 스크레치가 잘 나서 아쉽네요",
    "Source": "쇼핑몰",
    "Domain": "가전",
    "MainCategory": "영상/음향가전",
    "ProductName": "마샬 STANMORE II 해외구매",
    "ReviewScore": "4",
    "Syllable": "57",
    "Word": "13",
    "RDate": "20220403",
    "GeneralPolarity": "0",
    "Aspects": [
      {
        "Aspect": "품질",
        "SentimentText": "상품은 마감처리가 잘되어있어서 퀄리티는 마음에 듭니다. ",
        "SentimentWord": "6",
        "SentimentPolarity": "1"
      },
      {
        "Aspect": "소재",
        "SentimentText": "그런데 가죽이 쉽게 스크레치가 잘 나서 아쉽네요",
        "SentimentWord": "7",
        "SentimentPolarity": "-1"
      }
    ]
  },
  {
    "Index": "16769",
    "RawText": "색상이 생각보다 세련돼서 마음에 들어요 무엇보다 음질이 기대이상으로 빵빵하니 너무 좋네요 디자인이 심플해서 집안 인테리어 효과에 엄청 뛰어납니다 강추해요 무엇보다 할인받아서 저렴하게 구매한 점이 최고 좋아요^^",
    "Source": "쇼핑몰",
    "Domain": "가전",
    "MainCategory": "영상/음향가전",
    "ProductName": "마샬 STANMORE II 해외구매",
    "ReviewScore": "5",
    "Syllable": "117",
    "Word": "26",
    "RDate": "20211128",
    "GeneralPolarity": "1",
    "Aspects": [
      {
        "Aspect": "색상",
        "SentimentText": "색상이 생각보다 세련돼서 마음에 들어요",
        "SentimentWord": "5",
        "SentimentPolarity": "1"
      },
      {
        "Aspect": "음량/음질",
        "SentimentText": "무엇보다 음질이 기대이상으로 빵빵하니 너무 좋네요",
        "SentimentWord": "6",
        "SentimentPolarity": "1"
      },
      {
        "Aspect": "디자인",
        "SentimentText": "디자인이 심플해서 집안 인테리어 효과에 엄청 뛰어납니다 강추해요",
        "SentimentWord": "8",
        "SentimentPolarity": "1"
      },
      {
        "Aspect": "가격",
        "SentimentText": "무엇보다 할인받아서 저렴하게 구매한 점이 최고 좋아요^^",
        "SentimentWord": "7",
        "SentimentPolarity": "1"
      }
    ]
  },
  {
    "Index": "16770",
    "RawText": "생각보다 배송 빠른듯 하네요 디자인이 의외로 세련돼서 너무 마음에 들어요~ 음질도 부드럽고 섬세하니 듣기에 매우 좋고요^^",
    "Source": "쇼핑몰",
    "Domain": "가전",
    "MainCategory": "영상/음향가전",
    "ProductName": "마샬 STANMORE II 해외구매",
    "ReviewScore": "5",
    "Syllable": "68",
    "Word": "16",
    "RDate": "20200324",
    "GeneralPolarity": "1",
    "Aspects": [
      {
        "Aspect": "디자인",
        "SentimentText": "디자인이 의외로 세련돼서 너무 마음에 들어요~",
        "SentimentWord": "6",
        "SentimentPolarity": "1"
      },
      {
        "Aspect": "음량/음질",
        "SentimentText": "음질도 부드럽고 섬세하니 듣기에 매우 좋고요^^",
        "SentimentWord": "6",
        "SentimentPolarity": "1"
      }
    ]
  },
  {
    "Index": "16771",
    "RawText": "생각보다 배송도 빠르네요 제품도 마감처리 깨끗하니 너무 마음에 들어요 220v 전원케이블도 들어있어서 따로 구매하지 않아도 되고 넘 좋네요 굿굿",
    "Source": "쇼핑몰",
    "Domain": "가전",
    "MainCategory": "영상/음향가전",
    "ProductName": "마샬 STANMORE II 해외구매",
    "ReviewScore": "5",
    "Syllable": "80",
    "Word": "19",
    "RDate": "20211107",
    "GeneralPolarity": "1",
    "Aspects": [
      {
        "Aspect": "품질",
        "SentimentText": "제품도 마감처리 깨끗하니 너무 마음에 들어요",
        "SentimentWord": "6",
        "SentimentPolarity": "1"
      },
      {
        "Aspect": "제품구성",
        "SentimentText": "220v 전원케이블도 들어있어서 따로 구매하지 않아도 되고 넘 좋네요 굿굿",
        "SentimentWord": "10",
        "SentimentPolarity": "1"
      }
    ]
  },
  {
    "Index": "16772",
    "RawText": "생각보다 엄청빨리와요 가격도 여기가 제일 저렴하네요 득템했어요 굿굿 실물받고 디자인이 생각외로 너무 심플하고 이뻐서 감동이에요 음질도 동급대비 엄청 깨끗하게 잘들려요 대만족^^",
    "Source": "쇼핑몰",
    "Domain": "가전",
    "MainCategory": "영상/음향가전",
    "ProductName": "마샬 STANMORE II 해외구매",
    "ReviewScore": "5",
    "Syllable": "98",
    "Word": "21",
    "RDate": "20200423",
    "GeneralPolarity": "1",
    "Aspects": [
      {
        "Aspect": "가격",
        "SentimentText": "가격도 여기가 제일 저렴하네요 득템했어요 굿굿",
        "SentimentWord": "6",
        "SentimentPolarity": "1"
      },
      {
        "Aspect": "디자인",
        "SentimentText": "실물받고 디자인이 생각외로 너무 심플하고 이뻐서 감동이에요",
        "SentimentWord": "7",
        "SentimentPolarity": "1"
      },
      {
        "Aspect": "음량/음질",
        "SentimentText": "음질도 동급대비 엄청 깨끗하게 잘들려요 대만족^^",
        "SentimentWord": "6",
        "SentimentPolarity": "1"
      }
    ]
  },
  {
    "Index": "16773",
    "RawText": "생각했던거 보다 빨리 왔습니다. 코로나로 오래걸리거라고 예상했었는데 말이죠. 포장상태 상당히 괜찮았어요 제품도 마감이나 이음새 확인결과 너무 괜찮아서 맘에 들어요 음질은 더 말 할것도 없이 빵빵하니 아주 좋습니다~ 적극 추천해요^^",
    "Source": "쇼핑몰",
    "Domain": "가전",
    "MainCategory": "영상/음향가전",
    "ProductName": "마샬 STANMORE II 해외구매",
    "ReviewScore": "5",
    "Syllable": "129",
    "Word": "29",
    "RDate": "20200414",
    "GeneralPolarity": "1",
    "Aspects": [
      {
        "Aspect": "품질",
        "SentimentText": "제품도 마감이나 이음새 확인결과 너무 괜찮아서 맘에 들어요",
        "SentimentWord": "8",
        "SentimentPolarity": "1"
      },
      {
        "Aspect": "음량/음질",
        "SentimentText": "음질은 더 말 할것도 없이 빵빵하니 아주 좋습니다~ 적극 추천해요^^",
        "SentimentWord": "10",
        "SentimentPolarity": "1"
      }
    ]
  },
  {
    "Index": "16774",
    "RawText": "할인쿠폰에 카드할인까지 적용되서 매우 저렴하게 구매했어요 최고만족해요^^ 정상 제품으로 잘 도착했구요 다양한 전자제품에 블루투스 연결이 쉽게 잘 되는 기능이 너무 마음에 듭니다^^",
    "Source": "쇼핑몰",
    "Domain": "가전",
    "MainCategory": "영상/음향가전",
    "ProductName": "마샬 STANMORE II 해외구매",
    "ReviewScore": "5",
    "Syllable": "100",
    "Word": "22",
    "RDate": "20220123",
    "GeneralPolarity": "1",
    "Aspects": [
      {
        "Aspect": "가격",
        "SentimentText": "할인쿠폰에 카드할인까지 적용되서 매우 저렴하게 구매했어요 최고만족해요^^",
        "SentimentWord": "7",
        "SentimentPolarity": "1"
      },
      {
        "Aspect": "기능",
        "SentimentText": "다양한 전자제품에 블루투스 연결이 쉽게 잘 되는 기능이 너무 마음에 듭니다^^",
        "SentimentWord": "11",
        "SentimentPolarity": "1"
      }
    ]
  },
  {
    "Index": "16775",
    "RawText": "소리가 예상보다 너무 좋아요 저고음역대 다 잡아주어서 듣기 좋네요 다만 전원 케이블이 유럽형 플러그라 멀티탭 꽂을때 불편합니다 아쉬워요 ㅠㅠㅠ",
    "Source": "쇼핑몰",
    "Domain": "가전",
    "MainCategory": "영상/음향가전",
    "ProductName": "마샬 STANMORE II 해외구매",
    "ReviewScore": "5",
    "Syllable": "79",
    "Word": "19",
    "RDate": "20200225",
    "GeneralPolarity": "0",
    "Aspects": [
      {
        "Aspect": "음량/음질",
        "SentimentText": "소리가 예상보다 너무 좋아요 저고음역대 다 잡아주어서 듣기 좋네요",
        "SentimentWord": "9",
        "SentimentPolarity": "1"
      },
      {
        "Aspect": "편의성",
        "SentimentText": "다만 전원 케이블이 유럽형 플러그라 멀티탭 꽂을때 불편합니다 아쉬워요 ㅠㅠㅠ",
        "SentimentWord": "10",
        "SentimentPolarity": "-1"
      }
    ]
  },
  {
    "Index": "16776",
    "RawText": "소리는 생각했던것만큼 플랫한 음질이라 듣기 편하니 좋아요~ 그리고 브라운컬러 역시 고급져서 만족합니다",
    "Source": "쇼핑몰",
    "Domain": "가전",
    "MainCategory": "영상/음향가전",
    "ProductName": "마샬 STANMORE II 해외구매",
    "ReviewScore": "4",
    "Syllable": "56",
    "Word": "12",
    "RDate": "20200331",
    "GeneralPolarity": "1",
    "Aspects": [
      {
        "Aspect": "음량/음질",
        "SentimentText": "소리는 생각했던것만큼 플랫한 음질이라 듣기 편하니 좋아요~",
        "SentimentWord": "7",
        "SentimentPolarity": "1"
      },
      {
        "Aspect": "색상",
        "SentimentText": "그리고 브라운컬러 역시 고급져서 만족합니다",
        "SentimentWord": "5",
        "SentimentPolarity": "1"
      }
    ]
  },
  {
    "Index": "16777",
    "RawText": "특별행사기간에 착한 가격으로 잘 구매해서 대만족합니다 다만 제품 마감처리가 가격대비 약간 아쉬운정도네요 ㅠㅠ 그래도 베이스가 웅장한 소리가 듣기에 너무 좋습니다^^",
    "Source": "쇼핑몰",
    "Domain": "가전",
    "MainCategory": "영상/음향가전",
    "ProductName": "마샬 STANMORE II 해외구매",
    "ReviewScore": "4",
    "Syllable": "91",
    "Word": "20",
    "RDate": "20211006",
    "GeneralPolarity": "1",
    "Aspects": [
      {
        "Aspect": "가격",
        "SentimentText": "특별행사기간에 착한 가격으로 잘 구매해서 대만족합니다",
        "SentimentWord": "6",
        "SentimentPolarity": "1"
      },
      {
        "Aspect": "품질",
        "SentimentText": "다만 제품 마감처리가 가격대비 약간 아쉬운정도네요 ㅠㅠ",
        "SentimentWord": "7",
        "SentimentPolarity": "-1"
      },
      {
        "Aspect": "음량/음질",
        "SentimentText": "그래도 베이스가 웅장한 소리가 듣기에 너무 좋습니다^^",
        "SentimentWord": "7",
        "SentimentPolarity": "1"
      }
    ]
  },
  {
    "Index": "16778",
    "RawText": "특별할인기간에 저렴하게 구매해서 득템했어요 짱! 디자인이 생각외로 너무 고급져서 만족해요ㅎㅎ 크기도 집에서 사용하기 적당한 정도의 아담한 크기라 맘에 들어요 소리 또한 웅장하니 듣기에 아주 좋아용^^",
    "Source": "쇼핑몰",
    "Domain": "가전",
    "MainCategory": "영상/음향가전",
    "ProductName": "마샬 STANMORE II 해외구매",
    "ReviewScore": "5",
    "Syllable": "111",
    "Word": "25",
    "RDate": "20211129",
    "GeneralPolarity": "1",
    "Aspects": [
      {
        "Aspect": "가격",
        "SentimentText": "특별할인기간에 저렴하게 구매해서 득템했어요 짱!",
        "SentimentWord": "5",
        "SentimentPolarity": "1"
      },
      {
        "Aspect": "디자인",
        "SentimentText": "디자인이 생각외로 너무 고급져서 만족해요ㅎㅎ",
        "SentimentWord": "5",
        "SentimentPolarity": "1"
      },
      {
        "Aspect": "사이즈",
        "SentimentText": "크기도 집에서 사용하기 적당한 정도의 아담한 크기라 맘에 들어요",
        "SentimentWord": "9",
        "SentimentPolarity": "1"
      },
      {
        "Aspect": "음량/음질",
        "SentimentText": "소리 또한 웅장하니 듣기에 아주 좋아용^^",
        "SentimentWord": "6",
        "SentimentPolarity": "1"
      }
    ]
  },
  {
    "Index": "16780",
    "RawText": "블루투스 연결 설정하는데 너무 어려워서 후회되네요 ㅠㅠ 소리도 이전 모델이 더 나을정도로 떨어지는 점이 아쉽네요.. 하아 ㅠㅠ",
    "Source": "쇼핑몰",
    "Domain": "가전",
    "MainCategory": "영상/음향가전",
    "ProductName": "마샬 STANMORE II 해외구매",
    "ReviewScore": "1",
    "Syllable": "70",
    "Word": "17",
    "RDate": "20201007",
    "GeneralPolarity": "-1",
    "Aspects": [
      {
        "Aspect": "조작성",
        "SentimentText": "블루투스 연결 설정하는데 너무 어려워서 후회되네요 ㅠㅠ",
        "SentimentWord": "7",
        "SentimentPolarity": "-1"
      },
      {
        "Aspect": "음량/음질",
        "SentimentText": "소리도 이전 모델이 더 나을정도로 떨어지는 점이 아쉽네요.. 하아 ㅠㅠ",
        "SentimentWord": "10",
        "SentimentPolarity": "-1"
      }
    ]
  },
  {
    "Index": "16781",
    "RawText": "스피커의 최상급음질로 귀호강하니 삶의 질이 달라졌어요 섬세한 음질 최고입니다 이전모델 갖고있어서 확실히 최신모델 음질 차이는 말할것도 없이 좋습니다",
    "Source": "쇼핑몰",
    "Domain": "가전",
    "MainCategory": "영상/음향가전",
    "ProductName": "마샬 STANMORE II 해외구매",
    "ReviewScore": "5",
    "Syllable": "82",
    "Word": "18",
    "RDate": "20210903",
    "GeneralPolarity": "1",
    "Aspects": [
      {
        "Aspect": "음량/음질",
        "SentimentText": "스피커의 최상급음질로 귀호강하니 삶의 질이 달라졌어요 섬세한 음질 최고입니다",
        "SentimentWord": "9",
        "SentimentPolarity": "1"
      },
      {
        "Aspect": "제조일/제조사",
        "SentimentText": "이전모델 갖고있어서 확실히 최신모델 음질 차이는 말할것도 없이 좋습니다",
        "SentimentWord": "9",
        "SentimentPolarity": "1"
      }
    ]
  },
  {
    "Index": "16782",
    "RawText": "웅장하게 들리는 사운드 듣자마자 대만족했어요~^^ 컬러도 브라운 선택하길 잘했네요 고급지고 더 멋지네요",
    "Source": "쇼핑몰",
    "Domain": "가전",
    "MainCategory": "영상/음향가전",
    "ProductName": "마샬 STANMORE II 해외구매",
    "ReviewScore": "5",
    "Syllable": "57",
    "Word": "12",
    "RDate": "20211028",
    "GeneralPolarity": "1",
    "Aspects": [
      {
        "Aspect": "음량/음질",
        "SentimentText": "웅장하게 들리는 사운드 듣자마자 대만족했어요~^^",
        "SentimentWord": "5",
        "SentimentPolarity": "1"
      },
      {
        "Aspect": "색상",
        "SentimentText": "컬러도 브라운 선택하길 잘했네요 고급지고 더 멋지네요",
        "SentimentWord": "7",
        "SentimentPolarity": "1"
      }
    ]
  },
  {
    "Index": "16783",
    "RawText": "특정기기에 블루투스가 인식하지 못하는 현상이 치명적인 단점이네요 ㅠㅠ 그래도 음질은 생각보다 빵빵하니 듣기에 너무 만족 합니다~",
    "Source": "쇼핑몰",
    "Domain": "가전",
    "MainCategory": "영상/음향가전",
    "ProductName": "마샬 STANMORE II 해외구매",
    "ReviewScore": "3",
    "Syllable": "71",
    "Word": "16",
    "RDate": "20200519",
    "GeneralPolarity": "0",
    "Aspects": [
      {
        "Aspect": "기능",
        "SentimentText": "특정기기에 블루투스가 인식하지 못하는 현상이 치명적인 단점이네요 ㅠㅠ",
        "SentimentWord": "8",
        "SentimentPolarity": "-1"
      },
      {
        "Aspect": "음량/음질",
        "SentimentText": "그래도 음질은 생각보다 빵빵하니 듣기에 너무 만족 합니다~",
        "SentimentWord": "8",
        "SentimentPolarity": "1"
      }
    ]
  },
  {
    "Index": "16784",
    "RawText": "색깔이 유광이라 은은하니 예쁘네요 굿굿 소리도 생각보다 깨끗해서 듣기에 좋아요 다만 AUX 선이 없는점이 약간 아쉽긴하네요ㅠㅠ 그래도 블루투스도 연결 기능이 잘되서 만족해요^^",
    "Source": "쇼핑몰",
    "Domain": "가전",
    "MainCategory": "영상/음향가전",
    "ProductName": "마샬 STANMORE II 해외구매",
    "ReviewScore": "5",
    "Syllable": "98",
    "Word": "22",
    "RDate": "20200229",
    "Aspects": [
      {
        "Aspect": "색상",
        "SentimentText": "색깔이 유광이라 은은하니 예쁘네요 굿굿",
        "SentimentWord": "5",
        "SentimentPolarity": "1"
      },
      {
        "Aspect": "음량/음질",
        "SentimentText": "소리도 생각보다 깨끗해서 듣기에 좋아요",
        "SentimentWord": "5",
        "SentimentPolarity": "1"
      },
      {
        "Aspect": "제품구성",
        "SentimentText": "다만 AUX 선이 없는점이 약간 아쉽긴하네요ㅠㅠ",
        "SentimentWord": "6",
        "SentimentPolarity": "-1"
      },
      {
        "Aspect": "기능",
        "SentimentText": "그래도 블루투스도 연결 기능이 잘되서 만족해요^^ ",
        "SentimentWord": "6",
        "SentimentPolarity": "1"
      }
    ]
  },
  {
    "Index": "16785",
    "RawText": "배송도 해외배송 감안하면 빠른 편이고요~ 매뉴얼 정확한 정보로 직접설치가 수월해졌어요 간편하네요!! 감사드립니다~ 제품의 마감이나 이음새 부분은 생각보다 아주 좋아서 만족해요~~",
    "Source": "쇼핑몰",
    "Domain": "가전",
    "MainCategory": "영상/음향가전",
    "ProductName": "마샬 STANMORE II 해외구매",
    "ReviewScore": "5",
    "Syllable": "99",
    "Word": "20",
    "RDate": "20210706",
    "GeneralPolarity": "1",
    "Aspects": [
      {
        "Aspect": "조작성",
        "SentimentText": "매뉴얼 정확한 정보로 직접설치가 수월해졌어요 간편하네요!! 감사드립니다~",
        "SentimentWord": "7",
        "SentimentPolarity": "1"
      },
      {
        "Aspect": "품질",
        "SentimentText": "제품의 마감이나 이음새 부분은 생각보다 아주 좋아서 만족해요~~",
        "SentimentWord": "8",
        "SentimentPolarity": "1"
      }
    ]
  },
  {
    "Index": "16786",
    "RawText": "안전하게 잘 도착했어요! 배송은 일주일 정도 걸렸고, 독일에서 와서 한층 더 안심이 되네요 생각보다 디자인이 인테리어제품 뺨칠만큼 괜찮네요 이뻐요!!! 그리고 오래 틀어도 발열현상없는점이 최강점입니다 굿",
    "Source": "쇼핑몰",
    "Domain": "가전",
    "MainCategory": "영상/음향가전",
    "ProductName": "마샬 STANMORE II 해외구매",
    "ReviewScore": "5",
    "Syllable": "113",
    "Word": "25",
    "RDate": "20211001",
    "GeneralPolarity": "1",
    "Aspects": [
      {
        "Aspect": "디자인",
        "SentimentText": "생각보다 디자인이 인테리어제품 뺨칠만큼 괜찮네요 이뻐요!!!",
        "SentimentWord": "6",
        "SentimentPolarity": "1"
      },
      {
        "Aspect": "내구성",
        "SentimentText": "그리고 오래 틀어도 발열현상없는점이 최강점입니다 굿",
        "SentimentWord": "6",
        "SentimentPolarity": "1"
      }
    ]
  },
  {
    "Index": "16787",
    "RawText": "매뉴얼 지원 어플 설치하고 작동시키기까지 다소 어려워서 설치 힘들었습니다ㅠㅠ 그치만 저렴한 가격이라 참 맘에들어요 감사합니다 그리고 크기가 이전모델보다 확연히 커서 넘 맘에 들어요ㅎㅎ",
    "Source": "쇼핑몰",
    "Domain": "가전",
    "MainCategory": "영상/음향가전",
    "ProductName": "마샬 STANMORE II 해외구매",
    "ReviewScore": "5",
    "Syllable": "102",
    "Word": "23",
    "RDate": "20220129",
    "GeneralPolarity": "1",
    "Aspects": [
      {
        "Aspect": "조작성",
        "SentimentText": "매뉴얼 지원 어플 설치하고 작동시키기까지 다소 어려워서 설치 힘들었습니다ㅠㅠ",
        "SentimentWord": "9",
        "SentimentPolarity": "-1"
      },
      {
        "Aspect": "가격",
        "SentimentText": "그치만 저렴한 가격이라 참 맘에들어요 감사합니다",
        "SentimentWord": "6",
        "SentimentPolarity": "1"
      },
      {
        "Aspect": "사이즈",
        "SentimentText": "그리고 크기가 이전모델보다 확연히 커서 넘 맘에 들어요ㅎㅎ",
        "SentimentWord": "8",
        "SentimentPolarity": "1"
      }
    ]
  },
  {
    "Index": "16788",
    "RawText": "생각보다 거실에 두기에 사이즈가 딱 적당해서 맘에 들어요 집이 화이트톤이라 색상도 화이트로 골랐는데 인테리어효과도 나고 아주 잘어울립니다 만족!!",
    "Source": "쇼핑몰",
    "Domain": "가전",
    "MainCategory": "영상/음향가전",
    "ProductName": "마샬 STANMORE II 해외구매",
    "ReviewScore": "5",
    "Syllable": "81",
    "Word": "18",
    "RDate": "20211104",
    "GeneralPolarity": "1",
    "Aspects": [
      {
        "Aspect": "사이즈",
        "SentimentText": "생각보다 거실에 두기에 사이즈가 딱 적당해서 맘에 들어요",
        "SentimentWord": "8",
        "SentimentPolarity": "1"
      },
      {
        "Aspect": "색상",
        "SentimentText": "집이 화이트톤이라 색상도 화이트로 골랐는데 인테리어효과도 나고 아주 잘어울립니다 만족!!",
        "SentimentWord": "10",
        "SentimentPolarity": "1"
      }
    ]
  },
  {
    "Index": "16790",
    "RawText": "사운드가 풍부한점이 확실히 좋고 마치 콘서트장같아 만족합니다 물류대란에 늦긴했어요 착한 가격으로 구매하여 너무 행복해요^^",
    "Source": "쇼핑몰",
    "Domain": "가전",
    "MainCategory": "영상/음향가전",
    "ProductName": "마샬 STANMORE II 해외구매",
    "ReviewScore": "5",
    "Syllable": "68",
    "Word": "14",
    "RDate": "20220331",
    "GeneralPolarity": "1",
    "Aspects": [
      {
        "Aspect": "음량/음질",
        "SentimentText": "사운드가 풍부한점이 확실히 좋고 마치 콘서트장같아 만족합니다",
        "SentimentWord": "7",
        "SentimentPolarity": "1"
      },
      {
        "Aspect": "가격",
        "SentimentText": "착한 가격으로 구매하여 너무 행복해요^^",
        "SentimentWord": "5",
        "SentimentPolarity": "1"
      }
    ]
  },
  {
    "Index": "16791",
    "RawText": "제품상단에 얼룩이 있습니다 황당하네요...;;; 리뉴얼 제품이라 가격을 좀 더 주고 샀는데 가격대비 조금 실망스럽네요 비싸요",
    "Source": "쇼핑몰",
    "Domain": "가전",
    "MainCategory": "영상/음향가전",
    "ProductName": "마샬 STANMORE II 해외구매",
    "ReviewScore": "3",
    "Syllable": "69",
    "Word": "15",
    "RDate": "20201214",
    "GeneralPolarity": "-1",
    "Aspects": [
      {
        "Aspect": "품질",
        "SentimentText": "제품상단에 얼룩이 있습니다 황당하네요...;;;",
        "SentimentWord": "4",
        "SentimentPolarity": "-1"
      },
      {
        "Aspect": "가격",
        "SentimentText": "리뉴얼 제품이라 가격을 좀 더 주고 샀는데 가격대비 조금 실망스럽네요 비싸요",
        "SentimentWord": "11",
        "SentimentPolarity": "-1"
      }
    ]
  },
  {
    "Index": "16792",
    "RawText": "상자랑 본체 시리얼 대조한 결과 동일해서 정품 믿고 씁니다^^ 굿굿 사운드는 논할 필요도 없이 풍성하고 웅장한 사운드 대만족합니다!!",
    "Source": "쇼핑몰",
    "Domain": "가전",
    "MainCategory": "영상/음향가전",
    "ProductName": "마샬 STANMORE II 해외구매",
    "ReviewScore": "5",
    "Syllable": "74",
    "Word": "18",
    "RDate": "20211209",
    "GeneralPolarity": "1",
    "Aspects": [
      {
        "Aspect": "품질",
        "SentimentText": "상자랑 본체 시리얼 대조한 결과 동일해서 정품 믿고 씁니다^^ 굿굿",
        "SentimentWord": "10",
        "SentimentPolarity": "1"
      },
      {
        "Aspect": "음량/음질",
        "SentimentText": "사운드는 논할 필요도 없이 풍성하고 웅장한 사운드 대만족합니다!!",
        "SentimentWord": "8",
        "SentimentPolarity": "1"
      }
    ]
  },
  {
    "Index": "16793",
    "RawText": "음질이 업그레이드모델이라고 하기엔 이전모델보다 너무 실망스러울정도네요 ㅠㅠ 그치만 디자인은 고급져서 너무 좋네요~",
    "Source": "쇼핑몰",
    "Domain": "가전",
    "MainCategory": "영상/음향가전",
    "ProductName": "마샬 STANMORE II 해외구매",
    "ReviewScore": "5",
    "Syllable": "63",
    "Word": "12",
    "RDate": "20220428",
    "GeneralPolarity": "0",
    "Aspects": [
      {
        "Aspect": "음량/음질",
        "SentimentText": "음질이 업그레이드모델이라고 하기엔 이전모델보다 너무 실망스러울정도네요 ㅠㅠ",
        "SentimentWord": "7",
        "SentimentPolarity": "-1"
      },
      {
        "Aspect": "디자인",
        "SentimentText": "그치만 디자인은 고급져서 너무 좋네요~",
        "SentimentWord": "5",
        "SentimentPolarity": "1"
      }
    ]
  },
  {
    "Index": "16794",
    "RawText": "역시 디자인이 심플하고 모던해서 인테리어 효과를 주네요 만족^^ 음향도 웅장하니 좋아서 아주 만족해요 어플로 이퀄라이저 기능도 가능한점이 최강점이에요 굿굿",
    "Source": "쇼핑몰",
    "Domain": "가전",
    "MainCategory": "영상/음향가전",
    "ProductName": "마샬 STANMORE II 해외구매",
    "ReviewScore": "4",
    "Syllable": "86",
    "Word": "19",
    "RDate": "20211221",
    "GeneralPolarity": "1",
    "Aspects": [
      {
        "Aspect": "디자인",
        "SentimentText": "역시 디자인이 심플하고 모던해서 인테리어 효과를 주네요 만족^^",
        "SentimentWord": "8",
        "SentimentPolarity": "1"
      },
      {
        "Aspect": "음량/음질",
        "SentimentText": "음향도 웅장하니 좋아서 아주 만족해요",
        "SentimentWord": "5",
        "SentimentPolarity": "1"
      },
      {
        "Aspect": "기능",
        "SentimentText": "어플로 이퀄라이저 기능도 가능한점이 최강점이에요 굿굿",
        "SentimentWord": "6",
        "SentimentPolarity": "1"
      }
    ]
  },
  {
    "Index": "16795",
    "RawText": "음질이 웅장하니 귀호강 완전 최고입니다^^ 쿠폰까지 적용해서 타 사이트보다 훨씬 저렴하게 구입했네요 감사합니다~ 배송도 엄청 빨랐구요",
    "Source": "쇼핑몰",
    "Domain": "가전",
    "MainCategory": "영상/음향가전",
    "ProductName": "마샬 STANMORE II 해외구매",
    "ReviewScore": "5",
    "Syllable": "74",
    "Word": "16",
    "RDate": "20210711",
    "GeneralPolarity": "1",
    "Aspects": [
      {
        "Aspect": "음량/음질",
        "SentimentText": "음질이 웅장하니 귀호강 완전 최고입니다^^",
        "SentimentWord": "5",
        "SentimentPolarity": "1"
      },
      {
        "Aspect": "가격",
        "SentimentText": "쿠폰까지 적용해서 타 사이트보다 훨씬 저렴하게 구입했네요 감사합니다~",
        "SentimentWord": "8",
        "SentimentPolarity": "1"
      }
    ]
  },
  {
    "Index": "16796",
    "RawText": "음질이 생각보다 섬세하니 너무 좋네요~~ 디자인도 깔끔하게 떨어져서 너무 이뻐요~ 인테리어 효과로 만점입니다요~",
    "Source": "쇼핑몰",
    "Domain": "가전",
    "MainCategory": "영상/음향가전",
    "ProductName": "마샬 STANMORE II 해외구매",
    "ReviewScore": "5",
    "Syllable": "62",
    "Word": "13",
    "RDate": "20211026",
    "GeneralPolarity": "1",
    "Aspects": [
      {
        "Aspect": "음량/음질",
        "SentimentText": "음질이 생각보다 섬세하니 너무 좋네요~~",
        "SentimentWord": "5",
        "SentimentPolarity": "1"
      },
      {
        "Aspect": "디자인",
        "SentimentText": "디자인도 깔끔하게 떨어져서 너무 이뻐요~ 인테리어 효과로 만점입니다요~",
        "SentimentWord": "8",
        "SentimentPolarity": "1"
      }
    ]
  },
  {
    "Index": "16797",
    "RawText": "은은한 광이 나는 색상 너무 이뻐요 최고~ 소리가 생각보다 더 웅장해서 완전 행복해요^^ 근데 사용설명서가 영어뿐이라서 설정하기 어려웠네요ㅠㅠ",
    "Source": "쇼핑몰",
    "Domain": "가전",
    "MainCategory": "영상/음향가전",
    "ProductName": "마샬 STANMORE II 해외구매",
    "ReviewScore": "5",
    "Syllable": "79",
    "Word": "18",
    "RDate": "20191020",
    "GeneralPolarity": "0",
    "Aspects": [
      {
        "Aspect": "색상",
        "SentimentText": "은은한 광이 나는 색상 너무 이뻐요 최고~",
        "SentimentWord": "7",
        "SentimentPolarity": "1"
      },
      {
        "Aspect": "음량/음질",
        "SentimentText": "소리가 생각보다 더 웅장해서 완전 행복해요^^",
        "SentimentWord": "6",
        "SentimentPolarity": "1"
      },
      {
        "Aspect": "조작성",
        "SentimentText": "근데 사용설명서가 영어뿐이라서 설정하기 어려웠네요ㅠㅠ",
        "SentimentWord": "5",
        "SentimentPolarity": "-1"
      }
    ]
  },
  {
    "Index": "16798",
    "RawText": "생각보다 디자인이 예뻐서 인테리어 효과도 나네요 굿굿 소리가 빵빵하니 잘들려서 넘 좋아요^^ 저는 10일만에 왔어요~",
    "Source": "쇼핑몰",
    "Domain": "가전",
    "MainCategory": "영상/음향가전",
    "ProductName": "마샬 STANMORE II 해외구매",
    "ReviewScore": "5",
    "Syllable": "65",
    "Word": "15",
    "RDate": "20200320",
    "GeneralPolarity": "1",
    "Aspects": [
      {
        "Aspect": "디자인",
        "SentimentText": "생각보다 디자인이 예뻐서 인테리어 효과도 나네요 굿굿",
        "SentimentWord": "7",
        "SentimentPolarity": "1"
      },
      {
        "Aspect": "음량/음질",
        "SentimentText": "소리가 빵빵하니 잘들려서 넘 좋아요^^",
        "SentimentWord": "5",
        "SentimentPolarity": "1"
      }
    ]
  },
  {
    "Index": "16799",
    "RawText": "예상대로 도착해 배송은 2주정도입니다 생각대로 디자인이 세련되니 이뻐서 흡족합니다~~^^ 음질도 좌우 잘 들리고 입체감있어서 상당히 괜찮습니다 최고!!",
    "Source": "쇼핑몰",
    "Domain": "가전",
    "MainCategory": "영상/음향가전",
    "ProductName": "마샬 STANMORE II 해외구매",
    "ReviewScore": "5",
    "Syllable": "84",
    "Word": "17",
    "RDate": "20211216",
    "GeneralPolarity": "1",
    "Aspects": [
      {
        "Aspect": "디자인",
        "SentimentText": "생각대로 디자인이 세련되니 이뻐서 흡족합니다~~^^",
        "SentimentWord": "5",
        "SentimentPolarity": "1"
      },
      {
        "Aspect": "음량/음질",
        "SentimentText": "음질도 좌우 잘 들리고 입체감있어서 상당히 괜찮습니다 최고!!",
        "SentimentWord": "8",
        "SentimentPolarity": "1"
      }
    ]
  },
  {
    "Index": "16800",
    "RawText": "제품 자체가 전원이 안들어오고 작동이 안돼요 ㅜㅜ 너무황당;; 제품에 같이 오는 다른 구성품도 오지 않았네요 불량인가요?? 하아..ㅠ",
    "Source": "쇼핑몰",
    "Domain": "가전",
    "MainCategory": "영상/음향가전",
    "ProductName": "마샬 STANMORE II 해외구매",
    "ReviewScore": "1",
    "Syllable": "74",
    "Word": "17",
    "RDate": "20211008",
    "GeneralPolarity": "-1",
    "Aspects": [
      {
        "Aspect": "품질",
        "SentimentText": "제품 자체가 전원이 안들어오고 작동이 안돼요 ㅜㅜ 너무황당;;",
        "SentimentWord": "8",
        "SentimentPolarity": "-1"
      },
      {
        "Aspect": "제품구성",
        "SentimentText": "제품에 같이 오는 다른 구성품도 오지 않았네요 불량인가요?? 하아..ㅠ",
        "SentimentWord": "9",
        "SentimentPolarity": "-1"
      }
    ]
  },
  {
    "Index": "16801",
    "RawText": "디자인이 신박하고 세련되어 예뻐요 그리고 음량도 풍성하니까 만족하며 사용중입니다.",
    "Source": "쇼핑몰",
    "Domain": "가전",
    "MainCategory": "영상/음향가전",
    "ProductName": "마샬 STANMORE II 해외구매",
    "ReviewScore": "5",
    "Syllable": "45",
    "Word": "9",
    "RDate": "20200331",
    "GeneralPolarity": "1",
    "Aspects": [
      {
        "Aspect": "디자인",
        "SentimentText": "디자인이 신박하고 세련되어 예뻐요",
        "SentimentWord": "4",
        "SentimentPolarity": "1"
      },
      {
        "Aspect": "음량/음질",
        "SentimentText": "그리고 음량도 풍성하니까 만족하며 사용중입니다.",
        "SentimentWord": "5",
        "SentimentPolarity": "1"
      }
    ]
  },
  {
    "Index": "16802",
    "RawText": "물건도 하자없고 튼튼해보여서 만족해요 그리고 인테리어에도 좋을 정도로 예뻐서 최고입니다. 크기도 저희집 거실에 안성맞춤이라 좋아요",
    "Source": "쇼핑몰",
    "Domain": "가전",
    "MainCategory": "영상/음향가전",
    "ProductName": "마샬 STANMORE II 해외구매",
    "ReviewScore": "4",
    "Syllable": "72",
    "Word": "15",
    "RDate": "20220314",
    "Aspects": [
      {
        "Aspect": "품질",
        "SentimentText": "물건도 하자없고 튼튼해보여서 만족해요",
        "SentimentWord": "4",
        "SentimentPolarity": "1"
      },
      {
        "Aspect": "디자인",
        "SentimentText": "그리고 인테리어에도 좋을 정도로 예뻐서 최고입니다.",
        "SentimentWord": "6",
        "SentimentPolarity": "1"
      },
      {
        "Aspect": "사이즈",
        "SentimentText": " 크기도 저희집 거실에 안성맞춤이라 좋아요",
        "SentimentWord": "5",
        "SentimentPolarity": "1"
      }
    ]
  }
]