[
  {
    "Index": "5115",
    "RawText": "배송이 좀 걸린긴했지만 설치해주신 기사님도 너무 친절하시고 설명해주시고 착한가격에 너무 잘 사용하고 있습니다^^ 사이즈가 거실쪽이 잘 안맞아서 고민이네요",
    "Source": "SNS",
    "Domain": "가전",
    "MainCategory": "생활/미용/욕실가전",
    "ProductName": "(TV_6만원할인) 노비타 비데 BD-SH600 1+1",
    "ReviewScore": "100",
    "Syllable": "85",
    "Word": "18",
    "RDate": "20190305",
    "Aspects": [
      {
        "Aspect": "사이즈",
        "SentimentText": "사이즈가 거실쪽이 잘 안맞아서 고민이네요",
        "SentimentWord": "5",
        "SentimentPolarity": "0"
      },
      {
        "Aspect": "가격",
        "SentimentText": "착한가격에 너무 잘 사용하고 있습니다^^",
        "SentimentWord": "5",
        "SentimentPolarity": "1"
      }
    ]
  },
  {
    "Index": "5116",
    "RawText": "사무실 이전하며 1+1행사 하길래 좋은기회에 구매했습니다 사용하기 편리하고 깔끔하네요",
    "Source": "SNS",
    "Domain": "가전",
    "MainCategory": "생활/미용/욕실가전",
    "ProductName": "(TV_6만원할인) 노비타 비데 BD-SH600 1+1",
    "ReviewScore": "100",
    "Syllable": "47",
    "Word": "9",
    "RDate": "20190226",
    "GeneralPolarity": "1",
    "Aspects": [
      {
        "Aspect": "가격",
        "SentimentText": "1+1행사 하길래 좋은기회에 구매했습니다",
        "SentimentWord": "4",
        "SentimentPolarity": "1"
      },
      {
        "Aspect": "편의성",
        "SentimentText": "사용하기 편리하고",
        "SentimentWord": "2",
        "SentimentPolarity": "1"
      },
      {
        "Aspect": "디자인",
        "SentimentText": "사용하기 편리하고 깔끔하네요",
        "SentimentWord": "3",
        "SentimentPolarity": "1"
      }
    ]
  },
  {
    "Index": "5117",
    "RawText": "제품은 써보니까 기능면에서 마음에 들어요 설치후 검색해 보니 더 저렴한곳이 많더라구요 가격은 좀 아쉬웠어요 반품하기 귀찮아서 그냥써요",
    "Source": "SNS",
    "Domain": "가전",
    "MainCategory": "생활/미용/욕실가전",
    "ProductName": "(TV_6만원할인) 노비타 비데 BD-SH600 1+1",
    "ReviewScore": "60",
    "Syllable": "74",
    "Word": "17",
    "RDate": "20190529",
    "GeneralPolarity": "0",
    "Aspects": [
      {
        "Aspect": "기능",
        "SentimentText": "제품은 써보니까 기능면에서 마음에 들어요",
        "SentimentWord": "5",
        "SentimentPolarity": "1"
      },
      {
        "Aspect": "가격",
        "SentimentText": "설치후 검색해 보니 더 저렴한곳이 많더라구요 가격은 좀 아쉬웠어요",
        "SentimentWord": "9",
        "SentimentPolarity": "-1"
      }
    ]
  },
  {
    "Index": "5118",
    "RawText": "3개 구매할땐 좋아서 계속 하는거겠죠 가격대비 좋아요 방수 되어 청소하기도 편리하고요 리모컨도 간단 간편해요",
    "Source": "SNS",
    "Domain": "가전",
    "MainCategory": "생활/미용/욕실가전",
    "ProductName": "(TV_6만원할인) 노비타 비데 BD-SH600(1+1)+사은품",
    "ReviewScore": "100",
    "Syllable": "60",
    "Word": "14",
    "RDate": "20190829",
    "GeneralPolarity": "1",
    "Aspects": [
      {
        "Aspect": "가격",
        "SentimentText": "가격대비 좋아요",
        "SentimentWord": "2",
        "SentimentPolarity": "1"
      },
      {
        "Aspect": "편의성",
        "SentimentText": "방수 되어 청소하기도 편리하고요",
        "SentimentWord": "4",
        "SentimentPolarity": "1"
      },
      {
        "Aspect": "편의성",
        "SentimentText": "리모컨도 간단 간편해요",
        "SentimentWord": "3",
        "SentimentPolarity": "1"
      }
    ]
  },
  {
    "Index": "5119",
    "RawText": "간단하고 가성비는 좋으나 변기가 작은편이네요,물줄기도 일자로 나와 편하진않아요.",
    "Source": "SNS",
    "Domain": "가전",
    "MainCategory": "생활/미용/욕실가전",
    "ProductName": "(TV_6만원할인) 노비타 비데 BD-SH600(1+1)+사은품",
    "ReviewScore": "70",
    "Syllable": "44",
    "Word": "8",
    "RDate": "20200226",
    "GeneralPolarity": "0",
    "Aspects": [
      {
        "Aspect": "조작성",
        "SentimentText": "간단하고 가성비는 좋으나 변기가 작은편이네요,",
        "SentimentWord": "5",
        "SentimentPolarity": "1"
      },
      {
        "Aspect": "가격",
        "SentimentText": "가성비는 좋으나 변기가 작은편이네요,",
        "SentimentWord": "4",
        "SentimentPolarity": "1"
      },
      {
        "Aspect": "사이즈",
        "SentimentText": "변기가 작은편이네요,",
        "SentimentWord": "2",
        "SentimentPolarity": "0"
      },
      {
        "Aspect": "기능",
        "SentimentText": "물줄기도 일자로 나와 편하진않아요.",
        "SentimentWord": "4",
        "SentimentPolarity": "-1"
      }
    ]
  },
  {
    "Index": "5120",
    "RawText": "기사님도 친절하시고 금방설치해주고 가셨어여 1+1구성이라 방에도, 거실에도 저렴하게 두어서 깔끔한 집이되었네요 노즐이 고정이 안되는 무빙형식이긴한데 수압도 좋고 좋아용",
    "Source": "SNS",
    "Domain": "가전",
    "MainCategory": "생활/미용/욕실가전",
    "ProductName": "(TV_6만원할인) 노비타 비데 BD-SH600(1+1)+사은품",
    "ReviewScore": "100",
    "Syllable": "93",
    "Word": "18",
    "RDate": "20201006",
    "Aspects": [
      {
        "Aspect": "가격",
        "SentimentText": "1+1구성이라 방에도, 거실에도 저렴하게 두어서 깔끔한 집이되었네요",
        "SentimentWord": "7",
        "SentimentPolarity": "1"
      },
      {
        "Aspect": "기능",
        "SentimentText": "노즐이 고정이 안되는 무빙형식이긴한데 수압도 좋고 좋아용",
        "SentimentWord": "7",
        "SentimentPolarity": "0"
      }
    ]
  },
  {
    "Index": "5121",
    "RawText": "○○○ 비데 최고에요 가격도 좋고 성능도 좋고 사용법도 간단해요 무선이라 무척 편리해요",
    "Source": "SNS",
    "Domain": "가전",
    "MainCategory": "생활/미용/욕실가전",
    "ProductName": "(TV_6만원할인) 노비타 비데 BD-SH600(1+1)+사은품",
    "ReviewScore": "100",
    "Syllable": "48",
    "Word": "12",
    "RDate": "20191012",
    "GeneralPolarity": "1",
    "Aspects": [
      {
        "Aspect": "제조일/제조사",
        "SentimentText": "○○○ 비데 최고에요",
        "SentimentWord": "3",
        "SentimentPolarity": "1"
      },
      {
        "Aspect": "가격",
        "SentimentText": "가격도 좋고",
        "SentimentWord": "2",
        "SentimentPolarity": "1"
      },
      {
        "Aspect": "기능",
        "SentimentText": "성능도 좋고",
        "SentimentWord": "2",
        "SentimentPolarity": "1"
      },
      {
        "Aspect": "조작성",
        "SentimentText": "사용법도 간단해요",
        "SentimentWord": "2",
        "SentimentPolarity": "1"
      },
      {
        "Aspect": "편의성",
        "SentimentText": "무선이라 무척 편리해요",
        "SentimentWord": "3",
        "SentimentPolarity": "1"
      }
    ]
  },
  {
    "Index": "5122",
    "RawText": "배송 설치도 해주시고 너무친절하셔서너무  감사하고 좋았어요~ 바로 바로 버튼 누르면 쾌속으로 우훗~ 사이즈가 생각보단 크진 않네요.",
    "Source": "SNS",
    "Domain": "가전",
    "MainCategory": "생활/미용/욕실가전",
    "ProductName": "(TV_6만원할인) 노비타 비데 BD-SH600(1+1)+사은품",
    "ReviewScore": "100",
    "Syllable": "73",
    "Word": "16",
    "RDate": "20190826",
    "Aspects": [
      {
        "Aspect": "조작성",
        "SentimentText": "바로 바로 버튼 누르면 쾌속으로 우훗~",
        "SentimentWord": "6",
        "SentimentPolarity": "1"
      },
      {
        "Aspect": "사이즈",
        "SentimentText": "사이즈가 생각보단 크진 않네요.",
        "SentimentWord": "4",
        "SentimentPolarity": "0"
      }
    ]
  },
  {
    "Index": "5123",
    "RawText": "세정 기능이 꼼꼼하지 못해서 불만입니다 노즐도 왔다갔다 하면서 소리가 나니까 되게 신경이 쓰이네요 배송지 나눠서 된다고 하더니 모바일에서 구입할때 선택하는곳 없고 배송 서비스 별로네요. 혹시몰라 주문후 바로 상담원 1차전화로 배송지 각각 요청. 해피콜온다더니 연락안오고 각각 배송 안된다는 기사말에 또 2차전화요청으로 각각배송지요청. 며칠이 지나도 연락이 없어 3차 전화하니  1,2차 전화내용, 기록등 아무것도 없대서 다시요청. 000응대가 왜이러죠? 배송기사가 시간언제되냐길래 아무때나 된다고 했더니 전화끊고 며칠후 연락없이 아무때나옴. 기사님이 설치시 비데버튼에 들어가는 새건전지 포장지랑 테이프 붙어있던 쓰레기 화장실 바닥에 아무데나 버리고감. 기분 안좋네요 필터사라고 강요 성질낸건 안비밀",
    "Source": "SNS",
    "Domain": "가전",
    "MainCategory": "생활/미용/욕실가전",
    "ProductName": "(TV_6만원할인) 노비타 비데 BD-SH600(1+1)+사은품",
    "ReviewScore": "10",
    "Syllable": "390",
    "Word": "83",
    "RDate": "20200612",
    "Aspects": [
      {
        "Aspect": "기능",
        "SentimentText": "세정 기능이 꼼꼼하지 못해서 불만입니다",
        "SentimentWord": "5",
        "SentimentPolarity": "-1"
      },
      {
        "Aspect": "소음",
        "SentimentText": "노즐도 왔다갔다 하면서 소리가 나니까 되게 신경이 쓰이네요",
        "SentimentWord": "8",
        "SentimentPolarity": "-1"
      }
    ]
  },
  {
    "Index": "5124",
    "RawText": "잘 받았습니다. 특히 해피골 연락부터 예약까지 배송기사님 너무 친절하셨습니다  방송중 구입해서 쿠폰을 적용했더니 너무 저렴하게 구입해서 만족하네요~ 리모컨으로 사용 할수 있으니 편하고 좋아요 감사합니다^^ ",
    "Source": "SNS",
    "Domain": "가전",
    "MainCategory": "생활/미용/욕실가전",
    "ProductName": "(TV_6만원할인) 노비타 비데 BD-SH600(1+1)+사은품",
    "ReviewScore": "100",
    "Syllable": "115",
    "Word": "24",
    "RDate": "20210116",
    "GeneralPolarity": "1",
    "Aspects": [
      {
        "Aspect": "가격",
        "SentimentText": "방송중 구입해서 쿠폰을 적용했더니 너무 저렴하게 구입해서 만족하네요~",
        "SentimentWord": "8",
        "SentimentPolarity": "1"
      },
      {
        "Aspect": "편의성",
        "SentimentText": "리모컨으로 사용 할수 있으니 편하고 좋아요 ",
        "SentimentWord": "6",
        "SentimentPolarity": "1"
      }
    ]
  },
  {
    "Index": "5125",
    "RawText": "설치기사님이 너무 친절하시고  기존 비데를 수거해서 너무 감사드립니다. 비데는 착좌감도 좋고 사용도 간편하여 잘 사묭하고 있습니다.  단지 온도를 제일 낮게해도 더워 더 낮은 단계가 있으면 좋겠습니다. 듯한 것을 제외하면 가성비 갑인 제품으로 강추",
    "Source": "SNS",
    "Domain": "가전",
    "MainCategory": "생활/미용/욕실가전",
    "ProductName": "(TV_6만원할인) 노비타 비데 BD-SH600(1+1)+사은품",
    "ReviewScore": "80",
    "Syllable": "138",
    "Word": "33",
    "RDate": "20191016",
    "Aspects": [
      {
        "Aspect": "편의성",
        "SentimentText": "비데는 착좌감도 좋고 사용도 간편하여 잘 사묭하고 있습니다. ",
        "SentimentWord": "8",
        "SentimentPolarity": "1"
      },
      {
        "Aspect": "편의성",
        "SentimentText": "사용도 간편하여 잘 사묭하고 있습니다. ",
        "SentimentWord": "5",
        "SentimentPolarity": "1"
      },
      {
        "Aspect": "기능",
        "SentimentText": " 단지 온도를 제일 낮게해도  더워 더 낮은 단계가 있으면 좋겠습니다.",
        "SentimentWord": "10",
        "SentimentPolarity": "0"
      },
      {
        "Aspect": "가격",
        "SentimentText": "가성비 갑인 제품으로 강추",
        "SentimentWord": "4",
        "SentimentPolarity": "1"
      }
    ]
  },
  {
    "Index": "5126",
    "RawText": "설치도빠르고 1+! 가격적으로 매력적이네요 서비스도, 사은품도 좋아서,만족합니다",
    "Source": "SNS",
    "Domain": "가전",
    "MainCategory": "생활/미용/욕실가전",
    "ProductName": "(TV_6만원할인) 노비타 비데 BD-SH600(1+1)+사은품",
    "ReviewScore": "100",
    "Syllable": "44",
    "Word": "7",
    "RDate": "20200812",
    "Aspects": [
      {
        "Aspect": "가격",
        "SentimentText": "1+! 가격적으로 매력적이네요",
        "SentimentWord": "3",
        "SentimentPolarity": "1"
      },
      {
        "Aspect": "제품구성",
        "SentimentText": "사은품도 좋아서,만족합니다",
        "SentimentWord": "2",
        "SentimentPolarity": "1"
      }
    ]
  },
  {
    "Index": "5127",
    "RawText": "안녕하세요~ 혹시불나면어떻히나 몇번생각하다 걱정 하면서구입한것을잘했다고생각합니다. 가족모두 사용할 때 따뜻하고 물줄기도 적당해서 모두 좋아합니다. 설치매주신기사님도친절하게 설명도잘 해주셔서너무감사합니다.^^",
    "Source": "SNS",
    "Domain": "가전",
    "MainCategory": "생활/미용/욕실가전",
    "ProductName": "(TV_6만원할인) 노비타 비데 BD-SH600(1+1)+사은품",
    "ReviewScore": "100",
    "Syllable": "115",
    "Word": "16",
    "RDate": "20210329",
    "Aspects": [
      {
        "Aspect": "기능",
        "SentimentText": "가족모두 사용할 때 따뜻하고 물줄기도 적당해서 모두 좋아합니다",
        "SentimentWord": "8",
        "SentimentPolarity": "1"
      },
      {
        "Aspect": "편의성",
        "SentimentText": "혹시불나면어떻히나 몇번생각하다 걱정 하면서구입한것을잘했다고생각합니다. ",
        "SentimentWord": "4",
        "SentimentPolarity": "1"
      }
    ]
  },
  {
    "Index": "5128",
    "RawText": "예상했던거보다 빨리 설치 해주셨어요  변좌 온도 조절이 잘되서 따뜻하게 이용해요 작동하기도 쉬워서 잘 사용하는 중이에요",
    "Source": "SNS",
    "Domain": "가전",
    "MainCategory": "생활/미용/욕실가전",
    "ProductName": "(TV_6만원할인) 노비타 비데 BD-SH600(1+1)+사은품",
    "ReviewScore": "100",
    "Syllable": "66",
    "Word": "15",
    "RDate": "20210805",
    "Aspects": [
      {
        "Aspect": "기능",
        "SentimentText": "변좌 온도 조절이 잘되서 따뜻하게 이용해요",
        "SentimentWord": "6",
        "SentimentPolarity": "1"
      },
      {
        "Aspect": "조작성",
        "SentimentText": "작동하기도 쉬워서 잘 사용하는 중이에요",
        "SentimentWord": "5",
        "SentimentPolarity": "1"
      }
    ]
  },
  {
    "Index": "5129",
    "RawText": "1 +1구매 제품이라서 싸게 잘 샀어요. 세정 비데 선택할 수 있는 기능이 좋아요 설치하시는 분들도 친절하셨어요. 다만 해피콜이 너무 늦었어요",
    "Source": "SNS",
    "Domain": "가전",
    "MainCategory": "생활/미용/욕실가전",
    "ProductName": "(TV_6만원할인_더블) 노비타 리모컨형 비데 /뉴 콤팩트 플러스 (BD-SH630)(1+1)",
    "ReviewScore": "80",
    "Syllable": "79",
    "Word": "20",
    "RDate": "20211129",
    "Aspects": [
      {
        "Aspect": "가격",
        "SentimentText": "1 +1구매 제품이라서 싸게 잘 샀어요",
        "SentimentWord": "6",
        "SentimentPolarity": "1"
      },
      {
        "Aspect": "기능",
        "SentimentText": "세정 비데 선택할 수 있는 기능이 좋아요",
        "SentimentWord": "7",
        "SentimentPolarity": "1"
      }
    ]
  },
  {
    "Index": "5130",
    "RawText": "1+1으로 샀는데 가격대비 사용하기 괜찮아요 기본적으로 있을건 만한 기능은 다 있어 쓰는데 그닥 불편함은 없으나 가격값 하네요",
    "Source": "SNS",
    "Domain": "가전",
    "MainCategory": "생활/미용/욕실가전",
    "ProductName": "(TV_6만원할인_더블) 노비타 리모컨형 비데 /뉴 콤팩트 플러스 (BD-SH630)(1+1)",
    "ReviewScore": "80",
    "Syllable": "70",
    "Word": "17",
    "RDate": "20210824",
    "GeneralPolarity": "0",
    "Aspects": [
      {
        "Aspect": "가격",
        "SentimentText": "1+1으로 샀는데 가격대비 사용하기 괜찮아요",
        "SentimentWord": "5",
        "SentimentPolarity": "1"
      },
      {
        "Aspect": "기능",
        "SentimentText": "기본적으로 있을건 만한 기능은 다 있어 쓰는데 ",
        "SentimentWord": "7",
        "SentimentPolarity": "0"
      },
      {
        "Aspect": "가격",
        "SentimentText": "불편함은 없으나 가격값 하네요",
        "SentimentWord": "4",
        "SentimentPolarity": "0"
      }
    ]
  },
  {
    "Index": "5131",
    "RawText": "1+1행사로 잘 구매하였습니다.  남성에게는조금 작은 듯 하나 좋네요.  잘 사용하겠습니다.",
    "Source": "SNS",
    "Domain": "가전",
    "MainCategory": "생활/미용/욕실가전",
    "ProductName": "(TV_6만원할인_더블) 노비타 리모컨형 비데 /뉴 콤팩트 플러스 (BD-SH630)(1+1)",
    "ReviewScore": "100",
    "Syllable": "51",
    "Word": "10",
    "RDate": "20211222",
    "GeneralPolarity": "1",
    "Aspects": [
      {
        "Aspect": "가격",
        "SentimentText": "1+1행사로 잘 구매하였습니다.",
        "SentimentWord": "3",
        "SentimentPolarity": "1"
      },
      {
        "Aspect": "사이즈",
        "SentimentText": "남성에게는조금 작은 듯 하나 좋네요.  ",
        "SentimentWord": "5",
        "SentimentPolarity": "0"
      }
    ]
  },
  {
    "Index": "5132",
    "RawText": "간단하게 사용하기 좋습니다. 성능은 2주 사용이지만 만족합니다",
    "Source": "SNS",
    "Domain": "가전",
    "MainCategory": "생활/미용/욕실가전",
    "ProductName": "(TV_6만원할인_더블) 노비타 리모컨형 비데 /뉴 콤팩트 플러스 (BD-SH630)(1+1)",
    "ReviewScore": "100",
    "Syllable": "34",
    "Word": "7",
    "RDate": "20211004",
    "GeneralPolarity": "1",
    "Aspects": [
      {
        "Aspect": "조작성",
        "SentimentText": "간단하게 사용하기 좋습니다. ",
        "SentimentWord": "3",
        "SentimentPolarity": "1"
      },
      {
        "Aspect": "기능",
        "SentimentText": "성능은 2주 사용이지만 만족합니다",
        "SentimentWord": "4",
        "SentimentPolarity": "1"
      }
    ]
  },
  {
    "Index": "5133",
    "RawText": "기능은 만족합니다. 다만 이전 비데와 비교시 다소 작은듯 한것이 단점아닌 단점이네요",
    "Source": "SNS",
    "Domain": "가전",
    "MainCategory": "생활/미용/욕실가전",
    "ProductName": "(TV_6만원할인_더블) 노비타 리모컨형 비데 /뉴 콤팩트 플러스 (BD-SH630)(1+1)",
    "ReviewScore": "90",
    "Syllable": "46",
    "Word": "11",
    "RDate": "20220222",
    "GeneralPolarity": "0",
    "Aspects": [
      {
        "Aspect": "기능",
        "SentimentText": "기능은 만족합니다.",
        "SentimentWord": "2",
        "SentimentPolarity": "1"
      },
      {
        "Aspect": "사이즈",
        "SentimentText": " 다만 이전 비데와 비교시 다소 작은듯 한것이 단점아닌 단점이네요",
        "SentimentWord": "9",
        "SentimentPolarity": "0"
      }
    ]
  },
  {
    "Index": "5134",
    "RawText": "렌탈비가 안나가서 좋고 가격 저렴하고 가성비 대박 좋아요 올겨울 따뜻하고 시원하게 사용할것 같아서 좋아요 ~",
    "Source": "SNS",
    "Domain": "가전",
    "MainCategory": "생활/미용/욕실가전",
    "ProductName": "(TV_6만원할인_더블) 노비타 리모컨형 비데 /뉴 콤팩트 플러스 (BD-SH630)(1+1)",
    "ReviewScore": "100",
    "Syllable": "60",
    "Word": "15",
    "RDate": "20211214",
    "GeneralPolarity": "1",
    "Aspects": [
      {
        "Aspect": "가격",
        "SentimentText": "렌탈비가 안나가서 좋고 가격 저렴하고 가성비 대박 좋아요",
        "SentimentWord": "8",
        "SentimentPolarity": "1"
      },
      {
        "Aspect": "편의성",
        "SentimentText": "올겨울 따뜻하고 시원하게 사용할것 같아서 좋아요 ~",
        "SentimentWord": "7",
        "SentimentPolarity": "1"
      }
    ]
  },
  {
    "Index": "5135",
    "RawText": "문여는게 조금힘든데  그래두소독하지안고 깔끔하네요 건조한집안에  완전짱",
    "Source": "SNS",
    "Domain": "가전",
    "MainCategory": "생활/미용/욕실가전",
    "ProductName": "(TV_6만원할인_더블) 노비타 리모컨형 비데 /뉴 콤팩트 플러스 (BD-SH630)(1+1)",
    "ReviewScore": "100",
    "Syllable": "39",
    "Word": "6",
    "RDate": "20211112",
    "GeneralPolarity": "1",
    "Aspects": [
      {
        "Aspect": "조작성",
        "SentimentText": "문여는게 조금힘든데  그래두소독하지안고 깔끔하네요",
        "SentimentWord": "4",
        "SentimentPolarity": "0"
      },
      {
        "Aspect": "기능",
        "SentimentText": "소독하지안고 깔끔하네요",
        "SentimentWord": "2",
        "SentimentPolarity": "1"
      }
    ]
  },
  {
    "Index": "5136",
    "RawText": "저렴한게 이유가 있네요 비데 설치 후에  물이 새서 불만이었는데 수 차례 AS 요청해도 연락없도 전혀 없고, 비데 설치 할 때도 수차례 언제 설치되냐고 컴플레인해도 연락도없더니만 비추천합니다, 이래서 남들에게 추천할수 있겠습니까??",
    "Source": "SNS",
    "Domain": "가전",
    "MainCategory": "생활/미용/욕실가전",
    "ProductName": "(TV_6만원할인_더블) 노비타 리모컨형 비데 /뉴 콤팩트 플러스 (BD-SH630)(1+1)",
    "ReviewScore": "20",
    "Syllable": "129",
    "Word": "30",
    "RDate": "20211019",
    "Aspects": [
      {
        "Aspect": "품질",
        "SentimentText": "비데 설치 후에 물이 새서 불만이었는데",
        "SentimentWord": "6",
        "SentimentPolarity": "-1"
      },
      {
        "Aspect": "가격",
        "SentimentText": "저렴한게 이유가 있네요",
        "SentimentWord": "3",
        "SentimentPolarity": "-1"
      }
    ]
  },
  {
    "Index": "5137",
    "RawText": "상품이 기스 없이 깨끗하네요 콰변기능이 있는데 저는 만족스럽지가 않아요 그런데 설치 기사님이 변기가 치마식 이라며 오천원 추가 요금 받아가네요",
    "Source": "SNS",
    "Domain": "가전",
    "MainCategory": "생활/미용/욕실가전",
    "ProductName": "(TV_6만원할인_더블) 노비타 리모컨형 비데 /뉴 콤팩트 플러스 (BD-SH630)(1+1)",
    "ReviewScore": "60",
    "Syllable": "79",
    "Word": "19",
    "RDate": "20220109",
    "Aspects": [
      {
        "Aspect": "품질",
        "SentimentText": "상품이 기스 없이 깨끗하네요",
        "SentimentWord": "4",
        "SentimentPolarity": "1"
      },
      {
        "Aspect": "기능",
        "SentimentText": "콰변기능이 있는데 저는 만족스럽지가 않아요",
        "SentimentWord": "5",
        "SentimentPolarity": "-1"
      }
    ]
  },
  {
    "Index": "5138",
    "RawText": "설치 기사분이 친절하시고  리모컨이 벽에 부착되어 있어서 조작하기 쉬워요 제품도 디자인이 깔끔하여 만족합니다",
    "Source": "SNS",
    "Domain": "가전",
    "MainCategory": "생활/미용/욕실가전",
    "ProductName": "(TV_6만원할인_더블) 노비타 리모컨형 비데 /뉴 콤팩트 플러스 (BD-SH630)(1+1)",
    "ReviewScore": "100",
    "Syllable": "60",
    "Word": "13",
    "RDate": "20211206",
    "Aspects": [
      {
        "Aspect": "조작성",
        "SentimentText": "리모컨이 벽에 부착되어 있어서 조작하기 쉬워요",
        "SentimentWord": "6",
        "SentimentPolarity": "1"
      },
      {
        "Aspect": "디자인",
        "SentimentText": "제품도 디자인이 깔끔하여 만족합니다",
        "SentimentWord": "4",
        "SentimentPolarity": "1"
      }
    ]
  },
  {
    "Index": "5139",
    "RawText": "설치하니 외관이 깔끔하니..좋아요 리모컨 방식이라 편하고 좋아요",
    "Source": "SNS",
    "Domain": "가전",
    "MainCategory": "생활/미용/욕실가전",
    "ProductName": "(TV_6만원할인_더블) 노비타 리모컨형 비데 /뉴 콤팩트 플러스 (BD-SH630)(1+1)",
    "ReviewScore": "100",
    "Syllable": "35",
    "Word": "7",
    "RDate": "20211223",
    "GeneralPolarity": "1",
    "Aspects": [
      {
        "Aspect": "디자인",
        "SentimentText": "설치하니 외관이 깔끔하니..좋아요",
        "SentimentWord": "3",
        "SentimentPolarity": "1"
      },
      {
        "Aspect": "조작성",
        "SentimentText": "리모컨 방식이라 편하고 좋아요",
        "SentimentWord": "4",
        "SentimentPolarity": "1"
      }
    ]
  },
  {
    "Index": "5140",
    "RawText": "설치가 좀 늦어졌내요 하얀색 커버가 미세하게 스크레치가 나서 기분이 속상해요 자동 노즐세척 기능이 너무 맘에 들어요 깨끗하게 사용가능합니다",
    "Source": "SNS",
    "Domain": "가전",
    "MainCategory": "생활/미용/욕실가전",
    "ProductName": "(TV_6만원할인_더블) 노비타 리모컨형 비데 /뉴 콤팩트 플러스 (BD-SH630)(1+1)",
    "ReviewScore": "80",
    "Syllable": "77",
    "Word": "18",
    "RDate": "20210929",
    "Aspects": [
      {
        "Aspect": "품질",
        "SentimentText": "하얀색 커버가 미세하게 스크레치가 나서 기분이 속상해요",
        "SentimentWord": "7",
        "SentimentPolarity": "-1"
      },
      {
        "Aspect": "기능",
        "SentimentText": "자동 노즐세척 기능이 너무 맘에 들어요 깨끗하게 사용가능합니다 ",
        "SentimentWord": "8",
        "SentimentPolarity": "1"
      }
    ]
  },
  {
    "Index": "5141",
    "RawText": "비데 규격을 보고 샀는데 사이즈가 잘 맞지 않아서 속상하네요 겨우 끼워맞추긴 했어요 리모콘으로 편하게~잘쓰고있습니다.",
    "Source": "SNS",
    "Domain": "가전",
    "MainCategory": "생활/미용/욕실가전",
    "ProductName": "(TV_6만원할인_더블) 노비타 리모컨형 비데 /뉴 콤팩트 플러스 (BD-SH630)(1+1)",
    "ReviewScore": "100",
    "Syllable": "65",
    "Word": "14",
    "RDate": "20220210",
    "Aspects": [
      {
        "Aspect": "사이즈",
        "SentimentText": "비데 규격을 보고 샀는데 사이즈가 잘 맞지 않아서 속상하네요",
        "SentimentWord": "9",
        "SentimentPolarity": "-1"
      },
      {
        "Aspect": "편의성",
        "SentimentText": "리모콘으로 편하게~잘쓰고있습니다.",
        "SentimentWord": "2",
        "SentimentPolarity": "1"
      }
    ]
  },
  {
    "Index": "5142",
    "RawText": "설치도 금방 해주시고   초초 저렴한 가겨으로 사서 기분이 최고~ 사용하기도 편하고 애들도 좋아해요",
    "Source": "SNS",
    "Domain": "가전",
    "MainCategory": "생활/미용/욕실가전",
    "ProductName": "(TV_6만원할인_더블) 노비타 리모컨형 비데 /뉴 콤팩트 플러스 (BD-SH630)(1+1)",
    "ReviewScore": "100",
    "Syllable": "55",
    "Word": "13",
    "RDate": "20220217",
    "Aspects": [
      {
        "Aspect": "가격",
        "SentimentText": "초초 저렴한 가겨으로 사서 기분이 최고~",
        "SentimentWord": "6",
        "SentimentPolarity": "1"
      },
      {
        "Aspect": "편의성",
        "SentimentText": "사용하기도 편하고 애들도 좋아해요",
        "SentimentWord": "4",
        "SentimentPolarity": "1"
      }
    ]
  },
  {
    "Index": "5143",
    "RawText": "설치도 잘 해주시고 작동도 잘 됩니다, . 편하게 잘 사욤하고 있어요..",
    "Source": "SNS",
    "Domain": "가전",
    "MainCategory": "생활/미용/욕실가전",
    "ProductName": "(TV_6만원할인_더블) 노비타 리모컨형 비데 /뉴 콤팩트 플러스 (BD-SH630)(1+1)",
    "ReviewScore": "100",
    "Syllable": "40",
    "Word": "11",
    "RDate": "20211209",
    "Aspects": [
      {
        "Aspect": "기능",
        "SentimentText": " 작동도 잘 됩니다",
        "SentimentWord": "3",
        "SentimentPolarity": "1"
      },
      {
        "Aspect": "편의성",
        "SentimentText": "편하게 잘 사욤하고 있어요..",
        "SentimentWord": "4",
        "SentimentPolarity": "1"
      }
    ]
  },
  {
    "Index": "5144",
    "RawText": "아주 맘에들고 깔끔해서 좋네요 리모콘이라 물도안튀고 좋아요",
    "Source": "SNS",
    "Domain": "가전",
    "MainCategory": "생활/미용/욕실가전",
    "ProductName": "(TV_6만원할인_더블) 노비타 리모컨형 비데 /뉴 콤팩트 플러스 (BD-SH630)(1+1)",
    "ReviewScore": "100",
    "Syllable": "32",
    "Word": "7",
    "RDate": "20211115",
    "GeneralPolarity": "1",
    "Aspects": [
      {
        "Aspect": "디자인",
        "SentimentText": "아주 맘에들고 깔끔해서 좋네요",
        "SentimentWord": "4",
        "SentimentPolarity": "1"
      },
      {
        "Aspect": "편의성",
        "SentimentText": "리모콘이라 물도안튀고 좋아요",
        "SentimentWord": "3",
        "SentimentPolarity": "1"
      }
    ]
  },
  {
    "Index": "5145",
    "RawText": "안방과 거실 비데 바꿨어요.  뚜껑부분이 생활방수가 되는 재질이라 안심하고 사용합니다 가성비 좋은 제품으로 잘 산것 같습니다. ",
    "Source": "SNS",
    "Domain": "가전",
    "MainCategory": "생활/미용/욕실가전",
    "ProductName": "(TV_6만원할인_더블) 노비타 리모컨형 비데 /뉴 콤팩트 플러스 (BD-SH630)(1+1)",
    "ReviewScore": "100",
    "Syllable": "71",
    "Word": "16",
    "RDate": "20211009",
    "GeneralPolarity": "1",
    "Aspects": [
      {
        "Aspect": "소재",
        "SentimentText": "뚜껑부분이 생활방수가 되는 재질이라 안심하고 사용합니다",
        "SentimentWord": "6",
        "SentimentPolarity": "1"
      },
      {
        "Aspect": "가격",
        "SentimentText": "가성비 좋은 제품으로 잘 산것 같습니다.",
        "SentimentWord": "6",
        "SentimentPolarity": "1"
      }
    ]
  },
  {
    "Index": "5146",
    "RawText": "4개 세트에 구성품도 좋아서 바로 구매했어요 시원하게 잘 닦이네요~~",
    "Source": "SNS",
    "Domain": "가전",
    "MainCategory": "생활/미용/욕실가전",
    "ProductName": "(TV_가격조정_방송중) 스마트소닉 프로 음파칫솔 패밀리세트(4인)",
    "ReviewScore": "100",
    "Syllable": "38",
    "Word": "9",
    "RDate": "20190406",
    "GeneralPolarity": "1",
    "Aspects": [
      {
        "Aspect": "제품구성",
        "SentimentText": "구성품도 좋아서 바로 구매했어요",
        "SentimentWord": "4",
        "SentimentPolarity": "1"
      },
      {
        "Aspect": "기능",
        "SentimentText": "시원하게 잘 닦이네요~~",
        "SentimentWord": "3",
        "SentimentPolarity": "1"
      }
    ]
  },
  {
    "Index": "5147",
    "RawText": "가격대비 넘넘 괜찮아요  온식구가 편리하게 잘 쓰고있어요. 일반전동칫솔보다 훨씬 좋네요.",
    "Source": "SNS",
    "Domain": "가전",
    "MainCategory": "생활/미용/욕실가전",
    "ProductName": "(TV_가격조정_방송중) 스마트소닉 프로 음파칫솔 패밀리세트(4인)",
    "ReviewScore": "100",
    "Syllable": "49",
    "Word": "10",
    "RDate": "20190109",
    "GeneralPolarity": "1",
    "Aspects": [
      {
        "Aspect": "가격",
        "SentimentText": "가격대비 넘넘 괜찮아요 ",
        "SentimentWord": "3",
        "SentimentPolarity": "1"
      },
      {
        "Aspect": "기능",
        "SentimentText": "온식구가 편리하게 잘 쓰고있어요. 일반전동칫솔보다 훨씬 좋네요.",
        "SentimentWord": "7",
        "SentimentPolarity": "1"
      }
    ]
  },
  {
    "Index": "5148",
    "RawText": "가격대비 정말 괜찮은 상품 같네요 그립감도 좋고~ 잘 쓰겠습니다 근데 살균기 사은품은 언제 받을 수 있으려나용?",
    "Source": "SNS",
    "Domain": "가전",
    "MainCategory": "생활/미용/욕실가전",
    "ProductName": "(TV_가격조정_방송중) 스마트소닉 프로 음파칫솔 패밀리세트(4인)",
    "ReviewScore": "100",
    "Syllable": "62",
    "Word": "16",
    "RDate": "20181207",
    "GeneralPolarity": "1",
    "Aspects": [
      {
        "Aspect": "가격",
        "SentimentText": "가격대비 정말 괜찮은 상품 같네요",
        "SentimentWord": "5",
        "SentimentPolarity": "1"
      },
      {
        "Aspect": "조작성",
        "SentimentText": "그립감도 좋고~",
        "SentimentWord": "2",
        "SentimentPolarity": "1"
      }
    ]
  },
  {
    "Index": "5149",
    "RawText": "가격도 괜찮고, 성능도 좋아요~ 가족 모두 잘 사용하고 있어요~~^^",
    "Source": "SNS",
    "Domain": "가전",
    "MainCategory": "생활/미용/욕실가전",
    "ProductName": "(TV_가격조정_방송중) 스마트소닉 프로 음파칫솔 패밀리세트(4인)",
    "ReviewScore": "100",
    "Syllable": "38",
    "Word": "9",
    "RDate": "20190302",
    "GeneralPolarity": "1",
    "Aspects": [
      {
        "Aspect": "가격",
        "SentimentText": "가격도 괜찮고, 성능도 좋아요~ ",
        "SentimentWord": "4",
        "SentimentPolarity": "1"
      },
      {
        "Aspect": "기능",
        "SentimentText": "성능도 좋아요~ ",
        "SentimentWord": "2",
        "SentimentPolarity": "1"
      }
    ]
  },
  {
    "Index": "5150",
    "RawText": "가격이 저렴해서 걱정했는데 써보니 아주 상쾌하게 성능이 좋네요.. 써본순간 바로 결정했습니다.",
    "Source": "SNS",
    "Domain": "가전",
    "MainCategory": "생활/미용/욕실가전",
    "ProductName": "(TV_가격조정_방송중) 스마트소닉 프로 음파칫솔 패밀리세트(4인)",
    "ReviewScore": "100",
    "Syllable": "52",
    "Word": "11",
    "RDate": "20190224",
    "GeneralPolarity": "1",
    "Aspects": [
      {
        "Aspect": "가격",
        "SentimentText": "가격이 저렴해서 걱정했는데 써보니 아주 상쾌하게 성능이 좋네요.",
        "SentimentWord": "8",
        "SentimentPolarity": "1"
      },
      {
        "Aspect": "기능",
        "SentimentText": "아주 상쾌하게 성능이 좋네요.",
        "SentimentWord": "4",
        "SentimentPolarity": "1"
      }
    ]
  },
  {
    "Index": "5151",
    "RawText": "가족모두 다같이 쓸수 있어서 좋았구요 칫솔모도 부드러워서 좋은것 같아요 감솨합니다",
    "Source": "SNS",
    "Domain": "가전",
    "MainCategory": "생활/미용/욕실가전",
    "ProductName": "(TV_가격조정_방송중) 스마트소닉 프로 음파칫솔 패밀리세트(4인)",
    "ReviewScore": "100",
    "Syllable": "45",
    "Word": "10",
    "RDate": "20190406",
    "GeneralPolarity": "1",
    "Aspects": [
      {
        "Aspect": "품질",
        "SentimentText": "가족모두 다같이 쓸수 있어서 좋았구요 ",
        "SentimentWord": "5",
        "SentimentPolarity": "1"
      },
      {
        "Aspect": "소재",
        "SentimentText": "칫솔모도 부드러워서 좋은것 같아요",
        "SentimentWord": "4",
        "SentimentPolarity": "1"
      }
    ]
  },
  {
    "Index": "5152",
    "RawText": "구성품도 알차지만 제품자체가 좋네요. 양치 후 이리 개운 한 적은 첨입니다.",
    "Source": "SNS",
    "Domain": "가전",
    "MainCategory": "생활/미용/욕실가전",
    "ProductName": "(TV_가격조정_방송중) 스마트소닉 프로 음파칫솔 패밀리세트(4인)",
    "ReviewScore": "100",
    "Syllable": "42",
    "Word": "11",
    "RDate": "20190418",
    "GeneralPolarity": "1",
    "Aspects": [
      {
        "Aspect": "제품구성",
        "SentimentText": "구성품도 알차지만 제품자체가 좋네요.",
        "SentimentWord": "4",
        "SentimentPolarity": "1"
      },
      {
        "Aspect": "기능",
        "SentimentText": "제품자체가 좋네요.",
        "SentimentWord": "2",
        "SentimentPolarity": "1"
      },
      {
        "Aspect": "품질",
        "SentimentText": "양치 후 이리 개운 한 적은 첨입니다.",
        "SentimentWord": "7",
        "SentimentPolarity": "1"
      }
    ]
  },
  {
    "Index": "5153",
    "RawText": "밧데리도 오래가고 칫솔모도 따로 주어서 감사해요 정말 잘샀어요 최고~",
    "Source": "SNS",
    "Domain": "가전",
    "MainCategory": "생활/미용/욕실가전",
    "ProductName": "(TV_가격조정_방송중) 스마트소닉 프로 음파칫솔 패밀리세트(4인)",
    "ReviewScore": "100",
    "Syllable": "38",
    "Word": "9",
    "RDate": "20190529",
    "Aspects": [
      {
        "Aspect": "배터리",
        "SentimentText": "밧데리도 오래가고",
        "SentimentWord": "2",
        "SentimentPolarity": "1"
      },
      {
        "Aspect": "제품구성",
        "SentimentText": "칫솔모도 따로 주어서 감사해요",
        "SentimentWord": "4",
        "SentimentPolarity": "1"
      }
    ]
  },
  {
    "Index": "5154",
    "RawText": "빠른 배송 감사하고 좋습니다. 칫솔질 후에 상쾌함  매우 만족합니다.  사은품이 여분의 칫솔모도 주셔서 너무 흡족하네요",
    "Source": "SNS",
    "Domain": "가전",
    "MainCategory": "생활/미용/욕실가전",
    "ProductName": "(TV_가격조정_방송중) 스마트소닉 프로 음파칫솔 패밀리세트(4인)",
    "ReviewScore": "80",
    "Syllable": "66",
    "Word": "15",
    "RDate": "20190408",
    "Aspects": [
      {
        "Aspect": "제품구성",
        "SentimentText": "사은품이 여분의 칫솔모도 주셔서 너무 흡족하네요",
        "SentimentWord": "6",
        "SentimentPolarity": "1"
      },
      {
        "Aspect": "기능",
        "SentimentText": "칫솔질 후에 상쾌함  매우 만족합니다.",
        "SentimentWord": "5",
        "SentimentPolarity": "1"
      }
    ]
  },
  {
    "Index": "5155",
    "RawText": "사용하는데는 아주만족합니다, 그러나 기계는 4개고 충전기는 2개라서 개인이 쓰기는 불편한데 충전기가 더 있으면 좋겠어요.",
    "Source": "SNS",
    "Domain": "가전",
    "MainCategory": "생활/미용/욕실가전",
    "ProductName": "(TV_가격조정_방송중) 스마트소닉 프로 음파칫솔 패밀리세트(4인)",
    "ReviewScore": "100",
    "Syllable": "67",
    "Word": "14",
    "RDate": "20190303",
    "GeneralPolarity": "1",
    "Aspects": [
      {
        "Aspect": "기능",
        "SentimentText": "사용하는데는 아주만족 합니다 ",
        "SentimentWord": "3",
        "SentimentPolarity": "1"
      },
      {
        "Aspect": "제품구성",
        "SentimentText": "기계는 4개고 충전기는 2개라서 개인이 쓰기는 불편한데 충전기가 더 있으면 좋겠어요.",
        "SentimentWord": "11",
        "SentimentPolarity": "1"
      }
    ]
  },
  {
    "Index": "5156",
    "RawText": "상쾌하게 양치가 잘되네요  착한가격,빠른배송 감사합니다",
    "Source": "SNS",
    "Domain": "가전",
    "MainCategory": "생활/미용/욕실가전",
    "ProductName": "(TV_가격조정_방송중) 스마트소닉 프로 음파칫솔 패밀리세트(4인)",
    "ReviewScore": "100",
    "Syllable": "30",
    "Word": "5",
    "RDate": "20190321",
    "Aspects": [
      {
        "Aspect": "기능",
        "SentimentText": "상쾌하게 양치가 잘되네요 ",
        "SentimentWord": "3",
        "SentimentPolarity": "1"
      },
      {
        "Aspect": "가격",
        "SentimentText": "착한가격,빠른배송 감사합니다",
        "SentimentWord": "2",
        "SentimentPolarity": "1"
      }
    ]
  },
  {
    "Index": "5157",
    "RawText": "생각만큼은아니였지만 가격대비착한상품인거같아요. 가격이진짜저렴한거에비하면 고가 제품보다도 진동이 강해서 만족합니다!!!",
    "Source": "SNS",
    "Domain": "가전",
    "MainCategory": "생활/미용/욕실가전",
    "ProductName": "(TV_가격조정_방송중) 스마트소닉 프로 음파칫솔 패밀리세트(4인)",
    "ReviewScore": "80",
    "Syllable": "65",
    "Word": "8",
    "RDate": "20190318",
    "GeneralPolarity": "1",
    "Aspects": [
      {
        "Aspect": "가격",
        "SentimentText": "가격대비착한상품인거같아요",
        "SentimentWord": "1",
        "SentimentPolarity": "1"
      },
      {
        "Aspect": "기능",
        "SentimentText": "고가 제품보다도 진동이 강해서 만족합니다!!!",
        "SentimentWord": "5",
        "SentimentPolarity": "1"
      }
    ]
  },
  {
    "Index": "5158",
    "RawText": "여타 다른 제품들과 별반 차이가 있겠나 싶었는데 칫솔모도 부드럽고 그립감도 좋고 사용하기 좋네요~",
    "Source": "SNS",
    "Domain": "가전",
    "MainCategory": "생활/미용/욕실가전",
    "ProductName": "(TV_가격조정_방송중) 스마트소닉 프로 음파칫솔 패밀리세트(4인)",
    "ReviewScore": "100",
    "Syllable": "54",
    "Word": "13",
    "RDate": "20190323",
    "GeneralPolarity": "1",
    "Aspects": [
      {
        "Aspect": "소재",
        "SentimentText": "칫솔모도 부드럽고 그립감도 좋고 사용하기 좋네요~",
        "SentimentWord": "6",
        "SentimentPolarity": "1"
      },
      {
        "Aspect": "품질",
        "SentimentText": "그립감도 좋고 사용하기 좋네요~",
        "SentimentWord": "4",
        "SentimentPolarity": "1"
      },
      {
        "Aspect": "조작성",
        "SentimentText": "사용하기 좋네요~",
        "SentimentWord": "2",
        "SentimentPolarity": "1"
      }
    ]
  },
  {
    "Index": "5159",
    "RawText": "일반칫솔은 아무래도 손에 힘이 들어가서 잇몸을 세게 닦는 경향이 없지 않아 많은데 음파칫솔은 자기가 알아서 힘을 조절해주고 치아 사이사이를 옮겨 두기만 하면 되니깐 편해요ㅡ부드러운 깔끔함이 있어요",
    "Source": "SNS",
    "Domain": "가전",
    "MainCategory": "생활/미용/욕실가전",
    "ProductName": "(TV_가격조정_방송중) 스마트소닉 프로 음파칫솔 패밀리세트(4인)",
    "ReviewScore": "100",
    "Syllable": "109",
    "Word": "26",
    "RDate": "20190303",
    "GeneralPolarity": "1",
    "Aspects": [
      {
        "Aspect": "기능",
        "SentimentText": "음파칫솔은 자기가 알아서 힘을 조절해주고 치아 사이사이를 옮겨 두기만 하면 되니깐 편해요",
        "SentimentWord": "12",
        "SentimentPolarity": "1"
      },
      {
        "Aspect": "기능",
        "SentimentText": "부드러운 깔끔함이 있어요",
        "SentimentWord": "3",
        "SentimentPolarity": "1"
      }
    ]
  },
  {
    "Index": "5160",
    "RawText": "처음사용하는 전등칫솔이라 처음엔 어찌사용하나 했는데 2주가 넘어가니 너무 편하고좋습니다. 편리함에 굿~  2분 셋팅이나 4분은해야 합니다  전 6분정도 하지만요.. 함께 주신 사은품도 너무 마음에 들어요.",
    "Source": "SNS",
    "Domain": "가전",
    "MainCategory": "생활/미용/욕실가전",
    "ProductName": "(TV_가격조정_방송중) 스마트소닉 프로 음파칫솔 패밀리세트(4인)",
    "ReviewScore": "100",
    "Syllable": "114",
    "Word": "24",
    "RDate": "20190211",
    "GeneralPolarity": "1",
    "Aspects": [
      {
        "Aspect": "편의성",
        "SentimentText": "처음엔 어찌사용하나 했는데 2주가 넘어가니 너무 편하고좋습니다. 편리함에 굿~",
        "SentimentWord": "9",
        "SentimentPolarity": "1"
      },
      {
        "Aspect": "제품구성",
        "SentimentText": "함께 주신 사은품도 너무 마음에 들어요",
        "SentimentWord": "6",
        "SentimentPolarity": "1"
      }
    ]
  },
  {
    "Index": "5161",
    "RawText": "물건을 받고 일주일 사용했네요 진동이 빠르고 잇몸의 자극이없어 아주  만족합니다 디자인 심플해서 완전 마음에 들어요. ",
    "Source": "SNS",
    "Domain": "가전",
    "MainCategory": "생활/미용/욕실가전",
    "ProductName": "(TV_가격조정_상시) 스마트소닉 프로 음파칫솔 패밀리세트(4인)",
    "ReviewScore": "100",
    "Syllable": "66",
    "Word": "15",
    "RDate": "20190306",
    "GeneralPolarity": "1",
    "Aspects": [
      {
        "Aspect": "기능",
        "SentimentText": "진동이 빠르고 잇몸의 자극이없어 아주  만족합니다",
        "SentimentWord": "6",
        "SentimentPolarity": "1"
      },
      {
        "Aspect": "디자인",
        "SentimentText": "디자인 심플해서 완전 마음에 들어요.",
        "SentimentWord": "5",
        "SentimentPolarity": "1"
      }
    ]
  },
  {
    "Index": "5162",
    "RawText": "가격대비 성능도 좋아요. 사은품으로 칫솔 살균기도 주네요.",
    "Source": "SNS",
    "Domain": "가전",
    "MainCategory": "생활/미용/욕실가전",
    "ProductName": "(TV_방송중_특) 스마트소닉 프로 음파칫솔 패밀리세트(4인)",
    "ReviewScore": "100",
    "Syllable": "32",
    "Word": "7",
    "RDate": "20190214",
    "GeneralPolarity": "1",
    "Aspects": [
      {
        "Aspect": "가격",
        "SentimentText": "가격대비 성능도 좋아요.",
        "SentimentWord": "3",
        "SentimentPolarity": "1"
      },
      {
        "Aspect": "기능",
        "SentimentText": "성능도 좋아요.",
        "SentimentWord": "2",
        "SentimentPolarity": "1"
      },
      {
        "Aspect": "제품구성",
        "SentimentText": "사은품으로 칫솔 살균기도 주네요.",
        "SentimentWord": "4",
        "SentimentPolarity": "1"
      }
    ]
  },
  {
    "Index": "5163",
    "RawText": "부드럽게 닦이면서도 개운하고 좋네요 가격도 착하고 ᆢ 만족입니다",
    "Source": "SNS",
    "Domain": "가전",
    "MainCategory": "생활/미용/욕실가전",
    "ProductName": "(TV_방송중_특) 스마트소닉 프로 음파칫솔 패밀리세트(4인)",
    "ReviewScore": "100",
    "Syllable": "35",
    "Word": "8",
    "RDate": "20190117",
    "GeneralPolarity": "1",
    "Aspects": [
      {
        "Aspect": "기능",
        "SentimentText": "부드럽게 닦이면서도 개운하고 좋네요",
        "SentimentWord": "4",
        "SentimentPolarity": "1"
      },
      {
        "Aspect": "가격",
        "SentimentText": "가격도 착하고 ᆢ 만족입니다",
        "SentimentWord": "4",
        "SentimentPolarity": "1"
      }
    ]
  },
  {
    "Index": "5164",
    "RawText": "온가족이 쓰기좋아요 충전형식이라 좀 불편하긴해요 성능은 만족합니다. ",
    "Source": "SNS",
    "Domain": "가전",
    "MainCategory": "생활/미용/욕실가전",
    "ProductName": "(TV_방송중_특) 스마트소닉 프로 음파칫솔 패밀리세트(4인)",
    "ReviewScore": "100",
    "Syllable": "38",
    "Word": "7",
    "RDate": "20190306",
    "GeneralPolarity": "0",
    "Aspects": [
      {
        "Aspect": "배터리",
        "SentimentText": "충전형식이라 좀 불편하긴해요",
        "SentimentWord": "3",
        "SentimentPolarity": "0"
      },
      {
        "Aspect": "기능",
        "SentimentText": "성능은 만족합니다",
        "SentimentWord": "2",
        "SentimentPolarity": "1"
      }
    ]
  },
  {
    "Index": "5165",
    "RawText": "잘닦이구 깨끗해요 근데 물이 좀 많이 튀어서  욕실에서만 써야겠어요 충전도오래가구요 ",
    "Source": "SNS",
    "Domain": "가전",
    "MainCategory": "생활/미용/욕실가전",
    "ProductName": "(TV_방송중_특) 스마트소닉 프로 음파칫솔 패밀리세트(4인)",
    "ReviewScore": "100",
    "Syllable": "47",
    "Word": "10",
    "RDate": "20190210",
    "GeneralPolarity": "1",
    "Aspects": [
      {
        "Aspect": "기능",
        "SentimentText": "잘닦이구 깨끗해요",
        "SentimentWord": "2",
        "SentimentPolarity": "1"
      },
      {
        "Aspect": "편의성",
        "SentimentText": "근데 물이 좀 많이 튀어서 욕실에서만 써야겠어요",
        "SentimentWord": "7",
        "SentimentPolarity": "0"
      },
      {
        "Aspect": "배터리",
        "SentimentText": "충전도오래가구요",
        "SentimentWord": "1",
        "SentimentPolarity": "1"
      }
    ]
  },
  {
    "Index": "5166",
    "RawText": "제품은 질은 아주 좋습니다 깔끔한 느낌이 좋고 사용후 치아가 매끌매끌한 느낌을 많이 받습니다 가족형으로 샀는데 가격도 저렴한 편이라 맘에 쏙 듭니다 사은품 살균기 보내주세요 아직 안오고있어요 제품받은지 며칠 지났어요 가격도 저렴한 편이라 맘에 듭니다",
    "Source": "SNS",
    "Domain": "가전",
    "MainCategory": "생활/미용/욕실가전",
    "ProductName": "(TV_방송중_특) 스마트소닉 프로 음파칫솔 패밀리세트(4인)",
    "ReviewScore": "100",
    "Syllable": "139",
    "Word": "34",
    "RDate": "20190120",
    "GeneralPolarity": "1",
    "Aspects": [
      {
        "Aspect": "기능",
        "SentimentText": "제품은 질은 아주 좋습니다",
        "SentimentWord": "4",
        "SentimentPolarity": "1"
      },
      {
        "Aspect": "기능",
        "SentimentText": "사용후 치아가 매끌매끌한 느낌을 많이 받습니다",
        "SentimentWord": "6",
        "SentimentPolarity": "1"
      },
      {
        "Aspect": "가격",
        "SentimentText": "가격도 저렴한 편이라 맘에 듭니다 ",
        "SentimentWord": "5",
        "SentimentPolarity": "1"
      }
    ]
  },
  {
    "Index": "5167",
    "RawText": "칫솔모가 돌아가는줄알았는데 진동으로 칫솔질되는 데 진동 세기도 좋고... 치석제거도 되고 좋습니다. 그런데 쥐는 부분이 오통통해서 그립감은 별로예요.",
    "Source": "SNS",
    "Domain": "가전",
    "MainCategory": "생활/미용/욕실가전",
    "ProductName": "(TV_방송중_특) 스마트소닉 프로 음파칫솔 패밀리세트(4인)",
    "ReviewScore": "100",
    "Syllable": "83",
    "Word": "17",
    "RDate": "20190130",
    "GeneralPolarity": "0",
    "Aspects": [
      {
        "Aspect": "기능",
        "SentimentText": "진동 세기도 좋고... 치석제거도 되고 좋습니다",
        "SentimentWord": "6",
        "SentimentPolarity": "1"
      },
      {
        "Aspect": "조작성",
        "SentimentText": "쥐는 부분이 오통통해서 그립감은 별로예요",
        "SentimentWord": "5",
        "SentimentPolarity": "-1"
      }
    ]
  },
  {
    "Index": "5168",
    "RawText": "한번 써봐야지 하며 늘 생각만하고 있다가 수량을 네개나 준다길래 망설임없이 바로 주문했어요 3인가족 하나씩 하나는 회사에 비치 ㅋ 가격까지 맘에 쏙 드네요",
    "Source": "SNS",
    "Domain": "가전",
    "MainCategory": "생활/미용/욕실가전",
    "ProductName": "(TV_방송중_특) 스마트소닉 프로 음파칫솔 패밀리세트(4인)",
    "ReviewScore": "100",
    "Syllable": "86",
    "Word": "22",
    "RDate": "20190124",
    "GeneralPolarity": "1",
    "Aspects": [
      {
        "Aspect": "제품구성",
        "SentimentText": "수량을 네개나 준다길래 망설임없이 바로 주문했어요",
        "SentimentWord": "6",
        "SentimentPolarity": "1"
      },
      {
        "Aspect": "가격",
        "SentimentText": "가격까지 맘에 쏙 드네요",
        "SentimentWord": "4",
        "SentimentPolarity": "1"
      }
    ]
  },
  {
    "Index": "5169",
    "RawText": "배송이 너무늦어 짜증이 났지만  저는 정가에 주고 샀는데 할인이 들어갔네요 ㅠㅠ 제품의 품질은 만족합니다 배송에 좀더 신경써 주시기 바랍니다",
    "Source": "SNS",
    "Domain": "가전",
    "MainCategory": "생활/미용/욕실가전",
    "ProductName": "(TV_방송중4만원할인) 노비타 스파 비데 BD-AH500",
    "ReviewScore": "80",
    "Syllable": "78",
    "Word": "19",
    "RDate": "20210115",
    "Aspects": [
      {
        "Aspect": "가격",
        "SentimentText": "저는 정가에 주고 샀는데 할인이 들어갔네요 ㅠㅠ",
        "SentimentWord": "7",
        "SentimentPolarity": "-1"
      },
      {
        "Aspect": "품질",
        "SentimentText": "제품의 품질은 만족합니다",
        "SentimentWord": "3",
        "SentimentPolarity": "1"
      }
    ]
  },
  {
    "Index": "5170",
    "RawText": "좋은가격에 잘 구매했습니다.쓰기에도 무척 편하네요",
    "Source": "SNS",
    "Domain": "가전",
    "MainCategory": "생활/미용/욕실가전",
    "ProductName": "(TV_방송중4만원할인) 노비타 스파 비데 BD-AH500",
    "ReviewScore": "20",
    "Syllable": "27",
    "Word": "5",
    "RDate": "20210118",
    "Aspects": [
      {
        "Aspect": "가격",
        "SentimentText": "좋은가격에 잘 구매했습니다",
        "SentimentWord": "3",
        "SentimentPolarity": "1"
      },
      {
        "Aspect": "편의성",
        "SentimentText": "쓰기에도 무척 편하네요",
        "SentimentWord": "3",
        "SentimentPolarity": "1"
      }
    ]
  },
  {
    "Index": "5171",
    "RawText": "설치기사님 친절하시고  저는 이 브랜드만 써요~ 가족들에게도 추천한답니다 제품성능도 좋네요 잘산거같아요",
    "Source": "SNS",
    "Domain": "가전",
    "MainCategory": "생활/미용/욕실가전",
    "ProductName": "(TV_방송중4만원할인) 노비타 스파 비데 BD-AH500",
    "ReviewScore": "100",
    "Syllable": "57",
    "Word": "11",
    "RDate": "20210202",
    "Aspects": [
      {
        "Aspect": "제조일/제조사",
        "SentimentText": "저는 이 브랜드만 써요~ 가족들에게도 추천한답니다",
        "SentimentWord": "6",
        "SentimentPolarity": "1"
      },
      {
        "Aspect": "기능",
        "SentimentText": "제품성능도 좋네요 ",
        "SentimentWord": "2",
        "SentimentPolarity": "1"
      }
    ]
  },
  {
    "Index": "5172",
    "RawText": "설치기사님도 친절하시고, 변기에서 제품이 쉽게 분리되어 청소가 가능해요  기능도 물줄기도 빵빵해서 대만족입니다",
    "Source": "SNS",
    "Domain": "가전",
    "MainCategory": "생활/미용/욕실가전",
    "ProductName": "(TV_방송중4만원할인) 노비타 스파 비데 BD-AH500",
    "ReviewScore": "100",
    "Syllable": "61",
    "Word": "12",
    "RDate": "20210926",
    "Aspects": [
      {
        "Aspect": "조작성",
        "SentimentText": "변기에서 제품이 쉽게 분리되어 청소가 가능해요 ",
        "SentimentWord": "6",
        "SentimentPolarity": "1"
      },
      {
        "Aspect": "기능",
        "SentimentText": "기능도 물줄기도 빵빵해서 대만족입니다",
        "SentimentWord": "4",
        "SentimentPolarity": "1"
      }
    ]
  },
  {
    "Index": "5173",
    "RawText": "슬림하니 그립감 좋고 자동으로 2분오토 스탑기능이 좋은것 같습니다. 온가족 치아관리 잘 될것으로 기대합니다.",
    "Source": "SNS",
    "Domain": "가전",
    "MainCategory": "생활/미용/욕실가전",
    "ProductName": "(TV_상시_특) 스마트소닉 프로 음파칫솔 패밀리세트(4인)",
    "ReviewScore": "100",
    "Syllable": "60",
    "Word": "13",
    "RDate": "20190115",
    "GeneralPolarity": "1",
    "Aspects": [
      {
        "Aspect": "조작성",
        "SentimentText": "슬림하니 그립감 좋고",
        "SentimentWord": "3",
        "SentimentPolarity": "1"
      },
      {
        "Aspect": "기능",
        "SentimentText": "자동으로 2분오토 스탑기능이 좋은것 같습니다",
        "SentimentWord": "5",
        "SentimentPolarity": "1"
      }
    ]
  },
  {
    "Index": "5174",
    "RawText": "이도 개운하게 잘닦이지두않고  칫솔모도 금방  망가져요 최아그ㅡ",
    "Source": "SNS",
    "Domain": "가전",
    "MainCategory": "생활/미용/욕실가전",
    "ProductName": "(TV_특) 스마트소닉 프로 음파칫솔 커플세트(2인)",
    "ReviewScore": "20",
    "Syllable": "35",
    "Word": "7",
    "RDate": "20190203",
    "GeneralPolarity": "-1",
    "Aspects": [
      {
        "Aspect": "기능",
        "SentimentText": "이도 개운하게 잘닦이지두않고",
        "SentimentWord": "3",
        "SentimentPolarity": "-1"
      },
      {
        "Aspect": "품질",
        "SentimentText": "칫솔모도 금방  망가져요 최아그ㅡ",
        "SentimentWord": "4",
        "SentimentPolarity": "-1"
      }
    ]
  },
  {
    "Index": "5175",
    "RawText": "과대과장 광고! 광고내용과 다르게 세정후 만족감을 못 느껴요  대용량 물탱크라 하는데 사용하기에 너무 작습니다 반품요청했더니 개인위생용품 이란 이유로 반품불가라  불만입니다. 현저히 제품의가치를 손상시키는 경우\u0027의 구체적 예시도 없이 소비자에게 책임전가! 할말이 없음",
    "Source": "SNS",
    "Domain": "가전",
    "MainCategory": "생활/미용/욕실가전",
    "ProductName": "(TV_특) 파나소닉 구강세정기 제트워셔 EW-1411H",
    "ReviewScore": "20",
    "Syllable": "149",
    "Word": "31",
    "RDate": "20190628",
    "Aspects": [
      {
        "Aspect": "기능",
        "SentimentText": "광고내용과 다르게 세정후 만족감을 못 느껴요",
        "SentimentWord": "6",
        "SentimentPolarity": "-1"
      },
      {
        "Aspect": "용량",
        "SentimentText": "대용량 물탱크라 하는데 사용하기에 너무 작습니다",
        "SentimentWord": "6",
        "SentimentPolarity": "-1"
      }
    ]
  },
  {
    "Index": "5176",
    "RawText": "구강세정기없었을때는 치실을 항상 사용했었는데 이젠그럴필요없네요. 수압이 세서 개운하고 산뜻 합니다 넘좋아요.ㅎㅎㅎ 이좋은걸 몰랐었네요. 멀리 갈 때 충전식이라 휴대도 편할듯 해요  완전 강추 합니다~~",
    "Source": "SNS",
    "Domain": "가전",
    "MainCategory": "생활/미용/욕실가전",
    "ProductName": "(TV_특) 파나소닉 구강세정기 제트워셔 EW-1411H",
    "ReviewScore": "100",
    "Syllable": "112",
    "Word": "23",
    "RDate": "20190612",
    "GeneralPolarity": "1",
    "Aspects": [
      {
        "Aspect": "기능",
        "SentimentText": "수압이 세서 개운하고 산뜻 합니다 넘좋아요.ㅎㅎㅎ 이좋은걸 몰랐었네요",
        "SentimentWord": "8",
        "SentimentPolarity": "1"
      },
      {
        "Aspect": "편의성",
        "SentimentText": "멀리 갈 때 충전식이라 휴대도 편할듯 해요  완전 강추 합니다~~",
        "SentimentWord": "10",
        "SentimentPolarity": "1"
      }
    ]
  },
  {
    "Index": "5177",
    "RawText": "너무 기대해서  그런지 생각보단 성능은 별루에요.  물이  너무 빨리 소모되어  한 3번정도  물을  채워야  했어요. 그리고  모드 선택도  사용시 눈에 보이지  않으니  니중엔 순서가 외워지겠지만 첨엔 엄청 헤맸어요.     ",
    "Source": "SNS",
    "Domain": "가전",
    "MainCategory": "생활/미용/욕실가전",
    "ProductName": "(TV_특) 파나소닉 구강세정기 제트워셔 EW-1411H",
    "ReviewScore": "80",
    "Syllable": "128",
    "Word": "28",
    "RDate": "20190526",
    "GeneralPolarity": "-1",
    "Aspects": [
      {
        "Aspect": "기능",
        "SentimentText": "너무 기대해서  그런지 생각보단 성능은 별루에요",
        "SentimentWord": "6",
        "SentimentPolarity": "-1"
      },
      {
        "Aspect": "용량",
        "SentimentText": "물이  너무 빨리 소모되어  한 3번정도  물을  채워야  했어요.",
        "SentimentWord": "9",
        "SentimentPolarity": "-1"
      },
      {
        "Aspect": "조작성",
        "SentimentText": "모드 선택도  사용시 눈에 보이지  않으니  니중엔 순서가 외워지겠지만 첨엔 엄청 헤맸어요.",
        "SentimentWord": "12",
        "SentimentPolarity": "-1"
      }
    ]
  },
  {
    "Index": "5178",
    "RawText": "노즐끼우는 곳 뒤에 배터리 들어가는 위치로 추측 되는 부분 뚜껑의 틈새가 벌어져요 짜증!! 어느정도의 틈은 다 있고 정상이라 교환이 어렵다함 (단, 사용하다 물이 들어가서 하자 발생시는 교환은 가능하다함) 사용 이틀째에 발견한거라 ㅠ 학교 앞 문구점에서 파는 싸구려 장남감에도 없는 틈새가 10만원 넘는 대기업에서 만든 물건에 있고 이게 정상이라고 하다니~!! 사진이라도 받아보고 어는 정도의 틈인지 확인도 안해보네요 꼼꼼히 체크 안하고 사용한 내가 바보지ㅠ 이런 물건 만든 ooo이 무슨 죄가 있겠어요~!!!!!! 구매하신 분들은 필히~! 꼭~!! 꼼꼼히~!!! 확인하고 사용하시기 바랍니다",
    "Source": "SNS",
    "Domain": "가전",
    "MainCategory": "생활/미용/욕실가전",
    "ProductName": "(TV_특) 파나소닉 구강세정기 제트워셔 EW-1411H",
    "ReviewScore": "20",
    "Syllable": "331",
    "Word": "77",
    "RDate": "20190427",
    "Aspects": [
      {
        "Aspect": "품질",
        "SentimentText": "노즐끼우는 곳 뒤에 배터리 들어가는 위치로 추측 되는 부분 뚜껑의 틈새가 벌어져요 짜증!!",
        "SentimentWord": "13",
        "SentimentPolarity": "-1"
      },
      {
        "Aspect": "제조일/제조사",
        "SentimentText": "꼼꼼히 체크 안하고 사용한 내가 바보지ㅠ 이런 물건 만든 ooo이 무슨 죄가 있겠어요~!!!!!!",
        "SentimentWord": "13",
        "SentimentPolarity": "-1"
      }
    ]
  },
  {
    "Index": "5179",
    "RawText": "노즐로 식구들 사용할수있구 디자인 심플하니 자리차지 하지않아 조으네요",
    "Source": "SNS",
    "Domain": "가전",
    "MainCategory": "생활/미용/욕실가전",
    "ProductName": "(TV_특) 파나소닉 구강세정기 제트워셔 EW-1411H",
    "ReviewScore": "100",
    "Syllable": "38",
    "Word": "8",
    "RDate": "20190320",
    "GeneralPolarity": "1",
    "Aspects": [
      {
        "Aspect": "디자인",
        "SentimentText": "디자인 심플하니 자리차지 하지않아 조으네요",
        "SentimentWord": "5",
        "SentimentPolarity": "1"
      },
      {
        "Aspect": "사이즈",
        "SentimentText": "자리차지하지않아 조으네요",
        "SentimentWord": "2",
        "SentimentPolarity": "1"
      }
    ]
  },
  {
    "Index": "5180",
    "RawText": "물양도너무적게들어가 안좋고  수압도약해서 아무런효과가없어요 ",
    "Source": "SNS",
    "Domain": "가전",
    "MainCategory": "생활/미용/욕실가전",
    "ProductName": "(TV_특) 파나소닉 구강세정기 제트워셔 EW-1411H",
    "ReviewScore": "20",
    "Syllable": "33",
    "Word": "4",
    "RDate": "20190819",
    "GeneralPolarity": "-1",
    "Aspects": [
      {
        "Aspect": "용량",
        "SentimentText": "물양도너무적게들어가  안좋고 ",
        "SentimentWord": "2",
        "SentimentPolarity": "-1"
      },
      {
        "Aspect": "기능",
        "SentimentText": "수압도약해서 아무런효과가없어요",
        "SentimentWord": "2",
        "SentimentPolarity": "-1"
      }
    ]
  },
  {
    "Index": "5181",
    "RawText": "물양이 작은것이 아쉽지만 간편하고 성능도 여러세기로 조절되서 좋으네요~만족합니다!!!",
    "Source": "SNS",
    "Domain": "가전",
    "MainCategory": "생활/미용/욕실가전",
    "ProductName": "(TV_특) 파나소닉 구강세정기 제트워셔 EW-1411H",
    "ReviewScore": "100",
    "Syllable": "47",
    "Word": "8",
    "RDate": "20190422",
    "GeneralPolarity": "1",
    "Aspects": [
      {
        "Aspect": "용량",
        "SentimentText": "물양이 작은것이 아쉽지만",
        "SentimentWord": "3",
        "SentimentPolarity": "0"
      },
      {
        "Aspect": "기능",
        "SentimentText": "성능도 여러세기로 조절되서 좋으네요~",
        "SentimentWord": "4",
        "SentimentPolarity": "1"
      }
    ]
  },
  {
    "Index": "5182",
    "RawText": "물을자주채워야하니 불편하고 사은품으로 주시는 칫솔은 너무작네요!",
    "Source": "SNS",
    "Domain": "가전",
    "MainCategory": "생활/미용/욕실가전",
    "ProductName": "(TV_특) 파나소닉 구강세정기 제트워셔 EW-1411H",
    "ReviewScore": "60",
    "Syllable": "35",
    "Word": "6",
    "RDate": "20190614",
    "GeneralPolarity": "-1",
    "Aspects": [
      {
        "Aspect": "용량",
        "SentimentText": "물을자주채워야하니 불편하고",
        "SentimentWord": "2",
        "SentimentPolarity": "-1"
      },
      {
        "Aspect": "사이즈",
        "SentimentText": "사은품으로 주시는 칫솔은 너무작네요!",
        "SentimentWord": "4",
        "SentimentPolarity": "-1"
      }
    ]
  },
  {
    "Index": "5183",
    "RawText": "물저장 용량이 작네요. 그외에 수압등은 만족 합니다.",
    "Source": "SNS",
    "Domain": "가전",
    "MainCategory": "생활/미용/욕실가전",
    "ProductName": "(TV_특) 파나소닉 구강세정기 제트워셔 EW-1411H",
    "ReviewScore": "80",
    "Syllable": "29",
    "Word": "7",
    "RDate": "20190522",
    "GeneralPolarity": "0",
    "Aspects": [
      {
        "Aspect": "용량",
        "SentimentText": "물저장 용량이 작네요.",
        "SentimentWord": "3",
        "SentimentPolarity": "-1"
      },
      {
        "Aspect": "기능",
        "SentimentText": "그외에 수압등은 만족 합니다",
        "SentimentWord": "4",
        "SentimentPolarity": "1"
      }
    ]
  },
  {
    "Index": "5184",
    "RawText": "물통이 작아서 여러번 담아서 해야 하는거 빼고는 양치 전후 어느때고 이물질 잘빠져서 좋아요",
    "Source": "SNS",
    "Domain": "가전",
    "MainCategory": "생활/미용/욕실가전",
    "ProductName": "(TV_특) 파나소닉 구강세정기 제트워셔 EW-1411H",
    "ReviewScore": "80",
    "Syllable": "50",
    "Word": "13",
    "RDate": "20190608",
    "GeneralPolarity": "0",
    "Aspects": [
      {
        "Aspect": "용량",
        "SentimentText": "물통이 작아서 여러번 담아서 해야 하는거 빼고는",
        "SentimentWord": "7",
        "SentimentPolarity": "0"
      },
      {
        "Aspect": "기능",
        "SentimentText": "양치 전후 어느때고 이물질 잘빠져서 좋아요",
        "SentimentWord": "6",
        "SentimentPolarity": "1"
      }
    ]
  },
  {
    "Index": "5185",
    "RawText": "물통이 좀더크고 수압이 더 세면 좋겠어요      ",
    "Source": "SNS",
    "Domain": "가전",
    "MainCategory": "생활/미용/욕실가전",
    "ProductName": "(TV_특) 파나소닉 구강세정기 제트워셔 EW-1411H",
    "ReviewScore": "60",
    "Syllable": "28",
    "Word": "6",
    "RDate": "20190427",
    "GeneralPolarity": "0",
    "Aspects": [
      {
        "Aspect": "용량",
        "SentimentText": "물통이 좀더크고 수압이 더 세면 좋겠어요",
        "SentimentWord": "6",
        "SentimentPolarity": "0"
      },
      {
        "Aspect": "기능",
        "SentimentText": "수압이 더 세면 좋겠어요",
        "SentimentWord": "4",
        "SentimentPolarity": "0"
      }
    ]
  },
  {
    "Index": "5186",
    "RawText": "뭐  젤단점은 온데 물이 너무 튀네요 ㅠㅠ  용량도넘작고  괜히 샀나 ㅜㅜ",
    "Source": "SNS",
    "Domain": "가전",
    "MainCategory": "생활/미용/욕실가전",
    "ProductName": "(TV_특) 파나소닉 구강세정기 제트워셔 EW-1411H",
    "ReviewScore": "60",
    "Syllable": "41",
    "Word": "11",
    "RDate": "20190329",
    "GeneralPolarity": "-1",
    "Aspects": [
      {
        "Aspect": "기능",
        "SentimentText": "젤단점은 온데 물이 너무 튀네요 ㅠㅠ ",
        "SentimentWord": "6",
        "SentimentPolarity": "-1"
      },
      {
        "Aspect": "용량",
        "SentimentText": "용량도넘작고  괜히 샀나 ㅜㅜ",
        "SentimentWord": "4",
        "SentimentPolarity": "-1"
      }
    ]
  },
  {
    "Index": "5187",
    "RawText": "배송도 빠르고 좋아요.  사용해보니 너무좋아요.감사합니다. 4가지 물살 기능으로  다양하게 사용해요",
    "Source": "SNS",
    "Domain": "가전",
    "MainCategory": "생활/미용/욕실가전",
    "ProductName": "(TV_특) 파나소닉 구강세정기 제트워셔 EW-1411H",
    "ReviewScore": "100",
    "Syllable": "55",
    "Word": "10",
    "RDate": "20190321",
    "Aspects": [
      {
        "Aspect": "기능",
        "SentimentText": "4가지 물살 기능으로  다양하게 사용해요",
        "SentimentWord": "5",
        "SentimentPolarity": "1"
      },
      {
        "Aspect": "편의성",
        "SentimentText": "사용해보니 너무좋아요.",
        "SentimentWord": "2",
        "SentimentPolarity": "1"
      }
    ]
  },
  {
    "Index": "5188",
    "RawText": "사무실에서  사용하라고  남편에게  선물했는데   물을 2~3번  담아야하는  번거로움에 불편하데요 휴대하기는  편하지만   그닥  만족스럽지못하다고함  2개구입하려고  했는데  1개만  하기   다행이고  추가주문은  물  용량이  많은걸로  하려함.",
    "Source": "SNS",
    "Domain": "가전",
    "MainCategory": "생활/미용/욕실가전",
    "ProductName": "(TV_특) 파나소닉 구강세정기 제트워셔 EW-1411H",
    "ReviewScore": "60",
    "Syllable": "141",
    "Word": "23",
    "RDate": "20190603",
    "GeneralPolarity": "-1",
    "Aspects": [
      {
        "Aspect": "편의성",
        "SentimentText": "물을 2~3번  담아야하는  번거로움에 불편하데요",
        "SentimentWord": "5",
        "SentimentPolarity": "-1"
      },
      {
        "Aspect": "편의성",
        "SentimentText": "휴대하기는  편하지만   그닥  만족스럽지못하다고함",
        "SentimentWord": "4",
        "SentimentPolarity": "-1"
      }
    ]
  },
  {
    "Index": "5189",
    "RawText": "사용하기 편하고 좋습니다 색상도 화면과 같이 이뻐요. 가족들이 함께 잘사용하고 있어요 아쉬운점은 물통?용량이 작다는겁니다",
    "Source": "SNS",
    "Domain": "가전",
    "MainCategory": "생활/미용/욕실가전",
    "ProductName": "(TV_특) 파나소닉 구강세정기 제트워셔 EW-1411H",
    "ReviewScore": "100",
    "Syllable": "67",
    "Word": "14",
    "RDate": "20190325",
    "GeneralPolarity": "0",
    "Aspects": [
      {
        "Aspect": "편의성",
        "SentimentText": "사용하기 편하고 좋습니다",
        "SentimentWord": "3",
        "SentimentPolarity": "1"
      },
      {
        "Aspect": "색상",
        "SentimentText": "색상도 화면과 같이 이뻐요.",
        "SentimentWord": "4",
        "SentimentPolarity": "1"
      },
      {
        "Aspect": "용량",
        "SentimentText": "아쉬운점은 물통?용량이 작다는겁니다",
        "SentimentWord": "3",
        "SentimentPolarity": "-1"
      }
    ]
  },
  {
    "Index": "5190",
    "RawText": "사용후 입안이 말끔하고 상쾌해져서 정말 좋아요. 딱 아쉬운점 하나는 물탱크가 사이즈가  작은건가 ? 물이 금새 없어져서 여러번 전원을 끄고 물을 다시 채워서 세~네번 시용하고 있어요. 조금 불편하지만 그거 빼고는 정발 좋아요~^^ ",
    "Source": "SNS",
    "Domain": "가전",
    "MainCategory": "생활/미용/욕실가전",
    "ProductName": "(TV_특) 파나소닉 구강세정기 제트워셔 EW-1411H",
    "ReviewScore": "80",
    "Syllable": "129",
    "Word": "31",
    "RDate": "20190419",
    "GeneralPolarity": "0",
    "Aspects": [
      {
        "Aspect": "기능",
        "SentimentText": "사용후 입안이 말끔하고 상쾌해져서 정말 좋아요.",
        "SentimentWord": "6",
        "SentimentPolarity": "1"
      },
      {
        "Aspect": "사이즈",
        "SentimentText": "딱 아쉬운점 하나는 물탱크가 사이즈가 작은건가 ? ",
        "SentimentWord": "7",
        "SentimentPolarity": "-1"
      },
      {
        "Aspect": "편의성",
        "SentimentText": "물이 금새 없어져서 여러번 전원을 끄고 물을 다시 채워서 세~네번 시용하고 있어요. 조금 불편하지만",
        "SentimentWord": "14",
        "SentimentPolarity": "-1"
      }
    ]
  },
  {
    "Index": "5191",
    "RawText": "치석 제거 기능도 잘 되서 아주 좋은데 물통이 약간 적은 것 같아 아쉬워요.  아주 잘사용하고 있네요. 번창하세요.",
    "Source": "SNS",
    "Domain": "가전",
    "MainCategory": "생활/미용/욕실가전",
    "ProductName": "(TV_특) 파나소닉 구강세정기 제트워셔 EW-1411H",
    "ReviewScore": "80",
    "Syllable": "64",
    "Word": "17",
    "RDate": "20190403",
    "GeneralPolarity": "0",
    "Aspects": [
      {
        "Aspect": "기능",
        "SentimentText": "치석 제거 기능도 잘 되서 아주 좋은데",
        "SentimentWord": "7",
        "SentimentPolarity": "1"
      },
      {
        "Aspect": "용량",
        "SentimentText": "물통이 약간 적은 것 같아 아쉬워요",
        "SentimentWord": "6",
        "SentimentPolarity": "-1"
      }
    ]
  },
  {
    "Index": "5192",
    "RawText": "수압조절장치가있어  전혀부담이없이 좋고  기존치간치솔보다 훨씬개운하고  입냄새가 나지않ㅇ음 완전강추",
    "Source": "SNS",
    "Domain": "가전",
    "MainCategory": "생활/미용/욕실가전",
    "ProductName": "(TV_특) 파나소닉 구강세정기 제트워셔 EW-1411H",
    "ReviewScore": "100",
    "Syllable": "55",
    "Word": "8",
    "RDate": "20190618",
    "GeneralPolarity": "1",
    "Aspects": [
      {
        "Aspect": "기능",
        "SentimentText": "수압조절장치가있어  전혀부담이없이 좋고  ",
        "SentimentWord": "3",
        "SentimentPolarity": "1"
      },
      {
        "Aspect": "품질",
        "SentimentText": "기존치간치솔보다 훨씬개운하고  입냄새가 나지않ㅇ음 완전강추",
        "SentimentWord": "5",
        "SentimentPolarity": "1"
      }
    ]
  },
  {
    "Index": "5193",
    "RawText": "양치 후 센 수압으로 완벽하게 이물질 제거 해주니 너무 개운합니다. 그런데 물통이 작아서 아쉬워요.  몇번씩 물을 다시 담아야하는 번거로움이 있네요.",
    "Source": "SNS",
    "Domain": "가전",
    "MainCategory": "생활/미용/욕실가전",
    "ProductName": "(TV_특) 파나소닉 구강세정기 제트워셔 EW-1411H",
    "ReviewScore": "80",
    "Syllable": "83",
    "Word": "20",
    "RDate": "20190531",
    "GeneralPolarity": "0",
    "Aspects": [
      {
        "Aspect": "기능",
        "SentimentText": "양치 후 센 수압으로 완벽하게 이물질 제거 해주니 너무 개운합니다",
        "SentimentWord": "10",
        "SentimentPolarity": "1"
      },
      {
        "Aspect": "용량",
        "SentimentText": "물통이 작아서 아쉬워요",
        "SentimentWord": "3",
        "SentimentPolarity": "-1"
      },
      {
        "Aspect": "편의성",
        "SentimentText": "몇번씩 물을 다시 담아야하는 번거로움이 있네요",
        "SentimentWord": "6",
        "SentimentPolarity": "-1"
      }
    ]
  },
  {
    "Index": "5194",
    "RawText": "온 가족이 사용하고 있는데 물 량이 조금 작다는 아쉬움이 있네요. 작동시 소음도 거슬릴 정도로 커서 불만족입니다.",
    "Source": "SNS",
    "Domain": "가전",
    "MainCategory": "생활/미용/욕실가전",
    "ProductName": "(TV_특) 파나소닉 구강세정기 제트워셔 EW-1411H",
    "ReviewScore": "100",
    "Syllable": "63",
    "Word": "16",
    "RDate": "20190622",
    "GeneralPolarity": "-1",
    "Aspects": [
      {
        "Aspect": "용량",
        "SentimentText": "물 량이 조금 작다는 아쉬움이 있네요",
        "SentimentWord": "6",
        "SentimentPolarity": "-1"
      },
      {
        "Aspect": "소음",
        "SentimentText": "작동시 소음도 거슬릴 정도로 커서 불만족입니다",
        "SentimentWord": "6",
        "SentimentPolarity": "-1"
      }
    ]
  },
  {
    "Index": "5195",
    "RawText": "일단 좀쓸려고하면 물부족...물량이 부족한것같고...물통에서 플라스틱냄새 무척남...소재가 왜이러는지.. 기능도 시원치 않고 잘안쓰고있음.",
    "Source": "SNS",
    "Domain": "가전",
    "MainCategory": "생활/미용/욕실가전",
    "ProductName": "(TV_특) 파나소닉 구강세정기 제트워셔 EW-1411H",
    "ReviewScore": "60",
    "Syllable": "77",
    "Word": "11",
    "RDate": "20190508",
    "GeneralPolarity": "-1",
    "Aspects": [
      {
        "Aspect": "용량",
        "SentimentText": "일단 좀쓸려고하면 물부족...물량이 부족한것같고..",
        "SentimentWord": "4",
        "SentimentPolarity": "-1"
      },
      {
        "Aspect": "소재",
        "SentimentText": "물통에서 플라스틱냄새 무척남...소재가 왜이러는지..",
        "SentimentWord": "4",
        "SentimentPolarity": "-1"
      },
      {
        "Aspect": "기능",
        "SentimentText": "기능도 시원치 않고 잘안쓰고있음.",
        "SentimentWord": "4",
        "SentimentPolarity": "-1"
      }
    ]
  },
  {
    "Index": "5196",
    "RawText": "잇몸 질환이 있어 관심 깊게 보며 방송할때마다 고민..쇼핑호스트 분 만큼 찌꺼기가 나올줄알았는데...제 이 사이가 깨끗한가?   성능이 약하네요 치간 칫솔로 찌꺼기 다시 나옴요 황당 그자체 사용했으니 당연 반품도 안되고 돈만 버림 화가나네요",
    "Source": "SNS",
    "Domain": "가전",
    "MainCategory": "생활/미용/욕실가전",
    "ProductName": "(TV_특) 파나소닉 구강세정기 제트워셔 EW-1411H",
    "ReviewScore": "20",
    "Syllable": "134",
    "Word": "31",
    "RDate": "20190614",
    "Aspects": [
      {
        "Aspect": "기능",
        "SentimentText": "성능이 약하네요 치간 칫솔로 찌꺼기 다시 나옴요 황당 그자체 ",
        "SentimentWord": "9",
        "SentimentPolarity": "-1"
      },
      {
        "Aspect": "가격",
        "SentimentText": " 돈만 버림 화가나네요",
        "SentimentWord": "3",
        "SentimentPolarity": "-1"
      }
    ]
  },
  {
    "Index": "5197",
    "RawText": "처음 사용할때는 물도 옆으로 세어 나와 불편하고 했는데 이젠 적응이 되니 사용하는데  불편함 없이 잘되네요~ 하고나면 개운함이 있고 음식찌꺼기가 깨끗하게 빠져나와서 너무 잘사용하고 있습니다~ 잘샀구나 하는 생각이 듭니다",
    "Source": "SNS",
    "Domain": "가전",
    "MainCategory": "생활/미용/욕실가전",
    "ProductName": "(TV_특) 파나소닉 구강세정기 제트워셔 EW-1411H",
    "ReviewScore": "100",
    "Syllable": "122",
    "Word": "28",
    "RDate": "20190430",
    "GeneralPolarity": "1",
    "Aspects": [
      {
        "Aspect": "편의성",
        "SentimentText": "처음 사용할때는 물도 옆으로 세어 나와 불편하고 했는데 이젠 적응이 되니 사용하는데  불편함 없이 잘되네요~",
        "SentimentWord": "15",
        "SentimentPolarity": "0"
      },
      {
        "Aspect": "기능",
        "SentimentText": "하고나면 개운함이 있고 음식찌꺼기가 깨끗하게 빠져나와서 너무 잘사용하고 있습니다~ 잘샀구나 하는 생각이 듭니다",
        "SentimentWord": "13",
        "SentimentPolarity": "1"
      }
    ]
  },
  {
    "Index": "5198",
    "RawText": "처음 사용했는데 수압이 세서 아주 시원하고 좋습니다.  사은품으로 준 작은 전동칫솔도 매우 편리하게 사용하고 있어요~^^",
    "Source": "SNS",
    "Domain": "가전",
    "MainCategory": "생활/미용/욕실가전",
    "ProductName": "(TV_특) 파나소닉 구강세정기 제트워셔 EW-1411H",
    "ReviewScore": "100",
    "Syllable": "67",
    "Word": "15",
    "RDate": "20190505",
    "GeneralPolarity": "1",
    "Aspects": [
      {
        "Aspect": "기능",
        "SentimentText": "수압이 세서 아주 시원하고 좋습니다",
        "SentimentWord": "5",
        "SentimentPolarity": "1"
      },
      {
        "Aspect": "편의성",
        "SentimentText": "사은품으로 준 작은 전동칫솔도 매우 편리하게 사용하고 있어요~^^",
        "SentimentWord": "8",
        "SentimentPolarity": "1"
      }
    ]
  },
  {
    "Index": "5199",
    "RawText": "OO 구강세정기 작지만 파워 쌔서 깨끗히되고 좋아요 휴대용으로 구매 했습니다..편리해서 맘에 들어요 입안이 개운 합니다 ^^",
    "Source": "SNS",
    "Domain": "가전",
    "MainCategory": "생활/미용/욕실가전",
    "ProductName": "(TV_특) 파나소닉 구강세정기 제트워셔 EW-1411H",
    "ReviewScore": "100",
    "Syllable": "69",
    "Word": "16",
    "RDate": "20190324",
    "GeneralPolarity": "1",
    "Aspects": [
      {
        "Aspect": "기능",
        "SentimentText": "OO 구강세정기 작지만 파워 쌔서 깨끗히되고 좋아요",
        "SentimentWord": "7",
        "SentimentPolarity": "1"
      },
      {
        "Aspect": "편의성",
        "SentimentText": "휴대용으로 구매 했습니다..편리해서 맘에 들어요",
        "SentimentWord": "5",
        "SentimentPolarity": "1"
      }
    ]
  },
  {
    "Index": "5200",
    "RawText": "0000이라 믿고 구매했는데 타 제품에 비해 기능 상 별 차이가 없는데도 기격은 더 비싸고,ㅠ 물통이 너무 작은 것이 불편하네요",
    "Source": "SNS",
    "Domain": "가전",
    "MainCategory": "생활/미용/욕실가전",
    "ProductName": "(TV_특) 파나소닉 구강세정기 제트워셔 EW-1411H",
    "ReviewScore": "60",
    "Syllable": "71",
    "Word": "19",
    "RDate": "20190713",
    "GeneralPolarity": "-1",
    "Aspects": [
      {
        "Aspect": "가격",
        "SentimentText": " 타 제품에 비해 기능 상 별 차이가 없는데도 기격은 더 비싸고,ㅠ",
        "SentimentWord": "11",
        "SentimentPolarity": "-1"
      },
      {
        "Aspect": "사이즈",
        "SentimentText": "물통이 너무 작은 것이 불편하네요",
        "SentimentWord": "5",
        "SentimentPolarity": "-1"
      }
    ]
  },
  {
    "Index": "5201",
    "RawText": "화면보다수압이 세지 않아서 별로예요.  금방 방전되서 다꾸 충전해야 되서 불편... 가격대비 외관도 허술해서 불만...",
    "Source": "SNS",
    "Domain": "가전",
    "MainCategory": "생활/미용/욕실가전",
    "ProductName": "(TV_특) 파나소닉 구강세정기 제트워셔 EW-1411H",
    "ReviewScore": "60",
    "Syllable": "66",
    "Word": "14",
    "RDate": "20190428",
    "GeneralPolarity": "-1",
    "Aspects": [
      {
        "Aspect": "기능",
        "SentimentText": "화면보다수압이 세지 않아서 별로예요",
        "SentimentWord": "4",
        "SentimentPolarity": "-1"
      },
      {
        "Aspect": "배터리",
        "SentimentText": "금방 방전되서 다꾸 충전해야 되서 불편...",
        "SentimentWord": "6",
        "SentimentPolarity": "-1"
      },
      {
        "Aspect": "디자인",
        "SentimentText": "가격대비 외관도 허술해서 불만...",
        "SentimentWord": "4",
        "SentimentPolarity": "-1"
      }
    ]
  },
  {
    "Index": "5202",
    "RawText": "살균기 설치 한 뒤 화장실의 냄새가 확 잡혀서 너무너무 좋네요. 아기들이 있는데 매일 청소 안 해도 깨끗하고 안전해져서 더좋아용",
    "Source": "SNS",
    "Domain": "가전",
    "MainCategory": "생활/미용/욕실가전",
    "ProductName": "(TV_특) 퐁고바스 변기 자동 살균기 1+1",
    "ReviewScore": "100",
    "Syllable": "71",
    "Word": "19",
    "RDate": "20210923",
    "GeneralPolarity": "1",
    "Aspects": [
      {
        "Aspect": "기능",
        "SentimentText": "살균기 설치 한 뒤 화장실의 냄새가 확 잡혀서 너무너무 좋네요",
        "SentimentWord": "10",
        "SentimentPolarity": "1"
      },
      {
        "Aspect": "편의성",
        "SentimentText": "아기들이 있는데 매일 청소 안 해도 깨끗하고 안전해져서 더좋아용",
        "SentimentWord": "9",
        "SentimentPolarity": "1"
      }
    ]
  },
  {
    "Index": "5203",
    "RawText": "항상 변기에 핑크물때가 끼었는데 설치하고나서 깨끗해져서 좋아요.  살균소독도 잘 돼요. 이제 1년동안 변기청소 안해도된다니 완전 대~박 편해요!",
    "Source": "SNS",
    "Domain": "가전",
    "MainCategory": "생활/미용/욕실가전",
    "ProductName": "(TV_특) 퐁고바스 변기 자동 살균기 1+1",
    "ReviewScore": "100",
    "Syllable": "80",
    "Word": "17",
    "RDate": "20210910",
    "GeneralPolarity": "1",
    "Aspects": [
      {
        "Aspect": "기능",
        "SentimentText": "변기에 핑크물때가 끼었는데 설치하고나서 깨끗해져서 좋아요. 살균소독도 잘 돼요",
        "SentimentWord": "9",
        "SentimentPolarity": "1"
      },
      {
        "Aspect": "편의성",
        "SentimentText": "이제 1년동안 변기청소 안해도된다니 완전 대~박 편해요! ",
        "SentimentWord": "7",
        "SentimentPolarity": "1"
      }
    ]
  },
  {
    "Index": "5204",
    "RawText": "이런 제품이 있다니~ 화장실 냄새에  민감해서 구매했는데 제품 기능이 다양해  일거삼득이네요 세균 걱정도 끝! 여기저기 피어나는 핑크 물때까지 말끔히 해결! 사용하기 너무 편해요 위생과 냄새 민감한 저같은 분께 강추합니다~ 대박나세요^^",
    "Source": "SNS",
    "Domain": "가전",
    "MainCategory": "생활/미용/욕실가전",
    "ProductName": "(TV_특) 퐁고바스 변기 자동 살균기 1세트",
    "ReviewScore": "100",
    "Syllable": "132",
    "Word": "30",
    "RDate": "20210910",
    "GeneralPolarity": "1",
    "Aspects": [
      {
        "Aspect": "기능",
        "SentimentText": "화장실 냄새에  민감해서 구매했는데 제품 기능이 다양해 일거삼득이네요",
        "SentimentWord": "8",
        "SentimentPolarity": "1"
      },
      {
        "Aspect": "편의성",
        "SentimentText": "여기저기 피어나는 핑크 물때까지 말끔히 해결! 사용하기 너무 편해요",
        "SentimentWord": "9",
        "SentimentPolarity": "1"
      }
    ]
  },
  {
    "Index": "5205",
    "RawText": "OOO 음파칫솔 강력한 진동으로 이물질을 깨끗히 닦아줘서 넘~좋아요 굿입니다 디자인도 깔끔해서 만족합니다",
    "Source": "SNS",
    "Domain": "가전",
    "MainCategory": "생활/미용/욕실가전",
    "ProductName": "(TV_특) 필립스 플렉스케어 음파칫솔 HX6938",
    "ReviewScore": "100",
    "Syllable": "58",
    "Word": "12",
    "RDate": "20190911",
    "Aspects": [
      {
        "Aspect": "기능",
        "SentimentText": "OOO 음파칫솔 강력한 진동으로 이물질을 깨끗히 닦아줘서 넘~좋아요 굿입니다",
        "SentimentWord": "9",
        "SentimentPolarity": "1"
      },
      {
        "Aspect": "디자인",
        "SentimentText": "디자인도 깔끔해서 만족합니다",
        "SentimentWord": "3",
        "SentimentPolarity": "1"
      }
    ]
  },
  {
    "Index": "5206",
    "RawText": "전동찻솔은 처음 사용이라 감도가 좀 쎈 느낌이지만 닦고나면 확실히 뽀독하고 개운한 느낌이 너무 좋네요. 칫솔모 소재가 좀 더 부드러웠으면 하는 아쉬움이 있네요. 그래도 이 가격에 좋은 제품 저렴하게 잘 산거같아요 강추~~",
    "Source": "SNS",
    "Domain": "가전",
    "MainCategory": "생활/미용/욕실가전",
    "ProductName": "(TV_특) 필립스 플렉스케어 음파칫솔 HX6938 1+1",
    "ReviewScore": "100",
    "Syllable": "123",
    "Word": "31",
    "RDate": "20190829",
    "GeneralPolarity": "1",
    "Aspects": [
      {
        "Aspect": "기능",
        "SentimentText": "감도가 좀 쎈 느낌이지만 닦고나면 확실히 뽀독하고 개운한 느낌이 너무 좋네요",
        "SentimentWord": "11",
        "SentimentPolarity": "1"
      },
      {
        "Aspect": "소재",
        "SentimentText": "칫솔모 소재가 좀 더 부드러웠으면 하는 아쉬움이 있네요",
        "SentimentWord": "8",
        "SentimentPolarity": "-1"
      },
      {
        "Aspect": "가격",
        "SentimentText": "그래도 이 가격에 좋은 제품 저렴하게 잘 산거같아요 강추~~ ",
        "SentimentWord": "9",
        "SentimentPolarity": "1"
      }
    ]
  },
  {
    "Index": "5207",
    "RawText": "물 보충을 몇번해야하는 번거로움이 있어요.  치아에 자극없이 세정잘 되는듯 해요.",
    "Source": "SNS",
    "Domain": "가전",
    "MainCategory": "생활/미용/욕실가전",
    "ProductName": "(TV_특_추가구성) 파나소닉 구강세정기 제트워셔 EW-1411H",
    "ReviewScore": "80",
    "Syllable": "45",
    "Word": "10",
    "RDate": "20190708",
    "GeneralPolarity": "1",
    "Aspects": [
      {
        "Aspect": "편의성",
        "SentimentText": "물 보충을 몇번해야하는 번거로움이 있어요.",
        "SentimentWord": "5",
        "SentimentPolarity": "0"
      },
      {
        "Aspect": "기능",
        "SentimentText": "치아에 자극없이 세정잘 되는듯 해요.",
        "SentimentWord": "5",
        "SentimentPolarity": "1"
      }
    ]
  },
  {
    "Index": "5208",
    "RawText": "디자인 간결하고 심플해서 맘에듬 집에서사용하기가 매우용이해서 편리함",
    "Source": "SNS",
    "Domain": "가전",
    "MainCategory": "생활/미용/욕실가전",
    "ProductName": "(더블)노비타 스마트 탈취 비데 (BD-AH71N)(1+1)",
    "ReviewScore": "100",
    "Syllable": "37",
    "Word": "7",
    "RDate": "20211101",
    "GeneralPolarity": "1",
    "Aspects": [
      {
        "Aspect": "디자인",
        "SentimentText": "디자인 간결하고 심플해서 맘에듬",
        "SentimentWord": "4",
        "SentimentPolarity": "1"
      },
      {
        "Aspect": "편의성",
        "SentimentText": "집에서사용하기가 매우용이해서 편리함",
        "SentimentWord": "3",
        "SentimentPolarity": "1"
      }
    ]
  },
  {
    "Index": "5209",
    "RawText": "글쎄요 그닥  잘 안딱여요 치석이 많이 생기네요 진동이 심해서 이도 아프고",
    "Source": "SNS",
    "Domain": "가전",
    "MainCategory": "생활/미용/욕실가전",
    "ProductName": "(방송중2만원할인) 필립스 프로텍티브 클린 1.0 더블핸들 (HX6456/03)",
    "ReviewScore": "50",
    "Syllable": "41",
    "Word": "11",
    "RDate": "20200526",
    "GeneralPolarity": "-1",
    "Aspects": [
      {
        "Aspect": "기능",
        "SentimentText": "그닥  잘 안딱여요",
        "SentimentWord": "3",
        "SentimentPolarity": "0"
      },
      {
        "Aspect": "품질",
        "SentimentText": "치석이 많이 생기네요 ",
        "SentimentWord": "3",
        "SentimentPolarity": "-1"
      },
      {
        "Aspect": "품질",
        "SentimentText": "진동이 심해서 이도 아프고",
        "SentimentWord": "4",
        "SentimentPolarity": "-1"
      }
    ]
  },
  {
    "Index": "5210",
    "RawText": "너무 좋아요 배송도 빠르고  제품구성 핸들이 2개라 가족이 사용가능합니다 상품도 성능이  좋아서   너무 맘에 들어요 ",
    "Source": "SNS",
    "Domain": "가전",
    "MainCategory": "생활/미용/욕실가전",
    "ProductName": "(방송중2만원할인) 필립스 프로텍티브 클린 1.0 더블핸들 (HX6456/03)",
    "ReviewScore": "100",
    "Syllable": "66",
    "Word": "15",
    "RDate": "20200302",
    "Aspects": [
      {
        "Aspect": "제품구성",
        "SentimentText": "제품구성 핸들이 2개라 가족이 사용가능합니다",
        "SentimentWord": "5",
        "SentimentPolarity": "1"
      },
      {
        "Aspect": "기능",
        "SentimentText": "상품도 성능이  좋아서  너무 맘에 들어요",
        "SentimentWord": "6",
        "SentimentPolarity": "1"
      }
    ]
  },
  {
    "Index": "5211",
    "RawText": "진동이  약해서  생각보다 개운한 느낌이 약하네요  그리고 가격이 인터넷 보다 더 비싸요 ㅠ  반품 할께요",
    "Source": "SNS",
    "Domain": "가전",
    "MainCategory": "생활/미용/욕실가전",
    "ProductName": "(방송중2만원할인) 필립스 프로텍티브 클린 1.0 더블핸들 (HX6456/03)",
    "ReviewScore": "100",
    "Syllable": "59",
    "Word": "15",
    "RDate": "20210221",
    "GeneralPolarity": "-1",
    "Aspects": [
      {
        "Aspect": "기능",
        "SentimentText": "진동이  약해서  생각보다 개운한 느낌이 약하네요 ",
        "SentimentWord": "6",
        "SentimentPolarity": "-1"
      },
      {
        "Aspect": "가격",
        "SentimentText": "가격이 인터넷 보다 더 비싸요 ㅠ",
        "SentimentWord": "6",
        "SentimentPolarity": "-1"
      }
    ]
  },
  {
    "Index": "5212",
    "RawText": "방송중 할인으로 싸게구입은 잘했는데 배송이 너무늦어요.  사용해보니 소음이 좀 심한 것 빼면 괜찮아요.",
    "Source": "SNS",
    "Domain": "가전",
    "MainCategory": "생활/미용/욕실가전",
    "ProductName": "(방송중2만원할인) 필립스 프로텍티브 클린 1.0 더블핸들 (HX6456/03)",
    "ReviewScore": "100",
    "Syllable": "57",
    "Word": "13",
    "RDate": "20200903",
    "GeneralPolarity": "0",
    "Aspects": [
      {
        "Aspect": "가격",
        "SentimentText": "방송중 할인으로 싸게구입은 잘했는데",
        "SentimentWord": "4",
        "SentimentPolarity": "1"
      },
      {
        "Aspect": "소음",
        "SentimentText": "사용해보니 소음이 좀 심한 것 빼면 괜찮아요",
        "SentimentWord": "7",
        "SentimentPolarity": "-1"
      }
    ]
  },
  {
    "Index": "5213",
    "RawText": "성능이 좋아서 그런지 이가 잘 닦이네요. 힘들이지 않아도 사용하기 편하고, 일단 치아사이 누런게 덜해졌어요~",
    "Source": "SNS",
    "Domain": "가전",
    "MainCategory": "생활/미용/욕실가전",
    "ProductName": "(방송중2만원할인) 필립스 프로텍티브 클린 1.0 더블핸들 (HX6456/03)",
    "ReviewScore": "100",
    "Syllable": "60",
    "Word": "14",
    "RDate": "20200420",
    "GeneralPolarity": "1",
    "Aspects": [
      {
        "Aspect": "기능",
        "SentimentText": "성능이 좋아서 그런지 이가 잘 닦이네요.",
        "SentimentWord": "6",
        "SentimentPolarity": "1"
      },
      {
        "Aspect": "편의성",
        "SentimentText": "힘들이지 않아도 사용하기 편하고,",
        "SentimentWord": "4",
        "SentimentPolarity": "1"
      }
    ]
  },
  {
    "Index": "5214",
    "RawText": "음파 기능이 약해서 이게 닦이는건지 치석이 없어지긴하는지 잘 모르겠음. 칫솔모도 너무 작아서 별로임...",
    "Source": "SNS",
    "Domain": "가전",
    "MainCategory": "생활/미용/욕실가전",
    "ProductName": "(방송중2만원할인) 필립스 프로텍티브 클린 1.0 더블핸들 (HX6456/03)",
    "ReviewScore": "40",
    "Syllable": "58",
    "Word": "13",
    "RDate": "20210803",
    "GeneralPolarity": "-1",
    "Aspects": [
      {
        "Aspect": "기능",
        "SentimentText": "음파 기능이 약해서 이게 닦이는건지 치석이 없어지긴하는지 잘 모르겠음",
        "SentimentWord": "9",
        "SentimentPolarity": "-1"
      },
      {
        "Aspect": "사이즈",
        "SentimentText": "칫솔모도 너무 작아서 별로임",
        "SentimentWord": "4",
        "SentimentPolarity": "-1"
      }
    ]
  }
]