[
  {
    "Index": "19262",
    "RawText": "건조기 옛날 모델 8킬로 용량 쓰고있는데 요즘 나온 건조기는 용량도 크고 이불 돌려보니 먼지털기도 잘되네요~ 좋은가격에 싸게 잘 산것 같아요",
    "Source": "쇼핑몰",
    "Domain": "가전",
    "MainCategory": "생활/미용/욕실가전",
    "ProductName": "그랑데 삼성전자 DV17T8520BP 본체",
    "ReviewScore": "5",
    "Syllable": "78",
    "Word": "20",
    "RDate": "20220506",
    "GeneralPolarity": "1",
    "Aspects": [
      {
        "Aspect": "용량",
        "SentimentText": "요즘 나온 건조기는 용량도 크고",
        "SentimentWord": "5",
        "SentimentPolarity": "1"
      },
      {
        "Aspect": "기능",
        "SentimentText": "이불 돌려보니 먼지털기도 잘되네요~",
        "SentimentWord": "4",
        "SentimentPolarity": "1"
      },
      {
        "Aspect": "가격",
        "SentimentText": "좋은가격에 싸게 잘 산것 같아요",
        "SentimentWord": "5",
        "SentimentPolarity": "1"
      }
    ]
  },
  {
    "Index": "19264",
    "RawText": "비오고 습한날 사용하면 정말 편할거 같습니다 가격비교해서 저렴한 가격에 구매했어요 곧바로 배송이 빨리와서 넘 만족스럽고 기사님도 친절해 만족합니다.",
    "Source": "쇼핑몰",
    "Domain": "가전",
    "MainCategory": "생활/미용/욕실가전",
    "ProductName": "그랑데 삼성전자 DV17T8520BP 본체",
    "ReviewScore": "5",
    "Syllable": "82",
    "Word": "18",
    "RDate": "20220626",
    "Aspects": [
      {
        "Aspect": "가격",
        "SentimentText": "가격비교해서 저렴한 가격에 구매했어요",
        "SentimentWord": "4",
        "SentimentPolarity": "1"
      },
      {
        "Aspect": "편의성",
        "SentimentText": "비오고 습한날 사용하면 정말 편할거 같습니다 ",
        "SentimentWord": "6",
        "SentimentPolarity": "1"
      }
    ]
  },
  {
    "Index": "19265",
    "RawText": "살균기능도 있어서 좋습니다. 아주 저렴하게 잘 구입한 것 같아 좋아요",
    "Source": "쇼핑몰",
    "Domain": "가전",
    "MainCategory": "생활/미용/욕실가전",
    "ProductName": "그랑데 삼성전자 DV17T8520BP 본체",
    "ReviewScore": "5",
    "Syllable": "38",
    "Word": "10",
    "RDate": "20220210",
    "Aspects": [
      {
        "Aspect": "기능",
        "SentimentText": "살균기능도 있어서 좋습니다",
        "SentimentWord": "3",
        "SentimentPolarity": "1"
      },
      {
        "Aspect": "가격",
        "SentimentText": "아주 저렴하게 잘 구입한 것 같아 좋아요",
        "SentimentWord": "7",
        "SentimentPolarity": "1"
      }
    ]
  },
  {
    "Index": "19266",
    "RawText": "빨래량이 적어서 고민했는데 구입 잘한것 같습니다 건조기 있으니 빨래하기 세상편하네요 싼 가격에 저렴하게 잘 구입했습니다.",
    "Source": "쇼핑몰",
    "Domain": "가전",
    "MainCategory": "생활/미용/욕실가전",
    "ProductName": "그랑데 삼성전자 DV17T8520BP 본체",
    "ReviewScore": "5",
    "Syllable": "67",
    "Word": "15",
    "RDate": "20211118",
    "GeneralPolarity": "1",
    "Aspects": [
      {
        "Aspect": "편의성",
        "SentimentText": "건조기 있으니 빨래하기 세상편하네요",
        "SentimentWord": "4",
        "SentimentPolarity": "1"
      },
      {
        "Aspect": "가격",
        "SentimentText": "싼 가격에 저렴하게 잘 구입했습니다.",
        "SentimentWord": "5",
        "SentimentPolarity": "1"
      }
    ]
  },
  {
    "Index": "19267",
    "RawText": "건조대에서 빨래말리기 불편했는데 건조기가 있으니 세상 편하네요. 마땅한 공간이 없어 베란다에 설치 했는데 건조기가 금새 빨래를 건조 시키는 것을 보니 잘샀다고 생각되네요.",
    "Source": "쇼핑몰",
    "Domain": "가전",
    "MainCategory": "생활/미용/욕실가전",
    "ProductName": "그랑데 삼성전자 DV17T8520BP 본체",
    "ReviewScore": "5",
    "Syllable": "95",
    "Word": "22",
    "RDate": "20220221",
    "GeneralPolarity": "1",
    "Aspects": [
      {
        "Aspect": "편의성",
        "SentimentText": "건조기가 있으니 세상 편하네요",
        "SentimentWord": "4",
        "SentimentPolarity": "1"
      },
      {
        "Aspect": "기능",
        "SentimentText": "건조기가 금새 빨래를 건조시키는 것을 보니 잘샀다고 생각되네요.",
        "SentimentWord": "8",
        "SentimentPolarity": "1"
      }
    ]
  },
  {
    "Index": "19268",
    "RawText": "배송이 거진 한달가량은 걸린거 같은데 비오는 날도 빨래를 돌릴수있다니 웬지 기분이 좋아지네요 에너지등급도 좋아서 굿~이에요",
    "Source": "쇼핑몰",
    "Domain": "가전",
    "MainCategory": "생활/미용/욕실가전",
    "ProductName": "그랑데 삼성전자 DV17T8520BP 본체",
    "ReviewScore": "4",
    "Syllable": "68",
    "Word": "15",
    "RDate": "20220809",
    "Aspects": [
      {
        "Aspect": "편의성",
        "SentimentText": "비오는 날도 빨래를 돌릴수있다니 웬지 기분이 좋아지네요",
        "SentimentWord": "7",
        "SentimentPolarity": "1"
      },
      {
        "Aspect": "소비전력",
        "SentimentText": "에너지등급도 좋아서 굿~이에요",
        "SentimentWord": "3",
        "SentimentPolarity": "1"
      }
    ]
  },
  {
    "Index": "19269",
    "RawText": "건조기가 빨래를 뽀송!뽀송! 잘말리고 건조시에도 소음이 거진 나지않아 밤에도 건조할 수 있어 너무 좋아요^^",
    "Source": "쇼핑몰",
    "Domain": "가전",
    "MainCategory": "생활/미용/욕실가전",
    "ProductName": "그랑데 삼성전자 DV17T8520BP 본체",
    "ReviewScore": "5",
    "Syllable": "60",
    "Word": "14",
    "RDate": "20211114",
    "GeneralPolarity": "1",
    "Aspects": [
      {
        "Aspect": "기능",
        "SentimentText": "건조기가 빨래를 뽀송!뽀송! 잘말리고 ",
        "SentimentWord": "4",
        "SentimentPolarity": "1"
      },
      {
        "Aspect": "소음",
        "SentimentText": "건조시에도 소음이 거진 나지않아 밤에도 건조할 수 있어 너무 좋아요^^",
        "SentimentWord": "10",
        "SentimentPolarity": "1"
      }
    ]
  },
  {
    "Index": "19270",
    "RawText": "건조기로 수건 말려보니 뽀송뽀송 사용할때마다 너무 좋습니다^^ 건조기쓰는 이유를 이제서야 알겠네요~제품 굿굿!",
    "Source": "쇼핑몰",
    "Domain": "가전",
    "MainCategory": "생활/미용/욕실가전",
    "ProductName": "그랑데 삼성전자 DV17T8520BP 본체",
    "ReviewScore": "5",
    "Syllable": "61",
    "Word": "12",
    "RDate": "20220818",
    "Aspects": [
      {
        "Aspect": "기능",
        "SentimentText": "건조기로 수건 말려보니 뽀송뽀송 사용할때마다 너무 좋습니다^^",
        "SentimentWord": "7",
        "SentimentPolarity": "1"
      },
      {
        "Aspect": "품질",
        "SentimentText": "건조기쓰는 이유를 이제서야 알겠네요~제품 굿굿!",
        "SentimentWord": "5",
        "SentimentPolarity": "1"
      }
    ]
  },
  {
    "Index": "19271",
    "RawText": "건조기 구입 고민하다 사용해보니 빨래건조 넘 편하고 만족해요 이불 먼지 털기 기능 너무 좋아요~굿!!",
    "Source": "쇼핑몰",
    "Domain": "가전",
    "MainCategory": "생활/미용/욕실가전",
    "ProductName": "그랑데 삼성전자 DV17T8520BP 본체",
    "ReviewScore": "5",
    "Syllable": "56",
    "Word": "14",
    "RDate": "20211202",
    "Aspects": [
      {
        "Aspect": "편의성",
        "SentimentText": "빨래건조 넘 편하고 만족해요",
        "SentimentWord": "4",
        "SentimentPolarity": "1"
      },
      {
        "Aspect": "기능",
        "SentimentText": "이불 먼지 털기 기능 너무 좋아요~굿!!",
        "SentimentWord": "6",
        "SentimentPolarity": "1"
      }
    ]
  },
  {
    "Index": "19272",
    "RawText": "건조기 아이쇼핑만 하다가 저렴한 가격으로ㅇㅇㅇ건조기 구입했어요. 무엇보다 건조속도가 빨라 맘에 들어요^^",
    "Source": "쇼핑몰",
    "Domain": "가전",
    "MainCategory": "생활/미용/욕실가전",
    "ProductName": "그랑데 삼성전자 DV17T8520BP 본체",
    "ReviewScore": "5",
    "Syllable": "58",
    "Word": "11",
    "RDate": "20220226",
    "GeneralPolarity": "1",
    "Aspects": [
      {
        "Aspect": "가격",
        "SentimentText": "저렴한 가격으로ㅇㅇㅇ건조기 구입했어요.",
        "SentimentWord": "3",
        "SentimentPolarity": "1"
      },
      {
        "Aspect": "시간/속도",
        "SentimentText": "무엇보다 건조속도가 빨라 맘에 들어요^^",
        "SentimentWord": "5",
        "SentimentPolarity": "1"
      }
    ]
  },
  {
    "Index": "19273",
    "RawText": "건조기 살까말까 고민만하다 이번에 구입했는데 뽀송뽀송 잘 말라 넘 좋아요. 비올때도 건조기 믿고 언제든 빨래할 수 있어서 대만족입니다.",
    "Source": "쇼핑몰",
    "Domain": "가전",
    "MainCategory": "생활/미용/욕실가전",
    "ProductName": "그랑데 삼성전자 DV17T8520BP 본체",
    "ReviewScore": "5",
    "Syllable": "75",
    "Word": "18",
    "RDate": "20211122",
    "GeneralPolarity": "1",
    "Aspects": [
      {
        "Aspect": "기능",
        "SentimentText": "뽀송뽀송 잘 말라 넘 좋아요",
        "SentimentWord": "5",
        "SentimentPolarity": "1"
      },
      {
        "Aspect": "품질",
        "SentimentText": "비올때도 건조기 믿고 언제든 빨래할 수 있어서 대만족입니다.",
        "SentimentWord": "8",
        "SentimentPolarity": "1"
      }
    ]
  },
  {
    "Index": "19274",
    "RawText": "건조기가 갑자기 고장나 구매했는데 싼 가격에 저렴하게 좋은 제품 잘 구매한거 같아요^^ 설치완료되고 건조기 돌려봤어요. 좋은 제품 잘 쓰겠습니다.",
    "Source": "쇼핑몰",
    "Domain": "가전",
    "MainCategory": "생활/미용/욕실가전",
    "ProductName": "그랑데 삼성전자 DV17T8520BP 본체",
    "ReviewScore": "5",
    "Syllable": "81",
    "Word": "19",
    "RDate": "20220126",
    "GeneralPolarity": "1",
    "Aspects": [
      {
        "Aspect": "가격",
        "SentimentText": "싼 가격에 저렴하게 좋은 제품 잘 구매한거 같아요^^",
        "SentimentWord": "8",
        "SentimentPolarity": "1"
      },
      {
        "Aspect": "품질",
        "SentimentText": "좋은 제품 잘 쓰겠습니다.",
        "SentimentWord": "4",
        "SentimentPolarity": "1"
      }
    ]
  },
  {
    "Index": "19275",
    "RawText": "건조기 구매후에 빨래 돌려보니 이불은 모달 중간두께 2개까지 건조 가능할 정도로 용량이 크고 옷이랑 수건이랑 같이 돌렸는데 상관없는 것 같아요. 옷도 줄거나 변형되지 않아 좋아요. 미세먼지때문에 빨래걱정 많았는데 맘껏 편히 사용할 수 있어 좋아요",
    "Source": "쇼핑몰",
    "Domain": "가전",
    "MainCategory": "생활/미용/욕실가전",
    "ProductName": "그랑데 삼성전자 DV17T8520BP 본체",
    "ReviewScore": "5",
    "Syllable": "137",
    "Word": "34",
    "RDate": "20211121",
    "GeneralPolarity": "1",
    "Aspects": [
      {
        "Aspect": "용량",
        "SentimentText": "이불은 모달 중간두께 2개까지 건조 가능할 정도로 용량이 크고",
        "SentimentWord": "9",
        "SentimentPolarity": "1"
      },
      {
        "Aspect": "기능",
        "SentimentText": "옷도 줄거나 변형되지 않아 좋아요",
        "SentimentWord": "5",
        "SentimentPolarity": "1"
      },
      {
        "Aspect": "편의성",
        "SentimentText": "미세먼지때문에 빨래걱정 많았는데 맘껏 편히 사용할  수 있어 좋아요",
        "SentimentWord": "9",
        "SentimentPolarity": "1"
      }
    ]
  },
  {
    "Index": "19276",
    "RawText": "건조기 구입 계속 미루다 저렴한 가격에 판매하는 것 같아 구입했어요 생각했던것보다 사용하기 너무 편하고 좋네요^^색상도 맘에들고요 패딩케어코스도 있어서 돌려봤어요 완전 좋아요^^",
    "Source": "쇼핑몰",
    "Domain": "가전",
    "MainCategory": "생활/미용/욕실가전",
    "ProductName": "그랑데 삼성전자 DV17T8520BP 본체",
    "ReviewScore": "5",
    "Syllable": "99",
    "Word": "21",
    "RDate": "20220217",
    "GeneralPolarity": "1",
    "Aspects": [
      {
        "Aspect": "가격",
        "SentimentText": "저렴한 가격에 판매하는 것 같아 구입했어요",
        "SentimentWord": "6",
        "SentimentPolarity": "1"
      },
      {
        "Aspect": "편의성",
        "SentimentText": "생각했던것보다 사용하기 너무 편하고 좋네요^^",
        "SentimentWord": "5",
        "SentimentPolarity": "1"
      },
      {
        "Aspect": "색상",
        "SentimentText": "색상도 맘에들고요",
        "SentimentWord": "2",
        "SentimentPolarity": "1"
      },
      {
        "Aspect": "기능",
        "SentimentText": "패딩케어코스도 있어서 돌려봤어요 완전 좋아요^^",
        "SentimentWord": "5",
        "SentimentPolarity": "1"
      }
    ]
  },
  {
    "Index": "19277",
    "RawText": "건조기 기능이 매우 좋고 가격도 저렴해서 대만족입니다~ㅇㅇㅇ이라 AS도 좋고요 예전 모델과 비교하면 옷감 손상이 확실히 적네요",
    "Source": "쇼핑몰",
    "Domain": "가전",
    "MainCategory": "생활/미용/욕실가전",
    "ProductName": "그랑데 삼성전자 DV17T8520BP 본체",
    "ReviewScore": "5",
    "Syllable": "70",
    "Word": "16",
    "RDate": "20220720",
    "Aspects": [
      {
        "Aspect": "기능",
        "SentimentText": "건조기 기능이 매우 좋고",
        "SentimentWord": "4",
        "SentimentPolarity": "1"
      },
      {
        "Aspect": "가격",
        "SentimentText": "가격도 저렴해서 대만족입니다~",
        "SentimentWord": "3",
        "SentimentPolarity": "1"
      },
      {
        "Aspect": "품질",
        "SentimentText": "예전 모델과 비교하면 옷감 손상이 확실히 적네요",
        "SentimentWord": "7",
        "SentimentPolarity": "1"
      }
    ]
  },
  {
    "Index": "19278",
    "RawText": "마침 할인기회가 생겨서 많이 저렴하게 구입했습니다 진작 살껄 품질이 정말 좋습니다",
    "Source": "쇼핑몰",
    "Domain": "가전",
    "MainCategory": "생활/미용/욕실가전",
    "ProductName": "그랑데 삼성전자 DV17T8520BP 본체",
    "ReviewScore": "5",
    "Syllable": "45",
    "Word": "11",
    "RDate": "20211114",
    "GeneralPolarity": "1",
    "Aspects": [
      {
        "Aspect": "가격",
        "SentimentText": "마침 할인기회가 생겨서 많이 저렴하게 구입했습니다",
        "SentimentWord": "6",
        "SentimentPolarity": "1"
      },
      {
        "Aspect": "품질",
        "SentimentText": "진작 살껄 품질이 정말 좋습니다",
        "SentimentWord": "5",
        "SentimentPolarity": "1"
      }
    ]
  },
  {
    "Index": "19279",
    "RawText": "건조기 원하는 날짜에 잘 받았습니다. 전에 건조기가 옷이 줄어든다 정전기가 많이난다 라는 단점들이 많이 있었지만 이제 처음보다 성능도 좋아지고 했다고 해서요 친절하게 상담해주시고 궁금한거 물어보는데도 잘 설명해주셨어요~ 두번 사용했는데 확실히 수건은 뽀송뽀송하니 좋네요^^",
    "Source": "쇼핑몰",
    "Domain": "가전",
    "MainCategory": "생활/미용/욕실가전",
    "ProductName": "그랑데 삼성전자 DV17T8520BP 본체",
    "ReviewScore": "5",
    "Syllable": "152",
    "Word": "33",
    "RDate": "20220124",
    "Aspects": [
      {
        "Aspect": "기능",
        "SentimentText": "이제 처음보다 성능도 좋아지고 했다고 해서요",
        "SentimentWord": "6",
        "SentimentPolarity": "1"
      },
      {
        "Aspect": "품질",
        "SentimentText": "두번 사용했는데 확실히 수건은 뽀송뽀송하니 좋네요^^",
        "SentimentWord": "6",
        "SentimentPolarity": "1"
      }
    ]
  },
  {
    "Index": "19281",
    "RawText": "빨래도 뽀송뽀송 건조가 잘되고 먼지가 걸러진다는게 제일 좋아요~ 굿!",
    "Source": "쇼핑몰",
    "Domain": "가전",
    "MainCategory": "생활/미용/욕실가전",
    "ProductName": "그랑데 삼성전자 DV17T8520BP 본체",
    "ReviewScore": "5",
    "Syllable": "38",
    "Word": "9",
    "RDate": "20211229",
    "GeneralPolarity": "1",
    "Aspects": [
      {
        "Aspect": "기능",
        "SentimentText": "빨래도 뽀송뽀송 건조가 잘되고 ",
        "SentimentWord": "4",
        "SentimentPolarity": "1"
      },
      {
        "Aspect": "기능",
        "SentimentText": "먼지가 걸러진다는게 제일 좋아요~굿!",
        "SentimentWord": "4",
        "SentimentPolarity": "1"
      }
    ]
  },
  {
    "Index": "19282",
    "RawText": "건조기 미리 못산게 아쉽네요. 팔이 아파서 빨래털기도 어려웠는데 이제 빨래하기 편해졌어요 살균도 먼지털이도 건조기가 알아서 척척 해주니 정말 편하네요^^",
    "Source": "쇼핑몰",
    "Domain": "가전",
    "MainCategory": "생활/미용/욕실가전",
    "ProductName": "그랑데 삼성전자 DV17T8520BP 본체",
    "ReviewScore": "5",
    "Syllable": "85",
    "Word": "19",
    "RDate": "20211119",
    "GeneralPolarity": "1",
    "Aspects": [
      {
        "Aspect": "편의성",
        "SentimentText": "이제 빨래하기 편해졌어요",
        "SentimentWord": "3",
        "SentimentPolarity": "1"
      },
      {
        "Aspect": "기능",
        "SentimentText": "살균도 먼지털이도 건조기가 알아서 척척 해주니 정말 편하네요^^",
        "SentimentWord": "8",
        "SentimentPolarity": "1"
      }
    ]
  },
  {
    "Index": "19283",
    "RawText": "설치 기사님이 정말 친절하게 건조기 기능을 설명을 잘해주셨네요 감사합니다 크기가 커 보여서 공간이 부족하지 않을까 걱정했는데 괜찮습니다. 가성비 대박 굿!",
    "Source": "쇼핑몰",
    "Domain": "가전",
    "MainCategory": "생활/미용/욕실가전",
    "ProductName": "그랑데 삼성전자 DV17T8520BP 본체",
    "ReviewScore": "5",
    "Syllable": "86",
    "Word": "20",
    "RDate": "20220702",
    "Aspects": [
      {
        "Aspect": "사이즈",
        "SentimentText": "크기가 커 보여서 공간이 부족하지 않을까 걱정했는데 괜찮습니다.",
        "SentimentWord": "8",
        "SentimentPolarity": "1"
      },
      {
        "Aspect": "가격",
        "SentimentText": "가성비 대박 굿!",
        "SentimentWord": "3",
        "SentimentPolarity": "1"
      }
    ]
  },
  {
    "Index": "19284",
    "RawText": "기능도 가격에 비하면 상당히 다양한 편이네요 가격대비 퀄러티는 좀 떨어지네요 ㅠㅠ",
    "Source": "쇼핑몰",
    "Domain": "가전",
    "MainCategory": "생활/미용/욕실가전",
    "ProductName": "그랑데 삼성전자 DV17T8520BP 본체",
    "ReviewScore": "5",
    "Syllable": "45",
    "Word": "11",
    "RDate": "20220804",
    "Aspects": [
      {
        "Aspect": "기능",
        "SentimentText": "기능도 가격에 비하면 상당히 다양한 편이네요",
        "SentimentWord": "6",
        "SentimentPolarity": "1"
      },
      {
        "Aspect": "품질",
        "SentimentText": "가격대비 퀄러티는 좀 떨어지네요 ㅠㅠ",
        "SentimentWord": "5",
        "SentimentPolarity": "-1"
      }
    ]
  },
  {
    "Index": "19285",
    "RawText": "사용해 보니 건조기 성능 정말 좋아요 ai로 편리하고 간편하게 사용하기도 좋구요^^",
    "Source": "쇼핑몰",
    "Domain": "가전",
    "MainCategory": "생활/미용/욕실가전",
    "ProductName": "그랑데 삼성전자 DV17T8520BP 본체",
    "ReviewScore": "5",
    "Syllable": "46",
    "Word": "11",
    "RDate": "20220418",
    "Aspects": [
      {
        "Aspect": "기능",
        "SentimentText": "사용해보니 건조기 성능 정말 좋아요",
        "SentimentWord": "5",
        "SentimentPolarity": "1"
      },
      {
        "Aspect": "편의성",
        "SentimentText": "ai로 편리하고 간편하게 사용하기도 좋구요^^",
        "SentimentWord": "5",
        "SentimentPolarity": "1"
      }
    ]
  },
  {
    "Index": "19286",
    "RawText": "건조기 사용해본 사람들이 모두 신세계라해서 써봤는데 정말 기능이 좋네요. 빨래가 날씨가 안좋은 날도 뽀송하게 잘 마르는 것도 좋고 더 좋은 것은 먼지를 걸러준다는 거예요. 고민하시는분들 ㅇㅇㅇ건조기 써보셔도 좋을듯 싶어요!!",
    "Source": "쇼핑몰",
    "Domain": "가전",
    "MainCategory": "생활/미용/욕실가전",
    "ProductName": "그랑데 삼성전자 DV17T8520BP 본체",
    "ReviewScore": "5",
    "Syllable": "125",
    "Word": "29",
    "RDate": "20211118",
    "Aspects": [
      {
        "Aspect": "기능",
        "SentimentText": "날씨가 안좋은 날도 뽀송하게 잘 마르는 것도 좋고",
        "SentimentWord": "8",
        "SentimentPolarity": "1"
      },
      {
        "Aspect": "기능",
        "SentimentText": "더 좋은 것은 먼지를 걸러준다는 거예요",
        "SentimentWord": "6",
        "SentimentPolarity": "1"
      }
    ]
  },
  {
    "Index": "19288",
    "RawText": "건조기 자체 품질은 아주 좋은거 같아요 섬세의류도 건조가능하고 좋아요 다만 소리가 나는데 그건  어쩔 수 없는거 같아요",
    "Source": "쇼핑몰",
    "Domain": "가전",
    "MainCategory": "생활/미용/욕실가전",
    "ProductName": "그랑데 삼성전자 DV17T8520BP 본체",
    "ReviewScore": "5",
    "Syllable": "66",
    "Word": "17",
    "RDate": "20220717",
    "GeneralPolarity": "1",
    "Aspects": [
      {
        "Aspect": "품질",
        "SentimentText": "건조기 자체 품질은 아주 좋은거 같아요",
        "SentimentWord": "6",
        "SentimentPolarity": "1"
      },
      {
        "Aspect": "기능",
        "SentimentText": "섬세의류도 건조가능하고 좋아요",
        "SentimentWord": "3",
        "SentimentPolarity": "1"
      },
      {
        "Aspect": "소음",
        "SentimentText": "다만 소리가 나는데 그건 어쩔 수 없는거 같아요",
        "SentimentWord": "8",
        "SentimentPolarity": "0"
      }
    ]
  },
  {
    "Index": "19289",
    "RawText": "사용해보니 옷감 먼지제거하는 능력이 탁월합니다~~ 컬러도 좋아하는 화이트라 만족입니다",
    "Source": "쇼핑몰",
    "Domain": "가전",
    "MainCategory": "생활/미용/욕실가전",
    "ProductName": "그랑데 삼성전자 DV17T8520BP 본체",
    "ReviewScore": "5",
    "Syllable": "47",
    "Word": "9",
    "RDate": "20220221",
    "Aspects": [
      {
        "Aspect": "기능",
        "SentimentText": "사용해보니 옷감 먼지제거하는 능력이 탁월합니다~~",
        "SentimentWord": "5",
        "SentimentPolarity": "1"
      },
      {
        "Aspect": "색상",
        "SentimentText": "컬러도 좋아하는 화이트라 만족입니다",
        "SentimentWord": "4",
        "SentimentPolarity": "1"
      }
    ]
  },
  {
    "Index": "19290",
    "RawText": "건조기 사용해보니 옷감들 완전 뽀송뽀송 최고네요^^ 에너지 등급도 좋고 만족입니다~",
    "Source": "쇼핑몰",
    "Domain": "가전",
    "MainCategory": "생활/미용/욕실가전",
    "ProductName": "그랑데 삼성전자 DV17T8520BP 본체",
    "ReviewScore": "5",
    "Syllable": "46",
    "Word": "10",
    "RDate": "20220222",
    "GeneralPolarity": "1",
    "Aspects": [
      {
        "Aspect": "기능",
        "SentimentText": "건조기 사용해보니 옷감들 완전 뽀송뽀송 최고네요^^",
        "SentimentWord": "6",
        "SentimentPolarity": "1"
      },
      {
        "Aspect": "소비전력",
        "SentimentText": " 에너지 등급도 좋고 만족입니다~",
        "SentimentWord": "4",
        "SentimentPolarity": "1"
      }
    ]
  },
  {
    "Index": "19291",
    "RawText": "건조기 크기가 제가 생각한것 보다 크고 용량이 커서 세탁물을 많이 넣을 수 있어서 좋아요. 소음이 좀 있어서 그렇치 잘 작동돼요",
    "Source": "쇼핑몰",
    "Domain": "가전",
    "MainCategory": "생활/미용/욕실가전",
    "ProductName": "그랑데 삼성전자 DV17T8520BP 본체",
    "ReviewScore": "4",
    "Syllable": "71",
    "Word": "20",
    "RDate": "20211129",
    "GeneralPolarity": "1",
    "Aspects": [
      {
        "Aspect": "사이즈",
        "SentimentText": "건조기 크기가 제가 생각한것 보다 크고",
        "SentimentWord": "6",
        "SentimentPolarity": "1"
      },
      {
        "Aspect": "용량",
        "SentimentText": "용량이 커서 세탁물을 많이 넣을 수 있어서 좋아요.",
        "SentimentWord": "8",
        "SentimentPolarity": "1"
      },
      {
        "Aspect": "소음",
        "SentimentText": "소음이 좀 있어서 그렇치 잘 작동돼요",
        "SentimentWord": "6",
        "SentimentPolarity": "0"
      }
    ]
  },
  {
    "Index": "19292",
    "RawText": "건조기 색상 정말 예뻐요~ 사용 후에 빨래가 뽀송해지니 참좋습니다ㅎㅎ 쿠폰으로 비교적 싸게 사서 더 만족스러워요^^",
    "Source": "쇼핑몰",
    "Domain": "가전",
    "MainCategory": "생활/미용/욕실가전",
    "ProductName": "그랑데 삼성전자 DV17T8520BP 본체",
    "ReviewScore": "5",
    "Syllable": "64",
    "Word": "15",
    "RDate": "20220703",
    "GeneralPolarity": "1",
    "Aspects": [
      {
        "Aspect": "색상",
        "SentimentText": "건조기 색상 정말 예뻐요~",
        "SentimentWord": "4",
        "SentimentPolarity": "1"
      },
      {
        "Aspect": "기능",
        "SentimentText": "사용 후에 빨래가 뽀송해지니 참좋습니다ㅎㅎ",
        "SentimentWord": "5",
        "SentimentPolarity": "1"
      },
      {
        "Aspect": "가격",
        "SentimentText": "쿠폰으로 비교적 싸게 사서 더 만족스러워요^^",
        "SentimentWord": "6",
        "SentimentPolarity": "1"
      }
    ]
  },
  {
    "Index": "19293",
    "RawText": "건조기 크기가 제 생각보다 커서 깜짝 놀랐네요.  디자인도 심플하니 이쁩니다",
    "Source": "쇼핑몰",
    "Domain": "가전",
    "MainCategory": "생활/미용/욕실가전",
    "ProductName": "그랑데 삼성전자 DV17T8520BP 본체",
    "ReviewScore": "5",
    "Syllable": "42",
    "Word": "10",
    "RDate": "20220314",
    "Aspects": [
      {
        "Aspect": "사이즈",
        "SentimentText": "건조기 크기가 제 생각보다 커서 깜짝 놀랐네요",
        "SentimentWord": "7",
        "SentimentPolarity": "1"
      },
      {
        "Aspect": "디자인",
        "SentimentText": " 디자인도 심플하니 이쁩니다",
        "SentimentWord": "3",
        "SentimentPolarity": "1"
      }
    ]
  },
  {
    "Index": "19294",
    "RawText": "성능은 훨신 쾌적하고 좋네요.제품 하자없어 맘에 듭니다",
    "Source": "쇼핑몰",
    "Domain": "가전",
    "MainCategory": "생활/미용/욕실가전",
    "ProductName": "그랑데 삼성전자 DV17T8520BP 본체",
    "ReviewScore": "5",
    "Syllable": "30",
    "Word": "7",
    "RDate": "20220628",
    "Aspects": [
      {
        "Aspect": "기능",
        "SentimentText": "성능은 훨신 쾌적하고 좋네요.",
        "SentimentWord": "4",
        "SentimentPolarity": "1"
      },
      {
        "Aspect": "품질",
        "SentimentText": "제품 하자없어 맘에 듭니다",
        "SentimentWord": "4",
        "SentimentPolarity": "1"
      }
    ]
  },
  {
    "Index": "19295",
    "RawText": "일단 건조기 색상 너무 이쁘고요~포함된 기능들 너무 맘에 듭니다^^",
    "Source": "쇼핑몰",
    "Domain": "가전",
    "MainCategory": "생활/미용/욕실가전",
    "ProductName": "그랑데 삼성전자 DV17T8520BP 본체",
    "ReviewScore": "5",
    "Syllable": "37",
    "Word": "9",
    "RDate": "20220826",
    "GeneralPolarity": "1",
    "Aspects": [
      {
        "Aspect": "색상",
        "SentimentText": "일단 건조기 색상 너무 이쁘고요~",
        "SentimentWord": "5",
        "SentimentPolarity": "1"
      },
      {
        "Aspect": "기능",
        "SentimentText": "포함된 기능들 너무 맘에 듭니다^^",
        "SentimentWord": "5",
        "SentimentPolarity": "1"
      }
    ]
  },
  {
    "Index": "19296",
    "RawText": "구입할 때 저렴해서 걱정했는데 사용해보니 가성비 갑인 제품이었네요^^ 색상도 깔끔해서 너무 맘에 들고요~",
    "Source": "쇼핑몰",
    "Domain": "가전",
    "MainCategory": "생활/미용/욕실가전",
    "ProductName": "그랑데 삼성전자 DV17T8520BP 본체",
    "ReviewScore": "5",
    "Syllable": "58",
    "Word": "13",
    "RDate": "20220701",
    "GeneralPolarity": "1",
    "Aspects": [
      {
        "Aspect": "가격",
        "SentimentText": "구입할 때 저렴해서 걱정했는데 사용해보니 가성비 갑인 제품이었네요^^",
        "SentimentWord": "8",
        "SentimentPolarity": "1"
      },
      {
        "Aspect": "색상",
        "SentimentText": "색상도 깔끔해서 너무 맘에 들고요~",
        "SentimentWord": "5",
        "SentimentPolarity": "1"
      }
    ]
  },
  {
    "Index": "19297",
    "RawText": "건조기는 제품 그 자체로 마음에 드는데  소음이 너무 커서 시끄러워요 ㅠㅠ",
    "Source": "쇼핑몰",
    "Domain": "가전",
    "MainCategory": "생활/미용/욕실가전",
    "ProductName": "그랑데 삼성전자 DV17T8520BP 본체",
    "ReviewScore": "4",
    "Syllable": "41",
    "Word": "11",
    "RDate": "20220430",
    "Aspects": [
      {
        "Aspect": "품질",
        "SentimentText": "건조기는 제품 그 자체로 마음에 드는데",
        "SentimentWord": "6",
        "SentimentPolarity": "1"
      },
      {
        "Aspect": "소음",
        "SentimentText": "소음이 너무 커서 시끄러워요 ㅠㅠ",
        "SentimentWord": "5",
        "SentimentPolarity": "-1"
      }
    ]
  },
  {
    "Index": "19299",
    "RawText": "사용해보니 빠른 시간에 수건이 뽀송해지니 완전 신세계네요~~ 발열감이 좀 있는 건 아쉽네요ㅠ",
    "Source": "쇼핑몰",
    "Domain": "가전",
    "MainCategory": "생활/미용/욕실가전",
    "ProductName": "그랑데 삼성전자 DV17T8520BP 본체",
    "ReviewScore": "5",
    "Syllable": "51",
    "Word": "12",
    "RDate": "20211115",
    "GeneralPolarity": "0",
    "Aspects": [
      {
        "Aspect": "시간/속도",
        "SentimentText": "사용해보니 빠른 시간에 수건이 뽀송해지니 완전 신세계네요~~",
        "SentimentWord": "7",
        "SentimentPolarity": "1"
      },
      {
        "Aspect": "내구성",
        "SentimentText": "발열감이 좀 있는 건 아쉽네요ㅠ",
        "SentimentWord": "5",
        "SentimentPolarity": "-1"
      }
    ]
  },
  {
    "Index": "19300",
    "RawText": "건조기 품질 자체는 문제가 되진 않아요 하지만  주문하고 어제설치했는데 하루차이로 돈을 더 지불해 속상하네요. 반품하고 싶은데 설치해서 반품도 안되고 완전 호구된 느낌ㅜㅜ",
    "Source": "쇼핑몰",
    "Domain": "가전",
    "MainCategory": "생활/미용/욕실가전",
    "ProductName": "그랑데 삼성전자 DV17T8520BP 본체",
    "ReviewScore": "1",
    "Syllable": "95",
    "Word": "22",
    "RDate": "20220623",
    "Aspects": [
      {
        "Aspect": "품질",
        "SentimentText": "건조기 품질 자체는 문제가 되진 않아요",
        "SentimentWord": "6",
        "SentimentPolarity": "0"
      },
      {
        "Aspect": "가격",
        "SentimentText": "하루차이로 돈을 더 지불해 속상하네요",
        "SentimentWord": "5",
        "SentimentPolarity": "-1"
      }
    ]
  },
  {
    "Index": "19302",
    "RawText": "겨울철 이불빨래했는데 뽀송뽀송 완전 새이불이 되었네요 직렬식으로 설치하니 공간도 적게 차지해 완전 좋아요",
    "Source": "쇼핑몰",
    "Domain": "가전",
    "MainCategory": "생활/미용/욕실가전",
    "ProductName": "그랑데 삼성전자 DV17T8520BP 본체",
    "ReviewScore": "5",
    "Syllable": "58",
    "Word": "13",
    "RDate": "20220109",
    "GeneralPolarity": "1",
    "Aspects": [
      {
        "Aspect": "기능",
        "SentimentText": "겨울철 이불빨래했는데 뽀송뽀송 완전 새이불이 되었네요",
        "SentimentWord": "6",
        "SentimentPolarity": "1"
      },
      {
        "Aspect": "사이즈",
        "SentimentText": "직렬식으로 설치하니 공간도 적게 차지해 완전 좋아요",
        "SentimentWord": "7",
        "SentimentPolarity": "1"
      }
    ]
  },
  {
    "Index": "19303",
    "RawText": "결재 다음날 빠른 배송 아주 좋습니다  가격대비 가성비 굿이예요^^기사님이 비가 오는 데도 배달해주고 상품설명도 친절하게  해주셨습니다. 이불털기 기능을 사용해봤더니 먼지 엄청나오네요ㅜㅜ  빨래도 뽀송뽀송하게 되서 좋습니다 에어드레서 기능도 외출후 사용해볼 계획입니다",
    "Source": "쇼핑몰",
    "Domain": "가전",
    "MainCategory": "생활/미용/욕실가전",
    "ProductName": "그랑데 삼성전자 DV17T8520BP 본체",
    "ReviewScore": "5",
    "Syllable": "149",
    "Word": "30",
    "RDate": "20220630",
    "Aspects": [
      {
        "Aspect": "가격",
        "SentimentText": "가격대비 가성비 굿이예요^^",
        "SentimentWord": "3",
        "SentimentPolarity": "1"
      },
      {
        "Aspect": "기능",
        "SentimentText": "이불털기 기능을 사용해봤더니 먼지 엄청나오네요ㅜㅜ",
        "SentimentWord": "5",
        "SentimentPolarity": "1"
      },
      {
        "Aspect": "기능",
        "SentimentText": "빨래도 뽀송뽀송하게 되서 좋습니다",
        "SentimentWord": "4",
        "SentimentPolarity": "1"
      }
    ]
  },
  {
    "Index": "19304",
    "RawText": "생각보다 사이즈가 커서 깜놀했네요 :::::   제품만 보면 용량도 넉넉하고 좋네요",
    "Source": "쇼핑몰",
    "Domain": "가전",
    "MainCategory": "생활/미용/욕실가전",
    "ProductName": "그랑데 삼성전자 DV17T8520BP 본체",
    "ReviewScore": "4",
    "Syllable": "46",
    "Word": "10",
    "RDate": "20220704",
    "Aspects": [
      {
        "Aspect": "사이즈",
        "SentimentText": "생각보다 사이즈가 커서 깜놀했네요 ::::: ",
        "SentimentWord": "5",
        "SentimentPolarity": "-1"
      },
      {
        "Aspect": "용량",
        "SentimentText": "제품만 보면 용량도 넉넉하고 좋네요",
        "SentimentWord": "5",
        "SentimentPolarity": "1"
      }
    ]
  },
  {
    "Index": "19306",
    "RawText": "건조대에 널지 않아도 바로 뽀송해지니 최고입니다^^ 설치도 매우 빨라서 좋았고요~ 특히 먼지털지 기능이 짱이네요~~ 용량도 커서 너무 맘에 들어요~!!!",
    "Source": "쇼핑몰",
    "Domain": "가전",
    "MainCategory": "생활/미용/욕실가전",
    "ProductName": "그랑데 삼성전자 DV17T8520BP 본체",
    "ReviewScore": "5",
    "Syllable": "85",
    "Word": "19",
    "RDate": "20211115",
    "Aspects": [
      {
        "Aspect": "기능",
        "SentimentText": "건조대에 널지 않아도 바로 뽀송해지니 최고입니다^^",
        "SentimentWord": "6",
        "SentimentPolarity": "1"
      },
      {
        "Aspect": "용량",
        "SentimentText": "용량도 커서 너무 맘에 들어요~!!!",
        "SentimentWord": "5",
        "SentimentPolarity": "1"
      }
    ]
  },
  {
    "Index": "19308",
    "RawText": "세탁 후 바로 건조하고 옷장 속에 넣으니까 너무 간편하네요~ 기능도 다양해서 좋네요~~",
    "Source": "쇼핑몰",
    "Domain": "가전",
    "MainCategory": "생활/미용/욕실가전",
    "ProductName": "그랑데 삼성전자 DV17T8520BP 본체",
    "ReviewScore": "5",
    "Syllable": "48",
    "Word": "12",
    "RDate": "20220303",
    "Aspects": [
      {
        "Aspect": "편의성",
        "SentimentText": "세탁 후 바로 건조하고 옷장 속에 넣으니까 너무 간편하네요~",
        "SentimentWord": "9",
        "SentimentPolarity": "1"
      },
      {
        "Aspect": "기능",
        "SentimentText": "기능도 다양해서 좋네요~~",
        "SentimentWord": "3",
        "SentimentPolarity": "1"
      }
    ]
  },
  {
    "Index": "19309",
    "RawText": "사용해보니 소음도 없어서 조용하고요,  빠른 시간 내에 건조되어서 너무 좋습니다^^",
    "Source": "쇼핑몰",
    "Domain": "가전",
    "MainCategory": "생활/미용/욕실가전",
    "ProductName": "그랑데 삼성전자 DV17T8520BP 본체",
    "ReviewScore": "5",
    "Syllable": "46",
    "Word": "10",
    "RDate": "20220220",
    "GeneralPolarity": "1",
    "Aspects": [
      {
        "Aspect": "소음",
        "SentimentText": "사용해보니 소음도 없어서 조용하고요",
        "SentimentWord": "4",
        "SentimentPolarity": "1"
      },
      {
        "Aspect": "시간/속도",
        "SentimentText": "빠른 시간 내에 건조되어서 너무 좋습니다^^ ",
        "SentimentWord": "6",
        "SentimentPolarity": "1"
      }
    ]
  },
  {
    "Index": "19310",
    "RawText": "비교적 저렴한 가격에 괜찮은 건조기 하나 구입했네요~~ 아쉬운 점은 건조 시간이 조금 오래 걸린다는 점입니다",
    "Source": "쇼핑몰",
    "Domain": "가전",
    "MainCategory": "생활/미용/욕실가전",
    "ProductName": "그랑데 삼성전자 DV17T8520BP 본체",
    "ReviewScore": "5",
    "Syllable": "60",
    "Word": "15",
    "RDate": "20220308",
    "GeneralPolarity": "0",
    "Aspects": [
      {
        "Aspect": "가격",
        "SentimentText": "비교적 저렴한 가격에 괜찮은 건조기 하나 구입했네요~~ ",
        "SentimentWord": "7",
        "SentimentPolarity": "1"
      },
      {
        "Aspect": "시간/속도",
        "SentimentText": "아쉬운 점은 건조 시간이 조금 오래 걸린다는 점입니다",
        "SentimentWord": "8",
        "SentimentPolarity": "-1"
      }
    ]
  },
  {
    "Index": "19311",
    "RawText": "구매하고 나서 2주 조금 넘게 사용해보니 아주 좋네요 추운날씨에 빨래 하느라 힘들었는데 진작 살걸 후회되네요 제품 품질도 좋고 할인된 가격에 사서 더 좋아요",
    "Source": "쇼핑몰",
    "Domain": "가전",
    "MainCategory": "생활/미용/욕실가전",
    "ProductName": "그랑데 삼성전자 DV17T8520BP 본체",
    "ReviewScore": "5",
    "Syllable": "87",
    "Word": "23",
    "RDate": "20211231",
    "GeneralPolarity": "1",
    "Aspects": [
      {
        "Aspect": "품질",
        "SentimentText": "제품 품질도 좋고",
        "SentimentWord": "3",
        "SentimentPolarity": "1"
      },
      {
        "Aspect": "가격",
        "SentimentText": "할인된 가격에 사서 더 좋아요",
        "SentimentWord": "5",
        "SentimentPolarity": "1"
      }
    ]
  },
  {
    "Index": "19312",
    "RawText": "생각보다 조용해여! 소리는 큰 걱정없이 쓸수있구요 수건도 부들부들하게 되어서 나오구요 ㅋㅋ 성능 좋네요!!",
    "Source": "쇼핑몰",
    "Domain": "가전",
    "MainCategory": "생활/미용/욕실가전",
    "ProductName": "그랑데 삼성전자 DV17T8520BP 본체",
    "ReviewScore": "5",
    "Syllable": "59",
    "Word": "13",
    "RDate": "20220409",
    "Aspects": [
      {
        "Aspect": "소음",
        "SentimentText": "생각보다 조용해여! 소리는 큰 걱정없이 쓸수있구요",
        "SentimentWord": "6",
        "SentimentPolarity": "1"
      },
      {
        "Aspect": "기능",
        "SentimentText": "수건도 부들부들하게 되어서 나오구요 ㅋㅋ 성능 좋네요!!",
        "SentimentWord": "7",
        "SentimentPolarity": "1"
      }
    ]
  },
  {
    "Index": "19313",
    "RawText": "좀 일찍 구입할걸 그랬어요~수건 털어보니 먼지가 정말 잘 털리고 먼지가 한가득 나와서 놀랐어요~청소가 너무 쉽고 편해요. 가장 좋은점이에요^^",
    "Source": "쇼핑몰",
    "Domain": "가전",
    "MainCategory": "생활/미용/욕실가전",
    "ProductName": "그랑데 삼성전자 DV17T8520BP 본체",
    "ReviewScore": "5",
    "Syllable": "79",
    "Word": "18",
    "RDate": "20220819",
    "Aspects": [
      {
        "Aspect": "기능",
        "SentimentText": "먼지가 정말 잘 털리고 먼지가 한가득 나와서 놀랐어요~",
        "SentimentWord": "8",
        "SentimentPolarity": "1"
      },
      {
        "Aspect": "편의성",
        "SentimentText": "청소가 너무 쉽고 편해요. 가장 좋은점이에요^^",
        "SentimentWord": "6",
        "SentimentPolarity": "1"
      }
    ]
  },
  {
    "Index": "19314",
    "RawText": "구조상 직렬 설치는 안돼 좀 실망했는데 막상 써보니 제품 품질이 너무 좋아요. 기사님도 친절하고 꼼꼼하게 설치해 주셨어요.감사^^",
    "Source": "쇼핑몰",
    "Domain": "가전",
    "MainCategory": "생활/미용/욕실가전",
    "ProductName": "그랑데 삼성전자 DV17T8520BP 본체",
    "ReviewScore": "5",
    "Syllable": "72",
    "Word": "17",
    "RDate": "20220127",
    "Aspects": [
      {
        "Aspect": "편의성",
        "SentimentText": "구조상 직렬 설치는 안돼 좀 실망했는데",
        "SentimentWord": "6",
        "SentimentPolarity": "-1"
      },
      {
        "Aspect": "품질",
        "SentimentText": "막상 써보니 제품 품질이 너무 좋아요",
        "SentimentWord": "6",
        "SentimentPolarity": "1"
      }
    ]
  },
  {
    "Index": "19316",
    "RawText": "ㅇㅇㅇ 건조기 마침내 구입했어요 가격대비 싸게 잘 산것 같네요~날이 않좋은데 배송 잘 해주셨네요. 비오는 날에 사용하면 좋겠네요",
    "Source": "쇼핑몰",
    "Domain": "가전",
    "MainCategory": "생활/미용/욕실가전",
    "ProductName": "그랑데 삼성전자 DV17T8520BP 본체",
    "ReviewScore": "5",
    "Syllable": "71",
    "Word": "17",
    "RDate": "20220629",
    "Aspects": [
      {
        "Aspect": "가격",
        "SentimentText": "가격대비 싸게 잘 산것 같네요~",
        "SentimentWord": "5",
        "SentimentPolarity": "1"
      },
      {
        "Aspect": "편의성",
        "SentimentText": "비오는 날에 사용하면 좋겠네요",
        "SentimentWord": "4",
        "SentimentPolarity": "1"
      }
    ]
  },
  {
    "Index": "19317",
    "RawText": "ㅇㅇㅇ 건조기 구입 생각만하고 있었는데 사길 잘했네요 사용해보니 빨래  건조도 잘되고 여러가지로 사용하기 편한 것 같아요ㅎ",
    "Source": "쇼핑몰",
    "Domain": "가전",
    "MainCategory": "생활/미용/욕실가전",
    "ProductName": "그랑데 삼성전자 DV17T8520BP 본체",
    "ReviewScore": "5",
    "Syllable": "68",
    "Word": "16",
    "RDate": "20220216",
    "GeneralPolarity": "1",
    "Aspects": [
      {
        "Aspect": "기능",
        "SentimentText": "빨래 건조도 잘되고",
        "SentimentWord": "3",
        "SentimentPolarity": "1"
      },
      {
        "Aspect": "편의성",
        "SentimentText": "여러가지로 사용하기 편한 것 같아요",
        "SentimentWord": "5",
        "SentimentPolarity": "1"
      }
    ]
  },
  {
    "Index": "19318",
    "RawText": "건조온도가 낮아 옷 손상이 덜해요~~ 기능 짱이죠 그리고 건조기 용량이 커서 이불 2개는 들어가네요 정말 쓸만해요",
    "Source": "쇼핑몰",
    "Domain": "가전",
    "MainCategory": "생활/미용/욕실가전",
    "ProductName": "그랑데 삼성전자 DV17T8520BP 본체",
    "ReviewScore": "5",
    "Syllable": "63",
    "Word": "16",
    "RDate": "20220711",
    "Aspects": [
      {
        "Aspect": "기능",
        "SentimentText": "건조온도가 낮아 옷 손상이 덜해요~~ 기능 짱이죠 ",
        "SentimentWord": "7",
        "SentimentPolarity": "1"
      },
      {
        "Aspect": "용량",
        "SentimentText": "건조기 용량이 커서 이불 2개는 들어가네요 정말 쓸만해요",
        "SentimentWord": "8",
        "SentimentPolarity": "1"
      }
    ]
  },
  {
    "Index": "19319",
    "RawText": "소음 진짜 장난아니게 커요 ㅠㅠ 제품구성에 설명서가 부실해 보이네요ㅠ",
    "Source": "쇼핑몰",
    "Domain": "가전",
    "MainCategory": "생활/미용/욕실가전",
    "ProductName": "그랑데 삼성전자 DV17T8520BP 본체",
    "ReviewScore": "3",
    "Syllable": "38",
    "Word": "9",
    "RDate": "20220101",
    "Aspects": [
      {
        "Aspect": "소음",
        "SentimentText": "소음 진짜 장난아니게 커요 ㅠㅠ",
        "SentimentWord": "5",
        "SentimentPolarity": "-1"
      },
      {
        "Aspect": "제품구성",
        "SentimentText": "제품구성에 설명서가 부실해 보이네요ㅠ",
        "SentimentWord": "4",
        "SentimentPolarity": "-1"
      }
    ]
  },
  {
    "Index": "19320",
    "RawText": "기사님이  친절하게 설명해 주시고 배송도 빠르네요 물건 사이즈가 엄청크고 ㅋ 아주 저렴하게 올라온 ㅇㅇㅇ 건조기! 좋아요^^",
    "Source": "쇼핑몰",
    "Domain": "가전",
    "MainCategory": "생활/미용/욕실가전",
    "ProductName": "그랑데 삼성전자 DV17T8520BP 본체",
    "ReviewScore": "5",
    "Syllable": "69",
    "Word": "16",
    "RDate": "20211228",
    "Aspects": [
      {
        "Aspect": "사이즈",
        "SentimentText": "물건 사이즈가 엄청크고",
        "SentimentWord": "3",
        "SentimentPolarity": "1"
      },
      {
        "Aspect": "가격",
        "SentimentText": "아주 저렴하게 올라온 ㅇㅇㅇ건조기! 좋아요^^",
        "SentimentWord": "5",
        "SentimentPolarity": "1"
      }
    ]
  },
  {
    "Index": "19321",
    "RawText": "너무 뽀송뽀송하구 먼지도 안날리구 따뜻한 호텔 수건이 되어서 나왔어요!! 부모님댁에 설치했는데 추운날 이불빨래 할 수있어서 너무 좋아요 진작 살걸 그랬어요^^",
    "Source": "쇼핑몰",
    "Domain": "가전",
    "MainCategory": "생활/미용/욕실가전",
    "ProductName": "그랑데 삼성전자 DV17T8520BP 본체",
    "ReviewScore": "5",
    "Syllable": "88",
    "Word": "20",
    "RDate": "20211120",
    "Aspects": [
      {
        "Aspect": "기능",
        "SentimentText": "너무 뽀송뽀송하구 먼지도 안날리구 따뜻한 호텔 수건이 되어서 나왔어요!! ",
        "SentimentWord": "9",
        "SentimentPolarity": "1"
      },
      {
        "Aspect": "편의성",
        "SentimentText": "추운날 이불빨래 할 수있어서 너무 좋아요 진작 살걸 그랬어요^^",
        "SentimentWord": "9",
        "SentimentPolarity": "1"
      }
    ]
  },
  {
    "Index": "19322",
    "RawText": "넘넘 품질 좋은  건조기!!   착한가격에 너무잘 산것갔아요 완전 강추",
    "Source": "쇼핑몰",
    "Domain": "가전",
    "MainCategory": "생활/미용/욕실가전",
    "ProductName": "그랑데 삼성전자 DV17T8520BP 본체",
    "ReviewScore": "5",
    "Syllable": "39",
    "Word": "9",
    "RDate": "20220615",
    "Aspects": [
      {
        "Aspect": "품질",
        "SentimentText": "넘넘 품질 좋은  건조기!! ",
        "SentimentWord": "4",
        "SentimentPolarity": "1"
      },
      {
        "Aspect": "가격",
        "SentimentText": "착한가격에 너무잘 산것갔아요 완전 강추",
        "SentimentWord": "5",
        "SentimentPolarity": "1"
      }
    ]
  },
  {
    "Index": "19323",
    "RawText": "소음도 크면 어쩌나했는데 밤늦게만 아니면 시끄러움 별로 못느낄정도구요 사용해보니 용량도 커서 너무 좋네요^^",
    "Source": "쇼핑몰",
    "Domain": "가전",
    "MainCategory": "생활/미용/욕실가전",
    "ProductName": "그랑데 삼성전자 DV17T8520BP 본체",
    "ReviewScore": "5",
    "Syllable": "60",
    "Word": "13",
    "RDate": "20220829",
    "Aspects": [
      {
        "Aspect": "소음",
        "SentimentText": "소음도 크면 어쩌나했는데 밤늦게만 아니면 시끄러움 별로 못느낄정도구요",
        "SentimentWord": "8",
        "SentimentPolarity": "1"
      },
      {
        "Aspect": "용량",
        "SentimentText": "사용해보니 용량도 커서 너무 좋네요^^",
        "SentimentWord": "5",
        "SentimentPolarity": "1"
      }
    ]
  },
  {
    "Index": "19325",
    "RawText": "색은 질리지 않는 실버라서 더 흡족하고요^^ 사용해보니 용량도 넉넉하니 너무 좋습니다~~ 탁월한 선택이었네요^^",
    "Source": "쇼핑몰",
    "Domain": "가전",
    "MainCategory": "생활/미용/욕실가전",
    "ProductName": "그랑데 삼성전자 DV17T8520BP 본체",
    "ReviewScore": "5",
    "Syllable": "62",
    "Word": "13",
    "RDate": "20220810",
    "Aspects": [
      {
        "Aspect": "색상",
        "SentimentText": "색은 질리지 않는 실버라서 더 흡족하고요^^",
        "SentimentWord": "6",
        "SentimentPolarity": "0"
      },
      {
        "Aspect": "용량",
        "SentimentText": "사용해보니 용량도 넉넉하니 너무 좋습니다~~ ",
        "SentimentWord": "5",
        "SentimentPolarity": "1"
      }
    ]
  },
  {
    "Index": "19326",
    "RawText": "건조기에 기능도 다양하고, 옷도 뽀송하게 잘 말라서 너무 좋아요ㅎㅎ 실버컬러도 고급지게 이쁘고요~~",
    "Source": "쇼핑몰",
    "Domain": "가전",
    "MainCategory": "생활/미용/욕실가전",
    "ProductName": "그랑데 삼성전자 DV17T8520BP 본체",
    "ReviewScore": "5",
    "Syllable": "55",
    "Word": "12",
    "RDate": "20211211",
    "Aspects": [
      {
        "Aspect": "기능",
        "SentimentText": "건조기에 기능도 다양하고, 옷도 뽀송하게 잘 말라서 너무 좋아요ㅎㅎ",
        "SentimentWord": "9",
        "SentimentPolarity": "1"
      },
      {
        "Aspect": "색상",
        "SentimentText": "실버컬러도 고급지게 이쁘고요~~",
        "SentimentWord": "3",
        "SentimentPolarity": "1"
      }
    ]
  },
  {
    "Index": "19327",
    "RawText": "설치해보니 색상도 너무 예쁘고요~~착한 가격에 구매해서 기분이 좋습니다^^",
    "Source": "쇼핑몰",
    "Domain": "가전",
    "MainCategory": "생활/미용/욕실가전",
    "ProductName": "그랑데 삼성전자 DV17T8520BP 본체",
    "ReviewScore": "5",
    "Syllable": "41",
    "Word": "8",
    "RDate": "20220702",
    "GeneralPolarity": "1",
    "Aspects": [
      {
        "Aspect": "색상",
        "SentimentText": "설치해보니 색상도 너무 예쁘고요~~",
        "SentimentWord": "4",
        "SentimentPolarity": "1"
      },
      {
        "Aspect": "가격",
        "SentimentText": "착한 가격에 구매해서 기분이 좋습니다^^",
        "SentimentWord": "5",
        "SentimentPolarity": "1"
      }
    ]
  },
  {
    "Index": "19328",
    "RawText": "쿠폰 사용해서 착한 가격에 구입했는데 가성비 짱이네요~~사용해보니 소음도 없이 조용해서 너무 좋고요~ 설치기사님도 매너도 좋으시고 친절하셔서 기분 좋았습니다~~",
    "Source": "쇼핑몰",
    "Domain": "가전",
    "MainCategory": "생활/미용/욕실가전",
    "ProductName": "그랑데 삼성전자 DV17T8520BP 본체",
    "ReviewScore": "5",
    "Syllable": "89",
    "Word": "18",
    "RDate": "20220119",
    "Aspects": [
      {
        "Aspect": "가격",
        "SentimentText": "쿠폰 사용해서 착한 가격에 구입했는데 가성비 짱이네요~~",
        "SentimentWord": "7",
        "SentimentPolarity": "1"
      },
      {
        "Aspect": "소음",
        "SentimentText": "사용해보니 소음도 없이 조용해서 너무 좋고요~ ",
        "SentimentWord": "6",
        "SentimentPolarity": "1"
      }
    ]
  },
  {
    "Index": "19329",
    "RawText": "소음은 생각보다 없네요 !! 만족!!  색상도 너무 이쁘고요^^",
    "Source": "쇼핑몰",
    "Domain": "가전",
    "MainCategory": "생활/미용/욕실가전",
    "ProductName": "그랑데 삼성전자 DV17T8520BP 본체",
    "ReviewScore": "5",
    "Syllable": "35",
    "Word": "8",
    "RDate": "20220823",
    "Aspects": [
      {
        "Aspect": "소음",
        "SentimentText": "소음은 생각보다 없네요 !! 만족!!",
        "SentimentWord": "5",
        "SentimentPolarity": "1"
      },
      {
        "Aspect": "색상",
        "SentimentText": " 색상도 너무 이쁘고요^^",
        "SentimentWord": "3",
        "SentimentPolarity": "1"
      }
    ]
  },
  {
    "Index": "19330",
    "RawText": "설치해보니 색상이 집 기존 인테리어와 어울려서 맘에 들었어요ㅎㅎ 행사 덕에 착한 가격에 구매했어요~~배송 속도도 빠르고 기사님도 친절하셨고요^^",
    "Source": "쇼핑몰",
    "Domain": "가전",
    "MainCategory": "생활/미용/욕실가전",
    "ProductName": "그랑데 삼성전자 DV17T8520BP 본체",
    "ReviewScore": "5",
    "Syllable": "80",
    "Word": "17",
    "RDate": "20220222",
    "Aspects": [
      {
        "Aspect": "색상",
        "SentimentText": "설치해보니 색상이 집 기존 인테리어와 어울려서 맘에 들었어요ㅎㅎ",
        "SentimentWord": "8",
        "SentimentPolarity": "1"
      },
      {
        "Aspect": "가격",
        "SentimentText": "행사 덕에 착한 가격에 구매했어요~~",
        "SentimentWord": "5",
        "SentimentPolarity": "1"
      }
    ]
  },
  {
    "Index": "19331",
    "RawText": "용량이 커서 장마철에 아주 유용하게 사용하고 있습니다~~.먼지털기 기능에 건조 기능까지 좋네요",
    "Source": "쇼핑몰",
    "Domain": "가전",
    "MainCategory": "생활/미용/욕실가전",
    "ProductName": "그랑데 삼성전자 DV17T8520BP 본체",
    "ReviewScore": "5",
    "Syllable": "52",
    "Word": "11",
    "RDate": "20220718",
    "Aspects": [
      {
        "Aspect": "용량",
        "SentimentText": "용량이 커서 장마철에 아주 유용하게 사용하고 있습니다~~",
        "SentimentWord": "7",
        "SentimentPolarity": "1"
      },
      {
        "Aspect": "기능",
        "SentimentText": ".먼지털기 기능에 건조 기능까지 좋네요",
        "SentimentWord": "5",
        "SentimentPolarity": "1"
      }
    ]
  },
  {
    "Index": "19333",
    "RawText": "습한 여름철에 빠른 속도로 건조가 되니 너무 좋네요~~ 젤 저렴하게나왔을때 주문했어요~ 잘샀어요",
    "Source": "쇼핑몰",
    "Domain": "가전",
    "MainCategory": "생활/미용/욕실가전",
    "ProductName": "그랑데 삼성전자 DV17T8520BP 본체",
    "ReviewScore": "5",
    "Syllable": "53",
    "Word": "12",
    "RDate": "20220628",
    "Aspects": [
      {
        "Aspect": "시간/속도",
        "SentimentText": "습한 여름철에 빠른 속도로 건조가 되니 너무 좋네요~~ ",
        "SentimentWord": "8",
        "SentimentPolarity": "1"
      },
      {
        "Aspect": "가격",
        "SentimentText": "젤 저렴하게나왔을때 주문했어요~ 잘샀어요",
        "SentimentWord": "4",
        "SentimentPolarity": "1"
      }
    ]
  },
  {
    "Index": "19334",
    "RawText": "배송도 엄청 빨랐고요~~사이즈가 적당해서 방안에 설치할 수 있어서 너무 좋네요ㅎㅎ디자인도 예쁘고 색상도 세련된 것 같아 최고네요~~",
    "Source": "쇼핑몰",
    "Domain": "가전",
    "MainCategory": "생활/미용/욕실가전",
    "ProductName": "그랑데 삼성전자 DV17T8520BP 본체",
    "ReviewScore": "5",
    "Syllable": "73",
    "Word": "16",
    "RDate": "20220825",
    "Aspects": [
      {
        "Aspect": "사이즈",
        "SentimentText": "사이즈가 적당해서 방안에 설치할 수 있어서 너무 좋네요ㅎㅎ",
        "SentimentWord": "8",
        "SentimentPolarity": "1"
      },
      {
        "Aspect": "디자인",
        "SentimentText": "디자인도 예쁘고 색상도 세련된 것 같아 최고네요~~",
        "SentimentWord": "7",
        "SentimentPolarity": "1"
      },
      {
        "Aspect": "색상",
        "SentimentText": "색상도 세련된 것 같아 최고네요~~",
        "SentimentWord": "5",
        "SentimentPolarity": "1"
      }
    ]
  },
  {
    "Index": "19335",
    "RawText": "역시 ㅇㅇㅇ이네요~ 굿!  착한 가격에 잘 구입한 가성비 갑 상품입니다~~",
    "Source": "쇼핑몰",
    "Domain": "가전",
    "MainCategory": "생활/미용/욕실가전",
    "ProductName": "그랑데 삼성전자 DV17T8520BP 본체",
    "ReviewScore": "5",
    "Syllable": "41",
    "Word": "10",
    "RDate": "20220301",
    "Aspects": [
      {
        "Aspect": "제조일/제조사",
        "SentimentText": "역시 ㅇㅇㅇ이네요~ 굿!",
        "SentimentWord": "3",
        "SentimentPolarity": "1"
      },
      {
        "Aspect": "가격",
        "SentimentText": "착한 가격에 잘 구입한 가성비 갑 상품입니다~~",
        "SentimentWord": "7",
        "SentimentPolarity": "1"
      }
    ]
  },
  {
    "Index": "19336",
    "RawText": "건조기는 역시 OO 건조기가 최고네요!! 용량도 넉넉해서 아주 맘에 듭니다!!!!",
    "Source": "쇼핑몰",
    "Domain": "가전",
    "MainCategory": "생활/미용/욕실가전",
    "ProductName": "그랑데 삼성전자 DV17T8520BP 본체",
    "ReviewScore": "5",
    "Syllable": "45",
    "Word": "10",
    "RDate": "20211116",
    "GeneralPolarity": "1",
    "Aspects": [
      {
        "Aspect": "제조일/제조사",
        "SentimentText": "건조기는 역시 OO 건조기가 최고네요!!",
        "SentimentWord": "5",
        "SentimentPolarity": "1"
      },
      {
        "Aspect": "용량",
        "SentimentText": "용량도 넉넉해서 아주 맘에 듭니다!!!!",
        "SentimentWord": "5",
        "SentimentPolarity": "1"
      }
    ]
  },
  {
    "Index": "19337",
    "RawText": "수건과 이불에 있던 먼지를 싹 제거해주니 너무 좋습니다^^ 사이즈도 적당하니 알맞게 설치되어서 만족스럽네요~~",
    "Source": "쇼핑몰",
    "Domain": "가전",
    "MainCategory": "생활/미용/욕실가전",
    "ProductName": "그랑데 삼성전자 DV17T8520BP 본체",
    "ReviewScore": "4",
    "Syllable": "61",
    "Word": "13",
    "RDate": "20220119",
    "GeneralPolarity": "1",
    "Aspects": [
      {
        "Aspect": "기능",
        "SentimentText": "수건과 이불에 있던 먼지를 싹 제거해주니 너무 좋습니다^^",
        "SentimentWord": "8",
        "SentimentPolarity": "1"
      },
      {
        "Aspect": "사이즈",
        "SentimentText": "사이즈도 적당하니 알맞게 설치되어서 만족스럽네요~~",
        "SentimentWord": "5",
        "SentimentPolarity": "1"
      }
    ]
  },
  {
    "Index": "19338",
    "RawText": "배송이 빨라서 좋았네요~~ 포장도 꼼꼼하게 와서 안심됐구요~~발열감이 적은 것도 좋습니다~~ 의류와 이불빨래후 건조하면 바싹 잘 말라서 흐뭇하네요.",
    "Source": "쇼핑몰",
    "Domain": "가전",
    "MainCategory": "생활/미용/욕실가전",
    "ProductName": "그랑데 삼성전자 DV17T8520BP 본체",
    "ReviewScore": "5",
    "Syllable": "82",
    "Word": "17",
    "RDate": "20220818",
    "Aspects": [
      {
        "Aspect": "내구성",
        "SentimentText": "발열감이 적은 것도 좋습니다~~",
        "SentimentWord": "4",
        "SentimentPolarity": "1"
      },
      {
        "Aspect": "기능",
        "SentimentText": "의류와 이불빨래후 건조하면 바싹 잘 말라서 흐뭇하네요.",
        "SentimentWord": "7",
        "SentimentPolarity": "1"
      }
    ]
  },
  {
    "Index": "19339",
    "RawText": "웅장하고 럭셔리한 디자인에 한번 반하고 착한 가격에 반하고 잘 구매한 것 같습니다~~",
    "Source": "쇼핑몰",
    "Domain": "가전",
    "MainCategory": "생활/미용/욕실가전",
    "ProductName": "그랑데 삼성전자 DV17T8520BP 본체",
    "ReviewScore": "5",
    "Syllable": "47",
    "Word": "12",
    "RDate": "20211116",
    "Aspects": [
      {
        "Aspect": "디자인",
        "SentimentText": "웅장하고 럭셔리한 디자인에 한번 반하고",
        "SentimentWord": "5",
        "SentimentPolarity": "1"
      },
      {
        "Aspect": "가격",
        "SentimentText": "착한 가격에 반하고 잘 구매한 것 같습니다~~",
        "SentimentWord": "7",
        "SentimentPolarity": "1"
      }
    ]
  },
  {
    "Index": "19340",
    "RawText": "일단 색상이 너무 세련됐네요~~ 포장도 꼼꼼하게 와서 안심했습니다~~그런데 좀 비싸게 주고 샀어요ㅠ",
    "Source": "쇼핑몰",
    "Domain": "가전",
    "MainCategory": "생활/미용/욕실가전",
    "ProductName": "그랑데 삼성전자 DV17T8520BP 본체",
    "ReviewScore": "5",
    "Syllable": "55",
    "Word": "12",
    "RDate": "20220309",
    "Aspects": [
      {
        "Aspect": "색상",
        "SentimentText": "일단 색상이 너무 세련됐네요~~ ",
        "SentimentWord": "4",
        "SentimentPolarity": "1"
      },
      {
        "Aspect": "가격",
        "SentimentText": "그런데 좀 비싸게 주고 샀어요ㅠ",
        "SentimentWord": "5",
        "SentimentPolarity": "-1"
      }
    ]
  },
  {
    "Index": "19342",
    "RawText": "용량도 큼직해서 이불도 넣을 수 있어 너무 좋습니다~~역시 OO제품은 사랑이네요^^",
    "Source": "쇼핑몰",
    "Domain": "가전",
    "MainCategory": "생활/미용/욕실가전",
    "ProductName": "그랑데 삼성전자 DV17T8520BP 본체",
    "ReviewScore": "5",
    "Syllable": "46",
    "Word": "10",
    "RDate": "20220814",
    "GeneralPolarity": "1",
    "Aspects": [
      {
        "Aspect": "용량",
        "SentimentText": "용량도 큼직해서 이불도 넣을 수 있어 너무 좋습니다~~",
        "SentimentWord": "8",
        "SentimentPolarity": "1"
      },
      {
        "Aspect": "제조일/제조사",
        "SentimentText": "역시 OO제품은 사랑이네요^^",
        "SentimentWord": "3",
        "SentimentPolarity": "1"
      }
    ]
  },
  {
    "Index": "19344",
    "RawText": "건조시간이 확실히 빨라서 좋습니다! 디잔인도 너무 깔끔한게 최고네요~~",
    "Source": "쇼핑몰",
    "Domain": "가전",
    "MainCategory": "생활/미용/욕실가전",
    "ProductName": "그랑데 삼성전자 DV17T8520BP 본체",
    "ReviewScore": "5",
    "Syllable": "39",
    "Word": "8",
    "RDate": "20220215",
    "GeneralPolarity": "1",
    "Aspects": [
      {
        "Aspect": "시간/속도",
        "SentimentText": "건조시간이 확실히 빨라서 좋습니다!",
        "SentimentWord": "4",
        "SentimentPolarity": "1"
      },
      {
        "Aspect": "디자인",
        "SentimentText": "디잔인도 너무 깔끔한게 최고네요~~",
        "SentimentWord": "4",
        "SentimentPolarity": "1"
      }
    ]
  },
  {
    "Index": "19345",
    "RawText": "짧은 시간 내에 건조되는 게 너무 좋아요~~색상도 깔끔한게 인테리어적으로도 최고네요^^",
    "Source": "쇼핑몰",
    "Domain": "가전",
    "MainCategory": "생활/미용/욕실가전",
    "ProductName": "그랑데 삼성전자 DV17T8520BP 본체",
    "ReviewScore": "5",
    "Syllable": "48",
    "Word": "10",
    "RDate": "20220630",
    "GeneralPolarity": "1",
    "Aspects": [
      {
        "Aspect": "시간/속도",
        "SentimentText": "짧은 시간 내에 건조되는 게 너무 좋아요~~",
        "SentimentWord": "7",
        "SentimentPolarity": "1"
      },
      {
        "Aspect": "색상",
        "SentimentText": "색상도 깔끔한게 인테리어적으로도 최고네요^^",
        "SentimentWord": "4",
        "SentimentPolarity": "1"
      }
    ]
  },
  {
    "Index": "19346",
    "RawText": "착한 가격에 구매해서 기분이 좋습니다ㅎㅎ 오자마자 사용해봤는데 빠르게 건조되어서 너무 만족스러워요~~",
    "Source": "쇼핑몰",
    "Domain": "가전",
    "MainCategory": "생활/미용/욕실가전",
    "ProductName": "그랑데 삼성전자 DV17T8520BP 본체",
    "ReviewScore": "5",
    "Syllable": "56",
    "Word": "11",
    "RDate": "20211113",
    "GeneralPolarity": "1",
    "Aspects": [
      {
        "Aspect": "가격",
        "SentimentText": "착한 가격에 구매해서 기분이 좋습니다ㅎㅎ",
        "SentimentWord": "5",
        "SentimentPolarity": "1"
      },
      {
        "Aspect": "시간/속도",
        "SentimentText": "오자마자 사용해봤는데 빠르게 건조되어서 너무 만족스러워요~~",
        "SentimentWord": "6",
        "SentimentPolarity": "1"
      }
    ]
  },
  {
    "Index": "19347",
    "RawText": "저렴한 가격에 구입했는데 가성비 최고인 상품이네요~~~설치해보니 색상이 깔끔해서 미관상으로 굿입니다^^",
    "Source": "쇼핑몰",
    "Domain": "가전",
    "MainCategory": "생활/미용/욕실가전",
    "ProductName": "그랑데 삼성전자 DV17T8520BP 본체",
    "ReviewScore": "5",
    "Syllable": "57",
    "Word": "10",
    "RDate": "20220721",
    "GeneralPolarity": "1",
    "Aspects": [
      {
        "Aspect": "가격",
        "SentimentText": "저렴한 가격에 구입했는데 가성비 최고인 상품이네요~~~",
        "SentimentWord": "6",
        "SentimentPolarity": "1"
      },
      {
        "Aspect": "색상",
        "SentimentText": "설치해보니 색상이 깔끔해서 미관상으로 굿입니다^^",
        "SentimentWord": "5",
        "SentimentPolarity": "1"
      }
    ]
  },
  {
    "Index": "19348",
    "RawText": "1시간반이라는 짧은 시간 안에 완벽히 마르니까 너무 최고입니다~~ 다만 소음은 약간 있어서 좀 거슬리네요. 그래도 편리하니까 괜찮네요~~~",
    "Source": "쇼핑몰",
    "Domain": "가전",
    "MainCategory": "생활/미용/욕실가전",
    "ProductName": "그랑데 삼성전자 DV17T8520BP 본체",
    "ReviewScore": "5",
    "Syllable": "77",
    "Word": "17",
    "RDate": "20220212",
    "GeneralPolarity": "1",
    "Aspects": [
      {
        "Aspect": "시간/속도",
        "SentimentText": "1시간반이라는 짧은 시간 안에 완벽히 마르니까 너무 최고입니다~~ ",
        "SentimentWord": "8",
        "SentimentPolarity": "1"
      },
      {
        "Aspect": "소음",
        "SentimentText": "다만 소음은 약간 있어서 좀 거슬리네요. ",
        "SentimentWord": "6",
        "SentimentPolarity": "0"
      },
      {
        "Aspect": "편의성",
        "SentimentText": "그래도 편리하니까 괜찮네요~~~",
        "SentimentWord": "3",
        "SentimentPolarity": "1"
      }
    ]
  },
  {
    "Index": "19349",
    "RawText": "디자인은 무난하고요, 색상도 깔끔하니 좋아요~ 사용해보니 성능도 좋은 것 같고요^^ 다만, 예상보다 소음이 꽤 있어서 아쉽네요..",
    "Source": "쇼핑몰",
    "Domain": "가전",
    "MainCategory": "생활/미용/욕실가전",
    "ProductName": "그랑데 삼성전자 DV17T8520BP 본체",
    "ReviewScore": "5",
    "Syllable": "72",
    "Word": "16",
    "RDate": "20220315",
    "GeneralPolarity": "0",
    "Aspects": [
      {
        "Aspect": "디자인",
        "SentimentText": "디자인은 무난하고요",
        "SentimentWord": "2",
        "SentimentPolarity": "0"
      },
      {
        "Aspect": "색상",
        "SentimentText": "색상도 깔끔하니 좋아요~ ",
        "SentimentWord": "3",
        "SentimentPolarity": "1"
      },
      {
        "Aspect": "기능",
        "SentimentText": "사용해보니 성능도 좋은 것 같고요^^ ",
        "SentimentWord": "5",
        "SentimentPolarity": "1"
      },
      {
        "Aspect": "소음",
        "SentimentText": "예상보다 소음이 꽤 있어서 아쉽네요..",
        "SentimentWord": "5",
        "SentimentPolarity": "-1"
      }
    ]
  },
  {
    "Index": "19350",
    "RawText": "디자인도 맘에 들고, 성능도 만족스럽습니다~~ 착한 가격에 사서 기분도 좋았네요^^ OO가전은 항상 합리적인 가격이라 더욱 만족스럽고 애용하게 되는 것 같아요ㅎㅎ",
    "Source": "쇼핑몰",
    "Domain": "가전",
    "MainCategory": "생활/미용/욕실가전",
    "ProductName": "그랑데 삼성전자 DV17T8520BP 본체",
    "ReviewScore": "5",
    "Syllable": "90",
    "Word": "20",
    "RDate": "20211118",
    "GeneralPolarity": "1",
    "Aspects": [
      {
        "Aspect": "디자인",
        "SentimentText": "디자인도 맘에 들고",
        "SentimentWord": "3",
        "SentimentPolarity": "1"
      },
      {
        "Aspect": "기능",
        "SentimentText": "성능도 만족스럽습니다~~",
        "SentimentWord": "2",
        "SentimentPolarity": "1"
      },
      {
        "Aspect": "가격",
        "SentimentText": "착한 가격에 사서 기분도 좋았네요^^ ",
        "SentimentWord": "5",
        "SentimentPolarity": "1"
      },
      {
        "Aspect": "제조일/제조사",
        "SentimentText": "OO가전은 항상 합리적인 가격이라 더욱 만족스럽고 애용하게 되는 것 같아요ㅎㅎ",
        "SentimentWord": "10",
        "SentimentPolarity": "1"
      }
    ]
  },
  {
    "Index": "19351",
    "RawText": "디자인도 맘에 들고요~~사용법도 어렵지 않고 간단해서 만족스럽네요~~^^",
    "Source": "쇼핑몰",
    "Domain": "가전",
    "MainCategory": "생활/미용/욕실가전",
    "ProductName": "그랑데 삼성전자 DV17T8520BP 본체",
    "ReviewScore": "4",
    "Syllable": "40",
    "Word": "7",
    "RDate": "20220211",
    "GeneralPolarity": "1",
    "Aspects": [
      {
        "Aspect": "디자인",
        "SentimentText": "디자인도 맘에 들고요~~",
        "SentimentWord": "3",
        "SentimentPolarity": "1"
      },
      {
        "Aspect": "조작성",
        "SentimentText": "사용법도 어렵지 않고 간단해서 만족스럽네요~~^^",
        "SentimentWord": "5",
        "SentimentPolarity": "1"
      }
    ]
  },
  {
    "Index": "19352",
    "RawText": "빠르게 건조되니 정말 좋아요 ㅎㅎ  가격적 혜택도 많아서 만족스럽고요~~~~",
    "Source": "쇼핑몰",
    "Domain": "가전",
    "MainCategory": "생활/미용/욕실가전",
    "ProductName": "그랑데 삼성전자 DV17T8520BP 본체",
    "ReviewScore": "5",
    "Syllable": "42",
    "Word": "9",
    "RDate": "20211125",
    "Aspects": [
      {
        "Aspect": "시간/속도",
        "SentimentText": "빠르게 건조되니 정말 좋아요 ㅎㅎ",
        "SentimentWord": "5",
        "SentimentPolarity": "1"
      },
      {
        "Aspect": "가격",
        "SentimentText": "가격적 혜택도 많아서 만족스럽고요~~~~",
        "SentimentWord": "4",
        "SentimentPolarity": "1"
      }
    ]
  },
  {
    "Index": "19353",
    "RawText": "추천받아서 구매했는데 색상도 너무 깔끔해서 좋고요, 빠른 시간 내에 건조해주니 너무 좋네요^^",
    "Source": "쇼핑몰",
    "Domain": "가전",
    "MainCategory": "생활/미용/욕실가전",
    "ProductName": "그랑데 삼성전자 DV17T8520BP 본체",
    "ReviewScore": "5",
    "Syllable": "52",
    "Word": "12",
    "RDate": "20220809",
    "GeneralPolarity": "1",
    "Aspects": [
      {
        "Aspect": "색상",
        "SentimentText": "색상도 너무 깔끔해서 좋고요",
        "SentimentWord": "4",
        "SentimentPolarity": "1"
      },
      {
        "Aspect": "시간/속도",
        "SentimentText": "빠른 시간 내에 건조해주니 너무 좋네요^^",
        "SentimentWord": "6",
        "SentimentPolarity": "1"
      }
    ]
  },
  {
    "Index": "19354",
    "RawText": "일단 착한 가격에 구매했는데 가성비 갑! 인듯합니다~~~AI맞춤기능이 있어 그것만 눌러도 알아서 척척척!!! 엄청 만족스러워요",
    "Source": "쇼핑몰",
    "Domain": "가전",
    "MainCategory": "생활/미용/욕실가전",
    "ProductName": "그랑데 삼성전자 DV17T8520BP 본체",
    "ReviewScore": "5",
    "Syllable": "70",
    "Word": "14",
    "RDate": "20220316",
    "Aspects": [
      {
        "Aspect": "가격",
        "SentimentText": "일단 착한 가격에 구매했는데 가성비 갑! 인듯합니다~~~ ",
        "SentimentWord": "7",
        "SentimentPolarity": "1"
      },
      {
        "Aspect": "기능",
        "SentimentText": "AI맞춤기능이 있어 그것만 눌러도 알아서 척척척!!! 엄청 만족스러워요",
        "SentimentWord": "8",
        "SentimentPolarity": "1"
      }
    ]
  },
  {
    "Index": "19355",
    "RawText": "이불털기 기능, 에어 살균 기능 등등 좋은 기능이 많이 있어 좋아요 색상도 깔끔해서 최고네요~~~",
    "Source": "쇼핑몰",
    "Domain": "가전",
    "MainCategory": "생활/미용/욕실가전",
    "ProductName": "그랑데 삼성전자 DV17T8520BP 본체",
    "ReviewScore": "5",
    "Syllable": "54",
    "Word": "14",
    "RDate": "20220220",
    "Aspects": [
      {
        "Aspect": "기능",
        "SentimentText": "이불털기 기능, 에어 살균 기능 등등 좋은 기능이 많이 있어 좋아요",
        "SentimentWord": "11",
        "SentimentPolarity": "1"
      },
      {
        "Aspect": "색상",
        "SentimentText": "색상도 깔끔해서 최고네요~~~",
        "SentimentWord": "3",
        "SentimentPolarity": "1"
      }
    ]
  },
  {
    "Index": "19356",
    "RawText": "사용하니 면 소재가 줄어드는 점은 아쉬웠어요ㅠ 면이 아닌 큰옷은 새옷처럼 돌아가는 것 같아서 좋았네요. 장단점이 환연한 듯 합니다~~",
    "Source": "쇼핑몰",
    "Domain": "가전",
    "MainCategory": "생활/미용/욕실가전",
    "ProductName": "그랑데 삼성전자 DV17T8520BP 본체",
    "ReviewScore": "5",
    "Syllable": "74",
    "Word": "18",
    "RDate": "20211120",
    "GeneralPolarity": "0",
    "Aspects": [
      {
        "Aspect": "기능",
        "SentimentText": "사용하니 면 소재가 줄어드는 점은 아쉬웠어요ㅠ",
        "SentimentWord": "6",
        "SentimentPolarity": "-1"
      },
      {
        "Aspect": "기능",
        "SentimentText": "면이 아닌 큰옷은 새옷처럼 돌아가는 것 같아서 좋았네요. ",
        "SentimentWord": "8",
        "SentimentPolarity": "1"
      }
    ]
  },
  {
    "Index": "19357",
    "RawText": "작동시 열감이 많이 느껴져요ㅠㅠ  크기는 엄청나게 커서 압도당했네요 ^^",
    "Source": "쇼핑몰",
    "Domain": "가전",
    "MainCategory": "생활/미용/욕실가전",
    "ProductName": "그랑데 삼성전자 DV17T8520BP 본체",
    "ReviewScore": "4",
    "Syllable": "40",
    "Word": "9",
    "RDate": "20220809",
    "Aspects": [
      {
        "Aspect": "내구성",
        "SentimentText": "작동시 열감이 많이 느껴져요ㅠㅠ",
        "SentimentWord": "4",
        "SentimentPolarity": "-1"
      },
      {
        "Aspect": "사이즈",
        "SentimentText": "크기는 엄청나게 커서 압도당했네요 ^^ ",
        "SentimentWord": "5",
        "SentimentPolarity": "1"
      }
    ]
  },
  {
    "Index": "19358",
    "RawText": "빨래건조대 필요없이 건조가 되니 너무 편합니다~~ 오래 작동하면 생기는 약간의 발열감은 조금 아쉽네요",
    "Source": "쇼핑몰",
    "Domain": "가전",
    "MainCategory": "생활/미용/욕실가전",
    "ProductName": "그랑데 삼성전자 DV17T8520BP 본체",
    "ReviewScore": "5",
    "Syllable": "56",
    "Word": "13",
    "RDate": "20211201",
    "GeneralPolarity": "0",
    "Aspects": [
      {
        "Aspect": "편의성",
        "SentimentText": "빨래건조대 필요없이 건조가 되니 너무 편합니다~~ ",
        "SentimentWord": "6",
        "SentimentPolarity": "1"
      },
      {
        "Aspect": "내구성",
        "SentimentText": "오래 작동하면 생기는 약간의 발열감은 조금 아쉽네요",
        "SentimentWord": "7",
        "SentimentPolarity": "-1"
      }
    ]
  },
  {
    "Index": "19359",
    "RawText": "다른 곳보다 가격도 저렴하게 구입했어요^^  색상도 너무 깔끔해서 만족스럽습니다!",
    "Source": "쇼핑몰",
    "Domain": "가전",
    "MainCategory": "생활/미용/욕실가전",
    "ProductName": "그랑데 삼성전자 DV17T8520BP 본체",
    "ReviewScore": "5",
    "Syllable": "45",
    "Word": "9",
    "RDate": "20211130",
    "Aspects": [
      {
        "Aspect": "가격",
        "SentimentText": " 다른 곳보다 가격도 저렴하게 구입했어요^^",
        "SentimentWord": "5",
        "SentimentPolarity": "1"
      },
      {
        "Aspect": "색상",
        "SentimentText": "색상도 너무 깔끔해서 만족스럽습니다!",
        "SentimentWord": "4",
        "SentimentPolarity": "1"
      }
    ]
  },
  {
    "Index": "19360",
    "RawText": "먼지제거기능도 좋아요~ 신세계네요^^  가성비 갑인 제품입니다 추천!!",
    "Source": "쇼핑몰",
    "Domain": "가전",
    "MainCategory": "생활/미용/욕실가전",
    "ProductName": "그랑데 삼성전자 DV17T8520BP 본체",
    "ReviewScore": "4",
    "Syllable": "39",
    "Word": "7",
    "RDate": "20220629",
    "Aspects": [
      {
        "Aspect": "기능",
        "SentimentText": "먼지제거기능도 좋아요~ 신세계네요^^ ",
        "SentimentWord": "3",
        "SentimentPolarity": "1"
      },
      {
        "Aspect": "가격",
        "SentimentText": "가성비 갑인 제품입니다 추천!!",
        "SentimentWord": "4",
        "SentimentPolarity": "1"
      }
    ]
  },
  {
    "Index": "19362",
    "RawText": "사용해봤는데 성능도 너무 만족스럽고요~~ 디자인도 고급스러워 주변인테리어랑도 잘어울리네요",
    "Source": "쇼핑몰",
    "Domain": "가전",
    "MainCategory": "생활/미용/욕실가전",
    "ProductName": "그랑데 삼성전자 DV17T8520BP 본체",
    "ReviewScore": "5",
    "Syllable": "49",
    "Word": "8",
    "RDate": "20211213",
    "Aspects": [
      {
        "Aspect": "기능",
        "SentimentText": "사용해봤는데 성능도 너무 만족스럽고요~~ ",
        "SentimentWord": "4",
        "SentimentPolarity": "1"
      },
      {
        "Aspect": "디자인",
        "SentimentText": "디자인도 고급스러워 주변인테리어랑도 잘어울리네요",
        "SentimentWord": "4",
        "SentimentPolarity": "1"
      }
    ]
  },
  {
    "Index": "19363",
    "RawText": "열감이 많이 느껴져요:: 그래도 특가로 착한 가격에 구입해서 만족했습니다~~",
    "Source": "쇼핑몰",
    "Domain": "가전",
    "MainCategory": "생활/미용/욕실가전",
    "ProductName": "그랑데 삼성전자 DV17T8520BP 본체",
    "ReviewScore": "5",
    "Syllable": "42",
    "Word": "9",
    "RDate": "20220810",
    "Aspects": [
      {
        "Aspect": "내구성",
        "SentimentText": "열감이 많이 느껴져요::",
        "SentimentWord": "3",
        "SentimentPolarity": "-1"
      },
      {
        "Aspect": "가격",
        "SentimentText": "그래도 특가로 착한 가격에 구입해서 만족했습니다~~",
        "SentimentWord": "6",
        "SentimentPolarity": "1"
      }
    ]
  },
  {
    "Index": "19364",
    "RawText": "수건도 보들보들 호텔수건처럼 좋더라구요~ 에너지등급도 좋아 전기료 걱정없이 쓸수있어 만족이네요^^",
    "Source": "쇼핑몰",
    "Domain": "가전",
    "MainCategory": "생활/미용/욕실가전",
    "ProductName": "그랑데 삼성전자 DV17T8520BP 본체",
    "ReviewScore": "5",
    "Syllable": "54",
    "Word": "10",
    "RDate": "20220318",
    "Aspects": [
      {
        "Aspect": "기능",
        "SentimentText": "수건도 보들보들 호텔수건처럼 좋더라구요~",
        "SentimentWord": "4",
        "SentimentPolarity": "1"
      },
      {
        "Aspect": "소비전력",
        "SentimentText": "에너지등급도 좋아 전기료 걱정없이 쓸수있어 만족이네요^^",
        "SentimentWord": "6",
        "SentimentPolarity": "1"
      }
    ]
  },
  {
    "Index": "19365",
    "RawText": "가격대비 품질 짱!!  에너지등급도 좋다고 해서 만족스러웠고요~!",
    "Source": "쇼핑몰",
    "Domain": "가전",
    "MainCategory": "생활/미용/욕실가전",
    "ProductName": "그랑데 삼성전자 DV17T8520BP 본체",
    "ReviewScore": "5",
    "Syllable": "36",
    "Word": "7",
    "RDate": "20211120",
    "Aspects": [
      {
        "Aspect": "품질",
        "SentimentText": "가격대비 품질 짱!! ",
        "SentimentWord": "3",
        "SentimentPolarity": "1"
      },
      {
        "Aspect": "소비전력",
        "SentimentText": "에너지등급도 좋다고 해서 만족스러웠고요~!",
        "SentimentWord": "4",
        "SentimentPolarity": "1"
      }
    ]
  },
  {
    "Index": "19366",
    "RawText": "비오는날 이불빨래 할 수 있다는 게 좋아요 ~ 정말 편리해요 색상이 세련되서 그런지 실물이 훨씬 더 고급져보여서 마음에 드네요^^",
    "Source": "쇼핑몰",
    "Domain": "가전",
    "MainCategory": "생활/미용/욕실가전",
    "ProductName": "그랑데 삼성전자 DV17T8520BP 본체",
    "ReviewScore": "5",
    "Syllable": "72",
    "Word": "19",
    "RDate": "20220810",
    "Aspects": [
      {
        "Aspect": "편의성",
        "SentimentText": "비오는날 이불빨래 할 수 있다는 게 좋아요 ~ 정말 편리해요",
        "SentimentWord": "10",
        "SentimentPolarity": "1"
      },
      {
        "Aspect": "색상",
        "SentimentText": "색상이 세련되서 그런지 실물이 훨씬 더 고급져보여서 마음에 드네요^^",
        "SentimentWord": "9",
        "SentimentPolarity": "1"
      }
    ]
  },
  {
    "Index": "19367",
    "RawText": "배송도 잘 받았고 기사님께서 사용팁도 알려주셔서 많은 도움이 되었네요^^ 용량도 엄청 커서 좋았고, 건조 정도를 조절할 수 있어서 좋았어요~~ 소음이 조금 있긴하지만 문닫으면 신경쓰일 정도는 아닙니다 다양한 기능 덕분에 빨랫감들이 뽀송해져서 너무 만족스러워요~ 하지만 소재에 따라 몇몇 옷감들은 좀 줄어드는 게 아쉽긴 하네요.. 그래도 너무 편리해요~~",
    "Source": "쇼핑몰",
    "Domain": "가전",
    "MainCategory": "생활/미용/욕실가전",
    "ProductName": "그랑데 삼성전자 DV17T8520BP 본체",
    "ReviewScore": "5",
    "Syllable": "197",
    "Word": "46",
    "RDate": "20211130",
    "Aspects": [
      {
        "Aspect": "용량",
        "SentimentText": "용량도 엄청 커서 좋았고",
        "SentimentWord": "4",
        "SentimentPolarity": "1"
      },
      {
        "Aspect": "조작성",
        "SentimentText": "건조 정도를 조절할 수 있어서 좋았어요~~ ",
        "SentimentWord": "6",
        "SentimentPolarity": "1"
      },
      {
        "Aspect": "소음",
        "SentimentText": "소음이 조금 있긴하지만 문닫으면 신경쓰일 정도는 아닙니다",
        "SentimentWord": "7",
        "SentimentPolarity": "0"
      },
      {
        "Aspect": "기능",
        "SentimentText": "다양한 기능 덕분에 빨랫감들이 뽀송해져서 너무 만족스러워요~",
        "SentimentWord": "7",
        "SentimentPolarity": "1"
      },
      {
        "Aspect": "편의성",
        "SentimentText": "하지만 소재에 따라 몇몇 옷감들은 좀 줄어드는 게 아쉽긴 하네요.. ",
        "SentimentWord": "10",
        "SentimentPolarity": "-1"
      },
      {
        "Aspect": "편의성",
        "SentimentText": "그래도 너무 편리해요~~",
        "SentimentWord": "3",
        "SentimentPolarity": "1"
      }
    ]
  },
  {
    "Index": "19368",
    "RawText": "건조기 진짜 신세계입니다!!!모든 빨래가 뽀송뽀송~ 성능 굿!!  용량이 커서 아주 맘에 드네요~~",
    "Source": "쇼핑몰",
    "Domain": "가전",
    "MainCategory": "생활/미용/욕실가전",
    "ProductName": "그랑데 삼성전자 DV17T8520BP 본체",
    "ReviewScore": "5",
    "Syllable": "55",
    "Word": "12",
    "RDate": "20211228",
    "Aspects": [
      {
        "Aspect": "기능",
        "SentimentText": "건조기 진짜 신세계입니다!!!모든 빨래가 뽀송뽀송~ 성능 굿!!",
        "SentimentWord": "7",
        "SentimentPolarity": "1"
      },
      {
        "Aspect": "용량",
        "SentimentText": "용량이 커서 아주 맘에 드네요~~",
        "SentimentWord": "5",
        "SentimentPolarity": "1"
      }
    ]
  },
  {
    "Index": "19369",
    "RawText": "정말 저렴하고 좋은가격으로  구매했어요~~ 디자인도 예쁘고 깔끔해서 맘에 쏙 드네요 ㅎㅎ",
    "Source": "쇼핑몰",
    "Domain": "가전",
    "MainCategory": "생활/미용/욕실가전",
    "ProductName": "그랑데 삼성전자 DV17T8520BP 본체",
    "ReviewScore": "5",
    "Syllable": "49",
    "Word": "11",
    "RDate": "20211130",
    "Aspects": [
      {
        "Aspect": "가격",
        "SentimentText": "정말 저렴하고 좋은가격으로  구매했어요~~",
        "SentimentWord": "4",
        "SentimentPolarity": "1"
      },
      {
        "Aspect": "디자인",
        "SentimentText": "디자인도 예쁘고 깔끔해서 맘에 쏙 드네요 ㅎㅎ",
        "SentimentWord": "7",
        "SentimentPolarity": "1"
      }
    ]
  },
  {
    "Index": "19370",
    "RawText": "배송 빨라서 좋았습니다~ 가격도 착하게 샀는데 가성비 갑이네요!! 짧은 시간 내에 잘 건조되어서 뽀송한 옷을 바로 입을 수 있는 점이 최고입니다~~",
    "Source": "쇼핑몰",
    "Domain": "가전",
    "MainCategory": "생활/미용/욕실가전",
    "ProductName": "그랑데 삼성전자 DV17T8520BP 본체",
    "ReviewScore": "5",
    "Syllable": "82",
    "Word": "21",
    "RDate": "20220211",
    "Aspects": [
      {
        "Aspect": "가격",
        "SentimentText": "가격도 착하게 샀는데 가성비 갑이네요!! ",
        "SentimentWord": "5",
        "SentimentPolarity": "1"
      },
      {
        "Aspect": "시간/속도",
        "SentimentText": "짧은 시간 내에 잘 건조되어서 뽀송한 옷을 바로 입을 수 있는 점이 최고입니다~~",
        "SentimentWord": "13",
        "SentimentPolarity": "1"
      }
    ]
  },
  {
    "Index": "19371",
    "RawText": "고온으로 뽀송뽀송 말리니 몸에 달라붙는 옷느낌이 촤르르~아주 좋습니다  싼가격에 구입해 아주 만족합니다.",
    "Source": "쇼핑몰",
    "Domain": "가전",
    "MainCategory": "생활/미용/욕실가전",
    "ProductName": "그랑데 삼성전자 DV17T8520BP 본체",
    "ReviewScore": "5",
    "Syllable": "58",
    "Word": "12",
    "RDate": "20220627",
    "Aspects": [
      {
        "Aspect": "기능",
        "SentimentText": "고온으로 뽀송뽀송 말리니 몸에 달라붙는 옷느낌이 촤르르~아주 좋습니다",
        "SentimentWord": "8",
        "SentimentPolarity": "1"
      },
      {
        "Aspect": "가격",
        "SentimentText": "싼가격에 구입해 아주 만족합니다.",
        "SentimentWord": "4",
        "SentimentPolarity": "1"
      }
    ]
  },
  {
    "Index": "19372",
    "RawText": "디자인 세련되고 이뻐요! 제품도 사용해보니 가격대비 가성비 만족입니다",
    "Source": "쇼핑몰",
    "Domain": "가전",
    "MainCategory": "생활/미용/욕실가전",
    "ProductName": "그랑데 삼성전자 DV17T8520BP 본체",
    "ReviewScore": "5",
    "Syllable": "38",
    "Word": "8",
    "RDate": "20220302",
    "Aspects": [
      {
        "Aspect": "디자인",
        "SentimentText": "디자인 세련되고 이뻐요! ",
        "SentimentWord": "3",
        "SentimentPolarity": "1"
      },
      {
        "Aspect": "가격",
        "SentimentText": " 제품도 사용해보니 가격대비 가성비 만족입니다",
        "SentimentWord": "5",
        "SentimentPolarity": "1"
      }
    ]
  },
  {
    "Index": "19374",
    "RawText": "빠른배송^^ 친절한 설명^^감사해요 크기가 통돌이 보다 조금 크네요 소리도 제 생각보다 작지 않아서 안쓰는 방으로 옮겨야 겠어요",
    "Source": "쇼핑몰",
    "Domain": "가전",
    "MainCategory": "생활/미용/욕실가전",
    "ProductName": "그랑데 삼성전자 DV17T8520BP 본체",
    "ReviewScore": "4",
    "Syllable": "71",
    "Word": "17",
    "RDate": "20220711",
    "Aspects": [
      {
        "Aspect": "사이즈",
        "SentimentText": "크기가 통돌이 보다 조금 크네요",
        "SentimentWord": "5",
        "SentimentPolarity": "-1"
      },
      {
        "Aspect": "소음",
        "SentimentText": "소리도 제 생각보다 작지 않아서",
        "SentimentWord": "5",
        "SentimentPolarity": "-1"
      }
    ]
  },
  {
    "Index": "19375",
    "RawText": "에너지소비효율 1등급이라 걱정없어요~~  이불빨래 건조시켜 봤는데 뽀송뽀송하니 만족해요",
    "Source": "쇼핑몰",
    "Domain": "가전",
    "MainCategory": "생활/미용/욕실가전",
    "ProductName": "그랑데 삼성전자 DV17T8520BP 본체",
    "ReviewScore": "5",
    "Syllable": "48",
    "Word": "8",
    "RDate": "20220413",
    "Aspects": [
      {
        "Aspect": "소비전력",
        "SentimentText": "에너지소비효율 1등급이라 걱정없어요~~  ",
        "SentimentWord": "3",
        "SentimentPolarity": "1"
      },
      {
        "Aspect": "기능",
        "SentimentText": "이불빨래 건조시켜 봤는데 뽀송뽀송하니 만족해요",
        "SentimentWord": "5",
        "SentimentPolarity": "1"
      }
    ]
  }
]