[
  {
    "Index": "22306",
    "RawText": "소리가 조용하고 너무 좋아요! 제품은 견고해보여서 매우 만족스러워요.",
    "Source": "쇼핑몰",
    "Domain": "가전",
    "MainCategory": "생활/미용/욕실가전",
    "ProductName": "오브제컬렉션 LG전자 워시타워 W16EG",
    "ReviewScore": "5",
    "Syllable": "38",
    "Word": "8",
    "RDate": "20210308",
    "Aspects": [
      {
        "Aspect": "소음",
        "SentimentText": "소리가 조용하고 너무 좋아요! ",
        "SentimentWord": "4",
        "SentimentPolarity": "1"
      },
      {
        "Aspect": "내구성",
        "SentimentText": "제품은 견고해보여서 매우 만족스러워요.",
        "SentimentWord": "4",
        "SentimentPolarity": "1"
      }
    ]
  },
  {
    "Index": "22307",
    "RawText": "에너지 효율1등급 환급도 되어 너무 좋아요. 건조기 써보니 수건은 뽀송 이불은 솜이 살아 나서 좋아요.",
    "Source": "쇼핑몰",
    "Domain": "가전",
    "MainCategory": "생활/미용/욕실가전",
    "ProductName": "오브제컬렉션 LG전자 워시타워 W16EG",
    "ReviewScore": "5",
    "Syllable": "57",
    "Word": "15",
    "RDate": "20211113",
    "GeneralPolarity": "1",
    "Aspects": [
      {
        "Aspect": "가격",
        "SentimentText": "에너지 효율1등급 환급도 되어 너무 좋아요. ",
        "SentimentWord": "6",
        "SentimentPolarity": "1"
      },
      {
        "Aspect": "기능",
        "SentimentText": "건조기 써보니 수건은 뽀송 이불은 솜이 살아 나서 좋아요. ",
        "SentimentWord": "9",
        "SentimentPolarity": "1"
      }
    ]
  },
  {
    "Index": "22308",
    "RawText": "공식대리점에서 카드할인 받아 싸게 잘 사서 좋아요. 동그란 도어도 귀여워서 좋네요.",
    "Source": "쇼핑몰",
    "Domain": "가전",
    "MainCategory": "생활/미용/욕실가전",
    "ProductName": "오브제컬렉션 LG전자 워시타워 W16EG",
    "ReviewScore": "3",
    "Syllable": "46",
    "Word": "11",
    "RDate": "20220706",
    "GeneralPolarity": "1",
    "Aspects": [
      {
        "Aspect": "가격",
        "SentimentText": "공식대리점에서 카드할인 받아 싸게 잘 사서 좋아요.",
        "SentimentWord": "7",
        "SentimentPolarity": "1"
      },
      {
        "Aspect": "디자인",
        "SentimentText": "동그란 도어도 귀여워서 좋네요.",
        "SentimentWord": "4",
        "SentimentPolarity": "1"
      }
    ]
  },
  {
    "Index": "22309",
    "RawText": "타워형이라 가격이 더 저렴해서 좋아요. 빨래 건조시간이 생각보다 오래 걸리는건 아쉽네요. 10년 무상 보증은 잔고장 없음 보증하는거 같아 좋습니다.",
    "Source": "쇼핑몰",
    "Domain": "가전",
    "MainCategory": "생활/미용/욕실가전",
    "ProductName": "오브제컬렉션 LG전자 워시타워 W16EG",
    "ReviewScore": "4",
    "Syllable": "82",
    "Word": "19",
    "RDate": "20210321",
    "GeneralPolarity": "1",
    "Aspects": [
      {
        "Aspect": "가격",
        "SentimentText": "타워형이라 가격이 더 저렴해서 좋아요.",
        "SentimentWord": "5",
        "SentimentPolarity": "1"
      },
      {
        "Aspect": "시간/속도",
        "SentimentText": "빨래 건조시간이 생각보다 오래 걸리는건 아쉽네요.",
        "SentimentWord": "6",
        "SentimentPolarity": "0"
      }
    ]
  },
  {
    "Index": "22310",
    "RawText": "배송 기약 없음 전화해도 무야 무야... 화를 내야 부랴 부랴...짜증납니다. 겉 박스 포장도 찢어져 있어 더 불만 입니다. 최저가 구매라고 좋아했는데 그 다음주에 바로 세일 때리네요...ㅠㅠ 그럭저력 사용은 하는데 디자인도 내 스타일이 아니라 정이 안가요.",
    "Source": "쇼핑몰",
    "Domain": "가전",
    "MainCategory": "생활/미용/욕실가전",
    "ProductName": "오브제컬렉션 LG전자 워시타워 W16EG",
    "ReviewScore": "1",
    "Syllable": "144",
    "Word": "35",
    "RDate": "20210715",
    "Aspects": [
      {
        "Aspect": "가격",
        "SentimentText": "최저가 구매라고 좋아했는데 그 다음주에 바로 세일 때리네요...ㅠㅠ",
        "SentimentWord": "8",
        "SentimentPolarity": "-1"
      },
      {
        "Aspect": "디자인",
        "SentimentText": "그럭저력 사용은 하는데 디자인도 내 스타일이 아니라 정이 안가요.",
        "SentimentWord": "9",
        "SentimentPolarity": "-1"
      }
    ]
  },
  {
    "Index": "22311",
    "RawText": "사용방법 간단해 쉽게 사용 할수있어 좋아요^^   써보니 최고의 상품 제품 만족도 최고입니다.",
    "Source": "쇼핑몰",
    "Domain": "가전",
    "MainCategory": "생활/미용/욕실가전",
    "ProductName": "오브제컬렉션 LG전자 워시타워 W16EG",
    "ReviewScore": "5",
    "Syllable": "52",
    "Word": "12",
    "RDate": "20210209",
    "Aspects": [
      {
        "Aspect": "조작성",
        "SentimentText": "사용방법 간단해 쉽게 사용 할수있어 좋아요^^",
        "SentimentWord": "6",
        "SentimentPolarity": "1"
      },
      {
        "Aspect": "품질",
        "SentimentText": "써보니 최고의 상품 제품 만족도 최고입니다. ",
        "SentimentWord": "6",
        "SentimentPolarity": "1"
      }
    ]
  },
  {
    "Index": "22312",
    "RawText": "생각보다 발열감이 있네요... ㅠ  제품은 색상이 산뜻한게 참 좋아요.",
    "Source": "쇼핑몰",
    "Domain": "가전",
    "MainCategory": "생활/미용/욕실가전",
    "ProductName": "오브제컬렉션 LG전자 워시타워 W16EG",
    "ReviewScore": "3",
    "Syllable": "39",
    "Word": "9",
    "RDate": "20210706",
    "Aspects": [
      {
        "Aspect": "내구성",
        "SentimentText": "생각보다 발열감이 있네요... ㅠ",
        "SentimentWord": "4",
        "SentimentPolarity": "-1"
      },
      {
        "Aspect": "색상",
        "SentimentText": "제품은 색상이 산뜻한게 참 좋아요. ",
        "SentimentWord": "5",
        "SentimentPolarity": "1"
      }
    ]
  },
  {
    "Index": "22314",
    "RawText": "컴팩트한 디자인 타워형 너무 이뻐요. 제 선택에 만족해요. 세탁도 건조도 시간 얼마 안걸리고 빠르게 완료 되어 좋아요.",
    "Source": "쇼핑몰",
    "Domain": "가전",
    "MainCategory": "생활/미용/욕실가전",
    "ProductName": "오브제컬렉션 LG전자 워시타워 W16EG",
    "ReviewScore": "5",
    "Syllable": "66",
    "Word": "17",
    "RDate": "20210408",
    "GeneralPolarity": "1",
    "Aspects": [
      {
        "Aspect": "디자인",
        "SentimentText": "컴팩트한 디자인 타워형 너무 이뻐요. 제 선택에 만족해요.",
        "SentimentWord": "8",
        "SentimentPolarity": "1"
      },
      {
        "Aspect": "시간/속도",
        "SentimentText": "세탁도 건조도 시간 얼마 안걸리고 빠르게 완료 되어 좋아요. ",
        "SentimentWord": "9",
        "SentimentPolarity": "1"
      }
    ]
  },
  {
    "Index": "22316",
    "RawText": "그린과 베이지 컬러의 조합이 너무 세련되고 이뻐요~~!!!  통살균 기능이 있어 퀴퀴한 냄새 없고 좋아요. 좋은제품~",
    "Source": "쇼핑몰",
    "Domain": "가전",
    "MainCategory": "생활/미용/욕실가전",
    "ProductName": "오브제컬렉션 LG전자 워시타워 W16EG",
    "ReviewScore": "5",
    "Syllable": "65",
    "Word": "15",
    "RDate": "20210131",
    "Aspects": [
      {
        "Aspect": "색상",
        "SentimentText": "그린과 베이지 컬러의 조합이 너무 세련되고 이뻐요~~!!!  ",
        "SentimentWord": "7",
        "SentimentPolarity": "1"
      },
      {
        "Aspect": "기능",
        "SentimentText": "통살균 기능이 있어 퀴퀴한 냄새 없고 좋아요. 좋은제품~",
        "SentimentWord": "8",
        "SentimentPolarity": "1"
      }
    ]
  },
  {
    "Index": "22317",
    "RawText": "할인된 가격으로 정말 저렴히 구입했어요~~   강화유리 문은 스크레치도 잘 안나서 좋습니다.",
    "Source": "쇼핑몰",
    "Domain": "가전",
    "MainCategory": "생활/미용/욕실가전",
    "ProductName": "오브제컬렉션 LG전자 워시타워 W16EG",
    "ReviewScore": "5",
    "Syllable": "51",
    "Word": "11",
    "RDate": "20210216",
    "Aspects": [
      {
        "Aspect": "가격",
        "SentimentText": "할인된 가격으로 정말 저렴히 구입했어요~~ ",
        "SentimentWord": "5",
        "SentimentPolarity": "1"
      },
      {
        "Aspect": "소재",
        "SentimentText": "강화유리 문은 스크레치도 잘 안나서 좋습니다. ",
        "SentimentWord": "6",
        "SentimentPolarity": "1"
      }
    ]
  },
  {
    "Index": "22318",
    "RawText": "좋은 제품인데 가격까지 싸서 좋아요. ai기능으로 척척 알아서 잘하네요~~",
    "Source": "쇼핑몰",
    "Domain": "가전",
    "MainCategory": "생활/미용/욕실가전",
    "ProductName": "오브제컬렉션 LG전자 워시타워 W16EG",
    "ReviewScore": "5",
    "Syllable": "41",
    "Word": "9",
    "RDate": "20210728",
    "Aspects": [
      {
        "Aspect": "가격",
        "SentimentText": "좋은 제품인데 가격까지 싸서 좋아요. ",
        "SentimentWord": "5",
        "SentimentPolarity": "1"
      },
      {
        "Aspect": "기능",
        "SentimentText": " ai기능으로 척척 알아서 잘하네요~~",
        "SentimentWord": "4",
        "SentimentPolarity": "1"
      }
    ]
  },
  {
    "Index": "22319",
    "RawText": "가성비 정말 좋은 제품이에요^^ 디자인이 공간활용하기 좋게 만들어져 만족해요.",
    "Source": "쇼핑몰",
    "Domain": "가전",
    "MainCategory": "생활/미용/욕실가전",
    "ProductName": "오브제컬렉션 LG전자 워시타워 W16EG",
    "ReviewScore": "5",
    "Syllable": "43",
    "Word": "9",
    "RDate": "20210717",
    "Aspects": [
      {
        "Aspect": "가격",
        "SentimentText": "가성비 정말 좋은 제품이에요^^",
        "SentimentWord": "4",
        "SentimentPolarity": "1"
      },
      {
        "Aspect": "디자인",
        "SentimentText": " 디자인이 공간활용하기 좋게 만들어져 만족해요. ",
        "SentimentWord": "5",
        "SentimentPolarity": "1"
      }
    ]
  },
  {
    "Index": "22320",
    "RawText": "설치는 잘해주셨지만 배송 한달은 지겨웠어요. ㅠ.ㅠ 가격은 저렴하게 사서 좋았어요. 건조기 성능은 보송보송한것이 몹시 좋았습니다.",
    "Source": "쇼핑몰",
    "Domain": "가전",
    "MainCategory": "생활/미용/욕실가전",
    "ProductName": "오브제컬렉션 LG전자 워시타워 W16EG",
    "ReviewScore": "5",
    "Syllable": "72",
    "Word": "15",
    "RDate": "20210224",
    "Aspects": [
      {
        "Aspect": "가격",
        "SentimentText": "가격은 저렴하게 사서 좋았어요. ",
        "SentimentWord": "4",
        "SentimentPolarity": "1"
      },
      {
        "Aspect": "기능",
        "SentimentText": "건조기 성능은 보송보송한것이 몹시 좋았습니다. ",
        "SentimentWord": "5",
        "SentimentPolarity": "1"
      }
    ]
  },
  {
    "Index": "22321",
    "RawText": "포송포송 건조된 수건 정말 최고네요^^ 세탁과 건조를 한번에 처리 할수 있게 설계되어 너무 편리합니다.",
    "Source": "쇼핑몰",
    "Domain": "가전",
    "MainCategory": "생활/미용/욕실가전",
    "ProductName": "오브제컬렉션 LG전자 워시타워 W16EG",
    "ReviewScore": "5",
    "Syllable": "57",
    "Word": "14",
    "RDate": "20210506",
    "Aspects": [
      {
        "Aspect": "기능",
        "SentimentText": "포송포송 건조된 수건 정말 최고네요^^",
        "SentimentWord": "5",
        "SentimentPolarity": "1"
      },
      {
        "Aspect": "편의성",
        "SentimentText": "세탁과 건조를 한번에 처리 할수 있게 설계되어 너무 편리합니다. ",
        "SentimentWord": "9",
        "SentimentPolarity": "1"
      }
    ]
  },
  {
    "Index": "22322",
    "RawText": "하자도 없고  제품 참 좋네요.  빨래 만 넣어두면 스스로 세탁해서 너무 편해요.",
    "Source": "쇼핑몰",
    "Domain": "가전",
    "MainCategory": "생활/미용/욕실가전",
    "ProductName": "오브제컬렉션 LG전자 워시타워 W16EG",
    "ReviewScore": "5",
    "Syllable": "45",
    "Word": "12",
    "RDate": "20210427",
    "Aspects": [
      {
        "Aspect": "품질",
        "SentimentText": "하자도 없고  제품 참 좋네요. ",
        "SentimentWord": "5",
        "SentimentPolarity": "1"
      },
      {
        "Aspect": "편의성",
        "SentimentText": "빨래 만 넣어두면 스스로 세탁해서 너무 편해요. ",
        "SentimentWord": "7",
        "SentimentPolarity": "1"
      }
    ]
  },
  {
    "Index": "22323",
    "RawText": "세탁건조도 정말 빨리되고요 정말 좋아요 ㅎㅎ  써보니  키작은 사람이 사용해도 불편함 1도 없고 좋네요.",
    "Source": "쇼핑몰",
    "Domain": "가전",
    "MainCategory": "생활/미용/욕실가전",
    "ProductName": "오브제컬렉션 LG전자 워시타워 W16EG",
    "ReviewScore": "5",
    "Syllable": "58",
    "Word": "14",
    "RDate": "20210130",
    "Aspects": [
      {
        "Aspect": "시간/속도",
        "SentimentText": "세탁건조도 정말 빨리되고요 정말 좋아요 ㅎㅎ",
        "SentimentWord": "6",
        "SentimentPolarity": "1"
      },
      {
        "Aspect": "편의성",
        "SentimentText": "써보니  키작은 사람이 사용해도 불편함 1도 없고 좋네요. ",
        "SentimentWord": "8",
        "SentimentPolarity": "1"
      }
    ]
  },
  {
    "Index": "22324",
    "RawText": "진즉 살껄 000만의 고급진 색이 예뻐요. 세탁과 건조기능 너무 잘되니 세상 좋아졌다 싶네요. ^^",
    "Source": "쇼핑몰",
    "Domain": "가전",
    "MainCategory": "생활/미용/욕실가전",
    "ProductName": "오브제컬렉션 LG전자 워시타워 W16EG",
    "ReviewScore": "5",
    "Syllable": "55",
    "Word": "14",
    "RDate": "20220427",
    "GeneralPolarity": "1",
    "Aspects": [
      {
        "Aspect": "색상",
        "SentimentText": "진즉 살껄 000만의 고급진 색이 예뻐요. ",
        "SentimentWord": "6",
        "SentimentPolarity": "1"
      },
      {
        "Aspect": "기능",
        "SentimentText": "세탁과 건조기능 너무 잘되니 세상 좋아졌다 싶네요. ^^",
        "SentimentWord": "8",
        "SentimentPolarity": "1"
      }
    ]
  },
  {
    "Index": "22325",
    "RawText": "건조기는 주부들의 가사 노동 해방이네요. 너무 편리하고 편해요. 사이즈는 우리집 공간에 맞춘듯 딱 좋아요. 빨래는 깨끗 건조는 보송 성능도 엄지척입니다.",
    "Source": "쇼핑몰",
    "Domain": "가전",
    "MainCategory": "생활/미용/욕실가전",
    "ProductName": "오브제컬렉션 LG전자 워시타워 W16EG",
    "ReviewScore": "5",
    "Syllable": "85",
    "Word": "20",
    "RDate": "20211019",
    "GeneralPolarity": "1",
    "Aspects": [
      {
        "Aspect": "편의성",
        "SentimentText": "건조기는 주부들의 가사 노동 해방이네요. 너무 편리하고 편해요.",
        "SentimentWord": "8",
        "SentimentPolarity": "1"
      },
      {
        "Aspect": "사이즈",
        "SentimentText": "사이즈는 우리집 공간에 맞춘듯 딱 좋아요.",
        "SentimentWord": "6",
        "SentimentPolarity": "1"
      },
      {
        "Aspect": "기능",
        "SentimentText": "빨래는 깨끗 건조는 보송 성능도 엄지척입니다. ",
        "SentimentWord": "6",
        "SentimentPolarity": "1"
      }
    ]
  },
  {
    "Index": "22326",
    "RawText": "처음 써본 타워형 편안함을 주는 디자인이예요. 건조기 좋다는건 들어 알고 있었지만...먼지 걸러지는게 정말 최고에요^^",
    "Source": "쇼핑몰",
    "Domain": "가전",
    "MainCategory": "생활/미용/욕실가전",
    "ProductName": "오브제컬렉션 LG전자 워시타워 W16EG",
    "ReviewScore": "4",
    "Syllable": "66",
    "Word": "14",
    "RDate": "20220411",
    "Aspects": [
      {
        "Aspect": "디자인",
        "SentimentText": "처음 써본 타워형 편안함을 주는 디자인이예요. ",
        "SentimentWord": "6",
        "SentimentPolarity": "1"
      },
      {
        "Aspect": "기능",
        "SentimentText": "건조기 좋다는건 들어 알고 있었지만...먼지 걸러지는게 정말 최고에요^^",
        "SentimentWord": "8",
        "SentimentPolarity": "1"
      }
    ]
  },
  {
    "Index": "22327",
    "RawText": "건조하고 나면 뽀송뽀송  먼지도 안나서 좋아요. 남편도 만족합니다. 좋은제품 저렴하게 판매하니 너무 좋아요. 대박 기원합니다.",
    "Source": "쇼핑몰",
    "Domain": "가전",
    "MainCategory": "생활/미용/욕실가전",
    "ProductName": "오브제컬렉션 LG전자 워시타워 W16EG",
    "ReviewScore": "5",
    "Syllable": "70",
    "Word": "15",
    "RDate": "20210225",
    "GeneralPolarity": "1",
    "Aspects": [
      {
        "Aspect": "기능",
        "SentimentText": "건조하고 나면 뽀송뽀송  먼지도 안나서 좋아요. 남편도 만족합니다.",
        "SentimentWord": "8",
        "SentimentPolarity": "1"
      },
      {
        "Aspect": "가격",
        "SentimentText": "좋은제품 저렴하게 판매하니 너무 좋아요. 대박 기원합니다. ",
        "SentimentWord": "7",
        "SentimentPolarity": "1"
      }
    ]
  },
  {
    "Index": "22328",
    "RawText": "가격대비 성능 좋아요!! 사용할때 터치 디스플레이 창에 불이 들어오는데 예뻐요~",
    "Source": "쇼핑몰",
    "Domain": "가전",
    "MainCategory": "생활/미용/욕실가전",
    "ProductName": "오브제컬렉션 LG전자 워시타워 W16EG",
    "ReviewScore": "5",
    "Syllable": "44",
    "Word": "10",
    "RDate": "20210223",
    "GeneralPolarity": "1",
    "Aspects": [
      {
        "Aspect": "가격",
        "SentimentText": "가격대비 성능 좋아요!! ",
        "SentimentWord": "3",
        "SentimentPolarity": "1"
      },
      {
        "Aspect": "디자인",
        "SentimentText": "사용할때 터치 디스플레이 창에 불이 들어오는데 예뻐요~ ",
        "SentimentWord": "7",
        "SentimentPolarity": "1"
      }
    ]
  },
  {
    "Index": "22329",
    "RawText": "너무 커서 세탁실에 못 넣을까 걱정했는데 딱 적당해서 좋아요. 세탁 건조가 간편하고 편리해지니 재밌어요. ^^",
    "Source": "쇼핑몰",
    "Domain": "가전",
    "MainCategory": "생활/미용/욕실가전",
    "ProductName": "오브제컬렉션 LG전자 워시타워 W16EG",
    "ReviewScore": "5",
    "Syllable": "61",
    "Word": "15",
    "RDate": "20210411",
    "GeneralPolarity": "1",
    "Aspects": [
      {
        "Aspect": "사이즈",
        "SentimentText": "너무 커서 세탁실에 못 넣을까 걱정했는데 딱 적당해서 좋아요. ",
        "SentimentWord": "9",
        "SentimentPolarity": "1"
      },
      {
        "Aspect": "편의성",
        "SentimentText": "세탁 건조가 간편하고 편리해지니 재밌어요. ^^ ",
        "SentimentWord": "6",
        "SentimentPolarity": "1"
      }
    ]
  },
  {
    "Index": "22330",
    "RawText": "기존제품에서 새 제품써보니 세척력도 좋고 건조도 잘되고 좋아요. 배송은 늦어서 아쉬웠어요. 좋은 가격으로 정말 잘사서 감사해요.",
    "Source": "쇼핑몰",
    "Domain": "가전",
    "MainCategory": "생활/미용/욕실가전",
    "ProductName": "오브제컬렉션 LG전자 워시타워 W16EG",
    "ReviewScore": "5",
    "Syllable": "71",
    "Word": "16",
    "RDate": "20210127",
    "Aspects": [
      {
        "Aspect": "기능",
        "SentimentText": "새 제품써보니 세척력도 좋고 건조도 잘되고 좋아요.",
        "SentimentWord": "7",
        "SentimentPolarity": "1"
      },
      {
        "Aspect": "가격",
        "SentimentText": "좋은 가격으로 정말 잘사서 감사해요.",
        "SentimentWord": "5",
        "SentimentPolarity": "1"
      }
    ]
  },
  {
    "Index": "22331",
    "RawText": "드럼세탁기 사용해보니 빨래 엉킴 없어서 넘 좋아요. ^^ 색상도 포인트가 되어 주니 흐뭇합니다. 배송바로 오고 설치도 어찌나 친절하신지 감사할따름이예요.^^",
    "Source": "쇼핑몰",
    "Domain": "가전",
    "MainCategory": "생활/미용/욕실가전",
    "ProductName": "오브제컬렉션 LG전자 워시타워 W16EG",
    "ReviewScore": "5",
    "Syllable": "87",
    "Word": "19",
    "RDate": "20220224",
    "Aspects": [
      {
        "Aspect": "기능",
        "SentimentText": "드럼세탁기 사용해보니 빨래 엉킴 없어서 넘 좋아요. ^^",
        "SentimentWord": "8",
        "SentimentPolarity": "1"
      },
      {
        "Aspect": "색상",
        "SentimentText": "색상도 포인트가 되어 주니 흐뭇합니다. ",
        "SentimentWord": "5",
        "SentimentPolarity": "1"
      }
    ]
  },
  {
    "Index": "22333",
    "RawText": "색감이 세련되고 완전 이뻐요~~  여름에 건조기 작동시 외부로 열감이 나와 더워서 별로예요.",
    "Source": "쇼핑몰",
    "Domain": "가전",
    "MainCategory": "생활/미용/욕실가전",
    "ProductName": "오브제컬렉션 LG전자 워시타워 W16EG",
    "ReviewScore": "5",
    "Syllable": "51",
    "Word": "12",
    "RDate": "20210209",
    "Aspects": [
      {
        "Aspect": "색상",
        "SentimentText": "색감이 세련되고 완전 이뻐요~~ ",
        "SentimentWord": "4",
        "SentimentPolarity": "1"
      },
      {
        "Aspect": "내구성",
        "SentimentText": "여름에 건조기 작동시 외부로 열감이 나와 더워서 별로예요.",
        "SentimentWord": "8",
        "SentimentPolarity": "-1"
      }
    ]
  },
  {
    "Index": "22334",
    "RawText": "전화응대도 배송도 설치도 친절함이 가득해서 좋았습니다. 000전자 사후 관리가 참 잘되는것 같아 좋습니다. 제품은 흔치 않은 고급진 색상이 좋네요.",
    "Source": "쇼핑몰",
    "Domain": "가전",
    "MainCategory": "생활/미용/욕실가전",
    "ProductName": "오브제컬렉션 LG전자 워시타워 W16EG",
    "ReviewScore": "5",
    "Syllable": "82",
    "Word": "19",
    "RDate": "20210115",
    "Aspects": [
      {
        "Aspect": "제조일/제조사",
        "SentimentText": "000전자 사후 관리가 참 잘되는것 같아 좋습니다. ",
        "SentimentWord": "7",
        "SentimentPolarity": "1"
      },
      {
        "Aspect": "색상",
        "SentimentText": "제품은 흔치 않은 고급진 색상이 좋네요. ",
        "SentimentWord": "6",
        "SentimentPolarity": "1"
      }
    ]
  },
  {
    "Index": "22336",
    "RawText": "생각보다 크기가 슬림해서 다용도실공간 많이 남네요 ㅎㅎ 좋은 가격에 구매해 빨래할때 기분도 너무 좋아요. ^^",
    "Source": "쇼핑몰",
    "Domain": "가전",
    "MainCategory": "생활/미용/욕실가전",
    "ProductName": "오브제컬렉션 LG전자 워시타워 W16EG",
    "ReviewScore": "5",
    "Syllable": "61",
    "Word": "15",
    "RDate": "20210411",
    "Aspects": [
      {
        "Aspect": "사이즈",
        "SentimentText": "생각보다 크기가 슬림해서 다용도실공간 많이 남네요 ㅎㅎ",
        "SentimentWord": "7",
        "SentimentPolarity": "1"
      },
      {
        "Aspect": "가격",
        "SentimentText": "좋은 가격에 구매해 빨래할때 기분도 너무 좋아요. ^^",
        "SentimentWord": "8",
        "SentimentPolarity": "1"
      }
    ]
  },
  {
    "Index": "22337",
    "RawText": "드디어 제가 원하던 세탁기 들였어요. 세탁 시간도 매우 빨라 시간 여유있어 좋아요. 수건도 포근하게 건조되어 너무 좋고 감사합니다.",
    "Source": "쇼핑몰",
    "Domain": "가전",
    "MainCategory": "생활/미용/욕실가전",
    "ProductName": "오브제컬렉션 LG전자 워시타워 W20EG",
    "ReviewScore": "4",
    "Syllable": "73",
    "Word": "18",
    "RDate": "20220405",
    "GeneralPolarity": "1",
    "Aspects": [
      {
        "Aspect": "시간/속도",
        "SentimentText": "세탁 시간도 매우 빨라 시간 여유있어 좋아요. ",
        "SentimentWord": "7",
        "SentimentPolarity": "1"
      },
      {
        "Aspect": "기능",
        "SentimentText": "수건도 포근하게 건조되어 너무 좋고 감사합니다",
        "SentimentWord": "6",
        "SentimentPolarity": "1"
      }
    ]
  },
  {
    "Index": "22338",
    "RawText": "우아하고 디자인이 좋네요. 세련된 색상이 세탁실을 환하게 밝혀줍니다. ^^ 소음도 별로 없어 평온합니다. 설치기사님들 친절하신데 인기상품이라 배송이 느려 아쉬웠어요. 세탁과 건조 기능은 탁월해서 만족도 최고입니다.",
    "Source": "쇼핑몰",
    "Domain": "가전",
    "MainCategory": "생활/미용/욕실가전",
    "ProductName": "오브제컬렉션 LG전자 워시타워 W20EG",
    "ReviewScore": "5",
    "Syllable": "119",
    "Word": "25",
    "RDate": "20220519",
    "Aspects": [
      {
        "Aspect": "디자인",
        "SentimentText": "우아하고 디자인이 좋네요. ",
        "SentimentWord": "3",
        "SentimentPolarity": "1"
      },
      {
        "Aspect": "색상",
        "SentimentText": "세련된 색상이 세탁실을 환하게 밝혀줍니다. ^^ ",
        "SentimentWord": "6",
        "SentimentPolarity": "1"
      },
      {
        "Aspect": "소음",
        "SentimentText": "소음도 별로 없어 평온합니다. ",
        "SentimentWord": "4",
        "SentimentPolarity": "1"
      },
      {
        "Aspect": "기능",
        "SentimentText": "세탁과 건조 기능은 탁월해서 만족도 최고입니다. ",
        "SentimentWord": "6",
        "SentimentPolarity": "1"
      }
    ]
  },
  {
    "Index": "22339",
    "RawText": "배송은 정말 빨라요. 설치도 바로 되니 추천합니다.^^ 가격도 착하고 합리적이예요. ^^ 디자인은 마음을 홀리는 것 같아요. 너무 예뻐 좋아요.",
    "Source": "쇼핑몰",
    "Domain": "가전",
    "MainCategory": "생활/미용/욕실가전",
    "ProductName": "오브제컬렉션 LG전자 워시타워 W20EG",
    "ReviewScore": "5",
    "Syllable": "80",
    "Word": "19",
    "RDate": "20220808",
    "Aspects": [
      {
        "Aspect": "가격",
        "SentimentText": "가격도 착하고 합리적이예요. ^^",
        "SentimentWord": "4",
        "SentimentPolarity": "1"
      },
      {
        "Aspect": "디자인",
        "SentimentText": "디자인은 마음을 홀리는 것 같아요. 너무 예뻐 좋아요. ",
        "SentimentWord": "8",
        "SentimentPolarity": "1"
      }
    ]
  },
  {
    "Index": "22341",
    "RawText": "디자인이 간결해 질림 없어 좋아요. 깨끗하게 세탁해주고 뽀송하게 건조도 잘 되니 진짜 마음에 듭니다.",
    "Source": "쇼핑몰",
    "Domain": "가전",
    "MainCategory": "생활/미용/욕실가전",
    "ProductName": "오브제컬렉션 LG전자 워시타워 W20EG",
    "ReviewScore": "5",
    "Syllable": "56",
    "Word": "14",
    "RDate": "20220423",
    "GeneralPolarity": "1",
    "Aspects": [
      {
        "Aspect": "디자인",
        "SentimentText": "디자인이 간결해 질림 없어 좋아요.",
        "SentimentWord": "5",
        "SentimentPolarity": "1"
      },
      {
        "Aspect": "기능",
        "SentimentText": "깨끗하게 세탁해주고 뽀송하게 건조도 잘 되니 진짜 마음에 듭니다. ",
        "SentimentWord": "9",
        "SentimentPolarity": "1"
      }
    ]
  },
  {
    "Index": "22342",
    "RawText": "빠른 배송과 친절한 설치 기사님들덕분에 제품도 더 좋은거 같아요. 성능은 브랜드 답게 잘 만들어놔서 좋네요. 디자인은 굴곡없는 모양새가 깔끔해서 좋아요.",
    "Source": "쇼핑몰",
    "Domain": "가전",
    "MainCategory": "생활/미용/욕실가전",
    "ProductName": "오브제컬렉션 LG전자 워시타워 W20EG",
    "ReviewScore": "5",
    "Syllable": "85",
    "Word": "20",
    "RDate": "20220315",
    "Aspects": [
      {
        "Aspect": "기능",
        "SentimentText": "성능은 브랜드 답게 잘 만들어놔서 좋네요. ",
        "SentimentWord": "6",
        "SentimentPolarity": "1"
      },
      {
        "Aspect": "디자인",
        "SentimentText": "디자인은 굴곡없는 모양새가 깔끔해서 좋아요. ",
        "SentimentWord": "5",
        "SentimentPolarity": "1"
      }
    ]
  },
  {
    "Index": "22343",
    "RawText": "건조기 20kg 용량큰 신제품으로 구매해서 뿌듯해요. 배송은 다음날 바로 와서 좋아요. 품질도 좋아 자주 쓰게 되네요. 좋아요.",
    "Source": "쇼핑몰",
    "Domain": "가전",
    "MainCategory": "생활/미용/욕실가전",
    "ProductName": "오브제컬렉션 LG전자 워시타워 W20EG",
    "ReviewScore": "5",
    "Syllable": "71",
    "Word": "17",
    "RDate": "20220203",
    "Aspects": [
      {
        "Aspect": "용량",
        "SentimentText": "건조기 20kg 용량큰 신제품으로 구매해서 뿌듯해요. ",
        "SentimentWord": "6",
        "SentimentPolarity": "1"
      },
      {
        "Aspect": "품질",
        "SentimentText": "품질도 좋아 자주 쓰게 되네요. 좋아요. ",
        "SentimentWord": "6",
        "SentimentPolarity": "1"
      }
    ]
  },
  {
    "Index": "22345",
    "RawText": "가격대비 가성비 짱!! 좋아요   상품 성능도 좋아 자꾸 쓸때마다 정이 들어요.^^",
    "Source": "쇼핑몰",
    "Domain": "가전",
    "MainCategory": "생활/미용/욕실가전",
    "ProductName": "오브제컬렉션 LG전자 워시타워 W20EGZM",
    "ReviewScore": "5",
    "Syllable": "46",
    "Word": "11",
    "RDate": "20220821",
    "Aspects": [
      {
        "Aspect": "가격",
        "SentimentText": "가격대비 가성비 짱!! 좋아요",
        "SentimentWord": "4",
        "SentimentPolarity": "1"
      },
      {
        "Aspect": "기능",
        "SentimentText": "상품 성능도 좋아 자꾸 쓸때마다 정이 들어요.^^",
        "SentimentWord": "7",
        "SentimentPolarity": "1"
      }
    ]
  },
  {
    "Index": "22346",
    "RawText": "디자인도 간결하고 깔끔한 사각이라 예쁘고 맘에 들어요. 이곳저곳 비교해보니 이곳이 젤싸서 샀어요. 만족해요. 사용해보니 건조기는 빨래 안 널어도 되고 너무 편해서 신세계예요.",
    "Source": "쇼핑몰",
    "Domain": "가전",
    "MainCategory": "생활/미용/욕실가전",
    "ProductName": "오브제컬렉션 LG전자 워시타워 W20EGZM",
    "ReviewScore": "5",
    "Syllable": "97",
    "Word": "22",
    "RDate": "20220809",
    "GeneralPolarity": "1",
    "Aspects": [
      {
        "Aspect": "디자인",
        "SentimentText": "디자인도 간결하고 깔끔한 사각이라 예쁘고 맘에 들어요.",
        "SentimentWord": "7",
        "SentimentPolarity": "1"
      },
      {
        "Aspect": "가격",
        "SentimentText": "이곳저곳 비교해보니 이곳이 젤싸서 샀어요. ",
        "SentimentWord": "5",
        "SentimentPolarity": "1"
      },
      {
        "Aspect": "편의성",
        "SentimentText": "사용해보니 건조기는 빨래 안 널어도 되고 너무 편해서 신세계예요. ",
        "SentimentWord": "9",
        "SentimentPolarity": "1"
      }
    ]
  },
  {
    "Index": "22347",
    "RawText": "합리적인 가격에 구매했어요 ㅎㅎ 제품 포장 꼼꼼했고, 배송도 신속해서 둘 다 맘에 드네요 OO카드 혜택 덕에 저렴하게 구매했어요 사이즈도 적당해서 별 다른 이동없이 설치 잘 했습니다ㅎㅎ",
    "Source": "쇼핑몰",
    "Domain": "가전",
    "MainCategory": "생활/미용/욕실가전",
    "ProductName": "오브제컬렉션 LG전자 워시타워 W20GEZM",
    "ReviewScore": "5",
    "Syllable": "103",
    "Word": "26",
    "RDate": "20220809",
    "GeneralPolarity": "1",
    "Aspects": [
      {
        "Aspect": "가격",
        "SentimentText": "합리적인 가격에 구매했어요 ㅎㅎ",
        "SentimentWord": "4",
        "SentimentPolarity": "1"
      },
      {
        "Aspect": "가격",
        "SentimentText": "OO카드 혜택 덕에 저렴하게 구매했어요",
        "SentimentWord": "5",
        "SentimentPolarity": "1"
      },
      {
        "Aspect": "사이즈",
        "SentimentText": "사이즈도 적당해서 별 다른 이동없이 설치 잘 했습니다ㅎㅎ",
        "SentimentWord": "8",
        "SentimentPolarity": "1"
      }
    ]
  },
  {
    "Index": "22348",
    "RawText": "세탁기 빨래 잘 하구 건조기는 건조 잘해서 매우 만족 합리적인 가격으로 이런 실용적인 기능 사용할 수 있어서 너무 좋네요",
    "Source": "쇼핑몰",
    "Domain": "가전",
    "MainCategory": "생활/미용/욕실가전",
    "ProductName": "트롬 LG전자 F19WDBU + RH17WTLN",
    "ReviewScore": "5",
    "Syllable": "67",
    "Word": "19",
    "RDate": "20220808",
    "GeneralPolarity": "1",
    "Aspects": [
      {
        "Aspect": "기능",
        "SentimentText": "세탁기 빨래 잘 하구 건조기는 건조 잘해서 매우 만족",
        "SentimentWord": "9",
        "SentimentPolarity": "1"
      },
      {
        "Aspect": "가격",
        "SentimentText": "합리적인 가격으로 이런 실용적인 기능 사용할 수 있어서 너무 좋네요",
        "SentimentWord": "10",
        "SentimentPolarity": "1"
      }
    ]
  },
  {
    "Index": "22349",
    "RawText": "지정한 날짜에 물건 받아서 너무 좋구요  스팀살균 기능이 있어서 이 시기에 정말 딱 필요하네요  세탁기랑 건조기 성능도 짱이에요  ",
    "Source": "쇼핑몰",
    "Domain": "가전",
    "MainCategory": "생활/미용/욕실가전",
    "ProductName": "트롬 LG전자 F19WDBU + RH17WTLN",
    "ReviewScore": "5",
    "Syllable": "73",
    "Word": "18",
    "RDate": "20220515",
    "GeneralPolarity": "1",
    "Aspects": [
      {
        "Aspect": "기능",
        "SentimentText": "스팀살균 기능이 있어서 이 시기에 정말 딱 필요하네요 ",
        "SentimentWord": "8",
        "SentimentPolarity": "1"
      },
      {
        "Aspect": "기능",
        "SentimentText": "세탁기랑 건조기 성능도 짱이에요",
        "SentimentWord": "4",
        "SentimentPolarity": "1"
      }
    ]
  },
  {
    "Index": "22351",
    "RawText": "가격은 정말 저렴해서 가격대비 만족이예요. 세탁기에 기스가 있었는데 화이트로 발라져 있어서 하자품 싸게 파나 싶어 별로예요.",
    "Source": "쇼핑몰",
    "Domain": "가전",
    "MainCategory": "생활/미용/욕실가전",
    "ProductName": "트롬 LG전자 F19WDBU + RH17WTLN",
    "ReviewScore": "4",
    "Syllable": "69",
    "Word": "16",
    "RDate": "20220523",
    "GeneralPolarity": "0",
    "Aspects": [
      {
        "Aspect": "가격",
        "SentimentText": "가격은 정말 저렴해서 가격대비 만족이예요.",
        "SentimentWord": "5",
        "SentimentPolarity": "1"
      },
      {
        "Aspect": "품질",
        "SentimentText": "세탁기에 기스가 있었는데 화이트로 발라져 있어서 하자품 싸게 파나 싶어 별로예요. ",
        "SentimentWord": "11",
        "SentimentPolarity": "-1"
      }
    ]
  },
  {
    "Index": "22352",
    "RawText": "건조 기능 너무 만족스럽네요 저렴하게 잘 샀구요",
    "Source": "쇼핑몰",
    "Domain": "가전",
    "MainCategory": "생활/미용/욕실가전",
    "ProductName": "트롬 LG전자 F19WDBU + RH17WTLN",
    "ReviewScore": "5",
    "Syllable": "26",
    "Word": "7",
    "RDate": "20220522",
    "GeneralPolarity": "1",
    "Aspects": [
      {
        "Aspect": "기능",
        "SentimentText": "건조 기능 너무 만족스럽네요",
        "SentimentWord": "4",
        "SentimentPolarity": "1"
      },
      {
        "Aspect": "가격",
        "SentimentText": "저렴하게 잘 샀구요",
        "SentimentWord": "3",
        "SentimentPolarity": "1"
      }
    ]
  },
  {
    "Index": "22353",
    "RawText": "쿠폰 적용해서 저렴하게 샀구요  리모콘을 잃어버릴 염려 없이 자석형으로 붙여 사용하니 편리하네요 포장은 좀 더 신경써주셔야겠어요ㅠㅠ 너무 허술.. ",
    "Source": "쇼핑몰",
    "Domain": "가전",
    "MainCategory": "생활/미용/욕실가전",
    "ProductName": "트롬 LG전자 F19WDBU + RH17WTLN",
    "ReviewScore": "5",
    "Syllable": "82",
    "Word": "18",
    "RDate": "20220526",
    "GeneralPolarity": "0",
    "Aspects": [
      {
        "Aspect": "가격",
        "SentimentText": "쿠폰 적용해서 저렴하게 샀구요",
        "SentimentWord": "4",
        "SentimentPolarity": "1"
      },
      {
        "Aspect": "편의성",
        "SentimentText": "리모콘을 잃어버릴 염려 없이 자석형으로 붙여 사용하니 편리하네요",
        "SentimentWord": "8",
        "SentimentPolarity": "1"
      }
    ]
  },
  {
    "Index": "22354",
    "RawText": "1등급이라 전기세 걱정없이 마구마구 돌리고 있어요!!  제품 색상이 화이트라 생각보다 밋밋해서 그냥 그래요.",
    "Source": "쇼핑몰",
    "Domain": "가전",
    "MainCategory": "생활/미용/욕실가전",
    "ProductName": "트롬 LG전자 F19WDBU + RH17WTLN",
    "ReviewScore": "5",
    "Syllable": "60",
    "Word": "13",
    "RDate": "20220525",
    "Aspects": [
      {
        "Aspect": "소비전력",
        "SentimentText": "1등급이라 전기세 걱정없이 마구마구 돌리고 있어요!!",
        "SentimentWord": "6",
        "SentimentPolarity": "1"
      },
      {
        "Aspect": "색상",
        "SentimentText": "제품 색상이 화이트라 생각보다 밋밋해서 그냥 그래요. ",
        "SentimentWord": "7",
        "SentimentPolarity": "0"
      }
    ]
  },
  {
    "Index": "22356",
    "RawText": "좁은곳에 들어가기엔 크기가커서 어려웠지만,  통안이 크니 겨울 이불빨래도 넉넉히 들어가서 베리 굿!!!",
    "Source": "쇼핑몰",
    "Domain": "가전",
    "MainCategory": "생활/미용/욕실가전",
    "ProductName": "트롬 LG전자 F19WDBU + RH17WTLN",
    "ReviewScore": "5",
    "Syllable": "57",
    "Word": "12",
    "RDate": "20220702",
    "GeneralPolarity": "0",
    "Aspects": [
      {
        "Aspect": "사이즈",
        "SentimentText": "좁은곳에 들어가기엔 크기가커서 어려웠지만, ",
        "SentimentWord": "4",
        "SentimentPolarity": "-1"
      },
      {
        "Aspect": "용량",
        "SentimentText": "통안이 크니 겨울 이불빨래도 넉넉히 들어가서 베리 굿!!!",
        "SentimentWord": "8",
        "SentimentPolarity": "1"
      }
    ]
  },
  {
    "Index": "22357",
    "RawText": "통살균 기능이 있어서 청소 걱정이 없어요 ~~  제품도 사용해보니 알아서 먼지도 털고 건조도해주니 너무 편해서 좋네요.",
    "Source": "쇼핑몰",
    "Domain": "가전",
    "MainCategory": "생활/미용/욕실가전",
    "ProductName": "트롬 LG전자 F19WDBU + RH17WTLN",
    "ReviewScore": "5",
    "Syllable": "66",
    "Word": "16",
    "RDate": "20220523",
    "Aspects": [
      {
        "Aspect": "기능",
        "SentimentText": "통살균 기능이 있어서 청소 걱정이 없어요 ~~",
        "SentimentWord": "7",
        "SentimentPolarity": "1"
      },
      {
        "Aspect": "편의성",
        "SentimentText": "제품도 사용해보니 알아서 먼지도 털고 건조도해주니 너무 편해서 좋네요. ",
        "SentimentWord": "9",
        "SentimentPolarity": "1"
      }
    ]
  },
  {
    "Index": "22358",
    "RawText": "세탁기와 건조기 저렴하게 잘 샀어요. 세트로 사니 더 좋네요. 에너지 등급도 1등급이라 좋아요!",
    "Source": "쇼핑몰",
    "Domain": "가전",
    "MainCategory": "생활/미용/욕실가전",
    "ProductName": "트롬 LG전자 F19WDBU + RH17WTLN",
    "ReviewScore": "5",
    "Syllable": "53",
    "Word": "13",
    "RDate": "20220531",
    "Aspects": [
      {
        "Aspect": "가격",
        "SentimentText": "세탁기와 건조기 저렴하게 잘 샀어요. 세트로 사니 더 좋네요. ",
        "SentimentWord": "9",
        "SentimentPolarity": "1"
      },
      {
        "Aspect": "소비전력",
        "SentimentText": "에너지 등급도 1등급이라 좋아요!",
        "SentimentWord": "4",
        "SentimentPolarity": "1"
      }
    ]
  },
  {
    "Index": "22359",
    "RawText": "화이트컬러 깨끗하고 이뻐요~ 사용해보니 수건의 뽀송함이 신세계예요. 잘 말려줘서 좋아요.",
    "Source": "쇼핑몰",
    "Domain": "가전",
    "MainCategory": "생활/미용/욕실가전",
    "ProductName": "트롬 LG전자 F19WDBU + RH17WTLN",
    "ReviewScore": "5",
    "Syllable": "49",
    "Word": "10",
    "RDate": "20220521",
    "Aspects": [
      {
        "Aspect": "색상",
        "SentimentText": "화이트컬러 깨끗하고 이뻐요~",
        "SentimentWord": "3",
        "SentimentPolarity": "1"
      },
      {
        "Aspect": "기능",
        "SentimentText": "사용해보니 수건의 뽀송함이 신세계예요. 잘 말려줘서 좋아요. ",
        "SentimentWord": "7",
        "SentimentPolarity": "1"
      }
    ]
  },
  {
    "Index": "22360",
    "RawText": "고객센터에서 제 연락처를 오입력하는 실수로 배송이 거의 2주정도 걸렸어요 세탁기 값에 덤으로 건조기까지 득템했네요 그런데 도어는 플라스틱이 저렴한건지 본체와 뭔가가 달라보여서 거슬리네요 ",
    "Source": "쇼핑몰",
    "Domain": "가전",
    "MainCategory": "생활/미용/욕실가전",
    "ProductName": "트롬 LG전자 F19WDBU + RH17WTLN",
    "ReviewScore": "5",
    "Syllable": "104",
    "Word": "22",
    "RDate": "20220712",
    "GeneralPolarity": "0",
    "Aspects": [
      {
        "Aspect": "가격",
        "SentimentText": "세탁기 값에 덤으로 건조기까지 득템했네요",
        "SentimentWord": "5",
        "SentimentPolarity": "1"
      },
      {
        "Aspect": "소재",
        "SentimentText": "도어는 플라스틱이 저렴한건지 본체와 뭔가가 달라보여서 거슬리네요",
        "SentimentWord": "7",
        "SentimentPolarity": "-1"
      }
    ]
  },
  {
    "Index": "22361",
    "RawText": "좁은 공간에 적당한 세탁기와 건조기 사이즈를 찾아 샀어요. 만족스러워요. 확실히 돌아가는 소리가 조용하고 부드럽더라구요.",
    "Source": "쇼핑몰",
    "Domain": "가전",
    "MainCategory": "생활/미용/욕실가전",
    "ProductName": "트롬 LG전자 F19WDBU + RH17WTLN",
    "ReviewScore": "5",
    "Syllable": "67",
    "Word": "14",
    "RDate": "20220523",
    "Aspects": [
      {
        "Aspect": "사이즈",
        "SentimentText": "좁은 공간에 적당한 세탁기와 건조기 사이즈를 찾아 샀어요. 만족스러워요. ",
        "SentimentWord": "9",
        "SentimentPolarity": "1"
      },
      {
        "Aspect": "소음",
        "SentimentText": "확실히 돌아가는 소리가 조용하고 부드럽더라구요.",
        "SentimentWord": "5",
        "SentimentPolarity": "1"
      }
    ]
  },
  {
    "Index": "22364",
    "RawText": "어플 설치해서 세탁기 건조기랑 연결하니 사용하기 넘 간단하고 좋아요~ 큰 용량이라 이불도 가뿐히 세탁하고 건조 시켜 줘서 더욱 만족스럽습니다.",
    "Source": "쇼핑몰",
    "Domain": "가전",
    "MainCategory": "생활/미용/욕실가전",
    "ProductName": "트롬 LG전자 F19WDBU + RH17WTLN",
    "ReviewScore": "5",
    "Syllable": "79",
    "Word": "19",
    "RDate": "20220722",
    "Aspects": [
      {
        "Aspect": "조작성",
        "SentimentText": " 어플 설치해서 세탁기 건조기랑 연결하니 사용하기 넘 간단하고 좋아요~",
        "SentimentWord": "9",
        "SentimentPolarity": "1"
      },
      {
        "Aspect": "용량",
        "SentimentText": "큰 용량이라 이불도 가뿐히 세탁하고 건조 시켜 줘서 더욱 만족스럽습니다. ",
        "SentimentWord": "10",
        "SentimentPolarity": "1"
      }
    ]
  },
  {
    "Index": "22365",
    "RawText": "용량이 크니 많은 빨래 문제없어요 ㅎㅎ. 가격도 저렴해서 구매할때 더 좋았습니다.",
    "Source": "쇼핑몰",
    "Domain": "가전",
    "MainCategory": "생활/미용/욕실가전",
    "ProductName": "트롬 LG전자 F19WDBU + RH17WTLN",
    "ReviewScore": "5",
    "Syllable": "45",
    "Word": "11",
    "RDate": "20220526",
    "Aspects": [
      {
        "Aspect": "용량",
        "SentimentText": "용량이 크니 많은 빨래 문제없어요 ㅎㅎ.",
        "SentimentWord": "6",
        "SentimentPolarity": "1"
      },
      {
        "Aspect": "가격",
        "SentimentText": "가격도 저렴해서 구매할때 더 좋았습니다.",
        "SentimentWord": "5",
        "SentimentPolarity": "1"
      }
    ]
  },
  {
    "Index": "22366",
    "RawText": "구매하고 배송도 무리없이 진행되고, 문의사항은 친절히 답해주시니 너무나 좋습니다^^ 배수통을 간편한고 자유롭게 설치할 수 있네요  빨래 세탁과건조 모두 잘되는 좋은제품 구입해서 만족합니다.설치를 기사님께서 꼼꼼히,설명은 자세히 해주셔서 정말 감사합니다^^ ",
    "Source": "쇼핑몰",
    "Domain": "가전",
    "MainCategory": "생활/미용/욕실가전",
    "ProductName": "트롬 LG전자 F19WDBU + RH17WTLN",
    "ReviewScore": "5",
    "Syllable": "143",
    "Word": "28",
    "RDate": "20220328",
    "GeneralPolarity": "1",
    "Aspects": [
      {
        "Aspect": "기능",
        "SentimentText": "빨래 세탁과건조 모두 잘되는 좋은제품 구입해서 만족합니다",
        "SentimentWord": "7",
        "SentimentPolarity": "1"
      },
      {
        "Aspect": "조작성",
        "SentimentText": "배수통을 간편한고 자유롭게 설치할 수 있네요",
        "SentimentWord": "6",
        "SentimentPolarity": "1"
      }
    ]
  },
  {
    "Index": "22367",
    "RawText": "그동안 13키로 세탁기 사용하다가 ㅇㅇㅇ 행사할때 저렴해서 기분좋게 셋뚜를 구입했어요. 19키로인지라 입구도 넓어서 우겨 넣었던 솜이불이 쏙들어가네요. 완전 만족합니다^^",
    "Source": "쇼핑몰",
    "Domain": "가전",
    "MainCategory": "생활/미용/욕실가전",
    "ProductName": "트롬 LG전자 F19WDBU + RH17WTLN",
    "ReviewScore": "5",
    "Syllable": "95",
    "Word": "19",
    "RDate": "20220604",
    "GeneralPolarity": "1",
    "Aspects": [
      {
        "Aspect": "가격",
        "SentimentText": "ㅇㅇㅇ 행사할때 저렴해서 기분좋게 셋뚜를 구입했어요. ",
        "SentimentWord": "6",
        "SentimentPolarity": "1"
      },
      {
        "Aspect": "용량",
        "SentimentText": " 19키로인지라 입구도 넓어서 우겨 넣었던 솜이불이 쏙들어가네요. 완전 만족합니다^^",
        "SentimentWord": "9",
        "SentimentPolarity": "1"
      }
    ]
  },
  {
    "Index": "22368",
    "RawText": "장마철이라 굽굽해서 말려도 개운치 않았는데 건조기 돌리니 뽀송하니 개운하네요~  제품 디자인 고급스럽고 예뻐서 만족스러워요. 기사님 수고 정말 많았어요~ ",
    "Source": "쇼핑몰",
    "Domain": "가전",
    "MainCategory": "생활/미용/욕실가전",
    "ProductName": "트롬 LG전자 F19WDBU + RH17WTLN",
    "ReviewScore": "5",
    "Syllable": "86",
    "Word": "18",
    "RDate": "20220806",
    "GeneralPolarity": "1",
    "Aspects": [
      {
        "Aspect": "기능",
        "SentimentText": "장마철이라 굽굽해서 말려도 개운치 않았는데 건조기 돌리니 뽀송하니 개운하네요~",
        "SentimentWord": "9",
        "SentimentPolarity": "1"
      },
      {
        "Aspect": "디자인",
        "SentimentText": "제품 디자인 고급스럽고 예뻐서 만족스러워요. ",
        "SentimentWord": "5",
        "SentimentPolarity": "1"
      }
    ]
  },
  {
    "Index": "22369",
    "RawText": "세탁기 모양이 짱이뻐요^^ 좋은 가격에 싸게 잘 산거 정말 만족스럽습니다.색상이  흰색이서 깨끗하고 더 이뻐요!",
    "Source": "쇼핑몰",
    "Domain": "가전",
    "MainCategory": "생활/미용/욕실가전",
    "ProductName": "트롬 LG전자 F19WDBU + RH17WTLN",
    "ReviewScore": "5",
    "Syllable": "62",
    "Word": "14",
    "RDate": "20220528",
    "GeneralPolarity": "1",
    "Aspects": [
      {
        "Aspect": "디자인",
        "SentimentText": "세탁기 모양이 짱이뻐요^^ ",
        "SentimentWord": "3",
        "SentimentPolarity": "1"
      },
      {
        "Aspect": "가격",
        "SentimentText": "좋은 가격에 싸게 잘 산거 정말 만족스럽습니다.",
        "SentimentWord": "7",
        "SentimentPolarity": "1"
      },
      {
        "Aspect": "색상",
        "SentimentText": "색상이  흰색이서 깨끗하고 더 이뻐요!",
        "SentimentWord": "5",
        "SentimentPolarity": "1"
      }
    ]
  },
  {
    "Index": "22370",
    "RawText": "글라스 도어는 내구성이 향상되서 만족 만족~  제품이 색상이 화사하고 예뻐서 만족스럽습니다. 잘쓰겠습니다. ",
    "Source": "쇼핑몰",
    "Domain": "가전",
    "MainCategory": "생활/미용/욕실가전",
    "ProductName": "트롬 LG전자 F19WDBU + RH17WTLN",
    "ReviewScore": "5",
    "Syllable": "60",
    "Word": "12",
    "RDate": "20220529",
    "GeneralPolarity": "1",
    "Aspects": [
      {
        "Aspect": "내구성",
        "SentimentText": "글라스 도어는 내구성이 향상되서 만족 만족~ ",
        "SentimentWord": "6",
        "SentimentPolarity": "1"
      },
      {
        "Aspect": "색상",
        "SentimentText": "제품이 색상이 화사하고 예뻐서 만족스럽습니다.",
        "SentimentWord": "5",
        "SentimentPolarity": "1"
      }
    ]
  },
  {
    "Index": "22372",
    "RawText": "세탁기 구매하려고 이곳저곳 찾아보다가 OOO시즌이라 저렴하게 구매했어요 세탁 기능 잘 되구요",
    "Source": "쇼핑몰",
    "Domain": "가전",
    "MainCategory": "생활/미용/욕실가전",
    "ProductName": "트롬 LG전자 F19WDBU + RH17WTLN",
    "ReviewScore": "5",
    "Syllable": "51",
    "Word": "11",
    "RDate": "20220528",
    "GeneralPolarity": "1",
    "Aspects": [
      {
        "Aspect": "가격",
        "SentimentText": "OOO시즌이라 저렴하게 구매했어요",
        "SentimentWord": "3",
        "SentimentPolarity": "1"
      },
      {
        "Aspect": "기능",
        "SentimentText": "세탁 기능 잘 되구요",
        "SentimentWord": "4",
        "SentimentPolarity": "1"
      }
    ]
  },
  {
    "Index": "22373",
    "RawText": "분리형 직렬이라 위치를 내마음대로 디자인 할 수 있어서 좋아요 너무 감사해요! 기존 사용하던것보다  용량 넉넉해서 정말 좋아요~ ",
    "Source": "쇼핑몰",
    "Domain": "가전",
    "MainCategory": "생활/미용/욕실가전",
    "ProductName": "트롬 LG전자 F19WDBU + RH17WTLN",
    "ReviewScore": "5",
    "Syllable": "72",
    "Word": "17",
    "RDate": "20220717",
    "GeneralPolarity": "1",
    "Aspects": [
      {
        "Aspect": "디자인",
        "SentimentText": "분리형 직렬이라 위치를 내마음대로 디자인 할 수 있어서 좋아요",
        "SentimentWord": "9",
        "SentimentPolarity": "1"
      },
      {
        "Aspect": "용량",
        "SentimentText": "기존 사용하던것보다  용량 넉넉해서 정말 좋아요~",
        "SentimentWord": "6",
        "SentimentPolarity": "1"
      }
    ]
  },
  {
    "Index": "22374",
    "RawText": "배송 정말 빨리 와서 너무 좋았구요 이거 사고 너무 편해서 삶의 질 수직상승했네요.. 장마철에도 사용 가능해서 짱 편할 것 같네요 그리구 수건이나 옷에 묻은 먼지도 제거 잘 돼서 굿굿",
    "Source": "쇼핑몰",
    "Domain": "가전",
    "MainCategory": "생활/미용/욕실가전",
    "ProductName": "트롬 LG전자 F19WDBU + RH17WTLN",
    "ReviewScore": "5",
    "Syllable": "102",
    "Word": "29",
    "RDate": "20220730",
    "GeneralPolarity": "1",
    "Aspects": [
      {
        "Aspect": "편의성",
        "SentimentText": "이거 사고 너무 편해서 삶의 질 수직상승했네요.. ",
        "SentimentWord": "7",
        "SentimentPolarity": "1"
      },
      {
        "Aspect": "편의성",
        "SentimentText": "장마철에도 사용 가능해서 짱 편할 것 같네요 ",
        "SentimentWord": "7",
        "SentimentPolarity": "1"
      },
      {
        "Aspect": "기능",
        "SentimentText": "그리구 수건이나 옷에 묻은 먼지도 제거 잘 돼서 굿굿",
        "SentimentWord": "9",
        "SentimentPolarity": "1"
      }
    ]
  },
  {
    "Index": "22375",
    "RawText": "직접 가서 사는 것보다 저렴하게 샀구요 용량이 커서 바깥 놀이 좋아하는 자녀들이 많아도 걱정없습니다 원하는 날에 물건 받았어요^^ 감사해요 잘 쓰겠습니다~ ",
    "Source": "쇼핑몰",
    "Domain": "가전",
    "MainCategory": "생활/미용/욕실가전",
    "ProductName": "트롬 LG전자 F19WDBU + RH17WTLN",
    "ReviewScore": "5",
    "Syllable": "87",
    "Word": "21",
    "RDate": "20220527",
    "GeneralPolarity": "1",
    "Aspects": [
      {
        "Aspect": "가격",
        "SentimentText": "직접 가서 사는 것보다 저렴하게 샀구요",
        "SentimentWord": "6",
        "SentimentPolarity": "1"
      },
      {
        "Aspect": "용량",
        "SentimentText": "용량이 커서 바깥 놀이 좋아하는 자녀들이 많아도 걱정없습니다",
        "SentimentWord": "8",
        "SentimentPolarity": "1"
      }
    ]
  },
  {
    "Index": "22376",
    "RawText": "합리적인 가격에 이렇게 품질 좋은 물건을 구매하다니 ㅠㅠ 너무 좋아요   잘쓸게요!",
    "Source": "쇼핑몰",
    "Domain": "가전",
    "MainCategory": "생활/미용/욕실가전",
    "ProductName": "트롬 LG전자 F19WDBU + RH17WTLN",
    "ReviewScore": "5",
    "Syllable": "46",
    "Word": "11",
    "RDate": "20220610",
    "GeneralPolarity": "1",
    "Aspects": [
      {
        "Aspect": "가격",
        "SentimentText": "합리적인 가격에 이렇게 품질 좋은 물건을 구매하다니 ㅠㅠ 너무 좋아요",
        "SentimentWord": "10",
        "SentimentPolarity": "1"
      },
      {
        "Aspect": "품질",
        "SentimentText": "이렇게 품질 좋은 물건을 구매하다니 ㅠㅠ 너무 좋아요",
        "SentimentWord": "8",
        "SentimentPolarity": "1"
      }
    ]
  },
  {
    "Index": "22377",
    "RawText": "제 생각보다 배송이 엄청 빨리 와서 놀랐어요~^^ 살펴보니 퀄리티 예술입니다 품질 굿! 이벤트로 저렴하게 사서 더더욱 맘에 들어요!",
    "Source": "쇼핑몰",
    "Domain": "가전",
    "MainCategory": "생활/미용/욕실가전",
    "ProductName": "트롬 LG전자 F19WDBU + RH17WTLN",
    "ReviewScore": "5",
    "Syllable": "73",
    "Word": "18",
    "RDate": "20220518",
    "GeneralPolarity": "1",
    "Aspects": [
      {
        "Aspect": "품질",
        "SentimentText": "살펴보니 퀄리티 예술입니다 품질 굿!",
        "SentimentWord": "5",
        "SentimentPolarity": "1"
      },
      {
        "Aspect": "가격",
        "SentimentText": "이벤트로 저렴하게 사서 더더욱 맘에 들어요! ",
        "SentimentWord": "6",
        "SentimentPolarity": "1"
      }
    ]
  },
  {
    "Index": "22379",
    "RawText": "원하는 날짜에 배송해주셨어요!  일체형 배수통이 있어 간편하고 자유롭게 설치 할 수 있어요 세탁기랑 건조기 성능이 왜 이렇게 좋나요? 정말 신세계 경험했어요 최고최고 ",
    "Source": "쇼핑몰",
    "Domain": "가전",
    "MainCategory": "생활/미용/욕실가전",
    "ProductName": "트롬 LG전자 F19WDBU + RH17WTLN",
    "ReviewScore": "5",
    "Syllable": "93",
    "Word": "22",
    "RDate": "20220601",
    "GeneralPolarity": "1",
    "Aspects": [
      {
        "Aspect": "조작성",
        "SentimentText": "일체형 배수통이 있어 간편하고 자유롭게 설치 할 수 있어요",
        "SentimentWord": "9",
        "SentimentPolarity": "1"
      },
      {
        "Aspect": "기능",
        "SentimentText": "세탁기랑 건조기 성능이 왜 이렇게 좋나요? 정말 신세계 경험했어요 최고최고",
        "SentimentWord": "10",
        "SentimentPolarity": "1"
      }
    ]
  },
  {
    "Index": "22380",
    "RawText": "한 번 돌려봤는데 세탁, 건조 둘 다 잘돼요 성능 짱  디자인이 일체형이라 세탁기랑 건조기 같이 있는게 너무 유용하네요  그리구 배송도 생각보다 빨리 와서 만족합니다",
    "Source": "쇼핑몰",
    "Domain": "가전",
    "MainCategory": "생활/미용/욕실가전",
    "ProductName": "트롬 LG전자 F19WDBU + RH17WTLN",
    "ReviewScore": "5",
    "Syllable": "92",
    "Word": "24",
    "RDate": "20220602",
    "GeneralPolarity": "1",
    "Aspects": [
      {
        "Aspect": "기능",
        "SentimentText": "한 번 돌려봤는데 세탁, 건조 둘 다 잘돼요 성능 짱",
        "SentimentWord": "10",
        "SentimentPolarity": "1"
      },
      {
        "Aspect": "디자인",
        "SentimentText": "디자인이 일체형이라 세탁기랑 건조기 같이 있는게 너무 유용하네요",
        "SentimentWord": "8",
        "SentimentPolarity": "1"
      }
    ]
  },
  {
    "Index": "22381",
    "RawText": "세탁, 건조 시간 길지 않고 속도 빨라서 좋아요^^ 배송도 빨리 받앗구요 ㅎ 건조기 용량이 넉넉해서 빨래 많이 넣어도 돼서 너무 맘에 들어요 ㅠㅠ 잘 쓸게요~",
    "Source": "쇼핑몰",
    "Domain": "가전",
    "MainCategory": "생활/미용/욕실가전",
    "ProductName": "트롬 LG전자 F19WDBU + RH17WTLN",
    "ReviewScore": "5",
    "Syllable": "88",
    "Word": "25",
    "RDate": "20220528",
    "GeneralPolarity": "1",
    "Aspects": [
      {
        "Aspect": "시간/속도",
        "SentimentText": "세탁, 건조 시간 길지 않고 속도 빨라서 좋아요^^",
        "SentimentWord": "8",
        "SentimentPolarity": "1"
      },
      {
        "Aspect": "용량",
        "SentimentText": "건조기 용량이 넉넉해서 빨래 많이 넣어도 돼서 너무 맘에 들어요 ㅠㅠ",
        "SentimentWord": "11",
        "SentimentPolarity": "1"
      }
    ]
  },
  {
    "Index": "22382",
    "RawText": "가전은 역시 OO!  자주 사용하는 건조 옵션과 외부 온도 정보를 인식해서 최적을 추천해주는 똑똑한 녀석이네요~ 포장 완전 튼튼하게 왔구요 배송도 늦지않게 빨리 보내주셧어요 어머니가 너무 좋아하시네요 ㅎㅎ ",
    "Source": "쇼핑몰",
    "Domain": "가전",
    "MainCategory": "생활/미용/욕실가전",
    "ProductName": "트롬 LG전자 F19WDBU + RH17WTLN",
    "ReviewScore": "5",
    "Syllable": "115",
    "Word": "27",
    "RDate": "20220524",
    "GeneralPolarity": "1",
    "Aspects": [
      {
        "Aspect": "제조일/제조사",
        "SentimentText": "가전은 역시 OO! ",
        "SentimentWord": "3",
        "SentimentPolarity": "1"
      },
      {
        "Aspect": "기능",
        "SentimentText": "자주 사용하는 건조 옵션과 외부 온도 정보를 인식해서 최적을 추천해주는 똑똑한 녀석이네요~",
        "SentimentWord": "12",
        "SentimentPolarity": "1"
      }
    ]
  },
  {
    "Index": "22383",
    "RawText": "이거 진짜 재입고되면 구매하시길 추천!  초초초 저렴한 가격으로 세탁기와 건조기를 세트로 구입했어요 건조기 한 번 돌리면 신세계 경험할 수 있어요 냄새도 안 나고 건조 너무 잘 돼요  물건도 엄청 빨리 받았네요 ㅎㅎ 강추 ",
    "Source": "쇼핑몰",
    "Domain": "가전",
    "MainCategory": "생활/미용/욕실가전",
    "ProductName": "트롬 LG전자 F19WDBU + RH17WTLN",
    "ReviewScore": "5",
    "Syllable": "124",
    "Word": "33",
    "RDate": "20220529",
    "GeneralPolarity": "1",
    "Aspects": [
      {
        "Aspect": "가격",
        "SentimentText": "초초초 저렴한 가격으로 세탁기와 건조기를 세트로 구입했어요",
        "SentimentWord": "7",
        "SentimentPolarity": "1"
      },
      {
        "Aspect": "기능",
        "SentimentText": "건조기 한 번 돌리면 신세계 경험할 수 있어요 냄새도 안 나고 건조 너무 잘 돼요",
        "SentimentWord": "15",
        "SentimentPolarity": "1"
      }
    ]
  },
  {
    "Index": "22384",
    "RawText": "부모님이 세트로 집에 온 걸 보시고 너무 좋아하세요 핸드폰 앱과 연동하면 알아서 적용해주니 너무 편리합니다 빨래도 꺠끗하게 세탁하고 건조기로 바짝 말려주니 성능이 정말 끝내줍니다",
    "Source": "쇼핑몰",
    "Domain": "가전",
    "MainCategory": "생활/미용/욕실가전",
    "ProductName": "트롬 LG전자 F19WDBU + RH17WTLN",
    "ReviewScore": "5",
    "Syllable": "99",
    "Word": "24",
    "RDate": "20220525",
    "GeneralPolarity": "1",
    "Aspects": [
      {
        "Aspect": "편의성",
        "SentimentText": "핸드폰 앱과 연동하면 알아서 적용해주니 너무 편리합니다",
        "SentimentWord": "7",
        "SentimentPolarity": "1"
      },
      {
        "Aspect": "기능",
        "SentimentText": "빨래도 꺠끗하게 세탁하고 건조기로 바짝 말려주니 성능이 정말 끝내줍니다",
        "SentimentWord": "9",
        "SentimentPolarity": "1"
      }
    ]
  },
  {
    "Index": "22385",
    "RawText": "원하던 배송 날짜가 좀 빡셌는데 그 날에 받아서 너무 좋았고요 설치하러 오신 분들께서 친절하게 알려주셨어요  스마트 폰으로 제어가 가능해서 조작하기 쉽네요 작동할 때 소음이 없어서 와이프가 엄청 좋아해요 ",
    "Source": "쇼핑몰",
    "Domain": "가전",
    "MainCategory": "생활/미용/욕실가전",
    "ProductName": "트롬 LG전자 F19WDBU + RH17WTLN",
    "ReviewScore": "4",
    "Syllable": "114",
    "Word": "28",
    "RDate": "20220622",
    "GeneralPolarity": "1",
    "Aspects": [
      {
        "Aspect": "조작성",
        "SentimentText": "스마트 폰으로 제어가 가능해서 조작하기 쉽네요",
        "SentimentWord": "6",
        "SentimentPolarity": "1"
      },
      {
        "Aspect": "소음",
        "SentimentText": "작동할 때 소음이 없어서 와이프가 엄청 좋아해요",
        "SentimentWord": "7",
        "SentimentPolarity": "1"
      }
    ]
  },
  {
    "Index": "22386",
    "RawText": "세탁 깨끗하고 깔끔하게 잘 되구요 건조도 뽀송하게 잘돼요 그리고 건조기 돌리니까 옷에 묻은 먼지도 제거돼서 너무 좋아요",
    "Source": "쇼핑몰",
    "Domain": "가전",
    "MainCategory": "생활/미용/욕실가전",
    "ProductName": "트롬 LG전자 F19WDBU + RH17WTLN",
    "ReviewScore": "5",
    "Syllable": "66",
    "Word": "17",
    "RDate": "20220814",
    "GeneralPolarity": "1",
    "Aspects": [
      {
        "Aspect": "기능",
        "SentimentText": "세탁 깨끗하고 깔끔하게 잘 되구요 건조도 뽀송하게 잘돼요",
        "SentimentWord": "8",
        "SentimentPolarity": "1"
      },
      {
        "Aspect": "기능",
        "SentimentText": "건조기 돌리니까 옷에 묻은 먼지도 제거돼서 너무 좋아요",
        "SentimentWord": "8",
        "SentimentPolarity": "1"
      }
    ]
  },
  {
    "Index": "22387",
    "RawText": "사이즈가 생각보다 커서(ㅠㅠ) 위치 조정하며 들이느라 애먹었어요~ 그러나 만족스럽네요~ 세제와 유연제를 한 번 가득 채워 넣으면 옷감의 무게 감지해서 자동으로 넣어주니 친환경적이고 너무 편리하네요  ",
    "Source": "쇼핑몰",
    "Domain": "가전",
    "MainCategory": "생활/미용/욕실가전",
    "ProductName": "트롬 LG전자 F19WDBU + RH17WTLN",
    "ReviewScore": "5",
    "Syllable": "111",
    "Word": "24",
    "RDate": "20220521",
    "Aspects": [
      {
        "Aspect": "사이즈",
        "SentimentText": "사이즈가 생각보다 커서(ㅠㅠ) 위치조정하며 들이느라 애먹었어요~",
        "SentimentWord": "6",
        "SentimentPolarity": "-1"
      },
      {
        "Aspect": "편의성",
        "SentimentText": "세제와 유연제를 한 번 가득 채워 넣으면 옷감의 무게 감지해서 자동으로 넣어주니 친환경적이고 너무 편리하네요",
        "SentimentWord": "15",
        "SentimentPolarity": "1"
      }
    ]
  },
  {
    "Index": "22388",
    "RawText": "OOO데이 때 저렴하게 구매했어요. 가전은 역시 OOO인듯 싶네요 ㅎㅎ",
    "Source": "쇼핑몰",
    "Domain": "가전",
    "MainCategory": "생활/미용/욕실가전",
    "ProductName": "트롬 LG전자 F19WDBU + RH17WTLN",
    "ReviewScore": "5",
    "Syllable": "39",
    "Word": "9",
    "RDate": "20220528",
    "GeneralPolarity": "1",
    "Aspects": [
      {
        "Aspect": "가격",
        "SentimentText": "OOO데이 때 저렴하게 구매했어요.",
        "SentimentWord": "4",
        "SentimentPolarity": "1"
      },
      {
        "Aspect": "제조일/제조사",
        "SentimentText": "가전은 역시 OOO인듯 싶네요 ㅎㅎ",
        "SentimentWord": "5",
        "SentimentPolarity": "1"
      }
    ]
  },
  {
    "Index": "22389",
    "RawText": "빠른 배송 감사해요.가격이 정말 저렴해서 만족스럽습니다. 색깔도 깔맞춤으로 화이트로 했어요 ㅋㅋ 부모님도 너어~무 좋아하시니 저도 덩달아 기분이 좋아요^^~잘 쓸께요~ ",
    "Source": "쇼핑몰",
    "Domain": "가전",
    "MainCategory": "생활/미용/욕실가전",
    "ProductName": "트롬 LG전자 F19WDBU + RH17WTLN",
    "ReviewScore": "5",
    "Syllable": "94",
    "Word": "19",
    "RDate": "20220527",
    "GeneralPolarity": "1",
    "Aspects": [
      {
        "Aspect": "색상",
        "SentimentText": "색깔도 깔맞춤으로 화이트로 했어요 ㅋㅋ",
        "SentimentWord": "5",
        "SentimentPolarity": "1"
      },
      {
        "Aspect": "가격",
        "SentimentText": "가격이 정말 저렴해서 만족스럽습니다.",
        "SentimentWord": "4",
        "SentimentPolarity": "1"
      }
    ]
  },
  {
    "Index": "22390",
    "RawText": "엄청 고급스럽고 세련되서 우리집 인테리어에도 잘어울리네요 ㅎㅎ  아직 사용전이지만 좋을 것 같아 기대됩니다. 역시 가전은 ㅇㅇㅇ~!!믿음이 갑니다^^ ",
    "Source": "쇼핑몰",
    "Domain": "가전",
    "MainCategory": "생활/미용/욕실가전",
    "ProductName": "트롬 LG전자 F19WDBU + RH17WTLN",
    "ReviewScore": "5",
    "Syllable": "84",
    "Word": "17",
    "RDate": "20220705",
    "GeneralPolarity": "1",
    "Aspects": [
      {
        "Aspect": "디자인",
        "SentimentText": "엄청 고급스럽고 세련되서 우리집 인테리어에도 잘어울리네요 ㅎㅎ",
        "SentimentWord": "7",
        "SentimentPolarity": "1"
      },
      {
        "Aspect": "제조일/제조사",
        "SentimentText": "역시 가전은 ㅇㅇㅇ~!!믿음이 갑니다^^",
        "SentimentWord": "4",
        "SentimentPolarity": "1"
      }
    ]
  },
  {
    "Index": "22391",
    "RawText": "상품 실제보니 디자인이 정말 예쁩니다. 사이즈는 얼마나  넉넉한지  맘에들어요.",
    "Source": "쇼핑몰",
    "Domain": "가전",
    "MainCategory": "생활/미용/욕실가전",
    "ProductName": "트롬 LG전자 F19WDBU + RH17WTLN",
    "ReviewScore": "5",
    "Syllable": "44",
    "Word": "9",
    "RDate": "20220731",
    "GeneralPolarity": "1",
    "Aspects": [
      {
        "Aspect": "디자인",
        "SentimentText": "상품 실제보니 디자인이 정말 예쁩니다.",
        "SentimentWord": "5",
        "SentimentPolarity": "1"
      },
      {
        "Aspect": "용량",
        "SentimentText": "사이즈는 얼마나  넉넉한지  맘에들어요.",
        "SentimentWord": "4",
        "SentimentPolarity": "1"
      }
    ]
  },
  {
    "Index": "22392",
    "RawText": "생각외로 빠르게 배송와서, 좋은가격에 구입해서 맘이 흡족해요.빨래가 세탁,건조 잘되는 좋은제품 받았네요,대만족입니다!!제품은 디자인이 무척 깔끔해서 맘에 쏙 듭니다^^",
    "Source": "쇼핑몰",
    "Domain": "가전",
    "MainCategory": "생활/미용/욕실가전",
    "ProductName": "트롬 LG전자 F19WDBU + RH17WTLN",
    "ReviewScore": "5",
    "Syllable": "93",
    "Word": "17",
    "RDate": "20220329",
    "GeneralPolarity": "1",
    "Aspects": [
      {
        "Aspect": "가격",
        "SentimentText": "좋은가격에 구입해서 맘이 흡족해요.",
        "SentimentWord": "4",
        "SentimentPolarity": "1"
      },
      {
        "Aspect": "기능",
        "SentimentText": "빨래가 세탁,건조 잘되는 좋은제품 받았네요,대만족입니다!!",
        "SentimentWord": "5",
        "SentimentPolarity": "1"
      },
      {
        "Aspect": "디자인",
        "SentimentText": "제품은 디자인이 무척 깔끔해서 맘에 쏙 듭니다^^",
        "SentimentWord": "7",
        "SentimentPolarity": "1"
      }
    ]
  },
  {
    "Index": "22393",
    "RawText": "생각외로 크기가 크커서 많은 빨래하기 좋네요. 소리는 조용하니 흐믓합니다. 저번 제품보다는 한결 좋습니다.잘 사용 할께요. 감사해요~",
    "Source": "쇼핑몰",
    "Domain": "가전",
    "MainCategory": "생활/미용/욕실가전",
    "ProductName": "트롬 LG전자 F19WDBU + RH17WTLN",
    "ReviewScore": "5",
    "Syllable": "74",
    "Word": "16",
    "RDate": "20220813",
    "GeneralPolarity": "1",
    "Aspects": [
      {
        "Aspect": "용량",
        "SentimentText": "생각외로 크기가 크커서 많은 빨래하기 좋네요. ",
        "SentimentWord": "6",
        "SentimentPolarity": "1"
      },
      {
        "Aspect": "소음",
        "SentimentText": "소리는 조용하니 흐믓합니다. ",
        "SentimentWord": "3",
        "SentimentPolarity": "1"
      }
    ]
  },
  {
    "Index": "22394",
    "RawText": "생활가전은 역시 ㅇㅇㅇ죠!! 색상이 예뻐서 너무 맘에 들어요^^  빨래가 세탁,건조시 잘되는  제품 성능이 좋아서  무척 만족스러워요. 건조기는 디자인 심플하고 깔끔해서 엄청 예뻐요~",
    "Source": "쇼핑몰",
    "Domain": "가전",
    "MainCategory": "생활/미용/욕실가전",
    "ProductName": "트롬 LG전자 F19WDBU + RH17WTLN",
    "ReviewScore": "5",
    "Syllable": "102",
    "Word": "22",
    "RDate": "20220525",
    "GeneralPolarity": "1",
    "Aspects": [
      {
        "Aspect": "제조일/제조사",
        "SentimentText": "생활가전은 역시 ㅇㅇㅇ죠!! ",
        "SentimentWord": "3",
        "SentimentPolarity": "1"
      },
      {
        "Aspect": "색상",
        "SentimentText": "색상이 예뻐서 너무 맘에 들어요^^",
        "SentimentWord": "5",
        "SentimentPolarity": "1"
      },
      {
        "Aspect": "기능",
        "SentimentText": "빨래가 세탁,건조시 잘되는  제품 성능이 좋아서  무척 만족스러워요. ",
        "SentimentWord": "8",
        "SentimentPolarity": "1"
      },
      {
        "Aspect": "디자인",
        "SentimentText": "건조기는 디자인 심플하고 깔끔해서 엄청 예뻐요~",
        "SentimentWord": "6",
        "SentimentPolarity": "1"
      }
    ]
  },
  {
    "Index": "22396",
    "RawText": "받자마자 감동입니다~ 흰색에 광이 살아 있어서 너무 예쁘네요~ 역시 ooo가전 믿고 쓰는 제품이고 서비스네요.무한 신뢰합니다^^ ",
    "Source": "쇼핑몰",
    "Domain": "가전",
    "MainCategory": "생활/미용/욕실가전",
    "ProductName": "트롬 LG전자 F19WDBU + RH17WTLN",
    "ReviewScore": "5",
    "Syllable": "72",
    "Word": "15",
    "RDate": "20220727",
    "GeneralPolarity": "1",
    "Aspects": [
      {
        "Aspect": "색상",
        "SentimentText": "받자마자 감동입니다~ 흰색에 광이 살아 있어서 너무 예쁘네요~",
        "SentimentWord": "8",
        "SentimentPolarity": "1"
      },
      {
        "Aspect": "제조일/제조사",
        "SentimentText": "역시 ooo가전 믿고 쓰는 제품이고 서비스네요.무한 신뢰합니다^^",
        "SentimentWord": "7",
        "SentimentPolarity": "1"
      }
    ]
  },
  {
    "Index": "22397",
    "RawText": "비싸지만 큰 맘 먹고 구입했습니다 빨래가 하기 편리한 좋은 상품 정말 감사해요. 잘 쓸께요~ ",
    "Source": "쇼핑몰",
    "Domain": "가전",
    "MainCategory": "생활/미용/욕실가전",
    "ProductName": "트롬 LG전자 F19WDBU + RH17WTLN",
    "ReviewScore": "5",
    "Syllable": "52",
    "Word": "14",
    "RDate": "20220625",
    "GeneralPolarity": "1",
    "Aspects": [
      {
        "Aspect": "가격",
        "SentimentText": "비싸지만 큰 맘 먹고 구입했습니다",
        "SentimentWord": "5",
        "SentimentPolarity": "0"
      },
      {
        "Aspect": "편의성",
        "SentimentText": "빨래가 하기 편리한 좋은 상품 정말 감사해요. 잘 쓸께요~",
        "SentimentWord": "9",
        "SentimentPolarity": "1"
      }
    ]
  },
  {
    "Index": "22398",
    "RawText": "바로 세탁, 건조 해보니, 잘 되서 좋아요. 역시 건조기는 널고 걷지않고 편하게 건조되니 신세계네요!! ",
    "Source": "쇼핑몰",
    "Domain": "가전",
    "MainCategory": "생활/미용/욕실가전",
    "ProductName": "트롬 LG전자 F19WDBU + RH17WTLN",
    "ReviewScore": "5",
    "Syllable": "58",
    "Word": "14",
    "RDate": "20220525",
    "GeneralPolarity": "1",
    "Aspects": [
      {
        "Aspect": "기능",
        "SentimentText": "바로 세탁, 건조 해보니, 잘 되서 좋아요.",
        "SentimentWord": "7",
        "SentimentPolarity": "1"
      },
      {
        "Aspect": "편의성",
        "SentimentText": "역시 건조기는 널고 걷지않고 편하게 건조되니 신세계네요!!",
        "SentimentWord": "7",
        "SentimentPolarity": "1"
      }
    ]
  },
  {
    "Index": "22399",
    "RawText": "좁은 세탁실이라서 힘들 것 같았는데, 가사들이 어려웠지만 많은 노력으로 해 주셔서 감동스러웠어요!!   색상이 고급스럽고 예뻐요. 성능은  빨래가 잘되고,건조도 잘되니 대만족입니다!",
    "Source": "쇼핑몰",
    "Domain": "가전",
    "MainCategory": "생활/미용/욕실가전",
    "ProductName": "트롬 LG전자 F19WDBU + RH17WTLN",
    "ReviewScore": "5",
    "Syllable": "101",
    "Word": "20",
    "RDate": "20220517",
    "GeneralPolarity": "1",
    "Aspects": [
      {
        "Aspect": "색상",
        "SentimentText": "색상이 고급스럽고 예뻐요.",
        "SentimentWord": "3",
        "SentimentPolarity": "1"
      },
      {
        "Aspect": "기능",
        "SentimentText": "성능은  빨래가 잘되고,건조도 잘되니 대만족입니다!",
        "SentimentWord": "5",
        "SentimentPolarity": "1"
      }
    ]
  },
  {
    "Index": "22400",
    "RawText": "기사는 굉장히 친절한 설명을 해주고, 안전하면서 꼼꼼한 해주시니 고마워요^^  제품 디자인이 깔끔해서 진짜 만족해요! 이젠 ㅇㅇㅇ제품으을 완벽히 구색을 맞추어서 대만족입니다.  단언하자면 가성비 최고입니다~!!",
    "Source": "쇼핑몰",
    "Domain": "가전",
    "MainCategory": "생활/미용/욕실가전",
    "ProductName": "트롬 LG전자 F19WDBU + RH17WTLN",
    "ReviewScore": "5",
    "Syllable": "117",
    "Word": "23",
    "RDate": "20220624",
    "GeneralPolarity": "1",
    "Aspects": [
      {
        "Aspect": "디자인",
        "SentimentText": "제품 디자인이 깔끔해서 진짜 만족해요! ",
        "SentimentWord": "5",
        "SentimentPolarity": "1"
      },
      {
        "Aspect": "가격",
        "SentimentText": " 단언하자면 가성비 최고입니다~!!",
        "SentimentWord": "3",
        "SentimentPolarity": "1"
      }
    ]
  },
  {
    "Index": "22401",
    "RawText": "소음은 거의 없어서 좋습니다! 올여름 장마엔 건조를 뽀송하게 해주는 건조기가 있으니 빨래걱정 끝이네요.엄청 좋아요!!ㅎㅎ",
    "Source": "쇼핑몰",
    "Domain": "가전",
    "MainCategory": "생활/미용/욕실가전",
    "ProductName": "트롬 LG전자 F19WDBU + RH17WTLN",
    "ReviewScore": "5",
    "Syllable": "67",
    "Word": "14",
    "RDate": "20220527",
    "GeneralPolarity": "1",
    "Aspects": [
      {
        "Aspect": "소음",
        "SentimentText": "소음은 거의 없어서 좋습니다! ",
        "SentimentWord": "4",
        "SentimentPolarity": "1"
      },
      {
        "Aspect": "기능",
        "SentimentText": "올여름 장마엔 건조를 뽀송하게 해주는 건조기가 있으니 빨래걱정 끝이네요.엄청 좋아요!!ㅎㅎ",
        "SentimentWord": "10",
        "SentimentPolarity": "1"
      }
    ]
  },
  {
    "Index": "22402",
    "RawText": "설명을 정말 친절하게 해주셔서 기분이 좋아요. 저렴히 구입해서 진짜 만족합니다. 특히 건조기가 장마철엔 냄세없이 말려주는 필수템이라 맘에 들어요^^",
    "Source": "쇼핑몰",
    "Domain": "가전",
    "MainCategory": "생활/미용/욕실가전",
    "ProductName": "트롬 LG전자 F19WDBU + RH17WTLN",
    "ReviewScore": "5",
    "Syllable": "82",
    "Word": "18",
    "RDate": "20220806",
    "GeneralPolarity": "1",
    "Aspects": [
      {
        "Aspect": "가격",
        "SentimentText": "저렴히 구입해서 진짜 만족합니다.",
        "SentimentWord": "4",
        "SentimentPolarity": "1"
      },
      {
        "Aspect": "기능",
        "SentimentText": "특히 건조기가 장마철엔 냄세없이 말려주는 필수템이라 맘에 들어요^^ ",
        "SentimentWord": "8",
        "SentimentPolarity": "1"
      }
    ]
  },
  {
    "Index": "22403",
    "RawText": "설치는 한달이상되었네요. 빨래 편하게 세탁,건조되서 정말 잘 사용하고 있네요. 소음없이 조용해서 진짜 좋아요. 요즘처럼 습할때는건조기가 빠르고,뽀송하게 건조해줘서 굉장히 편리해요",
    "Source": "쇼핑몰",
    "Domain": "가전",
    "MainCategory": "생활/미용/욕실가전",
    "ProductName": "트롬 LG전자 F19WDBU + RH17WTLN",
    "ReviewScore": "5",
    "Syllable": "99",
    "Word": "19",
    "RDate": "20220707",
    "GeneralPolarity": "1",
    "Aspects": [
      {
        "Aspect": "기능",
        "SentimentText": "빨래 편하게 세탁,건조되서 정말 잘 사용하고 있네요.",
        "SentimentWord": "7",
        "SentimentPolarity": "1"
      },
      {
        "Aspect": "소음",
        "SentimentText": "소음없이 조용해서 진짜 좋아요. ",
        "SentimentWord": "4",
        "SentimentPolarity": "1"
      },
      {
        "Aspect": "편의성",
        "SentimentText": "요즘처럼 습할때는건조기가 빠르고,뽀송하게 건조해줘서 굉장히 편리해요 ",
        "SentimentWord": "6",
        "SentimentPolarity": "1"
      }
    ]
  },
  {
    "Index": "22404",
    "RawText": "설치하고 금새 가격은 더 떨어 아쉬움이 있지만, 저도 좋은가격에 구매했으니 맘에 들어요^^ 설치는 빨리됬고 세탁기건조기세트라 공간많이 차지 하지않아서 좋아요!",
    "Source": "쇼핑몰",
    "Domain": "가전",
    "MainCategory": "생활/미용/욕실가전",
    "ProductName": "트롬 LG전자 F19WDBU + RH17WTLN",
    "ReviewScore": "5",
    "Syllable": "88",
    "Word": "19",
    "RDate": "20220525",
    "GeneralPolarity": "1",
    "Aspects": [
      {
        "Aspect": "가격",
        "SentimentText": "설치하고 금새 가격은 더 떨어 아쉬움이 있지만, 저도 좋은가격에 구매했으니 맘에 들어요^^ ",
        "SentimentWord": "12",
        "SentimentPolarity": "0"
      },
      {
        "Aspect": "사이즈",
        "SentimentText": "설치는 빨리됬고 세탁기건조기세트라 공간많이 차지 하지않아서 좋아요!",
        "SentimentWord": "7",
        "SentimentPolarity": "1"
      }
    ]
  },
  {
    "Index": "22405",
    "RawText": "세탁,건조 자동이라 알아서 해줘서 굉장히 편리합니다^^ 건조 코스를 알아서 적용해주는 스마트 페어링이 잘되서 좋습니다 배송이 빨랐고 기사도 친절하셔서 기분이 좋아요. 구입한건 만족입니다^^ ",
    "Source": "쇼핑몰",
    "Domain": "가전",
    "MainCategory": "생활/미용/욕실가전",
    "ProductName": "트롬 LG전자 F19WDBU + RH17WTLN",
    "ReviewScore": "5",
    "Syllable": "106",
    "Word": "22",
    "RDate": "20220601",
    "GeneralPolarity": "1",
    "Aspects": [
      {
        "Aspect": "편의성",
        "SentimentText": "세탁,건조 자동이라 알아서 해줘서 굉장히 편리합니다^^ ",
        "SentimentWord": "6",
        "SentimentPolarity": "1"
      },
      {
        "Aspect": "조작성",
        "SentimentText": "건조 코스를 알아서 적용해주는 스마트 페어링이 잘되서 좋습니다",
        "SentimentWord": "8",
        "SentimentPolarity": "1"
      }
    ]
  },
  {
    "Index": "22406",
    "RawText": "세탁 정말 잘되요~ 건조기로 건조하면 미세먼지, 장맛철에도 건조잘 되니 맘이든든합니다. 쿠폰혜택으로 저렴하게 구입해서 만족스럽습니다. 진짜 좋아요.",
    "Source": "쇼핑몰",
    "Domain": "가전",
    "MainCategory": "생활/미용/욕실가전",
    "ProductName": "트롬 LG전자 F19WDBU + RH17WTLN",
    "ReviewScore": "5",
    "Syllable": "82",
    "Word": "16",
    "RDate": "20220526",
    "GeneralPolarity": "1",
    "Aspects": [
      {
        "Aspect": "기능",
        "SentimentText": "세탁 정말 잘되요~ 건조기로 건조하면 미세먼지, 장맛철에도 건조잘 되니 맘이든든합니다. ",
        "SentimentWord": "10",
        "SentimentPolarity": "1"
      },
      {
        "Aspect": "가격",
        "SentimentText": "쿠폰혜택으로 저렴하게 구입해서 만족스럽습니다. 진짜 좋아요.",
        "SentimentWord": "6",
        "SentimentPolarity": "1"
      }
    ]
  },
  {
    "Index": "22407",
    "RawText": "세탁기 세척력 좋고,건조기 건조 잘되서  완전 만족해요!  원바디 플랫 디자인으로 간결해서 좋네요",
    "Source": "쇼핑몰",
    "Domain": "가전",
    "MainCategory": "생활/미용/욕실가전",
    "ProductName": "트롬 LG전자 F19WDBU + RH17WTLN",
    "ReviewScore": "5",
    "Syllable": "54",
    "Word": "12",
    "RDate": "20220611",
    "GeneralPolarity": "1",
    "Aspects": [
      {
        "Aspect": "기능",
        "SentimentText": "세탁기 세척력 좋고,건조기 건조 잘되서  완전 만족해요!",
        "SentimentWord": "7",
        "SentimentPolarity": "1"
      },
      {
        "Aspect": "디자인",
        "SentimentText": "원바디 플랫 디자인으로 간결해서 좋네요",
        "SentimentWord": "5",
        "SentimentPolarity": "1"
      }
    ]
  },
  {
    "Index": "22409",
    "RawText": "기능이 최신이 아니라 좀 아쉽네요~ 그러나 세탁기+건조기 세트인데 맘에드는 가격으로 구입해서 좋아요.",
    "Source": "쇼핑몰",
    "Domain": "가전",
    "MainCategory": "생활/미용/욕실가전",
    "ProductName": "트롬 LG전자 F19WDBU + RH17WTLN",
    "ReviewScore": "5",
    "Syllable": "56",
    "Word": "12",
    "RDate": "20220514",
    "GeneralPolarity": "1",
    "Aspects": [
      {
        "Aspect": "제조일/제조사",
        "SentimentText": "기능이 최신이 아니라 좀 아쉽네요~",
        "SentimentWord": "5",
        "SentimentPolarity": "1"
      },
      {
        "Aspect": "가격",
        "SentimentText": "세탁기+건조기 세트인데 맘에드는 가격으로 구입해서 좋아요. ",
        "SentimentWord": "6",
        "SentimentPolarity": "1"
      }
    ]
  },
  {
    "Index": "22410",
    "RawText": "세탁기랑 건조기도 바꿀때 되서 ㅇㅇㅇ에  할인 많이 받고 체인지업하니 기분이 정말 좋아요! 배송이 빨랐고 적극 추천해요^^ 세트구매하고 설치해보니 사이즈가 줄어든것처럼  자리차지 많지않아 더 깔끔하고 좋습니다",
    "Source": "쇼핑몰",
    "Domain": "가전",
    "MainCategory": "생활/미용/욕실가전",
    "ProductName": "트롬 LG전자 F19WDBU + RH17WTLN",
    "ReviewScore": "5",
    "Syllable": "116",
    "Word": "25",
    "RDate": "20220522",
    "GeneralPolarity": "1",
    "Aspects": [
      {
        "Aspect": "가격",
        "SentimentText": "세탁기랑 건조기도 바꿀때 되서 ㅇㅇㅇ에  할인 많이 받고 체인지업하니 기분이 정말 좋아요! ",
        "SentimentWord": "12",
        "SentimentPolarity": "1"
      },
      {
        "Aspect": "사이즈",
        "SentimentText": "세트구매하고 설치해보니 사이즈가 줄어든것처럼  자리차지 많지않아 더 깔끔하고 좋습니다",
        "SentimentWord": "9",
        "SentimentPolarity": "1"
      }
    ]
  },
  {
    "Index": "22411",
    "RawText": "세트 ooo가전중에선  가성비가 최고인 조합입니다^^  1시간에 세탁과 건조까지 빠르네요",
    "Source": "쇼핑몰",
    "Domain": "가전",
    "MainCategory": "생활/미용/욕실가전",
    "ProductName": "트롬 LG전자 F19WDBU + RH17WTLN",
    "ReviewScore": "5",
    "Syllable": "49",
    "Word": "9",
    "RDate": "20220530",
    "GeneralPolarity": "1",
    "Aspects": [
      {
        "Aspect": "가격",
        "SentimentText": "세트 ooo가전중에선  가성비가 최고인 조합입니다^^",
        "SentimentWord": "5",
        "SentimentPolarity": "1"
      },
      {
        "Aspect": "시간/속도",
        "SentimentText": "1시간에 세탁과 건조까지 빠르네요",
        "SentimentWord": "4",
        "SentimentPolarity": "1"
      }
    ]
  },
  {
    "Index": "22412",
    "RawText": "ㅇㅇㅇ로 할인 많이 받고 구입해서 좋습니다. 오늘 첨으로 직렬 설치 해보니 공간차지가 크지않아서 굉장히 마음에 들어요. 건조기로 침구털기 해보니 정말 잘되서 속이 개운합니다  잘 사용할께요.",
    "Source": "쇼핑몰",
    "Domain": "가전",
    "MainCategory": "생활/미용/욕실가전",
    "ProductName": "트롬 LG전자 F19WDBU + RH17WTLN",
    "ReviewScore": "5",
    "Syllable": "106",
    "Word": "25",
    "RDate": "20220602",
    "GeneralPolarity": "1",
    "Aspects": [
      {
        "Aspect": "가격",
        "SentimentText": "ㅇㅇㅇ로 할인 많이 받고 구입해서 좋습니다.",
        "SentimentWord": "6",
        "SentimentPolarity": "1"
      },
      {
        "Aspect": "사이즈",
        "SentimentText": "오늘 첨으로 직렬 설치 해보니 공간차지가 크지않아서 굉장히 마음에 들어요",
        "SentimentWord": "10",
        "SentimentPolarity": "1"
      },
      {
        "Aspect": "기능",
        "SentimentText": "건조기로 침구털기 해보니 정말 잘되서 속이 개운합니다",
        "SentimentWord": "7",
        "SentimentPolarity": "1"
      }
    ]
  },
  {
    "Index": "22413",
    "RawText": "신속하고 정확하게 친절한 배송으로 기뻐하며 설치까지 받은지가 약 일주일이네요. 사용 소감이라면 사용시 조용해서 맘에들어요. 빨래 건조는 본연에 충실히 뽀송하게 건조가 잘됩니다. 제목에 쓴데로 추천해요!!",
    "Source": "쇼핑몰",
    "Domain": "가전",
    "MainCategory": "생활/미용/욕실가전",
    "ProductName": "트롬 LG전자 F19WDBU + RH17WTLN",
    "ReviewScore": "5",
    "Syllable": "113",
    "Word": "24",
    "RDate": "20220703",
    "GeneralPolarity": "1",
    "Aspects": [
      {
        "Aspect": "소음",
        "SentimentText": "사용 소감이라면 사용시 조용해서 맘에들어요",
        "SentimentWord": "5",
        "SentimentPolarity": "1"
      },
      {
        "Aspect": "기능",
        "SentimentText": " 빨래 건조는 본연에 충실히 뽀송하게 건조가 잘됩니다. ",
        "SentimentWord": "7",
        "SentimentPolarity": "1"
      }
    ]
  },
  {
    "Index": "22415",
    "RawText": "힘들게 들여온 건조기와 세탁기 소재가 기스가 잘나서 속상해요. 건조기와 세탁기 제조일이 차이가 좀 나서 별로예요. 앞으로 잘 쓸께요.",
    "Source": "쇼핑몰",
    "Domain": "가전",
    "MainCategory": "생활/미용/욕실가전",
    "ProductName": "트롬 LG전자 F19WDBU + RH17WTLN",
    "ReviewScore": "5",
    "Syllable": "74",
    "Word": "18",
    "RDate": "20220618",
    "GeneralPolarity": "-1",
    "Aspects": [
      {
        "Aspect": "소재",
        "SentimentText": "힘들게 들여온 건조기와 세탁기 소재가 기스가 잘나서 속상해요. ",
        "SentimentWord": "8",
        "SentimentPolarity": "-1"
      },
      {
        "Aspect": "제조일/제조사",
        "SentimentText": "건조기와 세탁기 제조일이 차이가 좀 나서 별로예요. ",
        "SentimentWord": "7",
        "SentimentPolarity": "-1"
      }
    ]
  },
  {
    "Index": "22417",
    "RawText": "어버이날 맞아 선물로 사드렸더니 좋아하세요^^ 배송은 정말 빨랐어요.깔끔한 화이트는 어디에나 잘 어울리죠 짱짱짱~ 본체는 튼튼한 쇠같은데 도어는 플라스틱같은  재질인지 보기에도 다른소재라서 일체감을깨는 이질감이   살짝 있어서 맘이 쓰이네요. ",
    "Source": "쇼핑몰",
    "Domain": "가전",
    "MainCategory": "생활/미용/욕실가전",
    "ProductName": "트롬 LG전자 F19WDBU + RH17WTLN",
    "ReviewScore": "5",
    "Syllable": "136",
    "Word": "27",
    "RDate": "20220510",
    "GeneralPolarity": "0",
    "Aspects": [
      {
        "Aspect": "색상",
        "SentimentText": "깔끔한 화이트는 어디에나 잘 어울리죠 짱짱짱~",
        "SentimentWord": "6",
        "SentimentPolarity": "1"
      },
      {
        "Aspect": "소재",
        "SentimentText": " 본체는 튼튼한 쇠같은데 도어는 플라스틱같은  재질인지 보기에도 다른소재라서 일체감을깨는 이질감이   살짝 있어서 맘이 쓰이네요.",
        "SentimentWord": "14",
        "SentimentPolarity": "-1"
      }
    ]
  },
  {
    "Index": "22418",
    "RawText": "어제오후 주문하고,오늘 아침 바로 설치했네요.배송이 빨랐고 기사들도 친절하셔서 무척 좋았어요. 에너지 1등급이라 에너지 효율은 백점 만점!! 가격이 정말 착해서 완전 만족합니다! ",
    "Source": "쇼핑몰",
    "Domain": "가전",
    "MainCategory": "생활/미용/욕실가전",
    "ProductName": "트롬 LG전자 F19WDBU + RH17WTLN",
    "ReviewScore": "5",
    "Syllable": "100",
    "Word": "21",
    "RDate": "20220520",
    "GeneralPolarity": "1",
    "Aspects": [
      {
        "Aspect": "소비전력",
        "SentimentText": "에너지 1등급이라 에너지 효율은 백점 만점!!",
        "SentimentWord": "6",
        "SentimentPolarity": "1"
      },
      {
        "Aspect": "가격",
        "SentimentText": "가격이 정말 착해서 완전 만족합니다!",
        "SentimentWord": "5",
        "SentimentPolarity": "1"
      }
    ]
  },
  {
    "Index": "22419",
    "RawText": "000전자는 믿음직스럽고 최고예요. 세탁기 소음 걱정했는데 작동할때도 탈수할때도 매우 조용해서 좋아요. 건조기는 조금 소음이 있어 별로지만 대체적으로 만족해요.",
    "Source": "쇼핑몰",
    "Domain": "가전",
    "MainCategory": "생활/미용/욕실가전",
    "ProductName": "트롬 LG전자 F19WDBU + RH17WTLN",
    "ReviewScore": "5",
    "Syllable": "89",
    "Word": "18",
    "RDate": "20220523",
    "GeneralPolarity": "1",
    "Aspects": [
      {
        "Aspect": "제조일/제조사",
        "SentimentText": "000전자는 믿음직스럽고 최고예요.",
        "SentimentWord": "3",
        "SentimentPolarity": "1"
      },
      {
        "Aspect": "소음",
        "SentimentText": "세탁기 소음 걱정했는데 작동할때도 탈수할때도 매우 조용해서 좋아요. 건조기는 조금 소음이 있어 별로지만 대체적으로 만족해요. ",
        "SentimentWord": "15",
        "SentimentPolarity": "0"
      }
    ]
  },
  {
    "Index": "22420",
    "RawText": "여유공간 별로없어서 고민했는데  생각외로 공간차지 많지 않아서 너무나 기쁩니다. 세탁 건조기는 ㅇㅇㅇ라고들 하시니 항상 믿고 구매합니다!!!",
    "Source": "쇼핑몰",
    "Domain": "가전",
    "MainCategory": "생활/미용/욕실가전",
    "ProductName": "트롬 LG전자 F19WDBU + RH17WTLN",
    "ReviewScore": "5",
    "Syllable": "78",
    "Word": "16",
    "RDate": "20220411",
    "GeneralPolarity": "1",
    "Aspects": [
      {
        "Aspect": "사이즈",
        "SentimentText": "여유공간 별로없어서 고민했는데  생각외로 공간차지 많지 않아서 너무나 기쁩니다.",
        "SentimentWord": "9",
        "SentimentPolarity": "1"
      },
      {
        "Aspect": "제조일/제조사",
        "SentimentText": "세탁 건조기는 ㅇㅇㅇ라고들 하시니 항상 믿고 구매합니다!!!",
        "SentimentWord": "7",
        "SentimentPolarity": "1"
      }
    ]
  },
  {
    "Index": "22421",
    "RawText": "세탁시간도 빠르고 좋아요.!!   생각외로 디자인이 구닥다리 같아 짜증이 좀 나지만 잘쓸게요~",
    "Source": "쇼핑몰",
    "Domain": "가전",
    "MainCategory": "생활/미용/욕실가전",
    "ProductName": "트롬 LG전자 F19WDBU + RH17WTLN",
    "ReviewScore": "5",
    "Syllable": "52",
    "Word": "11",
    "RDate": "20220521",
    "Aspects": [
      {
        "Aspect": "시간/속도",
        "SentimentText": " 세탁시간도 빠르고 좋아요.!!",
        "SentimentWord": "3",
        "SentimentPolarity": "1"
      },
      {
        "Aspect": "디자인",
        "SentimentText": "생각외로 디자인이 구닥다리 같아 짜증이 좀 나지만 잘쓸게요~",
        "SentimentWord": "8",
        "SentimentPolarity": "-1"
      }
    ]
  }
]