[
  {
    "Index": "10055",
    "RawText": "OO쇼핑에서 샀는데 품질이 최악! 의외로 소음도 있음! 상품평 쓰지도 않는데 물건이 너무 맘에 안들어 진짜 승질 나서 씀. .  진짜 고객응대 최악중에 최악 ",
    "Source": "SNS",
    "Domain": "가전",
    "MainCategory": "생활/미용/욕실가전",
    "ProductName": "[알파데이][패키지]삼성 건조기 그랑데16kg+드럼세탁기23kg_블랙케비어",
    "ReviewScore": "10",
    "Syllable": "88",
    "Word": "23",
    "RDate": "20210820",
    "Aspects": [
      {
        "Aspect": "품질",
        "SentimentText": "품질이 최악!",
        "SentimentWord": "2",
        "SentimentPolarity": "-1"
      },
      {
        "Aspect": "소음",
        "SentimentText": "의외로 소음도 있음!",
        "SentimentWord": "3",
        "SentimentPolarity": "-1"
      }
    ]
  },
  {
    "Index": "10056",
    "RawText": "여름이라자연건조가 어려웠음 장마기간이라 거실에 온통 건조 시킬  빨래감이 넘쳤났음 지금은 넘 뽕뽕 건조가되니 넘 좋아요  짱짱 퀄리티 굿!",
    "Source": "SNS",
    "Domain": "가전",
    "MainCategory": "생활/미용/욕실가전",
    "ProductName": "[알파데이][패키지]삼성 건조기 그랑데16kg+드럼세탁기23kg_블랙케비어",
    "ReviewScore": "100",
    "Syllable": "77",
    "Word": "18",
    "RDate": "20210822",
    "GeneralPolarity": "1",
    "Aspects": [
      {
        "Aspect": "기능",
        "SentimentText": "지금은 넘 뽕뽕건조가되니 넘 좋아요",
        "SentimentWord": "5",
        "SentimentPolarity": "1"
      },
      {
        "Aspect": "품질",
        "SentimentText": "짱짱 퀄리티 굿!",
        "SentimentWord": "3",
        "SentimentPolarity": "1"
      }
    ]
  },
  {
    "Index": "10057",
    "RawText": "잘 받았어요 ~매우만족합니다 좋은상품저렴하게 구입하여 만조괍니다  건조도 뽀송뽀송하게 넘 잘돼요~ 감사합니다",
    "Source": "SNS",
    "Domain": "가전",
    "MainCategory": "생활/미용/욕실가전",
    "ProductName": "[알파데이][패키지]삼성 건조기 그랑데16kg+드럼세탁기23kg_블랙케비어",
    "ReviewScore": "100",
    "Syllable": "60",
    "Word": "11",
    "RDate": "20210817",
    "Aspects": [
      {
        "Aspect": "가격",
        "SentimentText": "좋은상품저렴하게 구입하여 만조괍니다  ",
        "SentimentWord": "3",
        "SentimentPolarity": "1"
      },
      {
        "Aspect": "기능",
        "SentimentText": "건조도 뽀송뽀송하게 넘 잘돼요~",
        "SentimentWord": "4",
        "SentimentPolarity": "1"
      }
    ]
  },
  {
    "Index": "10058",
    "RawText": "너무좋아요! 기사님도친절하시고 타워로 하니까 디자인이 깔끔하고 이쁘네요! 그리고건조기사용해보니역시신세계입니다! 먼지가ㅜㅜ 넘뽀송뽀송하고좋아요!",
    "Source": "SNS",
    "Domain": "가전",
    "MainCategory": "생활/미용/욕실가전",
    "ProductName": "[알파데이][패키지]삼성 건조기 그랑데16kg+드럼세탁기23kg_블랙케비어",
    "ReviewScore": "100",
    "Syllable": "79",
    "Word": "10",
    "RDate": "20210817",
    "Aspects": [
      {
        "Aspect": "디자인",
        "SentimentText": "타워로 하니까 디자인이 깔끔하고이쁘네요",
        "SentimentWord": "4",
        "SentimentPolarity": "1"
      },
      {
        "Aspect": "기능",
        "SentimentText": "건조기사용해보니역시신세계입니다! 먼지가ㅜㅜ 넘뽀송뽀송하고좋아요!",
        "SentimentWord": "3",
        "SentimentPolarity": "1"
      }
    ]
  },
  {
    "Index": "10059",
    "RawText": "이사하면서  세탁기 건조기 구매했어요~~ 소리도 작고 건조기로  수건 해보니 너무 좋아요^^ 건조기 쓰면서   전기세는   많이  안나오길 기대해봅니다~ ",
    "Source": "SNS",
    "Domain": "가전",
    "MainCategory": "생활/미용/욕실가전",
    "ProductName": "[알파데이][패키지]삼성 건조기 그랑데16kg+드럼세탁기23kg_블랙케비어",
    "ReviewScore": "100",
    "Syllable": "86",
    "Word": "17",
    "RDate": "20210904",
    "GeneralPolarity": "1",
    "Aspects": [
      {
        "Aspect": "소음",
        "SentimentText": "소리도 작고 건조기로  수건 해보니 너무 좋아요^^",
        "SentimentWord": "7",
        "SentimentPolarity": "1"
      },
      {
        "Aspect": "기능",
        "SentimentText": "건조기로  수건 해보니 너무 좋아요^^",
        "SentimentWord": "5",
        "SentimentPolarity": "1"
      }
    ]
  },
  {
    "Index": "10060",
    "RawText": "잘 건조되어 너무 너무 만족하고 잘 쓰고 있습니다. 앞으로도 많이 이용할께요 세탁기와 건조기  정말 좋은 가격에 잘 산듯합니당 :)",
    "Source": "SNS",
    "Domain": "가전",
    "MainCategory": "생활/미용/욕실가전",
    "ProductName": "[패키지](1등급)삼성 건조기 그랑데 16kg+삼성 그랑데 드럼세탁기 23kg",
    "ReviewScore": "100",
    "Syllable": "73",
    "Word": "19",
    "RDate": "20210301",
    "GeneralPolarity": "1",
    "Aspects": [
      {
        "Aspect": "기능",
        "SentimentText": "잘 건조되어 너무 너무 만족하고 잘 쓰고 있습니다.",
        "SentimentWord": "8",
        "SentimentPolarity": "1"
      },
      {
        "Aspect": "가격",
        "SentimentText": "세탁기와 건조기  정말 좋은 가격에 잘 산듯합니당 :)",
        "SentimentWord": "8",
        "SentimentPolarity": "1"
      }
    ]
  },
  {
    "Index": "10061",
    "RawText": "배송일정이 안맞아서 늦게 받았지만 매우 만족합니다. 설치도 맘편히 잘받았고 ^^사용해 보니 왜 진작 안샀나싶네요. 소음도 적고 아이 운동화 말리고 너무 뽀송해 신세계 경험 했네요",
    "Source": "SNS",
    "Domain": "가전",
    "MainCategory": "생활/미용/욕실가전",
    "ProductName": "[패키지](1등급)삼성 건조기 그랑데 16kg+삼성 그랑데 드럼세탁기 23kg",
    "ReviewScore": "100",
    "Syllable": "99",
    "Word": "24",
    "RDate": "20210312",
    "Aspects": [
      {
        "Aspect": "소음",
        "SentimentText": "소음도 적고",
        "SentimentWord": "2",
        "SentimentPolarity": "1"
      },
      {
        "Aspect": "기능",
        "SentimentText": "운동화 말리고 너무 뽀송해 신세계 경험 했네요",
        "SentimentWord": "7",
        "SentimentPolarity": "1"
      }
    ]
  },
  {
    "Index": "10062",
    "RawText": "넘 맘에 들어요..가격도 무이자라  부담덜구 날이 추어서  빨래가  잘 마르지도 않을뿐더러 집안의 먼지도 덜구  넘 만족합니다.일반세탁기 해방입니다~♡ 디자인도 넘 이뻐여.",
    "Source": "SNS",
    "Domain": "가전",
    "MainCategory": "생활/미용/욕실가전",
    "ProductName": "[패키지]삼성 건조기 그랑데 16kg+삼성 그랑데 드럼세탁기 21kg_실버",
    "ReviewScore": "100",
    "Syllable": "96",
    "Word": "20",
    "RDate": "20220120",
    "GeneralPolarity": "1",
    "Aspects": [
      {
        "Aspect": "가격",
        "SentimentText": "넘 맘에 들어요..가격도 무이자라  부담덜구",
        "SentimentWord": "5",
        "SentimentPolarity": "1"
      },
      {
        "Aspect": "디자인",
        "SentimentText": "디자인도 넘 이뻐여.",
        "SentimentWord": "3",
        "SentimentPolarity": "1"
      }
    ]
  },
  {
    "Index": "10064",
    "RawText": "많이 고민하던가운데 이 세탁건조기를 구입하게됬었네요.  써보니까 기능면에서는 현재까지는 너무좋아요. 지인들에게도 적극소개하고싶네요. 좋은 가격에 잘 구입해서 좋아요~ ",
    "Source": "SNS",
    "Domain": "가전",
    "MainCategory": "생활/미용/욕실가전",
    "ProductName": "[패키지]삼성 건조기 그랑데 16kg+삼성 그랑데 드럼세탁기 23kg_블랙케비어",
    "ReviewScore": "100",
    "Syllable": "93",
    "Word": "16",
    "RDate": "20210803",
    "GeneralPolarity": "1",
    "Aspects": [
      {
        "Aspect": "기능",
        "SentimentText": "써보니까 기능면에서는 현재까지는 너무좋아요.",
        "SentimentWord": "4",
        "SentimentPolarity": "1"
      },
      {
        "Aspect": "가격",
        "SentimentText": "좋은 가격에 잘 구입해서 좋아요~",
        "SentimentWord": "5",
        "SentimentPolarity": "1"
      }
    ]
  },
  {
    "Index": "10065",
    "RawText": "가격대비.정말 좋은제품잘산거같아요. 배송기사분들도 친절하고 너무 다 대만족이에요.  세탁기 받자마자 기능이~ 이불빨래 했는데 뽀송뽀송해요 감사합니다~~~",
    "Source": "SNS",
    "Domain": "가전",
    "MainCategory": "생활/미용/욕실가전",
    "ProductName": "[패키지]삼성 건조기 그랑데 17kg+삼성 그랑데 드럼세탁기 21kg_실버",
    "ReviewScore": "100",
    "Syllable": "85",
    "Word": "14",
    "RDate": "20220127",
    "Aspects": [
      {
        "Aspect": "품질",
        "SentimentText": "가격대비.정말 좋은제품잘산거같아요.",
        "SentimentWord": "2",
        "SentimentPolarity": "1"
      },
      {
        "Aspect": "기능",
        "SentimentText": "세탁기 받자마자 기능이~ 이불빨래 했는데 뽀송뽀송해요",
        "SentimentWord": "6",
        "SentimentPolarity": "1"
      }
    ]
  },
  {
    "Index": "10066",
    "RawText": "기존 세탁기 수명이 다해서  새로구매하게 되었구요  같은제품  타사이트 보다 여기가 제일 저렴하여 구매 만족 합니다. 실제로 사용하다보니 작동시에도 조용하구요  아이들이 있어  용량 큰거로 구매하였네요",
    "Source": "SNS",
    "Domain": "가전",
    "MainCategory": "생활/미용/욕실가전",
    "ProductName": "k_삼성전자 그랑데 통버블 세탁기 (19 kg) WA19A8376KV",
    "ReviewScore": "100",
    "Syllable": "112",
    "Word": "24",
    "RDate": "20210815",
    "GeneralPolarity": "1",
    "Aspects": [
      {
        "Aspect": "가격",
        "SentimentText": "여기가 제일 저렴하여 구매 만족 합니다. ",
        "SentimentWord": "6",
        "SentimentPolarity": "1"
      },
      {
        "Aspect": "소음",
        "SentimentText": "사용하다보니 작동시에도 조용하구요 ",
        "SentimentWord": "3",
        "SentimentPolarity": "1"
      }
    ]
  },
  {
    "Index": "10067",
    "RawText": "화이트가 낫네요. 베란다색상이랑도 잘어울리고 왜 건조기 건조기 하는줄알겠어요 14kg사길잘했어요 성능도 좋아서 완전 만족스러워요",
    "Source": "SNS",
    "Domain": "가전",
    "MainCategory": "생활/미용/욕실가전",
    "ProductName": "LG트롬 듀얼 인버터 건조기 14kg 화이트(RH14WH)",
    "ReviewScore": "100",
    "Syllable": "71",
    "Word": "13",
    "RDate": "20190603",
    "GeneralPolarity": "1",
    "Aspects": [
      {
        "Aspect": "색상",
        "SentimentText": "화이트가 낫네요. 베란다색상이랑도 잘어울리고",
        "SentimentWord": "4",
        "SentimentPolarity": "1"
      },
      {
        "Aspect": "기능",
        "SentimentText": "성능도 좋아서 완전 만족스러워요",
        "SentimentWord": "4",
        "SentimentPolarity": "1"
      }
    ]
  },
  {
    "Index": "10068",
    "RawText": "건조기가 필요했는데 가격 할인도 많이 받고 제품 퀄리티도 너무 맘에들고 기사님도 친절했어요~하나더 필요한데 가격할인이 끝나서 아숩네요~",
    "Source": "SNS",
    "Domain": "가전",
    "MainCategory": "생활/미용/욕실가전",
    "ProductName": "삼성 건조기 그랑데 17kg(DV17T8520BP)_실버",
    "ReviewScore": "100",
    "Syllable": "75",
    "Word": "16",
    "RDate": "20220303",
    "Aspects": [
      {
        "Aspect": "가격",
        "SentimentText": "가격 할인도 많이 받고 ",
        "SentimentWord": "4",
        "SentimentPolarity": "1"
      },
      {
        "Aspect": "품질",
        "SentimentText": "제품 퀄리티도 너무 맘에들고",
        "SentimentWord": "4",
        "SentimentPolarity": "1"
      }
    ]
  },
  {
    "Index": "10069",
    "RawText": "다른건 다 괜찮은듯한데, 소리가 좀 크게 나는편이네요. 좀 늦은 시간이나 아침 일찍은 사용하면 안될거 같아요",
    "Source": "SNS",
    "Domain": "가전",
    "MainCategory": "생활/미용/욕실가전",
    "ProductName": "삼성 워블세탁기 16kg(WA16T6264BV)(블랙케비어)",
    "ReviewScore": "80",
    "Syllable": "60",
    "Word": "15",
    "RDate": "20211123",
    "GeneralPolarity": "0",
    "Aspects": [
      {
        "Aspect": "기능",
        "SentimentText": "다른건 다 괜찮은듯한데, ",
        "SentimentWord": "3",
        "SentimentPolarity": "1"
      },
      {
        "Aspect": "소음",
        "SentimentText": "소리가 좀 크게 나는편이네요. 좀 늦은 시간이나 아침 일찍은 사용하면 안될거 같아요",
        "SentimentWord": "12",
        "SentimentPolarity": "-1"
      }
    ]
  },
  {
    "Index": "10070",
    "RawText": "먼지를 잘 걸러줘서 너무 좋아요~  찌꺼기때문에 15년동안 쓰던 세탁기 교체했는데~ 세탁기 소음도 적고 짱 좋아요~~^^",
    "Source": "SNS",
    "Domain": "가전",
    "MainCategory": "생활/미용/욕실가전",
    "ProductName": "삼성 워블세탁기 16kg(WA16T6264BV)(블랙케비어)",
    "ReviewScore": "100",
    "Syllable": "67",
    "Word": "15",
    "RDate": "20220308",
    "GeneralPolarity": "1",
    "Aspects": [
      {
        "Aspect": "기능",
        "SentimentText": "먼지를 잘 걸러줘서 너무 좋아요~",
        "SentimentWord": "5",
        "SentimentPolarity": "1"
      },
      {
        "Aspect": "소음",
        "SentimentText": "세탁기 소음도 적고 짱 좋아요~~^^",
        "SentimentWord": "5",
        "SentimentPolarity": "1"
      }
    ]
  },
  {
    "Index": "10071",
    "RawText": "제품이야 다 아는 OO 통돌이 세탁기라 세탁은 잘돼요~ 대신에 탈수할때는 소리가 좀 커요.. ",
    "Source": "SNS",
    "Domain": "가전",
    "MainCategory": "생활/미용/욕실가전",
    "ProductName": "삼성 워블세탁기 16kg(WA16T6264BV)(블랙케비어)",
    "ReviewScore": "100",
    "Syllable": "52",
    "Word": "13",
    "RDate": "20211110",
    "Aspects": [
      {
        "Aspect": "기능",
        "SentimentText": "제품이야 다 아는 OO 통돌이 세탁기라 세탁은 잘돼요~",
        "SentimentWord": "8",
        "SentimentPolarity": "1"
      },
      {
        "Aspect": "소음",
        "SentimentText": "대신에 탈수할때는 소리가 좀 커요..",
        "SentimentWord": "5",
        "SentimentPolarity": "-1"
      }
    ]
  },
  {
    "Index": "10072",
    "RawText": "세탁기가 너무너무 조용조용해서 시간에 구애없이 세탁할 수 있는 장점이 있네요.  그리고 더 더욱 좋은점은 먼지기타 물질이 완젼제거되어 매우 청결한 세탁이 됩니다 강추합니다",
    "Source": "SNS",
    "Domain": "가전",
    "MainCategory": "생활/미용/욕실가전",
    "ProductName": "삼성 워블세탁기 16kg(WA16T6264BV)(블랙케비어)",
    "ReviewScore": "100",
    "Syllable": "95",
    "Word": "22",
    "RDate": "20210825",
    "GeneralPolarity": "1",
    "Aspects": [
      {
        "Aspect": "소음",
        "SentimentText": "조용조용해서 시간에 구애없이 세탁할 수 있는 장점이 있네요. ",
        "SentimentWord": "8",
        "SentimentPolarity": "1"
      },
      {
        "Aspect": "기능",
        "SentimentText": "먼지기타 물질이 완젼제거되어 매우 청결한 세탁이 됩니다 강추합니다",
        "SentimentWord": "8",
        "SentimentPolarity": "1"
      }
    ]
  },
  {
    "Index": "10073",
    "RawText": "통돌이 세탁기 좋아해서 쭉 써오다 10년쯤 되니 찌꺼기 넘 많이 생겨 바뀠는데 넘 좋습니다 깨끗하게 세탁되어서 기분 좋았어요 친정집에  같은거로  주문할 예정입니다",
    "Source": "SNS",
    "Domain": "가전",
    "MainCategory": "생활/미용/욕실가전",
    "ProductName": "삼성 워블세탁기 16kg(WA16T6264BV)(블랙케비어)",
    "ReviewScore": "100",
    "Syllable": "91",
    "Word": "22",
    "RDate": "20220215",
    "GeneralPolarity": "1",
    "Aspects": [
      {
        "Aspect": "기능",
        "SentimentText": "10년쯤 되니 찌꺼기 넘 많이 생겨 바뀠는데 넘 좋습니다",
        "SentimentWord": "9",
        "SentimentPolarity": "1"
      },
      {
        "Aspect": "품질",
        "SentimentText": "깨끗하게 세탁되어서 기분 좋았어요",
        "SentimentWord": "4",
        "SentimentPolarity": "1"
      }
    ]
  },
  {
    "Index": "10074",
    "RawText": "저렴해서 구입했는데 통이 전체가 스텐이 아닙니다 밑바닥은 플라스틱이네요 알았으면 구입안했을듯 설명부족으로 별2개 빼구요 그외는 다 좋아요",
    "Source": "SNS",
    "Domain": "가전",
    "MainCategory": "생활/미용/욕실가전",
    "ProductName": "삼성 워블세탁기 16kg(WA16T6360TY)(라벤더그레이)",
    "ReviewScore": "60",
    "Syllable": "76",
    "Word": "16",
    "RDate": "20201101",
    "Aspects": [
      {
        "Aspect": "소재",
        "SentimentText": "저렴해서 구입했는데 통이 전체가 스텐이 아닙니다",
        "SentimentWord": "6",
        "SentimentPolarity": "0"
      },
      {
        "Aspect": "소재",
        "SentimentText": "밑바닥은 플라스틱이네요 알았으면 구입안했을듯",
        "SentimentWord": "4",
        "SentimentPolarity": "-1"
      },
      {
        "Aspect": "제품구성",
        "SentimentText": "설명부족으로 별2개 빼구요",
        "SentimentWord": "3",
        "SentimentPolarity": "-1"
      }
    ]
  },
  {
    "Index": "10075",
    "RawText": "제품 좋네요 작을까 걱정했는데.. 차렵이불 1개는 거든히 빨려서 만족해요 소음적고  편하고 좋네요 잘 쓰겠습니다 배송일 확인 못해서..기다리다 좀 지쳤어요ㅎㅎㅎ",
    "Source": "SNS",
    "Domain": "가전",
    "MainCategory": "생활/미용/욕실가전",
    "ProductName": "삼성 워블세탁기 16kg(WA16T6360TY)(라벤더그레이)",
    "ReviewScore": "100",
    "Syllable": "89",
    "Word": "19",
    "RDate": "20201013",
    "GeneralPolarity": "1",
    "Aspects": [
      {
        "Aspect": "사이즈",
        "SentimentText": "작을까 걱정했는데.. 차렵이불 1개는 거든히 빨려서 만족해요",
        "SentimentWord": "7",
        "SentimentPolarity": "1"
      },
      {
        "Aspect": "소음",
        "SentimentText": "소음적고  편하고 좋네요",
        "SentimentWord": "3",
        "SentimentPolarity": "1"
      },
      {
        "Aspect": "편의성",
        "SentimentText": "편하고 좋네요",
        "SentimentWord": "2",
        "SentimentPolarity": "1"
      }
    ]
  },
  {
    "Index": "10076",
    "RawText": "OO 건조기 좋은가격 넘넘좋아요 건조도 잘되서 좋고요   빨래에 먼지가 이리많은지 몰랏어요 완젼  인생템이예요  잘쓸께요~~^^          ",
    "Source": "SNS",
    "Domain": "가전",
    "MainCategory": "생활/미용/욕실가전",
    "ProductName": "삼성 전기건조기 9kg(블랙캐비어)_특화PGM",
    "ReviewScore": "100",
    "Syllable": "81",
    "Word": "14",
    "RDate": "20181118",
    "Aspects": [
      {
        "Aspect": "가격",
        "SentimentText": "OO 건조기 좋은가격 넘넘좋아요",
        "SentimentWord": "4",
        "SentimentPolarity": "1"
      },
      {
        "Aspect": "기능",
        "SentimentText": "건조도 잘되서 좋고요 빨래에 먼지가 이리많은지 몰랏어요",
        "SentimentWord": "7",
        "SentimentPolarity": "1"
      }
    ]
  },
  {
    "Index": "10077",
    "RawText": "착한 가격에 잘 구매했습니다. 건조기의 좋은 성능으로 보송보송해진 수건 덕에 행복합니다. 그동안 건조기를 모르고 살다가 써보니 먼지가 이렇게 많은 옷들을 입고 살았었나 싶네요. 설치도 잘 해주셔서 좋습니다.",
    "Source": "SNS",
    "Domain": "가전",
    "MainCategory": "생활/미용/욕실가전",
    "ProductName": "삼성 전기건조기 9kg(화이트)",
    "ReviewScore": "100",
    "Syllable": "115",
    "Word": "27",
    "RDate": "20181029",
    "Aspects": [
      {
        "Aspect": "가격",
        "SentimentText": "착한 가격에 잘 구매했습니다.",
        "SentimentWord": "4",
        "SentimentPolarity": "1"
      },
      {
        "Aspect": "기능",
        "SentimentText": "건조기의 좋은 성능으로 보송보송해진 수건 덕에 행복합니다.",
        "SentimentWord": "7",
        "SentimentPolarity": "1"
      }
    ]
  },
  {
    "Index": "10078",
    "RawText": "거실에 두었는데 소음도 적고 흰빨래 검은빨래 섞어서 건조해도 먼지다 털려 나오고 한마디로 굿입니다 빨래하고 건조하고 바로 접어서 정리되니 일도 줄고요 고민하지 마시고 사셔도 될듯요!",
    "Source": "SNS",
    "Domain": "가전",
    "MainCategory": "생활/미용/욕실가전",
    "ProductName": "삼성 전기건조기 9kg(화이트)",
    "ReviewScore": "100",
    "Syllable": "101",
    "Word": "24",
    "RDate": "20181229",
    "GeneralPolarity": "1",
    "Aspects": [
      {
        "Aspect": "소음",
        "SentimentText": "소음도 적고 ",
        "SentimentWord": "2",
        "SentimentPolarity": "1"
      },
      {
        "Aspect": "기능",
        "SentimentText": "흰빨래 검은빨래 섞어서 건조해도 먼지다 털려 나오고 한마디로 굿입니다",
        "SentimentWord": "9",
        "SentimentPolarity": "1"
      },
      {
        "Aspect": "편의성",
        "SentimentText": "빨래하고 건조하고 바로 접어서 정리되니 일도 줄고요 고민하지 마시고 사셔도 될듯요!",
        "SentimentWord": "11",
        "SentimentPolarity": "1"
      }
    ]
  },
  {
    "Index": "10080",
    "RawText": "상품  이미지는 무선으로 착각하게 되어있네요 유선이라 사용하는게 좀 불편할거같아요 그리고 잠깐 틀었는데 열이 꽤 뜨겁게 느껴져서 전기세도 과열도 좀 걱정되네요",
    "Source": "SNS",
    "Domain": "가전",
    "MainCategory": "생활/미용/욕실가전",
    "ProductName": "휴대용 다용도 옷걸이 건조기 제습기 HG-660DY",
    "ReviewScore": "50",
    "Syllable": "88",
    "Word": "20",
    "RDate": "20210617",
    "GeneralPolarity": "-1",
    "Aspects": [
      {
        "Aspect": "편의성",
        "SentimentText": "유선이라 사용하는게 좀 불편할거같아요",
        "SentimentWord": "4",
        "SentimentPolarity": "-1"
      },
      {
        "Aspect": "내구성",
        "SentimentText": "잠깐 틀었는데 열이 꽤 뜨겁게 느껴져서 전기세도 과열도 좀 걱정되네요",
        "SentimentWord": "10",
        "SentimentPolarity": "-1"
      }
    ]
  },
  {
    "Index": "10081",
    "RawText": "우선 사용하기 편해서 좋구 ᆞ나이드신 분들이나 ᆞ치아 약하신분들께 더욱 효과적입니다 잇몸마사지 부분도 거칠지 않아서 좋구요 ",
    "Source": "SNS",
    "Domain": "가전",
    "MainCategory": "생활/미용/욕실가전",
    "ProductName": "(TV) 스마트소닉 프로 음파칫솔 커플세트(2인)",
    "ReviewScore": "100",
    "Syllable": "69",
    "Word": "15",
    "RDate": "20190327",
    "GeneralPolarity": "1",
    "Aspects": [
      {
        "Aspect": "편의성",
        "SentimentText": "사용하기 편해서 좋구 ᆞ",
        "SentimentWord": "4",
        "SentimentPolarity": "1"
      },
      {
        "Aspect": "품질",
        "SentimentText": "잇몸마사지 부분도 거칠지 않아서 좋구요",
        "SentimentWord": "5",
        "SentimentPolarity": "1"
      }
    ]
  },
  {
    "Index": "10082",
    "RawText": "배송도 빨리와서 좋아요. 전동칫솔은 처음써보는거라 좋은지나쁜지는 아직잘모르겠는데 디자인도괜찮구 잘 닦이는거 같아 마음에 들어요 조금더 써봐야알겠지만 일단은 만족합니다!",
    "Source": "SNS",
    "Domain": "가전",
    "MainCategory": "생활/미용/욕실가전",
    "ProductName": "(TV) 스마트소닉 프로 음파칫솔 커플세트(2인)",
    "ReviewScore": "100",
    "Syllable": "93",
    "Word": "17",
    "RDate": "20190403",
    "Aspects": [
      {
        "Aspect": "디자인",
        "SentimentText": "디자인도괜찮구",
        "SentimentWord": "1",
        "SentimentPolarity": "1"
      },
      {
        "Aspect": "기능",
        "SentimentText": "잘 닦이는거 같아 마음에 들어요",
        "SentimentWord": "5",
        "SentimentPolarity": "1"
      }
    ]
  },
  {
    "Index": "10083",
    "RawText": "상품받았습니다.  생각보다 배송이 조금 늦어 기분별루였어여. 사용시 물줄기가 약하고 타는 냄새가 조금 나는거 같은데 걱정이네요. 일단 사용해보려고합니다.",
    "Source": "SNS",
    "Domain": "가전",
    "MainCategory": "생활/미용/욕실가전",
    "ProductName": "(TV_3만원할인) 노비타 비데 BD-SH600",
    "ReviewScore": "60",
    "Syllable": "85",
    "Word": "17",
    "RDate": "20190319",
    "Aspects": [
      {
        "Aspect": "기능",
        "SentimentText": "사용시 물줄기가 약하고",
        "SentimentWord": "3",
        "SentimentPolarity": "-1"
      },
      {
        "Aspect": "품질",
        "SentimentText": "타는 냄새가 조금 나는거 같은데 걱정이네요.",
        "SentimentWord": "6",
        "SentimentPolarity": "-1"
      }
    ]
  },
  {
    "Index": "10084",
    "RawText": "딸램이 응가하면 물티슈 반을 다 쓰네요 비데 설치하고 물티슈 조금 밖에 안써서 좋아요 설치 기사님도 친절해요 역시 ○○○ 이름값 하네요 만족해요~",
    "Source": "SNS",
    "Domain": "가전",
    "MainCategory": "생활/미용/욕실가전",
    "ProductName": "(TV_3만원할인) 노비타 비데 BD-SH600",
    "ReviewScore": "100",
    "Syllable": "81",
    "Word": "21",
    "RDate": "20190112",
    "Aspects": [
      {
        "Aspect": "편의성",
        "SentimentText": "비데 설치하고 물티슈 조금 밖에 안써서 좋아요",
        "SentimentWord": "7",
        "SentimentPolarity": "1"
      },
      {
        "Aspect": "제조일/제조사",
        "SentimentText": "역시 ○○○ 이름값 하네요 만족해요~",
        "SentimentWord": "5",
        "SentimentPolarity": "1"
      }
    ]
  },
  {
    "Index": "10085",
    "RawText": "배송도 빨라서 좋고 설치기사님도 친절하시고  제품 품질도 마음에 들어요 벽과 틈이 좁아 리모컨형 했는데 물청소도 편하고 깔끔하니 좋습니다 ",
    "Source": "SNS",
    "Domain": "가전",
    "MainCategory": "생활/미용/욕실가전",
    "ProductName": "(TV_3만원할인) 노비타 비데 BD-SH600",
    "ReviewScore": "100",
    "Syllable": "77",
    "Word": "18",
    "RDate": "20190427",
    "Aspects": [
      {
        "Aspect": "품질",
        "SentimentText": "제품 품질도 마음에 들어요",
        "SentimentWord": "4",
        "SentimentPolarity": "1"
      },
      {
        "Aspect": "편의성",
        "SentimentText": "벽과 틈이 좁아 리모컨형 했는데 물청소도 편하고 깔끔하니 좋습니다",
        "SentimentWord": "9",
        "SentimentPolarity": "1"
      }
    ]
  },
  {
    "Index": "10086",
    "RawText": "상품은 잘 받아 불편함이없어 잘 사용중인데 비데리모콘 부착부분이 약해서 향후 야연테이프가 떨어져 망가질거 처럼 엉성하네요 AS도겠죠?",
    "Source": "SNS",
    "Domain": "가전",
    "MainCategory": "생활/미용/욕실가전",
    "ProductName": "(TV_3만원할인) 노비타 비데 BD-SH600",
    "ReviewScore": "80",
    "Syllable": "74",
    "Word": "16",
    "RDate": "20190521",
    "Aspects": [
      {
        "Aspect": "편의성",
        "SentimentText": "상품은 잘 받아 불편함이없어 잘 사용중인데",
        "SentimentWord": "6",
        "SentimentPolarity": "1"
      },
      {
        "Aspect": "내구성",
        "SentimentText": "비데리모콘 부착부분이 약해서 향후 야연테이프가 떨어져 망가질거 처럼 엉성하네요",
        "SentimentWord": "9",
        "SentimentPolarity": "-1"
      }
    ]
  },
  {
    "Index": "10087",
    "RawText": "친절한 기사분덕에  무료체험써보고 구매하려했는데 친절함에 감사해서 반품안하고 잘쓰고있네요~간단한 메뉴얼이라 사용하기 편하고 강력한 세정이 맘에 들어요~!",
    "Source": "SNS",
    "Domain": "가전",
    "MainCategory": "생활/미용/욕실가전",
    "ProductName": "(TV_3만원할인) 노비타 비데 BD-SH600",
    "ReviewScore": "100",
    "Syllable": "85",
    "Word": "15",
    "RDate": "20190411",
    "Aspects": [
      {
        "Aspect": "편의성",
        "SentimentText": "간단한 메뉴얼이라 사용하기 편하고",
        "SentimentWord": "4",
        "SentimentPolarity": "1"
      },
      {
        "Aspect": "기능",
        "SentimentText": "강력한 세정이 맘에 들어요~!",
        "SentimentWord": "4",
        "SentimentPolarity": "1"
      }
    ]
  },
  {
    "Index": "10088",
    "RawText": "제가 써본 비데중에서 가장 좋네요 1. OO라는 브랜드라 믿고 구매 2. 리모컨이 별도로 벽에 부착되니 사용하기가 참 편리하네요",
    "Source": "SNS",
    "Domain": "가전",
    "MainCategory": "생활/미용/욕실가전",
    "ProductName": "(TV_3만원할인) 노비타 비데 BD-SH600",
    "ReviewScore": "100",
    "Syllable": "71",
    "Word": "18",
    "RDate": "20190909",
    "GeneralPolarity": "1",
    "Aspects": [
      {
        "Aspect": "제조일/제조사",
        "SentimentText": "OO라는 브랜드라 믿고 구매",
        "SentimentWord": "4",
        "SentimentPolarity": "1"
      },
      {
        "Aspect": "편의성",
        "SentimentText": "리모컨이 별도로 벽에 부착되니 사용하기가 참 편리하네요",
        "SentimentWord": "7",
        "SentimentPolarity": "1"
      }
    ]
  },
  {
    "Index": "10089",
    "RawText": "리모콘 컨트롤러가 있어서 청소하기 편하구요. 비데 옆쪽에 세정버튼이 있어서 편리하네요. 리모콘 쓸일이 없어요. 가격대비 반족합니다.",
    "Source": "SNS",
    "Domain": "가전",
    "MainCategory": "생활/미용/욕실가전",
    "ProductName": "(TV_3만원할인) 노비타 비데 BD-SH600",
    "ReviewScore": "100",
    "Syllable": "73",
    "Word": "15",
    "RDate": "20190214",
    "GeneralPolarity": "1",
    "Aspects": [
      {
        "Aspect": "제품구성",
        "SentimentText": "리모콘 컨트롤러가 있어서 청소하기 편하구요.",
        "SentimentWord": "5",
        "SentimentPolarity": "1"
      },
      {
        "Aspect": "조작성",
        "SentimentText": "비데 옆쪽에 세정버튼이 있어서 편리하네요.",
        "SentimentWord": "5",
        "SentimentPolarity": "1"
      },
      {
        "Aspect": "가격",
        "SentimentText": "가격대비 반족합니다.",
        "SentimentWord": "2",
        "SentimentPolarity": "1"
      }
    ]
  },
  {
    "Index": "10090",
    "RawText": "디자인 세련되고 깔끔해요 보통 리모컨 비데 비싸서 망설였는데 너무 좋은 가격에 잘 산것 같아서 좋네요 꼭 필요한 기능만 모안둔듯 가성비 갑이네요^^",
    "Source": "SNS",
    "Domain": "가전",
    "MainCategory": "생활/미용/욕실가전",
    "ProductName": "(TV_3만원할인) 노비타 비데 BD-SH600",
    "ReviewScore": "100",
    "Syllable": "82",
    "Word": "21",
    "RDate": "20190227",
    "GeneralPolarity": "1",
    "Aspects": [
      {
        "Aspect": "디자인",
        "SentimentText": "디자인 세련되고 깔끔해요",
        "SentimentWord": "3",
        "SentimentPolarity": "1"
      },
      {
        "Aspect": "가격",
        "SentimentText": "리모컨 비데 비싸서 망설였는데 너무 좋은 가격에 잘 산것 같아서 좋네요",
        "SentimentWord": "11",
        "SentimentPolarity": "1"
      },
      {
        "Aspect": "기능",
        "SentimentText": "꼭 필요한 기능만 모안둔듯 가성비 갑이네요^^",
        "SentimentWord": "6",
        "SentimentPolarity": "1"
      }
    ]
  },
  {
    "Index": "10091",
    "RawText": "설치기사님이 친절히 설치해주시고ㅎㅎ 가격대비 좋은 품질 구매해 좋습니다. 대박나세요 사이즈도 딱 좋네요 추가 두개 더 주문해서 시골 집에도 보냅니다",
    "Source": "SNS",
    "Domain": "가전",
    "MainCategory": "생활/미용/욕실가전",
    "ProductName": "(TV_3만원할인) 노비타 비데 BD-SH600",
    "ReviewScore": "100",
    "Syllable": "82",
    "Word": "19",
    "RDate": "20190423",
    "Aspects": [
      {
        "Aspect": "품질",
        "SentimentText": "가격대비 좋은 품질 구매해 좋습니다",
        "SentimentWord": "5",
        "SentimentPolarity": "1"
      },
      {
        "Aspect": "사이즈",
        "SentimentText": "사이즈도 딱 좋네요",
        "SentimentWord": "3",
        "SentimentPolarity": "1"
      }
    ]
  },
  {
    "Index": "10092",
    "RawText": "OOO 비데 신혼집에서도 설치하고 너무 좋아서 엄마집도 이걸로 햇는데 이번엔 언니집도 이걸로 바꿧어요!! 리모컨이 있어서 진짜 편해요!! 그리고 자동노즐세척이 가능해서 위생적이라 만족스러워요 ",
    "Source": "SNS",
    "Domain": "가전",
    "MainCategory": "생활/미용/욕실가전",
    "ProductName": "(TV_3만원할인) 노비타 비데 BD-SH600",
    "ReviewScore": "100",
    "Syllable": "107",
    "Word": "22",
    "RDate": "20190122",
    "GeneralPolarity": "1",
    "Aspects": [
      {
        "Aspect": "제품구성",
        "SentimentText": "리모컨이 있어서 진짜 편해요!!",
        "SentimentWord": "4",
        "SentimentPolarity": "1"
      },
      {
        "Aspect": "기능",
        "SentimentText": "자동노즐세척이 가능해서 위생적이라 만족스러워요",
        "SentimentWord": "4",
        "SentimentPolarity": "1"
      }
    ]
  },
  {
    "Index": "10093",
    "RawText": "설치기사님 완전 친절하시고 설명도 잘해주십니다 비데 디자인도 마음에 들어요 조금 얇으면서도 미니멈만 느낌이구요 깨끗하고 청결하게 잘 쓸 수 있는 비데입니다",
    "Source": "SNS",
    "Domain": "가전",
    "MainCategory": "생활/미용/욕실가전",
    "ProductName": "(TV_3만원할인) 노비타 비데 BD-SH600",
    "ReviewScore": "100",
    "Syllable": "86",
    "Word": "20",
    "RDate": "20190125",
    "Aspects": [
      {
        "Aspect": "디자인",
        "SentimentText": "비데 디자인도 마음에 들어요 조금 얇으면서도 미니멈만 느낌이구요",
        "SentimentWord": "8",
        "SentimentPolarity": "1"
      },
      {
        "Aspect": "기능",
        "SentimentText": "깨끗하고 청결하게 잘 쓸 수 있는 비데입니다",
        "SentimentWord": "7",
        "SentimentPolarity": "1"
      }
    ]
  },
  {
    "Index": "10094",
    "RawText": "OO비데사용해서이번에도주문했어요 상품의 고퀄리티 정말 굿이네요 기사님오셔서설치해주셨구요 비데사용해보니 깔끔하게... 성능 좋네요 추천합니다 ",
    "Source": "SNS",
    "Domain": "가전",
    "MainCategory": "생활/미용/욕실가전",
    "ProductName": "(TV_3만원할인) 노비타 비데 BD-SH600",
    "ReviewScore": "100",
    "Syllable": "78",
    "Word": "11",
    "RDate": "20190208",
    "Aspects": [
      {
        "Aspect": "품질",
        "SentimentText": "상품의 고퀄리티 정말 굿이네요",
        "SentimentWord": "4",
        "SentimentPolarity": "1"
      },
      {
        "Aspect": "기능",
        "SentimentText": "비데사용해보니 깔끔하게... 성능 좋네요",
        "SentimentWord": "4",
        "SentimentPolarity": "1"
      }
    ]
  },
  {
    "Index": "10095",
    "RawText": "할인해서 잘 샀어요. 설치해주시는분이 친절하게 설명도 잘해주시고 좋아요. 다만 리모컨이 양면테이프로 붙이는거라 저희집은 타일이 울퉁불퉁해서  글루건으로 힘들게 설치했네요.",
    "Source": "SNS",
    "Domain": "가전",
    "MainCategory": "생활/미용/욕실가전",
    "ProductName": "(TV_3만원할인) 노비타 비데 BD-SH600",
    "ReviewScore": "100",
    "Syllable": "95",
    "Word": "18",
    "RDate": "20190115",
    "Aspects": [
      {
        "Aspect": "가격",
        "SentimentText": "할인해서 잘 샀어요.",
        "SentimentWord": "3",
        "SentimentPolarity": "1"
      },
      {
        "Aspect": "조작성",
        "SentimentText": "다만 리모컨이 양면테이프로 붙이는거라 저희집은 타일이 울퉁불퉁해서 글루건으로 힘들게 설치했네요.",
        "SentimentWord": "10",
        "SentimentPolarity": "-1"
      }
    ]
  },
  {
    "Index": "10096",
    "RawText": "OOO 믿는 만큼 성능과 디자인에 만족합니다 특히 분리된 리모컨 편하네요 무상설치까지 해줘서 좋았습니다 하지만 배송과 설치가 기대만큼 빠르지 않습니다",
    "Source": "SNS",
    "Domain": "가전",
    "MainCategory": "생활/미용/욕실가전",
    "ProductName": "(TV_3만원할인) 노비타 비데 BD-SH600",
    "ReviewScore": "100",
    "Syllable": "83",
    "Word": "19",
    "RDate": "20190320",
    "Aspects": [
      {
        "Aspect": "디자인",
        "SentimentText": "디자인에 만족합니다",
        "SentimentWord": "2",
        "SentimentPolarity": "1"
      },
      {
        "Aspect": "편의성",
        "SentimentText": "특히 분리된 리모컨 편하네요",
        "SentimentWord": "4",
        "SentimentPolarity": "1"
      }
    ]
  },
  {
    "Index": "10097",
    "RawText": "거실엔 변기일체형이 있어서 작은 화장실에서 쓰려고 구매했습니다. 저렴한가격에 저정도면 만족니다. 다만 노즐 전후 움직임과 비데변좌크기가 좀 작네요",
    "Source": "SNS",
    "Domain": "가전",
    "MainCategory": "생활/미용/욕실가전",
    "ProductName": "(TV_3만원할인) 노비타 비데 BD-SH600",
    "ReviewScore": "80",
    "Syllable": "81",
    "Word": "17",
    "RDate": "20190406",
    "GeneralPolarity": "0",
    "Aspects": [
      {
        "Aspect": "가격",
        "SentimentText": "저렴한가격에 저정도면 만족니다. ",
        "SentimentWord": "3",
        "SentimentPolarity": "1"
      },
      {
        "Aspect": "기능",
        "SentimentText": "노즐 전후 움직임과 비데변좌크기가 좀 작네요",
        "SentimentWord": "6",
        "SentimentPolarity": "-1"
      },
      {
        "Aspect": "사이즈",
        "SentimentText": "비데변좌크기가 좀 작네요",
        "SentimentWord": "3",
        "SentimentPolarity": "-1"
      }
    ]
  },
  {
    "Index": "10098",
    "RawText": "친절하게설치해주셨어요. 안방엔 설치되어있지만,  아이들이 둘인데 아이들사용하게하게하려고 구입했고요 처음엔 무서워하더니, 지금은 사용을 스스로하네요 어린아이도 쉽게 작동할수있어 좋네요 물줄기가 쎄서 세정이 잘되서 넘 좋아요",
    "Source": "SNS",
    "Domain": "가전",
    "MainCategory": "생활/미용/욕실가전",
    "ProductName": "(TV_3만원할인) 노비타 비데 BD-SH600",
    "ReviewScore": "100",
    "Syllable": "123",
    "Word": "22",
    "RDate": "20190311",
    "Aspects": [
      {
        "Aspect": "기능",
        "SentimentText": "물줄기가 쎄서 세정이 잘되서 넘 좋아요",
        "SentimentWord": "6",
        "SentimentPolarity": "1"
      },
      {
        "Aspect": "조작성",
        "SentimentText": "어린아이도 쉽게 작동할수있어 좋네요",
        "SentimentWord": "4",
        "SentimentPolarity": "1"
      }
    ]
  },
  {
    "Index": "10099",
    "RawText": "비데를 O사썼었는데~물줄기가너무약하고 풀스텐리스가아니였는데 O O O 비데 물줄기 강하고 소재도 좋고 마음에듭니다^^ 소재도 좋고 마음에듭니다.^^ 리모컨도따로벽에부착되어있어서 청소하기편리합니다",
    "Source": "SNS",
    "Domain": "가전",
    "MainCategory": "생활/미용/욕실가전",
    "ProductName": "(TV_3만원할인) 노비타 비데 BD-SH600",
    "ReviewScore": "100",
    "Syllable": "108",
    "Word": "17",
    "RDate": "20190315",
    "GeneralPolarity": "1",
    "Aspects": [
      {
        "Aspect": "기능",
        "SentimentText": "O O O 비데 물줄기 강하고 소재도 좋고 마음에듭니다^^",
        "SentimentWord": "9",
        "SentimentPolarity": "1"
      },
      {
        "Aspect": "소재",
        "SentimentText": "소재도 좋고 마음에듭니다.^^",
        "SentimentWord": "3",
        "SentimentPolarity": "1"
      },
      {
        "Aspect": "편의성",
        "SentimentText": "리모컨도따로벽에부착되어있어서 청소하기편리합니다",
        "SentimentWord": "2",
        "SentimentPolarity": "1"
      }
    ]
  },
  {
    "Index": "10100",
    "RawText": "비데 좋다는 애기를 듣다가 OOO를 봤어요 넘 좋아요 너무크지도 작지도 않고 딱이예요 센서가 있어서 더욱 좋아요 강추합니다 가격대비 가성비 좋고요 설치해주신 기사분도 친절해서 좋았어요 ",
    "Source": "SNS",
    "Domain": "가전",
    "MainCategory": "생활/미용/욕실가전",
    "ProductName": "(TV_3만원할인) 노비타 비데 BD-SH600",
    "ReviewScore": "100",
    "Syllable": "103",
    "Word": "24",
    "RDate": "20190415",
    "Aspects": [
      {
        "Aspect": "사이즈",
        "SentimentText": "너무크지도 작지도 않고 딱이예요",
        "SentimentWord": "4",
        "SentimentPolarity": "1"
      },
      {
        "Aspect": "기능",
        "SentimentText": "센서가 있어서 더욱 좋아요 강추합니다",
        "SentimentWord": "5",
        "SentimentPolarity": "1"
      },
      {
        "Aspect": "가격",
        "SentimentText": "가격대비 가성비 좋고요",
        "SentimentWord": "3",
        "SentimentPolarity": "1"
      }
    ]
  },
  {
    "Index": "10101",
    "RawText": "가성비가좋은제품입니다 배송은  늦은편이나 기사님이직접설치하여편리했다 리모컨으로 콘트럴할수있어 편하고좋다 내주변에 친지들에게 소개할려고헌다 편하고 좋다^",
    "Source": "SNS",
    "Domain": "가전",
    "MainCategory": "생활/미용/욕실가전",
    "ProductName": "(TV_3만원할인) 노비타 비데 BD-SH600",
    "ReviewScore": "100",
    "Syllable": "84",
    "Word": "12",
    "RDate": "20190120",
    "Aspects": [
      {
        "Aspect": "가격",
        "SentimentText": "가성비가좋은제품입니다",
        "SentimentWord": "1",
        "SentimentPolarity": "1"
      },
      {
        "Aspect": "편의성",
        "SentimentText": "리모컨으로 콘트럴할수있어 편하고좋다",
        "SentimentWord": "3",
        "SentimentPolarity": "1"
      }
    ]
  },
  {
    "Index": "10102",
    "RawText": "제품도 기스하나 없어서 좋아요. 가격도 이정도면 준수하고. 설치도 빨리 해주시고. 쓰던거 회수 해주셔서 너무 좋네요 가성비 짱인듯. 다만 미리 연락이 좀 늦게 오니 참고 하세요. 3일안에 오니 좋네요",
    "Source": "SNS",
    "Domain": "가전",
    "MainCategory": "생활/미용/욕실가전",
    "ProductName": "(TV_3만원할인) 노비타 비데 BD-SH600",
    "ReviewScore": "100",
    "Syllable": "111",
    "Word": "28",
    "RDate": "20190207",
    "Aspects": [
      {
        "Aspect": "가격",
        "SentimentText": "가격도 이정도면 준수하고. ",
        "SentimentWord": "3",
        "SentimentPolarity": "1"
      },
      {
        "Aspect": "가격",
        "SentimentText": "가성비 짱인듯. ",
        "SentimentWord": "2",
        "SentimentPolarity": "1"
      },
      {
        "Aspect": "품질",
        "SentimentText": "제품도 기스하나 없어서 좋아요.",
        "SentimentWord": "4",
        "SentimentPolarity": "1"
      }
    ]
  },
  {
    "Index": "10103",
    "RawText": "디자인은 약간 저렴해 보여요. 비데 잘 되고 리모컨을 벽에 붙여 놓으니 사용하기 편해요. 설치기사님 친절하고 빠르게 설치해서 좋았고   ",
    "Source": "SNS",
    "Domain": "가전",
    "MainCategory": "생활/미용/욕실가전",
    "ProductName": "(TV_3만원할인) 노비타 비데 BD-SH600",
    "ReviewScore": "80",
    "Syllable": "76",
    "Word": "18",
    "RDate": "20190525",
    "Aspects": [
      {
        "Aspect": "디자인",
        "SentimentText": "디자인은 약간 저렴해 보여요.",
        "SentimentWord": "4",
        "SentimentPolarity": "-1"
      },
      {
        "Aspect": "편의성",
        "SentimentText": "리모컨을 벽에 붙여 놓으니 사용하기 편해요.",
        "SentimentWord": "6",
        "SentimentPolarity": "1"
      }
    ]
  },
  {
    "Index": "10104",
    "RawText": "방송보면서 장점 많은 비데라 생각했는데 가성비도 좋아서 정말 굿! 리모컨 방식이라 편하고 아이들 쓰기에도 좋네요. 설치 기사님도 친절하셔서 마무리까지 기분좋았어요! 만족합니다~",
    "Source": "SNS",
    "Domain": "가전",
    "MainCategory": "생활/미용/욕실가전",
    "ProductName": "(TV_3만원할인) 노비타 비데 BD-SH600",
    "ReviewScore": "100",
    "Syllable": "98",
    "Word": "21",
    "RDate": "20190503",
    "Aspects": [
      {
        "Aspect": "가격",
        "SentimentText": "방송보면서 장점 많은 비데라 생각했는데 가성비도 좋아서 정말 굿!",
        "SentimentWord": "9",
        "SentimentPolarity": "1"
      },
      {
        "Aspect": "편의성",
        "SentimentText": "리모컨 방식이라 편하고 아이들쓰기에도 좋네요.",
        "SentimentWord": "5",
        "SentimentPolarity": "1"
      }
    ]
  },
  {
    "Index": "10105",
    "RawText": "저희집 변기가 작은사이즈라 좀 크긴하지만 그래도 불편한점은 없구요..단 소독냄새가  일주일이 지난 지금도 나네요..특히 바람나올땐 더 심하구요..소독냄새가 날아가질 않는게 문제네요",
    "Source": "SNS",
    "Domain": "가전",
    "MainCategory": "생활/미용/욕실가전",
    "ProductName": "(TV_3만원할인) 노비타 비데 BD-SH600",
    "ReviewScore": "60",
    "Syllable": "100",
    "Word": "19",
    "RDate": "20190528",
    "Aspects": [
      {
        "Aspect": "사이즈",
        "SentimentText": "좀 크긴하지만 그래도 불편한점은 없구요..",
        "SentimentWord": "5",
        "SentimentPolarity": "0"
      },
      {
        "Aspect": "편의성",
        "SentimentText": "소독냄새가 날아가질 않는게 문제네요",
        "SentimentWord": "4",
        "SentimentPolarity": "-1"
      }
    ]
  },
  {
    "Index": "10106",
    "RawText": "비데 처음 설치해 보는건데 기사님도 친절하셔서 감사했어요. 디자인도 예쁜게 맘에 들어요 ㅎㅎ 아직 이사 전이라 사용은 안해봤지만 그냥 좋을 것 같아요!! 리모컨도 따로 있고 진짜 편할 듯 합니다\u003e_\u003c 좋으면 나중에 안방도 구매할게용ㅎㅎㅎㅎ",
    "Source": "SNS",
    "Domain": "가전",
    "MainCategory": "생활/미용/욕실가전",
    "ProductName": "(TV_3만원할인) 노비타 비데 BD-SH600",
    "ReviewScore": "100",
    "Syllable": "133",
    "Word": "32",
    "RDate": "20190429",
    "Aspects": [
      {
        "Aspect": "디자인",
        "SentimentText": "디자인도 예쁜게 맘에 들어요 ㅎㅎ",
        "SentimentWord": "5",
        "SentimentPolarity": "1"
      },
      {
        "Aspect": "편의성",
        "SentimentText": "리모컨도 따로 있고 진짜 편할 듯 합니다\u003e_\u003c ",
        "SentimentWord": "7",
        "SentimentPolarity": "1"
      }
    ]
  },
  {
    "Index": "10107",
    "RawText": "품질이 좋아서 다시 교체했어요.. 000비데 언제나 만족합니다. 설치기사님께서 친절히 설치해주시고 설명도 친절히 해주시네요",
    "Source": "SNS",
    "Domain": "가전",
    "MainCategory": "생활/미용/욕실가전",
    "ProductName": "(TV_3만원할인) 노비타 비데 BD-SH600+사은품",
    "ReviewScore": "100",
    "Syllable": "68",
    "Word": "13",
    "RDate": "20191126",
    "Aspects": [
      {
        "Aspect": "품질",
        "SentimentText": "품질이 좋아서 다시 교체했어요..",
        "SentimentWord": "4",
        "SentimentPolarity": "1"
      },
      {
        "Aspect": "제조일/제조사",
        "SentimentText": "000비데 언제나 만족합니다.",
        "SentimentWord": "3",
        "SentimentPolarity": "1"
      }
    ]
  },
  {
    "Index": "10108",
    "RawText": "깔끔하게 마무리도 안해주고 하여튼 설치 서비스는 빵점입니다 써보니 노즐 앞뒤조절이 안되는 점이 아쉽습니다 디자인은 깔끔해서 좋으네요",
    "Source": "SNS",
    "Domain": "가전",
    "MainCategory": "생활/미용/욕실가전",
    "ProductName": "(TV_3만원할인) 노비타 비데 BD-SH600+사은품",
    "ReviewScore": "80",
    "Syllable": "73",
    "Word": "16",
    "RDate": "20190925",
    "Aspects": [
      {
        "Aspect": "기능",
        "SentimentText": "써보니 노즐 앞뒤조절이 안되는 점이 아쉽습니다",
        "SentimentWord": "6",
        "SentimentPolarity": "-1"
      },
      {
        "Aspect": "디자인",
        "SentimentText": "디자인은 깔끔해서 좋으네요",
        "SentimentWord": "3",
        "SentimentPolarity": "1"
      }
    ]
  },
  {
    "Index": "10109",
    "RawText": "제품자체에는만족합니다  다만 앉는 부분이 성인이 쓰기엔 좀 작네요 배송이 많이 느려서 취소를 고민했는데ㅜㅜ 그냥 쓰기로했어요. 배송 20일이걸렸네요",
    "Source": "SNS",
    "Domain": "가전",
    "MainCategory": "생활/미용/욕실가전",
    "ProductName": "(TV_3만원할인) 노비타 비데 BD-SH600+사은품",
    "ReviewScore": "100",
    "Syllable": "82",
    "Word": "17",
    "RDate": "20201202",
    "Aspects": [
      {
        "Aspect": "품질",
        "SentimentText": "제품자체에는만족합니다 ",
        "SentimentWord": "1",
        "SentimentPolarity": "1"
      },
      {
        "Aspect": "디자인",
        "SentimentText": "다만 앉는 부분이 성인이 쓰기엔 좀 작네요",
        "SentimentWord": "7",
        "SentimentPolarity": "-1"
      }
    ]
  },
  {
    "Index": "10110",
    "RawText": "집에서 쓰던거 하나더 두려고 샀어요. 사이즈가 살짝 작은게 아쉽긴 하지만 전체적으로 만족해요 가성비가 좋아 신이나네요",
    "Source": "SNS",
    "Domain": "가전",
    "MainCategory": "생활/미용/욕실가전",
    "ProductName": "(TV_3만원할인) 노비타 비데 BD-SH600+사은품",
    "ReviewScore": "100",
    "Syllable": "65",
    "Word": "15",
    "RDate": "20210819",
    "Aspects": [
      {
        "Aspect": "사이즈",
        "SentimentText": "사이즈가 살짝 작은게 아쉽긴 하지만 전체적으로 만족해요",
        "SentimentWord": "7",
        "SentimentPolarity": "0"
      },
      {
        "Aspect": "가격",
        "SentimentText": "가성비가 좋아 신이나네요",
        "SentimentWord": "3",
        "SentimentPolarity": "1"
      }
    ]
  },
  {
    "Index": "10111",
    "RawText": "이전에 다른회사 제품을 썼었는데 비데의 수명이 영구적인줄 알았더니 5년 정도 지나면 교체하라고 해서 할인 받아 잘 구매했어요~~수압도 괜찮고 제품 잘 사용하고 있어요~~~",
    "Source": "SNS",
    "Domain": "가전",
    "MainCategory": "생활/미용/욕실가전",
    "ProductName": "(TV_3만원할인) 노비타 비데 BD-SH600+사은품",
    "ReviewScore": "100",
    "Syllable": "95",
    "Word": "22",
    "RDate": "20190807",
    "GeneralPolarity": "1",
    "Aspects": [
      {
        "Aspect": "가격",
        "SentimentText": "할인 받아 잘 구매했어요~~",
        "SentimentWord": "4",
        "SentimentPolarity": "1"
      },
      {
        "Aspect": "기능",
        "SentimentText": "수압도 괜찮고 제품 잘 사용하고 있어요~~~",
        "SentimentWord": "6",
        "SentimentPolarity": "1"
      }
    ]
  },
  {
    "Index": "10112",
    "RawText": "OO비데 정말좋아요. 비데고장나서  OO쇼핑에 마침 방송에해서 좋은가격에 편리하게 잘 샀네요. 기사님 빨리 설치해주셔서 감사합니다",
    "Source": "SNS",
    "Domain": "가전",
    "MainCategory": "생활/미용/욕실가전",
    "ProductName": "(TV_3만원할인) 노비타 비데 BD-SH600+사은품",
    "ReviewScore": "100",
    "Syllable": "72",
    "Word": "14",
    "RDate": "20190925",
    "Aspects": [
      {
        "Aspect": "가격",
        "SentimentText": "OO쇼핑에 마침 방송에해서 좋은가격에 편리하게 잘 샀네요.",
        "SentimentWord": "7",
        "SentimentPolarity": "1"
      },
      {
        "Aspect": "제조일/제조사",
        "SentimentText": "OO비데 정말좋아요.",
        "SentimentWord": "2",
        "SentimentPolarity": "1"
      }
    ]
  },
  {
    "Index": "10113",
    "RawText": "저번에 000 리모컨 전용 구입해서 써보니 좋아 또 구매 했습니다  생활방수가 되고  앉을때 걸리적거리는 것이 없어  좋아요 ",
    "Source": "SNS",
    "Domain": "가전",
    "MainCategory": "생활/미용/욕실가전",
    "ProductName": "(TV_3만원할인) 노비타 비데 BD-SH600+사은품",
    "ReviewScore": "100",
    "Syllable": "70",
    "Word": "17",
    "RDate": "20200812",
    "GeneralPolarity": "1",
    "Aspects": [
      {
        "Aspect": "기능",
        "SentimentText": "생활방수가 되고 ",
        "SentimentWord": "2",
        "SentimentPolarity": "1"
      },
      {
        "Aspect": "편의성",
        "SentimentText": "앉을때 걸리적거리는 것이 없어 좋아요",
        "SentimentWord": "5",
        "SentimentPolarity": "1"
      }
    ]
  },
  {
    "Index": "10114",
    "RawText": "기존 사용하고 있는데요 고장이 나서 재구매해야지 생각하는 중 티비쇼핑 보고 할인 떠서 바로 구매했어요 좋아요 설치도 잘 해주었고요 성능도 만족해요 감사합니다",
    "Source": "SNS",
    "Domain": "가전",
    "MainCategory": "생활/미용/욕실가전",
    "ProductName": "(TV_3만원할인) 노비타 비데 BD-SH600+사은품",
    "ReviewScore": "100",
    "Syllable": "87",
    "Word": "21",
    "RDate": "20190926",
    "Aspects": [
      {
        "Aspect": "가격",
        "SentimentText": "할인 떠서 바로 구매했어요 ",
        "SentimentWord": "4",
        "SentimentPolarity": "1"
      },
      {
        "Aspect": "기능",
        "SentimentText": "성능도 만족해요",
        "SentimentWord": "2",
        "SentimentPolarity": "1"
      }
    ]
  },
  {
    "Index": "10115",
    "RawText": "타 제품 3년 사용하다 모두 바꿨습니다 써보니 제품은 평이한데... 관리계약을 해 6개월에 한번 관리를 받는데 깨끗하게 관리가 잘 돼었으면 합니다 아이들이 깨끗해진다고 좋아하네요~~",
    "Source": "SNS",
    "Domain": "가전",
    "MainCategory": "생활/미용/욕실가전",
    "ProductName": "(TV_3만원할인) 노비타 비데 BD-SH600+사은품",
    "ReviewScore": "100",
    "Syllable": "101",
    "Word": "23",
    "RDate": "20190816",
    "GeneralPolarity": "1",
    "Aspects": [
      {
        "Aspect": "품질",
        "SentimentText": "써보니 제품은 평이한데...",
        "SentimentWord": "3",
        "SentimentPolarity": "0"
      },
      {
        "Aspect": "기능",
        "SentimentText": "아이들이 깨끗해진다고 좋아하네요~~",
        "SentimentWord": "3",
        "SentimentPolarity": "1"
      }
    ]
  },
  {
    "Index": "10116",
    "RawText": "사용하던 비데가 고장이나서 사려고했었는데 우연히 방송을 보고 구매했어요 저렴하게 잘 샀고요 설치도 빠르고 기사님도 친절하셨어요~ 기능도 정상 작동해요~",
    "Source": "SNS",
    "Domain": "가전",
    "MainCategory": "생활/미용/욕실가전",
    "ProductName": "(TV_3만원할인) 노비타 비데 BD-SH600+사은품",
    "ReviewScore": "100",
    "Syllable": "84",
    "Word": "18",
    "RDate": "20191118",
    "Aspects": [
      {
        "Aspect": "가격",
        "SentimentText": "저렴하게 잘 샀고요",
        "SentimentWord": "3",
        "SentimentPolarity": "1"
      },
      {
        "Aspect": "기능",
        "SentimentText": "기능도 정상 작동해요~",
        "SentimentWord": "3",
        "SentimentPolarity": "1"
      }
    ]
  },
  {
    "Index": "10117",
    "RawText": "좋은데 벽에 부착하는게 하루 지나니 떨어지네요 강력 밴드로 주변을 둘렀어요 그외에는 좋습니다 방수도 되서 세척하기 좋구요 ",
    "Source": "SNS",
    "Domain": "가전",
    "MainCategory": "생활/미용/욕실가전",
    "ProductName": "(TV_3만원할인) 노비타 비데 BD-SH600+사은품",
    "ReviewScore": "100",
    "Syllable": "68",
    "Word": "16",
    "RDate": "20210225",
    "GeneralPolarity": "0",
    "Aspects": [
      {
        "Aspect": "품질",
        "SentimentText": "좋은데 벽에 부착하는게 하루 지나니 떨어지네요",
        "SentimentWord": "6",
        "SentimentPolarity": "-1"
      },
      {
        "Aspect": "편의성",
        "SentimentText": "방수도 되서 세척하기 좋구요",
        "SentimentWord": "4",
        "SentimentPolarity": "1"
      }
    ]
  },
  {
    "Index": "10118",
    "RawText": "워낙 모델이 다양해서 한참을 알아보다 리모컨식으로 결정하고 제일 저렴해서 구입했어요. 친정 엄마가 사용하기가 이전보다 편리하다며 좋아하시네요",
    "Source": "SNS",
    "Domain": "가전",
    "MainCategory": "생활/미용/욕실가전",
    "ProductName": "(TV_3만원할인) 노비타 비데 BD-SH600+사은품",
    "ReviewScore": "100",
    "Syllable": "78",
    "Word": "16",
    "RDate": "20190725",
    "GeneralPolarity": "1",
    "Aspects": [
      {
        "Aspect": "가격",
        "SentimentText": "제일 저렴해서 구입했어요. ",
        "SentimentWord": "3",
        "SentimentPolarity": "1"
      },
      {
        "Aspect": "편의성",
        "SentimentText": "친정 엄마가 사용하기가 이전보다 편리하다며 좋아하시네요",
        "SentimentWord": "6",
        "SentimentPolarity": "1"
      }
    ]
  },
  {
    "Index": "10119",
    "RawText": "제품 마음에 안들어서 환불요청 하려고 전화했는데 전화는 안받고 1:1문의 답변도없고...  답답하네요. 소비자보호원에 전화까지 하였네요. 사이즈가 작아서 사용하기 불편해서 불만입니다. 할인 금액이라고 해서 구입했는데 가격 다운이 더 되서 마음이 씁슬하네요",
    "Source": "SNS",
    "Domain": "가전",
    "MainCategory": "생활/미용/욕실가전",
    "ProductName": "(TV_3만원할인) 노비타 비데 BD-SH600+사은품",
    "ReviewScore": "20",
    "Syllable": "142",
    "Word": "29",
    "RDate": "20191128",
    "Aspects": [
      {
        "Aspect": "사이즈",
        "SentimentText": "사이즈가 작아서 사용하기 불편해서 불만입니다.",
        "SentimentWord": "5",
        "SentimentPolarity": "-1"
      },
      {
        "Aspect": "가격",
        "SentimentText": "할인 금액이라고 해서 구입했는데 가격 다운이 더 되서 마음이 씁슬하네요",
        "SentimentWord": "10",
        "SentimentPolarity": "-1"
      }
    ]
  },
  {
    "Index": "10120",
    "RawText": "비대 변기사이즈가 큰거를 사용했던 분은 좀 작다고 느끼실수 있어요. 이건 변기사이즈 딱 맞게 나온거에요~~ 클린은 간편하구 깔끔하게 나왔네요",
    "Source": "SNS",
    "Domain": "가전",
    "MainCategory": "생활/미용/욕실가전",
    "ProductName": "(TV_3만원할인) 노비타 비데 BD-SH600+사은품",
    "ReviewScore": "100",
    "Syllable": "78",
    "Word": "18",
    "RDate": "20200217",
    "GeneralPolarity": "1",
    "Aspects": [
      {
        "Aspect": "사이즈",
        "SentimentText": "비대 변기사이즈가 큰거를 사용했던 분은 좀 작다고 느끼실수 있어요.",
        "SentimentWord": "9",
        "SentimentPolarity": "1"
      },
      {
        "Aspect": "기능",
        "SentimentText": "클린은 간편하구 깔끔하게 나왔네요",
        "SentimentWord": "4",
        "SentimentPolarity": "1"
      }
    ]
  },
  {
    "Index": "10121",
    "RawText": "비대가 오래되어 새로구입했는데 기능이 더좋아졌어요 특히 OOO는 정수필터가있어서 더상쾌한거 같아요 바람이 약한게 단점인거같아요",
    "Source": "SNS",
    "Domain": "가전",
    "MainCategory": "생활/미용/욕실가전",
    "ProductName": "(TV_3만원할인) 노비타 비데 BD-SH600+사은품",
    "ReviewScore": "100",
    "Syllable": "70",
    "Word": "13",
    "RDate": "20200116",
    "GeneralPolarity": "1",
    "Aspects": [
      {
        "Aspect": "기능",
        "SentimentText": "기능이 더좋아졌어요",
        "SentimentWord": "2",
        "SentimentPolarity": "1"
      },
      {
        "Aspect": "제품구성",
        "SentimentText": "정수필터가있어서 더상쾌한거 같아요",
        "SentimentWord": "3",
        "SentimentPolarity": "1"
      },
      {
        "Aspect": "기능",
        "SentimentText": "바람이 약한게 단점인거같아요",
        "SentimentWord": "3",
        "SentimentPolarity": "-1"
      }
    ]
  },
  {
    "Index": "10122",
    "RawText": "월래 비데는 사용한사람이면 꼭써야하는데 가격에 비해 가성비는 좋은것같습니다. 보안사항이 조금필요한부분은 물줄기를 상하로 이동할수있었으면 좋겠는데 아쉽네요.",
    "Source": "SNS",
    "Domain": "가전",
    "MainCategory": "생활/미용/욕실가전",
    "ProductName": "(TV_3만원할인) 노비타 비데 BD-SH600+사은품",
    "ReviewScore": "80",
    "Syllable": "86",
    "Word": "15",
    "RDate": "20190820",
    "GeneralPolarity": "0",
    "Aspects": [
      {
        "Aspect": "가격",
        "SentimentText": "가격에 비해 가성비는 좋은것같습니다.",
        "SentimentWord": "4",
        "SentimentPolarity": "1"
      },
      {
        "Aspect": "기능",
        "SentimentText": "물줄기를 상하로 이동할수있었으면 좋겠는데 아쉽네요.",
        "SentimentWord": "5",
        "SentimentPolarity": "-1"
      }
    ]
  },
  {
    "Index": "10123",
    "RawText": "전원주택 지어서 입주하고 첨 겨울을맞이했어요 욕실이 살짝추워서 따뜻한변좌가필요했는데 가격.성능.디자인 모두모두강추 OOO비데 정말 좋아요",
    "Source": "SNS",
    "Domain": "가전",
    "MainCategory": "생활/미용/욕실가전",
    "ProductName": "(TV_3만원할인) 노비타 비데 BD-SH600+사은품",
    "ReviewScore": "100",
    "Syllable": "76",
    "Word": "13",
    "RDate": "20210207",
    "GeneralPolarity": "1",
    "Aspects": [
      {
        "Aspect": "가격",
        "SentimentText": "가격.성능.디자인 모두모두강추",
        "SentimentWord": "2",
        "SentimentPolarity": "1"
      },
      {
        "Aspect": "기능",
        "SentimentText": "성능.디자인 모두모두강추",
        "SentimentWord": "2",
        "SentimentPolarity": "1"
      },
      {
        "Aspect": "디자인",
        "SentimentText": "디자인 모두모두강추",
        "SentimentWord": "2",
        "SentimentPolarity": "1"
      }
    ]
  },
  {
    "Index": "10124",
    "RawText": "OO제품쓰다가 안방 거실 두개 바꿨어요~ 일단 센스가 리모콘이 벽에붙는게 편리해서 매력있었고 쾌변코스가맘에들었고 단점이라면 사용했을때 느낌이 좀물살?! 물살이 좀거칠어서 불편해요 하여튼 잘 사용할께요~~",
    "Source": "SNS",
    "Domain": "가전",
    "MainCategory": "생활/미용/욕실가전",
    "ProductName": "(TV_3만원할인) 노비타 비데 BD-SH600+사은품",
    "ReviewScore": "100",
    "Syllable": "113",
    "Word": "22",
    "RDate": "20190714",
    "GeneralPolarity": "0",
    "Aspects": [
      {
        "Aspect": "조작성",
        "SentimentText": "리모콘이 벽에붙는게 편리해서 매력있었고",
        "SentimentWord": "4",
        "SentimentPolarity": "1"
      },
      {
        "Aspect": "기능",
        "SentimentText": "쾌변코스가맘에들었고",
        "SentimentWord": "1",
        "SentimentPolarity": "1"
      },
      {
        "Aspect": "품질",
        "SentimentText": "사용했을때 느낌이 좀물살?! 물살이 좀거칠어서 불편해요",
        "SentimentWord": "6",
        "SentimentPolarity": "-1"
      }
    ]
  },
  {
    "Index": "10125",
    "RawText": "기존에 렌탈로 계속 써오다 케어도 뭐 특별한것도 없어서 구매하기로 해서 설치받아 써보니 개운하니 좋네요~필터만 4개월에 한 번 갈아주면되고 중간중간에 청소만 잘해주면 렌탈보다 저렴하니~~아주 만족합니다~잘 써볼께여",
    "Source": "SNS",
    "Domain": "가전",
    "MainCategory": "생활/미용/욕실가전",
    "ProductName": "(TV_3만원할인) 노비타 비데 BD-SH600+사은품",
    "ReviewScore": "100",
    "Syllable": "119",
    "Word": "25",
    "RDate": "20210107",
    "GeneralPolarity": "1",
    "Aspects": [
      {
        "Aspect": "기능",
        "SentimentText": "설치받아 써보니 개운하니 좋네요~",
        "SentimentWord": "4",
        "SentimentPolarity": "1"
      },
      {
        "Aspect": "가격",
        "SentimentText": "렌탈보다 저렴하니~~아주 만족합니다~",
        "SentimentWord": "3",
        "SentimentPolarity": "1"
      }
    ]
  },
  {
    "Index": "10126",
    "RawText": "리모콘으로 사용하니까 편리하고  좋아요^^ 그런데 00앤 00에서 4만원이상 저렴한것이 나왔네요ㅜㅜ ",
    "Source": "SNS",
    "Domain": "가전",
    "MainCategory": "생활/미용/욕실가전",
    "ProductName": "(TV_3만원할인_단품) 노비타 리모컨형 비데 / 뉴 콤팩트 플러스 (BD-SH630)",
    "ReviewScore": "100",
    "Syllable": "56",
    "Word": "10",
    "RDate": "20211122",
    "GeneralPolarity": "0",
    "Aspects": [
      {
        "Aspect": "제품구성",
        "SentimentText": "리모콘으로 사용하니까 편리하고  좋아요^^",
        "SentimentWord": "4",
        "SentimentPolarity": "1"
      },
      {
        "Aspect": "편의성",
        "SentimentText": " 편리하고  좋아요^^ ",
        "SentimentWord": "2",
        "SentimentPolarity": "1"
      },
      {
        "Aspect": "가격",
        "SentimentText": "그런데 00앤 00에서 4만원이상 저렴한것이 나왔네요ㅜㅜ",
        "SentimentWord": "6",
        "SentimentPolarity": "-1"
      }
    ]
  },
  {
    "Index": "10127",
    "RawText": "○○○ 제품 유명해서 믿고 부모님께  선물로 보내드렸습니다.설치까지 친절하게 해주시고^^ 버튼을 옆벽에  달아두셔서 사용이 편하다고 좋아하시네요",
    "Source": "SNS",
    "Domain": "가전",
    "MainCategory": "생활/미용/욕실가전",
    "ProductName": "(TV_3만원할인_단품) 노비타 리모컨형 비데 / 뉴 콤팩트 플러스 (BD-SH630)",
    "ReviewScore": "100",
    "Syllable": "80",
    "Word": "15",
    "RDate": "20220102",
    "Aspects": [
      {
        "Aspect": "제조일/제조사",
        "SentimentText": "○○○ 제품 유명해서 믿고",
        "SentimentWord": "4",
        "SentimentPolarity": "1"
      },
      {
        "Aspect": "편의성",
        "SentimentText": "버튼을 옆벽에  달아두셔서 사용이 편하다고 좋아하시네요",
        "SentimentWord": "6",
        "SentimentPolarity": "1"
      }
    ]
  },
  {
    "Index": "10128",
    "RawText": "기존 비데에 키즈기능이 없어서 손주녀석들 때문에 새로 바꿨는데 좋습니다.  어린 손주들이 혼자 사용 가능하니 좋아합니다.",
    "Source": "SNS",
    "Domain": "가전",
    "MainCategory": "생활/미용/욕실가전",
    "ProductName": "(TV_3만원할인_단품) 노비타 리모컨형 비데 / 뉴 콤팩트 플러스 (BD-SH630)",
    "ReviewScore": "100",
    "Syllable": "67",
    "Word": "15",
    "RDate": "20211123",
    "GeneralPolarity": "1",
    "Aspects": [
      {
        "Aspect": "기능",
        "SentimentText": "기존 비데에 키즈기능이 없어서 손주녀석들 때문에 새로 바꿨는데 좋습니다 ",
        "SentimentWord": "9",
        "SentimentPolarity": "1"
      },
      {
        "Aspect": "조작성",
        "SentimentText": "어린 손주들이 혼자 사용 가능하니 좋아합니다.",
        "SentimentWord": "6",
        "SentimentPolarity": "1"
      }
    ]
  },
  {
    "Index": "10129",
    "RawText": "상품을써보니 기능이 좋아서 언 니한테선물 로보내주었네요 설치도꼼꼼 하게 해주시고친절하시고 사용하기도 편하다고 하네요~^^",
    "Source": "SNS",
    "Domain": "가전",
    "MainCategory": "생활/미용/욕실가전",
    "ProductName": "(TV_3만원할인_단품) 노비타 리모컨형 비데 / 뉴 콤팩트 플러스 (BD-SH630)",
    "ReviewScore": "80",
    "Syllable": "67",
    "Word": "12",
    "RDate": "20210907",
    "Aspects": [
      {
        "Aspect": "기능",
        "SentimentText": "상품을써보니 기능이 좋아서",
        "SentimentWord": "3",
        "SentimentPolarity": "1"
      },
      {
        "Aspect": "편의성",
        "SentimentText": "사용하기도 편하다고 하네요~^^",
        "SentimentWord": "3",
        "SentimentPolarity": "1"
      }
    ]
  },
  {
    "Index": "10130",
    "RawText": "최신기종을 구입해서 신이나요 너무저렴하게잘산것같아요~ 배송도빠르고.기사님도친절하시네요 편리하게잘사용하고있습니다.디자인도깔끔하니좋아요",
    "Source": "SNS",
    "Domain": "가전",
    "MainCategory": "생활/미용/욕실가전",
    "ProductName": "(TV_3만원할인_단품) 노비타 리모컨형 비데 / 뉴 콤팩트 플러스 (BD-SH630)",
    "ReviewScore": "100",
    "Syllable": "73",
    "Word": "6",
    "RDate": "20211002",
    "Aspects": [
      {
        "Aspect": "제조일/제조사",
        "SentimentText": "최신기종을 구입해서 신이나요",
        "SentimentWord": "3",
        "SentimentPolarity": "1"
      },
      {
        "Aspect": "가격",
        "SentimentText": "너무저렴하게잘산것같아요~",
        "SentimentWord": "1",
        "SentimentPolarity": "1"
      },
      {
        "Aspect": "편의성",
        "SentimentText": "편리하게잘사용하고있습니다.",
        "SentimentWord": "1",
        "SentimentPolarity": "1"
      },
      {
        "Aspect": "디자인",
        "SentimentText": "디자인도깔끔하니좋아요",
        "SentimentWord": "1",
        "SentimentPolarity": "1"
      }
    ]
  },
  {
    "Index": "10131",
    "RawText": "15년전에 사용하였다가  참 오랜만에  주문해서 사용하고 있어요  가격데비 넘 좋아요 조작도 쉬워서 주위에 사용하는 분들이 의외로 많아요",
    "Source": "SNS",
    "Domain": "가전",
    "MainCategory": "생활/미용/욕실가전",
    "ProductName": "(TV_3만원할인_단품) 노비타 리모컨형 비데 / 뉴 콤팩트 플러스 (BD-SH630)",
    "ReviewScore": "100",
    "Syllable": "76",
    "Word": "17",
    "RDate": "20211211",
    "GeneralPolarity": "1",
    "Aspects": [
      {
        "Aspect": "가격",
        "SentimentText": "가격데비 넘 좋아요",
        "SentimentWord": "3",
        "SentimentPolarity": "1"
      },
      {
        "Aspect": "조작성",
        "SentimentText": "조작도 쉬워서 주위에 사용하는 분들이 의외로 많아요",
        "SentimentWord": "7",
        "SentimentPolarity": "1"
      }
    ]
  },
  {
    "Index": "10132",
    "RawText": "상품은 물도 잘나오고 좋아요 하지만 싸게산것같지 않아서 좀 그러네요.... 설치기사님 이랑 시간이 맞지않아 그냥 제가 설치했어요 설치비가 포함이라 비싸게 주고 샀나봐요 ㅜㅜ",
    "Source": "SNS",
    "Domain": "가전",
    "MainCategory": "생활/미용/욕실가전",
    "ProductName": "(TV_3만원할인_단품) 노비타 리모컨형 비데 / 뉴 콤팩트 플러스 (BD-SH630)",
    "ReviewScore": "100",
    "Syllable": "96",
    "Word": "22",
    "RDate": "20220219",
    "GeneralPolarity": "-1",
    "Aspects": [
      {
        "Aspect": "기능",
        "SentimentText": "상품은 물도 잘나오고 좋아요",
        "SentimentWord": "4",
        "SentimentPolarity": "1"
      },
      {
        "Aspect": "가격",
        "SentimentText": "싸게산것같지 않아서 좀 그러네요.... ",
        "SentimentWord": "4",
        "SentimentPolarity": "-1"
      },
      {
        "Aspect": "가격",
        "SentimentText": "설치비가 포함이라 비싸게 주고 샀나봐요 ㅜㅜ",
        "SentimentWord": "6",
        "SentimentPolarity": "-1"
      }
    ]
  },
  {
    "Index": "10133",
    "RawText": "사용하면서 느끼는건데 노즐 조절 못하는게 불편해요 전체적인 상품의 퀄리티는 만족해요",
    "Source": "SNS",
    "Domain": "가전",
    "MainCategory": "생활/미용/욕실가전",
    "ProductName": "(TV_3만원할인_단품) 노비타 리모컨형 비데 / 뉴 콤팩트 플러스 (BD-SH630)",
    "ReviewScore": "40",
    "Syllable": "46",
    "Word": "10",
    "RDate": "20211201",
    "Aspects": [
      {
        "Aspect": "기능",
        "SentimentText": "노즐 조절 못하는게 불편해요",
        "SentimentWord": "4",
        "SentimentPolarity": "-1"
      },
      {
        "Aspect": "품질",
        "SentimentText": "전체적인 상품의 퀄리티는 만족해요",
        "SentimentWord": "4",
        "SentimentPolarity": "1"
      }
    ]
  },
  {
    "Index": "10134",
    "RawText": "좋은가격에 구매했구요 기존에 쓰던 제품은 변좌에 터치판이 붙어있었는데 OOO이제품은 벽걸이라 변좌세척할때 물 좍좍뿌릴수 있어서 너무 좋아요",
    "Source": "SNS",
    "Domain": "가전",
    "MainCategory": "생활/미용/욕실가전",
    "ProductName": "(TV_3만원할인_단품) 노비타 리모컨형 비데 / 뉴 콤팩트 플러스 (BD-SH630)",
    "ReviewScore": "100",
    "Syllable": "77",
    "Word": "16",
    "RDate": "20211211",
    "GeneralPolarity": "1",
    "Aspects": [
      {
        "Aspect": "가격",
        "SentimentText": "좋은가격에 구매했구요",
        "SentimentWord": "2",
        "SentimentPolarity": "1"
      },
      {
        "Aspect": "편의성",
        "SentimentText": "변좌세척할때 물 좍좍뿌릴수 있어서 너무 좋아요",
        "SentimentWord": "6",
        "SentimentPolarity": "1"
      }
    ]
  },
  {
    "Index": "10135",
    "RawText": "전에 쓰던 비데가 습기에 약해서 자주 부품을 갈게되어  불편했는데 바꿀 기회를 찾던중  바꾸게 되었는데 잘 산듯 합니다.  가성비 너무 좋아요  원하는 자리에 조작버튼도 할수있구요 편리합니다.",
    "Source": "SNS",
    "Domain": "가전",
    "MainCategory": "생활/미용/욕실가전",
    "ProductName": "(TV_3만원할인_단품) 노비타 리모컨형 비데 / 뉴 콤팩트 플러스 (BD-SH630)",
    "ReviewScore": "100",
    "Syllable": "107",
    "Word": "25",
    "RDate": "20220124",
    "Aspects": [
      {
        "Aspect": "가격",
        "SentimentText": "가성비 너무 좋아요 ",
        "SentimentWord": "3",
        "SentimentPolarity": "1"
      },
      {
        "Aspect": "조작성",
        "SentimentText": "원하는 자리에 조작버튼도 할수있구요 편리합니다.",
        "SentimentWord": "5",
        "SentimentPolarity": "1"
      }
    ]
  },
  {
    "Index": "10136",
    "RawText": "세일해서 잘 구매했습니다 디자인도 심플하니 좋습니다",
    "Source": "SNS",
    "Domain": "가전",
    "MainCategory": "생활/미용/욕실가전",
    "ProductName": "(TV_3만원할인_단품) 노비타 리모컨형 비데 / 뉴 콤팩트 플러스 (BD-SH630)",
    "ReviewScore": "100",
    "Syllable": "28",
    "Word": "6",
    "RDate": "20211017",
    "Aspects": [
      {
        "Aspect": "가격",
        "SentimentText": "세일해서 잘 구매했습니다",
        "SentimentWord": "3",
        "SentimentPolarity": "1"
      },
      {
        "Aspect": "디자인",
        "SentimentText": "디자인도 심플하니 좋습니다",
        "SentimentWord": "3",
        "SentimentPolarity": "1"
      }
    ]
  },
  {
    "Index": "10137",
    "RawText": "기존에 잘쓰던거라 재구매를 했네요  전에쓰던거보다 건전지를 사용해 더좋아진거같네요 전원코드선이 짧아서 불편한건흠이네요 다음번엔 좀길게해주면 좋겠네요",
    "Source": "SNS",
    "Domain": "가전",
    "MainCategory": "생활/미용/욕실가전",
    "ProductName": "(TV_3만원할인_단품) 노비타 리모컨형 비데 / 뉴 콤팩트 플러스 (BD-SH630)",
    "ReviewScore": "60",
    "Syllable": "82",
    "Word": "14",
    "RDate": "20220129",
    "Aspects": [
      {
        "Aspect": "제품구성",
        "SentimentText": "건전지를 사용해 더좋아진거같네요",
        "SentimentWord": "3",
        "SentimentPolarity": "1"
      },
      {
        "Aspect": "사이즈",
        "SentimentText": "전원코드선이 짧아서 불편한건흠이네요",
        "SentimentWord": "3",
        "SentimentPolarity": "-1"
      }
    ]
  },
  {
    "Index": "10138",
    "RawText": "거실 화장실에 OOO 비데를 사용하고 있어서 안방  화장실에도 OOO 비데로 바꾸고 싶었는데 마침 00쇼핑에서 좋은 가격에 판매를 해서 구매했는데 가격대비 아주 만족합니다!",
    "Source": "SNS",
    "Domain": "가전",
    "MainCategory": "생활/미용/욕실가전",
    "ProductName": "(TV_3만원할인_단품) 노비타 리모컨형 비데 / 뉴 콤팩트 플러스 (BD-SH630)",
    "ReviewScore": "100",
    "Syllable": "96",
    "Word": "22",
    "RDate": "20211229",
    "Aspects": [
      {
        "Aspect": "가격",
        "SentimentText": "마침 00쇼핑에서 좋은 가격에 판매를 해서",
        "SentimentWord": "6",
        "SentimentPolarity": "1"
      },
      {
        "Aspect": "가격",
        "SentimentText": "구매했는데 가격대비 아주 만족합니다!",
        "SentimentWord": "4",
        "SentimentPolarity": "1"
      }
    ]
  },
  {
    "Index": "10139",
    "RawText": "겨울이 되니 좌변기가  차가웠는데 따뜻하니 좋습니다 비록 호텔식과 달라 물 내림이 자동이 되지 않치만ㅠㅠ 따뜻한 걸로 만족해야겠네요^^ 가격은 저렴만 것은 아닌것 같습니다",
    "Source": "SNS",
    "Domain": "가전",
    "MainCategory": "생활/미용/욕실가전",
    "ProductName": "(TV_3만원할인_단품) 노비타 리모컨형 비데 / 뉴 콤팩트 플러스 (BD-SH630)",
    "ReviewScore": "100",
    "Syllable": "95",
    "Word": "22",
    "RDate": "20211120",
    "GeneralPolarity": "0",
    "Aspects": [
      {
        "Aspect": "기능",
        "SentimentText": "겨울이 되니 좌변기가  차가웠는데 따뜻하니 좋습니다",
        "SentimentWord": "6",
        "SentimentPolarity": "1"
      },
      {
        "Aspect": "기능",
        "SentimentText": "비록 호텔식과 달라 물 내림이 자동이 되지 않치만ㅠㅠ",
        "SentimentWord": "8",
        "SentimentPolarity": "-1"
      },
      {
        "Aspect": "기능",
        "SentimentText": "따뜻한 걸로 만족해야겠네요^^",
        "SentimentWord": "3",
        "SentimentPolarity": "1"
      },
      {
        "Aspect": "가격",
        "SentimentText": "가격은 저렴만 것은 아닌것 같습니다",
        "SentimentWord": "5",
        "SentimentPolarity": "0"
      }
    ]
  },
  {
    "Index": "10140",
    "RawText": "인지도 믿고 주문했는데 방문사전  전화도 미리해주시고 설치기사님 친절하시고  사용방법도 자세히 알려주셔서 좋았어요. 여기 저기 비교하고 싸게 구입해서 더욱 만족합니다 비데 작동하는 거 조작하는게 어렵지 않네요",
    "Source": "SNS",
    "Domain": "가전",
    "MainCategory": "생활/미용/욕실가전",
    "ProductName": "(TV_3만원할인_단품) 노비타 리모컨형 비데 / 뉴 콤팩트 플러스 (BD-SH630)",
    "ReviewScore": "100",
    "Syllable": "116",
    "Word": "25",
    "RDate": "20211130",
    "Aspects": [
      {
        "Aspect": "가격",
        "SentimentText": "여기 저기 비교하고 싸게 구입해서 더욱 만족합니다",
        "SentimentWord": "7",
        "SentimentPolarity": "1"
      },
      {
        "Aspect": "조작성",
        "SentimentText": "비데 작동하는 거 조작하는게 어렵지 않네요",
        "SentimentWord": "6",
        "SentimentPolarity": "1"
      }
    ]
  },
  {
    "Index": "10142",
    "RawText": "외관은 깔금하고 좋습니다. 불편한 점은 모든 기능이 리모컨으로 동작이  되나 리모컨이 고장나면 사용이 어려울 것 같네요. 수동으로 작동할 수 있는 스위치가 있었으면 좋겠네요.",
    "Source": "SNS",
    "Domain": "가전",
    "MainCategory": "생활/미용/욕실가전",
    "ProductName": "(TV_3만원할인_단품) 노비타 리모컨형 비데 / 뉴 콤팩트 플러스 (BD-SH630)",
    "ReviewScore": "90",
    "Syllable": "97",
    "Word": "23",
    "RDate": "20211117",
    "GeneralPolarity": "0",
    "Aspects": [
      {
        "Aspect": "디자인",
        "SentimentText": "외관은 깔금하고 좋습니다.",
        "SentimentWord": "3",
        "SentimentPolarity": "1"
      },
      {
        "Aspect": "제품구성",
        "SentimentText": "불편한 점은 모든 기능이 리모컨으로 동작이  되나 리모컨이 고장나면 사용이 어려울 것 같네요",
        "SentimentWord": "13",
        "SentimentPolarity": "-1"
      }
    ]
  },
  {
    "Index": "10143",
    "RawText": "변기 사이즈가 어른이 사용하기엔 작아요...물줄기도 약하구요...",
    "Source": "SNS",
    "Domain": "가전",
    "MainCategory": "생활/미용/욕실가전",
    "ProductName": "(TV_3만원할인_단품) 노비타 리모컨형 비데 / 뉴 콤팩트 플러스 (BD-SH630)",
    "ReviewScore": "60",
    "Syllable": "36",
    "Word": "6",
    "RDate": "20210723",
    "Aspects": [
      {
        "Aspect": "사이즈",
        "SentimentText": "변기 사이즈가 어른이 사용하기엔 작아요...",
        "SentimentWord": "5",
        "SentimentPolarity": "-1"
      },
      {
        "Aspect": "기능",
        "SentimentText": "물줄기도 약하구요...",
        "SentimentWord": "2",
        "SentimentPolarity": "-1"
      }
    ]
  },
  {
    "Index": "10144",
    "RawText": "설치가 늦는다고 했는데 빨리 설치해주셔서 좋았습니다 기존에 없던 쾌변 기능이 있어서 좋아요 내가 변비가 심해 비데 없이 볼일을 못보는데  쾌변기능 도움이 많이 보네요  리모콘이 있어서 편리하네요 아주 좋아요",
    "Source": "SNS",
    "Domain": "가전",
    "MainCategory": "생활/미용/욕실가전",
    "ProductName": "(TV_3만원할인_단품) 노비타 리모컨형 비데 / 뉴 콤팩트 플러스 (BD-SH630)",
    "ReviewScore": "100",
    "Syllable": "115",
    "Word": "28",
    "RDate": "20211120",
    "Aspects": [
      {
        "Aspect": "기능",
        "SentimentText": "쾌변 기능이 있어서 좋아요",
        "SentimentWord": "4",
        "SentimentPolarity": "1"
      },
      {
        "Aspect": "편의성",
        "SentimentText": "리모콘이 있어서 편리하네요",
        "SentimentWord": "3",
        "SentimentPolarity": "1"
      }
    ]
  },
  {
    "Index": "10146",
    "RawText": "OOO만 3개째 사용중인데 작동이 편리해서 좋아요 비데없인 못살아요 ㅎㅎ 리모컨조작이  따로 분리되어 있어 물 청소시 너무너무 편리 합니다 깔끔하고 걸리는거 하나없이 잘사용하고 있네요",
    "Source": "SNS",
    "Domain": "가전",
    "MainCategory": "생활/미용/욕실가전",
    "ProductName": "(TV_3만원할인_단품) 노비타 리모컨형 비데 / 뉴 콤팩트 플러스 (BD-SH630)",
    "ReviewScore": "80",
    "Syllable": "102",
    "Word": "23",
    "RDate": "20220108",
    "GeneralPolarity": "1",
    "Aspects": [
      {
        "Aspect": "조작성",
        "SentimentText": "작동이 편리해서 좋아요",
        "SentimentWord": "3",
        "SentimentPolarity": "1"
      },
      {
        "Aspect": "편의성",
        "SentimentText": "물 청소시 너무너무 편리 합니다",
        "SentimentWord": "5",
        "SentimentPolarity": "1"
      },
      {
        "Aspect": "품질",
        "SentimentText": "깔끔하고 걸리는거 하나없이 잘사용하고 있네요",
        "SentimentWord": "5",
        "SentimentPolarity": "1"
      }
    ]
  },
  {
    "Index": "10147",
    "RawText": "배송이 너무 느렸어요ㅜㅜ 해피콜3일이라 했는데 오지도 않았고 설치까지 10일이 넘게 걸렸네요.. 사이즈가 조금 작은감이 없지않습니다~ 비데기능은 좋습니다~",
    "Source": "SNS",
    "Domain": "가전",
    "MainCategory": "생활/미용/욕실가전",
    "ProductName": "(TV_3만원할인_단품) 노비타 리모컨형 비데 / 뉴 콤팩트 플러스 (BD-SH630)",
    "ReviewScore": "60",
    "Syllable": "86",
    "Word": "17",
    "RDate": "20211021",
    "Aspects": [
      {
        "Aspect": "사이즈",
        "SentimentText": "사이즈가 조금 작은감이 없지않습니다~",
        "SentimentWord": "4",
        "SentimentPolarity": "-1"
      },
      {
        "Aspect": "기능",
        "SentimentText": "비데기능은 좋습니다~",
        "SentimentWord": "2",
        "SentimentPolarity": "1"
      }
    ]
  },
  {
    "Index": "10148",
    "RawText": "변비가 심해서 제품선택이 힘들었는데 무료체험땜에 샀어요.사용해보고 선택할려고요. 다행이 쾌변기능 좋고 리모콘이라 청소하기도 편해서 좋겠어요.맘에듭니다. 설치하는데는일주일 걸렸습니다.",
    "Source": "SNS",
    "Domain": "가전",
    "MainCategory": "생활/미용/욕실가전",
    "ProductName": "(TV_3만원할인_단품) 노비타 리모컨형 비데 / 뉴 콤팩트 플러스 (BD-SH630)",
    "ReviewScore": "100",
    "Syllable": "101",
    "Word": "16",
    "RDate": "20211228",
    "GeneralPolarity": "1",
    "Aspects": [
      {
        "Aspect": "기능",
        "SentimentText": "쾌변기능 좋고",
        "SentimentWord": "2",
        "SentimentPolarity": "1"
      },
      {
        "Aspect": "편의성",
        "SentimentText": "리모콘이라 청소하기도 편해서 좋겠어요.맘에듭니다.",
        "SentimentWord": "4",
        "SentimentPolarity": "1"
      }
    ]
  },
  {
    "Index": "10149",
    "RawText": "저렴한 가격에 2개라니요.  가성비 굿~기존 쓰던 제품 교체후 편리하게 잘 사용중입니다. 조작부가 별도로 되어 있어 청소시 불편하지 않아요.",
    "Source": "SNS",
    "Domain": "가전",
    "MainCategory": "생활/미용/욕실가전",
    "ProductName": "(TV_6만원할인_더블) 노비타 리모컨형 비데 /뉴 콤팩트 플러스 (BD-SH630)(1+1)",
    "ReviewScore": "100",
    "Syllable": "78",
    "Word": "18",
    "RDate": "20210806",
    "GeneralPolarity": "1",
    "Aspects": [
      {
        "Aspect": "가격",
        "SentimentText": "저렴한 가격에 2개라니요. 가성비 굿~",
        "SentimentWord": "5",
        "SentimentPolarity": "1"
      },
      {
        "Aspect": "편의성",
        "SentimentText": "기존 쓰던 제품 교체후 편리하게 잘 사용중입니다.",
        "SentimentWord": "7",
        "SentimentPolarity": "1"
      },
      {
        "Aspect": "편의성",
        "SentimentText": "조작부가 별도로 되어 있어 청소시 불편하지 않아요.",
        "SentimentWord": "7",
        "SentimentPolarity": "1"
      }
    ]
  },
  {
    "Index": "10151",
    "RawText": "플라스틱이 기존에 사용하던 제품보다 튼튼하지 않다는 느낌이 듭니다.ㅡㅡ 너머지는 만족도 높아요. 필터도 6개 5만원으로 저렴하게 구입해서 좋구요",
    "Source": "SNS",
    "Domain": "가전",
    "MainCategory": "생활/미용/욕실가전",
    "ProductName": "(TV_6만원할인_더블) 노비타 리모컨형 비데 /뉴 콤팩트 플러스 (BD-SH630)(1+1)",
    "ReviewScore": "100",
    "Syllable": "80",
    "Word": "17",
    "RDate": "20211226",
    "GeneralPolarity": "0",
    "Aspects": [
      {
        "Aspect": "내구성",
        "SentimentText": " 튼튼하지 않다는 느낌이 듭니다.ㅡㅡ",
        "SentimentWord": "4",
        "SentimentPolarity": "-1"
      },
      {
        "Aspect": "가격",
        "SentimentText": "저렴하게 구입해서 좋구요",
        "SentimentWord": "3",
        "SentimentPolarity": "1"
      }
    ]
  },
  {
    "Index": "10152",
    "RawText": "2개사서 하나는 1층 하나는 2층 화장실 설치했는데 굿굿 노즐을 앞 뒤로 조절 못 하는게 아쉽긴 하지만... 리모컨으로 작동하는게 편함",
    "Source": "SNS",
    "Domain": "가전",
    "MainCategory": "생활/미용/욕실가전",
    "ProductName": "(TV_6만원할인_더블) 노비타 리모컨형 비데 /뉴 콤팩트 플러스 (BD-SH630)(1+1)",
    "ReviewScore": "90",
    "Syllable": "75",
    "Word": "19",
    "RDate": "20220105",
    "Aspects": [
      {
        "Aspect": "기능",
        "SentimentText": "노즐을 앞 뒤로 조절 못 하는게 아쉽긴 하지만...",
        "SentimentWord": "8",
        "SentimentPolarity": "-1"
      },
      {
        "Aspect": "편의성",
        "SentimentText": "리모컨으로 작동하는게 편함",
        "SentimentWord": "3",
        "SentimentPolarity": "1"
      }
    ]
  },
  {
    "Index": "10153",
    "RawText": "처음으로구매한비데 아래층하나 이층하나 어머니가너무좋아하셔요 큰효도했어요 리모콘도 벽에부착해서청소하기도좋구 참편리해서좋아요~~~^ 할인적용받아 좋은가격에 잘 구매했어요~",
    "Source": "SNS",
    "Domain": "가전",
    "MainCategory": "생활/미용/욕실가전",
    "ProductName": "(TV_6만원할인_더블) 노비타 리모컨형 비데 /뉴 콤팩트 플러스 (BD-SH630)(1+1)",
    "ReviewScore": "100",
    "Syllable": "93",
    "Word": "12",
    "RDate": "20220101",
    "GeneralPolarity": "1",
    "Aspects": [
      {
        "Aspect": "편의성",
        "SentimentText": "리모콘도 벽에부착해서청소하기도좋구 참편리해서좋아요~~~^",
        "SentimentWord": "3",
        "SentimentPolarity": "1"
      },
      {
        "Aspect": "가격",
        "SentimentText": "할인적용받아 좋은가격에 잘 구매했어요~",
        "SentimentWord": "4",
        "SentimentPolarity": "1"
      }
    ]
  },
  {
    "Index": "10154",
    "RawText": "전에 쓰던것도 OO비데라 선택 했습니다 버튼들이 변기에 붙어 있지 않아서 편리해서 좋긴해요 한가지 아쉬운건 자동으로 물이 안내려 가는게 아싑네요 판단 미스 나머지는 괜찮아요 가격도 저렴하니 좋아요~~",
    "Source": "SNS",
    "Domain": "가전",
    "MainCategory": "생활/미용/욕실가전",
    "ProductName": "(TV_6만원할인_더블) 노비타 리모컨형 비데 /뉴 콤팩트 플러스 (BD-SH630)(1+1)",
    "ReviewScore": "70",
    "Syllable": "111",
    "Word": "26",
    "RDate": "20220112",
    "GeneralPolarity": "0",
    "Aspects": [
      {
        "Aspect": "편의성",
        "SentimentText": "버튼들이 변기에 붙어 있지 않아서 편리해서 좋긴해요",
        "SentimentWord": "7",
        "SentimentPolarity": "1"
      },
      {
        "Aspect": "기능",
        "SentimentText": "자동으로 물이 안내려 가는게 아싑네요",
        "SentimentWord": "5",
        "SentimentPolarity": "-1"
      },
      {
        "Aspect": "가격",
        "SentimentText": "가격도 저렴하니 좋아요~~",
        "SentimentWord": "3",
        "SentimentPolarity": "1"
      }
    ]
  },
  {
    "Index": "10155",
    "RawText": "처음 사용해서 닦고나니 게운하네요 진동이쎄서 아프긴하지만 그건 조장하면될것같고 회전도되면  좋겠지만 조금 아쉽네요.",
    "Source": "SNS",
    "Domain": "가전",
    "MainCategory": "생활/미용/욕실가전",
    "ProductName": "(TV_가격조정_방송중) 스마트소닉 프로 음파칫솔 패밀리세트(4인)",
    "ReviewScore": "100",
    "Syllable": "64",
    "Word": "12",
    "RDate": "20190209",
    "GeneralPolarity": "0",
    "Aspects": [
      {
        "Aspect": "기능",
        "SentimentText": "진동이쎄서 아프긴하지만 ",
        "SentimentWord": "2",
        "SentimentPolarity": "0"
      },
      {
        "Aspect": "기능",
        "SentimentText": "회전도되면 좋겠지만 조금 아쉽네요.",
        "SentimentWord": "4",
        "SentimentPolarity": "0"
      },
      {
        "Aspect": "기능",
        "SentimentText": "처음 사용해서 닦고나니 게운하네요",
        "SentimentWord": "4",
        "SentimentPolarity": "1"
      }
    ]
  },
  {
    "Index": "10156",
    "RawText": "저렴한 가격에 4개를 구입할수 있어서 좋아요~ 신랑이랑 각각 집이랑 회사에 한개씩 두고 사용중이예요^^ 가성비 최고에요",
    "Source": "SNS",
    "Domain": "가전",
    "MainCategory": "생활/미용/욕실가전",
    "ProductName": "(TV_가격조정_방송중) 스마트소닉 프로 음파칫솔 패밀리세트(4인)",
    "ReviewScore": "80",
    "Syllable": "66",
    "Word": "15",
    "RDate": "20190407",
    "GeneralPolarity": "1",
    "Aspects": [
      {
        "Aspect": "가격",
        "SentimentText": "저렴한 가격에 4개를 구입할수 있어서 좋아요~",
        "SentimentWord": "6",
        "SentimentPolarity": "1"
      },
      {
        "Aspect": "가격",
        "SentimentText": "가성비 최고에요",
        "SentimentWord": "2",
        "SentimentPolarity": "1"
      }
    ]
  },
  {
    "Index": "10157",
    "RawText": "우린   가족이4인인데요   1인 하나씩  딱 좋았고  너무 쌔게  진동이  안되고  부드러우면서  잘 딱이는게 너무 맘에 들었어요 좋은가격에 구매해서 좋아요",
    "Source": "SNS",
    "Domain": "가전",
    "MainCategory": "생활/미용/욕실가전",
    "ProductName": "(TV_가격조정_방송중) 스마트소닉 프로 음파칫솔 패밀리세트(4인)",
    "ReviewScore": "100",
    "Syllable": "88",
    "Word": "19",
    "RDate": "20190323",
    "GeneralPolarity": "1",
    "Aspects": [
      {
        "Aspect": "기능",
        "SentimentText": "너무 쌔게  진동이  안되고  부드러우면서  잘 딱이는게 너무 맘에 들었어요",
        "SentimentWord": "10",
        "SentimentPolarity": "1"
      },
      {
        "Aspect": "가격",
        "SentimentText": "좋은가격에 구매해서 좋아요",
        "SentimentWord": "3",
        "SentimentPolarity": "1"
      }
    ]
  },
  {
    "Index": "10158",
    "RawText": "처음이라어색하고기분도좀 이상하네요 기능 생각보단괸찬네요. 아직은 사용법이 익숙치않아서 이빨을새로해넣은건부디치는느낌이좀그러네요 ",
    "Source": "SNS",
    "Domain": "가전",
    "MainCategory": "생활/미용/욕실가전",
    "ProductName": "(TV_가격조정_방송중) 스마트소닉 프로 음파칫솔 패밀리세트(4인)",
    "ReviewScore": "80",
    "Syllable": "70",
    "Word": "8",
    "RDate": "20190318",
    "GeneralPolarity": "0",
    "Aspects": [
      {
        "Aspect": "기능",
        "SentimentText": "기능 생각보단괸찬네요",
        "SentimentWord": "2",
        "SentimentPolarity": "1"
      },
      {
        "Aspect": "조작성",
        "SentimentText": "아직은 사용법이 익숙치않아서 이빨을새로해넣은건부디치는느낌이좀그러네요",
        "SentimentWord": "4",
        "SentimentPolarity": "-1"
      }
    ]
  },
  {
    "Index": "10159",
    "RawText": "전동치솔  처음 쓰는 거라 이게 성능이 좋은 건지 잘 모르겠으나 입안이 개운하네요..진동소리가 큰 것 같은데..다른 제품을 안써 봐서 적응 해 가야겠네요..",
    "Source": "SNS",
    "Domain": "가전",
    "MainCategory": "생활/미용/욕실가전",
    "ProductName": "(TV_가격조정_방송중) 스마트소닉 프로 음파칫솔 패밀리세트(4인)",
    "ReviewScore": "100",
    "Syllable": "87",
    "Word": "21",
    "RDate": "20190423",
    "GeneralPolarity": "0",
    "Aspects": [
      {
        "Aspect": "기능",
        "SentimentText": "전동치솔  처음 쓰는 거라 이게 성능이 좋은 건지 잘 모르겠으나 입안이 개운하네요..",
        "SentimentWord": "12",
        "SentimentPolarity": "0"
      },
      {
        "Aspect": "소음",
        "SentimentText": "진동소리가 큰 것 같은데..",
        "SentimentWord": "4",
        "SentimentPolarity": "-1"
      }
    ]
  }
]