[
  {
    "Index": "19719",
    "RawText": "사용법 너무 간단하고 조작하기 쉽네요~~  색감이 예뻐서 기분이좋아요.",
    "Source": "쇼핑몰",
    "Domain": "가전",
    "MainCategory": "생활/미용/욕실가전",
    "ProductName": "비스포크 삼성전자 그랑데 AI DV20A8740BV 본체",
    "ReviewScore": "5",
    "Syllable": "39",
    "Word": "8",
    "RDate": "20220509",
    "Aspects": [
      {
        "Aspect": "조작성",
        "SentimentText": "사용법 너무 간단하고 조작하기 쉽네요~~ ",
        "SentimentWord": "5",
        "SentimentPolarity": "1"
      },
      {
        "Aspect": "색상",
        "SentimentText": "색감이 예뻐서 기분이좋아요.",
        "SentimentWord": "3",
        "SentimentPolarity": "1"
      }
    ]
  },
  {
    "Index": "19720",
    "RawText": "배송이  많이 느려요ㅠㅠ 좋은가격에 구입해서 좋아요.^^용량이 커서 이불 건조하기 좋아요!",
    "Source": "쇼핑몰",
    "Domain": "가전",
    "MainCategory": "생활/미용/욕실가전",
    "ProductName": "비스포크 삼성전자 그랑데 AI DV20A8740BV 본체",
    "ReviewScore": "4",
    "Syllable": "50",
    "Word": "10",
    "RDate": "20220819",
    "Aspects": [
      {
        "Aspect": "가격",
        "SentimentText": "좋은가격에 구입해서 좋아요",
        "SentimentWord": "3",
        "SentimentPolarity": "1"
      },
      {
        "Aspect": "용량",
        "SentimentText": "용량이 커서 이불 건조하기 좋아요!",
        "SentimentWord": "5",
        "SentimentPolarity": "1"
      }
    ]
  },
  {
    "Index": "19722",
    "RawText": "신속한 배송에 놀랐어요. 몹시 착한 가격~ 설치랑 설명들도 친절하게 대해주셨습니다.색상은 예뻤어요. 기능은이것저것 다양해  옷감따라 기능을 쓸수있어요.",
    "Source": "쇼핑몰",
    "Domain": "가전",
    "MainCategory": "생활/미용/욕실가전",
    "ProductName": "비스포크 삼성전자 그랑데 AI DV20A8740BV 본체",
    "ReviewScore": "5",
    "Syllable": "84",
    "Word": "16",
    "RDate": "20220314",
    "Aspects": [
      {
        "Aspect": "가격",
        "SentimentText": "몹시 착한 가격~",
        "SentimentWord": "3",
        "SentimentPolarity": "1"
      },
      {
        "Aspect": "색상",
        "SentimentText": "색상은 예뻤어요. ",
        "SentimentWord": "2",
        "SentimentPolarity": "1"
      },
      {
        "Aspect": "기능",
        "SentimentText": "기능은이것저것 다양해  옷감따라 기능을 쓸수있어요.",
        "SentimentWord": "5",
        "SentimentPolarity": "1"
      }
    ]
  },
  {
    "Index": "19723",
    "RawText": "사이즈 생각보다 슬림해서 공간 많이 차지하지않아 좋네요^^ 사용도 간단해서 감사하게 잘 사용하고있어요.",
    "Source": "쇼핑몰",
    "Domain": "가전",
    "MainCategory": "생활/미용/욕실가전",
    "ProductName": "비스포크 삼성전자 그랑데 AI DV20A8740BV 본체",
    "ReviewScore": "5",
    "Syllable": "57",
    "Word": "12",
    "RDate": "20220625",
    "Aspects": [
      {
        "Aspect": "사이즈",
        "SentimentText": "사이즈 생각보다 슬림해서 공간 많이 차지하지않아 좋네요^^",
        "SentimentWord": "7",
        "SentimentPolarity": "1"
      },
      {
        "Aspect": "조작성",
        "SentimentText": "사용도 간단해서 감사하게 잘 사용하고있어요.",
        "SentimentWord": "5",
        "SentimentPolarity": "1"
      }
    ]
  },
  {
    "Index": "19724",
    "RawText": "ㅇㅇㅇ 이벤트에서 사이즈 먼저 확인해서  구입했지만,사이즈는 예상외로 커다란 느낌이에요~ 용량이 크고, 색상마져 매우 예쁩니다.",
    "Source": "쇼핑몰",
    "Domain": "가전",
    "MainCategory": "생활/미용/욕실가전",
    "ProductName": "비스포크 삼성전자 그랑데 AI DV20A8740BV 본체",
    "ReviewScore": "5",
    "Syllable": "71",
    "Word": "14",
    "RDate": "20220207",
    "GeneralPolarity": "1",
    "Aspects": [
      {
        "Aspect": "사이즈",
        "SentimentText": "사이즈는 예상외로 커다란 느낌이에요",
        "SentimentWord": "4",
        "SentimentPolarity": "-1"
      },
      {
        "Aspect": "용량",
        "SentimentText": "용량이 크고",
        "SentimentWord": "2",
        "SentimentPolarity": "1"
      },
      {
        "Aspect": "색상",
        "SentimentText": " 색상마져 매우 예쁩니다.",
        "SentimentWord": "3",
        "SentimentPolarity": "1"
      }
    ]
  },
  {
    "Index": "19725",
    "RawText": "선물받았어용.  건조기 성능 엄청나게 만족스럽습니다~ 가성비도 good!!!",
    "Source": "쇼핑몰",
    "Domain": "가전",
    "MainCategory": "생활/미용/욕실가전",
    "ProductName": "비스포크 삼성전자 그랑데 AI DV20A8740BV 본체",
    "ReviewScore": "5",
    "Syllable": "42",
    "Word": "7",
    "RDate": "20220713",
    "Aspects": [
      {
        "Aspect": "기능",
        "SentimentText": "건조기 성능 엄청나게 만족스럽습니다~",
        "SentimentWord": "4",
        "SentimentPolarity": "1"
      },
      {
        "Aspect": "가격",
        "SentimentText": " 가성비도 good!!!",
        "SentimentWord": "2",
        "SentimentPolarity": "1"
      }
    ]
  },
  {
    "Index": "19726",
    "RawText": "이불들 털기하고  먼지를 두 눈으로 확인하니,속이 시원~하더라구요 역시!! 제품은 000이 최고예요. ㅎㅎ",
    "Source": "쇼핑몰",
    "Domain": "가전",
    "MainCategory": "생활/미용/욕실가전",
    "ProductName": "비스포크 삼성전자 그랑데 AI DV20A8740BV 본체",
    "ReviewScore": "5",
    "Syllable": "59",
    "Word": "12",
    "RDate": "20220127",
    "Aspects": [
      {
        "Aspect": "기능",
        "SentimentText": "이불들 털기하고  먼지를 두 눈으로 확인하니,속이 시원~하더라구요",
        "SentimentWord": "7",
        "SentimentPolarity": "1"
      },
      {
        "Aspect": "제조일/제조사",
        "SentimentText": "역시!! 제품은 000이 최고예요. ㅎㅎ",
        "SentimentWord": "5",
        "SentimentPolarity": "1"
      }
    ]
  },
  {
    "Index": "19728",
    "RawText": "ㅇㅇㅇ제품이라서 믿고 구매 했어요  디자인도 생각보다 투박하고 촌스럽네요 ㅠㅠ",
    "Source": "쇼핑몰",
    "Domain": "가전",
    "MainCategory": "생활/미용/욕실가전",
    "ProductName": "비스포크 삼성전자 그랑데 AI DV20A8740BV 본체",
    "ReviewScore": "3",
    "Syllable": "43",
    "Word": "9",
    "RDate": "20220615",
    "Aspects": [
      {
        "Aspect": "제조일/제조사",
        "SentimentText": "ㅇㅇㅇ제품이라서 믿고 구매 했어요",
        "SentimentWord": "4",
        "SentimentPolarity": "1"
      },
      {
        "Aspect": "디자인",
        "SentimentText": " 디자인도 생각보다 투박하고 촌스럽네요 ㅠㅠ",
        "SentimentWord": "5",
        "SentimentPolarity": "-1"
      }
    ]
  },
  {
    "Index": "19729",
    "RawText": "이사온후 건조기가 도착해야 정리가 될텐데 맘이 급했어요 그런데  빠른 배송으로 너무 좋았어요. 총알배송이었어요!!! 특히 판매자분께서 구매전 상담연락도 원활했었고 최종일까지 알뜰하게 챙겨줘서 너무 좋았어요.건조기없이  대식구 빨래도 지금껏 버텼어요. 삶의 질이 올라갈 건조기 마련했어요. 너무 좋습니다.미국 생활할때는 소음 청소이런 부분들이 불편했었어요. 소음이 적어서 좋아요. 건조기는 대용량으로 구매했더니 용량걱정 없어서 좋아요.온라인 구매는 매번 걱정했는데 구매도 상담도 일사천리 해결입니다.",
    "Source": "쇼핑몰",
    "Domain": "가전",
    "MainCategory": "생활/미용/욕실가전",
    "ProductName": "비스포크 삼성전자 그랑데 AI DV20A8740BV 본체",
    "ReviewScore": "5",
    "Syllable": "278",
    "Word": "55",
    "RDate": "20220314",
    "Aspects": [
      {
        "Aspect": "소음",
        "SentimentText": "소음이 적어서 좋아요.",
        "SentimentWord": "3",
        "SentimentPolarity": "1"
      },
      {
        "Aspect": "용량",
        "SentimentText": "건조기는 대용량으로 구매했더니 용량걱정 없어서 좋아요.",
        "SentimentWord": "6",
        "SentimentPolarity": "1"
      }
    ]
  },
  {
    "Index": "19730",
    "RawText": "좋은 가격에  구매했어요.1등급이라 전기세도 적게 나와 만족해요.",
    "Source": "쇼핑몰",
    "Domain": "가전",
    "MainCategory": "생활/미용/욕실가전",
    "ProductName": "비스포크 삼성전자 그랑데 AI DV20A8740BV 본체",
    "ReviewScore": "5",
    "Syllable": "36",
    "Word": "7",
    "RDate": "20220525",
    "Aspects": [
      {
        "Aspect": "가격",
        "SentimentText": "좋은 가격에  구매했어요.",
        "SentimentWord": "3",
        "SentimentPolarity": "1"
      },
      {
        "Aspect": "소비전력",
        "SentimentText": "1등급이라 전기세도 적게 나와 만족해요.",
        "SentimentWord": "5",
        "SentimentPolarity": "1"
      }
    ]
  },
  {
    "Index": "19731",
    "RawText": "몰랐는데 모서리에 스크래치가 있어요 ㅠㅠ 속상...  소음은 적은 편이라 좋네요.~",
    "Source": "쇼핑몰",
    "Domain": "가전",
    "MainCategory": "생활/미용/욕실가전",
    "ProductName": "비스포크 삼성전자 그랑데 AI DV20A8740BV 본체",
    "ReviewScore": "4",
    "Syllable": "46",
    "Word": "10",
    "RDate": "20220516",
    "Aspects": [
      {
        "Aspect": "품질",
        "SentimentText": "몰랐는데 모서리에 스크래치가 있어요 ㅠㅠ 속상...  ",
        "SentimentWord": "6",
        "SentimentPolarity": "-1"
      },
      {
        "Aspect": "소음",
        "SentimentText": "소음은 적은 편이라 좋네요.~",
        "SentimentWord": "4",
        "SentimentPolarity": "1"
      }
    ]
  },
  {
    "Index": "19732",
    "RawText": "대용량으로 구매했더니 용량걱정 없이 한방에 돌려서 너무 좋습니다 매장에서 구입할때보다 저렴하게 구입했네요!!",
    "Source": "쇼핑몰",
    "Domain": "가전",
    "MainCategory": "생활/미용/욕실가전",
    "ProductName": "비스포크 삼성전자 그랑데 AI DV20A8740BV 본체",
    "ReviewScore": "5",
    "Syllable": "60",
    "Word": "12",
    "RDate": "20220321",
    "Aspects": [
      {
        "Aspect": "용량",
        "SentimentText": "대용량으로 구매했더니 용량걱정 없이 한방에 돌려서 너무 좋습니다",
        "SentimentWord": "8",
        "SentimentPolarity": "1"
      },
      {
        "Aspect": "가격",
        "SentimentText": "매장에서 구입할때보다 저렴하게 구입했네요!!",
        "SentimentWord": "4",
        "SentimentPolarity": "1"
      }
    ]
  },
  {
    "Index": "19733",
    "RawText": "태어나 처음 건조기를 써봤습니다. 나혼자사니 빨래양이 적어 안샀었는데 빨리 살걸 그랬어요. 용량도 적당해서 ㅎㅎ 대만족이에요 건조기는 000 이 최고예요.",
    "Source": "쇼핑몰",
    "Domain": "가전",
    "MainCategory": "생활/미용/욕실가전",
    "ProductName": "비스포크 삼성전자 그랑데 AI DV20A8740BV 본체",
    "ReviewScore": "5",
    "Syllable": "86",
    "Word": "19",
    "RDate": "20220622",
    "GeneralPolarity": "1",
    "Aspects": [
      {
        "Aspect": "용량",
        "SentimentText": "용량도 적당해서 ㅎㅎ 대만족이에요",
        "SentimentWord": "4",
        "SentimentPolarity": "1"
      },
      {
        "Aspect": "제조일/제조사",
        "SentimentText": "건조기는 000 이 최고예요.",
        "SentimentWord": "4",
        "SentimentPolarity": "1"
      }
    ]
  },
  {
    "Index": "19734",
    "RawText": "판매자님 제품받을 때까지 친절하고 성실한응대 매우 감사합니다. 대만족이에요.옷감은 완전 뽀송뽀송 살아있네요. 소음없이 생각외로 조용하구요 .디자인이 무척 맘에 들어요.",
    "Source": "쇼핑몰",
    "Domain": "가전",
    "MainCategory": "생활/미용/욕실가전",
    "ProductName": "비스포크 삼성전자 그랑데 AI DV20A8740BV 본체",
    "ReviewScore": "5",
    "Syllable": "93",
    "Word": "18",
    "RDate": "20220519",
    "Aspects": [
      {
        "Aspect": "기능",
        "SentimentText": "대만족이에요.옷감은 완전 뽀송뽀송 살아있네요",
        "SentimentWord": "4",
        "SentimentPolarity": "1"
      },
      {
        "Aspect": "소음",
        "SentimentText": "소음없이 생각외로 조용하구요 .",
        "SentimentWord": "4",
        "SentimentPolarity": "1"
      },
      {
        "Aspect": "디자인",
        "SentimentText": "디자인이 무척 맘에 들어요.",
        "SentimentWord": "4",
        "SentimentPolarity": "1"
      }
    ]
  },
  {
    "Index": "19735",
    "RawText": "하지없는 좋은제품 잘받았어요.  저렴한 가격으로 구매완료하여 굿입니다. 구매확정",
    "Source": "쇼핑몰",
    "Domain": "가전",
    "MainCategory": "생활/미용/욕실가전",
    "ProductName": "비스포크 삼성전자 그랑데 AI DV20A8740BW 본체",
    "ReviewScore": "5",
    "Syllable": "44",
    "Word": "8",
    "RDate": "20220524",
    "Aspects": [
      {
        "Aspect": "품질",
        "SentimentText": "하지없는 좋은제품 잘받았어요.",
        "SentimentWord": "3",
        "SentimentPolarity": "1"
      },
      {
        "Aspect": "가격",
        "SentimentText": "저렴한 가격으로 구매완료하여 굿입니다. ",
        "SentimentWord": "4",
        "SentimentPolarity": "1"
      }
    ]
  },
  {
    "Index": "19736",
    "RawText": "우와~ 디자인 정말 심플하네요^^  베란다는 자리가 없어 거실쪽에 두니 소음이 조금 있습니다.",
    "Source": "쇼핑몰",
    "Domain": "가전",
    "MainCategory": "생활/미용/욕실가전",
    "ProductName": "비스포크 삼성전자 그랑데 AI DV20A8740BW 본체",
    "ReviewScore": "5",
    "Syllable": "52",
    "Word": "12",
    "RDate": "20220505",
    "Aspects": [
      {
        "Aspect": "디자인",
        "SentimentText": "우와~ 디자인 정말 심플하네요^^",
        "SentimentWord": "4",
        "SentimentPolarity": "1"
      },
      {
        "Aspect": "소음",
        "SentimentText": "소음이 조금 있습니다.",
        "SentimentWord": "3",
        "SentimentPolarity": "-1"
      }
    ]
  },
  {
    "Index": "19737",
    "RawText": "생각보다 옷크기도 많이 줄지 않고 수건 뽀송뽀송 너무 좋아요~~ ^^ 좋은 가격에 잘 샀네요~ 감사해요~~",
    "Source": "쇼핑몰",
    "Domain": "가전",
    "MainCategory": "생활/미용/욕실가전",
    "ProductName": "비스포크 삼성전자 그랑데 AI DV20A8740BW 본체",
    "ReviewScore": "5",
    "Syllable": "59",
    "Word": "15",
    "RDate": "20220724",
    "Aspects": [
      {
        "Aspect": "기능",
        "SentimentText": "생각보다 옷크기도 많이 줄지 않고 수건 뽀송뽀송 너무 좋아요~~ ^^",
        "SentimentWord": "10",
        "SentimentPolarity": "1"
      },
      {
        "Aspect": "가격",
        "SentimentText": "좋은 가격에 잘 샀네요~ ",
        "SentimentWord": "4",
        "SentimentPolarity": "1"
      }
    ]
  },
  {
    "Index": "19738",
    "RawText": "배송은 느려요~건조기 사용하면 옷이 빨리 건조되서  신세계에요!!~~제품 사용이 간단해서 매우 좋아요~~~~",
    "Source": "쇼핑몰",
    "Domain": "가전",
    "MainCategory": "생활/미용/욕실가전",
    "ProductName": "비스포크 삼성전자 그랑데 AI DV20A8740BW 본체",
    "ReviewScore": "5",
    "Syllable": "60",
    "Word": "11",
    "RDate": "20220418",
    "Aspects": [
      {
        "Aspect": "시간/속도",
        "SentimentText": "건조기 사용하면 옷이 빨리 건조되서  신세계에요!",
        "SentimentWord": "6",
        "SentimentPolarity": "1"
      },
      {
        "Aspect": "조작성",
        "SentimentText": "제품 사용이 간단해서 매우 좋아요~",
        "SentimentWord": "5",
        "SentimentPolarity": "1"
      }
    ]
  },
  {
    "Index": "19739",
    "RawText": "부모님계서 빨래널어 말릴때 몹시 힘들어하시길래 건조기를 사서 드렸습니다. 좋아하시네요.  디자인도 이쁘고 고급스럽고 기능들도 다양해서 좋고~ 다 굿이에요",
    "Source": "쇼핑몰",
    "Domain": "가전",
    "MainCategory": "생활/미용/욕실가전",
    "ProductName": "비스포크 삼성전자 그랑데 AI DV20A8740BW 본체",
    "ReviewScore": "5",
    "Syllable": "85",
    "Word": "17",
    "RDate": "20220508",
    "Aspects": [
      {
        "Aspect": "디자인",
        "SentimentText": "디자인도 이쁘고 고급스럽고",
        "SentimentWord": "3",
        "SentimentPolarity": "1"
      },
      {
        "Aspect": "기능",
        "SentimentText": "기능들도 다양해서 좋고~ 다 굿이에요",
        "SentimentWord": "5",
        "SentimentPolarity": "1"
      }
    ]
  },
  {
    "Index": "19740",
    "RawText": "구성품에 직렬키트가 없어서 아쉬웠어요. 건조시 간혹 옷이 줄어요...ㅠㅠ",
    "Source": "쇼핑몰",
    "Domain": "가전",
    "MainCategory": "생활/미용/욕실가전",
    "ProductName": "비스포크 삼성전자 그랑데 AI DV20A8740BW 본체",
    "ReviewScore": "3",
    "Syllable": "40",
    "Word": "8",
    "RDate": "20220108",
    "Aspects": [
      {
        "Aspect": "제품구성",
        "SentimentText": "구성품에 직렬키트가 없어서 아쉬웠어요",
        "SentimentWord": "4",
        "SentimentPolarity": "-1"
      },
      {
        "Aspect": "기능",
        "SentimentText": "건조시 간혹 옷이 줄어요...ㅠㅠ",
        "SentimentWord": "4",
        "SentimentPolarity": "-1"
      }
    ]
  },
  {
    "Index": "19741",
    "RawText": "사이즈가 생각보다 좀 커서 살짝 놀랐지만...너무 만족합니다.  일반코스  4시간~ 길어요.그러나 외출시 짧은 1시간코스로 돌려보니 따뜻하고 뽀송했어요.",
    "Source": "쇼핑몰",
    "Domain": "가전",
    "MainCategory": "생활/미용/욕실가전",
    "ProductName": "비스포크 삼성전자 슈드레서 DJ30B9300WE 일반구매",
    "ReviewScore": "3",
    "Syllable": "85",
    "Word": "16",
    "RDate": "20220607",
    "Aspects": [
      {
        "Aspect": "사이즈",
        "SentimentText": "사이즈가 생각보다 좀 커서 살짝 놀랐지만...너무 만족합니다.",
        "SentimentWord": "7",
        "SentimentPolarity": "0"
      },
      {
        "Aspect": "시간/속도",
        "SentimentText": "일반코스  4시간~ 길어요.그러나 외출시 짧은 1시간코스로 돌려보니 따뜻하고 뽀송했어요.",
        "SentimentWord": "9",
        "SentimentPolarity": "0"
      }
    ]
  },
  {
    "Index": "19742",
    "RawText": "가격 저렴해서 무지 잘샀어요. ㅎ색상도 잘 선택한듯하네요. 예뻐요^^",
    "Source": "쇼핑몰",
    "Domain": "가전",
    "MainCategory": "생활/미용/욕실가전",
    "ProductName": "비스포크 삼성전자 슈드레서 DJ30B9300WE 일반구매",
    "ReviewScore": "5",
    "Syllable": "38",
    "Word": "8",
    "RDate": "20220311",
    "Aspects": [
      {
        "Aspect": "가격",
        "SentimentText": "가격 저렴해서 무지 잘샀어요. ",
        "SentimentWord": "4",
        "SentimentPolarity": "1"
      },
      {
        "Aspect": "색상",
        "SentimentText": "ㅎ색상도 잘 선택한듯하네요. 예뻐요^^",
        "SentimentWord": "4",
        "SentimentPolarity": "1"
      }
    ]
  },
  {
    "Index": "19743",
    "RawText": "크기는 생각외로  컸지만 갖길  원했던 제품이었어요.항상 뽀송뽀송한 신발을 신게되니 매우 좋아요.",
    "Source": "쇼핑몰",
    "Domain": "가전",
    "MainCategory": "생활/미용/욕실가전",
    "ProductName": "비스포크 삼성전자 슈드레서 DJ30B9300WE 일반구매",
    "ReviewScore": "5",
    "Syllable": "54",
    "Word": "11",
    "RDate": "20220720",
    "GeneralPolarity": "1",
    "Aspects": [
      {
        "Aspect": "사이즈",
        "SentimentText": "크기는 생각외로  컸지만 ",
        "SentimentWord": "3",
        "SentimentPolarity": "-1"
      },
      {
        "Aspect": "기능",
        "SentimentText": "항상 뽀송뽀송한 신발을 신게되니 매우 좋아요.",
        "SentimentWord": "6",
        "SentimentPolarity": "1"
      }
    ]
  },
  {
    "Index": "19744",
    "RawText": "장마철에 사용해보니 몹시 편해요. 모든 사람들이 건조기 쓰는 이유를  알게됐어요. 건조기 필수예요. 디자인이 깔끔했어요.",
    "Source": "쇼핑몰",
    "Domain": "가전",
    "MainCategory": "생활/미용/욕실가전",
    "ProductName": "삼성전자 DV90T5440KW 일반구매",
    "ReviewScore": "5",
    "Syllable": "67",
    "Word": "14",
    "RDate": "20210722",
    "GeneralPolarity": "1",
    "Aspects": [
      {
        "Aspect": "편의성",
        "SentimentText": "장마철에 사용해보니 몹시 편해요.",
        "SentimentWord": "4",
        "SentimentPolarity": "1"
      },
      {
        "Aspect": "디자인",
        "SentimentText": "디자인이 깔끔했어요.",
        "SentimentWord": "2",
        "SentimentPolarity": "1"
      }
    ]
  },
  {
    "Index": "19745",
    "RawText": "굿쵸이스! 화이트라 베란다가 훤하네요~ 000 건조기 너무 좋으네요 ^^",
    "Source": "쇼핑몰",
    "Domain": "가전",
    "MainCategory": "생활/미용/욕실가전",
    "ProductName": "삼성전자 DV90T5440KW 일반구매",
    "ReviewScore": "5",
    "Syllable": "40",
    "Word": "9",
    "RDate": "20220214",
    "Aspects": [
      {
        "Aspect": "색상",
        "SentimentText": "굿쵸이스! 화이트라 베란다가 훤하네요~ ",
        "SentimentWord": "4",
        "SentimentPolarity": "1"
      },
      {
        "Aspect": "제조일/제조사",
        "SentimentText": "000 건조기 너무 좋으네요 ^^",
        "SentimentWord": "5",
        "SentimentPolarity": "1"
      }
    ]
  },
  {
    "Index": "19746",
    "RawText": "가전제품 물량 부족인 시기에 조금 빠르게 배송되어 만족스럽습니다. 제품에 특이사항은 없어요, 아쉬운건 문이 양쪽으로 열리지 않아요. 2021년 모델은 양쪽의 문이 열리는게 아니라 오른 쪽만 열리는 제품이네요. ㅠ.ㅠ",
    "Source": "쇼핑몰",
    "Domain": "가전",
    "MainCategory": "생활/미용/욕실가전",
    "ProductName": "삼성전자 DV90T5440KW 일반구매",
    "ReviewScore": "5",
    "Syllable": "120",
    "Word": "27",
    "RDate": "20220222",
    "Aspects": [
      {
        "Aspect": "조작성",
        "SentimentText": "아쉬운건 문이 양쪽으로 열리지 않아요. ",
        "SentimentWord": "5",
        "SentimentPolarity": "0"
      },
      {
        "Aspect": "제조일/제조사",
        "SentimentText": "2021년 모델은 양쪽의 문이 열리는게 아니라 오른 쪽만 열리는 제품이네요. ㅠ.ㅠ",
        "SentimentWord": "11",
        "SentimentPolarity": "0"
      }
    ]
  },
  {
    "Index": "19747",
    "RawText": "건조기 디자인이 심풀하니 좋네요.기사님이 잘 알려 주셔서 사용방법도 쉬워요. 잘 사용하길 기대해 봅니다.",
    "Source": "쇼핑몰",
    "Domain": "가전",
    "MainCategory": "생활/미용/욕실가전",
    "ProductName": "삼성전자 DV90T5440KW 일반구매",
    "ReviewScore": "5",
    "Syllable": "58",
    "Word": "13",
    "RDate": "20220830",
    "GeneralPolarity": "1",
    "Aspects": [
      {
        "Aspect": "디자인",
        "SentimentText": "건조기 디자인이 심풀하니 좋네요",
        "SentimentWord": "4",
        "SentimentPolarity": "1"
      },
      {
        "Aspect": "조작성",
        "SentimentText": "기사님이 잘 알려 주셔서 사용방법도 쉬워요",
        "SentimentWord": "6",
        "SentimentPolarity": "1"
      }
    ]
  },
  {
    "Index": "19748",
    "RawText": "건조기 가장  저렴하게 구입했네요.크기가 크지 않아서  좋았어요. 배송이 예상보다 빨랐어요^^",
    "Source": "쇼핑몰",
    "Domain": "가전",
    "MainCategory": "생활/미용/욕실가전",
    "ProductName": "삼성전자 DV90T5440KW 일반구매",
    "ReviewScore": "5",
    "Syllable": "52",
    "Word": "10",
    "RDate": "20211128",
    "Aspects": [
      {
        "Aspect": "가격",
        "SentimentText": "건조기 가장  저렴하게 구입했네요",
        "SentimentWord": "4",
        "SentimentPolarity": "1"
      },
      {
        "Aspect": "사이즈",
        "SentimentText": "크기가 크지 않아서  좋았어요",
        "SentimentWord": "4",
        "SentimentPolarity": "1"
      }
    ]
  },
  {
    "Index": "19749",
    "RawText": "건조기는 배송이 매우 빨랐습니다. 앵글설치필요했는데 미리 미리 연락주시고 사진도 전송해주셨어요. 설치기사님도  열심히 잘 설치해 주셔서 친절함이 느껴졌어요. 작동해보니 소음은 기존 드럼세탁기소리정도로 나쁘지 않아요. 빨래 꺼낼땐 보송함이 넘 좋았어요. 필터 청소도 간편해서 좋았어요 걱정할 필요 없이 설치잘했고 불편함이 잘 쓸수 있어요.",
    "Source": "쇼핑몰",
    "Domain": "가전",
    "MainCategory": "생활/미용/욕실가전",
    "ProductName": "삼성전자 DV90T5440KW 일반구매",
    "ReviewScore": "5",
    "Syllable": "188",
    "Word": "40",
    "RDate": "20210908",
    "Aspects": [
      {
        "Aspect": "소음",
        "SentimentText": "소음은 기존 드럼세탁기소리정도로 나쁘지 않아요. ",
        "SentimentWord": "5",
        "SentimentPolarity": "1"
      },
      {
        "Aspect": "편의성",
        "SentimentText": "필터 청소도 간편해서 좋았어요 ",
        "SentimentWord": "4",
        "SentimentPolarity": "1"
      }
    ]
  },
  {
    "Index": "19750",
    "RawText": "고객센터 통화시 앵글비+설치비 과다로 속상해요.ㅠㅠ설치기사님께 안내받은 비용보다 많아서 당황했는데, 비용 인상된지 일주일 됬다고 하네요.",
    "Source": "쇼핑몰",
    "Domain": "가전",
    "MainCategory": "생활/미용/욕실가전",
    "ProductName": "삼성전자 DV90T5440KW 일반구매",
    "ReviewScore": "5",
    "Syllable": "76",
    "Word": "14",
    "RDate": "20220128",
    "GeneralPolarity": "-1",
    "Aspects": [
      {
        "Aspect": "가격",
        "SentimentText": "고객센터 통화시 앵글비+설치비 과다로 속상해요",
        "SentimentWord": "5",
        "SentimentPolarity": "-1"
      },
      {
        "Aspect": "가격",
        "SentimentText": "설치기사님께 안내받은 비용보다 많아서 당황했는데, 비용 인상된지 일주일 됬다고 하네요.",
        "SentimentWord": "10",
        "SentimentPolarity": "0"
      }
    ]
  },
  {
    "Index": "19751",
    "RawText": "문 열리는 방향 때문에 열고 닫는게 어렵네요. 구매할때 문 방향 선택하라는 안내는 전혀 없었는데 그때 선택 했어야 한다고 하네요.사용해보니 엄청나게 불편합니다",
    "Source": "쇼핑몰",
    "Domain": "가전",
    "MainCategory": "생활/미용/욕실가전",
    "ProductName": "삼성전자 DV90T5440KW 일반구매",
    "ReviewScore": "1",
    "Syllable": "88",
    "Word": "21",
    "RDate": "20210521",
    "Aspects": [
      {
        "Aspect": "조작성",
        "SentimentText": "문 열리는 방향 때문에 열고 닫는게 어렵네요.",
        "SentimentWord": "7",
        "SentimentPolarity": "-1"
      },
      {
        "Aspect": "편의성",
        "SentimentText": "사용해보니 엄청나게 불편합니다",
        "SentimentWord": "3",
        "SentimentPolarity": "-1"
      }
    ]
  },
  {
    "Index": "19753",
    "RawText": "다이얼식이라 한눈에 보여 사용법도 편리합니다  할인을 크게 받으니 저렴하게 살 수 있었어요.좋은제품 감사해요 강력 추천 합니다.",
    "Source": "쇼핑몰",
    "Domain": "가전",
    "MainCategory": "생활/미용/욕실가전",
    "ProductName": "삼성전자 DV90T5440KW 일반구매",
    "ReviewScore": "4",
    "Syllable": "71",
    "Word": "16",
    "RDate": "20210521",
    "Aspects": [
      {
        "Aspect": "조작성",
        "SentimentText": "다이얼식이라 한눈에 보여 사용법도 편리합니다",
        "SentimentWord": "5",
        "SentimentPolarity": "1"
      },
      {
        "Aspect": "가격",
        "SentimentText": "할인을 크게 받으니 저렴하게 살 수 있었어요",
        "SentimentWord": "7",
        "SentimentPolarity": "1"
      }
    ]
  },
  {
    "Index": "19754",
    "RawText": "수건 9장돌려봤어요. 소음이 너무심해 나름 신경이쓰여요. 수건은 포송포송하게 건조되었어요~ 짱",
    "Source": "쇼핑몰",
    "Domain": "가전",
    "MainCategory": "생활/미용/욕실가전",
    "ProductName": "삼성전자 DV90T5440KW 일반구매",
    "ReviewScore": "4",
    "Syllable": "52",
    "Word": "10",
    "RDate": "20211110",
    "Aspects": [
      {
        "Aspect": "기능",
        "SentimentText": "수건은 포송포송하게 건조되었어요~짱 ",
        "SentimentWord": "3",
        "SentimentPolarity": "1"
      },
      {
        "Aspect": "소음",
        "SentimentText": "소음이 너무심해 나름 신경이쓰여요. ",
        "SentimentWord": "4",
        "SentimentPolarity": "-1"
      }
    ]
  },
  {
    "Index": "19755",
    "RawText": "생각보다 소음 그다지 크지않아요~ 제품은 기대 이상으로 사용이 간단해서 훌륭해요",
    "Source": "쇼핑몰",
    "Domain": "가전",
    "MainCategory": "생활/미용/욕실가전",
    "ProductName": "삼성전자 DV90T5440KW 일반구매",
    "ReviewScore": "5",
    "Syllable": "44",
    "Word": "10",
    "RDate": "20210909",
    "Aspects": [
      {
        "Aspect": "소음",
        "SentimentText": "생각보다 소음 그다지 크지않아요~",
        "SentimentWord": "4",
        "SentimentPolarity": "1"
      },
      {
        "Aspect": "조작성",
        "SentimentText": "제품은 기대 이상으로 사용이 간단해서 훌륭해요",
        "SentimentWord": "6",
        "SentimentPolarity": "1"
      }
    ]
  },
  {
    "Index": "19756",
    "RawText": "퀄러티가 엄청 좋아요~ 만족^^ 예상 했던것 보다 엄청 예쁘고 사용이 잘되요!^^♡",
    "Source": "쇼핑몰",
    "Domain": "가전",
    "MainCategory": "생활/미용/욕실가전",
    "ProductName": "삼성전자 DV90T5440KW 일반구매",
    "ReviewScore": "5",
    "Syllable": "46",
    "Word": "11",
    "RDate": "20220311",
    "Aspects": [
      {
        "Aspect": "품질",
        "SentimentText": "퀄러티가 엄청 좋아요~ 만족^^ ",
        "SentimentWord": "4",
        "SentimentPolarity": "1"
      },
      {
        "Aspect": "디자인",
        "SentimentText": "예상 했던것 보다 엄청 예쁘고 사용이 잘되요!^^♡",
        "SentimentWord": "7",
        "SentimentPolarity": "1"
      }
    ]
  },
  {
    "Index": "19757",
    "RawText": "옷 건조 하는데  잘 사용하고 있어요~ 소음은 드럼세탁기보다도 조용한 느낌입니다",
    "Source": "쇼핑몰",
    "Domain": "가전",
    "MainCategory": "생활/미용/욕실가전",
    "ProductName": "삼성전자 DV90T5440KW 일반구매",
    "ReviewScore": "5",
    "Syllable": "44",
    "Word": "10",
    "RDate": "20210515",
    "Aspects": [
      {
        "Aspect": "기능",
        "SentimentText": "옷 건조 하는데  잘 사용하고 있어요~",
        "SentimentWord": "6",
        "SentimentPolarity": "1"
      },
      {
        "Aspect": "소음",
        "SentimentText": "소음은 드럼세탁기보다도 조용한 느낌입니다",
        "SentimentWord": "4",
        "SentimentPolarity": "1"
      }
    ]
  },
  {
    "Index": "19758",
    "RawText": "건조기가 부피가 있는 이불 건조시 시간이 많이 걸리는 단점으로 부족한 부분도 있지만, 얇은 이불 정도는 건조가 잘 되요^^",
    "Source": "쇼핑몰",
    "Domain": "가전",
    "MainCategory": "생활/미용/욕실가전",
    "ProductName": "삼성전자 DV90T5440KW 일반구매",
    "ReviewScore": "5",
    "Syllable": "68",
    "Word": "18",
    "RDate": "20220416",
    "GeneralPolarity": "0",
    "Aspects": [
      {
        "Aspect": "시간/속도",
        "SentimentText": " 건조기가 부피가 있는 이불 건조시 시간이 많이 걸리는 단점으로 부족한 부분도 있지만",
        "SentimentWord": "12",
        "SentimentPolarity": "-1"
      },
      {
        "Aspect": "기능",
        "SentimentText": "얇은 이불 정도는 건조가 잘 되요^^",
        "SentimentWord": "6",
        "SentimentPolarity": "1"
      }
    ]
  },
  {
    "Index": "19759",
    "RawText": "디자인이 예뻐요.성능도 매우 좋아요. 설치후 작동해보니 뽀송뽀송하게 건조가 잘되어 만족스러웠어요.  표준건조시 시간이 많이 필요하네요",
    "Source": "쇼핑몰",
    "Domain": "가전",
    "MainCategory": "생활/미용/욕실가전",
    "ProductName": "삼성전자 DV90T5440KW 일반구매",
    "ReviewScore": "5",
    "Syllable": "74",
    "Word": "14",
    "RDate": "20220713",
    "GeneralPolarity": "1",
    "Aspects": [
      {
        "Aspect": "디자인",
        "SentimentText": "디자인이 예뻐요.",
        "SentimentWord": "2",
        "SentimentPolarity": "1"
      },
      {
        "Aspect": "기능",
        "SentimentText": "성능도 매우 좋아요. 설치후 작동해보니 뽀송뽀송하게 건조가 잘되어 만족스러웠어요.",
        "SentimentWord": "9",
        "SentimentPolarity": "1"
      },
      {
        "Aspect": "시간/속도",
        "SentimentText": "표준건조시 시간이 많이 필요하네요",
        "SentimentWord": "4",
        "SentimentPolarity": "-1"
      }
    ]
  },
  {
    "Index": "19760",
    "RawText": "원했던 사이즈라서 기뻐요~!!!작은 소음이 있고,건조는 잘되서 좋네요.기사님이 친절하시고,배송역시 빨라서좋아요~!!",
    "Source": "쇼핑몰",
    "Domain": "가전",
    "MainCategory": "생활/미용/욕실가전",
    "ProductName": "삼성전자 DV90T5440KW 일반구매",
    "ReviewScore": "5",
    "Syllable": "64",
    "Word": "9",
    "RDate": "20220220",
    "Aspects": [
      {
        "Aspect": "사이즈",
        "SentimentText": "원했던 사이즈라서 기뻐요",
        "SentimentWord": "3",
        "SentimentPolarity": "1"
      },
      {
        "Aspect": "소음",
        "SentimentText": "작은 소음이 있고",
        "SentimentWord": "3",
        "SentimentPolarity": "0"
      },
      {
        "Aspect": "기능",
        "SentimentText": "건조는 잘되서 좋네요",
        "SentimentWord": "3",
        "SentimentPolarity": "1"
      }
    ]
  },
  {
    "Index": "19761",
    "RawText": "디자인도 예쁘고 사이즈도 적당해서 만족스러워요. 설치기사님 둘이 기싸움하신 부분은 살짝 불쾌했어요",
    "Source": "쇼핑몰",
    "Domain": "가전",
    "MainCategory": "생활/미용/욕실가전",
    "ProductName": "삼성전자 DV90T5440KW 일반구매",
    "ReviewScore": "5",
    "Syllable": "54",
    "Word": "11",
    "RDate": "20211106",
    "Aspects": [
      {
        "Aspect": "디자인",
        "SentimentText": " 디자인도 예쁘고",
        "SentimentWord": "2",
        "SentimentPolarity": "1"
      },
      {
        "Aspect": "사이즈",
        "SentimentText": "사이즈도 적당해서 만족스러워요.",
        "SentimentWord": "3",
        "SentimentPolarity": "1"
      }
    ]
  },
  {
    "Index": "19762",
    "RawText": "가장 저렴하네요^^ 배송하시고 설치 해주시는 기사님들  매우 친절 합니다.ㅇㅇㅇ은 믿고 사용해요!",
    "Source": "쇼핑몰",
    "Domain": "가전",
    "MainCategory": "생활/미용/욕실가전",
    "ProductName": "삼성전자 DV90T5440KW 일반구매",
    "ReviewScore": "5",
    "Syllable": "54",
    "Word": "11",
    "RDate": "20210907",
    "Aspects": [
      {
        "Aspect": "가격",
        "SentimentText": "가장 저렴하네요^^",
        "SentimentWord": "2",
        "SentimentPolarity": "1"
      },
      {
        "Aspect": "제조일/제조사",
        "SentimentText": "ㅇㅇㅇ은 믿고 사용해요!",
        "SentimentWord": "3",
        "SentimentPolarity": "1"
      }
    ]
  },
  {
    "Index": "19763",
    "RawText": "착한 가격으로 구매했어요~ 사용이 간단해서 잘쓰고 있습니다 ^^",
    "Source": "쇼핑몰",
    "Domain": "가전",
    "MainCategory": "생활/미용/욕실가전",
    "ProductName": "삼성전자 DV90T5440KW 일반구매",
    "ReviewScore": "5",
    "Syllable": "35",
    "Word": "8",
    "RDate": "20210903",
    "Aspects": [
      {
        "Aspect": "가격",
        "SentimentText": "착한 가격으로 구매했어요~ ",
        "SentimentWord": "3",
        "SentimentPolarity": "1"
      },
      {
        "Aspect": "조작성",
        "SentimentText": "사용이 간단해서 잘쓰고 있습니다 ^^",
        "SentimentWord": "5",
        "SentimentPolarity": "1"
      }
    ]
  },
  {
    "Index": "19764",
    "RawText": "빨래 뽀송뽀송 따뜻하게 잘 말라서 기분도 상쾌해요  작동 방법이 간단해서 편리하게 잘 사용합니다",
    "Source": "쇼핑몰",
    "Domain": "가전",
    "MainCategory": "생활/미용/욕실가전",
    "ProductName": "삼성전자 DV90T5440KW 일반구매",
    "ReviewScore": "5",
    "Syllable": "53",
    "Word": "13",
    "RDate": "20220210",
    "Aspects": [
      {
        "Aspect": "기능",
        "SentimentText": "빨래 뽀송뽀송 따뜻하게 잘 말라서 기분도 상쾌해요",
        "SentimentWord": "7",
        "SentimentPolarity": "1"
      },
      {
        "Aspect": "조작성",
        "SentimentText": "작동 방법이 간단해서 편리하게 잘 사용합니다",
        "SentimentWord": "6",
        "SentimentPolarity": "1"
      }
    ]
  },
  {
    "Index": "19765",
    "RawText": "디자인은 심플하니 이쁘네요~~ 제품의 배수구쪽에  작은 문제가 있어 보여요.ㅇㅇㅇA/S에 문의하려고 합니다.",
    "Source": "쇼핑몰",
    "Domain": "가전",
    "MainCategory": "생활/미용/욕실가전",
    "ProductName": "삼성전자 DV90T5440KW 일반구매",
    "ReviewScore": "5",
    "Syllable": "60",
    "Word": "11",
    "RDate": "20220116",
    "Aspects": [
      {
        "Aspect": "디자인",
        "SentimentText": "디자인은 심플하니 이쁘네요~~",
        "SentimentWord": "3",
        "SentimentPolarity": "1"
      },
      {
        "Aspect": "품질",
        "SentimentText": "제품의 배수구쪽에  작은 문제가 있어 보여요",
        "SentimentWord": "6",
        "SentimentPolarity": "-1"
      }
    ]
  },
  {
    "Index": "19766",
    "RawText": "소음 작아서 좋고  디자인 좋아 너무 예쁜 건조기에요~^^",
    "Source": "쇼핑몰",
    "Domain": "가전",
    "MainCategory": "생활/미용/욕실가전",
    "ProductName": "삼성전자 DV90T5440KW 일반구매",
    "ReviewScore": "4",
    "Syllable": "32",
    "Word": "8",
    "RDate": "20210904",
    "Aspects": [
      {
        "Aspect": "소음",
        "SentimentText": " 소음 작아서 좋고",
        "SentimentWord": "3",
        "SentimentPolarity": "1"
      },
      {
        "Aspect": "디자인",
        "SentimentText": " 디자인 좋아 너무 예쁜 건조기에요~^^",
        "SentimentWord": "5",
        "SentimentPolarity": "1"
      }
    ]
  },
  {
    "Index": "19767",
    "RawText": "총알 처럼 빠른 배송에,기사님이 매우 친절했어요.소음이 거의 없어 조용하구요,건조 성능도 뛰어나요. 가성비 최고에요 ^^",
    "Source": "쇼핑몰",
    "Domain": "가전",
    "MainCategory": "생활/미용/욕실가전",
    "ProductName": "삼성전자 DV90T5440KW 일반구매",
    "ReviewScore": "5",
    "Syllable": "67",
    "Word": "14",
    "RDate": "20210517",
    "Aspects": [
      {
        "Aspect": "소음",
        "SentimentText": "소음이 거의 없어 조용하구요",
        "SentimentWord": "4",
        "SentimentPolarity": "1"
      },
      {
        "Aspect": "기능",
        "SentimentText": "건조 성능도 뛰어나요",
        "SentimentWord": "3",
        "SentimentPolarity": "1"
      },
      {
        "Aspect": "가격",
        "SentimentText": " 가성비 최고에요 ^^",
        "SentimentWord": "3",
        "SentimentPolarity": "1"
      }
    ]
  },
  {
    "Index": "19768",
    "RawText": "빨래 건조하니 뽀송뽀송 대 만족 입니다 .빨래가 빠른시간에 마르니 밀리지 않아요.",
    "Source": "쇼핑몰",
    "Domain": "가전",
    "MainCategory": "생활/미용/욕실가전",
    "ProductName": "삼성전자 DV90T5440KW 일반구매",
    "ReviewScore": "5",
    "Syllable": "45",
    "Word": "11",
    "RDate": "20220812",
    "Aspects": [
      {
        "Aspect": "기능",
        "SentimentText": "빨래 건조하니 뽀송뽀송 대 만족 입니다",
        "SentimentWord": "6",
        "SentimentPolarity": "1"
      },
      {
        "Aspect": "시간/속도",
        "SentimentText": "빨래가 빠른시간에 마르니 밀리지 않아요.",
        "SentimentWord": "5",
        "SentimentPolarity": "1"
      }
    ]
  },
  {
    "Index": "19769",
    "RawText": "문짝을 바꿀수 없는 모델이라네요. ㅜ.ㅜ 불편해요....  건조기는 사용이 간단해서 맘에 들어요~",
    "Source": "쇼핑몰",
    "Domain": "가전",
    "MainCategory": "생활/미용/욕실가전",
    "ProductName": "삼성전자 DV90T5440KW 일반구매",
    "ReviewScore": "5",
    "Syllable": "54",
    "Word": "11",
    "RDate": "20220815",
    "Aspects": [
      {
        "Aspect": "편의성",
        "SentimentText": "문짝을 바꿀수 없는 모델이라네요. ㅜ.ㅜ 불편해요....",
        "SentimentWord": "6",
        "SentimentPolarity": "-1"
      },
      {
        "Aspect": "조작성",
        "SentimentText": "건조기는 사용이 간단해서 맘에 들어요~",
        "SentimentWord": "5",
        "SentimentPolarity": "1"
      }
    ]
  },
  {
    "Index": "19770",
    "RawText": "베란다 협소로 작은사이즈 구입 했는데 크기가 좋네요. 생각보다 소음 그다지 크지않아 좋아요^^",
    "Source": "쇼핑몰",
    "Domain": "가전",
    "MainCategory": "생활/미용/욕실가전",
    "ProductName": "삼성전자 DV90T5440KW 일반구매",
    "ReviewScore": "5",
    "Syllable": "52",
    "Word": "12",
    "RDate": "20210522",
    "Aspects": [
      {
        "Aspect": "사이즈",
        "SentimentText": " 베란다 협소로 작은사이즈 구입 했는데 크기가 좋네요",
        "SentimentWord": "7",
        "SentimentPolarity": "1"
      },
      {
        "Aspect": "소음",
        "SentimentText": "생각보다 소음 그다지 크지않아 좋아요^^",
        "SentimentWord": "5",
        "SentimentPolarity": "1"
      }
    ]
  },
  {
    "Index": "19771",
    "RawText": "베란다는 설치가 어려워 방에 들여놨어요. 기능작동 잘되어 만족스러워요. 수건이랑 속옷만 돌려도 한결 편해요.",
    "Source": "쇼핑몰",
    "Domain": "가전",
    "MainCategory": "생활/미용/욕실가전",
    "ProductName": "삼성전자 DV90T5440KW 일반구매",
    "ReviewScore": "5",
    "Syllable": "60",
    "Word": "13",
    "RDate": "20220219",
    "GeneralPolarity": "1",
    "Aspects": [
      {
        "Aspect": "기능",
        "SentimentText": "기능작동 잘되어 만족스러워요.",
        "SentimentWord": "3",
        "SentimentPolarity": "1"
      },
      {
        "Aspect": "편의성",
        "SentimentText": "수건이랑 속옷만 돌려도 한결 편해요.",
        "SentimentWord": "5",
        "SentimentPolarity": "1"
      }
    ]
  },
  {
    "Index": "19772",
    "RawText": "부모님께 선물 했는데 굉장히 좋아하셨어요. 역시 ㅇㅇㅇ이에요. 할인을 많이 받아서 서둘러 주문했어요. 배송이 무척  빠르고 기사님들도 친절하셨어요",
    "Source": "쇼핑몰",
    "Domain": "가전",
    "MainCategory": "생활/미용/욕실가전",
    "ProductName": "삼성전자 DV90T5440KW 일반구매",
    "ReviewScore": "5",
    "Syllable": "81",
    "Word": "17",
    "RDate": "20220221",
    "Aspects": [
      {
        "Aspect": "제조일/제조사",
        "SentimentText": "역시 ㅇㅇㅇ이에요",
        "SentimentWord": "2",
        "SentimentPolarity": "1"
      },
      {
        "Aspect": "가격",
        "SentimentText": " 할인을 많이 받아서 서둘러 주문했어요",
        "SentimentWord": "5",
        "SentimentPolarity": "1"
      }
    ]
  },
  {
    "Index": "19773",
    "RawText": "부품 불량으로 교환 하기로 했어요. 새제품으로 교환할 때까지 기존제품  설치해주는 ㅇㅇㅇ의 수준높은 서비스~ 역시 짱~ 가격도 부담없어서 좋아요.",
    "Source": "쇼핑몰",
    "Domain": "가전",
    "MainCategory": "생활/미용/욕실가전",
    "ProductName": "삼성전자 DV90T5440KW 일반구매",
    "ReviewScore": "5",
    "Syllable": "81",
    "Word": "18",
    "RDate": "20220221",
    "GeneralPolarity": "1",
    "Aspects": [
      {
        "Aspect": "제조일/제조사",
        "SentimentText": "부품 불량으로 교환 하기로 했어요. 새제품으로 교환할 때까지 기존제품  설치해주는 ㅇㅇㅇ의 수준높은 서비스~ 역시 짱~ ",
        "SentimentWord": "15",
        "SentimentPolarity": "1"
      },
      {
        "Aspect": "가격",
        "SentimentText": "가격도 부담없어서 좋아요.",
        "SentimentWord": "3",
        "SentimentPolarity": "1"
      }
    ]
  },
  {
    "Index": "19774",
    "RawText": "000데이때 할인받아 싼값에 잘 샀습니다. 친절한 설치도 매우 감사했습니다.받고 바로 사용해보니 퀄이 좋네요~^^",
    "Source": "쇼핑몰",
    "Domain": "가전",
    "MainCategory": "생활/미용/욕실가전",
    "ProductName": "삼성전자 DV90T5440KW 일반구매",
    "ReviewScore": "5",
    "Syllable": "63",
    "Word": "13",
    "RDate": "20210521",
    "Aspects": [
      {
        "Aspect": "가격",
        "SentimentText": "할인받아 싼값에 잘 샀습니다.",
        "SentimentWord": "4",
        "SentimentPolarity": "1"
      },
      {
        "Aspect": "품질",
        "SentimentText": " 사용해보니 퀄이 좋네요~^^",
        "SentimentWord": "3",
        "SentimentPolarity": "1"
      }
    ]
  },
  {
    "Index": "19775",
    "RawText": "000세일에 쿠폰으로 저렴하게 구매 했어요.제품 디자인 만족스러워요. 배송이 많이 빨랐습니다.설치시 설명도 잘해줘서 만족합니다.",
    "Source": "쇼핑몰",
    "Domain": "가전",
    "MainCategory": "생활/미용/욕실가전",
    "ProductName": "삼성전자 DV90T5440KW 일반구매",
    "ReviewScore": "5",
    "Syllable": "71",
    "Word": "13",
    "RDate": "20220528",
    "Aspects": [
      {
        "Aspect": "가격",
        "SentimentText": "쿠폰으로 저렴하게 구매 했어요.",
        "SentimentWord": "4",
        "SentimentPolarity": "1"
      },
      {
        "Aspect": "디자인",
        "SentimentText": "제품 디자인 만족스러워요. ",
        "SentimentWord": "3",
        "SentimentPolarity": "1"
      }
    ]
  },
  {
    "Index": "19776",
    "RawText": "스마일할인 받고 완전 저렴히 구매 완료~~ 우선 1등급이 가장 맘이 편안하고 좋네요.잘 쓸거 같아요~",
    "Source": "쇼핑몰",
    "Domain": "가전",
    "MainCategory": "생활/미용/욕실가전",
    "ProductName": "삼성전자 DV90T5440KW 일반구매",
    "ReviewScore": "5",
    "Syllable": "56",
    "Word": "14",
    "RDate": "20210521",
    "Aspects": [
      {
        "Aspect": "가격",
        "SentimentText": "스마일할인 받고 완전 저렴히 구매 완료~~",
        "SentimentWord": "6",
        "SentimentPolarity": "1"
      },
      {
        "Aspect": "소비전력",
        "SentimentText": "우선 1등급이 가장 맘이 편안하고 좋네요",
        "SentimentWord": "6",
        "SentimentPolarity": "1"
      }
    ]
  },
  {
    "Index": "19777",
    "RawText": "통풍구 따로 빼지않아도 되서 편하고 좋네요 ~ 품질 만족^^ 고장 없이 잘 사용하고 있어요",
    "Source": "쇼핑몰",
    "Domain": "가전",
    "MainCategory": "생활/미용/욕실가전",
    "ProductName": "삼성전자 DV90T5440KW 일반구매",
    "ReviewScore": "5",
    "Syllable": "50",
    "Word": "14",
    "RDate": "20220223",
    "Aspects": [
      {
        "Aspect": "편의성",
        "SentimentText": "통풍구 따로 빼지않아도 되서 편하고 좋네요 ~ ",
        "SentimentWord": "7",
        "SentimentPolarity": "1"
      },
      {
        "Aspect": "품질",
        "SentimentText": "품질 만족 ^^ 고장 없이 잘 사용하고 있어요",
        "SentimentWord": "8",
        "SentimentPolarity": "1"
      }
    ]
  },
  {
    "Index": "19778",
    "RawText": "빠른배송과 친절한 안내에 기분이 좋습니다. 용량이 생각보다 작아요. ㅠ.ㅠ 이불은 건조 시간과 속도가 많이 걸려 아쉬워요. 다른 건조기능은 만족합니다.",
    "Source": "쇼핑몰",
    "Domain": "가전",
    "MainCategory": "생활/미용/욕실가전",
    "ProductName": "삼성전자 DV90T5440KW 일반구매",
    "ReviewScore": "5",
    "Syllable": "84",
    "Word": "19",
    "RDate": "20210630",
    "Aspects": [
      {
        "Aspect": "용량",
        "SentimentText": "용량이 생각보다 작아요. ㅠ.ㅠ ",
        "SentimentWord": "4",
        "SentimentPolarity": "-1"
      },
      {
        "Aspect": "시간/속도",
        "SentimentText": "이불은 건조 시간과 속도가 많이 걸려 아쉬워요. ",
        "SentimentWord": "7",
        "SentimentPolarity": "-1"
      },
      {
        "Aspect": "기능",
        "SentimentText": "다른 건조기능은 만족합니다. ",
        "SentimentWord": "3",
        "SentimentPolarity": "1"
      }
    ]
  },
  {
    "Index": "19779",
    "RawText": "빠른배송과 설치 정말 감사해요.사이즈가  제가 생각한 크기에 잘 맞아서 기뻐요.구김없이 건조가 잘되네요^^",
    "Source": "쇼핑몰",
    "Domain": "가전",
    "MainCategory": "생활/미용/욕실가전",
    "ProductName": "삼성전자 DV90T5440KW 일반구매",
    "ReviewScore": "5",
    "Syllable": "59",
    "Word": "12",
    "RDate": "20210512",
    "Aspects": [
      {
        "Aspect": "사이즈",
        "SentimentText": "사이즈가  제가 생각한 크기에 잘 맞아서 기뻐요",
        "SentimentWord": "7",
        "SentimentPolarity": "1"
      },
      {
        "Aspect": "기능",
        "SentimentText": "구김없이 건조가 잘되네요^^",
        "SentimentWord": "3",
        "SentimentPolarity": "1"
      }
    ]
  },
  {
    "Index": "19780",
    "RawText": "건조기 작동도 잘되네요.~만족  제품은 역시 ㅇㅇㅇ두말할것없이 최고에요!^^",
    "Source": "쇼핑몰",
    "Domain": "가전",
    "MainCategory": "생활/미용/욕실가전",
    "ProductName": "삼성전자 DV90T5440KW 일반구매",
    "ReviewScore": "5",
    "Syllable": "42",
    "Word": "7",
    "RDate": "20220114",
    "Aspects": [
      {
        "Aspect": "품질",
        "SentimentText": "건조기 작동도 잘되네요.~만족  ",
        "SentimentWord": "3",
        "SentimentPolarity": "1"
      },
      {
        "Aspect": "제조일/제조사",
        "SentimentText": "제품은 역시 ㅇㅇㅇ두말할것없이 최고에요!^^",
        "SentimentWord": "4",
        "SentimentPolarity": "1"
      }
    ]
  },
  {
    "Index": "19781",
    "RawText": "건조기 구입을 권해서 고민끝에 구매 했어요.빨리 건조되서 정말 좋습니다~습도가 높은 날씨에도  뽀송하게 건조되니 매우 좋아요^^",
    "Source": "쇼핑몰",
    "Domain": "가전",
    "MainCategory": "생활/미용/욕실가전",
    "ProductName": "삼성전자 DV90T5440KW 일반구매",
    "ReviewScore": "5",
    "Syllable": "71",
    "Word": "15",
    "RDate": "20220326",
    "GeneralPolarity": "1",
    "Aspects": [
      {
        "Aspect": "시간/속도",
        "SentimentText": "빨리 건조되서 정말 좋습니다~",
        "SentimentWord": "4",
        "SentimentPolarity": "1"
      },
      {
        "Aspect": "기능",
        "SentimentText": "습도가 높은 날씨에도  뽀송하게 건조되니 매우 좋아요^^",
        "SentimentWord": "7",
        "SentimentPolarity": "1"
      }
    ]
  },
  {
    "Index": "19782",
    "RawText": "건조기 사용후 삶이 완전 좋아 졌어요 ~장마철엔 냄세없이 옷이 잘 마르니 꼭 필요한 필수템 이죠. 2시간이면 뽀송뽀송 해지는게 정말 만족스러워요. 면 종류의 옷은 살짝 줄어들긴 하지만 심하진 않고요 ~좋네요",
    "Source": "쇼핑몰",
    "Domain": "가전",
    "MainCategory": "생활/미용/욕실가전",
    "ProductName": "삼성전자 DV90T5440KW 일반구매",
    "ReviewScore": "5",
    "Syllable": "115",
    "Word": "29",
    "RDate": "20210825",
    "GeneralPolarity": "1",
    "Aspects": [
      {
        "Aspect": "기능",
        "SentimentText": "장마철엔 냄세없이 옷이 잘 마르니 꼭 필요한 필수템 이죠.",
        "SentimentWord": "9",
        "SentimentPolarity": "1"
      },
      {
        "Aspect": "시간/속도",
        "SentimentText": "2시간이면 뽀송뽀송 해지는게 정말 만족스러워요. ",
        "SentimentWord": "5",
        "SentimentPolarity": "1"
      },
      {
        "Aspect": "기능",
        "SentimentText": "면 종류의 옷은 살짝 줄어들긴 하지만 심하진 않고요 ~",
        "SentimentWord": "9",
        "SentimentPolarity": "0"
      }
    ]
  },
  {
    "Index": "19783",
    "RawText": "ㅇㅇㅇ제품은 항상 최고입니다. 1인가구라 사이즈 고민하다가 브랜드로 결정했어요... 탁월한 선택 이었어요!사이즈 적당하네요.",
    "Source": "쇼핑몰",
    "Domain": "가전",
    "MainCategory": "생활/미용/욕실가전",
    "ProductName": "삼성전자 DV90T5440KW 일반구매",
    "ReviewScore": "5",
    "Syllable": "69",
    "Word": "12",
    "RDate": "20210512",
    "GeneralPolarity": "1",
    "Aspects": [
      {
        "Aspect": "제조일/제조사",
        "SentimentText": "ㅇㅇㅇ제품은 항상 최고입니다",
        "SentimentWord": "3",
        "SentimentPolarity": "1"
      },
      {
        "Aspect": "사이즈",
        "SentimentText": "사이즈 적당하네요.",
        "SentimentWord": "2",
        "SentimentPolarity": "1"
      }
    ]
  },
  {
    "Index": "19784",
    "RawText": "ㅇㅇㅇ이라서 기대이상이네요. ㅇㅇㅇ를 통해 매우 저렴히 잘 구매했어요. 배송기사님들이 무척 친절하세요.10년 쓸께요~^^",
    "Source": "쇼핑몰",
    "Domain": "가전",
    "MainCategory": "생활/미용/욕실가전",
    "ProductName": "삼성전자 DV90T5440KW 일반구매",
    "ReviewScore": "5",
    "Syllable": "67",
    "Word": "12",
    "RDate": "20210523",
    "Aspects": [
      {
        "Aspect": "제조일/제조사",
        "SentimentText": "ㅇㅇㅇ이라서 기대이상이네요",
        "SentimentWord": "2",
        "SentimentPolarity": "1"
      },
      {
        "Aspect": "가격",
        "SentimentText": "ㅇㅇㅇ를 통해 매우 저렴히 잘 구매했어요. ",
        "SentimentWord": "6",
        "SentimentPolarity": "1"
      }
    ]
  },
  {
    "Index": "19785",
    "RawText": "ㅇㅇㅇ인버터건조기는 최고에요. 디자인이  예뻐요.건조 성능도 뛰어나요.기사님들이 매우 친철하세요~건조기 잘 쓸게요~",
    "Source": "쇼핑몰",
    "Domain": "가전",
    "MainCategory": "생활/미용/욕실가전",
    "ProductName": "삼성전자 DV90T5440KW 일반구매",
    "ReviewScore": "4",
    "Syllable": "64",
    "Word": "10",
    "RDate": "20210515",
    "Aspects": [
      {
        "Aspect": "제조일/제조사",
        "SentimentText": "ㅇㅇㅇ인버터건조기는 최고에요.",
        "SentimentWord": "2",
        "SentimentPolarity": "1"
      },
      {
        "Aspect": "디자인",
        "SentimentText": " 디자인이  예뻐요",
        "SentimentWord": "2",
        "SentimentPolarity": "1"
      },
      {
        "Aspect": "기능",
        "SentimentText": "건조 성능도 뛰어나요.",
        "SentimentWord": "3",
        "SentimentPolarity": "1"
      }
    ]
  },
  {
    "Index": "19786",
    "RawText": "예상 한것보다 옷이 많이 들어가서 놀랐어요.옷이 뽀송하게 잘 말라주니 장마 빗소리도  맘 편안히 즐길수 있네요. 1등급은 역시 최고입니다!",
    "Source": "쇼핑몰",
    "Domain": "가전",
    "MainCategory": "생활/미용/욕실가전",
    "ProductName": "삼성전자 DV90T5440KW 일반구매",
    "ReviewScore": "5",
    "Syllable": "77",
    "Word": "18",
    "RDate": "20220630",
    "GeneralPolarity": "1",
    "Aspects": [
      {
        "Aspect": "용량",
        "SentimentText": "예상 한것보다 옷이 많이 들어가서 놀랐어요.",
        "SentimentWord": "6",
        "SentimentPolarity": "1"
      },
      {
        "Aspect": "기능",
        "SentimentText": "옷이 뽀송하게 잘 말라주니 장마 빗소리도  맘 편안히 즐길수 있네요",
        "SentimentWord": "10",
        "SentimentPolarity": "1"
      },
      {
        "Aspect": "소비전력",
        "SentimentText": "1등급은 역시 최고입니다!",
        "SentimentWord": "3",
        "SentimentPolarity": "1"
      }
    ]
  },
  {
    "Index": "19787",
    "RawText": "색상이 고급지고 집과 잘 어울려요.건조도 잘 되서 수건이 뽀송뽀송 너무 좋아요.",
    "Source": "쇼핑몰",
    "Domain": "가전",
    "MainCategory": "생활/미용/욕실가전",
    "ProductName": "삼성전자 DV90T5440KW 일반구매",
    "ReviewScore": "5",
    "Syllable": "44",
    "Word": "11",
    "RDate": "20220525",
    "Aspects": [
      {
        "Aspect": "기능",
        "SentimentText": "건조도 잘 되서 수건이 뽀송뽀송 너무 좋아요.",
        "SentimentWord": "7",
        "SentimentPolarity": "1"
      },
      {
        "Aspect": "색상",
        "SentimentText": "색상이 고급지고 집과 잘 어울려요.",
        "SentimentWord": "5",
        "SentimentPolarity": "1"
      }
    ]
  },
  {
    "Index": "19788",
    "RawText": "설치 기사가 친절하고 빠르게 설치 했어요. 1인 가구나 가족수가 적은가정에 알맞은 사이즈에요.약간의 소음은 있어요.디자인이 깔끔해요.전체적으로  좋습니다^^",
    "Source": "쇼핑몰",
    "Domain": "가전",
    "MainCategory": "생활/미용/욕실가전",
    "ProductName": "삼성전자 DV90T5440KW 일반구매",
    "ReviewScore": "5",
    "Syllable": "87",
    "Word": "16",
    "RDate": "20210519",
    "Aspects": [
      {
        "Aspect": "사이즈",
        "SentimentText": " 1인 가구나 가족수가 적은가정에 알맞은 사이즈에요",
        "SentimentWord": "6",
        "SentimentPolarity": "1"
      },
      {
        "Aspect": "소음",
        "SentimentText": "약간의 소음은 있어요",
        "SentimentWord": "3",
        "SentimentPolarity": "-1"
      },
      {
        "Aspect": "디자인",
        "SentimentText": "디자인이 깔끔해요",
        "SentimentWord": "2",
        "SentimentPolarity": "1"
      }
    ]
  },
  {
    "Index": "19789",
    "RawText": "빨래도 뽀송뽀송 따뜻하게 잘 말라서 기분도 상쾌해요^^굿 색상도 은은하고 좋아요. ^^",
    "Source": "쇼핑몰",
    "Domain": "가전",
    "MainCategory": "생활/미용/욕실가전",
    "ProductName": "삼성전자 DV90T5440KW 일반구매",
    "ReviewScore": "5",
    "Syllable": "48",
    "Word": "11",
    "RDate": "20211021",
    "Aspects": [
      {
        "Aspect": "기능",
        "SentimentText": "빨래도 뽀송뽀송 따뜻하게 잘 말라서 기분도 상쾌해요^^굿",
        "SentimentWord": "7",
        "SentimentPolarity": "1"
      },
      {
        "Aspect": "색상",
        "SentimentText": " 색상도 은은하고 좋아요. ^^ ",
        "SentimentWord": "4",
        "SentimentPolarity": "1"
      }
    ]
  },
  {
    "Index": "19790",
    "RawText": "내부가 생각보다 깊어서 아주 두꺼운 이불 아닌 이상 무난히 들어가요~ 강추!!  리모컨 없는줄 알았는데 같이 와서 좋아요.",
    "Source": "쇼핑몰",
    "Domain": "가전",
    "MainCategory": "생활/미용/욕실가전",
    "ProductName": "삼성전자 DV90T5440KW 일반구매",
    "ReviewScore": "4",
    "Syllable": "68",
    "Word": "17",
    "RDate": "20210523",
    "Aspects": [
      {
        "Aspect": "용량",
        "SentimentText": "내부가 생각보다 깊어서 아주 두꺼운 이불 아닌 이상 무난히 들어가요~ 강추!!  ",
        "SentimentWord": "11",
        "SentimentPolarity": "1"
      },
      {
        "Aspect": "제품구성",
        "SentimentText": "리모컨 없는줄 알았는데 같이 와서 좋아요. ",
        "SentimentWord": "6",
        "SentimentPolarity": "1"
      }
    ]
  },
  {
    "Index": "19791",
    "RawText": "디자인도 심플하고 깨끗하네요 이뻐요~사용이 간편한 좋은 제품 감사합니다.",
    "Source": "쇼핑몰",
    "Domain": "가전",
    "MainCategory": "생활/미용/욕실가전",
    "ProductName": "삼성전자 DV90T5440KW 일반구매",
    "ReviewScore": "4",
    "Syllable": "40",
    "Word": "8",
    "RDate": "20210522",
    "Aspects": [
      {
        "Aspect": "디자인",
        "SentimentText": "디자인도 심플하고 깨끗하네요 이뻐요~",
        "SentimentWord": "4",
        "SentimentPolarity": "1"
      },
      {
        "Aspect": "조작성",
        "SentimentText": "사용이 간편한 좋은 제품 감사합니다.",
        "SentimentWord": "5",
        "SentimentPolarity": "1"
      }
    ]
  },
  {
    "Index": "19792",
    "RawText": "AI건조 모드로 자동으로 시간 조정해서 돌아가는 거 보니까 정말 좋네요~사용해보니 건조가 잘되어 미소가 지어져요. ^^",
    "Source": "쇼핑몰",
    "Domain": "가전",
    "MainCategory": "생활/미용/욕실가전",
    "ProductName": "삼성전자 DV90T5440KW 일반구매",
    "ReviewScore": "5",
    "Syllable": "66",
    "Word": "15",
    "RDate": "20220306",
    "Aspects": [
      {
        "Aspect": "기능",
        "SentimentText": "AI건조 모드로 자동으로 시간 조정해서 돌아가는 거 보니까 정말 좋네요~",
        "SentimentWord": "10",
        "SentimentPolarity": "1"
      },
      {
        "Aspect": "기능",
        "SentimentText": "건조가 잘되어 미소가 지어져요. ^^",
        "SentimentWord": "5",
        "SentimentPolarity": "1"
      }
    ]
  },
  {
    "Index": "19793",
    "RawText": "먼지털기 기능으로 사용해봤는데, 보송보송 넘 만족합니다~^^건조기 사용하면 장마에도 빨래 말릴 걱정없이  생활하니 매우 편하고 만족합니다. 사업 번창 하세요",
    "Source": "쇼핑몰",
    "Domain": "가전",
    "MainCategory": "생활/미용/욕실가전",
    "ProductName": "삼성전자 DV90T5440KW 일반구매",
    "ReviewScore": "5",
    "Syllable": "87",
    "Word": "18",
    "RDate": "20220708",
    "Aspects": [
      {
        "Aspect": "기능",
        "SentimentText": "먼지털기 기능으로 사용해봤는데, 보송보송 넘 만족합니다~^^",
        "SentimentWord": "6",
        "SentimentPolarity": "1"
      },
      {
        "Aspect": "편의성",
        "SentimentText": "건조기 사용하면 장마에도 빨래 말릴 걱정없이  생활하니 매우 편하고 만족합니다. ",
        "SentimentWord": "10",
        "SentimentPolarity": "1"
      }
    ]
  },
  {
    "Index": "19794",
    "RawText": "소음이 엄청나요 ㅠㅠ 신경쓰이는데.... 하지만 건조기 사용해보니 잘 마른 빨래에 감탄이~ 엄청 강추입니다",
    "Source": "쇼핑몰",
    "Domain": "가전",
    "MainCategory": "생활/미용/욕실가전",
    "ProductName": "삼성전자 DV90T5440KW 일반구매",
    "ReviewScore": "5",
    "Syllable": "59",
    "Word": "13",
    "RDate": "20220529",
    "Aspects": [
      {
        "Aspect": "소음",
        "SentimentText": "소음이 엄청나요 ㅠㅠ 신경쓰이는데.... ",
        "SentimentWord": "4",
        "SentimentPolarity": "-1"
      },
      {
        "Aspect": "기능",
        "SentimentText": "건조기 사용해보니 잘 마른 빨래에 감탄이~ 엄청 강추입니다",
        "SentimentWord": "8",
        "SentimentPolarity": "1"
      }
    ]
  },
  {
    "Index": "19795",
    "RawText": "쿠폰받아 저렴하게 구매했어요~^^  디자인도 좋아서 구매만족도 최고예요.",
    "Source": "쇼핑몰",
    "Domain": "가전",
    "MainCategory": "생활/미용/욕실가전",
    "ProductName": "삼성전자 DV90T5440KW 일반구매",
    "ReviewScore": "4",
    "Syllable": "40",
    "Word": "7",
    "RDate": "20220303",
    "Aspects": [
      {
        "Aspect": "가격",
        "SentimentText": "쿠폰받아 저렴하게 구매했어요~^^ ",
        "SentimentWord": "3",
        "SentimentPolarity": "1"
      },
      {
        "Aspect": "디자인",
        "SentimentText": "디자인도 좋아서 구매만족도 최고예요.",
        "SentimentWord": "4",
        "SentimentPolarity": "1"
      }
    ]
  },
  {
    "Index": "19796",
    "RawText": "빨래가 짧은 시간에 뽀송하게 건조되니  신세계에요.배송은 빠르고 ,기사님은 매우 친절하셨어요. 사용설명도 감사했어요. 고장 없이 잘 사용하고 있어요^^",
    "Source": "쇼핑몰",
    "Domain": "가전",
    "MainCategory": "생활/미용/욕실가전",
    "ProductName": "삼성전자 DV90T5440KW 일반구매",
    "ReviewScore": "5",
    "Syllable": "84",
    "Word": "17",
    "RDate": "20210710",
    "Aspects": [
      {
        "Aspect": "시간/속도",
        "SentimentText": "빨래가 짧은 시간에 뽀송하게 건조되니  신세계에요.",
        "SentimentWord": "6",
        "SentimentPolarity": "1"
      },
      {
        "Aspect": "품질",
        "SentimentText": "고장 없이 잘 사용하고 있어요^^",
        "SentimentWord": "5",
        "SentimentPolarity": "1"
      }
    ]
  },
  {
    "Index": "19798",
    "RawText": "화이트색상이라 주위가 밝아보여 좋아요 ㅎㅎ 사용법도 간단해서 잘 사용해요.이번 장마때는 뽀송하게 잘 마른 빨래를 기대 할께요",
    "Source": "쇼핑몰",
    "Domain": "가전",
    "MainCategory": "생활/미용/욕실가전",
    "ProductName": "삼성전자 DV90T5440KW 일반구매",
    "ReviewScore": "5",
    "Syllable": "69",
    "Word": "16",
    "RDate": "20210701",
    "Aspects": [
      {
        "Aspect": "색상",
        "SentimentText": "화이트색상이라 주위가 밝아보여 좋아요 ㅎㅎ",
        "SentimentWord": "5",
        "SentimentPolarity": "1"
      },
      {
        "Aspect": "조작성",
        "SentimentText": "사용법도 간단해서 잘 사용해요",
        "SentimentWord": "4",
        "SentimentPolarity": "1"
      }
    ]
  },
  {
    "Index": "19799",
    "RawText": "건조 성능이 좋아 선물하기 너무 좋아요. 사이즈도 작은것이 딱 원하던 거라 더 좋습니다. 디자인이 심플하고 멋져요.",
    "Source": "쇼핑몰",
    "Domain": "가전",
    "MainCategory": "생활/미용/욕실가전",
    "ProductName": "삼성전자 DV90T5440KW 일반구매",
    "ReviewScore": "5",
    "Syllable": "64",
    "Word": "16",
    "RDate": "20220529",
    "GeneralPolarity": "1",
    "Aspects": [
      {
        "Aspect": "기능",
        "SentimentText": "건조 성능이 좋아 선물하기 너무 좋아요.",
        "SentimentWord": "6",
        "SentimentPolarity": "1"
      },
      {
        "Aspect": "사이즈",
        "SentimentText": "사이즈도 작은것이 딱 원하던 거라 더 좋습니다. ",
        "SentimentWord": "7",
        "SentimentPolarity": "1"
      },
      {
        "Aspect": "디자인",
        "SentimentText": "디자인이 심플하고 멋져요.",
        "SentimentWord": "3",
        "SentimentPolarity": "1"
      }
    ]
  },
  {
    "Index": "19800",
    "RawText": "가격대비 최상의 제품품질이에요~!! 오늘 건조기 사용해보니 뽀송뽀송하게 잘 건조되어 굉장히 좋아요~",
    "Source": "쇼핑몰",
    "Domain": "가전",
    "MainCategory": "생활/미용/욕실가전",
    "ProductName": "삼성전자 DV90T5440KW 일반구매",
    "ReviewScore": "5",
    "Syllable": "55",
    "Word": "11",
    "RDate": "20210926",
    "Aspects": [
      {
        "Aspect": "품질",
        "SentimentText": "가격대비 최상의 제품품질이에요~!!",
        "SentimentWord": "3",
        "SentimentPolarity": "1"
      },
      {
        "Aspect": "기능",
        "SentimentText": "오늘 건조기 사용해보니 뽀송뽀송하게 잘 건조되어 굉장히 좋아요~",
        "SentimentWord": "8",
        "SentimentPolarity": "1"
      }
    ]
  },
  {
    "Index": "19801",
    "RawText": "역쉬~ 000전자는 제품이 좋아요.  문의사항 상담도 상품설명도 완벽했어요.  제품이 좋아 건조도 잘되고 만족스럽습니다.",
    "Source": "쇼핑몰",
    "Domain": "가전",
    "MainCategory": "생활/미용/욕실가전",
    "ProductName": "삼성전자 DV90T5440KW 일반구매",
    "ReviewScore": "5",
    "Syllable": "67",
    "Word": "13",
    "RDate": "20210601",
    "Aspects": [
      {
        "Aspect": "제조일/제조사",
        "SentimentText": "역쉬~ 000전자는 제품이 좋아요.  ",
        "SentimentWord": "4",
        "SentimentPolarity": "1"
      },
      {
        "Aspect": "기능",
        "SentimentText": "제품이 좋아 건조도 잘되고 만족스럽습니다.",
        "SentimentWord": "5",
        "SentimentPolarity": "1"
      }
    ]
  },
  {
    "Index": "19802",
    "RawText": "건조기 작동 시켜봤는데 어머나~소음도 양호합니다.  빨래도 눅눅함 없이 잘 마르고 넘좋아요~  표준기능만으로도 만족스럽습니다.",
    "Source": "쇼핑몰",
    "Domain": "가전",
    "MainCategory": "생활/미용/욕실가전",
    "ProductName": "삼성전자 DV90T5440KW 일반구매",
    "ReviewScore": "5",
    "Syllable": "70",
    "Word": "13",
    "RDate": "20220127",
    "GeneralPolarity": "1",
    "Aspects": [
      {
        "Aspect": "소음",
        "SentimentText": "어머나~소음도 양호합니다. ",
        "SentimentWord": "2",
        "SentimentPolarity": "1"
      },
      {
        "Aspect": "기능",
        "SentimentText": "빨래도 눅눅함 없이 잘 마르고 넘좋아요~",
        "SentimentWord": "6",
        "SentimentPolarity": "1"
      },
      {
        "Aspect": "기능",
        "SentimentText": "표준기능만으로도 만족스럽습니다.",
        "SentimentWord": "2",
        "SentimentPolarity": "1"
      }
    ]
  },
  {
    "Index": "19803",
    "RawText": "세탁한 양말 건조기에 건조해보니 뽀송뽀송 잘 건조되어 너무~~좋아요~ 장마때도 날씨 상관없이 건조가 잘되서 편하고 좋아요^^",
    "Source": "쇼핑몰",
    "Domain": "가전",
    "MainCategory": "생활/미용/욕실가전",
    "ProductName": "삼성전자 DV90T5440KW 일반구매",
    "ReviewScore": "5",
    "Syllable": "69",
    "Word": "15",
    "RDate": "20220621",
    "Aspects": [
      {
        "Aspect": "편의성",
        "SentimentText": "장마때도 날씨 상관없이 건조가 잘되서 편하고 좋아요^^",
        "SentimentWord": "7",
        "SentimentPolarity": "1"
      },
      {
        "Aspect": "기능",
        "SentimentText": "세탁한 양말 건조기에 건조해보니 뽀송뽀송 잘 건조되어 너무~~좋아요~",
        "SentimentWord": "8",
        "SentimentPolarity": "1"
      }
    ]
  },
  {
    "Index": "19804",
    "RawText": "용량은 9키로~ 저에게 딱이예요. 이불 넣어서 돌려도 잘 말라요. 사이즈가 적당해서 좋아요. 원하는 공간에 놓을수 있어요.",
    "Source": "쇼핑몰",
    "Domain": "가전",
    "MainCategory": "생활/미용/욕실가전",
    "ProductName": "삼성전자 DV90T5440KW 일반구매",
    "ReviewScore": "5",
    "Syllable": "68",
    "Word": "16",
    "RDate": "20211129",
    "GeneralPolarity": "1",
    "Aspects": [
      {
        "Aspect": "용량",
        "SentimentText": "용량은 9키로~ 저에게 딱이예요. ",
        "SentimentWord": "4",
        "SentimentPolarity": "1"
      },
      {
        "Aspect": "기능",
        "SentimentText": "이불 넣어서 돌려도 잘 말라요. ",
        "SentimentWord": "5",
        "SentimentPolarity": "1"
      },
      {
        "Aspect": "사이즈",
        "SentimentText": "사이즈가 적당해서 좋아요. ",
        "SentimentWord": "3",
        "SentimentPolarity": "1"
      }
    ]
  },
  {
    "Index": "19805",
    "RawText": "건조되는 동안 열도 별로 안나고 좋아요^^  사이즈도 적당해서 편했어요.",
    "Source": "쇼핑몰",
    "Domain": "가전",
    "MainCategory": "생활/미용/욕실가전",
    "ProductName": "삼성전자 DV90T5440KW 일반구매",
    "ReviewScore": "5",
    "Syllable": "40",
    "Word": "9",
    "RDate": "20220217",
    "Aspects": [
      {
        "Aspect": "내구성",
        "SentimentText": "건조되는 동안 열도 별로 안나고 좋아요^^ ",
        "SentimentWord": "6",
        "SentimentPolarity": "1"
      },
      {
        "Aspect": "사이즈",
        "SentimentText": "사이즈도 적당해서 편했어요. ",
        "SentimentWord": "3",
        "SentimentPolarity": "1"
      }
    ]
  },
  {
    "Index": "19806",
    "RawText": "온라인으로 저렴하게 구매해서 만족해요!!  실내외 상관없이 사용 할수 있어서 실용성이 돋보여요 잘 사용 할께요",
    "Source": "쇼핑몰",
    "Domain": "가전",
    "MainCategory": "생활/미용/욕실가전",
    "ProductName": "삼성전자 DV90T5440KW 일반구매",
    "ReviewScore": "5",
    "Syllable": "61",
    "Word": "14",
    "RDate": "20220324",
    "Aspects": [
      {
        "Aspect": "가격",
        "SentimentText": "온라인으로 저렴하게 구매해서 만족해요!!",
        "SentimentWord": "4",
        "SentimentPolarity": "1"
      },
      {
        "Aspect": "편의성",
        "SentimentText": "실내외 상관없이 사용 할수 있어서 실용성이 돋보여요",
        "SentimentWord": "7",
        "SentimentPolarity": "1"
      }
    ]
  },
  {
    "Index": "19807",
    "RawText": "좋은제품 가격도 착해서 구매했어요. 표준건조는 시간이 꽤걸리는데 ai맞춤건조하니 어느정도시간만 걸리고도 잘 말라서 좋네요.",
    "Source": "쇼핑몰",
    "Domain": "가전",
    "MainCategory": "생활/미용/욕실가전",
    "ProductName": "삼성전자 DV90T5440KW 일반구매",
    "ReviewScore": "5",
    "Syllable": "68",
    "Word": "13",
    "RDate": "20210608",
    "Aspects": [
      {
        "Aspect": "가격",
        "SentimentText": "좋은제품 가격도 착해서 구매했어요. ",
        "SentimentWord": "4",
        "SentimentPolarity": "1"
      },
      {
        "Aspect": "시간/속도",
        "SentimentText": "표준건조는 시간이 꽤걸리는데 ai맞춤건조하니 어느정도시간만 걸리고도 잘 말라서 좋네요.",
        "SentimentWord": "9",
        "SentimentPolarity": "1"
      }
    ]
  },
  {
    "Index": "19808",
    "RawText": "제품설치후 사용해보니 소음은 거의 안납니다.  기능이 단순해서 좀더 다양함이 있었으면 좋겠습니다.  수건은 확실히 뽀송하게  잘 건조 됩니다.",
    "Source": "쇼핑몰",
    "Domain": "가전",
    "MainCategory": "생활/미용/욕실가전",
    "ProductName": "삼성전자 DV90T5440KW 일반구매",
    "ReviewScore": "5",
    "Syllable": "79",
    "Word": "17",
    "RDate": "20211025",
    "GeneralPolarity": "1",
    "Aspects": [
      {
        "Aspect": "소음",
        "SentimentText": "소음은 거의 안납니다.",
        "SentimentWord": "3",
        "SentimentPolarity": "1"
      },
      {
        "Aspect": "기능",
        "SentimentText": "기능이 단순해서 좀더 다양함이 있었으면 좋겠습니다. ",
        "SentimentWord": "6",
        "SentimentPolarity": "0"
      },
      {
        "Aspect": "기능",
        "SentimentText": "뽀송하게  잘 건조 됩니다.",
        "SentimentWord": "4",
        "SentimentPolarity": "1"
      }
    ]
  },
  {
    "Index": "19809",
    "RawText": "인버터 건조기 이뻐서 좋아요^^ 사용전이지만 ㅇㅇㅇ이라서 믿음이 가요!개인 사정으로 어려운시간에 배송요청 했었는데 요청한 시간 맞춰서 설치 해 주셔서 감사해요.",
    "Source": "쇼핑몰",
    "Domain": "가전",
    "MainCategory": "생활/미용/욕실가전",
    "ProductName": "삼성전자 DV90T5440KW 일반구매",
    "ReviewScore": "5",
    "Syllable": "89",
    "Word": "19",
    "RDate": "20210522",
    "Aspects": [
      {
        "Aspect": "디자인",
        "SentimentText": "인버터 건조기 이뻐서 좋아요^^",
        "SentimentWord": "4",
        "SentimentPolarity": "1"
      },
      {
        "Aspect": "제조일/제조사",
        "SentimentText": "사용전이지만 ㅇㅇㅇ이라서 믿음이 가요",
        "SentimentWord": "4",
        "SentimentPolarity": "1"
      }
    ]
  },
  {
    "Index": "19810",
    "RawText": "일단 불량품이 와서 부속품 교체하니 속상했어요. 설치는 매우 잘 되었습니다. 기계음같은 주파수 소음이 납니다.ㅠ.ㅠ",
    "Source": "쇼핑몰",
    "Domain": "가전",
    "MainCategory": "생활/미용/욕실가전",
    "ProductName": "삼성전자 DV90T5440KW 일반구매",
    "ReviewScore": "3",
    "Syllable": "64",
    "Word": "14",
    "RDate": "20220608",
    "Aspects": [
      {
        "Aspect": "제품구성",
        "SentimentText": "불량품이 와서 부속품 교체하니 속상했어요. ",
        "SentimentWord": "5",
        "SentimentPolarity": "-1"
      },
      {
        "Aspect": "소음",
        "SentimentText": "주파수 소음이 납니다.ㅠ.ㅠ",
        "SentimentWord": "3",
        "SentimentPolarity": "-1"
      }
    ]
  },
  {
    "Index": "19811",
    "RawText": "장마에 빨래 뽀송하게 건조 하려고 샀어요. 빠른시간에 건조가 잘 되어 매우 만족합니다. 먼지가 깔끔하게 털어지고 먼지통에  모이는 것도 만족스러워요.",
    "Source": "쇼핑몰",
    "Domain": "가전",
    "MainCategory": "생활/미용/욕실가전",
    "ProductName": "삼성전자 DV90T5440KW 일반구매",
    "ReviewScore": "5",
    "Syllable": "83",
    "Word": "19",
    "RDate": "20210523",
    "GeneralPolarity": "1",
    "Aspects": [
      {
        "Aspect": "시간/속도",
        "SentimentText": " 빠른시간에 건조가 잘 되어 매우 만족합니다",
        "SentimentWord": "6",
        "SentimentPolarity": "1"
      },
      {
        "Aspect": "기능",
        "SentimentText": "먼지가 깔끔하게 털어지고 먼지통에  모이는 것도 만족스러워요.",
        "SentimentWord": "7",
        "SentimentPolarity": "1"
      }
    ]
  },
  {
    "Index": "19812",
    "RawText": "성능좋은 건조기가 눅눅한 옷을 잘 말려줘요. 불쾌한 냄새도 잘 잡아줍니다. 배송도 몹시 빠르게 왔어요.  설치 기사님께서  친절하셨고 정리도 깔끔했어요. 조작법도 간편하고 너무 좋아요~!",
    "Source": "쇼핑몰",
    "Domain": "가전",
    "MainCategory": "생활/미용/욕실가전",
    "ProductName": "삼성전자 DV90T5440KW 일반구매",
    "ReviewScore": "5",
    "Syllable": "104",
    "Word": "23",
    "RDate": "20210522",
    "Aspects": [
      {
        "Aspect": "기능",
        "SentimentText": "성능좋은 건조기가 눅눅한 옷을 잘 말려줘요.",
        "SentimentWord": "6",
        "SentimentPolarity": "1"
      },
      {
        "Aspect": "조작성",
        "SentimentText": "조작법도 간편하고 너무 좋아요~!",
        "SentimentWord": "4",
        "SentimentPolarity": "1"
      }
    ]
  },
  {
    "Index": "19813",
    "RawText": "제가 원하던 알뜰한 가격 빠른배송도 좋은데 설치할때 몹시 친절해요. 제품 퀄리티가 좋아요. 건조되는 동안 발열도 별로 안나요. 빨래는 뽀송뽀송 말라서 환상적입니다. 진즉살껄~ 생활을 편리하게 해줘요.",
    "Source": "쇼핑몰",
    "Domain": "가전",
    "MainCategory": "생활/미용/욕실가전",
    "ProductName": "삼성전자 DV90T5440KW 일반구매",
    "ReviewScore": "5",
    "Syllable": "111",
    "Word": "25",
    "RDate": "20210911",
    "Aspects": [
      {
        "Aspect": "가격",
        "SentimentText": "제가 원하던 알뜰한 가격",
        "SentimentWord": "4",
        "SentimentPolarity": "1"
      },
      {
        "Aspect": "품질",
        "SentimentText": "제품 퀄리티가 좋아요. ",
        "SentimentWord": "3",
        "SentimentPolarity": "1"
      },
      {
        "Aspect": "내구성",
        "SentimentText": "건조되는 동안 발열도 별로 안나요. ",
        "SentimentWord": "5",
        "SentimentPolarity": "1"
      },
      {
        "Aspect": "기능",
        "SentimentText": "빨래는 뽀송뽀송 말라서 환상적입니다. ",
        "SentimentWord": "4",
        "SentimentPolarity": "1"
      }
    ]
  },
  {
    "Index": "19814",
    "RawText": "내가 사용해 보니 옷이 빠르게 건조 되는것이 매우 신기하고 좋더라구요. 지인에게 선물했더니, 건조기로 옷을 건조해보고  뽀송하게 잘 말라서 매우 좋다고 하네요.빠른배송 감사해요.",
    "Source": "쇼핑몰",
    "Domain": "가전",
    "MainCategory": "생활/미용/욕실가전",
    "ProductName": "삼성전자 DV90T5440KW 일반구매",
    "ReviewScore": "5",
    "Syllable": "99",
    "Word": "22",
    "RDate": "20211110",
    "Aspects": [
      {
        "Aspect": "시간/속도",
        "SentimentText": "내가 사용해 보니 옷이 빠르게 건조 되는것이 매우 신기하고 좋더라구요",
        "SentimentWord": "10",
        "SentimentPolarity": "1"
      },
      {
        "Aspect": "기능",
        "SentimentText": "건조기로 옷을 건조해보고  뽀송하게 잘 말라서 매우 좋다고 하네요",
        "SentimentWord": "9",
        "SentimentPolarity": "1"
      }
    ]
  },
  {
    "Index": "19815",
    "RawText": "배송이 왜케 빨라요 놀랬습니다.  제품 디자인도 깔끔해요. 사용해보니 건조 성능도 좋습니다.  감사합니다.^^",
    "Source": "쇼핑몰",
    "Domain": "가전",
    "MainCategory": "생활/미용/욕실가전",
    "ProductName": "삼성전자 DV90T5440KW 일반구매",
    "ReviewScore": "5",
    "Syllable": "61",
    "Word": "12",
    "RDate": "20210506",
    "Aspects": [
      {
        "Aspect": "디자인",
        "SentimentText": "제품 디자인도 깔끔해요. ",
        "SentimentWord": "3",
        "SentimentPolarity": "1"
      },
      {
        "Aspect": "기능",
        "SentimentText": "건조 성능도 좋습니다.  감사합니다.^^",
        "SentimentWord": "4",
        "SentimentPolarity": "1"
      }
    ]
  },
  {
    "Index": "19817",
    "RawText": "약간의 소음이 있어요. 배송이 2주나 걸려서 아쉬워요. 인버터라 전기요금도 절약되는 제품입니다. 쿠폰이용하여 값싸게 구매했어요. ^^",
    "Source": "쇼핑몰",
    "Domain": "가전",
    "MainCategory": "생활/미용/욕실가전",
    "ProductName": "삼성전자 DV90T5440KW 일반구매",
    "ReviewScore": "3",
    "Syllable": "74",
    "Word": "15",
    "RDate": "20211023",
    "Aspects": [
      {
        "Aspect": "소음",
        "SentimentText": "약간의 소음이 있어요. ",
        "SentimentWord": "3",
        "SentimentPolarity": "0"
      },
      {
        "Aspect": "소비전력",
        "SentimentText": "인버터라 전기요금도 절약되는 제품입니다.",
        "SentimentWord": "4",
        "SentimentPolarity": "1"
      },
      {
        "Aspect": "가격",
        "SentimentText": "값싸게 구매했어요. ^^",
        "SentimentWord": "3",
        "SentimentPolarity": "1"
      }
    ]
  },
  {
    "Index": "19818",
    "RawText": "이불먼지부터 털어보니 진작살걸 후회가 되더군요~♡ .크기가 생각보다 커서 놀랐어요.",
    "Source": "쇼핑몰",
    "Domain": "가전",
    "MainCategory": "생활/미용/욕실가전",
    "ProductName": "삼성전자 DV90T5440KW 일반구매",
    "ReviewScore": "5",
    "Syllable": "46",
    "Word": "9",
    "RDate": "20220704",
    "Aspects": [
      {
        "Aspect": "기능",
        "SentimentText": "이불먼지부터 털어보니 진작살걸 후회가 되더군요~♡",
        "SentimentWord": "5",
        "SentimentPolarity": "1"
      },
      {
        "Aspect": "사이즈",
        "SentimentText": "크기가 생각보다 커서 놀랐어요.",
        "SentimentWord": "4",
        "SentimentPolarity": "0"
      }
    ]
  },
  {
    "Index": "19819",
    "RawText": "아휴 배송이 오래걸려요. 소음이 좀 있어요.  성능 테스트는 수건넣고 돌려보니 확실히 좋습니다.",
    "Source": "쇼핑몰",
    "Domain": "가전",
    "MainCategory": "생활/미용/욕실가전",
    "ProductName": "삼성전자 DV90T5440KW 일반구매",
    "ReviewScore": "5",
    "Syllable": "53",
    "Word": "12",
    "RDate": "20220815",
    "Aspects": [
      {
        "Aspect": "소음",
        "SentimentText": "소음이 좀 있어요.",
        "SentimentWord": "3",
        "SentimentPolarity": "-1"
      },
      {
        "Aspect": "기능",
        "SentimentText": "성능 테스트는 수건넣고 돌려보니 확실히 좋습니다. ",
        "SentimentWord": "6",
        "SentimentPolarity": "1"
      }
    ]
  },
  {
    "Index": "19820",
    "RawText": "배송전 미리 연락오고,기사두분이  와서 간단히 설치했어요.작동시 소음은 적고,열기는 살짝 있네요.빨래는 뽀송하게 잘 말라요.빨래를 건조 걱정없이 할 수 있어여 편리하고 좋아요.상세설명엔    문여는 방향에 대한 내용 없었지만 이모델은 문여는 방향을 바꿀수 없는 모델이라서 세탁실이 아닌 베란다에 설치 할 수 밖에 없었어요.  작동시 새 제품 냄새가  나서 문을 열어놓고 사용해요. 쿠폰할인, 가전제품지원 도움받아서 가성비 최고에요!",
    "Source": "쇼핑몰",
    "Domain": "가전",
    "MainCategory": "생활/미용/욕실가전",
    "ProductName": "삼성전자 DV90T5440KW 일반구매",
    "ReviewScore": "4",
    "Syllable": "241",
    "Word": "52",
    "RDate": "20210524",
    "Aspects": [
      {
        "Aspect": "소음",
        "SentimentText": "작동시 소음은 적고",
        "SentimentWord": "3",
        "SentimentPolarity": "1"
      },
      {
        "Aspect": "내구성",
        "SentimentText": "열기는 살짝 있네요",
        "SentimentWord": "3",
        "SentimentPolarity": "0"
      },
      {
        "Aspect": "기능",
        "SentimentText": "빨래는 뽀송하게 잘 말라요",
        "SentimentWord": "4",
        "SentimentPolarity": "1"
      },
      {
        "Aspect": "편의성",
        "SentimentText": "빨래를 건조 걱정없이 할 수 있어여 편리하고 좋아요.",
        "SentimentWord": "8",
        "SentimentPolarity": "1"
      },
      {
        "Aspect": "조작성",
        "SentimentText": "이모델은 문여는 방향을 바꿀수 없는 모델이라서 세탁실이 아닌 베란다에 설치 할 수 밖에 없었어요.",
        "SentimentWord": "14",
        "SentimentPolarity": "-1"
      },
      {
        "Aspect": "가격",
        "SentimentText": "쿠폰할인, 가전제품지원 도움받아서 가성비 최고에요!",
        "SentimentWord": "5",
        "SentimentPolarity": "1"
      }
    ]
  },
  {
    "Index": "19821",
    "RawText": "설치 배송도 3일밖에 안걸려서 좋았어요.  기사님도  친절하시고 차분히 설명도 잘해줍니다. 건조기 성능도 매우 좋습니다. 건조기는 000제품이 최고입니다.",
    "Source": "쇼핑몰",
    "Domain": "가전",
    "MainCategory": "생활/미용/욕실가전",
    "ProductName": "삼성전자 DV90T5440KW 일반구매",
    "ReviewScore": "5",
    "Syllable": "86",
    "Word": "17",
    "RDate": "20210826",
    "Aspects": [
      {
        "Aspect": "기능",
        "SentimentText": "성능도 매우 좋습니다. ",
        "SentimentWord": "3",
        "SentimentPolarity": "1"
      },
      {
        "Aspect": "제조일/제조사",
        "SentimentText": "건조기는 000제품이 최고입니다.",
        "SentimentWord": "3",
        "SentimentPolarity": "1"
      }
    ]
  },
  {
    "Index": "19822",
    "RawText": "역시 ㅇㅇㅇ인가요ㅎㅎ진작 살껄!!! 건조기 작동도 잘되고 수건이 뽀송뽀송 참 좋네요.",
    "Source": "쇼핑몰",
    "Domain": "가전",
    "MainCategory": "생활/미용/욕실가전",
    "ProductName": "삼성전자 DV90T5440KW 일반구매",
    "ReviewScore": "5",
    "Syllable": "47",
    "Word": "10",
    "RDate": "20220123",
    "Aspects": [
      {
        "Aspect": "제조일/제조사",
        "SentimentText": "역시 ㅇㅇㅇ인가요ㅎㅎ진작 살껄!!! ",
        "SentimentWord": "3",
        "SentimentPolarity": "1"
      },
      {
        "Aspect": "기능",
        "SentimentText": "작동도 잘되고 수건이 뽀송뽀송 참 좋네요. ",
        "SentimentWord": "6",
        "SentimentPolarity": "1"
      }
    ]
  },
  {
    "Index": "19823",
    "RawText": "빨래를 자주해서 용량 9키로도 충분합니다.^^ 전기세 걱정없는 1등급이라 최고!!",
    "Source": "쇼핑몰",
    "Domain": "가전",
    "MainCategory": "생활/미용/욕실가전",
    "ProductName": "삼성전자 DV90T5440KW 일반구매",
    "ReviewScore": "5",
    "Syllable": "45",
    "Word": "9",
    "RDate": "20220418",
    "Aspects": [
      {
        "Aspect": "용량",
        "SentimentText": "용량 9키로도 충분합니다.^^",
        "SentimentWord": "3",
        "SentimentPolarity": "1"
      },
      {
        "Aspect": "소비전력",
        "SentimentText": "전기세 걱정없는 1등급이라 최고!!",
        "SentimentWord": "4",
        "SentimentPolarity": "1"
      }
    ]
  }
]