[
  {
    "Index": "19602",
    "RawText": "기사님이 깔끔하게 설치해주셔서 감사했습니다~ 디자인 예쁘고요! 건조기 내부 용량도 커서 굿입니다^^",
    "Source": "쇼핑몰",
    "Domain": "가전",
    "MainCategory": "생활/미용/욕실가전",
    "ProductName": "그랑데 삼성전자 DV17T8520BV 본체",
    "ReviewScore": "5",
    "Syllable": "55",
    "Word": "11",
    "RDate": "20210709",
    "Aspects": [
      {
        "Aspect": "디자인",
        "SentimentText": "디자인 예쁘고요! ",
        "SentimentWord": "2",
        "SentimentPolarity": "1"
      },
      {
        "Aspect": "용량",
        "SentimentText": "건조기 내부 용량도 커서 굿입니다^^",
        "SentimentWord": "5",
        "SentimentPolarity": "1"
      }
    ]
  },
  {
    "Index": "19603",
    "RawText": "사용법이 간단해요~ 좋아요 가성비 좋은 건조기 할인까지받아 잘 구입했네요^^",
    "Source": "쇼핑몰",
    "Domain": "가전",
    "MainCategory": "생활/미용/욕실가전",
    "ProductName": "그랑데 삼성전자 DV17T8520BV 본체",
    "ReviewScore": "5",
    "Syllable": "42",
    "Word": "9",
    "RDate": "20210622",
    "Aspects": [
      {
        "Aspect": "조작성",
        "SentimentText": "사용법이 간단해요~ 좋아요",
        "SentimentWord": "3",
        "SentimentPolarity": "1"
      },
      {
        "Aspect": "가격",
        "SentimentText": "가성비 좋은 건조기 할인까지받아 잘 구입했네요^^",
        "SentimentWord": "6",
        "SentimentPolarity": "1"
      }
    ]
  },
  {
    "Index": "19604",
    "RawText": "가격대비 품질 최고!!   빨래를 말리지 않아도 되니까 너무 편리하네요!!",
    "Source": "쇼핑몰",
    "Domain": "가전",
    "MainCategory": "생활/미용/욕실가전",
    "ProductName": "그랑데 삼성전자 DV17T8520BV 본체",
    "ReviewScore": "5",
    "Syllable": "41",
    "Word": "9",
    "RDate": "20220822",
    "Aspects": [
      {
        "Aspect": "품질",
        "SentimentText": "가격대비 품질 최고!!",
        "SentimentWord": "3",
        "SentimentPolarity": "1"
      },
      {
        "Aspect": "편의성",
        "SentimentText": " 빨래를 말리지 않아도 되니까 너무 편리하네요!!",
        "SentimentWord": "6",
        "SentimentPolarity": "1"
      }
    ]
  },
  {
    "Index": "19605",
    "RawText": "건조기 용량이커서 좋아요. 이불도 대용량 빨래도 거뜬해요 건조기 사용후 바삭마른 이불과 잘 건조되어 결이 살아있는 수건을 만날수 있어요.",
    "Source": "쇼핑몰",
    "Domain": "가전",
    "MainCategory": "생활/미용/욕실가전",
    "ProductName": "그랑데 삼성전자 DV17T8520BV 본체",
    "ReviewScore": "5",
    "Syllable": "76",
    "Word": "18",
    "RDate": "20220327",
    "GeneralPolarity": "1",
    "Aspects": [
      {
        "Aspect": "용량",
        "SentimentText": "건조기 용량이커서 좋아요. 이불도 대용량 빨래도 거뜬해요 ",
        "SentimentWord": "7",
        "SentimentPolarity": "1"
      },
      {
        "Aspect": "기능",
        "SentimentText": "건조기 사용후 바삭마른 이불과 잘 건조되어 결이 살아있는 수건을 만날수 있어요. ",
        "SentimentWord": "11",
        "SentimentPolarity": "1"
      }
    ]
  },
  {
    "Index": "19606",
    "RawText": "사용 횟수보다 전기세도 적게 나와서 좋습니다^^ 건조 시간이 생각보다 긴 건 아쉽네요ㅠ",
    "Source": "쇼핑몰",
    "Domain": "가전",
    "MainCategory": "생활/미용/욕실가전",
    "ProductName": "그랑데 삼성전자 DV17T8520BV 본체",
    "ReviewScore": "5",
    "Syllable": "48",
    "Word": "12",
    "RDate": "20211210",
    "GeneralPolarity": "0",
    "Aspects": [
      {
        "Aspect": "소비전력",
        "SentimentText": "사용 횟수보다 전기세도 적게 나와서 좋습니다^^ ",
        "SentimentWord": "6",
        "SentimentPolarity": "1"
      },
      {
        "Aspect": "시간/속도",
        "SentimentText": "건조 시간이 생각보다 긴 건 아쉽네요ㅠ",
        "SentimentWord": "6",
        "SentimentPolarity": "-1"
      }
    ]
  },
  {
    "Index": "19607",
    "RawText": "역시 OOO제품이라 그런지 엄청 좋습니다!! 색상도 넘 맘에 들고요~~^^",
    "Source": "쇼핑몰",
    "Domain": "가전",
    "MainCategory": "생활/미용/욕실가전",
    "ProductName": "그랑데 삼성전자 DV17T8520BV 본체",
    "ReviewScore": "5",
    "Syllable": "41",
    "Word": "9",
    "RDate": "20211227",
    "GeneralPolarity": "1",
    "Aspects": [
      {
        "Aspect": "제조일/제조사",
        "SentimentText": "역시 OOO제품이라 그런지 엄청 좋습니다!! ",
        "SentimentWord": "5",
        "SentimentPolarity": "1"
      },
      {
        "Aspect": "색상",
        "SentimentText": " 색상도 넘 맘에 들고요~~^^",
        "SentimentWord": "4",
        "SentimentPolarity": "1"
      }
    ]
  },
  {
    "Index": "19608",
    "RawText": "ㅇㅇㅇ믿고 구입했는데 퀄러티 안좋아요 ㅠㅠ 사용해보니 발열감도 꽤 심하고요..ㅜ",
    "Source": "쇼핑몰",
    "Domain": "가전",
    "MainCategory": "생활/미용/욕실가전",
    "ProductName": "그랑데 삼성전자 DV17T8520BV 본체",
    "ReviewScore": "5",
    "Syllable": "44",
    "Word": "9",
    "RDate": "20211212",
    "Aspects": [
      {
        "Aspect": "품질",
        "SentimentText": "ㅇㅇㅇ믿고 구입했는데 퀄러티 안좋아요 ㅠㅠ ",
        "SentimentWord": "5",
        "SentimentPolarity": "-1"
      },
      {
        "Aspect": "내구성",
        "SentimentText": "사용해보니 발열감도 꽤 심하고요..ㅜ",
        "SentimentWord": "4",
        "SentimentPolarity": "-1"
      }
    ]
  },
  {
    "Index": "19609",
    "RawText": "배송빠름!l친절한 기사님은 항상 옳아요.가격도 저렴하게 잘 샀어요.만족합니다. 블랙 앤 화이트가 조화로워요.",
    "Source": "쇼핑몰",
    "Domain": "가전",
    "MainCategory": "생활/미용/욕실가전",
    "ProductName": "그랑데 삼성전자 DV17T8520BV 본체",
    "ReviewScore": "5",
    "Syllable": "60",
    "Word": "11",
    "RDate": "20220118",
    "Aspects": [
      {
        "Aspect": "가격",
        "SentimentText": "가격도 저렴하게 잘 샀어요.만족합니다. ",
        "SentimentWord": "4",
        "SentimentPolarity": "1"
      },
      {
        "Aspect": "색상",
        "SentimentText": "블랙 앤 화이트가 조화로워요.",
        "SentimentWord": "4",
        "SentimentPolarity": "1"
      }
    ]
  },
  {
    "Index": "19610",
    "RawText": "배송 생각보다 빨라서 만족했어요~~ 비교적 착한 가격에 구입해서 넘 기분 좋아요^^ 빨래도 넘 잘 마르네요ㅎㅎ기사님이 앵글 설치도 잘 해주셨고요!",
    "Source": "쇼핑몰",
    "Domain": "가전",
    "MainCategory": "생활/미용/욕실가전",
    "ProductName": "그랑데 삼성전자 DV17T8520BV 본체",
    "ReviewScore": "5",
    "Syllable": "81",
    "Word": "19",
    "RDate": "20220225",
    "Aspects": [
      {
        "Aspect": "가격",
        "SentimentText": "비교적 착한 가격에 구입해서 넘 기분 좋아요^^",
        "SentimentWord": "7",
        "SentimentPolarity": "1"
      },
      {
        "Aspect": "기능",
        "SentimentText": "빨래도 넘 잘 마르네요ㅎㅎ",
        "SentimentWord": "4",
        "SentimentPolarity": "1"
      }
    ]
  },
  {
    "Index": "19611",
    "RawText": "용량 17키로라 이불 빨래도 문제 없어 더욱 마음에 듭니다~ 할인에 적립금으로 저렴하게 구매해서 뿌듯해요.",
    "Source": "쇼핑몰",
    "Domain": "가전",
    "MainCategory": "생활/미용/욕실가전",
    "ProductName": "그랑데 삼성전자 DV17T8520BV 본체",
    "ReviewScore": "4",
    "Syllable": "59",
    "Word": "14",
    "RDate": "20210629",
    "Aspects": [
      {
        "Aspect": "용량",
        "SentimentText": "용량 17키로라 이불 빨래도 문제 없어 더욱 마음에 듭니다~",
        "SentimentWord": "9",
        "SentimentPolarity": "1"
      },
      {
        "Aspect": "가격",
        "SentimentText": "할인에 적립금으로 저렴하게 구매해서 뿌듯해요.",
        "SentimentWord": "5",
        "SentimentPolarity": "1"
      }
    ]
  },
  {
    "Index": "19612",
    "RawText": "에너지효율이 1등급이라 굿굿!!   내부 용량도 넉넉해서 만족스럽고요~~",
    "Source": "쇼핑몰",
    "Domain": "가전",
    "MainCategory": "생활/미용/욕실가전",
    "ProductName": "그랑데 삼성전자 DV17T8520BV 본체",
    "ReviewScore": "5",
    "Syllable": "40",
    "Word": "7",
    "RDate": "20220123",
    "Aspects": [
      {
        "Aspect": "소비전력",
        "SentimentText": "에너지효율이 1등급이라 굿굿!",
        "SentimentWord": "3",
        "SentimentPolarity": "1"
      },
      {
        "Aspect": "용량",
        "SentimentText": "내부 용량도 넉넉해서 만족스럽고요~~",
        "SentimentWord": "4",
        "SentimentPolarity": "1"
      }
    ]
  },
  {
    "Index": "19613",
    "RawText": "사용해보니 열감이 엄청나요 ㅠㅠ  하지만 가격은 싸서 그럭저럭 만족합니다",
    "Source": "쇼핑몰",
    "Domain": "가전",
    "MainCategory": "생활/미용/욕실가전",
    "ProductName": "그랑데 삼성전자 DV17T8520BV 본체",
    "ReviewScore": "5",
    "Syllable": "40",
    "Word": "9",
    "RDate": "20220318",
    "Aspects": [
      {
        "Aspect": "내구성",
        "SentimentText": "사용해보니 열감이 엄청나요 ㅠㅠ",
        "SentimentWord": "4",
        "SentimentPolarity": "-1"
      },
      {
        "Aspect": "가격",
        "SentimentText": "하지만 가격은 싸서 그럭저럭 만족합니다",
        "SentimentWord": "5",
        "SentimentPolarity": "0"
      }
    ]
  },
  {
    "Index": "19614",
    "RawText": "사용법이 간단하고 쉬워요~ 설치후 건조기 돌려보니 건조도 잘 되고 습한 느낌 없어 좋았어요.",
    "Source": "쇼핑몰",
    "Domain": "가전",
    "MainCategory": "생활/미용/욕실가전",
    "ProductName": "그랑데 삼성전자 DV17T8520BV 본체",
    "ReviewScore": "5",
    "Syllable": "51",
    "Word": "13",
    "RDate": "20220405",
    "Aspects": [
      {
        "Aspect": "조작성",
        "SentimentText": "사용법이 간단하고 쉬워요~ ",
        "SentimentWord": "3",
        "SentimentPolarity": "1"
      },
      {
        "Aspect": "기능",
        "SentimentText": "설치후 건조기 돌려보니 건조도 잘 되고 습한 느낌 없어 좋았어요.",
        "SentimentWord": "10",
        "SentimentPolarity": "1"
      }
    ]
  },
  {
    "Index": "19615",
    "RawText": "수건이  뽀송뽀송!! 건조기 신세계네요 ㅎㅎ 사용법이 간단해서 좋아요.~~^^",
    "Source": "쇼핑몰",
    "Domain": "가전",
    "MainCategory": "생활/미용/욕실가전",
    "ProductName": "그랑데 삼성전자 DV17T8520BV 본체",
    "ReviewScore": "5",
    "Syllable": "43",
    "Word": "8",
    "RDate": "20220103",
    "Aspects": [
      {
        "Aspect": "기능",
        "SentimentText": "수건이  뽀송뽀송!! 건조기 신세계네요 ㅎㅎ",
        "SentimentWord": "5",
        "SentimentPolarity": "1"
      },
      {
        "Aspect": "조작성",
        "SentimentText": " 사용법이 간단해서 좋아요.",
        "SentimentWord": "3",
        "SentimentPolarity": "1"
      }
    ]
  },
  {
    "Index": "19616",
    "RawText": "꼼꼼한 설치에 기분 좋았어요. 건조기 사용법도 간단해요.~ 비오고 습한 날씨에 뽀송 뽀송 건조가 잘됩니다.",
    "Source": "쇼핑몰",
    "Domain": "가전",
    "MainCategory": "생활/미용/욕실가전",
    "ProductName": "그랑데 삼성전자 DV17T8520BV 본체",
    "ReviewScore": "5",
    "Syllable": "59",
    "Word": "14",
    "RDate": "20220725",
    "Aspects": [
      {
        "Aspect": "조작성",
        "SentimentText": "건조기 사용법도 간단해요.~ ",
        "SentimentWord": "3",
        "SentimentPolarity": "1"
      },
      {
        "Aspect": "기능",
        "SentimentText": "비오고 습한 날씨에 뽀송 뽀송 건조가 잘됩니다. ",
        "SentimentWord": "7",
        "SentimentPolarity": "1"
      }
    ]
  },
  {
    "Index": "19617",
    "RawText": "걱정했는데 소음이 정말 없어요~ 좋아요  아쉬운 점은 쓰다보니 발열감이 좀 있다는 점..?",
    "Source": "쇼핑몰",
    "Domain": "가전",
    "MainCategory": "생활/미용/욕실가전",
    "ProductName": "그랑데 삼성전자 DV17T8520BV 본체",
    "ReviewScore": "5",
    "Syllable": "50",
    "Word": "12",
    "RDate": "20210712",
    "Aspects": [
      {
        "Aspect": "소음",
        "SentimentText": "걱정했는데 소음이 정말 없어요~ 좋아요",
        "SentimentWord": "5",
        "SentimentPolarity": "1"
      },
      {
        "Aspect": "내구성",
        "SentimentText": "아쉬운 점은 쓰다보니 발열감이 좀 있다는 점..?",
        "SentimentWord": "7",
        "SentimentPolarity": "-1"
      }
    ]
  },
  {
    "Index": "19618",
    "RawText": "고급진 실버색 넘 이쁘네요^^  에너지 등급도 좋아서 전기세도 적게 나오고요~~",
    "Source": "쇼핑몰",
    "Domain": "가전",
    "MainCategory": "생활/미용/욕실가전",
    "ProductName": "그랑데 삼성전자 DV17T8520BV 본체",
    "ReviewScore": "5",
    "Syllable": "44",
    "Word": "10",
    "RDate": "20220108",
    "Aspects": [
      {
        "Aspect": "색상",
        "SentimentText": "고급진 실버색 넘 이쁘네요^^",
        "SentimentWord": "4",
        "SentimentPolarity": "1"
      },
      {
        "Aspect": "소비전력",
        "SentimentText": " 에너지 등급도 좋아서 전기세도 적게 나오고요~~",
        "SentimentWord": "6",
        "SentimentPolarity": "1"
      }
    ]
  },
  {
    "Index": "19619",
    "RawText": "건조기 색상이 너무 예뻐서 기존 인테리어와 잘 어울리네요! 품질도 최고로 좋아요^^",
    "Source": "쇼핑몰",
    "Domain": "가전",
    "MainCategory": "생활/미용/욕실가전",
    "ProductName": "그랑데 삼성전자 DV17T8520BV 본체",
    "ReviewScore": "5",
    "Syllable": "46",
    "Word": "11",
    "RDate": "20220222",
    "Aspects": [
      {
        "Aspect": "색상",
        "SentimentText": "건조기 색상이 너무 예뻐서 기존 인테리어와 잘 어울리네요!",
        "SentimentWord": "8",
        "SentimentPolarity": "1"
      },
      {
        "Aspect": "품질",
        "SentimentText": "품질도 최고로 좋아요^^",
        "SentimentWord": "3",
        "SentimentPolarity": "1"
      }
    ]
  },
  {
    "Index": "19620",
    "RawText": "건조기는 역시 용량이 큰거가 짱이예요. 많은 빨래도 아이들 인형들도 한번에 잘 건조 됩니다. 소음도 작아서 기특해요.",
    "Source": "쇼핑몰",
    "Domain": "가전",
    "MainCategory": "생활/미용/욕실가전",
    "ProductName": "그랑데 삼성전자 DV17T8520BV 본체",
    "ReviewScore": "5",
    "Syllable": "65",
    "Word": "16",
    "RDate": "20210712",
    "GeneralPolarity": "1",
    "Aspects": [
      {
        "Aspect": "용량",
        "SentimentText": "건조기는 역시 용량이 큰거가 짱이예요. ",
        "SentimentWord": "5",
        "SentimentPolarity": "1"
      },
      {
        "Aspect": "기능",
        "SentimentText": " 많은 빨래도 아이들 인형들도 한번에 잘 건조 됩니다.",
        "SentimentWord": "8",
        "SentimentPolarity": "1"
      },
      {
        "Aspect": "소음",
        "SentimentText": "소음도 작아서 기특해요.",
        "SentimentWord": "3",
        "SentimentPolarity": "1"
      }
    ]
  },
  {
    "Index": "19622",
    "RawText": "1등급이라 전기세 걱정없어 만족!!  용량도 넉넉해서 많은양도 ok!!",
    "Source": "쇼핑몰",
    "Domain": "가전",
    "MainCategory": "생활/미용/욕실가전",
    "ProductName": "그랑데 삼성전자 DV17T8520BV 본체",
    "ReviewScore": "5",
    "Syllable": "39",
    "Word": "8",
    "RDate": "20220406",
    "Aspects": [
      {
        "Aspect": "소비전력",
        "SentimentText": "1등급이라 전기세 걱정없어 만족!! ",
        "SentimentWord": "4",
        "SentimentPolarity": "1"
      },
      {
        "Aspect": "용량",
        "SentimentText": "용량도 넉넉해서 많은양도 ok!!",
        "SentimentWord": "4",
        "SentimentPolarity": "1"
      }
    ]
  },
  {
    "Index": "19623",
    "RawText": "건조기는 해결사예요. 냄새도 잘 잡아주고 빨래도 잘 말려줘요. 가성비좋은 건조기 저렴하게 잘 샀어요.",
    "Source": "쇼핑몰",
    "Domain": "가전",
    "MainCategory": "생활/미용/욕실가전",
    "ProductName": "그랑데 삼성전자 DV17T8520BV 본체",
    "ReviewScore": "5",
    "Syllable": "56",
    "Word": "13",
    "RDate": "20210703",
    "GeneralPolarity": "1",
    "Aspects": [
      {
        "Aspect": "기능",
        "SentimentText": "건조기는 해결사예요. 냄새도 잘 잡아주고 빨래도 잘 말려줘요. ",
        "SentimentWord": "8",
        "SentimentPolarity": "1"
      },
      {
        "Aspect": "가격",
        "SentimentText": " 가성비좋은 건조기 저렴하게 잘 샀어요.",
        "SentimentWord": "5",
        "SentimentPolarity": "1"
      }
    ]
  },
  {
    "Index": "19625",
    "RawText": "포장상태도 꼼꼼하게 와서 넘 안심했고요!! 기사님들도 친절하게 설명해주셔서 엄청 만족했어요~~ㅎㅎ 1등급 소비등급으로 전기세 걱정없어요. 작동시 소음이 거의 없어서 좋아요.",
    "Source": "쇼핑몰",
    "Domain": "가전",
    "MainCategory": "생활/미용/욕실가전",
    "ProductName": "그랑데 삼성전자 DV17T8520BV 본체",
    "ReviewScore": "5",
    "Syllable": "96",
    "Word": "19",
    "RDate": "20211024",
    "Aspects": [
      {
        "Aspect": "소비전력",
        "SentimentText": "1등급 소비등급으로 전기세 걱정없어요.",
        "SentimentWord": "4",
        "SentimentPolarity": "1"
      },
      {
        "Aspect": "소음",
        "SentimentText": "작동시 소음이 거의 없어서 좋아요.",
        "SentimentWord": "5",
        "SentimentPolarity": "1"
      }
    ]
  },
  {
    "Index": "19626",
    "RawText": "친절한 기사분께서 배송도 빠르게 해주셨어요. 디자인은 단순한것이 예뻐요. 큰 소음도 진동도 없어요. 건조기로 옷에 먼지도 털고 이불 먼지도 털어보니 성능 너무 좋아요.",
    "Source": "쇼핑몰",
    "Domain": "가전",
    "MainCategory": "생활/미용/욕실가전",
    "ProductName": "그랑데 삼성전자 DV17T8520BV 본체",
    "ReviewScore": "5",
    "Syllable": "93",
    "Word": "22",
    "RDate": "20210303",
    "Aspects": [
      {
        "Aspect": "디자인",
        "SentimentText": "디자인은 단순한것이 예뻐요.",
        "SentimentWord": "3",
        "SentimentPolarity": "1"
      },
      {
        "Aspect": "소음",
        "SentimentText": "큰 소음도 진동도 없어요. ",
        "SentimentWord": "4",
        "SentimentPolarity": "1"
      },
      {
        "Aspect": "기능",
        "SentimentText": "건조기로 옷에 먼지도 털고 이불 먼지도 털어보니 성능 너무 좋아요. ",
        "SentimentWord": "10",
        "SentimentPolarity": "1"
      }
    ]
  },
  {
    "Index": "19627",
    "RawText": "비교적 싸게 구매했는데 만족했네요^^ 사용법도 쉽고 간편해요~",
    "Source": "쇼핑몰",
    "Domain": "가전",
    "MainCategory": "생활/미용/욕실가전",
    "ProductName": "그랑데 삼성전자 DV17T8520BV 본체",
    "ReviewScore": "5",
    "Syllable": "34",
    "Word": "7",
    "RDate": "20220130",
    "Aspects": [
      {
        "Aspect": "가격",
        "SentimentText": "비교적 싸게 구매했는데 만족했네요^^ ",
        "SentimentWord": "4",
        "SentimentPolarity": "1"
      },
      {
        "Aspect": "조작성",
        "SentimentText": " 사용법도 쉽고 간편해요~",
        "SentimentWord": "3",
        "SentimentPolarity": "1"
      }
    ]
  },
  {
    "Index": "19630",
    "RawText": "착한 가격으로 구매한 가성비 갑 상품입니다^^ 내부 용량도 엄청 커서 만족스러워요~!",
    "Source": "쇼핑몰",
    "Domain": "가전",
    "MainCategory": "생활/미용/욕실가전",
    "ProductName": "그랑데 삼성전자 DV17T8520BV 본체",
    "ReviewScore": "5",
    "Syllable": "47",
    "Word": "11",
    "RDate": "20210115",
    "GeneralPolarity": "1",
    "Aspects": [
      {
        "Aspect": "가격",
        "SentimentText": "착한 가격으로 구매한 가성비 갑 상품입니다^^",
        "SentimentWord": "6",
        "SentimentPolarity": "1"
      },
      {
        "Aspect": "용량",
        "SentimentText": "내부 용량도 엄청 커서 만족스러워요~!",
        "SentimentWord": "5",
        "SentimentPolarity": "1"
      }
    ]
  },
  {
    "Index": "19631",
    "RawText": "먼지제거도 확실하게 되고 옷감도 거의 안줄어서 기능 너무 만족스럽습니다!! 다만 발열감이 좀 있는게 아쉬워요ㅠ",
    "Source": "쇼핑몰",
    "Domain": "가전",
    "MainCategory": "생활/미용/욕실가전",
    "ProductName": "그랑데 삼성전자 DV17T8520BV 본체",
    "ReviewScore": "5",
    "Syllable": "61",
    "Word": "14",
    "RDate": "20220430",
    "GeneralPolarity": "0",
    "Aspects": [
      {
        "Aspect": "기능",
        "SentimentText": "먼지제거도 확실하게 되고 옷감도 거의 안줄어서 기능 너무 만족스럽습니다!!",
        "SentimentWord": "9",
        "SentimentPolarity": "1"
      },
      {
        "Aspect": "내구성",
        "SentimentText": "다만 발열감이 좀 있는게 아쉬워요ㅠ",
        "SentimentWord": "5",
        "SentimentPolarity": "-1"
      }
    ]
  },
  {
    "Index": "19632",
    "RawText": "저렴한 가격에 잘 구매한 것 같아 기분 최고입니다^^ 색상도 넘 세련됐고요!!",
    "Source": "쇼핑몰",
    "Domain": "가전",
    "MainCategory": "생활/미용/욕실가전",
    "ProductName": "그랑데 삼성전자 DV17T8520BV 본체",
    "ReviewScore": "5",
    "Syllable": "43",
    "Word": "11",
    "RDate": "20220130",
    "GeneralPolarity": "1",
    "Aspects": [
      {
        "Aspect": "가격",
        "SentimentText": "저렴한 가격에 잘 구매한 것 같아 기분 최고입니다^^ ",
        "SentimentWord": "8",
        "SentimentPolarity": "1"
      },
      {
        "Aspect": "색상",
        "SentimentText": " 색상도 넘 세련됐고요!!",
        "SentimentWord": "3",
        "SentimentPolarity": "1"
      }
    ]
  },
  {
    "Index": "19633",
    "RawText": "실제로 보니 색상이 고급진 느낌이 덜하네요.. 그래도 사용해보니 기능은 좋아서 만족합니다~!",
    "Source": "쇼핑몰",
    "Domain": "가전",
    "MainCategory": "생활/미용/욕실가전",
    "ProductName": "그랑데 삼성전자 DV17T8520BV 본체",
    "ReviewScore": "5",
    "Syllable": "51",
    "Word": "11",
    "RDate": "20210707",
    "GeneralPolarity": "0",
    "Aspects": [
      {
        "Aspect": "색상",
        "SentimentText": "실제로 보니 색상이 고급진 느낌이 덜하네요.. ",
        "SentimentWord": "6",
        "SentimentPolarity": "-1"
      },
      {
        "Aspect": "기능",
        "SentimentText": "그래도 사용해보니 기능은 좋아서 만족합니다~!",
        "SentimentWord": "5",
        "SentimentPolarity": "1"
      }
    ]
  },
  {
    "Index": "19634",
    "RawText": "소음이 좀 커요. 건조기가 잘 말려줘서 별도의 건조대가 필요 없어서 좋아요. 사용해보니 작동법도 편해서 잘 쓸듯 합니다.",
    "Source": "쇼핑몰",
    "Domain": "가전",
    "MainCategory": "생활/미용/욕실가전",
    "ProductName": "그랑데 삼성전자 DV17T8520BV 본체",
    "ReviewScore": "5",
    "Syllable": "67",
    "Word": "17",
    "RDate": "20210406",
    "GeneralPolarity": "1",
    "Aspects": [
      {
        "Aspect": "소음",
        "SentimentText": "소음이 좀 커요. ",
        "SentimentWord": "3",
        "SentimentPolarity": "-1"
      },
      {
        "Aspect": "기능",
        "SentimentText": "건조기가 잘 말려줘서 별도의 건조대가 필요 없어서 좋아요.",
        "SentimentWord": "8",
        "SentimentPolarity": "1"
      },
      {
        "Aspect": "조작성",
        "SentimentText": "사용해보니 작동법도 편해서 잘 쓸듯 합니다.",
        "SentimentWord": "6",
        "SentimentPolarity": "1"
      }
    ]
  },
  {
    "Index": "19637",
    "RawText": "소비전력 1등급이 나와서 전기세 걱정 노노!!   그런데 건조 시간이 생각보다 길어서 실망했어요ㅠ",
    "Source": "쇼핑몰",
    "Domain": "가전",
    "MainCategory": "생활/미용/욕실가전",
    "ProductName": "그랑데 삼성전자 DV17T8520BV 본체",
    "ReviewScore": "5",
    "Syllable": "54",
    "Word": "12",
    "RDate": "20211224",
    "Aspects": [
      {
        "Aspect": "소비전력",
        "SentimentText": "소비전력 1등급이 나와서 전기세 걱정 노노!! ",
        "SentimentWord": "6",
        "SentimentPolarity": "1"
      },
      {
        "Aspect": "시간/속도",
        "SentimentText": "그런데 건조 시간이 생각보다 길어서 실망했어요ㅠ",
        "SentimentWord": "6",
        "SentimentPolarity": "-1"
      }
    ]
  },
  {
    "Index": "19638",
    "RawText": "배송이 예상보다 빨리 와서 최고네요! 내부 용량도 넘 맘에 들고요, 디자인도 깔끔한게 맘에 쏙 들어요^^",
    "Source": "쇼핑몰",
    "Domain": "가전",
    "MainCategory": "생활/미용/욕실가전",
    "ProductName": "그랑데 삼성전자 DV17T8520BV 본체",
    "ReviewScore": "5",
    "Syllable": "58",
    "Word": "15",
    "RDate": "20220126",
    "Aspects": [
      {
        "Aspect": "용량",
        "SentimentText": "내부 용량도 넘 맘에 들고요,",
        "SentimentWord": "5",
        "SentimentPolarity": "1"
      },
      {
        "Aspect": "디자인",
        "SentimentText": "디자인도 깔끔한게 맘에 쏙 들어요^^",
        "SentimentWord": "5",
        "SentimentPolarity": "1"
      }
    ]
  },
  {
    "Index": "19639",
    "RawText": "기능이 워낙 많아서 만족스럽습니다~! 사용법도 어렵지 않아서 좋고요ㅎㅎ",
    "Source": "쇼핑몰",
    "Domain": "가전",
    "MainCategory": "생활/미용/욕실가전",
    "ProductName": "그랑데 삼성전자 DV17T8520BV 본체",
    "ReviewScore": "5",
    "Syllable": "39",
    "Word": "8",
    "RDate": "20210715",
    "GeneralPolarity": "1",
    "Aspects": [
      {
        "Aspect": "기능",
        "SentimentText": "기능이 워낙 많아서 만족스럽습니다~!",
        "SentimentWord": "4",
        "SentimentPolarity": "1"
      },
      {
        "Aspect": "조작성",
        "SentimentText": "사용법도 어렵지 않아서 좋고요ㅎㅎ",
        "SentimentWord": "4",
        "SentimentPolarity": "1"
      }
    ]
  },
  {
    "Index": "19640",
    "RawText": "기사님이 친절하게 잘 설치해주셨어요^^ 포장 상태도 안전하게 와서 잘 수령했고요~~ 밝은 화이트 색상이 고급스럽고 집안을 화사하게 만듭니다. 이불빨래 수건 말릴때 먼지 없이 뽀송뽀송 하게 잘 되요.",
    "Source": "쇼핑몰",
    "Domain": "가전",
    "MainCategory": "생활/미용/욕실가전",
    "ProductName": "그랑데 삼성전자 DV17T8520BV 본체",
    "ReviewScore": "5",
    "Syllable": "110",
    "Word": "26",
    "RDate": "20220127",
    "Aspects": [
      {
        "Aspect": "색상",
        "SentimentText": "밝은 화이트 색상이 고급스럽고 집안을 화사하게 만듭니다.",
        "SentimentWord": "7",
        "SentimentPolarity": "1"
      },
      {
        "Aspect": "기능",
        "SentimentText": "이불빨래 수건 말릴때 먼지 없이 뽀송뽀송 하게 잘 되요.",
        "SentimentWord": "9",
        "SentimentPolarity": "1"
      }
    ]
  },
  {
    "Index": "19641",
    "RawText": "디자인 너무 이쁘고 세련미 철철 넘쳐요^^  내부 용량도 엄청 커서 이불2개가 한 번에 돌아가고요~~!",
    "Source": "쇼핑몰",
    "Domain": "가전",
    "MainCategory": "생활/미용/욕실가전",
    "ProductName": "그랑데 삼성전자 DV17T8520BV 본체",
    "ReviewScore": "5",
    "Syllable": "57",
    "Word": "14",
    "RDate": "20210313",
    "Aspects": [
      {
        "Aspect": "디자인",
        "SentimentText": "디자인 너무 이쁘고 세련미 철철 넘쳐요^^",
        "SentimentWord": "6",
        "SentimentPolarity": "1"
      },
      {
        "Aspect": "용량",
        "SentimentText": "내부 용량도 엄청 커서 이불2개가 한 번에 돌아가고요~~!",
        "SentimentWord": "8",
        "SentimentPolarity": "1"
      }
    ]
  },
  {
    "Index": "19642",
    "RawText": "가격도 착하게 할인 받아 샀어요^^ 가격대비 퀄러티도 만족스럽네요~",
    "Source": "쇼핑몰",
    "Domain": "가전",
    "MainCategory": "생활/미용/욕실가전",
    "ProductName": "그랑데 삼성전자 DV17T8520BV 본체",
    "ReviewScore": "5",
    "Syllable": "37",
    "Word": "8",
    "RDate": "20210721",
    "Aspects": [
      {
        "Aspect": "가격",
        "SentimentText": "가격도 착하게 할인 받아 샀어요^^ ",
        "SentimentWord": "5",
        "SentimentPolarity": "1"
      },
      {
        "Aspect": "품질",
        "SentimentText": "가격대비 퀄러티도 만족스럽네요~ ",
        "SentimentWord": "3",
        "SentimentPolarity": "1"
      }
    ]
  },
  {
    "Index": "19643",
    "RawText": "착한 가격에 잘 구매한 가성비 최고 상품입니다! 특히 이불털기기능 엄청 만족스럽게 사용 중입니다!!",
    "Source": "쇼핑몰",
    "Domain": "가전",
    "MainCategory": "생활/미용/욕실가전",
    "ProductName": "그랑데 삼성전자 DV17T8520BV 본체",
    "ReviewScore": "5",
    "Syllable": "55",
    "Word": "13",
    "RDate": "20220106",
    "GeneralPolarity": "1",
    "Aspects": [
      {
        "Aspect": "가격",
        "SentimentText": "착한 가격에 잘 구매한 가성비 최고 상품입니다!",
        "SentimentWord": "7",
        "SentimentPolarity": "1"
      },
      {
        "Aspect": "기능",
        "SentimentText": "특히 이불털기기능 엄청 만족스럽게 사용 중입니다!!",
        "SentimentWord": "6",
        "SentimentPolarity": "1"
      }
    ]
  },
  {
    "Index": "19644",
    "RawText": "저렴한 가격에 구매했는데 만족스러워요~ 근데 옷감이 좀 줄어드는 건 어쩔 수 없나봐요ㅠ",
    "Source": "쇼핑몰",
    "Domain": "가전",
    "MainCategory": "생활/미용/욕실가전",
    "ProductName": "그랑데 삼성전자 DV17T8520BV 본체",
    "ReviewScore": "5",
    "Syllable": "48",
    "Word": "12",
    "RDate": "20220207",
    "GeneralPolarity": "0",
    "Aspects": [
      {
        "Aspect": "가격",
        "SentimentText": "저렴한 가격에 구매했는데 만족스러워요~",
        "SentimentWord": "4",
        "SentimentPolarity": "1"
      },
      {
        "Aspect": "품질",
        "SentimentText": "근데 옷감이 좀 줄어드는 건 어쩔 수 없나봐요ㅠ",
        "SentimentWord": "8",
        "SentimentPolarity": "-1"
      }
    ]
  },
  {
    "Index": "19645",
    "RawText": "착한 가격에 구매했는데 최고네요^^ 용량도 커서 극세사이불도 쏙 들어갑니다~! 이중필터라 그런지 먼지 제거도 깔끔하게 됩니다!!",
    "Source": "쇼핑몰",
    "Domain": "가전",
    "MainCategory": "생활/미용/욕실가전",
    "ProductName": "그랑데 삼성전자 DV17T8520BV 본체",
    "ReviewScore": "5",
    "Syllable": "71",
    "Word": "15",
    "RDate": "20220207",
    "GeneralPolarity": "1",
    "Aspects": [
      {
        "Aspect": "가격",
        "SentimentText": "착한 가격에 구매했는데 최고네요^^ ",
        "SentimentWord": "4",
        "SentimentPolarity": "1"
      },
      {
        "Aspect": "용량",
        "SentimentText": "용량도 커서 극세사이불도 쏙 들어갑니다~! ",
        "SentimentWord": "5",
        "SentimentPolarity": "1"
      },
      {
        "Aspect": "기능",
        "SentimentText": "이중필터라 그런지 먼지 제거도 깔끔하게 됩니다!!",
        "SentimentWord": "6",
        "SentimentPolarity": "1"
      }
    ]
  },
  {
    "Index": "19646",
    "RawText": "가격대비 제품이 좋아요. 빠른배송과 설치도 좋았어요. 이불도 빨래도 건조가 잘되고 상쾌했어요.",
    "Source": "쇼핑몰",
    "Domain": "가전",
    "MainCategory": "생활/미용/욕실가전",
    "ProductName": "그랑데 삼성전자 DV17T8520BV 본체",
    "ReviewScore": "5",
    "Syllable": "52",
    "Word": "11",
    "RDate": "20210111",
    "Aspects": [
      {
        "Aspect": "가격",
        "SentimentText": "가격대비 제품이 좋아요.",
        "SentimentWord": "3",
        "SentimentPolarity": "1"
      },
      {
        "Aspect": "기능",
        "SentimentText": "이불도 빨래도 건조가 잘되고 상쾌했어요.",
        "SentimentWord": "5",
        "SentimentPolarity": "1"
      }
    ]
  },
  {
    "Index": "19647",
    "RawText": "주문하자마자 며칠 뒤에 바로 배송와서 기분 좋았습니다!! 다만 건조시간이 생각보다 너무 오래 걸려서 좀 지루했네요ㅠ 그래도 이불털기 기능은 최고입니다~~ 사이즈는 엄청 큰데 사용하는데 불편하진 않습니다ㅎ",
    "Source": "쇼핑몰",
    "Domain": "가전",
    "MainCategory": "생활/미용/욕실가전",
    "ProductName": "그랑데 삼성전자 DV17T8520BV 본체",
    "ReviewScore": "5",
    "Syllable": "113",
    "Word": "25",
    "RDate": "20210113",
    "Aspects": [
      {
        "Aspect": "시간/속도",
        "SentimentText": " 다만 건조시간이 생각보다 너무 오래 걸려서 좀 지루했네요ㅠ ",
        "SentimentWord": "8",
        "SentimentPolarity": "-1"
      },
      {
        "Aspect": "기능",
        "SentimentText": "그래도 이불털기 기능은 최고입니다~~",
        "SentimentWord": "4",
        "SentimentPolarity": "1"
      },
      {
        "Aspect": "사이즈",
        "SentimentText": "사이즈는 엄청 큰데 사용하는데 불편하진 않습니다ㅎ",
        "SentimentWord": "6",
        "SentimentPolarity": "1"
      }
    ]
  },
  {
    "Index": "19648",
    "RawText": "오~ 빠른배송 ^^사이즈도 커서 좋아요. 색도 무던한것이 예뻐요^^ 세일해서 가격도 착하게 사서기분도더좋네요~",
    "Source": "쇼핑몰",
    "Domain": "가전",
    "MainCategory": "생활/미용/욕실가전",
    "ProductName": "그랑데 삼성전자 DV17T8520BV 본체",
    "ReviewScore": "5",
    "Syllable": "61",
    "Word": "12",
    "RDate": "20210531",
    "Aspects": [
      {
        "Aspect": "사이즈",
        "SentimentText": "사이즈도 커서 좋아요. ",
        "SentimentWord": "3",
        "SentimentPolarity": "1"
      },
      {
        "Aspect": "색상",
        "SentimentText": "색도 무던한것이 예뻐요^^ ",
        "SentimentWord": "3",
        "SentimentPolarity": "1"
      },
      {
        "Aspect": "가격",
        "SentimentText": "세일해서 가격도 착하게 사서기분도더좋네요~",
        "SentimentWord": "4",
        "SentimentPolarity": "1"
      }
    ]
  },
  {
    "Index": "19651",
    "RawText": "색상은 고급져보여서 좋습니다^^ 사용해보니 기능도 엄청 만족스럽고요~~ 소음도 작아서 좋아요ㅎㅎ",
    "Source": "쇼핑몰",
    "Domain": "가전",
    "MainCategory": "생활/미용/욕실가전",
    "ProductName": "그랑데 삼성전자 DV17T8520BV 본체",
    "ReviewScore": "5",
    "Syllable": "53",
    "Word": "10",
    "RDate": "20211221",
    "GeneralPolarity": "1",
    "Aspects": [
      {
        "Aspect": "색상",
        "SentimentText": "색상은 고급져보여서 좋습니다^^",
        "SentimentWord": "3",
        "SentimentPolarity": "1"
      },
      {
        "Aspect": "기능",
        "SentimentText": "사용해보니 기능도 엄청 만족스럽고요~~ ",
        "SentimentWord": "4",
        "SentimentPolarity": "1"
      },
      {
        "Aspect": "소음",
        "SentimentText": " 소음도 작아서 좋아요ㅎㅎ",
        "SentimentWord": "3",
        "SentimentPolarity": "1"
      }
    ]
  },
  {
    "Index": "19652",
    "RawText": "사용법도 복잡하지 않아서 좋아요! 빨래 건조도 엄청 잘됩니다~~기사님들도 엄청 친절하셔서 만족도 최고!!",
    "Source": "쇼핑몰",
    "Domain": "가전",
    "MainCategory": "생활/미용/욕실가전",
    "ProductName": "그랑데 삼성전자 DV17T8520BW 본체",
    "ReviewScore": "5",
    "Syllable": "58",
    "Word": "12",
    "RDate": "20220604",
    "Aspects": [
      {
        "Aspect": "조작성",
        "SentimentText": "사용법도 복잡하지 않아서 좋아요! ",
        "SentimentWord": "4",
        "SentimentPolarity": "1"
      },
      {
        "Aspect": "기능",
        "SentimentText": "빨래 건조도 엄청 잘됩니다~~",
        "SentimentWord": "4",
        "SentimentPolarity": "1"
      }
    ]
  },
  {
    "Index": "19653",
    "RawText": "배송이 매우 빨랐어요. 가격도 저렴해서 만족해요. 건조도 잘 되어서 좁은집에 좋아요.  ~^^",
    "Source": "쇼핑몰",
    "Domain": "가전",
    "MainCategory": "생활/미용/욕실가전",
    "ProductName": "그랑데 삼성전자 DV17T8520BW 본체",
    "ReviewScore": "5",
    "Syllable": "52",
    "Word": "12",
    "RDate": "20220811",
    "Aspects": [
      {
        "Aspect": "가격",
        "SentimentText": "가격도 저렴해서 만족해요.",
        "SentimentWord": "3",
        "SentimentPolarity": "1"
      },
      {
        "Aspect": "기능",
        "SentimentText": "건조도 잘 되어서 좁은집에 좋아요.  ~^^",
        "SentimentWord": "6",
        "SentimentPolarity": "1"
      }
    ]
  },
  {
    "Index": "19654",
    "RawText": "색상은 깨끗한 화이트예요.  디자인만큼은 000 역시 심플하고 깔끔해요. 자주 쓰는 건조기 사용법이 간단해 좋습니다.",
    "Source": "쇼핑몰",
    "Domain": "가전",
    "MainCategory": "생활/미용/욕실가전",
    "ProductName": "그랑데 삼성전자 DV17T8520BW 본체",
    "ReviewScore": "5",
    "Syllable": "65",
    "Word": "14",
    "RDate": "20220825",
    "GeneralPolarity": "1",
    "Aspects": [
      {
        "Aspect": "색상",
        "SentimentText": "색상은 깨끗한 화이트예요.",
        "SentimentWord": "3",
        "SentimentPolarity": "1"
      },
      {
        "Aspect": "디자인",
        "SentimentText": "디자인만큼은 000 역시 심플하고 깔끔해요. ",
        "SentimentWord": "5",
        "SentimentPolarity": "1"
      },
      {
        "Aspect": "조작성",
        "SentimentText": "자주 쓰는 건조기 사용법이 간단해 좋습니다.",
        "SentimentWord": "6",
        "SentimentPolarity": "1"
      }
    ]
  },
  {
    "Index": "19656",
    "RawText": "빨래가 많아 건조가 힘들었는데 이 건조기 기능 최고예요. 진즉살껄~… ㅋㅋ 가격도 좋고 가성비 최고!!! 200% 만족! 설치기사님의 친절함은 말할 필요가 없어요.이불도 뽀송하게 잘 말라서 신세계예요.~",
    "Source": "쇼핑몰",
    "Domain": "가전",
    "MainCategory": "생활/미용/욕실가전",
    "ProductName": "그랑데 삼성전자 DV17T8520BW 본체",
    "ReviewScore": "5",
    "Syllable": "113",
    "Word": "25",
    "RDate": "20220530",
    "Aspects": [
      {
        "Aspect": "기능",
        "SentimentText": "빨래가 많아 건조가 힘들었는데 이 건조기 기능 최고예요. 진즉살껄~… ㅋㅋ",
        "SentimentWord": "10",
        "SentimentPolarity": "1"
      },
      {
        "Aspect": "가격",
        "SentimentText": "가격도 좋고 가성비 최고!!! 200% 만족! ",
        "SentimentWord": "6",
        "SentimentPolarity": "1"
      },
      {
        "Aspect": "기능",
        "SentimentText": "이불도 뽀송하게 잘 말라서 신세계예요.~",
        "SentimentWord": "5",
        "SentimentPolarity": "1"
      }
    ]
  },
  {
    "Index": "19657",
    "RawText": "제품 좋아요~ 하자도 없고요 건조기가 있으니 빨래도 잘 말라 기특합니다.",
    "Source": "쇼핑몰",
    "Domain": "가전",
    "MainCategory": "생활/미용/욕실가전",
    "ProductName": "그랑데 삼성전자 DV17T8520BW 본체",
    "ReviewScore": "4",
    "Syllable": "40",
    "Word": "10",
    "RDate": "20220602",
    "Aspects": [
      {
        "Aspect": "품질",
        "SentimentText": " 제품 좋아요~ 하자도 없고요",
        "SentimentWord": "4",
        "SentimentPolarity": "1"
      },
      {
        "Aspect": "기능",
        "SentimentText": "건조기가 있으니 빨래도 잘 말라 기특합니다. ",
        "SentimentWord": "6",
        "SentimentPolarity": "1"
      }
    ]
  },
  {
    "Index": "19658",
    "RawText": "할인 받으니 매우 저렴해서 잘산거같아요^^ 소리는 조금 커요. 이불털기 기능이 없어요 ㅜ.ㅜ",
    "Source": "쇼핑몰",
    "Domain": "가전",
    "MainCategory": "생활/미용/욕실가전",
    "ProductName": "그랑데 삼성전자 DV17T8520BW 본체",
    "ReviewScore": "4",
    "Syllable": "51",
    "Word": "12",
    "RDate": "20220528",
    "GeneralPolarity": "0",
    "Aspects": [
      {
        "Aspect": "가격",
        "SentimentText": "할인 받으니 매우 저렴해서 잘산거같아요^^ ",
        "SentimentWord": "5",
        "SentimentPolarity": "1"
      },
      {
        "Aspect": "소음",
        "SentimentText": " 소리는 조금 커요. ",
        "SentimentWord": "3",
        "SentimentPolarity": "-1"
      },
      {
        "Aspect": "기능",
        "SentimentText": "이불털기 기능이 없어요 ㅜ.ㅜ ",
        "SentimentWord": "4",
        "SentimentPolarity": "-1"
      }
    ]
  },
  {
    "Index": "19659",
    "RawText": "건조기 착한가격에 너무잘 산것같아요 완전 강추 !! 똑똑한 건조기가 빨래도 수건도 속옷도 잘 말려줘서 감사해요.",
    "Source": "쇼핑몰",
    "Domain": "가전",
    "MainCategory": "생활/미용/욕실가전",
    "ProductName": "그랑데 삼성전자 DV17T8520BW 본체",
    "ReviewScore": "5",
    "Syllable": "62",
    "Word": "15",
    "RDate": "20220525",
    "Aspects": [
      {
        "Aspect": "가격",
        "SentimentText": " 건조기 착한가격에 너무잘 산것같아요 완전 강추 !!",
        "SentimentWord": "7",
        "SentimentPolarity": "1"
      },
      {
        "Aspect": "기능",
        "SentimentText": "똑똑한 건조기가 빨래도 수건도 속옷도 잘 말려줘서 감사해요. ",
        "SentimentWord": "8",
        "SentimentPolarity": "1"
      }
    ]
  },
  {
    "Index": "19660",
    "RawText": "가격은 세일덕분에  참 좋았어요. 건조 기능에 충실한 제품 만족해요.",
    "Source": "쇼핑몰",
    "Domain": "가전",
    "MainCategory": "생활/미용/욕실가전",
    "ProductName": "베코 DH10433RX0",
    "ReviewScore": "5",
    "Syllable": "38",
    "Word": "9",
    "RDate": "20200201",
    "GeneralPolarity": "1",
    "Aspects": [
      {
        "Aspect": "가격",
        "SentimentText": "가격은 세일덕분에  참 좋았어요. ",
        "SentimentWord": "4",
        "SentimentPolarity": "1"
      },
      {
        "Aspect": "기능",
        "SentimentText": "건조 기능에 충실한 제품 만족해요. ",
        "SentimentWord": "5",
        "SentimentPolarity": "1"
      }
    ]
  },
  {
    "Index": "19661",
    "RawText": "건조가  잘되어서 수건갤때 촉감도 너무 좋아요.  가격좋은 건조기 가성비도 굿입니다.",
    "Source": "쇼핑몰",
    "Domain": "가전",
    "MainCategory": "생활/미용/욕실가전",
    "ProductName": "베코 DH10433RX0",
    "ReviewScore": "5",
    "Syllable": "47",
    "Word": "10",
    "RDate": "20190218",
    "GeneralPolarity": "1",
    "Aspects": [
      {
        "Aspect": "기능",
        "SentimentText": "건조가  잘되어서 수건갤때 촉감도 너무 좋아요. ",
        "SentimentWord": "6",
        "SentimentPolarity": "1"
      },
      {
        "Aspect": "가격",
        "SentimentText": "가격좋은 건조기 가성비도 굿입니다. ",
        "SentimentWord": "4",
        "SentimentPolarity": "1"
      }
    ]
  },
  {
    "Index": "19662",
    "RawText": "원하는날 빠르게 배송해주셔서 감사합니다. 건조기 이불털기 기능 너무 좋아요. 먼지 이젠 안녕~ 가격도 너무 좋았던 건조기 추천해요.",
    "Source": "쇼핑몰",
    "Domain": "가전",
    "MainCategory": "생활/미용/욕실가전",
    "ProductName": "베코 DH10433RX0",
    "ReviewScore": "5",
    "Syllable": "73",
    "Word": "17",
    "RDate": "20201120",
    "Aspects": [
      {
        "Aspect": "기능",
        "SentimentText": "건조기 이불털기 기능 너무 좋아요. 먼지 이젠 안녕~ ",
        "SentimentWord": "8",
        "SentimentPolarity": "1"
      },
      {
        "Aspect": "가격",
        "SentimentText": "가격도 너무 좋았던 건조기 추천해요.",
        "SentimentWord": "5",
        "SentimentPolarity": "1"
      }
    ]
  },
  {
    "Index": "19663",
    "RawText": "가성비가 느므 좋아요. 짱이예요..건조기 테스트해보니 보숭한 촉감 장마철에도 잘 마른 빨래~ 이래서 건조기 쓰나봅니다. 강추!!!!!",
    "Source": "쇼핑몰",
    "Domain": "가전",
    "MainCategory": "생활/미용/욕실가전",
    "ProductName": "베코 DH10433RX0",
    "ReviewScore": "5",
    "Syllable": "74",
    "Word": "15",
    "RDate": "20210521",
    "GeneralPolarity": "1",
    "Aspects": [
      {
        "Aspect": "기능",
        "SentimentText": "보숭한 촉감 장마철에도 잘 마른 빨래~ 이래서 건조기 쓰나봅니다. 강추!!!!!",
        "SentimentWord": "10",
        "SentimentPolarity": "1"
      },
      {
        "Aspect": "가격",
        "SentimentText": "가성비가 느므 좋아요. 짱이예요..",
        "SentimentWord": "4",
        "SentimentPolarity": "1"
      }
    ]
  },
  {
    "Index": "19664",
    "RawText": "건조기 직렬설치시 상담이 미흡했어요. 옷손상도 적고 잘 말려주는 기특함에 세탁이 즐거워요. 가격착하니 구매하세요.",
    "Source": "쇼핑몰",
    "Domain": "가전",
    "MainCategory": "생활/미용/욕실가전",
    "ProductName": "베코 DH10433RX0",
    "ReviewScore": "5",
    "Syllable": "63",
    "Word": "13",
    "RDate": "20210617",
    "Aspects": [
      {
        "Aspect": "기능",
        "SentimentText": "옷손상도 적고 잘 말려주는 기특함에 세탁이 즐거워요. ",
        "SentimentWord": "7",
        "SentimentPolarity": "1"
      },
      {
        "Aspect": "가격",
        "SentimentText": "가격착하니 구매하세요.",
        "SentimentWord": "2",
        "SentimentPolarity": "1"
      }
    ]
  },
  {
    "Index": "19666",
    "RawText": "냄새나던 옷도 잘 건조 되니 산뜻해요. 동물을 키운다면 꼭 사용하세요. 털이나 먼지를 잘 털어줍니다. 가격이 좋아 가성비 최고입니다.",
    "Source": "쇼핑몰",
    "Domain": "가전",
    "MainCategory": "생활/미용/욕실가전",
    "ProductName": "베코 DH10433RX0",
    "ReviewScore": "5",
    "Syllable": "74",
    "Word": "18",
    "RDate": "20210521",
    "GeneralPolarity": "1",
    "Aspects": [
      {
        "Aspect": "기능",
        "SentimentText": "냄새나던 옷도 잘 건조 되니 산뜻해요.",
        "SentimentWord": "6",
        "SentimentPolarity": "1"
      },
      {
        "Aspect": "기능",
        "SentimentText": "동물을 키운다면 꼭 사용하세요. 털이나 먼지를 잘 털어줍니다. ",
        "SentimentWord": "8",
        "SentimentPolarity": "1"
      },
      {
        "Aspect": "가격",
        "SentimentText": "가격이 좋아 가성비 최고입니다. ",
        "SentimentWord": "4",
        "SentimentPolarity": "1"
      }
    ]
  },
  {
    "Index": "19667",
    "RawText": "가성비가 굿입니다. 친절한 설치와 꼼꼼한 설명이 좋았습니다. 성능은 비싼제품과 차이가 없어요. 산뜻하게 말려줘요.",
    "Source": "쇼핑몰",
    "Domain": "가전",
    "MainCategory": "생활/미용/욕실가전",
    "ProductName": "베코 DH10433RX0",
    "ReviewScore": "5",
    "Syllable": "63",
    "Word": "13",
    "RDate": "20210315",
    "Aspects": [
      {
        "Aspect": "가격",
        "SentimentText": "가성비가 굿입니다. ",
        "SentimentWord": "2",
        "SentimentPolarity": "1"
      },
      {
        "Aspect": "기능",
        "SentimentText": "성능은 비싼제품과 차이가 없어요. 산뜻하게 말려줘요.",
        "SentimentWord": "6",
        "SentimentPolarity": "1"
      }
    ]
  },
  {
    "Index": "19669",
    "RawText": "크기도 제가 원하던 사이즈예요. 디자인은 어쩜 이리 예쁜지~ 저온 제습이라 옷 손상도 없는거 같아 만족해요. 소음도 없어요.",
    "Source": "쇼핑몰",
    "Domain": "가전",
    "MainCategory": "생활/미용/욕실가전",
    "ProductName": "베코 DH10433RX0",
    "ReviewScore": "5",
    "Syllable": "69",
    "Word": "17",
    "RDate": "20200310",
    "GeneralPolarity": "1",
    "Aspects": [
      {
        "Aspect": "사이즈",
        "SentimentText": "크기도 제가 원하던 사이즈예요. ",
        "SentimentWord": "4",
        "SentimentPolarity": "1"
      },
      {
        "Aspect": "디자인",
        "SentimentText": "디자인은 어쩜 이리 예쁜지~ ",
        "SentimentWord": "4",
        "SentimentPolarity": "1"
      },
      {
        "Aspect": "기능",
        "SentimentText": "저온 제습이라 옷 손상도 없는거 같아 만족해요.",
        "SentimentWord": "7",
        "SentimentPolarity": "1"
      },
      {
        "Aspect": "소음",
        "SentimentText": "소음도 없어요. ",
        "SentimentWord": "2",
        "SentimentPolarity": "1"
      }
    ]
  },
  {
    "Index": "19670",
    "RawText": "가격이 착해서 구매할때 망설임 없었어요. ^^ 건조시 건조능력 최고 좋아요. 내부에 스탠 통안 플라스틱이 흰색 줄같이 기스가 있네요ㅠ.ㅠ",
    "Source": "쇼핑몰",
    "Domain": "가전",
    "MainCategory": "생활/미용/욕실가전",
    "ProductName": "베코 DH10433RX0",
    "ReviewScore": "4",
    "Syllable": "76",
    "Word": "18",
    "RDate": "20201123",
    "GeneralPolarity": "0",
    "Aspects": [
      {
        "Aspect": "가격",
        "SentimentText": "가격이 착해서 구매할때 망설임 없었어요. ^^ ",
        "SentimentWord": "6",
        "SentimentPolarity": "1"
      },
      {
        "Aspect": "기능",
        "SentimentText": "건조시 건조능력 최고 좋아요.",
        "SentimentWord": "4",
        "SentimentPolarity": "1"
      },
      {
        "Aspect": "품질",
        "SentimentText": "내부에 스탠 통안 플라스틱이 흰색 줄같이 기스가 있네요ㅠ.ㅠ",
        "SentimentWord": "8",
        "SentimentPolarity": "-1"
      }
    ]
  },
  {
    "Index": "19671",
    "RawText": "옷 먼지 털기에 힘들이지 않고 편하게 잘 쓰고 있습니다. 먼지는 어찌나 잘 터는지 먼지털기 기능에 반했어요.^^ 가성비는 왜이렇게 좋나요.",
    "Source": "쇼핑몰",
    "Domain": "가전",
    "MainCategory": "생활/미용/욕실가전",
    "ProductName": "베코 DH10433RX0",
    "ReviewScore": "5",
    "Syllable": "77",
    "Word": "19",
    "RDate": "20200125",
    "GeneralPolarity": "1",
    "Aspects": [
      {
        "Aspect": "편의성",
        "SentimentText": "옷 먼지 털기에 힘들이지 않고 편하게 잘 쓰고 있습니다. ",
        "SentimentWord": "9",
        "SentimentPolarity": "1"
      },
      {
        "Aspect": "기능",
        "SentimentText": "먼지는 어찌나 잘 터는지 먼지털기 기능에 반했어요.^^",
        "SentimentWord": "7",
        "SentimentPolarity": "1"
      },
      {
        "Aspect": "가격",
        "SentimentText": " 가성비는 왜이렇게 좋나요.",
        "SentimentWord": "3",
        "SentimentPolarity": "1"
      }
    ]
  },
  {
    "Index": "19672",
    "RawText": "쉿 !! 소음이 거의 없어요. 설치기사님이 설명도 열심히 해주셔서 너무 맘에 들어요. 디자인도 마음에 쏘옥 들어요.",
    "Source": "쇼핑몰",
    "Domain": "가전",
    "MainCategory": "생활/미용/욕실가전",
    "ProductName": "베코 DH10433RX0",
    "ReviewScore": "5",
    "Syllable": "64",
    "Word": "16",
    "RDate": "20220511",
    "Aspects": [
      {
        "Aspect": "소음",
        "SentimentText": "쉿 !! 소음이 거의 없어요. ",
        "SentimentWord": "5",
        "SentimentPolarity": "1"
      },
      {
        "Aspect": "디자인",
        "SentimentText": " 디자인도 마음에 쏘옥 들어요. ",
        "SentimentWord": "4",
        "SentimentPolarity": "1"
      }
    ]
  },
  {
    "Index": "19673",
    "RawText": "계단많은 집인데 무거운 건조기 죄송스러웠어요. ^^::::: 힘들었을텐데 잘 배송해 주셨어요.친절함에 매우 감사했어요. 건조기 잘 성능 좋고 먼지도 잘 털립니다.",
    "Source": "쇼핑몰",
    "Domain": "가전",
    "MainCategory": "생활/미용/욕실가전",
    "ProductName": "베코 DH10433RX0",
    "ReviewScore": "5",
    "Syllable": "90",
    "Word": "19",
    "RDate": "20200831",
    "Aspects": [
      {
        "Aspect": "무게",
        "SentimentText": "계단많은 집인데 무거운 건조기 죄송스러웠어요. ^^::::: ",
        "SentimentWord": "6",
        "SentimentPolarity": "0"
      },
      {
        "Aspect": "기능",
        "SentimentText": "건조기 잘 성능 좋고 먼지도 잘 털립니다.",
        "SentimentWord": "7",
        "SentimentPolarity": "1"
      }
    ]
  },
  {
    "Index": "19674",
    "RawText": "적립금 써서 가격멋져요. 예쁘고 단정한 디자인이 기분 좋아요. 건조기 소음은 조용 조용한 편이예요.",
    "Source": "쇼핑몰",
    "Domain": "가전",
    "MainCategory": "생활/미용/욕실가전",
    "ProductName": "베코 DH10433RX0",
    "ReviewScore": "4",
    "Syllable": "55",
    "Word": "13",
    "RDate": "20220727",
    "GeneralPolarity": "1",
    "Aspects": [
      {
        "Aspect": "가격",
        "SentimentText": "적립금 써서 가격멋져요. ",
        "SentimentWord": "3",
        "SentimentPolarity": "1"
      },
      {
        "Aspect": "디자인",
        "SentimentText": "예쁘고 단정한 디자인이 기분 좋아요. ",
        "SentimentWord": "5",
        "SentimentPolarity": "1"
      },
      {
        "Aspect": "소음",
        "SentimentText": "건조기 소음은 조용 조용한 편이예요. ",
        "SentimentWord": "5",
        "SentimentPolarity": "1"
      }
    ]
  },
  {
    "Index": "19675",
    "RawText": "또 구매하고 싶은 가성비 좋은 건조기예요. 추천합니다. 소음도 매우 적었고~~ 디자인은 너무 깔끔해요.",
    "Source": "쇼핑몰",
    "Domain": "가전",
    "MainCategory": "생활/미용/욕실가전",
    "ProductName": "베코 DH10433RX0",
    "ReviewScore": "5",
    "Syllable": "57",
    "Word": "13",
    "RDate": "20200410",
    "GeneralPolarity": "1",
    "Aspects": [
      {
        "Aspect": "가격",
        "SentimentText": "또 구매하고 싶은 가성비 좋은 건조기예요. 추천합니다. ",
        "SentimentWord": "7",
        "SentimentPolarity": "1"
      },
      {
        "Aspect": "소음",
        "SentimentText": "소음도 매우 적었고~~",
        "SentimentWord": "3",
        "SentimentPolarity": "1"
      },
      {
        "Aspect": "디자인",
        "SentimentText": "디자인은 너무 깔끔해요. ",
        "SentimentWord": "3",
        "SentimentPolarity": "1"
      }
    ]
  },
  {
    "Index": "19676",
    "RawText": "건조기 성능은 말해 뭐해요. 먼지 탈탈 털어줘서 베리굿입니다. 역시 ㅇㅇㅇ 최고!!!!",
    "Source": "쇼핑몰",
    "Domain": "가전",
    "MainCategory": "생활/미용/욕실가전",
    "ProductName": "베코 DH10433RX0",
    "ReviewScore": "5",
    "Syllable": "48",
    "Word": "11",
    "RDate": "20201117",
    "Aspects": [
      {
        "Aspect": "제조일/제조사",
        "SentimentText": "역시 ㅇㅇㅇ 최고!!!!",
        "SentimentWord": "3",
        "SentimentPolarity": "1"
      },
      {
        "Aspect": "기능",
        "SentimentText": "건조기 성능은 말해 뭐해요. 먼지 탈탈 털어줘서 베리굿입니다.  ",
        "SentimentWord": "8",
        "SentimentPolarity": "1"
      }
    ]
  },
  {
    "Index": "19677",
    "RawText": "건조기 사용해보니 눈누난나~ 그 편리함에 빠져듭니다. 베게와 이불 먼지도 탈탈탈 잘 털어줘서 좋습니다. 가격 좋을때 빠르게 샀습니다.",
    "Source": "쇼핑몰",
    "Domain": "가전",
    "MainCategory": "생활/미용/욕실가전",
    "ProductName": "베코 DH10433RX0",
    "ReviewScore": "5",
    "Syllable": "74",
    "Word": "17",
    "RDate": "20200422",
    "GeneralPolarity": "1",
    "Aspects": [
      {
        "Aspect": "편의성",
        "SentimentText": "건조기 사용해보니 눈누난나~ 그 편리함에 빠져듭니다.",
        "SentimentWord": "6",
        "SentimentPolarity": "1"
      },
      {
        "Aspect": "기능",
        "SentimentText": "베게와 이불 먼지도 탈탈탈 잘 털어줘서 좋습니다.",
        "SentimentWord": "7",
        "SentimentPolarity": "1"
      },
      {
        "Aspect": "가격",
        "SentimentText": "가격 좋을때 빠르게 샀습니다. ",
        "SentimentWord": "4",
        "SentimentPolarity": "1"
      }
    ]
  },
  {
    "Index": "19678",
    "RawText": "설치기사님들의 친절함은 감동!! 건조기 처음 써보는데 소음이 좀 컸어요. 빨래 많이 넣고 돌릴꺼라 사이즈 왕~큰거 샀어요. 역시 가성비 갑입니다.",
    "Source": "쇼핑몰",
    "Domain": "가전",
    "MainCategory": "생활/미용/욕실가전",
    "ProductName": "베코 DH10433RX0",
    "ReviewScore": "5",
    "Syllable": "81",
    "Word": "19",
    "RDate": "20200425",
    "Aspects": [
      {
        "Aspect": "소음",
        "SentimentText": "건조기 처음 써보는데 소음이 좀 컸어요. ",
        "SentimentWord": "6",
        "SentimentPolarity": "-1"
      },
      {
        "Aspect": "용량",
        "SentimentText": "빨래 많이 넣고 돌릴꺼라 사이즈 왕~큰거 샀어요. ",
        "SentimentWord": "7",
        "SentimentPolarity": "1"
      },
      {
        "Aspect": "가격",
        "SentimentText": "역시 가성비 갑입니다.",
        "SentimentWord": "3",
        "SentimentPolarity": "1"
      }
    ]
  },
  {
    "Index": "19679",
    "RawText": "조작법 간편해서 좋네요^^ 건조가 잘되니 너무 편해요. 비오는데 보숭보숭한 그 느낌 쾌적해요.",
    "Source": "쇼핑몰",
    "Domain": "가전",
    "MainCategory": "생활/미용/욕실가전",
    "ProductName": "베코 DH10433RX0",
    "ReviewScore": "5",
    "Syllable": "52",
    "Word": "12",
    "RDate": "20200806",
    "Aspects": [
      {
        "Aspect": "조작성",
        "SentimentText": "조작법 간편해서 좋네요^^ ",
        "SentimentWord": "3",
        "SentimentPolarity": "1"
      },
      {
        "Aspect": "기능",
        "SentimentText": "건조가 잘되니 너무 편해요. 비오는데 보숭보숭한 그 느낌 쾌적해요. ",
        "SentimentWord": "9",
        "SentimentPolarity": "1"
      }
    ]
  },
  {
    "Index": "19680",
    "RawText": "간편한 설치에 놀랬어요. 세탁실을 꽉 채우는 크기에 불편했어요. 세탁실두니 건조기 소음은 부담없어요.",
    "Source": "쇼핑몰",
    "Domain": "가전",
    "MainCategory": "생활/미용/욕실가전",
    "ProductName": "베코 DH10433RX0",
    "ReviewScore": "5",
    "Syllable": "56",
    "Word": "12",
    "RDate": "20210512",
    "Aspects": [
      {
        "Aspect": "사이즈",
        "SentimentText": "세탁실을 꽉 채우는 크기에 불편했어요.",
        "SentimentWord": "5",
        "SentimentPolarity": "-1"
      },
      {
        "Aspect": "소음",
        "SentimentText": "세탁실두니 건조기 소음은 부담없어요.",
        "SentimentWord": "4",
        "SentimentPolarity": "1"
      }
    ]
  },
  {
    "Index": "19681",
    "RawText": "질 좋은 제품 가격마저 혜자스럽게 저렴했어요.  디자인 고급스러움이 철철 넘치네요.이뻐요",
    "Source": "쇼핑몰",
    "Domain": "가전",
    "MainCategory": "생활/미용/욕실가전",
    "ProductName": "베코 DH10433RX0",
    "ReviewScore": "5",
    "Syllable": "49",
    "Word": "10",
    "RDate": "20200920",
    "Aspects": [
      {
        "Aspect": "가격",
        "SentimentText": "질 좋은 제품 가격마저 혜자스럽게 저렴했어요. ",
        "SentimentWord": "6",
        "SentimentPolarity": "1"
      },
      {
        "Aspect": "디자인",
        "SentimentText": " 디자인 고급스러움이 철철 넘치네요.이뻐요",
        "SentimentWord": "4",
        "SentimentPolarity": "1"
      }
    ]
  },
  {
    "Index": "19682",
    "RawText": "고장없이 잘 쓰고 있어요. 안전하고 친절한 배송이었어요. 이불빨래 건조하기 딱 좋은 크기 예요.",
    "Source": "쇼핑몰",
    "Domain": "가전",
    "MainCategory": "생활/미용/욕실가전",
    "ProductName": "베코 DH10433RX0",
    "ReviewScore": "5",
    "Syllable": "53",
    "Word": "13",
    "RDate": "20210519",
    "Aspects": [
      {
        "Aspect": "품질",
        "SentimentText": "고장없이 잘 쓰고 있어요.",
        "SentimentWord": "4",
        "SentimentPolarity": "1"
      },
      {
        "Aspect": "사이즈",
        "SentimentText": "이불빨래 건조하기 딱 좋은 크기 예요.",
        "SentimentWord": "6",
        "SentimentPolarity": "1"
      }
    ]
  },
  {
    "Index": "19683",
    "RawText": "만족스러운 제품 성능 수건이 뾰숑뾰숑 해서 기분이 좋았어요. 조용조용~소리도 작아 좋아요",
    "Source": "쇼핑몰",
    "Domain": "가전",
    "MainCategory": "생활/미용/욕실가전",
    "ProductName": "베코 DH10433RX0",
    "ReviewScore": "5",
    "Syllable": "49",
    "Word": "11",
    "RDate": "20200913",
    "Aspects": [
      {
        "Aspect": "기능",
        "SentimentText": "만족스러운 제품 성능 수건이 뾰숑뾰숑 해서 기분이 좋았어요.",
        "SentimentWord": "8",
        "SentimentPolarity": "1"
      },
      {
        "Aspect": "소음",
        "SentimentText": "조용조용~소리도 작아 좋아요",
        "SentimentWord": "3",
        "SentimentPolarity": "1"
      }
    ]
  },
  {
    "Index": "19684",
    "RawText": "작동법이 쉬워서 어르신들이 사용하시기 좋아요. 가격도 기가막히게 착해요. 실용적이고 편리해서 자주 사용해요.",
    "Source": "쇼핑몰",
    "Domain": "가전",
    "MainCategory": "생활/미용/욕실가전",
    "ProductName": "베코 DH10433RX0",
    "ReviewScore": "5",
    "Syllable": "60",
    "Word": "12",
    "RDate": "20210403",
    "GeneralPolarity": "1",
    "Aspects": [
      {
        "Aspect": "조작성",
        "SentimentText": "작동법이 쉬워서 어르신들이 사용하시기 좋아요. ",
        "SentimentWord": "5",
        "SentimentPolarity": "1"
      },
      {
        "Aspect": "가격",
        "SentimentText": "가격도 기가막히게 착해요. ",
        "SentimentWord": "3",
        "SentimentPolarity": "1"
      },
      {
        "Aspect": "편의성",
        "SentimentText": "실용적이고 편리해서 자주 사용해요. ",
        "SentimentWord": "4",
        "SentimentPolarity": "1"
      }
    ]
  },
  {
    "Index": "19685",
    "RawText": "힘들게 널지 않아도 보송하게 건조해줍니다. 매우 편리해 자주 이용할수 있습니다. 먼지를 잘 털어주어 뿌듯합니다.",
    "Source": "쇼핑몰",
    "Domain": "가전",
    "MainCategory": "생활/미용/욕실가전",
    "ProductName": "베코 DH10433RX0",
    "ReviewScore": "5",
    "Syllable": "62",
    "Word": "14",
    "RDate": "20201123",
    "GeneralPolarity": "1",
    "Aspects": [
      {
        "Aspect": "기능",
        "SentimentText": "힘들게 널지 않아도 보송하게 건조해줍니다. ",
        "SentimentWord": "5",
        "SentimentPolarity": "1"
      },
      {
        "Aspect": "편의성",
        "SentimentText": "매우 편리해 자주 이용할수 있습니다. ",
        "SentimentWord": "5",
        "SentimentPolarity": "1"
      },
      {
        "Aspect": "기능",
        "SentimentText": "먼지를 잘 털어주어 뿌듯합니다. ",
        "SentimentWord": "4",
        "SentimentPolarity": "1"
      }
    ]
  },
  {
    "Index": "19686",
    "RawText": "보송하고 부드럽게 잘 말려주는 건조기 사랑스럽습니다. ^^~ 작동도 잘되고 품질 굿!!이에요",
    "Source": "쇼핑몰",
    "Domain": "가전",
    "MainCategory": "생활/미용/욕실가전",
    "ProductName": "베코 DH10433RX0",
    "ReviewScore": "5",
    "Syllable": "51",
    "Word": "11",
    "RDate": "20201215",
    "Aspects": [
      {
        "Aspect": "기능",
        "SentimentText": "보송하고 부드럽게 잘 말려주는 건조기 사랑스럽습니다. ^^~",
        "SentimentWord": "7",
        "SentimentPolarity": "1"
      },
      {
        "Aspect": "품질",
        "SentimentText": "작동도 잘되고 품질 굿!!이에요",
        "SentimentWord": "4",
        "SentimentPolarity": "1"
      }
    ]
  },
  {
    "Index": "19687",
    "RawText": "건조기는 불쾌한 장마철에 유용하고 편리합니다.  디자인은 깔끔한 절제미가 있습니다. 소음도 조용한것이 딱좋습니다.",
    "Source": "쇼핑몰",
    "Domain": "가전",
    "MainCategory": "생활/미용/욕실가전",
    "ProductName": "베코 DH10433RX0",
    "ReviewScore": "5",
    "Syllable": "63",
    "Word": "12",
    "RDate": "20200810",
    "GeneralPolarity": "1",
    "Aspects": [
      {
        "Aspect": "편의성",
        "SentimentText": "건조기는 불쾌한 장마철에 유용하고 편리합니다.  ",
        "SentimentWord": "5",
        "SentimentPolarity": "1"
      },
      {
        "Aspect": "디자인",
        "SentimentText": "디자인은 깔끔한 절제미가 있습니다. ",
        "SentimentWord": "4",
        "SentimentPolarity": "1"
      },
      {
        "Aspect": "소음",
        "SentimentText": "소음도 조용한것이 딱좋습니다. ",
        "SentimentWord": "3",
        "SentimentPolarity": "1"
      }
    ]
  },
  {
    "Index": "19688",
    "RawText": "중간에 건조기 돌린거 기억못할만큼 소음은 미미합니다. 디자인은 복잡하지 않아 질리지 않습니다.",
    "Source": "쇼핑몰",
    "Domain": "가전",
    "MainCategory": "생활/미용/욕실가전",
    "ProductName": "베코 DH10433RX0",
    "ReviewScore": "5",
    "Syllable": "52",
    "Word": "11",
    "RDate": "20220721",
    "GeneralPolarity": "1",
    "Aspects": [
      {
        "Aspect": "소음",
        "SentimentText": "중간에 건조기 돌린거 기억못할만큼 소음은 미미합니다. ",
        "SentimentWord": "6",
        "SentimentPolarity": "1"
      },
      {
        "Aspect": "디자인",
        "SentimentText": "디자인은 복잡하지 않아 질리지 않습니다. ",
        "SentimentWord": "5",
        "SentimentPolarity": "1"
      }
    ]
  },
  {
    "Index": "19689",
    "RawText": "전기사용량도 적어 효도템입니다. 소음도 통돌이보다 조용해서 만족합니다.",
    "Source": "쇼핑몰",
    "Domain": "가전",
    "MainCategory": "생활/미용/욕실가전",
    "ProductName": "베코 DH10433RX0",
    "ReviewScore": "5",
    "Syllable": "39",
    "Word": "7",
    "RDate": "20201104",
    "GeneralPolarity": "1",
    "Aspects": [
      {
        "Aspect": "소비전력",
        "SentimentText": "전기사용량도 적어 효도템입니다.",
        "SentimentWord": "3",
        "SentimentPolarity": "1"
      },
      {
        "Aspect": "소음",
        "SentimentText": "소음도 통돌이보다 조용해서 만족합니다. ",
        "SentimentWord": "4",
        "SentimentPolarity": "1"
      }
    ]
  },
  {
    "Index": "19690",
    "RawText": "큰 이불 건조시 추가시간이 필요하고 건조속도가 조금 느립니다. 사이즈는 나 혼자쓰기 적당합니다. ^^ 설치는 친절했고 설명도 성의껏 해주셨습니다.",
    "Source": "쇼핑몰",
    "Domain": "가전",
    "MainCategory": "생활/미용/욕실가전",
    "ProductName": "베코 DH10433RX0",
    "ReviewScore": "5",
    "Syllable": "81",
    "Word": "18",
    "RDate": "20210610",
    "Aspects": [
      {
        "Aspect": "시간/속도",
        "SentimentText": "큰 이불 건조시 추가시간이 필요하고 건조속도가 조금 느립니다.",
        "SentimentWord": "8",
        "SentimentPolarity": "-1"
      },
      {
        "Aspect": "사이즈",
        "SentimentText": "사이즈는 나 혼자쓰기 적당합니다. ^^ ",
        "SentimentWord": "5",
        "SentimentPolarity": "1"
      }
    ]
  },
  {
    "Index": "19692",
    "RawText": "베란다에 설치해 겨울엔 건조시간이 좀더 걸려 아쉽습니다. 설치는 빨랐고 친절함에 감탄 했습니다. 품질은 쓸수록 만족도가 높습니다.",
    "Source": "쇼핑몰",
    "Domain": "가전",
    "MainCategory": "생활/미용/욕실가전",
    "ProductName": "베코 DH10433RX0",
    "ReviewScore": "5",
    "Syllable": "72",
    "Word": "16",
    "RDate": "20200209",
    "Aspects": [
      {
        "Aspect": "시간/속도",
        "SentimentText": "베란다에 설치해 겨울엔 건조시간이 좀더 걸려 아쉽습니다. ",
        "SentimentWord": "7",
        "SentimentPolarity": "-1"
      },
      {
        "Aspect": "품질",
        "SentimentText": "품질은 쓸수록 만족도가 높습니다. ",
        "SentimentWord": "4",
        "SentimentPolarity": "1"
      }
    ]
  },
  {
    "Index": "19693",
    "RawText": "가격대비 가성비 쩔어요. 건조 기능이 좋아 의류가 쉽게 잘 말라서 좋습니다. 설치 잘해주시고 꼼꼼하게 살펴봐주십니다.",
    "Source": "쇼핑몰",
    "Domain": "가전",
    "MainCategory": "생활/미용/욕실가전",
    "ProductName": "베코 DH10433RX0",
    "ReviewScore": "5",
    "Syllable": "65",
    "Word": "15",
    "RDate": "20210519",
    "Aspects": [
      {
        "Aspect": "가격",
        "SentimentText": "가격대비 가성비 쩔어요.",
        "SentimentWord": "3",
        "SentimentPolarity": "1"
      },
      {
        "Aspect": "기능",
        "SentimentText": "건조 기능이 좋아 의류가 쉽게 잘 말라서 좋습니다. ",
        "SentimentWord": "8",
        "SentimentPolarity": "1"
      }
    ]
  },
  {
    "Index": "19694",
    "RawText": "먼지 없는데 빨간색 경고등이 들어오네요 몬가 이상합니다-- 거슬리는 소음은 있어요. 건조기 작동시 발열이 심해서 주변 온도가 올라가네요ㅠㅠ",
    "Source": "쇼핑몰",
    "Domain": "가전",
    "MainCategory": "생활/미용/욕실가전",
    "ProductName": "베코 DH10433RX0",
    "ReviewScore": "5",
    "Syllable": "77",
    "Word": "17",
    "RDate": "20210622",
    "GeneralPolarity": "-1",
    "Aspects": [
      {
        "Aspect": "품질",
        "SentimentText": "먼지 없는데 빨간색 경고등이 들어오네요 몬가 이상합니다--",
        "SentimentWord": "7",
        "SentimentPolarity": "-1"
      },
      {
        "Aspect": "소음",
        "SentimentText": "거슬리는 소음은 있어요. ",
        "SentimentWord": "3",
        "SentimentPolarity": "-1"
      },
      {
        "Aspect": "내구성",
        "SentimentText": "건조기 작동시 발열이 심해서 주변 온도가 올라가네요ㅠㅠ",
        "SentimentWord": "7",
        "SentimentPolarity": "-1"
      }
    ]
  },
  {
    "Index": "19695",
    "RawText": "기본에 충실한 가성비 굿템이예요. 작지만 신경쓰이는 소음이 있어요. 필요한 기능만 있어서 맘에들어요.",
    "Source": "쇼핑몰",
    "Domain": "가전",
    "MainCategory": "생활/미용/욕실가전",
    "ProductName": "베코 DH10433RX0",
    "ReviewScore": "5",
    "Syllable": "56",
    "Word": "12",
    "RDate": "20210518",
    "GeneralPolarity": "0",
    "Aspects": [
      {
        "Aspect": "가격",
        "SentimentText": "기본에 충실한 가성비 굿템이예요. ",
        "SentimentWord": "4",
        "SentimentPolarity": "1"
      },
      {
        "Aspect": "소음",
        "SentimentText": "작지만 신경쓰이는 소음이 있어요. ",
        "SentimentWord": "4",
        "SentimentPolarity": "-1"
      },
      {
        "Aspect": "기능",
        "SentimentText": "필요한 기능만 있어서 맘에들어요.",
        "SentimentWord": "4",
        "SentimentPolarity": "1"
      }
    ]
  },
  {
    "Index": "19696",
    "RawText": "빨래량이 적으면 소음이 커져서 예민해집니다. 건조시간이 다소 많이 걸려 신경쓰이기도 합니다.   건조기에서 잘 마른 빨래꺼내면 기분이 좋습니다.",
    "Source": "쇼핑몰",
    "Domain": "가전",
    "MainCategory": "생활/미용/욕실가전",
    "ProductName": "베코 DH10433RX0",
    "ReviewScore": "5",
    "Syllable": "80",
    "Word": "17",
    "RDate": "20210402",
    "GeneralPolarity": "0",
    "Aspects": [
      {
        "Aspect": "소음",
        "SentimentText": " 빨래량이 적으면 소음이 커져서 예민해집니다.",
        "SentimentWord": "5",
        "SentimentPolarity": "-1"
      },
      {
        "Aspect": "시간/속도",
        "SentimentText": "건조시간이 다소 많이 걸려 신경쓰이기도 합니다.",
        "SentimentWord": "6",
        "SentimentPolarity": "-1"
      },
      {
        "Aspect": "기능",
        "SentimentText": " 건조기에서 잘 마른 빨래꺼내면 기분이 좋습니다. ",
        "SentimentWord": "6",
        "SentimentPolarity": "1"
      }
    ]
  },
  {
    "Index": "19697",
    "RawText": "발열이 심해요 ㅠㅠ 쿠폰적용으로 알뜰하게 좋은 가격으로 구매했습니다.",
    "Source": "쇼핑몰",
    "Domain": "가전",
    "MainCategory": "생활/미용/욕실가전",
    "ProductName": "베코 DH10433RX0",
    "ReviewScore": "5",
    "Syllable": "38",
    "Word": "8",
    "RDate": "20210516",
    "Aspects": [
      {
        "Aspect": "내구성",
        "SentimentText": "발열이 심해요 ㅠㅠ",
        "SentimentWord": "3",
        "SentimentPolarity": "-1"
      },
      {
        "Aspect": "가격",
        "SentimentText": "쿠폰적용으로 알뜰하게 좋은 가격으로 구매했습니다. ",
        "SentimentWord": "5",
        "SentimentPolarity": "1"
      }
    ]
  },
  {
    "Index": "19698",
    "RawText": "건조기 기능에 충실 건조 성능이 몹시 좋아요. 디자인도 깔끔해서 매우 흡족해요.",
    "Source": "쇼핑몰",
    "Domain": "가전",
    "MainCategory": "생활/미용/욕실가전",
    "ProductName": "베코 DH10433RX0",
    "ReviewScore": "5",
    "Syllable": "44",
    "Word": "11",
    "RDate": "20210628",
    "GeneralPolarity": "1",
    "Aspects": [
      {
        "Aspect": "기능",
        "SentimentText": "건조기 기능에 충실 건조 성능이 몹시 좋아요.",
        "SentimentWord": "7",
        "SentimentPolarity": "1"
      },
      {
        "Aspect": "디자인",
        "SentimentText": "디자인도 깔끔해서 매우 흡족해요.",
        "SentimentWord": "4",
        "SentimentPolarity": "1"
      }
    ]
  },
  {
    "Index": "19699",
    "RawText": "이곳저곳 검색후 적립금 적립되고 최저가로 구매해서 뿌듯해요.  친절한 기사님들 균형도 잘 맞춰줘서 좋았어요.수건은 결이 예쁘게 건조가 되어 포근한 호텔수건 느낌이 나요. 이불털기 10분소요 짧은 시간으로 기분좋은 이불상태가 만들어집니다.  소음도 없어 조용하게 느껴져요.",
    "Source": "쇼핑몰",
    "Domain": "가전",
    "MainCategory": "생활/미용/욕실가전",
    "ProductName": "베코 DH10433RX0",
    "ReviewScore": "5",
    "Syllable": "151",
    "Word": "32",
    "RDate": "20200312",
    "Aspects": [
      {
        "Aspect": "가격",
        "SentimentText": "적립금 적립되고 최저가로 구매해서 뿌듯해요.",
        "SentimentWord": "5",
        "SentimentPolarity": "1"
      },
      {
        "Aspect": "기능",
        "SentimentText": "수건은 결이 예쁘게 건조가 되어 포근한 호텔수건 느낌이 나요. ",
        "SentimentWord": "9",
        "SentimentPolarity": "1"
      },
      {
        "Aspect": "시간/속도",
        "SentimentText": "이불털기 10분소요 짧은 시간으로 기분좋은 이불상태가 만들어집니다.  ",
        "SentimentWord": "7",
        "SentimentPolarity": "1"
      },
      {
        "Aspect": "소음",
        "SentimentText": "소음도 없어 조용하게 느껴져요.",
        "SentimentWord": "4",
        "SentimentPolarity": "1"
      }
    ]
  },
  {
    "Index": "19700",
    "RawText": "예전에도 사용해봤어요.건조기 제품이 좋아 추가구매 했어요. 실버컬러라 세련되보이네요!이뻐요",
    "Source": "쇼핑몰",
    "Domain": "가전",
    "MainCategory": "생활/미용/욕실가전",
    "ProductName": "베코 DH10433RX0",
    "ReviewScore": "5",
    "Syllable": "50",
    "Word": "8",
    "RDate": "20220723",
    "Aspects": [
      {
        "Aspect": "품질",
        "SentimentText": "건조기 제품이 좋아 추가구매 했어요.",
        "SentimentWord": "5",
        "SentimentPolarity": "1"
      },
      {
        "Aspect": "색상",
        "SentimentText": "실버컬러라 세련되보이네요!이뻐요",
        "SentimentWord": "2",
        "SentimentPolarity": "1"
      }
    ]
  },
  {
    "Index": "19702",
    "RawText": "주문후 다음날 빠르게 배송됐어요. 친절하게 설명해주시고 꼼꼼하게 설치해주셨어요. 건조기 왜 쓰는지 알겠어요. 잘 말라서 뽀송 뽀송 이느낌 참 좋아요. 설정된 건조 예상 시간보다 빠르게 끝납니다.  소음도 조용해서 깜짝놀랐어요.",
    "Source": "쇼핑몰",
    "Domain": "가전",
    "MainCategory": "생활/미용/욕실가전",
    "ProductName": "베코 DH10433RX0",
    "ReviewScore": "5",
    "Syllable": "126",
    "Word": "28",
    "RDate": "20210215",
    "Aspects": [
      {
        "Aspect": "기능",
        "SentimentText": "건조기 왜 쓰는지 알겠어요. 잘 말라서 뽀송 뽀송 이느낌 참 좋아요. ",
        "SentimentWord": "11",
        "SentimentPolarity": "1"
      },
      {
        "Aspect": "시간/속도",
        "SentimentText": "설정된 건조 예상 시간보다 빠르게 끝납니다. ",
        "SentimentWord": "6",
        "SentimentPolarity": "1"
      },
      {
        "Aspect": "소음",
        "SentimentText": "소음도 조용해서 깜짝놀랐어요. ",
        "SentimentWord": "3",
        "SentimentPolarity": "1"
      }
    ]
  },
  {
    "Index": "19704",
    "RawText": "세일할때 저렴하게 구매했어요. 약간의 소음이 있어요.덜덜 떨리는 소리요 ^^;;; 빨래는 정말 잘 말라서 흐뭇해요.",
    "Source": "쇼핑몰",
    "Domain": "가전",
    "MainCategory": "생활/미용/욕실가전",
    "ProductName": "베코 DH10433RX0",
    "ReviewScore": "3",
    "Syllable": "64",
    "Word": "14",
    "RDate": "20201108",
    "GeneralPolarity": "0",
    "Aspects": [
      {
        "Aspect": "가격",
        "SentimentText": "세일할때 저렴하게 구매했어요. ",
        "SentimentWord": "3",
        "SentimentPolarity": "1"
      },
      {
        "Aspect": "소음",
        "SentimentText": "약간의 소음이 있어요.덜덜 떨리는 소리요 ^^;;;",
        "SentimentWord": "6",
        "SentimentPolarity": "-1"
      },
      {
        "Aspect": "기능",
        "SentimentText": " 빨래는 정말 잘 말라서 흐뭇해요.",
        "SentimentWord": "5",
        "SentimentPolarity": "1"
      }
    ]
  },
  {
    "Index": "19705",
    "RawText": "날이더워 배송 힘드셨을텐데 친절했어요. 포장도 꼼꼼했어요. 착한 가격은 덤이예요. 시원한 화이트색상이 너무 이쁘네요.",
    "Source": "쇼핑몰",
    "Domain": "가전",
    "MainCategory": "생활/미용/욕실가전",
    "ProductName": "베코 DH10433RX0",
    "ReviewScore": "5",
    "Syllable": "65",
    "Word": "13",
    "RDate": "20210615",
    "Aspects": [
      {
        "Aspect": "가격",
        "SentimentText": "착한 가격은 덤이예요.",
        "SentimentWord": "3",
        "SentimentPolarity": "1"
      },
      {
        "Aspect": "색상",
        "SentimentText": "시원한 화이트색상이 너무 이쁘네요.",
        "SentimentWord": "4",
        "SentimentPolarity": "1"
      }
    ]
  },
  {
    "Index": "19706",
    "RawText": "모터소음이 몹시 컸어요. 실내사용할때 주의가 필요해요.  건조기 성능은 보송하게 잘되네요. 제조일은 오래됐지만 행사상품으로 저렴했어요.",
    "Source": "쇼핑몰",
    "Domain": "가전",
    "MainCategory": "생활/미용/욕실가전",
    "ProductName": "베코 DH10433RX0",
    "ReviewScore": "4",
    "Syllable": "75",
    "Word": "14",
    "RDate": "20220410",
    "GeneralPolarity": "0",
    "Aspects": [
      {
        "Aspect": "소음",
        "SentimentText": "모터소음이 몹시 컸어요. 실내사용할때 주의가 필요해요. ",
        "SentimentWord": "6",
        "SentimentPolarity": "-1"
      },
      {
        "Aspect": "기능",
        "SentimentText": "건조기 성능은 보송하게 잘되네요. ",
        "SentimentWord": "4",
        "SentimentPolarity": "1"
      },
      {
        "Aspect": "가격",
        "SentimentText": "제조일은 오래됐지만 행사상품으로 저렴했어요. ",
        "SentimentWord": "4",
        "SentimentPolarity": "1"
      }
    ]
  },
  {
    "Index": "19707",
    "RawText": "배송전 미리 연락 왔고, 빠르게 설치 받아서 정말 좋아요. 제품은 가격대비  매우 만족해요. 제조일은 19년11월 이네요.",
    "Source": "쇼핑몰",
    "Domain": "가전",
    "MainCategory": "생활/미용/욕실가전",
    "ProductName": "베코 DH10433RX0",
    "ReviewScore": "5",
    "Syllable": "68",
    "Word": "16",
    "RDate": "20200128",
    "Aspects": [
      {
        "Aspect": "가격",
        "SentimentText": " 제품은 가격대비  매우 만족해요",
        "SentimentWord": "4",
        "SentimentPolarity": "1"
      },
      {
        "Aspect": "제조일/제조사",
        "SentimentText": "제조일은 19년11월 이네요.",
        "SentimentWord": "3",
        "SentimentPolarity": "0"
      }
    ]
  },
  {
    "Index": "19709",
    "RawText": "주문후 몹시 빠르게 배송 되었습니다. 친절한기사님께서 미리 스케쥴 체크 전화도 주셨어요. 포장상태도 꼼꼼했어요. 건조용량이 10kg라 처음엔 부담이었는데 사용해보니 만족스럽네요. 작동시에 모터소리도 거의 없이 조용해서 편하구요.",
    "Source": "쇼핑몰",
    "Domain": "가전",
    "MainCategory": "생활/미용/욕실가전",
    "ProductName": "베코 DH10433RX0",
    "ReviewScore": "5",
    "Syllable": "127",
    "Word": "25",
    "RDate": "20200220",
    "Aspects": [
      {
        "Aspect": "용량",
        "SentimentText": "건조용량이 10kg라 처음엔 부담이었는데 사용해보니 만족스럽네요.",
        "SentimentWord": "6",
        "SentimentPolarity": "1"
      },
      {
        "Aspect": "소음",
        "SentimentText": "작동시에 모터소리도 거의 없이 조용해서 편하구요.",
        "SentimentWord": "6",
        "SentimentPolarity": "1"
      }
    ]
  },
  {
    "Index": "19710",
    "RawText": "와우 빨리 사서쓸걸 고민했던 시간들이 조금 아까워요. 기사님은 몹시 친절했고 빠르고 신속하게 설치해줬어요 가격도 기특하게 저렴해요.성능도 잘말라서 만족했어요.",
    "Source": "쇼핑몰",
    "Domain": "가전",
    "MainCategory": "생활/미용/욕실가전",
    "ProductName": "베코 DH10433RX0",
    "ReviewScore": "5",
    "Syllable": "88",
    "Word": "18",
    "RDate": "20200402",
    "Aspects": [
      {
        "Aspect": "가격",
        "SentimentText": "가격도 기특하게 저렴해요.",
        "SentimentWord": "3",
        "SentimentPolarity": "1"
      },
      {
        "Aspect": "기능",
        "SentimentText": "성능도 잘말라서 만족했어요.",
        "SentimentWord": "3",
        "SentimentPolarity": "1"
      }
    ]
  },
  {
    "Index": "19711",
    "RawText": "이전에 사보지 않은 브랜드라서 ,후기를 보고 무척 좋아 믿음가서 구매했어요. 사용해보니 조용하고 디자인은 볼수록 예뻐요. 잘 쓸께요. ㅇㅇㅇ 직접 배송 정말 좋습니다. ㅠㅠ",
    "Source": "쇼핑몰",
    "Domain": "가전",
    "MainCategory": "생활/미용/욕실가전",
    "ProductName": "베코 DH10433RX0",
    "ReviewScore": "5",
    "Syllable": "96",
    "Word": "23",
    "RDate": "20220803",
    "Aspects": [
      {
        "Aspect": "소음",
        "SentimentText": "사용해보니 조용하고 ",
        "SentimentWord": "2",
        "SentimentPolarity": "1"
      },
      {
        "Aspect": "디자인",
        "SentimentText": " 디자인은 볼수록 예뻐요",
        "SentimentWord": "3",
        "SentimentPolarity": "1"
      }
    ]
  },
  {
    "Index": "19714",
    "RawText": "세상에 배송 연락은 빨라요. 듣던대로 가성비 쩔어요. OOO ㅎㅎ 다둥이네가 강력 추천했어요.  아기옷 기능도 따로 있고 뽀송 뽀송 너무 좋으네요 ㅎㅎ",
    "Source": "쇼핑몰",
    "Domain": "가전",
    "MainCategory": "생활/미용/욕실가전",
    "ProductName": "베코 DH10433RX0",
    "ReviewScore": "5",
    "Syllable": "84",
    "Word": "21",
    "RDate": "20200428",
    "Aspects": [
      {
        "Aspect": "가격",
        "SentimentText": "듣던대로 가성비 쩔어요. OOO ㅎㅎ 다둥이네가 강력 추천했어요. ",
        "SentimentWord": "8",
        "SentimentPolarity": "1"
      },
      {
        "Aspect": "기능",
        "SentimentText": "아기옷 기능도 따로 있고 뽀송 뽀송 너무 좋으네요 ㅎㅎ",
        "SentimentWord": "9",
        "SentimentPolarity": "1"
      }
    ]
  },
  {
    "Index": "19715",
    "RawText": "건조기 사용해보니 빨래말리기 편리해서 너무 좋네여!~  사용법도 간편해서 좋네요 ㅎㅎ",
    "Source": "쇼핑몰",
    "Domain": "가전",
    "MainCategory": "생활/미용/욕실가전",
    "ProductName": "비스포크 삼성전자 그랑데 AI DV17B8720BP 본체",
    "ReviewScore": "5",
    "Syllable": "47",
    "Word": "10",
    "RDate": "20220501",
    "Aspects": [
      {
        "Aspect": "편의성",
        "SentimentText": "건조기 사용해보니 빨래말리기 편리해서 너무 좋네여!~",
        "SentimentWord": "6",
        "SentimentPolarity": "1"
      },
      {
        "Aspect": "조작성",
        "SentimentText": "사용법도 간편해서 좋네요 ㅎㅎ",
        "SentimentWord": "4",
        "SentimentPolarity": "1"
      }
    ]
  },
  {
    "Index": "19716",
    "RawText": "건조기는 사용해보니 옷이 뽀송뽀송 하고^^  먼지도 깔끔하게 털어서 제거되니 정말 좋습니다. 강력하게 추천해요",
    "Source": "쇼핑몰",
    "Domain": "가전",
    "MainCategory": "생활/미용/욕실가전",
    "ProductName": "비스포크 삼성전자 그랑데 AI DV20A8740BV 본체",
    "ReviewScore": "5",
    "Syllable": "61",
    "Word": "13",
    "RDate": "20220310",
    "GeneralPolarity": "1",
    "Aspects": [
      {
        "Aspect": "기능",
        "SentimentText": "건조기는 사용해보니 옷이 뽀송뽀송 하고^^",
        "SentimentWord": "5",
        "SentimentPolarity": "1"
      },
      {
        "Aspect": "기능",
        "SentimentText": "먼지도 깔끔하게 털어서 제거되니 정말 좋습니다",
        "SentimentWord": "6",
        "SentimentPolarity": "1"
      }
    ]
  },
  {
    "Index": "19717",
    "RawText": "오프라인보다 매우 싼 가격으로 구매했어요. 에너지효율도 1등급이네요~굿!",
    "Source": "쇼핑몰",
    "Domain": "가전",
    "MainCategory": "생활/미용/욕실가전",
    "ProductName": "비스포크 삼성전자 그랑데 AI DV20A8740BV 본체",
    "ReviewScore": "5",
    "Syllable": "40",
    "Word": "7",
    "RDate": "20220719",
    "Aspects": [
      {
        "Aspect": "가격",
        "SentimentText": "오프라인보다 매우 싼 가격으로 구매했어요.",
        "SentimentWord": "5",
        "SentimentPolarity": "1"
      },
      {
        "Aspect": "소비전력",
        "SentimentText": " 에너지효율도 1등급이네요~굿!",
        "SentimentWord": "2",
        "SentimentPolarity": "1"
      }
    ]
  },
  {
    "Index": "19718",
    "RawText": "소음 조용해서 걱정없고 건조도 잘되고 선택에 후회없어요. ^^ 적극추천 ^^",
    "Source": "쇼핑몰",
    "Domain": "가전",
    "MainCategory": "생활/미용/욕실가전",
    "ProductName": "비스포크 삼성전자 그랑데 AI DV20A8740BV 본체",
    "ReviewScore": "5",
    "Syllable": "42",
    "Word": "10",
    "RDate": "20220314",
    "Aspects": [
      {
        "Aspect": "소음",
        "SentimentText": "소음 조용해서 걱정없고",
        "SentimentWord": "3",
        "SentimentPolarity": "1"
      },
      {
        "Aspect": "기능",
        "SentimentText": "건조도 잘되고 선택에 후회없어요. ^^ 적극추천 ^^",
        "SentimentWord": "7",
        "SentimentPolarity": "1"
      }
    ]
  }
]