[
  {
    "Index": "4715",
    "RawText": "예쁜 디자인과 좋은가격에 잘샀어요. 가족모두 잘 사용하고 있어요",
    "Source": "SNS",
    "Domain": "가전",
    "MainCategory": "생활/미용/욕실가전",
    "ProductName": "(TV_방송중무료체험) 테팔 퀵스티머 스팀 미닛 + 폴더블 스팀 매트",
    "ReviewScore": "100",
    "Syllable": "35",
    "Word": "8",
    "RDate": "20210823",
    "GeneralPolarity": "1",
    "Aspects": [
      {
        "Aspect": "디자인",
        "SentimentText": "예쁜 디자인과 좋은가격에 잘샀어요. ",
        "SentimentWord": "4",
        "SentimentPolarity": "1"
      },
      {
        "Aspect": "가격",
        "SentimentText": "좋은가격에 잘샀어요. ",
        "SentimentWord": "2",
        "SentimentPolarity": "1"
      }
    ]
  },
  {
    "Index": "4716",
    "RawText": "무거워서 팔이  많이 아파요 다림질은 방송처럼은 안되요 귀찮아서 그냥 쓰려고요",
    "Source": "SNS",
    "Domain": "가전",
    "MainCategory": "생활/미용/욕실가전",
    "ProductName": "(TV_방송중무료체험) 테팔 퀵스티머 스팀 미닛 + 폴더블 스팀 매트",
    "ReviewScore": "60",
    "Syllable": "43",
    "Word": "10",
    "RDate": "20210624",
    "GeneralPolarity": "-1",
    "Aspects": [
      {
        "Aspect": "무게",
        "SentimentText": "무거워서 팔이  많이 아파요",
        "SentimentWord": "4",
        "SentimentPolarity": "-1"
      },
      {
        "Aspect": "기능",
        "SentimentText": "다림질은 방송처럼은 안되요",
        "SentimentWord": "3",
        "SentimentPolarity": "-1"
      }
    ]
  },
  {
    "Index": "4717",
    "RawText": "가볍게 사용하려고 구매했는데 그런 점에서는 마음에 듭니다 제가 사용을 잘 못해서인지는 몰 라도 스팀이 나온 후에 안나오게 할 수가 없어서 당황했어요 설명서를 아무리 읽어봐도 자세한 설명은 없네요..",
    "Source": "SNS",
    "Domain": "가전",
    "MainCategory": "생활/미용/욕실가전",
    "ProductName": "(TV_상시) 리빈치 핸디스팀다리미 올스티머",
    "ReviewScore": "100",
    "Syllable": "110",
    "Word": "27",
    "RDate": "20210607",
    "GeneralPolarity": "1",
    "Aspects": [
      {
        "Aspect": "무게",
        "SentimentText": "가볍게 사용하려고 구매했는데 그런 점에서는 마음에 듭니다",
        "SentimentWord": "7",
        "SentimentPolarity": "1"
      },
      {
        "Aspect": "조작성",
        "SentimentText": "제가 사용을 잘 못해서인지는 몰 라도 스팀이 나온 후에 안나오게 할 수가 없어서 당황했어요 설명서를 아무리 읽어봐도 자세한 설명은 없네요..",
        "SentimentWord": "20",
        "SentimentPolarity": "-1"
      }
    ]
  },
  {
    "Index": "4718",
    "RawText": "생각에도 다림질도 잘되고 사용하기가 편해서 좋아요",
    "Source": "SNS",
    "Domain": "가전",
    "MainCategory": "생활/미용/욕실가전",
    "ProductName": "(TV_상시) 리빈치 핸디스팀다리미 올스티머",
    "ReviewScore": "100",
    "Syllable": "27",
    "Word": "6",
    "RDate": "20210805",
    "GeneralPolarity": "1",
    "Aspects": [
      {
        "Aspect": "기능",
        "SentimentText": " 다림질도 잘되고 사용하기가 편해서 좋아요",
        "SentimentWord": "5",
        "SentimentPolarity": "1"
      },
      {
        "Aspect": "편의성",
        "SentimentText": "사용하기가 편해서 좋아요",
        "SentimentWord": "3",
        "SentimentPolarity": "1"
      }
    ]
  },
  {
    "Index": "4719",
    "RawText": "스팀 빵빵하게 잘 나오네요 근데 무게감이 있어서 오래 들고있긴 팔아파요",
    "Source": "SNS",
    "Domain": "가전",
    "MainCategory": "생활/미용/욕실가전",
    "ProductName": "(TV_상시) 리빈치 핸디스팀다리미 올스티머",
    "ReviewScore": "100",
    "Syllable": "39",
    "Word": "10",
    "RDate": "20210811",
    "GeneralPolarity": "0",
    "Aspects": [
      {
        "Aspect": "기능",
        "SentimentText": "스팀 빵빵하게 잘 나오네요 ",
        "SentimentWord": "4",
        "SentimentPolarity": "1"
      },
      {
        "Aspect": "무게",
        "SentimentText": "근데 무게감이 있어서 오래 들고있긴 팔아파요",
        "SentimentWord": "6",
        "SentimentPolarity": "-1"
      }
    ]
  },
  {
    "Index": "4720",
    "RawText": "스팀다리미 있으니 옷다리기 편해서 좋네요 사용방법쉬워요 만족합니다",
    "Source": "SNS",
    "Domain": "가전",
    "MainCategory": "생활/미용/욕실가전",
    "ProductName": "(TV_상시) 리빈치 핸디스팀다리미 올스티머",
    "ReviewScore": "100",
    "Syllable": "36",
    "Word": "7",
    "RDate": "20210615",
    "GeneralPolarity": "1",
    "Aspects": [
      {
        "Aspect": "기능",
        "SentimentText": "스팀다리미 있으니 옷다리기 편해서 좋네요 ",
        "SentimentWord": "5",
        "SentimentPolarity": "1"
      },
      {
        "Aspect": "조작성",
        "SentimentText": "사용방법쉬워요 만족합니다",
        "SentimentWord": "2",
        "SentimentPolarity": "1"
      }
    ]
  },
  {
    "Index": "4721",
    "RawText": "쓰고 있는 스팀다리미의 물통이 너무 작아 구입했는데 이 제품은 물통 용량이 커서 다림질 중에 물을 보충 안해도 되어 편했어요~ 스팀기능도 나쁘지 않아서 만족해요.",
    "Source": "SNS",
    "Domain": "가전",
    "MainCategory": "생활/미용/욕실가전",
    "ProductName": "(TV_상시) 리빈치 핸디스팀다리미 올스티머",
    "ReviewScore": "100",
    "Syllable": "90",
    "Word": "23",
    "RDate": "20210804",
    "GeneralPolarity": "1",
    "Aspects": [
      {
        "Aspect": "용량",
        "SentimentText": "이 제품은 물통 용량이 커서 다림질 중에 물을 보충 안해도 되어 편했어요~ ",
        "SentimentWord": "12",
        "SentimentPolarity": "1"
      },
      {
        "Aspect": "편의성",
        "SentimentText": " 다림질 중에 물을 보충 안해도 되어 편했어요~ ",
        "SentimentWord": "7",
        "SentimentPolarity": "1"
      },
      {
        "Aspect": "기능",
        "SentimentText": "스팀기능도 나쁘지 않아서 만족해요.",
        "SentimentWord": "4",
        "SentimentPolarity": "1"
      }
    ]
  },
  {
    "Index": "4722",
    "RawText": "아직  써보진  않았지만 디자인이 세련되고 색상도  이쁘고 만족합니다 손잡이가 편해서  사용하기 좋을듯  싶어요~~ 근데!.. 좀  무겁네요..ㅠㅠ 이번엔  스팀다리미  선택에 성공했기길~~^^",
    "Source": "SNS",
    "Domain": "가전",
    "MainCategory": "생활/미용/욕실가전",
    "ProductName": "(TV_상시) 리빈치 핸디스팀다리미 올스티머",
    "ReviewScore": "100",
    "Syllable": "108",
    "Word": "20",
    "RDate": "20210711",
    "GeneralPolarity": "1",
    "Aspects": [
      {
        "Aspect": "디자인",
        "SentimentText": "디자인이 세련되고 색상도 이쁘고 만족합니다",
        "SentimentWord": "5",
        "SentimentPolarity": "1"
      },
      {
        "Aspect": "색상",
        "SentimentText": "색상도 이쁘고 만족합니다",
        "SentimentWord": "3",
        "SentimentPolarity": "1"
      },
      {
        "Aspect": "조작성",
        "SentimentText": "손잡이가 편해서",
        "SentimentWord": "2",
        "SentimentPolarity": "1"
      },
      {
        "Aspect": "편의성",
        "SentimentText": "사용하기 좋을듯 싶어요",
        "SentimentWord": "3",
        "SentimentPolarity": "1"
      }
    ]
  },
  {
    "Index": "4723",
    "RawText": "어제 상품은 빠르게 배송 받았는데 무게는 가벼워서 들기 좋아요 브러쉬가 찌그러진거 왔어요 참 어처구니 없네요 사진 첨부 했습니다 확인하고 연락주세요 문의사항에는 사진을 못올려 여기다 적어요!!",
    "Source": "SNS",
    "Domain": "가전",
    "MainCategory": "생활/미용/욕실가전",
    "ProductName": "(TV_상시) 리빈치 핸디스팀다리미 올스티머",
    "ReviewScore": "50",
    "Syllable": "107",
    "Word": "25",
    "RDate": "20210417",
    "Aspects": [
      {
        "Aspect": "무게",
        "SentimentText": "무게는 가벼워서 들기 좋아요",
        "SentimentWord": "4",
        "SentimentPolarity": "1"
      },
      {
        "Aspect": "품질",
        "SentimentText": "브러쉬가 찌그러진거 왔어요 참 어처구니 없네요",
        "SentimentWord": "6",
        "SentimentPolarity": "-1"
      }
    ]
  },
  {
    "Index": "4724",
    "RawText": "조금 무겁기는 하지만 다림질은 잘 됩니다.  사용시 조금 조심하셔야 합니다.",
    "Source": "SNS",
    "Domain": "가전",
    "MainCategory": "생활/미용/욕실가전",
    "ProductName": "(TV_상시) 리빈치 핸디스팀다리미 올스티머",
    "ReviewScore": "100",
    "Syllable": "42",
    "Word": "10",
    "RDate": "20210829",
    "GeneralPolarity": "1",
    "Aspects": [
      {
        "Aspect": "무게",
        "SentimentText": "조금 무겁기는 하지만 ",
        "SentimentWord": "3",
        "SentimentPolarity": "-1"
      },
      {
        "Aspect": "기능",
        "SentimentText": "다림질은 잘 됩니다.",
        "SentimentWord": "3",
        "SentimentPolarity": "1"
      }
    ]
  },
  {
    "Index": "4725",
    "RawText": "좀무거워서 아쉽긴한데 스팀분사도잘되고잘다려지는것같아요",
    "Source": "SNS",
    "Domain": "가전",
    "MainCategory": "생활/미용/욕실가전",
    "ProductName": "(TV_상시) 리빈치 핸디스팀다리미 올스티머",
    "ReviewScore": "80",
    "Syllable": "29",
    "Word": "3",
    "RDate": "20210831",
    "GeneralPolarity": "1",
    "Aspects": [
      {
        "Aspect": "무게",
        "SentimentText": "좀무거워서 아쉽긴한데 ",
        "SentimentWord": "2",
        "SentimentPolarity": "-1"
      },
      {
        "Aspect": "기능",
        "SentimentText": "스팀분사도잘되고잘다려지는것같아요",
        "SentimentWord": "1",
        "SentimentPolarity": "1"
      }
    ]
  },
  {
    "Index": "4726",
    "RawText": "사용한 흔적이 있는 물품이 왔습니다 다림시  소음이 좀 있구요, 방송에서 보는것처럼 스팀이 많이 나오지 않아요",
    "Source": "SNS",
    "Domain": "가전",
    "MainCategory": "생활/미용/욕실가전",
    "ProductName": "(TV_상시) 테팔 퀵스티머 스팀 미닛 + 폴더블 스팀 매트",
    "ReviewScore": "60",
    "Syllable": "61",
    "Word": "15",
    "RDate": "20201113",
    "GeneralPolarity": "-1",
    "Aspects": [
      {
        "Aspect": "소음",
        "SentimentText": "다림시  소음이 좀 있구요",
        "SentimentWord": "4",
        "SentimentPolarity": "-1"
      },
      {
        "Aspect": "기능",
        "SentimentText": "방송에서 보는것처럼 스팀이 많이 나오지 않아요",
        "SentimentWord": "6",
        "SentimentPolarity": "-1"
      }
    ]
  },
  {
    "Index": "4727",
    "RawText": "그립감도 좋고 다림질도 잘 돼요.  셔츠 다림질 하기 넘 좋아요.  핑크색 넘 예뻐요. ~",
    "Source": "SNS",
    "Domain": "가전",
    "MainCategory": "생활/미용/욕실가전",
    "ProductName": "(TV_상시_사은품없음_스카이블루) 아이스티머 스타일러 COO-1000",
    "ReviewScore": "100",
    "Syllable": "50",
    "Word": "14",
    "RDate": "20190409",
    "GeneralPolarity": "1",
    "Aspects": [
      {
        "Aspect": "조작성",
        "SentimentText": "그립감도 좋고",
        "SentimentWord": "2",
        "SentimentPolarity": "1"
      },
      {
        "Aspect": "기능",
        "SentimentText": "다림질도 잘 돼요.  ",
        "SentimentWord": "3",
        "SentimentPolarity": "1"
      },
      {
        "Aspect": "기능",
        "SentimentText": "셔츠 다림질 하기 넘 좋아요. ",
        "SentimentWord": "5",
        "SentimentPolarity": "1"
      },
      {
        "Aspect": "색상",
        "SentimentText": "핑크색 넘 예뻐요. ~",
        "SentimentWord": "4",
        "SentimentPolarity": "1"
      }
    ]
  },
  {
    "Index": "4728",
    "RawText": "가격저렴하고 작은거 스팀쓰는데 잘다려지지도않고 물도 자주자주 보충해주는게 너무번거러웠는데 우연히 홈쇼핑보다가 기능이좋아보여 구매해서 처음 사용해봤는데 스팀빵빵~ㅎㅎ조금과장되어 세탁소에온 느낌?열판이좋아 바지선이 잘잡아주며 다려지더라구요  주신 다리미판도 유용하게 쓸수있더라구요~물통도 적당한 사이즈라 좋아용~~강추합니당~~ OOO에도 이다리미가 나와서 깜놀랐네요~",
    "Source": "SNS",
    "Domain": "가전",
    "MainCategory": "생활/미용/욕실가전",
    "ProductName": "(TV_위_방송중) 테팔 트위니 듀얼 에어샷 NI5011K1 + 사은품(폴더블 스팀매트)",
    "ReviewScore": "100",
    "Syllable": "203",
    "Word": "31",
    "RDate": "20210323",
    "Aspects": [
      {
        "Aspect": "가격",
        "SentimentText": "가격저렴하고 ",
        "SentimentWord": "1",
        "SentimentPolarity": "1"
      },
      {
        "Aspect": "기능",
        "SentimentText": "스팀빵빵~ㅎㅎ",
        "SentimentWord": "1",
        "SentimentPolarity": "1"
      },
      {
        "Aspect": "품질",
        "SentimentText": "열판이좋아 바지선이 잘잡아주며 다려지더라구요",
        "SentimentWord": "4",
        "SentimentPolarity": "1"
      },
      {
        "Aspect": "제품구성",
        "SentimentText": "주신 다리미판도 유용하게  쓸수있더라구요",
        "SentimentWord": "4",
        "SentimentPolarity": "1"
      },
      {
        "Aspect": "용량",
        "SentimentText": "물통도 적당한 사이즈라 좋아용~~ 강추합니당~~ ",
        "SentimentWord": "5",
        "SentimentPolarity": "1"
      }
    ]
  },
  {
    "Index": "4729",
    "RawText": "교환신청합니다.스팀이 잘 안나오고~ 기능에 문제가 있는지 띠디딕소리가나요",
    "Source": "SNS",
    "Domain": "가전",
    "MainCategory": "생활/미용/욕실가전",
    "ProductName": "(TV_위_방송중) 테팔 트위니 듀얼 에어샷 NI5011K1 + 사은품(폴더블 스팀매트)",
    "ReviewScore": "10",
    "Syllable": "40",
    "Word": "7",
    "RDate": "20200829",
    "Aspects": [
      {
        "Aspect": "품질",
        "SentimentText": "스팀이 잘 안나오고~",
        "SentimentWord": "3",
        "SentimentPolarity": "-1"
      },
      {
        "Aspect": "소음",
        "SentimentText": "기능에 문제가 있는지 띠디딕소리가나요",
        "SentimentWord": "4",
        "SentimentPolarity": "-1"
      }
    ]
  },
  {
    "Index": "4730",
    "RawText": "다림질 못하는 나도 사용가능.  가벼워서 손목에 부담이 없고 여러벌 다림질이 가능해 여러모로 편리해서 잘샇다는 생각",
    "Source": "SNS",
    "Domain": "가전",
    "MainCategory": "생활/미용/욕실가전",
    "ProductName": "(TV_위_방송중) 테팔 트위니 듀얼 에어샷 NI5011K1 + 사은품(폴더블 스팀매트)",
    "ReviewScore": "100",
    "Syllable": "64",
    "Word": "15",
    "RDate": "20200911",
    "GeneralPolarity": "1",
    "Aspects": [
      {
        "Aspect": "무게",
        "SentimentText": "가벼워서 손목에 부담이 없고",
        "SentimentWord": "4",
        "SentimentPolarity": "1"
      },
      {
        "Aspect": "기능",
        "SentimentText": "여러벌 다림질이 가능해 여러모로 편리해서 잘샇다는 생각",
        "SentimentWord": "7",
        "SentimentPolarity": "1"
      }
    ]
  },
  {
    "Index": "4731",
    "RawText": "디자인도 너무 이뻐서 좋아요 스팀 기능도 월등하네요. 이렇게 잘 다려질수가!  너무 만족스러워요~~",
    "Source": "SNS",
    "Domain": "가전",
    "MainCategory": "생활/미용/욕실가전",
    "ProductName": "(TV_위_방송중) 테팔 트위니 듀얼 에어샷 NI5011K1 + 사은품(폴더블 스팀매트)",
    "ReviewScore": "100",
    "Syllable": "55",
    "Word": "12",
    "RDate": "20200912",
    "GeneralPolarity": "1",
    "Aspects": [
      {
        "Aspect": "디자인",
        "SentimentText": "디자인도 너무 이뻐서 좋아요",
        "SentimentWord": "4",
        "SentimentPolarity": "1"
      },
      {
        "Aspect": "기능",
        "SentimentText": "스팀 기능도 월등하네요. 이렇게 잘 다려질수가!  너무 만족스러워요~~",
        "SentimentWord": "8",
        "SentimentPolarity": "1"
      }
    ]
  },
  {
    "Index": "4732",
    "RawText": "매번 다니는 세탁소에..스탠드형 스팀다리미까지 옷에 예민한 남편의 권유로 구매했는데.. 신랑이 기능은 대체적으로 만족한편인데.. 가격이 조금 비싼거 같아요..ㅠ  암튼 잘써야죠..^^ ",
    "Source": "SNS",
    "Domain": "가전",
    "MainCategory": "생활/미용/욕실가전",
    "ProductName": "(TV_위_방송중) 테팔 트위니 듀얼 에어샷 NI5011K1 + 사은품(폴더블 스팀매트)",
    "ReviewScore": "100",
    "Syllable": "103",
    "Word": "19",
    "RDate": "20200914",
    "GeneralPolarity": "0",
    "Aspects": [
      {
        "Aspect": "기능",
        "SentimentText": "신랑이 기능은 대체적으로 만족한편인데..",
        "SentimentWord": "4",
        "SentimentPolarity": "1"
      },
      {
        "Aspect": "가격",
        "SentimentText": "가격이 조금 비싼거 같아요..ㅠ  ",
        "SentimentWord": "4",
        "SentimentPolarity": "-1"
      }
    ]
  },
  {
    "Index": "4733",
    "RawText": "생각한거보다 무게가 너무 무거워서 사용하기가 불편해요 그리고 크기가 커서 자리를 생각보다 많이 차지해요. 가격이 싼편도 아니고 너무 비싸요 별로네요.",
    "Source": "SNS",
    "Domain": "가전",
    "MainCategory": "생활/미용/욕실가전",
    "ProductName": "(TV_위_방송중) 테팔 트위니 듀얼 에어샷 NI5011K1 + 사은품(폴더블 스팀매트)",
    "ReviewScore": "100",
    "Syllable": "83",
    "Word": "19",
    "RDate": "20200926",
    "GeneralPolarity": "-1",
    "Aspects": [
      {
        "Aspect": "무게",
        "SentimentText": "생각한거보다 무게가 너무 무거워서 사용하기가 불편해요",
        "SentimentWord": "6",
        "SentimentPolarity": "-1"
      },
      {
        "Aspect": "가격",
        "SentimentText": "가격이 싼편도 아니고 너무 비싸요 별로네요.",
        "SentimentWord": "6",
        "SentimentPolarity": "-1"
      }
    ]
  },
  {
    "Index": "4734",
    "RawText": "생각한거보다 무게가 나가서 무거워요. 오래사용하면 손목이 아파 불편할거같아요. 또 물통이 따로있어 쓰기는 편한데 스팀분사가 일관되질 않네요 별로예요",
    "Source": "SNS",
    "Domain": "가전",
    "MainCategory": "생활/미용/욕실가전",
    "ProductName": "(TV_위_방송중) 테팔 트위니 듀얼 에어샷 NI5011K1 + 사은품(폴더블 스팀매트)",
    "ReviewScore": "100",
    "Syllable": "82",
    "Word": "17",
    "RDate": "20210418",
    "GeneralPolarity": "-1",
    "Aspects": [
      {
        "Aspect": "무게",
        "SentimentText": "생각한거보다 무게가 나가서 무거워요. 오래사용하면 손목이 아파 불편할거같아요.",
        "SentimentWord": "8",
        "SentimentPolarity": "-1"
      },
      {
        "Aspect": "기능",
        "SentimentText": "또 물통이 따로있어 쓰기는 편한데 스팀분사가 일관되질 않네요 별로예요",
        "SentimentWord": "9",
        "SentimentPolarity": "-1"
      }
    ]
  },
  {
    "Index": "4735",
    "RawText": "무겁습니다 ㅜㅜ 디자인도 예쁘지가 않아반품합니다 반품이 활성화가 안돼서 메시지 남깁니다",
    "Source": "SNS",
    "Domain": "가전",
    "MainCategory": "생활/미용/욕실가전",
    "ProductName": "(TV_위_방송중) 테팔 트위니 듀얼 에어샷 NI5011K1 + 사은품(폴더블 스팀매트)",
    "ReviewScore": "60",
    "Syllable": "48",
    "Word": "10",
    "RDate": "20210607",
    "GeneralPolarity": "-1",
    "Aspects": [
      {
        "Aspect": "무게",
        "SentimentText": "무겁습니다 ㅜㅜ",
        "SentimentWord": "2",
        "SentimentPolarity": "-1"
      },
      {
        "Aspect": "디자인",
        "SentimentText": "디자인도 예쁘지가 않아반품합니다",
        "SentimentWord": "3",
        "SentimentPolarity": "-1"
      }
    ]
  },
  {
    "Index": "4736",
    "RawText": "배송은  빠르고 제품은 기스 없이 상태 좋아요 그리고 다림질 기능은 나쁘진않은거 같애요. 그럭저럭 쓸만해요.",
    "Source": "SNS",
    "Domain": "가전",
    "MainCategory": "생활/미용/욕실가전",
    "ProductName": "(TV_위_방송중) 테팔 트위니 듀얼 에어샷 NI5011K1 + 사은품(폴더블 스팀매트)",
    "ReviewScore": "90",
    "Syllable": "60",
    "Word": "14",
    "RDate": "20201005",
    "Aspects": [
      {
        "Aspect": "품질",
        "SentimentText": "제품은 기스 없이 상태 좋아요",
        "SentimentWord": "5",
        "SentimentPolarity": "1"
      },
      {
        "Aspect": "기능",
        "SentimentText": "그리고 다림질 기능은 나쁘진않은거 같애요. 그럭저럭 쓸만해요.",
        "SentimentWord": "7",
        "SentimentPolarity": "0"
      }
    ]
  },
  {
    "Index": "4737",
    "RawText": "빠른배송...굿~ 실용성 완전 좋고요~ 디자인...헐.. 너무 이뻐서 굿~이에요^^ ",
    "Source": "SNS",
    "Domain": "가전",
    "MainCategory": "생활/미용/욕실가전",
    "ProductName": "(TV_위_방송중) 테팔 트위니 듀얼 에어샷 NI5011K1 + 사은품(폴더블 스팀매트)",
    "ReviewScore": "100",
    "Syllable": "47",
    "Word": "8",
    "RDate": "20200906",
    "Aspects": [
      {
        "Aspect": "편의성",
        "SentimentText": "실용성 완전 좋고요~",
        "SentimentWord": "3",
        "SentimentPolarity": "1"
      },
      {
        "Aspect": "디자인",
        "SentimentText": "디자인...헐.. 너무 이뻐서 굿~이에요^^",
        "SentimentWord": "4",
        "SentimentPolarity": "1"
      }
    ]
  },
  {
    "Index": "4738",
    "RawText": "스팀 강하고 부드럽게 다림질도  잘되고. 가벼워서 손목이  아프지 않아 좋아요",
    "Source": "SNS",
    "Domain": "가전",
    "MainCategory": "생활/미용/욕실가전",
    "ProductName": "(TV_위_방송중) 테팔 트위니 듀얼 에어샷 NI5011K1 + 사은품(폴더블 스팀매트)",
    "ReviewScore": "100",
    "Syllable": "43",
    "Word": "10",
    "RDate": "20220217",
    "GeneralPolarity": "1",
    "Aspects": [
      {
        "Aspect": "기능",
        "SentimentText": "스팀 강하고 부드럽게 다림질도  잘되고.",
        "SentimentWord": "5",
        "SentimentPolarity": "1"
      },
      {
        "Aspect": "무게",
        "SentimentText": "가벼워서 손목이  아프지 않아 좋아요",
        "SentimentWord": "5",
        "SentimentPolarity": "1"
      }
    ]
  },
  {
    "Index": "4739",
    "RawText": "스팀좋고 가벼워요 보관할때 선처리가 힘든데  그래도 스팀 다리미 쓰기 괜찮은것같아요 스팀 쎄요 손 조심",
    "Source": "SNS",
    "Domain": "가전",
    "MainCategory": "생활/미용/욕실가전",
    "ProductName": "(TV_위_방송중) 테팔 트위니 듀얼 에어샷 NI5011K1 + 사은품(폴더블 스팀매트)",
    "ReviewScore": "80",
    "Syllable": "57",
    "Word": "14",
    "RDate": "20200831",
    "GeneralPolarity": "1",
    "Aspects": [
      {
        "Aspect": "기능",
        "SentimentText": "스팀좋고 ",
        "SentimentWord": "1",
        "SentimentPolarity": "1"
      },
      {
        "Aspect": "무게",
        "SentimentText": "가벼워요",
        "SentimentWord": "1",
        "SentimentPolarity": "1"
      },
      {
        "Aspect": "편의성",
        "SentimentText": "보관할때 선처리가 힘든데 ",
        "SentimentWord": "3",
        "SentimentPolarity": "-1"
      },
      {
        "Aspect": "품질",
        "SentimentText": "스팀 다리미 쓰기 괜찮은것같아요",
        "SentimentWord": "4",
        "SentimentPolarity": "1"
      }
    ]
  },
  {
    "Index": "4740",
    "RawText": "OOO스팀다리미 사용후기 다림질은 지금현제 사용하고 있는거보다 다름질은 더 잘되서 마음에 들었어요 하지만 제가 사용중인 다리미가 석회로인해 막혀서 스팀분사가 이제는 잘 안되요. 스팀다리미는 그부분이 중요하다는걸 알았죠. 근데 이번제품도 그기능은 없네요. 그리구.다리미선.코드선 정리공간이 있어서서 편리할거라고 기대했지만.너무 뻑뻑해서.선정리하다가 물이 세어 나와서..바닦에 물바다를 3번이나ㅠㅠ. 일이 더 늘었어요.또하나? 스웨터등 털이 복실복실 있는것들은 다림지를 못 해요 보통 브러쉬가 있는데. 이번제품에는 브러쉬가 없어서 아쉬워요",
    "Source": "SNS",
    "Domain": "가전",
    "MainCategory": "생활/미용/욕실가전",
    "ProductName": "(TV_위_방송중) 테팔 트위니 듀얼 에어샷 NI5011K1 + 사은품(폴더블 스팀매트)",
    "ReviewScore": "100",
    "Syllable": "299",
    "Word": "57",
    "RDate": "20200907",
    "GeneralPolarity": "-1",
    "Aspects": [
      {
        "Aspect": "기능",
        "SentimentText": "다름질은 더 잘되서 마음에 들었어요",
        "SentimentWord": "5",
        "SentimentPolarity": "1"
      },
      {
        "Aspect": "품질",
        "SentimentText": "너무 뻑뻑해서.선정리하다가 물이 세어 나와서..바닦에 물바다를 3번이나ㅠㅠ.",
        "SentimentWord": "7",
        "SentimentPolarity": "-1"
      },
      {
        "Aspect": "기능",
        "SentimentText": "스웨터등 털이 복실복실 있는것들은 다림지를 못 해요",
        "SentimentWord": "7",
        "SentimentPolarity": "-1"
      },
      {
        "Aspect": "제품구성",
        "SentimentText": "이번제품에는 브러쉬가 없어서 아쉬워요",
        "SentimentWord": "4",
        "SentimentPolarity": "-1"
      }
    ]
  },
  {
    "Index": "4741",
    "RawText": "가격에비해 비싼감있네요 처음엔 원래그렇다는무뚝뚝한 상담원의 답변알겠습니다.ㅠㅠ 스팀약해요",
    "Source": "SNS",
    "Domain": "가전",
    "MainCategory": "생활/미용/욕실가전",
    "ProductName": "(TV_위_상시) 테팔 트위니 듀얼 에어샷 NI5011K1 + 사은품(폴더블 스팀매트)",
    "ReviewScore": "60",
    "Syllable": "49",
    "Word": "7",
    "RDate": "20200828",
    "Aspects": [
      {
        "Aspect": "가격",
        "SentimentText": "가격에비해 비싼감있네요",
        "SentimentWord": "2",
        "SentimentPolarity": "-1"
      },
      {
        "Aspect": "기능",
        "SentimentText": "스팀약해요",
        "SentimentWord": "1",
        "SentimentPolarity": "-1"
      }
    ]
  },
  {
    "Index": "4742",
    "RawText": "이 제품  오랫동안 기다렸던  보람이  있네요. OOO 제품은 최고!!! 믿고 씁니다~ 배송도 빨랐고 제품이 사용하기 편해서 좋아요.",
    "Source": "SNS",
    "Domain": "가전",
    "MainCategory": "생활/미용/욕실가전",
    "ProductName": "(TV_위_상시) 테팔 트위니 듀얼 에어샷 NI5011K1 + 사은품(폴더블 스팀매트)",
    "ReviewScore": "100",
    "Syllable": "74",
    "Word": "17",
    "RDate": "20210114",
    "Aspects": [
      {
        "Aspect": "제조일/제조사",
        "SentimentText": "이 제품  오랫동안 기다렸던  보람이  있네요. OOO 제품은 최고!!! 믿고 씁니다~",
        "SentimentWord": "11",
        "SentimentPolarity": "1"
      },
      {
        "Aspect": "편의성",
        "SentimentText": "제품이 사용하기 편해서 좋아요.",
        "SentimentWord": "4",
        "SentimentPolarity": "1"
      }
    ]
  },
  {
    "Index": "4743",
    "RawText": "매일 아침마다 출근 전 쉽게 사용합니다. 간편하고 빠르게 쓸수 있어서 좋아요",
    "Source": "SNS",
    "Domain": "가전",
    "MainCategory": "생활/미용/욕실가전",
    "ProductName": "(TV_직) 스팀큐 더블액션 다리미",
    "ReviewScore": "100",
    "Syllable": "42",
    "Word": "11",
    "RDate": "20160909",
    "GeneralPolarity": "1",
    "Aspects": [
      {
        "Aspect": "편의성",
        "SentimentText": "매일 아침마다 출근 전 쉽게 사용합니다.",
        "SentimentWord": "6",
        "SentimentPolarity": "1"
      },
      {
        "Aspect": "편의성",
        "SentimentText": "간편하고 빠르게 쓸수 있어서 좋아요",
        "SentimentWord": "5",
        "SentimentPolarity": "1"
      }
    ]
  },
  {
    "Index": "4744",
    "RawText": "배송도빠르고 사용하기도편하고 좋아요. 스팀도 잘되네용",
    "Source": "SNS",
    "Domain": "가전",
    "MainCategory": "생활/미용/욕실가전",
    "ProductName": "(TV_직) 스팀큐 더블액션 다리미_1만원할인",
    "ReviewScore": "100",
    "Syllable": "29",
    "Word": "5",
    "RDate": "20170219",
    "Aspects": [
      {
        "Aspect": "편의성",
        "SentimentText": "사용하기도편하고 좋아요.",
        "SentimentWord": "2",
        "SentimentPolarity": "1"
      },
      {
        "Aspect": "기능",
        "SentimentText": "스팀도 잘되네용",
        "SentimentWord": "2",
        "SentimentPolarity": "1"
      }
    ]
  },
  {
    "Index": "4745",
    "RawText": "잘받았습니다 배송빠르구요  세라믹 코팅 소재라 좋으네요 간편하게 사용할수 있어 편하네요",
    "Source": "SNS",
    "Domain": "가전",
    "MainCategory": "생활/미용/욕실가전",
    "ProductName": "(TV_직) 스팀큐 더블액션 다리미_1만원할인",
    "ReviewScore": "100",
    "Syllable": "48",
    "Word": "10",
    "RDate": "20170612",
    "Aspects": [
      {
        "Aspect": "소재",
        "SentimentText": "세라믹 코팅 소재라 좋으네요",
        "SentimentWord": "4",
        "SentimentPolarity": "1"
      },
      {
        "Aspect": "편의성",
        "SentimentText": "간편하게 사용할수 있어 편하네요",
        "SentimentWord": "4",
        "SentimentPolarity": "1"
      }
    ]
  },
  {
    "Index": "4746",
    "RawText": "안전하게 잘받아서 다행이에요.  이상 없이 잘 작동은 합니다 성능에 의심이 가요 다리미 사용설명서 보고 다시 해봐야겠어요.  ",
    "Source": "SNS",
    "Domain": "가전",
    "MainCategory": "생활/미용/욕실가전",
    "ProductName": "(TV_직) 스팀큐 더블액션 다리미_1만원할인",
    "ReviewScore": "100",
    "Syllable": "70",
    "Word": "16",
    "RDate": "20170718",
    "Aspects": [
      {
        "Aspect": "품질",
        "SentimentText": "이상 없이 잘 작동은 합니다",
        "SentimentWord": "5",
        "SentimentPolarity": "1"
      },
      {
        "Aspect": "기능",
        "SentimentText": "성능에 의심이 가요 다리미 사용설명서 보고 다시 해봐야겠어요.",
        "SentimentWord": "8",
        "SentimentPolarity": "0"
      }
    ]
  },
  {
    "Index": "4747",
    "RawText": "상품은  빠르게 잘  받았는데요.. 제품의 포인트 빨간색이 마음에 드네요 7번 브러쉬 청소솔 빠졌네요 ",
    "Source": "SNS",
    "Domain": "가전",
    "MainCategory": "생활/미용/욕실가전",
    "ProductName": "(TV_직) 스팀큐 더블액션 다리미_ARS10할인",
    "ReviewScore": "80",
    "Syllable": "57",
    "Word": "13",
    "RDate": "20160909",
    "Aspects": [
      {
        "Aspect": "색상",
        "SentimentText": "제품의 포인트 빨간색이 마음에 드네요",
        "SentimentWord": "5",
        "SentimentPolarity": "1"
      },
      {
        "Aspect": "제품구성",
        "SentimentText": "7번 브러쉬 청소솔 빠졌네요",
        "SentimentWord": "4",
        "SentimentPolarity": "-1"
      }
    ]
  },
  {
    "Index": "4748",
    "RawText": "스팀다리미 써보니 좋아요 스팀이 쎄요 대신 물이 빠른시간에  다쓰게되네요 ",
    "Source": "SNS",
    "Domain": "가전",
    "MainCategory": "생활/미용/욕실가전",
    "ProductName": "(TV_직택_정율) 쿠쿠 스팀핏 스팀다리미 CSI-A101B/W/P",
    "ReviewScore": "100",
    "Syllable": "41",
    "Word": "9",
    "RDate": "20201217",
    "GeneralPolarity": "1",
    "Aspects": [
      {
        "Aspect": "기능",
        "SentimentText": "스팀다리미 써보니 좋아요",
        "SentimentWord": "3",
        "SentimentPolarity": "1"
      },
      {
        "Aspect": "기능",
        "SentimentText": "스팀이 쎄요",
        "SentimentWord": "2",
        "SentimentPolarity": "1"
      },
      {
        "Aspect": "용량",
        "SentimentText": "대신 물이 빠른시간에  다쓰게되네요",
        "SentimentWord": "4",
        "SentimentPolarity": "-1"
      }
    ]
  },
  {
    "Index": "4749",
    "RawText": "사고싶은데 고민이 엄청 되더라구요 그런데 진작 진작 살걸 ㅎㅎㅎ 간단히다림질해야할때 정말유용하네요~!!^^ 게다가키티 ㅎㅎ 다림질할때기분이좋아요.  그런데 세워서하기엔팔이아파요 ㅋㅋ",
    "Source": "SNS",
    "Domain": "가전",
    "MainCategory": "생활/미용/욕실가전",
    "ProductName": "(TV_직택배) 스팀큐 더블액션 다리미 헬로키티에디션",
    "ReviewScore": "80",
    "Syllable": "101",
    "Word": "17",
    "RDate": "20180505",
    "GeneralPolarity": "0",
    "Aspects": [
      {
        "Aspect": "편의성",
        "SentimentText": "간단히다림질해야할때 정말유용하네요~!!^^",
        "SentimentWord": "2",
        "SentimentPolarity": "1"
      },
      {
        "Aspect": "무게",
        "SentimentText": "세워서하기엔팔이아파요ㅋㅋ",
        "SentimentWord": "1",
        "SentimentPolarity": "-1"
      }
    ]
  },
  {
    "Index": "4750",
    "RawText": "스팀 빵빵하게 잘 나오고 잘다려지는데 저는 다리미판에 놓고해요. 옷걸이에 걸고 해도 잘 다려지니 좋아요",
    "Source": "SNS",
    "Domain": "가전",
    "MainCategory": "생활/미용/욕실가전",
    "ProductName": "(TV_직택배) 스팀큐 더블액션 다리미 헬로키티에디션",
    "ReviewScore": "100",
    "Syllable": "57",
    "Word": "14",
    "RDate": "20180603",
    "GeneralPolarity": "1",
    "Aspects": [
      {
        "Aspect": "기능",
        "SentimentText": "스팀 빵빵하게 잘 나오고 잘다려지는데",
        "SentimentWord": "5",
        "SentimentPolarity": "1"
      },
      {
        "Aspect": "편의성",
        "SentimentText": "옷걸이에 걸고 해도 잘 다려지니 좋아요",
        "SentimentWord": "6",
        "SentimentPolarity": "1"
      }
    ]
  },
  {
    "Index": "4751",
    "RawText": "스팀도 잘 나오고 디자인이 귀여워요. 그런데 손에 계속 들고 다림질을 하면 무거울것 같아요",
    "Source": "SNS",
    "Domain": "가전",
    "MainCategory": "생활/미용/욕실가전",
    "ProductName": "(TV_직택배) 스팀큐 더블액션 다리미 헬로키티에디션",
    "ReviewScore": "100",
    "Syllable": "50",
    "Word": "13",
    "RDate": "20180420",
    "GeneralPolarity": "1",
    "Aspects": [
      {
        "Aspect": "기능",
        "SentimentText": "스팀도 잘 나오고 ",
        "SentimentWord": "3",
        "SentimentPolarity": "1"
      },
      {
        "Aspect": "디자인",
        "SentimentText": "디자인이 귀여워요. ",
        "SentimentWord": "2",
        "SentimentPolarity": "1"
      }
    ]
  },
  {
    "Index": "4752",
    "RawText": "제가못하는건지 잘 않되요. 디자인은 이뻐요. 하지만 거치대로 올려놓는 디자인이 잘 안되네요",
    "Source": "SNS",
    "Domain": "가전",
    "MainCategory": "생활/미용/욕실가전",
    "ProductName": "(TV_직택배) 스팀큐 더블액션 다리미 헬로키티에디션",
    "ReviewScore": "80",
    "Syllable": "50",
    "Word": "11",
    "RDate": "20180901",
    "GeneralPolarity": "0",
    "Aspects": [
      {
        "Aspect": "디자인",
        "SentimentText": " 디자인은 이뻐요. ",
        "SentimentWord": "2",
        "SentimentPolarity": "1"
      },
      {
        "Aspect": "조작성",
        "SentimentText": "하지만 거치대로 올려놓는 디자인이 잘 안되네요",
        "SentimentWord": "6",
        "SentimentPolarity": "-1"
      }
    ]
  },
  {
    "Index": "4753",
    "RawText": "괜찮네여 가벼워서 좋고 가격대비 다른 다리미보다 실용성이 좋은거 같음",
    "Source": "SNS",
    "Domain": "가전",
    "MainCategory": "생활/미용/욕실가전",
    "ProductName": "(TV_초특가) 스팀큐 더블액션 다리미",
    "ReviewScore": "100",
    "Syllable": "38",
    "Word": "9",
    "RDate": "20181010",
    "GeneralPolarity": "1",
    "Aspects": [
      {
        "Aspect": "무게",
        "SentimentText": "가벼워서 좋고",
        "SentimentWord": "2",
        "SentimentPolarity": "1"
      },
      {
        "Aspect": "가격",
        "SentimentText": "가격대비 다른 다리미보다 실용성이 좋은거 같음",
        "SentimentWord": "6",
        "SentimentPolarity": "1"
      }
    ]
  },
  {
    "Index": "4754",
    "RawText": "들고 쓰기엔  조금 무거운거 같아요 다림질은 잘 되는듯요",
    "Source": "SNS",
    "Domain": "가전",
    "MainCategory": "생활/미용/욕실가전",
    "ProductName": "(TV_초특가) 스팀큐 더블액션 다리미",
    "ReviewScore": "100",
    "Syllable": "31",
    "Word": "8",
    "RDate": "20181004",
    "GeneralPolarity": "0",
    "Aspects": [
      {
        "Aspect": "무게",
        "SentimentText": "들고 쓰기엔  조금 무거운거 같아요",
        "SentimentWord": "5",
        "SentimentPolarity": "-1"
      },
      {
        "Aspect": "기능",
        "SentimentText": "다림질은 잘 되는듯요",
        "SentimentWord": "3",
        "SentimentPolarity": "1"
      }
    ]
  },
  {
    "Index": "4755",
    "RawText": "방송보고 너무 좋겠다 싶어 샀는데 아직 기능을 다 숙지 하지 못해서인지 몰라도 쫙쫙 펴지지는 않네요 더 써보고 숙달이 되면 아마도 홈쇼핑 방송 한것처럼 되겠죠? 더 열심히 써볼께요 디자인은 작고 깜찍하게 이쁘네요",
    "Source": "SNS",
    "Domain": "가전",
    "MainCategory": "생활/미용/욕실가전",
    "ProductName": "(TV_초특가) 스팀큐 더블액션 다리미",
    "ReviewScore": "80",
    "Syllable": "118",
    "Word": "31",
    "RDate": "20190520",
    "GeneralPolarity": "0",
    "Aspects": [
      {
        "Aspect": "기능",
        "SentimentText": "아직 기능을 다 숙지 하지 못해서인지 몰라도 쫙쫙 펴지지는 않네요",
        "SentimentWord": "10",
        "SentimentPolarity": "-1"
      },
      {
        "Aspect": "디자인",
        "SentimentText": "디자인은 작고 깜찍하게 이쁘네요",
        "SentimentWord": "4",
        "SentimentPolarity": "1"
      }
    ]
  },
  {
    "Index": "4756",
    "RawText": "스팀과 열판, 두가지 기능을 다 하기에는 역부족인 듯합니다. 물을 자주 부어줘야 하고 ㅜㅜ 다른 스팀다리미보다 약해요.",
    "Source": "SNS",
    "Domain": "가전",
    "MainCategory": "생활/미용/욕실가전",
    "ProductName": "(TV_초특가) 스팀큐 더블액션 다리미",
    "ReviewScore": "60",
    "Syllable": "66",
    "Word": "16",
    "RDate": "20190610",
    "GeneralPolarity": "-1",
    "Aspects": [
      {
        "Aspect": "기능",
        "SentimentText": "스팀과 열판, 두가지 기능을 다 하기에는 역부족인 듯합니다.",
        "SentimentWord": "8",
        "SentimentPolarity": "-1"
      },
      {
        "Aspect": "용량",
        "SentimentText": "물을 자주 부어줘야 하고 ㅜㅜ",
        "SentimentWord": "5",
        "SentimentPolarity": "-1"
      },
      {
        "Aspect": "기능",
        "SentimentText": "다른 스팀다리미보다 약해요.",
        "SentimentWord": "3",
        "SentimentPolarity": "-1"
      }
    ]
  },
  {
    "Index": "4757",
    "RawText": "방송같이 잘 다려지지는 않는 것 같아요 기술이 필요한 듯  디자인은 예뻐요",
    "Source": "SNS",
    "Domain": "가전",
    "MainCategory": "생활/미용/욕실가전",
    "ProductName": "(TV_초특가_ARS10_직) 스팀큐 더블액션 다리미",
    "ReviewScore": "40",
    "Syllable": "41",
    "Word": "11",
    "RDate": "20180908",
    "GeneralPolarity": "0",
    "Aspects": [
      {
        "Aspect": "기능",
        "SentimentText": "방송같이 잘 다려지지는 않는 것 같아요",
        "SentimentWord": "6",
        "SentimentPolarity": "-1"
      },
      {
        "Aspect": "디자인",
        "SentimentText": "디자인은 예뻐요",
        "SentimentWord": "2",
        "SentimentPolarity": "1"
      }
    ]
  },
  {
    "Index": "4758",
    "RawText": "스팀 잘나오고 소독용도로 의류에 사용 해 보니 주름 펴지는건 홈쇼핑영상 봣던것만큼 쫙펴지지는 않네요 .. 어떻게하는거죠?ㅜㅜ 그래도 스팀 하고나니 더 깔끔해보이는것 같습니당 안한것보다 낫고 좋네요  근데 새제품이 맞는지 구분이안됩니다. 뭐로 구분하죠? 개봉 씰이있는것도 아니고 제품 케이스에는 제조년월 이런게 써있다고하는데 찾아볼수가없네요  겉보기에 새제품 같아보이기도해서 믿고 쓸게영~ 물채우는게 좀 금방 써서 다시 채우기 번거롭긴하지만 좋아요~ ㅎㅎ",
    "Source": "SNS",
    "Domain": "가전",
    "MainCategory": "생활/미용/욕실가전",
    "ProductName": "(TV_초특가_ARS10_직) 스팀큐 더블액션 다리미",
    "ReviewScore": "80",
    "Syllable": "253",
    "Word": "53",
    "RDate": "20181114",
    "Aspects": [
      {
        "Aspect": "기능",
        "SentimentText": "스팀 잘나오고",
        "SentimentWord": "2",
        "SentimentPolarity": "1"
      },
      {
        "Aspect": "기능",
        "SentimentText": "소독용도로 의류에 사용 해 보니 주름 펴지는건 홈쇼핑영상 봣던것만큼 쫙펴지지는 않네요",
        "SentimentWord": "11",
        "SentimentPolarity": "-1"
      },
      {
        "Aspect": "기능",
        "SentimentText": "그래도 스팀 하고나니 더 깔끔해보이는것 같습니당 안한것보다 낫고 좋네요",
        "SentimentWord": "9",
        "SentimentPolarity": "1"
      }
    ]
  },
  {
    "Index": "4759",
    "RawText": "아직손에익숙하지가않아사서툴르기는하지만강력하게잘다려지는건확실합니다. 다만걸어두고다릴만한데가없으니까세워두고다리는건좀불편합니다. 마음에 들어요. 익숙해지면 좀 나아지겠죠. 좋아요",
    "Source": "SNS",
    "Domain": "가전",
    "MainCategory": "생활/미용/욕실가전",
    "ProductName": "(TV_초특가_ARS10_직) 스팀큐 더블액션 다리미",
    "ReviewScore": "100",
    "Syllable": "96",
    "Word": "8",
    "RDate": "20180617",
    "GeneralPolarity": "1",
    "Aspects": [
      {
        "Aspect": "기능",
        "SentimentText": "강력하게잘다려지는건확실합니다. ",
        "SentimentWord": "1",
        "SentimentPolarity": "1"
      },
      {
        "Aspect": "편의성",
        "SentimentText": "다만걸어두고다릴만한데가없으니까세워두고다리는건좀불편합니다.",
        "SentimentWord": "1",
        "SentimentPolarity": "-1"
      }
    ]
  },
  {
    "Index": "4760",
    "RawText": "장시간 사용하기에 무거워 불편해요 간단하게 사용하기엔 가격대비 구성이며 괜찮습니다 ~",
    "Source": "SNS",
    "Domain": "가전",
    "MainCategory": "생활/미용/욕실가전",
    "ProductName": "(TV_초특가_ARS10_직) 스팀큐 더블액션 다리미",
    "ReviewScore": "80",
    "Syllable": "47",
    "Word": "10",
    "RDate": "20181118",
    "GeneralPolarity": "0",
    "Aspects": [
      {
        "Aspect": "무게",
        "SentimentText": "장시간 사용하기에 무거워 불편해요",
        "SentimentWord": "4",
        "SentimentPolarity": "-1"
      },
      {
        "Aspect": "가격",
        "SentimentText": "간단하게 사용하기엔 가격대비 구성이며 괜찮습니다 ~",
        "SentimentWord": "6",
        "SentimentPolarity": "1"
      }
    ]
  },
  {
    "Index": "4761",
    "RawText": "물통이 좀작아서 두개다리고나면 물을 다시넣어야하는 불편함이잇네요   스팀이 잘 나와 다림질은 잘됩니다.",
    "Source": "SNS",
    "Domain": "가전",
    "MainCategory": "생활/미용/욕실가전",
    "ProductName": "(TV_초특가_직) 스팀큐 더블액션 다리미_1만원할인",
    "ReviewScore": "100",
    "Syllable": "57",
    "Word": "11",
    "RDate": "20190721",
    "GeneralPolarity": "0",
    "Aspects": [
      {
        "Aspect": "용량",
        "SentimentText": "물통이 좀작아서 두개다리고나면 물을 다시넣어야하는 불편함이잇네요",
        "SentimentWord": "6",
        "SentimentPolarity": "-1"
      },
      {
        "Aspect": "기능",
        "SentimentText": "스팀이 잘 나와 다림질은 잘됩니다.",
        "SentimentWord": "5",
        "SentimentPolarity": "1"
      }
    ]
  },
  {
    "Index": "4762",
    "RawText": "받자마자 써봤는데 간편하고 가볍고 나쁘지 않아요 좋은 가격에 잘 구매한 것 같습니다",
    "Source": "SNS",
    "Domain": "가전",
    "MainCategory": "생활/미용/욕실가전",
    "ProductName": "(TV_초특가_직) 스팀큐 더블액션 다리미_1만원할인",
    "ReviewScore": "100",
    "Syllable": "46",
    "Word": "12",
    "RDate": "20171122",
    "GeneralPolarity": "1",
    "Aspects": [
      {
        "Aspect": "편의성",
        "SentimentText": "받자마자 써봤는데 간편하고 ",
        "SentimentWord": "3",
        "SentimentPolarity": "1"
      },
      {
        "Aspect": "무게",
        "SentimentText": "가볍고 나쁘지 않아요",
        "SentimentWord": "3",
        "SentimentPolarity": "1"
      },
      {
        "Aspect": "가격",
        "SentimentText": "좋은 가격에 잘 구매한 것 같습니다",
        "SentimentWord": "6",
        "SentimentPolarity": "1"
      }
    ]
  },
  {
    "Index": "4763",
    "RawText": "빠른배송 감사합니다   스팀이 빵빵~사용해보니 잘되네요 ~~  기계 작동시 소음도 안나고 좋네요 앞으로도 좋은제품 부탁드려요 ^^",
    "Source": "SNS",
    "Domain": "가전",
    "MainCategory": "생활/미용/욕실가전",
    "ProductName": "(TV_초특가_직) 스팀큐 더블액션 다리미_1만원할인",
    "ReviewScore": "100",
    "Syllable": "72",
    "Word": "15",
    "RDate": "20171011",
    "Aspects": [
      {
        "Aspect": "소음",
        "SentimentText": "기계 작동시 소음도 안나고 좋네요",
        "SentimentWord": "5",
        "SentimentPolarity": "1"
      },
      {
        "Aspect": "기능",
        "SentimentText": "스팀이 빵빵~사용해보니 잘되네요 ~~ ",
        "SentimentWord": "4",
        "SentimentPolarity": "1"
      }
    ]
  },
  {
    "Index": "4764",
    "RawText": "사용 설명서 대로 해도 담김이 얼마 안되는 물이 너무 많이 새서 불편해요. 스팀나오는 시간도 늦어서 사용하기 불편해요",
    "Source": "SNS",
    "Domain": "가전",
    "MainCategory": "생활/미용/욕실가전",
    "ProductName": "(TV_초특가_특) 스팀큐 더블액션 다리미",
    "ReviewScore": "60",
    "Syllable": "65",
    "Word": "17",
    "RDate": "20190121",
    "GeneralPolarity": "-1",
    "Aspects": [
      {
        "Aspect": "기능",
        "SentimentText": "사용 설명서 대로 해도 담김이 얼마 안되는 물이 너무 많이 새서 불편해요.",
        "SentimentWord": "12",
        "SentimentPolarity": "-1"
      },
      {
        "Aspect": "시간/속도",
        "SentimentText": "스팀나오는 시간도 늦어서 사용하기 불편해요",
        "SentimentWord": "5",
        "SentimentPolarity": "-1"
      }
    ]
  },
  {
    "Index": "4765",
    "RawText": "100ml물을 넣고 사용해보니 대략 정장하의 2벌정도 다려지는거 같아요. 오토스팀으로 사용하는게 굉장히 편하긴 하네요. 다리미 사이즈가 손바닥만해서 여행 다닐때 들고다니긴 편할거 같아요.",
    "Source": "SNS",
    "Domain": "가전",
    "MainCategory": "생활/미용/욕실가전",
    "ProductName": "(TV_초특가_특) 스팀큐 더블액션 다리미",
    "ReviewScore": "100",
    "Syllable": "104",
    "Word": "21",
    "RDate": "20190116",
    "GeneralPolarity": "1",
    "Aspects": [
      {
        "Aspect": "용량",
        "SentimentText": "100ml물을 넣고 사용해보니 대략 정장하의 2벌정도 다려지는거 같아요.",
        "SentimentWord": "8",
        "SentimentPolarity": "1"
      },
      {
        "Aspect": "기능",
        "SentimentText": "오토스팀으로 사용하는게 굉장히 편하긴 하네요.",
        "SentimentWord": "5",
        "SentimentPolarity": "1"
      },
      {
        "Aspect": "편의성",
        "SentimentText": "다리미 사이즈가 손바닥만해서 여행 다닐때 들고다니긴 편할거 같아요.",
        "SentimentWord": "8",
        "SentimentPolarity": "1"
      }
    ]
  },
  {
    "Index": "4766",
    "RawText": "배송도 빠르게 와서 너무 좋구요. 적당한 무게감에. 정말 사용하게 좋아요. 친구들에게. 강추입니다 가성비 갑이예요",
    "Source": "SNS",
    "Domain": "가전",
    "MainCategory": "생활/미용/욕실가전",
    "ProductName": "(TV_특) 테팔 퀵스티머 스팀 미닛 DT7000+테팔 에그팬",
    "ReviewScore": "100",
    "Syllable": "63",
    "Word": "14",
    "RDate": "20190418",
    "Aspects": [
      {
        "Aspect": "무게",
        "SentimentText": "적당한 무게감에. 정말 사용하게 좋아요.",
        "SentimentWord": "5",
        "SentimentPolarity": "1"
      },
      {
        "Aspect": "가격",
        "SentimentText": "친구들에게.강추입니다 가성비 갑이예요",
        "SentimentWord": "3",
        "SentimentPolarity": "1"
      }
    ]
  },
  {
    "Index": "4767",
    "RawText": "스티머 굿입니다  살균소독 도  되구요   옷에 있는 주름도 잘 잡아주면서 서용하기가 쉬어서 강추합니다^^",
    "Source": "SNS",
    "Domain": "가전",
    "MainCategory": "생활/미용/욕실가전",
    "ProductName": "(TV_특) 테팔 퀵스티머 스팀 미닛 DT7000+테팔 에그팬",
    "ReviewScore": "100",
    "Syllable": "59",
    "Word": "13",
    "RDate": "20190330",
    "GeneralPolarity": "1",
    "Aspects": [
      {
        "Aspect": "기능",
        "SentimentText": "스티머 굿입니다",
        "SentimentWord": "2",
        "SentimentPolarity": "1"
      },
      {
        "Aspect": "기능",
        "SentimentText": "살균소독 도  되구요  ",
        "SentimentWord": "3",
        "SentimentPolarity": "1"
      },
      {
        "Aspect": "기능",
        "SentimentText": "옷에 있는 주름도 잘 잡아주면서 ",
        "SentimentWord": "5",
        "SentimentPolarity": "1"
      },
      {
        "Aspect": "편의성",
        "SentimentText": "서용하기가 쉬어서 강추합니다^^",
        "SentimentWord": "3",
        "SentimentPolarity": "1"
      }
    ]
  },
  {
    "Index": "4768",
    "RawText": "용량도 크고 스팀이 강하니까 넘조아요. 빨간스팀 오래썼는데 물넣는게 힘드렀는데 이건 물넣기 넘 편해요.",
    "Source": "SNS",
    "Domain": "가전",
    "MainCategory": "생활/미용/욕실가전",
    "ProductName": "(TV_특) 테팔 퀵스티머 스팀 미닛 DT7000+테팔 에그팬",
    "ReviewScore": "100",
    "Syllable": "57",
    "Word": "13",
    "RDate": "20190402",
    "GeneralPolarity": "1",
    "Aspects": [
      {
        "Aspect": "용량",
        "SentimentText": "용량도 크고 스팀이 강하니까 넘 조아요",
        "SentimentWord": "6",
        "SentimentPolarity": "1"
      },
      {
        "Aspect": "기능",
        "SentimentText": "스팀이 강하니까 넘 조아요",
        "SentimentWord": "4",
        "SentimentPolarity": "1"
      },
      {
        "Aspect": "편의성",
        "SentimentText": "이건 물넣기 넘 편해요",
        "SentimentWord": "4",
        "SentimentPolarity": "1"
      }
    ]
  },
  {
    "Index": "4769",
    "RawText": "다림질이 쉬워졋어요 무엇버다 믿에 늘러붙지않아 좋아요",
    "Source": "SNS",
    "Domain": "가전",
    "MainCategory": "생활/미용/욕실가전",
    "ProductName": "(TV_특_방송중혜택) 비트젯 스팀다리미 SBZ-B010ARD",
    "ReviewScore": "100",
    "Syllable": "29",
    "Word": "6",
    "RDate": "20190809",
    "GeneralPolarity": "1",
    "Aspects": [
      {
        "Aspect": "편의성",
        "SentimentText": "다림질이 쉬워졋어요 ",
        "SentimentWord": "2",
        "SentimentPolarity": "1"
      },
      {
        "Aspect": "기능",
        "SentimentText": "무엇버다 믿에 늘러붙지않아 좋아요",
        "SentimentWord": "4",
        "SentimentPolarity": "1"
      }
    ]
  },
  {
    "Index": "4770",
    "RawText": "사용하기 편리하고 빠르게 다림질이 잘되서 좋으네요 약간  무거운게 아쉽네요~~^^*",
    "Source": "SNS",
    "Domain": "가전",
    "MainCategory": "생활/미용/욕실가전",
    "ProductName": "(TV_특_방송중혜택) 비트젯 스팀다리미 SBZ-B010ARD",
    "ReviewScore": "80",
    "Syllable": "46",
    "Word": "9",
    "RDate": "20190718",
    "Aspects": [
      {
        "Aspect": "편의성",
        "SentimentText": "사용하기 편리하고 빠르게 다림질이 잘되서 좋으네요",
        "SentimentWord": "6",
        "SentimentPolarity": "1"
      },
      {
        "Aspect": "무게",
        "SentimentText": "약간  무거운게 아쉽네요~~^^*",
        "SentimentWord": "3",
        "SentimentPolarity": "0"
      }
    ]
  },
  {
    "Index": "4771",
    "RawText": "스팀으로 하는 다림질은  성능좋아요 그래도 잘펴지니깐  그나마 위로가  되네요 좀 아쉬운점은  들 고 스팀으로다릴때  좀 무거워요",
    "Source": "SNS",
    "Domain": "가전",
    "MainCategory": "생활/미용/욕실가전",
    "ProductName": "(TV_특_방송중혜택) 비트젯 스팀다리미 SBZ-B010ARD",
    "ReviewScore": "100",
    "Syllable": "72",
    "Word": "16",
    "RDate": "20190722",
    "GeneralPolarity": "1",
    "Aspects": [
      {
        "Aspect": "기능",
        "SentimentText": "스팀으로 하는 다림질은  성능좋아요 ",
        "SentimentWord": "4",
        "SentimentPolarity": "1"
      },
      {
        "Aspect": "무게",
        "SentimentText": " 좀 아쉬운점은  들 고 스팀으로다릴때  좀 무거워요 ",
        "SentimentWord": "7",
        "SentimentPolarity": "0"
      }
    ]
  },
  {
    "Index": "4772",
    "RawText": "보관이 용이하고 다림질도 편리해요. 기존에 쓰던 다리미 던져버렸음ㅋㅋ",
    "Source": "SNS",
    "Domain": "가전",
    "MainCategory": "생활/미용/욕실가전",
    "ProductName": "(TV_특약) 스팀큐 더블액션 다리미_ARS10퍼센트",
    "ReviewScore": "100",
    "Syllable": "38",
    "Word": "8",
    "RDate": "20181025",
    "GeneralPolarity": "1",
    "Aspects": [
      {
        "Aspect": "편의성",
        "SentimentText": "보관이 용이하고 다림질도 편리해요.",
        "SentimentWord": "4",
        "SentimentPolarity": "1"
      },
      {
        "Aspect": "편의성",
        "SentimentText": "다림질도 편리해요.",
        "SentimentWord": "2",
        "SentimentPolarity": "1"
      }
    ]
  },
  {
    "Index": "4773",
    "RawText": "스팀이 한박자 늦게 나와 아쉬워요. 그래도 사용하기 편하고 잘 다려지는거 같아요~~",
    "Source": "SNS",
    "Domain": "가전",
    "MainCategory": "생활/미용/욕실가전",
    "ProductName": "(TV_혼_방송중) 테팔 트위니 듀얼 에어샷 NI5011K1 + 사은품(폴더블 스팀매트)",
    "ReviewScore": "80",
    "Syllable": "46",
    "Word": "11",
    "RDate": "20210512",
    "GeneralPolarity": "0",
    "Aspects": [
      {
        "Aspect": "시간/속도",
        "SentimentText": "스팀이 한박자 늦게 나와 아쉬워요.",
        "SentimentWord": "5",
        "SentimentPolarity": "-1"
      },
      {
        "Aspect": "기능",
        "SentimentText": "사용하기 편하고 잘 다려지는거 같아요",
        "SentimentWord": "5",
        "SentimentPolarity": "1"
      }
    ]
  },
  {
    "Index": "4774",
    "RawText": "싸게 잘 구매 햇어요 써보니 엄청 잘 됩니다 오래오래 잘 쓰겟습니다",
    "Source": "SNS",
    "Domain": "가전",
    "MainCategory": "생활/미용/욕실가전",
    "ProductName": "(TV_혼_방송중무료체험) 리빈치 핸디스팀다리미 올스티머 (Livinchi All Steamer)",
    "ReviewScore": "100",
    "Syllable": "37",
    "Word": "11",
    "RDate": "20210414",
    "GeneralPolarity": "1",
    "Aspects": [
      {
        "Aspect": "가격",
        "SentimentText": "싸게 잘 구매 햇어요 ",
        "SentimentWord": "4",
        "SentimentPolarity": "1"
      },
      {
        "Aspect": "기능",
        "SentimentText": "써보니 엄청 잘 됩니다",
        "SentimentWord": "4",
        "SentimentPolarity": "1"
      }
    ]
  },
  {
    "Index": "4775",
    "RawText": "가격대비 훌륭하네요 직접 설치도 간단하고 기계 작동도쉽고 득템한듯 싶네요",
    "Source": "SNS",
    "Domain": "가전",
    "MainCategory": "생활/미용/욕실가전",
    "ProductName": "(TV_혼합) 해밀턴비치 의류관리기 스팀앤드라이 스타일러(S08)",
    "ReviewScore": "100",
    "Syllable": "40",
    "Word": "9",
    "RDate": "20200502",
    "Aspects": [
      {
        "Aspect": "가격",
        "SentimentText": "가격대비 훌륭하네요",
        "SentimentWord": "2",
        "SentimentPolarity": "1"
      },
      {
        "Aspect": "조작성",
        "SentimentText": "직접 설치도 간단하고",
        "SentimentWord": "3",
        "SentimentPolarity": "1"
      },
      {
        "Aspect": "기능",
        "SentimentText": "기계 작동도쉽고 득템한듯 싶네요",
        "SentimentWord": "4",
        "SentimentPolarity": "1"
      }
    ]
  },
  {
    "Index": "4776",
    "RawText": "별로 효과가 있는 거 같지 않네요 ㅠ 냄새가 없어지지도 않고구김이 잘 펴지지도 않아요",
    "Source": "SNS",
    "Domain": "가전",
    "MainCategory": "생활/미용/욕실가전",
    "ProductName": "(TV_혼합) 해밀턴비치 의류관리기 스팀앤드라이 스타일러(S08)",
    "ReviewScore": "20",
    "Syllable": "47",
    "Word": "13",
    "RDate": "20200527",
    "GeneralPolarity": "-1",
    "Aspects": [
      {
        "Aspect": "기능",
        "SentimentText": "냄새가 없어지지도 않고",
        "SentimentWord": "3",
        "SentimentPolarity": "-1"
      },
      {
        "Aspect": "기능",
        "SentimentText": "구김이 잘 펴지지도 않아요",
        "SentimentWord": "4",
        "SentimentPolarity": "-1"
      }
    ]
  },
  {
    "Index": "4777",
    "RawText": "스타일러의 기능은 기대는 못미치지만.가성비 괜찮은듯요~",
    "Source": "SNS",
    "Domain": "가전",
    "MainCategory": "생활/미용/욕실가전",
    "ProductName": "(TV_혼합) 해밀턴비치 의류관리기 스팀앤드라이 스타일러(S08)",
    "ReviewScore": "80",
    "Syllable": "30",
    "Word": "5",
    "RDate": "20200425",
    "GeneralPolarity": "0",
    "Aspects": [
      {
        "Aspect": "기능",
        "SentimentText": "스타일러의 기능은 기대는 못미치지만",
        "SentimentWord": "4",
        "SentimentPolarity": "-1"
      },
      {
        "Aspect": "가격",
        "SentimentText": "가성비 괜찮은듯요~",
        "SentimentWord": "2",
        "SentimentPolarity": "1"
      }
    ]
  },
  {
    "Index": "4778",
    "RawText": "음...그냥 걸어두기만 하면되니 간편해서 좋아요~ 옷 주름도 잘 펴지는 것 같아서 기능에는 만족해요~근데 찢어지기 쉬운 비닐 소재라 좀 아쉽네요...",
    "Source": "SNS",
    "Domain": "가전",
    "MainCategory": "생활/미용/욕실가전",
    "ProductName": "(TV_혼합) 해밀턴비치 의류관리기 스팀앤드라이 스타일러(S08)",
    "ReviewScore": "100",
    "Syllable": "83",
    "Word": "19",
    "RDate": "20200319",
    "GeneralPolarity": "1",
    "Aspects": [
      {
        "Aspect": "편의성",
        "SentimentText": "그냥 걸어두기만 하면되니 간편해서 좋아요~",
        "SentimentWord": "5",
        "SentimentPolarity": "1"
      },
      {
        "Aspect": "기능",
        "SentimentText": "옷 주름도 잘 펴지는 것 같아서 기능에는 만족해요~",
        "SentimentWord": "8",
        "SentimentPolarity": "1"
      },
      {
        "Aspect": "소재",
        "SentimentText": "찢어지기 쉬운 비닐 소재라 좀 아쉽네요...",
        "SentimentWord": "6",
        "SentimentPolarity": "-1"
      }
    ]
  },
  {
    "Index": "4779",
    "RawText": "가격대비 거의 안다려짐. 스팀완전 약함. 전에 산 000다리미는 옷걸이에걸어서 한두번 쓱하면 쭉 펴졌는데. 옷걸이에서 안다려져서 바닥에두고 아무리 밀어도 안다려짐ㅠ 당장환불하고싶음. 와~~욕나온다 정말. 터무니없이 비싼가격에 품질은 뭐지? ㅠㅠ",
    "Source": "SNS",
    "Domain": "가전",
    "MainCategory": "생활/미용/욕실가전",
    "ProductName": "(방송중_ARS10%_위) 아이스티머 스타일러 COO-1000 + 프리즘백",
    "ReviewScore": "10",
    "Syllable": "136",
    "Word": "27",
    "RDate": "20200721",
    "GeneralPolarity": "-1",
    "Aspects": [
      {
        "Aspect": "가격",
        "SentimentText": "가격대비 거의 안다려짐",
        "SentimentWord": "3",
        "SentimentPolarity": "-1"
      },
      {
        "Aspect": "기능",
        "SentimentText": "스팀완전 약함.",
        "SentimentWord": "2",
        "SentimentPolarity": "-1"
      },
      {
        "Aspect": "기능",
        "SentimentText": "바닥에 두고 아무리 밀어도 안다려짐ㅠ 당장환불하고싶음. 와~~욕나온다",
        "SentimentWord": "7",
        "SentimentPolarity": "-1"
      },
      {
        "Aspect": "품질",
        "SentimentText": "터무니없이 비싼가격에 품질은 뭐지?ㅠㅠ",
        "SentimentWord": "4",
        "SentimentPolarity": "-1"
      }
    ]
  },
  {
    "Index": "4780",
    "RawText": "가격대비 별로..ㅜㅜ 성능에비해 비쌈..비추임 무게가 쫌 나가고물통이 너무 작아서 옷하나 다리면 물넣어야함 .높은데 걸어서 다려야하고 끝쪽 다릴땐 바칠것도 아무것도 없다보니 손데이기 십상~ ",
    "Source": "SNS",
    "Domain": "가전",
    "MainCategory": "생활/미용/욕실가전",
    "ProductName": "(방송중_ARS10%_위) 아이스티머 스타일러 COO-1000 + 프리즘백",
    "ReviewScore": "50",
    "Syllable": "106",
    "Word": "22",
    "RDate": "20200811",
    "GeneralPolarity": "-1",
    "Aspects": [
      {
        "Aspect": "가격",
        "SentimentText": "가격대비 별로..ㅜㅜ",
        "SentimentWord": "2",
        "SentimentPolarity": "-1"
      },
      {
        "Aspect": "가격",
        "SentimentText": "성능에비해 비쌈..",
        "SentimentWord": "2",
        "SentimentPolarity": "-1"
      },
      {
        "Aspect": "편의성",
        "SentimentText": "높은데 걸어서 다려야하고 끝쪽 다릴땐 바칠것도 아무것도 없다보니 손데이기 십상~",
        "SentimentWord": "10",
        "SentimentPolarity": "-1"
      },
      {
        "Aspect": "용량",
        "SentimentText": "물통이 너무 작아서 옷하나 다리면 물넣어야함",
        "SentimentWord": "6",
        "SentimentPolarity": "-1"
      }
    ]
  },
  {
    "Index": "4781",
    "RawText": "강력하고 좋아요 사은품도 맘에 들어요 케이스가 좀 작은듯 그래도 깔끔하게 담아주기 좋아요",
    "Source": "SNS",
    "Domain": "가전",
    "MainCategory": "생활/미용/욕실가전",
    "ProductName": "(방송중_ARS10%_위) 아이스티머 스타일러 COO-1000 + 프리즘백",
    "ReviewScore": "100",
    "Syllable": "49",
    "Word": "12",
    "RDate": "20220123",
    "GeneralPolarity": "1",
    "Aspects": [
      {
        "Aspect": "기능",
        "SentimentText": "강력하고 좋아요",
        "SentimentWord": "2",
        "SentimentPolarity": "1"
      },
      {
        "Aspect": "제품구성",
        "SentimentText": "사은품도 맘에 들어요",
        "SentimentWord": "3",
        "SentimentPolarity": "1"
      },
      {
        "Aspect": "사이즈",
        "SentimentText": "케이스가 좀 작은듯",
        "SentimentWord": "3",
        "SentimentPolarity": "-1"
      }
    ]
  },
  {
    "Index": "4782",
    "RawText": "광고보다 주름이 잘안펴지고 스팀이 쎄지가 않아서 불량인줄 알았어요  ",
    "Source": "SNS",
    "Domain": "가전",
    "MainCategory": "생활/미용/욕실가전",
    "ProductName": "(방송중_ARS10%_위) 아이스티머 스타일러 COO-1000 + 프리즘백",
    "ReviewScore": "100",
    "Syllable": "38",
    "Word": "8",
    "RDate": "20210116",
    "GeneralPolarity": "-1",
    "Aspects": [
      {
        "Aspect": "기능",
        "SentimentText": "광고보다 주름이 잘안펴지고",
        "SentimentWord": "3",
        "SentimentPolarity": "-1"
      },
      {
        "Aspect": "내구성",
        "SentimentText": "스팀이 쎄지가 않아서 불량인줄 알았어요",
        "SentimentWord": "5",
        "SentimentPolarity": "-1"
      }
    ]
  },
  {
    "Index": "4783",
    "RawText": "딸한테 선물 했는데 사용하려고 박스는 버리고 보니까 먼지도 있고 흠집도 있고 새상품이 아닌것 같아요...교환 하려고 전화를 해도 통화도 안됩니다...전화번호 남겼는데 연락도 없네요...소재 싸구려 플라스틱 느낌이라 영 별로에요...",
    "Source": "SNS",
    "Domain": "가전",
    "MainCategory": "생활/미용/욕실가전",
    "ProductName": "(방송중_ARS10%_위) 아이스티머 스타일러 COO-1000 + 프리즘백",
    "ReviewScore": "10",
    "Syllable": "129",
    "Word": "27",
    "RDate": "20220107",
    "GeneralPolarity": "-1",
    "Aspects": [
      {
        "Aspect": "품질",
        "SentimentText": "먼지도 있고 흠집도 있고 새상품이 아닌것 같아요...",
        "SentimentWord": "7",
        "SentimentPolarity": "-1"
      },
      {
        "Aspect": "소재",
        "SentimentText": "소재 싸구려 플라스틱 느낌이라 영 별로에요...",
        "SentimentWord": "6",
        "SentimentPolarity": "-1"
      }
    ]
  },
  {
    "Index": "4784",
    "RawText": "구매할까 말까고민하다 구매쌨는데 디자인도이쁘고색상도 넘예뻐서 맘에 혹들었어요  옷도편하게 다릴수있어서 너무 만족스러워요",
    "Source": "SNS",
    "Domain": "가전",
    "MainCategory": "생활/미용/욕실가전",
    "ProductName": "(방송중_ARS10%_위) 아이스티머 스타일러 COO-1000 + 프리즘백",
    "ReviewScore": "100",
    "Syllable": "66",
    "Word": "11",
    "RDate": "20201211",
    "GeneralPolarity": "1",
    "Aspects": [
      {
        "Aspect": "디자인",
        "SentimentText": "디자인도이쁘고",
        "SentimentWord": "1",
        "SentimentPolarity": "1"
      },
      {
        "Aspect": "색상",
        "SentimentText": "색상도 넘예뻐서 맘에 혹들었어요",
        "SentimentWord": "4",
        "SentimentPolarity": "1"
      },
      {
        "Aspect": "편의성",
        "SentimentText": " 옷도편하게 다릴수있어서 너무 만족스러워요",
        "SentimentWord": "4",
        "SentimentPolarity": "1"
      }
    ]
  },
  {
    "Index": "4785",
    "RawText": "디자인 깔끔하고좋네요 니트랑 잘다려지네요",
    "Source": "SNS",
    "Domain": "가전",
    "MainCategory": "생활/미용/욕실가전",
    "ProductName": "(방송중_ARS10%_위) 아이스티머 스타일러 COO-1000 + 프리즘백",
    "ReviewScore": "100",
    "Syllable": "22",
    "Word": "4",
    "RDate": "20201027",
    "GeneralPolarity": "1",
    "Aspects": [
      {
        "Aspect": "디자인",
        "SentimentText": "디자인 깔끔하고좋네요",
        "SentimentWord": "2",
        "SentimentPolarity": "1"
      },
      {
        "Aspect": "기능",
        "SentimentText": "니트랑 잘다려지네요",
        "SentimentWord": "2",
        "SentimentPolarity": "1"
      }
    ]
  },
  {
    "Index": "4786",
    "RawText": "컬러가 너~~~~~무이뻐요!!!!! 예전부터 눈여겨보고있었는데 티비에서 딱!! 파우치랑 보풀제거기 거치대까지 풀패키지로 와우~~ 싸게 구입해서 기분 업~! 아직 사용은 안해봤지만 보고만있어도 디자인이 이뻐서 만족합니다!!",
    "Source": "SNS",
    "Domain": "가전",
    "MainCategory": "생활/미용/욕실가전",
    "ProductName": "(방송중_ARS10%_위) 아이스티머 스타일러 COO-1000 + 프리즘백",
    "ReviewScore": "100",
    "Syllable": "123",
    "Word": "22",
    "RDate": "20200930",
    "GeneralPolarity": "1",
    "Aspects": [
      {
        "Aspect": "색상",
        "SentimentText": "컬러가 너~~~~~무이뻐요!!!!!",
        "SentimentWord": "2",
        "SentimentPolarity": "1"
      },
      {
        "Aspect": "제품구성",
        "SentimentText": "파우치랑 보풀제거기 거치대까지 풀패키지로 와우~~",
        "SentimentWord": "5",
        "SentimentPolarity": "1"
      },
      {
        "Aspect": "가격",
        "SentimentText": "싸게 구입해서 기분 업~!",
        "SentimentWord": "4",
        "SentimentPolarity": "1"
      },
      {
        "Aspect": "디자인",
        "SentimentText": "보고만있어도 디자인이 이뻐서 만족합니다!!",
        "SentimentWord": "4",
        "SentimentPolarity": "1"
      }
    ]
  },
  {
    "Index": "4787",
    "RawText": "너무구성이좋아요 좋은데 조금 불편한건 옷걸이를걸어서또 약간 높은데에 걸어서 해야되서 조금불편해요",
    "Source": "SNS",
    "Domain": "가전",
    "MainCategory": "생활/미용/욕실가전",
    "ProductName": "(방송중_ARS10%_위) 아이스티머 스타일러 COO-1000 + 프리즘백",
    "ReviewScore": "80",
    "Syllable": "53",
    "Word": "10",
    "RDate": "20200713",
    "GeneralPolarity": "0",
    "Aspects": [
      {
        "Aspect": "제품구성",
        "SentimentText": "너무구성이좋아요",
        "SentimentWord": "1",
        "SentimentPolarity": "1"
      },
      {
        "Aspect": "편의성",
        "SentimentText": "옷걸이를걸어서또 약간 높은데에 걸어서 해야되서 조금불편해요",
        "SentimentWord": "6",
        "SentimentPolarity": "0"
      }
    ]
  },
  {
    "Index": "4788",
    "RawText": "디자인 너무예쁘네요. 사용해봤는데 기능이 광고보단 못해요. ㅠ.ㅠ",
    "Source": "SNS",
    "Domain": "가전",
    "MainCategory": "생활/미용/욕실가전",
    "ProductName": "(방송중_ARS10%_위) 아이스티머 스타일러 COO-1000 + 프리즘백",
    "ReviewScore": "100",
    "Syllable": "36",
    "Word": "7",
    "RDate": "20201030",
    "GeneralPolarity": "0",
    "Aspects": [
      {
        "Aspect": "디자인",
        "SentimentText": "디자인 너무예쁘네요.",
        "SentimentWord": "2",
        "SentimentPolarity": "1"
      },
      {
        "Aspect": "기능",
        "SentimentText": "사용해봤는데 기능이 광고보단 못해요. ㅠ.ㅠ",
        "SentimentWord": "5",
        "SentimentPolarity": "-1"
      }
    ]
  },
  {
    "Index": "4789",
    "RawText": "다리미가 없어서 구매했는데 만족스럽네요 디자인도 고급스럽고 기능도 다 만족입니다",
    "Source": "SNS",
    "Domain": "가전",
    "MainCategory": "생활/미용/욕실가전",
    "ProductName": "(방송중_ARS10%_위) 아이스티머 스타일러 COO-1000 + 프리즘백",
    "ReviewScore": "100",
    "Syllable": "44",
    "Word": "9",
    "RDate": "20220221",
    "GeneralPolarity": "1",
    "Aspects": [
      {
        "Aspect": "디자인",
        "SentimentText": "디자인도 고급스럽고",
        "SentimentWord": "2",
        "SentimentPolarity": "1"
      },
      {
        "Aspect": "기능",
        "SentimentText": "기능도 다 만족입니다",
        "SentimentWord": "3",
        "SentimentPolarity": "1"
      }
    ]
  },
  {
    "Index": "4790",
    "RawText": "도착 후에 딸과 언박싱~ 하나하나 상품을 꺼낼때마다 딸이 소리지르며 좋아함. 디자인이 너무 예쁘다고 고급스럽다고~~ㅎㅎ 딸과 고른 딥그린이 너무 고급지고 사은품도 다 맘에 들었음. 이사 후에 사용하려고 다시 포장. 기존에 000제품을 잘 사용했었는데 다림질 후에 보면 꼭! 물통에서 물이 새더라구요. 그 점 때문에 새로 구입한거라 제발 성능도 디자인만큼 좋기를 바랍니다. 사용 후, 사진과 함께 후기 쓰러 오겠습니다.^-^",
    "Source": "SNS",
    "Domain": "가전",
    "MainCategory": "생활/미용/욕실가전",
    "ProductName": "(방송중_ARS10%_위) 아이스티머 스타일러 COO-1000 + 프리즘백",
    "ReviewScore": "100",
    "Syllable": "236",
    "Word": "56",
    "RDate": "20220119",
    "GeneralPolarity": "1",
    "Aspects": [
      {
        "Aspect": "디자인",
        "SentimentText": "딸이 소리지르며 좋아함. 디자인이 너무 예쁘다고 고급스럽다고~~ㅎㅎ",
        "SentimentWord": "7",
        "SentimentPolarity": "1"
      },
      {
        "Aspect": "색상",
        "SentimentText": "딸과 고른 딥그린이 너무 고급지고 사은품도 다 맘에 들었음.",
        "SentimentWord": "9",
        "SentimentPolarity": "1"
      },
      {
        "Aspect": "제품구성",
        "SentimentText": "사은품도 다 맘에 들었음.",
        "SentimentWord": "4",
        "SentimentPolarity": "1"
      }
    ]
  },
  {
    "Index": "4791",
    "RawText": "디자인도 예쁘고 사이즈도 보관하기에  편하고 좋네요",
    "Source": "SNS",
    "Domain": "가전",
    "MainCategory": "생활/미용/욕실가전",
    "ProductName": "(방송중_ARS10%_위) 아이스티머 스타일러 COO-1000 + 프리즘백",
    "ReviewScore": "100",
    "Syllable": "28",
    "Word": "6",
    "RDate": "20220106",
    "GeneralPolarity": "1",
    "Aspects": [
      {
        "Aspect": "디자인",
        "SentimentText": "디자인도 예쁘고",
        "SentimentWord": "2",
        "SentimentPolarity": "1"
      },
      {
        "Aspect": "사이즈",
        "SentimentText": "사이즈도 보관하기에  편하고 좋네요",
        "SentimentWord": "4",
        "SentimentPolarity": "1"
      }
    ]
  },
  {
    "Index": "4792",
    "RawText": "디자인도 이쁘고 성능도 좋다는데 당연히 구매해야죠.  구매후 사용해보니 잘 구매한거 같아 뿌듯합니다. 많이 파세요.",
    "Source": "SNS",
    "Domain": "가전",
    "MainCategory": "생활/미용/욕실가전",
    "ProductName": "(방송중_ARS10%_위) 아이스티머 스타일러 COO-1000 + 프리즘백",
    "ReviewScore": "100",
    "Syllable": "64",
    "Word": "14",
    "RDate": "20211101",
    "GeneralPolarity": "1",
    "Aspects": [
      {
        "Aspect": "디자인",
        "SentimentText": "디자인도 이쁘고",
        "SentimentWord": "2",
        "SentimentPolarity": "1"
      },
      {
        "Aspect": "기능",
        "SentimentText": "구매후 사용해보니 잘 구매한거 같아 뿌듯합니다.",
        "SentimentWord": "6",
        "SentimentPolarity": "1"
      }
    ]
  },
  {
    "Index": "4793",
    "RawText": "디자인은  이쁜데 스팀은 생각보다...ㅜㅜ 가격이 상품에 비해 조금 비싼듯.",
    "Source": "SNS",
    "Domain": "가전",
    "MainCategory": "생활/미용/욕실가전",
    "ProductName": "(방송중_ARS10%_위) 아이스티머 스타일러 COO-1000 + 프리즘백",
    "ReviewScore": "100",
    "Syllable": "42",
    "Word": "9",
    "RDate": "20200725",
    "GeneralPolarity": "-1",
    "Aspects": [
      {
        "Aspect": "디자인",
        "SentimentText": "디자인은  이쁜데",
        "SentimentWord": "2",
        "SentimentPolarity": "1"
      },
      {
        "Aspect": "기능",
        "SentimentText": "스팀은 생각보다...ㅜㅜ",
        "SentimentWord": "2",
        "SentimentPolarity": "-1"
      },
      {
        "Aspect": "가격",
        "SentimentText": "가격이 상품에 비해 조금 비싼듯.",
        "SentimentWord": "5",
        "SentimentPolarity": "-1"
      }
    ]
  },
  {
    "Index": "4794",
    "RawText": "딥그린 너무예뻐요 사이즈가 아담해서 여행시도 가지고 다닐수있어서 좋을것같아요 ",
    "Source": "SNS",
    "Domain": "가전",
    "MainCategory": "생활/미용/욕실가전",
    "ProductName": "(방송중_ARS10%_위) 아이스티머 스타일러 COO-1000 + 프리즘백",
    "ReviewScore": "100",
    "Syllable": "43",
    "Word": "8",
    "RDate": "20220204",
    "GeneralPolarity": "1",
    "Aspects": [
      {
        "Aspect": "색상",
        "SentimentText": "딥그린 너무예뻐요",
        "SentimentWord": "2",
        "SentimentPolarity": "1"
      },
      {
        "Aspect": "사이즈",
        "SentimentText": "사이즈가 아담해서 여행시도 가지고 다닐수있어서 좋을것같아요",
        "SentimentWord": "6",
        "SentimentPolarity": "1"
      }
    ]
  },
  {
    "Index": "4795",
    "RawText": "생각보다 물이 너무 금방 떨어져서 계속 채워줘야해서 불편해요....ㅠ.ㅠ 심지어 잘 다려지지도 않아요....너무 후회되는 제품.....",
    "Source": "SNS",
    "Domain": "가전",
    "MainCategory": "생활/미용/욕실가전",
    "ProductName": "(방송중_ARS10%_위) 아이스티머 스타일러 COO-1000 + 프리즘백",
    "ReviewScore": "10",
    "Syllable": "75",
    "Word": "14",
    "RDate": "20211026",
    "Aspects": [
      {
        "Aspect": "용량",
        "SentimentText": "생각보다 물이 너무 금방 떨어져서 계속 채워줘야해서 불편해요....ㅠ.ㅠ",
        "SentimentWord": "8",
        "SentimentPolarity": "-1"
      },
      {
        "Aspect": "기능",
        "SentimentText": "심지어 잘 다려지지도 않아요....너무 후회되는 제품.....",
        "SentimentWord": "6",
        "SentimentPolarity": "-1"
      }
    ]
  },
  {
    "Index": "4796",
    "RawText": "배송 잘 받았어요  상품은 잘 포장되어 외간상은 문제없이 잘 작동하네요 곧 사용해볼려규요 기대 됩니다  무게감은  무겁지 않았어요  들어서 사용할수 있겠네요  급하게 옷을 필때,스팀으로 살균도 된다니까  유용하게 쓸꺼 같아요",
    "Source": "SNS",
    "Domain": "가전",
    "MainCategory": "생활/미용/욕실가전",
    "ProductName": "(방송중_ARS10%_위) 아이스티머 스타일러 COO-1000 + 프리즘백",
    "ReviewScore": "100",
    "Syllable": "125",
    "Word": "28",
    "RDate": "20220207",
    "Aspects": [
      {
        "Aspect": "품질",
        "SentimentText": "외간상은 문제없이 잘 작동하네요",
        "SentimentWord": "4",
        "SentimentPolarity": "1"
      },
      {
        "Aspect": "무게",
        "SentimentText": "무게감은  무겁지 않았어요 ",
        "SentimentWord": "3",
        "SentimentPolarity": "1"
      }
    ]
  },
  {
    "Index": "4797",
    "RawText": "배송도빠르고 제품도 좋아요  추천합니다. 방송보고 구매햇는데 사은품까지 주셔서 좋아요",
    "Source": "SNS",
    "Domain": "가전",
    "MainCategory": "생활/미용/욕실가전",
    "ProductName": "(방송중_ARS10%_위) 아이스티머 스타일러 COO-1000 + 프리즘백",
    "ReviewScore": "100",
    "Syllable": "47",
    "Word": "9",
    "RDate": "20201028",
    "Aspects": [
      {
        "Aspect": "품질",
        "SentimentText": "제품도 좋아요 추천합니다",
        "SentimentWord": "3",
        "SentimentPolarity": "1"
      },
      {
        "Aspect": "제품구성",
        "SentimentText": "방송보고 구매햇는데 사은품까지 주셔서 좋아요",
        "SentimentWord": "5",
        "SentimentPolarity": "1"
      }
    ]
  },
  {
    "Index": "4798",
    "RawText": "배송빠르네요. 너무기대했나봐요 드라마틱하게 잘 펴지진않네요. 체리핑크로 주문했는데 상품에기스가 많아요...",
    "Source": "SNS",
    "Domain": "가전",
    "MainCategory": "생활/미용/욕실가전",
    "ProductName": "(방송중_ARS10%_위) 아이스티머 스타일러 COO-1000 + 프리즘백",
    "ReviewScore": "100",
    "Syllable": "59",
    "Word": "9",
    "RDate": "20211019",
    "Aspects": [
      {
        "Aspect": "기능",
        "SentimentText": "너무기대했나봐요 드라마틱하게 잘 펴지진않네요. ",
        "SentimentWord": "4",
        "SentimentPolarity": "-1"
      },
      {
        "Aspect": "품질",
        "SentimentText": "체리핑크로 주문했는데 상품에기스가 많아요...",
        "SentimentWord": "4",
        "SentimentPolarity": "-1"
      }
    ]
  },
  {
    "Index": "4799",
    "RawText": "배송잘받았읍니다.전 패딩솜살리려고 구매했는데 짱이예요.다만아쉬운점은  물통이 너무작아 점퍼하나 살리고나면 다시 물보충해되서 좀많이 아쉬웠읍니다.그거말고는 다만족합니다.잘쓸께요",
    "Source": "SNS",
    "Domain": "가전",
    "MainCategory": "생활/미용/욕실가전",
    "ProductName": "(방송중_ARS10%_위) 아이스티머 스타일러 COO-1000 + 프리즘백",
    "ReviewScore": "100",
    "Syllable": "97",
    "Word": "13",
    "RDate": "20210103",
    "GeneralPolarity": "1",
    "Aspects": [
      {
        "Aspect": "품질",
        "SentimentText": "전 패딩솜살리려고 구매했는데 짱이예요.",
        "SentimentWord": "4",
        "SentimentPolarity": "1"
      },
      {
        "Aspect": "용량",
        "SentimentText": "물통이 너무작아 점퍼하나 살리고나면 다시 물보충해되서 좀많이 아쉬웠읍니다.",
        "SentimentWord": "8",
        "SentimentPolarity": "-1"
      }
    ]
  },
  {
    "Index": "4800",
    "RawText": "별한개도 아까움 스팀도 약하고 무거워서 오래들고있지못함 보풀제거기는 한번쓰고 망가짐 ㅠ 절대환불어려움 여기 거지같은업체임 정말 다시는 오고싶지않음 지우면 또 쓸거임",
    "Source": "SNS",
    "Domain": "가전",
    "MainCategory": "생활/미용/욕실가전",
    "ProductName": "(방송중_ARS10%_위) 아이스티머 스타일러 COO-1000 + 프리즘백",
    "ReviewScore": "10",
    "Syllable": "91",
    "Word": "19",
    "RDate": "20201026",
    "Aspects": [
      {
        "Aspect": "기능",
        "SentimentText": "별한개도 아까움 스팀도 약하고",
        "SentimentWord": "4",
        "SentimentPolarity": "-1"
      },
      {
        "Aspect": "무게",
        "SentimentText": "무거워서 오래들고있지못함",
        "SentimentWord": "2",
        "SentimentPolarity": "-1"
      },
      {
        "Aspect": "품질",
        "SentimentText": "보풀제거기는 한번쓰고 망가짐 ㅠ",
        "SentimentWord": "4",
        "SentimentPolarity": "-1"
      }
    ]
  },
  {
    "Index": "4801",
    "RawText": "불량품이 걸려서 기분 별로였지만 새로 배송해주셨네요. 디자인은 괜찮네요",
    "Source": "SNS",
    "Domain": "가전",
    "MainCategory": "생활/미용/욕실가전",
    "ProductName": "(방송중_ARS10%_위) 아이스티머 스타일러 COO-1000 + 프리즘백",
    "ReviewScore": "100",
    "Syllable": "39",
    "Word": "8",
    "RDate": "20200828",
    "GeneralPolarity": "0",
    "Aspects": [
      {
        "Aspect": "품질",
        "SentimentText": "불량품이 걸려서 기분 별로였지만 새로 배송해주셨네요. ",
        "SentimentWord": "6",
        "SentimentPolarity": "-1"
      },
      {
        "Aspect": "디자인",
        "SentimentText": "디자인은 괜찮네요",
        "SentimentWord": "2",
        "SentimentPolarity": "1"
      }
    ]
  },
  {
    "Index": "4802",
    "RawText": "빠른 배송과 좋은 가격으로 모든 주름을 펼 수 있게  되었어요~~^^",
    "Source": "SNS",
    "Domain": "가전",
    "MainCategory": "생활/미용/욕실가전",
    "ProductName": "(방송중_ARS10%_위) 아이스티머 스타일러 COO-1000 + 프리즘백",
    "ReviewScore": "100",
    "Syllable": "38",
    "Word": "10",
    "RDate": "20201030",
    "Aspects": [
      {
        "Aspect": "가격",
        "SentimentText": "좋은 가격으로",
        "SentimentWord": "2",
        "SentimentPolarity": "1"
      },
      {
        "Aspect": "기능",
        "SentimentText": " 모든 주름을 펼 수 있게  되었어요~~^^",
        "SentimentWord": "6",
        "SentimentPolarity": "1"
      }
    ]
  },
  {
    "Index": "4803",
    "RawText": "사이즈 생각보다 커서 놀랐어요~ 생각보다 잘 다려지네요 ㅎㅎㅎ",
    "Source": "SNS",
    "Domain": "가전",
    "MainCategory": "생활/미용/욕실가전",
    "ProductName": "(방송중_ARS10%_위) 아이스티머 스타일러 COO-1000 + 프리즘백",
    "ReviewScore": "100",
    "Syllable": "34",
    "Word": "8",
    "RDate": "20201028",
    "Aspects": [
      {
        "Aspect": "사이즈",
        "SentimentText": "사이즈 생각보다 커서 놀랐어요~",
        "SentimentWord": "4",
        "SentimentPolarity": "0"
      },
      {
        "Aspect": "기능",
        "SentimentText": "생각보다 잘 다려지네요 ㅎㅎㅎ",
        "SentimentWord": "4",
        "SentimentPolarity": "1"
      }
    ]
  },
  {
    "Index": "4804",
    "RawText": "사실 디자인이 예뻐서 구입했는데, 전에 쓰던 스팀다리미보다 좋아요. 가격이 조금 부담되긴 했어요.",
    "Source": "SNS",
    "Domain": "가전",
    "MainCategory": "생활/미용/욕실가전",
    "ProductName": "(방송중_ARS10%_위) 아이스티머 스타일러 COO-1000 + 프리즘백",
    "ReviewScore": "80",
    "Syllable": "54",
    "Word": "12",
    "RDate": "20201007",
    "GeneralPolarity": "1",
    "Aspects": [
      {
        "Aspect": "디자인",
        "SentimentText": "사실 디자인이 예뻐서 구입했는데, 전에 쓰던 스팀다리미보다 좋아요.",
        "SentimentWord": "8",
        "SentimentPolarity": "1"
      },
      {
        "Aspect": "품질",
        "SentimentText": "전에 쓰던 스팀다리미보다 좋아요.",
        "SentimentWord": "4",
        "SentimentPolarity": "1"
      },
      {
        "Aspect": "가격",
        "SentimentText": "가격이 조금 부담되긴 했어요.",
        "SentimentWord": "4",
        "SentimentPolarity": "-1"
      }
    ]
  },
  {
    "Index": "4805",
    "RawText": "사용하기 편하고 무겁지도 않고 넘좋아요 살균,탈취 만족합니다 적극 추천합니다",
    "Source": "SNS",
    "Domain": "가전",
    "MainCategory": "생활/미용/욕실가전",
    "ProductName": "(방송중_ARS10%_위) 아이스티머 스타일러 COO-1000 + 프리즘백",
    "ReviewScore": "100",
    "Syllable": "42",
    "Word": "9",
    "RDate": "20201119",
    "GeneralPolarity": "1",
    "Aspects": [
      {
        "Aspect": "편의성",
        "SentimentText": "사용하기 편하고 ",
        "SentimentWord": "2",
        "SentimentPolarity": "1"
      },
      {
        "Aspect": "무게",
        "SentimentText": "무겁지도 않고 넘좋아요",
        "SentimentWord": "3",
        "SentimentPolarity": "1"
      },
      {
        "Aspect": "기능",
        "SentimentText": "살균,탈취 만족합니다 적극 추천합니다",
        "SentimentWord": "4",
        "SentimentPolarity": "1"
      }
    ]
  },
  {
    "Index": "4806",
    "RawText": "사용하기 편해요 아들이 사용하기도  편리하고 일단 보관도 짱이네요",
    "Source": "SNS",
    "Domain": "가전",
    "MainCategory": "생활/미용/욕실가전",
    "ProductName": "(방송중_ARS10%_위) 아이스티머 스타일러 COO-1000 + 프리즘백",
    "ReviewScore": "100",
    "Syllable": "36",
    "Word": "8",
    "RDate": "20201018",
    "GeneralPolarity": "1",
    "Aspects": [
      {
        "Aspect": "편의성",
        "SentimentText": "사용하기 편해요",
        "SentimentWord": "2",
        "SentimentPolarity": "1"
      },
      {
        "Aspect": "편의성",
        "SentimentText": "아들이 사용하기도  편리하고 일단 보관도 짱이네요",
        "SentimentWord": "6",
        "SentimentPolarity": "1"
      }
    ]
  },
  {
    "Index": "4807",
    "RawText": "상품에비해가격이좀비싼거같아요 옷다리기에기술이요하네요 아직은서툴지만하다보면늘겠죠 배송은빨랐어요",
    "Source": "SNS",
    "Domain": "가전",
    "MainCategory": "생활/미용/욕실가전",
    "ProductName": "(방송중_ARS10%_위) 아이스티머 스타일러 COO-1000 + 프리즘백",
    "ReviewScore": "100",
    "Syllable": "51",
    "Word": "4",
    "RDate": "20200809",
    "Aspects": [
      {
        "Aspect": "가격",
        "SentimentText": "상품에비해가격이좀비싼거같아요",
        "SentimentWord": "1",
        "SentimentPolarity": "-1"
      },
      {
        "Aspect": "조작성",
        "SentimentText": "옷다리기에기술이요하네요 아직은서툴지만하다보면늘겠죠",
        "SentimentWord": "2",
        "SentimentPolarity": "0"
      }
    ]
  },
  {
    "Index": "4808",
    "RawText": "색감이 너무 이뻐요. 보풀제거기도 색이 맞춰오네요. 근데 보풀제거기는 잘 되진 않아요.ㅠ",
    "Source": "SNS",
    "Domain": "가전",
    "MainCategory": "생활/미용/욕실가전",
    "ProductName": "(방송중_ARS10%_위) 아이스티머 스타일러 COO-1000 + 프리즘백",
    "ReviewScore": "100",
    "Syllable": "49",
    "Word": "11",
    "RDate": "20220116",
    "GeneralPolarity": "1",
    "Aspects": [
      {
        "Aspect": "색상",
        "SentimentText": "색감이 너무 이뻐요.",
        "SentimentWord": "3",
        "SentimentPolarity": "1"
      },
      {
        "Aspect": "제품구성",
        "SentimentText": "근데 보풀제거기는 잘 되진 않아요.ㅠ",
        "SentimentWord": "5",
        "SentimentPolarity": "-1"
      }
    ]
  },
  {
    "Index": "4809",
    "RawText": "색감이나 디자인면에서 훌륭하네요~ 단 안전상 버튼을 눌러야 스팀이 나오는 방식은 약간 불편감이 있습니다",
    "Source": "SNS",
    "Domain": "가전",
    "MainCategory": "생활/미용/욕실가전",
    "ProductName": "(방송중_ARS10%_위) 아이스티머 스타일러 COO-1000 + 프리즘백",
    "ReviewScore": "90",
    "Syllable": "57",
    "Word": "13",
    "RDate": "20220203",
    "GeneralPolarity": "1",
    "Aspects": [
      {
        "Aspect": "디자인",
        "SentimentText": "색감이나 디자인면에서 훌륭하네요~",
        "SentimentWord": "3",
        "SentimentPolarity": "1"
      },
      {
        "Aspect": "편의성",
        "SentimentText": "단 안전상 버튼을 눌러야 스팀이 나오는 방식은 약간 불편감이 있습니다",
        "SentimentWord": "10",
        "SentimentPolarity": "-1"
      }
    ]
  },
  {
    "Index": "4810",
    "RawText": "색깔  넘 이쁘고   기존  쓰던거는  호수 달려서  무거웠는데  가벼워  쓰기  훨씬  편할거  같네요",
    "Source": "SNS",
    "Domain": "가전",
    "MainCategory": "생활/미용/욕실가전",
    "ProductName": "(방송중_ARS10%_위) 아이스티머 스타일러 COO-1000 + 프리즘백",
    "ReviewScore": "100",
    "Syllable": "58",
    "Word": "13",
    "RDate": "20201011",
    "GeneralPolarity": "1",
    "Aspects": [
      {
        "Aspect": "색상",
        "SentimentText": "색깔  넘 이쁘고  ",
        "SentimentWord": "3",
        "SentimentPolarity": "1"
      },
      {
        "Aspect": "무게",
        "SentimentText": " 가벼워  쓰기  훨씬  편할거  같네요",
        "SentimentWord": "5",
        "SentimentPolarity": "1"
      }
    ]
  },
  {
    "Index": "4811",
    "RawText": "색상도 잘골랐네요.ㅎ 받자마자 셔츠 해봤는데.,잘되네요. 다만 좀 무거워서 팔이 아파요.ㅜ",
    "Source": "SNS",
    "Domain": "가전",
    "MainCategory": "생활/미용/욕실가전",
    "ProductName": "(방송중_ARS10%_위) 아이스티머 스타일러 COO-1000 + 프리즘백",
    "ReviewScore": "100",
    "Syllable": "50",
    "Word": "10",
    "RDate": "20211021",
    "GeneralPolarity": "1",
    "Aspects": [
      {
        "Aspect": "색상",
        "SentimentText": "색상도 잘골랐네요.ㅎ",
        "SentimentWord": "2",
        "SentimentPolarity": "1"
      },
      {
        "Aspect": "기능",
        "SentimentText": "받자마자 셔츠 해봤는데.,잘되네요.",
        "SentimentWord": "3",
        "SentimentPolarity": "1"
      },
      {
        "Aspect": "무게",
        "SentimentText": "무거워서 팔이 아파요.ㅜ",
        "SentimentWord": "3",
        "SentimentPolarity": "-1"
      }
    ]
  },
  {
    "Index": "4812",
    "RawText": "생각보다 스팀이 세진 않네요  무겁기도 하구요... 하지만 디자인은 예쁘고 간편한거 같아요",
    "Source": "SNS",
    "Domain": "가전",
    "MainCategory": "생활/미용/욕실가전",
    "ProductName": "(방송중_ARS10%_위) 아이스티머 스타일러 COO-1000 + 프리즘백",
    "ReviewScore": "100",
    "Syllable": "50",
    "Word": "11",
    "RDate": "20210105",
    "GeneralPolarity": "0",
    "Aspects": [
      {
        "Aspect": "기능",
        "SentimentText": "생각보다 스팀이 세진 않네요 ",
        "SentimentWord": "4",
        "SentimentPolarity": "-1"
      },
      {
        "Aspect": "무게",
        "SentimentText": "무겁기도 하구요...",
        "SentimentWord": "2",
        "SentimentPolarity": "-1"
      },
      {
        "Aspect": "디자인",
        "SentimentText": "디자인은 예쁘고 간편한거 같아요",
        "SentimentWord": "4",
        "SentimentPolarity": "1"
      }
    ]
  },
  {
    "Index": "4813",
    "RawText": "생각보다 스팀이 오래가질 않네요 배송빠르고 옷 잘다려져서 대체로 만족합니다",
    "Source": "SNS",
    "Domain": "가전",
    "MainCategory": "생활/미용/욕실가전",
    "ProductName": "(방송중_ARS10%_위) 아이스티머 스타일러 COO-1000 + 프리즘백",
    "ReviewScore": "100",
    "Syllable": "41",
    "Word": "9",
    "RDate": "20220113",
    "Aspects": [
      {
        "Aspect": "품질",
        "SentimentText": "생각보다 스팀이 오래가질 않네요",
        "SentimentWord": "4",
        "SentimentPolarity": "-1"
      },
      {
        "Aspect": "기능",
        "SentimentText": "옷 잘다려져서 대체로 만족합니다",
        "SentimentWord": "4",
        "SentimentPolarity": "1"
      }
    ]
  },
  {
    "Index": "4814",
    "RawText": "생각했던것보다 기능이 별로입니다. 물도금방채워야하고 불편하네요",
    "Source": "SNS",
    "Domain": "가전",
    "MainCategory": "생활/미용/욕실가전",
    "ProductName": "(방송중_ARS10%_위) 아이스티머 스타일러 COO-1000 + 프리즘백",
    "ReviewScore": "100",
    "Syllable": "34",
    "Word": "5",
    "RDate": "20210104",
    "GeneralPolarity": "-1",
    "Aspects": [
      {
        "Aspect": "기능",
        "SentimentText": "생각했던것보다 기능이 별로입니다.",
        "SentimentWord": "3",
        "SentimentPolarity": "-1"
      },
      {
        "Aspect": "편의성",
        "SentimentText": "물도금방채워야하고 불편하네요",
        "SentimentWord": "2",
        "SentimentPolarity": "-1"
      }
    ]
  }
]