[
  {
    "Index": "23144",
    "RawText": "흡입성능 대만족이고요!! 작동시 소음이 발생해서 거슬리네요 ㅠ  청소기 마감이나 퀄러티는 훌륭해요~",
    "Source": "쇼핑몰",
    "Domain": "가전",
    "MainCategory": "생활/미용/욕실가전",
    "ProductName": "드리미 샤오미 V10 해외구매",
    "ReviewScore": "5",
    "Syllable": "55",
    "Word": "11",
    "RDate": "20211212",
    "GeneralPolarity": "0",
    "Aspects": [
      {
        "Aspect": "기능",
        "SentimentText": "흡입성능 대만족이고요!! ",
        "SentimentWord": "2",
        "SentimentPolarity": "1"
      },
      {
        "Aspect": "소음",
        "SentimentText": "작동시 소음이 발생해서 거슬리네요 ㅠ ",
        "SentimentWord": "5",
        "SentimentPolarity": "-1"
      },
      {
        "Aspect": "품질",
        "SentimentText": "청소기 마감이나 퀄러티는 훌륭해요~",
        "SentimentWord": "4",
        "SentimentPolarity": "1"
      }
    ]
  },
  {
    "Index": "23145",
    "RawText": "가격이 무척 합리적이에요!!! 아쉬운점은 충전단자가 뒤편에 있어 충전할때마다 눕혀놔야해서 불편해요..... 흡입력은 말할필요없이 좋아요",
    "Source": "쇼핑몰",
    "Domain": "가전",
    "MainCategory": "생활/미용/욕실가전",
    "ProductName": "드리미 샤오미 V10 해외구매",
    "ReviewScore": "5",
    "Syllable": "75",
    "Word": "13",
    "RDate": "20210713",
    "GeneralPolarity": "0",
    "Aspects": [
      {
        "Aspect": "가격",
        "SentimentText": "가격이 무척 합리적이에요!!! ",
        "SentimentWord": "3",
        "SentimentPolarity": "1"
      },
      {
        "Aspect": "편의성",
        "SentimentText": "아쉬운점은 충전단자가 뒤편에 있어 충전할때마다 눕혀놔야해서 불편해요..... ",
        "SentimentWord": "7",
        "SentimentPolarity": "-1"
      },
      {
        "Aspect": "기능",
        "SentimentText": "흡입력은 말할필요없이 좋아요",
        "SentimentWord": "3",
        "SentimentPolarity": "1"
      }
    ]
  },
  {
    "Index": "23146",
    "RawText": "가격이 엄청 저렴해요^^ 헤드가 움직여 침대밑이나 쇼파밑 청소시 편해서 좋음~ 다만 헤드가 기우는 느낌....",
    "Source": "쇼핑몰",
    "Domain": "가전",
    "MainCategory": "생활/미용/욕실가전",
    "ProductName": "드리미 샤오미 V10 해외구매",
    "ReviewScore": "4",
    "Syllable": "61",
    "Word": "14",
    "RDate": "20220428",
    "GeneralPolarity": "1",
    "Aspects": [
      {
        "Aspect": "가격",
        "SentimentText": "가격이 엄청 저렴해요^^ ",
        "SentimentWord": "3",
        "SentimentPolarity": "1"
      },
      {
        "Aspect": "편의성",
        "SentimentText": "헤드가 움직여 침대밑이나 쇼파밑 청소시 편해서 좋음~ ",
        "SentimentWord": "7",
        "SentimentPolarity": "1"
      }
    ]
  },
  {
    "Index": "23148",
    "RawText": "생각보다 흡입력이 짱 좋아요~ 하지만 청소기 소음은 어쩔수 없나봐요..무척 시끄러워요...   연장툴, 거치대 등 옵션 부속품이 좋네요",
    "Source": "쇼핑몰",
    "Domain": "가전",
    "MainCategory": "생활/미용/욕실가전",
    "ProductName": "드리미 샤오미 V10 해외구매",
    "ReviewScore": "4",
    "Syllable": "75",
    "Word": "16",
    "RDate": "20200404",
    "GeneralPolarity": "0",
    "Aspects": [
      {
        "Aspect": "기능",
        "SentimentText": "생각보다 흡입력이 짱 좋아요~ ",
        "SentimentWord": "4",
        "SentimentPolarity": "1"
      },
      {
        "Aspect": "소음",
        "SentimentText": "청소기 소음은 어쩔수 없나봐요..무척 시끄러워요... ",
        "SentimentWord": "5",
        "SentimentPolarity": "-1"
      },
      {
        "Aspect": "제품구성",
        "SentimentText": " 연장툴, 거치대 등 옵션 부속품이 좋네요",
        "SentimentWord": "6",
        "SentimentPolarity": "1"
      }
    ]
  },
  {
    "Index": "23149",
    "RawText": "원거리배송이 일주일걸려 오는걸 처음받아 봤어요. 제품이 가벼워서 청소가 쉬워서 매우 마음에 듭니다. OOO하고 비교해도 전혀 뒤지지않는 먼지흡입력으로 청소가 깔끔하게되서  만족스럽고 유니크한 디자인은 인테리어 소품처럼 눈이 행복하네요 강추해요",
    "Source": "쇼핑몰",
    "Domain": "가전",
    "MainCategory": "생활/미용/욕실가전",
    "ProductName": "드리미 샤오미 V10 해외구매",
    "ReviewScore": "5",
    "Syllable": "135",
    "Word": "27",
    "RDate": "20200416",
    "GeneralPolarity": "1",
    "Aspects": [
      {
        "Aspect": "무게",
        "SentimentText": " 제품이 가벼워서 청소가 쉬워서 매우 마음에 듭니다",
        "SentimentWord": "7",
        "SentimentPolarity": "1"
      },
      {
        "Aspect": "기능",
        "SentimentText": " 먼지흡입력으로 청소가 깔끔하게되서  만족스럽고",
        "SentimentWord": "4",
        "SentimentPolarity": "1"
      },
      {
        "Aspect": "디자인",
        "SentimentText": "유니크한 디자인은 인테리어 소품처럼 눈이 행복하네요",
        "SentimentWord": "6",
        "SentimentPolarity": "1"
      }
    ]
  },
  {
    "Index": "23152",
    "RawText": "작동시 소음이 별로 없어 좋아요~ 가격도 저렴해서 만족이고요~",
    "Source": "쇼핑몰",
    "Domain": "가전",
    "MainCategory": "생활/미용/욕실가전",
    "ProductName": "드리미 샤오미 V10 해외구매",
    "ReviewScore": "5",
    "Syllable": "34",
    "Word": "8",
    "RDate": "20200401",
    "GeneralPolarity": "1",
    "Aspects": [
      {
        "Aspect": "소음",
        "SentimentText": "작동시 소음이 별로 없어 좋아요~",
        "SentimentWord": "5",
        "SentimentPolarity": "1"
      },
      {
        "Aspect": "가격",
        "SentimentText": "가격도 저렴해서 만족이고요~ ",
        "SentimentWord": "3",
        "SentimentPolarity": "1"
      }
    ]
  },
  {
    "Index": "23153",
    "RawText": "파워3단계인데 1단계도 흡입력이 짱이네요!!! 다만 무게가 저한테는 무겁게 느껴지네요 ㅠ",
    "Source": "쇼핑몰",
    "Domain": "가전",
    "MainCategory": "생활/미용/욕실가전",
    "ProductName": "드리미 샤오미 V10 해외구매",
    "ReviewScore": "5",
    "Syllable": "49",
    "Word": "10",
    "RDate": "20200413",
    "GeneralPolarity": "0",
    "Aspects": [
      {
        "Aspect": "기능",
        "SentimentText": "파워3단계인데 1단계도 흡입력이 짱이네요!!! ",
        "SentimentWord": "4",
        "SentimentPolarity": "1"
      },
      {
        "Aspect": "무게",
        "SentimentText": "다만 무게가 저한테는 무겁게 느껴지네요 ㅠ",
        "SentimentWord": "6",
        "SentimentPolarity": "-1"
      }
    ]
  },
  {
    "Index": "23154",
    "RawText": "배터리 충전하는데 시간이 좀 걸리네요..... 다른제품에 비해 흡입력이 좀 딸리는듯해 아쉬워요 하지만 청소하는데 무리는 없어요~아답터는 한국형 돼지코아답터가 함께 와서 만족이구요~~",
    "Source": "쇼핑몰",
    "Domain": "가전",
    "MainCategory": "생활/미용/욕실가전",
    "ProductName": "드리미 샤오미 V10 해외구매",
    "ReviewScore": "5",
    "Syllable": "101",
    "Word": "20",
    "RDate": "20210807",
    "GeneralPolarity": "0",
    "Aspects": [
      {
        "Aspect": "배터리",
        "SentimentText": "배터리 충전하는데 시간이 좀 걸리네요..... ",
        "SentimentWord": "5",
        "SentimentPolarity": "0"
      },
      {
        "Aspect": "기능",
        "SentimentText": "다른제품에 비해 흡입력이 좀 딸리는듯해 아쉬워요",
        "SentimentWord": "6",
        "SentimentPolarity": "-1"
      },
      {
        "Aspect": "제품구성",
        "SentimentText": "아답터는 한국형 돼지코아답터가 함께 와서 만족이구요~~",
        "SentimentWord": "6",
        "SentimentPolarity": "1"
      }
    ]
  },
  {
    "Index": "23155",
    "RawText": "무선이라 걱정했는데 흡입력 유선 못지않게 강력해서 만족스러워요!! 화이트컬러 이쁘고 고급지네요^^",
    "Source": "쇼핑몰",
    "Domain": "가전",
    "MainCategory": "생활/미용/욕실가전",
    "ProductName": "드리미 샤오미 V10 해외구매",
    "ReviewScore": "5",
    "Syllable": "54",
    "Word": "10",
    "RDate": "20200313",
    "GeneralPolarity": "1",
    "Aspects": [
      {
        "Aspect": "기능",
        "SentimentText": "흡입력 유선 못지않게 강력해서 만족스러워요!! ",
        "SentimentWord": "5",
        "SentimentPolarity": "1"
      },
      {
        "Aspect": "색상",
        "SentimentText": "화이트컬러 이쁘고 고급지네요^^",
        "SentimentWord": "3",
        "SentimentPolarity": "1"
      }
    ]
  },
  {
    "Index": "23156",
    "RawText": "디자인 깔끔해서 인테리어랑 너무 잘어울려요~~ 파워최고단계로 했는데도 소리가 조용해서 좋아요^^ 흡인력도 장난아니게 잘빨리고요~대만족입니다.",
    "Source": "쇼핑몰",
    "Domain": "가전",
    "MainCategory": "생활/미용/욕실가전",
    "ProductName": "드리미 샤오미 V10 해외구매",
    "ReviewScore": "5",
    "Syllable": "78",
    "Word": "13",
    "RDate": "20200401",
    "GeneralPolarity": "1",
    "Aspects": [
      {
        "Aspect": "디자인",
        "SentimentText": "디자인 깔끔해서 인테리어랑 너무 잘어울려요~~",
        "SentimentWord": "5",
        "SentimentPolarity": "1"
      },
      {
        "Aspect": "소음",
        "SentimentText": "파워최고단계로 했는데도 소리가 조용해서 좋아요^^",
        "SentimentWord": "5",
        "SentimentPolarity": "1"
      },
      {
        "Aspect": "기능",
        "SentimentText": "흡인력도 장난아니게 잘빨리고요~대만족입니다.",
        "SentimentWord": "3",
        "SentimentPolarity": "1"
      }
    ]
  },
  {
    "Index": "23157",
    "RawText": "가성비 굿이에요!!!! 좀 아쉬운점은  청소시 배터리가 금방 꺼지네요 ㅠ ㅠ",
    "Source": "쇼핑몰",
    "Domain": "가전",
    "MainCategory": "생활/미용/욕실가전",
    "ProductName": "드리미 샤오미 V10 해외구매",
    "ReviewScore": "5",
    "Syllable": "42",
    "Word": "10",
    "RDate": "20200403",
    "GeneralPolarity": "0",
    "Aspects": [
      {
        "Aspect": "가격",
        "SentimentText": "가성비 굿이에요!!!!",
        "SentimentWord": "2",
        "SentimentPolarity": "1"
      },
      {
        "Aspect": "배터리",
        "SentimentText": " 좀 아쉬운점은  청소시 배터리가 금방 꺼지네요 ㅠ ㅠ ",
        "SentimentWord": "8",
        "SentimentPolarity": "-1"
      }
    ]
  },
  {
    "Index": "23159",
    "RawText": "디자인 정말 심플하고 너~무 이쁘네요!!!! 강력한 흡입력은 말할필요없이 좋고요 하지만 계속 버튼을 누르고 있어야해서 많이 불편하네요...",
    "Source": "쇼핑몰",
    "Domain": "가전",
    "MainCategory": "생활/미용/욕실가전",
    "ProductName": "드리미 샤오미 V10 해외구매",
    "ReviewScore": "5",
    "Syllable": "77",
    "Word": "16",
    "RDate": "20200305",
    "GeneralPolarity": "0",
    "Aspects": [
      {
        "Aspect": "디자인",
        "SentimentText": "디자인 정말 심플하고 너~무 이쁘네요!!!! ",
        "SentimentWord": "5",
        "SentimentPolarity": "1"
      },
      {
        "Aspect": "기능",
        "SentimentText": "강력한 흡입력은 말할필요없이 좋고요",
        "SentimentWord": "4",
        "SentimentPolarity": "1"
      },
      {
        "Aspect": "조작성",
        "SentimentText": "계속 버튼을 누르고 있어야해서 많이 불편하네요...",
        "SentimentWord": "6",
        "SentimentPolarity": "-1"
      }
    ]
  },
  {
    "Index": "23160",
    "RawText": "max에서 흡입력 짱!!! 구성품이랑 거치대까지!!정말 만족입니다!! 버튼을 계속 누르고 작동해서 힘들줄 알았는데 의외로 괜찮네요.. 웬만한 청소는 2단계로 깨끗히 청소되요~~ 색상도 깨끗한 화이트라 너~무 이쁘네요 ㅎ",
    "Source": "쇼핑몰",
    "Domain": "가전",
    "MainCategory": "생활/미용/욕실가전",
    "ProductName": "드리미 샤오미 V10 해외구매",
    "ReviewScore": "5",
    "Syllable": "122",
    "Word": "25",
    "RDate": "20201127",
    "GeneralPolarity": "1",
    "Aspects": [
      {
        "Aspect": "기능",
        "SentimentText": "max에서 흡입력 짱!!! ",
        "SentimentWord": "3",
        "SentimentPolarity": "1"
      },
      {
        "Aspect": "제품구성",
        "SentimentText": "구성품이랑 거치대까지!!정말 만족입니다!! ",
        "SentimentWord": "3",
        "SentimentPolarity": "1"
      },
      {
        "Aspect": "조작성",
        "SentimentText": "버튼을 계속 누르고 작동해서 힘들줄 알았는데 의외로 괜찮네요.. ",
        "SentimentWord": "8",
        "SentimentPolarity": "0"
      },
      {
        "Aspect": "기능",
        "SentimentText": "웬만한 청소는 2단계로 깨끗히 청소되요~~",
        "SentimentWord": "5",
        "SentimentPolarity": "1"
      },
      {
        "Aspect": "색상",
        "SentimentText": "색상도 깨끗한 화이트라 너~무 이쁘네요 ㅎ",
        "SentimentWord": "6",
        "SentimentPolarity": "1"
      }
    ]
  },
  {
    "Index": "23161",
    "RawText": "깔끔하니 심플한 디자인 엄청 좋아요! 다만 버튼을 계속 누르면서 청소해야하는데 휴......힘드네요...",
    "Source": "쇼핑몰",
    "Domain": "가전",
    "MainCategory": "생활/미용/욕실가전",
    "ProductName": "드리미 샤오미 V10 해외구매",
    "ReviewScore": "5",
    "Syllable": "58",
    "Word": "11",
    "RDate": "20200501",
    "GeneralPolarity": "0",
    "Aspects": [
      {
        "Aspect": "디자인",
        "SentimentText": "깔끔하니 심플한 디자인 엄청 좋아요! ",
        "SentimentWord": "5",
        "SentimentPolarity": "1"
      },
      {
        "Aspect": "조작성",
        "SentimentText": "다만 버튼을 계속 누르면서 청소해야하는데 휴......힘드네요...",
        "SentimentWord": "6",
        "SentimentPolarity": "-1"
      }
    ]
  },
  {
    "Index": "23162",
    "RawText": "모터에서 엄청 시끄러운 소리가 나서 짜증납니다!!!!! 배터리도 충전해도 금방 소모되고..아..짜증....",
    "Source": "쇼핑몰",
    "Domain": "가전",
    "MainCategory": "생활/미용/욕실가전",
    "ProductName": "드리미 샤오미 V10 해외구매",
    "ReviewScore": "1",
    "Syllable": "59",
    "Word": "10",
    "RDate": "20210928",
    "GeneralPolarity": "-1",
    "Aspects": [
      {
        "Aspect": "소음",
        "SentimentText": "모터에서 엄청 시끄러운 소리가 나서 짜증납니다!!!!! ",
        "SentimentWord": "6",
        "SentimentPolarity": "-1"
      },
      {
        "Aspect": "배터리",
        "SentimentText": "배터리도 충전해도 금방 소모되고..아..짜증....",
        "SentimentWord": "4",
        "SentimentPolarity": "-1"
      }
    ]
  },
  {
    "Index": "23163",
    "RawText": "거치대 설치 번거로워요 ㅠ ㅠ 전세라 나사 못박고...하지만 청소기는  무선이라 이동이 편해서 이방 저방 마구 돌아다니면서 하니 좋네요~",
    "Source": "쇼핑몰",
    "Domain": "가전",
    "MainCategory": "생활/미용/욕실가전",
    "ProductName": "드리미 샤오미 V10 해외구매",
    "ReviewScore": "5",
    "Syllable": "76",
    "Word": "18",
    "RDate": "20210619",
    "GeneralPolarity": "0",
    "Aspects": [
      {
        "Aspect": "제품구성",
        "SentimentText": "거치대 설치 번거로워요 ㅠ ㅠ 전세라 나사 못박고...",
        "SentimentWord": "8",
        "SentimentPolarity": "-1"
      },
      {
        "Aspect": "편의성",
        "SentimentText": "무선이라 이동이 편해서 이방 저방 마구 돌아다니면서 하니 좋네요~",
        "SentimentWord": "9",
        "SentimentPolarity": "1"
      }
    ]
  },
  {
    "Index": "23164",
    "RawText": "제가 쓰고 좋아서 할인행사때 좋은가격으로 구매해서 딸 선물했네요~ 한가지단점은 배터리충전 시간에 비해 쓸때는 금방 꺼지는게 아쉬워요.....",
    "Source": "쇼핑몰",
    "Domain": "가전",
    "MainCategory": "생활/미용/욕실가전",
    "ProductName": "드리미 샤오미 V10 해외구매",
    "ReviewScore": "5",
    "Syllable": "78",
    "Word": "16",
    "RDate": "20200401",
    "GeneralPolarity": "0",
    "Aspects": [
      {
        "Aspect": "가격",
        "SentimentText": "할인행사때 좋은가격으로 구매해서 딸 선물했네요~ ",
        "SentimentWord": "5",
        "SentimentPolarity": "1"
      },
      {
        "Aspect": "배터리",
        "SentimentText": "배터리충전 시간에 비해 쓸때는 금방 꺼지는게 아쉬워요.....",
        "SentimentWord": "7",
        "SentimentPolarity": "-1"
      }
    ]
  },
  {
    "Index": "23167",
    "RawText": "쫙쫙 빨아들이는 성능은....아주 만족!!!! 그런데 충전하는 아댑터가 약하고 돼지코도 유격이 안맞어 허그덕거려요 ㅠㅠ",
    "Source": "쇼핑몰",
    "Domain": "가전",
    "MainCategory": "생활/미용/욕실가전",
    "ProductName": "드리미 샤오미 V10 해외구매",
    "ReviewScore": "5",
    "Syllable": "66",
    "Word": "13",
    "RDate": "20200605",
    "GeneralPolarity": "0",
    "Aspects": [
      {
        "Aspect": "기능",
        "SentimentText": "쫙쫙 빨아들이는 성능은....아주 만족!!!!",
        "SentimentWord": "4",
        "SentimentPolarity": "1"
      },
      {
        "Aspect": "제품구성",
        "SentimentText": "충전하는 아댑터가 약하고 돼지코도 유격이 안맞어 허그덕거려요 ㅠㅠ",
        "SentimentWord": "8",
        "SentimentPolarity": "-1"
      }
    ]
  },
  {
    "Index": "23168",
    "RawText": "주택에서 청소하기 적당한 사이즈라 좋고 무게도 가벼워서 좋고 작동시 소음도 별로 없어 아~주 만족!!",
    "Source": "쇼핑몰",
    "Domain": "가전",
    "MainCategory": "생활/미용/욕실가전",
    "ProductName": "드리미 샤오미 V10 해외구매",
    "ReviewScore": "5",
    "Syllable": "56",
    "Word": "14",
    "RDate": "20200426",
    "GeneralPolarity": "1",
    "Aspects": [
      {
        "Aspect": "사이즈",
        "SentimentText": " 청소하기 적당한 사이즈라 좋고",
        "SentimentWord": "4",
        "SentimentPolarity": "1"
      },
      {
        "Aspect": "무게",
        "SentimentText": "무게도 가벼워서 좋고",
        "SentimentWord": "3",
        "SentimentPolarity": "1"
      },
      {
        "Aspect": "소음",
        "SentimentText": "작동시 소음도 별로 없어 아~주 만족!!",
        "SentimentWord": "6",
        "SentimentPolarity": "1"
      }
    ]
  },
  {
    "Index": "23169",
    "RawText": "청소기 디자인 엄청 깔끔합니다~ 사용하는데 소음도 없고요 가성비 짱이네요~! 무게도 적당한 듯 싶고요~",
    "Source": "쇼핑몰",
    "Domain": "가전",
    "MainCategory": "생활/미용/욕실가전",
    "ProductName": "드리미 샤오미 V10 해외구매",
    "ReviewScore": "5",
    "Syllable": "57",
    "Word": "13",
    "RDate": "20200617",
    "GeneralPolarity": "1",
    "Aspects": [
      {
        "Aspect": "디자인",
        "SentimentText": "청소기 디자인 엄청 깔끔합니다~ ",
        "SentimentWord": "4",
        "SentimentPolarity": "1"
      },
      {
        "Aspect": "소음",
        "SentimentText": "사용하는데 소음도 없고요 ",
        "SentimentWord": "3",
        "SentimentPolarity": "1"
      },
      {
        "Aspect": "무게",
        "SentimentText": "무게도 적당한 듯 싶고요~",
        "SentimentWord": "4",
        "SentimentPolarity": "1"
      },
      {
        "Aspect": "가격",
        "SentimentText": "가성비 짱이네요~!",
        "SentimentWord": "2",
        "SentimentPolarity": "1"
      }
    ]
  },
  {
    "Index": "23170",
    "RawText": "흡입력이 상당히 좋네요 굿굿 튼튼하고 흠짐없이 아주 질 좋은 제품이라 추천드립니다 단 헤드부분 무게가 좀 있긴하네요 ㅠㅠ;; 그래도 가격대비 가성비가 월등히 좋아서 만족해요",
    "Source": "쇼핑몰",
    "Domain": "가전",
    "MainCategory": "생활/미용/욕실가전",
    "ProductName": "드리미 샤오미 V10 해외구매",
    "ReviewScore": "5",
    "Syllable": "96",
    "Word": "23",
    "RDate": "20210828",
    "GeneralPolarity": "1",
    "Aspects": [
      {
        "Aspect": "기능",
        "SentimentText": "흡입력이 상당히 좋네요 굿굿",
        "SentimentWord": "4",
        "SentimentPolarity": "1"
      },
      {
        "Aspect": "품질",
        "SentimentText": "튼튼하고 흠짐없이 아주 질 좋은 제품이라 추천드립니다",
        "SentimentWord": "7",
        "SentimentPolarity": "1"
      },
      {
        "Aspect": "무게",
        "SentimentText": "단 헤드부분 무게가 좀 있긴하네요 ㅠㅠ;;",
        "SentimentWord": "6",
        "SentimentPolarity": "-1"
      },
      {
        "Aspect": "가격",
        "SentimentText": "그래도 가격대비 가성비가 월등히 좋아서 만족해요",
        "SentimentWord": "6",
        "SentimentPolarity": "1"
      }
    ]
  },
  {
    "Index": "23171",
    "RawText": "성능면에서는 타사제품 압도하네요 대신 가격이 조금 비싸긴 합니다..",
    "Source": "쇼핑몰",
    "Domain": "가전",
    "MainCategory": "생활/미용/욕실가전",
    "ProductName": "드리미 샤오미 V10 해외구매",
    "ReviewScore": "4",
    "Syllable": "37",
    "Word": "8",
    "RDate": "20210613",
    "GeneralPolarity": "0",
    "Aspects": [
      {
        "Aspect": "기능",
        "SentimentText": "성능면에서는 타사제품 압도하네요",
        "SentimentWord": "3",
        "SentimentPolarity": "1"
      },
      {
        "Aspect": "가격",
        "SentimentText": "대신 가격이 조금 비싸긴 합니다..",
        "SentimentWord": "5",
        "SentimentPolarity": "-1"
      }
    ]
  },
  {
    "Index": "23173",
    "RawText": "청소기 흡입력 성능이 상당히 좋아서 만족해요 소음도 생각보다 크지 않아서 좋네요.",
    "Source": "쇼핑몰",
    "Domain": "가전",
    "MainCategory": "생활/미용/욕실가전",
    "ProductName": "드리미 샤오미 V10 해외구매",
    "ReviewScore": "5",
    "Syllable": "45",
    "Word": "11",
    "RDate": "20200402",
    "GeneralPolarity": "1",
    "Aspects": [
      {
        "Aspect": "기능",
        "SentimentText": "청소기 흡입력 성능이 상당히 좋아서 만족해요",
        "SentimentWord": "6",
        "SentimentPolarity": "1"
      },
      {
        "Aspect": "소음",
        "SentimentText": "소음도 생각보다 크지 않아서 좋네요.",
        "SentimentWord": "5",
        "SentimentPolarity": "1"
      }
    ]
  },
  {
    "Index": "23174",
    "RawText": "무게감이 조금 있을것 같았는데 생각보다 안무거워서 좋네요^^ 그립감이 상당히 좋아서 마음에 들어요^^",
    "Source": "쇼핑몰",
    "Domain": "가전",
    "MainCategory": "생활/미용/욕실가전",
    "ProductName": "드리미 샤오미 V10 해외구매",
    "ReviewScore": "5",
    "Syllable": "56",
    "Word": "12",
    "RDate": "20220706",
    "GeneralPolarity": "1",
    "Aspects": [
      {
        "Aspect": "무게",
        "SentimentText": "무게감이 조금 있을것 같았는데 생각보다 안무거워서 좋네요^^",
        "SentimentWord": "7",
        "SentimentPolarity": "1"
      },
      {
        "Aspect": "조작성",
        "SentimentText": "그립감이 상당히 좋아서 마음에 들어요^^",
        "SentimentWord": "5",
        "SentimentPolarity": "1"
      }
    ]
  },
  {
    "Index": "23175",
    "RawText": "흡입력이 생각보다 세지 않아서 좀 아쉬워요 소음도 약간 심하게 들려서 난감합니다 ㅠㅠ",
    "Source": "쇼핑몰",
    "Domain": "가전",
    "MainCategory": "생활/미용/욕실가전",
    "ProductName": "드리미 샤오미 V10 해외구매",
    "ReviewScore": "3",
    "Syllable": "47",
    "Word": "12",
    "RDate": "20210717",
    "GeneralPolarity": "-1",
    "Aspects": [
      {
        "Aspect": "기능",
        "SentimentText": "흡입력이 생각보다 세지 않아서 좀 아쉬워요",
        "SentimentWord": "6",
        "SentimentPolarity": "-1"
      },
      {
        "Aspect": "소음",
        "SentimentText": "소음도 약간 심하게 들려서 난감합니다 ㅠㅠ",
        "SentimentWord": "6",
        "SentimentPolarity": "-1"
      }
    ]
  },
  {
    "Index": "23177",
    "RawText": "흡입력이 너무 좋아서 청소할 맛 나요^^ 전원키고 작동하는 시간이 엄청 빨라서 좋네요 굿굿",
    "Source": "쇼핑몰",
    "Domain": "가전",
    "MainCategory": "생활/미용/욕실가전",
    "ProductName": "드리미 샤오미 V10 해외구매",
    "ReviewScore": "5",
    "Syllable": "50",
    "Word": "13",
    "RDate": "20211118",
    "GeneralPolarity": "1",
    "Aspects": [
      {
        "Aspect": "기능",
        "SentimentText": "흡입력이 너무 좋아서 청소할 맛 나요^^",
        "SentimentWord": "6",
        "SentimentPolarity": "1"
      },
      {
        "Aspect": "시간/속도",
        "SentimentText": "전원키고 작동하는 시간이 엄청 빨라서 좋네요 굿굿",
        "SentimentWord": "7",
        "SentimentPolarity": "1"
      }
    ]
  },
  {
    "Index": "23179",
    "RawText": "화이트계열의 깔끔한 디자인이 너무 이쁘네요 흡입성능도 월등해서 청소하기에 좋네요 가격이 너무 저렴해서 정말 가성비 1등제품입니다 최고^^",
    "Source": "쇼핑몰",
    "Domain": "가전",
    "MainCategory": "생활/미용/욕실가전",
    "ProductName": "드리미 샤오미 V10 해외구매",
    "ReviewScore": "5",
    "Syllable": "76",
    "Word": "16",
    "RDate": "20200510",
    "GeneralPolarity": "1",
    "Aspects": [
      {
        "Aspect": "디자인",
        "SentimentText": "화이트계열의 깔끔한 디자인이 너무 이쁘네요",
        "SentimentWord": "5",
        "SentimentPolarity": "1"
      },
      {
        "Aspect": "기능",
        "SentimentText": "흡입성능도 월등해서 청소하기에 좋네요",
        "SentimentWord": "4",
        "SentimentPolarity": "1"
      },
      {
        "Aspect": "가격",
        "SentimentText": "가격이 너무 저렴해서 정말 가성비 1등제품입니다 최고^^",
        "SentimentWord": "7",
        "SentimentPolarity": "1"
      }
    ]
  },
  {
    "Index": "23180",
    "RawText": "흡입이 강해서 집안이 깨끗해지니 기분 좋습니다 내장배터리가 있어서 연결안해도 작동가능한점이 좋습니다",
    "Source": "쇼핑몰",
    "Domain": "가전",
    "MainCategory": "생활/미용/욕실가전",
    "ProductName": "레노버 클린스테이션 T1S PRO 일반구매",
    "ReviewScore": "5",
    "Syllable": "55",
    "Word": "11",
    "RDate": "20210629",
    "GeneralPolarity": "1",
    "Aspects": [
      {
        "Aspect": "기능",
        "SentimentText": "흡입이 강해서 집안이 깨끗해지니 기분 좋습니다",
        "SentimentWord": "6",
        "SentimentPolarity": "1"
      },
      {
        "Aspect": "배터리",
        "SentimentText": "내장배터리가 있어서 연결안해도 작동가능한점이 좋습니다",
        "SentimentWord": "5",
        "SentimentPolarity": "1"
      }
    ]
  },
  {
    "Index": "23181",
    "RawText": "방문턱도 잘 넘어가고 인식기능이 정말 최고입니다!! 먼지 자동으로 털어주는 기능 신기하고 좋네요 대신 소음이 좀 커서 흠칫 놀랄정도에요 ㅠㅠ",
    "Source": "쇼핑몰",
    "Domain": "가전",
    "MainCategory": "생활/미용/욕실가전",
    "ProductName": "레노버 클린스테이션 T1S PRO 일반구매",
    "ReviewScore": "4",
    "Syllable": "78",
    "Word": "19",
    "RDate": "20210531",
    "GeneralPolarity": "1",
    "Aspects": [
      {
        "Aspect": "기능",
        "SentimentText": "방문턱도 잘 넘어가고 인식기능이 정말 최고입니다!!",
        "SentimentWord": "6",
        "SentimentPolarity": "1"
      },
      {
        "Aspect": "기능",
        "SentimentText": "먼지 자동으로 털어주는 기능 신기하고 좋네요",
        "SentimentWord": "6",
        "SentimentPolarity": "1"
      },
      {
        "Aspect": "소음",
        "SentimentText": "대신 소음이 좀 커서 흠칫 놀랄정도에요 ㅠㅠ",
        "SentimentWord": "7",
        "SentimentPolarity": "-1"
      }
    ]
  },
  {
    "Index": "23182",
    "RawText": "소음이 좀 시끄러워서 아쉬워요 ㅠㅠ 그래도 길 잘 찾아다니면서 구석구석 다니니 만족해요!",
    "Source": "쇼핑몰",
    "Domain": "가전",
    "MainCategory": "생활/미용/욕실가전",
    "ProductName": "레노버 클린스테이션 T1S PRO 일반구매",
    "ReviewScore": "5",
    "Syllable": "49",
    "Word": "12",
    "RDate": "20210209",
    "GeneralPolarity": "0",
    "Aspects": [
      {
        "Aspect": "소음",
        "SentimentText": "소음이 좀 시끄러워서 아쉬워요 ㅠㅠ",
        "SentimentWord": "5",
        "SentimentPolarity": "-1"
      },
      {
        "Aspect": "기능",
        "SentimentText": "그래도 길 잘 찾아다니면서 구석구석 다니니 만족해요!",
        "SentimentWord": "7",
        "SentimentPolarity": "1"
      }
    ]
  },
  {
    "Index": "23184",
    "RawText": "흡입시 소음이 조금 크긴하네요 이부분이 조금 아쉬워요ㅠㅠ 그리고 아직 처음이라서 그런지 인식조절하기가 여간 까다롭네요 ㅠㅠ 어려워요",
    "Source": "쇼핑몰",
    "Domain": "가전",
    "MainCategory": "생활/미용/욕실가전",
    "ProductName": "레노버 클린스테이션 T1S PRO 일반구매",
    "ReviewScore": "5",
    "Syllable": "73",
    "Word": "16",
    "RDate": "20210628",
    "GeneralPolarity": "-1",
    "Aspects": [
      {
        "Aspect": "소음",
        "SentimentText": "흡입시 소음이 조금 크긴하네요 이부분이 조금 아쉬워요ㅠㅠ",
        "SentimentWord": "7",
        "SentimentPolarity": "-1"
      },
      {
        "Aspect": "조작성",
        "SentimentText": "그리고 아직 처음이라서 그런지 인식조절하기가 여간 까다롭네요 ㅠㅠ 어려워요",
        "SentimentWord": "9",
        "SentimentPolarity": "-1"
      }
    ]
  },
  {
    "Index": "23185",
    "RawText": "디자인이 생각보다 모던해서 맘에 들어요 행사기간에 세일쿠폰으로 저렴하게 사서 기분 좋습니다^^",
    "Source": "쇼핑몰",
    "Domain": "가전",
    "MainCategory": "생활/미용/욕실가전",
    "ProductName": "레노버 클린스테이션 T1S PRO 일반구매",
    "ReviewScore": "5",
    "Syllable": "52",
    "Word": "11",
    "RDate": "20210908",
    "GeneralPolarity": "1",
    "Aspects": [
      {
        "Aspect": "디자인",
        "SentimentText": "디자인이 생각보다 모던해서 맘에 들어요",
        "SentimentWord": "5",
        "SentimentPolarity": "1"
      },
      {
        "Aspect": "가격",
        "SentimentText": "행사기간에 세일쿠폰으로 저렴하게 사서 기분 좋습니다^^",
        "SentimentWord": "6",
        "SentimentPolarity": "1"
      }
    ]
  },
  {
    "Index": "23186",
    "RawText": "방문턱 다 인식하니 너무 좋네요 그리고 슬림한 디자인이라 이쁘구요^^ 대신 소음이 생각보다 커서 놀랬네요ㅠㅠ;;",
    "Source": "쇼핑몰",
    "Domain": "가전",
    "MainCategory": "생활/미용/욕실가전",
    "ProductName": "레노버 클린스테이션 T1S PRO 일반구매",
    "ReviewScore": "4",
    "Syllable": "62",
    "Word": "14",
    "RDate": "20210410",
    "GeneralPolarity": "1",
    "Aspects": [
      {
        "Aspect": "기능",
        "SentimentText": "방문턱 다 인식하니 너무 좋네요",
        "SentimentWord": "5",
        "SentimentPolarity": "1"
      },
      {
        "Aspect": "디자인",
        "SentimentText": "그리고 슬림한 디자인이라 이쁘구요^^",
        "SentimentWord": "4",
        "SentimentPolarity": "1"
      },
      {
        "Aspect": "소음",
        "SentimentText": "대신 소음이 생각보다 커서 놀랬네요ㅠㅠ;;",
        "SentimentWord": "5",
        "SentimentPolarity": "-1"
      }
    ]
  },
  {
    "Index": "23190",
    "RawText": "청소기 틀어놓기만해도 알아서 잘 청소해주는 기능덕분에 삶이 더 쾌적해져서 좋아요 색상도 심플해서 어디든 잘어울려요 ^^",
    "Source": "쇼핑몰",
    "Domain": "가전",
    "MainCategory": "생활/미용/욕실가전",
    "ProductName": "로보락 S7 MaxV Ultra 일반구매",
    "ReviewScore": "5",
    "Syllable": "66",
    "Word": "15",
    "RDate": "20220714",
    "GeneralPolarity": "1",
    "Aspects": [
      {
        "Aspect": "기능",
        "SentimentText": "청소기 틀어놓기만해도 알아서 잘 청소해주는 기능덕분에 삶이 더 쾌적해져서 좋아요",
        "SentimentWord": "10",
        "SentimentPolarity": "1"
      },
      {
        "Aspect": "색상",
        "SentimentText": "색상도 심플해서 어디든 잘어울려요 ^^",
        "SentimentWord": "5",
        "SentimentPolarity": "1"
      }
    ]
  },
  {
    "Index": "23194",
    "RawText": "기본적인 것외에도 물걸레 청소 기능까지 더해져 정말 완벽하네요^^ 그리고 무선이라 편의성이 너무 좋습니다. 강력추천합니다",
    "Source": "쇼핑몰",
    "Domain": "가전",
    "MainCategory": "생활/미용/욕실가전",
    "ProductName": "로보락 S7 MaxV Ultra 일반구매",
    "ReviewScore": "5",
    "Syllable": "67",
    "Word": "14",
    "RDate": "20220715",
    "GeneralPolarity": "1",
    "Aspects": [
      {
        "Aspect": "기능",
        "SentimentText": "기본적인 것외에도 물걸레 청소 기능까지 더해져 정말 완벽하네요^^",
        "SentimentWord": "8",
        "SentimentPolarity": "1"
      },
      {
        "Aspect": "편의성",
        "SentimentText": "그리고 무선이라 편의성이 너무 좋습니다. 강력추천합니다",
        "SentimentWord": "6",
        "SentimentPolarity": "1"
      }
    ]
  },
  {
    "Index": "23196",
    "RawText": "확실히 비싼만큼 더 좋아진 퀄리티입니다 정말 동급대비 최고상품입니다 물체에 걸려서 멈추지 않고 잘 인식하여 청소해서 맘에 듭니다 물걸레 기능까지 있으니 청소할 맛나네요^^",
    "Source": "쇼핑몰",
    "Domain": "가전",
    "MainCategory": "생활/미용/욕실가전",
    "ProductName": "로보락 S7 MaxV Ultra 일반구매",
    "ReviewScore": "5",
    "Syllable": "95",
    "Word": "22",
    "RDate": "20220702",
    "GeneralPolarity": "1",
    "Aspects": [
      {
        "Aspect": "품질",
        "SentimentText": "확실히 비싼만큼 더 좋아진 퀄리티입니다 정말 동급대비 최고상품입니다",
        "SentimentWord": "8",
        "SentimentPolarity": "1"
      },
      {
        "Aspect": "기능",
        "SentimentText": "물체에 걸려서 멈추지 않고 잘 인식하여 청소해서 맘에 듭니다",
        "SentimentWord": "9",
        "SentimentPolarity": "1"
      },
      {
        "Aspect": "기능",
        "SentimentText": "물걸레 기능까지 있으니 청소할 맛나네요^^",
        "SentimentWord": "5",
        "SentimentPolarity": "1"
      }
    ]
  },
  {
    "Index": "23197",
    "RawText": "가격은 비싸지만 최고의 성능을 자랑하네요 정말 잘샀습니다^^ 물걸레 자동세척하고 먼지통 자동 비움이 정말 편하고 좋습니다 높은 턱도 잘 넘어다니며 어두운 곳에서는 flash를 키는 인식기능까지 완벽합니다 최고에요!!",
    "Source": "쇼핑몰",
    "Domain": "가전",
    "MainCategory": "생활/미용/욕실가전",
    "ProductName": "로보락 S7 MaxV Ultra 일반구매",
    "ReviewScore": "5",
    "Syllable": "120",
    "Word": "26",
    "RDate": "20220629",
    "GeneralPolarity": "1",
    "Aspects": [
      {
        "Aspect": "기능",
        "SentimentText": "가격은 비싸지만 최고의 성능을 자랑하네요 정말 잘샀습니다^^",
        "SentimentWord": "7",
        "SentimentPolarity": "1"
      },
      {
        "Aspect": "편의성",
        "SentimentText": "물걸레 자동세척하고 먼지통 자동 비움이 정말 편하고 좋습니다",
        "SentimentWord": "8",
        "SentimentPolarity": "1"
      },
      {
        "Aspect": "기능",
        "SentimentText": "높은 턱도 잘 넘어다니며 어두운 곳에서는 flash를 키는 인식기능까지 완벽합니다 최고에요!!",
        "SentimentWord": "11",
        "SentimentPolarity": "1"
      }
    ]
  },
  {
    "Index": "23198",
    "RawText": "가격은 비싸지만 성능은 최상급을 자랑할정도로 아주 좋습니다!!! 다만 맵핑시 내려간다거나 바퀴가 걸리는 약간의 불편함이 있습니다 ㅠㅠ 조작방법이 꽤 어렵네요 ㅠㅠ",
    "Source": "쇼핑몰",
    "Domain": "가전",
    "MainCategory": "생활/미용/욕실가전",
    "ProductName": "로보락 S7 MaxV Ultra 일반구매",
    "ReviewScore": "5",
    "Syllable": "90",
    "Word": "20",
    "RDate": "20220828",
    "GeneralPolarity": "0",
    "Aspects": [
      {
        "Aspect": "품질",
        "SentimentText": "가격은 비싸지만 성능은 최상급을 자랑할정도로 아주 좋습니다!!!",
        "SentimentWord": "7",
        "SentimentPolarity": "1"
      },
      {
        "Aspect": "조작성",
        "SentimentText": "다만 맵핑시 내려간다거나 바퀴가 걸리는 약간의 불편함이 있습니다 ㅠㅠ 조작방법이 꽤 어렵네요 ㅠㅠ",
        "SentimentWord": "13",
        "SentimentPolarity": "-1"
      }
    ]
  },
  {
    "Index": "23199",
    "RawText": "가격이 너무 비싸서 고민했는데 퀄리티 장난 아닙니다 진작 살껄.. 완전 추천드려요!! 그리고 장애물 알아서 피하면서 구석구석 쓸고 닦다니 정말 최고에요 먼지흡입에 걸레청소까지 해줘서 정말 편하네요 인생청소템입니다^^",
    "Source": "쇼핑몰",
    "Domain": "가전",
    "MainCategory": "생활/미용/욕실가전",
    "ProductName": "로보락 S7 MaxV Ultra 일반구매",
    "ReviewScore": "5",
    "Syllable": "120",
    "Word": "26",
    "RDate": "20220829",
    "GeneralPolarity": "1",
    "Aspects": [
      {
        "Aspect": "품질",
        "SentimentText": "가격이 너무 비싸서 고민했는데 퀄리티 장난 아닙니다 진작 살껄.. 완전 추천드려요!!",
        "SentimentWord": "11",
        "SentimentPolarity": "1"
      },
      {
        "Aspect": "기능",
        "SentimentText": "그리고 장애물 알아서 피하면서 구석구석 쓸고 닦다니 정말 최고에요",
        "SentimentWord": "9",
        "SentimentPolarity": "1"
      },
      {
        "Aspect": "편의성",
        "SentimentText": "먼지흡입에 걸레청소까지 해줘서 정말 편하네요 인생청소템입니다^^",
        "SentimentWord": "6",
        "SentimentPolarity": "1"
      }
    ]
  },
  {
    "Index": "23200",
    "RawText": "세일행사기간 기다렸다가 좀 더 저렴한 가격으로 구매해서 기분이 좋네요^^ 사은품으로 열풍키트도 받게 돼서 너무 감동입니다-",
    "Source": "쇼핑몰",
    "Domain": "가전",
    "MainCategory": "생활/미용/욕실가전",
    "ProductName": "로보락 S7 MaxV Ultra 일반구매",
    "ReviewScore": "5",
    "Syllable": "68",
    "Word": "15",
    "RDate": "20220827",
    "GeneralPolarity": "1",
    "Aspects": [
      {
        "Aspect": "가격",
        "SentimentText": "세일행사기간 기다렸다가 좀 더 저렴한 가격으로 구매해서 기분이 좋네요^^",
        "SentimentWord": "9",
        "SentimentPolarity": "1"
      },
      {
        "Aspect": "제품구성",
        "SentimentText": "사은품으로 열풍키트도 받게 돼서 너무 감동입니다-",
        "SentimentWord": "6",
        "SentimentPolarity": "1"
      }
    ]
  },
  {
    "Index": "23206",
    "RawText": "기계 무게가 상당히 나가서 좀 아쉬워요 그래도 색상이 깔끔하니 마음에 듭니다",
    "Source": "쇼핑몰",
    "Domain": "가전",
    "MainCategory": "생활/미용/욕실가전",
    "ProductName": "로보락 S7 MaxV Ultra 일반구매",
    "ReviewScore": "5",
    "Syllable": "42",
    "Word": "11",
    "RDate": "20220708",
    "GeneralPolarity": "0",
    "Aspects": [
      {
        "Aspect": "무게",
        "SentimentText": "기계 무게가 상당히 나가서 좀 아쉬워요",
        "SentimentWord": "6",
        "SentimentPolarity": "-1"
      },
      {
        "Aspect": "색상",
        "SentimentText": "그래도 색상이 깔끔하니 마음에 듭니다",
        "SentimentWord": "5",
        "SentimentPolarity": "1"
      }
    ]
  },
  {
    "Index": "23211",
    "RawText": "청소 흡입 기능 너무 좋아서 만족하며 사용중입니다 ^^ 그런데 열풍건조기 사은품 주는줄 알았는데 ;;; 아니라고 해서 좀 황당하네요",
    "Source": "쇼핑몰",
    "Domain": "가전",
    "MainCategory": "생활/미용/욕실가전",
    "ProductName": "로보락 S7 MaxV Ultra 일반구매",
    "ReviewScore": "4",
    "Syllable": "73",
    "Word": "18",
    "RDate": "20220829",
    "GeneralPolarity": "0",
    "Aspects": [
      {
        "Aspect": "기능",
        "SentimentText": "청소 흡입 기능 너무 좋아서 만족하며 사용중입니다 ^^",
        "SentimentWord": "8",
        "SentimentPolarity": "1"
      },
      {
        "Aspect": "제품구성",
        "SentimentText": "그런데 열풍건조기 사은품 주는줄 알았는데 ;;; 아니라고 해서 좀 황당하네요 ",
        "SentimentWord": "10",
        "SentimentPolarity": "-1"
      }
    ]
  },
  {
    "Index": "23212",
    "RawText": "청소기가 걸레 알아서 세척하니까 너무 편하네요 무엇보다 청소흡입기능이 좋아서 청소하기 너무 좋습니다",
    "Source": "쇼핑몰",
    "Domain": "가전",
    "MainCategory": "생활/미용/욕실가전",
    "ProductName": "로보락 S7 MaxV Ultra 일반구매",
    "ReviewScore": "5",
    "Syllable": "55",
    "Word": "12",
    "RDate": "20220628",
    "GeneralPolarity": "1",
    "Aspects": [
      {
        "Aspect": "편의성",
        "SentimentText": "청소기가 걸레 알아서 세척하니까 너무 편하네요",
        "SentimentWord": "6",
        "SentimentPolarity": "1"
      },
      {
        "Aspect": "기능",
        "SentimentText": "무엇보다 청소흡입기능이 좋아서 청소하기 너무 좋습니다",
        "SentimentWord": "6",
        "SentimentPolarity": "1"
      }
    ]
  },
  {
    "Index": "23221",
    "RawText": "비싸도 가격이상으로 퀄리티가 뛰어나서 잘샀습니다 흡입, 물걸레 등 다양한 청소기능 덕분에 편리함 느끼며 청소하네요 굿굿",
    "Source": "쇼핑몰",
    "Domain": "가전",
    "MainCategory": "생활/미용/욕실가전",
    "ProductName": "로보락 S7 MaxV Ultra 일반구매",
    "ReviewScore": "4",
    "Syllable": "66",
    "Word": "15",
    "RDate": "20220629",
    "GeneralPolarity": "1",
    "Aspects": [
      {
        "Aspect": "품질",
        "SentimentText": "비싸도 가격이상으로 퀄리티가 뛰어나서 잘샀습니다",
        "SentimentWord": "5",
        "SentimentPolarity": "1"
      },
      {
        "Aspect": "기능",
        "SentimentText": "흡입, 물걸레 등 다양한 청소기능 덕분에 편리함 느끼며 청소하네요 굿굿",
        "SentimentWord": "10",
        "SentimentPolarity": "1"
      }
    ]
  },
  {
    "Index": "23222",
    "RawText": "로봇청소기의 방바닥 인식기능으로 구석구석 청소되는게 너무 맘에 듭니다 걸레질 후 자동 세척되어서 너무 편해요 최고입니다",
    "Source": "쇼핑몰",
    "Domain": "가전",
    "MainCategory": "생활/미용/욕실가전",
    "ProductName": "로보락 S7 MaxV Ultra 일반구매",
    "ReviewScore": "5",
    "Syllable": "66",
    "Word": "15",
    "RDate": "20220801",
    "GeneralPolarity": "1",
    "Aspects": [
      {
        "Aspect": "기능",
        "SentimentText": "로봇청소기의 방바닥 인식기능으로 구석구석 청소되는게 너무 맘에 듭니다",
        "SentimentWord": "8",
        "SentimentPolarity": "1"
      },
      {
        "Aspect": "편의성",
        "SentimentText": "걸레질 후 자동 세척되어서 너무 편해요 최고입니다",
        "SentimentWord": "7",
        "SentimentPolarity": "1"
      }
    ]
  },
  {
    "Index": "23225",
    "RawText": "로봇청소기 첨 써보는데 너무 똑똑하게 인식하니까 맘에 드네요 물걸레질 후에 빨기도 하니 정말 편해서 좋네요 강추에요!!!",
    "Source": "쇼핑몰",
    "Domain": "가전",
    "MainCategory": "생활/미용/욕실가전",
    "ProductName": "로보락 S7 MaxV Ultra 일반구매",
    "ReviewScore": "5",
    "Syllable": "67",
    "Word": "16",
    "RDate": "20220830",
    "GeneralPolarity": "1",
    "Aspects": [
      {
        "Aspect": "기능",
        "SentimentText": "로봇청소기 첨 써보는데 너무 똑똑하게 인식하니까 맘에 드네요",
        "SentimentWord": "8",
        "SentimentPolarity": "1"
      },
      {
        "Aspect": "편의성",
        "SentimentText": "물걸레질 후에 빨기도 하니 정말 편해서 좋네요 강추에요!!!",
        "SentimentWord": "8",
        "SentimentPolarity": "1"
      }
    ]
  },
  {
    "Index": "23229",
    "RawText": "청소 범위를 구역별로 알아서 스캔하는 기능덕분에 구역별로 청소가능하네요 대박입니다 색상도 깔끔하니 집안분위기 살려주네요 굿굿",
    "Source": "쇼핑몰",
    "Domain": "가전",
    "MainCategory": "생활/미용/욕실가전",
    "ProductName": "로보락 S7 MaxV Ultra 일반구매",
    "ReviewScore": "5",
    "Syllable": "69",
    "Word": "14",
    "RDate": "20220715",
    "GeneralPolarity": "1",
    "Aspects": [
      {
        "Aspect": "기능",
        "SentimentText": "청소 범위를 구역별로 알아서 스캔하는 기능덕분에 구역별로 청소가능하네요 대박입니다",
        "SentimentWord": "9",
        "SentimentPolarity": "1"
      },
      {
        "Aspect": "색상",
        "SentimentText": "색상도 깔끔하니 집안분위기 살려주네요 굿굿",
        "SentimentWord": "5",
        "SentimentPolarity": "1"
      }
    ]
  },
  {
    "Index": "23230",
    "RawText": "기능면에서 타사대비 넘사벽이네요 최고입니다 소음도 없이 조용하고 대박 만족합니다.",
    "Source": "쇼핑몰",
    "Domain": "가전",
    "MainCategory": "생활/미용/욕실가전",
    "ProductName": "로보락 S7 MaxV Ultra 일반구매",
    "ReviewScore": "5",
    "Syllable": "45",
    "Word": "9",
    "RDate": "20220829",
    "GeneralPolarity": "1",
    "Aspects": [
      {
        "Aspect": "기능",
        "SentimentText": "기능면에서 타사대비 넘사벽이네요 최고입니다",
        "SentimentWord": "4",
        "SentimentPolarity": "1"
      },
      {
        "Aspect": "소음",
        "SentimentText": "소음도 없이 조용하고 대박 만족합니다.",
        "SentimentWord": "5",
        "SentimentPolarity": "1"
      }
    ]
  },
  {
    "Index": "23231",
    "RawText": "가격대가 부담이지만 극강의 퀄리티입니다 진짜 대박이에요 깨지지 않는 알루미늄 합성 소재라 안심하고 사용할수있어 좋아요",
    "Source": "쇼핑몰",
    "Domain": "가전",
    "MainCategory": "생활/미용/욕실가전",
    "ProductName": "로보락 S7 MaxV Ultra 일반구매",
    "ReviewScore": "5",
    "Syllable": "65",
    "Word": "14",
    "RDate": "20220830",
    "GeneralPolarity": "1",
    "Aspects": [
      {
        "Aspect": "품질",
        "SentimentText": "가격대가 부담이지만 극강의 퀄리티입니다 진짜 대박이에요",
        "SentimentWord": "6",
        "SentimentPolarity": "1"
      },
      {
        "Aspect": "소재",
        "SentimentText": "깨지지 않는 알루미늄 합성 소재라 안심하고 사용할수있어 좋아요",
        "SentimentWord": "8",
        "SentimentPolarity": "1"
      }
    ]
  },
  {
    "Index": "23232",
    "RawText": "인식기능이 있어서 충돌없이 청소 잘하니 만족해요 물걸레기능도 있어서 깨끗하게 닦여 만족합니다.",
    "Source": "쇼핑몰",
    "Domain": "가전",
    "MainCategory": "생활/미용/욕실가전",
    "ProductName": "로보락 S7 MaxV Ultra 일반구매",
    "ReviewScore": "5",
    "Syllable": "52",
    "Word": "11",
    "RDate": "20220707",
    "GeneralPolarity": "1",
    "Aspects": [
      {
        "Aspect": "기능",
        "SentimentText": "인식기능이 있어서 충돌없이 청소 잘하니 만족해요",
        "SentimentWord": "6",
        "SentimentPolarity": "1"
      },
      {
        "Aspect": "기능",
        "SentimentText": "물걸레기능도 있어서 깨끗하게 닦여 만족합니다.",
        "SentimentWord": "5",
        "SentimentPolarity": "1"
      }
    ]
  },
  {
    "Index": "23239",
    "RawText": "흡입력이 좋아 청소도 잘되고 타이머를 설정하니 알아서 잘 해주네요^^ 소음은 많이 시끄러운 편은 아닌데 그래도 거슬리네요ㅜㅜ",
    "Source": "쇼핑몰",
    "Domain": "가전",
    "MainCategory": "생활/미용/욕실가전",
    "ProductName": "로보락 S7 MaxV Ultra 일반구매",
    "ReviewScore": "5",
    "Syllable": "69",
    "Word": "16",
    "RDate": "20220716",
    "GeneralPolarity": "0",
    "Aspects": [
      {
        "Aspect": "기능",
        "SentimentText": "흡입력이 좋아 청소도 잘되고",
        "SentimentWord": "4",
        "SentimentPolarity": "1"
      },
      {
        "Aspect": "조작성",
        "SentimentText": "타이머를 설정하니 알아서 잘 해주네요^^",
        "SentimentWord": "5",
        "SentimentPolarity": "1"
      },
      {
        "Aspect": "소음",
        "SentimentText": "소음은 많이 시끄러운 편은 아닌데 그래도 거슬리네요ㅜㅜ",
        "SentimentWord": "7",
        "SentimentPolarity": "-1"
      }
    ]
  },
  {
    "Index": "23240",
    "RawText": "물걸래 청소도 되고 원하는 해당구역만 따로 청소할수 있으니 완전 대박이네요. 비싼 가격인데 행사가로 조금 저렴하게 잘 산거같아서 기분이 더욱 좋네요.",
    "Source": "쇼핑몰",
    "Domain": "가전",
    "MainCategory": "생활/미용/욕실가전",
    "ProductName": "로보락 S7 MaxV Ultra 일반구매",
    "ReviewScore": "5",
    "Syllable": "83",
    "Word": "20",
    "RDate": "20220828",
    "GeneralPolarity": "1",
    "Aspects": [
      {
        "Aspect": "기능",
        "SentimentText": "물걸래 청소도 되고 원하는 해당구역만 따로 청소할수 있으니 완전 대박이네요",
        "SentimentWord": "10",
        "SentimentPolarity": "1"
      },
      {
        "Aspect": "가격",
        "SentimentText": "비싼 가격인데 행사가로 조금 저렴하게 잘 산거같아서 기분이 더욱 좋네요",
        "SentimentWord": "10",
        "SentimentPolarity": "1"
      }
    ]
  },
  {
    "Index": "23241",
    "RawText": "물걸레 기능 뿐만 아니라 세척 자동 기능까지 있어서 너무 좋아요. 이젠 걸레 안빨아도 되서 너무 편리하고 좋아요^^!",
    "Source": "쇼핑몰",
    "Domain": "가전",
    "MainCategory": "생활/미용/욕실가전",
    "ProductName": "로보락 S7 MaxV Ultra 일반구매",
    "ReviewScore": "5",
    "Syllable": "65",
    "Word": "17",
    "RDate": "20220630",
    "GeneralPolarity": "1",
    "Aspects": [
      {
        "Aspect": "기능",
        "SentimentText": "물걸레 기능 뿐만 아니라 세척 자동 기능까지 있어서 너무 좋아요",
        "SentimentWord": "10",
        "SentimentPolarity": "1"
      },
      {
        "Aspect": "편의성",
        "SentimentText": "이젠 걸레 안빨아도 되서 너무 편리하고 좋아요^^!",
        "SentimentWord": "7",
        "SentimentPolarity": "1"
      }
    ]
  },
  {
    "Index": "23242",
    "RawText": "물걸레 기능이 최고의 청소능력을 보여줘서 너무 만족하고, 쓰레기 비우는 주기도 길어서 매번 귀찮게 안버려도 되서 완전 편해요.",
    "Source": "쇼핑몰",
    "Domain": "가전",
    "MainCategory": "생활/미용/욕실가전",
    "ProductName": "로보락 S7 MaxV Ultra 일반구매",
    "ReviewScore": "5",
    "Syllable": "70",
    "Word": "17",
    "RDate": "20220811",
    "GeneralPolarity": "1",
    "Aspects": [
      {
        "Aspect": "기능",
        "SentimentText": "물걸레 기능이 최고의 청소능력을 보여줘서 너무 만족하고",
        "SentimentWord": "7",
        "SentimentPolarity": "1"
      },
      {
        "Aspect": "편의성",
        "SentimentText": "쓰레기 비우는 주기도 길어서 매번 귀찮게 안버려도 되서 완전 편해요.",
        "SentimentWord": "10",
        "SentimentPolarity": "1"
      }
    ]
  },
  {
    "Index": "23243",
    "RawText": "물걸레도 되고 외출시 청소 예약도 되서 완전 좋습니다. 청소기 소리가 너무 커서 신경이 쓰이네요ㅠㅠ",
    "Source": "쇼핑몰",
    "Domain": "가전",
    "MainCategory": "생활/미용/욕실가전",
    "ProductName": "로보락 S7 MaxV Ultra 일반구매",
    "ReviewScore": "5",
    "Syllable": "55",
    "Word": "14",
    "RDate": "20220725",
    "GeneralPolarity": "0",
    "Aspects": [
      {
        "Aspect": "기능",
        "SentimentText": "물걸레도 되고 외출시 청소 예약도 되서 완전 좋습니다",
        "SentimentWord": "8",
        "SentimentPolarity": "1"
      },
      {
        "Aspect": "소음",
        "SentimentText": "청소기 소리가 너무 커서 신경이 쓰이네요ㅠㅠ",
        "SentimentWord": "6",
        "SentimentPolarity": "-1"
      }
    ]
  },
  {
    "Index": "23244",
    "RawText": "물걸레 기능은 제보다 훨씬 깨끗하게 닦아주네요^^ 문지방등 어디에도 걸리지 않고 청소가 잘 되서 좋아요. 단지 크기가 너무 큰게 좀 아쉽긴해요.",
    "Source": "쇼핑몰",
    "Domain": "가전",
    "MainCategory": "생활/미용/욕실가전",
    "ProductName": "로보락 S7 MaxV Ultra 일반구매",
    "ReviewScore": "5",
    "Syllable": "80",
    "Word": "20",
    "RDate": "20220808",
    "GeneralPolarity": "0",
    "Aspects": [
      {
        "Aspect": "기능",
        "SentimentText": "물걸레 기능은 제보다 훨씬 깨끗하게 닦아주네요^^",
        "SentimentWord": "6",
        "SentimentPolarity": "1"
      },
      {
        "Aspect": "기능",
        "SentimentText": "문지방등 어디에도 걸리지 않고 청소가 잘 되서 좋아요.",
        "SentimentWord": "8",
        "SentimentPolarity": "1"
      },
      {
        "Aspect": "사이즈",
        "SentimentText": "크기가 너무 큰게 좀 아쉽긴해요",
        "SentimentWord": "5",
        "SentimentPolarity": "-1"
      }
    ]
  },
  {
    "Index": "23248",
    "RawText": "생각보다 훨씬 크기가 커서 자리공간만 차지하고ㅠㅠ 진짜 적응이 안되네요. 또 이리저리 만져봐도 작동이 잘 되지않아서 스트레스 받네요.",
    "Source": "쇼핑몰",
    "Domain": "가전",
    "MainCategory": "생활/미용/욕실가전",
    "ProductName": "로보락 S7 MaxV Ultra 일반구매",
    "ReviewScore": "5",
    "Syllable": "74",
    "Word": "17",
    "RDate": "20220719",
    "GeneralPolarity": "-1",
    "Aspects": [
      {
        "Aspect": "사이즈",
        "SentimentText": "생각보다 훨씬 크기가 커서 자리공간만 차지하고ㅠㅠ 진짜 적응이 안되네요",
        "SentimentWord": "9",
        "SentimentPolarity": "-1"
      },
      {
        "Aspect": "품질",
        "SentimentText": "이리저리 만져봐도 작동이 잘 되지않아서 스트레스 받네요",
        "SentimentWord": "7",
        "SentimentPolarity": "-1"
      }
    ]
  },
  {
    "Index": "23249",
    "RawText": "걸레가 자동세척후에 열풍건조기능이 전혀 안되서 짜증이나네요ㅠㅠ 걸레에서 썩은 냄새가 나서 미치겠네요. 이런걸 팔아먹다니 OOO청소기 정말 비추네요!!",
    "Source": "쇼핑몰",
    "Domain": "가전",
    "MainCategory": "생활/미용/욕실가전",
    "ProductName": "로보락 S7 MaxV Ultra 일반구매",
    "ReviewScore": "5",
    "Syllable": "83",
    "Word": "16",
    "RDate": "20220720",
    "GeneralPolarity": "-1",
    "Aspects": [
      {
        "Aspect": "기능",
        "SentimentText": "걸레가 자동세척후에 열풍건조기능이 전혀 안되서 짜증이나네요ㅠㅠ",
        "SentimentWord": "6",
        "SentimentPolarity": "-1"
      },
      {
        "Aspect": "제조일/제조사",
        "SentimentText": "이런걸 팔아먹다니 OOO청소기 정말 비추네요!!",
        "SentimentWord": "5",
        "SentimentPolarity": "-1"
      }
    ]
  },
  {
    "Index": "23252",
    "RawText": "제품은 품질이 좋아 만족하며 사용하고 있는데 디자인이 너무 투박하고 촌스러워서 별로에요ㅠ",
    "Source": "쇼핑몰",
    "Domain": "가전",
    "MainCategory": "생활/미용/욕실가전",
    "ProductName": "로보락 S7 MaxV Ultra 일반구매",
    "ReviewScore": "5",
    "Syllable": "49",
    "Word": "11",
    "RDate": "20220716",
    "GeneralPolarity": "0",
    "Aspects": [
      {
        "Aspect": "품질",
        "SentimentText": "제품은 품질이 좋아 만족하며 사용하고 있는데",
        "SentimentWord": "6",
        "SentimentPolarity": "1"
      },
      {
        "Aspect": "디자인",
        "SentimentText": "디자인이 너무 투박하고 촌스러워서 별로에요ㅠ",
        "SentimentWord": "5",
        "SentimentPolarity": "-1"
      }
    ]
  },
  {
    "Index": "23256",
    "RawText": "가격이 너무 비싼거 흠이지만 열풍건조모듈은 진짜 마음에 들어 대만족!",
    "Source": "쇼핑몰",
    "Domain": "가전",
    "MainCategory": "생활/미용/욕실가전",
    "ProductName": "로보락 S7 MaxV Ultra 일반구매",
    "ReviewScore": "5",
    "Syllable": "38",
    "Word": "9",
    "RDate": "20220826",
    "GeneralPolarity": "0",
    "Aspects": [
      {
        "Aspect": "가격",
        "SentimentText": "가격이 너무 비싼거 흠이지만",
        "SentimentWord": "4",
        "SentimentPolarity": "-1"
      },
      {
        "Aspect": "기능",
        "SentimentText": "열풍건조모듈은 진짜 마음에 들어 대만족!",
        "SentimentWord": "5",
        "SentimentPolarity": "1"
      }
    ]
  },
  {
    "Index": "23257",
    "RawText": "비싼기만 하고 성능은 구리네요ㅠㅠ 청소하는 곳곳 걸려서 한번씩 빼줘야하는 번거로움이 있네요..",
    "Source": "쇼핑몰",
    "Domain": "가전",
    "MainCategory": "생활/미용/욕실가전",
    "ProductName": "로보락 S7 MaxV Ultra 일반구매",
    "ReviewScore": "5",
    "Syllable": "52",
    "Word": "11",
    "RDate": "20220806",
    "GeneralPolarity": "-1",
    "Aspects": [
      {
        "Aspect": "가격",
        "SentimentText": "비싼기만 하고 성능은 구리네요ㅠㅠ",
        "SentimentWord": "4",
        "SentimentPolarity": "-1"
      },
      {
        "Aspect": "조작성",
        "SentimentText": "청소하는 곳곳 걸려서 한번씩 빼줘야하는 번거로움이 있네요",
        "SentimentWord": "7",
        "SentimentPolarity": "-1"
      }
    ]
  },
  {
    "Index": "23258",
    "RawText": "비용이 저렴하지 않은 고가라 아쉽네요. 오랜 고민끝에 구입 결정했는데 흡입력은 강해 청소가 잘되서 매우 만족해요. 화이트 색상도 있었으면 좋겠는데 검정색이라 별로 안이쁘네요",
    "Source": "쇼핑몰",
    "Domain": "가전",
    "MainCategory": "생활/미용/욕실가전",
    "ProductName": "로보락 S7 MaxV Ultra 일반구매",
    "ReviewScore": "5",
    "Syllable": "96",
    "Word": "22",
    "RDate": "20220829",
    "GeneralPolarity": "0",
    "Aspects": [
      {
        "Aspect": "가격",
        "SentimentText": "비용이 저렴하지 않은 고가라 아쉽네요",
        "SentimentWord": "5",
        "SentimentPolarity": "-1"
      },
      {
        "Aspect": "기능",
        "SentimentText": "흡입력은 강해 청소가 잘되서 매우 만족해요",
        "SentimentWord": "6",
        "SentimentPolarity": "1"
      },
      {
        "Aspect": "색상",
        "SentimentText": "화이트 색상도 있었으면 좋겠는데 검정색이라 별로 안이쁘네요",
        "SentimentWord": "7",
        "SentimentPolarity": "-1"
      }
    ]
  },
  {
    "Index": "23259",
    "RawText": "대박세일로 할인받아서 좋은 가격으로 구입했어요. 맵핑이 빠르고 완벽해 청소가 잘되서 만족해요~",
    "Source": "쇼핑몰",
    "Domain": "가전",
    "MainCategory": "생활/미용/욕실가전",
    "ProductName": "로보락 S7 MaxV Ultra 일반구매",
    "ReviewScore": "5",
    "Syllable": "52",
    "Word": "11",
    "RDate": "20220828",
    "GeneralPolarity": "1",
    "Aspects": [
      {
        "Aspect": "가격",
        "SentimentText": "대박세일로 할인받아서 좋은 가격으로 구입했어요",
        "SentimentWord": "5",
        "SentimentPolarity": "1"
      },
      {
        "Aspect": "기능",
        "SentimentText": "맵핑이 빠르고 완벽해 청소가 잘되서 만족해요~",
        "SentimentWord": "6",
        "SentimentPolarity": "1"
      }
    ]
  },
  {
    "Index": "23260",
    "RawText": "사악할 정도로 비싸서 많이 망설였는데 결정 잘한거 같아요. 고가라서 값어치 하네요^^ 흡입력이 좋아서 바닥이 깨끗해져서 너무 좋아요.",
    "Source": "쇼핑몰",
    "Domain": "가전",
    "MainCategory": "생활/미용/욕실가전",
    "ProductName": "로보락 S7 MaxV Ultra 일반구매",
    "ReviewScore": "4",
    "Syllable": "74",
    "Word": "17",
    "RDate": "20220827",
    "GeneralPolarity": "1",
    "Aspects": [
      {
        "Aspect": "가격",
        "SentimentText": "사악할 정도로 비싸서 많이 망설였는데 결정 잘한거 같아요. 고가라서 값어치 하네요^^",
        "SentimentWord": "11",
        "SentimentPolarity": "1"
      },
      {
        "Aspect": "기능",
        "SentimentText": "흡입력이 좋아서 바닥이 깨끗해져서 너무 좋아요.",
        "SentimentWord": "6",
        "SentimentPolarity": "1"
      }
    ]
  },
  {
    "Index": "23263",
    "RawText": "청소하기 너무 힘들어서 구입했는데 엄청나게 무거워서 잘움직이지도 않네요ㅠ 크기는 또 얼마나 무식하게 큰지 구입한거 후회 되네요ㅠ",
    "Source": "쇼핑몰",
    "Domain": "가전",
    "MainCategory": "생활/미용/욕실가전",
    "ProductName": "로보락 S7 MaxV Ultra 일반구매",
    "ReviewScore": "5",
    "Syllable": "71",
    "Word": "16",
    "RDate": "20220827",
    "GeneralPolarity": "-1",
    "Aspects": [
      {
        "Aspect": "무게",
        "SentimentText": "엄청나게 무거워서 잘움직이지도 않네요ㅠ",
        "SentimentWord": "4",
        "SentimentPolarity": "-1"
      },
      {
        "Aspect": "사이즈",
        "SentimentText": "크기는 또 얼마나 무식하게 큰지 구입한거 후회 되네요ㅠ",
        "SentimentWord": "8",
        "SentimentPolarity": "-1"
      }
    ]
  },
  {
    "Index": "23266",
    "RawText": "현관문앞에 박스보고 엄청 놀랐는데 실물은 너무커서 부담스럽네요ㅠ 설명서가 너무 어려워요",
    "Source": "쇼핑몰",
    "Domain": "가전",
    "MainCategory": "생활/미용/욕실가전",
    "ProductName": "로보락 S7 MaxV Ultra 일반구매",
    "ReviewScore": "5",
    "Syllable": "48",
    "Word": "10",
    "RDate": "20220828",
    "GeneralPolarity": "-1",
    "Aspects": [
      {
        "Aspect": "사이즈",
        "SentimentText": "실물은 너무커서 부담스럽네요ㅠ",
        "SentimentWord": "3",
        "SentimentPolarity": "-1"
      },
      {
        "Aspect": "제품구성",
        "SentimentText": "설명서가 너무 어려워요",
        "SentimentWord": "3",
        "SentimentPolarity": "-1"
      }
    ]
  },
  {
    "Index": "23267",
    "RawText": "청소기 사려고 고민했는데 좋은기회가 생겨서 할인가로 구입했는데 싸게사서 기분이 좋네요. 근데 생각보다 너무 커서 자리 공간만 차지하네요.",
    "Source": "쇼핑몰",
    "Domain": "가전",
    "MainCategory": "생활/미용/욕실가전",
    "ProductName": "로보락 S7 MaxV Ultra 일반구매",
    "ReviewScore": "5",
    "Syllable": "76",
    "Word": "17",
    "RDate": "20220827",
    "GeneralPolarity": "0",
    "Aspects": [
      {
        "Aspect": "가격",
        "SentimentText": "좋은기회가 생겨서 할인가로 구입했는데 싸게사서 기분이 좋네요",
        "SentimentWord": "7",
        "SentimentPolarity": "1"
      },
      {
        "Aspect": "사이즈",
        "SentimentText": "생각보다 너무 커서 자리 공간만 차지하네요",
        "SentimentWord": "6",
        "SentimentPolarity": "-1"
      }
    ]
  },
  {
    "Index": "23270",
    "RawText": "기존에 쓰던 청소기는 이젠 안쓸꺼 같아요. 뭐 아예 안쓸껀 아니지만요ㅋ 청소후 스스로 제자리로 돌아가 걸레 세탁도하고 건조하는게 정말 신기해요. 이젠 쭈그리고 걸레 빨필요가 없이 너무 편해졌어요ㅎㅎ",
    "Source": "쇼핑몰",
    "Domain": "가전",
    "MainCategory": "생활/미용/욕실가전",
    "ProductName": "로보락 S7 MaxV Ultra 일반구매",
    "ReviewScore": "5",
    "Syllable": "110",
    "Word": "26",
    "RDate": "20220711",
    "GeneralPolarity": "1",
    "Aspects": [
      {
        "Aspect": "기능",
        "SentimentText": "스스로 제자리로 돌아가 걸레 세탁도하고 건조하는게 정말 신기해요",
        "SentimentWord": "8",
        "SentimentPolarity": "1"
      },
      {
        "Aspect": "편의성",
        "SentimentText": "젠 쭈그리고 걸레 빨필요가 없이 너무 편해졌어요ㅎㅎ",
        "SentimentWord": "7",
        "SentimentPolarity": "1"
      }
    ]
  },
  {
    "Index": "23273",
    "RawText": "청소의 신세계를 보여주네요. 가격대비 성능이 진짜 쩌네요! 그런데 색상이 검정색이라 별로인데 다양한 색상이 나왔으면 좋겠어요.",
    "Source": "쇼핑몰",
    "Domain": "가전",
    "MainCategory": "생활/미용/욕실가전",
    "ProductName": "로보락 S7 MaxV Ultra 일반구매",
    "ReviewScore": "5",
    "Syllable": "70",
    "Word": "15",
    "RDate": "20220713",
    "GeneralPolarity": "0",
    "Aspects": [
      {
        "Aspect": "기능",
        "SentimentText": "가격대비 성능이 진짜 쩌네요!",
        "SentimentWord": "4",
        "SentimentPolarity": "1"
      },
      {
        "Aspect": "색상",
        "SentimentText": "색상이 검정색이라 별로인데 다양한 색상이 나왔으면 좋겠어요",
        "SentimentWord": "7",
        "SentimentPolarity": "-1"
      }
    ]
  },
  {
    "Index": "23274",
    "RawText": "신형 ○○○ 청소기가 와서 너무 좋아요! 정리후 바로 돌려봤는데 외관이 정말 고급스럽네요^^ 지가 알아서 걸레질 뿐만아니라  빨기까지 하니 기가 막히게 좋네요.",
    "Source": "쇼핑몰",
    "Domain": "가전",
    "MainCategory": "생활/미용/욕실가전",
    "ProductName": "로보락 S7 MaxV Ultra 일반구매",
    "ReviewScore": "5",
    "Syllable": "89",
    "Word": "21",
    "RDate": "20220827",
    "GeneralPolarity": "1",
    "Aspects": [
      {
        "Aspect": "제조일/제조사",
        "SentimentText": "신형 ○○○ 청소기가 와서 너무 좋아요!",
        "SentimentWord": "6",
        "SentimentPolarity": "1"
      },
      {
        "Aspect": "디자인",
        "SentimentText": "외관이 정말 고급스럽네요^^",
        "SentimentWord": "3",
        "SentimentPolarity": "1"
      },
      {
        "Aspect": "기능",
        "SentimentText": "지가 알아서 걸레질 뿐만아니라  빨기까지 하니 기가 막히게 좋네요",
        "SentimentWord": "9",
        "SentimentPolarity": "1"
      }
    ]
  },
  {
    "Index": "23277",
    "RawText": "청소가 너무 귀찮고 힘들어서 로봇 청소기를 구입했는데, 먼지통도 자동으로 비워주고 걸레도 알아서 빨아주니 너무 만족해요 근데 소음이 장난아니게 많이 나서 시끄럽네요.",
    "Source": "쇼핑몰",
    "Domain": "가전",
    "MainCategory": "생활/미용/욕실가전",
    "ProductName": "로보락 S7 MaxV Ultra 일반구매",
    "ReviewScore": "5",
    "Syllable": "92",
    "Word": "21",
    "RDate": "20220826",
    "GeneralPolarity": "0",
    "Aspects": [
      {
        "Aspect": "기능",
        "SentimentText": "먼지통도 자동으로 비워주고 걸레도 알아서 빨아주니 너무 만족해요",
        "SentimentWord": "8",
        "SentimentPolarity": "1"
      },
      {
        "Aspect": "소음",
        "SentimentText": "소음이 장난아니게 많이 나서 시끄럽네요",
        "SentimentWord": "5",
        "SentimentPolarity": "-1"
      }
    ]
  },
  {
    "Index": "23278",
    "RawText": "알아서 걸레 세척, 청소까지 만능이라 정말 집안이 깨끗해져서 좋아요 ^^ 조금 비싸긴 해도 훌륭한 퀄리티라 아깝지 않아요",
    "Source": "쇼핑몰",
    "Domain": "가전",
    "MainCategory": "생활/미용/욕실가전",
    "ProductName": "로보락 S7 MaxV Ultra 일반구매",
    "ReviewScore": "5",
    "Syllable": "67",
    "Word": "17",
    "RDate": "20220826",
    "GeneralPolarity": "1",
    "Aspects": [
      {
        "Aspect": "기능",
        "SentimentText": "알아서 걸레 세척, 청소까지 만능이라 정말 집안이 깨끗해져서 좋아요 ^^",
        "SentimentWord": "10",
        "SentimentPolarity": "1"
      },
      {
        "Aspect": "품질",
        "SentimentText": "조금 비싸긴 해도 훌륭한 퀄리티라 아깝지 않아요",
        "SentimentWord": "7",
        "SentimentPolarity": "1"
      }
    ]
  },
  {
    "Index": "23280",
    "RawText": "인식기능으로 방문턱도 잘 감지하니 엄청 좋네요 색상도 고급져서 너무 맘에들어 좋습니다",
    "Source": "쇼핑몰",
    "Domain": "가전",
    "MainCategory": "생활/미용/욕실가전",
    "ProductName": "로보락 S7 MaxV Ultra 일반구매",
    "ReviewScore": "5",
    "Syllable": "47",
    "Word": "11",
    "RDate": "20220830",
    "GeneralPolarity": "1",
    "Aspects": [
      {
        "Aspect": "기능",
        "SentimentText": "인식기능으로 방문턱도 잘 감지하니 엄청 좋네요",
        "SentimentWord": "6",
        "SentimentPolarity": "1"
      },
      {
        "Aspect": "색상",
        "SentimentText": "색상도 고급져서 너무 맘에들어 좋습니다",
        "SentimentWord": "5",
        "SentimentPolarity": "1"
      }
    ]
  },
  {
    "Index": "23282",
    "RawText": "올인원 기능으로 진공, 물걸레 다 돼서 청소가 정말 만족스럽습니다 깨지지 않는 알루미늄합성소재라 너무 안심돼요",
    "Source": "쇼핑몰",
    "Domain": "가전",
    "MainCategory": "생활/미용/욕실가전",
    "ProductName": "로보락 S7 MaxV Ultra 일반구매",
    "ReviewScore": "5",
    "Syllable": "61",
    "Word": "14",
    "RDate": "20220719",
    "GeneralPolarity": "1",
    "Aspects": [
      {
        "Aspect": "기능",
        "SentimentText": "올인원 기능으로 진공, 물걸레 다 돼서 청소가 정말 만족스럽습니다",
        "SentimentWord": "9",
        "SentimentPolarity": "1"
      },
      {
        "Aspect": "소재",
        "SentimentText": "깨지지 않는 알루미늄합성소재라 너무 안심돼요",
        "SentimentWord": "5",
        "SentimentPolarity": "1"
      }
    ]
  },
  {
    "Index": "23283",
    "RawText": "조금 큰 장애물들은 다 피해서 꼼꼼히 청소하는 기능이 정말 예술이네요^^ 내장배터리도 오래가서 아주 좋습니다",
    "Source": "쇼핑몰",
    "Domain": "가전",
    "MainCategory": "생활/미용/욕실가전",
    "ProductName": "로보락 S7 MaxV Ultra 일반구매",
    "ReviewScore": "5",
    "Syllable": "60",
    "Word": "14",
    "RDate": "20220827",
    "GeneralPolarity": "1",
    "Aspects": [
      {
        "Aspect": "기능",
        "SentimentText": "조금 큰 장애물들은 다 피해서 꼼꼼히 청소하는 기능이 정말 예술이네요^^",
        "SentimentWord": "10",
        "SentimentPolarity": "1"
      },
      {
        "Aspect": "배터리",
        "SentimentText": "내장배터리도 오래가서 아주 좋습니다",
        "SentimentWord": "4",
        "SentimentPolarity": "1"
      }
    ]
  },
  {
    "Index": "23284",
    "RawText": "이전 모델보다 성능부분이 많이 업그레이드되어 퀄리티 짱입니다! 단 가격이 비싸서 조금 부담되긴해요 ㅠ;ㅎㅎ",
    "Source": "쇼핑몰",
    "Domain": "가전",
    "MainCategory": "생활/미용/욕실가전",
    "ProductName": "로보락 S7 MaxV Ultra 일반구매",
    "ReviewScore": "5",
    "Syllable": "59",
    "Word": "13",
    "RDate": "20220827",
    "GeneralPolarity": "0",
    "Aspects": [
      {
        "Aspect": "품질",
        "SentimentText": "이전 모델보다 성능부분이 많이 업그레이드되어 퀄리티 짱입니다!",
        "SentimentWord": "7",
        "SentimentPolarity": "1"
      },
      {
        "Aspect": "가격",
        "SentimentText": "단 가격이 비싸서 조금 부담되긴해요 ㅠ;ㅎㅎ",
        "SentimentWord": "6",
        "SentimentPolarity": "-1"
      }
    ]
  },
  {
    "Index": "23287",
    "RawText": "설치와 매핑 모두 간단해서 좋네요 인지기능으로 구석구석 꼼꼼하게 청소되어 좋습니다",
    "Source": "쇼핑몰",
    "Domain": "가전",
    "MainCategory": "생활/미용/욕실가전",
    "ProductName": "로보락 S7 MaxV Ultra 일반구매",
    "ReviewScore": "5",
    "Syllable": "45",
    "Word": "10",
    "RDate": "20220826",
    "GeneralPolarity": "1",
    "Aspects": [
      {
        "Aspect": "조작성",
        "SentimentText": "설치와 매핑 모두 간단해서 좋네요",
        "SentimentWord": "5",
        "SentimentPolarity": "1"
      },
      {
        "Aspect": "기능",
        "SentimentText": "인지기능으로 구석구석 꼼꼼하게 청소되어 좋습니다",
        "SentimentWord": "5",
        "SentimentPolarity": "1"
      }
    ]
  },
  {
    "Index": "23290",
    "RawText": "매핑기능 덕분에 똑똑하게 청소하네요^^ 굿굿 생각보다 색상도 깔끔해서 더욱 맘에 들어요",
    "Source": "쇼핑몰",
    "Domain": "가전",
    "MainCategory": "생활/미용/욕실가전",
    "ProductName": "로보락 S7 MaxV Ultra 일반구매",
    "ReviewScore": "5",
    "Syllable": "48",
    "Word": "11",
    "RDate": "20220706",
    "GeneralPolarity": "1",
    "Aspects": [
      {
        "Aspect": "기능",
        "SentimentText": "매핑기능 덕분에 똑똑하게 청소하네요^^ 굿굿",
        "SentimentWord": "5",
        "SentimentPolarity": "1"
      },
      {
        "Aspect": "색상",
        "SentimentText": "생각보다 색상도 깔끔해서 더욱 맘에 들어요",
        "SentimentWord": "6",
        "SentimentPolarity": "1"
      }
    ]
  },
  {
    "Index": "23292",
    "RawText": "물걸레 세척기능까지 있다니.. 청소계의 신세계네요ㅎㅎ 먼지통이 커서 밀린청소 한번에 할 수 있어 좋아요",
    "Source": "쇼핑몰",
    "Domain": "가전",
    "MainCategory": "생활/미용/욕실가전",
    "ProductName": "로보락 S7 MaxV Ultra 일반구매",
    "ReviewScore": "5",
    "Syllable": "57",
    "Word": "13",
    "RDate": "20220701",
    "GeneralPolarity": "1",
    "Aspects": [
      {
        "Aspect": "기능",
        "SentimentText": "물걸레 세척기능까지 있다니.. 청소계의 신세계네요ㅎㅎ",
        "SentimentWord": "5",
        "SentimentPolarity": "1"
      },
      {
        "Aspect": "용량",
        "SentimentText": "먼지통이 커서 밀린청소 한번에 할 수 있어 좋아요",
        "SentimentWord": "8",
        "SentimentPolarity": "1"
      }
    ]
  },
  {
    "Index": "23293",
    "RawText": "제품 마감이나 이음새 완벽하여 맘에 듭니다 걸레세척이 돼서 청소가 덕분에 너무 편해요",
    "Source": "쇼핑몰",
    "Domain": "가전",
    "MainCategory": "생활/미용/욕실가전",
    "ProductName": "로보락 S7 MaxV Ultra 일반구매",
    "ReviewScore": "5",
    "Syllable": "47",
    "Word": "12",
    "RDate": "20220801",
    "GeneralPolarity": "1",
    "Aspects": [
      {
        "Aspect": "품질",
        "SentimentText": "제품 마감이나 이음새 완벽하여 맘에 듭니다",
        "SentimentWord": "6",
        "SentimentPolarity": "1"
      },
      {
        "Aspect": "편의성",
        "SentimentText": "걸레세척이 돼서 청소가 덕분에 너무 편해요",
        "SentimentWord": "6",
        "SentimentPolarity": "1"
      }
    ]
  },
  {
    "Index": "23294",
    "RawText": "사은품도 받아서 너무 좋네요 청소에 도움됩니다^^ 실물 색상이 더 고급져서 맘에 들어요",
    "Source": "쇼핑몰",
    "Domain": "가전",
    "MainCategory": "생활/미용/욕실가전",
    "ProductName": "로보락 S7 MaxV Ultra 일반구매",
    "ReviewScore": "5",
    "Syllable": "48",
    "Word": "12",
    "RDate": "20220720",
    "GeneralPolarity": "1",
    "Aspects": [
      {
        "Aspect": "제품구성",
        "SentimentText": "사은품도 받아서 너무 좋네요 청소에 도움됩니다^^",
        "SentimentWord": "6",
        "SentimentPolarity": "1"
      },
      {
        "Aspect": "색상",
        "SentimentText": "실물 색상이 더 고급져서 맘에 들어요",
        "SentimentWord": "6",
        "SentimentPolarity": "1"
      }
    ]
  },
  {
    "Index": "23296",
    "RawText": "워낙 고가지만 기대이상으로 성능이 좋아서 최고입니다 잘샀어요^^ 다만 걸리는 점은 곳곳에 기스랑 찍힘 같은게 있어서 속상해요ㅜㅜ",
    "Source": "쇼핑몰",
    "Domain": "가전",
    "MainCategory": "생활/미용/욕실가전",
    "ProductName": "로보락 S7 MaxV Ultra 일반구매",
    "ReviewScore": "5",
    "Syllable": "71",
    "Word": "16",
    "RDate": "20220827",
    "GeneralPolarity": "0",
    "Aspects": [
      {
        "Aspect": "기능",
        "SentimentText": "워낙 고가지만 기대이상으로 성능이 좋아서 최고입니다 잘샀어요^^",
        "SentimentWord": "7",
        "SentimentPolarity": "1"
      },
      {
        "Aspect": "품질",
        "SentimentText": "다만 걸리는 점은 곳곳에 기스랑 찍힘 같은게 있어서 속상해요ㅜㅜ",
        "SentimentWord": "9",
        "SentimentPolarity": "-1"
      }
    ]
  },
  {
    "Index": "23297",
    "RawText": "전원버튼만 누르면 알아서 인지해서 구석구석 청소해주니 매번 행복해요ㅎㅎ 장시간 이용에도 발열이 심하지 않아 만족하면서 쓰고있네요 ^^",
    "Source": "쇼핑몰",
    "Domain": "가전",
    "MainCategory": "생활/미용/욕실가전",
    "ProductName": "로보락 S7 MaxV Ultra 일반구매",
    "ReviewScore": "5",
    "Syllable": "74",
    "Word": "16",
    "RDate": "20220714",
    "GeneralPolarity": "1",
    "Aspects": [
      {
        "Aspect": "기능",
        "SentimentText": "전원버튼만 누르면 알아서 인지해서 구석구석 청소해주니 매번 행복해요ㅎㅎ",
        "SentimentWord": "8",
        "SentimentPolarity": "1"
      },
      {
        "Aspect": "내구성",
        "SentimentText": "장시간 이용에도 발열이 심하지 않아 만족하면서 쓰고있네요 ^^",
        "SentimentWord": "8",
        "SentimentPolarity": "1"
      }
    ]
  },
  {
    "Index": "23300",
    "RawText": "이번 할인쿠폰으로 저렴하게 잘 사서 행복합니다 제법 큰 평수도 알아서 인식하여 잘 청소해주네요 인식기능 대만족입니다!",
    "Source": "쇼핑몰",
    "Domain": "가전",
    "MainCategory": "생활/미용/욕실가전",
    "ProductName": "로보락 S7 MaxV Ultra 일반구매",
    "ReviewScore": "5",
    "Syllable": "65",
    "Word": "15",
    "RDate": "20220828",
    "GeneralPolarity": "1",
    "Aspects": [
      {
        "Aspect": "가격",
        "SentimentText": "이번 할인쿠폰으로 저렴하게 잘 사서 행복합니다",
        "SentimentWord": "6",
        "SentimentPolarity": "1"
      },
      {
        "Aspect": "기능",
        "SentimentText": "제법 큰 평수도 알아서 인식하여 잘 청소해주네요 인식기능 대만족입니다!",
        "SentimentWord": "9",
        "SentimentPolarity": "1"
      }
    ]
  },
  {
    "Index": "23303",
    "RawText": "여러기능 덕분에 흡입,물걸레 한방에 해결되네요 최고입니다 디자인도 세련돼서 너무 좋구요",
    "Source": "쇼핑몰",
    "Domain": "가전",
    "MainCategory": "생활/미용/욕실가전",
    "ProductName": "로보락 S7 MaxV Ultra 일반구매",
    "ReviewScore": "5",
    "Syllable": "48",
    "Word": "10",
    "RDate": "20220829",
    "GeneralPolarity": "1",
    "Aspects": [
      {
        "Aspect": "기능",
        "SentimentText": "여러기능 덕분에 흡입,물걸레 한방에 해결되네요 최고입니다",
        "SentimentWord": "6",
        "SentimentPolarity": "1"
      },
      {
        "Aspect": "디자인",
        "SentimentText": "디자인도 세련돼서 너무 좋구요",
        "SentimentWord": "4",
        "SentimentPolarity": "1"
      }
    ]
  },
  {
    "Index": "23305",
    "RawText": "앱연동기능 덕분에 연결도 쉽게 되어 좋네요 사은품으로 열풍건조기도 주고 아주 만족스럽습니다",
    "Source": "쇼핑몰",
    "Domain": "가전",
    "MainCategory": "생활/미용/욕실가전",
    "ProductName": "로보락 S7 MaxV Ultra 일반구매",
    "ReviewScore": "5",
    "Syllable": "50",
    "Word": "11",
    "RDate": "20220829",
    "GeneralPolarity": "1",
    "Aspects": [
      {
        "Aspect": "기능",
        "SentimentText": "앱연동기능 덕분에 연결도 쉽게 되어 좋네요",
        "SentimentWord": "6",
        "SentimentPolarity": "1"
      },
      {
        "Aspect": "제품구성",
        "SentimentText": "사은품으로 열풍건조기도 주고 아주 만족스럽습니다",
        "SentimentWord": "5",
        "SentimentPolarity": "1"
      }
    ]
  },
  {
    "Index": "23306",
    "RawText": "청소 인지기능으로 완벽한 청소에 놀랐습니다 대박이에요 다만 걸래 건조기능까지는 안돼서 조금 아쉽습니다 ㅠㅠ",
    "Source": "쇼핑몰",
    "Domain": "가전",
    "MainCategory": "생활/미용/욕실가전",
    "ProductName": "로보락 S7 MaxV Ultra 일반구매",
    "ReviewScore": "5",
    "Syllable": "59",
    "Word": "13",
    "RDate": "20220708",
    "GeneralPolarity": "0",
    "Aspects": [
      {
        "Aspect": "기능",
        "SentimentText": "청소 인지기능으로 완벽한 청소에 놀랐습니다 대박이에요",
        "SentimentWord": "6",
        "SentimentPolarity": "1"
      },
      {
        "Aspect": "기능",
        "SentimentText": "다만 걸래 건조기능까지는 안돼서 조금 아쉽습니다 ㅠㅠ",
        "SentimentWord": "7",
        "SentimentPolarity": "-1"
      }
    ]
  },
  {
    "Index": "23307",
    "RawText": "넓은 평수인데도 불구하고 알아서 인지하여 청소하니 만족합니다! 어두운곳에서도 라이트 자동으로 켜지는 기능이 신기하네요 ㅎㅎ 단 소음이 좀 심해서 약간 아쉬워요",
    "Source": "쇼핑몰",
    "Domain": "가전",
    "MainCategory": "생활/미용/욕실가전",
    "ProductName": "로보락 S7 MaxV Ultra 일반구매",
    "ReviewScore": "5",
    "Syllable": "88",
    "Word": "20",
    "RDate": "20220819",
    "GeneralPolarity": "0",
    "Aspects": [
      {
        "Aspect": "기능",
        "SentimentText": "넓은 평수인데도 불구하고 알아서 인지하여 청소하니 만족합니다!",
        "SentimentWord": "7",
        "SentimentPolarity": "1"
      },
      {
        "Aspect": "기능",
        "SentimentText": "어두운곳에서도 라이트 자동으로 켜지는 기능이 신기하네요 ㅎㅎ",
        "SentimentWord": "7",
        "SentimentPolarity": "1"
      },
      {
        "Aspect": "소음",
        "SentimentText": "단 소음이 좀 심해서 약간 아쉬워요",
        "SentimentWord": "6",
        "SentimentPolarity": "-1"
      }
    ]
  },
  {
    "Index": "23309",
    "RawText": "청소가 흡입,물걸레 다 돼서 한번 돌려놓음면 삶의질이 향상되네요^^ 다만 단점은 가격이 솔직히 비싸다는 점 ㅠㅠ",
    "Source": "쇼핑몰",
    "Domain": "가전",
    "MainCategory": "생활/미용/욕실가전",
    "ProductName": "로보락 S7 MaxV Ultra 일반구매",
    "ReviewScore": "5",
    "Syllable": "62",
    "Word": "15",
    "RDate": "20220714",
    "GeneralPolarity": "0",
    "Aspects": [
      {
        "Aspect": "기능",
        "SentimentText": "청소가 흡입,물걸레 다 돼서 한번 돌려놓음면 삶의질이 향상되네요^^",
        "SentimentWord": "8",
        "SentimentPolarity": "1"
      },
      {
        "Aspect": "가격",
        "SentimentText": "다만 단점은 가격이 솔직히 비싸다는 점 ㅠㅠ",
        "SentimentWord": "7",
        "SentimentPolarity": "-1"
      }
    ]
  },
  {
    "Index": "23310",
    "RawText": "먼지통도 알아서 비워지는 기능이 너무 혁신적이에요 ^^ 그리고 물걸레도 대신 빨아주어 너무 편하니 아주 신세계입니다!!ㅎㅎ",
    "Source": "쇼핑몰",
    "Domain": "가전",
    "MainCategory": "생활/미용/욕실가전",
    "ProductName": "로보락 S7 MaxV Ultra 일반구매",
    "ReviewScore": "5",
    "Syllable": "68",
    "Word": "15",
    "RDate": "20220828",
    "GeneralPolarity": "1",
    "Aspects": [
      {
        "Aspect": "기능",
        "SentimentText": "먼지통도 알아서 비워지는 기능이 너무 혁신적이에요 ^^",
        "SentimentWord": "7",
        "SentimentPolarity": "1"
      },
      {
        "Aspect": "편의성",
        "SentimentText": "그리고 물걸레도 대신 빨아주어 너무 편하니 아주 신세계입니다!!ㅎㅎ",
        "SentimentWord": "8",
        "SentimentPolarity": "1"
      }
    ]
  },
  {
    "Index": "23315",
    "RawText": "먼지흡입과 물걸레 기능 모두 있어 청소가 행복하니 좋아요 신기한 열풍건조모듈기능이 아주 대만족입니다~",
    "Source": "쇼핑몰",
    "Domain": "가전",
    "MainCategory": "생활/미용/욕실가전",
    "ProductName": "로보락 S7 MaxV Ultra 일반구매",
    "ReviewScore": "5",
    "Syllable": "56",
    "Word": "12",
    "RDate": "20220830",
    "GeneralPolarity": "1",
    "Aspects": [
      {
        "Aspect": "기능",
        "SentimentText": "먼지흡입과 물걸레 기능 모두 있어 청소가 행복하니 좋아요",
        "SentimentWord": "8",
        "SentimentPolarity": "1"
      },
      {
        "Aspect": "기능",
        "SentimentText": "신기한 열풍건조모듈기능이 아주 대만족입니다~",
        "SentimentWord": "4",
        "SentimentPolarity": "1"
      }
    ]
  },
  {
    "Index": "23316",
    "RawText": "너무 똑똑하고 전자동이라 아주 청소가 신세계입니다 돈이 아깝지 않은 퀄리티의 로봇청소기에요 강추입니다",
    "Source": "쇼핑몰",
    "Domain": "가전",
    "MainCategory": "생활/미용/욕실가전",
    "ProductName": "로보락 S7 MaxV Ultra 일반구매",
    "ReviewScore": "5",
    "Syllable": "56",
    "Word": "12",
    "RDate": "20220630",
    "GeneralPolarity": "1",
    "Aspects": [
      {
        "Aspect": "기능",
        "SentimentText": "너무 똑똑하고 전자동이라 아주 청소가 신세계입니다",
        "SentimentWord": "6",
        "SentimentPolarity": "1"
      },
      {
        "Aspect": "품질",
        "SentimentText": "돈이 아깝지 않은 퀄리티의 로봇청소기에요 강추입니다",
        "SentimentWord": "6",
        "SentimentPolarity": "1"
      }
    ]
  },
  {
    "Index": "23317",
    "RawText": "먼지가 채워지면 자동으로 비워져서 너무 편하네요 대박입니다 물걸레 세척기능이 신기하고 청소시간이 행복해요",
    "Source": "쇼핑몰",
    "Domain": "가전",
    "MainCategory": "생활/미용/욕실가전",
    "ProductName": "로보락 S7 MaxV Ultra 일반구매",
    "ReviewScore": "5",
    "Syllable": "58",
    "Word": "12",
    "RDate": "20220830",
    "GeneralPolarity": "1",
    "Aspects": [
      {
        "Aspect": "편의성",
        "SentimentText": "먼지가 채워지면 자동으로 비워져서 너무 편하네요 대박입니다",
        "SentimentWord": "7",
        "SentimentPolarity": "1"
      },
      {
        "Aspect": "기능",
        "SentimentText": "물걸레 세척기능이 신기하고 청소시간이 행복해요",
        "SentimentWord": "5",
        "SentimentPolarity": "1"
      }
    ]
  },
  {
    "Index": "23324",
    "RawText": "크기가 소문대로 크긴해서 공간활용도가 떨어지긴하네요 ㅠㅠ 그래도 물걸레 자동세척기능이 있어서 청소의 퀄리티가 높아졌어요 최고!",
    "Source": "쇼핑몰",
    "Domain": "가전",
    "MainCategory": "생활/미용/욕실가전",
    "ProductName": "로보락 S7 MaxV Ultra 일반구매",
    "ReviewScore": "5",
    "Syllable": "70",
    "Word": "14",
    "RDate": "20220714",
    "GeneralPolarity": "0",
    "Aspects": [
      {
        "Aspect": "사이즈",
        "SentimentText": "크기가 소문대로 크긴해서 공간활용도가 떨어지긴하네요 ㅠㅠ",
        "SentimentWord": "6",
        "SentimentPolarity": "-1"
      },
      {
        "Aspect": "기능",
        "SentimentText": "그래도 물걸레 자동세척기능이 있어서 청소의 퀄리티가 높아졌어요 최고!",
        "SentimentWord": "8",
        "SentimentPolarity": "1"
      }
    ]
  },
  {
    "Index": "23325",
    "RawText": "가격이 세서 큰 맘먹고 구매했는데 높은 퀄리티에 대만족합니다 역시 하이엔드라 무게도 놀랍도록 가볍네요 완전 신세계네요!!!",
    "Source": "쇼핑몰",
    "Domain": "가전",
    "MainCategory": "생활/미용/욕실가전",
    "ProductName": "로보락 S7 MaxV Ultra 일반구매",
    "ReviewScore": "5",
    "Syllable": "68",
    "Word": "15",
    "RDate": "20220715",
    "GeneralPolarity": "1",
    "Aspects": [
      {
        "Aspect": "품질",
        "SentimentText": "가격이 세서 큰 맘먹고 구매했는데 높은 퀄리티에 대만족합니다",
        "SentimentWord": "8",
        "SentimentPolarity": "1"
      },
      {
        "Aspect": "무게",
        "SentimentText": "역시 하이엔드라 무게도 놀랍도록 가볍네요 완전 신세계네요!!!",
        "SentimentWord": "7",
        "SentimentPolarity": "1"
      }
    ]
  },
  {
    "Index": "23326",
    "RawText": "로봇청소기가 바닥구조에 맞춰 알아서 청소해주니 몸이 고생안하네요 최고입니다 보기에도 깔끔한 디자인에 대만족^^",
    "Source": "쇼핑몰",
    "Domain": "가전",
    "MainCategory": "생활/미용/욕실가전",
    "ProductName": "로보락 S7 MaxV Ultra 일반구매",
    "ReviewScore": "5",
    "Syllable": "61",
    "Word": "12",
    "RDate": "20220726",
    "GeneralPolarity": "1",
    "Aspects": [
      {
        "Aspect": "기능",
        "SentimentText": "로봇청소기가 바닥구조에 맞춰 알아서 청소해주니 몸이 고생안하네요 최고입니다",
        "SentimentWord": "8",
        "SentimentPolarity": "1"
      },
      {
        "Aspect": "디자인",
        "SentimentText": "보기에도 깔끔한 디자인에 대만족^^",
        "SentimentWord": "4",
        "SentimentPolarity": "1"
      }
    ]
  },
  {
    "Index": "23327",
    "RawText": "요리조리 피하면서 잘 작동하는 기특한 청소기에요 최고^^ 단 먼지통 비울 때 약간의 소음이 있어서 아쉽 ㅠㅠ",
    "Source": "쇼핑몰",
    "Domain": "가전",
    "MainCategory": "생활/미용/욕실가전",
    "ProductName": "로보락 S7 MaxV Ultra 일반구매",
    "ReviewScore": "5",
    "Syllable": "60",
    "Word": "16",
    "RDate": "20220714",
    "GeneralPolarity": "0",
    "Aspects": [
      {
        "Aspect": "기능",
        "SentimentText": "요리조리 피하면서 잘 작동하는 기특한 청소기에요 최고^^",
        "SentimentWord": "7",
        "SentimentPolarity": "1"
      },
      {
        "Aspect": "소음",
        "SentimentText": "단 먼지통 비울 때 약간의 소음이 있어서 아쉽 ㅠㅠ",
        "SentimentWord": "9",
        "SentimentPolarity": "-1"
      }
    ]
  },
  {
    "Index": "23328",
    "RawText": "버튼 한번에 알아서 흡입,물걸레 청소해주는 만능청소기입니다 강추!! 색상도 은은하니 가정용으로 딱이에요^^",
    "Source": "쇼핑몰",
    "Domain": "가전",
    "MainCategory": "생활/미용/욕실가전",
    "ProductName": "로보락 S7 MaxV Ultra 일반구매",
    "ReviewScore": "5",
    "Syllable": "59",
    "Word": "11",
    "RDate": "20220829",
    "GeneralPolarity": "1",
    "Aspects": [
      {
        "Aspect": "기능",
        "SentimentText": "버튼 한번에 알아서 흡입,물걸레 청소해주는 만능청소기입니다 강추!!",
        "SentimentWord": "7",
        "SentimentPolarity": "1"
      },
      {
        "Aspect": "색상",
        "SentimentText": "색상도 은은하니 가정용으로 딱이에요^^",
        "SentimentWord": "4",
        "SentimentPolarity": "1"
      }
    ]
  },
  {
    "Index": "23329",
    "RawText": "할인된 가격으로 저렴하게 구입해서 득템한 기분^^ 청소 시켜보니 매핑기능으로 구석구석 청소하네요 너무 만족해요~!!",
    "Source": "쇼핑몰",
    "Domain": "가전",
    "MainCategory": "생활/미용/욕실가전",
    "ProductName": "로보락 S7 MaxV Ultra 일반구매",
    "ReviewScore": "5",
    "Syllable": "64",
    "Word": "13",
    "RDate": "20220827",
    "GeneralPolarity": "1",
    "Aspects": [
      {
        "Aspect": "가격",
        "SentimentText": "할인된 가격으로 저렴하게 구입해서 득템한 기분^^",
        "SentimentWord": "6",
        "SentimentPolarity": "1"
      },
      {
        "Aspect": "기능",
        "SentimentText": "청소 시켜보니 매핑기능으로 구석구석 청소하네요 너무 만족해요~!!",
        "SentimentWord": "7",
        "SentimentPolarity": "1"
      }
    ]
  },
  {
    "Index": "23330",
    "RawText": "로봇청소기가 바닥인지하고 구석구석 청소하는게 아주 좋네요 !! 근데 전선이 자꾸 감겨서 따라 다녀 발매트에는 못올라가네요 불편하고 아쉬워요 ㅠㅠㅠ",
    "Source": "쇼핑몰",
    "Domain": "가전",
    "MainCategory": "생활/미용/욕실가전",
    "ProductName": "로보락 S7 Plus",
    "ReviewScore": "5",
    "Syllable": "81",
    "Word": "18",
    "RDate": "20220723",
    "GeneralPolarity": "0",
    "Aspects": [
      {
        "Aspect": "기능",
        "SentimentText": "로봇청소기가 바닥인지하고 구석구석 청소하는게 아주 좋네요 !!",
        "SentimentWord": "7",
        "SentimentPolarity": "1"
      },
      {
        "Aspect": "편의성",
        "SentimentText": "근데 전선이 자꾸 감겨서 따라 다녀 발매트에는 못올라가네요 불편하고 아쉬워요 ㅠㅠㅠ",
        "SentimentWord": "11",
        "SentimentPolarity": "-1"
      }
    ]
  }
]