[
  {
    "Index": "22551",
    "RawText": "용량이 크니까 한번에 많이 빨래할 수 있어서 삶의 질 상승했어요 전에 건 너무 작았거든요ㅠㅠ 세탁 시간이 거의 3분의 2로 줄은 것 같아요 ㅎㅎ",
    "Source": "쇼핑몰",
    "Domain": "가전",
    "MainCategory": "생활/미용/욕실가전",
    "ProductName": "트롬 LG전자 워시타워 W17WTA",
    "ReviewScore": "5",
    "Syllable": "80",
    "Word": "23",
    "RDate": "20220308",
    "GeneralPolarity": "1",
    "Aspects": [
      {
        "Aspect": "용량",
        "SentimentText": "용량이 크니까 한번에 많이 빨래할 수 있어서 삶의 질 상승했어요",
        "SentimentWord": "10",
        "SentimentPolarity": "1"
      },
      {
        "Aspect": "시간/속도",
        "SentimentText": "세탁 시간이 거의 3분의 2로 줄은 것 같아요 ㅎㅎ ",
        "SentimentWord": "9",
        "SentimentPolarity": "1"
      }
    ]
  },
  {
    "Index": "22552",
    "RawText": "공간차지 많지 않아  깔끔하게 넓어져서 무척 좋네요^^ 건조준비기능으로건조시간이 줄어드는게  무척 만족스럽습니다~~ 용량이 커서 많이 넣어도 잘돌아가서 좋아욤~",
    "Source": "쇼핑몰",
    "Domain": "가전",
    "MainCategory": "생활/미용/욕실가전",
    "ProductName": "트롬 LG전자 워시타워 W17WTA",
    "ReviewScore": "5",
    "Syllable": "89",
    "Word": "17",
    "RDate": "20220502",
    "GeneralPolarity": "1",
    "Aspects": [
      {
        "Aspect": "사이즈",
        "SentimentText": "공간차지 많지 않아  깔끔하게 넓어져서 무척 좋네요^^",
        "SentimentWord": "7",
        "SentimentPolarity": "1"
      },
      {
        "Aspect": "시간/속도",
        "SentimentText": "  건조준비기능으로  건조시간이 줄어 드는게 무척 만족스럽습니다~~",
        "SentimentWord": "6",
        "SentimentPolarity": "1"
      },
      {
        "Aspect": "용량",
        "SentimentText": "용량이 커서 많이 넣어도 잘돌아가서 좋아욤~",
        "SentimentWord": "6",
        "SentimentPolarity": "1"
      }
    ]
  },
  {
    "Index": "22553",
    "RawText": "디자인이 깔끔해서 넘 예쁘네요ㅎㅎ조작 버튼도 적당한 높이에 있어서 좋고요~ 저렴한 가격에 구매해서 대만족해요~~",
    "Source": "쇼핑몰",
    "Domain": "가전",
    "MainCategory": "생활/미용/욕실가전",
    "ProductName": "트롬 LG전자 워시타워 W17WTA",
    "ReviewScore": "5",
    "Syllable": "62",
    "Word": "13",
    "RDate": "20220302",
    "GeneralPolarity": "1",
    "Aspects": [
      {
        "Aspect": "디자인",
        "SentimentText": "디자인이 깔끔해서 넘 예쁘네요ㅎㅎ",
        "SentimentWord": "4",
        "SentimentPolarity": "1"
      },
      {
        "Aspect": "조작성",
        "SentimentText": "조작 버튼도 적당한 높이에 있어서 좋고요~ ",
        "SentimentWord": "6",
        "SentimentPolarity": "1"
      },
      {
        "Aspect": "가격",
        "SentimentText": " 저렴한 가격에 구매해서 대만족해요~~",
        "SentimentWord": "4",
        "SentimentPolarity": "1"
      }
    ]
  },
  {
    "Index": "22554",
    "RawText": "색상이 깨끗하고 진짜 예쁩니다. 무게 자동으로 측정해서 세탁시간도 단축시켜주고 아주 똑똑해요!!기능 참 좋아요",
    "Source": "쇼핑몰",
    "Domain": "가전",
    "MainCategory": "생활/미용/욕실가전",
    "ProductName": "트롬 LG전자 워시타워 W17WTA",
    "ReviewScore": "5",
    "Syllable": "61",
    "Word": "13",
    "RDate": "20211222",
    "Aspects": [
      {
        "Aspect": "색상",
        "SentimentText": "색상이 깨끗하고 진짜 예쁩니다.",
        "SentimentWord": "4",
        "SentimentPolarity": "1"
      },
      {
        "Aspect": "기능",
        "SentimentText": "무게 자동으로 측정해서 세탁시간도 단축시켜주고 아주 똑똑해요!!기능 참 좋아요",
        "SentimentWord": "9",
        "SentimentPolarity": "1"
      }
    ]
  },
  {
    "Index": "22555",
    "RawText": "색상이 화이트로 깔끔해서 골랐어요  이 제품 좋다고 추천 받아서 산 건데 써보니까 확실히 OOO가 가전을 젤 잘 만드네요",
    "Source": "쇼핑몰",
    "Domain": "가전",
    "MainCategory": "생활/미용/욕실가전",
    "ProductName": "트롬 LG전자 워시타워 W17WTA",
    "ReviewScore": "5",
    "Syllable": "67",
    "Word": "18",
    "RDate": "20220628",
    "GeneralPolarity": "1",
    "Aspects": [
      {
        "Aspect": "색상",
        "SentimentText": "색상이 화이트로 깔끔해서 골랐어요",
        "SentimentWord": "4",
        "SentimentPolarity": "1"
      },
      {
        "Aspect": "제조일/제조사",
        "SentimentText": "이 제품 좋다고 추천 받아서 산 건데 써보니까 확실히 OOO가 가전을 젤 잘 만드네요",
        "SentimentWord": "14",
        "SentimentPolarity": "1"
      }
    ]
  },
  {
    "Index": "22556",
    "RawText": "자동청소기능으로 깨끗하게 쓸것같아요~짱!!  세탁,건조기 사용시  편리한 시스템이 많아서 삶이 여유로워졌어요ㅎㅎ",
    "Source": "쇼핑몰",
    "Domain": "가전",
    "MainCategory": "생활/미용/욕실가전",
    "ProductName": "트롬 LG전자 워시타워 W17WTA",
    "ReviewScore": "5",
    "Syllable": "62",
    "Word": "10",
    "RDate": "20211224",
    "GeneralPolarity": "1",
    "Aspects": [
      {
        "Aspect": "기능",
        "SentimentText": "자동청소기능으로 깨끗하게 쓸것같아요~짱!!  ",
        "SentimentWord": "3",
        "SentimentPolarity": "1"
      },
      {
        "Aspect": "편의성",
        "SentimentText": " 세탁,건조기 사용시  편리한 시스템이 많아서 삶이 여유로워졌어요ㅎㅎ",
        "SentimentWord": "7",
        "SentimentPolarity": "1"
      }
    ]
  },
  {
    "Index": "22557",
    "RawText": "일단 전보다 세탁, 건조 시간 단축돼서 넘 좋아요^^  상단에 있는 건조기를 열기 쉽게 손잡이가 오른쪽 상단에 있어서 편하네요 그리구 무엇보다 기사님들 정말 친절하세요",
    "Source": "쇼핑몰",
    "Domain": "가전",
    "MainCategory": "생활/미용/욕실가전",
    "ProductName": "트롬 LG전자 워시타워 W17WTA",
    "ReviewScore": "5",
    "Syllable": "93",
    "Word": "23",
    "RDate": "20220313",
    "GeneralPolarity": "1",
    "Aspects": [
      {
        "Aspect": "시간/속도",
        "SentimentText": "일단 전보다 세탁, 건조 시간 단축돼서 넘 좋아요^^",
        "SentimentWord": "8",
        "SentimentPolarity": "1"
      },
      {
        "Aspect": "편의성",
        "SentimentText": "상단에 있는 건조기를 열기 쉽게 손잡이가 오른쪽 상단에 있어서 편하네요",
        "SentimentWord": "10",
        "SentimentPolarity": "1"
      }
    ]
  },
  {
    "Index": "22558",
    "RawText": "정말  예뻐요~ ㅇㅇㅇ과 차이점이  안 느껴질 만큼  마음에 듭니다~가격이 더 저렴해진후 구매해서 후회 1도 없이  최고로 좋습니다!!",
    "Source": "쇼핑몰",
    "Domain": "가전",
    "MainCategory": "생활/미용/욕실가전",
    "ProductName": "트롬 LG전자 워시타워 W17WTA",
    "ReviewScore": "5",
    "Syllable": "75",
    "Word": "17",
    "RDate": "20220331",
    "GeneralPolarity": "1",
    "Aspects": [
      {
        "Aspect": "디자인",
        "SentimentText": "정말  예뻐요~ ㅇㅇㅇ과 차이점이  안 느껴질 만큼  마음에 듭니다~",
        "SentimentWord": "9",
        "SentimentPolarity": "1"
      },
      {
        "Aspect": "가격",
        "SentimentText": "가격이 더 저렴해진후 구매해서 후회 1도 없이  최고로 좋습니다!!",
        "SentimentWord": "9",
        "SentimentPolarity": "1"
      }
    ]
  },
  {
    "Index": "22562",
    "RawText": "구매 후 바로 담 날에 물건 받았어요  제품이 생각보다 커서 문을 떼고 하느라 힘들엇어요 소음도 아예 안 들리는 것은 아니고...  ",
    "Source": "쇼핑몰",
    "Domain": "가전",
    "MainCategory": "생활/미용/욕실가전",
    "ProductName": "트롬 LG전자 워시타워 W17WTA",
    "ReviewScore": "5",
    "Syllable": "74",
    "Word": "20",
    "RDate": "20220809",
    "GeneralPolarity": "-1",
    "Aspects": [
      {
        "Aspect": "사이즈",
        "SentimentText": "제품이 생각보다 커서 문을 떼고 하느라 힘들엇어요",
        "SentimentWord": "7",
        "SentimentPolarity": "-1"
      },
      {
        "Aspect": "소음",
        "SentimentText": "소음도 아예 안 들리는 것은 아니고... ",
        "SentimentWord": "6",
        "SentimentPolarity": "-1"
      }
    ]
  },
  {
    "Index": "22563",
    "RawText": "일단 건조기 뽀송하게 건조 잘 되구요 먼지도 제거되는 것 같네요 세탁기 용량이 커서 더 세탁이 잘 되는 느낌 ㅎㅎ",
    "Source": "쇼핑몰",
    "Domain": "가전",
    "MainCategory": "생활/미용/욕실가전",
    "ProductName": "트롬 LG전자 워시타워 W17WTA",
    "ReviewScore": "5",
    "Syllable": "63",
    "Word": "19",
    "RDate": "20220412",
    "GeneralPolarity": "1",
    "Aspects": [
      {
        "Aspect": "기능",
        "SentimentText": "일단 건조기 뽀송하게 건조 잘 되구요 먼지도 제거되는 것 같네요",
        "SentimentWord": "10",
        "SentimentPolarity": "1"
      },
      {
        "Aspect": "용량",
        "SentimentText": "세탁기 용량이 커서 더 세탁이 잘 되는 느낌 ㅎㅎ",
        "SentimentWord": "9",
        "SentimentPolarity": "1"
      }
    ]
  },
  {
    "Index": "22564",
    "RawText": "역시 가전은 OOO입니다! 세일하길래 저렴하게 샀는데요 동생이 건조기를 입에 달고 사던 이유가 있네요.. 정말 신세계에요 건조기 성능 너무 좋습니다  디자인도 깔끔해서 맘에 듭니다 강력 추천합니다",
    "Source": "쇼핑몰",
    "Domain": "가전",
    "MainCategory": "생활/미용/욕실가전",
    "ProductName": "트롬 LG전자 워시타워 W17WTA",
    "ReviewScore": "5",
    "Syllable": "109",
    "Word": "25",
    "RDate": "20220308",
    "GeneralPolarity": "1",
    "Aspects": [
      {
        "Aspect": "제조일/제조사",
        "SentimentText": "역시 가전은 OOO입니다! ",
        "SentimentWord": "3",
        "SentimentPolarity": "1"
      },
      {
        "Aspect": "가격",
        "SentimentText": "세일하길래 저렴하게 샀는데요",
        "SentimentWord": "3",
        "SentimentPolarity": "1"
      },
      {
        "Aspect": "기능",
        "SentimentText": "건조기 성능 너무 좋습니다",
        "SentimentWord": "4",
        "SentimentPolarity": "1"
      },
      {
        "Aspect": "디자인",
        "SentimentText": "디자인도 깔끔해서 맘에 듭니다",
        "SentimentWord": "4",
        "SentimentPolarity": "1"
      }
    ]
  },
  {
    "Index": "22566",
    "RawText": "드뎌 우리집에 건조기가 !!!대에~박~! 뽀송뽀송하게 건조된 수건 만져보니 행복이 굴러 들어옵니다^^ 블랙과 화이트의 조화로운 색이 단정한 느낌을 줍니다",
    "Source": "쇼핑몰",
    "Domain": "가전",
    "MainCategory": "생활/미용/욕실가전",
    "ProductName": "트롬 LG전자 워시타워 W17WTA",
    "ReviewScore": "5",
    "Syllable": "85",
    "Word": "18",
    "RDate": "20220629",
    "GeneralPolarity": "1",
    "Aspects": [
      {
        "Aspect": "기능",
        "SentimentText": "대에~박~! 뽀송뽀송하게 건조된 수건 만져보니 행복이 굴러 들어옵니다^^",
        "SentimentWord": "8",
        "SentimentPolarity": "1"
      },
      {
        "Aspect": "색상",
        "SentimentText": "블랙과 화이트의 조화로운 색이 단정한 느낌을 줍니다",
        "SentimentWord": "7",
        "SentimentPolarity": "1"
      }
    ]
  },
  {
    "Index": "22567",
    "RawText": "배송 너무 느려요ㅠㅠ  지금 받고 첨 돌리고 있는데 소음이.. 생각보다 너무 커서 황당;; 그래도 Ai 기능이 있어 세탁물에 따라 자동으로 세타부터 건조까지 해주니까 굿입니다",
    "Source": "쇼핑몰",
    "Domain": "가전",
    "MainCategory": "생활/미용/욕실가전",
    "ProductName": "트롬 LG전자 워시타워 W17WTA",
    "ReviewScore": "5",
    "Syllable": "97",
    "Word": "24",
    "RDate": "20211211",
    "Aspects": [
      {
        "Aspect": "소음",
        "SentimentText": "지금 받고 첨 돌리고 있는데 소음이.. 생각보다 너무 커서 황당;;",
        "SentimentWord": "10",
        "SentimentPolarity": "-1"
      },
      {
        "Aspect": "기능",
        "SentimentText": "그래도 Ai 기능이 있어 세탁물에 따라 자동으로 세타부터 건조까지 해주니까 굿입니다",
        "SentimentWord": "11",
        "SentimentPolarity": "1"
      }
    ]
  },
  {
    "Index": "22568",
    "RawText": "건조기 돌릴 때 먼지도 같이 털어져서 너무 좋아요 드럼세탁기는 처음인데 통돌이보다 세탁이 더 잘 되는 것 같네요 ㅎㅎ",
    "Source": "쇼핑몰",
    "Domain": "가전",
    "MainCategory": "생활/미용/욕실가전",
    "ProductName": "트롬 LG전자 워시타워 W17WTA",
    "ReviewScore": "4",
    "Syllable": "65",
    "Word": "18",
    "RDate": "20211122",
    "GeneralPolarity": "1",
    "Aspects": [
      {
        "Aspect": "기능",
        "SentimentText": "건조기 돌릴 때 먼지도 같이 털어져서 너무 좋아요",
        "SentimentWord": "8",
        "SentimentPolarity": "1"
      },
      {
        "Aspect": "기능",
        "SentimentText": "드럼세탁기는 처음인데 통돌이보다 세탁이 더 잘 되는 것 같네요 ㅎㅎ",
        "SentimentWord": "10",
        "SentimentPolarity": "1"
      }
    ]
  },
  {
    "Index": "22569",
    "RawText": "역시 OOO는 믿고 살 수 있네요 용량 커서 이불빨래도 가능하구요 옷도 많이 들어가서 좋아요 디자인도 세련되게 예쁩니다",
    "Source": "쇼핑몰",
    "Domain": "가전",
    "MainCategory": "생활/미용/욕실가전",
    "ProductName": "트롬 LG전자 워시타워 W17WTA",
    "ReviewScore": "5",
    "Syllable": "66",
    "Word": "17",
    "RDate": "20220211",
    "GeneralPolarity": "1",
    "Aspects": [
      {
        "Aspect": "제조일/제조사",
        "SentimentText": "역시 OOO는 믿고 살 수 있네요",
        "SentimentWord": "6",
        "SentimentPolarity": "1"
      },
      {
        "Aspect": "용량",
        "SentimentText": "용량 커서 이불빨래도 가능하구요 옷도 많이 들어가서 좋아요",
        "SentimentWord": "8",
        "SentimentPolarity": "1"
      },
      {
        "Aspect": "디자인",
        "SentimentText": "디자인도 세련되게 예쁩니다",
        "SentimentWord": "3",
        "SentimentPolarity": "1"
      }
    ]
  },
  {
    "Index": "22570",
    "RawText": "강화 유리 재질의 글라스 도어라서 스크래치 걱정이 없어서 좋네요 또한 건조기 돌리고 먼지망에 먼지가  많은걸보니, 옷에 먼지는 없으니 무척 좋아요~",
    "Source": "쇼핑몰",
    "Domain": "가전",
    "MainCategory": "생활/미용/욕실가전",
    "ProductName": "트롬 LG전자 워시타워 W17WTA",
    "ReviewScore": "5",
    "Syllable": "82",
    "Word": "20",
    "RDate": "20220307",
    "GeneralPolarity": "1",
    "Aspects": [
      {
        "Aspect": "내구성",
        "SentimentText": "강화 유리 재질의 글라스 도어라서 스크래치 걱정이 없어서 좋네요",
        "SentimentWord": "9",
        "SentimentPolarity": "1"
      },
      {
        "Aspect": "기능",
        "SentimentText": "또한 건조기 돌리고 먼지망에 먼지가  많은걸보니, 옷에 먼지는 없으니 무척 좋아요~",
        "SentimentWord": "11",
        "SentimentPolarity": "1"
      }
    ]
  },
  {
    "Index": "22571",
    "RawText": "고민 오랫동안 하다 구매해서 오늘 받았네요 일단 외관상 눈에 확 띄는 디자인이랑 화이트와 블랙 색깔은 기대만큼 예쁘네요  용량도 커서 좋구요 많이 들어가서 좋아요",
    "Source": "쇼핑몰",
    "Domain": "가전",
    "MainCategory": "생활/미용/욕실가전",
    "ProductName": "트롬 LG전자 워시타워 W17WTA",
    "ReviewScore": "5",
    "Syllable": "90",
    "Word": "23",
    "RDate": "20220219",
    "GeneralPolarity": "1",
    "Aspects": [
      {
        "Aspect": "디자인",
        "SentimentText": "일단 외관상 눈에 확 띄는 디자인이랑 화이트와 블랙 색깔은 기대만큼 예쁘네요",
        "SentimentWord": "11",
        "SentimentPolarity": "1"
      },
      {
        "Aspect": "색상",
        "SentimentText": "화이트와 블랙 색깔은 기대만큼 예쁘네요",
        "SentimentWord": "5",
        "SentimentPolarity": "1"
      },
      {
        "Aspect": "용량",
        "SentimentText": " 용량도 커서 좋구요 많이 들어가서 좋아요",
        "SentimentWord": "6",
        "SentimentPolarity": "1"
      }
    ]
  },
  {
    "Index": "22572",
    "RawText": "유해세균 살균과 비이러스, 진드기에 냄새까지 제거하는 트루스팀기능이 너무 만족스러워요 또한 운동복이나 잠옷 등 소량 빨래를 1시간내 세탁부터 건조까지 빠르게 할 수 있어요",
    "Source": "쇼핑몰",
    "Domain": "가전",
    "MainCategory": "생활/미용/욕실가전",
    "ProductName": "트롬 LG전자 워시타워 W17WTA",
    "ReviewScore": "5",
    "Syllable": "95",
    "Word": "22",
    "RDate": "20220321",
    "GeneralPolarity": "1",
    "Aspects": [
      {
        "Aspect": "기능",
        "SentimentText": "유해세균 살균과 비이러스, 진드기에 냄새까지 제거하는 트루스팀기능이 너무 만족스러워요",
        "SentimentWord": "9",
        "SentimentPolarity": "1"
      },
      {
        "Aspect": "시간/속도",
        "SentimentText": "운동복이나 잠옷 등 소량 빨래를 1시간내 세탁부터 건조까지 빠르게 할 수 있어요",
        "SentimentWord": "12",
        "SentimentPolarity": "1"
      }
    ]
  },
  {
    "Index": "22573",
    "RawText": "용량 큰 거 찾아보다가 저희 집에 딱인 것 같아서 샀구요 써보니까 용량이 딱 좋네요 ㅎㅎ 표준 모드로만 세탁 돌려도 세탁 너무 잘되고요 건조기 다림기능까지 있어서 아주 좋습니다 가전은 OOO보다 OOO가 좋은 것 같아요",
    "Source": "쇼핑몰",
    "Domain": "가전",
    "MainCategory": "생활/미용/욕실가전",
    "ProductName": "트롬 LG전자 워시타워 W17WTA",
    "ReviewScore": "5",
    "Syllable": "122",
    "Word": "33",
    "RDate": "20220526",
    "GeneralPolarity": "1",
    "Aspects": [
      {
        "Aspect": "용량",
        "SentimentText": "써보니까 용량이 딱 좋네요 ㅎㅎ",
        "SentimentWord": "5",
        "SentimentPolarity": "1"
      },
      {
        "Aspect": "기능",
        "SentimentText": "표준 모드로만 세탁 돌려도 세탁 너무 잘되고요",
        "SentimentWord": "7",
        "SentimentPolarity": "1"
      },
      {
        "Aspect": "기능",
        "SentimentText": " 건조기 다림기능까지 있어서 아주 좋습니다",
        "SentimentWord": "5",
        "SentimentPolarity": "1"
      },
      {
        "Aspect": "제조일/제조사",
        "SentimentText": "가전은 OOO보다 OOO가 좋은 것 같아요",
        "SentimentWord": "6",
        "SentimentPolarity": "1"
      }
    ]
  },
  {
    "Index": "22574",
    "RawText": "흰색이라 무난하게 예쁘고요 오늘 빨래 돌려봤는데 세탁기, 건조기 둘 다 성능 만족합니다 역시 OOO 믿고 사길 잘 했네요",
    "Source": "쇼핑몰",
    "Domain": "가전",
    "MainCategory": "생활/미용/욕실가전",
    "ProductName": "트롬 LG전자 워시타워 W17WTA",
    "ReviewScore": "5",
    "Syllable": "67",
    "Word": "18",
    "RDate": "20220429",
    "GeneralPolarity": "1",
    "Aspects": [
      {
        "Aspect": "색상",
        "SentimentText": "흰색이라 무난하게 예쁘고요",
        "SentimentWord": "3",
        "SentimentPolarity": "1"
      },
      {
        "Aspect": "기능",
        "SentimentText": "오늘 빨래 돌려봤는데 세탁기, 건조기 둘 다 성능 만족합니다",
        "SentimentWord": "9",
        "SentimentPolarity": "1"
      },
      {
        "Aspect": "제조일/제조사",
        "SentimentText": "역시 OOO 믿고 사길 잘 했네요",
        "SentimentWord": "6",
        "SentimentPolarity": "1"
      }
    ]
  },
  {
    "Index": "22575",
    "RawText": "구매하고 10일 만에 왔네요 제 생각보다는 너무 늦게 왔어요 ㅠㅠ OOO 연결하면 원격으로도 작동돼서 편해요 역시 가전은 OOO",
    "Source": "쇼핑몰",
    "Domain": "가전",
    "MainCategory": "생활/미용/욕실가전",
    "ProductName": "트롬 LG전자 워시타워 W17WTA",
    "ReviewScore": "5",
    "Syllable": "71",
    "Word": "18",
    "RDate": "20220601",
    "GeneralPolarity": "1",
    "Aspects": [
      {
        "Aspect": "편의성",
        "SentimentText": "OOO 연결하면 원격으로도 작동돼서 편해요",
        "SentimentWord": "5",
        "SentimentPolarity": "1"
      },
      {
        "Aspect": "제조일/제조사",
        "SentimentText": "역시 가전은 OOO",
        "SentimentWord": "3",
        "SentimentPolarity": "1"
      }
    ]
  },
  {
    "Index": "22576",
    "RawText": "설명,설치 전부 만족스럽고, 배송기사들 노고는 감동이에요^^ 용량이 24kg라 왠만한 빨래는 한번에 해결해서 굿입니다 세탁기 건조기 성능도 빨래가 잘되고 잘마르니 단연 최고 지요~완전 만족스럽습니다. ",
    "Source": "쇼핑몰",
    "Domain": "가전",
    "MainCategory": "생활/미용/욕실가전",
    "ProductName": "트롬 LG전자 워시타워 W17WTA",
    "ReviewScore": "5",
    "Syllable": "112",
    "Word": "23",
    "RDate": "20220704",
    "GeneralPolarity": "1",
    "Aspects": [
      {
        "Aspect": "용량",
        "SentimentText": "용량이 24kg라 왠만한 빨래는 한번에 해결해서 굿입니다",
        "SentimentWord": "7",
        "SentimentPolarity": "1"
      },
      {
        "Aspect": "기능",
        "SentimentText": "세탁기 건조기 성능도 빨래가 잘되고 잘마르니 단연 최고 지요~완전 만족스럽습니다.",
        "SentimentWord": "10",
        "SentimentPolarity": "1"
      }
    ]
  },
  {
    "Index": "22577",
    "RawText": "화이트가 그냥 화이트가 아니라  백합처럼 고급져요  세탁기 엄청 잘 돌아가요 ",
    "Source": "쇼핑몰",
    "Domain": "가전",
    "MainCategory": "생활/미용/욕실가전",
    "ProductName": "트롬 LG전자 워시타워 W17WTA",
    "ReviewScore": "5",
    "Syllable": "43",
    "Word": "10",
    "RDate": "20220314",
    "GeneralPolarity": "1",
    "Aspects": [
      {
        "Aspect": "색상",
        "SentimentText": "화이트가 그냥 화이트가 아니라  백합처럼 고급져요",
        "SentimentWord": "6",
        "SentimentPolarity": "1"
      },
      {
        "Aspect": "기능",
        "SentimentText": "세탁기 엄청 잘 돌아가요",
        "SentimentWord": "4",
        "SentimentPolarity": "1"
      }
    ]
  },
  {
    "Index": "22578",
    "RawText": "세탁 용량이 24kg라 커서 좋아요 조작도 쉬워서 저같은 기계치한테 맞춤인 것 같아요 ",
    "Source": "쇼핑몰",
    "Domain": "가전",
    "MainCategory": "생활/미용/욕실가전",
    "ProductName": "트롬 LG전자 워시타워 W17WTA",
    "ReviewScore": "5",
    "Syllable": "48",
    "Word": "12",
    "RDate": "20220409",
    "GeneralPolarity": "1",
    "Aspects": [
      {
        "Aspect": "용량",
        "SentimentText": "세탁 용량이 24kg라 커서 좋아요",
        "SentimentWord": "5",
        "SentimentPolarity": "1"
      },
      {
        "Aspect": "조작성",
        "SentimentText": "조작도 쉬워서 저같은 기계치한테 맞춤인 것 같아요 ",
        "SentimentWord": "7",
        "SentimentPolarity": "1"
      }
    ]
  },
  {
    "Index": "22579",
    "RawText": "배송 잘 받았고,ㅇㅇㅇ기사님이 친절하게 설치 잘 해주셔서 감사해요! 색상이 화이트니 세탁실 전체가 환해져서 좋아요~세탁 건조 성능은 깨끗히 세탁되고 뽀송하게 잘 말라서 말할것 없이 대만족입니다!!",
    "Source": "쇼핑몰",
    "Domain": "가전",
    "MainCategory": "생활/미용/욕실가전",
    "ProductName": "트롬 LG전자 워시타워 W17WTA",
    "ReviewScore": "5",
    "Syllable": "109",
    "Word": "24",
    "RDate": "20220221",
    "Aspects": [
      {
        "Aspect": "색상",
        "SentimentText": "색상이 화이트니 세탁실 전체가 환해져서 좋아요~",
        "SentimentWord": "6",
        "SentimentPolarity": "1"
      },
      {
        "Aspect": "기능",
        "SentimentText": "세탁 건조 성능은 깨끗히 세탁되고 뽀송하게 잘 말라서 말할것 없이 대만족입니다!!",
        "SentimentWord": "11",
        "SentimentPolarity": "1"
      }
    ]
  },
  {
    "Index": "22580",
    "RawText": "세탁기,건조기 둘다 튼튼하네요~~ 10년이상 쓰겠어요 ㅎ ㅎ세탁,건조 둘다 잘되서 대 만족입니다! ",
    "Source": "쇼핑몰",
    "Domain": "가전",
    "MainCategory": "생활/미용/욕실가전",
    "ProductName": "트롬 LG전자 워시타워 W17WTA",
    "ReviewScore": "5",
    "Syllable": "55",
    "Word": "11",
    "RDate": "20220329",
    "Aspects": [
      {
        "Aspect": "내구성",
        "SentimentText": "세탁기,건조기 둘다 튼튼하네요~~ 10년이상 쓰겠어요 ㅎ ㅎ",
        "SentimentWord": "7",
        "SentimentPolarity": "1"
      },
      {
        "Aspect": "기능",
        "SentimentText": "세탁,건조 둘다 잘되서 대 만족입니다!",
        "SentimentWord": "5",
        "SentimentPolarity": "1"
      }
    ]
  },
  {
    "Index": "22581",
    "RawText": "세탁 건조 모두 사용하기 편해서 맘에 들어요. ㅇㅇㅇ랑 비교하고 고민했지만 깔끔한 디자인이 맘에 들어서 이제품으로 당첨! ",
    "Source": "쇼핑몰",
    "Domain": "가전",
    "MainCategory": "생활/미용/욕실가전",
    "ProductName": "트롬 LG전자 워시타워 W17WTA",
    "ReviewScore": "4",
    "Syllable": "68",
    "Word": "16",
    "RDate": "20220407",
    "GeneralPolarity": "1",
    "Aspects": [
      {
        "Aspect": "디자인",
        "SentimentText": "깔끔한 디자인이 맘에 들어서 이제품으로 당첨!",
        "SentimentWord": "6",
        "SentimentPolarity": "1"
      },
      {
        "Aspect": "편의성",
        "SentimentText": "세탁 건조 모두 사용하기 편해서 맘에 들어요.",
        "SentimentWord": "7",
        "SentimentPolarity": "1"
      }
    ]
  },
  {
    "Index": "22582",
    "RawText": "저렴한  가격으로 구입했어요~~  드럼이 세탁력이 안좋다 해서 고민 많았는데 그냥 일체형으로 구매 완료 드럼세탁기 빨래 잘 빨리고 너무 좋습니다. ^^",
    "Source": "쇼핑몰",
    "Domain": "가전",
    "MainCategory": "생활/미용/욕실가전",
    "ProductName": "트롬 LG전자 워시타워 W17WTA",
    "ReviewScore": "5",
    "Syllable": "84",
    "Word": "20",
    "RDate": "20220711",
    "Aspects": [
      {
        "Aspect": "가격",
        "SentimentText": "저렴한  가격으로 구입했어요~~ ",
        "SentimentWord": "3",
        "SentimentPolarity": "1"
      },
      {
        "Aspect": "기능",
        "SentimentText": "드럼세탁기 빨래 잘 빨리고 너무 좋습니다. ^^",
        "SentimentWord": "7",
        "SentimentPolarity": "1"
      }
    ]
  },
  {
    "Index": "22583",
    "RawText": "호불호 없을것 같은 색상이라 샀는데 전 불호~ 사고 보니 별로예요. 제조일은 최근 날짜가 아니라 아쉬워요. ",
    "Source": "쇼핑몰",
    "Domain": "가전",
    "MainCategory": "생활/미용/욕실가전",
    "ProductName": "트롬 LG전자 워시타워 W17WTA",
    "ReviewScore": "5",
    "Syllable": "60",
    "Word": "15",
    "RDate": "20211208",
    "GeneralPolarity": "-1",
    "Aspects": [
      {
        "Aspect": "색상",
        "SentimentText": "호불호 없을것 같은 색상이라 샀는데 전 불호~ 사고 보니 별로예요.",
        "SentimentWord": "10",
        "SentimentPolarity": "-1"
      },
      {
        "Aspect": "제조일/제조사",
        "SentimentText": "제조일은 최근 날짜가 아니라 아쉬워요. ",
        "SentimentWord": "5",
        "SentimentPolarity": "-1"
      }
    ]
  },
  {
    "Index": "22585",
    "RawText": "배송이 빨랐고 기사도 매우 친절하셔서 좋아요. 아쉽게도 행사가 끝났지만 무척 사고 싶어서  할인없이 샀네요. 실물보니 생각외로  커서 놀라웠어요. 고장없이 오래오래 사용하고 싶어요.",
    "Source": "쇼핑몰",
    "Domain": "가전",
    "MainCategory": "생활/미용/욕실가전",
    "ProductName": "트롬 LG전자 워시타워 W17WTA",
    "ReviewScore": "5",
    "Syllable": "101",
    "Word": "22",
    "RDate": "20211220",
    "Aspects": [
      {
        "Aspect": "가격",
        "SentimentText": "아쉽게도 행사가 끝났지만 무척 사고 싶어서  할인없이 샀네요. ",
        "SentimentWord": "8",
        "SentimentPolarity": "-1"
      },
      {
        "Aspect": "사이즈",
        "SentimentText": "실물보니 생각외로  커서 놀라웠어요.",
        "SentimentWord": "4",
        "SentimentPolarity": "0"
      }
    ]
  },
  {
    "Index": "22586",
    "RawText": "빠르게 배송되었고 기사님들 매우 친절하셨고 작업 공간 좁은데 감사드려요. 단정한 디자인이 너무 이뻤어요. 기능은 참 많아 의류에 맞춰 쓸수 있어 좋아요.",
    "Source": "쇼핑몰",
    "Domain": "가전",
    "MainCategory": "생활/미용/욕실가전",
    "ProductName": "트롬 LG전자 워시타워 W17WTA",
    "ReviewScore": "5",
    "Syllable": "85",
    "Word": "21",
    "RDate": "20220814",
    "Aspects": [
      {
        "Aspect": "디자인",
        "SentimentText": "단정한 디자인이 너무 이뻤어요. ",
        "SentimentWord": "4",
        "SentimentPolarity": "1"
      },
      {
        "Aspect": "기능",
        "SentimentText": "기능은 참 많아 의류에 맞춰 쓸수 있어 좋아요. ",
        "SentimentWord": "8",
        "SentimentPolarity": "1"
      }
    ]
  },
  {
    "Index": "22587",
    "RawText": "외관은 정말 군더더기없이 깔끔하고 좋습니다.~ 빨래 세탁이랑 건조같은 기능이야  말이 필요 없을 만큼  엄청 좋습니다!!",
    "Source": "쇼핑몰",
    "Domain": "가전",
    "MainCategory": "생활/미용/욕실가전",
    "ProductName": "트롬 LG전자 워시타워 W17WTA",
    "ReviewScore": "5",
    "Syllable": "67",
    "Word": "15",
    "RDate": "20220801",
    "Aspects": [
      {
        "Aspect": "디자인",
        "SentimentText": " 외관은 정말 군더더기없이 깔끔하고 좋습니다.~ ",
        "SentimentWord": "5",
        "SentimentPolarity": "1"
      },
      {
        "Aspect": "기능",
        "SentimentText": "빨래 세탁이랑 건조같은 기능이야  말이 필요 없을 만큼  엄청 좋습니다!!",
        "SentimentWord": "10",
        "SentimentPolarity": "1"
      }
    ]
  },
  {
    "Index": "22588",
    "RawText": "제품은 쓸수록 빛이 나요. 너무 만족스러워요. 가전은 역시 000가 짱입니다!!! ",
    "Source": "쇼핑몰",
    "Domain": "가전",
    "MainCategory": "생활/미용/욕실가전",
    "ProductName": "트롬 LG전자 워시타워 W17WTA",
    "ReviewScore": "5",
    "Syllable": "46",
    "Word": "10",
    "RDate": "20220326",
    "GeneralPolarity": "1",
    "Aspects": [
      {
        "Aspect": "제조일/제조사",
        "SentimentText": "가전은 역시 000가 짱입니다!!!",
        "SentimentWord": "4",
        "SentimentPolarity": "1"
      },
      {
        "Aspect": "품질",
        "SentimentText": "제품은 쓸수록 빛이 나요. 너무 만족스러워요. ",
        "SentimentWord": "6",
        "SentimentPolarity": "1"
      }
    ]
  },
  {
    "Index": "22589",
    "RawText": "지정 배송일 잘 지켰고 설치도 잘해줬어요. 건조기 빨래는 눅눅함 없이 잘 말라 좋아요. 건조 속도는 시간이 좀 오래 걸려 아쉬워요.",
    "Source": "쇼핑몰",
    "Domain": "가전",
    "MainCategory": "생활/미용/욕실가전",
    "ProductName": "트롬 LG전자 워시타워 W17WTA",
    "ReviewScore": "3",
    "Syllable": "73",
    "Word": "20",
    "RDate": "20220321",
    "Aspects": [
      {
        "Aspect": "기능",
        "SentimentText": "건조기 빨래는 눅눅함 없이 잘 말라 좋아요. ",
        "SentimentWord": "7",
        "SentimentPolarity": "1"
      },
      {
        "Aspect": "시간/속도",
        "SentimentText": "건조 속도는 시간이 좀 오래 걸려 아쉬워요. ",
        "SentimentWord": "7",
        "SentimentPolarity": "0"
      }
    ]
  },
  {
    "Index": "22590",
    "RawText": "예상외로 세탁 건조 시간이 오래걸리지 않아 괜찮아요... 제품 스틸 소재는 튼튼해 보여 그럭저럭 괜찮네요.",
    "Source": "쇼핑몰",
    "Domain": "가전",
    "MainCategory": "생활/미용/욕실가전",
    "ProductName": "트롬 LG전자 워시타워 W17WTA",
    "ReviewScore": "5",
    "Syllable": "59",
    "Word": "14",
    "RDate": "20220115",
    "Aspects": [
      {
        "Aspect": "시간/속도",
        "SentimentText": "예상외로 세탁 건조 시간이 오래걸리지 않아 괜찮아요...",
        "SentimentWord": "7",
        "SentimentPolarity": "0"
      },
      {
        "Aspect": "소재",
        "SentimentText": "제품 스틸 소재는 튼튼해 보여 그럭저럭 괜찮네요. ",
        "SentimentWord": "7",
        "SentimentPolarity": "0"
      }
    ]
  },
  {
    "Index": "22591",
    "RawText": "따끈따끈 뽀송뽀송한 갓 건조된 빨래들을 꺼내는 기분이 너~무 좋아요^^ 가전은 역시 000전자 저의 최애 가전브랜드입니다.",
    "Source": "쇼핑몰",
    "Domain": "가전",
    "MainCategory": "생활/미용/욕실가전",
    "ProductName": "트롬 LG전자 워시타워 W17WTA",
    "ReviewScore": "5",
    "Syllable": "68",
    "Word": "15",
    "RDate": "20220120",
    "Aspects": [
      {
        "Aspect": "기능",
        "SentimentText": "따끈따끈 뽀송뽀송한 갓 건조된 빨래들을 꺼내는 기분이 너~무 좋아요^^ ",
        "SentimentWord": "9",
        "SentimentPolarity": "1"
      },
      {
        "Aspect": "제조일/제조사",
        "SentimentText": "가전은 역시 000전자 저의 최애 가전브랜드입니다. ",
        "SentimentWord": "6",
        "SentimentPolarity": "1"
      }
    ]
  },
  {
    "Index": "22592",
    "RawText": "일주일정도 걸려 배송 받았고 깔끔하게 설치해주셨어요. 세탁기 돌릴수록 성능은 더 만족스러워요. 생각외로 화이트가 세탁실에 잘어울려 좋아요.",
    "Source": "쇼핑몰",
    "Domain": "가전",
    "MainCategory": "생활/미용/욕실가전",
    "ProductName": "트롬 LG전자 워시타워 W17WTA",
    "ReviewScore": "5",
    "Syllable": "77",
    "Word": "16",
    "RDate": "20220316",
    "Aspects": [
      {
        "Aspect": "기능",
        "SentimentText": "세탁기 돌릴수록 성능은 더 만족스러워요. ",
        "SentimentWord": "5",
        "SentimentPolarity": "1"
      },
      {
        "Aspect": "색상",
        "SentimentText": "생각외로 화이트가 세탁실에 잘어울려 좋아요. ",
        "SentimentWord": "5",
        "SentimentPolarity": "1"
      }
    ]
  },
  {
    "Index": "22593",
    "RawText": "할인중인 모델로 싸게 쌌어요~ ㅇㅇㅇ 한자리에서  빨래 세탁,건조 잘되서 편하고 좋습니다. 굳굳^^ ",
    "Source": "쇼핑몰",
    "Domain": "가전",
    "MainCategory": "생활/미용/욕실가전",
    "ProductName": "트롬 LG전자 워시타워 W17WTA",
    "ReviewScore": "5",
    "Syllable": "56",
    "Word": "12",
    "RDate": "20211110",
    "GeneralPolarity": "1",
    "Aspects": [
      {
        "Aspect": "가격",
        "SentimentText": "할인중인 모델로 싸게 쌌어요~",
        "SentimentWord": "4",
        "SentimentPolarity": "1"
      },
      {
        "Aspect": "편의성",
        "SentimentText": "ㅇㅇㅇ 한자리에서  빨래 세탁,건조 잘되서 편하고 좋습니다. 굳굳^^",
        "SentimentWord": "8",
        "SentimentPolarity": "1"
      }
    ]
  },
  {
    "Index": "22595",
    "RawText": "시간지정해서 작동하시는게 시간이 더 절약되고 좋아요^^ 건조기 높이도 적당해서 빨래 넣고 뺄때 편리하게 잘 사용할수 있어요.",
    "Source": "쇼핑몰",
    "Domain": "가전",
    "MainCategory": "생활/미용/욕실가전",
    "ProductName": "트롬 LG전자 워시타워 W17WTA",
    "ReviewScore": "5",
    "Syllable": "69",
    "Word": "16",
    "RDate": "20211202",
    "Aspects": [
      {
        "Aspect": "시간/속도",
        "SentimentText": "시간지정해서 작동하시는게 시간이 더 절약되고 좋아요^^ ",
        "SentimentWord": "6",
        "SentimentPolarity": "1"
      },
      {
        "Aspect": "편의성",
        "SentimentText": "건조기 높이도 적당해서 빨래 넣고 뺄때 편리하게 잘 사용할수 있어요. ",
        "SentimentWord": "10",
        "SentimentPolarity": "1"
      }
    ]
  },
  {
    "Index": "22596",
    "RawText": "용량은 커서 겨울솜이불도 가뿐히 들어가 좋아요. 슬림한 디자인은 다용도실에 여유공간을 생기게 해서 좋아요.",
    "Source": "쇼핑몰",
    "Domain": "가전",
    "MainCategory": "생활/미용/욕실가전",
    "ProductName": "트롬 LG전자 워시타워 W17WTA",
    "ReviewScore": "5",
    "Syllable": "59",
    "Word": "13",
    "RDate": "20211203",
    "GeneralPolarity": "1",
    "Aspects": [
      {
        "Aspect": "용량",
        "SentimentText": "용량은 커서 겨울솜이불도 가뿐히 들어가 좋아요.",
        "SentimentWord": "6",
        "SentimentPolarity": "1"
      },
      {
        "Aspect": "디자인",
        "SentimentText": "슬림한 디자인은 다용도실에 여유공간을 생기게 해서 좋아요. ",
        "SentimentWord": "7",
        "SentimentPolarity": "1"
      }
    ]
  },
  {
    "Index": "22597",
    "RawText": "본사에서 직접설치 해주고, 친절하게 사용법과 주의사항을 안내 해주셨어요, 지정한 날짜와 시간을 지켜줘서 좋았어요^^ 제품은 디자인이 너무 예뻐서 맘에 속 들어요~ 빨래가 잘되는 성능 또한 무척 좋네요^^",
    "Source": "쇼핑몰",
    "Domain": "가전",
    "MainCategory": "생활/미용/욕실가전",
    "ProductName": "트롬 LG전자 워시타워 W17WTA",
    "ReviewScore": "5",
    "Syllable": "113",
    "Word": "26",
    "RDate": "20220621",
    "Aspects": [
      {
        "Aspect": "디자인",
        "SentimentText": " 제품은 디자인이 너무 예뻐서 맘에 속 들어요~ ",
        "SentimentWord": "7",
        "SentimentPolarity": "1"
      },
      {
        "Aspect": "기능",
        "SentimentText": "빨래가 잘되는 성능 또한 무척 좋네요^^",
        "SentimentWord": "6",
        "SentimentPolarity": "1"
      }
    ]
  },
  {
    "Index": "22598",
    "RawText": "엄마 선물드렸어요. 생각보다 사이즈가 커서 깜짝 놀랐어요. ^^;;;  용량은 커서 너무 맘에 들어요~",
    "Source": "쇼핑몰",
    "Domain": "가전",
    "MainCategory": "생활/미용/욕실가전",
    "ProductName": "트롬 LG전자 워시타워 W17WTA",
    "ReviewScore": "5",
    "Syllable": "57",
    "Word": "13",
    "RDate": "20220822",
    "Aspects": [
      {
        "Aspect": "사이즈",
        "SentimentText": "생각보다 사이즈가 커서 깜짝 놀랐어요. ^^;;; ",
        "SentimentWord": "6",
        "SentimentPolarity": "0"
      },
      {
        "Aspect": "용량",
        "SentimentText": " 용량은 커서 너무 맘에 들어요~",
        "SentimentWord": "5",
        "SentimentPolarity": "1"
      }
    ]
  },
  {
    "Index": "22599",
    "RawText": "수건이 삶은 것처럼 뽀송해요~만족도 최고!!  착한 가격에 잘 산거 같아 기분이 좋습니다. 번창하세요.",
    "Source": "쇼핑몰",
    "Domain": "가전",
    "MainCategory": "생활/미용/욕실가전",
    "ProductName": "트롬 LG전자 워시타워 W17WTA",
    "ReviewScore": "5",
    "Syllable": "57",
    "Word": "13",
    "RDate": "20211124",
    "Aspects": [
      {
        "Aspect": "기능",
        "SentimentText": "수건이 삶은 것처럼 뽀송해요~만족도 최고!!",
        "SentimentWord": "5",
        "SentimentPolarity": "1"
      },
      {
        "Aspect": "가격",
        "SentimentText": "착한 가격에 잘 산거 같아 기분이 좋습니다. ",
        "SentimentWord": "7",
        "SentimentPolarity": "1"
      }
    ]
  },
  {
    "Index": "22601",
    "RawText": "총알배송에 놀랬어요.  작동할때 소음 조용해서 좋아요. 흰색제품은 다용도실 주변을 밝혀주는거 같아 흡족해요.",
    "Source": "쇼핑몰",
    "Domain": "가전",
    "MainCategory": "생활/미용/욕실가전",
    "ProductName": "트롬 LG전자 워시타워 W17WTA",
    "ReviewScore": "5",
    "Syllable": "60",
    "Word": "12",
    "RDate": "20220807",
    "GeneralPolarity": "1",
    "Aspects": [
      {
        "Aspect": "소음",
        "SentimentText": "작동할때 소음 조용해서 좋아요. ",
        "SentimentWord": "4",
        "SentimentPolarity": "1"
      },
      {
        "Aspect": "색상",
        "SentimentText": "흰색제품은 다용도실 주변을 밝혀주는거 같아 흡족해요. ",
        "SentimentWord": "6",
        "SentimentPolarity": "1"
      }
    ]
  },
  {
    "Index": "22603",
    "RawText": "카드할인행사로 다른데보다 싸게 구매했어요~~ 근데 타워 상단이 들떠있는데 점검 받으니 하자가 아니므로 그냥 쓰래서 불쾌해요. 기능 이상은 없지만 신경쓰여요. ",
    "Source": "쇼핑몰",
    "Domain": "가전",
    "MainCategory": "생활/미용/욕실가전",
    "ProductName": "트롬 LG전자 워시타워 W17WTA",
    "ReviewScore": "5",
    "Syllable": "88",
    "Word": "19",
    "RDate": "20211208",
    "GeneralPolarity": "0",
    "Aspects": [
      {
        "Aspect": "가격",
        "SentimentText": "카드할인행사로 다른데보다 싸게 구매했어요~~",
        "SentimentWord": "4",
        "SentimentPolarity": "1"
      },
      {
        "Aspect": "품질",
        "SentimentText": "상단이 들떠있는데 점검 받으니 하자가 아니므로 그냥 쓰래서 불쾌해요. 기능 이상은 없지만 신경쓰여요. ",
        "SentimentWord": "13",
        "SentimentPolarity": "-1"
      }
    ]
  },
  {
    "Index": "22604",
    "RawText": "배송 빨라서 흡족해요. 세탁시 소음이 작아 만족합니다. 건조 속도가 빨라 시간도 조금 걸리니 좋네요. 하나의 패널로 되어 있어서 조작하기가 수월합니다  문은 좌우 선택이 안돼서 울집에선 사용시 불편해요.",
    "Source": "쇼핑몰",
    "Domain": "가전",
    "MainCategory": "생활/미용/욕실가전",
    "ProductName": "트롬 LG전자 워시타워 W17WTA",
    "ReviewScore": "5",
    "Syllable": "113",
    "Word": "27",
    "RDate": "20220408",
    "Aspects": [
      {
        "Aspect": "소음",
        "SentimentText": "세탁시 소음이 작아 만족합니다.",
        "SentimentWord": "4",
        "SentimentPolarity": "1"
      },
      {
        "Aspect": "시간/속도",
        "SentimentText": "건조 속도가 빨라 시간도 조금 걸리니 좋네요. ",
        "SentimentWord": "7",
        "SentimentPolarity": "1"
      },
      {
        "Aspect": "조작성",
        "SentimentText": "하나의 패널로 되어 있어서 조작하기가 수월합니다 ",
        "SentimentWord": "6",
        "SentimentPolarity": "1"
      },
      {
        "Aspect": "편의성",
        "SentimentText": "문은 좌우 선택이 안돼서 울집에선 사용시 불편해요.",
        "SentimentWord": "7",
        "SentimentPolarity": "-1"
      }
    ]
  },
  {
    "Index": "22605",
    "RawText": "빨래건조대 치워보니 집이 넓어지고 건조기로 빠르게 건조되니 급한빨래도 걱정없어서 굉장히 편리합니다^^ 이불이랑 베개까지  얼마든지 세탁하고 ,건조하면 솜 쿠션은 푹신하게 살아나니 신기하고 진짜 좋습니다!!",
    "Source": "쇼핑몰",
    "Domain": "가전",
    "MainCategory": "생활/미용/욕실가전",
    "ProductName": "트롬 LG전자 워시타워 W17WTA",
    "ReviewScore": "5",
    "Syllable": "114",
    "Word": "23",
    "RDate": "20220703",
    "GeneralPolarity": "1",
    "Aspects": [
      {
        "Aspect": "편의성",
        "SentimentText": "건조기로 빠르게 건조되니 급한빨래도 걱정없어서 굉장히 편리합니다^^",
        "SentimentWord": "7",
        "SentimentPolarity": "1"
      },
      {
        "Aspect": "기능",
        "SentimentText": "이불이랑 베개까지  얼마든지 세탁하고 ,건조하면 솜 쿠션은 푹신하게 살아나니 신기하고 진짜 좋습니다!!",
        "SentimentWord": "12",
        "SentimentPolarity": "1"
      }
    ]
  },
  {
    "Index": "22606",
    "RawText": "빨래가 깨끗하게 빨아지니  빨래할 맘이 생기네요.며칠새 10만원정도 가격이 떨어지다니 실화인가요?살짝 빈정 상하네요.제품은 디자인이 좋아서 무척 만족하면서 사용중입니다.",
    "Source": "쇼핑몰",
    "Domain": "가전",
    "MainCategory": "생활/미용/욕실가전",
    "ProductName": "트롬 LG전자 워시타워 W17WTA",
    "ReviewScore": "5",
    "Syllable": "94",
    "Word": "17",
    "RDate": "20220411",
    "GeneralPolarity": "1",
    "Aspects": [
      {
        "Aspect": "기능",
        "SentimentText": "빨래가 깨끗하게 빨아지니  빨래할 맘이 생기네요",
        "SentimentWord": "6",
        "SentimentPolarity": "1"
      },
      {
        "Aspect": "가격",
        "SentimentText": "며칠새 10만원정도 가격이 떨어지다니 실화인가요?살짝 빈정 상하네요.",
        "SentimentWord": "7",
        "SentimentPolarity": "-1"
      },
      {
        "Aspect": "디자인",
        "SentimentText": "제품은 디자인이 좋아서 무척 만족하면서 사용중입니다.",
        "SentimentWord": "6",
        "SentimentPolarity": "1"
      }
    ]
  },
  {
    "Index": "22608",
    "RawText": "설치후에 사용해보니 세탁기,건조기 생각보다 조용하네요~~ 좁은 공간 설치인데 생각보다 자리차지가 적어서  맘에 들어요. ",
    "Source": "쇼핑몰",
    "Domain": "가전",
    "MainCategory": "생활/미용/욕실가전",
    "ProductName": "트롬 LG전자 워시타워 W17WTA",
    "ReviewScore": "4",
    "Syllable": "67",
    "Word": "13",
    "RDate": "20220403",
    "GeneralPolarity": "1",
    "Aspects": [
      {
        "Aspect": "소음",
        "SentimentText": " 세탁기,건조기 생각보다 조용하네요~~",
        "SentimentWord": "3",
        "SentimentPolarity": "1"
      },
      {
        "Aspect": "사이즈",
        "SentimentText": "좁은 공간 설치인데 생각보다 자리차지가 적어서  맘에 들어요.",
        "SentimentWord": "8",
        "SentimentPolarity": "1"
      }
    ]
  },
  {
    "Index": "22610",
    "RawText": "세탁 엄청 잘되네요~건조기도 장난아닌데요!!성능 짱!!!  가격도 저렴해서 대 만족이네요^^ ",
    "Source": "쇼핑몰",
    "Domain": "가전",
    "MainCategory": "생활/미용/욕실가전",
    "ProductName": "트롬 LG전자 워시타워 W17WTA",
    "ReviewScore": "5",
    "Syllable": "52",
    "Word": "9",
    "RDate": "20220629",
    "GeneralPolarity": "1",
    "Aspects": [
      {
        "Aspect": "기능",
        "SentimentText": "세탁 엄청 잘되네요~건조기도 장난아닌데요!!성능 짱!!! ",
        "SentimentWord": "5",
        "SentimentPolarity": "1"
      },
      {
        "Aspect": "가격",
        "SentimentText": "가격도 저렴해서 대 만족이네요^^",
        "SentimentWord": "4",
        "SentimentPolarity": "1"
      }
    ]
  },
  {
    "Index": "22611",
    "RawText": "급할때 사서 들여놔서 장미기간엔 고생 했지만,착한가격에 구입해서 만족스럽습니다. 먼지, 진드기 제거 이불 빨래 털기 기능이 있어 쾌적하네요~",
    "Source": "쇼핑몰",
    "Domain": "가전",
    "MainCategory": "생활/미용/욕실가전",
    "ProductName": "트롬 LG전자 워시타워 W17WTA",
    "ReviewScore": "5",
    "Syllable": "78",
    "Word": "17",
    "RDate": "20220713",
    "Aspects": [
      {
        "Aspect": "가격",
        "SentimentText": "급할때 사서 들여놔서 장미기간엔 고생 했지만,착한가격에 구입해서 만족스럽습니다.",
        "SentimentWord": "8",
        "SentimentPolarity": "1"
      },
      {
        "Aspect": "기능",
        "SentimentText": "먼지, 진드기 제거 이불 빨래 털기 기능이 있어 쾌적하네요~",
        "SentimentWord": "9",
        "SentimentPolarity": "1"
      }
    ]
  },
  {
    "Index": "22612",
    "RawText": "ㅇㅇㅇ와  비교하고, 고민해서 ㅇㅇㅇ를  구매했어요.가격이 좀 싸진 않지만, 제값을 하는 제품이라 만족합니다.건조기 작동해보니 생각보다 시간이 오래걸려 아쉬웠어요",
    "Source": "쇼핑몰",
    "Domain": "가전",
    "MainCategory": "생활/미용/욕실가전",
    "ProductName": "트롬 LG전자 워시타워 W17WTA",
    "ReviewScore": "5",
    "Syllable": "90",
    "Word": "17",
    "RDate": "20220406",
    "GeneralPolarity": "0",
    "Aspects": [
      {
        "Aspect": "가격",
        "SentimentText": "가격이 좀 싸진 않지만, 제값을 하는 제품이라 만족합니다",
        "SentimentWord": "8",
        "SentimentPolarity": "0"
      },
      {
        "Aspect": "시간/속도",
        "SentimentText": "건조기 작동해보니 생각보다 시간이 오래걸려 아쉬웠어요",
        "SentimentWord": "6",
        "SentimentPolarity": "-1"
      }
    ]
  },
  {
    "Index": "22613",
    "RawText": "ㅇㅇㅇ랑 한달정도 저울질 하다  ㅇㅇㅇ특가로 나왔길래  가격이 맘에 들어서 지체없이 질렀죠. 정말 조용해서 흐믓해요. 큰 빨래를 맘대로 돌리니 아주 편하고 좋습니다^^ 잘 쓸게요~",
    "Source": "쇼핑몰",
    "Domain": "가전",
    "MainCategory": "생활/미용/욕실가전",
    "ProductName": "트롬 LG전자 워시타워 W17WTA",
    "ReviewScore": "5",
    "Syllable": "100",
    "Word": "23",
    "RDate": "20220303",
    "GeneralPolarity": "1",
    "Aspects": [
      {
        "Aspect": "가격",
        "SentimentText": "ㅇㅇㅇ특가로 나왔길래  가격이 맘에 들어서 지체없이 질렀죠. ",
        "SentimentWord": "7",
        "SentimentPolarity": "1"
      },
      {
        "Aspect": "소음",
        "SentimentText": "정말 조용해서 흐믓해요. ",
        "SentimentWord": "3",
        "SentimentPolarity": "1"
      },
      {
        "Aspect": "편의성",
        "SentimentText": "큰 빨래를 맘대로 돌리니 아주 편하고 좋습니다^^ ",
        "SentimentWord": "7",
        "SentimentPolarity": "1"
      }
    ]
  },
  {
    "Index": "22614",
    "RawText": "여러회사 제품을  비교를 거듭하다가 가전의 명가 ooo을 선택해서 만족합니다.와이프는 세탁기를 큰걸로 바꾸길 원해서 샀더니 맘에 들어 합니다. 이제 큰이불 빨래를 얼마든지 할수있게되니 편해서 좋아합니다.",
    "Source": "쇼핑몰",
    "Domain": "가전",
    "MainCategory": "생활/미용/욕실가전",
    "ProductName": "트롬 LG전자 워시타워 W17WTA",
    "ReviewScore": "5",
    "Syllable": "113",
    "Word": "24",
    "RDate": "20220415",
    "GeneralPolarity": "1",
    "Aspects": [
      {
        "Aspect": "제조일/제조사",
        "SentimentText": "여러회사 제품을  비교를 거듭하다가 가전의 명가 ooo을 선택해서 만족합니다",
        "SentimentWord": "9",
        "SentimentPolarity": "1"
      },
      {
        "Aspect": "용량",
        "SentimentText": "와이프는 세탁기를 큰걸로 바꾸길 원해서 샀더니 맘에 들어 합니다.",
        "SentimentWord": "9",
        "SentimentPolarity": "1"
      },
      {
        "Aspect": "편의성",
        "SentimentText": " 이제 큰이불 빨래를 얼마든지 할수있게되니 편해서 좋아합니다.",
        "SentimentWord": "7",
        "SentimentPolarity": "1"
      }
    ]
  },
  {
    "Index": "22615",
    "RawText": "ㅇㅇㅇ세탁기10년쓰다 ㅇㅇ로바꿨더니 역시 ㅇㅇㅇ!! 믿고 쓰는 가전입니다. 세탁기 탈수할때 소음은 있어서 거슬려요. 건조기 처음 쓰는데  빨래널고걷는 수고를 안하니 매우 편리해요~설치기사들은 친절하고 수고많이해 주셔서 감사해요~만날 열일중이랍니다~^^",
    "Source": "쇼핑몰",
    "Domain": "가전",
    "MainCategory": "생활/미용/욕실가전",
    "ProductName": "트롬 LG전자 워시타워 W17WTA",
    "ReviewScore": "4",
    "Syllable": "140",
    "Word": "25",
    "RDate": "20220517",
    "Aspects": [
      {
        "Aspect": "제조일/제조사",
        "SentimentText": "ㅇㅇㅇ세탁기10년쓰다 ㅇㅇ로바꿨더니 역시 ㅇㅇㅇ!! 믿고 쓰는 가전입니다. ",
        "SentimentWord": "7",
        "SentimentPolarity": "1"
      },
      {
        "Aspect": "소음",
        "SentimentText": "세탁기 탈수할때 소음은 있어서 거슬려요.",
        "SentimentWord": "5",
        "SentimentPolarity": "-1"
      },
      {
        "Aspect": "편의성",
        "SentimentText": "건조기 처음 쓰는데  빨래널고걷는 수고를 안하니 매우 편리해요~",
        "SentimentWord": "8",
        "SentimentPolarity": "1"
      }
    ]
  },
  {
    "Index": "22616",
    "RawText": "겨울이불이 마지막 탈수에서 안되는경우가 간혹있었는데 용량이 커지니 걱정이 없네요  색상이 화사해서 세탁실이 환해졌네요^^",
    "Source": "쇼핑몰",
    "Domain": "가전",
    "MainCategory": "생활/미용/욕실가전",
    "ProductName": "트롬 LG전자 워시타워 W17WTA",
    "ReviewScore": "5",
    "Syllable": "67",
    "Word": "13",
    "RDate": "20220226",
    "Aspects": [
      {
        "Aspect": "용량",
        "SentimentText": "겨울이불이 마지막 탈수에서 안되는경우가 간혹있었는데 용량이 커지니 걱정이 없네요 ",
        "SentimentWord": "9",
        "SentimentPolarity": "1"
      },
      {
        "Aspect": "색상",
        "SentimentText": "색상이 화사해서 세탁실이 환해졌네요^^",
        "SentimentWord": "4",
        "SentimentPolarity": "1"
      }
    ]
  },
  {
    "Index": "22618",
    "RawText": "15년 만에하는 교체네요 기대한만큼 세탁기, 건조기 고급스럽게 너무 이쁘네요 .세탁기 빨래 잘되는 성능도이 좋아서 맘에 들어요. ",
    "Source": "쇼핑몰",
    "Domain": "가전",
    "MainCategory": "생활/미용/욕실가전",
    "ProductName": "트롬 LG전자 워시타워 W17WTA",
    "ReviewScore": "5",
    "Syllable": "72",
    "Word": "16",
    "RDate": "20211226",
    "GeneralPolarity": "1",
    "Aspects": [
      {
        "Aspect": "디자인",
        "SentimentText": "기대한만큼 세탁기, 건조기 고급스럽게 너무 이쁘네요",
        "SentimentWord": "6",
        "SentimentPolarity": "1"
      },
      {
        "Aspect": "기능",
        "SentimentText": "세탁기 빨래 잘되는 성능도이 좋아서 맘에 들어요",
        "SentimentWord": "7",
        "SentimentPolarity": "1"
      }
    ]
  },
  {
    "Index": "22619",
    "RawText": "용량이 예상했던것 보다 깊고 넓어요. 이불빨래 거뜬히 되서 완전 좋습니다. 주문후  4일밖에 안걸려서 받으니 엄청 좋았네요.ㅇㅇㅇ과 고민하고  ㅇㅇㅇ선택한건 탁월한 선택이었어요 가전은 역시 ㅇㅇㅇ죠!!",
    "Source": "쇼핑몰",
    "Domain": "가전",
    "MainCategory": "생활/미용/욕실가전",
    "ProductName": "트롬 LG전자 워시타워 W17WTA",
    "ReviewScore": "4",
    "Syllable": "112",
    "Word": "23",
    "RDate": "20220424",
    "GeneralPolarity": "1",
    "Aspects": [
      {
        "Aspect": "용량",
        "SentimentText": "용량이 예상했던것 보다 깊고 넓어요. 이불빨래 거뜬히 되서 완전 좋습니다",
        "SentimentWord": "10",
        "SentimentPolarity": "1"
      },
      {
        "Aspect": "제조일/제조사",
        "SentimentText": "ㅇㅇㅇ과 고민하고  ㅇㅇㅇ선택한건 탁월한 선택이었어요 가전은 역시 ㅇㅇㅇ죠!! ",
        "SentimentWord": "8",
        "SentimentPolarity": "1"
      }
    ]
  },
  {
    "Index": "22620",
    "RawText": "예상보다 용량이 커서 빨래 꽤 들어가니 맘에 들어요. 어플 연동이 잘되서 굉장히 편리하네요. 오프라인보다는 저렴하게 온라인 구입한건 신의 한수네요 무척 잘사서 좋습니다.",
    "Source": "쇼핑몰",
    "Domain": "가전",
    "MainCategory": "생활/미용/욕실가전",
    "ProductName": "트롬 LG전자 워시타워 W17WTA",
    "ReviewScore": "5",
    "Syllable": "94",
    "Word": "22",
    "RDate": "20220620",
    "GeneralPolarity": "1",
    "Aspects": [
      {
        "Aspect": "용량",
        "SentimentText": "예상보다 용량이 커서 빨래 꽤 들어가니 맘에 들어요. ",
        "SentimentWord": "8",
        "SentimentPolarity": "1"
      },
      {
        "Aspect": "조작성",
        "SentimentText": "어플 연동이 잘되서 굉장히 편리하네요.",
        "SentimentWord": "5",
        "SentimentPolarity": "1"
      },
      {
        "Aspect": "가격",
        "SentimentText": "오프라인보다는 저렴하게 온라인 구입한건 신의 한수네요 무척 잘사서 좋습니다.",
        "SentimentWord": "9",
        "SentimentPolarity": "1"
      }
    ]
  },
  {
    "Index": "22622",
    "RawText": "작동시 조용조용 해서 맘에 들어요^^  지금 건조기 사용중인데 뽀송하게 건조 잘되서 완전 대만족합니다!",
    "Source": "쇼핑몰",
    "Domain": "가전",
    "MainCategory": "생활/미용/욕실가전",
    "ProductName": "트롬 LG전자 워시타워 W17WTA",
    "ReviewScore": "5",
    "Syllable": "57",
    "Word": "13",
    "RDate": "20211120",
    "Aspects": [
      {
        "Aspect": "소음",
        "SentimentText": "작동시 조용조용 해서 맘에 들어요^^ ",
        "SentimentWord": "5",
        "SentimentPolarity": "1"
      },
      {
        "Aspect": "기능",
        "SentimentText": "지금 건조기 사용중인데 뽀송하게 건조 잘되서 완전 대만족합니다!",
        "SentimentWord": "8",
        "SentimentPolarity": "1"
      }
    ]
  },
  {
    "Index": "22623",
    "RawText": "제품 받아보고 블래과 화이트의 조화로운 색상이 대 만족입니다 굿굿!! 건조기 사용시 소음이 약간 있어서 신경쓰여요 ",
    "Source": "쇼핑몰",
    "Domain": "가전",
    "MainCategory": "생활/미용/욕실가전",
    "ProductName": "트롬 LG전자 워시타워 W17WTA",
    "ReviewScore": "5",
    "Syllable": "64",
    "Word": "15",
    "RDate": "20220310",
    "GeneralPolarity": "0",
    "Aspects": [
      {
        "Aspect": "색상",
        "SentimentText": "제품 받아보고 블래과 화이트의 조화로운 색상이 대 만족입니다 굿굿!!",
        "SentimentWord": "9",
        "SentimentPolarity": "1"
      },
      {
        "Aspect": "소음",
        "SentimentText": "건조기 사용시 소음이 약간 있어서 신경쓰여요",
        "SentimentWord": "6",
        "SentimentPolarity": "-1"
      }
    ]
  },
  {
    "Index": "22624",
    "RawText": "가격도 완전 저렴하고 흔들림과 진동은 없지만, 세탁기 돌아가는 소리가 당연스레 있어서 살짝 거슬리더라구요. 잘 사용할께요~ ",
    "Source": "쇼핑몰",
    "Domain": "가전",
    "MainCategory": "생활/미용/욕실가전",
    "ProductName": "트롬 LG전자 워시타워 W17WTA",
    "ReviewScore": "5",
    "Syllable": "69",
    "Word": "15",
    "RDate": "20220310",
    "GeneralPolarity": "0",
    "Aspects": [
      {
        "Aspect": "가격",
        "SentimentText": "가격도 완전 저렴하고",
        "SentimentWord": "3",
        "SentimentPolarity": "1"
      },
      {
        "Aspect": "소음",
        "SentimentText": "흔들림과 진동은 없지만, 세탁기 돌아가는 소리가 당연스레 있어서 살짝 거슬리더라구요. ",
        "SentimentWord": "10",
        "SentimentPolarity": "-1"
      }
    ]
  },
  {
    "Index": "22625",
    "RawText": "설치 해놓고 보니 디자인이 예뻐서 더 좋네요~ 컬러도  하얀게 너무 이쁘네요^^",
    "Source": "쇼핑몰",
    "Domain": "가전",
    "MainCategory": "생활/미용/욕실가전",
    "ProductName": "트롬 LG전자 워시타워 W17WTA",
    "ReviewScore": "5",
    "Syllable": "44",
    "Word": "11",
    "RDate": "20220409",
    "GeneralPolarity": "1",
    "Aspects": [
      {
        "Aspect": "디자인",
        "SentimentText": "설치 해놓고 보니 디자인이 예뻐서 더 좋네요~",
        "SentimentWord": "7",
        "SentimentPolarity": "1"
      },
      {
        "Aspect": "색상",
        "SentimentText": "컬러도  하얀게 너무 이쁘네요^^",
        "SentimentWord": "4",
        "SentimentPolarity": "1"
      }
    ]
  },
  {
    "Index": "22626",
    "RawText": "들어갈지 안들어 갈지 걱정했는데  딱 정말 깻잎.한장 차이로 들어가서 다행이에요^^ 사용하다 보니 건조시간이 길어서 불편합니다.",
    "Source": "쇼핑몰",
    "Domain": "가전",
    "MainCategory": "생활/미용/욕실가전",
    "ProductName": "트롬 LG전자 워시타워 W17WTA",
    "ReviewScore": "5",
    "Syllable": "71",
    "Word": "15",
    "RDate": "20211108",
    "Aspects": [
      {
        "Aspect": "사이즈",
        "SentimentText": "들어갈지 안들어 갈지 걱정했는데  딱 정말 깻잎.한장 차이로 들어가서 다행이에요^^",
        "SentimentWord": "10",
        "SentimentPolarity": "1"
      },
      {
        "Aspect": "시간/속도",
        "SentimentText": "사용하다 보니 건조시간이 길어서 불편합니다.",
        "SentimentWord": "5",
        "SentimentPolarity": "-1"
      }
    ]
  },
  {
    "Index": "22627",
    "RawText": "여름마다 빨래 건조할때면  안말라 꿉꿉했는데 빨래가 엄청 편해졌어요 빨래가 잘 빨아지고,건조도 잘되는게  작동 잘 해서 완전 좋아요^^잘쓸께요 ",
    "Source": "쇼핑몰",
    "Domain": "가전",
    "MainCategory": "생활/미용/욕실가전",
    "ProductName": "트롬 LG전자 워시타워 W17WTA",
    "ReviewScore": "5",
    "Syllable": "80",
    "Word": "17",
    "RDate": "20220625",
    "GeneralPolarity": "1",
    "Aspects": [
      {
        "Aspect": "편의성",
        "SentimentText": "여름마다 빨래 건조할때면  안말라 꿉꿉했는데 빨래가 엄청 편해졌어요",
        "SentimentWord": "8",
        "SentimentPolarity": "1"
      },
      {
        "Aspect": "기능",
        "SentimentText": "빨래가 잘 빨아지고,건조도 잘되는게  작동 잘 해서 완전 좋아요^^",
        "SentimentWord": "9",
        "SentimentPolarity": "1"
      }
    ]
  },
  {
    "Index": "22629",
    "RawText": "최저가로구입했네요 역시나 너무 만족합니다~!!,세탁기는 색상이  고급지고 이쁩니다^^잘 쓸께요~~",
    "Source": "쇼핑몰",
    "Domain": "가전",
    "MainCategory": "생활/미용/욕실가전",
    "ProductName": "트롬 LG전자 워시타워 W17WTA",
    "ReviewScore": "5",
    "Syllable": "54",
    "Word": "8",
    "RDate": "20220707",
    "Aspects": [
      {
        "Aspect": "가격",
        "SentimentText": "최저가로구입했네요 역시나 너무 만족합니다~!!",
        "SentimentWord": "4",
        "SentimentPolarity": "1"
      },
      {
        "Aspect": "색상",
        "SentimentText": "세탁기는 색상이  고급지고 이쁩니다^^",
        "SentimentWord": "4",
        "SentimentPolarity": "1"
      }
    ]
  },
  {
    "Index": "22630",
    "RawText": "이불이 뜨끈뜨끈 뽀송뽀송 잘건조되어 나와서 넘 좋았습니다 대리점보다는 매우 저렴히 구입해서 맘에 들어요~~감사해요!!^^",
    "Source": "쇼핑몰",
    "Domain": "가전",
    "MainCategory": "생활/미용/욕실가전",
    "ProductName": "트롬 LG전자 워시타워 W17WTA",
    "ReviewScore": "5",
    "Syllable": "67",
    "Word": "13",
    "RDate": "20220422",
    "Aspects": [
      {
        "Aspect": "기능",
        "SentimentText": " 이불이 뜨끈뜨끈 뽀송뽀송 잘건조되어 나와서 넘 좋았습니다",
        "SentimentWord": "7",
        "SentimentPolarity": "1"
      },
      {
        "Aspect": "가격",
        "SentimentText": "대리점보다는 매우 저렴히 구입해서 맘에 들어요~~",
        "SentimentWord": "6",
        "SentimentPolarity": "1"
      }
    ]
  },
  {
    "Index": "22631",
    "RawText": "건조시 소음이 심해요.....힘이 좋으니  세탁과 건조가  굉장히 잘되서 만족합니다. ",
    "Source": "쇼핑몰",
    "Domain": "가전",
    "MainCategory": "생활/미용/욕실가전",
    "ProductName": "트롬 LG전자 워시타워 W17WTA",
    "ReviewScore": "5",
    "Syllable": "48",
    "Word": "9",
    "RDate": "20220813",
    "GeneralPolarity": "0",
    "Aspects": [
      {
        "Aspect": "소음",
        "SentimentText": "건조시 소음이 심해요.....",
        "SentimentWord": "3",
        "SentimentPolarity": "-1"
      },
      {
        "Aspect": "기능",
        "SentimentText": "힘이 좋으니  세탁과 건조가  굉장히 잘되서 만족합니다.",
        "SentimentWord": "7",
        "SentimentPolarity": "1"
      }
    ]
  },
  {
    "Index": "22632",
    "RawText": "소량 급속을 많이 하는데 급속이라는 말이 무색하게 오래 걸립니다. 실제보니 생각보다 커서  보기에도 부담스럽습니다. ",
    "Source": "쇼핑몰",
    "Domain": "가전",
    "MainCategory": "생활/미용/욕실가전",
    "ProductName": "트롬 LG전자 워시타워 W17WTA",
    "ReviewScore": "5",
    "Syllable": "65",
    "Word": "14",
    "RDate": "20220504",
    "GeneralPolarity": "-1",
    "Aspects": [
      {
        "Aspect": "시간/속도",
        "SentimentText": "소량 급속을 많이 하는데 급속이라는 말이 무색하게 오래 걸립니다.",
        "SentimentWord": "9",
        "SentimentPolarity": "-1"
      },
      {
        "Aspect": "사이즈",
        "SentimentText": "실제보니 생각보다 커서  보기에도 부담스럽습니다.",
        "SentimentWord": "5",
        "SentimentPolarity": "-1"
      }
    ]
  },
  {
    "Index": "22633",
    "RawText": "기사님이 고생하고 바로 진행해 주셔서 감사했어요.제품 색상이  정말 마음에 들고요~ 건조는 뽀송하게 잘 마르니 기대이상이에요^^ 바꿔서 대만족입니다.",
    "Source": "쇼핑몰",
    "Domain": "가전",
    "MainCategory": "생활/미용/욕실가전",
    "ProductName": "트롬 LG전자 워시타워 W17WTA",
    "ReviewScore": "5",
    "Syllable": "83",
    "Word": "17",
    "RDate": "20220714",
    "GeneralPolarity": "1",
    "Aspects": [
      {
        "Aspect": "색상",
        "SentimentText": "제품 색상이  정말 마음에 들고요~ ",
        "SentimentWord": "5",
        "SentimentPolarity": "1"
      },
      {
        "Aspect": "기능",
        "SentimentText": "건조는 뽀송하게 잘 마르니 기대이상이에요^^",
        "SentimentWord": "5",
        "SentimentPolarity": "1"
      }
    ]
  },
  {
    "Index": "22635",
    "RawText": "세탁기 깨끗히 세탁되고,건조기 건조 잘되니 아주 좋아요^^ 높이가 다른 제품보다 안 높아서 맘에 들어요. 기사님도 친절해서 좋았어요.",
    "Source": "쇼핑몰",
    "Domain": "가전",
    "MainCategory": "생활/미용/욕실가전",
    "ProductName": "트롬 LG전자 워시타워 W17WTA",
    "ReviewScore": "5",
    "Syllable": "74",
    "Word": "17",
    "RDate": "20220511",
    "GeneralPolarity": "1",
    "Aspects": [
      {
        "Aspect": "기능",
        "SentimentText": "세탁기 깨끗히 세탁되고,건조기 건조 잘되니 아주 좋아요^^",
        "SentimentWord": "7",
        "SentimentPolarity": "1"
      },
      {
        "Aspect": "사이즈",
        "SentimentText": "높이가 다른 제품보다 안 높아서 맘에 들어요.",
        "SentimentWord": "7",
        "SentimentPolarity": "1"
      }
    ]
  },
  {
    "Index": "22636",
    "RawText": "세탁기 건조기 정말 좋네요~~세탁,건조 잘 되요 건조는 생각외로 뽀송하게 잘되서 대만족입니다.건조기 사용해보고 싶었는데 널고 걷지않고도 편하게 건조되니 진짜 좋네요잘 쓸께요 사업 번창하길 바래요",
    "Source": "쇼핑몰",
    "Domain": "가전",
    "MainCategory": "생활/미용/욕실가전",
    "ProductName": "트롬 LG전자 워시타워 W17WTA",
    "ReviewScore": "5",
    "Syllable": "108",
    "Word": "23",
    "RDate": "20220708",
    "GeneralPolarity": "1",
    "Aspects": [
      {
        "Aspect": "기능",
        "SentimentText": "세탁기 건조기 정말 좋네요~~세탁,건조 잘 되요 건조는 생각외로 뽀송하게 잘되서 대만족입니다",
        "SentimentWord": "11",
        "SentimentPolarity": "1"
      },
      {
        "Aspect": "편의성",
        "SentimentText": "건조기 사용해보고 싶었는데 널고 걷지않고도 편하게 건조되니 진짜 좋네요",
        "SentimentWord": "9",
        "SentimentPolarity": "1"
      }
    ]
  },
  {
    "Index": "22637",
    "RawText": "세탁기 건조기 둘다 소음 없어서 맘에 들어요, 힘안들이고 빨래 잘되니 사용하기 편리해요. 기사님이 밤 늦게 오셨지만 잘해주셔서 만족해요.",
    "Source": "쇼핑몰",
    "Domain": "가전",
    "MainCategory": "생활/미용/욕실가전",
    "ProductName": "트롬 LG전자 워시타워 W17WTA",
    "ReviewScore": "5",
    "Syllable": "76",
    "Word": "18",
    "RDate": "20220615",
    "GeneralPolarity": "1",
    "Aspects": [
      {
        "Aspect": "소음",
        "SentimentText": "세탁기 건조기 둘다 소음 없어서 맘에 들어요",
        "SentimentWord": "7",
        "SentimentPolarity": "1"
      },
      {
        "Aspect": "편의성",
        "SentimentText": "힘안들이고 빨래 잘되니 사용하기 편리해요.",
        "SentimentWord": "5",
        "SentimentPolarity": "1"
      }
    ]
  },
  {
    "Index": "22638",
    "RawText": "세탁기 건조기는 빨래를 편하게 해주니  좋고, 디자인이 너무나 이뻐서 볼수록 맘에 들어요ㅎ 기사님도 설명 잘해주고, 상담원도 아주 친절네요.ㅇㅇㅇ유통 최고에요",
    "Source": "쇼핑몰",
    "Domain": "가전",
    "MainCategory": "생활/미용/욕실가전",
    "ProductName": "트롬 LG전자 워시타워 W17WTA",
    "ReviewScore": "5",
    "Syllable": "88",
    "Word": "19",
    "RDate": "20211224",
    "GeneralPolarity": "1",
    "Aspects": [
      {
        "Aspect": "편의성",
        "SentimentText": "세탁기 건조기는 빨래를 편하게 해주니  좋고, ",
        "SentimentWord": "6",
        "SentimentPolarity": "1"
      },
      {
        "Aspect": "디자인",
        "SentimentText": " 디자인이 너무나 이뻐서 볼수록 맘에 들어요ㅎ",
        "SentimentWord": "6",
        "SentimentPolarity": "1"
      }
    ]
  },
  {
    "Index": "22639",
    "RawText": "세탁기가 디자인이 예뻐서  자체로 훌륭한 인테리어가 완성되네요~세탁기, 건조기 각각 쓸때보다 ㅇㅇㅇ가 세탁,건조시간은  빨라서  완전 만족합니다",
    "Source": "쇼핑몰",
    "Domain": "가전",
    "MainCategory": "생활/미용/욕실가전",
    "ProductName": "트롬 LG전자 워시타워 W17WTA",
    "ReviewScore": "5",
    "Syllable": "80",
    "Word": "15",
    "RDate": "20220111",
    "GeneralPolarity": "1",
    "Aspects": [
      {
        "Aspect": "디자인",
        "SentimentText": "세탁기가 디자인이 예뻐서  자체로 훌륭한 인테리어가 완성되네요~",
        "SentimentWord": "7",
        "SentimentPolarity": "1"
      },
      {
        "Aspect": "시간/속도",
        "SentimentText": "세탁기, 건조기 각각 쓸때보다 ㅇㅇㅇ가 세탁,건조시간은  빨라서  완전 만족합니다",
        "SentimentWord": "9",
        "SentimentPolarity": "1"
      }
    ]
  },
  {
    "Index": "22640",
    "RawText": "세탁기 좋은거야 두말 하면 잔소리지요~세탁이 깨끗히 잘됩니다^^ 건조기에서 바삭하게 잘 말려서 나오는 빨래들을 보면 포근함에 행복을 느껴요!!!",
    "Source": "쇼핑몰",
    "Domain": "가전",
    "MainCategory": "생활/미용/욕실가전",
    "ProductName": "트롬 LG전자 워시타워 W17WTA",
    "ReviewScore": "5",
    "Syllable": "80",
    "Word": "17",
    "RDate": "20220822",
    "GeneralPolarity": "1",
    "Aspects": [
      {
        "Aspect": "기능",
        "SentimentText": "세탁기 좋은거야 두말 하면 잔소리지요~세탁이 깨끗히 잘됩니다^^",
        "SentimentWord": "7",
        "SentimentPolarity": "1"
      },
      {
        "Aspect": "기능",
        "SentimentText": "건조기에서 바삭하게 잘 말려서 나오는 빨래들을 보면 포근함에 행복을 느껴요!!!",
        "SentimentWord": "10",
        "SentimentPolarity": "1"
      }
    ]
  },
  {
    "Index": "22641",
    "RawText": "세탁기, 건조기는 일체형이니 높지만 키가 작은 제가 사용해고 무리없는 적당한 크기에요. 이불 빨래 금새 건조되니 올겨울은  맘 편히 지냅니다",
    "Source": "쇼핑몰",
    "Domain": "가전",
    "MainCategory": "생활/미용/욕실가전",
    "ProductName": "트롬 LG전자 워시타워 W17WTA",
    "ReviewScore": "5",
    "Syllable": "78",
    "Word": "19",
    "RDate": "20211118",
    "GeneralPolarity": "0",
    "Aspects": [
      {
        "Aspect": "사이즈",
        "SentimentText": "세탁기, 건조기는 일체형이니 높지만 키가 작은 제가 사용해고 무리없는 적당한 크기에요",
        "SentimentWord": "11",
        "SentimentPolarity": "0"
      },
      {
        "Aspect": "시간/속도",
        "SentimentText": "이불 빨래 금새 건조되니 올겨울은  맘 편히 지냅니다",
        "SentimentWord": "8",
        "SentimentPolarity": "1"
      }
    ]
  },
  {
    "Index": "22642",
    "RawText": "세탁도, 건조도 잘되고  아주 만족스럽습니다~ ㅇㅇㅇ전자 제품은 고장도 없죠, AS 또한 잘되니 믿음이 큽니다!!",
    "Source": "쇼핑몰",
    "Domain": "가전",
    "MainCategory": "생활/미용/욕실가전",
    "ProductName": "트롬 LG전자 워시타워 W17WTA",
    "ReviewScore": "5",
    "Syllable": "63",
    "Word": "14",
    "RDate": "20220303",
    "GeneralPolarity": "1",
    "Aspects": [
      {
        "Aspect": "기능",
        "SentimentText": "세탁도, 건조도 잘되고  아주 만족스럽습니다~ ",
        "SentimentWord": "5",
        "SentimentPolarity": "1"
      },
      {
        "Aspect": "제조일/제조사",
        "SentimentText": "ㅇㅇㅇ전자 제품은 고장도 없죠, AS 또한 잘되니 믿음이 큽니다!! ",
        "SentimentWord": "9",
        "SentimentPolarity": "1"
      }
    ]
  },
  {
    "Index": "22643",
    "RawText": "세탁력과 건조력 둘다 만족스러워요. 디자인이 매우 예뻐서 인테리어 그 자체입니다. ㅇㅇㅇ 쓰다가 넘어와보니 소리가 생각외로  시끄러워서 맘에 안들어요.",
    "Source": "쇼핑몰",
    "Domain": "가전",
    "MainCategory": "생활/미용/욕실가전",
    "ProductName": "트롬 LG전자 워시타워 W17WTA",
    "ReviewScore": "5",
    "Syllable": "84",
    "Word": "18",
    "RDate": "20211115",
    "GeneralPolarity": "0",
    "Aspects": [
      {
        "Aspect": "기능",
        "SentimentText": "세탁력과 건조력 둘다 만족스러워요.",
        "SentimentWord": "4",
        "SentimentPolarity": "1"
      },
      {
        "Aspect": "디자인",
        "SentimentText": "디자인이 매우 예뻐서 인테리어 그 자체입니다",
        "SentimentWord": "6",
        "SentimentPolarity": "1"
      },
      {
        "Aspect": "소음",
        "SentimentText": "ㅇㅇㅇ 쓰다가 넘어와보니 소리가 생각외로  시끄러워서 맘에 안들어요.",
        "SentimentWord": "8",
        "SentimentPolarity": "-1"
      }
    ]
  },
  {
    "Index": "22644",
    "RawText": "세탁실은 좁아서 걱정했지만, 기사들이  능숙한 솜씨로 처리해줘서 만족합니다. 외관이 실제보니 생각외로 훨씬 커서 별로에요. 세탁 건조는 물론  잘되서 맘에 들어요",
    "Source": "쇼핑몰",
    "Domain": "가전",
    "MainCategory": "생활/미용/욕실가전",
    "ProductName": "트롬 LG전자 워시타워 W17WTA",
    "ReviewScore": "5",
    "Syllable": "90",
    "Word": "20",
    "RDate": "20220526",
    "GeneralPolarity": "0",
    "Aspects": [
      {
        "Aspect": "사이즈",
        "SentimentText": "외관이 실제보니 생각외로 훨씬 커서 별로에요",
        "SentimentWord": "6",
        "SentimentPolarity": "-1"
      },
      {
        "Aspect": "기능",
        "SentimentText": "세탁 건조는 물론  잘되서 맘에 들어요",
        "SentimentWord": "6",
        "SentimentPolarity": "1"
      }
    ]
  },
  {
    "Index": "22645",
    "RawText": "소리가 조용해서 좋습니다.외관은 생각외로 슬림해서 무척 좋네요^^!! 감사해요^^",
    "Source": "쇼핑몰",
    "Domain": "가전",
    "MainCategory": "생활/미용/욕실가전",
    "ProductName": "트롬 LG전자 워시타워 W17WTA",
    "ReviewScore": "5",
    "Syllable": "45",
    "Word": "8",
    "RDate": "20220429",
    "GeneralPolarity": "1",
    "Aspects": [
      {
        "Aspect": "소음",
        "SentimentText": "소리가 조용해서 좋습니다.",
        "SentimentWord": "3",
        "SentimentPolarity": "1"
      },
      {
        "Aspect": "사이즈",
        "SentimentText": "외관은 생각외로 슬림해서 무척 좋네요^^!!",
        "SentimentWord": "5",
        "SentimentPolarity": "1"
      }
    ]
  },
  {
    "Index": "22647",
    "RawText": "소음 적은 맘에드는 제품 구매했어요. 금액도 이벤트할인으로 저렴하게 샀어요^^ ",
    "Source": "쇼핑몰",
    "Domain": "가전",
    "MainCategory": "생활/미용/욕실가전",
    "ProductName": "트롬 LG전자 워시타워 W17WTA",
    "ReviewScore": "5",
    "Syllable": "44",
    "Word": "9",
    "RDate": "20220310",
    "GeneralPolarity": "1",
    "Aspects": [
      {
        "Aspect": "소음",
        "SentimentText": "소음 적은 맘에드는 제품 구매했어요.",
        "SentimentWord": "5",
        "SentimentPolarity": "1"
      },
      {
        "Aspect": "가격",
        "SentimentText": "금액도 이벤트할인으로 저렴하게 샀어요^^",
        "SentimentWord": "4",
        "SentimentPolarity": "1"
      }
    ]
  },
  {
    "Index": "22648",
    "RawText": "스팀건조 기능있는 건조기 원했는데, ㅇㅇㅇ모델보다는 ㅇㅇㅇ모델로 저렴하게  구입했는데 좋아요. 흰색인건 아쉬웠지만~ 배송진행이 빨라서 좋아요^^",
    "Source": "쇼핑몰",
    "Domain": "가전",
    "MainCategory": "생활/미용/욕실가전",
    "ProductName": "트롬 LG전자 워시타워 W17WTA",
    "ReviewScore": "5",
    "Syllable": "80",
    "Word": "14",
    "RDate": "20220529",
    "GeneralPolarity": "0",
    "Aspects": [
      {
        "Aspect": "가격",
        "SentimentText": "스팀건조 기능있는 건조기 원했는데, ㅇㅇㅇ모델보다는 ㅇㅇㅇ모델로 저렴하게  구입했는데 좋아요",
        "SentimentWord": "9",
        "SentimentPolarity": "1"
      },
      {
        "Aspect": "색상",
        "SentimentText": " 흰색인건 아쉬웠지만~",
        "SentimentWord": "2",
        "SentimentPolarity": "-1"
      }
    ]
  },
  {
    "Index": "22650",
    "RawText": "단순한 디자인이 이뻐요. ^^ 기존에 쓰던 제품이라 사용법 어렵지 않고 좋아요. 스팀 기능은 구김을 쫙 펴줘 성능 최고예요. 일체형이라 사이즈가 줄어 공간에 여유가생겨 좋아요.",
    "Source": "쇼핑몰",
    "Domain": "가전",
    "MainCategory": "생활/미용/욕실가전",
    "ProductName": "트롬 LG전자 워시타워 W17WTA",
    "ReviewScore": "4",
    "Syllable": "98",
    "Word": "24",
    "RDate": "20220222",
    "GeneralPolarity": "1",
    "Aspects": [
      {
        "Aspect": "디자인",
        "SentimentText": "단순한 디자인이 이뻐요. ^^",
        "SentimentWord": "4",
        "SentimentPolarity": "1"
      },
      {
        "Aspect": "조작성",
        "SentimentText": "기존에 쓰던 제품이라 사용법 어렵지 않고 좋아요.",
        "SentimentWord": "7",
        "SentimentPolarity": "1"
      },
      {
        "Aspect": "기능",
        "SentimentText": "스팀 기능은 구김을 쫙 펴줘 성능 최고예요. ",
        "SentimentWord": "7",
        "SentimentPolarity": "1"
      },
      {
        "Aspect": "사이즈",
        "SentimentText": "일체형이라 사이즈가 줄어 공간에 여유가생겨 좋아요. ",
        "SentimentWord": "6",
        "SentimentPolarity": "1"
      }
    ]
  },
  {
    "Index": "22651",
    "RawText": "아내가 제일 좋아합니다~ 전에 사용하던 건조기에비해 소음은 적어서 기분이 좋아요.돌리는 시간도 빨라서 맘에 듭니다.",
    "Source": "쇼핑몰",
    "Domain": "가전",
    "MainCategory": "생활/미용/욕실가전",
    "ProductName": "트롬 LG전자 워시타워 W17WTA",
    "ReviewScore": "4",
    "Syllable": "64",
    "Word": "14",
    "RDate": "20220121",
    "GeneralPolarity": "1",
    "Aspects": [
      {
        "Aspect": "소음",
        "SentimentText": "전에 사용하던 건조기에비해 소음은 적어서 기분이 좋아요.",
        "SentimentWord": "7",
        "SentimentPolarity": "1"
      },
      {
        "Aspect": "시간/속도",
        "SentimentText": "돌리는 시간도 빨라서 맘에 듭니다.",
        "SentimentWord": "5",
        "SentimentPolarity": "1"
      }
    ]
  },
  {
    "Index": "22652",
    "RawText": "디자인이 심플!!그자체내요~  ㅇㅇㅇ때 최저가로 구매해서 만족합니다♡ ",
    "Source": "쇼핑몰",
    "Domain": "가전",
    "MainCategory": "생활/미용/욕실가전",
    "ProductName": "트롬 LG전자 워시타워 W17WTA",
    "ReviewScore": "5",
    "Syllable": "39",
    "Word": "6",
    "RDate": "20220226",
    "GeneralPolarity": "1",
    "Aspects": [
      {
        "Aspect": "디자인",
        "SentimentText": "디자인이 심플!!그자체내요~  ",
        "SentimentWord": "2",
        "SentimentPolarity": "1"
      },
      {
        "Aspect": "가격",
        "SentimentText": "ㅇㅇㅇ때 최저가로 구매해서 만족합니다♡",
        "SentimentWord": "4",
        "SentimentPolarity": "1"
      }
    ]
  },
  {
    "Index": "22653",
    "RawText": "디자인은 원바디라 간결해서 좋아요. ^^ 제품 용량도 커서 많은 빨래 세탁해도 무리가 없어요^^",
    "Source": "쇼핑몰",
    "Domain": "가전",
    "MainCategory": "생활/미용/욕실가전",
    "ProductName": "트롬 LG전자 워시타워 W17WTA",
    "ReviewScore": "4",
    "Syllable": "53",
    "Word": "13",
    "RDate": "20220302",
    "GeneralPolarity": "1",
    "Aspects": [
      {
        "Aspect": "디자인",
        "SentimentText": "디자인은 원바디라 간결해서 좋아요. ^^",
        "SentimentWord": "5",
        "SentimentPolarity": "1"
      },
      {
        "Aspect": "용량",
        "SentimentText": "제품 용량도 커서 많은 빨래 세탁해도 무리가 없어요^^",
        "SentimentWord": "8",
        "SentimentPolarity": "1"
      }
    ]
  },
  {
    "Index": "22654",
    "RawText": "에너지 등급이 좋아서 전기세 걱정없어요!!!  구매하고 설치장소 크기가 고민이었는데 제품이 많이 크지 않아서 좁은 장소에도 깔끔하게 설치되서 맘에 들어요.세탁도 잘되면 좋겠어요~ ",
    "Source": "쇼핑몰",
    "Domain": "가전",
    "MainCategory": "생활/미용/욕실가전",
    "ProductName": "트롬 LG전자 워시타워 W17WTA",
    "ReviewScore": "5",
    "Syllable": "100",
    "Word": "21",
    "RDate": "20220613",
    "GeneralPolarity": "1",
    "Aspects": [
      {
        "Aspect": "소비전력",
        "SentimentText": "에너지 등급이 좋아서 전기세 걱정없어요!!!",
        "SentimentWord": "5",
        "SentimentPolarity": "1"
      },
      {
        "Aspect": "사이즈",
        "SentimentText": "설치장소 크기가 고민이었는데 제품이 많이 크지 않아서 좁은 장소에도 깔끔하게 설치되서 맘에 들어요",
        "SentimentWord": "13",
        "SentimentPolarity": "1"
      }
    ]
  },
  {
    "Index": "22655",
    "RawText": "화사한 색으로 사고팠지만 그냥 유행없는 깔끔한 흰색으로 샀더니 예쁩니다. 원하는 레터링을 문에 붙여 디자인을 더 부각시키니 세련 뿜뿜 좋아요. ^^",
    "Source": "쇼핑몰",
    "Domain": "가전",
    "MainCategory": "생활/미용/욕실가전",
    "ProductName": "트롬 LG전자 워시타워 W17WTA",
    "ReviewScore": "5",
    "Syllable": "82",
    "Word": "20",
    "RDate": "20220301",
    "GeneralPolarity": "1",
    "Aspects": [
      {
        "Aspect": "색상",
        "SentimentText": "화사한 색으로 사고팠지만 그냥 유행없는 깔끔한 흰색으로 샀더니 예쁩니다.",
        "SentimentWord": "9",
        "SentimentPolarity": "1"
      },
      {
        "Aspect": "디자인",
        "SentimentText": "원하는 레터링을 문에 붙여 디자인을 더 부각시키니 세련 뿜뿜 좋아요. ^^",
        "SentimentWord": "11",
        "SentimentPolarity": "1"
      }
    ]
  },
  {
    "Index": "22656",
    "RawText": "외출시에도 핸드폰으로 작동시킬수 있어서 정말 편해요~~ 그런데 색깔이 집과 잘 어울리지 않아서  맘엔 안들어요 ",
    "Source": "쇼핑몰",
    "Domain": "가전",
    "MainCategory": "생활/미용/욕실가전",
    "ProductName": "트롬 LG전자 워시타워 W17WTA",
    "ReviewScore": "5",
    "Syllable": "62",
    "Word": "14",
    "RDate": "20220513",
    "GeneralPolarity": "0",
    "Aspects": [
      {
        "Aspect": "편의성",
        "SentimentText": "외출시에도 핸드폰으로 작동시킬수 있어서 정말 편해요~~ ",
        "SentimentWord": "6",
        "SentimentPolarity": "1"
      },
      {
        "Aspect": "색상",
        "SentimentText": "색깔이 집과 잘 어울리지 않아서  맘엔 안들어요",
        "SentimentWord": "7",
        "SentimentPolarity": "-1"
      }
    ]
  },
  {
    "Index": "22657",
    "RawText": "예전사용하던 제품보다 슬림해서 다용도실 공간활용이 좋아졌어요~ 제품은 제가 산 가전중 최고 만족스럽게 써요. ^^ ",
    "Source": "쇼핑몰",
    "Domain": "가전",
    "MainCategory": "생활/미용/욕실가전",
    "ProductName": "트롬 LG전자 워시타워 W17WTA",
    "ReviewScore": "5",
    "Syllable": "64",
    "Word": "14",
    "RDate": "20220224",
    "GeneralPolarity": "1",
    "Aspects": [
      {
        "Aspect": "사이즈",
        "SentimentText": "슬림해서 다용도실 공간활용이 좋아졌어요~",
        "SentimentWord": "4",
        "SentimentPolarity": "1"
      },
      {
        "Aspect": "품질",
        "SentimentText": "제품은 제가 산 가전중 최고 만족스럽게 써요. ^^",
        "SentimentWord": "8",
        "SentimentPolarity": "1"
      }
    ]
  },
  {
    "Index": "22658",
    "RawText": "기존 제품도 잘 썼기에 가성비 좋고 가격 착한 이 제품 샀어요. ^^ 용량이 커서 블랙홀마냥 끝도 없이 들어가서 좋습니다. 많은 빨래를 한번에 OK~",
    "Source": "쇼핑몰",
    "Domain": "가전",
    "MainCategory": "생활/미용/욕실가전",
    "ProductName": "트롬 LG전자 워시타워 W17WTA",
    "ReviewScore": "5",
    "Syllable": "83",
    "Word": "23",
    "RDate": "20220526",
    "GeneralPolarity": "1",
    "Aspects": [
      {
        "Aspect": "가격",
        "SentimentText": "기존 제품도 잘 썼기에 가성비 좋고 가격 착한 이 제품 샀어요. ^^",
        "SentimentWord": "12",
        "SentimentPolarity": "1"
      },
      {
        "Aspect": "용량",
        "SentimentText": "용량이 커서 블랙홀마냥 끝도 없이 들어가서 좋습니다. 많은 빨래를 한번에 OK~",
        "SentimentWord": "11",
        "SentimentPolarity": "1"
      }
    ]
  },
  {
    "Index": "22659",
    "RawText": "역시 ㅇㅇㅇ !!엄청 좋아요! 역시 믿고쓰는 ㅇㅇㅇ 입니다!! ㅇㅇㅇ 앱을 사용하면 세탁 끝난걸 알려줄때 건조기에 바로 넣고,완료되면 알림으로 알려주니 굉장히 편리해요!",
    "Source": "쇼핑몰",
    "Domain": "가전",
    "MainCategory": "생활/미용/욕실가전",
    "ProductName": "트롬 LG전자 워시타워 W17WTA",
    "ReviewScore": "5",
    "Syllable": "94",
    "Word": "21",
    "RDate": "20220422",
    "GeneralPolarity": "1",
    "Aspects": [
      {
        "Aspect": "제조일/제조사",
        "SentimentText": "역시 ㅇㅇㅇ !!엄청 좋아요! 역시 믿고쓰는 ㅇㅇㅇ 입니다!!",
        "SentimentWord": "8",
        "SentimentPolarity": "1"
      },
      {
        "Aspect": "편의성",
        "SentimentText": "ㅇㅇㅇ 앱을 사용하면 세탁 끝난걸 알려줄때 건조기에 바로 넣고,완료되면 알림으로 알려주니 굉장히 편리해요!",
        "SentimentWord": "13",
        "SentimentPolarity": "1"
      }
    ]
  },
  {
    "Index": "22660",
    "RawText": "배송은 빠를 수록 좋은데 예정일보다 빨라서 너무 좋았어요. 고민하다 구매했는데 좋네요. 조작패널이 중앙부에 있어서 버튼 조작이 수월해서 만족해요. 사이즈는 날씬해서 자리차지 안해 더 좋아요.",
    "Source": "쇼핑몰",
    "Domain": "가전",
    "MainCategory": "생활/미용/욕실가전",
    "ProductName": "트롬 LG전자 워시타워 W17WTA",
    "ReviewScore": "5",
    "Syllable": "106",
    "Word": "24",
    "RDate": "20220401",
    "GeneralPolarity": "1",
    "Aspects": [
      {
        "Aspect": "조작성",
        "SentimentText": "조작패널이 중앙부에 있어서 버튼 조작이 수월해서 만족해요. ",
        "SentimentWord": "7",
        "SentimentPolarity": "1"
      },
      {
        "Aspect": "사이즈",
        "SentimentText": "사이즈는 날씬해서 자리차지 안해 더 좋아요. ",
        "SentimentWord": "6",
        "SentimentPolarity": "1"
      }
    ]
  },
  {
    "Index": "22661",
    "RawText": "화이트색상 정말 깔끔하네요^^  설치후 돌려보니 뽀송뽀송한 이 느낌 최고입니다!! 건조기 고민끝~!! 꼭사서 시대의 발명품을 함께 경험해봐요~ ",
    "Source": "쇼핑몰",
    "Domain": "가전",
    "MainCategory": "생활/미용/욕실가전",
    "ProductName": "트롬 LG전자 워시타워 W17WTA",
    "ReviewScore": "5",
    "Syllable": "80",
    "Word": "16",
    "RDate": "20220301",
    "GeneralPolarity": "1",
    "Aspects": [
      {
        "Aspect": "색상",
        "SentimentText": "화이트색상 정말 깔끔하네요^^",
        "SentimentWord": "3",
        "SentimentPolarity": "1"
      },
      {
        "Aspect": "기능",
        "SentimentText": "설치후 돌려보니 뽀송뽀송한 이 느낌 최고입니다!! ",
        "SentimentWord": "6",
        "SentimentPolarity": "1"
      }
    ]
  },
  {
    "Index": "22662",
    "RawText": "건조후 필터에 쌓인 먼지를 볼때마다 감탄하네요!!! 상품이 좋아 자꾸 쓰게 되는게 품질 최고입니다. 땡큐~ ",
    "Source": "쇼핑몰",
    "Domain": "가전",
    "MainCategory": "생활/미용/욕실가전",
    "ProductName": "트롬 LG전자 워시타워 W17WTA",
    "ReviewScore": "5",
    "Syllable": "60",
    "Word": "14",
    "RDate": "20220120",
    "GeneralPolarity": "1",
    "Aspects": [
      {
        "Aspect": "기능",
        "SentimentText": "건조후 필터에 쌓인 먼지를 볼때마다 감탄하네요!!!",
        "SentimentWord": "6",
        "SentimentPolarity": "1"
      },
      {
        "Aspect": "품질",
        "SentimentText": "상품이 좋아 자꾸 쓰게 되는게 품질 최고입니다. 땡큐~",
        "SentimentWord": "8",
        "SentimentPolarity": "1"
      }
    ]
  },
  {
    "Index": "22663",
    "RawText": "오랬동안 사용한 세탁기랑 건조기를 바꾸고, 설치하니 기분전환 되서 좋아요^^ 업그레이드 되서 세탁기와 건조기의 좋은 성능등이 많아졌네요  세탁시간이  더 빠르게 끝나서 시간 절약되서 만족스럽습니다",
    "Source": "쇼핑몰",
    "Domain": "가전",
    "MainCategory": "생활/미용/욕실가전",
    "ProductName": "트롬 LG전자 워시타워 W17WTA",
    "ReviewScore": "4",
    "Syllable": "109",
    "Word": "23",
    "RDate": "20220520",
    "GeneralPolarity": "1",
    "Aspects": [
      {
        "Aspect": "기능",
        "SentimentText": "업그레이드 되서 세탁기와 건조기의 좋은 성능등이 많아졌네요",
        "SentimentWord": "7",
        "SentimentPolarity": "1"
      },
      {
        "Aspect": "시간/속도",
        "SentimentText": " 세탁시간이  더 빠르게 끝나서 시간 절약되서 만족스럽습니다",
        "SentimentWord": "7",
        "SentimentPolarity": "1"
      }
    ]
  },
  {
    "Index": "22665",
    "RawText": "온라인으로 처음 사본 가전 기사님들 너무 친절 스윗해요. ^^ 역시 000전자 갓!! 브랜드입니다. 빨래는 깨끗 건조도 보송 퀴퀴한 냄새 없게 잘 쓸수 있어 좋아요.",
    "Source": "쇼핑몰",
    "Domain": "가전",
    "MainCategory": "생활/미용/욕실가전",
    "ProductName": "트롬 LG전자 워시타워 W17WTA",
    "ReviewScore": "5",
    "Syllable": "92",
    "Word": "24",
    "RDate": "20220411",
    "GeneralPolarity": "1",
    "Aspects": [
      {
        "Aspect": "제조일/제조사",
        "SentimentText": "역시 000전자 갓!! 브랜드입니다. ",
        "SentimentWord": "4",
        "SentimentPolarity": "1"
      },
      {
        "Aspect": "기능",
        "SentimentText": "빨래는 깨끗 건조도 보송 퀴퀴한 냄새 없게 잘 쓸수 있어 좋아요. ",
        "SentimentWord": "11",
        "SentimentPolarity": "1"
      }
    ]
  },
  {
    "Index": "22666",
    "RawText": "와우~ 너무 잘 샀다 싶어요. 집안일을 확 줄여 줘서 너무 편해요. 가전제품도 복불복이라는데 우리집에 온 건 잘 작동되어서 너무 만족하면서 씁니다.",
    "Source": "쇼핑몰",
    "Domain": "가전",
    "MainCategory": "생활/미용/욕실가전",
    "ProductName": "트롬 LG전자 워시타워 W17WTA",
    "ReviewScore": "5",
    "Syllable": "82",
    "Word": "21",
    "RDate": "20220318",
    "GeneralPolarity": "1",
    "Aspects": [
      {
        "Aspect": "편의성",
        "SentimentText": "와우~ 너무 잘 샀다 싶어요. 집안일을 확 줄여 줘서 너무 편해요.",
        "SentimentWord": "11",
        "SentimentPolarity": "1"
      },
      {
        "Aspect": "품질",
        "SentimentText": "가전제품도 복불복이라는데 우리집에 온 건 잘 작동되어서 너무 만족하면서 씁니다. ",
        "SentimentWord": "10",
        "SentimentPolarity": "1"
      }
    ]
  },
  {
    "Index": "22667",
    "RawText": "빠르게 건조되서 엄청 만족스러워요^^  중간에서 조작버튼이 있어서 매우 편리해요.제품의 높이와 크기가 적당해서 키작은 제가 빨래 꺼낼때도 문제없어 좋아요^^",
    "Source": "쇼핑몰",
    "Domain": "가전",
    "MainCategory": "생활/미용/욕실가전",
    "ProductName": "트롬 LG전자 워시타워 W17WTA",
    "ReviewScore": "5",
    "Syllable": "87",
    "Word": "18",
    "RDate": "20220702",
    "GeneralPolarity": "1",
    "Aspects": [
      {
        "Aspect": "시간/속도",
        "SentimentText": "빠르게 건조되서 엄청 만족스러워요^^",
        "SentimentWord": "4",
        "SentimentPolarity": "1"
      },
      {
        "Aspect": "편의성",
        "SentimentText": "중간에서 조작버튼이 있어서 매우 편리해요. ",
        "SentimentWord": "5",
        "SentimentPolarity": "1"
      },
      {
        "Aspect": "사이즈",
        "SentimentText": "제품의 높이와 크기가 적당해서 키작은 제가 빨래 꺼낼때도 문제없어 좋아요^^ ",
        "SentimentWord": "10",
        "SentimentPolarity": "1"
      }
    ]
  }
]