[
  {
    "Index": "4215",
    "RawText": "○○○ 면도기는 날에 대한 신뢰가 놉다.  면도기의 기본기에 충실해서 만족한 제품. 잘 깍여서 만족.",
    "Source": "SNS",
    "Domain": "가전",
    "MainCategory": "생활/미용/욕실가전",
    "ProductName": "(TV_50할인) 이즈미 전기면도기 IKR-2450 + 코털제거기",
    "ReviewScore": "100",
    "Syllable": "56",
    "Word": "14",
    "RDate": "20190405",
    "GeneralPolarity": "1",
    "Aspects": [
      {
        "Aspect": "제조일/제조사",
        "SentimentText": "○○○ 면도기는 날에 대한 신뢰가 놉다",
        "SentimentWord": "6",
        "SentimentPolarity": "1"
      },
      {
        "Aspect": "기능",
        "SentimentText": "면도기의 기본기에 충실해서 만족한 제품.잘 깍여서 만족",
        "SentimentWord": "7",
        "SentimentPolarity": "1"
      }
    ]
  },
  {
    "Index": "4216",
    "RawText": "제품 서능과견고함으로 면도가잘되네요ㆍ좋은품질에 가격도 만족입니다ㆍ",
    "Source": "SNS",
    "Domain": "가전",
    "MainCategory": "생활/미용/욕실가전",
    "ProductName": "(TV_50할인) 이즈미 전기면도기 IKR-2450 + 코털제거기",
    "ReviewScore": "100",
    "Syllable": "36",
    "Word": "5",
    "RDate": "20190226",
    "GeneralPolarity": "1",
    "Aspects": [
      {
        "Aspect": "기능",
        "SentimentText": "제품 서능과견고함으로 면도가잘되네요ㆍ",
        "SentimentWord": "3",
        "SentimentPolarity": "1"
      },
      {
        "Aspect": "내구성",
        "SentimentText": "견고함으로 면도가잘되네요ㆍ",
        "SentimentWord": "2",
        "SentimentPolarity": "1"
      },
      {
        "Aspect": "품질",
        "SentimentText": "좋은품질에 가격도 만족입니다ㆍ",
        "SentimentWord": "3",
        "SentimentPolarity": "1"
      },
      {
        "Aspect": "가격",
        "SentimentText": "가격도 만족입니다ㆍ",
        "SentimentWord": "2",
        "SentimentPolarity": "1"
      }
    ]
  },
  {
    "Index": "4217",
    "RawText": "신랑선물로 준비했는데 거치대가없는게 좀 아쉽지만  가격대비 만족합니다. 그래도 아침에 수염 깍는 시간이 줄어들었다고 남편도 좋아하네요.",
    "Source": "SNS",
    "Domain": "가전",
    "MainCategory": "생활/미용/욕실가전",
    "ProductName": "(TV_50할인_위) 이즈미 전기면도기 IKR-2450 + 코털제거기",
    "ReviewScore": "100",
    "Syllable": "75",
    "Word": "15",
    "RDate": "20190617",
    "GeneralPolarity": "0",
    "Aspects": [
      {
        "Aspect": "제품구성",
        "SentimentText": "거치대가없는게 좀 아쉽지만",
        "SentimentWord": "3",
        "SentimentPolarity": "0"
      },
      {
        "Aspect": "가격",
        "SentimentText": "가격대비 만족합니다",
        "SentimentWord": "2",
        "SentimentPolarity": "1"
      }
    ]
  },
  {
    "Index": "4218",
    "RawText": "완전 깔끔하게 깍이진 않지만 간편하게 쓰기엔 너무 좋습니다.",
    "Source": "SNS",
    "Domain": "가전",
    "MainCategory": "생활/미용/욕실가전",
    "ProductName": "(TV_50할인_위) 이즈미 전기면도기 IKR-2450 + 코털제거기",
    "ReviewScore": "100",
    "Syllable": "33",
    "Word": "8",
    "RDate": "20190508",
    "GeneralPolarity": "0",
    "Aspects": [
      {
        "Aspect": "기능",
        "SentimentText": "완전 깔끔하게 깍이진 않지만",
        "SentimentWord": "4",
        "SentimentPolarity": "0"
      },
      {
        "Aspect": "편의성",
        "SentimentText": "간편하게 쓰기엔 너무 좋습니다",
        "SentimentWord": "4",
        "SentimentPolarity": "1"
      }
    ]
  },
  {
    "Index": "4219",
    "RawText": "면도가 아주 잘 되고 사은품도 마음에 듭니다. 감사합니다.",
    "Source": "SNS",
    "Domain": "가전",
    "MainCategory": "생활/미용/욕실가전",
    "ProductName": "(TV_5만원할인)이즈미 전기면도기(IKR-2100)+코털정리기",
    "ReviewScore": "100",
    "Syllable": "32",
    "Word": "8",
    "RDate": "20170730",
    "GeneralPolarity": "1",
    "Aspects": [
      {
        "Aspect": "기능",
        "SentimentText": "면도가 아주 잘 되고",
        "SentimentWord": "4",
        "SentimentPolarity": "1"
      },
      {
        "Aspect": "제품구성",
        "SentimentText": "사은품도 마음에 듭니다",
        "SentimentWord": "3",
        "SentimentPolarity": "1"
      }
    ]
  },
  {
    "Index": "4220",
    "RawText": "무게감이 없어 그립감이 없는것을 제외 하고는 쓸만한 제품인것 같아 만족합니다.",
    "Source": "SNS",
    "Domain": "가전",
    "MainCategory": "생활/미용/욕실가전",
    "ProductName": "(TV_5만원할인)이즈미 전기면도기(IKR-2100)+코털정리기",
    "ReviewScore": "100",
    "Syllable": "43",
    "Word": "10",
    "RDate": "20170721",
    "GeneralPolarity": "1",
    "Aspects": [
      {
        "Aspect": "조작성",
        "SentimentText": "무게감이 없어 그립감이 없는것을 제외 하고는",
        "SentimentWord": "6",
        "SentimentPolarity": "0"
      },
      {
        "Aspect": "품질",
        "SentimentText": "쓸만한 제품인것 같아 만족합니다.",
        "SentimentWord": "4",
        "SentimentPolarity": "1"
      }
    ]
  },
  {
    "Index": "4221",
    "RawText": "세척스테이션으로 위생적이고 편하게 쓸 수 있어서 좋아요 ",
    "Source": "SNS",
    "Domain": "가전",
    "MainCategory": "생활/미용/욕실가전",
    "ProductName": "(TV_공유배송) 브라운 전기면도기 7865CC",
    "ReviewScore": "100",
    "Syllable": "31",
    "Word": "7",
    "RDate": "20181101",
    "GeneralPolarity": "1",
    "Aspects": [
      {
        "Aspect": "기능",
        "SentimentText": "세척스테이션으로 위생적이고 ",
        "SentimentWord": "2",
        "SentimentPolarity": "1"
      },
      {
        "Aspect": "편의성",
        "SentimentText": "편하게 쓸 수 있어서 좋아요",
        "SentimentWord": "5",
        "SentimentPolarity": "1"
      }
    ]
  },
  {
    "Index": "4222",
    "RawText": "○○○에서 갈아탔는데 부드럽게 잘되네요.  소음은 조금 아쉽지만 만족합니다.",
    "Source": "SNS",
    "Domain": "가전",
    "MainCategory": "생활/미용/욕실가전",
    "ProductName": "(TV_공유배송) 브라운 전기면도기 7865CC",
    "ReviewScore": "100",
    "Syllable": "42",
    "Word": "8",
    "RDate": "20181230",
    "GeneralPolarity": "1",
    "Aspects": [
      {
        "Aspect": "기능",
        "SentimentText": "○○○에서 갈아탔는데 부드럽게 잘되네요",
        "SentimentWord": "4",
        "SentimentPolarity": "1"
      },
      {
        "Aspect": "소음",
        "SentimentText": "소음은 조금 아쉽지만 만족합니다.",
        "SentimentWord": "4",
        "SentimentPolarity": "0"
      }
    ]
  },
  {
    "Index": "4223",
    "RawText": "그럭저럭   너무 소음이 시끄러워 실망스럽고  가격도  쎄것 같아서 별로인데  온풍기도 안되고  판단 미스 그냥 훅 해서  구매했는데  시원하기는 해요  방하나에  딱 맞는 용량?  ",
    "Source": "SNS",
    "Domain": "가전",
    "MainCategory": "생활/미용/욕실가전",
    "ProductName": "(TV_공유배송) 신일 이동식 에어컨 (SMA-D9000K)",
    "ReviewScore": "80",
    "Syllable": "102",
    "Word": "23",
    "RDate": "20180807",
    "GeneralPolarity": "-1",
    "Aspects": [
      {
        "Aspect": "소음",
        "SentimentText": "너무 소음이 시끄러워 실망스럽고 ",
        "SentimentWord": "4",
        "SentimentPolarity": "-1"
      },
      {
        "Aspect": "가격",
        "SentimentText": "가격도  쎄것 같아서 별로인데",
        "SentimentWord": "4",
        "SentimentPolarity": "-1"
      }
    ]
  },
  {
    "Index": "4224",
    "RawText": "설치가  간단하니 아주 좋더라구요 소음은 약간  있으나 초강력 냉방기능으로 아주시원 합니다 아들 방에 두었어요  아들  대만족 입니다     ",
    "Source": "SNS",
    "Domain": "가전",
    "MainCategory": "생활/미용/욕실가전",
    "ProductName": "(TV_공유배송) 신일 이동식 에어컨 (SMA-D9000K)",
    "ReviewScore": "100",
    "Syllable": "79",
    "Word": "17",
    "RDate": "20180708",
    "GeneralPolarity": "1",
    "Aspects": [
      {
        "Aspect": "조작성",
        "SentimentText": "설치가  간단하니 아주 좋더라구요",
        "SentimentWord": "4",
        "SentimentPolarity": "1"
      },
      {
        "Aspect": "소음",
        "SentimentText": "소음은 약간  있으나 ",
        "SentimentWord": "3",
        "SentimentPolarity": "0"
      },
      {
        "Aspect": "기능",
        "SentimentText": "초강력 냉방기능으로 아주시원 합니다",
        "SentimentWord": "4",
        "SentimentPolarity": "1"
      }
    ]
  },
  {
    "Index": "4225",
    "RawText": "설치가 힘들어서 괜히 샀나했는데 남편이 와서 하니 되네요 창문과 틀사이가 조금 뜨는 부분엔 문풍지발라 메꾸니 그런대로 괘안하요 바람은 시원하고 괜찮아요  침대방향이 안맞아 틀어놓기머해 맞은편에 선풍기로 방향맟추니 아들이 춥다고 합니다",
    "Source": "SNS",
    "Domain": "가전",
    "MainCategory": "생활/미용/욕실가전",
    "ProductName": "(TV_공유배송) 신일 이동식 에어컨 (SMA-D9000K)",
    "ReviewScore": "80",
    "Syllable": "130",
    "Word": "29",
    "RDate": "20180805",
    "GeneralPolarity": "0",
    "Aspects": [
      {
        "Aspect": "조작성",
        "SentimentText": "설치가 힘들어서 ",
        "SentimentWord": "2",
        "SentimentPolarity": "-1"
      },
      {
        "Aspect": "기능",
        "SentimentText": "바람은 시원하고 괜찮아요",
        "SentimentWord": "3",
        "SentimentPolarity": "1"
      }
    ]
  },
  {
    "Index": "4226",
    "RawText": "소음이 있고 송풍구 회전이 안되는건 넘 아쉽지만  그래도 더운 여름 시원하게 보낼수 있겠어요",
    "Source": "SNS",
    "Domain": "가전",
    "MainCategory": "생활/미용/욕실가전",
    "ProductName": "(TV_공유배송) 신일 이동식 에어컨 (SMA-D9000K)",
    "ReviewScore": "100",
    "Syllable": "51",
    "Word": "13",
    "RDate": "20180727",
    "GeneralPolarity": "-1",
    "Aspects": [
      {
        "Aspect": "소음",
        "SentimentText": "소음이 있고 송풍구 회전이 안되는건 넘 아쉽지만 ",
        "SentimentWord": "7",
        "SentimentPolarity": "-1"
      },
      {
        "Aspect": "기능",
        "SentimentText": "송풍구 회전이 안되는건 넘 아쉽지만 ",
        "SentimentWord": "5",
        "SentimentPolarity": "-1"
      }
    ]
  },
  {
    "Index": "4227",
    "RawText": "oo에어컨 이라고 해서 주문했는데  믿음이 흔들리네요 소음이  가정용보다는 공장용에 써야 할듯해요 정말 소음이  너무커서  귀가  멍멍해요 틀수가 없어요  반품도  안해주고  미치겠어요  정말 짜증나요            ",
    "Source": "SNS",
    "Domain": "가전",
    "MainCategory": "생활/미용/욕실가전",
    "ProductName": "(TV_공유배송) 신일 이동식 에어컨 (SMA-D9000K)",
    "ReviewScore": "20",
    "Syllable": "124",
    "Word": "23",
    "RDate": "20180801",
    "Aspects": [
      {
        "Aspect": "소음",
        "SentimentText": "정말 소음이  너무커서  귀가  멍멍해요 ",
        "SentimentWord": "5",
        "SentimentPolarity": "-1"
      },
      {
        "Aspect": "제조일/제조사",
        "SentimentText": "oo에어컨 이라고 해서 주문했는데  믿음이 흔들리네요",
        "SentimentWord": "6",
        "SentimentPolarity": "-1"
      }
    ]
  },
  {
    "Index": "4228",
    "RawText": "이동식이라  구입했는데 너무 좋아요 단점이라면 소리가 장난이 아님니다 올해는너무더워  잘썼구요 잘보관  했다가 내년 여름에  더욱 잘 사용 해야겠습니다  OOO 산업 내년에 도  대박나시고 더좋은제품 많이 생산 하시길 바랍니다",
    "Source": "SNS",
    "Domain": "가전",
    "MainCategory": "생활/미용/욕실가전",
    "ProductName": "(TV_공유배송) 신일 이동식 에어컨 (SMA-D9000K)",
    "ReviewScore": "100",
    "Syllable": "126",
    "Word": "28",
    "RDate": "20181003",
    "Aspects": [
      {
        "Aspect": "편의성",
        "SentimentText": "이동식이라  구입했는데 너무 좋아요",
        "SentimentWord": "4",
        "SentimentPolarity": "1"
      },
      {
        "Aspect": "소음",
        "SentimentText": "단점이라면 소리가 장난이 아님니다",
        "SentimentWord": "4",
        "SentimentPolarity": "-1"
      }
    ]
  },
  {
    "Index": "4229",
    "RawText": "창문근처에만 설치가능하니 이동성이 좋다고는 할수없음 앞에만 시원해서 좀 아쉽네요~",
    "Source": "SNS",
    "Domain": "가전",
    "MainCategory": "생활/미용/욕실가전",
    "ProductName": "(TV_공유배송) 신일 이동식 에어컨 (SMA-D9000K)",
    "ReviewScore": "80",
    "Syllable": "45",
    "Word": "9",
    "RDate": "20181015",
    "GeneralPolarity": "-1",
    "Aspects": [
      {
        "Aspect": "편의성",
        "SentimentText": "이동성이 좋다고는 할수없음",
        "SentimentWord": "3",
        "SentimentPolarity": "-1"
      },
      {
        "Aspect": "기능",
        "SentimentText": "앞에만 시원해서 좀 아쉽네요~",
        "SentimentWord": "4",
        "SentimentPolarity": "-1"
      }
    ]
  },
  {
    "Index": "4230",
    "RawText": "배송 빨라서 좋은데  제품도 이상없는 듯 하지만 제품에서 곰팡이냄새가 많이나서 불쾌해요  창고 관리 잘하셔야 할 듯 합니다",
    "Source": "SNS",
    "Domain": "가전",
    "MainCategory": "생활/미용/욕실가전",
    "ProductName": "(TV_방송) 스위스밀리터리 전동공구 시즌3 NEW 시리즈 (해머+멀티드릴+볼트리무버+매직렌치)",
    "ReviewScore": "80",
    "Syllable": "68",
    "Word": "17",
    "RDate": "20180916",
    "Aspects": [
      {
        "Aspect": "품질",
        "SentimentText": "제품도 이상없는 듯 하지만",
        "SentimentWord": "4",
        "SentimentPolarity": "1"
      },
      {
        "Aspect": "편의성",
        "SentimentText": "제품에서 곰팡이냄새가 많이나서 불쾌해요 ",
        "SentimentWord": "4",
        "SentimentPolarity": "-1"
      }
    ]
  },
  {
    "Index": "4231",
    "RawText": "알찬구성 좋고요. 이사때 요긴하게 씀. 사은품 미니드라이버도 사무실서 잘씀. 굿. 안사면 바보",
    "Source": "SNS",
    "Domain": "가전",
    "MainCategory": "생활/미용/욕실가전",
    "ProductName": "(TV_방송) 스위스밀리터리 전동공구 시즌3 NEW 시리즈 (해머+멀티드릴+볼트리무버+매직렌치)",
    "ReviewScore": "100",
    "Syllable": "52",
    "Word": "12",
    "RDate": "20181010",
    "GeneralPolarity": "1",
    "Aspects": [
      {
        "Aspect": "제품구성",
        "SentimentText": "알찬구성 좋고요",
        "SentimentWord": "2",
        "SentimentPolarity": "1"
      },
      {
        "Aspect": "제품구성",
        "SentimentText": "사은품 미니드라이버도 사무실서 잘씀. 굿",
        "SentimentWord": "5",
        "SentimentPolarity": "1"
      }
    ]
  },
  {
    "Index": "4232",
    "RawText": "우선적으로 제품이 종류 또한 다양하게 있어서 어떠한 작업에도 용이하게  할수 있어 좋다. 여러가지로 유용하게 사용하게 될것같아요. 쉽고  빠르게 작업을 할수있게 되어 가정주부도 아무런 불편없이 사용할수 있을것 겉습니다.",
    "Source": "SNS",
    "Domain": "가전",
    "MainCategory": "생활/미용/욕실가전",
    "ProductName": "(TV_방송) 스위스밀리터리 전동공구 시즌3 NEW 시리즈 (해머+멀티드릴+볼트리무버+매직렌치)",
    "ReviewScore": "100",
    "Syllable": "122",
    "Word": "27",
    "RDate": "20180701",
    "GeneralPolarity": "1",
    "Aspects": [
      {
        "Aspect": "제품구성",
        "SentimentText": "우선적으로 제품이 종류 또한 다양하게 있어서 어떠한 작업에도 용이하게  할수 있어 좋다.",
        "SentimentWord": "12",
        "SentimentPolarity": "1"
      },
      {
        "Aspect": "편의성",
        "SentimentText": "여러가지로 유용하게 사용하게 될것같아요.",
        "SentimentWord": "4",
        "SentimentPolarity": "1"
      },
      {
        "Aspect": "편의성",
        "SentimentText": "가정주부도 아무런 불편없이 사용할수 있을것 겉습니다.",
        "SentimentWord": "6",
        "SentimentPolarity": "1"
      }
    ]
  },
  {
    "Index": "4233",
    "RawText": "가벼워서 사용하기 편하고서능이너무조아요^^ ",
    "Source": "SNS",
    "Domain": "가전",
    "MainCategory": "생활/미용/욕실가전",
    "ProductName": "(TV_방송)리무버변경_스위스밀리터리 전동공구 시즌3 NEW시리즈(해머+멀티드릴+볼트리무버+매직렌치)",
    "ReviewScore": "100",
    "Syllable": "24",
    "Word": "3",
    "RDate": "20181028",
    "GeneralPolarity": "1",
    "Aspects": [
      {
        "Aspect": "무게",
        "SentimentText": "가벼워서 사용하기 편하고",
        "SentimentWord": "3",
        "SentimentPolarity": "1"
      },
      {
        "Aspect": "기능",
        "SentimentText": "서능이너무조아요^^",
        "SentimentWord": "1",
        "SentimentPolarity": "1"
      }
    ]
  },
  {
    "Index": "4234",
    "RawText": "가볍고 힘좋고 사용하기 아주 좋습니다. 구성또한 다양해서 쓸모가 많아 더 좋네요 싸게 잘산듯삽니다 다른 공구도 구입해야하는데 좀더 다양한 공구들도 판매했으면 하는바램입니다 번창하세요",
    "Source": "SNS",
    "Domain": "가전",
    "MainCategory": "생활/미용/욕실가전",
    "ProductName": "(TV_방송)리무버변경_스위스밀리터리 전동공구 시즌3 NEW시리즈(해머+멀티드릴+볼트리무버+매직렌치)",
    "ReviewScore": "100",
    "Syllable": "101",
    "Word": "22",
    "RDate": "20181002",
    "GeneralPolarity": "1",
    "Aspects": [
      {
        "Aspect": "무게",
        "SentimentText": "가볍고 힘좋고 사용하기 아주 좋습니다.",
        "SentimentWord": "5",
        "SentimentPolarity": "1"
      },
      {
        "Aspect": "기능",
        "SentimentText": "힘좋고 사용하기 아주 좋습니다.",
        "SentimentWord": "4",
        "SentimentPolarity": "1"
      },
      {
        "Aspect": "제품구성",
        "SentimentText": "구성또한 다양해서 쓸모가 많아 더 좋네요",
        "SentimentWord": "6",
        "SentimentPolarity": "1"
      },
      {
        "Aspect": "가격",
        "SentimentText": "싸게 잘산듯삽니다",
        "SentimentWord": "2",
        "SentimentPolarity": "1"
      }
    ]
  },
  {
    "Index": "4235",
    "RawText": "배송 이틀만에 금방 와서 너무 좋구요, 상품구성도 좋은데 누락된 거 없이 방송에서 본 거랑 똑같이 왔어요. 사용해보니 작동도 이상없고 좋네요",
    "Source": "SNS",
    "Domain": "가전",
    "MainCategory": "생활/미용/욕실가전",
    "ProductName": "(TV_방송)리무버변경_스위스밀리터리 전동공구 시즌3 NEW시리즈(해머+멀티드릴+볼트리무버+매직렌치)",
    "ReviewScore": "100",
    "Syllable": "78",
    "Word": "20",
    "RDate": "20181012",
    "Aspects": [
      {
        "Aspect": "품질",
        "SentimentText": "사용해보니 작동도 이상없고 좋네요",
        "SentimentWord": "4",
        "SentimentPolarity": "1"
      },
      {
        "Aspect": "제품구성",
        "SentimentText": "상품구성도 좋은데 누락된 거 없이 방송에서 본 거랑 똑같이 왔어요.",
        "SentimentWord": "10",
        "SentimentPolarity": "1"
      }
    ]
  },
  {
    "Index": "4236",
    "RawText": "이거저것 준다고 다 쓰지는 않지만 가격대비 비싸서 별루예요  다른제품에 비해 실망 나사못도 없어서 따로 샀네요 실망입니다 ",
    "Source": "SNS",
    "Domain": "가전",
    "MainCategory": "생활/미용/욕실가전",
    "ProductName": "(TV_방송)리무버변경_스위스밀리터리 전동공구 시즌3 NEW시리즈(해머+멀티드릴+볼트리무버+매직렌치)",
    "ReviewScore": "40",
    "Syllable": "68",
    "Word": "16",
    "RDate": "20181007",
    "GeneralPolarity": "-1",
    "Aspects": [
      {
        "Aspect": "가격",
        "SentimentText": "가격대비 비싸서 별루예요 ",
        "SentimentWord": "3",
        "SentimentPolarity": "-1"
      },
      {
        "Aspect": "제품구성",
        "SentimentText": "다른제품에 비해 실망 나사못도 없어서 따로 샀네요 실망입니다",
        "SentimentWord": "8",
        "SentimentPolarity": "-1"
      }
    ]
  },
  {
    "Index": "4237",
    "RawText": "작고아담한게 작업하기 딱좋아요. 구성품도 여러가지가 골고루 들어있어서 좋고 사용하기에도 간편해서 만족합니다.",
    "Source": "SNS",
    "Domain": "가전",
    "MainCategory": "생활/미용/욕실가전",
    "ProductName": "(TV_방송)리무버변경_스위스밀리터리 전동공구 시즌3 NEW시리즈(해머+멀티드릴+볼트리무버+매직렌치)",
    "ReviewScore": "100",
    "Syllable": "60",
    "Word": "11",
    "RDate": "20180929",
    "GeneralPolarity": "1",
    "Aspects": [
      {
        "Aspect": "사이즈",
        "SentimentText": "작고아담한게 작업하기 딱좋아요",
        "SentimentWord": "3",
        "SentimentPolarity": "1"
      },
      {
        "Aspect": "제품구성",
        "SentimentText": "구성품도 여러가지가 골고루 들어있어서 좋고",
        "SentimentWord": "5",
        "SentimentPolarity": "1"
      },
      {
        "Aspect": "편의성",
        "SentimentText": "사용하기에도 간편해서 만족합니다",
        "SentimentWord": "3",
        "SentimentPolarity": "1"
      }
    ]
  },
  {
    "Index": "4238",
    "RawText": "알찬구성의 좋은 제품 잘받았습니다.  배터리 시간이 길지는 않아서 그건 좀 불만이네요 배송도 빠르고 열심히 써보겠습니다.",
    "Source": "SNS",
    "Domain": "가전",
    "MainCategory": "생활/미용/욕실가전",
    "ProductName": "(TV_방송)리무버변경_스위스밀리터리 전동공구 시즌3 NEW시리즈(해머+멀티드릴+볼트리무버+매직렌치)",
    "ReviewScore": "80",
    "Syllable": "67",
    "Word": "15",
    "RDate": "20181008",
    "Aspects": [
      {
        "Aspect": "제품구성",
        "SentimentText": "알찬구성의 좋은 제품 잘받았습니다",
        "SentimentWord": "4",
        "SentimentPolarity": "1"
      },
      {
        "Aspect": "배터리",
        "SentimentText": "배터리 시간이 길지는 않아서 그건 좀 불만이네요",
        "SentimentWord": "7",
        "SentimentPolarity": "-1"
      }
    ]
  },
  {
    "Index": "4239",
    "RawText": "케이스가다깨져있고볼트도제멋대로꽃혀있어 화가 납니다.이런거배송전체크도안하시나요? 실망스럽네요 추가 배터리 챙겨주기로 했는데 안왔어요. 생각보다 무거워서 놀랐습니다.",
    "Source": "SNS",
    "Domain": "가전",
    "MainCategory": "생활/미용/욕실가전",
    "ProductName": "(TV_방송)리무버변경_스위스밀리터리 전동공구 시즌3 NEW시리즈(해머+멀티드릴+볼트리무버+매직렌치)",
    "ReviewScore": "20",
    "Syllable": "90",
    "Word": "12",
    "RDate": "20181031",
    "Aspects": [
      {
        "Aspect": "제품구성",
        "SentimentText": "추가 배터리 챙겨주기로 했는데 안왔어요.",
        "SentimentWord": "5",
        "SentimentPolarity": "-1"
      },
      {
        "Aspect": "무게",
        "SentimentText": "생각보다 무거워서 놀랐습니다.",
        "SentimentWord": "3",
        "SentimentPolarity": "-1"
      }
    ]
  },
  {
    "Index": "4240",
    "RawText": "편리하고 좋아요 부품도 많아서 용도별로 사용할수 있어서 좋아요",
    "Source": "SNS",
    "Domain": "가전",
    "MainCategory": "생활/미용/욕실가전",
    "ProductName": "(TV_방송)리무버변경_스위스밀리터리 전동공구 시즌3 NEW시리즈(해머+멀티드릴+볼트리무버+매직렌치)",
    "ReviewScore": "100",
    "Syllable": "34",
    "Word": "8",
    "RDate": "20181011",
    "GeneralPolarity": "1",
    "Aspects": [
      {
        "Aspect": "편의성",
        "SentimentText": "편리하고 좋아요",
        "SentimentWord": "2",
        "SentimentPolarity": "1"
      },
      {
        "Aspect": "제품구성",
        "SentimentText": "부품도 많아서 용도별로 사용할수 있어서 좋아요",
        "SentimentWord": "6",
        "SentimentPolarity": "1"
      }
    ]
  },
  {
    "Index": "4241",
    "RawText": "교정중이라서 구매하게 되었는데 아무리 양치질을 열심히해도 잘안되나봐요 사용시 찌꺼기가 나오 전 너무나 만족하네요 사은품으로 주신 구성품도 너무 마음에 들어저는 강추합니다^^",
    "Source": "SNS",
    "Domain": "가전",
    "MainCategory": "생활/미용/욕실가전",
    "ProductName": "(TV_방송_직)뉴 아쿠아픽 구강세정기+사은품(음파전동칫솔+버블치약)",
    "ReviewScore": "100",
    "Syllable": "96",
    "Word": "20",
    "RDate": "20170419",
    "GeneralPolarity": "1",
    "Aspects": [
      {
        "Aspect": "기능",
        "SentimentText": "사용시 찌꺼기가 나오 전 너무나 만족하네요",
        "SentimentWord": "6",
        "SentimentPolarity": "1"
      },
      {
        "Aspect": "제품구성",
        "SentimentText": "사은품으로 주신 구성품도 너무 마음에 들어저는 강추합니다^^",
        "SentimentWord": "7",
        "SentimentPolarity": "1"
      }
    ]
  },
  {
    "Index": "4242",
    "RawText": "구성도 좋고 가격까지 내 마음에 쏙 들어요  무엇보다 신랑이 사용해보더니 성능이 좋아 만족해 하네요 다만 소리가 좀 커서 놀랐어요 ㅋㅋㅋ",
    "Source": "SNS",
    "Domain": "가전",
    "MainCategory": "생활/미용/욕실가전",
    "ProductName": "(TV_방송_직)뉴 아쿠아픽 구강세정기+사은품(음파전동칫솔+버블치약)",
    "ReviewScore": "100",
    "Syllable": "76",
    "Word": "20",
    "RDate": "20170308",
    "GeneralPolarity": "1",
    "Aspects": [
      {
        "Aspect": "가격",
        "SentimentText": "가격까지 내 마음에 쏙 들어요 ",
        "SentimentWord": "5",
        "SentimentPolarity": "1"
      },
      {
        "Aspect": "소음",
        "SentimentText": "소리가 좀 커서 놀랐어요 ㅋㅋㅋ ",
        "SentimentWord": "5",
        "SentimentPolarity": "-1"
      },
      {
        "Aspect": "기능",
        "SentimentText": "신랑이 사용해보더니 성능이 좋아 만족해 하네요 ",
        "SentimentWord": "6",
        "SentimentPolarity": "1"
      },
      {
        "Aspect": "제품구성",
        "SentimentText": "구성도 좋고",
        "SentimentWord": "2",
        "SentimentPolarity": "1"
      }
    ]
  },
  {
    "Index": "4243",
    "RawText": "생각보다 작긴하지만 여러모로 만족합니다 성능은 정말 좋네요~ 소음도 크지않고~ ",
    "Source": "SNS",
    "Domain": "가전",
    "MainCategory": "생활/미용/욕실가전",
    "ProductName": "(TV_방송_직)뉴 아쿠아픽 구강세정기+사은품(음파전동칫솔+버블치약)",
    "ReviewScore": "100",
    "Syllable": "44",
    "Word": "9",
    "RDate": "20170309",
    "GeneralPolarity": "1",
    "Aspects": [
      {
        "Aspect": "사이즈",
        "SentimentText": "생각보다 작긴하지만 여러모로 만족합니다",
        "SentimentWord": "4",
        "SentimentPolarity": "1"
      },
      {
        "Aspect": "기능",
        "SentimentText": "성능은 정말 좋네요~",
        "SentimentWord": "3",
        "SentimentPolarity": "1"
      },
      {
        "Aspect": "소음",
        "SentimentText": "소음도 크지않고~",
        "SentimentWord": "2",
        "SentimentPolarity": "1"
      }
    ]
  },
  {
    "Index": "4244",
    "RawText": "힘들게 치실할 필요 없네요 찌꺼기 쏙쏙 잘빠지고 사용하기도 간편하네요",
    "Source": "SNS",
    "Domain": "가전",
    "MainCategory": "생활/미용/욕실가전",
    "ProductName": "(TV_방송_직)뉴 아쿠아픽 구강세정기+사은품(음파전동칫솔+버블치약)",
    "ReviewScore": "100",
    "Syllable": "38",
    "Word": "9",
    "RDate": "20170308",
    "GeneralPolarity": "1",
    "Aspects": [
      {
        "Aspect": "기능",
        "SentimentText": "찌꺼기 쏙쏙 잘빠지고",
        "SentimentWord": "3",
        "SentimentPolarity": "1"
      },
      {
        "Aspect": "편의성",
        "SentimentText": "사용하기도 간편하네요",
        "SentimentWord": "2",
        "SentimentPolarity": "1"
      }
    ]
  },
  {
    "Index": "4245",
    "RawText": "제품 성능도 좋고 휴대용 면도기도 너무 편리합니다.",
    "Source": "SNS",
    "Domain": "가전",
    "MainCategory": "생활/미용/욕실가전",
    "ProductName": "(TV_방송_특)스위스 밀리터리 전기면도기 +사은품(휴대용면도기)",
    "ReviewScore": "100",
    "Syllable": "28",
    "Word": "7",
    "RDate": "20170705",
    "GeneralPolarity": "1",
    "Aspects": [
      {
        "Aspect": "기능",
        "SentimentText": "제품 성능도 좋고",
        "SentimentWord": "3",
        "SentimentPolarity": "1"
      },
      {
        "Aspect": "편의성",
        "SentimentText": "휴대용 면도기도 너무 편리합니다.",
        "SentimentWord": "4",
        "SentimentPolarity": "1"
      }
    ]
  },
  {
    "Index": "4246",
    "RawText": "한번 써봤는데 청소가 잘되서 좋네요 디자인도 맘에 들고요 a/s 만 잘된다면 오랫동안 써도 좋겠어요",
    "Source": "SNS",
    "Domain": "가전",
    "MainCategory": "생활/미용/욕실가전",
    "ProductName": "(TV_방송중_특약) 오토싱 무선 물걸레청소기 OTOCINC-700BA",
    "ReviewScore": "80",
    "Syllable": "55",
    "Word": "14",
    "RDate": "20190426",
    "GeneralPolarity": "1",
    "Aspects": [
      {
        "Aspect": "기능",
        "SentimentText": " 청소가 잘되서 좋네요 ",
        "SentimentWord": "3",
        "SentimentPolarity": "1"
      },
      {
        "Aspect": "디자인",
        "SentimentText": "디자인도 맘에 들고요",
        "SentimentWord": "3",
        "SentimentPolarity": "1"
      }
    ]
  },
  {
    "Index": "4247",
    "RawText": "드릴도 구멍 잘뚫리고 전동드라이버도 잘되네요  다양한 제품구성이 있어서 종류별로 사용 가능해요 배송도 빨랐구요",
    "Source": "SNS",
    "Domain": "가전",
    "MainCategory": "생활/미용/욕실가전",
    "ProductName": "(TV_상시) 스위스밀리터리 전동공구 시즌3 NEW 시리즈 (해머+멀티드릴+볼트리무버)",
    "ReviewScore": "100",
    "Syllable": "61",
    "Word": "13",
    "RDate": "20180810",
    "Aspects": [
      {
        "Aspect": "기능",
        "SentimentText": "드릴도 구멍 잘뚫리고 전동드라이버도 잘되네요 ",
        "SentimentWord": "5",
        "SentimentPolarity": "1"
      },
      {
        "Aspect": "제품구성",
        "SentimentText": "다양한 제품구성이 있어서 종류별로 사용 가능해요",
        "SentimentWord": "6",
        "SentimentPolarity": "1"
      }
    ]
  },
  {
    "Index": "4248",
    "RawText": "만족합니다.방송그대로 물건보냈고 2일만에 도착했습니다. 생각보다는 공구가 작아 사용하기 좋습니다. 전덩구 2개로 큰것과 직은 것으로 되어있어 용도에 맞게 사용할 수 임ㅅ습니다. 감사합니다 많이 파세요",
    "Source": "SNS",
    "Domain": "가전",
    "MainCategory": "생활/미용/욕실가전",
    "ProductName": "(TV_상시) 스위스밀리터리 전동공구 시즌3 NEW 시리즈 (해머+멀티드릴+볼트리무버)",
    "ReviewScore": "100",
    "Syllable": "111",
    "Word": "23",
    "RDate": "20181005",
    "Aspects": [
      {
        "Aspect": "사이즈",
        "SentimentText": "생각보다는 공구가 작아 사용하기 좋습니다.",
        "SentimentWord": "5",
        "SentimentPolarity": "1"
      },
      {
        "Aspect": "제품구성",
        "SentimentText": "전덩구 2개로 큰것과 직은 것으로 되어있어 용도에 맞게 사용할 수 임ㅅ습니다. ",
        "SentimentWord": "11",
        "SentimentPolarity": "1"
      }
    ]
  },
  {
    "Index": "4249",
    "RawText": "부품이 많아 다양해 좋고 여성이 사용하기도 쉽고 편해요",
    "Source": "SNS",
    "Domain": "가전",
    "MainCategory": "생활/미용/욕실가전",
    "ProductName": "(TV_상시) 스위스밀리터리 전동공구 시즌3 NEW 시리즈 (해머+멀티드릴+볼트리무버)",
    "ReviewScore": "100",
    "Syllable": "30",
    "Word": "8",
    "RDate": "20181107",
    "GeneralPolarity": "1",
    "Aspects": [
      {
        "Aspect": "제품구성",
        "SentimentText": "부품이 많아 다양해 좋고",
        "SentimentWord": "4",
        "SentimentPolarity": "1"
      },
      {
        "Aspect": "편의성",
        "SentimentText": "여성이 사용하기도 쉽고 편해요",
        "SentimentWord": "4",
        "SentimentPolarity": "1"
      }
    ]
  },
  {
    "Index": "4250",
    "RawText": "엉덩이는 따뜻해서 좋아요 가격대비 성능이 만족스럽습니다  그리고 깔끔한 설치까지 해주셔서 정말 만족합니다",
    "Source": "SNS",
    "Domain": "가전",
    "MainCategory": "생활/미용/욕실가전",
    "ProductName": "(TV_상시코드) 노비타 비데 BD-SH600",
    "ReviewScore": "100",
    "Syllable": "58",
    "Word": "12",
    "RDate": "20190104",
    "Aspects": [
      {
        "Aspect": "가격",
        "SentimentText": "가격대비 성능이 만족스럽습니다",
        "SentimentWord": "3",
        "SentimentPolarity": "1"
      },
      {
        "Aspect": "기능",
        "SentimentText": "엉덩이는 따뜻해서 좋아요",
        "SentimentWord": "3",
        "SentimentPolarity": "1"
      }
    ]
  },
  {
    "Index": "4251",
    "RawText": "OOO비데 품질이 정말 좋아요. 배송도 적당했고 특히 방수라서 더 좋은거 같아요",
    "Source": "SNS",
    "Domain": "가전",
    "MainCategory": "생활/미용/욕실가전",
    "ProductName": "(TV_상시코드) 노비타 비데 BD-SH600",
    "ReviewScore": "100",
    "Syllable": "44",
    "Word": "11",
    "RDate": "20190330",
    "Aspects": [
      {
        "Aspect": "품질",
        "SentimentText": "OOO비데 품질이 정말 좋아요.",
        "SentimentWord": "4",
        "SentimentPolarity": "1"
      },
      {
        "Aspect": "기능",
        "SentimentText": "특히 방수라서 더 좋은거 같아요",
        "SentimentWord": "5",
        "SentimentPolarity": "1"
      }
    ]
  },
  {
    "Index": "4252",
    "RawText": "하자없이 설치되어 너무 만족이에요^^ 가격대비 너무 마음에 듭니다                 ",
    "Source": "SNS",
    "Domain": "가전",
    "MainCategory": "생활/미용/욕실가전",
    "ProductName": "(TV_상시코드) 노비타 비데 BD-SH600",
    "ReviewScore": "100",
    "Syllable": "53",
    "Word": "8",
    "RDate": "20181001",
    "Aspects": [
      {
        "Aspect": "품질",
        "SentimentText": "하자없이 설치되어 너무 만족이에요^^",
        "SentimentWord": "4",
        "SentimentPolarity": "1"
      },
      {
        "Aspect": "가격",
        "SentimentText": "가격대비 너무 마음에 듭니다     ",
        "SentimentWord": "4",
        "SentimentPolarity": "1"
      }
    ]
  },
  {
    "Index": "4253",
    "RawText": "선물 받았어요 청소가 용이해서 좋고 따뜻해서 좋아요^^ 리모컨도 편리합니다",
    "Source": "SNS",
    "Domain": "가전",
    "MainCategory": "생활/미용/욕실가전",
    "ProductName": "(TV_상시코드) 노비타 비데 BD-SH600",
    "ReviewScore": "100",
    "Syllable": "41",
    "Word": "9",
    "RDate": "20181124",
    "GeneralPolarity": "1",
    "Aspects": [
      {
        "Aspect": "편의성",
        "SentimentText": "청소가 용이해서 좋고",
        "SentimentWord": "3",
        "SentimentPolarity": "1"
      },
      {
        "Aspect": "기능",
        "SentimentText": "따뜻해서 좋아요^^",
        "SentimentWord": "2",
        "SentimentPolarity": "1"
      },
      {
        "Aspect": "편의성",
        "SentimentText": "리모컨도 편리합니다",
        "SentimentWord": "2",
        "SentimentPolarity": "1"
      }
    ]
  },
  {
    "Index": "4254",
    "RawText": "사용법이 간단해서 편하네요^^  제품은 만족해요",
    "Source": "SNS",
    "Domain": "가전",
    "MainCategory": "생활/미용/욕실가전",
    "ProductName": "(TV_상시코드) 노비타 비데 BD-SH600",
    "ReviewScore": "100",
    "Syllable": "26",
    "Word": "5",
    "RDate": "20200120",
    "Aspects": [
      {
        "Aspect": "조작성",
        "SentimentText": "사용법이 간단해서 편하네요^^ ",
        "SentimentWord": "3",
        "SentimentPolarity": "1"
      },
      {
        "Aspect": "품질",
        "SentimentText": "제품은 만족해요",
        "SentimentWord": "2",
        "SentimentPolarity": "1"
      }
    ]
  },
  {
    "Index": "4255",
    "RawText": "설치까지쫌시간걸렸지만설치도친절히잘해주시고사용하기편합니다",
    "Source": "SNS",
    "Domain": "가전",
    "MainCategory": "생활/미용/욕실가전",
    "ProductName": "(TV_상시코드) 노비타 비데 BD-SH600",
    "ReviewScore": "100",
    "Syllable": "30",
    "Word": "1",
    "RDate": "20181211",
    "Aspects": [
      {
        "Aspect": "조작성",
        "SentimentText": "설치까지쫌시간걸렸지만",
        "SentimentWord": "1",
        "SentimentPolarity": "0"
      },
      {
        "Aspect": "기능",
        "SentimentText": "사용하기편합니다",
        "SentimentWord": "1",
        "SentimentPolarity": "1"
      }
    ]
  },
  {
    "Index": "4256",
    "RawText": "아주  시원하게 싯겨줘서 좋네요 무선조작으로 물청소가 좋고 조작도 편하고 상당히 좋읍니다",
    "Source": "SNS",
    "Domain": "가전",
    "MainCategory": "생활/미용/욕실가전",
    "ProductName": "(TV_상시코드) 노비타 비데 BD-SH600",
    "ReviewScore": "100",
    "Syllable": "49",
    "Word": "11",
    "RDate": "20190222",
    "GeneralPolarity": "1",
    "Aspects": [
      {
        "Aspect": "기능",
        "SentimentText": "아주  시원하게 싯겨줘서 좋네요",
        "SentimentWord": "4",
        "SentimentPolarity": "1"
      },
      {
        "Aspect": "편의성",
        "SentimentText": " 무선조작으로 물청소가 좋고",
        "SentimentWord": "3",
        "SentimentPolarity": "1"
      },
      {
        "Aspect": "조작성",
        "SentimentText": "조작도 편하고 상당히 좋읍니다",
        "SentimentWord": "4",
        "SentimentPolarity": "1"
      }
    ]
  },
  {
    "Index": "4257",
    "RawText": "제품 배송과 설치가 빠릅니다. 성능도 좋으나 사이즈가 좀 작아서 아쉽네요.",
    "Source": "SNS",
    "Domain": "가전",
    "MainCategory": "생활/미용/욕실가전",
    "ProductName": "(TV_상시코드) 노비타 비데 BD-SH600",
    "ReviewScore": "80",
    "Syllable": "41",
    "Word": "10",
    "RDate": "20181022",
    "Aspects": [
      {
        "Aspect": "기능",
        "SentimentText": "성능도 좋으나",
        "SentimentWord": "2",
        "SentimentPolarity": "1"
      },
      {
        "Aspect": "사이즈",
        "SentimentText": "사이즈가 좀 작아서 아쉽네요",
        "SentimentWord": "4",
        "SentimentPolarity": "0"
      }
    ]
  },
  {
    "Index": "4258",
    "RawText": "리모콘 위치를 마음대로 할수있어서 너무 좋아요.. 청소하기도 편리하구요",
    "Source": "SNS",
    "Domain": "가전",
    "MainCategory": "생활/미용/욕실가전",
    "ProductName": "(TV_상시코드) 노비타 비데 BD-SH600 1+1",
    "ReviewScore": "100",
    "Syllable": "39",
    "Word": "8",
    "RDate": "20190507",
    "GeneralPolarity": "1",
    "Aspects": [
      {
        "Aspect": "조작성",
        "SentimentText": "리모콘 위치를 마음대로 할수있어서 너무 좋아요.. ",
        "SentimentWord": "6",
        "SentimentPolarity": "1"
      },
      {
        "Aspect": "편의성",
        "SentimentText": "청소하기도 편리하구요",
        "SentimentWord": "2",
        "SentimentPolarity": "1"
      }
    ]
  },
  {
    "Index": "4259",
    "RawText": "부모님댁에  들여 놓았어요 기사님이 아주 친절하게 설명해주셨다고 합니다. 앉으면 변기가 따듯해서 좋고 수압도 만족스럽고,  리모컨형이라 방수부분도 더 자유롭고 사용하시기 편하다고 하시네요^^ ",
    "Source": "SNS",
    "Domain": "가전",
    "MainCategory": "생활/미용/욕실가전",
    "ProductName": "(TV_상시코드) 노비타 비데 BD-SH600 1+1",
    "ReviewScore": "100",
    "Syllable": "107",
    "Word": "21",
    "RDate": "20190325",
    "GeneralPolarity": "1",
    "Aspects": [
      {
        "Aspect": "기능",
        "SentimentText": "앉으면 변기가 따듯해서 좋고 수압도 만족스럽고, ",
        "SentimentWord": "6",
        "SentimentPolarity": "1"
      },
      {
        "Aspect": "편의성",
        "SentimentText": "리모컨형이라 방수부분도 더 자유롭고 사용하시기 편하다고 하시네요^^",
        "SentimentWord": "7",
        "SentimentPolarity": "1"
      }
    ]
  },
  {
    "Index": "4260",
    "RawText": "제품 디자인이 깔끔하고 좋습니다.   하나 플러스 하나로 가격 굿이에요 그리고 빠른 배송 감사합니다",
    "Source": "SNS",
    "Domain": "가전",
    "MainCategory": "생활/미용/욕실가전",
    "ProductName": "(TV_상시코드) 노비타 비데 BD-SH600 1+1",
    "ReviewScore": "100",
    "Syllable": "55",
    "Word": "13",
    "RDate": "20181004",
    "Aspects": [
      {
        "Aspect": "디자인",
        "SentimentText": "제품 디자인이 깔끔하고 좋습니다. ",
        "SentimentWord": "4",
        "SentimentPolarity": "1"
      },
      {
        "Aspect": "가격",
        "SentimentText": "하나 플러스 하나로 가격 굿이에요",
        "SentimentWord": "5",
        "SentimentPolarity": "1"
      }
    ]
  },
  {
    "Index": "4261",
    "RawText": "브랜드보고  구입했습니다만.  집에 날파리들이  날아다님이  보이나  잡혀  있는건 일주일 넘게  사용  하고  있지만  잡혀  있는건  딸랑 한마리...있으나  없으나   합니다. 비움통  열기도  힘들어요. 괜히  샀다   생각  듭니다.",
    "Source": "SNS",
    "Domain": "가전",
    "MainCategory": "생활/미용/욕실가전",
    "ProductName": "(TV_정율) 2020년형 유한양행 해피홈 에어트랩 360 1+1",
    "ReviewScore": "10",
    "Syllable": "135",
    "Word": "26",
    "RDate": "20200626",
    "GeneralPolarity": "-1",
    "Aspects": [
      {
        "Aspect": "기능",
        "SentimentText": "일주일 넘게  사용  하고  있지만  잡혀  있는건  딸랑 한마리...있으나  없으나   합니다.",
        "SentimentWord": "11",
        "SentimentPolarity": "-1"
      },
      {
        "Aspect": "편의성",
        "SentimentText": "비움통  열기도  힘들어요.",
        "SentimentWord": "3",
        "SentimentPolarity": "-1"
      }
    ]
  },
  {
    "Index": "4262",
    "RawText": "사용기간15일. 형광등꺼야 효과쬐끔 있어 실망입니다 .타방송에서 하는브랜드는 두개 4만원.머여!!!가격을 비싸게 산것 같아 기분이 좋치 않아요",
    "Source": "SNS",
    "Domain": "가전",
    "MainCategory": "생활/미용/욕실가전",
    "ProductName": "(TV_정율) 2020년형 유한양행 해피홈 에어트랩 360 1+1",
    "ReviewScore": "30",
    "Syllable": "79",
    "Word": "15",
    "RDate": "20200620",
    "GeneralPolarity": "-1",
    "Aspects": [
      {
        "Aspect": "기능",
        "SentimentText": "형광등꺼야 효과쬐끔 있어 실망입니다 ",
        "SentimentWord": "4",
        "SentimentPolarity": "-1"
      },
      {
        "Aspect": "가격",
        "SentimentText": "가격을 비싸게 산것 같아 기분이 좋치 않아요",
        "SentimentWord": "7",
        "SentimentPolarity": "-1"
      }
    ]
  },
  {
    "Index": "4263",
    "RawText": "아직 모기있을때 써보진 않았지만 엄청가볍고 디자인도 이뻐요! 근데  약간에 소음이 있어 잘 잘수 있을지 걱정이네요ㅜㅜ",
    "Source": "SNS",
    "Domain": "가전",
    "MainCategory": "생활/미용/욕실가전",
    "ProductName": "(TV_정율) 2020년형 유한양행 해피홈 에어트랩 360 1+1",
    "ReviewScore": "100",
    "Syllable": "65",
    "Word": "15",
    "RDate": "20200609",
    "GeneralPolarity": "0",
    "Aspects": [
      {
        "Aspect": "디자인",
        "SentimentText": "엄청가볍고 디자인도 이뻐요!",
        "SentimentWord": "3",
        "SentimentPolarity": "1"
      },
      {
        "Aspect": "소음",
        "SentimentText": "약간에 소음이 있어 잘 잘수 있을지 걱정이네요ㅜㅜ",
        "SentimentWord": "7",
        "SentimentPolarity": "-1"
      }
    ]
  },
  {
    "Index": "4264",
    "RawText": "초파리가   트랩근처도 가지않고 소리도 거슬리고 제품성능에 비해 가격이 너무비싼것 같네요. 실망이네요",
    "Source": "SNS",
    "Domain": "가전",
    "MainCategory": "생활/미용/욕실가전",
    "ProductName": "(TV_정율) 2020년형 유한양행 해피홈 에어트랩 360 1+1",
    "ReviewScore": "60",
    "Syllable": "56",
    "Word": "11",
    "RDate": "20200718",
    "GeneralPolarity": "-1",
    "Aspects": [
      {
        "Aspect": "소음",
        "SentimentText": "소리도 거슬리고",
        "SentimentWord": "2",
        "SentimentPolarity": "-1"
      },
      {
        "Aspect": "가격",
        "SentimentText": "제품성능에 비해 가격이 너무비싼것 같네요. ",
        "SentimentWord": "5",
        "SentimentPolarity": "-1"
      }
    ]
  },
  {
    "Index": "4265",
    "RawText": "빠른 배송 감사합니다 아이가 모기알러지가 있어서 항상 여름이 다가오면 걱정이었어요 야외 캠핑 나갈때 유용하게 사용하려고 구매했어요 ~~  휴댕성이 좋아서 구입했어요  충전선도 있어서 편하겠어요 여름 걱정 덜었어요 감사합니다",
    "Source": "SNS",
    "Domain": "가전",
    "MainCategory": "생활/미용/욕실가전",
    "ProductName": "(TV_정율) 유한양행 해피홈 에어트랩 360 ",
    "ReviewScore": "100",
    "Syllable": "124",
    "Word": "27",
    "RDate": "20210429",
    "Aspects": [
      {
        "Aspect": "편의성",
        "SentimentText": "휴댕성이 좋아서 구입했어요",
        "SentimentWord": "3",
        "SentimentPolarity": "1"
      },
      {
        "Aspect": "제품구성",
        "SentimentText": "충전선도 있어서 편하겠어요",
        "SentimentWord": "3",
        "SentimentPolarity": "1"
      }
    ]
  },
  {
    "Index": "4266",
    "RawText": "생가보다  히루살이 잘안잡히고 소리도 좀 커서 신경이 쓰이네요",
    "Source": "SNS",
    "Domain": "가전",
    "MainCategory": "생활/미용/욕실가전",
    "ProductName": "(TV_정율) 유한양행 해피홈 에어트랩 360 1+1 ",
    "ReviewScore": "60",
    "Syllable": "34",
    "Word": "8",
    "RDate": "20210802",
    "Aspects": [
      {
        "Aspect": "기능",
        "SentimentText": "생가보다  히루살이 잘안잡히고",
        "SentimentWord": "3",
        "SentimentPolarity": "-1"
      },
      {
        "Aspect": "소음",
        "SentimentText": "소리도 좀 커서 신경이 쓰이네요",
        "SentimentWord": "5",
        "SentimentPolarity": "-1"
      }
    ]
  },
  {
    "Index": "4267",
    "RawText": "작년에도 에어트랩 사용으로 여름을 잘 보내서 믿고쓰는 브랜드 회사라서  재주문 했습니다 1+1 이라서 얼른 주문 완료 배송도 빠르고 좋아요 디자인도 깔끔해서 마음에 듭니다",
    "Source": "SNS",
    "Domain": "가전",
    "MainCategory": "생활/미용/욕실가전",
    "ProductName": "(TV_정율) 유한양행 해피홈 에어트랩 360 1+1 ",
    "ReviewScore": "100",
    "Syllable": "95",
    "Word": "23",
    "RDate": "20210430",
    "Aspects": [
      {
        "Aspect": "제조일/제조사",
        "SentimentText": "믿고쓰는 브랜드 회사라서  재주문 했습니다",
        "SentimentWord": "5",
        "SentimentPolarity": "1"
      },
      {
        "Aspect": "디자인",
        "SentimentText": " 디자인도 깔끔해서 마음에 듭니다",
        "SentimentWord": "4",
        "SentimentPolarity": "1"
      }
    ]
  },
  {
    "Index": "4268",
    "RawText": "가격대비 너무괜찮아요 삼품 퀄리티가 좋아요 아주만족합니다ㆍ배송도 빨라서 좋아요.ㆍ",
    "Source": "SNS",
    "Domain": "가전",
    "MainCategory": "생활/미용/욕실가전",
    "ProductName": "(TV_직) 필립스 전기면도기 S5210/06 + 스마트클린 + 휴대용면도기 + 코털제거기",
    "ReviewScore": "100",
    "Syllable": "45",
    "Word": "8",
    "RDate": "20200104",
    "Aspects": [
      {
        "Aspect": "가격",
        "SentimentText": "가격대비 너무괜찮아요",
        "SentimentWord": "2",
        "SentimentPolarity": "1"
      },
      {
        "Aspect": "품질",
        "SentimentText": "삼품 퀄리티가 좋아요",
        "SentimentWord": "3",
        "SentimentPolarity": "1"
      }
    ]
  },
  {
    "Index": "4269",
    "RawText": "가격두적당하구 적립금두많쿠~~~ 적립금은유용하게잘사용했습니다 깔끔하게 잘 깍여서 만족합니다.",
    "Source": "SNS",
    "Domain": "가전",
    "MainCategory": "생활/미용/욕실가전",
    "ProductName": "(TV_직) 필립스 전기면도기 S5210/06 + 스마트클린 + 휴대용면도기 + 코털제거기",
    "ReviewScore": "100",
    "Syllable": "51",
    "Word": "7",
    "RDate": "20200110",
    "GeneralPolarity": "1",
    "Aspects": [
      {
        "Aspect": "가격",
        "SentimentText": "가격두적당하구 적립금두많쿠~~~",
        "SentimentWord": "2",
        "SentimentPolarity": "1"
      },
      {
        "Aspect": "기능",
        "SentimentText": "깔끔하게 잘 깍여서 만족합니다.",
        "SentimentWord": "4",
        "SentimentPolarity": "1"
      }
    ]
  },
  {
    "Index": "4270",
    "RawText": "구성도 맘에 들고 자극 없이 면도도 잘 됩니다 잘 산거같아요",
    "Source": "SNS",
    "Domain": "가전",
    "MainCategory": "생활/미용/욕실가전",
    "ProductName": "(TV_직) 필립스 전기면도기 S5210/06 + 스마트클린 + 휴대용면도기 + 코털제거기",
    "ReviewScore": "100",
    "Syllable": "33",
    "Word": "10",
    "RDate": "20200414",
    "GeneralPolarity": "1",
    "Aspects": [
      {
        "Aspect": "제품구성",
        "SentimentText": "구성도 맘에 들고",
        "SentimentWord": "3",
        "SentimentPolarity": "1"
      },
      {
        "Aspect": "기능",
        "SentimentText": "자극 없이 면도도 잘 됩니다",
        "SentimentWord": "5",
        "SentimentPolarity": "1"
      }
    ]
  },
  {
    "Index": "4271",
    "RawText": "OOO 전기면도기 너무 너무 잘 쓰고 있네요.휴대용까지 있다보니 ....",
    "Source": "SNS",
    "Domain": "가전",
    "MainCategory": "생활/미용/욕실가전",
    "ProductName": "(TV_직) 필립스 전기면도기 S5210/06 + 스마트클린 + 휴대용면도기 + 코털제거기",
    "ReviewScore": "100",
    "Syllable": "40",
    "Word": "9",
    "RDate": "20191223",
    "GeneralPolarity": "1",
    "Aspects": [
      {
        "Aspect": "품질",
        "SentimentText": "OOO 전기면도기 너무 너무 잘 쓰고 있네요.",
        "SentimentWord": "7",
        "SentimentPolarity": "1"
      },
      {
        "Aspect": "제품구성",
        "SentimentText": "휴대용까지 있다보니 ....",
        "SentimentWord": "3",
        "SentimentPolarity": "1"
      }
    ]
  },
  {
    "Index": "4272",
    "RawText": "너무 좋은상품 구성이네요 적립금까지 대박입니다",
    "Source": "SNS",
    "Domain": "가전",
    "MainCategory": "생활/미용/욕실가전",
    "ProductName": "(TV_직) 필립스 전기면도기 S5210/06 + 스마트클린 + 휴대용면도기 + 코털제거기",
    "ReviewScore": "100",
    "Syllable": "25",
    "Word": "5",
    "RDate": "20191230",
    "GeneralPolarity": "1",
    "Aspects": [
      {
        "Aspect": "제품구성",
        "SentimentText": "너무 좋은상품 구성이네요",
        "SentimentWord": "3",
        "SentimentPolarity": "1"
      },
      {
        "Aspect": "가격",
        "SentimentText": "적립금까지 대박입니다",
        "SentimentWord": "2",
        "SentimentPolarity": "1"
      }
    ]
  },
  {
    "Index": "4273",
    "RawText": "사용하기 너무 편하고 피부트러블도 없어서 좋고, 아침에 빨라졌어요",
    "Source": "SNS",
    "Domain": "가전",
    "MainCategory": "생활/미용/욕실가전",
    "ProductName": "(TV_직) 필립스 전기면도기 S5210/06 + 스마트클린 + 휴대용면도기 + 코털제거기",
    "ReviewScore": "100",
    "Syllable": "36",
    "Word": "8",
    "RDate": "20191213",
    "GeneralPolarity": "1",
    "Aspects": [
      {
        "Aspect": "편의성",
        "SentimentText": "사용하기 너무 편하고",
        "SentimentWord": "3",
        "SentimentPolarity": "1"
      },
      {
        "Aspect": "품질",
        "SentimentText": "피부트러블도 없어서 좋고",
        "SentimentWord": "3",
        "SentimentPolarity": "1"
      }
    ]
  },
  {
    "Index": "4274",
    "RawText": "박 스 개 봉 만 한 상 태 임 . 일 단 남 편 이 항 상 면 도 를 못 해서 피 를 자 주 보 는 듯 해  전기 면도기를 선 물 해 줫 더 니  성능이 좋아서 너 무 좋 아 함 근 데 둘 다 기 계 치 라  어 떻 게 쓰 는 줄 을 모 르 겟 음 왜 설 명 서 가 없 는 지 도 통 모 르 겟 음 . 인 터 넷 으 로 찻 아 바 야 겟 음 .",
    "Source": "SNS",
    "Domain": "가전",
    "MainCategory": "생활/미용/욕실가전",
    "ProductName": "(TV_직) 필립스 전기면도기 S5210/06 + 스마트클린 + 휴대용면도기 + 코털제거기",
    "ReviewScore": "100",
    "Syllable": "193",
    "Word": "91",
    "RDate": "20200103",
    "GeneralPolarity": "1",
    "Aspects": [
      {
        "Aspect": "기능",
        "SentimentText": "전기 면도기를 선 물 해 줫 더 니  성능이 좋아서 너 무 좋 아 함",
        "SentimentWord": "15",
        "SentimentPolarity": "1"
      },
      {
        "Aspect": "조작성",
        "SentimentText": "왜 설 명 서 가 없 는 지 도 통 모 르 겟 음 .",
        "SentimentWord": "15",
        "SentimentPolarity": "-1"
      }
    ]
  },
  {
    "Index": "4275",
    "RawText": "배송도 빠르고 좋네요 스마트 클린 기능이 있어서 깨끗하게 사용가능하네요 특히 구성이 마음에  꼭 들어요 ",
    "Source": "SNS",
    "Domain": "가전",
    "MainCategory": "생활/미용/욕실가전",
    "ProductName": "(TV_직) 필립스 전기면도기 S5210/06 + 스마트클린 + 휴대용면도기 + 코털제거기",
    "ReviewScore": "100",
    "Syllable": "58",
    "Word": "14",
    "RDate": "20200115",
    "Aspects": [
      {
        "Aspect": "기능",
        "SentimentText": "스마트 클린 기능이 있어서 깨끗하게 사용가능하네요",
        "SentimentWord": "6",
        "SentimentPolarity": "1"
      },
      {
        "Aspect": "제품구성",
        "SentimentText": "특히 구성이 마음에  꼭 들어요",
        "SentimentWord": "5",
        "SentimentPolarity": "1"
      }
    ]
  },
  {
    "Index": "4276",
    "RawText": "배송잘받았어요~ OOO면도기 너무좋으네요  세척도 간편하고 디자인도 깔끔합니다 추천합니다~~^^",
    "Source": "SNS",
    "Domain": "가전",
    "MainCategory": "생활/미용/욕실가전",
    "ProductName": "(TV_직) 필립스 전기면도기 S5210/06 + 스마트클린 + 휴대용면도기 + 코털제거기",
    "ReviewScore": "100",
    "Syllable": "53",
    "Word": "8",
    "RDate": "20191216",
    "GeneralPolarity": "1",
    "Aspects": [
      {
        "Aspect": "제조일/제조사",
        "SentimentText": "OOO면도기 너무좋으네요 ",
        "SentimentWord": "2",
        "SentimentPolarity": "1"
      },
      {
        "Aspect": "편의성",
        "SentimentText": "세척도 간편하고 디자인도 깔끔합니다",
        "SentimentWord": "4",
        "SentimentPolarity": "1"
      },
      {
        "Aspect": "디자인",
        "SentimentText": "디자인도 깔끔합니다",
        "SentimentWord": "2",
        "SentimentPolarity": "1"
      }
    ]
  },
  {
    "Index": "4277",
    "RawText": "면도가 부드럽게,잘 되는거 같데요~. 신랑이 무지 편하다고 좋아하네요^^",
    "Source": "SNS",
    "Domain": "가전",
    "MainCategory": "생활/미용/욕실가전",
    "ProductName": "(TV_직) 필립스 전기면도기 S5210/06 + 스마트클린 + 휴대용면도기 + 코털제거기",
    "ReviewScore": "100",
    "Syllable": "40",
    "Word": "8",
    "RDate": "20200227",
    "GeneralPolarity": "1",
    "Aspects": [
      {
        "Aspect": "기능",
        "SentimentText": "면도가 부드럽게,잘 되는거 같데요~.",
        "SentimentWord": "4",
        "SentimentPolarity": "1"
      },
      {
        "Aspect": "편의성",
        "SentimentText": "신랑이 무지 편하다고 좋아하네요^^",
        "SentimentWord": "4",
        "SentimentPolarity": "1"
      }
    ]
  },
  {
    "Index": "4278",
    "RawText": "성능이 생각보다별로인것같아요 깔끔하게잘안밀려요 적립금 혜택  아니였음 완전후회할뻔 실망입니다  ",
    "Source": "SNS",
    "Domain": "가전",
    "MainCategory": "생활/미용/욕실가전",
    "ProductName": "(TV_직) 필립스 전기면도기 S5210/06 + 스마트클린 + 휴대용면도기 + 코털제거기",
    "ReviewScore": "100",
    "Syllable": "53",
    "Word": "8",
    "RDate": "20191211",
    "GeneralPolarity": "-1",
    "Aspects": [
      {
        "Aspect": "기능",
        "SentimentText": "성능이 생각보다별로인것같아요",
        "SentimentWord": "2",
        "SentimentPolarity": "-1"
      },
      {
        "Aspect": "가격",
        "SentimentText": "적립금 혜택  아니였음 완전후회할뻔 실망입니다",
        "SentimentWord": "5",
        "SentimentPolarity": "-1"
      }
    ]
  },
  {
    "Index": "4279",
    "RawText": "아들 첫면도기로 선물했어요 부드럽고 깨끗하게  면도된다고 좋아합니다 무게감도 적당해서 좋다네요!",
    "Source": "SNS",
    "Domain": "가전",
    "MainCategory": "생활/미용/욕실가전",
    "ProductName": "(TV_직) 필립스 전기면도기 S5210/06 + 스마트클린 + 휴대용면도기 + 코털제거기",
    "ReviewScore": "100",
    "Syllable": "53",
    "Word": "10",
    "RDate": "20191216",
    "GeneralPolarity": "1",
    "Aspects": [
      {
        "Aspect": "기능",
        "SentimentText": "부드럽고 깨끗하게  면도된다고 좋아합니다",
        "SentimentWord": "4",
        "SentimentPolarity": "1"
      },
      {
        "Aspect": "무게",
        "SentimentText": "무게감도 적당해서 좋다네요!",
        "SentimentWord": "3",
        "SentimentPolarity": "1"
      }
    ]
  },
  {
    "Index": "4280",
    "RawText": "알찬구성감사하네요 5000시리즈 가격확인하세요 가성비 굿!! 입니다",
    "Source": "SNS",
    "Domain": "가전",
    "MainCategory": "생활/미용/욕실가전",
    "ProductName": "(TV_직) 필립스 전기면도기 S5210/06 + 스마트클린 + 휴대용면도기 + 코털제거기",
    "ReviewScore": "100",
    "Syllable": "37",
    "Word": "6",
    "RDate": "20200111",
    "GeneralPolarity": "1",
    "Aspects": [
      {
        "Aspect": "제품구성",
        "SentimentText": "알찬구성감사하네요",
        "SentimentWord": "1",
        "SentimentPolarity": "1"
      },
      {
        "Aspect": "가격",
        "SentimentText": "5000시리즈 가격확인하세요 가성비 굿!! 입니다",
        "SentimentWord": "5",
        "SentimentPolarity": "1"
      }
    ]
  },
  {
    "Index": "4281",
    "RawText": "역시 면도기는 OOO 인 거 같아요 면도기도 성능도 좋고 구성품도 좋아서 잘 산거 같아요ㅎㅎ",
    "Source": "SNS",
    "Domain": "가전",
    "MainCategory": "생활/미용/욕실가전",
    "ProductName": "(TV_직) 필립스 전기면도기 S5210/06 + 스마트클린 + 휴대용면도기 + 코털제거기",
    "ReviewScore": "100",
    "Syllable": "51",
    "Word": "14",
    "RDate": "20200328",
    "GeneralPolarity": "1",
    "Aspects": [
      {
        "Aspect": "제조일/제조사",
        "SentimentText": "역시 면도기는 OOO 인 거 같아요 ",
        "SentimentWord": "6",
        "SentimentPolarity": "1"
      },
      {
        "Aspect": "기능",
        "SentimentText": "면도기도 성능도 좋고",
        "SentimentWord": "3",
        "SentimentPolarity": "1"
      },
      {
        "Aspect": "제품구성",
        "SentimentText": "구성품도 좋아서 잘 산거 같아요ㅎㅎ",
        "SentimentWord": "5",
        "SentimentPolarity": "1"
      }
    ]
  },
  {
    "Index": "4282",
    "RawText": "빠른 배송으로 잘받았습니다  근데 21일 택배 받아서 새벽에 퇴근후 바로 확인 했는데  휴대용도 있어서 가지고 다니기 좋아요 면도기 구성중에서 거치대가 어디 있는지 아니 어떻게 된거죠?",
    "Source": "SNS",
    "Domain": "가전",
    "MainCategory": "생활/미용/욕실가전",
    "ProductName": "(TV_직) 필립스 전기면도기 S5210/06 + 스마트클린 + 휴대용면도기 + 코털제거기",
    "ReviewScore": "80",
    "Syllable": "103",
    "Word": "25",
    "RDate": "20191122",
    "Aspects": [
      {
        "Aspect": "편의성",
        "SentimentText": "휴대용도 있어서 가지고 다니기 좋아요",
        "SentimentWord": "5",
        "SentimentPolarity": "1"
      },
      {
        "Aspect": "제품구성",
        "SentimentText": "면도기 구성중에서 거치대가 어디 있는지 아니 어떻게 된거죠?",
        "SentimentWord": "8",
        "SentimentPolarity": "-1"
      }
    ]
  },
  {
    "Index": "4283",
    "RawText": "잘받았읍니다.적립금 포함으로 완전 득탬이네요. 디자인도 좋고 감사삽니다",
    "Source": "SNS",
    "Domain": "가전",
    "MainCategory": "생활/미용/욕실가전",
    "ProductName": "(TV_직) 필립스 전기면도기 S5210/06 + 스마트클린 + 휴대용면도기 + 코털제거기",
    "ReviewScore": "100",
    "Syllable": "39",
    "Word": "7",
    "RDate": "20191212",
    "GeneralPolarity": "1",
    "Aspects": [
      {
        "Aspect": "가격",
        "SentimentText": "적립금 포함으로 완전 득탬이네요.",
        "SentimentWord": "4",
        "SentimentPolarity": "1"
      },
      {
        "Aspect": "디자인",
        "SentimentText": "디자인도 좋고 ",
        "SentimentWord": "2",
        "SentimentPolarity": "1"
      }
    ]
  },
  {
    "Index": "4284",
    "RawText": "제품 성능도 마음에 들고 좋아요   적립금 혜택까지 아주 만족합니다.~~",
    "Source": "SNS",
    "Domain": "가전",
    "MainCategory": "생활/미용/욕실가전",
    "ProductName": "(TV_직) 필립스 전기면도기 S5210/06 + 스마트클린 + 휴대용면도기 + 코털제거기",
    "ReviewScore": "80",
    "Syllable": "40",
    "Word": "9",
    "RDate": "20191210",
    "GeneralPolarity": "1",
    "Aspects": [
      {
        "Aspect": "기능",
        "SentimentText": "제품 성능도 마음에 들고 좋아요 ",
        "SentimentWord": "5",
        "SentimentPolarity": "1"
      },
      {
        "Aspect": "가격",
        "SentimentText": " 적립금 혜택까지 아주 만족합니다.~~",
        "SentimentWord": "4",
        "SentimentPolarity": "1"
      }
    ]
  },
  {
    "Index": "4285",
    "RawText": "좋은가격에 잘 구매한 것 같은데 면도기가 지금 쓰고 있는 것보다 약해 보이네요. 그리고 휴대용케이스가 없는 것도 아쉽습니다.",
    "Source": "SNS",
    "Domain": "가전",
    "MainCategory": "생활/미용/욕실가전",
    "ProductName": "(TV_직) 필립스 전기면도기 S5210/06 + 스마트클린 + 휴대용면도기 + 코털제거기",
    "ReviewScore": "100",
    "Syllable": "69",
    "Word": "17",
    "RDate": "20191211",
    "GeneralPolarity": "-1",
    "Aspects": [
      {
        "Aspect": "가격",
        "SentimentText": "좋은가격에 잘 구매한 것 같은데",
        "SentimentWord": "5",
        "SentimentPolarity": "1"
      },
      {
        "Aspect": "내구성",
        "SentimentText": "면도기가 지금 쓰고 있는 것보다 약해 보이네요. ",
        "SentimentWord": "7",
        "SentimentPolarity": "-1"
      },
      {
        "Aspect": "제품구성",
        "SentimentText": "휴대용케이스가 없는 것도 아쉽습니다.",
        "SentimentWord": "4",
        "SentimentPolarity": "-1"
      }
    ]
  },
  {
    "Index": "4286",
    "RawText": "가격이 저렴해서 반신반의 하며 주문했는데 가성비 좋아요  개운하고 좋아서 만족해요  또 주문해서 선물 하려구요",
    "Source": "SNS",
    "Domain": "가전",
    "MainCategory": "생활/미용/욕실가전",
    "ProductName": "(TV_직)스마트소닉 음파칫솔 4인세트",
    "ReviewScore": "100",
    "Syllable": "61",
    "Word": "14",
    "RDate": "20180206",
    "GeneralPolarity": "1",
    "Aspects": [
      {
        "Aspect": "가격",
        "SentimentText": "가격이 저렴해서 반신반의 하며 주문했는데 가성비 좋아요 ",
        "SentimentWord": "7",
        "SentimentPolarity": "1"
      },
      {
        "Aspect": "기능",
        "SentimentText": "개운하고 좋아서 만족해요  ",
        "SentimentWord": "3",
        "SentimentPolarity": "1"
      }
    ]
  },
  {
    "Index": "4287",
    "RawText": "가격이너무 착해서 혹시나하구 구입했는데 시원하게 잘 닦여 너무만족해요.정말 가성비짱짱짱.   ",
    "Source": "SNS",
    "Domain": "가전",
    "MainCategory": "생활/미용/욕실가전",
    "ProductName": "(TV_직)스마트소닉 음파칫솔 4인세트",
    "ReviewScore": "100",
    "Syllable": "52",
    "Word": "9",
    "RDate": "20180609",
    "GeneralPolarity": "1",
    "Aspects": [
      {
        "Aspect": "기능",
        "SentimentText": "시원하게 잘 닦여 너무만족해요.",
        "SentimentWord": "4",
        "SentimentPolarity": "1"
      },
      {
        "Aspect": "가격",
        "SentimentText": "정말 가성비짱짱짱.",
        "SentimentWord": "2",
        "SentimentPolarity": "1"
      }
    ]
  },
  {
    "Index": "4288",
    "RawText": "가족 4명이여서  각자꺼 쓰는것도 맘에들고  색깔도 이쁘고  깨끗히  잘닦여요",
    "Source": "SNS",
    "Domain": "가전",
    "MainCategory": "생활/미용/욕실가전",
    "ProductName": "(TV_직)스마트소닉 음파칫솔 4인세트",
    "ReviewScore": "100",
    "Syllable": "43",
    "Word": "9",
    "RDate": "20180128",
    "GeneralPolarity": "1",
    "Aspects": [
      {
        "Aspect": "디자인",
        "SentimentText": "색깔도 이쁘고",
        "SentimentWord": "2",
        "SentimentPolarity": "1"
      },
      {
        "Aspect": "기능",
        "SentimentText": " 깨끗히  잘닦여요",
        "SentimentWord": "2",
        "SentimentPolarity": "1"
      },
      {
        "Aspect": "제품구성",
        "SentimentText": "각자꺼 쓰는것도 맘에들고",
        "SentimentWord": "3",
        "SentimentPolarity": "1"
      }
    ]
  },
  {
    "Index": "4289",
    "RawText": "배송도 빠르고 4개 구성을 이가격에 구입할 수 있어서 넘 좋아요",
    "Source": "SNS",
    "Domain": "가전",
    "MainCategory": "생활/미용/욕실가전",
    "ProductName": "(TV_직)스마트소닉 음파칫솔 4인세트",
    "ReviewScore": "100",
    "Syllable": "35",
    "Word": "10",
    "RDate": "20180215",
    "Aspects": [
      {
        "Aspect": "제품구성",
        "SentimentText": "4개 구성을",
        "SentimentWord": "2",
        "SentimentPolarity": "1"
      },
      {
        "Aspect": "가격",
        "SentimentText": "이가격에 구입할 수 있어서 넘 좋아요",
        "SentimentWord": "6",
        "SentimentPolarity": "1"
      }
    ]
  },
  {
    "Index": "4290",
    "RawText": "사용에 편리해서 좋고 . 사용후 매우 개운함이 있어 만족합니다 가족마다 모두 사용해요.  제조사가 좋아 두번째 구입했습니다. ^^",
    "Source": "SNS",
    "Domain": "가전",
    "MainCategory": "생활/미용/욕실가전",
    "ProductName": "(TV_직)스마트소닉 음파칫솔 4인세트",
    "ReviewScore": "100",
    "Syllable": "72",
    "Word": "17",
    "RDate": "20180401",
    "GeneralPolarity": "1",
    "Aspects": [
      {
        "Aspect": "편의성",
        "SentimentText": "사용에 편리해서 좋고 ",
        "SentimentWord": "3",
        "SentimentPolarity": "1"
      },
      {
        "Aspect": "기능",
        "SentimentText": "사용후 매우 개운함이 있어 만족합니다",
        "SentimentWord": "5",
        "SentimentPolarity": "1"
      },
      {
        "Aspect": "제조일/제조사",
        "SentimentText": " 제조사가 좋아 두번째 구입했습니다. ^^",
        "SentimentWord": "5",
        "SentimentPolarity": "1"
      }
    ]
  },
  {
    "Index": "4291",
    "RawText": "소리는 좀 나서 신경쓰이네요. 일반칫솔보다는 깔끔하게 잘 닦이네요 잘 쓰고 있습니다",
    "Source": "SNS",
    "Domain": "가전",
    "MainCategory": "생활/미용/욕실가전",
    "ProductName": "(TV_직)스마트소닉 음파칫솔 4인세트",
    "ReviewScore": "100",
    "Syllable": "46",
    "Word": "11",
    "RDate": "20180119",
    "GeneralPolarity": "0",
    "Aspects": [
      {
        "Aspect": "소음",
        "SentimentText": "소리는 좀 나서 신경쓰이네요. ",
        "SentimentWord": "4",
        "SentimentPolarity": "-1"
      },
      {
        "Aspect": "기능",
        "SentimentText": "일반칫솔보다는 깔끔하게 잘 닦이네요",
        "SentimentWord": "4",
        "SentimentPolarity": "1"
      }
    ]
  },
  {
    "Index": "4292",
    "RawText": "확실히 개운하고 온가족이 사용하는데 모두 만족합니다 미백효과도 있어요 효과만점입니다 단, 색상선택이 안되어서 아쉬워요",
    "Source": "SNS",
    "Domain": "가전",
    "MainCategory": "생활/미용/욕실가전",
    "ProductName": "(TV_직)스마트소닉 음파칫솔 4인세트",
    "ReviewScore": "100",
    "Syllable": "65",
    "Word": "13",
    "RDate": "20180312",
    "GeneralPolarity": "0",
    "Aspects": [
      {
        "Aspect": "기능",
        "SentimentText": "확실히 개운하고 온가족이 사용하는데 모두 만족합니다",
        "SentimentWord": "6",
        "SentimentPolarity": "1"
      },
      {
        "Aspect": "기능",
        "SentimentText": "미백효과도 있어요 효과만점입니다",
        "SentimentWord": "3",
        "SentimentPolarity": "1"
      },
      {
        "Aspect": "색상",
        "SentimentText": "단, 색상선택이 안되어서 아쉬워요",
        "SentimentWord": "4",
        "SentimentPolarity": "0"
      }
    ]
  },
  {
    "Index": "4293",
    "RawText": "이 가격에 음파칫솔을 4개씩이나 거기다 성능도 괜찮습니다.",
    "Source": "SNS",
    "Domain": "가전",
    "MainCategory": "생활/미용/욕실가전",
    "ProductName": "(TV_직)스마트소닉 음파칫솔 4인세트",
    "ReviewScore": "100",
    "Syllable": "32",
    "Word": "7",
    "RDate": "20180326",
    "GeneralPolarity": "1",
    "Aspects": [
      {
        "Aspect": "가격",
        "SentimentText": "이 가격에 ",
        "SentimentWord": "2",
        "SentimentPolarity": "1"
      },
      {
        "Aspect": "제품구성",
        "SentimentText": "음파칫솔을 4개씩이나",
        "SentimentWord": "2",
        "SentimentPolarity": "1"
      },
      {
        "Aspect": "기능",
        "SentimentText": "거기다 성능도 괜찮습니다.",
        "SentimentWord": "3",
        "SentimentPolarity": "1"
      }
    ]
  },
  {
    "Index": "4294",
    "RawText": "교정하는 아들이랑 잇몸안좋은 저랑 쓰려고 샀는데  잘 닦이고 좋아요  저렴하게 잘 산거 같아요 ",
    "Source": "SNS",
    "Domain": "가전",
    "MainCategory": "생활/미용/욕실가전",
    "ProductName": "(TV_직)아쿠아픽 구강세정기+사은품(음파전동칫솔+버블치약+클리닝정)",
    "ReviewScore": "100",
    "Syllable": "53",
    "Word": "13",
    "RDate": "20180313",
    "GeneralPolarity": "1",
    "Aspects": [
      {
        "Aspect": "기능",
        "SentimentText": "잇몸안좋은 저랑 쓰려고 샀는데 잘 닦이고 좋아요",
        "SentimentWord": "7",
        "SentimentPolarity": "1"
      },
      {
        "Aspect": "가격",
        "SentimentText": "저렴하게 잘 산거 같아요",
        "SentimentWord": "4",
        "SentimentPolarity": "1"
      }
    ]
  },
  {
    "Index": "4295",
    "RawText": "구강세정기가 작아서 좋아요  물쏘임이 부드러우면서 강력해서 만족합니다!! 구성품도 너무 좋아서 남편용 추가 주문했습니다.",
    "Source": "SNS",
    "Domain": "가전",
    "MainCategory": "생활/미용/욕실가전",
    "ProductName": "(TV_직)아쿠아픽 구강세정기+사은품(음파전동칫솔+버블치약+클리닝정)",
    "ReviewScore": "100",
    "Syllable": "67",
    "Word": "13",
    "RDate": "20180220",
    "GeneralPolarity": "1",
    "Aspects": [
      {
        "Aspect": "사이즈",
        "SentimentText": "구강세정기가 작아서 좋아요",
        "SentimentWord": "3",
        "SentimentPolarity": "1"
      },
      {
        "Aspect": "기능",
        "SentimentText": "물쏘임이 부드러우면서 강력해서 만족합니다!!",
        "SentimentWord": "4",
        "SentimentPolarity": "1"
      },
      {
        "Aspect": "제품구성",
        "SentimentText": "구성품도 너무 좋아서 남편용 추가 주문했습니다.",
        "SentimentWord": "6",
        "SentimentPolarity": "1"
      }
    ]
  },
  {
    "Index": "4296",
    "RawText": "수압 겁나게 쌔고 좋아요. 사은품도 OO도 잘 받았습니다.",
    "Source": "SNS",
    "Domain": "가전",
    "MainCategory": "생활/미용/욕실가전",
    "ProductName": "(TV_직)아쿠아픽 구강세정기+사은품(음파전동칫솔+버블치약+클리닝정)",
    "ReviewScore": "100",
    "Syllable": "32",
    "Word": "8",
    "RDate": "20180503",
    "GeneralPolarity": "1",
    "Aspects": [
      {
        "Aspect": "기능",
        "SentimentText": "수압 겁나게 쌔고 좋아요.",
        "SentimentWord": "4",
        "SentimentPolarity": "1"
      },
      {
        "Aspect": "제품구성",
        "SentimentText": "사은품도 OO도 잘 받았습니다.",
        "SentimentWord": "4",
        "SentimentPolarity": "1"
      }
    ]
  },
  {
    "Index": "4297",
    "RawText": "앞전에사용하던게더수압이쎈거같아요.. 수압이 조금 약하네요.  그래도그냥쓸만합니다",
    "Source": "SNS",
    "Domain": "가전",
    "MainCategory": "생활/미용/욕실가전",
    "ProductName": "(TV_직)아쿠아픽 구강세정기+사은품(음파전동칫솔+버블치약+클리닝정)",
    "ReviewScore": "80",
    "Syllable": "44",
    "Word": "5",
    "RDate": "20180225",
    "GeneralPolarity": "0",
    "Aspects": [
      {
        "Aspect": "기능",
        "SentimentText": " 수압이 조금 약하네요.",
        "SentimentWord": "3",
        "SentimentPolarity": "-1"
      },
      {
        "Aspect": "기능",
        "SentimentText": "그래도그냥쓸만합니다",
        "SentimentWord": "1",
        "SentimentPolarity": "0"
      }
    ]
  },
  {
    "Index": "4298",
    "RawText": "예전에 파랑색 구형이 신형일때도 구매 했었어서 구매했었는데 신형나와서 제구매 했내요. 깔끔하게 세정되어 만족해요 예전꺼보다 디자인도 더 이뻐서 마음에 들어요. 예전꺼 써본결과 한가지 아셔야 할껀 버튼 쪽에 물뿌리고 그럼 작동이 안될때가 있더라고요 이번껀 잘 모르겠내요^^",
    "Source": "SNS",
    "Domain": "가전",
    "MainCategory": "생활/미용/욕실가전",
    "ProductName": "(TV_직)아쿠아픽 구강세정기+사은품(음파전동칫솔+버블치약+클리닝정)",
    "ReviewScore": "100",
    "Syllable": "151",
    "Word": "34",
    "RDate": "20180317",
    "GeneralPolarity": "1",
    "Aspects": [
      {
        "Aspect": "기능",
        "SentimentText": "깔끔하게 세정되어 만족해요",
        "SentimentWord": "3",
        "SentimentPolarity": "1"
      },
      {
        "Aspect": "디자인",
        "SentimentText": "예전꺼보다 디자인도 더 이뻐서 마음에 들어요. ",
        "SentimentWord": "6",
        "SentimentPolarity": "1"
      }
    ]
  },
  {
    "Index": "4299",
    "RawText": "잘 받았습니다  사은품 구정도 칫솔 치약 다양해서 좋으네요 구강세정기 사용 잘하고 있습니다 감사합니다",
    "Source": "SNS",
    "Domain": "가전",
    "MainCategory": "생활/미용/욕실가전",
    "ProductName": "(TV_직)아쿠아픽 구강세정기+사은품(음파전동칫솔+버블치약+클리닝정)",
    "ReviewScore": "100",
    "Syllable": "56",
    "Word": "13",
    "RDate": "20180429",
    "Aspects": [
      {
        "Aspect": "제품구성",
        "SentimentText": "사은품 구정도 칫솔 치약 다양해서 좋으네요",
        "SentimentWord": "6",
        "SentimentPolarity": "1"
      },
      {
        "Aspect": "기능",
        "SentimentText": "구강세정기 사용 잘하고 있습니다",
        "SentimentWord": "4",
        "SentimentPolarity": "1"
      }
    ]
  },
  {
    "Index": "4300",
    "RawText": "하자없고 사은품 퀄리티도 아주 좋네요. 세정기도 물살도 적당하고 좋아요 역시 ㅇㅇ쇼핑 믿고 쇼핑할수 있어 맘에 들어요~",
    "Source": "SNS",
    "Domain": "가전",
    "MainCategory": "생활/미용/욕실가전",
    "ProductName": "(TV_직)아쿠아픽 구강세정기+사은품(음파전동칫솔+버블치약+클리닝정)",
    "ReviewScore": "100",
    "Syllable": "66",
    "Word": "16",
    "RDate": "20180304",
    "Aspects": [
      {
        "Aspect": "품질",
        "SentimentText": "사은품 퀄리티도 아주 좋네요.",
        "SentimentWord": "4",
        "SentimentPolarity": "1"
      },
      {
        "Aspect": "기능",
        "SentimentText": "세정기도 물살도 적당하고 좋아요",
        "SentimentWord": "4",
        "SentimentPolarity": "1"
      }
    ]
  },
  {
    "Index": "4301",
    "RawText": "면도기 날이 부드럽구 좋습니다 코털제거기 아주 유용하게 쓰고있습니다",
    "Source": "SNS",
    "Domain": "가전",
    "MainCategory": "생활/미용/욕실가전",
    "ProductName": "(TV_직)이즈미 전기면도기_블루에디션+코털정리기",
    "ReviewScore": "100",
    "Syllable": "37",
    "Word": "8",
    "RDate": "20171001",
    "GeneralPolarity": "1",
    "Aspects": [
      {
        "Aspect": "기능",
        "SentimentText": "면도기 날이 부드럽구 좋습니다",
        "SentimentWord": "4",
        "SentimentPolarity": "1"
      },
      {
        "Aspect": "제품구성",
        "SentimentText": "코털제거기 아주 유용하게 쓰고있습니다",
        "SentimentWord": "4",
        "SentimentPolarity": "1"
      }
    ]
  },
  {
    "Index": "4302",
    "RawText": "면도기할때마다  헤드 부분이  너무 달그락 그려서 신경 쓰이네요 잡는 부분도 너무굵어 잡기가  불편합니다  면도는 그런대로",
    "Source": "SNS",
    "Domain": "가전",
    "MainCategory": "생활/미용/욕실가전",
    "ProductName": "(TV_직_5만원할인)이즈미 전기면도기(IKR-2100)+코털정리기",
    "ReviewScore": "60",
    "Syllable": "68",
    "Word": "15",
    "RDate": "20170910",
    "GeneralPolarity": "-1",
    "Aspects": [
      {
        "Aspect": "품질",
        "SentimentText": "헤드 부분이  너무 달그락 그려서 신경 쓰이네요",
        "SentimentWord": "7",
        "SentimentPolarity": "-1"
      },
      {
        "Aspect": "조작성",
        "SentimentText": "잡는 부분도 너무굵어 잡기가  불편합니다",
        "SentimentWord": "5",
        "SentimentPolarity": "-1"
      }
    ]
  },
  {
    "Index": "4303",
    "RawText": "간편해서 사용 할 수 있어 좋은것 같아요 가루를 먼저넣으면 칼날에  붙어 버려 그건별루예요",
    "Source": "SNS",
    "Domain": "가전",
    "MainCategory": "생활/미용/욕실가전",
    "ProductName": "(TV_직배송) 리빙톤 오토믹싱 텀블러 1+1",
    "ReviewScore": "100",
    "Syllable": "50",
    "Word": "13",
    "RDate": "20190628",
    "GeneralPolarity": "0",
    "Aspects": [
      {
        "Aspect": "편의성",
        "SentimentText": "간편해서 사용 할 수 있어 좋은것 같아요",
        "SentimentWord": "7",
        "SentimentPolarity": "1"
      },
      {
        "Aspect": "기능",
        "SentimentText": "가루를 먼저넣으면 칼날에  붙어 버려 그건별루예요",
        "SentimentWord": "6",
        "SentimentPolarity": "-1"
      }
    ]
  },
  {
    "Index": "4304",
    "RawText": "스텐이라 좋은데 중전해서 쓸 수 있었더라면  더 좋았을거 같네요.믹서기능은 좋아요.",
    "Source": "SNS",
    "Domain": "가전",
    "MainCategory": "생활/미용/욕실가전",
    "ProductName": "(TV_직배송) 리빙톤 오토믹싱 텀블러 1+1",
    "ReviewScore": "80",
    "Syllable": "46",
    "Word": "10",
    "RDate": "20190618",
    "GeneralPolarity": "1",
    "Aspects": [
      {
        "Aspect": "소재",
        "SentimentText": "스텐이라 좋은데",
        "SentimentWord": "2",
        "SentimentPolarity": "1"
      },
      {
        "Aspect": "배터리",
        "SentimentText": " 중전해서 쓸 수 있었더라면  더 좋았을거 같네요",
        "SentimentWord": "7",
        "SentimentPolarity": "-1"
      },
      {
        "Aspect": "기능",
        "SentimentText": "믹서기능은 좋아요.",
        "SentimentWord": "2",
        "SentimentPolarity": "1"
      }
    ]
  },
  {
    "Index": "4305",
    "RawText": "어름넣고 나갔는데 들어 올때까지 녹지 않아 성능 만족해요. 스텐이돼서 더 좋아요",
    "Source": "SNS",
    "Domain": "가전",
    "MainCategory": "생활/미용/욕실가전",
    "ProductName": "(TV_직배송) 리빙톤 오토믹싱 텀블러 1+1",
    "ReviewScore": "100",
    "Syllable": "44",
    "Word": "11",
    "RDate": "20190705",
    "GeneralPolarity": "1",
    "Aspects": [
      {
        "Aspect": "기능",
        "SentimentText": "어름넣고 나갔는데 들어 올때까지 녹지 않아 성능 만족해요. ",
        "SentimentWord": "8",
        "SentimentPolarity": "1"
      },
      {
        "Aspect": "소재",
        "SentimentText": "스텐이돼서 더 좋아요",
        "SentimentWord": "3",
        "SentimentPolarity": "1"
      }
    ]
  },
  {
    "Index": "4306",
    "RawText": "좀 묵직한 감은 있지만 튼튼하고 믹싱이 가능해서 좋네요 등산시 가져가도 좋을거 같구요^^",
    "Source": "SNS",
    "Domain": "가전",
    "MainCategory": "생활/미용/욕실가전",
    "ProductName": "(TV_직배송) 리빙톤 오토믹싱 텀블러 1+1",
    "ReviewScore": "100",
    "Syllable": "49",
    "Word": "12",
    "RDate": "20190602",
    "GeneralPolarity": "1",
    "Aspects": [
      {
        "Aspect": "무게",
        "SentimentText": "좀 묵직한 감은 있지만 튼튼하고",
        "SentimentWord": "5",
        "SentimentPolarity": "0"
      },
      {
        "Aspect": "기능",
        "SentimentText": "믹싱이 가능해서 좋네요 ",
        "SentimentWord": "3",
        "SentimentPolarity": "1"
      }
    ]
  },
  {
    "Index": "4307",
    "RawText": "3단으로 시원하고 손전등처럼 LED등이 필요할때사용가능해 좋네요 1+1 가성비도 좋아요",
    "Source": "SNS",
    "Domain": "가전",
    "MainCategory": "생활/미용/욕실가전",
    "ProductName": "(TV_직택배) 보국 에어젯 핸디팬 1+1 BKF-0785H",
    "ReviewScore": "80",
    "Syllable": "48",
    "Word": "9",
    "RDate": "20180616",
    "GeneralPolarity": "1",
    "Aspects": [
      {
        "Aspect": "편의성",
        "SentimentText": "3단으로 시원하고 손전등처럼 LED등이 필요할때사용가능해 좋네요",
        "SentimentWord": "6",
        "SentimentPolarity": "1"
      },
      {
        "Aspect": "가격",
        "SentimentText": "1+1 가성비도 좋아요",
        "SentimentWord": "3",
        "SentimentPolarity": "1"
      }
    ]
  },
  {
    "Index": "4308",
    "RawText": "배송도 빠르고요  1+1 가격이  싸서  다소 걱정을  했는데   가성비 대비  넘  좋아요    아울러  성능도 좋아 보입니다",
    "Source": "SNS",
    "Domain": "가전",
    "MainCategory": "생활/미용/욕실가전",
    "ProductName": "(TV_직택배) 보랄 발터치 리모컨 14형 선풍기 1+1 (HNZ-RF1400ND) ",
    "ReviewScore": "100",
    "Syllable": "71",
    "Word": "16",
    "RDate": "20180705",
    "Aspects": [
      {
        "Aspect": "가격",
        "SentimentText": "1+1 가격이  싸서  다소 걱정을  했는데   가성비 대비  넘  좋아요 ",
        "SentimentWord": "10",
        "SentimentPolarity": "1"
      },
      {
        "Aspect": "기능",
        "SentimentText": "아울러  성능도 좋아 보입니다",
        "SentimentWord": "4",
        "SentimentPolarity": "1"
      }
    ]
  },
  {
    "Index": "4309",
    "RawText": "가성비 짱입니다. 조립도 간편해서 좋고 작동도 잘 되네요",
    "Source": "SNS",
    "Domain": "가전",
    "MainCategory": "생활/미용/욕실가전",
    "ProductName": "(TV_직택배) 보랄 발터치 리모컨 14형 선풍기 1+1 (HNZ-RF1400ND) ",
    "ReviewScore": "100",
    "Syllable": "31",
    "Word": "8",
    "RDate": "20180707",
    "GeneralPolarity": "1",
    "Aspects": [
      {
        "Aspect": "가격",
        "SentimentText": "가성비 짱입니다.",
        "SentimentWord": "2",
        "SentimentPolarity": "1"
      },
      {
        "Aspect": "편의성",
        "SentimentText": "조립도 간편해서 좋고",
        "SentimentWord": "3",
        "SentimentPolarity": "1"
      },
      {
        "Aspect": "기능",
        "SentimentText": "작동도 잘 되네요",
        "SentimentWord": "3",
        "SentimentPolarity": "1"
      }
    ]
  },
  {
    "Index": "4310",
    "RawText": "디지털 형이라서 더 좋아요. 품질도 만족하고 , 디자인이 고급스럽네요 , 가격도 모두 착해서 만족합니다",
    "Source": "SNS",
    "Domain": "가전",
    "MainCategory": "생활/미용/욕실가전",
    "ProductName": "(TV_직택배) 보랄 발터치 리모컨 14형 선풍기 1+1 (HNZ-RF1400ND) ",
    "ReviewScore": "100",
    "Syllable": "57",
    "Word": "14",
    "RDate": "20180828",
    "GeneralPolarity": "1",
    "Aspects": [
      {
        "Aspect": "기능",
        "SentimentText": "디지털 형이라서 더 좋아요",
        "SentimentWord": "4",
        "SentimentPolarity": "1"
      },
      {
        "Aspect": "품질",
        "SentimentText": "품질도 만족하고 ",
        "SentimentWord": "2",
        "SentimentPolarity": "1"
      },
      {
        "Aspect": "디자인",
        "SentimentText": "디자인이 고급스럽네요 ",
        "SentimentWord": "2",
        "SentimentPolarity": "1"
      },
      {
        "Aspect": "가격",
        "SentimentText": " 가격도 모두 착해서 만족합니다",
        "SentimentWord": "4",
        "SentimentPolarity": "1"
      }
    ]
  },
  {
    "Index": "4311",
    "RawText": "만만치 않습니다. 설명서도 생각보다 자세하지 않구요.  저렴하게 구매해서 그럭저럭 만족하며 사용하려 합니다.",
    "Source": "SNS",
    "Domain": "가전",
    "MainCategory": "생활/미용/욕실가전",
    "ProductName": "(TV_직택배) 보랄 발터치 리모컨 14형 선풍기 1+1 (HNZ-RF1400ND) ",
    "ReviewScore": "100",
    "Syllable": "60",
    "Word": "12",
    "RDate": "20180616",
    "GeneralPolarity": "0",
    "Aspects": [
      {
        "Aspect": "조작성",
        "SentimentText": "만만치 않습니다. 설명서도 생각보다 자세하지 않구요. ",
        "SentimentWord": "6",
        "SentimentPolarity": "-1"
      },
      {
        "Aspect": "가격",
        "SentimentText": "저렴하게 구매해서 그럭저럭 만족하며 사용하려 합니다.",
        "SentimentWord": "6",
        "SentimentPolarity": "0"
      }
    ]
  },
  {
    "Index": "4312",
    "RawText": "미풍에서는 조용하게 잘돌아가는데, 약풍부터는 엄청난 떨림이 눈에 보입니다. 보고 있으면 불안할정도로... 리모컨도 버튼이 너무 작아서 터치감이 영 아니네요. 싼 값에 대강 쓰다가 버려야할듯 하네요. 비추입니다",
    "Source": "SNS",
    "Domain": "가전",
    "MainCategory": "생활/미용/욕실가전",
    "ProductName": "(TV_직택배) 보랄 발터치 리모컨 14형 선풍기 1+1 (HNZ-RF1400ND) ",
    "ReviewScore": "40",
    "Syllable": "116",
    "Word": "25",
    "RDate": "20180615",
    "GeneralPolarity": "-1",
    "Aspects": [
      {
        "Aspect": "기능",
        "SentimentText": "미풍에서는 조용하게 잘돌아가는데, 약풍부터는 엄청난 떨림이 눈에 보입니다. 보고 있으면 불안할정도로...",
        "SentimentWord": "11",
        "SentimentPolarity": "-1"
      },
      {
        "Aspect": "조작성",
        "SentimentText": "리모컨도 버튼이 너무 작아서 터치감이 영 아니네요.",
        "SentimentWord": "7",
        "SentimentPolarity": "-1"
      },
      {
        "Aspect": "가격",
        "SentimentText": "싼 값에 대강 쓰다가 버려야할듯 하네요.",
        "SentimentWord": "6",
        "SentimentPolarity": "-1"
      }
    ]
  },
  {
    "Index": "4313",
    "RawText": "방송을 보고 바로 구매 했는데 받아 보고 설치 후 작동 사켜 보니 완전 맘에 들었습니다! 리모컨이 있어 조작이 간편하고 발터치 버튼이 큼직만해서 켜고 끄기가 편했어요! 좋은 가격으로 좋은 상품 받게 돼 기쁩니다^^",
    "Source": "SNS",
    "Domain": "가전",
    "MainCategory": "생활/미용/욕실가전",
    "ProductName": "(TV_직택배) 보랄 발터치 리모컨 14형 선풍기 1+1 (HNZ-RF1400ND) ",
    "ReviewScore": "100",
    "Syllable": "119",
    "Word": "32",
    "RDate": "20180604",
    "Aspects": [
      {
        "Aspect": "조작성",
        "SentimentText": "리모컨이 있어 조작이 간편하고",
        "SentimentWord": "4",
        "SentimentPolarity": "1"
      },
      {
        "Aspect": "편의성",
        "SentimentText": "발터치 버튼이 큼직만해서 켜고 끄기가 편했어요! ",
        "SentimentWord": "6",
        "SentimentPolarity": "1"
      },
      {
        "Aspect": "가격",
        "SentimentText": "좋은 가격으로 좋은 상품 받게 돼 기쁩니다^^",
        "SentimentWord": "7",
        "SentimentPolarity": "1"
      }
    ]
  },
  {
    "Index": "4314",
    "RawText": "1+1구성이라 가격적으로 부담없어요 리모컨도  있어서 편하게 잘ㅆㄷ고 있어요  감사합니다  자랃았어ᄋᆞ  ",
    "Source": "SNS",
    "Domain": "가전",
    "MainCategory": "생활/미용/욕실가전",
    "ProductName": "(TV_직택배) 보랄 발터치 리모컨 14형 선풍기 1+1 (HNZ-RF1400ND) ",
    "ReviewScore": "100",
    "Syllable": "59",
    "Word": "10",
    "RDate": "20180721",
    "Aspects": [
      {
        "Aspect": "가격",
        "SentimentText": "1+1구성이라 가격적으로 부담없어요",
        "SentimentWord": "3",
        "SentimentPolarity": "1"
      },
      {
        "Aspect": "제품구성",
        "SentimentText": "리모컨도  있어서  편하게 잘ㅆㄷ고 있어요",
        "SentimentWord": "5",
        "SentimentPolarity": "1"
      }
    ]
  }
]