[
  {
    "Index": "4315",
    "RawText": "배송두 빠르고 만족해요 원플러스원 상품에 가성비 정말 최고입니다 후회없이 선택했어요 리모컨 기능에 풋기능도 만족합니다 많이파세요 감사합니댜.",
    "Source": "SNS",
    "Domain": "가전",
    "MainCategory": "생활/미용/욕실가전",
    "ProductName": "(TV_직택배) 보랄 발터치 리모컨 14형 선풍기 1+1 (HNZ-RF1400ND) ",
    "ReviewScore": "100",
    "Syllable": "78",
    "Word": "16",
    "RDate": "20180731",
    "Aspects": [
      {
        "Aspect": "가격",
        "SentimentText": "원플러스원 상품에 가성비 정말 최고입니다",
        "SentimentWord": "5",
        "SentimentPolarity": "1"
      },
      {
        "Aspect": "기능",
        "SentimentText": "리모컨 기능에 풋기능도 만족합니다",
        "SentimentWord": "4",
        "SentimentPolarity": "1"
      }
    ]
  },
  {
    "Index": "4316",
    "RawText": "생각보다 바람이 세서 좋아요  리모컨이 있어서 편하게 쓸수 있어 좋습니다",
    "Source": "SNS",
    "Domain": "가전",
    "MainCategory": "생활/미용/욕실가전",
    "ProductName": "(TV_직택배) 보랄 발터치 리모컨 14형 선풍기 1+1 (HNZ-RF1400ND) ",
    "ReviewScore": "100",
    "Syllable": "40",
    "Word": "10",
    "RDate": "20180713",
    "GeneralPolarity": "1",
    "Aspects": [
      {
        "Aspect": "기능",
        "SentimentText": "생각보다 바람이 세서 좋아요 ",
        "SentimentWord": "4",
        "SentimentPolarity": "1"
      },
      {
        "Aspect": "편의성",
        "SentimentText": " 리모컨이 있어서 편하게 쓸수 있어 좋습니다",
        "SentimentWord": "6",
        "SentimentPolarity": "1"
      }
    ]
  },
  {
    "Index": "4317",
    "RawText": "소리도 안나고 시원해요 원플원이라 싸구여 그런데 흰 선풍기인데 얼룩이 잇어요  회색 ",
    "Source": "SNS",
    "Domain": "가전",
    "MainCategory": "생활/미용/욕실가전",
    "ProductName": "(TV_직택배) 보랄 발터치 리모컨 14형 선풍기 1+1 (HNZ-RF1400ND) ",
    "ReviewScore": "100",
    "Syllable": "47",
    "Word": "11",
    "RDate": "20180810",
    "GeneralPolarity": "0",
    "Aspects": [
      {
        "Aspect": "기능",
        "SentimentText": "소리도 안나고 시원해요",
        "SentimentWord": "3",
        "SentimentPolarity": "1"
      },
      {
        "Aspect": "가격",
        "SentimentText": "원플원이라 싸구여",
        "SentimentWord": "2",
        "SentimentPolarity": "1"
      },
      {
        "Aspect": "품질",
        "SentimentText": "그런데 흰 선풍기인데 얼룩이 잇어요 회색",
        "SentimentWord": "6",
        "SentimentPolarity": "-1"
      }
    ]
  },
  {
    "Index": "4318",
    "RawText": "원플원이라서 저렴하게 구입한것 같아 좋아요  리모컨작동이라 편하게 쓸수있어 기분좋아요^^",
    "Source": "SNS",
    "Domain": "가전",
    "MainCategory": "생활/미용/욕실가전",
    "ProductName": "(TV_직택배) 보랄 발터치 리모컨 14형 선풍기 1+1 (HNZ-RF1400ND) ",
    "ReviewScore": "100",
    "Syllable": "49",
    "Word": "9",
    "RDate": "20180614",
    "GeneralPolarity": "1",
    "Aspects": [
      {
        "Aspect": "가격",
        "SentimentText": "원플원이라서 저렴하게 구입한것 같아 좋아요 ",
        "SentimentWord": "5",
        "SentimentPolarity": "1"
      },
      {
        "Aspect": "기능",
        "SentimentText": "리모컨작동이라 편하게 쓸수있어 기분좋아요^^",
        "SentimentWord": "4",
        "SentimentPolarity": "1"
      }
    ]
  },
  {
    "Index": "4319",
    "RawText": "잔고장 없이 오래 사용할수 있어 마음에 듭니다 가격대비 만족합니다 ",
    "Source": "SNS",
    "Domain": "가전",
    "MainCategory": "생활/미용/욕실가전",
    "ProductName": "(TV_직택배) 보랄 발터치 리모컨 14형 선풍기 1+1 (HNZ-RF1400ND) ",
    "ReviewScore": "100",
    "Syllable": "37",
    "Word": "9",
    "RDate": "20180617",
    "GeneralPolarity": "1",
    "Aspects": [
      {
        "Aspect": "품질",
        "SentimentText": "잔고장 없이 오래 사용할수 있어 마음에 듭니다",
        "SentimentWord": "7",
        "SentimentPolarity": "1"
      },
      {
        "Aspect": "가격",
        "SentimentText": "가격대비 만족합니다",
        "SentimentWord": "2",
        "SentimentPolarity": "1"
      }
    ]
  },
  {
    "Index": "4320",
    "RawText": "조립도 쉽고 간편하고 성능도 좋아요. 가격면에서 1+1이 라는게 더맘에들구요 00 선풍기 성능 짱입니다.",
    "Source": "SNS",
    "Domain": "가전",
    "MainCategory": "생활/미용/욕실가전",
    "ProductName": "(TV_직택배) 보랄 발터치 리모컨 14형 선풍기 1+1 (HNZ-RF1400ND) ",
    "ReviewScore": "100",
    "Syllable": "58",
    "Word": "13",
    "RDate": "20180615",
    "GeneralPolarity": "1",
    "Aspects": [
      {
        "Aspect": "조작성",
        "SentimentText": "조립도 쉽고 간편하고",
        "SentimentWord": "3",
        "SentimentPolarity": "1"
      },
      {
        "Aspect": "기능",
        "SentimentText": "성능도 좋아요.",
        "SentimentWord": "2",
        "SentimentPolarity": "1"
      },
      {
        "Aspect": "기능",
        "SentimentText": "00 선풍기 성능 짱입니다.",
        "SentimentWord": "4",
        "SentimentPolarity": "1"
      },
      {
        "Aspect": "가격",
        "SentimentText": "가격면에서 1+1이 라는게 더맘에들구요",
        "SentimentWord": "4",
        "SentimentPolarity": "1"
      }
    ]
  },
  {
    "Index": "4321",
    "RawText": "총알 배송에 놀랍고 너무 만족해요 하얀 바탕에 검은색 라인이 들어가서 깨끗해 보이네요 제품 성능도 매우 만족합니다 ^^",
    "Source": "SNS",
    "Domain": "가전",
    "MainCategory": "생활/미용/욕실가전",
    "ProductName": "(TV_직택배) 보랄 발터치 리모컨 14형 선풍기 1+1 (HNZ-RF1400ND) ",
    "ReviewScore": "100",
    "Syllable": "66",
    "Word": "17",
    "RDate": "20180616",
    "Aspects": [
      {
        "Aspect": "색상",
        "SentimentText": "하얀 바탕에 검은색 라인이 들어가서 깨끗해 보이네요",
        "SentimentWord": "7",
        "SentimentPolarity": "1"
      },
      {
        "Aspect": "기능",
        "SentimentText": "제품 성능도 매우 만족합니다 ^^",
        "SentimentWord": "5",
        "SentimentPolarity": "1"
      }
    ]
  },
  {
    "Index": "4322",
    "RawText": "한대 가격으로 두대샀으니 득템했네요. 바람선택시 처음에 약풍으로 켜지는거 불편하네요.",
    "Source": "SNS",
    "Domain": "가전",
    "MainCategory": "생활/미용/욕실가전",
    "ProductName": "(TV_직택배) 보랄 발터치 리모컨 14형 선풍기 1+1 (HNZ-RF1400ND) ",
    "ReviewScore": "100",
    "Syllable": "47",
    "Word": "9",
    "RDate": "20180718",
    "GeneralPolarity": "0",
    "Aspects": [
      {
        "Aspect": "가격",
        "SentimentText": "한대 가격으로 두대샀으니 득템했네요",
        "SentimentWord": "4",
        "SentimentPolarity": "1"
      },
      {
        "Aspect": "편의성",
        "SentimentText": "바람선택시 처음에 약풍으로 켜지는거 불편하네요.",
        "SentimentWord": "5",
        "SentimentPolarity": "-1"
      }
    ]
  },
  {
    "Index": "4323",
    "RawText": "써보니 무게감도 가벼워 좋고,  소리도 조용하네요. 저는 좋습니다~^^",
    "Source": "SNS",
    "Domain": "가전",
    "MainCategory": "생활/미용/욕실가전",
    "ProductName": "(TV_직택배)보랄 14형 스탠드 선풍기 1+1 (HNZ-SF77ND)",
    "ReviewScore": "100",
    "Syllable": "39",
    "Word": "8",
    "RDate": "20180714",
    "GeneralPolarity": "1",
    "Aspects": [
      {
        "Aspect": "무게",
        "SentimentText": "무게감도 가벼워 좋고",
        "SentimentWord": "3",
        "SentimentPolarity": "1"
      },
      {
        "Aspect": "소음",
        "SentimentText": "소리도 조용하네요. 저는 좋습니다~^^",
        "SentimentWord": "4",
        "SentimentPolarity": "1"
      }
    ]
  },
  {
    "Index": "4324",
    "RawText": "생각보다 넘 가벼워ᆢ잘 돌아가긴하는데ᆢ다른제품보담 좋은줄모르겠네요 그래도 메이커인데 아쉽지만 싼맛에  기냥 사용합니다ᆞ",
    "Source": "SNS",
    "Domain": "가전",
    "MainCategory": "생활/미용/욕실가전",
    "ProductName": "(TV_직택배)보랄 14형 스탠드 선풍기 1+1 (HNZ-SF77ND)",
    "ReviewScore": "100",
    "Syllable": "66",
    "Word": "11",
    "RDate": "20180608",
    "GeneralPolarity": "0",
    "Aspects": [
      {
        "Aspect": "무게",
        "SentimentText": "생각보다 넘 가벼워ᆢ잘 돌아가긴하는데ᆢ",
        "SentimentWord": "4",
        "SentimentPolarity": "1"
      },
      {
        "Aspect": "가격",
        "SentimentText": "아쉽지만  싼맛에  기냥 사용합니다ᆞ",
        "SentimentWord": "4",
        "SentimentPolarity": "0"
      },
      {
        "Aspect": "기능",
        "SentimentText": "다른제품보담 좋은줄모르겠네요",
        "SentimentWord": "2",
        "SentimentPolarity": "0"
      }
    ]
  },
  {
    "Index": "4325",
    "RawText": "선풍기가 단단해서 좋아요  역시ㅇㅇ이라서 믿고 살수 있어 매우 만족합니다  시중에 싼선풍기 조심하세요",
    "Source": "SNS",
    "Domain": "가전",
    "MainCategory": "생활/미용/욕실가전",
    "ProductName": "(TV_직택배)보랄 14형 스탠드 선풍기 1+1 (HNZ-SF77ND)",
    "ReviewScore": "100",
    "Syllable": "56",
    "Word": "12",
    "RDate": "20180603",
    "GeneralPolarity": "1",
    "Aspects": [
      {
        "Aspect": "내구성",
        "SentimentText": "선풍기가 단단해서 좋아요",
        "SentimentWord": "3",
        "SentimentPolarity": "1"
      },
      {
        "Aspect": "제조일/제조사",
        "SentimentText": "역시ㅇㅇ이라서 믿고 살수 있어 매우 만족합니다 ",
        "SentimentWord": "6",
        "SentimentPolarity": "1"
      }
    ]
  },
  {
    "Index": "4326",
    "RawText": "아주좋아요!소음도 적고,만족해요. 근데 몸판에 잔기스가 눈에 띄어서 조금 불만이네요~~꼭 누가 썼던거같이요.. ",
    "Source": "SNS",
    "Domain": "가전",
    "MainCategory": "생활/미용/욕실가전",
    "ProductName": "(TV_직택배)보랄 14형 스탠드 선풍기 1+1 (HNZ-SF77ND)",
    "ReviewScore": "100",
    "Syllable": "62",
    "Word": "11",
    "RDate": "20180624",
    "GeneralPolarity": "0",
    "Aspects": [
      {
        "Aspect": "소음",
        "SentimentText": "소음도 적고,만족해요.",
        "SentimentWord": "2",
        "SentimentPolarity": "1"
      },
      {
        "Aspect": "품질",
        "SentimentText": "근데 몸판에 잔기스가 눈에 띄어서 조금 불만이네요~~",
        "SentimentWord": "7",
        "SentimentPolarity": "-1"
      }
    ]
  },
  {
    "Index": "4327",
    "RawText": "여름 잘 지내는데 00 선풍기가 큰 역할 했습니다. 디자인 좋고, 소음 없고,괜찮네요 저렴하고..만족합니다",
    "Source": "SNS",
    "Domain": "가전",
    "MainCategory": "생활/미용/욕실가전",
    "ProductName": "(TV_직택배)보랄 14형 스탠드 선풍기 1+1 (HNZ-SF77ND)",
    "ReviewScore": "100",
    "Syllable": "59",
    "Word": "13",
    "RDate": "20180828",
    "GeneralPolarity": "1",
    "Aspects": [
      {
        "Aspect": "디자인",
        "SentimentText": "디자인 좋고,",
        "SentimentWord": "2",
        "SentimentPolarity": "1"
      },
      {
        "Aspect": "소음",
        "SentimentText": "소음 없고, 괜찮네요",
        "SentimentWord": "3",
        "SentimentPolarity": "1"
      },
      {
        "Aspect": "가격",
        "SentimentText": "저렴하고..만족합니다",
        "SentimentWord": "1",
        "SentimentPolarity": "1"
      }
    ]
  },
  {
    "Index": "4328",
    "RawText": "정말 가격도 착한데 바람세기도 강해요. 만족스러워서 친구에게도 소개했네요.",
    "Source": "SNS",
    "Domain": "가전",
    "MainCategory": "생활/미용/욕실가전",
    "ProductName": "(TV_직택배)보랄 14형 스탠드 선풍기 1+1 (HNZ-SF77ND)",
    "ReviewScore": "100",
    "Syllable": "41",
    "Word": "8",
    "RDate": "20180710",
    "GeneralPolarity": "1",
    "Aspects": [
      {
        "Aspect": "가격",
        "SentimentText": "정말 가격도 착한데 ",
        "SentimentWord": "3",
        "SentimentPolarity": "1"
      },
      {
        "Aspect": "기능",
        "SentimentText": "바람세기도 강해요.",
        "SentimentWord": "2",
        "SentimentPolarity": "1"
      }
    ]
  },
  {
    "Index": "4329",
    "RawText": "바람도 약하고 소음심하고 진짜 후회하고 있음... 선풍기 꺼 놓아도 연속으로 되어있으면 ..소리나서 다시 정지시켜야함",
    "Source": "SNS",
    "Domain": "가전",
    "MainCategory": "생활/미용/욕실가전",
    "ProductName": "(TV_직택배)보랄 14형 스탠드 선풍기 1+1 (HNZ-SF77ND)",
    "ReviewScore": "20",
    "Syllable": "65",
    "Word": "14",
    "RDate": "20180621",
    "GeneralPolarity": "-1",
    "Aspects": [
      {
        "Aspect": "기능",
        "SentimentText": "바람도 약하고 ",
        "SentimentWord": "2",
        "SentimentPolarity": "-1"
      },
      {
        "Aspect": "소음",
        "SentimentText": "소음심하고 진짜 후회하고 있음...",
        "SentimentWord": "4",
        "SentimentPolarity": "-1"
      },
      {
        "Aspect": "소음",
        "SentimentText": "소리나서 다시 정지시켜야함",
        "SentimentWord": "3",
        "SentimentPolarity": "-1"
      }
    ]
  },
  {
    "Index": "4330",
    "RawText": "착한가격에 잘 구매한거 같아 만족해요 조립도 쉬워서 잘 조립해서 좋았어요 가볍고 사용하기도 편리해서 더 마음에 듭니다",
    "Source": "SNS",
    "Domain": "가전",
    "MainCategory": "생활/미용/욕실가전",
    "ProductName": "(TV_직택배)보랄 14형 스탠드 선풍기 1+1 (HNZ-SF77ND)",
    "ReviewScore": "100",
    "Syllable": "65",
    "Word": "16",
    "RDate": "20180610",
    "GeneralPolarity": "1",
    "Aspects": [
      {
        "Aspect": "가격",
        "SentimentText": "착한가격에 잘 구매한거 같아 만족해요",
        "SentimentWord": "5",
        "SentimentPolarity": "1"
      },
      {
        "Aspect": "조작성",
        "SentimentText": "조립도 쉬워서 잘 조립해서 좋았어요",
        "SentimentWord": "5",
        "SentimentPolarity": "1"
      },
      {
        "Aspect": "무게",
        "SentimentText": "가볍고 사용하기도 편리해서 더 마음에 듭니다 ",
        "SentimentWord": "6",
        "SentimentPolarity": "1"
      }
    ]
  },
  {
    "Index": "4331",
    "RawText": "처음 받아 조립 할려고보니 검은 기름이 묻어 있어서  반품 할 려다 그냥 사용 합니다  그리고  시간 타임 돌아가는소리가  나네요",
    "Source": "SNS",
    "Domain": "가전",
    "MainCategory": "생활/미용/욕실가전",
    "ProductName": "(TV_직택배)보랄 14형 스탠드 선풍기 1+1 (HNZ-SF77ND)",
    "ReviewScore": "100",
    "Syllable": "72",
    "Word": "19",
    "RDate": "20180611",
    "GeneralPolarity": "-1",
    "Aspects": [
      {
        "Aspect": "품질",
        "SentimentText": "처음 받아 조립 할려고보니 검은 기름이 묻어 있어서  반품 할 려다 그냥 사용 합니다 ",
        "SentimentWord": "14",
        "SentimentPolarity": "-1"
      },
      {
        "Aspect": "소음",
        "SentimentText": "시간 타임 돌아가는소리가  나네요",
        "SentimentWord": "4",
        "SentimentPolarity": "-1"
      }
    ]
  },
  {
    "Index": "4332",
    "RawText": "그럭저럭 싼게 비지떡 잘 깍이질안아요 포장은 엄청 고급스럽지만 제품은별로네요",
    "Source": "SNS",
    "Domain": "가전",
    "MainCategory": "생활/미용/욕실가전",
    "ProductName": "(TV_초특가)스위스밀리터리 전기면도기",
    "ReviewScore": "40",
    "Syllable": "42",
    "Word": "9",
    "RDate": "20171229",
    "Aspects": [
      {
        "Aspect": "기능",
        "SentimentText": "싼게 비지떡 잘 깍이질안아요",
        "SentimentWord": "4",
        "SentimentPolarity": "-1"
      },
      {
        "Aspect": "품질",
        "SentimentText": "제품은별로네요",
        "SentimentWord": "1",
        "SentimentPolarity": "-1"
      }
    ]
  },
  {
    "Index": "4333",
    "RawText": "기능이 많아서 좋아요 아직다못써봤는데  좋아요 일단뱡수라서 너무맘에 들어요",
    "Source": "SNS",
    "Domain": "가전",
    "MainCategory": "생활/미용/욕실가전",
    "ProductName": "(TV_초특가)스위스밀리터리 전기면도기",
    "ReviewScore": "100",
    "Syllable": "41",
    "Word": "8",
    "RDate": "20180109",
    "GeneralPolarity": "1",
    "Aspects": [
      {
        "Aspect": "기능",
        "SentimentText": "기능이 많아서 좋아요 아직다못써봤는데 좋아요",
        "SentimentWord": "5",
        "SentimentPolarity": "1"
      },
      {
        "Aspect": "기능",
        "SentimentText": "일단뱡수라서 너무맘에 들어요",
        "SentimentWord": "3",
        "SentimentPolarity": "1"
      }
    ]
  },
  {
    "Index": "4334",
    "RawText": "기대만큼잘깍이진안치만 기능이 좀 아쉽네요 가격대비로슨괜찮은듯.계속써보고다시상품평남기겠습니다.많이파세요",
    "Source": "SNS",
    "Domain": "가전",
    "MainCategory": "생활/미용/욕실가전",
    "ProductName": "(TV_초특가)스위스밀리터리 전기면도기",
    "ReviewScore": "100",
    "Syllable": "56",
    "Word": "5",
    "RDate": "20180107",
    "GeneralPolarity": "0",
    "Aspects": [
      {
        "Aspect": "기능",
        "SentimentText": "기대만큼잘깍이진안치만 기능이 좀 아쉽네요",
        "SentimentWord": "4",
        "SentimentPolarity": "-1"
      },
      {
        "Aspect": "가격",
        "SentimentText": "가격대비로슨괜찮은듯.",
        "SentimentWord": "1",
        "SentimentPolarity": "0"
      }
    ]
  },
  {
    "Index": "4335",
    "RawText": "가격대비 매우만족 디자인 우수, 추가 휴대용 면도기 아주 좋아요",
    "Source": "SNS",
    "Domain": "가전",
    "MainCategory": "생활/미용/욕실가전",
    "ProductName": "(TV_초특가_직)스위스밀리터리 전기면도기",
    "ReviewScore": "100",
    "Syllable": "35",
    "Word": "9",
    "RDate": "20180111",
    "GeneralPolarity": "1",
    "Aspects": [
      {
        "Aspect": "가격",
        "SentimentText": "가격대비 매우만족",
        "SentimentWord": "2",
        "SentimentPolarity": "1"
      },
      {
        "Aspect": "디자인",
        "SentimentText": "디자인 우수",
        "SentimentWord": "2",
        "SentimentPolarity": "1"
      },
      {
        "Aspect": "제품구성",
        "SentimentText": "추가 휴대용 면도기 아주 좋아요",
        "SentimentWord": "5",
        "SentimentPolarity": "1"
      }
    ]
  },
  {
    "Index": "4336",
    "RawText": "가격도 저렴히 잘 구매했네요 성능은 괜찮습니다. 요양원에 계시는 아버지께 드리려고 구압한것인데 말씀드린데로 말끔히  수염정리가 손쉽게 잘된다르시네요.사용하기도 편하시데요~ 고장 안나고 좀 오래사용했으면  하는 바램도 있네요!",
    "Source": "SNS",
    "Domain": "가전",
    "MainCategory": "생활/미용/욕실가전",
    "ProductName": "(TV_초특가_직)스위스밀리터리 전기면도기",
    "ReviewScore": "80",
    "Syllable": "125",
    "Word": "24",
    "RDate": "20180301",
    "GeneralPolarity": "1",
    "Aspects": [
      {
        "Aspect": "가격",
        "SentimentText": "가격도 저렴히 잘 구매했네요",
        "SentimentWord": "4",
        "SentimentPolarity": "1"
      },
      {
        "Aspect": "기능",
        "SentimentText": "성능은 괜찮습니다.",
        "SentimentWord": "2",
        "SentimentPolarity": "1"
      },
      {
        "Aspect": "편의성",
        "SentimentText": "말씀드린데로 말끔히  수염정리가 손쉽게 잘된다르시네요.사용하기도 편하시데요~",
        "SentimentWord": "6",
        "SentimentPolarity": "1"
      }
    ]
  },
  {
    "Index": "4337",
    "RawText": "고장도 잘나고 A/S는 엄청 오래걸립니다.성능도 휴대용 건식 면도기 보다 못합니다.",
    "Source": "SNS",
    "Domain": "가전",
    "MainCategory": "생활/미용/욕실가전",
    "ProductName": "(TV_초특가_직)스위스밀리터리 전기면도기",
    "ReviewScore": "20",
    "Syllable": "46",
    "Word": "10",
    "RDate": "20180517",
    "Aspects": [
      {
        "Aspect": "품질",
        "SentimentText": "고장도 잘나고 ",
        "SentimentWord": "2",
        "SentimentPolarity": "-1"
      },
      {
        "Aspect": "기능",
        "SentimentText": "성능도 휴대용 건식 면도기 보다 못합니다.",
        "SentimentWord": "6",
        "SentimentPolarity": "-1"
      }
    ]
  },
  {
    "Index": "4338",
    "RawText": "면도가 잘 안되네요.너무후회됩니다.  부실한 이런걸 면도기라고 판매하다니~",
    "Source": "SNS",
    "Domain": "가전",
    "MainCategory": "생활/미용/욕실가전",
    "ProductName": "(TV_초특가_직)스위스밀리터리 전기면도기",
    "ReviewScore": "20",
    "Syllable": "41",
    "Word": "7",
    "RDate": "20180522",
    "GeneralPolarity": "-1",
    "Aspects": [
      {
        "Aspect": "기능",
        "SentimentText": "면도가 잘 안되네요.",
        "SentimentWord": "3",
        "SentimentPolarity": "-1"
      },
      {
        "Aspect": "품질",
        "SentimentText": "부실한 이런걸 면도기라고 판매하다니~",
        "SentimentWord": "4",
        "SentimentPolarity": "-1"
      }
    ]
  },
  {
    "Index": "4339",
    "RawText": "000 하도 오래써서  예전에 이런방식의 000 사서도 얼마 못쓰고 다시  000으로 돌아왔었는데  오랜시간이 흘렀기에 혹시하는 마음에 구입했는데 제품 써보니 역시....  파워부터 영... 성능이 너무 별로네요  쎄컨면도기로 써야겠네요.",
    "Source": "SNS",
    "Domain": "가전",
    "MainCategory": "생활/미용/욕실가전",
    "ProductName": "(TV_초특가_직)스위스밀리터리 전기면도기",
    "ReviewScore": "40",
    "Syllable": "133",
    "Word": "27",
    "RDate": "20180301",
    "Aspects": [
      {
        "Aspect": "품질",
        "SentimentText": "제품 써보니 역시....  파워부터 영...  ",
        "SentimentWord": "5",
        "SentimentPolarity": "-1"
      },
      {
        "Aspect": "기능",
        "SentimentText": "성능이 너무 별로네요 쎄컨면도기로 써야겠네요.",
        "SentimentWord": "5",
        "SentimentPolarity": "-1"
      }
    ]
  },
  {
    "Index": "4340",
    "RawText": "소리가 너무 작아서 충던해야 하나 할정도로 조용하게 작동됩니다 물런 면도는 아주 잘되구요",
    "Source": "SNS",
    "Domain": "가전",
    "MainCategory": "생활/미용/욕실가전",
    "ProductName": "(TV_초특가_직)스위스밀리터리 전기면도기",
    "ReviewScore": "100",
    "Syllable": "49",
    "Word": "12",
    "RDate": "20180407",
    "GeneralPolarity": "1",
    "Aspects": [
      {
        "Aspect": "소음",
        "SentimentText": "소리가 너무 작아서 충던해야 하나 할정도로 조용하게 작동됩니다 ",
        "SentimentWord": "8",
        "SentimentPolarity": "1"
      },
      {
        "Aspect": "기능",
        "SentimentText": "물런 면도는 아주 잘되구요",
        "SentimentWord": "4",
        "SentimentPolarity": "1"
      }
    ]
  },
  {
    "Index": "4341",
    "RawText": "디자인도 적당해서 여행용도 좋고 아빠와 아들이 사용할수 있어 좋아요",
    "Source": "SNS",
    "Domain": "가전",
    "MainCategory": "생활/미용/욕실가전",
    "ProductName": "(TV_초특가_직)스위스밀리터리 전기면도기",
    "ReviewScore": "100",
    "Syllable": "37",
    "Word": "9",
    "RDate": "20180316",
    "GeneralPolarity": "1",
    "Aspects": [
      {
        "Aspect": "디자인",
        "SentimentText": "디자인도 적당해서 여행용도 좋고",
        "SentimentWord": "4",
        "SentimentPolarity": "1"
      },
      {
        "Aspect": "편의성",
        "SentimentText": "아빠와 아들이 사용할수 있어 좋아요",
        "SentimentWord": "5",
        "SentimentPolarity": "1"
      }
    ]
  },
  {
    "Index": "4342",
    "RawText": "예전 썼던 면도기보다  디자인도 멋지고 다기능이 있어 좋구요 사은품으로 출장용 면도기까지^^~ 감사합니다",
    "Source": "SNS",
    "Domain": "가전",
    "MainCategory": "생활/미용/욕실가전",
    "ProductName": "(TV_초특가_직)스위스밀리터리 전기면도기",
    "ReviewScore": "100",
    "Syllable": "58",
    "Word": "12",
    "RDate": "20180313",
    "GeneralPolarity": "1",
    "Aspects": [
      {
        "Aspect": "디자인",
        "SentimentText": "예전 썼던 면도기보다 디자인도 멋지고",
        "SentimentWord": "5",
        "SentimentPolarity": "1"
      },
      {
        "Aspect": "기능",
        "SentimentText": "다기능이 있어 좋구요",
        "SentimentWord": "3",
        "SentimentPolarity": "1"
      },
      {
        "Aspect": "제품구성",
        "SentimentText": "사은품으로 출장용 면도기까지^^~",
        "SentimentWord": "3",
        "SentimentPolarity": "1"
      }
    ]
  },
  {
    "Index": "4343",
    "RawText": "○○ 포충기  성능에 대한 기대치가 넘 높았나 봅니다.  그냥  그래요. 가격에 비해 상품의 기능이 아쉽네요. ",
    "Source": "SNS",
    "Domain": "가전",
    "MainCategory": "생활/미용/욕실가전",
    "ProductName": "(TV_특) 유한양행 해피홈 에어트랩 포충기 1+1 MC-IP2",
    "ReviewScore": "40",
    "Syllable": "62",
    "Word": "15",
    "RDate": "20190819",
    "GeneralPolarity": "-1",
    "Aspects": [
      {
        "Aspect": "기능",
        "SentimentText": "○○ 포충기  성능에 대한 기대치가 넘 높았나 봅니다.",
        "SentimentWord": "8",
        "SentimentPolarity": "-1"
      },
      {
        "Aspect": "기능",
        "SentimentText": "가격에 비해 상품의 기능이 아쉽네요.",
        "SentimentWord": "5",
        "SentimentPolarity": "-1"
      }
    ]
  },
  {
    "Index": "4344",
    "RawText": "날파리 놀이터군요 한마리도 안잡히고 지들이 들어갔다 나왔다 아휴 개봉해서 환불처리든 어떤 조치도 안해주시고 불량일수도 있는데 정말 최악입니다 1+1으로 샀는데 작은 돈도 아니고 답답합니다",
    "Source": "SNS",
    "Domain": "가전",
    "MainCategory": "생활/미용/욕실가전",
    "ProductName": "(TV_특) 유한양행 해피홈 에어트랩 포충기 1+1 MC-IP2",
    "ReviewScore": "20",
    "Syllable": "104",
    "Word": "23",
    "RDate": "20190724",
    "Aspects": [
      {
        "Aspect": "기능",
        "SentimentText": "한마리도 안잡히고 지들이 들어갔다 나왔다 아휴",
        "SentimentWord": "6",
        "SentimentPolarity": "-1"
      },
      {
        "Aspect": "가격",
        "SentimentText": "1+1으로 샀는데 작은 돈도 아니고 답답합니다",
        "SentimentWord": "6",
        "SentimentPolarity": "-1"
      }
    ]
  },
  {
    "Index": "4345",
    "RawText": "너무 많이 잡혀 감당이 불감당. 생각보다는 비싼 제품이지만 성능은 좋아요.",
    "Source": "SNS",
    "Domain": "가전",
    "MainCategory": "생활/미용/욕실가전",
    "ProductName": "(TV_특) 유한양행 해피홈 에어트랩 포충기 1+1 MC-IP2",
    "ReviewScore": "100",
    "Syllable": "41",
    "Word": "10",
    "RDate": "20190702",
    "GeneralPolarity": "0",
    "Aspects": [
      {
        "Aspect": "기능",
        "SentimentText": "너무 많이 잡혀 감당이 불감당.",
        "SentimentWord": "5",
        "SentimentPolarity": "1"
      },
      {
        "Aspect": "가격",
        "SentimentText": "생각보다는 비싼 제품이지만 ",
        "SentimentWord": "3",
        "SentimentPolarity": "-1"
      },
      {
        "Aspect": "기능",
        "SentimentText": "성능은 좋아요.",
        "SentimentWord": "2",
        "SentimentPolarity": "1"
      }
    ]
  },
  {
    "Index": "4346",
    "RawText": "다른곳보다 저렴하게 잘샀어요  1 플러스1이라서 아이방, 안방 각각 하나씩 놓고 사용하고있어요. 소음 거의 안나고 조용해요. 잘때도 하나도 안거슬려요. 불빛이 은은히 나서 취침등 안켜도 되서 좋은거같아요.. ",
    "Source": "SNS",
    "Domain": "가전",
    "MainCategory": "생활/미용/욕실가전",
    "ProductName": "(TV_특) 유한양행 해피홈 에어트랩 포충기 1+1 MC-IP2",
    "ReviewScore": "100",
    "Syllable": "116",
    "Word": "25",
    "RDate": "20190711",
    "GeneralPolarity": "1",
    "Aspects": [
      {
        "Aspect": "가격",
        "SentimentText": " 저렴하게 잘샀어요 ",
        "SentimentWord": "2",
        "SentimentPolarity": "1"
      },
      {
        "Aspect": "소음",
        "SentimentText": "소음 거의 안나고 조용해요.",
        "SentimentWord": "4",
        "SentimentPolarity": "1"
      },
      {
        "Aspect": "기능",
        "SentimentText": "불빛이 은은히 나서 취침등 안켜도 되서 좋은거같아요..",
        "SentimentWord": "7",
        "SentimentPolarity": "1"
      }
    ]
  },
  {
    "Index": "4347",
    "RawText": "모기 하나도 못잡고 모기땜에 잠못자요 소음도 커서 밤에 잠을 못자네요 AS가 안된다고 하니 반품해주세요",
    "Source": "SNS",
    "Domain": "가전",
    "MainCategory": "생활/미용/욕실가전",
    "ProductName": "(TV_특) 유한양행 해피홈 에어트랩 포충기 1+1 MC-IP2",
    "ReviewScore": "100",
    "Syllable": "57",
    "Word": "14",
    "RDate": "20190722",
    "Aspects": [
      {
        "Aspect": "기능",
        "SentimentText": "모기 하나도 못잡고 모기땜에 잠못자요",
        "SentimentWord": "5",
        "SentimentPolarity": "-1"
      },
      {
        "Aspect": "소음",
        "SentimentText": "소음도 커서 밤에 잠을 못자네요",
        "SentimentWord": "5",
        "SentimentPolarity": "-1"
      }
    ]
  },
  {
    "Index": "4348",
    "RawText": "기능 별로네요 오히려 모기는 타게해서 죽게하는것이 더 효과기있고요 불빛이약해서그로나 좀 약합니다.날파리도 죽긴하는데 큰효과없어요",
    "Source": "SNS",
    "Domain": "가전",
    "MainCategory": "생활/미용/욕실가전",
    "ProductName": "(TV_특) 유한양행 해피홈 에어트랩 포충기 1+1 MC-IP2",
    "ReviewScore": "100",
    "Syllable": "71",
    "Word": "13",
    "RDate": "20190719",
    "GeneralPolarity": "-1",
    "Aspects": [
      {
        "Aspect": "기능",
        "SentimentText": "기능 별로네요 오히려 모기는 타게해서 죽게하는것이 더 효과기있고요",
        "SentimentWord": "8",
        "SentimentPolarity": "-1"
      },
      {
        "Aspect": "기능",
        "SentimentText": "불빛이약해서그로나 좀 약합니다.",
        "SentimentWord": "3",
        "SentimentPolarity": "-1"
      }
    ]
  },
  {
    "Index": "4349",
    "RawText": "모기에 물리면 빨갛게 부어오르는 체질이라 모기땜에 넘 힘든데 효과가 정말 있을까 속는셈 치고 구매했는데 효과 짱입니다!!저희 엄마 방에도 설치해 드렸는데 포충기 덕분에 모기에 한번도 물리지 않았다며 너무 좋아하십니다.강추입니다^^",
    "Source": "SNS",
    "Domain": "가전",
    "MainCategory": "생활/미용/욕실가전",
    "ProductName": "(TV_특) 유한양행 해피홈 에어트랩 포충기 1+1 MC-IP2",
    "ReviewScore": "100",
    "Syllable": "128",
    "Word": "28",
    "RDate": "20190805",
    "GeneralPolarity": "1",
    "Aspects": [
      {
        "Aspect": "기능",
        "SentimentText": "모기땜에 넘 힘든데 효과가 정말 있을까 속는셈 치고 구매했는데 효과 짱입니다!",
        "SentimentWord": "11",
        "SentimentPolarity": "1"
      },
      {
        "Aspect": "기능",
        "SentimentText": "저희 엄마 방에도 설치해 드렸는데 포충기 덕분에 모기에 한번도 물리지 않았다며 너무 좋아하십니다.강추입니다^^",
        "SentimentWord": "13",
        "SentimentPolarity": "1"
      }
    ]
  },
  {
    "Index": "4350",
    "RawText": "빠른 배송받고  베이지라 색상은 별로네요 오전에는 잘 안잡혔는데 저녁에는 효과가 있는거 같아염",
    "Source": "SNS",
    "Domain": "가전",
    "MainCategory": "생활/미용/욕실가전",
    "ProductName": "(TV_특) 유한양행 해피홈 에어트랩 포충기 1+1 MC-IP2",
    "ReviewScore": "80",
    "Syllable": "52",
    "Word": "12",
    "RDate": "20190802",
    "Aspects": [
      {
        "Aspect": "색상",
        "SentimentText": "베이지라 색상은 별로네요",
        "SentimentWord": "3",
        "SentimentPolarity": "-1"
      },
      {
        "Aspect": "기능",
        "SentimentText": "오전에는 잘 안잡혔는데 저녁에는 효과가 있는거 같아염",
        "SentimentWord": "7",
        "SentimentPolarity": "1"
      }
    ]
  },
  {
    "Index": "4351",
    "RawText": "배송은 다소 걸렷지만 1+1 구성이라 저렴하게 구입했네요  야외에서도쓸수잇어 좋으네요.. 딸램하고 나눠썻어요.",
    "Source": "SNS",
    "Domain": "가전",
    "MainCategory": "생활/미용/욕실가전",
    "ProductName": "(TV_특) 유한양행 해피홈 에어트랩 포충기 1+1 MC-IP2",
    "ReviewScore": "100",
    "Syllable": "61",
    "Word": "11",
    "RDate": "20190715",
    "Aspects": [
      {
        "Aspect": "가격",
        "SentimentText": "1+1 구성이라 저렴하게 구입했네요",
        "SentimentWord": "4",
        "SentimentPolarity": "-1"
      },
      {
        "Aspect": "편의성",
        "SentimentText": "야외에서도 쓸수잇어 좋으네요..",
        "SentimentWord": "3",
        "SentimentPolarity": "1"
      }
    ]
  },
  {
    "Index": "4352",
    "RawText": "상품평 믿고 샀는데 벌레 하나도 안잡힙니다.가격도 싸지도  않는데 하나 사용해보고 실망입니다.나머지 하나는 박스 뜯지도 않았습니다.서비스센터는 연락이 안되지만 반품 해주세요~~~ 홈쇼핑에서 샀던 상품중 최악입니다.",
    "Source": "SNS",
    "Domain": "가전",
    "MainCategory": "생활/미용/욕실가전",
    "ProductName": "(TV_특) 유한양행 해피홈 에어트랩 포충기 1+1 MC-IP2",
    "ReviewScore": "20",
    "Syllable": "119",
    "Word": "23",
    "RDate": "20190806",
    "Aspects": [
      {
        "Aspect": "기능",
        "SentimentText": "상품평 믿고 샀는데 벌레 하나도 안잡힙니다.",
        "SentimentWord": "6",
        "SentimentPolarity": "-1"
      },
      {
        "Aspect": "가격",
        "SentimentText": "싸지도  않는데 하나 사용해보고 실망입니다.",
        "SentimentWord": "5",
        "SentimentPolarity": "-1"
      }
    ]
  },
  {
    "Index": "4353",
    "RawText": "생각보다 그렇게 많이 잡히지 않는것 같지만  한 두마리 잡으며 잘 사용하고 있습니다.ㅜㅜ",
    "Source": "SNS",
    "Domain": "가전",
    "MainCategory": "생활/미용/욕실가전",
    "ProductName": "(TV_특) 유한양행 해피홈 에어트랩 포충기 1+1 MC-IP2",
    "ReviewScore": "80",
    "Syllable": "49",
    "Word": "12",
    "RDate": "20190912",
    "GeneralPolarity": "0",
    "Aspects": [
      {
        "Aspect": "기능",
        "SentimentText": "생각보다 그렇게 많이 잡히지 않는것 같지만",
        "SentimentWord": "6",
        "SentimentPolarity": "-1"
      },
      {
        "Aspect": "기능",
        "SentimentText": " 한 두마리 잡으며 잘 사용하고 있습니다.ㅜㅜ",
        "SentimentWord": "6",
        "SentimentPolarity": "-1"
      }
    ]
  },
  {
    "Index": "4354",
    "RawText": "생각보다 모기랑 날파리가 정말 잘잡혀요!! 저는 하나는 부엌에 음식물쓰레기 옆쪽에 두고 사용하고 하나는 방에서 사용하는데 생각보다 잘잡혀서 완전 만족하면서 사용중이에요~~ 1+1이라서 완전 이득♡♡",
    "Source": "SNS",
    "Domain": "가전",
    "MainCategory": "생활/미용/욕실가전",
    "ProductName": "(TV_특) 유한양행 해피홈 에어트랩 포충기 1+1 MC-IP2",
    "ReviewScore": "100",
    "Syllable": "110",
    "Word": "23",
    "RDate": "20190605",
    "GeneralPolarity": "1",
    "Aspects": [
      {
        "Aspect": "기능",
        "SentimentText": "생각보다 모기랑 날파리가 정말 잘잡혀요!!",
        "SentimentWord": "5",
        "SentimentPolarity": "1"
      },
      {
        "Aspect": "품질",
        "SentimentText": "하나는 부엌에 음식물쓰레기 옆쪽에 두고 사용하고 하나는 방에서 사용하는데 생각보다 잘잡혀서 완전 만족하면서 사용중이에요~~",
        "SentimentWord": "14",
        "SentimentPolarity": "1"
      },
      {
        "Aspect": "제품구성",
        "SentimentText": "1+1이라서 완전 이득♡♡",
        "SentimentWord": "3",
        "SentimentPolarity": "1"
      }
    ]
  },
  {
    "Index": "4355",
    "RawText": "소모품을 따로 구입할 필요없으니 좋으네요~ 모기뿐 아니라 초파리도 들어가 있으니  손에 모기피 안묻히고 깔끔하게 처리할수 있어요ㅎ 캠핑갈때도, 나들이 나갈때도 편리하게 들고 가지고나가  충전도 빨라서 보조배터리 연결해놓음 맘이 든든해요^^*",
    "Source": "SNS",
    "Domain": "가전",
    "MainCategory": "생활/미용/욕실가전",
    "ProductName": "(TV_특) 유한양행 해피홈 에어트랩 포충기 1+1 MC-IP2",
    "ReviewScore": "100",
    "Syllable": "134",
    "Word": "28",
    "RDate": "20190613",
    "GeneralPolarity": "1",
    "Aspects": [
      {
        "Aspect": "제품구성",
        "SentimentText": "소모품을 따로 구입할 필요없으니 좋으네요~",
        "SentimentWord": "5",
        "SentimentPolarity": "1"
      },
      {
        "Aspect": "편의성",
        "SentimentText": "캠핑갈때도, 나들이 나갈때도 편리하게 들고 가지고나가 ",
        "SentimentWord": "6",
        "SentimentPolarity": "1"
      },
      {
        "Aspect": "배터리",
        "SentimentText": "충전도 빨라서 보조배터리 연결해놓음 맘이 든든해요^^*",
        "SentimentWord": "6",
        "SentimentPolarity": "1"
      },
      {
        "Aspect": "편의성",
        "SentimentText": "손에 모기피 안묻히고 깔끔하게 처리할수 있어요ㅎ",
        "SentimentWord": "6",
        "SentimentPolarity": "1"
      }
    ]
  },
  {
    "Index": "4356",
    "RawText": "소음이 있다해서 심하다고 생각했는데 크지 않음 모기는 아직 한번도 잡은적 없음 한달쯤 사용한듯 소형사이즈로 이동과 휴대가 간편해서 좋아요~ ",
    "Source": "SNS",
    "Domain": "가전",
    "MainCategory": "생활/미용/욕실가전",
    "ProductName": "(TV_특) 유한양행 해피홈 에어트랩 포충기 1+1 MC-IP2",
    "ReviewScore": "40",
    "Syllable": "78",
    "Word": "18",
    "RDate": "20190802",
    "GeneralPolarity": "1",
    "Aspects": [
      {
        "Aspect": "소음",
        "SentimentText": "소음이 있다해서 심하다고 생각했는데 크지 않음",
        "SentimentWord": "6",
        "SentimentPolarity": "1"
      },
      {
        "Aspect": "편의성",
        "SentimentText": "소형사이즈로 이동과 휴대가 간편해서 좋아요~",
        "SentimentWord": "5",
        "SentimentPolarity": "1"
      }
    ]
  },
  {
    "Index": "4357",
    "RawText": "아이에게 혹시나 해로울까해서 고르다가 선택했어요 아직 집에 모기는없어서, 주방쪽에서 날파리 잘잡고있어요^^ 첫날 아무것도 안잡혀서 잘안되나~?했는데 최근에 날파리 생긴후로 잘 잡아주네요^^ 장거리 이동할때는 보조배터리 연결해서, 카니발에 두고 쓰기도해요 ㅎ 뭔가 안심되고 ㅎ아래쪽에 두니 풋등같고 ㅎ 나름좋아요",
    "Source": "SNS",
    "Domain": "가전",
    "MainCategory": "생활/미용/욕실가전",
    "ProductName": "(TV_특) 유한양행 해피홈 에어트랩 포충기 1+1 MC-IP2",
    "ReviewScore": "80",
    "Syllable": "173",
    "Word": "35",
    "RDate": "20190708",
    "GeneralPolarity": "1",
    "Aspects": [
      {
        "Aspect": "기능",
        "SentimentText": "최근에 날파리 생긴후로 잘 잡아주네요^^",
        "SentimentWord": "5",
        "SentimentPolarity": "1"
      },
      {
        "Aspect": "편의성",
        "SentimentText": "장거리 이동할때는 보조배터리 연결해서, 카니발에 두고 쓰기도해요 ㅎ",
        "SentimentWord": "8",
        "SentimentPolarity": "1"
      }
    ]
  },
  {
    "Index": "4358",
    "RawText": "요즈음 음식물 때문에 초파리가 기승입니다. 손으로 때려잡고 휘휘 저어 보고 이제품을보고 기능이 모기보다 초파리 때문에 효과가 좋을 거 같아서 바로 구매했는데 역시나 효과 직빵!! 여름에 모기가 있으면 사용하고 편리하게 여행가서도 사용하고 하려고 구매했어요 써보니 만족 추천합니다",
    "Source": "SNS",
    "Domain": "가전",
    "MainCategory": "생활/미용/욕실가전",
    "ProductName": "(TV_특) 유한양행 해피홈 에어트랩 포충기 1+1 MC-IP2",
    "ReviewScore": "100",
    "Syllable": "155",
    "Word": "36",
    "RDate": "20190702",
    "GeneralPolarity": "1",
    "Aspects": [
      {
        "Aspect": "기능",
        "SentimentText": "이제품을보고 기능이 모기보다 초파리 때문에 효과가 좋을 거 같아서 바로 구매했는데 역시나 효과 직빵!!",
        "SentimentWord": "14",
        "SentimentPolarity": "1"
      },
      {
        "Aspect": "편의성",
        "SentimentText": "여름에 모기가 있으면 사용하고 편리하게 여행가서도 사용하고 하려고 구매했어요 써보니 만족 추천합니다",
        "SentimentWord": "12",
        "SentimentPolarity": "1"
      }
    ]
  },
  {
    "Index": "4359",
    "RawText": "이제품  기능 너무하네요 일주일동안 한마리도~~~안잡힘 제품 박스를 버려서 박스만있으면  반품하고 싶네요 2개나~~어휴~~~ 결코 싼 가격이 아니네요",
    "Source": "SNS",
    "Domain": "가전",
    "MainCategory": "생활/미용/욕실가전",
    "ProductName": "(TV_특) 유한양행 해피홈 에어트랩 포충기 1+1 MC-IP2",
    "ReviewScore": "100",
    "Syllable": "83",
    "Word": "16",
    "RDate": "20190716",
    "Aspects": [
      {
        "Aspect": "기능",
        "SentimentText": "이제품  기능 너무하네요 일주일동안 한마리도~~~안잡힘",
        "SentimentWord": "5",
        "SentimentPolarity": "-1"
      },
      {
        "Aspect": "가격",
        "SentimentText": "2개나~~어휴~~~ 결코 싼 가격이 아니네요",
        "SentimentWord": "5",
        "SentimentPolarity": "-1"
      }
    ]
  },
  {
    "Index": "4360",
    "RawText": "저번 방송 보다가 놓쳤는데 다른분들 상품평 보고 효과있을것 같아 구매했어요 이틀째인데 이렇게나 많이 잡혔어요 초파리를 잡고싶은데 초파리는 잡혔다가도 사라지더라구요 어떻게 된걸까요?ㅎㅎ 이정도면 대만족이에요~",
    "Source": "SNS",
    "Domain": "가전",
    "MainCategory": "생활/미용/욕실가전",
    "ProductName": "(TV_특) 유한양행 해피홈 에어트랩 포충기 1+1 MC-IP2",
    "ReviewScore": "100",
    "Syllable": "115",
    "Word": "23",
    "RDate": "20190614",
    "GeneralPolarity": "1",
    "Aspects": [
      {
        "Aspect": "기능",
        "SentimentText": "이틀째인데 이렇게나 많이 잡혔어요",
        "SentimentWord": "4",
        "SentimentPolarity": "1"
      },
      {
        "Aspect": "품질",
        "SentimentText": "이정도면 대만족이에요~",
        "SentimentWord": "2",
        "SentimentPolarity": "1"
      }
    ]
  },
  {
    "Index": "4361",
    "RawText": "제품은 품질이 왜 이따위인지 효과가 없네요 제품 가동하면 불빛때문에 눈이 아파 너무 불편하네요 택배는 전화도 안하고 아무도 없는 집앞에  물건 두고 가네요 어이가 없어서 할말이 없어요 누가 가져가면 누가 책임지나요? 00쇼핑  처음 사용하는데 서비스가 영... 이미지 다 버리네요",
    "Source": "SNS",
    "Domain": "가전",
    "MainCategory": "생활/미용/욕실가전",
    "ProductName": "(TV_특) 유한양행 해피홈 에어트랩 포충기 1+1 MC-IP2",
    "ReviewScore": "40",
    "Syllable": "156",
    "Word": "38",
    "RDate": "20190702",
    "Aspects": [
      {
        "Aspect": "품질",
        "SentimentText": "제품은 품질이 왜 이따위인지 효과가 없네요",
        "SentimentWord": "6",
        "SentimentPolarity": "-1"
      },
      {
        "Aspect": "편의성",
        "SentimentText": "제품 가동하면 불빛때문에 눈이 아파 너무 불편하네요",
        "SentimentWord": "7",
        "SentimentPolarity": "-1"
      }
    ]
  },
  {
    "Index": "4362",
    "RawText": "벌레잡는데 큰 도움은 안된거 같아요. 어두울때 넘 환해서 좋을때도 나쁠때도 있어요.",
    "Source": "SNS",
    "Domain": "가전",
    "MainCategory": "생활/미용/욕실가전",
    "ProductName": "(TV_특) 유한양행 해피홈 에어트랩 포충기 1+1 MC-IP2",
    "ReviewScore": "80",
    "Syllable": "46",
    "Word": "11",
    "RDate": "20191102",
    "GeneralPolarity": "-1",
    "Aspects": [
      {
        "Aspect": "품질",
        "SentimentText": "벌레잡는데 큰 도움은 안된거 같아요.",
        "SentimentWord": "5",
        "SentimentPolarity": "-1"
      },
      {
        "Aspect": "기능",
        "SentimentText": "어두울때 넘 환해서 좋을때도 나쁠때도 있어요.",
        "SentimentWord": "6",
        "SentimentPolarity": "0"
      }
    ]
  },
  {
    "Index": "4363",
    "RawText": "빠른 배송으로 잘왓서 만족해요  아직은  잘 모르겟어여 어케 바루 아나요?? 공기 청정기 사는게  맞는건지..  이게 맞는건지..   기능은 떨어져요 냄새만 살짝 제거되는 정도입니다 두 셋트 주문해서  저 쓰고  친정엄마  보내 드리려 하는디  이게  맞는 건지  공기가 정화되는 시간은 오래  엄청 걸리는 듯해요     ",
    "Source": "SNS",
    "Domain": "가전",
    "MainCategory": "생활/미용/욕실가전",
    "ProductName": "(TV_특)NEW에어비타 캡슐 공기정화기 1+1",
    "ReviewScore": "80",
    "Syllable": "180",
    "Word": "41",
    "RDate": "20190306",
    "Aspects": [
      {
        "Aspect": "기능",
        "SentimentText": "기능은 떨어져요 냄새만 살짝 제거되는 정도입니다",
        "SentimentWord": "6",
        "SentimentPolarity": "-1"
      },
      {
        "Aspect": "시간/속도",
        "SentimentText": "공기가 정화되는 시간은 오래  엄청 걸리는 듯해요",
        "SentimentWord": "7",
        "SentimentPolarity": "-1"
      }
    ]
  },
  {
    "Index": "4364",
    "RawText": "남편이 충전해서 써보니 쓸만하다네요 가격대비 괜찮아요 다만 충전시 완충이나 충전중을 알려주는 표시등이 없어서  아쉽네요",
    "Source": "SNS",
    "Domain": "가전",
    "MainCategory": "생활/미용/욕실가전",
    "ProductName": "(TV_특)이즈미 전기면도기 블랙에디션 IKR-5200 1+1",
    "ReviewScore": "100",
    "Syllable": "66",
    "Word": "14",
    "RDate": "20181028",
    "GeneralPolarity": "1",
    "Aspects": [
      {
        "Aspect": "기능",
        "SentimentText": "남편이 충전해서 써보니 쓸만하다네요",
        "SentimentWord": "4",
        "SentimentPolarity": "1"
      },
      {
        "Aspect": "가격",
        "SentimentText": "가격대비 괜찮아요",
        "SentimentWord": "2",
        "SentimentPolarity": "1"
      },
      {
        "Aspect": "기능",
        "SentimentText": "다만 충전시 완충이나 충전중을 알려주는 표시등이 없어서  아쉽네요",
        "SentimentWord": "8",
        "SentimentPolarity": "-1"
      }
    ]
  },
  {
    "Index": "4365",
    "RawText": "이 가격에 면도기 2개, 휴대용 면도기까지... 가성비 최고입니다. 잘 쓸께요~",
    "Source": "SNS",
    "Domain": "가전",
    "MainCategory": "생활/미용/욕실가전",
    "ProductName": "(TV_특)이즈미 전기면도기 블랙에디션 IKR-5200 1+1",
    "ReviewScore": "80",
    "Syllable": "44",
    "Word": "10",
    "RDate": "20181002",
    "GeneralPolarity": "1",
    "Aspects": [
      {
        "Aspect": "제품구성",
        "SentimentText": "이 가격에 면도기 2개, 휴대용 면도기까지...",
        "SentimentWord": "6",
        "SentimentPolarity": "1"
      },
      {
        "Aspect": "가격",
        "SentimentText": "가성비 최고입니다.",
        "SentimentWord": "2",
        "SentimentPolarity": "1"
      }
    ]
  },
  {
    "Index": "4366",
    "RawText": "뽀드득 잘닦이고 좋아요. 1번 충전하면 몇달은 가는듯해요. 충전은 잘 돼서 좋아요 가격도 좋고 정말 추천합니다",
    "Source": "SNS",
    "Domain": "가전",
    "MainCategory": "생활/미용/욕실가전",
    "ProductName": "(TV_특_상시) 스마트소닉 프로 음파칫솔 싱글세트(1인)",
    "ReviewScore": "100",
    "Syllable": "61",
    "Word": "15",
    "RDate": "20200319",
    "GeneralPolarity": "1",
    "Aspects": [
      {
        "Aspect": "기능",
        "SentimentText": "뽀드득 잘닦이고 좋아요.",
        "SentimentWord": "3",
        "SentimentPolarity": "1"
      },
      {
        "Aspect": "배터리",
        "SentimentText": "1번 충전하면 몇달은 가는듯해요. 충전은 잘 돼서 좋아요",
        "SentimentWord": "8",
        "SentimentPolarity": "1"
      },
      {
        "Aspect": "가격",
        "SentimentText": "가격도 좋고 정말 추천합니다",
        "SentimentWord": "4",
        "SentimentPolarity": "1"
      }
    ]
  },
  {
    "Index": "4367",
    "RawText": "깔끔하고 견고한 외관에 조립이 아닌 완제품이라 좋고 조용하고 섬세한 바람 아주아주 만족합니다     ",
    "Source": "SNS",
    "Domain": "가전",
    "MainCategory": "생활/미용/욕실가전",
    "ProductName": "(TV_특약) 파세코 에어써큘레이터 스탠드형 PCF-H70000WS",
    "ReviewScore": "100",
    "Syllable": "56",
    "Word": "12",
    "RDate": "20180623",
    "GeneralPolarity": "1",
    "Aspects": [
      {
        "Aspect": "디자인",
        "SentimentText": "깔끔하고 견고한 외관에 조립이 아닌 완제품이라 좋고",
        "SentimentWord": "7",
        "SentimentPolarity": "1"
      },
      {
        "Aspect": "소음",
        "SentimentText": "조용하고 섬세한 바람 아주아주 만족합니다 ",
        "SentimentWord": "5",
        "SentimentPolarity": "1"
      }
    ]
  },
  {
    "Index": "4368",
    "RawText": "구입해서  일주일정도 사용중인데~모기 초파리 날파리등등 ...겁나게 날아다니고 모기에 물리는 중입니다 거름망 같은곳에  모기 한마리도 잡히지  않았구요~~한두푼도 아니고 고장난건지 불량인지 알수있는 방법   없나요?   다",
    "Source": "SNS",
    "Domain": "가전",
    "MainCategory": "생활/미용/욕실가전",
    "ProductName": "(TV_혼합) 2020년형 유한양행 해피홈 에어트랩 360",
    "ReviewScore": "100",
    "Syllable": "124",
    "Word": "23",
    "RDate": "20200709",
    "GeneralPolarity": "-1",
    "Aspects": [
      {
        "Aspect": "기능",
        "SentimentText": "구입해서  일주일정도 사용중인데~모기 초파리 날파리등등 ...겁나게 날아다니고 모기에 물리는 중입니다",
        "SentimentWord": "10",
        "SentimentPolarity": "-1"
      },
      {
        "Aspect": "품질",
        "SentimentText": "거름망 같은곳에  모기 한마리도 잡히지  않았구요~~",
        "SentimentWord": "6",
        "SentimentPolarity": "-1"
      }
    ]
  },
  {
    "Index": "4369",
    "RawText": "배송 받아서 쓴지는 3주정도 되가는거 같아요.  방송보고 반신반의 하면서 주문했는데  집에 날파리가 많거든요ㅡㅡ  근데 완전 해결됐어요!! 정말 주문 하길 잘한거 같아 너무 뿌듯해요. 어제 밤에 들어온 큰 나방도 잡혀있네요~! 모기도 지난번 두마리 잡혀서 말라있더라구요. 참고로 지금 사진에 통은 몇일전에 버리고 다리 끼워놓은 상태입니다 그런데도 많이 잡혀있지요? 지나다니다 보면 벽에 빛퍼진 쪽에 와서 앉아있는 애들을 많이 볼수 있어요. 참고로 제가 해놓은것처럼 벽쪽에 붙여서 사용하시면 더 효과를 볼수 있다고 해요~ 좋은 상품 감사해",
    "Source": "SNS",
    "Domain": "가전",
    "MainCategory": "생활/미용/욕실가전",
    "ProductName": "(TV_혼합) 2020년형 유한양행 해피홈 에어트랩 360",
    "ReviewScore": "100",
    "Syllable": "300",
    "Word": "71",
    "RDate": "20200610",
    "GeneralPolarity": "1",
    "Aspects": [
      {
        "Aspect": "기능",
        "SentimentText": "집에 날파리가 많거든요ㅡㅡ  근데 완전 해결됐어요!!",
        "SentimentWord": "6",
        "SentimentPolarity": "1"
      },
      {
        "Aspect": "조작성",
        "SentimentText": "벽쪽에 붙여서 사용하시면 더 효과를 볼수 있다고 해요~ ",
        "SentimentWord": "8",
        "SentimentPolarity": "1"
      }
    ]
  },
  {
    "Index": "4370",
    "RawText": "12개월아기 벌써부터 모기한테 신고식 거하게 당해서 추천받고 구매했어요 믿을수있는 000에서 만든것도 좋고요,  1+1이라 가격도 착해 이 기회에 구매했는데 아기방 거실 이렇게 두고 사용하니 딱좋네요 이제 꿀잠잘생각에 기쁩니다",
    "Source": "SNS",
    "Domain": "가전",
    "MainCategory": "생활/미용/욕실가전",
    "ProductName": "(TV_혼합) 2020년형 유한양행 해피홈 에어트랩 360 1+1",
    "ReviewScore": "100",
    "Syllable": "126",
    "Word": "27",
    "RDate": "20200526",
    "GeneralPolarity": "1",
    "Aspects": [
      {
        "Aspect": "제조일/제조사",
        "SentimentText": "믿을수있는 000에서 만든것도 좋고요, ",
        "SentimentWord": "4",
        "SentimentPolarity": "1"
      },
      {
        "Aspect": "가격",
        "SentimentText": " 1+1이라 가격도 착해 ",
        "SentimentWord": "3",
        "SentimentPolarity": "1"
      },
      {
        "Aspect": "편의성",
        "SentimentText": "아기방 거실 이렇게 두고 사용하니 딱좋네요",
        "SentimentWord": "6",
        "SentimentPolarity": "1"
      }
    ]
  },
  {
    "Index": "4371",
    "RawText": "기대치에  못 미칩니다.  ○○으로 충분하지 않아서 전기모기약도 켜두어야하네요.",
    "Source": "SNS",
    "Domain": "가전",
    "MainCategory": "생활/미용/욕실가전",
    "ProductName": "(TV_혼합) 2020년형 유한양행 해피홈 에어트랩 360 1+1",
    "ReviewScore": "50",
    "Syllable": "44",
    "Word": "8",
    "RDate": "20200622",
    "GeneralPolarity": "-1",
    "Aspects": [
      {
        "Aspect": "기능",
        "SentimentText": "기대치에  못 미칩니다",
        "SentimentWord": "3",
        "SentimentPolarity": "-1"
      },
      {
        "Aspect": "품질",
        "SentimentText": "○○으로 충분하지 않아서 전기모기약도 켜두어야하네요.",
        "SentimentWord": "5",
        "SentimentPolarity": "-1"
      }
    ]
  },
  {
    "Index": "4372",
    "RawText": "넘 잘구매한거 같아요 디자인도 진짜 이쁘네요 화이트라서 집안 어디에 두어도 잘어울리구요  1+1이라 안방이랑 아이방에 각각 둘수 있어 아주 좋습니다^^ 올여름 필수품이네요",
    "Source": "SNS",
    "Domain": "가전",
    "MainCategory": "생활/미용/욕실가전",
    "ProductName": "(TV_혼합) 2020년형 유한양행 해피홈 에어트랩 360 1+1",
    "ReviewScore": "100",
    "Syllable": "95",
    "Word": "21",
    "RDate": "20200524",
    "GeneralPolarity": "1",
    "Aspects": [
      {
        "Aspect": "디자인",
        "SentimentText": "넘 잘구매한거 같아요 디자인도 진짜 이쁘네요",
        "SentimentWord": "6",
        "SentimentPolarity": "1"
      },
      {
        "Aspect": "색상",
        "SentimentText": "화이트라서 집안 어디에 두어도 잘어울리구요",
        "SentimentWord": "5",
        "SentimentPolarity": "1"
      },
      {
        "Aspect": "제품구성",
        "SentimentText": " 1+1이라 안방이랑 아이방에 각각 둘수 있어 아주 좋습니다^^",
        "SentimentWord": "8",
        "SentimentPolarity": "1"
      }
    ]
  },
  {
    "Index": "4373",
    "RawText": "배송 빠르도 오늘밤 써봐야겠어요 소비전력이 낮아서 좋아요 크기는 미니미 한게 귀엽네요",
    "Source": "SNS",
    "Domain": "가전",
    "MainCategory": "생활/미용/욕실가전",
    "ProductName": "(TV_혼합) 2020년형 유한양행 해피홈 에어트랩 360 1+1",
    "ReviewScore": "100",
    "Syllable": "47",
    "Word": "11",
    "RDate": "20200630",
    "Aspects": [
      {
        "Aspect": "소비전력",
        "SentimentText": "소비전력이 낮아서 좋아요",
        "SentimentWord": "3",
        "SentimentPolarity": "1"
      },
      {
        "Aspect": "사이즈",
        "SentimentText": "크기는 미니미 한게 귀엽네요",
        "SentimentWord": "4",
        "SentimentPolarity": "1"
      }
    ]
  },
  {
    "Index": "4374",
    "RawText": "벌써부터 모기가 보여서 12개월딸  신고식을 호되게 치뤘네요ㅜ 아기가 있다보니 안방 거실 두군데에 놓고 사용하려고 1+1 하길래 좋은가격에 득템했어요  안심하고 아기랑 꿀잠자고 있어요 기능이 굿입니다 ",
    "Source": "SNS",
    "Domain": "가전",
    "MainCategory": "생활/미용/욕실가전",
    "ProductName": "(TV_혼합) 2020년형 유한양행 해피홈 에어트랩 360 1+1",
    "ReviewScore": "100",
    "Syllable": "112",
    "Word": "24",
    "RDate": "20200526",
    "Aspects": [
      {
        "Aspect": "가격",
        "SentimentText": "1+1 하길래 좋은가격에 득템했어요",
        "SentimentWord": "4",
        "SentimentPolarity": "1"
      },
      {
        "Aspect": "기능",
        "SentimentText": "안심하고 아기랑 꿀잠자고 있어요 기능이 굿입니다",
        "SentimentWord": "6",
        "SentimentPolarity": "1"
      }
    ]
  },
  {
    "Index": "4375",
    "RawText": "손선풍기 돌리는 것 같은 약간의 소음이 있습니다 신경쓰이는 정도는 아니예요 하루 돌렸는데 아무것도 들어 있진 않네요 기능이 되는건지 잘모르겠어요",
    "Source": "SNS",
    "Domain": "가전",
    "MainCategory": "생활/미용/욕실가전",
    "ProductName": "(TV_혼합) 2020년형 유한양행 해피홈 에어트랩 360 1+1",
    "ReviewScore": "100",
    "Syllable": "80",
    "Word": "19",
    "RDate": "20200531",
    "GeneralPolarity": "0",
    "Aspects": [
      {
        "Aspect": "소음",
        "SentimentText": "손선풍기 돌리는 것 같은 약간의 소음이 있습니다 신경쓰이는 정도는 아니예요",
        "SentimentWord": "10",
        "SentimentPolarity": "0"
      },
      {
        "Aspect": "기능",
        "SentimentText": "하루 돌렸는데 아무것도 들어 있진 않네요 기능이 되는건지 잘모르겠어요",
        "SentimentWord": "9",
        "SentimentPolarity": "-1"
      }
    ]
  },
  {
    "Index": "4376",
    "RawText": "와 3일간 초파리 1마리 잡았어요.ㅋㅋ 2개켜놓고 한쪽 다리 모기한테헌혈하고 저혼자 모기 4 마리 때려잡았네요.ㅎㅎㅎ 올여름 제가 더 많이 잡을지 저 OOO 두개가 더많이 잡을지 기대되요ㅎㅎㅎㅎ",
    "Source": "SNS",
    "Domain": "가전",
    "MainCategory": "생활/미용/욕실가전",
    "ProductName": "(TV_혼합) 2020년형 유한양행 해피홈 에어트랩 360 1+1",
    "ReviewScore": "10",
    "Syllable": "108",
    "Word": "25",
    "RDate": "20200531",
    "Aspects": [
      {
        "Aspect": "기능",
        "SentimentText": "와 3일간 초파리 1마리 잡았어요.ㅋㅋ",
        "SentimentWord": "5",
        "SentimentPolarity": "-1"
      },
      {
        "Aspect": "기능",
        "SentimentText": "올여름 제가 더 많이 잡을지 저 OOO 두개가 더많이 잡을지 기대되요ㅎㅎㅎㅎ",
        "SentimentWord": "11",
        "SentimentPolarity": "-1"
      }
    ]
  },
  {
    "Index": "4377",
    "RawText": "와 이거 기대했는데 모기 손으로 잡는데 훨 빠르네요 초파리 3마리 잡자고 이런금액 지불하지 않죠 000에 2~3천원 짜리로 충분한데 모기잡힌적이 없어요 ㅠ",
    "Source": "SNS",
    "Domain": "가전",
    "MainCategory": "생활/미용/욕실가전",
    "ProductName": "(TV_혼합) 2020년형 유한양행 해피홈 에어트랩 360 1+1",
    "ReviewScore": "20",
    "Syllable": "86",
    "Word": "21",
    "RDate": "20200609",
    "Aspects": [
      {
        "Aspect": "기능",
        "SentimentText": "와 이거 기대했는데 모기 손으로 잡는데 훨 빠르네요",
        "SentimentWord": "8",
        "SentimentPolarity": "-1"
      },
      {
        "Aspect": "가격",
        "SentimentText": "초파리 3마리 잡자고 이런금액 지불하지 않죠",
        "SentimentWord": "6",
        "SentimentPolarity": "-1"
      }
    ]
  },
  {
    "Index": "4378",
    "RawText": "하나만 사서 써보고 살걸 품질은 생각지도 않고 괜히 두개 샀네요.ㅠㅠ .이것 켜놔도 모기가 뱅뱅 돌아요.침대 바로옆 공간서랍잡에 올려놨는데도 모기는 다음날도 돌아다녀서 결국 애프킬라 뿌리고 난리였네요.과대광고 인것 같아서 짜증나요",
    "Source": "SNS",
    "Domain": "가전",
    "MainCategory": "생활/미용/욕실가전",
    "ProductName": "(TV_혼합) 2020년형 유한양행 해피홈 에어트랩 360 1+1",
    "ReviewScore": "20",
    "Syllable": "128",
    "Word": "28",
    "RDate": "20200619",
    "Aspects": [
      {
        "Aspect": "품질",
        "SentimentText": "하나만 사서 써보고 살걸 품질은 생각지도 않고 괜히 두개 샀네요.ㅠㅠ",
        "SentimentWord": "10",
        "SentimentPolarity": "-1"
      },
      {
        "Aspect": "기능",
        "SentimentText": "이것 켜놔도 모기가 뱅뱅 돌아요.",
        "SentimentWord": "5",
        "SentimentPolarity": "-1"
      }
    ]
  },
  {
    "Index": "4379",
    "RawText": "OOO  켜놓으면 아침에 목이 아파서 주문 했는데 일단 목은 편안해요~  이젠 모기만 잘잡으면 정말 좋겠어요~  ***** 몇일 사용해본 결과~ 날파리도 모기도 다 잡아주네요~ ",
    "Source": "SNS",
    "Domain": "가전",
    "MainCategory": "생활/미용/욕실가전",
    "ProductName": "(TV_혼합) 2020년형 유한양행 해피홈 에어트랩 360 1+1",
    "ReviewScore": "100",
    "Syllable": "99",
    "Word": "23",
    "RDate": "20200524",
    "GeneralPolarity": "1",
    "Aspects": [
      {
        "Aspect": "품질",
        "SentimentText": "OOO  켜놓으면 아침에 목이 아파서 주문 했는데 일단 목은 편안해요~ ",
        "SentimentWord": "10",
        "SentimentPolarity": "1"
      },
      {
        "Aspect": "기능",
        "SentimentText": "몇일 사용해본 결과~ 날파리도 모기도 다 잡아주네요~",
        "SentimentWord": "7",
        "SentimentPolarity": "1"
      }
    ]
  },
  {
    "Index": "4380",
    "RawText": "디자인 예쁘고 좋습니다 같이 온 리모컨이 가끔ㅈ안눌러지긴해요ㅠ",
    "Source": "SNS",
    "Domain": "가전",
    "MainCategory": "생활/미용/욕실가전",
    "ProductName": "(TV_혼합) 무니 아이 무드등 MOONI EYE",
    "ReviewScore": "80",
    "Syllable": "34",
    "Word": "7",
    "RDate": "20191112",
    "GeneralPolarity": "0",
    "Aspects": [
      {
        "Aspect": "디자인",
        "SentimentText": "디자인 예쁘고 좋습니다",
        "SentimentWord": "3",
        "SentimentPolarity": "1"
      },
      {
        "Aspect": "제품구성",
        "SentimentText": "같이 온 리모컨이 가끔ㅈ안눌러지긴해요ㅠ",
        "SentimentWord": "4",
        "SentimentPolarity": "0"
      }
    ]
  },
  {
    "Index": "4381",
    "RawText": "다른상품들보다 가격대는 좀높지만 믿을수 있는 OOOO이라 구매했네요~~^^ 딸아이가 여름만 되면 벌레를 질색하는지라 일찍 구매해주었어요~~♡♡ 믿는만큼 효과도 좋았으면 좋겠네요~~^^",
    "Source": "SNS",
    "Domain": "가전",
    "MainCategory": "생활/미용/욕실가전",
    "ProductName": "(TV_혼합) 유한양행 해피홈 에어트랩 360 1+1",
    "ReviewScore": "100",
    "Syllable": "102",
    "Word": "18",
    "RDate": "20210624",
    "Aspects": [
      {
        "Aspect": "가격",
        "SentimentText": "다른상품들보다 가격대는 좀높지만",
        "SentimentWord": "3",
        "SentimentPolarity": "-1"
      },
      {
        "Aspect": "제조일/제조사",
        "SentimentText": "믿을수 있는 OOOO이라 구매했네요~~",
        "SentimentWord": "4",
        "SentimentPolarity": "1"
      }
    ]
  },
  {
    "Index": "4382",
    "RawText": "디자인도 예쁘고 작고 아담한게 좋아요 성능 또한 좋아요",
    "Source": "SNS",
    "Domain": "가전",
    "MainCategory": "생활/미용/욕실가전",
    "ProductName": "(TV_혼합) 유한양행 해피홈 에어트랩 360 1+1",
    "ReviewScore": "100",
    "Syllable": "30",
    "Word": "8",
    "RDate": "20210430",
    "GeneralPolarity": "1",
    "Aspects": [
      {
        "Aspect": "디자인",
        "SentimentText": "디자인도 예쁘고 ",
        "SentimentWord": "2",
        "SentimentPolarity": "1"
      },
      {
        "Aspect": "사이즈",
        "SentimentText": "작고 아담한게 좋아요",
        "SentimentWord": "3",
        "SentimentPolarity": "1"
      },
      {
        "Aspect": "기능",
        "SentimentText": "성능 또한 좋아요",
        "SentimentWord": "3",
        "SentimentPolarity": "1"
      }
    ]
  },
  {
    "Index": "4383",
    "RawText": "이제품 사용하고 모기한데 들 물려요 한가지단점 이라면 시끄러운점~~~",
    "Source": "SNS",
    "Domain": "가전",
    "MainCategory": "생활/미용/욕실가전",
    "ProductName": "(TV_혼합) 유한양행 해피홈 에어트랩 360 1+1",
    "ReviewScore": "100",
    "Syllable": "38",
    "Word": "8",
    "RDate": "20210805",
    "GeneralPolarity": "0",
    "Aspects": [
      {
        "Aspect": "기능",
        "SentimentText": "이제품 사용하고 모기한데 들 물려요",
        "SentimentWord": "5",
        "SentimentPolarity": "1"
      },
      {
        "Aspect": "소음",
        "SentimentText": "한가지단점 이라면 시끄러운점~~~",
        "SentimentWord": "3",
        "SentimentPolarity": "-1"
      }
    ]
  },
  {
    "Index": "4384",
    "RawText": "화학 약품  없어서  건강에  좋을 듯해요. 소리가 좀 나네요. 소음 없다해서 구매했는데 아쉽네요",
    "Source": "SNS",
    "Domain": "가전",
    "MainCategory": "생활/미용/욕실가전",
    "ProductName": "(TV_혼합) 유한양행 해피홈 에어트랩 360 1+1",
    "ReviewScore": "80",
    "Syllable": "54",
    "Word": "13",
    "RDate": "20210809",
    "GeneralPolarity": "0",
    "Aspects": [
      {
        "Aspect": "제품구성",
        "SentimentText": "화학 약품  없어서  건강에  좋을 듯해요. ",
        "SentimentWord": "6",
        "SentimentPolarity": "1"
      },
      {
        "Aspect": "소음",
        "SentimentText": " 소리가 좀 나네요. 소음 없다해서 구매했는데 아쉽네요",
        "SentimentWord": "7",
        "SentimentPolarity": "-1"
      }
    ]
  },
  {
    "Index": "4385",
    "RawText": "가격은 저렴해서 좋은데 기능적인면은...별루에요 OOO을 사용하고있는데 홈쇼핑에서 그럴싸하게 나오길래 반신반의하면서 구매를하긴했는데 너무 기대를했나보네요! 나쁘진 않지만 역시 명불허전 OOO을 따라갈려면 아직은...",
    "Source": "SNS",
    "Domain": "가전",
    "MainCategory": "생활/미용/욕실가전",
    "ProductName": "(TV방송_직)2017아쿠아픽 구강세정기+사은품2종",
    "ReviewScore": "80",
    "Syllable": "120",
    "Word": "20",
    "RDate": "20170609",
    "GeneralPolarity": "-1",
    "Aspects": [
      {
        "Aspect": "가격",
        "SentimentText": "가격은 저렴해서 좋은데",
        "SentimentWord": "3",
        "SentimentPolarity": "1"
      },
      {
        "Aspect": "기능",
        "SentimentText": "기능적인면은...별루에요",
        "SentimentWord": "1",
        "SentimentPolarity": "-1"
      }
    ]
  },
  {
    "Index": "4386",
    "RawText": "가성비좋으며 치과에서추천해서 사용해보니 이물질제거되고  말끔한기분입니다",
    "Source": "SNS",
    "Domain": "가전",
    "MainCategory": "생활/미용/욕실가전",
    "ProductName": "(TV방송_직)2017아쿠아픽 구강세정기+사은품2종",
    "ReviewScore": "100",
    "Syllable": "39",
    "Word": "5",
    "RDate": "20170529",
    "GeneralPolarity": "1",
    "Aspects": [
      {
        "Aspect": "가격",
        "SentimentText": "가성비좋으며 ",
        "SentimentWord": "1",
        "SentimentPolarity": "1"
      },
      {
        "Aspect": "기능",
        "SentimentText": "치과에서추천해서 사용해보니 이물질제거되고 말끔한 기분입니다",
        "SentimentWord": "5",
        "SentimentPolarity": "1"
      }
    ]
  },
  {
    "Index": "4387",
    "RawText": "국산품질이 매우 좋아졌음. 기능 만족, 사은품인 초음파 치솔도 만죽.",
    "Source": "SNS",
    "Domain": "가전",
    "MainCategory": "생활/미용/욕실가전",
    "ProductName": "(TV방송_직)2017아쿠아픽 구강세정기+사은품2종",
    "ReviewScore": "100",
    "Syllable": "38",
    "Word": "9",
    "RDate": "20170411",
    "GeneralPolarity": "1",
    "Aspects": [
      {
        "Aspect": "기능",
        "SentimentText": "국산품질이 매우 좋아졌음. 기능 만족",
        "SentimentWord": "5",
        "SentimentPolarity": "1"
      },
      {
        "Aspect": "제품구성",
        "SentimentText": "사은품인 초음파 치솔도 만죽.",
        "SentimentWord": "4",
        "SentimentPolarity": "1"
      }
    ]
  },
  {
    "Index": "4388",
    "RawText": "그냥 포장 뜯고 꽂기만 하면 작동. 사용법 너무 간단해서 좋네요 첨 쓰는거라 다른건 어떤지 모르겠으나 무척 소음이 심함. 씨끄러워요 ",
    "Source": "SNS",
    "Domain": "가전",
    "MainCategory": "생활/미용/욕실가전",
    "ProductName": "(TV방송_직)2017아쿠아픽 구강세정기+사은품2종",
    "ReviewScore": "40",
    "Syllable": "74",
    "Word": "19",
    "RDate": "20170411",
    "GeneralPolarity": "0",
    "Aspects": [
      {
        "Aspect": "조작성",
        "SentimentText": "꽂기만 하면 작동.사용법 너무 간단해서 좋네요",
        "SentimentWord": "6",
        "SentimentPolarity": "1"
      },
      {
        "Aspect": "소음",
        "SentimentText": "무척 소음이 심함. 씨끄러워요",
        "SentimentWord": "4",
        "SentimentPolarity": "-1"
      }
    ]
  },
  {
    "Index": "4389",
    "RawText": "사용했는데 넘,좋아여 양치할때 미처,못나온 이물질도 나오고~ 사용후 개운하고 넘,좋아여 사은품도 알차구여",
    "Source": "SNS",
    "Domain": "가전",
    "MainCategory": "생활/미용/욕실가전",
    "ProductName": "(TV방송_직)2017아쿠아픽 구강세정기+사은품2종",
    "ReviewScore": "100",
    "Syllable": "58",
    "Word": "11",
    "RDate": "20170608",
    "GeneralPolarity": "1",
    "Aspects": [
      {
        "Aspect": "기능",
        "SentimentText": "양치할때 미처,못나온 이물질도 나오고~ 사용후 개운하고 넘,좋아여",
        "SentimentWord": "7",
        "SentimentPolarity": "1"
      },
      {
        "Aspect": "제품구성",
        "SentimentText": "사은품도 알차구여",
        "SentimentWord": "2",
        "SentimentPolarity": "1"
      }
    ]
  },
  {
    "Index": "4390",
    "RawText": "사은품이 많아서 좋음. 세정기는 생각보다 사용하기 불편해서 손이 잘 안감",
    "Source": "SNS",
    "Domain": "가전",
    "MainCategory": "생활/미용/욕실가전",
    "ProductName": "(TV방송_직)2017아쿠아픽 구강세정기+사은품2종",
    "ReviewScore": "100",
    "Syllable": "40",
    "Word": "10",
    "RDate": "20170706",
    "GeneralPolarity": "0",
    "Aspects": [
      {
        "Aspect": "제품구성",
        "SentimentText": "사은품이 많아서 좋음. ",
        "SentimentWord": "3",
        "SentimentPolarity": "1"
      },
      {
        "Aspect": "편의성",
        "SentimentText": "세정기는 생각보다 사용하기 불편해서 손이 잘 안감",
        "SentimentWord": "7",
        "SentimentPolarity": "-1"
      }
    ]
  },
  {
    "Index": "4391",
    "RawText": "소리도 좀 큰편이고 수압은 제일 약하게해도 좀 세네요.",
    "Source": "SNS",
    "Domain": "가전",
    "MainCategory": "생활/미용/욕실가전",
    "ProductName": "(TV방송_직)2017아쿠아픽 구강세정기+사은품2종",
    "ReviewScore": "80",
    "Syllable": "30",
    "Word": "8",
    "RDate": "20170524",
    "GeneralPolarity": "-1",
    "Aspects": [
      {
        "Aspect": "소음",
        "SentimentText": "소리도 좀 큰편이고",
        "SentimentWord": "3",
        "SentimentPolarity": "-1"
      },
      {
        "Aspect": "기능",
        "SentimentText": "수압은 제일 약하게해도 좀 세네요.",
        "SentimentWord": "5",
        "SentimentPolarity": "-1"
      }
    ]
  },
  {
    "Index": "4392",
    "RawText": "아이들 치아 관리 하기 위해 구입하였는데, 다행히 아이들도 잘 하네요.굉장히 시원해요. 소음은 잠깐 하는거라 신경쓰이지는 않아요. 전동칫솔도 쓰는데... 본체에서 나는 소음은, 못 쓸정도 아닌듯!!",
    "Source": "SNS",
    "Domain": "가전",
    "MainCategory": "생활/미용/욕실가전",
    "ProductName": "(TV방송_직)2017아쿠아픽 구강세정기+사은품2종",
    "ReviewScore": "100",
    "Syllable": "110",
    "Word": "24",
    "RDate": "20170425",
    "GeneralPolarity": "1",
    "Aspects": [
      {
        "Aspect": "기능",
        "SentimentText": "아이들 치아 관리 하기 위해 구입하였는데, 다행히 아이들도 잘 하네요.굉장히 시원해요",
        "SentimentWord": "11",
        "SentimentPolarity": "1"
      },
      {
        "Aspect": "소음",
        "SentimentText": "소음은 잠깐 하는거라 신경쓰이지는 않아요.",
        "SentimentWord": "5",
        "SentimentPolarity": "1"
      },
      {
        "Aspect": "소음",
        "SentimentText": "본체에서 나는 소음은, 못 쓸정도 아닌듯!!",
        "SentimentWord": "6",
        "SentimentPolarity": "0"
      }
    ]
  },
  {
    "Index": "4393",
    "RawText": "잇몸이 아파 구입했는데 시원하고 양치해도 치석땜에 찜찜했는데 사용후 개운한 느낌이 참 좋더라구요. 친정 부모님께도 권해드리고 신랑 가게에도 두고 편하게 쓴다고하는데 재구매하려고합니다 망설이는 분은 구입해도 후회안하실것 같네요",
    "Source": "SNS",
    "Domain": "가전",
    "MainCategory": "생활/미용/욕실가전",
    "ProductName": "(TV방송_직)2017아쿠아픽 구강세정기+사은품2종",
    "ReviewScore": "100",
    "Syllable": "125",
    "Word": "26",
    "RDate": "20170415",
    "GeneralPolarity": "1",
    "Aspects": [
      {
        "Aspect": "기능",
        "SentimentText": "잇몸이 아파 구입했는데 시원하고 양치해도 치석땜에 찜찜했는데 사용후 개운한 느낌이 참 좋더라구요.",
        "SentimentWord": "12",
        "SentimentPolarity": "1"
      },
      {
        "Aspect": "편의성",
        "SentimentText": "친정 부모님께도 권해드리고 신랑 가게에도 두고 편하게 쓴다고하는데 재구매하려고합니다",
        "SentimentWord": "9",
        "SentimentPolarity": "1"
      }
    ]
  },
  {
    "Index": "4394",
    "RawText": "칫솔전 00 사용하고나니 너무 개운하고 좋아요~ 완전 강추입니다 성능이 좋아서 치간가이사이가 깨끗하게 청소된 느낌이에요",
    "Source": "SNS",
    "Domain": "가전",
    "MainCategory": "생활/미용/욕실가전",
    "ProductName": "(TV방송_직)2017아쿠아픽 구강세정기+사은품2종",
    "ReviewScore": "100",
    "Syllable": "66",
    "Word": "14",
    "RDate": "20170523",
    "GeneralPolarity": "1",
    "Aspects": [
      {
        "Aspect": "편의성",
        "SentimentText": "칫솔전 00 사용하고나니 너무 개운하고 좋아요~",
        "SentimentWord": "6",
        "SentimentPolarity": "1"
      },
      {
        "Aspect": "기능",
        "SentimentText": "성능이 좋아서 치간가이사이가 깨끗하게 청소된 느낌이에요",
        "SentimentWord": "6",
        "SentimentPolarity": "1"
      }
    ]
  },
  {
    "Index": "4395",
    "RawText": "포장도 안전하게 디자인도 마음에들어요.사용햇는데 잇몸건강에효과가 조을듯하네요~~",
    "Source": "SNS",
    "Domain": "가전",
    "MainCategory": "생활/미용/욕실가전",
    "ProductName": "(TV방송_직)2017아쿠아픽 구강세정기+사은품2종",
    "ReviewScore": "100",
    "Syllable": "44",
    "Word": "6",
    "RDate": "20170505",
    "Aspects": [
      {
        "Aspect": "디자인",
        "SentimentText": "디자인도 마음에들어요",
        "SentimentWord": "2",
        "SentimentPolarity": "1"
      },
      {
        "Aspect": "기능",
        "SentimentText": "사용햇는데 잇몸건강에효과가 조을듯하네요~~",
        "SentimentWord": "3",
        "SentimentPolarity": "1"
      }
    ]
  },
  {
    "Index": "4396",
    "RawText": "사기당함 쉐이크가안섞임 덩거리채로결국마심 무료체험도 하나만써야됨 두개다 오자마자세척해서 교환반품안됨..  컵연결빼면 본체는돌아가나 컵끼우면 안돌아감...  열번의시도끝에 돌아가도 느리게 돌아감 구매반대",
    "Source": "SNS",
    "Domain": "가전",
    "MainCategory": "생활/미용/욕실가전",
    "ProductName": "(무료체험_직배송) 리빙톤 오토믹싱 텀블러 1+1",
    "ReviewScore": "10",
    "Syllable": "112",
    "Word": "17",
    "RDate": "20200512",
    "Aspects": [
      {
        "Aspect": "기능",
        "SentimentText": "사기당함 쉐이크가안섞임",
        "SentimentWord": "2",
        "SentimentPolarity": "-1"
      },
      {
        "Aspect": "조작성",
        "SentimentText": "컵연결빼면 본체는돌아가나 컵끼우면 안돌아감...  ",
        "SentimentWord": "4",
        "SentimentPolarity": "-1"
      }
    ]
  },
  {
    "Index": "4397",
    "RawText": "스테인 네스라 위생상 매우 안전합니다. 2개 주문 부부용으로 운동갈때 좋네요. 추천합니다.",
    "Source": "SNS",
    "Domain": "가전",
    "MainCategory": "생활/미용/욕실가전",
    "ProductName": "(무료체험_직배송) 리빙톤 오토믹싱 텀블러 1+1",
    "ReviewScore": "100",
    "Syllable": "50",
    "Word": "11",
    "RDate": "20200512",
    "GeneralPolarity": "1",
    "Aspects": [
      {
        "Aspect": "소재",
        "SentimentText": "스테인 네스라 위생상 매우 안전합니다.",
        "SentimentWord": "5",
        "SentimentPolarity": "1"
      },
      {
        "Aspect": "편의성",
        "SentimentText": "2개 주문 부부용으로 운동갈때 좋네요.",
        "SentimentWord": "5",
        "SentimentPolarity": "1"
      }
    ]
  },
  {
    "Index": "4398",
    "RawText": "스테인 네스라 위생상 매우 안전합니다. 2개 중순 부부용으로 운동갈때 좋네요. 추천합니다.",
    "Source": "SNS",
    "Domain": "가전",
    "MainCategory": "생활/미용/욕실가전",
    "ProductName": "(무료체험_직배송) 리빙톤 오토믹싱 텀블러 1+1",
    "ReviewScore": "100",
    "Syllable": "50",
    "Word": "11",
    "RDate": "20200512",
    "GeneralPolarity": "1",
    "Aspects": [
      {
        "Aspect": "소재",
        "SentimentText": "스테인 네스라 위생상 매우 안전합니다.",
        "SentimentWord": "5",
        "SentimentPolarity": "1"
      },
      {
        "Aspect": "편의성",
        "SentimentText": "2개 중순 부부용으로 운동갈때 좋네요.",
        "SentimentWord": "5",
        "SentimentPolarity": "1"
      }
    ]
  },
  {
    "Index": "4399",
    "RawText": "조작이 간편하니 잘쓰고있어요 사용하기 편리하네요자주쓸것같네요",
    "Source": "SNS",
    "Domain": "가전",
    "MainCategory": "생활/미용/욕실가전",
    "ProductName": "(무료체험_직배송) 리빙톤 오토믹싱 텀블러 1+1",
    "ReviewScore": "100",
    "Syllable": "33",
    "Word": "5",
    "RDate": "20200515",
    "GeneralPolarity": "1",
    "Aspects": [
      {
        "Aspect": "조작성",
        "SentimentText": "조작이 간편하니 잘쓰고있어요",
        "SentimentWord": "3",
        "SentimentPolarity": "1"
      },
      {
        "Aspect": "편의성",
        "SentimentText": "사용하기 편리하네요자주쓸것같네요",
        "SentimentWord": "2",
        "SentimentPolarity": "1"
      }
    ]
  },
  {
    "Index": "4400",
    "RawText": "좋아요 휴대하기도좋고 맘에들어요 디자인이맘에들어요",
    "Source": "SNS",
    "Domain": "가전",
    "MainCategory": "생활/미용/욕실가전",
    "ProductName": "(무료체험_직배송) 리빙톤 오토믹싱 텀블러 1+1",
    "ReviewScore": "100",
    "Syllable": "27",
    "Word": "4",
    "RDate": "20200528",
    "GeneralPolarity": "1",
    "Aspects": [
      {
        "Aspect": "편의성",
        "SentimentText": "좋아요 휴대하기도좋고 맘에들어요",
        "SentimentWord": "3",
        "SentimentPolarity": "1"
      },
      {
        "Aspect": "디자인",
        "SentimentText": "디자인이맘에들어요",
        "SentimentWord": "1",
        "SentimentPolarity": "1"
      }
    ]
  },
  {
    "Index": "4401",
    "RawText": "찬물에 믹스가 가능한게 넘편해요 편리하고 유용하게 잘쓰고있어요",
    "Source": "SNS",
    "Domain": "가전",
    "MainCategory": "생활/미용/욕실가전",
    "ProductName": "(무료체험_직배송) 리빙톤 오토믹싱 텀블러 1+1",
    "ReviewScore": "100",
    "Syllable": "34",
    "Word": "7",
    "RDate": "20200518",
    "GeneralPolarity": "1",
    "Aspects": [
      {
        "Aspect": "기능",
        "SentimentText": "찬물에 믹스가 가능한게 넘편해요",
        "SentimentWord": "4",
        "SentimentPolarity": "1"
      },
      {
        "Aspect": "편의성",
        "SentimentText": " 편리하고 유용하게 잘쓰고있어요",
        "SentimentWord": "3",
        "SentimentPolarity": "1"
      }
    ]
  },
  {
    "Index": "4402",
    "RawText": "휴대하기도좋고 맘에들어요 디자인이맘에들어요",
    "Source": "SNS",
    "Domain": "가전",
    "MainCategory": "생활/미용/욕실가전",
    "ProductName": "(무료체험_직배송) 리빙톤 오토믹싱 텀블러 1+1",
    "ReviewScore": "100",
    "Syllable": "23",
    "Word": "3",
    "RDate": "20200528",
    "GeneralPolarity": "1",
    "Aspects": [
      {
        "Aspect": "편의성",
        "SentimentText": "휴대하기도좋고 맘에들어요",
        "SentimentWord": "2",
        "SentimentPolarity": "1"
      },
      {
        "Aspect": "디자인",
        "SentimentText": "디자인이맘에들어요",
        "SentimentWord": "1",
        "SentimentPolarity": "1"
      }
    ]
  },
  {
    "Index": "4403",
    "RawText": "빠른배송 감사합니다.  스텐소재라 위생적으로 안심입니다 편리하고 좋으네요.     잘 쓸게요.~~",
    "Source": "SNS",
    "Domain": "가전",
    "MainCategory": "생활/미용/욕실가전",
    "ProductName": "(무료체험_직송연동) 리빙톤 오토믹싱 텀블러 1+1",
    "ReviewScore": "100",
    "Syllable": "54",
    "Word": "9",
    "RDate": "20200617",
    "Aspects": [
      {
        "Aspect": "소재",
        "SentimentText": "스텐소재라 위생적으로 안심입니다",
        "SentimentWord": "3",
        "SentimentPolarity": "1"
      },
      {
        "Aspect": "편의성",
        "SentimentText": "편리하고 좋으네요.  ",
        "SentimentWord": "2",
        "SentimentPolarity": "1"
      }
    ]
  },
  {
    "Index": "4404",
    "RawText": "빠른배송 감사합니다. 너무  잘쓰고 있습니다.  달고나커피 기대됩니다. 하나 플러스 하나라 다른 사람한테 선물하기도 좋고 가격적으로 매력이 있네요 잘돌아가서 만족합니다.",
    "Source": "SNS",
    "Domain": "가전",
    "MainCategory": "생활/미용/욕실가전",
    "ProductName": "(무료체험_직송연동) 리빙톤 오토믹싱 텀블러 1+1",
    "ReviewScore": "100",
    "Syllable": "94",
    "Word": "19",
    "RDate": "20200615",
    "Aspects": [
      {
        "Aspect": "가격",
        "SentimentText": "하나 플러스 하나라 다른 사람한테 선물하기도 좋고 가격적으로 매력이 있네요",
        "SentimentWord": "10",
        "SentimentPolarity": "1"
      },
      {
        "Aspect": "기능",
        "SentimentText": "잘돌아가서 만족합니다.",
        "SentimentWord": "2",
        "SentimentPolarity": "1"
      }
    ]
  },
  {
    "Index": "4405",
    "RawText": "처음에는   잘 되었어나 몆번 사용하니  접속이  잘 안되어 품질이 영... 모터가  너무약해요 제품 사용하는데 불편합니다 ",
    "Source": "SNS",
    "Domain": "가전",
    "MainCategory": "생활/미용/욕실가전",
    "ProductName": "(무료체험_직송연동) 리빙톤 오토믹싱 텀블러 1+1",
    "ReviewScore": "100",
    "Syllable": "69",
    "Word": "15",
    "RDate": "20200621",
    "GeneralPolarity": "-1",
    "Aspects": [
      {
        "Aspect": "품질",
        "SentimentText": "몆번 사용하니  접속이  잘 안되어 품질이 영...",
        "SentimentWord": "7",
        "SentimentPolarity": "-1"
      },
      {
        "Aspect": "배터리",
        "SentimentText": "모터가  너무약해요",
        "SentimentWord": "2",
        "SentimentPolarity": "-1"
      },
      {
        "Aspect": "편의성",
        "SentimentText": "제품 사용하는데 불편합니다",
        "SentimentWord": "3",
        "SentimentPolarity": "-1"
      }
    ]
  },
  {
    "Index": "4406",
    "RawText": "반품상품을 보낸거같은느낌 구성품 박스 개별포장되어있는데 테이프로 붙여놓기도하고 뭔가 이상함 구성품 설명서 누락없이 잘보내 주긴함 교환 귀찮아서 쓰긴하는데 상품은 좋음 소음도 적고 잘밀림",
    "Source": "SNS",
    "Domain": "가전",
    "MainCategory": "생활/미용/욕실가전",
    "ProductName": "(방송중세일_5/2~)필립스면도기 S5210/06+스마트클린+휴대용면도기+코털제거기",
    "ReviewScore": "60",
    "Syllable": "103",
    "Word": "22",
    "RDate": "20200521",
    "Aspects": [
      {
        "Aspect": "제품구성",
        "SentimentText": "구성품 설명서 누락없이 잘보내 주긴함",
        "SentimentWord": "5",
        "SentimentPolarity": "1"
      },
      {
        "Aspect": "품질",
        "SentimentText": "교환 귀찮아서 쓰긴하는데 상품은 좋음",
        "SentimentWord": "5",
        "SentimentPolarity": "1"
      },
      {
        "Aspect": "소음",
        "SentimentText": "소음도 적고 잘밀림",
        "SentimentWord": "3",
        "SentimentPolarity": "1"
      }
    ]
  },
  {
    "Index": "4407",
    "RawText": "많이 무겁습니다 4만원이면 요즘 나오는 것들에 비해 비싸고 색상 디자인은 마음에 들어요",
    "Source": "SNS",
    "Domain": "가전",
    "MainCategory": "생활/미용/욕실가전",
    "ProductName": "(온) 트리플블랙 윈드밴드 (넥선풍기)",
    "ReviewScore": "60",
    "Syllable": "48",
    "Word": "12",
    "RDate": "20210804",
    "GeneralPolarity": "0",
    "Aspects": [
      {
        "Aspect": "무게",
        "SentimentText": "많이 무겁습니다",
        "SentimentWord": "2",
        "SentimentPolarity": "-1"
      },
      {
        "Aspect": "가격",
        "SentimentText": "4만원이면 요즘 나오는 것들에 비해 비싸고",
        "SentimentWord": "6",
        "SentimentPolarity": "-1"
      },
      {
        "Aspect": "색상",
        "SentimentText": "색상 디자인은 마음에 들어요",
        "SentimentWord": "4",
        "SentimentPolarity": "1"
      },
      {
        "Aspect": "디자인",
        "SentimentText": "디자인은 마음에 들어요",
        "SentimentWord": "3",
        "SentimentPolarity": "1"
      }
    ]
  },
  {
    "Index": "4408",
    "RawText": "잘 받았구요.  사이즈가 꽤 크네요 만족이요 집안의 어둠을 밝히는데 요긴하게 쓰일 것 같네요.",
    "Source": "SNS",
    "Domain": "가전",
    "MainCategory": "생활/미용/욕실가전",
    "ProductName": "(위)리빙톤 오토센서LED라이트 4개세트",
    "ReviewScore": "100",
    "Syllable": "52",
    "Word": "13",
    "RDate": "20201121",
    "Aspects": [
      {
        "Aspect": "사이즈",
        "SentimentText": "사이즈가 꽤 크네요 만족이요",
        "SentimentWord": "4",
        "SentimentPolarity": "1"
      },
      {
        "Aspect": "기능",
        "SentimentText": " 집안의 어둠을 밝히는데 요긴하게 쓰일 것 같네요.",
        "SentimentWord": "7",
        "SentimentPolarity": "1"
      }
    ]
  },
  {
    "Index": "4409",
    "RawText": "현관센서등이 나가서 인터넷으로 알아보다가 무선 LED센서등이 있어서 구매했습니다. 배송도 빠르고^^~구성이 알차서 좋아요 4개라서 현관에 2개 붙이고 신발장에 하나 붙이고 테스트 해봤는데 인식도 잘하고 이거 완전 신박템이네요. 밝고 좋습니다.",
    "Source": "SNS",
    "Domain": "가전",
    "MainCategory": "생활/미용/욕실가전",
    "ProductName": "(위)리빙톤 오토센서LED라이트 4개세트",
    "ReviewScore": "100",
    "Syllable": "135",
    "Word": "28",
    "RDate": "20201104",
    "Aspects": [
      {
        "Aspect": "제품구성",
        "SentimentText": "구성이 알차서 좋아요 4개라서 현관에 2개 붙이고 신발장에 하나 붙이고",
        "SentimentWord": "10",
        "SentimentPolarity": "1"
      },
      {
        "Aspect": "기능",
        "SentimentText": "인식도 잘하고 이거 완전 신박템이네요. 밝고 좋습니다.",
        "SentimentWord": "7",
        "SentimentPolarity": "1"
      }
    ]
  },
  {
    "Index": "4410",
    "RawText": "tv에서 봤던것 만큼 밝기가 별로 였고 아파트에는 특별히 붙일 곳이 없네요. 중문과 거실 사이가 좀 침침한 듯해서 주문했는데 붙일곳이 마땅치가 않아 천정에 붙였다 밝기가 맘에 안들어 떼어내다 벽지만 띁어져서 낭패~~  반품하고 싶네요.",
    "Source": "SNS",
    "Domain": "가전",
    "MainCategory": "생활/미용/욕실가전",
    "ProductName": "(위)리빙톤 오토센서LED라이트 8개세트",
    "ReviewScore": "30",
    "Syllable": "131",
    "Word": "32",
    "RDate": "20201122",
    "GeneralPolarity": "-1",
    "Aspects": [
      {
        "Aspect": "기능",
        "SentimentText": "tv에서 봤던것 만큼 밝기가 별로 였고 아파트에는 특별히 붙일 곳이 없네요. ",
        "SentimentWord": "11",
        "SentimentPolarity": "-1"
      },
      {
        "Aspect": "품질",
        "SentimentText": "천정에 붙였다 밝기가 맘에 안들어 떼어내다 벽지만 띁어져서 낭패~~  반품하고 싶네요.",
        "SentimentWord": "11",
        "SentimentPolarity": "-1"
      }
    ]
  },
  {
    "Index": "4411",
    "RawText": "활용도는 좋습니다. 불 밝기도 만족하구요. 다만 밝을땐 불이 안켜진다했는데..  형광등을  켜고 움직여도 센서가 작동해 불이 들어오네요..     불량인가요? 이렇게되면 건전지소모가 크게되어 빨리 방전이 될거같아요.",
    "Source": "SNS",
    "Domain": "가전",
    "MainCategory": "생활/미용/욕실가전",
    "ProductName": "(위)리빙톤 오토센서LED라이트 8개세트",
    "ReviewScore": "70",
    "Syllable": "120",
    "Word": "23",
    "RDate": "20201122",
    "GeneralPolarity": "0",
    "Aspects": [
      {
        "Aspect": "편의성",
        "SentimentText": "활용도는 좋습니다.",
        "SentimentWord": "2",
        "SentimentPolarity": "1"
      },
      {
        "Aspect": "기능",
        "SentimentText": " 불 밝기도 만족하구요.",
        "SentimentWord": "3",
        "SentimentPolarity": "1"
      },
      {
        "Aspect": "품질",
        "SentimentText": "다만 밝을땐 불이 안켜진다했는데..  형광등을  켜고 움직여도 센서가 작동해 불이 들어오네요..     불량인가요?",
        "SentimentWord": "12",
        "SentimentPolarity": "-1"
      }
    ]
  },
  {
    "Index": "4412",
    "RawText": "갖고다니기도 편해서 좋습니다. 생각보다 깊이가 작아서 쬐금 불편하지만  얼음넣고 잘쓰고있네요...용랑확인은 제가 못하고 산거라 어쩔수없고 잘쓸것같아요...더큰거 나오면 하니ㅈ더구입해야겠어요",
    "Source": "SNS",
    "Domain": "가전",
    "MainCategory": "생활/미용/욕실가전",
    "ProductName": "(위_1+1)스키니텀블러 오토믹싱 자동쉐이커 토네이도 텀블러",
    "ReviewScore": "100",
    "Syllable": "105",
    "Word": "17",
    "RDate": "20210803",
    "GeneralPolarity": "0",
    "Aspects": [
      {
        "Aspect": "편의성",
        "SentimentText": "갖고다니기도 편해서 좋습니다",
        "SentimentWord": "3",
        "SentimentPolarity": "1"
      },
      {
        "Aspect": "용량",
        "SentimentText": " 생각보다 깊이가 작아서 쬐금 불편하지만  얼음넣고 잘쓰고있네요...",
        "SentimentWord": "7",
        "SentimentPolarity": "0"
      }
    ]
  },
  {
    "Index": "4413",
    "RawText": "가격 대비 가성비 짱입니다^^ 사용하기 편리해서 너무좋습니다 ",
    "Source": "SNS",
    "Domain": "가전",
    "MainCategory": "생활/미용/욕실가전",
    "ProductName": "(위_1+1_무료체험)스키니텀블러 오토믹싱 자동쉐이커 토네이도 텀블러",
    "ReviewScore": "100",
    "Syllable": "34",
    "Word": "7",
    "RDate": "20210503",
    "GeneralPolarity": "1",
    "Aspects": [
      {
        "Aspect": "가격",
        "SentimentText": "가격 대비 가성비 짱입니다^^",
        "SentimentWord": "4",
        "SentimentPolarity": "1"
      },
      {
        "Aspect": "편의성",
        "SentimentText": "사용하기 편리해서 너무좋습니다",
        "SentimentWord": "3",
        "SentimentPolarity": "1"
      }
    ]
  },
  {
    "Index": "4414",
    "RawText": "미숫가루 좋아하는데 타는시간이 오래걸려서 이용도로 주문했네요. 확실히 편리하긴해요.^^ 헌데 미숫가루 탄후, 간편하게 물만회오리하기엔 제대로 닦여지지않네요. 그리고 용량이 좀 더 컸음 좋겠어요.",
    "Source": "SNS",
    "Domain": "가전",
    "MainCategory": "생활/미용/욕실가전",
    "ProductName": "(위_1+1_무료체험)스키니텀블러 오토믹싱 자동쉐이커 토네이도 텀블러",
    "ReviewScore": "100",
    "Syllable": "108",
    "Word": "21",
    "RDate": "20210823",
    "GeneralPolarity": "-1",
    "Aspects": [
      {
        "Aspect": "편의성",
        "SentimentText": "타는시간이 오래걸려서 이용도로 주문했네요. 확실히 편리하긴해요.^^ ",
        "SentimentWord": "6",
        "SentimentPolarity": "1"
      },
      {
        "Aspect": "기능",
        "SentimentText": " 간편하게 물만회오리하기엔 제대로 닦여지지않네요. ",
        "SentimentWord": "4",
        "SentimentPolarity": "-1"
      },
      {
        "Aspect": "용량",
        "SentimentText": "그리고 용량이 좀 더 컸음 좋겠어요.",
        "SentimentWord": "6",
        "SentimentPolarity": "-1"
      }
    ]
  }
]