[
  {
    "Index": "4415",
    "RawText": "반품후 맞배송 빠르게 잘받았습니다.^^ 신속처리 감사합니다 무게도 이정도면 가볍네요 들기에 좋아요 OOOO 제품 처음 사용하는데 너무 간편해서 기능에 만족합니다.",
    "Source": "SNS",
    "Domain": "가전",
    "MainCategory": "생활/미용/욕실가전",
    "ProductName": "(위_1+1_무료체험)스키니텀블러 오토믹싱 자동쉐이커 토네이도 텀블러",
    "ReviewScore": "100",
    "Syllable": "90",
    "Word": "19",
    "RDate": "20210714",
    "Aspects": [
      {
        "Aspect": "무게",
        "SentimentText": "무게도 이정도면 가볍네요 들기에 좋아요",
        "SentimentWord": "5",
        "SentimentPolarity": "1"
      },
      {
        "Aspect": "기능",
        "SentimentText": "OOOO 제품 처음 사용하는데 너무 간편해서 기능에 만족합니다. ",
        "SentimentWord": "8",
        "SentimentPolarity": "1"
      }
    ]
  },
  {
    "Index": "4416",
    "RawText": "잘받앗어요 선식 먹는데 사용이 간편해서 유용하게 쓰일것같아 좋으네요 잘섞일것 같아 좋아요 용량이 너무 작지도 크지도 않고 딱이네요^^",
    "Source": "SNS",
    "Domain": "가전",
    "MainCategory": "생활/미용/욕실가전",
    "ProductName": "(위_1+1_무료체험)스키니텀블러 오토믹싱 자동쉐이커 토네이도 텀블러",
    "ReviewScore": "100",
    "Syllable": "74",
    "Word": "17",
    "RDate": "20210517",
    "GeneralPolarity": "1",
    "Aspects": [
      {
        "Aspect": "편의성",
        "SentimentText": "선식 먹는데 사용이 간편해서 유용하게 쓰일것같아 좋으네요",
        "SentimentWord": "7",
        "SentimentPolarity": "1"
      },
      {
        "Aspect": "용량",
        "SentimentText": "용량이 너무 작지도 크지도 않고 딱이네요^^",
        "SentimentWord": "6",
        "SentimentPolarity": "1"
      }
    ]
  },
  {
    "Index": "4417",
    "RawText": "잘쓸것같아요. 여행갈때  잘쓰려구요. 집에서도 우유거품내서  카푸치노   만들어 먹어요 거품도 풍성하고 성능 좋으네요^^ 디자인도 심플해서 더욱 만족합니다.",
    "Source": "SNS",
    "Domain": "가전",
    "MainCategory": "생활/미용/욕실가전",
    "ProductName": "(위_1+1_무료체험)스키니텀블러 오토믹싱 자동쉐이커 토네이도 텀블러",
    "ReviewScore": "100",
    "Syllable": "87",
    "Word": "16",
    "RDate": "20210522",
    "GeneralPolarity": "1",
    "Aspects": [
      {
        "Aspect": "기능",
        "SentimentText": "집에서도 우유거품내서  카푸치노   만들어 먹어요 거품도 풍성하고 성능 좋으네요^^",
        "SentimentWord": "9",
        "SentimentPolarity": "1"
      },
      {
        "Aspect": "디자인",
        "SentimentText": "디자인도 심플해서 더욱 만족합니다.",
        "SentimentWord": "4",
        "SentimentPolarity": "1"
      }
    ]
  },
  {
    "Index": "4418",
    "RawText": "텀블러가 하나가 작동이  전혀 안됩니다 미숫가루 쉐이킹 할 때 잘 안되서 여러번 작동을 해야 하네요 환불해주세요~ 5일주문했는데  11일배송됬고요 배송이 너무 느려요 ㅜㅜ",
    "Source": "SNS",
    "Domain": "가전",
    "MainCategory": "생활/미용/욕실가전",
    "ProductName": "(위_1+1_무료체험)스키니텀블러 오토믹싱 자동쉐이커 토네이도 텀블러",
    "ReviewScore": "40",
    "Syllable": "95",
    "Word": "22",
    "RDate": "20210511",
    "Aspects": [
      {
        "Aspect": "품질",
        "SentimentText": "텀블러가 하나가 작동이  전혀 안됩니다",
        "SentimentWord": "5",
        "SentimentPolarity": "-1"
      },
      {
        "Aspect": "기능",
        "SentimentText": "미숫가루 쉐이킹 할 때 잘 안되서 여러번 작동을 해야 하네요",
        "SentimentWord": "10",
        "SentimentPolarity": "-1"
      }
    ]
  },
  {
    "Index": "4419",
    "RawText": "TV화면에서 본것보다 용량이 작아서 실망했고,  3개을 주문했는데 3개가 따로 왔는데 포장이 너무 허술해서 기분이 좋지않았어요 제품에 기스가 나니까 눈에 확 띄어서 기분이 나쁘네요",
    "Source": "SNS",
    "Domain": "가전",
    "MainCategory": "생활/미용/욕실가전",
    "ProductName": "(위_1개)스키니텀블러 오토믹싱 자동쉐이커 토네이도 텀블러",
    "ReviewScore": "60",
    "Syllable": "100",
    "Word": "23",
    "RDate": "20210522",
    "Aspects": [
      {
        "Aspect": "용량",
        "SentimentText": "TV화면에서 본것보다 용량이 작아서 실망했고,",
        "SentimentWord": "5",
        "SentimentPolarity": "-1"
      },
      {
        "Aspect": "품질",
        "SentimentText": "제품에 기스가 나니까 눈에 확 띄어서 기분이 나쁘네요",
        "SentimentWord": "8",
        "SentimentPolarity": "-1"
      }
    ]
  },
  {
    "Index": "4420",
    "RawText": "아쉬어요 건전지가 제품구성에 없고 누르는 버튼이 튼튼하질않아 잘안되네요",
    "Source": "SNS",
    "Domain": "가전",
    "MainCategory": "생활/미용/욕실가전",
    "ProductName": "(위_직송연동_무료체험) 리빙톤 오토믹싱 텀블러 1+1",
    "ReviewScore": "50",
    "Syllable": "39",
    "Word": "8",
    "RDate": "20200904",
    "GeneralPolarity": "-1",
    "Aspects": [
      {
        "Aspect": "제품구성",
        "SentimentText": "아쉬어요 건전지가 제품구성에 없고",
        "SentimentWord": "4",
        "SentimentPolarity": "-1"
      },
      {
        "Aspect": "조작성",
        "SentimentText": "누르는 버튼이 튼튼하질않아 잘안되네요",
        "SentimentWord": "4",
        "SentimentPolarity": "-1"
      }
    ]
  },
  {
    "Index": "4421",
    "RawText": "평소 써보고 싶은 제품이라 구매했어요 제품 구성이 좋네요 음이온이 팍팍 나와서 공기의 질이 좋아지길 디자인도 심플해서 저희집 인테리어에도 한 몫 합니다.^^",
    "Source": "SNS",
    "Domain": "가전",
    "MainCategory": "생활/미용/욕실가전",
    "ProductName": "(클리어런스세일) NEW에어비타 캡슐 공기정화기",
    "ReviewScore": "60",
    "Syllable": "87",
    "Word": "21",
    "RDate": "20170627",
    "GeneralPolarity": "1",
    "Aspects": [
      {
        "Aspect": "제품구성",
        "SentimentText": "제품 구성이 좋네요",
        "SentimentWord": "3",
        "SentimentPolarity": "1"
      },
      {
        "Aspect": "디자인",
        "SentimentText": "디자인도 심플해서 저희집 인테리어에도 한 몫 합니다.^^",
        "SentimentWord": "7",
        "SentimentPolarity": "1"
      }
    ]
  },
  {
    "Index": "4422",
    "RawText": "사용하기 편리해서 잘사용하구 있어요. 면도하기에 부드럽네요.피부에 자극도 없고 너무 만족합니다.",
    "Source": "SNS",
    "Domain": "가전",
    "MainCategory": "생활/미용/욕실가전",
    "ProductName": "(특)필립스 New Skin IQ 전기면도기 (S5586/64) 스페셜 패키지",
    "ReviewScore": "100",
    "Syllable": "53",
    "Word": "10",
    "RDate": "20211117",
    "GeneralPolarity": "1",
    "Aspects": [
      {
        "Aspect": "편의성",
        "SentimentText": "사용하기 편리해서 잘사용하구 있어요.",
        "SentimentWord": "4",
        "SentimentPolarity": "1"
      },
      {
        "Aspect": "기능",
        "SentimentText": "면도하기에 부드럽네요.피부에 자극도 없고 너무 만족합니다.",
        "SentimentWord": "6",
        "SentimentPolarity": "1"
      }
    ]
  },
  {
    "Index": "4423",
    "RawText": " 칫솔진동이무슨 손이 무감각해질정도로 않좋음  음파 칫솔이라는데 너무 쎄서 잇몸이 아파 불편하네요 종이에써져있는데로 반품보냈고 내잘못도있다 반품신청안한것 택배업체 이사해서 조회가안된다고함 o쇼핑에서 내5만원 먹었음 두번다시 내평생  여기에서 물건시킬일없음 ",
    "Source": "SNS",
    "Domain": "가전",
    "MainCategory": "생활/미용/욕실가전",
    "ProductName": "(특약)스마트소닉 음파칫솔 2인세트",
    "ReviewScore": "20",
    "Syllable": "143",
    "Word": "25",
    "RDate": "20180822",
    "Aspects": [
      {
        "Aspect": "기능",
        "SentimentText": "칫솔진동이무슨 손이 무감각해질정도로 않좋음",
        "SentimentWord": "4",
        "SentimentPolarity": "-1"
      },
      {
        "Aspect": "편의성",
        "SentimentText": "음파 칫솔이라는데 너무 쎄서 잇몸이 아파 불편하네요",
        "SentimentWord": "7",
        "SentimentPolarity": "-1"
      }
    ]
  },
  {
    "Index": "4424",
    "RawText": "배송 빠르고^^ 싸게 잘 산것 같아요. 처음엔 좋은지 잘 몰겠더만 자주 써보니 제품 성능도 괜찮은것 같아요.",
    "Source": "SNS",
    "Domain": "가전",
    "MainCategory": "생활/미용/욕실가전",
    "ProductName": "(특약)스마트소닉 음파칫솔 4인세트",
    "ReviewScore": "80",
    "Syllable": "60",
    "Word": "16",
    "RDate": "20180509",
    "Aspects": [
      {
        "Aspect": "가격",
        "SentimentText": "싸게 잘 산것 같아요.",
        "SentimentWord": "4",
        "SentimentPolarity": "1"
      },
      {
        "Aspect": "기능",
        "SentimentText": "처음엔 좋은지 잘 몰겠더만 자주 써보니 제품 성능도 괜찮은것 같아요.",
        "SentimentWord": "10",
        "SentimentPolarity": "1"
      }
    ]
  },
  {
    "Index": "4425",
    "RawText": "디자인이 귀여워요^^ 처처음에 고장난 제품이 왓엇지만 그래도 잘 해결되었어요",
    "Source": "SNS",
    "Domain": "가전",
    "MainCategory": "생활/미용/욕실가전",
    "ProductName": "*모그원 휴대용 모기퇴치기 모그원i TR-400",
    "ReviewScore": "100",
    "Syllable": "42",
    "Word": "9",
    "RDate": "20210808",
    "Aspects": [
      {
        "Aspect": "디자인",
        "SentimentText": "디자인이 귀여워요^^",
        "SentimentWord": "2",
        "SentimentPolarity": "1"
      },
      {
        "Aspect": "품질",
        "SentimentText": "처음에 고장난 제품이 왓엇지만 그래도 잘 해결되었어요",
        "SentimentWord": "7",
        "SentimentPolarity": "1"
      }
    ]
  },
  {
    "Index": "4426",
    "RawText": "심플한 디자인 마음에 듭니다.  무게도 가볍고 기능 좋습니다.  트랩모드는 효과가 없는거 같아요",
    "Source": "SNS",
    "Domain": "가전",
    "MainCategory": "생활/미용/욕실가전",
    "ProductName": "*아이리버 충전식 전기모기채 IMK-4000T",
    "ReviewScore": "80",
    "Syllable": "53",
    "Word": "12",
    "RDate": "20210805",
    "GeneralPolarity": "0",
    "Aspects": [
      {
        "Aspect": "디자인",
        "SentimentText": "심플한 디자인 마음에 듭니다. ",
        "SentimentWord": "4",
        "SentimentPolarity": "1"
      },
      {
        "Aspect": "무게",
        "SentimentText": "무게도 가볍고 기능 좋습니다. ",
        "SentimentWord": "4",
        "SentimentPolarity": "1"
      },
      {
        "Aspect": "기능",
        "SentimentText": "기능 좋습니다. ",
        "SentimentWord": "2",
        "SentimentPolarity": "1"
      },
      {
        "Aspect": "기능",
        "SentimentText": "트랩모드는 효과가 없는거 같아요",
        "SentimentWord": "4",
        "SentimentPolarity": "-1"
      }
    ]
  },
  {
    "Index": "4427",
    "RawText": "처음 사자마자 바로 계속 전기가 튀고 고장이 났었는데 어느순간 고쳐졌네요. 다행히 현재는 기능을 잘합니다.  느리거나 붙어있는 벌레는 잘 잡힙니다. 100프로 만족할 순 없지만 편리하긴 하네요.",
    "Source": "SNS",
    "Domain": "가전",
    "MainCategory": "생활/미용/욕실가전",
    "ProductName": "*아이리버 충전식 전기모기채 IMK-4000T",
    "ReviewScore": "80",
    "Syllable": "108",
    "Word": "25",
    "RDate": "20210826",
    "GeneralPolarity": "0",
    "Aspects": [
      {
        "Aspect": "기능",
        "SentimentText": "처음 사자마자 바로 계속 전기가 튀고 고장이 났었는데 어느순간 고쳐졌네요. 다행히 현재는 기능을 잘합니다. ",
        "SentimentWord": "14",
        "SentimentPolarity": "0"
      },
      {
        "Aspect": "편의성",
        "SentimentText": "100프로 만족할 순 없지만 편리하긴 하네요.",
        "SentimentWord": "6",
        "SentimentPolarity": "0"
      }
    ]
  },
  {
    "Index": "4428",
    "RawText": "센서작동도잘되어서 만족합니다. 손에음식물이묻어있어도쓰레기를감지해서열려서버릴수있어서 너무간편해요 재구매할것같아요",
    "Source": "SNS",
    "Domain": "가전",
    "MainCategory": "생활/미용/욕실가전",
    "ProductName": "*에코너 자동 센서 쓰레기통 econer-W1",
    "ReviewScore": "100",
    "Syllable": "61",
    "Word": "5",
    "RDate": "20210514",
    "GeneralPolarity": "1",
    "Aspects": [
      {
        "Aspect": "기능",
        "SentimentText": "센서작동도잘되어서 만족합니다. ",
        "SentimentWord": "2",
        "SentimentPolarity": "1"
      },
      {
        "Aspect": "편의성",
        "SentimentText": "손에음식물이묻어있어도쓰레기를감지해서열려서버릴수있어서 너무간편해요 재구매할것같아요",
        "SentimentWord": "3",
        "SentimentPolarity": "1"
      }
    ]
  },
  {
    "Index": "4429",
    "RawText": "아들한테 사줬는데 넘넘 잘깎인다고 좋아하네요,  세척도 잘된다며 좋아하네요",
    "Source": "SNS",
    "Domain": "가전",
    "MainCategory": "생활/미용/욕실가전",
    "ProductName": "[2만원세일]필립스면도기_SkinIQ S5584+클렌징팟+새정액7개+스티머+코털정리기",
    "ReviewScore": "100",
    "Syllable": "41",
    "Word": "8",
    "RDate": "20210823",
    "GeneralPolarity": "1",
    "Aspects": [
      {
        "Aspect": "기능",
        "SentimentText": "아들한테 사줬는데 넘넘 잘깎인다고 좋아하네요,",
        "SentimentWord": "5",
        "SentimentPolarity": "1"
      },
      {
        "Aspect": "편의성",
        "SentimentText": "세척도 잘된다며 좋아하네요",
        "SentimentWord": "3",
        "SentimentPolarity": "1"
      }
    ]
  },
  {
    "Index": "4430",
    "RawText": "면도날이 피부따라 부드럽게 잘 깎입니다. 소독기능 완전 믿음이 가요",
    "Source": "SNS",
    "Domain": "가전",
    "MainCategory": "생활/미용/욕실가전",
    "ProductName": "[2만원세일+무료체험]필립스SkinIQ S5584+클렌징팟+새정액7개+스티머+코털",
    "ReviewScore": "100",
    "Syllable": "37",
    "Word": "9",
    "RDate": "20210818",
    "GeneralPolarity": "1",
    "Aspects": [
      {
        "Aspect": "기능",
        "SentimentText": "면도날이 피부따라 부드럽게 잘 깎입니다. ",
        "SentimentWord": "5",
        "SentimentPolarity": "1"
      },
      {
        "Aspect": "기능",
        "SentimentText": "소독기능 완전 믿음이 가요",
        "SentimentWord": "4",
        "SentimentPolarity": "1"
      }
    ]
  },
  {
    "Index": "4431",
    "RawText": "남편 선물로 큰맘먹고 장만했는데 너무 맘에든다네요~ 몇년 전에 ooo면도기사주고 이제 너무 오래된 것 같아 바꿔줄까 생각하던 참에 새로운게 나왔다고해서 선물했어요. 예전꺼보다 훨씬 성능이 좋다고하네요~~ 잘쓰겠습니다~  코털정리기까지 제품구성에 넣어 주셔서 아주 유용하게 사용할 것 같아요.",
    "Source": "SNS",
    "Domain": "가전",
    "MainCategory": "생활/미용/욕실가전",
    "ProductName": "[NEW]필립스면도기_SkinIQ S5584+클렌징팟+새정액7개+코털정리기",
    "ReviewScore": "100",
    "Syllable": "162",
    "Word": "34",
    "RDate": "20201111",
    "GeneralPolarity": "1",
    "Aspects": [
      {
        "Aspect": "기능",
        "SentimentText": " 예전꺼보다 훨씬 성능이 좋다고하네요~~ 잘쓰겠습니다~",
        "SentimentWord": "5",
        "SentimentPolarity": "1"
      },
      {
        "Aspect": "제품구성",
        "SentimentText": "코털정리기까지 제품구성에 넣어 주셔서 아주 유용하게 사용할 것 같아요.",
        "SentimentWord": "9",
        "SentimentPolarity": "1"
      }
    ]
  },
  {
    "Index": "4432",
    "RawText": "음..너무 별로예요. 제품 줄도 짧아서 사이즈가 왜 이런건지, 외관도 허접..과연? 의구심 드네요..에휴 배송도 아주 느렸어요. ㅜ",
    "Source": "SNS",
    "Domain": "가전",
    "MainCategory": "생활/미용/욕실가전",
    "ProductName": "[SBA_1][대웅생명과학]헬스온 노벅스 해충퇴치기 싱글구성(본체1개+아답터)",
    "ReviewScore": "50",
    "Syllable": "73",
    "Word": "16",
    "RDate": "20210728",
    "Aspects": [
      {
        "Aspect": "사이즈",
        "SentimentText": "제품 줄도 짧아서 사이즈가 왜 이런건지",
        "SentimentWord": "6",
        "SentimentPolarity": "-1"
      },
      {
        "Aspect": "디자인",
        "SentimentText": "외관도 허접..과연? 의구심 드네요..에휴",
        "SentimentWord": "4",
        "SentimentPolarity": "-1"
      }
    ]
  },
  {
    "Index": "4433",
    "RawText": "너무하네요 한마리두 안잡히고 모기 잔뜩 물렷어요 짜증납니다 괜히 2세트삿는데 돈버렷네요 ㅠ 성능에 너무 실망해서 반품하고 싶어요.",
    "Source": "SNS",
    "Domain": "가전",
    "MainCategory": "생활/미용/욕실가전",
    "ProductName": "[SBA_2][대웅생명과학]헬스온 노벅스 해충퇴치기 더블구성(본체2개+아답터)",
    "ReviewScore": "30",
    "Syllable": "72",
    "Word": "16",
    "RDate": "20210811",
    "GeneralPolarity": "-1",
    "Aspects": [
      {
        "Aspect": "기능",
        "SentimentText": "너무하네요 한마리두 안잡히고 모기 잔뜩 물렷어요",
        "SentimentWord": "6",
        "SentimentPolarity": "-1"
      },
      {
        "Aspect": "기능",
        "SentimentText": "성능에 너무 실망해서 반품하고 싶어요.",
        "SentimentWord": "5",
        "SentimentPolarity": "-1"
      }
    ]
  },
  {
    "Index": "4434",
    "RawText": "2주넘게 사용했었는데 효과 하나도 없네요 여전히 초파리 날라다니고 모기 득실~~ 별 한개도 아까움 이런 품질의 제품을 만들다니 실망 가득합니다.",
    "Source": "SNS",
    "Domain": "가전",
    "MainCategory": "생활/미용/욕실가전",
    "ProductName": "[SBA_3][대웅생명과학]헬스온 노벅스 해충퇴치기 패밀리구성(본체3개+아답터)",
    "ReviewScore": "20",
    "Syllable": "80",
    "Word": "19",
    "RDate": "20210803",
    "GeneralPolarity": "-1",
    "Aspects": [
      {
        "Aspect": "기능",
        "SentimentText": "2주넘게 사용했었는데 효과 하나도 없네요 여전히 초파리 날라다니고 모기 득실~~",
        "SentimentWord": "10",
        "SentimentPolarity": "-1"
      },
      {
        "Aspect": "품질",
        "SentimentText": "이런 품질의 제품을 만들다니 실망 가득합니다. ",
        "SentimentWord": "6",
        "SentimentPolarity": "-1"
      }
    ]
  },
  {
    "Index": "4435",
    "RawText": "디자인은 너무 이뻐요~^^  모기외 날파리가 별로 없어서  다행이지만~효과를 잘 모르겠어요 ㅠㅠ",
    "Source": "SNS",
    "Domain": "가전",
    "MainCategory": "생활/미용/욕실가전",
    "ProductName": "[SBA_3][대웅생명과학]헬스온 노벅스 해충퇴치기 패밀리구성(본체3개+아답터)",
    "ReviewScore": "40",
    "Syllable": "53",
    "Word": "11",
    "RDate": "20210906",
    "GeneralPolarity": "0",
    "Aspects": [
      {
        "Aspect": "디자인",
        "SentimentText": "디자인은 너무 이뻐요~^^ ",
        "SentimentWord": "3",
        "SentimentPolarity": "1"
      },
      {
        "Aspect": "기능",
        "SentimentText": "모기외 날파리가 별로 없어서  다행이지만~효과를 잘 모르겠어요 ㅠㅠ",
        "SentimentWord": "8",
        "SentimentPolarity": "-1"
      }
    ]
  },
  {
    "Index": "4436",
    "RawText": "우와 이런 쓰레기를 파시면 안되죠 모기한마리도 못잡네요 애들때문에 샀는데 바람으로 잡는건 무리입니다. 절대 사지마세요. 완전 비추입니다. 돈아까워요. 별 반개도 화가나는 제품",
    "Source": "SNS",
    "Domain": "가전",
    "MainCategory": "생활/미용/욕실가전",
    "ProductName": "[SBA_3][대웅생명과학]헬스온 노벅스 해충퇴치기 패밀리구성(본체3개+아답터)",
    "ReviewScore": "10",
    "Syllable": "97",
    "Word": "21",
    "RDate": "20210812",
    "GeneralPolarity": "-1",
    "Aspects": [
      {
        "Aspect": "기능",
        "SentimentText": "우와 이런 쓰레기를 파시면 안되죠 모기한마리도 못잡네요",
        "SentimentWord": "7",
        "SentimentPolarity": "-1"
      },
      {
        "Aspect": "품질",
        "SentimentText": "애들때문에 샀는데 바람으로 잡는건 무리입니다. 절대 사지마세요. 완전 비추입니다.",
        "SentimentWord": "9",
        "SentimentPolarity": "-1"
      }
    ]
  },
  {
    "Index": "4437",
    "RawText": "이 제품 모기 퇴치가 되는거 맞나요? 구입후 계속 사용하는데 전혀 모기나 날파리가 있는데 잡히지가 않네요. 이놈에 모기에 물리지 않으려고 구입했는데 전혀 반응이 업네요. 소리가 나서 분명 작동을 하는데 이거 문제 있는거 아닌가요",
    "Source": "SNS",
    "Domain": "가전",
    "MainCategory": "생활/미용/욕실가전",
    "ProductName": "[SBA_3][대웅생명과학]헬스온 노벅스 해충퇴치기 패밀리구성(본체3개+아답터)",
    "ReviewScore": "10",
    "Syllable": "127",
    "Word": "32",
    "RDate": "20210819",
    "GeneralPolarity": "-1",
    "Aspects": [
      {
        "Aspect": "기능",
        "SentimentText": "이 제품 모기 퇴치가 되는거 맞나요? 구입후 계속 사용하는데 전혀 모기나 날파리가 있는데 잡히지가 않네요. ",
        "SentimentWord": "15",
        "SentimentPolarity": "-1"
      },
      {
        "Aspect": "품질",
        "SentimentText": "이놈에 모기에 물리지 않으려고 구입했는데 전혀 반응이 업네요. 소리가 나서 분명 작동을 하는데 이거 문제 있는거 아닌가요",
        "SentimentWord": "17",
        "SentimentPolarity": "-1"
      }
    ]
  },
  {
    "Index": "4438",
    "RawText": "파리 모기는 잡히지도 않고 실망입니다.  3개구매를 했음 연결하는 선도 개수에 맞게 주셔야죠. 아쉽네요",
    "Source": "SNS",
    "Domain": "가전",
    "MainCategory": "생활/미용/욕실가전",
    "ProductName": "[SBA_3][대웅생명과학]헬스온 노벅스 해충퇴치기 패밀리구성(본체3개+아답터)",
    "ReviewScore": "10",
    "Syllable": "57",
    "Word": "13",
    "RDate": "20210813",
    "GeneralPolarity": "-1",
    "Aspects": [
      {
        "Aspect": "기능",
        "SentimentText": "파리 모기는 잡히지도 않고 실망입니다.",
        "SentimentWord": "5",
        "SentimentPolarity": "-1"
      },
      {
        "Aspect": "제품구성",
        "SentimentText": " 3개구매를 했음 연결하는 선도 개수에 맞게 주셔야죠. 아쉽네요",
        "SentimentWord": "8",
        "SentimentPolarity": "-1"
      }
    ]
  },
  {
    "Index": "4439",
    "RawText": "초파리 때문에  3개 구매 했는데  한마리도 안잡혀요 돈이 아까워 - 주변에서 구입한다고 하면 말릴꺼에요. 이런 품질의 제품 판매하지 마세요.",
    "Source": "SNS",
    "Domain": "가전",
    "MainCategory": "생활/미용/욕실가전",
    "ProductName": "[SBA_3][대웅생명과학]헬스온 노벅스 해충퇴치기 패밀리구성(본체3개+아답터)",
    "ReviewScore": "20",
    "Syllable": "79",
    "Word": "19",
    "RDate": "20210727",
    "GeneralPolarity": "-1",
    "Aspects": [
      {
        "Aspect": "기능",
        "SentimentText": "초파리 때문에  3개 구매 했는데  한마리도 안잡혀요 돈이 아까워 -",
        "SentimentWord": "10",
        "SentimentPolarity": "-1"
      },
      {
        "Aspect": "품질",
        "SentimentText": "주변에서 구입한다고 하면 말릴꺼에요. 이런 품질의 제품 판매하지 마세요.",
        "SentimentWord": "9",
        "SentimentPolarity": "-1"
      }
    ]
  },
  {
    "Index": "4440",
    "RawText": "해충을 없애려고 구매했는데 성능은 꽝이네요. 디자인만 심플해서 인테리어로도 만족합니다  ",
    "Source": "SNS",
    "Domain": "가전",
    "MainCategory": "생활/미용/욕실가전",
    "ProductName": "[SBA_3][대웅생명과학]헬스온 노벅스 해충퇴치기 패밀리구성(본체3개+아답터)",
    "ReviewScore": "100",
    "Syllable": "49",
    "Word": "9",
    "RDate": "20210819",
    "GeneralPolarity": "0",
    "Aspects": [
      {
        "Aspect": "기능",
        "SentimentText": "해충을 없애려고 구매했는데 성능은 꽝이네요.",
        "SentimentWord": "5",
        "SentimentPolarity": "-1"
      },
      {
        "Aspect": "디자인",
        "SentimentText": "디자인만 심플해서 인테리어로도 만족합니다 ",
        "SentimentWord": "4",
        "SentimentPolarity": "1"
      }
    ]
  },
  {
    "Index": "4441",
    "RawText": "잘사용 하고 있네요 사용하기 편리하고 청소도 하기편해서 만족합니다 일주일 사용해보니 눈도 편안하고 효과가 있습니다.",
    "Source": "SNS",
    "Domain": "가전",
    "MainCategory": "생활/미용/욕실가전",
    "ProductName": "[VAIMAR] 바이마르 스마트 에어 힐링 눈마시지기 VMK-21A10D010",
    "ReviewScore": "100",
    "Syllable": "64",
    "Word": "14",
    "RDate": "20211020",
    "GeneralPolarity": "1",
    "Aspects": [
      {
        "Aspect": "편의성",
        "SentimentText": " 사용하기 편리하고 청소도 하기편해서 만족합니다",
        "SentimentWord": "5",
        "SentimentPolarity": "1"
      },
      {
        "Aspect": "품질",
        "SentimentText": "일주일 사용해보니 눈도 편안하고 효과가 있습니다. ",
        "SentimentWord": "6",
        "SentimentPolarity": "1"
      }
    ]
  },
  {
    "Index": "4442",
    "RawText": "가볍고측정하기가넘편해서사용하는데아주좋습니다.",
    "Source": "SNS",
    "Domain": "가전",
    "MainCategory": "생활/미용/욕실가전",
    "ProductName": "[겐지아] 스마트 바디 체크 체중계/스마트폰 연동/12가지 항목 체크",
    "ReviewScore": "100",
    "Syllable": "24",
    "Word": "1",
    "RDate": "20220213",
    "GeneralPolarity": "1",
    "Aspects": [
      {
        "Aspect": "무게",
        "SentimentText": "가볍고측정하기가넘편해서사용하는데아주좋습니다.",
        "SentimentWord": "1",
        "SentimentPolarity": "1"
      },
      {
        "Aspect": "편의성",
        "SentimentText": "측정하기가넘편해서사용하는데아주좋습니다.",
        "SentimentWord": "1",
        "SentimentPolarity": "1"
      }
    ]
  },
  {
    "Index": "4443",
    "RawText": "그냥 한번 구매해 봤는데 꽤 요긴한 기능이 많네요 스마트폰이랑 연동해서 편하네요 잘 관리해 볼께요",
    "Source": "SNS",
    "Domain": "가전",
    "MainCategory": "생활/미용/욕실가전",
    "ProductName": "[겐지아] 스마트 바디 체크 체중계/스마트폰 연동/12가지 항목 체크",
    "ReviewScore": "100",
    "Syllable": "54",
    "Word": "14",
    "RDate": "20220302",
    "GeneralPolarity": "1",
    "Aspects": [
      {
        "Aspect": "기능",
        "SentimentText": "꽤 요긴한 기능이 많네요",
        "SentimentWord": "4",
        "SentimentPolarity": "1"
      },
      {
        "Aspect": "편의성",
        "SentimentText": "스마트폰이랑 연동해서 편하네요",
        "SentimentWord": "3",
        "SentimentPolarity": "1"
      }
    ]
  },
  {
    "Index": "4444",
    "RawText": "사용편리함. 추천함. 싸게샀음. 강추.",
    "Source": "SNS",
    "Domain": "가전",
    "MainCategory": "생활/미용/욕실가전",
    "ProductName": "[겐지아] 스마트 바디 체크 체중계/스마트폰 연동/12가지 항목 체크",
    "ReviewScore": "100",
    "Syllable": "21",
    "Word": "4",
    "RDate": "20220117",
    "GeneralPolarity": "1",
    "Aspects": [
      {
        "Aspect": "편의성",
        "SentimentText": "사용편리함. 추천함.",
        "SentimentWord": "2",
        "SentimentPolarity": "1"
      },
      {
        "Aspect": "가격",
        "SentimentText": "싸게샀음. 강추.",
        "SentimentWord": "2",
        "SentimentPolarity": "1"
      }
    ]
  },
  {
    "Index": "4445",
    "RawText": "작동 잘하는거 같아요 정확도는 잘 모르겠네요. 앱과 연동은 잘됩니다.",
    "Source": "SNS",
    "Domain": "가전",
    "MainCategory": "생활/미용/욕실가전",
    "ProductName": "[겐지아] 스마트 바디 체크 체중계/스마트폰 연동/12가지 항목 체크",
    "ReviewScore": "100",
    "Syllable": "38",
    "Word": "9",
    "RDate": "20220116",
    "GeneralPolarity": "1",
    "Aspects": [
      {
        "Aspect": "기능",
        "SentimentText": "작동 잘하는거 같아요",
        "SentimentWord": "3",
        "SentimentPolarity": "1"
      },
      {
        "Aspect": "조작성",
        "SentimentText": "앱과 연동은 잘됩니다.",
        "SentimentWord": "3",
        "SentimentPolarity": "1"
      }
    ]
  },
  {
    "Index": "4446",
    "RawText": "디자인은 좋은데, 초파리. 모기. 안 잡혀요. 주방에 날아 다녀서 설치 했는데 소용이 없어요. 속상해요.",
    "Source": "SNS",
    "Domain": "가전",
    "MainCategory": "생활/미용/욕실가전",
    "ProductName": "[대웅생명과학] 헬스온 노벅스 해충 퇴치기 1+1+1(충전아답터 추가구성)",
    "ReviewScore": "10",
    "Syllable": "58",
    "Word": "14",
    "RDate": "20210716",
    "GeneralPolarity": "-1",
    "Aspects": [
      {
        "Aspect": "디자인",
        "SentimentText": "디자인은 좋은데,",
        "SentimentWord": "2",
        "SentimentPolarity": "1"
      },
      {
        "Aspect": "기능",
        "SentimentText": "초파리. 모기. 안 잡혀요. 주방에 날아 다녀서 설치 했는데 소용이 없어요. 속상해요.",
        "SentimentWord": "12",
        "SentimentPolarity": "-1"
      }
    ]
  },
  {
    "Index": "4447",
    "RawText": "가벼워서 좋고 디자인이 이쁘고^^ 저렴해서 또 좋고 앙증 맞아요^^ 저렴하게 넘 잘 구입했어요. 이제 벌레들과의  전쟁 끝입니다.",
    "Source": "SNS",
    "Domain": "가전",
    "MainCategory": "생활/미용/욕실가전",
    "ProductName": "[대웅생명과학] 헬스온 노벅스 해충 퇴치기1+1 (충전아답터 추가구성)",
    "ReviewScore": "100",
    "Syllable": "72",
    "Word": "17",
    "RDate": "20210806",
    "GeneralPolarity": "1",
    "Aspects": [
      {
        "Aspect": "무게",
        "SentimentText": "가벼워서 좋고 ",
        "SentimentWord": "2",
        "SentimentPolarity": "1"
      },
      {
        "Aspect": "디자인",
        "SentimentText": "디자인이 이쁘고^^",
        "SentimentWord": "2",
        "SentimentPolarity": "1"
      },
      {
        "Aspect": "가격",
        "SentimentText": "저렴해서 또 좋고",
        "SentimentWord": "3",
        "SentimentPolarity": "1"
      },
      {
        "Aspect": "사이즈",
        "SentimentText": "앙증 맞아요^^",
        "SentimentWord": "2",
        "SentimentPolarity": "1"
      },
      {
        "Aspect": "가격",
        "SentimentText": "저렴하게 넘 잘 구입했어요.",
        "SentimentWord": "4",
        "SentimentPolarity": "1"
      }
    ]
  },
  {
    "Index": "4448",
    "RawText": "디자인도 이쁘고소리도 조용하고  그런데 모기  잡기가 힘드네요~",
    "Source": "SNS",
    "Domain": "가전",
    "MainCategory": "생활/미용/욕실가전",
    "ProductName": "[대웅생명과학] 헬스온 노벅스 해충 퇴치기1+1 (충전아답터 추가구성)",
    "ReviewScore": "100",
    "Syllable": "35",
    "Word": "7",
    "RDate": "20211117",
    "GeneralPolarity": "0",
    "Aspects": [
      {
        "Aspect": "디자인",
        "SentimentText": "디자인도 이쁘고",
        "SentimentWord": "2",
        "SentimentPolarity": "1"
      },
      {
        "Aspect": "소음",
        "SentimentText": "소리도 조용하고",
        "SentimentWord": "2",
        "SentimentPolarity": "1"
      },
      {
        "Aspect": "기능",
        "SentimentText": "모기  잡기가 힘드네요~",
        "SentimentWord": "3",
        "SentimentPolarity": "-1"
      }
    ]
  },
  {
    "Index": "4449",
    "RawText": "상품평 읽고 살걸 후회스럽네요 품질별로에요 모기 날파리 하나도 안잡힙니다",
    "Source": "SNS",
    "Domain": "가전",
    "MainCategory": "생활/미용/욕실가전",
    "ProductName": "[대웅생명과학] 헬스온 노벅스 해충 퇴치기1+1 (충전아답터 추가구성)",
    "ReviewScore": "10",
    "Syllable": "40",
    "Word": "9",
    "RDate": "20211005",
    "GeneralPolarity": "-1",
    "Aspects": [
      {
        "Aspect": "품질",
        "SentimentText": "상품평 읽고 살걸 후회스럽네요 품질별로에요",
        "SentimentWord": "5",
        "SentimentPolarity": "-1"
      },
      {
        "Aspect": "기능",
        "SentimentText": "모기 날파리 하나도 안잡힙니다",
        "SentimentWord": "4",
        "SentimentPolarity": "-1"
      }
    ]
  },
  {
    "Index": "4450",
    "RawText": "요사이 모기도 있고 가격도 세일하고 해서 구입했어요 약간의 소음은 있지만 거슬릴 정도는 아니고 성능은 시험중이예요.",
    "Source": "SNS",
    "Domain": "가전",
    "MainCategory": "생활/미용/욕실가전",
    "ProductName": "[대웅생명과학] 헬스온 노벅스 해충 퇴치기1+1 (충전아답터 추가구성)",
    "ReviewScore": "100",
    "Syllable": "64",
    "Word": "15",
    "RDate": "20210910",
    "GeneralPolarity": "0",
    "Aspects": [
      {
        "Aspect": "가격",
        "SentimentText": "가격도 세일하고 해서 구입했어요 ",
        "SentimentWord": "4",
        "SentimentPolarity": "1"
      },
      {
        "Aspect": "소음",
        "SentimentText": "약간의 소음은 있지만 거슬릴 정도는 아니고",
        "SentimentWord": "6",
        "SentimentPolarity": "0"
      }
    ]
  },
  {
    "Index": "4451",
    "RawText": "충전헤드가 하나라는게 좀 아쉽지만 불빛만으로 모기잡는다는게 간편해서 좋네요~~밝은곳에도 LED빛이강해서 모기를끌어들일수있을꺼같아요~~좀 써보고 괜찮으면 추가 구입할께요~~^^",
    "Source": "SNS",
    "Domain": "가전",
    "MainCategory": "생활/미용/욕실가전",
    "ProductName": "[대웅생명과학] 헬스온 노벅스 해충 퇴치기1+1 (충전아답터 추가구성)",
    "ReviewScore": "100",
    "Syllable": "97",
    "Word": "14",
    "RDate": "20210806",
    "GeneralPolarity": "1",
    "Aspects": [
      {
        "Aspect": "제품구성",
        "SentimentText": "충전헤드가 하나라는게 좀 아쉽지만",
        "SentimentWord": "4",
        "SentimentPolarity": "-1"
      },
      {
        "Aspect": "편의성",
        "SentimentText": "불빛만으로 모기잡는다는게 간편해서 좋네요~~",
        "SentimentWord": "4",
        "SentimentPolarity": "1"
      },
      {
        "Aspect": "기능",
        "SentimentText": "밝은곳에도 LED빛이강해서 모기를끌어들일수있을꺼같아요~~",
        "SentimentWord": "3",
        "SentimentPolarity": "1"
      }
    ]
  },
  {
    "Index": "4452",
    "RawText": "디자인깨끗하고 단순 깔끔한 형태로 굿이예요 잘쓸게요",
    "Source": "SNS",
    "Domain": "가전",
    "MainCategory": "생활/미용/욕실가전",
    "ProductName": "[대웅생명과학] 헬스온 노벅스 해충퇴치기+아답터",
    "ReviewScore": "100",
    "Syllable": "28",
    "Word": "6",
    "RDate": "20210828",
    "GeneralPolarity": "1",
    "Aspects": [
      {
        "Aspect": "디자인",
        "SentimentText": "디자인깨끗하고",
        "SentimentWord": "1",
        "SentimentPolarity": "1"
      },
      {
        "Aspect": "디자인",
        "SentimentText": "단순 깔끔한 형태로 굿이예요",
        "SentimentWord": "4",
        "SentimentPolarity": "1"
      }
    ]
  },
  {
    "Index": "4453",
    "RawText": "사용해보니 모기향 냄새 안나서 좋아요. 완벽하게 퇴치 가능한것같아 구입. 잘사용하고 있어요.",
    "Source": "SNS",
    "Domain": "가전",
    "MainCategory": "생활/미용/욕실가전",
    "ProductName": "[대웅생명과학] 헬스온 노벅스 해충퇴치기+아답터",
    "ReviewScore": "100",
    "Syllable": "51",
    "Word": "11",
    "RDate": "20210902",
    "GeneralPolarity": "1",
    "Aspects": [
      {
        "Aspect": "품질",
        "SentimentText": "사용해보니 모기향 냄새 안나서 좋아요.",
        "SentimentWord": "5",
        "SentimentPolarity": "1"
      },
      {
        "Aspect": "기능",
        "SentimentText": "완벽하게 퇴치 가능한것같아 구입. 잘사용하고 있어요.",
        "SentimentWord": "6",
        "SentimentPolarity": "1"
      }
    ]
  },
  {
    "Index": "4454",
    "RawText": "방에 두고서 오늘 한번 써보려고 콘센트 연결했는데 안에서 팬이 돌다가 헛 돌길래 뒤집어 봤더니 이 상태에요. 배송중에 깨졌다기엔 나사 풀러보니 팬도 부러져있고요. 박스를 버려서 환불도 못하네요. 참고하세요.",
    "Source": "SNS",
    "Domain": "가전",
    "MainCategory": "생활/미용/욕실가전",
    "ProductName": "[대웅생명과학] 헬스온 노벅스 해충퇴치기+아답터",
    "ReviewScore": "10",
    "Syllable": "115",
    "Word": "27",
    "RDate": "20211007",
    "Aspects": [
      {
        "Aspect": "내구성",
        "SentimentText": "팬이 돌다가 헛 돌길래 뒤집어 봤더니 이 상태에요. ",
        "SentimentWord": "8",
        "SentimentPolarity": "-1"
      },
      {
        "Aspect": "품질",
        "SentimentText": "배송중에 깨졌다기엔 나사 풀러보니 팬도 부러져있고요. ",
        "SentimentWord": "6",
        "SentimentPolarity": "-1"
      }
    ]
  },
  {
    "Index": "4455",
    "RawText": "배송은 빠르고 만족합니다. 휴대성이 좋아 편리하네요~ 하루 써봤는데 해충은 오는지 안오는지 모르겠구  날파리는  잘 안잡혀요 좀더 써봐야 할듯해요",
    "Source": "SNS",
    "Domain": "가전",
    "MainCategory": "생활/미용/욕실가전",
    "ProductName": "[대웅생명과학] 헬스온 노벅스 해충퇴치기+아답터",
    "ReviewScore": "80",
    "Syllable": "81",
    "Word": "18",
    "RDate": "20210624",
    "Aspects": [
      {
        "Aspect": "편의성",
        "SentimentText": "휴대성이 좋아 편리하네요~",
        "SentimentWord": "3",
        "SentimentPolarity": "1"
      },
      {
        "Aspect": "기능",
        "SentimentText": "하루 써봤는데 해충은 오는지 안오는지 모르겠구  날파리는  잘 안잡혀요 좀더 써봐야 할듯해요",
        "SentimentWord": "12",
        "SentimentPolarity": "-1"
      }
    ]
  },
  {
    "Index": "4456",
    "RawText": "빠른 배송 감사합니다.  led 빛이 강해서 밤에 수면 취하기 힘드네요 생각보다 가벼워서 좋네요  캠핑할때 사용하려고 주문했는데 잘 사용했으면 합니다.....^^;;",
    "Source": "SNS",
    "Domain": "가전",
    "MainCategory": "생활/미용/욕실가전",
    "ProductName": "[대웅생명과학] 헬스온 노벅스 해충퇴치기+아답터",
    "ReviewScore": "80",
    "Syllable": "92",
    "Word": "19",
    "RDate": "20211014",
    "Aspects": [
      {
        "Aspect": "편의성",
        "SentimentText": "led 빛이 강해서 밤에 수면 취하기 힘드네요",
        "SentimentWord": "7",
        "SentimentPolarity": "-1"
      },
      {
        "Aspect": "무게",
        "SentimentText": "생각보다 가벼워서 좋네요 ",
        "SentimentWord": "3",
        "SentimentPolarity": "1"
      }
    ]
  },
  {
    "Index": "4457",
    "RawText": "빠른배송은 마음에 듭니다. 근데 상품은 불량이 왔어 불쾌합니다  제품박스에  포장을 그냥검정 비닐봉투에 담아 보내서인지  안에 날개가 고정되어 있지 않아요 뽁뽁이라도  감아서 보내주시지 너무 성의없네요   ",
    "Source": "SNS",
    "Domain": "가전",
    "MainCategory": "생활/미용/욕실가전",
    "ProductName": "[대웅생명과학] 헬스온 노벅스 해충퇴치기+아답터",
    "ReviewScore": "10",
    "Syllable": "115",
    "Word": "24",
    "RDate": "20210618",
    "Aspects": [
      {
        "Aspect": "품질",
        "SentimentText": "상품은 불량이 왔어 불쾌합니다",
        "SentimentWord": "4",
        "SentimentPolarity": "-1"
      },
      {
        "Aspect": "내구성",
        "SentimentText": "안에 날개가 고정되어 있지 않아요",
        "SentimentWord": "5",
        "SentimentPolarity": "-1"
      }
    ]
  },
  {
    "Index": "4458",
    "RawText": "상품이 다소 크기가 있습니다. 모서리등 마무리 작업이 다소 미흡합니다. 소음은 적어서 좋습니다. ",
    "Source": "SNS",
    "Domain": "가전",
    "MainCategory": "생활/미용/욕실가전",
    "ProductName": "[대웅생명과학] 헬스온 노벅스 해충퇴치기+아답터",
    "ReviewScore": "80",
    "Syllable": "54",
    "Word": "12",
    "RDate": "20210831",
    "GeneralPolarity": "0",
    "Aspects": [
      {
        "Aspect": "사이즈",
        "SentimentText": "상품이 다소 크기가 있습니다.",
        "SentimentWord": "4",
        "SentimentPolarity": "0"
      },
      {
        "Aspect": "품질",
        "SentimentText": "모서리등 마무리 작업이 다소 미흡합니다.",
        "SentimentWord": "5",
        "SentimentPolarity": "-1"
      },
      {
        "Aspect": "소음",
        "SentimentText": "소음은 적어서 좋습니다.",
        "SentimentWord": "3",
        "SentimentPolarity": "1"
      }
    ]
  },
  {
    "Index": "4459",
    "RawText": "처음 배송된 것은 품질이 문제가 있었지만  기능도 그닥 잘 잡혀서 실망스럽네요 교환품은 잘 수령함.",
    "Source": "SNS",
    "Domain": "가전",
    "MainCategory": "생활/미용/욕실가전",
    "ProductName": "[대웅생명과학] 헬스온 노벅스 해충퇴치기+아답터",
    "ReviewScore": "80",
    "Syllable": "55",
    "Word": "14",
    "RDate": "20220215",
    "Aspects": [
      {
        "Aspect": "품질",
        "SentimentText": "품질이 문제가 있었지만",
        "SentimentWord": "3",
        "SentimentPolarity": "-1"
      },
      {
        "Aspect": "기능",
        "SentimentText": "기능도 그닥 잘 잡혀서 실망스럽네요",
        "SentimentWord": "5",
        "SentimentPolarity": "-1"
      }
    ]
  },
  {
    "Index": "4460",
    "RawText": "추천하기  싫어요~   효과가  없고  전원선이  본체에  고정이  되어  있어서  불편한것  같아요~*",
    "Source": "SNS",
    "Domain": "가전",
    "MainCategory": "생활/미용/욕실가전",
    "ProductName": "[대웅생명과학] 헬스온 노벅스 해충퇴치기+아답터",
    "ReviewScore": "40",
    "Syllable": "58",
    "Word": "11",
    "RDate": "20210815",
    "GeneralPolarity": "-1",
    "Aspects": [
      {
        "Aspect": "기능",
        "SentimentText": " 효과가  없고  전원선이  본체에  고정이  되어  있어서  불편한것  같아요~*",
        "SentimentWord": "9",
        "SentimentPolarity": "-1"
      },
      {
        "Aspect": "편의성",
        "SentimentText": "전원선이  본체에  고정이  되어  있어서  불편한것  같아요~*",
        "SentimentWord": "7",
        "SentimentPolarity": "-1"
      }
    ]
  },
  {
    "Index": "4461",
    "RawText": "가볍고 때뜻해요 목이 따뜻하니까 온몸이 따틋해요 모양도 이뻐요",
    "Source": "SNS",
    "Domain": "가전",
    "MainCategory": "생활/미용/욕실가전",
    "ProductName": "[더블세트]트리플블랙 웜밴드",
    "ReviewScore": "100",
    "Syllable": "34",
    "Word": "8",
    "RDate": "20211209",
    "GeneralPolarity": "1",
    "Aspects": [
      {
        "Aspect": "무게",
        "SentimentText": "가볍고",
        "SentimentWord": "1",
        "SentimentPolarity": "1"
      },
      {
        "Aspect": "기능",
        "SentimentText": "때뜻해요 목이 따뜻하니까 온몸이 따틋해요",
        "SentimentWord": "5",
        "SentimentPolarity": "1"
      },
      {
        "Aspect": "디자인",
        "SentimentText": "모양도 이뻐요",
        "SentimentWord": "2",
        "SentimentPolarity": "1"
      }
    ]
  },
  {
    "Index": "4462",
    "RawText": "빠르게 따뜻해지고 넘 좋으네요  충전도 빠르고 배터리 사용시간이  조금 오래가면 좋을것같아요",
    "Source": "SNS",
    "Domain": "가전",
    "MainCategory": "생활/미용/욕실가전",
    "ProductName": "[더블세트]트리플블랙 웜밴드",
    "ReviewScore": "100",
    "Syllable": "51",
    "Word": "11",
    "RDate": "20211205",
    "GeneralPolarity": "1",
    "Aspects": [
      {
        "Aspect": "기능",
        "SentimentText": "빠르게 따뜻해지고 넘 좋으네요  ",
        "SentimentWord": "4",
        "SentimentPolarity": "1"
      },
      {
        "Aspect": "시간/속도",
        "SentimentText": "충전도 빠르고 배터리 사용시간이 조금 오래가면 좋을것같아요",
        "SentimentWord": "7",
        "SentimentPolarity": "1"
      },
      {
        "Aspect": "배터리",
        "SentimentText": "배터리 사용시간이 조금 오래가면 좋을것같아요",
        "SentimentWord": "5",
        "SentimentPolarity": "0"
      }
    ]
  },
  {
    "Index": "4463",
    "RawText": "따뜻하고 좋아요 조금 아쉬운건 목뒷쪽닿이는부분이 더 면적이컸으면좋겠어요",
    "Source": "SNS",
    "Domain": "가전",
    "MainCategory": "생활/미용/욕실가전",
    "ProductName": "[더블세트]트리플블랙 웜밴드",
    "ReviewScore": "80",
    "Syllable": "39",
    "Word": "7",
    "RDate": "20211204",
    "GeneralPolarity": "1",
    "Aspects": [
      {
        "Aspect": "기능",
        "SentimentText": "따뜻하고 좋아요",
        "SentimentWord": "2",
        "SentimentPolarity": "1"
      },
      {
        "Aspect": "사이즈",
        "SentimentText": "조금 아쉬운건 목뒷쪽닿이는부분이 더 면적이컸으면좋겠어요",
        "SentimentWord": "5",
        "SentimentPolarity": "-1"
      }
    ]
  },
  {
    "Index": "4464",
    "RawText": "면도기는 ooo지요~ 쉽고 편하게 면도 할 수 있어 좋아요 성능면에서도 아주 만족합니다.",
    "Source": "SNS",
    "Domain": "가전",
    "MainCategory": "생활/미용/욕실가전",
    "ProductName": "[세일+무체]필립스 SkinIQ 딥블랙 S5588 면도기+휴대용면도기+코털제거기",
    "ReviewScore": "100",
    "Syllable": "49",
    "Word": "12",
    "RDate": "20210914",
    "GeneralPolarity": "1",
    "Aspects": [
      {
        "Aspect": "편의성",
        "SentimentText": "쉽고 편하게 면도 할 수 있어 좋아요",
        "SentimentWord": "7",
        "SentimentPolarity": "1"
      },
      {
        "Aspect": "기능",
        "SentimentText": "성능면에서도 아주 만족합니다.",
        "SentimentWord": "3",
        "SentimentPolarity": "1"
      }
    ]
  },
  {
    "Index": "4465",
    "RawText": "배송도 빠르고  저에게는 많이 무거운 편이네요ㅠ 음료수, 물 진짜 많이 들어가서 넘 좋아요 강추합니다-!",
    "Source": "SNS",
    "Domain": "가전",
    "MainCategory": "생활/미용/욕실가전",
    "ProductName": "[쇼핑몰]코베아 무빙냉동고 29.5L KECY9DU-04",
    "ReviewScore": "100",
    "Syllable": "58",
    "Word": "14",
    "RDate": "20210607",
    "Aspects": [
      {
        "Aspect": "무게",
        "SentimentText": "저에게는 많이 무거운 편이네요ㅠ",
        "SentimentWord": "4",
        "SentimentPolarity": "-1"
      },
      {
        "Aspect": "용량",
        "SentimentText": "음료수, 물 진짜 많이 들어가서 넘 좋아요 강추합니다-!",
        "SentimentWord": "8",
        "SentimentPolarity": "1"
      }
    ]
  },
  {
    "Index": "4466",
    "RawText": "캠핑용으로 사용하려고 구매했는데 가볍게 아이스박스정도라고 생각하고 구매했는데 웬걸요 대박 그냥 야외냉장고네요. 넘신기해요. 이제 냉장고도 야외에서 편히 사용할수가 있네요. 아직까지는 성능면에서 추천합니다",
    "Source": "SNS",
    "Domain": "가전",
    "MainCategory": "생활/미용/욕실가전",
    "ProductName": "[쇼핑몰]코베아 무빙냉동고 29.5L KECY9DU-04",
    "ReviewScore": "100",
    "Syllable": "113",
    "Word": "21",
    "RDate": "20210611",
    "GeneralPolarity": "1",
    "Aspects": [
      {
        "Aspect": "편의성",
        "SentimentText": " 대박 그냥 야외냉장고네요. 넘신기해요. 이제 냉장고도 야외에서 편히 사용할수가 있네요.",
        "SentimentWord": "10",
        "SentimentPolarity": "1"
      },
      {
        "Aspect": "기능",
        "SentimentText": ". 아직까지는 성능면에서 추천합니다",
        "SentimentWord": "4",
        "SentimentPolarity": "1"
      }
    ]
  },
  {
    "Index": "4467",
    "RawText": "OOO라 믿고 샀습니다 ~  배송도 엄청 빠르네요 ~~~ 올해 첫 캠핑을 함께 했는데 기능이 좋아 완전 대만족입니다 !!",
    "Source": "SNS",
    "Domain": "가전",
    "MainCategory": "생활/미용/욕실가전",
    "ProductName": "[쇼핑몰]코베아 무빙냉동고 29.5L KECY9DU-04",
    "ReviewScore": "100",
    "Syllable": "67",
    "Word": "18",
    "RDate": "20210608",
    "Aspects": [
      {
        "Aspect": "제조일/제조사",
        "SentimentText": "OOO라 믿고 샀습니다 ~",
        "SentimentWord": "4",
        "SentimentPolarity": "1"
      },
      {
        "Aspect": "기능",
        "SentimentText": "올해 첫 캠핑을 함께 했는데 기능이 좋아 완전 대만족입니다 !!",
        "SentimentWord": "10",
        "SentimentPolarity": "1"
      }
    ]
  },
  {
    "Index": "4468",
    "RawText": "가성비대비 짱 입니다요 ~기능도 다양하고 좋아요~^^",
    "Source": "SNS",
    "Domain": "가전",
    "MainCategory": "생활/미용/욕실가전",
    "ProductName": "[스위스밀리터리]접이식 족욕기(SMA-FC60)",
    "ReviewScore": "100",
    "Syllable": "29",
    "Word": "6",
    "RDate": "20220116",
    "GeneralPolarity": "1",
    "Aspects": [
      {
        "Aspect": "가격",
        "SentimentText": "가성비대비 짱 입니다요 ~",
        "SentimentWord": "4",
        "SentimentPolarity": "1"
      },
      {
        "Aspect": "기능",
        "SentimentText": "기능도 다양하고 좋아요~^^",
        "SentimentWord": "3",
        "SentimentPolarity": "1"
      }
    ]
  },
  {
    "Index": "4469",
    "RawText": "뚜겅이 너무 쉽게 닫히고 너무 쉽게 열려서 정상적이지 않은것 같아요 이렇게 되면 냉기손실로 모터가 계속 돌아가서  전력 소비로 비효율적일것 같은데요 원래 그런건지 제가 받은제품만 그런지 답변 부탁드립니다",
    "Source": "SNS",
    "Domain": "가전",
    "MainCategory": "생활/미용/욕실가전",
    "ProductName": "[위_방송]코베아 무빙냉동고 29.5L KECY9DU-04",
    "ReviewScore": "100",
    "Syllable": "113",
    "Word": "27",
    "RDate": "20210718",
    "GeneralPolarity": "-1",
    "Aspects": [
      {
        "Aspect": "조작성",
        "SentimentText": "뚜겅이 너무 쉽게 닫히고 너무 쉽게 열려서 정상적이지 않은것 같아요",
        "SentimentWord": "10",
        "SentimentPolarity": "-1"
      },
      {
        "Aspect": "소비전력",
        "SentimentText": "이렇게 되면 냉기손실로 모터가 계속 돌아가서  전력 소비로 비효율적일것 같은데요 ",
        "SentimentWord": "10",
        "SentimentPolarity": "-1"
      }
    ]
  },
  {
    "Index": "4470",
    "RawText": "밤새 시끄러워 잠을 못잤어요 윗쪽에 있던 냉동 식품은 다 녹았구요 문의글 남겼는데 답변 부탁드려요 ",
    "Source": "SNS",
    "Domain": "가전",
    "MainCategory": "생활/미용/욕실가전",
    "ProductName": "[위_방송]코베아 무빙냉동고 29.5L KECY9DU-04",
    "ReviewScore": "50",
    "Syllable": "55",
    "Word": "14",
    "RDate": "20210612",
    "GeneralPolarity": "-1",
    "Aspects": [
      {
        "Aspect": "소음",
        "SentimentText": "밤새 시끄러워 잠을 못잤어요",
        "SentimentWord": "4",
        "SentimentPolarity": "-1"
      },
      {
        "Aspect": "품질",
        "SentimentText": "윗쪽에 있던 냉동 식품은 다 녹았구요",
        "SentimentWord": "6",
        "SentimentPolarity": "-1"
      }
    ]
  },
  {
    "Index": "4471",
    "RawText": "요즘 택배사 파업으로 배송은 늦었습니다  제품은 소음이 있으며 온도 조절이 잘안돼요 일단 계속쓰고있어요",
    "Source": "SNS",
    "Domain": "가전",
    "MainCategory": "생활/미용/욕실가전",
    "ProductName": "[위_방송]코베아 무빙냉동고 29.5L KECY9DU-04",
    "ReviewScore": "70",
    "Syllable": "57",
    "Word": "13",
    "RDate": "20210617",
    "Aspects": [
      {
        "Aspect": "소음",
        "SentimentText": "제품은 소음이 있으며",
        "SentimentWord": "3",
        "SentimentPolarity": "-1"
      },
      {
        "Aspect": "기능",
        "SentimentText": "온도 조절이 잘안돼요",
        "SentimentWord": "3",
        "SentimentPolarity": "-1"
      }
    ]
  },
  {
    "Index": "4472",
    "RawText": "설정온도까지 소리가 너무나요. 온도떨어지면 또 나요ㅜ 소음이 심해요 무겁기도 엄청무겁네요ㅜ ",
    "Source": "SNS",
    "Domain": "가전",
    "MainCategory": "생활/미용/욕실가전",
    "ProductName": "[위_혼_방송]코베아 무빙냉동고 29.5L KECY9DU-04",
    "ReviewScore": "40",
    "Syllable": "51",
    "Word": "10",
    "RDate": "20210715",
    "GeneralPolarity": "-1",
    "Aspects": [
      {
        "Aspect": "소음",
        "SentimentText": "설정온도까지 소리가 너무나요. 온도떨어지면 또 나요ㅜ 소음이 심해요",
        "SentimentWord": "8",
        "SentimentPolarity": "-1"
      },
      {
        "Aspect": "무게",
        "SentimentText": "무겁기도 엄청무겁네요ㅜ",
        "SentimentWord": "2",
        "SentimentPolarity": "-1"
      }
    ]
  },
  {
    "Index": "4473",
    "RawText": "제품이 생각보다 작아요ㅠ..   최저가라니 눈보다 빠르게 손이 움직이네요 배송은 빠르고요..",
    "Source": "SNS",
    "Domain": "가전",
    "MainCategory": "생활/미용/욕실가전",
    "ProductName": "[최저가][대웅생명과학] 헬스온 노벅스 해충퇴치기+아답터",
    "ReviewScore": "80",
    "Syllable": "51",
    "Word": "10",
    "RDate": "20210616",
    "Aspects": [
      {
        "Aspect": "사이즈",
        "SentimentText": "제품이 생각보다 작아요ㅠ.. ",
        "SentimentWord": "3",
        "SentimentPolarity": "-1"
      },
      {
        "Aspect": "가격",
        "SentimentText": "최저가라니 눈보다 빠르게 손이 움직이네요",
        "SentimentWord": "5",
        "SentimentPolarity": "1"
      }
    ]
  },
  {
    "Index": "4474",
    "RawText": "가격도 저렴하게 구입했어요~ 배송 빨라 너무 맘에 드는데  클렌징 팟 기능이 있어서 꺠끗하게 사용할 수 있어 좋습니다 담엔 작은 휴대용 면도기랑 같이 구성된 상품기획이 있었음 더욱 좋겠네요^^",
    "Source": "SNS",
    "Domain": "가전",
    "MainCategory": "생활/미용/욕실가전",
    "ProductName": "[혼_NEW]필립스면도기_SkinIQ S5584+클렌징팟+새정액7개+코털정리기",
    "ReviewScore": "100",
    "Syllable": "107",
    "Word": "27",
    "RDate": "20201213",
    "Aspects": [
      {
        "Aspect": "가격",
        "SentimentText": "가격도 저렴하게 구입했어요~",
        "SentimentWord": "3",
        "SentimentPolarity": "1"
      },
      {
        "Aspect": "기능",
        "SentimentText": "클렌징 팟 기능이 있어서 꺠끗하게 사용할 수 있어 좋습니다",
        "SentimentWord": "9",
        "SentimentPolarity": "1"
      }
    ]
  },
  {
    "Index": "4475",
    "RawText": "피부트러블도 안생기고 부드럽게 잘 깍이네요. 청소도 편리하고 좋은거같아요.번창하세요",
    "Source": "SNS",
    "Domain": "가전",
    "MainCategory": "생활/미용/욕실가전",
    "ProductName": "[혼_세일+무체]필립스 SkinIQ 딥블랙 S5588 면도기+휴대용면도기+코털제거기",
    "ReviewScore": "100",
    "Syllable": "46",
    "Word": "8",
    "RDate": "20210704",
    "GeneralPolarity": "1",
    "Aspects": [
      {
        "Aspect": "기능",
        "SentimentText": "피부트러블도 안생기고 부드럽게 잘 깍이네요.",
        "SentimentWord": "5",
        "SentimentPolarity": "1"
      },
      {
        "Aspect": "편의성",
        "SentimentText": "청소도 편리하고 좋은거같아요.",
        "SentimentWord": "3",
        "SentimentPolarity": "1"
      }
    ]
  },
  {
    "Index": "4476",
    "RawText": "가장최신 모델은 아니어서 세척기능이 없지만 그래도 저렴하게 산 것 같아요 남편 선물로 구매했어요 전기면도기 처음인데 좋아하네요 ~",
    "Source": "SNS",
    "Domain": "가전",
    "MainCategory": "생활/미용/욕실가전",
    "ProductName": "[혼_세일+무체]필립스 SkinIQ 딥블랙 S5588 면도기+휴대용면도기+코털제거기",
    "ReviewScore": "100",
    "Syllable": "72",
    "Word": "17",
    "RDate": "20210717",
    "GeneralPolarity": "1",
    "Aspects": [
      {
        "Aspect": "기능",
        "SentimentText": "가장최신 모델은 아니어서 세척기능이 없지만",
        "SentimentWord": "5",
        "SentimentPolarity": "0"
      },
      {
        "Aspect": "가격",
        "SentimentText": "저렴하게 산 것 같아요",
        "SentimentWord": "4",
        "SentimentPolarity": "1"
      }
    ]
  },
  {
    "Index": "4477",
    "RawText": "사이즈가 적당한거 같아요   너무 두껍지도 않은것이    다방면으로  찜질하기  좋네요",
    "Source": "SNS",
    "Domain": "가전",
    "MainCategory": "생활/미용/욕실가전",
    "ProductName": "BS건강 대우 황토옥 찜질기 DEP-S220/대우정품/국내생산",
    "ReviewScore": "100",
    "Syllable": "48",
    "Word": "9",
    "RDate": "20210604",
    "GeneralPolarity": "1",
    "Aspects": [
      {
        "Aspect": "사이즈",
        "SentimentText": "사이즈가 적당한거 같아요  ",
        "SentimentWord": "3",
        "SentimentPolarity": "1"
      },
      {
        "Aspect": "기능",
        "SentimentText": "다방면으로  찜질하기  좋네요",
        "SentimentWord": "3",
        "SentimentPolarity": "1"
      }
    ]
  },
  {
    "Index": "4478",
    "RawText": "생각보단 가벼워서 약간불편해요 크기나 모양은 예쁩니다.",
    "Source": "SNS",
    "Domain": "가전",
    "MainCategory": "생활/미용/욕실가전",
    "ProductName": "CASIO 카시오 SL-310UC 일반용 컬러계산기",
    "ReviewScore": "100",
    "Syllable": "30",
    "Word": "6",
    "RDate": "20210429",
    "GeneralPolarity": "0",
    "Aspects": [
      {
        "Aspect": "무게",
        "SentimentText": "생각보단 가벼워서 약간불편해요",
        "SentimentWord": "3",
        "SentimentPolarity": "-1"
      },
      {
        "Aspect": "사이즈",
        "SentimentText": "크기나 모양은 예쁩니다.",
        "SentimentWord": "3",
        "SentimentPolarity": "1"
      },
      {
        "Aspect": "디자인",
        "SentimentText": "모양은 예쁩니다.",
        "SentimentWord": "2",
        "SentimentPolarity": "1"
      }
    ]
  },
  {
    "Index": "4479",
    "RawText": "10년 넘게 사용한 저울의 수명이 다 되어  저렴한 가격으로 구입하게된 oooo 바디밸런스  너무 예쁘고 좋아요",
    "Source": "SNS",
    "Domain": "가전",
    "MainCategory": "생활/미용/욕실가전",
    "ProductName": "iriver아이리버 스마트 밸런스 체지방 체중계 BS-F203",
    "ReviewScore": "100",
    "Syllable": "62",
    "Word": "15",
    "RDate": "20190719",
    "GeneralPolarity": "1",
    "Aspects": [
      {
        "Aspect": "가격",
        "SentimentText": " 저렴한 가격으로 구입하게된 oooo 바디밸런스  너무 예쁘고 좋아요",
        "SentimentWord": "8",
        "SentimentPolarity": "1"
      },
      {
        "Aspect": "디자인",
        "SentimentText": " oooo 바디밸런스  너무 예쁘고 좋아요",
        "SentimentWord": "5",
        "SentimentPolarity": "1"
      }
    ]
  },
  {
    "Index": "4480",
    "RawText": "슬림하고 제품 외형이 예뻐요 사용방법은 좀 읽어봐야할 것 같아요 다이어트에 필수 제품인 것 같아요. 방에서 사용하기에 사이즈도 딱입니다. ^^",
    "Source": "SNS",
    "Domain": "가전",
    "MainCategory": "생활/미용/욕실가전",
    "ProductName": "iriver아이리버 스마트 밸런스 체지방 체중계 BS-F203",
    "ReviewScore": "100",
    "Syllable": "79",
    "Word": "19",
    "RDate": "20191014",
    "GeneralPolarity": "1",
    "Aspects": [
      {
        "Aspect": "디자인",
        "SentimentText": "슬림하고 제품 외형이 예뻐요",
        "SentimentWord": "4",
        "SentimentPolarity": "1"
      },
      {
        "Aspect": "사이즈",
        "SentimentText": "방에서 사용하기에 사이즈도 딱입니다. ^^",
        "SentimentWord": "5",
        "SentimentPolarity": "1"
      }
    ]
  },
  {
    "Index": "4481",
    "RawText": "적립금 더해서 저렴하게 구매했어요 ^^ 여러 기능이 많아 만족합니다. 재질도 튼튼하고 디자인도 이뻐요 크기도 적당하네요 ^^ ",
    "Source": "SNS",
    "Domain": "가전",
    "MainCategory": "생활/미용/욕실가전",
    "ProductName": "iriver아이리버 스마트 밸런스 체지방 체중계 BS-F203",
    "ReviewScore": "100",
    "Syllable": "70",
    "Word": "16",
    "RDate": "20190610",
    "Aspects": [
      {
        "Aspect": "가격",
        "SentimentText": "적립금 더해서 저렴하게 구매했어요 ^^",
        "SentimentWord": "5",
        "SentimentPolarity": "1"
      },
      {
        "Aspect": "기능",
        "SentimentText": "여러 기능이 많아 만족합니다.",
        "SentimentWord": "4",
        "SentimentPolarity": "1"
      },
      {
        "Aspect": "소재",
        "SentimentText": "재질도 튼튼하고 디자인도 이뻐요",
        "SentimentWord": "4",
        "SentimentPolarity": "1"
      },
      {
        "Aspect": "디자인",
        "SentimentText": "디자인도 이뻐요",
        "SentimentWord": "2",
        "SentimentPolarity": "1"
      },
      {
        "Aspect": "사이즈",
        "SentimentText": "크기도 적당하네요 ^^",
        "SentimentWord": "3",
        "SentimentPolarity": "0"
      }
    ]
  },
  {
    "Index": "4482",
    "RawText": "면도가 덜 깔끔해요...할인되서 산거라 원래 정가라면 아까웠을거에요 ",
    "Source": "SNS",
    "Domain": "가전",
    "MainCategory": "생활/미용/욕실가전",
    "ProductName": "K [오스트바흐] 휴대용 충전식 전기 면도기(W600I)",
    "ReviewScore": "60",
    "Syllable": "38",
    "Word": "7",
    "RDate": "20190330",
    "GeneralPolarity": "0",
    "Aspects": [
      {
        "Aspect": "기능",
        "SentimentText": "면도가 덜 깔끔해요..",
        "SentimentWord": "3",
        "SentimentPolarity": "-1"
      },
      {
        "Aspect": "가격",
        "SentimentText": "할인되서 산거라 원래 정가라면 아까웠을거에요",
        "SentimentWord": "5",
        "SentimentPolarity": "1"
      }
    ]
  },
  {
    "Index": "4483",
    "RawText": "저렴하게 잘 샀어요. . 다만 설명서가 너무 부실해서  인터넷  동영상보고 간신히 시작만 해봤네요..",
    "Source": "SNS",
    "Domain": "가전",
    "MainCategory": "생활/미용/욕실가전",
    "ProductName": "K 메디하임 미니재봉틀 MSM-301 미싱기 미니미싱 재봉틀",
    "ReviewScore": "80",
    "Syllable": "56",
    "Word": "13",
    "RDate": "20191207",
    "GeneralPolarity": "0",
    "Aspects": [
      {
        "Aspect": "가격",
        "SentimentText": "저렴하게 잘 샀어요",
        "SentimentWord": "3",
        "SentimentPolarity": "1"
      },
      {
        "Aspect": "조작성",
        "SentimentText": "다만 설명서가 너무 부실해서  인터넷  동영상보고 간신히 시작만 해봤네요..",
        "SentimentWord": "9",
        "SentimentPolarity": "-1"
      }
    ]
  },
  {
    "Index": "4484",
    "RawText": "가격이 좋아요 물저장은 적어도 생각보다 사용하는데는 용량이 적정하네요",
    "Source": "SNS",
    "Domain": "가전",
    "MainCategory": "생활/미용/욕실가전",
    "ProductName": "K 메디하임 스팀다리미 MHI-600Z 핸디 다리미 풀구성 사은품증정",
    "ReviewScore": "100",
    "Syllable": "38",
    "Word": "8",
    "RDate": "20210817",
    "GeneralPolarity": "1",
    "Aspects": [
      {
        "Aspect": "가격",
        "SentimentText": "가격이 좋아요",
        "SentimentWord": "2",
        "SentimentPolarity": "1"
      },
      {
        "Aspect": "용량",
        "SentimentText": "물저장은 적어도",
        "SentimentWord": "2",
        "SentimentPolarity": "-1"
      },
      {
        "Aspect": "용량",
        "SentimentText": "생각보다 사용하는데는 용량이 적정하네요",
        "SentimentWord": "4",
        "SentimentPolarity": "1"
      }
    ]
  },
  {
    "Index": "4485",
    "RawText": "다리미로 다리기힘든옷들도 쉽게 잘다려지네요 기대이상이네요 가격대비 너무좋은 제품입니다",
    "Source": "SNS",
    "Domain": "가전",
    "MainCategory": "생활/미용/욕실가전",
    "ProductName": "K 메디하임 스팀다리미 MHI-600Z 핸디 다리미 풀구성 사은품증정",
    "ReviewScore": "100",
    "Syllable": "47",
    "Word": "8",
    "RDate": "20210812",
    "GeneralPolarity": "1",
    "Aspects": [
      {
        "Aspect": "기능",
        "SentimentText": "다리미로 다리기힘든옷들도 쉽게 잘다려지네요 기대이상이네요",
        "SentimentWord": "5",
        "SentimentPolarity": "1"
      },
      {
        "Aspect": "가격",
        "SentimentText": " 가격대비 너무좋은 제품입니다",
        "SentimentWord": "3",
        "SentimentPolarity": "1"
      }
    ]
  },
  {
    "Index": "4486",
    "RawText": "동작버튼만있고 전원버튼은없어 불편하다. 빨리 예열판은되아 사용후 한참을기다려야함",
    "Source": "SNS",
    "Domain": "가전",
    "MainCategory": "생활/미용/욕실가전",
    "ProductName": "K 메디하임 스팀다리미 MHI-600Z 핸디 다리미 풀구성 사은품증정",
    "ReviewScore": "60",
    "Syllable": "44",
    "Word": "7",
    "RDate": "20210913",
    "GeneralPolarity": "-1",
    "Aspects": [
      {
        "Aspect": "조작성",
        "SentimentText": "동작버튼만있고 전원버튼은없어 불편하다.",
        "SentimentWord": "3",
        "SentimentPolarity": "-1"
      },
      {
        "Aspect": "편의성",
        "SentimentText": "빨리 예열판은되아 사용후 한참을기다려야함",
        "SentimentWord": "4",
        "SentimentPolarity": "-1"
      }
    ]
  },
  {
    "Index": "4487",
    "RawText": "물을 넣기가 너무힘드네요  품질이 싼게 비지떡이에요 누가반품한거 보내줬는지 포장도 엉망이고 나도 반품하고싶네",
    "Source": "SNS",
    "Domain": "가전",
    "MainCategory": "생활/미용/욕실가전",
    "ProductName": "K 메디하임 스팀다리미 MHI-600Z 핸디 다리미 풀구성 사은품증정",
    "ReviewScore": "30",
    "Syllable": "60",
    "Word": "12",
    "RDate": "20210825",
    "Aspects": [
      {
        "Aspect": "조작성",
        "SentimentText": "물을 넣기가 너무힘드네요  ",
        "SentimentWord": "3",
        "SentimentPolarity": "-1"
      },
      {
        "Aspect": "품질",
        "SentimentText": "품질이 싼게 비지떡이에요",
        "SentimentWord": "3",
        "SentimentPolarity": "-1"
      }
    ]
  },
  {
    "Index": "4488",
    "RawText": "생각보다 가볍고 편해요 한번 물채우면 셔츠 2~3개정도 다림질 되는것 같네요 물 용량에는 아쉬움이 있습니다. ㅜ",
    "Source": "SNS",
    "Domain": "가전",
    "MainCategory": "생활/미용/욕실가전",
    "ProductName": "K 메디하임 스팀다리미 MHI-600Z 핸디 다리미 풀구성 사은품증정",
    "ReviewScore": "100",
    "Syllable": "62",
    "Word": "15",
    "RDate": "20210819",
    "GeneralPolarity": "0",
    "Aspects": [
      {
        "Aspect": "무게",
        "SentimentText": "생각보다 가볍고 편해요",
        "SentimentWord": "3",
        "SentimentPolarity": "1"
      },
      {
        "Aspect": "용량",
        "SentimentText": "한번 물채우면 셔츠 2~3개정도 다림질 되는것 같네요 물 용량에는 아쉬움이 있습니다. ㅜ",
        "SentimentWord": "12",
        "SentimentPolarity": "-1"
      }
    ]
  },
  {
    "Index": "4489",
    "RawText": "이 가격에 이런 상품 엄청 맘에 들어요 스팀 다리미 필요했는데 가볍고 좋아요",
    "Source": "SNS",
    "Domain": "가전",
    "MainCategory": "생활/미용/욕실가전",
    "ProductName": "K 메디하임 스팀다리미 MHI-600Z 핸디 다리미 풀구성 사은품증정",
    "ReviewScore": "100",
    "Syllable": "42",
    "Word": "12",
    "RDate": "20210824",
    "GeneralPolarity": "1",
    "Aspects": [
      {
        "Aspect": "가격",
        "SentimentText": "이 가격에 이런 상품 엄청 맘에 들어요",
        "SentimentWord": "7",
        "SentimentPolarity": "1"
      },
      {
        "Aspect": "무게",
        "SentimentText": "가볍고 좋아요",
        "SentimentWord": "2",
        "SentimentPolarity": "1"
      }
    ]
  },
  {
    "Index": "4490",
    "RawText": "빠르게 잘 도착했네요~ ^^ 무엇보다 오래 썼음 하는 바램입니다. 스팀 기능도 있어서 잘 다려지네요 함께 주신 사은품 구성도 마음에 드네요",
    "Source": "SNS",
    "Domain": "가전",
    "MainCategory": "생활/미용/욕실가전",
    "ProductName": "K 메디하임 스팀다리미 MHI-600Z 핸디 다리미 풀구성 사은품증정",
    "ReviewScore": "80",
    "Syllable": "77",
    "Word": "20",
    "RDate": "20210909",
    "Aspects": [
      {
        "Aspect": "기능",
        "SentimentText": "스팀 기능도 있어서 잘 다려지네요",
        "SentimentWord": "5",
        "SentimentPolarity": "1"
      },
      {
        "Aspect": "제품구성",
        "SentimentText": "함께 주신 사은품 구성도 마음에 드네요",
        "SentimentWord": "6",
        "SentimentPolarity": "1"
      }
    ]
  },
  {
    "Index": "4491",
    "RawText": "저렴하게 사서 제품의 기대를 안햇는데 성능이 기대이상 좋아요..잘 사용하고 있습니다 ",
    "Source": "SNS",
    "Domain": "가전",
    "MainCategory": "생활/미용/욕실가전",
    "ProductName": "K 메디하임 스팀다리미 MHI-600Z 핸디 다리미 풀구성 사은품증정",
    "ReviewScore": "100",
    "Syllable": "47",
    "Word": "10",
    "RDate": "20210818",
    "GeneralPolarity": "1",
    "Aspects": [
      {
        "Aspect": "가격",
        "SentimentText": "저렴하게 사서",
        "SentimentWord": "2",
        "SentimentPolarity": "1"
      },
      {
        "Aspect": "기능",
        "SentimentText": "제품의 기대를 안햇는데 성능이 기대이상 좋아요..잘 사용하고 있습니다",
        "SentimentWord": "8",
        "SentimentPolarity": "1"
      }
    ]
  },
  {
    "Index": "4492",
    "RawText": "정말 돈 아깝습니다  개봉을해서 반픔도 안되고 미지근해서 온열 기능도 안되고 ㅜㅜ   정말 쪼그만해서 배가 덮어지지도 않고 정말 효과 없습니다",
    "Source": "SNS",
    "Domain": "가전",
    "MainCategory": "생활/미용/욕실가전",
    "ProductName": "K 오아 그날의 선택! 매직키퍼 히팅 벨트 안마기",
    "ReviewScore": "0",
    "Syllable": "79",
    "Word": "19",
    "RDate": "20200112",
    "Aspects": [
      {
        "Aspect": "기능",
        "SentimentText": " 미지근해서 온열 기능도 안되고 ㅜㅜ ",
        "SentimentWord": "5",
        "SentimentPolarity": "-1"
      },
      {
        "Aspect": "사이즈",
        "SentimentText": "정말 쪼그만해서 배가 덮어지지도 않고 정말 효과 없습니다",
        "SentimentWord": "8",
        "SentimentPolarity": "-1"
      }
    ]
  },
  {
    "Index": "4493",
    "RawText": "사지마세요. 저울이 이상합니다. 어떻게 매번 체중이 다르게 나오는지 모르겠네요. 1분사이에 1키로가 왔다갔다하기도 하네요",
    "Source": "SNS",
    "Domain": "가전",
    "MainCategory": "생활/미용/욕실가전",
    "ProductName": "K_[iriver] 아이리버 블루투스 스마트 체중계 SB-S302B",
    "ReviewScore": "10",
    "Syllable": "67",
    "Word": "13",
    "RDate": "20191227",
    "GeneralPolarity": "-1",
    "Aspects": [
      {
        "Aspect": "품질",
        "SentimentText": "사지마세요. 저울이 이상합니다.",
        "SentimentWord": "3",
        "SentimentPolarity": "-1"
      },
      {
        "Aspect": "품질",
        "SentimentText": "어떻게 매번 체중이 다르게 나오는지 모르겠네요.",
        "SentimentWord": "6",
        "SentimentPolarity": "-1"
      }
    ]
  },
  {
    "Index": "4494",
    "RawText": "받자마자 불량이 와서 교환을 햇는데 충전이 잘되고^^ 운동중 기능이 좋아서 초파리도 접근이 안되는것 같네요 소리가 좀 거슬려서 저녁에는 옆사람에게 소음이 있어요 소리를 이용한것인지 진동으로만으로는 안되는지 아쉬움이 잇네요",
    "Source": "SNS",
    "Domain": "가전",
    "MainCategory": "생활/미용/욕실가전",
    "ProductName": "K_[mog one] 모그원 휴대용 USB충전 모기퇴치기 모그원 미니 TR-200 / 목걸이형",
    "ReviewScore": "60",
    "Syllable": "123",
    "Word": "27",
    "RDate": "20200330",
    "Aspects": [
      {
        "Aspect": "배터리",
        "SentimentText": "충전이 잘되고^^ ",
        "SentimentWord": "2",
        "SentimentPolarity": "1"
      },
      {
        "Aspect": "기능",
        "SentimentText": "운동중 기능이 좋아서 초파리도 접근이 안되는것 같네요",
        "SentimentWord": "7",
        "SentimentPolarity": "1"
      },
      {
        "Aspect": "소음",
        "SentimentText": "소리가 좀 거슬려서 저녁에는 옆사람에게 소음이 있어요 소리를 이용한것인지 진동으로만으로는 안되는지 아쉬움이 잇네요",
        "SentimentWord": "13",
        "SentimentPolarity": "-1"
      }
    ]
  },
  {
    "Index": "4495",
    "RawText": "생각보다 소리가 큰편이라 2단계로는 사용이 기피되고 1단계로 사용해요 모기차단은 잘 모르겠는데 회사가 좋아 믿고 사용",
    "Source": "SNS",
    "Domain": "가전",
    "MainCategory": "생활/미용/욕실가전",
    "ProductName": "K_[mog one] 모그원 휴대용 USB충전 모기퇴치기 모그원S TR-300",
    "ReviewScore": "80",
    "Syllable": "65",
    "Word": "15",
    "RDate": "20210803",
    "GeneralPolarity": "0",
    "Aspects": [
      {
        "Aspect": "소음",
        "SentimentText": "생각보다 소리가 큰편이라 2단계로는 사용이 기피되고 1단계로 사용해요",
        "SentimentWord": "8",
        "SentimentPolarity": "-1"
      },
      {
        "Aspect": "제조일/제조사",
        "SentimentText": "모기차단은 잘 모르겠는데 회사가 좋아 믿고 사용",
        "SentimentWord": "7",
        "SentimentPolarity": "1"
      }
    ]
  },
  {
    "Index": "4496",
    "RawText": "무게가가벼워서 편합니다 눌러주는 힘은 약해서 기능면에선 아쉬워요",
    "Source": "SNS",
    "Domain": "가전",
    "MainCategory": "생활/미용/욕실가전",
    "ProductName": "K_김수자 핸디형 유선 안마기 KD-3000S",
    "ReviewScore": "100",
    "Syllable": "35",
    "Word": "7",
    "RDate": "20210924",
    "GeneralPolarity": "0",
    "Aspects": [
      {
        "Aspect": "무게",
        "SentimentText": "무게가가벼워서 편합니다 ",
        "SentimentWord": "2",
        "SentimentPolarity": "1"
      },
      {
        "Aspect": "기능",
        "SentimentText": "눌러주는 힘은 약해서 기능면에선 아쉬워요",
        "SentimentWord": "5",
        "SentimentPolarity": "-1"
      }
    ]
  },
  {
    "Index": "4497",
    "RawText": "성능도 좋고 가격도 좋고 대만족입니다  주변에 선물하고싶어서 재주문하려는데 이 가격으로 주문불가네요 ",
    "Source": "SNS",
    "Domain": "가전",
    "MainCategory": "생활/미용/욕실가전",
    "ProductName": "K_김수자 핸디형 유선 안마기 KD-3000S",
    "ReviewScore": "100",
    "Syllable": "56",
    "Word": "11",
    "RDate": "20190501",
    "GeneralPolarity": "1",
    "Aspects": [
      {
        "Aspect": "기능",
        "SentimentText": "성능도 좋고 가격도 좋고 대만족입니다",
        "SentimentWord": "5",
        "SentimentPolarity": "1"
      },
      {
        "Aspect": "가격",
        "SentimentText": "가격도 좋고 대만족입니다",
        "SentimentWord": "3",
        "SentimentPolarity": "1"
      }
    ]
  },
  {
    "Index": "4498",
    "RawText": "약간 무게감이 있지만 안마 효과가 좋아 구매 만족합니다.",
    "Source": "SNS",
    "Domain": "가전",
    "MainCategory": "생활/미용/욕실가전",
    "ProductName": "K_김수자 핸디형 유선 안마기 KD-3000S",
    "ReviewScore": "100",
    "Syllable": "31",
    "Word": "8",
    "RDate": "20220125",
    "GeneralPolarity": "1",
    "Aspects": [
      {
        "Aspect": "무게",
        "SentimentText": "약간 무게감이 있지만 안마 효과가 좋아 구매 만족합니다.",
        "SentimentWord": "8",
        "SentimentPolarity": "0"
      },
      {
        "Aspect": "기능",
        "SentimentText": " 안마 효과가 좋아 구매 만족합니다.",
        "SentimentWord": "5",
        "SentimentPolarity": "1"
      }
    ]
  },
  {
    "Index": "4499",
    "RawText": "바람세기가 조금 아쉽지만 냉품이 잘되서 두피가 시원해요~",
    "Source": "SNS",
    "Domain": "가전",
    "MainCategory": "생활/미용/욕실가전",
    "ProductName": "K_엘라 전문가용 드라이기 BLDC모터 헤어 드라이어 미용실 드라이기 EPD-1723",
    "ReviewScore": "70",
    "Syllable": "31",
    "Word": "7",
    "RDate": "20201117",
    "Aspects": [
      {
        "Aspect": "기능",
        "SentimentText": "바람세기가 조금 아쉽지만 냉품이 잘되서 두피가 시원해요~",
        "SentimentWord": "7",
        "SentimentPolarity": "-1"
      },
      {
        "Aspect": "기능",
        "SentimentText": "냉품이 잘되서 두피가 시원해요",
        "SentimentWord": "4",
        "SentimentPolarity": "1"
      }
    ]
  },
  {
    "Index": "4500",
    "RawText": "구매결정을 깜빡했어요 ㅠ완전 편리해서 잘 사용하고 있습니다^^ 사이즈도 작아서 공간 활용에 굿입니다!",
    "Source": "SNS",
    "Domain": "가전",
    "MainCategory": "생활/미용/욕실가전",
    "ProductName": "k_웰모아 트윈 HCW-5000 안마의자",
    "ReviewScore": "100",
    "Syllable": "56",
    "Word": "12",
    "RDate": "20211127",
    "GeneralPolarity": "1",
    "Aspects": [
      {
        "Aspect": "편의성",
        "SentimentText": "완전 편리해서 잘 사용하고 있습니다^^ ",
        "SentimentWord": "5",
        "SentimentPolarity": "1"
      },
      {
        "Aspect": "사이즈",
        "SentimentText": "사이즈도 작아서 공간 활용에 굿입니다!",
        "SentimentWord": "5",
        "SentimentPolarity": "1"
      }
    ]
  },
  {
    "Index": "4501",
    "RawText": "가격에 따라 면도기 성능을 크게 기대하지 않았지만, 배송받아서 직접 사용해보니까 생각보다 성능이 휠씬 우수했습니다. 면도 절삭성능도 좋고, 피부에 부담도 주지 않아서 사용하는데 만족해요. 그리고 가격대비 성능에 대단히 만족합니다.",
    "Source": "SNS",
    "Domain": "가전",
    "MainCategory": "생활/미용/욕실가전",
    "ProductName": "SMF Series5 전기면도기 풀패키지 메탈릭블랙",
    "ReviewScore": "100",
    "Syllable": "128",
    "Word": "28",
    "RDate": "20200211",
    "GeneralPolarity": "1",
    "Aspects": [
      {
        "Aspect": "기능",
        "SentimentText": "직접 사용해보니까 생각보다 성능이 휠씬 우수했습니다.",
        "SentimentWord": "6",
        "SentimentPolarity": "1"
      },
      {
        "Aspect": "기능",
        "SentimentText": "그리고 가격대비 성능에 대단히 만족합니다.",
        "SentimentWord": "5",
        "SentimentPolarity": "1"
      },
      {
        "Aspect": "편의성",
        "SentimentText": "면도 절삭성능도 좋고, 피부에 부담도 주지 않아서 사용하는데 만족해요.",
        "SentimentWord": "9",
        "SentimentPolarity": "1"
      }
    ]
  },
  {
    "Index": "4502",
    "RawText": "비 추천  싼 이유가 있는것 같음 면도가 잘 되는 것 같이 느껴지지 않음 제품 색상도 메탈릭 블랙인데 내가 보기엔 딥블랙으로 맘에 들지 않음.",
    "Source": "SNS",
    "Domain": "가전",
    "MainCategory": "생활/미용/욕실가전",
    "ProductName": "SMF Series5 전기면도기 풀패키지 메탈릭블랙",
    "ReviewScore": "40",
    "Syllable": "79",
    "Word": "23",
    "RDate": "20210810",
    "GeneralPolarity": "-1",
    "Aspects": [
      {
        "Aspect": "기능",
        "SentimentText": "비 추천  싼 이유가 있는것 같음 면도가 잘 되는 것 같이 느껴지지 않음",
        "SentimentWord": "13",
        "SentimentPolarity": "-1"
      },
      {
        "Aspect": "색상",
        "SentimentText": "제품 색상도 메탈릭 블랙인데 내가 보기엔 딥블랙으로 맘에 들지 않음. ",
        "SentimentWord": "10",
        "SentimentPolarity": "-1"
      }
    ]
  },
  {
    "Index": "4503",
    "RawText": "가격저렴하게 강력한 헤어드라이어 잘 샀습니다 드라이하고 나면 머릿결이 부드러워지는 거 같아서 너무 좋아요",
    "Source": "SNS",
    "Domain": "가전",
    "MainCategory": "생활/미용/욕실가전",
    "ProductName": "SMF 유럽인증 2200W 전문가용 헤어드라이기 2컬러",
    "ReviewScore": "100",
    "Syllable": "58",
    "Word": "13",
    "RDate": "20211019",
    "GeneralPolarity": "1",
    "Aspects": [
      {
        "Aspect": "가격",
        "SentimentText": "가격저렴하게 강력한 헤어드라이어 잘 샀습니다",
        "SentimentWord": "5",
        "SentimentPolarity": "1"
      },
      {
        "Aspect": "기능",
        "SentimentText": "드라이하고 나면 머릿결이 부드러워지는 거 같아서 너무 좋아요",
        "SentimentWord": "8",
        "SentimentPolarity": "1"
      }
    ]
  },
  {
    "Index": "4504",
    "RawText": "가볍고 사용하기 편하고좋아요 빠른 배송감사합니다",
    "Source": "SNS",
    "Domain": "가전",
    "MainCategory": "생활/미용/욕실가전",
    "ProductName": "SMF 유럽인증 2200W 전문가용 헤어드라이기 2컬러",
    "ReviewScore": "100",
    "Syllable": "26",
    "Word": "5",
    "RDate": "20210906",
    "Aspects": [
      {
        "Aspect": "무게",
        "SentimentText": "가볍고 사용하기 편하고좋아요",
        "SentimentWord": "3",
        "SentimentPolarity": "1"
      },
      {
        "Aspect": "편의성",
        "SentimentText": "사용하기 편하고좋아요",
        "SentimentWord": "2",
        "SentimentPolarity": "1"
      }
    ]
  },
  {
    "Index": "4505",
    "RawText": "갑자기 드라이기가 고장나서 급하게 구매했는데 오~ 잘산것같아요. 소음은 조금있지만 가성비 좋아요.",
    "Source": "SNS",
    "Domain": "가전",
    "MainCategory": "생활/미용/욕실가전",
    "ProductName": "SMF 유럽인증 2200W 전문가용 헤어드라이기 2컬러",
    "ReviewScore": "100",
    "Syllable": "54",
    "Word": "11",
    "RDate": "20210808",
    "GeneralPolarity": "1",
    "Aspects": [
      {
        "Aspect": "소음",
        "SentimentText": "오~ 잘산것같아요. 소음은 조금있지만",
        "SentimentWord": "4",
        "SentimentPolarity": "0"
      },
      {
        "Aspect": "가격",
        "SentimentText": " 가성비 좋아요.",
        "SentimentWord": "2",
        "SentimentPolarity": "1"
      }
    ]
  },
  {
    "Index": "4506",
    "RawText": "강력한 바람. 짧은 사용시간. 가격도 좋아요. 사용해보고 좋아서  언니에게도 선물합니다.",
    "Source": "SNS",
    "Domain": "가전",
    "MainCategory": "생활/미용/욕실가전",
    "ProductName": "SMF 유럽인증 2200W 전문가용 헤어드라이기 2컬러",
    "ReviewScore": "100",
    "Syllable": "49",
    "Word": "10",
    "RDate": "20220202",
    "GeneralPolarity": "1",
    "Aspects": [
      {
        "Aspect": "기능",
        "SentimentText": "강력한 바람. 짧은 사용시간. 가격도 좋아요.",
        "SentimentWord": "6",
        "SentimentPolarity": "1"
      },
      {
        "Aspect": "시간/속도",
        "SentimentText": "짧은 사용시간. 가격도 좋아요.",
        "SentimentWord": "4",
        "SentimentPolarity": "1"
      },
      {
        "Aspect": "가격",
        "SentimentText": "가격도 좋아요.",
        "SentimentWord": "2",
        "SentimentPolarity": "1"
      },
      {
        "Aspect": "품질",
        "SentimentText": "사용해보고 좋아서  언니에게도 선물합니다.",
        "SentimentWord": "4",
        "SentimentPolarity": "1"
      }
    ]
  },
  {
    "Index": "4507",
    "RawText": "너무너무 잘선택한것같습니다~~~디자인 도예쁘고가벼워서쓰기좋습니다 지인적극추천드려요",
    "Source": "SNS",
    "Domain": "가전",
    "MainCategory": "생활/미용/욕실가전",
    "ProductName": "SMF 유럽인증 2200W 전문가용 헤어드라이기 2컬러",
    "ReviewScore": "100",
    "Syllable": "45",
    "Word": "4",
    "RDate": "20211026",
    "GeneralPolarity": "1",
    "Aspects": [
      {
        "Aspect": "디자인",
        "SentimentText": "너무너무 잘선택한것같습니다~~~디자인 도예쁘고",
        "SentimentWord": "3",
        "SentimentPolarity": "1"
      },
      {
        "Aspect": "무게",
        "SentimentText": "가벼워서쓰기좋습니다 지인적극추천드려요",
        "SentimentWord": "2",
        "SentimentPolarity": "1"
      }
    ]
  },
  {
    "Index": "4508",
    "RawText": "드라이기 조금 무거워 불편하지만  바람세기는 최고예요^^*",
    "Source": "SNS",
    "Domain": "가전",
    "MainCategory": "생활/미용/욕실가전",
    "ProductName": "SMF 유럽인증 2200W 전문가용 헤어드라이기 2컬러",
    "ReviewScore": "100",
    "Syllable": "32",
    "Word": "6",
    "RDate": "20211112",
    "GeneralPolarity": "0",
    "Aspects": [
      {
        "Aspect": "무게",
        "SentimentText": "드라이기 조금 무거워 불편하지만 ",
        "SentimentWord": "4",
        "SentimentPolarity": "-1"
      },
      {
        "Aspect": "기능",
        "SentimentText": " 바람세기는 최고예요^^*",
        "SentimentWord": "2",
        "SentimentPolarity": "1"
      }
    ]
  },
  {
    "Index": "4509",
    "RawText": "디자인도 좋고 바람세기도 적당해서  쓰기 편해요",
    "Source": "SNS",
    "Domain": "가전",
    "MainCategory": "생활/미용/욕실가전",
    "ProductName": "SMF 유럽인증 2200W 전문가용 헤어드라이기 2컬러",
    "ReviewScore": "100",
    "Syllable": "26",
    "Word": "6",
    "RDate": "20210408",
    "GeneralPolarity": "1",
    "Aspects": [
      {
        "Aspect": "디자인",
        "SentimentText": "디자인도 좋고 바람세기도 적당해서  쓰기 편해요",
        "SentimentWord": "6",
        "SentimentPolarity": "1"
      },
      {
        "Aspect": "기능",
        "SentimentText": "바람세기도 적당해서  쓰기 편해요",
        "SentimentWord": "4",
        "SentimentPolarity": "1"
      }
    ]
  },
  {
    "Index": "4510",
    "RawText": "마트에서 제일 싼 드라이기만 쓰다가 전문가용 쓰니깐 정말 좋아요! 바람세기도 좋고 찬바람 나와서 편해요~",
    "Source": "SNS",
    "Domain": "가전",
    "MainCategory": "생활/미용/욕실가전",
    "ProductName": "SMF 유럽인증 2200W 전문가용 헤어드라이기 2컬러",
    "ReviewScore": "100",
    "Syllable": "58",
    "Word": "14",
    "RDate": "20211014",
    "GeneralPolarity": "1",
    "Aspects": [
      {
        "Aspect": "기능",
        "SentimentText": "전문가용 쓰니깐 정말 좋아요!",
        "SentimentWord": "4",
        "SentimentPolarity": "1"
      },
      {
        "Aspect": "편의성",
        "SentimentText": "바람세기도 좋고 찬바람 나와서 편해요~",
        "SentimentWord": "5",
        "SentimentPolarity": "1"
      }
    ]
  },
  {
    "Index": "4511",
    "RawText": "무거워서 사용하기 너무 불편해요 그렇다고 머리가 잘 말려지지도 않아요 바람소리만 셉니다",
    "Source": "SNS",
    "Domain": "가전",
    "MainCategory": "생활/미용/욕실가전",
    "ProductName": "SMF 유럽인증 2200W 전문가용 헤어드라이기 2컬러",
    "ReviewScore": "100",
    "Syllable": "48",
    "Word": "11",
    "RDate": "20220206",
    "GeneralPolarity": "-1",
    "Aspects": [
      {
        "Aspect": "무게",
        "SentimentText": "무거워서 사용하기 너무 불편해요",
        "SentimentWord": "4",
        "SentimentPolarity": "-1"
      },
      {
        "Aspect": "기능",
        "SentimentText": "그렇다고 머리가 잘 말려지지도 않아요 바람소리만 셉니다",
        "SentimentWord": "7",
        "SentimentPolarity": "-1"
      },
      {
        "Aspect": "소음",
        "SentimentText": " 바람소리만 셉니다",
        "SentimentWord": "2",
        "SentimentPolarity": "-1"
      }
    ]
  },
  {
    "Index": "4512",
    "RawText": "바람도세고 좋네요.가격도 넘 착하고강추합니다.전기도 많이 먹네요.",
    "Source": "SNS",
    "Domain": "가전",
    "MainCategory": "생활/미용/욕실가전",
    "ProductName": "SMF 유럽인증 2200W 전문가용 헤어드라이기 2컬러",
    "ReviewScore": "100",
    "Syllable": "36",
    "Word": "6",
    "RDate": "20220104",
    "GeneralPolarity": "1",
    "Aspects": [
      {
        "Aspect": "기능",
        "SentimentText": "바람도세고 좋네요.",
        "SentimentWord": "2",
        "SentimentPolarity": "1"
      },
      {
        "Aspect": "가격",
        "SentimentText": "가격도 넘 착하고강추합니다.",
        "SentimentWord": "3",
        "SentimentPolarity": "1"
      },
      {
        "Aspect": "소비전력",
        "SentimentText": "전기도 많이 먹네요.",
        "SentimentWord": "3",
        "SentimentPolarity": "-1"
      }
    ]
  },
  {
    "Index": "4513",
    "RawText": "바람세기 짱이예요^^ 버튼이 많아서 좀 불편하긴하네요",
    "Source": "SNS",
    "Domain": "가전",
    "MainCategory": "생활/미용/욕실가전",
    "ProductName": "SMF 유럽인증 2200W 전문가용 헤어드라이기 2컬러",
    "ReviewScore": "70",
    "Syllable": "29",
    "Word": "6",
    "RDate": "20211018",
    "GeneralPolarity": "0",
    "Aspects": [
      {
        "Aspect": "기능",
        "SentimentText": "바람세기 짱이예요^^",
        "SentimentWord": "2",
        "SentimentPolarity": "1"
      },
      {
        "Aspect": "조작성",
        "SentimentText": "버튼이 많아서 좀 불편하긴하네요",
        "SentimentWord": "4",
        "SentimentPolarity": "-1"
      }
    ]
  },
  {
    "Index": "4514",
    "RawText": "바람이 그리 전꺼보단 쎄지 않치만 쓸만은 합니다. 앞에볼륨 올리는건포함 아니네요 제품에 무게가 있어 오래 사용하면 손목이 좀 아파요. ㅜ",
    "Source": "SNS",
    "Domain": "가전",
    "MainCategory": "생활/미용/욕실가전",
    "ProductName": "SMF 유럽인증 2200W 전문가용 헤어드라이기 2컬러",
    "ReviewScore": "100",
    "Syllable": "76",
    "Word": "19",
    "RDate": "20210820",
    "GeneralPolarity": "-1",
    "Aspects": [
      {
        "Aspect": "기능",
        "SentimentText": "바람이 그리 전꺼보단 쎄지 않치만 쓸만은 합니다.",
        "SentimentWord": "7",
        "SentimentPolarity": "0"
      },
      {
        "Aspect": "무게",
        "SentimentText": "제품에 무게가 있어 오래 사용하면 손목이 좀 아파요. ㅜ",
        "SentimentWord": "9",
        "SentimentPolarity": "-1"
      }
    ]
  }
]