[
  {
    "Index": "20646",
    "RawText": "청소기가 물걸레로도 닦아주다니~  잘 닦여서 좋아요!!!그동단  핸디형 청소기이용하여  허리 아프면서까지 청소해서 보통 힘든게 아니었어요. 로봇청소기 사용하고부터는 힘들이지 않고 편리하게 청소가 되니 맘에 들어요.",
    "Source": "쇼핑몰",
    "Domain": "가전",
    "MainCategory": "생활/미용/욕실가전",
    "ProductName": "에브리봇 3i",
    "ReviewScore": "5",
    "Syllable": "119",
    "Word": "23",
    "RDate": "20201127",
    "GeneralPolarity": "1",
    "Aspects": [
      {
        "Aspect": "기능",
        "SentimentText": "청소기가 물걸레로도 닦아주다니~  잘 닦여서 좋아요",
        "SentimentWord": "6",
        "SentimentPolarity": "1"
      },
      {
        "Aspect": "편의성",
        "SentimentText": " 힘들이지 않고 편리하게 청소가 되니 맘에 들어요.",
        "SentimentWord": "7",
        "SentimentPolarity": "1"
      }
    ]
  },
  {
    "Index": "20647",
    "RawText": "청소기 돌려보니 청소가 깨끗히 되서 물걸레질 안했는데 바닥은  뽀송하니 만족합니다. 소음은 크지않아서 좋구요~ 예약청소, 자동충전기능까지 매우 맘에 들어요.니다. 디자인또한  무척 이쁘답니다^^",
    "Source": "쇼핑몰",
    "Domain": "가전",
    "MainCategory": "생활/미용/욕실가전",
    "ProductName": "에브리봇 3i",
    "ReviewScore": "5",
    "Syllable": "108",
    "Word": "21",
    "RDate": "20200917",
    "GeneralPolarity": "1",
    "Aspects": [
      {
        "Aspect": "기능",
        "SentimentText": "청소가 깨끗히 되서 물걸레질 안했는데 바닥은  뽀송하니 만족합니다",
        "SentimentWord": "8",
        "SentimentPolarity": "1"
      },
      {
        "Aspect": "소음",
        "SentimentText": "소음은 크지않아서 좋구요~",
        "SentimentWord": "3",
        "SentimentPolarity": "1"
      },
      {
        "Aspect": "기능",
        "SentimentText": " 예약청소, 자동충전기능까지 매우 맘에 들어요.",
        "SentimentWord": "5",
        "SentimentPolarity": "1"
      },
      {
        "Aspect": "디자인",
        "SentimentText": " 디자인또한  무척 이쁘답니다^^",
        "SentimentWord": "3",
        "SentimentPolarity": "1"
      }
    ]
  },
  {
    "Index": "20648",
    "RawText": "물걸레청소 할수 있으니 좋고, 좋은필터 장착 이라니  대만족입니다. 깨끗히 청소 잘되니 흐믓하구요. 소리가  일반청소기에비해 약간 조용하긴한데 소음은 거슬려요.",
    "Source": "쇼핑몰",
    "Domain": "가전",
    "MainCategory": "생활/미용/욕실가전",
    "ProductName": "에브리봇 3i",
    "ReviewScore": "5",
    "Syllable": "89",
    "Word": "18",
    "RDate": "20210130",
    "Aspects": [
      {
        "Aspect": "기능",
        "SentimentText": "물걸레청소 할수 있으니 좋고",
        "SentimentWord": "4",
        "SentimentPolarity": "1"
      },
      {
        "Aspect": "제품구성",
        "SentimentText": "좋은필터 장착 이라니  대만족입니다",
        "SentimentWord": "4",
        "SentimentPolarity": "1"
      },
      {
        "Aspect": "기능",
        "SentimentText": "깨끗히 청소 잘되니 흐믓하구요",
        "SentimentWord": "4",
        "SentimentPolarity": "1"
      },
      {
        "Aspect": "소음",
        "SentimentText": "일반청소기에비해 약간 조용하긴한데 소음은 거슬려요.",
        "SentimentWord": "5",
        "SentimentPolarity": "-1"
      }
    ]
  },
  {
    "Index": "20649",
    "RawText": "물걸레기능이 없는것보단 좋지만, 별도로 할때 보다 아쉽네요.물통은 정말 작아서 불편해요.",
    "Source": "쇼핑몰",
    "Domain": "가전",
    "MainCategory": "생활/미용/욕실가전",
    "ProductName": "에브리봇 3i",
    "ReviewScore": "5",
    "Syllable": "49",
    "Word": "10",
    "RDate": "20201101",
    "GeneralPolarity": "-1",
    "Aspects": [
      {
        "Aspect": "기능",
        "SentimentText": "물걸레기능이 없는것보단 좋지만, 별도로 할때 보다 아쉽네요.",
        "SentimentWord": "7",
        "SentimentPolarity": "-1"
      },
      {
        "Aspect": "편의성",
        "SentimentText": "물통은 정말 작아서 불편해요.",
        "SentimentWord": "4",
        "SentimentPolarity": "-1"
      }
    ]
  },
  {
    "Index": "20651",
    "RawText": "물걸레청소기를 좋아하고, 청소기가 필요하게되서  ㅇㅇㅇ을 구매했어요. 소음이 매우 시끄럽습니다.  다른제품보다  가격은 저렴하게 구입 해서 기분 좋았지만,사용은 소음 심해서 사람 없을때만 해야 합니다ㅠ.ㅠ",
    "Source": "쇼핑몰",
    "Domain": "가전",
    "MainCategory": "생활/미용/욕실가전",
    "ProductName": "에브리봇 3i",
    "ReviewScore": "5",
    "Syllable": "114",
    "Word": "22",
    "RDate": "20220223",
    "GeneralPolarity": "0",
    "Aspects": [
      {
        "Aspect": "소음",
        "SentimentText": "소음이 매우 시끄럽습니다",
        "SentimentWord": "3",
        "SentimentPolarity": "-1"
      },
      {
        "Aspect": "가격",
        "SentimentText": "다른제품보다  가격은 저렴하게 구입 해서 기분 좋았지만",
        "SentimentWord": "7",
        "SentimentPolarity": "1"
      },
      {
        "Aspect": "소음",
        "SentimentText": "사용은 소음 심해서 사람 없을때만 해야 합니다ㅠ.ㅠ",
        "SentimentWord": "7",
        "SentimentPolarity": "-1"
      }
    ]
  },
  {
    "Index": "20652",
    "RawText": "하기싫은 물걸레질도 똘똘하게 잘 닦아 주니 좋은거 같아요.  디자인도 예뻐서 맘에 들어요. 매트위도 문제 없이 다니는것이 기술이 스마트해졌어요. 만족입니다.",
    "Source": "쇼핑몰",
    "Domain": "가전",
    "MainCategory": "생활/미용/욕실가전",
    "ProductName": "에브리봇 3i",
    "ReviewScore": "5",
    "Syllable": "87",
    "Word": "19",
    "RDate": "20200814",
    "GeneralPolarity": "1",
    "Aspects": [
      {
        "Aspect": "기능",
        "SentimentText": " 물걸레질도 똘똘하게 잘 닦아 주니 좋은거 같아요. ",
        "SentimentWord": "7",
        "SentimentPolarity": "1"
      },
      {
        "Aspect": "디자인",
        "SentimentText": "디자인도 예뻐서 맘에 들어요.",
        "SentimentWord": "4",
        "SentimentPolarity": "1"
      },
      {
        "Aspect": "기능",
        "SentimentText": "매트위도 문제 없이 다니는것이 기술이 스마트해졌어요. 만족입니다. ",
        "SentimentWord": "7",
        "SentimentPolarity": "1"
      }
    ]
  },
  {
    "Index": "20653",
    "RawText": "동시에 물걸레청소도 가능 기능이 좋아졌어요.지도 그리며 집 반밖에 안돌아 다녔는데 배터리 방전 배터리성능이 약합니다. ㅠ.ㅠ",
    "Source": "쇼핑몰",
    "Domain": "가전",
    "MainCategory": "생활/미용/욕실가전",
    "ProductName": "에브리봇 3i",
    "ReviewScore": "5",
    "Syllable": "69",
    "Word": "15",
    "RDate": "20201104",
    "GeneralPolarity": "0",
    "Aspects": [
      {
        "Aspect": "기능",
        "SentimentText": "동시에 물걸레청소도 가능 기능이 좋아졌어요.",
        "SentimentWord": "5",
        "SentimentPolarity": "1"
      },
      {
        "Aspect": "배터리",
        "SentimentText": "집 반밖에 안돌아 다녔는데 배터리 방전 배터리성능이 약합니다. ㅠ.ㅠ",
        "SentimentWord": "9",
        "SentimentPolarity": "-1"
      }
    ]
  },
  {
    "Index": "20654",
    "RawText": "청소기 물걸레질도 잘해서 마음에 쏘옥~ 먼지 흡입력도 최고~ 부모님께 선물해주고 싶은 제품이예요.",
    "Source": "쇼핑몰",
    "Domain": "가전",
    "MainCategory": "생활/미용/욕실가전",
    "ProductName": "에브리봇 3i",
    "ReviewScore": "5",
    "Syllable": "54",
    "Word": "12",
    "RDate": "20200829",
    "GeneralPolarity": "1",
    "Aspects": [
      {
        "Aspect": "기능",
        "SentimentText": "청소기 물걸레질도 잘해서 마음에 쏘옥~ ",
        "SentimentWord": "5",
        "SentimentPolarity": "1"
      },
      {
        "Aspect": "기능",
        "SentimentText": "먼지 흡입력도 최고~ ",
        "SentimentWord": "3",
        "SentimentPolarity": "1"
      }
    ]
  },
  {
    "Index": "20655",
    "RawText": "물버리거나 먼지 정리 불편해서 좀 그래요. 물걸레질 할때 기름기는 잘 못 닦아서 아쉬움이 있어요.",
    "Source": "쇼핑몰",
    "Domain": "가전",
    "MainCategory": "생활/미용/욕실가전",
    "ProductName": "에브리봇 3i",
    "ReviewScore": "5",
    "Syllable": "54",
    "Word": "14",
    "RDate": "20200919",
    "GeneralPolarity": "-1",
    "Aspects": [
      {
        "Aspect": "편의성",
        "SentimentText": "물버리거나 먼지 정리 불편해서 좀 그래요.",
        "SentimentWord": "6",
        "SentimentPolarity": "-1"
      },
      {
        "Aspect": "기능",
        "SentimentText": "물걸레질 할때 기름기는 잘 못 닦아서 아쉬움이 있어요.",
        "SentimentWord": "8",
        "SentimentPolarity": "-1"
      }
    ]
  },
  {
    "Index": "20656",
    "RawText": "처음 써보는데 좋은점도 있고 아닌것도 있고 청소기 성능은 그럭저럭 만족 합니다 아휴진짜!! 어플이 이렇게까지 안좋은 후기는 첨 볼정도로 연결이 별로예요.",
    "Source": "쇼핑몰",
    "Domain": "가전",
    "MainCategory": "생활/미용/욕실가전",
    "ProductName": "에브리봇 3i",
    "ReviewScore": "5",
    "Syllable": "85",
    "Word": "20",
    "RDate": "20210910",
    "GeneralPolarity": "-1",
    "Aspects": [
      {
        "Aspect": "기능",
        "SentimentText": "좋은점도 있고 아닌것도 있고 청소기 성능은 그럭저럭 만족 합니다",
        "SentimentWord": "9",
        "SentimentPolarity": "0"
      },
      {
        "Aspect": "조작성",
        "SentimentText": "아휴진짜!! 어플이 이렇게까지 안좋은 후기는 첨 볼정도로 연결이 별로예요.",
        "SentimentWord": "9",
        "SentimentPolarity": "-1"
      }
    ]
  },
  {
    "Index": "20657",
    "RawText": "진짜 좋았던 총알 배송의 위엄~ 소음은 그냥 그냥 쓸만해요. 청소는 깨끗하게 해줘서 좋은것 같아요.",
    "Source": "쇼핑몰",
    "Domain": "가전",
    "MainCategory": "생활/미용/욕실가전",
    "ProductName": "에브리봇 3i",
    "ReviewScore": "5",
    "Syllable": "55",
    "Word": "14",
    "RDate": "20200827",
    "Aspects": [
      {
        "Aspect": "소음",
        "SentimentText": "소음은 그냥 그냥 쓸만해요. ",
        "SentimentWord": "4",
        "SentimentPolarity": "0"
      },
      {
        "Aspect": "기능",
        "SentimentText": " 청소는 깨끗하게 해줘서 좋은것 같아요. ",
        "SentimentWord": "5",
        "SentimentPolarity": "1"
      }
    ]
  },
  {
    "Index": "20658",
    "RawText": "소리는 에코 모드로 돌리면 비교적 조용하고 좋아요 청소하는 성능은 저 보다 더 나은것 같아요.",
    "Source": "쇼핑몰",
    "Domain": "가전",
    "MainCategory": "생활/미용/욕실가전",
    "ProductName": "에브리봇 3i",
    "ReviewScore": "4",
    "Syllable": "52",
    "Word": "14",
    "RDate": "20210910",
    "Aspects": [
      {
        "Aspect": "소음",
        "SentimentText": "소리는 에코 모드로 돌리면 비교적 조용하고 좋아요",
        "SentimentWord": "7",
        "SentimentPolarity": "1"
      },
      {
        "Aspect": "기능",
        "SentimentText": " 청소하는 성능은 저 보다 더 나은것 같아요. ",
        "SentimentWord": "7",
        "SentimentPolarity": "0"
      }
    ]
  },
  {
    "Index": "20659",
    "RawText": "오래 사용해보니 좋아서 선물했어요. 외출끝날때 예약기능으로 설정해놓으면 알아서 척척~~~ 대~~만족이지요. 청소기가 잘 닦아놔서 보송한 바닥을 만날수 있어 좋아요. 소음은 무난한것같아 참을만해요. 외출시 돌리면 되니까~~~ 물비우는거 귀찮고 불편해서 아쉬워요.",
    "Source": "쇼핑몰",
    "Domain": "가전",
    "MainCategory": "생활/미용/욕실가전",
    "ProductName": "에브리봇 3i",
    "ReviewScore": "5",
    "Syllable": "145",
    "Word": "28",
    "RDate": "20201102",
    "GeneralPolarity": "0",
    "Aspects": [
      {
        "Aspect": "기능",
        "SentimentText": "예약기능으로 설정해놓으면 알아서 척척~~~ 대~~만족이지요.",
        "SentimentWord": "5",
        "SentimentPolarity": "1"
      },
      {
        "Aspect": "기능",
        "SentimentText": "청소기가 잘 닦아놔서 보송한 바닥을 만날수 있어 좋아요. ",
        "SentimentWord": "8",
        "SentimentPolarity": "1"
      },
      {
        "Aspect": "소음",
        "SentimentText": " 소음은 무난한것같아 참을만해요.",
        "SentimentWord": "3",
        "SentimentPolarity": "0"
      },
      {
        "Aspect": "편의성",
        "SentimentText": "물비우는거 귀찮고 불편해서 아쉬워요. ",
        "SentimentWord": "4",
        "SentimentPolarity": "-1"
      }
    ]
  },
  {
    "Index": "20660",
    "RawText": "하... 똑똑함은 어디갔는지 멀리 못가고 한곳만 돌아다녀 맵핑기능은 별로인듯요.  이미 사용한거라 반품도 어려워 그냥 쓸수밖에...ㅠ.ㅠ 가격 저렴한 맛에 그냥 쓰렵니다. 품질은 싼게 비지떡 ㅜ.ㅜ",
    "Source": "쇼핑몰",
    "Domain": "가전",
    "MainCategory": "생활/미용/욕실가전",
    "ProductName": "에브리봇 3i",
    "ReviewScore": "1",
    "Syllable": "110",
    "Word": "24",
    "RDate": "20201117",
    "Aspects": [
      {
        "Aspect": "기능",
        "SentimentText": "하... 똑똑함은 어디갔는지 멀리 못가고 한곳만 돌아다녀 맵핑기능은 별로인듯요.",
        "SentimentWord": "9",
        "SentimentPolarity": "-1"
      },
      {
        "Aspect": "가격",
        "SentimentText": "가격 저렴한 맛에 그냥 쓰렵니다. ",
        "SentimentWord": "5",
        "SentimentPolarity": "0"
      },
      {
        "Aspect": "품질",
        "SentimentText": "품질은 싼게 비지떡 ㅜ.ㅜ ",
        "SentimentWord": "4",
        "SentimentPolarity": "-1"
      }
    ]
  },
  {
    "Index": "20661",
    "RawText": "물걸레기능만 있는걸 살지 고민하다 요아이로 겟 가격도 나쁘지 않아 굿!!!! 000 브랜드 인지도 높은거 믿고 구매했어요.",
    "Source": "쇼핑몰",
    "Domain": "가전",
    "MainCategory": "생활/미용/욕실가전",
    "ProductName": "에브리봇 3i",
    "ReviewScore": "5",
    "Syllable": "68",
    "Word": "16",
    "RDate": "20220402",
    "GeneralPolarity": "1",
    "Aspects": [
      {
        "Aspect": "가격",
        "SentimentText": "가격도 나쁘지 않아 굿!!!!",
        "SentimentWord": "4",
        "SentimentPolarity": "1"
      },
      {
        "Aspect": "제조일/제조사",
        "SentimentText": "000 브랜드 인지도 높은거 믿고 구매했어요. ",
        "SentimentWord": "6",
        "SentimentPolarity": "1"
      }
    ]
  },
  {
    "Index": "20663",
    "RawText": "빠른 배송에 앗싸~~~ 맵핑기능 진짜 왜이러나요? 잘 안되어 별로-,- 청소는 물걸레질 잘 되는것이 흡족!!!!! 소리는 그냥 머 평범해서 나쁘지 않아요. 앱 연결시 지도회전 안되는건 아쉽습니다.",
    "Source": "쇼핑몰",
    "Domain": "가전",
    "MainCategory": "생활/미용/욕실가전",
    "ProductName": "에브리봇 3i",
    "ReviewScore": "5",
    "Syllable": "109",
    "Word": "25",
    "RDate": "20211108",
    "Aspects": [
      {
        "Aspect": "기능",
        "SentimentText": "맵핑기능 진짜 왜이러나요? 잘 안되어 별로-,-",
        "SentimentWord": "6",
        "SentimentPolarity": "-1"
      },
      {
        "Aspect": "기능",
        "SentimentText": "청소는 물걸레질 잘 되는것이 흡족!!!!! ",
        "SentimentWord": "5",
        "SentimentPolarity": "1"
      },
      {
        "Aspect": "소음",
        "SentimentText": "소리는 그냥 머 평범해서 나쁘지 않아요.",
        "SentimentWord": "6",
        "SentimentPolarity": "0"
      },
      {
        "Aspect": "조작성",
        "SentimentText": "앱 연결시 지도회전 안되는건 아쉽습니다. ",
        "SentimentWord": "5",
        "SentimentPolarity": "-1"
      }
    ]
  },
  {
    "Index": "20664",
    "RawText": "빠르게 배송와서 좋았습니다. 세일도 많이 해서 싸게 사 신나요.~ 청소기 길 찾아다니며 흡입력좋고 물걸레질 잘해서 좋네요. 만족~~",
    "Source": "쇼핑몰",
    "Domain": "가전",
    "MainCategory": "생활/미용/욕실가전",
    "ProductName": "에브리봇 3i",
    "ReviewScore": "5",
    "Syllable": "73",
    "Word": "17",
    "RDate": "20200916",
    "Aspects": [
      {
        "Aspect": "가격",
        "SentimentText": "세일도 많이 해서 싸게 사 신나요.~",
        "SentimentWord": "6",
        "SentimentPolarity": "1"
      },
      {
        "Aspect": "기능",
        "SentimentText": "길 찾아다니며 흡입력좋고 물걸레질 잘해서 좋네요. 만족~~",
        "SentimentWord": "7",
        "SentimentPolarity": "1"
      }
    ]
  },
  {
    "Index": "20665",
    "RawText": "총알배송~ 굿입니다. 제품 성능은 좋은것 같아요. 소음은 쫌.... 있지만 그냥 쓸만해요. 가격은 착해서 맘에 듭니다.",
    "Source": "쇼핑몰",
    "Domain": "가전",
    "MainCategory": "생활/미용/욕실가전",
    "ProductName": "에브리봇 3i",
    "ReviewScore": "5",
    "Syllable": "66",
    "Word": "15",
    "RDate": "20211125",
    "Aspects": [
      {
        "Aspect": "기능",
        "SentimentText": "제품 성능은 좋은것 같아요. ",
        "SentimentWord": "4",
        "SentimentPolarity": "1"
      },
      {
        "Aspect": "소음",
        "SentimentText": "소음은 쫌.... 있지만 그냥 쓸만해요. ",
        "SentimentWord": "5",
        "SentimentPolarity": "0"
      },
      {
        "Aspect": "가격",
        "SentimentText": "가격은 착해서 맘에 듭니다. ",
        "SentimentWord": "4",
        "SentimentPolarity": "1"
      }
    ]
  },
  {
    "Index": "20666",
    "RawText": "빠르게 배송해주니 만족스러워요. 소음은 거슬리지만 그냥 괜찮아요. 청소를 너무 잘해 숨겨진 먼지를 잘 찾아오는것 같아요. 하하하하",
    "Source": "쇼핑몰",
    "Domain": "가전",
    "MainCategory": "생활/미용/욕실가전",
    "ProductName": "에브리봇 3i",
    "ReviewScore": "5",
    "Syllable": "72",
    "Word": "16",
    "RDate": "20201121",
    "Aspects": [
      {
        "Aspect": "소음",
        "SentimentText": "소음은 거슬리지만 그냥 괜찮아요.",
        "SentimentWord": "4",
        "SentimentPolarity": "0"
      },
      {
        "Aspect": "기능",
        "SentimentText": "청소를 너무 잘해 숨겨진 먼지를 잘 찾아오는것 같아요. 하하하하",
        "SentimentWord": "9",
        "SentimentPolarity": "1"
      }
    ]
  },
  {
    "Index": "20667",
    "RawText": "빠르게 배송해줘서 넘 좋음~~ 소음은 어쩔수 없는건지 거슬리긴해요. 배터리 방전 잘되어 충전자꾸 해야해요.",
    "Source": "쇼핑몰",
    "Domain": "가전",
    "MainCategory": "생활/미용/욕실가전",
    "ProductName": "에브리봇 3i",
    "ReviewScore": "5",
    "Syllable": "59",
    "Word": "13",
    "RDate": "20200917",
    "Aspects": [
      {
        "Aspect": "소음",
        "SentimentText": "소음은 어쩔수 없는건지 거슬리긴해요. ",
        "SentimentWord": "4",
        "SentimentPolarity": "-1"
      },
      {
        "Aspect": "배터리",
        "SentimentText": "배터리 방전 잘되어 충전자꾸 해야해요. ",
        "SentimentWord": "5",
        "SentimentPolarity": "-1"
      }
    ]
  },
  {
    "Index": "20668",
    "RawText": "배송처리 신속해서 놀랐어요. 구석구석을 다니며 깨끗하게 청소해주니 참 뿌듯합니다.  물걸레 청소할때 껄레가 자꾸 빠지는거는 못마땅해요.--",
    "Source": "쇼핑몰",
    "Domain": "가전",
    "MainCategory": "생활/미용/욕실가전",
    "ProductName": "에브리봇 3i",
    "ReviewScore": "5",
    "Syllable": "77",
    "Word": "15",
    "RDate": "20201009",
    "Aspects": [
      {
        "Aspect": "기능",
        "SentimentText": "구석구석을 다니며 깨끗하게 청소해주니 참 뿌듯합니다. ",
        "SentimentWord": "6",
        "SentimentPolarity": "1"
      },
      {
        "Aspect": "품질",
        "SentimentText": "물걸레 청소할때 껄레가 자꾸 빠지는거는 못마땅해요.--",
        "SentimentWord": "6",
        "SentimentPolarity": "-1"
      }
    ]
  },
  {
    "Index": "20669",
    "RawText": "배송은 엄청 빠르게 해줘 만족~~~~ 행사로 저렴하게 잘 사서 흐뭇해요. 청소기가 문턱 넘어다니며 흡입력도 좋아 청소하니 만족해요. 잘산듯",
    "Source": "쇼핑몰",
    "Domain": "가전",
    "MainCategory": "생활/미용/욕실가전",
    "ProductName": "에브리봇 3i",
    "ReviewScore": "5",
    "Syllable": "77",
    "Word": "18",
    "RDate": "20201106",
    "Aspects": [
      {
        "Aspect": "가격",
        "SentimentText": "행사로 저렴하게 잘 사서 흐뭇해요. ",
        "SentimentWord": "5",
        "SentimentPolarity": "1"
      },
      {
        "Aspect": "기능",
        "SentimentText": "흡입력도 좋아 청소하니 만족해요. 잘산듯",
        "SentimentWord": "5",
        "SentimentPolarity": "1"
      }
    ]
  },
  {
    "Index": "20670",
    "RawText": "배송 빨리 해줘서 최고 굿~ 아직 사용전인데 어플 후기가 안좋은글로 가득입니다. 포장도 구겨져서 와서 우울했어요. 물청소 겸용으로 아주 편리하게 사용하고 있습니다. 구매할때 가격이 비쌌던게 옥의 티..ㅠㅠ",
    "Source": "쇼핑몰",
    "Domain": "가전",
    "MainCategory": "생활/미용/욕실가전",
    "ProductName": "에브리봇 3i",
    "ReviewScore": "5",
    "Syllable": "114",
    "Word": "26",
    "RDate": "20210623",
    "Aspects": [
      {
        "Aspect": "편의성",
        "SentimentText": "물청소 겸용으로 아주 편리하게 사용하고 있습니다.",
        "SentimentWord": "6",
        "SentimentPolarity": "1"
      },
      {
        "Aspect": "가격",
        "SentimentText": "구매할때 가격이 비쌌던게 옥의 티..ㅠㅠ",
        "SentimentWord": "5",
        "SentimentPolarity": "-1"
      }
    ]
  },
  {
    "Index": "20671",
    "RawText": "매우빨리 배송되어 굿!!!!! 포장은 어찌나 꼼꼼한지 좋습니다. 흠..... 성능은 좀더 써봐야 ... 그냥 그랬어요. 저소음 모터인가요? 거의 소음을 느끼지 못하고 있어요 색상도 화사한 화이트라서 보고있기만해도 기분이 좋네요.",
    "Source": "쇼핑몰",
    "Domain": "가전",
    "MainCategory": "생활/미용/욕실가전",
    "ProductName": "에브리봇 3i",
    "ReviewScore": "4",
    "Syllable": "127",
    "Word": "27",
    "RDate": "20201015",
    "Aspects": [
      {
        "Aspect": "소음",
        "SentimentText": "저소음 모터인가요? 거의 소음을 느끼지 못하고 있어요",
        "SentimentWord": "7",
        "SentimentPolarity": "1"
      },
      {
        "Aspect": "색상",
        "SentimentText": "색상도 화사한 화이트라서 보고있기만해도 기분이 좋네요.",
        "SentimentWord": "6",
        "SentimentPolarity": "1"
      }
    ]
  },
  {
    "Index": "20672",
    "RawText": "빠름 빠름~ 배송 속도 만족 ^^ 사용해보니 편해서 너무 신세계예요. 지인에게 선물도 했어요. 작동 잘되어 청소 보송하게 해주니 흡족해요.",
    "Source": "쇼핑몰",
    "Domain": "가전",
    "MainCategory": "생활/미용/욕실가전",
    "ProductName": "에브리봇 3i",
    "ReviewScore": "5",
    "Syllable": "77",
    "Word": "19",
    "RDate": "20200916",
    "Aspects": [
      {
        "Aspect": "편의성",
        "SentimentText": "사용해보니 편해서 너무 신세계예요. ",
        "SentimentWord": "4",
        "SentimentPolarity": "1"
      },
      {
        "Aspect": "기능",
        "SentimentText": "작동 잘되어 청소 보송하게 해주니 흡족해요. ",
        "SentimentWord": "6",
        "SentimentPolarity": "1"
      }
    ]
  },
  {
    "Index": "20673",
    "RawText": "충전해도 배터리 방전 쫌...자꾸 충전하러 들어가는거 짜증나요. 청소는 성능 좋아 만족도 갑입니다.",
    "Source": "쇼핑몰",
    "Domain": "가전",
    "MainCategory": "생활/미용/욕실가전",
    "ProductName": "에브리봇 3i",
    "ReviewScore": "4",
    "Syllable": "55",
    "Word": "12",
    "RDate": "20201125",
    "GeneralPolarity": "0",
    "Aspects": [
      {
        "Aspect": "배터리",
        "SentimentText": "충전해도 배터리 방전 쫌...자꾸 충전하러 들어가는거 짜증나요.",
        "SentimentWord": "7",
        "SentimentPolarity": "-1"
      },
      {
        "Aspect": "기능",
        "SentimentText": "청소는 성능 좋아 만족도 갑입니다.",
        "SentimentWord": "5",
        "SentimentPolarity": "1"
      }
    ]
  },
  {
    "Index": "20674",
    "RawText": "제품 사이즈가 좀 크게 느껴져서 별로예요. 맵핑기능은 몹시 신기하고 좋아요. 오래쓰면 좋겠음",
    "Source": "쇼핑몰",
    "Domain": "가전",
    "MainCategory": "생활/미용/욕실가전",
    "ProductName": "에브리봇 3i",
    "ReviewScore": "5",
    "Syllable": "51",
    "Word": "12",
    "RDate": "20200813",
    "GeneralPolarity": "0",
    "Aspects": [
      {
        "Aspect": "사이즈",
        "SentimentText": "제품 사이즈가 좀 크게 느껴져서 별로예요. ",
        "SentimentWord": "6",
        "SentimentPolarity": "-1"
      },
      {
        "Aspect": "기능",
        "SentimentText": "맵핑기능은 몹시 신기하고 좋아요. ",
        "SentimentWord": "4",
        "SentimentPolarity": "1"
      }
    ]
  },
  {
    "Index": "20675",
    "RawText": "어르신 선물용으로 구매했어요.  사이즈가 커서 깜짝 놀라긴했어요. ㅋㅋㅋ 최신형이라 성능은 진짜 좋아요.",
    "Source": "쇼핑몰",
    "Domain": "가전",
    "MainCategory": "생활/미용/욕실가전",
    "ProductName": "에브리봇 3i",
    "ReviewScore": "5",
    "Syllable": "58",
    "Word": "12",
    "RDate": "20200824",
    "GeneralPolarity": "1",
    "Aspects": [
      {
        "Aspect": "사이즈",
        "SentimentText": "사이즈가 커서 깜짝 놀라긴했어요. ㅋㅋㅋ ",
        "SentimentWord": "5",
        "SentimentPolarity": "0"
      },
      {
        "Aspect": "기능",
        "SentimentText": "최신형이라 성능은 진짜 좋아요. ",
        "SentimentWord": "4",
        "SentimentPolarity": "1"
      }
    ]
  },
  {
    "Index": "20677",
    "RawText": "배송은 매우 빨라 기분 좋아요. 소음은 다른 청소기 돌리는 수준이라 괜찮아요. 청소 능력은 탁원해서 추천해요. 좋습니다.",
    "Source": "쇼핑몰",
    "Domain": "가전",
    "MainCategory": "생활/미용/욕실가전",
    "ProductName": "에브리봇 3i",
    "ReviewScore": "5",
    "Syllable": "67",
    "Word": "16",
    "RDate": "20211107",
    "Aspects": [
      {
        "Aspect": "소음",
        "SentimentText": "소음은 다른 청소기 돌리는 수준이라 괜찮아요.",
        "SentimentWord": "6",
        "SentimentPolarity": "0"
      },
      {
        "Aspect": "기능",
        "SentimentText": "청소 능력은 탁원해서 추천해요. 좋습니다.",
        "SentimentWord": "5",
        "SentimentPolarity": "1"
      }
    ]
  },
  {
    "Index": "20678",
    "RawText": "어플이 연동되는 점이 진짜 편하고 사용하기 좋네요 사용해보니 훔... 청소할때 제자리 빙빙 돌때가 있어 불만입니다.",
    "Source": "쇼핑몰",
    "Domain": "가전",
    "MainCategory": "생활/미용/욕실가전",
    "ProductName": "에브리봇 3i",
    "ReviewScore": "4",
    "Syllable": "64",
    "Word": "15",
    "RDate": "20201015",
    "Aspects": [
      {
        "Aspect": "편의성",
        "SentimentText": "어플이 연동되는 점이 진짜 편하고 사용하기 좋네요",
        "SentimentWord": "7",
        "SentimentPolarity": "1"
      },
      {
        "Aspect": "기능",
        "SentimentText": " 훔... 청소할때 제자리 빙빙 돌때가 있어 불만입니다. ",
        "SentimentWord": "7",
        "SentimentPolarity": "-1"
      }
    ]
  },
  {
    "Index": "20679",
    "RawText": "폰으로 청소시작 할수도 있고 구역 지정이나 제한구역 설정할 수 있어서 좋아요 로봇청소기라 그런지 구석은 청소를 못합니다. ㅠ.ㅠ 잘 써볼께요.",
    "Source": "쇼핑몰",
    "Domain": "가전",
    "MainCategory": "생활/미용/욕실가전",
    "ProductName": "에브리봇 3i",
    "ReviewScore": "5",
    "Syllable": "79",
    "Word": "19",
    "RDate": "20211107",
    "Aspects": [
      {
        "Aspect": "조작성",
        "SentimentText": "폰으로 청소시작 할수도 있고 구역 지정이나 제한구역 설정할 수 있어서 좋아요",
        "SentimentWord": "11",
        "SentimentPolarity": "1"
      },
      {
        "Aspect": "기능",
        "SentimentText": "로봇청소기라 그런지 구석은 청소를 못합니다. ㅠ.ㅠ ",
        "SentimentWord": "6",
        "SentimentPolarity": "-1"
      }
    ]
  },
  {
    "Index": "20680",
    "RawText": "내가 한것보다 청소 잘하는듯 만족ㅋㅋㅋㅋ 가성비 진빠 최곱니다. 그동안 이 편한거 없이 어찌 살았을꼬~ 삶의질 급 상승",
    "Source": "쇼핑몰",
    "Domain": "가전",
    "MainCategory": "생활/미용/욕실가전",
    "ProductName": "에브리봇 3i",
    "ReviewScore": "5",
    "Syllable": "66",
    "Word": "17",
    "RDate": "20201118",
    "GeneralPolarity": "1",
    "Aspects": [
      {
        "Aspect": "기능",
        "SentimentText": "내가 한것보다 청소 잘하는듯 만족ㅋㅋㅋㅋ ",
        "SentimentWord": "5",
        "SentimentPolarity": "1"
      },
      {
        "Aspect": "가격",
        "SentimentText": "가성비 진빠 최곱니다. ",
        "SentimentWord": "3",
        "SentimentPolarity": "1"
      },
      {
        "Aspect": "편의성",
        "SentimentText": "그동안 이 편한거 없이 어찌 살았을꼬~ 삶의질 급 상승",
        "SentimentWord": "9",
        "SentimentPolarity": "1"
      }
    ]
  },
  {
    "Index": "20681",
    "RawText": "다들 사용해보면 현타 온다기에 저도 샀습니다. 할인못받아 비싸게 산거는아쉽습니다. 물건 품질 몹시 괜츈아요. 배송도 이정도면 무난한것 같아요. 맵핑기능도 잘 되어 열일 합니다.",
    "Source": "쇼핑몰",
    "Domain": "가전",
    "MainCategory": "생활/미용/욕실가전",
    "ProductName": "에브리봇 3i",
    "ReviewScore": "5",
    "Syllable": "98",
    "Word": "22",
    "RDate": "20200919",
    "Aspects": [
      {
        "Aspect": "가격",
        "SentimentText": "할인못받아 비싸게 산거는아쉽습니다.",
        "SentimentWord": "3",
        "SentimentPolarity": "-1"
      },
      {
        "Aspect": "품질",
        "SentimentText": "물건 품질 몹시 괜츈아요. ",
        "SentimentWord": "4",
        "SentimentPolarity": "1"
      },
      {
        "Aspect": "기능",
        "SentimentText": "맵핑기능도 잘 되어 열일 합니다.",
        "SentimentWord": "5",
        "SentimentPolarity": "1"
      }
    ]
  },
  {
    "Index": "20685",
    "RawText": "품질 좋은 상품에 마음이 놓여요.이제 손으로 청소 안해서 너무 편합니다. 소음은 너무 크게 느껴져서 싫어요.",
    "Source": "쇼핑몰",
    "Domain": "가전",
    "MainCategory": "생활/미용/욕실가전",
    "ProductName": "에브리봇 3i",
    "ReviewScore": "5",
    "Syllable": "60",
    "Word": "15",
    "RDate": "20220122",
    "GeneralPolarity": "0",
    "Aspects": [
      {
        "Aspect": "품질",
        "SentimentText": "품질 좋은 상품에 마음이 놓여요.",
        "SentimentWord": "5",
        "SentimentPolarity": "1"
      },
      {
        "Aspect": "편의성",
        "SentimentText": "이제 손으로 청소 안해서 너무 편합니다. ",
        "SentimentWord": "6",
        "SentimentPolarity": "1"
      },
      {
        "Aspect": "소음",
        "SentimentText": "소음은 너무 크게 느껴져서 싫어요. ",
        "SentimentWord": "5",
        "SentimentPolarity": "-1"
      }
    ]
  },
  {
    "Index": "20686",
    "RawText": "구매 후기가 좋아 선물로 구매 좋아하네요. 가격 할인으로 사서 더 좋습니다. 잠깐 사용하면 다시 충전해야해서 배터리는 그냥 그래서 아쉬웡~",
    "Source": "쇼핑몰",
    "Domain": "가전",
    "MainCategory": "생활/미용/욕실가전",
    "ProductName": "에브리봇 3i",
    "ReviewScore": "5",
    "Syllable": "77",
    "Word": "19",
    "RDate": "20200924",
    "GeneralPolarity": "0",
    "Aspects": [
      {
        "Aspect": "가격",
        "SentimentText": "가격 할인으로 사서 더 좋습니다.",
        "SentimentWord": "5",
        "SentimentPolarity": "1"
      },
      {
        "Aspect": "배터리",
        "SentimentText": "잠깐 사용하면 다시 충전해야해서 배터리는 그냥 그래서 아쉬웡~",
        "SentimentWord": "8",
        "SentimentPolarity": "-1"
      }
    ]
  },
  {
    "Index": "20687",
    "RawText": "의외로 소음이 있어서 거슬립니다. 바닥 쓸고 닦는 청소 기능은 잘 해서 괜찮은거 같아요.인터넷 연결이 바로 되지 않아 안타깝지만 자 사용할것 같아요.",
    "Source": "쇼핑몰",
    "Domain": "가전",
    "MainCategory": "생활/미용/욕실가전",
    "ProductName": "에브리봇 3i",
    "ReviewScore": "5",
    "Syllable": "83",
    "Word": "21",
    "RDate": "20201113",
    "GeneralPolarity": "0",
    "Aspects": [
      {
        "Aspect": "소음",
        "SentimentText": "의외로 소음이 있어서 거슬립니다.",
        "SentimentWord": "4",
        "SentimentPolarity": "-1"
      },
      {
        "Aspect": "기능",
        "SentimentText": "바닥 쓸고 닦는 청소 기능은 잘 해서 괜찮은거 같아요.",
        "SentimentWord": "9",
        "SentimentPolarity": "1"
      },
      {
        "Aspect": "조작성",
        "SentimentText": "인터넷 연결이 바로 되지 않아 안타깝지만 자 사용할것 같아요. ",
        "SentimentWord": "9",
        "SentimentPolarity": "-1"
      }
    ]
  },
  {
    "Index": "20688",
    "RawText": "소음이 커서 전화통화도 방해할정도로 시끄러워요. ㅜ.ㅜ 스마트하다더니 안똑똑~ 그냥 기대했던 것 보단 청소를 잘 못해요.",
    "Source": "쇼핑몰",
    "Domain": "가전",
    "MainCategory": "생활/미용/욕실가전",
    "ProductName": "에브리봇 3i",
    "ReviewScore": "3",
    "Syllable": "67",
    "Word": "15",
    "RDate": "20201105",
    "GeneralPolarity": "-1",
    "Aspects": [
      {
        "Aspect": "소음",
        "SentimentText": "소음이 커서 전화통화도 방해할정도로 시끄러워요. ㅜ.ㅜ",
        "SentimentWord": "6",
        "SentimentPolarity": "-1"
      },
      {
        "Aspect": "기능",
        "SentimentText": "그냥 기대했던 것 보단 청소를 잘 못해요. ",
        "SentimentWord": "7",
        "SentimentPolarity": "-1"
      }
    ]
  },
  {
    "Index": "20689",
    "RawText": "생각외로 사이즈가 커서 놀랐어요 0.0 무게감도 묵직한것이 별로예요. 배송은 만족 바로바로 옵니다. 빨빨 거리며 청소는 세세하게 잘 합니다. 소음은 생각외로 작게 느껴져서 나쁘지 않아요. 어플은 진짜 연결도 잘 안되어 개선이 필요할만큼 최악입니다.",
    "Source": "쇼핑몰",
    "Domain": "가전",
    "MainCategory": "생활/미용/욕실가전",
    "ProductName": "에브리봇 3i",
    "ReviewScore": "4",
    "Syllable": "138",
    "Word": "32",
    "RDate": "20200916",
    "Aspects": [
      {
        "Aspect": "사이즈",
        "SentimentText": "생각외로 사이즈가 커서 놀랐어요 0.0 ",
        "SentimentWord": "5",
        "SentimentPolarity": "0"
      },
      {
        "Aspect": "무게",
        "SentimentText": "무게감도 묵직한것이 별로예요. ",
        "SentimentWord": "3",
        "SentimentPolarity": "-1"
      },
      {
        "Aspect": "기능",
        "SentimentText": "빨빨 거리며 청소는 세세하게 잘 합니다.",
        "SentimentWord": "6",
        "SentimentPolarity": "1"
      },
      {
        "Aspect": "소음",
        "SentimentText": "소음은 생각외로 작게 느껴져서 나쁘지 않아요. ",
        "SentimentWord": "6",
        "SentimentPolarity": "0"
      },
      {
        "Aspect": "조작성",
        "SentimentText": "어플은 진짜 연결도 잘 안되어 개선이 필요할만큼 최악입니다. ",
        "SentimentWord": "8",
        "SentimentPolarity": "-1"
      }
    ]
  },
  {
    "Index": "20690",
    "RawText": "떨어뜨려도 안깨지는 것이 튼튼해서 좋아요. 똑소리나게 움직이며 청소를 싺 해놓으니 편안해요. 센서기능이 약해 쿵~ 부딪힘이 많아서 안타까워요.",
    "Source": "쇼핑몰",
    "Domain": "가전",
    "MainCategory": "생활/미용/욕실가전",
    "ProductName": "에브리봇 3i",
    "ReviewScore": "5",
    "Syllable": "79",
    "Word": "17",
    "RDate": "20201105",
    "GeneralPolarity": "0",
    "Aspects": [
      {
        "Aspect": "내구성",
        "SentimentText": "떨어뜨려도 안깨지는 것이 튼튼해서 좋아요.",
        "SentimentWord": "5",
        "SentimentPolarity": "1"
      },
      {
        "Aspect": "편의성",
        "SentimentText": " 똑소리나게 움직이며 청소를 싺 해놓으니 편안해요. ",
        "SentimentWord": "6",
        "SentimentPolarity": "1"
      },
      {
        "Aspect": "기능",
        "SentimentText": "센서기능이 약해 쿵~ 부딪힘이 많아서 안타까워요. ",
        "SentimentWord": "6",
        "SentimentPolarity": "-1"
      }
    ]
  },
  {
    "Index": "20692",
    "RawText": "청소 성능은 매우 우수해서 좋습니다. 작동은 버튼 잘눌리고 조작이 쉬워 괜찮아요. 부자되세요.",
    "Source": "쇼핑몰",
    "Domain": "가전",
    "MainCategory": "생활/미용/욕실가전",
    "ProductName": "에브리봇 3i",
    "ReviewScore": "5",
    "Syllable": "52",
    "Word": "12",
    "RDate": "20201208",
    "GeneralPolarity": "1",
    "Aspects": [
      {
        "Aspect": "기능",
        "SentimentText": "청소 성능은 매우 우수해서 좋습니다. ",
        "SentimentWord": "5",
        "SentimentPolarity": "1"
      },
      {
        "Aspect": "조작성",
        "SentimentText": "작동은 버튼 잘눌리고 조작이 쉬워 괜찮아요. ",
        "SentimentWord": "6",
        "SentimentPolarity": "1"
      }
    ]
  },
  {
    "Index": "20693",
    "RawText": "잔잔한 소리정도라 적당합니다. 이곳저곳 잘 다니며 청소 잘~ 합니다. 물걸레 기능은 약해서 아쉬움이 남아요.",
    "Source": "쇼핑몰",
    "Domain": "가전",
    "MainCategory": "생활/미용/욕실가전",
    "ProductName": "에브리봇 3i",
    "ReviewScore": "3",
    "Syllable": "60",
    "Word": "14",
    "RDate": "20201005",
    "GeneralPolarity": "0",
    "Aspects": [
      {
        "Aspect": "소음",
        "SentimentText": "잔잔한 소리정도라 적당합니다.",
        "SentimentWord": "3",
        "SentimentPolarity": "0"
      },
      {
        "Aspect": "기능",
        "SentimentText": "이곳저곳 잘 다니며 청소 잘~ 합니다.",
        "SentimentWord": "6",
        "SentimentPolarity": "1"
      },
      {
        "Aspect": "기능",
        "SentimentText": " 물걸레 기능은 약해서 아쉬움이 남아요. ",
        "SentimentWord": "5",
        "SentimentPolarity": "-1"
      }
    ]
  },
  {
    "Index": "20694",
    "RawText": "기계 소리가 크게 들려 별로예요. 잘 찾아 다니며 걸레질도 잘해서 기특합니다.",
    "Source": "쇼핑몰",
    "Domain": "가전",
    "MainCategory": "생활/미용/욕실가전",
    "ProductName": "에브리봇 3i",
    "ReviewScore": "5",
    "Syllable": "43",
    "Word": "11",
    "RDate": "20200817",
    "GeneralPolarity": "0",
    "Aspects": [
      {
        "Aspect": "소음",
        "SentimentText": "기계 소리가 크게 들려 별로예요.",
        "SentimentWord": "5",
        "SentimentPolarity": "-1"
      },
      {
        "Aspect": "기능",
        "SentimentText": "잘 찾아 다니며 걸레질도 잘해서 기특합니다. ",
        "SentimentWord": "6",
        "SentimentPolarity": "1"
      }
    ]
  },
  {
    "Index": "20696",
    "RawText": "일반청소기 수준의 소음이라 만족이예요. 앱을 깔아 연결하는것도 너무 쉬워요. 흡입력도 좋아 청소가 잘됩니다. ^^ 먼지 정리도 많이 편리해요. 엄지 척~~",
    "Source": "쇼핑몰",
    "Domain": "가전",
    "MainCategory": "생활/미용/욕실가전",
    "ProductName": "에브리봇 3i",
    "ReviewScore": "5",
    "Syllable": "86",
    "Word": "20",
    "RDate": "20201115",
    "GeneralPolarity": "1",
    "Aspects": [
      {
        "Aspect": "소음",
        "SentimentText": "일반청소기 수준의 소음이라 만족이예요. ",
        "SentimentWord": "4",
        "SentimentPolarity": "1"
      },
      {
        "Aspect": "조작성",
        "SentimentText": "앱을 깔아 연결하는것도 너무 쉬워요. ",
        "SentimentWord": "5",
        "SentimentPolarity": "1"
      },
      {
        "Aspect": "기능",
        "SentimentText": "흡입력도 좋아 청소가 잘됩니다. ^^",
        "SentimentWord": "5",
        "SentimentPolarity": "1"
      },
      {
        "Aspect": "편의성",
        "SentimentText": "먼지 정리도 많이 편리해요. 엄지 척~~",
        "SentimentWord": "6",
        "SentimentPolarity": "1"
      }
    ]
  },
  {
    "Index": "20697",
    "RawText": "반질 반질 청소를 엄청 잘하고 다녀 좋습니다. 소음은 다 그렇듯 견딜만한 정도예요.센서기능이 약해 인식을 잘 못해 굴러떨어지는 건 어쩔....ㅠ.ㅠ 하여튼...만족은 합니다.",
    "Source": "쇼핑몰",
    "Domain": "가전",
    "MainCategory": "생활/미용/욕실가전",
    "ProductName": "에브리봇 3i",
    "ReviewScore": "5",
    "Syllable": "97",
    "Word": "21",
    "RDate": "20200924",
    "GeneralPolarity": "0",
    "Aspects": [
      {
        "Aspect": "기능",
        "SentimentText": "반질 반질 청소를 엄청 잘하고 다녀 좋습니다. ",
        "SentimentWord": "7",
        "SentimentPolarity": "1"
      },
      {
        "Aspect": "소음",
        "SentimentText": "소음은 다 그렇듯 견딜만한 정도예요.",
        "SentimentWord": "5",
        "SentimentPolarity": "0"
      },
      {
        "Aspect": "기능",
        "SentimentText": "센서기능이 약해 인식을 잘 못해 굴러떨어지는 건 어쩔....ㅠ.ㅠ ",
        "SentimentWord": "8",
        "SentimentPolarity": "-1"
      }
    ]
  },
  {
    "Index": "20698",
    "RawText": "소음은 안커서 좋아요. 오~성능이 좋아 매트는 잘 넘어 다님 그동안 청소 하기 싫었던곳도 알아서해주니 삶의 질이 확~~ 땡큐~",
    "Source": "쇼핑몰",
    "Domain": "가전",
    "MainCategory": "생활/미용/욕실가전",
    "ProductName": "에브리봇 3i",
    "ReviewScore": "5",
    "Syllable": "70",
    "Word": "18",
    "RDate": "20200919",
    "GeneralPolarity": "1",
    "Aspects": [
      {
        "Aspect": "소음",
        "SentimentText": "소음은 안커서 좋아요.",
        "SentimentWord": "3",
        "SentimentPolarity": "1"
      },
      {
        "Aspect": "기능",
        "SentimentText": "오~성능이 좋아 매트는 잘 넘어 다님",
        "SentimentWord": "6",
        "SentimentPolarity": "1"
      },
      {
        "Aspect": "편의성",
        "SentimentText": "그동안 청소 하기 싫었던곳도 알아서해주니 삶의 질이 확~~ 땡큐~",
        "SentimentWord": "9",
        "SentimentPolarity": "1"
      }
    ]
  },
  {
    "Index": "20699",
    "RawText": "약간의 소음이 있어 아쉬워요. 청소전 바닥 정리해주는건 불편해요. 잘 쓰겠습니다.",
    "Source": "쇼핑몰",
    "Domain": "가전",
    "MainCategory": "생활/미용/욕실가전",
    "ProductName": "에브리봇 3i",
    "ReviewScore": "5",
    "Syllable": "45",
    "Word": "10",
    "RDate": "20220115",
    "GeneralPolarity": "-1",
    "Aspects": [
      {
        "Aspect": "소음",
        "SentimentText": "약간의 소음이 있어 아쉬워요.",
        "SentimentWord": "4",
        "SentimentPolarity": "-1"
      },
      {
        "Aspect": "편의성",
        "SentimentText": "청소전 바닥 정리해주는건 불편해요. ",
        "SentimentWord": "4",
        "SentimentPolarity": "-1"
      }
    ]
  },
  {
    "Index": "20700",
    "RawText": "약간의 소음이 있는데 나쁘지 않아요. 청소구역이 정해져있으니 이곳저곳 청소가 잘 됩니다.  물걸레기능이 있어 너무 좋아요.^^",
    "Source": "쇼핑몰",
    "Domain": "가전",
    "MainCategory": "생활/미용/욕실가전",
    "ProductName": "에브리봇 3i",
    "ReviewScore": "4",
    "Syllable": "70",
    "Word": "15",
    "RDate": "20200730",
    "GeneralPolarity": "1",
    "Aspects": [
      {
        "Aspect": "소음",
        "SentimentText": "약간의 소음이 있는데 나쁘지 않아요. ",
        "SentimentWord": "5",
        "SentimentPolarity": "0"
      },
      {
        "Aspect": "기능",
        "SentimentText": "청소구역이 정해져있으니 이곳저곳 청소가 잘 됩니다. ",
        "SentimentWord": "6",
        "SentimentPolarity": "1"
      },
      {
        "Aspect": "기능",
        "SentimentText": " 물걸레기능이 있어 너무 좋아요.^^",
        "SentimentWord": "4",
        "SentimentPolarity": "1"
      }
    ]
  },
  {
    "Index": "20701",
    "RawText": "소음이 작지는 않아서 실망 이에요. 힘들이지 않아도 혼자서  다니면서 청소를 해서 편해요 .  청소후 깨끗 하진 않아서 살짝 불편해요.",
    "Source": "쇼핑몰",
    "Domain": "가전",
    "MainCategory": "생활/미용/욕실가전",
    "ProductName": "에브리봇 3i",
    "ReviewScore": "3",
    "Syllable": "75",
    "Word": "19",
    "RDate": "20200925",
    "GeneralPolarity": "-1",
    "Aspects": [
      {
        "Aspect": "소음",
        "SentimentText": "소음이 작지는 않아서 실망 이에요",
        "SentimentWord": "5",
        "SentimentPolarity": "-1"
      },
      {
        "Aspect": "편의성",
        "SentimentText": "힘들이지 않아도 혼자서  다니면서 청소를 해서 편해요 ",
        "SentimentWord": "7",
        "SentimentPolarity": "1"
      },
      {
        "Aspect": "기능",
        "SentimentText": "청소후 깨끗 하진 않아서 살짝 불편해요.",
        "SentimentWord": "6",
        "SentimentPolarity": "-1"
      }
    ]
  },
  {
    "Index": "20702",
    "RawText": "솔직하게 기존에 썼던 제품보다는  시끄러워서 거슬려요.  밤 10시에는  돌릴수 없어요ㅠ.ㅠ 청소는 깨끗히  잘 되서 좋아요! 계속  청소가 잘되길 기대 합니다~",
    "Source": "쇼핑몰",
    "Domain": "가전",
    "MainCategory": "생활/미용/욕실가전",
    "ProductName": "에브리봇 3i",
    "ReviewScore": "5",
    "Syllable": "90",
    "Word": "20",
    "RDate": "20211113",
    "GeneralPolarity": "0",
    "Aspects": [
      {
        "Aspect": "소음",
        "SentimentText": "솔직하게 기존에 썼던 제품보다는  시끄러워서 거슬려요.",
        "SentimentWord": "6",
        "SentimentPolarity": "-1"
      },
      {
        "Aspect": "기능",
        "SentimentText": "청소는 깨끗히  잘 되서 좋아요! ",
        "SentimentWord": "5",
        "SentimentPolarity": "1"
      }
    ]
  },
  {
    "Index": "20703",
    "RawText": "송풍때문에 주변엔 먼지 날리는 부분이 좀 있어서 불편해요. 매우 세심하게 흡입되는 모습이 만족스러워요^^",
    "Source": "쇼핑몰",
    "Domain": "가전",
    "MainCategory": "생활/미용/욕실가전",
    "ProductName": "에브리봇 3i",
    "ReviewScore": "4",
    "Syllable": "58",
    "Word": "13",
    "RDate": "20211128",
    "GeneralPolarity": "0",
    "Aspects": [
      {
        "Aspect": "기능",
        "SentimentText": "송풍때문에 주변엔 먼지 날리는 부분이 좀 있어서 불편해요.",
        "SentimentWord": "8",
        "SentimentPolarity": "-1"
      },
      {
        "Aspect": "기능",
        "SentimentText": "매우 세심하게 흡입되는 모습이 만족스러워요^^",
        "SentimentWord": "5",
        "SentimentPolarity": "1"
      }
    ]
  },
  {
    "Index": "20704",
    "RawText": "쇼파,거실장 밑까지도 잘 돌아다니며 구석 구석 청소하니 힘들이지 않고 청소되어 편리합니다. 청소 깨끗히 잘되서 기분이 좋아요^^기능을  천천히 배우면 되고, 지금은 충전하고 있어요~",
    "Source": "쇼핑몰",
    "Domain": "가전",
    "MainCategory": "생활/미용/욕실가전",
    "ProductName": "에브리봇 3i",
    "ReviewScore": "5",
    "Syllable": "101",
    "Word": "22",
    "RDate": "20210906",
    "GeneralPolarity": "1",
    "Aspects": [
      {
        "Aspect": "편의성",
        "SentimentText": "잘 돌아다니며 구석 구석 청소하니 힘들이지 않고 청소되어 편리합니다.",
        "SentimentWord": "9",
        "SentimentPolarity": "1"
      },
      {
        "Aspect": "기능",
        "SentimentText": "청소 깨끗히 잘되서 기분이 좋아요^^",
        "SentimentWord": "5",
        "SentimentPolarity": "1"
      }
    ]
  },
  {
    "Index": "20705",
    "RawText": "쇼파ㆍ침대 밑을 쉽게 청소하려고 구매해서 좋아요.청소는 깨끗하게 잘 되서 만족합니다.소음이 생각외로 적지만 계속 듣기에는시끄럽네요.",
    "Source": "쇼핑몰",
    "Domain": "가전",
    "MainCategory": "생활/미용/욕실가전",
    "ProductName": "에브리봇 3i",
    "ReviewScore": "5",
    "Syllable": "73",
    "Word": "14",
    "RDate": "20220323",
    "GeneralPolarity": "0",
    "Aspects": [
      {
        "Aspect": "기능",
        "SentimentText": "청소는 깨끗하게 잘 되서 만족합니다",
        "SentimentWord": "5",
        "SentimentPolarity": "1"
      },
      {
        "Aspect": "소음",
        "SentimentText": "소음이 생각외로 적지만 계속 듣기에는시끄럽네요",
        "SentimentWord": "5",
        "SentimentPolarity": "-1"
      }
    ]
  },
  {
    "Index": "20706",
    "RawText": "아후 시끄럽습니다. 소음나빠요. 퇴근할때 예약기능 해놓으면 청소는 잘해 놓아 만족해요.",
    "Source": "쇼핑몰",
    "Domain": "가전",
    "MainCategory": "생활/미용/욕실가전",
    "ProductName": "에브리봇 3i",
    "ReviewScore": "5",
    "Syllable": "48",
    "Word": "10",
    "RDate": "20210401",
    "GeneralPolarity": "0",
    "Aspects": [
      {
        "Aspect": "소음",
        "SentimentText": "아후 시끄럽습니다. 소음나빠요. ",
        "SentimentWord": "3",
        "SentimentPolarity": "-1"
      },
      {
        "Aspect": "기능",
        "SentimentText": "퇴근할때 예약기능해놓으면 청소는 잘해 놓아 만족해요.  ",
        "SentimentWord": "6",
        "SentimentPolarity": "1"
      }
    ]
  },
  {
    "Index": "20707",
    "RawText": "생각보다 알아서 돌아다니면서 청소해서 신기하고, 편리합니다. 자동충전되고 금지구역도 안가며, 현관에서 떨어지지 않는 똑똑한 기능들이 많아서 기뻐요~",
    "Source": "쇼핑몰",
    "Domain": "가전",
    "MainCategory": "생활/미용/욕실가전",
    "ProductName": "에브리봇 3i",
    "ReviewScore": "5",
    "Syllable": "82",
    "Word": "16",
    "RDate": "20200918",
    "GeneralPolarity": "1",
    "Aspects": [
      {
        "Aspect": "편의성",
        "SentimentText": " 생각보다 알아서 돌아다니면서 청소해서 신기하고,편리합니다.",
        "SentimentWord": "5",
        "SentimentPolarity": "1"
      },
      {
        "Aspect": "기능",
        "SentimentText": "자동충전되고 금지구역도 안가며, 현관에서 떨어지지 않는 똑똑한 기능들이 많아서 기뻐요~",
        "SentimentWord": "10",
        "SentimentPolarity": "1"
      }
    ]
  },
  {
    "Index": "20708",
    "RawText": "남푠이 사준 선물이예요. 청소하난 기가막히게 잘합니다. 핸드폰어플 설치후 연결해 작동시킬수 있어 좋습니다. 타사제품에 뒤지지 않은 품질이라 좋네요.",
    "Source": "쇼핑몰",
    "Domain": "가전",
    "MainCategory": "생활/미용/욕실가전",
    "ProductName": "에브리봇 3i",
    "ReviewScore": "5",
    "Syllable": "82",
    "Word": "17",
    "RDate": "20210914",
    "GeneralPolarity": "1",
    "Aspects": [
      {
        "Aspect": "기능",
        "SentimentText": "청소하난 기가막히게 잘합니다.",
        "SentimentWord": "3",
        "SentimentPolarity": "1"
      },
      {
        "Aspect": "조작성",
        "SentimentText": "핸드폰어플 설치후 연결해 작동시킬수 있어 좋습니다.",
        "SentimentWord": "6",
        "SentimentPolarity": "1"
      },
      {
        "Aspect": "품질",
        "SentimentText": "타사제품에 뒤지지 않은 품질이라 좋네요. ",
        "SentimentWord": "5",
        "SentimentPolarity": "1"
      }
    ]
  },
  {
    "Index": "20709",
    "RawText": "소음없이 조용하게 청소가 되서 좋고 무게감이 묵직해서 사용에 지장없이 좋았습니다",
    "Source": "쇼핑몰",
    "Domain": "가전",
    "MainCategory": "생활/미용/욕실가전",
    "ProductName": "에브리봇 3i",
    "ReviewScore": "5",
    "Syllable": "44",
    "Word": "10",
    "RDate": "20201107",
    "GeneralPolarity": "1",
    "Aspects": [
      {
        "Aspect": "소음",
        "SentimentText": "소음없이 조용하게 청소가 되서 좋고",
        "SentimentWord": "5",
        "SentimentPolarity": "1"
      },
      {
        "Aspect": "무게",
        "SentimentText": "무게감이 묵직해서 사용에 지장없이 좋았습니다",
        "SentimentWord": "5",
        "SentimentPolarity": "1"
      }
    ]
  },
  {
    "Index": "20710",
    "RawText": "저렴하게 잘 산거같습니다 문턱도 잘 넘고 무선청소기보다 흡입력도 세고 물걸레질도 잘 하고 다니네요",
    "Source": "쇼핑몰",
    "Domain": "가전",
    "MainCategory": "생활/미용/욕실가전",
    "ProductName": "에브리봇 3i",
    "ReviewScore": "5",
    "Syllable": "54",
    "Word": "13",
    "RDate": "20201112",
    "Aspects": [
      {
        "Aspect": "가격",
        "SentimentText": "저렴하게 잘 산거같습니다",
        "SentimentWord": "3",
        "SentimentPolarity": "1"
      },
      {
        "Aspect": "기능",
        "SentimentText": "문턱도 잘 넘고 무선청소기보다 흡입력도 세고 물걸레질도 잘 하고 다니네요",
        "SentimentWord": "10",
        "SentimentPolarity": "1"
      }
    ]
  },
  {
    "Index": "20711",
    "RawText": "사용해보고 성능 좋아서 시어머니 선물용으로 또 샀습니다ㅋㅋ흡수력도 좋고 물걸레도 해줘서 정말 편해요ㅎㅎ시어머니도 넘 편하다고 대만족하셨어요",
    "Source": "쇼핑몰",
    "Domain": "가전",
    "MainCategory": "생활/미용/욕실가전",
    "ProductName": "에브리봇 3i",
    "ReviewScore": "5",
    "Syllable": "77",
    "Word": "15",
    "RDate": "20201112",
    "GeneralPolarity": "1",
    "Aspects": [
      {
        "Aspect": "기능",
        "SentimentText": "사용해보고 성능 좋아서 시어머니 선물용으로 또 샀습니다ㅋㅋ 흡수력도 좋고",
        "SentimentWord": "9",
        "SentimentPolarity": "1"
      },
      {
        "Aspect": "편의성",
        "SentimentText": " 물걸레도 해줘서 정말 편해요ㅎㅎ",
        "SentimentWord": "4",
        "SentimentPolarity": "1"
      }
    ]
  },
  {
    "Index": "20712",
    "RawText": "사용해보니 많이 편한것 같아요. 그래서 선물했어요. 어르신도 전원만 켜주면 되니 사용법이 간단해 좋습니다. 사은품으로 걸레를 안주는건 조금 아쉬워요.",
    "Source": "쇼핑몰",
    "Domain": "가전",
    "MainCategory": "생활/미용/욕실가전",
    "ProductName": "에브리봇 3i",
    "ReviewScore": "4",
    "Syllable": "83",
    "Word": "18",
    "RDate": "20201105",
    "GeneralPolarity": "1",
    "Aspects": [
      {
        "Aspect": "조작성",
        "SentimentText": "어르신도 전원만 켜주면 되니 사용법이 간단해 좋습니다. ",
        "SentimentWord": "7",
        "SentimentPolarity": "1"
      },
      {
        "Aspect": "제품구성",
        "SentimentText": "사은품으로 걸레를 안주는건 조금 아쉬워요. ",
        "SentimentWord": "5",
        "SentimentPolarity": "0"
      }
    ]
  },
  {
    "Index": "20713",
    "RawText": "깨끗히 쓸고 닦아줘서 좋네요. 생각보다 조용한편이라서 소음 걱정 없어요!엄마가 이용시 리모콘은 없어서  불편하고 아쉬워요.앱연결해서  조정하는건 어려워요ㅠㅠ  전체적으로는 대만족입니다^^",
    "Source": "쇼핑몰",
    "Domain": "가전",
    "MainCategory": "생활/미용/욕실가전",
    "ProductName": "에브리봇 3i",
    "ReviewScore": "5",
    "Syllable": "104",
    "Word": "18",
    "RDate": "20200905",
    "Aspects": [
      {
        "Aspect": "기능",
        "SentimentText": "깨끗히 쓸고 닦아줘서 좋네요. ",
        "SentimentWord": "4",
        "SentimentPolarity": "1"
      },
      {
        "Aspect": "소음",
        "SentimentText": "생각보다 조용한편이라서 소음 걱정 없어요!",
        "SentimentWord": "5",
        "SentimentPolarity": "1"
      },
      {
        "Aspect": "제품구성",
        "SentimentText": " 리모콘은 없어서  불편하고 아쉬워요",
        "SentimentWord": "4",
        "SentimentPolarity": "-1"
      },
      {
        "Aspect": "조작성",
        "SentimentText": "앱연결해서  조정하는건 어려워요ㅠㅠ",
        "SentimentWord": "3",
        "SentimentPolarity": "-1"
      }
    ]
  },
  {
    "Index": "20714",
    "RawText": "000전자는 이모님이라 불릴만큼 유명하죠. 출산후 내몸 보호를 위해 사용하는데 너무 편해서 행복해요. ^^ 진즉살껄~~",
    "Source": "쇼핑몰",
    "Domain": "가전",
    "MainCategory": "생활/미용/욕실가전",
    "ProductName": "에브리봇 3i",
    "ReviewScore": "5",
    "Syllable": "66",
    "Word": "14",
    "RDate": "20200813",
    "GeneralPolarity": "1",
    "Aspects": [
      {
        "Aspect": "제조일/제조사",
        "SentimentText": "000전자는 이모님이라 불릴만큼 유명하죠.",
        "SentimentWord": "4",
        "SentimentPolarity": "1"
      },
      {
        "Aspect": "편의성",
        "SentimentText": "내몸 보호를 위해 사용하는데 너무 편해서 행복해요. ^^ ",
        "SentimentWord": "8",
        "SentimentPolarity": "1"
      }
    ]
  },
  {
    "Index": "20715",
    "RawText": "매우 똑똑하게  돌아다니고 청소를 아주 잘해서 만족스러워요~이렇게  편리해서 삶의질이 높아질 줄 몰랐죠~너무 좋아요!!",
    "Source": "쇼핑몰",
    "Domain": "가전",
    "MainCategory": "생활/미용/욕실가전",
    "ProductName": "에브리봇 3i",
    "ReviewScore": "5",
    "Syllable": "66",
    "Word": "13",
    "RDate": "20210915",
    "GeneralPolarity": "1",
    "Aspects": [
      {
        "Aspect": "기능",
        "SentimentText": " 청소를 아주 잘해서 만족스러워요~",
        "SentimentWord": "4",
        "SentimentPolarity": "1"
      },
      {
        "Aspect": "편의성",
        "SentimentText": "이렇게  편리해서 삶의질이 높아질 줄 몰랐죠~너무 좋아요!!",
        "SentimentWord": "7",
        "SentimentPolarity": "1"
      }
    ]
  },
  {
    "Index": "20717",
    "RawText": "매일 청소하는거 힘들었는데 손 안데도 다 해주니 너무 편해요. 처음이라 청소도 시간이 걸리고 속도가 느려서 답답했어요.",
    "Source": "쇼핑몰",
    "Domain": "가전",
    "MainCategory": "생활/미용/욕실가전",
    "ProductName": "에브리봇 3i",
    "ReviewScore": "5",
    "Syllable": "66",
    "Word": "16",
    "RDate": "20200805",
    "GeneralPolarity": "0",
    "Aspects": [
      {
        "Aspect": "편의성",
        "SentimentText": "손 안데도 다 해주니 너무 편해요. ",
        "SentimentWord": "6",
        "SentimentPolarity": "1"
      },
      {
        "Aspect": "시간/속도",
        "SentimentText": "처음이라 청소도 시간이 걸리고 속도가 느려서 답답했어요. ",
        "SentimentWord": "7",
        "SentimentPolarity": "-1"
      }
    ]
  },
  {
    "Index": "20718",
    "RawText": "ㅇㅇㅇ 물걸레 청소기 사용했을때  진짜  좋았어요.로봇청소기도 브랜드 믿고 구입했어요!!!!역시나 기대한대로 청소가 깨끗이 잘되서 매우 좋네요.좋은제품 감사해요.잘 쓰겠습니다~",
    "Source": "쇼핑몰",
    "Domain": "가전",
    "MainCategory": "생활/미용/욕실가전",
    "ProductName": "에브리봇 3i",
    "ReviewScore": "5",
    "Syllable": "98",
    "Word": "17",
    "RDate": "20210921",
    "GeneralPolarity": "1",
    "Aspects": [
      {
        "Aspect": "제조일/제조사",
        "SentimentText": "로봇청소기도 브랜드 믿고 구입했어요!!!!",
        "SentimentWord": "4",
        "SentimentPolarity": "1"
      },
      {
        "Aspect": "기능",
        "SentimentText": "역시나 기대한대로 청소가 깨끗이 잘되서 매우 좋네요.",
        "SentimentWord": "7",
        "SentimentPolarity": "1"
      }
    ]
  },
  {
    "Index": "20719",
    "RawText": "어플설정 한번에 연결되어 작동 굿~ 맵핑기능도 잘 인식해서 완료시키는거 보니 만족 매우 만족 스러워요.",
    "Source": "쇼핑몰",
    "Domain": "가전",
    "MainCategory": "생활/미용/욕실가전",
    "ProductName": "에브리봇 3i",
    "ReviewScore": "5",
    "Syllable": "57",
    "Word": "14",
    "RDate": "20200816",
    "GeneralPolarity": "1",
    "Aspects": [
      {
        "Aspect": "조작성",
        "SentimentText": "어플설정 한번에 연결되어 작동 굿~ ",
        "SentimentWord": "5",
        "SentimentPolarity": "1"
      },
      {
        "Aspect": "기능",
        "SentimentText": "맵핑기능도 잘 인식해서 완료시키는거 보니 만족 매우 만족 스러워요. ",
        "SentimentWord": "9",
        "SentimentPolarity": "1"
      }
    ]
  },
  {
    "Index": "20720",
    "RawText": "앱에 거주국가 사용불가라고 사용등록 되지 않네요. 황당하죠~ 고객센터 연결조차 안되서  난감해요ㅠ.ㅠ이런 후기 올리면 연락 올까요? 원하는 설정이 안되어 사용하기 힘들었지만 깨끗하게 청소되는 성능이 대 만족입니다!!",
    "Source": "쇼핑몰",
    "Domain": "가전",
    "MainCategory": "생활/미용/욕실가전",
    "ProductName": "에브리봇 3i",
    "ReviewScore": "4",
    "Syllable": "120",
    "Word": "25",
    "RDate": "20211108",
    "Aspects": [
      {
        "Aspect": "조작성",
        "SentimentText": "앱에 거주국가 사용불가라고 사용등록 되지 않네요. 황당하죠~ ",
        "SentimentWord": "7",
        "SentimentPolarity": "-1"
      },
      {
        "Aspect": "조작성",
        "SentimentText": "원하는 설정이 안되어 사용하기 힘들었지만",
        "SentimentWord": "5",
        "SentimentPolarity": "-1"
      },
      {
        "Aspect": "기능",
        "SentimentText": "깨끗하게 청소되는 성능이 대 만족입니다!!",
        "SentimentWord": "5",
        "SentimentPolarity": "1"
      }
    ]
  },
  {
    "Index": "20721",
    "RawText": "처음 사용해보니 같은곳만 뱅뱅 맴돌고 갔던곳만 가고 청소를 너무 못해 짜증나요.  흡입력도 제로 먼지를 제대로 흡입시키지못해 못마땅.... 속터져요. 갖다 버리고 싶어요.",
    "Source": "쇼핑몰",
    "Domain": "가전",
    "MainCategory": "생활/미용/욕실가전",
    "ProductName": "에브리봇 3i",
    "ReviewScore": "5",
    "Syllable": "95",
    "Word": "21",
    "RDate": "20210909",
    "GeneralPolarity": "-1",
    "Aspects": [
      {
        "Aspect": "기능",
        "SentimentText": "같은곳만 뱅뱅 맴돌고 갔던곳만 가고 청소를 너무 못해 짜증나요.",
        "SentimentWord": "9",
        "SentimentPolarity": "-1"
      },
      {
        "Aspect": "기능",
        "SentimentText": " 흡입력도 제로 먼지를 제대로 흡입시키지못해 못마땅.... 속터져요. ",
        "SentimentWord": "7",
        "SentimentPolarity": "-1"
      }
    ]
  },
  {
    "Index": "20722",
    "RawText": "일 시킬만 합니다. 추천 꾸욱~사은품 물걸레 주셨는데 본품과 다른거라 실망했어요.  로봇청소기 가성비 갑~ 만족도 갑~",
    "Source": "쇼핑몰",
    "Domain": "가전",
    "MainCategory": "생활/미용/욕실가전",
    "ProductName": "에브리봇 3i",
    "ReviewScore": "5",
    "Syllable": "66",
    "Word": "15",
    "RDate": "20210411",
    "GeneralPolarity": "1",
    "Aspects": [
      {
        "Aspect": "제품구성",
        "SentimentText": "사은품 물걸레 주셨는데 본품과 다른거라 실망했어요. ",
        "SentimentWord": "6",
        "SentimentPolarity": "-1"
      },
      {
        "Aspect": "가격",
        "SentimentText": " 로봇청소기 가성비 갑~ 만족도 갑~",
        "SentimentWord": "5",
        "SentimentPolarity": "1"
      }
    ]
  },
  {
    "Index": "20723",
    "RawText": "소음이 어찌나 심한지 화낼뻔했어요. tv에서 굉음 나는줄~ 아이들이 무서워하지만 돌려보니 청소는 깨끗하게 잘해요. 디자인이 이쁜건 조아요.",
    "Source": "쇼핑몰",
    "Domain": "가전",
    "MainCategory": "생활/미용/욕실가전",
    "ProductName": "에브리봇 3i",
    "ReviewScore": "5",
    "Syllable": "77",
    "Word": "16",
    "RDate": "20201211",
    "GeneralPolarity": "0",
    "Aspects": [
      {
        "Aspect": "소음",
        "SentimentText": "소음이 어찌나 심한지 화낼뻔했어요. tv에서 굉음 나는줄~",
        "SentimentWord": "7",
        "SentimentPolarity": "-1"
      },
      {
        "Aspect": "기능",
        "SentimentText": " 돌려보니 청소는 깨끗하게 잘해요. ",
        "SentimentWord": "4",
        "SentimentPolarity": "1"
      },
      {
        "Aspect": "디자인",
        "SentimentText": "디자인이 이쁜건 조아요.",
        "SentimentWord": "3",
        "SentimentPolarity": "1"
      }
    ]
  },
  {
    "Index": "20724",
    "RawText": "어제 주문하고 오늘아침에 배송받았어요 완전 빠르네요!와이파이 문제때문에  앱 연동기능은 사용 못했지 , 청소가 깨끗히 너무 잘되고,부지런히 청소하더라구요. 집은 힘들이지 않고도 편하게 깨끗!!~~진작 살껄 그랬어요ㅠㅠ",
    "Source": "쇼핑몰",
    "Domain": "가전",
    "MainCategory": "생활/미용/욕실가전",
    "ProductName": "에브리봇 3i",
    "ReviewScore": "4",
    "Syllable": "121",
    "Word": "24",
    "RDate": "20201106",
    "GeneralPolarity": "1",
    "Aspects": [
      {
        "Aspect": "기능",
        "SentimentText": "청소가 깨끗히 너무 잘되고,부지런히 청소하더라구요",
        "SentimentWord": "5",
        "SentimentPolarity": "1"
      },
      {
        "Aspect": "편의성",
        "SentimentText": "집은 힘들이지 않고도 편하게 깨끗!!",
        "SentimentWord": "5",
        "SentimentPolarity": "1"
      }
    ]
  },
  {
    "Index": "20725",
    "RawText": "어플은 연결이 안되서 기분이 않좋아요. 청소기 자체는 매우  만족 합니다. 러그 위에도 올라가 깨끗히 청소하더라구요.맘에 들어요!",
    "Source": "쇼핑몰",
    "Domain": "가전",
    "MainCategory": "생활/미용/욕실가전",
    "ProductName": "에브리봇 3i",
    "ReviewScore": "5",
    "Syllable": "72",
    "Word": "16",
    "RDate": "20200801",
    "GeneralPolarity": "1",
    "Aspects": [
      {
        "Aspect": "조작성",
        "SentimentText": "어플은 연결이 안되서 기분이 않좋아요",
        "SentimentWord": "5",
        "SentimentPolarity": "-1"
      },
      {
        "Aspect": "품질",
        "SentimentText": "청소기 자체는 매우  만족 합니다.",
        "SentimentWord": "5",
        "SentimentPolarity": "1"
      },
      {
        "Aspect": "기능",
        "SentimentText": "러그 위에도 올라가 깨끗히 청소하더라구요.맘에 들어요!",
        "SentimentWord": "6",
        "SentimentPolarity": "1"
      }
    ]
  },
  {
    "Index": "20726",
    "RawText": "엄마 생일 선물로 드렸어요. 물걸레 청소 깨끗히 잘되요. 켜놓으면 힘들이지 않아도 알아서 청소해주니 매우 좋네요",
    "Source": "쇼핑몰",
    "Domain": "가전",
    "MainCategory": "생활/미용/욕실가전",
    "ProductName": "에브리봇 3i",
    "ReviewScore": "5",
    "Syllable": "62",
    "Word": "15",
    "RDate": "20200927",
    "GeneralPolarity": "1",
    "Aspects": [
      {
        "Aspect": "기능",
        "SentimentText": "물걸레 청소 깨끗히 잘되요",
        "SentimentWord": "4",
        "SentimentPolarity": "1"
      },
      {
        "Aspect": "편의성",
        "SentimentText": "켜놓으면 힘들이지 않아도 알아서 청소해주니 매우 좋네요",
        "SentimentWord": "7",
        "SentimentPolarity": "1"
      }
    ]
  },
  {
    "Index": "20727",
    "RawText": "조용하진 않지만 참을만한 정도라서 괜찮아요~ 부딪히지 않고  잘 돌아 다니면서 청소 잘되서 신기해요.모서리는 청소 안되서 아쉽지만 진작 샀으면 더 좋았을거 같아요!",
    "Source": "쇼핑몰",
    "Domain": "가전",
    "MainCategory": "생활/미용/욕실가전",
    "ProductName": "에브리봇 3i",
    "ReviewScore": "5",
    "Syllable": "91",
    "Word": "21",
    "RDate": "20201107",
    "GeneralPolarity": "0",
    "Aspects": [
      {
        "Aspect": "소음",
        "SentimentText": "조용하진 않지만 참을만한 정도라서 괜찮아요~",
        "SentimentWord": "5",
        "SentimentPolarity": "0"
      },
      {
        "Aspect": "기능",
        "SentimentText": "부딪히지 않고  잘 돌아 다니면서 청소 잘되서 신기해요",
        "SentimentWord": "8",
        "SentimentPolarity": "1"
      },
      {
        "Aspect": "기능",
        "SentimentText": "모서리는 청소 안되서 아쉽지만",
        "SentimentWord": "4",
        "SentimentPolarity": "-1"
      }
    ]
  },
  {
    "Index": "20728",
    "RawText": "없을때랑 비교해서는 왕만족스럽습니다!! 소음이 없어서 청소시키고 조용히 커피한잔 즐길수 있어요~ 근데 소파 밑을 너무 집착해서 나오지를 않네요",
    "Source": "쇼핑몰",
    "Domain": "가전",
    "MainCategory": "생활/미용/욕실가전",
    "ProductName": "에브리봇 3i",
    "ReviewScore": "4",
    "Syllable": "79",
    "Word": "17",
    "RDate": "20201116",
    "GeneralPolarity": "0",
    "Aspects": [
      {
        "Aspect": "소음",
        "SentimentText": "소음이 없어서 청소시키고 조용히 커피한잔 즐길수 있어요~ ",
        "SentimentWord": "7",
        "SentimentPolarity": "1"
      },
      {
        "Aspect": "기능",
        "SentimentText": "근데 소파 밑을 너무 집착해서 나오지를 않네요",
        "SentimentWord": "7",
        "SentimentPolarity": "-1"
      }
    ]
  },
  {
    "Index": "20730",
    "RawText": "이전 모델만큼  물걸레 청소도 반짝 반짝 잘 닦고 간단한 먼지들도 잘 빨아들여서 편해요~",
    "Source": "쇼핑몰",
    "Domain": "가전",
    "MainCategory": "생활/미용/욕실가전",
    "ProductName": "에브리봇 3i",
    "ReviewScore": "5",
    "Syllable": "49",
    "Word": "13",
    "RDate": "20200906",
    "GeneralPolarity": "1",
    "Aspects": [
      {
        "Aspect": "기능",
        "SentimentText": "이전 모델만큼  물걸레 청소도 반짝 반짝 잘 닦고",
        "SentimentWord": "8",
        "SentimentPolarity": "1"
      },
      {
        "Aspect": "편의성",
        "SentimentText": "간단한 먼지들도 잘 빨아들여서 편해요~",
        "SentimentWord": "5",
        "SentimentPolarity": "1"
      }
    ]
  },
  {
    "Index": "20731",
    "RawText": "로봇이 안 움직이고 있길래 치웠더니 매트가 찢어져있네요,,ㅠㅠ 너무 화나요 그래도 내구성은 좋은 것 같네요",
    "Source": "쇼핑몰",
    "Domain": "가전",
    "MainCategory": "생활/미용/욕실가전",
    "ProductName": "에브리봇 3i",
    "ReviewScore": "3",
    "Syllable": "59",
    "Word": "14",
    "RDate": "20201218",
    "GeneralPolarity": "0",
    "Aspects": [
      {
        "Aspect": "기능",
        "SentimentText": "로봇이 안 움직이고 있길래 치웠더니 매트가 찢어져있네요,,ㅠㅠ 너무 화나요",
        "SentimentWord": "9",
        "SentimentPolarity": "-1"
      },
      {
        "Aspect": "내구성",
        "SentimentText": "그래도 내구성은 좋은 것 같네요",
        "SentimentWord": "5",
        "SentimentPolarity": "1"
      }
    ]
  },
  {
    "Index": "20733",
    "RawText": "로봇청소기를 사기 잘했다 생각이 드네요 생각보다 많이 똑똑해서 혼자 다 해주니까 편하네요 ㅎ 물걸레청소도 나름 꼼꼼하게 청소해주네요",
    "Source": "쇼핑몰",
    "Domain": "가전",
    "MainCategory": "생활/미용/욕실가전",
    "ProductName": "에브리봇 3i",
    "ReviewScore": "5",
    "Syllable": "73",
    "Word": "17",
    "RDate": "20201108",
    "GeneralPolarity": "1",
    "Aspects": [
      {
        "Aspect": "편의성",
        "SentimentText": "생각보다 많이 똑똑해서 혼자 다 해주니까 편하네요 ㅎ",
        "SentimentWord": "8",
        "SentimentPolarity": "1"
      },
      {
        "Aspect": "기능",
        "SentimentText": "물걸레청소도 나름 꼼꼼하게 청소해주네요",
        "SentimentWord": "4",
        "SentimentPolarity": "1"
      }
    ]
  },
  {
    "Index": "20735",
    "RawText": "관심갖고  보던 제품이에요,생각한데로 너무나 좋네요! 스마트폰 제어기능이 있어서 좋네요 ^^ 색깔이 맘엔 안들어요.",
    "Source": "쇼핑몰",
    "Domain": "가전",
    "MainCategory": "생활/미용/욕실가전",
    "ProductName": "에브리봇 3i",
    "ReviewScore": "5",
    "Syllable": "64",
    "Word": "13",
    "RDate": "20200916",
    "GeneralPolarity": "0",
    "Aspects": [
      {
        "Aspect": "기능",
        "SentimentText": "스마트폰 제어기능이 있어서 좋네요 ^^",
        "SentimentWord": "5",
        "SentimentPolarity": "1"
      },
      {
        "Aspect": "색상",
        "SentimentText": "색깔이 맘엔 안들어요.",
        "SentimentWord": "3",
        "SentimentPolarity": "-1"
      }
    ]
  },
  {
    "Index": "20736",
    "RawText": "한 번 청소해봤는데 문턱 잘 넘어가고 카펫도 잘 넘어갑니다. 청소 끝나고 확인해보니 먼지통에 먼지가 가득했어요. 먼지통 사이즈도 만족스럽네요. 확실히 제가 하는것 보다 나아요 ㅎ",
    "Source": "쇼핑몰",
    "Domain": "가전",
    "MainCategory": "생활/미용/욕실가전",
    "ProductName": "에브리봇 3i",
    "ReviewScore": "5",
    "Syllable": "99",
    "Word": "24",
    "RDate": "20211112",
    "GeneralPolarity": "1",
    "Aspects": [
      {
        "Aspect": "기능",
        "SentimentText": "한 번 청소해봤는데 문턱 잘 넘어가고 카펫도 잘 넘어갑니다.",
        "SentimentWord": "9",
        "SentimentPolarity": "1"
      },
      {
        "Aspect": "사이즈",
        "SentimentText": "먼지통 사이즈도 만족스럽네요.",
        "SentimentWord": "3",
        "SentimentPolarity": "1"
      }
    ]
  },
  {
    "Index": "20737",
    "RawText": "사용해 봤는데 소음은 안 크고 괜찮고 여기저기 잘 돌아다니네요~^^다만 같은 자리에서 계속  맴돌고 충전하러 집을 잘 못찾아가네요.",
    "Source": "쇼핑몰",
    "Domain": "가전",
    "MainCategory": "생활/미용/욕실가전",
    "ProductName": "에브리봇 3i",
    "ReviewScore": "5",
    "Syllable": "73",
    "Word": "17",
    "RDate": "20211205",
    "GeneralPolarity": "0",
    "Aspects": [
      {
        "Aspect": "소음",
        "SentimentText": "사용해 봤는데 소음은 안 크고 괜찮고",
        "SentimentWord": "6",
        "SentimentPolarity": "1"
      },
      {
        "Aspect": "기능",
        "SentimentText": "여기저기 잘 돌아다니네요~^^",
        "SentimentWord": "3",
        "SentimentPolarity": "1"
      },
      {
        "Aspect": "기능",
        "SentimentText": "다만 같은 자리에서 계속  맴돌고 충전하러 집을 잘 못찾아가네요.",
        "SentimentWord": "9",
        "SentimentPolarity": "-1"
      }
    ]
  },
  {
    "Index": "20739",
    "RawText": "와 진짜 감동했어요! 생각한것처럼 완벽하게 청소되진  않아도 최고에요!!. 매일 청소를 힘들여 해야하는 부담은 덜어서 편해요~",
    "Source": "쇼핑몰",
    "Domain": "가전",
    "MainCategory": "생활/미용/욕실가전",
    "ProductName": "에브리봇 3i",
    "ReviewScore": "5",
    "Syllable": "70",
    "Word": "15",
    "RDate": "20201005",
    "GeneralPolarity": "1",
    "Aspects": [
      {
        "Aspect": "기능",
        "SentimentText": "생각한것처럼 완벽하게 청소되진  않아도 최고에요!!.",
        "SentimentWord": "5",
        "SentimentPolarity": "0"
      },
      {
        "Aspect": "편의성",
        "SentimentText": "매일 청소를 힘들여 해야하는 부담은 덜어서 편해요",
        "SentimentWord": "7",
        "SentimentPolarity": "1"
      }
    ]
  },
  {
    "Index": "20740",
    "RawText": "우와~밤에 주문하고 다음날 아침에 받아서 놀라고 감동했어요!! 청소기 깨끗히 청소 잘되고 있어요^^ 구석구석은  직접  청소해줘야 해서 번거로움은 있네요.",
    "Source": "쇼핑몰",
    "Domain": "가전",
    "MainCategory": "생활/미용/욕실가전",
    "ProductName": "에브리봇 3i",
    "ReviewScore": "4",
    "Syllable": "86",
    "Word": "18",
    "RDate": "20201128",
    "GeneralPolarity": "0",
    "Aspects": [
      {
        "Aspect": "기능",
        "SentimentText": "청소기 깨끗히 청소 잘되고 있어요^^",
        "SentimentWord": "5",
        "SentimentPolarity": "1"
      },
      {
        "Aspect": "편의성",
        "SentimentText": "구석구석은  직접  청소해줘야 해서 번거로움은 있네요. ",
        "SentimentWord": "6",
        "SentimentPolarity": "-1"
      }
    ]
  },
  {
    "Index": "20743",
    "RawText": "사람 만큼은 아니여도 작동시키면 구석구석 잘 돌아다니며 청소해요 다만 먼지통 용량이 너무 작네요 ㅠ",
    "Source": "쇼핑몰",
    "Domain": "가전",
    "MainCategory": "생활/미용/욕실가전",
    "ProductName": "에브리봇 3i",
    "ReviewScore": "5",
    "Syllable": "55",
    "Word": "14",
    "RDate": "20210714",
    "GeneralPolarity": "0",
    "Aspects": [
      {
        "Aspect": "기능",
        "SentimentText": "사람 만큼은 아니여도 작동시키면 구석구석 잘 돌아다니며 청소해요",
        "SentimentWord": "8",
        "SentimentPolarity": "0"
      },
      {
        "Aspect": "용량",
        "SentimentText": "다만 먼지통 용량이 너무 작네요 ㅠ",
        "SentimentWord": "6",
        "SentimentPolarity": "-1"
      }
    ]
  },
  {
    "Index": "20744",
    "RawText": "저처럼 청소 싫어하는사람한테 굉장히 편해서 좋구요. 근데 새상품인데 스크래치가 나서 왔어요 별 1개 뺍니다",
    "Source": "쇼핑몰",
    "Domain": "가전",
    "MainCategory": "생활/미용/욕실가전",
    "ProductName": "에브리봇 3i",
    "ReviewScore": "5",
    "Syllable": "59",
    "Word": "14",
    "RDate": "20201024",
    "GeneralPolarity": "0",
    "Aspects": [
      {
        "Aspect": "편의성",
        "SentimentText": "저처럼 청소 싫어하는사람한테 굉장히 편해서 좋구요.",
        "SentimentWord": "6",
        "SentimentPolarity": "1"
      },
      {
        "Aspect": "품질",
        "SentimentText": "근데 새상품인데 스크래치가 나서 왔어요 별 1개 뺍니다",
        "SentimentWord": "8",
        "SentimentPolarity": "-1"
      }
    ]
  },
  {
    "Index": "20745",
    "RawText": "너무 청소 잘해줘서 요즘 청소걱정 없고 너무 좋아요!다만... 물걸레는 별로 큰 효과가 없는 것 같아요,,^^;",
    "Source": "쇼핑몰",
    "Domain": "가전",
    "MainCategory": "생활/미용/욕실가전",
    "ProductName": "에브리봇 3i",
    "ReviewScore": "5",
    "Syllable": "62",
    "Word": "15",
    "RDate": "20200904",
    "GeneralPolarity": "0",
    "Aspects": [
      {
        "Aspect": "기능",
        "SentimentText": "너무 청소 잘해줘서 요즘 청소걱정 없고 너무 좋아요!",
        "SentimentWord": "8",
        "SentimentPolarity": "1"
      },
      {
        "Aspect": "기능",
        "SentimentText": "다만... 물걸레는 별로 큰 효과가 없는 것 같아요,,^^;",
        "SentimentWord": "8",
        "SentimentPolarity": "-1"
      }
    ]
  },
  {
    "Index": "20746",
    "RawText": "물조절이 되니 편리하네요 근데 좀만 하면 먼지통 꽉차요: 용량 좀 늘려야할듯;;",
    "Source": "쇼핑몰",
    "Domain": "가전",
    "MainCategory": "생활/미용/욕실가전",
    "ProductName": "에브리봇 3i",
    "ReviewScore": "4",
    "Syllable": "44",
    "Word": "11",
    "RDate": "20200916",
    "GeneralPolarity": "0",
    "Aspects": [
      {
        "Aspect": "편의성",
        "SentimentText": "물조절이 되니 편리하네요 ",
        "SentimentWord": "3",
        "SentimentPolarity": "1"
      },
      {
        "Aspect": "용량",
        "SentimentText": "근데 좀만 하면 먼지통 꽉차요: 용량 좀 늘려야할듯;;",
        "SentimentWord": "8",
        "SentimentPolarity": "-1"
      }
    ]
  },
  {
    "Index": "20748",
    "RawText": "예약구매해서 저렴하게 샀어요ㅎㅎ 배송은 결제 바로 다음 날에 받았구요. 기존에 쓰던 OO만큼 걸레질은 못하지만 여기저기 쿵쿵 박고 다니지 않아서 편하고 좋네요^^",
    "Source": "쇼핑몰",
    "Domain": "가전",
    "MainCategory": "생활/미용/욕실가전",
    "ProductName": "에브리봇 3i",
    "ReviewScore": "5",
    "Syllable": "90",
    "Word": "21",
    "RDate": "20211113",
    "GeneralPolarity": "1",
    "Aspects": [
      {
        "Aspect": "가격",
        "SentimentText": "예약구매해서 저렴하게 샀어요ㅎㅎ",
        "SentimentWord": "3",
        "SentimentPolarity": "1"
      },
      {
        "Aspect": "기능",
        "SentimentText": "기존에 쓰던 OO만큼 걸레질은 못하지만",
        "SentimentWord": "5",
        "SentimentPolarity": "-1"
      },
      {
        "Aspect": "편의성",
        "SentimentText": "여기저기 쿵쿵 박고 다니지 않아서 편하고 좋네요^^",
        "SentimentWord": "7",
        "SentimentPolarity": "1"
      }
    ]
  },
  {
    "Index": "20749",
    "RawText": "잘 사용하고 있었고,부모님께 선물로 드렸어요~힘들이지않고 청소가 잘되니 매우 편해서 좋네요~무게는 가볍지 않아서 맘에 안들어요.로봇청소기는 사랑이지요~~",
    "Source": "쇼핑몰",
    "Domain": "가전",
    "MainCategory": "생활/미용/욕실가전",
    "ProductName": "에브리봇 3i",
    "ReviewScore": "5",
    "Syllable": "85",
    "Word": "15",
    "RDate": "20200906",
    "GeneralPolarity": "1",
    "Aspects": [
      {
        "Aspect": "편의성",
        "SentimentText": "힘들이지않고 청소가 잘되니 매우 편해서 좋네요~",
        "SentimentWord": "6",
        "SentimentPolarity": "1"
      },
      {
        "Aspect": "무게",
        "SentimentText": "무게는 가볍지 않아서 맘에 안들어요",
        "SentimentWord": "5",
        "SentimentPolarity": "-1"
      }
    ]
  },
  {
    "Index": "20750",
    "RawText": "음 청소잘되기도하고 괜찮긴해요, 먼지도 다하고나니 엄청 나네요, 먼지통 용량 굿인듯요 근데 어플에 연결이 잘안되서 아직도 연결 못하고 오류나요ㅠㅠ",
    "Source": "쇼핑몰",
    "Domain": "가전",
    "MainCategory": "생활/미용/욕실가전",
    "ProductName": "에브리봇 3i",
    "ReviewScore": "5",
    "Syllable": "81",
    "Word": "18",
    "RDate": "20211129",
    "GeneralPolarity": "0",
    "Aspects": [
      {
        "Aspect": "기능",
        "SentimentText": "음 청소잘되기도하고 괜찮긴해요",
        "SentimentWord": "3",
        "SentimentPolarity": "1"
      },
      {
        "Aspect": "용량",
        "SentimentText": "먼지통 용량 굿인듯요",
        "SentimentWord": "3",
        "SentimentPolarity": "1"
      },
      {
        "Aspect": "조작성",
        "SentimentText": "근데 어플에 연결이 잘안되서 아직도 연결 못하고 오류나요ㅠㅠ",
        "SentimentWord": "8",
        "SentimentPolarity": "-1"
      }
    ]
  },
  {
    "Index": "20751",
    "RawText": "청소를 편하게 하니 이렇게나 좋아요~ ㅇㅇㅇ ㅇㅇㅇ 다 소용없어요. 척척  알아서 구석구석 빠지는데 없이  청소하는데 감동입니다. ^^",
    "Source": "쇼핑몰",
    "Domain": "가전",
    "MainCategory": "생활/미용/욕실가전",
    "ProductName": "에브리봇 3i",
    "ReviewScore": "5",
    "Syllable": "75",
    "Word": "17",
    "RDate": "20200806",
    "GeneralPolarity": "1",
    "Aspects": [
      {
        "Aspect": "편의성",
        "SentimentText": "청소를 편하게 하니 이렇게나 좋아요~",
        "SentimentWord": "5",
        "SentimentPolarity": "1"
      },
      {
        "Aspect": "기능",
        "SentimentText": "척척  알아서 구석구석 빠지는데 없이  청소하는데 감동입니다.",
        "SentimentWord": "7",
        "SentimentPolarity": "1"
      }
    ]
  },
  {
    "Index": "20754",
    "RawText": "이벤트해서 할인이 많이돼서 저렴하게 구매했어요~  퀄리티는 떨어집니다 그냥 가격만큼인거 같아요.....",
    "Source": "쇼핑몰",
    "Domain": "가전",
    "MainCategory": "생활/미용/욕실가전",
    "ProductName": "에브리봇 3i",
    "ReviewScore": "3",
    "Syllable": "57",
    "Word": "10",
    "RDate": "20210907",
    "GeneralPolarity": "0",
    "Aspects": [
      {
        "Aspect": "가격",
        "SentimentText": "이벤트해서 할인이 많이돼서 저렴하게 구매했어요~ ",
        "SentimentWord": "5",
        "SentimentPolarity": "1"
      },
      {
        "Aspect": "품질",
        "SentimentText": "퀄리티는 떨어집니다 그냥 가격만큼인거 같아요.....",
        "SentimentWord": "5",
        "SentimentPolarity": "-1"
      }
    ]
  },
  {
    "Index": "20757",
    "RawText": "동글한 디자인 예쁘고 흡입 성능도 굿이고 가격도 착하고 짱!",
    "Source": "쇼핑몰",
    "Domain": "가전",
    "MainCategory": "생활/미용/욕실가전",
    "ProductName": "에브리봇 3i",
    "ReviewScore": "5",
    "Syllable": "33",
    "Word": "9",
    "RDate": "20211217",
    "GeneralPolarity": "1",
    "Aspects": [
      {
        "Aspect": "디자인",
        "SentimentText": "동글한 디자인 예쁘고",
        "SentimentWord": "3",
        "SentimentPolarity": "1"
      },
      {
        "Aspect": "기능",
        "SentimentText": "흡입 성능도 굿이고",
        "SentimentWord": "3",
        "SentimentPolarity": "1"
      },
      {
        "Aspect": "가격",
        "SentimentText": "가격도 착하고 짱!",
        "SentimentWord": "3",
        "SentimentPolarity": "1"
      }
    ]
  },
  {
    "Index": "20758",
    "RawText": "후기만 보고 산거라 걱정했는데 틈새 청소 잘해요ㅎ 나중에 나온 OO버전보다 원래 더 비싼건데 행사로 저렴하게 샀어용ㅋ",
    "Source": "쇼핑몰",
    "Domain": "가전",
    "MainCategory": "생활/미용/욕실가전",
    "ProductName": "에브리봇 3i",
    "ReviewScore": "5",
    "Syllable": "65",
    "Word": "16",
    "RDate": "20201112",
    "GeneralPolarity": "1",
    "Aspects": [
      {
        "Aspect": "기능",
        "SentimentText": "후기만 보고 산거라 걱정했는데 틈새 청소 잘해요ㅎ",
        "SentimentWord": "7",
        "SentimentPolarity": "1"
      },
      {
        "Aspect": "가격",
        "SentimentText": "나중에 나온 OO버전보다 원래 더 비싼건데 행사로 저렴하게 샀어용ㅋ",
        "SentimentWord": "9",
        "SentimentPolarity": "1"
      }
    ]
  },
  {
    "Index": "20759",
    "RawText": "잠들기전에 충전해놓으면 ,예약시간7시에 똑똑하게맵핑된 청소기가 기대이상으로 청소를 잘 합니다. 어제는  깨끗하게  청소되어 먼지통을 먼지가 가득 채웠네요 ! 정말 만족스러워요~",
    "Source": "쇼핑몰",
    "Domain": "가전",
    "MainCategory": "생활/미용/욕실가전",
    "ProductName": "에브리봇 3i",
    "ReviewScore": "5",
    "Syllable": "98",
    "Word": "19",
    "RDate": "20201116",
    "GeneralPolarity": "1",
    "Aspects": [
      {
        "Aspect": "기능",
        "SentimentText": "예약시간7시에 똑똑하게맵핑된 청소기가 기대이상으로 청소를 잘 합니다.",
        "SentimentWord": "7",
        "SentimentPolarity": "1"
      },
      {
        "Aspect": "기능",
        "SentimentText": "깨끗하게  청소되어 먼지통을 먼지가 가득 채웠네요 ! 정말 만족스러워요",
        "SentimentWord": "9",
        "SentimentPolarity": "1"
      }
    ]
  },
  {
    "Index": "20760",
    "RawText": "자동으로 알아서 돌아 다니고, 청소가 다되니 매우 좋네요.청소한 곳이 확인 가능해서 편리해요!",
    "Source": "쇼핑몰",
    "Domain": "가전",
    "MainCategory": "생활/미용/욕실가전",
    "ProductName": "에브리봇 3i",
    "ReviewScore": "5",
    "Syllable": "52",
    "Word": "12",
    "RDate": "20200819",
    "GeneralPolarity": "1",
    "Aspects": [
      {
        "Aspect": "기능",
        "SentimentText": "자동으로 알아서 돌아 다니고, 청소가 다되니 매우 좋네요",
        "SentimentWord": "8",
        "SentimentPolarity": "1"
      },
      {
        "Aspect": "편의성",
        "SentimentText": "청소한 곳이 확인 가능해서 편리해요!",
        "SentimentWord": "5",
        "SentimentPolarity": "1"
      }
    ]
  },
  {
    "Index": "20761",
    "RawText": "자동으로 청소하면서 돌아다녀서 신기해요. 소음은 예상보다 적어서 좋아요..고민하고 고른 제품이라서 전체적으로 만족해요!",
    "Source": "쇼핑몰",
    "Domain": "가전",
    "MainCategory": "생활/미용/욕실가전",
    "ProductName": "에브리봇 3i",
    "ReviewScore": "5",
    "Syllable": "66",
    "Word": "12",
    "RDate": "20201216",
    "GeneralPolarity": "1",
    "Aspects": [
      {
        "Aspect": "기능",
        "SentimentText": "자동으로 청소하면서 돌아다녀서 신기해요",
        "SentimentWord": "4",
        "SentimentPolarity": "1"
      },
      {
        "Aspect": "소음",
        "SentimentText": "소음은 예상보다 적어서 좋아요",
        "SentimentWord": "4",
        "SentimentPolarity": "1"
      },
      {
        "Aspect": "품질",
        "SentimentText": "고민하고 고른 제품이라서  전체적으로 만족해요!",
        "SentimentWord": "5",
        "SentimentPolarity": "1"
      }
    ]
  },
  {
    "Index": "20762",
    "RawText": "잘샀네요~외출전에 돌려놓고 갔다오면 청소가 되어있다는게 편해서 좋아요.물걸레가 얇은게 실망해서 잘 쓰지 않아요",
    "Source": "쇼핑몰",
    "Domain": "가전",
    "MainCategory": "생활/미용/욕실가전",
    "ProductName": "에브리봇 3i",
    "ReviewScore": "5",
    "Syllable": "61",
    "Word": "12",
    "RDate": "20201220",
    "GeneralPolarity": "0",
    "Aspects": [
      {
        "Aspect": "편의성",
        "SentimentText": "외출전에 돌려놓고 갔다오면 청소가 되어있다는게 편해서 좋아요",
        "SentimentWord": "7",
        "SentimentPolarity": "1"
      },
      {
        "Aspect": "품질",
        "SentimentText": "물걸레가 얇은게 실망해서 잘 쓰지 않아요",
        "SentimentWord": "6",
        "SentimentPolarity": "-1"
      }
    ]
  },
  {
    "Index": "20763",
    "RawText": "잘쓰고 있네요. 물은 빨리 소진되어 불편해요. 청소기 들어올리면 흡입되지 않는 먼지들이   떨어져서  짜증나요. 사용하기에 일단 좋습니다.",
    "Source": "쇼핑몰",
    "Domain": "가전",
    "MainCategory": "생활/미용/욕실가전",
    "ProductName": "에브리봇 3i",
    "ReviewScore": "4",
    "Syllable": "77",
    "Word": "16",
    "RDate": "20211108",
    "GeneralPolarity": "-1",
    "Aspects": [
      {
        "Aspect": "편의성",
        "SentimentText": "물은 빨리 소진되어 불편해요. ",
        "SentimentWord": "4",
        "SentimentPolarity": "-1"
      },
      {
        "Aspect": "기능",
        "SentimentText": " 청소기 들어올리면 흡입되지 않는 먼지들이   떨어져서  짜증나요",
        "SentimentWord": "7",
        "SentimentPolarity": "-1"
      }
    ]
  },
  {
    "Index": "20764",
    "RawText": "열심히 장단점 검색헤서 구매했어요. 전체적으로 제품이 마음엔 들어요.듣던것 처럼 청소가 매우편해요. 유선사용하다 로봇써보니 힘 안들이고 청소되니 신세계에요.",
    "Source": "쇼핑몰",
    "Domain": "가전",
    "MainCategory": "생활/미용/욕실가전",
    "ProductName": "에브리봇 3i",
    "ReviewScore": "4",
    "Syllable": "87",
    "Word": "17",
    "RDate": "20200909",
    "GeneralPolarity": "1",
    "Aspects": [
      {
        "Aspect": "품질",
        "SentimentText": "전체적으로 제품이 마음엔 들어요.",
        "SentimentWord": "4",
        "SentimentPolarity": "1"
      },
      {
        "Aspect": "편의성",
        "SentimentText": "듣던것 처럼 청소가 매우편해요",
        "SentimentWord": "4",
        "SentimentPolarity": "1"
      },
      {
        "Aspect": "편의성",
        "SentimentText": "로봇써보니 힘 안들이고 청소되니 신세계에요.",
        "SentimentWord": "5",
        "SentimentPolarity": "1"
      }
    ]
  },
  {
    "Index": "20765",
    "RawText": "저 대신 청소해줘가지구 너무 편해요 제가 잘 못하는건지 충전하는 데에 가끔 데려다 줘야해요,,,,",
    "Source": "쇼핑몰",
    "Domain": "가전",
    "MainCategory": "생활/미용/욕실가전",
    "ProductName": "에브리봇 3i",
    "ReviewScore": "5",
    "Syllable": "54",
    "Word": "13",
    "RDate": "20201007",
    "Aspects": [
      {
        "Aspect": "편의성",
        "SentimentText": "저 대신 청소해줘가지구 너무 편해요",
        "SentimentWord": "5",
        "SentimentPolarity": "1"
      },
      {
        "Aspect": "기능",
        "SentimentText": "제가 잘 못하는건지 충전하는 데에 가끔 데려다 줘야해요,,,,",
        "SentimentWord": "8",
        "SentimentPolarity": "0"
      }
    ]
  }
]