[
  {
    "Index": "6215",
    "RawText": "일단 흡입력이 강력하게 빨려서좋고 간편하게 사용할수있어서좋습니다~",
    "Source": "SNS",
    "Domain": "가전",
    "MainCategory": "생활/미용/욕실가전",
    "ProductName": "(TV_특_직) 블랙앤데커 피벗호루라기 청소기",
    "ReviewScore": "100",
    "Syllable": "36",
    "Word": "6",
    "RDate": "20190501",
    "GeneralPolarity": "1",
    "Aspects": [
      {
        "Aspect": "기능",
        "SentimentText": "흡입력이 강력하게 빨려서좋고",
        "SentimentWord": "3",
        "SentimentPolarity": "1"
      },
      {
        "Aspect": "편의성",
        "SentimentText": "간편하게 사용할수있어서좋습니다~",
        "SentimentWord": "2",
        "SentimentPolarity": "1"
      }
    ]
  },
  {
    "Index": "6216",
    "RawText": "작고  힘도   좋아 편리 하네요ㆍ소음이 좀큰 단점이 있지만ㆍ 연결 고리  긴 자루는  잘 맞지 않아  힘이 없이  빠지는   흠이  있어 불편하네요",
    "Source": "SNS",
    "Domain": "가전",
    "MainCategory": "생활/미용/욕실가전",
    "ProductName": "(TV_특_직) 블랙앤데커 피벗호루라기 청소기",
    "ReviewScore": "100",
    "Syllable": "83",
    "Word": "21",
    "RDate": "20190417",
    "GeneralPolarity": "0",
    "Aspects": [
      {
        "Aspect": "기능",
        "SentimentText": "작고  힘도   좋아 편리 하네요",
        "SentimentWord": "5",
        "SentimentPolarity": "1"
      },
      {
        "Aspect": "소음",
        "SentimentText": "소음이 좀큰 단점이 있지만",
        "SentimentWord": "4",
        "SentimentPolarity": "-1"
      },
      {
        "Aspect": "편의성",
        "SentimentText": "연결 고리  긴 자루는  잘 맞지 않아  힘이 없이  빠지는   흠이  있어 불편하네요",
        "SentimentWord": "13",
        "SentimentPolarity": "-1"
      }
    ]
  },
  {
    "Index": "6217",
    "RawText": "작고 힘쎈 OOO 강추! 구성품이 많고 좋아서 집에서만쓰지않구 차안에 두고쓸려고 하나더구매해요~",
    "Source": "SNS",
    "Domain": "가전",
    "MainCategory": "생활/미용/욕실가전",
    "ProductName": "(TV_특_직) 블랙앤데커 피벗호루라기 청소기",
    "ReviewScore": "100",
    "Syllable": "53",
    "Word": "11",
    "RDate": "20190330",
    "GeneralPolarity": "1",
    "Aspects": [
      {
        "Aspect": "제조일/제조사",
        "SentimentText": "작고 힘쎈 OOO 강추!",
        "SentimentWord": "4",
        "SentimentPolarity": "1"
      },
      {
        "Aspect": "제품구성",
        "SentimentText": "구성품이 많고 좋아서",
        "SentimentWord": "3",
        "SentimentPolarity": "1"
      }
    ]
  },
  {
    "Index": "6218",
    "RawText": "작지만 강한 흡입력. 장소 관계없이 다양한 용도로 편리하게 사용할 수 있습니다",
    "Source": "SNS",
    "Domain": "가전",
    "MainCategory": "생활/미용/욕실가전",
    "ProductName": "(TV_특_직) 블랙앤데커 피벗호루라기 청소기",
    "ReviewScore": "100",
    "Syllable": "43",
    "Word": "11",
    "RDate": "20190412",
    "GeneralPolarity": "1",
    "Aspects": [
      {
        "Aspect": "기능",
        "SentimentText": "작지만 강한 흡입력.",
        "SentimentWord": "3",
        "SentimentPolarity": "1"
      },
      {
        "Aspect": "편의성",
        "SentimentText": "장소 관계없이 다양한 용도로 편리하게 사용할 수 있습니다",
        "SentimentWord": "8",
        "SentimentPolarity": "1"
      }
    ]
  },
  {
    "Index": "6219",
    "RawText": "작지만 흡입력이 강하고 실속있는 청소기입니다. 소음도 적당해서 귀에 거슬릴 정도는 아니에요",
    "Source": "SNS",
    "Domain": "가전",
    "MainCategory": "생활/미용/욕실가전",
    "ProductName": "(TV_특_직) 블랙앤데커 피벗호루라기 청소기",
    "ReviewScore": "100",
    "Syllable": "50",
    "Word": "11",
    "RDate": "20190420",
    "GeneralPolarity": "1",
    "Aspects": [
      {
        "Aspect": "기능",
        "SentimentText": "작지만 흡입력이 강하고 실속있는 청소기입니다.",
        "SentimentWord": "5",
        "SentimentPolarity": "1"
      },
      {
        "Aspect": "소음",
        "SentimentText": "소음도 적당해서 귀에 거슬릴 정도는 아니에요",
        "SentimentWord": "6",
        "SentimentPolarity": "0"
      }
    ]
  },
  {
    "Index": "6220",
    "RawText": "좀 무겁네요. 가벼웠으면 좋았을텐데.. 디자인. 사이즈 만족. 차량용 청소기로 구입했습니다",
    "Source": "SNS",
    "Domain": "가전",
    "MainCategory": "생활/미용/욕실가전",
    "ProductName": "(TV_특_직) 블랙앤데커 피벗호루라기 청소기",
    "ReviewScore": "80",
    "Syllable": "50",
    "Word": "10",
    "RDate": "20190331",
    "GeneralPolarity": "1",
    "Aspects": [
      {
        "Aspect": "무게",
        "SentimentText": "좀 무겁네요. 가벼웠으면 좋았을텐데..",
        "SentimentWord": "4",
        "SentimentPolarity": "-1"
      },
      {
        "Aspect": "디자인",
        "SentimentText": "디자인. 사이즈 만족.",
        "SentimentWord": "3",
        "SentimentPolarity": "1"
      },
      {
        "Aspect": "사이즈",
        "SentimentText": "사이즈 만족.",
        "SentimentWord": "2",
        "SentimentPolarity": "1"
      }
    ]
  },
  {
    "Index": "6221",
    "RawText": "지금까지, 써본, 쩡소기 중, 가장, 흡입력 좋고, 디자인도, 예쁜 것, 같아, 마음에 쏙, 들어요.",
    "Source": "SNS",
    "Domain": "가전",
    "MainCategory": "생활/미용/욕실가전",
    "ProductName": "(TV_특_직) 블랙앤데커 피벗호루라기 청소기",
    "ReviewScore": "100",
    "Syllable": "56",
    "Word": "14",
    "RDate": "20190423",
    "GeneralPolarity": "1",
    "Aspects": [
      {
        "Aspect": "기능",
        "SentimentText": "지금까지, 써본, 쩡소기 중, 가장, 흡입력 좋고",
        "SentimentWord": "7",
        "SentimentPolarity": "1"
      },
      {
        "Aspect": "디자인",
        "SentimentText": "디자인도, 예쁜 것, 같아, 마음에 쏙, 들어요.",
        "SentimentWord": "7",
        "SentimentPolarity": "1"
      }
    ]
  },
  {
    "Index": "6222",
    "RawText": "충전해서 쓰는시간이 짧아서  좀 별로이긴한데 그래도청소는 흡입력이 좋아서 쓸만해요",
    "Source": "SNS",
    "Domain": "가전",
    "MainCategory": "생활/미용/욕실가전",
    "ProductName": "(TV_특_직) 블랙앤데커 피벗호루라기 청소기",
    "ReviewScore": "100",
    "Syllable": "45",
    "Word": "9",
    "RDate": "20190428",
    "GeneralPolarity": "0",
    "Aspects": [
      {
        "Aspect": "시간/속도",
        "SentimentText": "충전해서 쓰는시간이 짧아서  좀 별로이긴한데",
        "SentimentWord": "5",
        "SentimentPolarity": "-1"
      },
      {
        "Aspect": "기능",
        "SentimentText": "흡입력이 좋아서 쓸만해요",
        "SentimentWord": "3",
        "SentimentPolarity": "1"
      }
    ]
  },
  {
    "Index": "6223",
    "RawText": "크기도 작아서 좋고 힘도 세서 흡입력도 좋구요.방송 선전 그대로 좋네요",
    "Source": "SNS",
    "Domain": "가전",
    "MainCategory": "생활/미용/욕실가전",
    "ProductName": "(TV_특_직) 블랙앤데커 피벗호루라기 청소기",
    "ReviewScore": "100",
    "Syllable": "39",
    "Word": "10",
    "RDate": "20190528",
    "Aspects": [
      {
        "Aspect": "사이즈",
        "SentimentText": "크기도 작아서 좋고",
        "SentimentWord": "3",
        "SentimentPolarity": "1"
      },
      {
        "Aspect": "기능",
        "SentimentText": " 힘도 세서 흡입력도 좋구요.",
        "SentimentWord": "4",
        "SentimentPolarity": "1"
      }
    ]
  },
  {
    "Index": "6224",
    "RawText": "000 청소기 너무 좋습니다  힘도쎄고 디자인도 이쁘고요",
    "Source": "SNS",
    "Domain": "가전",
    "MainCategory": "생활/미용/욕실가전",
    "ProductName": "(TV_특_직) 블랙앤데커 피벗호루라기 청소기",
    "ReviewScore": "100",
    "Syllable": "31",
    "Word": "7",
    "RDate": "20190429",
    "GeneralPolarity": "1",
    "Aspects": [
      {
        "Aspect": "기능",
        "SentimentText": "너무 좋습니다  힘도쎄고 디자인도 이쁘고요",
        "SentimentWord": "5",
        "SentimentPolarity": "1"
      },
      {
        "Aspect": "디자인",
        "SentimentText": "디자인도 이쁘고요",
        "SentimentWord": "2",
        "SentimentPolarity": "1"
      }
    ]
  },
  {
    "Index": "6225",
    "RawText": "한달전쯤 샀는데 오늘 4.25 보니 할인이 엄청 들어가네요. 정가에 샀는데 가격조정이 어렵다고 해서 맘 상했어요. 바보가 된 기분 . 제품도 생각보다 무거워서 별로고요 이렇게 하면 상품이 맘에 들어도 할인 될까봐 사기 힘들것 같아요. 계절 상품도 아닌데  이건 좀 아니라고 봐요.",
    "Source": "SNS",
    "Domain": "가전",
    "MainCategory": "생활/미용/욕실가전",
    "ProductName": "(TV_특_직) 블랙앤데커 피벗호루라기 청소기",
    "ReviewScore": "20",
    "Syllable": "156",
    "Word": "40",
    "RDate": "20190425",
    "Aspects": [
      {
        "Aspect": "가격",
        "SentimentText": "정가에 샀는데 가격조정이 어렵다고 해서 맘 상했어요. 바보가 된 기분",
        "SentimentWord": "10",
        "SentimentPolarity": "-1"
      },
      {
        "Aspect": "무게",
        "SentimentText": "제품도 생각보다 무거워서 별로고요",
        "SentimentWord": "4",
        "SentimentPolarity": "-1"
      }
    ]
  },
  {
    "Index": "6226",
    "RawText": "흡입력은 좋으나 소리가 넘 커요ㅠ  연장관은 꽤 쓸모가 있네요. 풀로 사길 잘했어요^^   ",
    "Source": "SNS",
    "Domain": "가전",
    "MainCategory": "생활/미용/욕실가전",
    "ProductName": "(TV_특_직) 블랙앤데커 피벗호루라기 청소기",
    "ReviewScore": "80",
    "Syllable": "51",
    "Word": "12",
    "RDate": "20190406",
    "GeneralPolarity": "1",
    "Aspects": [
      {
        "Aspect": "기능",
        "SentimentText": "흡입력은 좋으나",
        "SentimentWord": "2",
        "SentimentPolarity": "1"
      },
      {
        "Aspect": "제품구성",
        "SentimentText": "연장관은 꽤 쓸모가 있네요. 풀로 사길 잘했어요^^  ",
        "SentimentWord": "7",
        "SentimentPolarity": "1"
      },
      {
        "Aspect": "소음",
        "SentimentText": "소리가 넘 커요ㅠ",
        "SentimentWord": "3",
        "SentimentPolarity": "-1"
      }
    ]
  },
  {
    "Index": "6227",
    "RawText": "가격대비 만족하지만 소리가..시끄럽네요 흡입력은좋아요",
    "Source": "SNS",
    "Domain": "가전",
    "MainCategory": "생활/미용/욕실가전",
    "ProductName": "(TV_특_직_10퍼할인) 블랙앤데커 피벗호루라기 청소기",
    "ReviewScore": "80",
    "Syllable": "29",
    "Word": "4",
    "RDate": "20190427",
    "GeneralPolarity": "1",
    "Aspects": [
      {
        "Aspect": "가격",
        "SentimentText": "가격대비 만족하지만 ",
        "SentimentWord": "2",
        "SentimentPolarity": "1"
      },
      {
        "Aspect": "소음",
        "SentimentText": "소리가..시끄럽네요",
        "SentimentWord": "1",
        "SentimentPolarity": "-1"
      },
      {
        "Aspect": "기능",
        "SentimentText": "흡입력은좋아요",
        "SentimentWord": "1",
        "SentimentPolarity": "1"
      }
    ]
  },
  {
    "Index": "6228",
    "RawText": "가볍긴 한데 너무 시끄럽고 뒤로 바람만 많이 나오면서 하루종일 충전을 해도 청소 도중에 꺼지는 경우가 있어 불편하고 짜증 남.",
    "Source": "SNS",
    "Domain": "가전",
    "MainCategory": "생활/미용/욕실가전",
    "ProductName": "(TV_특_직_10퍼할인) 블랙앤데커 피벗호루라기 청소기",
    "ReviewScore": "40",
    "Syllable": "70",
    "Word": "19",
    "RDate": "20191103",
    "GeneralPolarity": "-1",
    "Aspects": [
      {
        "Aspect": "소음",
        "SentimentText": "너무 시끄럽고 ",
        "SentimentWord": "2",
        "SentimentPolarity": "-1"
      },
      {
        "Aspect": "배터리",
        "SentimentText": " 하루종일 충전을 해도 청소 도중에 꺼지는 경우가 있어 불편하고 짜증 남.",
        "SentimentWord": "11",
        "SentimentPolarity": "-1"
      }
    ]
  },
  {
    "Index": "6229",
    "RawText": "가성비가 아주 좋은 무선청소기같아요 좁은 곳 청소할때 알맞습니다 ",
    "Source": "SNS",
    "Domain": "가전",
    "MainCategory": "생활/미용/욕실가전",
    "ProductName": "(TV_특_직_10퍼할인) 블랙앤데커 피벗호루라기 청소기",
    "ReviewScore": "80",
    "Syllable": "36",
    "Word": "8",
    "RDate": "20190505",
    "GeneralPolarity": "1",
    "Aspects": [
      {
        "Aspect": "가격",
        "SentimentText": "가성비가 아주 좋은 무선청소기같아요",
        "SentimentWord": "4",
        "SentimentPolarity": "1"
      },
      {
        "Aspect": "사이즈",
        "SentimentText": "좁은 곳 청소할때 알맞습니다",
        "SentimentWord": "4",
        "SentimentPolarity": "1"
      }
    ]
  },
  {
    "Index": "6230",
    "RawText": "흡입력이강력한파워가 맘에 들어요~ 근데 바디가좀약해요 핸디형으론괜찮지만 일반청소기용으론  약합니다",
    "Source": "SNS",
    "Domain": "가전",
    "MainCategory": "생활/미용/욕실가전",
    "ProductName": "(TV_특_직_10퍼할인) 블랙앤데커 피벗호루라기 청소기",
    "ReviewScore": "100",
    "Syllable": "54",
    "Word": "8",
    "RDate": "20190509",
    "GeneralPolarity": "0",
    "Aspects": [
      {
        "Aspect": "기능",
        "SentimentText": "흡입력이강력한파워가 맘에 들어요~",
        "SentimentWord": "3",
        "SentimentPolarity": "1"
      },
      {
        "Aspect": "내구성",
        "SentimentText": "근데 바디가좀약해요 ",
        "SentimentWord": "2",
        "SentimentPolarity": "-1"
      }
    ]
  },
  {
    "Index": "6231",
    "RawText": "너무 좋습니다.  작아서자리도 안차지하고...ㅎㅎ 다만 조금 무거워서 힘들어요.",
    "Source": "SNS",
    "Domain": "가전",
    "MainCategory": "생활/미용/욕실가전",
    "ProductName": "(TV_특_직_10퍼할인) 블랙앤데커 피벗호루라기 청소기",
    "ReviewScore": "100",
    "Syllable": "44",
    "Word": "8",
    "RDate": "20190429",
    "GeneralPolarity": "1",
    "Aspects": [
      {
        "Aspect": "사이즈",
        "SentimentText": "작아서자리도 안차지하고...ㅎㅎ",
        "SentimentWord": "2",
        "SentimentPolarity": "1"
      },
      {
        "Aspect": "무게",
        "SentimentText": "조금 무거워서 힘들어요.",
        "SentimentWord": "3",
        "SentimentPolarity": "-1"
      }
    ]
  },
  {
    "Index": "6232",
    "RawText": "제품의 퀄리티는 대체적으로 만족 하는데 배터리 시간이 짧아 아쉽네요~",
    "Source": "SNS",
    "Domain": "가전",
    "MainCategory": "생활/미용/욕실가전",
    "ProductName": "(TV_특_직_10퍼할인) 블랙앤데커 피벗호루라기 청소기",
    "ReviewScore": "60",
    "Syllable": "38",
    "Word": "9",
    "RDate": "20190509",
    "Aspects": [
      {
        "Aspect": "품질",
        "SentimentText": "제품의 퀄리티는 대체적으로 만족 하는데",
        "SentimentWord": "5",
        "SentimentPolarity": "1"
      },
      {
        "Aspect": "배터리",
        "SentimentText": "배터리 시간이 짧아 아쉽네요~",
        "SentimentWord": "4",
        "SentimentPolarity": "-1"
      }
    ]
  },
  {
    "Index": "6233",
    "RawText": "문제가 있네요. 긴 청소기로 사용할 때 자꾸 빠지고 흔들거려 불편해요 그냥 간편한 손 청소기로는 무리가 없어 편해요 ",
    "Source": "SNS",
    "Domain": "가전",
    "MainCategory": "생활/미용/욕실가전",
    "ProductName": "(TV_특_직_10퍼할인) 블랙앤데커 피벗호루라기 청소기",
    "ReviewScore": "60",
    "Syllable": "65",
    "Word": "17",
    "RDate": "20190522",
    "GeneralPolarity": "0",
    "Aspects": [
      {
        "Aspect": "품질",
        "SentimentText": "긴 청소기로 사용할 때 자꾸 빠지고 흔들거려 불편해요",
        "SentimentWord": "8",
        "SentimentPolarity": "-1"
      },
      {
        "Aspect": "편의성",
        "SentimentText": "간편한 손 청소기로는 무리가 없어 편해요",
        "SentimentWord": "6",
        "SentimentPolarity": "1"
      }
    ]
  },
  {
    "Index": "6234",
    "RawText": "배송도 빠르고 청소기 성능도 좋은거같아요ᆢ 근데 조금 아쉬운게 청소기소리가 조금크네요~",
    "Source": "SNS",
    "Domain": "가전",
    "MainCategory": "생활/미용/욕실가전",
    "ProductName": "(TV_특_직_10퍼할인) 블랙앤데커 피벗호루라기 청소기",
    "ReviewScore": "100",
    "Syllable": "48",
    "Word": "10",
    "RDate": "20190426",
    "Aspects": [
      {
        "Aspect": "기능",
        "SentimentText": "청소기 성능도 좋은거같아요ᆢ",
        "SentimentWord": "3",
        "SentimentPolarity": "1"
      },
      {
        "Aspect": "소음",
        "SentimentText": "조금 아쉬운게 청소기소리가 조금크네요~",
        "SentimentWord": "4",
        "SentimentPolarity": "-1"
      }
    ]
  },
  {
    "Index": "6235",
    "RawText": "생가보다 작아서 아쉽네요 흡입력은 괜찮은거같은데 연결해서 사용할때는 좀불편하듯하네요 그냥 수시로 사용할때는 편해서 좋아요 ",
    "Source": "SNS",
    "Domain": "가전",
    "MainCategory": "생활/미용/욕실가전",
    "ProductName": "(TV_특_직_10퍼할인) 블랙앤데커 피벗호루라기 청소기",
    "ReviewScore": "80",
    "Syllable": "68",
    "Word": "13",
    "RDate": "20190427",
    "GeneralPolarity": "0",
    "Aspects": [
      {
        "Aspect": "사이즈",
        "SentimentText": "생가보다 작아서 아쉽네요",
        "SentimentWord": "3",
        "SentimentPolarity": "-1"
      },
      {
        "Aspect": "기능",
        "SentimentText": "흡입력은 괜찮은거같은데",
        "SentimentWord": "2",
        "SentimentPolarity": "1"
      },
      {
        "Aspect": "조작성",
        "SentimentText": "연결해서 사용할때는 좀불편하듯하네요",
        "SentimentWord": "3",
        "SentimentPolarity": "-1"
      },
      {
        "Aspect": "편의성",
        "SentimentText": "그냥 수시로 사용할때는 편해서 좋아요",
        "SentimentWord": "5",
        "SentimentPolarity": "1"
      }
    ]
  },
  {
    "Index": "6236",
    "RawText": "성능 디자인 가격 다좋은데 소리가 커서 좀 작았으면 합니다",
    "Source": "SNS",
    "Domain": "가전",
    "MainCategory": "생활/미용/욕실가전",
    "ProductName": "(TV_특_직_10퍼할인) 블랙앤데커 피벗호루라기 청소기",
    "ReviewScore": "80",
    "Syllable": "32",
    "Word": "9",
    "RDate": "20190429",
    "GeneralPolarity": "0",
    "Aspects": [
      {
        "Aspect": "기능",
        "SentimentText": "성능 디자인 가격 다좋은데",
        "SentimentWord": "4",
        "SentimentPolarity": "1"
      },
      {
        "Aspect": "디자인",
        "SentimentText": "디자인 가격 다좋은데",
        "SentimentWord": "3",
        "SentimentPolarity": "1"
      },
      {
        "Aspect": "가격",
        "SentimentText": "가격 다좋은데",
        "SentimentWord": "2",
        "SentimentPolarity": "1"
      },
      {
        "Aspect": "소음",
        "SentimentText": "소리가 커서 좀 작았으면 합니다",
        "SentimentWord": "5",
        "SentimentPolarity": "-1"
      }
    ]
  },
  {
    "Index": "6237",
    "RawText": "성능 짱 좋아요~쓰기도너무편리해서 맘에들어요 필터청소하는게 간편해서 젤 맘에들어요",
    "Source": "SNS",
    "Domain": "가전",
    "MainCategory": "생활/미용/욕실가전",
    "ProductName": "(TV_특_직_10퍼할인) 블랙앤데커 피벗호루라기 청소기",
    "ReviewScore": "100",
    "Syllable": "45",
    "Word": "8",
    "RDate": "20190718",
    "GeneralPolarity": "1",
    "Aspects": [
      {
        "Aspect": "기능",
        "SentimentText": "성능 짱 좋아요~",
        "SentimentWord": "3",
        "SentimentPolarity": "1"
      },
      {
        "Aspect": "편의성",
        "SentimentText": "쓰기도너무편리해서 맘에들어요",
        "SentimentWord": "2",
        "SentimentPolarity": "1"
      },
      {
        "Aspect": "편의성",
        "SentimentText": "필터청소하는게 간편해서 젤 맘에들어요 ",
        "SentimentWord": "4",
        "SentimentPolarity": "1"
      }
    ]
  },
  {
    "Index": "6238",
    "RawText": "소리가커요ㅠ 애기잇는집은비추예요 호루라기처럼생겨서인지 소리도크네요ㅜ 성능은좋아요..",
    "Source": "SNS",
    "Domain": "가전",
    "MainCategory": "생활/미용/욕실가전",
    "ProductName": "(TV_특_직_10퍼할인) 블랙앤데커 피벗호루라기 청소기",
    "ReviewScore": "60",
    "Syllable": "46",
    "Word": "5",
    "RDate": "20190508",
    "GeneralPolarity": "0",
    "Aspects": [
      {
        "Aspect": "소음",
        "SentimentText": "소리가커요ㅠ 애기잇는집은비추예요",
        "SentimentWord": "2",
        "SentimentPolarity": "-1"
      },
      {
        "Aspect": "기능",
        "SentimentText": "성능은좋아요..",
        "SentimentWord": "1",
        "SentimentPolarity": "1"
      }
    ]
  },
  {
    "Index": "6239",
    "RawText": "소리는  요란해서 시끄럽지만  간단하게 청소하긴엔 조은것 갔네요",
    "Source": "SNS",
    "Domain": "가전",
    "MainCategory": "생활/미용/욕실가전",
    "ProductName": "(TV_특_직_10퍼할인) 블랙앤데커 피벗호루라기 청소기",
    "ReviewScore": "100",
    "Syllable": "35",
    "Word": "7",
    "RDate": "20190501",
    "GeneralPolarity": "0",
    "Aspects": [
      {
        "Aspect": "소음",
        "SentimentText": "소리는  요란해서 시끄럽지만 ",
        "SentimentWord": "3",
        "SentimentPolarity": "-1"
      },
      {
        "Aspect": "편의성",
        "SentimentText": "간단하게 청소하긴엔 조은것 갔네요",
        "SentimentWord": "4",
        "SentimentPolarity": "1"
      }
    ]
  },
  {
    "Index": "6240",
    "RawText": "슬림하고 좋긴한데..청소기 띠었다 붙였다 하는 헤드 쪽이 자꾸 빠져 불편해요..딸깍하고 고정하는 핀이 있어야할듯",
    "Source": "SNS",
    "Domain": "가전",
    "MainCategory": "생활/미용/욕실가전",
    "ProductName": "(TV_특_직_10퍼할인) 블랙앤데커 피벗호루라기 청소기",
    "ReviewScore": "60",
    "Syllable": "62",
    "Word": "13",
    "RDate": "20190530",
    "GeneralPolarity": "0",
    "Aspects": [
      {
        "Aspect": "사이즈",
        "SentimentText": "슬림하고 좋긴한데..",
        "SentimentWord": "2",
        "SentimentPolarity": "1"
      },
      {
        "Aspect": "조작성",
        "SentimentText": "청소기 띠었다 붙였다 하는 헤드 쪽이 자꾸 빠져 불편해요",
        "SentimentWord": "9",
        "SentimentPolarity": "-1"
      }
    ]
  },
  {
    "Index": "6241",
    "RawText": "연장해서쓰는 툴은 제 기능을 잘 못하네요. 소리도 매우 시끄럽습니다.",
    "Source": "SNS",
    "Domain": "가전",
    "MainCategory": "생활/미용/욕실가전",
    "ProductName": "(TV_특_직_10퍼할인) 블랙앤데커 피벗호루라기 청소기",
    "ReviewScore": "40",
    "Syllable": "38",
    "Word": "9",
    "RDate": "20190713",
    "GeneralPolarity": "-1",
    "Aspects": [
      {
        "Aspect": "기능",
        "SentimentText": "연장해서쓰는 툴은 제 기능을 잘 못하네요. ",
        "SentimentWord": "6",
        "SentimentPolarity": "-1"
      },
      {
        "Aspect": "소음",
        "SentimentText": "소리도 매우 시끄럽습니다.",
        "SentimentWord": "3",
        "SentimentPolarity": "-1"
      }
    ]
  },
  {
    "Index": "6242",
    "RawText": "일단 수납이 편리해서 넘좋아요 ㅋㅋ 근데 힘도 엄청쎄서 만족해요 단점한가지는 연장 앞머리가 넘 작네요 ㅠ ",
    "Source": "SNS",
    "Domain": "가전",
    "MainCategory": "생활/미용/욕실가전",
    "ProductName": "(TV_특_직_10퍼할인) 블랙앤데커 피벗호루라기 청소기",
    "ReviewScore": "100",
    "Syllable": "59",
    "Word": "15",
    "RDate": "20190426",
    "GeneralPolarity": "0",
    "Aspects": [
      {
        "Aspect": "편의성",
        "SentimentText": "수납이 편리해서 넘좋아요 ㅋㅋ",
        "SentimentWord": "4",
        "SentimentPolarity": "1"
      },
      {
        "Aspect": "기능",
        "SentimentText": "힘도 엄청쎄서 만족해요",
        "SentimentWord": "3",
        "SentimentPolarity": "1"
      },
      {
        "Aspect": "사이즈",
        "SentimentText": "단점한가지는 연장 앞머리가 넘 작네요 ㅠ",
        "SentimentWord": "6",
        "SentimentPolarity": "-1"
      }
    ]
  },
  {
    "Index": "6243",
    "RawText": "청소기 가동하면 소음이너무크네요 봉연결하여 사용하는것도 너무 약해서 제 역활을 못하는거같아요",
    "Source": "SNS",
    "Domain": "가전",
    "MainCategory": "생활/미용/욕실가전",
    "ProductName": "(TV_특_직_10퍼할인) 블랙앤데커 피벗호루라기 청소기",
    "ReviewScore": "40",
    "Syllable": "51",
    "Word": "10",
    "RDate": "20190618",
    "GeneralPolarity": "-1",
    "Aspects": [
      {
        "Aspect": "소음",
        "SentimentText": "소음이너무크네요",
        "SentimentWord": "1",
        "SentimentPolarity": "-1"
      },
      {
        "Aspect": "품질",
        "SentimentText": "봉연결하여 사용하는것도 너무 약해서 제 역활을 못하는거같아요",
        "SentimentWord": "7",
        "SentimentPolarity": "-1"
      }
    ]
  },
  {
    "Index": "6244",
    "RawText": "휴대하기 편해서 좋아요  콤팩트한 사이즈 디자인 만족합니다",
    "Source": "SNS",
    "Domain": "가전",
    "MainCategory": "생활/미용/욕실가전",
    "ProductName": "(TV_특_직_10퍼할인) 블랙앤데커 피벗호루라기 청소기",
    "ReviewScore": "100",
    "Syllable": "32",
    "Word": "7",
    "RDate": "20190509",
    "GeneralPolarity": "1",
    "Aspects": [
      {
        "Aspect": "편의성",
        "SentimentText": "휴대하기 편해서 좋아요",
        "SentimentWord": "3",
        "SentimentPolarity": "1"
      },
      {
        "Aspect": "사이즈",
        "SentimentText": "콤팩트한 사이즈 디자인 만족합니다",
        "SentimentWord": "4",
        "SentimentPolarity": "1"
      },
      {
        "Aspect": "디자인",
        "SentimentText": "디자인 만족합니다",
        "SentimentWord": "2",
        "SentimentPolarity": "1"
      }
    ]
  },
  {
    "Index": "6245",
    "RawText": "힘도쎄서 흡입력이 좋고  무선인대 다른 무선에비해 빨아들이는 힘이 강력해서 만족해요 전에삿던 무선청소기는 안녕입니다",
    "Source": "SNS",
    "Domain": "가전",
    "MainCategory": "생활/미용/욕실가전",
    "ProductName": "(TV_특_직_10퍼할인) 블랙앤데커 피벗호루라기 청소기",
    "ReviewScore": "100",
    "Syllable": "64",
    "Word": "13",
    "RDate": "20190520",
    "GeneralPolarity": "1",
    "Aspects": [
      {
        "Aspect": "기능",
        "SentimentText": "힘도쎄서 흡입력이 좋고",
        "SentimentWord": "3",
        "SentimentPolarity": "1"
      },
      {
        "Aspect": "기능",
        "SentimentText": "무선인대 다른 무선에비해 빨아들이는 힘이 강력해서 만족해요 ",
        "SentimentWord": "7",
        "SentimentPolarity": "1"
      }
    ]
  },
  {
    "Index": "6246",
    "RawText": "TV  홈쇼핑에서 광고한 내용보다 세척력이 못하네요. 약간 과장 광고라 실망입니다. 그냥 물량만 많이 때려 놓아 제품구성만 많습니다",
    "Source": "SNS",
    "Domain": "가전",
    "MainCategory": "생활/미용/욕실가전",
    "ProductName": "(TV_특_최다구성) 유니케어 코브라 유니건 세제 21팩 세트",
    "ReviewScore": "60",
    "Syllable": "73",
    "Word": "17",
    "RDate": "20220205",
    "Aspects": [
      {
        "Aspect": "기능",
        "SentimentText": "세척력이 못하네요",
        "SentimentWord": "2",
        "SentimentPolarity": "-1"
      },
      {
        "Aspect": "제품구성",
        "SentimentText": "그냥 물량만 많이 때려 놓아 제품구성만 많습니다",
        "SentimentWord": "7",
        "SentimentPolarity": "-1"
      }
    ]
  },
  {
    "Index": "6247",
    "RawText": "광고보단 못하지만 깨끗하게 세정되는것 같아 좋아요 친환경 제품이라 좀 안심이 되어 좋아요",
    "Source": "SNS",
    "Domain": "가전",
    "MainCategory": "생활/미용/욕실가전",
    "ProductName": "(TV_특_최다구성) 유니케어 코브라 유니건 세제 21팩 세트",
    "ReviewScore": "80",
    "Syllable": "49",
    "Word": "12",
    "RDate": "20220220",
    "GeneralPolarity": "1",
    "Aspects": [
      {
        "Aspect": "기능",
        "SentimentText": "깨끗하게 세정되는것 같아 좋아요",
        "SentimentWord": "4",
        "SentimentPolarity": "1"
      },
      {
        "Aspect": "품질",
        "SentimentText": "친환경 제품이라 좀 안심이 되어 좋아요",
        "SentimentWord": "6",
        "SentimentPolarity": "1"
      }
    ]
  },
  {
    "Index": "6248",
    "RawText": "너무 과장된 광고 인것 같아 실망스러워요. 받자 마자 사용했는데  화장실 곰팡이균  잘 지워지지 않아 불만 스럽구요 용액도 한 팩 넣고 사용했더니 한번 사용할 용량밖에 안되 별루입니다 . 좋은 점 사용하기 간편하고 사용 후 반짝 빛은 나네요.  약간은 실망.",
    "Source": "SNS",
    "Domain": "가전",
    "MainCategory": "생활/미용/욕실가전",
    "ProductName": "(TV_특_최다구성) 유니케어 코브라 유니건 세제 21팩 세트",
    "ReviewScore": "60",
    "Syllable": "144",
    "Word": "38",
    "RDate": "20220204",
    "Aspects": [
      {
        "Aspect": "기능",
        "SentimentText": " 곰팡이균  잘 지워지지 않아 불만 스럽구요",
        "SentimentWord": "6",
        "SentimentPolarity": "-1"
      },
      {
        "Aspect": "용량",
        "SentimentText": "용액도 한 팩 넣고 사용했더니 한번 사용할 용량밖에 안되 별루입니다 ",
        "SentimentWord": "10",
        "SentimentPolarity": "-1"
      },
      {
        "Aspect": "편의성",
        "SentimentText": "좋은 점 사용하기 간편하고 사용 후 반짝 빛은 나네요.",
        "SentimentWord": "9",
        "SentimentPolarity": "0"
      }
    ]
  },
  {
    "Index": "6249",
    "RawText": "방송에서 본거만큼 세탁이 깨끝하게 되진 않지만 많은 양땜에구매  했어요",
    "Source": "SNS",
    "Domain": "가전",
    "MainCategory": "생활/미용/욕실가전",
    "ProductName": "(TV_특_최다구성) 유니케어 코브라 유니건 세제 21팩 세트",
    "ReviewScore": "100",
    "Syllable": "39",
    "Word": "9",
    "RDate": "20220303",
    "GeneralPolarity": "0",
    "Aspects": [
      {
        "Aspect": "기능",
        "SentimentText": "방송에서 본거만큼 세탁이 깨끝하게 되진 않지만",
        "SentimentWord": "6",
        "SentimentPolarity": "-1"
      },
      {
        "Aspect": "제품구성",
        "SentimentText": "많은 양땜에구매  했어요",
        "SentimentWord": "3",
        "SentimentPolarity": "1"
      }
    ]
  },
  {
    "Index": "6250",
    "RawText": "별 반개도 아까움 세정력 0 냄새는 독하고 양은 빨리 줄고 세정력은 제로 마음에 드는게 하나도 없어요  그저 그러함 돈 더 주고 다른거 사는게 나음",
    "Source": "SNS",
    "Domain": "가전",
    "MainCategory": "생활/미용/욕실가전",
    "ProductName": "(TV_특_최다구성) 유니케어 코브라 유니건 세제 21팩 세트",
    "ReviewScore": "10",
    "Syllable": "82",
    "Word": "24",
    "RDate": "20220207",
    "GeneralPolarity": "-1",
    "Aspects": [
      {
        "Aspect": "품질",
        "SentimentText": "냄새는 독하고 양은 빨리 줄고 세정력은 제로 마음에 드는게 하나도 없어요 ",
        "SentimentWord": "11",
        "SentimentPolarity": "-1"
      },
      {
        "Aspect": "가격",
        "SentimentText": "그저 그러함 돈 더 주고 다른거 사는게 나음",
        "SentimentWord": "8",
        "SentimentPolarity": "-1"
      }
    ]
  },
  {
    "Index": "6251",
    "RawText": "보통의 세제와 별로 다르지 않음.  분사를 하니 코로 흡입이 되는 점도 감안해야하구. 힘들이고 뿌리지 않아 편하네요 강도 조절이 아쉽네요 물줄기가 퍼지거나 좁아져 사용이 불편해요 화초에 스프레이는 좋음 ",
    "Source": "SNS",
    "Domain": "가전",
    "MainCategory": "생활/미용/욕실가전",
    "ProductName": "(TV_특_최다구성) 유니케어 코브라 유니건 세제 21팩 세트",
    "ReviewScore": "90",
    "Syllable": "113",
    "Word": "27",
    "RDate": "20220214",
    "GeneralPolarity": "0",
    "Aspects": [
      {
        "Aspect": "편의성",
        "SentimentText": "힘들이고 뿌리지 않아 편하네요",
        "SentimentWord": "4",
        "SentimentPolarity": "1"
      },
      {
        "Aspect": "기능",
        "SentimentText": "강도 조절이 아쉽네요",
        "SentimentWord": "3",
        "SentimentPolarity": "-1"
      },
      {
        "Aspect": "편의성",
        "SentimentText": "물줄기가 퍼지거나 좁아져 사용이 불편해요",
        "SentimentWord": "5",
        "SentimentPolarity": "-1"
      }
    ]
  },
  {
    "Index": "6252",
    "RawText": "생각보다 깨끗이 안 됩니다  샤워 부스는 두번 사용해도 얼룩남아요 수세미로 문질러야 하니 불편해서 별로예요.",
    "Source": "SNS",
    "Domain": "가전",
    "MainCategory": "생활/미용/욕실가전",
    "ProductName": "(TV_특_최다구성) 유니케어 코브라 유니건 세제 21팩 세트",
    "ReviewScore": "60",
    "Syllable": "60",
    "Word": "14",
    "RDate": "20220226",
    "GeneralPolarity": "-1",
    "Aspects": [
      {
        "Aspect": "기능",
        "SentimentText": "생각보다 깨끗이 안 됩니다 샤워 부스는 두번 사용해도 얼룩남아요",
        "SentimentWord": "9",
        "SentimentPolarity": "-1"
      },
      {
        "Aspect": "편의성",
        "SentimentText": "수세미로 문질러야 하니 불편해서 별로예요.",
        "SentimentWord": "5",
        "SentimentPolarity": "-1"
      }
    ]
  },
  {
    "Index": "6253",
    "RawText": "역시 세제뿌리는게 편하네요~ 청소하기  정말편해요~굿^^",
    "Source": "SNS",
    "Domain": "가전",
    "MainCategory": "생활/미용/욕실가전",
    "ProductName": "(TV_특_최다구성) 유니케어 코브라 유니건 세제 21팩 세트",
    "ReviewScore": "100",
    "Syllable": "31",
    "Word": "5",
    "RDate": "20220215",
    "GeneralPolarity": "1",
    "Aspects": [
      {
        "Aspect": "편의성",
        "SentimentText": "역시 세제뿌리는게 편하네요~",
        "SentimentWord": "3",
        "SentimentPolarity": "1"
      },
      {
        "Aspect": "편의성",
        "SentimentText": "청소하기  정말편해요~굿^^",
        "SentimentWord": "2",
        "SentimentPolarity": "1"
      }
    ]
  },
  {
    "Index": "6254",
    "RawText": "자동 분사라 너무 편하고 정말로 때가 잘 빠져요 특히 찌든 기름때 닦을때 너무 좋은거 같아요~",
    "Source": "SNS",
    "Domain": "가전",
    "MainCategory": "생활/미용/욕실가전",
    "ProductName": "(TV_특_최다구성) 유니케어 코브라 유니건 세제 21팩 세트",
    "ReviewScore": "100",
    "Syllable": "52",
    "Word": "15",
    "RDate": "20220226",
    "GeneralPolarity": "1",
    "Aspects": [
      {
        "Aspect": "편의성",
        "SentimentText": "자동 분사라 너무 편하고 정말로 때가 잘 빠져요",
        "SentimentWord": "8",
        "SentimentPolarity": "1"
      },
      {
        "Aspect": "기능",
        "SentimentText": "특히 찌든 기름때 닦을때 너무 좋은거 같아요~",
        "SentimentWord": "7",
        "SentimentPolarity": "1"
      }
    ]
  },
  {
    "Index": "6255",
    "RawText": "홈쇼핑 보고 주문했는데 너무 좋네요 가성비도 좋고 청소가 간편해져서 너무 좋아요 ㅎ",
    "Source": "SNS",
    "Domain": "가전",
    "MainCategory": "생활/미용/욕실가전",
    "ProductName": "(TV_특약_직)블랙앤데커 코끼리코 무선청소기(TPD1400EXT)",
    "ReviewScore": "100",
    "Syllable": "46",
    "Word": "12",
    "RDate": "20181230",
    "GeneralPolarity": "1",
    "Aspects": [
      {
        "Aspect": "가격",
        "SentimentText": "가성비도 좋고 ",
        "SentimentWord": "2",
        "SentimentPolarity": "1"
      },
      {
        "Aspect": "편의성",
        "SentimentText": " 청소가 간편해져서 너무 좋아요 ㅎ",
        "SentimentWord": "5",
        "SentimentPolarity": "1"
      }
    ]
  },
  {
    "Index": "6256",
    "RawText": "배송도 빨라서 만족해요 상품 성능도 생각했던거보다는 좋습니다. 다만 원목거치대는 좀 허술한듯... 잘 쓰겠습니다~^^",
    "Source": "SNS",
    "Domain": "가전",
    "MainCategory": "생활/미용/욕실가전",
    "ProductName": "(TV_특약_직택배_5만원할인) 테팔 에어포스 360 청소기 에어케어",
    "ReviewScore": "100",
    "Syllable": "65",
    "Word": "13",
    "RDate": "20180713",
    "Aspects": [
      {
        "Aspect": "기능",
        "SentimentText": "상품 성능도 생각했던거보다는 좋습니다.",
        "SentimentWord": "4",
        "SentimentPolarity": "1"
      },
      {
        "Aspect": "품질",
        "SentimentText": "다만 원목거치대는 좀 허술한듯...",
        "SentimentWord": "4",
        "SentimentPolarity": "-1"
      }
    ]
  },
  {
    "Index": "6257",
    "RawText": "배송이 빨라서 좋았어요 포장도 2중포장되어 잘 받았습니다 청소후 바닥 만졌을때 뽀송함이 너무 좋네요 귀여운 생김새에 한쪽에 새워놔도 근사하네요",
    "Source": "SNS",
    "Domain": "가전",
    "MainCategory": "생활/미용/욕실가전",
    "ProductName": "(TV_할인_특) 에브리봇 물걸레 로봇청소기 RS-700",
    "ReviewScore": "100",
    "Syllable": "79",
    "Word": "18",
    "RDate": "20190320",
    "Aspects": [
      {
        "Aspect": "기능",
        "SentimentText": "청소후 바닥 만졌을때 뽀송함이 너무 좋네요",
        "SentimentWord": "6",
        "SentimentPolarity": "1"
      },
      {
        "Aspect": "디자인",
        "SentimentText": "귀여운 생김새에 한쪽에 새워놔도 근사하네요",
        "SentimentWord": "5",
        "SentimentPolarity": "1"
      }
    ]
  },
  {
    "Index": "6258",
    "RawText": "빠른 배송만족합니다.  바닥 깨끗히 닦고 장애물도 잘 피하고 전체적으로 만족합니다.   저의 손이 되어 주는 군요 타원형 디자인이 슬림하고 세련되 보여요",
    "Source": "SNS",
    "Domain": "가전",
    "MainCategory": "생활/미용/욕실가전",
    "ProductName": "(TV_할인_특) 에브리봇 물걸레 로봇청소기 RS-700",
    "ReviewScore": "100",
    "Syllable": "85",
    "Word": "20",
    "RDate": "20190405",
    "Aspects": [
      {
        "Aspect": "디자인",
        "SentimentText": "타원형 디자인이 슬림하고 세련되 보여요",
        "SentimentWord": "5",
        "SentimentPolarity": "1"
      },
      {
        "Aspect": "기능",
        "SentimentText": "바닥깨끗히 닦고 장애물도 잘 피하고 전체적으로 만족합니다. ",
        "SentimentWord": "7",
        "SentimentPolarity": "1"
      }
    ]
  },
  {
    "Index": "6259",
    "RawText": "생각보다 소리는 커서 시끄럽네요 그래도 청소는 잘되어 좋으네요 잘 써볼께요",
    "Source": "SNS",
    "Domain": "가전",
    "MainCategory": "생활/미용/욕실가전",
    "ProductName": "(TV_할인_특) 에브리봇 물걸레 로봇청소기 RS-700",
    "ReviewScore": "100",
    "Syllable": "41",
    "Word": "10",
    "RDate": "20190404",
    "GeneralPolarity": "0",
    "Aspects": [
      {
        "Aspect": "소음",
        "SentimentText": "생각보다 소리는 커서 시끄럽네요",
        "SentimentWord": "4",
        "SentimentPolarity": "-1"
      },
      {
        "Aspect": "기능",
        "SentimentText": "그래도 청소는 잘되어 좋으네요 잘 써볼께요",
        "SentimentWord": "6",
        "SentimentPolarity": "1"
      }
    ]
  },
  {
    "Index": "6260",
    "RawText": "저는 후기 꼼꼼히 읽어 보고 좋다고해 주문했어요 근데 청소가  잘되요 너무 잘 샀어요. 걸레가 새까맣게 잘 닦여요. 물통에 물이 조금밖에 안들어가 조금 아쉽지만요. 너무 좋아요. 강추~~ 바닥이 뽀송뽀송 해요 너무",
    "Source": "SNS",
    "Domain": "가전",
    "MainCategory": "생활/미용/욕실가전",
    "ProductName": "(TV_할인_특) 에브리봇 물걸레 로봇청소기 RS-700",
    "ReviewScore": "100",
    "Syllable": "119",
    "Word": "30",
    "RDate": "20190402",
    "GeneralPolarity": "1",
    "Aspects": [
      {
        "Aspect": "품질",
        "SentimentText": "청소가  잘되요 너무 잘 샀어요.",
        "SentimentWord": "5",
        "SentimentPolarity": "1"
      },
      {
        "Aspect": "기능",
        "SentimentText": "걸레가 새까맣게 잘 닦여요.",
        "SentimentWord": "4",
        "SentimentPolarity": "1"
      },
      {
        "Aspect": "용량",
        "SentimentText": "물통에 물이 조금밖에 안들어가 조금 아쉽지만요.",
        "SentimentWord": "6",
        "SentimentPolarity": "-1"
      }
    ]
  },
  {
    "Index": "6261",
    "RawText": "침대 밑이나 쇼파밑 청소하기 힘들어서 샀는데 리모컨으로 보고 조정해야 하는것이  불편해요. 장애물이 있으면 반대편에서만 돌면서 청소하는것이 아쉽네요. 비싼 로봇청소기와 비교하시면 안되구요 닦고나면 바닥은 보송보송해요",
    "Source": "SNS",
    "Domain": "가전",
    "MainCategory": "생활/미용/욕실가전",
    "ProductName": "(TV_할인_특) 에브리봇 물걸레 로봇청소기 RS-700",
    "ReviewScore": "60",
    "Syllable": "120",
    "Word": "24",
    "RDate": "20190410",
    "GeneralPolarity": "0",
    "Aspects": [
      {
        "Aspect": "편의성",
        "SentimentText": "리모컨으로 보고 조정해야 하는것이  불편해요.",
        "SentimentWord": "5",
        "SentimentPolarity": "-1"
      },
      {
        "Aspect": "기능",
        "SentimentText": "장애물이 있으면 반대편에서만 돌면서 청소하는것이 아쉽네요. ",
        "SentimentWord": "6",
        "SentimentPolarity": "-1"
      },
      {
        "Aspect": "기능",
        "SentimentText": "닦고나면 바닥은 보송보송해요",
        "SentimentWord": "3",
        "SentimentPolarity": "1"
      }
    ]
  },
  {
    "Index": "6262",
    "RawText": "거치대 불량으로 교환 받았지만 설치도 간단하고 좋아요 소리는 조금 커서 시끄러워요 흡입력 좋네요",
    "Source": "SNS",
    "Domain": "가전",
    "MainCategory": "생활/미용/욕실가전",
    "ProductName": "(TV_협력사변경_초특가_특) 테팔 에어포스 360 청소기 에어케어 TY9086",
    "ReviewScore": "100",
    "Syllable": "53",
    "Word": "13",
    "RDate": "20191018",
    "GeneralPolarity": "0",
    "Aspects": [
      {
        "Aspect": "조작성",
        "SentimentText": "설치도 간단하고 좋아요",
        "SentimentWord": "3",
        "SentimentPolarity": "1"
      },
      {
        "Aspect": "소음",
        "SentimentText": "소리는 조금 커서 시끄러워요",
        "SentimentWord": "4",
        "SentimentPolarity": "-1"
      },
      {
        "Aspect": "기능",
        "SentimentText": "흡입력 좋네요",
        "SentimentWord": "2",
        "SentimentPolarity": "1"
      }
    ]
  },
  {
    "Index": "6263",
    "RawText": "구성도 좋고 무엇보다 가격도 착하고 성능도 마음에 듭니다",
    "Source": "SNS",
    "Domain": "가전",
    "MainCategory": "생활/미용/욕실가전",
    "ProductName": "(TV_협력사변경_초특가_특) 테팔 에어포스 360 청소기 에어케어 TY9086",
    "ReviewScore": "100",
    "Syllable": "31",
    "Word": "8",
    "RDate": "20191031",
    "GeneralPolarity": "1",
    "Aspects": [
      {
        "Aspect": "제품구성",
        "SentimentText": "구성도 좋고",
        "SentimentWord": "2",
        "SentimentPolarity": "1"
      },
      {
        "Aspect": "가격",
        "SentimentText": "무엇보다 가격도 착하고 ",
        "SentimentWord": "3",
        "SentimentPolarity": "1"
      },
      {
        "Aspect": "기능",
        "SentimentText": "성능도 마음에 듭니다",
        "SentimentWord": "3",
        "SentimentPolarity": "1"
      }
    ]
  },
  {
    "Index": "6264",
    "RawText": "기대를 많이해서 그런지 별로네요 흡입력도 별로 소음도 커서 시끄러워요 사용감도 별로 무게도 꽤 되서 불만입니다",
    "Source": "SNS",
    "Domain": "가전",
    "MainCategory": "생활/미용/욕실가전",
    "ProductName": "(TV_협력사변경_초특가_특) 테팔 에어포스 360 청소기 에어케어 TY9086",
    "ReviewScore": "60",
    "Syllable": "61",
    "Word": "15",
    "RDate": "20191022",
    "GeneralPolarity": "-1",
    "Aspects": [
      {
        "Aspect": "기능",
        "SentimentText": "흡입력도 별로",
        "SentimentWord": "2",
        "SentimentPolarity": "-1"
      },
      {
        "Aspect": "소음",
        "SentimentText": "소음도 커서 시끄러워요",
        "SentimentWord": "3",
        "SentimentPolarity": "-1"
      },
      {
        "Aspect": "조작성",
        "SentimentText": "사용감도 별로",
        "SentimentWord": "2",
        "SentimentPolarity": "-1"
      },
      {
        "Aspect": "무게",
        "SentimentText": "무게도 꽤 되서 불만입니다",
        "SentimentWord": "4",
        "SentimentPolarity": "-1"
      }
    ]
  },
  {
    "Index": "6265",
    "RawText": "제품 너무 좋아요 무게도 가볍고   깨끗하게   청소가 잘 되어요",
    "Source": "SNS",
    "Domain": "가전",
    "MainCategory": "생활/미용/욕실가전",
    "ProductName": "(TV_협력사변경_초특가_특) 테팔 에어포스 360 청소기 에어케어 TY9086",
    "ReviewScore": "0",
    "Syllable": "36",
    "Word": "9",
    "RDate": "20191108",
    "GeneralPolarity": "1",
    "Aspects": [
      {
        "Aspect": "품질",
        "SentimentText": "제품 너무 좋아요",
        "SentimentWord": "3",
        "SentimentPolarity": "1"
      },
      {
        "Aspect": "무게",
        "SentimentText": "무게도 가볍고",
        "SentimentWord": "2",
        "SentimentPolarity": "1"
      },
      {
        "Aspect": "기능",
        "SentimentText": "깨끗하게   청소가 잘 되어요",
        "SentimentWord": "4",
        "SentimentPolarity": "1"
      }
    ]
  },
  {
    "Index": "6266",
    "RawText": "다양한구성이 맘에 드네요 강한 흡입력 심플한 디자인도 맘에들고 거치대까지 구성에 들어있어서 보관도 깔끔하고 좋아요",
    "Source": "SNS",
    "Domain": "가전",
    "MainCategory": "생활/미용/욕실가전",
    "ProductName": "(TV_협력사변경_초특가_특) 테팔 에어포스 360 청소기 에어케어 TY9086",
    "ReviewScore": "100",
    "Syllable": "63",
    "Word": "14",
    "RDate": "20191102",
    "GeneralPolarity": "1",
    "Aspects": [
      {
        "Aspect": "제품구성",
        "SentimentText": "다양한구성이 맘에 드네요",
        "SentimentWord": "3",
        "SentimentPolarity": "1"
      },
      {
        "Aspect": "기능",
        "SentimentText": " 강한 흡입력",
        "SentimentWord": "2",
        "SentimentPolarity": "1"
      },
      {
        "Aspect": "디자인",
        "SentimentText": "심플한 디자인도 맘에들고",
        "SentimentWord": "3",
        "SentimentPolarity": "1"
      },
      {
        "Aspect": "제품구성",
        "SentimentText": "거치대까지 구성에 들어있어서 보관도 깔끔하고 좋아요",
        "SentimentWord": "6",
        "SentimentPolarity": "1"
      }
    ]
  },
  {
    "Index": "6267",
    "RawText": "무선청소기  가격도 착하고  성능도 좋습니다  거치대가  있어  보관하기도  편하고  전체적으로 만족하는  상품입니다.",
    "Source": "SNS",
    "Domain": "가전",
    "MainCategory": "생활/미용/욕실가전",
    "ProductName": "(TV_협력사변경_초특가_특) 테팔 에어포스 360 청소기 에어케어 TY9086",
    "ReviewScore": "100",
    "Syllable": "66",
    "Word": "12",
    "RDate": "20191031",
    "GeneralPolarity": "1",
    "Aspects": [
      {
        "Aspect": "가격",
        "SentimentText": "가격도 착하고  성능도 좋습니다 ",
        "SentimentWord": "4",
        "SentimentPolarity": "1"
      },
      {
        "Aspect": "기능",
        "SentimentText": "성능도 좋습니다 ",
        "SentimentWord": "2",
        "SentimentPolarity": "1"
      },
      {
        "Aspect": "편의성",
        "SentimentText": "거치대가  있어  보관하기도  편하고",
        "SentimentWord": "4",
        "SentimentPolarity": "1"
      },
      {
        "Aspect": "품질",
        "SentimentText": "전체적으로 만족하는  상품입니다.",
        "SentimentWord": "3",
        "SentimentPolarity": "1"
      }
    ]
  },
  {
    "Index": "6268",
    "RawText": "싼 청소기 두번 사서 빨리 고장나서 고심하던중 구입했는데 일단 소리도 작고 흡입력도 좋고 성능이 좋은거같아요",
    "Source": "SNS",
    "Domain": "가전",
    "MainCategory": "생활/미용/욕실가전",
    "ProductName": "(TV_협력사변경_초특가_특) 테팔 에어포스 360 청소기 에어케어 TY9086",
    "ReviewScore": "100",
    "Syllable": "60",
    "Word": "15",
    "RDate": "20191016",
    "GeneralPolarity": "1",
    "Aspects": [
      {
        "Aspect": "소음",
        "SentimentText": "소리도 작고",
        "SentimentWord": "2",
        "SentimentPolarity": "1"
      },
      {
        "Aspect": "기능",
        "SentimentText": " 흡입력도 좋고",
        "SentimentWord": "2",
        "SentimentPolarity": "1"
      },
      {
        "Aspect": "품질",
        "SentimentText": "성능이 좋은거같아요",
        "SentimentWord": "2",
        "SentimentPolarity": "1"
      }
    ]
  },
  {
    "Index": "6269",
    "RawText": "충전후 청소기 사용할수 있는 시간이 적어서 살짝 아쉬웠는데 파워가 엄청세서 맘에들어요",
    "Source": "SNS",
    "Domain": "가전",
    "MainCategory": "생활/미용/욕실가전",
    "ProductName": "(TV_협력사변경_초특가_특) 테팔 에어포스 360 청소기 에어케어 TY9086",
    "ReviewScore": "100",
    "Syllable": "47",
    "Word": "11",
    "RDate": "20191031",
    "GeneralPolarity": "1",
    "Aspects": [
      {
        "Aspect": "시간/속도",
        "SentimentText": "충전후 청소기 사용할수 있는 시간이 적어서 살짝 아쉬웠는데",
        "SentimentWord": "8",
        "SentimentPolarity": "-1"
      },
      {
        "Aspect": "기능",
        "SentimentText": "파워가 엄청세서 맘에들어요",
        "SentimentWord": "3",
        "SentimentPolarity": "1"
      }
    ]
  },
  {
    "Index": "6270",
    "RawText": "일단 배송 빠르게와서 좋았어요. 먼지 청소랑 물걸레 청소가 동시에 되니까 좋네요. 스마트폰으로 밖에서도 청소가 끝난다는게 신기... 그동안 괜히 사서 고생한 느낌이에요~  진작에 살걸..ㅎㅎ 부모님댁에도 놔드려야 겠어요~ㅎㅎ",
    "Source": "SNS",
    "Domain": "가전",
    "MainCategory": "생활/미용/욕실가전",
    "ProductName": "(TV_형성) 에코백스 디봇 M86 로봇청소기",
    "ReviewScore": "100",
    "Syllable": "125",
    "Word": "26",
    "RDate": "20190505",
    "Aspects": [
      {
        "Aspect": "편의성",
        "SentimentText": "먼지 청소랑 물걸레 청소가 동시에 되니까 좋네요.",
        "SentimentWord": "7",
        "SentimentPolarity": "1"
      },
      {
        "Aspect": "기능",
        "SentimentText": "스마트폰으로 밖에서도 청소가 끝난다는게 신기...",
        "SentimentWord": "5",
        "SentimentPolarity": "1"
      }
    ]
  },
  {
    "Index": "6271",
    "RawText": "다양한 종류의 브러시가 있어서 용도별 사용이 가능하네요 아..방송에서 보는거는 거짓말이네요!!화장실 청소할때 사용해보니 하나도 안되고 스팀용으로 옷 이불 세척?으로는 갠찮겠네요~배송비가 아까워서 반품도 못하고 진짜 황당하네요!!!!아 사진도 첨부안되고  진짜 곰팡이나 묵은때들 하나도 안지워져요!!안돼서 락스도 부은다음 해도 소용 없네요 실망입니다!!!!!!",
    "Source": "SNS",
    "Domain": "가전",
    "MainCategory": "생활/미용/욕실가전",
    "ProductName": "(TV_형성) 해피한 멀티 스팀청소기 HHC-1000",
    "ReviewScore": "20",
    "Syllable": "200",
    "Word": "37",
    "RDate": "20190510",
    "Aspects": [
      {
        "Aspect": "제품구성",
        "SentimentText": "다양한 종류의 브러시가 있어서 용도별 사용이 가능하네요",
        "SentimentWord": "7",
        "SentimentPolarity": "1"
      },
      {
        "Aspect": "기능",
        "SentimentText": "스팀용으로 옷 이불 세척?으로는 갠찮겠네요~",
        "SentimentWord": "5",
        "SentimentPolarity": "0"
      },
      {
        "Aspect": "기능",
        "SentimentText": "곰팡이나 묵은때들 하나도 안지워져요!!",
        "SentimentWord": "4",
        "SentimentPolarity": "-1"
      },
      {
        "Aspect": "기능",
        "SentimentText": "화장실 청소할때 사용해보니 하나도 안되고",
        "SentimentWord": "5",
        "SentimentPolarity": "-1"
      }
    ]
  },
  {
    "Index": "6272",
    "RawText": "이 상품 구매하고 매우매우 화가납니다. 소비자가 개봉하여 충전시켜 사용하니 사용이 안되다가 한참만에 되다가 중단되고를 반복하여 반품원함 반품처리할 수 있는 방법도 없어 1:1 문의를 하니 답변은 반품 처리가 안된다고하여 OO홈쇼핑에 전화해서 반품을 요청하는데 안된다고 하니 OO홈쇼핑에서 처리해달라고 요청하였는데 업체에서 안된다고 했다고 하며 업체에서 전화가 갈거라고 하여 기다리다가 연결되었는데 업체에서는 여기저기 사진 을 찍어달래서 찍어 보내고 동영상까지 원해서 동영상을 찍으면 안되는 상황까지 녹음해서 보내고 제품을 보고결정하겠다하여 당연히 작동이 안되니 반품이 될거라고 기다렸더니 업체에서는 고장이 아니라고 반품이 안된다는 OO홈쇼핑에서 연락이 왔어요. 정말 어처구니 없고 황당하여 소비자가 불편을 호소하였고, 작동이 되는것을 안된다고 억지를 부리는것도 아닌데 OO홈쇼핑이나 업체가 거부하고있네요. 거기다가 홈쇼핑에서 롤러를 자주바꿔야하는것도 설명이 되질않아 유지비가 일년에  8만원돈이 더 들어야 하는것도 화가 납니다. 그리고 청소기가 매우 느리고 커텐이나 전기줄어 끼어 매우매우 불편하여 교환이 아니라 반품을 요청하니 OO쇼핑이나 업체에서 거부하여 소비자 보호센터로 도움을 청해야할 것 같습니다. 지금껏 홈쇼핑을 거래한거는 소비자가 불편하면 홈쇼핑에서 처리가 빠르게 진행되고 반품처리가 OO홈쇼핑은 소비자가 매우 힘든 처리과정에 화가납니다.   ",
    "Source": "SNS",
    "Domain": "가전",
    "MainCategory": "생활/미용/욕실가전",
    "ProductName": "(TV_혼) 비하우 셀프클리닝 무선 물청소기",
    "ReviewScore": "10",
    "Syllable": "703",
    "Word": "146",
    "RDate": "20211228",
    "Aspects": [
      {
        "Aspect": "기능",
        "SentimentText": "사용이 안되다가 한참만에 되다가 중단되고를 반복하여 반품원함",
        "SentimentWord": "7",
        "SentimentPolarity": "-1"
      },
      {
        "Aspect": "품질",
        "SentimentText": "청소기가 매우 느리고 커텐이나 전기줄어 끼어 매우매우 불편",
        "SentimentWord": "8",
        "SentimentPolarity": "-1"
      }
    ]
  },
  {
    "Index": "6273",
    "RawText": "자동이라 넘 신기하고 처음엔 적응이 안되었지만 몇 번 해보니 넘 편하네요! 물을 넣고 버려야 해서 화장실에서 사용하고 있는데 좋아요. 청소 잘되고 물걸레 한번에 되는게 진짜 큰 장점… 손목과 시간이 아껴지는 느낌이라서요",
    "Source": "SNS",
    "Domain": "가전",
    "MainCategory": "생활/미용/욕실가전",
    "ProductName": "(TV_혼) 비하우 셀프클리닝 무선 물청소기",
    "ReviewScore": "100",
    "Syllable": "122",
    "Word": "31",
    "RDate": "20211228",
    "GeneralPolarity": "1",
    "Aspects": [
      {
        "Aspect": "편의성",
        "SentimentText": "자동이라 넘 신기하고 처음엔 적응이 안되었지만 몇 번 해보니 넘 편하네요! ",
        "SentimentWord": "11",
        "SentimentPolarity": "1"
      },
      {
        "Aspect": "기능",
        "SentimentText": "청소 잘되고 물걸레 한번에 되는게 진짜 큰 장점…",
        "SentimentWord": "8",
        "SentimentPolarity": "1"
      }
    ]
  },
  {
    "Index": "6274",
    "RawText": "헉 청소도 잘안되거 돈아까워요  매일안쓰면 곰팡이 생기겟어요 쓰고 뚜껑열어놓으면 마르고 진짜 별루에요",
    "Source": "SNS",
    "Domain": "가전",
    "MainCategory": "생활/미용/욕실가전",
    "ProductName": "(TV_혼) 비하우 셀프클리닝 무선 물청소기",
    "ReviewScore": "10",
    "Syllable": "56",
    "Word": "12",
    "RDate": "20220104",
    "GeneralPolarity": "-1",
    "Aspects": [
      {
        "Aspect": "품질",
        "SentimentText": "헉 청소도 잘안되거 돈아까워요",
        "SentimentWord": "4",
        "SentimentPolarity": "-1"
      },
      {
        "Aspect": "품질",
        "SentimentText": "뚜껑열어놓으면 마르고 진짜 별루에요",
        "SentimentWord": "4",
        "SentimentPolarity": "-1"
      }
    ]
  },
  {
    "Index": "6275",
    "RawText": "물걸레은  괜찮아요  근대  진공청소기   별로임 전  반품  신청",
    "Source": "SNS",
    "Domain": "가전",
    "MainCategory": "생활/미용/욕실가전",
    "ProductName": "(TV_혼합) 파워스윙 올뉴 프리미엄 무선 진공 물걸레 청소기 SWING-8600",
    "ReviewScore": "20",
    "Syllable": "37",
    "Word": "8",
    "RDate": "20200219",
    "GeneralPolarity": "0",
    "Aspects": [
      {
        "Aspect": "기능",
        "SentimentText": "물걸레은  괜찮아요 ",
        "SentimentWord": "2",
        "SentimentPolarity": "1"
      },
      {
        "Aspect": "기능",
        "SentimentText": "근대  진공청소기   별로임",
        "SentimentWord": "3",
        "SentimentPolarity": "-1"
      }
    ]
  },
  {
    "Index": "6276",
    "RawText": "사용해보니 편리해서 적립금으로 하나더 샀어요ㅎㅎ  일회용 청소포도 많이 줘서 좋아욥",
    "Source": "SNS",
    "Domain": "가전",
    "MainCategory": "생활/미용/욕실가전",
    "ProductName": "(TV_혼합) 파워스윙 올뉴 프리미엄 무선 진공 물걸레 청소기 SWING-8600",
    "ReviewScore": "100",
    "Syllable": "46",
    "Word": "10",
    "RDate": "20200301",
    "GeneralPolarity": "1",
    "Aspects": [
      {
        "Aspect": "편의성",
        "SentimentText": "사용해보니 편리해서 적립금으로 하나더 샀어요ㅎㅎ",
        "SentimentWord": "5",
        "SentimentPolarity": "1"
      },
      {
        "Aspect": "제품구성",
        "SentimentText": "일회용 청소포도 많이 줘서 좋아욥",
        "SentimentWord": "5",
        "SentimentPolarity": "1"
      }
    ]
  },
  {
    "Index": "6277",
    "RawText": "역시 두가지를. 함께 한다는게 아니다 싶다 흡입력도 떨어져 실망이고   물걸레질도 그리 만족못하고 모퉁이부분은 닿지도 않아서 만족도가 떨어집니다 좀더 성능이 좋아지고나서 사야할것 같네요 반품 해야겠네요",
    "Source": "SNS",
    "Domain": "가전",
    "MainCategory": "생활/미용/욕실가전",
    "ProductName": "(TV_혼합) 파워스윙 올뉴 프리미엄 무선 진공 물걸레 청소기 SWING-8600",
    "ReviewScore": "50",
    "Syllable": "112",
    "Word": "24",
    "RDate": "20200212",
    "GeneralPolarity": "-1",
    "Aspects": [
      {
        "Aspect": "기능",
        "SentimentText": "흡입력도 떨어져 실망이고 ",
        "SentimentWord": "3",
        "SentimentPolarity": "-1"
      },
      {
        "Aspect": "기능",
        "SentimentText": "물걸레질도 그리 만족못하고",
        "SentimentWord": "3",
        "SentimentPolarity": "-1"
      },
      {
        "Aspect": "편의성",
        "SentimentText": "모퉁이부분은 닿지도 않아서 만족도가 떨어집니다",
        "SentimentWord": "5",
        "SentimentPolarity": "-1"
      }
    ]
  },
  {
    "Index": "6278",
    "RawText": "우와~~ 흡입력도 쎄고 좋아요 거기다 디자인도 이쁘기까지~~",
    "Source": "SNS",
    "Domain": "가전",
    "MainCategory": "생활/미용/욕실가전",
    "ProductName": "(TV_혼합) 파워스윙 올뉴 프리미엄 무선 진공 물걸레 청소기 SWING-8600",
    "ReviewScore": "100",
    "Syllable": "33",
    "Word": "7",
    "RDate": "20200117",
    "GeneralPolarity": "1",
    "Aspects": [
      {
        "Aspect": "기능",
        "SentimentText": "흡입력도 쎄고 좋아요",
        "SentimentWord": "3",
        "SentimentPolarity": "1"
      },
      {
        "Aspect": "디자인",
        "SentimentText": "거기다 디자인도 이쁘기까지~~",
        "SentimentWord": "3",
        "SentimentPolarity": "1"
      }
    ]
  },
  {
    "Index": "6279",
    "RawText": "흡입이 좀 약한편이라 아쉬워요 가격대비  좋와요",
    "Source": "SNS",
    "Domain": "가전",
    "MainCategory": "생활/미용/욕실가전",
    "ProductName": "(TV_혼합) 파워스윙 올뉴 프리미엄 무선 진공 물걸레 청소기 SWING-8600",
    "ReviewScore": "100",
    "Syllable": "26",
    "Word": "6",
    "RDate": "20200205",
    "GeneralPolarity": "0",
    "Aspects": [
      {
        "Aspect": "기능",
        "SentimentText": "흡입이 좀 약한편이라 아쉬워요",
        "SentimentWord": "4",
        "SentimentPolarity": "-1"
      },
      {
        "Aspect": "가격",
        "SentimentText": "가격대비  좋와요",
        "SentimentWord": "2",
        "SentimentPolarity": "1"
      }
    ]
  },
  {
    "Index": "6280",
    "RawText": "OO꺼보다 두께가 얇아서 침대밑에 편하게 들어가 잘 청소하고나오네요 처음에는 물걸레질이 잘안되는듯한데 청소기가 자주 돌아댕기며 골고루 잘 청소해주네요 구석구석까지 바란다면 많이 부족하지만 눈에 보이는 곳 청소엔 큰 도움이 되네요",
    "Source": "SNS",
    "Domain": "가전",
    "MainCategory": "생활/미용/욕실가전",
    "ProductName": "(TV_혼합_5만원할인) 에코백스 디봇 M86 로봇청소기",
    "ReviewScore": "80",
    "Syllable": "127",
    "Word": "28",
    "RDate": "20191017",
    "GeneralPolarity": "1",
    "Aspects": [
      {
        "Aspect": "사이즈",
        "SentimentText": "두께가 얇아서 침대밑에 편하게 들어가 잘 청소하고나오네요",
        "SentimentWord": "7",
        "SentimentPolarity": "1"
      },
      {
        "Aspect": "기능",
        "SentimentText": "청소기가 자주 돌아댕기며 골고루 잘 청소해주네요",
        "SentimentWord": "6",
        "SentimentPolarity": "1"
      },
      {
        "Aspect": "편의성",
        "SentimentText": "구석구석까지 바란다면 많이 부족하지만 눈에 보이는 곳 청소엔 큰 도움이 되네요",
        "SentimentWord": "11",
        "SentimentPolarity": "0"
      }
    ]
  },
  {
    "Index": "6281",
    "RawText": "가격대비 괜찮은 물건입니다 턱도 잘 넘어가고 생각보다 괜춘",
    "Source": "SNS",
    "Domain": "가전",
    "MainCategory": "생활/미용/욕실가전",
    "ProductName": "(TV_혼합_5만원할인) 에코백스 디봇 M86 로봇청소기",
    "ReviewScore": "100",
    "Syllable": "32",
    "Word": "8",
    "RDate": "20191023",
    "GeneralPolarity": "1",
    "Aspects": [
      {
        "Aspect": "가격",
        "SentimentText": "가격대비 괜찮은 물건입니다",
        "SentimentWord": "3",
        "SentimentPolarity": "1"
      },
      {
        "Aspect": "기능",
        "SentimentText": "턱도 잘 넘어가고 생각보다 괜춘",
        "SentimentWord": "5",
        "SentimentPolarity": "1"
      }
    ]
  },
  {
    "Index": "6282",
    "RawText": "가성비 대박좋아요.  먼지흡입력은 초대박좋아요. 금방 먼지통이 꽉꽉차내요~~ 더 대박나세요~",
    "Source": "SNS",
    "Domain": "가전",
    "MainCategory": "생활/미용/욕실가전",
    "ProductName": "(TV_혼합_5만원할인) 에코백스 디봇 M86 로봇청소기",
    "ReviewScore": "100",
    "Syllable": "51",
    "Word": "9",
    "RDate": "20191021",
    "GeneralPolarity": "1",
    "Aspects": [
      {
        "Aspect": "가격",
        "SentimentText": "가성비 대박좋아요. ",
        "SentimentWord": "2",
        "SentimentPolarity": "1"
      },
      {
        "Aspect": "기능",
        "SentimentText": "먼지흡입력은 초대박좋아요. 금방 먼지통이 꽉꽉차내요~~",
        "SentimentWord": "5",
        "SentimentPolarity": "1"
      }
    ]
  },
  {
    "Index": "6283",
    "RawText": "방과 방이 턱이 있다보니 그건 안넘어 가지만 그래도 이가격에 만족.  흡입정도는 좋습니다.",
    "Source": "SNS",
    "Domain": "가전",
    "MainCategory": "생활/미용/욕실가전",
    "ProductName": "(TV_혼합_5만원할인) 에코백스 디봇 M86 로봇청소기",
    "ReviewScore": "100",
    "Syllable": "50",
    "Word": "12",
    "RDate": "20191012",
    "GeneralPolarity": "1",
    "Aspects": [
      {
        "Aspect": "가격",
        "SentimentText": "이가격에 만족.",
        "SentimentWord": "2",
        "SentimentPolarity": "1"
      },
      {
        "Aspect": "기능",
        "SentimentText": "흡입정도는 좋습니다.",
        "SentimentWord": "2",
        "SentimentPolarity": "1"
      }
    ]
  },
  {
    "Index": "6284",
    "RawText": "방에 문턱이안넘어간다고해서 고민많이햇는데 1.5센치까지는넘어간다는소리에 삿는데 다행이문턱잘넘어서 청소해줘요 안방하고 거실하고 작은방까지 ㅎㅎ 침대밑에도들어가서 청소해주는게제일좋네요",
    "Source": "SNS",
    "Domain": "가전",
    "MainCategory": "생활/미용/욕실가전",
    "ProductName": "(TV_혼합_5만원할인) 에코백스 디봇 M86 로봇청소기",
    "ReviewScore": "100",
    "Syllable": "100",
    "Word": "13",
    "RDate": "20191012",
    "GeneralPolarity": "1",
    "Aspects": [
      {
        "Aspect": "기능",
        "SentimentText": "다행이문턱잘넘어서 청소해줘요 안방하고 거실하고 작은방까지 ㅎㅎ",
        "SentimentWord": "6",
        "SentimentPolarity": "1"
      },
      {
        "Aspect": "편의성",
        "SentimentText": "침대밑에도들어가서 청소해주는게제일좋네요",
        "SentimentWord": "2",
        "SentimentPolarity": "1"
      }
    ]
  },
  {
    "Index": "6285",
    "RawText": "이렇게 좋을수가 ~ㅋ요녀석이 울집에 온 이후론 청소가 간편해서 집안이 깨끗해졌어요~정말 대박입니다~왜 진작 안샀을까 후회될정도입니다~제가 요녀석 홍보대사입니다~ㅋㅋ 친구들이나 지인에게 추천 많이했습니다~구석구석 깨끗하게 청소해주는 넘 좋은 제품이예요~^^",
    "Source": "SNS",
    "Domain": "가전",
    "MainCategory": "생활/미용/욕실가전",
    "ProductName": "(TV_혼합_5만원할인) 에코백스 디봇 M86 로봇청소기",
    "ReviewScore": "100",
    "Syllable": "142",
    "Word": "25",
    "RDate": "20191024",
    "GeneralPolarity": "1",
    "Aspects": [
      {
        "Aspect": "편의성",
        "SentimentText": "간편해서 집안이 깨끗해졌어요~정말 대박입니다~",
        "SentimentWord": "4",
        "SentimentPolarity": "1"
      },
      {
        "Aspect": "기능",
        "SentimentText": "구석구석 깨끗하게 청소해주는 넘 좋은 제품이예요~^^",
        "SentimentWord": "6",
        "SentimentPolarity": "1"
      }
    ]
  },
  {
    "Index": "6286",
    "RawText": "사용하기 편해요. 구석구석은 잘 안되어 아쉽긴해요 사용에 불편은 없어여",
    "Source": "SNS",
    "Domain": "가전",
    "MainCategory": "생활/미용/욕실가전",
    "ProductName": "(TV_혼합_방송중혜택)휴스톰 무선물걸레청소기 HS-10000",
    "ReviewScore": "80",
    "Syllable": "39",
    "Word": "9",
    "RDate": "20190730",
    "GeneralPolarity": "0",
    "Aspects": [
      {
        "Aspect": "편의성",
        "SentimentText": "사용하기 편해요.",
        "SentimentWord": "2",
        "SentimentPolarity": "1"
      },
      {
        "Aspect": "기능",
        "SentimentText": "구석구석은 잘 안되어 아쉽긴해요",
        "SentimentWord": "4",
        "SentimentPolarity": "-1"
      }
    ]
  },
  {
    "Index": "6287",
    "RawText": "생각보단 무거워서 힘들어요....그래도 무선이라 사용하기는 편하네요 밪데리가 없으면 그냥! 꺼집니다...^^",
    "Source": "SNS",
    "Domain": "가전",
    "MainCategory": "생활/미용/욕실가전",
    "ProductName": "(더블배터리팩)삼성 제트2.0 무선청소기 풀패키지[VS15R8548S5CWB]",
    "ReviewScore": "70",
    "Syllable": "60",
    "Word": "10",
    "RDate": "20210104",
    "GeneralPolarity": "0",
    "Aspects": [
      {
        "Aspect": "무게",
        "SentimentText": "생각보단 무거워서 힘들어요",
        "SentimentWord": "3",
        "SentimentPolarity": "-1"
      },
      {
        "Aspect": "편의성",
        "SentimentText": "무선이라 사용하기는 편하네요",
        "SentimentWord": "3",
        "SentimentPolarity": "1"
      },
      {
        "Aspect": "배터리",
        "SentimentText": "밪데리가 없으면 그냥! 꺼집니다...^^",
        "SentimentWord": "4",
        "SentimentPolarity": "0"
      }
    ]
  },
  {
    "Index": "6288",
    "RawText": "리퍼제품이라  싸게 구입했는데 사용설명서가  없어서 고민하다가  8월30일 사용설명서 요청했는데 9월20일에 받았어요 빨리  처리가 안되어서 속상했지만 청소기는 아무 이상없이 잘 사용하고  있어요",
    "Source": "SNS",
    "Domain": "가전",
    "MainCategory": "생활/미용/욕실가전",
    "ProductName": "(리퍼브B)삼성 멀티파워 청소기(직)",
    "ReviewScore": "100",
    "Syllable": "109",
    "Word": "21",
    "RDate": "20190922",
    "Aspects": [
      {
        "Aspect": "품질",
        "SentimentText": "청소기는 아무 이상없이 잘 사용하고 있어요",
        "SentimentWord": "6",
        "SentimentPolarity": "1"
      },
      {
        "Aspect": "가격",
        "SentimentText": "리퍼제품이라 싸게 구입했는데",
        "SentimentWord": "3",
        "SentimentPolarity": "1"
      }
    ]
  },
  {
    "Index": "6289",
    "RawText": "가볍긴한데아래는너무휘둘리고손잡이는무겁고익숙해지면좀괜찮겠죠.먼지통비우기는편해서좋아요.",
    "Source": "SNS",
    "Domain": "가전",
    "MainCategory": "생활/미용/욕실가전",
    "ProductName": "(모라)삼성 비스포크 제트 210W 무선청소기(VS20A956A3B)",
    "ReviewScore": "100",
    "Syllable": "46",
    "Word": "1",
    "RDate": "20220305",
    "GeneralPolarity": "0",
    "Aspects": [
      {
        "Aspect": "무게",
        "SentimentText": "가볍긴한데아래는너무휘둘리고손잡이는무겁고익숙해지면좀괜찮겠죠.",
        "SentimentWord": "1",
        "SentimentPolarity": "0"
      },
      {
        "Aspect": "편의성",
        "SentimentText": "먼지통비우기는편해서좋아요.",
        "SentimentWord": "1",
        "SentimentPolarity": "1"
      }
    ]
  },
  {
    "Index": "6290",
    "RawText": "배송이 좀 오래 걸려습니다 제품은 000제품이니 믿고 씁니다 청정스테이션 먼지제거는 아주좋아요",
    "Source": "SNS",
    "Domain": "가전",
    "MainCategory": "생활/미용/욕실가전",
    "ProductName": "(미리주문)삼성 제트 2.0 SE 무선청소기 (VS20T9213QDCSW)",
    "ReviewScore": "100",
    "Syllable": "52",
    "Word": "11",
    "RDate": "20201223",
    "Aspects": [
      {
        "Aspect": "제조일/제조사",
        "SentimentText": "000제품이니 믿고 씁니다",
        "SentimentWord": "3",
        "SentimentPolarity": "1"
      },
      {
        "Aspect": "기능",
        "SentimentText": "먼지제거는 아주좋아요",
        "SentimentWord": "2",
        "SentimentPolarity": "1"
      }
    ]
  },
  {
    "Index": "6291",
    "RawText": "좋습니다 흡입력 걱정했는데 잘되네요 매일 하는 청소는 이거로 하고 대청소때는 유선으로 하려고요  무게감도 생각보다 괜찮아요",
    "Source": "SNS",
    "Domain": "가전",
    "MainCategory": "생활/미용/욕실가전",
    "ProductName": "(미주)테팔 청소기 에어포스 360 울트라라이트(거치대합배송)",
    "ReviewScore": "100",
    "Syllable": "68",
    "Word": "15",
    "RDate": "20210324",
    "GeneralPolarity": "1",
    "Aspects": [
      {
        "Aspect": "기능",
        "SentimentText": " 흡입력 걱정했는데 잘되네요",
        "SentimentWord": "3",
        "SentimentPolarity": "1"
      },
      {
        "Aspect": "무게",
        "SentimentText": "무게감도 생각보다 괜찮아요",
        "SentimentWord": "3",
        "SentimentPolarity": "1"
      }
    ]
  },
  {
    "Index": "6292",
    "RawText": "기대 이상으로 흡입력이 만족스러운 상품입니다... 특별혜택인 거치대는 필수 네요.^^",
    "Source": "SNS",
    "Domain": "가전",
    "MainCategory": "생활/미용/욕실가전",
    "ProductName": "(미주)테팔 청소기 에어포스 360 울트라라이트+전용거치대",
    "ReviewScore": "100",
    "Syllable": "47",
    "Word": "9",
    "RDate": "20210107",
    "GeneralPolarity": "1",
    "Aspects": [
      {
        "Aspect": "기능",
        "SentimentText": "기대 이상으로 흡입력이 만족스러운 상품입니다...",
        "SentimentWord": "5",
        "SentimentPolarity": "1"
      },
      {
        "Aspect": "제품구성",
        "SentimentText": "특별혜택인 거치대는 필수 네요.^^",
        "SentimentWord": "4",
        "SentimentPolarity": "1"
      }
    ]
  },
  {
    "Index": "6293",
    "RawText": "빠른배송 감사합니다. 기존에 사용하던 제품보다 가볍고, 소음이 적어서  매우 만족합니다.",
    "Source": "SNS",
    "Domain": "가전",
    "MainCategory": "생활/미용/욕실가전",
    "ProductName": "(미주)테팔 청소기 에어포스 360 울트라라이트+전용거치대",
    "ReviewScore": "100",
    "Syllable": "49",
    "Word": "10",
    "RDate": "20210115",
    "Aspects": [
      {
        "Aspect": "무게",
        "SentimentText": "가볍고, 소음이 적어서  매우 만족합니다.",
        "SentimentWord": "5",
        "SentimentPolarity": "1"
      },
      {
        "Aspect": "소음",
        "SentimentText": "소음이 적어서  매우 만족합니다.",
        "SentimentWord": "4",
        "SentimentPolarity": "1"
      }
    ]
  },
  {
    "Index": "6294",
    "RawText": "좋은 가격에 구입해서 감사해요  사용이 편해서 만족합니다  다만살짝 무거워 아쉬워요",
    "Source": "SNS",
    "Domain": "가전",
    "MainCategory": "생활/미용/욕실가전",
    "ProductName": "(미주)테팔 청소기 에어포스 360 울트라라이트+전용거치대",
    "ReviewScore": "70",
    "Syllable": "46",
    "Word": "10",
    "RDate": "20201103",
    "GeneralPolarity": "0",
    "Aspects": [
      {
        "Aspect": "가격",
        "SentimentText": "좋은 가격에 구입해서 감사해요",
        "SentimentWord": "4",
        "SentimentPolarity": "1"
      },
      {
        "Aspect": "편의성",
        "SentimentText": "사용이 편해서 만족합니다",
        "SentimentWord": "3",
        "SentimentPolarity": "1"
      },
      {
        "Aspect": "무게",
        "SentimentText": "다만살짝 무거워 아쉬워요",
        "SentimentWord": "3",
        "SentimentPolarity": "-1"
      }
    ]
  },
  {
    "Index": "6295",
    "RawText": "품질, 배송 만족합니다. 가성비 만족합니다.",
    "Source": "SNS",
    "Domain": "가전",
    "MainCategory": "생활/미용/욕실가전",
    "ProductName": "(미주)테팔 청소기 에어포스 360 울트라라이트+전용거치대",
    "ReviewScore": "100",
    "Syllable": "24",
    "Word": "5",
    "RDate": "20201229",
    "Aspects": [
      {
        "Aspect": "품질",
        "SentimentText": "품질, 배송 만족합니다.",
        "SentimentWord": "3",
        "SentimentPolarity": "1"
      },
      {
        "Aspect": "가격",
        "SentimentText": "가성비 만족합니다.",
        "SentimentWord": "2",
        "SentimentPolarity": "1"
      }
    ]
  },
  {
    "Index": "6296",
    "RawText": "어머님께 선물해 드렸는데, 오래된 유선 청소기만 사용하시다가 무선청소기가 가볍고 편리해서 청소하기도 수월하다고 좋아하셨어요~  기사님도 친절히 천천히 사용법 설명해 주셔서 고맙다고 하셨구요~ 감사합니다^^",
    "Source": "SNS",
    "Domain": "가전",
    "MainCategory": "생활/미용/욕실가전",
    "ProductName": "(방송)삼성 제트 2.0 SE 무선청소기 (VS20T9213QDCSW)",
    "ReviewScore": "100",
    "Syllable": "114",
    "Word": "22",
    "RDate": "20210820",
    "Aspects": [
      {
        "Aspect": "무게",
        "SentimentText": "무선청소기가 가볍고 편리해서 청소하기도 수월하다고 좋아하셨어요~ ",
        "SentimentWord": "6",
        "SentimentPolarity": "1"
      },
      {
        "Aspect": "편의성",
        "SentimentText": "편리해서 청소하기도 수월하다고 좋아하셨어요~ ",
        "SentimentWord": "4",
        "SentimentPolarity": "1"
      }
    ]
  },
  {
    "Index": "6297",
    "RawText": "가격 대비 좋아요~ 흡입도 잘되고 소음도 이정도면 괜찮아요~  거치대가 있어서 깔끔하게 세워 둘수 있어서 좋네요~",
    "Source": "SNS",
    "Domain": "가전",
    "MainCategory": "생활/미용/욕실가전",
    "ProductName": "(방송중_초특가_정율) 테팔 에어포스 360 청소기 에어케어 TY9086",
    "ReviewScore": "100",
    "Syllable": "63",
    "Word": "15",
    "RDate": "20200414",
    "GeneralPolarity": "1",
    "Aspects": [
      {
        "Aspect": "가격",
        "SentimentText": "가격 대비 좋아요~",
        "SentimentWord": "3",
        "SentimentPolarity": "1"
      },
      {
        "Aspect": "기능",
        "SentimentText": "흡입도 잘되고 ",
        "SentimentWord": "2",
        "SentimentPolarity": "1"
      },
      {
        "Aspect": "소음",
        "SentimentText": "소음도 이정도면 괜찮아요~",
        "SentimentWord": "3",
        "SentimentPolarity": "1"
      },
      {
        "Aspect": "제품구성",
        "SentimentText": "거치대가 있어서 깔끔하게 세워 둘수 있어서 좋네요~",
        "SentimentWord": "7",
        "SentimentPolarity": "1"
      }
    ]
  },
  {
    "Index": "6298",
    "RawText": "가격대비 짱 좋아요  여러기능도 좋고 흡입력또한 강하네요 00 좋아요^^",
    "Source": "SNS",
    "Domain": "가전",
    "MainCategory": "생활/미용/욕실가전",
    "ProductName": "(방송중_초특가_정율) 테팔 에어포스 360 청소기 에어케어 TY9086",
    "ReviewScore": "100",
    "Syllable": "40",
    "Word": "9",
    "RDate": "20200502",
    "GeneralPolarity": "1",
    "Aspects": [
      {
        "Aspect": "가격",
        "SentimentText": "가격대비 짱 좋아요",
        "SentimentWord": "3",
        "SentimentPolarity": "1"
      },
      {
        "Aspect": "기능",
        "SentimentText": "여러기능도 좋고 흡입력또한 강하네요",
        "SentimentWord": "4",
        "SentimentPolarity": "1"
      }
    ]
  },
  {
    "Index": "6299",
    "RawText": "가성비 최고예요~~  조작도 쉽고..먼지통 청소도 쉬워서 만족해요~~^^",
    "Source": "SNS",
    "Domain": "가전",
    "MainCategory": "생활/미용/욕실가전",
    "ProductName": "(방송중_초특가_정율) 테팔 에어포스 360 청소기 에어케어 TY9086",
    "ReviewScore": "100",
    "Syllable": "40",
    "Word": "7",
    "RDate": "20200427",
    "GeneralPolarity": "1",
    "Aspects": [
      {
        "Aspect": "가격",
        "SentimentText": "가성비 최고예요~~ ",
        "SentimentWord": "2",
        "SentimentPolarity": "1"
      },
      {
        "Aspect": "조작성",
        "SentimentText": " 조작도 쉽고..먼지통 청소도 쉬워서 만족해요~~^^",
        "SentimentWord": "5",
        "SentimentPolarity": "1"
      },
      {
        "Aspect": "편의성",
        "SentimentText": "먼지통 청소도 쉬워서 만족해요~~^^",
        "SentimentWord": "4",
        "SentimentPolarity": "1"
      }
    ]
  },
  {
    "Index": "6300",
    "RawText": "거치대가 있어 장소 구애없이 세워두기 좋네요~ 가격대비 쓸모있고 편리하게 잘 나왔어요~  ",
    "Source": "SNS",
    "Domain": "가전",
    "MainCategory": "생활/미용/욕실가전",
    "ProductName": "(방송중_초특가_정율) 테팔 에어포스 360 청소기 에어케어 TY9086",
    "ReviewScore": "100",
    "Syllable": "50",
    "Word": "11",
    "RDate": "20200104",
    "GeneralPolarity": "1",
    "Aspects": [
      {
        "Aspect": "편의성",
        "SentimentText": "거치대가 있어 장소 구애없이 세워두기 좋네요~",
        "SentimentWord": "6",
        "SentimentPolarity": "1"
      },
      {
        "Aspect": "가격",
        "SentimentText": "가격대비 쓸모있고",
        "SentimentWord": "2",
        "SentimentPolarity": "1"
      },
      {
        "Aspect": "편의성",
        "SentimentText": "편리하게 잘 나왔어요~ ",
        "SentimentWord": "3",
        "SentimentPolarity": "1"
      }
    ]
  },
  {
    "Index": "6301",
    "RawText": "너무마음에들어요 흡입력도좋고 간편하고 청소도 잘되어 만족해요",
    "Source": "SNS",
    "Domain": "가전",
    "MainCategory": "생활/미용/욕실가전",
    "ProductName": "(방송중_초특가_정율) 테팔 에어포스 360 청소기 에어케어 TY9086",
    "ReviewScore": "100",
    "Syllable": "33",
    "Word": "6",
    "RDate": "20200223",
    "GeneralPolarity": "1",
    "Aspects": [
      {
        "Aspect": "기능",
        "SentimentText": "흡입력도좋고 ",
        "SentimentWord": "1",
        "SentimentPolarity": "1"
      },
      {
        "Aspect": "편의성",
        "SentimentText": "간편하고 청소도 잘되어 만족해요",
        "SentimentWord": "4",
        "SentimentPolarity": "1"
      },
      {
        "Aspect": "기능",
        "SentimentText": "청소도 잘되어 만족해요",
        "SentimentWord": "3",
        "SentimentPolarity": "1"
      }
    ]
  },
  {
    "Index": "6302",
    "RawText": "너무맘에 들어요~ 사용할때 좀 시끄럽긴 하지만요 가격도 좋고 흡입력도좋고 좋아요",
    "Source": "SNS",
    "Domain": "가전",
    "MainCategory": "생활/미용/욕실가전",
    "ProductName": "(방송중_초특가_정율) 테팔 에어포스 360 청소기 에어케어 TY9086",
    "ReviewScore": "100",
    "Syllable": "44",
    "Word": "10",
    "RDate": "20200105",
    "GeneralPolarity": "1",
    "Aspects": [
      {
        "Aspect": "소음",
        "SentimentText": "사용할때 좀 시끄럽긴 하지만요",
        "SentimentWord": "4",
        "SentimentPolarity": "-1"
      },
      {
        "Aspect": "가격",
        "SentimentText": "가격도 좋고 ",
        "SentimentWord": "2",
        "SentimentPolarity": "1"
      },
      {
        "Aspect": "기능",
        "SentimentText": "흡입력도좋고 좋아요",
        "SentimentWord": "2",
        "SentimentPolarity": "1"
      }
    ]
  },
  {
    "Index": "6303",
    "RawText": "들고 하는거라 해드가 좀 무거워서 힘들어해요. 흡입력은 좋아서 청소할 맛이 나는것같아요",
    "Source": "SNS",
    "Domain": "가전",
    "MainCategory": "생활/미용/욕실가전",
    "ProductName": "(방송중_초특가_정율) 테팔 에어포스 360 청소기 에어케어 TY9086",
    "ReviewScore": "100",
    "Syllable": "48",
    "Word": "11",
    "RDate": "20200424",
    "GeneralPolarity": "0",
    "Aspects": [
      {
        "Aspect": "무게",
        "SentimentText": "들고 하는거라 해드가 좀 무거워서 힘들어해요.",
        "SentimentWord": "6",
        "SentimentPolarity": "-1"
      },
      {
        "Aspect": "기능",
        "SentimentText": "흡입력은 좋아서 청소할 맛이 나는것같아요",
        "SentimentWord": "5",
        "SentimentPolarity": "1"
      }
    ]
  },
  {
    "Index": "6304",
    "RawText": "무선청소기 고민하다 방송보고 질렀네요. ㅎ 흡입력좋구요 무게감도 괜찮아 아이들도 각자방 청소할수있을것같애요.",
    "Source": "SNS",
    "Domain": "가전",
    "MainCategory": "생활/미용/욕실가전",
    "ProductName": "(방송중_초특가_정율) 테팔 에어포스 360 청소기 에어케어 TY9086",
    "ReviewScore": "100",
    "Syllable": "60",
    "Word": "11",
    "RDate": "20200116",
    "GeneralPolarity": "1",
    "Aspects": [
      {
        "Aspect": "기능",
        "SentimentText": "흡입력좋구요",
        "SentimentWord": "1",
        "SentimentPolarity": "1"
      },
      {
        "Aspect": "무게",
        "SentimentText": "무게감도 괜찮아 ",
        "SentimentWord": "2",
        "SentimentPolarity": "0"
      },
      {
        "Aspect": "편의성",
        "SentimentText": " 아이들도 각자방 청소할수있을것같애요",
        "SentimentWord": "3",
        "SentimentPolarity": "1"
      }
    ]
  },
  {
    "Index": "6305",
    "RawText": "배송 제품 굿이요. 청소가 잘 되요. 근데 거치대 상태가 헌거처럼 너무 안좋네요. 볼트 하나도 불량이어서 불만이네요.",
    "Source": "SNS",
    "Domain": "가전",
    "MainCategory": "생활/미용/욕실가전",
    "ProductName": "(방송중_초특가_정율) 테팔 에어포스 360 청소기 에어케어 TY9086",
    "ReviewScore": "80",
    "Syllable": "65",
    "Word": "16",
    "RDate": "20191209",
    "GeneralPolarity": "1",
    "Aspects": [
      {
        "Aspect": "기능",
        "SentimentText": " 제품 굿이요. 청소가 잘 되요",
        "SentimentWord": "5",
        "SentimentPolarity": "1"
      },
      {
        "Aspect": "품질",
        "SentimentText": " 거치대 상태가 헌거처럼 너무 안좋네요",
        "SentimentWord": "5",
        "SentimentPolarity": "-1"
      },
      {
        "Aspect": "제품구성",
        "SentimentText": "볼트 하나도 불량이어서 불만이네요.",
        "SentimentWord": "4",
        "SentimentPolarity": "-1"
      }
    ]
  },
  {
    "Index": "6306",
    "RawText": "뻘아 들이는 압력이 넘 부족하니 불만이네요.   너무 무거워요. 후회 스러워요.팔이 넘 아파요",
    "Source": "SNS",
    "Domain": "가전",
    "MainCategory": "생활/미용/욕실가전",
    "ProductName": "(방송중_초특가_정율) 테팔 에어포스 360 청소기 에어케어 TY9086",
    "ReviewScore": "100",
    "Syllable": "52",
    "Word": "12",
    "RDate": "20200215",
    "GeneralPolarity": "-1",
    "Aspects": [
      {
        "Aspect": "기능",
        "SentimentText": "뻘아 들이는 압력이 넘 부족하니 불만이네요.",
        "SentimentWord": "6",
        "SentimentPolarity": "-1"
      },
      {
        "Aspect": "무게",
        "SentimentText": "너무 무거워요. 후회 스러워요.팔이 넘 아파요",
        "SentimentWord": "6",
        "SentimentPolarity": "-1"
      }
    ]
  },
  {
    "Index": "6307",
    "RawText": "사용시간이 너무 짧네요 청소를 어떻게 10분만에 하나? 사용시 소리가크고  생각봐 별로네요",
    "Source": "SNS",
    "Domain": "가전",
    "MainCategory": "생활/미용/욕실가전",
    "ProductName": "(방송중_초특가_정율) 테팔 에어포스 360 청소기 에어케어 TY9086",
    "ReviewScore": "30",
    "Syllable": "50",
    "Word": "11",
    "RDate": "20200216",
    "Aspects": [
      {
        "Aspect": "시간/속도",
        "SentimentText": "사용시간이 너무 짧네요 청소를 어떻게 10분만에 하나?",
        "SentimentWord": "7",
        "SentimentPolarity": "-1"
      },
      {
        "Aspect": "소음",
        "SentimentText": "사용시 소리가크고 생각봐 별로네요",
        "SentimentWord": "4",
        "SentimentPolarity": "-1"
      }
    ]
  },
  {
    "Index": "6308",
    "RawText": "생각보다흡입력이약해서 청소가 말끔하지 않네요. 브러쉬로머리카락같은거긁어모으는?그런생각이드네요.무거워서 힘이 많이 들어가요.  ",
    "Source": "SNS",
    "Domain": "가전",
    "MainCategory": "생활/미용/욕실가전",
    "ProductName": "(방송중_초특가_정율) 테팔 에어포스 360 청소기 에어케어 TY9086",
    "ReviewScore": "80",
    "Syllable": "70",
    "Word": "8",
    "RDate": "20200206",
    "GeneralPolarity": "-1",
    "Aspects": [
      {
        "Aspect": "기능",
        "SentimentText": "흡입력이약해서 청소가 말끔하지 않네요",
        "SentimentWord": "4",
        "SentimentPolarity": "-1"
      },
      {
        "Aspect": "무게",
        "SentimentText": "무거워서 힘이 많이 들어가요",
        "SentimentWord": "4",
        "SentimentPolarity": "-1"
      }
    ]
  },
  {
    "Index": "6309",
    "RawText": "성능 만족합니다.다만 소리는 좀크네요.  사은품스탠딩거치대에 구성품 브러시를 거치대에 걸수있어서 따로 찾을필요없어요.",
    "Source": "SNS",
    "Domain": "가전",
    "MainCategory": "생활/미용/욕실가전",
    "ProductName": "(방송중_초특가_정율) 테팔 에어포스 360 청소기 에어케어 TY9086",
    "ReviewScore": "100",
    "Syllable": "65",
    "Word": "11",
    "RDate": "20200131",
    "GeneralPolarity": "1",
    "Aspects": [
      {
        "Aspect": "기능",
        "SentimentText": "성능 만족합니다.",
        "SentimentWord": "2",
        "SentimentPolarity": "1"
      },
      {
        "Aspect": "소음",
        "SentimentText": "다만 소리는 좀크네요",
        "SentimentWord": "3",
        "SentimentPolarity": "-1"
      },
      {
        "Aspect": "제품구성",
        "SentimentText": "사은품스탠딩거치대에 구성품 브러시를 거치대에 걸수있어서 따로 찾을필요없어요.",
        "SentimentWord": "7",
        "SentimentPolarity": "1"
      }
    ]
  },
  {
    "Index": "6310",
    "RawText": "소리갸  큰 편이라 신경이 쓰이지만  먼지 흡입 성능은 괜찮은거같네요 조금 무겁긴해서 불편한감도 있네요.",
    "Source": "SNS",
    "Domain": "가전",
    "MainCategory": "생활/미용/욕실가전",
    "ProductName": "(방송중_초특가_정율) 테팔 에어포스 360 청소기 에어케어 TY9086",
    "ReviewScore": "100",
    "Syllable": "58",
    "Word": "13",
    "RDate": "20200110",
    "GeneralPolarity": "0",
    "Aspects": [
      {
        "Aspect": "소음",
        "SentimentText": "소리갸  큰 편이라 신경이 쓰이지만",
        "SentimentWord": "5",
        "SentimentPolarity": "-1"
      },
      {
        "Aspect": "기능",
        "SentimentText": "먼지 흡입 성능은 괜찮은거같네요",
        "SentimentWord": "4",
        "SentimentPolarity": "1"
      },
      {
        "Aspect": "무게",
        "SentimentText": "조금 무겁긴해서 불편한감도 있네요",
        "SentimentWord": "4",
        "SentimentPolarity": "-1"
      }
    ]
  },
  {
    "Index": "6311",
    "RawText": "유선 청소기만 사용하다..처음으로 사용해본 무선청소기.. 무게감이 있어 힘드네요.. 그리고 청소기 헤드에서 소음이 심해서 안좋아요... 하루사용해본결과.. 저는 유선청소기가 더 좋네요..^^;;;;;;",
    "Source": "SNS",
    "Domain": "가전",
    "MainCategory": "생활/미용/욕실가전",
    "ProductName": "(방송중_초특가_정율) 테팔 에어포스 360 청소기 에어케어 TY9086",
    "ReviewScore": "100",
    "Syllable": "112",
    "Word": "19",
    "RDate": "20191101",
    "GeneralPolarity": "-1",
    "Aspects": [
      {
        "Aspect": "무게",
        "SentimentText": "무게감이 있어 힘드네요..",
        "SentimentWord": "3",
        "SentimentPolarity": "-1"
      },
      {
        "Aspect": "소음",
        "SentimentText": "청소기 헤드에서 소음이 심해서 안좋아요...",
        "SentimentWord": "5",
        "SentimentPolarity": "-1"
      }
    ]
  },
  {
    "Index": "6312",
    "RawText": "조금 무거운 감이 있지만, 이 가격에 이 흡입력!!! 진짜ㅜ만족합니다.",
    "Source": "SNS",
    "Domain": "가전",
    "MainCategory": "생활/미용/욕실가전",
    "ProductName": "(방송중_초특가_정율) 테팔 에어포스 360 청소기 에어케어 TY9086",
    "ReviewScore": "100",
    "Syllable": "39",
    "Word": "9",
    "RDate": "20200205",
    "GeneralPolarity": "1",
    "Aspects": [
      {
        "Aspect": "무게",
        "SentimentText": "조금 무거운 감이 있지만",
        "SentimentWord": "4",
        "SentimentPolarity": "-1"
      },
      {
        "Aspect": "가격",
        "SentimentText": "이 가격에 이 흡입력!!! 진짜ㅜ만족합니다.",
        "SentimentWord": "5",
        "SentimentPolarity": "1"
      }
    ]
  },
  {
    "Index": "6313",
    "RawText": "좋은가격 품질 디자인 모두좋아요 생각보다 무거워 아쉽네요 ㅠㅠ",
    "Source": "SNS",
    "Domain": "가전",
    "MainCategory": "생활/미용/욕실가전",
    "ProductName": "(방송중_초특가_정율) 테팔 에어포스 360 청소기 에어케어 TY9086",
    "ReviewScore": "80",
    "Syllable": "34",
    "Word": "8",
    "RDate": "20200108",
    "GeneralPolarity": "0",
    "Aspects": [
      {
        "Aspect": "가격",
        "SentimentText": "좋은가격 품질 디자인 모두좋아요",
        "SentimentWord": "4",
        "SentimentPolarity": "1"
      },
      {
        "Aspect": "품질",
        "SentimentText": "품질 디자인 모두좋아요",
        "SentimentWord": "3",
        "SentimentPolarity": "1"
      },
      {
        "Aspect": "디자인",
        "SentimentText": "디자인 모두좋아요",
        "SentimentWord": "2",
        "SentimentPolarity": "1"
      },
      {
        "Aspect": "무게",
        "SentimentText": "생각보다 무거워 아쉽네요 ㅠㅠ",
        "SentimentWord": "4",
        "SentimentPolarity": "-1"
      }
    ]
  },
  {
    "Index": "6314",
    "RawText": "청소기 너무 편리해서 만족해요 가끔 흡입력이약하다고 느껴질때가 있어 아쉽지만 그래도 60이  넘도록 사용한 청소기  중에 젤 편리한거 같아요",
    "Source": "SNS",
    "Domain": "가전",
    "MainCategory": "생활/미용/욕실가전",
    "ProductName": "(방송중_초특가_정율) 테팔 에어포스 360 청소기 에어케어 TY9086",
    "ReviewScore": "100",
    "Syllable": "78",
    "Word": "18",
    "RDate": "20200308",
    "GeneralPolarity": "0",
    "Aspects": [
      {
        "Aspect": "편의성",
        "SentimentText": "청소기 너무 편리해서 만족해요",
        "SentimentWord": "4",
        "SentimentPolarity": "1"
      },
      {
        "Aspect": "기능",
        "SentimentText": "가끔 흡입력이약하다고 느껴질때가 있어 아쉽지만",
        "SentimentWord": "5",
        "SentimentPolarity": "0"
      }
    ]
  }
]