[
  {
    "Index": "20038",
    "RawText": "상품은 사용법이 간편해서  좋아요~  대용량이라 많은 빨래 건조에도 문제없어요~최고^^",
    "Source": "쇼핑몰",
    "Domain": "가전",
    "MainCategory": "생활/미용/욕실가전",
    "ProductName": "트롬 LG전자 RD20WS 본체",
    "ReviewScore": "3",
    "Syllable": "48",
    "Word": "9",
    "RDate": "20220421",
    "Aspects": [
      {
        "Aspect": "조작성",
        "SentimentText": "상품은 사용법이 간편해서  좋아요~",
        "SentimentWord": "4",
        "SentimentPolarity": "1"
      },
      {
        "Aspect": "용량",
        "SentimentText": " 대용량이라 많은 빨래 건조에도 문제없어요~최고^^",
        "SentimentWord": "5",
        "SentimentPolarity": "1"
      }
    ]
  },
  {
    "Index": "20039",
    "RawText": "착한 가격에 구입해서 좋아요. 작동시 열이 많이 나요 ㅠㅠ",
    "Source": "쇼핑몰",
    "Domain": "가전",
    "MainCategory": "생활/미용/욕실가전",
    "ProductName": "트롬 LG전자 RD20WS 본체",
    "ReviewScore": "5",
    "Syllable": "32",
    "Word": "9",
    "RDate": "20220430",
    "Aspects": [
      {
        "Aspect": "가격",
        "SentimentText": "착한 가격에 구입해서 좋아요.",
        "SentimentWord": "4",
        "SentimentPolarity": "1"
      },
      {
        "Aspect": "내구성",
        "SentimentText": "작동시 열이 많이 나요 ㅠㅠ",
        "SentimentWord": "5",
        "SentimentPolarity": "-1"
      }
    ]
  },
  {
    "Index": "20040",
    "RawText": "품질이 훌륭한 건조기 매우 만족해요^^가격도 무척 저렴히 구입 할수 있어서 더 만족스럽습니다~~^^",
    "Source": "쇼핑몰",
    "Domain": "가전",
    "MainCategory": "생활/미용/욕실가전",
    "ProductName": "트롬 LG전자 RD20WS 본체",
    "ReviewScore": "5",
    "Syllable": "55",
    "Word": "12",
    "RDate": "20220609",
    "GeneralPolarity": "1",
    "Aspects": [
      {
        "Aspect": "품질",
        "SentimentText": "품질이 훌륭한 건조기 매우 만족해요^^",
        "SentimentWord": "5",
        "SentimentPolarity": "1"
      },
      {
        "Aspect": "가격",
        "SentimentText": "가격도 무척 저렴히 구입 할수 있어서 더 만족스럽습니다~~^^",
        "SentimentWord": "8",
        "SentimentPolarity": "1"
      }
    ]
  },
  {
    "Index": "20042",
    "RawText": "빠르게 건조되는 건조기의 성능이 더 놀라게 했어요. 진짜~너무좋네요~!^^생각보다건조시간도오래안걸리고",
    "Source": "쇼핑몰",
    "Domain": "가전",
    "MainCategory": "생활/미용/욕실가전",
    "ProductName": "트롬 LG전자 RD20WS 본체",
    "ReviewScore": "5",
    "Syllable": "56",
    "Word": "8",
    "RDate": "20220409",
    "Aspects": [
      {
        "Aspect": "기능",
        "SentimentText": "빠르게 건조되는 건조기의 성능이 더 놀라게 했어요",
        "SentimentWord": "7",
        "SentimentPolarity": "1"
      },
      {
        "Aspect": "시간/속도",
        "SentimentText": "진짜~너무좋네요~!^^생각보다건조시간도오래안걸리고",
        "SentimentWord": "1",
        "SentimentPolarity": "1"
      }
    ]
  },
  {
    "Index": "20043",
    "RawText": "온라인 구매라서 고민했어요. 배송이 빨라서 좋았고,설치기사님이 친절하셔서 매우 만족합니다. 제품은 디자이인 무척 맘에 듭니다! 건조기가 빠르게 빨래를 건조해주니 진짜 신세계네요!!",
    "Source": "쇼핑몰",
    "Domain": "가전",
    "MainCategory": "생활/미용/욕실가전",
    "ProductName": "트롬 LG전자 RD20WS 본체",
    "ReviewScore": "5",
    "Syllable": "100",
    "Word": "20",
    "RDate": "20220706",
    "Aspects": [
      {
        "Aspect": "디자인",
        "SentimentText": "제품은 디자이인 무척 맘에 듭니다!",
        "SentimentWord": "5",
        "SentimentPolarity": "1"
      },
      {
        "Aspect": "시간/속도",
        "SentimentText": "건조기가 빠르게 빨래를 건조해주니 진짜 신세계네요!!",
        "SentimentWord": "6",
        "SentimentPolarity": "1"
      }
    ]
  },
  {
    "Index": "20044",
    "RawText": "오랜 고민끝에 구입 했어요~ 친절한 설치기사님들 정말 감사해요. 성능은 빠르게 건조해주니 정말 훌륭 하네요!!역시 최신모델이라 새로운 기능들이 많이 생겼네요^^",
    "Source": "쇼핑몰",
    "Domain": "가전",
    "MainCategory": "생활/미용/욕실가전",
    "ProductName": "트롬 LG전자 RD20WS 본체",
    "ReviewScore": "5",
    "Syllable": "89",
    "Word": "19",
    "RDate": "20220310",
    "Aspects": [
      {
        "Aspect": "시간/속도",
        "SentimentText": "성능은 빠르게 건조해주니 정말 훌륭 하네요!",
        "SentimentWord": "6",
        "SentimentPolarity": "1"
      },
      {
        "Aspect": "기능",
        "SentimentText": "역시 최신모델이라 새로운 기능들이 많이 생겼네요^^",
        "SentimentWord": "6",
        "SentimentPolarity": "1"
      }
    ]
  },
  {
    "Index": "20045",
    "RawText": "소음 별로 안나요~굿굿  용량이 큰게 젤 맘에 들어요.최고에요!!",
    "Source": "쇼핑몰",
    "Domain": "가전",
    "MainCategory": "생활/미용/욕실가전",
    "ProductName": "트롬 LG전자 RD20WS 본체",
    "ReviewScore": "5",
    "Syllable": "36",
    "Word": "8",
    "RDate": "20220412",
    "Aspects": [
      {
        "Aspect": "소음",
        "SentimentText": "소음 별로 안나요~굿굿",
        "SentimentWord": "3",
        "SentimentPolarity": "1"
      },
      {
        "Aspect": "용량",
        "SentimentText": "용량이 큰게 젤 맘에 들어요.최고에요!!",
        "SentimentWord": "5",
        "SentimentPolarity": "1"
      }
    ]
  },
  {
    "Index": "20046",
    "RawText": "많은 제품중 디자인이 깔끔해서 샀어요. 눅눅한 장마철 이불이랑수건 뽀송하게 말려줘서 너무 만족스러워요.최고네요",
    "Source": "쇼핑몰",
    "Domain": "가전",
    "MainCategory": "생활/미용/욕실가전",
    "ProductName": "트롬 LG전자 RD20WS 본체",
    "ReviewScore": "4",
    "Syllable": "61",
    "Word": "12",
    "RDate": "20220720",
    "GeneralPolarity": "1",
    "Aspects": [
      {
        "Aspect": "디자인",
        "SentimentText": "디자인이 깔끔해서 샀어요. ",
        "SentimentWord": "3",
        "SentimentPolarity": "1"
      },
      {
        "Aspect": "기능",
        "SentimentText": "수건 뽀송하게 말려줘서 너무 만족스러워요.",
        "SentimentWord": "5",
        "SentimentPolarity": "1"
      }
    ]
  },
  {
    "Index": "20047",
    "RawText": "갖고싶은 제품 싸게 잘 샀어요~ 디자인도 예쁘고 심플해서 좋아요 ㅎㅎ",
    "Source": "쇼핑몰",
    "Domain": "가전",
    "MainCategory": "생활/미용/욕실가전",
    "ProductName": "트롬 LG전자 RD20WS 본체",
    "ReviewScore": "5",
    "Syllable": "38",
    "Word": "10",
    "RDate": "20220731",
    "Aspects": [
      {
        "Aspect": "가격",
        "SentimentText": "갖고싶은 제품 싸게 잘 샀어요~",
        "SentimentWord": "5",
        "SentimentPolarity": "1"
      },
      {
        "Aspect": "디자인",
        "SentimentText": "디자인도 예쁘고 심플해서 좋아요 ㅎㅎ",
        "SentimentWord": "5",
        "SentimentPolarity": "1"
      }
    ]
  },
  {
    "Index": "20048",
    "RawText": "생각보다 사이즈 너무 커서 다용도실에 꽉 찬네요 ㅠㅠ  .제품은 작동 잘되서 만족해요.",
    "Source": "쇼핑몰",
    "Domain": "가전",
    "MainCategory": "생활/미용/욕실가전",
    "ProductName": "트롬 LG전자 RD20WS 본체",
    "ReviewScore": "5",
    "Syllable": "48",
    "Word": "12",
    "RDate": "20220321",
    "Aspects": [
      {
        "Aspect": "사이즈",
        "SentimentText": "생각보다 사이즈 너무 커서 다용도실에 꽉 찬네요 ㅠㅠ  ",
        "SentimentWord": "8",
        "SentimentPolarity": "-1"
      },
      {
        "Aspect": "기능",
        "SentimentText": "제품은 작동 잘되서 만족해요.",
        "SentimentWord": "4",
        "SentimentPolarity": "1"
      }
    ]
  },
  {
    "Index": "20050",
    "RawText": "디자인 아주 깔끔하니 예쁘네요^^만족합니다  사용해보니 건조기 터치판 작동 잘됩니다. 문제없어요.^^",
    "Source": "쇼핑몰",
    "Domain": "가전",
    "MainCategory": "생활/미용/욕실가전",
    "ProductName": "트롬 LG전자 RH17VTA 본체+상단설치키트",
    "ReviewScore": "5",
    "Syllable": "56",
    "Word": "10",
    "RDate": "20220116",
    "Aspects": [
      {
        "Aspect": "디자인",
        "SentimentText": "디자인 아주 깔끔하니 예쁘네요^^만족합니다 ",
        "SentimentWord": "4",
        "SentimentPolarity": "1"
      },
      {
        "Aspect": "조작성",
        "SentimentText": "터치판 작동 잘됩니다. 문제없어요.^^",
        "SentimentWord": "4",
        "SentimentPolarity": "1"
      }
    ]
  },
  {
    "Index": "20051",
    "RawText": "이불털기 기능 이용시 보송해서 기분이 좋아요. 건조기는 신세계라더니 인정입니다. 기특하게 빨래도 먼지없이 건조 잘됩니다.",
    "Source": "쇼핑몰",
    "Domain": "가전",
    "MainCategory": "생활/미용/욕실가전",
    "ProductName": "트롬 LG전자 RH17VTA 본체+상단설치키트",
    "ReviewScore": "5",
    "Syllable": "67",
    "Word": "14",
    "RDate": "20220221",
    "GeneralPolarity": "1",
    "Aspects": [
      {
        "Aspect": "기능",
        "SentimentText": "이불털기 기능 이용시 보송해서 기분이 좋아요. ",
        "SentimentWord": "6",
        "SentimentPolarity": "1"
      },
      {
        "Aspect": "기능",
        "SentimentText": "기특하게 빨래도 먼지없이 건조 잘됩니다. ",
        "SentimentWord": "5",
        "SentimentPolarity": "1"
      }
    ]
  },
  {
    "Index": "20052",
    "RawText": "메탈색이라 고급스러우며 예뻐요~~~.직렬키트 이용했는데 좋았어요.",
    "Source": "쇼핑몰",
    "Domain": "가전",
    "MainCategory": "생활/미용/욕실가전",
    "ProductName": "트롬 LG전자 RH17VTA 본체+상단설치키트",
    "ReviewScore": "5",
    "Syllable": "36",
    "Word": "5",
    "RDate": "20220107",
    "Aspects": [
      {
        "Aspect": "색상",
        "SentimentText": "메탈색이라 고급스러우며 예뻐요~~~",
        "SentimentWord": "3",
        "SentimentPolarity": "1"
      },
      {
        "Aspect": "제품구성",
        "SentimentText": "직렬키트 이용했는데 좋았어요.",
        "SentimentWord": "3",
        "SentimentPolarity": "1"
      }
    ]
  },
  {
    "Index": "20053",
    "RawText": "수건을 넣었는데 뽀송뽀송 해요.거름망에 먼지가 엄청 나네요. 여러군데 검색 후에 가격도 가장 만족스러웠어요",
    "Source": "쇼핑몰",
    "Domain": "가전",
    "MainCategory": "생활/미용/욕실가전",
    "ProductName": "트롬 LG전자 RH17VTA 본체+상단설치키트",
    "ReviewScore": "5",
    "Syllable": "59",
    "Word": "13",
    "RDate": "20220209",
    "Aspects": [
      {
        "Aspect": "기능",
        "SentimentText": "수건을 넣었는데 뽀송뽀송 해요.거름망에 먼지가 엄청 나네요",
        "SentimentWord": "7",
        "SentimentPolarity": "1"
      },
      {
        "Aspect": "가격",
        "SentimentText": "여러군데 검색 후에 가격도 가장 만족스러웠어요",
        "SentimentWord": "6",
        "SentimentPolarity": "1"
      }
    ]
  },
  {
    "Index": "20054",
    "RawText": "부모님께 선물하고 맘에 들어서,  1대 더 구입 했어요. 건조  기능이 좋네요.깔끔한 디자인 최고지요, 배송도 전체적으로 매우 만족합니다^^",
    "Source": "쇼핑몰",
    "Domain": "가전",
    "MainCategory": "생활/미용/욕실가전",
    "ProductName": "트롬 LG전자 RH17VTA 본체+상단설치키트",
    "ReviewScore": "5",
    "Syllable": "78",
    "Word": "17",
    "RDate": "20220220",
    "Aspects": [
      {
        "Aspect": "기능",
        "SentimentText": "건조  기능이 좋네요",
        "SentimentWord": "3",
        "SentimentPolarity": "1"
      },
      {
        "Aspect": "디자인",
        "SentimentText": "깔끔한 디자인 최고지요",
        "SentimentWord": "3",
        "SentimentPolarity": "1"
      }
    ]
  },
  {
    "Index": "20055",
    "RawText": "주문하고 빠른배송 받아서 좋았어요. 제품 하자 없어 안심이구요. 저렴한 가격으로 알뜰구매 해서 만족합니다.",
    "Source": "쇼핑몰",
    "Domain": "가전",
    "MainCategory": "생활/미용/욕실가전",
    "ProductName": "트롬 LG전자 RH17VTA 본체+상단설치키트",
    "ReviewScore": "5",
    "Syllable": "59",
    "Word": "13",
    "RDate": "20220214",
    "Aspects": [
      {
        "Aspect": "품질",
        "SentimentText": "제품 하자 없어 안심이구요. ",
        "SentimentWord": "4",
        "SentimentPolarity": "1"
      },
      {
        "Aspect": "가격",
        "SentimentText": "저렴한 가격으로 알뜰구매 해서 만족합니다. ",
        "SentimentWord": "5",
        "SentimentPolarity": "1"
      }
    ]
  },
  {
    "Index": "20056",
    "RawText": "사용해보니  날이 흐릴때도  빠르게 건조가 되서 매우 좋아요. 수건도 뽀송뽀송 해져서  맘에 들어요. 건조기 덕분에  빨래가 넘 편리해서 행복해요.",
    "Source": "쇼핑몰",
    "Domain": "가전",
    "MainCategory": "생활/미용/욕실가전",
    "ProductName": "트롬 LG전자 RH17VTA 본체+상단설치키트",
    "ReviewScore": "5",
    "Syllable": "82",
    "Word": "19",
    "RDate": "20220224",
    "GeneralPolarity": "1",
    "Aspects": [
      {
        "Aspect": "시간/속도",
        "SentimentText": "사용해보니  날이 흐릴때도  빠르게 건조가 되서 매우 좋아요.",
        "SentimentWord": "8",
        "SentimentPolarity": "1"
      },
      {
        "Aspect": "기능",
        "SentimentText": "수건도 뽀송뽀송 해져서  맘에 들어요.",
        "SentimentWord": "5",
        "SentimentPolarity": "1"
      },
      {
        "Aspect": "편의성",
        "SentimentText": "건조기 덕분에  빨래가 넘 편리해서 행복해요.",
        "SentimentWord": "6",
        "SentimentPolarity": "1"
      }
    ]
  },
  {
    "Index": "20057",
    "RawText": "건조하니 수건이 뽀송뽀송해지네요!! 역시 가전은 000전자입니다.",
    "Source": "쇼핑몰",
    "Domain": "가전",
    "MainCategory": "생활/미용/욕실가전",
    "ProductName": "트롬 LG전자 RH17VTA 본체+상단설치키트",
    "ReviewScore": "5",
    "Syllable": "36",
    "Word": "6",
    "RDate": "20211231",
    "Aspects": [
      {
        "Aspect": "기능",
        "SentimentText": "건조하니 수건이 뽀송뽀송해지네요!!",
        "SentimentWord": "3",
        "SentimentPolarity": "1"
      },
      {
        "Aspect": "제조일/제조사",
        "SentimentText": "역시 가전은 000전자입니다. ",
        "SentimentWord": "3",
        "SentimentPolarity": "1"
      }
    ]
  },
  {
    "Index": "20058",
    "RawText": "제품 이상 없어 만족~ 사용해보니 관리가 편해서 강추입니다^^",
    "Source": "쇼핑몰",
    "Domain": "가전",
    "MainCategory": "생활/미용/욕실가전",
    "ProductName": "트롬 LG전자 RH17VTGN 본체",
    "ReviewScore": "5",
    "Syllable": "34",
    "Word": "8",
    "RDate": "20220430",
    "Aspects": [
      {
        "Aspect": "품질",
        "SentimentText": "제품 이상 없어 만족~",
        "SentimentWord": "4",
        "SentimentPolarity": "1"
      },
      {
        "Aspect": "편의성",
        "SentimentText": "관리가 편해서 강추입니다^^",
        "SentimentWord": "3",
        "SentimentPolarity": "1"
      }
    ]
  },
  {
    "Index": "20059",
    "RawText": "건조기사면 후회는 없어요~ 비오거나 흐릴날에 빨래건조를 빠르게 할 수있어서 좋구요^^  면종류의 옷이나 수건도 뽀송하니 매우 만족 합니다!!",
    "Source": "쇼핑몰",
    "Domain": "가전",
    "MainCategory": "생활/미용/욕실가전",
    "ProductName": "트롬 LG전자 RH17VTGN 본체",
    "ReviewScore": "5",
    "Syllable": "78",
    "Word": "17",
    "RDate": "20220509",
    "GeneralPolarity": "1",
    "Aspects": [
      {
        "Aspect": "시간/속도",
        "SentimentText": "비오거나 흐릴날에 빨래건조를 빠르게 할 수있어서 좋구요^^",
        "SentimentWord": "7",
        "SentimentPolarity": "1"
      },
      {
        "Aspect": "기능",
        "SentimentText": "면종류의 옷이나 수건도 뽀송하니 매우 만족 합니다!!",
        "SentimentWord": "7",
        "SentimentPolarity": "1"
      }
    ]
  },
  {
    "Index": "20060",
    "RawText": "사용해보니 편해요.굿이예요. ㅎㅎ 진작살걸~~~ 저렴한 가격으로 잘구매 했네요",
    "Source": "쇼핑몰",
    "Domain": "가전",
    "MainCategory": "생활/미용/욕실가전",
    "ProductName": "트롬 LG전자 RH17VTGN 본체",
    "ReviewScore": "5",
    "Syllable": "43",
    "Word": "8",
    "RDate": "20220301",
    "Aspects": [
      {
        "Aspect": "편의성",
        "SentimentText": "사용해보니 편해요.굿이예요. ㅎㅎ",
        "SentimentWord": "3",
        "SentimentPolarity": "1"
      },
      {
        "Aspect": "가격",
        "SentimentText": "저렴한 가격으로 잘구매 했네요",
        "SentimentWord": "4",
        "SentimentPolarity": "1"
      }
    ]
  },
  {
    "Index": "20061",
    "RawText": "원하는 제품을 검색해서 착한 가격에 구매해서 기분이 좋아요^^ 색상도 세련됐어요~ ㅎㅎ",
    "Source": "쇼핑몰",
    "Domain": "가전",
    "MainCategory": "생활/미용/욕실가전",
    "ProductName": "트롬 LG전자 RH17VTGN 본체",
    "ReviewScore": "5",
    "Syllable": "48",
    "Word": "11",
    "RDate": "20220710",
    "Aspects": [
      {
        "Aspect": "가격",
        "SentimentText": " 착한 가격에 구매해서 기분이 좋아요^^",
        "SentimentWord": "5",
        "SentimentPolarity": "1"
      },
      {
        "Aspect": "색상",
        "SentimentText": "색상도 세련됐어요~ ㅎㅎ",
        "SentimentWord": "3",
        "SentimentPolarity": "1"
      }
    ]
  },
  {
    "Index": "20062",
    "RawText": "메탈소재라 세련되보이네요^^ 가전은 역시 ㅇㅇㅇ에요!!",
    "Source": "쇼핑몰",
    "Domain": "가전",
    "MainCategory": "생활/미용/욕실가전",
    "ProductName": "트롬 LG전자 RH17VTGN 본체",
    "ReviewScore": "5",
    "Syllable": "30",
    "Word": "5",
    "RDate": "20220110",
    "Aspects": [
      {
        "Aspect": "소재",
        "SentimentText": "메탈소재라 세련되보이네요^^",
        "SentimentWord": "2",
        "SentimentPolarity": "0"
      },
      {
        "Aspect": "제조일/제조사",
        "SentimentText": "가전은 역시 ㅇㅇㅇ에요!!",
        "SentimentWord": "3",
        "SentimentPolarity": "1"
      }
    ]
  },
  {
    "Index": "20063",
    "RawText": "하루만에 받는 빠른배송 감사해요~사용시  조용해서  좋아요^^용량도 많이 크지 않아서 한번세탁후 한번건조하기에 안성 맞춤이네요!",
    "Source": "쇼핑몰",
    "Domain": "가전",
    "MainCategory": "생활/미용/욕실가전",
    "ProductName": "트롬 LG전자 RH17VTGN 본체",
    "ReviewScore": "5",
    "Syllable": "71",
    "Word": "13",
    "RDate": "20220629",
    "Aspects": [
      {
        "Aspect": "소음",
        "SentimentText": "사용시  조용해서  좋아요^^",
        "SentimentWord": "3",
        "SentimentPolarity": "1"
      },
      {
        "Aspect": "용량",
        "SentimentText": "용량도 많이 크지 않아서 한번세탁후 한번건조하기에 안성 맞춤이네요!",
        "SentimentWord": "8",
        "SentimentPolarity": "1"
      }
    ]
  },
  {
    "Index": "20064",
    "RawText": "디자인이 고급스럽네요 ^^ 건조후 먼지제거로 깨끗해서 맘에 들어요. 고민할 필요가 없는 건조기~안샀으면  후회할뻔~. 잘 마르고 뽀송해서 아주 좋았습니다.~",
    "Source": "쇼핑몰",
    "Domain": "가전",
    "MainCategory": "생활/미용/욕실가전",
    "ProductName": "트롬 LG전자 RH17VTGN 본체",
    "ReviewScore": "4",
    "Syllable": "87",
    "Word": "18",
    "RDate": "20211224",
    "GeneralPolarity": "1",
    "Aspects": [
      {
        "Aspect": "디자인",
        "SentimentText": "디자인이 고급스럽네요 ^^ ",
        "SentimentWord": "3",
        "SentimentPolarity": "1"
      },
      {
        "Aspect": "기능",
        "SentimentText": "건조후 먼지제거로 깨끗해서 맘에 들어요.",
        "SentimentWord": "5",
        "SentimentPolarity": "1"
      },
      {
        "Aspect": "기능",
        "SentimentText": "잘 마르고 뽀송해서 아주 좋았습니다.~",
        "SentimentWord": "5",
        "SentimentPolarity": "1"
      }
    ]
  },
  {
    "Index": "20066",
    "RawText": "출산 선물로 구매했어요. 건조후 먼지 찌꺼기 보니 잘샀다는 뿌듯함이 있어요. 가족이 늘어도 용량이 적당해 좋습니다.",
    "Source": "쇼핑몰",
    "Domain": "가전",
    "MainCategory": "생활/미용/욕실가전",
    "ProductName": "트롬 LG전자 RH17VTGN 본체",
    "ReviewScore": "5",
    "Syllable": "64",
    "Word": "15",
    "RDate": "20220320",
    "GeneralPolarity": "1",
    "Aspects": [
      {
        "Aspect": "기능",
        "SentimentText": "건조후 먼지 찌꺼기 보니 잘샀다는 뿌듯함이 있어요. ",
        "SentimentWord": "7",
        "SentimentPolarity": "1"
      },
      {
        "Aspect": "용량",
        "SentimentText": "가족이 늘어도 용량이 적당해 좋습니다. ",
        "SentimentWord": "5",
        "SentimentPolarity": "1"
      }
    ]
  },
  {
    "Index": "20067",
    "RawText": "ㅇㅇㅇ 건조기하면 유명하죠!! 약간의 소음이 있지만 나쁘지 않고요, 건조는 빠르게  잘 되서 만족해요 .지인에게도 선물 하니 좋아합니다!",
    "Source": "쇼핑몰",
    "Domain": "가전",
    "MainCategory": "생활/미용/욕실가전",
    "ProductName": "트롬 LG전자 RH17VTGN 본체",
    "ReviewScore": "5",
    "Syllable": "76",
    "Word": "17",
    "RDate": "20211203",
    "GeneralPolarity": "1",
    "Aspects": [
      {
        "Aspect": "제조일/제조사",
        "SentimentText": "ㅇㅇㅇ 건조기하면 유명하죠!!",
        "SentimentWord": "3",
        "SentimentPolarity": "1"
      },
      {
        "Aspect": "소음",
        "SentimentText": " 약간의 소음이 있지만 나쁘지 않고요",
        "SentimentWord": "5",
        "SentimentPolarity": "0"
      },
      {
        "Aspect": "시간/속도",
        "SentimentText": "건조는 빠르게  잘 되서 만족해요",
        "SentimentWord": "5",
        "SentimentPolarity": "1"
      }
    ]
  },
  {
    "Index": "20068",
    "RawText": "원단종류에 따라서 사이즈가 살짝 작아지는 옷이 있지만 괜찮아요.세탁시작해서 건조 마칠때까지 빠르게 세시간이면 다 되니까  신세계죠~!!",
    "Source": "쇼핑몰",
    "Domain": "가전",
    "MainCategory": "생활/미용/욕실가전",
    "ProductName": "트롬 LG전자 RH17VTGN 본체",
    "ReviewScore": "4",
    "Syllable": "75",
    "Word": "15",
    "RDate": "20220311",
    "GeneralPolarity": "1",
    "Aspects": [
      {
        "Aspect": "기능",
        "SentimentText": "원단종류에 따라서 사이즈가 살짝 작아지는 옷이 있지만 괜찮아요",
        "SentimentWord": "8",
        "SentimentPolarity": "0"
      },
      {
        "Aspect": "시간/속도",
        "SentimentText": "세탁시작해서 건조 마칠때까지 빠르게 세시간이면 다 되니까  신세계죠~!!",
        "SentimentWord": "8",
        "SentimentPolarity": "1"
      }
    ]
  },
  {
    "Index": "20069",
    "RawText": "먼지 없이 건조되고 무엇보다 이불털기 기능이 있어서 짱!!!   먼지청소가 편리해요. 진즉살껄~ 오래도록 고장 없기를 바랍니다^^",
    "Source": "쇼핑몰",
    "Domain": "가전",
    "MainCategory": "생활/미용/욕실가전",
    "ProductName": "트롬 LG전자 RH17VTGN 본체",
    "ReviewScore": "5",
    "Syllable": "72",
    "Word": "15",
    "RDate": "20220111",
    "Aspects": [
      {
        "Aspect": "기능",
        "SentimentText": "먼지 없이 건조되고 무엇보다 이불털기 기능이 있어서 짱!!!",
        "SentimentWord": "8",
        "SentimentPolarity": "1"
      },
      {
        "Aspect": "편의성",
        "SentimentText": "먼지청소가 편리해요. 진즉살껄~",
        "SentimentWord": "3",
        "SentimentPolarity": "1"
      }
    ]
  },
  {
    "Index": "20070",
    "RawText": "요청한날 배송오니 너무 감사해요. 사용해보니 소음이 적고 조용조용하네요. 빨래는 뽀송뽀송 건조가 잘되서 만족합니다^^",
    "Source": "쇼핑몰",
    "Domain": "가전",
    "MainCategory": "생활/미용/욕실가전",
    "ProductName": "트롬 LG전자 RH17VTGN 본체",
    "ReviewScore": "5",
    "Syllable": "65",
    "Word": "13",
    "RDate": "20220628",
    "Aspects": [
      {
        "Aspect": "소음",
        "SentimentText": "사용해보니 소음이 적고 조용조용하네요",
        "SentimentWord": "4",
        "SentimentPolarity": "1"
      },
      {
        "Aspect": "기능",
        "SentimentText": "빨래는 뽀송뽀송 건조가 잘되서 만족합니다^^",
        "SentimentWord": "5",
        "SentimentPolarity": "1"
      }
    ]
  },
  {
    "Index": "20071",
    "RawText": "건조기 기능중 최고는 이불털기이예요. 수건사용은 많은데 잘 안말라 고생했는데 마르는 속도가 빨라 맘이편해요.",
    "Source": "쇼핑몰",
    "Domain": "가전",
    "MainCategory": "생활/미용/욕실가전",
    "ProductName": "트롬 LG전자 RH17VTGN 본체",
    "ReviewScore": "5",
    "Syllable": "60",
    "Word": "13",
    "RDate": "20220120",
    "GeneralPolarity": "1",
    "Aspects": [
      {
        "Aspect": "기능",
        "SentimentText": "건조기 기능중 최고는 이불털기이예요.",
        "SentimentWord": "4",
        "SentimentPolarity": "1"
      },
      {
        "Aspect": "시간/속도",
        "SentimentText": "마르는 속도가 빨라 맘이편해요. ",
        "SentimentWord": "4",
        "SentimentPolarity": "1"
      }
    ]
  },
  {
    "Index": "20072",
    "RawText": "할인을 많이 받아서 좋은 가격에 구입 했어요.17킬로도 역시 짱ㅇㅇ!  빠른 설치 너무나 좋아요.",
    "Source": "쇼핑몰",
    "Domain": "가전",
    "MainCategory": "생활/미용/욕실가전",
    "ProductName": "트롬 LG전자 RH17VTGN 본체",
    "ReviewScore": "5",
    "Syllable": "54",
    "Word": "13",
    "RDate": "20220701",
    "Aspects": [
      {
        "Aspect": "가격",
        "SentimentText": "할인을 많이 받아서 좋은 가격에 구입 했어요.",
        "SentimentWord": "7",
        "SentimentPolarity": "1"
      },
      {
        "Aspect": "제조일/제조사",
        "SentimentText": "17킬로도 역시 짱ㅇㅇ! ",
        "SentimentWord": "3",
        "SentimentPolarity": "1"
      }
    ]
  },
  {
    "Index": "20073",
    "RawText": "소음....정말 시끄러워요... 신경거슬려요  건조기가 흰색이라 아쉬웠는데 생각보다 괜찮네요~^^",
    "Source": "쇼핑몰",
    "Domain": "가전",
    "MainCategory": "생활/미용/욕실가전",
    "ProductName": "트롬 LG전자 RH17WTLN",
    "ReviewScore": "5",
    "Syllable": "54",
    "Word": "8",
    "RDate": "20220408",
    "Aspects": [
      {
        "Aspect": "소음",
        "SentimentText": "소음....정말 시끄러워요... 신경거슬려요",
        "SentimentWord": "3",
        "SentimentPolarity": "-1"
      },
      {
        "Aspect": "색상",
        "SentimentText": "흰색이라 아쉬웠는데 생각보다 괜찮네요~^^",
        "SentimentWord": "4",
        "SentimentPolarity": "0"
      }
    ]
  },
  {
    "Index": "20074",
    "RawText": "기존엔 9kg 사용하다가, 가격 행사로 착한 가격에 17kg 바꿔서 좋아요.크기가 생각보다 크지만 괜찮아요. 예전보다 소리도 조용해져서 만족스럽고^^건조 시간도 줄어서  더 빨라 져서 굉장히 좋네요.여러가지로 사용하기 편리해요",
    "Source": "쇼핑몰",
    "Domain": "가전",
    "MainCategory": "생활/미용/욕실가전",
    "ProductName": "트롬 LG전자 RH17WTLN",
    "ReviewScore": "5",
    "Syllable": "126",
    "Word": "26",
    "RDate": "20220503",
    "GeneralPolarity": "1",
    "Aspects": [
      {
        "Aspect": "가격",
        "SentimentText": "가격 행사로 착한 가격에 17kg 바꿔서 좋아요",
        "SentimentWord": "7",
        "SentimentPolarity": "1"
      },
      {
        "Aspect": "사이즈",
        "SentimentText": "크기가 생각보다 크지만 괜찮아요",
        "SentimentWord": "4",
        "SentimentPolarity": "0"
      },
      {
        "Aspect": "소음",
        "SentimentText": "예전보다 소리도 조용해져서 만족스럽고^^",
        "SentimentWord": "4",
        "SentimentPolarity": "1"
      },
      {
        "Aspect": "시간/속도",
        "SentimentText": "건조 시간도 줄어서  더 빨라 져서 굉장히 좋네요",
        "SentimentWord": "8",
        "SentimentPolarity": "1"
      },
      {
        "Aspect": "편의성",
        "SentimentText": "여러가지로 사용하기 편리해요",
        "SentimentWord": "3",
        "SentimentPolarity": "1"
      }
    ]
  },
  {
    "Index": "20075",
    "RawText": "000전자 건조기는 굉장히 좋아요.  말이 필요없어요.  신속배송은 최고예요. 기계 작동도 잘 되어 만족이예요.",
    "Source": "쇼핑몰",
    "Domain": "가전",
    "MainCategory": "생활/미용/욕실가전",
    "ProductName": "트롬 LG전자 RH17WTLN",
    "ReviewScore": "5",
    "Syllable": "62",
    "Word": "13",
    "RDate": "20220628",
    "Aspects": [
      {
        "Aspect": "제조일/제조사",
        "SentimentText": "000전자 건조기는 굉장히 좋아요.",
        "SentimentWord": "4",
        "SentimentPolarity": "1"
      },
      {
        "Aspect": "조작성",
        "SentimentText": "기계 작동도 잘 되어 만족이예요.",
        "SentimentWord": "5",
        "SentimentPolarity": "1"
      }
    ]
  },
  {
    "Index": "20076",
    "RawText": "기존에 ㅇㅇㅇ세탁기 17kg로, 직렬 설치 할수 있는 ㅇㅇ건조기 17kg로 구입했어요.돌려보니 사용법이 간단해서 매우 편리하고 만족스러워요.소음은 좀 있어서 불편해요~",
    "Source": "쇼핑몰",
    "Domain": "가전",
    "MainCategory": "생활/미용/욕실가전",
    "ProductName": "트롬 LG전자 RH17WTLN",
    "ReviewScore": "5",
    "Syllable": "93",
    "Word": "18",
    "RDate": "20220428",
    "GeneralPolarity": "0",
    "Aspects": [
      {
        "Aspect": "조작성",
        "SentimentText": "돌려보니 사용법이 간단해서 매우 편리하고 만족스러워요.",
        "SentimentWord": "6",
        "SentimentPolarity": "1"
      },
      {
        "Aspect": "소음",
        "SentimentText": "소음은 좀 있어서 불편해요~",
        "SentimentWord": "4",
        "SentimentPolarity": "-1"
      }
    ]
  },
  {
    "Index": "20077",
    "RawText": "17kg용량은 사용자 가족에게 적당 몹시 좋아합니다. 저도 만족감에 기뻐요. 직렬연결로 기존 제품과 잘 어울리는 디자인이예요.",
    "Source": "쇼핑몰",
    "Domain": "가전",
    "MainCategory": "생활/미용/욕실가전",
    "ProductName": "트롬 LG전자 RH17WTLN",
    "ReviewScore": "5",
    "Syllable": "70",
    "Word": "15",
    "RDate": "20220506",
    "GeneralPolarity": "1",
    "Aspects": [
      {
        "Aspect": "용량",
        "SentimentText": "17kg용량은 사용자 가족에게 적당 몹시 좋아합니다.",
        "SentimentWord": "6",
        "SentimentPolarity": "1"
      },
      {
        "Aspect": "디자인",
        "SentimentText": "기존 제품과 잘 어울리는 디자인이예요.",
        "SentimentWord": "5",
        "SentimentPolarity": "1"
      }
    ]
  },
  {
    "Index": "20078",
    "RawText": "건조속도 매우 빨라요.  통안 용량이 넓어서 이불도 쏙~ 세탁후 이것저것 다 넣고 돌려요.  역쉬 전자제품은 000전자예요.",
    "Source": "쇼핑몰",
    "Domain": "가전",
    "MainCategory": "생활/미용/욕실가전",
    "ProductName": "트롬 LG전자 RH17WTLN",
    "ReviewScore": "5",
    "Syllable": "69",
    "Word": "16",
    "RDate": "20220511",
    "GeneralPolarity": "1",
    "Aspects": [
      {
        "Aspect": "시간/속도",
        "SentimentText": "건조속도 매우 빨라요.",
        "SentimentWord": "3",
        "SentimentPolarity": "1"
      },
      {
        "Aspect": "용량",
        "SentimentText": "통안 용량이 넓어서 이불도 쏙~ ",
        "SentimentWord": "5",
        "SentimentPolarity": "1"
      },
      {
        "Aspect": "제조일/제조사",
        "SentimentText": "역쉬 전자제품은 000전자예요. ",
        "SentimentWord": "3",
        "SentimentPolarity": "1"
      }
    ]
  },
  {
    "Index": "20079",
    "RawText": "구매한 건조기 성능 매우 만족스러워요. 직렬키트는 불만족이예요.약해서 쓸때마다 문제 없는지 봐줘야해요. 원래 이런건지 나만 그런건지 모르겠어요.",
    "Source": "쇼핑몰",
    "Domain": "가전",
    "MainCategory": "생활/미용/욕실가전",
    "ProductName": "트롬 LG전자 RH17WTLN",
    "ReviewScore": "4",
    "Syllable": "80",
    "Word": "16",
    "RDate": "20220221",
    "GeneralPolarity": "0",
    "Aspects": [
      {
        "Aspect": "기능",
        "SentimentText": "구매한 건조기 성능 매우 만족스러워요.",
        "SentimentWord": "5",
        "SentimentPolarity": "1"
      },
      {
        "Aspect": "제품구성",
        "SentimentText": " 직렬키트는 불만족이예요.",
        "SentimentWord": "2",
        "SentimentPolarity": "-1"
      }
    ]
  },
  {
    "Index": "20080",
    "RawText": "건조기는 삶의 질을 바꿔주는 없어서는 안될 제품이예요. 디자인깔끔해요. 화이트색상은  너무 이쁩니다. 배송 빨라 좋고 친절하게 빠르게 설치해줬어요.",
    "Source": "쇼핑몰",
    "Domain": "가전",
    "MainCategory": "생활/미용/욕실가전",
    "ProductName": "트롬 LG전자 RH17WTLN",
    "ReviewScore": "5",
    "Syllable": "82",
    "Word": "17",
    "RDate": "20220308",
    "Aspects": [
      {
        "Aspect": "디자인",
        "SentimentText": "디자인깔끔해요.",
        "SentimentWord": "1",
        "SentimentPolarity": "1"
      },
      {
        "Aspect": "색상",
        "SentimentText": "화이트색상은  너무 이쁩니다.",
        "SentimentWord": "3",
        "SentimentPolarity": "1"
      }
    ]
  },
  {
    "Index": "20081",
    "RawText": "장마철 빨래 안마를까봐 구매했어요. 비오는 날에도 뽀송하게 말리기 오케이 입니다.^^ 17kg 생각보다 통이 커서 좋네요. 용량이 줄면 아니될것같아요. 건조기 사용하니 너무 편하고 홀가분합니다.^^",
    "Source": "쇼핑몰",
    "Domain": "가전",
    "MainCategory": "생활/미용/욕실가전",
    "ProductName": "트롬 LG전자 RH17WTLN",
    "ReviewScore": "5",
    "Syllable": "110",
    "Word": "23",
    "RDate": "20220430",
    "GeneralPolarity": "1",
    "Aspects": [
      {
        "Aspect": "기능",
        "SentimentText": "뽀송하게 말리기 오케이 입니다.^^",
        "SentimentWord": "4",
        "SentimentPolarity": "1"
      },
      {
        "Aspect": "용량",
        "SentimentText": "17kg 생각보다 통이 커서 좋네요.",
        "SentimentWord": "5",
        "SentimentPolarity": "1"
      },
      {
        "Aspect": "편의성",
        "SentimentText": "건조기 사용하니 너무 편하고 홀가분합니다.^^",
        "SentimentWord": "5",
        "SentimentPolarity": "1"
      }
    ]
  },
  {
    "Index": "20082",
    "RawText": "건조기 이제서야 구매했습니다. 건조기에 넣고 돌리면 죽었던 패딩솜이 살아나서 좋아요. 면제품은 줄어들어서 속상해요. ㅠㅡㅠ 건조할때 수축문제로 옷을 골라 넣어야해서 불편해요",
    "Source": "쇼핑몰",
    "Domain": "가전",
    "MainCategory": "생활/미용/욕실가전",
    "ProductName": "트롬 LG전자 RH17WTLN",
    "ReviewScore": "5",
    "Syllable": "96",
    "Word": "20",
    "RDate": "20220507",
    "GeneralPolarity": "-1",
    "Aspects": [
      {
        "Aspect": "기능",
        "SentimentText": " 패딩솜이 살아나서 좋아요. ",
        "SentimentWord": "3",
        "SentimentPolarity": "1"
      },
      {
        "Aspect": "기능",
        "SentimentText": "면제품은 줄어들어서 속상해요. ㅠㅡㅠ",
        "SentimentWord": "4",
        "SentimentPolarity": "-1"
      },
      {
        "Aspect": "편의성",
        "SentimentText": "옷을 골라 넣어야해서 불편해요 ",
        "SentimentWord": "4",
        "SentimentPolarity": "-1"
      }
    ]
  },
  {
    "Index": "20083",
    "RawText": "가격이 저렴해서 좋아요. 소음도 적어서 괜찮아요. 원하는날 배송해주는점은 몹시 편했어요.  다음에도 000전자 제품 구매할꺼예요.",
    "Source": "쇼핑몰",
    "Domain": "가전",
    "MainCategory": "생활/미용/욕실가전",
    "ProductName": "트롬 LG전자 RH17WTLN",
    "ReviewScore": "4",
    "Syllable": "72",
    "Word": "14",
    "RDate": "20220708",
    "Aspects": [
      {
        "Aspect": "가격",
        "SentimentText": "가격이 저렴해서 좋아요.",
        "SentimentWord": "3",
        "SentimentPolarity": "1"
      },
      {
        "Aspect": "소음",
        "SentimentText": "소음도 적어서 괜찮아요. ",
        "SentimentWord": "3",
        "SentimentPolarity": "1"
      }
    ]
  },
  {
    "Index": "20084",
    "RawText": "건조기 가격도 싸서 만족해요. 이불도 잘 말려줘서 좋아요. 자주 세탁 할수있어요. 배송은 이주일정도 느린편이었어요.",
    "Source": "쇼핑몰",
    "Domain": "가전",
    "MainCategory": "생활/미용/욕실가전",
    "ProductName": "트롬 LG전자 RH17WTLN",
    "ReviewScore": "5",
    "Syllable": "64",
    "Word": "14",
    "RDate": "20220427",
    "Aspects": [
      {
        "Aspect": "가격",
        "SentimentText": "건조기 가격도 싸서 만족해요.",
        "SentimentWord": "4",
        "SentimentPolarity": "1"
      },
      {
        "Aspect": "기능",
        "SentimentText": "이불도 잘 말려줘서 좋아요.",
        "SentimentWord": "4",
        "SentimentPolarity": "1"
      }
    ]
  },
  {
    "Index": "20085",
    "RawText": "고민할 필요가 없는 건조기예요. 퀄리티도 굿이고요~ 습한 장마철에도 뽀송하게 잘 말라  신세계예요.",
    "Source": "쇼핑몰",
    "Domain": "가전",
    "MainCategory": "생활/미용/욕실가전",
    "ProductName": "트롬 LG전자 RH17WTLN",
    "ReviewScore": "5",
    "Syllable": "55",
    "Word": "12",
    "RDate": "20220630",
    "Aspects": [
      {
        "Aspect": "품질",
        "SentimentText": "고민할 필요가 없는 건조기예요. 퀄리티도 굿이고요~",
        "SentimentWord": "6",
        "SentimentPolarity": "1"
      },
      {
        "Aspect": "기능",
        "SentimentText": "뽀송하게 잘 말라  신세계예요.",
        "SentimentWord": "4",
        "SentimentPolarity": "1"
      }
    ]
  },
  {
    "Index": "20086",
    "RawText": "리모컨도 포함된 제품이라 편리한게 좋아요~ 빨래 건조후에 부드럽고 뽀송뽀쏭해서 기분좋네요~~^^",
    "Source": "쇼핑몰",
    "Domain": "가전",
    "MainCategory": "생활/미용/욕실가전",
    "ProductName": "트롬 LG전자 RH17WTLN",
    "ReviewScore": "4",
    "Syllable": "53",
    "Word": "10",
    "RDate": "20220625",
    "Aspects": [
      {
        "Aspect": "제품구성",
        "SentimentText": "리모컨도 포함된 제품이라 편리한게 좋아요~ ",
        "SentimentWord": "5",
        "SentimentPolarity": "1"
      },
      {
        "Aspect": "기능",
        "SentimentText": " 빨래 건조후에 부드럽고 뽀송뽀쏭해서 기분좋네요~~^^",
        "SentimentWord": "5",
        "SentimentPolarity": "1"
      }
    ]
  },
  {
    "Index": "20087",
    "RawText": "리모콘 작동으로 더 편리해요^^  그런데 결제하고 난 다음날 가격이 내려서 좀 아쉬웠어요ㅠㅠ ",
    "Source": "쇼핑몰",
    "Domain": "가전",
    "MainCategory": "생활/미용/욕실가전",
    "ProductName": "트롬 LG전자 RH17WTLN",
    "ReviewScore": "4",
    "Syllable": "52",
    "Word": "12",
    "RDate": "20220425",
    "Aspects": [
      {
        "Aspect": "편의성",
        "SentimentText": "리모콘 작동으로 더 편리해요^^",
        "SentimentWord": "4",
        "SentimentPolarity": "1"
      },
      {
        "Aspect": "가격",
        "SentimentText": " 결제하고 난 다음날 가격이 내려서 좀 아쉬웠어요ㅠㅠ",
        "SentimentWord": "7",
        "SentimentPolarity": "-1"
      }
    ]
  },
  {
    "Index": "20088",
    "RawText": "생각보다 소음 적어 좋았고^^  디자인도 깔끔하고 예뻐요.",
    "Source": "쇼핑몰",
    "Domain": "가전",
    "MainCategory": "생활/미용/욕실가전",
    "ProductName": "트롬 LG전자 RH17WTLN",
    "ReviewScore": "5",
    "Syllable": "32",
    "Word": "7",
    "RDate": "20220628",
    "Aspects": [
      {
        "Aspect": "소음",
        "SentimentText": "생각보다 소음 적어 좋았고",
        "SentimentWord": "4",
        "SentimentPolarity": "1"
      },
      {
        "Aspect": "디자인",
        "SentimentText": "디자인도 깔끔하고 예뻐요. ",
        "SentimentWord": "3",
        "SentimentPolarity": "1"
      }
    ]
  },
  {
    "Index": "20089",
    "RawText": "잘 마르니 깨끗하고 뽀송한느낌 너무 굿~ 빠른배송과 기사님들 친절해서 만족해요. 색상도 맘에 들고 성능도 매우 좋아요.",
    "Source": "쇼핑몰",
    "Domain": "가전",
    "MainCategory": "생활/미용/욕실가전",
    "ProductName": "트롬 LG전자 RH17WTLN",
    "ReviewScore": "5",
    "Syllable": "66",
    "Word": "16",
    "RDate": "20220515",
    "Aspects": [
      {
        "Aspect": "색상",
        "SentimentText": "색상도 맘에 들고",
        "SentimentWord": "3",
        "SentimentPolarity": "1"
      },
      {
        "Aspect": "기능",
        "SentimentText": "성능도 매우 좋아요. ",
        "SentimentWord": "3",
        "SentimentPolarity": "1"
      }
    ]
  },
  {
    "Index": "20090",
    "RawText": "용량이 커서 매일 이불이랑 옷을 다 빨고 있어요만족만족~ . 통살균 기능이 있어서 안심입니다~",
    "Source": "쇼핑몰",
    "Domain": "가전",
    "MainCategory": "생활/미용/욕실가전",
    "ProductName": "트롬 LG전자 RH17WTLN",
    "ReviewScore": "5",
    "Syllable": "52",
    "Word": "13",
    "RDate": "20220521",
    "Aspects": [
      {
        "Aspect": "용량",
        "SentimentText": " 용량이 커서 매일 이불이랑 옷을 다 빨고 있어요만족만족~ .",
        "SentimentWord": "9",
        "SentimentPolarity": "1"
      },
      {
        "Aspect": "기능",
        "SentimentText": "통살균 기능이 있어서 안심입니다~",
        "SentimentWord": "4",
        "SentimentPolarity": "1"
      }
    ]
  },
  {
    "Index": "20091",
    "RawText": "세일할때 좋은 제품 싸게 잘 산거 같아요!!  색상도 화사해서 좋아요.",
    "Source": "쇼핑몰",
    "Domain": "가전",
    "MainCategory": "생활/미용/욕실가전",
    "ProductName": "트롬 LG전자 RH17WTLN",
    "ReviewScore": "5",
    "Syllable": "39",
    "Word": "10",
    "RDate": "20211112",
    "Aspects": [
      {
        "Aspect": "가격",
        "SentimentText": "세일할때 좋은 제품 싸게 잘 산거 같아요!! ",
        "SentimentWord": "7",
        "SentimentPolarity": "1"
      },
      {
        "Aspect": "색상",
        "SentimentText": "색상도 화사해서 좋아요.",
        "SentimentWord": "3",
        "SentimentPolarity": "1"
      }
    ]
  },
  {
    "Index": "20092",
    "RawText": "디자인이 산뜻하고 예뻤어요. 화이트색상이라 블랙보다는 더 좋았고요",
    "Source": "쇼핑몰",
    "Domain": "가전",
    "MainCategory": "생활/미용/욕실가전",
    "ProductName": "트롬 LG전자 RH17WTLN",
    "ReviewScore": "5",
    "Syllable": "36",
    "Word": "7",
    "RDate": "20220617",
    "Aspects": [
      {
        "Aspect": "디자인",
        "SentimentText": "디자인이 산뜻하고 예뻤어요.",
        "SentimentWord": "3",
        "SentimentPolarity": "1"
      },
      {
        "Aspect": "색상",
        "SentimentText": "화이트색상이라 블랙보다는 더 좋았고요 ",
        "SentimentWord": "4",
        "SentimentPolarity": "1"
      }
    ]
  },
  {
    "Index": "20093",
    "RawText": "장마철 수건과 이불빨래를 하는데 신세계를 경험했네요~ 성능 정말 좋네요 건조기 써보니 빨래 말리기 편해서 삶의 질이 달라졌어요.ㅎㅎ",
    "Source": "쇼핑몰",
    "Domain": "가전",
    "MainCategory": "생활/미용/욕실가전",
    "ProductName": "트롬 LG전자 RH17WTLN",
    "ReviewScore": "5",
    "Syllable": "73",
    "Word": "17",
    "RDate": "20220705",
    "Aspects": [
      {
        "Aspect": "기능",
        "SentimentText": "장마철 수건과 이불빨래를 하는데 신세계를 경험했네요~ 성능 정말 좋네요",
        "SentimentWord": "9",
        "SentimentPolarity": "1"
      },
      {
        "Aspect": "편의성",
        "SentimentText": "빨래 말리기 편해서 삶의 질이 달라졌어요.ㅎㅎ",
        "SentimentWord": "6",
        "SentimentPolarity": "1"
      }
    ]
  },
  {
    "Index": "20094",
    "RawText": "구성품에 있는 리모컨은 붙여놓고 쓸수있어요.  작동이 수월해서 좋아요. 건조기는 000전자가 최고예요.",
    "Source": "쇼핑몰",
    "Domain": "가전",
    "MainCategory": "생활/미용/욕실가전",
    "ProductName": "트롬 LG전자 RH17WTLN",
    "ReviewScore": "5",
    "Syllable": "57",
    "Word": "11",
    "RDate": "20220528",
    "GeneralPolarity": "1",
    "Aspects": [
      {
        "Aspect": "제품구성",
        "SentimentText": "구성품에 있는 리모컨은 붙여놓고 쓸수있어요.",
        "SentimentWord": "5",
        "SentimentPolarity": "1"
      },
      {
        "Aspect": "조작성",
        "SentimentText": "작동이 수월해서 좋아요.",
        "SentimentWord": "3",
        "SentimentPolarity": "1"
      },
      {
        "Aspect": "제조일/제조사",
        "SentimentText": "건조기는 000전자가 최고예요.",
        "SentimentWord": "3",
        "SentimentPolarity": "1"
      }
    ]
  },
  {
    "Index": "20095",
    "RawText": "건조기 너무 이쁘고 맘에들어요^^ 세일로 저렴하게 구입해서 굿~이예요.",
    "Source": "쇼핑몰",
    "Domain": "가전",
    "MainCategory": "생활/미용/욕실가전",
    "ProductName": "트롬 LG전자 RH17WTLN",
    "ReviewScore": "5",
    "Syllable": "39",
    "Word": "8",
    "RDate": "20220529",
    "Aspects": [
      {
        "Aspect": "디자인",
        "SentimentText": "건조기 너무 이쁘고 맘에들어요^",
        "SentimentWord": "4",
        "SentimentPolarity": "1"
      },
      {
        "Aspect": "가격",
        "SentimentText": "세일로 저렴하게 구입해서 굿~이예요.",
        "SentimentWord": "4",
        "SentimentPolarity": "1"
      }
    ]
  },
  {
    "Index": "20096",
    "RawText": "믿음이가는 000전자 건조기 좋아요. 볕이 많이 들어 오지 않아 눅눅해서 빨래 싫었는데 건조기가 해결해서 좋네요.  빠른 배송!! 친절한 응대!! 감사합니다.",
    "Source": "쇼핑몰",
    "Domain": "가전",
    "MainCategory": "생활/미용/욕실가전",
    "ProductName": "트롬 LG전자 RH17WTLN",
    "ReviewScore": "5",
    "Syllable": "88",
    "Word": "20",
    "RDate": "20220507",
    "Aspects": [
      {
        "Aspect": "제조일/제조사",
        "SentimentText": "믿음이가는 000전자 건조기 좋아요.",
        "SentimentWord": "4",
        "SentimentPolarity": "1"
      },
      {
        "Aspect": "기능",
        "SentimentText": "볕이 많이 들어 오지 않아 눅눅해서 빨래 싫었는데 건조기가 해결해서 좋네요.",
        "SentimentWord": "11",
        "SentimentPolarity": "1"
      }
    ]
  },
  {
    "Index": "20097",
    "RawText": "용량이 커서 완전 좋아요~장마철에 세균걱정 없이 아기에게 뽀송뽀송한 옷을 입힐수 있어서 정말 좋네요.",
    "Source": "쇼핑몰",
    "Domain": "가전",
    "MainCategory": "생활/미용/욕실가전",
    "ProductName": "트롬 LG전자 RH17WTLN",
    "ReviewScore": "5",
    "Syllable": "56",
    "Word": "13",
    "RDate": "20220702",
    "Aspects": [
      {
        "Aspect": "용량",
        "SentimentText": "용량이 커서 완전 좋아요~",
        "SentimentWord": "4",
        "SentimentPolarity": "1"
      },
      {
        "Aspect": "기능",
        "SentimentText": "장마철에 세균걱정 없이 아기에게 뽀송뽀송한 옷을 입힐수 있어서 정말 좋네요. ",
        "SentimentWord": "10",
        "SentimentPolarity": "1"
      }
    ]
  },
  {
    "Index": "20098",
    "RawText": "보송보송 건조도 확실히 좋아요~! 저렴한 가격에 구입해서 기분도 좋았고요ㅎㅎ",
    "Source": "쇼핑몰",
    "Domain": "가전",
    "MainCategory": "생활/미용/욕실가전",
    "ProductName": "트롬 LG전자 RH17WTLN",
    "ReviewScore": "5",
    "Syllable": "42",
    "Word": "9",
    "RDate": "20220322",
    "Aspects": [
      {
        "Aspect": "기능",
        "SentimentText": "보송보송 건조도 확실히 좋아요~! ",
        "SentimentWord": "4",
        "SentimentPolarity": "1"
      },
      {
        "Aspect": "가격",
        "SentimentText": "저렴한 가격에 구입해서 기분도 좋았고요ㅎㅎ",
        "SentimentWord": "5",
        "SentimentPolarity": "1"
      }
    ]
  },
  {
    "Index": "20099",
    "RawText": "배송이 엄청 빨랐고요 설치 기사님도 친절하셨습니다~~건조기 덕에 몸이 넘 편해졌네요!! 세탁기 건조기 모두 사용 중인데 역시 OOO 제품 최고입니다^^",
    "Source": "쇼핑몰",
    "Domain": "가전",
    "MainCategory": "생활/미용/욕실가전",
    "ProductName": "트롬 LG전자 RH17WTLN",
    "ReviewScore": "5",
    "Syllable": "84",
    "Word": "19",
    "RDate": "20220601",
    "Aspects": [
      {
        "Aspect": "편의성",
        "SentimentText": "건조기 덕에 몸이 넘 편해졌네요!!",
        "SentimentWord": "5",
        "SentimentPolarity": "1"
      },
      {
        "Aspect": "제조일/제조사",
        "SentimentText": "세탁기 건조기 모두 사용 중인데 역시 OOO 제품 최고입니다^^",
        "SentimentWord": "9",
        "SentimentPolarity": "1"
      }
    ]
  },
  {
    "Index": "20100",
    "RawText": "엄청 시끄러워...... 소음 심해요ㅠㅠ 하지만 사용해보니 먼지제거도 넘 잘되고 기능이 엄청 좋아서 신세계입니다!!",
    "Source": "쇼핑몰",
    "Domain": "가전",
    "MainCategory": "생활/미용/욕실가전",
    "ProductName": "트롬 LG전자 RH17WTLN",
    "ReviewScore": "5",
    "Syllable": "64",
    "Word": "13",
    "RDate": "20210910",
    "Aspects": [
      {
        "Aspect": "소음",
        "SentimentText": "엄청 시끄러워...... 소음 심해요ㅠㅠ ",
        "SentimentWord": "4",
        "SentimentPolarity": "0"
      },
      {
        "Aspect": "기능",
        "SentimentText": "사용해보니 먼지제거도 넘 잘되고 기능이 엄청 좋아서 신세계입니다!!",
        "SentimentWord": "8",
        "SentimentPolarity": "1"
      }
    ]
  },
  {
    "Index": "20101",
    "RawText": "제조일자도 이번 달꺼네요!!역쉬 ㅇㅇㅇ 짱입니다!  용량도 엄청 커서 밀린 빨래 돌릴 수 있어 만족했구요ㅎㅎ",
    "Source": "쇼핑몰",
    "Domain": "가전",
    "MainCategory": "생활/미용/욕실가전",
    "ProductName": "트롬 LG전자 RH17WTLN",
    "ReviewScore": "5",
    "Syllable": "60",
    "Word": "14",
    "RDate": "20220531",
    "Aspects": [
      {
        "Aspect": "제조일/제조사",
        "SentimentText": "제조일자도 이번 달꺼네요!!역쉬 ㅇㅇㅇ 짱입니다!",
        "SentimentWord": "5",
        "SentimentPolarity": "1"
      },
      {
        "Aspect": "용량",
        "SentimentText": "용량도 엄청 커서 밀린 빨래 돌릴 수 있어 만족했구요ㅎㅎ",
        "SentimentWord": "9",
        "SentimentPolarity": "1"
      }
    ]
  },
  {
    "Index": "20102",
    "RawText": "디자인은 심플해서  제맘에 쏙 들구요.~~  수건과 이불을 돌려봤는데~ 건조기능도 만족!!",
    "Source": "쇼핑몰",
    "Domain": "가전",
    "MainCategory": "생활/미용/욕실가전",
    "ProductName": "트롬 LG전자 RH17WTLN",
    "ReviewScore": "5",
    "Syllable": "50",
    "Word": "10",
    "RDate": "20220530",
    "Aspects": [
      {
        "Aspect": "디자인",
        "SentimentText": "디자인은 심플해서  제맘에 쏙 들구요.~~  ",
        "SentimentWord": "5",
        "SentimentPolarity": "1"
      },
      {
        "Aspect": "기능",
        "SentimentText": "수건과 이불을 돌려봤는데~ 건조기능도 만족!!",
        "SentimentWord": "5",
        "SentimentPolarity": "1"
      }
    ]
  },
  {
    "Index": "20103",
    "RawText": "화이트라 깔끔하고 인테리어 효과로도 굿~ 사용법도 넘 간편했고요~!",
    "Source": "쇼핑몰",
    "Domain": "가전",
    "MainCategory": "생활/미용/욕실가전",
    "ProductName": "트롬 LG전자 RH17WTLN",
    "ReviewScore": "4",
    "Syllable": "37",
    "Word": "8",
    "RDate": "20220625",
    "Aspects": [
      {
        "Aspect": "색상",
        "SentimentText": "화이트라 깔끔하고 인테리어 효과로도 굿~",
        "SentimentWord": "5",
        "SentimentPolarity": "1"
      },
      {
        "Aspect": "조작성",
        "SentimentText": "사용법도 넘 간편했고요~! ",
        "SentimentWord": "3",
        "SentimentPolarity": "1"
      }
    ]
  },
  {
    "Index": "20104",
    "RawText": "소음이 거의 없어요~ 좋네요  장마철에도 맘편히 빨래를 할 수 있어서 넘 편리해요ㅎㅎ",
    "Source": "쇼핑몰",
    "Domain": "가전",
    "MainCategory": "생활/미용/욕실가전",
    "ProductName": "트롬 LG전자 RH17WTLN",
    "ReviewScore": "5",
    "Syllable": "47",
    "Word": "12",
    "RDate": "20220717",
    "Aspects": [
      {
        "Aspect": "소음",
        "SentimentText": "소음이 거의 없어요~ 좋네요",
        "SentimentWord": "4",
        "SentimentPolarity": "1"
      },
      {
        "Aspect": "편의성",
        "SentimentText": "장마철에도 맘편히 빨래를 할 수 있어서 넘 편리해요ㅎㅎ",
        "SentimentWord": "8",
        "SentimentPolarity": "1"
      }
    ]
  },
  {
    "Index": "20105",
    "RawText": "OOO은 항상 믿고 쓰는 가전이라 이번에도 만족해요ㅎㅎ  장마기간에 사용하면 진가를 발휘할 수 있는 이 뽀송 뽀송함",
    "Source": "쇼핑몰",
    "Domain": "가전",
    "MainCategory": "생활/미용/욕실가전",
    "ProductName": "트롬 LG전자 RH17WTLN",
    "ReviewScore": "4",
    "Syllable": "64",
    "Word": "16",
    "RDate": "20211116",
    "GeneralPolarity": "1",
    "Aspects": [
      {
        "Aspect": "제조일/제조사",
        "SentimentText": "OOO은 항상 믿고 쓰는 가전이라 이번에도 만족해요ㅎㅎ",
        "SentimentWord": "7",
        "SentimentPolarity": "1"
      },
      {
        "Aspect": "기능",
        "SentimentText": "장마기간에 사용하면 진가를 발휘할 수 있는 이 뽀송 뽀송함",
        "SentimentWord": "9",
        "SentimentPolarity": "1"
      }
    ]
  },
  {
    "Index": "20107",
    "RawText": "며칠사이에 가격이 더 내려간게 아쉽ㅜㅜ 건조는 잘되서  만족합니다",
    "Source": "쇼핑몰",
    "Domain": "가전",
    "MainCategory": "생활/미용/욕실가전",
    "ProductName": "트롬 LG전자 RH17WTLN",
    "ReviewScore": "5",
    "Syllable": "36",
    "Word": "8",
    "RDate": "20211105",
    "Aspects": [
      {
        "Aspect": "가격",
        "SentimentText": "며칠사이에 가격이 더 내려간게 아쉽ㅜㅜ",
        "SentimentWord": "5",
        "SentimentPolarity": "-1"
      },
      {
        "Aspect": "기능",
        "SentimentText": "건조는 잘되서 만족합니다",
        "SentimentWord": "3",
        "SentimentPolarity": "1"
      }
    ]
  },
  {
    "Index": "20108",
    "RawText": "예상 외로 커서 사이즈 확인이 꼭 필요할 정도라 깜짝 놀랐어요.기존 건조기 보다 많이  조용해서 신기해요.17킬로로 용량이 3식구 쓰기에 넉넉해서 좋아요^^",
    "Source": "쇼핑몰",
    "Domain": "가전",
    "MainCategory": "생활/미용/욕실가전",
    "ProductName": "트롬 LG전자 RH17WTLN",
    "ReviewScore": "5",
    "Syllable": "87",
    "Word": "20",
    "RDate": "20220727",
    "GeneralPolarity": "1",
    "Aspects": [
      {
        "Aspect": "사이즈",
        "SentimentText": "예상 외로 커서 사이즈 확인이 꼭 필요할 정도라 깜짝 놀랐어요",
        "SentimentWord": "10",
        "SentimentPolarity": "0"
      },
      {
        "Aspect": "소음",
        "SentimentText": "기존 건조기 보다 많이  조용해서 신기해요",
        "SentimentWord": "6",
        "SentimentPolarity": "1"
      },
      {
        "Aspect": "용량",
        "SentimentText": "17킬로로 용량이 3식구 쓰기에 넉넉해서 좋아요^^",
        "SentimentWord": "6",
        "SentimentPolarity": "1"
      }
    ]
  },
  {
    "Index": "20109",
    "RawText": "크기가 적당하고 알맞아요^^ 거실에 설치 해보니,소음이 세탁기보다 작은데 약간은 있어요. 많은 고민끝에 구입했는데, 건조기 사용하니 빨래의 많은 먼지도 잘털어지네요. 정말 정말 추천해요!아! 배송기사님이 친절하셔서 좋았습니다.",
    "Source": "쇼핑몰",
    "Domain": "가전",
    "MainCategory": "생활/미용/욕실가전",
    "ProductName": "트롬 LG전자 RH17WTLN",
    "ReviewScore": "5",
    "Syllable": "126",
    "Word": "25",
    "RDate": "20220111",
    "Aspects": [
      {
        "Aspect": "사이즈",
        "SentimentText": "크기가 적당하고 알맞아요^^",
        "SentimentWord": "3",
        "SentimentPolarity": "1"
      },
      {
        "Aspect": "소음",
        "SentimentText": "소음이 세탁기보다 작은데 약간은 있어요. ",
        "SentimentWord": "5",
        "SentimentPolarity": "0"
      },
      {
        "Aspect": "기능",
        "SentimentText": "건조기 사용하니 빨래의 많은 먼지도 잘털어지네요.정말 정말 추천해요",
        "SentimentWord": "8",
        "SentimentPolarity": "1"
      }
    ]
  },
  {
    "Index": "20111",
    "RawText": "써보니 사용법이 간단해서 매우 만족합니다. 먼지가 잘 털어지네요, 구김방지기능으로 옷감구김 많지 않가서 정말 좋아요!",
    "Source": "쇼핑몰",
    "Domain": "가전",
    "MainCategory": "생활/미용/욕실가전",
    "ProductName": "트롬 LG전자 RH17WTLN",
    "ReviewScore": "5",
    "Syllable": "65",
    "Word": "14",
    "RDate": "20220504",
    "GeneralPolarity": "1",
    "Aspects": [
      {
        "Aspect": "조작성",
        "SentimentText": "써보니 사용법이 간단해서 매우 만족합니다.",
        "SentimentWord": "5",
        "SentimentPolarity": "1"
      },
      {
        "Aspect": "기능",
        "SentimentText": "구김방지기능으로 옷감구김 많지 않가서 정말 좋아요! ",
        "SentimentWord": "6",
        "SentimentPolarity": "1"
      },
      {
        "Aspect": "기능",
        "SentimentText": "먼지가 잘 털어지네요",
        "SentimentWord": "3",
        "SentimentPolarity": "1"
      }
    ]
  },
  {
    "Index": "20112",
    "RawText": "무이자 행사 혜택을 받아서 착한 가격에 구입해서 너무 좋구요. 이불세탁후  건조해보니  뽀송하게 건조가 잘됩니다. 소음이 거의 없이 조용해서 만족합니다,역시 ㅇㅇㅇ로 구입한건 탁월한 선택이었어요!!",
    "Source": "쇼핑몰",
    "Domain": "가전",
    "MainCategory": "생활/미용/욕실가전",
    "ProductName": "트롬 LG전자 RH17WTLN",
    "ReviewScore": "5",
    "Syllable": "110",
    "Word": "23",
    "RDate": "20220426",
    "GeneralPolarity": "1",
    "Aspects": [
      {
        "Aspect": "가격",
        "SentimentText": "무이자 행사 혜택을 받아서 착한 가격에 구입해서 너무 좋구요",
        "SentimentWord": "9",
        "SentimentPolarity": "1"
      },
      {
        "Aspect": "기능",
        "SentimentText": "이불세탁후  건조해보니  뽀송하게 건조가 잘됩니다",
        "SentimentWord": "5",
        "SentimentPolarity": "1"
      },
      {
        "Aspect": "소음",
        "SentimentText": "소음이 거의 없이 조용해서 만족합니다",
        "SentimentWord": "5",
        "SentimentPolarity": "1"
      },
      {
        "Aspect": "제조일/제조사",
        "SentimentText": "역시 ㅇㅇㅇ로 구입한건 탁월한 선택이었어요!!",
        "SentimentWord": "5",
        "SentimentPolarity": "1"
      }
    ]
  },
  {
    "Index": "20113",
    "RawText": "시부모님께 선물했더니 사용법이 간단하다고  좋아 하시네요. 배송기사님도 친절하게 설치해 주셨어요. 겨울이나 황사,장마가 와도 빨래를 잘 건조해주는 필수템!건조기가 최고!!",
    "Source": "쇼핑몰",
    "Domain": "가전",
    "MainCategory": "생활/미용/욕실가전",
    "ProductName": "트롬 LG전자 RH17WTLN",
    "ReviewScore": "5",
    "Syllable": "95",
    "Word": "18",
    "RDate": "20220429",
    "Aspects": [
      {
        "Aspect": "조작성",
        "SentimentText": "시부모님께 선물했더니 사용법이 간단하다고  좋아 하시네요",
        "SentimentWord": "6",
        "SentimentPolarity": "1"
      },
      {
        "Aspect": "기능",
        "SentimentText": "겨울이나 황사,장마가 와도 빨래를 잘 건조해주는 필수템!건조기가 최고!!",
        "SentimentWord": "8",
        "SentimentPolarity": "1"
      }
    ]
  },
  {
    "Index": "20114",
    "RawText": "빨래가 빠르게 건조되는신세계를 만났어요. 기사님이 배송시간을 배려해 주셔서 빠르게 설치 할 수 있었고,친절한 설명으로 바로 사용했지요..역시 가전은 ㅇㅇㅇ가 최고!!",
    "Source": "쇼핑몰",
    "Domain": "가전",
    "MainCategory": "생활/미용/욕실가전",
    "ProductName": "트롬 LG전자 RH17WTLN",
    "ReviewScore": "5",
    "Syllable": "92",
    "Word": "19",
    "RDate": "20220613",
    "Aspects": [
      {
        "Aspect": "시간/속도",
        "SentimentText": "빨래가 빠르게 건조되는신세계를 만났어요.",
        "SentimentWord": "4",
        "SentimentPolarity": "1"
      },
      {
        "Aspect": "제조일/제조사",
        "SentimentText": "역시 가전은 ㅇㅇㅇ가 최고!!",
        "SentimentWord": "4",
        "SentimentPolarity": "1"
      }
    ]
  },
  {
    "Index": "20115",
    "RawText": "저렴한 가격에 좋은 제품 구입해서 기분이 좋아요~ 건조기  돌려보니 지인들 말처럼 건조가 잘되서 정말 맘에 들어요. 배송은 예상했던 것보다 빨리 와서 만족합니다.잘쓰겠습니다^^",
    "Source": "쇼핑몰",
    "Domain": "가전",
    "MainCategory": "생활/미용/욕실가전",
    "ProductName": "트롬 LG전자 RH17WTLN",
    "ReviewScore": "5",
    "Syllable": "98",
    "Word": "22",
    "RDate": "20220429",
    "Aspects": [
      {
        "Aspect": "가격",
        "SentimentText": "저렴한 가격에 좋은 제품 구입해서 기분이 좋아요",
        "SentimentWord": "7",
        "SentimentPolarity": "1"
      },
      {
        "Aspect": "기능",
        "SentimentText": "건조기  돌려보니 지인들 말처럼 건조가 잘되서 정말 맘에 들어요",
        "SentimentWord": "9",
        "SentimentPolarity": "1"
      }
    ]
  },
  {
    "Index": "20116",
    "RawText": "친정엄마께 선물해 드렸어요!!장마 오기전에 배송 와서,장마때도 빨래를 건조기로 뽀송하게 잘 건조해서 너무 좋아요.계절과 상관없이 건조기는 필수템입니다!!색깔은 살짝 칙칙해서 별로에요~",
    "Source": "쇼핑몰",
    "Domain": "가전",
    "MainCategory": "생활/미용/욕실가전",
    "ProductName": "트롬 LG전자 RH17WTLN",
    "ReviewScore": "5",
    "Syllable": "102",
    "Word": "19",
    "RDate": "20220817",
    "GeneralPolarity": "0",
    "Aspects": [
      {
        "Aspect": "기능",
        "SentimentText": "장마때도 빨래를 건조기로 뽀송하게 잘 건조해서 너무 좋아요",
        "SentimentWord": "8",
        "SentimentPolarity": "1"
      },
      {
        "Aspect": "색상",
        "SentimentText": "색깔은 살짝 칙칙해서 별로에요~",
        "SentimentWord": "4",
        "SentimentPolarity": "-1"
      }
    ]
  },
  {
    "Index": "20117",
    "RawText": "무이자로 길게 해서 싸게 잘 샀어요^^ 지금도 빨래 건조가 잘되서 매우 만족스럽습니다. 감사해요^^",
    "Source": "쇼핑몰",
    "Domain": "가전",
    "MainCategory": "생활/미용/욕실가전",
    "ProductName": "트롬 LG전자 RH17WTLN",
    "ReviewScore": "5",
    "Syllable": "55",
    "Word": "13",
    "RDate": "20220611",
    "Aspects": [
      {
        "Aspect": "가격",
        "SentimentText": "무이자로 길게 해서 싸게 잘 샀어요^^",
        "SentimentWord": "6",
        "SentimentPolarity": "1"
      },
      {
        "Aspect": "기능",
        "SentimentText": "지금도 빨래 건조가 잘되서 매우 만족스럽습니다. 감사해요^^",
        "SentimentWord": "7",
        "SentimentPolarity": "1"
      }
    ]
  },
  {
    "Index": "20118",
    "RawText": "엄마 선물로 착한 가격에 구입했는데 무척 맘에 들어요 .기존대비 두배나 큰 용량이라 많은 빨래 문제없어요~",
    "Source": "쇼핑몰",
    "Domain": "가전",
    "MainCategory": "생활/미용/욕실가전",
    "ProductName": "트롬 LG전자 RH17WTLN",
    "ReviewScore": "5",
    "Syllable": "59",
    "Word": "15",
    "RDate": "20220403",
    "Aspects": [
      {
        "Aspect": "가격",
        "SentimentText": "착한 가격에 구입했는데 무척 맘에 들어요",
        "SentimentWord": "6",
        "SentimentPolarity": "1"
      },
      {
        "Aspect": "용량",
        "SentimentText": "기존대비 두배나 큰 용량이라 많은 빨래 문제없어요~",
        "SentimentWord": "7",
        "SentimentPolarity": "1"
      }
    ]
  },
  {
    "Index": "20119",
    "RawText": "배송이 무척 빨라서 감동이에요!!많은 고민끝에  마침 할인행사가 있어서 좋은 가격에 구입했어요. 이불털기기능과 수건털기 사용해보니 먼지가 잘 털어져서 만족스럽습니다. ~잘쓰겠습니다!",
    "Source": "쇼핑몰",
    "Domain": "가전",
    "MainCategory": "생활/미용/욕실가전",
    "ProductName": "트롬 LG전자 RH17WTLN",
    "ReviewScore": "5",
    "Syllable": "101",
    "Word": "19",
    "RDate": "20220219",
    "Aspects": [
      {
        "Aspect": "가격",
        "SentimentText": " 마침 할인행사가 있어서 좋은 가격에 구입했어요",
        "SentimentWord": "6",
        "SentimentPolarity": "1"
      },
      {
        "Aspect": "기능",
        "SentimentText": "이불털기기능과 수건털기 사용해보니 먼지가 잘 털어져서 만족스럽습니다. ~",
        "SentimentWord": "8",
        "SentimentPolarity": "1"
      }
    ]
  },
  {
    "Index": "20120",
    "RawText": "건조기는 역시 ㅇㅇㅇ건조기가 최고에요!!  써보니 뽀송뽕송하게 건조가 매우 잘되요. 빠른배송과 설치 기사님의 친절한 설명 좋아서 강력하게 추천해요!!",
    "Source": "쇼핑몰",
    "Domain": "가전",
    "MainCategory": "생활/미용/욕실가전",
    "ProductName": "트롬 LG전자 RH17WTLN",
    "ReviewScore": "5",
    "Syllable": "83",
    "Word": "17",
    "RDate": "20220122",
    "Aspects": [
      {
        "Aspect": "제조일/제조사",
        "SentimentText": "건조기는 역시 ㅇㅇㅇ건조기가 최고에요!",
        "SentimentWord": "4",
        "SentimentPolarity": "1"
      },
      {
        "Aspect": "기능",
        "SentimentText": "써보니 뽀송뽕송하게 건조가 매우 잘되요.",
        "SentimentWord": "5",
        "SentimentPolarity": "1"
      }
    ]
  },
  {
    "Index": "20121",
    "RawText": "착한 가격으로 구매해서 만족하고 용량이 큰 제품을  구입해서 매우 만족합니다. 사업 잘 되시길 바래요^^",
    "Source": "쇼핑몰",
    "Domain": "가전",
    "MainCategory": "생활/미용/욕실가전",
    "ProductName": "트롬 LG전자 RH17WTLN",
    "ReviewScore": "5",
    "Syllable": "58",
    "Word": "14",
    "RDate": "20220419",
    "Aspects": [
      {
        "Aspect": "가격",
        "SentimentText": "착한 가격으로 구매해서 만족하고",
        "SentimentWord": "4",
        "SentimentPolarity": "1"
      },
      {
        "Aspect": "용량",
        "SentimentText": "용량이 큰 제품을  구입해서 매우 만족합니다",
        "SentimentWord": "6",
        "SentimentPolarity": "1"
      }
    ]
  },
  {
    "Index": "20122",
    "RawText": "오랜 고민후 구입했습니다. 빨래를 비오는날 건조걱정 없이 할수다니 매우 기뻐요.디자인이 집와 잘 안어울려서 아쉬워요.워킹맘도 휴일엔 여유가 생겼어요^^",
    "Source": "쇼핑몰",
    "Domain": "가전",
    "MainCategory": "생활/미용/욕실가전",
    "ProductName": "트롬 LG전자 RH17WTLN",
    "ReviewScore": "5",
    "Syllable": "84",
    "Word": "17",
    "RDate": "20220213",
    "GeneralPolarity": "1",
    "Aspects": [
      {
        "Aspect": "기능",
        "SentimentText": "빨래를 비오는날 건조걱정 없이 할수다니 매우 기뻐요.",
        "SentimentWord": "7",
        "SentimentPolarity": "1"
      },
      {
        "Aspect": "디자인",
        "SentimentText": "디자인이 집와 잘 안어울려서 아쉬워요",
        "SentimentWord": "5",
        "SentimentPolarity": "-1"
      }
    ]
  },
  {
    "Index": "20123",
    "RawText": "건조가 잘되서 매우 만족스러워요. 믿고 쓰는 ㅇㅇㅇ입니다!!!",
    "Source": "쇼핑몰",
    "Domain": "가전",
    "MainCategory": "생활/미용/욕실가전",
    "ProductName": "트롬 LG전자 RH17WTLN",
    "ReviewScore": "5",
    "Syllable": "34",
    "Word": "7",
    "RDate": "20220326",
    "Aspects": [
      {
        "Aspect": "기능",
        "SentimentText": "건조가 잘되서 매우 만족스러워요",
        "SentimentWord": "4",
        "SentimentPolarity": "1"
      },
      {
        "Aspect": "제조일/제조사",
        "SentimentText": "믿고 쓰는 ㅇㅇㅇ입니다!!!",
        "SentimentWord": "3",
        "SentimentPolarity": "1"
      }
    ]
  },
  {
    "Index": "20124",
    "RawText": "화이트 너무 이쁘구요!!!  상품은 건조가 잘되어 만족합니다.",
    "Source": "쇼핑몰",
    "Domain": "가전",
    "MainCategory": "생활/미용/욕실가전",
    "ProductName": "트롬 LG전자 RH17WTLN",
    "ReviewScore": "4",
    "Syllable": "34",
    "Word": "7",
    "RDate": "20220430",
    "Aspects": [
      {
        "Aspect": "색상",
        "SentimentText": " 화이트 너무 이쁘구요!!! ",
        "SentimentWord": "3",
        "SentimentPolarity": "1"
      },
      {
        "Aspect": "기능",
        "SentimentText": "상품은 건조가 잘되어 만족합니다.",
        "SentimentWord": "4",
        "SentimentPolarity": "1"
      }
    ]
  },
  {
    "Index": "20125",
    "RawText": "이젠 건조기로 수건과이불 먼지도 잘털어져서 정말 만족합니다. 소음없이  조용하게 잘 돌아가서 좋아요.설치기사님 무척 친절합니다^^",
    "Source": "쇼핑몰",
    "Domain": "가전",
    "MainCategory": "생활/미용/욕실가전",
    "ProductName": "트롬 LG전자 RH17WTLN",
    "ReviewScore": "5",
    "Syllable": "72",
    "Word": "14",
    "RDate": "20220506",
    "Aspects": [
      {
        "Aspect": "기능",
        "SentimentText": "이젠 건조기로 수건과이불 먼지도 잘털어져서 정말 만족합니다",
        "SentimentWord": "7",
        "SentimentPolarity": "1"
      },
      {
        "Aspect": "소음",
        "SentimentText": "소음없이  조용하게 잘 돌아가서 좋아요",
        "SentimentWord": "5",
        "SentimentPolarity": "1"
      }
    ]
  },
  {
    "Index": "20126",
    "RawText": "세일받아 저렴하게 구입해서 굿!! 건조가 잘되서 만족스럽고,이불털기기능은  정말 좋습니다.사업 번창하시길 바래요~",
    "Source": "쇼핑몰",
    "Domain": "가전",
    "MainCategory": "생활/미용/욕실가전",
    "ProductName": "트롬 LG전자 RH17WTLN",
    "ReviewScore": "4",
    "Syllable": "63",
    "Word": "11",
    "RDate": "20220527",
    "Aspects": [
      {
        "Aspect": "가격",
        "SentimentText": "세일받아 저렴하게 구입해서 굿!!",
        "SentimentWord": "4",
        "SentimentPolarity": "1"
      },
      {
        "Aspect": "기능",
        "SentimentText": "건조가 잘되서 만족스럽고,이불털기기능은  정말 좋습니다",
        "SentimentWord": "5",
        "SentimentPolarity": "1"
      }
    ]
  },
  {
    "Index": "20127",
    "RawText": "생각보다 크기가 크네요~~ 느낌있어~~  건조기 사용해보니  빨래가 잘 건조되어 진짜 신세계를 만났어요^^",
    "Source": "쇼핑몰",
    "Domain": "가전",
    "MainCategory": "생활/미용/욕실가전",
    "ProductName": "트롬 LG전자 RH17WTLN",
    "ReviewScore": "5",
    "Syllable": "59",
    "Word": "12",
    "RDate": "20220226",
    "Aspects": [
      {
        "Aspect": "사이즈",
        "SentimentText": "생각보다 크기가 크네요~~ 느낌있어~~ ",
        "SentimentWord": "4",
        "SentimentPolarity": "1"
      },
      {
        "Aspect": "기능",
        "SentimentText": "건조기 사용해보니  빨래가 잘 건조되어 진짜 신세계를 만났어요^^ ",
        "SentimentWord": "8",
        "SentimentPolarity": "1"
      }
    ]
  },
  {
    "Index": "20128",
    "RawText": "건조기가 있으니 장마철에 유용합니다!!  이불 건조는 1시간 만에  빠르게 건조되서 너무 좋아요! 잘쓸께요^^",
    "Source": "쇼핑몰",
    "Domain": "가전",
    "MainCategory": "생활/미용/욕실가전",
    "ProductName": "트롬 LG전자 RH17WTLN",
    "ReviewScore": "5",
    "Syllable": "61",
    "Word": "13",
    "RDate": "20220507",
    "Aspects": [
      {
        "Aspect": "편의성",
        "SentimentText": "건조기가 있으니 장마철에 유용합니다!! ",
        "SentimentWord": "4",
        "SentimentPolarity": "1"
      },
      {
        "Aspect": "시간/속도",
        "SentimentText": "이불 건조는 1시간 만에  빠르게 건조되서 너무 좋아요",
        "SentimentWord": "8",
        "SentimentPolarity": "1"
      }
    ]
  },
  {
    "Index": "20129",
    "RawText": "싼가격에 좋은 제품을 샀습니다.~  작동시 소음이 살짝 있어서 불편해요.잘 사용 할께요~!!",
    "Source": "쇼핑몰",
    "Domain": "가전",
    "MainCategory": "생활/미용/욕실가전",
    "ProductName": "트롬 LG전자 RH17WTLN",
    "ReviewScore": "5",
    "Syllable": "51",
    "Word": "11",
    "RDate": "20220621",
    "Aspects": [
      {
        "Aspect": "가격",
        "SentimentText": "싼가격에 좋은 제품을 샀습니다.~",
        "SentimentWord": "4",
        "SentimentPolarity": "1"
      },
      {
        "Aspect": "소음",
        "SentimentText": "작동시 소음이 살짝 있어서 불편해요",
        "SentimentWord": "5",
        "SentimentPolarity": "-1"
      }
    ]
  },
  {
    "Index": "20130",
    "RawText": "장마와도 이불빨래 잘 건조되니 아무 걱정 없어요.소리도 조용해서 너무 좋아요~",
    "Source": "쇼핑몰",
    "Domain": "가전",
    "MainCategory": "생활/미용/욕실가전",
    "ProductName": "트롬 LG전자 RH17WTLN",
    "ReviewScore": "5",
    "Syllable": "43",
    "Word": "10",
    "RDate": "20220410",
    "Aspects": [
      {
        "Aspect": "기능",
        "SentimentText": "장마와도 이불빨래 잘 건조되니 아무 걱정 없어요",
        "SentimentWord": "7",
        "SentimentPolarity": "1"
      },
      {
        "Aspect": "소음",
        "SentimentText": ".소리도 조용해서 너무 좋아요~",
        "SentimentWord": "4",
        "SentimentPolarity": "1"
      }
    ]
  },
  {
    "Index": "20132",
    "RawText": "부모님께 선물한 제품이 스팀기능이 없어서 아쉬워요. 리모콘이 있는건 장점 이네요. 제가 추천한 ㅇㅇㅇ건조기 사용이 만족스럽길 바래요!!",
    "Source": "쇼핑몰",
    "Domain": "가전",
    "MainCategory": "생활/미용/욕실가전",
    "ProductName": "트롬 LG전자 RH17WTLN",
    "ReviewScore": "5",
    "Syllable": "75",
    "Word": "16",
    "RDate": "20220524",
    "GeneralPolarity": "0",
    "Aspects": [
      {
        "Aspect": "기능",
        "SentimentText": "스팀기능이 없어서 아쉬워요",
        "SentimentWord": "3",
        "SentimentPolarity": "-1"
      },
      {
        "Aspect": "제품구성",
        "SentimentText": "리모콘이 있는건 장점 이네요",
        "SentimentWord": "4",
        "SentimentPolarity": "1"
      }
    ]
  },
  {
    "Index": "20133",
    "RawText": "기존ㅇㅇ 세탁기 위에 ㅇㅇㅇ건조기 설치해주셔서,직렬로 설치하니 세탁기 디자인과 깔끔하게 잘어울려요.휴대폰 앱과 연동해서  조절 가능해서 편리해요!!",
    "Source": "쇼핑몰",
    "Domain": "가전",
    "MainCategory": "생활/미용/욕실가전",
    "ProductName": "트롬 LG전자 RH17WTLN",
    "ReviewScore": "5",
    "Syllable": "82",
    "Word": "15",
    "RDate": "20220522",
    "GeneralPolarity": "1",
    "Aspects": [
      {
        "Aspect": "디자인",
        "SentimentText": "직렬로 설치하니 세탁기 디자인과 깔끔하게 잘어울려요.",
        "SentimentWord": "6",
        "SentimentPolarity": "1"
      },
      {
        "Aspect": "편의성",
        "SentimentText": "휴대폰 앱과 연동해서  조절 가능해서 편리해요!",
        "SentimentWord": "6",
        "SentimentPolarity": "1"
      }
    ]
  },
  {
    "Index": "20134",
    "RawText": "빨래가 잘 말라서 너무 좋아요.이불을  돌리기에도 용량이 넉넉하네요^^   먼지망 청소가 간단에서 편리해요",
    "Source": "쇼핑몰",
    "Domain": "가전",
    "MainCategory": "생활/미용/욕실가전",
    "ProductName": "트롬 LG전자 RH17WTLN",
    "ReviewScore": "5",
    "Syllable": "59",
    "Word": "12",
    "RDate": "20220221",
    "GeneralPolarity": "1",
    "Aspects": [
      {
        "Aspect": "기능",
        "SentimentText": "빨래가 잘 말라서 너무 좋아요.",
        "SentimentWord": "5",
        "SentimentPolarity": "1"
      },
      {
        "Aspect": "용량",
        "SentimentText": "이불을  돌리기에도 용량이 넉넉하네요^^",
        "SentimentWord": "4",
        "SentimentPolarity": "1"
      },
      {
        "Aspect": "편의성",
        "SentimentText": " 먼지망 청소가 간단에서 편리해요 ",
        "SentimentWord": "4",
        "SentimentPolarity": "1"
      }
    ]
  },
  {
    "Index": "20135",
    "RawText": "건조기가 있어 편하게 말릴 수 있어 좋아요 !! 세탁기 건조기 모두 ㅇㅇㅇ제품 좋습니다~ 최고!!!!",
    "Source": "쇼핑몰",
    "Domain": "가전",
    "MainCategory": "생활/미용/욕실가전",
    "ProductName": "트롬 LG전자 RH17WTLN",
    "ReviewScore": "5",
    "Syllable": "56",
    "Word": "14",
    "RDate": "20220624",
    "Aspects": [
      {
        "Aspect": "편의성",
        "SentimentText": "건조기가 있어 편하게 말릴 수 있어 좋아요 !!",
        "SentimentWord": "8",
        "SentimentPolarity": "1"
      },
      {
        "Aspect": "제조일/제조사",
        "SentimentText": "세탁기 건조기 모두 ㅇㅇㅇ제품 좋습니다~ 최고!!!!",
        "SentimentWord": "6",
        "SentimentPolarity": "1"
      }
    ]
  },
  {
    "Index": "20136",
    "RawText": "배송 2일정도로 빠르게 받아서 기뻐요^^ 지인이 권해서 대용량17킬로로 넉넉한 용량과 에너지소비효율1등급으로 전기세 걱정없는 맘편한 걸 선택 했구요. 가격마져 너~무 착해서 진심으로 추전해요!!",
    "Source": "쇼핑몰",
    "Domain": "가전",
    "MainCategory": "생활/미용/욕실가전",
    "ProductName": "트롬 LG전자 RH17WTLN",
    "ReviewScore": "5",
    "Syllable": "108",
    "Word": "22",
    "RDate": "20220225",
    "Aspects": [
      {
        "Aspect": "용량",
        "SentimentText": "대용량17킬로로 넉넉한 용량과",
        "SentimentWord": "3",
        "SentimentPolarity": "1"
      },
      {
        "Aspect": "소비전력",
        "SentimentText": "에너지소비효율1등급으로 전기세 걱정없는 맘편한 걸 선택 했구요. ",
        "SentimentWord": "7",
        "SentimentPolarity": "1"
      },
      {
        "Aspect": "가격",
        "SentimentText": "가격마져 너~무 착해서 진심으로 추전해요!!",
        "SentimentWord": "5",
        "SentimentPolarity": "1"
      }
    ]
  },
  {
    "Index": "20137",
    "RawText": "생각보다 건조시간이 오래걸려요....ㅜㅜ 가지고 있있던  ㅇㅇㅇ위에 사뿐히 올려보니 디자인이 잘 어울려서 깔끔하네요.",
    "Source": "쇼핑몰",
    "Domain": "가전",
    "MainCategory": "생활/미용/욕실가전",
    "ProductName": "트롬 LG전자 RH17WTLN",
    "ReviewScore": "5",
    "Syllable": "65",
    "Word": "12",
    "RDate": "20220106",
    "Aspects": [
      {
        "Aspect": "시간/속도",
        "SentimentText": "생각보다 건조시간이 오래걸려요....ㅜㅜ ",
        "SentimentWord": "3",
        "SentimentPolarity": "-1"
      },
      {
        "Aspect": "디자인",
        "SentimentText": " 디자인이 잘 어울려서 깔끔하네요. ",
        "SentimentWord": "4",
        "SentimentPolarity": "1"
      }
    ]
  },
  {
    "Index": "20139",
    "RawText": "직렬 설치 원했는데 추가 비용없이 친절하게 설치해주셨어요.두어번 써보니 성능이  좋아서 빨래가 뽀송뽀송하게 잘 마르네요.저렴한 가격으로 구매에서 기분이 좋아요.적극 추천해요!!",
    "Source": "쇼핑몰",
    "Domain": "가전",
    "MainCategory": "생활/미용/욕실가전",
    "ProductName": "트롬 LG전자 RH17WTLN",
    "ReviewScore": "5",
    "Syllable": "98",
    "Word": "19",
    "RDate": "20220626",
    "Aspects": [
      {
        "Aspect": "기능",
        "SentimentText": "두어번 써보니 성능이  좋아서 빨래가 뽀송뽀송하게 잘 마르네요",
        "SentimentWord": "8",
        "SentimentPolarity": "1"
      },
      {
        "Aspect": "가격",
        "SentimentText": "저렴한 가격으로 구매에서 기분이 좋아요.적극 추천해요!!",
        "SentimentWord": "6",
        "SentimentPolarity": "1"
      }
    ]
  },
  {
    "Index": "20140",
    "RawText": "가격대 저렴해서 짱 좋고요~  소음도 생각보다 적어서 만족해요^^",
    "Source": "쇼핑몰",
    "Domain": "가전",
    "MainCategory": "생활/미용/욕실가전",
    "ProductName": "트롬 LG전자 RH17WTLN",
    "ReviewScore": "5",
    "Syllable": "36",
    "Word": "8",
    "RDate": "20220606",
    "Aspects": [
      {
        "Aspect": "가격",
        "SentimentText": " 가격대 저렴해서 짱 좋고요~  ",
        "SentimentWord": "4",
        "SentimentPolarity": "1"
      },
      {
        "Aspect": "소음",
        "SentimentText": "소음도 생각보다 적어서 만족해요^^",
        "SentimentWord": "4",
        "SentimentPolarity": "1"
      }
    ]
  },
  {
    "Index": "20141",
    "RawText": "친절한 설치 감사해요^^생각보다  건조 용량이  크네요~뽀송하게 건조가 매우 잘되서 좋구요. 소음도 거의 없어서 아랫집에서 확인해보니 조용하더라구요.잘 사용 할께요~",
    "Source": "쇼핑몰",
    "Domain": "가전",
    "MainCategory": "생활/미용/욕실가전",
    "ProductName": "트롬 LG전자 RH17WTLN",
    "ReviewScore": "5",
    "Syllable": "92",
    "Word": "18",
    "RDate": "20220223",
    "Aspects": [
      {
        "Aspect": "용량",
        "SentimentText": "생각보다 건조 용량이 크네요~",
        "SentimentWord": "4",
        "SentimentPolarity": "1"
      },
      {
        "Aspect": "기능",
        "SentimentText": "뽀송하게 건조가 매우 잘되서 좋구요",
        "SentimentWord": "5",
        "SentimentPolarity": "1"
      },
      {
        "Aspect": "소음",
        "SentimentText": "소음도 거의 없어서 아랫집에서 확인해보니 조용하더라구요.",
        "SentimentWord": "6",
        "SentimentPolarity": "1"
      }
    ]
  },
  {
    "Index": "20142",
    "RawText": "이불빨래 자주하는편이고, 장마에 빨래 걱정 덜어보려고 구입 했어요. 이불털기와 작은 속옷들  건조가 잘되어 대 만족입니다.외부 소재가 싸구려 플라스틱 같아서 아쉽네요",
    "Source": "쇼핑몰",
    "Domain": "가전",
    "MainCategory": "생활/미용/욕실가전",
    "ProductName": "트롬 LG전자 RH17WTLN",
    "ReviewScore": "5",
    "Syllable": "92",
    "Word": "20",
    "RDate": "20220429",
    "GeneralPolarity": "0",
    "Aspects": [
      {
        "Aspect": "기능",
        "SentimentText": "이불털기와 작은 속옷들  건조가 잘되어 대 만족입니다.",
        "SentimentWord": "7",
        "SentimentPolarity": "1"
      },
      {
        "Aspect": "소재",
        "SentimentText": "외부 소재가 싸구려 플라스틱 같아서 아쉽네요",
        "SentimentWord": "6",
        "SentimentPolarity": "-1"
      }
    ]
  },
  {
    "Index": "20143",
    "RawText": "표준으로 건조할경우 2시간 이상 소요되서 쫌 시간이 많이 걸려요::::  건조기로 이불 건조 해보니 뽀숑뽀숑~너무나 좋습니다^^",
    "Source": "쇼핑몰",
    "Domain": "가전",
    "MainCategory": "생활/미용/욕실가전",
    "ProductName": "트롬 LG전자 RH17WTLN",
    "ReviewScore": "5",
    "Syllable": "71",
    "Word": "15",
    "RDate": "20220513",
    "Aspects": [
      {
        "Aspect": "시간/속도",
        "SentimentText": "표준으로 건조할경우 2시간 이상 소요되서 쫌 시간이 많이 걸려요:::: ",
        "SentimentWord": "9",
        "SentimentPolarity": "-1"
      },
      {
        "Aspect": "기능",
        "SentimentText": "건조기로 이불 건조 해보니 뽀숑뽀숑~너무나 좋습니다^^",
        "SentimentWord": "6",
        "SentimentPolarity": "1"
      }
    ]
  },
  {
    "Index": "20145",
    "RawText": "건조기 사용하니 빨래 말리기 편하네요. 기능 선택에따라서 살짝 덜 마르는 것은 별로지만, 건조되는 본래의 기능은  만족합니다!!",
    "Source": "쇼핑몰",
    "Domain": "가전",
    "MainCategory": "생활/미용/욕실가전",
    "ProductName": "트롬 LG전자 RH17WTLN",
    "ReviewScore": "5",
    "Syllable": "71",
    "Word": "16",
    "RDate": "20220615",
    "GeneralPolarity": "1",
    "Aspects": [
      {
        "Aspect": "편의성",
        "SentimentText": "건조기 사용하니 빨래 말리기 편하네요",
        "SentimentWord": "5",
        "SentimentPolarity": "1"
      },
      {
        "Aspect": "기능",
        "SentimentText": "기능 선택에따라서 살짝 덜 마르는 것은 별로지만",
        "SentimentWord": "7",
        "SentimentPolarity": "-1"
      },
      {
        "Aspect": "기능",
        "SentimentText": "건조되는 본래의 기능은  만족합니다!!",
        "SentimentWord": "4",
        "SentimentPolarity": "1"
      }
    ]
  }
]