[
  {
    "Index": "19376",
    "RawText": "배송도 엄청 빨라 놀랐네요 상품도 매우 만족했습니다. 퀄리티 짱입니다. 먼지가 왜 이렇게 잘 털리나 정말 놀랬어요. 겨울이라 더 사용하기 좋을것같아요",
    "Source": "쇼핑몰",
    "Domain": "가전",
    "MainCategory": "생활/미용/욕실가전",
    "ProductName": "그랑데 삼성전자 DV17T8520BP 본체",
    "ReviewScore": "5",
    "Syllable": "83",
    "Word": "20",
    "RDate": "20211117",
    "Aspects": [
      {
        "Aspect": "편의성",
        "SentimentText": "겨울이라 더 사용하기 좋을 것 같아요",
        "SentimentWord": "6",
        "SentimentPolarity": "1"
      },
      {
        "Aspect": "품질",
        "SentimentText": "상품도 매우 만족했습니다. 퀄리티 짱입니다.",
        "SentimentWord": "5",
        "SentimentPolarity": "1"
      },
      {
        "Aspect": "기능",
        "SentimentText": "먼지가 왜 이렇게 잘 털리나 정말 놀랬어요",
        "SentimentWord": "7",
        "SentimentPolarity": "1"
      }
    ]
  },
  {
    "Index": "19377",
    "RawText": "배송도 설치도 친절하고 빠르고 아주 만족해요 디자인도 실물 정말 이쁩니다  저렴하게 구매해서 정말 좋네요 망설이지말고 바로 구매하세요",
    "Source": "쇼핑몰",
    "Domain": "가전",
    "MainCategory": "생활/미용/욕실가전",
    "ProductName": "그랑데 삼성전자 DV17T8520BP 본체",
    "ReviewScore": "5",
    "Syllable": "74",
    "Word": "17",
    "RDate": "20220114",
    "Aspects": [
      {
        "Aspect": "디자인",
        "SentimentText": "디자인도 실물 정말 이쁩니다",
        "SentimentWord": "4",
        "SentimentPolarity": "1"
      },
      {
        "Aspect": "가격",
        "SentimentText": "저렴하게 구매해서 정말 좋네요",
        "SentimentWord": "4",
        "SentimentPolarity": "1"
      }
    ]
  },
  {
    "Index": "19378",
    "RawText": "생가보다 빠르게 건조되요~ 좋아요 ㅎ  하지만 사용하면서 생기는 발열감은 약간 아쉽네요ㅠ",
    "Source": "쇼핑몰",
    "Domain": "가전",
    "MainCategory": "생활/미용/욕실가전",
    "ProductName": "그랑데 삼성전자 DV17T8520BP 본체",
    "ReviewScore": "5",
    "Syllable": "49",
    "Word": "11",
    "RDate": "20211115",
    "Aspects": [
      {
        "Aspect": "시간/속도",
        "SentimentText": "생가보다 빠르게 건조되요~ 좋아요 ㅎ",
        "SentimentWord": "5",
        "SentimentPolarity": "1"
      },
      {
        "Aspect": "내구성",
        "SentimentText": "하지만 사용하면서 생기는 발열감은 약간 아쉽네요ㅠ",
        "SentimentWord": "6",
        "SentimentPolarity": "-1"
      }
    ]
  },
  {
    "Index": "19379",
    "RawText": "사용해보니 뽀송뽀송하니 너무너무 좋아요. 용량도 커서 많은 양이 들어가는게 만족스럽네요~~",
    "Source": "쇼핑몰",
    "Domain": "가전",
    "MainCategory": "생활/미용/욕실가전",
    "ProductName": "그랑데 삼성전자 DV17T8520BP 본체",
    "ReviewScore": "5",
    "Syllable": "50",
    "Word": "10",
    "RDate": "20220118",
    "Aspects": [
      {
        "Aspect": "기능",
        "SentimentText": "사용해보니 뽀송뽀송하니 너무너무 좋아요. ",
        "SentimentWord": "4",
        "SentimentPolarity": "1"
      },
      {
        "Aspect": "용량",
        "SentimentText": "용량도 커서 많은 양이 들어가는게 만족스럽네요~~",
        "SentimentWord": "6",
        "SentimentPolarity": "1"
      }
    ]
  },
  {
    "Index": "19380",
    "RawText": "배송 속도가 빨라서 좋았습니다ㅎㅎ 예상했던 것보다 소음도 적어서 좋았고요, 건조 후 빨래가 너무 뽀송해서 맘에 듭니다~~",
    "Source": "쇼핑몰",
    "Domain": "가전",
    "MainCategory": "생활/미용/욕실가전",
    "ProductName": "그랑데 삼성전자 DV17T8520BP 본체",
    "ReviewScore": "5",
    "Syllable": "67",
    "Word": "16",
    "RDate": "20220309",
    "Aspects": [
      {
        "Aspect": "소음",
        "SentimentText": "예상했던 것보다 소음도 적어서 좋았고요",
        "SentimentWord": "5",
        "SentimentPolarity": "1"
      },
      {
        "Aspect": "기능",
        "SentimentText": "건조 후 빨래가 너무 뽀송해서 맘에 듭니다~~",
        "SentimentWord": "7",
        "SentimentPolarity": "1"
      }
    ]
  },
  {
    "Index": "19381",
    "RawText": "쉬운 조작법으로 사용하기 넘 좋아요^^  짧은 시간 내에 건조되어서 최고네요~~~",
    "Source": "쇼핑몰",
    "Domain": "가전",
    "MainCategory": "생활/미용/욕실가전",
    "ProductName": "그랑데 삼성전자 DV17T8520BP 본체",
    "ReviewScore": "5",
    "Syllable": "45",
    "Word": "10",
    "RDate": "20220624",
    "Aspects": [
      {
        "Aspect": "조작성",
        "SentimentText": "쉬운 조작법으로 사용하기 넘 좋아요^^",
        "SentimentWord": "5",
        "SentimentPolarity": "1"
      },
      {
        "Aspect": "시간/속도",
        "SentimentText": "짧은 시간 내에 건조되어서 최고네요~~~",
        "SentimentWord": "5",
        "SentimentPolarity": "1"
      }
    ]
  },
  {
    "Index": "19382",
    "RawText": "생각보다 슬림해서 공간에 여유가 생겼네요 ㅎㅎ 사용해보니 소음은 약간 있네요ㅠ",
    "Source": "쇼핑몰",
    "Domain": "가전",
    "MainCategory": "생활/미용/욕실가전",
    "ProductName": "그랑데 삼성전자 DV17T8520BP 본체",
    "ReviewScore": "5",
    "Syllable": "43",
    "Word": "10",
    "RDate": "20220816",
    "Aspects": [
      {
        "Aspect": "사이즈",
        "SentimentText": "생각보다 슬림해서 공간에 여유가 생겼네요 ㅎㅎ ",
        "SentimentWord": "6",
        "SentimentPolarity": "1"
      },
      {
        "Aspect": "소음",
        "SentimentText": "사용해보니 소음은 약간 있네요ㅠ ",
        "SentimentWord": "4",
        "SentimentPolarity": "-1"
      }
    ]
  },
  {
    "Index": "19383",
    "RawText": "스마트싱스 연결이 되서  놀라웠어요굿~. 작동하면서 거슬리는 소음도 없어서 좋았어요",
    "Source": "쇼핑몰",
    "Domain": "가전",
    "MainCategory": "생활/미용/욕실가전",
    "ProductName": "그랑데 삼성전자 DV17T8520BP 본체",
    "ReviewScore": "5",
    "Syllable": "46",
    "Word": "9",
    "RDate": "20220710",
    "Aspects": [
      {
        "Aspect": "조작성",
        "SentimentText": "스마트싱스 연결이 되서  놀라웠어요굿~.",
        "SentimentWord": "4",
        "SentimentPolarity": "1"
      },
      {
        "Aspect": "소음",
        "SentimentText": "작동하면서 거슬리는 소음도 없어서 좋았어요",
        "SentimentWord": "5",
        "SentimentPolarity": "1"
      }
    ]
  },
  {
    "Index": "19384",
    "RawText": "소음이 엄청나네요 ㅠㅠ 그래도 착한 가격이라서 만족해요",
    "Source": "쇼핑몰",
    "Domain": "가전",
    "MainCategory": "생활/미용/욕실가전",
    "ProductName": "그랑데 삼성전자 DV17T8520BP 본체",
    "ReviewScore": "4",
    "Syllable": "30",
    "Word": "7",
    "RDate": "20220823",
    "Aspects": [
      {
        "Aspect": "소음",
        "SentimentText": "소음이 엄청나네요 ㅠㅠ ",
        "SentimentWord": "3",
        "SentimentPolarity": "-1"
      },
      {
        "Aspect": "가격",
        "SentimentText": "착한 가격이라서 만족해요",
        "SentimentWord": "3",
        "SentimentPolarity": "1"
      }
    ]
  },
  {
    "Index": "19385",
    "RawText": "가격이 내렸어요 ㅠㅠ 제가 살때보다 더......생각보다도  건조시간 오래걸리고요 ㅠㅠ",
    "Source": "쇼핑몰",
    "Domain": "가전",
    "MainCategory": "생활/미용/욕실가전",
    "ProductName": "그랑데 삼성전자 DV17T8520BP 본체",
    "ReviewScore": "1",
    "Syllable": "48",
    "Word": "9",
    "RDate": "20220308",
    "Aspects": [
      {
        "Aspect": "가격",
        "SentimentText": "가격이 내렸어요 ㅠㅠ 제가 살때보다 더......",
        "SentimentWord": "6",
        "SentimentPolarity": "-1"
      },
      {
        "Aspect": "시간/속도",
        "SentimentText": "생각보다도  건조시간 오래걸리고요 ㅠㅠ ",
        "SentimentWord": "4",
        "SentimentPolarity": "-1"
      }
    ]
  },
  {
    "Index": "19386",
    "RawText": "제품 퀄러티 나름 괜찮은듯.......  조작법이 복잡하지 않은 점이 만족스럽네요~~",
    "Source": "쇼핑몰",
    "Domain": "가전",
    "MainCategory": "생활/미용/욕실가전",
    "ProductName": "그랑데 삼성전자 DV17T8520BP 본체",
    "ReviewScore": "4",
    "Syllable": "47",
    "Word": "9",
    "RDate": "20220811",
    "Aspects": [
      {
        "Aspect": "품질",
        "SentimentText": "제품 퀄러티 나름 괜찮은듯.......  ",
        "SentimentWord": "4",
        "SentimentPolarity": "0"
      },
      {
        "Aspect": "조작성",
        "SentimentText": "조작법이 복잡하지 않은 점이 만족스럽네요~~",
        "SentimentWord": "5",
        "SentimentPolarity": "1"
      }
    ]
  },
  {
    "Index": "19387",
    "RawText": "사이즈가 넘무 크네요ㅠ 다용도실 공간에 여유가 없어요....   크기에 비해서 내부 용량은 충분한 것 같아서 맘에 듭니다",
    "Source": "쇼핑몰",
    "Domain": "가전",
    "MainCategory": "생활/미용/욕실가전",
    "ProductName": "그랑데 삼성전자 DV17T8520BP 본체",
    "ReviewScore": "5",
    "Syllable": "67",
    "Word": "16",
    "RDate": "20211116",
    "Aspects": [
      {
        "Aspect": "사이즈",
        "SentimentText": "사이즈가 넘무 크네요ㅠ 다용도실 공간에 여유가 없어요.... ",
        "SentimentWord": "7",
        "SentimentPolarity": "-1"
      },
      {
        "Aspect": "용량",
        "SentimentText": "크기에 비해서 내부 용량은 충분한 것 같아서 맘에 듭니다",
        "SentimentWord": "9",
        "SentimentPolarity": "1"
      }
    ]
  },
  {
    "Index": "19388",
    "RawText": "배송은 빠르게 왔고, 기사님께서 배송 전 확인연락도 주시고 친절하게 설치 진행해주셔서 감사했어요^^ 포장상태도 꼼꼼해서 만족스러웠고요~~ 가격이 비싸서 망설였는데 품질이 좋아 만족해요. 사이즈가 생각보다는 컸지만 듬짐하고 좋아요.",
    "Source": "쇼핑몰",
    "Domain": "가전",
    "MainCategory": "생활/미용/욕실가전",
    "ProductName": "그랑데 삼성전자 DV17T8520BP 본체",
    "ReviewScore": "5",
    "Syllable": "128",
    "Word": "26",
    "RDate": "20220716",
    "Aspects": [
      {
        "Aspect": "품질",
        "SentimentText": "가격이 비싸서 망설였는데 품질이 좋아 만족해요.",
        "SentimentWord": "6",
        "SentimentPolarity": "1"
      },
      {
        "Aspect": "사이즈",
        "SentimentText": "사이즈가 생각보다는 컸지만 듬짐하고 좋아요.",
        "SentimentWord": "5",
        "SentimentPolarity": "1"
      }
    ]
  },
  {
    "Index": "19389",
    "RawText": "작동할때 시끄럽네요::: ㅠㅠ 그래도 건조기 사용해보니 정말 편하네요~~",
    "Source": "쇼핑몰",
    "Domain": "가전",
    "MainCategory": "생활/미용/욕실가전",
    "ProductName": "그랑데 삼성전자 DV17T8520BP 본체",
    "ReviewScore": "5",
    "Syllable": "40",
    "Word": "8",
    "RDate": "20220815",
    "Aspects": [
      {
        "Aspect": "소음",
        "SentimentText": "작동할때 시끄럽네요::: ㅠㅠ",
        "SentimentWord": "3",
        "SentimentPolarity": "-1"
      },
      {
        "Aspect": "편의성",
        "SentimentText": "그래도 건조기 사용해보니 정말 편하네요~~",
        "SentimentWord": "5",
        "SentimentPolarity": "1"
      }
    ]
  },
  {
    "Index": "19390",
    "RawText": "건조시간이 세탁시간보다 더 길어서 좀 아쉬웠지만 그래도 건조기능 너무 좋네요~",
    "Source": "쇼핑몰",
    "Domain": "가전",
    "MainCategory": "생활/미용/욕실가전",
    "ProductName": "그랑데 삼성전자 DV17T8520BP 본체",
    "ReviewScore": "5",
    "Syllable": "43",
    "Word": "10",
    "RDate": "20220412",
    "Aspects": [
      {
        "Aspect": "기능",
        "SentimentText": "건조기능 너무 좋네요~",
        "SentimentWord": "3",
        "SentimentPolarity": "1"
      },
      {
        "Aspect": "시간/속도",
        "SentimentText": "건조시간이 세탁시간보다 더 길어서 좀 아쉬웠지만 ",
        "SentimentWord": "6",
        "SentimentPolarity": "0"
      }
    ]
  },
  {
    "Index": "19391",
    "RawText": "진짜 건조기에 이불털기기능 최고예요!!용량이 넉넉해서 이불건조도 충분하네요^^",
    "Source": "쇼핑몰",
    "Domain": "가전",
    "MainCategory": "생활/미용/욕실가전",
    "ProductName": "그랑데 삼성전자 DV17T8520BP 본체",
    "ReviewScore": "5",
    "Syllable": "43",
    "Word": "7",
    "RDate": "20220223",
    "Aspects": [
      {
        "Aspect": "기능",
        "SentimentText": "진짜 건조기에 이불털기기능 최고예요!!",
        "SentimentWord": "4",
        "SentimentPolarity": "1"
      },
      {
        "Aspect": "용량",
        "SentimentText": "용량이 넉넉해서 이불건조도 충분하네요^^",
        "SentimentWord": "4",
        "SentimentPolarity": "1"
      }
    ]
  },
  {
    "Index": "19392",
    "RawText": "제품 품질 만족도 최고입니다~^^ 색상도 깔끔해서 맘에 드네요ㅎㅎ",
    "Source": "쇼핑몰",
    "Domain": "가전",
    "MainCategory": "생활/미용/욕실가전",
    "ProductName": "그랑데 삼성전자 DV17T8520BP 본체",
    "ReviewScore": "5",
    "Syllable": "36",
    "Word": "8",
    "RDate": "20211207",
    "Aspects": [
      {
        "Aspect": "품질",
        "SentimentText": "제품 품질 만족도 최고입니다~^^ ",
        "SentimentWord": "4",
        "SentimentPolarity": "1"
      },
      {
        "Aspect": "색상",
        "SentimentText": " 색상도 깔끔해서 맘에 드네요ㅎㅎ",
        "SentimentWord": "4",
        "SentimentPolarity": "1"
      }
    ]
  },
  {
    "Index": "19393",
    "RawText": "배송은 약간 별로라서 좀 실망했네요ㅠ 사용해보니 예상보다 좀 더 긴 시간이 걸리는 것 같아 아쉬웠구요.. 그래도 먼지제거도 되고 완벽히 건조되는 것 같아 만족스럽더라고요~~ 다만 소음은 꽤 큰편인 것 같습니다 ㅠㅠ",
    "Source": "쇼핑몰",
    "Domain": "가전",
    "MainCategory": "생활/미용/욕실가전",
    "ProductName": "그랑데 삼성전자 DV17T8520BP 본체",
    "ReviewScore": "5",
    "Syllable": "119",
    "Word": "30",
    "RDate": "20211124",
    "Aspects": [
      {
        "Aspect": "시간/속도",
        "SentimentText": "사용해보니 예상보다 좀 더 긴 시간이 걸리는 것 같아 아쉬웠구요.. ",
        "SentimentWord": "10",
        "SentimentPolarity": "-1"
      },
      {
        "Aspect": "기능",
        "SentimentText": "그래도 먼지제거도 되고 완벽히 건조되는 것 같아 만족스럽더라고요~~",
        "SentimentWord": "8",
        "SentimentPolarity": "1"
      },
      {
        "Aspect": "소음",
        "SentimentText": "다만 소음은 꽤 큰편인 것 같습니다 ㅠㅠ",
        "SentimentWord": "7",
        "SentimentPolarity": "-1"
      }
    ]
  },
  {
    "Index": "19394",
    "RawText": "배송도 원하는 날짜에 잘 와서 좋았고~~ 사용해보니 옷이 뽀송해진게 성능은 최고입니다^^ 소음도 그닥 거슬리지 않았고요!",
    "Source": "쇼핑몰",
    "Domain": "가전",
    "MainCategory": "생활/미용/욕실가전",
    "ProductName": "그랑데 삼성전자 DV17T8520BP 본체",
    "ReviewScore": "5",
    "Syllable": "67",
    "Word": "15",
    "RDate": "20211130",
    "Aspects": [
      {
        "Aspect": "기능",
        "SentimentText": "사용해보니 옷이 뽀송해진게 성능은 최고입니다^^",
        "SentimentWord": "5",
        "SentimentPolarity": "1"
      },
      {
        "Aspect": "소음",
        "SentimentText": "소음도 그닥 거슬리지 않았고요!",
        "SentimentWord": "4",
        "SentimentPolarity": "1"
      }
    ]
  },
  {
    "Index": "19395",
    "RawText": "배송속도 마음에 쏙 들었습니다~! 사용해보니 성능도 최고!! 자동설정이라서 시작버튼만 누르면 다 되는게 너무 편리하구요~~ 디자인도 정말이쁘네요!!",
    "Source": "쇼핑몰",
    "Domain": "가전",
    "MainCategory": "생활/미용/욕실가전",
    "ProductName": "그랑데 삼성전자 DV17T8520BP 본체",
    "ReviewScore": "5",
    "Syllable": "82",
    "Word": "16",
    "RDate": "20211120",
    "Aspects": [
      {
        "Aspect": "기능",
        "SentimentText": "사용해보니 성능도 최고!! ",
        "SentimentWord": "3",
        "SentimentPolarity": "1"
      },
      {
        "Aspect": "조작성",
        "SentimentText": "자동설정이라서 시작버튼만 누르면 다 되는게 너무 편리하구요~~ ",
        "SentimentWord": "7",
        "SentimentPolarity": "1"
      },
      {
        "Aspect": "디자인",
        "SentimentText": "디자인도 정말이쁘네요!!",
        "SentimentWord": "2",
        "SentimentPolarity": "1"
      }
    ]
  },
  {
    "Index": "19396",
    "RawText": "용량도 이왕사는거 젤큰거 17키로로 샀는데정말 잘샀다 생각이들어요 대만족!! 에너지효율도 좋아 만족!!",
    "Source": "쇼핑몰",
    "Domain": "가전",
    "MainCategory": "생활/미용/욕실가전",
    "ProductName": "그랑데 삼성전자 DV17T8520BP 본체",
    "ReviewScore": "5",
    "Syllable": "57",
    "Word": "11",
    "RDate": "20220615",
    "Aspects": [
      {
        "Aspect": "용량",
        "SentimentText": "용량도 이왕사는거 젤큰거 17키로로 샀는데정말 잘샀다 생각이들어요 대만족!!",
        "SentimentWord": "8",
        "SentimentPolarity": "1"
      },
      {
        "Aspect": "소비전력",
        "SentimentText": "에너지효율도 좋아 만족!!",
        "SentimentWord": "3",
        "SentimentPolarity": "1"
      }
    ]
  },
  {
    "Index": "19397",
    "RawText": "사용시 열감이 많이 느껴져요::::  ㅠㅠ 하지만 사용해보니 빠른 시간 내에 건조되는게 너무 좋습니다!!",
    "Source": "쇼핑몰",
    "Domain": "가전",
    "MainCategory": "생활/미용/욕실가전",
    "ProductName": "그랑데 삼성전자 DV17T8520BP 본체",
    "ReviewScore": "5",
    "Syllable": "58",
    "Word": "13",
    "RDate": "20220407",
    "Aspects": [
      {
        "Aspect": "내구성",
        "SentimentText": "사용시 열감이 많이 느껴져요::::  ㅠㅠ ",
        "SentimentWord": "5",
        "SentimentPolarity": "-1"
      },
      {
        "Aspect": "시간/속도",
        "SentimentText": "하지만 사용해보니 빠른 시간 내에 건조되는게 너무 좋습니다!!",
        "SentimentWord": "8",
        "SentimentPolarity": "1"
      }
    ]
  },
  {
    "Index": "19398",
    "RawText": "소음도 걱정 안해도 될 정도로 조용해서 굿! 사용해보니 빠른 시간 내에 뽀송뽀송해지는게 최고네요^^",
    "Source": "쇼핑몰",
    "Domain": "가전",
    "MainCategory": "생활/미용/욕실가전",
    "ProductName": "그랑데 삼성전자 DV17T8520BP 본체",
    "ReviewScore": "5",
    "Syllable": "55",
    "Word": "13",
    "RDate": "20220313",
    "Aspects": [
      {
        "Aspect": "소음",
        "SentimentText": "소음도 걱정 안해도 될 정도로 조용해서 굿!",
        "SentimentWord": "7",
        "SentimentPolarity": "1"
      },
      {
        "Aspect": "시간/속도",
        "SentimentText": "사용해보니 빠른 시간 내에 뽀송뽀송해지는게 최고네요^^",
        "SentimentWord": "6",
        "SentimentPolarity": "1"
      }
    ]
  },
  {
    "Index": "19400",
    "RawText": "가격에 비해 좋은 기능이 있는 가성비 갑!! 품질 좋은 상품이에요~~굿!!",
    "Source": "쇼핑몰",
    "Domain": "가전",
    "MainCategory": "생활/미용/욕실가전",
    "ProductName": "그랑데 삼성전자 DV17T8520BP 본체",
    "ReviewScore": "5",
    "Syllable": "41",
    "Word": "10",
    "RDate": "20220211",
    "Aspects": [
      {
        "Aspect": "품질",
        "SentimentText": " 품질 좋은 상품이에요~~굿!!",
        "SentimentWord": "3",
        "SentimentPolarity": "1"
      },
      {
        "Aspect": "가격",
        "SentimentText": "가격에 비해 좋은 기능이 있는 가성비 갑!! ",
        "SentimentWord": "7",
        "SentimentPolarity": "1"
      }
    ]
  },
  {
    "Index": "19401",
    "RawText": "정말 빠르고 스피드하게 건조되어 만족~ 크기가 적당해서 공간을 효율적으로 쓸 수 있는 점도 만족스럽고요~~",
    "Source": "쇼핑몰",
    "Domain": "가전",
    "MainCategory": "생활/미용/욕실가전",
    "ProductName": "그랑데 삼성전자 DV17T8520BP 본체",
    "ReviewScore": "5",
    "Syllable": "59",
    "Word": "14",
    "RDate": "20220223",
    "Aspects": [
      {
        "Aspect": "시간/속도",
        "SentimentText": "정말 빠르고 스피드하게 건조되어 만족~",
        "SentimentWord": "5",
        "SentimentPolarity": "1"
      },
      {
        "Aspect": "사이즈",
        "SentimentText": "크기가 적당해서 공간을 효율적으로 쓸 수 있는 점도 만족스럽고요~~",
        "SentimentWord": "9",
        "SentimentPolarity": "1"
      }
    ]
  },
  {
    "Index": "19402",
    "RawText": "건조기 날씨가 흐리든 습하든 내가 필요한 날 망설이지 않고 빨래를 할 수 있다는게 정말 편하네요~  에너지등급도 좋다고 해서 더욱 만족했고요^^",
    "Source": "쇼핑몰",
    "Domain": "가전",
    "MainCategory": "생활/미용/욕실가전",
    "ProductName": "그랑데 삼성전자 DV17T8520BP 본체",
    "ReviewScore": "5",
    "Syllable": "80",
    "Word": "20",
    "RDate": "20220221",
    "Aspects": [
      {
        "Aspect": "편의성",
        "SentimentText": "건조기 날씨가 흐리든 습하든 내가 필요한 날 망설이지 않고 빨래를 할 수 있다는게 정말 편하네요~ ",
        "SentimentWord": "15",
        "SentimentPolarity": "1"
      },
      {
        "Aspect": "소비전력",
        "SentimentText": "에너지등급도 좋다고 해서 더욱 만족했고요^^",
        "SentimentWord": "5",
        "SentimentPolarity": "1"
      }
    ]
  },
  {
    "Index": "19403",
    "RawText": "좋은 상품 저렴하게 구매해서 기분좋습니다~~서비스도 너무 만족스러워서 역시 OO이 최고라고 생각했네요^^",
    "Source": "쇼핑몰",
    "Domain": "가전",
    "MainCategory": "생활/미용/욕실가전",
    "ProductName": "그랑데 삼성전자 DV17T8520BP 본체",
    "ReviewScore": "5",
    "Syllable": "58",
    "Word": "11",
    "RDate": "20220217",
    "Aspects": [
      {
        "Aspect": "가격",
        "SentimentText": "좋은 상품 저렴하게 구매해서 기분좋습니다~",
        "SentimentWord": "5",
        "SentimentPolarity": "1"
      },
      {
        "Aspect": "제조일/제조사",
        "SentimentText": "역시 OO이 최고라고 생각했네요^^",
        "SentimentWord": "4",
        "SentimentPolarity": "1"
      }
    ]
  },
  {
    "Index": "19404",
    "RawText": "사용해보니 성능 정말 좋네요~~ 세일할 때 저렴하게 구매해서 더욱 기분이 좋습니다^^",
    "Source": "쇼핑몰",
    "Domain": "가전",
    "MainCategory": "생활/미용/욕실가전",
    "ProductName": "그랑데 삼성전자 DV17T8520BP 본체",
    "ReviewScore": "5",
    "Syllable": "47",
    "Word": "11",
    "RDate": "20220221",
    "GeneralPolarity": "1",
    "Aspects": [
      {
        "Aspect": "기능",
        "SentimentText": "사용해보니 성능 정말 좋네요~~ ",
        "SentimentWord": "4",
        "SentimentPolarity": "1"
      },
      {
        "Aspect": "가격",
        "SentimentText": "세일할 때 저렴하게 구매해서 더욱 기분이 좋습니다^^",
        "SentimentWord": "7",
        "SentimentPolarity": "1"
      }
    ]
  },
  {
    "Index": "19405",
    "RawText": "소음도 적어서 좋고요 용량이 넉넉해서 많은양이 다 들어가는 것도 최고!! 설치 기사님들도 친절하게 잘해주셔서 만족했습니다^^",
    "Source": "쇼핑몰",
    "Domain": "가전",
    "MainCategory": "생활/미용/욕실가전",
    "ProductName": "그랑데 삼성전자 DV17T8520BP 본체",
    "ReviewScore": "5",
    "Syllable": "69",
    "Word": "15",
    "RDate": "20220718",
    "Aspects": [
      {
        "Aspect": "소음",
        "SentimentText": "소음도 적어서 좋고요 ",
        "SentimentWord": "3",
        "SentimentPolarity": "1"
      },
      {
        "Aspect": "용량",
        "SentimentText": "용량이 넉넉해서 많은양이 다 들어가는 것도 최고!!",
        "SentimentWord": "7",
        "SentimentPolarity": "1"
      }
    ]
  },
  {
    "Index": "19406",
    "RawText": "기간한정이라고 해서 급하게 구입했는데 멘붕.... 가격인하...그후에서 계속해서 변동하는 가격... 하지만 다양한 기능들은 만족스러워요~",
    "Source": "쇼핑몰",
    "Domain": "가전",
    "MainCategory": "생활/미용/욕실가전",
    "ProductName": "그랑데 삼성전자 DV17T8520BP 본체",
    "ReviewScore": "4",
    "Syllable": "76",
    "Word": "13",
    "RDate": "20220812",
    "Aspects": [
      {
        "Aspect": "가격",
        "SentimentText": "기간한정이라고 해서 급하게 구입했는데 멘붕.... 가격인하...그후에서 계속해서 변동하는 가격...",
        "SentimentWord": "9",
        "SentimentPolarity": "-1"
      },
      {
        "Aspect": "기능",
        "SentimentText": "다양한 기능들은 만족스러워요~",
        "SentimentWord": "3",
        "SentimentPolarity": "1"
      }
    ]
  },
  {
    "Index": "19407",
    "RawText": "부모님선물로 며칠 써봤는데 부모님이 세상 편하다고 너무 좋아하셨어요^^뽀송하게 잘 마르고 옷감도 안상한다고 하시네요 만족합니다!!",
    "Source": "쇼핑몰",
    "Domain": "가전",
    "MainCategory": "생활/미용/욕실가전",
    "ProductName": "그랑데 삼성전자 DV17T8520BP 본체",
    "ReviewScore": "5",
    "Syllable": "72",
    "Word": "14",
    "RDate": "20211229",
    "GeneralPolarity": "1",
    "Aspects": [
      {
        "Aspect": "편의성",
        "SentimentText": "부모님이 세상 편하다고 너무 좋아하셨어요^^",
        "SentimentWord": "5",
        "SentimentPolarity": "1"
      },
      {
        "Aspect": "기능",
        "SentimentText": "뽀송하게 잘 마르고 옷감도 안상한다고 하시네요 만족합니다!!",
        "SentimentWord": "7",
        "SentimentPolarity": "1"
      }
    ]
  },
  {
    "Index": "19408",
    "RawText": "용량이 넉넉해서 이불까지 들어가니 만족도 최상입니다^^ 사용해보니 빨래감들이 뽀송해져서 너무 좋고요!!",
    "Source": "쇼핑몰",
    "Domain": "가전",
    "MainCategory": "생활/미용/욕실가전",
    "ProductName": "그랑데 삼성전자 DV17T8520BP 본체",
    "ReviewScore": "5",
    "Syllable": "57",
    "Word": "11",
    "RDate": "20220318",
    "GeneralPolarity": "1",
    "Aspects": [
      {
        "Aspect": "용량",
        "SentimentText": "용량이 넉넉해서 이불까지 들어가니 만족도 최상입니다^^",
        "SentimentWord": "6",
        "SentimentPolarity": "1"
      },
      {
        "Aspect": "기능",
        "SentimentText": "사용해보니 빨래감들이 뽀송해져서 너무 좋고요!!",
        "SentimentWord": "5",
        "SentimentPolarity": "1"
      }
    ]
  },
  {
    "Index": "19409",
    "RawText": "착한가격에 구매해서 기분 좋았습니다ㅎ 색상도 세련된 색이라 만족도 최고네요!",
    "Source": "쇼핑몰",
    "Domain": "가전",
    "MainCategory": "생활/미용/욕실가전",
    "ProductName": "그랑데 삼성전자 DV17T8520BP 본체",
    "ReviewScore": "5",
    "Syllable": "42",
    "Word": "9",
    "RDate": "20220701",
    "GeneralPolarity": "1",
    "Aspects": [
      {
        "Aspect": "가격",
        "SentimentText": "착한가격에 구매해서 기분 좋았습니다ㅎ ",
        "SentimentWord": "4",
        "SentimentPolarity": "1"
      },
      {
        "Aspect": "색상",
        "SentimentText": " 색상도 세련된 색이라 만족도 최고네요!",
        "SentimentWord": "5",
        "SentimentPolarity": "1"
      }
    ]
  },
  {
    "Index": "19410",
    "RawText": "빨래 옷감들 손상없이 뽀송하게 나와서 너무 좋네요~  OO건조기~역시는 역시네요!",
    "Source": "쇼핑몰",
    "Domain": "가전",
    "MainCategory": "생활/미용/욕실가전",
    "ProductName": "그랑데 삼성전자 DV17T8520BP 본체",
    "ReviewScore": "5",
    "Syllable": "45",
    "Word": "9",
    "RDate": "20220706",
    "Aspects": [
      {
        "Aspect": "기능",
        "SentimentText": "빨래 옷감들 손상없이 뽀송하게 나와서 너무 좋네요",
        "SentimentWord": "7",
        "SentimentPolarity": "1"
      },
      {
        "Aspect": "제조일/제조사",
        "SentimentText": " OO건조기~역시는 역시네요!",
        "SentimentWord": "2",
        "SentimentPolarity": "1"
      }
    ]
  },
  {
    "Index": "19411",
    "RawText": "처음 사용해서 그런지 약간 냄새가 나는 점이 좀,, 거슬리네요ㅠ 하지만 용량이 넉넉한 점은 좋아요~~~",
    "Source": "쇼핑몰",
    "Domain": "가전",
    "MainCategory": "생활/미용/욕실가전",
    "ProductName": "그랑데 삼성전자 DV17T8520BP 본체",
    "ReviewScore": "5",
    "Syllable": "57",
    "Word": "14",
    "RDate": "20220207",
    "GeneralPolarity": "0",
    "Aspects": [
      {
        "Aspect": "품질",
        "SentimentText": "처음 사용해서 그런지 약간 냄새가 나는 점이 좀,, 거슬리네요ㅠ ",
        "SentimentWord": "9",
        "SentimentPolarity": "-1"
      },
      {
        "Aspect": "용량",
        "SentimentText": "하지만 용량이 넉넉한 점은 좋아요~~~",
        "SentimentWord": "5",
        "SentimentPolarity": "1"
      }
    ]
  },
  {
    "Index": "19412",
    "RawText": "사용해보니 먼지가 깔끔하게 제거되어서 좋습니다! 색상도 깔끔해서 인테리어적으로도 만족스럽고요^^",
    "Source": "쇼핑몰",
    "Domain": "가전",
    "MainCategory": "생활/미용/욕실가전",
    "ProductName": "그랑데 삼성전자 DV17T8520BP 본체",
    "ReviewScore": "5",
    "Syllable": "53",
    "Word": "9",
    "RDate": "20211205",
    "GeneralPolarity": "1",
    "Aspects": [
      {
        "Aspect": "기능",
        "SentimentText": "사용해보니 먼지가 깔끔하게 제거되어서 좋습니다!",
        "SentimentWord": "5",
        "SentimentPolarity": "1"
      },
      {
        "Aspect": "색상",
        "SentimentText": "색상도 깔끔해서 인테리어적으로도 만족스럽고요^^",
        "SentimentWord": "4",
        "SentimentPolarity": "1"
      }
    ]
  },
  {
    "Index": "19413",
    "RawText": "AI기능으로 건조하니 너무 편리했어요~~건조시간도 생각보다 짧아서 넘 굿굿!!!",
    "Source": "쇼핑몰",
    "Domain": "가전",
    "MainCategory": "생활/미용/욕실가전",
    "ProductName": "그랑데 삼성전자 DV17T8520BP 본체",
    "ReviewScore": "5",
    "Syllable": "44",
    "Word": "8",
    "RDate": "20211114",
    "GeneralPolarity": "1",
    "Aspects": [
      {
        "Aspect": "편의성",
        "SentimentText": "AI기능으로 건조하니 너무 편리했어요~~",
        "SentimentWord": "4",
        "SentimentPolarity": "1"
      },
      {
        "Aspect": "시간/속도",
        "SentimentText": "건조시간도 생각보다 짧아서 넘 굿굿!!!",
        "SentimentWord": "5",
        "SentimentPolarity": "1"
      }
    ]
  },
  {
    "Index": "19414",
    "RawText": "생각보다 짧은 시간에 건조되는게 넘 최고네요^^ 용량이 커서 많은 빨래 문제없어요 ㅎㅎ",
    "Source": "쇼핑몰",
    "Domain": "가전",
    "MainCategory": "생활/미용/욕실가전",
    "ProductName": "그랑데 삼성전자 DV17T8520BP 본체",
    "ReviewScore": "5",
    "Syllable": "48",
    "Word": "12",
    "RDate": "20211204",
    "Aspects": [
      {
        "Aspect": "시간/속도",
        "SentimentText": "생각보다 짧은 시간에 건조되는게 넘 최고네요^^",
        "SentimentWord": "6",
        "SentimentPolarity": "1"
      },
      {
        "Aspect": "용량",
        "SentimentText": "용량이 커서 많은 빨래 문제없어요 ㅎㅎ",
        "SentimentWord": "6",
        "SentimentPolarity": "1"
      }
    ]
  },
  {
    "Index": "19415",
    "RawText": "내부 용량이 커서 이불건조도 되니까 넘 좋아요! 엄청 자주 사용하는데 전기세도 생각보다 적게 나오는 것 같아 만족스러워요~~",
    "Source": "쇼핑몰",
    "Domain": "가전",
    "MainCategory": "생활/미용/욕실가전",
    "ProductName": "그랑데 삼성전자 DV17T8520BP 본체",
    "ReviewScore": "5",
    "Syllable": "69",
    "Word": "17",
    "RDate": "20220122",
    "GeneralPolarity": "1",
    "Aspects": [
      {
        "Aspect": "용량",
        "SentimentText": "내부 용량이 커서 이불건조도 되니까 넘 좋아요!",
        "SentimentWord": "7",
        "SentimentPolarity": "1"
      },
      {
        "Aspect": "소비전력",
        "SentimentText": "엄청 자주 사용하는데 전기세도 생각보다 적게 나오는 것 같아 만족스러워요~~",
        "SentimentWord": "10",
        "SentimentPolarity": "1"
      }
    ]
  },
  {
    "Index": "19416",
    "RawText": "이불털기 기능이 매우좋구요 . 덕분에 뽀송한 이불을 매일 덮구 자구요!!  색상도 이쁘고 넘넘 맘에 드네요 ㅎㅎ",
    "Source": "쇼핑몰",
    "Domain": "가전",
    "MainCategory": "생활/미용/욕실가전",
    "ProductName": "그랑데 삼성전자 DV17T8520BP 본체",
    "ReviewScore": "5",
    "Syllable": "62",
    "Word": "16",
    "RDate": "20211202",
    "Aspects": [
      {
        "Aspect": "기능",
        "SentimentText": "이불털기 기능이 매우좋구요 . 덕분에 뽀송한 이불을 매일 덮구 자구요!! ",
        "SentimentWord": "10",
        "SentimentPolarity": "1"
      },
      {
        "Aspect": "색상",
        "SentimentText": "색상도 이쁘고 넘넘 맘에 드네요 ㅎㅎ",
        "SentimentWord": "6",
        "SentimentPolarity": "1"
      }
    ]
  },
  {
    "Index": "19417",
    "RawText": "저렴한 가격에 구매할수 있어 너무 감사했고요^^ 건조기 용량이 예상보다 커서 더 좋아요~~",
    "Source": "쇼핑몰",
    "Domain": "가전",
    "MainCategory": "생활/미용/욕실가전",
    "ProductName": "그랑데 삼성전자 DV17T8520BP 본체",
    "ReviewScore": "5",
    "Syllable": "50",
    "Word": "12",
    "RDate": "20220225",
    "Aspects": [
      {
        "Aspect": "가격",
        "SentimentText": "저렴한 가격에 구매할수 있어 너무 감사했고요^^",
        "SentimentWord": "6",
        "SentimentPolarity": "1"
      },
      {
        "Aspect": "용량",
        "SentimentText": "건조기 용량이 예상보다 커서 더 좋아요~~",
        "SentimentWord": "6",
        "SentimentPolarity": "1"
      }
    ]
  },
  {
    "Index": "19418",
    "RawText": "실버색상 너무 고급스러워서 이쁘네요~~^^ 그리고 에너지효율 1등급이라 더 믿음이 갑니다~~~",
    "Source": "쇼핑몰",
    "Domain": "가전",
    "MainCategory": "생활/미용/욕실가전",
    "ProductName": "그랑데 삼성전자 DV17T8520BP 본체",
    "ReviewScore": "5",
    "Syllable": "52",
    "Word": "10",
    "RDate": "20220228",
    "Aspects": [
      {
        "Aspect": "색상",
        "SentimentText": "실버색상 너무 고급스러워서 이쁘네요~~^^",
        "SentimentWord": "4",
        "SentimentPolarity": "1"
      },
      {
        "Aspect": "소비전력",
        "SentimentText": "그리고 에너지효율 1등급이라 더 믿음이 갑니다~~~",
        "SentimentWord": "6",
        "SentimentPolarity": "1"
      }
    ]
  },
  {
    "Index": "19419",
    "RawText": "OOO건조기 역시 좋아요. 가성비가 너무 좋아서 구매해봤는데 제품 색상 맘에 들고 설치도 완전 빠르네요.",
    "Source": "쇼핑몰",
    "Domain": "가전",
    "MainCategory": "생활/미용/욕실가전",
    "ProductName": "그랑데 삼성전자 DV17T8520BP 본체",
    "ReviewScore": "5",
    "Syllable": "58",
    "Word": "14",
    "RDate": "20220726",
    "Aspects": [
      {
        "Aspect": "제조일/제조사",
        "SentimentText": "OOO건조기 역시 좋아요.",
        "SentimentWord": "3",
        "SentimentPolarity": "1"
      },
      {
        "Aspect": "가격",
        "SentimentText": "가성비가 너무 좋아서",
        "SentimentWord": "3",
        "SentimentPolarity": "1"
      },
      {
        "Aspect": "색상",
        "SentimentText": "제품 색상 맘에 들고",
        "SentimentWord": "4",
        "SentimentPolarity": "1"
      }
    ]
  },
  {
    "Index": "19420",
    "RawText": "역시 OO건조기 실망시키지 않네요~~~ 디자인 너무 예뻐서 맘에 쏙 들어요!!!!!",
    "Source": "쇼핑몰",
    "Domain": "가전",
    "MainCategory": "생활/미용/욕실가전",
    "ProductName": "그랑데 삼성전자 DV17T8520BP 본체",
    "ReviewScore": "5",
    "Syllable": "46",
    "Word": "10",
    "RDate": "20220823",
    "GeneralPolarity": "1",
    "Aspects": [
      {
        "Aspect": "제조일/제조사",
        "SentimentText": "역시 OO건조기 실망시키지 않네요~~~ ",
        "SentimentWord": "4",
        "SentimentPolarity": "1"
      },
      {
        "Aspect": "디자인",
        "SentimentText": " 디자인 너무 예뻐서 맘에 쏙 들어요!!!!!",
        "SentimentWord": "6",
        "SentimentPolarity": "1"
      }
    ]
  },
  {
    "Index": "19422",
    "RawText": "리모컨도 있어서 너무 좋네요~~~ 역시 OO제품 사길 잘했네요^^",
    "Source": "쇼핑몰",
    "Domain": "가전",
    "MainCategory": "생활/미용/욕실가전",
    "ProductName": "그랑데 삼성전자 DV17T8520BP 본체",
    "ReviewScore": "5",
    "Syllable": "36",
    "Word": "8",
    "RDate": "20220315",
    "GeneralPolarity": "1",
    "Aspects": [
      {
        "Aspect": "제품구성",
        "SentimentText": "리모컨도 있어서 너무 좋네요~~~",
        "SentimentWord": "4",
        "SentimentPolarity": "1"
      },
      {
        "Aspect": "제조일/제조사",
        "SentimentText": " 역시 OO제품 사길 잘했네요^^",
        "SentimentWord": "4",
        "SentimentPolarity": "1"
      }
    ]
  },
  {
    "Index": "19423",
    "RawText": "배송 너무 빨리왔네요~~~ 아쉬운점은 포장 상자를 열어 확인해보니 제품 모서리에 약간의 스크래치가 있었어요ㅠ 그래도 착한 가격에 구입한 것 같아 기분은 좋아요ㅎ",
    "Source": "쇼핑몰",
    "Domain": "가전",
    "MainCategory": "생활/미용/욕실가전",
    "ProductName": "그랑데 삼성전자 DV17T8520BP 본체",
    "ReviewScore": "5",
    "Syllable": "89",
    "Word": "21",
    "RDate": "20220629",
    "Aspects": [
      {
        "Aspect": "품질",
        "SentimentText": "포장 상자를 열어 확인해보니 제품 모서리에 약간의 스크래치가 있었어요ㅠ",
        "SentimentWord": "9",
        "SentimentPolarity": "-1"
      },
      {
        "Aspect": "가격",
        "SentimentText": "그래도 착한 가격에 구입한 것 같아 기분은 좋아요ㅎ",
        "SentimentWord": "8",
        "SentimentPolarity": "1"
      }
    ]
  },
  {
    "Index": "19424",
    "RawText": "상품  싼 값으로 잘 샀어요. 배송도 느리지 않아요. 건조기 사길 잘한것 같아요. 편하게 잘쓰고 있는데 굿입니다. 강추!",
    "Source": "쇼핑몰",
    "Domain": "가전",
    "MainCategory": "생활/미용/욕실가전",
    "ProductName": "그랑데 삼성전자 DV17T8520BP 본체",
    "ReviewScore": "5",
    "Syllable": "67",
    "Word": "17",
    "RDate": "20211117",
    "Aspects": [
      {
        "Aspect": "가격",
        "SentimentText": "상품  싼 값으로 잘 샀어요.",
        "SentimentWord": "5",
        "SentimentPolarity": "1"
      },
      {
        "Aspect": "편의성",
        "SentimentText": "건조기 사길 잘한것 같아요. 편하게 잘쓰고 있는데 굿입니다. 강추!",
        "SentimentWord": "9",
        "SentimentPolarity": "1"
      }
    ]
  },
  {
    "Index": "19425",
    "RawText": "사이즈가 생각보다 너무 커서 공간활용이 어려워요ㅜㅜ  그리고 생각보다 소음이 꽤 있어서 거슬리네요",
    "Source": "쇼핑몰",
    "Domain": "가전",
    "MainCategory": "생활/미용/욕실가전",
    "ProductName": "그랑데 삼성전자 DV17T8520BP 본체",
    "ReviewScore": "5",
    "Syllable": "54",
    "Word": "12",
    "RDate": "20211123",
    "Aspects": [
      {
        "Aspect": "사이즈",
        "SentimentText": "사이즈가 생각보다 너무 커서 공간활용이 어려워요ㅜㅜ  ",
        "SentimentWord": "6",
        "SentimentPolarity": "-1"
      },
      {
        "Aspect": "소음",
        "SentimentText": "그리고 생각보다 소음이 꽤 있어서 거슬리네요",
        "SentimentWord": "6",
        "SentimentPolarity": "-1"
      }
    ]
  },
  {
    "Index": "19426",
    "RawText": "소음 적어서 정말 좋네요~~ 역시 가정제품하면 OO이네요^^ 색상 엄청엄청 고급스러워서 너무 맘에 쏙드네요~~ 열기도 적어서 너무 좋네요~~사이즈가 조금 큰 감이 있긴 하지만 그럭저럭 괜찮아요^^ㅎ",
    "Source": "쇼핑몰",
    "Domain": "가전",
    "MainCategory": "생활/미용/욕실가전",
    "ProductName": "그랑데 삼성전자 DV17T8520BP 본체",
    "ReviewScore": "5",
    "Syllable": "110",
    "Word": "24",
    "RDate": "20220311",
    "GeneralPolarity": "1",
    "Aspects": [
      {
        "Aspect": "소음",
        "SentimentText": "소음 적어서 정말 좋네요~~ ",
        "SentimentWord": "4",
        "SentimentPolarity": "1"
      },
      {
        "Aspect": "제조일/제조사",
        "SentimentText": "역시 가정제품하면 OO이네요^^ ",
        "SentimentWord": "3",
        "SentimentPolarity": "1"
      },
      {
        "Aspect": "색상",
        "SentimentText": " 색상 엄청엄청 고급스러워서 너무 맘에 쏙드네요~~ ",
        "SentimentWord": "6",
        "SentimentPolarity": "1"
      },
      {
        "Aspect": "내구성",
        "SentimentText": "열기도 적어서 너무 좋네요~~",
        "SentimentWord": "4",
        "SentimentPolarity": "1"
      },
      {
        "Aspect": "사이즈",
        "SentimentText": "사이즈가 조금 큰 감이 있긴 하지만 그럭저럭 괜찮아요^^ㅎ ",
        "SentimentWord": "8",
        "SentimentPolarity": "0"
      }
    ]
  },
  {
    "Index": "19427",
    "RawText": "새제품이라 그런지 냄새가 너무 나요ㅜㅜ 3일째 사용중인데 냄새가 아직도 안빠지네요;; 건조기사용할때마다 배란다에 습기가 차요ㅠㅠㅠ",
    "Source": "쇼핑몰",
    "Domain": "가전",
    "MainCategory": "생활/미용/욕실가전",
    "ProductName": "그랑데 삼성전자 DV17T8520BP 본체",
    "ReviewScore": "5",
    "Syllable": "72",
    "Word": "14",
    "RDate": "20220223",
    "GeneralPolarity": "-1",
    "Aspects": [
      {
        "Aspect": "품질",
        "SentimentText": "새제품이라 그런지 냄새가 너무 나요ㅜㅜ",
        "SentimentWord": "5",
        "SentimentPolarity": "-1"
      },
      {
        "Aspect": "품질",
        "SentimentText": "3일째 사용중인데 냄새가 아직도 안빠지네요;;",
        "SentimentWord": "5",
        "SentimentPolarity": "-1"
      },
      {
        "Aspect": "기능",
        "SentimentText": "건조기사용할때마다 배란다에 습기가 차요ㅠㅠㅠ ",
        "SentimentWord": "4",
        "SentimentPolarity": "-1"
      }
    ]
  },
  {
    "Index": "19428",
    "RawText": "생각했던 것보다 내부 용량이 엄청 커서 너무 만족해요!!!! 다이얼이 한눈에 잘 들어와서 조작하기도 편합니다^^~~ 기능 설정하는 것도 쉬워서 방식 한 번에 습득했어요ㅎㅎ",
    "Source": "쇼핑몰",
    "Domain": "가전",
    "MainCategory": "생활/미용/욕실가전",
    "ProductName": "그랑데 삼성전자 DV17T8520BP 본체",
    "ReviewScore": "4",
    "Syllable": "95",
    "Word": "22",
    "RDate": "20220228",
    "GeneralPolarity": "1",
    "Aspects": [
      {
        "Aspect": "용량",
        "SentimentText": "생각했던 것보다 내부 용량이 엄청 커서 너무 만족해요!!!!",
        "SentimentWord": "8",
        "SentimentPolarity": "1"
      },
      {
        "Aspect": "조작성",
        "SentimentText": " 다이얼이 한눈에 잘 들어와서 조작하기도 편합니다^^~~ ",
        "SentimentWord": "6",
        "SentimentPolarity": "1"
      },
      {
        "Aspect": "조작성",
        "SentimentText": "기능 설정하는 것도 쉬워서 방식 한 번에 습득했어요ㅎㅎ",
        "SentimentWord": "8",
        "SentimentPolarity": "1"
      }
    ]
  },
  {
    "Index": "19429",
    "RawText": "용량이 커서 만족스러워요~ 굿 하지만 소음이 꽤 큰 점은 아쉽네요ㅠ",
    "Source": "쇼핑몰",
    "Domain": "가전",
    "MainCategory": "생활/미용/욕실가전",
    "ProductName": "그랑데 삼성전자 DV17T8520BP 본체",
    "ReviewScore": "4",
    "Syllable": "37",
    "Word": "10",
    "RDate": "20220309",
    "Aspects": [
      {
        "Aspect": "용량",
        "SentimentText": "용량이 커서 만족스러워요~ 굿 ",
        "SentimentWord": "4",
        "SentimentPolarity": "1"
      },
      {
        "Aspect": "소음",
        "SentimentText": "하지만 소음이 꽤 큰 점은 아쉽네요ㅠ",
        "SentimentWord": "6",
        "SentimentPolarity": "-1"
      }
    ]
  },
  {
    "Index": "19430",
    "RawText": "기본 옷들과 수건, 이불, 러그, 패딩 등등 정말 뽀송뽀송 너무 잘 건조되서 나와요!정말 만족스럽습니다^^ 가성비 좋아요~잘 쓸게요~",
    "Source": "쇼핑몰",
    "Domain": "가전",
    "MainCategory": "생활/미용/욕실가전",
    "ProductName": "그랑데 삼성전자 DV17T8520BP 본체",
    "ReviewScore": "5",
    "Syllable": "74",
    "Word": "17",
    "RDate": "20220223",
    "Aspects": [
      {
        "Aspect": "기능",
        "SentimentText": "기본 옷들과 수건, 이불, 러그, 패딩 등등 정말 뽀송뽀송 너무 잘 건조되서 나와요!정말 만족스럽습니다^^",
        "SentimentWord": "14",
        "SentimentPolarity": "1"
      },
      {
        "Aspect": "가격",
        "SentimentText": "가성비 좋아요~",
        "SentimentWord": "2",
        "SentimentPolarity": "1"
      }
    ]
  },
  {
    "Index": "19431",
    "RawText": "다양하고 편리한 기능들 너무 만족스러워요! 디자인도 심플하고 세련되보여요 ㅎ",
    "Source": "쇼핑몰",
    "Domain": "가전",
    "MainCategory": "생활/미용/욕실가전",
    "ProductName": "그랑데 삼성전자 DV17T8520BP 본체",
    "ReviewScore": "5",
    "Syllable": "42",
    "Word": "9",
    "RDate": "20220624",
    "Aspects": [
      {
        "Aspect": "기능",
        "SentimentText": "다양하고 편리한 기능들 너무 만족스러워요! ",
        "SentimentWord": "5",
        "SentimentPolarity": "1"
      },
      {
        "Aspect": "디자인",
        "SentimentText": " 디자인도 심플하고 세련되보여요 ㅎ",
        "SentimentWord": "4",
        "SentimentPolarity": "1"
      }
    ]
  },
  {
    "Index": "19432",
    "RawText": "생각했던 것보다 사이즈가 작아서 좋습니다~~사용 횟수에 비해 전기료도 적게 나와서 만족!! 2단계로 작동하니까 옷감도 줄어들지 않아서 좋아요ㅎㅎ",
    "Source": "쇼핑몰",
    "Domain": "가전",
    "MainCategory": "생활/미용/욕실가전",
    "ProductName": "그랑데 삼성전자 DV17T8520BP 본체",
    "ReviewScore": "5",
    "Syllable": "80",
    "Word": "17",
    "RDate": "20220524",
    "GeneralPolarity": "1",
    "Aspects": [
      {
        "Aspect": "사이즈",
        "SentimentText": "생각했던 것보다 사이즈가 작아서 좋습니다~~",
        "SentimentWord": "5",
        "SentimentPolarity": "1"
      },
      {
        "Aspect": "소비전력",
        "SentimentText": "사용 횟수에 비해 전기료도 적게 나와서 만족!! ",
        "SentimentWord": "7",
        "SentimentPolarity": "1"
      },
      {
        "Aspect": "기능",
        "SentimentText": "2단계로 작동하니까 옷감도 줄어들지 않아서 좋아요ㅎㅎ",
        "SentimentWord": "6",
        "SentimentPolarity": "1"
      }
    ]
  },
  {
    "Index": "19433",
    "RawText": "빨래 널 필요없어서 너무 편리합니다!!! 색상도 너무 세련됐고요~~~~",
    "Source": "쇼핑몰",
    "Domain": "가전",
    "MainCategory": "생활/미용/욕실가전",
    "ProductName": "그랑데 삼성전자 DV17T8520BP 본체",
    "ReviewScore": "5",
    "Syllable": "39",
    "Word": "8",
    "RDate": "20220725",
    "GeneralPolarity": "1",
    "Aspects": [
      {
        "Aspect": "편의성",
        "SentimentText": "빨래 널 필요없어서 너무 편리합니다!!! ",
        "SentimentWord": "5",
        "SentimentPolarity": "1"
      },
      {
        "Aspect": "색상",
        "SentimentText": "색상도 너무 세련됐고요~~~~",
        "SentimentWord": "3",
        "SentimentPolarity": "1"
      }
    ]
  },
  {
    "Index": "19434",
    "RawText": "선물로 구매했는데 기능이 여러가지로 많아서 좋다네요~ 용량도 커서 이불도 건조할수 있어서 좋아합니다 특히 여성분이 좋아하는 것 같아요",
    "Source": "쇼핑몰",
    "Domain": "가전",
    "MainCategory": "생활/미용/욕실가전",
    "ProductName": "그랑데 삼성전자 DV17T8520BP 본체",
    "ReviewScore": "5",
    "Syllable": "74",
    "Word": "17",
    "RDate": "20220815",
    "GeneralPolarity": "1",
    "Aspects": [
      {
        "Aspect": "기능",
        "SentimentText": "기능이 여러가지로 많아서 좋다네요~",
        "SentimentWord": "4",
        "SentimentPolarity": "1"
      },
      {
        "Aspect": "용량",
        "SentimentText": "용량도 커서 이불도 건조할수 있어서 좋아합니다",
        "SentimentWord": "6",
        "SentimentPolarity": "1"
      }
    ]
  },
  {
    "Index": "19435",
    "RawText": "버튼식으로 되어 있어서 사용법이 어렵지 않아서 좋아요~^^ 그리고 생각보다 전기세가 적게 나와서 그 점도 만족입니다~~!",
    "Source": "쇼핑몰",
    "Domain": "가전",
    "MainCategory": "생활/미용/욕실가전",
    "ProductName": "그랑데 삼성전자 DV17T8520BP 본체",
    "ReviewScore": "5",
    "Syllable": "67",
    "Word": "15",
    "RDate": "20220314",
    "GeneralPolarity": "1",
    "Aspects": [
      {
        "Aspect": "조작성",
        "SentimentText": "버튼식으로 되어 있어서 사용법이 어렵지 않아서 좋아요~^^ ",
        "SentimentWord": "7",
        "SentimentPolarity": "1"
      },
      {
        "Aspect": "소비전력",
        "SentimentText": "그리고 생각보다 전기세가 적게 나와서 그 점도 만족입니다~~!",
        "SentimentWord": "8",
        "SentimentPolarity": "1"
      }
    ]
  },
  {
    "Index": "19436",
    "RawText": "이벤트로 저렴한 가격에 구매해서 기분 좋아요~~ 생각보다 빠른 시간에 건조되어서 시간 단축 짱입니다^^",
    "Source": "쇼핑몰",
    "Domain": "가전",
    "MainCategory": "생활/미용/욕실가전",
    "ProductName": "그랑데 삼성전자 DV17T8520BP 본체",
    "ReviewScore": "5",
    "Syllable": "57",
    "Word": "13",
    "RDate": "20220121",
    "GeneralPolarity": "1",
    "Aspects": [
      {
        "Aspect": "가격",
        "SentimentText": "이벤트로 저렴한 가격에 구매해서 기분 좋아요~~ ",
        "SentimentWord": "6",
        "SentimentPolarity": "1"
      },
      {
        "Aspect": "시간/속도",
        "SentimentText": "생각보다 빠른 시간에 건조되어서 시간 단축 짱입니다^^ ",
        "SentimentWord": "7",
        "SentimentPolarity": "1"
      }
    ]
  },
  {
    "Index": "19438",
    "RawText": "설치 하자마자 이불 돌려봤어요 이불이 뽀송하게 건조돼서 잘 산 것 같네요  필터에 묻어나온 먼지보니 빨리살걸,,, 후회되네요 다만 건조는 다른 제품보다 시간이 좀 더 걸리는 것 같아요ㅠㅠ 그 외는 만족입니다~강추~",
    "Source": "쇼핑몰",
    "Domain": "가전",
    "MainCategory": "생활/미용/욕실가전",
    "ProductName": "그랑데 삼성전자 DV17T8520BP 본체",
    "ReviewScore": "5",
    "Syllable": "119",
    "Word": "29",
    "RDate": "20211229",
    "GeneralPolarity": "0",
    "Aspects": [
      {
        "Aspect": "기능",
        "SentimentText": "이불이 뽀송하게 건조돼서 잘 산 것 같네요",
        "SentimentWord": "7",
        "SentimentPolarity": "1"
      },
      {
        "Aspect": "시간/속도",
        "SentimentText": "다만 건조는 다른 제품보다 시간이 좀 더 걸리는 것 같아요ㅠㅠ",
        "SentimentWord": "10",
        "SentimentPolarity": "-1"
      }
    ]
  },
  {
    "Index": "19439",
    "RawText": "수건 건조기로 돌리고 보니 너무너무 뽀송뽀송하고 좋아요 ㅎ  착한 가격에 구매해서 만족 만족!!^^",
    "Source": "쇼핑몰",
    "Domain": "가전",
    "MainCategory": "생활/미용/욕실가전",
    "ProductName": "그랑데 삼성전자 DV17T8520BP 본체",
    "ReviewScore": "5",
    "Syllable": "55",
    "Word": "13",
    "RDate": "20211116",
    "Aspects": [
      {
        "Aspect": "기능",
        "SentimentText": "수건 건조기로 돌리고 보니 너무너무 뽀송뽀송하고 좋아요 ㅎ ",
        "SentimentWord": "8",
        "SentimentPolarity": "1"
      },
      {
        "Aspect": "가격",
        "SentimentText": "착한 가격에 구매해서 만족 만족!!^^",
        "SentimentWord": "5",
        "SentimentPolarity": "1"
      }
    ]
  },
  {
    "Index": "19440",
    "RawText": "설치기사님 너무 친절하셨습니다ㅎㅎ 조작법도 편리해서 좋고, 건조 시간도 빨라서 너무 좋아요~~ 디자인도 깔끔해서 엄청 예쁩니다^^",
    "Source": "쇼핑몰",
    "Domain": "가전",
    "MainCategory": "생활/미용/욕실가전",
    "ProductName": "그랑데 삼성전자 DV17T8520BP 본체",
    "ReviewScore": "4",
    "Syllable": "72",
    "Word": "15",
    "RDate": "20220228",
    "Aspects": [
      {
        "Aspect": "조작성",
        "SentimentText": "조작법도 편리해서 좋고,",
        "SentimentWord": "3",
        "SentimentPolarity": "1"
      },
      {
        "Aspect": "시간/속도",
        "SentimentText": "건조 시간도 빨라서 너무 좋아요~~",
        "SentimentWord": "5",
        "SentimentPolarity": "1"
      },
      {
        "Aspect": "디자인",
        "SentimentText": "디자인도 깔끔해서 엄청 예쁩니다^^",
        "SentimentWord": "4",
        "SentimentPolarity": "1"
      }
    ]
  },
  {
    "Index": "19441",
    "RawText": "기능이 다양해서 좋다옷이 줄어드는걸 못 느낀다이불털기와 패딩케어 기능은 정말 굿!!!  가격도 할인가로 저렴하게 샀네요 이제 장마니까 주기적으로 돌릴려구요~",
    "Source": "쇼핑몰",
    "Domain": "가전",
    "MainCategory": "생활/미용/욕실가전",
    "ProductName": "그랑데 삼성전자 DV17T8520BP 본체",
    "ReviewScore": "5",
    "Syllable": "87",
    "Word": "18",
    "RDate": "20220628",
    "Aspects": [
      {
        "Aspect": "기능",
        "SentimentText": "기능이 다양해서 좋다옷이 줄어드는걸 못 느낀다이불털기와 패딩케어 기능은 정말 굿!!! ",
        "SentimentWord": "10",
        "SentimentPolarity": "1"
      },
      {
        "Aspect": "가격",
        "SentimentText": "가격도 할인가로 저렴하게 샀네요",
        "SentimentWord": "4",
        "SentimentPolarity": "1"
      }
    ]
  },
  {
    "Index": "19442",
    "RawText": "용량이 커서 많은 양도 한번에 들어가서 굿^^  생각했던 것보다 작동방법이 쉬워서 좋아요!!",
    "Source": "쇼핑몰",
    "Domain": "가전",
    "MainCategory": "생활/미용/욕실가전",
    "ProductName": "그랑데 삼성전자 DV17T8520BP 본체",
    "ReviewScore": "5",
    "Syllable": "51",
    "Word": "12",
    "RDate": "20211122",
    "Aspects": [
      {
        "Aspect": "용량",
        "SentimentText": "용량이 커서 많은 양도 한번에 들어가서 굿^^",
        "SentimentWord": "7",
        "SentimentPolarity": "1"
      },
      {
        "Aspect": "조작성",
        "SentimentText": "생각했던 것보다 작동방법이 쉬워서 좋아요!!",
        "SentimentWord": "5",
        "SentimentPolarity": "1"
      }
    ]
  },
  {
    "Index": "19443",
    "RawText": "역시 성능은 정말 최고입니다~~^^ 다만 기계음같은 소음이 들리는게 신경쓰여요ㅠ",
    "Source": "쇼핑몰",
    "Domain": "가전",
    "MainCategory": "생활/미용/욕실가전",
    "ProductName": "그랑데 삼성전자 DV17T8520BP 본체",
    "ReviewScore": "5",
    "Syllable": "44",
    "Word": "9",
    "RDate": "20220420",
    "GeneralPolarity": "0",
    "Aspects": [
      {
        "Aspect": "기능",
        "SentimentText": "역시 성능은 정말 최고입니다~~^^ ",
        "SentimentWord": "4",
        "SentimentPolarity": "1"
      },
      {
        "Aspect": "소음",
        "SentimentText": "다만 기계음같은 소음이 들리는게 신경쓰여요ㅠ",
        "SentimentWord": "5",
        "SentimentPolarity": "-1"
      }
    ]
  },
  {
    "Index": "19445",
    "RawText": "적당한가격에 행사를해서 냅다 질렀어요ㅎㅎ 생각보다 전기세도 적게 나오고 정말 최고네요^^",
    "Source": "쇼핑몰",
    "Domain": "가전",
    "MainCategory": "생활/미용/욕실가전",
    "ProductName": "그랑데 삼성전자 DV17T8520BP 본체",
    "ReviewScore": "5",
    "Syllable": "49",
    "Word": "10",
    "RDate": "20220808",
    "Aspects": [
      {
        "Aspect": "가격",
        "SentimentText": " 적당한가격에 행사를해서 냅다 질렀어요ㅎㅎ",
        "SentimentWord": "4",
        "SentimentPolarity": "1"
      },
      {
        "Aspect": "소비전력",
        "SentimentText": "생각보다 전기세도 적게 나오고 정말 최고네요^^",
        "SentimentWord": "6",
        "SentimentPolarity": "1"
      }
    ]
  },
  {
    "Index": "19446",
    "RawText": "기사님 친절히 설치,설명해주시고^^ 설치후 사용해보니 먼지가 엄청 나오더라고요~ 옷손상 안되고 뽀송뽀송해서 정말 좋아요~ 한 가지 아쉬운 건 소음이 좀 커서 시끄럽네요ㅠ",
    "Source": "쇼핑몰",
    "Domain": "가전",
    "MainCategory": "생활/미용/욕실가전",
    "ProductName": "그랑데 삼성전자 DV17T8520BP 본체",
    "ReviewScore": "5",
    "Syllable": "94",
    "Word": "21",
    "RDate": "20211118",
    "Aspects": [
      {
        "Aspect": "기능",
        "SentimentText": "옷손상 안되고 뽀송뽀송해서 정말 좋아요~",
        "SentimentWord": "5",
        "SentimentPolarity": "1"
      },
      {
        "Aspect": "소음",
        "SentimentText": "한 가지 아쉬운 건 소음이 좀 커서 시끄럽네요ㅠ",
        "SentimentWord": "8",
        "SentimentPolarity": "-1"
      }
    ]
  },
  {
    "Index": "19447",
    "RawText": "세탁기랑 건조기 따로 구입했는데도 불구하고 작년 구매한 세탁기와 상단키트를 설치해서 세트처럼 연결했는데 딱 맞게 조립되네요   가격 또한 너무 저렴해서 즐겁게 겟 했습니다",
    "Source": "쇼핑몰",
    "Domain": "가전",
    "MainCategory": "생활/미용/욕실가전",
    "ProductName": "그랑데 삼성전자 DV17T8520BP 본체",
    "ReviewScore": "5",
    "Syllable": "95",
    "Word": "22",
    "RDate": "20220202",
    "GeneralPolarity": "1",
    "Aspects": [
      {
        "Aspect": "조작성",
        "SentimentText": "작년 구매한 세탁기와 상단키트를 설치해서 세트처럼 연결했는데 딱 맞게 조립되네요",
        "SentimentWord": "10",
        "SentimentPolarity": "1"
      },
      {
        "Aspect": "가격",
        "SentimentText": " 가격 또한 너무 저렴해서 즐겁게 겟 했습니다",
        "SentimentWord": "7",
        "SentimentPolarity": "1"
      }
    ]
  },
  {
    "Index": "19449",
    "RawText": "소음없이 조용하고 너무 맘에 드네요~ 사용해보니 사용법도 간단하고  이불에도 쓰고 싶어서 큰사이즈 샀는데 잘한것같아요.주변사람들한테 강추하고 있어요~",
    "Source": "쇼핑몰",
    "Domain": "가전",
    "MainCategory": "생활/미용/욕실가전",
    "ProductName": "그랑데 삼성전자 DV17T8520BP 본체",
    "ReviewScore": "5",
    "Syllable": "83",
    "Word": "16",
    "RDate": "20211228",
    "GeneralPolarity": "1",
    "Aspects": [
      {
        "Aspect": "소음",
        "SentimentText": "소음없이 조용하고 너무 맘에 드네요~",
        "SentimentWord": "5",
        "SentimentPolarity": "1"
      },
      {
        "Aspect": "조작성",
        "SentimentText": "사용해보니 사용법도 간단하고",
        "SentimentWord": "3",
        "SentimentPolarity": "1"
      },
      {
        "Aspect": "사이즈",
        "SentimentText": "이불에도 쓰고 싶어서 큰사이즈 샀는데 잘한것같아요.",
        "SentimentWord": "6",
        "SentimentPolarity": "1"
      }
    ]
  },
  {
    "Index": "19450",
    "RawText": "소음이 심할까봐 걱정했는데 신경쓰일 정도는 아니라 안심입니다~! 기사님도 너무 친절하셨고요^^ 옷 먼지제거도 확실하고 너무 뽀송해져서 기분이 좋습니다ㅎ",
    "Source": "쇼핑몰",
    "Domain": "가전",
    "MainCategory": "생활/미용/욕실가전",
    "ProductName": "그랑데 삼성전자 DV17T8520BP 본체",
    "ReviewScore": "5",
    "Syllable": "84",
    "Word": "17",
    "RDate": "20211115",
    "Aspects": [
      {
        "Aspect": "소음",
        "SentimentText": "소음이 심할까봐 걱정했는데 신경쓰일 정도는 아니라 안심입니다~!",
        "SentimentWord": "7",
        "SentimentPolarity": "1"
      },
      {
        "Aspect": "기능",
        "SentimentText": "옷 먼지제거도 확실하고 너무 뽀송해져서 기분이 좋습니다ㅎ",
        "SentimentWord": "7",
        "SentimentPolarity": "1"
      }
    ]
  },
  {
    "Index": "19451",
    "RawText": "디자인 엄청 세련되보여요^^ 일단 시험으로 돌리는데 소음 꽤 심해요..",
    "Source": "쇼핑몰",
    "Domain": "가전",
    "MainCategory": "생활/미용/욕실가전",
    "ProductName": "그랑데 삼성전자 DV17T8520BP 본체",
    "ReviewScore": "5",
    "Syllable": "39",
    "Word": "9",
    "RDate": "20220311",
    "Aspects": [
      {
        "Aspect": "디자인",
        "SentimentText": "디자인 엄청 세련되보여요^^",
        "SentimentWord": "3",
        "SentimentPolarity": "1"
      },
      {
        "Aspect": "소음",
        "SentimentText": "소음 꽤 심해요..",
        "SentimentWord": "3",
        "SentimentPolarity": "-1"
      }
    ]
  },
  {
    "Index": "19452",
    "RawText": "착한 가격에 구매했습니다^^ 배송 속도도 엄청 빨랐고요! 내부 용량도 넉넉해서 좋아요~~ 색상도 원래 인테리어와 잘어울려서 만족스러워요^^",
    "Source": "쇼핑몰",
    "Domain": "가전",
    "MainCategory": "생활/미용/욕실가전",
    "ProductName": "그랑데 삼성전자 DV17T8520BP 본체",
    "ReviewScore": "5",
    "Syllable": "77",
    "Word": "16",
    "RDate": "20220219",
    "Aspects": [
      {
        "Aspect": "가격",
        "SentimentText": "착한 가격에 구매했습니다^^",
        "SentimentWord": "3",
        "SentimentPolarity": "1"
      },
      {
        "Aspect": "용량",
        "SentimentText": "내부 용량도 넉넉해서 좋아요~~",
        "SentimentWord": "4",
        "SentimentPolarity": "1"
      },
      {
        "Aspect": "색상",
        "SentimentText": "색상도 원래 인테리어와 잘어울려서 만족스러워요^^",
        "SentimentWord": "5",
        "SentimentPolarity": "1"
      }
    ]
  },
  {
    "Index": "19454",
    "RawText": "소리가 시끄러워요ㅜ  핸드폰 어플로 소음재봤는데 60데시벨이 넘네요 이게 정상이라는데 이해가 안가요  정말 편한 기능이 많다는데 아직 체감은 크게못느끼겠네요",
    "Source": "쇼핑몰",
    "Domain": "가전",
    "MainCategory": "생활/미용/욕실가전",
    "ProductName": "그랑데 삼성전자 DV17T8520BP 본체",
    "ReviewScore": "3",
    "Syllable": "87",
    "Word": "18",
    "RDate": "20211120",
    "GeneralPolarity": "-1",
    "Aspects": [
      {
        "Aspect": "소음",
        "SentimentText": "소리가 시끄러워요ㅜ  핸드폰 어플로 소음재봤는데 60데시벨이 넘네요",
        "SentimentWord": "7",
        "SentimentPolarity": "-1"
      },
      {
        "Aspect": "기능",
        "SentimentText": "정말 편한 기능이 많다는데 아직 체감은 크게 못 느끼겠네요",
        "SentimentWord": "9",
        "SentimentPolarity": "-1"
      }
    ]
  },
  {
    "Index": "19455",
    "RawText": "빨래도 아주 잘 말려주고 쓰기 참 편해요 이불털기 기능 사용해보시고는 세상 참~좋아졌다고 만족하시니 기분 굿!",
    "Source": "쇼핑몰",
    "Domain": "가전",
    "MainCategory": "생활/미용/욕실가전",
    "ProductName": "그랑데 삼성전자 DV17T8520BP 본체",
    "ReviewScore": "5",
    "Syllable": "61",
    "Word": "15",
    "RDate": "20220210",
    "GeneralPolarity": "1",
    "Aspects": [
      {
        "Aspect": "편의성",
        "SentimentText": "빨래도 아주 잘 말려주고 쓰기 참 편해요",
        "SentimentWord": "7",
        "SentimentPolarity": "1"
      },
      {
        "Aspect": "기능",
        "SentimentText": "이불털기 기능 사용해보시고는 세상 참~좋아졌다고 만족하시니 기분 굿!",
        "SentimentWord": "8",
        "SentimentPolarity": "1"
      }
    ]
  },
  {
    "Index": "19456",
    "RawText": "작동도 잘 되고 너무 좋네요! 건조기 처음 써보는데 건조 쉽고 정말 편해요~",
    "Source": "쇼핑몰",
    "Domain": "가전",
    "MainCategory": "생활/미용/욕실가전",
    "ProductName": "그랑데 삼성전자 DV17T8520BP 본체",
    "ReviewScore": "5",
    "Syllable": "42",
    "Word": "12",
    "RDate": "20220709",
    "Aspects": [
      {
        "Aspect": "품질",
        "SentimentText": "작동도 잘 되고 너무 좋네요! ",
        "SentimentWord": "5",
        "SentimentPolarity": "1"
      },
      {
        "Aspect": "편의성",
        "SentimentText": "건조기 처음 써보는데 건조 쉽고 정말 편해요~",
        "SentimentWord": "7",
        "SentimentPolarity": "1"
      }
    ]
  },
  {
    "Index": "19457",
    "RawText": "신속하고 정확하게 배송해 주어서 감사해요 건조기 디자인이 깔끔하고좋습니다 기능도 문제없이 작동 잘 됩니다. 싸게 구입해서 주변분들에게 권하고 싶네요",
    "Source": "쇼핑몰",
    "Domain": "가전",
    "MainCategory": "생활/미용/욕실가전",
    "ProductName": "그랑데 삼성전자 DV17T8520BP 본체",
    "ReviewScore": "5",
    "Syllable": "82",
    "Word": "18",
    "RDate": "20220629",
    "Aspects": [
      {
        "Aspect": "디자인",
        "SentimentText": "디자인이 깔끔하고좋습니다 ",
        "SentimentWord": "2",
        "SentimentPolarity": "1"
      },
      {
        "Aspect": "가격",
        "SentimentText": "싸게 구입해서 주변분들에게 권하고 싶네요",
        "SentimentWord": "5",
        "SentimentPolarity": "1"
      },
      {
        "Aspect": "기능",
        "SentimentText": "기능도 문제없이 작동 잘 됩니다.",
        "SentimentWord": "5",
        "SentimentPolarity": "1"
      }
    ]
  },
  {
    "Index": "19458",
    "RawText": "이가격에 구입하다니 정말 싸게구입해 좋아요^^. 사용해보니 좋은지는 모르겠지만 빨래하기는 확실히 편하네요.",
    "Source": "쇼핑몰",
    "Domain": "가전",
    "MainCategory": "생활/미용/욕실가전",
    "ProductName": "그랑데 삼성전자 DV17T8520BP 본체",
    "ReviewScore": "5",
    "Syllable": "59",
    "Word": "11",
    "RDate": "20220425",
    "GeneralPolarity": "1",
    "Aspects": [
      {
        "Aspect": "가격",
        "SentimentText": "이 가격에 구입하다니 정말 싸게구입해 좋아요^^.",
        "SentimentWord": "6",
        "SentimentPolarity": "1"
      },
      {
        "Aspect": "편의성",
        "SentimentText": "사용해보니 좋은지는 모르겠지만 빨래하기는 확실히 편하네요",
        "SentimentWord": "6",
        "SentimentPolarity": "1"
      }
    ]
  },
  {
    "Index": "19459",
    "RawText": "가격도 점점 내려가서 잘샀어요!!!  1등급이라 에너지효율도 좋아 대만족이에요^^",
    "Source": "쇼핑몰",
    "Domain": "가전",
    "MainCategory": "생활/미용/욕실가전",
    "ProductName": "그랑데 삼성전자 DV17T8520BP 본체",
    "ReviewScore": "5",
    "Syllable": "45",
    "Word": "8",
    "RDate": "20220109",
    "Aspects": [
      {
        "Aspect": "가격",
        "SentimentText": "가격도 점점 내려가서 잘샀어요!!! ",
        "SentimentWord": "4",
        "SentimentPolarity": "1"
      },
      {
        "Aspect": "소비전력",
        "SentimentText": " 1등급이라 에너지효율도 좋아 대만족이에요^^",
        "SentimentWord": "4",
        "SentimentPolarity": "1"
      }
    ]
  },
  {
    "Index": "19460",
    "RawText": "생활필수품이라는 건조기 구입했어요 .ㅇㅇㅇ에 사서 싸게 잘 구입했어요. 많은 빨래가 가능한 용량이라 최고에요!",
    "Source": "쇼핑몰",
    "Domain": "가전",
    "MainCategory": "생활/미용/욕실가전",
    "ProductName": "그랑데 삼성전자 DV17T8520BP 본체",
    "ReviewScore": "5",
    "Syllable": "61",
    "Word": "13",
    "RDate": "20211119",
    "Aspects": [
      {
        "Aspect": "가격",
        "SentimentText": "ㅇㅇㅇ에 사서 싸게 잘 구입했어요",
        "SentimentWord": "5",
        "SentimentPolarity": "1"
      },
      {
        "Aspect": "용량",
        "SentimentText": "많은 빨래가 가능한 용량이라 최고에요!",
        "SentimentWord": "5",
        "SentimentPolarity": "1"
      }
    ]
  },
  {
    "Index": "19461",
    "RawText": "건조기는 잘 쓰고 있어요. 사용해보니 빨래건조하기 정말 편하더라구요 사기를  잘했습니다. 먼지가 탈탈 잘 털려서 엄청 좋아요.^^",
    "Source": "쇼핑몰",
    "Domain": "가전",
    "MainCategory": "생활/미용/욕실가전",
    "ProductName": "그랑데 삼성전자 DV17T8520BP 본체",
    "ReviewScore": "5",
    "Syllable": "72",
    "Word": "16",
    "RDate": "20220302",
    "GeneralPolarity": "1",
    "Aspects": [
      {
        "Aspect": "편의성",
        "SentimentText": "사용해보니 빨래건조하기 정말 편하더라구요",
        "SentimentWord": "4",
        "SentimentPolarity": "1"
      },
      {
        "Aspect": "기능",
        "SentimentText": "먼지가 탈탈 잘 털려서 엄청 좋아요.^^",
        "SentimentWord": "6",
        "SentimentPolarity": "1"
      }
    ]
  },
  {
    "Index": "19462",
    "RawText": "뽀송뽀송 해진 이불 덮으니 너무 좋아요~성능 짱 좋아요  빨래하기 편하네요 진작 살걸 왜 이제 샀는지 모르겠어요.",
    "Source": "쇼핑몰",
    "Domain": "가전",
    "MainCategory": "생활/미용/욕실가전",
    "ProductName": "그랑데 삼성전자 DV17T8520BP 본체",
    "ReviewScore": "5",
    "Syllable": "63",
    "Word": "16",
    "RDate": "20211121",
    "Aspects": [
      {
        "Aspect": "기능",
        "SentimentText": "뽀송뽀송 해진 이불 덮으니 너무 좋아요~성능 짱 좋아요",
        "SentimentWord": "8",
        "SentimentPolarity": "1"
      },
      {
        "Aspect": "편의성",
        "SentimentText": "빨래하기 편하네요 진작 살걸 왜 이제 샀는지 모르겠어요.",
        "SentimentWord": "8",
        "SentimentPolarity": "1"
      }
    ]
  },
  {
    "Index": "19463",
    "RawText": "아주만족합니다 가격도 할인해서 구매하고 다양하고 편리한 성능 아주 좋습니다",
    "Source": "쇼핑몰",
    "Domain": "가전",
    "MainCategory": "생활/미용/욕실가전",
    "ProductName": "그랑데 삼성전자 DV17T8520BP 본체",
    "ReviewScore": "4",
    "Syllable": "41",
    "Word": "9",
    "RDate": "20220813",
    "Aspects": [
      {
        "Aspect": "가격",
        "SentimentText": "아주만족합니다 가격도 할인해서 구매하고",
        "SentimentWord": "4",
        "SentimentPolarity": "1"
      },
      {
        "Aspect": "기능",
        "SentimentText": "다양하고 편리한 성능 아주 좋습니다",
        "SentimentWord": "5",
        "SentimentPolarity": "1"
      }
    ]
  },
  {
    "Index": "19464",
    "RawText": "건조시간이 너무 오래 걸려요 ㅠㅠ 하지만 이불털기 기능이 있어서 먼지 알러지있는 아이들 걱정이 없습니다.",
    "Source": "쇼핑몰",
    "Domain": "가전",
    "MainCategory": "생활/미용/욕실가전",
    "ProductName": "그랑데 삼성전자 DV17T8520BP 본체",
    "ReviewScore": "5",
    "Syllable": "58",
    "Word": "14",
    "RDate": "20220220",
    "Aspects": [
      {
        "Aspect": "시간/속도",
        "SentimentText": "건조시간이 너무 오래 걸려요 ㅠㅠ",
        "SentimentWord": "5",
        "SentimentPolarity": "-1"
      },
      {
        "Aspect": "기능",
        "SentimentText": "이불털기 기능이 있어서 먼지 알러지있는 아이들 걱정이 없습니다.",
        "SentimentWord": "8",
        "SentimentPolarity": "1"
      }
    ]
  },
  {
    "Index": "19465",
    "RawText": "정말 사용해보니 다름이 느껴져요.품질 굿 디자인도 세련되고 심플해서 굿!",
    "Source": "쇼핑몰",
    "Domain": "가전",
    "MainCategory": "생활/미용/욕실가전",
    "ProductName": "그랑데 삼성전자 DV17T8520BP 본체",
    "ReviewScore": "5",
    "Syllable": "40",
    "Word": "9",
    "RDate": "20211122",
    "Aspects": [
      {
        "Aspect": "품질",
        "SentimentText": "정말 사용해보니 다름이 느껴져요.품질 굿",
        "SentimentWord": "5",
        "SentimentPolarity": "1"
      },
      {
        "Aspect": "디자인",
        "SentimentText": "디자인도 세련되고 심플해서 굿!",
        "SentimentWord": "4",
        "SentimentPolarity": "1"
      }
    ]
  },
  {
    "Index": "19466",
    "RawText": "몇번 써보지는 않았는데 제품이 정말 좋네요 빨래도 뽀송뽀송 잘 말라요^^ 17kg대용량이라 그런지 크기가 정말 커서 좋아요. 다만 소리가 커서 시끄러운게 흠입니다 나중에 후기 다시 써볼게요",
    "Source": "쇼핑몰",
    "Domain": "가전",
    "MainCategory": "생활/미용/욕실가전",
    "ProductName": "그랑데 삼성전자 DV17T8520BP 본체",
    "ReviewScore": "5",
    "Syllable": "105",
    "Word": "25",
    "RDate": "20211121",
    "GeneralPolarity": "0",
    "Aspects": [
      {
        "Aspect": "품질",
        "SentimentText": "몇번 써보지는 않았는데 제품이 정말 좋네요",
        "SentimentWord": "6",
        "SentimentPolarity": "1"
      },
      {
        "Aspect": "기능",
        "SentimentText": "빨래도 뽀송뽀송 잘 말라요^^",
        "SentimentWord": "4",
        "SentimentPolarity": "1"
      },
      {
        "Aspect": "사이즈",
        "SentimentText": "17kg대용량이라 그런지 크기가 정말 커서 좋아요.",
        "SentimentWord": "6",
        "SentimentPolarity": "1"
      },
      {
        "Aspect": "소음",
        "SentimentText": "다만 소리가 커서 시끄러운게 흠입니다 ",
        "SentimentWord": "5",
        "SentimentPolarity": "-1"
      }
    ]
  },
  {
    "Index": "19467",
    "RawText": "용량이 크니 완벽하게 건조되어 나오네요!대박~  그리고 빨래 정리할때 먼지 날림 전혀 없어 좋았습니다 먼지 모이는 곳에 어마어마하게 먼지가 많은거 보고 깜짝 놀랐네요~기능 최고에요!!!",
    "Source": "쇼핑몰",
    "Domain": "가전",
    "MainCategory": "생활/미용/욕실가전",
    "ProductName": "그랑데 삼성전자 DV17T8520BP 본체",
    "ReviewScore": "5",
    "Syllable": "103",
    "Word": "23",
    "RDate": "20220428",
    "Aspects": [
      {
        "Aspect": "용량",
        "SentimentText": "용량이 크니 완벽하게 건조되어 나오네요!대박~",
        "SentimentWord": "5",
        "SentimentPolarity": "1"
      },
      {
        "Aspect": "기능",
        "SentimentText": "빨래 정리할때 먼지 날림 전혀 없어 좋았습니다 먼지 모이는 곳에 어마어마하게 먼지가 많은거 보고 깜짝 놀랐네요~기능 최고에요!!!",
        "SentimentWord": "17",
        "SentimentPolarity": "1"
      }
    ]
  },
  {
    "Index": "19468",
    "RawText": "소음이 있다는 얘기가 많아서 우려했는데 사용해보니 예상보다 소음이 적어서 불편하지 않아요! 건조도 뽀송하게 아주 잘 되고 옷감이 줄어드는 일도 없었네요^^ 가격도 저렴한 편이라 구매했는데 완전 만족스러워요~~^^",
    "Source": "쇼핑몰",
    "Domain": "가전",
    "MainCategory": "생활/미용/욕실가전",
    "ProductName": "그랑데 삼성전자 DV17T8520BP 본체",
    "ReviewScore": "5",
    "Syllable": "118",
    "Word": "26",
    "RDate": "20211122",
    "GeneralPolarity": "1",
    "Aspects": [
      {
        "Aspect": "소음",
        "SentimentText": "소음이 있다는 얘기가 많아서 우려했는데 사용해보니 예상보다 소음이 적어서 불편하지 않아요!",
        "SentimentWord": "11",
        "SentimentPolarity": "1"
      },
      {
        "Aspect": "기능",
        "SentimentText": "건조도 뽀송하게 아주 잘 되고 옷감이 줄어드는 일도 없었네요^^ ",
        "SentimentWord": "9",
        "SentimentPolarity": "1"
      },
      {
        "Aspect": "가격",
        "SentimentText": "가격도 저렴한 편이라 구매했는데 완전 만족스러워요~~^^",
        "SentimentWord": "6",
        "SentimentPolarity": "1"
      }
    ]
  },
  {
    "Index": "19469",
    "RawText": "용량이 커서 엄청엄청 만족스럽습니다~~ 착한 가격에 구매해서 기분도 좋고요ㅎ",
    "Source": "쇼핑몰",
    "Domain": "가전",
    "MainCategory": "생활/미용/욕실가전",
    "ProductName": "그랑데 삼성전자 DV17T8520BP 본체",
    "ReviewScore": "5",
    "Syllable": "42",
    "Word": "9",
    "RDate": "20211120",
    "GeneralPolarity": "1",
    "Aspects": [
      {
        "Aspect": "용량",
        "SentimentText": "용량이 커서 엄청엄청 만족스럽습니다~~",
        "SentimentWord": "4",
        "SentimentPolarity": "1"
      },
      {
        "Aspect": "가격",
        "SentimentText": "착한 가격에 구매해서 기분도 좋고요ㅎ",
        "SentimentWord": "5",
        "SentimentPolarity": "1"
      }
    ]
  },
  {
    "Index": "19470",
    "RawText": "빨래를 털지 않아도 알아서 건조시켜주니 너무 편리합니다~~ 색상도 너무 세련됐고요^^",
    "Source": "쇼핑몰",
    "Domain": "가전",
    "MainCategory": "생활/미용/욕실가전",
    "ProductName": "그랑데 삼성전자 DV17T8520BP 본체",
    "ReviewScore": "5",
    "Syllable": "47",
    "Word": "10",
    "RDate": "20220301",
    "GeneralPolarity": "1",
    "Aspects": [
      {
        "Aspect": "편의성",
        "SentimentText": "빨래를 털지 않아도 알아서 건조시켜주니 너무 편리합니다~~",
        "SentimentWord": "7",
        "SentimentPolarity": "1"
      },
      {
        "Aspect": "색상",
        "SentimentText": "색상도 너무 세련됐고요^^",
        "SentimentWord": "3",
        "SentimentPolarity": "1"
      }
    ]
  },
  {
    "Index": "19471",
    "RawText": "주문 후에 완전 총알배송으로 왔습니다. 내부 용량도 넉넉하고 색상도 정말 예뻐서 굿입니다ㅎㅎ",
    "Source": "쇼핑몰",
    "Domain": "가전",
    "MainCategory": "생활/미용/욕실가전",
    "ProductName": "그랑데 삼성전자 DV17T8520BP 본체",
    "ReviewScore": "5",
    "Syllable": "51",
    "Word": "12",
    "RDate": "20220630",
    "Aspects": [
      {
        "Aspect": "용량",
        "SentimentText": "내부 용량도 넉넉하고 색상도 정말 예뻐서 굿입니다ㅎㅎ",
        "SentimentWord": "7",
        "SentimentPolarity": "1"
      },
      {
        "Aspect": "색상",
        "SentimentText": "색상도 정말 예뻐서 굿입니다ㅎㅎ",
        "SentimentWord": "4",
        "SentimentPolarity": "1"
      }
    ]
  },
  {
    "Index": "19472",
    "RawText": "배송 속도 엄청 빨라서 좋았어요~~ 사용법도 복잡하지 않고 쉬워서 만족스럽고요!! 에너지등급도 1등급이라서 전기세도 적게 나오는게 넘 좋고요^^",
    "Source": "쇼핑몰",
    "Domain": "가전",
    "MainCategory": "생활/미용/욕실가전",
    "ProductName": "그랑데 삼성전자 DV17T8520BP 본체",
    "ReviewScore": "5",
    "Syllable": "80",
    "Word": "17",
    "RDate": "20220126",
    "Aspects": [
      {
        "Aspect": "조작성",
        "SentimentText": "사용법도 복잡하지 않고 쉬워서 만족스럽고요!!",
        "SentimentWord": "5",
        "SentimentPolarity": "1"
      },
      {
        "Aspect": "소비전력",
        "SentimentText": "에너지등급도 1등급이라서 전기세도 적게 나오는게 넘 좋고요^^",
        "SentimentWord": "7",
        "SentimentPolarity": "1"
      }
    ]
  },
  {
    "Index": "19473",
    "RawText": "착한 가격에 구매한 가성비 갑 상품입니다~~~ 용량도 커서 많은 양이 들어가서 최고네요^^ 배송도 엄청 빨랐습니다~!",
    "Source": "쇼핑몰",
    "Domain": "가전",
    "MainCategory": "생활/미용/욕실가전",
    "ProductName": "그랑데 삼성전자 DV17T8520BP 본체",
    "ReviewScore": "5",
    "Syllable": "65",
    "Word": "15",
    "RDate": "20220213",
    "Aspects": [
      {
        "Aspect": "가격",
        "SentimentText": "착한 가격에 구매한 가성비 갑 상품입니다~~~ ",
        "SentimentWord": "6",
        "SentimentPolarity": "1"
      },
      {
        "Aspect": "용량",
        "SentimentText": "용량도 커서 많은 양이 들어가서 최고네요^^",
        "SentimentWord": "6",
        "SentimentPolarity": "1"
      }
    ]
  },
  {
    "Index": "19474",
    "RawText": "생각보다 소음이 없어 만족스럽네요^^  성능도 좋아서 만족스럽네요~~",
    "Source": "쇼핑몰",
    "Domain": "가전",
    "MainCategory": "생활/미용/욕실가전",
    "ProductName": "그랑데 삼성전자 DV17T8520BP 본체",
    "ReviewScore": "5",
    "Syllable": "38",
    "Word": "7",
    "RDate": "20220107",
    "Aspects": [
      {
        "Aspect": "소음",
        "SentimentText": "생각보다 소음이 없어 만족스럽네요^^",
        "SentimentWord": "4",
        "SentimentPolarity": "1"
      },
      {
        "Aspect": "기능",
        "SentimentText": "성능도 좋아서 만족스럽네요~~",
        "SentimentWord": "3",
        "SentimentPolarity": "1"
      }
    ]
  },
  {
    "Index": "19476",
    "RawText": "여름에 건조기 있었으면했는데 행사기간중이라 싼 값에 구매해 좋아요. 에너지효율도 좋아서 전기료 걱정 없네요^^",
    "Source": "쇼핑몰",
    "Domain": "가전",
    "MainCategory": "생활/미용/욕실가전",
    "ProductName": "그랑데 삼성전자 DV17T8520BP 본체",
    "ReviewScore": "5",
    "Syllable": "61",
    "Word": "13",
    "RDate": "20220627",
    "Aspects": [
      {
        "Aspect": "가격",
        "SentimentText": "행사기간중이라 싼 값에 구매해 좋아요",
        "SentimentWord": "5",
        "SentimentPolarity": "1"
      },
      {
        "Aspect": "소비전력",
        "SentimentText": "에너지효율도 좋아서 전기료 걱정 없네요^^",
        "SentimentWord": "5",
        "SentimentPolarity": "1"
      }
    ]
  },
  {
    "Index": "19477",
    "RawText": "역시 OO 제품이 가성비가 가장 좋은 것 같아요~! 가격대비 만족도 최고!!",
    "Source": "쇼핑몰",
    "Domain": "가전",
    "MainCategory": "생활/미용/욕실가전",
    "ProductName": "그랑데 삼성전자 DV17T8520BP 본체",
    "ReviewScore": "5",
    "Syllable": "42",
    "Word": "11",
    "RDate": "20211228",
    "GeneralPolarity": "1",
    "Aspects": [
      {
        "Aspect": "제조일/제조사",
        "SentimentText": "역시 OO 제품이 가성비가 가장 좋은 것 같아요~! ",
        "SentimentWord": "8",
        "SentimentPolarity": "1"
      },
      {
        "Aspect": "가격",
        "SentimentText": "가격대비 만족도 최고!! ",
        "SentimentWord": "3",
        "SentimentPolarity": "1"
      }
    ]
  },
  {
    "Index": "19478",
    "RawText": "가전제품은 역시 OO이 최고네요^^ 하지만 조금 비싸게 산 점이 아쉽네요 ㅎㅎㅠ",
    "Source": "쇼핑몰",
    "Domain": "가전",
    "MainCategory": "생활/미용/욕실가전",
    "ProductName": "그랑데 삼성전자 DV17T8520BP 본체",
    "ReviewScore": "5",
    "Syllable": "44",
    "Word": "11",
    "RDate": "20220104",
    "GeneralPolarity": "0",
    "Aspects": [
      {
        "Aspect": "제조일/제조사",
        "SentimentText": "가전제품은 역시 OO이 최고네요^^",
        "SentimentWord": "4",
        "SentimentPolarity": "1"
      },
      {
        "Aspect": "가격",
        "SentimentText": "하지만 조금 비싸게 산 점이 아쉽네요 ㅎㅎㅠ",
        "SentimentWord": "7",
        "SentimentPolarity": "-1"
      }
    ]
  },
  {
    "Index": "19480",
    "RawText": "먼지 없이 빨래가 뽀송해지고 촉감도 좋아져서 나오니 만족도 최고입니다~! 사용한 횟수에 비해 전기세도 적게 나오고 좋아요ㅎㅎ",
    "Source": "쇼핑몰",
    "Domain": "가전",
    "MainCategory": "생활/미용/욕실가전",
    "ProductName": "그랑데 삼성전자 DV17T8520BP 본체",
    "ReviewScore": "5",
    "Syllable": "69",
    "Word": "16",
    "RDate": "20211117",
    "GeneralPolarity": "1",
    "Aspects": [
      {
        "Aspect": "기능",
        "SentimentText": "먼지 없이 빨래가 뽀송해지고 촉감도 좋아져서 나오니 만족도 최고입니다~! ",
        "SentimentWord": "9",
        "SentimentPolarity": "1"
      },
      {
        "Aspect": "소비전력",
        "SentimentText": "사용한 횟수에 비해 전기세도 적게 나오고 좋아요ㅎㅎ",
        "SentimentWord": "7",
        "SentimentPolarity": "1"
      }
    ]
  },
  {
    "Index": "19481",
    "RawText": "건조기 설치했는데 막상 설치하니 크기가 생각보다 큽니다. 상단설치키트이용해 세탁기에 올려놓으니 안성마춤이네요. 고장없이 오래 사용하면 좋을 것 같아요  기사님도 친절하시고 설명잘 해주셔서 감사합니다.",
    "Source": "쇼핑몰",
    "Domain": "가전",
    "MainCategory": "생활/미용/욕실가전",
    "ProductName": "그랑데 삼성전자 DV17T8520BP 본체",
    "ReviewScore": "5",
    "Syllable": "111",
    "Word": "22",
    "RDate": "20220621",
    "Aspects": [
      {
        "Aspect": "사이즈",
        "SentimentText": "크기가 생각보다 큽니다.",
        "SentimentWord": "3",
        "SentimentPolarity": "1"
      },
      {
        "Aspect": "제품구성",
        "SentimentText": "상단설치키트이용해 세탁기에 올려놓으니 안성마춤이네요.",
        "SentimentWord": "4",
        "SentimentPolarity": "1"
      }
    ]
  },
  {
    "Index": "19482",
    "RawText": "일단 색상 깔끔해서 넘 맘에 듭니다^^ 용량이 워낙 커서 이불까지 말릴수 있는 점이 특히 만족~",
    "Source": "쇼핑몰",
    "Domain": "가전",
    "MainCategory": "생활/미용/욕실가전",
    "ProductName": "그랑데 삼성전자 DV17T8520BP 본체",
    "ReviewScore": "4",
    "Syllable": "53",
    "Word": "15",
    "RDate": "20220205",
    "GeneralPolarity": "1",
    "Aspects": [
      {
        "Aspect": "색상",
        "SentimentText": "일단 색상 깔끔해서 넘 맘에 듭니다^^ ",
        "SentimentWord": "6",
        "SentimentPolarity": "1"
      },
      {
        "Aspect": "용량",
        "SentimentText": " 용량이 워낙 커서 이불까지 말릴수 있는 점이 특히 만족~",
        "SentimentWord": "9",
        "SentimentPolarity": "1"
      }
    ]
  },
  {
    "Index": "19483",
    "RawText": "건조하는데 시간이 너무 걸리네요:::: ㅠ  하지만 뽀송뽀송하게 나오는 옷들 보면 기능적인면에서 만족이네요 ㅎㅎ",
    "Source": "쇼핑몰",
    "Domain": "가전",
    "MainCategory": "생활/미용/욕실가전",
    "ProductName": "그랑데 삼성전자 DV17T8520BP 본체",
    "ReviewScore": "5",
    "Syllable": "62",
    "Word": "13",
    "RDate": "20220809",
    "Aspects": [
      {
        "Aspect": "시간/속도",
        "SentimentText": "건조하는데 시간이 너무 걸리네요:::: ㅠ",
        "SentimentWord": "5",
        "SentimentPolarity": "-1"
      },
      {
        "Aspect": "기능",
        "SentimentText": "뽀송뽀송하게 나오는 옷들 보면 기능적인면에서 만족이네요 ㅎㅎ",
        "SentimentWord": "7",
        "SentimentPolarity": "1"
      }
    ]
  }
]