[
  {
    "Index": "20402",
    "RawText": "구역별 설정후 청소 가능해서 좋고, 청소기 지나간 동선을 앱으로 바로 확인 할 수 있어서 편리하죠. 스테이션에서 먼지는 자동으로 배출하니  마음이 흡족합니다.",
    "Source": "쇼핑몰",
    "Domain": "가전",
    "MainCategory": "생활/미용/욕실가전",
    "ProductName": "비스포크 삼성전자 제트 봇 VR30T85514 미스티화이트",
    "ReviewScore": "5",
    "Syllable": "88",
    "Word": "21",
    "RDate": "20220709",
    "GeneralPolarity": "1",
    "Aspects": [
      {
        "Aspect": "기능",
        "SentimentText": "구역별 설정후 청소 가능해서 좋고,",
        "SentimentWord": "5",
        "SentimentPolarity": "1"
      },
      {
        "Aspect": "편의성",
        "SentimentText": "청소기 지나간 동선을 앱으로 바로 확인 할 수 있어서 편리하죠",
        "SentimentWord": "10",
        "SentimentPolarity": "1"
      },
      {
        "Aspect": "기능",
        "SentimentText": "스테이션에서 먼지는 자동으로 배출하니  마음이 흡족합니다.",
        "SentimentWord": "6",
        "SentimentPolarity": "1"
      }
    ]
  },
  {
    "Index": "20403",
    "RawText": "하얀색에 현관 옆에 놓았는데 예뻐요^^ 청소기 성능도 만족스럽습니다.",
    "Source": "쇼핑몰",
    "Domain": "가전",
    "MainCategory": "생활/미용/욕실가전",
    "ProductName": "비스포크 삼성전자 제트 봇 VR30T85514 미스티화이트",
    "ReviewScore": "5",
    "Syllable": "38",
    "Word": "8",
    "RDate": "20220519",
    "Aspects": [
      {
        "Aspect": "색상",
        "SentimentText": "하얀색에 현관 옆에 놓았는데 예뻐요^^ ",
        "SentimentWord": "5",
        "SentimentPolarity": "0"
      },
      {
        "Aspect": "기능",
        "SentimentText": "청소기 성능도 만족스럽습니다.",
        "SentimentWord": "3",
        "SentimentPolarity": "1"
      }
    ]
  },
  {
    "Index": "20404",
    "RawText": "빠른 배송 친철하게 해주셔서 감사해요. 가격도 저렴하게 잘 샀네요.. AS편리해서 ㅇㅇㅇ로 선택했어요. 먼지를 알아서 비워주니  좋습니다.",
    "Source": "쇼핑몰",
    "Domain": "가전",
    "MainCategory": "생활/미용/욕실가전",
    "ProductName": "비스포크 삼성전자 제트 봇 VR30T85514 미스티화이트",
    "ReviewScore": "5",
    "Syllable": "77",
    "Word": "16",
    "RDate": "20220515",
    "Aspects": [
      {
        "Aspect": "가격",
        "SentimentText": "가격도 저렴하게 잘 샀네요",
        "SentimentWord": "4",
        "SentimentPolarity": "1"
      },
      {
        "Aspect": "기능",
        "SentimentText": "먼지를 알아서 비워주니  좋습니다.",
        "SentimentWord": "4",
        "SentimentPolarity": "1"
      }
    ]
  },
  {
    "Index": "20405",
    "RawText": "배송과 상담 매우 만족해요. 친절하셨어요^^청소기 사용시 소음은 작지만 물걸레에 비해 분명히 시끄러워요.편리하게 사용될 장점이 굉장히 많아서 1000프로,그이상 만족스럽습니다.",
    "Source": "쇼핑몰",
    "Domain": "가전",
    "MainCategory": "생활/미용/욕실가전",
    "ProductName": "비스포크 삼성전자 제트 봇 VR30T85514 미스티화이트",
    "ReviewScore": "5",
    "Syllable": "98",
    "Word": "18",
    "RDate": "20220524",
    "Aspects": [
      {
        "Aspect": "소음",
        "SentimentText": "청소기 사용시 소음은 작지만 물걸레에 비해 분명히 시끄러워요",
        "SentimentWord": "8",
        "SentimentPolarity": "0"
      },
      {
        "Aspect": "편의성",
        "SentimentText": "편리하게 사용될 장점이 굉장히 많아서 1000프로,그이상 만족스럽습니다.",
        "SentimentWord": "7",
        "SentimentPolarity": "1"
      }
    ]
  },
  {
    "Index": "20406",
    "RawText": "설명서에 있는 QR코드를 통해 앱을 다운하면 조작도 간편하게 잘할수있어요.... .소음은 기존유선청소기 사용 할때랑 비슷한게 진짜 조용하지도 시끄럽지도  않은소리로 맘에 들어요.",
    "Source": "쇼핑몰",
    "Domain": "가전",
    "MainCategory": "생활/미용/욕실가전",
    "ProductName": "비스포크 삼성전자 제트 봇 VR30T85514 미스티화이트",
    "ReviewScore": "5",
    "Syllable": "99",
    "Word": "20",
    "RDate": "20220520",
    "Aspects": [
      {
        "Aspect": "조작성",
        "SentimentText": "설명서에 있는 QR코드를 통해 앱을 다운하면 조작도 간편하게 잘할수있어요.... ",
        "SentimentWord": "9",
        "SentimentPolarity": "0"
      },
      {
        "Aspect": "소음",
        "SentimentText": "소음은 기존유선청소기 사용 할때랑 비슷한게 진짜 조용하지도 시끄럽지도  않은소리로 맘에 들어요.",
        "SentimentWord": "11",
        "SentimentPolarity": "1"
      }
    ]
  },
  {
    "Index": "20407",
    "RawText": "배송은  많~~~~이 느립니다.제품 사용법 간단해서 좋구요, 설치도 쉬워서 구입하길 잘 했지요! 더 써봐야 알겠지만,  청소가 깨끗히 잘되서 배송을 제외하면 별 다섯개 줄 만큼 만족해요!",
    "Source": "쇼핑몰",
    "Domain": "가전",
    "MainCategory": "생활/미용/욕실가전",
    "ProductName": "비스포크 삼성전자 제트 봇 VR30T85514 미스티화이트",
    "ReviewScore": "4",
    "Syllable": "104",
    "Word": "24",
    "RDate": "20220618",
    "Aspects": [
      {
        "Aspect": "조작성",
        "SentimentText": "사용법 간단해서 좋구요,설치도 쉬워서 구입하길 잘 했지요!",
        "SentimentWord": "7",
        "SentimentPolarity": "1"
      },
      {
        "Aspect": "기능",
        "SentimentText": "청소가 깨끗히 잘되서 배송을 제외하면 별 다섯개 줄 만큼 만족해요!",
        "SentimentWord": "10",
        "SentimentPolarity": "1"
      }
    ]
  },
  {
    "Index": "20408",
    "RawText": "배송은 많이 늦어서 실망이에요. 포장 상태도 별탈 없이 배송되서 다행이죠.힘들이지 않고 청소해서 편리한데,소음은 시끄러워요~ 출근 후 예약 작동 히면 편리해서 좋아요",
    "Source": "쇼핑몰",
    "Domain": "가전",
    "MainCategory": "생활/미용/욕실가전",
    "ProductName": "비스포크 삼성전자 제트 봇 VR30T85514 미스티화이트",
    "ReviewScore": "4",
    "Syllable": "92",
    "Word": "21",
    "RDate": "20220620",
    "Aspects": [
      {
        "Aspect": "편의성",
        "SentimentText": "힘들이지 않고 청소해서 편리한데,",
        "SentimentWord": "4",
        "SentimentPolarity": "1"
      },
      {
        "Aspect": "소음",
        "SentimentText": "소음은 시끄러워요~ ",
        "SentimentWord": "2",
        "SentimentPolarity": "-1"
      },
      {
        "Aspect": "편의성",
        "SentimentText": "출근 후 예약 작동 히면 편리해서 좋아요",
        "SentimentWord": "7",
        "SentimentPolarity": "1"
      }
    ]
  },
  {
    "Index": "20409",
    "RawText": "예약 청소 해놓고 외부에서 확인도 가능해서 정말 편리하고 유용하네요~~  품질 좋은제품 잘 구매했어요 !!",
    "Source": "쇼핑몰",
    "Domain": "가전",
    "MainCategory": "생활/미용/욕실가전",
    "ProductName": "비스포크 삼성전자 제트 봇 VR30T85514 미스티화이트",
    "ReviewScore": "5",
    "Syllable": "59",
    "Word": "14",
    "RDate": "20220629",
    "Aspects": [
      {
        "Aspect": "편의성",
        "SentimentText": "예약 청소 해놓고 외부에서 확인도 가능해서 정말 편리하고 유용하네요~~",
        "SentimentWord": "9",
        "SentimentPolarity": "1"
      },
      {
        "Aspect": "품질",
        "SentimentText": "품질 좋은제품 잘 구매했어요 !!",
        "SentimentWord": "5",
        "SentimentPolarity": "1"
      }
    ]
  },
  {
    "Index": "20410",
    "RawText": "소음은 예전에 사용하던 모델보다는 조용해서 만족해요~ 가격대비 정말 만족스러워요.",
    "Source": "쇼핑몰",
    "Domain": "가전",
    "MainCategory": "생활/미용/욕실가전",
    "ProductName": "비스포크 삼성전자 제트 봇 VR30T85514 미스티화이트",
    "ReviewScore": "5",
    "Syllable": "45",
    "Word": "9",
    "RDate": "20220821",
    "Aspects": [
      {
        "Aspect": "소음",
        "SentimentText": "소음은 예전에 사용하던 모델보다는 조용해서 만족해요~",
        "SentimentWord": "6",
        "SentimentPolarity": "1"
      },
      {
        "Aspect": "가격",
        "SentimentText": "가격대비 정말 만족스러워요. ",
        "SentimentWord": "3",
        "SentimentPolarity": "1"
      }
    ]
  },
  {
    "Index": "20411",
    "RawText": "배송빠른거 감사드려요. 타사이트는 늦는다는데 전 3일걸렸네요.로봇청소기 처음 사용이라 망설였는데 만족스러워요. 청소할때 소음이 있는데 일반 000청소기 정도라 괜찮아요. 청소도 꼼꼼하게 해줘 좋습니다.",
    "Source": "쇼핑몰",
    "Domain": "가전",
    "MainCategory": "생활/미용/욕실가전",
    "ProductName": "비스포크 삼성전자 제트 봇 VR30T85514 미스티화이트",
    "ReviewScore": "5",
    "Syllable": "112",
    "Word": "21",
    "RDate": "20220507",
    "Aspects": [
      {
        "Aspect": "소음",
        "SentimentText": "청소할때 소음이 있는데 일반 000청소기 정도라 괜찮아요. ",
        "SentimentWord": "7",
        "SentimentPolarity": "0"
      },
      {
        "Aspect": "기능",
        "SentimentText": "청소도 꼼꼼하게 해줘 좋습니다. ",
        "SentimentWord": "4",
        "SentimentPolarity": "1"
      }
    ]
  },
  {
    "Index": "20412",
    "RawText": "상품은 청소가 깨끗하게 되니 만족스러워요. 소음은 당연히 있지만 생각보다 조용해서 만족해요",
    "Source": "쇼핑몰",
    "Domain": "가전",
    "MainCategory": "생활/미용/욕실가전",
    "ProductName": "비스포크 삼성전자 제트 봇 VR30T85514 미스티화이트",
    "ReviewScore": "5",
    "Syllable": "50",
    "Word": "11",
    "RDate": "20220706",
    "Aspects": [
      {
        "Aspect": "기능",
        "SentimentText": "상품은 청소가 깨끗하게 되니 만족스러워요.",
        "SentimentWord": "5",
        "SentimentPolarity": "1"
      },
      {
        "Aspect": "소음",
        "SentimentText": "소음은 당연히 있지만 생각보다 조용해서 만족해요",
        "SentimentWord": "6",
        "SentimentPolarity": "1"
      }
    ]
  },
  {
    "Index": "20413",
    "RawText": "충전도 알아서 잘 하고~ 좋아요 다른곳보다 아주 저렴한 가격이라 좋았어요.",
    "Source": "쇼핑몰",
    "Domain": "가전",
    "MainCategory": "생활/미용/욕실가전",
    "ProductName": "비스포크 삼성전자 제트 봇 VR30T85514 미스티화이트",
    "ReviewScore": "5",
    "Syllable": "41",
    "Word": "10",
    "RDate": "20220701",
    "Aspects": [
      {
        "Aspect": "배터리",
        "SentimentText": "충전도 알아서 잘 하고~ 좋아요",
        "SentimentWord": "5",
        "SentimentPolarity": "1"
      },
      {
        "Aspect": "가격",
        "SentimentText": "다른곳보다 아주 저렴한 가격이라 좋았어요. ",
        "SentimentWord": "5",
        "SentimentPolarity": "1"
      }
    ]
  },
  {
    "Index": "20414",
    "RawText": "생각했던것보다 배송이 빨라서 좋네요. 소음은 그닥 조용하지 않네요. ㅠ.ㅠ 청소가 깨끗하게 되어서 좋아요. 부모님께 선물드리기  딱좋아요. 먼지통 안비워도 되는데 정말 좋습니다.",
    "Source": "쇼핑몰",
    "Domain": "가전",
    "MainCategory": "생활/미용/욕실가전",
    "ProductName": "비스포크 삼성전자 제트 봇 VR30T85514 미스티화이트",
    "ReviewScore": "5",
    "Syllable": "99",
    "Word": "21",
    "RDate": "20220508",
    "Aspects": [
      {
        "Aspect": "소음",
        "SentimentText": "소음은 그닥 조용하지 않네요. ㅠ.ㅠ",
        "SentimentWord": "5",
        "SentimentPolarity": "-1"
      },
      {
        "Aspect": "기능",
        "SentimentText": "청소가 깨끗하게 되어서  좋아요. ",
        "SentimentWord": "4",
        "SentimentPolarity": "1"
      },
      {
        "Aspect": "편의성",
        "SentimentText": "먼지통 안비워도 되는데 정말 좋습니다.  ",
        "SentimentWord": "5",
        "SentimentPolarity": "1"
      }
    ]
  },
  {
    "Index": "20415",
    "RawText": "ㅇㅇㅇ1세대 썼었는데, 이사해서 바꿔보니 깨끗하게 청소가 잘되서 매우 만족합니다. 화이트라 고급지고 깨긋하네요^^",
    "Source": "쇼핑몰",
    "Domain": "가전",
    "MainCategory": "생활/미용/욕실가전",
    "ProductName": "비스포크 삼성전자 제트 봇 VR30T85514 미스티화이트",
    "ReviewScore": "5",
    "Syllable": "63",
    "Word": "12",
    "RDate": "20220624",
    "Aspects": [
      {
        "Aspect": "기능",
        "SentimentText": "깨끗하게 청소가 잘되서 매우 만족합니다",
        "SentimentWord": "5",
        "SentimentPolarity": "1"
      },
      {
        "Aspect": "색상",
        "SentimentText": " 화이트라 고급지고 깨긋하네요^^",
        "SentimentWord": "3",
        "SentimentPolarity": "1"
      }
    ]
  },
  {
    "Index": "20416",
    "RawText": "설치후 시험삼아 작동해봤어요.먼저  방모양을 탐색하더니 청소를 꼼꼼히 해서 좋더라구요 .와이파이 환경은 좋지 않아서, 온오프로만 쓰고있어요.휴대폰이랑 블루투스연결이 안되는건 아쉽네요",
    "Source": "쇼핑몰",
    "Domain": "가전",
    "MainCategory": "생활/미용/욕실가전",
    "ProductName": "비스포크 삼성전자 제트 봇 VR30T85514 미스티화이트",
    "ReviewScore": "5",
    "Syllable": "101",
    "Word": "18",
    "RDate": "20220620",
    "GeneralPolarity": "0",
    "Aspects": [
      {
        "Aspect": "기능",
        "SentimentText": "먼저  방모양을 탐색하더니 청소를 꼼꼼히 해서 좋더라구요",
        "SentimentWord": "7",
        "SentimentPolarity": "1"
      },
      {
        "Aspect": "조작성",
        "SentimentText": "휴대폰이랑 블루투스연결이 안되는건 아쉽네요",
        "SentimentWord": "4",
        "SentimentPolarity": "-1"
      }
    ]
  },
  {
    "Index": "20417",
    "RawText": "가격 저렴히 잘사서 뿌듯합니다. 하자없고 작동 잘되서 만족합니다~",
    "Source": "쇼핑몰",
    "Domain": "가전",
    "MainCategory": "생활/미용/욕실가전",
    "ProductName": "비스포크 삼성전자 제트 봇 VR30T85514 미스티화이트",
    "ReviewScore": "4",
    "Syllable": "36",
    "Word": "8",
    "RDate": "20220808",
    "Aspects": [
      {
        "Aspect": "가격",
        "SentimentText": "가격 저렴히 잘사서 뿌듯합니다.",
        "SentimentWord": "4",
        "SentimentPolarity": "1"
      },
      {
        "Aspect": "품질",
        "SentimentText": " 하자없고 작동 잘되서 만족합니다~",
        "SentimentWord": "4",
        "SentimentPolarity": "1"
      }
    ]
  },
  {
    "Index": "20418",
    "RawText": "구역별로 설정해 편리하게 청소할 수 있어 굿~  여러번 돌려봣는데 청소잘해서  지금까진 좋았습니다.",
    "Source": "쇼핑몰",
    "Domain": "가전",
    "MainCategory": "생활/미용/욕실가전",
    "ProductName": "비스포크 삼성전자 제트 봇 VR30T85514 미스티화이트",
    "ReviewScore": "5",
    "Syllable": "55",
    "Word": "12",
    "RDate": "20220313",
    "Aspects": [
      {
        "Aspect": "편의성",
        "SentimentText": "구역별로 설정해 편리하게 청소할 수 있어 굿~",
        "SentimentWord": "7",
        "SentimentPolarity": "1"
      },
      {
        "Aspect": "기능",
        "SentimentText": "청소잘해서  지금까진 좋았습니다. ",
        "SentimentWord": "3",
        "SentimentPolarity": "1"
      }
    ]
  },
  {
    "Index": "20419",
    "RawText": "처음작동시 방을 스캔합니다. 지그재그방식으로 청소하더니 한번을 더 돌아다니며 가장자리쪽을 청소해주니 깨끗하네요. ^^ 배터리 충전시간이 오래오래 걸리네요::::::",
    "Source": "쇼핑몰",
    "Domain": "가전",
    "MainCategory": "생활/미용/욕실가전",
    "ProductName": "비스포크 삼성전자 제트 봇 VR30T85514 미스티화이트",
    "ReviewScore": "5",
    "Syllable": "91",
    "Word": "16",
    "RDate": "20220702",
    "Aspects": [
      {
        "Aspect": "기능",
        "SentimentText": "지그재그방식으로 청소하더니 한번을 더 돌아다니며 가장자리쪽을 청소해주니 깨끗하네요. ^^ ",
        "SentimentWord": "9",
        "SentimentPolarity": "1"
      },
      {
        "Aspect": "배터리",
        "SentimentText": "배터리 충전시간이 오래오래 걸리네요::::::",
        "SentimentWord": "4",
        "SentimentPolarity": "-1"
      }
    ]
  },
  {
    "Index": "20420",
    "RawText": "2년을 고민해서 국내 정발 떴을때 샀네요.창문을 보면 더러워서 고민이 많았어요. 나에게 온 ㅇㅇㅇ는  믿음이 가죠!잘 닦이는 성능은 두말하면 잔소리죠^^ 비가 개면 어서어서 사용하고 싶어요^^",
    "Source": "쇼핑몰",
    "Domain": "가전",
    "MainCategory": "생활/미용/욕실가전",
    "ProductName": "샤오미 HUTT C6 일반구매",
    "ReviewScore": "5",
    "Syllable": "107",
    "Word": "24",
    "RDate": "20220813",
    "GeneralPolarity": "1",
    "Aspects": [
      {
        "Aspect": "제조일/제조사",
        "SentimentText": "나에게 온 ㅇㅇㅇ는  믿음이 가죠!",
        "SentimentWord": "5",
        "SentimentPolarity": "1"
      },
      {
        "Aspect": "기능",
        "SentimentText": "잘 닦이는 성능은 두말하면 잔소리죠^^",
        "SentimentWord": "5",
        "SentimentPolarity": "1"
      }
    ]
  },
  {
    "Index": "20421",
    "RawText": "흡입력이 좋아 떨어지지 않고 잘 작동합니다 가격은 좀  비싸게 느껴져요. 일단 써보고 결정하렵니다. 국내정품이니 as는 잘 될거라 생각하며 구매합니다.",
    "Source": "쇼핑몰",
    "Domain": "가전",
    "MainCategory": "생활/미용/욕실가전",
    "ProductName": "샤오미 HUTT C6 일반구매",
    "ReviewScore": "5",
    "Syllable": "84",
    "Word": "19",
    "RDate": "20220822",
    "Aspects": [
      {
        "Aspect": "기능",
        "SentimentText": "흡입력이 좋아 떨어지지 않고 잘 작동합니다",
        "SentimentWord": "6",
        "SentimentPolarity": "1"
      },
      {
        "Aspect": "가격",
        "SentimentText": "가격은 좀  비싸게 느껴져요.",
        "SentimentWord": "4",
        "SentimentPolarity": "-1"
      }
    ]
  },
  {
    "Index": "20423",
    "RawText": "전용 걸레 벗고 끼우는게 어렵고 불편해요..... .  2~3시간 이상 연속 사용시 발열 때문인지 힘 떨어지는게 보여요 ㅠ 여러가지로 실망 ㅠ ㅠ",
    "Source": "쇼핑몰",
    "Domain": "가전",
    "MainCategory": "생활/미용/욕실가전",
    "ProductName": "샤오미 HUTT DDC55 해외구매",
    "ReviewScore": "1",
    "Syllable": "81",
    "Word": "21",
    "RDate": "20220119",
    "Aspects": [
      {
        "Aspect": "편의성",
        "SentimentText": "전용 걸레 벗고 끼우는게 어렵고 불편해요..... . ",
        "SentimentWord": "7",
        "SentimentPolarity": "-1"
      },
      {
        "Aspect": "내구성",
        "SentimentText": " 2~3시간 이상 연속 사용시 발열 때문인지 힘 떨어지는게 보여요 ㅠ 여러가지로 실망 ㅠ ㅠ",
        "SentimentWord": "14",
        "SentimentPolarity": "-1"
      }
    ]
  },
  {
    "Index": "20424",
    "RawText": "고층 17층은 직접 청소하기 위험해서 못했는데 이 제품을 만나고서 걱정이 사라졌어요. 찌든 물얼룩은 어찌하지 못하고 남깁니다. 찌든얼룩은  손으로 닦아도 힘드니까 이정도에 만족합니다.",
    "Source": "쇼핑몰",
    "Domain": "가전",
    "MainCategory": "생활/미용/욕실가전",
    "ProductName": "샤오미 HUTT DDC55 해외구매",
    "ReviewScore": "5",
    "Syllable": "102",
    "Word": "22",
    "RDate": "20211208",
    "GeneralPolarity": "1",
    "Aspects": [
      {
        "Aspect": "품질",
        "SentimentText": "고층 17층은 직접 청소하기 위험해서 못했는데 이 제품을 만나고서 걱정이 사라졌어요.",
        "SentimentWord": "11",
        "SentimentPolarity": "1"
      },
      {
        "Aspect": "기능",
        "SentimentText": "찌든 물얼룩은 어찌하지 못하고 남깁니다. 찌든얼룩은  손으로 닦아도 힘드니까 이정도에 만족합니다.",
        "SentimentWord": "11",
        "SentimentPolarity": "0"
      }
    ]
  },
  {
    "Index": "20426",
    "RawText": "세일할때 착한 가격에 구매해서 만족해요~2년동안 쌓인때가 모두 깨끗하게 닦여서 개운해요!! 판매자님 기분좋게 응대 해주셔서 감사합니다.",
    "Source": "쇼핑몰",
    "Domain": "가전",
    "MainCategory": "생활/미용/욕실가전",
    "ProductName": "샤오미 HUTT DDC55 해외구매",
    "ReviewScore": "5",
    "Syllable": "75",
    "Word": "15",
    "RDate": "20210912",
    "Aspects": [
      {
        "Aspect": "가격",
        "SentimentText": "세일할때 착한 가격에 구매해서 만족해요~",
        "SentimentWord": "5",
        "SentimentPolarity": "1"
      },
      {
        "Aspect": "기능",
        "SentimentText": "2년동안 쌓인때가 모두 깨끗하게 닦여서 개운해요!!",
        "SentimentWord": "6",
        "SentimentPolarity": "1"
      }
    ]
  },
  {
    "Index": "20427",
    "RawText": "기대를 많이 했는데 청소상태가 100프로 만족은 아니네요.... 색상도 화이트 주문했는데 블랙이 왔네요...ㅠ...",
    "Source": "쇼핑몰",
    "Domain": "가전",
    "MainCategory": "생활/미용/욕실가전",
    "ProductName": "샤오미 HUTT DDC55 해외구매",
    "ReviewScore": "1",
    "Syllable": "64",
    "Word": "12",
    "RDate": "20200710",
    "Aspects": [
      {
        "Aspect": "기능",
        "SentimentText": "기대를 많이 했는데 청소상태가 100프로 만족은 아니네요.... ",
        "SentimentWord": "7",
        "SentimentPolarity": "-1"
      },
      {
        "Aspect": "색상",
        "SentimentText": "색상도 화이트 주문했는데 블랙이 왔네요...ㅠ...",
        "SentimentWord": "5",
        "SentimentPolarity": "-1"
      }
    ]
  },
  {
    "Index": "20428",
    "RawText": "강력추천합니다. 무조건입니다. 생각외로 빠르게 왔어요. 소음은 좀 있어요. 일반 청소기 정도랄까? ^^ 사용해보니 라식한거마냥 밝게 잘 닦여요ㅎㅎ",
    "Source": "쇼핑몰",
    "Domain": "가전",
    "MainCategory": "생활/미용/욕실가전",
    "ProductName": "샤오미 HUTT DDC55 해외구매",
    "ReviewScore": "5",
    "Syllable": "81",
    "Word": "17",
    "RDate": "20210508",
    "Aspects": [
      {
        "Aspect": "소음",
        "SentimentText": "소음은 좀 있어요. 일반 청소기 정도랄까? ^^",
        "SentimentWord": "7",
        "SentimentPolarity": "0"
      },
      {
        "Aspect": "기능",
        "SentimentText": "사용해보니 라식한거마냥 밝게 잘 닦여요ㅎㅎ",
        "SentimentWord": "5",
        "SentimentPolarity": "1"
      }
    ]
  },
  {
    "Index": "20429",
    "RawText": "거실에 통유리 청소해보니 깨끗히 잘되서,  진작 샀으면 좋았겠다 후회 했어요. 예상보다 청소하는 시간은 꽤 길어서 불편해요. 그때는 드라마 시청 하면 서 청소기 청소하는거 보면 된답니다^^",
    "Source": "쇼핑몰",
    "Domain": "가전",
    "MainCategory": "생활/미용/욕실가전",
    "ProductName": "샤오미 HUTT DDC55 해외구매",
    "ReviewScore": "4",
    "Syllable": "105",
    "Word": "25",
    "RDate": "20210912",
    "GeneralPolarity": "0",
    "Aspects": [
      {
        "Aspect": "기능",
        "SentimentText": "통유리 청소해보니 깨끗히 잘되서,  진작 샀으면 좋았겠다 후회 했어요.",
        "SentimentWord": "9",
        "SentimentPolarity": "1"
      },
      {
        "Aspect": "시간/속도",
        "SentimentText": "예상보다 청소하는 시간은 꽤 길어서 불편해요.",
        "SentimentWord": "6",
        "SentimentPolarity": "-1"
      }
    ]
  },
  {
    "Index": "20430",
    "RawText": "고민 하다가  커뮤니티카페 상품평 만족후기가 많아 샀어요. 가성비 매우 좋은 물건이예요. 더러운곳 잘 닦여 산뜻해요.소음은 있는데 참을만한 소음입니다.~",
    "Source": "쇼핑몰",
    "Domain": "가전",
    "MainCategory": "생활/미용/욕실가전",
    "ProductName": "샤오미 HUTT DDC55 해외구매",
    "ReviewScore": "5",
    "Syllable": "85",
    "Word": "18",
    "RDate": "20220117",
    "GeneralPolarity": "1",
    "Aspects": [
      {
        "Aspect": "가격",
        "SentimentText": "가성비 매우 좋은 물건이예요. ",
        "SentimentWord": "4",
        "SentimentPolarity": "1"
      },
      {
        "Aspect": "기능",
        "SentimentText": " 더러운곳 잘 닦여 산뜻해요.",
        "SentimentWord": "4",
        "SentimentPolarity": "1"
      },
      {
        "Aspect": "소음",
        "SentimentText": "소음은 있는데 참을만한 소음입니다.~",
        "SentimentWord": "4",
        "SentimentPolarity": "0"
      }
    ]
  },
  {
    "Index": "20431",
    "RawText": "고층 아파트 청소도 깨끗히 잘 됩니다! 많이 더러우면 마른 걸래 사용해서 한번 닦고, 다음으로 물걸래로 하면 좋아요!물걸래에 물이 흥건할때는 미끄러져서 당황했어요~ 물기를 꼭 짜서 사용해야 좋아요^^",
    "Source": "쇼핑몰",
    "Domain": "가전",
    "MainCategory": "생활/미용/욕실가전",
    "ProductName": "샤오미 HUTT DDC55 해외구매",
    "ReviewScore": "5",
    "Syllable": "111",
    "Word": "26",
    "RDate": "20210820",
    "GeneralPolarity": "0",
    "Aspects": [
      {
        "Aspect": "기능",
        "SentimentText": "고층 아파트 청소도 깨끗히 잘 됩니다!",
        "SentimentWord": "6",
        "SentimentPolarity": "1"
      },
      {
        "Aspect": "기능",
        "SentimentText": "물걸래에 물이 흥건할때는 미끄러져서 당황했어요~ ",
        "SentimentWord": "5",
        "SentimentPolarity": "-1"
      }
    ]
  },
  {
    "Index": "20432",
    "RawText": "구매후기 확인후 주문했어요. 전원만 누르면 되니 진짜 창문청소하기 쉬워요. 돼지코 코드가 헐거워 잘빠지는거 불편하니 보완해주세요. 나머진 만족해요.",
    "Source": "쇼핑몰",
    "Domain": "가전",
    "MainCategory": "생활/미용/욕실가전",
    "ProductName": "샤오미 HUTT DDC55 해외구매",
    "ReviewScore": "5",
    "Syllable": "82",
    "Word": "17",
    "RDate": "20210112",
    "GeneralPolarity": "0",
    "Aspects": [
      {
        "Aspect": "조작성",
        "SentimentText": "전원만 누르면 되니 진짜 창문청소하기 쉬워요.",
        "SentimentWord": "6",
        "SentimentPolarity": "1"
      },
      {
        "Aspect": "품질",
        "SentimentText": "돼지코 코드가 헐거워 잘빠지는거 불편하니 보완해주세요. ",
        "SentimentWord": "6",
        "SentimentPolarity": "-1"
      }
    ]
  },
  {
    "Index": "20434",
    "RawText": "청소후 깨끗한 창을 보니 속이 시원해요!! 외부창을 제품 두께가 두꺼워서 베란다 난간 사이가 좁으니 닦을수 없는아쉬운점이 있지만 대 만족입니다.",
    "Source": "쇼핑몰",
    "Domain": "가전",
    "MainCategory": "생활/미용/욕실가전",
    "ProductName": "샤오미 HUTT DDC55 해외구매",
    "ReviewScore": "5",
    "Syllable": "80",
    "Word": "19",
    "RDate": "20220728",
    "GeneralPolarity": "1",
    "Aspects": [
      {
        "Aspect": "기능",
        "SentimentText": "청소후 깨끗한 창을 보니 속이 시원해요!! ",
        "SentimentWord": "6",
        "SentimentPolarity": "1"
      },
      {
        "Aspect": "사이즈",
        "SentimentText": "제품 두께가 두꺼워서 베란다 난간 사이가 좁으니 닦을수 없는아쉬운점이 있지만",
        "SentimentWord": "10",
        "SentimentPolarity": "-1"
      }
    ]
  },
  {
    "Index": "20435",
    "RawText": "내가 돈주고 내가 샀어요. 고민 많이 하고 샀어요. 그런데 진심 만족이예요. 그동안 닦기 힘들었던 유리 슥슥 닦으니 기분이 좋아서 추천 추천이예요. 청소후 선 정리하기가 불편해요...자꾸 꼬이네요 ㅠㅠ",
    "Source": "쇼핑몰",
    "Domain": "가전",
    "MainCategory": "생활/미용/욕실가전",
    "ProductName": "샤오미 HUTT DDC55 해외구매",
    "ReviewScore": "5",
    "Syllable": "112",
    "Word": "27",
    "RDate": "20220228",
    "Aspects": [
      {
        "Aspect": "기능",
        "SentimentText": "닦기 힘들었던 유리 슥슥 닦으니 기분이 좋아서 추천 추천이예요. ",
        "SentimentWord": "9",
        "SentimentPolarity": "1"
      },
      {
        "Aspect": "편의성",
        "SentimentText": "청소후 선 정리하기가 불편해요...자꾸 꼬이네요 ㅠㅠ",
        "SentimentWord": "6",
        "SentimentPolarity": "-1"
      }
    ]
  },
  {
    "Index": "20436",
    "RawText": "에구 깨끗해져봤자지 싶었습니다. 그런데 확실히 차이나게 잘 닦여요!!!!그런데 가끔  마음대로켜져서 오직동하고 안꺼지는 경우가 있어요.....",
    "Source": "쇼핑몰",
    "Domain": "가전",
    "MainCategory": "생활/미용/욕실가전",
    "ProductName": "샤오미 HUTT DDC55 해외구매",
    "ReviewScore": "5",
    "Syllable": "79",
    "Word": "14",
    "RDate": "20211205",
    "Aspects": [
      {
        "Aspect": "기능",
        "SentimentText": "확실히 차이나게 잘 닦여요!!!! ",
        "SentimentWord": "4",
        "SentimentPolarity": "1"
      },
      {
        "Aspect": "품질",
        "SentimentText": " 가끔  마음대로켜져서 오직동하고 안꺼지는 경우가 있어요.....",
        "SentimentWord": "6",
        "SentimentPolarity": "-1"
      }
    ]
  },
  {
    "Index": "20437",
    "RawText": "매우  깨끗히  닦여서 좋아요^^지인들에게 알리면서 홍보중이에요! 힘들이지 않고 편하게 닦을수 있으니 신세계지요^^창문이  깨끗해지고 보니 집도 환해집니다^^정말 감동을 주는 상품이에요~감사합니다^^",
    "Source": "쇼핑몰",
    "Domain": "가전",
    "MainCategory": "생활/미용/욕실가전",
    "ProductName": "샤오미 HUTT DDC55 해외구매",
    "ReviewScore": "5",
    "Syllable": "111",
    "Word": "19",
    "RDate": "20210617",
    "GeneralPolarity": "1",
    "Aspects": [
      {
        "Aspect": "기능",
        "SentimentText": "매우  깨끗히  닦여서 좋아요^^",
        "SentimentWord": "4",
        "SentimentPolarity": "1"
      },
      {
        "Aspect": "편의성",
        "SentimentText": "힘들이지 않고 편하게 닦을수 있으니 신세계지요^^",
        "SentimentWord": "6",
        "SentimentPolarity": "1"
      }
    ]
  },
  {
    "Index": "20438",
    "RawText": "창이 진짜 깨끗해져요 무척  잘샀네요. 구입전엔  의심 했었는데, 힘들이지 않고 닦을 수 있으니 편해요!! 배송 받은날  방세개, 거실, 베란다 까지 모두 해 봤어요. 꼭 한번 써보세요^^",
    "Source": "쇼핑몰",
    "Domain": "가전",
    "MainCategory": "생활/미용/욕실가전",
    "ProductName": "샤오미 HUTT DDC55 해외구매",
    "ReviewScore": "5",
    "Syllable": "105",
    "Word": "26",
    "RDate": "20210627",
    "GeneralPolarity": "1",
    "Aspects": [
      {
        "Aspect": "기능",
        "SentimentText": "창이 진짜 깨끗해져요 무척  잘샀네요.",
        "SentimentWord": "5",
        "SentimentPolarity": "1"
      },
      {
        "Aspect": "편의성",
        "SentimentText": "힘들이지 않고 닦을 수 있으니 편해요",
        "SentimentWord": "6",
        "SentimentPolarity": "1"
      }
    ]
  },
  {
    "Index": "20439",
    "RawText": "날씨가 추운 관계로  외부는 닦지 못했어요. 내부 창은 잘붙고 위아래 할거없이 깨끗히 닦아줘서 정말 좋아요.안쪽에비해  손  닿지않는 바깥쪽을 닦으면 덜깨끗한 느낌이에요ㅠㅠ",
    "Source": "쇼핑몰",
    "Domain": "가전",
    "MainCategory": "생활/미용/욕실가전",
    "ProductName": "샤오미 HUTT DDC55 해외구매",
    "ReviewScore": "5",
    "Syllable": "96",
    "Word": "21",
    "RDate": "20210111",
    "GeneralPolarity": "0",
    "Aspects": [
      {
        "Aspect": "기능",
        "SentimentText": " 내부 창은 잘붙고 위아래 할거없이 깨끗히 닦아줘서 정말 좋아요",
        "SentimentWord": "9",
        "SentimentPolarity": "1"
      },
      {
        "Aspect": "기능",
        "SentimentText": "안쪽에비해  손  닿지않는 바깥쪽을 닦으면 덜깨끗한 느낌이에요ㅠㅠ",
        "SentimentWord": "7",
        "SentimentPolarity": "-1"
      }
    ]
  },
  {
    "Index": "20440",
    "RawText": "처음부터 걱정이 없진 않았는데, 떨어 지지 않고 잘닦아서 정말 좋네요. 창에서 먼지필터를 하나 빼낸 느낌이구요, 깨끗하고 맑은 하늘을 만끽 할수 있어서 정말 좋아요 . 디자인도 맘에 들구요. 배송이 느려서 기분은 안좋았어요.",
    "Source": "쇼핑몰",
    "Domain": "가전",
    "MainCategory": "생활/미용/욕실가전",
    "ProductName": "샤오미 HUTT DDC55 해외구매",
    "ReviewScore": "5",
    "Syllable": "125",
    "Word": "31",
    "RDate": "20210511",
    "Aspects": [
      {
        "Aspect": "기능",
        "SentimentText": "떨어 지지 않고 잘닦아서 정말 좋네요. ",
        "SentimentWord": "6",
        "SentimentPolarity": "1"
      },
      {
        "Aspect": "디자인",
        "SentimentText": "디자인도 맘에 들구요.",
        "SentimentWord": "3",
        "SentimentPolarity": "1"
      }
    ]
  },
  {
    "Index": "20441",
    "RawText": "몹시 마음에 들었습니다. 어여쁘게 일 잘하네요. 젤 저렴하게 구매해서 즐거워요. 부지런히 청소잘하니 잘 닦여  어여쁘네요.",
    "Source": "쇼핑몰",
    "Domain": "가전",
    "MainCategory": "생활/미용/욕실가전",
    "ProductName": "샤오미 HUTT DDC55 해외구매",
    "ReviewScore": "5",
    "Syllable": "68",
    "Word": "15",
    "RDate": "20210819",
    "GeneralPolarity": "1",
    "Aspects": [
      {
        "Aspect": "가격",
        "SentimentText": "젤 저렴하게 구매해서 즐거워요.",
        "SentimentWord": "4",
        "SentimentPolarity": "1"
      },
      {
        "Aspect": "기능",
        "SentimentText": "부지런히 청소잘하니 잘 닦여  어여쁘네요. ",
        "SentimentWord": "5",
        "SentimentPolarity": "1"
      }
    ]
  },
  {
    "Index": "20442",
    "RawText": "댓글들을보고 걱정이 앞섰었지만, 직접 창문에 붙여서 사용해보니 말이 필요없게 청소가 깨끗히 되더라구요.청소할때 시간은 좀 걸리는 편이에요.감사한 맘으로 사용중이라서 적극 추천 합니다.",
    "Source": "쇼핑몰",
    "Domain": "가전",
    "MainCategory": "생활/미용/욕실가전",
    "ProductName": "샤오미 HUTT DDC55 해외구매",
    "ReviewScore": "5",
    "Syllable": "102",
    "Word": "21",
    "RDate": "20201220",
    "GeneralPolarity": "1",
    "Aspects": [
      {
        "Aspect": "기능",
        "SentimentText": "말이 필요없게 청소가 깨끗히 되더라구요.",
        "SentimentWord": "5",
        "SentimentPolarity": "1"
      },
      {
        "Aspect": "시간/속도",
        "SentimentText": "청소할때 시간은 좀 걸리는 편이에요",
        "SentimentWord": "5",
        "SentimentPolarity": "-1"
      }
    ]
  },
  {
    "Index": "20443",
    "RawText": "배송받고 거실창문 청소해보니 깨끗하게 마무리 되네요.간단한 사용법으로 사용하기 좋네요.흡착력은 좋으니 처음부터 잘붙여 사용하면 떨어지진 않고 사용 잘되요!!",
    "Source": "쇼핑몰",
    "Domain": "가전",
    "MainCategory": "생활/미용/욕실가전",
    "ProductName": "샤오미 HUTT DDC55 해외구매",
    "ReviewScore": "5",
    "Syllable": "87",
    "Word": "17",
    "RDate": "20210911",
    "GeneralPolarity": "1",
    "Aspects": [
      {
        "Aspect": "기능",
        "SentimentText": "청소해보니 깨끗하게 마무리 되네요.",
        "SentimentWord": "4",
        "SentimentPolarity": "1"
      },
      {
        "Aspect": "조작성",
        "SentimentText": "간단한 사용법으로 사용하기 좋네요",
        "SentimentWord": "4",
        "SentimentPolarity": "1"
      },
      {
        "Aspect": "기능",
        "SentimentText": "처음부터 잘붙여 사용하면 떨어지진 않고 사용 잘되요!!",
        "SentimentWord": "7",
        "SentimentPolarity": "1"
      }
    ]
  },
  {
    "Index": "20444",
    "RawText": "처음 시작은 마른걸레로 하고 그뒤 물걸레로 더 닦아주면 아주 깨끗하게 청소해서 좋습니다. 실내 작동시켰는데 소음 엄청크게 들려요 ㅠ ㅠ",
    "Source": "쇼핑몰",
    "Domain": "가전",
    "MainCategory": "생활/미용/욕실가전",
    "ProductName": "샤오미 HUTT DDC55 해외구매",
    "ReviewScore": "5",
    "Syllable": "75",
    "Word": "19",
    "RDate": "20210806",
    "Aspects": [
      {
        "Aspect": "기능",
        "SentimentText": "아주 깨끗하게 청소해서 좋습니다.",
        "SentimentWord": "4",
        "SentimentPolarity": "1"
      },
      {
        "Aspect": "소음",
        "SentimentText": "실내 작동시켰는데 소음 엄청크게 들려요 ㅠ ㅠ ",
        "SentimentWord": "7",
        "SentimentPolarity": "-1"
      }
    ]
  },
  {
    "Index": "20445",
    "RawText": "매장유리청소 하려고 구입후, 집에서 먼저 써보니 깨끗하게 잘 닦여서 개운하네요^^ 아쉽게도 가장자리가 안닦이는 부분이 있고, 리모컨도 작동이 잘 안되네요. 가격에 비해선 좋은 상품이에요!!",
    "Source": "쇼핑몰",
    "Domain": "가전",
    "MainCategory": "생활/미용/욕실가전",
    "ProductName": "샤오미 HUTT DDC55 해외구매",
    "ReviewScore": "4",
    "Syllable": "105",
    "Word": "23",
    "RDate": "20201218",
    "GeneralPolarity": "0",
    "Aspects": [
      {
        "Aspect": "기능",
        "SentimentText": "집에서 먼저 써보니 깨끗하게 잘 닦여서 개운하네요^^",
        "SentimentWord": "7",
        "SentimentPolarity": "1"
      },
      {
        "Aspect": "기능",
        "SentimentText": "아쉽게도 가장자리가 안닦이는 부분이 있고",
        "SentimentWord": "5",
        "SentimentPolarity": "-1"
      },
      {
        "Aspect": "품질",
        "SentimentText": "리모컨도 작동이 잘 안되네요. ",
        "SentimentWord": "4",
        "SentimentPolarity": "-1"
      },
      {
        "Aspect": "가격",
        "SentimentText": " 가격에 비해선 좋은 상품이에요!!",
        "SentimentWord": "4",
        "SentimentPolarity": "1"
      }
    ]
  },
  {
    "Index": "20446",
    "RawText": "한글 설명서도 있어서 어렵지않게 사용했습니다.  청소기 성능이 몹시 좋아요. 짱~",
    "Source": "쇼핑몰",
    "Domain": "가전",
    "MainCategory": "생활/미용/욕실가전",
    "ProductName": "샤오미 HUTT DDC55 해외구매",
    "ReviewScore": "4",
    "Syllable": "45",
    "Word": "10",
    "RDate": "20210903",
    "Aspects": [
      {
        "Aspect": "조작성",
        "SentimentText": "한글 설명서도 있어서 어렵지않게 사용했습니다. ",
        "SentimentWord": "5",
        "SentimentPolarity": "1"
      },
      {
        "Aspect": "기능",
        "SentimentText": "청소기 성능이 몹시 좋아요. 짱~ ",
        "SentimentWord": "5",
        "SentimentPolarity": "1"
      }
    ]
  },
  {
    "Index": "20447",
    "RawText": "반신반의한 맘으로구입했어요. 잘 닦이는 성능이 굉장히 만족스러워요.약간 시끄러운건 별로긴 하죠. 외부창 2번쯤 닦아보니 창으로 보는 세상이 달라질 정도로 깨끗해졌네요.굉장합니다!!",
    "Source": "쇼핑몰",
    "Domain": "가전",
    "MainCategory": "생활/미용/욕실가전",
    "ProductName": "샤오미 HUTT DDC55 해외구매",
    "ReviewScore": "5",
    "Syllable": "100",
    "Word": "19",
    "RDate": "20210913",
    "GeneralPolarity": "1",
    "Aspects": [
      {
        "Aspect": "기능",
        "SentimentText": "잘 닦이는 성능이 굉장히 만족스러워요",
        "SentimentWord": "5",
        "SentimentPolarity": "1"
      },
      {
        "Aspect": "소음",
        "SentimentText": "약간 시끄러운건 별로긴 하죠",
        "SentimentWord": "4",
        "SentimentPolarity": "-1"
      },
      {
        "Aspect": "기능",
        "SentimentText": "외부창 2번쯤 닦아보니 창으로 보는 세상이 달라질 정도로 깨끗해졌네요",
        "SentimentWord": "9",
        "SentimentPolarity": "1"
      }
    ]
  },
  {
    "Index": "20448",
    "RawText": "반신반의했습니다. 근데 유리 진짜 잘 닦아줍니다 최고~. 비가 오니 빨리 사용해보지 못했어요. 후회없습니다. 소음이 있어서 쫌~~ ^^;;;",
    "Source": "쇼핑몰",
    "Domain": "가전",
    "MainCategory": "생활/미용/욕실가전",
    "ProductName": "샤오미 HUTT DDC55 해외구매",
    "ReviewScore": "5",
    "Syllable": "78",
    "Word": "17",
    "RDate": "20210531",
    "GeneralPolarity": "0",
    "Aspects": [
      {
        "Aspect": "기능",
        "SentimentText": "유리 진짜 잘 닦아줍니다 최고~. ",
        "SentimentWord": "5",
        "SentimentPolarity": "1"
      },
      {
        "Aspect": "소음",
        "SentimentText": "소음이 있어서 쫌~~ ^^;;;",
        "SentimentWord": "4",
        "SentimentPolarity": "-1"
      }
    ]
  },
  {
    "Index": "20449",
    "RawText": "배송 받고 먼저 베란다 창을 청소했더니, 불안했던 마음을 아는것처럼  척척 자동으로 깨끗히 닦아줘서 신기했어요.크기는 생각보다 두꺼워서 실망이긴 했어요. 아내는 진짜 좋아 하네요^^",
    "Source": "쇼핑몰",
    "Domain": "가전",
    "MainCategory": "생활/미용/욕실가전",
    "ProductName": "샤오미 HUTT DDC55 해외구매",
    "ReviewScore": "5",
    "Syllable": "101",
    "Word": "22",
    "RDate": "20211124",
    "GeneralPolarity": "0",
    "Aspects": [
      {
        "Aspect": "기능",
        "SentimentText": "척척 자동으로 깨끗히 닦아줘서 신기했어요",
        "SentimentWord": "5",
        "SentimentPolarity": "1"
      },
      {
        "Aspect": "사이즈",
        "SentimentText": "크기는 생각보다 두꺼워서 실망이긴 했어요",
        "SentimentWord": "5",
        "SentimentPolarity": "-1"
      }
    ]
  },
  {
    "Index": "20450",
    "RawText": "받고 이곳저곳 창문들마다 청소해보고 있습니다. 어휴 소음이 좀 크네요.여름철 시선집중될것 같아요. 창문닦기 성능은 매우 좋습니다.",
    "Source": "쇼핑몰",
    "Domain": "가전",
    "MainCategory": "생활/미용/욕실가전",
    "ProductName": "샤오미 HUTT DDC55 해외구매",
    "ReviewScore": "5",
    "Syllable": "72",
    "Word": "15",
    "RDate": "20210510",
    "GeneralPolarity": "0",
    "Aspects": [
      {
        "Aspect": "소음",
        "SentimentText": "어휴 소음이 좀 크네요.",
        "SentimentWord": "4",
        "SentimentPolarity": "-1"
      },
      {
        "Aspect": "기능",
        "SentimentText": "창문닦기 성능은 매우 좋습니다. ",
        "SentimentWord": "4",
        "SentimentPolarity": "1"
      }
    ]
  },
  {
    "Index": "20451",
    "RawText": "받아서 바로 사용해봤는데 청소 잘해서 좋았어요. 단점이 있는데 유선이라 선때문에 불편함이 있어요.  처음사용이라 걸레 장착할때 뻑뻑한것이 고생스러워요.",
    "Source": "쇼핑몰",
    "Domain": "가전",
    "MainCategory": "생활/미용/욕실가전",
    "ProductName": "샤오미 HUTT DDC55 해외구매",
    "ReviewScore": "4",
    "Syllable": "84",
    "Word": "17",
    "RDate": "20220220",
    "GeneralPolarity": "-1",
    "Aspects": [
      {
        "Aspect": "기능",
        "SentimentText": "사용해봤는데 청소 잘해서 좋았어요.",
        "SentimentWord": "4",
        "SentimentPolarity": "1"
      },
      {
        "Aspect": "편의성",
        "SentimentText": " 유선이라 선때문에 불편함이 있어요.",
        "SentimentWord": "4",
        "SentimentPolarity": "-1"
      },
      {
        "Aspect": "조작성",
        "SentimentText": "처음사용이라 걸레 장착할때 뻑뻑한것이 고생스러워요. ",
        "SentimentWord": "5",
        "SentimentPolarity": "-1"
      }
    ]
  },
  {
    "Index": "20452",
    "RawText": "발수코팅액을 뿌린후 사용하니 미끄러지면서 올라가지 못해서 실망이에요ㅠ.ㅠ  고장인가 고민하다가  일반워셔액 뿌리고 청소기 사용하니 깨끗하게 잘 닦입니다.",
    "Source": "쇼핑몰",
    "Domain": "가전",
    "MainCategory": "생활/미용/욕실가전",
    "ProductName": "샤오미 HUTT DDC55 해외구매",
    "ReviewScore": "4",
    "Syllable": "85",
    "Word": "16",
    "RDate": "20211205",
    "GeneralPolarity": "0",
    "Aspects": [
      {
        "Aspect": "기능",
        "SentimentText": "발수코팅액을 뿌린후 사용하니 미끄러지면서 올라가지 못해서 실망이에요ㅠ.ㅠ",
        "SentimentWord": "7",
        "SentimentPolarity": "-1"
      },
      {
        "Aspect": "기능",
        "SentimentText": "일반워셔액 뿌리고 청소기 사용하니 깨끗하게 잘 닦입니다. ",
        "SentimentWord": "7",
        "SentimentPolarity": "1"
      }
    ]
  },
  {
    "Index": "20453",
    "RawText": "세상이 밝아 졌어요. 창문 완죤 깨끗하게 청소되니 조아요 조아~근데 소음이 있습니다. 그렇지만 용서할정도예요.",
    "Source": "쇼핑몰",
    "Domain": "가전",
    "MainCategory": "생활/미용/욕실가전",
    "ProductName": "샤오미 HUTT DDC55 해외구매",
    "ReviewScore": "5",
    "Syllable": "61",
    "Word": "13",
    "RDate": "20220510",
    "GeneralPolarity": "1",
    "Aspects": [
      {
        "Aspect": "기능",
        "SentimentText": "창문 완죤 깨끗하게 청소되니 조아요 조아~",
        "SentimentWord": "6",
        "SentimentPolarity": "1"
      },
      {
        "Aspect": "소음",
        "SentimentText": "소음이 있습니다. 그렇지만 용서할정도예요. ",
        "SentimentWord": "4",
        "SentimentPolarity": "0"
      }
    ]
  },
  {
    "Index": "20454",
    "RawText": "배송이 2주예정이다가 일주일후 받으니 기분이 좋더라구요. 걸레는  보푸라기가 나와서 맘에 들지 않지만, 창 닦을때는 편리하고 좋네요.",
    "Source": "쇼핑몰",
    "Domain": "가전",
    "MainCategory": "생활/미용/욕실가전",
    "ProductName": "샤오미 HUTT DDC55 해외구매",
    "ReviewScore": "5",
    "Syllable": "74",
    "Word": "16",
    "RDate": "20210616",
    "Aspects": [
      {
        "Aspect": "품질",
        "SentimentText": "걸레는  보푸라기가 나와서 맘에 들지 않지만",
        "SentimentWord": "6",
        "SentimentPolarity": "-1"
      },
      {
        "Aspect": "편의성",
        "SentimentText": " 창 닦을때는 편리하고 좋네요.",
        "SentimentWord": "4",
        "SentimentPolarity": "1"
      }
    ]
  },
  {
    "Index": "20455",
    "RawText": "확장베란다 앞 유리가 뿌옇게 보여 고민하다 구매했어요. 신세계네요. 너무 깨끗하게 닦여요.^^, 품질은.. 대만족입니다",
    "Source": "쇼핑몰",
    "Domain": "가전",
    "MainCategory": "생활/미용/욕실가전",
    "ProductName": "샤오미 HUTT DDC55 해외구매",
    "ReviewScore": "5",
    "Syllable": "66",
    "Word": "13",
    "RDate": "20210722",
    "Aspects": [
      {
        "Aspect": "품질",
        "SentimentText": " 품질은.. 대만족입니다",
        "SentimentWord": "2",
        "SentimentPolarity": "1"
      },
      {
        "Aspect": "기능",
        "SentimentText": "신세계네요. 너무 깨끗하게 닦여요.^^",
        "SentimentWord": "4",
        "SentimentPolarity": "1"
      }
    ]
  },
  {
    "Index": "20456",
    "RawText": "배송은 멀리서 오다보니 시간 좀 걸려 아쉬웠지만,배송은 멀리서 오다보니 시간 좀 필요했지만, 작동했을때 깨끗히 잘닦여서 진짜 좋아요^^  약간 소음이 있어서 거슬리고, 걸레는 붙이지 않고  씌워야해서 살짝 불편해요. 게다가 유선이라 선이 걸리적 거려서 아쉽네요. 선이 길긴해요~",
    "Source": "쇼핑몰",
    "Domain": "가전",
    "MainCategory": "생활/미용/욕실가전",
    "ProductName": "샤오미 HUTT DDC55 해외구매",
    "ReviewScore": "5",
    "Syllable": "155",
    "Word": "35",
    "RDate": "20210505",
    "Aspects": [
      {
        "Aspect": "기능",
        "SentimentText": "작동했을때 깨끗히 잘닦여서 진짜 좋아요^^",
        "SentimentWord": "5",
        "SentimentPolarity": "1"
      },
      {
        "Aspect": "소음",
        "SentimentText": "약간 소음이 있어서 거슬리고,",
        "SentimentWord": "4",
        "SentimentPolarity": "-1"
      },
      {
        "Aspect": "조작성",
        "SentimentText": "걸레는 붙이지 않고  씌워야해서 살짝 불편해요",
        "SentimentWord": "6",
        "SentimentPolarity": "-1"
      },
      {
        "Aspect": "편의성",
        "SentimentText": " 유선이라 선이 걸리적 거려서 아쉽네요",
        "SentimentWord": "5",
        "SentimentPolarity": "-1"
      }
    ]
  },
  {
    "Index": "20457",
    "RawText": "사용법이 쉬워서 좋아요~~  유리에도 신기하리만치  찰싹 붙고 잘닦이네요.내심 걱정이 없었던건 아니지만 구매는 만족해요^^",
    "Source": "쇼핑몰",
    "Domain": "가전",
    "MainCategory": "생활/미용/욕실가전",
    "ProductName": "샤오미 HUTT DDC55 해외구매",
    "ReviewScore": "5",
    "Syllable": "68",
    "Word": "13",
    "RDate": "20211119",
    "Aspects": [
      {
        "Aspect": "조작성",
        "SentimentText": "사용법이 쉬워서 좋아요~~ ",
        "SentimentWord": "3",
        "SentimentPolarity": "1"
      },
      {
        "Aspect": "기능",
        "SentimentText": "유리에도 신기하리만치  찰싹 붙고 잘닦이네요",
        "SentimentWord": "5",
        "SentimentPolarity": "1"
      }
    ]
  },
  {
    "Index": "20458",
    "RawText": "빠른 배송 정말 좋아요. 청소가 잘되는 성능은 매우 좋네요. 압축이라서 약간의 소음이 거슬려요. 묵은때가 안닦이는건 어쩔수없어도 실망이에요. 청소기 구입은 매우 만족해요^^",
    "Source": "쇼핑몰",
    "Domain": "가전",
    "MainCategory": "생활/미용/욕실가전",
    "ProductName": "샤오미 HUTT DDC55 해외구매",
    "ReviewScore": "5",
    "Syllable": "96",
    "Word": "21",
    "RDate": "20201219",
    "Aspects": [
      {
        "Aspect": "기능",
        "SentimentText": " 청소가 잘되는 성능은 매우 좋네요.",
        "SentimentWord": "5",
        "SentimentPolarity": "1"
      },
      {
        "Aspect": "소음",
        "SentimentText": "압축이라서 약간의 소음이 거슬려요",
        "SentimentWord": "4",
        "SentimentPolarity": "-1"
      },
      {
        "Aspect": "기능",
        "SentimentText": "묵은때가 안닦이는건 어쩔수없어도 실망이에요. ",
        "SentimentWord": "4",
        "SentimentPolarity": "-1"
      }
    ]
  },
  {
    "Index": "20459",
    "RawText": "리모콘이 있어서 조작이 쉬워요~  알아서 청소해주니 편리합니다. ㅋㅋ 주의사항 구매전  창문 사이 기계 들어가는지 체크하세요. 중간이 안열려 닦질 못해요.",
    "Source": "쇼핑몰",
    "Domain": "가전",
    "MainCategory": "생활/미용/욕실가전",
    "ProductName": "샤오미 HUTT DDC55 해외구매",
    "ReviewScore": "5",
    "Syllable": "86",
    "Word": "19",
    "RDate": "20220209",
    "Aspects": [
      {
        "Aspect": "조작성",
        "SentimentText": "리모콘이 있어서 조작이 쉬워요~ ",
        "SentimentWord": "4",
        "SentimentPolarity": "1"
      },
      {
        "Aspect": "편의성",
        "SentimentText": "알아서 청소해주니 편리합니다. ㅋㅋ",
        "SentimentWord": "4",
        "SentimentPolarity": "1"
      }
    ]
  },
  {
    "Index": "20460",
    "RawText": "배송이 많이 늦어서 불편하네요. 색상이 화이트가 품절되서  블랙을 받아서 기분이 좋지 않아요. 제품이 작동 잘되고 흡입력은 좋습니다.",
    "Source": "쇼핑몰",
    "Domain": "가전",
    "MainCategory": "생활/미용/욕실가전",
    "ProductName": "샤오미 HUTT DDC55 해외구매",
    "ReviewScore": "4",
    "Syllable": "74",
    "Word": "17",
    "RDate": "20210321",
    "Aspects": [
      {
        "Aspect": "색상",
        "SentimentText": "화이트가 품절되서  블랙을 받아서 기분이 좋지 않아요",
        "SentimentWord": "7",
        "SentimentPolarity": "-1"
      },
      {
        "Aspect": "기능",
        "SentimentText": "제품이 작동 잘되고 흡입력은 좋습니다. ",
        "SentimentWord": "5",
        "SentimentPolarity": "1"
      }
    ]
  },
  {
    "Index": "20461",
    "RawText": "소리가 엄청나네요.... 위아랫집에 양해 구하고 청소했어요 ㅠㅠ 디자인은 이뻐서 맘에 듭니다.",
    "Source": "쇼핑몰",
    "Domain": "가전",
    "MainCategory": "생활/미용/욕실가전",
    "ProductName": "샤오미 HUTT DDC55 해외구매",
    "ReviewScore": "4",
    "Syllable": "52",
    "Word": "11",
    "RDate": "20210115",
    "Aspects": [
      {
        "Aspect": "소음",
        "SentimentText": "소리가 엄청나네요.... 위아랫집에 양해 구하고 청소했어요 ㅠㅠ ",
        "SentimentWord": "7",
        "SentimentPolarity": "-1"
      },
      {
        "Aspect": "디자인",
        "SentimentText": "디자인은 이뻐서 맘에 듭니다.",
        "SentimentWord": "4",
        "SentimentPolarity": "1"
      }
    ]
  },
  {
    "Index": "20462",
    "RawText": "배송은 오래 걸려서 불편했어요. 제품이 청소는 잘되서 좋네요~소음이 크다고들 했는데, 생각외로 불편하진 않아요.",
    "Source": "쇼핑몰",
    "Domain": "가전",
    "MainCategory": "생활/미용/욕실가전",
    "ProductName": "샤오미 HUTT DDC55 해외구매",
    "ReviewScore": "5",
    "Syllable": "62",
    "Word": "13",
    "RDate": "20220311",
    "Aspects": [
      {
        "Aspect": "기능",
        "SentimentText": "제품이 청소는 잘되서 좋네요~",
        "SentimentWord": "4",
        "SentimentPolarity": "1"
      },
      {
        "Aspect": "소음",
        "SentimentText": "소음이 크다고들 했는데, 생각외로 불편하진 않아요.",
        "SentimentWord": "6",
        "SentimentPolarity": "0"
      }
    ]
  },
  {
    "Index": "20463",
    "RawText": "안전 고리선, 전선들 정리가 어려워요 ㅠㅠ자꾸 꼬여 불편해요 창에 붙어서 닦지만 오래 묵은때가 안닦여서 실망 했어요.손으로 힘줘 닦아봐도 안닦이는 부분이긴 합니다.",
    "Source": "쇼핑몰",
    "Domain": "가전",
    "MainCategory": "생활/미용/욕실가전",
    "ProductName": "샤오미 HUTT DDC55 해외구매",
    "ReviewScore": "4",
    "Syllable": "91",
    "Word": "21",
    "RDate": "20210419",
    "Aspects": [
      {
        "Aspect": "편의성",
        "SentimentText": "안전 고리선, 전선들 정리가 어려워요 ㅠㅠ자꾸 꼬여 불편해요",
        "SentimentWord": "8",
        "SentimentPolarity": "-1"
      },
      {
        "Aspect": "기능",
        "SentimentText": "창에 붙어서 닦지만 오래 묵은때가 안닦여서 실망 했어요",
        "SentimentWord": "8",
        "SentimentPolarity": "-1"
      }
    ]
  },
  {
    "Index": "20464",
    "RawText": "소음 어마어마 합니다ㅠㅠ 깜짝놀랬네요...  오늘 사용해보니 흡착력이 좋아서 잘 닦이니 만족입니다.",
    "Source": "쇼핑몰",
    "Domain": "가전",
    "MainCategory": "생활/미용/욕실가전",
    "ProductName": "샤오미 HUTT DDC55 해외구매",
    "ReviewScore": "5",
    "Syllable": "55",
    "Word": "11",
    "RDate": "20210320",
    "Aspects": [
      {
        "Aspect": "소음",
        "SentimentText": "소음 어마어마 합니다ㅠㅠ 깜짝놀랬네요... ",
        "SentimentWord": "4",
        "SentimentPolarity": "-1"
      },
      {
        "Aspect": "기능",
        "SentimentText": "사용해보니 흡착력이 좋아서 잘 닦이니 만족입니다. ",
        "SentimentWord": "6",
        "SentimentPolarity": "1"
      }
    ]
  },
  {
    "Index": "20465",
    "RawText": "잘 작동하고 하자는 없어 좋네요~ 소음이 있지만 견딜만 합니다. 잘 써볼수 있을것 같아요.",
    "Source": "쇼핑몰",
    "Domain": "가전",
    "MainCategory": "생활/미용/욕실가전",
    "ProductName": "샤오미 HUTT DDC55 해외구매",
    "ReviewScore": "4",
    "Syllable": "50",
    "Word": "13",
    "RDate": "20210821",
    "Aspects": [
      {
        "Aspect": "품질",
        "SentimentText": "잘 작동하고 하자는 없어 좋네요",
        "SentimentWord": "5",
        "SentimentPolarity": "0"
      },
      {
        "Aspect": "소음",
        "SentimentText": "소음이 있지만 견딜만 합니다. ",
        "SentimentWord": "4",
        "SentimentPolarity": "0"
      }
    ]
  },
  {
    "Index": "20466",
    "RawText": "붙여 놓으니 깨끗히 닦고 시작했던 곳으로  돌아오는게 신기하고 좋아요.붙이고 떼는것만 잘하면 청소하기가 간단해집니다 잘사서 만족합니다.",
    "Source": "쇼핑몰",
    "Domain": "가전",
    "MainCategory": "생활/미용/욕실가전",
    "ProductName": "샤오미 HUTT DDC55 해외구매",
    "ReviewScore": "5",
    "Syllable": "75",
    "Word": "15",
    "RDate": "20210802",
    "GeneralPolarity": "1",
    "Aspects": [
      {
        "Aspect": "기능",
        "SentimentText": "붙여 놓으니 깨끗히 닦고 시작했던 곳으로  돌아오는게 신기하고 좋아요",
        "SentimentWord": "9",
        "SentimentPolarity": "1"
      },
      {
        "Aspect": "편의성",
        "SentimentText": "붙이고 떼는것만 잘하면 청소하기가 간단해집니다",
        "SentimentWord": "5",
        "SentimentPolarity": "1"
      }
    ]
  },
  {
    "Index": "20467",
    "RawText": "사기템인것같아요. 하하하하 유리세정제랑 함께 쓸때 10년 묵은 때가 슥~사라집니다. 와우~잘 닦여서 유리가 없어진듯 깨끗해져요. 역시 유리창 닦기는  000제품 입니다.",
    "Source": "쇼핑몰",
    "Domain": "가전",
    "MainCategory": "생활/미용/욕실가전",
    "ProductName": "샤오미 HUTT DDC55 해외구매",
    "ReviewScore": "5",
    "Syllable": "94",
    "Word": "19",
    "RDate": "20210927",
    "GeneralPolarity": "1",
    "Aspects": [
      {
        "Aspect": "기능",
        "SentimentText": "와우~잘 닦여서 유리가 없어진듯 깨끗해져요.",
        "SentimentWord": "5",
        "SentimentPolarity": "1"
      },
      {
        "Aspect": "제조일/제조사",
        "SentimentText": "역시 유리창 닦기는  000제품 입니다. ",
        "SentimentWord": "5",
        "SentimentPolarity": "1"
      }
    ]
  },
  {
    "Index": "20468",
    "RawText": "창문은 사람 불러 청소하면 매우 비싸지요!창문 청소기를 이용하면 깨끗하게 닦을수 있어서 좋아요 ,외부 경치를 매우 예쁘게 볼 수 있어요^^소음은 살짝 있어서 신경 쓰이긴해요.",
    "Source": "쇼핑몰",
    "Domain": "가전",
    "MainCategory": "생활/미용/욕실가전",
    "ProductName": "샤오미 HUTT DDC55 해외구매",
    "ReviewScore": "5",
    "Syllable": "97",
    "Word": "23",
    "RDate": "20220416",
    "GeneralPolarity": "0",
    "Aspects": [
      {
        "Aspect": "기능",
        "SentimentText": "창문 청소기를 이용하면 깨끗하게 닦을수 있어서 좋아요",
        "SentimentWord": "7",
        "SentimentPolarity": "1"
      },
      {
        "Aspect": "소음",
        "SentimentText": "소음은 살짝 있어서 신경 쓰이긴해요.",
        "SentimentWord": "5",
        "SentimentPolarity": "-1"
      }
    ]
  },
  {
    "Index": "20469",
    "RawText": "실사용은 못해봤어요. 전원버튼만 눌러봤는데 부드럽게 잘 눌려서 좋아요. 창문에도 딱 잘 붙어 흡착력이 좋아 만족스러워요. 해외 직구인데 생각보다 빨라서 신선했어요.",
    "Source": "쇼핑몰",
    "Domain": "가전",
    "MainCategory": "생활/미용/욕실가전",
    "ProductName": "샤오미 HUTT DDC55 해외구매",
    "ReviewScore": "5",
    "Syllable": "91",
    "Word": "20",
    "RDate": "20220713",
    "Aspects": [
      {
        "Aspect": "조작성",
        "SentimentText": "전원버튼만 눌러봤는데 부드럽게 잘 눌려서 좋아요. ",
        "SentimentWord": "6",
        "SentimentPolarity": "1"
      },
      {
        "Aspect": "기능",
        "SentimentText": "창문에도 딱 잘 붙어 흡착력이 좋아 만족스러워요. ",
        "SentimentWord": "7",
        "SentimentPolarity": "1"
      }
    ]
  },
  {
    "Index": "20470",
    "RawText": "두께가 생각보다 두꺼워 작은 유리창 사이로는 들어가질 않아요....당혹.. 사용해보니 청소잘해서 속이다 시원~ 그런데 완죤 깨끗하진 않아요.",
    "Source": "쇼핑몰",
    "Domain": "가전",
    "MainCategory": "생활/미용/욕실가전",
    "ProductName": "샤오미 HUTT DDC55 해외구매",
    "ReviewScore": "5",
    "Syllable": "78",
    "Word": "16",
    "RDate": "20210320",
    "Aspects": [
      {
        "Aspect": "사이즈",
        "SentimentText": "두께가 생각보다 두꺼워 작은 유리창 사이로는 들어가질 않아요....당혹.. ",
        "SentimentWord": "8",
        "SentimentPolarity": "-1"
      },
      {
        "Aspect": "기능",
        "SentimentText": "청소잘해서 속이다 시원~ 그런데 완죤 깨끗하진 않아요. ",
        "SentimentWord": "7",
        "SentimentPolarity": "0"
      }
    ]
  },
  {
    "Index": "20471",
    "RawText": "사용이 불편해요. 참문 틈새에 넣고 빼기 어려워서 힘들어요. 소리도 생각보다 크네요......",
    "Source": "쇼핑몰",
    "Domain": "가전",
    "MainCategory": "생활/미용/욕실가전",
    "ProductName": "샤오미 HUTT DDC55 해외구매",
    "ReviewScore": "5",
    "Syllable": "52",
    "Word": "11",
    "RDate": "20220112",
    "Aspects": [
      {
        "Aspect": "편의성",
        "SentimentText": "사용이 불편해요. 참문 틈새에 넣고 빼기 어려워서 힘들어요.",
        "SentimentWord": "8",
        "SentimentPolarity": "-1"
      },
      {
        "Aspect": "소음",
        "SentimentText": "소리도 생각보다 크네요......",
        "SentimentWord": "3",
        "SentimentPolarity": "-1"
      }
    ]
  },
  {
    "Index": "20472",
    "RawText": "사용한후  후기를 남기느라 늦어졌어요. 처음 사용인데 생각보다 깨끗히 잘 닦이고 만족스러워요.걸레빨래를 하는게 상당히 귀찮지만, 자주 쓰지 않으니까 괜찮아요^^",
    "Source": "쇼핑몰",
    "Domain": "가전",
    "MainCategory": "생활/미용/욕실가전",
    "ProductName": "샤오미 HUTT DDC55 해외구매",
    "ReviewScore": "5",
    "Syllable": "89",
    "Word": "18",
    "RDate": "20211115",
    "GeneralPolarity": "1",
    "Aspects": [
      {
        "Aspect": "기능",
        "SentimentText": " 생각보다 깨끗히 잘 닦이고 만족스러워요",
        "SentimentWord": "5",
        "SentimentPolarity": "1"
      },
      {
        "Aspect": "편의성",
        "SentimentText": "걸레빨래를 하는게 상당히 귀찮지만, 자주 쓰지 않으니까 괜찮아요^^",
        "SentimentWord": "8",
        "SentimentPolarity": "0"
      }
    ]
  },
  {
    "Index": "20473",
    "RawText": "상상초월제품 유리창 청소기 먼지 잘닦아줍니다. 너무 깨끗 기분 좋아요. 가격도 정말 저렴 혁신 그자체입니다.",
    "Source": "쇼핑몰",
    "Domain": "가전",
    "MainCategory": "생활/미용/욕실가전",
    "ProductName": "샤오미 HUTT DDC55 해외구매",
    "ReviewScore": "5",
    "Syllable": "60",
    "Word": "14",
    "RDate": "20220205",
    "GeneralPolarity": "1",
    "Aspects": [
      {
        "Aspect": "기능",
        "SentimentText": "유리창 청소기 먼지 잘닦아줍니다. 너무 깨끗 기분 좋아요.",
        "SentimentWord": "8",
        "SentimentPolarity": "1"
      },
      {
        "Aspect": "가격",
        "SentimentText": "가격도 정말 저렴 혁신 그자체입니다. ",
        "SentimentWord": "5",
        "SentimentPolarity": "1"
      }
    ]
  },
  {
    "Index": "20474",
    "RawText": "새해 첫째날에 창문을 청소하고 있어요. 걸레가 털이 빠져서 불편하지만,깨끗하게 잘 닦여서 정말 진짜 좋아요^^",
    "Source": "쇼핑몰",
    "Domain": "가전",
    "MainCategory": "생활/미용/욕실가전",
    "ProductName": "샤오미 HUTT DDC55 해외구매",
    "ReviewScore": "5",
    "Syllable": "61",
    "Word": "14",
    "RDate": "20210101",
    "GeneralPolarity": "1",
    "Aspects": [
      {
        "Aspect": "품질",
        "SentimentText": "걸레가 털이 빠져서 불편하지만",
        "SentimentWord": "4",
        "SentimentPolarity": "-1"
      },
      {
        "Aspect": "기능",
        "SentimentText": "깨끗하게 잘 닦여서 정말 진짜 좋아요^^",
        "SentimentWord": "6",
        "SentimentPolarity": "1"
      }
    ]
  },
  {
    "Index": "20475",
    "RawText": "생각했던것보다 깨끗 잘 닦아줘서 상큼합니다. 그런데 주의점은 바닥에 떨어질때 충격이 커서 놀랍니다. 한번 떨어졌었는데 튼튼해서 고장 안나고 잘되긴 합니다.",
    "Source": "쇼핑몰",
    "Domain": "가전",
    "MainCategory": "생활/미용/욕실가전",
    "ProductName": "샤오미 HUTT DDC55 해외구매",
    "ReviewScore": "5",
    "Syllable": "86",
    "Word": "19",
    "RDate": "20210718",
    "Aspects": [
      {
        "Aspect": "기능",
        "SentimentText": "생각했던것보다 깨끗 잘 닦아줘서 상큼합니다. ",
        "SentimentWord": "5",
        "SentimentPolarity": "1"
      },
      {
        "Aspect": "내구성",
        "SentimentText": "한번 떨어졌었는데 튼튼해서 고장 안나고 잘되긴 합니다. ",
        "SentimentWord": "7",
        "SentimentPolarity": "1"
      }
    ]
  },
  {
    "Index": "20476",
    "RawText": "창을 교체한지  오래되지 않았지만, 외부창은 살짝 더러웠어요~ 기대보다 깨끗히 닦입니다!닦는데 시간이 많이 걸려서 불편한점도 있어요.",
    "Source": "쇼핑몰",
    "Domain": "가전",
    "MainCategory": "생활/미용/욕실가전",
    "ProductName": "샤오미 HUTT DDC55 해외구매",
    "ReviewScore": "4",
    "Syllable": "74",
    "Word": "15",
    "RDate": "20210127",
    "GeneralPolarity": "0",
    "Aspects": [
      {
        "Aspect": "기능",
        "SentimentText": " 기대보다 깨끗히 닦입니다!",
        "SentimentWord": "3",
        "SentimentPolarity": "1"
      },
      {
        "Aspect": "시간/속도",
        "SentimentText": "닦는데 시간이 많이 걸려서 불편한점도 있어요.",
        "SentimentWord": "6",
        "SentimentPolarity": "-1"
      }
    ]
  },
  {
    "Index": "20477",
    "RawText": "으앗~ 소리가 커요. ㅠ.ㅠ 창문은 뽀득하게 잘 닦아 깨끗해서 좋습니다. ㅎㅎ 해외배송인데 10일정도 소요 제법 빨랐어요. 진짜 강력추천~ 혼자 자동으로 움직이니 세상편합니다.",
    "Source": "쇼핑몰",
    "Domain": "가전",
    "MainCategory": "생활/미용/욕실가전",
    "ProductName": "샤오미 HUTT DDC55 해외구매",
    "ReviewScore": "5",
    "Syllable": "98",
    "Word": "22",
    "RDate": "20210623",
    "Aspects": [
      {
        "Aspect": "소음",
        "SentimentText": "으앗~ 소리가 커요. ㅠ.ㅠ ",
        "SentimentWord": "4",
        "SentimentPolarity": "-1"
      },
      {
        "Aspect": "기능",
        "SentimentText": "창문은 뽀득하게 잘 닦아 깨끗해서 좋습니다. ㅎㅎ ",
        "SentimentWord": "7",
        "SentimentPolarity": "1"
      },
      {
        "Aspect": "편의성",
        "SentimentText": "혼자 자동으로 움직이니 세상편합니다.",
        "SentimentWord": "4",
        "SentimentPolarity": "1"
      }
    ]
  },
  {
    "Index": "20478",
    "RawText": "소음이 약간 있어서 실망이긴 하지만 청소 전 후 사진을 봤더니 정말 만족합니다!! 사진 보면 창문이 없는것 처럼 깨끗히 닦였어요. 걸레자국이 남아서 걸레는 별로지만,청소하면  훨씬 깨끗하네요~",
    "Source": "쇼핑몰",
    "Domain": "가전",
    "MainCategory": "생활/미용/욕실가전",
    "ProductName": "샤오미 HUTT DDC55 해외구매",
    "ReviewScore": "5",
    "Syllable": "107",
    "Word": "25",
    "RDate": "20210703",
    "GeneralPolarity": "0",
    "Aspects": [
      {
        "Aspect": "소음",
        "SentimentText": "소음이 약간 있어서 실망이긴 하지만 ",
        "SentimentWord": "5",
        "SentimentPolarity": "-1"
      },
      {
        "Aspect": "기능",
        "SentimentText": "사진 보면 창문이 없는것 처럼 깨끗히 닦였어요",
        "SentimentWord": "7",
        "SentimentPolarity": "1"
      },
      {
        "Aspect": "품질",
        "SentimentText": " 걸레자국이 남아서 걸레는 별로지만,",
        "SentimentWord": "4",
        "SentimentPolarity": "-1"
      }
    ]
  },
  {
    "Index": "20479",
    "RawText": "손이 안닿는곳 예전부터 정말 하고 싶던 외부유리창 청소 사람이 하는것보다 더 꼼꼼하게 닦아주니 완전 최고 !! 다만 청소시간이 오래 걸려요......",
    "Source": "쇼핑몰",
    "Domain": "가전",
    "MainCategory": "생활/미용/욕실가전",
    "ProductName": "샤오미 HUTT DDC55 해외구매",
    "ReviewScore": "5",
    "Syllable": "83",
    "Word": "20",
    "RDate": "20211002",
    "Aspects": [
      {
        "Aspect": "기능",
        "SentimentText": "외부유리창 청소 사람이 하는것보다 더 꼼꼼하게 닦아주니 완전 최고 !!",
        "SentimentWord": "10",
        "SentimentPolarity": "1"
      },
      {
        "Aspect": "시간/속도",
        "SentimentText": "청소시간이 오래 걸려요......",
        "SentimentWord": "3",
        "SentimentPolarity": "-1"
      }
    ]
  },
  {
    "Index": "20480",
    "RawText": "손청소 보다는 시간이 많이 걸려서 별로고, 소음도 시끄러워요. 이런점 외에는 모두 장점이에요깨끗하게 청소해줘서  맑은 유리창을 볼수 있으니   만족스러워요^^",
    "Source": "쇼핑몰",
    "Domain": "가전",
    "MainCategory": "생활/미용/욕실가전",
    "ProductName": "샤오미 HUTT DDC55 해외구매",
    "ReviewScore": "5",
    "Syllable": "88",
    "Word": "18",
    "RDate": "20200722",
    "GeneralPolarity": "0",
    "Aspects": [
      {
        "Aspect": "시간/속도",
        "SentimentText": "손청소 보다는 시간이 많이 걸려서 별로고",
        "SentimentWord": "6",
        "SentimentPolarity": "-1"
      },
      {
        "Aspect": "소음",
        "SentimentText": "소음도 시끄러워요",
        "SentimentWord": "2",
        "SentimentPolarity": "-1"
      },
      {
        "Aspect": "기능",
        "SentimentText": "깨끗하게 청소해줘서  맑은 유리창을 볼수 있으니   만족스러워요^^",
        "SentimentWord": "7",
        "SentimentPolarity": "1"
      }
    ]
  },
  {
    "Index": "20481",
    "RawText": "솔직하게 반신반의하면서  구매했어요. 써보니 깨끗하게 청소되어 만족도는 최고!가끔씩 창문을 올라가지 못하고,버벅대기도해서 실망이지만 리모콘 사용하면 조절이 잘됩니다.  이제품 만족해요.",
    "Source": "쇼핑몰",
    "Domain": "가전",
    "MainCategory": "생활/미용/욕실가전",
    "ProductName": "샤오미 HUTT DDC55 해외구매",
    "ReviewScore": "5",
    "Syllable": "103",
    "Word": "18",
    "RDate": "20210827",
    "GeneralPolarity": "1",
    "Aspects": [
      {
        "Aspect": "기능",
        "SentimentText": "써보니 깨끗하게 청소되어 만족도는 최고!",
        "SentimentWord": "5",
        "SentimentPolarity": "1"
      },
      {
        "Aspect": "기능",
        "SentimentText": "가끔씩 창문을 올라가지 못하고,버벅대기도해서 실망이지만 ",
        "SentimentWord": "5",
        "SentimentPolarity": "-1"
      },
      {
        "Aspect": "조작성",
        "SentimentText": " 리모콘 사용하면 조절이 잘됩니다",
        "SentimentWord": "4",
        "SentimentPolarity": "1"
      }
    ]
  },
  {
    "Index": "20482",
    "RawText": "수동으로만 했었는데 자동으로해도  청소되어 신세계에요! 땀 안흘리고도 청소가 되니 신기하죠. 닦은곳이  깨끗해지니 정말 좋아요~",
    "Source": "쇼핑몰",
    "Domain": "가전",
    "MainCategory": "생활/미용/욕실가전",
    "ProductName": "샤오미 HUTT DDC55 해외구매",
    "ReviewScore": "5",
    "Syllable": "71",
    "Word": "14",
    "RDate": "20210721",
    "GeneralPolarity": "1",
    "Aspects": [
      {
        "Aspect": "편의성",
        "SentimentText": "자동으로해도  청소되어 신세계에요!",
        "SentimentWord": "3",
        "SentimentPolarity": "1"
      },
      {
        "Aspect": "편의성",
        "SentimentText": "땀 안흘리고도 청소가 되니 신기하죠.",
        "SentimentWord": "5",
        "SentimentPolarity": "1"
      },
      {
        "Aspect": "기능",
        "SentimentText": "닦은곳이  깨끗해지니 정말 좋아요~",
        "SentimentWord": "4",
        "SentimentPolarity": "1"
      }
    ]
  },
  {
    "Index": "20483",
    "RawText": "아이디어가 좋아서 신기한 제품이지요. 코너부분은 청소가 아쉽게도 좀 부족해요. 청소하면  깨끗히 닦여서 맘에 들어요^^",
    "Source": "쇼핑몰",
    "Domain": "가전",
    "MainCategory": "생활/미용/욕실가전",
    "ProductName": "샤오미 HUTT DDC55 해외구매",
    "ReviewScore": "5",
    "Syllable": "66",
    "Word": "14",
    "RDate": "20220703",
    "GeneralPolarity": "0",
    "Aspects": [
      {
        "Aspect": "기능",
        "SentimentText": "코너부분은 청소가 아쉽게도 좀 부족해요. ",
        "SentimentWord": "5",
        "SentimentPolarity": "-1"
      },
      {
        "Aspect": "기능",
        "SentimentText": "청소하면  깨끗히 닦여서 맘에 들어요^^",
        "SentimentWord": "5",
        "SentimentPolarity": "1"
      }
    ]
  },
  {
    "Index": "20484",
    "RawText": "아파트 유리창은 깨끗히  닦이네요.식초에 물을 섞어 뿌리면서 청소하면 유분기마져 잘 닦이니 바깥 창은 깨끗하답니다. 소음이 있어서 약간 불편해요.지인들에게 적극 추천합니다!!!",
    "Source": "쇼핑몰",
    "Domain": "가전",
    "MainCategory": "생활/미용/욕실가전",
    "ProductName": "샤오미 HUTT DDC55 해외구매",
    "ReviewScore": "5",
    "Syllable": "98",
    "Word": "20",
    "RDate": "20220620",
    "GeneralPolarity": "0",
    "Aspects": [
      {
        "Aspect": "기능",
        "SentimentText": "아파트 유리창은 깨끗히  닦이네요",
        "SentimentWord": "4",
        "SentimentPolarity": "1"
      },
      {
        "Aspect": "소음",
        "SentimentText": "소음이 있어서 약간 불편해요",
        "SentimentWord": "4",
        "SentimentPolarity": "-1"
      }
    ]
  },
  {
    "Index": "20485",
    "RawText": "사람 불러 청소하는것 보다는 가격면에서 나을것 같아서, 비싼 느낌인데도 청소기 구입했어요.  사진처럼 창을통해 하늘보기 해보니 속이다시원할 만큼 깨끗하게 잘 닦여요.",
    "Source": "쇼핑몰",
    "Domain": "가전",
    "MainCategory": "생활/미용/욕실가전",
    "ProductName": "샤오미 HUTT DDC55 해외구매",
    "ReviewScore": "5",
    "Syllable": "92",
    "Word": "20",
    "RDate": "20201226",
    "GeneralPolarity": "1",
    "Aspects": [
      {
        "Aspect": "가격",
        "SentimentText": "비싼 느낌인데도 청소기 구입했어요",
        "SentimentWord": "4",
        "SentimentPolarity": "-1"
      },
      {
        "Aspect": "기능",
        "SentimentText": "속이다시원할 만큼 깨끗하게 잘 닦여요.",
        "SentimentWord": "5",
        "SentimentPolarity": "1"
      }
    ]
  },
  {
    "Index": "20486",
    "RawText": "빅세일을 이용에 아주 착한 가격에 구입할수 있어 너무 좋네요~ .생각보다 더 깨끗히 닦이니 성능이 좋아 대 만족입니다!!",
    "Source": "쇼핑몰",
    "Domain": "가전",
    "MainCategory": "생활/미용/욕실가전",
    "ProductName": "샤오미 HUTT DDC55 해외구매",
    "ReviewScore": "5",
    "Syllable": "67",
    "Word": "17",
    "RDate": "20210808",
    "Aspects": [
      {
        "Aspect": "가격",
        "SentimentText": " 빅세일을 이용에 아주 착한 가격에 구입할수 있어 너무 좋네요~",
        "SentimentWord": "9",
        "SentimentPolarity": "1"
      },
      {
        "Aspect": "기능",
        "SentimentText": "생각보다 더 깨끗히 닦이니 성능이 좋아 대 만족입니다!!",
        "SentimentWord": "8",
        "SentimentPolarity": "1"
      }
    ]
  },
  {
    "Index": "20487",
    "RawText": ".청소 속도가 빠르진 않아서 시간이 꽤 걸려요.... 기대 이상으로 청소가 잘되는 훌륭한 성능이니 무척 만족해요!! 청소후 창 밖은 선명한게 볼때마다 기분이 좋습니다^^",
    "Source": "쇼핑몰",
    "Domain": "가전",
    "MainCategory": "생활/미용/욕실가전",
    "ProductName": "샤오미 HUTT DDC55 해외구매",
    "ReviewScore": "5",
    "Syllable": "94",
    "Word": "22",
    "RDate": "20210630",
    "Aspects": [
      {
        "Aspect": "시간/속도",
        "SentimentText": ".청소 속도가 빠르진 않아서 시간이 꽤 걸려요.... ",
        "SentimentWord": "7",
        "SentimentPolarity": "-1"
      },
      {
        "Aspect": "기능",
        "SentimentText": "기대 이상으로 청소가 잘되는 훌륭한 성능이니 무척 만족해요!!",
        "SentimentWord": "8",
        "SentimentPolarity": "1"
      }
    ]
  },
  {
    "Index": "20488",
    "RawText": "옵션 선택 사항 걸레를 추가 할수 있어 좋습니다. 색은 무난한 검정으로 구매했는데 괜찮네요. 충전후 사용해보겠습니다.",
    "Source": "쇼핑몰",
    "Domain": "가전",
    "MainCategory": "생활/미용/욕실가전",
    "ProductName": "샤오미 HUTT DDC55 해외구매",
    "ReviewScore": "5",
    "Syllable": "65",
    "Word": "15",
    "RDate": "20210129",
    "GeneralPolarity": "1",
    "Aspects": [
      {
        "Aspect": "제품구성",
        "SentimentText": "옵션 선택 사항 걸레를 추가 할수 있어 좋습니다.",
        "SentimentWord": "8",
        "SentimentPolarity": "1"
      },
      {
        "Aspect": "색상",
        "SentimentText": "색은 무난한 검정으로 구매했는데 괜찮네요.",
        "SentimentWord": "5",
        "SentimentPolarity": "0"
      }
    ]
  },
  {
    "Index": "20489",
    "RawText": "기대했던거 이상이예요. 4년만에 청소해봅니다. 속시원하게 닦여서 무척좋아요. 돈 아깝지 않아 좋습니다.",
    "Source": "쇼핑몰",
    "Domain": "가전",
    "MainCategory": "생활/미용/욕실가전",
    "ProductName": "샤오미 HUTT DDC55 해외구매",
    "ReviewScore": "5",
    "Syllable": "57",
    "Word": "11",
    "RDate": "20201224",
    "GeneralPolarity": "1",
    "Aspects": [
      {
        "Aspect": "기능",
        "SentimentText": "속시원하게 닦여서 무척좋아요.",
        "SentimentWord": "3",
        "SentimentPolarity": "1"
      },
      {
        "Aspect": "가격",
        "SentimentText": "돈 아깝지 않아 좋습니다.",
        "SentimentWord": "4",
        "SentimentPolarity": "1"
      }
    ]
  },
  {
    "Index": "20490",
    "RawText": "우와 완죤 대박인거같아요. 스스로 똑부러지게 뿌연 창문을 깨끗하게 닦아좋네요. 색상은  어둑한것이 별로네요",
    "Source": "쇼핑몰",
    "Domain": "가전",
    "MainCategory": "생활/미용/욕실가전",
    "ProductName": "샤오미 HUTT DDC55 해외구매",
    "ReviewScore": "5",
    "Syllable": "59",
    "Word": "12",
    "RDate": "20210627",
    "GeneralPolarity": "0",
    "Aspects": [
      {
        "Aspect": "기능",
        "SentimentText": "스스로 똑부러지게 뿌연 창문을 깨끗하게 닦아좋네요. ",
        "SentimentWord": "6",
        "SentimentPolarity": "1"
      },
      {
        "Aspect": "색상",
        "SentimentText": "색상은  어둑한것이 별로네요",
        "SentimentWord": "3",
        "SentimentPolarity": "-1"
      }
    ]
  },
  {
    "Index": "20491",
    "RawText": "그동안 여러개 구매해봤는데 이 제품이 제일 청소를 잘해서 칭찬합니다. ^^ 모양은 그닥 안이뻐요. ㅋㅋㅋㅋㅋ",
    "Source": "쇼핑몰",
    "Domain": "가전",
    "MainCategory": "생활/미용/욕실가전",
    "ProductName": "샤오미 HUTT DDC55 해외구매",
    "ReviewScore": "5",
    "Syllable": "60",
    "Word": "14",
    "RDate": "20210522",
    "GeneralPolarity": "1",
    "Aspects": [
      {
        "Aspect": "기능",
        "SentimentText": "제일 청소를 잘해서 칭찬합니다. ^^ ",
        "SentimentWord": "5",
        "SentimentPolarity": "1"
      },
      {
        "Aspect": "디자인",
        "SentimentText": " 모양은 그닥 안이뻐요. ㅋㅋㅋㅋㅋ",
        "SentimentWord": "4",
        "SentimentPolarity": "0"
      }
    ]
  },
  {
    "Index": "20492",
    "RawText": "반드시 사도 될것같아요. 청소를 잘하니 속이다 후련해요. 별명도 지어줬어요. 비 안오는날은 외부창문 닦는 노동 비올땐 안쪽 창문을 닦습니다. 색상은 선명하지 않아 안이뻐요.",
    "Source": "쇼핑몰",
    "Domain": "가전",
    "MainCategory": "생활/미용/욕실가전",
    "ProductName": "샤오미 HUTT DDC55 해외구매",
    "ReviewScore": "5",
    "Syllable": "96",
    "Word": "22",
    "RDate": "20210629",
    "GeneralPolarity": "0",
    "Aspects": [
      {
        "Aspect": "기능",
        "SentimentText": " 청소를 잘하니 속이다 후련해요. ",
        "SentimentWord": "4",
        "SentimentPolarity": "1"
      },
      {
        "Aspect": "색상",
        "SentimentText": "색상은 선명하지 않아 안이뻐요.",
        "SentimentWord": "4",
        "SentimentPolarity": "-1"
      }
    ]
  },
  {
    "Index": "20493",
    "RawText": "만족도 갑이예요.ㅋㅋ 이래 저래 써봅니다. 똘똘하게 깨끗하게 청소하는거 보면 기분이 업~. ^^ 유리창 닦고 자리이동할때 전원 스위치 위치를 찾아 누르는게 아쉬운점 ㅠㅠ 이에요",
    "Source": "쇼핑몰",
    "Domain": "가전",
    "MainCategory": "생활/미용/욕실가전",
    "ProductName": "샤오미 HUTT DDC55 해외구매",
    "ReviewScore": "5",
    "Syllable": "98",
    "Word": "23",
    "RDate": "20210802",
    "Aspects": [
      {
        "Aspect": "기능",
        "SentimentText": "똘똘하게 깨끗하게 청소하는거 보면 기분이 업~. ^^ ",
        "SentimentWord": "7",
        "SentimentPolarity": "1"
      },
      {
        "Aspect": "조작성",
        "SentimentText": "유리창 닦고 자리이동할때 전원 스위치 위치를 찾아 누르는게 아쉬운점 ㅠㅠ 이에요",
        "SentimentWord": "11",
        "SentimentPolarity": "-1"
      }
    ]
  },
  {
    "Index": "20495",
    "RawText": "오래묵은 때는 완벽하게 되지 않지만 나름 꺠끗하긴 합니다~처음 작동시 날개가 날아가버려 실망했어요.  날개는 업체에서 바로 배송 받을수 있어 as는 불편함이 없네요.",
    "Source": "쇼핑몰",
    "Domain": "가전",
    "MainCategory": "생활/미용/욕실가전",
    "ProductName": "샤오미 HUTT DDC55 해외구매",
    "ReviewScore": "5",
    "Syllable": "92",
    "Word": "21",
    "RDate": "20220422",
    "Aspects": [
      {
        "Aspect": "기능",
        "SentimentText": "오래묵은 때는 완벽하게 되지 않지만 나름 꺠끗하긴 합니다~",
        "SentimentWord": "8",
        "SentimentPolarity": "0"
      },
      {
        "Aspect": "품질",
        "SentimentText": "처음 작동시 날개가 날아가버려 실망했어요.  ",
        "SentimentWord": "5",
        "SentimentPolarity": "-1"
      }
    ]
  },
  {
    "Index": "20496",
    "RawText": "ㅇㅇㅇ도 써봤고 밀대로 해봐도  100%만족하는 일은 없죠~이가격에 구입해서 힘쓰지 않고도 이렇게 깨끗다니 매우 좋습니다. 다만 청소되는 속도가 늦는지 시간이 오래걸려서 만족스럽진 않아요.",
    "Source": "쇼핑몰",
    "Domain": "가전",
    "MainCategory": "생활/미용/욕실가전",
    "ProductName": "샤오미 HUTT DDC55 해외구매",
    "ReviewScore": "5",
    "Syllable": "105",
    "Word": "22",
    "RDate": "20210912",
    "GeneralPolarity": "0",
    "Aspects": [
      {
        "Aspect": "가격",
        "SentimentText": "이가격에 구입해서 힘쓰지 않고도 이렇게 깨끗다니 매우 좋습니다.",
        "SentimentWord": "8",
        "SentimentPolarity": "1"
      },
      {
        "Aspect": "시간/속도",
        "SentimentText": "다만 청소되는 속도가 늦는지 시간이 오래걸려서 만족스럽진 않아요.",
        "SentimentWord": "8",
        "SentimentPolarity": "-1"
      }
    ]
  },
  {
    "Index": "20497",
    "RawText": "유리창 청소위해 이것저것 써봤는데 유리가 깨끗하진 않아 스트레스~ 그런데 이 제품은 가슴뻥 뚫리게 청소를 잘합니다. 고마운 아이입니다. 재질이 그저그럼 약해보이는거 같아 마이너스~~~~",
    "Source": "쇼핑몰",
    "Domain": "가전",
    "MainCategory": "생활/미용/욕실가전",
    "ProductName": "샤오미 HUTT DDC55 해외구매",
    "ReviewScore": "5",
    "Syllable": "103",
    "Word": "22",
    "RDate": "20210202",
    "GeneralPolarity": "0",
    "Aspects": [
      {
        "Aspect": "기능",
        "SentimentText": " 가슴뻥 뚫리게 청소를 잘합니다. ",
        "SentimentWord": "4",
        "SentimentPolarity": "1"
      },
      {
        "Aspect": "소재",
        "SentimentText": "재질이 그저그럼 약해보이는거 같아 마이너스~~~~",
        "SentimentWord": "5",
        "SentimentPolarity": "-1"
      }
    ]
  },
  {
    "Index": "20498",
    "RawText": "유리닦아주는기계 3번이나 사봤지만 다 후회했어요. 그런데 이번거 대박~ 청소 반짝 반짝 잘해서 괜찮아요. 속도가 느려 청소시간이 오래걸리는 단점이 있어요....",
    "Source": "쇼핑몰",
    "Domain": "가전",
    "MainCategory": "생활/미용/욕실가전",
    "ProductName": "샤오미 HUTT DDC55 해외구매",
    "ReviewScore": "5",
    "Syllable": "89",
    "Word": "19",
    "RDate": "20210128",
    "Aspects": [
      {
        "Aspect": "기능",
        "SentimentText": "이번거 대박~ 청소 반짝 반짝 잘해서 괜찮아요.",
        "SentimentWord": "7",
        "SentimentPolarity": "1"
      },
      {
        "Aspect": "시간/속도",
        "SentimentText": "속도가 느려 청소시간이 오래걸리는 단점이 있어요....",
        "SentimentWord": "6",
        "SentimentPolarity": "-1"
      }
    ]
  },
  {
    "Index": "20499",
    "RawText": "ㅇㅇㅇ 보고 호기심에 구입했는데, 진짜 깨끗하게 청소 잘되고,배송온 포장 상태 꼼꼼해서 좋았어요. 특히나 실제로 본 제품이 너무 예뻐요!!진짜 컴팩트한데 알차기 까지해요~중국산이 이렇게 가성비가 뛰어나다니! 국내 업체들도 분발해 주세요^^",
    "Source": "쇼핑몰",
    "Domain": "가전",
    "MainCategory": "생활/미용/욕실가전",
    "ProductName": "샤오미 HUTT DDC55 해외구매",
    "ReviewScore": "5",
    "Syllable": "133",
    "Word": "28",
    "RDate": "20211104",
    "Aspects": [
      {
        "Aspect": "기능",
        "SentimentText": "진짜 깨끗하게 청소 잘되고",
        "SentimentWord": "4",
        "SentimentPolarity": "1"
      },
      {
        "Aspect": "디자인",
        "SentimentText": "특히나 실제로 본 제품이 너무 예뻐요!!진짜 컴팩트한데 알차기 까지해요~",
        "SentimentWord": "9",
        "SentimentPolarity": "1"
      },
      {
        "Aspect": "가격",
        "SentimentText": "중국산이 이렇게 가성비가 뛰어나다니! ",
        "SentimentWord": "4",
        "SentimentPolarity": "1"
      }
    ]
  },
  {
    "Index": "20500",
    "RawText": "역시~ 000전자 청소기는 신세계입니다. 외부베란다 창 뿌연게 스트레스~없게 완죤 깨끗하게 닦아줘서 고민해결됐어요.고민말고 사세요.",
    "Source": "쇼핑몰",
    "Domain": "가전",
    "MainCategory": "생활/미용/욕실가전",
    "ProductName": "샤오미 HUTT DDC55 해외구매",
    "ReviewScore": "5",
    "Syllable": "73",
    "Word": "13",
    "RDate": "20220115",
    "GeneralPolarity": "1",
    "Aspects": [
      {
        "Aspect": "제조일/제조사",
        "SentimentText": "역시~ 000전자 청소기는 신세계입니다. ",
        "SentimentWord": "4",
        "SentimentPolarity": "1"
      },
      {
        "Aspect": "기능",
        "SentimentText": "스트레스~없게 완죤 깨끗하게 닦아줘서 고민해결됐어요.",
        "SentimentWord": "5",
        "SentimentPolarity": "1"
      }
    ]
  },
  {
    "Index": "20501",
    "RawText": "소음은 좀 심한데.....  청소후 진짜 깨끗해서 놀랍습니다.그간의 고민도 해결됬고,가족도 감동 했어요!감사해요^^",
    "Source": "쇼핑몰",
    "Domain": "가전",
    "MainCategory": "생활/미용/욕실가전",
    "ProductName": "샤오미 HUTT DDC55 해외구매",
    "ReviewScore": "5",
    "Syllable": "64",
    "Word": "11",
    "RDate": "20210814",
    "Aspects": [
      {
        "Aspect": "소음",
        "SentimentText": "소음은 좀 심한데..... ",
        "SentimentWord": "3",
        "SentimentPolarity": "-1"
      },
      {
        "Aspect": "기능",
        "SentimentText": "청소후 진짜 깨끗해서 놀랍습니다",
        "SentimentWord": "4",
        "SentimentPolarity": "1"
      }
    ]
  },
  {
    "Index": "20502",
    "RawText": "지난해부터 고민했는데 이제 구매하네요. 상품이 디자인은 깔끔하고, 깨끗하게 청소가 되는 성능에  만족해요.떨어질 염려도 없어서 안심입니다!!",
    "Source": "쇼핑몰",
    "Domain": "가전",
    "MainCategory": "생활/미용/욕실가전",
    "ProductName": "샤오미 HUTT DDC55 해외구매",
    "ReviewScore": "5",
    "Syllable": "78",
    "Word": "15",
    "RDate": "20210923",
    "GeneralPolarity": "1",
    "Aspects": [
      {
        "Aspect": "디자인",
        "SentimentText": "상품이 디자인은 깔끔하고",
        "SentimentWord": "3",
        "SentimentPolarity": "1"
      },
      {
        "Aspect": "기능",
        "SentimentText": "깨끗하게 청소가 되는 성능에  만족해요",
        "SentimentWord": "5",
        "SentimentPolarity": "1"
      },
      {
        "Aspect": "기능",
        "SentimentText": "떨어질 염려도 없어서 안심입니다!!",
        "SentimentWord": "4",
        "SentimentPolarity": "1"
      }
    ]
  },
  {
    "Index": "20503",
    "RawText": "잘 닦이는건 좋았은데 ,외부창 닦을때 소리가 매우 크다보니 이웃집까지 소음공해가 발생 되더라구요. 내부  유리를 닦을때도 소음 심해서 티브이 시청은 어렵네요ㅠ.ㅠ",
    "Source": "쇼핑몰",
    "Domain": "가전",
    "MainCategory": "생활/미용/욕실가전",
    "ProductName": "샤오미 HUTT DDC55 해외구매",
    "ReviewScore": "5",
    "Syllable": "90",
    "Word": "20",
    "RDate": "20220411",
    "GeneralPolarity": "-1",
    "Aspects": [
      {
        "Aspect": "기능",
        "SentimentText": "잘 닦이는건 좋았은데",
        "SentimentWord": "3",
        "SentimentPolarity": "1"
      },
      {
        "Aspect": "소음",
        "SentimentText": "소리가 매우 크다보니 이웃집까지 소음공해가 발생 되더라구요",
        "SentimentWord": "7",
        "SentimentPolarity": "-1"
      },
      {
        "Aspect": "소음",
        "SentimentText": "내부  유리를 닦을때도 소음 심해서 ",
        "SentimentWord": "5",
        "SentimentPolarity": "-1"
      }
    ]
  },
  {
    "Index": "20504",
    "RawText": "청소 전후 사진 보면,한번 닦아도 깨끗한, 확연한차이 있어서 맘에 들어요 . 두어번 닦은후 마른걸레 이용해서 마무리해보면 청소 시간은 길어서 지루해요. 완벽하게는 닦여서 개운해요..적극 추천해요!",
    "Source": "쇼핑몰",
    "Domain": "가전",
    "MainCategory": "생활/미용/욕실가전",
    "ProductName": "샤오미 HUTT DDC55 해외구매",
    "ReviewScore": "5",
    "Syllable": "109",
    "Word": "24",
    "RDate": "20210623",
    "GeneralPolarity": "1",
    "Aspects": [
      {
        "Aspect": "기능",
        "SentimentText": "한번 닦아도 깨끗한, 확연한차이 있어서 맘에 들어요 .",
        "SentimentWord": "8",
        "SentimentPolarity": "1"
      },
      {
        "Aspect": "시간/속도",
        "SentimentText": "청소 시간은 길어서 지루해요.",
        "SentimentWord": "4",
        "SentimentPolarity": "-1"
      },
      {
        "Aspect": "기능",
        "SentimentText": "완벽하게는 닦여서 개운해요",
        "SentimentWord": "3",
        "SentimentPolarity": "1"
      }
    ]
  },
  {
    "Index": "20505",
    "RawText": "신기하게 그동안 찌든때도 싹~~ 속이 시원하네요.혹시라도 떨어질까봐 걱정이 앞섰는데 진짜 안 떨어지더라구요.굿굿!!작동시간이 살짝 길어서 불편하지만 대 만족입니다.신통방통하고 훌륭한 녀석이지요^^",
    "Source": "쇼핑몰",
    "Domain": "가전",
    "MainCategory": "생활/미용/욕실가전",
    "ProductName": "샤오미 HUTT DDC55 해외구매",
    "ReviewScore": "5",
    "Syllable": "109",
    "Word": "19",
    "RDate": "20210801",
    "GeneralPolarity": "1",
    "Aspects": [
      {
        "Aspect": "기능",
        "SentimentText": "그동안 찌든때도 싹~~ 속이 시원하네요",
        "SentimentWord": "5",
        "SentimentPolarity": "1"
      },
      {
        "Aspect": "기능",
        "SentimentText": "떨어질까봐 걱정이 앞섰는데 진짜 안 떨어지더라구요.굿굿!!",
        "SentimentWord": "6",
        "SentimentPolarity": "1"
      },
      {
        "Aspect": "시간/속도",
        "SentimentText": "작동시간이 살짝 길어서 불편하지만 ",
        "SentimentWord": "4",
        "SentimentPolarity": "-1"
      }
    ]
  }
]