[
  {
    "Index": "5315",
    "RawText": "너무좋아요  효과가있는듯 근데 설명서가 자세하지 않아 쓰는법을 좀 더자세히 설명서에 나와있으면 좋겠어",
    "Source": "SNS",
    "Domain": "가전",
    "MainCategory": "생활/미용/욕실가전",
    "ProductName": "(특)파나소닉 EW-1413 방송 (본품+노즐4팩)",
    "ReviewScore": "100",
    "Syllable": "56",
    "Word": "12",
    "RDate": "20210820",
    "Aspects": [
      {
        "Aspect": "기능",
        "SentimentText": "너무좋아요  효과가있는듯 ",
        "SentimentWord": "2",
        "SentimentPolarity": "1"
      },
      {
        "Aspect": "조작성",
        "SentimentText": "설명서가 자세하지 않아 쓰는법을 좀 더자세히 설명서에 나와있으면 좋겠어",
        "SentimentWord": "9",
        "SentimentPolarity": "-1"
      }
    ]
  },
  {
    "Index": "5316",
    "RawText": "물살이 세지 않아 개운하지 않아 마음에 안들어요 물은 두세번 채워야하고  저희 가족은 만족하고 쓰고 있엉.",
    "Source": "SNS",
    "Domain": "가전",
    "MainCategory": "생활/미용/욕실가전",
    "ProductName": "(특)파나소닉 EW-1413 방송 (본품+노즐4팩)",
    "ReviewScore": "100",
    "Syllable": "59",
    "Word": "15",
    "RDate": "20210928",
    "GeneralPolarity": "1",
    "Aspects": [
      {
        "Aspect": "기능",
        "SentimentText": "물살이 세지 않아 개운하지 않아  마음에 안들어요",
        "SentimentWord": "7",
        "SentimentPolarity": "0"
      },
      {
        "Aspect": "편의성",
        "SentimentText": "물은 두세번 채워야하고  저희 가족은 만족하고 쓰고 있엉.",
        "SentimentWord": "8",
        "SentimentPolarity": "1"
      }
    ]
  },
  {
    "Index": "5317",
    "RawText": "물세기를 조절할수  있어서 좋습니다. 본품 외에도 노즐 4팩을 추가로 주셔서 만족합니다.",
    "Source": "SNS",
    "Domain": "가전",
    "MainCategory": "생활/미용/욕실가전",
    "ProductName": "(특)파나소닉 EW-1413 방송 (본품+노즐4팩)",
    "ReviewScore": "100",
    "Syllable": "49",
    "Word": "11",
    "RDate": "20211210",
    "Aspects": [
      {
        "Aspect": "조작성",
        "SentimentText": "물세기를 조절할수  있어서 좋습니다.",
        "SentimentWord": "4",
        "SentimentPolarity": "1"
      },
      {
        "Aspect": "제품구성",
        "SentimentText": "본품 외에도 노즐 4팩을 추가로 주셔서 만족합니다. ",
        "SentimentWord": "7",
        "SentimentPolarity": "1"
      }
    ]
  },
  {
    "Index": "5318",
    "RawText": "물탱크 용량이 작은지 양이 조금부족하고 금방끝남ᆢ 가글하는상태에서 모드조작하고 전원 조작이 불편함",
    "Source": "SNS",
    "Domain": "가전",
    "MainCategory": "생활/미용/욕실가전",
    "ProductName": "(특)파나소닉 EW-1413 방송 (본품+노즐4팩)",
    "ReviewScore": "60",
    "Syllable": "54",
    "Word": "11",
    "RDate": "20220118",
    "GeneralPolarity": "-1",
    "Aspects": [
      {
        "Aspect": "용량",
        "SentimentText": "물탱크 용량이 작은지 양이 조금부족하고 금방끝남ᆢ",
        "SentimentWord": "6",
        "SentimentPolarity": "-1"
      },
      {
        "Aspect": "조작성",
        "SentimentText": "가글하는상태에서 모드조작하고 전원 조작이 불편함",
        "SentimentWord": "5",
        "SentimentPolarity": "-1"
      }
    ]
  },
  {
    "Index": "5319",
    "RawText": "물통 좀 클걸로살걸 후회되네요 수압이도 약하네요 일단 써서 반품이 안되니 그냥 싸야죠 별수없네요",
    "Source": "SNS",
    "Domain": "가전",
    "MainCategory": "생활/미용/욕실가전",
    "ProductName": "(특)파나소닉 EW-1413 방송 (본품+노즐4팩)",
    "ReviewScore": "60",
    "Syllable": "53",
    "Word": "13",
    "RDate": "20210803",
    "GeneralPolarity": "-1",
    "Aspects": [
      {
        "Aspect": "용량",
        "SentimentText": "물통 좀 클걸로살걸 후회되네요",
        "SentimentWord": "4",
        "SentimentPolarity": "-1"
      },
      {
        "Aspect": "기능",
        "SentimentText": "수압이도 약하네요 일단 써서 반품이 안되니 그냥 싸야죠 별수없네요",
        "SentimentWord": "9",
        "SentimentPolarity": "-1"
      }
    ]
  },
  {
    "Index": "5320",
    "RawText": "물통도 사이즈가 너무작아 사용시간이 짧고,  성능이 약한지 물살도약해도너무약하다  기존에쓰던것을 다시구매해야될것같다",
    "Source": "SNS",
    "Domain": "가전",
    "MainCategory": "생활/미용/욕실가전",
    "ProductName": "(특)파나소닉 EW-1413 방송 (본품+노즐4팩)",
    "ReviewScore": "60",
    "Syllable": "64",
    "Word": "10",
    "RDate": "20220115",
    "GeneralPolarity": "-1",
    "Aspects": [
      {
        "Aspect": "사이즈",
        "SentimentText": "물통도 사이즈가 너무작아 사용시간이 짧고, ",
        "SentimentWord": "5",
        "SentimentPolarity": "-1"
      },
      {
        "Aspect": "기능",
        "SentimentText": "성능이 약한지 물살도약해도너무약하다  ",
        "SentimentWord": "3",
        "SentimentPolarity": "-1"
      }
    ]
  },
  {
    "Index": "5321",
    "RawText": "배송 빠르고  잘 구매했어요   노즐도 주고 제품구성이 푸짐하네요 생각보다 사용하기 불편해요",
    "Source": "SNS",
    "Domain": "가전",
    "MainCategory": "생활/미용/욕실가전",
    "ProductName": "(특)파나소닉 EW-1413 방송 (본품+노즐4팩)",
    "ReviewScore": "60",
    "Syllable": "51",
    "Word": "11",
    "RDate": "20210822",
    "Aspects": [
      {
        "Aspect": "제품구성",
        "SentimentText": "노즐도 주고 제품구성이 푸짐하네요",
        "SentimentWord": "4",
        "SentimentPolarity": "1"
      },
      {
        "Aspect": "편의성",
        "SentimentText": "생각보다 사용하기 불편해요",
        "SentimentWord": "3",
        "SentimentPolarity": "-1"
      }
    ]
  },
  {
    "Index": "5322",
    "RawText": "배송도 빠르고 사용해 보니 기능이 너무 좋네요  입안도 개운하고요 사용감이 100프로 만족입니다",
    "Source": "SNS",
    "Domain": "가전",
    "MainCategory": "생활/미용/욕실가전",
    "ProductName": "(특)파나소닉 EW-1413 방송 (본품+노즐4팩)",
    "ReviewScore": "100",
    "Syllable": "53",
    "Word": "12",
    "RDate": "20211109",
    "Aspects": [
      {
        "Aspect": "편의성",
        "SentimentText": "입안도 개운하고요 사용감이 100프로 만족입니다",
        "SentimentWord": "5",
        "SentimentPolarity": "1"
      },
      {
        "Aspect": "기능",
        "SentimentText": "사용해 보니 기능이 너무 좋네요",
        "SentimentWord": "5",
        "SentimentPolarity": "1"
      }
    ]
  },
  {
    "Index": "5323",
    "RawText": "배송받고 꾸준히 사용중입니다. 물통이 작아 물은 한번더 리필해야 입 전체 가능하고 개인차인지 모르겠지만 저나 신랑은 수압이 조금 더 높았음 좋았을것 깉다 생각들어요. 조금 아쉬운 부분들 있지만 그래도 꾸준히 사용해요",
    "Source": "SNS",
    "Domain": "가전",
    "MainCategory": "생활/미용/욕실가전",
    "ProductName": "(특)파나소닉 EW-1413 방송 (본품+노즐4팩)",
    "ReviewScore": "60",
    "Syllable": "120",
    "Word": "29",
    "RDate": "20220121",
    "GeneralPolarity": "0",
    "Aspects": [
      {
        "Aspect": "용량",
        "SentimentText": "물통이 작아 물은 한번더 리필해야  입 전체 가능하고",
        "SentimentWord": "8",
        "SentimentPolarity": "-1"
      },
      {
        "Aspect": "기능",
        "SentimentText": " 수압이 조금 더 높았음 좋았을것 깉다 생각들어요. 조금 아쉬운 부분들 있지만 ",
        "SentimentWord": "11",
        "SentimentPolarity": "0"
      }
    ]
  },
  {
    "Index": "5324",
    "RawText": "생각보다 분사력이 강해 깜짝 놀랐어요^^ 물통 용량이 적은것 빼고 다 만족합니다",
    "Source": "SNS",
    "Domain": "가전",
    "MainCategory": "생활/미용/욕실가전",
    "ProductName": "(특)파나소닉 EW-1413 방송 (본품+노즐4팩)",
    "ReviewScore": "100",
    "Syllable": "44",
    "Word": "11",
    "RDate": "20220117",
    "GeneralPolarity": "0",
    "Aspects": [
      {
        "Aspect": "기능",
        "SentimentText": "생각보다 분사력이 강해 깜짝 놀랐어요^^",
        "SentimentWord": "5",
        "SentimentPolarity": "1"
      },
      {
        "Aspect": "용량",
        "SentimentText": "물통 용량이 적은것 빼고 다 만족합니다",
        "SentimentWord": "6",
        "SentimentPolarity": "0"
      }
    ]
  },
  {
    "Index": "5325",
    "RawText": "생각보다 분사력 성능이 별로입니다. 개운치않아 반품하고싶어요",
    "Source": "SNS",
    "Domain": "가전",
    "MainCategory": "생활/미용/욕실가전",
    "ProductName": "(특)파나소닉 EW-1413 방송 (본품+노즐4팩)",
    "ReviewScore": "20",
    "Syllable": "33",
    "Word": "6",
    "RDate": "20220216",
    "GeneralPolarity": "-1",
    "Aspects": [
      {
        "Aspect": "기능",
        "SentimentText": "생각보다  분사력 성능이 별로입니다.",
        "SentimentWord": "4",
        "SentimentPolarity": "-1"
      },
      {
        "Aspect": "품질",
        "SentimentText": "개운치않아 반품하고싶어요",
        "SentimentWord": "2",
        "SentimentPolarity": "-1"
      }
    ]
  },
  {
    "Index": "5326",
    "RawText": "임플란트후  필요해서 샀는데. 물줄기 약해서 불편하고 물통 용량이 너무 작아서 물을 서너번채워야 세정가능하네요.ㅠㅠ",
    "Source": "SNS",
    "Domain": "가전",
    "MainCategory": "생활/미용/욕실가전",
    "ProductName": "(특)파나소닉 EW-1413 방송 (본품+노즐4팩)",
    "ReviewScore": "50",
    "Syllable": "64",
    "Word": "13",
    "RDate": "20210806",
    "GeneralPolarity": "-1",
    "Aspects": [
      {
        "Aspect": "기능",
        "SentimentText": "물줄기 약해서 불편하고",
        "SentimentWord": "3",
        "SentimentPolarity": "-1"
      },
      {
        "Aspect": "용량",
        "SentimentText": " 물통 용량이 너무 작아서 물을 서너번채워야 세정가능하네요.ㅠㅠ",
        "SentimentWord": "7",
        "SentimentPolarity": "-1"
      }
    ]
  },
  {
    "Index": "5327",
    "RawText": "충전후 아직 사용은 안했지만 oooo브랜드상표를 믿고 구입했습니다. 만족해요 세정력은 우수해서 가글 후 사용하기 좋고,  다만 물통 용량이 작아서 물을 한번 채우면 1-2번 밖에 사용을 못해요 ㅜ",
    "Source": "SNS",
    "Domain": "가전",
    "MainCategory": "생활/미용/욕실가전",
    "ProductName": "(특)파나소닉 EW-1413 방송 (본품+노즐4팩)",
    "ReviewScore": "100",
    "Syllable": "109",
    "Word": "26",
    "RDate": "20210827",
    "GeneralPolarity": "0",
    "Aspects": [
      {
        "Aspect": "품질",
        "SentimentText": "세정력은 우수해서 가글 후 사용하기 좋고, ",
        "SentimentWord": "6",
        "SentimentPolarity": "1"
      },
      {
        "Aspect": "용량",
        "SentimentText": " 다만 물통 용량이 작아서 물을 한번 채우면 1-2번 밖에 사용을 못해요 ㅜ",
        "SentimentWord": "12",
        "SentimentPolarity": "-1"
      },
      {
        "Aspect": "제조일/제조사",
        "SentimentText": "oooo브랜드상표를 믿고 구입했습니다. 만족해요",
        "SentimentWord": "4",
        "SentimentPolarity": "1"
      }
    ]
  },
  {
    "Index": "5328",
    "RawText": "칫솔질보다 치아 세정제가 효과있어서 꼭 필요하여 구입했어요  개운하게 씻어주는 0000 믿어요",
    "Source": "SNS",
    "Domain": "가전",
    "MainCategory": "생활/미용/욕실가전",
    "ProductName": "(특)파나소닉 EW-1413 방송 (본품+노즐4팩)",
    "ReviewScore": "100",
    "Syllable": "52",
    "Word": "11",
    "RDate": "20210820",
    "GeneralPolarity": "1",
    "Aspects": [
      {
        "Aspect": "기능",
        "SentimentText": "칫솔질보다 치아 세정제가 효과있어서 꼭 필요하여 구입했어요 ",
        "SentimentWord": "7",
        "SentimentPolarity": "1"
      },
      {
        "Aspect": "제조일/제조사",
        "SentimentText": "개운하게 씻어주는 0000 믿어요",
        "SentimentWord": "4",
        "SentimentPolarity": "1"
      }
    ]
  },
  {
    "Index": "5329",
    "RawText": "광고같이 정말 효과 있을까 했는데 온갖 지꺼기가 다 빠져 나오네요^^ 디자인도 심플해서 만족합니다.",
    "Source": "SNS",
    "Domain": "가전",
    "MainCategory": "생활/미용/욕실가전",
    "ProductName": "(혼_무료체험_방송사은품)파나소닉 제트워셔 EW-1413+사은품(음파칫솔)",
    "ReviewScore": "100",
    "Syllable": "55",
    "Word": "13",
    "RDate": "20210408",
    "GeneralPolarity": "1",
    "Aspects": [
      {
        "Aspect": "기능",
        "SentimentText": "광고같이 정말 효과 있을까 했는데 온갖 지꺼기가 다 빠져 나오네요^^",
        "SentimentWord": "10",
        "SentimentPolarity": "1"
      },
      {
        "Aspect": "디자인",
        "SentimentText": "디자인도 심플해서 만족합니다. ",
        "SentimentWord": "3",
        "SentimentPolarity": "1"
      }
    ]
  },
  {
    "Index": "5330",
    "RawText": "늦은 상품평이네요. 1주일 무료체험 후 사용하는데 전 거의 interdental기능만 사용해서 물 부족은 없어요. 양치 후 사이사이 낀 이물질 잘 나와요. 기능은 만족합니다.  근데 첨 사용후 물통 소재가 뭔지 아직도 물통에서 냄새는 나네요 ㅜ",
    "Source": "SNS",
    "Domain": "가전",
    "MainCategory": "생활/미용/욕실가전",
    "ProductName": "(혼_무료체험_방송사은품)파나소닉 제트워셔 EW-1413+사은품(음파칫솔)",
    "ReviewScore": "100",
    "Syllable": "136",
    "Word": "33",
    "RDate": "20210520",
    "GeneralPolarity": "0",
    "Aspects": [
      {
        "Aspect": "기능",
        "SentimentText": "양치 후 사이사이 낀 이물질 잘 나와요. 기능은 만족합니다.",
        "SentimentWord": "9",
        "SentimentPolarity": "1"
      },
      {
        "Aspect": "소재",
        "SentimentText": " 근데 첨 사용후 물통 소재가 뭔지 아직도 물통에서 냄새는 나네요 ㅜ",
        "SentimentWord": "11",
        "SentimentPolarity": "-1"
      }
    ]
  },
  {
    "Index": "5331",
    "RawText": "무선이라 좀 약하긴하네요..그래도 찌꺼기 잘 빠져서 쓸만한듯 합니다",
    "Source": "SNS",
    "Domain": "가전",
    "MainCategory": "생활/미용/욕실가전",
    "ProductName": "(혼_무료체험_방송사은품)파나소닉 제트워셔 EW-1413+사은품(음파칫솔)",
    "ReviewScore": "100",
    "Syllable": "37",
    "Word": "8",
    "RDate": "20210426",
    "GeneralPolarity": "0",
    "Aspects": [
      {
        "Aspect": "기능",
        "SentimentText": "무선이라 좀 약하긴하네요",
        "SentimentWord": "3",
        "SentimentPolarity": "0"
      },
      {
        "Aspect": "기능",
        "SentimentText": ".그래도 찌꺼기 잘 빠져서 쓸만한듯 합니다",
        "SentimentWord": "6",
        "SentimentPolarity": "1"
      }
    ]
  },
  {
    "Index": "5332",
    "RawText": "물의양 적어서 다섯번정도 해야... 번거로워요 음식물찌꺼기 안나옴 치간칫솔 사용함  생각만큼  그이하로 개운하지않아요",
    "Source": "SNS",
    "Domain": "가전",
    "MainCategory": "생활/미용/욕실가전",
    "ProductName": "(혼_무료체험_방송사은품)파나소닉 제트워셔 EW-1413+사은품(음파칫솔)",
    "ReviewScore": "100",
    "Syllable": "65",
    "Word": "12",
    "RDate": "20210418",
    "GeneralPolarity": "-1",
    "Aspects": [
      {
        "Aspect": "용량",
        "SentimentText": "물의양 적어서 다섯번정도 해야... 번거로워요",
        "SentimentWord": "5",
        "SentimentPolarity": "-1"
      },
      {
        "Aspect": "기능",
        "SentimentText": "음식물찌꺼기 안나옴 치간칫솔 사용함  생각만큼  그이하로 개운하지않아요",
        "SentimentWord": "7",
        "SentimentPolarity": "-1"
      }
    ]
  },
  {
    "Index": "5333",
    "RawText": "물저장용량이 적네요,사은품으로  지급되는전동치솔은 치솔의 크기가 작아서 활영도가 적어요.",
    "Source": "SNS",
    "Domain": "가전",
    "MainCategory": "생활/미용/욕실가전",
    "ProductName": "(혼_무료체험_방송사은품)파나소닉 제트워셔 EW-1413+사은품(음파칫솔)",
    "ReviewScore": "40",
    "Syllable": "49",
    "Word": "8",
    "RDate": "20210620",
    "GeneralPolarity": "-1",
    "Aspects": [
      {
        "Aspect": "용량",
        "SentimentText": "물저장용량이 적네요,",
        "SentimentWord": "2",
        "SentimentPolarity": "-1"
      },
      {
        "Aspect": "제품구성",
        "SentimentText": "사은품으로  지급되는전동치솔은 치솔의 크기가 작아서 활영도가 적어요.",
        "SentimentWord": "7",
        "SentimentPolarity": "-1"
      }
    ]
  },
  {
    "Index": "5334",
    "RawText": "배송은 휴일 제외하고 4일이라 한참 기다렸어요. 제품상자가 약간 찢어져 있더라구요  새제품이 아니고 다른 누군가 쓴것 같이 물이 묻어있어욧 기분이 별로 좋지 않았습니다  좋은 가격에 잘 구매한 거 같아요",
    "Source": "SNS",
    "Domain": "가전",
    "MainCategory": "생활/미용/욕실가전",
    "ProductName": "(혼_방송중2만원할인) 필립스 프로텍티브 클린 1.0 더블핸들 (HX6456/03)",
    "ReviewScore": "80",
    "Syllable": "113",
    "Word": "28",
    "RDate": "20210218",
    "Aspects": [
      {
        "Aspect": "품질",
        "SentimentText": " 새제품이 아니고 다른 누군가 쓴것 같이 물이 묻어있어욧 기분이 별로 좋지 않았습니다",
        "SentimentWord": "12",
        "SentimentPolarity": "-1"
      },
      {
        "Aspect": "가격",
        "SentimentText": "좋은 가격에 잘 구매한 거 같아요",
        "SentimentWord": "6",
        "SentimentPolarity": "1"
      }
    ]
  },
  {
    "Index": "5335",
    "RawText": "아무리 치실 가글 등을 해도 구취가 신경쓰였는데 음파칫솔 쓰고는 냄새가 느껴지지않아 만족도가 상당히 높습니다. 치석, 잇몸건강에도 효과가 있는지는 계속 사용해봐야 알겠지만 입속 개운함과 구취에는 즉효과가 있는것 같습니다",
    "Source": "SNS",
    "Domain": "가전",
    "MainCategory": "생활/미용/욕실가전",
    "ProductName": "(혼_방송중2만원할인) 필립스 프로텍티브 클린 1.0 더블핸들 (HX6456/03)",
    "ReviewScore": "100",
    "Syllable": "122",
    "Word": "27",
    "RDate": "20210516",
    "GeneralPolarity": "1",
    "Aspects": [
      {
        "Aspect": "기능",
        "SentimentText": "음파칫솔 쓰고는 냄새가 느껴지지않아 만족도가 상당히 높습니다.",
        "SentimentWord": "7",
        "SentimentPolarity": "1"
      },
      {
        "Aspect": "기능",
        "SentimentText": "입속 개운함과 구취에는 즉효과가 있는것 같습니다",
        "SentimentWord": "6",
        "SentimentPolarity": "1"
      }
    ]
  },
  {
    "Index": "5336",
    "RawText": "예전 모델을 사용중인데  이 제품 성능이 더 좋습니다 제품 퀄리티 더 좋아졌네요. 자극은 덜하고 더 깨끗이 닦여서 만족합니다. ^^",
    "Source": "SNS",
    "Domain": "가전",
    "MainCategory": "생활/미용/욕실가전",
    "ProductName": "(혼_방송중2만원할인) 필립스 프로텍티브 클린 1.0 더블핸들 (HX6456/03)",
    "ReviewScore": "100",
    "Syllable": "73",
    "Word": "19",
    "RDate": "20210507",
    "GeneralPolarity": "1",
    "Aspects": [
      {
        "Aspect": "기능",
        "SentimentText": "예전 모델을 사용중인데  이 제품 성능이 더 좋습니다 ",
        "SentimentWord": "8",
        "SentimentPolarity": "1"
      },
      {
        "Aspect": "품질",
        "SentimentText": "제품 퀄리티 더 좋아졌네요. 자극은 덜하고 더 깨끗이 닦여서 만족합니다. ^^",
        "SentimentWord": "11",
        "SentimentPolarity": "1"
      }
    ]
  },
  {
    "Index": "5337",
    "RawText": "오랫동안 사용해도 균일하게 진동되서 만족함 깔끔하게 양치가되니 시원해요",
    "Source": "SNS",
    "Domain": "가전",
    "MainCategory": "생활/미용/욕실가전",
    "ProductName": "(혼_방송중2만원할인) 필립스 프로텍티브 클린 1.0 더블핸들 (HX6456/03)",
    "ReviewScore": "100",
    "Syllable": "39",
    "Word": "8",
    "RDate": "20210808",
    "GeneralPolarity": "1",
    "Aspects": [
      {
        "Aspect": "시간/속도",
        "SentimentText": "오랫동안 사용해도 균일하게 진동되서 만족함 ",
        "SentimentWord": "5",
        "SentimentPolarity": "1"
      },
      {
        "Aspect": "기능",
        "SentimentText": " 깔끔하게 양치가되니 시원해요",
        "SentimentWord": "3",
        "SentimentPolarity": "1"
      }
    ]
  },
  {
    "Index": "5338",
    "RawText": "일반 칫솔을 쿠준히 사용했는데 자동칫솔 사용했는 친척의 의견과 치아가 구석구석 깨끗하여서 고민하다가 구매했어요.  역시 ooo입니다 너무 편하고 칫솔이 치아에 부드럽게 작동하여서 매우 좋았어요.  자동칫솔질 할때 소음도 크지 않아 더욱 만족합니다.  애용하는 제품입니다  강추!",
    "Source": "SNS",
    "Domain": "가전",
    "MainCategory": "생활/미용/욕실가전",
    "ProductName": "(혼_방송중2만원할인) 필립스 프로텍티브 클린 1.0 더블핸들 (HX6456/03)",
    "ReviewScore": "100",
    "Syllable": "155",
    "Word": "33",
    "RDate": "20200807",
    "GeneralPolarity": "1",
    "Aspects": [
      {
        "Aspect": "조작성",
        "SentimentText": " 너무 편하고 칫솔이 치아에 부드럽게 작동하여서 매우 좋았어요",
        "SentimentWord": "8",
        "SentimentPolarity": "1"
      },
      {
        "Aspect": "소음",
        "SentimentText": "자동칫솔질 할때 소음도 크지 않아 더욱 만족합니다. ",
        "SentimentWord": "7",
        "SentimentPolarity": "1"
      }
    ]
  },
  {
    "Index": "5339",
    "RawText": "일반 칫솔질로 양치할때보단 많이 개운하고 치석도 차츰 차츰 없어져 깔끔해진 이빨을 보니 잘 샀구나!!흡족하네요~한가지 아쉬운점은 칫솔기당 살균기도 한개씩 더 구비가 됐더라면 아주 대 만족 이었을텐데~여튼 강추네욤~^^",
    "Source": "SNS",
    "Domain": "가전",
    "MainCategory": "생활/미용/욕실가전",
    "ProductName": "(혼_방송중2만원할인) 필립스 프로텍티브 클린 1.0 더블핸들 (HX6456/03)",
    "ReviewScore": "80",
    "Syllable": "121",
    "Word": "26",
    "RDate": "20210629",
    "GeneralPolarity": "1",
    "Aspects": [
      {
        "Aspect": "기능",
        "SentimentText": "많이 개운하고 치석도 차츰 차츰 없어져 깔끔해진 이빨을 보니 잘 샀구나!!흡족하네요",
        "SentimentWord": "11",
        "SentimentPolarity": "1"
      },
      {
        "Aspect": "제품구성",
        "SentimentText": "한가지 아쉬운점은 칫솔기당 살균기도 한개씩 더 구비가 됐더라면 아주 대 만족 이었을텐데~여튼 강추네욤~^^",
        "SentimentWord": "13",
        "SentimentPolarity": "1"
      }
    ]
  },
  {
    "Index": "5340",
    "RawText": "잘쓰고 있어요. 강도조절 가능해서 편리하고 진동이 세밀해서 좋아요",
    "Source": "SNS",
    "Domain": "가전",
    "MainCategory": "생활/미용/욕실가전",
    "ProductName": "(혼_방송중2만원할인) 필립스 프로텍티브 클린 1.0 더블핸들 (HX6456/03)",
    "ReviewScore": "100",
    "Syllable": "36",
    "Word": "8",
    "RDate": "20210810",
    "GeneralPolarity": "1",
    "Aspects": [
      {
        "Aspect": "기능",
        "SentimentText": "강도조절 가능해서 편리하고",
        "SentimentWord": "3",
        "SentimentPolarity": "1"
      },
      {
        "Aspect": "기능",
        "SentimentText": "진동이 세밀해서 좋아요",
        "SentimentWord": "3",
        "SentimentPolarity": "1"
      }
    ]
  },
  {
    "Index": "5341",
    "RawText": "전 컵안의 물이 음파로 튀는줄 알았는데 그게 아닌가요? 집에 있는 전동 칫솔이랑 실험을 해봤어요 두꺼운 유리컵-전동칫솔 음파칫솔 둘다 안튐 종이컵- 둘다 튐 차이가 뭔가요? 감각적인 디자인이 맘에 들어요  게다가 하나의 버튼으로 2가지 강도를 조절할 수 있어 좋아요",
    "Source": "SNS",
    "Domain": "가전",
    "MainCategory": "생활/미용/욕실가전",
    "ProductName": "(혼_방송중2만원할인) 필립스 프로텍티브 클린 1.0 더블핸들 (HX6456/03)",
    "ReviewScore": "60",
    "Syllable": "148",
    "Word": "37",
    "RDate": "20200803",
    "GeneralPolarity": "1",
    "Aspects": [
      {
        "Aspect": "디자인",
        "SentimentText": "감각적인 디자인이 맘에 들어요 ",
        "SentimentWord": "4",
        "SentimentPolarity": "1"
      },
      {
        "Aspect": "기능",
        "SentimentText": "하나의 버튼으로 2가지 강도를 조절할 수 있어 좋아요",
        "SentimentWord": "8",
        "SentimentPolarity": "1"
      }
    ]
  },
  {
    "Index": "5342",
    "RawText": "정말 후회없는 구매였습니다 치과가서 스켈링 받는횟수를 줄일수있을것같아요  잇몸에 무리없이 깨끗하게 닦이는 기분이고 구석구석 닦여서 치석이 쌓인단 느낌도 없어요 합리적인가격에 안살수가없었네요  만족합니다!!",
    "Source": "SNS",
    "Domain": "가전",
    "MainCategory": "생활/미용/욕실가전",
    "ProductName": "(혼_방송중2만원할인) 필립스 프로텍티브 클린 1.0 더블핸들 (HX6456/03)",
    "ReviewScore": "100",
    "Syllable": "114",
    "Word": "21",
    "RDate": "20201210",
    "GeneralPolarity": "1",
    "Aspects": [
      {
        "Aspect": "기능",
        "SentimentText": "잇몸에 무리없이 깨끗하게 닦이는 기분이고 구석구석 닦여서 치석이 쌓인단 느낌도 없어요",
        "SentimentWord": "11",
        "SentimentPolarity": "1"
      },
      {
        "Aspect": "가격",
        "SentimentText": "합리적인가격에 안살수가없었네요  만족합니다!!",
        "SentimentWord": "3",
        "SentimentPolarity": "1"
      }
    ]
  },
  {
    "Index": "5343",
    "RawText": "제품 사용하는건 편리해서 좋은데 기능중에 강약 조절이 없어서 아쉬웠어요.  계속 이 세기로 닦아도 치아에 문제가 없을지...",
    "Source": "SNS",
    "Domain": "가전",
    "MainCategory": "생활/미용/욕실가전",
    "ProductName": "(혼_방송중2만원할인) 필립스 프로텍티브 클린 1.0 더블핸들 (HX6456/03)",
    "ReviewScore": "70",
    "Syllable": "69",
    "Word": "16",
    "RDate": "20210422",
    "GeneralPolarity": "0",
    "Aspects": [
      {
        "Aspect": "편의성",
        "SentimentText": "제품 사용하는건 편리해서 좋은데",
        "SentimentWord": "4",
        "SentimentPolarity": "1"
      },
      {
        "Aspect": "조작성",
        "SentimentText": "기능중에 강약 조절이 없어서 아쉬웠어요. ",
        "SentimentWord": "5",
        "SentimentPolarity": "-1"
      }
    ]
  },
  {
    "Index": "5344",
    "RawText": "헤드가 두개라 하나는 서브로 놓고 쓰기 좋은거같아요 좋은 가격에 구매하게 되서 감사해요",
    "Source": "SNS",
    "Domain": "가전",
    "MainCategory": "생활/미용/욕실가전",
    "ProductName": "(혼_방송중2만원할인) 필립스 프로텍티브 클린 1.0 더블핸들 (HX6456/03)",
    "ReviewScore": "100",
    "Syllable": "48",
    "Word": "12",
    "RDate": "20201205",
    "GeneralPolarity": "1",
    "Aspects": [
      {
        "Aspect": "제품구성",
        "SentimentText": "헤드가 두개라 하나는 서브로 놓고 쓰기 좋은거같아요",
        "SentimentWord": "7",
        "SentimentPolarity": "1"
      },
      {
        "Aspect": "가격",
        "SentimentText": "좋은 가격에 구매하게 되서 감사해요",
        "SentimentWord": "5",
        "SentimentPolarity": "1"
      }
    ]
  },
  {
    "Index": "5345",
    "RawText": "교정하는 딸이 보철부분 음식물빼기 힘들어했는데 너무 편하고 잘 빠진다네요. 저도 처음엔 좀 쌘듯 했는데 한두번해보니 적응되고 시원해요. 생각보다 물통 용량이 작아 물을 금방써서 한번할때 두번씩은 채워야해요. ㅜ 그래도 잘산것 같아 만족합니다.",
    "Source": "SNS",
    "Domain": "가전",
    "MainCategory": "생활/미용/욕실가전",
    "ProductName": "(혼합_1+1구성)동국제약 덴트릭스 구강세정기+노즐(2P)2개+치약150g 2개",
    "ReviewScore": "100",
    "Syllable": "135",
    "Word": "31",
    "RDate": "20200624",
    "GeneralPolarity": "0",
    "Aspects": [
      {
        "Aspect": "기능",
        "SentimentText": "교정하는 딸이 보철부분 음식물빼기 힘들어했는데 너무 편하고 잘 빠진다네요. ",
        "SentimentWord": "9",
        "SentimentPolarity": "1"
      },
      {
        "Aspect": "용량",
        "SentimentText": "생각보다 물통 용량이 작아 물을 금방써서 한번할때 두번씩은 채워야해요. ㅜ 그래도 잘산것 같아 만족합니다.",
        "SentimentWord": "14",
        "SentimentPolarity": "0"
      }
    ]
  },
  {
    "Index": "5346",
    "RawText": "손잡이부분이  크게 느껴집니다 ㅜ  그러나 세정력은 우수해서 만족하며 잘쓰고있어요",
    "Source": "SNS",
    "Domain": "가전",
    "MainCategory": "생활/미용/욕실가전",
    "ProductName": "(혼합_1개구성)동국제약 덴트릭스 구강세정기+노즐(2P)1개+치약150g 1개",
    "ReviewScore": "60",
    "Syllable": "45",
    "Word": "9",
    "RDate": "20200923",
    "GeneralPolarity": "0",
    "Aspects": [
      {
        "Aspect": "사이즈",
        "SentimentText": "손잡이부분이  크게 느껴집니다 ㅜ",
        "SentimentWord": "4",
        "SentimentPolarity": "-1"
      },
      {
        "Aspect": "기능",
        "SentimentText": "그러나 세정력은 우수해서 만족하며 잘쓰고있어요",
        "SentimentWord": "5",
        "SentimentPolarity": "1"
      }
    ]
  },
  {
    "Index": "5347",
    "RawText": "써보니 디자인도 깔끔하고 넘좋아요 LED 10분동안 살균 소독뒤 알아서 절전기능이 있어서 편리해요",
    "Source": "SNS",
    "Domain": "가전",
    "MainCategory": "생활/미용/욕실가전",
    "ProductName": "*모즈스웨덴 휴대용 칫솔살균기 SK-250",
    "ReviewScore": "100",
    "Syllable": "54",
    "Word": "12",
    "RDate": "20210414",
    "GeneralPolarity": "1",
    "Aspects": [
      {
        "Aspect": "디자인",
        "SentimentText": "써보니 디자인도 깔끔하고 넘좋아요 ",
        "SentimentWord": "4",
        "SentimentPolarity": "1"
      },
      {
        "Aspect": "기능",
        "SentimentText": " LED 10분동안 살균 소독뒤 알아서 절전기능이 있어서 편리해요",
        "SentimentWord": "8",
        "SentimentPolarity": "1"
      }
    ]
  },
  {
    "Index": "5348",
    "RawText": "핑크 실물이 더 예뻐요. 사진으론 안 담아지네요. 제품 성능 좋고 배송 빨라요.  잘 쓸게요.",
    "Source": "SNS",
    "Domain": "가전",
    "MainCategory": "생활/미용/욕실가전",
    "ProductName": "*모즈스웨덴 휴대용 칫솔살균기 SK-250",
    "ReviewScore": "100",
    "Syllable": "52",
    "Word": "14",
    "RDate": "20200830",
    "Aspects": [
      {
        "Aspect": "색상",
        "SentimentText": "핑크 실물이 더 예뻐요. 사진으론 안 담아지네요. ",
        "SentimentWord": "7",
        "SentimentPolarity": "1"
      },
      {
        "Aspect": "기능",
        "SentimentText": "제품 성능 좋고",
        "SentimentWord": "3",
        "SentimentPolarity": "1"
      }
    ]
  },
  {
    "Index": "5349",
    "RawText": "크기가앙증맛고귀엽네요 성능도괜찮고 마으에듭니다",
    "Source": "SNS",
    "Domain": "가전",
    "MainCategory": "생활/미용/욕실가전",
    "ProductName": "[Flyco] 플라이코 휴대용 전기 면도기 FS175KR",
    "ReviewScore": "100",
    "Syllable": "25",
    "Word": "3",
    "RDate": "20191201",
    "GeneralPolarity": "1",
    "Aspects": [
      {
        "Aspect": "사이즈",
        "SentimentText": "크기가앙증맛고귀엽네요 ",
        "SentimentWord": "1",
        "SentimentPolarity": "1"
      },
      {
        "Aspect": "기능",
        "SentimentText": "성능도괜찮고 마으에듭니다",
        "SentimentWord": "2",
        "SentimentPolarity": "1"
      }
    ]
  },
  {
    "Index": "5350",
    "RawText": "배송 빠르고,  생활 방수가 되니 안전하게 이용 가능하네요 가격대비 기능도 좋아요. 강추!!",
    "Source": "SNS",
    "Domain": "가전",
    "MainCategory": "생활/미용/욕실가전",
    "ProductName": "[K]청결함과 상쾌함을 전달하는 스마트99 생활방수(IPX4)비데 BL-2000",
    "ReviewScore": "100",
    "Syllable": "51",
    "Word": "12",
    "RDate": "20210903",
    "Aspects": [
      {
        "Aspect": "기능",
        "SentimentText": "생활 방수가 되니 안전하게 이용 가능하네요",
        "SentimentWord": "6",
        "SentimentPolarity": "1"
      },
      {
        "Aspect": "기능",
        "SentimentText": "가격대비 기능도 좋아요. 강추!!",
        "SentimentWord": "4",
        "SentimentPolarity": "1"
      }
    ]
  },
  {
    "Index": "5351",
    "RawText": "본  상품은 빠르게 잘받았습니다. 세정기 같이오면 포토상품평 작성할려고 했는데 도대체 안오네요.  왜 따로 배송해 주는지 ㅜ 워낙 유명한 제품이라 품질은 만족해요 세정기 사용해보니 기능이 깔끔하지 않네요",
    "Source": "SNS",
    "Domain": "가전",
    "MainCategory": "생활/미용/욕실가전",
    "ProductName": "[TV_혼합_방송중] 스마트소닉 프로 구강케어 풀세트",
    "ReviewScore": "100",
    "Syllable": "113",
    "Word": "26",
    "RDate": "20200314",
    "Aspects": [
      {
        "Aspect": "품질",
        "SentimentText": "워낙 유명한 제품이라 품질은 만족해요",
        "SentimentWord": "5",
        "SentimentPolarity": "1"
      },
      {
        "Aspect": "기능",
        "SentimentText": "세정기 사용해보니 기능이 깔끔하지 않네요",
        "SentimentWord": "5",
        "SentimentPolarity": "-1"
      }
    ]
  },
  {
    "Index": "5352",
    "RawText": "생각보다 진동이 강해요~전동칫솔 처음 써보는데.,깜짝놀랬어요~~진동때문에 사용감은 쏘쏘입니다 진동은 곧 익숙해지겠죠~근데 구강케어 풀셋 구매라 세정기도 사용해봤는데 기능은 만족스럽지 않아요",
    "Source": "SNS",
    "Domain": "가전",
    "MainCategory": "생활/미용/욕실가전",
    "ProductName": "[TV_혼합_방송중] 스마트소닉 프로 구강케어 풀세트",
    "ReviewScore": "80",
    "Syllable": "105",
    "Word": "18",
    "RDate": "20200219",
    "Aspects": [
      {
        "Aspect": "기능",
        "SentimentText": "생각보다 진동이 강해요~전동칫솔 처음 써보는데.,깜짝놀랬어요~~",
        "SentimentWord": "5",
        "SentimentPolarity": "1"
      },
      {
        "Aspect": "기능",
        "SentimentText": "근데 구강케어 풀셋 구매라 세정기도 사용해봤는데 기능은 만족스럽지 않아요",
        "SentimentWord": "9",
        "SentimentPolarity": "-1"
      },
      {
        "Aspect": "편의성",
        "SentimentText": "진동때문에 사용감은 쏘쏘입니다",
        "SentimentWord": "3",
        "SentimentPolarity": "0"
      }
    ]
  },
  {
    "Index": "5353",
    "RawText": "쓰기 편하고 기대보다 좋네요 손잡이도 사이즈 슬림해서 착용감이 좋아요 칫솔이 분리되어  소독용보관기에 넣어 보관할수 있어서 편리해요.",
    "Source": "SNS",
    "Domain": "가전",
    "MainCategory": "생활/미용/욕실가전",
    "ProductName": "[TV_혼합_방송중] 스마트소닉 프로 구강케어 풀세트",
    "ReviewScore": "100",
    "Syllable": "74",
    "Word": "16",
    "RDate": "20200425",
    "GeneralPolarity": "1",
    "Aspects": [
      {
        "Aspect": "편의성",
        "SentimentText": "쓰기 편하고 기대보다 좋네요",
        "SentimentWord": "4",
        "SentimentPolarity": "1"
      },
      {
        "Aspect": "사이즈",
        "SentimentText": "손잡이도 사이즈 슬림해서 착용감이 좋아요",
        "SentimentWord": "5",
        "SentimentPolarity": "1"
      },
      {
        "Aspect": "편의성",
        "SentimentText": "칫솔이 분리되어  소독용보관기에 넣어 보관할수 있어서 편리해요.",
        "SentimentWord": "7",
        "SentimentPolarity": "1"
      }
    ]
  },
  {
    "Index": "5354",
    "RawText": "옛날 전동칫솔이랑은 차원이 다른 느낌이네요~  매일 스케일링 하는 기분   상품에 뭐가 묻어서 그냥 그래요 상품은 만족스러워요 기계 자체가 막고급진 느낌은 아니지만 깔끔해요",
    "Source": "SNS",
    "Domain": "가전",
    "MainCategory": "생활/미용/욕실가전",
    "ProductName": "[TV_혼합_방송중] 스마트소닉 프로 구강케어 풀세트",
    "ReviewScore": "80",
    "Syllable": "96",
    "Word": "22",
    "RDate": "20200504",
    "Aspects": [
      {
        "Aspect": "품질",
        "SentimentText": "상품에 뭐가 묻어서 그냥 그래요",
        "SentimentWord": "5",
        "SentimentPolarity": "-1"
      },
      {
        "Aspect": "디자인",
        "SentimentText": "기계 자체가 막고급진 느낌은 아니지만 깔끔해요",
        "SentimentWord": "6",
        "SentimentPolarity": "0"
      },
      {
        "Aspect": "기능",
        "SentimentText": "옛날 전동칫솔이랑은 차원이 다른 느낌이네요~  매일 스케일링 하는 기분  ",
        "SentimentWord": "9",
        "SentimentPolarity": "1"
      }
    ]
  },
  {
    "Index": "5355",
    "RawText": "전동의 세기가 너무 강하지않아 적당해서 좋아요, 양치 후 개운한 느낌에 상품 매우 만족합니다.",
    "Source": "SNS",
    "Domain": "가전",
    "MainCategory": "생활/미용/욕실가전",
    "ProductName": "[TV_혼합_방송중] 스마트소닉 프로 구강케어 풀세트",
    "ReviewScore": "100",
    "Syllable": "52",
    "Word": "13",
    "RDate": "20200316",
    "GeneralPolarity": "1",
    "Aspects": [
      {
        "Aspect": "기능",
        "SentimentText": "전동의 세기가 너무 강하지않아 적당해서 좋아요, ",
        "SentimentWord": "6",
        "SentimentPolarity": "1"
      },
      {
        "Aspect": "품질",
        "SentimentText": "양치 후 개운한 느낌에 상품 매우 만족합니다.",
        "SentimentWord": "7",
        "SentimentPolarity": "1"
      }
    ]
  },
  {
    "Index": "5356",
    "RawText": "전동칫솔 처음쓰는데요, 강도는 좀 세지만 잘 닦여요! 헤드 사이즈도 너무 크지 않고 입안에 딱이에요.^^",
    "Source": "SNS",
    "Domain": "가전",
    "MainCategory": "생활/미용/욕실가전",
    "ProductName": "[TV_혼합_방송중] 스마트소닉 프로 구강케어 풀세트",
    "ReviewScore": "100",
    "Syllable": "58",
    "Word": "14",
    "RDate": "20200316",
    "GeneralPolarity": "1",
    "Aspects": [
      {
        "Aspect": "기능",
        "SentimentText": "전동칫솔 처음쓰는데요, 강도는 좀 세지만 잘 닦여요!",
        "SentimentWord": "7",
        "SentimentPolarity": "1"
      },
      {
        "Aspect": "사이즈",
        "SentimentText": "헤드 사이즈도 너무 크지 않고 입안에 딱이에요.^^",
        "SentimentWord": "7",
        "SentimentPolarity": "1"
      }
    ]
  },
  {
    "Index": "5357",
    "RawText": "처음쓰는거라 적응하는데 몇일걸렸는데 품질이 좋은거같아요~더 개운한 느낌이에요~가격도 저렴하게 잘 산거같아요~",
    "Source": "SNS",
    "Domain": "가전",
    "MainCategory": "생활/미용/욕실가전",
    "ProductName": "[TV_혼합_방송중] 스마트소닉 프로 구강케어 풀세트",
    "ReviewScore": "80",
    "Syllable": "60",
    "Word": "10",
    "RDate": "20200316",
    "GeneralPolarity": "1",
    "Aspects": [
      {
        "Aspect": "품질",
        "SentimentText": "처음쓰는거라 적응하는데 몇일걸렸는데 품질이 좋은거같아요~더 개운한 느낌이에요",
        "SentimentWord": "7",
        "SentimentPolarity": "1"
      },
      {
        "Aspect": "가격",
        "SentimentText": "가격도 저렴하게 잘 산거같아요~",
        "SentimentWord": "4",
        "SentimentPolarity": "1"
      }
    ]
  },
  {
    "Index": "5358",
    "RawText": "칫솔 본체가 한 개만 있어요 왜죠? 현제 본체가 화이트로 왔습니다. 화이트는 그냥 너무 흔해서.... 검정색으로 빠른 배송으로 보내주세요.  11월 15일 아버지 생신선물로 어머니 아버지께 드릴 선물입니다. 빠른 처리 부탁드리겠습니다",
    "Source": "SNS",
    "Domain": "가전",
    "MainCategory": "생활/미용/욕실가전",
    "ProductName": "[위_형성]스마트소닉 프로 음파칫솔+구강세정기",
    "ReviewScore": "10",
    "Syllable": "130",
    "Word": "29",
    "RDate": "20201111",
    "Aspects": [
      {
        "Aspect": "제품구성",
        "SentimentText": "칫솔 본체가 한 개만 있어요 왜죠?",
        "SentimentWord": "6",
        "SentimentPolarity": "-1"
      },
      {
        "Aspect": "색상",
        "SentimentText": "화이트는 그냥 너무 흔해서....",
        "SentimentWord": "4",
        "SentimentPolarity": "-1"
      }
    ]
  },
  {
    "Index": "5359",
    "RawText": "저동칫솔은 편하게 닦을수있어 쓸만해서 맘에듭니다. 구강 세정기는 물이 너무 빨리 줄어서  쓰기 불편하네요",
    "Source": "SNS",
    "Domain": "가전",
    "MainCategory": "생활/미용/욕실가전",
    "ProductName": "[위_혼_5만원세일]스마트소닉프로 음파칫솔+구강세정기",
    "ReviewScore": "50",
    "Syllable": "58",
    "Word": "13",
    "RDate": "20201209",
    "GeneralPolarity": "0",
    "Aspects": [
      {
        "Aspect": "편의성",
        "SentimentText": "저동칫솔은 편하게 닦을수있어 쓸만해서 맘에듭니다.",
        "SentimentWord": "5",
        "SentimentPolarity": "1"
      },
      {
        "Aspect": "기능",
        "SentimentText": "구강 세정기는 물이 너무 빨리 줄어서  쓰기 불편하네요",
        "SentimentWord": "8",
        "SentimentPolarity": "-1"
      }
    ]
  },
  {
    "Index": "5360",
    "RawText": "가격대비 성능 짱입니다~  oo쇼핑이 젤 저렴한듯~  제품 구성 좋고 뱌송 빠르고 만족도 100%~^^",
    "Source": "SNS",
    "Domain": "가전",
    "MainCategory": "생활/미용/욕실가전",
    "ProductName": "[직매입] 스마트소닉 프로 구강케어 풀세트",
    "ReviewScore": "100",
    "Syllable": "57",
    "Word": "13",
    "RDate": "20211023",
    "Aspects": [
      {
        "Aspect": "기능",
        "SentimentText": "가격대비 성능 짱입니다~ ",
        "SentimentWord": "3",
        "SentimentPolarity": "1"
      },
      {
        "Aspect": "제품구성",
        "SentimentText": "제품 구성 좋고",
        "SentimentWord": "3",
        "SentimentPolarity": "1"
      },
      {
        "Aspect": "가격",
        "SentimentText": "oo쇼핑이 젤 저렴한듯~ ",
        "SentimentWord": "3",
        "SentimentPolarity": "1"
      }
    ]
  },
  {
    "Index": "5361",
    "RawText": "제품 구성 좋아요~ 사은품도 언제 올지 기대해봅니다~ 화이트 색상이 예뻐서 주문했으니, 꼭 색상 맞게 보내주세요.",
    "Source": "SNS",
    "Domain": "가전",
    "MainCategory": "생활/미용/욕실가전",
    "ProductName": "[직매입] 스마트소닉 프로 구강케어 풀세트",
    "ReviewScore": "100",
    "Syllable": "63",
    "Word": "15",
    "RDate": "20210703",
    "GeneralPolarity": "1",
    "Aspects": [
      {
        "Aspect": "제품구성",
        "SentimentText": "제품 구성 좋아요~",
        "SentimentWord": "3",
        "SentimentPolarity": "1"
      },
      {
        "Aspect": "색상",
        "SentimentText": "화이트 색상이 예뻐서 주문했으니, 꼭 색상 맞게 보내주세요.",
        "SentimentWord": "8",
        "SentimentPolarity": "1"
      }
    ]
  },
  {
    "Index": "5362",
    "RawText": "깨끗하게 잘 달리고 칫솔모도 많이들어있어서 좋네요. 칫솔모가격정도로 기기까지얻어서 정말 만족합니다",
    "Source": "SNS",
    "Domain": "가전",
    "MainCategory": "생활/미용/욕실가전",
    "ProductName": "[직매입] 스마트소닉 프로 구강케어 풀세트",
    "ReviewScore": "100",
    "Syllable": "54",
    "Word": "10",
    "RDate": "20210625",
    "GeneralPolarity": "1",
    "Aspects": [
      {
        "Aspect": "기능",
        "SentimentText": "깨끗하게 잘 달리고 칫솔모도 많이들어있어서 좋네요. ",
        "SentimentWord": "6",
        "SentimentPolarity": "1"
      },
      {
        "Aspect": "제품구성",
        "SentimentText": "칫솔모도 많이들어있어서 좋네요. ",
        "SentimentWord": "3",
        "SentimentPolarity": "1"
      },
      {
        "Aspect": "가격",
        "SentimentText": "칫솔모가격정도로 기기까지얻어서 정말 만족합니다",
        "SentimentWord": "4",
        "SentimentPolarity": "1"
      }
    ]
  },
  {
    "Index": "5363",
    "RawText": "배송도 빠르고 포장상태도 만족스럽습니다 ~ 추가 사은품 주기로 했는데 함께 오지 않았네요.ㅠㅠ 사이즈도 적당하고 욕실장에 잘 들어가요.",
    "Source": "SNS",
    "Domain": "가전",
    "MainCategory": "생활/미용/욕실가전",
    "ProductName": "[직매입] 스마트소닉 프로 구강케어 풀세트",
    "ReviewScore": "100",
    "Syllable": "75",
    "Word": "17",
    "RDate": "20210617",
    "Aspects": [
      {
        "Aspect": "제품구성",
        "SentimentText": "추가 사은품 주기로 했는데 함께 오지 않았네요.ㅠㅠ",
        "SentimentWord": "7",
        "SentimentPolarity": "-1"
      },
      {
        "Aspect": "사이즈",
        "SentimentText": "사이즈도 적당하고 욕실장에 잘 들어가요.",
        "SentimentWord": "5",
        "SentimentPolarity": "1"
      }
    ]
  },
  {
    "Index": "5364",
    "RawText": "빠른 배송 감사드리고요 구강케어가 총집합 구성이라 완전 만족~ 음파칫솔 작동상태 좋네요 잘 써 보도록 하겠습니다.",
    "Source": "SNS",
    "Domain": "가전",
    "MainCategory": "생활/미용/욕실가전",
    "ProductName": "[직매입] 스마트소닉 프로 구강케어 풀세트",
    "ReviewScore": "90",
    "Syllable": "63",
    "Word": "15",
    "RDate": "20210618",
    "Aspects": [
      {
        "Aspect": "제품구성",
        "SentimentText": "구강케어가 총집합 구성이라 완전 만족~",
        "SentimentWord": "5",
        "SentimentPolarity": "1"
      },
      {
        "Aspect": "기능",
        "SentimentText": "음파칫솔 작동상태 좋네요",
        "SentimentWord": "3",
        "SentimentPolarity": "1"
      }
    ]
  },
  {
    "Index": "5365",
    "RawText": "충전식이라  코드 안꼽아놔두 되고  간단하니  좋아요 색상도 민트색이라 화사하고 좋습니다.",
    "Source": "SNS",
    "Domain": "가전",
    "MainCategory": "생활/미용/욕실가전",
    "ProductName": "[코아존]무선 칫솔살균기 건조기_CZTBS-02(민트/화이트)",
    "ReviewScore": "100",
    "Syllable": "50",
    "Word": "10",
    "RDate": "20210822",
    "GeneralPolarity": "1",
    "Aspects": [
      {
        "Aspect": "배터리",
        "SentimentText": "충전식이라  코드 안꼽아놔두 되고  간단하니  좋아요",
        "SentimentWord": "6",
        "SentimentPolarity": "1"
      },
      {
        "Aspect": "색상",
        "SentimentText": "색상도 민트색이라 화사하고 좋습니다. ",
        "SentimentWord": "4",
        "SentimentPolarity": "1"
      }
    ]
  },
  {
    "Index": "5366",
    "RawText": "기존에 사용하던 OO보다 드라이기 손잡이밀착감.그립감 좋고 머리결도 좋아지는것 같아 맘에들어요",
    "Source": "SNS",
    "Domain": "가전",
    "MainCategory": "생활/미용/욕실가전",
    "ProductName": "JMW 터치온 오션그레이(MCS6004D) 드라이기",
    "ReviewScore": "100",
    "Syllable": "52",
    "Word": "10",
    "RDate": "20211108",
    "GeneralPolarity": "1",
    "Aspects": [
      {
        "Aspect": "조작성",
        "SentimentText": "드라이기 손잡이밀착감.그립감 좋고",
        "SentimentWord": "3",
        "SentimentPolarity": "1"
      },
      {
        "Aspect": "품질",
        "SentimentText": "머리결도 좋아지는것 같아 맘에들어요",
        "SentimentWord": "4",
        "SentimentPolarity": "1"
      }
    ]
  },
  {
    "Index": "5367",
    "RawText": "심플한 디자인과 성능 모두 만족스럽습니다!! 안전하고 빠른 배송도 감사드려요^^",
    "Source": "SNS",
    "Domain": "가전",
    "MainCategory": "생활/미용/욕실가전",
    "ProductName": "JMW 팬텀프라임(MS6003C) BLDC 드라이기",
    "ReviewScore": "100",
    "Syllable": "44",
    "Word": "9",
    "RDate": "20210315",
    "Aspects": [
      {
        "Aspect": "디자인",
        "SentimentText": "심플한 디자인과 성능 모두 만족스럽습니다!!",
        "SentimentWord": "5",
        "SentimentPolarity": "1"
      },
      {
        "Aspect": "기능",
        "SentimentText": "성능 모두 만족스럽습니다!! ",
        "SentimentWord": "3",
        "SentimentPolarity": "1"
      }
    ]
  },
  {
    "Index": "5368",
    "RawText": "바람이 강해서 머리를 굳이 들추지 않아도 머리가 날리면서 잘 말려지네요  확실히 시간단축이 되어 편리해요.",
    "Source": "SNS",
    "Domain": "가전",
    "MainCategory": "생활/미용/욕실가전",
    "ProductName": "JMW 팬텀프라임(MS6003C) BLDC 드라이기",
    "ReviewScore": "100",
    "Syllable": "59",
    "Word": "14",
    "RDate": "20211122",
    "GeneralPolarity": "1",
    "Aspects": [
      {
        "Aspect": "기능",
        "SentimentText": "바람이 강해서 머리를 굳이 들추지 않아도 머리가 날리면서 잘 말려지네요 ",
        "SentimentWord": "10",
        "SentimentPolarity": "1"
      },
      {
        "Aspect": "편의성",
        "SentimentText": "확실히 시간단축이 되어 편리해요.",
        "SentimentWord": "4",
        "SentimentPolarity": "1"
      }
    ]
  },
  {
    "Index": "5369",
    "RawText": "바람이 세고 선능이 좋아서 ooo 유용하게 사용하고 있어요. 적립금이 있어서 또 주문했는데 역시 좋네요. 제품은 좋고 마음에 드는데 배송이 일주일이 넘게 걸렸어요. 배송 느린거 빼고는 만족합니다.",
    "Source": "SNS",
    "Domain": "가전",
    "MainCategory": "생활/미용/욕실가전",
    "ProductName": "JMW 팬텀프라임(MS6003C) BLDC 드라이기",
    "ReviewScore": "40",
    "Syllable": "109",
    "Word": "26",
    "RDate": "20210812",
    "Aspects": [
      {
        "Aspect": "기능",
        "SentimentText": "바람이 세고 선능이 좋아서 ooo 유용하게 사용하고 있어요. ",
        "SentimentWord": "8",
        "SentimentPolarity": "1"
      },
      {
        "Aspect": "가격",
        "SentimentText": "적립금이 있어서 또 주문했는데 역시 좋네요.",
        "SentimentWord": "6",
        "SentimentPolarity": "1"
      }
    ]
  },
  {
    "Index": "5370",
    "RawText": "바람이세고  냉풍도 차고 좋아요 조작이 편리해서 짱.^^",
    "Source": "SNS",
    "Domain": "가전",
    "MainCategory": "생활/미용/욕실가전",
    "ProductName": "JMW 팬텀프라임(MS6003C) BLDC 드라이기",
    "ReviewScore": "100",
    "Syllable": "31",
    "Word": "7",
    "RDate": "20210927",
    "GeneralPolarity": "1",
    "Aspects": [
      {
        "Aspect": "기능",
        "SentimentText": "바람이세고  냉풍도 차고 좋아요",
        "SentimentWord": "4",
        "SentimentPolarity": "1"
      },
      {
        "Aspect": "조작성",
        "SentimentText": "조작이 편리해서 짱.^^",
        "SentimentWord": "3",
        "SentimentPolarity": "1"
      }
    ]
  },
  {
    "Index": "5371",
    "RawText": "배송도 빠르고 저렴한 가격에 잘샀습니다.  바람도 엄청 세고 머리 잘 말려집니다. ",
    "Source": "SNS",
    "Domain": "가전",
    "MainCategory": "생활/미용/욕실가전",
    "ProductName": "JMW 팬텀프라임(MS6003C) BLDC 드라이기",
    "ReviewScore": "100",
    "Syllable": "46",
    "Word": "11",
    "RDate": "20210524",
    "Aspects": [
      {
        "Aspect": "가격",
        "SentimentText": "저렴한 가격에 잘샀습니다. ",
        "SentimentWord": "3",
        "SentimentPolarity": "1"
      },
      {
        "Aspect": "기능",
        "SentimentText": "바람도 엄청 세고 머리 잘 말려집니다.",
        "SentimentWord": "6",
        "SentimentPolarity": "1"
      }
    ]
  },
  {
    "Index": "5372",
    "RawText": "배송빠르고 좋아요  기능이 강력해요 바람세기 만족~ 바람이 세게 나와 머리 말릴때 아주 편리합니다.  좋은상품 많이 부탁드려요 감사합니다",
    "Source": "SNS",
    "Domain": "가전",
    "MainCategory": "생활/미용/욕실가전",
    "ProductName": "JMW 팬텀프라임(MS6003C) BLDC 드라이기",
    "ReviewScore": "100",
    "Syllable": "76",
    "Word": "17",
    "RDate": "20210805",
    "Aspects": [
      {
        "Aspect": "기능",
        "SentimentText": "기능이 강력해요 바람세기 만족~",
        "SentimentWord": "4",
        "SentimentPolarity": "1"
      },
      {
        "Aspect": "편의성",
        "SentimentText": "바람이 세게 나와 머리 말릴때 아주 편리합니다. ",
        "SentimentWord": "7",
        "SentimentPolarity": "1"
      }
    ]
  },
  {
    "Index": "5373",
    "RawText": "상품은 튼튼하고 좋으나 배송이 너무 안좋네요 박스속 상품이 고정이 안되서 덜거덕 거려서 불안 모터가 빵빵해서 그런가 머리가 잘 말리네요",
    "Source": "SNS",
    "Domain": "가전",
    "MainCategory": "생활/미용/욕실가전",
    "ProductName": "JMW 팬텀프라임(MS6003C) BLDC 드라이기",
    "ReviewScore": "50",
    "Syllable": "75",
    "Word": "19",
    "RDate": "20210701",
    "Aspects": [
      {
        "Aspect": "내구성",
        "SentimentText": "상품은 튼튼하고 좋으나 배송이 너무 안좋네요",
        "SentimentWord": "6",
        "SentimentPolarity": "1"
      },
      {
        "Aspect": "기능",
        "SentimentText": "모터가 빵빵해서 그런가 머리가 잘 말리네요",
        "SentimentWord": "6",
        "SentimentPolarity": "0"
      }
    ]
  },
  {
    "Index": "5374",
    "RawText": "생각보다 가볍고 바람세기 성능이 좋아 머리가 금방 말라요. 차가운 바람은 미지근하지 않고 조금 시원해요.",
    "Source": "SNS",
    "Domain": "가전",
    "MainCategory": "생활/미용/욕실가전",
    "ProductName": "JMW 팬텀프라임(MS6003C) BLDC 드라이기",
    "ReviewScore": "100",
    "Syllable": "58",
    "Word": "14",
    "RDate": "20210825",
    "GeneralPolarity": "1",
    "Aspects": [
      {
        "Aspect": "무게",
        "SentimentText": "생각보다 가볍고 바람세기 성능이 좋아 머리가 금방 말라요.",
        "SentimentWord": "8",
        "SentimentPolarity": "1"
      },
      {
        "Aspect": "기능",
        "SentimentText": "바람세기 성능이 좋아 머리가 금방 말라요.",
        "SentimentWord": "6",
        "SentimentPolarity": "1"
      }
    ]
  },
  {
    "Index": "5375",
    "RawText": "전문가용처럼 사용하기 편하고 좋아요 디자인도 만족합니다.",
    "Source": "SNS",
    "Domain": "가전",
    "MainCategory": "생활/미용/욕실가전",
    "ProductName": "JMW 팬텀프라임(MS6003C) BLDC 드라이기",
    "ReviewScore": "100",
    "Syllable": "31",
    "Word": "6",
    "RDate": "20210820",
    "GeneralPolarity": "1",
    "Aspects": [
      {
        "Aspect": "편의성",
        "SentimentText": "전문가용처럼 사용하기 편하고 좋아요",
        "SentimentWord": "4",
        "SentimentPolarity": "1"
      },
      {
        "Aspect": "디자인",
        "SentimentText": "디자인도 만족합니다.",
        "SentimentWord": "2",
        "SentimentPolarity": "1"
      }
    ]
  },
  {
    "Index": "5376",
    "RawText": "조금 비싸서 고민되었지만 소리도 조용한편이어서 좋고 파워가좋아서 빨리말라 만족해요",
    "Source": "SNS",
    "Domain": "가전",
    "MainCategory": "생활/미용/욕실가전",
    "ProductName": "JMW 팬텀프라임(MS6003C) BLDC 드라이기",
    "ReviewScore": "100",
    "Syllable": "45",
    "Word": "9",
    "RDate": "20210420",
    "GeneralPolarity": "1",
    "Aspects": [
      {
        "Aspect": "가격",
        "SentimentText": "조금 비싸서 고민되었지만",
        "SentimentWord": "3",
        "SentimentPolarity": "0"
      },
      {
        "Aspect": "소음",
        "SentimentText": "소리도 조용한편이어서 좋고",
        "SentimentWord": "3",
        "SentimentPolarity": "1"
      },
      {
        "Aspect": "기능",
        "SentimentText": "파워가좋아서 빨리말라 만족해요",
        "SentimentWord": "3",
        "SentimentPolarity": "1"
      }
    ]
  },
  {
    "Index": "5377",
    "RawText": "제품 크기가 커서 그런지 바람도 세게 나와 머리 빨리 말리고 숱 많은 저에게 딱 좋습니다^^",
    "Source": "SNS",
    "Domain": "가전",
    "MainCategory": "생활/미용/욕실가전",
    "ProductName": "JMW 팬텀프라임(MS6003C) BLDC 드라이기",
    "ReviewScore": "100",
    "Syllable": "51",
    "Word": "15",
    "RDate": "20211119",
    "GeneralPolarity": "1",
    "Aspects": [
      {
        "Aspect": "사이즈",
        "SentimentText": "제품 크기가 커서 그런지 바람도 세게 나와 머리 빨리 말리고 숱 많은 저에게 딱 좋습니다^^",
        "SentimentWord": "15",
        "SentimentPolarity": "1"
      },
      {
        "Aspect": "기능",
        "SentimentText": " 바람도 세게 나와 머리 빨리 말리고 숱 많은 저에게 딱 좋습니다^^",
        "SentimentWord": "11",
        "SentimentPolarity": "1"
      }
    ]
  },
  {
    "Index": "5378",
    "RawText": "가격대비 괜찮네요^^ 세정력이 좋아 입안이 개운해서  좋고 그런데 많이 시끄러워요 잘 쓸게요",
    "Source": "SNS",
    "Domain": "가전",
    "MainCategory": "생활/미용/욕실가전",
    "ProductName": "K_[HAAN] 한경희생활과학 프리미엄 구강세정기 아쿠아젯 HC-T5300",
    "ReviewScore": "60",
    "Syllable": "51",
    "Word": "12",
    "RDate": "20200206",
    "GeneralPolarity": "0",
    "Aspects": [
      {
        "Aspect": "가격",
        "SentimentText": "가격대비 괜찮네요^^ ",
        "SentimentWord": "2",
        "SentimentPolarity": "1"
      },
      {
        "Aspect": "기능",
        "SentimentText": "세정력이 좋아 입안이 개운해서  좋고",
        "SentimentWord": "5",
        "SentimentPolarity": "1"
      },
      {
        "Aspect": "소음",
        "SentimentText": "그런데 많이 시끄러워요 잘 쓸게요",
        "SentimentWord": "5",
        "SentimentPolarity": "-1"
      }
    ]
  },
  {
    "Index": "5379",
    "RawText": "배송이 빨라 감사해요 OOO은 처음 써보는데 신뢰도가 높아졌어요 물세기가 조금 더 셋으면 하는 아쉬움이   있어요 잘 쓰겟습니다",
    "Source": "SNS",
    "Domain": "가전",
    "MainCategory": "생활/미용/욕실가전",
    "ProductName": "K_[HAAN] 한경희생활과학 프리미엄 구강세정기 아쿠아젯 HC-T5300",
    "ReviewScore": "100",
    "Syllable": "71",
    "Word": "17",
    "RDate": "20190716",
    "Aspects": [
      {
        "Aspect": "제조일/제조사",
        "SentimentText": "OOO은 처음 써보는데 신뢰도가 높아졌어요",
        "SentimentWord": "5",
        "SentimentPolarity": "1"
      },
      {
        "Aspect": "기능",
        "SentimentText": "물세기가 조금 더 셋으면 하는 아쉬움이   있어요",
        "SentimentWord": "7",
        "SentimentPolarity": "-1"
      }
    ]
  },
  {
    "Index": "5380",
    "RawText": "열 살균.. 잘 되겠죠?!  그전에는 통에 꽂아서 썼는데.. 물이 고여서 세균번식하는 것 같아 걸이방식으로 바꿔봤는데.. 너무 싼 건지..  가격만큼이네요 재질은 그다지 좋지는 않은 것 같아요.. 살균만 잘된다면 가성비 굿 이지만요. 제품 배송도 좀 느렸어요",
    "Source": "SNS",
    "Domain": "가전",
    "MainCategory": "생활/미용/욕실가전",
    "ProductName": "ZUCO 주코 칫솔살균기 CRS-5000 국내생산",
    "ReviewScore": "100",
    "Syllable": "144",
    "Word": "34",
    "RDate": "20200112",
    "Aspects": [
      {
        "Aspect": "가격",
        "SentimentText": "너무 싼 건지..  가격만큼이네요",
        "SentimentWord": "4",
        "SentimentPolarity": "-1"
      },
      {
        "Aspect": "소재",
        "SentimentText": "재질은 그다지 좋지는 않은 것 같아요.. ",
        "SentimentWord": "6",
        "SentimentPolarity": "-1"
      }
    ]
  },
  {
    "Index": "5381",
    "RawText": "화장실에 걸어 두니   너무예쁘고 맘에 드네요  기분인지는 몰라도 칫솔을 꺼낼때마다 따스하고 상쾌해서 넘 좋아요",
    "Source": "SNS",
    "Domain": "가전",
    "MainCategory": "생활/미용/욕실가전",
    "ProductName": "ZUCO 주코 칫솔살균기 CRS-5000 국내생산",
    "ReviewScore": "100",
    "Syllable": "62",
    "Word": "14",
    "RDate": "20200514",
    "GeneralPolarity": "1",
    "Aspects": [
      {
        "Aspect": "디자인",
        "SentimentText": "화장실에 걸어 두니   너무예쁘고 맘에 드네요",
        "SentimentWord": "6",
        "SentimentPolarity": "1"
      },
      {
        "Aspect": "기능",
        "SentimentText": "기분인지는 몰라도 칫솔을 꺼낼때마다 따스하고 상쾌해서 넘 좋아요",
        "SentimentWord": "8",
        "SentimentPolarity": "1"
      }
    ]
  },
  {
    "Index": "5382",
    "RawText": "가볍고 디자인도 예쁘고 가성비 좋은 헤어드라이어기에요. 맘에 들어요~",
    "Source": "SNS",
    "Domain": "가전",
    "MainCategory": "생활/미용/욕실가전",
    "ProductName": "라샤 LS2101D 드라이기+온열 헤어롤 증정",
    "ReviewScore": "100",
    "Syllable": "38",
    "Word": "8",
    "RDate": "20210801",
    "GeneralPolarity": "1",
    "Aspects": [
      {
        "Aspect": "무게",
        "SentimentText": "가볍고 디자인도 예쁘고 가성비 좋은 헤어드라이어기에요.",
        "SentimentWord": "6",
        "SentimentPolarity": "1"
      },
      {
        "Aspect": "디자인",
        "SentimentText": "디자인도 예쁘고 가성비 좋은 헤어드라이어기에요.맘에 들어요~",
        "SentimentWord": "6",
        "SentimentPolarity": "1"
      },
      {
        "Aspect": "가격",
        "SentimentText": "가성비 좋은 헤어드라이어기에요. 맘에 들어요~",
        "SentimentWord": "5",
        "SentimentPolarity": "1"
      }
    ]
  },
  {
    "Index": "5383",
    "RawText": "가벼워서 사용하기 편리합니다~^^ 회오리바람 머리 말리는데 너무편합니다~~",
    "Source": "SNS",
    "Domain": "가전",
    "MainCategory": "생활/미용/욕실가전",
    "ProductName": "라샤 LS2101D 드라이기+온열 헤어롤 증정",
    "ReviewScore": "100",
    "Syllable": "41",
    "Word": "7",
    "RDate": "20210810",
    "GeneralPolarity": "1",
    "Aspects": [
      {
        "Aspect": "무게",
        "SentimentText": "가벼워서 사용하기 편리합니다~^^",
        "SentimentWord": "3",
        "SentimentPolarity": "1"
      },
      {
        "Aspect": "편의성",
        "SentimentText": "회오리바람 머리 말리는데 너무편합니다~~",
        "SentimentWord": "4",
        "SentimentPolarity": "1"
      }
    ]
  },
  {
    "Index": "5384",
    "RawText": "가성비도 좋고 디자인도 이쁘긴한데 소리가 너무 시끄러워서 사용하기가 좀 불편한듯",
    "Source": "SNS",
    "Domain": "가전",
    "MainCategory": "생활/미용/욕실가전",
    "ProductName": "라샤 LS2101D 드라이기+온열 헤어롤 증정",
    "ReviewScore": "100",
    "Syllable": "44",
    "Word": "10",
    "RDate": "20210803",
    "GeneralPolarity": "0",
    "Aspects": [
      {
        "Aspect": "가격",
        "SentimentText": "가성비도 좋고 ",
        "SentimentWord": "2",
        "SentimentPolarity": "1"
      },
      {
        "Aspect": "디자인",
        "SentimentText": "디자인도 이쁘긴한데 ",
        "SentimentWord": "2",
        "SentimentPolarity": "1"
      },
      {
        "Aspect": "소음",
        "SentimentText": "소리가 너무 시끄러워서 사용하기가 좀 불편한듯",
        "SentimentWord": "6",
        "SentimentPolarity": "-1"
      }
    ]
  },
  {
    "Index": "5385",
    "RawText": "드라이기 조금 작고 가벼운걸 사서 썼더니, 단발일 때는 괜찮았는데 조금씩 길어지면서 뒤쪽으로 자꾸 엉커들어가서 안되겠다 싶어서 샀어요~ 드라이기 속시원하고 좋네요ㅋㅋ 같이 온 헤어롤은 앞머리가 없어서 어따 써야하나 고민중이긴하지만요..? 특가때 포인트까지 몰빵해서 사니 아주 짜릿하니 좋네요\u003e_\u003c",
    "Source": "SNS",
    "Domain": "가전",
    "MainCategory": "생활/미용/욕실가전",
    "ProductName": "라샤 LS2101D 드라이기+온열 헤어롤 증정",
    "ReviewScore": "100",
    "Syllable": "165",
    "Word": "35",
    "RDate": "20210728",
    "GeneralPolarity": "1",
    "Aspects": [
      {
        "Aspect": "품질",
        "SentimentText": "드라이기 속시원하고 좋네요ㅋㅋ",
        "SentimentWord": "3",
        "SentimentPolarity": "1"
      },
      {
        "Aspect": "가격",
        "SentimentText": "특가때 포인트까지 몰빵해서 사니 아주 짜릿하니 좋네요\u003e_\u003c",
        "SentimentWord": "7",
        "SentimentPolarity": "1"
      }
    ]
  },
  {
    "Index": "5386",
    "RawText": "디자인은 예뻐요.  다만 소리가 너무 요란해서 사용하기가 좀 불편한듯",
    "Source": "SNS",
    "Domain": "가전",
    "MainCategory": "생활/미용/욕실가전",
    "ProductName": "라샤 LS2101D 드라이기+온열 헤어롤 증정",
    "ReviewScore": "100",
    "Syllable": "38",
    "Word": "9",
    "RDate": "20210803",
    "GeneralPolarity": "0",
    "Aspects": [
      {
        "Aspect": "디자인",
        "SentimentText": "디자인은 예뻐요.  ",
        "SentimentWord": "2",
        "SentimentPolarity": "1"
      },
      {
        "Aspect": "소음",
        "SentimentText": " 다만 소리가 너무 요란해서 사용하기가 좀 불편한듯",
        "SentimentWord": "7",
        "SentimentPolarity": "-1"
      }
    ]
  },
  {
    "Index": "5387",
    "RawText": "멋진 디자인과 탁월한 성능으로 아내 선물용으로 구입했으며 지인에게 적극 추전하겠음.",
    "Source": "SNS",
    "Domain": "가전",
    "MainCategory": "생활/미용/욕실가전",
    "ProductName": "라샤 LS2101D 드라이기+온열 헤어롤 증정",
    "ReviewScore": "100",
    "Syllable": "46",
    "Word": "10",
    "RDate": "20210806",
    "GeneralPolarity": "1",
    "Aspects": [
      {
        "Aspect": "디자인",
        "SentimentText": "멋진 디자인과 ",
        "SentimentWord": "2",
        "SentimentPolarity": "1"
      },
      {
        "Aspect": "기능",
        "SentimentText": "탁월한 성능으로 아내 선물용으로 구입했으며 지인에게 적극 추전하겠음.",
        "SentimentWord": "8",
        "SentimentPolarity": "1"
      }
    ]
  },
  {
    "Index": "5388",
    "RawText": "바람이 강하고 디자인도 괜찮아요  단점은 접히지 않아요",
    "Source": "SNS",
    "Domain": "가전",
    "MainCategory": "생활/미용/욕실가전",
    "ProductName": "라샤 LS2101D 드라이기+온열 헤어롤 증정",
    "ReviewScore": "80",
    "Syllable": "30",
    "Word": "7",
    "RDate": "20210701",
    "GeneralPolarity": "0",
    "Aspects": [
      {
        "Aspect": "기능",
        "SentimentText": "바람이 강하고 디자인도 괜찮아요 ",
        "SentimentWord": "4",
        "SentimentPolarity": "1"
      },
      {
        "Aspect": "디자인",
        "SentimentText": "디자인도 괜찮아요 ",
        "SentimentWord": "2",
        "SentimentPolarity": "1"
      },
      {
        "Aspect": "조작성",
        "SentimentText": "단점은 접히지 않아요",
        "SentimentWord": "3",
        "SentimentPolarity": "-1"
      }
    ]
  },
  {
    "Index": "5389",
    "RawText": "배송도 빨라 좋구요 포장도 훌륭하며, 무엇보다 성능이 아주좋습니다. 함께 온 헤어롤 너무 잘 쓸게요.",
    "Source": "SNS",
    "Domain": "가전",
    "MainCategory": "생활/미용/욕실가전",
    "ProductName": "라샤 LS2101D 드라이기+온열 헤어롤 증정",
    "ReviewScore": "100",
    "Syllable": "56",
    "Word": "14",
    "RDate": "20210603",
    "Aspects": [
      {
        "Aspect": "기능",
        "SentimentText": "무엇보다 성능이 아주좋습니다.",
        "SentimentWord": "3",
        "SentimentPolarity": "1"
      },
      {
        "Aspect": "제품구성",
        "SentimentText": "함께 온 헤어롤 너무 잘 쓸게요.",
        "SentimentWord": "6",
        "SentimentPolarity": "1"
      }
    ]
  },
  {
    "Index": "5390",
    "RawText": "쌀 때 사서 이득이네요  바람에 세게 나와서 아침에 3분 절약됩니다. ^^",
    "Source": "SNS",
    "Domain": "가전",
    "MainCategory": "생활/미용/욕실가전",
    "ProductName": "라샤 LS2101D 드라이기+온열 헤어롤 증정",
    "ReviewScore": "100",
    "Syllable": "41",
    "Word": "11",
    "RDate": "20210811",
    "GeneralPolarity": "1",
    "Aspects": [
      {
        "Aspect": "가격",
        "SentimentText": "쌀 때 사서 이득이네요",
        "SentimentWord": "4",
        "SentimentPolarity": "1"
      },
      {
        "Aspect": "기능",
        "SentimentText": " 바람에 세게 나와서 아침에 3분 절약됩니다. ^^",
        "SentimentWord": "7",
        "SentimentPolarity": "1"
      }
    ]
  },
  {
    "Index": "5391",
    "RawText": "아이와 함께 사용해야해서 바람 조절이 필수로 필요했는데 바람쌔기 조절을 다양하게 할수 있어서 정말 잘 산거 같아요^^ 무게감이 있어서 오래 들고 있음 팔이 좀 아프긴 하지만 잘 조절해서 사용해볼게요 감사합니다",
    "Source": "SNS",
    "Domain": "가전",
    "MainCategory": "생활/미용/욕실가전",
    "ProductName": "라샤 LS2101D 드라이기+온열 헤어롤 증정",
    "ReviewScore": "100",
    "Syllable": "116",
    "Word": "29",
    "RDate": "20210727",
    "GeneralPolarity": "0",
    "Aspects": [
      {
        "Aspect": "기능",
        "SentimentText": "바람쌔기 조절을 다양하게 할수 있어서 정말 잘 산거 같아요^^",
        "SentimentWord": "9",
        "SentimentPolarity": "1"
      },
      {
        "Aspect": "무게",
        "SentimentText": "무게감이 있어서 오래 들고 있음 팔이 좀 아프긴 하지만 잘 조절해서 사용해볼게요",
        "SentimentWord": "12",
        "SentimentPolarity": "0"
      }
    ]
  },
  {
    "Index": "5392",
    "RawText": "적립금 써서 가격도 저렴하게 샀어요. 모양도 예쁘고 가볍고 좋아요 잘 쓸거 같아요",
    "Source": "SNS",
    "Domain": "가전",
    "MainCategory": "생활/미용/욕실가전",
    "ProductName": "라샤 LS2101D 드라이기+온열 헤어롤 증정",
    "ReviewScore": "100",
    "Syllable": "45",
    "Word": "12",
    "RDate": "20210728",
    "GeneralPolarity": "1",
    "Aspects": [
      {
        "Aspect": "가격",
        "SentimentText": "적립금 써서 가격도 저렴하게 샀어요.",
        "SentimentWord": "5",
        "SentimentPolarity": "1"
      },
      {
        "Aspect": "디자인",
        "SentimentText": "모양도 예쁘고 가볍고 좋아요",
        "SentimentWord": "4",
        "SentimentPolarity": "1"
      },
      {
        "Aspect": "무게",
        "SentimentText": "가볍고 좋아요 잘 쓸거 같아요",
        "SentimentWord": "5",
        "SentimentPolarity": "1"
      }
    ]
  },
  {
    "Index": "5393",
    "RawText": "좋은제품 착한 가격에 구입해서 잘 쓰고 있어요 머리 말리는 시간 짧아져서 좋아요~",
    "Source": "SNS",
    "Domain": "가전",
    "MainCategory": "생활/미용/욕실가전",
    "ProductName": "라샤 LS2101D 드라이기+온열 헤어롤 증정",
    "ReviewScore": "100",
    "Syllable": "45",
    "Word": "12",
    "RDate": "20210615",
    "GeneralPolarity": "1",
    "Aspects": [
      {
        "Aspect": "가격",
        "SentimentText": "좋은제품 착한 가격에 구입해서 잘 쓰고 있어요",
        "SentimentWord": "7",
        "SentimentPolarity": "1"
      },
      {
        "Aspect": "시간/속도",
        "SentimentText": "머리 말리는 시간 짧아져서 좋아요~",
        "SentimentWord": "5",
        "SentimentPolarity": "1"
      }
    ]
  },
  {
    "Index": "5394",
    "RawText": "집에 사용하던 드라이기보다 선이 길어서 더 편한점이 있네요 바람 잘 나오고 작동소리는 설명 하실 때 작다해서 기대했는데 집에 사용하는 것과 소리가 비슷한 것 같아요 o라이브 통해 가격좋게 잘 구매했습니다^^",
    "Source": "SNS",
    "Domain": "가전",
    "MainCategory": "생활/미용/욕실가전",
    "ProductName": "라샤 LS2101D 드라이기+온열 헤어롤 증정",
    "ReviewScore": "100",
    "Syllable": "115",
    "Word": "29",
    "RDate": "20210726",
    "GeneralPolarity": "1",
    "Aspects": [
      {
        "Aspect": "조작성",
        "SentimentText": "집에 사용하던 드라이기보다 선이 길어서 더 편한점이 있네요 ",
        "SentimentWord": "8",
        "SentimentPolarity": "1"
      },
      {
        "Aspect": "소음",
        "SentimentText": "작동소리는 설명 하실 때 작다해서 기대했는데 집에 사용하는 것과 소리가 비슷한 것 같아요",
        "SentimentWord": "13",
        "SentimentPolarity": "0"
      },
      {
        "Aspect": "가격",
        "SentimentText": "o라이브 통해 가격좋게 잘 구매했습니다^^",
        "SentimentWord": "5",
        "SentimentPolarity": "1"
      }
    ]
  },
  {
    "Index": "5395",
    "RawText": "착한가격에 만족해요. 강한바람으로 빨리말리는 좋은상품 득템했네요~^^  감사합니다 ",
    "Source": "SNS",
    "Domain": "가전",
    "MainCategory": "생활/미용/욕실가전",
    "ProductName": "라샤 LS2101D 드라이기+온열 헤어롤 증정",
    "ReviewScore": "100",
    "Syllable": "46",
    "Word": "7",
    "RDate": "20210722",
    "GeneralPolarity": "1",
    "Aspects": [
      {
        "Aspect": "가격",
        "SentimentText": "착한가격에 만족해요.",
        "SentimentWord": "2",
        "SentimentPolarity": "1"
      },
      {
        "Aspect": "기능",
        "SentimentText": "강한바람으로 빨리말리는 좋은상품 득템했네요~^^ ",
        "SentimentWord": "4",
        "SentimentPolarity": "1"
      }
    ]
  },
  {
    "Index": "5396",
    "RawText": "청소기 힘이좋네요! 충전하기전부터 작동되네요! 만족합니다.충전하니 더쌘것같기도하구요! 이제 편리하게 욕실청소 팍팍 더 깨끗히 잘 할수있어 좋아요~",
    "Source": "SNS",
    "Domain": "가전",
    "MainCategory": "생활/미용/욕실가전",
    "ProductName": "벨라홈 멀티 스핀 무선 욕실청소기(CN8324)",
    "ReviewScore": "100",
    "Syllable": "81",
    "Word": "15",
    "RDate": "20210822",
    "GeneralPolarity": "1",
    "Aspects": [
      {
        "Aspect": "기능",
        "SentimentText": "청소기 힘이좋네요! 충전하기전부터 작동되네요! 만족합니다.",
        "SentimentWord": "5",
        "SentimentPolarity": "1"
      },
      {
        "Aspect": "편의성",
        "SentimentText": "이제 편리하게 욕실청소 팍팍 더 깨끗히 잘 할수있어 좋아요~",
        "SentimentWord": "9",
        "SentimentPolarity": "1"
      }
    ]
  },
  {
    "Index": "5397",
    "RawText": "욕실청소 할때마다 쪼그려 앉아서 하느라 허리 아프고 힘들었는데..ㅠㅠ 제품 구매 후 편하게 청소해서 넘 좋아요!! 청소 솔도 다양해서 구석구석 청소도 잘됐구 특히 허리랑 다리가 아프지 않아서 만족했습니다!!",
    "Source": "SNS",
    "Domain": "가전",
    "MainCategory": "생활/미용/욕실가전",
    "ProductName": "오엘라 네오스핀 무선 욕실청소기 OBC-AW09WH",
    "ReviewScore": "100",
    "Syllable": "115",
    "Word": "27",
    "RDate": "20220223",
    "GeneralPolarity": "1",
    "Aspects": [
      {
        "Aspect": "편의성",
        "SentimentText": "제품 구매 후 편하게 청소해서 넘 좋아요!! ",
        "SentimentWord": "7",
        "SentimentPolarity": "1"
      },
      {
        "Aspect": "제품구성",
        "SentimentText": "청소 솔도 다양해서 구석구석 청소도 잘됐구",
        "SentimentWord": "6",
        "SentimentPolarity": "1"
      }
    ]
  },
  {
    "Index": "5398",
    "RawText": "화장실 청소할 엄두가 안나서 구매해 봤어요~ 회전이 쎄서 청소가 잘 되네요 용도별로 솔 바꿔서 청소할 수 있어서 좋아요 변기 뒤나 높은 곳도 쉽게 청소 가능해서 좋습니다! 집들이 선물하기에도 좋을거 같아요!",
    "Source": "SNS",
    "Domain": "가전",
    "MainCategory": "생활/미용/욕실가전",
    "ProductName": "오엘라 네오스핀 무선 욕실청소기 OBC-AW09WH",
    "ReviewScore": "100",
    "Syllable": "115",
    "Word": "30",
    "RDate": "20220223",
    "GeneralPolarity": "1",
    "Aspects": [
      {
        "Aspect": "기능",
        "SentimentText": "회전이 쎄서 청소가 잘 되네요",
        "SentimentWord": "5",
        "SentimentPolarity": "1"
      },
      {
        "Aspect": "제품구성",
        "SentimentText": "용도별로 솔 바꿔서 청소할 수 있어서 좋아요",
        "SentimentWord": "7",
        "SentimentPolarity": "1"
      },
      {
        "Aspect": "편의성",
        "SentimentText": "변기 뒤나 높은 곳도 쉽게 청소 가능해서 좋습니다! ",
        "SentimentWord": "8",
        "SentimentPolarity": "1"
      }
    ]
  },
  {
    "Index": "5399",
    "RawText": "이사하고 처음설치했는데 칫솔감이 완전다른것 같네요. 제품 품질에 만족합니다.  제품 디자인이 화장실이랑도 잘어울리네요  ",
    "Source": "SNS",
    "Domain": "가전",
    "MainCategory": "생활/미용/욕실가전",
    "ProductName": "유토렉스 양문형 칫솔살균기 퍼펙트케어 UTC-93UVS 스카이블루",
    "ReviewScore": "100",
    "Syllable": "67",
    "Word": "12",
    "RDate": "20190430",
    "GeneralPolarity": "1",
    "Aspects": [
      {
        "Aspect": "품질",
        "SentimentText": "칫솔감이 완전다른것 같네요. 제품 품질에 만족합니다. ",
        "SentimentWord": "6",
        "SentimentPolarity": "1"
      },
      {
        "Aspect": "디자인",
        "SentimentText": "제품 디자인이 화장실이랑도 잘어울리네요 ",
        "SentimentWord": "4",
        "SentimentPolarity": "1"
      }
    ]
  },
  {
    "Index": "5400",
    "RawText": "원래 쓰던 OO칫솔살균기있었어요.  오래되서 다른것으로 교체하려고 다시 구매했어요 칫솔을 화장실 세균에 노출되는것을  막아주는 좋은상품 구매해서 기분이  좋아요~~ 24시간 살균건조 맘에 들어요 포장박스도 깔끔하게 잘왔어요~~ 잘쓰겠습니다^^ ",
    "Source": "SNS",
    "Domain": "가전",
    "MainCategory": "생활/미용/욕실가전",
    "ProductName": "유토렉스 칫솔살균기 퍼펙트케어 UTC-55AS 실버",
    "ReviewScore": "100",
    "Syllable": "136",
    "Word": "25",
    "RDate": "20190529",
    "Aspects": [
      {
        "Aspect": "품질",
        "SentimentText": "칫솔을 화장실 세균에 노출되는것을  막아주는 좋은상품 구매해서 기분이  좋아요~~",
        "SentimentWord": "9",
        "SentimentPolarity": "1"
      },
      {
        "Aspect": "시간/속도",
        "SentimentText": "24시간 살균건조 맘에 들어요",
        "SentimentWord": "4",
        "SentimentPolarity": "1"
      }
    ]
  },
  {
    "Index": "5401",
    "RawText": "가격도 저렴하고 해서 좋고  칫솔살균기 설치하니 맘이 놓이네요 설치도 엄청 간단해서 더욱 만족합니다  잘 구입한거 같아요",
    "Source": "SNS",
    "Domain": "가전",
    "MainCategory": "생활/미용/욕실가전",
    "ProductName": "유토렉스(UTOREX) 헤드형 칫솔살균기 블랙 UTC-5400B",
    "ReviewScore": "100",
    "Syllable": "67",
    "Word": "16",
    "RDate": "20211117",
    "GeneralPolarity": "1",
    "Aspects": [
      {
        "Aspect": "가격",
        "SentimentText": "가격도 저렴하고 해서 좋고 ",
        "SentimentWord": "4",
        "SentimentPolarity": "1"
      },
      {
        "Aspect": "조작성",
        "SentimentText": "설치도 엄청 간단해서 더욱 만족합니다",
        "SentimentWord": "5",
        "SentimentPolarity": "1"
      }
    ]
  },
  {
    "Index": "5402",
    "RawText": "가성비가  괜찮고 디자인도 깔끔하긴한데 치솔대가 좀두꺼운건 거치가 힘들어요ㅠ",
    "Source": "SNS",
    "Domain": "가전",
    "MainCategory": "생활/미용/욕실가전",
    "ProductName": "유토렉스(UTOREX) 헤드형 칫솔살균기 블랙 UTC-5400B",
    "ReviewScore": "60",
    "Syllable": "42",
    "Word": "8",
    "RDate": "20211010",
    "GeneralPolarity": "0",
    "Aspects": [
      {
        "Aspect": "가격",
        "SentimentText": "가성비가  괜찮고",
        "SentimentWord": "2",
        "SentimentPolarity": "0"
      },
      {
        "Aspect": "디자인",
        "SentimentText": " 디자인도 깔끔하긴한데 ",
        "SentimentWord": "2",
        "SentimentPolarity": "1"
      },
      {
        "Aspect": "조작성",
        "SentimentText": "치솔대가 좀두꺼운건 거치가 힘들어요ㅠ",
        "SentimentWord": "4",
        "SentimentPolarity": "-1"
      }
    ]
  },
  {
    "Index": "5403",
    "RawText": "깔끔하니 넘 예쁘네요,, 무선이라서 설치도 편합니다.",
    "Source": "SNS",
    "Domain": "가전",
    "MainCategory": "생활/미용/욕실가전",
    "ProductName": "유토렉스(UTOREX) 헤드형 칫솔살균기 블랙 UTC-5400B",
    "ReviewScore": "100",
    "Syllable": "29",
    "Word": "6",
    "RDate": "20210826",
    "GeneralPolarity": "1",
    "Aspects": [
      {
        "Aspect": "디자인",
        "SentimentText": "깔끔하니 넘 예쁘네요,,",
        "SentimentWord": "3",
        "SentimentPolarity": "1"
      },
      {
        "Aspect": "편의성",
        "SentimentText": "무선이라서 설치도 편합니다.",
        "SentimentWord": "3",
        "SentimentPolarity": "1"
      }
    ]
  },
  {
    "Index": "5404",
    "RawText": "두개 구매했는데 위생적으로 사용할수가  있어서요 가격대비해서 잘구매했네요 살균과 칫솔 거치를 한꺼번에 할 수 있어서 매우 편리해요.",
    "Source": "SNS",
    "Domain": "가전",
    "MainCategory": "생활/미용/욕실가전",
    "ProductName": "유토렉스(UTOREX) 헤드형 칫솔살균기 블랙 UTC-5400B",
    "ReviewScore": "100",
    "Syllable": "73",
    "Word": "16",
    "RDate": "20220108",
    "GeneralPolarity": "1",
    "Aspects": [
      {
        "Aspect": "가격",
        "SentimentText": " 가격대비해서 잘구매했네요",
        "SentimentWord": "2",
        "SentimentPolarity": "1"
      },
      {
        "Aspect": "편의성",
        "SentimentText": "살균과 칫솔 거치를 한꺼번에 할 수 있어서 매우 편리해요.",
        "SentimentWord": "9",
        "SentimentPolarity": "1"
      }
    ]
  },
  {
    "Index": "5405",
    "RawText": "디자인도 깔끔하고 예쁘네요 가격도 착해서 만족해요. 성능은 써봐야겠지만 좋으리라 믿고 잘 사용하겠습니다~~",
    "Source": "SNS",
    "Domain": "가전",
    "MainCategory": "생활/미용/욕실가전",
    "ProductName": "유토렉스(UTOREX) 헤드형 칫솔살균기 블랙 UTC-5400B",
    "ReviewScore": "100",
    "Syllable": "59",
    "Word": "12",
    "RDate": "20210808",
    "GeneralPolarity": "1",
    "Aspects": [
      {
        "Aspect": "디자인",
        "SentimentText": "디자인도 깔끔하고 예쁘네요",
        "SentimentWord": "3",
        "SentimentPolarity": "1"
      },
      {
        "Aspect": "가격",
        "SentimentText": "가격도 착해서 만족해요. ",
        "SentimentWord": "3",
        "SentimentPolarity": "1"
      }
    ]
  },
  {
    "Index": "5406",
    "RawText": "물기는바싹말려지는것같은데치솔모가딱딱해지는거같아 아쉽네요 치약 꽂는 곳도 있고 면도기도 꽂을 수 있어 그건 편해서 좋아요",
    "Source": "SNS",
    "Domain": "가전",
    "MainCategory": "생활/미용/욕실가전",
    "ProductName": "유토렉스(UTOREX) 헤드형 칫솔살균기 블랙 UTC-5400B",
    "ReviewScore": "80",
    "Syllable": "66",
    "Word": "13",
    "RDate": "20220217",
    "GeneralPolarity": "0",
    "Aspects": [
      {
        "Aspect": "품질",
        "SentimentText": "물기는바싹말려지는것같은데치솔모가딱딱해지는거같아 아쉽네요",
        "SentimentWord": "2",
        "SentimentPolarity": "-1"
      },
      {
        "Aspect": "편의성",
        "SentimentText": "치약 꽂는 곳도 있고 면도기도 꽂을 수 있어 그건 편해서 좋아요",
        "SentimentWord": "11",
        "SentimentPolarity": "1"
      }
    ]
  },
  {
    "Index": "5407",
    "RawText": "상푸이 외형이 너무허잡하고 왕타치솔은들어가지도않네요. 아쉽네요.",
    "Source": "SNS",
    "Domain": "가전",
    "MainCategory": "생활/미용/욕실가전",
    "ProductName": "유토렉스(UTOREX) 헤드형 칫솔살균기 블랙 UTC-5400B",
    "ReviewScore": "10",
    "Syllable": "35",
    "Word": "5",
    "RDate": "20210527",
    "GeneralPolarity": "-1",
    "Aspects": [
      {
        "Aspect": "디자인",
        "SentimentText": "상푸이 외형이 너무허잡하고",
        "SentimentWord": "3",
        "SentimentPolarity": "-1"
      },
      {
        "Aspect": "사이즈",
        "SentimentText": "왕타치솔은들어가지도않네요. 아쉽네요.",
        "SentimentWord": "2",
        "SentimentPolarity": "-1"
      }
    ]
  },
  {
    "Index": "5408",
    "RawText": "위생 상각해서 구매했는데 좀 약해보여 걱정이네요.  가격은 저렴합니다.",
    "Source": "SNS",
    "Domain": "가전",
    "MainCategory": "생활/미용/욕실가전",
    "ProductName": "유토렉스(UTOREX) 헤드형 칫솔살균기 블랙 UTC-5400B",
    "ReviewScore": "80",
    "Syllable": "39",
    "Word": "8",
    "RDate": "20210812",
    "GeneralPolarity": "0",
    "Aspects": [
      {
        "Aspect": "품질",
        "SentimentText": "위생 상각해서 구매했는데 좀 약해보여 걱정이네요.  ",
        "SentimentWord": "6",
        "SentimentPolarity": "-1"
      },
      {
        "Aspect": "가격",
        "SentimentText": "가격은 저렴합니다. ",
        "SentimentWord": "2",
        "SentimentPolarity": "1"
      }
    ]
  },
  {
    "Index": "5409",
    "RawText": "위생이 걱정됐는데 특가로 나와서 저렴하게구매했어요. 컴팩트한 디자인이라 잘 쓰고  있습니다",
    "Source": "SNS",
    "Domain": "가전",
    "MainCategory": "생활/미용/욕실가전",
    "ProductName": "유토렉스(UTOREX) 헤드형 칫솔살균기 블랙 UTC-5400B",
    "ReviewScore": "100",
    "Syllable": "50",
    "Word": "10",
    "RDate": "20211121",
    "GeneralPolarity": "1",
    "Aspects": [
      {
        "Aspect": "가격",
        "SentimentText": "위생이 걱정됐는데 특가로 나와서 저렴하게구매했어요.",
        "SentimentWord": "5",
        "SentimentPolarity": "1"
      },
      {
        "Aspect": "디자인",
        "SentimentText": "컴팩트한 디자인이라 잘 쓰고  있습니다",
        "SentimentWord": "5",
        "SentimentPolarity": "1"
      }
    ]
  },
  {
    "Index": "5410",
    "RawText": "빠른 배송 잘 받았습니다 ^^ 여름이라 칫솔건조기능이 최고네요! 칠솔살균기가 블랙이라 저희집 화장실 인테리어와 잘 어울려 만족해요~ 멤버십 포인드 잘쓰고 삿어요",
    "Source": "SNS",
    "Domain": "가전",
    "MainCategory": "생활/미용/욕실가전",
    "ProductName": "유토렉스(UTOREX) 헤드형 칫솔살균기 블랙 UTC-5400B",
    "ReviewScore": "100",
    "Syllable": "89",
    "Word": "20",
    "RDate": "20210430",
    "Aspects": [
      {
        "Aspect": "기능",
        "SentimentText": "여름이라 칫솔건조기능이 최고네요!",
        "SentimentWord": "3",
        "SentimentPolarity": "1"
      },
      {
        "Aspect": "색상",
        "SentimentText": "칠솔살균기가 블랙이라 저희집 화장실 인테리어와 잘 어울려 만족해요~",
        "SentimentWord": "8",
        "SentimentPolarity": "1"
      }
    ]
  },
  {
    "Index": "5411",
    "RawText": "편리하게 잘쓰고있어요! 살균력도 좋은 것 같아 안심하고 사용합니다 감사합니다 ^^",
    "Source": "SNS",
    "Domain": "가전",
    "MainCategory": "생활/미용/욕실가전",
    "ProductName": "유토렉스(UTOREX) 헤드형 칫솔살균기 블랙 UTC-5400B",
    "ReviewScore": "100",
    "Syllable": "45",
    "Word": "10",
    "RDate": "20210824",
    "GeneralPolarity": "1",
    "Aspects": [
      {
        "Aspect": "편의성",
        "SentimentText": "편리하게 잘쓰고있어요!",
        "SentimentWord": "2",
        "SentimentPolarity": "1"
      },
      {
        "Aspect": "기능",
        "SentimentText": "살균력도 좋은 것 같아 안심하고 사용합니다 감사합니다 ^^",
        "SentimentWord": "8",
        "SentimentPolarity": "1"
      }
    ]
  },
  {
    "Index": "5412",
    "RawText": "제품 가격이 저렴해서 좋아요. 치솔 살균이 되는지는? 글쎄? 성능이 좀 아쉽네요 색상이 블랙이라 모던한 느낌의 화장실과 잘 어울려요.^^   ",
    "Source": "SNS",
    "Domain": "가전",
    "MainCategory": "생활/미용/욕실가전",
    "ProductName": "유토렉스(UTOREX) 헤드형 칫솔살균기 블랙 UTC-5400B",
    "ReviewScore": "70",
    "Syllable": "79",
    "Word": "18",
    "RDate": "20211018",
    "GeneralPolarity": "0",
    "Aspects": [
      {
        "Aspect": "가격",
        "SentimentText": "제품 가격이 저렴해서 좋아요. ",
        "SentimentWord": "4",
        "SentimentPolarity": "1"
      },
      {
        "Aspect": "색상",
        "SentimentText": "색상이 블랙이라 모던한 느낌의 화장실과 잘 어울려요.^^",
        "SentimentWord": "7",
        "SentimentPolarity": "1"
      },
      {
        "Aspect": "기능",
        "SentimentText": "치솔 살균이 되는지는? 글쎄? 성능이 좀 아쉽네요",
        "SentimentWord": "7",
        "SentimentPolarity": "-1"
      }
    ]
  },
  {
    "Index": "5413",
    "RawText": "지금 일주일째 사용중인데 살균처리 잘되어 만족하고 디자인이 깔끔하고 좋아요",
    "Source": "SNS",
    "Domain": "가전",
    "MainCategory": "생활/미용/욕실가전",
    "ProductName": "유토렉스(UTOREX) 헤드형 칫솔살균기 블랙 UTC-5400B",
    "ReviewScore": "100",
    "Syllable": "41",
    "Word": "9",
    "RDate": "20210427",
    "GeneralPolarity": "1",
    "Aspects": [
      {
        "Aspect": "기능",
        "SentimentText": "살균처리 잘되어 만족하고",
        "SentimentWord": "3",
        "SentimentPolarity": "1"
      },
      {
        "Aspect": "디자인",
        "SentimentText": "디자인이 깔끔하고 좋아요",
        "SentimentWord": "3",
        "SentimentPolarity": "1"
      }
    ]
  },
  {
    "Index": "5414",
    "RawText": "칫솔 보관을  위생적으로  깨끗하게  사용할  수 있어서 좋았습니다 적립금 이용해서 가격도 저렴하게 구입해서 만족합니다.",
    "Source": "SNS",
    "Domain": "가전",
    "MainCategory": "생활/미용/욕실가전",
    "ProductName": "유토렉스(UTOREX) 헤드형 칫솔살균기 블랙 UTC-5400B",
    "ReviewScore": "60",
    "Syllable": "67",
    "Word": "14",
    "RDate": "20220106",
    "GeneralPolarity": "1",
    "Aspects": [
      {
        "Aspect": "편의성",
        "SentimentText": "칫솔 보관을  위생적으로  깨끗하게  사용할  수 있어서 좋았습니다",
        "SentimentWord": "8",
        "SentimentPolarity": "1"
      },
      {
        "Aspect": "가격",
        "SentimentText": "적립금 이용해서 가격도 저렴하게 구입해서 만족합니다. ",
        "SentimentWord": "6",
        "SentimentPolarity": "1"
      }
    ]
  }
]