[
  {
    "Index": "19153",
    "RawText": "배송 기사님께서 친절한 설명과 함께 배송해주시고 가셨어요~품질 너무 좋고요~ 저렴한 가격에 잘 구입한 듯 해요^^",
    "Source": "쇼핑몰",
    "Domain": "가전",
    "MainCategory": "생활/미용/욕실가전",
    "ProductName": "그랑데 삼성전자 AI DV17T8740BW 본체",
    "ReviewScore": "5",
    "Syllable": "63",
    "Word": "15",
    "RDate": "20220524",
    "Aspects": [
      {
        "Aspect": "품질",
        "SentimentText": "품질 너무 좋고요~ ",
        "SentimentWord": "3",
        "SentimentPolarity": "1"
      },
      {
        "Aspect": "가격",
        "SentimentText": "저렴한 가격에 잘 구입한 듯 해요^^",
        "SentimentWord": "6",
        "SentimentPolarity": "1"
      }
    ]
  },
  {
    "Index": "19154",
    "RawText": "이불 먼지털기기능 완전 짱이에요!!!!   내부 용량도 넉넉하니 좋네요~",
    "Source": "쇼핑몰",
    "Domain": "가전",
    "MainCategory": "생활/미용/욕실가전",
    "ProductName": "그랑데 삼성전자 AI DV17T8740BW 본체",
    "ReviewScore": "5",
    "Syllable": "40",
    "Word": "8",
    "RDate": "20220803",
    "Aspects": [
      {
        "Aspect": "기능",
        "SentimentText": "이불 먼지털기기능 완전 짱이에요!!!! ",
        "SentimentWord": "4",
        "SentimentPolarity": "1"
      },
      {
        "Aspect": "용량",
        "SentimentText": "내부 용량도 넉넉하니 좋네요~",
        "SentimentWord": "4",
        "SentimentPolarity": "1"
      }
    ]
  },
  {
    "Index": "19155",
    "RawText": "19키로 완전 크고 좋아요 설치 빠르게 해주셔서 잘쓰고잇어요^^ 근데 처음 쓰다보니 냄새가 쫌 잇긴하네요;;",
    "Source": "쇼핑몰",
    "Domain": "가전",
    "MainCategory": "생활/미용/욕실가전",
    "ProductName": "그랑데 삼성전자 AI DV19T8745BW 본체",
    "ReviewScore": "5",
    "Syllable": "60",
    "Word": "14",
    "RDate": "20211116",
    "Aspects": [
      {
        "Aspect": "사이즈",
        "SentimentText": "19키로 완전 크고 좋아요",
        "SentimentWord": "4",
        "SentimentPolarity": "1"
      },
      {
        "Aspect": "편의성",
        "SentimentText": "근데 처음 쓰다보니 냄새가 쫌 잇긴하네요;;",
        "SentimentWord": "6",
        "SentimentPolarity": "-1"
      }
    ]
  },
  {
    "Index": "19156",
    "RawText": "배송 기간이 오래 걸린다고 해서 걱정했지만 우려했던 정도는 아니었네요~ 저렴한 가격에 사서 현재까지 만족 중입니다^^ 특히 색상이 깔끔한게 마음에 드네요",
    "Source": "쇼핑몰",
    "Domain": "가전",
    "MainCategory": "생활/미용/욕실가전",
    "ProductName": "그랑데 삼성전자 AI DV19T8745BW 본체",
    "ReviewScore": "5",
    "Syllable": "85",
    "Word": "20",
    "RDate": "20220415",
    "Aspects": [
      {
        "Aspect": "가격",
        "SentimentText": "저렴한 가격에 사서 현재까지 만족 중입니다^^",
        "SentimentWord": "6",
        "SentimentPolarity": "1"
      },
      {
        "Aspect": "색상",
        "SentimentText": "특히 색상이 깔끔한게 마음에 드네요",
        "SentimentWord": "5",
        "SentimentPolarity": "1"
      }
    ]
  },
  {
    "Index": "19157",
    "RawText": "배송 기간이 너무 길었어요. 기다리는 게 힘드신 분들은 주문하지 마세요. 하지만 포장 상태는 깔끔해서 제품은 안전하게 도착했네요. 기존에 사용하던것보다 용량을 키워서 구매했는데 만족해요. 건조기능도 우수해서 빨래들이 금방 뽀송하게 나와요.",
    "Source": "쇼핑몰",
    "Domain": "가전",
    "MainCategory": "생활/미용/욕실가전",
    "ProductName": "그랑데 삼성전자 AI DV19T8745BW 본체",
    "ReviewScore": "4",
    "Syllable": "133",
    "Word": "29",
    "RDate": "20220401",
    "Aspects": [
      {
        "Aspect": "용량",
        "SentimentText": "기존에 사용하던것보다 용량을 키워서 구매했는데 만족해요.",
        "SentimentWord": "6",
        "SentimentPolarity": "1"
      },
      {
        "Aspect": "기능",
        "SentimentText": "건조기능도 우수해서 빨래들이 금방 뽀송하게 나와요.",
        "SentimentWord": "6",
        "SentimentPolarity": "1"
      }
    ]
  },
  {
    "Index": "19158",
    "RawText": "생각보다 소음이 크네요....좀 시끄러워요...  가격은 정말 저렴하게 구매해서 기분 좋아요 ㅎ",
    "Source": "쇼핑몰",
    "Domain": "가전",
    "MainCategory": "생활/미용/욕실가전",
    "ProductName": "그랑데 삼성전자 AI DV19T8745BW 본체",
    "ReviewScore": "4",
    "Syllable": "53",
    "Word": "11",
    "RDate": "20220726",
    "Aspects": [
      {
        "Aspect": "소음",
        "SentimentText": "생각보다 소음이 크네요....좀 시끄러워요...  ",
        "SentimentWord": "4",
        "SentimentPolarity": "-1"
      },
      {
        "Aspect": "가격",
        "SentimentText": "가격은 정말 저렴하게 구매해서 기분 좋아요 ㅎ",
        "SentimentWord": "7",
        "SentimentPolarity": "1"
      }
    ]
  },
  {
    "Index": "19159",
    "RawText": "ai라 알아서 해주어서 조아요 설치 기사님두 짱! 친절하시구요^^ 세탁실 협소로 방에 설치했는데 엄청 크네요ㅠㅠ",
    "Source": "쇼핑몰",
    "Domain": "가전",
    "MainCategory": "생활/미용/욕실가전",
    "ProductName": "그랑데 삼성전자 AI DV19T8745BW 본체",
    "ReviewScore": "5",
    "Syllable": "62",
    "Word": "14",
    "RDate": "20220331",
    "Aspects": [
      {
        "Aspect": "편의성",
        "SentimentText": "ai라 알아서 해주어서 조아요",
        "SentimentWord": "4",
        "SentimentPolarity": "1"
      },
      {
        "Aspect": "사이즈",
        "SentimentText": "세탁실 협소로 방에 설치했는데 엄청 크네요ㅠㅠ",
        "SentimentWord": "6",
        "SentimentPolarity": "-1"
      }
    ]
  },
  {
    "Index": "19160",
    "RawText": "내부 용량이 큰 점이 맘에 듭니다~ 색상이 화이트라 깔끔해서 더 맘에 드는 것 같아요^^ 감사하게도 기사님이 친절하게 잘 설치 해주셨어요~",
    "Source": "쇼핑몰",
    "Domain": "가전",
    "MainCategory": "생활/미용/욕실가전",
    "ProductName": "그랑데 삼성전자 AI DV19T8745BW 본체",
    "ReviewScore": "5",
    "Syllable": "77",
    "Word": "20",
    "RDate": "20211228",
    "Aspects": [
      {
        "Aspect": "용량",
        "SentimentText": "내부 용량이 큰 점이 맘에 듭니다~",
        "SentimentWord": "6",
        "SentimentPolarity": "1"
      },
      {
        "Aspect": "색상",
        "SentimentText": "색상이 화이트라 깔끔해서 더 맘에 드는 것 같아요^^",
        "SentimentWord": "8",
        "SentimentPolarity": "1"
      }
    ]
  },
  {
    "Index": "19161",
    "RawText": "건조기 사용해봤는데 옷도 많이 들어가서 너무 좋아요 빨래 너는데 시간 은근 많이 걸리는데 훨씬 편해 졌어용^^ 19 키로 대용량이라 더 좋습니다! 건조기 사실까 고민 하쉬는 분들에게 적극 추천해요",
    "Source": "쇼핑몰",
    "Domain": "가전",
    "MainCategory": "생활/미용/욕실가전",
    "ProductName": "그랑데 삼성전자 AI DV19T8745BW 본체",
    "ReviewScore": "5",
    "Syllable": "109",
    "Word": "28",
    "RDate": "20220409",
    "GeneralPolarity": "1",
    "Aspects": [
      {
        "Aspect": "용량",
        "SentimentText": "건조기 사용해봤는데 옷도 많이 들어가서 너무 좋아요",
        "SentimentWord": "7",
        "SentimentPolarity": "1"
      },
      {
        "Aspect": "편의성",
        "SentimentText": "빨래 너는데 시간 은근 많이 걸리는데 훨씬 편해 졌어용^^",
        "SentimentWord": "9",
        "SentimentPolarity": "1"
      },
      {
        "Aspect": "용량",
        "SentimentText": "19 키로 대용량이라 더 좋습니다!",
        "SentimentWord": "5",
        "SentimentPolarity": "1"
      }
    ]
  },
  {
    "Index": "19162",
    "RawText": "건조 잘되고 먼지두 잘털리고 삶의 질이 정말 향상되었답니다. 아이가 어려서 주문 했는데 소재도 안심이라 너무 만족해요.",
    "Source": "쇼핑몰",
    "Domain": "가전",
    "MainCategory": "생활/미용/욕실가전",
    "ProductName": "그랑데 삼성전자 AI DV19T8745BW 본체",
    "ReviewScore": "5",
    "Syllable": "66",
    "Word": "16",
    "RDate": "20211001",
    "GeneralPolarity": "1",
    "Aspects": [
      {
        "Aspect": "기능",
        "SentimentText": "건조 잘되고 먼지두 잘털리고 삶의 질이 정말 향상되었답니다.",
        "SentimentWord": "8",
        "SentimentPolarity": "1"
      },
      {
        "Aspect": "소재",
        "SentimentText": "아이가 어려서 주문 했는데 소재도 안심이라 너무 만족해요.",
        "SentimentWord": "8",
        "SentimentPolarity": "1"
      }
    ]
  },
  {
    "Index": "19163",
    "RawText": "건조통은 엄청나게 큽니다 건조시간이 조금 오래 걸리네요표준 3시간정도ㅠ세탁실에위치해있는데도 휀 바람소리같은 소음은 있어요ㅠ",
    "Source": "쇼핑몰",
    "Domain": "가전",
    "MainCategory": "생활/미용/욕실가전",
    "ProductName": "그랑데 삼성전자 AI DV19T8745BW 본체",
    "ReviewScore": "4",
    "Syllable": "68",
    "Word": "12",
    "RDate": "20220405",
    "GeneralPolarity": "0",
    "Aspects": [
      {
        "Aspect": "시간/속도",
        "SentimentText": "건조시간이 조금 오래 걸리네요표준 3시간정도ㅠ",
        "SentimentWord": "5",
        "SentimentPolarity": "-1"
      },
      {
        "Aspect": "소음",
        "SentimentText": "세탁실에위치해있는데도 휀 바람소리같은 소음은 있어요ㅠ",
        "SentimentWord": "5",
        "SentimentPolarity": "-1"
      },
      {
        "Aspect": "용량",
        "SentimentText": "건조통은 엄청나게 큽니다",
        "SentimentWord": "3",
        "SentimentPolarity": "1"
      }
    ]
  },
  {
    "Index": "19164",
    "RawText": "제품은 엄청 커서 더 좋은듯...! 하자없는 좋은 제품 잘 구매했습니다. 수고하세요.",
    "Source": "쇼핑몰",
    "Domain": "가전",
    "MainCategory": "생활/미용/욕실가전",
    "ProductName": "그랑데 삼성전자 AI DV19T8745BW 본체",
    "ReviewScore": "5",
    "Syllable": "47",
    "Word": "11",
    "RDate": "20210904",
    "Aspects": [
      {
        "Aspect": "품질",
        "SentimentText": "하자없는 좋은 제품 잘 구매했습니다.",
        "SentimentWord": "5",
        "SentimentPolarity": "1"
      },
      {
        "Aspect": "사이즈",
        "SentimentText": "제품은 엄청 커서 더 좋은듯...!",
        "SentimentWord": "5",
        "SentimentPolarity": "1"
      }
    ]
  },
  {
    "Index": "19165",
    "RawText": "기사님 친절하시구 제품 포장도 맘에 듭니다요 꼼꼼하게 설명해주셔서 오자마자 건조기 돌려봤습니다.뽀송뽀송하게 잘 건조되요~ 소음도 생각보다 작아서 거의 들리지 않네요.",
    "Source": "쇼핑몰",
    "Domain": "가전",
    "MainCategory": "생활/미용/욕실가전",
    "ProductName": "그랑데 삼성전자 AI DV19T8745BW 본체",
    "ReviewScore": "5",
    "Syllable": "92",
    "Word": "19",
    "RDate": "20220305",
    "Aspects": [
      {
        "Aspect": "기능",
        "SentimentText": "뽀송뽀송하게 잘 건조되요~",
        "SentimentWord": "3",
        "SentimentPolarity": "1"
      },
      {
        "Aspect": "소음",
        "SentimentText": "소음도 생각보다 작아서 거의 들리지 않네요.",
        "SentimentWord": "6",
        "SentimentPolarity": "1"
      }
    ]
  },
  {
    "Index": "19166",
    "RawText": "기사님들께서 친절하게 설명도 해주시고 시간 배려도 해주셔서 만족스러운 구매였어요~ 포장 상태도 깔끔해서 좋았네요^^ 디자인은 곡선형으로 유려하며 세련되서 마음에 들어요 다만 작동시 소음이 있어서 조금 거슬리네요ㅠ",
    "Source": "쇼핑몰",
    "Domain": "가전",
    "MainCategory": "생활/미용/욕실가전",
    "ProductName": "그랑데 삼성전자 AI DV19T8745BW 본체",
    "ReviewScore": "5",
    "Syllable": "118",
    "Word": "25",
    "RDate": "20210906",
    "Aspects": [
      {
        "Aspect": "디자인",
        "SentimentText": "디자인은 곡선형으로 유려하며 세련되서 마음에 들어요",
        "SentimentWord": "6",
        "SentimentPolarity": "1"
      },
      {
        "Aspect": "소음",
        "SentimentText": "다만 작동시 소음이 있어서 조금 거슬리네요ㅠ",
        "SentimentWord": "6",
        "SentimentPolarity": "-1"
      }
    ]
  },
  {
    "Index": "19167",
    "RawText": "날씨와 미세먼지에 상관없이 빨래 할 수 있어서 너무 만족합니다기숙사 생활하는 우리 딸 빨래 주말에 몰아서 해야 하는데 부담없이 아무때나 너무 조아요 잠깐 딴짓하다 보면 건조가 다 되잇네요 속도 굿^^",
    "Source": "쇼핑몰",
    "Domain": "가전",
    "MainCategory": "생활/미용/욕실가전",
    "ProductName": "그랑데 삼성전자 AI DV19T8745BW 본체",
    "ReviewScore": "5",
    "Syllable": "111",
    "Word": "29",
    "RDate": "20220412",
    "GeneralPolarity": "1",
    "Aspects": [
      {
        "Aspect": "편의성",
        "SentimentText": "날씨와 미세먼지에 상관없이 빨래 할 수 있어서 너무 만족합니다",
        "SentimentWord": "9",
        "SentimentPolarity": "1"
      },
      {
        "Aspect": "시간/속도",
        "SentimentText": "잠깐 딴짓하다 보면 건조가 다 되잇네요 속도 굿^^",
        "SentimentWord": "8",
        "SentimentPolarity": "1"
      }
    ]
  },
  {
    "Index": "19169",
    "RawText": "엄청 저렴하게 최신 상품으로 구매했습니다^^ 생각도 못했는데 청소기까지 왔어요ㅎㅎ 감사합니다.",
    "Source": "쇼핑몰",
    "Domain": "가전",
    "MainCategory": "생활/미용/욕실가전",
    "ProductName": "그랑데 삼성전자 AI DV19T8745BW 본체",
    "ReviewScore": "5",
    "Syllable": "52",
    "Word": "10",
    "RDate": "20211024",
    "GeneralPolarity": "1",
    "Aspects": [
      {
        "Aspect": "가격",
        "SentimentText": "엄청 저렴하게 최신 상품으로 구매했습니다^^",
        "SentimentWord": "5",
        "SentimentPolarity": "1"
      },
      {
        "Aspect": "제품구성",
        "SentimentText": "생각도 못했는데 청소기까지 왔어요ㅎㅎ",
        "SentimentWord": "4",
        "SentimentPolarity": "1"
      }
    ]
  },
  {
    "Index": "19171",
    "RawText": "빠르게 1주일만에 왔습니다^^배송비고란에 직렬설치(상단설치)라고 남기시면 별도 선택없이 무료로 설치킷 포함됩니다.^^ 포장 꼼꼼하네요 굿! 색상이 우아한 아이보리라 다른 가전제품과 잘 어울리네요",
    "Source": "쇼핑몰",
    "Domain": "가전",
    "MainCategory": "생활/미용/욕실가전",
    "ProductName": "그랑데 삼성전자 AI DV19T8745BW 본체",
    "ReviewScore": "5",
    "Syllable": "108",
    "Word": "20",
    "RDate": "20211103",
    "Aspects": [
      {
        "Aspect": "제품구성",
        "SentimentText": "배송비고란에 직렬설치(상단설치)라고 남기시면 별도 선택없이 무료로 설치킷 포함됩니다.^^",
        "SentimentWord": "8",
        "SentimentPolarity": "1"
      },
      {
        "Aspect": "색상",
        "SentimentText": "색상이 우아한 아이보리라 다른 가전제품과 잘 어울리네요",
        "SentimentWord": "7",
        "SentimentPolarity": "1"
      }
    ]
  },
  {
    "Index": "19172",
    "RawText": "딱 90만원짜리네요. 상품이 왜 이렇게 허술한거죠. 먼지 잘털리고 잘마르고 좋긴한데 진짜 판매가 100만원짜리의 문을 이렇게 플라스틱 나부랭이로 만들어야하는지 원--:",
    "Source": "쇼핑몰",
    "Domain": "가전",
    "MainCategory": "생활/미용/욕실가전",
    "ProductName": "그랑데 삼성전자 AI DV19T8745BW 본체",
    "ReviewScore": "3",
    "Syllable": "93",
    "Word": "19",
    "RDate": "20220316",
    "GeneralPolarity": "0",
    "Aspects": [
      {
        "Aspect": "품질",
        "SentimentText": "딱 90만원짜리네요. 상품이 왜 이렇게 허술한거죠.",
        "SentimentWord": "6",
        "SentimentPolarity": "-1"
      },
      {
        "Aspect": "기능",
        "SentimentText": "먼지 잘털리고 잘마르고 좋긴한데",
        "SentimentWord": "4",
        "SentimentPolarity": "1"
      },
      {
        "Aspect": "소재",
        "SentimentText": "진짜 판매가 100만원짜리의 문을 이렇게 플라스틱 나부랭이로 만들어야하는지 원--: ",
        "SentimentWord": "9",
        "SentimentPolarity": "-1"
      }
    ]
  },
  {
    "Index": "19173",
    "RawText": "배송 기간이 꽤 길었지만 예상하고 있었어서 괜찮았습니다~ 제품을 직접 사용해보니까 기능이 너무 좋아요 내부 용량이 큰 것도 마음에 들고요",
    "Source": "쇼핑몰",
    "Domain": "가전",
    "MainCategory": "생활/미용/욕실가전",
    "ProductName": "그랑데 삼성전자 AI DV19T8745BW 본체",
    "ReviewScore": "5",
    "Syllable": "76",
    "Word": "19",
    "RDate": "20220130",
    "Aspects": [
      {
        "Aspect": "기능",
        "SentimentText": "제품을 직접 사용해보니까 기능이 너무 좋아요",
        "SentimentWord": "6",
        "SentimentPolarity": "1"
      },
      {
        "Aspect": "용량",
        "SentimentText": "내부 용량이 큰 것도 마음에 들고요",
        "SentimentWord": "6",
        "SentimentPolarity": "1"
      }
    ]
  },
  {
    "Index": "19174",
    "RawText": "카드할인행사와 포인트로 엄청 좋은가격에 샀어요^^ 건저기 성능도 굿이고요~",
    "Source": "쇼핑몰",
    "Domain": "가전",
    "MainCategory": "생활/미용/욕실가전",
    "ProductName": "그랑데 삼성전자 AI DV19T8745BW 본체",
    "ReviewScore": "5",
    "Syllable": "41",
    "Word": "8",
    "RDate": "20211115",
    "Aspects": [
      {
        "Aspect": "가격",
        "SentimentText": "카드할인행사와 포인트로 엄청 좋은가격에 샀어요^^",
        "SentimentWord": "5",
        "SentimentPolarity": "1"
      },
      {
        "Aspect": "기능",
        "SentimentText": "건저기 성능도 굿이고요~",
        "SentimentWord": "3",
        "SentimentPolarity": "1"
      }
    ]
  },
  {
    "Index": "19175",
    "RawText": "너무 시끄러워요...소음 장난 아니네요 ㅠ  설치후보니 제품에 스크래치도 몇군데 있어 맘도 아프네요 ㅠ",
    "Source": "쇼핑몰",
    "Domain": "가전",
    "MainCategory": "생활/미용/욕실가전",
    "ProductName": "그랑데 삼성전자 AI DV19T8745BW 본체",
    "ReviewScore": "1",
    "Syllable": "57",
    "Word": "13",
    "RDate": "20220307",
    "Aspects": [
      {
        "Aspect": "소음",
        "SentimentText": "너무 시끄러워요...소음 장난 아니네요 ㅠ",
        "SentimentWord": "5",
        "SentimentPolarity": "-1"
      },
      {
        "Aspect": "품질",
        "SentimentText": "제품에 스크래치도 몇군데 있어 맘도 아프네요 ㅠ",
        "SentimentWord": "7",
        "SentimentPolarity": "-1"
      }
    ]
  },
  {
    "Index": "19176",
    "RawText": "배송, 설치 모두 맘에 들었어요~ 사용해보니 제품 품질도 너무 좋네요^^ 용량이 커서 이불도 넉넉히 건조 가능하고 건조 시간도 많이 단축되어서 너무 좋아요 ",
    "Source": "쇼핑몰",
    "Domain": "가전",
    "MainCategory": "생활/미용/욕실가전",
    "ProductName": "그랑데 삼성전자 AI DV19T8745BW 본체",
    "ReviewScore": "5",
    "Syllable": "87",
    "Word": "22",
    "RDate": "20220226",
    "Aspects": [
      {
        "Aspect": "품질",
        "SentimentText": "사용해보니 제품 품질도 너무 좋네요^^",
        "SentimentWord": "5",
        "SentimentPolarity": "1"
      },
      {
        "Aspect": "용량",
        "SentimentText": "용량이 커서 이불도 넉넉히 건조 가능하고 건조 시간도 많이 단축되어서 너무 좋아요",
        "SentimentWord": "12",
        "SentimentPolarity": "1"
      },
      {
        "Aspect": "시간/속도",
        "SentimentText": "건조 시간도 많이 단축되어서 너무 좋아요",
        "SentimentWord": "6",
        "SentimentPolarity": "1"
      }
    ]
  },
  {
    "Index": "19177",
    "RawText": "배송시 상단 키트의 누락때매 2주일가량 배송이 지연되엇네요;;;; 제품에는 특별한 하자없고 좋았습니다. 색상도 맘에 들고 잘쓰고있어요",
    "Source": "쇼핑몰",
    "Domain": "가전",
    "MainCategory": "생활/미용/욕실가전",
    "ProductName": "그랑데 삼성전자 AI DV19T8745BW 본체",
    "ReviewScore": "3",
    "Syllable": "74",
    "Word": "15",
    "RDate": "20220215",
    "Aspects": [
      {
        "Aspect": "색상",
        "SentimentText": "색상도 맘에 들고 잘쓰고있어요",
        "SentimentWord": "4",
        "SentimentPolarity": "1"
      },
      {
        "Aspect": "품질",
        "SentimentText": "제품에는 특별한 하자없고 좋았습니다",
        "SentimentWord": "4",
        "SentimentPolarity": "0"
      }
    ]
  },
  {
    "Index": "19178",
    "RawText": "소음 너무 심해요 ㅠ  작동 잘되고 건조도 잘되니 아주 만족입니다.설치도 친절하게 잘해주셨습니다.",
    "Source": "쇼핑몰",
    "Domain": "가전",
    "MainCategory": "생활/미용/욕실가전",
    "ProductName": "그랑데 삼성전자 AI DV19T8745BW 본체",
    "ReviewScore": "5",
    "Syllable": "54",
    "Word": "12",
    "RDate": "20220331",
    "Aspects": [
      {
        "Aspect": "소음",
        "SentimentText": "소음 너무 심해요 ㅠ ",
        "SentimentWord": "4",
        "SentimentPolarity": "-1"
      },
      {
        "Aspect": "기능",
        "SentimentText": "작동 잘되고 건조도 잘되니 아주 만족입니다.",
        "SentimentWord": "6",
        "SentimentPolarity": "1"
      }
    ]
  },
  {
    "Index": "19179",
    "RawText": "생각보다 용량이 작아 불편해요.... 쿠폰을 써서 저렴하게 잘 샀네요^^ 배송기사님들 친절하시고 너무마음에 들었어요",
    "Source": "쇼핑몰",
    "Domain": "가전",
    "MainCategory": "생활/미용/욕실가전",
    "ProductName": "그랑데 삼성전자 AI DV19T8745BW 본체",
    "ReviewScore": "5",
    "Syllable": "64",
    "Word": "13",
    "RDate": "20220629",
    "Aspects": [
      {
        "Aspect": "용량",
        "SentimentText": "생각보다 용량이 작아 불편해요.... ",
        "SentimentWord": "4",
        "SentimentPolarity": "-1"
      },
      {
        "Aspect": "가격",
        "SentimentText": "쿠폰을 써서 저렴하게 잘 샀네요^^",
        "SentimentWord": "5",
        "SentimentPolarity": "1"
      }
    ]
  },
  {
    "Index": "19180",
    "RawText": "배송은 5일정도 지나 연락 왔구요.설명도친절하게 잘해주시고 정말 좋아요.왜 이제 구입 했는지....... 너무 좋아요 다만, 한가지 아쉬운 점은 포장박스가 좀 찢어져서 왔네요ㅠㅠㅠ 함께 온 리모컨이 잘 작동이 안되네요. 불량인건가요? 대용량으로 주문해서 걱정했는데 잘 샀어요.",
    "Source": "쇼핑몰",
    "Domain": "가전",
    "MainCategory": "생활/미용/욕실가전",
    "ProductName": "그랑데 삼성전자 AI DV19T8745BW 본체",
    "ReviewScore": "5",
    "Syllable": "154",
    "Word": "33",
    "RDate": "20210914",
    "Aspects": [
      {
        "Aspect": "품질",
        "SentimentText": "함께 온 리모컨이 잘 작동이 안되네요. 불량인건가요?",
        "SentimentWord": "7",
        "SentimentPolarity": "-1"
      },
      {
        "Aspect": "용량",
        "SentimentText": "대용량으로 주문해서 걱정했는데 잘 샀어요.",
        "SentimentWord": "5",
        "SentimentPolarity": "1"
      }
    ]
  },
  {
    "Index": "19182",
    "RawText": "배송도 빠르고 기사님도 친절해서 엄청 감사했어요~ 포장 상태도 깔끔해서 안심됐고요~직접 사용해보니 제품 품질도 너무 최고네요 저소음 모터라 소리도 거슬리지 않아요",
    "Source": "쇼핑몰",
    "Domain": "가전",
    "MainCategory": "생활/미용/욕실가전",
    "ProductName": "그랑데 삼성전자 AI DV19T8745BW 본체",
    "ReviewScore": "5",
    "Syllable": "90",
    "Word": "20",
    "RDate": "20210814",
    "Aspects": [
      {
        "Aspect": "품질",
        "SentimentText": "직접 사용해보니 제품 품질도 너무 최고네요 ",
        "SentimentWord": "6",
        "SentimentPolarity": "1"
      },
      {
        "Aspect": "소음",
        "SentimentText": "저소음 모터라 소리도 거슬리지 않아요",
        "SentimentWord": "5",
        "SentimentPolarity": "1"
      }
    ]
  },
  {
    "Index": "19183",
    "RawText": "에너지 효율 1등급이라 너무 좋아요^^ 친정집에 보내드렸는데 이불 말릴때 편해지셨다네요^^",
    "Source": "쇼핑몰",
    "Domain": "가전",
    "MainCategory": "생활/미용/욕실가전",
    "ProductName": "그랑데 삼성전자 AI DV19T8745BW 본체",
    "ReviewScore": "5",
    "Syllable": "50",
    "Word": "10",
    "RDate": "20220413",
    "Aspects": [
      {
        "Aspect": "소비전력",
        "SentimentText": "에너지 효율 1등급이라 너무 좋아요^^",
        "SentimentWord": "5",
        "SentimentPolarity": "1"
      },
      {
        "Aspect": "편의성",
        "SentimentText": "이불 말릴때 편해지셨다네요^^",
        "SentimentWord": "3",
        "SentimentPolarity": "1"
      }
    ]
  },
  {
    "Index": "19184",
    "RawText": "OOO물류창고에 제품이 없어 제날짜에 못올꺼같다고 했는데 원하는날 다행히~ 배송잘왔네요. 감사합니다. 잘쓸께요 근데 급하게 온 건지 포장이 좀 허술하네요^^; 소비전력 1등급이라 전기세 걱정은 없네요 용량도 생각보다 커서 좋네요",
    "Source": "쇼핑몰",
    "Domain": "가전",
    "MainCategory": "생활/미용/욕실가전",
    "ProductName": "그랑데 삼성전자 AI DV19T8745BW 본체",
    "ReviewScore": "5",
    "Syllable": "127",
    "Word": "27",
    "RDate": "20211125",
    "Aspects": [
      {
        "Aspect": "소비전력",
        "SentimentText": "소비전력 1등급이라 전기세 걱정은 없네요",
        "SentimentWord": "5",
        "SentimentPolarity": "1"
      },
      {
        "Aspect": "용량",
        "SentimentText": "용량도 생각보다 커서 좋네요",
        "SentimentWord": "4",
        "SentimentPolarity": "1"
      }
    ]
  },
  {
    "Index": "19185",
    "RawText": "여기저기 할인받아 저렴히 구매했어요~ ㅎ  소음도 그리 크지않아 정말 좋아요~",
    "Source": "쇼핑몰",
    "Domain": "가전",
    "MainCategory": "생활/미용/욕실가전",
    "ProductName": "그랑데 삼성전자 AI DV19T8745BW 본체",
    "ReviewScore": "5",
    "Syllable": "43",
    "Word": "10",
    "RDate": "20211119",
    "Aspects": [
      {
        "Aspect": "가격",
        "SentimentText": "여기저기 할인받아 저렴히 구매했어요~ ㅎ ",
        "SentimentWord": "5",
        "SentimentPolarity": "0"
      },
      {
        "Aspect": "소음",
        "SentimentText": " 소음도 그리 크지않아 정말 좋아요~",
        "SentimentWord": "5",
        "SentimentPolarity": "1"
      }
    ]
  },
  {
    "Index": "19186",
    "RawText": "진짜 신세계네요 건조기기능 짱!! 강추!! 에너지 등급도 1등급이라 걱정이 없어요~",
    "Source": "쇼핑몰",
    "Domain": "가전",
    "MainCategory": "생활/미용/욕실가전",
    "ProductName": "그랑데 삼성전자 AI DV19T8745BW 본체",
    "ReviewScore": "5",
    "Syllable": "46",
    "Word": "10",
    "RDate": "20210821",
    "Aspects": [
      {
        "Aspect": "기능",
        "SentimentText": "진짜 신세계네요 건조기기능 짱!! 강추!!",
        "SentimentWord": "5",
        "SentimentPolarity": "1"
      },
      {
        "Aspect": "소비전력",
        "SentimentText": "에너지 등급도 1등급이라 걱정이 없어요~",
        "SentimentWord": "5",
        "SentimentPolarity": "1"
      }
    ]
  },
  {
    "Index": "19187",
    "RawText": "지퍼달린곳이나 쇠붙이있는옷은 소음이 심하긴 한데요 그냥 섬유만 돌릴때는 참을만 합니다^^; 건조성능은 매우 만족합니다 .장마철이나 비올때 미세먼지 많은날 편하게 사용하기 좋은거 같아요.제습기능도 된다니 기대해 보겠습니다.OOO에서 젤 저렴할때사서 좋았네요 배송은 1주일정도 걸린거 같아요 보통 2주이상 걸리던데 운좋게 빨리 잘 설치했습니다^^",
    "Source": "쇼핑몰",
    "Domain": "가전",
    "MainCategory": "생활/미용/욕실가전",
    "ProductName": "그랑데 삼성전자 AI DV19T8745BW 본체",
    "ReviewScore": "4",
    "Syllable": "191",
    "Word": "38",
    "RDate": "20220407",
    "Aspects": [
      {
        "Aspect": "소음",
        "SentimentText": "지퍼달린곳이나 쇠붙이있는옷은 소음이 심하긴 한데요 그냥 섬유만 돌릴때는 참을만 합니다^^;",
        "SentimentWord": "10",
        "SentimentPolarity": "-1"
      },
      {
        "Aspect": "기능",
        "SentimentText": "건조성능은 매우 만족합니다 .",
        "SentimentWord": "4",
        "SentimentPolarity": "1"
      },
      {
        "Aspect": "편의성",
        "SentimentText": "장마철이나 비올때 미세먼지 많은날 편하게 사용하기 좋은거 같아요.",
        "SentimentWord": "8",
        "SentimentPolarity": "1"
      },
      {
        "Aspect": "가격",
        "SentimentText": "OOO에서 젤 저렴할때사서 좋았네요",
        "SentimentWord": "4",
        "SentimentPolarity": "1"
      }
    ]
  },
  {
    "Index": "19188",
    "RawText": "가격대비 품질 만족스러워요!!  좋은가격에 잘 샀네요 굿",
    "Source": "쇼핑몰",
    "Domain": "가전",
    "MainCategory": "생활/미용/욕실가전",
    "ProductName": "그랑데 삼성전자 AI DV19T8745BW 본체",
    "ReviewScore": "5",
    "Syllable": "31",
    "Word": "7",
    "RDate": "20211208",
    "Aspects": [
      {
        "Aspect": "품질",
        "SentimentText": "가격대비 품질 만족스러워요!! ",
        "SentimentWord": "3",
        "SentimentPolarity": "1"
      },
      {
        "Aspect": "가격",
        "SentimentText": "좋은가격에 잘 샀네요 굿",
        "SentimentWord": "4",
        "SentimentPolarity": "1"
      }
    ]
  },
  {
    "Index": "19190",
    "RawText": "인터넷으로 구매한 대형가전은 처음인데 사용할수록 용량도 크고 건조 시간도 짧아서 만족이네요~OO에서 직접설치한 것도 안심돼서 좋았고 제품 포장상태도 좋아서 더 만족스러웠던 것 같아요",
    "Source": "쇼핑몰",
    "Domain": "가전",
    "MainCategory": "생활/미용/욕실가전",
    "ProductName": "그랑데 삼성전자 AI DV19T8745BW 본체",
    "ReviewScore": "5",
    "Syllable": "101",
    "Word": "22",
    "RDate": "20220221",
    "Aspects": [
      {
        "Aspect": "용량",
        "SentimentText": "인터넷으로 구매한 대형가전은 처음인데 사용할수록 용량도 크고 건조 시간도 짧아서 만족이네요~",
        "SentimentWord": "11",
        "SentimentPolarity": "1"
      },
      {
        "Aspect": "시간/속도",
        "SentimentText": "건조 시간도 짧아서 만족이네요~",
        "SentimentWord": "4",
        "SentimentPolarity": "1"
      }
    ]
  },
  {
    "Index": "19191",
    "RawText": "색상이 화이트인데 깔끔해서 너무 예쁩니다 용량도 넉넉하니 큰 것들도 잘 들어가서 좋아요",
    "Source": "쇼핑몰",
    "Domain": "가전",
    "MainCategory": "생활/미용/욕실가전",
    "ProductName": "그랑데 삼성전자 AI DV19T8745BW 본체",
    "ReviewScore": "5",
    "Syllable": "48",
    "Word": "12",
    "RDate": "20220211",
    "GeneralPolarity": "1",
    "Aspects": [
      {
        "Aspect": "색상",
        "SentimentText": "색상이 화이트인데 깔끔해서 너무 예쁩니다",
        "SentimentWord": "5",
        "SentimentPolarity": "1"
      },
      {
        "Aspect": "용량",
        "SentimentText": "용량도 넉넉하니 큰 것들도 잘 들어가서 좋아요",
        "SentimentWord": "7",
        "SentimentPolarity": "1"
      }
    ]
  },
  {
    "Index": "19192",
    "RawText": "빨래가 뽀송해서 너무 좋아요.~ 소음은 생각보다는 크네요......",
    "Source": "쇼핑몰",
    "Domain": "가전",
    "MainCategory": "생활/미용/욕실가전",
    "ProductName": "그랑데 삼성전자 AI DV19T8745BW 본체",
    "ReviewScore": "4",
    "Syllable": "37",
    "Word": "7",
    "RDate": "20220524",
    "Aspects": [
      {
        "Aspect": "기능",
        "SentimentText": "빨래가 뽀송해서 너무 좋아요.~",
        "SentimentWord": "4",
        "SentimentPolarity": "1"
      },
      {
        "Aspect": "소음",
        "SentimentText": "소음은 생각보다는 크네요......",
        "SentimentWord": "3",
        "SentimentPolarity": "-1"
      }
    ]
  },
  {
    "Index": "19193",
    "RawText": "좋은 가격에 합리적으로 잘 구매했습니다.평생보증(모터,콤브레셔)...고장이 안난다는 자신감이겠죠! 좀 써보니까 내구성에 대한 자신감 동의합니다^^ 배달기사님~ 친절한 설명 정말 감사합니다.",
    "Source": "쇼핑몰",
    "Domain": "가전",
    "MainCategory": "생활/미용/욕실가전",
    "ProductName": "그랑데 삼성전자 AI DV19T8745BW 본체",
    "ReviewScore": "5",
    "Syllable": "105",
    "Word": "18",
    "RDate": "20220106",
    "Aspects": [
      {
        "Aspect": "가격",
        "SentimentText": "좋은 가격에 합리적으로 잘 구매했습니다.",
        "SentimentWord": "5",
        "SentimentPolarity": "1"
      },
      {
        "Aspect": "내구성",
        "SentimentText": "좀 써보니까 내구성에 대한 자신감 동의합니다^^",
        "SentimentWord": "6",
        "SentimentPolarity": "1"
      }
    ]
  },
  {
    "Index": "19194",
    "RawText": "주문 3월 15일에 했는데 3월 30일에 수령했어요~!배송이 늦었는데 그래도 한달? 정도 생각했던거보다는 빨랐네요ㅎㅎ설치기사님 정말 친절하고 빠르게 설치해주셨어요 테스트용으로 집에 있는 간단한 세탁물 돌려봤는데 세상 뽀송뽀송하네요^^ 소음이 있어서 거슬려요.ㅠㅠㅠ",
    "Source": "쇼핑몰",
    "Domain": "가전",
    "MainCategory": "생활/미용/욕실가전",
    "ProductName": "그랑데 삼성전자 AI DV19T8745BW 본체",
    "ReviewScore": "5",
    "Syllable": "147",
    "Word": "28",
    "RDate": "20220330",
    "Aspects": [
      {
        "Aspect": "기능",
        "SentimentText": "테스트용으로 집에 있는 간단한 세탁물 돌려봤는데 세상 뽀송뽀송하네요^^",
        "SentimentWord": "8",
        "SentimentPolarity": "1"
      },
      {
        "Aspect": "소음",
        "SentimentText": "소음이 있어서 거슬려요.ㅠㅠㅠ",
        "SentimentWord": "3",
        "SentimentPolarity": "-1"
      }
    ]
  },
  {
    "Index": "19195",
    "RawText": "설치기사님 약속한 날짜에 오셔서 꼼꼼히 설치해주셨어요. 성능 정말 좋네요! 필터먼지 손쉽게 제거하고 편리합니다. ",
    "Source": "쇼핑몰",
    "Domain": "가전",
    "MainCategory": "생활/미용/욕실가전",
    "ProductName": "그랑데 삼성전자 AI DV19T8745BW 본체",
    "ReviewScore": "5",
    "Syllable": "63",
    "Word": "13",
    "RDate": "20220511",
    "Aspects": [
      {
        "Aspect": "기능",
        "SentimentText": "성능 정말 좋네요!",
        "SentimentWord": "3",
        "SentimentPolarity": "1"
      },
      {
        "Aspect": "편의성",
        "SentimentText": "필터먼지 손쉽게 제거하고 편리합니다.",
        "SentimentWord": "4",
        "SentimentPolarity": "1"
      }
    ]
  },
  {
    "Index": "19196",
    "RawText": "소음이 좀 있긴해요;; 이추운 겨울에 베란다에 덜덜떨며 빨래 안널어도 되고 마르기까지 이틀이나 기다리지 않아도 되서 편하고 좋아요 모두가 여러개라 빨래에 맞는걸로 돌리면 되네요^^ 옷감손상도 줄고 좋지요이불 털기 기능 너무너무 굿 배송도 짱 빨랐어요",
    "Source": "쇼핑몰",
    "Domain": "가전",
    "MainCategory": "생활/미용/욕실가전",
    "ProductName": "그랑데 삼성전자 AI DV19T8745BW 본체",
    "ReviewScore": "5",
    "Syllable": "139",
    "Word": "33",
    "RDate": "20211229",
    "Aspects": [
      {
        "Aspect": "소음",
        "SentimentText": "소음이 좀 있긴해요;;",
        "SentimentWord": "3",
        "SentimentPolarity": "-1"
      },
      {
        "Aspect": "편의성",
        "SentimentText": "이추운 겨울에 베란다에 덜덜떨며 빨래 안널어도 되고 마르기까지 이틀이나 기다리지 않아도 되서 편하고 좋아요",
        "SentimentWord": "14",
        "SentimentPolarity": "1"
      },
      {
        "Aspect": "기능",
        "SentimentText": "모두가 여러개라 빨래에 맞는걸로 돌리면 되네요^^ 옷감손상도 줄고 좋지요",
        "SentimentWord": "9",
        "SentimentPolarity": "1"
      },
      {
        "Aspect": "기능",
        "SentimentText": "이불 털기 기능 너무너무 굿",
        "SentimentWord": "5",
        "SentimentPolarity": "1"
      }
    ]
  },
  {
    "Index": "19197",
    "RawText": "최대3주정도 걸린다 했는데 1주일도 안되서 받았어요 ㅎㅎ 소음없이 조용하고 사이즈도 크고 좋네요",
    "Source": "쇼핑몰",
    "Domain": "가전",
    "MainCategory": "생활/미용/욕실가전",
    "ProductName": "그랑데 삼성전자 AI DV19T8745BW 본체",
    "ReviewScore": "5",
    "Syllable": "53",
    "Word": "12",
    "RDate": "20211230",
    "Aspects": [
      {
        "Aspect": "소음",
        "SentimentText": "소음없이 조용하고",
        "SentimentWord": "2",
        "SentimentPolarity": "1"
      },
      {
        "Aspect": "사이즈",
        "SentimentText": "사이즈도 크고 좋네요",
        "SentimentWord": "3",
        "SentimentPolarity": "1"
      }
    ]
  },
  {
    "Index": "19198",
    "RawText": "추석명절때문에 배송이 생각보다 느려서 아쉬웠어요. 하지만 제품 용량은 넉넉해서 만족스러웠어요~ 가격도 착해서 좋고 설치기사님도 친절하게 설명해주셔서 좋았습니다.",
    "Source": "쇼핑몰",
    "Domain": "가전",
    "MainCategory": "생활/미용/욕실가전",
    "ProductName": "그랑데 삼성전자 AI DV19T8745BW 본체",
    "ReviewScore": "5",
    "Syllable": "89",
    "Word": "17",
    "RDate": "20211104",
    "Aspects": [
      {
        "Aspect": "용량",
        "SentimentText": "하지만 제품 용량은 넉넉해서 만족스러웠어요~",
        "SentimentWord": "5",
        "SentimentPolarity": "1"
      },
      {
        "Aspect": "가격",
        "SentimentText": "가격도 착해서 좋고 ",
        "SentimentWord": "3",
        "SentimentPolarity": "1"
      }
    ]
  },
  {
    "Index": "19199",
    "RawText": "추운곳에 설치하면 건조 기능이 떨어지고 시간이 오래 걸린다는 단점이 있습니다. 이불먼지털기 사용후 꺼내면 뽀송한 느낌도 들지 않습니다.",
    "Source": "쇼핑몰",
    "Domain": "가전",
    "MainCategory": "생활/미용/욕실가전",
    "ProductName": "그랑데 삼성전자 AI DV19T8745BW 본체",
    "ReviewScore": "2",
    "Syllable": "75",
    "Word": "17",
    "RDate": "20220223",
    "GeneralPolarity": "-1",
    "Aspects": [
      {
        "Aspect": "기능",
        "SentimentText": "추운곳에 설치하면 건조 기능이 떨어지고 시간이 오래 걸린다는 단점이 있습니다. ",
        "SentimentWord": "10",
        "SentimentPolarity": "-1"
      },
      {
        "Aspect": "시간/속도",
        "SentimentText": "시간이 오래 걸린다는 단점이 있습니다. ",
        "SentimentWord": "5",
        "SentimentPolarity": "-1"
      },
      {
        "Aspect": "기능",
        "SentimentText": "이불먼지털기 사용후 꺼내면 뽀송한 느낌도 들지 않습니다.",
        "SentimentWord": "7",
        "SentimentPolarity": "-1"
      }
    ]
  },
  {
    "Index": "19200",
    "RawText": "싸요!!! 좋은 가격에 구매 잘했어요  색상이 깔끔한 게 마음에 드네요ㅎㅎ",
    "Source": "쇼핑몰",
    "Domain": "가전",
    "MainCategory": "생활/미용/욕실가전",
    "ProductName": "그랑데 삼성전자 AI DV90T5740BW 본체",
    "ReviewScore": "5",
    "Syllable": "41",
    "Word": "10",
    "RDate": "20210817",
    "Aspects": [
      {
        "Aspect": "가격",
        "SentimentText": " 싸요!!! 좋은 가격에 구매 잘했어요",
        "SentimentWord": "5",
        "SentimentPolarity": "1"
      },
      {
        "Aspect": "색상",
        "SentimentText": "색상이 깔끔한 게 마음에 드네요ㅎㅎ",
        "SentimentWord": "5",
        "SentimentPolarity": "1"
      }
    ]
  },
  {
    "Index": "19201",
    "RawText": "디자인이 깜찍해서 마음에 들어요! 소음없이 건조된다는 점도 굿~ 기사님도 친절하셔서 좋았습니다^^",
    "Source": "쇼핑몰",
    "Domain": "가전",
    "MainCategory": "생활/미용/욕실가전",
    "ProductName": "그랑데 삼성전자 AI DV90T5740BW 본체",
    "ReviewScore": "5",
    "Syllable": "54",
    "Word": "11",
    "RDate": "20211002",
    "Aspects": [
      {
        "Aspect": "디자인",
        "SentimentText": "디자인이 깜찍해서 마음에 들어요!",
        "SentimentWord": "4",
        "SentimentPolarity": "1"
      },
      {
        "Aspect": "소음",
        "SentimentText": "소음없이 건조된다는 점도 굿~",
        "SentimentWord": "4",
        "SentimentPolarity": "1"
      }
    ]
  },
  {
    "Index": "19202",
    "RawText": "tv시청이 힘들 정도로 소음이 꽤 있고요, 건조결과물은 완전만족스럽습니다. 건조시간은 1시간30분정도로 적당합니다",
    "Source": "쇼핑몰",
    "Domain": "가전",
    "MainCategory": "생활/미용/욕실가전",
    "ProductName": "그랑데 삼성전자 AI DV90T5740BW 본체",
    "ReviewScore": "5",
    "Syllable": "63",
    "Word": "11",
    "RDate": "20210423",
    "GeneralPolarity": "1",
    "Aspects": [
      {
        "Aspect": "소음",
        "SentimentText": "tv시청이 힘들 정도로 소음이 꽤 있고요",
        "SentimentWord": "6",
        "SentimentPolarity": "-1"
      },
      {
        "Aspect": "기능",
        "SentimentText": "건조결과물은 완전만족스럽습니다. ",
        "SentimentWord": "2",
        "SentimentPolarity": "1"
      },
      {
        "Aspect": "시간/속도",
        "SentimentText": "건조시간은 1시간30분정도로 적당합니다",
        "SentimentWord": "3",
        "SentimentPolarity": "1"
      }
    ]
  },
  {
    "Index": "19203",
    "RawText": "생각보다 소음은 시끄럽지만 건조기성능 좋아요진작 구입할걸 ^^",
    "Source": "쇼핑몰",
    "Domain": "가전",
    "MainCategory": "생활/미용/욕실가전",
    "ProductName": "그랑데 삼성전자 AI DV90T5740BW 본체",
    "ReviewScore": "5",
    "Syllable": "34",
    "Word": "7",
    "RDate": "20220511",
    "Aspects": [
      {
        "Aspect": "소음",
        "SentimentText": "생각보다 소음은 시끄럽지만 ",
        "SentimentWord": "3",
        "SentimentPolarity": "-1"
      },
      {
        "Aspect": "기능",
        "SentimentText": "건조기성능 좋아요진작 구입할걸 ^^ ",
        "SentimentWord": "4",
        "SentimentPolarity": "1"
      }
    ]
  },
  {
    "Index": "19204",
    "RawText": "개털이 수건과 옷에 많이 붙었는데 이제 안그래서 좋아요. 전에는털이  달라붙어서 불편했는데 지금은 제품에  만족합니다.",
    "Source": "쇼핑몰",
    "Domain": "가전",
    "MainCategory": "생활/미용/욕실가전",
    "ProductName": "그랑데 삼성전자 AI DV90T5740BW 본체",
    "ReviewScore": "5",
    "Syllable": "66",
    "Word": "14",
    "RDate": "20220110",
    "GeneralPolarity": "1",
    "Aspects": [
      {
        "Aspect": "기능",
        "SentimentText": "개털이 수건과 옷에 많이 붙었는데 이제 안그래서 좋아요",
        "SentimentWord": "8",
        "SentimentPolarity": "1"
      },
      {
        "Aspect": "품질",
        "SentimentText": "전에는털이  달라붙어서 불편했는데 지금은 제품에  만족합니다.",
        "SentimentWord": "6",
        "SentimentPolarity": "1"
      }
    ]
  },
  {
    "Index": "19205",
    "RawText": "인터넷이 가장저렴했고 쿠폰 포인트 사용해서 좀더 저렴하게 구매했어요  건조도 60-70분이면 뽀송하게 잘 건조되고 마음에듭니다 굿굿~ 사용한지 일주일째 아직 큰 불편함은 없습니다",
    "Source": "쇼핑몰",
    "Domain": "가전",
    "MainCategory": "생활/미용/욕실가전",
    "ProductName": "그랑데 삼성전자 AI DV90T5740BW 본체",
    "ReviewScore": "5",
    "Syllable": "99",
    "Word": "21",
    "RDate": "20220802",
    "Aspects": [
      {
        "Aspect": "가격",
        "SentimentText": "인터넷이 가장저렴했고 쿠폰 포인트 사용해서 좀더 저렴하게 구매했어요",
        "SentimentWord": "8",
        "SentimentPolarity": "1"
      },
      {
        "Aspect": "시간/속도",
        "SentimentText": "건조도 60-70분이면 뽀송하게 잘 건조되고 마음에듭니다 굿굿~",
        "SentimentWord": "7",
        "SentimentPolarity": "1"
      }
    ]
  },
  {
    "Index": "19206",
    "RawText": "건조기 처음 구입했는데 진작 살걸 왜 이제샀나 싶어요.짧은 시간 내에 옷이 뽀송뽀송해지는게 너무 만족스러워요~소음도 이정도면 무난하거 같고요,디자인도 너무 이쁘네요",
    "Source": "쇼핑몰",
    "Domain": "가전",
    "MainCategory": "생활/미용/욕실가전",
    "ProductName": "그랑데 삼성전자 AI DV90T5740BW 본체",
    "ReviewScore": "5",
    "Syllable": "91",
    "Word": "19",
    "RDate": "20220228",
    "GeneralPolarity": "1",
    "Aspects": [
      {
        "Aspect": "시간/속도",
        "SentimentText": "짧은 시간 내에 옷이 뽀송뽀송해지는게 너무 만족스러워요~",
        "SentimentWord": "7",
        "SentimentPolarity": "1"
      },
      {
        "Aspect": "소음",
        "SentimentText": "소음도 이정도면 무난하거 같고요,",
        "SentimentWord": "4",
        "SentimentPolarity": "0"
      },
      {
        "Aspect": "디자인",
        "SentimentText": "디자인도 너무 이쁘네요",
        "SentimentWord": "3",
        "SentimentPolarity": "1"
      }
    ]
  },
  {
    "Index": "19207",
    "RawText": "건조기를 계속 써오다가 없으니까 너무 불편해서 이번에 구매했어요~9키로로 시켰는데 사이즈가 적당해서 공간을 많이 차지하지도 않고 용량도 넉넉해서 왠만한 빨래량 다 건조 가능해서 너무좋아요^^",
    "Source": "쇼핑몰",
    "Domain": "가전",
    "MainCategory": "생활/미용/욕실가전",
    "ProductName": "그랑데 삼성전자 AI DV90T5740BW 본체",
    "ReviewScore": "5",
    "Syllable": "106",
    "Word": "23",
    "RDate": "20211205",
    "GeneralPolarity": "1",
    "Aspects": [
      {
        "Aspect": "사이즈",
        "SentimentText": "9키로로 시켰는데 사이즈가 적당해서 공간을 많이 차지하지도 않고 용량도 넉넉해서 왠만한 빨래량 다 건조 가능해서 너무좋아요^^ ",
        "SentimentWord": "16",
        "SentimentPolarity": "1"
      },
      {
        "Aspect": "용량",
        "SentimentText": "용량도 넉넉해서 왠만한 빨래량 다 건조 가능해서 너무좋아요^^ ",
        "SentimentWord": "8",
        "SentimentPolarity": "1"
      }
    ]
  },
  {
    "Index": "19208",
    "RawText": "깔끔하게 잘 사용하고 있어요. 처음에는 조작법이 손에 익지 않았는데 자세한 설명서가 도움이 됐습니다^^ 설치기사님이 가르쳐주신 방식대로 관리를 하고 있는데 키트가 많은 도움이 됩니다",
    "Source": "쇼핑몰",
    "Domain": "가전",
    "MainCategory": "생활/미용/욕실가전",
    "ProductName": "그랑데 삼성전자 AI DV90T5740BW 본체",
    "ReviewScore": "5",
    "Syllable": "101",
    "Word": "23",
    "RDate": "20220819",
    "GeneralPolarity": "1",
    "Aspects": [
      {
        "Aspect": "제품구성",
        "SentimentText": "처음에는 조작법이 손에 익지 않았는데 자세한 설명서가 도움이 됐습니다^^",
        "SentimentWord": "9",
        "SentimentPolarity": "1"
      },
      {
        "Aspect": "제품구성",
        "SentimentText": "설치기사님이 가르쳐주신 방식대로 관리를 하고 있는데 키트가 많은 도움이 됩니다",
        "SentimentWord": "10",
        "SentimentPolarity": "1"
      }
    ]
  },
  {
    "Index": "19209",
    "RawText": "다이얼 수준이 정말 최악이네요… 소리도 너무 시끄러워요ㅠㅠ",
    "Source": "쇼핑몰",
    "Domain": "가전",
    "MainCategory": "생활/미용/욕실가전",
    "ProductName": "그랑데 삼성전자 AI DV90T5740BW 본체",
    "ReviewScore": "1",
    "Syllable": "32",
    "Word": "7",
    "RDate": "20220324",
    "Aspects": [
      {
        "Aspect": "조작성",
        "SentimentText": "다이얼 수준이 정말 최악이네요…",
        "SentimentWord": "4",
        "SentimentPolarity": "-1"
      },
      {
        "Aspect": "소음",
        "SentimentText": "소리도 너무 시끄러워요ㅠㅠ",
        "SentimentWord": "3",
        "SentimentPolarity": "-1"
      }
    ]
  },
  {
    "Index": "19210",
    "RawText": "디자인 단순해 이뻐요 빨래가 잘 건조되고 쌓인 먼지통 보면 속이 시원해요 OOO 앱이 있어 조작이 편리합니다",
    "Source": "쇼핑몰",
    "Domain": "가전",
    "MainCategory": "생활/미용/욕실가전",
    "ProductName": "그랑데 삼성전자 AI DV90T5740BW 본체",
    "ReviewScore": "5",
    "Syllable": "60",
    "Word": "16",
    "RDate": "20210615",
    "Aspects": [
      {
        "Aspect": "디자인",
        "SentimentText": "디자인 단순해 이뻐요",
        "SentimentWord": "3",
        "SentimentPolarity": "1"
      },
      {
        "Aspect": "기능",
        "SentimentText": "빨래가 잘 건조되고 쌓인 먼지통 보면 속이 시원해요",
        "SentimentWord": "8",
        "SentimentPolarity": "1"
      },
      {
        "Aspect": "조작성",
        "SentimentText": "OOO 앱이 있어 조작이 편리합니다",
        "SentimentWord": "5",
        "SentimentPolarity": "1"
      }
    ]
  },
  {
    "Index": "19211",
    "RawText": "디자인 제 맘에 쏙!들어요 소음은 좀 있어요 수건을 많이 넣고 건조하니 2시간이상 오래 걸리네요 그렇치만 건조는 잘 되네요",
    "Source": "쇼핑몰",
    "Domain": "가전",
    "MainCategory": "생활/미용/욕실가전",
    "ProductName": "그랑데 삼성전자 AI DV90T5740BW 본체",
    "ReviewScore": "4",
    "Syllable": "68",
    "Word": "18",
    "RDate": "20220109",
    "GeneralPolarity": "0",
    "Aspects": [
      {
        "Aspect": "디자인",
        "SentimentText": "디자인 제 맘에 쏙!들어요",
        "SentimentWord": "4",
        "SentimentPolarity": "1"
      },
      {
        "Aspect": "소음",
        "SentimentText": "소음은 좀 있어요",
        "SentimentWord": "3",
        "SentimentPolarity": "-1"
      },
      {
        "Aspect": "시간/속도",
        "SentimentText": "수건을 많이 넣고 건조하니 2시간이상 오래 걸리네요",
        "SentimentWord": "7",
        "SentimentPolarity": "-1"
      },
      {
        "Aspect": "기능",
        "SentimentText": "그렇치만 건조는 잘 되네요",
        "SentimentWord": "4",
        "SentimentPolarity": "1"
      }
    ]
  },
  {
    "Index": "19212",
    "RawText": "조용해서 방에 설치해도 좋아요! 빨래건조도 알아서 척척 해주고 ㅎㅎ 제 생각보다 똑똑 해요!",
    "Source": "쇼핑몰",
    "Domain": "가전",
    "MainCategory": "생활/미용/욕실가전",
    "ProductName": "그랑데 삼성전자 AI DV90T5740BW 본체",
    "ReviewScore": "5",
    "Syllable": "51",
    "Word": "13",
    "RDate": "20211102",
    "GeneralPolarity": "1",
    "Aspects": [
      {
        "Aspect": "품질",
        "SentimentText": "조용해서 방에 설치해도 좋아요!",
        "SentimentWord": "4",
        "SentimentPolarity": "1"
      },
      {
        "Aspect": "기능",
        "SentimentText": "빨래건조도 알아서 척척 해주고ㅎㅎ",
        "SentimentWord": "4",
        "SentimentPolarity": "1"
      }
    ]
  },
  {
    "Index": "19213",
    "RawText": "디자인 심플하고 이쁘네요~ 자동건조 사용하기 정말 편해 만족합니다.",
    "Source": "쇼핑몰",
    "Domain": "가전",
    "MainCategory": "생활/미용/욕실가전",
    "ProductName": "그랑데 삼성전자 AI DV90T5740BW 본체",
    "ReviewScore": "5",
    "Syllable": "37",
    "Word": "8",
    "RDate": "20210616",
    "Aspects": [
      {
        "Aspect": "디자인",
        "SentimentText": "디자인 심플하고 이쁘네요~",
        "SentimentWord": "3",
        "SentimentPolarity": "1"
      },
      {
        "Aspect": "편의성",
        "SentimentText": "자동건조 사용하기 정말 편해 만족합니다.",
        "SentimentWord": "5",
        "SentimentPolarity": "1"
      }
    ]
  },
  {
    "Index": "19214",
    "RawText": "빠른 배송 맘에 들어요 바로 사용해봤는데 왜 이 좋은 제품을 이제야 샀는지 후회가 될 정도네요 소음도 크지 않아 맘에 들어요",
    "Source": "쇼핑몰",
    "Domain": "가전",
    "MainCategory": "생활/미용/욕실가전",
    "ProductName": "그랑데 삼성전자 AI DV90T5740BW 본체",
    "ReviewScore": "5",
    "Syllable": "69",
    "Word": "20",
    "RDate": "20210814",
    "Aspects": [
      {
        "Aspect": "품질",
        "SentimentText": "바로 사용해봤는데 왜 이 좋은 제품을 이제야 샀는지 후회가 될 정도네요",
        "SentimentWord": "11",
        "SentimentPolarity": "1"
      },
      {
        "Aspect": "소음",
        "SentimentText": "소음도 크지 않아 맘에 들어요",
        "SentimentWord": "5",
        "SentimentPolarity": "1"
      }
    ]
  },
  {
    "Index": "19215",
    "RawText": "에너지효율 1등급이라 전기료 걱정없어요~ 제품이 너무 편해요 빨래 돌리는게 즐겁고 편하네요",
    "Source": "쇼핑몰",
    "Domain": "가전",
    "MainCategory": "생활/미용/욕실가전",
    "ProductName": "그랑데 삼성전자 AI DV90T5740BW 본체",
    "ReviewScore": "5",
    "Syllable": "50",
    "Word": "11",
    "RDate": "20210907",
    "Aspects": [
      {
        "Aspect": "소비전력",
        "SentimentText": "에너지효율 1등급이라 전기료 걱정없어요~",
        "SentimentWord": "4",
        "SentimentPolarity": "1"
      },
      {
        "Aspect": "편의성",
        "SentimentText": "제품이 너무 편해요",
        "SentimentWord": "3",
        "SentimentPolarity": "1"
      }
    ]
  },
  {
    "Index": "19216",
    "RawText": "화이트색상 이쁘고 고급지네요~   신생아때 진작 살걸 지금이라도 사니 건조 정말 편하고 좋아요 ㅎ 잘쓸게요~",
    "Source": "쇼핑몰",
    "Domain": "가전",
    "MainCategory": "생활/미용/욕실가전",
    "ProductName": "그랑데 삼성전자 AI DV90T5740BW 본체",
    "ReviewScore": "5",
    "Syllable": "60",
    "Word": "14",
    "RDate": "20210907",
    "Aspects": [
      {
        "Aspect": "색상",
        "SentimentText": "화이트색상 이쁘고 고급지네요~ ",
        "SentimentWord": "3",
        "SentimentPolarity": "1"
      },
      {
        "Aspect": "편의성",
        "SentimentText": " 건조 정말 편하고 좋아요 ㅎ 잘쓸게요~",
        "SentimentWord": "6",
        "SentimentPolarity": "1"
      }
    ]
  },
  {
    "Index": "19217",
    "RawText": "화이트색상이 조금 구려요.. 빛바랜색이네요... 하지만  제품퀄러티 너무 좋아요!!",
    "Source": "쇼핑몰",
    "Domain": "가전",
    "MainCategory": "생활/미용/욕실가전",
    "ProductName": "그랑데 삼성전자 AI DV90T5740BW 본체",
    "ReviewScore": "5",
    "Syllable": "46",
    "Word": "8",
    "RDate": "20210812",
    "Aspects": [
      {
        "Aspect": "색상",
        "SentimentText": "화이트색상이 조금 구려요.. 빛바랜색이네요... ",
        "SentimentWord": "4",
        "SentimentPolarity": "-1"
      },
      {
        "Aspect": "품질",
        "SentimentText": " 제품퀄러티 너무 좋아요!!",
        "SentimentWord": "3",
        "SentimentPolarity": "1"
      }
    ]
  },
  {
    "Index": "19218",
    "RawText": "생각보다 너무 뚱뚱해서 놀랐어요...... 하지만 용량이 커서 한번에 많이 할수 있어 좋네요",
    "Source": "쇼핑몰",
    "Domain": "가전",
    "MainCategory": "생활/미용/욕실가전",
    "ProductName": "그랑데 삼성전자 AI DV90T5740BW 본체",
    "ReviewScore": "5",
    "Syllable": "51",
    "Word": "12",
    "RDate": "20220708",
    "Aspects": [
      {
        "Aspect": "사이즈",
        "SentimentText": "생각보다 너무 뚱뚱해서 놀랐어요...... ",
        "SentimentWord": "4",
        "SentimentPolarity": "0"
      },
      {
        "Aspect": "용량",
        "SentimentText": "용량이 커서 한번에 많이 할수 있어 좋네요",
        "SentimentWord": "7",
        "SentimentPolarity": "1"
      }
    ]
  },
  {
    "Index": "19219",
    "RawText": "배송이 빨라서 좋았어요^^ 사용해보니 옷감도 상하지 않으면서 소음이 적어서 좋네요! 다만 제품 크기가 제일 작아서 건조하는데 시간이 평균 2시간 이상 걸리는 게 아쉬웠어요. 그래도 공간을 많이 차지하지 않아서 만족합니다ㅎㅎ",
    "Source": "쇼핑몰",
    "Domain": "가전",
    "MainCategory": "생활/미용/욕실가전",
    "ProductName": "그랑데 삼성전자 AI DV90T5740BW 본체",
    "ReviewScore": "5",
    "Syllable": "124",
    "Word": "29",
    "RDate": "20211107",
    "Aspects": [
      {
        "Aspect": "기능",
        "SentimentText": "사용해보니 옷감도 상하지 않으면서 소음이 적어서 좋네요!",
        "SentimentWord": "7",
        "SentimentPolarity": "1"
      },
      {
        "Aspect": "소음",
        "SentimentText": " 소음이 적어서 좋네요!",
        "SentimentWord": "3",
        "SentimentPolarity": "1"
      },
      {
        "Aspect": "시간/속도",
        "SentimentText": "다만 제품 크기가 제일 작아서 건조하는데 시간이 평균 2시간 이상 걸리는 게 아쉬웠어요.",
        "SentimentWord": "13",
        "SentimentPolarity": "-1"
      },
      {
        "Aspect": "사이즈",
        "SentimentText": "그래도 공간을 많이 차지하지 않아서 만족합니다ㅎㅎ",
        "SentimentWord": "6",
        "SentimentPolarity": "1"
      }
    ]
  },
  {
    "Index": "19220",
    "RawText": "제품은 역시 OO이라 믿고 안심하면서 만족스럽네요. 리모컨 작동법도 간단하고 좋으네요~~",
    "Source": "쇼핑몰",
    "Domain": "가전",
    "MainCategory": "생활/미용/욕실가전",
    "ProductName": "그랑데 삼성전자 AI DV90T5740BW 본체",
    "ReviewScore": "3",
    "Syllable": "49",
    "Word": "10",
    "RDate": "20210929",
    "Aspects": [
      {
        "Aspect": "제조일/제조사",
        "SentimentText": "제품은 역시 OO이라 믿고 안심하면서 만족스럽네요. ",
        "SentimentWord": "6",
        "SentimentPolarity": "1"
      },
      {
        "Aspect": "조작성",
        "SentimentText": " 리모컨 작동법도 간단하고 좋으네요~~",
        "SentimentWord": "4",
        "SentimentPolarity": "1"
      }
    ]
  },
  {
    "Index": "19221",
    "RawText": "OOO 기사님이 오셔서 친절한 설명과 함께 잘 설치해주셨습니다^^ 디자인도 이뿌고요~ 흰색이라 깔끔한게 최고입니다ㅎㅎ 배송도 주말 포함 4일만에 받아서 엄청엄청 마음에들어요",
    "Source": "쇼핑몰",
    "Domain": "가전",
    "MainCategory": "생활/미용/욕실가전",
    "ProductName": "그랑데 삼성전자 AI DV90T5740BW 본체",
    "ReviewScore": "5",
    "Syllable": "96",
    "Word": "20",
    "RDate": "20220705",
    "Aspects": [
      {
        "Aspect": "디자인",
        "SentimentText": " 디자인도 이뿌고요~ ",
        "SentimentWord": "2",
        "SentimentPolarity": "1"
      },
      {
        "Aspect": "색상",
        "SentimentText": "흰색이라 깔끔한게 최고입니다ㅎㅎ",
        "SentimentWord": "3",
        "SentimentPolarity": "1"
      }
    ]
  },
  {
    "Index": "19222",
    "RawText": "컬러가 화이트라 정말 깨끗하고 밝은 느낌이라 만족^^ 용량도 넉넉하니 옷이 많이 들어가서 최고입니다^^",
    "Source": "쇼핑몰",
    "Domain": "가전",
    "MainCategory": "생활/미용/욕실가전",
    "ProductName": "그랑데 삼성전자 AI DV90T5740BW 본체",
    "ReviewScore": "3",
    "Syllable": "57",
    "Word": "13",
    "RDate": "20210616",
    "Aspects": [
      {
        "Aspect": "색상",
        "SentimentText": "컬러가 화이트라 정말 깨끗하고 밝은 느낌이라 만족^^",
        "SentimentWord": "7",
        "SentimentPolarity": "1"
      },
      {
        "Aspect": "용량",
        "SentimentText": "용량도 넉넉하니 옷이 많이 들어가서 최고입니다^^",
        "SentimentWord": "6",
        "SentimentPolarity": "1"
      }
    ]
  },
  {
    "Index": "19223",
    "RawText": "생각했던 것보다 크기가 작아서 정말 다행이었어요~ 소리는 크지도 작지도 않아서 거슬리지 않네요.  방 안에 설치했는데 진동같은 소음이 살짝 있어서 밑에 집에 피해를 줄까 걱정이 살짝 듭니다.",
    "Source": "쇼핑몰",
    "Domain": "가전",
    "MainCategory": "생활/미용/욕실가전",
    "ProductName": "그랑데 삼성전자 AI DV90T5740BW 본체",
    "ReviewScore": "5",
    "Syllable": "106",
    "Word": "26",
    "RDate": "20220114",
    "GeneralPolarity": "0",
    "Aspects": [
      {
        "Aspect": "사이즈",
        "SentimentText": "생각했던 것보다 크기가 작아서 정말 다행이었어요~",
        "SentimentWord": "6",
        "SentimentPolarity": "1"
      },
      {
        "Aspect": "소음",
        "SentimentText": "소리는 크지도 작지도 않아서 거슬리지 않네요. ",
        "SentimentWord": "6",
        "SentimentPolarity": "0"
      },
      {
        "Aspect": "소음",
        "SentimentText": " 방 안에 설치했는데 진동같은 소음이 살짝 있어서 밑에 집에 피해를 줄까 걱정이 살짝 듭니다. ",
        "SentimentWord": "14",
        "SentimentPolarity": "0"
      }
    ]
  },
  {
    "Index": "19224",
    "RawText": "디자인은 이뻐서 만족입니다~^^ 소음도 작아서 정말 굿!!이에요",
    "Source": "쇼핑몰",
    "Domain": "가전",
    "MainCategory": "생활/미용/욕실가전",
    "ProductName": "그랑데 삼성전자 AI DV90T5740BW 본체",
    "ReviewScore": "4",
    "Syllable": "35",
    "Word": "7",
    "RDate": "20210622",
    "Aspects": [
      {
        "Aspect": "디자인",
        "SentimentText": "디자인은 이뻐서 만족입니다~^^",
        "SentimentWord": "3",
        "SentimentPolarity": "1"
      },
      {
        "Aspect": "소음",
        "SentimentText": " 소음도 작아서 정말 굿!!이에요",
        "SentimentWord": "4",
        "SentimentPolarity": "1"
      }
    ]
  },
  {
    "Index": "19225",
    "RawText": "이벤트할인행사로 엄청 저렴히 구입했어요 ㅎ 사용전이지만 색상이 엄청 이쁘네요^^",
    "Source": "쇼핑몰",
    "Domain": "가전",
    "MainCategory": "생활/미용/욕실가전",
    "ProductName": "그랑데 삼성전자 AI DV90T5740BW 본체",
    "ReviewScore": "5",
    "Syllable": "44",
    "Word": "9",
    "RDate": "20211124",
    "Aspects": [
      {
        "Aspect": "가격",
        "SentimentText": "이벤트할인행사로 엄청 저렴히 구입했어요 ㅎ",
        "SentimentWord": "5",
        "SentimentPolarity": "1"
      },
      {
        "Aspect": "색상",
        "SentimentText": "사용전이지만 색상이 엄청 이쁘네요^^",
        "SentimentWord": "4",
        "SentimentPolarity": "1"
      }
    ]
  },
  {
    "Index": "19226",
    "RawText": "디자인도 너무 이뻐요~~가격도 착하게 좋은제품 사서 너무 좋았어요^^ ",
    "Source": "쇼핑몰",
    "Domain": "가전",
    "MainCategory": "생활/미용/욕실가전",
    "ProductName": "그랑데 삼성전자 AI DV90T5740BW 본체",
    "ReviewScore": "5",
    "Syllable": "39",
    "Word": "8",
    "RDate": "20220709",
    "GeneralPolarity": "1",
    "Aspects": [
      {
        "Aspect": "디자인",
        "SentimentText": "디자인도 너무 이뻐요~~",
        "SentimentWord": "3",
        "SentimentPolarity": "1"
      },
      {
        "Aspect": "가격",
        "SentimentText": "가격도 착하게 좋은제품 사서 너무 좋았어요^^",
        "SentimentWord": "6",
        "SentimentPolarity": "1"
      }
    ]
  },
  {
    "Index": "19227",
    "RawText": "열교환기 커버가 불량이라서 속상하네요:::::: 컬러도 화이트가 아니라 누런색이라 별로고요......",
    "Source": "쇼핑몰",
    "Domain": "가전",
    "MainCategory": "생활/미용/욕실가전",
    "ProductName": "그랑데 삼성전자 AI DV90T5740BW 본체",
    "ReviewScore": "4",
    "Syllable": "56",
    "Word": "9",
    "RDate": "20211017",
    "Aspects": [
      {
        "Aspect": "품질",
        "SentimentText": "열교환기 커버가 불량이라서 속상하네요:::::: ",
        "SentimentWord": "4",
        "SentimentPolarity": "-1"
      },
      {
        "Aspect": "색상",
        "SentimentText": "컬러도 화이트가 아니라 누런색이라 별로고요......",
        "SentimentWord": "5",
        "SentimentPolarity": "-1"
      }
    ]
  },
  {
    "Index": "19228",
    "RawText": "소음은 꽤있는편이긴하지만 베란다쪽에두고 문닫으니까 신경쓰일정도는 아니네요~오래 사용해도 기기에 열감도 올라오지 않아서 좋아요~",
    "Source": "쇼핑몰",
    "Domain": "가전",
    "MainCategory": "생활/미용/욕실가전",
    "ProductName": "그랑데 삼성전자 AI DV90T5740BW 본체",
    "ReviewScore": "5",
    "Syllable": "70",
    "Word": "12",
    "RDate": "20220316",
    "GeneralPolarity": "1",
    "Aspects": [
      {
        "Aspect": "소음",
        "SentimentText": "소음은 꽤있는편이긴하지만 베란다쪽에두고 문닫으니까 신경쓰일정도는 아니네요~",
        "SentimentWord": "6",
        "SentimentPolarity": "0"
      },
      {
        "Aspect": "내구성",
        "SentimentText": "오래 사용해도 기기에 열감도 올라오지 않아서 좋아요~",
        "SentimentWord": "7",
        "SentimentPolarity": "1"
      }
    ]
  },
  {
    "Index": "19229",
    "RawText": "9kg구매했는데 몇일 써보니 사이즈가 너무 적당해서 만족스러워요^^그리고 사이즈에 비해 용량도 넉넉해서 옷이 많이 들어가네요~",
    "Source": "쇼핑몰",
    "Domain": "가전",
    "MainCategory": "생활/미용/욕실가전",
    "ProductName": "그랑데 삼성전자 AI DV90T5740BW 본체",
    "ReviewScore": "4",
    "Syllable": "70",
    "Word": "14",
    "RDate": "20220502",
    "GeneralPolarity": "1",
    "Aspects": [
      {
        "Aspect": "사이즈",
        "SentimentText": "9kg구매했는데 몇일 써보니 사이즈가 너무 적당해서 만족스러워요^^",
        "SentimentWord": "7",
        "SentimentPolarity": "1"
      },
      {
        "Aspect": "용량",
        "SentimentText": "그리고 사이즈에 비해 용량도 넉넉해서 옷이 많이 들어가네요~",
        "SentimentWord": "8",
        "SentimentPolarity": "1"
      }
    ]
  },
  {
    "Index": "19230",
    "RawText": "건조기 소음은 꽤 있는편이네요~ 배란다 없는 집은 시끄러울 수 있다고 생각합니다..그래도 색상은 깔끔해서 좋아요~",
    "Source": "쇼핑몰",
    "Domain": "가전",
    "MainCategory": "생활/미용/욕실가전",
    "ProductName": "그랑데 삼성전자 AI DV90T5740BW 본체",
    "ReviewScore": "5",
    "Syllable": "63",
    "Word": "14",
    "RDate": "20210409",
    "GeneralPolarity": "0",
    "Aspects": [
      {
        "Aspect": "소음",
        "SentimentText": "건조기 소음은 꽤 있는편이네요~ 배란다 없는 집은 시끄러울 수 있다고 생각합니다..",
        "SentimentWord": "11",
        "SentimentPolarity": "-1"
      },
      {
        "Aspect": "색상",
        "SentimentText": "그래도 색상은 깔끔해서 좋아요~",
        "SentimentWord": "4",
        "SentimentPolarity": "1"
      }
    ]
  },
  {
    "Index": "19231",
    "RawText": "용량이 부족해보여 걱정했는데 충분해서 너무 좋았습니다~! 에너지등급도 좋아 걱정없이 써도되고 만족이네요~",
    "Source": "쇼핑몰",
    "Domain": "가전",
    "MainCategory": "생활/미용/욕실가전",
    "ProductName": "그랑데 삼성전자 AI DV90T5740BW 본체",
    "ReviewScore": "5",
    "Syllable": "58",
    "Word": "11",
    "RDate": "20220719",
    "Aspects": [
      {
        "Aspect": "용량",
        "SentimentText": "용량이 부족해보여 걱정했는데 충분해서 너무 좋았습니다~!",
        "SentimentWord": "6",
        "SentimentPolarity": "1"
      },
      {
        "Aspect": "소비전력",
        "SentimentText": "에너지등급도 좋아 걱정없이 써도되고 만족이네요~",
        "SentimentWord": "5",
        "SentimentPolarity": "1"
      }
    ]
  },
  {
    "Index": "19232",
    "RawText": "운반과 설치 마무리 모두 기사님이 친절히 응대해주시고 협조해주셔서 정말 감사드렸어요~~ㅎㅎ 실내에 설치했더니 소음이 귀에 거슬리네요..그리고 열감도 있는편이라 여름철엔 좀 걱정되고요^^..배송은 3일만에 와서 만족스러웠습니다~~",
    "Source": "쇼핑몰",
    "Domain": "가전",
    "MainCategory": "생활/미용/욕실가전",
    "ProductName": "그랑데 삼성전자 AI DV90T5740BW 본체",
    "ReviewScore": "4",
    "Syllable": "127",
    "Word": "23",
    "RDate": "20220125",
    "Aspects": [
      {
        "Aspect": "소음",
        "SentimentText": "실내에 설치했더니 소음이 귀에 거슬리네요..",
        "SentimentWord": "5",
        "SentimentPolarity": "-1"
      },
      {
        "Aspect": "내구성",
        "SentimentText": "그리고 열감도 있는편이라 여름철엔 좀 걱정되고요^^..",
        "SentimentWord": "6",
        "SentimentPolarity": "-1"
      }
    ]
  },
  {
    "Index": "19233",
    "RawText": "소음은 냉장고보다 살짝 큰 정도로 세탁기 보다는 조용합니다 이불 먼지 털기 기능 유용해요! 생각보다 먼지가 엄청 나오진 않지만 그렇다고 안나오는 것도 아니네요 그리고 실내에서 작동시키면 열감 때문에 온도가 올라가서 조금 답답함을 느꼈어요 그래도 외출시에 돌려두니까 크게 불편하지 않았습니다",
    "Source": "쇼핑몰",
    "Domain": "가전",
    "MainCategory": "생활/미용/욕실가전",
    "ProductName": "그랑데 삼성전자 AI DV90T5740BW 본체",
    "ReviewScore": "5",
    "Syllable": "161",
    "Word": "38",
    "RDate": "20210618",
    "GeneralPolarity": "0",
    "Aspects": [
      {
        "Aspect": "소음",
        "SentimentText": "소음은 냉장고보다 살짝 큰 정도로 세탁기 보다는 조용합니다 ",
        "SentimentWord": "8",
        "SentimentPolarity": "0"
      },
      {
        "Aspect": "기능",
        "SentimentText": "이불 먼지 털기 기능 유용해요! ",
        "SentimentWord": "5",
        "SentimentPolarity": "1"
      },
      {
        "Aspect": "기능",
        "SentimentText": "생각보다 먼지가 엄청 나오진 않지만 그렇다고 안나오는 것도 아니네요",
        "SentimentWord": "9",
        "SentimentPolarity": "0"
      },
      {
        "Aspect": "내구성",
        "SentimentText": "그리고 실내에서 작동시키면 열감 때문에 온도가 올라가서 조금 답답함을 느꼈어요 그래도 외출시에 돌려두니까 크게 불편하지 않았습니다",
        "SentimentWord": "16",
        "SentimentPolarity": "0"
      }
    ]
  },
  {
    "Index": "19234",
    "RawText": "적당한크기도 맘에 들고요, 기능이 많아 좋습니다~건조기 첫사용임에도 불구하고 사용법이 크게 어렵지 않아서 좋아요^^ 특히 배송이 빨라서 너무만족스럽네요!",
    "Source": "쇼핑몰",
    "Domain": "가전",
    "MainCategory": "생활/미용/욕실가전",
    "ProductName": "그랑데 삼성전자 AI DV90T5740BW 본체",
    "ReviewScore": "5",
    "Syllable": "85",
    "Word": "17",
    "RDate": "20210628",
    "Aspects": [
      {
        "Aspect": "사이즈",
        "SentimentText": "적당한크기도 맘에 들고요, ",
        "SentimentWord": "3",
        "SentimentPolarity": "1"
      },
      {
        "Aspect": "기능",
        "SentimentText": "기능이 많아 좋습니다~",
        "SentimentWord": "3",
        "SentimentPolarity": "1"
      },
      {
        "Aspect": "조작성",
        "SentimentText": "건조기 첫사용임에도 불구하고 사용법이 크게 어렵지 않아서 좋아요^^ ",
        "SentimentWord": "8",
        "SentimentPolarity": "1"
      }
    ]
  },
  {
    "Index": "19235",
    "RawText": "사이즈가 딱 자리에 잘 들어가서 좋아요~ 심플하고 고급스런 디자인도 좋아요^^",
    "Source": "쇼핑몰",
    "Domain": "가전",
    "MainCategory": "생활/미용/욕실가전",
    "ProductName": "그랑데 삼성전자 AI DV90T5740BW 본체",
    "ReviewScore": "5",
    "Syllable": "43",
    "Word": "10",
    "RDate": "20210601",
    "Aspects": [
      {
        "Aspect": "사이즈",
        "SentimentText": "사이즈가 딱 자리에 잘 들어가서 좋아요~",
        "SentimentWord": "6",
        "SentimentPolarity": "1"
      },
      {
        "Aspect": "디자인",
        "SentimentText": "심플하고 고급스런 디자인도 좋아요^^",
        "SentimentWord": "4",
        "SentimentPolarity": "1"
      }
    ]
  },
  {
    "Index": "19236",
    "RawText": "적당한 크기에 소음도 크지 않아서 만족스러워요ㅎㅎ 이불을 바로 건조, 살균하면서 먼지까지 해결할수 있다는 점이 너무 좋습니다~ 특히 먼지만 해결되는 기능이 맘에 드네요~~",
    "Source": "쇼핑몰",
    "Domain": "가전",
    "MainCategory": "생활/미용/욕실가전",
    "ProductName": "그랑데 삼성전자 AI DV90T5740BW 본체",
    "ReviewScore": "5",
    "Syllable": "95",
    "Word": "22",
    "RDate": "20220312",
    "GeneralPolarity": "1",
    "Aspects": [
      {
        "Aspect": "사이즈",
        "SentimentText": "적당한 크기에 소음도 크지 않아서 만족스러워요ㅎㅎ",
        "SentimentWord": "6",
        "SentimentPolarity": "1"
      },
      {
        "Aspect": "소음",
        "SentimentText": "소음도 크지 않아서 만족스러워요ㅎㅎ",
        "SentimentWord": "4",
        "SentimentPolarity": "1"
      },
      {
        "Aspect": "기능",
        "SentimentText": "이불을 바로 건조, 살균하면서 먼지까지 해결할수 있다는 점이 너무 좋습니다~ ",
        "SentimentWord": "10",
        "SentimentPolarity": "1"
      },
      {
        "Aspect": "기능",
        "SentimentText": "특히 먼지만 해결되는 기능이 맘에 드네요~~",
        "SentimentWord": "6",
        "SentimentPolarity": "1"
      }
    ]
  },
  {
    "Index": "19237",
    "RawText": "옷감에 묻은 먼지가 이렇게 많이있었나하고 놀랍니다~성능 짱! 사용해보니까 역시 OO건조기답네요!",
    "Source": "쇼핑몰",
    "Domain": "가전",
    "MainCategory": "생활/미용/욕실가전",
    "ProductName": "그랑데 삼성전자 AI DV90T5740BW 본체",
    "ReviewScore": "5",
    "Syllable": "53",
    "Word": "10",
    "RDate": "20210811",
    "Aspects": [
      {
        "Aspect": "기능",
        "SentimentText": "옷감에 묻은 먼지가 이렇게 많이있었나하고 놀랍니다~성능 짱!",
        "SentimentWord": "7",
        "SentimentPolarity": "1"
      },
      {
        "Aspect": "제조일/제조사",
        "SentimentText": "사용해보니까 역시 OO건조기답네요!",
        "SentimentWord": "3",
        "SentimentPolarity": "1"
      }
    ]
  },
  {
    "Index": "19238",
    "RawText": "초기 모델 사용하다가 이번에 최신 기종으로 바꿨는데 만족스러워요! 건조도 잘 됩니다~ 무게를 감지해서 알맞게 건조해주는 기능이 있어 너무 편리하네요^^",
    "Source": "쇼핑몰",
    "Domain": "가전",
    "MainCategory": "생활/미용/욕실가전",
    "ProductName": "그랑데 삼성전자 AI DV90T5740BW 본체",
    "ReviewScore": "5",
    "Syllable": "84",
    "Word": "19",
    "RDate": "20220801",
    "GeneralPolarity": "1",
    "Aspects": [
      {
        "Aspect": "제조일/제조사",
        "SentimentText": "초기 모델 사용하다가 이번에 최신 기종으로 바꿨는데 만족스러워요!",
        "SentimentWord": "8",
        "SentimentPolarity": "1"
      },
      {
        "Aspect": "기능",
        "SentimentText": "건조도 잘 됩니다~",
        "SentimentWord": "3",
        "SentimentPolarity": "1"
      },
      {
        "Aspect": "기능",
        "SentimentText": "무게를 감지해서 알맞게 건조해주는 기능이 있어 너무 편리하네요^^",
        "SentimentWord": "8",
        "SentimentPolarity": "1"
      }
    ]
  },
  {
    "Index": "19239",
    "RawText": "세탁물을 뽀송하게 건조 시키면서 동시에 먼지까지 흡수하는 기능이 너무 만족스러워요^^ 소음이 조금 있지만 큰 불편함은 없었고요~ 디자인도 예뻐서 좋네요!",
    "Source": "쇼핑몰",
    "Domain": "가전",
    "MainCategory": "생활/미용/욕실가전",
    "ProductName": "그랑데 삼성전자 AI DV90T5740BW 본체",
    "ReviewScore": "5",
    "Syllable": "85",
    "Word": "19",
    "RDate": "20220711",
    "Aspects": [
      {
        "Aspect": "기능",
        "SentimentText": "세탁물을 뽀송하게 건조 시키면서 동시에 먼지까지 흡수하는 기능이 너무 만족스러워요^^",
        "SentimentWord": "10",
        "SentimentPolarity": "1"
      },
      {
        "Aspect": "소음",
        "SentimentText": "소음이 조금 있지만 큰 불편함은 없었고요~",
        "SentimentWord": "6",
        "SentimentPolarity": "0"
      },
      {
        "Aspect": "디자인",
        "SentimentText": "디자인도 예뻐서 좋네요!",
        "SentimentWord": "3",
        "SentimentPolarity": "1"
      }
    ]
  },
  {
    "Index": "19241",
    "RawText": "AI건조 기능으로 첫 가동을 했더니 정말 신세계네요!!  다만 열감이 조금 있는게 아쉽네요..",
    "Source": "쇼핑몰",
    "Domain": "가전",
    "MainCategory": "생활/미용/욕실가전",
    "ProductName": "그랑데 삼성전자 DV17T8520BP 본체",
    "ReviewScore": "5",
    "Syllable": "52",
    "Word": "12",
    "RDate": "20211224",
    "Aspects": [
      {
        "Aspect": "기능",
        "SentimentText": "AI건조 기능으로 첫 가동을 했더니 정말 신세계네요!! ",
        "SentimentWord": "7",
        "SentimentPolarity": "1"
      },
      {
        "Aspect": "내구성",
        "SentimentText": "다만 열감이 조금 있는게 아쉽네요..",
        "SentimentWord": "5",
        "SentimentPolarity": "-1"
      }
    ]
  },
  {
    "Index": "19242",
    "RawText": "OO 세일로 착한 가격에 구입해서 좋네요~ 세련된 색상이라 인테리어적으로도 너무 만족스럽고요^^ ",
    "Source": "쇼핑몰",
    "Domain": "가전",
    "MainCategory": "생활/미용/욕실가전",
    "ProductName": "그랑데 삼성전자 DV17T8520BP 본체",
    "ReviewScore": "5",
    "Syllable": "54",
    "Word": "11",
    "RDate": "20211115",
    "GeneralPolarity": "1",
    "Aspects": [
      {
        "Aspect": "가격",
        "SentimentText": "OO 세일로 착한 가격에 구입해서 좋네요~",
        "SentimentWord": "6",
        "SentimentPolarity": "1"
      },
      {
        "Aspect": "색상",
        "SentimentText": "세련된 색상이라 인테리어적으로도 너무 만족스럽고요^^",
        "SentimentWord": "5",
        "SentimentPolarity": "1"
      }
    ]
  },
  {
    "Index": "19243",
    "RawText": "작동 소리 크지 않아 좋아요~~  용량이 넉넉해서 한 번에 많은 양의 빨래를 처리할 수 있어서 최고입니다^^",
    "Source": "쇼핑몰",
    "Domain": "가전",
    "MainCategory": "생활/미용/욕실가전",
    "ProductName": "그랑데 삼성전자 DV17T8520BP 본체",
    "ReviewScore": "5",
    "Syllable": "60",
    "Word": "16",
    "RDate": "20211121",
    "Aspects": [
      {
        "Aspect": "소음",
        "SentimentText": "작동 소리 크지 않아 좋아요~~",
        "SentimentWord": "5",
        "SentimentPolarity": "1"
      },
      {
        "Aspect": "용량",
        "SentimentText": "용량이 넉넉해서 한 번에 많은 양의 빨래를 처리할 수 있어서 최고입니다^^",
        "SentimentWord": "11",
        "SentimentPolarity": "1"
      }
    ]
  },
  {
    "Index": "19244",
    "RawText": "색상 너무 이쁘고 깨끗하네요!!  그리고 용량이 넉넉해서 많은 빨래를 한꺼번에 처리할 수 있다는 점은 최고네요^^",
    "Source": "쇼핑몰",
    "Domain": "가전",
    "MainCategory": "생활/미용/욕실가전",
    "ProductName": "그랑데 삼성전자 DV17T8520BP 본체",
    "ReviewScore": "5",
    "Syllable": "63",
    "Word": "15",
    "RDate": "20211130",
    "Aspects": [
      {
        "Aspect": "색상",
        "SentimentText": "색상 너무 이쁘고 깨끗하네요!!  ",
        "SentimentWord": "4",
        "SentimentPolarity": "1"
      },
      {
        "Aspect": "용량",
        "SentimentText": "그리고 용량이 넉넉해서 많은 빨래를 한꺼번에 처리할 수 있다는 점은 최고네요^^",
        "SentimentWord": "11",
        "SentimentPolarity": "1"
      }
    ]
  },
  {
    "Index": "19247",
    "RawText": "건조기에 넣고 ai기능 선택했더니 2시간 걸리는데 이 정도면 효율적인 것 같아요~ 무엇보다 색상이 감각적이라아주 맘에 드네요 ㅎㅎ ",
    "Source": "쇼핑몰",
    "Domain": "가전",
    "MainCategory": "생활/미용/욕실가전",
    "ProductName": "그랑데 삼성전자 DV17T8520BP 본체",
    "ReviewScore": "5",
    "Syllable": "73",
    "Word": "17",
    "RDate": "20220523",
    "GeneralPolarity": "1",
    "Aspects": [
      {
        "Aspect": "시간/속도",
        "SentimentText": "건조기에 넣고 ai기능 선택했더니 2시간 걸리는데 이 정도면 효율적인 것 같아요~",
        "SentimentWord": "11",
        "SentimentPolarity": "1"
      },
      {
        "Aspect": "색상",
        "SentimentText": "무엇보다 색상이 감각적이라아주 맘에 드네요 ㅎㅎ",
        "SentimentWord": "6",
        "SentimentPolarity": "1"
      }
    ]
  },
  {
    "Index": "19249",
    "RawText": "17kg라서 이불 두개도 빨 수 있을 정도의 큰 용량이라 만족스러웠습니다! 사용해보니 수건 촉감도 좋았고, 이불 빨래도 세탁소에 맡겼던 것처럼 좋은 향기도 나네요~~^^",
    "Source": "쇼핑몰",
    "Domain": "가전",
    "MainCategory": "생활/미용/욕실가전",
    "ProductName": "그랑데 삼성전자 DV17T8520BP 본체",
    "ReviewScore": "5",
    "Syllable": "94",
    "Word": "22",
    "RDate": "20220211",
    "GeneralPolarity": "1",
    "Aspects": [
      {
        "Aspect": "용량",
        "SentimentText": "17kg라서 이불 두개도 빨 수 있을 정도의 큰 용량이라 만족스러웠습니다! ",
        "SentimentWord": "10",
        "SentimentPolarity": "1"
      },
      {
        "Aspect": "기능",
        "SentimentText": "사용해보니 수건 촉감도 좋았고, 이불 빨래도 세탁소에 맡겼던 것처럼 좋은 향기도 나네요~~^^",
        "SentimentWord": "12",
        "SentimentPolarity": "1"
      }
    ]
  },
  {
    "Index": "19250",
    "RawText": "짧은 시간 내에 이 정도나 건조시킬 수 있다니 너무 만족스럽네요~ 하지만 발열감은 약간 아쉬워요 ㅠ",
    "Source": "쇼핑몰",
    "Domain": "가전",
    "MainCategory": "생활/미용/욕실가전",
    "ProductName": "그랑데 삼성전자 DV17T8520BP 본체",
    "ReviewScore": "5",
    "Syllable": "55",
    "Word": "15",
    "RDate": "20220620",
    "GeneralPolarity": "0",
    "Aspects": [
      {
        "Aspect": "시간/속도",
        "SentimentText": "짧은 시간 내에 이 정도나 건조시킬 수 있다니 너무 만족스럽네요~",
        "SentimentWord": "10",
        "SentimentPolarity": "1"
      },
      {
        "Aspect": "내구성",
        "SentimentText": "하지만 발열감은 약간 아쉬워요 ㅠ",
        "SentimentWord": "5",
        "SentimentPolarity": "-1"
      }
    ]
  },
  {
    "Index": "19251",
    "RawText": "에너지효율 1등급이라 만족!!  수건 돌려봤는데 짧은 시간 내에 뽀송해져서 너무 좋아요^^",
    "Source": "쇼핑몰",
    "Domain": "가전",
    "MainCategory": "생활/미용/욕실가전",
    "ProductName": "그랑데 삼성전자 DV17T8520BP 본체",
    "ReviewScore": "5",
    "Syllable": "50",
    "Word": "11",
    "RDate": "20220809",
    "Aspects": [
      {
        "Aspect": "소비전력",
        "SentimentText": "에너지효율 1등급이라 만족!! ",
        "SentimentWord": "3",
        "SentimentPolarity": "1"
      },
      {
        "Aspect": "시간/속도",
        "SentimentText": "수건 돌려봤는데 짧은 시간 내에 뽀송해져서 너무 좋아요^^",
        "SentimentWord": "8",
        "SentimentPolarity": "1"
      }
    ]
  },
  {
    "Index": "19252",
    "RawText": "세탁기 평형에 맞춰주신 덕인지 소음이 더 적어진 듯 합니다~ 먼지없이 뽀송해진 이불과 옷을 보니 만족스럽네요~AI모드로 건조했는데 면티가 좀 많이 줄어들어서 그 점은 아쉬웠어요ㅠ",
    "Source": "쇼핑몰",
    "Domain": "가전",
    "MainCategory": "생활/미용/욕실가전",
    "ProductName": "그랑데 삼성전자 DV17T8520BP 본체",
    "ReviewScore": "5",
    "Syllable": "99",
    "Word": "23",
    "RDate": "20220216",
    "GeneralPolarity": "0",
    "Aspects": [
      {
        "Aspect": "소음",
        "SentimentText": "세탁기 평형에 맞춰주신 덕인지 소음이 더 적어진 듯 합니다~",
        "SentimentWord": "9",
        "SentimentPolarity": "0"
      },
      {
        "Aspect": "기능",
        "SentimentText": "먼지없이 뽀송해진 이불과 옷을 보니 만족스럽네요~",
        "SentimentWord": "6",
        "SentimentPolarity": "1"
      },
      {
        "Aspect": "기능",
        "SentimentText": "AI모드로 건조했는데 면티가 좀 많이 줄어들어서 그 점은 아쉬웠어요ㅠ",
        "SentimentWord": "9",
        "SentimentPolarity": "-1"
      }
    ]
  },
  {
    "Index": "19253",
    "RawText": "방에 두고 쓰고 있는데도 소음이 별로 없어서 조용하네요~ 그 덕에 밤이나 새벽에도 쓸수 있습니다^^ 내부 청소도 1주일, 한달 주기로 쉽게 할 수 있어서 좋아요~",
    "Source": "쇼핑몰",
    "Domain": "가전",
    "MainCategory": "생활/미용/욕실가전",
    "ProductName": "그랑데 삼성전자 DV17T8520BP 본체",
    "ReviewScore": "5",
    "Syllable": "90",
    "Word": "24",
    "RDate": "20220323",
    "GeneralPolarity": "1",
    "Aspects": [
      {
        "Aspect": "소음",
        "SentimentText": "방에 두고 쓰고 있는데도 소음이 별로 없어서 조용하네요~ 그 덕에 밤이나 새벽에도 쓸수 있습니다^^",
        "SentimentWord": "14",
        "SentimentPolarity": "1"
      },
      {
        "Aspect": "편의성",
        "SentimentText": "내부 청소도 1주일, 한달 주기로 쉽게 할 수 있어서 좋아요~",
        "SentimentWord": "10",
        "SentimentPolarity": "1"
      }
    ]
  },
  {
    "Index": "19254",
    "RawText": "단점은 건조시간이 오래걸린다는것입니다ㅠ 양방향도어가 아닌 점이 좀 불편했고요, 온도조절은 안되고 시간조절만 가능한 점이 아쉽네요. 그래도 옷은 뽀송하게 말려지니 좋습니다~",
    "Source": "쇼핑몰",
    "Domain": "가전",
    "MainCategory": "생활/미용/욕실가전",
    "ProductName": "그랑데 삼성전자 DV17T8520BP 본체",
    "ReviewScore": "4",
    "Syllable": "95",
    "Word": "19",
    "RDate": "20211115",
    "Aspects": [
      {
        "Aspect": "시간/속도",
        "SentimentText": "단점은 건조시간이 오래걸린다는것입니다ㅠ",
        "SentimentWord": "3",
        "SentimentPolarity": "-1"
      },
      {
        "Aspect": "편의성",
        "SentimentText": "양방향도어가 아닌 점이 좀 불편했고요, ",
        "SentimentWord": "5",
        "SentimentPolarity": "-1"
      },
      {
        "Aspect": "조작성",
        "SentimentText": "온도조절은 안되고 시간조절만 가능한 점이 아쉽네요.",
        "SentimentWord": "6",
        "SentimentPolarity": "-1"
      },
      {
        "Aspect": "기능",
        "SentimentText": "그래도 옷은 뽀송하게 말려지니 좋습니다~",
        "SentimentWord": "5",
        "SentimentPolarity": "1"
      }
    ]
  },
  {
    "Index": "19255",
    "RawText": "에너지 1등급이라니 너무 좋습니다~용량도 커서 이불빨레도 거뜬하네요^^",
    "Source": "쇼핑몰",
    "Domain": "가전",
    "MainCategory": "생활/미용/욕실가전",
    "ProductName": "그랑데 삼성전자 DV17T8520BP 본체",
    "ReviewScore": "5",
    "Syllable": "39",
    "Word": "7",
    "RDate": "20220628",
    "Aspects": [
      {
        "Aspect": "소비전력",
        "SentimentText": "에너지 1등급이라니 너무 좋습니다~",
        "SentimentWord": "4",
        "SentimentPolarity": "1"
      },
      {
        "Aspect": "용량",
        "SentimentText": "용량도 커서 이불빨레도 거뜬하네요^^",
        "SentimentWord": "4",
        "SentimentPolarity": "1"
      }
    ]
  },
  {
    "Index": "19256",
    "RawText": "생각보다 사이즈가 크네요 ㅠ 하지만 제품 에너지효율도 좋았고요~ 설치 기사님들도 친절하셔서 만족스러웠습니다~",
    "Source": "쇼핑몰",
    "Domain": "가전",
    "MainCategory": "생활/미용/욕실가전",
    "ProductName": "그랑데 삼성전자 DV17T8520BP 본체",
    "ReviewScore": "5",
    "Syllable": "60",
    "Word": "12",
    "RDate": "20220809",
    "Aspects": [
      {
        "Aspect": "사이즈",
        "SentimentText": "생각보다 사이즈가 크네요 ㅠ ",
        "SentimentWord": "4",
        "SentimentPolarity": "-1"
      },
      {
        "Aspect": "소비전력",
        "SentimentText": "하지만 제품 에너지효율도 좋았고요~ ",
        "SentimentWord": "4",
        "SentimentPolarity": "1"
      }
    ]
  },
  {
    "Index": "19257",
    "RawText": "할인하길래 바꿨는데 색상 너무 예뻐요^^배송기사님도 엄청 친절하셨고요~ 용량이 큰 것도 좋네요! 작동 시간도 적당하고요 잘 건조되서 최고입니다!",
    "Source": "쇼핑몰",
    "Domain": "가전",
    "MainCategory": "생활/미용/욕실가전",
    "ProductName": "그랑데 삼성전자 DV17T8520BP 본체",
    "ReviewScore": "5",
    "Syllable": "80",
    "Word": "17",
    "RDate": "20220705",
    "Aspects": [
      {
        "Aspect": "색상",
        "SentimentText": "색상 너무 예뻐요^^",
        "SentimentWord": "3",
        "SentimentPolarity": "1"
      },
      {
        "Aspect": "용량",
        "SentimentText": "용량이 큰 것도 좋네요! ",
        "SentimentWord": "4",
        "SentimentPolarity": "1"
      },
      {
        "Aspect": "시간/속도",
        "SentimentText": "작동 시간도 적당하고요 ",
        "SentimentWord": "3",
        "SentimentPolarity": "1"
      },
      {
        "Aspect": "기능",
        "SentimentText": "잘 건조되서 최고입니다!",
        "SentimentWord": "3",
        "SentimentPolarity": "1"
      }
    ]
  },
  {
    "Index": "19259",
    "RawText": "9kg타사 건조기를 몇년 쓰다가 17kg으로 써보니 건조시간이 두배 짧아졌어요. 소음도 제 생각보다 적고 가성비 있게 저렴하게 잘 산 것 같아요.",
    "Source": "쇼핑몰",
    "Domain": "가전",
    "MainCategory": "생활/미용/욕실가전",
    "ProductName": "그랑데 삼성전자 DV17T8520BP 본체",
    "ReviewScore": "5",
    "Syllable": "81",
    "Word": "20",
    "RDate": "20211113",
    "GeneralPolarity": "1",
    "Aspects": [
      {
        "Aspect": "시간/속도",
        "SentimentText": "건조시간이 두배 짧아졌어요",
        "SentimentWord": "3",
        "SentimentPolarity": "1"
      },
      {
        "Aspect": "소음",
        "SentimentText": "소음도 제 생각보다 적고",
        "SentimentWord": "4",
        "SentimentPolarity": "1"
      },
      {
        "Aspect": "가격",
        "SentimentText": "가성비 있게 저렴하게 잘 산 것 같아요. ",
        "SentimentWord": "7",
        "SentimentPolarity": "1"
      }
    ]
  },
  {
    "Index": "19260",
    "RawText": "AI기능으로 돌렸는데도  뽀송! 뽀송! 마르지 않아서 건조4에 맞추고 돌리니 완전히 건조되네요 무엇보다 용량이 커서 좋아요",
    "Source": "쇼핑몰",
    "Domain": "가전",
    "MainCategory": "생활/미용/욕실가전",
    "ProductName": "그랑데 삼성전자 DV17T8520BP 본체",
    "ReviewScore": "4",
    "Syllable": "68",
    "Word": "15",
    "RDate": "20220112",
    "GeneralPolarity": "1",
    "Aspects": [
      {
        "Aspect": "기능",
        "SentimentText": "AI기능으로 돌렸는데도 뽀송!뽀송! 마르지 않아서 ",
        "SentimentWord": "5",
        "SentimentPolarity": "-1"
      },
      {
        "Aspect": "기능",
        "SentimentText": "건조4에 맞추고 돌리니 완전히 건조되네요 ",
        "SentimentWord": "5",
        "SentimentPolarity": "1"
      },
      {
        "Aspect": "용량",
        "SentimentText": "용량이 커서 좋아요",
        "SentimentWord": "3",
        "SentimentPolarity": "1"
      }
    ]
  },
  {
    "Index": "19261",
    "RawText": "kg에 용량이 크고 가격도 저렴하고 생각보다 배송도 빠르고 좋네요 겨울에 건조대에 널지 않아도 되니 편리하고요 단지 순면제품은  줄어드는 기분이네요ㅜ",
    "Source": "쇼핑몰",
    "Domain": "가전",
    "MainCategory": "생활/미용/욕실가전",
    "ProductName": "그랑데 삼성전자 DV17T8520BP 본체",
    "ReviewScore": "3",
    "Syllable": "83",
    "Word": "19",
    "RDate": "20211128",
    "Aspects": [
      {
        "Aspect": "용량",
        "SentimentText": "kg에 용량이 크고",
        "SentimentWord": "3",
        "SentimentPolarity": "1"
      },
      {
        "Aspect": "가격",
        "SentimentText": "가격도 저렴하고",
        "SentimentWord": "2",
        "SentimentPolarity": "1"
      },
      {
        "Aspect": "편의성",
        "SentimentText": "겨울에 건조대에 널지 않아도 되니 편리하고요",
        "SentimentWord": "6",
        "SentimentPolarity": "1"
      },
      {
        "Aspect": "기능",
        "SentimentText": "단지 순면제품은  줄어드는 기분이네요ㅜ",
        "SentimentWord": "4",
        "SentimentPolarity": "-1"
      }
    ]
  }
]