[
  {
    "Index": "4615",
    "RawText": "구김이 싹~잘  다려지네요 스팀도 잘 나오고 약간 무겁기는 하네요 잘 쓸께요~사은품도 아주좋아요!",
    "Source": "SNS",
    "Domain": "가전",
    "MainCategory": "생활/미용/욕실가전",
    "ProductName": "(TV) 테팔 퀵스티머 스팀 미닛 DT7006_그레이+테팔 헤어드라이기+글라스락",
    "ReviewScore": "100",
    "Syllable": "54",
    "Word": "12",
    "RDate": "20190605",
    "GeneralPolarity": "1",
    "Aspects": [
      {
        "Aspect": "기능",
        "SentimentText": "구김이 싹~잘  다려지네요",
        "SentimentWord": "3",
        "SentimentPolarity": "1"
      },
      {
        "Aspect": "기능",
        "SentimentText": "스팀도 잘 나오고",
        "SentimentWord": "3",
        "SentimentPolarity": "1"
      },
      {
        "Aspect": "무게",
        "SentimentText": " 약간 무겁기는 하네요",
        "SentimentWord": "3",
        "SentimentPolarity": "-1"
      },
      {
        "Aspect": "제품구성",
        "SentimentText": "사은품도 아주좋아요!",
        "SentimentWord": "2",
        "SentimentPolarity": "1"
      }
    ]
  },
  {
    "Index": "4616",
    "RawText": "엄마가 하마 사달라고 하셔서 구매했눈데 쓰기 편하고 다림질도 잘된다고 좋다고 하시네요 무엇보다 다리미가 무겁지 않아 손목이 편해 좋다고 하시네요.",
    "Source": "SNS",
    "Domain": "가전",
    "MainCategory": "생활/미용/욕실가전",
    "ProductName": "(TV) 테팔 퀵스티머 스팀 미닛 DT7006_그레이+테팔 헤어드라이기+글라스락",
    "ReviewScore": "100",
    "Syllable": "81",
    "Word": "19",
    "RDate": "20190701",
    "GeneralPolarity": "1",
    "Aspects": [
      {
        "Aspect": "기능",
        "SentimentText": "엄마가 하마 사달라고 하셔서 구매했눈데 쓰기 편하고 다림질도 잘된다고 좋다고 하시네요",
        "SentimentWord": "11",
        "SentimentPolarity": "1"
      },
      {
        "Aspect": "무게",
        "SentimentText": "무엇보다 다리미가 무겁지 않아 손목이 편해 좋다고 하시네요.",
        "SentimentWord": "8",
        "SentimentPolarity": "1"
      }
    ]
  },
  {
    "Index": "4617",
    "RawText": "물번짐이 있어서 아쉽지만 다른 기능은 다 괜찮습니다. 얇은 니트 다림질에 최적화되어 있네요",
    "Source": "SNS",
    "Domain": "가전",
    "MainCategory": "생활/미용/욕실가전",
    "ProductName": "(TV_방송) 스팀큐 더블액션 다리미_1만원할인",
    "ReviewScore": "80",
    "Syllable": "50",
    "Word": "12",
    "RDate": "20170423",
    "GeneralPolarity": "1",
    "Aspects": [
      {
        "Aspect": "기능",
        "SentimentText": "물번짐이 있어서 아쉽지만 ",
        "SentimentWord": "3",
        "SentimentPolarity": "-1"
      },
      {
        "Aspect": "기능",
        "SentimentText": "다른 기능은 다 괜찮습니다.",
        "SentimentWord": "4",
        "SentimentPolarity": "1"
      }
    ]
  },
  {
    "Index": "4618",
    "RawText": "다리미 무게가 가벼워서 편리하긴한데 방송에서 본거처럼 스팀기능이 잘 다려지지 않아요 그저그래요 결코 싼 가격이 아닌데 가격대비 너무 좋지 않아요",
    "Source": "SNS",
    "Domain": "가전",
    "MainCategory": "생활/미용/욕실가전",
    "ProductName": "(TV_방송중) 아이스티머 스타일러 CSD-5000B",
    "ReviewScore": "40",
    "Syllable": "80",
    "Word": "19",
    "RDate": "20190420",
    "GeneralPolarity": "0",
    "Aspects": [
      {
        "Aspect": "무게",
        "SentimentText": "다리미 무게가 가벼워서 편리하긴한데",
        "SentimentWord": "4",
        "SentimentPolarity": "1"
      },
      {
        "Aspect": "기능",
        "SentimentText": " 방송에서 본거처럼 스팀기능이 잘 다려지지 않아요 그저그래요",
        "SentimentWord": "7",
        "SentimentPolarity": "0"
      },
      {
        "Aspect": "가격",
        "SentimentText": "결코 싼 가격이 아닌데 가격대비 너무 좋지 않아요",
        "SentimentWord": "8",
        "SentimentPolarity": "-1"
      }
    ]
  },
  {
    "Index": "4619",
    "RawText": "강력한 스팀다리미 정말좋습니다. 물품구성도 간편하여 여행시 사용최고..",
    "Source": "SNS",
    "Domain": "가전",
    "MainCategory": "생활/미용/욕실가전",
    "ProductName": "(TV_방송중) 아이스티머 스타일러 CSD-5000B",
    "ReviewScore": "100",
    "Syllable": "39",
    "Word": "7",
    "RDate": "20190705",
    "GeneralPolarity": "1",
    "Aspects": [
      {
        "Aspect": "기능",
        "SentimentText": "강력한 스팀다리미 정말좋습니다. ",
        "SentimentWord": "3",
        "SentimentPolarity": "1"
      },
      {
        "Aspect": "제품구성",
        "SentimentText": "물품구성도 간편하여 여행시 사용최고..",
        "SentimentWord": "4",
        "SentimentPolarity": "1"
      }
    ]
  },
  {
    "Index": "4620",
    "RawText": "고민고민하다구매했는데 이정도면 괜찮아요 스타일이너무멋져서맘에들고 크기가작아서보관하기도너무좋쿠요 물보관용기가작아서한벌용이지만 그만큼가볍기도해서 더 좋은 것 같아요  제일좋은건 스타일이예요         ",
    "Source": "SNS",
    "Domain": "가전",
    "MainCategory": "생활/미용/욕실가전",
    "ProductName": "(TV_방송중) 아이스티머 스타일러 CSD-5000B",
    "ReviewScore": "100",
    "Syllable": "112",
    "Word": "13",
    "RDate": "20190504",
    "GeneralPolarity": "1",
    "Aspects": [
      {
        "Aspect": "디자인",
        "SentimentText": "스타일이너무멋져서맘에들고",
        "SentimentWord": "1",
        "SentimentPolarity": "1"
      },
      {
        "Aspect": "사이즈",
        "SentimentText": "크기가작아서보관하기도너무좋쿠요",
        "SentimentWord": "1",
        "SentimentPolarity": "1"
      },
      {
        "Aspect": "무게",
        "SentimentText": "그만큼가볍기도해서 더 좋은 것 같아요",
        "SentimentWord": "5",
        "SentimentPolarity": "1"
      }
    ]
  },
  {
    "Index": "4621",
    "RawText": "기존 제품이 있었는데 스팀구멍이 너무 작아서 스팀이 잘 안됐는데 이 제품은 스팀구멍이 커서 훨씬 잘 펴져서 좋아요 다만 처음 받았을때 플라스틱같은 가루가 나와서 옷에 묻어서 불편했어요 처음에만 그래서 교환안하고 사용할려구요 좋습니다      ",
    "Source": "SNS",
    "Domain": "가전",
    "MainCategory": "생활/미용/욕실가전",
    "ProductName": "(TV_방송중) 아이스티머 스타일러 CSD-5000B",
    "ReviewScore": "100",
    "Syllable": "135",
    "Word": "31",
    "RDate": "20190425",
    "GeneralPolarity": "0",
    "Aspects": [
      {
        "Aspect": "기능",
        "SentimentText": "스팀구멍이 커서 훨씬 잘 펴져서 좋아요",
        "SentimentWord": "6",
        "SentimentPolarity": "1"
      },
      {
        "Aspect": "품질",
        "SentimentText": "다만 처음 받았을때 플라스틱같은 가루가 나와서 옷에 묻어서 불편했어요",
        "SentimentWord": "9",
        "SentimentPolarity": "-1"
      }
    ]
  },
  {
    "Index": "4622",
    "RawText": "다른 제품에  비해  스팀기능이 잘 다려지네요,~  한가지 아쉬운건 물 넣는곳이 너무 작아 문을 자주 넣어  줘야 한다는게 좀 아쉽긴 하네요 물통 용량이 조금 컸으면 더 좋았겠다 생각이 드네요 생각보다 번거로워요",
    "Source": "SNS",
    "Domain": "가전",
    "MainCategory": "생활/미용/욕실가전",
    "ProductName": "(TV_방송중) 아이스티머 스타일러 CSD-5000B",
    "ReviewScore": "100",
    "Syllable": "118",
    "Word": "30",
    "RDate": "20190416",
    "GeneralPolarity": "0",
    "Aspects": [
      {
        "Aspect": "기능",
        "SentimentText": "다른 제품에  비해  스팀기능이 잘 다려지네요,~",
        "SentimentWord": "6",
        "SentimentPolarity": "1"
      },
      {
        "Aspect": "편의성",
        "SentimentText": "한가지 아쉬운건 물 넣는곳이 너무 작아 문을 자주 넣어  줘야 한다는게 좀 아쉽긴 하네요",
        "SentimentWord": "14",
        "SentimentPolarity": "-1"
      },
      {
        "Aspect": "용량",
        "SentimentText": "물통 용량이 조금 컸으면 더 좋았겠다 생각이 드네요 생각보다 번거로워요",
        "SentimentWord": "10",
        "SentimentPolarity": "-1"
      }
    ]
  },
  {
    "Index": "4623",
    "RawText": "디자인, 성능 모두 만족입니다. 처음 써보는 방식이라 익숙해질때까지 연습하면 금방 쉽게 할 수 있겠어요",
    "Source": "SNS",
    "Domain": "가전",
    "MainCategory": "생활/미용/욕실가전",
    "ProductName": "(TV_방송중) 아이스티머 스타일러 CSD-5000B",
    "ReviewScore": "100",
    "Syllable": "57",
    "Word": "14",
    "RDate": "20190413",
    "GeneralPolarity": "1",
    "Aspects": [
      {
        "Aspect": "디자인",
        "SentimentText": "디자인, 성능 모두 만족입니다. ",
        "SentimentWord": "4",
        "SentimentPolarity": "1"
      },
      {
        "Aspect": "기능",
        "SentimentText": "성능 모두 만족입니다. ",
        "SentimentWord": "3",
        "SentimentPolarity": "1"
      }
    ]
  },
  {
    "Index": "4624",
    "RawText": "디자인도 세련되면서 이쁘고 사이즈도 사용하기에 딱 좋습니다",
    "Source": "SNS",
    "Domain": "가전",
    "MainCategory": "생활/미용/욕실가전",
    "ProductName": "(TV_방송중) 아이스티머 스타일러 CSD-5000B",
    "ReviewScore": "100",
    "Syllable": "32",
    "Word": "7",
    "RDate": "20190419",
    "GeneralPolarity": "1",
    "Aspects": [
      {
        "Aspect": "디자인",
        "SentimentText": "디자인도 세련되면서 이쁘고",
        "SentimentWord": "3",
        "SentimentPolarity": "1"
      },
      {
        "Aspect": "사이즈",
        "SentimentText": "사이즈도 사용하기에 딱 좋습니다",
        "SentimentWord": "4",
        "SentimentPolarity": "1"
      }
    ]
  },
  {
    "Index": "4625",
    "RawText": "디자인도 예쁘고 컬러도 예뻐서 아들이 좋다네요. 쓰고난 후 다시 후기 남길게요",
    "Source": "SNS",
    "Domain": "가전",
    "MainCategory": "생활/미용/욕실가전",
    "ProductName": "(TV_방송중) 아이스티머 스타일러 CSD-5000B",
    "ReviewScore": "100",
    "Syllable": "43",
    "Word": "11",
    "RDate": "20190321",
    "GeneralPolarity": "1",
    "Aspects": [
      {
        "Aspect": "디자인",
        "SentimentText": "디자인도 예쁘고",
        "SentimentWord": "2",
        "SentimentPolarity": "1"
      },
      {
        "Aspect": "색상",
        "SentimentText": "컬러도 예뻐서 아들이 좋다네요. ",
        "SentimentWord": "4",
        "SentimentPolarity": "1"
      }
    ]
  },
  {
    "Index": "4626",
    "RawText": "디자인도 핫하고 제품이 가벼워 사용하기 편리합니다. 수납하기도 좋아요~^^ ",
    "Source": "SNS",
    "Domain": "가전",
    "MainCategory": "생활/미용/욕실가전",
    "ProductName": "(TV_방송중) 아이스티머 스타일러 CSD-5000B",
    "ReviewScore": "80",
    "Syllable": "42",
    "Word": "8",
    "RDate": "20190506",
    "GeneralPolarity": "1",
    "Aspects": [
      {
        "Aspect": "디자인",
        "SentimentText": "디자인도 핫하고 제품이 가벼워 사용하기 편리합니다.",
        "SentimentWord": "6",
        "SentimentPolarity": "1"
      },
      {
        "Aspect": "무게",
        "SentimentText": "제품이 가벼워 사용하기 편리합니다.",
        "SentimentWord": "4",
        "SentimentPolarity": "1"
      },
      {
        "Aspect": "편의성",
        "SentimentText": "수납하기도 좋아요~^^",
        "SentimentWord": "2",
        "SentimentPolarity": "1"
      }
    ]
  },
  {
    "Index": "4627",
    "RawText": "매번 방송 놓치다 드디어 구매했네요 평소 핑크색 좋아하지만 블랙 색상 선택해서 구매했는데요, 색깔도 넘 예쁘고, 좋으네요 사은품으로 온 보풀제거기랑 받침대는 더할나위 없이 좋아요",
    "Source": "SNS",
    "Domain": "가전",
    "MainCategory": "생활/미용/욕실가전",
    "ProductName": "(TV_방송중) 아이스티머 스타일러 CSD-5000B",
    "ReviewScore": "100",
    "Syllable": "99",
    "Word": "23",
    "RDate": "20190404",
    "GeneralPolarity": "1",
    "Aspects": [
      {
        "Aspect": "색상",
        "SentimentText": "색깔도 넘 예쁘고, 좋으네요",
        "SentimentWord": "4",
        "SentimentPolarity": "1"
      },
      {
        "Aspect": "제품구성",
        "SentimentText": "사은품으로 온 보풀제거기랑 받침대는 더할나위 없이 좋아요",
        "SentimentWord": "7",
        "SentimentPolarity": "1"
      }
    ]
  },
  {
    "Index": "4628",
    "RawText": "무게감좀 있어 불편해요~그립감도 좋쿠~ 한번에 많이 다림질 하기엔 손목이 아플듯해요~ 사은품 보풀제거기두 깜찍하네요~",
    "Source": "SNS",
    "Domain": "가전",
    "MainCategory": "생활/미용/욕실가전",
    "ProductName": "(TV_방송중) 아이스티머 스타일러 CSD-5000B",
    "ReviewScore": "80",
    "Syllable": "65",
    "Word": "13",
    "RDate": "20190405",
    "GeneralPolarity": "1",
    "Aspects": [
      {
        "Aspect": "무게",
        "SentimentText": "무게감좀 있어 불편해요~",
        "SentimentWord": "3",
        "SentimentPolarity": "-1"
      },
      {
        "Aspect": "조작성",
        "SentimentText": "그립감도 좋쿠~",
        "SentimentWord": "2",
        "SentimentPolarity": "1"
      },
      {
        "Aspect": "제품구성",
        "SentimentText": "사은품 보풀제거기두 깜찍하네요~",
        "SentimentWord": "3",
        "SentimentPolarity": "1"
      }
    ]
  },
  {
    "Index": "4629",
    "RawText": "물건받아서 보니 디자인도 너무  이뿌고  성능도 좋고 간편하기까지   굿입니다",
    "Source": "SNS",
    "Domain": "가전",
    "MainCategory": "생활/미용/욕실가전",
    "ProductName": "(TV_방송중) 아이스티머 스타일러 CSD-5000B",
    "ReviewScore": "100",
    "Syllable": "43",
    "Word": "9",
    "RDate": "20190330",
    "Aspects": [
      {
        "Aspect": "디자인",
        "SentimentText": "디자인도 너무  이뿌고 ",
        "SentimentWord": "3",
        "SentimentPolarity": "1"
      },
      {
        "Aspect": "기능",
        "SentimentText": "성능도 좋고 간편하기까지   굿입니다",
        "SentimentWord": "4",
        "SentimentPolarity": "1"
      },
      {
        "Aspect": "편의성",
        "SentimentText": "간편하기까지   굿입니다",
        "SentimentWord": "2",
        "SentimentPolarity": "1"
      }
    ]
  },
  {
    "Index": "4630",
    "RawText": "받자마자 셔츠에 테스트 구김도 잘 펴지고 완전 가볍고 좋아요.같이 온 사은품 귀엽고 앙증맞은게 너무 귀엽네요.",
    "Source": "SNS",
    "Domain": "가전",
    "MainCategory": "생활/미용/욕실가전",
    "ProductName": "(TV_방송중) 아이스티머 스타일러 CSD-5000B",
    "ReviewScore": "100",
    "Syllable": "61",
    "Word": "15",
    "RDate": "20190327",
    "GeneralPolarity": "1",
    "Aspects": [
      {
        "Aspect": "기능",
        "SentimentText": "받자마자 셔츠에 테스트 구김도 잘 펴지고 완전 가볍고 좋아요.",
        "SentimentWord": "9",
        "SentimentPolarity": "1"
      },
      {
        "Aspect": "무게",
        "SentimentText": "완전 가볍고 좋아요.",
        "SentimentWord": "3",
        "SentimentPolarity": "1"
      },
      {
        "Aspect": "제품구성",
        "SentimentText": "같이 온 사은품 귀엽고 앙증맞은게 너무 귀엽네요.",
        "SentimentWord": "7",
        "SentimentPolarity": "1"
      }
    ]
  },
  {
    "Index": "4631",
    "RawText": "방송만큼 스팀다리미의 기능이 썩 뛰어나지는 않아요 물통이 작은만큼 무게는 가볍지만 물을 빨리 보충해야하네요",
    "Source": "SNS",
    "Domain": "가전",
    "MainCategory": "생활/미용/욕실가전",
    "ProductName": "(TV_방송중) 아이스티머 스타일러 CSD-5000B",
    "ReviewScore": "50",
    "Syllable": "59",
    "Word": "13",
    "RDate": "20191202",
    "GeneralPolarity": "-1",
    "Aspects": [
      {
        "Aspect": "기능",
        "SentimentText": "방송만큼 스팀다리미의 기능이 썩 뛰어나지는 않아요",
        "SentimentWord": "6",
        "SentimentPolarity": "-1"
      },
      {
        "Aspect": "용량",
        "SentimentText": "물통이 작은만큼 무게는 가볍지만 물을 빨리 보충해야하네요",
        "SentimentWord": "7",
        "SentimentPolarity": "-1"
      }
    ]
  },
  {
    "Index": "4632",
    "RawText": "방송상 쇼호스트의 설명 믿고 샀는데 주름도 잘 안펴지고 물한번 가득 채워넣으면 남방하나 다리면 물보충해야하는 번거러움 옷 6개는 다린다는데 그것도 허위광고이고 방송상 화면이랑 실제사용이랑 이렇게 크게 다를수 있을까요? 비싸게 구매했는데 반품도 안되고~~ 화가 나네요.",
    "Source": "SNS",
    "Domain": "가전",
    "MainCategory": "생활/미용/욕실가전",
    "ProductName": "(TV_방송중) 아이스티머 스타일러 CSD-5000B",
    "ReviewScore": "20",
    "Syllable": "149",
    "Word": "33",
    "RDate": "20190507",
    "Aspects": [
      {
        "Aspect": "기능",
        "SentimentText": "설명 믿고 샀는데 주름도 잘 안펴지고 ",
        "SentimentWord": "6",
        "SentimentPolarity": "-1"
      },
      {
        "Aspect": "가격",
        "SentimentText": "비싸게 구매했는데",
        "SentimentWord": "2",
        "SentimentPolarity": "-1"
      },
      {
        "Aspect": "편의성",
        "SentimentText": "물한번 가득 채워넣으면 남방하나 다리면 물보충해야하는 번거러움",
        "SentimentWord": "7",
        "SentimentPolarity": "-1"
      }
    ]
  },
  {
    "Index": "4633",
    "RawText": "방송에서는 무지 좋아보였는데.. 셔츠 다려보니 주름이 잘 안펴지네요.. 스팀기능이 별로예요 난 가격대비 만족도 별루이네여..",
    "Source": "SNS",
    "Domain": "가전",
    "MainCategory": "생활/미용/욕실가전",
    "ProductName": "(TV_방송중) 아이스티머 스타일러 CSD-5000B",
    "ReviewScore": "40",
    "Syllable": "69",
    "Word": "14",
    "RDate": "20190511",
    "GeneralPolarity": "-1",
    "Aspects": [
      {
        "Aspect": "기능",
        "SentimentText": "방송에서는 무지 좋아보였는데.. 셔츠 다려보니 주름이 잘 안펴지네요.. 스팀기능이 별로예요",
        "SentimentWord": "10",
        "SentimentPolarity": "-1"
      },
      {
        "Aspect": "가격",
        "SentimentText": "난 가격대비 만족도 별루이네여..",
        "SentimentWord": "4",
        "SentimentPolarity": "-1"
      }
    ]
  },
  {
    "Index": "4634",
    "RawText": "방송에서는 스팀 다림이 참 잘되던데 실제 사용에서는 그닥 잘 안되네요 색상이나 배송은 좋았습니다",
    "Source": "SNS",
    "Domain": "가전",
    "MainCategory": "생활/미용/욕실가전",
    "ProductName": "(TV_방송중) 아이스티머 스타일러 CSD-5000B",
    "ReviewScore": "80",
    "Syllable": "53",
    "Word": "13",
    "RDate": "20190429",
    "Aspects": [
      {
        "Aspect": "기능",
        "SentimentText": "방송에서는 스팀 다림이 참 잘되던데 실제 사용에서는 그닥 잘 안되네요",
        "SentimentWord": "10",
        "SentimentPolarity": "0"
      },
      {
        "Aspect": "색상",
        "SentimentText": "색상이나 배송은 좋았습니다",
        "SentimentWord": "3",
        "SentimentPolarity": "1"
      }
    ]
  },
  {
    "Index": "4635",
    "RawText": "방송은 과대방송인듯합니다 생각보다 무거워서 손목에 무리도 옵니다 너무 불편해요 가격이 비싼제품인데 다림질 잘 안됍니다 물통도 작아서 수시로 물보충해야하고 별루 추천안합니다 반품할걸 하는중이에요 그냥 쓰는중입니다",
    "Source": "SNS",
    "Domain": "가전",
    "MainCategory": "생활/미용/욕실가전",
    "ProductName": "(TV_방송중) 아이스티머 스타일러 CSD-5000B",
    "ReviewScore": "20",
    "Syllable": "117",
    "Word": "24",
    "RDate": "20190507",
    "Aspects": [
      {
        "Aspect": "무게",
        "SentimentText": "생각보다 무거워서 손목에 무리도 옵니다 너무 불편해요",
        "SentimentWord": "7",
        "SentimentPolarity": "-1"
      },
      {
        "Aspect": "기능",
        "SentimentText": "가격이 비싼제품인데 다림질 잘 안됍니다",
        "SentimentWord": "5",
        "SentimentPolarity": "-1"
      },
      {
        "Aspect": "용량",
        "SentimentText": "물통도 작아서 수시로 물보충해야하고 별루 추천안합니다 반품할걸 하는중이에요",
        "SentimentWord": "8",
        "SentimentPolarity": "-1"
      }
    ]
  },
  {
    "Index": "4636",
    "RawText": "배송도빠르고  무게가 가벼워서 우선 합격!!! 디자인도넘맘에들어요 잘사용하고있어요     ",
    "Source": "SNS",
    "Domain": "가전",
    "MainCategory": "생활/미용/욕실가전",
    "ProductName": "(TV_방송중) 아이스티머 스타일러 CSD-5000B",
    "ReviewScore": "100",
    "Syllable": "50",
    "Word": "7",
    "RDate": "20190518",
    "Aspects": [
      {
        "Aspect": "무게",
        "SentimentText": "무게가 가벼워서 우선 합격!!!",
        "SentimentWord": "4",
        "SentimentPolarity": "1"
      },
      {
        "Aspect": "디자인",
        "SentimentText": "디자인도넘맘에들어요",
        "SentimentWord": "1",
        "SentimentPolarity": "1"
      }
    ]
  },
  {
    "Index": "4637",
    "RawText": "배송받고 잘사용하고 있어요 사용할때마다 손가락으로 눌러야하는 불편함이 있지만 스팀분사력은 좋아요",
    "Source": "SNS",
    "Domain": "가전",
    "MainCategory": "생활/미용/욕실가전",
    "ProductName": "(TV_방송중) 아이스티머 스타일러 CSD-5000B",
    "ReviewScore": "80",
    "Syllable": "53",
    "Word": "10",
    "RDate": "20190408",
    "GeneralPolarity": "0",
    "Aspects": [
      {
        "Aspect": "조작성",
        "SentimentText": "사용할때마다 손가락으로 눌러야하는 불편함이 있지만",
        "SentimentWord": "5",
        "SentimentPolarity": "-1"
      },
      {
        "Aspect": "기능",
        "SentimentText": "스팀분사력은 좋아요",
        "SentimentWord": "2",
        "SentimentPolarity": "1"
      }
    ]
  },
  {
    "Index": "4638",
    "RawText": "배송은 2일만에 와서 좋아요 소형 스팀다리미인데도 성능이 좋아요! 디자인도 너무 마음에 듭니다.",
    "Source": "SNS",
    "Domain": "가전",
    "MainCategory": "생활/미용/욕실가전",
    "ProductName": "(TV_방송중) 아이스티머 스타일러 CSD-5000B",
    "ReviewScore": "100",
    "Syllable": "53",
    "Word": "12",
    "RDate": "20190325",
    "Aspects": [
      {
        "Aspect": "기능",
        "SentimentText": "소형 스팀다리미인데도 성능이 좋아요!",
        "SentimentWord": "4",
        "SentimentPolarity": "1"
      },
      {
        "Aspect": "디자인",
        "SentimentText": "디자인도 너무 마음에 듭니다.",
        "SentimentWord": "4",
        "SentimentPolarity": "1"
      }
    ]
  },
  {
    "Index": "4639",
    "RawText": "별로네요 잘 펴지는것 같지도 않고요 장점은 무선이라는것 휴대가 편하다는것",
    "Source": "SNS",
    "Domain": "가전",
    "MainCategory": "생활/미용/욕실가전",
    "ProductName": "(TV_방송중) 아이스티머 스타일러 CSD-5000B",
    "ReviewScore": "60",
    "Syllable": "40",
    "Word": "9",
    "RDate": "20190405",
    "GeneralPolarity": "0",
    "Aspects": [
      {
        "Aspect": "기능",
        "SentimentText": "별로네요 잘 펴지는것 같지도 않고요",
        "SentimentWord": "5",
        "SentimentPolarity": "-1"
      },
      {
        "Aspect": "편의성",
        "SentimentText": "장점은 무선이라는것 휴대가 편하다는것",
        "SentimentWord": "4",
        "SentimentPolarity": "1"
      }
    ]
  },
  {
    "Index": "4640",
    "RawText": "보풀 제거기 머무 젛아요 스티머 색 너무 이쁘고 무거운 감이 좀있지만 이정도면 쓸만한거같아요~~~!!",
    "Source": "SNS",
    "Domain": "가전",
    "MainCategory": "생활/미용/욕실가전",
    "ProductName": "(TV_방송중) 아이스티머 스타일러 CSD-5000B",
    "ReviewScore": "100",
    "Syllable": "56",
    "Word": "13",
    "RDate": "20190430",
    "GeneralPolarity": "0",
    "Aspects": [
      {
        "Aspect": "색상",
        "SentimentText": "스티머 색 너무 이쁘고",
        "SentimentWord": "4",
        "SentimentPolarity": "1"
      },
      {
        "Aspect": "무게",
        "SentimentText": "무거운 감이 좀있지만 이정도면 쓸만한거같아요~~~!!",
        "SentimentWord": "5",
        "SentimentPolarity": "0"
      }
    ]
  },
  {
    "Index": "4641",
    "RawText": "분사도 잘안되고 잘 안다려지고 팔목이 너무 아픕니다 성능이 별로예요. 물도 얼마 못가 다시 채워줘야하구요. 가격에 비해 실망입니다.",
    "Source": "SNS",
    "Domain": "가전",
    "MainCategory": "생활/미용/욕실가전",
    "ProductName": "(TV_방송중) 아이스티머 스타일러 CSD-5000B",
    "ReviewScore": "20",
    "Syllable": "73",
    "Word": "17",
    "RDate": "20190512",
    "Aspects": [
      {
        "Aspect": "기능",
        "SentimentText": "분사도 잘안되고 잘 안다려지고 팔목이 너무 아픕니다 성능이 별로예요.",
        "SentimentWord": "9",
        "SentimentPolarity": "-1"
      },
      {
        "Aspect": "편의성",
        "SentimentText": "물도 얼마 못가 다시 채워줘야하구요. 가격에 비해 실망입니다.",
        "SentimentWord": "8",
        "SentimentPolarity": "-1"
      }
    ]
  },
  {
    "Index": "4642",
    "RawText": "블랙으로 주문했는데 디자인 깔끔하고 예뻐요. 사용방법도 쉽구요. 근데 옷걸이에 고정되게 걸어놔야해서 행거 같은게 필요할듯 하네요. 그냥 걸고하면 옷이 자꾸 움직여서... 익숙함이 필요할듯 해요. 바지 주름도 잘 잡혀요.",
    "Source": "SNS",
    "Domain": "가전",
    "MainCategory": "생활/미용/욕실가전",
    "ProductName": "(TV_방송중) 아이스티머 스타일러 CSD-5000B",
    "ReviewScore": "80",
    "Syllable": "122",
    "Word": "27",
    "RDate": "20190430",
    "Aspects": [
      {
        "Aspect": "디자인",
        "SentimentText": "블랙으로 주문했는데 디자인 깔끔하고 예뻐요.",
        "SentimentWord": "5",
        "SentimentPolarity": "1"
      },
      {
        "Aspect": "조작성",
        "SentimentText": "사용방법도 쉽구요.",
        "SentimentWord": "2",
        "SentimentPolarity": "1"
      },
      {
        "Aspect": "기능",
        "SentimentText": "바지 주름도 잘 잡혀요.",
        "SentimentWord": "4",
        "SentimentPolarity": "1"
      }
    ]
  },
  {
    "Index": "4643",
    "RawText": "사용하기 편하고 무게도 적당해서 만족해요. 여행갈 떼 가지고 가도 좋겠어요",
    "Source": "SNS",
    "Domain": "가전",
    "MainCategory": "생활/미용/욕실가전",
    "ProductName": "(TV_방송중) 아이스티머 스타일러 CSD-5000B",
    "ReviewScore": "100",
    "Syllable": "41",
    "Word": "10",
    "RDate": "20190322",
    "GeneralPolarity": "1",
    "Aspects": [
      {
        "Aspect": "편의성",
        "SentimentText": "사용하기 편하고 무게도 적당해서 만족해요. ",
        "SentimentWord": "5",
        "SentimentPolarity": "1"
      },
      {
        "Aspect": "무게",
        "SentimentText": "무게도 적당해서 만족해요. ",
        "SentimentWord": "3",
        "SentimentPolarity": "1"
      }
    ]
  },
  {
    "Index": "4644",
    "RawText": "사용해보  니 생각보다 넘잘돼고요 좀무겁긴하지만 좋습니다 추천하고십어요 여행다니땐 좀무게때문에 아쉽네요",
    "Source": "SNS",
    "Domain": "가전",
    "MainCategory": "생활/미용/욕실가전",
    "ProductName": "(TV_방송중) 아이스티머 스타일러 CSD-5000B",
    "ReviewScore": "100",
    "Syllable": "57",
    "Word": "10",
    "RDate": "20190320",
    "GeneralPolarity": "1",
    "Aspects": [
      {
        "Aspect": "기능",
        "SentimentText": "사용해보  니 생각보다 넘잘돼고요 ",
        "SentimentWord": "4",
        "SentimentPolarity": "1"
      },
      {
        "Aspect": "무게",
        "SentimentText": "좀무겁긴하지만 좋습니다",
        "SentimentWord": "2",
        "SentimentPolarity": "1"
      },
      {
        "Aspect": "무게",
        "SentimentText": "여행다니땐 좀무게때문에 아쉽네요",
        "SentimentWord": "3",
        "SentimentPolarity": "-1"
      }
    ]
  },
  {
    "Index": "4645",
    "RawText": "사용해보니 와이셔츠는 일단 나쁘지 않게 잘 펴집니다. 근데 사진처럼 원래 이렇게 뜨는건가요?  왼쪽과 오른쪽이 서로 다르게 틈이 좀 생깁니다.... 한쪽이 틈새가 더 벌어지는데.... 혹시 불량인가요?? ",
    "Source": "SNS",
    "Domain": "가전",
    "MainCategory": "생활/미용/욕실가전",
    "ProductName": "(TV_방송중) 아이스티머 스타일러 CSD-5000B",
    "ReviewScore": "60",
    "Syllable": "114",
    "Word": "25",
    "RDate": "20190503",
    "GeneralPolarity": "-1",
    "Aspects": [
      {
        "Aspect": "기능",
        "SentimentText": "사용해보니 와이셔츠는 일단 나쁘지 않게 잘 펴집니다.",
        "SentimentWord": "7",
        "SentimentPolarity": "1"
      },
      {
        "Aspect": "품질",
        "SentimentText": "한쪽이 틈새가 더 벌어지는데.... 혹시 불량인가요??",
        "SentimentWord": "6",
        "SentimentPolarity": "-1"
      }
    ]
  },
  {
    "Index": "4646",
    "RawText": "사은품인 보풀제거기도  성능괜찮구요 ○○○는 디자인이 너무이쁘네요 쓸만해요 편리하고",
    "Source": "SNS",
    "Domain": "가전",
    "MainCategory": "생활/미용/욕실가전",
    "ProductName": "(TV_방송중) 아이스티머 스타일러 CSD-5000B",
    "ReviewScore": "100",
    "Syllable": "46",
    "Word": "8",
    "RDate": "20190406",
    "Aspects": [
      {
        "Aspect": "기능",
        "SentimentText": "사은품인 보풀제거기도  성능괜찮구요",
        "SentimentWord": "3",
        "SentimentPolarity": "1"
      },
      {
        "Aspect": "디자인",
        "SentimentText": "○○○는 디자인이 너무이쁘네요",
        "SentimentWord": "3",
        "SentimentPolarity": "1"
      }
    ]
  },
  {
    "Index": "4647",
    "RawText": "배송도 빠르고 상품 잘 받았습니다. 파스텔톤 색깔이 화사하고 좋네요 방송에서 보던것처럼 디자인이 둥글둥글하게 이쁘게 생겼네요ㅎㅎ",
    "Source": "SNS",
    "Domain": "가전",
    "MainCategory": "생활/미용/욕실가전",
    "ProductName": "(TV_방송중) 아이스티머 스타일러 CSD-5000B",
    "ReviewScore": "100",
    "Syllable": "71",
    "Word": "15",
    "RDate": "20190409",
    "Aspects": [
      {
        "Aspect": "색상",
        "SentimentText": "파스텔톤 색깔이 화사하고 좋네요",
        "SentimentWord": "4",
        "SentimentPolarity": "1"
      },
      {
        "Aspect": "디자인",
        "SentimentText": "디자인이 둥글둥글하게 이쁘게 생겼네요ㅎㅎ",
        "SentimentWord": "4",
        "SentimentPolarity": "1"
      }
    ]
  },
  {
    "Index": "4648",
    "RawText": "상품을 받고나서  디자인도 심플하고 풍질도 우수한것  같네요 잘쓰겠읍니다",
    "Source": "SNS",
    "Domain": "가전",
    "MainCategory": "생활/미용/욕실가전",
    "ProductName": "(TV_방송중) 아이스티머 스타일러 CSD-5000B",
    "ReviewScore": "100",
    "Syllable": "40",
    "Word": "8",
    "RDate": "20190407",
    "GeneralPolarity": "1",
    "Aspects": [
      {
        "Aspect": "디자인",
        "SentimentText": "디자인도 심플하고",
        "SentimentWord": "2",
        "SentimentPolarity": "1"
      },
      {
        "Aspect": "품질",
        "SentimentText": "풍질도 우수한것  같네요",
        "SentimentWord": "3",
        "SentimentPolarity": "1"
      }
    ]
  },
  {
    "Index": "4649",
    "RawText": "새 것인데 뜯자마자 보이는 작은기스...품질관리가 넘 안되는거 아닌가요.. 이런걸로 교환이나 트집 잡기는 싫어서 사용할거지만 이건 기본이라고 생각합니다~!저자국은 택배도중 생기는 스크레치가 아니거든요~!검품 안하시고 보내시는? 기분이 별로예요. 암튼 사용하는데 불량은 아니니깐~그냥 써보려고합니다 사용후기는 꼭 불만이 생기지않기를 바래봅니다 화면으로 봤을때보다 너무 커서 놀랐어요.ㅠㅠ",
    "Source": "SNS",
    "Domain": "가전",
    "MainCategory": "생활/미용/욕실가전",
    "ProductName": "(TV_방송중) 아이스티머 스타일러 CSD-5000B",
    "ReviewScore": "100",
    "Syllable": "215",
    "Word": "40",
    "RDate": "20190404",
    "Aspects": [
      {
        "Aspect": "품질",
        "SentimentText": "새 것인데 뜯자마자 보이는 작은기스...품질관리가 넘 안되는거 아닌가요.",
        "SentimentWord": "8",
        "SentimentPolarity": "-1"
      },
      {
        "Aspect": "사이즈",
        "SentimentText": "화면으로 봤을때보다 너무 커서 놀랐어요.ㅠㅠ",
        "SentimentWord": "5",
        "SentimentPolarity": "-1"
      }
    ]
  },
  {
    "Index": "4650",
    "RawText": "생각보다 소음이 큰데 사려고했던거라 맘에듭니다 핑크샀는데 오염이좀있어서 속상하네요~블랙살걸그랬나바여ㅜㅜ",
    "Source": "SNS",
    "Domain": "가전",
    "MainCategory": "생활/미용/욕실가전",
    "ProductName": "(TV_방송중) 아이스티머 스타일러 CSD-5000B",
    "ReviewScore": "80",
    "Syllable": "57",
    "Word": "8",
    "RDate": "20190404",
    "GeneralPolarity": "0",
    "Aspects": [
      {
        "Aspect": "소음",
        "SentimentText": "생각보다 소음이 큰데 사려고했던거라 맘에듭니다",
        "SentimentWord": "5",
        "SentimentPolarity": "1"
      },
      {
        "Aspect": "품질",
        "SentimentText": "핑크샀는데 오염이좀있어서 속상하네요~",
        "SentimentWord": "3",
        "SentimentPolarity": "-1"
      }
    ]
  },
  {
    "Index": "4651",
    "RawText": "생각보다 잘 펴지진 않는데 뒤에 받쳐놓으면 잘 되요 핑크 예뻐요~ ",
    "Source": "SNS",
    "Domain": "가전",
    "MainCategory": "생활/미용/욕실가전",
    "ProductName": "(TV_방송중) 아이스티머 스타일러 CSD-5000B",
    "ReviewScore": "100",
    "Syllable": "37",
    "Word": "10",
    "RDate": "20190506",
    "GeneralPolarity": "1",
    "Aspects": [
      {
        "Aspect": "기능",
        "SentimentText": "생각보다 잘 펴지진 않는데 뒤에 받쳐놓으면 잘 되요",
        "SentimentWord": "8",
        "SentimentPolarity": "0"
      },
      {
        "Aspect": "색상",
        "SentimentText": "핑크 예뻐요~",
        "SentimentWord": "2",
        "SentimentPolarity": "1"
      }
    ]
  },
  {
    "Index": "4652",
    "RawText": "스타일러 품질이 너무 좋아 만족스럽네요. 친구에게 선물해더니 색상도 몌쁘고 좋아하네요 사용 잘하겠습니다 강추",
    "Source": "SNS",
    "Domain": "가전",
    "MainCategory": "생활/미용/욕실가전",
    "ProductName": "(TV_방송중) 아이스티머 스타일러 CSD-5000B",
    "ReviewScore": "100",
    "Syllable": "60",
    "Word": "13",
    "RDate": "20190702",
    "GeneralPolarity": "1",
    "Aspects": [
      {
        "Aspect": "품질",
        "SentimentText": "스타일러 품질이 너무 좋아 만족스럽네요.",
        "SentimentWord": "5",
        "SentimentPolarity": "1"
      },
      {
        "Aspect": "색상",
        "SentimentText": "친구에게 선물해더니 색상도 몌쁘고 좋아하네요",
        "SentimentWord": "5",
        "SentimentPolarity": "1"
      }
    ]
  },
  {
    "Index": "4653",
    "RawText": "스팀이 부드럽게 잘 나오네요. 타제품은 물이 세서 불편했는데~~^^ 디자인도 예쁘고 잘 구매했네요.",
    "Source": "SNS",
    "Domain": "가전",
    "MainCategory": "생활/미용/욕실가전",
    "ProductName": "(TV_방송중) 아이스티머 스타일러 CSD-5000B",
    "ReviewScore": "100",
    "Syllable": "55",
    "Word": "12",
    "RDate": "20190512",
    "GeneralPolarity": "1",
    "Aspects": [
      {
        "Aspect": "기능",
        "SentimentText": "스팀이 부드럽게 잘 나오네요.",
        "SentimentWord": "4",
        "SentimentPolarity": "1"
      },
      {
        "Aspect": "디자인",
        "SentimentText": "디자인도 예쁘고 잘 구매했네요.",
        "SentimentWord": "4",
        "SentimentPolarity": "1"
      }
    ]
  },
  {
    "Index": "4654",
    "RawText": "스팀이 잘 분사되지 않아 불편해요 주름이 광고에서처럼 잘 펴지지도 않아 별로에요. 물담는 용기도 불편해요.",
    "Source": "SNS",
    "Domain": "가전",
    "MainCategory": "생활/미용/욕실가전",
    "ProductName": "(TV_방송중) 아이스티머 스타일러 CSD-5000B",
    "ReviewScore": "20",
    "Syllable": "59",
    "Word": "14",
    "RDate": "20190527",
    "Aspects": [
      {
        "Aspect": "기능",
        "SentimentText": "스팀이 잘 분사되지 않아 불편해요",
        "SentimentWord": "5",
        "SentimentPolarity": "-1"
      },
      {
        "Aspect": "편의성",
        "SentimentText": "물담는 용기도 불편해요.",
        "SentimentWord": "3",
        "SentimentPolarity": "-1"
      }
    ]
  },
  {
    "Index": "4655",
    "RawText": "아주 만족합니다 배송도 금방와서 빠르게 받았어요^^요즘은 칼배송이 아주 맘에듭니다 ㅎㅎ 스팀도 정말 빵빵하게 잘나오고 생각보다 다루기 쉬워요^^ 뒤에 보관용 팩으로 대고 스팀하니 더 편리하게 합니다 ㅎㅎ잘샀어용",
    "Source": "SNS",
    "Domain": "가전",
    "MainCategory": "생활/미용/욕실가전",
    "ProductName": "(TV_방송중) 아이스티머 스타일러 CSD-5000B",
    "ReviewScore": "100",
    "Syllable": "117",
    "Word": "26",
    "RDate": "20190407",
    "Aspects": [
      {
        "Aspect": "기능",
        "SentimentText": "스팀도 정말 빵빵하게 잘나오고 생각보다 다루기 쉬워요^^ ",
        "SentimentWord": "7",
        "SentimentPolarity": "1"
      },
      {
        "Aspect": "편의성",
        "SentimentText": "뒤에 보관용 팩으로 대고 스팀하니 더 편리하게 합니다 ㅎㅎ잘샀어용",
        "SentimentWord": "9",
        "SentimentPolarity": "1"
      }
    ]
  },
  {
    "Index": "4656",
    "RawText": "아직 안써뵜는데 디자인은 이뻐요 근데 너무 비싸요  뭔가 사기당한거같아서 근데 디자인이 이뻐요",
    "Source": "SNS",
    "Domain": "가전",
    "MainCategory": "생활/미용/욕실가전",
    "ProductName": "(TV_방송중) 아이스티머 스타일러 CSD-5000B",
    "ReviewScore": "100",
    "Syllable": "52",
    "Word": "12",
    "RDate": "20190323",
    "Aspects": [
      {
        "Aspect": "디자인",
        "SentimentText": " 디자인은 이뻐요",
        "SentimentWord": "2",
        "SentimentPolarity": "1"
      },
      {
        "Aspect": "가격",
        "SentimentText": "근데 너무 비싸요",
        "SentimentWord": "3",
        "SentimentPolarity": "-1"
      },
      {
        "Aspect": "디자인",
        "SentimentText": "근데 디자인이 이뻐요",
        "SentimentWord": "3",
        "SentimentPolarity": "1"
      }
    ]
  },
  {
    "Index": "4657",
    "RawText": "어제  저녘에 배송 받았구용~ 오자마자 택배 뜯어서 확인했는뎅 디자인이 너무 이뿌네용 ㅎㅎ 아기자기해보이능? ㅎㅎ 보플제거기가 5핀 충전용으루 사용할수 있게끔 되어 있어서 한번 더 만족했꾸용~~ 잘 쓰겠습니다~",
    "Source": "SNS",
    "Domain": "가전",
    "MainCategory": "생활/미용/욕실가전",
    "ProductName": "(TV_방송중) 아이스티머 스타일러 CSD-5000B",
    "ReviewScore": "100",
    "Syllable": "117",
    "Word": "26",
    "RDate": "20190320",
    "GeneralPolarity": "1",
    "Aspects": [
      {
        "Aspect": "디자인",
        "SentimentText": "디자인이 너무 이뿌네용 ㅎㅎ",
        "SentimentWord": "4",
        "SentimentPolarity": "1"
      },
      {
        "Aspect": "편의성",
        "SentimentText": "보플제거기가 5핀 충전용으루 사용할수 있게끔 되어 있어서 한번 더 만족했꾸용~~",
        "SentimentWord": "10",
        "SentimentPolarity": "1"
      }
    ]
  },
  {
    "Index": "4658",
    "RawText": "디자인이 예쁘면서 실용적이라 좋아서 구매 결정 했습니다  잘 사용 할께요",
    "Source": "SNS",
    "Domain": "가전",
    "MainCategory": "생활/미용/욕실가전",
    "ProductName": "(TV_방송중) 아이스티머 스타일러 CSD-5000B",
    "ReviewScore": "100",
    "Syllable": "40",
    "Word": "10",
    "RDate": "20190506",
    "GeneralPolarity": "1",
    "Aspects": [
      {
        "Aspect": "디자인",
        "SentimentText": "디자인이 예쁘면서 ",
        "SentimentWord": "2",
        "SentimentPolarity": "1"
      },
      {
        "Aspect": "품질",
        "SentimentText": "실용적이라 좋아서 구매 결정 했습니다",
        "SentimentWord": "5",
        "SentimentPolarity": "1"
      }
    ]
  },
  {
    "Index": "4659",
    "RawText": "옛날에 샀던 커다란 스팀다리미 버리고 OOO로 바꿨어요 일단 크기가 작아서 사용하기 정말 좋아요! 디자인 색상도 딱 맘에 들어 만족해요 버튼 누르고있는게 힘들진않을까 걱정됐는데 생각보다 할만하네요  다만, 같이 온 아이클리너는 충전해도 금방 죽어요 3~5분정도면 밧데리 떨어져요 ㅜ 충전을 덜했나싶어서 몇번 충전해봤는데 여전해요 아무래도 불량이 온듯 한데 교환될까요?",
    "Source": "SNS",
    "Domain": "가전",
    "MainCategory": "생활/미용/욕실가전",
    "ProductName": "(TV_방송중) 아이스티머 스타일러 CSD-5000B",
    "ReviewScore": "100",
    "Syllable": "205",
    "Word": "46",
    "RDate": "20190422",
    "GeneralPolarity": "1",
    "Aspects": [
      {
        "Aspect": "사이즈",
        "SentimentText": "크기가 작아서 사용하기 정말 좋아요! ",
        "SentimentWord": "5",
        "SentimentPolarity": "1"
      },
      {
        "Aspect": "디자인",
        "SentimentText": "디자인 색상도 딱 맘에 들어 만족해요",
        "SentimentWord": "6",
        "SentimentPolarity": "1"
      },
      {
        "Aspect": "배터리",
        "SentimentText": "같이 온 아이클리너는 충전해도 금방 죽어요 3~5분정도면 밧데리 떨어져요 ㅜ",
        "SentimentWord": "10",
        "SentimentPolarity": "-1"
      },
      {
        "Aspect": "품질",
        "SentimentText": "아무래도 불량이 온듯 한데 교환될까요?",
        "SentimentWord": "5",
        "SentimentPolarity": "-1"
      },
      {
        "Aspect": "색상",
        "SentimentText": "색상도 딱 맘에 들어 만족해요",
        "SentimentWord": "5",
        "SentimentPolarity": "1"
      }
    ]
  },
  {
    "Index": "4660",
    "RawText": "옷다리기가 불편했는데 넘편하고 잘다려져요~~^^",
    "Source": "SNS",
    "Domain": "가전",
    "MainCategory": "생활/미용/욕실가전",
    "ProductName": "(TV_방송중) 아이스티머 스타일러 CSD-5000B",
    "ReviewScore": "100",
    "Syllable": "26",
    "Word": "4",
    "RDate": "20190427",
    "GeneralPolarity": "1",
    "Aspects": [
      {
        "Aspect": "편의성",
        "SentimentText": "옷다리기가 불편했는데 넘편하고 잘다려져요~~^^",
        "SentimentWord": "4",
        "SentimentPolarity": "1"
      },
      {
        "Aspect": "기능",
        "SentimentText": "잘다려져요~~^^",
        "SentimentWord": "1",
        "SentimentPolarity": "1"
      }
    ]
  },
  {
    "Index": "4661",
    "RawText": "요즘 출근이즐겁네요 쓱쓱  금방 이쁘게 펴져요 편해요 디자인이 이쁘구요",
    "Source": "SNS",
    "Domain": "가전",
    "MainCategory": "생활/미용/욕실가전",
    "ProductName": "(TV_방송중) 아이스티머 스타일러 CSD-5000B",
    "ReviewScore": "100",
    "Syllable": "39",
    "Word": "9",
    "RDate": "20190420",
    "GeneralPolarity": "1",
    "Aspects": [
      {
        "Aspect": "시간/속도",
        "SentimentText": "쓱쓱  금방 이쁘게 펴져요 편해요",
        "SentimentWord": "5",
        "SentimentPolarity": "1"
      },
      {
        "Aspect": "편의성",
        "SentimentText": "이쁘게 펴져요 편해요",
        "SentimentWord": "3",
        "SentimentPolarity": "1"
      },
      {
        "Aspect": "디자인",
        "SentimentText": "디자인이 이쁘구요",
        "SentimentWord": "2",
        "SentimentPolarity": "1"
      }
    ]
  },
  {
    "Index": "4662",
    "RawText": "디자인이 고급스러워 인테리어 효과도 있고 쓸만하네요 여름 오면 셔츠를 많이 입어서  필요했는데 잘 쓸께요 스팀기능은 최고네요",
    "Source": "SNS",
    "Domain": "가전",
    "MainCategory": "생활/미용/욕실가전",
    "ProductName": "(TV_방송중) 아이스티머 스타일러 CSD-5000B",
    "ReviewScore": "80",
    "Syllable": "69",
    "Word": "16",
    "RDate": "20190405",
    "GeneralPolarity": "1",
    "Aspects": [
      {
        "Aspect": "디자인",
        "SentimentText": "디자인이 고급스러워 인테리어 효과도 있고 쓸만하네요 ",
        "SentimentWord": "6",
        "SentimentPolarity": "1"
      },
      {
        "Aspect": "기능",
        "SentimentText": "여름 오면 셔츠를 많이 입어서  필요했는데 잘 쓸께요 스팀기능은 최고네요",
        "SentimentWord": "10",
        "SentimentPolarity": "1"
      }
    ]
  },
  {
    "Index": "4663",
    "RawText": "잘 사용하고 있습니다. 편하고 성능도 괜찮은듯 합니다. 다만 물통이 작아 여러벌 다릴때 물보충을 해야해서 귀찮습니다.",
    "Source": "SNS",
    "Domain": "가전",
    "MainCategory": "생활/미용/욕실가전",
    "ProductName": "(TV_방송중) 아이스티머 스타일러 CSD-5000B",
    "ReviewScore": "80",
    "Syllable": "65",
    "Word": "15",
    "RDate": "20190601",
    "GeneralPolarity": "0",
    "Aspects": [
      {
        "Aspect": "편의성",
        "SentimentText": "편하고 성능도 괜찮은듯 합니다.",
        "SentimentWord": "4",
        "SentimentPolarity": "1"
      },
      {
        "Aspect": "기능",
        "SentimentText": "성능도 괜찮은듯 합니다.",
        "SentimentWord": "3",
        "SentimentPolarity": "1"
      },
      {
        "Aspect": "편의성",
        "SentimentText": "다만 물통이 작아 여러벌 다릴때 물보충을 해야해서 귀찮습니다.",
        "SentimentWord": "8",
        "SentimentPolarity": "-1"
      }
    ]
  },
  {
    "Index": "4664",
    "RawText": "전에 다른 스팀다리미 썼었는데 물이 뚝뚝 떨어졌었거든요 근데 얘는 스팀 입자가 엄청 미세한것 같아요 옷도 잘 다려져요 디자인도 너무 이쁘고 그리고 보풀제거기도 깔끔하게 정리되고 좋아요 충전이 좀 잘 안되긴 하는데 대체적으로 만족이에요",
    "Source": "SNS",
    "Domain": "가전",
    "MainCategory": "생활/미용/욕실가전",
    "ProductName": "(TV_방송중) 아이스티머 스타일러 CSD-5000B",
    "ReviewScore": "100",
    "Syllable": "130",
    "Word": "32",
    "RDate": "20190503",
    "GeneralPolarity": "1",
    "Aspects": [
      {
        "Aspect": "기능",
        "SentimentText": "스팀 입자가 엄청 미세한것 같아요 옷도 잘 다려져요",
        "SentimentWord": "8",
        "SentimentPolarity": "1"
      },
      {
        "Aspect": "디자인",
        "SentimentText": "디자인도 너무 이쁘고 ",
        "SentimentWord": "3",
        "SentimentPolarity": "1"
      },
      {
        "Aspect": "기능",
        "SentimentText": "보풀제거기도 깔끔하게 정리되고 좋아요 ",
        "SentimentWord": "4",
        "SentimentPolarity": "1"
      },
      {
        "Aspect": "품질",
        "SentimentText": " 충전이 좀 잘 안되긴 하는데 대체적으로 만족이에요",
        "SentimentWord": "7",
        "SentimentPolarity": "0"
      }
    ]
  },
  {
    "Index": "4665",
    "RawText": "제품은 정말좋은데 조금 쓰다보니  스팀구멍에서  하얀가루같은게 나와서  회사에 전화를해서  새제품으로 교환받았습니다 쓰기에 너무  편하구  잘다려져서 좋아요. 열도 빨리올라서 바쁜 출근시간에  너무좋은거같아요",
    "Source": "SNS",
    "Domain": "가전",
    "MainCategory": "생활/미용/욕실가전",
    "ProductName": "(TV_방송중) 아이스티머 스타일러 CSD-5000B",
    "ReviewScore": "100",
    "Syllable": "116",
    "Word": "21",
    "RDate": "20190606",
    "GeneralPolarity": "1",
    "Aspects": [
      {
        "Aspect": "편의성",
        "SentimentText": "쓰기에 너무  편하구  잘다려져서 좋아요.",
        "SentimentWord": "5",
        "SentimentPolarity": "1"
      },
      {
        "Aspect": "편의성",
        "SentimentText": "열도 빨리올라서 바쁜 출근시간에  너무좋은거같아요",
        "SentimentWord": "5",
        "SentimentPolarity": "1"
      }
    ]
  },
  {
    "Index": "4666",
    "RawText": "주름도 잘 펴지고 다 좋은데... 스팀 쏠 때 소리가 좀 큰편입니다...ㅋ 원래 그런건지..궁금하네요",
    "Source": "SNS",
    "Domain": "가전",
    "MainCategory": "생활/미용/욕실가전",
    "ProductName": "(TV_방송중) 아이스티머 스타일러 CSD-5000B",
    "ReviewScore": "100",
    "Syllable": "56",
    "Word": "13",
    "RDate": "20190430",
    "GeneralPolarity": "1",
    "Aspects": [
      {
        "Aspect": "기능",
        "SentimentText": "주름도 잘 펴지고 다 좋은데...",
        "SentimentWord": "5",
        "SentimentPolarity": "1"
      },
      {
        "Aspect": "소음",
        "SentimentText": "스팀 쏠 때 소리가 좀 큰편입니다...ㅋ",
        "SentimentWord": "6",
        "SentimentPolarity": "0"
      }
    ]
  },
  {
    "Index": "4667",
    "RawText": "초록불로 바뀌고 스팀이 전혀 안나옵니다  계속 버튼을 누르고. 다림질 해야되나요? 무거워서 불편합니다  ",
    "Source": "SNS",
    "Domain": "가전",
    "MainCategory": "생활/미용/욕실가전",
    "ProductName": "(TV_방송중) 아이스티머 스타일러 CSD-5000B",
    "ReviewScore": "20",
    "Syllable": "58",
    "Word": "12",
    "RDate": "20190511",
    "GeneralPolarity": "-1",
    "Aspects": [
      {
        "Aspect": "품질",
        "SentimentText": "스팀이 전혀 안나옵니다",
        "SentimentWord": "3",
        "SentimentPolarity": "-1"
      },
      {
        "Aspect": "무게",
        "SentimentText": "무거워서 불편합니다",
        "SentimentWord": "2",
        "SentimentPolarity": "-1"
      }
    ]
  },
  {
    "Index": "4668",
    "RawText": "택배배송 빨라서좋앗꾸요 뜯엇을때 보이는 색상도 너무이쁘고 가벼움은 말할것뚜없네요~~대만족입니당^^~~",
    "Source": "SNS",
    "Domain": "가전",
    "MainCategory": "생활/미용/욕실가전",
    "ProductName": "(TV_방송중) 아이스티머 스타일러 CSD-5000B",
    "ReviewScore": "100",
    "Syllable": "56",
    "Word": "8",
    "RDate": "20190409",
    "Aspects": [
      {
        "Aspect": "색상",
        "SentimentText": "뜯엇을때 보이는 색상도 너무이쁘고",
        "SentimentWord": "4",
        "SentimentPolarity": "1"
      },
      {
        "Aspect": "무게",
        "SentimentText": "가벼움은 말할것뚜없네요~~대만족입니당^^~~",
        "SentimentWord": "2",
        "SentimentPolarity": "1"
      }
    ]
  },
  {
    "Index": "4669",
    "RawText": "편하고 조아요주름도 잘펴지고 다름질하기 아주편해요",
    "Source": "SNS",
    "Domain": "가전",
    "MainCategory": "생활/미용/욕실가전",
    "ProductName": "(TV_방송중) 아이스티머 스타일러 CSD-5000B",
    "ReviewScore": "80",
    "Syllable": "27",
    "Word": "5",
    "RDate": "20190519",
    "Aspects": [
      {
        "Aspect": "편의성",
        "SentimentText": "편하고 조아요",
        "SentimentWord": "2",
        "SentimentPolarity": "1"
      },
      {
        "Aspect": "기능",
        "SentimentText": "주름도 잘펴지고 다름질하기 아주편해요",
        "SentimentWord": "4",
        "SentimentPolarity": "1"
      }
    ]
  },
  {
    "Index": "4670",
    "RawText": "핑크 주문해서 받았는데 디자인은 매우 고급스러워 마음에 드네요. 근데 생각한거보다 무게가 좀 무겁네요 ",
    "Source": "SNS",
    "Domain": "가전",
    "MainCategory": "생활/미용/욕실가전",
    "ProductName": "(TV_방송중) 아이스티머 스타일러 CSD-5000B",
    "ReviewScore": "100",
    "Syllable": "57",
    "Word": "13",
    "RDate": "20190408",
    "Aspects": [
      {
        "Aspect": "디자인",
        "SentimentText": "핑크 주문해서 받았는데 디자인은 매우 고급스러워 마음에 드네요.",
        "SentimentWord": "8",
        "SentimentPolarity": "1"
      },
      {
        "Aspect": "무게",
        "SentimentText": "근데 생각한거보다 무게가 좀 무겁네요",
        "SentimentWord": "5",
        "SentimentPolarity": "-1"
      }
    ]
  },
  {
    "Index": "4671",
    "RawText": "핑크색상 너무 맘에 들고 이쁘네요  작은데 실용성이 좋아서 넘 만족해요 주름진 트렌치코트에 해봤는데 잘 펴져요  작고 휴대하기도 편리하고 좋아서 더 만족합니다",
    "Source": "SNS",
    "Domain": "가전",
    "MainCategory": "생활/미용/욕실가전",
    "ProductName": "(TV_방송중) 아이스티머 스타일러 CSD-5000B",
    "ReviewScore": "100",
    "Syllable": "88",
    "Word": "21",
    "RDate": "20190415",
    "GeneralPolarity": "1",
    "Aspects": [
      {
        "Aspect": "색상",
        "SentimentText": "핑크색상 너무 맘에 들고 이쁘네요  ",
        "SentimentWord": "5",
        "SentimentPolarity": "1"
      },
      {
        "Aspect": "편의성",
        "SentimentText": "작은데 실용성이 좋아서 넘 만족해요",
        "SentimentWord": "5",
        "SentimentPolarity": "1"
      },
      {
        "Aspect": "기능",
        "SentimentText": "주름진 트렌치코트에 해봤는데 잘 펴져요 ",
        "SentimentWord": "5",
        "SentimentPolarity": "1"
      },
      {
        "Aspect": "사이즈",
        "SentimentText": "작고 휴대하기도 편리하고 좋아서 더 만족합니다",
        "SentimentWord": "6",
        "SentimentPolarity": "1"
      },
      {
        "Aspect": "편의성",
        "SentimentText": "휴대하기도 편리하고 좋아서 더 만족합니다",
        "SentimentWord": "5",
        "SentimentPolarity": "1"
      }
    ]
  },
  {
    "Index": "4672",
    "RawText": "핸디형 스팀기 잇는데 요거 디자인도 이쁘고 분사력 강하다고 해서 구매햇어요  실제 받아서 사용해보니 디자인도 이쁘고, 분사력이 정말 쎄서 맘에들어요 ",
    "Source": "SNS",
    "Domain": "가전",
    "MainCategory": "생활/미용/욕실가전",
    "ProductName": "(TV_방송중) 아이스티머 스타일러 CSD-5000B",
    "ReviewScore": "100",
    "Syllable": "83",
    "Word": "19",
    "RDate": "20190413",
    "GeneralPolarity": "1",
    "Aspects": [
      {
        "Aspect": "디자인",
        "SentimentText": "디자인도 이쁘고",
        "SentimentWord": "2",
        "SentimentPolarity": "1"
      },
      {
        "Aspect": "기능",
        "SentimentText": " 분사력이 정말 쎄서 맘에들어요",
        "SentimentWord": "4",
        "SentimentPolarity": "1"
      }
    ]
  },
  {
    "Index": "4673",
    "RawText": "홈쇼핑 여기저기 볼때마다 엄청 망설였는데  결국 미루고 말았네요.  일단 디자인 너무 마음에 들어요. 핑크 색감도 너무 잘 빠졌네요 다 좋아요  물론 성능은 믹을만 하갰죠^^ ",
    "Source": "SNS",
    "Domain": "가전",
    "MainCategory": "생활/미용/욕실가전",
    "ProductName": "(TV_방송중) 아이스티머 스타일러 CSD-5000B",
    "ReviewScore": "100",
    "Syllable": "98",
    "Word": "24",
    "RDate": "20190429",
    "GeneralPolarity": "1",
    "Aspects": [
      {
        "Aspect": "디자인",
        "SentimentText": "일단 디자인 너무 마음에 들어요.",
        "SentimentWord": "5",
        "SentimentPolarity": "1"
      },
      {
        "Aspect": "색상",
        "SentimentText": "핑크 색감도 너무 잘 빠졌네요 다 좋아요 ",
        "SentimentWord": "7",
        "SentimentPolarity": "1"
      }
    ]
  },
  {
    "Index": "4674",
    "RawText": "기대가 컸는지 드라마틱한 효관없어요 다들 후기에 스팀기능이 좋다했는데 잘 다려지지도 않고 뭐가 좋은지 모르겠네요. 이전 것보다 크기가 작아서 좋지만 그뿐입니다 다리미 기능이 전혀 소용없어요 별로예요",
    "Source": "SNS",
    "Domain": "가전",
    "MainCategory": "생활/미용/욕실가전",
    "ProductName": "(TV_방송중_KC변경) 아이스티머 스타일러 COO-1000",
    "ReviewScore": "60",
    "Syllable": "110",
    "Word": "25",
    "RDate": "20190825",
    "GeneralPolarity": "-1",
    "Aspects": [
      {
        "Aspect": "기능",
        "SentimentText": "기대가 컸는지 드라마틱한 효관없어요 다들 후기에 스팀기능이 좋다했는데 잘 다려지지도 않고 뭐가 좋은지 모르겠네요.",
        "SentimentWord": "14",
        "SentimentPolarity": "-1"
      },
      {
        "Aspect": "기능",
        "SentimentText": "이전 것보다 크기가 작아서 좋지만 그뿐입니다 다리미 기능이 전혀 소용없어요 별로예요",
        "SentimentWord": "11",
        "SentimentPolarity": "-1"
      }
    ]
  },
  {
    "Index": "4675",
    "RawText": "디자인이 너무 예뻐서 다리미기능은 좀 덜하지않을까 우려했는데  스팀분사량, 사용시간, 그립감 너무좋아요 디테일한 다림질보단 세탁건조후 간편.간단하게 구김없애서 보관하는데  제격입니다~~잘 쓸께요",
    "Source": "SNS",
    "Domain": "가전",
    "MainCategory": "생활/미용/욕실가전",
    "ProductName": "(TV_방송중_KC변경) 아이스티머 스타일러 COO-1000",
    "ReviewScore": "100",
    "Syllable": "108",
    "Word": "19",
    "RDate": "20190810",
    "GeneralPolarity": "1",
    "Aspects": [
      {
        "Aspect": "디자인",
        "SentimentText": "디자인이 너무 예뻐서 ",
        "SentimentWord": "3",
        "SentimentPolarity": "1"
      },
      {
        "Aspect": "용량",
        "SentimentText": "스팀분사량, 사용시간, 그립감 너무좋아요",
        "SentimentWord": "4",
        "SentimentPolarity": "1"
      },
      {
        "Aspect": "시간/속도",
        "SentimentText": "사용시간, 그립감 너무좋아요",
        "SentimentWord": "3",
        "SentimentPolarity": "1"
      },
      {
        "Aspect": "조작성",
        "SentimentText": "그립감 너무좋아요",
        "SentimentWord": "2",
        "SentimentPolarity": "1"
      },
      {
        "Aspect": "편의성",
        "SentimentText": "세탁건조후 간편.간단하게 구김없애서 보관하는데  제격입니다~~",
        "SentimentWord": "5",
        "SentimentPolarity": "1"
      }
    ]
  },
  {
    "Index": "4676",
    "RawText": "비교럭 스팀량도 많이 나오고 잘되는거 같긴한데  물 넣는곳이 좀 부실하고 너무 작네요  개선되면 좋겠어요",
    "Source": "SNS",
    "Domain": "가전",
    "MainCategory": "생활/미용/욕실가전",
    "ProductName": "(TV_방송중_KC변경) 아이스티머 스타일러 COO-1000",
    "ReviewScore": "80",
    "Syllable": "58",
    "Word": "14",
    "RDate": "20190905",
    "GeneralPolarity": "0",
    "Aspects": [
      {
        "Aspect": "용량",
        "SentimentText": "비교럭 스팀량도 많이 나오고 잘되는거 같긴한데",
        "SentimentWord": "6",
        "SentimentPolarity": "1"
      },
      {
        "Aspect": "품질",
        "SentimentText": " 물 넣는곳이 좀 부실하고 너무 작네요 개선되면 좋겠어요",
        "SentimentWord": "8",
        "SentimentPolarity": "-1"
      }
    ]
  },
  {
    "Index": "4677",
    "RawText": "잘사용하고 있습니다 다만 물통이 작아서 옷을 여러벌 다리기는 안되네요 그러다 보니 사용하는 시간이 길고 작동시간도 길어 번거로워요.",
    "Source": "SNS",
    "Domain": "가전",
    "MainCategory": "생활/미용/욕실가전",
    "ProductName": "(TV_방송중_KC변경) 아이스티머 스타일러 COO-1000",
    "ReviewScore": "100",
    "Syllable": "73",
    "Word": "17",
    "RDate": "20190728",
    "GeneralPolarity": "-1",
    "Aspects": [
      {
        "Aspect": "용량",
        "SentimentText": "다만 물통이 작아서 옷을 여러벌 다리기는 안되네요",
        "SentimentWord": "7",
        "SentimentPolarity": "-1"
      },
      {
        "Aspect": "시간/속도",
        "SentimentText": "그러다 보니 사용하는 시간이 길고 작동시간도 길어 번거로워요.",
        "SentimentWord": "8",
        "SentimentPolarity": "-1"
      }
    ]
  },
  {
    "Index": "4678",
    "RawText": "잘 사용하고있습니다 다림판이 없어 조금은 불편한데 그래도 성능은 좋습니다 잘사용하겠습니다",
    "Source": "SNS",
    "Domain": "가전",
    "MainCategory": "생활/미용/욕실가전",
    "ProductName": "(TV_방송중_정율) 비트젯 스팀다리미 SBZ-B010ARD+ARS10",
    "ReviewScore": "100",
    "Syllable": "49",
    "Word": "10",
    "RDate": "20191028",
    "GeneralPolarity": "1",
    "Aspects": [
      {
        "Aspect": "제품구성",
        "SentimentText": "다림판이 없어 조금은 불편한데",
        "SentimentWord": "4",
        "SentimentPolarity": "-1"
      },
      {
        "Aspect": "기능",
        "SentimentText": "그래도 성능은 좋습니다",
        "SentimentWord": "3",
        "SentimentPolarity": "1"
      }
    ]
  },
  {
    "Index": "4679",
    "RawText": "딥그린 걸러 너무 고급져요~~  사용할때 물장탱크가 작아서 불편하네요 ㅜㅜ",
    "Source": "SNS",
    "Domain": "가전",
    "MainCategory": "생활/미용/욕실가전",
    "ProductName": "(TV_방송중_프리즘백) 아이스티머 스타일러 COO-1000",
    "ReviewScore": "60",
    "Syllable": "41",
    "Word": "9",
    "RDate": "20190918",
    "Aspects": [
      {
        "Aspect": "색상",
        "SentimentText": "딥그린 걸러 너무 고급져요~~ ",
        "SentimentWord": "4",
        "SentimentPolarity": "1"
      },
      {
        "Aspect": "용량",
        "SentimentText": "사용할때 물장탱크가 작아서 불편하네요 ㅜㅜ",
        "SentimentWord": "5",
        "SentimentPolarity": "-1"
      }
    ]
  },
  {
    "Index": "4680",
    "RawText": "난방이나 티셔츠은 구김이 펴지는 성능이 별로인데^^니트종류은 너무잘데너지네요 또한 보프라기제거은 너무잘되네요 생각보다요!",
    "Source": "SNS",
    "Domain": "가전",
    "MainCategory": "생활/미용/욕실가전",
    "ProductName": "(TV_방송중_프리즘백) 아이스티머 스타일러 COO-1000",
    "ReviewScore": "100",
    "Syllable": "67",
    "Word": "11",
    "RDate": "20191022",
    "GeneralPolarity": "1",
    "Aspects": [
      {
        "Aspect": "기능",
        "SentimentText": "난방이나 티셔츠은 구김이 펴지는 성능이 별로인데^^",
        "SentimentWord": "6",
        "SentimentPolarity": "-1"
      },
      {
        "Aspect": "기능",
        "SentimentText": "니트종류은 너무잘데너지네요",
        "SentimentWord": "2",
        "SentimentPolarity": "1"
      },
      {
        "Aspect": "기능",
        "SentimentText": "보프라기제거은 너무잘되네요",
        "SentimentWord": "2",
        "SentimentPolarity": "1"
      }
    ]
  },
  {
    "Index": "4681",
    "RawText": "스타일러  퀄리티도 좋고 너우 잘사용 하고 있습니다. 색상도 너무 이뻐요^^",
    "Source": "SNS",
    "Domain": "가전",
    "MainCategory": "생활/미용/욕실가전",
    "ProductName": "(TV_방송중_프리즘백) 아이스티머 스타일러 COO-1000",
    "ReviewScore": "100",
    "Syllable": "42",
    "Word": "10",
    "RDate": "20200117",
    "GeneralPolarity": "1",
    "Aspects": [
      {
        "Aspect": "품질",
        "SentimentText": "스타일러 퀄리티도 좋고 너우 잘사용 하고 있습니다.",
        "SentimentWord": "7",
        "SentimentPolarity": "1"
      },
      {
        "Aspect": "색상",
        "SentimentText": "색상도 너무 이뻐요^^",
        "SentimentWord": "3",
        "SentimentPolarity": "1"
      }
    ]
  },
  {
    "Index": "4682",
    "RawText": "예전부터 가지고 싶던 예쁜 디자인이라 마음에 들어요~스타일러 기능도 잘 되어 완전 좋아요~",
    "Source": "SNS",
    "Domain": "가전",
    "MainCategory": "생활/미용/욕실가전",
    "ProductName": "(TV_방송중_프리즘백) 아이스티머 스타일러 COO-1000",
    "ReviewScore": "100",
    "Syllable": "50",
    "Word": "12",
    "RDate": "20191221",
    "GeneralPolarity": "1",
    "Aspects": [
      {
        "Aspect": "디자인",
        "SentimentText": "예전부터 가지고 싶던 예쁜 디자인이라 마음에 들어요~",
        "SentimentWord": "7",
        "SentimentPolarity": "1"
      },
      {
        "Aspect": "기능",
        "SentimentText": "스타일러 기능도 잘 되어 완전 좋아요~",
        "SentimentWord": "6",
        "SentimentPolarity": "1"
      }
    ]
  },
  {
    "Index": "4683",
    "RawText": "민트 컬러가 너무 이뻐요^^  물통이 손바닥 반만한데 가득채우고 옷 5벌 다렸는데도 물이 넉넉히 남았더라구요 굿^^",
    "Source": "SNS",
    "Domain": "가전",
    "MainCategory": "생활/미용/욕실가전",
    "ProductName": "(TV_방송중_프리즘백) 아이스티머 스타일러 COO-1000",
    "ReviewScore": "10",
    "Syllable": "64",
    "Word": "15",
    "RDate": "20191114",
    "Aspects": [
      {
        "Aspect": "색상",
        "SentimentText": "민트 컬러가 너무 이뻐요^^ ",
        "SentimentWord": "4",
        "SentimentPolarity": "1"
      },
      {
        "Aspect": "용량",
        "SentimentText": "물통이 손바닥 반만한데 가득채우고 옷 5벌 다렸는데도 물이 넉넉히 남았더라구요 굿^^",
        "SentimentWord": "11",
        "SentimentPolarity": "1"
      }
    ]
  },
  {
    "Index": "4684",
    "RawText": "스타일러 디자인은 예뻐서 두기엔 좋아요. 휴대성은 좋지만 다림질 기능은 잘 안되는것 같아요  그냥 니트 스팀용으로 그럭저럭 돈내고산게 아까워서라도 사용하고 있습니다 그런거 치고는 가격이 너무 비싼편이네요",
    "Source": "SNS",
    "Domain": "가전",
    "MainCategory": "생활/미용/욕실가전",
    "ProductName": "(TV_방송중_프리즘백) 아이스티머 스타일러 COO-1000",
    "ReviewScore": "60",
    "Syllable": "113",
    "Word": "25",
    "RDate": "20191027",
    "Aspects": [
      {
        "Aspect": "디자인",
        "SentimentText": "스타일러 디자인은 예뻐서 두기엔 좋아요.",
        "SentimentWord": "5",
        "SentimentPolarity": "1"
      },
      {
        "Aspect": "기능",
        "SentimentText": "휴대성은 좋지만 다림질 기능은 잘 안되는것 같아요",
        "SentimentWord": "7",
        "SentimentPolarity": "-1"
      },
      {
        "Aspect": "가격",
        "SentimentText": "그냥 니트 스팀용으로 그럭저럭 돈내고산게 아까워서라도 사용하고 있습니다 그런거 치고는 가격이 너무 비싼편이네요",
        "SentimentWord": "13",
        "SentimentPolarity": "0"
      }
    ]
  },
  {
    "Index": "4685",
    "RawText": "무게감 있어 팔목아파요 옷을 다림질 해봤더니 짝쫙 펴지지않아요. 믿고 구매한 내 잘못이 크네요  비추!!입니다",
    "Source": "SNS",
    "Domain": "가전",
    "MainCategory": "생활/미용/욕실가전",
    "ProductName": "(TV_방송중_프리즘백) 아이스티머 스타일러 COO-1000",
    "ReviewScore": "40",
    "Syllable": "61",
    "Word": "14",
    "RDate": "20190904",
    "GeneralPolarity": "-1",
    "Aspects": [
      {
        "Aspect": "무게",
        "SentimentText": "무게감 있어 팔목아파요",
        "SentimentWord": "3",
        "SentimentPolarity": "-1"
      },
      {
        "Aspect": "기능",
        "SentimentText": "옷을 다림질 해봤더니 짝쫙 펴지지않아요.",
        "SentimentWord": "5",
        "SentimentPolarity": "-1"
      }
    ]
  },
  {
    "Index": "4686",
    "RawText": "방송보다는 주름이 쉽게 펴지진않아서 성능이 아쉬워요...스팀이 몇초 나오다가 끊어졌다가 다시 예열되야 나와서 불편해요...디자인은 깔끔해서 예뻐요",
    "Source": "SNS",
    "Domain": "가전",
    "MainCategory": "생활/미용/욕실가전",
    "ProductName": "(TV_방송중_프리즘백) 아이스티머 스타일러 COO-1000",
    "ReviewScore": "60",
    "Syllable": "81",
    "Word": "15",
    "RDate": "20191222",
    "GeneralPolarity": "-1",
    "Aspects": [
      {
        "Aspect": "기능",
        "SentimentText": "방송보다는 주름이 쉽게 펴지진않아서 성능이 아쉬워요...",
        "SentimentWord": "6",
        "SentimentPolarity": "-1"
      },
      {
        "Aspect": "편의성",
        "SentimentText": "스팀이 몇초 나오다가 끊어졌다가 다시 예열되야 나와서 불편해요...",
        "SentimentWord": "8",
        "SentimentPolarity": "-1"
      },
      {
        "Aspect": "디자인",
        "SentimentText": "디자인은 깔끔해서 예뻐요",
        "SentimentWord": "3",
        "SentimentPolarity": "1"
      }
    ]
  },
  {
    "Index": "4687",
    "RawText": "보여주시는것처럼 잘안다려져요  훨씬 저렴한거 구입할수도 있었지만 더 기능이 좋을꺼라  믿고 구입했는데 얇은 브라우스 주름도 안펴져요 땡겨서 해줘야 약간펴지는 정도에요 반품도  할수없고 완전 실망입니다",
    "Source": "SNS",
    "Domain": "가전",
    "MainCategory": "생활/미용/욕실가전",
    "ProductName": "(TV_방송중_프리즘백) 아이스티머 스타일러 COO-1000",
    "ReviewScore": "20",
    "Syllable": "111",
    "Word": "23",
    "RDate": "20190828",
    "GeneralPolarity": "-1",
    "Aspects": [
      {
        "Aspect": "기능",
        "SentimentText": "보여주시는것처럼 잘안다려져요 ",
        "SentimentWord": "2",
        "SentimentPolarity": "-1"
      },
      {
        "Aspect": "기능",
        "SentimentText": "얇은 브라우스 주름도 안펴져요 땡겨서 해줘야 약간펴지는 정도에요",
        "SentimentWord": "8",
        "SentimentPolarity": "-1"
      }
    ]
  },
  {
    "Index": "4688",
    "RawText": "사용하기 편하고 스팀다리미중에는 가벼운편이예요",
    "Source": "SNS",
    "Domain": "가전",
    "MainCategory": "생활/미용/욕실가전",
    "ProductName": "(TV_방송중_프리즘백) 아이스티머 스타일러 COO-1000",
    "ReviewScore": "100",
    "Syllable": "25",
    "Word": "4",
    "RDate": "20191021",
    "GeneralPolarity": "1",
    "Aspects": [
      {
        "Aspect": "편의성",
        "SentimentText": "사용하기 편하고",
        "SentimentWord": "2",
        "SentimentPolarity": "1"
      },
      {
        "Aspect": "무게",
        "SentimentText": "스팀다리미중에는 가벼운편이예요",
        "SentimentWord": "2",
        "SentimentPolarity": "1"
      }
    ]
  },
  {
    "Index": "4689",
    "RawText": "사은품 구성이 너무 마음에 듭니다ᆢ특히 보풀제거기는 예상 외로 만족이니다ᆢ본상품은 가격대비 만족스럽지는 안네요~",
    "Source": "SNS",
    "Domain": "가전",
    "MainCategory": "생활/미용/욕실가전",
    "ProductName": "(TV_방송중_프리즘백) 아이스티머 스타일러 COO-1000",
    "ReviewScore": "60",
    "Syllable": "62",
    "Word": "12",
    "RDate": "20191021",
    "GeneralPolarity": "0",
    "Aspects": [
      {
        "Aspect": "제품구성",
        "SentimentText": "사은품 구성이 너무 마음에 듭니다ᆢ특히 보풀제거기는 예상 외로 만족이니다ᆢ",
        "SentimentWord": "9",
        "SentimentPolarity": "1"
      },
      {
        "Aspect": "가격",
        "SentimentText": "본상품은 가격대비 만족스럽지는 안네요~",
        "SentimentWord": "4",
        "SentimentPolarity": "-1"
      }
    ]
  },
  {
    "Index": "4690",
    "RawText": "파스텔 색상과 모던한 디자인이 괜찮네요~ 물이 적게 들어가 옷을 두장 다리면 물을 다시 채워야 해서 번거로워요....무거워서 오래 다릴수 없어서 아쉽네요..",
    "Source": "SNS",
    "Domain": "가전",
    "MainCategory": "생활/미용/욕실가전",
    "ProductName": "(TV_방송중_프리즘백) 아이스티머 스타일러 COO-1000",
    "ReviewScore": "0",
    "Syllable": "87",
    "Word": "20",
    "RDate": "20191106",
    "GeneralPolarity": "-1",
    "Aspects": [
      {
        "Aspect": "색상",
        "SentimentText": "파스텔 색상과 모던한 디자인이 괜찮네요~ ",
        "SentimentWord": "5",
        "SentimentPolarity": "1"
      },
      {
        "Aspect": "디자인",
        "SentimentText": "모던한 디자인이 괜찮네요~ ",
        "SentimentWord": "3",
        "SentimentPolarity": "1"
      },
      {
        "Aspect": "용량",
        "SentimentText": "물이 적게 들어가 옷을 두장 다리면 물을 다시 채워야 해서 번거로워요....",
        "SentimentWord": "11",
        "SentimentPolarity": "-1"
      },
      {
        "Aspect": "무게",
        "SentimentText": "무거워서 오래 다릴수 없어서 아쉽네요..",
        "SentimentWord": "5",
        "SentimentPolarity": "-1"
      }
    ]
  },
  {
    "Index": "4691",
    "RawText": "제품 색상도예뻐서 정말 맘에 드네요~ 게다가 사은품까지 챙겨주시니 맘에들어  잘사용하고 있어요.",
    "Source": "SNS",
    "Domain": "가전",
    "MainCategory": "생활/미용/욕실가전",
    "ProductName": "(TV_방송중_프리즘백) 아이스티머 스타일러 COO-1000",
    "ReviewScore": "100",
    "Syllable": "53",
    "Word": "11",
    "RDate": "20191020",
    "GeneralPolarity": "1",
    "Aspects": [
      {
        "Aspect": "색상",
        "SentimentText": "제품 색상도예뻐서 정말 맘에 드네요~",
        "SentimentWord": "5",
        "SentimentPolarity": "1"
      },
      {
        "Aspect": "제품구성",
        "SentimentText": "사은품까지 챙겨주시니 맘에들어  잘사용하고 있어요.",
        "SentimentWord": "5",
        "SentimentPolarity": "1"
      }
    ]
  },
  {
    "Index": "4692",
    "RawText": "어이없네요 뜯자마자 깜놀 포장상태가 완전 엉망인 채로 왔네요. 제품이 흠집이 있어요 밝은 색상이라 더 티가 나네요 교환신청합니다빨리처리해주세요ㅡㅡ 색상도 하필이면 핑크도 있고 검정도 있고 다양한데 스카이블루라니.. 마음에 들지 않아요",
    "Source": "SNS",
    "Domain": "가전",
    "MainCategory": "생활/미용/욕실가전",
    "ProductName": "(TV_방송중_프리즘백) 아이스티머 스타일러 COO-1000",
    "ReviewScore": "20",
    "Syllable": "130",
    "Word": "28",
    "RDate": "20190922",
    "Aspects": [
      {
        "Aspect": "품질",
        "SentimentText": "제품이 흠집이 있어요 밝은 색상이라 더 티가 나네요",
        "SentimentWord": "8",
        "SentimentPolarity": "-1"
      },
      {
        "Aspect": "색상",
        "SentimentText": "색상도 하필이면 핑크도 있고 검정도 있고 다양한데 스카이블루라니.. 마음에 들지 않아요",
        "SentimentWord": "11",
        "SentimentPolarity": "-1"
      }
    ]
  },
  {
    "Index": "4693",
    "RawText": "옷다림질이 생각보다 잘안되는거같아요ㅠㅠ 가격대비로는 그저그런거 같아요",
    "Source": "SNS",
    "Domain": "가전",
    "MainCategory": "생활/미용/욕실가전",
    "ProductName": "(TV_방송중_프리즘백) 아이스티머 스타일러 COO-1000",
    "ReviewScore": "60",
    "Syllable": "38",
    "Word": "6",
    "RDate": "20191017",
    "GeneralPolarity": "-1",
    "Aspects": [
      {
        "Aspect": "기능",
        "SentimentText": "옷다림질이 생각보다 잘안되는거같아요ㅠㅠ",
        "SentimentWord": "3",
        "SentimentPolarity": "-1"
      },
      {
        "Aspect": "가격",
        "SentimentText": "가격대비로는 그저그런거 같아요",
        "SentimentWord": "3",
        "SentimentPolarity": "0"
      }
    ]
  },
  {
    "Index": "4694",
    "RawText": "디자인은 미니멀해서 이뻐요 그런데 사용하기에는 계속 눌러야 스팀이 나와서 조금 불편해요",
    "Source": "SNS",
    "Domain": "가전",
    "MainCategory": "생활/미용/욕실가전",
    "ProductName": "(TV_방송중_프리즘백) 아이스티머 스타일러 COO-1000",
    "ReviewScore": "60",
    "Syllable": "48",
    "Word": "11",
    "RDate": "20191009",
    "GeneralPolarity": "-1",
    "Aspects": [
      {
        "Aspect": "디자인",
        "SentimentText": "디자인은 미니멀해서 이뻐요 ",
        "SentimentWord": "3",
        "SentimentPolarity": "1"
      },
      {
        "Aspect": "편의성",
        "SentimentText": "사용하기에는 계속 눌러야 스팀이 나와서 조금 불편해요",
        "SentimentWord": "7",
        "SentimentPolarity": "-1"
      }
    ]
  },
  {
    "Index": "4695",
    "RawText": "제품이 무거워서 사용하기 힘들어요  계속누르고사용해야해서  손가락에 쥐날것 같이 불편해요",
    "Source": "SNS",
    "Domain": "가전",
    "MainCategory": "생활/미용/욕실가전",
    "ProductName": "(TV_방송중_프리즘백) 아이스티머 스타일러 COO-1000",
    "ReviewScore": "100",
    "Syllable": "49",
    "Word": "9",
    "RDate": "20191008",
    "GeneralPolarity": "-1",
    "Aspects": [
      {
        "Aspect": "무게",
        "SentimentText": "제품이 무거워서 사용하기 힘들어요",
        "SentimentWord": "4",
        "SentimentPolarity": "-1"
      },
      {
        "Aspect": "편의성",
        "SentimentText": "계속누르고사용해야해서  손가락에 쥐날것 같이 불편해요",
        "SentimentWord": "5",
        "SentimentPolarity": "-1"
      }
    ]
  },
  {
    "Index": "4696",
    "RawText": "주문하고   취소할까 고민 많이 했는데 생각보다 잘 다려지네요  생활주름 펴는 용도로 쓸려구요~ 보풀제거기도 맘에듭니다",
    "Source": "SNS",
    "Domain": "가전",
    "MainCategory": "생활/미용/욕실가전",
    "ProductName": "(TV_방송중_프리즘백) 아이스티머 스타일러 COO-1000",
    "ReviewScore": "100",
    "Syllable": "66",
    "Word": "14",
    "RDate": "20190918",
    "GeneralPolarity": "1",
    "Aspects": [
      {
        "Aspect": "기능",
        "SentimentText": "생각보다 잘 다려지네요",
        "SentimentWord": "3",
        "SentimentPolarity": "1"
      },
      {
        "Aspect": "제품구성",
        "SentimentText": "보풀제거기도 맘에듭니다",
        "SentimentWord": "2",
        "SentimentPolarity": "1"
      }
    ]
  },
  {
    "Index": "4697",
    "RawText": "진짜 이뻐요~~넘 맘에드네요 ~쓰기 편하구 건조기에서 바루나온 옷들 깔끔하게 펴지는게 진짜 맘에드네요",
    "Source": "SNS",
    "Domain": "가전",
    "MainCategory": "생활/미용/욕실가전",
    "ProductName": "(TV_방송중_프리즘백) 아이스티머 스타일러 COO-1000",
    "ReviewScore": "100",
    "Syllable": "56",
    "Word": "12",
    "RDate": "20191011",
    "GeneralPolarity": "1",
    "Aspects": [
      {
        "Aspect": "디자인",
        "SentimentText": "진짜 이뻐요~",
        "SentimentWord": "2",
        "SentimentPolarity": "1"
      },
      {
        "Aspect": "편의성",
        "SentimentText": "쓰기 편하구 건조기에서 바루나온 옷들 깔끔하게 펴지는게 진짜 맘에드네요",
        "SentimentWord": "9",
        "SentimentPolarity": "1"
      },
      {
        "Aspect": "기능",
        "SentimentText": "건조기에서 바루나온 옷들 깔끔하게 펴지는게 진짜 맘에드네요",
        "SentimentWord": "7",
        "SentimentPolarity": "1"
      }
    ]
  },
  {
    "Index": "4698",
    "RawText": "옷을 다려보는데 잘 안다려지네요ㅠ 스티머 용량이 작아서 여러 번 채워야 해서 그 부분은 불편해요~ 꾸깃한것도 그대로이고 방송이랑 너무다르네요",
    "Source": "SNS",
    "Domain": "가전",
    "MainCategory": "생활/미용/욕실가전",
    "ProductName": "(TV_방송중_혼합) 아이스티머 스타일러 COO-1000",
    "ReviewScore": "10",
    "Syllable": "78",
    "Word": "18",
    "RDate": "20200402",
    "Aspects": [
      {
        "Aspect": "기능",
        "SentimentText": "옷을 다려보는데 잘 안다려지네요ㅠ",
        "SentimentWord": "4",
        "SentimentPolarity": "-1"
      },
      {
        "Aspect": "편의성",
        "SentimentText": "스티머 용량이 작아서 여러 번 채워야 해서 그 부분은 불편해요~",
        "SentimentWord": "10",
        "SentimentPolarity": "-1"
      }
    ]
  },
  {
    "Index": "4699",
    "RawText": "첫사용해본지라 잘은모르겠는데 진짜색이뿌구 디자인이 고급지네요",
    "Source": "SNS",
    "Domain": "가전",
    "MainCategory": "생활/미용/욕실가전",
    "ProductName": "(TV_방송중_혼합) 아이스티머 스타일러 COO-1000",
    "ReviewScore": "100",
    "Syllable": "33",
    "Word": "5",
    "RDate": "20200401",
    "GeneralPolarity": "1",
    "Aspects": [
      {
        "Aspect": "색상",
        "SentimentText": " 진짜색이뿌구",
        "SentimentWord": "1",
        "SentimentPolarity": "1"
      },
      {
        "Aspect": "디자인",
        "SentimentText": " 디자인이 고급지네요",
        "SentimentWord": "2",
        "SentimentPolarity": "1"
      }
    ]
  },
  {
    "Index": "4700",
    "RawText": "제품 잘 됩니다. 만족합니다..    색상도 예쁘고...  잘 쓰겠습니다.",
    "Source": "SNS",
    "Domain": "가전",
    "MainCategory": "생활/미용/욕실가전",
    "ProductName": "(TV_방송중무료체험) 리빈치 핸디스팀다리미 올스티머 (Livinchi All Steamer)",
    "ReviewScore": "100",
    "Syllable": "41",
    "Word": "8",
    "RDate": "20210319",
    "GeneralPolarity": "1",
    "Aspects": [
      {
        "Aspect": "품질",
        "SentimentText": "제품 잘 됩니다. 만족합니다..  ",
        "SentimentWord": "4",
        "SentimentPolarity": "1"
      },
      {
        "Aspect": "색상",
        "SentimentText": "  색상도 예쁘고...  잘 쓰겠습니다.",
        "SentimentWord": "4",
        "SentimentPolarity": "1"
      }
    ]
  },
  {
    "Index": "4701",
    "RawText": "받고나선 반품할까 고민했다 사용해보니 기능이 좋아 정말 심쿵할정도로  꿀 탬 했다   스팀은 비싸서 생각만하다  고민하시는분들 고민하지말고 구매하세요 가격  품질 최고라고 생각해요 강추 일반 구매자 입니당",
    "Source": "SNS",
    "Domain": "가전",
    "MainCategory": "생활/미용/욕실가전",
    "ProductName": "(TV_방송중무료체험) 리빈치 핸디스팀다리미 올스티머 (Livinchi All Steamer)",
    "ReviewScore": "100",
    "Syllable": "114",
    "Word": "25",
    "RDate": "20210409",
    "GeneralPolarity": "1",
    "Aspects": [
      {
        "Aspect": "기능",
        "SentimentText": "사용해보니 기능이 좋아  정말 심쿵할정도로  꿀 탬 했다  ",
        "SentimentWord": "8",
        "SentimentPolarity": "1"
      },
      {
        "Aspect": "가격",
        "SentimentText": "가격  품질 최고라고 생각해요 강추 일반 구매자 입니당",
        "SentimentWord": "8",
        "SentimentPolarity": "1"
      },
      {
        "Aspect": "품질",
        "SentimentText": "품질 최고라고 생각해요 강추 일반 구매자 입니당",
        "SentimentWord": "7",
        "SentimentPolarity": "1"
      }
    ]
  },
  {
    "Index": "4702",
    "RawText": "스팀기능 아주 강럭하고  근접해서 슥슥 다리면 잘 다려지내요 만족합니다 디자인도 고급스러워 더 좋네요",
    "Source": "SNS",
    "Domain": "가전",
    "MainCategory": "생활/미용/욕실가전",
    "ProductName": "(TV_방송중무료체험) 리빈치 핸디스팀다리미 올스티머 (Livinchi All Steamer)",
    "ReviewScore": "90",
    "Syllable": "56",
    "Word": "13",
    "RDate": "20210317",
    "GeneralPolarity": "1",
    "Aspects": [
      {
        "Aspect": "기능",
        "SentimentText": "스팀기능 아주 강럭하고  근접해서 슥슥 다리면 잘 다려지내요 만족합니다",
        "SentimentWord": "9",
        "SentimentPolarity": "1"
      },
      {
        "Aspect": "디자인",
        "SentimentText": "디자인도 고급스러워 더 좋네요",
        "SentimentWord": "4",
        "SentimentPolarity": "1"
      }
    ]
  },
  {
    "Index": "4703",
    "RawText": "기울여도 물 셈 없고  다림질 패드도 마음에 들어요 조금 무거운 감은 있네요",
    "Source": "SNS",
    "Domain": "가전",
    "MainCategory": "생활/미용/욕실가전",
    "ProductName": "(TV_방송중무료체험) 테팔 퀵스티머 스팀 미닛 + 폴더블 스팀 매트",
    "ReviewScore": "80",
    "Syllable": "42",
    "Word": "12",
    "RDate": "20210805",
    "GeneralPolarity": "1",
    "Aspects": [
      {
        "Aspect": "조작성",
        "SentimentText": "기울여도 물 셈 없고",
        "SentimentWord": "4",
        "SentimentPolarity": "1"
      },
      {
        "Aspect": "제품구성",
        "SentimentText": "다림질 패드도 마음에 들어요",
        "SentimentWord": "4",
        "SentimentPolarity": "1"
      },
      {
        "Aspect": "무게",
        "SentimentText": "조금 무거운 감은 있네요",
        "SentimentWord": "4",
        "SentimentPolarity": "0"
      }
    ]
  },
  {
    "Index": "4704",
    "RawText": "가벼워서 좋은데 바닥에 물방울이 자꾸 생겨서. 세탁물에 얼룩이져요ㅠㅠ",
    "Source": "SNS",
    "Domain": "가전",
    "MainCategory": "생활/미용/욕실가전",
    "ProductName": "(TV_방송중무료체험) 테팔 퀵스티머 스팀 미닛 + 폴더블 스팀 매트",
    "ReviewScore": "50",
    "Syllable": "38",
    "Word": "8",
    "RDate": "20201223",
    "GeneralPolarity": "-1",
    "Aspects": [
      {
        "Aspect": "무게",
        "SentimentText": "가벼워서 좋은데",
        "SentimentWord": "2",
        "SentimentPolarity": "1"
      },
      {
        "Aspect": "기능",
        "SentimentText": "바닥에 물방울이 자꾸 생겨서. 세탁물에 얼룩이져요ㅠㅠ",
        "SentimentWord": "6",
        "SentimentPolarity": "-1"
      }
    ]
  },
  {
    "Index": "4705",
    "RawText": "구성 다좋은데.... 넘나무거워서 사용하기힘들어요..ㅠㅠ",
    "Source": "SNS",
    "Domain": "가전",
    "MainCategory": "생활/미용/욕실가전",
    "ProductName": "(TV_방송중무료체험) 테팔 퀵스티머 스팀 미닛 + 폴더블 스팀 매트",
    "ReviewScore": "30",
    "Syllable": "31",
    "Word": "4",
    "RDate": "20210626",
    "GeneralPolarity": "-1",
    "Aspects": [
      {
        "Aspect": "제품구성",
        "SentimentText": "구성 다좋은데.... ",
        "SentimentWord": "2",
        "SentimentPolarity": "1"
      },
      {
        "Aspect": "무게",
        "SentimentText": "넘나무거워서 사용하기힘들어요..ㅠㅠ",
        "SentimentWord": "2",
        "SentimentPolarity": "-1"
      }
    ]
  },
  {
    "Index": "4706",
    "RawText": "니트 잔주름은 잘 펴져서 좋은데. 시종일관 다다다다~~소리나는거 정상제품맞는지 문의합니다 너무거슬려서 사용하기 불편해요",
    "Source": "SNS",
    "Domain": "가전",
    "MainCategory": "생활/미용/욕실가전",
    "ProductName": "(TV_방송중무료체험) 테팔 퀵스티머 스팀 미닛 + 폴더블 스팀 매트",
    "ReviewScore": "60",
    "Syllable": "66",
    "Word": "12",
    "RDate": "20201219",
    "GeneralPolarity": "0",
    "Aspects": [
      {
        "Aspect": "기능",
        "SentimentText": "니트 잔주름은 잘 펴져서 좋은데",
        "SentimentWord": "5",
        "SentimentPolarity": "1"
      },
      {
        "Aspect": "소음",
        "SentimentText": "시종일관 다다다다~~소리나는거 정상제품맞는지 문의합니다 너무거슬려서 사용하기 불편해요",
        "SentimentWord": "7",
        "SentimentPolarity": "-1"
      }
    ]
  },
  {
    "Index": "4707",
    "RawText": "스팀다리미 치고는 다소크기가 큰 감이 있지만 가볍고 좋습니다ㆍ물이 떨어지지 않습니다ㆍ",
    "Source": "SNS",
    "Domain": "가전",
    "MainCategory": "생활/미용/욕실가전",
    "ProductName": "(TV_방송중무료체험) 테팔 퀵스티머 스팀 미닛 + 폴더블 스팀 매트",
    "ReviewScore": "80",
    "Syllable": "47",
    "Word": "10",
    "RDate": "20210819",
    "Aspects": [
      {
        "Aspect": "사이즈",
        "SentimentText": "스팀다리미 치고는 다소크기가 큰 감이 있지만 가볍고 좋습니다",
        "SentimentWord": "8",
        "SentimentPolarity": "0"
      },
      {
        "Aspect": "무게",
        "SentimentText": "가볍고 좋습니다",
        "SentimentWord": "2",
        "SentimentPolarity": "1"
      }
    ]
  },
  {
    "Index": "4708",
    "RawText": "무게가 좀 나가긴 하지만 한꺼번에 여러장 다리지 않으면 그런대로 쓸만하고  만족해요 잘쓸께요",
    "Source": "SNS",
    "Domain": "가전",
    "MainCategory": "생활/미용/욕실가전",
    "ProductName": "(TV_방송중무료체험) 테팔 퀵스티머 스팀 미닛 + 폴더블 스팀 매트",
    "ReviewScore": "100",
    "Syllable": "51",
    "Word": "12",
    "RDate": "20210718",
    "GeneralPolarity": "0",
    "Aspects": [
      {
        "Aspect": "무게",
        "SentimentText": "무게가 좀 나가긴 하지만 ",
        "SentimentWord": "4",
        "SentimentPolarity": "-1"
      },
      {
        "Aspect": "기능",
        "SentimentText": "한꺼번에 여러장 다리지 않으면 그런대로 쓸만하고  만족해요",
        "SentimentWord": "7",
        "SentimentPolarity": "0"
      }
    ]
  },
  {
    "Index": "4709",
    "RawText": "스팀매트는  딱딱한 재질이 아니라 접어서 보관이 용이하고 간편하게 다릴수 있어 좋네요 초경량이라고  그러더니 무거워요 ㅜㅜ",
    "Source": "SNS",
    "Domain": "가전",
    "MainCategory": "생활/미용/욕실가전",
    "ProductName": "(TV_방송중무료체험) 테팔 퀵스티머 스팀 미닛 + 폴더블 스팀 매트",
    "ReviewScore": "100",
    "Syllable": "68",
    "Word": "15",
    "RDate": "20201114",
    "GeneralPolarity": "1",
    "Aspects": [
      {
        "Aspect": "편의성",
        "SentimentText": "스팀매트는  딱딱한 재질이 아니라 접어서 보관이 용이하고",
        "SentimentWord": "7",
        "SentimentPolarity": "1"
      },
      {
        "Aspect": "편의성",
        "SentimentText": "간편하게 다릴수 있어 좋네요",
        "SentimentWord": "4",
        "SentimentPolarity": "1"
      },
      {
        "Aspect": "무게",
        "SentimentText": "초경량이라고  그러더니 무거워요 ㅜㅜ",
        "SentimentWord": "4",
        "SentimentPolarity": "-1"
      }
    ]
  },
  {
    "Index": "4710",
    "RawText": "여름 옷들이나 얇은 면은 잘 다려지는데 두꺼운건 별로네요 그리고 물을 넣은 무게가 있어서 다림질할때 팔이 아파요",
    "Source": "SNS",
    "Domain": "가전",
    "MainCategory": "생활/미용/욕실가전",
    "ProductName": "(TV_방송중무료체험) 테팔 퀵스티머 스팀 미닛 + 폴더블 스팀 매트",
    "ReviewScore": "60",
    "Syllable": "62",
    "Word": "16",
    "RDate": "20201227",
    "GeneralPolarity": "-1",
    "Aspects": [
      {
        "Aspect": "기능",
        "SentimentText": "여름 옷들이나 얇은 면은 잘 다려지는데 두꺼운건 별로네요",
        "SentimentWord": "8",
        "SentimentPolarity": "-1"
      },
      {
        "Aspect": "무게",
        "SentimentText": "물을 넣은 무게가 있어서 다림질할때 팔이 아파요",
        "SentimentWord": "7",
        "SentimentPolarity": "-1"
      }
    ]
  },
  {
    "Index": "4711",
    "RawText": "오호  스팀 빵빵 잘 나오고 방송 처럼 주름도 잘 펴지고 있어요 좋아요 조작법도 한번 보면 바로 따라할 수 있어서 손쉽게 사용 가능합니다",
    "Source": "SNS",
    "Domain": "가전",
    "MainCategory": "생활/미용/욕실가전",
    "ProductName": "(TV_방송중무료체험) 테팔 퀵스티머 스팀 미닛 + 폴더블 스팀 매트",
    "ReviewScore": "100",
    "Syllable": "76",
    "Word": "22",
    "RDate": "20210623",
    "GeneralPolarity": "1",
    "Aspects": [
      {
        "Aspect": "기능",
        "SentimentText": "스팀 빵빵 잘 나오고 방송 처럼 주름도 잘 펴지고 있어요 좋아요",
        "SentimentWord": "11",
        "SentimentPolarity": "1"
      },
      {
        "Aspect": "조작성",
        "SentimentText": "조작법도 한번 보면 바로 따라할 수 있어서 손쉽게 사용 가능합니다",
        "SentimentWord": "10",
        "SentimentPolarity": "1"
      }
    ]
  },
  {
    "Index": "4712",
    "RawText": "옷걸이에   걸어  다림질하니 편하고 좋아요. 예열시간이 생각보다 좀 걸리네요.",
    "Source": "SNS",
    "Domain": "가전",
    "MainCategory": "생활/미용/욕실가전",
    "ProductName": "(TV_방송중무료체험) 테팔 퀵스티머 스팀 미닛 + 폴더블 스팀 매트",
    "ReviewScore": "80",
    "Syllable": "44",
    "Word": "9",
    "RDate": "20210803",
    "GeneralPolarity": "1",
    "Aspects": [
      {
        "Aspect": "편의성",
        "SentimentText": "옷걸이에   걸어  다림질하니 편하고 좋아요.",
        "SentimentWord": "5",
        "SentimentPolarity": "1"
      },
      {
        "Aspect": "시간/속도",
        "SentimentText": "예열시간이 생각보다 좀 걸리네요.",
        "SentimentWord": "4",
        "SentimentPolarity": "-1"
      }
    ]
  },
  {
    "Index": "4713",
    "RawText": "일주일 체험이란말에 일단 주문하고 써 볼 계획이었는데  기능은 작지만 강력하네요 크기는 자리차지도없이 만족합니다",
    "Source": "SNS",
    "Domain": "가전",
    "MainCategory": "생활/미용/욕실가전",
    "ProductName": "(TV_방송중무료체험) 테팔 퀵스티머 스팀 미닛 + 폴더블 스팀 매트",
    "ReviewScore": "100",
    "Syllable": "62",
    "Word": "13",
    "RDate": "20201112",
    "GeneralPolarity": "1",
    "Aspects": [
      {
        "Aspect": "기능",
        "SentimentText": "기능은 작지만 강력하네요",
        "SentimentWord": "3",
        "SentimentPolarity": "1"
      },
      {
        "Aspect": "사이즈",
        "SentimentText": "크기는 자리차지도없이 만족합니다",
        "SentimentWord": "3",
        "SentimentPolarity": "1"
      }
    ]
  },
  {
    "Index": "4714",
    "RawText": "제품 사용은 아직 안했는데 처음 받았을때 디자인을 보고 반해버렸어요 너무 좋아요. 무게감도 그렇게 무겁지 않고 참 좋네요",
    "Source": "SNS",
    "Domain": "가전",
    "MainCategory": "생활/미용/욕실가전",
    "ProductName": "(TV_방송중무료체험) 테팔 퀵스티머 스팀 미닛 + 폴더블 스팀 매트",
    "ReviewScore": "100",
    "Syllable": "67",
    "Word": "17",
    "RDate": "20201201",
    "GeneralPolarity": "1",
    "Aspects": [
      {
        "Aspect": "디자인",
        "SentimentText": "처음 받았을때 디자인을 보고 반해버렸어요 너무 좋아요.",
        "SentimentWord": "7",
        "SentimentPolarity": "1"
      },
      {
        "Aspect": "무게",
        "SentimentText": "무게감도 그렇게 무겁지 않고 참 좋네요",
        "SentimentWord": "6",
        "SentimentPolarity": "1"
      }
    ]
  }
]