[
  {
    "Index": "22422",
    "RawText": "용량 넉넉해서 한꺼번에 많이 빨수 있어서 완전 좋네요. 바로 바로 건조까지 보송보송 엄청 맘에 들어요! 배송기사도 무척 친절한 분이셔서 기분좋게 설치했습니다!!",
    "Source": "쇼핑몰",
    "Domain": "가전",
    "MainCategory": "생활/미용/욕실가전",
    "ProductName": "트롬 LG전자 F19WDBU + RH17WTLN",
    "ReviewScore": "5",
    "Syllable": "89",
    "Word": "21",
    "RDate": "20220803",
    "Aspects": [
      {
        "Aspect": "용량",
        "SentimentText": "용량 넉넉해서 한꺼번에 많이 빨수 있어서 완전 좋네요",
        "SentimentWord": "8",
        "SentimentPolarity": "1"
      },
      {
        "Aspect": "기능",
        "SentimentText": " 바로 바로 건조까지 보송보송 엄청 맘에 들어요!",
        "SentimentWord": "7",
        "SentimentPolarity": "1"
      }
    ]
  },
  {
    "Index": "22423",
    "RawText": "원하는 날짜 맞춰 배송받고, 친절한 기사가 설치 해줘서 기분좋게 받았어요. 가격을 저렴하게 구입해서 만족스럽습니다 제품도 색상이 고급지고 세련되서 매우 마음에 듭니다.",
    "Source": "쇼핑몰",
    "Domain": "가전",
    "MainCategory": "생활/미용/욕실가전",
    "ProductName": "트롬 LG전자 F19WDBU + RH17WTLN",
    "ReviewScore": "5",
    "Syllable": "93",
    "Word": "21",
    "RDate": "20220601",
    "Aspects": [
      {
        "Aspect": "가격",
        "SentimentText": "가격을 저렴하게 구입해서 만족스럽습니다",
        "SentimentWord": "4",
        "SentimentPolarity": "1"
      },
      {
        "Aspect": "색상",
        "SentimentText": "제품도 색상이 고급지고 세련되서 매우 마음에 듭니다.",
        "SentimentWord": "7",
        "SentimentPolarity": "1"
      }
    ]
  },
  {
    "Index": "22424",
    "RawText": "원하는 날에 설치를 받으니 기분이 좋네요.세탁기는 소음은  놀랍게도 거의 없어서 맘이 흡족합니다. 건조기는 먼지를 잘 털어줘서 만족합니다~!",
    "Source": "쇼핑몰",
    "Domain": "가전",
    "MainCategory": "생활/미용/욕실가전",
    "ProductName": "트롬 LG전자 F19WDBU + RH17WTLN",
    "ReviewScore": "5",
    "Syllable": "78",
    "Word": "17",
    "RDate": "20220616",
    "Aspects": [
      {
        "Aspect": "소음",
        "SentimentText": "세탁기는 소음은  놀랍게도 거의 없어서 맘이 흡족합니다. ",
        "SentimentWord": "7",
        "SentimentPolarity": "1"
      },
      {
        "Aspect": "기능",
        "SentimentText": "건조기는 먼지를 잘 털어줘서 만족합니다~!",
        "SentimentWord": "5",
        "SentimentPolarity": "1"
      }
    ]
  },
  {
    "Index": "22425",
    "RawText": "원했던 날에 정확하게 와서 좋네요. 건조기는 장마인 요즘에 뽀종하게 건조되서 매우 좋아요. 가끔씩 빨래가 냄세 났었는데,모두 해결해줘서 정말 편리합니다.마음의 짐을 덜었습니다^^",
    "Source": "쇼핑몰",
    "Domain": "가전",
    "MainCategory": "생활/미용/욕실가전",
    "ProductName": "트롬 LG전자 F19WDBU + RH17WTLN",
    "ReviewScore": "5",
    "Syllable": "99",
    "Word": "21",
    "RDate": "20220703",
    "GeneralPolarity": "1",
    "Aspects": [
      {
        "Aspect": "기능",
        "SentimentText": "건조기는 장마인 요즘에 뽀종하게 건조되서 매우 좋아요.",
        "SentimentWord": "7",
        "SentimentPolarity": "1"
      },
      {
        "Aspect": "편의성",
        "SentimentText": "가끔씩 빨래가 냄세 났었는데,모두 해결해줘서 정말 편리합니다.마음의 짐을 덜었습니다^^",
        "SentimentWord": "9",
        "SentimentPolarity": "1"
      }
    ]
  },
  {
    "Index": "22426",
    "RawText": "이번엔 이사로 세탁기+건조기를 좋은 가격에 구매해서 좋습니다. 생각보다 제품이 자리를 많이 차지하지 않아서 좁은 공간에 , 힘들었지만 잘되서 만족합니다.   빨래 돌려보니 잘 되서  굉장히 맘에 들어요.",
    "Source": "쇼핑몰",
    "Domain": "가전",
    "MainCategory": "생활/미용/욕실가전",
    "ProductName": "트롬 LG전자 F19WDBU + RH17WTLN",
    "ReviewScore": "5",
    "Syllable": "113",
    "Word": "26",
    "RDate": "20220708",
    "GeneralPolarity": "1",
    "Aspects": [
      {
        "Aspect": "가격",
        "SentimentText": "이번엔 이사로 세탁기+건조기를 좋은 가격에 구매해서 좋습니다.",
        "SentimentWord": "7",
        "SentimentPolarity": "1"
      },
      {
        "Aspect": "사이즈",
        "SentimentText": "생각보다 제품이 자리를 많이 차지하지 않아서 좁은 공간에 , 힘들었지만 잘되서 만족합니다. ",
        "SentimentWord": "12",
        "SentimentPolarity": "1"
      },
      {
        "Aspect": "기능",
        "SentimentText": "빨래 돌려보니 잘 되서  굉장히 맘에 들어요.",
        "SentimentWord": "7",
        "SentimentPolarity": "1"
      }
    ]
  },
  {
    "Index": "22427",
    "RawText": "이번 행사한 가격으로 저렴히 잘 사서 좋습니다. 바로 사용해보니 스팀 살균 건조 기능이 정말 잘되요 감사해요",
    "Source": "쇼핑몰",
    "Domain": "가전",
    "MainCategory": "생활/미용/욕실가전",
    "ProductName": "트롬 LG전자 F19WDBU + RH17WTLN",
    "ReviewScore": "5",
    "Syllable": "60",
    "Word": "16",
    "RDate": "20220524",
    "GeneralPolarity": "1",
    "Aspects": [
      {
        "Aspect": "가격",
        "SentimentText": "이번 행사한 가격으로 저렴히 잘 사서 좋습니다.",
        "SentimentWord": "7",
        "SentimentPolarity": "1"
      },
      {
        "Aspect": "기능",
        "SentimentText": "바로 사용해보니 스팀 살균 건조 기능이 정말 잘되요 감사해요",
        "SentimentWord": "9",
        "SentimentPolarity": "1"
      }
    ]
  },
  {
    "Index": "22429",
    "RawText": "이사한후 사용하던 세탁기를 가져온게 새집엔 어울지 않아서, 세일 많이 받아서 기분좋게 질렀습니다. 소음이 적어서 흐믓하고, 색상이 새집과 어울리게 예뻐서 대만족입니다^0^",
    "Source": "쇼핑몰",
    "Domain": "가전",
    "MainCategory": "생활/미용/욕실가전",
    "ProductName": "트롬 LG전자 F19WDBU + RH17WTLN",
    "ReviewScore": "5",
    "Syllable": "95",
    "Word": "20",
    "RDate": "20220601",
    "GeneralPolarity": "1",
    "Aspects": [
      {
        "Aspect": "가격",
        "SentimentText": "세일 많이 받아서 기분좋게 질렀습니다.",
        "SentimentWord": "5",
        "SentimentPolarity": "1"
      },
      {
        "Aspect": "소음",
        "SentimentText": "소음이 적어서 흐믓하고",
        "SentimentWord": "3",
        "SentimentPolarity": "1"
      },
      {
        "Aspect": "색상",
        "SentimentText": "색상이 새집과 어울리게 예뻐서 대만족입니다^0^",
        "SentimentWord": "5",
        "SentimentPolarity": "1"
      }
    ]
  },
  {
    "Index": "22431",
    "RawText": "가격대비 퀄리티 최고~~ 세탁기 빨래 조금 넣고 사용해보니 잘되서 맘에들어요. 다음에 더 사용해보면 맘에 드는 점들이 보여서 리뷰쓰기가 좋을 것 같아요.",
    "Source": "쇼핑몰",
    "Domain": "가전",
    "MainCategory": "생활/미용/욕실가전",
    "ProductName": "트롬 LG전자 F19WDBU + RH17WTLN",
    "ReviewScore": "3",
    "Syllable": "85",
    "Word": "21",
    "RDate": "20220504",
    "Aspects": [
      {
        "Aspect": "품질",
        "SentimentText": "가격대비 퀄리티 최고~~",
        "SentimentWord": "3",
        "SentimentPolarity": "1"
      },
      {
        "Aspect": "기능",
        "SentimentText": "세탁기 빨래 조금 넣고 사용해보니 잘되서 맘에들어요.",
        "SentimentWord": "7",
        "SentimentPolarity": "1"
      }
    ]
  },
  {
    "Index": "22432",
    "RawText": "장마엔 습도 높은날들이라 빨래가 냄새나는게 힘들었는데, 말끔히 해결해줘서 너무 편하고 좋습니다. 배송이 빠르고 기사들 친절해서 기분이 좋아요. 건조는 얼마나 잘되는지 뽀송하게 건조되서 정말 좋네요. 진작 못 산거 후회되네요~",
    "Source": "쇼핑몰",
    "Domain": "가전",
    "MainCategory": "생활/미용/욕실가전",
    "ProductName": "트롬 LG전자 F19WDBU + RH17WTLN",
    "ReviewScore": "5",
    "Syllable": "125",
    "Word": "28",
    "RDate": "20220706",
    "Aspects": [
      {
        "Aspect": "편의성",
        "SentimentText": "장마엔 습도 높은날들이라 빨래가 냄새나는게 힘들었는데, 말끔히 해결해줘서 너무 편하고 좋습니다.",
        "SentimentWord": "11",
        "SentimentPolarity": "1"
      },
      {
        "Aspect": "기능",
        "SentimentText": "건조는 얼마나 잘되는지 뽀송하게 건조되서 정말 좋네요. ",
        "SentimentWord": "7",
        "SentimentPolarity": "1"
      }
    ]
  },
  {
    "Index": "22433",
    "RawText": "넉넉한 용량으로 바꾸니 정말 좋아요~  제품은 빨래 세탁과 건조가 모두 잘되서 좋아요. 잘쓸께요~",
    "Source": "쇼핑몰",
    "Domain": "가전",
    "MainCategory": "생활/미용/욕실가전",
    "ProductName": "트롬 LG전자 F19WDBU + RH17WTLN",
    "ReviewScore": "5",
    "Syllable": "54",
    "Word": "13",
    "RDate": "20220604",
    "Aspects": [
      {
        "Aspect": "용량",
        "SentimentText": "넉넉한 용량으로 바꾸니 정말 좋아요~",
        "SentimentWord": "5",
        "SentimentPolarity": "1"
      },
      {
        "Aspect": "기능",
        "SentimentText": "제품은 빨래 세탁과 건조가 모두 잘되서 좋아요.",
        "SentimentWord": "7",
        "SentimentPolarity": "1"
      }
    ]
  },
  {
    "Index": "22434",
    "RawText": "착한 가격으로 데려왔어요~만족   부모님 댁에 세탁기를 치우고, 이번엔 ㅇㅇㅇ세탁기 건조기 세트 구매해보니 자리차지 많이 안하고 설치되니 공간 활용이 매우 좋습니다!!!",
    "Source": "쇼핑몰",
    "Domain": "가전",
    "MainCategory": "생활/미용/욕실가전",
    "ProductName": "트롬 LG전자 F19WDBU + RH17WTLN",
    "ReviewScore": "5",
    "Syllable": "94",
    "Word": "20",
    "RDate": "20220531",
    "Aspects": [
      {
        "Aspect": "가격",
        "SentimentText": "착한 가격으로 데려왔어요~만족",
        "SentimentWord": "3",
        "SentimentPolarity": "1"
      },
      {
        "Aspect": "사이즈",
        "SentimentText": "이번엔 ㅇㅇㅇ세탁기 건조기 세트 구매해보니 자리차지 많이 안하고 설치되니 공간 활용이 매우 좋습니다!!!",
        "SentimentWord": "13",
        "SentimentPolarity": "1"
      }
    ]
  },
  {
    "Index": "22435",
    "RawText": "좋은 가격으로 맘에 드는 세탁기 건조기 구입해서 만족스럽습니다. 배송이 빠르고 꼼꼼히 설치해 주셔서 감사합니다. 빨래를 돌려보니 보송보송 건조되는게 동작을 잘 해서 좋습니다! 잘쓸께요^^",
    "Source": "쇼핑몰",
    "Domain": "가전",
    "MainCategory": "생활/미용/욕실가전",
    "ProductName": "트롬 LG전자 F19WDBU + RH17WTLN",
    "ReviewScore": "5",
    "Syllable": "104",
    "Word": "23",
    "RDate": "20220601",
    "Aspects": [
      {
        "Aspect": "가격",
        "SentimentText": "좋은 가격으로 맘에 드는 세탁기 건조기 구입해서 만족스럽습니다.",
        "SentimentWord": "8",
        "SentimentPolarity": "1"
      },
      {
        "Aspect": "기능",
        "SentimentText": "빨래를 돌려보니 보송보송 건조되는게 동작을 잘 해서 좋습니다! 잘쓸께요^^",
        "SentimentWord": "9",
        "SentimentPolarity": "1"
      }
    ]
  },
  {
    "Index": "22436",
    "RawText": "좋은제품을 저렴하게 구입하니 만족감이 크네요. 1등급이라 전기세 걱정없이 쓰고있어요~",
    "Source": "쇼핑몰",
    "Domain": "가전",
    "MainCategory": "생활/미용/욕실가전",
    "ProductName": "트롬 LG전자 F19WDBU + RH17WTLN",
    "ReviewScore": "5",
    "Syllable": "47",
    "Word": "9",
    "RDate": "20220712",
    "Aspects": [
      {
        "Aspect": "가격",
        "SentimentText": "좋은제품을 저렴하게 구입하니 만족감이 크네요.",
        "SentimentWord": "5",
        "SentimentPolarity": "1"
      },
      {
        "Aspect": "소비전력",
        "SentimentText": "1등급이라 전기세 걱정없이 쓰고있어요~",
        "SentimentWord": "4",
        "SentimentPolarity": "1"
      }
    ]
  },
  {
    "Index": "22437",
    "RawText": "침구털기기능 정말 좋아요^^최고에요  행사가격으로 가격을 저렴하게 구입해서완전 만족입니다~^^잘 쓸께요~",
    "Source": "쇼핑몰",
    "Domain": "가전",
    "MainCategory": "생활/미용/욕실가전",
    "ProductName": "트롬 LG전자 F19WDBU + RH17WTLN",
    "ReviewScore": "5",
    "Syllable": "58",
    "Word": "9",
    "RDate": "20220601",
    "Aspects": [
      {
        "Aspect": "기능",
        "SentimentText": "침구털기기능 정말 좋아요^^최고에요",
        "SentimentWord": "3",
        "SentimentPolarity": "1"
      },
      {
        "Aspect": "가격",
        "SentimentText": "행사가격으로 가격을 저렴하게 구입해서완전 만족입니다~^^",
        "SentimentWord": "5",
        "SentimentPolarity": "1"
      }
    ]
  },
  {
    "Index": "22438",
    "RawText": "생각보다 발열감도 없고 튼튼해보여서 만족해요^^  2주쯤  사용해보니 빨래 세탁,건조까지 한자리에서 하니 편리해서 만족스럽습니다~~",
    "Source": "쇼핑몰",
    "Domain": "가전",
    "MainCategory": "생활/미용/욕실가전",
    "ProductName": "트롬 LG전자 F19WDBU + RH17WTLN",
    "ReviewScore": "5",
    "Syllable": "73",
    "Word": "13",
    "RDate": "20220626",
    "Aspects": [
      {
        "Aspect": "내구성",
        "SentimentText": "생각보다 발열감도 없고 튼튼해보여서 만족해요^^",
        "SentimentWord": "5",
        "SentimentPolarity": "1"
      },
      {
        "Aspect": "편의성",
        "SentimentText": "2주쯤  사용해보니 빨래 세탁,건조까지 한자리에서 하니 편리해서 만족스럽습니다~~",
        "SentimentWord": "8",
        "SentimentPolarity": "1"
      }
    ]
  },
  {
    "Index": "22439",
    "RawText": "많은 빨래 걱정없어요 ㅎㅎ 용량이 크니~~  빨래 건조시킬때 속도가 느려 시간이 오래 걸려요.",
    "Source": "쇼핑몰",
    "Domain": "가전",
    "MainCategory": "생활/미용/욕실가전",
    "ProductName": "트롬 LG전자 F19WDBU + RH17WTLN",
    "ReviewScore": "5",
    "Syllable": "52",
    "Word": "13",
    "RDate": "20220630",
    "Aspects": [
      {
        "Aspect": "용량",
        "SentimentText": "많은 빨래 걱정없어요 ㅎㅎ 용량이 크니~~",
        "SentimentWord": "6",
        "SentimentPolarity": "1"
      },
      {
        "Aspect": "시간/속도",
        "SentimentText": "빨래 건조시킬때 속도가 느려 시간이 오래 걸려요. ",
        "SentimentWord": "7",
        "SentimentPolarity": "-1"
      }
    ]
  },
  {
    "Index": "22440",
    "RawText": "용량이커서 제품 크기가 많이 클줄 알고 설치 공간이 걱정이었는데 생각보다 크기가 적당해서 좋았어요.  추가적으로 콘덴서를 세척하고 싶을 떄 콘덴서 케어 코스를 사용하니 간편합니다~ 배송은 빨랐고 ,설치는 꼼꼼하게 수평을 맞춰주고 설명까지해주시니 기분이  좋았네요~잘 쓸께요 ",
    "Source": "쇼핑몰",
    "Domain": "가전",
    "MainCategory": "생활/미용/욕실가전",
    "ProductName": "트롬 LG전자 F19WDBU + RH17WTLN",
    "ReviewScore": "5",
    "Syllable": "153",
    "Word": "33",
    "RDate": "20220701",
    "GeneralPolarity": "1",
    "Aspects": [
      {
        "Aspect": "사이즈",
        "SentimentText": "용량이커서 제품 크기가 많이 클줄 알고 설치 공간이 걱정이었는데 생각보다 크기가 적당해서 좋았어요",
        "SentimentWord": "13",
        "SentimentPolarity": "1"
      },
      {
        "Aspect": "기능",
        "SentimentText": "추가적으로 콘덴서를 세척하고 싶을 떄 콘덴서 케어 코스를 사용하니 간편합니다~",
        "SentimentWord": "10",
        "SentimentPolarity": "1"
      }
    ]
  },
  {
    "Index": "22443",
    "RawText": "최근 세탁기건조기세트 부모님께 선물하려고 보는중이었는데 가성비 매우 좋게 구매해서 기분이 좋습니다.  빨래 세탁 잘되고 건조기로 말려주니 기능들을 모두 만족합니다. 감사해요!!",
    "Source": "쇼핑몰",
    "Domain": "가전",
    "MainCategory": "생활/미용/욕실가전",
    "ProductName": "트롬 LG전자 F19WDBU + RH17WTLN",
    "ReviewScore": "5",
    "Syllable": "98",
    "Word": "20",
    "RDate": "20220406",
    "GeneralPolarity": "1",
    "Aspects": [
      {
        "Aspect": "가격",
        "SentimentText": "가성비 매우 좋게 구매해서 기분이 좋습니다.",
        "SentimentWord": "6",
        "SentimentPolarity": "1"
      },
      {
        "Aspect": "기능",
        "SentimentText": "빨래 세탁 잘되고 건조기로 말려주니 기능들을 모두 만족합니다. ",
        "SentimentWord": "8",
        "SentimentPolarity": "1"
      }
    ]
  },
  {
    "Index": "22444",
    "RawText": "생각보다 색상이 누런화이트라 별로네요.... 가격은 저렴해서 득템한듯~",
    "Source": "쇼핑몰",
    "Domain": "가전",
    "MainCategory": "생활/미용/욕실가전",
    "ProductName": "트롬 LG전자 F19WDBU + RH17WTLN",
    "ReviewScore": "5",
    "Syllable": "39",
    "Word": "7",
    "RDate": "20220707",
    "Aspects": [
      {
        "Aspect": "색상",
        "SentimentText": "생각보다 색상이 누런화이트라 별로네요.... ",
        "SentimentWord": "4",
        "SentimentPolarity": "0"
      },
      {
        "Aspect": "가격",
        "SentimentText": "가격은 저렴해서 득템한듯~ ",
        "SentimentWord": "3",
        "SentimentPolarity": "1"
      }
    ]
  },
  {
    "Index": "22445",
    "RawText": "ㅇㅇㅇ로 저렴히 구매해서 기분이 좋아요~기사님 두명이 수평을 맞춰 설치 하시고 설명해주셔서 감사합니다 ^^건조기 처음인데 널고 걷고 안하고 건조하니 편해서 정말 좋아요",
    "Source": "쇼핑몰",
    "Domain": "가전",
    "MainCategory": "생활/미용/욕실가전",
    "ProductName": "트롬 LG전자 F19WDBU + RH17WTLN",
    "ReviewScore": "5",
    "Syllable": "93",
    "Word": "21",
    "RDate": "20220404",
    "Aspects": [
      {
        "Aspect": "가격",
        "SentimentText": "ㅇㅇㅇ로 저렴히 구매해서 기분이 좋아요~",
        "SentimentWord": "5",
        "SentimentPolarity": "1"
      },
      {
        "Aspect": "편의성",
        "SentimentText": "건조기 처음인데 널고 걷고 안하고 건조하니 편해서 정말 좋아요",
        "SentimentWord": "9",
        "SentimentPolarity": "1"
      }
    ]
  },
  {
    "Index": "22446",
    "RawText": "ㅇㅇㅇ에 비해 한결 조용해서 마음이 흡족하네요 설치기사도 친절한 설치해주셔서 감사해요. 설치하고 살펴보니  디자인이 완전 깔끔해서 좋네요.모두 만족합니다.",
    "Source": "쇼핑몰",
    "Domain": "가전",
    "MainCategory": "생활/미용/욕실가전",
    "ProductName": "트롬 LG전자 F19WDBU + RH17WTLN",
    "ReviewScore": "5",
    "Syllable": "86",
    "Word": "17",
    "RDate": "20220528",
    "Aspects": [
      {
        "Aspect": "소음",
        "SentimentText": "ㅇㅇㅇ에 비해 한결 조용해서 마음이 흡족하네요",
        "SentimentWord": "6",
        "SentimentPolarity": "1"
      },
      {
        "Aspect": "디자인",
        "SentimentText": "설치하고 살펴보니 디자인이 완전 깔끔해서 좋네요.",
        "SentimentWord": "6",
        "SentimentPolarity": "1"
      }
    ]
  },
  {
    "Index": "22448",
    "RawText": "ㅇㅇㅇ, ㅇㅇㅇ건조기 사용하다 ㅇㅇㅇ으로 바꿔보니 와~~정말 좋네요. 가전 제품은 역시 ㅇㅇㅇ입니다.한번 사용하면 믿음이 마구 생기네요!!  저렴하게 잘 사서 완전 만족 합니다^^",
    "Source": "쇼핑몰",
    "Domain": "가전",
    "MainCategory": "생활/미용/욕실가전",
    "ProductName": "트롬 LG전자 F19WDBU + RH17WTLN",
    "ReviewScore": "5",
    "Syllable": "100",
    "Word": "21",
    "RDate": "20220612",
    "GeneralPolarity": "1",
    "Aspects": [
      {
        "Aspect": "제조일/제조사",
        "SentimentText": "가전 제품은 역시 ㅇㅇㅇ입니다.한번 사용하면 믿음이 마구 생기네요!!",
        "SentimentWord": "8",
        "SentimentPolarity": "1"
      },
      {
        "Aspect": "가격",
        "SentimentText": " 저렴하게 잘 사서 완전 만족 합니다^^",
        "SentimentWord": "6",
        "SentimentPolarity": "1"
      }
    ]
  },
  {
    "Index": "22449",
    "RawText": "행사가로 저렴하게 구매해서 맘에 들어요. 빨래 시작해서 건조 까지 빠르게 완젼 깨끗하게  말려줍니다!짱!!",
    "Source": "쇼핑몰",
    "Domain": "가전",
    "MainCategory": "생활/미용/욕실가전",
    "ProductName": "트롬 LG전자 F19WDBU + RH17WTLN",
    "ReviewScore": "5",
    "Syllable": "59",
    "Word": "13",
    "RDate": "20220611",
    "Aspects": [
      {
        "Aspect": "가격",
        "SentimentText": "행사가로 저렴하게 구매해서 맘에 들어요.",
        "SentimentWord": "5",
        "SentimentPolarity": "1"
      },
      {
        "Aspect": "시간/속도",
        "SentimentText": "빨래 시작해서 건조 까지 빠르게 완젼 깨끗하게  말려줍니다!짱!!",
        "SentimentWord": "8",
        "SentimentPolarity": "1"
      }
    ]
  },
  {
    "Index": "22452",
    "RawText": "위아래 설치로 공간 활용도도 좋고 사용하기 편해요~  볼수록 디자인이 세련되고 고급스러워서 만족스럽습니다. 잘 사용 하겠습니다.",
    "Source": "쇼핑몰",
    "Domain": "가전",
    "MainCategory": "생활/미용/욕실가전",
    "ProductName": "트롬 LG전자 F21VDU + RH17VTLN",
    "ReviewScore": "5",
    "Syllable": "71",
    "Word": "15",
    "RDate": "20220324",
    "Aspects": [
      {
        "Aspect": "편의성",
        "SentimentText": "위아래 설치로 공간 활용도도 좋고 사용하기 편해요~",
        "SentimentWord": "7",
        "SentimentPolarity": "1"
      },
      {
        "Aspect": "디자인",
        "SentimentText": "볼수록 디자인이 세련되고 고급스러워서 만족스럽습니다.",
        "SentimentWord": "5",
        "SentimentPolarity": "1"
      }
    ]
  },
  {
    "Index": "22453",
    "RawText": "빠르게 배송해주셔서 감사합니다.설치 하시느라 기사가 고생많으셔서 너무 감동했어요 좁은 공간에도 직렬설치하니 자리차지가 많지 않아서 좋습니다.어머니는 빨래가 잘되고 잘마르니 진짜 만족하고 좋답니다^^",
    "Source": "쇼핑몰",
    "Domain": "가전",
    "MainCategory": "생활/미용/욕실가전",
    "ProductName": "트롬 LG전자 F21VDU + RH17VTLN",
    "ReviewScore": "5",
    "Syllable": "110",
    "Word": "21",
    "RDate": "20220328",
    "Aspects": [
      {
        "Aspect": "사이즈",
        "SentimentText": "좁은 공간에도 직렬설치하니 자리차지가 많지 않아서 좋습니다.",
        "SentimentWord": "7",
        "SentimentPolarity": "1"
      },
      {
        "Aspect": "기능",
        "SentimentText": "어머니는 빨래가 잘되고 잘마르니 진짜 만족하고 좋답니다^^",
        "SentimentWord": "7",
        "SentimentPolarity": "1"
      }
    ]
  },
  {
    "Index": "22454",
    "RawText": "용량이 커서 너무 좋은데  외관이 커서 설치한 모습이, 좁은 장소라서 그런지 답답한감이 있어서 자꾸 맘이 쓰이네요.",
    "Source": "쇼핑몰",
    "Domain": "가전",
    "MainCategory": "생활/미용/욕실가전",
    "ProductName": "트롬 LG전자 F21WDU + RH17WTLN",
    "ReviewScore": "5",
    "Syllable": "64",
    "Word": "16",
    "RDate": "20220723",
    "Aspects": [
      {
        "Aspect": "용량",
        "SentimentText": "용량이 커서 너무 좋은데",
        "SentimentWord": "4",
        "SentimentPolarity": "1"
      },
      {
        "Aspect": "사이즈",
        "SentimentText": "외관이 커서 설치한 모습이, 좁은 장소라서 그런지 답답한감이 있어서 자꾸 맘이 쓰이네요. ",
        "SentimentWord": "12",
        "SentimentPolarity": "-1"
      }
    ]
  },
  {
    "Index": "22455",
    "RawText": "빨리 살걸 이제 사서 아쉬워요. 소음 없이 빨래도 조용히 잘 되어 좋아요. 처음 써보는 건조기 터치식 조작법도 쉬워 좋아요. 빨래는 건조가 잘 되어 뽀송 뽀송한것이 매력있네요.",
    "Source": "쇼핑몰",
    "Domain": "가전",
    "MainCategory": "생활/미용/욕실가전",
    "ProductName": "트롬 LG전자 F21WDU + RH17WTLN",
    "ReviewScore": "5",
    "Syllable": "98",
    "Word": "26",
    "RDate": "20220705",
    "GeneralPolarity": "1",
    "Aspects": [
      {
        "Aspect": "소음",
        "SentimentText": "소음 없이 빨래도 조용히 잘 되어 좋아요.",
        "SentimentWord": "7",
        "SentimentPolarity": "1"
      },
      {
        "Aspect": "조작성",
        "SentimentText": "처음 써보는 건조기 터치식 조작법도 쉬워 좋아요. ",
        "SentimentWord": "7",
        "SentimentPolarity": "1"
      },
      {
        "Aspect": "기능",
        "SentimentText": "빨래는 건조가 잘 되어 뽀송 뽀송한것이 매력있네요. ",
        "SentimentWord": "7",
        "SentimentPolarity": "1"
      }
    ]
  },
  {
    "Index": "22456",
    "RawText": ".전기세 1등급이라 걱정없네요 ㅎㅎ 세탁기는 잘 세탁되고 건조기는 장마로 습할때 보송함을 선사해줘 최고예요.",
    "Source": "쇼핑몰",
    "Domain": "가전",
    "MainCategory": "생활/미용/욕실가전",
    "ProductName": "트롬 LG전자 F21WDU + RH17WTLN",
    "ReviewScore": "5",
    "Syllable": "60",
    "Word": "13",
    "RDate": "20220706",
    "Aspects": [
      {
        "Aspect": "소비전력",
        "SentimentText": ".전기세 1등급이라 걱정없네요 ㅎㅎ",
        "SentimentWord": "4",
        "SentimentPolarity": "1"
      },
      {
        "Aspect": "기능",
        "SentimentText": "세탁기는 잘 세탁되고 건조기는 장마로 습할때 보송함을 선사해줘 최고예요. ",
        "SentimentWord": "9",
        "SentimentPolarity": "1"
      }
    ]
  },
  {
    "Index": "22458",
    "RawText": "만져보니  매끈한게 재질 좋네요! 오랜만에 세탁기 바꾸니 속까지 다 시원합니다. 세탁물 감지하는 센서가 있어서 예상 소요 시간을 알려줘서 도움이 되네요 요청한 배송일이 아니지만, 판매자 안내에 맞춰 배송되서  좋아요^^ ",
    "Source": "쇼핑몰",
    "Domain": "가전",
    "MainCategory": "생활/미용/욕실가전",
    "ProductName": "트롬 LG전자 F21WDU + RH17WTLN",
    "ReviewScore": "5",
    "Syllable": "123",
    "Word": "28",
    "RDate": "20220722",
    "GeneralPolarity": "1",
    "Aspects": [
      {
        "Aspect": "소재",
        "SentimentText": "만져보니  매끈한게 재질 좋네요! ",
        "SentimentWord": "4",
        "SentimentPolarity": "1"
      },
      {
        "Aspect": "기능",
        "SentimentText": "세탁물 감지하는 센서가 있어서 예상 소요 시간을 알려줘서 도움이 되네요",
        "SentimentWord": "10",
        "SentimentPolarity": "1"
      }
    ]
  },
  {
    "Index": "22459",
    "RawText": "내 생애 마지막 제품이라 생각합니다. 빨래는 어쩜 이리 잘되나요 깨끗함이 느껴지고  수건 이불도 폭닥함이 느껴집니다. 빨래 너느라 허리 아플일 없으니 너무편해 더 만족입니다. 배송도 빨리 해줘서 너무 흡족했네요.",
    "Source": "쇼핑몰",
    "Domain": "가전",
    "MainCategory": "생활/미용/욕실가전",
    "ProductName": "트롬 LG전자 FX23VNA + RD20VNA",
    "ReviewScore": "5",
    "Syllable": "118",
    "Word": "28",
    "RDate": "20220817",
    "Aspects": [
      {
        "Aspect": "기능",
        "SentimentText": " 빨래는 어쩜 이리 잘되나요 깨끗함이 느껴지고  수건 이불도 폭닥함이 느껴집니다.",
        "SentimentWord": "10",
        "SentimentPolarity": "1"
      },
      {
        "Aspect": "편의성",
        "SentimentText": "빨래 너느라 허리 아플일 없으니 너무편해 더 만족입니다. ",
        "SentimentWord": "8",
        "SentimentPolarity": "1"
      }
    ]
  },
  {
    "Index": "22460",
    "RawText": "제품이 고급지고 조화로운 디자인이라 매우 좋네요. 진작살걸 고민은 왜 했을까요? 에너지효율도 1등급이네~ㅎㅎ",
    "Source": "쇼핑몰",
    "Domain": "가전",
    "MainCategory": "생활/미용/욕실가전",
    "ProductName": "트롬 LG전자 FX23VNA + RD20VNA",
    "ReviewScore": "5",
    "Syllable": "60",
    "Word": "12",
    "RDate": "20220624",
    "GeneralPolarity": "1",
    "Aspects": [
      {
        "Aspect": "디자인",
        "SentimentText": "제품이 고급지고 조화로운 디자인이라 매우 좋네요",
        "SentimentWord": "6",
        "SentimentPolarity": "1"
      },
      {
        "Aspect": "소비전력",
        "SentimentText": " 에너지효율도 1등급이네~ㅎㅎ",
        "SentimentWord": "2",
        "SentimentPolarity": "1"
      }
    ]
  },
  {
    "Index": "22462",
    "RawText": "매일 출근시 입는 셔츠를 전날 밤에 세탁 건조해도 바로 입을 수 있어 편해요 디자인도 깔끔해서 정말 예쁘네요~ ",
    "Source": "쇼핑몰",
    "Domain": "가전",
    "MainCategory": "생활/미용/욕실가전",
    "ProductName": "트롬 LG전자 FX23WNA + RD20WNA 본체+상단설치키트",
    "ReviewScore": "5",
    "Syllable": "62",
    "Word": "17",
    "RDate": "20220816",
    "GeneralPolarity": "1",
    "Aspects": [
      {
        "Aspect": "편의성",
        "SentimentText": "매일 출근시 입는 셔츠를 전날 밤에 세탁 건조해도 바로 입을 수 있어 편해요",
        "SentimentWord": "13",
        "SentimentPolarity": "1"
      },
      {
        "Aspect": "디자인",
        "SentimentText": "디자인도 깔끔해서 정말 예쁘네요~",
        "SentimentWord": "4",
        "SentimentPolarity": "1"
      }
    ]
  },
  {
    "Index": "22465",
    "RawText": "큰용량 맘에 들어요^^ 좋은가격에 잘 사서 매우 만족합니다^^",
    "Source": "쇼핑몰",
    "Domain": "가전",
    "MainCategory": "생활/미용/욕실가전",
    "ProductName": "트롬 LG전자 FX23WNA + RD20WNA 본체+상단설치키트",
    "ReviewScore": "5",
    "Syllable": "34",
    "Word": "8",
    "RDate": "20220824",
    "Aspects": [
      {
        "Aspect": "용량",
        "SentimentText": "큰용량 맘에 들어요^^",
        "SentimentWord": "3",
        "SentimentPolarity": "1"
      },
      {
        "Aspect": "가격",
        "SentimentText": "좋은가격에 잘 사서 매우 만족합니다^^",
        "SentimentWord": "5",
        "SentimentPolarity": "1"
      }
    ]
  },
  {
    "Index": "22466",
    "RawText": "앱을 깔아서 와이파이 연동으로 조작이 가능해 간편하게 사용해서 좋아요~  하타사제품에 비해 디자인이 정말 예쁘고, 깔끔해서 좋아요",
    "Source": "쇼핑몰",
    "Domain": "가전",
    "MainCategory": "생활/미용/욕실가전",
    "ProductName": "트롬 LG전자 FX23WNA + RD20WNA 본체+상단설치키트",
    "ReviewScore": "5",
    "Syllable": "72",
    "Word": "16",
    "RDate": "20220828",
    "Aspects": [
      {
        "Aspect": "조작성",
        "SentimentText": "앱을 깔아서 와이파이 연동으로 조작이 가능해 간편하게 사용해서 좋아요~ ",
        "SentimentWord": "9",
        "SentimentPolarity": "1"
      },
      {
        "Aspect": "디자인",
        "SentimentText": "타사제품에 비해 디자인이 정말 예쁘고, 깔끔해서 좋아요",
        "SentimentWord": "7",
        "SentimentPolarity": "1"
      }
    ]
  },
  {
    "Index": "22467",
    "RawText": "빨래를 한자리에서 세탁,건조해서 완료하니 매우 좋네요,편해서 신세계를 경험하고 있어요^^ 예쁜 디자인에 반해서 자꾸 보게되요. 직렬로 설치하고 싶었는데 , 뒷 베란다는 협소해서 각각 설치했어요. 색상도 무척 예쁘고,고급스러워요. 빨래가 잘되니  성능까지 대만족 입니다.",
    "Source": "쇼핑몰",
    "Domain": "가전",
    "MainCategory": "생활/미용/욕실가전",
    "ProductName": "트롬 LG전자 FX23WNA + RD20WNA 본체+상단설치키트",
    "ReviewScore": "5",
    "Syllable": "150",
    "Word": "31",
    "RDate": "20220613",
    "GeneralPolarity": "1",
    "Aspects": [
      {
        "Aspect": "편의성",
        "SentimentText": "빨래를 한자리에서 세탁,건조해서 완료하니 매우 좋네요,편해서 신세계를 경험하고 있어요^^",
        "SentimentWord": "9",
        "SentimentPolarity": "1"
      },
      {
        "Aspect": "디자인",
        "SentimentText": "예쁜 디자인에 반해서 자꾸 보게되요.",
        "SentimentWord": "5",
        "SentimentPolarity": "1"
      },
      {
        "Aspect": "색상",
        "SentimentText": "색상도 무척 예쁘고,고급스러워요. ",
        "SentimentWord": "3",
        "SentimentPolarity": "1"
      },
      {
        "Aspect": "기능",
        "SentimentText": "빨래가 잘되니  성능까지 대만족 입니다.",
        "SentimentWord": "5",
        "SentimentPolarity": "1"
      }
    ]
  },
  {
    "Index": "22468",
    "RawText": "디자인이 이쁘니 너무나 좋구요, 세탁뿐아니라 건조까지 정말 굿이에요^^ 저도 신랑도 진짜 좋아해요 대만족입이다. 세탁실 문을 닫으면 세상 조용해서 흐믓합니다. 잘 사서 좋습니다^^",
    "Source": "쇼핑몰",
    "Domain": "가전",
    "MainCategory": "생활/미용/욕실가전",
    "ProductName": "트롬 LG전자 FX23WNA + RD20WNA 본체+상단설치키트",
    "ReviewScore": "5",
    "Syllable": "100",
    "Word": "22",
    "RDate": "20220603",
    "GeneralPolarity": "1",
    "Aspects": [
      {
        "Aspect": "디자인",
        "SentimentText": "디자인이 이쁘니 너무나 좋구요,",
        "SentimentWord": "4",
        "SentimentPolarity": "1"
      },
      {
        "Aspect": "기능",
        "SentimentText": "세탁뿐아니라 건조까지 정말 굿이에요^^",
        "SentimentWord": "4",
        "SentimentPolarity": "1"
      },
      {
        "Aspect": "소음",
        "SentimentText": "세탁실 문을 닫으면 세상 조용해서 흐믓합니다. ",
        "SentimentWord": "6",
        "SentimentPolarity": "1"
      }
    ]
  },
  {
    "Index": "22469",
    "RawText": "디자인이 정말 예뻐요^^ 설치가 빠르고,기사님은 매우 친절하셔서 좋아요. 사용해보니 빨래 널고 걷지않고 건조하니 세상 편해서 만족합니다. 진작 바꿨어요 했네요~추천해요!",
    "Source": "쇼핑몰",
    "Domain": "가전",
    "MainCategory": "생활/미용/욕실가전",
    "ProductName": "트롬 LG전자 FX23WNA + RD20WNA 본체+상단설치키트",
    "ReviewScore": "5",
    "Syllable": "94",
    "Word": "19",
    "RDate": "20220830",
    "Aspects": [
      {
        "Aspect": "디자인",
        "SentimentText": "디자인이 정말 예뻐요^^",
        "SentimentWord": "3",
        "SentimentPolarity": "1"
      },
      {
        "Aspect": "편의성",
        "SentimentText": "사용해보니 빨래 널고 걷지않고 건조하니 세상 편해서 만족합니다. ",
        "SentimentWord": "8",
        "SentimentPolarity": "1"
      }
    ]
  },
  {
    "Index": "22471",
    "RawText": "볼수록 예뻐서 디자인이 마음에 듭니다^^ 가격대비 품질도 최고!!",
    "Source": "쇼핑몰",
    "Domain": "가전",
    "MainCategory": "생활/미용/욕실가전",
    "ProductName": "트롬 LG전자 FX23WNA + RD20WNA 본체+상단설치키트",
    "ReviewScore": "5",
    "Syllable": "36",
    "Word": "8",
    "RDate": "20220717",
    "Aspects": [
      {
        "Aspect": "디자인",
        "SentimentText": "볼수록 예뻐서 디자인이 마음에 듭니다^^",
        "SentimentWord": "5",
        "SentimentPolarity": "1"
      },
      {
        "Aspect": "품질",
        "SentimentText": "가격대비 품질도 최고!!",
        "SentimentWord": "3",
        "SentimentPolarity": "1"
      }
    ]
  },
  {
    "Index": "22472",
    "RawText": "용랼이 커요~ 많은 빨래들 문제없네요 ㅎ 엄청 저렴하게 구매해서 만족스러워요. 사업번창하고 무더운 여름날에도 건강 챙기시면서, 수고하세요~",
    "Source": "쇼핑몰",
    "Domain": "가전",
    "MainCategory": "생활/미용/욕실가전",
    "ProductName": "트롬 LG전자 FX23WNA + RD20WNA 본체+상단설치키트",
    "ReviewScore": "5",
    "Syllable": "77",
    "Word": "16",
    "RDate": "20220727",
    "Aspects": [
      {
        "Aspect": "용량",
        "SentimentText": "용랼이 커요~ 많은 빨래들 문제없네요 ㅎ",
        "SentimentWord": "6",
        "SentimentPolarity": "1"
      },
      {
        "Aspect": "가격",
        "SentimentText": "엄청 저렴하게 구매해서 만족스러워요.",
        "SentimentWord": "4",
        "SentimentPolarity": "1"
      }
    ]
  },
  {
    "Index": "22473",
    "RawText": "이사하는 날로 배송날짜를 정했는데, 기사가 미리 연락하고, 배송 왔어요.아쉽게고  저희집이 세탁실높이가 낮은데 제품크기가 너무커서  직렬 설치를 하지 못해 맘이  좋지 않았어요.첨 쓰는 건조기는 널고 걷지않으니 편하게 건조되니 신세계에요!!",
    "Source": "쇼핑몰",
    "Domain": "가전",
    "MainCategory": "생활/미용/욕실가전",
    "ProductName": "트롬 LG전자 FX23WNA + RD20WNA 본체+상단설치키트",
    "ReviewScore": "4",
    "Syllable": "134",
    "Word": "28",
    "RDate": "20220619",
    "GeneralPolarity": "0",
    "Aspects": [
      {
        "Aspect": "사이즈",
        "SentimentText": "아쉽게고  저희집이 세탁실높이가 낮은데 제품크기가 너무커서  직렬 설치를 하지 못해 맘이  좋지 않았어요.",
        "SentimentWord": "13",
        "SentimentPolarity": "-1"
      },
      {
        "Aspect": "편의성",
        "SentimentText": "첨 쓰는 건조기는 널고 걷지않으니 편하게 건조되니 신세계에요!!",
        "SentimentWord": "8",
        "SentimentPolarity": "1"
      }
    ]
  },
  {
    "Index": "22474",
    "RawText": "빨래 뽀송뽀송한게 마음에 드네요!! 최고~저렴한 가격으로 좋은 제품 구매할 수 있어서 만족합니다^^",
    "Source": "쇼핑몰",
    "Domain": "가전",
    "MainCategory": "생활/미용/욕실가전",
    "ProductName": "트롬 LG전자 FX23WNA + RD20WNA 본체+상단설치키트",
    "ReviewScore": "5",
    "Syllable": "55",
    "Word": "12",
    "RDate": "20220528",
    "Aspects": [
      {
        "Aspect": "기능",
        "SentimentText": "빨래 뽀송뽀송한게 마음에 드네요!!",
        "SentimentWord": "4",
        "SentimentPolarity": "1"
      },
      {
        "Aspect": "가격",
        "SentimentText": "저렴한 가격으로 좋은 제품 구매할 수 있어서 만족합니다^^",
        "SentimentWord": "8",
        "SentimentPolarity": "1"
      }
    ]
  },
  {
    "Index": "22475",
    "RawText": "하나의 디스플레이로 건조기도 조작되니 간편하고  편하네요!!   색상도 깨끗해서 다용도실이 환해서 기분도 밝아져 좋네요.",
    "Source": "쇼핑몰",
    "Domain": "가전",
    "MainCategory": "생활/미용/욕실가전",
    "ProductName": "트롬 LG전자 FX23WNA + RD20WNA 본체+상단설치키트",
    "ReviewScore": "5",
    "Syllable": "67",
    "Word": "13",
    "RDate": "20220829",
    "Aspects": [
      {
        "Aspect": "조작성",
        "SentimentText": "하나의 디스플레이로 건조기도 조작되니 간편하고  편하네요!! ",
        "SentimentWord": "6",
        "SentimentPolarity": "1"
      },
      {
        "Aspect": "색상",
        "SentimentText": "색상도 깨끗해서 다용도실이 환해서 기분도 밝아져 좋네요. ",
        "SentimentWord": "7",
        "SentimentPolarity": "1"
      }
    ]
  },
  {
    "Index": "22476",
    "RawText": "세탁기,건조기 용량이 크고 넉넉해서 만족~  설치후 세탁과 건조 해봤는데 너무 좋아서 자꾸 빨래를 하게 됩니다. 성능만족해요.",
    "Source": "쇼핑몰",
    "Domain": "가전",
    "MainCategory": "생활/미용/욕실가전",
    "ProductName": "트롬 LG전자 FX23WNA + RD20WNA 본체+상단설치키트",
    "ReviewScore": "5",
    "Syllable": "70",
    "Word": "16",
    "RDate": "20220723",
    "Aspects": [
      {
        "Aspect": "용량",
        "SentimentText": "세탁기,건조기 용량이 크고 넉넉해서 만족~",
        "SentimentWord": "5",
        "SentimentPolarity": "1"
      },
      {
        "Aspect": "기능",
        "SentimentText": "설치후 세탁과 건조 해봤는데 너무 좋아서 자꾸 빨래를 하게 됩니다. 성능만족해요. ",
        "SentimentWord": "11",
        "SentimentPolarity": "1"
      }
    ]
  },
  {
    "Index": "22479",
    "RawText": "배송이 빨랐고 설치도 친절하셔서 감사했어요. 사용해보니 조용해서 매우 좋았습니다. 잘마르는 건조기능과 세탁기능도 잘되고 있어서 잘 사용중입니다.",
    "Source": "쇼핑몰",
    "Domain": "가전",
    "MainCategory": "생활/미용/욕실가전",
    "ProductName": "트롬 LG전자 FX23WNA + RD20WNA 본체+상단설치키트",
    "ReviewScore": "5",
    "Syllable": "80",
    "Word": "16",
    "RDate": "20220810",
    "Aspects": [
      {
        "Aspect": "소음",
        "SentimentText": " 사용해보니 조용해서 매우 좋았습니다. ",
        "SentimentWord": "4",
        "SentimentPolarity": "1"
      },
      {
        "Aspect": "기능",
        "SentimentText": "잘마르는 건조기능과 세탁기능도 잘되고 있어서 잘 사용중입니다. ",
        "SentimentWord": "7",
        "SentimentPolarity": "1"
      }
    ]
  },
  {
    "Index": "22480",
    "RawText": "000전자 믿을수 있어서 구매했어요. 타워형인데 갓성비 최고입니다. ^^ 색상은 화이트로 무난하게 주변과 어울려 예쁩니다.",
    "Source": "쇼핑몰",
    "Domain": "가전",
    "MainCategory": "생활/미용/욕실가전",
    "ProductName": "트롬 LG전자 FX23WNA + RD20WNA 본체+상단설치키트",
    "ReviewScore": "5",
    "Syllable": "68",
    "Word": "14",
    "RDate": "20220824",
    "GeneralPolarity": "1",
    "Aspects": [
      {
        "Aspect": "제조일/제조사",
        "SentimentText": "000전자 믿을수 있어서 구매했어요.",
        "SentimentWord": "4",
        "SentimentPolarity": "1"
      },
      {
        "Aspect": "가격",
        "SentimentText": " 타워형인데 갓성비 최고입니다. ^^",
        "SentimentWord": "4",
        "SentimentPolarity": "1"
      },
      {
        "Aspect": "색상",
        "SentimentText": "색상은 화이트로 무난하게 주변과 어울려 예쁩니다. ",
        "SentimentWord": "6",
        "SentimentPolarity": "1"
      }
    ]
  },
  {
    "Index": "22482",
    "RawText": "건조기랑 세탁기 성능이 너무 너무 마음에 들어 좋습니다. 빨래에서 쉰내 날일 없고 건조대 쓸일도 없어 너무 편리하고 편해서 좋아요.",
    "Source": "쇼핑몰",
    "Domain": "가전",
    "MainCategory": "생활/미용/욕실가전",
    "ProductName": "트롬 LG전자 FX23WNA + RD20WNA 본체+상단설치키트",
    "ReviewScore": "4",
    "Syllable": "73",
    "Word": "19",
    "RDate": "20220825",
    "GeneralPolarity": "1",
    "Aspects": [
      {
        "Aspect": "기능",
        "SentimentText": "건조기랑 세탁기 성능이 너무 너무 마음에 들어 좋습니다.",
        "SentimentWord": "8",
        "SentimentPolarity": "1"
      },
      {
        "Aspect": "편의성",
        "SentimentText": "빨래에서 쉰내 날일 없고 건조대 쓸일도 없어 너무 편리하고 편해서 좋아요. ",
        "SentimentWord": "11",
        "SentimentPolarity": "1"
      }
    ]
  },
  {
    "Index": "22483",
    "RawText": "제품들 용량들이 큼직해서 이불도 문제 없이 넣고 세탁과 건조를 하니 너무 좋았습니다. 생각보다 빠르게 세탁,건조되네요^^",
    "Source": "쇼핑몰",
    "Domain": "가전",
    "MainCategory": "생활/미용/욕실가전",
    "ProductName": "트롬 LG전자 FX23WNA + RD20WNA 본체+상단설치키트",
    "ReviewScore": "5",
    "Syllable": "67",
    "Word": "15",
    "RDate": "20220602",
    "Aspects": [
      {
        "Aspect": "용량",
        "SentimentText": "제품들 용량들이 큼직해서 이불도 문제 없이 넣고 세탁과 건조를 하니 너무 좋았습니다.",
        "SentimentWord": "12",
        "SentimentPolarity": "1"
      },
      {
        "Aspect": "시간/속도",
        "SentimentText": "생각보다 빠르게 세탁,건조되네요^^",
        "SentimentWord": "3",
        "SentimentPolarity": "1"
      }
    ]
  },
  {
    "Index": "22484",
    "RawText": "사용해보니 매우 조용해서 평화롭네요. 큰 용량은 많은 빨래를 세탁해줘서 만족도 높아요. 아날로그 다이얼 방식은 누구나 쉽게 쓸수있어 좋아요.",
    "Source": "쇼핑몰",
    "Domain": "가전",
    "MainCategory": "생활/미용/욕실가전",
    "ProductName": "트롬 LG전자 FX23WNA + RD20WNA 본체+상단설치키트",
    "ReviewScore": "5",
    "Syllable": "78",
    "Word": "18",
    "RDate": "20220720",
    "GeneralPolarity": "1",
    "Aspects": [
      {
        "Aspect": "소음",
        "SentimentText": "사용해보니 매우 조용해서 평화롭네요. ",
        "SentimentWord": "4",
        "SentimentPolarity": "1"
      },
      {
        "Aspect": "용량",
        "SentimentText": "큰 용량은 많은 빨래를 세탁해줘서 만족도 높아요. ",
        "SentimentWord": "7",
        "SentimentPolarity": "1"
      },
      {
        "Aspect": "조작성",
        "SentimentText": "아날로그 다이얼 방식은 누구나 쉽게 쓸수있어 좋아요. ",
        "SentimentWord": "7",
        "SentimentPolarity": "1"
      }
    ]
  },
  {
    "Index": "22485",
    "RawText": "설치후 써보니 디자인은 깔끔하고 아름답네요. 이불털기 기능으로 이불 살균하고 털린 먼지를 보니 흡족해요. 소음은 기존에 쓰던 제품과 동일해서 좋습니다.",
    "Source": "쇼핑몰",
    "Domain": "가전",
    "MainCategory": "생활/미용/욕실가전",
    "ProductName": "트롬 LG전자 FX23WNA + RD20WNA 본체+상단설치키트",
    "ReviewScore": "5",
    "Syllable": "84",
    "Word": "19",
    "RDate": "20220517",
    "GeneralPolarity": "1",
    "Aspects": [
      {
        "Aspect": "디자인",
        "SentimentText": "써보니 디자인은 깔끔하고 아름답네요. ",
        "SentimentWord": "4",
        "SentimentPolarity": "1"
      },
      {
        "Aspect": "기능",
        "SentimentText": "이불털기 기능으로 이불 살균하고 털린 먼지를 보니 흡족해요. ",
        "SentimentWord": "8",
        "SentimentPolarity": "1"
      },
      {
        "Aspect": "소음",
        "SentimentText": "소음은 기존에 쓰던 제품과 동일해서 좋습니다. ",
        "SentimentWord": "6",
        "SentimentPolarity": "1"
      }
    ]
  },
  {
    "Index": "22487",
    "RawText": "다들 쓰는 이유를알겠어요. 제품 품질 너무 좋습니다. 흰색이라 베란다가 넓어 보여 좋아요. 가전은 000전자가 최고입니다.",
    "Source": "쇼핑몰",
    "Domain": "가전",
    "MainCategory": "생활/미용/욕실가전",
    "ProductName": "트롬 LG전자 FX23WNA + RD20WNA 본체+상단설치키트",
    "ReviewScore": "5",
    "Syllable": "68",
    "Word": "15",
    "RDate": "20220826",
    "GeneralPolarity": "1",
    "Aspects": [
      {
        "Aspect": "품질",
        "SentimentText": "다들 쓰는 이유를알겠어요. 제품 품질 너무 좋습니다.",
        "SentimentWord": "7",
        "SentimentPolarity": "1"
      },
      {
        "Aspect": "색상",
        "SentimentText": "흰색이라 베란다가 넓어 보여 좋아요. ",
        "SentimentWord": "5",
        "SentimentPolarity": "1"
      },
      {
        "Aspect": "제조일/제조사",
        "SentimentText": "가전은 000전자가 최고입니다. ",
        "SentimentWord": "3",
        "SentimentPolarity": "1"
      }
    ]
  },
  {
    "Index": "22488",
    "RawText": "맞춤인듯 깔끔하게 떨어지는 디자인 너무 예뻐요. 세탁기 능력은 두말할 필요가 없이 완벽~ 엄마 사드리고 싶어요. ^^",
    "Source": "쇼핑몰",
    "Domain": "가전",
    "MainCategory": "생활/미용/욕실가전",
    "ProductName": "트롬 LG전자 FX23WNA + RD20WNA 본체+상단설치키트",
    "ReviewScore": "5",
    "Syllable": "65",
    "Word": "16",
    "RDate": "20220813",
    "GeneralPolarity": "1",
    "Aspects": [
      {
        "Aspect": "디자인",
        "SentimentText": "맞춤인듯 깔끔하게 떨어지는 디자인 너무 예뻐요.",
        "SentimentWord": "6",
        "SentimentPolarity": "1"
      },
      {
        "Aspect": "기능",
        "SentimentText": "세탁기 능력은 두말할 필요가 없이 완벽~ 엄마 사드리고 싶어요. ^^",
        "SentimentWord": "10",
        "SentimentPolarity": "1"
      }
    ]
  },
  {
    "Index": "22489",
    "RawText": "뽀송뽀송 냄새도 좋고 빨래할 기분이 나네요~성능 최고! 색상은 그냥 기본 화이트라 그냥 무난한 정도 예요.",
    "Source": "쇼핑몰",
    "Domain": "가전",
    "MainCategory": "생활/미용/욕실가전",
    "ProductName": "트롬 LG전자 FX23WNA + RD20WNA 본체+상단설치키트",
    "ReviewScore": "5",
    "Syllable": "59",
    "Word": "15",
    "RDate": "20220801",
    "Aspects": [
      {
        "Aspect": "기능",
        "SentimentText": "뽀송뽀송 냄새도 좋고 빨래할 기분이 나네요~성능 최고!",
        "SentimentWord": "7",
        "SentimentPolarity": "1"
      },
      {
        "Aspect": "색상",
        "SentimentText": "색상은 그냥 기본 화이트라 그냥 무난한 정도 예요. ",
        "SentimentWord": "8",
        "SentimentPolarity": "0"
      }
    ]
  },
  {
    "Index": "22492",
    "RawText": "체감상 용량이 엄청 커 보이네요. 용량 커서 빨래 넣어도 넉넉한 공간 좋아요. 건조 시간 세탁 시간이 짧아 빨래 순삭인거 같아요. 만족스러워요.  소음은 굉장히 작아 안들리는거 같아 좋아요.",
    "Source": "쇼핑몰",
    "Domain": "가전",
    "MainCategory": "생활/미용/욕실가전",
    "ProductName": "트롬 LG전자 FX23WNA + RD20WNA 본체+상단설치키트",
    "ReviewScore": "5",
    "Syllable": "106",
    "Word": "27",
    "RDate": "20220727",
    "GeneralPolarity": "1",
    "Aspects": [
      {
        "Aspect": "용량",
        "SentimentText": "체감상 용량이 엄청 커 보이네요. 용량 커서 빨래 넣어도 넉넉한 공간 좋아요.",
        "SentimentWord": "12",
        "SentimentPolarity": "1"
      },
      {
        "Aspect": "시간/속도",
        "SentimentText": "건조 시간 세탁 시간이 짧아 빨래 순삭인거 같아요. 만족스러워요. ",
        "SentimentWord": "9",
        "SentimentPolarity": "1"
      },
      {
        "Aspect": "소음",
        "SentimentText": "소음은 굉장히 작아 안들리는거 같아 좋아요. ",
        "SentimentWord": "6",
        "SentimentPolarity": "1"
      }
    ]
  },
  {
    "Index": "22493",
    "RawText": "배송 설치는 일주일정도 소요 됐는데 친절하게 잘 완료해주셨어요. 디자인은 깔끔 심플해서 좋아요. 앱으로 기능 업데이트후 앱으로 작동 시키니 너무 편합니다.",
    "Source": "쇼핑몰",
    "Domain": "가전",
    "MainCategory": "생활/미용/욕실가전",
    "ProductName": "트롬 LG전자 FX23WNA + RD20WNA 본체+상단설치키트",
    "ReviewScore": "5",
    "Syllable": "86",
    "Word": "20",
    "RDate": "20220602",
    "Aspects": [
      {
        "Aspect": "디자인",
        "SentimentText": " 디자인은 깔끔 심플해서 좋아요. ",
        "SentimentWord": "4",
        "SentimentPolarity": "1"
      },
      {
        "Aspect": "조작성",
        "SentimentText": "앱으로 기능 업데이트후 앱으로 작동 시키니 너무 편합니다. ",
        "SentimentWord": "8",
        "SentimentPolarity": "1"
      }
    ]
  },
  {
    "Index": "22494",
    "RawText": "카드 할인은 못받았지만 다른 할인 많이 받아 값이 저렴해서 너무 만족스러워요. 도어테두리 소재는 기스가 잘 날것 같아 안타까워요.",
    "Source": "쇼핑몰",
    "Domain": "가전",
    "MainCategory": "생활/미용/욕실가전",
    "ProductName": "트롬 LG전자 FX23WNA + RD20WNA 본체+상단설치키트",
    "ReviewScore": "5",
    "Syllable": "72",
    "Word": "18",
    "RDate": "20220609",
    "GeneralPolarity": "0",
    "Aspects": [
      {
        "Aspect": "가격",
        "SentimentText": "카드 할인은 못받았지만 다른 할인 많이 받아 값이 저렴해서 너무 만족스러워요. ",
        "SentimentWord": "11",
        "SentimentPolarity": "1"
      },
      {
        "Aspect": "소재",
        "SentimentText": "도어테두리 소재는 기스가 잘 날것 같아 안타까워요. ",
        "SentimentWord": "7",
        "SentimentPolarity": "-1"
      }
    ]
  },
  {
    "Index": "22495",
    "RawText": "기존 제품 처리하고 새로 드럼 세탁기 샀더니 공간활용이 좋은 디자인이라 만족해요. 소음이 적어 세탁 소음 안들려서 만족해요. 배송 기사님들 친절함과 자세한 설명 너무 좋았습니다.",
    "Source": "쇼핑몰",
    "Domain": "가전",
    "MainCategory": "생활/미용/욕실가전",
    "ProductName": "트롬 LG전자 FX23WNA + RD20WNA 본체+상단설치키트",
    "ReviewScore": "5",
    "Syllable": "99",
    "Word": "24",
    "RDate": "20220527",
    "Aspects": [
      {
        "Aspect": "디자인",
        "SentimentText": "기존 제품 처리하고 새로 드럼 세탁기 샀더니 공간활용이 좋은 디자인이라 만족해요.",
        "SentimentWord": "11",
        "SentimentPolarity": "1"
      },
      {
        "Aspect": "소음",
        "SentimentText": "소음이 적어 세탁 소음 안들려서 만족해요.",
        "SentimentWord": "6",
        "SentimentPolarity": "1"
      }
    ]
  },
  {
    "Index": "22496",
    "RawText": "작동시켜보니 품질 너무 만족해요. 배송 및 설치도 신속했고 친절해서 좋았어요. 드럼 세탁기 구매했는데 세탁력이 최고입니다. 깨끗하게 빨려요.^^ 만족합니다.",
    "Source": "쇼핑몰",
    "Domain": "가전",
    "MainCategory": "생활/미용/욕실가전",
    "ProductName": "트롬 LG전자 FX23WNA + RD20WNA 본체+상단설치키트",
    "ReviewScore": "5",
    "Syllable": "87",
    "Word": "18",
    "RDate": "20220704",
    "Aspects": [
      {
        "Aspect": "품질",
        "SentimentText": "작동시켜보니 품질 너무 만족해요. ",
        "SentimentWord": "4",
        "SentimentPolarity": "1"
      },
      {
        "Aspect": "기능",
        "SentimentText": "드럼 세탁기 구매했는데 세탁력이 최고입니다. 깨끗하게 빨려요.^^ 만족합니다. ",
        "SentimentWord": "8",
        "SentimentPolarity": "1"
      }
    ]
  },
  {
    "Index": "22498",
    "RawText": "세트로 사니 사이즈가 세탁실에 딱 맞아 공간이 넓게 느껴져서 좋아요. 빠르게 배송됐고 친절한 기사님들도 넘 좋았어요. 세탁기 성능이 좋으니 자꾸 돌리게 되네요. ^^ 만족 이예요.",
    "Source": "쇼핑몰",
    "Domain": "가전",
    "MainCategory": "생활/미용/욕실가전",
    "ProductName": "트롬 LG전자 FX23WNA + RD20WNA 본체+상단설치키트",
    "ReviewScore": "5",
    "Syllable": "100",
    "Word": "25",
    "RDate": "20220512",
    "Aspects": [
      {
        "Aspect": "사이즈",
        "SentimentText": "세트로 사니 사이즈가 세탁실에 딱 맞아 공간이 넓게 느껴져서 좋아요.",
        "SentimentWord": "10",
        "SentimentPolarity": "1"
      },
      {
        "Aspect": "기능",
        "SentimentText": "세탁기 성능이 좋으니 자꾸 돌리게 되네요. ^^ 만족 이예요. ",
        "SentimentWord": "9",
        "SentimentPolarity": "1"
      }
    ]
  },
  {
    "Index": "22499",
    "RawText": "제품 디자인이 예뻐 잘 산것 같아요. 설치는 시간 잘 맞춰 오셔서 꼼꼼하게 설치해주셔서 좋았어요. 건조기는 처음 써보는데 잘 말려주고 뽀송함까지 주니 만족입니다.",
    "Source": "쇼핑몰",
    "Domain": "가전",
    "MainCategory": "생활/미용/욕실가전",
    "ProductName": "트롬 LG전자 FX23WNA + RD20WNA 본체+상단설치키트",
    "ReviewScore": "5",
    "Syllable": "90",
    "Word": "22",
    "RDate": "20220824",
    "Aspects": [
      {
        "Aspect": "디자인",
        "SentimentText": "제품 디자인이 예뻐 잘 산것 같아요. ",
        "SentimentWord": "6",
        "SentimentPolarity": "1"
      },
      {
        "Aspect": "기능",
        "SentimentText": "건조기는 처음 써보는데 잘 말려주고 뽀송함까지 주니 만족입니다. ",
        "SentimentWord": "8",
        "SentimentPolarity": "1"
      }
    ]
  },
  {
    "Index": "22500",
    "RawText": "제품이 좋아 빨래가 매우 잘 빨려서 좋아요. 친절한 설치 서비스 만족스럽고 감사합니다. 디자인은 본질에 충실해 어디에 둬도 조화로워 가족분들이 더 만족합니다.",
    "Source": "쇼핑몰",
    "Domain": "가전",
    "MainCategory": "생활/미용/욕실가전",
    "ProductName": "트롬 LG전자 FX23WNA + RD20WNA 본체+상단설치키트",
    "ReviewScore": "5",
    "Syllable": "88",
    "Word": "21",
    "RDate": "20220815",
    "Aspects": [
      {
        "Aspect": "기능",
        "SentimentText": "제품이 좋아 빨래가 매우 잘 빨려서 좋아요.",
        "SentimentWord": "7",
        "SentimentPolarity": "1"
      },
      {
        "Aspect": "디자인",
        "SentimentText": "디자인은 본질에 충실해 어디에 둬도 조화로워 가족분들이 더 만족합니다. ",
        "SentimentWord": "9",
        "SentimentPolarity": "1"
      }
    ]
  },
  {
    "Index": "22501",
    "RawText": "작동 잘되구요 하자도 없네요 ㅎ 이불세탁해서 건조해보니 깨끗하게 보송하게 작업해주네요. 신기했어요.",
    "Source": "쇼핑몰",
    "Domain": "가전",
    "MainCategory": "생활/미용/욕실가전",
    "ProductName": "트롬 LG전자 FX23WNA + RD20WNA 본체+상단설치키트",
    "ReviewScore": "5",
    "Syllable": "55",
    "Word": "11",
    "RDate": "20220813",
    "Aspects": [
      {
        "Aspect": "품질",
        "SentimentText": "작동 잘되구요 하자도 없네요 ㅎ",
        "SentimentWord": "5",
        "SentimentPolarity": "1"
      },
      {
        "Aspect": "기능",
        "SentimentText": "이불세탁해서 건조해보니 깨끗하게 보송하게 작업해주네요. 신기했어요. ",
        "SentimentWord": "6",
        "SentimentPolarity": "1"
      }
    ]
  },
  {
    "Index": "22502",
    "RawText": "000전자 신상품 역시 좋네요. 강력추천입니다. 용량이 매우 커서 큰 인형도 문제 없이 들어갑니다. 빨래도 산뜻하게 완료 건조는 보송해서 최고입니다.",
    "Source": "쇼핑몰",
    "Domain": "가전",
    "MainCategory": "생활/미용/욕실가전",
    "ProductName": "트롬 LG전자 FX23WNA + RD20WNA 본체+상단설치키트",
    "ReviewScore": "5",
    "Syllable": "83",
    "Word": "19",
    "RDate": "20220603",
    "GeneralPolarity": "1",
    "Aspects": [
      {
        "Aspect": "제조일/제조사",
        "SentimentText": "000전자 신상품 역시 좋네요. 강력추천입니다.",
        "SentimentWord": "5",
        "SentimentPolarity": "1"
      },
      {
        "Aspect": "용량",
        "SentimentText": "용량이 매우 커서 큰 인형도 문제 없이 들어갑니다.",
        "SentimentWord": "8",
        "SentimentPolarity": "1"
      },
      {
        "Aspect": "기능",
        "SentimentText": "빨래도 산뜻하게 완료 건조는 보송해서 최고입니다. ",
        "SentimentWord": "6",
        "SentimentPolarity": "1"
      }
    ]
  },
  {
    "Index": "22504",
    "RawText": "행사상품이라 가격 저렴하게 구매해서 좋아요. 배송은 매우 빨라 깜짝 놀랍니다. ^^ 세탁과 건조 알아서 척척 해주니 너무 편리합니다.",
    "Source": "쇼핑몰",
    "Domain": "가전",
    "MainCategory": "생활/미용/욕실가전",
    "ProductName": "트롬 LG전자 FX23WNA + RD20WNA 본체+상단설치키트",
    "ReviewScore": "5",
    "Syllable": "74",
    "Word": "18",
    "RDate": "20220610",
    "Aspects": [
      {
        "Aspect": "가격",
        "SentimentText": "행사상품이라 가격 저렴하게 구매해서 좋아요. ",
        "SentimentWord": "5",
        "SentimentPolarity": "1"
      },
      {
        "Aspect": "편의성",
        "SentimentText": "세탁과 건조 알아서 척척 해주니 너무 편리합니다. ",
        "SentimentWord": "7",
        "SentimentPolarity": "1"
      }
    ]
  },
  {
    "Index": "22505",
    "RawText": "처음 사용해본 건조기 알아서 빨래 말려주니 너무 편해서 신세계 경험했어요.^^건조기 성능 좋아 건조된 빨래 감촉은 보송한것이 기분이 좋아집니다. 조작법은 쉬워 다이얼로 조절하고 가볍게 버튼 눌러주면 끝~ 좋아요. 설치기사님들 너무 친절해서 만족했어요.",
    "Source": "쇼핑몰",
    "Domain": "가전",
    "MainCategory": "생활/미용/욕실가전",
    "ProductName": "트롬 LG전자 워시타워 W17WTA",
    "ReviewScore": "5",
    "Syllable": "140",
    "Word": "31",
    "RDate": "20220125",
    "Aspects": [
      {
        "Aspect": "편의성",
        "SentimentText": "처음 사용해본 건조기 알아서 빨래 말려주니 너무 편해서 신세계 경험했어요.^^",
        "SentimentWord": "10",
        "SentimentPolarity": "1"
      },
      {
        "Aspect": "기능",
        "SentimentText": "건조기 성능 좋아 건조된 빨래 감촉은 보송한것이 기분이 좋아집니다. ",
        "SentimentWord": "9",
        "SentimentPolarity": "1"
      },
      {
        "Aspect": "조작성",
        "SentimentText": "조작법은 쉬워 다이얼로 조절하고 가볍게 버튼 눌러주면 끝~ 좋아요. ",
        "SentimentWord": "9",
        "SentimentPolarity": "1"
      }
    ]
  },
  {
    "Index": "22506",
    "RawText": "생각보다 세탁시간이 오래걸리는듯 하지만 나름 좋아요. 일체형의 단백한 디자인이 세탁실을 넓어 보이게 해서 좋네요. 세탁이 끝나면 바로 건조기에 넣을수 있어 너무 편리해요. ^^ 설치는 빠르고 친절했고 테스트하며 설명해주는 것도 좋았어요.",
    "Source": "쇼핑몰",
    "Domain": "가전",
    "MainCategory": "생활/미용/욕실가전",
    "ProductName": "트롬 LG전자 워시타워 W17WTA",
    "ReviewScore": "5",
    "Syllable": "132",
    "Word": "30",
    "RDate": "20211220",
    "Aspects": [
      {
        "Aspect": "시간/속도",
        "SentimentText": "생각보다 세탁시간이 오래걸리는듯 하지만 나름 좋아요. ",
        "SentimentWord": "6",
        "SentimentPolarity": "0"
      },
      {
        "Aspect": "디자인",
        "SentimentText": "일체형의 단백한 디자인이 세탁실을 넓어 보이게 해서 좋네요. ",
        "SentimentWord": "8",
        "SentimentPolarity": "1"
      },
      {
        "Aspect": "편의성",
        "SentimentText": "세탁이 끝나면 바로 건조기에 넣을수 있어 너무 편리해요. ^^ ",
        "SentimentWord": "9",
        "SentimentPolarity": "1"
      }
    ]
  },
  {
    "Index": "22507",
    "RawText": "소음도 통돌이에 비해 크지 않은 것 같아요~  제품은 너무 만족해서 사용 잘하고 있어요. ^^",
    "Source": "쇼핑몰",
    "Domain": "가전",
    "MainCategory": "생활/미용/욕실가전",
    "ProductName": "트롬 LG전자 워시타워 W17WTA",
    "ReviewScore": "5",
    "Syllable": "52",
    "Word": "14",
    "RDate": "20220103",
    "Aspects": [
      {
        "Aspect": "소음",
        "SentimentText": "소음도 통돌이에 비해 크지 않은 것 같아요~",
        "SentimentWord": "7",
        "SentimentPolarity": "1"
      },
      {
        "Aspect": "품질",
        "SentimentText": "제품은 너무 만족해서 사용 잘하고 있어요. ^^",
        "SentimentWord": "7",
        "SentimentPolarity": "1"
      }
    ]
  },
  {
    "Index": "22509",
    "RawText": "설치해보니 단정한 디자인이 우리집 인테리어에 잘 어울려서 너무 만족스러워요. 에너지효율 1등급이라 만족스럽네요^^",
    "Source": "쇼핑몰",
    "Domain": "가전",
    "MainCategory": "생활/미용/욕실가전",
    "ProductName": "트롬 LG전자 워시타워 W17WTA",
    "ReviewScore": "5",
    "Syllable": "63",
    "Word": "12",
    "RDate": "20211123",
    "Aspects": [
      {
        "Aspect": "디자인",
        "SentimentText": "설치해보니 단정한 디자인이 우리집 인테리어에 잘 어울려서 너무 만족스러워요.",
        "SentimentWord": "9",
        "SentimentPolarity": "1"
      },
      {
        "Aspect": "소비전력",
        "SentimentText": " 에너지효율 1등급이라 만족스럽네요^^ ",
        "SentimentWord": "3",
        "SentimentPolarity": "1"
      }
    ]
  },
  {
    "Index": "22510",
    "RawText": "오래썼던 세탁기를 교체했어요. 세탁기와 건조기 일체형 매우 간결한 디자인이 깔끔해서 좋아요. 건조시간이 정말 오래걸려요.....",
    "Source": "쇼핑몰",
    "Domain": "가전",
    "MainCategory": "생활/미용/욕실가전",
    "ProductName": "트롬 LG전자 워시타워 W17WTA",
    "ReviewScore": "5",
    "Syllable": "71",
    "Word": "14",
    "RDate": "20220615",
    "Aspects": [
      {
        "Aspect": "디자인",
        "SentimentText": "세탁기와 건조기 일체형 매우 간결한 디자인이 깔끔해서 좋아요. ",
        "SentimentWord": "8",
        "SentimentPolarity": "1"
      },
      {
        "Aspect": "시간/속도",
        "SentimentText": " 건조시간이 정말 오래걸려요.....",
        "SentimentWord": "3",
        "SentimentPolarity": "-1"
      }
    ]
  },
  {
    "Index": "22512",
    "RawText": "통돌이쓰다 교체했는데 확연히 다르네요. 건조기 뽀송함에 반해 일부러 빨래를 하게 됩니다. ^^ 조용해서 밤에도 자주 돌릴수 있어 좋아요. 설치도 친절하게 잘 해주셔서 친절함에 반했습니다. ^^",
    "Source": "쇼핑몰",
    "Domain": "가전",
    "MainCategory": "생활/미용/욕실가전",
    "ProductName": "트롬 LG전자 워시타워 W17WTA",
    "ReviewScore": "5",
    "Syllable": "107",
    "Word": "25",
    "RDate": "20211225",
    "Aspects": [
      {
        "Aspect": "기능",
        "SentimentText": "건조기 뽀송함에 반해 일부러 빨래를 하게 됩니다. ^^",
        "SentimentWord": "8",
        "SentimentPolarity": "1"
      },
      {
        "Aspect": "소음",
        "SentimentText": "조용해서 밤에도 자주 돌릴수 있어 좋아요. ",
        "SentimentWord": "6",
        "SentimentPolarity": "1"
      }
    ]
  },
  {
    "Index": "22513",
    "RawText": "거거익선 이라더니 제품 용량 큰거 사니 빨래 양 많을때 좋습니다. 제품 조작버튼이 중간에 있어 키작은 사람도 쓰기 편해 좋습니다.",
    "Source": "쇼핑몰",
    "Domain": "가전",
    "MainCategory": "생활/미용/욕실가전",
    "ProductName": "트롬 LG전자 워시타워 W17WTA",
    "ReviewScore": "5",
    "Syllable": "72",
    "Word": "19",
    "RDate": "20211130",
    "GeneralPolarity": "1",
    "Aspects": [
      {
        "Aspect": "용량",
        "SentimentText": "거거익선 이라더니 제품 용량 큰거 사니 빨래 양 많을때 좋습니다. ",
        "SentimentWord": "10",
        "SentimentPolarity": "1"
      },
      {
        "Aspect": "조작성",
        "SentimentText": "제품 조작버튼이 중간에 있어 키작은 사람도 쓰기 편해 좋습니다. ",
        "SentimentWord": "9",
        "SentimentPolarity": "1"
      }
    ]
  },
  {
    "Index": "22514",
    "RawText": "용량이 커서 이불빨래도 걱정없어요~외관상 사이즈가 엄청 커서 깜짝 놀랐지만 너무 흡족합니다. 번창하시길 바래요.",
    "Source": "쇼핑몰",
    "Domain": "가전",
    "MainCategory": "생활/미용/욕실가전",
    "ProductName": "트롬 LG전자 워시타워 W17WTA",
    "ReviewScore": "5",
    "Syllable": "62",
    "Word": "13",
    "RDate": "20220109",
    "Aspects": [
      {
        "Aspect": "용량",
        "SentimentText": "용량이 커서 이불빨래도 걱정없어요~",
        "SentimentWord": "4",
        "SentimentPolarity": "1"
      },
      {
        "Aspect": "사이즈",
        "SentimentText": "외관상 사이즈가 엄청 커서 깜짝 놀랐지만 너무 흡족합니다. ",
        "SentimentWord": "8",
        "SentimentPolarity": "0"
      }
    ]
  },
  {
    "Index": "22515",
    "RawText": "배송은 20일 주문 23일에 받았네요. 참 빨라서 좋았어요. 가격은 착해서 너무 잘샀다 싶어요. ^^ 000 전자라 품질 믿고 씁니다.",
    "Source": "쇼핑몰",
    "Domain": "가전",
    "MainCategory": "생활/미용/욕실가전",
    "ProductName": "트롬 LG전자 워시타워 W17WTA",
    "ReviewScore": "5",
    "Syllable": "75",
    "Word": "19",
    "RDate": "20211224",
    "Aspects": [
      {
        "Aspect": "가격",
        "SentimentText": " 가격은 착해서 너무 잘샀다 싶어요. ^^",
        "SentimentWord": "6",
        "SentimentPolarity": "1"
      },
      {
        "Aspect": "제조일/제조사",
        "SentimentText": " 000 전자라 품질 믿고 씁니다. ",
        "SentimentWord": "5",
        "SentimentPolarity": "1"
      }
    ]
  },
  {
    "Index": "22516",
    "RawText": "다용도실에 빠르고 안전하게 설치 완료해주셔서 감사합니다. 세탁기는 물론 건조기 성능 엄지척 잘 말라서 좋아요. 내가하지 않아도 알아서 세탁과 건조를 해주니 편리함에 삶의 질이 상승합니다.",
    "Source": "쇼핑몰",
    "Domain": "가전",
    "MainCategory": "생활/미용/욕실가전",
    "ProductName": "트롬 LG전자 워시타워 W17WTA",
    "ReviewScore": "5",
    "Syllable": "104",
    "Word": "24",
    "RDate": "20220524",
    "Aspects": [
      {
        "Aspect": "기능",
        "SentimentText": "세탁기는 물론 건조기 성능 엄지척 잘 말라서 좋아요.",
        "SentimentWord": "8",
        "SentimentPolarity": "1"
      },
      {
        "Aspect": "편의성",
        "SentimentText": "내가하지 않아도 알아서 세탁과 건조를 해주니 편리함에 삶의 질이 상승합니다. ",
        "SentimentWord": "10",
        "SentimentPolarity": "1"
      }
    ]
  },
  {
    "Index": "22518",
    "RawText": "설치는 빨랐는데 배송은 좀 오래 걸려서 아쉽습니다. 용량이 커서 빨래 모아 놨다 한방에 해결~ 좋아요. 색상이 화사해 다용도실이 깔끔해 보여 좋습니다.",
    "Source": "쇼핑몰",
    "Domain": "가전",
    "MainCategory": "생활/미용/욕실가전",
    "ProductName": "트롬 LG전자 워시타워 W17WTA",
    "ReviewScore": "5",
    "Syllable": "84",
    "Word": "21",
    "RDate": "20220304",
    "Aspects": [
      {
        "Aspect": "용량",
        "SentimentText": "용량이 커서 빨래 모아 놨다 한방에 해결~ 좋아요.",
        "SentimentWord": "8",
        "SentimentPolarity": "1"
      },
      {
        "Aspect": "색상",
        "SentimentText": "색상이 화사해 다용도실이 깔끔해 보여 좋습니다. ",
        "SentimentWord": "6",
        "SentimentPolarity": "1"
      }
    ]
  },
  {
    "Index": "22520",
    "RawText": "제품 받아보니 색상이 흰색이라 넘 이쁘네요^^ 세탁기에  건조기까지 싸게 구입해서 대만족~",
    "Source": "쇼핑몰",
    "Domain": "가전",
    "MainCategory": "생활/미용/욕실가전",
    "ProductName": "트롬 LG전자 워시타워 W17WTA",
    "ReviewScore": "5",
    "Syllable": "50",
    "Word": "11",
    "RDate": "20220502",
    "GeneralPolarity": "1",
    "Aspects": [
      {
        "Aspect": "색상",
        "SentimentText": "제품 받아보니 색상이 흰색이라 넘 이쁘네요^^",
        "SentimentWord": "6",
        "SentimentPolarity": "1"
      },
      {
        "Aspect": "가격",
        "SentimentText": "세탁기에  건조기까지 싸게 구입해서 대만족~",
        "SentimentWord": "5",
        "SentimentPolarity": "1"
      }
    ]
  },
  {
    "Index": "22521",
    "RawText": "역시 OOO 가전 제품이 짱~~ 착한 가격에 좋은 제품 사서 좋아요ㅎㅎ",
    "Source": "쇼핑몰",
    "Domain": "가전",
    "MainCategory": "생활/미용/욕실가전",
    "ProductName": "트롬 LG전자 워시타워 W17WTA",
    "ReviewScore": "5",
    "Syllable": "39",
    "Word": "11",
    "RDate": "20211120",
    "GeneralPolarity": "1",
    "Aspects": [
      {
        "Aspect": "제조일/제조사",
        "SentimentText": "역시 OOO 가전 제품이 짱~~ ",
        "SentimentWord": "5",
        "SentimentPolarity": "1"
      },
      {
        "Aspect": "가격",
        "SentimentText": "착한 가격에 좋은 제품 사서 좋아요ㅎㅎ ",
        "SentimentWord": "6",
        "SentimentPolarity": "1"
      }
    ]
  },
  {
    "Index": "22522",
    "RawText": "제품 원하는 배송일에 잘 도착해줘서 좋았습니다. 디자인이 심플한데 고급스러워 맘에 들고 예쁩니다. 할인된 가격에 사니 저렴했어요. 강력추천 합니다.",
    "Source": "쇼핑몰",
    "Domain": "가전",
    "MainCategory": "생활/미용/욕실가전",
    "ProductName": "트롬 LG전자 워시타워 W17WTA",
    "ReviewScore": "5",
    "Syllable": "82",
    "Word": "18",
    "RDate": "20220821",
    "Aspects": [
      {
        "Aspect": "디자인",
        "SentimentText": "디자인이 심플한데 고급스러워 맘에 들고 예쁩니다. ",
        "SentimentWord": "6",
        "SentimentPolarity": "1"
      },
      {
        "Aspect": "가격",
        "SentimentText": "할인된 가격에 사니 저렴했어요. 강력추천 합니다. ",
        "SentimentWord": "6",
        "SentimentPolarity": "1"
      }
    ]
  },
  {
    "Index": "22523",
    "RawText": "망설이지 않게 하는 착한 가격!!  배송도 넘 빨랐고 기사님들 서비스도 좋았어요ㅎㅎ 수건 돌려보니 뽀송해서 굿~~ ",
    "Source": "쇼핑몰",
    "Domain": "가전",
    "MainCategory": "생활/미용/욕실가전",
    "ProductName": "트롬 LG전자 워시타워 W17WTA",
    "ReviewScore": "5",
    "Syllable": "64",
    "Word": "15",
    "RDate": "20220422",
    "GeneralPolarity": "1",
    "Aspects": [
      {
        "Aspect": "가격",
        "SentimentText": "망설이지 않게 하는 착한 가격!! ",
        "SentimentWord": "5",
        "SentimentPolarity": "1"
      },
      {
        "Aspect": "기능",
        "SentimentText": "수건 돌려보니 뽀송해서 굿~~",
        "SentimentWord": "4",
        "SentimentPolarity": "1"
      }
    ]
  },
  {
    "Index": "22524",
    "RawText": "용량이 커서 한 방에 다 때려 넣고 돌릴 수 있어 만족합니다  타워형 디자인이라 공간 활용도가 높아 굿~~",
    "Source": "쇼핑몰",
    "Domain": "가전",
    "MainCategory": "생활/미용/욕실가전",
    "ProductName": "트롬 LG전자 워시타워 W17WTA",
    "ReviewScore": "5",
    "Syllable": "59",
    "Word": "17",
    "RDate": "20220116",
    "GeneralPolarity": "1",
    "Aspects": [
      {
        "Aspect": "용량",
        "SentimentText": "용량이 커서 한 방에 다 때려 넣고 돌릴 수 있어 만족합니다",
        "SentimentWord": "11",
        "SentimentPolarity": "1"
      },
      {
        "Aspect": "디자인",
        "SentimentText": "타워형 디자인이라 공간 활용도가 높아 굿~~",
        "SentimentWord": "6",
        "SentimentPolarity": "1"
      }
    ]
  },
  {
    "Index": "22525",
    "RawText": "조작버튼이 중간에 있어서 세탁기와 건조기를 쉽게 컨트롤 할수 있어 좋아요.  세탁후 건조기가 자동 예열 되는 기능은 너무 편해 좋습니다.",
    "Source": "쇼핑몰",
    "Domain": "가전",
    "MainCategory": "생활/미용/욕실가전",
    "ProductName": "트롬 LG전자 워시타워 W17WTA",
    "ReviewScore": "5",
    "Syllable": "76",
    "Word": "19",
    "RDate": "20211121",
    "GeneralPolarity": "1",
    "Aspects": [
      {
        "Aspect": "조작성",
        "SentimentText": "조작버튼이 중간에 있어서 세탁기와 건조기를 쉽게 컨트롤 할수 있어 좋아요. ",
        "SentimentWord": "10",
        "SentimentPolarity": "1"
      },
      {
        "Aspect": "기능",
        "SentimentText": "세탁후 건조기가 자동 예열 되는 기능은 너무 편해 좋습니다. ",
        "SentimentWord": "9",
        "SentimentPolarity": "1"
      }
    ]
  },
  {
    "Index": "22526",
    "RawText": "가전은 사용할수록 000전자가 최고입니다. 설치는 빨랐고 친절해서 너무 만족했어요. 세트 구매하니 너무 편리해서 빨래 해방입니다. 흡족해요.",
    "Source": "쇼핑몰",
    "Domain": "가전",
    "MainCategory": "생활/미용/욕실가전",
    "ProductName": "트롬 LG전자 워시타워 W17WTA",
    "ReviewScore": "5",
    "Syllable": "78",
    "Word": "16",
    "RDate": "20220524",
    "Aspects": [
      {
        "Aspect": "제조일/제조사",
        "SentimentText": "가전은 사용할수록 000전자가 최고입니다.",
        "SentimentWord": "4",
        "SentimentPolarity": "1"
      },
      {
        "Aspect": "편의성",
        "SentimentText": "세트 구매하니 너무 편리해서 빨래 해방입니다. 흡족해요. ",
        "SentimentWord": "7",
        "SentimentPolarity": "1"
      }
    ]
  },
  {
    "Index": "22527",
    "RawText": "용량이 크니 빨래가 잔뜩 쌓여도 한번에 해결 됩니다. 감동이예요. 디자인이 예뻐서 거실에 두고 써도 잘 어울려요. ^^ 생각외로 조용해서 신경쓰임 없어 좋습니다.",
    "Source": "쇼핑몰",
    "Domain": "가전",
    "MainCategory": "생활/미용/욕실가전",
    "ProductName": "트롬 LG전자 워시타워 W17WTA",
    "ReviewScore": "5",
    "Syllable": "90",
    "Word": "22",
    "RDate": "20211206",
    "GeneralPolarity": "1",
    "Aspects": [
      {
        "Aspect": "용량",
        "SentimentText": "용량이 크니 빨래가 잔뜩 쌓여도 한번에 해결 됩니다. 감동이예요. ",
        "SentimentWord": "9",
        "SentimentPolarity": "1"
      },
      {
        "Aspect": "디자인",
        "SentimentText": "디자인이 예뻐서 거실에 두고 써도 잘 어울려요. ^^ ",
        "SentimentWord": "8",
        "SentimentPolarity": "1"
      },
      {
        "Aspect": "소음",
        "SentimentText": "생각외로 조용해서 신경쓰임 없어 좋습니다. ",
        "SentimentWord": "5",
        "SentimentPolarity": "1"
      }
    ]
  },
  {
    "Index": "22532",
    "RawText": "비교하고 고민하고 가격 저렴하게 잘 샀어요. 굿~ 디자인은 심플해서 흡족합니다. 이불 건조해보니 뽀송하게 잘말라요. 따뜻한 느낌이 너무 좋습니다.",
    "Source": "쇼핑몰",
    "Domain": "가전",
    "MainCategory": "생활/미용/욕실가전",
    "ProductName": "트롬 LG전자 워시타워 W17WTA",
    "ReviewScore": "5",
    "Syllable": "81",
    "Word": "18",
    "RDate": "20220327",
    "GeneralPolarity": "1",
    "Aspects": [
      {
        "Aspect": "가격",
        "SentimentText": "비교하고 고민하고 가격 저렴하게 잘 샀어요. 굿~ ",
        "SentimentWord": "7",
        "SentimentPolarity": "1"
      },
      {
        "Aspect": "디자인",
        "SentimentText": "디자인은 심플해서 흡족합니다. ",
        "SentimentWord": "3",
        "SentimentPolarity": "1"
      },
      {
        "Aspect": "기능",
        "SentimentText": "이불 건조해보니 뽀송하게 잘말라요. 따뜻한 느낌이 너무 좋습니다. ",
        "SentimentWord": "8",
        "SentimentPolarity": "1"
      }
    ]
  },
  {
    "Index": "22533",
    "RawText": "일체형이라 사이즈가 공간을 많이 차지 하지 않아 좋아요. 조용한것이 예민한 사람도 잘 쓸수 있어 만족해요. 친절한 기사님들 께서 잘 설치해주고 쓰레기 정리도 말끔하게 하시고 가서 좋아요.",
    "Source": "쇼핑몰",
    "Domain": "가전",
    "MainCategory": "생활/미용/욕실가전",
    "ProductName": "트롬 LG전자 워시타워 W17WTA",
    "ReviewScore": "5",
    "Syllable": "104",
    "Word": "26",
    "RDate": "20220709",
    "Aspects": [
      {
        "Aspect": "사이즈",
        "SentimentText": "일체형이라 사이즈가 공간을 많이 차지 하지 않아 좋아요.",
        "SentimentWord": "8",
        "SentimentPolarity": "1"
      },
      {
        "Aspect": "소음",
        "SentimentText": "조용한것이 예민한 사람도 잘 쓸수 있어 만족해요. ",
        "SentimentWord": "7",
        "SentimentPolarity": "1"
      }
    ]
  },
  {
    "Index": "22534",
    "RawText": "타워형 설치하니 기존 제품 보다 사이즈가 줄어 공간이 절약되고 좋습니다. 쓸때마다 세탁 능력 탁월해서 만족스러워요.",
    "Source": "쇼핑몰",
    "Domain": "가전",
    "MainCategory": "생활/미용/욕실가전",
    "ProductName": "트롬 LG전자 워시타워 W17WTA",
    "ReviewScore": "5",
    "Syllable": "64",
    "Word": "15",
    "RDate": "20220326",
    "GeneralPolarity": "1",
    "Aspects": [
      {
        "Aspect": "사이즈",
        "SentimentText": "타워형 설치하니 기존 제품 보다 사이즈가 줄어 공간이 절약되고 좋습니다.",
        "SentimentWord": "10",
        "SentimentPolarity": "1"
      },
      {
        "Aspect": "기능",
        "SentimentText": "쓸때마다 세탁 능력 탁월해서 만족스러워요. ",
        "SentimentWord": "5",
        "SentimentPolarity": "1"
      }
    ]
  },
  {
    "Index": "22535",
    "RawText": "처음 사용하려고 보니 세제넣는곳에 검은 흠집이 보여요ㅠㅠ  원래 그런건지...   하지만 컬러는 심플하니 너~무 이쁘네요",
    "Source": "쇼핑몰",
    "Domain": "가전",
    "MainCategory": "생활/미용/욕실가전",
    "ProductName": "트롬 LG전자 워시타워 W17WTA",
    "ReviewScore": "5",
    "Syllable": "67",
    "Word": "14",
    "RDate": "20220126",
    "GeneralPolarity": "0",
    "Aspects": [
      {
        "Aspect": "품질",
        "SentimentText": "세제넣는곳에 검은 흠집이 보여요ㅠㅠ  원래 그런건지... ",
        "SentimentWord": "6",
        "SentimentPolarity": "-1"
      },
      {
        "Aspect": "색상",
        "SentimentText": " 컬러는 심플하니 너~무 이쁘네요",
        "SentimentWord": "4",
        "SentimentPolarity": "1"
      }
    ]
  },
  {
    "Index": "22536",
    "RawText": "보송하게 말려주는 성능은 굉장히 탁월합니다. ^^ 용량은 무조건 큰게 좋아요~",
    "Source": "쇼핑몰",
    "Domain": "가전",
    "MainCategory": "생활/미용/욕실가전",
    "ProductName": "트롬 LG전자 워시타워 W17WTA",
    "ReviewScore": "5",
    "Syllable": "43",
    "Word": "10",
    "RDate": "20220712",
    "Aspects": [
      {
        "Aspect": "기능",
        "SentimentText": "보송하게 말려주는 성능은 굉장히 탁월합니다. ^^",
        "SentimentWord": "6",
        "SentimentPolarity": "1"
      },
      {
        "Aspect": "용량",
        "SentimentText": "용량은 무조건 큰게 좋아요~",
        "SentimentWord": "4",
        "SentimentPolarity": "1"
      }
    ]
  },
  {
    "Index": "22537",
    "RawText": "에너지 1등급이라 전기세 걱정없어 편하고요^^ 생각보다 슬림해서 세탁실이 넓어 보이네요~~",
    "Source": "쇼핑몰",
    "Domain": "가전",
    "MainCategory": "생활/미용/욕실가전",
    "ProductName": "트롬 LG전자 워시타워 W17WTA",
    "ReviewScore": "5",
    "Syllable": "50",
    "Word": "10",
    "RDate": "20220328",
    "GeneralPolarity": "1",
    "Aspects": [
      {
        "Aspect": "소비전력",
        "SentimentText": "에너지 1등급이라 전기세 걱정없어 편하고요^^ ",
        "SentimentWord": "5",
        "SentimentPolarity": "1"
      },
      {
        "Aspect": "사이즈",
        "SentimentText": " 생각보다 슬림해서 세탁실이 넓어 보이네요~~",
        "SentimentWord": "5",
        "SentimentPolarity": "1"
      }
    ]
  },
  {
    "Index": "22538",
    "RawText": "색상 화이트라 주위가 환해보여 좋아요~~ 세탁도 깨끗하게 잘하고 건조도 잘 말리고 기특한 제품입니다. ^_^",
    "Source": "쇼핑몰",
    "Domain": "가전",
    "MainCategory": "생활/미용/욕실가전",
    "ProductName": "트롬 LG전자 워시타워 W17WTA",
    "ReviewScore": "5",
    "Syllable": "60",
    "Word": "14",
    "RDate": "20220401",
    "Aspects": [
      {
        "Aspect": "색상",
        "SentimentText": "색상 화이트라 주위가 환해보여 좋아요~~",
        "SentimentWord": "5",
        "SentimentPolarity": "1"
      },
      {
        "Aspect": "기능",
        "SentimentText": "세탁도 깨끗하게 잘하고 건조도 잘 말리고 기특한 제품입니다. ^_^",
        "SentimentWord": "9",
        "SentimentPolarity": "1"
      }
    ]
  },
  {
    "Index": "22539",
    "RawText": "안심번호로 친절한 판매자분과 연락해서 배송 받았어요. 일단 색상 너무 깔끔해서 좋구요 한 번 돌려보니까 세탁, 건조 둘 다 잘 돌아갑니다~^^",
    "Source": "쇼핑몰",
    "Domain": "가전",
    "MainCategory": "생활/미용/욕실가전",
    "ProductName": "트롬 LG전자 워시타워 W17WTA",
    "ReviewScore": "5",
    "Syllable": "79",
    "Word": "20",
    "RDate": "20220305",
    "GeneralPolarity": "1",
    "Aspects": [
      {
        "Aspect": "색상",
        "SentimentText": "일단 색상 너무 깔끔해서 좋구요",
        "SentimentWord": "5",
        "SentimentPolarity": "1"
      },
      {
        "Aspect": "기능",
        "SentimentText": "한 번 돌려보니까 세탁, 건조 둘 다 잘 돌아갑니다~^^ ",
        "SentimentWord": "9",
        "SentimentPolarity": "1"
      }
    ]
  },
  {
    "Index": "22540",
    "RawText": "보들거리는 옷과 포근한 냄새나는 따끈한 이불 짱!성능짱! 이에요^^ 대만족 가전은 역시 000전자가 믿음이 갑니다.",
    "Source": "쇼핑몰",
    "Domain": "가전",
    "MainCategory": "생활/미용/욕실가전",
    "ProductName": "트롬 LG전자 워시타워 W17WTA",
    "ReviewScore": "5",
    "Syllable": "64",
    "Word": "14",
    "RDate": "20220214",
    "Aspects": [
      {
        "Aspect": "기능",
        "SentimentText": "보들거리는 옷과 포근한 냄새나는 따끈한 이불 짱!성능짱! 이에요^^ 대만족",
        "SentimentWord": "9",
        "SentimentPolarity": "1"
      },
      {
        "Aspect": "제조일/제조사",
        "SentimentText": "가전은 역시 000전자가 믿음이 갑니다. ",
        "SentimentWord": "5",
        "SentimentPolarity": "1"
      }
    ]
  },
  {
    "Index": "22541",
    "RawText": "배송이 느려 기다림이 지겨웠어요. ㅠ.ㅠ 할인도 받고 사서 좋은 가격에 사서 만족입니다. 대용량이라 이불도 거침없이 들어가니 맘이 너무 좋네요.",
    "Source": "쇼핑몰",
    "Domain": "가전",
    "MainCategory": "생활/미용/욕실가전",
    "ProductName": "트롬 LG전자 워시타워 W17WTA",
    "ReviewScore": "5",
    "Syllable": "80",
    "Word": "19",
    "RDate": "20220303",
    "Aspects": [
      {
        "Aspect": "가격",
        "SentimentText": "할인도 받고 사서 좋은 가격에 사서 만족입니다.",
        "SentimentWord": "7",
        "SentimentPolarity": "1"
      },
      {
        "Aspect": "용량",
        "SentimentText": "대용량이라 이불도 거침없이 들어가니 맘이 너무 좋네요. ",
        "SentimentWord": "7",
        "SentimentPolarity": "1"
      }
    ]
  },
  {
    "Index": "22542",
    "RawText": "매장 가서 사는 것보다 저렴하게 샀어요!   ooo 이 제품 두말하면 입 아프죠!! 정말 탁원한 선택입니다 배송도 빨리 와서 더욱 기분이 좋네요 ㅎㅎ ",
    "Source": "쇼핑몰",
    "Domain": "가전",
    "MainCategory": "생활/미용/욕실가전",
    "ProductName": "트롬 LG전자 워시타워 W17WTA",
    "ReviewScore": "5",
    "Syllable": "84",
    "Word": "22",
    "RDate": "20220823",
    "GeneralPolarity": "1",
    "Aspects": [
      {
        "Aspect": "가격",
        "SentimentText": "매장 가서 사는 것보다 저렴하게 샀어요!",
        "SentimentWord": "6",
        "SentimentPolarity": "1"
      },
      {
        "Aspect": "제조일/제조사",
        "SentimentText": "ooo 이 제품 두말하면 입 아프죠!! 정말 탁원한 선택입니다",
        "SentimentWord": "9",
        "SentimentPolarity": "1"
      }
    ]
  },
  {
    "Index": "22543",
    "RawText": "유리 문은 강화 유리라서 튼튼하니 걱정없어요 가전제품은 OOO! 역시는 역시네요~ ",
    "Source": "쇼핑몰",
    "Domain": "가전",
    "MainCategory": "생활/미용/욕실가전",
    "ProductName": "트롬 LG전자 워시타워 W17WTA",
    "ReviewScore": "5",
    "Syllable": "46",
    "Word": "10",
    "RDate": "20220619",
    "GeneralPolarity": "1",
    "Aspects": [
      {
        "Aspect": "내구성",
        "SentimentText": "유리 문은 강화 유리라서 튼튼하니 걱정없어요",
        "SentimentWord": "6",
        "SentimentPolarity": "1"
      },
      {
        "Aspect": "제조일/제조사",
        "SentimentText": "가전제품은 OOO! 역시는 역시네요~",
        "SentimentWord": "4",
        "SentimentPolarity": "1"
      }
    ]
  },
  {
    "Index": "22544",
    "RawText": "일단 색상이 사진보다 실물이 훨 예뻐요  무엇보다 조작이 어렵지 않아서 좋네요 작동해보니 세탁기랑 건조기 기능도 좋아요!",
    "Source": "쇼핑몰",
    "Domain": "가전",
    "MainCategory": "생활/미용/욕실가전",
    "ProductName": "트롬 LG전자 워시타워 W17WTA",
    "ReviewScore": "5",
    "Syllable": "67",
    "Word": "16",
    "RDate": "20220830",
    "GeneralPolarity": "1",
    "Aspects": [
      {
        "Aspect": "색상",
        "SentimentText": "일단 색상이 사진보다 실물이 훨 예뻐요 ",
        "SentimentWord": "6",
        "SentimentPolarity": "1"
      },
      {
        "Aspect": "조작성",
        "SentimentText": "무엇보다 조작이 어렵지 않아서 좋네요",
        "SentimentWord": "5",
        "SentimentPolarity": "1"
      },
      {
        "Aspect": "기능",
        "SentimentText": "작동해보니 세탁기랑 건조기 기능도 좋아요!",
        "SentimentWord": "5",
        "SentimentPolarity": "1"
      }
    ]
  },
  {
    "Index": "22545",
    "RawText": "디자인도 넘 이쁘고요~ 건조기 덕에 빨래 편의성이 업!! 됐네요ㅎ",
    "Source": "쇼핑몰",
    "Domain": "가전",
    "MainCategory": "생활/미용/욕실가전",
    "ProductName": "트롬 LG전자 워시타워 W17WTA",
    "ReviewScore": "5",
    "Syllable": "36",
    "Word": "9",
    "RDate": "20220824",
    "GeneralPolarity": "1",
    "Aspects": [
      {
        "Aspect": "디자인",
        "SentimentText": "디자인도 넘 이쁘고요~ ",
        "SentimentWord": "3",
        "SentimentPolarity": "1"
      },
      {
        "Aspect": "편의성",
        "SentimentText": "건조기 덕에 빨래 편의성이 업!! 됐네요ㅎ",
        "SentimentWord": "6",
        "SentimentPolarity": "1"
      }
    ]
  },
  {
    "Index": "22546",
    "RawText": "용량도 커서 킹사이즈 이불도 문제없이 잘 빨리네요 너무 좋습니다 애완견이 있어 먼지털기 기능 유용해요. 너무 잘 털어주니 털 날림도 없어 만족해요.",
    "Source": "쇼핑몰",
    "Domain": "가전",
    "MainCategory": "생활/미용/욕실가전",
    "ProductName": "트롬 LG전자 워시타워 W17WTA",
    "ReviewScore": "4",
    "Syllable": "82",
    "Word": "21",
    "RDate": "20220630",
    "Aspects": [
      {
        "Aspect": "용량",
        "SentimentText": "용량도 커서 킹사이즈 이불도 문제없이 잘 빨리네요 너무 좋습니다",
        "SentimentWord": "9",
        "SentimentPolarity": "1"
      },
      {
        "Aspect": "기능",
        "SentimentText": "애완견이 있어 먼지털기 기능 유용해요. 너무 잘 털어주니 털 날림도 없어 만족해요. ",
        "SentimentWord": "12",
        "SentimentPolarity": "1"
      }
    ]
  },
  {
    "Index": "22548",
    "RawText": "일단 완전 총알배송이어서 좋았습니다~ 가격도 저렴해서 맘에 들었구요! 용량이 24kg라 많은 양의 빨래도 한번에 해결해서 굿입니다",
    "Source": "쇼핑몰",
    "Domain": "가전",
    "MainCategory": "생활/미용/욕실가전",
    "ProductName": "트롬 LG전자 워시타워 W17WTA",
    "ReviewScore": "5",
    "Syllable": "72",
    "Word": "16",
    "RDate": "20220806",
    "GeneralPolarity": "1",
    "Aspects": [
      {
        "Aspect": "가격",
        "SentimentText": "가격도 저렴해서 맘에 들었구요! ",
        "SentimentWord": "4",
        "SentimentPolarity": "1"
      },
      {
        "Aspect": "용량",
        "SentimentText": "용량이 24kg라 많은 양의 빨래도 한번에 해결해서 굿입니다 ",
        "SentimentWord": "8",
        "SentimentPolarity": "1"
      }
    ]
  },
  {
    "Index": "22549",
    "RawText": "전에 쓰던 세탁기보다 소음이 없어서 좋아요 건조기는 첨 써보는데 성능 진짜 좋아요,,, 무엇보다 빨래하고 바로 건조할 수 있어서 편하네요",
    "Source": "쇼핑몰",
    "Domain": "가전",
    "MainCategory": "생활/미용/욕실가전",
    "ProductName": "트롬 LG전자 워시타워 W17WTA",
    "ReviewScore": "5",
    "Syllable": "76",
    "Word": "19",
    "RDate": "20220518",
    "GeneralPolarity": "1",
    "Aspects": [
      {
        "Aspect": "소음",
        "SentimentText": "전에 쓰던 세탁기보다 소음이 없어서 좋아요",
        "SentimentWord": "6",
        "SentimentPolarity": "1"
      },
      {
        "Aspect": "기능",
        "SentimentText": "건조기는 첨 써보는데 성능 진짜 좋아요,,, ",
        "SentimentWord": "6",
        "SentimentPolarity": "1"
      },
      {
        "Aspect": "편의성",
        "SentimentText": "무엇보다 빨래하고 바로 건조할 수 있어서 편하네요",
        "SentimentWord": "7",
        "SentimentPolarity": "1"
      }
    ]
  },
  {
    "Index": "22550",
    "RawText": "기존 통돌이 보다 소음이 확실히 적어 좋아요. 배송 날짜와 시간까지 완벽하게 지켜주시고 좋았어요. 건조기 없던 삶을 이젠 상상 못해요. 너무 편해서 소름돋아요.먼지털기 기능 너무 잘털려 먼지 뭉치 보면 감격합니다. ^^",
    "Source": "쇼핑몰",
    "Domain": "가전",
    "MainCategory": "생활/미용/욕실가전",
    "ProductName": "트롬 LG전자 워시타워 W17WTA",
    "ReviewScore": "5",
    "Syllable": "122",
    "Word": "30",
    "RDate": "20220716",
    "GeneralPolarity": "1",
    "Aspects": [
      {
        "Aspect": "소음",
        "SentimentText": "기존 통돌이 보다 소음이 확실히 적어 좋아요. ",
        "SentimentWord": "7",
        "SentimentPolarity": "1"
      },
      {
        "Aspect": "편의성",
        "SentimentText": "건조기 없던 삶을 이젠 상상 못해요. 너무 편해서 소름돋아요.",
        "SentimentWord": "9",
        "SentimentPolarity": "1"
      },
      {
        "Aspect": "기능",
        "SentimentText": "먼지털기 기능 너무 잘털려 먼지 뭉치 보면 감격합니다. ^^",
        "SentimentWord": "9",
        "SentimentPolarity": "1"
      }
    ]
  }
]