[
  {
    "Index": "19824",
    "RawText": "소음도 양호하고 조용해서 만족~  사용해보니 건조 성능도 굉장히 좋습니다~감사히 잘쓰겠습니다~~",
    "Source": "쇼핑몰",
    "Domain": "가전",
    "MainCategory": "생활/미용/욕실가전",
    "ProductName": "삼성전자 DV90T5440KW 일반구매",
    "ReviewScore": "5",
    "Syllable": "53",
    "Word": "10",
    "RDate": "20211113",
    "Aspects": [
      {
        "Aspect": "소음",
        "SentimentText": "소음도 양호하고 조용해서 만족~ ",
        "SentimentWord": "4",
        "SentimentPolarity": "1"
      },
      {
        "Aspect": "기능",
        "SentimentText": "성능도 굉장히 좋습니다~",
        "SentimentWord": "3",
        "SentimentPolarity": "1"
      }
    ]
  },
  {
    "Index": "19825",
    "RawText": "건조시간이 오래 걸리네요...ㅠ 하지만 상품은 품질이 좋으네요",
    "Source": "쇼핑몰",
    "Domain": "가전",
    "MainCategory": "생활/미용/욕실가전",
    "ProductName": "삼성전자 DV90T5440KW 일반구매",
    "ReviewScore": "4",
    "Syllable": "34",
    "Word": "7",
    "RDate": "20220822",
    "Aspects": [
      {
        "Aspect": "시간/속도",
        "SentimentText": " 건조시간이 오래 걸리네요...ㅠ",
        "SentimentWord": "3",
        "SentimentPolarity": "-1"
      },
      {
        "Aspect": "품질",
        "SentimentText": "상품은 품질이 좋으네요 ",
        "SentimentWord": "3",
        "SentimentPolarity": "1"
      }
    ]
  },
  {
    "Index": "19826",
    "RawText": "행사때   저렴하게 구입 했어요 디자인도 깔끔하고 좋네요~",
    "Source": "쇼핑몰",
    "Domain": "가전",
    "MainCategory": "생활/미용/욕실가전",
    "ProductName": "삼성전자 DV90T5440KW 일반구매",
    "ReviewScore": "5",
    "Syllable": "32",
    "Word": "7",
    "RDate": "20220322",
    "Aspects": [
      {
        "Aspect": "가격",
        "SentimentText": "행사때   저렴하게 구입 했어요",
        "SentimentWord": "4",
        "SentimentPolarity": "1"
      },
      {
        "Aspect": "디자인",
        "SentimentText": "디자인도 깔끔하고 좋네요~",
        "SentimentWord": "3",
        "SentimentPolarity": "1"
      }
    ]
  },
  {
    "Index": "19827",
    "RawText": "사이즈가 크지 않고 적당해요. 성능은 말해 뭐해요. 잘 말라요. 배송도 원하는 날과 시간에 맞춰 줘서 매우 좋았어요.",
    "Source": "쇼핑몰",
    "Domain": "가전",
    "MainCategory": "생활/미용/욕실가전",
    "ProductName": "삼성전자 DV90T5440KW 일반구매",
    "ReviewScore": "5",
    "Syllable": "65",
    "Word": "17",
    "RDate": "20211118",
    "Aspects": [
      {
        "Aspect": "사이즈",
        "SentimentText": "사이즈가 크지 않고 적당해요.",
        "SentimentWord": "4",
        "SentimentPolarity": "0"
      },
      {
        "Aspect": "기능",
        "SentimentText": "성능은 말해 뭐해요. 잘 말라요.",
        "SentimentWord": "5",
        "SentimentPolarity": "1"
      }
    ]
  },
  {
    "Index": "19828",
    "RawText": "표준건조로 했을때 시간이 좀 오래 걸리네요.:::   사용시 뽀송하게 잘 말라서 매우 만족스러워요.  기다린 한달이 아깝지 않네요",
    "Source": "쇼핑몰",
    "Domain": "가전",
    "MainCategory": "생활/미용/욕실가전",
    "ProductName": "삼성전자 DV90TA040AE 본체",
    "ReviewScore": "5",
    "Syllable": "72",
    "Word": "16",
    "RDate": "20211113",
    "Aspects": [
      {
        "Aspect": "시간/속도",
        "SentimentText": "표준건조로 했을때 시간이 좀 오래 걸리네요.::: ",
        "SentimentWord": "6",
        "SentimentPolarity": "-1"
      },
      {
        "Aspect": "기능",
        "SentimentText": "사용시 뽀송하게 잘 말라서 매우 만족스러워요",
        "SentimentWord": "6",
        "SentimentPolarity": "1"
      }
    ]
  },
  {
    "Index": "19829",
    "RawText": "생각보다 용량이 작아 아쉬워요. 혼자사시는분 빨래량에 맞을듯해요.  사이즈 아담해서 옮길때 편합니다.",
    "Source": "쇼핑몰",
    "Domain": "가전",
    "MainCategory": "생활/미용/욕실가전",
    "ProductName": "삼성전자 DV90TA040AE 본체",
    "ReviewScore": "5",
    "Syllable": "56",
    "Word": "11",
    "RDate": "20220223",
    "GeneralPolarity": "0",
    "Aspects": [
      {
        "Aspect": "용량",
        "SentimentText": "용량이 작아 아쉬워요. ",
        "SentimentWord": "3",
        "SentimentPolarity": "-1"
      },
      {
        "Aspect": "사이즈",
        "SentimentText": "사이즈 아담해서 옮길때 편합니다. ",
        "SentimentWord": "4",
        "SentimentPolarity": "1"
      }
    ]
  },
  {
    "Index": "19830",
    "RawText": "빠르게 배송 받았어요.사용법이 간단해서 매우 편리해요.많이 두꺼운 이불외에  퀸 사이즈 극세사이불 정도는 건조가 되네요.9k 용량도 매우 만족스러워요",
    "Source": "쇼핑몰",
    "Domain": "가전",
    "MainCategory": "생활/미용/욕실가전",
    "ProductName": "삼성전자 DV90TA040AE 본체",
    "ReviewScore": "5",
    "Syllable": "83",
    "Word": "17",
    "RDate": "20220303",
    "Aspects": [
      {
        "Aspect": "조작성",
        "SentimentText": "사용법이 간단해서 매우 편리해요",
        "SentimentWord": "4",
        "SentimentPolarity": "1"
      },
      {
        "Aspect": "기능",
        "SentimentText": "많이 두꺼운 이불외에  퀸 사이즈 극세사이불 정도는 건조가 되네요",
        "SentimentWord": "9",
        "SentimentPolarity": "0"
      },
      {
        "Aspect": "용량",
        "SentimentText": "9k 용량도 매우 만족스러워요",
        "SentimentWord": "4",
        "SentimentPolarity": "1"
      }
    ]
  },
  {
    "Index": "19831",
    "RawText": "가격은 가성비 최곱니다. 건조성능도 무척 좋습니다.  배송도 빨라서 만족합니다 아주 좋아요.",
    "Source": "쇼핑몰",
    "Domain": "가전",
    "MainCategory": "생활/미용/욕실가전",
    "ProductName": "삼성전자 DV90TA040AE 본체",
    "ReviewScore": "5",
    "Syllable": "51",
    "Word": "11",
    "RDate": "20210723",
    "Aspects": [
      {
        "Aspect": "가격",
        "SentimentText": "가격은 가성비 최곱니다. ",
        "SentimentWord": "3",
        "SentimentPolarity": "1"
      },
      {
        "Aspect": "기능",
        "SentimentText": "건조성능도 무척 좋습니다.",
        "SentimentWord": "3",
        "SentimentPolarity": "1"
      }
    ]
  },
  {
    "Index": "19833",
    "RawText": "건조시 열감이  많이 느껴져요.... 건조기 사용하니 뽀송하게 잘 말라서 빨래 걱정은 덜었어요.집안일 3대 이모님 이라고 할만하죠~",
    "Source": "쇼핑몰",
    "Domain": "가전",
    "MainCategory": "생활/미용/욕실가전",
    "ProductName": "삼성전자 DV90TA040AE 본체",
    "ReviewScore": "4",
    "Syllable": "73",
    "Word": "16",
    "RDate": "20220725",
    "Aspects": [
      {
        "Aspect": "내구성",
        "SentimentText": "건조시 열감이  많이 느껴져요....",
        "SentimentWord": "4",
        "SentimentPolarity": "-1"
      },
      {
        "Aspect": "기능",
        "SentimentText": "건조기 사용하니 뽀송하게 잘 말라서 빨래 걱정은 덜었어요.",
        "SentimentWord": "8",
        "SentimentPolarity": "1"
      }
    ]
  },
  {
    "Index": "19835",
    "RawText": "배송은 빠르고, 원하는 시간에 설치해 주셔서 감사해요.사용시 소음은 적고 , 뽀송하게 말라서 생활의 퀄리타가 높아졌어요.용량이 2인 가구가 쓰기에 적당해요.",
    "Source": "쇼핑몰",
    "Domain": "가전",
    "MainCategory": "생활/미용/욕실가전",
    "ProductName": "삼성전자 DV90TA040AE 본체",
    "ReviewScore": "5",
    "Syllable": "87",
    "Word": "19",
    "RDate": "20210806",
    "Aspects": [
      {
        "Aspect": "소음",
        "SentimentText": "사용시 소음은 적고",
        "SentimentWord": "3",
        "SentimentPolarity": "1"
      },
      {
        "Aspect": "기능",
        "SentimentText": "뽀송하게 말라서 생활의 퀄리타가 높아졌어요",
        "SentimentWord": "5",
        "SentimentPolarity": "1"
      },
      {
        "Aspect": "용량",
        "SentimentText": "용량이 2인 가구가 쓰기에 적당해요.",
        "SentimentWord": "5",
        "SentimentPolarity": "1"
      }
    ]
  },
  {
    "Index": "19836",
    "RawText": "알차게 저렴하게 잘 샀어요. 이불털기기능이 있어요^^ 먼지없는 이불 좋아요. 소재에 맞게 기능이 분리되어 있어 편리해요.",
    "Source": "쇼핑몰",
    "Domain": "가전",
    "MainCategory": "생활/미용/욕실가전",
    "ProductName": "삼성전자 DV90TA040AE 본체",
    "ReviewScore": "5",
    "Syllable": "67",
    "Word": "15",
    "RDate": "20210708",
    "GeneralPolarity": "1",
    "Aspects": [
      {
        "Aspect": "가격",
        "SentimentText": "알차게 저렴하게 잘 샀어요.",
        "SentimentWord": "4",
        "SentimentPolarity": "1"
      },
      {
        "Aspect": "기능",
        "SentimentText": "이불털기기능이 있어요^^ 먼지없는 이불 좋아요. ",
        "SentimentWord": "5",
        "SentimentPolarity": "1"
      },
      {
        "Aspect": "기능",
        "SentimentText": "소재에 맞게 기능이 분리되어 있어 편리해요.",
        "SentimentWord": "6",
        "SentimentPolarity": "1"
      }
    ]
  },
  {
    "Index": "19837",
    "RawText": "상단키트는 별도 주문이라 제품구성에 포함되었으면ㅠㅠ 기사님께서  친절히 잘 설명해 주셨어요. 건조하러 빨래방 안가서 너무 좋아요~!",
    "Source": "쇼핑몰",
    "Domain": "가전",
    "MainCategory": "생활/미용/욕실가전",
    "ProductName": "삼성전자 DV90TA040AE 본체",
    "ReviewScore": "5",
    "Syllable": "73",
    "Word": "15",
    "RDate": "20210621",
    "Aspects": [
      {
        "Aspect": "제품구성",
        "SentimentText": "상단키트는 별도 주문이라 제품구성에 포함되었으면ㅠㅠ",
        "SentimentWord": "5",
        "SentimentPolarity": "-1"
      },
      {
        "Aspect": "편의성",
        "SentimentText": "건조하러 빨래방 안가서 너무 좋아요~!",
        "SentimentWord": "5",
        "SentimentPolarity": "1"
      }
    ]
  },
  {
    "Index": "19838",
    "RawText": "ㅇㅇㅇ에서 결제하자마자 ㅇㅇㅇ에서 메세지로 접수 확인하니  빠르네요. 제가 배송 설치때 현장에 없었지만, 기사님이 친정엄마께 매우 친절한 설명 해주셨어요.설치하고 바로 사용 할수 있어서 편리해요.   4인 식구 9kg 사용시  불편하지 않아서  2식구인 친정도 9kg 주문했어요. 저온제습방식이라서 옷감이 많이 상하지 않고,  태양열 발전기를 쓰는 집이라 전기세 걱정없어 쓸수 있을거 같아요.^^ 부모님께서  만족하셔서 저도 좋아요.",
    "Source": "쇼핑몰",
    "Domain": "가전",
    "MainCategory": "생활/미용/욕실가전",
    "ProductName": "삼성전자 DV90TA040AE 본체",
    "ReviewScore": "5",
    "Syllable": "242",
    "Word": "51",
    "RDate": "20210807",
    "Aspects": [
      {
        "Aspect": "편의성",
        "SentimentText": "설치하고 바로 사용 할수 있어서 편리해요",
        "SentimentWord": "6",
        "SentimentPolarity": "1"
      },
      {
        "Aspect": "용량",
        "SentimentText": " 4인 식구 9kg 사용시  불편하지 않아서  2식구인 친정도 9kg 주문했어요. ",
        "SentimentWord": "10",
        "SentimentPolarity": "1"
      },
      {
        "Aspect": "기능",
        "SentimentText": "저온제습방식이라서 옷감이 많이 상하지 않고, ",
        "SentimentWord": "5",
        "SentimentPolarity": "1"
      }
    ]
  },
  {
    "Index": "19839",
    "RawText": "세일 기간에 저렴하게 잘 구매했어요! 디자인이 예뻐서 선물했는데 좋아했어요.",
    "Source": "쇼핑몰",
    "Domain": "가전",
    "MainCategory": "생활/미용/욕실가전",
    "ProductName": "삼성전자 DV90TA040AE 본체",
    "ReviewScore": "5",
    "Syllable": "42",
    "Word": "9",
    "RDate": "20210724",
    "Aspects": [
      {
        "Aspect": "가격",
        "SentimentText": "세일 기간에 저렴하게 잘 구매했어요! ",
        "SentimentWord": "5",
        "SentimentPolarity": "1"
      },
      {
        "Aspect": "디자인",
        "SentimentText": "디자인이 예뻐서 선물했는데 좋아했어요. ",
        "SentimentWord": "4",
        "SentimentPolarity": "1"
      }
    ]
  },
  {
    "Index": "19840",
    "RawText": "옷이 엄청 잘 건조되는 것 같아 엄청 만족했습니다 ㅎㅎ 발열감은 좀 있는 편이라 아쉽네요ㅠ",
    "Source": "쇼핑몰",
    "Domain": "가전",
    "MainCategory": "생활/미용/욕실가전",
    "ProductName": "삼성전자 DV90TA040AE 본체",
    "ReviewScore": "5",
    "Syllable": "50",
    "Word": "14",
    "RDate": "20210816",
    "GeneralPolarity": "0",
    "Aspects": [
      {
        "Aspect": "기능",
        "SentimentText": "옷이 엄청 잘 건조되는 것 같아 엄청 만족했습니다 ㅎㅎ ",
        "SentimentWord": "9",
        "SentimentPolarity": "1"
      },
      {
        "Aspect": "내구성",
        "SentimentText": "발열감은 좀 있는 편이라 아쉽네요ㅠ",
        "SentimentWord": "5",
        "SentimentPolarity": "-1"
      }
    ]
  },
  {
    "Index": "19841",
    "RawText": "기사님들께서 친절하셨고 잘 설치해주셨습니다. 용량 큰걸로 바꾸니 편해요. 소음도 적고 좋아요 리모컨이 있어서 몹시 편합니다.",
    "Source": "쇼핑몰",
    "Domain": "가전",
    "MainCategory": "생활/미용/욕실가전",
    "ProductName": "삼성전자 DV90TA040AE 본체",
    "ReviewScore": "5",
    "Syllable": "69",
    "Word": "15",
    "RDate": "20220710",
    "Aspects": [
      {
        "Aspect": "용량",
        "SentimentText": "용량 큰걸로 바꾸니 편해요. ",
        "SentimentWord": "4",
        "SentimentPolarity": "1"
      },
      {
        "Aspect": "소음",
        "SentimentText": "소음도 적고 좋아요",
        "SentimentWord": "3",
        "SentimentPolarity": "1"
      },
      {
        "Aspect": "제품구성",
        "SentimentText": "리모컨이 있어서 몹시 편합니다. ",
        "SentimentWord": "4",
        "SentimentPolarity": "1"
      }
    ]
  },
  {
    "Index": "19842",
    "RawText": "쿠폰을 사용해서 50만원대에 샀는데 이가격이면 대만족!!!건조기 색깔은 인터넷 사진보다 실물이 더 나은것 같습니다",
    "Source": "쇼핑몰",
    "Domain": "가전",
    "MainCategory": "생활/미용/욕실가전",
    "ProductName": "삼성전자 DV90TA040AE 본체",
    "ReviewScore": "5",
    "Syllable": "63",
    "Word": "13",
    "RDate": "20210817",
    "Aspects": [
      {
        "Aspect": "가격",
        "SentimentText": "쿠폰을 사용해서 50만원대에 샀는데 이가격이면 대만족!!!",
        "SentimentWord": "6",
        "SentimentPolarity": "1"
      },
      {
        "Aspect": "색상",
        "SentimentText": "건조기 색깔은 인터넷 사진보다 실물이 더 나은것 같습니다",
        "SentimentWord": "8",
        "SentimentPolarity": "1"
      }
    ]
  },
  {
    "Index": "19843",
    "RawText": "빨래도 자주 돌리고 이불도 겨울이라도 두꺼운이불 안쓰다보니 9키로면 충분한거 같아요^^ 색상도 넘 고급지고요ㅎㅎ",
    "Source": "쇼핑몰",
    "Domain": "가전",
    "MainCategory": "생활/미용/욕실가전",
    "ProductName": "삼성전자 DV90TA040AE 본체",
    "ReviewScore": "5",
    "Syllable": "62",
    "Word": "13",
    "RDate": "20210723",
    "Aspects": [
      {
        "Aspect": "용량",
        "SentimentText": "빨래도 자주 돌리고 이불도 겨울이라도 두꺼운이불 안쓰다보니 9키로면 충분한거 같아요^^ ",
        "SentimentWord": "10",
        "SentimentPolarity": "1"
      },
      {
        "Aspect": "색상",
        "SentimentText": " 색상도 넘 고급지고요ㅎㅎ",
        "SentimentWord": "3",
        "SentimentPolarity": "1"
      }
    ]
  },
  {
    "Index": "19844",
    "RawText": "품질이 좋아 선물주기 좋아요. 건조기 사용해보니 눅눅함 없는 빨래에 신세계를 경험중~ 몹시좋아합니다. 그리고 기사님께서 너무 친절하셔서 감사했어요.",
    "Source": "쇼핑몰",
    "Domain": "가전",
    "MainCategory": "생활/미용/욕실가전",
    "ProductName": "삼성전자 DV90TA040AE 본체",
    "ReviewScore": "5",
    "Syllable": "82",
    "Word": "17",
    "RDate": "20210812",
    "Aspects": [
      {
        "Aspect": "품질",
        "SentimentText": "품질이 좋아 선물주기 좋아요.",
        "SentimentWord": "4",
        "SentimentPolarity": "1"
      },
      {
        "Aspect": "기능",
        "SentimentText": "건조기 사용해보니 눅눅함 없는 빨래에 신세계를 경험중~ ",
        "SentimentWord": "7",
        "SentimentPolarity": "1"
      }
    ]
  },
  {
    "Index": "19845",
    "RawText": "디자인 예쁘고 색상(백색)도 예쁘네요 OO 브랜드 이미지에 맞게 깔끔하게 설치받았어요 기능 면에서도 최상위급!!!!",
    "Source": "쇼핑몰",
    "Domain": "가전",
    "MainCategory": "생활/미용/욕실가전",
    "ProductName": "삼성전자 DV90TA040AE 본체",
    "ReviewScore": "5",
    "Syllable": "64",
    "Word": "13",
    "RDate": "20210716",
    "GeneralPolarity": "1",
    "Aspects": [
      {
        "Aspect": "디자인",
        "SentimentText": "디자인 예쁘고 색상(백색)도 예쁘네요",
        "SentimentWord": "4",
        "SentimentPolarity": "1"
      },
      {
        "Aspect": "색상",
        "SentimentText": "색상(백색)도 예쁘네요",
        "SentimentWord": "2",
        "SentimentPolarity": "1"
      },
      {
        "Aspect": "제조일/제조사",
        "SentimentText": "OO 브랜드 이미지에 맞게 깔끔하게 설치받았어요",
        "SentimentWord": "6",
        "SentimentPolarity": "1"
      },
      {
        "Aspect": "기능",
        "SentimentText": "기능 면에서도 최상위급!!!!",
        "SentimentWord": "3",
        "SentimentPolarity": "1"
      }
    ]
  },
  {
    "Index": "19847",
    "RawText": "디자인 실물 너무 괜찮아요!!  사용해보니 수건이 엄청 뽀송하게 말라서 기분 최고입니다~~",
    "Source": "쇼핑몰",
    "Domain": "가전",
    "MainCategory": "생활/미용/욕실가전",
    "ProductName": "삼성전자 DV90TA040AE 본체",
    "ReviewScore": "5",
    "Syllable": "50",
    "Word": "11",
    "RDate": "20210724",
    "Aspects": [
      {
        "Aspect": "디자인",
        "SentimentText": "디자인 실물 너무 괜찮아요!!",
        "SentimentWord": "4",
        "SentimentPolarity": "1"
      },
      {
        "Aspect": "기능",
        "SentimentText": "사용해보니 수건이 엄청 뽀송하게 말라서 기분 최고입니다~~",
        "SentimentWord": "7",
        "SentimentPolarity": "1"
      }
    ]
  },
  {
    "Index": "19848",
    "RawText": "습도높은 여름철에 아주 유용하고 편리하게 사용했어요! 먼지제거가 확실하게 되어서 넘 좋네요ㅎㅎ",
    "Source": "쇼핑몰",
    "Domain": "가전",
    "MainCategory": "생활/미용/욕실가전",
    "ProductName": "삼성전자 DV90TA040AE 본체",
    "ReviewScore": "5",
    "Syllable": "52",
    "Word": "11",
    "RDate": "20210713",
    "Aspects": [
      {
        "Aspect": "편의성",
        "SentimentText": "습도높은 여름철에 아주 유용하고 편리하게 사용했어요!",
        "SentimentWord": "6",
        "SentimentPolarity": "1"
      },
      {
        "Aspect": "기능",
        "SentimentText": "먼지제거가 확실하게 되어서 넘 좋네요ㅎㅎ",
        "SentimentWord": "5",
        "SentimentPolarity": "1"
      }
    ]
  },
  {
    "Index": "19849",
    "RawText": "소음은 생각했던것 보다는 조용하구요.~~ 근데 색상은 이미지랑 좀 달라서 실망이에요",
    "Source": "쇼핑몰",
    "Domain": "가전",
    "MainCategory": "생활/미용/욕실가전",
    "ProductName": "삼성전자 DV90TA040AE 본체",
    "ReviewScore": "5",
    "Syllable": "46",
    "Word": "10",
    "RDate": "20211008",
    "Aspects": [
      {
        "Aspect": "소음",
        "SentimentText": "소음은 생각했던것 보다는 조용하구요.~~",
        "SentimentWord": "4",
        "SentimentPolarity": "1"
      },
      {
        "Aspect": "색상",
        "SentimentText": "근데 색상은 이미지랑 좀 달라서 실망이에요",
        "SentimentWord": "6",
        "SentimentPolarity": "-1"
      }
    ]
  },
  {
    "Index": "19850",
    "RawText": "수건이 보들보들해져서 기분이 좋네요 ^^ 진작에 구매할것을   저렴하게 구매했는데 가성비 갑이네요~~",
    "Source": "쇼핑몰",
    "Domain": "가전",
    "MainCategory": "생활/미용/욕실가전",
    "ProductName": "삼성전자 DV90TA040AE 본체",
    "ReviewScore": "5",
    "Syllable": "56",
    "Word": "11",
    "RDate": "20210821",
    "Aspects": [
      {
        "Aspect": "기능",
        "SentimentText": "수건이 보들보들해져서 기분이 좋네요 ^^ 진작에 구매할것을",
        "SentimentWord": "7",
        "SentimentPolarity": "1"
      },
      {
        "Aspect": "가격",
        "SentimentText": "저렴하게 구매했는데 가성비 갑이네요~~",
        "SentimentWord": "4",
        "SentimentPolarity": "1"
      }
    ]
  },
  {
    "Index": "19851",
    "RawText": "배송 속도도 빠르고 기사님께서 엄청 꼼꼼하고 친절하게 설치해주셔서 감사했습니다~~ 포장도 넘 꼼꼼하게 와서 좋았네요^^ 쿠폰과 적립금을 탈탈털어서 아주 저렴하게 구입했네요. 용량은 넉넉해서 이불도 잘 들어가 작동합니다. 좋네요",
    "Source": "쇼핑몰",
    "Domain": "가전",
    "MainCategory": "생활/미용/욕실가전",
    "ProductName": "삼성전자 DV90TA040AE 본체",
    "ReviewScore": "5",
    "Syllable": "126",
    "Word": "27",
    "RDate": "20210730",
    "Aspects": [
      {
        "Aspect": "가격",
        "SentimentText": "쿠폰과 적립금을 탈탈털어서 아주 저렴하게 구입했네요.",
        "SentimentWord": "6",
        "SentimentPolarity": "1"
      },
      {
        "Aspect": "용량",
        "SentimentText": "용량은 넉넉해서 이불도 잘 들어가 작동합니다. 좋네요",
        "SentimentWord": "7",
        "SentimentPolarity": "1"
      }
    ]
  },
  {
    "Index": "19852",
    "RawText": "배송이 엄청 빠르게 왔어요 정말 바로 물건 보내주셔가지구 만족스러워요 다만 건조기 속도는 좀 느린 것 같네요;; 건조기 처음인데 뽀송하게 역시 만족스럽습니대",
    "Source": "쇼핑몰",
    "Domain": "가전",
    "MainCategory": "생활/미용/욕실가전",
    "ProductName": "삼성전자 DV90TA040AE 본체",
    "ReviewScore": "5",
    "Syllable": "87",
    "Word": "21",
    "RDate": "20210717",
    "Aspects": [
      {
        "Aspect": "시간/속도",
        "SentimentText": "다만 건조기 속도는 좀 느린 것 같네요;;",
        "SentimentWord": "7",
        "SentimentPolarity": "-1"
      },
      {
        "Aspect": "기능",
        "SentimentText": "건조기 처음인데 뽀송하게 역시 만족스럽습니대",
        "SentimentWord": "5",
        "SentimentPolarity": "1"
      }
    ]
  },
  {
    "Index": "19853",
    "RawText": "배송도 빨리왔고 기사님도 엄청 친절하셔서 최고네요~~ 소음도 적어서 만족스럽고요! 성능도 너무 좋아서 만족합니다!!",
    "Source": "쇼핑몰",
    "Domain": "가전",
    "MainCategory": "생활/미용/욕실가전",
    "ProductName": "삼성전자 DV90TA040AE 본체",
    "ReviewScore": "5",
    "Syllable": "64",
    "Word": "13",
    "RDate": "20210720",
    "Aspects": [
      {
        "Aspect": "소음",
        "SentimentText": "소음도 적어서 만족스럽고요!",
        "SentimentWord": "3",
        "SentimentPolarity": "1"
      },
      {
        "Aspect": "기능",
        "SentimentText": "성능도 너무 좋아서 만족합니다!!",
        "SentimentWord": "4",
        "SentimentPolarity": "1"
      }
    ]
  },
  {
    "Index": "19854",
    "RawText": "2인 가구에서 사용하기에 최적의 크기에요^^  9키로 용량의 제품 중에서 이제품은 선반건조 기능으로  니트들 건조하면 상당히 좋아요.",
    "Source": "쇼핑몰",
    "Domain": "가전",
    "MainCategory": "생활/미용/욕실가전",
    "ProductName": "삼성전자 DV90TA040AE 본체",
    "ReviewScore": "5",
    "Syllable": "74",
    "Word": "16",
    "RDate": "20210703",
    "Aspects": [
      {
        "Aspect": "사이즈",
        "SentimentText": "2인 가구에서 사용하기에 최적의 크기에요^^",
        "SentimentWord": "5",
        "SentimentPolarity": "1"
      },
      {
        "Aspect": "기능",
        "SentimentText": "9키로 용량의 제품 중에서 이제품은 선반건조 기능으로  니트들 건조하면 상당히 좋아요",
        "SentimentWord": "11",
        "SentimentPolarity": "1"
      }
    ]
  },
  {
    "Index": "19855",
    "RawText": "오자마자 돌려봤는데 양이 많아서 그런지 2시간이 넘게 돌아갔네요.....  사용해보니 생각보다 소음이 커서 놀랐네요ㅠ",
    "Source": "쇼핑몰",
    "Domain": "가전",
    "MainCategory": "생활/미용/욕실가전",
    "ProductName": "삼성전자 DV90TA040AE 본체",
    "ReviewScore": "5",
    "Syllable": "65",
    "Word": "13",
    "RDate": "20211102",
    "Aspects": [
      {
        "Aspect": "시간/속도",
        "SentimentText": "오자마자 돌려봤는데 양이 많아서 그런지 2시간이 넘게 돌아갔네요.....",
        "SentimentWord": "8",
        "SentimentPolarity": "0"
      },
      {
        "Aspect": "소음",
        "SentimentText": "사용해보니 생각보다 소음이 커서 놀랐네요ㅠ ",
        "SentimentWord": "5",
        "SentimentPolarity": "-1"
      }
    ]
  },
  {
    "Index": "19856",
    "RawText": "소음이 생각했던것 보다 커요 ㅠㅠ 그리고 OOO제품은 호환성이 떨어져서 실망스럽네요.",
    "Source": "쇼핑몰",
    "Domain": "가전",
    "MainCategory": "생활/미용/욕실가전",
    "ProductName": "삼성전자 DV90TA040AE 본체",
    "ReviewScore": "3",
    "Syllable": "47",
    "Word": "10",
    "RDate": "20211125",
    "Aspects": [
      {
        "Aspect": "소음",
        "SentimentText": "소음이 생각했던것 보다 커요 ㅠㅠ",
        "SentimentWord": "5",
        "SentimentPolarity": "-1"
      },
      {
        "Aspect": "편의성",
        "SentimentText": "OOO제품은 호환성이 떨어져서 실망스럽네요. ",
        "SentimentWord": "4",
        "SentimentPolarity": "-1"
      }
    ]
  },
  {
    "Index": "19857",
    "RawText": "사용법이 간단해서 편리하네요. 설치 기사님은 매우 친절 하셨어요.  밤에 사용하기엔 조심할 정도의 소음이 있구요. 건조는 뽀송하게  잘되서 만족스러워요.",
    "Source": "쇼핑몰",
    "Domain": "가전",
    "MainCategory": "생활/미용/욕실가전",
    "ProductName": "삼성전자 DV90TA040AE 본체",
    "ReviewScore": "4",
    "Syllable": "85",
    "Word": "18",
    "RDate": "20211024",
    "Aspects": [
      {
        "Aspect": "조작성",
        "SentimentText": "사용법이 간단해서 편리하네요",
        "SentimentWord": "3",
        "SentimentPolarity": "1"
      },
      {
        "Aspect": "소음",
        "SentimentText": "밤에 사용하기엔 조심할 정도의 소음이 있구요.",
        "SentimentWord": "6",
        "SentimentPolarity": "-1"
      },
      {
        "Aspect": "기능",
        "SentimentText": "건조는 뽀송하게  잘되서 만족스러워요.",
        "SentimentWord": "4",
        "SentimentPolarity": "1"
      }
    ]
  },
  {
    "Index": "19858",
    "RawText": "세일해서 저렴히샀는데^^ 가격대비 기능도 다양하고 넘넘 흠잡을데가없어요!!",
    "Source": "쇼핑몰",
    "Domain": "가전",
    "MainCategory": "생활/미용/욕실가전",
    "ProductName": "삼성전자 DV90TA040AE 본체",
    "ReviewScore": "5",
    "Syllable": "41",
    "Word": "7",
    "RDate": "20220607",
    "Aspects": [
      {
        "Aspect": "가격",
        "SentimentText": "세일해서 저렴히샀는데^^",
        "SentimentWord": "2",
        "SentimentPolarity": "1"
      },
      {
        "Aspect": "기능",
        "SentimentText": " 가격대비 기능도 다양하고 넘넘 흠잡을데가없어요!!",
        "SentimentWord": "5",
        "SentimentPolarity": "1"
      }
    ]
  },
  {
    "Index": "19859",
    "RawText": "상품 포장 상태는 좋습니다만, 약 2주정도 배송에 지연이 있었습니다,, 그래도 미리 알고 있던 내용이라 별5개 드립니다 컬러가 화이트톤인데 생각한거보다 좀 촌스러운 화이트라 아쉬워요 전에 쓰던 제품이랑 비교했을때 소음이 거의 없는 편이라 너무 만족스러워요.",
    "Source": "쇼핑몰",
    "Domain": "가전",
    "MainCategory": "생활/미용/욕실가전",
    "ProductName": "삼성전자 DV90TA040AE 본체",
    "ReviewScore": "5",
    "Syllable": "143",
    "Word": "33",
    "RDate": "20211127",
    "Aspects": [
      {
        "Aspect": "색상",
        "SentimentText": "컬러가 화이트톤인데 생각한거보다 좀 촌스러운 화이트라 아쉬워요",
        "SentimentWord": "7",
        "SentimentPolarity": "-1"
      },
      {
        "Aspect": "소음",
        "SentimentText": "전에 쓰던 제품이랑 비교했을때 소음이 거의 없는 편이라 너무 만족스러워요.",
        "SentimentWord": "10",
        "SentimentPolarity": "1"
      }
    ]
  },
  {
    "Index": "19860",
    "RawText": "저렴한 가격에 샀는데 넘 만족해요~~ 용량이 커서 매트, 이불 다 들어가서 넘 최고네요 ㅎㅎ 역시 OOO상품이라 그런지 기능은 두 말할 것도 없고요~~ 그런데 소음이 너무 커서 아쉽네요ㅠ 그리고 OO에서 상품평 관련으로 연락을 넘 많이해서 짜증났어요ㅡㅡ",
    "Source": "쇼핑몰",
    "Domain": "가전",
    "MainCategory": "생활/미용/욕실가전",
    "ProductName": "삼성전자 DV90TA040AE 본체",
    "ReviewScore": "4",
    "Syllable": "141",
    "Word": "35",
    "RDate": "20220123",
    "Aspects": [
      {
        "Aspect": "가격",
        "SentimentText": "저렴한 가격에 샀는데 넘 만족해요~~",
        "SentimentWord": "5",
        "SentimentPolarity": "1"
      },
      {
        "Aspect": "용량",
        "SentimentText": "용량이 커서 매트, 이불 다 들어가서 넘 최고네요 ㅎㅎ",
        "SentimentWord": "9",
        "SentimentPolarity": "1"
      },
      {
        "Aspect": "기능",
        "SentimentText": "역시 OOO상품이라 그런지 기능은 두 말할 것도 없고요~~ ",
        "SentimentWord": "8",
        "SentimentPolarity": "1"
      },
      {
        "Aspect": "소음",
        "SentimentText": "그런데 소음이 너무 커서 아쉽네요ㅠ",
        "SentimentWord": "5",
        "SentimentPolarity": "-1"
      }
    ]
  },
  {
    "Index": "19861",
    "RawText": "건조기는 ㅇㅇㅇ~~!!! 건조기 뽀송하게 잘 마르는 성능이 최고에요!!!",
    "Source": "쇼핑몰",
    "Domain": "가전",
    "MainCategory": "생활/미용/욕실가전",
    "ProductName": "삼성전자 DV90TA040AE 본체",
    "ReviewScore": "5",
    "Syllable": "40",
    "Word": "8",
    "RDate": "20210808",
    "Aspects": [
      {
        "Aspect": "제조일/제조사",
        "SentimentText": "건조기는 ㅇㅇㅇ~~!!! ",
        "SentimentWord": "2",
        "SentimentPolarity": "1"
      },
      {
        "Aspect": "기능",
        "SentimentText": "건조기 뽀송하게 잘 마르는 성능이 최고에요!!!",
        "SentimentWord": "6",
        "SentimentPolarity": "1"
      }
    ]
  },
  {
    "Index": "19862",
    "RawText": "성능이 너무 좋아서 잘쓰고 있어요 빨래가 덜 마르진 않을까라는 걱정이 없어졌습니다~ 기계가 다마를때까지 알아서 돌아가서 너무 편해요 ㅎㅎ",
    "Source": "쇼핑몰",
    "Domain": "가전",
    "MainCategory": "생활/미용/욕실가전",
    "ProductName": "삼성전자 DV90TA040AE 본체",
    "ReviewScore": "5",
    "Syllable": "76",
    "Word": "18",
    "RDate": "20220819",
    "GeneralPolarity": "1",
    "Aspects": [
      {
        "Aspect": "기능",
        "SentimentText": "성능이 너무 좋아서 잘쓰고 있어요",
        "SentimentWord": "5",
        "SentimentPolarity": "1"
      },
      {
        "Aspect": "편의성",
        "SentimentText": "기계가 다마를때까지 알아서 돌아가서 너무 편해요 ㅎㅎ",
        "SentimentWord": "7",
        "SentimentPolarity": "1"
      }
    ]
  },
  {
    "Index": "19863",
    "RawText": "소음이 별로 안 커서 너무 좋아요. 여름이불정도도 건조가능한 용량이라 충분하네요!!  잘쓸게요.",
    "Source": "쇼핑몰",
    "Domain": "가전",
    "MainCategory": "생활/미용/욕실가전",
    "ProductName": "삼성전자 DV90TA040AE 본체",
    "ReviewScore": "5",
    "Syllable": "53",
    "Word": "11",
    "RDate": "20220812",
    "Aspects": [
      {
        "Aspect": "소음",
        "SentimentText": "소음이 별로 안 커서 너무 좋아요.",
        "SentimentWord": "6",
        "SentimentPolarity": "1"
      },
      {
        "Aspect": "용량",
        "SentimentText": "여름이불정도도 건조가능한 용량이라 충분하네요!! ",
        "SentimentWord": "4",
        "SentimentPolarity": "1"
      }
    ]
  },
  {
    "Index": "19864",
    "RawText": "먼지가 엄청 많았는데 깔끔히 제거되어서 너무 만족스러워요^^ 필터도 스스로 청소할 수 있어서 편리하구요~!",
    "Source": "쇼핑몰",
    "Domain": "가전",
    "MainCategory": "생활/미용/욕실가전",
    "ProductName": "삼성전자 DV90TA040AE 본체",
    "ReviewScore": "5",
    "Syllable": "59",
    "Word": "13",
    "RDate": "20220102",
    "GeneralPolarity": "1",
    "Aspects": [
      {
        "Aspect": "기능",
        "SentimentText": "먼지가 엄청 많았는데 깔끔히 제거되어서 너무 만족스러워요^^",
        "SentimentWord": "7",
        "SentimentPolarity": "1"
      },
      {
        "Aspect": "편의성",
        "SentimentText": "필터도 스스로 청소할 수 있어서 편리하구요~!",
        "SentimentWord": "6",
        "SentimentPolarity": "1"
      }
    ]
  },
  {
    "Index": "19865",
    "RawText": "여러가지 기능이 있어서 신기방기~이불 먼지 털기도 있네요~ 근데 색상은 좀 촌스러워요 ㅠㅠㅠ",
    "Source": "쇼핑몰",
    "Domain": "가전",
    "MainCategory": "생활/미용/욕실가전",
    "ProductName": "삼성전자 DV90TA040AE 본체",
    "ReviewScore": "5",
    "Syllable": "51",
    "Word": "12",
    "RDate": "20210630",
    "Aspects": [
      {
        "Aspect": "기능",
        "SentimentText": "여러가지 기능이 있어서 신기방기~이불 먼지 털기도 있네요~",
        "SentimentWord": "7",
        "SentimentPolarity": "1"
      },
      {
        "Aspect": "색상",
        "SentimentText": "색상은 좀 촌스러워요 ㅠㅠㅠ",
        "SentimentWord": "4",
        "SentimentPolarity": "-1"
      }
    ]
  },
  {
    "Index": "19866",
    "RawText": "누구나 쓸 수 있을만큼 작동이 간편해요^^ 가성비 정말 좋네요!",
    "Source": "쇼핑몰",
    "Domain": "가전",
    "MainCategory": "생활/미용/욕실가전",
    "ProductName": "삼성전자 DV90TA040AE 본체",
    "ReviewScore": "5",
    "Syllable": "35",
    "Word": "9",
    "RDate": "20220421",
    "Aspects": [
      {
        "Aspect": "조작성",
        "SentimentText": "누구나 쓸 수 있을만큼 작동이 간편해요^^ ",
        "SentimentWord": "6",
        "SentimentPolarity": "1"
      },
      {
        "Aspect": "가격",
        "SentimentText": "가성비 정말 좋네요!",
        "SentimentWord": "3",
        "SentimentPolarity": "1"
      }
    ]
  },
  {
    "Index": "19868",
    "RawText": "건조기는 처음인데 뽀송뽀송 역시 만족스럽습니대~ 다만 건조 시간이 꽤 오래 걸려서 실망했어요ㅠ",
    "Source": "쇼핑몰",
    "Domain": "가전",
    "MainCategory": "생활/미용/욕실가전",
    "ProductName": "삼성전자 DV90TA040AE 본체",
    "ReviewScore": "5",
    "Syllable": "52",
    "Word": "12",
    "RDate": "20220527",
    "Aspects": [
      {
        "Aspect": "기능",
        "SentimentText": "건조기는 처음인데 뽀송뽀송 역시 만족스럽습니대",
        "SentimentWord": "5",
        "SentimentPolarity": "1"
      },
      {
        "Aspect": "시간/속도",
        "SentimentText": "다만 건조 시간이 꽤 오래 걸려서 실망했어요ㅠ",
        "SentimentWord": "7",
        "SentimentPolarity": "-1"
      }
    ]
  },
  {
    "Index": "19869",
    "RawText": "우선 건조기 색상, 속도 너무 만족하구~ 배송 빨리 왔는데 건조기외 받침대 주문을 같이했었는데 드럼세탁기가 타회사 제품이라 받침대가 맞지 않아 반품처리하는데 OOO 상담요원및 사측의 빠른 대처로 인해 건조기 반품처리는 하지 않게 되었어요. 사측과 OOO 상담요원님 친절한 대처 감사드립니다~ 건조기 짱 입니다.",
    "Source": "쇼핑몰",
    "Domain": "가전",
    "MainCategory": "생활/미용/욕실가전",
    "ProductName": "삼성전자 DV90TA040AE 본체",
    "ReviewScore": "5",
    "Syllable": "173",
    "Word": "40",
    "RDate": "20220827",
    "Aspects": [
      {
        "Aspect": "색상",
        "SentimentText": "우선 건조기 색상, 속도 너무 만족하구~",
        "SentimentWord": "6",
        "SentimentPolarity": "1"
      },
      {
        "Aspect": "시간/속도",
        "SentimentText": "속도 너무 만족하구~",
        "SentimentWord": "3",
        "SentimentPolarity": "1"
      }
    ]
  },
  {
    "Index": "19870",
    "RawText": "저렴하게 잘 샀어요^^  역시 가전제품은 OOO이 최고네요!!",
    "Source": "쇼핑몰",
    "Domain": "가전",
    "MainCategory": "생활/미용/욕실가전",
    "ProductName": "삼성전자 DV90TA040AE 본체",
    "ReviewScore": "5",
    "Syllable": "34",
    "Word": "7",
    "RDate": "20210807",
    "Aspects": [
      {
        "Aspect": "가격",
        "SentimentText": "저렴하게 잘 샀어요^^ ",
        "SentimentWord": "3",
        "SentimentPolarity": "1"
      },
      {
        "Aspect": "제조일/제조사",
        "SentimentText": "역시 가전제품은 OOO이 최고네요!!",
        "SentimentWord": "4",
        "SentimentPolarity": "1"
      }
    ]
  },
  {
    "Index": "19871",
    "RawText": "외관 심플하고 깨끗해 보여 만족스러워요~소음도 정말 적어서 좋고요!!",
    "Source": "쇼핑몰",
    "Domain": "가전",
    "MainCategory": "생활/미용/욕실가전",
    "ProductName": "삼성전자 DV90TA040AE 본체",
    "ReviewScore": "5",
    "Syllable": "38",
    "Word": "8",
    "RDate": "20210630",
    "Aspects": [
      {
        "Aspect": "디자인",
        "SentimentText": "외관 심플하고 깨끗해 보여 만족스러워요~",
        "SentimentWord": "5",
        "SentimentPolarity": "1"
      },
      {
        "Aspect": "소음",
        "SentimentText": "소음도 정말 적어서 좋고요!!",
        "SentimentWord": "4",
        "SentimentPolarity": "1"
      }
    ]
  },
  {
    "Index": "19872",
    "RawText": "착한 가격에 샀는데 넘 만족해요!!!! 기사님도 정말 친절하게 설치해주셨고요~~ 포장도 꼼꼼히 제품 잘 보존되어서 왔구요~~~ 제품 받아보니 매장에서 본 모델들과 외관상 차이가 없어요. 괜찮네요~ 가성비 짱이네요^^",
    "Source": "쇼핑몰",
    "Domain": "가전",
    "MainCategory": "생활/미용/욕실가전",
    "ProductName": "삼성전자 DV90TA040AE 본체",
    "ReviewScore": "5",
    "Syllable": "120",
    "Word": "26",
    "RDate": "20220129",
    "Aspects": [
      {
        "Aspect": "가격",
        "SentimentText": "착한 가격에 샀는데 넘 만족해요!!!! ",
        "SentimentWord": "5",
        "SentimentPolarity": "1"
      },
      {
        "Aspect": "디자인",
        "SentimentText": "제품 받아보니 매장에서 본 모델들과 외관상 차이가 없어요. 괜찮네요~",
        "SentimentWord": "9",
        "SentimentPolarity": "1"
      },
      {
        "Aspect": "가격",
        "SentimentText": "가성비 짱이네요^^",
        "SentimentWord": "2",
        "SentimentPolarity": "1"
      }
    ]
  },
  {
    "Index": "19873",
    "RawText": "제품 사이즈도 적당해서 맘에 듭니다. 디자인도 예뻐서 방에 둬도 인테리어 가구 같아서 좋고요^^ 옷감 종류별로 있는 건조기능도 정말 최고네요~~",
    "Source": "쇼핑몰",
    "Domain": "가전",
    "MainCategory": "생활/미용/욕실가전",
    "ProductName": "삼성전자 DV90TA040AE 본체",
    "ReviewScore": "5",
    "Syllable": "80",
    "Word": "19",
    "RDate": "20210709",
    "GeneralPolarity": "1",
    "Aspects": [
      {
        "Aspect": "사이즈",
        "SentimentText": "제품 사이즈도 적당해서 맘에 듭니다.",
        "SentimentWord": "5",
        "SentimentPolarity": "1"
      },
      {
        "Aspect": "디자인",
        "SentimentText": "디자인도 예뻐서 방에 둬도 인테리어 가구 같아서 좋고요^^",
        "SentimentWord": "8",
        "SentimentPolarity": "1"
      },
      {
        "Aspect": "기능",
        "SentimentText": "옷감 종류별로 있는 건조기능도 정말 최고네요~~",
        "SentimentWord": "6",
        "SentimentPolarity": "1"
      }
    ]
  },
  {
    "Index": "19874",
    "RawText": "빨래 포송포송 건조도 잘되고 만족합니다!! 가성비가 좋아요  잘쓸게요^^",
    "Source": "쇼핑몰",
    "Domain": "가전",
    "MainCategory": "생활/미용/욕실가전",
    "ProductName": "삼성전자 DV90TA040AE 본체",
    "ReviewScore": "5",
    "Syllable": "40",
    "Word": "8",
    "RDate": "20210821",
    "Aspects": [
      {
        "Aspect": "기능",
        "SentimentText": "빨래 포송포송 건조도 잘되고 만족합니다!! ",
        "SentimentWord": "5",
        "SentimentPolarity": "1"
      },
      {
        "Aspect": "가격",
        "SentimentText": "가성비가 좋아요",
        "SentimentWord": "2",
        "SentimentPolarity": "1"
      }
    ]
  },
  {
    "Index": "19875",
    "RawText": "내부가 생각보다 커요...많은 양의 빨래 문제없어요~ ~  사용해봤는데 건조 너무 잘되네요!^^",
    "Source": "쇼핑몰",
    "Domain": "가전",
    "MainCategory": "생활/미용/욕실가전",
    "ProductName": "삼성전자 DV90TA040AE 본체",
    "ReviewScore": "5",
    "Syllable": "53",
    "Word": "11",
    "RDate": "20210904",
    "Aspects": [
      {
        "Aspect": "용량",
        "SentimentText": "내부가 생각보다 커요...많은 양의 빨래 문제없어요~ ~",
        "SentimentWord": "7",
        "SentimentPolarity": "1"
      },
      {
        "Aspect": "기능",
        "SentimentText": "사용해봤는데 건조 너무 잘되네요!^^",
        "SentimentWord": "4",
        "SentimentPolarity": "1"
      }
    ]
  },
  {
    "Index": "19876",
    "RawText": "주문 후 바로 배송와가지고 너무 좋았어요. 설치는 OO직원분들이 오셔서 너무나 친절하게 잘해주셨네요 ㅎㅎ.현재 건조기 돌아가고 있는데 건조시간도 짧고 잘 작동해서 만족합니다",
    "Source": "쇼핑몰",
    "Domain": "가전",
    "MainCategory": "생활/미용/욕실가전",
    "ProductName": "삼성전자 DV90TA040AE 본체",
    "ReviewScore": "5",
    "Syllable": "96",
    "Word": "21",
    "RDate": "20210809",
    "Aspects": [
      {
        "Aspect": "시간/속도",
        "SentimentText": "현재 건조기 돌아가고 있는데 건조시간도 짧고 잘 작동해서 만족합니다",
        "SentimentWord": "9",
        "SentimentPolarity": "1"
      },
      {
        "Aspect": "기능",
        "SentimentText": "잘 작동해서 만족합니다",
        "SentimentWord": "3",
        "SentimentPolarity": "1"
      }
    ]
  },
  {
    "Index": "19877",
    "RawText": "소음도 크지 않아 만족~  성능도 상당히 좋아 만족~",
    "Source": "쇼핑몰",
    "Domain": "가전",
    "MainCategory": "생활/미용/욕실가전",
    "ProductName": "삼성전자 DV90TA040AE 본체",
    "ReviewScore": "5",
    "Syllable": "29",
    "Word": "8",
    "RDate": "20210827",
    "Aspects": [
      {
        "Aspect": "소음",
        "SentimentText": "소음도 크지 않아 만족~ ",
        "SentimentWord": "4",
        "SentimentPolarity": "1"
      },
      {
        "Aspect": "기능",
        "SentimentText": "성능도 상당히 좋아 만족~",
        "SentimentWord": "4",
        "SentimentPolarity": "1"
      }
    ]
  },
  {
    "Index": "19878",
    "RawText": "작은용량이라 걱정했는데 생각보다 많이 들어가요 ㅎㅎ 카드할인 많이 받아서 저렴히 구입햇어요^^",
    "Source": "쇼핑몰",
    "Domain": "가전",
    "MainCategory": "생활/미용/욕실가전",
    "ProductName": "삼성전자 DV90TA040AE 본체",
    "ReviewScore": "5",
    "Syllable": "52",
    "Word": "11",
    "RDate": "20220222",
    "Aspects": [
      {
        "Aspect": "용량",
        "SentimentText": " 작은용량이라 걱정했는데 생각보다 많이 들어가요 ㅎㅎ",
        "SentimentWord": "6",
        "SentimentPolarity": "1"
      },
      {
        "Aspect": "가격",
        "SentimentText": "카드할인 많이 받아서 저렴히 구입햇어요^^",
        "SentimentWord": "5",
        "SentimentPolarity": "1"
      }
    ]
  },
  {
    "Index": "19880",
    "RawText": "제품 사이즈가 딱 생각하던 크기라 만족합니다~ 저렴한 가격에 구매해서 기분 좋았고요! 배송도 빨라서 최고입니다^^",
    "Source": "쇼핑몰",
    "Domain": "가전",
    "MainCategory": "생활/미용/욕실가전",
    "ProductName": "삼성전자 DV90TA040AE 본체",
    "ReviewScore": "4",
    "Syllable": "63",
    "Word": "14",
    "RDate": "20210727",
    "Aspects": [
      {
        "Aspect": "용량",
        "SentimentText": "제품 사이즈가 딱 생각하던 크기라 만족합니다~ ",
        "SentimentWord": "6",
        "SentimentPolarity": "1"
      },
      {
        "Aspect": "가격",
        "SentimentText": "저렴한 가격에 구매해서 기분 좋았고요! ",
        "SentimentWord": "5",
        "SentimentPolarity": "1"
      }
    ]
  },
  {
    "Index": "19881",
    "RawText": "여러가지 기능이 있어서 넘 신기하고 좋아요ㅎㅎ  건조기 크기도 저희 집에는 딱입니다~ 만족^^",
    "Source": "쇼핑몰",
    "Domain": "가전",
    "MainCategory": "생활/미용/욕실가전",
    "ProductName": "삼성전자 DV90TA040AE 본체",
    "ReviewScore": "5",
    "Syllable": "52",
    "Word": "12",
    "RDate": "20211127",
    "Aspects": [
      {
        "Aspect": "기능",
        "SentimentText": "여러가지 기능이 있어서 넘 신기하고 좋아요ㅎㅎ ",
        "SentimentWord": "6",
        "SentimentPolarity": "1"
      },
      {
        "Aspect": "사이즈",
        "SentimentText": " 건조기 크기도 저희 집에는 딱입니다~ 만족^^",
        "SentimentWord": "6",
        "SentimentPolarity": "1"
      }
    ]
  },
  {
    "Index": "19882",
    "RawText": ". 크기도 적당해서 만족~  방에 넣어도 무리없는 디자인 이네요. 맘에 들어요!! 감사합니다 잘 사용할께요^^",
    "Source": "쇼핑몰",
    "Domain": "가전",
    "MainCategory": "생활/미용/욕실가전",
    "ProductName": "삼성전자 DV90TA040AE 본체",
    "ReviewScore": "5",
    "Syllable": "61",
    "Word": "14",
    "RDate": "20220820",
    "Aspects": [
      {
        "Aspect": "사이즈",
        "SentimentText": ". 크기도 적당해서 만족~ ",
        "SentimentWord": "4",
        "SentimentPolarity": "1"
      },
      {
        "Aspect": "디자인",
        "SentimentText": "방에 넣어도 무리없는 디자인 이네요. 맘에 들어요!! ",
        "SentimentWord": "7",
        "SentimentPolarity": "1"
      }
    ]
  },
  {
    "Index": "19883",
    "RawText": "작동법 어렵지 않고 너무 간편해서 좋아요! 소음은 조금 있는 편이지만 거슬릴 정도는 아니네요.",
    "Source": "쇼핑몰",
    "Domain": "가전",
    "MainCategory": "생활/미용/욕실가전",
    "ProductName": "삼성전자 DV90TA040AE 본체",
    "ReviewScore": "5",
    "Syllable": "52",
    "Word": "13",
    "RDate": "20211123",
    "GeneralPolarity": "1",
    "Aspects": [
      {
        "Aspect": "조작성",
        "SentimentText": "작동법 어렵지 않고 너무 간편해서 좋아요!",
        "SentimentWord": "6",
        "SentimentPolarity": "1"
      },
      {
        "Aspect": "소음",
        "SentimentText": "소음은 조금 있는 편이지만 거슬릴 정도는 아니네요. ",
        "SentimentWord": "7",
        "SentimentPolarity": "0"
      }
    ]
  },
  {
    "Index": "19884",
    "RawText": "기능 면에서도 최상위급이에요~~ 내부 용량도 넉넉해서 만족합니다^^",
    "Source": "쇼핑몰",
    "Domain": "가전",
    "MainCategory": "생활/미용/욕실가전",
    "ProductName": "삼성전자 DV90TA040AE 본체",
    "ReviewScore": "5",
    "Syllable": "37",
    "Word": "7",
    "RDate": "20210905",
    "Aspects": [
      {
        "Aspect": "기능",
        "SentimentText": " 기능 면에서도 최상위급이에요~~ ",
        "SentimentWord": "3",
        "SentimentPolarity": "1"
      },
      {
        "Aspect": "용량",
        "SentimentText": "내부 용량도 넉넉해서 만족합니다^^",
        "SentimentWord": "4",
        "SentimentPolarity": "1"
      }
    ]
  },
  {
    "Index": "19885",
    "RawText": "배송이 생각보다 엄청 빨리와서 좋았습니다~~ 소음이 약간 있으나 거슬리지는 않아요! 색상도 넘넘 예쁘고 좋네요^^",
    "Source": "쇼핑몰",
    "Domain": "가전",
    "MainCategory": "생활/미용/욕실가전",
    "ProductName": "오브제컬렉션 LG전자 트롬 RD20ES 본체",
    "ReviewScore": "5",
    "Syllable": "63",
    "Word": "14",
    "RDate": "20220227",
    "Aspects": [
      {
        "Aspect": "소음",
        "SentimentText": "소음이 약간 있으나 거슬리지는 않아요! ",
        "SentimentWord": "5",
        "SentimentPolarity": "0"
      },
      {
        "Aspect": "색상",
        "SentimentText": "색상도 넘넘 예쁘고 좋네요^^",
        "SentimentWord": "4",
        "SentimentPolarity": "1"
      }
    ]
  },
  {
    "Index": "19886",
    "RawText": "20k구매했더니 자리도 많이 차지하고..너무 크네요..ㅠㅠㅠㅠ 그래도 성능은 좋아요",
    "Source": "쇼핑몰",
    "Domain": "가전",
    "MainCategory": "생활/미용/욕실가전",
    "ProductName": "오브제컬렉션 LG전자 트롬 RD20ES 본체",
    "ReviewScore": "5",
    "Syllable": "46",
    "Word": "8",
    "RDate": "20220526",
    "GeneralPolarity": "0",
    "Aspects": [
      {
        "Aspect": "사이즈",
        "SentimentText": "20k구매했더니 자리도 많이 차지하고..너무 크네요..ㅠㅠㅠㅠ ",
        "SentimentWord": "5",
        "SentimentPolarity": "-1"
      },
      {
        "Aspect": "기능",
        "SentimentText": "그래도 성능은 좋아요 ",
        "SentimentWord": "3",
        "SentimentPolarity": "1"
      }
    ]
  },
  {
    "Index": "19887",
    "RawText": "5일 새벽에 주문하고 바로다음날 6일 배송왔내요! 빠른배송과 친절한 설치에 만족합니다. 색상도 이쁘고 소리도 조용해서 굿!",
    "Source": "쇼핑몰",
    "Domain": "가전",
    "MainCategory": "생활/미용/욕실가전",
    "ProductName": "오브제컬렉션 LG전자 트롬 RD20ES 본체",
    "ReviewScore": "5",
    "Syllable": "68",
    "Word": "15",
    "RDate": "20220412",
    "Aspects": [
      {
        "Aspect": "색상",
        "SentimentText": "색상도 이쁘고 소리도 조용해서 굿!",
        "SentimentWord": "5",
        "SentimentPolarity": "1"
      },
      {
        "Aspect": "소음",
        "SentimentText": "소리도 조용해서 굿!",
        "SentimentWord": "3",
        "SentimentPolarity": "1"
      }
    ]
  },
  {
    "Index": "19888",
    "RawText": "건조기 내부 통이 커서 빨래가 구겨지지도 않고 좋아요!! 그런데 건조 시간이 꽤 오래 걸리는 점은 아쉽습니다ㅠ",
    "Source": "쇼핑몰",
    "Domain": "가전",
    "MainCategory": "생활/미용/욕실가전",
    "ProductName": "오브제컬렉션 LG전자 트롬 RD20ES 본체",
    "ReviewScore": "5",
    "Syllable": "61",
    "Word": "16",
    "RDate": "20220302",
    "GeneralPolarity": "0",
    "Aspects": [
      {
        "Aspect": "용량",
        "SentimentText": "건조기 내부 통이 커서 빨래가 구겨지지도 않고 좋아요!! ",
        "SentimentWord": "8",
        "SentimentPolarity": "1"
      },
      {
        "Aspect": "시간/속도",
        "SentimentText": "그런데 건조 시간이 꽤 오래 걸리는 점은 아쉽습니다ㅠ",
        "SentimentWord": "8",
        "SentimentPolarity": "-1"
      }
    ]
  },
  {
    "Index": "19889",
    "RawText": "OOO건조기8kg쓰다가요번에20kgOOO으로 바꿔보니 OOO에서 건조기망도 많이개선한게 보이네요~ 기능도 간단해서좋아요 ㅎ",
    "Source": "쇼핑몰",
    "Domain": "가전",
    "MainCategory": "생활/미용/욕실가전",
    "ProductName": "오브제컬렉션 LG전자 트롬 RD20ES 본체",
    "ReviewScore": "5",
    "Syllable": "68",
    "Word": "9",
    "RDate": "20220216",
    "Aspects": [
      {
        "Aspect": "품질",
        "SentimentText": "OOO에서 건조기망도 많이개선한게 보이네요~ ",
        "SentimentWord": "4",
        "SentimentPolarity": "1"
      },
      {
        "Aspect": "편의성",
        "SentimentText": "기능도 간단해서좋아요 ㅎ",
        "SentimentWord": "3",
        "SentimentPolarity": "1"
      }
    ]
  },
  {
    "Index": "19890",
    "RawText": "배송 속도는 딱 적당했어요. 사용해보니 너무 편리해서 만족해요~! 건조기 소음도 적은 편이라 좋고요^^",
    "Source": "쇼핑몰",
    "Domain": "가전",
    "MainCategory": "생활/미용/욕실가전",
    "ProductName": "오브제컬렉션 LG전자 트롬 RD20ES 본체",
    "ReviewScore": "5",
    "Syllable": "57",
    "Word": "13",
    "RDate": "20220721",
    "Aspects": [
      {
        "Aspect": "편의성",
        "SentimentText": "사용해보니 너무 편리해서 만족해요~! ",
        "SentimentWord": "4",
        "SentimentPolarity": "1"
      },
      {
        "Aspect": "소음",
        "SentimentText": " 건조기 소음도 적은 편이라 좋고요^^",
        "SentimentWord": "5",
        "SentimentPolarity": "1"
      }
    ]
  },
  {
    "Index": "19891",
    "RawText": "건조 기능은 넘 좋아요!! 그런데 생각보다 소음이 꽤 크네요ㅠ 건조 후에 물버리고 필터 청소하는 건 조금 번거롭네요ㅠ..",
    "Source": "쇼핑몰",
    "Domain": "가전",
    "MainCategory": "생활/미용/욕실가전",
    "ProductName": "오브제컬렉션 LG전자 트롬 RD20ES 본체",
    "ReviewScore": "5",
    "Syllable": "67",
    "Word": "17",
    "RDate": "20220627",
    "GeneralPolarity": "-1",
    "Aspects": [
      {
        "Aspect": "내구성",
        "SentimentText": "건조 기능은 넘 좋아요!! ",
        "SentimentWord": "4",
        "SentimentPolarity": "1"
      },
      {
        "Aspect": "소음",
        "SentimentText": "그런데 생각보다 소음이 꽤 크네요ㅠ ",
        "SentimentWord": "5",
        "SentimentPolarity": "-1"
      },
      {
        "Aspect": "편의성",
        "SentimentText": "건조 후에 물버리고 필터 청소하는 건 조금 번거롭네요ㅠ..",
        "SentimentWord": "8",
        "SentimentPolarity": "-1"
      }
    ]
  },
  {
    "Index": "19892",
    "RawText": "건조, 세탁 속도가 정말 맘에드는 가전입니다 인공지능이 알아서 시간 조절해줘서 넘 편해요 ㅎ 용량도 커서 많은 옷 말릴 수 있어서 조으네요",
    "Source": "쇼핑몰",
    "Domain": "가전",
    "MainCategory": "생활/미용/욕실가전",
    "ProductName": "오브제컬렉션 LG전자 트롬 RD20ES 본체",
    "ReviewScore": "5",
    "Syllable": "77",
    "Word": "21",
    "RDate": "20220525",
    "GeneralPolarity": "1",
    "Aspects": [
      {
        "Aspect": "시간/속도",
        "SentimentText": "건조, 세탁 속도가 정말 맘에드는 가전입니다",
        "SentimentWord": "6",
        "SentimentPolarity": "1"
      },
      {
        "Aspect": "편의성",
        "SentimentText": "인공지능이 알아서 시간 조절해줘서 넘 편해요 ㅎ",
        "SentimentWord": "7",
        "SentimentPolarity": "1"
      },
      {
        "Aspect": "용량",
        "SentimentText": "용량도 커서 많은 옷 말릴 수 있어서 조으네요",
        "SentimentWord": "8",
        "SentimentPolarity": "1"
      }
    ]
  },
  {
    "Index": "19893",
    "RawText": "건조기 사용하고 빨래를 편하게 할 수 있어서 넘 좋습니다^^ 조작다이얼이 간단해서 사용하기 좋아요",
    "Source": "쇼핑몰",
    "Domain": "가전",
    "MainCategory": "생활/미용/욕실가전",
    "ProductName": "오브제컬렉션 LG전자 트롬 RD20ES 본체",
    "ReviewScore": "5",
    "Syllable": "54",
    "Word": "13",
    "RDate": "20220703",
    "Aspects": [
      {
        "Aspect": "편의성",
        "SentimentText": "건조기 사용하고 빨래를 편하게 할 수 있어서 넘 좋습니다^^",
        "SentimentWord": "9",
        "SentimentPolarity": "1"
      },
      {
        "Aspect": "조작성",
        "SentimentText": " 조작다이얼이 간단해서 사용하기 좋아요",
        "SentimentWord": "4",
        "SentimentPolarity": "1"
      }
    ]
  },
  {
    "Index": "19894",
    "RawText": "사용해보니 정말 편하고 좋네요 디자인도 예쁘고 배송도 빠르고 설치해주신 기사님도 짱 친절하셔서 추천합니다~",
    "Source": "쇼핑몰",
    "Domain": "가전",
    "MainCategory": "생활/미용/욕실가전",
    "ProductName": "오브제컬렉션 LG전자 트롬 RD20ES 본체",
    "ReviewScore": "5",
    "Syllable": "59",
    "Word": "13",
    "RDate": "20220629",
    "Aspects": [
      {
        "Aspect": "편의성",
        "SentimentText": "사용해보니 정말 편하고 좋네요",
        "SentimentWord": "4",
        "SentimentPolarity": "1"
      },
      {
        "Aspect": "디자인",
        "SentimentText": "디자인도 예쁘고",
        "SentimentWord": "2",
        "SentimentPolarity": "1"
      }
    ]
  },
  {
    "Index": "19895",
    "RawText": "너무 고급스럽고 세련미 넘치네요~ 디자인 이뻐요  이불 건조 사용해봤는데 기능 넘 좋았어요~~",
    "Source": "쇼핑몰",
    "Domain": "가전",
    "MainCategory": "생활/미용/욕실가전",
    "ProductName": "오브제컬렉션 LG전자 트롬 RD20ES 본체",
    "ReviewScore": "5",
    "Syllable": "52",
    "Word": "12",
    "RDate": "20220321",
    "Aspects": [
      {
        "Aspect": "디자인",
        "SentimentText": "너무 고급스럽고 세련미 넘치네요~ 디자인 이뻐요 ",
        "SentimentWord": "6",
        "SentimentPolarity": "1"
      },
      {
        "Aspect": "기능",
        "SentimentText": "이불 건조 사용해봤는데 기능 넘 좋았어요~~",
        "SentimentWord": "6",
        "SentimentPolarity": "1"
      }
    ]
  },
  {
    "Index": "19896",
    "RawText": "구매한지 얼마안되서 받음~ 생각보다는 빨리 왔음~ 설치했는데 위 앞부분 스크래치가 많이  파여잇어 다시 반품!! 담날 오전 다시 배송옴 아주 빠른 일처리에  엄청 좋았음~ 역쉬 ooo 최고^^ 요즘같은 날씨에 잘 사용하는 중!!",
    "Source": "쇼핑몰",
    "Domain": "가전",
    "MainCategory": "생활/미용/욕실가전",
    "ProductName": "오브제컬렉션 LG전자 트롬 RD20ES 본체",
    "ReviewScore": "5",
    "Syllable": "127",
    "Word": "31",
    "RDate": "20220701",
    "Aspects": [
      {
        "Aspect": "품질",
        "SentimentText": " 위 앞부분 스크래치가 많이  파여잇어 다시 반품!!",
        "SentimentWord": "7",
        "SentimentPolarity": "-1"
      },
      {
        "Aspect": "제조일/제조사",
        "SentimentText": " 역쉬 ooo 최고^^",
        "SentimentWord": "3",
        "SentimentPolarity": "1"
      }
    ]
  },
  {
    "Index": "19898",
    "RawText": "1등급이라 전기세 걱정 없어 팍팍 돌리고 있어요 ㅎㅎ 용량이 워낙 커서 큰 이불도 잘 들어가니 최고입니다~~",
    "Source": "쇼핑몰",
    "Domain": "가전",
    "MainCategory": "생활/미용/욕실가전",
    "ProductName": "오브제컬렉션 LG전자 트롬 RD20ES 본체",
    "ReviewScore": "5",
    "Syllable": "60",
    "Word": "16",
    "RDate": "20220412",
    "Aspects": [
      {
        "Aspect": "소비전력",
        "SentimentText": "1등급이라 전기세 걱정 없어 팍팍 돌리고 있어요 ㅎㅎ",
        "SentimentWord": "8",
        "SentimentPolarity": "1"
      },
      {
        "Aspect": "용량",
        "SentimentText": "용량이 워낙 커서 큰 이불도 잘 들어가니 최고입니다~~",
        "SentimentWord": "8",
        "SentimentPolarity": "1"
      }
    ]
  },
  {
    "Index": "19899",
    "RawText": "ai 기능으로 옷무게에 따라 알아서 척척 건조되네요!! 색상도 깔끔해서 맘에 쏙 듭니다~~",
    "Source": "쇼핑몰",
    "Domain": "가전",
    "MainCategory": "생활/미용/욕실가전",
    "ProductName": "오브제컬렉션 LG전자 트롬 RD20ES 본체",
    "ReviewScore": "5",
    "Syllable": "50",
    "Word": "12",
    "RDate": "20220716",
    "Aspects": [
      {
        "Aspect": "기능",
        "SentimentText": "ai 기능으로 옷무게에 따라 알아서 척척 건조되네요!!",
        "SentimentWord": "7",
        "SentimentPolarity": "1"
      },
      {
        "Aspect": "색상",
        "SentimentText": "색상도 깔끔해서 맘에 쏙 듭니다~~",
        "SentimentWord": "5",
        "SentimentPolarity": "1"
      }
    ]
  },
  {
    "Index": "19900",
    "RawText": "착한 가격에 구입했는데 만족해요~~ 배송도 빨라서 좋았고요~ 수건 건조해봤는데 넘 뽀송해서 기분 최고입니다~!",
    "Source": "쇼핑몰",
    "Domain": "가전",
    "MainCategory": "생활/미용/욕실가전",
    "ProductName": "오브제컬렉션 LG전자 트롬 RD20ES 본체",
    "ReviewScore": "5",
    "Syllable": "61",
    "Word": "13",
    "RDate": "20220601",
    "Aspects": [
      {
        "Aspect": "가격",
        "SentimentText": "착한 가격에 구입했는데 만족해요~~ ",
        "SentimentWord": "4",
        "SentimentPolarity": "1"
      },
      {
        "Aspect": "기능",
        "SentimentText": "수건 건조해봤는데 넘 뽀송해서 기분 최고입니다~!",
        "SentimentWord": "6",
        "SentimentPolarity": "1"
      }
    ]
  },
  {
    "Index": "19902",
    "RawText": "색상 너무너무 이뻐요^^ 내부에 있는 통도 엄청 커서 만족스럽고요!! 판매자님께서도 꼼꼼히 신경 써주셔서 좋았네요ㅎㅎ",
    "Source": "쇼핑몰",
    "Domain": "가전",
    "MainCategory": "생활/미용/욕실가전",
    "ProductName": "오브제컬렉션 LG전자 트롬 RD20ES 본체",
    "ReviewScore": "5",
    "Syllable": "65",
    "Word": "14",
    "RDate": "20220302",
    "Aspects": [
      {
        "Aspect": "색상",
        "SentimentText": "색상 너무너무 이뻐요^^",
        "SentimentWord": "3",
        "SentimentPolarity": "1"
      },
      {
        "Aspect": "용량",
        "SentimentText": "내부에 있는 통도 엄청 커서 만족스럽고요!!",
        "SentimentWord": "6",
        "SentimentPolarity": "1"
      }
    ]
  },
  {
    "Index": "19903",
    "RawText": "처음 사용해봤는데 너무 뽀송하게 잘 말려져서 놀랐어요ㅎㅎ 근데 생각보다 건조 시간이 길어서 아쉽네요ㅠ",
    "Source": "쇼핑몰",
    "Domain": "가전",
    "MainCategory": "생활/미용/욕실가전",
    "ProductName": "오브제컬렉션 LG전자 트롬 RD20ES 본체",
    "ReviewScore": "5",
    "Syllable": "56",
    "Word": "13",
    "RDate": "20220628",
    "GeneralPolarity": "0",
    "Aspects": [
      {
        "Aspect": "기능",
        "SentimentText": "처음 사용해봤는데 너무 뽀송하게 잘 말려져서 놀랐어요ㅎㅎ ",
        "SentimentWord": "7",
        "SentimentPolarity": "1"
      },
      {
        "Aspect": "시간/속도",
        "SentimentText": "근데 생각보다 건조 시간이 길어서 아쉽네요ㅠ",
        "SentimentWord": "6",
        "SentimentPolarity": "-1"
      }
    ]
  },
  {
    "Index": "19904",
    "RawText": "디자인 정말 예뻤고요!! 배송도 빨라서 좋았어요~~ 기사님도 너무 친절하셨습니다 ㅎㅎ 사용해봤는데 성능도 최고!! 예상보다 소음도 적어서 좋았어요! 용량도 꽤 커서 대만족했습니다~~",
    "Source": "쇼핑몰",
    "Domain": "가전",
    "MainCategory": "생활/미용/욕실가전",
    "ProductName": "오브제컬렉션 LG전자 트롬 RD20ES 본체",
    "ReviewScore": "5",
    "Syllable": "101",
    "Word": "21",
    "RDate": "20220826",
    "Aspects": [
      {
        "Aspect": "디자인",
        "SentimentText": "디자인 정말 예뻤고요!! ",
        "SentimentWord": "3",
        "SentimentPolarity": "1"
      },
      {
        "Aspect": "기능",
        "SentimentText": "사용해봤는데 성능도 최고!! ",
        "SentimentWord": "3",
        "SentimentPolarity": "1"
      },
      {
        "Aspect": "소음",
        "SentimentText": "예상보다 소음도 적어서 좋았어요!",
        "SentimentWord": "4",
        "SentimentPolarity": "1"
      },
      {
        "Aspect": "용량",
        "SentimentText": "용량도 꽤 커서 대만족했습니다~~",
        "SentimentWord": "4",
        "SentimentPolarity": "1"
      }
    ]
  },
  {
    "Index": "19905",
    "RawText": "디자인 정말 고급져요ㅎㅎ 옷도 뽀송하게 잘 말라서 최고!! 그런데 건조 과정에서 나오는 소음이 넘 시끄럽네요 ㅠㅠ",
    "Source": "쇼핑몰",
    "Domain": "가전",
    "MainCategory": "생활/미용/욕실가전",
    "ProductName": "오브제컬렉션 LG전자 트롬 RD20ES 본체",
    "ReviewScore": "5",
    "Syllable": "63",
    "Word": "16",
    "RDate": "20220617",
    "GeneralPolarity": "0",
    "Aspects": [
      {
        "Aspect": "디자인",
        "SentimentText": "디자인 정말 고급져요ㅎㅎ",
        "SentimentWord": "3",
        "SentimentPolarity": "1"
      },
      {
        "Aspect": "기능",
        "SentimentText": "옷도 뽀송하게 잘 말라서 최고!! ",
        "SentimentWord": "5",
        "SentimentPolarity": "1"
      },
      {
        "Aspect": "소음",
        "SentimentText": "그런데 건조 과정에서 나오는 소음이 넘 시끄럽네요 ㅠㅠ ",
        "SentimentWord": "8",
        "SentimentPolarity": "-1"
      }
    ]
  },
  {
    "Index": "19906",
    "RawText": "예상보다 배송이 엄청 빨리와서 기분 좋았어요~ 먼지제거도 확실하게 되네요^^ 기사님도 넘 친절하셔서 감사했고요! 소음도 거의 없어서 너무 좋아요ㅎㅎ",
    "Source": "쇼핑몰",
    "Domain": "가전",
    "MainCategory": "생활/미용/욕실가전",
    "ProductName": "오브제컬렉션 LG전자 트롬 RD20ES 본체",
    "ReviewScore": "5",
    "Syllable": "82",
    "Word": "18",
    "RDate": "20220506",
    "Aspects": [
      {
        "Aspect": "기능",
        "SentimentText": "먼지제거도 확실하게 되네요^^ ",
        "SentimentWord": "3",
        "SentimentPolarity": "1"
      },
      {
        "Aspect": "소음",
        "SentimentText": "소음도 거의 없어서 너무 좋아요ㅎㅎ",
        "SentimentWord": "5",
        "SentimentPolarity": "1"
      }
    ]
  },
  {
    "Index": "19907",
    "RawText": "기사님도 넘 친절하시고 원하는 날에 배송와서 만족했어요~! 장마철에 사용하니 넘 편리하네요 ㅎㅎ 가격대가 좀 있지만 그만한 가치가 있는 것 같습니다~",
    "Source": "쇼핑몰",
    "Domain": "가전",
    "MainCategory": "생활/미용/욕실가전",
    "ProductName": "오브제컬렉션 LG전자 트롬 RD20ES 본체",
    "ReviewScore": "5",
    "Syllable": "83",
    "Word": "20",
    "RDate": "20220809",
    "Aspects": [
      {
        "Aspect": "편의성",
        "SentimentText": "장마철에 사용하니 넘 편리하네요 ㅎㅎ",
        "SentimentWord": "5",
        "SentimentPolarity": "1"
      },
      {
        "Aspect": "가격",
        "SentimentText": " 가격대가 좀 있지만 그만한 가치가 있는 것 같습니다~",
        "SentimentWord": "8",
        "SentimentPolarity": "0"
      }
    ]
  },
  {
    "Index": "19908",
    "RawText": "배송 엄청 빨라서 만족했습니다! 디자인도 고급지게 예쁘고요ㅎㅎ 사용해보니 건조도 엄청 잘됩니다! 그런데 소음이 너무 커서 시끄러워요ㅠ",
    "Source": "쇼핑몰",
    "Domain": "가전",
    "MainCategory": "생활/미용/욕실가전",
    "ProductName": "오브제컬렉션 LG전자 트롬 RD20ES 본체",
    "ReviewScore": "4",
    "Syllable": "74",
    "Word": "16",
    "RDate": "20220607",
    "Aspects": [
      {
        "Aspect": "디자인",
        "SentimentText": "디자인도 고급지게 예쁘고요ㅎㅎ ",
        "SentimentWord": "3",
        "SentimentPolarity": "1"
      },
      {
        "Aspect": "기능",
        "SentimentText": "사용해보니 건조도 엄청 잘됩니다! ",
        "SentimentWord": "4",
        "SentimentPolarity": "1"
      },
      {
        "Aspect": "소음",
        "SentimentText": "그런데 소음이 너무 커서 시끄러워요ㅠ",
        "SentimentWord": "5",
        "SentimentPolarity": "-1"
      }
    ]
  },
  {
    "Index": "19909",
    "RawText": "배송, 설치도 모두 넘 만족스러웠어요~~ 사용해봤는데 건조도 잘 되어서 좋아요!! 디자인도 세련되게 이쁘고요!",
    "Source": "쇼핑몰",
    "Domain": "가전",
    "MainCategory": "생활/미용/욕실가전",
    "ProductName": "오브제컬렉션 LG전자 트롬 RD20ES 본체",
    "ReviewScore": "5",
    "Syllable": "61",
    "Word": "13",
    "RDate": "20220722",
    "Aspects": [
      {
        "Aspect": "기능",
        "SentimentText": "사용해봤는데 건조도 잘 되어서 좋아요!!",
        "SentimentWord": "5",
        "SentimentPolarity": "1"
      },
      {
        "Aspect": "디자인",
        "SentimentText": " 디자인도 세련되게 이쁘고요!",
        "SentimentWord": "3",
        "SentimentPolarity": "1"
      }
    ]
  },
  {
    "Index": "19910",
    "RawText": "에너지효율등급도 1등급이고 인버터 모터라 전기세 걱정도 없어요. 제품 성능은 말할나위 없이 좋네요.",
    "Source": "쇼핑몰",
    "Domain": "가전",
    "MainCategory": "생활/미용/욕실가전",
    "ProductName": "오브제컬렉션 LG전자 트롬 RD20ES 본체",
    "ReviewScore": "5",
    "Syllable": "55",
    "Word": "12",
    "RDate": "20220821",
    "Aspects": [
      {
        "Aspect": "소비전력",
        "SentimentText": "에너지효율등급도 1등급이고 인버터 모터라 전기세 걱정도 없어요",
        "SentimentWord": "7",
        "SentimentPolarity": "1"
      },
      {
        "Aspect": "기능",
        "SentimentText": "제품 성능은 말할나위 없이 좋네요.",
        "SentimentWord": "5",
        "SentimentPolarity": "1"
      }
    ]
  },
  {
    "Index": "19911",
    "RawText": "빠른배송과  친절한 설명도 감사했습니다. 좋은상품 좋은가격에 사서 뿌듯해요. 사용이 편리해요 꼭 사세요.",
    "Source": "쇼핑몰",
    "Domain": "가전",
    "MainCategory": "생활/미용/욕실가전",
    "ProductName": "오브제컬렉션 LG전자 트롬 RD20ES 본체",
    "ReviewScore": "5",
    "Syllable": "58",
    "Word": "12",
    "RDate": "20220819",
    "Aspects": [
      {
        "Aspect": "가격",
        "SentimentText": "좋은상품 좋은가격에 사서 뿌듯해요.",
        "SentimentWord": "4",
        "SentimentPolarity": "1"
      },
      {
        "Aspect": "편의성",
        "SentimentText": "사용이 편리해요 ",
        "SentimentWord": "2",
        "SentimentPolarity": "1"
      }
    ]
  },
  {
    "Index": "19912",
    "RawText": "운나쁘게 제품 하자로 교환 받아서 속상했어요. 소음은 조용해서 좋았어요. 건조기 성능은 몹시 흡족해요.",
    "Source": "쇼핑몰",
    "Domain": "가전",
    "MainCategory": "생활/미용/욕실가전",
    "ProductName": "오브제컬렉션 LG전자 트롬 RD20ES 본체",
    "ReviewScore": "5",
    "Syllable": "57",
    "Word": "13",
    "RDate": "20220607",
    "Aspects": [
      {
        "Aspect": "소음",
        "SentimentText": "소음은 조용해서 좋았어요.",
        "SentimentWord": "3",
        "SentimentPolarity": "1"
      },
      {
        "Aspect": "기능",
        "SentimentText": "건조기 성능은 몹시 흡족해요.",
        "SentimentWord": "4",
        "SentimentPolarity": "1"
      }
    ]
  },
  {
    "Index": "19913",
    "RawText": "배송은 늦어서 답답했어요. 색상은 화사한 흰색이에요 직렬로 놓고 싶은데 앵글 추가비용이 부담이었어요. 기사님께서 주변 가전에 닿지 않게  설치 조심스럽게해주시고 설명도 이해가 쏙쏙 되게 해주셨어요.",
    "Source": "쇼핑몰",
    "Domain": "가전",
    "MainCategory": "생활/미용/욕실가전",
    "ProductName": "오브제컬렉션 LG전자 트롬 RD20ES 본체",
    "ReviewScore": "5",
    "Syllable": "110",
    "Word": "24",
    "RDate": "20220715",
    "Aspects": [
      {
        "Aspect": "색상",
        "SentimentText": "색상은 화사한 흰색이에요 ",
        "SentimentWord": "3",
        "SentimentPolarity": "1"
      },
      {
        "Aspect": "가격",
        "SentimentText": "앵글 추가비용이 부담이었어요. ",
        "SentimentWord": "3",
        "SentimentPolarity": "-1"
      }
    ]
  },
  {
    "Index": "19914",
    "RawText": "생각보다 배송이  빨리 왔어요.역시 용량이 크니 좋아요. 습한 장마철에 뽀송하게 잘 말려줍니다.",
    "Source": "쇼핑몰",
    "Domain": "가전",
    "MainCategory": "생활/미용/욕실가전",
    "ProductName": "오브제컬렉션 LG전자 트롬 RD20ES 본체",
    "ReviewScore": "5",
    "Syllable": "53",
    "Word": "12",
    "RDate": "20220715",
    "Aspects": [
      {
        "Aspect": "용량",
        "SentimentText": "역시 용량이 크니 좋아요. ",
        "SentimentWord": "4",
        "SentimentPolarity": "1"
      },
      {
        "Aspect": "기능",
        "SentimentText": "뽀송하게 잘 말려줍니다.",
        "SentimentWord": "3",
        "SentimentPolarity": "1"
      }
    ]
  },
  {
    "Index": "19915",
    "RawText": "배송이 매우 빨라요. 건조기는 000이 최고~ 어두운 옷에 보이던 먼지들이 잘 털려 나와요. 건조기는 생활을 편리하게 해줘 신세계예요.",
    "Source": "쇼핑몰",
    "Domain": "가전",
    "MainCategory": "생활/미용/욕실가전",
    "ProductName": "오브제컬렉션 LG전자 트롬 RD20ES 본체",
    "ReviewScore": "5",
    "Syllable": "75",
    "Word": "18",
    "RDate": "20220608",
    "Aspects": [
      {
        "Aspect": "제조일/제조사",
        "SentimentText": "건조기는 000이 최고~ ",
        "SentimentWord": "3",
        "SentimentPolarity": "1"
      },
      {
        "Aspect": "기능",
        "SentimentText": "어두운 옷에 보이던 먼지들이 잘 털려 나와요. ",
        "SentimentWord": "7",
        "SentimentPolarity": "1"
      },
      {
        "Aspect": "편의성",
        "SentimentText": "생활을 편리하게 해줘 신세계예요.",
        "SentimentWord": "4",
        "SentimentPolarity": "1"
      }
    ]
  },
  {
    "Index": "19916",
    "RawText": "품질 좋은상품 마음에 쏙 들어요!! 설치기시님께서 친절하게 설명해 주시며 잘 설치해 주셨어요. 제품 성능 만족도 굿입니다~^^",
    "Source": "쇼핑몰",
    "Domain": "가전",
    "MainCategory": "생활/미용/욕실가전",
    "ProductName": "오브제컬렉션 LG전자 트롬 RD20ES 본체",
    "ReviewScore": "5",
    "Syllable": "70",
    "Word": "16",
    "RDate": "20220826",
    "Aspects": [
      {
        "Aspect": "품질",
        "SentimentText": "품질 좋은상품 마음에 쏙 들어요!!",
        "SentimentWord": "5",
        "SentimentPolarity": "1"
      },
      {
        "Aspect": "기능",
        "SentimentText": " 제품 성능 만족도 굿입니다~^^",
        "SentimentWord": "4",
        "SentimentPolarity": "1"
      }
    ]
  },
  {
    "Index": "19917",
    "RawText": "배송이 빨라서 너무 좋아요.  친절한 기사님께서 설치도 안전하게 해주시고 설명도 잘 해줬어요. 너무 착하고 좋은 가격에 성능도 엄지척~ 최고예요.",
    "Source": "쇼핑몰",
    "Domain": "가전",
    "MainCategory": "생활/미용/욕실가전",
    "ProductName": "오브제컬렉션 LG전자 트롬 RD20ES 본체",
    "ReviewScore": "5",
    "Syllable": "81",
    "Word": "19",
    "RDate": "20220731",
    "Aspects": [
      {
        "Aspect": "가격",
        "SentimentText": "너무  착하고 좋은 가격",
        "SentimentWord": "4",
        "SentimentPolarity": "1"
      },
      {
        "Aspect": "기능",
        "SentimentText": "성능도 엄지척~ 최고예요.",
        "SentimentWord": "3",
        "SentimentPolarity": "1"
      }
    ]
  },
  {
    "Index": "19918",
    "RawText": "생각보다 소음이 적어서 너무 좋습니다! 용량도 매우 커서 많은 양을 건조해도 충분하고요~~ 건조기 사용하니까 편리하고 엄청 좋네요 ㅎㅎ",
    "Source": "쇼핑몰",
    "Domain": "가전",
    "MainCategory": "생활/미용/욕실가전",
    "ProductName": "오브제컬렉션 LG전자 트롬 RD20ES 본체",
    "ReviewScore": "5",
    "Syllable": "75",
    "Word": "18",
    "RDate": "20220306",
    "GeneralPolarity": "1",
    "Aspects": [
      {
        "Aspect": "소음",
        "SentimentText": "생각보다 소음이 적어서 너무 좋습니다! ",
        "SentimentWord": "5",
        "SentimentPolarity": "1"
      },
      {
        "Aspect": "용량",
        "SentimentText": "용량도 매우 커서 많은 양을 건조해도 충분하고요~~ ",
        "SentimentWord": "7",
        "SentimentPolarity": "1"
      },
      {
        "Aspect": "편의성",
        "SentimentText": "건조기 사용하니까 편리하고 엄청 좋네요 ㅎㅎ",
        "SentimentWord": "6",
        "SentimentPolarity": "1"
      }
    ]
  },
  {
    "Index": "19919",
    "RawText": "무엇보다 침구털기+스팀살균이 마음에 듭니다.스팀 기능 있는거로 사길 잘했어요~ 사용해봤는데 전기세도 생각보다 적게 나와서 완전 신세계네요ㅎㅎ",
    "Source": "쇼핑몰",
    "Domain": "가전",
    "MainCategory": "생활/미용/욕실가전",
    "ProductName": "오브제컬렉션 LG전자 트롬 RD20ES 본체",
    "ReviewScore": "5",
    "Syllable": "78",
    "Word": "15",
    "RDate": "20220522",
    "Aspects": [
      {
        "Aspect": "기능",
        "SentimentText": "무엇보다 침구털기+스팀살균이 마음에 듭니다.스팀 기능 있는거로 사길 잘했어요~",
        "SentimentWord": "8",
        "SentimentPolarity": "1"
      },
      {
        "Aspect": "소비전력",
        "SentimentText": "사용해봤는데 전기세도 생각보다 적게 나와서 완전 신세계네요ㅎㅎ",
        "SentimentWord": "7",
        "SentimentPolarity": "1"
      }
    ]
  },
  {
    "Index": "19920",
    "RawText": "가격대가 있어서 큰맘먹고 구매했는데 완전 만족이네요~! 옷감이 줄어들까봐 수축방지 기능을 사용했는데 너무 좋아요~",
    "Source": "쇼핑몰",
    "Domain": "가전",
    "MainCategory": "생활/미용/욕실가전",
    "ProductName": "오브제컬렉션 LG전자 트롬 RD20ES 본체",
    "ReviewScore": "5",
    "Syllable": "63",
    "Word": "13",
    "RDate": "20220713",
    "GeneralPolarity": "1",
    "Aspects": [
      {
        "Aspect": "가격",
        "SentimentText": "가격대가 있어서 큰맘먹고 구매했는데 완전 만족이네요~!",
        "SentimentWord": "6",
        "SentimentPolarity": "0"
      },
      {
        "Aspect": "기능",
        "SentimentText": "옷감이 줄어들까봐 수축방지 기능을 사용했는데 너무 좋아요~",
        "SentimentWord": "7",
        "SentimentPolarity": "1"
      }
    ]
  },
  {
    "Index": "19921",
    "RawText": "수건 빨래후 건조기 돌리면 뽀송뽀송 ..정말 최고입니다. 다만 사용하니 발열감이 생겨서 아쉽네요ㅠ",
    "Source": "쇼핑몰",
    "Domain": "가전",
    "MainCategory": "생활/미용/욕실가전",
    "ProductName": "오브제컬렉션 LG전자 트롬 RD20ES 본체",
    "ReviewScore": "5",
    "Syllable": "54",
    "Word": "12",
    "RDate": "20220621",
    "Aspects": [
      {
        "Aspect": "기능",
        "SentimentText": "수건 빨래후 건조기 돌리면 뽀송뽀송 ..정말 최고입니다.",
        "SentimentWord": "7",
        "SentimentPolarity": "1"
      },
      {
        "Aspect": "내구성",
        "SentimentText": "다만 사용하니 발열감이 생겨서 아쉽네요ㅠ",
        "SentimentWord": "5",
        "SentimentPolarity": "-1"
      }
    ]
  },
  {
    "Index": "19922",
    "RawText": "건조기 디자인 깔끔하니 너무 이쁘네요~ 할인받아 저렴하게 잘 구매했습니다!!",
    "Source": "쇼핑몰",
    "Domain": "가전",
    "MainCategory": "생활/미용/욕실가전",
    "ProductName": "오브제컬렉션 LG전자 트롬 RD20ES 본체",
    "ReviewScore": "5",
    "Syllable": "42",
    "Word": "9",
    "RDate": "20220811",
    "GeneralPolarity": "1",
    "Aspects": [
      {
        "Aspect": "디자인",
        "SentimentText": "건조기 디자인 깔끔하니 너무 이쁘네요~",
        "SentimentWord": "5",
        "SentimentPolarity": "1"
      },
      {
        "Aspect": "가격",
        "SentimentText": "할인받아 저렴하게 잘 구매했습니다!!",
        "SentimentWord": "4",
        "SentimentPolarity": "1"
      }
    ]
  },
  {
    "Index": "19923",
    "RawText": "사용해보니 용량이 넉넉해서 정말 좋습니다~! 에너지등급도 좋아서 구입하길 잘한 것 같아요ㅎㅎ",
    "Source": "쇼핑몰",
    "Domain": "가전",
    "MainCategory": "생활/미용/욕실가전",
    "ProductName": "오브제컬렉션 LG전자 트롬 RD20ES 본체",
    "ReviewScore": "5",
    "Syllable": "51",
    "Word": "11",
    "RDate": "20220311",
    "GeneralPolarity": "1",
    "Aspects": [
      {
        "Aspect": "용량",
        "SentimentText": "사용해보니 용량이 넉넉해서 정말 좋습니다~! ",
        "SentimentWord": "5",
        "SentimentPolarity": "1"
      },
      {
        "Aspect": "소비전력",
        "SentimentText": "에너지등급도 좋아서 구입하길 잘한 것 같아요ㅎㅎ",
        "SentimentWord": "6",
        "SentimentPolarity": "1"
      }
    ]
  },
  {
    "Index": "19924",
    "RawText": "인공지능으로 해봤어요 구김 없고 오히려 다림질되서 건조된것같이 좋습니다^^ 그런데 건조시간이 꽤 길어서 실망했습니다..",
    "Source": "쇼핑몰",
    "Domain": "가전",
    "MainCategory": "생활/미용/욕실가전",
    "ProductName": "오브제컬렉션 LG전자 트롬 RD20ES 본체",
    "ReviewScore": "5",
    "Syllable": "66",
    "Word": "13",
    "RDate": "20220715",
    "Aspects": [
      {
        "Aspect": "기능",
        "SentimentText": "인공지능으로 해봤어요 구김 없고 오히려 다림질되서 건조된것같이 좋습니다^^",
        "SentimentWord": "8",
        "SentimentPolarity": "1"
      },
      {
        "Aspect": "시간/속도",
        "SentimentText": "그런데 건조시간이 꽤 길어서 실망했습니다..",
        "SentimentWord": "5",
        "SentimentPolarity": "-1"
      }
    ]
  },
  {
    "Index": "19926",
    "RawText": "품질 좋은 건조기예요. 선물받은 사람이 행복해해요. 컬러도 너무 고급스럽고 사랑스럽네요~~",
    "Source": "쇼핑몰",
    "Domain": "가전",
    "MainCategory": "생활/미용/욕실가전",
    "ProductName": "오브제컬렉션 LG전자 트롬 RD20ES 본체",
    "ReviewScore": "5",
    "Syllable": "50",
    "Word": "10",
    "RDate": "20220720",
    "Aspects": [
      {
        "Aspect": "품질",
        "SentimentText": "품질 좋은 건조기예요.",
        "SentimentWord": "3",
        "SentimentPolarity": "1"
      },
      {
        "Aspect": "색상",
        "SentimentText": "컬러도 너무 고급스럽고 사랑스럽네요~~",
        "SentimentWord": "4",
        "SentimentPolarity": "1"
      }
    ]
  },
  {
    "Index": "19927",
    "RawText": "대용량이라 속이 뻥 뚫리네요 ㅎㅎ 잘쓸께요. ~^^. 색상도 은은하고 깔끔해요.",
    "Source": "쇼핑몰",
    "Domain": "가전",
    "MainCategory": "생활/미용/욕실가전",
    "ProductName": "오브제컬렉션 LG전자 트롬 RD20ES 본체",
    "ReviewScore": "5",
    "Syllable": "44",
    "Word": "10",
    "RDate": "20220318",
    "Aspects": [
      {
        "Aspect": "용량",
        "SentimentText": "대용량이라 속이 뻥 뚫리네요 ㅎㅎ 잘쓸께요. ~^^",
        "SentimentWord": "7",
        "SentimentPolarity": "1"
      },
      {
        "Aspect": "색상",
        "SentimentText": "색상도 은은하고 깔끔해요.",
        "SentimentWord": "3",
        "SentimentPolarity": "1"
      }
    ]
  },
  {
    "Index": "19928",
    "RawText": "역시 000 전자 이쁘고 좋네요. 제품끼리 연동되서 몹시 편리해요. 배송도 빠르고 친절한 기사님들에 기분좋았습니다.",
    "Source": "쇼핑몰",
    "Domain": "가전",
    "MainCategory": "생활/미용/욕실가전",
    "ProductName": "오브제컬렉션 LG전자 트롬 RD20ES 본체",
    "ReviewScore": "5",
    "Syllable": "64",
    "Word": "14",
    "RDate": "20220316",
    "Aspects": [
      {
        "Aspect": "제조일/제조사",
        "SentimentText": "역시 000 전자 이쁘고 좋네요. ",
        "SentimentWord": "5",
        "SentimentPolarity": "1"
      },
      {
        "Aspect": "편의성",
        "SentimentText": "제품끼리 연동되서 몹시 편리해요.",
        "SentimentWord": "4",
        "SentimentPolarity": "1"
      }
    ]
  },
  {
    "Index": "19930",
    "RawText": "20키로여서 통이 엄청 크네요^^ 겨울이불도 걱정없어요~ 건조기 써보니 성능이 좋아 이불이 뽀송뽀송 잘 건조됩니다. 여름철 햇살에 말린듯 햇빛향이 나는거 같아요.",
    "Source": "쇼핑몰",
    "Domain": "가전",
    "MainCategory": "생활/미용/욕실가전",
    "ProductName": "오브제컬렉션 LG전자 트롬 RD20ES 본체",
    "ReviewScore": "5",
    "Syllable": "90",
    "Word": "20",
    "RDate": "20220502",
    "Aspects": [
      {
        "Aspect": "용량",
        "SentimentText": "20키로여서 통이 엄청 크네요^^ 겨울이불도 걱정없어요~",
        "SentimentWord": "6",
        "SentimentPolarity": "1"
      },
      {
        "Aspect": "기능",
        "SentimentText": "성능이 좋아 이불이 뽀송뽀송 잘 건조됩니다.",
        "SentimentWord": "6",
        "SentimentPolarity": "1"
      }
    ]
  },
  {
    "Index": "19931",
    "RawText": "작동시켰는데 확실히 신형이라 그런지 소리가 엄청 조용하네요^^ .매장가서 이것저것 보고 가격도 제일 저렴하게 샀네요~",
    "Source": "쇼핑몰",
    "Domain": "가전",
    "MainCategory": "생활/미용/욕실가전",
    "ProductName": "오브제컬렉션 LG전자 트롬 RD20ES 본체",
    "ReviewScore": "4",
    "Syllable": "65",
    "Word": "14",
    "RDate": "20220709",
    "Aspects": [
      {
        "Aspect": "소음",
        "SentimentText": "작동시켰는데 확실히 신형이라 그런지 소리가 엄청 조용하네요^^",
        "SentimentWord": "7",
        "SentimentPolarity": "1"
      },
      {
        "Aspect": "가격",
        "SentimentText": "매장가서 이것저것 보고 가격도 제일 저렴하게 샀네요~",
        "SentimentWord": "7",
        "SentimentPolarity": "1"
      }
    ]
  },
  {
    "Index": "19933",
    "RawText": "배송 기간은 조금 길었지만 예상했어서 괜찮았어요. 포장 상태가 워낙 좋아서 제품 자체에 문제 없이 도착해서 좋았습니다~ 설치도 깔끔하게 되어서 만족스럽네요^^ 설치후에 보니 디자인이 유려한게 너무 이쁘네요. 침구털기에 스팀살균까지 아주 마음에 드네요.",
    "Source": "쇼핑몰",
    "Domain": "가전",
    "MainCategory": "생활/미용/욕실가전",
    "ProductName": "오브제컬렉션 LG전자 트롬 RD20ES 본체",
    "ReviewScore": "5",
    "Syllable": "140",
    "Word": "31",
    "RDate": "20220607",
    "Aspects": [
      {
        "Aspect": "디자인",
        "SentimentText": "설치후에 보니 디자인이 유려한게 너무 이쁘네요.",
        "SentimentWord": "6",
        "SentimentPolarity": "1"
      },
      {
        "Aspect": "기능",
        "SentimentText": "침구털기에 스팀살균까지 아주 마음에 드네요.",
        "SentimentWord": "5",
        "SentimentPolarity": "1"
      }
    ]
  }
]