[
  {
    "Index": "23334",
    "RawText": "센서기능으로 매트도 잘 올라타서 청소하네요 굿굿 소음도 적어서 너무 만족스럽습니다^^",
    "Source": "쇼핑몰",
    "Domain": "가전",
    "MainCategory": "생활/미용/욕실가전",
    "ProductName": "로보락 S7 Plus",
    "ReviewScore": "5",
    "Syllable": "47",
    "Word": "10",
    "RDate": "20220602",
    "GeneralPolarity": "1",
    "Aspects": [
      {
        "Aspect": "기능",
        "SentimentText": "센서기능으로 매트도 잘 올라타서 청소하네요 굿굿",
        "SentimentWord": "6",
        "SentimentPolarity": "1"
      },
      {
        "Aspect": "소음",
        "SentimentText": "소음도 적어서 너무 만족스럽습니다^^",
        "SentimentWord": "4",
        "SentimentPolarity": "1"
      }
    ]
  },
  {
    "Index": "23336",
    "RawText": "80만원대라 가격이 많이 부담되긴했어요 ㅠㅠ 그래도 매핑기능으로 구석구석청소되서 신기하고 좋네요^^",
    "Source": "쇼핑몰",
    "Domain": "가전",
    "MainCategory": "생활/미용/욕실가전",
    "ProductName": "로보락 S7 Plus",
    "ReviewScore": "5",
    "Syllable": "55",
    "Word": "10",
    "RDate": "20220826",
    "GeneralPolarity": "0",
    "Aspects": [
      {
        "Aspect": "가격",
        "SentimentText": "80만원대라 가격이 많이 부담되긴했어요 ㅠㅠ",
        "SentimentWord": "5",
        "SentimentPolarity": "-1"
      },
      {
        "Aspect": "기능",
        "SentimentText": "그래도 매핑기능으로 구석구석청소되서 신기하고 좋네요^^",
        "SentimentWord": "5",
        "SentimentPolarity": "1"
      }
    ]
  },
  {
    "Index": "23338",
    "RawText": "비싸서 고민했는데 기대이상의 제품 퀄리티에 너무 만족합니다 걸레질까지 한번에 되니 청소의 신세계 청소기네요 강추!!",
    "Source": "쇼핑몰",
    "Domain": "가전",
    "MainCategory": "생활/미용/욕실가전",
    "ProductName": "로보락 S7 Plus",
    "ReviewScore": "5",
    "Syllable": "64",
    "Word": "14",
    "RDate": "20220711",
    "GeneralPolarity": "1",
    "Aspects": [
      {
        "Aspect": "품질",
        "SentimentText": "비싸서 고민했는데 기대이상의 제품 퀄리티에 너무 만족합니다",
        "SentimentWord": "7",
        "SentimentPolarity": "1"
      },
      {
        "Aspect": "기능",
        "SentimentText": "걸레질까지 한번에 되니 청소의 신세계 청소기네요 강추!!",
        "SentimentWord": "7",
        "SentimentPolarity": "1"
      }
    ]
  },
  {
    "Index": "23339",
    "RawText": "머리카락까지 다 빨아들이는 흡입기능.. 완전 놀라워요 다만 매트위에서는 소음이 조금 커지는 단점이..ㅠㅠ",
    "Source": "쇼핑몰",
    "Domain": "가전",
    "MainCategory": "생활/미용/욕실가전",
    "ProductName": "로보락 S7 Plus",
    "ReviewScore": "5",
    "Syllable": "58",
    "Word": "12",
    "RDate": "20220530",
    "GeneralPolarity": "0",
    "Aspects": [
      {
        "Aspect": "기능",
        "SentimentText": "머리카락까지 다 빨아들이는 흡입기능.. 완전 놀라워요",
        "SentimentWord": "6",
        "SentimentPolarity": "1"
      },
      {
        "Aspect": "소음",
        "SentimentText": "다만 매트위에서는 소음이 조금 커지는 단점이..ㅠㅠ",
        "SentimentWord": "6",
        "SentimentPolarity": "-1"
      }
    ]
  },
  {
    "Index": "23340",
    "RawText": "흡입력이 좋아 가득한 먼지보니 뿌듯해요^^ 색상도 이뻐서 맘에 들어요",
    "Source": "쇼핑몰",
    "Domain": "가전",
    "MainCategory": "생활/미용/욕실가전",
    "ProductName": "로보락 S7 Plus",
    "ReviewScore": "5",
    "Syllable": "38",
    "Word": "9",
    "RDate": "20220613",
    "GeneralPolarity": "1",
    "Aspects": [
      {
        "Aspect": "기능",
        "SentimentText": "흡입력이 좋아 가득한 먼지보니 뿌듯해요^^",
        "SentimentWord": "5",
        "SentimentPolarity": "1"
      },
      {
        "Aspect": "색상",
        "SentimentText": "색상도 이뻐서 맘에 들어요",
        "SentimentWord": "4",
        "SentimentPolarity": "1"
      }
    ]
  },
  {
    "Index": "23345",
    "RawText": "가격이 비싸서 고민했는데 퀄리티가 너무 좋아요 진작 살껄ㅎㅎ 흡입,물걸레 둘다 되서 너무 청소 잘하네요~굿굿",
    "Source": "쇼핑몰",
    "Domain": "가전",
    "MainCategory": "생활/미용/욕실가전",
    "ProductName": "로보락 S7 Plus",
    "ReviewScore": "5",
    "Syllable": "60",
    "Word": "14",
    "RDate": "20220803",
    "GeneralPolarity": "1",
    "Aspects": [
      {
        "Aspect": "품질",
        "SentimentText": "가격이 비싸서 고민했는데 퀄리티가 너무 좋아요 진작 살껄ㅎㅎ",
        "SentimentWord": "8",
        "SentimentPolarity": "1"
      },
      {
        "Aspect": "기능",
        "SentimentText": "흡입,물걸레 둘다 되서 너무 청소 잘하네요~굿굿",
        "SentimentWord": "6",
        "SentimentPolarity": "1"
      }
    ]
  },
  {
    "Index": "23346",
    "RawText": "가격이 꽤 나가서 고민했는데 너무 늦게 산걸 후회할 정도로 퀄리티가 기대이상이네요!!! 흡입력이 좋아서 집이 뽀득뽀득 깨끗하니 좋아요ㅎㅎㅎ",
    "Source": "쇼핑몰",
    "Domain": "가전",
    "MainCategory": "생활/미용/욕실가전",
    "ProductName": "로보락 S7 Plus",
    "ReviewScore": "5",
    "Syllable": "77",
    "Word": "17",
    "RDate": "20220613",
    "GeneralPolarity": "1",
    "Aspects": [
      {
        "Aspect": "품질",
        "SentimentText": "가격이 꽤 나가서 고민했는데 너무 늦게 산걸 후회할 정도로 퀄리티가 기대이상이네요!!!",
        "SentimentWord": "11",
        "SentimentPolarity": "1"
      },
      {
        "Aspect": "기능",
        "SentimentText": "흡입력이 좋아서 집이 뽀득뽀득 깨끗하니 좋아요ㅎㅎㅎ",
        "SentimentWord": "6",
        "SentimentPolarity": "1"
      }
    ]
  },
  {
    "Index": "23347",
    "RawText": "가격때문에 고민하다가 샀는데 성능이 너무 우수해서 너무 만족합니다^^ 색상도 심플해서 맘에 들어요",
    "Source": "쇼핑몰",
    "Domain": "가전",
    "MainCategory": "생활/미용/욕실가전",
    "ProductName": "로보락 S7 Plus",
    "ReviewScore": "5",
    "Syllable": "54",
    "Word": "12",
    "RDate": "20220829",
    "GeneralPolarity": "1",
    "Aspects": [
      {
        "Aspect": "기능",
        "SentimentText": "가격때문에 고민하다가 샀는데 성능이 너무 우수해서 너무 만족합니다^^",
        "SentimentWord": "8",
        "SentimentPolarity": "1"
      },
      {
        "Aspect": "색상",
        "SentimentText": "색상도 심플해서 맘에 들어요",
        "SentimentWord": "4",
        "SentimentPolarity": "1"
      }
    ]
  },
  {
    "Index": "23348",
    "RawText": "흡입,물걸레 기능으로 생각보다 깨끗하고 바닥이 뽀송하네요 대박^^ 문턱도 넘어가는 인지기능이 너무 신기하네요 단 먼지 비우기시 소음이 커서 아쉬워요 ㅠ 그리고 물걸레가 하나밖에 없어요.. 더 주셨으면..ㅠㅠ",
    "Source": "쇼핑몰",
    "Domain": "가전",
    "MainCategory": "생활/미용/욕실가전",
    "ProductName": "로보락 S7 Plus",
    "ReviewScore": "4",
    "Syllable": "115",
    "Word": "25",
    "RDate": "20220702",
    "GeneralPolarity": "0",
    "Aspects": [
      {
        "Aspect": "기능",
        "SentimentText": "흡입,물걸레 기능으로 생각보다 깨끗하고 바닥이 뽀송하네요 대박^^",
        "SentimentWord": "7",
        "SentimentPolarity": "1"
      },
      {
        "Aspect": "기능",
        "SentimentText": "문턱도 넘어가는 인지기능이 너무 신기하네요",
        "SentimentWord": "5",
        "SentimentPolarity": "1"
      },
      {
        "Aspect": "소음",
        "SentimentText": "단 먼지 비우기시 소음이 커서 아쉬워요 ㅠ",
        "SentimentWord": "7",
        "SentimentPolarity": "-1"
      },
      {
        "Aspect": "제품구성",
        "SentimentText": "그리고 물걸레가 하나밖에 없어요.. 더 주셨으면..ㅠㅠ",
        "SentimentWord": "6",
        "SentimentPolarity": "-1"
      }
    ]
  },
  {
    "Index": "23350",
    "RawText": "매핑기능으로 구석진곳도 청소가 잘되니 너무 좋아요^^ 무게도 의외로 가벼워서 만족해요^^",
    "Source": "쇼핑몰",
    "Domain": "가전",
    "MainCategory": "생활/미용/욕실가전",
    "ProductName": "로보락 S7 Plus",
    "ReviewScore": "5",
    "Syllable": "49",
    "Word": "10",
    "RDate": "20220720",
    "GeneralPolarity": "1",
    "Aspects": [
      {
        "Aspect": "기능",
        "SentimentText": "매핑기능으로 구석진곳도 청소가 잘되니 너무 좋아요^^",
        "SentimentWord": "6",
        "SentimentPolarity": "1"
      },
      {
        "Aspect": "무게",
        "SentimentText": "무게도 의외로 가벼워서 만족해요^^",
        "SentimentWord": "4",
        "SentimentPolarity": "1"
      }
    ]
  },
  {
    "Index": "23354",
    "RawText": "생각했던것보다 스마트하고 집안 곳곳 청소를 다해주니 이만한 제품이 없네요ㅋ 청소하는데 버리는 시간을 아껴줘서 추천하는 제품이에요~",
    "Source": "쇼핑몰",
    "Domain": "가전",
    "MainCategory": "생활/미용/욕실가전",
    "ProductName": "로보락 S7 Plus",
    "ReviewScore": "5",
    "Syllable": "72",
    "Word": "15",
    "RDate": "20220627",
    "GeneralPolarity": "1",
    "Aspects": [
      {
        "Aspect": "기능",
        "SentimentText": "생각했던것보다 스마트하고 집안 곳곳 청소를 다해주니 이만한 제품이 없네요ㅋ",
        "SentimentWord": "9",
        "SentimentPolarity": "1"
      },
      {
        "Aspect": "편의성",
        "SentimentText": "청소하는데 버리는 시간을 아껴줘서 추천하는 제품이에요~",
        "SentimentWord": "6",
        "SentimentPolarity": "1"
      }
    ]
  },
  {
    "Index": "23357",
    "RawText": "기존에 사용했던 청소기가 고장나서 새로 마련했는데 로봇청소기가 왜이리 비싼거죠? 이건 너무 가격 오버네요ㅡㅡ^ 근데 비싼만큼 다양한 기능들이 많아서 잘되고 편해서 좋아요. 몇주 사용한결과 그럭저럭 만족해요~",
    "Source": "쇼핑몰",
    "Domain": "가전",
    "MainCategory": "생활/미용/욕실가전",
    "ProductName": "로보락 S7 Plus",
    "ReviewScore": "5",
    "Syllable": "115",
    "Word": "25",
    "RDate": "20220727",
    "GeneralPolarity": "0",
    "Aspects": [
      {
        "Aspect": "가격",
        "SentimentText": "로봇청소기가 왜이리 비싼거죠? 이건 너무 가격 오버네요ㅡㅡ^",
        "SentimentWord": "7",
        "SentimentPolarity": "-1"
      },
      {
        "Aspect": "기능",
        "SentimentText": "비싼만큼 다양한 기능들이 많아서 잘되고 편해서 좋아요",
        "SentimentWord": "7",
        "SentimentPolarity": "1"
      }
    ]
  },
  {
    "Index": "23358",
    "RawText": "꼼꼼히 청소를 해주는데 그만큼 시간이 무척이나 오래걸려서 아쉽습니다. 맵기능은 어려운거 없이 자동으로 찾아주니 요건 정말 좋네요.",
    "Source": "쇼핑몰",
    "Domain": "가전",
    "MainCategory": "생활/미용/욕실가전",
    "ProductName": "로보락 S7 Plus",
    "ReviewScore": "4",
    "Syllable": "72",
    "Word": "16",
    "RDate": "20220729",
    "GeneralPolarity": "0",
    "Aspects": [
      {
        "Aspect": "시간/속도",
        "SentimentText": "시간이 무척이나 오래걸려서 아쉽습니다",
        "SentimentWord": "4",
        "SentimentPolarity": "-1"
      },
      {
        "Aspect": "기능",
        "SentimentText": "맵기능은 어려운거 없이 자동으로 찾아주니 요건 정말 좋네요",
        "SentimentWord": "8",
        "SentimentPolarity": "1"
      }
    ]
  },
  {
    "Index": "23359",
    "RawText": "청소기가 무척 똑똑해서 머리카락까지 깨끗이 청소되서 좋아요, 근데 설치가 좀 어려웠어요. 어플설치도요 ㅠㅠ",
    "Source": "쇼핑몰",
    "Domain": "가전",
    "MainCategory": "생활/미용/욕실가전",
    "ProductName": "로보락 S7 Plus",
    "ReviewScore": "5",
    "Syllable": "59",
    "Word": "13",
    "RDate": "20220823",
    "GeneralPolarity": "0",
    "Aspects": [
      {
        "Aspect": "기능",
        "SentimentText": "청소기가 무척 똑똑해서 머리카락까지 깨끗이 청소되서 좋아요",
        "SentimentWord": "7",
        "SentimentPolarity": "1"
      },
      {
        "Aspect": "조작성",
        "SentimentText": "설치가 좀 어려웠어요. 어플설치도요 ㅠㅠ",
        "SentimentWord": "5",
        "SentimentPolarity": "-1"
      }
    ]
  },
  {
    "Index": "23360",
    "RawText": "받자마자 청소기 돌려봤는데 좁은곳도 들어가고 흡입력이 좋아서 잘 빨아들이네요^^ 검정색을 원했는데 흰색이라 아쉬웠어요.",
    "Source": "쇼핑몰",
    "Domain": "가전",
    "MainCategory": "생활/미용/욕실가전",
    "ProductName": "로보락 S7 Plus",
    "ReviewScore": "5",
    "Syllable": "66",
    "Word": "13",
    "RDate": "20220824",
    "GeneralPolarity": "0",
    "Aspects": [
      {
        "Aspect": "기능",
        "SentimentText": "좁은곳도 들어가고 흡입력이 좋아서 잘 빨아들이네요^^",
        "SentimentWord": "6",
        "SentimentPolarity": "1"
      },
      {
        "Aspect": "색상",
        "SentimentText": "검정색을 원했는데 흰색이라 아쉬웠어요",
        "SentimentWord": "4",
        "SentimentPolarity": "-1"
      }
    ]
  },
  {
    "Index": "23362",
    "RawText": "청소기가 완전 똑똑해요. 문턱도 잘 넘고 다니고 구석진곳 까지 청소를 잘해주네요. 소비전력이 1등급이 아니라서 아쉽네요.",
    "Source": "쇼핑몰",
    "Domain": "가전",
    "MainCategory": "생활/미용/욕실가전",
    "ProductName": "로보락 S7 Plus",
    "ReviewScore": "5",
    "Syllable": "67",
    "Word": "15",
    "RDate": "20220703",
    "GeneralPolarity": "0",
    "Aspects": [
      {
        "Aspect": "기능",
        "SentimentText": "문턱도 잘 넘고 다니고 구석진곳 까지 청소를 잘해주네요",
        "SentimentWord": "8",
        "SentimentPolarity": "1"
      },
      {
        "Aspect": "소비전력",
        "SentimentText": "소비전력이 1등급이 아니라서 아쉽네요",
        "SentimentWord": "4",
        "SentimentPolarity": "-1"
      }
    ]
  },
  {
    "Index": "23363",
    "RawText": "너무 좋은게 제가 청소한것보다 더 깨끗히 청소를 해주네요. 근데 청소를 완료하는 시간이 엄청 오래걸리네요ㅡㅡ;",
    "Source": "쇼핑몰",
    "Domain": "가전",
    "MainCategory": "생활/미용/욕실가전",
    "ProductName": "로보락 S7 Plus",
    "ReviewScore": "5",
    "Syllable": "61",
    "Word": "14",
    "RDate": "20220817",
    "GeneralPolarity": "0",
    "Aspects": [
      {
        "Aspect": "기능",
        "SentimentText": "너무 좋은게 제가 청소한것보다 더 깨끗히 청소를 해주네요",
        "SentimentWord": "8",
        "SentimentPolarity": "1"
      },
      {
        "Aspect": "시간/속도",
        "SentimentText": "청소를 완료하는 시간이 엄청 오래걸리네요ㅡㅡ;",
        "SentimentWord": "5",
        "SentimentPolarity": "-1"
      }
    ]
  },
  {
    "Index": "23365",
    "RawText": "인기있는 이유를 알겠네요. 청소기를 밀고 다니거나 걸레질 안해도 되서 너무 편해요. 특히 물걸레 기능이 대박 좋으네요.",
    "Source": "쇼핑몰",
    "Domain": "가전",
    "MainCategory": "생활/미용/욕실가전",
    "ProductName": "로보락 S7 Plus",
    "ReviewScore": "5",
    "Syllable": "66",
    "Word": "16",
    "RDate": "20220629",
    "GeneralPolarity": "1",
    "Aspects": [
      {
        "Aspect": "편의성",
        "SentimentText": "청소기를 밀고 다니거나 걸레질 안해도 되서 너무 편해요",
        "SentimentWord": "8",
        "SentimentPolarity": "1"
      },
      {
        "Aspect": "기능",
        "SentimentText": " 물걸레 기능이 대박 좋으네요",
        "SentimentWord": "4",
        "SentimentPolarity": "1"
      }
    ]
  },
  {
    "Index": "23369",
    "RawText": "너무 좋은게 물걸레 자동세척기능이 있다는거에요ㅎㅎ 사은품으로 걸레 좀 더 많이 보내주시지.. 여기 서비스가 안좋네요ㅡㅡ^",
    "Source": "쇼핑몰",
    "Domain": "가전",
    "MainCategory": "생활/미용/욕실가전",
    "ProductName": "로보락 S7 Plus",
    "ReviewScore": "4",
    "Syllable": "67",
    "Word": "14",
    "RDate": "20220602",
    "GeneralPolarity": "0",
    "Aspects": [
      {
        "Aspect": "기능",
        "SentimentText": "너무 좋은게 물걸레 자동세척기능이 있다는거에요ㅎㅎ",
        "SentimentWord": "5",
        "SentimentPolarity": "1"
      },
      {
        "Aspect": "제품구성",
        "SentimentText": "사은품으로 걸레 좀 더 많이 보내주시지.. 여기 서비스가 안좋네요ㅡㅡ^",
        "SentimentWord": "9",
        "SentimentPolarity": "-1"
      }
    ]
  },
  {
    "Index": "23370",
    "RawText": "전부터 구입하고 싶었는데 OOO을 할인된 가격으로 저렴하게 사서 좋아요~ 설치도 진짜 간단해서 후딱 설치했습니다^^",
    "Source": "쇼핑몰",
    "Domain": "가전",
    "MainCategory": "생활/미용/욕실가전",
    "ProductName": "로보락 S7 Plus",
    "ReviewScore": "5",
    "Syllable": "64",
    "Word": "14",
    "RDate": "20220829",
    "GeneralPolarity": "1",
    "Aspects": [
      {
        "Aspect": "가격",
        "SentimentText": "OOO을 할인된 가격으로 저렴하게 사서 좋아요~",
        "SentimentWord": "6",
        "SentimentPolarity": "1"
      },
      {
        "Aspect": "조작성",
        "SentimentText": "설치도 진짜 간단해서 후딱 설치했습니다^^",
        "SentimentWord": "5",
        "SentimentPolarity": "1"
      }
    ]
  },
  {
    "Index": "23372",
    "RawText": "청소의 혁명을 가져온 OOO 최고에요! 근데 가격이 좀 저렴했으면 좋았을텐데 아쉽네요",
    "Source": "쇼핑몰",
    "Domain": "가전",
    "MainCategory": "생활/미용/욕실가전",
    "ProductName": "로보락 S7 Plus",
    "ReviewScore": "5",
    "Syllable": "47",
    "Word": "11",
    "RDate": "20220828",
    "GeneralPolarity": "0",
    "Aspects": [
      {
        "Aspect": "제조일/제조사",
        "SentimentText": "청소의 혁명을 가져온 OOO 최고에요!",
        "SentimentWord": "5",
        "SentimentPolarity": "1"
      },
      {
        "Aspect": "가격",
        "SentimentText": "가격이 좀 저렴했으면 좋았을텐데 아쉽네요",
        "SentimentWord": "5",
        "SentimentPolarity": "-1"
      }
    ]
  },
  {
    "Index": "23373",
    "RawText": "로봇청소기는 처음 구입하는건데 할인행사로 저렴하게 구입해서 좋았어요. 근데 이거 로봇청소기인지 의심이 많이 드네요. 문턱 감지능력이 엄청 떨어지고 헛돌아서 청소를 제대로 못하고 있네요ㅜㅜ",
    "Source": "쇼핑몰",
    "Domain": "가전",
    "MainCategory": "생활/미용/욕실가전",
    "ProductName": "로보락 S7 Plus",
    "ReviewScore": "5",
    "Syllable": "104",
    "Word": "22",
    "RDate": "20220828",
    "GeneralPolarity": "0",
    "Aspects": [
      {
        "Aspect": "가격",
        "SentimentText": "할인행사로 저렴하게 구입해서 좋았어요",
        "SentimentWord": "4",
        "SentimentPolarity": "1"
      },
      {
        "Aspect": "기능",
        "SentimentText": "문턱 감지능력이 엄청 떨어지고 헛돌아서 청소를 제대로 못하고 있네요ㅜㅜ",
        "SentimentWord": "9",
        "SentimentPolarity": "-1"
      }
    ]
  },
  {
    "Index": "23375",
    "RawText": "흡입력이 좋아서 카페트 위에도 청소가 잘 되서 편리하고 좋아요. 근데 사이즈가 엄청 커서 좁은 공간엔 놓지 못하겠네요ㅠㅠ",
    "Source": "쇼핑몰",
    "Domain": "가전",
    "MainCategory": "생활/미용/욕실가전",
    "ProductName": "로보락 S7 Plus",
    "ReviewScore": "5",
    "Syllable": "67",
    "Word": "17",
    "RDate": "20220825",
    "GeneralPolarity": "0",
    "Aspects": [
      {
        "Aspect": "기능",
        "SentimentText": "흡입력이 좋아서 카페트 위에도 청소가 잘 되서 편리하고 좋아요",
        "SentimentWord": "9",
        "SentimentPolarity": "1"
      },
      {
        "Aspect": "사이즈",
        "SentimentText": "사이즈가 엄청 커서 좁은 공간엔 놓지 못하겠네요ㅠㅠ",
        "SentimentWord": "7",
        "SentimentPolarity": "-1"
      }
    ]
  },
  {
    "Index": "23376",
    "RawText": "물걸레질 기능까지 있는 로봇청소기 완전 좋습니다. 근데 한달도 안됐는데 고장이 났어요 험하게 쓴것도 아닌데 말이죠. 좀 화가나네요.",
    "Source": "쇼핑몰",
    "Domain": "가전",
    "MainCategory": "생활/미용/욕실가전",
    "ProductName": "로보락 S7 Plus",
    "ReviewScore": "5",
    "Syllable": "73",
    "Word": "17",
    "RDate": "20220824",
    "GeneralPolarity": "0",
    "Aspects": [
      {
        "Aspect": "기능",
        "SentimentText": "물걸레질 기능까지 있는 로봇청소기 완전 좋습니다",
        "SentimentWord": "6",
        "SentimentPolarity": "1"
      },
      {
        "Aspect": "품질",
        "SentimentText": "근데 한달도 안됐는데 고장이 났어요 험하게 쓴것도 아닌데 말이죠. 좀 화가나네요.",
        "SentimentWord": "11",
        "SentimentPolarity": "-1"
      }
    ]
  },
  {
    "Index": "23377",
    "RawText": "소음이 너무 커서 자주 청소를 못해요ㅠㅠ 근데 걸레질 기능이 무척이나 마음에 들어요. 완전 신세계네요. 걸레랑 날개가 추가 필요한데 구성품에 없어 아쉽네요.",
    "Source": "쇼핑몰",
    "Domain": "가전",
    "MainCategory": "생활/미용/욕실가전",
    "ProductName": "로보락 S7 Plus",
    "ReviewScore": "5",
    "Syllable": "87",
    "Word": "21",
    "RDate": "20220608",
    "GeneralPolarity": "0",
    "Aspects": [
      {
        "Aspect": "소음",
        "SentimentText": "소음이 너무 커서 자주 청소를 못해요ㅠㅠ",
        "SentimentWord": "6",
        "SentimentPolarity": "-1"
      },
      {
        "Aspect": "기능",
        "SentimentText": "걸레질 기능이 무척이나 마음에 들어요. 완전 신세계네요",
        "SentimentWord": "7",
        "SentimentPolarity": "1"
      },
      {
        "Aspect": "제품구성",
        "SentimentText": "걸레랑 날개가 추가 필요한데 구성품에 없어 아쉽네요.",
        "SentimentWord": "7",
        "SentimentPolarity": "-1"
      }
    ]
  },
  {
    "Index": "23379",
    "RawText": "로봇청소기 처음 써보는데 소음도 많이 큰편은 아니라 괜찮은 편이네요. 먼지통을 자동으로 비워주니 요기능은 무척 마음에 드네요~~",
    "Source": "쇼핑몰",
    "Domain": "가전",
    "MainCategory": "생활/미용/욕실가전",
    "ProductName": "로보락 S7 Plus",
    "ReviewScore": "5",
    "Syllable": "71",
    "Word": "16",
    "RDate": "20220616",
    "GeneralPolarity": "1",
    "Aspects": [
      {
        "Aspect": "소음",
        "SentimentText": "소음도 많이 큰편은 아니라 괜찮은 편이네요",
        "SentimentWord": "6",
        "SentimentPolarity": "0"
      },
      {
        "Aspect": "기능",
        "SentimentText": "먼지통을 자동으로 비워주니 요기능은 무척 마음에 드네요~~",
        "SentimentWord": "7",
        "SentimentPolarity": "1"
      }
    ]
  },
  {
    "Index": "23382",
    "RawText": "가구 아래까지 구석구석 깨끗히 청소를 해줘서 너무나 만족합니다. 가격은 좀 비싸지만 제값을 하니 정말 추천하는 제품입니다!",
    "Source": "쇼핑몰",
    "Domain": "가전",
    "MainCategory": "생활/미용/욕실가전",
    "ProductName": "로보락 S7 Plus",
    "ReviewScore": "5",
    "Syllable": "68",
    "Word": "16",
    "RDate": "20220715",
    "GeneralPolarity": "1",
    "Aspects": [
      {
        "Aspect": "기능",
        "SentimentText": "가구 아래까지 구석구석 깨끗히 청소를 해줘서 너무나 만족합니다",
        "SentimentWord": "8",
        "SentimentPolarity": "1"
      },
      {
        "Aspect": "가격",
        "SentimentText": "가격은 좀 비싸지만 제값을 하니 정말 추천하는 제품입니다!",
        "SentimentWord": "8",
        "SentimentPolarity": "1"
      }
    ]
  },
  {
    "Index": "23384",
    "RawText": "맵핑 설정을 어떻게 하는건지 너무 어려워서 힘드네요ㅠㅠ 디자인은 깔끗하고 귀여워서 나름 괜찮네요. 앞으로 고장없이 사용했으면 좋겠네요.",
    "Source": "쇼핑몰",
    "Domain": "가전",
    "MainCategory": "생활/미용/욕실가전",
    "ProductName": "로보락 S7 Plus",
    "ReviewScore": "5",
    "Syllable": "75",
    "Word": "16",
    "RDate": "20220829",
    "GeneralPolarity": "0",
    "Aspects": [
      {
        "Aspect": "조작성",
        "SentimentText": "맵핑 설정을 어떻게 하는건지 너무 어려워서 힘드네요ㅠㅠ",
        "SentimentWord": "7",
        "SentimentPolarity": "-1"
      },
      {
        "Aspect": "디자인",
        "SentimentText": "디자인은 깔끗하고 귀여워서 나름 괜찮네요",
        "SentimentWord": "5",
        "SentimentPolarity": "1"
      }
    ]
  },
  {
    "Index": "23387",
    "RawText": "물걸레 청소가 진짜 대박입니다. 걸레세척도 가능해서요ㅎㅎㅎ 색상이 다양했으면 하는 아쉬움이 있지만.. 모든면이 마음에 들어 부모님댁에도 하나 사드렸어요ㅋㅋㅋ",
    "Source": "쇼핑몰",
    "Domain": "가전",
    "MainCategory": "생활/미용/욕실가전",
    "ProductName": "로보락 S7 Plus",
    "ReviewScore": "5",
    "Syllable": "87",
    "Word": "17",
    "RDate": "20220626",
    "GeneralPolarity": "0",
    "Aspects": [
      {
        "Aspect": "기능",
        "SentimentText": "물걸레 청소가 진짜 대박입니다. 걸레세척도 가능해서요ㅎㅎㅎ",
        "SentimentWord": "6",
        "SentimentPolarity": "1"
      },
      {
        "Aspect": "색상",
        "SentimentText": "색상이 다양했으면 하는 아쉬움이 있지만..",
        "SentimentWord": "5",
        "SentimentPolarity": "-1"
      }
    ]
  },
  {
    "Index": "23388",
    "RawText": "청소가 잘될까 의심했는데 정말 꼼꼼히 청소가 잘되네요^^ OOO로봇청소기 정말 마음에 들어 지인들에게 추천중이에요!",
    "Source": "쇼핑몰",
    "Domain": "가전",
    "MainCategory": "생활/미용/욕실가전",
    "ProductName": "로보락 S7 Plus",
    "ReviewScore": "5",
    "Syllable": "64",
    "Word": "13",
    "RDate": "20220721",
    "GeneralPolarity": "1",
    "Aspects": [
      {
        "Aspect": "기능",
        "SentimentText": "정말 꼼꼼히 청소가 잘되네요^^",
        "SentimentWord": "4",
        "SentimentPolarity": "1"
      },
      {
        "Aspect": "제조일/제조사",
        "SentimentText": "OOO로봇청소기 정말 마음에 들어 지인들에게 추천중이에요!",
        "SentimentWord": "6",
        "SentimentPolarity": "1"
      }
    ]
  },
  {
    "Index": "23389",
    "RawText": "기대이상인 로봇청소기에요. 청소가 너무 편해져서 자주 청소하게 되요^^ 다만 흡입력이 좀 약해 아쉽네요ㅋ",
    "Source": "쇼핑몰",
    "Domain": "가전",
    "MainCategory": "생활/미용/욕실가전",
    "ProductName": "로보락 S7 Plus",
    "ReviewScore": "5",
    "Syllable": "58",
    "Word": "13",
    "RDate": "20220828",
    "GeneralPolarity": "0",
    "Aspects": [
      {
        "Aspect": "편의성",
        "SentimentText": "청소가 너무 편해져서 자주 청소하게 되요^^",
        "SentimentWord": "6",
        "SentimentPolarity": "1"
      },
      {
        "Aspect": "기능",
        "SentimentText": "흡입력이 좀 약해 아쉽네요ㅋ",
        "SentimentWord": "4",
        "SentimentPolarity": "-1"
      }
    ]
  },
  {
    "Index": "23390",
    "RawText": "청소기 성능이 생각보다 너무 좋아서 정말 놀랬어요!! 근데 사은품으로 받은 물걸레는 품질이 진짜 안좋아요.",
    "Source": "쇼핑몰",
    "Domain": "가전",
    "MainCategory": "생활/미용/욕실가전",
    "ProductName": "로보락 S7 Plus",
    "ReviewScore": "5",
    "Syllable": "59",
    "Word": "14",
    "RDate": "20220804",
    "GeneralPolarity": "0",
    "Aspects": [
      {
        "Aspect": "기능",
        "SentimentText": "청소기 성능이 생각보다 너무 좋아서 정말 놀랬어요!!",
        "SentimentWord": "7",
        "SentimentPolarity": "1"
      },
      {
        "Aspect": "품질",
        "SentimentText": "사은품으로 받은 물걸레는 품질이 진짜 안좋아요.",
        "SentimentWord": "6",
        "SentimentPolarity": "-1"
      }
    ]
  },
  {
    "Index": "23391",
    "RawText": "사람보다 더 깨끗이 청소하는 정말 스마트한 청소기네요^^ 물걸레도 바닥이 뽀송뽀송하게 잘닦여서 좋구요. 가격 비싸는게 흠이지만 청소하는데 많은 시간을 투자하시는 분들껜 OOO 추천하는 제품입니다!",
    "Source": "쇼핑몰",
    "Domain": "가전",
    "MainCategory": "생활/미용/욕실가전",
    "ProductName": "로보락 S7 Plus",
    "ReviewScore": "5",
    "Syllable": "109",
    "Word": "23",
    "RDate": "20220613",
    "GeneralPolarity": "1",
    "Aspects": [
      {
        "Aspect": "기능",
        "SentimentText": "사람보다 더 깨끗이 청소하는 정말 스마트한 청소기네요^^",
        "SentimentWord": "7",
        "SentimentPolarity": "1"
      },
      {
        "Aspect": "기능",
        "SentimentText": "물걸레도 바닥이 뽀송뽀송하게 잘닦여서 좋구요",
        "SentimentWord": "5",
        "SentimentPolarity": "1"
      },
      {
        "Aspect": "가격",
        "SentimentText": "가격 비싸는게 흠이지만",
        "SentimentWord": "3",
        "SentimentPolarity": "-1"
      },
      {
        "Aspect": "제조일/제조사",
        "SentimentText": "청소하는데 많은 시간을 투자하시는 분들껜 OOO 추천하는 제품입니다!",
        "SentimentWord": "8",
        "SentimentPolarity": "1"
      }
    ]
  },
  {
    "Index": "23393",
    "RawText": "맵핑 기능이 떨어져서 지도완성이 안되네요ㅜㅜ 설명서가 너무 어렵게 되어 있어서 설치하는데 오랜시간이 걸렸어요.",
    "Source": "쇼핑몰",
    "Domain": "가전",
    "MainCategory": "생활/미용/욕실가전",
    "ProductName": "로보락 S7 Plus",
    "ReviewScore": "5",
    "Syllable": "61",
    "Word": "13",
    "RDate": "20220530",
    "GeneralPolarity": "-1",
    "Aspects": [
      {
        "Aspect": "기능",
        "SentimentText": "맵핑 기능이 떨어져서 지도완성이 안되네요ㅜㅜ",
        "SentimentWord": "5",
        "SentimentPolarity": "-1"
      },
      {
        "Aspect": "조작성",
        "SentimentText": "설명서가 너무 어렵게 되어 있어서 설치하는데 오랜시간이 걸렸어요.",
        "SentimentWord": "8",
        "SentimentPolarity": "-1"
      }
    ]
  },
  {
    "Index": "23394",
    "RawText": "맵핑기능이 너무 신기해서 돌려봤는데 우와~ 진짜 잘되네요^^ 색상이 화이트 한가지 색상뿐이라 아쉬워요.",
    "Source": "쇼핑몰",
    "Domain": "가전",
    "MainCategory": "생활/미용/욕실가전",
    "ProductName": "로보락 S7 Plus",
    "ReviewScore": "5",
    "Syllable": "57",
    "Word": "12",
    "RDate": "20220827",
    "GeneralPolarity": "0",
    "Aspects": [
      {
        "Aspect": "기능",
        "SentimentText": "맵핑기능이 너무 신기해서 돌려봤는데 우와~ 진짜 잘되네요^^",
        "SentimentWord": "7",
        "SentimentPolarity": "1"
      },
      {
        "Aspect": "색상",
        "SentimentText": "색상이 화이트 한가지 색상뿐이라 아쉬워요",
        "SentimentWord": "5",
        "SentimentPolarity": "-1"
      }
    ]
  },
  {
    "Index": "23396",
    "RawText": "로봇청소기가 청소를 열심히 하네요^^ 먼지통도 깔끔히 비워주고요ㅋㅋ 물걸레도 참 잘닦이고 좋아요. 그런데 무게가 너무 무거워서 거실에서만 사용해야 할꺼 같아요",
    "Source": "쇼핑몰",
    "Domain": "가전",
    "MainCategory": "생활/미용/욕실가전",
    "ProductName": "로보락 S7 Plus",
    "ReviewScore": "5",
    "Syllable": "88",
    "Word": "19",
    "RDate": "20220806",
    "GeneralPolarity": "0",
    "Aspects": [
      {
        "Aspect": "기능",
        "SentimentText": "먼지통도 깔끔히 비워주고요ㅋㅋ 물걸레도 참 잘닦이고 좋아요",
        "SentimentWord": "7",
        "SentimentPolarity": "1"
      },
      {
        "Aspect": "무게",
        "SentimentText": "무게가 너무 무거워서 거실에서만 사용해야 할꺼 같아요",
        "SentimentWord": "7",
        "SentimentPolarity": "-1"
      }
    ]
  },
  {
    "Index": "23397",
    "RawText": "지금 배터리 충전하는 중인데 꽤 오래걸리네요ㅜㅜ 그리고 생각한것보다 청소가 깨끗해져서 너무 좋아요^^",
    "Source": "쇼핑몰",
    "Domain": "가전",
    "MainCategory": "생활/미용/욕실가전",
    "ProductName": "로보락 S7 Plus",
    "ReviewScore": "5",
    "Syllable": "56",
    "Word": "12",
    "RDate": "20220824",
    "GeneralPolarity": "0",
    "Aspects": [
      {
        "Aspect": "배터리",
        "SentimentText": "지금 배터리 충전하는 중인데 꽤 오래걸리네요ㅜㅜ",
        "SentimentWord": "6",
        "SentimentPolarity": "-1"
      },
      {
        "Aspect": "기능",
        "SentimentText": "생각한것보다 청소가 깨끗해져서 너무 좋아요^^",
        "SentimentWord": "5",
        "SentimentPolarity": "1"
      }
    ]
  },
  {
    "Index": "23398",
    "RawText": "맵 읽히는데 시간이 엄청 걸리네요ㅠㅠ 그런데 한번 메모리되면 방지턱도 잘 피하고 구역마다 청소가 잘되서 좋아요.",
    "Source": "쇼핑몰",
    "Domain": "가전",
    "MainCategory": "생활/미용/욕실가전",
    "ProductName": "로보락 S7 Plus",
    "ReviewScore": "5",
    "Syllable": "62",
    "Word": "15",
    "RDate": "20220527",
    "GeneralPolarity": "0",
    "Aspects": [
      {
        "Aspect": "시간/속도",
        "SentimentText": "맵 읽히는데 시간이 엄청 걸리네요ㅠㅠ ",
        "SentimentWord": "5",
        "SentimentPolarity": "-1"
      },
      {
        "Aspect": "기능",
        "SentimentText": "한번 메모리되면 방지턱도 잘 피하고 구역마다 청소가 잘되서 좋아요.",
        "SentimentWord": "9",
        "SentimentPolarity": "1"
      }
    ]
  },
  {
    "Index": "23399",
    "RawText": "본가에 가지고 가려고 했는데 무게가 장난아니게 무겁네요ㅠㅠ 결국 못가져 갔어요. 그리고 새제품인데도 불구하고 청소기서 이상한 탄내같은 냄새가 나네요ㅠㅠ",
    "Source": "쇼핑몰",
    "Domain": "가전",
    "MainCategory": "생활/미용/욕실가전",
    "ProductName": "로보락 S7 Plus",
    "ReviewScore": "5",
    "Syllable": "84",
    "Word": "18",
    "RDate": "20220607",
    "GeneralPolarity": "-1",
    "Aspects": [
      {
        "Aspect": "무게",
        "SentimentText": "본가에 가지고 가려고 했는데 무게가 장난아니게 무겁네요ㅠㅠ",
        "SentimentWord": "7",
        "SentimentPolarity": "-1"
      },
      {
        "Aspect": "내구성",
        "SentimentText": "새제품인데도 불구하고 청소기서 이상한 탄내같은 냄새가 나네요ㅠㅠ",
        "SentimentWord": "7",
        "SentimentPolarity": "-1"
      }
    ]
  },
  {
    "Index": "23400",
    "RawText": "지도를 잘 작성해주니까 장애물도 알아서 피하고 엄청 편리한 청소기네요^^ 근데 소리가 워낙 커서 집에서 게속 사용을 못할정도에요ㅠㅠ",
    "Source": "쇼핑몰",
    "Domain": "가전",
    "MainCategory": "생활/미용/욕실가전",
    "ProductName": "로보락 S7 Plus",
    "ReviewScore": "5",
    "Syllable": "73",
    "Word": "17",
    "RDate": "20220528",
    "GeneralPolarity": "0",
    "Aspects": [
      {
        "Aspect": "기능",
        "SentimentText": "지도를 잘 작성해주니까 장애물도 알아서 피하고 엄청 편리한 청소기네요^^",
        "SentimentWord": "9",
        "SentimentPolarity": "1"
      },
      {
        "Aspect": "소음",
        "SentimentText": "소리가 워낙 커서 집에서 게속 사용을 못할정도에요ㅠㅠ",
        "SentimentWord": "7",
        "SentimentPolarity": "-1"
      }
    ]
  },
  {
    "Index": "23401",
    "RawText": "너무 비싸서 고민을 많이하고 산 제품인데요. 조금만 더 저렴했으면 어땠을가 아쉬움이 있네요. 근데 청소 기능은 구석구석 청소하고 물걸레로 닦아줘서 마음엔 들어요.",
    "Source": "쇼핑몰",
    "Domain": "가전",
    "MainCategory": "생활/미용/욕실가전",
    "ProductName": "로보락 S7 Plus",
    "ReviewScore": "5",
    "Syllable": "90",
    "Word": "21",
    "RDate": "20220605",
    "GeneralPolarity": "0",
    "Aspects": [
      {
        "Aspect": "가격",
        "SentimentText": "너무 비싸서 고민을 많이하고 산 제품인데요. 조금만 더 저렴했으면 어땠을가 아쉬움이 있네요",
        "SentimentWord": "12",
        "SentimentPolarity": "-1"
      },
      {
        "Aspect": "기능",
        "SentimentText": "청소 기능은 구석구석 청소하고 물걸레로 닦아줘서 마음엔 들어요",
        "SentimentWord": "8",
        "SentimentPolarity": "1"
      }
    ]
  },
  {
    "Index": "23404",
    "RawText": "몇달을 고민하다가 샀는데 확실이 편의성이 좋아 삶의 질이 많이 달라졌어요. 그런데 소음이 심각할 정도로 너무 커서 불만이고 장애물 감지를 전혀 못해서 현관문앞에 몇번이나 떨어졌어요.",
    "Source": "쇼핑몰",
    "Domain": "가전",
    "MainCategory": "생활/미용/욕실가전",
    "ProductName": "로보락 S7 Plus",
    "ReviewScore": "5",
    "Syllable": "101",
    "Word": "24",
    "RDate": "20220825",
    "GeneralPolarity": "-1",
    "Aspects": [
      {
        "Aspect": "편의성",
        "SentimentText": "편의성이 좋아 삶의 질이 많이 달라졌어요",
        "SentimentWord": "6",
        "SentimentPolarity": "1"
      },
      {
        "Aspect": "소음",
        "SentimentText": "소음이 심각할 정도로 너무 커서 불만이고",
        "SentimentWord": "6",
        "SentimentPolarity": "-1"
      },
      {
        "Aspect": "기능",
        "SentimentText": "장애물 감지를 전혀 못해서 현관문앞에 몇번이나 떨어졌어요",
        "SentimentWord": "7",
        "SentimentPolarity": "-1"
      }
    ]
  },
  {
    "Index": "23406",
    "RawText": "상품의 퀄리티가 진짜 마음에 들고 좋네요. 먼지 흡입할때 소음이 꽤 커서 안좋네요. 턱이 있는곳도 거뜬히 넘어 청소해줘서 좋은데 흡입구에 머리카락이 자주 엉켜서 손으로 일일히 빼야하는 번거로움이 있네요ㅜㅜ",
    "Source": "쇼핑몰",
    "Domain": "가전",
    "MainCategory": "생활/미용/욕실가전",
    "ProductName": "로보락 S7 Plus",
    "ReviewScore": "5",
    "Syllable": "114",
    "Word": "27",
    "RDate": "20220611",
    "GeneralPolarity": "0",
    "Aspects": [
      {
        "Aspect": "품질",
        "SentimentText": "상품의 퀄리티가 진짜 마음에 들고 좋네요",
        "SentimentWord": "6",
        "SentimentPolarity": "1"
      },
      {
        "Aspect": "소음",
        "SentimentText": " 먼지 흡입할때 소음이 꽤 커서 안좋네요",
        "SentimentWord": "6",
        "SentimentPolarity": "-1"
      },
      {
        "Aspect": "기능",
        "SentimentText": "턱이 있는곳도 거뜬히 넘어 청소해줘서 좋은데",
        "SentimentWord": "6",
        "SentimentPolarity": "1"
      },
      {
        "Aspect": "편의성",
        "SentimentText": "흡입구에 머리카락이 자주 엉켜서 손으로 일일히 빼야하는 번거로움이 있네요ㅜㅜ",
        "SentimentWord": "9",
        "SentimentPolarity": "-1"
      }
    ]
  },
  {
    "Index": "23408",
    "RawText": "색상이 깨끗한 화이트 색상이라 너무 이쁘고요 OOO청소기 가성비 끝내주고 정말 신세계가 따로없네요ㅎㅎ",
    "Source": "쇼핑몰",
    "Domain": "가전",
    "MainCategory": "생활/미용/욕실가전",
    "ProductName": "로보락 S7 Plus",
    "ReviewScore": "5",
    "Syllable": "56",
    "Word": "12",
    "RDate": "20220827",
    "GeneralPolarity": "1",
    "Aspects": [
      {
        "Aspect": "색상",
        "SentimentText": "색상이 깨끗한 화이트 색상이라 너무 이쁘고요",
        "SentimentWord": "6",
        "SentimentPolarity": "1"
      },
      {
        "Aspect": "가격",
        "SentimentText": "OOO청소기 가성비 끝내주고 정말 신세계가 따로없네요ㅎㅎ",
        "SentimentWord": "6",
        "SentimentPolarity": "1"
      }
    ]
  },
  {
    "Index": "23410",
    "RawText": "소음이 많이 심하지는 않지만 그래도 신경이 좀 쓰입니다. 자동으로 먼지통 비워주고 물걸래질로 바닦가지 깨끗해지니 엄청 좋고 편합니다.",
    "Source": "쇼핑몰",
    "Domain": "가전",
    "MainCategory": "생활/미용/욕실가전",
    "ProductName": "로보락 S7 Plus",
    "ReviewScore": "5",
    "Syllable": "74",
    "Word": "17",
    "RDate": "20220714",
    "GeneralPolarity": "0",
    "Aspects": [
      {
        "Aspect": "소음",
        "SentimentText": "소음이 많이 심하지는 않지만 그래도 신경이 좀 쓰입니다",
        "SentimentWord": "8",
        "SentimentPolarity": "0"
      },
      {
        "Aspect": "기능",
        "SentimentText": "자동으로 먼지통 비워주고 물걸래질로 바닦가지 깨끗해지니 엄청 좋고 편합니다",
        "SentimentWord": "9",
        "SentimentPolarity": "1"
      }
    ]
  },
  {
    "Index": "23411",
    "RawText": "청소 완료하는 시간이 생각보다 엄청 오래 걸려요. 맵핑기능부터 여러가지 기능들이 많아서 만족해요",
    "Source": "쇼핑몰",
    "Domain": "가전",
    "MainCategory": "생활/미용/욕실가전",
    "ProductName": "로보락 S7 Plus",
    "ReviewScore": "4",
    "Syllable": "53",
    "Word": "12",
    "RDate": "20220614",
    "GeneralPolarity": "0",
    "Aspects": [
      {
        "Aspect": "시간/속도",
        "SentimentText": "청소 완료하는 시간이 생각보다 엄청 오래 걸려요",
        "SentimentWord": "7",
        "SentimentPolarity": "-1"
      },
      {
        "Aspect": "기능",
        "SentimentText": "맵핑기능부터 여러가지 기능들이 많아서 만족해요",
        "SentimentWord": "5",
        "SentimentPolarity": "1"
      }
    ]
  },
  {
    "Index": "23412",
    "RawText": "청소 이젠 안해도 되서 너무 편해요^^ 먼지 비울때 소음이 엄청 커서 깜짝 놀라기를 한두번이 아니라 짜증이 나네요ㅠㅠ",
    "Source": "쇼핑몰",
    "Domain": "가전",
    "MainCategory": "생활/미용/욕실가전",
    "ProductName": "로보락 S7 Plus",
    "ReviewScore": "5",
    "Syllable": "65",
    "Word": "17",
    "RDate": "20220703",
    "GeneralPolarity": "0",
    "Aspects": [
      {
        "Aspect": "편의성",
        "SentimentText": "청소 이젠 안해도 되서 너무 편해요^^",
        "SentimentWord": "6",
        "SentimentPolarity": "1"
      },
      {
        "Aspect": "소음",
        "SentimentText": "먼지 비울때 소음이 엄청 커서 깜짝 놀라기를 한두번이 아니라 짜증이 나네요ㅠㅠ",
        "SentimentWord": "11",
        "SentimentPolarity": "-1"
      }
    ]
  },
  {
    "Index": "23413",
    "RawText": "청소와 물걸레질을 꼼꼼히 해줘서 너무 마음에 드는 제품이에요. 소음이 너무 커서 저녁땐 청소 못하고 낮에만 해야하는 불편함이 있어요.",
    "Source": "쇼핑몰",
    "Domain": "가전",
    "MainCategory": "생활/미용/욕실가전",
    "ProductName": "로보락 S7 Plus",
    "ReviewScore": "5",
    "Syllable": "74",
    "Word": "18",
    "RDate": "20220527",
    "GeneralPolarity": "0",
    "Aspects": [
      {
        "Aspect": "기능",
        "SentimentText": "청소와 물걸레질을 꼼꼼히 해줘서 너무 마음에 드는 제품이에요",
        "SentimentWord": "8",
        "SentimentPolarity": "1"
      },
      {
        "Aspect": "소음",
        "SentimentText": "소음이 너무 커서 저녁땐 청소 못하고 낮에만 해야하는 불편함이 있어",
        "SentimentWord": "10",
        "SentimentPolarity": "-1"
      }
    ]
  },
  {
    "Index": "23415",
    "RawText": "층간 소음 방지 매트도 잘 넘어다니면서 청소를 깨끗히 해서 완전 만족합니다. 가격이 너무 비싸서 불만이 좀 있네요.",
    "Source": "쇼핑몰",
    "Domain": "가전",
    "MainCategory": "생활/미용/욕실가전",
    "ProductName": "로보락 S7 Plus",
    "ReviewScore": "5",
    "Syllable": "64",
    "Word": "17",
    "RDate": "20220829",
    "GeneralPolarity": "0",
    "Aspects": [
      {
        "Aspect": "기능",
        "SentimentText": "층간 소음 방지 매트도 잘 넘어다니면서 청소를 깨끗히 해서 완전 만족합니다",
        "SentimentWord": "11",
        "SentimentPolarity": "1"
      },
      {
        "Aspect": "가격",
        "SentimentText": " 가격이 너무 비싸서 불만이 좀 있네요",
        "SentimentWord": "6",
        "SentimentPolarity": "-1"
      }
    ]
  },
  {
    "Index": "23416",
    "RawText": "애들이 신기했는지 관심갖더니 지금은 노관심ㅋㅋㅋ 처음 받아보고 덩치가 엄청 커서 놀랬어요. 집도 좁은데 어디에 놓아야 할지ㅠㅠ 청소하는 시간이 엄청 걸려서 마음에 안드네요.",
    "Source": "쇼핑몰",
    "Domain": "가전",
    "MainCategory": "생활/미용/욕실가전",
    "ProductName": "로보락 S7 Plus",
    "ReviewScore": "5",
    "Syllable": "96",
    "Word": "22",
    "RDate": "20220826",
    "GeneralPolarity": "-1",
    "Aspects": [
      {
        "Aspect": "사이즈",
        "SentimentText": "덩치가 엄청 커서 놀랬어요. 집도 좁은데 어디에 놓아야 할지ㅠㅠ",
        "SentimentWord": "9",
        "SentimentPolarity": "-1"
      },
      {
        "Aspect": "시간/속도",
        "SentimentText": "청소하는 시간이 엄청 걸려서 마음에 안드네요",
        "SentimentWord": "6",
        "SentimentPolarity": "-1"
      }
    ]
  },
  {
    "Index": "23417",
    "RawText": "스스로 맵핑하고 먼지 빨아들이며 청소하는게 너무 편하고 좋아요. 충전시간은 너무 오래 걸려서 불만!",
    "Source": "쇼핑몰",
    "Domain": "가전",
    "MainCategory": "생활/미용/욕실가전",
    "ProductName": "로보락 S7 Plus",
    "ReviewScore": "5",
    "Syllable": "55",
    "Word": "13",
    "RDate": "20220811",
    "GeneralPolarity": "0",
    "Aspects": [
      {
        "Aspect": "기능",
        "SentimentText": "스스로 맵핑하고 먼지 빨아들이며 청소하는게 너무 편하고 좋아요",
        "SentimentWord": "8",
        "SentimentPolarity": "1"
      },
      {
        "Aspect": "배터리",
        "SentimentText": "충전시간은 너무 오래 걸려서 불만!",
        "SentimentWord": "5",
        "SentimentPolarity": "-1"
      }
    ]
  },
  {
    "Index": "23418",
    "RawText": "지인 선물로 드렸는데 청소하기 편하다고 너무 마음에 들어하시네요! 지도 매핑기능도 신세계라고 너무 만족하셔서 저도 기분이 좋습니다.",
    "Source": "쇼핑몰",
    "Domain": "가전",
    "MainCategory": "생활/미용/욕실가전",
    "ProductName": "로보락 S7 Plus",
    "ReviewScore": "5",
    "Syllable": "73",
    "Word": "16",
    "RDate": "20220827",
    "GeneralPolarity": "1",
    "Aspects": [
      {
        "Aspect": "편의성",
        "SentimentText": "청소하기 편하다고 너무 마음에 들어하시네요!",
        "SentimentWord": "5",
        "SentimentPolarity": "1"
      },
      {
        "Aspect": "기능",
        "SentimentText": "지도 매핑기능도 신세계라고 너무 만족하셔서 저도 기분이 좋습니다.",
        "SentimentWord": "8",
        "SentimentPolarity": "1"
      }
    ]
  },
  {
    "Index": "23421",
    "RawText": "청소를 깨끗해 잘되니까 좋고 행복하네요~ 윗상위 버전이 마음에 들었는데 가격이 너무 비싸네요. OOO은 왜이렇게 비싸게 파세요? 가격좀 내려주세요ㅠㅠ",
    "Source": "쇼핑몰",
    "Domain": "가전",
    "MainCategory": "생활/미용/욕실가전",
    "ProductName": "로보락 S7 Plus",
    "ReviewScore": "5",
    "Syllable": "83",
    "Word": "18",
    "RDate": "20220823",
    "GeneralPolarity": "0",
    "Aspects": [
      {
        "Aspect": "기능",
        "SentimentText": "청소를 깨끗해 잘되니까 좋고 행복하네요~",
        "SentimentWord": "5",
        "SentimentPolarity": "1"
      },
      {
        "Aspect": "가격",
        "SentimentText": "OOO은 왜이렇게 비싸게 파세요? 가격좀 내려주세요ㅠㅠ",
        "SentimentWord": "6",
        "SentimentPolarity": "-1"
      }
    ]
  },
  {
    "Index": "23423",
    "RawText": "엄청 스마트한 청소기네요, 왠만한 장애물 다 피해다니고 어플기능도 너무 만족해서 잘사용하고 있는데 크기가 너무 커서 거실 구석자리를 다 차지해서 아쉽네요.",
    "Source": "쇼핑몰",
    "Domain": "가전",
    "MainCategory": "생활/미용/욕실가전",
    "ProductName": "로보락 S7 Plus",
    "ReviewScore": "5",
    "Syllable": "86",
    "Word": "20",
    "RDate": "20220825",
    "GeneralPolarity": "0",
    "Aspects": [
      {
        "Aspect": "기능",
        "SentimentText": "왠만한 장애물 다 피해다니고 어플기능도 너무 만족해서 잘사용하고 있는데",
        "SentimentWord": "9",
        "SentimentPolarity": "1"
      },
      {
        "Aspect": "사이즈",
        "SentimentText": "크기가 너무 커서 거실 구석자리를 다 차지해서 아쉽네요",
        "SentimentWord": "8",
        "SentimentPolarity": "-1"
      }
    ]
  },
  {
    "Index": "23424",
    "RawText": "타제품과 비교해보고 구입했는데 스마트폰으로 원격조절이 가능해서 완전 편해요. 덩치는 엄청 커서 자리공간을 많이 차지해서 별로에요",
    "Source": "쇼핑몰",
    "Domain": "가전",
    "MainCategory": "생활/미용/욕실가전",
    "ProductName": "로보락 S7 Plus",
    "ReviewScore": "5",
    "Syllable": "71",
    "Word": "15",
    "RDate": "20220818",
    "GeneralPolarity": "0",
    "Aspects": [
      {
        "Aspect": "조작성",
        "SentimentText": "스마트폰으로 원격조절이 가능해서 완전 편해요",
        "SentimentWord": "5",
        "SentimentPolarity": "1"
      },
      {
        "Aspect": "사이즈",
        "SentimentText": "덩치는 엄청 커서 자리공간을 많이 차지해서 별로에요",
        "SentimentWord": "7",
        "SentimentPolarity": "-1"
      }
    ]
  },
  {
    "Index": "23425",
    "RawText": "쫓아다니면서 청소하는거 보니 흡입력도 그닥 쎄보이지도 않고 머리카락이 그대로 있네요ㅡㅡ; 색상도 흰색이라 때타보이고 별로네요.",
    "Source": "쇼핑몰",
    "Domain": "가전",
    "MainCategory": "생활/미용/욕실가전",
    "ProductName": "로보락 S7 Plus",
    "ReviewScore": "5",
    "Syllable": "70",
    "Word": "14",
    "RDate": "20220617",
    "GeneralPolarity": "-1",
    "Aspects": [
      {
        "Aspect": "기능",
        "SentimentText": "흡입력도 그닥 쎄보이지도 않고 머리카락이 그대로 있네요ㅡㅡ;",
        "SentimentWord": "7",
        "SentimentPolarity": "-1"
      },
      {
        "Aspect": "색상",
        "SentimentText": "색상도 흰색이라 때타보이고 별로네요.",
        "SentimentWord": "4",
        "SentimentPolarity": "-1"
      }
    ]
  },
  {
    "Index": "23426",
    "RawText": "물걸레 기능이 대박 좋아요! 먼지통 손수 비울필요 없어서 너무 편하구요. 다만 비싼게 아쉽지만 고장없이 오래오래 쓰고 싶네요~",
    "Source": "쇼핑몰",
    "Domain": "가전",
    "MainCategory": "생활/미용/욕실가전",
    "ProductName": "로보락 S7 Plus",
    "ReviewScore": "5",
    "Syllable": "70",
    "Word": "17",
    "RDate": "20220826",
    "GeneralPolarity": "0",
    "Aspects": [
      {
        "Aspect": "기능",
        "SentimentText": "물걸레 기능이 대박 좋아요!",
        "SentimentWord": "4",
        "SentimentPolarity": "1"
      },
      {
        "Aspect": "편의성",
        "SentimentText": "먼지통 손수 비울필요 없어서 너무 편하구요",
        "SentimentWord": "6",
        "SentimentPolarity": "1"
      },
      {
        "Aspect": "가격",
        "SentimentText": "다만 비싼게 아쉽지만",
        "SentimentWord": "3",
        "SentimentPolarity": "-1"
      }
    ]
  },
  {
    "Index": "23428",
    "RawText": "설치가 너무 어려워요 생각만큼 잘 안되네요; 힘들게 설치후 사용해보니 OOO 넘 깨끗히 청소해줘서 엄청 만족하고 있어요^^",
    "Source": "쇼핑몰",
    "Domain": "가전",
    "MainCategory": "생활/미용/욕실가전",
    "ProductName": "로보락 S7 Plus",
    "ReviewScore": "5",
    "Syllable": "68",
    "Word": "16",
    "RDate": "20220823",
    "GeneralPolarity": "0",
    "Aspects": [
      {
        "Aspect": "조작성",
        "SentimentText": "설치가 너무 어려워요 생각만큼 잘 안되네요;",
        "SentimentWord": "6",
        "SentimentPolarity": "-1"
      },
      {
        "Aspect": "기능",
        "SentimentText": "OOO 넘 깨끗히 청소해줘서 엄청 만족하고 있어요^^",
        "SentimentWord": "7",
        "SentimentPolarity": "1"
      }
    ]
  },
  {
    "Index": "23430",
    "RawText": "청소기가 진짜 스마트하네요. 가격이 너무 비싼거 큰 단점이네요. 그래도 품질 만큼은 퀄리티가 좋아요.",
    "Source": "쇼핑몰",
    "Domain": "가전",
    "MainCategory": "생활/미용/욕실가전",
    "ProductName": "로보락 S7 Plus",
    "ReviewScore": "5",
    "Syllable": "56",
    "Word": "13",
    "RDate": "20220701",
    "GeneralPolarity": "0",
    "Aspects": [
      {
        "Aspect": "가격",
        "SentimentText": "가격이 너무 비싼거 큰 단점이네요",
        "SentimentWord": "5",
        "SentimentPolarity": "-1"
      },
      {
        "Aspect": "품질",
        "SentimentText": "품질 만큼은 퀄리티가 좋아요",
        "SentimentWord": "4",
        "SentimentPolarity": "1"
      }
    ]
  },
  {
    "Index": "23431",
    "RawText": "식기세척기나 건조기는 비교할 수 없을 만큼도 혁명이네요. 청소기가 똑똑해서 높은턱도 잘 올라가서 청소를 해요^^ 그런데 고장인지 자주 멈출때가 많아서 좀 짜증이 나네요.",
    "Source": "쇼핑몰",
    "Domain": "가전",
    "MainCategory": "생활/미용/욕실가전",
    "ProductName": "로보락 S7 Plus",
    "ReviewScore": "5",
    "Syllable": "94",
    "Word": "22",
    "RDate": "20220824",
    "GeneralPolarity": "0",
    "Aspects": [
      {
        "Aspect": "기능",
        "SentimentText": "청소기가 똑똑해서 높은턱도 잘 올라가서 청소를 해요^^",
        "SentimentWord": "7",
        "SentimentPolarity": "1"
      },
      {
        "Aspect": "품질",
        "SentimentText": "고장인지 자주 멈출때가 많아서 좀 짜증이 나네요",
        "SentimentWord": "7",
        "SentimentPolarity": "-1"
      }
    ]
  },
  {
    "Index": "23432",
    "RawText": "외출할때 타이머 설정하니까 알아서 청소다해주네요^^ 물걸레로 닦으니 바닥이 엄청 깨끗해졌네요. 그런데 소음이 너무 커서 아쉽네요.",
    "Source": "쇼핑몰",
    "Domain": "가전",
    "MainCategory": "생활/미용/욕실가전",
    "ProductName": "로보락 S7 Plus",
    "ReviewScore": "5",
    "Syllable": "72",
    "Word": "15",
    "RDate": "20220821",
    "GeneralPolarity": "0",
    "Aspects": [
      {
        "Aspect": "기능",
        "SentimentText": "외출할때 타이머 설정하니까 알아서 청소다해주네요^^",
        "SentimentWord": "5",
        "SentimentPolarity": "1"
      },
      {
        "Aspect": "기능",
        "SentimentText": "물걸레로 닦으니 바닥이 엄청 깨끗해졌네요",
        "SentimentWord": "5",
        "SentimentPolarity": "1"
      },
      {
        "Aspect": "소음",
        "SentimentText": "소음이 너무 커서 아쉽네요",
        "SentimentWord": "4",
        "SentimentPolarity": "-1"
      }
    ]
  },
  {
    "Index": "23433",
    "RawText": "걸레빠는 기능이 없어서 너무 아쉬워요. 집안 뿐만 아니라 밖에서도 청소할 수 있어서 좋아요.",
    "Source": "쇼핑몰",
    "Domain": "가전",
    "MainCategory": "생활/미용/욕실가전",
    "ProductName": "로보락 S7 Plus",
    "ReviewScore": "4",
    "Syllable": "51",
    "Word": "13",
    "RDate": "20220613",
    "GeneralPolarity": "0",
    "Aspects": [
      {
        "Aspect": "기능",
        "SentimentText": "걸레빠는 기능이 없어서 너무 아쉬워요",
        "SentimentWord": "5",
        "SentimentPolarity": "-1"
      },
      {
        "Aspect": "편의성",
        "SentimentText": "집안 뿐만 아니라 밖에서도 청소할 수 있어서 좋아",
        "SentimentWord": "8",
        "SentimentPolarity": "1"
      }
    ]
  },
  {
    "Index": "23435",
    "RawText": "직장다니는 사람들한데 필수 아이템이네요. 할인쿠폰 적용해서 저렴하게 구입했습니다. 색상이 흰색이라 때가 많이 타서 안좋네요.",
    "Source": "쇼핑몰",
    "Domain": "가전",
    "MainCategory": "생활/미용/욕실가전",
    "ProductName": "로보락 S7 Plus",
    "ReviewScore": "5",
    "Syllable": "69",
    "Word": "14",
    "RDate": "20220827",
    "GeneralPolarity": "0",
    "Aspects": [
      {
        "Aspect": "가격",
        "SentimentText": "할인쿠폰 적용해서 저렴하게 구입했습니다",
        "SentimentWord": "4",
        "SentimentPolarity": "1"
      },
      {
        "Aspect": "색상",
        "SentimentText": "색상이 흰색이라 때가 많이 타서 안좋네요",
        "SentimentWord": "6",
        "SentimentPolarity": "-1"
      }
    ]
  },
  {
    "Index": "23436",
    "RawText": "이제야 구입했네요. 로봇청소기가 엄청 느려서 쳐다보면 답답해 짜증나네요. 외출시에 타이머 켜두고 청소를 할수있는건 좋네요",
    "Source": "쇼핑몰",
    "Domain": "가전",
    "MainCategory": "생활/미용/욕실가전",
    "ProductName": "로보락 S7 Plus",
    "ReviewScore": "5",
    "Syllable": "67",
    "Word": "14",
    "RDate": "20220826",
    "GeneralPolarity": "0",
    "Aspects": [
      {
        "Aspect": "시간/속도",
        "SentimentText": "로봇청소기가 엄청 느려서 쳐다보면 답답해 짜증나네요",
        "SentimentWord": "6",
        "SentimentPolarity": "-1"
      },
      {
        "Aspect": "기능",
        "SentimentText": "외출시에 타이머 켜두고 청소를 할수있는건 좋네요",
        "SentimentWord": "6",
        "SentimentPolarity": "1"
      }
    ]
  },
  {
    "Index": "23437",
    "RawText": "빅세일때 저렴한 가격으로 구입했어요. 걸레청소도 걸레빨기도 잘되서 아주 만족하게 잘 사용하고 있어요^^",
    "Source": "쇼핑몰",
    "Domain": "가전",
    "MainCategory": "생활/미용/욕실가전",
    "ProductName": "로보락 S7 Plus",
    "ReviewScore": "5",
    "Syllable": "57",
    "Word": "12",
    "RDate": "20220830",
    "GeneralPolarity": "1",
    "Aspects": [
      {
        "Aspect": "가격",
        "SentimentText": "빅세일때 저렴한 가격으로 구입했어요",
        "SentimentWord": "4",
        "SentimentPolarity": "1"
      },
      {
        "Aspect": "기능",
        "SentimentText": "걸레청소도 걸레빨기도 잘되서 아주 만족하게 잘 사용하고 있어요^^",
        "SentimentWord": "8",
        "SentimentPolarity": "1"
      }
    ]
  },
  {
    "Index": "23438",
    "RawText": "이사하고 로봇청소기로 바꿨는데 무척 영리해서 장해물을 이리저리 피해다니면서 청소하네요^^ 색상이 깔끔한 화이트이라서 더욱 마음에 들어요.",
    "Source": "쇼핑몰",
    "Domain": "가전",
    "MainCategory": "생활/미용/욕실가전",
    "ProductName": "로보락 S7 Plus",
    "ReviewScore": "5",
    "Syllable": "76",
    "Word": "15",
    "RDate": "20220827",
    "GeneralPolarity": "1",
    "Aspects": [
      {
        "Aspect": "기능",
        "SentimentText": "무척 영리해서 장해물을 이리저리 피해다니면서 청소하네요^^",
        "SentimentWord": "6",
        "SentimentPolarity": "1"
      },
      {
        "Aspect": "색상",
        "SentimentText": "색상이 깔끔한 화이트이라서 더욱 마음에 들어요",
        "SentimentWord": "6",
        "SentimentPolarity": "1"
      }
    ]
  },
  {
    "Index": "23439",
    "RawText": "처음 로봇청소기 사보는데 흠집도 있고 마감상태가 안좋네요. 또 청소할때 너무 느려서 속 터지는줄 알았어요.",
    "Source": "쇼핑몰",
    "Domain": "가전",
    "MainCategory": "생활/미용/욕실가전",
    "ProductName": "로보락 S7 Plus",
    "ReviewScore": "5",
    "Syllable": "59",
    "Word": "14",
    "RDate": "20220824",
    "GeneralPolarity": "-1",
    "Aspects": [
      {
        "Aspect": "품질",
        "SentimentText": "흠집도 있고 마감상태가 안좋네요",
        "SentimentWord": "4",
        "SentimentPolarity": "-1"
      },
      {
        "Aspect": "시간/속도",
        "SentimentText": "청소할때 너무 느려서 속 터지는줄 알았어요.",
        "SentimentWord": "6",
        "SentimentPolarity": "-1"
      }
    ]
  },
  {
    "Index": "23440",
    "RawText": "이제야 설치를 했네요. 설치가 엄청 어려워서 힘들었네요ㅡㅡ; 디자인은 깨끗하고 슬림한게 예쁘네요. 바쁠때 청소하는시간을 절약 할 수 있어서 너무 편하고 좋아요.",
    "Source": "쇼핑몰",
    "Domain": "가전",
    "MainCategory": "생활/미용/욕실가전",
    "ProductName": "로보락 S7 Plus",
    "ReviewScore": "5",
    "Syllable": "89",
    "Word": "20",
    "RDate": "20220823",
    "GeneralPolarity": "0",
    "Aspects": [
      {
        "Aspect": "조작성",
        "SentimentText": "설치가 엄청 어려워서 힘들었네요ㅡㅡ;",
        "SentimentWord": "4",
        "SentimentPolarity": "-1"
      },
      {
        "Aspect": "디자인",
        "SentimentText": "디자인은 깨끗하고 슬림한게 예쁘네요.",
        "SentimentWord": "4",
        "SentimentPolarity": "1"
      },
      {
        "Aspect": "편의성",
        "SentimentText": "바쁠때 청소하는시간을 절약 할 수 있어서 너무 편하고 좋아요.",
        "SentimentWord": "9",
        "SentimentPolarity": "1"
      }
    ]
  },
  {
    "Index": "23442",
    "RawText": "일단 디자인이 너무 예쁘게 잘 빠졌네요^^ 흡입력이 좋아서 청소도 곧 잘하네요. 센서가 감지를 못하는지 현관쪽으로 자꾸 떨어져서 불안하네요.",
    "Source": "쇼핑몰",
    "Domain": "가전",
    "MainCategory": "생활/미용/욕실가전",
    "ProductName": "로보락 S7 Plus",
    "ReviewScore": "5",
    "Syllable": "78",
    "Word": "18",
    "RDate": "20220825",
    "GeneralPolarity": "0",
    "Aspects": [
      {
        "Aspect": "디자인",
        "SentimentText": "일단 디자인이 너무 예쁘게 잘 빠졌네요^^",
        "SentimentWord": "6",
        "SentimentPolarity": "1"
      },
      {
        "Aspect": "기능",
        "SentimentText": "흡입력이 좋아서 청소도 곧 잘하네요",
        "SentimentWord": "5",
        "SentimentPolarity": "1"
      },
      {
        "Aspect": "기능",
        "SentimentText": "센서가 감지를 못하는지 현관쪽으로 자꾸 떨어져서 불안하네요",
        "SentimentWord": "7",
        "SentimentPolarity": "-1"
      }
    ]
  },
  {
    "Index": "23445",
    "RawText": "강아지를 키워서 털이 많이 빠지는데 털까지 깔끔히 청소해주니까 완전 마음에 드네요. 요즘 자주 돌리고 있는데 속이 시원하네요. 그런데 소음이 좀 많이나서 깜짝 놀래고 불편함이 있어요.",
    "Source": "쇼핑몰",
    "Domain": "가전",
    "MainCategory": "생활/미용/욕실가전",
    "ProductName": "로보락 S7 Plus",
    "ReviewScore": "4",
    "Syllable": "102",
    "Word": "25",
    "RDate": "20220527",
    "GeneralPolarity": "0",
    "Aspects": [
      {
        "Aspect": "기능",
        "SentimentText": "강아지를 키워서 털이 많이 빠지는데 털까지 깔끔히 청소해주니까 완전 마음에 드네요",
        "SentimentWord": "11",
        "SentimentPolarity": "1"
      },
      {
        "Aspect": "소음",
        "SentimentText": "소음이 좀 많이나서 깜짝 놀래고 불편함이 있어요",
        "SentimentWord": "7",
        "SentimentPolarity": "-1"
      }
    ]
  },
  {
    "Index": "23446",
    "RawText": "시댁에 사드렸는데 맵핑기능이 있어 청소가 아주 잘된다고 하시네요^^ 카드할인이 안되서 좀더 비싸게 주고 구입해서 속상하네요. 하지만 디자인도 예쁘고 깔끔하다고 하셔서 기분은 좋습니다.",
    "Source": "쇼핑몰",
    "Domain": "가전",
    "MainCategory": "생활/미용/욕실가전",
    "ProductName": "로보락 S7 Plus",
    "ReviewScore": "4",
    "Syllable": "102",
    "Word": "22",
    "RDate": "20220829",
    "GeneralPolarity": "1",
    "Aspects": [
      {
        "Aspect": "기능",
        "SentimentText": "맵핑기능이 있어 청소가 아주 잘된다고 하시네요^^",
        "SentimentWord": "6",
        "SentimentPolarity": "1"
      },
      {
        "Aspect": "가격",
        "SentimentText": "카드할인이 안되서 좀더 비싸게 주고 구입해서 속상하네요",
        "SentimentWord": "7",
        "SentimentPolarity": "-1"
      },
      {
        "Aspect": "디자인",
        "SentimentText": "디자인도 예쁘고 깔끔하다고 하셔서 기분은 좋습니다",
        "SentimentWord": "6",
        "SentimentPolarity": "1"
      }
    ]
  },
  {
    "Index": "23447",
    "RawText": "집에 다양한 매트들이 사방팔방 깔려 있는데도 걸림없이 깨끗히 청소가 잘 되서 좋아요. 흰색이라서 깔끔해서 마음에 들고.. 모든게 다 좋아요",
    "Source": "쇼핑몰",
    "Domain": "가전",
    "MainCategory": "생활/미용/욕실가전",
    "ProductName": "로보락 S7 Plus",
    "ReviewScore": "5",
    "Syllable": "77",
    "Word": "19",
    "RDate": "20220825",
    "GeneralPolarity": "1",
    "Aspects": [
      {
        "Aspect": "기능",
        "SentimentText": "매트들이 사방팔방 깔려 있는데도 걸림없이 깨끗히 청소가 잘 되서 좋아요",
        "SentimentWord": "10",
        "SentimentPolarity": "1"
      },
      {
        "Aspect": "색상",
        "SentimentText": "흰색이라서 깔끔해서 마음에 들고",
        "SentimentWord": "4",
        "SentimentPolarity": "1"
      }
    ]
  },
  {
    "Index": "23448",
    "RawText": "예전에 쓰던 ○○○은 중국제라 고장이 엄청 잘나고 수리도 안되는데 이 ○○○은 지금까지 고장도 없고 품질이 진짜 짱이네요. 이 제품 쓰면 청소시간이 엄청  짧아져서 좋아요^^ 물걸레 청소도하면 바닥이 깔끔해져서 발바닥 느낌이 좋아요.",
    "Source": "쇼핑몰",
    "Domain": "가전",
    "MainCategory": "생활/미용/욕실가전",
    "ProductName": "로보락 S7 Plus",
    "ReviewScore": "5",
    "Syllable": "130",
    "Word": "31",
    "RDate": "20220527",
    "GeneralPolarity": "1",
    "Aspects": [
      {
        "Aspect": "품질",
        "SentimentText": "이 ○○○은 지금까지 고장도 없고 품질이 진짜 짱이네요",
        "SentimentWord": "8",
        "SentimentPolarity": "1"
      },
      {
        "Aspect": "시간/속도",
        "SentimentText": "청소시간이 엄청  짧아져서 좋아요^^",
        "SentimentWord": "4",
        "SentimentPolarity": "1"
      },
      {
        "Aspect": "기능",
        "SentimentText": "물걸레 청소도하면 바닥이 깔끔해져서 발바닥 느낌이 좋아요",
        "SentimentWord": "7",
        "SentimentPolarity": "1"
      }
    ]
  },
  {
    "Index": "23451",
    "RawText": "소음이 없어 조용하니 괜찮네요. 아주 깔끔히 청소되고 진짜 추천하는 제품이에요!",
    "Source": "쇼핑몰",
    "Domain": "가전",
    "MainCategory": "생활/미용/욕실가전",
    "ProductName": "로보락 S7 Plus",
    "ReviewScore": "5",
    "Syllable": "44",
    "Word": "10",
    "RDate": "20220717",
    "GeneralPolarity": "1",
    "Aspects": [
      {
        "Aspect": "소음",
        "SentimentText": "소음이 없어 조용하니 괜찮네요",
        "SentimentWord": "4",
        "SentimentPolarity": "1"
      },
      {
        "Aspect": "기능",
        "SentimentText": "아주 깔끔히 청소되고 진짜 추천하는 제품이에요!",
        "SentimentWord": "6",
        "SentimentPolarity": "1"
      }
    ]
  },
  {
    "Index": "23453",
    "RawText": "제품의 퀄리티는 진짜 좋은데 가격이 너무 비싸서 부담이 많이 됐어요 ㅠㅠ 흡입력도 완전 좋고 모든게 다 마음에 들어요.",
    "Source": "쇼핑몰",
    "Domain": "가전",
    "MainCategory": "생활/미용/욕실가전",
    "ProductName": "로보락 S7 Plus",
    "ReviewScore": "5",
    "Syllable": "66",
    "Word": "18",
    "RDate": "20220822",
    "GeneralPolarity": "0",
    "Aspects": [
      {
        "Aspect": "품질",
        "SentimentText": "제품의 퀄리티는 진짜 좋은데",
        "SentimentWord": "4",
        "SentimentPolarity": "1"
      },
      {
        "Aspect": "가격",
        "SentimentText": "가격이 너무 비싸서 부담이 많이 됐어요 ㅠㅠ",
        "SentimentWord": "7",
        "SentimentPolarity": "-1"
      },
      {
        "Aspect": "기능",
        "SentimentText": "흡입력도 완전 좋고 모든게 다 마음에 들어요",
        "SentimentWord": "7",
        "SentimentPolarity": "1"
      }
    ]
  },
  {
    "Index": "23454",
    "RawText": "친구가 추천해서 샀는데 정말 신세계가 따로없어요! 청소기가 매트 위로 올라가서 청소를하네요ㅋ 완전 좋아요. 물걸레질 안해도 되고 진짜 편해요.",
    "Source": "쇼핑몰",
    "Domain": "가전",
    "MainCategory": "생활/미용/욕실가전",
    "ProductName": "로보락 S7 Plus",
    "ReviewScore": "5",
    "Syllable": "79",
    "Word": "18",
    "RDate": "20220825",
    "GeneralPolarity": "1",
    "Aspects": [
      {
        "Aspect": "기능",
        "SentimentText": "청소기가 매트 위로 올라가서 청소를하네요ㅋ 완전 좋아요",
        "SentimentWord": "7",
        "SentimentPolarity": "1"
      },
      {
        "Aspect": "편의성",
        "SentimentText": " 물걸레질 안해도 되고 진짜 편해요",
        "SentimentWord": "5",
        "SentimentPolarity": "1"
      }
    ]
  },
  {
    "Index": "23456",
    "RawText": "집도 좁은데 생각한것보다 더 덩치가 엄청나게 커서 부담스럽네요. 그치만 청소가 깨끗이 되니까 만족해요",
    "Source": "쇼핑몰",
    "Domain": "가전",
    "MainCategory": "생활/미용/욕실가전",
    "ProductName": "로보락 S7 Plus",
    "ReviewScore": "5",
    "Syllable": "56",
    "Word": "13",
    "RDate": "20220823",
    "GeneralPolarity": "0",
    "Aspects": [
      {
        "Aspect": "사이즈",
        "SentimentText": "집도 좁은데 생각한것보다 더 덩치가 엄청나게 커서 부담스럽네요",
        "SentimentWord": "8",
        "SentimentPolarity": "-1"
      },
      {
        "Aspect": "기능",
        "SentimentText": "청소가 깨끗이 되니까 만족해요",
        "SentimentWord": "4",
        "SentimentPolarity": "1"
      }
    ]
  },
  {
    "Index": "23459",
    "RawText": "다들 좋다고 추천해서 구입해서 써봤는데 물걸레질하면 바닥이 뽀송해져서 너무 좋네요. 전기세도 많이 안나오고 너무 좋네요. 잘산거 같아요.",
    "Source": "쇼핑몰",
    "Domain": "가전",
    "MainCategory": "생활/미용/욕실가전",
    "ProductName": "로보락 S7 Plus",
    "ReviewScore": "5",
    "Syllable": "76",
    "Word": "17",
    "RDate": "20220613",
    "GeneralPolarity": "1",
    "Aspects": [
      {
        "Aspect": "기능",
        "SentimentText": "물걸레질하면 바닥이 뽀송해져서 너무 좋네요",
        "SentimentWord": "5",
        "SentimentPolarity": "1"
      },
      {
        "Aspect": "소비전력",
        "SentimentText": "전기세도 많이 안나오고 너무 좋네요",
        "SentimentWord": "5",
        "SentimentPolarity": "1"
      }
    ]
  },
  {
    "Index": "23462",
    "RawText": "기존 쓰던 로봇청기가 멍청해서 재기능을 못했는데 이제품은 기능도 많고 스마트해서 좋아요. 근데 색상이 영- 이렇게 촌스러운 검정색이 있다니 진짜 별로네요.",
    "Source": "쇼핑몰",
    "Domain": "가전",
    "MainCategory": "생활/미용/욕실가전",
    "ProductName": "로보락 S7 Plus",
    "ReviewScore": "5",
    "Syllable": "86",
    "Word": "20",
    "RDate": "20220609",
    "GeneralPolarity": "0",
    "Aspects": [
      {
        "Aspect": "기능",
        "SentimentText": "이제품은 기능도 많고 스마트해서 좋아요",
        "SentimentWord": "5",
        "SentimentPolarity": "1"
      },
      {
        "Aspect": "색상",
        "SentimentText": "색상이 영- 이렇게 촌스러운 검정색이 있다니 진짜 별로네요",
        "SentimentWord": "8",
        "SentimentPolarity": "-1"
      }
    ]
  },
  {
    "Index": "23463",
    "RawText": "현재 집에서 사용중인데요 가격이 너무 비싼게 단점이네요. 품질이 이만하면 괜찮은거 같고 아직까진 고장이 없이 잘쓰고 있어요.",
    "Source": "쇼핑몰",
    "Domain": "가전",
    "MainCategory": "생활/미용/욕실가전",
    "ProductName": "로보락 S7 Plus",
    "ReviewScore": "5",
    "Syllable": "69",
    "Word": "16",
    "RDate": "20220626",
    "GeneralPolarity": "0",
    "Aspects": [
      {
        "Aspect": "가격",
        "SentimentText": "가격이 너무 비싼게 단점이네요",
        "SentimentWord": "4",
        "SentimentPolarity": "-1"
      },
      {
        "Aspect": "품질",
        "SentimentText": "품질이 이만하면 괜찮은거 같고 아직까진 고장이 없이 잘쓰고 있어요",
        "SentimentWord": "9",
        "SentimentPolarity": "1"
      }
    ]
  },
  {
    "Index": "23464",
    "RawText": "물걸레를 알아서 빨아줘서 너무 편해요 대박입니다 대신 매핑 설정할때 통제구역 설정하는게 어려워서 애먹었어요 ㅠㅠ",
    "Source": "쇼핑몰",
    "Domain": "가전",
    "MainCategory": "생활/미용/욕실가전",
    "ProductName": "로보락 S7 Plus",
    "ReviewScore": "4",
    "Syllable": "62",
    "Word": "14",
    "RDate": "20220714",
    "GeneralPolarity": "0",
    "Aspects": [
      {
        "Aspect": "편의성",
        "SentimentText": "물걸레를 알아서 빨아줘서 너무 편해요 대박입니다",
        "SentimentWord": "6",
        "SentimentPolarity": "1"
      },
      {
        "Aspect": "조작성",
        "SentimentText": "대신 매핑 설정할때 통제구역 설정하는게 어려워서 애먹었어요 ㅠㅠ",
        "SentimentWord": "8",
        "SentimentPolarity": "-1"
      }
    ]
  },
  {
    "Index": "23465",
    "RawText": "처음 접하시는 분들은 답답하고 복잡하실수도 있어요 참고하세요  그래도 적응하다보면 청소하고싶은 부분을 영역별로 설정할 수 있어서 매우 좋네요~ 추천합니다^^",
    "Source": "쇼핑몰",
    "Domain": "가전",
    "MainCategory": "생활/미용/욕실가전",
    "ProductName": "로보락 S7 Plus",
    "ReviewScore": "5",
    "Syllable": "87",
    "Word": "18",
    "RDate": "20220826",
    "GeneralPolarity": "0",
    "Aspects": [
      {
        "Aspect": "조작성",
        "SentimentText": "처음 접하시는 분들은 답답하고 복잡하실수도 있어요 참고하세요 ",
        "SentimentWord": "7",
        "SentimentPolarity": "-1"
      },
      {
        "Aspect": "기능",
        "SentimentText": "그래도 적응하다보면 청소하고싶은 부분을 영역별로 설정할 수 있어서 매우 좋네요~ 추천합니다^^",
        "SentimentWord": "11",
        "SentimentPolarity": "1"
      }
    ]
  },
  {
    "Index": "23467",
    "RawText": "생각보다 문턱 인식도 잘 하고 똑똑하게 청소하네요 대박 신기해요^^ 무엇보다 물걸레 기능도 같이 있으니 뽀득뽀득하게 청소가능한게 너무 좋아요",
    "Source": "쇼핑몰",
    "Domain": "가전",
    "MainCategory": "생활/미용/욕실가전",
    "ProductName": "로보락 S7 Plus",
    "ReviewScore": "5",
    "Syllable": "78",
    "Word": "18",
    "RDate": "20220829",
    "GeneralPolarity": "1",
    "Aspects": [
      {
        "Aspect": "기능",
        "SentimentText": "생각보다 문턱 인식도 잘 하고 똑똑하게 청소하네요 대박 신기해요^^",
        "SentimentWord": "9",
        "SentimentPolarity": "1"
      },
      {
        "Aspect": "기능",
        "SentimentText": "무엇보다 물걸레 기능도 같이 있으니 뽀득뽀득하게 청소가능한게 너무 좋아요",
        "SentimentWord": "9",
        "SentimentPolarity": "1"
      }
    ]
  },
  {
    "Index": "23468",
    "RawText": "첫사용 하시는분들은 어려워서 버벅댈수 있어요 참고하세요 ㅠㅎ 그래도 구역별로 나눠서 청소가 가능한 점이 너무 신기하고 좋네요",
    "Source": "쇼핑몰",
    "Domain": "가전",
    "MainCategory": "생활/미용/욕실가전",
    "ProductName": "로보락 S7 Plus",
    "ReviewScore": "4",
    "Syllable": "69",
    "Word": "16",
    "RDate": "20220614",
    "GeneralPolarity": "0",
    "Aspects": [
      {
        "Aspect": "조작성",
        "SentimentText": "첫사용 하시는분들은 어려워서 버벅댈수 있어요 참고하세요 ㅠㅎ",
        "SentimentWord": "7",
        "SentimentPolarity": "-1"
      },
      {
        "Aspect": "기능",
        "SentimentText": "그래도 구역별로 나눠서 청소가 가능한 점이 너무 신기하고 좋네요",
        "SentimentWord": "9",
        "SentimentPolarity": "1"
      }
    ]
  },
  {
    "Index": "23469",
    "RawText": "30평기준 꼼꼼한 물걸레질까지 70분 박에 안 걸려요 엄청 빠르네요 굿굿 단 먼지함 비울때 소음이 조금 커서 아쉬워요ㅠㅠ",
    "Source": "쇼핑몰",
    "Domain": "가전",
    "MainCategory": "생활/미용/욕실가전",
    "ProductName": "로보락 S7 Plus",
    "ReviewScore": "5",
    "Syllable": "67",
    "Word": "17",
    "RDate": "20220703",
    "GeneralPolarity": "0",
    "Aspects": [
      {
        "Aspect": "시간/속도",
        "SentimentText": "30평기준 꼼꼼한 물걸레질까지 70분 박에 안 걸려요 엄청 빠르네요 굿굿",
        "SentimentWord": "10",
        "SentimentPolarity": "1"
      },
      {
        "Aspect": "소음",
        "SentimentText": "단 먼지함 비울때 소음이 조금 커서 아쉬워요ㅠㅠ",
        "SentimentWord": "7",
        "SentimentPolarity": "-1"
      }
    ]
  },
  {
    "Index": "23470",
    "RawText": "장애물도 잘 피하는 아주 똑똑한 청소기라 만족해요 오래 사용해도 발열이 심하지도 않고 만족하면서 쓰고있네요 ^^",
    "Source": "쇼핑몰",
    "Domain": "가전",
    "MainCategory": "생활/미용/욕실가전",
    "ProductName": "로보락 S7 Plus",
    "ReviewScore": "5",
    "Syllable": "62",
    "Word": "15",
    "RDate": "20220823",
    "GeneralPolarity": "1",
    "Aspects": [
      {
        "Aspect": "기능",
        "SentimentText": "장애물도 잘 피하는 아주 똑똑한 청소기라 만족해요",
        "SentimentWord": "7",
        "SentimentPolarity": "1"
      },
      {
        "Aspect": "내구성",
        "SentimentText": "오래 사용해도 발열이 심하지도 않고 만족하면서 쓰고있네요 ^^",
        "SentimentWord": "8",
        "SentimentPolarity": "1"
      }
    ]
  },
  {
    "Index": "23471",
    "RawText": "구역설정 청소기능 처음 접해보는데 너무 신세계네요 정말 추천드려요 물걸레 청소 기능까지 되어서 깨끗한 청소가능해요 매우 만족합니다",
    "Source": "쇼핑몰",
    "Domain": "가전",
    "MainCategory": "생활/미용/욕실가전",
    "ProductName": "로보락 S7 Plus",
    "ReviewScore": "5",
    "Syllable": "72",
    "Word": "16",
    "RDate": "20220727",
    "GeneralPolarity": "1",
    "Aspects": [
      {
        "Aspect": "기능",
        "SentimentText": "구역설정 청소기능 처음 접해보는데 너무 신세계네요 정말 추천드려요",
        "SentimentWord": "8",
        "SentimentPolarity": "1"
      },
      {
        "Aspect": "기능",
        "SentimentText": "물걸레 청소 기능까지 되어서 깨끗한 청소가능해요 매우 만족합니다",
        "SentimentWord": "8",
        "SentimentPolarity": "1"
      }
    ]
  },
  {
    "Index": "23473",
    "RawText": "와 흡입력이랑 물걸레기능이 동시에 되다니 와우 신세계네요 그리고 어플로 쉽게 조절할 수 있어서 너무 유용해요",
    "Source": "쇼핑몰",
    "Domain": "가전",
    "MainCategory": "생활/미용/욕실가전",
    "ProductName": "로보락 S7 Plus",
    "ReviewScore": "5",
    "Syllable": "60",
    "Word": "15",
    "RDate": "20220824",
    "GeneralPolarity": "1",
    "Aspects": [
      {
        "Aspect": "기능",
        "SentimentText": "와 흡입력이랑 물걸레기능이 동시에 되다니 와우 신세계네요",
        "SentimentWord": "7",
        "SentimentPolarity": "1"
      },
      {
        "Aspect": "조작성",
        "SentimentText": "그리고 어플로 쉽게 조절할 수 있어서 너무 유용해요",
        "SentimentWord": "8",
        "SentimentPolarity": "1"
      }
    ]
  },
  {
    "Index": "23476",
    "RawText": "매핑기능으로 손이 안닿는 소파 밑까지 청소가 되니 너무 시원하네요 색감도 고급져서 더 마음에 들어요 ^^",
    "Source": "쇼핑몰",
    "Domain": "가전",
    "MainCategory": "생활/미용/욕실가전",
    "ProductName": "로보락 S7 Plus",
    "ReviewScore": "4",
    "Syllable": "58",
    "Word": "15",
    "RDate": "20220828",
    "GeneralPolarity": "1",
    "Aspects": [
      {
        "Aspect": "기능",
        "SentimentText": "매핑기능으로 손이 안닿는 소파 밑까지 청소가 되니 너무 시원하네요",
        "SentimentWord": "9",
        "SentimentPolarity": "1"
      },
      {
        "Aspect": "색상",
        "SentimentText": "색감도 고급져서 더 마음에 들어요 ^^",
        "SentimentWord": "6",
        "SentimentPolarity": "1"
      }
    ]
  },
  {
    "Index": "23478",
    "RawText": "걸레질기능까지 있어서 완벽한 청소가 되네요 대박입니다^^ 그리고 먼지가 알아서 비워지니 너무 편해요",
    "Source": "쇼핑몰",
    "Domain": "가전",
    "MainCategory": "생활/미용/욕실가전",
    "ProductName": "로보락 S7 Plus",
    "ReviewScore": "4",
    "Syllable": "55",
    "Word": "12",
    "RDate": "20220821",
    "GeneralPolarity": "1",
    "Aspects": [
      {
        "Aspect": "기능",
        "SentimentText": "걸레질기능까지 있어서 완벽한 청소가 되네요 대박입니다^^",
        "SentimentWord": "6",
        "SentimentPolarity": "1"
      },
      {
        "Aspect": "편의성",
        "SentimentText": "그리고 먼지가 알아서 비워지니 너무 편해요",
        "SentimentWord": "6",
        "SentimentPolarity": "1"
      }
    ]
  },
  {
    "Index": "23479",
    "RawText": "소음도 별로 안커서 너무 만족스럽게 사용중입니다 흡입력이 상당해서 완벽한 청소가능해서 정말 좋아요 다만 청소기가 조금 무게가 나가서 팔이 아픈게 조금 아쉽네요ㅠ",
    "Source": "쇼핑몰",
    "Domain": "가전",
    "MainCategory": "생활/미용/욕실가전",
    "ProductName": "비스포크 삼성전자 제트 VS20A956A3 미드나잇블루",
    "ReviewScore": "5",
    "Syllable": "89",
    "Word": "21",
    "RDate": "20220820",
    "GeneralPolarity": "1",
    "Aspects": [
      {
        "Aspect": "소음",
        "SentimentText": "소음도 별로 안커서 너무 만족스럽게 사용중입니다",
        "SentimentWord": "6",
        "SentimentPolarity": "1"
      },
      {
        "Aspect": "기능",
        "SentimentText": "흡입력이 상당해서 완벽한 청소가능해서 정말 좋아요",
        "SentimentWord": "6",
        "SentimentPolarity": "1"
      },
      {
        "Aspect": "무게",
        "SentimentText": "다만 청소기가 조금 무게가 나가서 팔이 아픈게 조금 아쉽네요ㅠ",
        "SentimentWord": "9",
        "SentimentPolarity": "-1"
      }
    ]
  },
  {
    "Index": "23480",
    "RawText": "디자인이 생각보다 심플하니 예뻐서 만족해요 그리고 성능은 역시나 좋습니다 흡입, 물걸레 모두 다 만점입니다^^",
    "Source": "쇼핑몰",
    "Domain": "가전",
    "MainCategory": "생활/미용/욕실가전",
    "ProductName": "비스포크 삼성전자 제트 VS20A956A3 미드나잇블루",
    "ReviewScore": "5",
    "Syllable": "61",
    "Word": "14",
    "RDate": "20220714",
    "GeneralPolarity": "1",
    "Aspects": [
      {
        "Aspect": "디자인",
        "SentimentText": "디자인이 생각보다 심플하니 예뻐서 만족해요",
        "SentimentWord": "5",
        "SentimentPolarity": "1"
      },
      {
        "Aspect": "기능",
        "SentimentText": "그리고 성능은 역시나 좋습니다 흡입, 물걸레 모두 다 만점입니다^^",
        "SentimentWord": "9",
        "SentimentPolarity": "1"
      }
    ]
  },
  {
    "Index": "23481",
    "RawText": "색상이 심플하니 아주 맘에 드네요 그리고 에어펄스 기술로 먼지 날림을 획기적으로 잡아주어서 대만족합니다 청정필터 시스템으로 미세 먼지를 완벽하게 차단해주어 일석이조네요 강추합니다",
    "Source": "쇼핑몰",
    "Domain": "가전",
    "MainCategory": "생활/미용/욕실가전",
    "ProductName": "비스포크 삼성전자 제트 VS20A956A3 미드나잇블루",
    "ReviewScore": "5",
    "Syllable": "99",
    "Word": "21",
    "RDate": "20220822",
    "GeneralPolarity": "1",
    "Aspects": [
      {
        "Aspect": "색상",
        "SentimentText": "색상이 심플하니 아주 맘에 드네요",
        "SentimentWord": "5",
        "SentimentPolarity": "1"
      },
      {
        "Aspect": "기능",
        "SentimentText": "그리고 에어펄스 기술로 먼지 날림을 획기적으로 잡아주어서 대만족합니다",
        "SentimentWord": "8",
        "SentimentPolarity": "1"
      },
      {
        "Aspect": "기능",
        "SentimentText": "청정필터 시스템으로 미세 먼지를 완벽하게 차단해주어 일석이조네요 강추합니다",
        "SentimentWord": "8",
        "SentimentPolarity": "1"
      }
    ]
  },
  {
    "Index": "23484",
    "RawText": "설명서만 보고 해도 충분히 매핑설정가능해요 굿굿 이번 행사기간에 저렴하게 구매하게 되어 만족합니다",
    "Source": "쇼핑몰",
    "Domain": "가전",
    "MainCategory": "생활/미용/욕실가전",
    "ProductName": "비스포크 삼성전자 제트 VS20A956A3 미드나잇블루",
    "ReviewScore": "4",
    "Syllable": "54",
    "Word": "12",
    "RDate": "20220127",
    "GeneralPolarity": "1",
    "Aspects": [
      {
        "Aspect": "조작성",
        "SentimentText": "설명서만 보고 해도 충분히 매핑설정가능해요 굿굿",
        "SentimentWord": "6",
        "SentimentPolarity": "1"
      },
      {
        "Aspect": "가격",
        "SentimentText": "이번 행사기간에 저렴하게 구매하게 되어 만족합니다",
        "SentimentWord": "6",
        "SentimentPolarity": "1"
      }
    ]
  },
  {
    "Index": "23485",
    "RawText": "헤드가 가벼워서 너무 만족해요~ 손목에 무리안가니 좋아요^^ 그리고 배터리 남은시간을 볼 수 있어서 너무 편하니 좋네요 먼지 잘빨리는건 말해뭐해 흡입력 최강입니다^^",
    "Source": "쇼핑몰",
    "Domain": "가전",
    "MainCategory": "생활/미용/욕실가전",
    "ProductName": "비스포크 삼성전자 제트 VS20A956A3 미드나잇블루",
    "ReviewScore": "4",
    "Syllable": "92",
    "Word": "21",
    "RDate": "20220804",
    "GeneralPolarity": "1",
    "Aspects": [
      {
        "Aspect": "무게",
        "SentimentText": "헤드가 가벼워서 너무 만족해요~ 손목에 무리안가니 좋아요^^",
        "SentimentWord": "7",
        "SentimentPolarity": "1"
      },
      {
        "Aspect": "편의성",
        "SentimentText": "그리고 배터리 남은시간을 볼 수 있어서 너무 편하니 좋네요",
        "SentimentWord": "9",
        "SentimentPolarity": "1"
      },
      {
        "Aspect": "기능",
        "SentimentText": "먼지 잘빨리는건 말해뭐해 흡입력 최강입니다^^",
        "SentimentWord": "5",
        "SentimentPolarity": "1"
      }
    ]
  },
  {
    "Index": "23486",
    "RawText": "가격이 정말 세상 착하네요 가성비 대만족입니다 색감이 생각보다 밝아서 더 맘에 들어요",
    "Source": "쇼핑몰",
    "Domain": "가전",
    "MainCategory": "생활/미용/욕실가전",
    "ProductName": "비스포크 삼성전자 제트 VS20A956A3 미드나잇블루",
    "ReviewScore": "4",
    "Syllable": "47",
    "Word": "12",
    "RDate": "20220218",
    "GeneralPolarity": "1",
    "Aspects": [
      {
        "Aspect": "가격",
        "SentimentText": "가격이 정말 세상 착하네요 가성비 대만족입니다",
        "SentimentWord": "6",
        "SentimentPolarity": "1"
      },
      {
        "Aspect": "색상",
        "SentimentText": "색감이 생각보다 밝아서 더 맘에 들어요",
        "SentimentWord": "6",
        "SentimentPolarity": "1"
      }
    ]
  },
  {
    "Index": "23487",
    "RawText": "할인행사로 좋은 가격으로 구매해서 너무 만족해요 제품도 생각보다 디자인 예뻐서 더 맘에 들어요",
    "Source": "쇼핑몰",
    "Domain": "가전",
    "MainCategory": "생활/미용/욕실가전",
    "ProductName": "비스포크 삼성전자 제트 VS20A956A3 미드나잇블루",
    "ReviewScore": "5",
    "Syllable": "52",
    "Word": "13",
    "RDate": "20220126",
    "GeneralPolarity": "1",
    "Aspects": [
      {
        "Aspect": "가격",
        "SentimentText": "할인행사로 좋은 가격으로 구매해서 너무 만족해요",
        "SentimentWord": "6",
        "SentimentPolarity": "1"
      },
      {
        "Aspect": "디자인",
        "SentimentText": "제품도 생각보다 디자인 예뻐서 더 맘에 들어요",
        "SentimentWord": "7",
        "SentimentPolarity": "1"
      }
    ]
  },
  {
    "Index": "23488",
    "RawText": "가격도 이벤트덕분에 저렴하게 사서 좋아요 그런데 색상이 생각보다 칙칙해서 별루네요 ㅠ",
    "Source": "쇼핑몰",
    "Domain": "가전",
    "MainCategory": "생활/미용/욕실가전",
    "ProductName": "비스포크 삼성전자 제트 VS20A956A3 미드나잇블루",
    "ReviewScore": "5",
    "Syllable": "47",
    "Word": "11",
    "RDate": "20220717",
    "GeneralPolarity": "0",
    "Aspects": [
      {
        "Aspect": "가격",
        "SentimentText": "가격도 이벤트덕분에 저렴하게 사서 좋아요",
        "SentimentWord": "5",
        "SentimentPolarity": "1"
      },
      {
        "Aspect": "색상",
        "SentimentText": "그런데 색상이 생각보다 칙칙해서 별루네요 ㅠ",
        "SentimentWord": "6",
        "SentimentPolarity": "-1"
      }
    ]
  },
  {
    "Index": "23489",
    "RawText": "무척 가성비 좋은 상품이네요 만족합니다 역시 OOO제품이라 성능 믿음직스럽습니다 굿굿",
    "Source": "쇼핑몰",
    "Domain": "가전",
    "MainCategory": "생활/미용/욕실가전",
    "ProductName": "비스포크 삼성전자 제트 VS20A956A3 미드나잇블루",
    "ReviewScore": "5",
    "Syllable": "47",
    "Word": "10",
    "RDate": "20220209",
    "GeneralPolarity": "1",
    "Aspects": [
      {
        "Aspect": "가격",
        "SentimentText": "무척 가성비 좋은 상품이네요 만족합니다",
        "SentimentWord": "5",
        "SentimentPolarity": "1"
      },
      {
        "Aspect": "제조일/제조사",
        "SentimentText": "역시 OOO제품이라 성능 믿음직스럽습니다 굿굿",
        "SentimentWord": "5",
        "SentimentPolarity": "1"
      }
    ]
  },
  {
    "Index": "23490",
    "RawText": "강력한 흡입력으로 먼지청소 대만족입니다!! 극강의 조용함으로 소음문제가 전혀 없어요 감동!! 다만 배터리는 초강력모드에서는 금방 방전되네요 ㅠㅠ 아쉬워요",
    "Source": "쇼핑몰",
    "Domain": "가전",
    "MainCategory": "생활/미용/욕실가전",
    "ProductName": "비스포크 삼성전자 제트 VS20A956A3 미드나잇블루",
    "ReviewScore": "5",
    "Syllable": "85",
    "Word": "17",
    "RDate": "20220111",
    "GeneralPolarity": "0",
    "Aspects": [
      {
        "Aspect": "기능",
        "SentimentText": "강력한 흡입력으로 먼지청소 대만족입니다!!",
        "SentimentWord": "4",
        "SentimentPolarity": "1"
      },
      {
        "Aspect": "소음",
        "SentimentText": "극강의 조용함으로 소음문제가 전혀 없어요 감동!!",
        "SentimentWord": "6",
        "SentimentPolarity": "1"
      },
      {
        "Aspect": "배터리",
        "SentimentText": "다만 배터리는 초강력모드에서는 금방 방전되네요 ㅠㅠ 아쉬워요",
        "SentimentWord": "7",
        "SentimentPolarity": "-1"
      }
    ]
  }
]