[
  {
    "Index": "4915",
    "RawText": "재구매 할 정도로 편리하고 주름이 잘 펴집니다. 단 바지 주름은 여러번 다려야지 펴지는 듯 해서 좀 불편해요",
    "Source": "SNS",
    "Domain": "가전",
    "MainCategory": "생활/미용/욕실가전",
    "ProductName": "K_[HAAN] 한경희생활과학 스팀다리미 HI-750",
    "ReviewScore": "100",
    "Syllable": "60",
    "Word": "17",
    "RDate": "20200120",
    "GeneralPolarity": "0",
    "Aspects": [
      {
        "Aspect": "기능",
        "SentimentText": "재구매 할 정도로 편리하고 주름이 잘 펴집니다.",
        "SentimentWord": "7",
        "SentimentPolarity": "1"
      },
      {
        "Aspect": "편의성",
        "SentimentText": "단 바지 주름은 여러번 다려야지 펴지는 듯 해서 좀 불편해요",
        "SentimentWord": "10",
        "SentimentPolarity": "-1"
      }
    ]
  },
  {
    "Index": "4916",
    "RawText": "배송 빠르고~  가격저렴하기는 하나~  오래 다닐때~  무거운감이  있어  손이 저림~~~",
    "Source": "SNS",
    "Domain": "가전",
    "MainCategory": "생활/미용/욕실가전",
    "ProductName": "K_[HAAN] 한경희생활과학 스팀다리미 파워핸디 HI-400BL",
    "ReviewScore": "100",
    "Syllable": "50",
    "Word": "10",
    "RDate": "20190512",
    "GeneralPolarity": "1",
    "Aspects": [
      {
        "Aspect": "가격",
        "SentimentText": "가격저렴하기는 하나~  ",
        "SentimentWord": "2",
        "SentimentPolarity": "1"
      },
      {
        "Aspect": "무게",
        "SentimentText": "오래 다닐때~  무거운감이  있어  손이 저림~~~",
        "SentimentWord": "6",
        "SentimentPolarity": "-1"
      }
    ]
  },
  {
    "Index": "4917",
    "RawText": "가격 만큼의 성능이라 다 잘되는건 아니네요. 조금의 구김은 간단하게 다림질 가능합니다.",
    "Source": "SNS",
    "Domain": "가전",
    "MainCategory": "생활/미용/욕실가전",
    "ProductName": "미니홈 드레스 핸디 스팀 다리미 TSG-100",
    "ReviewScore": "80",
    "Syllable": "48",
    "Word": "11",
    "RDate": "20211201",
    "GeneralPolarity": "0",
    "Aspects": [
      {
        "Aspect": "기능",
        "SentimentText": "가격 만큼의 성능이라 다 잘되는건 아니네요.",
        "SentimentWord": "6",
        "SentimentPolarity": "0"
      },
      {
        "Aspect": "편의성",
        "SentimentText": "조금의 구김은 간단하게 다림질 가능합니다.",
        "SentimentWord": "5",
        "SentimentPolarity": "1"
      }
    ]
  },
  {
    "Index": "4918",
    "RawText": "무게가 가벼워서 힘이 덜 들어 좋고 무선이라 편리하게 사용할 수 있어서 만족해요~",
    "Source": "SNS",
    "Domain": "가전",
    "MainCategory": "생활/미용/욕실가전",
    "ProductName": "미니홈 드레스 핸디 스팀 다리미 TSG-100",
    "ReviewScore": "100",
    "Syllable": "45",
    "Word": "12",
    "RDate": "20220116",
    "GeneralPolarity": "1",
    "Aspects": [
      {
        "Aspect": "무게",
        "SentimentText": "무게가 가벼워서 힘이 덜 들어 좋고",
        "SentimentWord": "6",
        "SentimentPolarity": "1"
      },
      {
        "Aspect": "편의성",
        "SentimentText": "무선이라 편리하게 사용할 수 있어서 만족해요~",
        "SentimentWord": "6",
        "SentimentPolarity": "1"
      }
    ]
  },
  {
    "Index": "4919",
    "RawText": "모질  제품 다림질 하려고 했는데 아직 익숙하지 않아서 그런지 무겁고 쓰기가 불편하네요",
    "Source": "SNS",
    "Domain": "가전",
    "MainCategory": "생활/미용/욕실가전",
    "ProductName": "미니홈 드레스 핸디 스팀 다리미 TSG-100",
    "ReviewScore": "50",
    "Syllable": "48",
    "Word": "12",
    "RDate": "20211229",
    "GeneralPolarity": "-1",
    "Aspects": [
      {
        "Aspect": "무게",
        "SentimentText": "모질  제품 다림질 하려고 했는데 아직 익숙하지 않아서 그런지 무겁고",
        "SentimentWord": "10",
        "SentimentPolarity": "-1"
      },
      {
        "Aspect": "편의성",
        "SentimentText": "쓰기가 불편하네요",
        "SentimentWord": "2",
        "SentimentPolarity": "-1"
      }
    ]
  },
  {
    "Index": "4920",
    "RawText": "오~~생각보다 너무잘되네요 상품 품질에 놀랐고 이뻐서 또 한번놀랐네요 핑크핑크해요~^^",
    "Source": "SNS",
    "Domain": "가전",
    "MainCategory": "생활/미용/욕실가전",
    "ProductName": "미니홈 드레스 핸디 스팀 다리미 TSG-100",
    "ReviewScore": "100",
    "Syllable": "48",
    "Word": "9",
    "RDate": "20220104",
    "GeneralPolarity": "1",
    "Aspects": [
      {
        "Aspect": "품질",
        "SentimentText": "오~~생각보다 너무잘되네요 상품 품질에 놀랐고",
        "SentimentWord": "5",
        "SentimentPolarity": "1"
      },
      {
        "Aspect": "색상",
        "SentimentText": "이뻐서 또 한번놀랐네요 핑크핑크해요~^^",
        "SentimentWord": "4",
        "SentimentPolarity": "1"
      }
    ]
  },
  {
    "Index": "4921",
    "RawText": "핑크색 구입... 이뻐요 스팀분사도 잘되고, 잡는 그립감도 좋구, 버튼한번 누르면 계속 분사되니 편하고 좋아요",
    "Source": "SNS",
    "Domain": "가전",
    "MainCategory": "생활/미용/욕실가전",
    "ProductName": "미니홈 드레스 핸디 스팀 다리미 TSG-100",
    "ReviewScore": "100",
    "Syllable": "61",
    "Word": "14",
    "RDate": "20211213",
    "GeneralPolarity": "1",
    "Aspects": [
      {
        "Aspect": "색상",
        "SentimentText": "핑크색 구입... 이뻐요",
        "SentimentWord": "3",
        "SentimentPolarity": "1"
      },
      {
        "Aspect": "기능",
        "SentimentText": "스팀분사도 잘되고",
        "SentimentWord": "2",
        "SentimentPolarity": "1"
      },
      {
        "Aspect": "조작성",
        "SentimentText": "잡는 그립감도 좋구, 버튼한번 누르면 계속 분사되니 편하고 좋아요",
        "SentimentWord": "9",
        "SentimentPolarity": "1"
      },
      {
        "Aspect": "편의성",
        "SentimentText": " 버튼한번 누르면 계속 분사되니 편하고 좋아요",
        "SentimentWord": "6",
        "SentimentPolarity": "1"
      }
    ]
  },
  {
    "Index": "4922",
    "RawText": "가격대비 나무 좋구요 스팀으로 되여 사용하기도 편하고 좋아요",
    "Source": "SNS",
    "Domain": "가전",
    "MainCategory": "생활/미용/욕실가전",
    "ProductName": "미켈란젤로 핸디 스팀다리미 퀵,패스트 ARO-SI1000",
    "ReviewScore": "100",
    "Syllable": "33",
    "Word": "8",
    "RDate": "20210811",
    "GeneralPolarity": "1",
    "Aspects": [
      {
        "Aspect": "가격",
        "SentimentText": "가격대비 나무 좋구요",
        "SentimentWord": "3",
        "SentimentPolarity": "1"
      },
      {
        "Aspect": "편의성",
        "SentimentText": "스팀으로 되여 사용하기도 편하고 좋아요",
        "SentimentWord": "5",
        "SentimentPolarity": "1"
      }
    ]
  },
  {
    "Index": "4923",
    "RawText": "고민고민 끝에 스팀다리미 결정 생각보다 디자인 좋고 예열 빨라서  마음에 들어요!",
    "Source": "SNS",
    "Domain": "가전",
    "MainCategory": "생활/미용/욕실가전",
    "ProductName": "미켈란젤로 핸디 스팀다리미 퀵,패스트 ARO-SI1000",
    "ReviewScore": "100",
    "Syllable": "45",
    "Word": "11",
    "RDate": "20210723",
    "GeneralPolarity": "1",
    "Aspects": [
      {
        "Aspect": "디자인",
        "SentimentText": "생각보다 디자인 좋고",
        "SentimentWord": "3",
        "SentimentPolarity": "1"
      },
      {
        "Aspect": "기능",
        "SentimentText": "예열 빨라서  마음에 들어요!",
        "SentimentWord": "4",
        "SentimentPolarity": "1"
      }
    ]
  },
  {
    "Index": "4924",
    "RawText": "생각보다 무겁네요ㅠㅠ 하지만 휴대하기 편해서 좋고 전용 케이스가 있어서 넘 좋아요 스팀 엄청 뜨거우니 ㅠ 주의 또 주의",
    "Source": "SNS",
    "Domain": "가전",
    "MainCategory": "생활/미용/욕실가전",
    "ProductName": "미켈란젤로 핸디 스팀다리미 퀵,패스트 ARO-SI1000",
    "ReviewScore": "100",
    "Syllable": "66",
    "Word": "18",
    "RDate": "20210422",
    "GeneralPolarity": "0",
    "Aspects": [
      {
        "Aspect": "무게",
        "SentimentText": "생각보다 무겁네요ㅠㅠ",
        "SentimentWord": "2",
        "SentimentPolarity": "-1"
      },
      {
        "Aspect": "편의성",
        "SentimentText": "휴대하기 편해서 좋고",
        "SentimentWord": "3",
        "SentimentPolarity": "1"
      },
      {
        "Aspect": "제품구성",
        "SentimentText": "전용 케이스가 있어서 넘 좋아요",
        "SentimentWord": "5",
        "SentimentPolarity": "1"
      }
    ]
  },
  {
    "Index": "4925",
    "RawText": "손에  잡기도 편하고 스팀도 적당히 분사되서  면티다리기  좋습니다",
    "Source": "SNS",
    "Domain": "가전",
    "MainCategory": "생활/미용/욕실가전",
    "ProductName": "미켈란젤로 핸디 스팀다리미 퀵,패스트 ARO-SI1000",
    "ReviewScore": "100",
    "Syllable": "37",
    "Word": "8",
    "RDate": "20210827",
    "GeneralPolarity": "1",
    "Aspects": [
      {
        "Aspect": "편의성",
        "SentimentText": "손에  잡기도 편하고",
        "SentimentWord": "3",
        "SentimentPolarity": "1"
      },
      {
        "Aspect": "기능",
        "SentimentText": "스팀도 적당히 분사되서  면티다리기  좋습니다",
        "SentimentWord": "5",
        "SentimentPolarity": "1"
      }
    ]
  },
  {
    "Index": "4926",
    "RawText": "스팀 잘 나와서 좋아요.물을 가득채우고 다림질하면 조금 무겁네요.사용하기 불펀하지는 않아요.",
    "Source": "SNS",
    "Domain": "가전",
    "MainCategory": "생활/미용/욕실가전",
    "ProductName": "미켈란젤로 핸디 스팀다리미 퀵,패스트 ARO-SI1000",
    "ReviewScore": "80",
    "Syllable": "51",
    "Word": "10",
    "RDate": "20210716",
    "GeneralPolarity": "0",
    "Aspects": [
      {
        "Aspect": "기능",
        "SentimentText": "스팀 잘 나와서 좋아요.",
        "SentimentWord": "4",
        "SentimentPolarity": "1"
      },
      {
        "Aspect": "무게",
        "SentimentText": "물을 가득채우고 다림질하면 조금 무겁네요.",
        "SentimentWord": "5",
        "SentimentPolarity": "-1"
      }
    ]
  },
  {
    "Index": "4927",
    "RawText": "스팀이 바로 나와 편리합니다 손잡이도 잘고정되어 좋고 면티 주름도 잘펴지네요 정말 좋아요",
    "Source": "SNS",
    "Domain": "가전",
    "MainCategory": "생활/미용/욕실가전",
    "ProductName": "미켈란젤로 핸디 스팀다리미 퀵,패스트 ARO-SI1000",
    "ReviewScore": "100",
    "Syllable": "49",
    "Word": "12",
    "RDate": "20210422",
    "GeneralPolarity": "1",
    "Aspects": [
      {
        "Aspect": "기능",
        "SentimentText": "스팀이 바로 나와 편리합니다",
        "SentimentWord": "4",
        "SentimentPolarity": "1"
      },
      {
        "Aspect": "조작성",
        "SentimentText": "손잡이도 잘고정되어 좋고",
        "SentimentWord": "3",
        "SentimentPolarity": "1"
      },
      {
        "Aspect": "기능",
        "SentimentText": "면티 주름도 잘펴지네요 정말 좋아요",
        "SentimentWord": "5",
        "SentimentPolarity": "1"
      }
    ]
  },
  {
    "Index": "4928",
    "RawText": "스팀이 제대로 안나와요.ㅠㅠ 소리만 나고 안나올 때가 많아 안좋네요. 좀 타는 냄새도 나는 것 같고ㅠㅠ 반품하려다가 귀찮아서 둡니다.",
    "Source": "SNS",
    "Domain": "가전",
    "MainCategory": "생활/미용/욕실가전",
    "ProductName": "미켈란젤로 핸디 스팀다리미 퀵,패스트 ARO-SI1000",
    "ReviewScore": "20",
    "Syllable": "74",
    "Word": "18",
    "RDate": "20210824",
    "GeneralPolarity": "-1",
    "Aspects": [
      {
        "Aspect": "기능",
        "SentimentText": "스팀이 제대로 안나와요.ㅠㅠ",
        "SentimentWord": "3",
        "SentimentPolarity": "-1"
      },
      {
        "Aspect": "기능",
        "SentimentText": "소리만 나고 안나올 때가 많아 안좋네요.",
        "SentimentWord": "6",
        "SentimentPolarity": "-1"
      },
      {
        "Aspect": "내구성",
        "SentimentText": "좀 타는 냄새도 나는 것 같고ㅠㅠ",
        "SentimentWord": "6",
        "SentimentPolarity": "-1"
      }
    ]
  },
  {
    "Index": "4929",
    "RawText": "제품색상은 희색이라 마음에 드네요 케이스가 잘 안닫히고.. 짜증나네요. 새상품인데 물통에 물방울있습니다.반품 요청하니다",
    "Source": "SNS",
    "Domain": "가전",
    "MainCategory": "생활/미용/욕실가전",
    "ProductName": "미켈란젤로 핸디 스팀다리미 퀵,패스트 ARO-SI1000",
    "ReviewScore": "50",
    "Syllable": "66",
    "Word": "12",
    "RDate": "20210409",
    "Aspects": [
      {
        "Aspect": "품질",
        "SentimentText": "케이스가 잘 안닫히고.. 짜증나네요.",
        "SentimentWord": "4",
        "SentimentPolarity": "-1"
      },
      {
        "Aspect": "품질",
        "SentimentText": "새상품인데 물통에 물방울있습니다.반품 요청하니다",
        "SentimentWord": "4",
        "SentimentPolarity": "-1"
      },
      {
        "Aspect": "색상",
        "SentimentText": "제품색상은 희색이라 마음에 드네요",
        "SentimentWord": "4",
        "SentimentPolarity": "1"
      }
    ]
  },
  {
    "Index": "4930",
    "RawText": "옷 소독하려고 구매했어요  그런데 다짐질은  잘 안되네요ㅠㅠ 무거워서 팔도 좀 아프네요 고장없이 작동은 잘 되서 그나마 다행이네요",
    "Source": "SNS",
    "Domain": "가전",
    "MainCategory": "생활/미용/욕실가전",
    "ProductName": "바치 핸디형 스팀 다리미 스타일러 VC-HI1350W",
    "ReviewScore": "70",
    "Syllable": "72",
    "Word": "17",
    "RDate": "20200405",
    "GeneralPolarity": "-1",
    "Aspects": [
      {
        "Aspect": "기능",
        "SentimentText": "다짐질은  잘 안되네요ㅠㅠ",
        "SentimentWord": "3",
        "SentimentPolarity": "-1"
      },
      {
        "Aspect": "무게",
        "SentimentText": "무거워서 팔도 좀 아프네요",
        "SentimentWord": "4",
        "SentimentPolarity": "-1"
      },
      {
        "Aspect": "기능",
        "SentimentText": "고장없이 작동은 잘 되서 그나마 다행이네요",
        "SentimentWord": "6",
        "SentimentPolarity": "0"
      }
    ]
  },
  {
    "Index": "4931",
    "RawText": "가격대비 가성비 훌륭합니다~ 건조기능 효과도 탁월~참 좋아요",
    "Source": "SNS",
    "Domain": "가전",
    "MainCategory": "생활/미용/욕실가전",
    "ProductName": "바치 핸디형 스팀다리미 스타일러 VC-HI1350W",
    "ReviewScore": "100",
    "Syllable": "33",
    "Word": "7",
    "RDate": "20210614",
    "GeneralPolarity": "1",
    "Aspects": [
      {
        "Aspect": "가격",
        "SentimentText": "가격대비 가성비 훌륭합니다~",
        "SentimentWord": "3",
        "SentimentPolarity": "1"
      },
      {
        "Aspect": "기능",
        "SentimentText": "건조기능 효과도 탁월~참 좋아요",
        "SentimentWord": "4",
        "SentimentPolarity": "1"
      }
    ]
  },
  {
    "Index": "4932",
    "RawText": "가격이싸서,주문했는데,너무잘구했어요 스팀도잘나오구,다림질도잘되요 너무좋아요,, ",
    "Source": "SNS",
    "Domain": "가전",
    "MainCategory": "생활/미용/욕실가전",
    "ProductName": "바치 핸디형 스팀다리미 스타일러 VC-HI1350W",
    "ReviewScore": "100",
    "Syllable": "44",
    "Word": "3",
    "RDate": "20201216",
    "GeneralPolarity": "1",
    "Aspects": [
      {
        "Aspect": "가격",
        "SentimentText": "가격이싸서,주문했는데,너무잘구했어요",
        "SentimentWord": "1",
        "SentimentPolarity": "1"
      },
      {
        "Aspect": "기능",
        "SentimentText": "스팀도잘나오구,다림질도잘되요 너무좋아요,,",
        "SentimentWord": "2",
        "SentimentPolarity": "1"
      }
    ]
  },
  {
    "Index": "4933",
    "RawText": "가성비 좋아요. 스팀파워도 2가지 모드라 용도에 따라 쓰기 좋구요. 물넣고 사용해 보니 무게는 가벼운편은 아닌거 같아 아쉽네요",
    "Source": "SNS",
    "Domain": "가전",
    "MainCategory": "생활/미용/욕실가전",
    "ProductName": "바치 핸디형 스팀다리미 스타일러 VC-HI1350W",
    "ReviewScore": "100",
    "Syllable": "70",
    "Word": "17",
    "RDate": "20210110",
    "GeneralPolarity": "0",
    "Aspects": [
      {
        "Aspect": "가격",
        "SentimentText": "가성비 좋아요.",
        "SentimentWord": "2",
        "SentimentPolarity": "1"
      },
      {
        "Aspect": "기능",
        "SentimentText": "스팀파워도 2가지 모드라 용도에 따라 쓰기 좋구요.",
        "SentimentWord": "7",
        "SentimentPolarity": "1"
      },
      {
        "Aspect": "무게",
        "SentimentText": "물넣고 사용해 보니 무게는 가벼운편은 아닌거 같아 아쉽네요",
        "SentimentWord": "8",
        "SentimentPolarity": "-1"
      }
    ]
  },
  {
    "Index": "4934",
    "RawText": "구겨진 겨울 울코트 사용해 보니 생각보다 너무 잘다려지네요  싼값메 가성비 짱입니다! 추천해요~^^",
    "Source": "SNS",
    "Domain": "가전",
    "MainCategory": "생활/미용/욕실가전",
    "ProductName": "바치 핸디형 스팀다리미 스타일러 VC-HI1350W",
    "ReviewScore": "100",
    "Syllable": "55",
    "Word": "12",
    "RDate": "20201227",
    "GeneralPolarity": "1",
    "Aspects": [
      {
        "Aspect": "기능",
        "SentimentText": "생각보다 너무 잘다려지네요",
        "SentimentWord": "3",
        "SentimentPolarity": "1"
      },
      {
        "Aspect": "가격",
        "SentimentText": "싼값메 가성비 짱입니다! 추천해요~^^",
        "SentimentWord": "4",
        "SentimentPolarity": "1"
      }
    ]
  },
  {
    "Index": "4935",
    "RawText": "사용법이 너무나 쉬워요! 꾸겨진 옷은 무조건  펴져서  깔끔해서 좋아요!",
    "Source": "SNS",
    "Domain": "가전",
    "MainCategory": "생활/미용/욕실가전",
    "ProductName": "바치 핸디형 스팀다리미 스타일러 VC-HI1350W",
    "ReviewScore": "100",
    "Syllable": "40",
    "Word": "9",
    "RDate": "20201219",
    "GeneralPolarity": "1",
    "Aspects": [
      {
        "Aspect": "조작성",
        "SentimentText": "사용법이 너무나 쉬워요!",
        "SentimentWord": "3",
        "SentimentPolarity": "1"
      },
      {
        "Aspect": "기능",
        "SentimentText": "무조건  펴져서  깔끔해서 좋아요!",
        "SentimentWord": "4",
        "SentimentPolarity": "1"
      }
    ]
  },
  {
    "Index": "4936",
    "RawText": "무게가 가볍진 않아 힘들어요. 가격대비 맘에들어요. 스팀양도 많고 분사도 잘되고 좋아요~ 처음에 받았을때 물탱크에 물이 들어있어서 왜그런가 했는데 설명보니 출고전 품질 전수 검사때문에 물기가 있다고  써져있네요 ㅎㅎ 쓰던거 아니라 다행이에요",
    "Source": "SNS",
    "Domain": "가전",
    "MainCategory": "생활/미용/욕실가전",
    "ProductName": "바치 핸디형 스팀다리미 스타일러 VC-HI1350W",
    "ReviewScore": "100",
    "Syllable": "134",
    "Word": "30",
    "RDate": "20210113",
    "GeneralPolarity": "1",
    "Aspects": [
      {
        "Aspect": "무게",
        "SentimentText": "무게가 가볍진 않아 힘들어요.",
        "SentimentWord": "4",
        "SentimentPolarity": "-1"
      },
      {
        "Aspect": "가격",
        "SentimentText": "가격대비 맘에들어요. ",
        "SentimentWord": "2",
        "SentimentPolarity": "1"
      },
      {
        "Aspect": "기능",
        "SentimentText": "스팀양도 많고 분사도 잘되고 좋아요~ ",
        "SentimentWord": "5",
        "SentimentPolarity": "1"
      }
    ]
  },
  {
    "Index": "4937",
    "RawText": "무게가 있어서 오래 사용하면 팔이 아프지만 가격 생각하면 이해되네요 스팀 잘나오고 좋아요 그런데 제품 상자에 송장 붙여서 택배 보내는건 뭔가요? 택배상자나 적어도 택배비닐에라도 넣어서 보내야할거 아닙니까...",
    "Source": "SNS",
    "Domain": "가전",
    "MainCategory": "생활/미용/욕실가전",
    "ProductName": "바치 핸디형 스팀다리미 스타일러 VC-HI1350W",
    "ReviewScore": "80",
    "Syllable": "116",
    "Word": "26",
    "RDate": "20210116",
    "Aspects": [
      {
        "Aspect": "무게",
        "SentimentText": "무게가 있어서 오래 사용하면 팔이 아프지만",
        "SentimentWord": "6",
        "SentimentPolarity": "-1"
      },
      {
        "Aspect": "가격",
        "SentimentText": "가격 생각하면 이해되네요",
        "SentimentWord": "3",
        "SentimentPolarity": "0"
      },
      {
        "Aspect": "기능",
        "SentimentText": "스팀 잘나오고 좋아요",
        "SentimentWord": "3",
        "SentimentPolarity": "1"
      }
    ]
  },
  {
    "Index": "4938",
    "RawText": "새제품인지 궁금 물통에 물방울이 많이들어있네요 반품제품을 보냈나보네요 잘 다려지지 않고 온도가 높은지 옷이 구겨져 굳어버렸 네요 주름이 펴지지가 않네요 가격이 저렴해서 스팀청소용으로 쓰려고 그냥반품 안했습니다",
    "Source": "SNS",
    "Domain": "가전",
    "MainCategory": "생활/미용/욕실가전",
    "ProductName": "바치 핸디형 스팀다리미 스타일러 VC-HI1350W",
    "ReviewScore": "60",
    "Syllable": "116",
    "Word": "25",
    "RDate": "20201216",
    "Aspects": [
      {
        "Aspect": "기능",
        "SentimentText": "주름이 펴지지가 않네요",
        "SentimentWord": "3",
        "SentimentPolarity": "-1"
      },
      {
        "Aspect": "가격",
        "SentimentText": "가격이 저렴해서 스팀청소용으로 쓰려고 그냥반품 안했습니다",
        "SentimentWord": "6",
        "SentimentPolarity": "-1"
      },
      {
        "Aspect": "품질",
        "SentimentText": "새제품인지 궁금 물통에 물방울이 많이들어있네요 반품제품을 보냈나보네요",
        "SentimentWord": "7",
        "SentimentPolarity": "-1"
      }
    ]
  },
  {
    "Index": "4939",
    "RawText": "스팀이 불규칙하게 줄었다 나왔다해서 왜 이러나 했네요 좀 무거운편이네요-_-",
    "Source": "SNS",
    "Domain": "가전",
    "MainCategory": "생활/미용/욕실가전",
    "ProductName": "바치 핸디형 스팀다리미 스타일러 VC-HI1350W",
    "ReviewScore": "40",
    "Syllable": "42",
    "Word": "9",
    "RDate": "20201217",
    "Aspects": [
      {
        "Aspect": "기능",
        "SentimentText": "스팀이 불규칙하게 줄었다 나왔다해서 왜 이러나 했네요",
        "SentimentWord": "7",
        "SentimentPolarity": "-1"
      },
      {
        "Aspect": "무게",
        "SentimentText": "좀 무거운편이네요-_-",
        "SentimentWord": "2",
        "SentimentPolarity": "-1"
      }
    ]
  },
  {
    "Index": "4940",
    "RawText": "필요할 때 바로바로 구김 펴 줄수 있어서 아주 편하고 좋아요. 착한 가격으로 구입했어요. 대박 감사합니다 ㆍ",
    "Source": "SNS",
    "Domain": "가전",
    "MainCategory": "생활/미용/욕실가전",
    "ProductName": "바치 핸디형 스팀다리미 스타일러 VC-HI1350W",
    "ReviewScore": "100",
    "Syllable": "60",
    "Word": "16",
    "RDate": "20210129",
    "GeneralPolarity": "1",
    "Aspects": [
      {
        "Aspect": "편의성",
        "SentimentText": "필요할 때 바로바로 구김 펴 줄수 있어서 아주 편하고 좋아요",
        "SentimentWord": "10",
        "SentimentPolarity": "1"
      },
      {
        "Aspect": "가격",
        "SentimentText": "착한 가격으로 구입했어요",
        "SentimentWord": "3",
        "SentimentPolarity": "1"
      }
    ]
  },
  {
    "Index": "4941",
    "RawText": "잘 받아서 사용합니다. 가격대비 성능, 디자인,실용성 좋아요. 감사합니다.",
    "Source": "SNS",
    "Domain": "가전",
    "MainCategory": "생활/미용/욕실가전",
    "ProductName": "바치 핸디형 스팀다리미 스타일러 VC-HI1350W",
    "ReviewScore": "100",
    "Syllable": "41",
    "Word": "8",
    "RDate": "20210120",
    "Aspects": [
      {
        "Aspect": "기능",
        "SentimentText": "가격대비 성능, 디자인,실용성 좋아요.",
        "SentimentWord": "4",
        "SentimentPolarity": "1"
      },
      {
        "Aspect": "디자인",
        "SentimentText": "디자인,실용성 좋아요. ",
        "SentimentWord": "2",
        "SentimentPolarity": "1"
      },
      {
        "Aspect": "편의성",
        "SentimentText": "실용성 좋아요.",
        "SentimentWord": "2",
        "SentimentPolarity": "1"
      }
    ]
  },
  {
    "Index": "4942",
    "RawText": "좀 므겁긴한데ㅜㅜ 가격대비 주름이 잘 펴져서 좋아요 니트다려봤는데 잘 다려져 좋네요",
    "Source": "SNS",
    "Domain": "가전",
    "MainCategory": "생활/미용/욕실가전",
    "ProductName": "바치 핸디형 스팀다리미 스타일러 VC-HI1350W",
    "ReviewScore": "100",
    "Syllable": "46",
    "Word": "11",
    "RDate": "20210111",
    "Aspects": [
      {
        "Aspect": "무게",
        "SentimentText": "좀 므겁긴한데ㅜㅜ",
        "SentimentWord": "2",
        "SentimentPolarity": "-1"
      },
      {
        "Aspect": "기능",
        "SentimentText": "가격대비 주름이 잘 펴져서 좋아요",
        "SentimentWord": "5",
        "SentimentPolarity": "1"
      },
      {
        "Aspect": "기능",
        "SentimentText": "니트다려봤는데 잘 다려져 좋네요",
        "SentimentWord": "4",
        "SentimentPolarity": "1"
      }
    ]
  },
  {
    "Index": "4943",
    "RawText": "옷을 잡아 당기면서 스팀사용하면 잘 펴지는 편입니다. 하다보면 좀 무거운건 사실이지만 가격저렴하고 간단하게 다리기 좋아요.",
    "Source": "SNS",
    "Domain": "가전",
    "MainCategory": "생활/미용/욕실가전",
    "ProductName": "보만 핸디형 스팀다리미 DB8231 미니 휴대용 핸드스팀",
    "ReviewScore": "0",
    "Syllable": "68",
    "Word": "15",
    "RDate": "20191106",
    "GeneralPolarity": "1",
    "Aspects": [
      {
        "Aspect": "기능",
        "SentimentText": "옷을 잡아 당기면서 스팀사용하면 잘 펴지는 편입니다",
        "SentimentWord": "7",
        "SentimentPolarity": "1"
      },
      {
        "Aspect": "무게",
        "SentimentText": "좀 무거운건 사실이지만",
        "SentimentWord": "3",
        "SentimentPolarity": "-1"
      },
      {
        "Aspect": "가격",
        "SentimentText": "가격저렴하고 간단하게 다리기 좋아요.",
        "SentimentWord": "4",
        "SentimentPolarity": "1"
      },
      {
        "Aspect": "편의성",
        "SentimentText": "간단하게 다리기 좋아요.",
        "SentimentWord": "3",
        "SentimentPolarity": "1"
      }
    ]
  },
  {
    "Index": "4944",
    "RawText": "좀 무겁고 스팀이잘나오는편은 아님..제가 못한건지 ㅠ쪼매 아쉬워요",
    "Source": "SNS",
    "Domain": "가전",
    "MainCategory": "생활/미용/욕실가전",
    "ProductName": "컴포트 스티머 핸디 스팀 다리미 KSI-2020BK",
    "ReviewScore": "80",
    "Syllable": "36",
    "Word": "7",
    "RDate": "20200824",
    "GeneralPolarity": "-1",
    "Aspects": [
      {
        "Aspect": "무게",
        "SentimentText": "좀 무겁고 스팀이잘나오는편은 아님..",
        "SentimentWord": "4",
        "SentimentPolarity": "-1"
      },
      {
        "Aspect": "기능",
        "SentimentText": "스팀이잘나오는편은 아님..",
        "SentimentWord": "2",
        "SentimentPolarity": "-1"
      }
    ]
  },
  {
    "Index": "4945",
    "RawText": "큰 기대없이 간단하게 구김을 펴는 용도로만 생각하고 구입했는데 성능이 괜찮은듯해요. 니트같은거 옷걸이에 걸어놓음 어깨나와서 그거 펴려고 구입했어요. 8분 사용이라니 너무 짧아요!",
    "Source": "SNS",
    "Domain": "가전",
    "MainCategory": "생활/미용/욕실가전",
    "ProductName": "컴포트 스티머 핸디 스팀 다리미 KSI-2020BK",
    "ReviewScore": "70",
    "Syllable": "99",
    "Word": "21",
    "RDate": "20210105",
    "Aspects": [
      {
        "Aspect": "기능",
        "SentimentText": "큰 기대없이 간단하게 구김을 펴는 용도로만 생각하고 구입했는데 성능이 괜찮은듯해요.",
        "SentimentWord": "10",
        "SentimentPolarity": "1"
      },
      {
        "Aspect": "시간/속도",
        "SentimentText": "8분 사용이라니 너무 짧아요!",
        "SentimentWord": "4",
        "SentimentPolarity": "-1"
      }
    ]
  },
  {
    "Index": "4946",
    "RawText": "사용이 간편해서 요즘 건조기 쓰는 재미에 빠져있다 다들 좋다고 써보라는 권유가 있었는데 이불털기  너무 좋아 주말마다 가족들 이불  떨고있고 수건도 건조하니 너무 대만족 동급보다 넝수 저렴하게 구입하는 기회얻어 00쇼핌을 그뒤로 자주 고게 되네요",
    "Source": "SNS",
    "Domain": "가전",
    "MainCategory": "생활/미용/욕실가전",
    "ProductName": "(1등급)삼성 건조기 그랑데 14kg(DV14T8520BP)_이녹스",
    "ReviewScore": "100",
    "Syllable": "137",
    "Word": "33",
    "RDate": "20210312",
    "GeneralPolarity": "1",
    "Aspects": [
      {
        "Aspect": "편의성",
        "SentimentText": "사용이 간편해서 요즘 건조기 쓰는 재미에 빠져있다",
        "SentimentWord": "7",
        "SentimentPolarity": "1"
      },
      {
        "Aspect": "기능",
        "SentimentText": "이불털기  너무 좋아",
        "SentimentWord": "3",
        "SentimentPolarity": "1"
      },
      {
        "Aspect": "기능",
        "SentimentText": "수건도 건조하니 너무 대만족",
        "SentimentWord": "4",
        "SentimentPolarity": "1"
      },
      {
        "Aspect": "가격",
        "SentimentText": "저렴하게 구입하는 기회얻어",
        "SentimentWord": "3",
        "SentimentPolarity": "1"
      }
    ]
  },
  {
    "Index": "4947",
    "RawText": "여러가지 코스로 사용은 못해봤는데 좋습니다  근데 아이옷이 좀 주는거같고 양말도 많이 줄어드네요 건조기특성상 다른건조기도 그럴듯한데  팔아피게 털지 않아도되니 이불털기같은건 너무좋습니다",
    "Source": "SNS",
    "Domain": "가전",
    "MainCategory": "생활/미용/욕실가전",
    "ProductName": "(방송중36개월_특) 위닉스 텀블 건조기(화이트) HB8M80-HWK",
    "ReviewScore": "100",
    "Syllable": "103",
    "Word": "20",
    "RDate": "20190128",
    "GeneralPolarity": "1",
    "Aspects": [
      {
        "Aspect": "기능",
        "SentimentText": " 근데 아이옷이 좀 주는거같고 양말도 많이 줄어드네요",
        "SentimentWord": "7",
        "SentimentPolarity": "-1"
      },
      {
        "Aspect": "기능",
        "SentimentText": "팔아피게 털지 않아도되니 이불털기같은건 너무좋습니다",
        "SentimentWord": "5",
        "SentimentPolarity": "1"
      }
    ]
  },
  {
    "Index": "4948",
    "RawText": "7kg 건조기중엔 젤 가성비 좋네요  건조후 옷이 줄어드는 고질병이 있지만 가성비로 퉁칩니다",
    "Source": "SNS",
    "Domain": "가전",
    "MainCategory": "생활/미용/욕실가전",
    "ProductName": "[SK매직][수냉식KIT증정] 전기식 살균 의류건조기 직렬설치(RACK포함)_WDRMD07F",
    "ReviewScore": "100",
    "Syllable": "51",
    "Word": "12",
    "RDate": "20190925",
    "GeneralPolarity": "1",
    "Aspects": [
      {
        "Aspect": "가격",
        "SentimentText": "7kg 건조기중엔 젤 가성비 좋네요",
        "SentimentWord": "5",
        "SentimentPolarity": "1"
      },
      {
        "Aspect": "기능",
        "SentimentText": "건조후 옷이 줄어드는 고질병이 있지만",
        "SentimentWord": "5",
        "SentimentPolarity": "-1"
      },
      {
        "Aspect": "가격",
        "SentimentText": "가성비로 퉁칩니다",
        "SentimentWord": "2",
        "SentimentPolarity": "1"
      }
    ]
  },
  {
    "Index": "4949",
    "RawText": "상품은 정품으로 기능 잘되네요.  근데 소음은 ... 많이 큽니다 ",
    "Source": "SNS",
    "Domain": "가전",
    "MainCategory": "생활/미용/욕실가전",
    "ProductName": "[알파데이][패키지]삼성 건조기 그랑데 16kg+드럼세탁기 21kg_화이트",
    "ReviewScore": "100",
    "Syllable": "37",
    "Word": "9",
    "RDate": "20210826",
    "Aspects": [
      {
        "Aspect": "기능",
        "SentimentText": "상품은 정품으로 기능 잘되네요. ",
        "SentimentWord": "4",
        "SentimentPolarity": "1"
      },
      {
        "Aspect": "소음",
        "SentimentText": "근데 소음은 ... 많이 큽니다",
        "SentimentWord": "5",
        "SentimentPolarity": "-1"
      }
    ]
  },
  {
    "Index": "4950",
    "RawText": "적립금도 많이 받고 잘 구매했어요. 용량은 우리 집 식구에 잘 맞아요 한번에 해결 가능해서 좋네요 설치후 친절하게 설명해주셨어요.",
    "Source": "SNS",
    "Domain": "가전",
    "MainCategory": "생활/미용/욕실가전",
    "ProductName": "[알파데이][패키지]삼성 건조기 그랑데16kg+드럼세탁기23kg_블랙케비어",
    "ReviewScore": "100",
    "Syllable": "72",
    "Word": "18",
    "RDate": "20210912",
    "Aspects": [
      {
        "Aspect": "가격",
        "SentimentText": "적립금도 많이 받고 잘 구매했어요.",
        "SentimentWord": "5",
        "SentimentPolarity": "1"
      },
      {
        "Aspect": "용량",
        "SentimentText": "용량은 우리 집 식구에 잘 맞아요 한번에 해결 가능해서 좋네요",
        "SentimentWord": "10",
        "SentimentPolarity": "1"
      }
    ]
  },
  {
    "Index": "4951",
    "RawText": "처음으로 사용하는 드럼세탁기와 건조기인데 작동하는것도 어렵지않아 좋아요. 사용하기에도 너무 편리해서 주위에 이야기를 많이 해주었습니다 다음에도 이렇게 좋은 기회가 빨리 왔으면 좋겠다고 이야기를 들으니 제가 더 흐뭇했어요",
    "Source": "SNS",
    "Domain": "가전",
    "MainCategory": "생활/미용/욕실가전",
    "ProductName": "[알파데이][패키지]삼성 건조기 그랑데16kg+드럼세탁기23kg_블랙케비어",
    "ReviewScore": "100",
    "Syllable": "122",
    "Word": "26",
    "RDate": "20210819",
    "GeneralPolarity": "1",
    "Aspects": [
      {
        "Aspect": "조작성",
        "SentimentText": "작동하는것도 어렵지않아 좋아요.",
        "SentimentWord": "3",
        "SentimentPolarity": "1"
      },
      {
        "Aspect": "편의성",
        "SentimentText": "사용하기에도 너무 편리해서 주위에 이야기를 많이 해주었습니다",
        "SentimentWord": "7",
        "SentimentPolarity": "1"
      }
    ]
  },
  {
    "Index": "4952",
    "RawText": "배송이 빨리와서 좋았어요. 색상이 깔끔한 블랙이라 마음에 듭니다 빨래가 뽀송뽀송 건조되서  너무 좋아요",
    "Source": "SNS",
    "Domain": "가전",
    "MainCategory": "생활/미용/욕실가전",
    "ProductName": "[알파데이]삼성 건조기 그랑데 16kg(DV16T8520BV)_블랙케비어",
    "ReviewScore": "100",
    "Syllable": "57",
    "Word": "13",
    "RDate": "20210823",
    "Aspects": [
      {
        "Aspect": "색상",
        "SentimentText": "색상이 깔끔한 블랙이라 마음에 듭니다",
        "SentimentWord": "5",
        "SentimentPolarity": "1"
      },
      {
        "Aspect": "기능",
        "SentimentText": "빨래가 뽀송뽀송 건조되서  너무 좋아요",
        "SentimentWord": "5",
        "SentimentPolarity": "1"
      }
    ]
  },
  {
    "Index": "4953",
    "RawText": "4인가족 여름철 많은 빨래 말리기가 쉽지않아 구입했는데 사용해보니 편해요. 이불털기 기능도 실용적이고 베개나 수건은 건조후 뽀송하게 사용가능해서 만족해요. 실내설치는 비추천입니다. 건조시간도 긴데 소음이 생각보다 큽니다",
    "Source": "SNS",
    "Domain": "가전",
    "MainCategory": "생활/미용/욕실가전",
    "ProductName": "[알파데이]삼성 건조기 그랑데 16kg(DV16T8520BW)_화이트",
    "ReviewScore": "100",
    "Syllable": "122",
    "Word": "25",
    "RDate": "20210809",
    "GeneralPolarity": "1",
    "Aspects": [
      {
        "Aspect": "편의성",
        "SentimentText": "4인가족 여름철 많은 빨래 말리기가 쉽지않아 구입했는데 사용해보니 편해요.",
        "SentimentWord": "9",
        "SentimentPolarity": "1"
      },
      {
        "Aspect": "기능",
        "SentimentText": "이불털기 기능도 실용적이고 ",
        "SentimentWord": "3",
        "SentimentPolarity": "1"
      },
      {
        "Aspect": "기능",
        "SentimentText": " 베개나 수건은 건조후 뽀송하게 사용가능해서 만족해요.",
        "SentimentWord": "6",
        "SentimentPolarity": "1"
      },
      {
        "Aspect": "소음",
        "SentimentText": "실내설치는 비추천입니다. 건조시간도 긴데 소음이 생각보다 큽니다",
        "SentimentWord": "7",
        "SentimentPolarity": "-1"
      }
    ]
  },
  {
    "Index": "4954",
    "RawText": "건조기능이 마음에 꼭 들고요 설치기사님도 친절하시고 넘 감사합니다 화이트 색상이라 다용도실이 더 넓어보이는 느낌이네요",
    "Source": "SNS",
    "Domain": "가전",
    "MainCategory": "생활/미용/욕실가전",
    "ProductName": "[알파데이]삼성 건조기 그랑데 16kg(DV16T8520BW)_화이트",
    "ReviewScore": "100",
    "Syllable": "65",
    "Word": "14",
    "RDate": "20210821",
    "Aspects": [
      {
        "Aspect": "기능",
        "SentimentText": "건조기능이 마음에 꼭 들고요 ",
        "SentimentWord": "4",
        "SentimentPolarity": "1"
      },
      {
        "Aspect": "색상",
        "SentimentText": "화이트 색상이라 다용도실이 더 넓어보이는 느낌이네요",
        "SentimentWord": "6",
        "SentimentPolarity": "1"
      }
    ]
  },
  {
    "Index": "4955",
    "RawText": "건조기랑 세탁기 상단으로 설치했는데 건조기 리모콘도 있어서  편하고 세탁기도  소음도 적고 둘다 너무 잘되네요 ㅎ 건조기도 뽀송뽀송 잘 말려지고 디자인도 굿입니다^^  수건도 먼지도없어 지는거같고  잘 털어지는거 같아요 패딩도 솜도 안죽고 빵빵하게 잘 말려져요 ㅎ 오리털 점퍼는  털이 약간 뭉치지만  시간지나면 펴지겠죠?? 이불도 뽀송뽀송 너무 잘 말려져서   기분이 너무좋아요 ㅎ 강추입니다 ~~~^^",
    "Source": "SNS",
    "Domain": "가전",
    "MainCategory": "생활/미용/욕실가전",
    "ProductName": "[패키지](1등급)삼성 건조기 그랑데 16kg+삼성 그랑데 드럼세탁기 23kg",
    "ReviewScore": "100",
    "Syllable": "226",
    "Word": "51",
    "RDate": "20210215",
    "GeneralPolarity": "1",
    "Aspects": [
      {
        "Aspect": "편의성",
        "SentimentText": "건조기 리모콘도 있어서  편하고 ",
        "SentimentWord": "4",
        "SentimentPolarity": "1"
      },
      {
        "Aspect": "소음",
        "SentimentText": "세탁기도  소음도 적고 둘다 너무 잘되네요 ㅎ",
        "SentimentWord": "7",
        "SentimentPolarity": "1"
      },
      {
        "Aspect": "기능",
        "SentimentText": "건조기도 뽀송뽀송 잘 말려지고 디자인도 굿입니다^^  ",
        "SentimentWord": "6",
        "SentimentPolarity": "1"
      },
      {
        "Aspect": "디자인",
        "SentimentText": "디자인도 굿입니다^^  ",
        "SentimentWord": "2",
        "SentimentPolarity": "1"
      },
      {
        "Aspect": "기능",
        "SentimentText": "이불도 뽀송뽀송 너무 잘 말려져서   기분이 너무좋아요 ㅎ",
        "SentimentWord": "8",
        "SentimentPolarity": "1"
      }
    ]
  },
  {
    "Index": "4956",
    "RawText": "세탁기랑 건조기 같이 구매했어요 완전 건조기는 건조기능이 신세계에요 빨래 널고 걷는게 너무 귀찮았는데 한번에 되니 너무편하고 좋아요",
    "Source": "SNS",
    "Domain": "가전",
    "MainCategory": "생활/미용/욕실가전",
    "ProductName": "[패키지]삼성 건조기 그랑데 16kg+삼성 그랑데 드럼세탁기 21kg_실버",
    "ReviewScore": "100",
    "Syllable": "73",
    "Word": "17",
    "RDate": "20220116",
    "GeneralPolarity": "1",
    "Aspects": [
      {
        "Aspect": "기능",
        "SentimentText": "건조기능이 신세계에요",
        "SentimentWord": "2",
        "SentimentPolarity": "1"
      },
      {
        "Aspect": "기능",
        "SentimentText": "한번에 되니 너무편하고 좋아요",
        "SentimentWord": "4",
        "SentimentPolarity": "1"
      }
    ]
  },
  {
    "Index": "4957",
    "RawText": "정말 저렴한 가격에 설치도 친절하게 잘 해주셨습니다. 정말 잘 사용하고 있고, 여러모로 역시 00이 좋은것 같습니다.",
    "Source": "SNS",
    "Domain": "가전",
    "MainCategory": "생활/미용/욕실가전",
    "ProductName": "[패키지]삼성 건조기 그랑데 16kg+삼성 그랑데 드럼세탁기 21kg_화이트",
    "ReviewScore": "90",
    "Syllable": "65",
    "Word": "16",
    "RDate": "20210819",
    "Aspects": [
      {
        "Aspect": "기능",
        "SentimentText": "정말 저렴한 가격에",
        "SentimentWord": "3",
        "SentimentPolarity": "1"
      },
      {
        "Aspect": "제조일/제조사",
        "SentimentText": "여러모로 역시 00이 좋은것 같습니다.",
        "SentimentWord": "5",
        "SentimentPolarity": "1"
      }
    ]
  },
  {
    "Index": "4958",
    "RawText": "설치해주시는분들 너무 친절하시고 생각보다 커서 놀랬지만 편하게 잘쓰고 있습니다",
    "Source": "SNS",
    "Domain": "가전",
    "MainCategory": "생활/미용/욕실가전",
    "ProductName": "[패키지]삼성 건조기 그랑데 16kg+삼성 그랑데 드럼세탁기 23kg)_블랙케비어",
    "ReviewScore": "100",
    "Syllable": "43",
    "Word": "9",
    "RDate": "20210614",
    "Aspects": [
      {
        "Aspect": "사이즈",
        "SentimentText": "생각보다 커서 놀랬지만",
        "SentimentWord": "3",
        "SentimentPolarity": "0"
      },
      {
        "Aspect": "편의성",
        "SentimentText": "편하게 잘쓰고 있습니다",
        "SentimentWord": "3",
        "SentimentPolarity": "1"
      }
    ]
  },
  {
    "Index": "4959",
    "RawText": "배송도 생각보다 빨리 왔고  제습건조 방식으로 소비전력이 낮아서 좋네요 이불털기 기능까지 있어 만족합니다. 잘쓰겠습니다.",
    "Source": "SNS",
    "Domain": "가전",
    "MainCategory": "생활/미용/욕실가전",
    "ProductName": "★삼성 건조기 DV90K6200IW (9Kg/화이트)",
    "ReviewScore": "100",
    "Syllable": "67",
    "Word": "14",
    "RDate": "20170719",
    "Aspects": [
      {
        "Aspect": "소비전력",
        "SentimentText": "제습건조 방식으로 소비전력이 낮아서 좋네요",
        "SentimentWord": "5",
        "SentimentPolarity": "1"
      },
      {
        "Aspect": "기능",
        "SentimentText": "이불털기 기능까지 있어 만족합니다. ",
        "SentimentWord": "4",
        "SentimentPolarity": "1"
      }
    ]
  },
  {
    "Index": "4960",
    "RawText": "가격이 좋아요 카드할인두 받고 쿠폰할인두 받고 환급도 되요ㅎㅎ",
    "Source": "SNS",
    "Domain": "가전",
    "MainCategory": "생활/미용/욕실가전",
    "ProductName": "k_삼성전자 그랑데 통버블 세탁기 (19 kg) WA19A8376KV",
    "ReviewScore": "100",
    "Syllable": "34",
    "Word": "8",
    "RDate": "20210805",
    "GeneralPolarity": "1",
    "Aspects": [
      {
        "Aspect": "가격",
        "SentimentText": "가격이 좋아요 ",
        "SentimentWord": "2",
        "SentimentPolarity": "1"
      },
      {
        "Aspect": "가격",
        "SentimentText": "카드할인두 받고 쿠폰할인두 받고 환급도 되요ㅎㅎ",
        "SentimentWord": "6",
        "SentimentPolarity": "1"
      }
    ]
  },
  {
    "Index": "4961",
    "RawText": "디자인이 너무 이쁘고 이불빨래도 거끈해요 빨리 배송 되어 감사하고 기사분들도  친절하세요 엄마네 집에도 하나 사드릴려고요",
    "Source": "SNS",
    "Domain": "가전",
    "MainCategory": "생활/미용/욕실가전",
    "ProductName": "k_삼성전자 그랑데 통버블 세탁기 (19 kg) WA19A8376KV",
    "ReviewScore": "100",
    "Syllable": "67",
    "Word": "15",
    "RDate": "20211006",
    "Aspects": [
      {
        "Aspect": "디자인",
        "SentimentText": "디자인이 너무 이쁘고",
        "SentimentWord": "3",
        "SentimentPolarity": "1"
      },
      {
        "Aspect": "용량",
        "SentimentText": "이불빨래도 거끈해요",
        "SentimentWord": "2",
        "SentimentPolarity": "1"
      }
    ]
  },
  {
    "Index": "4962",
    "RawText": "크기도 크고 조용해서 만족해요. 디자인이 깔끔하니 세탁기가 고급스러워보여요^^ 넘 잘산거같아용ㅋ",
    "Source": "SNS",
    "Domain": "가전",
    "MainCategory": "생활/미용/욕실가전",
    "ProductName": "k_삼성전자 그랑데 통버블 세탁기 (19 kg) WA19A8376KV",
    "ReviewScore": "100",
    "Syllable": "53",
    "Word": "10",
    "RDate": "20210910",
    "GeneralPolarity": "1",
    "Aspects": [
      {
        "Aspect": "사이즈",
        "SentimentText": "크기도 크고 조용해서 만족해요. ",
        "SentimentWord": "4",
        "SentimentPolarity": "1"
      },
      {
        "Aspect": "소음",
        "SentimentText": "조용해서 만족해요. ",
        "SentimentWord": "2",
        "SentimentPolarity": "1"
      },
      {
        "Aspect": "디자인",
        "SentimentText": "디자인이 깔끔하니 세탁기가 고급스러워보여요^^ 넘 잘산거같아용ㅋ",
        "SentimentWord": "6",
        "SentimentPolarity": "1"
      }
    ]
  },
  {
    "Index": "4963",
    "RawText": "다른 곳보다 저렴한 가격이라 굿~ 제트샷과 입체통물살로 깨끗하게 세척이 되어 자주 돌리게 되네요 배송도 신청 후 이틀만에 빠른 설치까지 잘 구입하였읍니다.  고맙습니다.",
    "Source": "SNS",
    "Domain": "가전",
    "MainCategory": "생활/미용/욕실가전",
    "ProductName": "k_삼성전자 그랑데 통버블 세탁기 (21kg) WA21A8376KV",
    "ReviewScore": "100",
    "Syllable": "94",
    "Word": "22",
    "RDate": "20211202",
    "Aspects": [
      {
        "Aspect": "가격",
        "SentimentText": "다른 곳보다 저렴한 가격이라 굿~",
        "SentimentWord": "5",
        "SentimentPolarity": "1"
      },
      {
        "Aspect": "기능",
        "SentimentText": "제트샷과 입체통물살로 깨끗하게 세척이 되어 자주 돌리게 되네요",
        "SentimentWord": "8",
        "SentimentPolarity": "1"
      }
    ]
  },
  {
    "Index": "4964",
    "RawText": "지인에게 추천받아 구매했습니다 기대했는데 작동잘되구요 조작하기 쉽구요 편리하네요 디자인도 이쁘구요 가격도 착하구요 다  맘에 듭니다",
    "Source": "SNS",
    "Domain": "가전",
    "MainCategory": "생활/미용/욕실가전",
    "ProductName": "삼성 건조기 그랑데 17kg(DV17T8520BP)_실버",
    "ReviewScore": "100",
    "Syllable": "73",
    "Word": "15",
    "RDate": "20220210",
    "GeneralPolarity": "1",
    "Aspects": [
      {
        "Aspect": "기능",
        "SentimentText": "기대했는데 작동잘되구요",
        "SentimentWord": "2",
        "SentimentPolarity": "1"
      },
      {
        "Aspect": "조작성",
        "SentimentText": " 조작하기 쉽구요 편리하네요",
        "SentimentWord": "3",
        "SentimentPolarity": "1"
      },
      {
        "Aspect": "디자인",
        "SentimentText": "디자인도 이쁘구요",
        "SentimentWord": "2",
        "SentimentPolarity": "1"
      },
      {
        "Aspect": "가격",
        "SentimentText": "가격도 착하구요",
        "SentimentWord": "2",
        "SentimentPolarity": "1"
      }
    ]
  },
  {
    "Index": "4965",
    "RawText": "돌아가는 소리는 엄청 커서 그 부분이 별로... 용량이 작아서 후회됩니다 큰 거 살걸....  배송은 조금 느리네요. 전자제품이니 그러려니 하지만 주문은 10월2일.배송완료는 10월12일 이네요. 부모님 집으로 배달해놔서 상태가어떤지는 모르겠지만 일단 잘쓸게요 ",
    "Source": "SNS",
    "Domain": "가전",
    "MainCategory": "생활/미용/욕실가전",
    "ProductName": "삼성 액티브워시 세탁기 14kg",
    "ReviewScore": "80",
    "Syllable": "146",
    "Word": "30",
    "RDate": "20181012",
    "Aspects": [
      {
        "Aspect": "소음",
        "SentimentText": "돌아가는 소리는 엄청 커서 그 부분이 별로...",
        "SentimentWord": "7",
        "SentimentPolarity": "-1"
      },
      {
        "Aspect": "용량",
        "SentimentText": "용량이 작아서 후회됩니다 큰 거 살걸....",
        "SentimentWord": "6",
        "SentimentPolarity": "-1"
      }
    ]
  },
  {
    "Index": "4966",
    "RawText": "깔끔하려고 블랙 했는데 잡티가 너무 선명히  보여  별루 회오리 물살로 빨래는 깨끗해서 마음에 들어요 배송도 빠르고 기사님 친절하게 설치도 해주시네요",
    "Source": "SNS",
    "Domain": "가전",
    "MainCategory": "생활/미용/욕실가전",
    "ProductName": "삼성 워블세탁기 16kg(WA16T6264BV)(블랙케비어)",
    "ReviewScore": "90",
    "Syllable": "83",
    "Word": "20",
    "RDate": "20210901",
    "Aspects": [
      {
        "Aspect": "색상",
        "SentimentText": "깔끔하려고 블랙 했는데 잡티가 너무 선명히  보여  별루",
        "SentimentWord": "8",
        "SentimentPolarity": "-1"
      },
      {
        "Aspect": "기능",
        "SentimentText": "회오리 물살로 빨래는 깨끗해서 마음에 들어요",
        "SentimentWord": "6",
        "SentimentPolarity": "1"
      }
    ]
  },
  {
    "Index": "4967",
    "RawText": "설치하시는분이 친절하세요  ooo 제품만 삽니다 너무 좋아용 제품도  싸게 잘 산것같아요",
    "Source": "SNS",
    "Domain": "가전",
    "MainCategory": "생활/미용/욕실가전",
    "ProductName": "삼성 워블세탁기 16kg(WA16T6264BV)(블랙케비어)",
    "ReviewScore": "100",
    "Syllable": "49",
    "Word": "11",
    "RDate": "20220216",
    "Aspects": [
      {
        "Aspect": "제조일/제조사",
        "SentimentText": "ooo 제품만 삽니다 너무 좋아용",
        "SentimentWord": "5",
        "SentimentPolarity": "1"
      },
      {
        "Aspect": "가격",
        "SentimentText": "싸게 잘 산것같아요",
        "SentimentWord": "3",
        "SentimentPolarity": "1"
      }
    ]
  },
  {
    "Index": "4968",
    "RawText": "세탁기 안에 스테인레스 라   더욱 좋아요 빨래가 시원하게  잘빨아져서 만족해요",
    "Source": "SNS",
    "Domain": "가전",
    "MainCategory": "생활/미용/욕실가전",
    "ProductName": "삼성 워블세탁기 16kg(WA16T6264BV)(블랙케비어)",
    "ReviewScore": "100",
    "Syllable": "44",
    "Word": "10",
    "RDate": "20210711",
    "GeneralPolarity": "1",
    "Aspects": [
      {
        "Aspect": "소재",
        "SentimentText": "세탁기 안에 스테인레스 라   더욱 좋아요",
        "SentimentWord": "6",
        "SentimentPolarity": "1"
      },
      {
        "Aspect": "기능",
        "SentimentText": "빨래가 시원하게  잘빨아져서 만족해요",
        "SentimentWord": "4",
        "SentimentPolarity": "1"
      }
    ]
  },
  {
    "Index": "4969",
    "RawText": "배송받고 어제 하루종일 이불이며 겨울잠옷 빨았어요. 겨울에 빨래말리려고 보일러안틀어도되고 건조기능이 신기해요.  진작에 구입할껄  후회되네요. 근데 용량이 작아서...아쉽네요  배송기사님도 친절하시고 감사해요                    랬어요.",
    "Source": "SNS",
    "Domain": "가전",
    "MainCategory": "생활/미용/욕실가전",
    "ProductName": "삼성 전기건조기 9kg(블랙캐비어)_특화PGM",
    "ReviewScore": "100",
    "Syllable": "140",
    "Word": "21",
    "RDate": "20181112",
    "Aspects": [
      {
        "Aspect": "기능",
        "SentimentText": "겨울에 빨래말리려고 보일러안틀어도되고 건조기능이 신기해요. ",
        "SentimentWord": "5",
        "SentimentPolarity": "1"
      },
      {
        "Aspect": "용량",
        "SentimentText": "근데 용량이 작아서...아쉽네요",
        "SentimentWord": "3",
        "SentimentPolarity": "0"
      }
    ]
  },
  {
    "Index": "4970",
    "RawText": "생각했던거만큼 먼지를 잘 빨아들여서 좋아요 빨래도. 빨리말릴수있어서 좋구요 근데 저기효율등급이. 없다는게 아쉬네요 아직까지 건조기는 없다는걸 이번에 알았거든요 아무튼 잘 샀습니다",
    "Source": "SNS",
    "Domain": "가전",
    "MainCategory": "생활/미용/욕실가전",
    "ProductName": "삼성 전기건조기 9kg(블랙캐비어)_특화PGM",
    "ReviewScore": "100",
    "Syllable": "99",
    "Word": "20",
    "RDate": "20181119",
    "GeneralPolarity": "0",
    "Aspects": [
      {
        "Aspect": "기능",
        "SentimentText": "생각했던거만큼 먼지를 잘 빨아들여서 좋아요",
        "SentimentWord": "5",
        "SentimentPolarity": "1"
      },
      {
        "Aspect": "기능",
        "SentimentText": " 빨리말릴수있어서 좋구요",
        "SentimentWord": "2",
        "SentimentPolarity": "1"
      },
      {
        "Aspect": "소비전력",
        "SentimentText": "근데 저기효율등급이. 없다는게 아쉬네요",
        "SentimentWord": "4",
        "SentimentPolarity": "-1"
      }
    ]
  },
  {
    "Index": "4971",
    "RawText": "기사분 친절하시고 지정일 배송 신청해서 잘 받아 감사해요 저온 제습 건조 방식이라 수건도 뽀송뽀송하게~ 디자인 깔끔하니 이뿌네요",
    "Source": "SNS",
    "Domain": "가전",
    "MainCategory": "생활/미용/욕실가전",
    "ProductName": "삼성 전기건조기 9kg(화이트)",
    "ReviewScore": "100",
    "Syllable": "71",
    "Word": "17",
    "RDate": "20181210",
    "Aspects": [
      {
        "Aspect": "기능",
        "SentimentText": "저온 제습 건조 방식이라 수건도 뽀송뽀송하게~",
        "SentimentWord": "6",
        "SentimentPolarity": "1"
      },
      {
        "Aspect": "디자인",
        "SentimentText": "디자인 깔끔하니 이뿌네요",
        "SentimentWord": "3",
        "SentimentPolarity": "1"
      }
    ]
  },
  {
    "Index": "4972",
    "RawText": "원하는 설치날짜에 맞게 설치해주셨고 상담원 분들도 친절합니다 감사해요 잘쓰겠습니다^^ 올인원 필터로 냄새 걱정도 없이 사용하고  콘센트만 있으면 어디에도 간편하게 설치 해서 굿굿굿!",
    "Source": "SNS",
    "Domain": "가전",
    "MainCategory": "생활/미용/욕실가전",
    "ProductName": "삼성 전기건조기 9kg(화이트)",
    "ReviewScore": "100",
    "Syllable": "101",
    "Word": "22",
    "RDate": "20181224",
    "Aspects": [
      {
        "Aspect": "기능",
        "SentimentText": "올인원 필터로 냄새 걱정도 없이 사용하고 ",
        "SentimentWord": "6",
        "SentimentPolarity": "1"
      },
      {
        "Aspect": "편의성",
        "SentimentText": "콘센트만 있으면 어디에도 간편하게 설치 해서 굿굿굿!",
        "SentimentWord": "7",
        "SentimentPolarity": "1"
      }
    ]
  },
  {
    "Index": "4973",
    "RawText": "날짜맞춰 배송와주셔서 감사했습니다 저온 제습 방식이라 에너지 효율이 좋아 걱정없어요 건조기 너무 편하고 좋아여 최고에요",
    "Source": "SNS",
    "Domain": "가전",
    "MainCategory": "생활/미용/욕실가전",
    "ProductName": "삼성 전기건조기 9kg(화이트)_특화PGM",
    "ReviewScore": "100",
    "Syllable": "66",
    "Word": "15",
    "RDate": "20181130",
    "Aspects": [
      {
        "Aspect": "소비전력",
        "SentimentText": "저온 제습 방식이라 에너지 효율이 좋아 걱정없어요",
        "SentimentWord": "7",
        "SentimentPolarity": "1"
      },
      {
        "Aspect": "편의성",
        "SentimentText": "건조기 너무 편하고 좋아여 최고에요",
        "SentimentWord": "5",
        "SentimentPolarity": "1"
      }
    ]
  },
  {
    "Index": "4974",
    "RawText": "배송 엄청빠르네요 지방인데도 이틀만에 배송. 창고로 쓰고 있는 방에 설치. 두시간만에 뽀송한 빨래 바로 개서 정리할 수 있다니 건조기능이 탁월하네요. 베란다에 널려 있던 건조대 없이 바로~크고 그레이색으로 할까했는데 저렴하게 구입해서 만족합니다^^",
    "Source": "SNS",
    "Domain": "가전",
    "MainCategory": "생활/미용/욕실가전",
    "ProductName": "삼성 전기건조기 9kg(화이트)_특화PGM",
    "ReviewScore": "100",
    "Syllable": "138",
    "Word": "31",
    "RDate": "20181113",
    "Aspects": [
      {
        "Aspect": "기능",
        "SentimentText": "건조기능이 탁월하네요",
        "SentimentWord": "2",
        "SentimentPolarity": "1"
      },
      {
        "Aspect": "가격",
        "SentimentText": "저렴하게 구입해서 만족합니다^^",
        "SentimentWord": "3",
        "SentimentPolarity": "1"
      }
    ]
  },
  {
    "Index": "4975",
    "RawText": "간편한 옷걸이 건조기, 휴대하기도 좋고 찜찜한 옷 건조하기도 좋아 만족해요",
    "Source": "SNS",
    "Domain": "가전",
    "MainCategory": "생활/미용/욕실가전",
    "ProductName": "휴대용 다용도 옷걸이 건조기 제습기 HG-660DY",
    "ReviewScore": "80",
    "Syllable": "41",
    "Word": "10",
    "RDate": "20210805",
    "GeneralPolarity": "1",
    "Aspects": [
      {
        "Aspect": "편의성",
        "SentimentText": "휴대하기도 좋고",
        "SentimentWord": "2",
        "SentimentPolarity": "1"
      },
      {
        "Aspect": "기능",
        "SentimentText": "찜찜한 옷 건조하기도 좋아 만족해요",
        "SentimentWord": "5",
        "SentimentPolarity": "1"
      }
    ]
  },
  {
    "Index": "4976",
    "RawText": "기능도 좋고 다 좋은데 가격이 좀 비싸서 별 하나 뺐어요^^;;",
    "Source": "SNS",
    "Domain": "가전",
    "MainCategory": "생활/미용/욕실가전",
    "ProductName": "(TV) 스마트소닉 프로 음파칫솔 커플세트(2인)",
    "ReviewScore": "80",
    "Syllable": "35",
    "Word": "10",
    "RDate": "20190511",
    "Aspects": [
      {
        "Aspect": "기능",
        "SentimentText": "기능도 좋고 다 좋은데",
        "SentimentWord": "4",
        "SentimentPolarity": "1"
      },
      {
        "Aspect": "가격",
        "SentimentText": "가격이 좀 비싸서 별 하나 뺐어요^^;;",
        "SentimentWord": "6",
        "SentimentPolarity": "-1"
      }
    ]
  },
  {
    "Index": "4977",
    "RawText": "기능별로 구분이 안될정도로 작동이 약하고  전에 사용하던것에 비해 힘이 많이 약해진듯하여 실망입니다.",
    "Source": "SNS",
    "Domain": "가전",
    "MainCategory": "생활/미용/욕실가전",
    "ProductName": "(TV) 스마트소닉 프로 음파칫솔 커플세트(2인)",
    "ReviewScore": "60",
    "Syllable": "56",
    "Word": "12",
    "RDate": "20190310",
    "Aspects": [
      {
        "Aspect": "기능",
        "SentimentText": "기능별로 구분이 안될정도로 작동이 약하고",
        "SentimentWord": "5",
        "SentimentPolarity": "-1"
      },
      {
        "Aspect": "기능",
        "SentimentText": "전에 사용하던것에 비해 힘이 많이 약해진듯하여 실망입니다.",
        "SentimentWord": "7",
        "SentimentPolarity": "-1"
      }
    ]
  },
  {
    "Index": "4978",
    "RawText": "칫솔모가 빨리 마모되네요.2달에 한번 교체라는데 한달만에 다 벌어져서 교체했어요.그외에는 가격대비 만족입니다",
    "Source": "SNS",
    "Domain": "가전",
    "MainCategory": "생활/미용/욕실가전",
    "ProductName": "(TV) 스마트소닉 프로 음파칫솔 커플세트(2인)",
    "ReviewScore": "80",
    "Syllable": "60",
    "Word": "11",
    "RDate": "20190423",
    "GeneralPolarity": "0",
    "Aspects": [
      {
        "Aspect": "품질",
        "SentimentText": "칫솔모가 빨리 마모되네요.2달에 한번 교체라는데 한달만에 다 벌어져서 교체했어요.",
        "SentimentWord": "9",
        "SentimentPolarity": "-1"
      },
      {
        "Aspect": "가격",
        "SentimentText": "그외에는 가격대비 만족입니다",
        "SentimentWord": "3",
        "SentimentPolarity": "1"
      }
    ]
  },
  {
    "Index": "4979",
    "RawText": "가격 기능 디자인에 만족하나. 배송 일정 다소 늦어서 아쉽네요.  잘 사용하고 있습니다. 감사합니다.",
    "Source": "SNS",
    "Domain": "가전",
    "MainCategory": "생활/미용/욕실가전",
    "ProductName": "(TV_3만원할인) 노비타 비데 BD-SH600",
    "ReviewScore": "80",
    "Syllable": "56",
    "Word": "13",
    "RDate": "20181228",
    "Aspects": [
      {
        "Aspect": "가격",
        "SentimentText": "가격 기능 디자인에 만족하나",
        "SentimentWord": "4",
        "SentimentPolarity": "1"
      },
      {
        "Aspect": "기능",
        "SentimentText": "기능 디자인에 만족하나",
        "SentimentWord": "3",
        "SentimentPolarity": "1"
      },
      {
        "Aspect": "디자인",
        "SentimentText": "디자인에 만족하나",
        "SentimentWord": "2",
        "SentimentPolarity": "1"
      }
    ]
  },
  {
    "Index": "4980",
    "RawText": "가격대그대로고 할인도 없네요. 제품에 미세한 스크레치가 있어서 실망감이 큽니다 배송이나설치가너무느림니다 ",
    "Source": "SNS",
    "Domain": "가전",
    "MainCategory": "생활/미용/욕실가전",
    "ProductName": "(TV_3만원할인) 노비타 비데 BD-SH600",
    "ReviewScore": "80",
    "Syllable": "58",
    "Word": "10",
    "RDate": "20190501",
    "Aspects": [
      {
        "Aspect": "가격",
        "SentimentText": "가격대그대로고 할인도 없네요",
        "SentimentWord": "3",
        "SentimentPolarity": "-1"
      },
      {
        "Aspect": "품질",
        "SentimentText": "제품에 미세한 스크레치가 있어서 실망감이 큽니다",
        "SentimentWord": "6",
        "SentimentPolarity": "-1"
      }
    ]
  },
  {
    "Index": "4981",
    "RawText": "가격대비  사용하는데성능   편리한청소 디자인 모두 맘에  들어요 만족이 커서 추천합니다            ",
    "Source": "SNS",
    "Domain": "가전",
    "MainCategory": "생활/미용/욕실가전",
    "ProductName": "(TV_3만원할인) 노비타 비데 BD-SH600",
    "ReviewScore": "100",
    "Syllable": "61",
    "Word": "10",
    "RDate": "20190423",
    "GeneralPolarity": "1",
    "Aspects": [
      {
        "Aspect": "가격",
        "SentimentText": "가격대비  사용하는데성능   편리한청소 디자인 모두 맘에  들어요",
        "SentimentWord": "7",
        "SentimentPolarity": "1"
      },
      {
        "Aspect": "기능",
        "SentimentText": "사용하는데성능   편리한청소 디자인 모두 맘에  들어요",
        "SentimentWord": "6",
        "SentimentPolarity": "1"
      },
      {
        "Aspect": "편의성",
        "SentimentText": "편리한청소 디자인 모두 맘에  들어요",
        "SentimentWord": "5",
        "SentimentPolarity": "1"
      },
      {
        "Aspect": "디자인",
        "SentimentText": "디자인 모두 맘에  들어요",
        "SentimentWord": "4",
        "SentimentPolarity": "1"
      }
    ]
  },
  {
    "Index": "4982",
    "RawText": "가격대비 가성비는 최고 입니다 수압이 조금 낮지만 기능 사용하기에는 최고 여자한테는 더 조아요",
    "Source": "SNS",
    "Domain": "가전",
    "MainCategory": "생활/미용/욕실가전",
    "ProductName": "(TV_3만원할인) 노비타 비데 BD-SH600",
    "ReviewScore": "100",
    "Syllable": "52",
    "Word": "13",
    "RDate": "20190408",
    "GeneralPolarity": "1",
    "Aspects": [
      {
        "Aspect": "가격",
        "SentimentText": "가격대비 가성비는 최고 입니다",
        "SentimentWord": "4",
        "SentimentPolarity": "1"
      },
      {
        "Aspect": "기능",
        "SentimentText": "수압이 조금 낮지만 기능 사용하기에는 최고",
        "SentimentWord": "6",
        "SentimentPolarity": "0"
      },
      {
        "Aspect": "기능",
        "SentimentText": "기능 사용하기에는 최고 여자한테는 더 조아요",
        "SentimentWord": "6",
        "SentimentPolarity": "1"
      }
    ]
  },
  {
    "Index": "4983",
    "RawText": "가성비는 값이네요 6개월에 한번씩 필터만 교체해주면된다고하니 편해요. 설치기사님도 친절하시네요 젤로좋은건 리모컨 디자인이 무선으로 벽에 부착되는거네요 비데에붙어있으면 물튀기고 잔고장 심하던데 무선이라 좋네요 욕실이 넓지않으신분 추천",
    "Source": "SNS",
    "Domain": "가전",
    "MainCategory": "생활/미용/욕실가전",
    "ProductName": "(TV_3만원할인) 노비타 비데 BD-SH600",
    "ReviewScore": "100",
    "Syllable": "129",
    "Word": "24",
    "RDate": "20190121",
    "Aspects": [
      {
        "Aspect": "가격",
        "SentimentText": "가성비는 값이네요",
        "SentimentWord": "2",
        "SentimentPolarity": "1"
      },
      {
        "Aspect": "편의성",
        "SentimentText": "6개월에 한번씩 필터만 교체해주면된다고하니 편해요.",
        "SentimentWord": "5",
        "SentimentPolarity": "1"
      },
      {
        "Aspect": "디자인",
        "SentimentText": "젤로좋은건 리모컨 디자인이 무선으로 벽에 부착되는거네요 ",
        "SentimentWord": "6",
        "SentimentPolarity": "1"
      },
      {
        "Aspect": "기능",
        "SentimentText": "비데에붙어있으면 물튀기고 잔고장 심하던데 무선이라 좋네요",
        "SentimentWord": "6",
        "SentimentPolarity": "1"
      }
    ]
  },
  {
    "Index": "4984",
    "RawText": "가족모두 편리함에 만족합니다 근데 엄마 혼자 집에 계셨는데 설치기사님이 조금 무서우셨대요~  기계는 성능이 좋은것 같아요 싸게 잘샀어요 ",
    "Source": "SNS",
    "Domain": "가전",
    "MainCategory": "생활/미용/욕실가전",
    "ProductName": "(TV_3만원할인) 노비타 비데 BD-SH600",
    "ReviewScore": "100",
    "Syllable": "76",
    "Word": "17",
    "RDate": "20190201",
    "GeneralPolarity": "1",
    "Aspects": [
      {
        "Aspect": "편의성",
        "SentimentText": "편리함에 만족합니다",
        "SentimentWord": "2",
        "SentimentPolarity": "1"
      },
      {
        "Aspect": "기능",
        "SentimentText": "성능이 좋은것 같아요",
        "SentimentWord": "3",
        "SentimentPolarity": "1"
      },
      {
        "Aspect": "가격",
        "SentimentText": " 싸게 잘샀어요",
        "SentimentWord": "2",
        "SentimentPolarity": "1"
      }
    ]
  },
  {
    "Index": "4985",
    "RawText": "기사님도 친절하시고 비데 사용하는데편해요. 제풍구성에 리모컨있어서  원하는 곳에 붙여서 사용할 수 있네요",
    "Source": "SNS",
    "Domain": "가전",
    "MainCategory": "생활/미용/욕실가전",
    "ProductName": "(TV_3만원할인) 노비타 비데 BD-SH600",
    "ReviewScore": "100",
    "Syllable": "58",
    "Word": "12",
    "RDate": "20190208",
    "Aspects": [
      {
        "Aspect": "편의성",
        "SentimentText": "비데 사용하는데편해요.",
        "SentimentWord": "2",
        "SentimentPolarity": "1"
      },
      {
        "Aspect": "제품구성",
        "SentimentText": "제풍구성에 리모컨있어서  원하는 곳에 붙여서 사용할 수 있네요",
        "SentimentWord": "8",
        "SentimentPolarity": "1"
      }
    ]
  },
  {
    "Index": "4986",
    "RawText": "기사님이 친철하게 설치 해주시고 설명해주셨어요 리모컨이 벽에 부착되는 디자인이라 마음에 듭니다 사용방법 세척도 간단 합니다   ",
    "Source": "SNS",
    "Domain": "가전",
    "MainCategory": "생활/미용/욕실가전",
    "ProductName": "(TV_3만원할인) 노비타 비데 BD-SH600",
    "ReviewScore": "100",
    "Syllable": "71",
    "Word": "15",
    "RDate": "20190330",
    "Aspects": [
      {
        "Aspect": "디자인",
        "SentimentText": "리모컨이 벽에 부착되는 디자인이라 마음에 듭니다",
        "SentimentWord": "6",
        "SentimentPolarity": "1"
      },
      {
        "Aspect": "편의성",
        "SentimentText": "사용방법 세척도 간단 합니다",
        "SentimentWord": "4",
        "SentimentPolarity": "1"
      }
    ]
  },
  {
    "Index": "4987",
    "RawText": "기사분께서 비오시는데두 빨리설치해주셔서좋았어요~ 기능도좋구 디자인이 깔끔해요",
    "Source": "SNS",
    "Domain": "가전",
    "MainCategory": "생활/미용/욕실가전",
    "ProductName": "(TV_3만원할인) 노비타 비데 BD-SH600",
    "ReviewScore": "100",
    "Syllable": "42",
    "Word": "6",
    "RDate": "20190322",
    "Aspects": [
      {
        "Aspect": "기능",
        "SentimentText": "기능도좋구 디자인이 깔끔해요",
        "SentimentWord": "3",
        "SentimentPolarity": "1"
      },
      {
        "Aspect": "디자인",
        "SentimentText": "디자인이 깔끔해요",
        "SentimentWord": "2",
        "SentimentPolarity": "1"
      }
    ]
  },
  {
    "Index": "4988",
    "RawText": "기사분이 친절하시고 바로 오셔서 설치해주셔서 좋았습니다. 엉덩이 따뜻하게 해주는 기능이 정말 추운겨울에 안성맞춤이에요 사용법도 어렵지가 않아서 너무 좋아요. ",
    "Source": "SNS",
    "Domain": "가전",
    "MainCategory": "생활/미용/욕실가전",
    "ProductName": "(TV_3만원할인) 노비타 비데 BD-SH600",
    "ReviewScore": "100",
    "Syllable": "88",
    "Word": "18",
    "RDate": "20190307",
    "Aspects": [
      {
        "Aspect": "기능",
        "SentimentText": "엉덩이 따뜻하게 해주는 기능이 정말 추운겨울에 안성맞춤이에요",
        "SentimentWord": "7",
        "SentimentPolarity": "1"
      },
      {
        "Aspect": "조작성",
        "SentimentText": "사용법도 어렵지가 않아서 너무 좋아요.",
        "SentimentWord": "5",
        "SentimentPolarity": "1"
      }
    ]
  },
  {
    "Index": "4989",
    "RawText": "디자인이 너무 예브고 사용이 편안해요 더 더욱 좋은건 따로된 리모콘이요 큼직하니 조작도 편해요",
    "Source": "SNS",
    "Domain": "가전",
    "MainCategory": "생활/미용/욕실가전",
    "ProductName": "(TV_3만원할인) 노비타 비데 BD-SH600",
    "ReviewScore": "100",
    "Syllable": "52",
    "Word": "13",
    "RDate": "20190408",
    "GeneralPolarity": "1",
    "Aspects": [
      {
        "Aspect": "디자인",
        "SentimentText": "디자인이 너무 예브고",
        "SentimentWord": "3",
        "SentimentPolarity": "1"
      },
      {
        "Aspect": "편의성",
        "SentimentText": "사용이 편안해요",
        "SentimentWord": "2",
        "SentimentPolarity": "1"
      },
      {
        "Aspect": "제품구성",
        "SentimentText": "더 더욱 좋은건 따로된 리모콘이요 ",
        "SentimentWord": "5",
        "SentimentPolarity": "1"
      },
      {
        "Aspect": "편의성",
        "SentimentText": "조작도 편해요",
        "SentimentWord": "2",
        "SentimentPolarity": "1"
      }
    ]
  },
  {
    "Index": "4990",
    "RawText": "넘 좋네요. . 설치도 기사님이 완벽하게 짱짱입니다.세정력도 좋고 고급형 리모컨형인것도 넘 좋아요",
    "Source": "SNS",
    "Domain": "가전",
    "MainCategory": "생활/미용/욕실가전",
    "ProductName": "(TV_3만원할인) 노비타 비데 BD-SH600",
    "ReviewScore": "100",
    "Syllable": "54",
    "Word": "12",
    "RDate": "20190219",
    "Aspects": [
      {
        "Aspect": "기능",
        "SentimentText": "세정력도 좋고",
        "SentimentWord": "2",
        "SentimentPolarity": "1"
      },
      {
        "Aspect": "제품구성",
        "SentimentText": "고급형 리모컨형인것도 넘 좋아요",
        "SentimentWord": "4",
        "SentimentPolarity": "1"
      }
    ]
  },
  {
    "Index": "4991",
    "RawText": "ㅇㅇ쓰다 바꿨는데 사이즈가  작아요 아쉽네요 ㅡ 그래도 물줄기는 더 부드러워 그건 좋네요",
    "Source": "SNS",
    "Domain": "가전",
    "MainCategory": "생활/미용/욕실가전",
    "ProductName": "(TV_3만원할인) 노비타 비데 BD-SH600",
    "ReviewScore": "100",
    "Syllable": "49",
    "Word": "12",
    "RDate": "20190305",
    "GeneralPolarity": "0",
    "Aspects": [
      {
        "Aspect": "사이즈",
        "SentimentText": "ㅇㅇ쓰다 바꿨는데 사이즈가  작아요 아쉽네요ㅡ",
        "SentimentWord": "5",
        "SentimentPolarity": "-1"
      },
      {
        "Aspect": "기능",
        "SentimentText": " 물줄기는 더 부드러워 그건 좋네요",
        "SentimentWord": "5",
        "SentimentPolarity": "1"
      }
    ]
  },
  {
    "Index": "4992",
    "RawText": "디자인도 예쁘고 사용하기편리하고 좋아요~^^ 저희집 비데의 답은 OOO 입니다!! ",
    "Source": "SNS",
    "Domain": "가전",
    "MainCategory": "생활/미용/욕실가전",
    "ProductName": "(TV_3만원할인) 노비타 비데 BD-SH600",
    "ReviewScore": "100",
    "Syllable": "46",
    "Word": "9",
    "RDate": "20190529",
    "GeneralPolarity": "1",
    "Aspects": [
      {
        "Aspect": "디자인",
        "SentimentText": "디자인도 예쁘고 사용하기편리하고 좋아요~^^",
        "SentimentWord": "4",
        "SentimentPolarity": "1"
      },
      {
        "Aspect": "편의성",
        "SentimentText": "사용하기편리하고 좋아요~^^",
        "SentimentWord": "2",
        "SentimentPolarity": "1"
      },
      {
        "Aspect": "제조일/제조사",
        "SentimentText": "저희집 비데의 답은 OOO 입니다!!",
        "SentimentWord": "5",
        "SentimentPolarity": "1"
      }
    ]
  },
  {
    "Index": "4993",
    "RawText": "리모컨 비데라 청소하기도 좋고 습기 때문에 걱정도 덜고 아주 좋아요. 가격도 아주 싸게 잘 구입했네요. 쓰기편해서 잘 사용하고 있습니다.",
    "Source": "SNS",
    "Domain": "가전",
    "MainCategory": "생활/미용/욕실가전",
    "ProductName": "(TV_3만원할인) 노비타 비데 BD-SH600",
    "ReviewScore": "100",
    "Syllable": "76",
    "Word": "19",
    "RDate": "20190120",
    "GeneralPolarity": "1",
    "Aspects": [
      {
        "Aspect": "제품구성",
        "SentimentText": "리모컨 비데라 청소하기도 좋고 ",
        "SentimentWord": "4",
        "SentimentPolarity": "1"
      },
      {
        "Aspect": "편의성",
        "SentimentText": "습기 때문에 걱정도 덜고 아주 좋아요. ",
        "SentimentWord": "6",
        "SentimentPolarity": "1"
      },
      {
        "Aspect": "가격",
        "SentimentText": "가격도 아주 싸게 잘 구입했네요.",
        "SentimentWord": "5",
        "SentimentPolarity": "1"
      },
      {
        "Aspect": "조작성",
        "SentimentText": "쓰기편해서 잘 사용하고 있습니다.",
        "SentimentWord": "4",
        "SentimentPolarity": "1"
      }
    ]
  },
  {
    "Index": "4994",
    "RawText": "리모컨형이라 편리하고 노즐부분도 스테인레스라 위생적입니다. 클린기능도 맘에 듭니다",
    "Source": "SNS",
    "Domain": "가전",
    "MainCategory": "생활/미용/욕실가전",
    "ProductName": "(TV_3만원할인) 노비타 비데 BD-SH600",
    "ReviewScore": "80",
    "Syllable": "45",
    "Word": "8",
    "RDate": "20190501",
    "GeneralPolarity": "1",
    "Aspects": [
      {
        "Aspect": "조작성",
        "SentimentText": "리모컨형이라 편리하고",
        "SentimentWord": "2",
        "SentimentPolarity": "1"
      },
      {
        "Aspect": "소재",
        "SentimentText": "노즐부분도 스테인레스라 위생적입니다.",
        "SentimentWord": "3",
        "SentimentPolarity": "1"
      },
      {
        "Aspect": "기능",
        "SentimentText": "클린기능도 맘에 듭니다",
        "SentimentWord": "3",
        "SentimentPolarity": "1"
      }
    ]
  },
  {
    "Index": "4995",
    "RawText": "리모콘이라 편해요 비데 작용시 앞쪽으로 물이 튀는 경향이 있네요  노즐위치 변경이 안되니 아쉽네요",
    "Source": "SNS",
    "Domain": "가전",
    "MainCategory": "생활/미용/욕실가전",
    "ProductName": "(TV_3만원할인) 노비타 비데 BD-SH600",
    "ReviewScore": "100",
    "Syllable": "54",
    "Word": "13",
    "RDate": "20190429",
    "Aspects": [
      {
        "Aspect": "편의성",
        "SentimentText": "리모콘이라 편해요",
        "SentimentWord": "2",
        "SentimentPolarity": "1"
      },
      {
        "Aspect": "기능",
        "SentimentText": "비데 작용시 앞쪽으로 물이 튀는 경향이 있네요",
        "SentimentWord": "7",
        "SentimentPolarity": "-1"
      },
      {
        "Aspect": "기능",
        "SentimentText": "노즐위치 변경이 안되니 아쉽네요",
        "SentimentWord": "4",
        "SentimentPolarity": "-1"
      }
    ]
  },
  {
    "Index": "4996",
    "RawText": "무선리모콘 너무좋고  노즐 조절을 세밀하게 할 수 있어서 쾌적해요 기존 비데 수거 서비스까지 해주니  최곱니다 ",
    "Source": "SNS",
    "Domain": "가전",
    "MainCategory": "생활/미용/욕실가전",
    "ProductName": "(TV_3만원할인) 노비타 비데 BD-SH600",
    "ReviewScore": "100",
    "Syllable": "62",
    "Word": "15",
    "RDate": "20190308",
    "Aspects": [
      {
        "Aspect": "제품구성",
        "SentimentText": "무선리모콘 너무좋고",
        "SentimentWord": "2",
        "SentimentPolarity": "1"
      },
      {
        "Aspect": "조작성",
        "SentimentText": "노즐 조절을 세밀하게 할 수 있어서 쾌적해요",
        "SentimentWord": "7",
        "SentimentPolarity": "1"
      }
    ]
  },
  {
    "Index": "4997",
    "RawText": "무슨 말이 필요합니까  OO비데 믿음가는 제품이고 설치 기사님도 친절해서 좋구  비데 성능좋구 강추합니다",
    "Source": "SNS",
    "Domain": "가전",
    "MainCategory": "생활/미용/욕실가전",
    "ProductName": "(TV_3만원할인) 노비타 비데 BD-SH600",
    "ReviewScore": "100",
    "Syllable": "58",
    "Word": "13",
    "RDate": "20190115",
    "Aspects": [
      {
        "Aspect": "제조일/제조사",
        "SentimentText": "OO비데 믿음가는 제품이고",
        "SentimentWord": "3",
        "SentimentPolarity": "1"
      },
      {
        "Aspect": "기능",
        "SentimentText": "비데 성능좋구 강추합니다",
        "SentimentWord": "3",
        "SentimentPolarity": "1"
      }
    ]
  },
  {
    "Index": "4998",
    "RawText": "물줄기도쎄고 기사님도친절하셨어요. 근데 노즐이 좀 짧은지 뒤로바짝앉아야해요 그래도가격대비만족이용",
    "Source": "SNS",
    "Domain": "가전",
    "MainCategory": "생활/미용/욕실가전",
    "ProductName": "(TV_3만원할인) 노비타 비데 BD-SH600",
    "ReviewScore": "100",
    "Syllable": "53",
    "Word": "8",
    "RDate": "20190411",
    "Aspects": [
      {
        "Aspect": "기능",
        "SentimentText": "물줄기도쎄고",
        "SentimentWord": "1",
        "SentimentPolarity": "1"
      },
      {
        "Aspect": "사이즈",
        "SentimentText": "근데 노즐이 좀 짧은지 뒤로바짝앉아야해요",
        "SentimentWord": "5",
        "SentimentPolarity": "-1"
      },
      {
        "Aspect": "가격",
        "SentimentText": "그래도가격대비만족이용",
        "SentimentWord": "1",
        "SentimentPolarity": "1"
      }
    ]
  },
  {
    "Index": "4999",
    "RawText": "배송 기사님 친절하게 잘 해주셔서 감사 합니다. 리모컨 이어서 편리 합니다. 호스부문이 노출 되어 있어서 아쉽네요. 가성비 좋습니다. 필터 포함이고, 기존 비데는 수거해 가서 깔끔하게 마무리 되었습니다.",
    "Source": "SNS",
    "Domain": "가전",
    "MainCategory": "생활/미용/욕실가전",
    "ProductName": "(TV_3만원할인) 노비타 비데 BD-SH600",
    "ReviewScore": "100",
    "Syllable": "113",
    "Word": "27",
    "RDate": "20190125",
    "Aspects": [
      {
        "Aspect": "편의성",
        "SentimentText": "리모컨 이어서 편리 합니다. ",
        "SentimentWord": "4",
        "SentimentPolarity": "1"
      },
      {
        "Aspect": "품질",
        "SentimentText": " 호스부문이 노출 되어 있어서 아쉽네요. ",
        "SentimentWord": "5",
        "SentimentPolarity": "-1"
      },
      {
        "Aspect": "가격",
        "SentimentText": "가성비 좋습니다.",
        "SentimentWord": "2",
        "SentimentPolarity": "1"
      }
    ]
  },
  {
    "Index": "5000",
    "RawText": "배송, 설치 다 맘에듭니다 3중 클린기능이 있어 걱정없어요 겁나쓰기조아요 편하구요",
    "Source": "SNS",
    "Domain": "가전",
    "MainCategory": "생활/미용/욕실가전",
    "ProductName": "(TV_3만원할인) 노비타 비데 BD-SH600",
    "ReviewScore": "100",
    "Syllable": "45",
    "Word": "10",
    "RDate": "20190418",
    "Aspects": [
      {
        "Aspect": "기능",
        "SentimentText": "3중 클린기능이 있어 걱정없어요",
        "SentimentWord": "4",
        "SentimentPolarity": "1"
      },
      {
        "Aspect": "편의성",
        "SentimentText": "겁나쓰기조아요 편하구요",
        "SentimentWord": "2",
        "SentimentPolarity": "1"
      }
    ]
  },
  {
    "Index": "5001",
    "RawText": "배송과 설치는 10일정도 소요되어 기다리기 힘들었지만 제품은 품질  만족합니다.  가격도 할인 적용이 되어 저렴하게 사서 좋아용~~ 설치해주신 기사님도 친절하셨구요..제품 마음에 들어요 잘 사용할께요~",
    "Source": "SNS",
    "Domain": "가전",
    "MainCategory": "생활/미용/욕실가전",
    "ProductName": "(TV_3만원할인) 노비타 비데 BD-SH600",
    "ReviewScore": "100",
    "Syllable": "112",
    "Word": "23",
    "RDate": "20190309",
    "Aspects": [
      {
        "Aspect": "품질",
        "SentimentText": "제품은 품질 만족합니다. ",
        "SentimentWord": "3",
        "SentimentPolarity": "1"
      },
      {
        "Aspect": "가격",
        "SentimentText": "가격도 할인 적용이 되어 저렴하게 사서 좋아용~~",
        "SentimentWord": "7",
        "SentimentPolarity": "1"
      }
    ]
  },
  {
    "Index": "5002",
    "RawText": "배송도 빠르고  깔끔한 화이트 화장실이 더 깨끗해졌어요 간편하게 사용할 수 있어요. 감시합니다.",
    "Source": "SNS",
    "Domain": "가전",
    "MainCategory": "생활/미용/욕실가전",
    "ProductName": "(TV_3만원할인) 노비타 비데 BD-SH600",
    "ReviewScore": "100",
    "Syllable": "53",
    "Word": "12",
    "RDate": "20190306",
    "Aspects": [
      {
        "Aspect": "색상",
        "SentimentText": "깔끔한 화이트 화장실이 더 깨끗해졌어요",
        "SentimentWord": "5",
        "SentimentPolarity": "1"
      },
      {
        "Aspect": "편의성",
        "SentimentText": "간편하게 사용할 수 있어요.",
        "SentimentWord": "4",
        "SentimentPolarity": "1"
      }
    ]
  },
  {
    "Index": "5003",
    "RawText": "배송도 생각보다빠르고 좋았어요 성능은 기대이상으로 좋고~~ 워낙 유명 브랜드라 안심하고 사용해요 잘쓰겠습니다",
    "Source": "SNS",
    "Domain": "가전",
    "MainCategory": "생활/미용/욕실가전",
    "ProductName": "(TV_3만원할인) 노비타 비데 BD-SH600",
    "ReviewScore": "100",
    "Syllable": "60",
    "Word": "12",
    "RDate": "20181216",
    "Aspects": [
      {
        "Aspect": "기능",
        "SentimentText": "성능은 기대이상으로 좋고~~",
        "SentimentWord": "3",
        "SentimentPolarity": "1"
      },
      {
        "Aspect": "제조일/제조사",
        "SentimentText": "워낙 유명 브랜드라 안심하고 사용해요",
        "SentimentWord": "5",
        "SentimentPolarity": "1"
      }
    ]
  },
  {
    "Index": "5004",
    "RawText": "배송도완전빠르고..기사아저씨도친절하시네요.. 스테인리스 소재라 걱정은 넣어둬~ 가격도 초초초 저렴하게 구입해서 마음이 업업~",
    "Source": "SNS",
    "Domain": "가전",
    "MainCategory": "생활/미용/욕실가전",
    "ProductName": "(TV_3만원할인) 노비타 비데 BD-SH600",
    "ReviewScore": "100",
    "Syllable": "69",
    "Word": "11",
    "RDate": "20190212",
    "Aspects": [
      {
        "Aspect": "소재",
        "SentimentText": "스테인리스 소재라 걱정은 넣어둬~",
        "SentimentWord": "4",
        "SentimentPolarity": "1"
      },
      {
        "Aspect": "가격",
        "SentimentText": "가격도 초초초 저렴하게 구입해서 마음이 업업~",
        "SentimentWord": "6",
        "SentimentPolarity": "1"
      }
    ]
  },
  {
    "Index": "5005",
    "RawText": "버튼이 물에 젖지않게 따로있어좋구  수압도 쎄드라구요  만족합니다 .",
    "Source": "SNS",
    "Domain": "가전",
    "MainCategory": "생활/미용/욕실가전",
    "ProductName": "(TV_3만원할인) 노비타 비데 BD-SH600",
    "ReviewScore": "100",
    "Syllable": "38",
    "Word": "8",
    "RDate": "20190129",
    "GeneralPolarity": "1",
    "Aspects": [
      {
        "Aspect": "제품구성",
        "SentimentText": "버튼이 물에 젖지않게 따로있어좋구",
        "SentimentWord": "4",
        "SentimentPolarity": "1"
      },
      {
        "Aspect": "기능",
        "SentimentText": "수압도 쎄드라구요  만족합니다 .",
        "SentimentWord": "4",
        "SentimentPolarity": "1"
      }
    ]
  },
  {
    "Index": "5006",
    "RawText": "버튼이벽에있어 청소하기도 편하고 성능은 기본이구요. 넘좋네요.",
    "Source": "SNS",
    "Domain": "가전",
    "MainCategory": "생활/미용/욕실가전",
    "ProductName": "(TV_3만원할인) 노비타 비데 BD-SH600",
    "ReviewScore": "100",
    "Syllable": "34",
    "Word": "6",
    "RDate": "20190506",
    "GeneralPolarity": "1",
    "Aspects": [
      {
        "Aspect": "편의성",
        "SentimentText": "버튼이벽에있어 청소하기도 편하고",
        "SentimentWord": "3",
        "SentimentPolarity": "1"
      },
      {
        "Aspect": "기능",
        "SentimentText": "성능은 기본이구요. 넘좋네요.",
        "SentimentWord": "3",
        "SentimentPolarity": "1"
      }
    ]
  },
  {
    "Index": "5007",
    "RawText": "빠른배송 감사합니다 건조기능도 탁월해서 좋아요 다른제품쓰다 바뀠는데 사용해보니 품질이 만족이예요",
    "Source": "SNS",
    "Domain": "가전",
    "MainCategory": "생활/미용/욕실가전",
    "ProductName": "(TV_3만원할인) 노비타 비데 BD-SH600",
    "ReviewScore": "100",
    "Syllable": "53",
    "Word": "10",
    "RDate": "20181202",
    "Aspects": [
      {
        "Aspect": "기능",
        "SentimentText": "건조기능도 탁월해서 좋아요",
        "SentimentWord": "3",
        "SentimentPolarity": "1"
      },
      {
        "Aspect": "품질",
        "SentimentText": "다른제품쓰다 바뀠는데 사용해보니 품질이 만족이예요",
        "SentimentWord": "5",
        "SentimentPolarity": "1"
      }
    ]
  },
  {
    "Index": "5008",
    "RawText": "설치 깔끔하게 잘해주셨고 노즐 물세기도 적당하고 사용감이 굿 제품구성 설명서에 상세설명이 있어서 사용하기 좋아요",
    "Source": "SNS",
    "Domain": "가전",
    "MainCategory": "생활/미용/욕실가전",
    "ProductName": "(TV_3만원할인) 노비타 비데 BD-SH600",
    "ReviewScore": "100",
    "Syllable": "62",
    "Word": "14",
    "RDate": "20190416",
    "Aspects": [
      {
        "Aspect": "기능",
        "SentimentText": "노즐 물세기도 적당하고 사용감이 굿",
        "SentimentWord": "5",
        "SentimentPolarity": "1"
      },
      {
        "Aspect": "제품구성",
        "SentimentText": "제품구성 설명서에 상세설명이 있어서 사용하기 좋아요",
        "SentimentWord": "6",
        "SentimentPolarity": "1"
      }
    ]
  },
  {
    "Index": "5009",
    "RawText": "설치기사님이 잘 설치해주시고  온수도 잘나오고 엉덩이도 따땃하고 겨울에 더 이용하기 좋아요 제품의 퀄리티가 아주 좋아요",
    "Source": "SNS",
    "Domain": "가전",
    "MainCategory": "생활/미용/욕실가전",
    "ProductName": "(TV_3만원할인) 노비타 비데 BD-SH600",
    "ReviewScore": "100",
    "Syllable": "66",
    "Word": "15",
    "RDate": "20190409",
    "Aspects": [
      {
        "Aspect": "기능",
        "SentimentText": "온수도 잘나오고 엉덩이도 따땃하고 겨울에 더 이용하기 좋아요",
        "SentimentWord": "8",
        "SentimentPolarity": "1"
      },
      {
        "Aspect": "품질",
        "SentimentText": "제품의 퀄리티가 아주 좋아요",
        "SentimentWord": "4",
        "SentimentPolarity": "1"
      }
    ]
  },
  {
    "Index": "5010",
    "RawText": "설치도 빠르고 설치기사님 설명도 친절하시네요. 해피콜 후 원하는 시간에 정확히 오셨습니다 만족해요 ooo 브랜드 믿고 구입했는데 예상대로에요 그러나 디자인 좀 싼티 나 보여서 별루입니다",
    "Source": "SNS",
    "Domain": "가전",
    "MainCategory": "생활/미용/욕실가전",
    "ProductName": "(TV_3만원할인) 노비타 비데 BD-SH600",
    "ReviewScore": "100",
    "Syllable": "103",
    "Word": "24",
    "RDate": "20190123",
    "Aspects": [
      {
        "Aspect": "제조일/제조사",
        "SentimentText": "ooo 브랜드 믿고 구입했는데 예상대로에요",
        "SentimentWord": "5",
        "SentimentPolarity": "1"
      },
      {
        "Aspect": "디자인",
        "SentimentText": "그러나 디자인 좀 싼티 나 보여서 별루입니다",
        "SentimentWord": "7",
        "SentimentPolarity": "-1"
      }
    ]
  },
  {
    "Index": "5011",
    "RawText": "어머님댁에 놔드렷어요. 설치 잘 해주셧고 친절하셧고.. 울어머님 비데있어서 편하다고 좋아하세요 품질이 고 퀄리티 ㅋㅋㅋ 너무 좋앙~         ",
    "Source": "SNS",
    "Domain": "가전",
    "MainCategory": "생활/미용/욕실가전",
    "ProductName": "(TV_3만원할인) 노비타 비데 BD-SH600",
    "ReviewScore": "100",
    "Syllable": "82",
    "Word": "16",
    "RDate": "20190423",
    "Aspects": [
      {
        "Aspect": "품질",
        "SentimentText": "품질이 고 퀄리티 ㅋㅋㅋ 너무 좋앙~",
        "SentimentWord": "6",
        "SentimentPolarity": "1"
      },
      {
        "Aspect": "편의성",
        "SentimentText": "울어머님 비데있어서 편하다고 좋아하세요",
        "SentimentWord": "4",
        "SentimentPolarity": "1"
      }
    ]
  },
  {
    "Index": "5012",
    "RawText": "이전에도 000 비데를 사용하고 있는데 편리하고 고장이 없어 신제품 000 비데BD-SH를 구입하게 되었습니다. 디자인도 심플하고 무엇보다 리모컨이 분리되어 있어 사용하기에 더욱 좋습니다. ",
    "Source": "SNS",
    "Domain": "가전",
    "MainCategory": "생활/미용/욕실가전",
    "ProductName": "(TV_3만원할인) 노비타 비데 BD-SH600",
    "ReviewScore": "100",
    "Syllable": "106",
    "Word": "22",
    "RDate": "20190225",
    "GeneralPolarity": "1",
    "Aspects": [
      {
        "Aspect": "편의성",
        "SentimentText": " 000 비데를 사용하고 있는데 편리하고 고장이 없어 ",
        "SentimentWord": "7",
        "SentimentPolarity": "1"
      },
      {
        "Aspect": "디자인",
        "SentimentText": "디자인도 심플하고",
        "SentimentWord": "2",
        "SentimentPolarity": "1"
      },
      {
        "Aspect": "제품구성",
        "SentimentText": "리모컨이 분리되어 있어 사용하기에 더욱 좋습니다.",
        "SentimentWord": "6",
        "SentimentPolarity": "1"
      },
      {
        "Aspect": "편의성",
        "SentimentText": "사용하기에 더욱 좋습니다.",
        "SentimentWord": "3",
        "SentimentPolarity": "1"
      }
    ]
  },
  {
    "Index": "5013",
    "RawText": "좋은 제품  굿 품질 말해 모해요~ 응아하고 찝찝했는데 깔끔히 해결해 줘 고마워용  빠른 배송 만족합니다. 잘 사용 중이네요.",
    "Source": "SNS",
    "Domain": "가전",
    "MainCategory": "생활/미용/욕실가전",
    "ProductName": "(TV_3만원할인) 노비타 비데 BD-SH600",
    "ReviewScore": "100",
    "Syllable": "70",
    "Word": "18",
    "RDate": "20190209",
    "Aspects": [
      {
        "Aspect": "품질",
        "SentimentText": "좋은 제품  굿 품질 말해 모해요~",
        "SentimentWord": "6",
        "SentimentPolarity": "1"
      },
      {
        "Aspect": "편의성",
        "SentimentText": "응아하고 찝찝했는데 깔끔히 해결해 줘 고마워용",
        "SentimentWord": "6",
        "SentimentPolarity": "1"
      }
    ]
  },
  {
    "Index": "5014",
    "RawText": "좋은 제품 품질이 좋은 거 사서 감사해요~ 좋은 가격으로 구매했어요 배송도 정말 빨랐고 기사님이 설치 다 해 주셔서 좋았습니다 많이 파세요",
    "Source": "SNS",
    "Domain": "가전",
    "MainCategory": "생활/미용/욕실가전",
    "ProductName": "(TV_3만원할인) 노비타 비데 BD-SH600",
    "ReviewScore": "100",
    "Syllable": "77",
    "Word": "21",
    "RDate": "20190126",
    "Aspects": [
      {
        "Aspect": "품질",
        "SentimentText": "좋은 제품 품질이 좋은 거 사서 감사해요~",
        "SentimentWord": "7",
        "SentimentPolarity": "1"
      },
      {
        "Aspect": "가격",
        "SentimentText": "좋은 가격으로 구매했어요",
        "SentimentWord": "3",
        "SentimentPolarity": "1"
      }
    ]
  }
]