[
  {
    "Index": "6015",
    "RawText": "가벼워서 손목에 무리가 없고 불이 들어와  청소하기  편해요 흡입력은 조금 약해요 ",
    "Source": "SNS",
    "Domain": "가전",
    "MainCategory": "생활/미용/욕실가전",
    "ProductName": "(TV_직송) 캐치웰 C10 프리미엄 무선 청소기+충전거치대",
    "ReviewScore": "100",
    "Syllable": "46",
    "Word": "11",
    "RDate": "20210925",
    "GeneralPolarity": "0",
    "Aspects": [
      {
        "Aspect": "무게",
        "SentimentText": "가벼워서 손목에 무리가 없고",
        "SentimentWord": "4",
        "SentimentPolarity": "1"
      },
      {
        "Aspect": "편의성",
        "SentimentText": "불이 들어와  청소하기  편해요",
        "SentimentWord": "4",
        "SentimentPolarity": "1"
      },
      {
        "Aspect": "기능",
        "SentimentText": "흡입력은 조금 약해요",
        "SentimentWord": "3",
        "SentimentPolarity": "-1"
      }
    ]
  },
  {
    "Index": "6016",
    "RawText": "가벼워서 손목에 무리가 없으며 선없이 자유자재로 움직이며 청소하기 용이합니다. 흡입력도 좋아서  정말 좋아요~",
    "Source": "SNS",
    "Domain": "가전",
    "MainCategory": "생활/미용/욕실가전",
    "ProductName": "(TV_직송) 캐치웰 C10 프리미엄 무선 청소기+충전거치대",
    "ReviewScore": "100",
    "Syllable": "61",
    "Word": "13",
    "RDate": "20220113",
    "GeneralPolarity": "1",
    "Aspects": [
      {
        "Aspect": "무게",
        "SentimentText": "가벼워서 손목에 무리가 없으며",
        "SentimentWord": "4",
        "SentimentPolarity": "1"
      },
      {
        "Aspect": "편의성",
        "SentimentText": "선없이 자유자재로 움직이며 청소하기 용이합니다.",
        "SentimentWord": "5",
        "SentimentPolarity": "1"
      },
      {
        "Aspect": "기능",
        "SentimentText": " 흡입력도 좋아서  정말 좋아요~",
        "SentimentWord": "4",
        "SentimentPolarity": "1"
      }
    ]
  },
  {
    "Index": "6017",
    "RawText": "가볍고 소리가 적게나서 저녁에 청소해도 맘편히 할수있어서 좋아요",
    "Source": "SNS",
    "Domain": "가전",
    "MainCategory": "생활/미용/욕실가전",
    "ProductName": "(TV_직송) 캐치웰 C10 프리미엄 무선 청소기+충전거치대",
    "ReviewScore": "100",
    "Syllable": "35",
    "Word": "8",
    "RDate": "20210925",
    "GeneralPolarity": "1",
    "Aspects": [
      {
        "Aspect": "무게",
        "SentimentText": "가볍고 소리가 적게나서 저녁에 청소해도 맘편히 할수있어서 좋아요",
        "SentimentWord": "8",
        "SentimentPolarity": "1"
      },
      {
        "Aspect": "소음",
        "SentimentText": "소리가 적게나서 저녁에 청소해도 맘편히 할수있어서 좋아요",
        "SentimentWord": "7",
        "SentimentPolarity": "1"
      }
    ]
  },
  {
    "Index": "6018",
    "RawText": "가볍고 좋아요~  불도 들어오고 흡입력도 괜찮아요 ~",
    "Source": "SNS",
    "Domain": "가전",
    "MainCategory": "생활/미용/욕실가전",
    "ProductName": "(TV_직송) 캐치웰 C10 프리미엄 무선 청소기+충전거치대",
    "ReviewScore": "100",
    "Syllable": "29",
    "Word": "7",
    "RDate": "20210928",
    "GeneralPolarity": "1",
    "Aspects": [
      {
        "Aspect": "무게",
        "SentimentText": "가볍고 좋아요~",
        "SentimentWord": "2",
        "SentimentPolarity": "1"
      },
      {
        "Aspect": "기능",
        "SentimentText": "불도 들어오고 흡입력도 괜찮아요 ~",
        "SentimentWord": "5",
        "SentimentPolarity": "1"
      }
    ]
  },
  {
    "Index": "6019",
    "RawText": "가볍고 흡입력이 강해서  청소가 잘됩니다 추천해요~",
    "Source": "SNS",
    "Domain": "가전",
    "MainCategory": "생활/미용/욕실가전",
    "ProductName": "(TV_직송) 캐치웰 C10 프리미엄 무선 청소기+충전거치대",
    "ReviewScore": "100",
    "Syllable": "28",
    "Word": "6",
    "RDate": "20211215",
    "GeneralPolarity": "1",
    "Aspects": [
      {
        "Aspect": "무게",
        "SentimentText": "가볍고 흡입력이 강해서  청소가 잘됩니다",
        "SentimentWord": "5",
        "SentimentPolarity": "1"
      },
      {
        "Aspect": "기능",
        "SentimentText": "흡입력이 강해서  청소가 잘됩니다",
        "SentimentWord": "4",
        "SentimentPolarity": "1"
      }
    ]
  },
  {
    "Index": "6020",
    "RawText": "가성비 짱입니다 흡입력도 나쁘지 않고 가볍고 굿이네요 충전대도 주셔서 세워놓기도 좋네요",
    "Source": "SNS",
    "Domain": "가전",
    "MainCategory": "생활/미용/욕실가전",
    "ProductName": "(TV_직송) 캐치웰 C10 프리미엄 무선 청소기+충전거치대",
    "ReviewScore": "100",
    "Syllable": "48",
    "Word": "11",
    "RDate": "20210903",
    "GeneralPolarity": "1",
    "Aspects": [
      {
        "Aspect": "가격",
        "SentimentText": "가성비 짱입니다",
        "SentimentWord": "2",
        "SentimentPolarity": "1"
      },
      {
        "Aspect": "기능",
        "SentimentText": "흡입력도 나쁘지 않고 가볍고 굿이네요",
        "SentimentWord": "5",
        "SentimentPolarity": "1"
      },
      {
        "Aspect": "무게",
        "SentimentText": "가볍고 굿이네요",
        "SentimentWord": "2",
        "SentimentPolarity": "1"
      },
      {
        "Aspect": "제품구성",
        "SentimentText": "충전대도 주셔서 세워놓기도 좋네요",
        "SentimentWord": "4",
        "SentimentPolarity": "1"
      }
    ]
  },
  {
    "Index": "6021",
    "RawText": "너무 금방 후딱 방전 되서 청소를 꼼꼼하게 할수가 없어요 아무리 그래도 그렇치 15분 되는게 말이됩니까 기능 별루 입니다",
    "Source": "SNS",
    "Domain": "가전",
    "MainCategory": "생활/미용/욕실가전",
    "ProductName": "(TV_직송) 캐치웰 C10 프리미엄 무선 청소기+충전거치대",
    "ReviewScore": "40",
    "Syllable": "67",
    "Word": "18",
    "RDate": "20210910",
    "GeneralPolarity": "-1",
    "Aspects": [
      {
        "Aspect": "배터리",
        "SentimentText": "너무 금방 후딱 방전 되서 청소를 꼼꼼하게 할수가 없어요",
        "SentimentWord": "9",
        "SentimentPolarity": "-1"
      },
      {
        "Aspect": "시간/속도",
        "SentimentText": "아무리 그래도 그렇치 15분 되는게 말이됩니까 기능 별루 입니다",
        "SentimentWord": "9",
        "SentimentPolarity": "-1"
      }
    ]
  },
  {
    "Index": "6022",
    "RawText": "넘 좋아요~~착한 가격에 성능도 굿 지인분들께 추천하고 있어요",
    "Source": "SNS",
    "Domain": "가전",
    "MainCategory": "생활/미용/욕실가전",
    "ProductName": "(TV_직송) 캐치웰 C10 프리미엄 무선 청소기+충전거치대",
    "ReviewScore": "100",
    "Syllable": "34",
    "Word": "8",
    "RDate": "20220113",
    "GeneralPolarity": "1",
    "Aspects": [
      {
        "Aspect": "가격",
        "SentimentText": "착한 가격에 성능도 굿",
        "SentimentWord": "4",
        "SentimentPolarity": "1"
      },
      {
        "Aspect": "기능",
        "SentimentText": "성능도 굿",
        "SentimentWord": "2",
        "SentimentPolarity": "1"
      }
    ]
  },
  {
    "Index": "6023",
    "RawText": "○○○보다 가볍고 핸들링이 너무 좋아서 잘 쓰고 있습니다. 흡입력이 다소 약하긴 하지만 아주 만족하고 있습니다. 추천합니다.",
    "Source": "SNS",
    "Domain": "가전",
    "MainCategory": "생활/미용/욕실가전",
    "ProductName": "(TV_직송) 캐치웰 C10 프리미엄 무선 청소기+충전거치대",
    "ReviewScore": "100",
    "Syllable": "69",
    "Word": "16",
    "RDate": "20211103",
    "GeneralPolarity": "1",
    "Aspects": [
      {
        "Aspect": "무게",
        "SentimentText": "○○○보다 가볍고 핸들링이 너무 좋아서 잘 쓰고 있습니다.",
        "SentimentWord": "8",
        "SentimentPolarity": "1"
      },
      {
        "Aspect": "조작성",
        "SentimentText": "핸들링이 너무 좋아서 잘 쓰고 있습니다.",
        "SentimentWord": "6",
        "SentimentPolarity": "1"
      },
      {
        "Aspect": "기능",
        "SentimentText": "흡입력이 다소 약하긴 하지만 아주 만족하고 있습니다. 추천합니다.",
        "SentimentWord": "8",
        "SentimentPolarity": "1"
      }
    ]
  },
  {
    "Index": "6024",
    "RawText": "다좋은데 길이조정이 안되어서 쇼파밑같은곳 청소할때 배출구바람이 얼굴로 나오고 흡입이 너무약합니다",
    "Source": "SNS",
    "Domain": "가전",
    "MainCategory": "생활/미용/욕실가전",
    "ProductName": "(TV_직송) 캐치웰 C10 프리미엄 무선 청소기+충전거치대",
    "ReviewScore": "50",
    "Syllable": "53",
    "Word": "10",
    "RDate": "20220123",
    "GeneralPolarity": "-1",
    "Aspects": [
      {
        "Aspect": "디자인",
        "SentimentText": "다좋은데 길이조정이 안되어서 쇼파밑같은곳 청소할때 배출구바람이 얼굴로 나오고",
        "SentimentWord": "8",
        "SentimentPolarity": "-1"
      },
      {
        "Aspect": "기능",
        "SentimentText": "흡입이 너무약합니다",
        "SentimentWord": "2",
        "SentimentPolarity": "-1"
      }
    ]
  },
  {
    "Index": "6025",
    "RawText": "디자인도 멋지고 흡입력 좋아요 거치대도 넘 편리하네요",
    "Source": "SNS",
    "Domain": "가전",
    "MainCategory": "생활/미용/욕실가전",
    "ProductName": "(TV_직송) 캐치웰 C10 프리미엄 무선 청소기+충전거치대",
    "ReviewScore": "100",
    "Syllable": "29",
    "Word": "7",
    "RDate": "20211203",
    "GeneralPolarity": "1",
    "Aspects": [
      {
        "Aspect": "디자인",
        "SentimentText": "디자인도 멋지고 흡입력 좋아요",
        "SentimentWord": "4",
        "SentimentPolarity": "1"
      },
      {
        "Aspect": "기능",
        "SentimentText": "흡입력 좋아요",
        "SentimentWord": "2",
        "SentimentPolarity": "1"
      },
      {
        "Aspect": "편의성",
        "SentimentText": "거치대도 넘 편리하네요",
        "SentimentWord": "3",
        "SentimentPolarity": "1"
      }
    ]
  },
  {
    "Index": "6026",
    "RawText": "무선을 찾다  평을 보고 구매했는데 전 솔직히~ 흡입력이 좀 약한듯? 하네요! 무게도 생각했던것보다 조금 무거운 편이구요 그런더ㆍ 청소기헤드부분에 불 들어오는건 넘 좋으네요!",
    "Source": "SNS",
    "Domain": "가전",
    "MainCategory": "생활/미용/욕실가전",
    "ProductName": "(TV_직송) 캐치웰 C10 프리미엄 무선 청소기+충전거치대",
    "ReviewScore": "80",
    "Syllable": "97",
    "Word": "22",
    "RDate": "20220218",
    "GeneralPolarity": "-1",
    "Aspects": [
      {
        "Aspect": "기능",
        "SentimentText": "흡입력이 좀 약한듯? 하네요!",
        "SentimentWord": "4",
        "SentimentPolarity": "-1"
      },
      {
        "Aspect": "무게",
        "SentimentText": "무게도 생각했던것보다 조금 무거운 편이구요",
        "SentimentWord": "5",
        "SentimentPolarity": "-1"
      },
      {
        "Aspect": "기능",
        "SentimentText": "청소기헤드부분에 불 들어오는건 넘 좋으네요!",
        "SentimentWord": "5",
        "SentimentPolarity": "1"
      }
    ]
  },
  {
    "Index": "6027",
    "RawText": "무선청소기 가격 대비  모터가 좋아 청소가  잘 됩니다.^^",
    "Source": "SNS",
    "Domain": "가전",
    "MainCategory": "생활/미용/욕실가전",
    "ProductName": "(TV_직송) 캐치웰 C10 프리미엄 무선 청소기+충전거치대",
    "ReviewScore": "100",
    "Syllable": "33",
    "Word": "8",
    "RDate": "20220113",
    "GeneralPolarity": "1",
    "Aspects": [
      {
        "Aspect": "가격",
        "SentimentText": "무선청소기 가격 대비  모터가 좋아 청소가  잘 됩니다.^^",
        "SentimentWord": "8",
        "SentimentPolarity": "1"
      },
      {
        "Aspect": "기능",
        "SentimentText": "모터가 좋아 청소가  잘 됩니다.^^",
        "SentimentWord": "5",
        "SentimentPolarity": "1"
      }
    ]
  },
  {
    "Index": "6028",
    "RawText": "무선청소기 처음 써  봅니다  흡인력 정말좋네요 그리고 차량 청소할수 있어  편리하게 한번에  해결 했네요",
    "Source": "SNS",
    "Domain": "가전",
    "MainCategory": "생활/미용/욕실가전",
    "ProductName": "(TV_직송) 캐치웰 C10 프리미엄 무선 청소기+충전거치대",
    "ReviewScore": "100",
    "Syllable": "59",
    "Word": "14",
    "RDate": "20211215",
    "GeneralPolarity": "1",
    "Aspects": [
      {
        "Aspect": "기능",
        "SentimentText": "흡인력 정말좋네요",
        "SentimentWord": "2",
        "SentimentPolarity": "1"
      },
      {
        "Aspect": "편의성",
        "SentimentText": "차량 청소할수 있어  편리하게 한번에  해결 했네요",
        "SentimentWord": "7",
        "SentimentPolarity": "1"
      }
    ]
  },
  {
    "Index": "6029",
    "RawText": "받구 바로 써봤어요 편하구 좋아요  무게감은 느껴지네요  그래두 써보니 좋아요^^",
    "Source": "SNS",
    "Domain": "가전",
    "MainCategory": "생활/미용/욕실가전",
    "ProductName": "(TV_직송) 캐치웰 C10 프리미엄 무선 청소기+충전거치대",
    "ReviewScore": "80",
    "Syllable": "45",
    "Word": "10",
    "RDate": "20211221",
    "GeneralPolarity": "1",
    "Aspects": [
      {
        "Aspect": "편의성",
        "SentimentText": "받구 바로 써봤어요 편하구 좋아요 ",
        "SentimentWord": "5",
        "SentimentPolarity": "1"
      },
      {
        "Aspect": "무게",
        "SentimentText": "무게감은 느껴지네요  그래두 써보니 좋아요^^",
        "SentimentWord": "5",
        "SentimentPolarity": "0"
      }
    ]
  },
  {
    "Index": "6030",
    "RawText": "방송에서보던것하고 같아요 가볍게잘 밀리고  흡입력도 좋아요  가격대비 가성비 갑입니다~~",
    "Source": "SNS",
    "Domain": "가전",
    "MainCategory": "생활/미용/욕실가전",
    "ProductName": "(TV_직송) 캐치웰 C10 프리미엄 무선 청소기+충전거치대",
    "ReviewScore": "100",
    "Syllable": "49",
    "Word": "9",
    "RDate": "20220110",
    "GeneralPolarity": "1",
    "Aspects": [
      {
        "Aspect": "기능",
        "SentimentText": "가볍게잘 밀리고 흡입력도 좋아요",
        "SentimentWord": "4",
        "SentimentPolarity": "1"
      },
      {
        "Aspect": "가격",
        "SentimentText": "가격대비 가성비 갑입니다~~",
        "SentimentWord": "3",
        "SentimentPolarity": "1"
      }
    ]
  },
  {
    "Index": "6031",
    "RawText": "배송받자마자 조립해서 청소해봤는데 부드러운 작동^^과 가성비 좋은 제품구입해서 좋아요 ~",
    "Source": "SNS",
    "Domain": "가전",
    "MainCategory": "생활/미용/욕실가전",
    "ProductName": "(TV_직송) 캐치웰 C10 프리미엄 무선 청소기+충전거치대",
    "ReviewScore": "100",
    "Syllable": "49",
    "Word": "10",
    "RDate": "20220209",
    "GeneralPolarity": "1",
    "Aspects": [
      {
        "Aspect": "기능",
        "SentimentText": "배송받자마자 조립해서 청소해봤는데 부드러운 작동^^",
        "SentimentWord": "5",
        "SentimentPolarity": "1"
      },
      {
        "Aspect": "가격",
        "SentimentText": "가성비 좋은 제품구입해서 좋아요 ~",
        "SentimentWord": "5",
        "SentimentPolarity": "1"
      }
    ]
  },
  {
    "Index": "6032",
    "RawText": "배송이 넘 빠르네요 굿 얍상해서 무게가 정말 가볍네요 든지도 모르겠어요 무선 처음 써봅니다 편하네요~",
    "Source": "SNS",
    "Domain": "가전",
    "MainCategory": "생활/미용/욕실가전",
    "ProductName": "(TV_직송) 캐치웰 C10 프리미엄 무선 청소기+충전거치대",
    "ReviewScore": "100",
    "Syllable": "56",
    "Word": "14",
    "RDate": "20210902",
    "Aspects": [
      {
        "Aspect": "무게",
        "SentimentText": "얍상해서 무게가 정말 가볍네요 든지도 모르겠어요",
        "SentimentWord": "6",
        "SentimentPolarity": "1"
      },
      {
        "Aspect": "편의성",
        "SentimentText": "무선 처음 써봅니다 편하네요~",
        "SentimentWord": "4",
        "SentimentPolarity": "1"
      }
    ]
  },
  {
    "Index": "6033",
    "RawText": "사용감 좋구요 소리도작아서 만족합니다  흡입력도 좋은편인데 오래 갔음 좋겟네요",
    "Source": "SNS",
    "Domain": "가전",
    "MainCategory": "생활/미용/욕실가전",
    "ProductName": "(TV_직송) 캐치웰 C10 프리미엄 무선 청소기+충전거치대",
    "ReviewScore": "100",
    "Syllable": "43",
    "Word": "9",
    "RDate": "20220112",
    "GeneralPolarity": "1",
    "Aspects": [
      {
        "Aspect": "소음",
        "SentimentText": "소리도작아서 만족합니다",
        "SentimentWord": "2",
        "SentimentPolarity": "1"
      },
      {
        "Aspect": "기능",
        "SentimentText": "흡입력도 좋은편인데 오래 갔음 좋겟네요",
        "SentimentWord": "5",
        "SentimentPolarity": "1"
      }
    ]
  },
  {
    "Index": "6034",
    "RawText": "사용편하고좋네요ㅡ다만흡입력은광고만큼은아닌듯합니다ㅡ소음도적고무겁지않아 추천합니다~~",
    "Source": "SNS",
    "Domain": "가전",
    "MainCategory": "생활/미용/욕실가전",
    "ProductName": "(TV_직송) 캐치웰 C10 프리미엄 무선 청소기+충전거치대",
    "ReviewScore": "100",
    "Syllable": "45",
    "Word": "2",
    "RDate": "20210907",
    "GeneralPolarity": "1",
    "Aspects": [
      {
        "Aspect": "편의성",
        "SentimentText": "사용편하고좋네요ㅡ",
        "SentimentWord": "1",
        "SentimentPolarity": "1"
      },
      {
        "Aspect": "기능",
        "SentimentText": "다만흡입력은광고만큼은아닌듯합니다ㅡ",
        "SentimentWord": "1",
        "SentimentPolarity": "-1"
      },
      {
        "Aspect": "소음",
        "SentimentText": "소음도적고무겁지않아 추천합니다~~",
        "SentimentWord": "2",
        "SentimentPolarity": "1"
      },
      {
        "Aspect": "무게",
        "SentimentText": "무겁지않아 추천합니다~~",
        "SentimentWord": "2",
        "SentimentPolarity": "1"
      }
    ]
  },
  {
    "Index": "6035",
    "RawText": "사용하던 청소기가  옛날꺼라 오래되었고.  압력도 약하고.. 티비광고 보다가 가격도 좋고해서 친구랑 같이  주문하게 되었습니다 가볍고요 굿 조립은 남편이 했어요 ㅎㅎ 오래사용했음 합니다",
    "Source": "SNS",
    "Domain": "가전",
    "MainCategory": "생활/미용/욕실가전",
    "ProductName": "(TV_직송) 캐치웰 C10 프리미엄 무선 청소기+충전거치대",
    "ReviewScore": "100",
    "Syllable": "103",
    "Word": "22",
    "RDate": "20220126",
    "GeneralPolarity": "1",
    "Aspects": [
      {
        "Aspect": "가격",
        "SentimentText": "티비광고 보다가 가격도 좋고해서 친구랑 같이  주문하게 되었습니다",
        "SentimentWord": "8",
        "SentimentPolarity": "1"
      },
      {
        "Aspect": "무게",
        "SentimentText": "가볍고요 굿",
        "SentimentWord": "2",
        "SentimentPolarity": "1"
      }
    ]
  },
  {
    "Index": "6036",
    "RawText": "상품을 받아 사용해보니  소음도  크지않고 무선청소기를 처음 사용하니  편하고 좋아요  고장없이 오래 사용했으면 좋겠습니다",
    "Source": "SNS",
    "Domain": "가전",
    "MainCategory": "생활/미용/욕실가전",
    "ProductName": "(TV_직송) 캐치웰 C10 프리미엄 무선 청소기+충전거치대",
    "ReviewScore": "100",
    "Syllable": "68",
    "Word": "14",
    "RDate": "20210929",
    "GeneralPolarity": "1",
    "Aspects": [
      {
        "Aspect": "소음",
        "SentimentText": "소음도 크지않고",
        "SentimentWord": "2",
        "SentimentPolarity": "1"
      },
      {
        "Aspect": "편의성",
        "SentimentText": "무선청소기를 처음 사용하니 편하고 좋아요",
        "SentimentWord": "5",
        "SentimentPolarity": "1"
      }
    ]
  },
  {
    "Index": "6037",
    "RawText": "생각보다 무겁고 흡입구가 너무 맘대로움직여 힘들어요. ",
    "Source": "SNS",
    "Domain": "가전",
    "MainCategory": "생활/미용/욕실가전",
    "ProductName": "(TV_직송) 캐치웰 C10 프리미엄 무선 청소기+충전거치대",
    "ReviewScore": "80",
    "Syllable": "30",
    "Word": "6",
    "RDate": "20211226",
    "GeneralPolarity": "-1",
    "Aspects": [
      {
        "Aspect": "무게",
        "SentimentText": "생각보다 무겁고 ",
        "SentimentWord": "2",
        "SentimentPolarity": "-1"
      },
      {
        "Aspect": "조작성",
        "SentimentText": "흡입구가 너무 맘대로움직여 힘들어요.",
        "SentimentWord": "4",
        "SentimentPolarity": "-1"
      }
    ]
  },
  {
    "Index": "6038",
    "RawText": "생각보다 소리는 적어서 좋아요 가볍지는 않아요 저한테는 조금 우겁게 느꼐지네요",
    "Source": "SNS",
    "Domain": "가전",
    "MainCategory": "생활/미용/욕실가전",
    "ProductName": "(TV_직송) 캐치웰 C10 프리미엄 무선 청소기+충전거치대",
    "ReviewScore": "80",
    "Syllable": "43",
    "Word": "10",
    "RDate": "20220119",
    "GeneralPolarity": "0",
    "Aspects": [
      {
        "Aspect": "소음",
        "SentimentText": "생각보다 소리는 적어서 좋아요",
        "SentimentWord": "4",
        "SentimentPolarity": "1"
      },
      {
        "Aspect": "무게",
        "SentimentText": "가볍지는 않아요 저한테는 조금 우겁게 느꼐지네요",
        "SentimentWord": "6",
        "SentimentPolarity": "-1"
      }
    ]
  },
  {
    "Index": "6039",
    "RawText": "설치하기도 쉽고^^ 성능은 1단계는 약하지만 2단계를 사용하니   좋습니다.",
    "Source": "SNS",
    "Domain": "가전",
    "MainCategory": "생활/미용/욕실가전",
    "ProductName": "(TV_직송) 캐치웰 C10 프리미엄 무선 청소기+충전거치대",
    "ReviewScore": "90",
    "Syllable": "42",
    "Word": "8",
    "RDate": "20220303",
    "GeneralPolarity": "1",
    "Aspects": [
      {
        "Aspect": "조작성",
        "SentimentText": "설치하기도 쉽고^^",
        "SentimentWord": "2",
        "SentimentPolarity": "1"
      },
      {
        "Aspect": "기능",
        "SentimentText": "성능은 1단계는 약하지만 2단계를 사용하니   좋습니다.",
        "SentimentWord": "6",
        "SentimentPolarity": "1"
      }
    ]
  },
  {
    "Index": "6040",
    "RawText": "소리도 조용하고^^ 저렴한데 너무 맘에 들어요.. 제가 써보고 좋아서 동생도 산다네요~~^^",
    "Source": "SNS",
    "Domain": "가전",
    "MainCategory": "생활/미용/욕실가전",
    "ProductName": "(TV_직송) 캐치웰 C10 프리미엄 무선 청소기+충전거치대",
    "ReviewScore": "100",
    "Syllable": "51",
    "Word": "11",
    "RDate": "20220210",
    "GeneralPolarity": "1",
    "Aspects": [
      {
        "Aspect": "소음",
        "SentimentText": "소리도 조용하고^^ 저렴한데 너무 맘에 들어요..",
        "SentimentWord": "6",
        "SentimentPolarity": "1"
      },
      {
        "Aspect": "가격",
        "SentimentText": "저렴한데 너무 맘에 들어요..",
        "SentimentWord": "4",
        "SentimentPolarity": "1"
      }
    ]
  },
  {
    "Index": "6041",
    "RawText": "쇼파밑청소때문에  걱정했는데  방송보고 바로주문했어요   무게도 가볍고  쇼파밑 여러군데청소잘되고 사용하기 편해요",
    "Source": "SNS",
    "Domain": "가전",
    "MainCategory": "생활/미용/욕실가전",
    "ProductName": "(TV_직송) 캐치웰 C10 프리미엄 무선 청소기+충전거치대",
    "ReviewScore": "100",
    "Syllable": "63",
    "Word": "10",
    "RDate": "20210924",
    "GeneralPolarity": "1",
    "Aspects": [
      {
        "Aspect": "무게",
        "SentimentText": "무게도 가볍고",
        "SentimentWord": "2",
        "SentimentPolarity": "1"
      },
      {
        "Aspect": "편의성",
        "SentimentText": "쇼파밑 여러군데청소잘되고 사용하기 편해요 ",
        "SentimentWord": "4",
        "SentimentPolarity": "1"
      }
    ]
  },
  {
    "Index": "6042",
    "RawText": "써보구 싶었던 제품 벼루고 벼루고 이번에 구입했어요 품질이 넘 좋아요 색상도 화사하네요 잘 쓸깨요 감사합니다..",
    "Source": "SNS",
    "Domain": "가전",
    "MainCategory": "생활/미용/욕실가전",
    "ProductName": "(TV_직송) 캐치웰 C10 프리미엄 무선 청소기+충전거치대",
    "ReviewScore": "100",
    "Syllable": "62",
    "Word": "15",
    "RDate": "20220226",
    "GeneralPolarity": "1",
    "Aspects": [
      {
        "Aspect": "품질",
        "SentimentText": "써보구 싶었던 제품 벼루고 벼루고 이번에 구입했어요 품질이 넘 좋아요",
        "SentimentWord": "10",
        "SentimentPolarity": "1"
      },
      {
        "Aspect": "색상",
        "SentimentText": "색상도 화사하네요 잘 쓸깨요 감사합니다..",
        "SentimentWord": "5",
        "SentimentPolarity": "1"
      }
    ]
  },
  {
    "Index": "6043",
    "RawText": "오늘배송받아서 사용해봤는데 소리도 크지않고 흡입력도좋아서 잘사용할것같아요~",
    "Source": "SNS",
    "Domain": "가전",
    "MainCategory": "생활/미용/욕실가전",
    "ProductName": "(TV_직송) 캐치웰 C10 프리미엄 무선 청소기+충전거치대",
    "ReviewScore": "100",
    "Syllable": "41",
    "Word": "6",
    "RDate": "20220104",
    "GeneralPolarity": "1",
    "Aspects": [
      {
        "Aspect": "소음",
        "SentimentText": "소리도 크지않고 흡입력도좋아서 잘사용할것같아요~",
        "SentimentWord": "4",
        "SentimentPolarity": "1"
      },
      {
        "Aspect": "기능",
        "SentimentText": "흡입력도좋아서 잘사용할것같아요~",
        "SentimentWord": "2",
        "SentimentPolarity": "1"
      }
    ]
  },
  {
    "Index": "6044",
    "RawText": "기능이 적당하고사용할수 있는 제품입니다. 가벼운 거 같아요 굿",
    "Source": "SNS",
    "Domain": "가전",
    "MainCategory": "생활/미용/욕실가전",
    "ProductName": "(TV_직송) 캐치웰 C10 프리미엄 무선 청소기+충전거치대",
    "ReviewScore": "100",
    "Syllable": "34",
    "Word": "8",
    "RDate": "20211002",
    "GeneralPolarity": "1",
    "Aspects": [
      {
        "Aspect": "기능",
        "SentimentText": "기능이 적당하고사용할수 있는 제품입니다.",
        "SentimentWord": "4",
        "SentimentPolarity": "0"
      },
      {
        "Aspect": "무게",
        "SentimentText": "가벼운 거 같아요 굿",
        "SentimentWord": "4",
        "SentimentPolarity": "1"
      }
    ]
  },
  {
    "Index": "6045",
    "RawText": "전에 사용하던 제품은 더 비싸게 주고 주문했는데 무겁고 금방 부러지고 흡입력도 꽝이었는데 이번제품은 일단 가볍고 다양한 부품들이 많아서 실용성 있게 잘 사용 할 듯 합니다 흡입력도 좋네요 맘에 듭니다  ",
    "Source": "SNS",
    "Domain": "가전",
    "MainCategory": "생활/미용/욕실가전",
    "ProductName": "(TV_직송) 캐치웰 C10 프리미엄 무선 청소기+충전거치대",
    "ReviewScore": "100",
    "Syllable": "113",
    "Word": "29",
    "RDate": "20220105",
    "GeneralPolarity": "1",
    "Aspects": [
      {
        "Aspect": "무게",
        "SentimentText": "이번제품은 일단 가볍고 다양한 부품들이 많아서 실용성 있게 잘 사용 할 듯 합니다",
        "SentimentWord": "13",
        "SentimentPolarity": "1"
      },
      {
        "Aspect": "제품구성",
        "SentimentText": "다양한 부품들이 많아서 실용성 있게 잘 사용 할 듯 합니다",
        "SentimentWord": "10",
        "SentimentPolarity": "1"
      },
      {
        "Aspect": "기능",
        "SentimentText": "흡입력도 좋네요 맘에 듭니다",
        "SentimentWord": "4",
        "SentimentPolarity": "1"
      }
    ]
  },
  {
    "Index": "6046",
    "RawText": "제품디자인도 좋고 사용하기 편리합니다. 가격대비 성능 굿,  즉 가성비 좋아요.",
    "Source": "SNS",
    "Domain": "가전",
    "MainCategory": "생활/미용/욕실가전",
    "ProductName": "(TV_직송) 캐치웰 C10 프리미엄 무선 청소기+충전거치대",
    "ReviewScore": "90",
    "Syllable": "44",
    "Word": "10",
    "RDate": "20220104",
    "GeneralPolarity": "1",
    "Aspects": [
      {
        "Aspect": "디자인",
        "SentimentText": "제품디자인도 좋고",
        "SentimentWord": "2",
        "SentimentPolarity": "1"
      },
      {
        "Aspect": "편의성",
        "SentimentText": "사용하기 편리합니다.",
        "SentimentWord": "2",
        "SentimentPolarity": "1"
      },
      {
        "Aspect": "기능",
        "SentimentText": "가격대비 성능 굿, ",
        "SentimentWord": "3",
        "SentimentPolarity": "1"
      },
      {
        "Aspect": "가격",
        "SentimentText": "즉 가성비 좋아요.",
        "SentimentWord": "3",
        "SentimentPolarity": "1"
      }
    ]
  },
  {
    "Index": "6047",
    "RawText": "조립도 여자가 하기에 어렵지 않고^^ 소리도 크지 않고 성능도 좋아요. 무엇보다도  전원  버튼을 끝까지 누르지 않아도 되고  한번만 누르면 되는게 너무 좋아요. 배송 엄청 빠르구요. 만족합니다.",
    "Source": "SNS",
    "Domain": "가전",
    "MainCategory": "생활/미용/욕실가전",
    "ProductName": "(TV_직송) 캐치웰 C10 프리미엄 무선 청소기+충전거치대",
    "ReviewScore": "100",
    "Syllable": "109",
    "Word": "26",
    "RDate": "20210903",
    "Aspects": [
      {
        "Aspect": "조작성",
        "SentimentText": "조립도 여자가 하기에 어렵지 않고^^",
        "SentimentWord": "5",
        "SentimentPolarity": "1"
      },
      {
        "Aspect": "소음",
        "SentimentText": "소리도 크지 않고 성능도 좋아요.",
        "SentimentWord": "5",
        "SentimentPolarity": "1"
      },
      {
        "Aspect": "기능",
        "SentimentText": "성능도 좋아요.",
        "SentimentWord": "2",
        "SentimentPolarity": "1"
      },
      {
        "Aspect": "조작성",
        "SentimentText": "무엇보다도  전원  버튼을 끝까지 누르지 않아도 되고  한번만 누르면 되는게 너무 좋아요.",
        "SentimentWord": "12",
        "SentimentPolarity": "1"
      }
    ]
  },
  {
    "Index": "6048",
    "RawText": "조립시 플라스틱재질이라 조심스럽지만 일단 가볍고 사용하기가 편리하네요",
    "Source": "SNS",
    "Domain": "가전",
    "MainCategory": "생활/미용/욕실가전",
    "ProductName": "(TV_직송) 캐치웰 C10 프리미엄 무선 청소기+충전거치대",
    "ReviewScore": "80",
    "Syllable": "38",
    "Word": "7",
    "RDate": "20211223",
    "GeneralPolarity": "1",
    "Aspects": [
      {
        "Aspect": "소재",
        "SentimentText": "조립시 플라스틱재질이라 조심스럽지만",
        "SentimentWord": "3",
        "SentimentPolarity": "0"
      },
      {
        "Aspect": "무게",
        "SentimentText": "일단 가볍고 사용하기가 편리하네요",
        "SentimentWord": "4",
        "SentimentPolarity": "1"
      },
      {
        "Aspect": "편의성",
        "SentimentText": "사용하기가 편리하네요",
        "SentimentWord": "2",
        "SentimentPolarity": "1"
      }
    ]
  },
  {
    "Index": "6049",
    "RawText": "조립하기 쉽고 편리함을 다 갖춘 청소기.  S전자,D전자,L전자 안부러운 가성비도 말해 뭐해요 굿",
    "Source": "SNS",
    "Domain": "가전",
    "MainCategory": "생활/미용/욕실가전",
    "ProductName": "(TV_직송) 캐치웰 C10 프리미엄 무선 청소기+충전거치대",
    "ReviewScore": "100",
    "Syllable": "54",
    "Word": "12",
    "RDate": "20220213",
    "GeneralPolarity": "1",
    "Aspects": [
      {
        "Aspect": "조작성",
        "SentimentText": "조립하기 쉽고",
        "SentimentWord": "2",
        "SentimentPolarity": "1"
      },
      {
        "Aspect": "편의성",
        "SentimentText": "편리함을 다 갖춘 청소기. ",
        "SentimentWord": "4",
        "SentimentPolarity": "1"
      },
      {
        "Aspect": "가격",
        "SentimentText": "가성비도 말해 뭐해요 굿",
        "SentimentWord": "4",
        "SentimentPolarity": "1"
      }
    ]
  },
  {
    "Index": "6050",
    "RawText": "조용하고 좋네요. 길이조절이 불사능한 것은 단점요",
    "Source": "SNS",
    "Domain": "가전",
    "MainCategory": "생활/미용/욕실가전",
    "ProductName": "(TV_직송) 캐치웰 C10 프리미엄 무선 청소기+충전거치대",
    "ReviewScore": "100",
    "Syllable": "27",
    "Word": "6",
    "RDate": "20211220",
    "GeneralPolarity": "0",
    "Aspects": [
      {
        "Aspect": "소음",
        "SentimentText": "조용하고 좋네요.",
        "SentimentWord": "2",
        "SentimentPolarity": "1"
      },
      {
        "Aspect": "디자인",
        "SentimentText": "길이조절이 불사능한 것은 단점요",
        "SentimentWord": "4",
        "SentimentPolarity": "-1"
      }
    ]
  },
  {
    "Index": "6051",
    "RawText": "품질이 좋아요 먼지필터는 먼지망쒸워져있는 그대로사용 이라고 해어 지금잘사용중 입니다 그리고 가벼워요 손목에는 무리가 안가어 좋아요",
    "Source": "SNS",
    "Domain": "가전",
    "MainCategory": "생활/미용/욕실가전",
    "ProductName": "(TV_직송) 캐치웰 C10 프리미엄 무선 청소기+충전거치대",
    "ReviewScore": "100",
    "Syllable": "72",
    "Word": "15",
    "RDate": "20211215",
    "GeneralPolarity": "1",
    "Aspects": [
      {
        "Aspect": "품질",
        "SentimentText": "품질이 좋아요",
        "SentimentWord": "2",
        "SentimentPolarity": "1"
      },
      {
        "Aspect": "조작성",
        "SentimentText": "먼지필터는 먼지망쒸워져있는 그대로사용 이라고 해어 지금잘사용중 입니다",
        "SentimentWord": "7",
        "SentimentPolarity": "1"
      },
      {
        "Aspect": "무게",
        "SentimentText": " 가벼워요 손목에는 무리가 안가어 좋아요",
        "SentimentWord": "5",
        "SentimentPolarity": "1"
      }
    ]
  },
  {
    "Index": "6052",
    "RawText": "차 청소랑해서 용이하게 잘 쓰겠네요. 사이즈도 그렇고 흡입력도 . . . 다 좋아요. 강추 합니다",
    "Source": "SNS",
    "Domain": "가전",
    "MainCategory": "생활/미용/욕실가전",
    "ProductName": "(TV_직송) 캐치웰 C10 프리미엄 무선 청소기+충전거치대",
    "ReviewScore": "100",
    "Syllable": "54",
    "Word": "15",
    "RDate": "20211215",
    "GeneralPolarity": "1",
    "Aspects": [
      {
        "Aspect": "사이즈",
        "SentimentText": "사이즈도 그렇고 흡입력도 . . . 다 좋아요. 강추 합니다",
        "SentimentWord": "10",
        "SentimentPolarity": "1"
      },
      {
        "Aspect": "기능",
        "SentimentText": " 흡입력도 . . . 다 좋아요. 강추 합니다",
        "SentimentWord": "8",
        "SentimentPolarity": "1"
      }
    ]
  },
  {
    "Index": "6053",
    "RawText": "청소기도여러개인데 무겁고  손아파 잘안쓰는데  이청소기는 가볍고 잘 빨리네요. 좋아요",
    "Source": "SNS",
    "Domain": "가전",
    "MainCategory": "생활/미용/욕실가전",
    "ProductName": "(TV_직송) 캐치웰 C10 프리미엄 무선 청소기+충전거치대",
    "ReviewScore": "100",
    "Syllable": "47",
    "Word": "9",
    "RDate": "20210904",
    "GeneralPolarity": "1",
    "Aspects": [
      {
        "Aspect": "무게",
        "SentimentText": " 이청소기는 가볍고 잘 빨리네요. 좋아요",
        "SentimentWord": "5",
        "SentimentPolarity": "1"
      },
      {
        "Aspect": "기능",
        "SentimentText": "잘 빨리네요. 좋아요",
        "SentimentWord": "3",
        "SentimentPolarity": "1"
      }
    ]
  },
  {
    "Index": "6054",
    "RawText": "충전만땅 시켜서  써보니 흡입력 짱이라는 광고는 역시  지나친 과대광고엿습니다. 별루예요~써버렷으니 반품도하기어렵고  대략난감입니다 흡입력 너무 약합니다.   비추천합니다~~",
    "Source": "SNS",
    "Domain": "가전",
    "MainCategory": "생활/미용/욕실가전",
    "ProductName": "(TV_직송) 캐치웰 C10 프리미엄 무선 청소기+충전거치대",
    "ReviewScore": "10",
    "Syllable": "97",
    "Word": "16",
    "RDate": "20220105",
    "GeneralPolarity": "-1",
    "Aspects": [
      {
        "Aspect": "기능",
        "SentimentText": "충전만땅 시켜서  써보니 흡입력 짱이라는 광고는 역시  지나친 과대광고엿습니다. 별루예요~",
        "SentimentWord": "10",
        "SentimentPolarity": "-1"
      },
      {
        "Aspect": "기능",
        "SentimentText": "흡입력 너무 약합니다.   비추천합니다~~",
        "SentimentWord": "4",
        "SentimentPolarity": "-1"
      }
    ]
  },
  {
    "Index": "6055",
    "RawText": "무선이라 침대청소 매우좋음 사용편함 이중모터라그런지 미세먼지 까지 흡입깨꿋해요 대만족 이웃집 추천해서 하나구입 햇어요",
    "Source": "SNS",
    "Domain": "가전",
    "MainCategory": "생활/미용/욕실가전",
    "ProductName": "(TV_직송) 캐치웰 C10 프리미엄 무선 청소기+충전거치대",
    "ReviewScore": "100",
    "Syllable": "65",
    "Word": "13",
    "RDate": "20220223",
    "GeneralPolarity": "1",
    "Aspects": [
      {
        "Aspect": "편의성",
        "SentimentText": "무선이라 침대청소 매우좋음 사용편함",
        "SentimentWord": "4",
        "SentimentPolarity": "1"
      },
      {
        "Aspect": "기능",
        "SentimentText": "이중모터라그런지 미세먼지 까지 흡입깨꿋해요 대만족",
        "SentimentWord": "5",
        "SentimentPolarity": "1"
      }
    ]
  },
  {
    "Index": "6056",
    "RawText": "편하게 쓰기 좋고 거치대 있으니 어디든 거치하기 좋네요. 강한 흡입이 마음에듭니다.",
    "Source": "SNS",
    "Domain": "가전",
    "MainCategory": "생활/미용/욕실가전",
    "ProductName": "(TV_직송) 캐치웰 C10 프리미엄 무선 청소기+충전거치대",
    "ReviewScore": "100",
    "Syllable": "46",
    "Word": "11",
    "RDate": "20220124",
    "GeneralPolarity": "1",
    "Aspects": [
      {
        "Aspect": "편의성",
        "SentimentText": "편하게 쓰기 좋고",
        "SentimentWord": "3",
        "SentimentPolarity": "1"
      },
      {
        "Aspect": "제품구성",
        "SentimentText": "거치대 있으니 어디든 거치하기 좋네요.",
        "SentimentWord": "5",
        "SentimentPolarity": "1"
      },
      {
        "Aspect": "기능",
        "SentimentText": "강한 흡입이 마음에듭니다.",
        "SentimentWord": "3",
        "SentimentPolarity": "1"
      }
    ]
  },
  {
    "Index": "6057",
    "RawText": "흠.. 아직 품질이 좋은지는 모르겠어요 충전기능이 좋은건지 .. 모르겟어요 잘되고 있는건지 선이 금방 끊어질거같아여 ㅠㅠ",
    "Source": "SNS",
    "Domain": "가전",
    "MainCategory": "생활/미용/욕실가전",
    "ProductName": "(TV_직송) 캐치웰 C10 프리미엄 무선 청소기+충전거치대",
    "ReviewScore": "100",
    "Syllable": "67",
    "Word": "15",
    "RDate": "20220105",
    "GeneralPolarity": "0",
    "Aspects": [
      {
        "Aspect": "배터리",
        "SentimentText": "충전기능이 좋은건지 .. 모르겟어요 잘되고 있는건지",
        "SentimentWord": "6",
        "SentimentPolarity": "0"
      },
      {
        "Aspect": "품질",
        "SentimentText": "선이 금방 끊어질거같아여 ㅠㅠ",
        "SentimentWord": "4",
        "SentimentPolarity": "0"
      }
    ]
  },
  {
    "Index": "6058",
    "RawText": "흡인력이 그리세진 않고요 한손으로 하긴 힘드네요 무거워요;;",
    "Source": "SNS",
    "Domain": "가전",
    "MainCategory": "생활/미용/욕실가전",
    "ProductName": "(TV_직송) 캐치웰 C10 프리미엄 무선 청소기+충전거치대",
    "ReviewScore": "60",
    "Syllable": "33",
    "Word": "7",
    "RDate": "20211103",
    "GeneralPolarity": "-1",
    "Aspects": [
      {
        "Aspect": "기능",
        "SentimentText": "흡인력이 그리세진 않고요",
        "SentimentWord": "3",
        "SentimentPolarity": "-1"
      },
      {
        "Aspect": "무게",
        "SentimentText": "한손으로 하긴 힘드네요 무거워요;;",
        "SentimentWord": "4",
        "SentimentPolarity": "-1"
      }
    ]
  },
  {
    "Index": "6059",
    "RawText": "흡입력도 좋고 장시간  사용할 수 있어서 너무 좋아요 감사합니다",
    "Source": "SNS",
    "Domain": "가전",
    "MainCategory": "생활/미용/욕실가전",
    "ProductName": "(TV_직송) 캐치웰 C10 프리미엄 무선 청소기+충전거치대",
    "ReviewScore": "100",
    "Syllable": "35",
    "Word": "9",
    "RDate": "20220208",
    "GeneralPolarity": "1",
    "Aspects": [
      {
        "Aspect": "기능",
        "SentimentText": "흡입력도 좋고",
        "SentimentWord": "2",
        "SentimentPolarity": "1"
      },
      {
        "Aspect": "시간/속도",
        "SentimentText": "장시간  사용할 수 있어서 너무 좋아요 감사합니다",
        "SentimentWord": "7",
        "SentimentPolarity": "1"
      }
    ]
  },
  {
    "Index": "6060",
    "RawText": "흡입력은 생각보다 약하지만 무선잇나 확실히 사용이ㅈ편리합니다.",
    "Source": "SNS",
    "Domain": "가전",
    "MainCategory": "생활/미용/욕실가전",
    "ProductName": "(TV_직송) 캐치웰 C10 프리미엄 무선 청소기+충전거치대",
    "ReviewScore": "70",
    "Syllable": "34",
    "Word": "6",
    "RDate": "20220220",
    "GeneralPolarity": "0",
    "Aspects": [
      {
        "Aspect": "기능",
        "SentimentText": "흡입력은 생각보다 약하지만",
        "SentimentWord": "3",
        "SentimentPolarity": "-1"
      },
      {
        "Aspect": "편의성",
        "SentimentText": "무선잇나 확실히 사용이ㅈ편리합니다.",
        "SentimentWord": "3",
        "SentimentPolarity": "1"
      }
    ]
  },
  {
    "Index": "6061",
    "RawText": "흡입력이 좀 약하긴한데;;음... 가성비면에서는 괜찮아요 슬림해서 넒지않는곳에서 사용하기 좋네요",
    "Source": "SNS",
    "Domain": "가전",
    "MainCategory": "생활/미용/욕실가전",
    "ProductName": "(TV_직송) 캐치웰 C10 프리미엄 무선 청소기+충전거치대",
    "ReviewScore": "80",
    "Syllable": "53",
    "Word": "9",
    "RDate": "20210907",
    "GeneralPolarity": "1",
    "Aspects": [
      {
        "Aspect": "기능",
        "SentimentText": "흡입력이 좀 약하긴한데;;음... ",
        "SentimentWord": "3",
        "SentimentPolarity": "-1"
      },
      {
        "Aspect": "가격",
        "SentimentText": "가성비면에서는 괜찮아요",
        "SentimentWord": "2",
        "SentimentPolarity": "1"
      },
      {
        "Aspect": "사이즈",
        "SentimentText": "슬림해서 넒지않는곳에서 사용하기 좋네요",
        "SentimentWord": "4",
        "SentimentPolarity": "1"
      }
    ]
  },
  {
    "Index": "6062",
    "RawText": "방송에서는 스팀이센것처럼 해놓고 손으로만져도 뜨겁지가않으니 하자제품을받았는지 허위광고를했는지 제품 사면후회합니다 살균하나도안될것같은 제품이네요 제품 받으면 박스뜯지말고 환불신청하세요",
    "Source": "SNS",
    "Domain": "가전",
    "MainCategory": "생활/미용/욕실가전",
    "ProductName": "(TV_직송_3월리뉴얼) 네오플램 스팀큐브 청소기 NFHC-0106",
    "ReviewScore": "10",
    "Syllable": "101",
    "Word": "15",
    "RDate": "20200314",
    "GeneralPolarity": "-1",
    "Aspects": [
      {
        "Aspect": "기능",
        "SentimentText": "방송에서는 스팀이센것처럼 해놓고 손으로만져도 뜨겁지가않으니 하자제품을받았는지 허위광고를했는지 제품 사면후회합니다",
        "SentimentWord": "9",
        "SentimentPolarity": "-1"
      },
      {
        "Aspect": "기능",
        "SentimentText": "살균하나도안될것같은 제품이네요",
        "SentimentWord": "2",
        "SentimentPolarity": "-1"
      }
    ]
  },
  {
    "Index": "6063",
    "RawText": "가격대비 가성비 최고인듯~~ 사용하기 편하고 먼지통 배출도 편하고~~ 필터관리도 쉬워서 정말 강추입니다^^",
    "Source": "SNS",
    "Domain": "가전",
    "MainCategory": "생활/미용/욕실가전",
    "ProductName": "(TV_직택배)테팔 에어포스 360 청소기 에어케어",
    "ReviewScore": "100",
    "Syllable": "59",
    "Word": "12",
    "RDate": "20180923",
    "GeneralPolarity": "1",
    "Aspects": [
      {
        "Aspect": "가격",
        "SentimentText": "가격대비 가성비 최고인듯~~",
        "SentimentWord": "3",
        "SentimentPolarity": "1"
      },
      {
        "Aspect": "편의성",
        "SentimentText": "사용하기 편하고 먼지통 배출도 편하고~~",
        "SentimentWord": "5",
        "SentimentPolarity": "1"
      },
      {
        "Aspect": "편의성",
        "SentimentText": "필터관리도 쉬워서 정말 강추입니다^^",
        "SentimentWord": "4",
        "SentimentPolarity": "1"
      }
    ]
  },
  {
    "Index": "6064",
    "RawText": "가성비로 따지면 최고인 것 같아요. 기능이 좋아서 잘사용하고 있습니다!",
    "Source": "SNS",
    "Domain": "가전",
    "MainCategory": "생활/미용/욕실가전",
    "ProductName": "(TV_직택배)테팔 에어포스 360 청소기 에어케어",
    "ReviewScore": "100",
    "Syllable": "39",
    "Word": "9",
    "RDate": "20180524",
    "GeneralPolarity": "1",
    "Aspects": [
      {
        "Aspect": "가격",
        "SentimentText": "가성비로 따지면 최고인 것 같아요.",
        "SentimentWord": "5",
        "SentimentPolarity": "1"
      },
      {
        "Aspect": "기능",
        "SentimentText": "기능이 좋아서 잘사용하고 있습니다!",
        "SentimentWord": "4",
        "SentimentPolarity": "1"
      }
    ]
  },
  {
    "Index": "6065",
    "RawText": "배송빠르게 너무너무 잘 받았습니다. 이렇게 좋은 상품을 저렴한 가격에 잘 받아서 너무너무 좋나요 사각지대 없이 360도 어느 곳이라도 다 가능하니 굿굿굿",
    "Source": "SNS",
    "Domain": "가전",
    "MainCategory": "생활/미용/욕실가전",
    "ProductName": "(TV_직택배)테팔 에어포스 360 청소기 에어케어",
    "ReviewScore": "100",
    "Syllable": "85",
    "Word": "21",
    "RDate": "20180905",
    "Aspects": [
      {
        "Aspect": "기능",
        "SentimentText": "사각지대 없이 360도 어느 곳이라도 다 가능하니 굿굿굿",
        "SentimentWord": "8",
        "SentimentPolarity": "1"
      },
      {
        "Aspect": "가격",
        "SentimentText": "이렇게 좋은 상품을 저렴한 가격에 잘 받아서 너무너무 좋나요",
        "SentimentWord": "9",
        "SentimentPolarity": "1"
      }
    ]
  },
  {
    "Index": "6066",
    "RawText": "무선청소기가 종류도 많고 가격대도 천차만별이라 여러개를 비교고민하다가 ○○○ 모터가 힘이 좋다 해서 선택했는데 ㅋ 헤드가 작은게 단점이지만 신랑은 품질이 좋다고 하네요 ㅋ거치대도 후딱 조립해서 옷방에 두었어요 ㅋ       ",
    "Source": "SNS",
    "Domain": "가전",
    "MainCategory": "생활/미용/욕실가전",
    "ProductName": "(TV_직택배)테팔 에어포스 360 청소기 에어케어",
    "ReviewScore": "100",
    "Syllable": "125",
    "Word": "27",
    "RDate": "20180702",
    "GeneralPolarity": "1",
    "Aspects": [
      {
        "Aspect": "사이즈",
        "SentimentText": "헤드가 작은게 단점이지만 ",
        "SentimentWord": "3",
        "SentimentPolarity": "-1"
      },
      {
        "Aspect": "품질",
        "SentimentText": "신랑은 품질이 좋다고 하네요 ㅋ",
        "SentimentWord": "5",
        "SentimentPolarity": "1"
      }
    ]
  },
  {
    "Index": "6067",
    "RawText": "품질이 좋으니 잘 써볼게요. 내구성이 좋으니 고장없이 오래 사용했으면 좋겠네요.",
    "Source": "SNS",
    "Domain": "가전",
    "MainCategory": "생활/미용/욕실가전",
    "ProductName": "(TV_직택배)테팔 에어포스 360 청소기 에어케어",
    "ReviewScore": "100",
    "Syllable": "44",
    "Word": "10",
    "RDate": "20180620",
    "GeneralPolarity": "1",
    "Aspects": [
      {
        "Aspect": "품질",
        "SentimentText": "품질이 좋으니 잘 써볼게요. ",
        "SentimentWord": "4",
        "SentimentPolarity": "1"
      },
      {
        "Aspect": "내구성",
        "SentimentText": "내구성이 좋으니 고장없이 오래 사용했으면 좋겠네요.",
        "SentimentWord": "6",
        "SentimentPolarity": "1"
      }
    ]
  },
  {
    "Index": "6068",
    "RawText": "주말 방송보고 바로주문 화요일에 제품과 거치대 배송완료^^ 거치대는 쉽게조립하고 청소기도 충전후 바로사용 방송에서 보는것과 똑같고 좋습니다 ○○○와 비교해도 뒤떨어지는 것 없이 좋네요 가성비 진짜 최고  추천합니다",
    "Source": "SNS",
    "Domain": "가전",
    "MainCategory": "생활/미용/욕실가전",
    "ProductName": "(TV_직택배)테팔 에어포스 360 청소기 에어케어",
    "ReviewScore": "100",
    "Syllable": "119",
    "Word": "26",
    "RDate": "20180606",
    "Aspects": [
      {
        "Aspect": "조작성",
        "SentimentText": "거치대는 쉽게조립하고 청소기도 충전후 바로사용",
        "SentimentWord": "5",
        "SentimentPolarity": "1"
      },
      {
        "Aspect": "가격",
        "SentimentText": "가성비 진짜 최고  추천합니다",
        "SentimentWord": "4",
        "SentimentPolarity": "1"
      }
    ]
  },
  {
    "Index": "6069",
    "RawText": "청소기 잘 받았어요 그리고 사은품으로 나온 거치대도 받았는데 실망이네요! 원목거치대라 좋은것처럼 광고하곤 그냥 얇은 합판으로된 허름한 조작품으로 거치대 고정하고도 흔들흔들 결국 버렸어요! 그리고 에어케어 필터 추가주문 하려니 00 서비스는 통화불가능 제품만 팔면 끝? 실망 실망 실망~~~~~~~~/ 이 제품 다시광고 하면 서비스 엉망이라 절대 사지 말라하고 싶네요!",
    "Source": "SNS",
    "Domain": "가전",
    "MainCategory": "생활/미용/욕실가전",
    "ProductName": "(TV_직택배)테팔 에어포스 360 청소기 에어케어",
    "ReviewScore": "100",
    "Syllable": "205",
    "Word": "46",
    "RDate": "20180608",
    "Aspects": [
      {
        "Aspect": "제품구성",
        "SentimentText": "사은품으로 나온 거치대도 받았는데 실망이네요!",
        "SentimentWord": "5",
        "SentimentPolarity": "-1"
      },
      {
        "Aspect": "품질",
        "SentimentText": "원목거치대라 좋은것처럼 광고하곤 그냥 얇은 합판으로된 허름한 조작품으로 거치대 고정하고도 흔들흔들 결국 버렸어요!",
        "SentimentWord": "13",
        "SentimentPolarity": "-1"
      }
    ]
  },
  {
    "Index": "6070",
    "RawText": "소리가 좀나지만;; 무겁지도않고 사용하기 편리해서 좋은것 같아요 하트하트",
    "Source": "SNS",
    "Domain": "가전",
    "MainCategory": "생활/미용/욕실가전",
    "ProductName": "(TV_초특가)트윈버드 쎈스톰 청소기",
    "ReviewScore": "100",
    "Syllable": "40",
    "Word": "8",
    "RDate": "20180310",
    "GeneralPolarity": "1",
    "Aspects": [
      {
        "Aspect": "소음",
        "SentimentText": "소리가 좀나지만;; ",
        "SentimentWord": "2",
        "SentimentPolarity": "-1"
      },
      {
        "Aspect": "무게",
        "SentimentText": "무겁지도않고 사용하기 편리해서 좋은것 같아요 하트하트",
        "SentimentWord": "6",
        "SentimentPolarity": "1"
      },
      {
        "Aspect": "편의성",
        "SentimentText": "사용하기 편리해서 좋은것 같아요 하트하트",
        "SentimentWord": "5",
        "SentimentPolarity": "1"
      }
    ]
  },
  {
    "Index": "6071",
    "RawText": "무게가 가볍진 않아요. 생각보다는 무거운데, 성능도 나쁘지 않아요. 거치대가 빨리오면 좋겠어요.",
    "Source": "SNS",
    "Domain": "가전",
    "MainCategory": "생활/미용/욕실가전",
    "ProductName": "(TV_초특가_직매입)테팔 에어포스 360 청소기 에어케어 TY9086",
    "ReviewScore": "80",
    "Syllable": "53",
    "Word": "11",
    "RDate": "20181210",
    "GeneralPolarity": "0",
    "Aspects": [
      {
        "Aspect": "무게",
        "SentimentText": "무게가 가볍진 않아요. ",
        "SentimentWord": "3",
        "SentimentPolarity": "0"
      },
      {
        "Aspect": "기능",
        "SentimentText": "성능도 나쁘지 않아요.",
        "SentimentWord": "3",
        "SentimentPolarity": "0"
      }
    ]
  },
  {
    "Index": "6072",
    "RawText": "거실청소를  해보니  유선 청소기보다  좀더 깨끗이 쓸어담는 느낌이듭니다..  당연히  청소가좀더 빨라져 편해졌지요~  특히  침구용  헤드사용시  면지통에  쌓이는 이불먼지를 보면  정말  마음까지 후련한게 너무 맘에 듭니다..",
    "Source": "SNS",
    "Domain": "가전",
    "MainCategory": "생활/미용/욕실가전",
    "ProductName": "(TV_초특가_직매입)테팔 에어포스 360 청소기 에어케어 TY9086",
    "ReviewScore": "100",
    "Syllable": "128",
    "Word": "25",
    "RDate": "20190326",
    "GeneralPolarity": "1",
    "Aspects": [
      {
        "Aspect": "기능",
        "SentimentText": "유선 청소기보다  좀더 깨끗이 쓸어담는 느낌이듭니다..",
        "SentimentWord": "6",
        "SentimentPolarity": "1"
      },
      {
        "Aspect": "시간/속도",
        "SentimentText": "청소가좀더 빨라져 편해졌지요~  ",
        "SentimentWord": "3",
        "SentimentPolarity": "1"
      },
      {
        "Aspect": "기능",
        "SentimentText": "침구용  헤드사용시  면지통에  쌓이는 이불먼지를 보면  정말  마음까지 후련한게 너무 맘에 듭니다..",
        "SentimentWord": "12",
        "SentimentPolarity": "1"
      }
    ]
  },
  {
    "Index": "6073",
    "RawText": "초특가 상품을 운좋게 져렴하게 득템했네요~ 청소기 품질 상태는 좋아요  ",
    "Source": "SNS",
    "Domain": "가전",
    "MainCategory": "생활/미용/욕실가전",
    "ProductName": "(TV_초특가_직매입)테팔 에어포스 360 청소기 에어케어 TY9086",
    "ReviewScore": "100",
    "Syllable": "40",
    "Word": "9",
    "RDate": "20190104",
    "Aspects": [
      {
        "Aspect": "가격",
        "SentimentText": "초특가 상품을 운좋게 져렴하게 득템했네요~",
        "SentimentWord": "5",
        "SentimentPolarity": "1"
      },
      {
        "Aspect": "품질",
        "SentimentText": "청소기 품질 상태는 좋아요",
        "SentimentWord": "4",
        "SentimentPolarity": "1"
      }
    ]
  },
  {
    "Index": "6074",
    "RawText": "거치대에 걸어놓코 사용하기편리하고요 그때그때사용하기쉽고 조작도간편해요 하지만 모터소리에비해 먼지빨아들이는건 조금불만족스럽고요 다른비슷한제품에비해 가격도저렴하고^^ 손잡이부분이 무겁지않아요 ",
    "Source": "SNS",
    "Domain": "가전",
    "MainCategory": "생활/미용/욕실가전",
    "ProductName": "(TV_초특가_직매입)테팔 에어포스 360 청소기 에어케어 TY9086",
    "ReviewScore": "80",
    "Syllable": "105",
    "Word": "13",
    "RDate": "20190210",
    "GeneralPolarity": "1",
    "Aspects": [
      {
        "Aspect": "편의성",
        "SentimentText": "거치대에 걸어놓코 사용하기편리하고요",
        "SentimentWord": "3",
        "SentimentPolarity": "1"
      },
      {
        "Aspect": "조작성",
        "SentimentText": "그때그때사용하기쉽고 조작도간편해요",
        "SentimentWord": "2",
        "SentimentPolarity": "1"
      },
      {
        "Aspect": "기능",
        "SentimentText": " 모터소리에비해 먼지빨아들이는건 조금불만족스럽고요",
        "SentimentWord": "3",
        "SentimentPolarity": "-1"
      },
      {
        "Aspect": "가격",
        "SentimentText": "다른비슷한제품에비해 가격도저렴하고^^",
        "SentimentWord": "2",
        "SentimentPolarity": "1"
      },
      {
        "Aspect": "무게",
        "SentimentText": "손잡이부분이 무겁지않아요",
        "SentimentWord": "2",
        "SentimentPolarity": "1"
      }
    ]
  },
  {
    "Index": "6075",
    "RawText": "구매했어요... 조립하고 충전후 사용해보니 생각했던거 보다 조용하고 ^^ 바퀴가 있어 부드럽게 움직이지  사용하기 좋아요 ",
    "Source": "SNS",
    "Domain": "가전",
    "MainCategory": "생활/미용/욕실가전",
    "ProductName": "(TV_초특가_직매입)테팔 에어포스 360 청소기 에어케어 TY9086",
    "ReviewScore": "100",
    "Syllable": "68",
    "Word": "14",
    "RDate": "20181209",
    "GeneralPolarity": "1",
    "Aspects": [
      {
        "Aspect": "소음",
        "SentimentText": "조립하고 충전후 사용해보니 생각했던거 보다 조용하고 ^^",
        "SentimentWord": "7",
        "SentimentPolarity": "1"
      },
      {
        "Aspect": "편의성",
        "SentimentText": "바퀴가 있어 부드럽게 움직이지  사용하기 좋아요",
        "SentimentWord": "6",
        "SentimentPolarity": "1"
      }
    ]
  },
  {
    "Index": "6076",
    "RawText": "기대이상입니다...  OOO쓰고있었는데..흡입력이떨어져..짜증나있던중에.. 방송보고 구매했어요~  기대이상으로 흡입력이 좋네요~ 속이시원해요~ 오자마자..침구브러쉬사용해봤는데.. 흡입력이 대박입니다!!  다*슨부럽지않아요 ㅋㅋㅋ ",
    "Source": "SNS",
    "Domain": "가전",
    "MainCategory": "생활/미용/욕실가전",
    "ProductName": "(TV_초특가_직매입)테팔 에어포스 360 청소기 에어케어 TY9086",
    "ReviewScore": "100",
    "Syllable": "128",
    "Word": "13",
    "RDate": "20181224",
    "GeneralPolarity": "1",
    "Aspects": [
      {
        "Aspect": "기능",
        "SentimentText": "기대이상으로 흡입력이 좋네요~",
        "SentimentWord": "3",
        "SentimentPolarity": "1"
      },
      {
        "Aspect": "기능",
        "SentimentText": "흡입력이대박입니다!!",
        "SentimentWord": "1",
        "SentimentPolarity": "1"
      }
    ]
  },
  {
    "Index": "6077",
    "RawText": "OO청소기랑 고민많이 했는데  조금 저렴하면서 괜찮은거 찾다가 홈쇼핑보자마자 우선 구매했어요 지금 쓰고있는데 조금 허술하긴하지만 생각보다 힘이 좋아요 특히 원목거치대 사은품은 완전 좋네요",
    "Source": "SNS",
    "Domain": "가전",
    "MainCategory": "생활/미용/욕실가전",
    "ProductName": "(TV_초특가_직매입)테팔 에어포스 360 청소기 에어케어 TY9086",
    "ReviewScore": "100",
    "Syllable": "104",
    "Word": "22",
    "RDate": "20190126",
    "GeneralPolarity": "1",
    "Aspects": [
      {
        "Aspect": "기능",
        "SentimentText": "생각보다 힘이 좋아요",
        "SentimentWord": "3",
        "SentimentPolarity": "1"
      },
      {
        "Aspect": "제품구성",
        "SentimentText": "특히 원목거치대 사은품은 완전 좋네요",
        "SentimentWord": "5",
        "SentimentPolarity": "1"
      }
    ]
  },
  {
    "Index": "6078",
    "RawText": "디자인도 이쁘고 흡입력도 좋고, 와이프가 상당히 맘에 들어하네요 ㅎㅎ 좋아요",
    "Source": "SNS",
    "Domain": "가전",
    "MainCategory": "생활/미용/욕실가전",
    "ProductName": "(TV_초특가_직매입)테팔 에어포스 360 청소기 에어케어 TY9086",
    "ReviewScore": "100",
    "Syllable": "42",
    "Word": "10",
    "RDate": "20181229",
    "GeneralPolarity": "1",
    "Aspects": [
      {
        "Aspect": "디자인",
        "SentimentText": "디자인도 이쁘고",
        "SentimentWord": "2",
        "SentimentPolarity": "1"
      },
      {
        "Aspect": "기능",
        "SentimentText": "흡입력도 좋고, 와이프가 상당히 맘에 들어하네요 ㅎㅎ 좋아요",
        "SentimentWord": "8",
        "SentimentPolarity": "1"
      }
    ]
  },
  {
    "Index": "6079",
    "RawText": "무게감이 좀 있지만 무선청소기는 거의 다 그러니까요 흡입력 좋고 청소용 브러쉬가 다양해서 좋아요~!  ",
    "Source": "SNS",
    "Domain": "가전",
    "MainCategory": "생활/미용/욕실가전",
    "ProductName": "(TV_초특가_직매입)테팔 에어포스 360 청소기 에어케어 TY9086",
    "ReviewScore": "100",
    "Syllable": "57",
    "Word": "13",
    "RDate": "20181211",
    "GeneralPolarity": "1",
    "Aspects": [
      {
        "Aspect": "무게",
        "SentimentText": "무게감이 좀 있지만 무선청소기는 거의 다 그러니까요",
        "SentimentWord": "7",
        "SentimentPolarity": "0"
      },
      {
        "Aspect": "기능",
        "SentimentText": "흡입력 좋고",
        "SentimentWord": "2",
        "SentimentPolarity": "1"
      },
      {
        "Aspect": "제품구성",
        "SentimentText": "청소용 브러쉬가 다양해서 좋아요~! ",
        "SentimentWord": "4",
        "SentimentPolarity": "1"
      }
    ]
  },
  {
    "Index": "6080",
    "RawText": "무선은 처음 쓰는데 지금은 무선기능 만족입니다 성능과 가격 모두 만족입니다",
    "Source": "SNS",
    "Domain": "가전",
    "MainCategory": "생활/미용/욕실가전",
    "ProductName": "(TV_초특가_직매입)테팔 에어포스 360 청소기 에어케어 TY9086",
    "ReviewScore": "100",
    "Syllable": "41",
    "Word": "10",
    "RDate": "20181116",
    "GeneralPolarity": "1",
    "Aspects": [
      {
        "Aspect": "기능",
        "SentimentText": "무선기능 만족입니다",
        "SentimentWord": "2",
        "SentimentPolarity": "1"
      },
      {
        "Aspect": "기능",
        "SentimentText": "성능과 가격 모두 만족입니다",
        "SentimentWord": "4",
        "SentimentPolarity": "1"
      },
      {
        "Aspect": "가격",
        "SentimentText": "가격 모두 만족입니다",
        "SentimentWord": "3",
        "SentimentPolarity": "1"
      }
    ]
  },
  {
    "Index": "6081",
    "RawText": "무선청소기 써보니 정말 편하네요~부드럽고,청소가 간편해졌어요^^",
    "Source": "SNS",
    "Domain": "가전",
    "MainCategory": "생활/미용/욕실가전",
    "ProductName": "(TV_초특가_직매입)테팔 에어포스 360 청소기 에어케어 TY9086",
    "ReviewScore": "100",
    "Syllable": "35",
    "Word": "5",
    "RDate": "20181120",
    "GeneralPolarity": "1",
    "Aspects": [
      {
        "Aspect": "편의성",
        "SentimentText": "무선청소기 써보니 정말 편하네요~",
        "SentimentWord": "4",
        "SentimentPolarity": "1"
      },
      {
        "Aspect": "편의성",
        "SentimentText": "부드럽고,청소가 간편해졌어요^^",
        "SentimentWord": "2",
        "SentimentPolarity": "1"
      }
    ]
  },
  {
    "Index": "6082",
    "RawText": "무선청소기가 망가져서 어떤 제품으로 바꾸나? 고민하며 최종으로 남은 ㄷ과 ○○○이었는데..배송받고 설치, 가동해보고 가격대비 좋습니다. 무엇보다 미니브러시? 침구에 이용할 수 있어 좋네요. 여러모로 활용도도 높고 좋아요",
    "Source": "SNS",
    "Domain": "가전",
    "MainCategory": "생활/미용/욕실가전",
    "ProductName": "(TV_초특가_직매입)테팔 에어포스 360 청소기 에어케어 TY9086",
    "ReviewScore": "100",
    "Syllable": "122",
    "Word": "25",
    "RDate": "20190129",
    "GeneralPolarity": "1",
    "Aspects": [
      {
        "Aspect": "가격",
        "SentimentText": "배송받고 설치, 가동해보고 가격대비 좋습니다",
        "SentimentWord": "5",
        "SentimentPolarity": "1"
      },
      {
        "Aspect": "제품구성",
        "SentimentText": "무엇보다 미니브러시? 침구에 이용할 수 있어 좋네요. 여러모로 활용도도 높고 좋아요",
        "SentimentWord": "11",
        "SentimentPolarity": "1"
      }
    ]
  },
  {
    "Index": "6083",
    "RawText": "배송 정말 빠르고 굿 조립도 쉽고 성능 정말  좋습니대.조금 시끄러운건 모터가 좋다고 생각합니대",
    "Source": "SNS",
    "Domain": "가전",
    "MainCategory": "생활/미용/욕실가전",
    "ProductName": "(TV_초특가_직매입)테팔 에어포스 360 청소기 에어케어 TY9086",
    "ReviewScore": "100",
    "Syllable": "53",
    "Word": "13",
    "RDate": "20190107",
    "Aspects": [
      {
        "Aspect": "조작성",
        "SentimentText": "조립도 쉽고 성능 정말  좋습니대",
        "SentimentWord": "5",
        "SentimentPolarity": "1"
      },
      {
        "Aspect": "기능",
        "SentimentText": "성능 정말  좋습니대",
        "SentimentWord": "3",
        "SentimentPolarity": "1"
      }
    ]
  },
  {
    "Index": "6084",
    "RawText": "배송 진짜 빠르네요 흡입력도 좋아요 모터가 튼튼해 오래쓸수있었음 좋겠어요",
    "Source": "SNS",
    "Domain": "가전",
    "MainCategory": "생활/미용/욕실가전",
    "ProductName": "(TV_초특가_직매입)테팔 에어포스 360 청소기 에어케어 TY9086",
    "ReviewScore": "100",
    "Syllable": "40",
    "Word": "9",
    "RDate": "20190402",
    "Aspects": [
      {
        "Aspect": "기능",
        "SentimentText": "흡입력도 좋아요",
        "SentimentWord": "2",
        "SentimentPolarity": "1"
      },
      {
        "Aspect": "내구성",
        "SentimentText": "모터가 튼튼해 오래쓸수있었음 좋겠어요",
        "SentimentWord": "4",
        "SentimentPolarity": "1"
      }
    ]
  },
  {
    "Index": "6085",
    "RawText": "사은품 받아보고 어이가 없어 그냥 대충쓰다가 사진은 보내드리려고 상품평 남깁니다. 사은품 때문에 평점 최악입니다. 볼트도 업고 뚜껑도 안닫히고 분해되고.. 차라리 사은품 안주는게 날듯 하네요..",
    "Source": "SNS",
    "Domain": "가전",
    "MainCategory": "생활/미용/욕실가전",
    "ProductName": "(TV_초특가_직매입)테팔 에어포스 360 청소기 에어케어 TY9086",
    "ReviewScore": "20",
    "Syllable": "108",
    "Word": "24",
    "RDate": "20190304",
    "GeneralPolarity": "-1",
    "Aspects": [
      {
        "Aspect": "제품구성",
        "SentimentText": "사은품 받아보고 어이가 없어 ",
        "SentimentWord": "4",
        "SentimentPolarity": "-1"
      },
      {
        "Aspect": "제품구성",
        "SentimentText": "볼트도 업고 뚜껑도 안닫히고 분해되고.. 차라리 사은품 안주는게 날듯 하네요..",
        "SentimentWord": "10",
        "SentimentPolarity": "-1"
      }
    ]
  },
  {
    "Index": "6086",
    "RawText": "안전하게 포장되어 상품 잘 받았고요ㅎㅎ 상품 이상 없이 잘 돌아가서 좋으네요 흡입력이 정말좋네요 만족합니다ㅎㅎ",
    "Source": "SNS",
    "Domain": "가전",
    "MainCategory": "생활/미용/욕실가전",
    "ProductName": "(TV_초특가_직매입)테팔 에어포스 360 청소기 에어케어 TY9086",
    "ReviewScore": "100",
    "Syllable": "61",
    "Word": "14",
    "RDate": "20181115",
    "Aspects": [
      {
        "Aspect": "품질",
        "SentimentText": "상품 이상 없이 잘 돌아가서 좋으네요",
        "SentimentWord": "6",
        "SentimentPolarity": "1"
      },
      {
        "Aspect": "기능",
        "SentimentText": " 흡입력이 정말좋네요 만족합니다ㅎㅎ",
        "SentimentWord": "3",
        "SentimentPolarity": "1"
      }
    ]
  },
  {
    "Index": "6087",
    "RawText": "생각했던것보다 가볍고 좋습니다. 청소가 행복해질것 같아요. 가성비갑입니다.^^",
    "Source": "SNS",
    "Domain": "가전",
    "MainCategory": "생활/미용/욕실가전",
    "ProductName": "(TV_초특가_직매입)테팔 에어포스 360 청소기 에어케어 TY9086",
    "ReviewScore": "100",
    "Syllable": "43",
    "Word": "7",
    "RDate": "20181225",
    "GeneralPolarity": "1",
    "Aspects": [
      {
        "Aspect": "무게",
        "SentimentText": "생각했던것보다 가볍고 좋습니다.",
        "SentimentWord": "3",
        "SentimentPolarity": "1"
      },
      {
        "Aspect": "가격",
        "SentimentText": "가성비갑입니다.^^",
        "SentimentWord": "1",
        "SentimentPolarity": "1"
      }
    ]
  },
  {
    "Index": "6088",
    "RawText": "소음이클줄알았는데조용하고힘이좋아요 침구청소사용에도좋고가격대비만족합니다 적극추천합니다  ",
    "Source": "SNS",
    "Domain": "가전",
    "MainCategory": "생활/미용/욕실가전",
    "ProductName": "(TV_초특가_직매입)테팔 에어포스 360 청소기 에어케어 TY9086",
    "ReviewScore": "100",
    "Syllable": "48",
    "Word": "3",
    "RDate": "20181117",
    "GeneralPolarity": "1",
    "Aspects": [
      {
        "Aspect": "소음",
        "SentimentText": "소음이클줄알았는데조용하고힘이좋아요",
        "SentimentWord": "1",
        "SentimentPolarity": "1"
      },
      {
        "Aspect": "기능",
        "SentimentText": "힘이좋아요",
        "SentimentWord": "1",
        "SentimentPolarity": "1"
      },
      {
        "Aspect": "기능",
        "SentimentText": "침구청소사용에도좋고가격대비만족합니다",
        "SentimentWord": "1",
        "SentimentPolarity": "1"
      }
    ]
  },
  {
    "Index": "6089",
    "RawText": "엄마가 청소 잘 된다고 좋아하시네요. 생각보다 흡입력도 강력하고  가성비 너무 좋습니다.  거치대도 빨리 왔으면 좋겠네요.",
    "Source": "SNS",
    "Domain": "가전",
    "MainCategory": "생활/미용/욕실가전",
    "ProductName": "(TV_초특가_직매입)테팔 에어포스 360 청소기 에어케어 TY9086",
    "ReviewScore": "100",
    "Syllable": "68",
    "Word": "15",
    "RDate": "20181223",
    "GeneralPolarity": "1",
    "Aspects": [
      {
        "Aspect": "기능",
        "SentimentText": "엄마가 청소 잘 된다고 좋아하시네요.",
        "SentimentWord": "5",
        "SentimentPolarity": "1"
      },
      {
        "Aspect": "기능",
        "SentimentText": "생각보다 흡입력도 강력하고 ",
        "SentimentWord": "3",
        "SentimentPolarity": "1"
      },
      {
        "Aspect": "가격",
        "SentimentText": "가성비 너무 좋습니다.",
        "SentimentWord": "3",
        "SentimentPolarity": "1"
      }
    ]
  },
  {
    "Index": "6090",
    "RawText": "유선쓰다가 무선쓰니 정말 편하네요 다만 무게가 있어서 조심해야겠어요",
    "Source": "SNS",
    "Domain": "가전",
    "MainCategory": "생활/미용/욕실가전",
    "ProductName": "(TV_초특가_직매입)테팔 에어포스 360 청소기 에어케어 TY9086",
    "ReviewScore": "100",
    "Syllable": "37",
    "Word": "8",
    "RDate": "20181220",
    "GeneralPolarity": "1",
    "Aspects": [
      {
        "Aspect": "편의성",
        "SentimentText": "무선쓰니 정말 편하네요",
        "SentimentWord": "3",
        "SentimentPolarity": "1"
      },
      {
        "Aspect": "무게",
        "SentimentText": "무게가 있어서 조심해야겠어요",
        "SentimentWord": "3",
        "SentimentPolarity": "-1"
      }
    ]
  },
  {
    "Index": "6091",
    "RawText": "조립이 간편하네요ㅎㅎ  가벼워서 자주 찾게 되는 제품이에요 빠른배송으로 주문후2일안에 도착해서 좋네요",
    "Source": "SNS",
    "Domain": "가전",
    "MainCategory": "생활/미용/욕실가전",
    "ProductName": "(TV_초특가_직매입)테팔 에어포스 360 청소기 에어케어 TY9086",
    "ReviewScore": "80",
    "Syllable": "56",
    "Word": "11",
    "RDate": "20181204",
    "Aspects": [
      {
        "Aspect": "조작성",
        "SentimentText": "조립이 간편하네요ㅎㅎ",
        "SentimentWord": "2",
        "SentimentPolarity": "1"
      },
      {
        "Aspect": "품질",
        "SentimentText": "가벼워서 자주 찾게 되는 제품이에요",
        "SentimentWord": "5",
        "SentimentPolarity": "1"
      }
    ]
  },
  {
    "Index": "6092",
    "RawText": "집에 청소기가 오래되어 흡입력이 약해서 새로 사야 했는데...배송이 엄청 빨라서 너무 좋네요! 얄쌍한 디자인이 너무 잘 빠져서 마음에 들어요 그리고!단지 좀 무겁다는게 흠이지만 쓰다보면 익숙해 지겠죠~~성능은 아직 안써봐서 잘은 모르겠지만 홈쇼핑 볼때처럼 흡입력이 좋겠죠?!?!",
    "Source": "SNS",
    "Domain": "가전",
    "MainCategory": "생활/미용/욕실가전",
    "ProductName": "(TV_초특가_직매입)테팔 에어포스 360 청소기 에어케어 TY9086",
    "ReviewScore": "100",
    "Syllable": "155",
    "Word": "34",
    "RDate": "20181217",
    "Aspects": [
      {
        "Aspect": "디자인",
        "SentimentText": "얄쌍한 디자인이 너무 잘 빠져서 마음에 들어요",
        "SentimentWord": "7",
        "SentimentPolarity": "1"
      },
      {
        "Aspect": "무게",
        "SentimentText": "단지 좀 무겁다는게 흠이지만",
        "SentimentWord": "4",
        "SentimentPolarity": "-1"
      }
    ]
  },
  {
    "Index": "6093",
    "RawText": "쫌 무겁고ㅜㅜ 생각보다 소리가 크네요. 흡입력은 그럭저럭..괜찮네요 근데 거치대는 왜 같이 안 오는지",
    "Source": "SNS",
    "Domain": "가전",
    "MainCategory": "생활/미용/욕실가전",
    "ProductName": "(TV_초특가_직매입)테팔 에어포스 360 청소기 에어케어 TY9086",
    "ReviewScore": "60",
    "Syllable": "56",
    "Word": "13",
    "RDate": "20190106",
    "GeneralPolarity": "-1",
    "Aspects": [
      {
        "Aspect": "무게",
        "SentimentText": "쫌 무겁고ㅜㅜ ",
        "SentimentWord": "2",
        "SentimentPolarity": "-1"
      },
      {
        "Aspect": "소음",
        "SentimentText": "생각보다 소리가 크네요.",
        "SentimentWord": "3",
        "SentimentPolarity": "-1"
      },
      {
        "Aspect": "기능",
        "SentimentText": "흡입력은 그럭저럭..괜찮네요",
        "SentimentWord": "2",
        "SentimentPolarity": "0"
      }
    ]
  },
  {
    "Index": "6094",
    "RawText": "청소시흡입력도좋아요.살짝 무거운감은 있어요.",
    "Source": "SNS",
    "Domain": "가전",
    "MainCategory": "생활/미용/욕실가전",
    "ProductName": "(TV_초특가_직매입)테팔 에어포스 360 청소기 에어케어 TY9086",
    "ReviewScore": "100",
    "Syllable": "24",
    "Word": "3",
    "RDate": "20181210",
    "GeneralPolarity": "1",
    "Aspects": [
      {
        "Aspect": "기능",
        "SentimentText": "청소시흡입력도 좋아요",
        "SentimentWord": "2",
        "SentimentPolarity": "1"
      },
      {
        "Aspect": "무게",
        "SentimentText": "살짝 무거운감은 있어요",
        "SentimentWord": "3",
        "SentimentPolarity": "0"
      }
    ]
  },
  {
    "Index": "6095",
    "RawText": "청소하기 간편하고좋네요 한손으로 청소기 돌려도 무겁지도 않고 너무 좋아요 진작에 구매할걸 그랬네요~~^^",
    "Source": "SNS",
    "Domain": "가전",
    "MainCategory": "생활/미용/욕실가전",
    "ProductName": "(TV_초특가_직매입)테팔 에어포스 360 청소기 에어케어 TY9086",
    "ReviewScore": "100",
    "Syllable": "58",
    "Word": "12",
    "RDate": "20190406",
    "GeneralPolarity": "1",
    "Aspects": [
      {
        "Aspect": "편의성",
        "SentimentText": "청소하기 간편하고좋네요",
        "SentimentWord": "2",
        "SentimentPolarity": "1"
      },
      {
        "Aspect": "무게",
        "SentimentText": "한손으로 청소기 돌려도 무겁지도 않고 너무 좋아요 ",
        "SentimentWord": "7",
        "SentimentPolarity": "1"
      }
    ]
  },
  {
    "Index": "6096",
    "RawText": "코드가없고호스도없으니너무간편하고흡입력도좋네요",
    "Source": "SNS",
    "Domain": "가전",
    "MainCategory": "생활/미용/욕실가전",
    "ProductName": "(TV_초특가_직매입)테팔 에어포스 360 청소기 에어케어 TY9086",
    "ReviewScore": "100",
    "Syllable": "24",
    "Word": "1",
    "RDate": "20181224",
    "GeneralPolarity": "1",
    "Aspects": [
      {
        "Aspect": "편의성",
        "SentimentText": "코드가없고호스도없으니너무간편하고흡입력도좋네요",
        "SentimentWord": "1",
        "SentimentPolarity": "1"
      },
      {
        "Aspect": "기능",
        "SentimentText": "흡입력도좋네요",
        "SentimentWord": "1",
        "SentimentPolarity": "1"
      }
    ]
  },
  {
    "Index": "6097",
    "RawText": "000 제품 선호도가 높은 편이라 비슷한 제품 대비 가격이 저렴한 000로 구입 받아서 사용해보니 정말 마음에 듭니다 무선이고 먼지 냄새도 안나고 아주 좋아요 원목 거치대가 사은품이라 더욱 좋아요 ",
    "Source": "SNS",
    "Domain": "가전",
    "MainCategory": "생활/미용/욕실가전",
    "ProductName": "(TV_초특가_직매입)테팔 에어포스 360 청소기 에어케어 TY9086",
    "ReviewScore": "100",
    "Syllable": "110",
    "Word": "28",
    "RDate": "20181229",
    "Aspects": [
      {
        "Aspect": "가격",
        "SentimentText": "비슷한 제품 대비 가격이 저렴한 000로 구입받아서 사용해보니 정말 마음에 듭니다",
        "SentimentWord": "11",
        "SentimentPolarity": "1"
      },
      {
        "Aspect": "기능",
        "SentimentText": "무선이고 먼지 냄새도 안나고 아주 좋아요",
        "SentimentWord": "6",
        "SentimentPolarity": "1"
      },
      {
        "Aspect": "제품구성",
        "SentimentText": "원목 거치대가 사은품이라 더욱 좋아요",
        "SentimentWord": "5",
        "SentimentPolarity": "1"
      }
    ]
  },
  {
    "Index": "6098",
    "RawText": "헤드가 좀 무거운 감이 있긴 하지만 가격대비 만족합니다!",
    "Source": "SNS",
    "Domain": "가전",
    "MainCategory": "생활/미용/욕실가전",
    "ProductName": "(TV_초특가_직매입)테팔 에어포스 360 청소기 에어케어 TY9086",
    "ReviewScore": "80",
    "Syllable": "31",
    "Word": "8",
    "RDate": "20190131",
    "GeneralPolarity": "0",
    "Aspects": [
      {
        "Aspect": "무게",
        "SentimentText": "헤드가 좀 무거운 감이 있긴 하지만 ",
        "SentimentWord": "6",
        "SentimentPolarity": "-1"
      },
      {
        "Aspect": "가격",
        "SentimentText": "가격대비 만족합니다!",
        "SentimentWord": "2",
        "SentimentPolarity": "1"
      }
    ]
  },
  {
    "Index": "6099",
    "RawText": "흡입력 대박 소리도 크지 않음 무게감도 이정도면 굿 부드럽게 잘 밀리고  좋아요~",
    "Source": "SNS",
    "Domain": "가전",
    "MainCategory": "생활/미용/욕실가전",
    "ProductName": "(TV_초특가_직매입)테팔 에어포스 360 청소기 에어케어 TY9086",
    "ReviewScore": "100",
    "Syllable": "45",
    "Word": "12",
    "RDate": "20190130",
    "GeneralPolarity": "1",
    "Aspects": [
      {
        "Aspect": "기능",
        "SentimentText": "흡입력 대박",
        "SentimentWord": "2",
        "SentimentPolarity": "1"
      },
      {
        "Aspect": "소음",
        "SentimentText": "소리도 크지 않음",
        "SentimentWord": "3",
        "SentimentPolarity": "1"
      },
      {
        "Aspect": "무게",
        "SentimentText": "무게감도 이정도면 굿",
        "SentimentWord": "3",
        "SentimentPolarity": "1"
      },
      {
        "Aspect": "기능",
        "SentimentText": "부드럽게 잘 밀리고 좋아요~",
        "SentimentWord": "4",
        "SentimentPolarity": "1"
      }
    ]
  },
  {
    "Index": "6100",
    "RawText": "흡입력 등은 좋으나 쓰레기 배출 레버가 손잡이밑에 붙어있어 쓰레기 배출시 불편함이 있음",
    "Source": "SNS",
    "Domain": "가전",
    "MainCategory": "생활/미용/욕실가전",
    "ProductName": "(TV_초특가_직매입)테팔 에어포스 360 청소기 에어케어 TY9086",
    "ReviewScore": "80",
    "Syllable": "48",
    "Word": "12",
    "RDate": "20181218",
    "GeneralPolarity": "0",
    "Aspects": [
      {
        "Aspect": "기능",
        "SentimentText": "흡입력 등은 좋으나 ",
        "SentimentWord": "3",
        "SentimentPolarity": "1"
      },
      {
        "Aspect": "편의성",
        "SentimentText": "쓰레기 배출 레버가 손잡이밑에 붙어있어 쓰레기 배출시 불편함이 있음",
        "SentimentWord": "9",
        "SentimentPolarity": "-1"
      }
    ]
  },
  {
    "Index": "6101",
    "RawText": "흡입력은 매우 만족입니다. 헤더 부분은 ○○○보다 좀 무거운감이 있네요. ",
    "Source": "SNS",
    "Domain": "가전",
    "MainCategory": "생활/미용/욕실가전",
    "ProductName": "(TV_초특가_직매입)테팔 에어포스 360 청소기 에어케어 TY9086",
    "ReviewScore": "80",
    "Syllable": "41",
    "Word": "9",
    "RDate": "20190209",
    "Aspects": [
      {
        "Aspect": "기능",
        "SentimentText": "흡입력은 매우 만족입니다.",
        "SentimentWord": "3",
        "SentimentPolarity": "1"
      },
      {
        "Aspect": "무게",
        "SentimentText": "헤더 부분은 ○○○보다 좀 무거운감이 있네요",
        "SentimentWord": "6",
        "SentimentPolarity": "-1"
      }
    ]
  },
  {
    "Index": "6102",
    "RawText": "대~~~~~박^^반신반의햇는데..정말로 이번 청소기 제대로 잘산건같아여 다른제품에 비해서 정말 속이시원하게 잘빨아들이네염 그리고 한방에 걸레질까시 좋아요ㅍㅎㅎㅎ 나같은사람한테 딱!!!!",
    "Source": "SNS",
    "Domain": "가전",
    "MainCategory": "생활/미용/욕실가전",
    "ProductName": "(TV_특) 맥스킹 무선 진공 물걸레 청소기 S10",
    "ReviewScore": "100",
    "Syllable": "103",
    "Word": "16",
    "RDate": "20190517",
    "GeneralPolarity": "1",
    "Aspects": [
      {
        "Aspect": "기능",
        "SentimentText": "다른제품에 비해서 정말 속이시원하게 잘빨아들이네염",
        "SentimentWord": "5",
        "SentimentPolarity": "1"
      },
      {
        "Aspect": "편의성",
        "SentimentText": "한방에 걸레질까시 좋아요ㅍㅎㅎㅎ",
        "SentimentWord": "3",
        "SentimentPolarity": "1"
      }
    ]
  },
  {
    "Index": "6103",
    "RawText": "무선이라 펀리성은 좋으나 깔끔한 청소를 원하시면 비추입니다 1단은 머리카락도 힘듭니다 2,3단은 그나마 되긴하는데 천천히 움직여야 하고요 그래서 전 편리성과 덜 깔끔함에 맞춰가고 있습니다",
    "Source": "SNS",
    "Domain": "가전",
    "MainCategory": "생활/미용/욕실가전",
    "ProductName": "(TV_특) 맥스킹 무선 진공 물걸레 청소기 S10",
    "ReviewScore": "60",
    "Syllable": "104",
    "Word": "23",
    "RDate": "20190917",
    "GeneralPolarity": "-1",
    "Aspects": [
      {
        "Aspect": "편의성",
        "SentimentText": "무선이라 펀리성은 좋으나 ",
        "SentimentWord": "3",
        "SentimentPolarity": "1"
      },
      {
        "Aspect": "기능",
        "SentimentText": "깔끔한 청소를 원하시면 비추입니다",
        "SentimentWord": "4",
        "SentimentPolarity": "-1"
      }
    ]
  },
  {
    "Index": "6104",
    "RawText": "물걸레와 진공을 동시에 청소 할수  있어 완전   신세계네요  평소  강하게  쓰는 습관이  있었는데  배터리가  2개라서  넘넘  좋아요..^^",
    "Source": "SNS",
    "Domain": "가전",
    "MainCategory": "생활/미용/욕실가전",
    "ProductName": "(TV_특) 맥스킹 무선 진공 물걸레 청소기 S10",
    "ReviewScore": "100",
    "Syllable": "81",
    "Word": "17",
    "RDate": "20190517",
    "GeneralPolarity": "1",
    "Aspects": [
      {
        "Aspect": "기능",
        "SentimentText": "물걸레와 진공을 동시에 청소 할수  있어 완전   신세계네요 ",
        "SentimentWord": "8",
        "SentimentPolarity": "1"
      },
      {
        "Aspect": "제품구성",
        "SentimentText": "배터리가  2개라서  넘넘  좋아요..^^",
        "SentimentWord": "4",
        "SentimentPolarity": "1"
      }
    ]
  },
  {
    "Index": "6105",
    "RawText": "배송빨라서 좋았고  빨간색 포인트 색상이 너무 마음에 드네요 청소기 흡입력 넘 맘에 들어요 잘사용하고있읍니다 감사합니다",
    "Source": "SNS",
    "Domain": "가전",
    "MainCategory": "생활/미용/욕실가전",
    "ProductName": "(TV_특) 맥스킹 무선 진공 물걸레 청소기 S10",
    "ReviewScore": "100",
    "Syllable": "66",
    "Word": "15",
    "RDate": "20190521",
    "Aspects": [
      {
        "Aspect": "색상",
        "SentimentText": "빨간색 포인트 색상이 너무 마음에 드네요",
        "SentimentWord": "6",
        "SentimentPolarity": "1"
      },
      {
        "Aspect": "기능",
        "SentimentText": "청소기  흡입력 넘 맘에 들어요",
        "SentimentWord": "5",
        "SentimentPolarity": "1"
      }
    ]
  },
  {
    "Index": "6106",
    "RawText": "배송엄청 빠르고 샴페인골드 색상 넘 이쁩니다^^ 그런데 좀 무겁네요~ 그래도 만족합니다 ",
    "Source": "SNS",
    "Domain": "가전",
    "MainCategory": "생활/미용/욕실가전",
    "ProductName": "(TV_특) 맥스킹 무선 진공 물걸레 청소기 S10",
    "ReviewScore": "100",
    "Syllable": "49",
    "Word": "11",
    "RDate": "20190517",
    "Aspects": [
      {
        "Aspect": "색상",
        "SentimentText": "샴페인골드 색상 넘 이쁩니다^^",
        "SentimentWord": "4",
        "SentimentPolarity": "1"
      },
      {
        "Aspect": "무게",
        "SentimentText": "그런데 좀 무겁네요~",
        "SentimentWord": "3",
        "SentimentPolarity": "-1"
      }
    ]
  },
  {
    "Index": "6107",
    "RawText": "청소기 생각보다 사용하기편하고 그립감도 굉장히 좋네요 만족합니다~~ ",
    "Source": "SNS",
    "Domain": "가전",
    "MainCategory": "생활/미용/욕실가전",
    "ProductName": "(TV_특) 맥스킹 무선 진공 물걸레 청소기 S10",
    "ReviewScore": "100",
    "Syllable": "38",
    "Word": "7",
    "RDate": "20190517",
    "GeneralPolarity": "1",
    "Aspects": [
      {
        "Aspect": "편의성",
        "SentimentText": "청소기 생각보다 사용하기편하고",
        "SentimentWord": "3",
        "SentimentPolarity": "1"
      },
      {
        "Aspect": "조작성",
        "SentimentText": " 그립감도 굉장히 좋네요 만족합니다~~",
        "SentimentWord": "4",
        "SentimentPolarity": "1"
      }
    ]
  },
  {
    "Index": "6108",
    "RawText": "친구 소개로 무선청소기를 샀는데 조용하고 좋네요 가격대비 성능이 좋아요",
    "Source": "SNS",
    "Domain": "가전",
    "MainCategory": "생활/미용/욕실가전",
    "ProductName": "(TV_특) 맥스킹 무선 진공 물걸레 청소기 S10",
    "ReviewScore": "100",
    "Syllable": "39",
    "Word": "9",
    "RDate": "20190519",
    "GeneralPolarity": "1",
    "Aspects": [
      {
        "Aspect": "소음",
        "SentimentText": "조용하고 좋네요 ",
        "SentimentWord": "2",
        "SentimentPolarity": "1"
      },
      {
        "Aspect": "가격",
        "SentimentText": "가격대비 성능이 좋아요",
        "SentimentWord": "3",
        "SentimentPolarity": "1"
      }
    ]
  },
  {
    "Index": "6109",
    "RawText": "한번에 먼지 흡입과 물걸레질이 되니 너무 좋아요~^^ 그리고 대용량 배터리라서 좋네요~",
    "Source": "SNS",
    "Domain": "가전",
    "MainCategory": "생활/미용/욕실가전",
    "ProductName": "(TV_특) 맥스킹 무선 진공 물걸레 청소기 S10",
    "ReviewScore": "100",
    "Syllable": "48",
    "Word": "11",
    "RDate": "20190517",
    "GeneralPolarity": "1",
    "Aspects": [
      {
        "Aspect": "기능",
        "SentimentText": "한번에 먼지 흡입과 물걸레질이 되니 너무 좋아요~^^",
        "SentimentWord": "7",
        "SentimentPolarity": "1"
      },
      {
        "Aspect": "배터리",
        "SentimentText": "대용량 배터리라서 좋네요~",
        "SentimentWord": "3",
        "SentimentPolarity": "1"
      }
    ]
  },
  {
    "Index": "6110",
    "RawText": "가격에비해성능은괜찮아요.소리가조금커서 아쉽지만 청소는잘됍니다.추천합니다.",
    "Source": "SNS",
    "Domain": "가전",
    "MainCategory": "생활/미용/욕실가전",
    "ProductName": "(TV_특) 쎈스톰 알파 청소기 STa-015",
    "ReviewScore": "100",
    "Syllable": "40",
    "Word": "3",
    "RDate": "20190319",
    "GeneralPolarity": "0",
    "Aspects": [
      {
        "Aspect": "가격",
        "SentimentText": "가격에비해성능은괜찮아요.",
        "SentimentWord": "1",
        "SentimentPolarity": "0"
      },
      {
        "Aspect": "소음",
        "SentimentText": "소리가조금커서 아쉽지만 청소는잘됍니다.",
        "SentimentWord": "3",
        "SentimentPolarity": "0"
      }
    ]
  },
  {
    "Index": "6111",
    "RawText": "흡입력이 좋아  청소가 잘되어 속이 다 시원하네요. 정말 짱입니다.  흡입력이 좋은만큼 소음은 좀 감수해야 되지만 그래도 만족하네요.",
    "Source": "SNS",
    "Domain": "가전",
    "MainCategory": "생활/미용/욕실가전",
    "ProductName": "(TV_특) 쎈스톰 알파 청소기 STa-015",
    "ReviewScore": "100",
    "Syllable": "74",
    "Word": "17",
    "RDate": "20190322",
    "GeneralPolarity": "1",
    "Aspects": [
      {
        "Aspect": "기능",
        "SentimentText": "흡입력이 좋아  청소가 잘되어 속이 다 시원하네요. 정말 짱입니다.",
        "SentimentWord": "9",
        "SentimentPolarity": "1"
      },
      {
        "Aspect": "소음",
        "SentimentText": " 소음은 좀 감수해야 되지만 그래도 만족하네요.",
        "SentimentWord": "6",
        "SentimentPolarity": "1"
      }
    ]
  },
  {
    "Index": "6112",
    "RawText": "신랑이 권해서 샀는데..소음이 커서 신경쓰이지만 성능이 너무 좋다고 신랑이 잘산거 같다고 좋아하네요~ 가성비 최고 인듯 합니다.",
    "Source": "SNS",
    "Domain": "가전",
    "MainCategory": "생활/미용/욕실가전",
    "ProductName": "(TV_특) 쎈스톰 알파 청소기 STa-015",
    "ReviewScore": "80",
    "Syllable": "71",
    "Word": "16",
    "RDate": "20190318",
    "GeneralPolarity": "1",
    "Aspects": [
      {
        "Aspect": "소음",
        "SentimentText": "소음이 커서 신경쓰이지만 ",
        "SentimentWord": "3",
        "SentimentPolarity": "-1"
      },
      {
        "Aspect": "기능",
        "SentimentText": "성능이 너무 좋다고 신랑이 잘산거 같다고 좋아하네요~ ",
        "SentimentWord": "7",
        "SentimentPolarity": "1"
      },
      {
        "Aspect": "가격",
        "SentimentText": "가성비 최고 인듯 합니다.",
        "SentimentWord": "4",
        "SentimentPolarity": "1"
      }
    ]
  },
  {
    "Index": "6113",
    "RawText": "작은데 들고 다니면서 청소하기 좋아요. 견고성이 조금 아쉽네요.",
    "Source": "SNS",
    "Domain": "가전",
    "MainCategory": "생활/미용/욕실가전",
    "ProductName": "(TV_특) 쎈스톰 알파 청소기 STa-015",
    "ReviewScore": "100",
    "Syllable": "35",
    "Word": "8",
    "RDate": "20190324",
    "GeneralPolarity": "0",
    "Aspects": [
      {
        "Aspect": "편의성",
        "SentimentText": "작은데 들고 다니면서 청소하기 좋아요.",
        "SentimentWord": "5",
        "SentimentPolarity": "1"
      },
      {
        "Aspect": "내구성",
        "SentimentText": "견고성이 조금 아쉽네요.",
        "SentimentWord": "3",
        "SentimentPolarity": "0"
      }
    ]
  },
  {
    "Index": "6114",
    "RawText": "정말  좋아요.뿌리는 것도  수월하고 구석구석 찌든때 잘 지워져서 속이 다 후련합니다.그리고,손에 미끌거리지 않고 잘 씽겨지는 것도  완전 맘에 들어요~잘 쓰겟습니다.친구도 다음 방송때 구매한다네요 ㅎㅎ",
    "Source": "SNS",
    "Domain": "가전",
    "MainCategory": "생활/미용/욕실가전",
    "ProductName": "(TV_특) 유니케어 코브라 유니건 세제 10개팩세트",
    "ReviewScore": "100",
    "Syllable": "113",
    "Word": "24",
    "RDate": "20211110",
    "GeneralPolarity": "1",
    "Aspects": [
      {
        "Aspect": "편의성",
        "SentimentText": "뿌리는 것도  수월하고",
        "SentimentWord": "3",
        "SentimentPolarity": "1"
      },
      {
        "Aspect": "기능",
        "SentimentText": "구석구석 찌든때 잘 지워져서 속이 다 후련합니다.",
        "SentimentWord": "7",
        "SentimentPolarity": "1"
      },
      {
        "Aspect": "기능",
        "SentimentText": "손에 미끌거리지 않고 잘 씽겨지는 것도  완전 맘에 들어요~",
        "SentimentWord": "9",
        "SentimentPolarity": "1"
      }
    ]
  }
]