[
  {
    "Index": "4515",
    "RawText": "배송은 총알배송..  온도 조절 3단계 조절하기 쉽네요 상품은 가격대비 성능이 갑중의갑.. 굿입니다..",
    "Source": "SNS",
    "Domain": "가전",
    "MainCategory": "생활/미용/욕실가전",
    "ProductName": "SMF 유럽인증 2200W 전문가용 헤어드라이기 2컬러",
    "ReviewScore": "100",
    "Syllable": "57",
    "Word": "12",
    "RDate": "20211122",
    "Aspects": [
      {
        "Aspect": "조작성",
        "SentimentText": "온도 조절 3단계 조절하기 쉽네요",
        "SentimentWord": "5",
        "SentimentPolarity": "1"
      },
      {
        "Aspect": "기능",
        "SentimentText": "상품은 가격대비 성능이 갑중의갑.. 굿입니다..",
        "SentimentWord": "5",
        "SentimentPolarity": "1"
      }
    ]
  },
  {
    "Index": "4516",
    "RawText": "빠른 배송 감사합니다. 제품이 생각보다 크고 바람온도조절, 바람세기조절이 다 되네요.  잘 사용하겠습니다....^^;;",
    "Source": "SNS",
    "Domain": "가전",
    "MainCategory": "생활/미용/욕실가전",
    "ProductName": "SMF 유럽인증 2200W 전문가용 헤어드라이기 2컬러",
    "ReviewScore": "100",
    "Syllable": "66",
    "Word": "12",
    "RDate": "20211014",
    "Aspects": [
      {
        "Aspect": "사이즈",
        "SentimentText": "제품이 생각보다 크고 바람온도조절, 바람세기조절이 다 되네요. ",
        "SentimentWord": "7",
        "SentimentPolarity": "1"
      },
      {
        "Aspect": "조작성",
        "SentimentText": "바람온도조절, 바람세기조절이 다 되네요. ",
        "SentimentWord": "4",
        "SentimentPolarity": "1"
      }
    ]
  },
  {
    "Index": "4517",
    "RawText": "소리는 크지만 바람이 강하고 말리는 시간이 줄어들어요 배송은 하루만에 왔어요!! 강추합니다",
    "Source": "SNS",
    "Domain": "가전",
    "MainCategory": "생활/미용/욕실가전",
    "ProductName": "SMF 유럽인증 2200W 전문가용 헤어드라이기 2컬러",
    "ReviewScore": "100",
    "Syllable": "50",
    "Word": "11",
    "RDate": "20220105",
    "Aspects": [
      {
        "Aspect": "소음",
        "SentimentText": "소리는 크지만 바람이 강하고 말리는 시간이 줄어들어요",
        "SentimentWord": "7",
        "SentimentPolarity": "0"
      },
      {
        "Aspect": "시간/속도",
        "SentimentText": "바람이 강하고 말리는 시간이 줄어들어요",
        "SentimentWord": "5",
        "SentimentPolarity": "1"
      }
    ]
  },
  {
    "Index": "4518",
    "RawText": "소음도 준수합니다.  기능도 만족. 이디자인도 좋음. 추천합니다...정도면 가볍고..싸게 잘 구입하네요..",
    "Source": "SNS",
    "Domain": "가전",
    "MainCategory": "생활/미용/욕실가전",
    "ProductName": "SMF 유럽인증 2200W 전문가용 헤어드라이기 2컬러",
    "ReviewScore": "100",
    "Syllable": "59",
    "Word": "10",
    "RDate": "20210819",
    "GeneralPolarity": "1",
    "Aspects": [
      {
        "Aspect": "소음",
        "SentimentText": "소음도 준수합니다. ",
        "SentimentWord": "2",
        "SentimentPolarity": "0"
      },
      {
        "Aspect": "기능",
        "SentimentText": "기능도 만족. ",
        "SentimentWord": "2",
        "SentimentPolarity": "1"
      },
      {
        "Aspect": "디자인",
        "SentimentText": "디자인도 좋음. 추천합니다...",
        "SentimentWord": "3",
        "SentimentPolarity": "1"
      },
      {
        "Aspect": "무게",
        "SentimentText": "정도면 가볍고..싸게 잘 구입하네요..",
        "SentimentWord": "4",
        "SentimentPolarity": "1"
      },
      {
        "Aspect": "가격",
        "SentimentText": "싸게 잘 구입하네요..",
        "SentimentWord": "3",
        "SentimentPolarity": "1"
      }
    ]
  },
  {
    "Index": "4519",
    "RawText": "쓰던더 고장나서 다시 샀어요 바람세고 가격대비 완전 굿임 좀 무거운게 단점",
    "Source": "SNS",
    "Domain": "가전",
    "MainCategory": "생활/미용/욕실가전",
    "ProductName": "SMF 유럽인증 2200W 전문가용 헤어드라이기 2컬러",
    "ReviewScore": "100",
    "Syllable": "41",
    "Word": "11",
    "RDate": "20210327",
    "GeneralPolarity": "1",
    "Aspects": [
      {
        "Aspect": "기능",
        "SentimentText": " 바람세고 가격대비 완전 굿임",
        "SentimentWord": "4",
        "SentimentPolarity": "1"
      },
      {
        "Aspect": "가격",
        "SentimentText": "가격대비 완전 굿임",
        "SentimentWord": "3",
        "SentimentPolarity": "1"
      },
      {
        "Aspect": "무게",
        "SentimentText": "좀 무거운게 단점",
        "SentimentWord": "3",
        "SentimentPolarity": "-1"
      }
    ]
  },
  {
    "Index": "4520",
    "RawText": "사이즈가 엄청 커서 놀람!!! ㅜㅜ 무게도 꽤 무거워요. ㅜㅜ",
    "Source": "SNS",
    "Domain": "가전",
    "MainCategory": "생활/미용/욕실가전",
    "ProductName": "SMF 유럽인증 2200W 전문가용 헤어드라이기 2컬러",
    "ReviewScore": "100",
    "Syllable": "34",
    "Word": "9",
    "RDate": "20220104",
    "GeneralPolarity": "-1",
    "Aspects": [
      {
        "Aspect": "사이즈",
        "SentimentText": "사이즈가 엄청 커서 놀람!!! ㅜㅜ",
        "SentimentWord": "5",
        "SentimentPolarity": "-1"
      },
      {
        "Aspect": "무게",
        "SentimentText": "무게도 꽤 무거워요. ㅜㅜ",
        "SentimentWord": "4",
        "SentimentPolarity": "-1"
      }
    ]
  },
  {
    "Index": "4521",
    "RawText": "적립금과 쿠폰써서 저렴하게 구입했어요. 소리가 조금 크긴하지만 사용하기 괜찮아요",
    "Source": "SNS",
    "Domain": "가전",
    "MainCategory": "생활/미용/욕실가전",
    "ProductName": "SMF 유럽인증 2200W 전문가용 헤어드라이기 2컬러",
    "ReviewScore": "100",
    "Syllable": "44",
    "Word": "9",
    "RDate": "20210810",
    "GeneralPolarity": "0",
    "Aspects": [
      {
        "Aspect": "가격",
        "SentimentText": "적립금과 쿠폰써서 저렴하게 구입했어요.",
        "SentimentWord": "4",
        "SentimentPolarity": "1"
      },
      {
        "Aspect": "소음",
        "SentimentText": "소리가 조금 크긴하지만 사용하기 괜찮아요",
        "SentimentWord": "5",
        "SentimentPolarity": "-1"
      },
      {
        "Aspect": "기능",
        "SentimentText": "사용하기 괜찮아요",
        "SentimentWord": "2",
        "SentimentPolarity": "1"
      }
    ]
  },
  {
    "Index": "4522",
    "RawText": "정말 조아요. 성능도 기대이상이고  조금 무겁기는 해요 배송도 엄청 빠릅니다.",
    "Source": "SNS",
    "Domain": "가전",
    "MainCategory": "생활/미용/욕실가전",
    "ProductName": "SMF 유럽인증 2200W 전문가용 헤어드라이기 2컬러",
    "ReviewScore": "80",
    "Syllable": "43",
    "Word": "10",
    "RDate": "20210525",
    "Aspects": [
      {
        "Aspect": "기능",
        "SentimentText": "정말 조아요. 성능도 기대이상이고",
        "SentimentWord": "4",
        "SentimentPolarity": "1"
      },
      {
        "Aspect": "무게",
        "SentimentText": "조금 무겁기는 해요",
        "SentimentWord": "3",
        "SentimentPolarity": "0"
      }
    ]
  },
  {
    "Index": "4523",
    "RawText": "주소를 제대로 적고 구매했는데, 송장뽑을때 주소를 끝까지 안적고 뽑으셨나보네요. 2층이었는데 기사님께서 안적혀 있어서 1층에 두고가셔서 저희가 갖고왔습니다. 조금 번거로웠지만. 다음에는 송장 잘 확인해서 보내주세요. 상품 잘 받았습니다. 제품은 디자인은 예쁘네요 하지만 전문가용이라서 성능이 좋을지 알았는데 것도 아니에요",
    "Source": "SNS",
    "Domain": "가전",
    "MainCategory": "생활/미용/욕실가전",
    "ProductName": "SMF 유럽인증 2200W 전문가용 헤어드라이기 2컬러",
    "ReviewScore": "40",
    "Syllable": "179",
    "Word": "37",
    "RDate": "20210403",
    "Aspects": [
      {
        "Aspect": "기능",
        "SentimentText": "전문가용이라서 성능이 좋을지 알았는데 것도 아니에요",
        "SentimentWord": "6",
        "SentimentPolarity": "-1"
      },
      {
        "Aspect": "디자인",
        "SentimentText": "제품은 디자인은 예쁘네요",
        "SentimentWord": "3",
        "SentimentPolarity": "1"
      }
    ]
  },
  {
    "Index": "4524",
    "RawText": "커요. 그래서 강력하고  소리도 커요. 드라이는잘 빨라서 좋아요 싸게 잘 사서 만족하고 있어요",
    "Source": "SNS",
    "Domain": "가전",
    "MainCategory": "생활/미용/욕실가전",
    "ProductName": "SMF 유럽인증 2200W 전문가용 헤어드라이기 2컬러",
    "ReviewScore": "80",
    "Syllable": "52",
    "Word": "13",
    "RDate": "20211127",
    "GeneralPolarity": "1",
    "Aspects": [
      {
        "Aspect": "기능",
        "SentimentText": "드라이는잘 빨라서 좋아요",
        "SentimentWord": "3",
        "SentimentPolarity": "1"
      },
      {
        "Aspect": "가격",
        "SentimentText": "싸게 잘 사서 만족하고 있어요",
        "SentimentWord": "5",
        "SentimentPolarity": "1"
      }
    ]
  },
  {
    "Index": "4525",
    "RawText": "크기  ᆢ내겐 좀 큰듯 용량 ᆢ비람 ㆍ온도 조절 적당 디자인ᆢ 굿 기격대비 전체적으로 좋아요",
    "Source": "SNS",
    "Domain": "가전",
    "MainCategory": "생활/미용/욕실가전",
    "ProductName": "SMF 유럽인증 2200W 전문가용 헤어드라이기 2컬러",
    "ReviewScore": "100",
    "Syllable": "51",
    "Word": "14",
    "RDate": "20211014",
    "GeneralPolarity": "1",
    "Aspects": [
      {
        "Aspect": "사이즈",
        "SentimentText": "크기  ᆢ내겐 좀 큰듯",
        "SentimentWord": "4",
        "SentimentPolarity": "-1"
      },
      {
        "Aspect": "디자인",
        "SentimentText": "디자인ᆢ 굿",
        "SentimentWord": "2",
        "SentimentPolarity": "1"
      },
      {
        "Aspect": "가격",
        "SentimentText": "기격대비 전체적으로 좋아요",
        "SentimentWord": "3",
        "SentimentPolarity": "1"
      },
      {
        "Aspect": "기능",
        "SentimentText": "비람 ㆍ온도 조절 적당",
        "SentimentWord": "4",
        "SentimentPolarity": "1"
      }
    ]
  },
  {
    "Index": "4526",
    "RawText": "평소 작은 것만 쓰다 전문가용으로 써보니 확실히 시간이 단축되네요. 가성비 최고입니다.",
    "Source": "SNS",
    "Domain": "가전",
    "MainCategory": "생활/미용/욕실가전",
    "ProductName": "SMF 유럽인증 2200W 전문가용 헤어드라이기 2컬러",
    "ReviewScore": "100",
    "Syllable": "48",
    "Word": "11",
    "RDate": "20211110",
    "GeneralPolarity": "1",
    "Aspects": [
      {
        "Aspect": "시간/속도",
        "SentimentText": "평소 작은 것만 쓰다 전문가용으로 써보니 확실히 시간이 단축되네요.",
        "SentimentWord": "9",
        "SentimentPolarity": "1"
      },
      {
        "Aspect": "가격",
        "SentimentText": "가성비 최고입니다",
        "SentimentWord": "2",
        "SentimentPolarity": "1"
      }
    ]
  },
  {
    "Index": "4527",
    "RawText": "기능 별로 추천제품이 아니다. 강한걸로 다시사야하니 후회스럽다",
    "Source": "SNS",
    "Domain": "가전",
    "MainCategory": "생활/미용/욕실가전",
    "ProductName": "TV앱_제니아 보풀 제거기 충전식 보플 보푸라기제거 WJN-100",
    "ReviewScore": "40",
    "Syllable": "34",
    "Word": "7",
    "RDate": "20200123",
    "GeneralPolarity": "-1",
    "Aspects": [
      {
        "Aspect": "기능",
        "SentimentText": "기능 별로 추천제품이 아니다.",
        "SentimentWord": "4",
        "SentimentPolarity": "-1"
      },
      {
        "Aspect": "기능",
        "SentimentText": "강한걸로 다시사야하니 후회스럽다",
        "SentimentWord": "3",
        "SentimentPolarity": "-1"
      }
    ]
  },
  {
    "Index": "4528",
    "RawText": "성능이 아주 좋은건 아니지만 가격이 저렴하니 ~  모양이나 그립감은 좋아요.",
    "Source": "SNS",
    "Domain": "가전",
    "MainCategory": "생활/미용/욕실가전",
    "ProductName": "TV앱_제니아 보풀 제거기 충전식 보플 보푸라기제거 WJN-100",
    "ReviewScore": "60",
    "Syllable": "42",
    "Word": "10",
    "RDate": "20200117",
    "GeneralPolarity": "0",
    "Aspects": [
      {
        "Aspect": "기능",
        "SentimentText": "성능이 아주 좋은건 아니지만",
        "SentimentWord": "4",
        "SentimentPolarity": "0"
      },
      {
        "Aspect": "가격",
        "SentimentText": "가격이 저렴하니 ~",
        "SentimentWord": "3",
        "SentimentPolarity": "1"
      },
      {
        "Aspect": "디자인",
        "SentimentText": "모양이나 그립감은 좋아요.",
        "SentimentWord": "3",
        "SentimentPolarity": "1"
      },
      {
        "Aspect": "조작성",
        "SentimentText": "그립감은 좋아요.",
        "SentimentWord": "2",
        "SentimentPolarity": "1"
      }
    ]
  },
  {
    "Index": "4529",
    "RawText": "싼편은 아니지만, 물때 안끼고 2년 사용가능하니 괜찮은 것 같습니다! 잘 사용 할게요~!!",
    "Source": "SNS",
    "Domain": "가전",
    "MainCategory": "생활/미용/욕실가전",
    "ProductName": "VAUZEN 바우젠 변기 자동 살균기 프레쉬팟",
    "ReviewScore": "100",
    "Syllable": "50",
    "Word": "12",
    "RDate": "20210429",
    "GeneralPolarity": "1",
    "Aspects": [
      {
        "Aspect": "가격",
        "SentimentText": "싼편은 아니지만,",
        "SentimentWord": "2",
        "SentimentPolarity": "0"
      },
      {
        "Aspect": "기능",
        "SentimentText": "물때 안끼고 2년 사용가능하니 괜찮은 것 같습니다!",
        "SentimentWord": "7",
        "SentimentPolarity": "1"
      }
    ]
  },
  {
    "Index": "4530",
    "RawText": "팬코팅이 몇군데 까진걸 보냈네요. 까진건지 코팅이 제대로 안된건지.. 가격이 싼이유가 있는걸까요 반품귀찮아서 쓰긴하지만 기분이 좀상하네요. 몇번 쓰다버려야겠다는.. 크기도 그다지 크질않고...",
    "Source": "SNS",
    "Domain": "가전",
    "MainCategory": "생활/미용/욕실가전",
    "ProductName": "까사맘 테이블 와이드그릴",
    "ReviewScore": "40",
    "Syllable": "107",
    "Word": "20",
    "RDate": "20200919",
    "GeneralPolarity": "-1",
    "Aspects": [
      {
        "Aspect": "품질",
        "SentimentText": "팬코팅이 몇군데 까진걸 보냈네요. 까진건지 코팅이 제대로 안된건지..",
        "SentimentWord": "8",
        "SentimentPolarity": "-1"
      },
      {
        "Aspect": "가격",
        "SentimentText": "가격이 싼이유가 있는걸까요",
        "SentimentWord": "3",
        "SentimentPolarity": "-1"
      },
      {
        "Aspect": "품질",
        "SentimentText": "반품귀찮아서 쓰긴하지만 기분이 좀상하네요. 몇번 쓰다버려야겠다는..",
        "SentimentWord": "6",
        "SentimentPolarity": "-1"
      }
    ]
  },
  {
    "Index": "4531",
    "RawText": "자그만한게 괜찮네요 식빵은 레벨3으로만 돌려도 타요 1.5~2 정도가 적당한듯  배송은 빠르지 않아요",
    "Source": "SNS",
    "Domain": "가전",
    "MainCategory": "생활/미용/욕실가전",
    "ProductName": "니코 토스터기/2단 팝업/와이드 슬롯 NKT-W22",
    "ReviewScore": "90",
    "Syllable": "56",
    "Word": "12",
    "RDate": "20200402",
    "Aspects": [
      {
        "Aspect": "사이즈",
        "SentimentText": "자그만한게 괜찮네요",
        "SentimentWord": "2",
        "SentimentPolarity": "1"
      },
      {
        "Aspect": "내구성",
        "SentimentText": "식빵은 레벨3으로만 돌려도 타요",
        "SentimentWord": "4",
        "SentimentPolarity": "-1"
      }
    ]
  },
  {
    "Index": "4532",
    "RawText": "OO마트에서 직접배송도해줘서 더 믿고구매했습니다. 배송도빠르고  이 회사 제품은 정말 역시 제가 항상 믿고 쓰는 제품이에요 제품상태도 너무좋네요",
    "Source": "SNS",
    "Domain": "가전",
    "MainCategory": "생활/미용/욕실가전",
    "ProductName": "다이슨 슈퍼소닉 드라이어 아이언 핑크(HD03)  DYSON-SUPERSONIC",
    "ReviewScore": "100",
    "Syllable": "80",
    "Word": "17",
    "RDate": "20210813",
    "Aspects": [
      {
        "Aspect": "제조일/제조사",
        "SentimentText": "이 회사 제품은 정말 역시 제가 항상 믿고 쓰는 제품이에요",
        "SentimentWord": "10",
        "SentimentPolarity": "1"
      },
      {
        "Aspect": "품질",
        "SentimentText": "제품상태도 너무좋네요 ",
        "SentimentWord": "2",
        "SentimentPolarity": "1"
      }
    ]
  },
  {
    "Index": "4533",
    "RawText": "품질이 기대에는 못 미치네요 색상도 타사의 예쁜색상 보다 이 제품 보니 어둡고 침침해요 생각보다 배터리  소모가 많은건  온도가 엄청 높이 올라가서 그렇겠죠 빨리 데워지면 좋겠다는 생각이 드네요 그게 좀 아쉽습니다",
    "Source": "SNS",
    "Domain": "가전",
    "MainCategory": "생활/미용/욕실가전",
    "ProductName": "더블에스샤이니 스마트퀸S SHINY 021A/무선고데기/헤어롤/휴대용헤어롤/무선헤어롤/에어브러쉬",
    "ReviewScore": "80",
    "Syllable": "119",
    "Word": "30",
    "RDate": "20191012",
    "GeneralPolarity": "-1",
    "Aspects": [
      {
        "Aspect": "품질",
        "SentimentText": "품질이 기대에는 못 미치네요",
        "SentimentWord": "4",
        "SentimentPolarity": "-1"
      },
      {
        "Aspect": "색상",
        "SentimentText": "색상도 타사의 예쁜색상 보다 이 제품 보니 어둡고 침침해요",
        "SentimentWord": "9",
        "SentimentPolarity": "-1"
      },
      {
        "Aspect": "배터리",
        "SentimentText": "생각보다 배터리  소모가 많은건  온도가 엄청 높이 올라가서 그렇겠죠",
        "SentimentWord": "9",
        "SentimentPolarity": "0"
      },
      {
        "Aspect": "시간/속도",
        "SentimentText": "빨리 데워지면 좋겠다는 생각이 드네요 그게 좀 아쉽습니다",
        "SentimentWord": "8",
        "SentimentPolarity": "-1"
      }
    ]
  },
  {
    "Index": "4534",
    "RawText": "사용 편리성은 좋으나 유선코드를 사용 하는것과 같은 고데기의 효과는 없는것같음",
    "Source": "SNS",
    "Domain": "가전",
    "MainCategory": "생활/미용/욕실가전",
    "ProductName": "더블에스샤이니 스마트퀸S SHINY 021A/무선고데기/헤어롤/휴대용헤어롤/무선헤어롤/에어브러쉬",
    "ReviewScore": "60",
    "Syllable": "43",
    "Word": "10",
    "RDate": "20190609",
    "GeneralPolarity": "0",
    "Aspects": [
      {
        "Aspect": "편의성",
        "SentimentText": "사용 편리성은 좋으나",
        "SentimentWord": "3",
        "SentimentPolarity": "1"
      },
      {
        "Aspect": "기능",
        "SentimentText": "유선코드를 사용 하는것과 같은 고데기의 효과는 없는것같음",
        "SentimentWord": "7",
        "SentimentPolarity": "-1"
      }
    ]
  },
  {
    "Index": "4535",
    "RawText": "사이즈도 가방에들어가기적당하네요.충전 빠르네요 충전도75%되어서 받자마자  충전필요없이 써 봤어요.",
    "Source": "SNS",
    "Domain": "가전",
    "MainCategory": "생활/미용/욕실가전",
    "ProductName": "더블에스샤이니 스마트퀸S SHINY 021A/무선고데기/헤어롤/휴대용헤어롤/무선헤어롤/에어브러쉬",
    "ReviewScore": "80",
    "Syllable": "55",
    "Word": "8",
    "RDate": "20191029",
    "GeneralPolarity": "1",
    "Aspects": [
      {
        "Aspect": "사이즈",
        "SentimentText": "사이즈도 가방에들어가기적당하네요",
        "SentimentWord": "2",
        "SentimentPolarity": "1"
      },
      {
        "Aspect": "시간/속도",
        "SentimentText": "충전 빠르네요",
        "SentimentWord": "2",
        "SentimentPolarity": "1"
      }
    ]
  },
  {
    "Index": "4536",
    "RawText": "구강세정기 품질이 최악 입니다 물세기가 조정이 되어도 넘 세거나 넘 약하고 물통도 작아서  사용중 보충이 필요 합니다",
    "Source": "SNS",
    "Domain": "가전",
    "MainCategory": "생활/미용/욕실가전",
    "ProductName": "덴탈픽 DP-1300K 무선 휴대용 구강세정기 치아세정기 구강세척기",
    "ReviewScore": "30",
    "Syllable": "65",
    "Word": "17",
    "RDate": "20210828",
    "GeneralPolarity": "-1",
    "Aspects": [
      {
        "Aspect": "품질",
        "SentimentText": "구강세정기 품질이 최악 입니다",
        "SentimentWord": "4",
        "SentimentPolarity": "-1"
      },
      {
        "Aspect": "기능",
        "SentimentText": "물세기가 조정이 되어도 넘 세거나 넘 약하고",
        "SentimentWord": "7",
        "SentimentPolarity": "-1"
      },
      {
        "Aspect": "용량",
        "SentimentText": "물통도 작아서  사용중 보충이 필요 합니다",
        "SentimentWord": "6",
        "SentimentPolarity": "-1"
      }
    ]
  },
  {
    "Index": "4537",
    "RawText": "사용하는데 조금 조작부위가 불편하고 수압이 다른제품에 비해 약합니다. 기대 이하입니다.",
    "Source": "SNS",
    "Domain": "가전",
    "MainCategory": "생활/미용/욕실가전",
    "ProductName": "덴탈픽 DP-550H 가정용 구강세정기 치아세정기 구강세척기",
    "ReviewScore": "50",
    "Syllable": "48",
    "Word": "10",
    "RDate": "20211002",
    "GeneralPolarity": "-1",
    "Aspects": [
      {
        "Aspect": "조작성",
        "SentimentText": "사용하는데 조금 조작부위가 불편하고",
        "SentimentWord": "4",
        "SentimentPolarity": "-1"
      },
      {
        "Aspect": "기능",
        "SentimentText": "수압이 다른제품에 비해 약합니다. 기대 이하입니다.",
        "SentimentWord": "6",
        "SentimentPolarity": "-1"
      }
    ]
  },
  {
    "Index": "4538",
    "RawText": "빠른 배송 잘 받았습니다. 20단계까지 세부 조절 단계가 있어서 다양하게 사용해요 품질이 좋다고해서 구입했어요.마음에 들어요",
    "Source": "SNS",
    "Domain": "가전",
    "MainCategory": "생활/미용/욕실가전",
    "ProductName": "델루체 마사지건/무선/속도조절/배터리 잔량표시 DLC-5400 K",
    "ReviewScore": "100",
    "Syllable": "69",
    "Word": "15",
    "RDate": "20210824",
    "Aspects": [
      {
        "Aspect": "기능",
        "SentimentText": "20단계까지 세부 조절 단계가 있어서 다양하게 사용해요",
        "SentimentWord": "7",
        "SentimentPolarity": "1"
      },
      {
        "Aspect": "품질",
        "SentimentText": "품질이 좋다고해서 구입했어요.마음에 들어요",
        "SentimentWord": "4",
        "SentimentPolarity": "1"
      }
    ]
  },
  {
    "Index": "4539",
    "RawText": "디자인 예쁘고 무게는 가벼우나 바람이 너무 약하고 열풍에서는 너무 뜨거워요",
    "Source": "SNS",
    "Domain": "가전",
    "MainCategory": "생활/미용/욕실가전",
    "ProductName": "라헨느 더 퀸 티스타일 헤어드라이어 LHND-1000WB 블랙/ 화이트",
    "ReviewScore": "60",
    "Syllable": "41",
    "Word": "10",
    "RDate": "20211231",
    "GeneralPolarity": "-1",
    "Aspects": [
      {
        "Aspect": "디자인",
        "SentimentText": "디자인 예쁘고 ",
        "SentimentWord": "2",
        "SentimentPolarity": "1"
      },
      {
        "Aspect": "무게",
        "SentimentText": "무게는 가벼우나",
        "SentimentWord": "2",
        "SentimentPolarity": "1"
      },
      {
        "Aspect": "기능",
        "SentimentText": "바람이 너무 약하고",
        "SentimentWord": "3",
        "SentimentPolarity": "-1"
      },
      {
        "Aspect": "기능",
        "SentimentText": "열풍에서는 너무 뜨거워요",
        "SentimentWord": "3",
        "SentimentPolarity": "-1"
      }
    ]
  },
  {
    "Index": "4540",
    "RawText": "일단 배송이 엄청 빨라서 좋았구요 가격도 착한데 기능면에서 절대 뒤지지않네요 정말  잘깎여요. 기대이상이네요. 추천해요",
    "Source": "SNS",
    "Domain": "가전",
    "MainCategory": "생활/미용/욕실가전",
    "ProductName": "메디하임 면도기 3중날 생활방수 무빙헤드 MES-902",
    "ReviewScore": "100",
    "Syllable": "66",
    "Word": "14",
    "RDate": "20190306",
    "Aspects": [
      {
        "Aspect": "가격",
        "SentimentText": "가격도 착한데",
        "SentimentWord": "2",
        "SentimentPolarity": "1"
      },
      {
        "Aspect": "기능",
        "SentimentText": "기능면에서 절대 뒤지지않네요",
        "SentimentWord": "3",
        "SentimentPolarity": "1"
      },
      {
        "Aspect": "기능",
        "SentimentText": "정말  잘깎여요. 기대이상이네요. 추천해요",
        "SentimentWord": "4",
        "SentimentPolarity": "1"
      }
    ]
  },
  {
    "Index": "4541",
    "RawText": "그동안 사용한 후기입니다. 절대  사지 마세요 하나도 잡히지 않습니다. 등 밝기는 수면에 방해될 정도로 불편하네요 많이 구매하지는 못했지만 믿는 쇼핑몰 이었는데 ~~ OO쇼핑에서는 실험도 해보지 않고 판매를 하나요?",
    "Source": "SNS",
    "Domain": "가전",
    "MainCategory": "생활/미용/욕실가전",
    "ProductName": "모기 벌레 해충 퇴치기 캠핑용 미니매직킬러 WM-500/ 1+1",
    "ReviewScore": "10",
    "Syllable": "120",
    "Word": "28",
    "RDate": "20200728",
    "Aspects": [
      {
        "Aspect": "기능",
        "SentimentText": "절대  사지 마세요 하나도 잡히지 않습니다.",
        "SentimentWord": "6",
        "SentimentPolarity": "-1"
      },
      {
        "Aspect": "편의성",
        "SentimentText": "등 밝기는 수면에 방해될 정도로 불편하네요",
        "SentimentWord": "6",
        "SentimentPolarity": "-1"
      }
    ]
  },
  {
    "Index": "4542",
    "RawText": "올여름에 사용해봤는데 모기가 죽어있는건 못봤네요 효과는 모르겠어요 모기퇴치기를 아무데나걸도록해주시면 좋지않을까요ㅠ 건전지 사용하면 가능할것같은데 전기선을 연결해야 하니 콘센트주위에 두어야하네요 불편해요 ",
    "Source": "SNS",
    "Domain": "가전",
    "MainCategory": "생활/미용/욕실가전",
    "ProductName": "모기 벌레 해충 퇴치기 캠핑용 미니매직킬러 WM-500/ 1+1",
    "ReviewScore": "100",
    "Syllable": "113",
    "Word": "19",
    "RDate": "20201116",
    "GeneralPolarity": "-1",
    "Aspects": [
      {
        "Aspect": "기능",
        "SentimentText": "올여름에 사용해봤는데 모기가 죽어있는건 못봤네요 효과는 모르겠어요",
        "SentimentWord": "7",
        "SentimentPolarity": "-1"
      },
      {
        "Aspect": "편의성",
        "SentimentText": "모기퇴치기를 아무데나걸도록해주시면 좋지않을까요ㅠ",
        "SentimentWord": "3",
        "SentimentPolarity": "-1"
      },
      {
        "Aspect": "편의성",
        "SentimentText": "건전지 사용하면 가능할것같은데 전기선을 연결해야 하니 콘센트주위에 두어야하네요 불편해요",
        "SentimentWord": "9",
        "SentimentPolarity": "-1"
      }
    ]
  },
  {
    "Index": "4543",
    "RawText": "우선 제품이 허잡하고 모기 전혀 잡히지 않으며 조명이  너무 밝아 잠자는데 방해가 됩니다 구매  후회합니다",
    "Source": "SNS",
    "Domain": "가전",
    "MainCategory": "생활/미용/욕실가전",
    "ProductName": "모기 벌레 해충 퇴치기 캠핑용 미니매직킬러 WM-500/ 1+1",
    "ReviewScore": "10",
    "Syllable": "59",
    "Word": "15",
    "RDate": "20200807",
    "GeneralPolarity": "-1",
    "Aspects": [
      {
        "Aspect": "품질",
        "SentimentText": "우선 제품이 허잡하고",
        "SentimentWord": "3",
        "SentimentPolarity": "-1"
      },
      {
        "Aspect": "기능",
        "SentimentText": "모기 전혀 잡히지 않으며",
        "SentimentWord": "4",
        "SentimentPolarity": "-1"
      },
      {
        "Aspect": "편의성",
        "SentimentText": "조명이  너무 밝아 잠자는데 방해가 됩니다 구매  후회합니다",
        "SentimentWord": "8",
        "SentimentPolarity": "-1"
      }
    ]
  },
  {
    "Index": "4544",
    "RawText": "빠른 배송 잘받았어요.  LED 등 빛 때문에 눈이 부셔서 밤에는 불편합니다 그러나 가성비값. 잘산것같아요. 잘쓸게요.",
    "Source": "SNS",
    "Domain": "가전",
    "MainCategory": "생활/미용/욕실가전",
    "ProductName": "모기 벌레 해충 퇴치기 캠핑용 미니매직킬러 WM-500/ 1+1",
    "ReviewScore": "100",
    "Syllable": "66",
    "Word": "15",
    "RDate": "20211204",
    "Aspects": [
      {
        "Aspect": "편의성",
        "SentimentText": "LED 등 빛 때문에 눈이 부셔서 밤에는 불편합니다",
        "SentimentWord": "8",
        "SentimentPolarity": "-1"
      },
      {
        "Aspect": "가격",
        "SentimentText": "가성비값. 잘산것같아요.",
        "SentimentWord": "2",
        "SentimentPolarity": "1"
      }
    ]
  },
  {
    "Index": "4545",
    "RawText": "효과도없고 일주일 만에 고장나서 걍 버림. 너무하네",
    "Source": "SNS",
    "Domain": "가전",
    "MainCategory": "생활/미용/욕실가전",
    "ProductName": "모기 벌레 해충 퇴치기 캠핑용 미니매직킬러 WM-500/ 1+1",
    "ReviewScore": "20",
    "Syllable": "28",
    "Word": "7",
    "RDate": "20200804",
    "GeneralPolarity": "-1",
    "Aspects": [
      {
        "Aspect": "기능",
        "SentimentText": "효과도없고",
        "SentimentWord": "1",
        "SentimentPolarity": "-1"
      },
      {
        "Aspect": "품질",
        "SentimentText": "일주일 만에 고장나서 걍 버림. 너무하네",
        "SentimentWord": "6",
        "SentimentPolarity": "-1"
      }
    ]
  },
  {
    "Index": "4546",
    "RawText": "가정용으로 효과 좋네요. 사이즈 큰 대형사길 잘 했어요. 그렇게 크지 않고 좋아요",
    "Source": "SNS",
    "Domain": "가전",
    "MainCategory": "생활/미용/욕실가전",
    "ProductName": "모기 퇴치기 포충기 포충등 벌레 해충 WM-2000K",
    "ReviewScore": "100",
    "Syllable": "45",
    "Word": "12",
    "RDate": "20210820",
    "GeneralPolarity": "1",
    "Aspects": [
      {
        "Aspect": "기능",
        "SentimentText": "가정용으로 효과 좋네요.",
        "SentimentWord": "3",
        "SentimentPolarity": "1"
      },
      {
        "Aspect": "사이즈",
        "SentimentText": "사이즈 큰 대형사길 잘 했어요.",
        "SentimentWord": "5",
        "SentimentPolarity": "1"
      },
      {
        "Aspect": "사이즈",
        "SentimentText": "그렇게 크지 않고 좋아요 ",
        "SentimentWord": "4",
        "SentimentPolarity": "1"
      }
    ]
  },
  {
    "Index": "4547",
    "RawText": "주변에 열이 전혀 느껴지지는 않습니다. 해서 안전하게는 느껴지나! 가정집에서는 벌레 안 잡힙니다. 그냥 훈증기가 최고네요. 산에 갈안 없는데.. 에효 기대한 내가 멍청이 ",
    "Source": "SNS",
    "Domain": "가전",
    "MainCategory": "생활/미용/욕실가전",
    "ProductName": "모기 퇴치기 포충기 포충등 벌레 해충 WM-400K",
    "ReviewScore": "30",
    "Syllable": "95",
    "Word": "22",
    "RDate": "20200723",
    "GeneralPolarity": "-1",
    "Aspects": [
      {
        "Aspect": "내구성",
        "SentimentText": "주변에 열이 전혀 느껴지지는 않습니다. 해서 안전하게는 느껴지나!",
        "SentimentWord": "8",
        "SentimentPolarity": "1"
      },
      {
        "Aspect": "기능",
        "SentimentText": "가정집에서는 벌레 안 잡힙니다.",
        "SentimentWord": "4",
        "SentimentPolarity": "-1"
      }
    ]
  },
  {
    "Index": "4548",
    "RawText": "운이 오지게 나쁜 한마리만 잡힘... 이거 외에 다른 불빛이 있으면 효과가 없다고해서 불편하게 다른 불 다 끄고 핸드폰도 안했는데... 잡힌 한마리도 진짜 잡힌게 맞는건지 아니면 그냥 수명이 다해서 죽은건지 애매...",
    "Source": "SNS",
    "Domain": "가전",
    "MainCategory": "생활/미용/욕실가전",
    "ProductName": "모기 퇴치기 포충기 포충등 벌레 해충 WM-500",
    "ReviewScore": "20",
    "Syllable": "121",
    "Word": "30",
    "RDate": "20210620",
    "GeneralPolarity": "-1",
    "Aspects": [
      {
        "Aspect": "편의성",
        "SentimentText": "이거 외에 다른 불빛이 있으면 효과가 없다고해서 불편하게 다른 불 다 끄고 핸드폰도 안했는데.",
        "SentimentWord": "14",
        "SentimentPolarity": "-1"
      },
      {
        "Aspect": "기능",
        "SentimentText": "잡힌 한마리도 진짜 잡힌게 맞는건지 아니면 그냥 수명이 다해서 죽은건지 애매...",
        "SentimentWord": "11",
        "SentimentPolarity": "-1"
      }
    ]
  },
  {
    "Index": "4549",
    "RawText": "그냥 일반 진공청소기 사용해야 할 듯 싼가격만큼ㅠㅠ 성능도 그렇네요",
    "Source": "SNS",
    "Domain": "가전",
    "MainCategory": "생활/미용/욕실가전",
    "ProductName": "바이마르 로봇 청소기 VMK-ROB2021M",
    "ReviewScore": "90",
    "Syllable": "37",
    "Word": "9",
    "RDate": "20211030",
    "GeneralPolarity": "-1",
    "Aspects": [
      {
        "Aspect": "가격",
        "SentimentText": "싼가격만큼ㅠㅠ",
        "SentimentWord": "1",
        "SentimentPolarity": "-1"
      },
      {
        "Aspect": "기능",
        "SentimentText": "성능도 그렇네요",
        "SentimentWord": "2",
        "SentimentPolarity": "-1"
      }
    ]
  },
  {
    "Index": "4550",
    "RawText": "너무 귀엽고 쓸만합니다. 이가격에 이정도 성능이면 훌륭하지요. 가끔 거실 한쪽에서 못빠져 나오기도하지만 잠깐 돌렸는데 먼지흡입 꽤 잘하더라구요. 외출하거나 가족들 없을 때 한번씩 쓰는거라 아직은 좋습니다",
    "Source": "SNS",
    "Domain": "가전",
    "MainCategory": "생활/미용/욕실가전",
    "ProductName": "바이마르 로봇 청소기 VMK-ROB2021M",
    "ReviewScore": "100",
    "Syllable": "113",
    "Word": "25",
    "RDate": "20211030",
    "GeneralPolarity": "1",
    "Aspects": [
      {
        "Aspect": "디자인",
        "SentimentText": "너무 귀엽고",
        "SentimentWord": "2",
        "SentimentPolarity": "1"
      },
      {
        "Aspect": "가격",
        "SentimentText": "이가격에 이정도 성능이면 훌륭하지요.",
        "SentimentWord": "4",
        "SentimentPolarity": "1"
      },
      {
        "Aspect": "조작성",
        "SentimentText": "가끔 거실 한쪽에서 못빠져 나오기도하지만",
        "SentimentWord": "5",
        "SentimentPolarity": "0"
      },
      {
        "Aspect": "기능",
        "SentimentText": "잠깐 돌렸는데 먼지흡입 꽤 잘하더라구요.",
        "SentimentWord": "5",
        "SentimentPolarity": "1"
      }
    ]
  },
  {
    "Index": "4551",
    "RawText": "디자인 예쁜 청소기를 샀어요 ㅎㅎ 약하고  인지안되고  기대하진 않았지만 이건  너무함 ",
    "Source": "SNS",
    "Domain": "가전",
    "MainCategory": "생활/미용/욕실가전",
    "ProductName": "바이마르 로봇 청소기 VMK-ROB2021M",
    "ReviewScore": "20",
    "Syllable": "49",
    "Word": "11",
    "RDate": "20211025",
    "GeneralPolarity": "-1",
    "Aspects": [
      {
        "Aspect": "디자인",
        "SentimentText": "디자인 예쁜 청소기를 샀어요 ㅎㅎ",
        "SentimentWord": "5",
        "SentimentPolarity": "1"
      },
      {
        "Aspect": "기능",
        "SentimentText": "약하고  인지안되고  기대하진 않았지만 이건  너무함",
        "SentimentWord": "6",
        "SentimentPolarity": "-1"
      }
    ]
  },
  {
    "Index": "4552",
    "RawText": "지금까지 한 쇼핑중 최악입니다  제품 문제로 충전이 안되고 구성품도 빠짐 회수해간지 1주일 무응답..",
    "Source": "SNS",
    "Domain": "가전",
    "MainCategory": "생활/미용/욕실가전",
    "ProductName": "바이마르 로봇 청소기 VMK-ROB2021M",
    "ReviewScore": "20",
    "Syllable": "56",
    "Word": "13",
    "RDate": "20211104",
    "Aspects": [
      {
        "Aspect": "배터리",
        "SentimentText": "제품 문제로 충전이 안되고",
        "SentimentWord": "4",
        "SentimentPolarity": "-1"
      },
      {
        "Aspect": "제품구성",
        "SentimentText": "구성품도 빠짐",
        "SentimentWord": "2",
        "SentimentPolarity": "-1"
      }
    ]
  },
  {
    "Index": "4553",
    "RawText": "배송도 잘왔구요. 받자마자 디자인이 너무귀여워서 마음에 들어요ㅜㅜ 미니밥솥이지만   기능은 최고 너무 좋아요. 잘쓸께요",
    "Source": "SNS",
    "Domain": "가전",
    "MainCategory": "생활/미용/욕실가전",
    "ProductName": "바이마르 히든쉐프 전기 보온밥솥",
    "ReviewScore": "100",
    "Syllable": "66",
    "Word": "13",
    "RDate": "20211028",
    "GeneralPolarity": "1",
    "Aspects": [
      {
        "Aspect": "디자인",
        "SentimentText": "디자인이 너무귀여워서 마음에 들어요ㅜㅜ",
        "SentimentWord": "4",
        "SentimentPolarity": "1"
      },
      {
        "Aspect": "기능",
        "SentimentText": "미니밥솥이지만   기능은 최고 너무 좋아요.",
        "SentimentWord": "5",
        "SentimentPolarity": "1"
      }
    ]
  },
  {
    "Index": "4554",
    "RawText": "리뷰평이좋고가격도저렴해서구입했는데 써보니정말잘산것같아요~ 바닥이잘닦기고 조작법도 쉬워서 맘에들어요~",
    "Source": "SNS",
    "Domain": "가전",
    "MainCategory": "생활/미용/욕실가전",
    "ProductName": "바치(VACH) 스팀마스터 스팀청소기 UNIR-SY-806F",
    "ReviewScore": "80",
    "Syllable": "55",
    "Word": "6",
    "RDate": "20220302",
    "GeneralPolarity": "1",
    "Aspects": [
      {
        "Aspect": "가격",
        "SentimentText": "가격도저렴해서구입했는데 써보니정말잘산것같아요~",
        "SentimentWord": "2",
        "SentimentPolarity": "1"
      },
      {
        "Aspect": "조작성",
        "SentimentText": "바닥이잘닦기고 조작법도 쉬워서 맘에들어요~",
        "SentimentWord": "4",
        "SentimentPolarity": "1"
      }
    ]
  },
  {
    "Index": "4555",
    "RawText": "불판 크기가 생각보다 작지만 그럭저럭 뭐 쓸만해요. 온도조절버튼이없는게흠이지만 굽기엔 좋아요 무난해요",
    "Source": "SNS",
    "Domain": "가전",
    "MainCategory": "생활/미용/욕실가전",
    "ProductName": "벤소닉 분리형 멀티그릴HY-6105",
    "ReviewScore": "100",
    "Syllable": "56",
    "Word": "11",
    "RDate": "20210929",
    "Aspects": [
      {
        "Aspect": "사이즈",
        "SentimentText": "불판 크기가 생각보다 작지만 그럭저럭 뭐 쓸만해요.",
        "SentimentWord": "7",
        "SentimentPolarity": "0"
      },
      {
        "Aspect": "기능",
        "SentimentText": "온도조절버튼이없는게흠이지만 굽기엔 좋아요 무난해요",
        "SentimentWord": "4",
        "SentimentPolarity": "0"
      }
    ]
  },
  {
    "Index": "4556",
    "RawText": "강도조절되고 은은한불빛이라 좋은데요. 약간의 소음 있지만 좋네요. 거실에두고 써야겠어요",
    "Source": "SNS",
    "Domain": "가전",
    "MainCategory": "생활/미용/욕실가전",
    "ProductName": "보국 UV 버그킬러 (벌레해충 퇴치) BKR-L81K",
    "ReviewScore": "100",
    "Syllable": "48",
    "Word": "9",
    "RDate": "20190417",
    "GeneralPolarity": "1",
    "Aspects": [
      {
        "Aspect": "기능",
        "SentimentText": "강도조절되고 은은한불빛이라 좋은데요.",
        "SentimentWord": "3",
        "SentimentPolarity": "1"
      },
      {
        "Aspect": "소음",
        "SentimentText": "약간의 소음 있지만 좋네요.",
        "SentimentWord": "4",
        "SentimentPolarity": "0"
      }
    ]
  },
  {
    "Index": "4557",
    "RawText": "가격대비 성능이 좋습니다..여유분으로  교환날까지 챙겨주시니 구성도 좋네요 오랫동안 잘쓸거같아요",
    "Source": "SNS",
    "Domain": "가전",
    "MainCategory": "생활/미용/욕실가전",
    "ProductName": "사파이어 보풀제거기/충전식/높낮이조절 SF-LN606",
    "ReviewScore": "100",
    "Syllable": "53",
    "Word": "9",
    "RDate": "20220106",
    "GeneralPolarity": "1",
    "Aspects": [
      {
        "Aspect": "기능",
        "SentimentText": "가격대비 성능이 좋습니다..",
        "SentimentWord": "3",
        "SentimentPolarity": "1"
      },
      {
        "Aspect": "제품구성",
        "SentimentText": "여유분으로  교환날까지 챙겨주시니 구성도 좋네요",
        "SentimentWord": "5",
        "SentimentPolarity": "1"
      }
    ]
  },
  {
    "Index": "4558",
    "RawText": "전체적으로 소음도 조용해서 좋고 디자인도 예뻐서 고급스럽고 앱연동하니 사용하기 편하고 너무 좋아요 배송도 생각보다 빨리왔어요 너무 만족해요",
    "Source": "SNS",
    "Domain": "가전",
    "MainCategory": "생활/미용/욕실가전",
    "ProductName": "샤오미 3세대 2 스탠드 유선선풍기 돼지코포함",
    "ReviewScore": "100",
    "Syllable": "77",
    "Word": "17",
    "RDate": "20210823",
    "Aspects": [
      {
        "Aspect": "소음",
        "SentimentText": "전체적으로 소음도 조용해서 좋고",
        "SentimentWord": "4",
        "SentimentPolarity": "1"
      },
      {
        "Aspect": "디자인",
        "SentimentText": "디자인도 예뻐서 고급스럽고",
        "SentimentWord": "3",
        "SentimentPolarity": "1"
      },
      {
        "Aspect": "편의성",
        "SentimentText": "앱연동하니 사용하기 편하고 너무 좋아요 ",
        "SentimentWord": "5",
        "SentimentPolarity": "1"
      }
    ]
  },
  {
    "Index": "4559",
    "RawText": "무선으로 사용할때 바람세기가 일정하지않아요~ㅠ 품질이 별로네요 ㅠ",
    "Source": "SNS",
    "Domain": "가전",
    "MainCategory": "생활/미용/욕실가전",
    "ProductName": "샤오미 MI 스마트 스탠드 무선 선풍기 4세대 프로",
    "ReviewScore": "40",
    "Syllable": "36",
    "Word": "7",
    "RDate": "20210807",
    "Aspects": [
      {
        "Aspect": "기능",
        "SentimentText": "바람세기가 일정하지않아요~ㅠ",
        "SentimentWord": "2",
        "SentimentPolarity": "-1"
      },
      {
        "Aspect": "품질",
        "SentimentText": "품질이 별로네요 ㅠ",
        "SentimentWord": "3",
        "SentimentPolarity": "-1"
      }
    ]
  },
  {
    "Index": "4560",
    "RawText": "좋네요~~센서가 잘 작동해서 만족합니다 디자인이 깔끔해서 좋네요.",
    "Source": "SNS",
    "Domain": "가전",
    "MainCategory": "생활/미용/욕실가전",
    "ProductName": "샤오미 T1 센서휴지통 자동비닐리셋+리필7매입",
    "ReviewScore": "100",
    "Syllable": "36",
    "Word": "7",
    "RDate": "20210916",
    "GeneralPolarity": "1",
    "Aspects": [
      {
        "Aspect": "기능",
        "SentimentText": "~센서가 잘 작동해서 만족합니다",
        "SentimentWord": "4",
        "SentimentPolarity": "1"
      },
      {
        "Aspect": "디자인",
        "SentimentText": "디자인이 깔끔해서 좋네요.",
        "SentimentWord": "3",
        "SentimentPolarity": "1"
      }
    ]
  },
  {
    "Index": "4561",
    "RawText": "통관조회 잘되고 1주일만에 왔어요 배송 좋아요  가격은 저렴하게 구입해서 좋네요 원하던 제품 잘 구매했습니다 성능 만족합니다",
    "Source": "SNS",
    "Domain": "가전",
    "MainCategory": "생활/미용/욕실가전",
    "ProductName": "샤오미 미밴드6 2021 최신버전 중문판 영문 지원 가능",
    "ReviewScore": "100",
    "Syllable": "69",
    "Word": "16",
    "RDate": "20210831",
    "Aspects": [
      {
        "Aspect": "가격",
        "SentimentText": "가격은 저렴하게 구입해서 좋네요",
        "SentimentWord": "4",
        "SentimentPolarity": "1"
      },
      {
        "Aspect": "기능",
        "SentimentText": "원하던 제품 잘 구매했습니다 성능 만족합니다",
        "SentimentWord": "6",
        "SentimentPolarity": "1"
      }
    ]
  },
  {
    "Index": "4562",
    "RawText": "받자마자 사용해봤는데 흡입력 좋네요! 설명서에 한글 모드가 없어도 손 쉽게 알수있고 군더더기없어 만족해요! 진짜 잘삼",
    "Source": "SNS",
    "Domain": "가전",
    "MainCategory": "생활/미용/욕실가전",
    "ProductName": "샤오미 차량용 무선청소기 2세대 Z1 ",
    "ReviewScore": "100",
    "Syllable": "65",
    "Word": "15",
    "RDate": "20210722",
    "GeneralPolarity": "1",
    "Aspects": [
      {
        "Aspect": "기능",
        "SentimentText": "사용해봤는데 흡입력 좋네요! ",
        "SentimentWord": "3",
        "SentimentPolarity": "1"
      },
      {
        "Aspect": "조작성",
        "SentimentText": "설명서에 한글 모드가 없어도 손 쉽게 알수있고 군더더기없어 만족해요! 진짜 잘삼",
        "SentimentWord": "11",
        "SentimentPolarity": "1"
      }
    ]
  },
  {
    "Index": "4563",
    "RawText": "쓸만한거같아요. 크기가 작고 가벼워서 가정에서 어두운곳에서 뭔가 하기 좋아요",
    "Source": "SNS",
    "Domain": "가전",
    "MainCategory": "생활/미용/욕실가전",
    "ProductName": "아이클 충전식 LED스탠드 JK-853",
    "ReviewScore": "100",
    "Syllable": "42",
    "Word": "9",
    "RDate": "20211128",
    "GeneralPolarity": "1",
    "Aspects": [
      {
        "Aspect": "사이즈",
        "SentimentText": "크기가 작고 가벼워서 가정에서 어두운곳에서 뭔가 하기 좋아요",
        "SentimentWord": "8",
        "SentimentPolarity": "1"
      },
      {
        "Aspect": "무게",
        "SentimentText": "가벼워서 가정에서 어두운곳에서 뭔가 하기 좋아요",
        "SentimentWord": "6",
        "SentimentPolarity": "1"
      }
    ]
  },
  {
    "Index": "4564",
    "RawText": "생각보단작지만 이쁘네요ㅋ캠핑때 장작냄새너무싫었는데  분위기좋네요^^",
    "Source": "SNS",
    "Domain": "가전",
    "MainCategory": "생활/미용/욕실가전",
    "ProductName": "에코너 LA01 LED 캠핑 램프",
    "ReviewScore": "100",
    "Syllable": "37",
    "Word": "4",
    "RDate": "20211003",
    "GeneralPolarity": "1",
    "Aspects": [
      {
        "Aspect": "사이즈",
        "SentimentText": "생각보단작지만 이쁘네요ㅋ",
        "SentimentWord": "2",
        "SentimentPolarity": "1"
      },
      {
        "Aspect": "편의성",
        "SentimentText": "캠핑때 장작냄새너무싫었는데  분위기좋네요^^",
        "SentimentWord": "3",
        "SentimentPolarity": "1"
      }
    ]
  },
  {
    "Index": "4565",
    "RawText": "배송도 빠르고 안전하게 다쓰고 전원 끄면 닫혀있어서  좋네요. 가격대비 훌륭한 제품입니다.",
    "Source": "SNS",
    "Domain": "가전",
    "MainCategory": "생활/미용/욕실가전",
    "ProductName": "엘라 미니 고데기 앞머리 단발 머리 판 휴대용 매직기 남자 EMS-7115",
    "ReviewScore": "100",
    "Syllable": "50",
    "Word": "11",
    "RDate": "20190802",
    "GeneralPolarity": "1",
    "Aspects": [
      {
        "Aspect": "편의성",
        "SentimentText": "안전하게 다쓰고 전원 끄면 닫혀있어서  좋네요.",
        "SentimentWord": "6",
        "SentimentPolarity": "1"
      },
      {
        "Aspect": "가격",
        "SentimentText": "가격대비 훌륭한 제품입니다.",
        "SentimentWord": "3",
        "SentimentPolarity": "1"
      }
    ]
  },
  {
    "Index": "4566",
    "RawText": "소음보통이구요 성능도보통요 3단기능에접이식이고 머리말리는데시간이좀걸리지만가성비괜찮아요 나름 만족합니다",
    "Source": "SNS",
    "Domain": "가전",
    "MainCategory": "생활/미용/욕실가전",
    "ProductName": "엘라 미니 드라이기 접이식 휴대용 여행용 헤어 드라이어 MJD-3522",
    "ReviewScore": "80",
    "Syllable": "56",
    "Word": "6",
    "RDate": "20210821",
    "Aspects": [
      {
        "Aspect": "소음",
        "SentimentText": "소음보통이구요",
        "SentimentWord": "1",
        "SentimentPolarity": "0"
      },
      {
        "Aspect": "기능",
        "SentimentText": "성능도보통요",
        "SentimentWord": "1",
        "SentimentPolarity": "0"
      },
      {
        "Aspect": "시간/속도",
        "SentimentText": "머리말리는데시간이좀걸리지만",
        "SentimentWord": "1",
        "SentimentPolarity": "-1"
      },
      {
        "Aspect": "가격",
        "SentimentText": "가성비괜찮아요 나름 만족합니다",
        "SentimentWord": "3",
        "SentimentPolarity": "1"
      }
    ]
  },
  {
    "Index": "4567",
    "RawText": "성능은 좋은데  빗  살 길이가 조금 짧은거 같아요 머리가 쉽게 빠져 실망이네요",
    "Source": "SNS",
    "Domain": "가전",
    "MainCategory": "생활/미용/욕실가전",
    "ProductName": "엘라 뿌리 볼륨 고데기 롤 브러쉬 고대기 앞머리 긴머리 단발머리 빗 ESS-1050",
    "ReviewScore": "80",
    "Syllable": "44",
    "Word": "12",
    "RDate": "20210816",
    "GeneralPolarity": "0",
    "Aspects": [
      {
        "Aspect": "기능",
        "SentimentText": "성능은 좋은데",
        "SentimentWord": "2",
        "SentimentPolarity": "1"
      },
      {
        "Aspect": "편의성",
        "SentimentText": "빗  살 길이가 조금 짧은거 같아요 머리가 쉽게 빠져 실망이네요",
        "SentimentWord": "10",
        "SentimentPolarity": "-1"
      }
    ]
  },
  {
    "Index": "4568",
    "RawText": "배송도 빠르고   디자인이 넘 괜찬네요  글고 출력이 너무 빵빵해서 매우 만족합니다",
    "Source": "SNS",
    "Domain": "가전",
    "MainCategory": "생활/미용/욕실가전",
    "ProductName": "유닉스 2000W 접이식 드라이기 추천 헤어드라이기 UN-B1453",
    "ReviewScore": "100",
    "Syllable": "46",
    "Word": "11",
    "RDate": "20210813",
    "Aspects": [
      {
        "Aspect": "디자인",
        "SentimentText": "디자인이 넘 괜찬네요 ",
        "SentimentWord": "3",
        "SentimentPolarity": "1"
      },
      {
        "Aspect": "기능",
        "SentimentText": "출력이 너무 빵빵해서 매우 만족합니다",
        "SentimentWord": "5",
        "SentimentPolarity": "1"
      }
    ]
  },
  {
    "Index": "4569",
    "RawText": "별로 무겁지도 않아서 좋고 바람 잘 나오고 스타일링 하기에 편하게 되어있어요 잘 샀네요 ~~ ^^",
    "Source": "SNS",
    "Domain": "가전",
    "MainCategory": "생활/미용/욕실가전",
    "ProductName": "유닉스 2000W 접이식 드라이기 추천 헤어드라이기 UN-B1453",
    "ReviewScore": "100",
    "Syllable": "54",
    "Word": "15",
    "RDate": "20201218",
    "GeneralPolarity": "1",
    "Aspects": [
      {
        "Aspect": "무게",
        "SentimentText": "별로 무겁지도 않아서 좋고",
        "SentimentWord": "4",
        "SentimentPolarity": "1"
      },
      {
        "Aspect": "기능",
        "SentimentText": "바람 잘 나오고 스타일링 하기에 편하게 되어있어요 잘 샀네요 ~~ ^^",
        "SentimentWord": "11",
        "SentimentPolarity": "1"
      }
    ]
  },
  {
    "Index": "4570",
    "RawText": "소리가 크다고들 하시는데 그만큼 바람세기도 짱짱하니 좋네요 역시 ㅇㅇㅇ라서 만족합니다",
    "Source": "SNS",
    "Domain": "가전",
    "MainCategory": "생활/미용/욕실가전",
    "ProductName": "유닉스 2000W 접이식 드라이기 추천 헤어드라이기 UN-B1453",
    "ReviewScore": "100",
    "Syllable": "47",
    "Word": "10",
    "RDate": "20210121",
    "GeneralPolarity": "1",
    "Aspects": [
      {
        "Aspect": "기능",
        "SentimentText": "바람세기도 짱짱하니 좋네요",
        "SentimentWord": "3",
        "SentimentPolarity": "1"
      },
      {
        "Aspect": "제조일/제조사",
        "SentimentText": "역시 ㅇㅇㅇ라서 만족합니다",
        "SentimentWord": "3",
        "SentimentPolarity": "1"
      }
    ]
  },
  {
    "Index": "4571",
    "RawText": "OOO 드라이기 ~ 풍속조절 성능도 4단계나 있어 너무 좋고 일단 무게가 너무 가벼워서 좋았어요",
    "Source": "SNS",
    "Domain": "가전",
    "MainCategory": "생활/미용/욕실가전",
    "ProductName": "유닉스 2000W 접이식 드라이기 추천 헤어드라이기 UN-B1453",
    "ReviewScore": "100",
    "Syllable": "53",
    "Word": "14",
    "RDate": "20190913",
    "GeneralPolarity": "1",
    "Aspects": [
      {
        "Aspect": "기능",
        "SentimentText": "풍속조절 성능도 4단계나 있어 너무 좋고",
        "SentimentWord": "6",
        "SentimentPolarity": "1"
      },
      {
        "Aspect": "무게",
        "SentimentText": "일단 무게가 너무 가벼워서 좋았어요",
        "SentimentWord": "5",
        "SentimentPolarity": "1"
      }
    ]
  },
  {
    "Index": "4572",
    "RawText": "적립금이랑 쿠폰있어서 저렴구매해서 만족하고 바람쎄서 좋구 접히니 욕실장 수납도되는 사이즈여서 좋앙ㆍ",
    "Source": "SNS",
    "Domain": "가전",
    "MainCategory": "생활/미용/욕실가전",
    "ProductName": "유닉스 2000W 접이식 드라이기 추천 헤어드라이기 UN-B1453",
    "ReviewScore": "80",
    "Syllable": "55",
    "Word": "11",
    "RDate": "20210702",
    "GeneralPolarity": "1",
    "Aspects": [
      {
        "Aspect": "가격",
        "SentimentText": "적립금이랑 쿠폰있어서 저렴구매해서 만족하고",
        "SentimentWord": "4",
        "SentimentPolarity": "1"
      },
      {
        "Aspect": "기능",
        "SentimentText": " 바람쎄서 좋구",
        "SentimentWord": "2",
        "SentimentPolarity": "1"
      },
      {
        "Aspect": "사이즈",
        "SentimentText": "접히니 욕실장 수납도되는 사이즈여서 좋앙ㆍ",
        "SentimentWord": "5",
        "SentimentPolarity": "1"
      }
    ]
  },
  {
    "Index": "4573",
    "RawText": "전에 쓰던거와 동일업체 비슷한 디자인이라 마음에 들었어요. 가격도 저렴해서 너무좋아요",
    "Source": "SNS",
    "Domain": "가전",
    "MainCategory": "생활/미용/욕실가전",
    "ProductName": "유닉스 2000W 접이식 드라이기 추천 헤어드라이기 UN-B1453",
    "ReviewScore": "100",
    "Syllable": "47",
    "Word": "10",
    "RDate": "20200508",
    "GeneralPolarity": "1",
    "Aspects": [
      {
        "Aspect": "디자인",
        "SentimentText": "전에 쓰던거와 동일업체 비슷한 디자인이라 마음에 들었어요",
        "SentimentWord": "7",
        "SentimentPolarity": "1"
      },
      {
        "Aspect": "가격",
        "SentimentText": "가격도 저렴해서 너무좋아요",
        "SentimentWord": "3",
        "SentimentPolarity": "1"
      }
    ]
  },
  {
    "Index": "4574",
    "RawText": "줄선이 외부로 나와있으며 가끔 안에 빨간불이있다 쓰면서도 불안하다 품질이 별로다. 그런데 몇개월사용하고 고장나서 안된다 내구성이 생각보다 약한거 같다.",
    "Source": "SNS",
    "Domain": "가전",
    "MainCategory": "생활/미용/욕실가전",
    "ProductName": "유닉스 2000W 접이식 드라이기 추천 헤어드라이기 UN-B1453",
    "ReviewScore": "10",
    "Syllable": "84",
    "Word": "18",
    "RDate": "20220214",
    "GeneralPolarity": "-1",
    "Aspects": [
      {
        "Aspect": "품질",
        "SentimentText": "줄선이 외부로 나와있으며 가끔 안에 빨간불이있다 쓰면서도 불안하다 품질이 별로다.",
        "SentimentWord": "10",
        "SentimentPolarity": "-1"
      },
      {
        "Aspect": "내구성",
        "SentimentText": "몇개월사용하고 고장나서 안된다 내구성이 생각보다 약한거 같다.",
        "SentimentWord": "7",
        "SentimentPolarity": "-1"
      }
    ]
  },
  {
    "Index": "4575",
    "RawText": "드라이 기능은  잘 되어서 만족하는데 소리는 진짜 크긴하긴하네요 그건 별로예요  그래도 한번 써볼께요",
    "Source": "SNS",
    "Domain": "가전",
    "MainCategory": "생활/미용/욕실가전",
    "ProductName": "유닉스 4in1 에어 브러쉬 헤어컬 빗드라이기 UN-A1565",
    "ReviewScore": "100",
    "Syllable": "56",
    "Word": "13",
    "RDate": "20211128",
    "GeneralPolarity": "0",
    "Aspects": [
      {
        "Aspect": "기능",
        "SentimentText": "드라이 기능은  잘 되어서 만족하는데",
        "SentimentWord": "5",
        "SentimentPolarity": "1"
      },
      {
        "Aspect": "소음",
        "SentimentText": "소리는 진짜 크긴하긴하네요 그건 별로예요 ",
        "SentimentWord": "5",
        "SentimentPolarity": "-1"
      }
    ]
  },
  {
    "Index": "4576",
    "RawText": "디자인도 깔끔해서 좋고 사용하기 편해요~ ^^ 가격도 착하니 좋네요^^",
    "Source": "SNS",
    "Domain": "가전",
    "MainCategory": "생활/미용/욕실가전",
    "ProductName": "유닉스 고데기 추천 매직기 6단계 온도조절 UCI-2938F",
    "ReviewScore": "80",
    "Syllable": "39",
    "Word": "9",
    "RDate": "20210823",
    "GeneralPolarity": "1",
    "Aspects": [
      {
        "Aspect": "디자인",
        "SentimentText": "디자인도 깔끔해서 좋고",
        "SentimentWord": "3",
        "SentimentPolarity": "1"
      },
      {
        "Aspect": "편의성",
        "SentimentText": "사용하기 편해요~ ^^",
        "SentimentWord": "3",
        "SentimentPolarity": "1"
      },
      {
        "Aspect": "가격",
        "SentimentText": "가격도 착하니 좋네요^^",
        "SentimentWord": "3",
        "SentimentPolarity": "1"
      }
    ]
  },
  {
    "Index": "4577",
    "RawText": "딸이 필요하대서 사줬는데.. 가벼워서 사용하기 편한데 디자인이 예쁘기까지하다고 좋아하네요!",
    "Source": "SNS",
    "Domain": "가전",
    "MainCategory": "생활/미용/욕실가전",
    "ProductName": "유닉스 고데기/세라믹코팅/매직기/판고데기 UCI-B2016",
    "ReviewScore": "100",
    "Syllable": "50",
    "Word": "9",
    "RDate": "20210527",
    "GeneralPolarity": "1",
    "Aspects": [
      {
        "Aspect": "무게",
        "SentimentText": "가벼워서 사용하기 편한데",
        "SentimentWord": "3",
        "SentimentPolarity": "1"
      },
      {
        "Aspect": "디자인",
        "SentimentText": "디자인이 예쁘기까지하다고 좋아하네요!",
        "SentimentWord": "3",
        "SentimentPolarity": "1"
      }
    ]
  },
  {
    "Index": "4578",
    "RawText": "고데기 열판이 길고 온도조절 기능이 되어 긴머리에 완전 적합해요 고데기 무게도 가벼워 잘 사용하고 있습니다~^^",
    "Source": "SNS",
    "Domain": "가전",
    "MainCategory": "생활/미용/욕실가전",
    "ProductName": "유닉스 나노 다이아몬드 슬림 고데기 UCI-A2430 [100~200도조절/예열90초/자동꺼짐]",
    "ReviewScore": "100",
    "Syllable": "62",
    "Word": "15",
    "RDate": "20211217",
    "GeneralPolarity": "1",
    "Aspects": [
      {
        "Aspect": "기능",
        "SentimentText": "고데기 열판이 길고 온도조절 기능이 되어 긴머리에 완전 적합해요",
        "SentimentWord": "9",
        "SentimentPolarity": "1"
      },
      {
        "Aspect": "무게",
        "SentimentText": "고데기 무게도 가벼워 잘 사용하고 있습니다~^^",
        "SentimentWord": "6",
        "SentimentPolarity": "1"
      }
    ]
  },
  {
    "Index": "4579",
    "RawText": "약간 무게감이 있긴하지만, 성능,만족하고요  디장인 만족해요",
    "Source": "SNS",
    "Domain": "가전",
    "MainCategory": "생활/미용/욕실가전",
    "ProductName": "유닉스 드라이기/쿨버튼/온도조절 UN-B1641",
    "ReviewScore": "80",
    "Syllable": "33",
    "Word": "6",
    "RDate": "20210812",
    "GeneralPolarity": "1",
    "Aspects": [
      {
        "Aspect": "기능",
        "SentimentText": "성능,만족하고요",
        "SentimentWord": "1",
        "SentimentPolarity": "1"
      },
      {
        "Aspect": "디자인",
        "SentimentText": "디장인 만족해요",
        "SentimentWord": "2",
        "SentimentPolarity": "1"
      }
    ]
  },
  {
    "Index": "4580",
    "RawText": "포장 및 배송 잘되어 만족하고 더운바람 차가운 바람 잘 나옵니다 만족해요 다이얼로 강중약만 온도 조절되네요 개인적으로 만족합니다",
    "Source": "SNS",
    "Domain": "가전",
    "MainCategory": "생활/미용/욕실가전",
    "ProductName": "유닉스 드라이기/쿨버튼/온도조절 UN-B1641",
    "ReviewScore": "100",
    "Syllable": "71",
    "Word": "17",
    "RDate": "20210701",
    "Aspects": [
      {
        "Aspect": "기능",
        "SentimentText": "더운바람 차가운 바람 잘 나옵니다 만족해요",
        "SentimentWord": "6",
        "SentimentPolarity": "1"
      },
      {
        "Aspect": "조작성",
        "SentimentText": "다이얼로 강중약만 온도 조절되네요 개인적으로 만족합니다",
        "SentimentWord": "6",
        "SentimentPolarity": "1"
      }
    ]
  },
  {
    "Index": "4581",
    "RawText": "전선 길이가 좀 짧아서 불편해요  버튼 끌때 딱하고 큰소리가 나서 별루예요ㅠㅠ",
    "Source": "SNS",
    "Domain": "가전",
    "MainCategory": "생활/미용/욕실가전",
    "ProductName": "유닉스 드라이어/국산/전문가용 UN-A1361",
    "ReviewScore": "70",
    "Syllable": "43",
    "Word": "11",
    "RDate": "20210712",
    "GeneralPolarity": "-1",
    "Aspects": [
      {
        "Aspect": "사이즈",
        "SentimentText": "전선 길이가 좀 짧아서 불편해요 ",
        "SentimentWord": "5",
        "SentimentPolarity": "-1"
      },
      {
        "Aspect": "소음",
        "SentimentText": "버튼 끌때 딱하고 큰소리가 나서 별루예요ㅠㅠ",
        "SentimentWord": "6",
        "SentimentPolarity": "-1"
      }
    ]
  },
  {
    "Index": "4582",
    "RawText": "사용하기 편하고 좋습니다. 작동도 잘됩니다. 보풀 감소 효과가 있네요. ^^ 무선충전식이라 편하고 좋습니다 ",
    "Source": "SNS",
    "Domain": "가전",
    "MainCategory": "생활/미용/욕실가전",
    "ProductName": "유닉스 정품 충전식 보풀제거기 추천 UNL-9302",
    "ReviewScore": "100",
    "Syllable": "60",
    "Word": "13",
    "RDate": "20220120",
    "GeneralPolarity": "1",
    "Aspects": [
      {
        "Aspect": "편의성",
        "SentimentText": "사용하기 편하고 좋습니다.",
        "SentimentWord": "3",
        "SentimentPolarity": "1"
      },
      {
        "Aspect": "기능",
        "SentimentText": "작동도 잘됩니다. 보풀 감소 효과가 있네요. ^^",
        "SentimentWord": "7",
        "SentimentPolarity": "1"
      },
      {
        "Aspect": "편의성",
        "SentimentText": "무선충전식이라 편하고 좋습니다",
        "SentimentWord": "3",
        "SentimentPolarity": "1"
      }
    ]
  },
  {
    "Index": "4583",
    "RawText": "흰색상은 조금 불량 같은데 일단 바람은 나오니 그냥 사용 해 보려구요ᆢ근데 1단은 아예 시원한 느낌없네요ᆢ  3단되야 바람이 좀 시원한 느낌 성능은 그다지 좋지 않아요. 둥근부분은 아예 원래 바람이 안나오는건지 아님 불량인지 궁금합니다 전체적으로 품질이 떨어지네요.",
    "Source": "SNS",
    "Domain": "가전",
    "MainCategory": "생활/미용/욕실가전",
    "ProductName": "이츠미 BLDC 모터 저소음 넥밴드 선풍기 1+1",
    "ReviewScore": "60",
    "Syllable": "148",
    "Word": "35",
    "RDate": "20210810",
    "GeneralPolarity": "-1",
    "Aspects": [
      {
        "Aspect": "기능",
        "SentimentText": "1단은 아예 시원한 느낌없네요ᆢ  3단되야 바람이 좀 시원한 느낌 성능은 그다지 좋지 않아요.",
        "SentimentWord": "13",
        "SentimentPolarity": "-1"
      },
      {
        "Aspect": "품질",
        "SentimentText": "둥근부분은 아예 원래 바람이 안나오는건지 아님 불량인지 궁금합니다 전체적으로 품질이 떨어지네요.",
        "SentimentWord": "11",
        "SentimentPolarity": "-1"
      }
    ]
  },
  {
    "Index": "4584",
    "RawText": "너무 잘산거 같아요 무게는 약간 있지만 바람세기가 3단계로 조절되어 좋은 것 같아요. 소음 만족할 만한 수준입니다",
    "Source": "SNS",
    "Domain": "가전",
    "MainCategory": "생활/미용/욕실가전",
    "ProductName": "이츠미 BLDC 모터 저소음 넥밴드 선풍기 1+1",
    "ReviewScore": "100",
    "Syllable": "63",
    "Word": "16",
    "RDate": "20210902",
    "GeneralPolarity": "1",
    "Aspects": [
      {
        "Aspect": "기능",
        "SentimentText": "바람세기가 3단계로 조절되어 좋은 것 같아요.",
        "SentimentWord": "6",
        "SentimentPolarity": "1"
      },
      {
        "Aspect": "소음",
        "SentimentText": "소음 만족할 만한 수준입니다",
        "SentimentWord": "4",
        "SentimentPolarity": "1"
      },
      {
        "Aspect": "무게",
        "SentimentText": "무게는 약간 있지만 바람세기가 3단계로 조절되어 좋은 것 같아요.",
        "SentimentWord": "9",
        "SentimentPolarity": "0"
      }
    ]
  },
  {
    "Index": "4585",
    "RawText": "디자인은 예뻐서 좋은데  크기가 작아서 어린이나  여성만 착용할 수 있을거 같아 별루예요  ",
    "Source": "SNS",
    "Domain": "가전",
    "MainCategory": "생활/미용/욕실가전",
    "ProductName": "이츠미 BLDC 모터 저소음 넥밴드 선풍기 1+1",
    "ReviewScore": "80",
    "Syllable": "51",
    "Word": "12",
    "RDate": "20210811",
    "GeneralPolarity": "0",
    "Aspects": [
      {
        "Aspect": "디자인",
        "SentimentText": "디자인은 예뻐서 좋은데 ",
        "SentimentWord": "3",
        "SentimentPolarity": "1"
      },
      {
        "Aspect": "사이즈",
        "SentimentText": "크기가 작아서 어린이나  여성만 착용할 수 있을거 같아 별루예요 ",
        "SentimentWord": "9",
        "SentimentPolarity": "-1"
      }
    ]
  },
  {
    "Index": "4586",
    "RawText": "라이브 방송 보고 아주 저렴하게 구입해서 너무 좋아요 라이브방송 너무 좋아요 감사합니다 배송은 해외 배송이라 2주 걸렸어요 뭐 예상한 기간이라 기다릴만했어요 상품평 보니 깨진 부분도 있다하고 안되는 제품도 있다고 해서 걱정했는데 2개다 정상으로 작동하네요 바람세기는 3단으로 조절되고  시원합니다 다른 제품 넥밴드도 사용하는데 바람은 비슷합니다 그리고 무게는 다른 제품과 비슷하고 가벼운 편이라 사용하기 좋네요^^  소리는 귀에 가까워서 그정도 소리는 감수~ 다른 제품과 소리가 비슷해서 괜찮습니다 날씨가 많이 선선해져서 많이 사용하진 못하겠지만 내년에도 잘 사용할 것 같아요^^ 저렴한 제품 판매해 주셔서 감사합니다 잘 사용하겠습니다",
    "Source": "SNS",
    "Domain": "가전",
    "MainCategory": "생활/미용/욕실가전",
    "ProductName": "이츠미 BLDC 모터 저소음 넥밴드 선풍기 1+1",
    "ReviewScore": "100",
    "Syllable": "355",
    "Word": "82",
    "RDate": "20210827",
    "Aspects": [
      {
        "Aspect": "가격",
        "SentimentText": "아주 저렴하게 구입해서 너무 좋아요",
        "SentimentWord": "5",
        "SentimentPolarity": "1"
      },
      {
        "Aspect": "무게",
        "SentimentText": "무게는 다른 제품과 비슷하고 가벼운 편이라 사용하기 좋네요^^ ",
        "SentimentWord": "8",
        "SentimentPolarity": "1"
      },
      {
        "Aspect": "소음",
        "SentimentText": "다른 제품과 소리가 비슷해서 괜찮습니다",
        "SentimentWord": "5",
        "SentimentPolarity": "1"
      },
      {
        "Aspect": "가격",
        "SentimentText": "저렴한 제품 판매해 주셔서 감사합니다",
        "SentimentWord": "5",
        "SentimentPolarity": "1"
      },
      {
        "Aspect": "기능",
        "SentimentText": "바람세기는 3단으로 조절되고  시원합니다",
        "SentimentWord": "4",
        "SentimentPolarity": "1"
      }
    ]
  },
  {
    "Index": "4587",
    "RawText": "가격대비 조금 없어보여  약간은 실망함 목부부 늘어나지도 않고요 근데 바람은 시원해서 그럭저럭 만족합니다.",
    "Source": "SNS",
    "Domain": "가전",
    "MainCategory": "생활/미용/욕실가전",
    "ProductName": "이츠미 BLDC 모터 저소음 넥밴드 선풍기 1+1",
    "ReviewScore": "100",
    "Syllable": "59",
    "Word": "13",
    "RDate": "20210818",
    "GeneralPolarity": "0",
    "Aspects": [
      {
        "Aspect": "가격",
        "SentimentText": "가격대비 조금 없어보여  약간은 실망함",
        "SentimentWord": "5",
        "SentimentPolarity": "-1"
      },
      {
        "Aspect": "기능",
        "SentimentText": " 바람은 시원해서 그럭저럭 만족합니다.",
        "SentimentWord": "4",
        "SentimentPolarity": "0"
      }
    ]
  },
  {
    "Index": "4588",
    "RawText": "혼자 쓰기에 좋은 용량인 것 같아요 만족합니다 싼가격에 구입했어요 ^^",
    "Source": "SNS",
    "Domain": "가전",
    "MainCategory": "생활/미용/욕실가전",
    "ProductName": "저스트원 2.2L 에어프라이어 SN-EA700Q",
    "ReviewScore": "80",
    "Syllable": "39",
    "Word": "10",
    "RDate": "20220216",
    "GeneralPolarity": "1",
    "Aspects": [
      {
        "Aspect": "용량",
        "SentimentText": "혼자 쓰기에 좋은 용량인 것 같아요 만족합니다",
        "SentimentWord": "7",
        "SentimentPolarity": "1"
      },
      {
        "Aspect": "가격",
        "SentimentText": "싼가격에 구입했어요 ^^",
        "SentimentWord": "3",
        "SentimentPolarity": "1"
      }
    ]
  },
  {
    "Index": "4589",
    "RawText": "일단 크기가 작아서 맘에 들어요 2000W 출력으로 바람이 강해요 가격도 착하고 이것 저것 다 맘에 듭니다",
    "Source": "SNS",
    "Domain": "가전",
    "MainCategory": "생활/미용/욕실가전",
    "ProductName": "제시엔제니 미니드라이기 RCY-8259 블랙",
    "ReviewScore": "100",
    "Syllable": "59",
    "Word": "16",
    "RDate": "20220213",
    "GeneralPolarity": "1",
    "Aspects": [
      {
        "Aspect": "사이즈",
        "SentimentText": "일단 크기가 작아서 맘에 들어요",
        "SentimentWord": "5",
        "SentimentPolarity": "1"
      },
      {
        "Aspect": "소비전력",
        "SentimentText": "2000W 출력으로 바람이 강해요",
        "SentimentWord": "4",
        "SentimentPolarity": "1"
      },
      {
        "Aspect": "가격",
        "SentimentText": "가격도 착하고 이것 저것 다 맘에 듭니다",
        "SentimentWord": "7",
        "SentimentPolarity": "1"
      }
    ]
  },
  {
    "Index": "4590",
    "RawText": "디자인은 그럭저럭  모터소리가 굉장히 큼 사용전력이 커서 만족",
    "Source": "SNS",
    "Domain": "가전",
    "MainCategory": "생활/미용/욕실가전",
    "ProductName": "조아스 드라이기/쿨버튼/전문가용/냉풍기능 JHC-3890",
    "ReviewScore": "80",
    "Syllable": "34",
    "Word": "8",
    "RDate": "20220209",
    "GeneralPolarity": "0",
    "Aspects": [
      {
        "Aspect": "디자인",
        "SentimentText": "디자인은 그럭저럭 ",
        "SentimentWord": "2",
        "SentimentPolarity": "0"
      },
      {
        "Aspect": "소음",
        "SentimentText": "모터소리가 굉장히 큼",
        "SentimentWord": "3",
        "SentimentPolarity": "-1"
      },
      {
        "Aspect": "소비전력",
        "SentimentText": "사용전력이 커서 만족",
        "SentimentWord": "3",
        "SentimentPolarity": "1"
      }
    ]
  },
  {
    "Index": "4591",
    "RawText": "확실히 팝콘 알맹이가 크게 잘 튀겨지네요 영화관에서 사먹는 팝콘과 비슷해서 좋아요. 타지도 않고 좋아요 손쉽게 옥수수만 넣으면 알아서 만들어집니다 굿",
    "Source": "SNS",
    "Domain": "가전",
    "MainCategory": "생활/미용/욕실가전",
    "ProductName": "쿠비녹스 팝콘 메이커 IS-12PM",
    "ReviewScore": "100",
    "Syllable": "83",
    "Word": "20",
    "RDate": "20220218",
    "GeneralPolarity": "1",
    "Aspects": [
      {
        "Aspect": "기능",
        "SentimentText": "확실히 팝콘 알맹이가 크게 잘 튀겨지네요 영화관에서 사먹는 팝콘과 비슷해서 좋아요.",
        "SentimentWord": "11",
        "SentimentPolarity": "1"
      },
      {
        "Aspect": "편의성",
        "SentimentText": "타지도 않고 좋아요 손쉽게 옥수수만 넣으면 알아서 만들어집니다 굿",
        "SentimentWord": "9",
        "SentimentPolarity": "1"
      }
    ]
  },
  {
    "Index": "4592",
    "RawText": "간편하게 잘 사용하고 있어요!^^ 따뜻하게 마시지 받을 수 있어서  좋아요",
    "Source": "SNS",
    "Domain": "가전",
    "MainCategory": "생활/미용/욕실가전",
    "ProductName": "투비뉴 땅콩 마사지기",
    "ReviewScore": "100",
    "Syllable": "41",
    "Word": "10",
    "RDate": "20211207",
    "GeneralPolarity": "1",
    "Aspects": [
      {
        "Aspect": "편의성",
        "SentimentText": "간편하게 잘 사용하고 있어요!^^",
        "SentimentWord": "4",
        "SentimentPolarity": "1"
      },
      {
        "Aspect": "기능",
        "SentimentText": "따뜻하게 마시지 받을 수 있어서  좋아요",
        "SentimentWord": "6",
        "SentimentPolarity": "1"
      }
    ]
  },
  {
    "Index": "4593",
    "RawText": "너무 마음에 들어요! 추천합니다. 일단 마사지건보다 훨씬 시원하구요 아주 만족스러워요 다만 며칠만에 제품이 고장이 났어요 품질이 영... 판매처에 연락하니 바로 맞교환해주셨어요. 본체위에 수건을 깔고 조심해서 사용하려구요",
    "Source": "SNS",
    "Domain": "가전",
    "MainCategory": "생활/미용/욕실가전",
    "ProductName": "투비뉴 땅콩 마사지기",
    "ReviewScore": "100",
    "Syllable": "123",
    "Word": "26",
    "RDate": "20210725",
    "Aspects": [
      {
        "Aspect": "기능",
        "SentimentText": "일단 마사지건보다 훨씬 시원하구요 아주 만족스러워요",
        "SentimentWord": "6",
        "SentimentPolarity": "1"
      },
      {
        "Aspect": "품질",
        "SentimentText": "다만 며칠만에 제품이 고장이 났어요 품질이 영...",
        "SentimentWord": "7",
        "SentimentPolarity": "-1"
      }
    ]
  },
  {
    "Index": "4594",
    "RawText": "사용법이 익숙하지 않은지 파워가 쎄서 좀 아픈걸 제외하면 괜찮은거 같아요. 장소 구애 안받고 사용가능 하니 이 가격대에 그냥저냥 쓸만합니다.",
    "Source": "SNS",
    "Domain": "가전",
    "MainCategory": "생활/미용/욕실가전",
    "ProductName": "투비뉴 땅콩 마사지기",
    "ReviewScore": "80",
    "Syllable": "78",
    "Word": "19",
    "RDate": "20211119",
    "GeneralPolarity": "0",
    "Aspects": [
      {
        "Aspect": "기능",
        "SentimentText": "파워가 쎄서 좀 아픈걸 제외하면 괜찮은거 같아요.",
        "SentimentWord": "7",
        "SentimentPolarity": "0"
      },
      {
        "Aspect": "가격",
        "SentimentText": "장소 구애 안받고 사용가능 하니 이 가격대에 그냥저냥 쓸만합니다.",
        "SentimentWord": "9",
        "SentimentPolarity": "0"
      }
    ]
  },
  {
    "Index": "4595",
    "RawText": "면도기 정말 깔끔하게 잘 면도되고 OOO 전동칫솔 성능에 적극 강추합니다",
    "Source": "SNS",
    "Domain": "가전",
    "MainCategory": "생활/미용/욕실가전",
    "ProductName": "필립스 New Skin IQ 전기면도기 (S5586/64) 스페셜 패키지",
    "ReviewScore": "100",
    "Syllable": "40",
    "Word": "10",
    "RDate": "20210827",
    "GeneralPolarity": "1",
    "Aspects": [
      {
        "Aspect": "기능",
        "SentimentText": "면도기 정말 깔끔하게 잘 면도되고 ",
        "SentimentWord": "5",
        "SentimentPolarity": "1"
      },
      {
        "Aspect": "제조일/제조사",
        "SentimentText": "OOO 전동칫솔 성능에 적극 강추합니다",
        "SentimentWord": "5",
        "SentimentPolarity": "1"
      }
    ]
  },
  {
    "Index": "4596",
    "RawText": "가벼워서 사용하기 좋은듯 해요  오자마자 사용바로 해보았어요  굿굿 추천합니다  추가구성으로 넣어준 콧털정리기도 너무 좋내요  굿굿",
    "Source": "SNS",
    "Domain": "가전",
    "MainCategory": "생활/미용/욕실가전",
    "ProductName": "필립스 최신상 S5000 시리즈 Shave S5466/17 추가구성 2종",
    "ReviewScore": "100",
    "Syllable": "73",
    "Word": "15",
    "RDate": "20220208",
    "GeneralPolarity": "1",
    "Aspects": [
      {
        "Aspect": "무게",
        "SentimentText": "가벼워서 사용하기 좋은듯 해요 ",
        "SentimentWord": "4",
        "SentimentPolarity": "1"
      },
      {
        "Aspect": "제품구성",
        "SentimentText": "추가구성으로 넣어준 콧털정리기도 너무 좋내요  굿굿",
        "SentimentWord": "6",
        "SentimentPolarity": "1"
      }
    ]
  },
  {
    "Index": "4597",
    "RawText": "갑자기 면도기가 고장나서 급하게 시켰는데 택배사 사정때문인지 며칠 기다려서 받았어요~ 근데 박스가 찢엇져있어서 철렁했네요~ 뽁뽁이라도 같이 싸서 주시면 더 좋을것 같아 사진 첨부해 봅니다. 잘 쓰겠습니다~ 면도크림도 함께 보내주기로 했는데 안왔어요. 구매후에 할인행사 정보가 뜨네요...속은 느낌입니다.",
    "Source": "SNS",
    "Domain": "가전",
    "MainCategory": "생활/미용/욕실가전",
    "ProductName": "필립스 최신상 S5000 시리즈 Shave S5466/17 추가구성 2종",
    "ReviewScore": "80",
    "Syllable": "169",
    "Word": "36",
    "RDate": "20220103",
    "Aspects": [
      {
        "Aspect": "제품구성",
        "SentimentText": "면도크림도 함께 보내주기로 했는데 안왔어요.",
        "SentimentWord": "5",
        "SentimentPolarity": "-1"
      },
      {
        "Aspect": "가격",
        "SentimentText": "구매후에 할인행사 정보가 뜨네요...속은 느낌입니다.",
        "SentimentWord": "5",
        "SentimentPolarity": "-1"
      }
    ]
  },
  {
    "Index": "4598",
    "RawText": "남편면도기로 구입. 여행용은 아들이 출장시 쓴다고하네여. 디자인도 예쁘고 밀림도 좋네요 OOO 제품이니 믿고 구입.",
    "Source": "SNS",
    "Domain": "가전",
    "MainCategory": "생활/미용/욕실가전",
    "ProductName": "필립스 최신상 S5000 시리즈 Shave S5466/17 추가구성 2종",
    "ReviewScore": "100",
    "Syllable": "64",
    "Word": "14",
    "RDate": "20220301",
    "GeneralPolarity": "1",
    "Aspects": [
      {
        "Aspect": "디자인",
        "SentimentText": "디자인도 예쁘고",
        "SentimentWord": "2",
        "SentimentPolarity": "1"
      },
      {
        "Aspect": "기능",
        "SentimentText": "밀림도 좋네요",
        "SentimentWord": "2",
        "SentimentPolarity": "1"
      }
    ]
  },
  {
    "Index": "4599",
    "RawText": "배송도 빠르고 품질도 좋습니다  역시 oo면도기입니다",
    "Source": "SNS",
    "Domain": "가전",
    "MainCategory": "생활/미용/욕실가전",
    "ProductName": "필립스 최신상 S5000 시리즈 Shave S5466/17 추가구성 2종",
    "ReviewScore": "100",
    "Syllable": "29",
    "Word": "6",
    "RDate": "20220205",
    "Aspects": [
      {
        "Aspect": "품질",
        "SentimentText": "품질도 좋습니다 ",
        "SentimentWord": "2",
        "SentimentPolarity": "1"
      },
      {
        "Aspect": "제조일/제조사",
        "SentimentText": "역시 oo면도기입니다",
        "SentimentWord": "2",
        "SentimentPolarity": "1"
      }
    ]
  },
  {
    "Index": "4600",
    "RawText": "오랜만에 주문했는데 역시 OOO네요. 절삭력이 조금 부족하지만 그냥저냥 쓸만해요  그외에는 디자인도 고급스럽고 사은품 구성상품 다  좋아요",
    "Source": "SNS",
    "Domain": "가전",
    "MainCategory": "생활/미용/욕실가전",
    "ProductName": "필립스 최신상 S5000 시리즈 Shave S5466/17 추가구성 2종",
    "ReviewScore": "100",
    "Syllable": "77",
    "Word": "16",
    "RDate": "20220215",
    "Aspects": [
      {
        "Aspect": "기능",
        "SentimentText": "절삭력이 조금 부족하지만 그냥저냥 쓸만해요 ",
        "SentimentWord": "5",
        "SentimentPolarity": "0"
      },
      {
        "Aspect": "디자인",
        "SentimentText": "그외에는 디자인도 고급스럽고",
        "SentimentWord": "3",
        "SentimentPolarity": "1"
      },
      {
        "Aspect": "제품구성",
        "SentimentText": "사은품 구성상품 다  좋아요",
        "SentimentWord": "4",
        "SentimentPolarity": "1"
      },
      {
        "Aspect": "제조일/제조사",
        "SentimentText": "오랜만에 주문했는데 역시 OOO네요.",
        "SentimentWord": "4",
        "SentimentPolarity": "1"
      }
    ]
  },
  {
    "Index": "4601",
    "RawText": "자동으로 선을  정리할수있는것은 좋은데 드라이기가 너무 무거워요 소리도 좀 크고..",
    "Source": "SNS",
    "Domain": "가전",
    "MainCategory": "생활/미용/욕실가전",
    "ProductName": "한일전자 파테크 코드릴 헤어드라이기 RH-3100",
    "ReviewScore": "40",
    "Syllable": "46",
    "Word": "10",
    "RDate": "20191026",
    "GeneralPolarity": "-1",
    "Aspects": [
      {
        "Aspect": "기능",
        "SentimentText": "자동으로 선을  정리할수있는것은 좋은데 ",
        "SentimentWord": "4",
        "SentimentPolarity": "1"
      },
      {
        "Aspect": "무게",
        "SentimentText": "드라이기가 너무 무거워요 ",
        "SentimentWord": "3",
        "SentimentPolarity": "-1"
      },
      {
        "Aspect": "소음",
        "SentimentText": "소리도 좀 크고..",
        "SentimentWord": "3",
        "SentimentPolarity": "-1"
      }
    ]
  },
  {
    "Index": "4602",
    "RawText": "가벼워서 좋아요 기능도 간단해서 쓰기편합니다 잘쓸께요",
    "Source": "SNS",
    "Domain": "가전",
    "MainCategory": "생활/미용/욕실가전",
    "ProductName": "한일전자 파테크 헤어드라이기 RH-2300",
    "ReviewScore": "100",
    "Syllable": "29",
    "Word": "6",
    "RDate": "20191117",
    "GeneralPolarity": "1",
    "Aspects": [
      {
        "Aspect": "무게",
        "SentimentText": "가벼워서 좋아요 ",
        "SentimentWord": "2",
        "SentimentPolarity": "1"
      },
      {
        "Aspect": "편의성",
        "SentimentText": "기능도 간단해서 쓰기편합니다",
        "SentimentWord": "3",
        "SentimentPolarity": "1"
      }
    ]
  },
  {
    "Index": "4603",
    "RawText": "가격이 저렴해서 구매했는데 전에 쓰던거랑 볼의 크기가 좀 작네요 그냥저냥 쓸만해요. 그래도 저렴하니 잘 쓸께요~ 그런대로 사용하긴 편한거 같아요.",
    "Source": "SNS",
    "Domain": "가전",
    "MainCategory": "생활/미용/욕실가전",
    "ProductName": "휴플러스 어깨안마기 HPR-190",
    "ReviewScore": "60",
    "Syllable": "81",
    "Word": "19",
    "RDate": "20191205",
    "GeneralPolarity": "0",
    "Aspects": [
      {
        "Aspect": "사이즈",
        "SentimentText": "전에 쓰던거랑 볼의 크기가 좀 작네요 그냥저냥 쓸만해요. ",
        "SentimentWord": "8",
        "SentimentPolarity": "0"
      },
      {
        "Aspect": "가격",
        "SentimentText": "그래도 저렴하니 잘 쓸께요~ 그런대로 사용하긴 편한거 같아요.",
        "SentimentWord": "8",
        "SentimentPolarity": "0"
      }
    ]
  },
  {
    "Index": "4604",
    "RawText": "먼저 무선으로 구입해서 사용해보고 좋아서, 이번에 유선으로 구입합니다 일단 안마기 자체가 크기가 크지도 않고 접어서 보관하기가 편해서 좋아요 온열기능과 방향전환 기능도 있어서 전신으로 사용할수 있어 너무 좋아요.",
    "Source": "SNS",
    "Domain": "가전",
    "MainCategory": "생활/미용/욕실가전",
    "ProductName": "휴플러스 어깨안마기 HPR-190",
    "ReviewScore": "100",
    "Syllable": "118",
    "Word": "27",
    "RDate": "20200121",
    "GeneralPolarity": "1",
    "Aspects": [
      {
        "Aspect": "사이즈",
        "SentimentText": "일단 안마기 자체가 크기가 크지도 않고 접어서 보관하기가 편해서 좋아요",
        "SentimentWord": "10",
        "SentimentPolarity": "1"
      },
      {
        "Aspect": "기능",
        "SentimentText": "온열기능과 방향전환 기능도 있어서 전신으로 사용할수 있어 너무 좋아요.",
        "SentimentWord": "9",
        "SentimentPolarity": "1"
      }
    ]
  },
  {
    "Index": "4605",
    "RawText": "물통이 좀 작아서 옷하나다리고 물통채워야하는건 좀 아쉽지만 가격대비 성능이 너무 좋아 만족스럽습니다!",
    "Source": "SNS",
    "Domain": "가전",
    "MainCategory": "생활/미용/욕실가전",
    "ProductName": "(TV) 테팔 퀵스티머 스팀 미닛 DT7000+테팔 에그팬",
    "ReviewScore": "100",
    "Syllable": "56",
    "Word": "12",
    "RDate": "20190526",
    "GeneralPolarity": "1",
    "Aspects": [
      {
        "Aspect": "용량",
        "SentimentText": "물통이 좀 작아서 옷하나다리고 물통채워야하는건 좀 아쉽지만 ",
        "SentimentWord": "7",
        "SentimentPolarity": "-1"
      },
      {
        "Aspect": "가격",
        "SentimentText": "가격대비 성능이 너무 좋아 만족스럽습니다!",
        "SentimentWord": "5",
        "SentimentPolarity": "1"
      }
    ]
  },
  {
    "Index": "4606",
    "RawText": "배송도빠르고 애그 팬도 좋네요 기계 성능도 스팀이 빵빵하니 좋네요",
    "Source": "SNS",
    "Domain": "가전",
    "MainCategory": "생활/미용/욕실가전",
    "ProductName": "(TV) 테팔 퀵스티머 스팀 미닛 DT7000+테팔 에그팬",
    "ReviewScore": "100",
    "Syllable": "36",
    "Word": "9",
    "RDate": "20190509",
    "Aspects": [
      {
        "Aspect": "기능",
        "SentimentText": "기계 성능도 스팀이 빵빵하니 좋네요",
        "SentimentWord": "5",
        "SentimentPolarity": "1"
      },
      {
        "Aspect": "제품구성",
        "SentimentText": "애그 팬도 좋네요",
        "SentimentWord": "3",
        "SentimentPolarity": "1"
      }
    ]
  },
  {
    "Index": "4607",
    "RawText": "배송받고 상품 열어봤는데 스팀 물넣는부분 습기가 찬건지.. 안쪽에 물이 고여있더라구요. 왜그런지요..상품은 티비광고서 보는것보다스팀이 약한느낌.ㅜ 실크블라우스 다렸는데 쏘쏘였어요. 그리고 손목이 넘 아플정도로 좀 무겁네요",
    "Source": "SNS",
    "Domain": "가전",
    "MainCategory": "생활/미용/욕실가전",
    "ProductName": "(TV) 테팔 퀵스티머 스팀 미닛 DT7000+테팔 에그팬",
    "ReviewScore": "60",
    "Syllable": "123",
    "Word": "23",
    "RDate": "20190509",
    "GeneralPolarity": "-1",
    "Aspects": [
      {
        "Aspect": "기능",
        "SentimentText": "티비광고서 보는것보다 스팀이 약한느낌.ㅜ",
        "SentimentWord": "4",
        "SentimentPolarity": "-1"
      },
      {
        "Aspect": "무게",
        "SentimentText": "손목이 넘 아플정도로 좀 무겁네요",
        "SentimentWord": "5",
        "SentimentPolarity": "-1"
      },
      {
        "Aspect": "기능",
        "SentimentText": "실크블라우스 다렸는데 쏘쏘였어요.",
        "SentimentWord": "3",
        "SentimentPolarity": "0"
      }
    ]
  },
  {
    "Index": "4608",
    "RawText": "간편해서 편하긴 하네요 그런데 기능이 썩 잘 다려지지는 않네요",
    "Source": "SNS",
    "Domain": "가전",
    "MainCategory": "생활/미용/욕실가전",
    "ProductName": "(TV) 테팔 퀵스티머 스팀 미닛 DT7000+테팔 에그팬",
    "ReviewScore": "40",
    "Syllable": "34",
    "Word": "9",
    "RDate": "20190516",
    "Aspects": [
      {
        "Aspect": "편의성",
        "SentimentText": "간편해서 편하긴 하네요",
        "SentimentWord": "3",
        "SentimentPolarity": "1"
      },
      {
        "Aspect": "기능",
        "SentimentText": "그런데 기능이 썩 잘 다려지지는 않네요",
        "SentimentWord": "6",
        "SentimentPolarity": "-1"
      }
    ]
  },
  {
    "Index": "4609",
    "RawText": "생각보다 스팀이 약하지만 가격대비 그럭저럭 쓸만합니다. ",
    "Source": "SNS",
    "Domain": "가전",
    "MainCategory": "생활/미용/욕실가전",
    "ProductName": "(TV) 테팔 퀵스티머 스팀 미닛 DT7000+테팔 에그팬",
    "ReviewScore": "80",
    "Syllable": "31",
    "Word": "6",
    "RDate": "20190531",
    "GeneralPolarity": "0",
    "Aspects": [
      {
        "Aspect": "기능",
        "SentimentText": "생각보다 스팀이 약하지만 가격대비 그럭저럭 쓸만합니다.",
        "SentimentWord": "6",
        "SentimentPolarity": "0"
      },
      {
        "Aspect": "가격",
        "SentimentText": "가격대비 그럭저럭 쓸만합니다.",
        "SentimentWord": "3",
        "SentimentPolarity": "0"
      }
    ]
  },
  {
    "Index": "4610",
    "RawText": "여러 스팀다리미 써보고 이것도 반신반의했지만  구김이 잘펴지고 사용이 쉽고 물탱크 커서 오래 쓸수 있고 정말 좋네요",
    "Source": "SNS",
    "Domain": "가전",
    "MainCategory": "생활/미용/욕실가전",
    "ProductName": "(TV) 테팔 퀵스티머 스팀 미닛 DT7000+테팔 에그팬",
    "ReviewScore": "100",
    "Syllable": "64",
    "Word": "16",
    "RDate": "20190514",
    "GeneralPolarity": "1",
    "Aspects": [
      {
        "Aspect": "편의성",
        "SentimentText": "이것도 반신반의했지만  구김이 잘펴지고 사용이 쉽고",
        "SentimentWord": "6",
        "SentimentPolarity": "1"
      },
      {
        "Aspect": "용량",
        "SentimentText": "물탱크 커서 오래 쓸수 있고 정말 좋네요",
        "SentimentWord": "7",
        "SentimentPolarity": "1"
      }
    ]
  },
  {
    "Index": "4611",
    "RawText": "잘다려지지도않고 무거워서 팔도 아프네요ㅠ 기능이 별로라 반품하고싶지만 귀찮아 그냥 씁니다",
    "Source": "SNS",
    "Domain": "가전",
    "MainCategory": "생활/미용/욕실가전",
    "ProductName": "(TV) 테팔 퀵스티머 스팀 미닛 DT7000+테팔 에그팬",
    "ReviewScore": "40",
    "Syllable": "49",
    "Word": "10",
    "RDate": "20190509",
    "GeneralPolarity": "-1",
    "Aspects": [
      {
        "Aspect": "무게",
        "SentimentText": "잘다려지지도않고 무거워서 팔도 아프네요ㅠ",
        "SentimentWord": "4",
        "SentimentPolarity": "-1"
      },
      {
        "Aspect": "기능",
        "SentimentText": "기능이 별로라 반품하고싶지만 귀찮아 그냥 씁니다",
        "SentimentWord": "6",
        "SentimentPolarity": "-1"
      }
    ]
  },
  {
    "Index": "4612",
    "RawText": "OO 역쉬 알아주죠..기존 다리미보다 스팀이라 더빠르고 옷 다리는데 시간단축되서 너무 좋아요. 일단 스팀다리미 자체 무게가 가벼워서 사용하기 좋아요",
    "Source": "SNS",
    "Domain": "가전",
    "MainCategory": "생활/미용/욕실가전",
    "ProductName": "(TV) 테팔 퀵스티머 스팀 미닛 DT7000+테팔 에그팬",
    "ReviewScore": "100",
    "Syllable": "82",
    "Word": "18",
    "RDate": "20190427",
    "GeneralPolarity": "1",
    "Aspects": [
      {
        "Aspect": "시간/속도",
        "SentimentText": "기존 다리미보다 스팀이라 더빠르고 옷 다리는데 시간단축되서 너무 좋아요.",
        "SentimentWord": "9",
        "SentimentPolarity": "1"
      },
      {
        "Aspect": "무게",
        "SentimentText": "일단 스팀다리미 자체 무게가 가벼워서 사용하기 좋아요",
        "SentimentWord": "7",
        "SentimentPolarity": "1"
      }
    ]
  },
  {
    "Index": "4613",
    "RawText": "편리하고 다양한기능을 갖춘 ㄱ우리집의 필수품 정말 좋아요~~^^ 사은품으로 주는 구성상품도 잘쓰고 있어요 마음에 들어요",
    "Source": "SNS",
    "Domain": "가전",
    "MainCategory": "생활/미용/욕실가전",
    "ProductName": "(TV) 테팔 퀵스티머 스팀 미닛 DT7000+테팔 에그팬",
    "ReviewScore": "100",
    "Syllable": "66",
    "Word": "14",
    "RDate": "20190514",
    "GeneralPolarity": "1",
    "Aspects": [
      {
        "Aspect": "기능",
        "SentimentText": "편리하고 다양한기능을 갖춘 ㄱ우리집의 필수품 정말 좋아요~~^^",
        "SentimentWord": "7",
        "SentimentPolarity": "1"
      },
      {
        "Aspect": "제품구성",
        "SentimentText": "사은품으로 주는 구성상품도 잘쓰고 있어요 마음에 들어요",
        "SentimentWord": "7",
        "SentimentPolarity": "1"
      }
    ]
  },
  {
    "Index": "4614",
    "RawText": "포인트써서 저렴한 가격으로 잘샀어요 거기다 카드할인까지... 후라이펜은 좀 작아서 사용하기가 불편해요^^",
    "Source": "SNS",
    "Domain": "가전",
    "MainCategory": "생활/미용/욕실가전",
    "ProductName": "(TV) 테팔 퀵스티머 스팀 미닛 DT7000+테팔 에그팬",
    "ReviewScore": "100",
    "Syllable": "58",
    "Word": "11",
    "RDate": "20190522",
    "GeneralPolarity": "1",
    "Aspects": [
      {
        "Aspect": "가격",
        "SentimentText": "포인트써서 저렴한 가격으로 잘샀어요",
        "SentimentWord": "4",
        "SentimentPolarity": "1"
      },
      {
        "Aspect": "사이즈",
        "SentimentText": "후라이펜은 좀 작아서 사용하기가 불편해요^^",
        "SentimentWord": "5",
        "SentimentPolarity": "-1"
      }
    ]
  }
]