[
  {
    "Index": "5015",
    "RawText": "비데 기능 좋은거같아요^^렌탈만하다 요래써보는건첨이네요 디자인도 마음에들어요",
    "Source": "SNS",
    "Domain": "가전",
    "MainCategory": "생활/미용/욕실가전",
    "ProductName": "(TV_3만원할인) 노비타 비데 BD-SH600",
    "ReviewScore": "100",
    "Syllable": "42",
    "Word": "6",
    "RDate": "20190329",
    "Aspects": [
      {
        "Aspect": "기능",
        "SentimentText": "비데 기능 좋은거같아요^^",
        "SentimentWord": "3",
        "SentimentPolarity": "1"
      },
      {
        "Aspect": "디자인",
        "SentimentText": "디자인도 마음에들어요",
        "SentimentWord": "2",
        "SentimentPolarity": "1"
      }
    ]
  },
  {
    "Index": "5016",
    "RawText": "직원가라 가격이 저렴해서 맘에 듭니다  연속적으로 온수를 사용할 수 있어 차갑지 않아요 설치기사님도 친절하게 해주셔서 감사 합니다",
    "Source": "SNS",
    "Domain": "가전",
    "MainCategory": "생활/미용/욕실가전",
    "ProductName": "(TV_3만원할인) 노비타 비데 BD-SH600",
    "ReviewScore": "100",
    "Syllable": "72",
    "Word": "17",
    "RDate": "20190506",
    "Aspects": [
      {
        "Aspect": "가격",
        "SentimentText": "가격이 저렴해서 맘에 듭니다",
        "SentimentWord": "4",
        "SentimentPolarity": "1"
      },
      {
        "Aspect": "기능",
        "SentimentText": "연속적으로 온수를 사용할 수 있어 차갑지 않아요",
        "SentimentWord": "7",
        "SentimentPolarity": "1"
      }
    ]
  },
  {
    "Index": "5017",
    "RawText": "탈부착이 간편하고 디자인이 심플하나 필터교체하는것이 불편함 ",
    "Source": "SNS",
    "Domain": "가전",
    "MainCategory": "생활/미용/욕실가전",
    "ProductName": "(TV_3만원할인) 노비타 비데 BD-SH600",
    "ReviewScore": "100",
    "Syllable": "33",
    "Word": "6",
    "RDate": "20190117",
    "GeneralPolarity": "0",
    "Aspects": [
      {
        "Aspect": "편의성",
        "SentimentText": "탈부착이 간편하고",
        "SentimentWord": "2",
        "SentimentPolarity": "1"
      },
      {
        "Aspect": "디자인",
        "SentimentText": "디자인이 심플하나 ",
        "SentimentWord": "2",
        "SentimentPolarity": "1"
      },
      {
        "Aspect": "편의성",
        "SentimentText": " 필터교체하는것이 불편함",
        "SentimentWord": "2",
        "SentimentPolarity": "-1"
      }
    ]
  },
  {
    "Index": "5018",
    "RawText": "필요한 기능과 무선컨트롤이 되어 버튼조작이 편리합니다",
    "Source": "SNS",
    "Domain": "가전",
    "MainCategory": "생활/미용/욕실가전",
    "ProductName": "(TV_3만원할인) 노비타 비데 BD-SH600",
    "ReviewScore": "100",
    "Syllable": "29",
    "Word": "6",
    "RDate": "20190409",
    "GeneralPolarity": "1",
    "Aspects": [
      {
        "Aspect": "기능",
        "SentimentText": "필요한 기능과 무선컨트롤이 되어 버튼조작이 편리합니다",
        "SentimentWord": "6",
        "SentimentPolarity": "1"
      },
      {
        "Aspect": "조작성",
        "SentimentText": "무선컨트롤이 되어 버튼조작이 편리합니다",
        "SentimentWord": "4",
        "SentimentPolarity": "1"
      }
    ]
  },
  {
    "Index": "5019",
    "RawText": "가성비 좋구요 생각보다 기능성도 좋아요 11년동안 000 비데만 세번째 구매인데 이번것이  가격도 디자인도 기능도 최고에요 나날이 가격대가 만족입니다  이번에도 4년 정도 잘 사용하겠죠? 기대  됩니다",
    "Source": "SNS",
    "Domain": "가전",
    "MainCategory": "생활/미용/욕실가전",
    "ProductName": "(TV_3만원할인) 노비타 비데 BD-SH600+사은품",
    "ReviewScore": "100",
    "Syllable": "112",
    "Word": "25",
    "RDate": "20210301",
    "GeneralPolarity": "1",
    "Aspects": [
      {
        "Aspect": "가격",
        "SentimentText": "가성비 좋구요",
        "SentimentWord": "2",
        "SentimentPolarity": "1"
      },
      {
        "Aspect": "기능",
        "SentimentText": "기능성도 좋아요",
        "SentimentWord": "2",
        "SentimentPolarity": "1"
      },
      {
        "Aspect": "디자인",
        "SentimentText": " 가격도 디자인도 기능도 최고에요",
        "SentimentWord": "4",
        "SentimentPolarity": "1"
      },
      {
        "Aspect": "가격",
        "SentimentText": "나날이 가격대가 만족입니다",
        "SentimentWord": "3",
        "SentimentPolarity": "1"
      }
    ]
  },
  {
    "Index": "5020",
    "RawText": "가격대비 기능들이 다있네요.깔끔하고 디자인도 좋습니다.",
    "Source": "SNS",
    "Domain": "가전",
    "MainCategory": "생활/미용/욕실가전",
    "ProductName": "(TV_3만원할인) 노비타 비데 BD-SH600+사은품",
    "ReviewScore": "100",
    "Syllable": "30",
    "Word": "5",
    "RDate": "20210316",
    "GeneralPolarity": "1",
    "Aspects": [
      {
        "Aspect": "가격",
        "SentimentText": "가격대비 기능들이 다있네요",
        "SentimentWord": "3",
        "SentimentPolarity": "1"
      },
      {
        "Aspect": "디자인",
        "SentimentText": "깔끔하고 디자인도 좋습니다",
        "SentimentWord": "3",
        "SentimentPolarity": "1"
      }
    ]
  },
  {
    "Index": "5021",
    "RawText": "가성비 좋고 청결합니다. 회사에서 비데 사용하는데 집에서도 사용하려고 잘 선택했네요",
    "Source": "SNS",
    "Domain": "가전",
    "MainCategory": "생활/미용/욕실가전",
    "ProductName": "(TV_3만원할인) 노비타 비데 BD-SH600+사은품",
    "ReviewScore": "100",
    "Syllable": "46",
    "Word": "10",
    "RDate": "20190718",
    "GeneralPolarity": "1",
    "Aspects": [
      {
        "Aspect": "가격",
        "SentimentText": "가성비 좋고",
        "SentimentWord": "2",
        "SentimentPolarity": "1"
      },
      {
        "Aspect": "편의성",
        "SentimentText": "청결합니다. 회사에서 비데 사용하는데 집에서도 사용하려고 잘 선택했네요",
        "SentimentWord": "8",
        "SentimentPolarity": "1"
      }
    ]
  },
  {
    "Index": "5022",
    "RawText": "저렴한 가격에 구입했어요,  설치기사님 친절해요.  그런데 온도가 건조시 뜨거워요~",
    "Source": "SNS",
    "Domain": "가전",
    "MainCategory": "생활/미용/욕실가전",
    "ProductName": "(TV_3만원할인) 노비타 비데 BD-SH600+사은품",
    "ReviewScore": "100",
    "Syllable": "46",
    "Word": "9",
    "RDate": "20211202",
    "Aspects": [
      {
        "Aspect": "가격",
        "SentimentText": "저렴한 가격에 구입했어요",
        "SentimentWord": "3",
        "SentimentPolarity": "1"
      },
      {
        "Aspect": "기능",
        "SentimentText": "그런데 온도가 건조시 뜨거워요~",
        "SentimentWord": "4",
        "SentimentPolarity": "-1"
      }
    ]
  },
  {
    "Index": "5023",
    "RawText": "기존에  사용하던게  고장이나서  다시재구매해서  쓰고있는데 역시 믿고 쓰는 000 제품입니다 가격대비  품질 대체로 만족합니다",
    "Source": "SNS",
    "Domain": "가전",
    "MainCategory": "생활/미용/욕실가전",
    "ProductName": "(TV_3만원할인) 노비타 비데 BD-SH600+사은품",
    "ReviewScore": "80",
    "Syllable": "71",
    "Word": "14",
    "RDate": "20191104",
    "GeneralPolarity": "1",
    "Aspects": [
      {
        "Aspect": "제조일/제조사",
        "SentimentText": "다시재구매해서  쓰고있는데 역시 믿고 쓰는 000 제품입니다",
        "SentimentWord": "7",
        "SentimentPolarity": "1"
      },
      {
        "Aspect": "품질",
        "SentimentText": "가격대비 품질 대체로 만족합니다",
        "SentimentWord": "4",
        "SentimentPolarity": "0"
      }
    ]
  },
  {
    "Index": "5024",
    "RawText": "깔끔하고 이쁘네요 조작버튼이 간단해서 좋고 조작버튼을 편한곳에 설치할수 있어서 좋은것 같습니다.",
    "Source": "SNS",
    "Domain": "가전",
    "MainCategory": "생활/미용/욕실가전",
    "ProductName": "(TV_3만원할인) 노비타 비데 BD-SH600+사은품",
    "ReviewScore": "100",
    "Syllable": "53",
    "Word": "11",
    "RDate": "20190925",
    "GeneralPolarity": "1",
    "Aspects": [
      {
        "Aspect": "디자인",
        "SentimentText": "깔끔하고 이쁘네요",
        "SentimentWord": "2",
        "SentimentPolarity": "1"
      },
      {
        "Aspect": "조작성",
        "SentimentText": "조작버튼이 간단해서 좋고",
        "SentimentWord": "3",
        "SentimentPolarity": "1"
      },
      {
        "Aspect": "편의성",
        "SentimentText": "편한곳에 설치할수 있어서 좋은것 같습니다",
        "SentimentWord": "5",
        "SentimentPolarity": "1"
      }
    ]
  },
  {
    "Index": "5025",
    "RawText": "깔끔한디자인 맘에듭니다~ 리모컨씩이라 벽에 붙여놓으니 청소때도 편리하고 시어머니께 선물했더니 넘 좋아하시내요",
    "Source": "SNS",
    "Domain": "가전",
    "MainCategory": "생활/미용/욕실가전",
    "ProductName": "(TV_3만원할인) 노비타 비데 BD-SH600+사은품",
    "ReviewScore": "100",
    "Syllable": "60",
    "Word": "11",
    "RDate": "20190815",
    "GeneralPolarity": "1",
    "Aspects": [
      {
        "Aspect": "디자인",
        "SentimentText": "깔끔한디자인 맘에듭니다~",
        "SentimentWord": "2",
        "SentimentPolarity": "1"
      },
      {
        "Aspect": "편의성",
        "SentimentText": "리모컨씩이라 벽에 붙여놓으니 청소때도 편리하고",
        "SentimentWord": "5",
        "SentimentPolarity": "1"
      }
    ]
  },
  {
    "Index": "5026",
    "RawText": "나름 좋아요  노즐 조절이 안되서 쫌 그렇지만 가격이 가격인만큼 ㅎㅎ",
    "Source": "SNS",
    "Domain": "가전",
    "MainCategory": "생활/미용/욕실가전",
    "ProductName": "(TV_3만원할인) 노비타 비데 BD-SH600+사은품",
    "ReviewScore": "70",
    "Syllable": "38",
    "Word": "10",
    "RDate": "20210516",
    "GeneralPolarity": "0",
    "Aspects": [
      {
        "Aspect": "기능",
        "SentimentText": "나름 좋아요  노즐 조절이 안되서 쫌 그렇지만",
        "SentimentWord": "7",
        "SentimentPolarity": "0"
      },
      {
        "Aspect": "가격",
        "SentimentText": "가격이 가격인만큼 ㅎㅎ",
        "SentimentWord": "3",
        "SentimentPolarity": "0"
      }
    ]
  },
  {
    "Index": "5027",
    "RawText": "노즐 위치고정이 안되고 앞뒤조절도 안되네요 제품 사용하기 너무 불편해요",
    "Source": "SNS",
    "Domain": "가전",
    "MainCategory": "생활/미용/욕실가전",
    "ProductName": "(TV_3만원할인) 노비타 비데 BD-SH600+사은품",
    "ReviewScore": "20",
    "Syllable": "39",
    "Word": "9",
    "RDate": "20191003",
    "GeneralPolarity": "-1",
    "Aspects": [
      {
        "Aspect": "기능",
        "SentimentText": "노즐 위치고정이 안되고 앞뒤조절도 안되네요",
        "SentimentWord": "5",
        "SentimentPolarity": "-1"
      },
      {
        "Aspect": "편의성",
        "SentimentText": "제품 사용하기 너무 불편해요",
        "SentimentWord": "4",
        "SentimentPolarity": "-1"
      }
    ]
  },
  {
    "Index": "5028",
    "RawText": "다른 싸이트보다 좀 비싸게 산듯 한데 ㅠ 우짤수 없고 제품은 사용해보니 만족합니다",
    "Source": "SNS",
    "Domain": "가전",
    "MainCategory": "생활/미용/욕실가전",
    "ProductName": "(TV_3만원할인) 노비타 비데 BD-SH600+사은품",
    "ReviewScore": "100",
    "Syllable": "45",
    "Word": "12",
    "RDate": "20190924",
    "GeneralPolarity": "0",
    "Aspects": [
      {
        "Aspect": "가격",
        "SentimentText": "다른 싸이트보다 좀 비싸게 산듯 한데 ㅠ",
        "SentimentWord": "7",
        "SentimentPolarity": "-1"
      },
      {
        "Aspect": "편의성",
        "SentimentText": " 제품은 사용해보니 만족합니다",
        "SentimentWord": "3",
        "SentimentPolarity": "1"
      }
    ]
  },
  {
    "Index": "5029",
    "RawText": "두번째 사용합니다   다 좋은데  줄이 짧아서 아쉽네요 사은품은 함께 왜 안온건가요? 언제 오나요?",
    "Source": "SNS",
    "Domain": "가전",
    "MainCategory": "생활/미용/욕실가전",
    "ProductName": "(TV_3만원할인) 노비타 비데 BD-SH600+사은품",
    "ReviewScore": "100",
    "Syllable": "55",
    "Word": "13",
    "RDate": "20190808",
    "GeneralPolarity": "-1",
    "Aspects": [
      {
        "Aspect": "제품구성",
        "SentimentText": "다 좋은데  줄이 짧아서 아쉽네요",
        "SentimentWord": "5",
        "SentimentPolarity": "-1"
      },
      {
        "Aspect": "제품구성",
        "SentimentText": "사은품은 함께 왜 안온건가요? ",
        "SentimentWord": "4",
        "SentimentPolarity": "-1"
      }
    ]
  },
  {
    "Index": "5030",
    "RawText": "리모컨식이라 벽에 붙여놓고쓰니까 사용하기 편하네요 성능도 좋고 청소가 편하고 깔끔하네요 강추^^",
    "Source": "SNS",
    "Domain": "가전",
    "MainCategory": "생활/미용/욕실가전",
    "ProductName": "(TV_3만원할인) 노비타 비데 BD-SH600+사은품",
    "ReviewScore": "100",
    "Syllable": "53",
    "Word": "11",
    "RDate": "20201201",
    "GeneralPolarity": "1",
    "Aspects": [
      {
        "Aspect": "편의성",
        "SentimentText": "리모컨식이라 벽에 붙여놓고쓰니까 사용하기 편하네요",
        "SentimentWord": "5",
        "SentimentPolarity": "1"
      },
      {
        "Aspect": "기능",
        "SentimentText": "성능도 좋고 청소가 편하고 깔끔하네요",
        "SentimentWord": "5",
        "SentimentPolarity": "1"
      }
    ]
  },
  {
    "Index": "5031",
    "RawText": "무선이라 편하고 앉아봐도 편하네요^^ 다만 플라스틱 소재가 고급감이 떨어져서 좀 아쉬워요. 기존에 무선 ○○○ 쓰고 있었는데, 방송보고 한개 더 구매했어요. 기존껀 자가설치라 고생했는데...기사님도 친절하고 좋아요^^ 만족입니다.",
    "Source": "SNS",
    "Domain": "가전",
    "MainCategory": "생활/미용/욕실가전",
    "ProductName": "(TV_3만원할인) 노비타 비데 BD-SH600+사은품",
    "ReviewScore": "100",
    "Syllable": "128",
    "Word": "26",
    "RDate": "20190927",
    "GeneralPolarity": "0",
    "Aspects": [
      {
        "Aspect": "편의성",
        "SentimentText": "무선이라 편하고 앉아봐도 편하네요^^ ",
        "SentimentWord": "4",
        "SentimentPolarity": "1"
      },
      {
        "Aspect": "소재",
        "SentimentText": "다만 플라스틱 소재가 고급감이 떨어져서 좀 아쉬워요",
        "SentimentWord": "7",
        "SentimentPolarity": "-1"
      }
    ]
  },
  {
    "Index": "5032",
    "RawText": "방수에 리모컨이 분리되어 있어서 좋고 청소할때 도 편해서 좋아요. 타사 여러 제품을  써봤는데...청소시에 물이 들어가서 오래 사용하기가 그랬는데..이제 제품은 사용해보니  실용적이여서 잘 사용하고 있습니다.",
    "Source": "SNS",
    "Domain": "가전",
    "MainCategory": "생활/미용/욕실가전",
    "ProductName": "(TV_3만원할인) 노비타 비데 BD-SH600+사은품",
    "ReviewScore": "80",
    "Syllable": "116",
    "Word": "24",
    "RDate": "20191104",
    "GeneralPolarity": "1",
    "Aspects": [
      {
        "Aspect": "제품구성",
        "SentimentText": "방수에 리모컨이 분리되어 있어서 좋고",
        "SentimentWord": "5",
        "SentimentPolarity": "1"
      },
      {
        "Aspect": "편의성",
        "SentimentText": "청소할때 도 편해서 좋아요.",
        "SentimentWord": "4",
        "SentimentPolarity": "1"
      },
      {
        "Aspect": "편의성",
        "SentimentText": "이제 제품은 사용해보니  실용적이여서 잘 사용하고 있습니다.",
        "SentimentWord": "7",
        "SentimentPolarity": "1"
      }
    ]
  },
  {
    "Index": "5033",
    "RawText": "배송도빠르고 가격대비 가격 정말 좋아요. 설치도 잘해주시고 좋았습니다^^ 물살이 빵방 잘사용하고있습니다.",
    "Source": "SNS",
    "Domain": "가전",
    "MainCategory": "생활/미용/욕실가전",
    "ProductName": "(TV_3만원할인) 노비타 비데 BD-SH600+사은품",
    "ReviewScore": "100",
    "Syllable": "58",
    "Word": "11",
    "RDate": "20190706",
    "Aspects": [
      {
        "Aspect": "가격",
        "SentimentText": "가격대비 가격 정말 좋아요.",
        "SentimentWord": "4",
        "SentimentPolarity": "1"
      },
      {
        "Aspect": "기능",
        "SentimentText": "물살이 빵방 잘사용하고있습니다.",
        "SentimentWord": "3",
        "SentimentPolarity": "1"
      }
    ]
  },
  {
    "Index": "5034",
    "RawText": "배송설치기간은 길었지만 아쉬웠지만 기사님께서 친절하고 꼼꼼히 설치해주셨고  건조기능이 너무 뜨거워서 원래 이런건지,,,,, 리모컨형이라  쓰기 편하고 좋았답니다^^~",
    "Source": "SNS",
    "Domain": "가전",
    "MainCategory": "생활/미용/욕실가전",
    "ProductName": "(TV_3만원할인) 노비타 비데 BD-SH600+사은품",
    "ReviewScore": "100",
    "Syllable": "92",
    "Word": "16",
    "RDate": "20210120",
    "Aspects": [
      {
        "Aspect": "기능",
        "SentimentText": "건조기능이 너무 뜨거워서 원래 이런건지,,,,,",
        "SentimentWord": "5",
        "SentimentPolarity": "-1"
      },
      {
        "Aspect": "편의성",
        "SentimentText": "리모컨형이라  쓰기 편하고 좋았답니다^^~",
        "SentimentWord": "4",
        "SentimentPolarity": "1"
      }
    ]
  },
  {
    "Index": "5035",
    "RawText": "배송은 제고가 없다며 늦어져서 짜증났고 기사님의 고객 응대 매너는 별로였어요.  노즐 조절 맞추기가 어렵네요 근데 제품 품질은 기대이상 괜찮아요. 잘 사용할게요.",
    "Source": "SNS",
    "Domain": "가전",
    "MainCategory": "생활/미용/욕실가전",
    "ProductName": "(TV_3만원할인) 노비타 비데 BD-SH600+사은품",
    "ReviewScore": "100",
    "Syllable": "90",
    "Word": "21",
    "RDate": "20190825",
    "Aspects": [
      {
        "Aspect": "조작성",
        "SentimentText": "노즐 조절 맞추기가 어렵네요",
        "SentimentWord": "4",
        "SentimentPolarity": "-1"
      },
      {
        "Aspect": "품질",
        "SentimentText": "제품 품질은 기대이상 괜찮아요.",
        "SentimentWord": "4",
        "SentimentPolarity": "1"
      }
    ]
  },
  {
    "Index": "5036",
    "RawText": "부모님 댁에 보내드렸는데 오래된 비데 수거도 그자리에서 해주고 편했어요 설치도 다 해주시니 넘 좋네요 미세조절이 잘 안되서 조작하기가 어려워요 생활방수 소재라 청소가 쉬워요",
    "Source": "SNS",
    "Domain": "가전",
    "MainCategory": "생활/미용/욕실가전",
    "ProductName": "(TV_3만원할인) 노비타 비데 BD-SH600+사은품",
    "ReviewScore": "100",
    "Syllable": "96",
    "Word": "23",
    "RDate": "20190821",
    "Aspects": [
      {
        "Aspect": "조작성",
        "SentimentText": "미세조절이 잘 안되서 조작하기가 어려워요",
        "SentimentWord": "5",
        "SentimentPolarity": "-1"
      },
      {
        "Aspect": "소재",
        "SentimentText": "생활방수 소재라 청소가 쉬워요",
        "SentimentWord": "4",
        "SentimentPolarity": "1"
      }
    ]
  },
  {
    "Index": "5037",
    "RawText": "이젠 휴지사용도 줄고 사용하기 편리합니다. 가족들도 대만족예요. 포인트까지 주는 혜택. 가격도 좋아요. 강추입니다",
    "Source": "SNS",
    "Domain": "가전",
    "MainCategory": "생활/미용/욕실가전",
    "ProductName": "(TV_3만원할인) 노비타 비데 BD-SH600+사은품",
    "ReviewScore": "100",
    "Syllable": "63",
    "Word": "13",
    "RDate": "20210525",
    "GeneralPolarity": "1",
    "Aspects": [
      {
        "Aspect": "편의성",
        "SentimentText": "이젠 휴지사용도 줄고 사용하기 편리합니다.",
        "SentimentWord": "5",
        "SentimentPolarity": "1"
      },
      {
        "Aspect": "가격",
        "SentimentText": "포인트까지 주는 혜택.가격도 좋아요. 강추입니다",
        "SentimentWord": "5",
        "SentimentPolarity": "1"
      }
    ]
  },
  {
    "Index": "5038",
    "RawText": "상품도 일찍도착해서 좋았고, 사은품 구성도 좋아서 감사합니다 써보니 품질에 만족합니다 잘샀네요. 많이 파세요.",
    "Source": "SNS",
    "Domain": "가전",
    "MainCategory": "생활/미용/욕실가전",
    "ProductName": "(TV_3만원할인) 노비타 비데 BD-SH600+사은품",
    "ReviewScore": "100",
    "Syllable": "61",
    "Word": "13",
    "RDate": "20190822",
    "Aspects": [
      {
        "Aspect": "품질",
        "SentimentText": "써보니 품질에 만족합니다 잘샀네요. 많이 파세요.",
        "SentimentWord": "6",
        "SentimentPolarity": "1"
      },
      {
        "Aspect": "제품구성",
        "SentimentText": "사은품 구성도 좋아서 감사합니다",
        "SentimentWord": "4",
        "SentimentPolarity": "1"
      }
    ]
  },
  {
    "Index": "5039",
    "RawText": "상품의 품질은 좋은데 건조 기능을 약하게 하면 좋은 너무 쎄요  기사님 불친절함.  뭘 물어봐도 다 알아서 하라는 건지. 기본은 합시다.",
    "Source": "SNS",
    "Domain": "가전",
    "MainCategory": "생활/미용/욕실가전",
    "ProductName": "(TV_3만원할인) 노비타 비데 BD-SH600+사은품",
    "ReviewScore": "60",
    "Syllable": "76",
    "Word": "20",
    "RDate": "20191022",
    "Aspects": [
      {
        "Aspect": "품질",
        "SentimentText": "상품의 품질은 좋은데",
        "SentimentWord": "3",
        "SentimentPolarity": "1"
      },
      {
        "Aspect": "기능",
        "SentimentText": "건조 기능을 약하게 하면 좋은 너무 쎄요",
        "SentimentWord": "7",
        "SentimentPolarity": "-1"
      }
    ]
  },
  {
    "Index": "5040",
    "RawText": "디자인이 생각보다 깔끔하고 좋네요~ 무선콘트롤 리모콘도 별도로있어 청소하기가 무척 좋습니다 너무 좋아서 한대더 주문했습니다",
    "Source": "SNS",
    "Domain": "가전",
    "MainCategory": "생활/미용/욕실가전",
    "ProductName": "(TV_3만원할인) 노비타 비데 BD-SH600+사은품",
    "ReviewScore": "100",
    "Syllable": "68",
    "Word": "14",
    "RDate": "20191026",
    "GeneralPolarity": "1",
    "Aspects": [
      {
        "Aspect": "디자인",
        "SentimentText": "디자인이 생각보다 깔끔하고 좋네요~",
        "SentimentWord": "4",
        "SentimentPolarity": "1"
      },
      {
        "Aspect": "제품구성",
        "SentimentText": "무선콘트롤 리모콘도 별도로있어 청소하기가 무척 좋습니다",
        "SentimentWord": "6",
        "SentimentPolarity": "1"
      }
    ]
  },
  {
    "Index": "5041",
    "RawText": "설치 기사님 친절하시고  자동 시트 절전 기능이 없어서 아쉽네요 벽걸이 리모콘 넘 좋아요~",
    "Source": "SNS",
    "Domain": "가전",
    "MainCategory": "생활/미용/욕실가전",
    "ProductName": "(TV_3만원할인) 노비타 비데 BD-SH600+사은품",
    "ReviewScore": "100",
    "Syllable": "50",
    "Word": "13",
    "RDate": "20210114",
    "Aspects": [
      {
        "Aspect": "기능",
        "SentimentText": "자동 시트 절전 기능이 없어서 아쉽네요",
        "SentimentWord": "6",
        "SentimentPolarity": "-1"
      },
      {
        "Aspect": "제품구성",
        "SentimentText": "벽걸이 리모콘 넘 좋아요~",
        "SentimentWord": "4",
        "SentimentPolarity": "1"
      }
    ]
  },
  {
    "Index": "5042",
    "RawText": "설치가 별로네요. 선이 길어서  정리 하기가 불편하네요  제품은 저렴하니 좋네요. ",
    "Source": "SNS",
    "Domain": "가전",
    "MainCategory": "생활/미용/욕실가전",
    "ProductName": "(TV_3만원할인) 노비타 비데 BD-SH600+사은품",
    "ReviewScore": "20",
    "Syllable": "46",
    "Word": "10",
    "RDate": "20201202",
    "Aspects": [
      {
        "Aspect": "편의성",
        "SentimentText": "선이 길어서  정리 하기가 불편하네요 ",
        "SentimentWord": "5",
        "SentimentPolarity": "-1"
      },
      {
        "Aspect": "가격",
        "SentimentText": "제품은 저렴하니 좋네요.",
        "SentimentWord": "3",
        "SentimentPolarity": "1"
      }
    ]
  },
  {
    "Index": "5043",
    "RawText": "설치기사님도 친절! 제품의 품질도 만족 가격도 만족! 잘 쓰고 있습니다.",
    "Source": "SNS",
    "Domain": "가전",
    "MainCategory": "생활/미용/욕실가전",
    "ProductName": "(TV_3만원할인) 노비타 비데 BD-SH600+사은품",
    "ReviewScore": "100",
    "Syllable": "40",
    "Word": "10",
    "RDate": "20190723",
    "Aspects": [
      {
        "Aspect": "품질",
        "SentimentText": "제품의 품질도 만족",
        "SentimentWord": "3",
        "SentimentPolarity": "1"
      },
      {
        "Aspect": "가격",
        "SentimentText": "가격도 만족!",
        "SentimentWord": "2",
        "SentimentPolarity": "1"
      }
    ]
  },
  {
    "Index": "5044",
    "RawText": "설치기사님이 친절하게 설치 잘 해주셧구요  인제공학적 라운드 디자인이라 앉기 좋아요 비데 기능도 죠아용~~",
    "Source": "SNS",
    "Domain": "가전",
    "MainCategory": "생활/미용/욕실가전",
    "ProductName": "(TV_3만원할인) 노비타 비데 BD-SH600+사은품",
    "ReviewScore": "100",
    "Syllable": "59",
    "Word": "13",
    "RDate": "20190716",
    "Aspects": [
      {
        "Aspect": "디자인",
        "SentimentText": "인제공학적 라운드 디자인이라 앉기 좋아요",
        "SentimentWord": "5",
        "SentimentPolarity": "1"
      },
      {
        "Aspect": "기능",
        "SentimentText": "비데 기능도 죠아용~~",
        "SentimentWord": "3",
        "SentimentPolarity": "1"
      }
    ]
  },
  {
    "Index": "5045",
    "RawText": "설치기사분이 오셔서 설지하시고 상세히 설명해주셔서 잘사용하고있습니다.. 브랜드 모르는 사람 있을까요? 우리집에 화장실마다 설치했답니다 무선이라 상당히 편하네요~~^^",
    "Source": "SNS",
    "Domain": "가전",
    "MainCategory": "생활/미용/욕실가전",
    "ProductName": "(TV_3만원할인) 노비타 비데 BD-SH600+사은품",
    "ReviewScore": "100",
    "Syllable": "92",
    "Word": "16",
    "RDate": "20210321",
    "Aspects": [
      {
        "Aspect": "제조일/제조사",
        "SentimentText": "브랜드 모르는 사람 있을까요? 우리집에 화장실마다 설치했답니다",
        "SentimentWord": "7",
        "SentimentPolarity": "1"
      },
      {
        "Aspect": "편의성",
        "SentimentText": "무선이라 상당히 편하네요~~^^",
        "SentimentWord": "3",
        "SentimentPolarity": "1"
      }
    ]
  },
  {
    "Index": "5046",
    "RawText": "설치도 친절히 확실하게 해주시고 좋아요  소음도 별로 없고 조용히 사용할 수 있네요 벽부착식 리모컨인게 젤 맘에 드는 부분 ",
    "Source": "SNS",
    "Domain": "가전",
    "MainCategory": "생활/미용/욕실가전",
    "ProductName": "(TV_3만원할인) 노비타 비데 BD-SH600+사은품",
    "ReviewScore": "100",
    "Syllable": "69",
    "Word": "18",
    "RDate": "20191015",
    "Aspects": [
      {
        "Aspect": "소음",
        "SentimentText": "소음도 별로 없고 조용히 사용할 수 있네요",
        "SentimentWord": "7",
        "SentimentPolarity": "1"
      },
      {
        "Aspect": "제품구성",
        "SentimentText": "벽부착식 리모컨인게 젤 맘에 드는 부분",
        "SentimentWord": "6",
        "SentimentPolarity": "1"
      }
    ]
  },
  {
    "Index": "5047",
    "RawText": "설치한지 좀 됐네요. 기사님 친절하셨고. 품질은 전모델보다 떨어지네요 키즈 기능도 있어서 온가족이 사용할 수 있어요",
    "Source": "SNS",
    "Domain": "가전",
    "MainCategory": "생활/미용/욕실가전",
    "ProductName": "(TV_3만원할인) 노비타 비데 BD-SH600+사은품",
    "ReviewScore": "100",
    "Syllable": "64",
    "Word": "15",
    "RDate": "20191004",
    "Aspects": [
      {
        "Aspect": "기능",
        "SentimentText": "키즈 기능도 있어서 온가족이 사용할 수 있어요",
        "SentimentWord": "7",
        "SentimentPolarity": "1"
      },
      {
        "Aspect": "품질",
        "SentimentText": "품질은 전모델보다 떨어지네요",
        "SentimentWord": "3",
        "SentimentPolarity": "-1"
      }
    ]
  },
  {
    "Index": "5048",
    "RawText": "어째 엉덩이도 따뜻하지 않고  설치한지 한달만에 노즐문제가 발생했어요 이러면 품질 알만하지 않을까요? 업체 번호도 안알려주시고 정말 화가 납니다. 물건만 팔면 땡인가여? 마무리도 제대로 못해주시는데~ as요청에 답도없는 OO쇼핑 정말 실망입니다.",
    "Source": "SNS",
    "Domain": "가전",
    "MainCategory": "생활/미용/욕실가전",
    "ProductName": "(TV_3만원할인) 노비타 비데 BD-SH600+사은품",
    "ReviewScore": "20",
    "Syllable": "137",
    "Word": "29",
    "RDate": "20210126",
    "Aspects": [
      {
        "Aspect": "품질",
        "SentimentText": "설치한지 한달만에 노즐문제가 발생했어요 이러면 품질 알만하지 않을까요?",
        "SentimentWord": "8",
        "SentimentPolarity": "-1"
      },
      {
        "Aspect": "기능",
        "SentimentText": "어째 엉덩이도 따뜻하지 않고 ",
        "SentimentWord": "4",
        "SentimentPolarity": "-1"
      }
    ]
  },
  {
    "Index": "5049",
    "RawText": "제품 설치해서 편리하게  잘 사용하고 있어요~~ 성능이 좋아서 잘 사용하고 있어요~~아들이 너무 좋아하네요~",
    "Source": "SNS",
    "Domain": "가전",
    "MainCategory": "생활/미용/욕실가전",
    "ProductName": "(TV_3만원할인) 노비타 비데 BD-SH600+사은품",
    "ReviewScore": "100",
    "Syllable": "60",
    "Word": "13",
    "RDate": "20191014",
    "GeneralPolarity": "1",
    "Aspects": [
      {
        "Aspect": "편의성",
        "SentimentText": "제품 설치해서 편리하게 잘 사용하고 있어요~~",
        "SentimentWord": "6",
        "SentimentPolarity": "1"
      },
      {
        "Aspect": "기능",
        "SentimentText": "성능이 좋아서 잘 사용하고 있어요~~ 아들이 너무 좋아하네요~",
        "SentimentWord": "8",
        "SentimentPolarity": "1"
      }
    ]
  },
  {
    "Index": "5050",
    "RawText": "십개월 무이자로 잘 구매 하고 물건 받고 사용하는데 고장인지 무선이 작동이 안된다고 접수하엿더니 물건을 아예 교체 해주셧답니다~ 가격 저렴한 것은 이유가 있군요",
    "Source": "SNS",
    "Domain": "가전",
    "MainCategory": "생활/미용/욕실가전",
    "ProductName": "(TV_3만원할인) 노비타 비데 BD-SH600+사은품",
    "ReviewScore": "100",
    "Syllable": "89",
    "Word": "22",
    "RDate": "20201009",
    "Aspects": [
      {
        "Aspect": "품질",
        "SentimentText": " 물건 받고 사용하는데 고장인지 무선이 작동이 안된다고",
        "SentimentWord": "7",
        "SentimentPolarity": "-1"
      },
      {
        "Aspect": "가격",
        "SentimentText": "가격 저렴한 것은 이유가 있군요",
        "SentimentWord": "5",
        "SentimentPolarity": "-1"
      }
    ]
  },
  {
    "Index": "5051",
    "RawText": "써보면 알아요. 품질 추천. 가성비는 잘 모르겠고. ",
    "Source": "SNS",
    "Domain": "가전",
    "MainCategory": "생활/미용/욕실가전",
    "ProductName": "(TV_3만원할인) 노비타 비데 BD-SH600+사은품",
    "ReviewScore": "100",
    "Syllable": "29",
    "Word": "7",
    "RDate": "20191031",
    "GeneralPolarity": "0",
    "Aspects": [
      {
        "Aspect": "품질",
        "SentimentText": "품질 추천",
        "SentimentWord": "2",
        "SentimentPolarity": "1"
      },
      {
        "Aspect": "가격",
        "SentimentText": "가성비는 잘 모르겠고",
        "SentimentWord": "3",
        "SentimentPolarity": "-1"
      }
    ]
  },
  {
    "Index": "5052",
    "RawText": "앞 뒤 노즐 위치 못 움직여요. 물 굵기가 가늘어서 시원한 맛은 없네요. 가격은 저렴하지만. 기본적인 기능이 빠져서 아쉽네요",
    "Source": "SNS",
    "Domain": "가전",
    "MainCategory": "생활/미용/욕실가전",
    "ProductName": "(TV_3만원할인) 노비타 비데 BD-SH600+사은품",
    "ReviewScore": "60",
    "Syllable": "69",
    "Word": "18",
    "RDate": "20191020",
    "GeneralPolarity": "0",
    "Aspects": [
      {
        "Aspect": "기능",
        "SentimentText": "앞 뒤 노즐 위치 못 움직여요",
        "SentimentWord": "6",
        "SentimentPolarity": "-1"
      },
      {
        "Aspect": "기능",
        "SentimentText": "물 굵기가 가늘어서 시원한 맛은 없네요",
        "SentimentWord": "6",
        "SentimentPolarity": "0"
      },
      {
        "Aspect": "가격",
        "SentimentText": "가격은 저렴하지만",
        "SentimentWord": "2",
        "SentimentPolarity": "1"
      },
      {
        "Aspect": "기능",
        "SentimentText": "기본적인 기능이 빠져서 아쉽네요",
        "SentimentWord": "4",
        "SentimentPolarity": "0"
      }
    ]
  },
  {
    "Index": "5053",
    "RawText": "언니한테 선물했어요. 우리 집에서 사용해보니 좋아서요. 디자인도 깔끔하고 위생적리며 미관상도 좋습니다. 강추요.",
    "Source": "SNS",
    "Domain": "가전",
    "MainCategory": "생활/미용/욕실가전",
    "ProductName": "(TV_3만원할인) 노비타 비데 BD-SH600+사은품",
    "ReviewScore": "100",
    "Syllable": "62",
    "Word": "12",
    "RDate": "20211103",
    "GeneralPolarity": "1",
    "Aspects": [
      {
        "Aspect": "편의성",
        "SentimentText": "언니한테 선물했어요. 우리 집에서 사용해보니 좋아서요. ",
        "SentimentWord": "6",
        "SentimentPolarity": "1"
      },
      {
        "Aspect": "디자인",
        "SentimentText": "디자인도 깔끔하고 위생적리며 미관상도 좋습니다. ",
        "SentimentWord": "5",
        "SentimentPolarity": "1"
      }
    ]
  },
  {
    "Index": "5054",
    "RawText": "엉덩이 부분이 좀 좁아요! 리모컨 형태를 굿! 단 무브 조절이 안되고 항상 무브임",
    "Source": "SNS",
    "Domain": "가전",
    "MainCategory": "생활/미용/욕실가전",
    "ProductName": "(TV_3만원할인) 노비타 비데 BD-SH600+사은품",
    "ReviewScore": "40",
    "Syllable": "45",
    "Word": "13",
    "RDate": "20191020",
    "GeneralPolarity": "0",
    "Aspects": [
      {
        "Aspect": "사이즈",
        "SentimentText": "엉덩이 부분이 좀 좁아요!",
        "SentimentWord": "4",
        "SentimentPolarity": "-1"
      },
      {
        "Aspect": "편의성",
        "SentimentText": "리모컨 형태를 굿!",
        "SentimentWord": "3",
        "SentimentPolarity": "1"
      },
      {
        "Aspect": "조작성",
        "SentimentText": "단 무브 조절이 안되고 항상 무브임",
        "SentimentWord": "6",
        "SentimentPolarity": "0"
      }
    ]
  },
  {
    "Index": "5055",
    "RawText": "디자인 외관도 깔끔하고 기사분 설치도 빠르게 진행되어 만족합니다! 스테인레스 소재도 마음을 끕니다~",
    "Source": "SNS",
    "Domain": "가전",
    "MainCategory": "생활/미용/욕실가전",
    "ProductName": "(TV_3만원할인) 노비타 비데 BD-SH600+사은품",
    "ReviewScore": "100",
    "Syllable": "55",
    "Word": "12",
    "RDate": "20210815",
    "Aspects": [
      {
        "Aspect": "디자인",
        "SentimentText": "디자인 외관도 깔끔하고",
        "SentimentWord": "3",
        "SentimentPolarity": "1"
      },
      {
        "Aspect": "소재",
        "SentimentText": "스테인레스 소재도 마음을 끕니다~",
        "SentimentWord": "4",
        "SentimentPolarity": "1"
      }
    ]
  },
  {
    "Index": "5056",
    "RawText": "이전부터 계속 쓰던건데 또 주문했습니다 기능이나 뭐 다른건 다 좋은데  노즐이 왔다 갔다하면서 들리는 소리가 거슬리네요",
    "Source": "SNS",
    "Domain": "가전",
    "MainCategory": "생활/미용/욕실가전",
    "ProductName": "(TV_3만원할인) 노비타 비데 BD-SH600+사은품",
    "ReviewScore": "80",
    "Syllable": "66",
    "Word": "16",
    "RDate": "20210430",
    "Aspects": [
      {
        "Aspect": "기능",
        "SentimentText": "기능이나 뭐 다른건 다 좋은데",
        "SentimentWord": "5",
        "SentimentPolarity": "1"
      },
      {
        "Aspect": "소음",
        "SentimentText": "노즐이 왔다 갔다하면서 들리는 소리가 거슬리네요",
        "SentimentWord": "6",
        "SentimentPolarity": "-1"
      }
    ]
  },
  {
    "Index": "5057",
    "RawText": "잘쓰고 있어요  버튼이 분리  형이라 더 좋은것  같아요 깔끔한 외형 맘에 듭니다. ",
    "Source": "SNS",
    "Domain": "가전",
    "MainCategory": "생활/미용/욕실가전",
    "ProductName": "(TV_3만원할인) 노비타 비데 BD-SH600+사은품",
    "ReviewScore": "100",
    "Syllable": "47",
    "Word": "12",
    "RDate": "20210321",
    "GeneralPolarity": "1",
    "Aspects": [
      {
        "Aspect": "편의성",
        "SentimentText": "버튼이 분리  형이라 더 좋은것  같아요",
        "SentimentWord": "6",
        "SentimentPolarity": "1"
      },
      {
        "Aspect": "디자인",
        "SentimentText": "깔끔한 외형 맘에 듭니다",
        "SentimentWord": "4",
        "SentimentPolarity": "1"
      }
    ]
  },
  {
    "Index": "5058",
    "RawText": "가끔 센스가 안맞아서 다시 시작하곤하지만 잘쓰고있어요 깔끔하고 작동잘돼요",
    "Source": "SNS",
    "Domain": "가전",
    "MainCategory": "생활/미용/욕실가전",
    "ProductName": "(TV_3만원할인) 노비타 비데 BD-SH600+사은품",
    "ReviewScore": "100",
    "Syllable": "40",
    "Word": "8",
    "RDate": "20210808",
    "GeneralPolarity": "1",
    "Aspects": [
      {
        "Aspect": "기능",
        "SentimentText": "가끔 센스가 안맞아서 다시 시작하곤하지만 잘쓰고있어요",
        "SentimentWord": "6",
        "SentimentPolarity": "0"
      },
      {
        "Aspect": "조작성",
        "SentimentText": "깔끔하고 작동잘돼요",
        "SentimentWord": "2",
        "SentimentPolarity": "1"
      }
    ]
  },
  {
    "Index": "5059",
    "RawText": "제품의 전원 연결을 위한 짧은 전선이 불만족하며 조작 버튼에 전원이 들어오지 않고 고장인가요? 저렴이 같은 디자인이 아쉬움",
    "Source": "SNS",
    "Domain": "가전",
    "MainCategory": "생활/미용/욕실가전",
    "ProductName": "(TV_3만원할인) 노비타 비데 BD-SH600+사은품",
    "ReviewScore": "60",
    "Syllable": "68",
    "Word": "17",
    "RDate": "20200825",
    "GeneralPolarity": "-1",
    "Aspects": [
      {
        "Aspect": "제품구성",
        "SentimentText": "제품의 전원 연결을 위한 짧은 전선이 불만족하며",
        "SentimentWord": "7",
        "SentimentPolarity": "-1"
      },
      {
        "Aspect": "품질",
        "SentimentText": "조작 버튼에 전원이 들어오지 않고 고장인가요?",
        "SentimentWord": "6",
        "SentimentPolarity": "-1"
      },
      {
        "Aspect": "디자인",
        "SentimentText": "저렴이 같은 디자인이 아쉬움",
        "SentimentWord": "4",
        "SentimentPolarity": "-1"
      }
    ]
  },
  {
    "Index": "5060",
    "RawText": "조금 늦게 배송되었지만  기사님이 친잘하게  살치하시고  잘해주셔서  검사합니다   노즐 조절이 조금 어렵습니다~ 디자인이 심플하고 좋아요",
    "Source": "SNS",
    "Domain": "가전",
    "MainCategory": "생활/미용/욕실가전",
    "ProductName": "(TV_3만원할인) 노비타 비데 BD-SH600+사은품",
    "ReviewScore": "100",
    "Syllable": "77",
    "Word": "15",
    "RDate": "20191017",
    "Aspects": [
      {
        "Aspect": "조작성",
        "SentimentText": "노즐 조절이 조금 어렵습니다~",
        "SentimentWord": "4",
        "SentimentPolarity": "0"
      },
      {
        "Aspect": "디자인",
        "SentimentText": "디자인이 심플하고 좋아요",
        "SentimentWord": "3",
        "SentimentPolarity": "1"
      }
    ]
  },
  {
    "Index": "5061",
    "RawText": "성능 좋아요  가겨도 좋아요  설치 기사분도 좋아요",
    "Source": "SNS",
    "Domain": "가전",
    "MainCategory": "생활/미용/욕실가전",
    "ProductName": "(TV_3만원할인) 노비타 비데 BD-SH600+사은품",
    "ReviewScore": "100",
    "Syllable": "28",
    "Word": "7",
    "RDate": "20191114",
    "Aspects": [
      {
        "Aspect": "기능",
        "SentimentText": "성능 좋아요 ",
        "SentimentWord": "2",
        "SentimentPolarity": "1"
      },
      {
        "Aspect": "가격",
        "SentimentText": "가겨도 좋아요 ",
        "SentimentWord": "2",
        "SentimentPolarity": "1"
      }
    ]
  },
  {
    "Index": "5062",
    "RawText": "처음 구입해서 사용하는거라 ㅋㅋ 비데가 있어 너무 편하고 좋아요  무료체험 기간이 있다보니 더 편하게 구입한것 같아 만족해요 아니면 망설이고 할 텐데.. 여하튼 이상없이 잘 사용하고 있습니다 오래동안 사용할수 있으면 좋겠어요",
    "Source": "SNS",
    "Domain": "가전",
    "MainCategory": "생활/미용/욕실가전",
    "ProductName": "(TV_3만원할인) 노비타 비데 BD-SH600+사은품",
    "ReviewScore": "100",
    "Syllable": "125",
    "Word": "30",
    "RDate": "20191113",
    "Aspects": [
      {
        "Aspect": "편의성",
        "SentimentText": "비데가 있어 너무 편하고 좋아요 ",
        "SentimentWord": "5",
        "SentimentPolarity": "1"
      },
      {
        "Aspect": "품질",
        "SentimentText": "여하튼 이상없이 잘 사용하고 있습니다 ",
        "SentimentWord": "5",
        "SentimentPolarity": "1"
      }
    ]
  },
  {
    "Index": "5063",
    "RawText": "쿠폰사용해서 저렴하게 샀어요. 시댁 화장실에 설치해드렸는데 사용하기 편하시다고 엄청 좋아하시네요.",
    "Source": "SNS",
    "Domain": "가전",
    "MainCategory": "생활/미용/욕실가전",
    "ProductName": "(TV_3만원할인) 노비타 비데 BD-SH600+사은품",
    "ReviewScore": "100",
    "Syllable": "54",
    "Word": "10",
    "RDate": "20191228",
    "GeneralPolarity": "1",
    "Aspects": [
      {
        "Aspect": "가격",
        "SentimentText": "쿠폰사용해서 저렴하게 샀어요",
        "SentimentWord": "3",
        "SentimentPolarity": "1"
      },
      {
        "Aspect": "편의성",
        "SentimentText": "설치해드렸는데 사용하기 편하시다고 엄청 좋아하시네요.",
        "SentimentWord": "5",
        "SentimentPolarity": "1"
      }
    ]
  },
  {
    "Index": "5064",
    "RawText": "항상 옳다는 생각이네요.물이 센서에 묻지않아 좋고 사용하기  간단하니 좋아요",
    "Source": "SNS",
    "Domain": "가전",
    "MainCategory": "생활/미용/욕실가전",
    "ProductName": "(TV_3만원할인) 노비타 비데 BD-SH600+사은품",
    "ReviewScore": "100",
    "Syllable": "42",
    "Word": "9",
    "RDate": "20191223",
    "GeneralPolarity": "1",
    "Aspects": [
      {
        "Aspect": "기능",
        "SentimentText": "물이 센서에 묻지않아 좋고",
        "SentimentWord": "4",
        "SentimentPolarity": "1"
      },
      {
        "Aspect": "편의성",
        "SentimentText": "사용하기 간단하니 좋아요",
        "SentimentWord": "3",
        "SentimentPolarity": "1"
      }
    ]
  },
  {
    "Index": "5065",
    "RawText": "화장실 공간이 적어 비데설치가 안됐는데 무선이라 설치도 가능하고 청소하기도 편리해서 좋네요.",
    "Source": "SNS",
    "Domain": "가전",
    "MainCategory": "생활/미용/욕실가전",
    "ProductName": "(TV_3만원할인) 노비타 비데 BD-SH600+사은품",
    "ReviewScore": "100",
    "Syllable": "51",
    "Word": "11",
    "RDate": "20211118",
    "GeneralPolarity": "1",
    "Aspects": [
      {
        "Aspect": "조작성",
        "SentimentText": "무선이라 설치도 가능하고",
        "SentimentWord": "3",
        "SentimentPolarity": "1"
      },
      {
        "Aspect": "편의성",
        "SentimentText": "청소하기도 편리해서 좋네요.",
        "SentimentWord": "3",
        "SentimentPolarity": "1"
      }
    ]
  },
  {
    "Index": "5066",
    "RawText": "화장실이 인테리어에도 좋네요~ 좋은 가격에 만족스러운 비데입니다",
    "Source": "SNS",
    "Domain": "가전",
    "MainCategory": "생활/미용/욕실가전",
    "ProductName": "(TV_3만원할인) 노비타 비데 BD-SH600+사은품",
    "ReviewScore": "100",
    "Syllable": "35",
    "Word": "7",
    "RDate": "20190704",
    "GeneralPolarity": "1",
    "Aspects": [
      {
        "Aspect": "디자인",
        "SentimentText": "화장실이 인테리어에도 좋네요~",
        "SentimentWord": "3",
        "SentimentPolarity": "1"
      },
      {
        "Aspect": "가격",
        "SentimentText": "좋은 가격에 만족스러운 비데입니다",
        "SentimentWord": "4",
        "SentimentPolarity": "1"
      }
    ]
  },
  {
    "Index": "5067",
    "RawText": "3년 쓴 ㅇㅇㅜ비데ㅜ버리고ㅜ다시 삿네요 리모컨 형이라 좋네요 청소하기도 쉽고 좋아요",
    "Source": "SNS",
    "Domain": "가전",
    "MainCategory": "생활/미용/욕실가전",
    "ProductName": "(TV_3만원할인_단품) 노비타 리모컨형 비데 / 뉴 콤팩트 플러스 (BD-SH630)",
    "ReviewScore": "100",
    "Syllable": "46",
    "Word": "10",
    "RDate": "20220224",
    "GeneralPolarity": "1",
    "Aspects": [
      {
        "Aspect": "편의성",
        "SentimentText": " 리모컨 형이라 좋네요",
        "SentimentWord": "3",
        "SentimentPolarity": "1"
      },
      {
        "Aspect": "편의성",
        "SentimentText": "청소하기도 쉽고 좋아요",
        "SentimentWord": "3",
        "SentimentPolarity": "1"
      }
    ]
  },
  {
    "Index": "5068",
    "RawText": "가격대비  기능이 좋고  사용하기편리하고 리모컨이라    더욱  좋아요 언니한태   권면했어요",
    "Source": "SNS",
    "Domain": "가전",
    "MainCategory": "생활/미용/욕실가전",
    "ProductName": "(TV_3만원할인_단품) 노비타 리모컨형 비데 / 뉴 콤팩트 플러스 (BD-SH630)",
    "ReviewScore": "100",
    "Syllable": "52",
    "Word": "9",
    "RDate": "20220215",
    "GeneralPolarity": "1",
    "Aspects": [
      {
        "Aspect": "기능",
        "SentimentText": "가격대비 기능이 좋고",
        "SentimentWord": "3",
        "SentimentPolarity": "1"
      },
      {
        "Aspect": "편의성",
        "SentimentText": "사용하기편리하고 리모컨이라 더욱 좋아요",
        "SentimentWord": "4",
        "SentimentPolarity": "1"
      }
    ]
  },
  {
    "Index": "5069",
    "RawText": "가격대비 가격이 괜찮네요 부드럽게 닫는 소프트 덮개기능이 마음에 들어요 설치기사님의 친절한 설명과 설치 대만족 잘쓰겠습니다 ",
    "Source": "SNS",
    "Domain": "가전",
    "MainCategory": "생활/미용/욕실가전",
    "ProductName": "(TV_3만원할인_단품) 노비타 리모컨형 비데 / 뉴 콤팩트 플러스 (BD-SH630)",
    "ReviewScore": "100",
    "Syllable": "69",
    "Word": "15",
    "RDate": "20210825",
    "Aspects": [
      {
        "Aspect": "가격",
        "SentimentText": "가격대비 가격이 괜찮네요",
        "SentimentWord": "3",
        "SentimentPolarity": "1"
      },
      {
        "Aspect": "기능",
        "SentimentText": "부드럽게 닫는 소프트 덮개기능이 마음에 들어요",
        "SentimentWord": "6",
        "SentimentPolarity": "1"
      }
    ]
  },
  {
    "Index": "5070",
    "RawText": "가격도 합리적이고 깔끔합니다.^^  기사님도 친절하게 설치 잘해주셨어요.",
    "Source": "SNS",
    "Domain": "가전",
    "MainCategory": "생활/미용/욕실가전",
    "ProductName": "(TV_3만원할인_단품) 노비타 리모컨형 비데 / 뉴 콤팩트 플러스 (BD-SH630)",
    "ReviewScore": "80",
    "Syllable": "40",
    "Word": "7",
    "RDate": "20211113",
    "Aspects": [
      {
        "Aspect": "가격",
        "SentimentText": "가격도 합리적이고 깔끔합니다.^^",
        "SentimentWord": "3",
        "SentimentPolarity": "1"
      },
      {
        "Aspect": "디자인",
        "SentimentText": "깔끔합니다.^^",
        "SentimentWord": "1",
        "SentimentPolarity": "1"
      }
    ]
  },
  {
    "Index": "5071",
    "RawText": "가격면에서도 좋아요.리모콘사용으로 훨씬 깔끔합니다.언제나 OOO 최고!!",
    "Source": "SNS",
    "Domain": "가전",
    "MainCategory": "생활/미용/욕실가전",
    "ProductName": "(TV_3만원할인_단품) 노비타 리모컨형 비데 / 뉴 콤팩트 플러스 (BD-SH630)",
    "ReviewScore": "100",
    "Syllable": "40",
    "Word": "6",
    "RDate": "20211009",
    "GeneralPolarity": "1",
    "Aspects": [
      {
        "Aspect": "가격",
        "SentimentText": "가격면에서도 좋아요.",
        "SentimentWord": "2",
        "SentimentPolarity": "1"
      },
      {
        "Aspect": "제품구성",
        "SentimentText": "리모콘사용으로 훨씬 깔끔합니다",
        "SentimentWord": "3",
        "SentimentPolarity": "1"
      },
      {
        "Aspect": "제조일/제조사",
        "SentimentText": "언제나 OOO 최고!!",
        "SentimentWord": "3",
        "SentimentPolarity": "1"
      }
    ]
  },
  {
    "Index": "5072",
    "RawText": "리모콘 버튼이 잘 안 눌리고 소재도 저렴한 플라스틱 느낌이라 아쉬워요.",
    "Source": "SNS",
    "Domain": "가전",
    "MainCategory": "생활/미용/욕실가전",
    "ProductName": "(TV_3만원할인_단품) 노비타 리모컨형 비데 / 뉴 콤팩트 플러스 (BD-SH630)",
    "ReviewScore": "80",
    "Syllable": "39",
    "Word": "10",
    "RDate": "20211126",
    "GeneralPolarity": "-1",
    "Aspects": [
      {
        "Aspect": "조작성",
        "SentimentText": "리모콘 버튼이 잘 안 눌리고",
        "SentimentWord": "5",
        "SentimentPolarity": "-1"
      },
      {
        "Aspect": "소재",
        "SentimentText": "소재도 저렴한 플라스틱 느낌이라 아쉬워요",
        "SentimentWord": "5",
        "SentimentPolarity": "-1"
      }
    ]
  },
  {
    "Index": "5073",
    "RawText": "기사님이 와서 설치해주셔서 좋았고 감사합니다 사용자 감지 센서가 오작동되지 않아 편리하네요 사용해보니  리모컨인식이 늦어지는것 같아 신경쓰이네요",
    "Source": "SNS",
    "Domain": "가전",
    "MainCategory": "생활/미용/욕실가전",
    "ProductName": "(TV_3만원할인_단품) 노비타 리모컨형 비데 / 뉴 콤팩트 플러스 (BD-SH630)",
    "ReviewScore": "80",
    "Syllable": "80",
    "Word": "16",
    "RDate": "20210815",
    "Aspects": [
      {
        "Aspect": "품질",
        "SentimentText": "사용자 감지 센서가 오작동되지 않아 편리하네요",
        "SentimentWord": "6",
        "SentimentPolarity": "1"
      },
      {
        "Aspect": "기능",
        "SentimentText": "사용해보니  리모컨인식이 늦어지는것 같아 신경쓰이네요",
        "SentimentWord": "5",
        "SentimentPolarity": "0"
      }
    ]
  },
  {
    "Index": "5074",
    "RawText": "기사님이 친절하고 잘 설치 해주셔서  노즐 움직이는 소리가 계속 있어서 거슬려요 그러나 기능 좋은 비데 잘 쓰고 있습니다",
    "Source": "SNS",
    "Domain": "가전",
    "MainCategory": "생활/미용/욕실가전",
    "ProductName": "(TV_3만원할인_단품) 노비타 리모컨형 비데 / 뉴 콤팩트 플러스 (BD-SH630)",
    "ReviewScore": "100",
    "Syllable": "67",
    "Word": "18",
    "RDate": "20210828",
    "Aspects": [
      {
        "Aspect": "소음",
        "SentimentText": "노즐 움직이는 소리가 계속 있어서 거슬려요",
        "SentimentWord": "6",
        "SentimentPolarity": "-1"
      },
      {
        "Aspect": "기능",
        "SentimentText": "기능 좋은 비데 잘 쓰고 있습니다",
        "SentimentWord": "6",
        "SentimentPolarity": "1"
      }
    ]
  },
  {
    "Index": "5075",
    "RawText": "기존에 000를 오래 사용했었고  바꿀기간이 되었다가 방송을 보고 구매하게 되었습니다 업그레이드 되어 사용도 편리 합니다 다만 필터는 추가구매를 따로 해야 되는데 비용이 생각보다 비싸 별 한개는 뺐어요",
    "Source": "SNS",
    "Domain": "가전",
    "MainCategory": "생활/미용/욕실가전",
    "ProductName": "(TV_3만원할인_단품) 노비타 리모컨형 비데 / 뉴 콤팩트 플러스 (BD-SH630)",
    "ReviewScore": "80",
    "Syllable": "112",
    "Word": "27",
    "RDate": "20210907",
    "GeneralPolarity": "0",
    "Aspects": [
      {
        "Aspect": "기능",
        "SentimentText": "업그레이드 되어 사용도 편리 합니다",
        "SentimentWord": "5",
        "SentimentPolarity": "1"
      },
      {
        "Aspect": "가격",
        "SentimentText": "다만 필터는 추가구매를 따로 해야 되는데비용이 생각보다 비싸 별 한개는 뺐어요",
        "SentimentWord": "11",
        "SentimentPolarity": "0"
      }
    ]
  },
  {
    "Index": "5076",
    "RawText": "깔끔하게 잘 설치하여서 만족해요 편안하게 잘 사용하고 이써요.  리모컨형이라 조작하기 쉽네요",
    "Source": "SNS",
    "Domain": "가전",
    "MainCategory": "생활/미용/욕실가전",
    "ProductName": "(TV_3만원할인_단품) 노비타 리모컨형 비데 / 뉴 콤팩트 플러스 (BD-SH630)",
    "ReviewScore": "100",
    "Syllable": "51",
    "Word": "11",
    "RDate": "20220221",
    "Aspects": [
      {
        "Aspect": "편의성",
        "SentimentText": "만족해요 편안하게 잘 사용하고 이써요. ",
        "SentimentWord": "5",
        "SentimentPolarity": "1"
      },
      {
        "Aspect": "조작성",
        "SentimentText": "리모컨형이라 조작하기 쉽네요",
        "SentimentWord": "3",
        "SentimentPolarity": "1"
      }
    ]
  },
  {
    "Index": "5077",
    "RawText": "깔끔하고  안전하고 편하게 잘쓰고있읍니다  적립포인트도 많이 적용되니까  훨씬  싸게 구입한것 같네요",
    "Source": "SNS",
    "Domain": "가전",
    "MainCategory": "생활/미용/욕실가전",
    "ProductName": "(TV_3만원할인_단품) 노비타 리모컨형 비데 / 뉴 콤팩트 플러스 (BD-SH630)",
    "ReviewScore": "100",
    "Syllable": "56",
    "Word": "11",
    "RDate": "20211118",
    "GeneralPolarity": "1",
    "Aspects": [
      {
        "Aspect": "디자인",
        "SentimentText": "깔끔하고  안전하고 편하게 잘쓰고있읍니다",
        "SentimentWord": "4",
        "SentimentPolarity": "1"
      },
      {
        "Aspect": "편의성",
        "SentimentText": "안전하고 편하게 잘쓰고있읍니다",
        "SentimentWord": "3",
        "SentimentPolarity": "1"
      },
      {
        "Aspect": "가격",
        "SentimentText": "적립포인트도 많이 적용되니까  훨씬  싸게 구입한것 같네요",
        "SentimentWord": "7",
        "SentimentPolarity": "1"
      }
    ]
  },
  {
    "Index": "5078",
    "RawText": "디자인이 깔끔하고 사용하기 편하고  좋아요. 제품 성능 굿 청소하기 편하고 좋아요",
    "Source": "SNS",
    "Domain": "가전",
    "MainCategory": "생활/미용/욕실가전",
    "ProductName": "(TV_3만원할인_단품) 노비타 리모컨형 비데 / 뉴 콤팩트 플러스 (BD-SH630)",
    "ReviewScore": "100",
    "Syllable": "45",
    "Word": "11",
    "RDate": "20220121",
    "GeneralPolarity": "1",
    "Aspects": [
      {
        "Aspect": "디자인",
        "SentimentText": "디자인이 깔끔하고 ",
        "SentimentWord": "2",
        "SentimentPolarity": "1"
      },
      {
        "Aspect": "편의성",
        "SentimentText": "사용하기 편하고  좋아요. ",
        "SentimentWord": "3",
        "SentimentPolarity": "1"
      },
      {
        "Aspect": "기능",
        "SentimentText": "제품 성능 굿 청소하기 편하고 좋아요",
        "SentimentWord": "6",
        "SentimentPolarity": "1"
      }
    ]
  },
  {
    "Index": "5079",
    "RawText": "깨끗하고 깔끔해요 벽에부착되어 사용하기가 더 편해졌어요",
    "Source": "SNS",
    "Domain": "가전",
    "MainCategory": "생활/미용/욕실가전",
    "ProductName": "(TV_3만원할인_단품) 노비타 리모컨형 비데 / 뉴 콤팩트 플러스 (BD-SH630)",
    "ReviewScore": "100",
    "Syllable": "30",
    "Word": "6",
    "RDate": "20210824",
    "GeneralPolarity": "1",
    "Aspects": [
      {
        "Aspect": "디자인",
        "SentimentText": "깨끗하고 깔끔해요",
        "SentimentWord": "2",
        "SentimentPolarity": "1"
      },
      {
        "Aspect": "편의성",
        "SentimentText": "벽에부착되어 사용하기가 더 편해졌어요",
        "SentimentWord": "4",
        "SentimentPolarity": "1"
      }
    ]
  },
  {
    "Index": "5080",
    "RawText": "너무 좋아요 배송도 빠르고요  겨울에 엉덩이 시리지 않고 잘 이용해요 착한가격에 잘 산듯해용",
    "Source": "SNS",
    "Domain": "가전",
    "MainCategory": "생활/미용/욕실가전",
    "ProductName": "(TV_3만원할인_단품) 노비타 리모컨형 비데 / 뉴 콤팩트 플러스 (BD-SH630)",
    "ReviewScore": "100",
    "Syllable": "51",
    "Word": "13",
    "RDate": "20211019",
    "Aspects": [
      {
        "Aspect": "기능",
        "SentimentText": "겨울에 엉덩이 시리지 않고 잘 이용해요",
        "SentimentWord": "6",
        "SentimentPolarity": "1"
      },
      {
        "Aspect": "가격",
        "SentimentText": "착한가격에 잘 산듯해용",
        "SentimentWord": "3",
        "SentimentPolarity": "1"
      }
    ]
  },
  {
    "Index": "5081",
    "RawText": "○○○ 말 필요없죠^^ 방수도 되고 무료설치까지 만족합니다",
    "Source": "SNS",
    "Domain": "가전",
    "MainCategory": "생활/미용/욕실가전",
    "ProductName": "(TV_3만원할인_단품) 노비타 리모컨형 비데 / 뉴 콤팩트 플러스 (BD-SH630)",
    "ReviewScore": "100",
    "Syllable": "32",
    "Word": "7",
    "RDate": "20210904",
    "Aspects": [
      {
        "Aspect": "제조일/제조사",
        "SentimentText": "○○○ 말 필요없죠^^",
        "SentimentWord": "3",
        "SentimentPolarity": "1"
      },
      {
        "Aspect": "기능",
        "SentimentText": "방수도 되고 무료설치까지 만족합니다",
        "SentimentWord": "4",
        "SentimentPolarity": "1"
      }
    ]
  },
  {
    "Index": "5082",
    "RawText": "ㅇㅇ비데 저렴하지만 상품좋아요 리모콘 부착형이라 편하고 무브로 물살이 나오니 더 좋네요",
    "Source": "SNS",
    "Domain": "가전",
    "MainCategory": "생활/미용/욕실가전",
    "ProductName": "(TV_3만원할인_단품) 노비타 리모컨형 비데 / 뉴 콤팩트 플러스 (BD-SH630)",
    "ReviewScore": "100",
    "Syllable": "48",
    "Word": "11",
    "RDate": "20220214",
    "GeneralPolarity": "1",
    "Aspects": [
      {
        "Aspect": "가격",
        "SentimentText": "ㅇㅇ비데 저렴하지만 상품좋아",
        "SentimentWord": "3",
        "SentimentPolarity": "1"
      },
      {
        "Aspect": "편의성",
        "SentimentText": "리모콘 부착형이라 편하고",
        "SentimentWord": "3",
        "SentimentPolarity": "1"
      },
      {
        "Aspect": "기능",
        "SentimentText": "무브로 물살이 나오니 더 좋네요",
        "SentimentWord": "5",
        "SentimentPolarity": "1"
      }
    ]
  },
  {
    "Index": "5083",
    "RawText": "디자인이 심플해서 완전 마음에 들고 센서가 부착형이기 때문에 물이 튀지 않아 깔끔해요.",
    "Source": "SNS",
    "Domain": "가전",
    "MainCategory": "생활/미용/욕실가전",
    "ProductName": "(TV_3만원할인_단품) 노비타 리모컨형 비데 / 뉴 콤팩트 플러스 (BD-SH630)",
    "ReviewScore": "100",
    "Syllable": "48",
    "Word": "12",
    "RDate": "20210907",
    "GeneralPolarity": "1",
    "Aspects": [
      {
        "Aspect": "디자인",
        "SentimentText": "디자인이 심플해서 완전 마음에 들고",
        "SentimentWord": "5",
        "SentimentPolarity": "1"
      },
      {
        "Aspect": "기능",
        "SentimentText": "센서가 부착형이기 때문에 물이 튀지 않아 깔끔해요",
        "SentimentWord": "7",
        "SentimentPolarity": "1"
      }
    ]
  },
  {
    "Index": "5084",
    "RawText": "드디어 구매했네요. 청소하기에도 간편하고 리모컨도 편리해서 좋아요",
    "Source": "SNS",
    "Domain": "가전",
    "MainCategory": "생활/미용/욕실가전",
    "ProductName": "(TV_3만원할인_단품) 노비타 리모컨형 비데 / 뉴 콤팩트 플러스 (BD-SH630)",
    "ReviewScore": "100",
    "Syllable": "36",
    "Word": "7",
    "RDate": "20211227",
    "GeneralPolarity": "1",
    "Aspects": [
      {
        "Aspect": "편의성",
        "SentimentText": "청소하기에도 간편하고",
        "SentimentWord": "2",
        "SentimentPolarity": "1"
      },
      {
        "Aspect": "제품구성",
        "SentimentText": "리모컨도 편리해서 좋아요",
        "SentimentWord": "3",
        "SentimentPolarity": "1"
      }
    ]
  },
  {
    "Index": "5085",
    "RawText": "매우 친절하게 설치 잘 해주셨고  리모컨 부착디자인이라 물로부터 안전합니다~ 기능도 마음에 들어요.",
    "Source": "SNS",
    "Domain": "가전",
    "MainCategory": "생활/미용/욕실가전",
    "ProductName": "(TV_3만원할인_단품) 노비타 리모컨형 비데 / 뉴 콤팩트 플러스 (BD-SH630)",
    "ReviewScore": "100",
    "Syllable": "55",
    "Word": "12",
    "RDate": "20220223",
    "Aspects": [
      {
        "Aspect": "디자인",
        "SentimentText": "리모컨 부착디자인이라 물로부터 안전합니다~",
        "SentimentWord": "4",
        "SentimentPolarity": "1"
      },
      {
        "Aspect": "기능",
        "SentimentText": "기능도 마음에 들어요",
        "SentimentWord": "3",
        "SentimentPolarity": "1"
      }
    ]
  },
  {
    "Index": "5086",
    "RawText": "무선형에. 가격도 알맞은가격여 잘삿다 했는데 이건 아니네요 변기 둘래서 너무 적어서 촘 힢라인큰사람은\u0027사용불가해요 본사에서\u0027는 이런문제를 어떡 게 생각ㅇ사는지 답좀듣고싶네요",
    "Source": "SNS",
    "Domain": "가전",
    "MainCategory": "생활/미용/욕실가전",
    "ProductName": "(TV_3만원할인_단품) 노비타 리모컨형 비데 / 뉴 콤팩트 플러스 (BD-SH630)",
    "ReviewScore": "40",
    "Syllable": "96",
    "Word": "19",
    "RDate": "20220117",
    "GeneralPolarity": "-1",
    "Aspects": [
      {
        "Aspect": "가격",
        "SentimentText": "가격도 알맞은가격여 잘삿다 했는데",
        "SentimentWord": "4",
        "SentimentPolarity": "1"
      },
      {
        "Aspect": "사이즈",
        "SentimentText": "이건 아니네요 변기 둘래서 너무 적어서 촘 힢라인큰사람은\u0027사용불가해요",
        "SentimentWord": "8",
        "SentimentPolarity": "-1"
      }
    ]
  },
  {
    "Index": "5087",
    "RawText": "사용하기 편하고 노즐 다양해서 좋아요 좋은가격에 잘 구매했습니다.  ",
    "Source": "SNS",
    "Domain": "가전",
    "MainCategory": "생활/미용/욕실가전",
    "ProductName": "(TV_3만원할인_단품) 노비타 리모컨형 비데 / 뉴 콤팩트 플러스 (BD-SH630)",
    "ReviewScore": "100",
    "Syllable": "38",
    "Word": "8",
    "RDate": "20220214",
    "Aspects": [
      {
        "Aspect": "편의성",
        "SentimentText": "사용하기 편하고 노즐 다양해서 좋아요",
        "SentimentWord": "5",
        "SentimentPolarity": "1"
      },
      {
        "Aspect": "가격",
        "SentimentText": "좋은가격에 잘 구매했습니다.",
        "SentimentWord": "3",
        "SentimentPolarity": "1"
      }
    ]
  },
  {
    "Index": "5088",
    "RawText": "배송 및 설치기사분 친절하시고 제품의 품질은 퀄리티가 떨어지긴 해요 이용해보니 작동도 잘되고 좋네요 감사합니다",
    "Source": "SNS",
    "Domain": "가전",
    "MainCategory": "생활/미용/욕실가전",
    "ProductName": "(TV_3만원할인_단품) 노비타 리모컨형 비데 / 뉴 콤팩트 플러스 (BD-SH630)",
    "ReviewScore": "100",
    "Syllable": "61",
    "Word": "14",
    "RDate": "20211203",
    "Aspects": [
      {
        "Aspect": "품질",
        "SentimentText": "제품의 품질은 퀄리티가 떨어지긴 해요",
        "SentimentWord": "5",
        "SentimentPolarity": "-1"
      },
      {
        "Aspect": "기능",
        "SentimentText": "이용해보니 작동도 잘되고 좋네요",
        "SentimentWord": "4",
        "SentimentPolarity": "1"
      }
    ]
  },
  {
    "Index": "5089",
    "RawText": "제가 설치해도 전혀 어렵지 않아서 쉽게 했어요  상품의 품질도  또한 좋아요",
    "Source": "SNS",
    "Domain": "가전",
    "MainCategory": "생활/미용/욕실가전",
    "ProductName": "(TV_3만원할인_단품) 노비타 리모컨형 비데 / 뉴 콤팩트 플러스 (BD-SH630)",
    "ReviewScore": "100",
    "Syllable": "42",
    "Word": "11",
    "RDate": "20210819",
    "Aspects": [
      {
        "Aspect": "조작성",
        "SentimentText": "제가 설치해도 전혀 어렵지 않아서 쉽게 했어요",
        "SentimentWord": "7",
        "SentimentPolarity": "1"
      },
      {
        "Aspect": "품질",
        "SentimentText": "상품의 품질도  또한 좋아요",
        "SentimentWord": "4",
        "SentimentPolarity": "1"
      }
    ]
  },
  {
    "Index": "5090",
    "RawText": "배송된지  2주일이 넘었는데  이제야 배송완료가  뜨네요  설치기사님 넘 친절하고 빠르게 설치해주셨어요 자동 노즐세척으로 깨끗하게 사용해요 좋은가격에 잘 사용하고 있어요",
    "Source": "SNS",
    "Domain": "가전",
    "MainCategory": "생활/미용/욕실가전",
    "ProductName": "(TV_3만원할인_단품) 노비타 리모컨형 비데 / 뉴 콤팩트 플러스 (BD-SH630)",
    "ReviewScore": "100",
    "Syllable": "94",
    "Word": "19",
    "RDate": "20211230",
    "Aspects": [
      {
        "Aspect": "기능",
        "SentimentText": "자동 노즐세척으로 깨끗하게 사용해요",
        "SentimentWord": "4",
        "SentimentPolarity": "1"
      },
      {
        "Aspect": "가격",
        "SentimentText": "좋은가격에 잘 사용하고 있어요",
        "SentimentWord": "4",
        "SentimentPolarity": "1"
      }
    ]
  },
  {
    "Index": "5091",
    "RawText": "변기보다 조금 작아서 보기가 싫지만 사용하는데는 불편하지 않아 잘 사용하고 있어요^^",
    "Source": "SNS",
    "Domain": "가전",
    "MainCategory": "생활/미용/욕실가전",
    "ProductName": "(TV_3만원할인_단품) 노비타 리모컨형 비데 / 뉴 콤팩트 플러스 (BD-SH630)",
    "ReviewScore": "60",
    "Syllable": "47",
    "Word": "11",
    "RDate": "20211229",
    "GeneralPolarity": "0",
    "Aspects": [
      {
        "Aspect": "사이즈",
        "SentimentText": "변기보다 조금 작아서 보기가 싫지만",
        "SentimentWord": "5",
        "SentimentPolarity": "-1"
      },
      {
        "Aspect": "편의성",
        "SentimentText": "사용하는데는 불편하지 않아 잘 사용하고 있어요^^",
        "SentimentWord": "6",
        "SentimentPolarity": "1"
      }
    ]
  },
  {
    "Index": "5092",
    "RawText": "변기사이즈가 기존꺼보다 좀 작아서 별로고 뒷부분까지  꽉들어차지 않아 공간이 남네요 리모컨이 있어 가까이 다가가지 않아도 작동되서 편해요 기존엔 항상 물이 텨서 고장이 잘 났거든요 설치기사님께서도 친절하셨어요",
    "Source": "SNS",
    "Domain": "가전",
    "MainCategory": "생활/미용/욕실가전",
    "ProductName": "(TV_3만원할인_단품) 노비타 리모컨형 비데 / 뉴 콤팩트 플러스 (BD-SH630)",
    "ReviewScore": "100",
    "Syllable": "116",
    "Word": "26",
    "RDate": "20210904",
    "Aspects": [
      {
        "Aspect": "사이즈",
        "SentimentText": "변기사이즈가 기존꺼보다 좀 작아서 별로고",
        "SentimentWord": "5",
        "SentimentPolarity": "-1"
      },
      {
        "Aspect": "편의성",
        "SentimentText": "리모컨이 있어 가까이 다가가지 않아도 작동되서 편해요",
        "SentimentWord": "7",
        "SentimentPolarity": "1"
      }
    ]
  },
  {
    "Index": "5093",
    "RawText": "비데. 디자인이 아주 깔끔하고 마음에듭니다 제품 가동 소리도 크지 않아서 좋아요  기사님도 친절하시네요^^",
    "Source": "SNS",
    "Domain": "가전",
    "MainCategory": "생활/미용/욕실가전",
    "ProductName": "(TV_3만원할인_단품) 노비타 리모컨형 비데 / 뉴 콤팩트 플러스 (BD-SH630)",
    "ReviewScore": "100",
    "Syllable": "59",
    "Word": "13",
    "RDate": "20210825",
    "Aspects": [
      {
        "Aspect": "디자인",
        "SentimentText": "디자인이 아주 깔끔하고 마음에듭니다",
        "SentimentWord": "4",
        "SentimentPolarity": "1"
      },
      {
        "Aspect": "소음",
        "SentimentText": "제품 가동 소리도 크지 않아서 좋아요",
        "SentimentWord": "6",
        "SentimentPolarity": "1"
      }
    ]
  },
  {
    "Index": "5094",
    "RawText": "비데기능은 충실하구요. 노즐 위치 조절없는게 좀 그렇지만 알고 산거라 쓸만합니다.",
    "Source": "SNS",
    "Domain": "가전",
    "MainCategory": "생활/미용/욕실가전",
    "ProductName": "(TV_3만원할인_단품) 노비타 리모컨형 비데 / 뉴 콤팩트 플러스 (BD-SH630)",
    "ReviewScore": "100",
    "Syllable": "45",
    "Word": "10",
    "RDate": "20220217",
    "GeneralPolarity": "1",
    "Aspects": [
      {
        "Aspect": "기능",
        "SentimentText": "비데기능은 충실하구요",
        "SentimentWord": "2",
        "SentimentPolarity": "1"
      },
      {
        "Aspect": "조작성",
        "SentimentText": "노즐 위치 조절없는게 좀 그렇지만 알고 산거라 쓸만합니다",
        "SentimentWord": "8",
        "SentimentPolarity": "0"
      }
    ]
  },
  {
    "Index": "5095",
    "RawText": "비데는하면 OOO로유명해서 신청했구요 제품을 사용해보니편하고  깔끔하고위생적이며 세련된 디자인이라 좋네요",
    "Source": "SNS",
    "Domain": "가전",
    "MainCategory": "생활/미용/욕실가전",
    "ProductName": "(TV_3만원할인_단품) 노비타 리모컨형 비데 / 뉴 콤팩트 플러스 (BD-SH630)",
    "ReviewScore": "100",
    "Syllable": "58",
    "Word": "9",
    "RDate": "20220103",
    "GeneralPolarity": "1",
    "Aspects": [
      {
        "Aspect": "편의성",
        "SentimentText": "제품을 사용해보니편하고",
        "SentimentWord": "2",
        "SentimentPolarity": "1"
      },
      {
        "Aspect": "디자인",
        "SentimentText": "세련된 디자인이라 좋네요",
        "SentimentWord": "3",
        "SentimentPolarity": "1"
      }
    ]
  },
  {
    "Index": "5096",
    "RawText": "빠른배송 완벽설치 심플한디자인과 실용적인 리모컨  넘 사용하기 좋아요 감사드려요^^~~~~~",
    "Source": "SNS",
    "Domain": "가전",
    "MainCategory": "생활/미용/욕실가전",
    "ProductName": "(TV_3만원할인_단품) 노비타 리모컨형 비데 / 뉴 콤팩트 플러스 (BD-SH630)",
    "ReviewScore": "100",
    "Syllable": "51",
    "Word": "9",
    "RDate": "20211106",
    "Aspects": [
      {
        "Aspect": "디자인",
        "SentimentText": "심플한디자인과 실용적인 리모컨  넘 사용하기 좋아요",
        "SentimentWord": "6",
        "SentimentPolarity": "1"
      },
      {
        "Aspect": "편의성",
        "SentimentText": "실용적인 리모컨  넘 사용하기 좋아요",
        "SentimentWord": "5",
        "SentimentPolarity": "1"
      }
    ]
  },
  {
    "Index": "5097",
    "RawText": "설치가 많이 지연되어 실망이네요. 리모컨 디자인이 깔끔해서 좋고 사은품 주신걸로 화장실 청소했더니 좋네요.",
    "Source": "SNS",
    "Domain": "가전",
    "MainCategory": "생활/미용/욕실가전",
    "ProductName": "(TV_3만원할인_단품) 노비타 리모컨형 비데 / 뉴 콤팩트 플러스 (BD-SH630)",
    "ReviewScore": "80",
    "Syllable": "59",
    "Word": "13",
    "RDate": "20211206",
    "Aspects": [
      {
        "Aspect": "디자인",
        "SentimentText": "리모컨 디자인이 깔끔해서 좋고",
        "SentimentWord": "4",
        "SentimentPolarity": "1"
      },
      {
        "Aspect": "제품구성",
        "SentimentText": "사은품 주신걸로 화장실 청소했더니 좋네요.",
        "SentimentWord": "5",
        "SentimentPolarity": "1"
      }
    ]
  },
  {
    "Index": "5098",
    "RawText": "설치기사님이 아주 친절하셔서 좋았습니다 조절이 조정가능해서 온가족이 사용해요 제품의 품질도 만족합니다",
    "Source": "SNS",
    "Domain": "가전",
    "MainCategory": "생활/미용/욕실가전",
    "ProductName": "(TV_3만원할인_단품) 노비타 리모컨형 비데 / 뉴 콤팩트 플러스 (BD-SH630)",
    "ReviewScore": "100",
    "Syllable": "56",
    "Word": "11",
    "RDate": "20211126",
    "Aspects": [
      {
        "Aspect": "조작성",
        "SentimentText": "조절이 조정가능해서 온가족이 사용해요",
        "SentimentWord": "4",
        "SentimentPolarity": "1"
      },
      {
        "Aspect": "품질",
        "SentimentText": "제품의 품질도 만족합니다",
        "SentimentWord": "3",
        "SentimentPolarity": "1"
      }
    ]
  },
  {
    "Index": "5099",
    "RawText": "예정 배송일보다 빨리 설치해 주셔서 좋았어요.  전 이 제품을 애정합니다 따라올 회사가 없습니다~ 제품의 성능도 만족합니다.",
    "Source": "SNS",
    "Domain": "가전",
    "MainCategory": "생활/미용/욕실가전",
    "ProductName": "(TV_3만원할인_단품) 노비타 리모컨형 비데 / 뉴 콤팩트 플러스 (BD-SH630)",
    "ReviewScore": "100",
    "Syllable": "69",
    "Word": "16",
    "RDate": "20211105",
    "Aspects": [
      {
        "Aspect": "제조일/제조사",
        "SentimentText": "전 이 제품을 애정합니다 따라올 회사가 없습니다~",
        "SentimentWord": "7",
        "SentimentPolarity": "1"
      },
      {
        "Aspect": "기능",
        "SentimentText": "제품의 성능도 만족합니다.",
        "SentimentWord": "3",
        "SentimentPolarity": "1"
      }
    ]
  },
  {
    "Index": "5100",
    "RawText": "예정일보다 배송빠르고^^ 설치도 금방 끝났어요 여러 번 해보다 보니 금방 뚝딱이네요  제품 편리하게 지금 잘쓰고 있습니다",
    "Source": "SNS",
    "Domain": "가전",
    "MainCategory": "생활/미용/욕실가전",
    "ProductName": "(TV_3만원할인_단품) 노비타 리모컨형 비데 / 뉴 콤팩트 플러스 (BD-SH630)",
    "ReviewScore": "100",
    "Syllable": "67",
    "Word": "16",
    "RDate": "20211123",
    "Aspects": [
      {
        "Aspect": "조작성",
        "SentimentText": "설치도 금방 끝났어요 여러 번 해보다 보니 금방 뚝딱이네요",
        "SentimentWord": "9",
        "SentimentPolarity": "1"
      },
      {
        "Aspect": "편의성",
        "SentimentText": "제품 편리하게 지금 잘쓰고 있습니다",
        "SentimentWord": "5",
        "SentimentPolarity": "1"
      }
    ]
  },
  {
    "Index": "5101",
    "RawText": "옛날 ○○○보다 훨씬 얇아 졌네요. 그래서 앉기도 편해졌구요. 무엇보다도 조작 버튼이 따로 분리되어 있어 , 청소 할때마다 간편히 할 수 있답니다.  또 조작버튼이 물에 닿지 않으니 오작동하는 일도 없겠구요.",
    "Source": "SNS",
    "Domain": "가전",
    "MainCategory": "생활/미용/욕실가전",
    "ProductName": "(TV_3만원할인_단품) 노비타 리모컨형 비데 / 뉴 콤팩트 플러스 (BD-SH630)",
    "ReviewScore": "80",
    "Syllable": "116",
    "Word": "29",
    "RDate": "20211127",
    "GeneralPolarity": "1",
    "Aspects": [
      {
        "Aspect": "사이즈",
        "SentimentText": "훨씬 얇아 졌네요. 그래서 앉기도 편해졌구요",
        "SentimentWord": "6",
        "SentimentPolarity": "1"
      },
      {
        "Aspect": "편의성",
        "SentimentText": "그래서 앉기도 편해졌구요",
        "SentimentWord": "3",
        "SentimentPolarity": "1"
      },
      {
        "Aspect": "편의성",
        "SentimentText": "조작 버튼이 따로 분리되어 있어 , 청소 할때마다 간편히 할 수 있답니다",
        "SentimentWord": "12",
        "SentimentPolarity": "1"
      }
    ]
  },
  {
    "Index": "5102",
    "RawText": "비데 기능 잘~사용하고있습니다. 리모컨이라 작동이 쉽습니다. 기사님,친절하고좋았습니다. ",
    "Source": "SNS",
    "Domain": "가전",
    "MainCategory": "생활/미용/욕실가전",
    "ProductName": "(TV_3만원할인_단품) 노비타 리모컨형 비데 / 뉴 콤팩트 플러스 (BD-SH630)",
    "ReviewScore": "100",
    "Syllable": "49",
    "Word": "7",
    "RDate": "20211212",
    "Aspects": [
      {
        "Aspect": "기능",
        "SentimentText": "비데 기능 잘~사용하고있습니다.",
        "SentimentWord": "3",
        "SentimentPolarity": "1"
      },
      {
        "Aspect": "조작성",
        "SentimentText": "리모컨이라 작동이 쉽습니다",
        "SentimentWord": "3",
        "SentimentPolarity": "1"
      }
    ]
  },
  {
    "Index": "5103",
    "RawText": "잘샀어용  리모컨 벽에붙여놓고사용하니까 좋아요. 물 청소하기도편하고 좋네요~",
    "Source": "SNS",
    "Domain": "가전",
    "MainCategory": "생활/미용/욕실가전",
    "ProductName": "(TV_3만원할인_단품) 노비타 리모컨형 비데 / 뉴 콤팩트 플러스 (BD-SH630)",
    "ReviewScore": "100",
    "Syllable": "42",
    "Word": "7",
    "RDate": "20211202",
    "GeneralPolarity": "1",
    "Aspects": [
      {
        "Aspect": "제품구성",
        "SentimentText": "리모컨 벽에붙여놓고사용하니까 좋아요.",
        "SentimentWord": "3",
        "SentimentPolarity": "1"
      },
      {
        "Aspect": "편의성",
        "SentimentText": "물 청소하기도편하고 좋네요~",
        "SentimentWord": "3",
        "SentimentPolarity": "1"
      }
    ]
  },
  {
    "Index": "5104",
    "RawText": "전문설치자가 와서 꼼꼼하게 설치해 주셨어요 기능은 뭐 말안해도 다 알죠 ㅋ 깨끗 깨끗  그런데 습기가 많은 욕실에 리모콘을 붙여서 떨어질까 걱정되요",
    "Source": "SNS",
    "Domain": "가전",
    "MainCategory": "생활/미용/욕실가전",
    "ProductName": "(TV_3만원할인_단품) 노비타 리모컨형 비데 / 뉴 콤팩트 플러스 (BD-SH630)",
    "ReviewScore": "100",
    "Syllable": "82",
    "Word": "21",
    "RDate": "20220217",
    "Aspects": [
      {
        "Aspect": "기능",
        "SentimentText": "기능은 뭐 말안해도 다 알죠 ㅋ 깨끗 깨끗",
        "SentimentWord": "8",
        "SentimentPolarity": "1"
      },
      {
        "Aspect": "내구성",
        "SentimentText": "습기가 많은 욕실에 리모콘을 붙여서 떨어질까 걱정되요",
        "SentimentWord": "7",
        "SentimentPolarity": "-1"
      }
    ]
  },
  {
    "Index": "5105",
    "RawText": "주문배송편하고 빠르게 설치해주셔서  저희 애들도 자꾸 이제품만 찾아요 아주 편하게  잘 사용합니다.",
    "Source": "SNS",
    "Domain": "가전",
    "MainCategory": "생활/미용/욕실가전",
    "ProductName": "(TV_3만원할인_단품) 노비타 리모컨형 비데 / 뉴 콤팩트 플러스 (BD-SH630)",
    "ReviewScore": "100",
    "Syllable": "55",
    "Word": "12",
    "RDate": "20220105",
    "Aspects": [
      {
        "Aspect": "제조일/제조사",
        "SentimentText": "저희 애들도 자꾸 이제품만 찾아요",
        "SentimentWord": "5",
        "SentimentPolarity": "1"
      },
      {
        "Aspect": "편의성",
        "SentimentText": "아주 편하게  잘 사용합니다.",
        "SentimentWord": "4",
        "SentimentPolarity": "1"
      }
    ]
  },
  {
    "Index": "5106",
    "RawText": "주문하고10일 이나 지나 설치해 주셨습니다 건조 열이 너무 쎄요~ 뜨겁습니다 너무늦습니다 리모컨형인것은 마음에 듭니다.",
    "Source": "SNS",
    "Domain": "가전",
    "MainCategory": "생활/미용/욕실가전",
    "ProductName": "(TV_3만원할인_단품) 노비타 리모컨형 비데 / 뉴 콤팩트 플러스 (BD-SH630)",
    "ReviewScore": "60",
    "Syllable": "66",
    "Word": "14",
    "RDate": "20220217",
    "Aspects": [
      {
        "Aspect": "기능",
        "SentimentText": "건조 열이 너무 쎄요~ 뜨겁습니다",
        "SentimentWord": "5",
        "SentimentPolarity": "-1"
      },
      {
        "Aspect": "편의성",
        "SentimentText": "리모컨형인것은 마음에 듭니다",
        "SentimentWord": "3",
        "SentimentPolarity": "1"
      }
    ]
  },
  {
    "Index": "5107",
    "RawText": "최소싸이즈 딱 간편 하지만 필터가 있어요",
    "Source": "SNS",
    "Domain": "가전",
    "MainCategory": "생활/미용/욕실가전",
    "ProductName": "(TV_3만원할인_단품) 노비타 리모컨형 비데 / 뉴 콤팩트 플러스 (BD-SH630)",
    "ReviewScore": "100",
    "Syllable": "22",
    "Word": "6",
    "RDate": "20210831",
    "GeneralPolarity": "1",
    "Aspects": [
      {
        "Aspect": "사이즈",
        "SentimentText": "최소싸이즈 딱 간편 하지만 필터가 있어요",
        "SentimentWord": "6",
        "SentimentPolarity": "1"
      },
      {
        "Aspect": "조작성",
        "SentimentText": "딱 간편 하지만 필터가 있어요",
        "SentimentWord": "5",
        "SentimentPolarity": "1"
      }
    ]
  },
  {
    "Index": "5108",
    "RawText": "친정집에 놔드렸는데 양변기가 넘 따뜻하고 세척이 편해 좋아 하시네요",
    "Source": "SNS",
    "Domain": "가전",
    "MainCategory": "생활/미용/욕실가전",
    "ProductName": "(TV_3만원할인_단품) 노비타 리모컨형 비데 / 뉴 콤팩트 플러스 (BD-SH630)",
    "ReviewScore": "100",
    "Syllable": "37",
    "Word": "9",
    "RDate": "20211126",
    "GeneralPolarity": "1",
    "Aspects": [
      {
        "Aspect": "기능",
        "SentimentText": "양변기가 넘 따뜻하고 세척이 편해 좋아 하시네요",
        "SentimentWord": "7",
        "SentimentPolarity": "1"
      },
      {
        "Aspect": "편의성",
        "SentimentText": "세척이 편해 좋아 하시네요",
        "SentimentWord": "4",
        "SentimentPolarity": "1"
      }
    ]
  },
  {
    "Index": "5109",
    "RawText": "홈쇼핑에서 저렴한 가격에 구매해서 좋아요~ 딸아이 오피스텔에 설치했는데 작동 잘 되서 잘 쓰고 있어요^^ 만족해요~",
    "Source": "SNS",
    "Domain": "가전",
    "MainCategory": "생활/미용/욕실가전",
    "ProductName": "(TV_3만원할인_단품) 노비타 리모컨형 비데 / 뉴 콤팩트 플러스 (BD-SH630)",
    "ReviewScore": "100",
    "Syllable": "64",
    "Word": "15",
    "RDate": "20220106",
    "Aspects": [
      {
        "Aspect": "가격",
        "SentimentText": "홈쇼핑에서 저렴한 가격에 구매해서 좋아요~",
        "SentimentWord": "5",
        "SentimentPolarity": "1"
      },
      {
        "Aspect": "기능",
        "SentimentText": "딸아이 오피스텔에 설치했는데 작동 잘 되서 잘 쓰고 있어요^^ 만족해요~",
        "SentimentWord": "10",
        "SentimentPolarity": "1"
      }
    ]
  },
  {
    "Index": "5110",
    "RawText": "배송 빠르고 좋습니다. 설치 기사님도 친절하십니다 세 가지 방식의 노즐이 있어서 다양하게 이용해요 부드러운 소프트 개폐로 시끄럽지 않아 좋아요",
    "Source": "SNS",
    "Domain": "가전",
    "MainCategory": "생활/미용/욕실가전",
    "ProductName": "(TV_4만원할인) 노비타 스파 비데 BD-AH500",
    "ReviewScore": "100",
    "Syllable": "79",
    "Word": "19",
    "RDate": "20200418",
    "Aspects": [
      {
        "Aspect": "기능",
        "SentimentText": "세 가지 방식의 노즐이 있어서 다양하게 이용해요",
        "SentimentWord": "7",
        "SentimentPolarity": "1"
      },
      {
        "Aspect": "소음",
        "SentimentText": "부드러운 소프트 개폐로 시끄럽지 않아 좋아요",
        "SentimentWord": "6",
        "SentimentPolarity": "1"
      }
    ]
  },
  {
    "Index": "5111",
    "RawText": "설치 기사분의 친절 하셨고 만족합니다. 감사드려요.위생적으로 잘사용합니다. 개인적으로 미스트 세정기능이 있어서 부드럽네요 가격은 좀 비싼듯 해서 아쉽네요",
    "Source": "SNS",
    "Domain": "가전",
    "MainCategory": "생활/미용/욕실가전",
    "ProductName": "(TV_4만원할인) 노비타 스파 비데 BD-AH500",
    "ReviewScore": "80",
    "Syllable": "85",
    "Word": "17",
    "RDate": "20200418",
    "Aspects": [
      {
        "Aspect": "기능",
        "SentimentText": "개인적으로 미스트 세정기능이 있어서 부드럽네요",
        "SentimentWord": "5",
        "SentimentPolarity": "1"
      },
      {
        "Aspect": "가격",
        "SentimentText": "가격은 좀 비싼듯 해서 아쉽네요",
        "SentimentWord": "5",
        "SentimentPolarity": "1"
      }
    ]
  },
  {
    "Index": "5112",
    "RawText": "거실 안방 두개 했네요. 안방은 사이즈가 맞는데 거실은 조금 안맞네요 ㅠ 그래도 깔끔하고 편리하게 잘 쓰고 있네요.",
    "Source": "SNS",
    "Domain": "가전",
    "MainCategory": "생활/미용/욕실가전",
    "ProductName": "(TV_6만원할인) 노비타 비데 BD-SH600 1+1",
    "ReviewScore": "80",
    "Syllable": "64",
    "Word": "17",
    "RDate": "20190425",
    "GeneralPolarity": "0",
    "Aspects": [
      {
        "Aspect": "사이즈",
        "SentimentText": "안방은 사이즈가 맞는데 거실은 조금 안맞네요 ㅠ",
        "SentimentWord": "7",
        "SentimentPolarity": "0"
      },
      {
        "Aspect": "편의성",
        "SentimentText": "깔끔하고 편리하게 잘 쓰고 있네요.",
        "SentimentWord": "5",
        "SentimentPolarity": "1"
      }
    ]
  },
  {
    "Index": "5113",
    "RawText": "기사님의 친절한 설치와 배송에 만족합니다. 제품도 리모컨이 따로 있어 더욱 좋구 사용감도 만족스럽습니다.",
    "Source": "SNS",
    "Domain": "가전",
    "MainCategory": "생활/미용/욕실가전",
    "ProductName": "(TV_6만원할인) 노비타 비데 BD-SH600 1+1",
    "ReviewScore": "100",
    "Syllable": "58",
    "Word": "13",
    "RDate": "20181216",
    "Aspects": [
      {
        "Aspect": "제품구성",
        "SentimentText": "제품도 리모컨이 따로 있어 더욱 좋구 사용감도 만족스럽습니다.",
        "SentimentWord": "8",
        "SentimentPolarity": "1"
      },
      {
        "Aspect": "품질",
        "SentimentText": "사용감도 만족스럽습니다.",
        "SentimentWord": "2",
        "SentimentPolarity": "1"
      }
    ]
  },
  {
    "Index": "5114",
    "RawText": "무선이라 아직 좀 어색하지만 편하고 좋으네요 옆으로 안 숙여도 되서 편하고 설치 친절히 잘 해주셨어요",
    "Source": "SNS",
    "Domain": "가전",
    "MainCategory": "생활/미용/욕실가전",
    "ProductName": "(TV_6만원할인) 노비타 비데 BD-SH600 1+1",
    "ReviewScore": "100",
    "Syllable": "56",
    "Word": "15",
    "RDate": "20190430",
    "Aspects": [
      {
        "Aspect": "기능",
        "SentimentText": "무선이라 아직 좀 어색하지만 편하고 좋으네요",
        "SentimentWord": "6",
        "SentimentPolarity": "1"
      },
      {
        "Aspect": "편의성",
        "SentimentText": "옆으로 안 숙여도 되서 편하고",
        "SentimentWord": "5",
        "SentimentPolarity": "1"
      }
    ]
  }
]