[
  {
    "Index": "19485",
    "RawText": "고민고민하다 할인쿠폰적용해 아주 싼값에 구매했어요. 옷에 묻은 먼지도 털어내고 고양이털도 깔끔하게 털어주니 대만족이예요!!",
    "Source": "쇼핑몰",
    "Domain": "가전",
    "MainCategory": "생활/미용/욕실가전",
    "ProductName": "그랑데 삼성전자 DV17T8520BP 본체",
    "ReviewScore": "5",
    "Syllable": "68",
    "Word": "13",
    "RDate": "20220829",
    "GeneralPolarity": "1",
    "Aspects": [
      {
        "Aspect": "가격",
        "SentimentText": "고민고민하다 할인쿠폰적용해 아주 싼값에 구매했어요.",
        "SentimentWord": "5",
        "SentimentPolarity": "1"
      },
      {
        "Aspect": "기능",
        "SentimentText": "옷에 묻은 먼지도 털어내고 고양이털도 깔끔하게 털어주니 대만족이예요!!",
        "SentimentWord": "8",
        "SentimentPolarity": "1"
      }
    ]
  },
  {
    "Index": "19487",
    "RawText": "사용해보니 소음도 적어서 좋았습니다~ 건조 시간도 적게 걸리고 옷도 완전 뽀송해져서 기분 최고네요~~",
    "Source": "쇼핑몰",
    "Domain": "가전",
    "MainCategory": "생활/미용/욕실가전",
    "ProductName": "그랑데 삼성전자 DV17T8520BP 본체",
    "ReviewScore": "5",
    "Syllable": "56",
    "Word": "13",
    "RDate": "20211116",
    "GeneralPolarity": "1",
    "Aspects": [
      {
        "Aspect": "소음",
        "SentimentText": "사용해보니 소음도 적어서 좋았습니다~ ",
        "SentimentWord": "4",
        "SentimentPolarity": "1"
      },
      {
        "Aspect": "시간/속도",
        "SentimentText": "건조 시간도 적게 걸리고 옷도 완전 뽀송해져서 기분 최고네요~~",
        "SentimentWord": "9",
        "SentimentPolarity": "1"
      },
      {
        "Aspect": "기능",
        "SentimentText": "옷도 완전 뽀송해져서 기분 최고네요~~",
        "SentimentWord": "5",
        "SentimentPolarity": "1"
      }
    ]
  },
  {
    "Index": "19488",
    "RawText": "사용해보니 역시 OOO제품이네요~!! 빨래감 먼지 제거도 확실히 되어서 좋습니다! 그리고 직접 내부 청소를 할 수 있는 점이 편리합니다~~",
    "Source": "쇼핑몰",
    "Domain": "가전",
    "MainCategory": "생활/미용/욕실가전",
    "ProductName": "그랑데 삼성전자 DV17T8520BP 본체",
    "ReviewScore": "5",
    "Syllable": "77",
    "Word": "18",
    "RDate": "20211125",
    "GeneralPolarity": "1",
    "Aspects": [
      {
        "Aspect": "제조일/제조사",
        "SentimentText": "사용해보니 역시 OOO제품이네요~!!",
        "SentimentWord": "3",
        "SentimentPolarity": "1"
      },
      {
        "Aspect": "기능",
        "SentimentText": "빨래감 먼지 제거도 확실히 되어서 좋습니다! ",
        "SentimentWord": "6",
        "SentimentPolarity": "1"
      },
      {
        "Aspect": "편의성",
        "SentimentText": "직접 내부 청소를 할 수 있는 점이 편리합니다~~",
        "SentimentWord": "8",
        "SentimentPolarity": "1"
      }
    ]
  },
  {
    "Index": "19489",
    "RawText": "용량이 커서 많은 양을 한꺼번에 돌릴 수 있어서 최고입니다!!! 색상도 제맘에 쏙 들어요~^^",
    "Source": "쇼핑몰",
    "Domain": "가전",
    "MainCategory": "생활/미용/욕실가전",
    "ProductName": "그랑데 삼성전자 DV17T8520BP 본체",
    "ReviewScore": "5",
    "Syllable": "52",
    "Word": "13",
    "RDate": "20220629",
    "Aspects": [
      {
        "Aspect": "용량",
        "SentimentText": "용량이 커서 많은 양을 한꺼번에 돌릴 수 있어서 최고입니다!!! ",
        "SentimentWord": "9",
        "SentimentPolarity": "1"
      },
      {
        "Aspect": "색상",
        "SentimentText": "색상도 제맘에 쏙 들어요~^^",
        "SentimentWord": "4",
        "SentimentPolarity": "1"
      }
    ]
  },
  {
    "Index": "19490",
    "RawText": "장마철에도 마음 놓고 빨래할 수 있다는 점이 아주 편리하네요~~ 용량도 커서 이불까지 들어가니 엄청 만족스럽고요^^",
    "Source": "쇼핑몰",
    "Domain": "가전",
    "MainCategory": "생활/미용/욕실가전",
    "ProductName": "그랑데 삼성전자 DV17T8520BP 본체",
    "ReviewScore": "5",
    "Syllable": "64",
    "Word": "15",
    "RDate": "20220718",
    "GeneralPolarity": "1",
    "Aspects": [
      {
        "Aspect": "편의성",
        "SentimentText": "장마철에도 마음 놓고 빨래할 수 있다는 점이 아주 편리하네요~~ ",
        "SentimentWord": "9",
        "SentimentPolarity": "1"
      },
      {
        "Aspect": "용량",
        "SentimentText": "용량도 커서 이불까지 들어가니 엄청 만족스럽고요^^",
        "SentimentWord": "6",
        "SentimentPolarity": "1"
      }
    ]
  },
  {
    "Index": "19491",
    "RawText": "수시로 사용하고 있는데 생각보다 전기세 적게 나와서 굿~~ 용량도 커서 이불도 들어가니 넘 좋고요ㅋ",
    "Source": "쇼핑몰",
    "Domain": "가전",
    "MainCategory": "생활/미용/욕실가전",
    "ProductName": "그랑데 삼성전자 DV17T8520BP 본체",
    "ReviewScore": "5",
    "Syllable": "55",
    "Word": "14",
    "RDate": "20220718",
    "GeneralPolarity": "1",
    "Aspects": [
      {
        "Aspect": "소비전력",
        "SentimentText": "수시로 사용하고 있는데 생각보다 전기세 적게 나와서 굿~~ ",
        "SentimentWord": "8",
        "SentimentPolarity": "1"
      },
      {
        "Aspect": "용량",
        "SentimentText": "용량도 커서 이불도 들어가니 넘 좋고요ㅋ",
        "SentimentWord": "6",
        "SentimentPolarity": "1"
      }
    ]
  },
  {
    "Index": "19492",
    "RawText": "저렴한 가격에 잘 구입한 것 같아요! 배송도 너무 빨랐고요^^ 사용해보니 빨래도 엄청 잘말라서 좋아요~~",
    "Source": "쇼핑몰",
    "Domain": "가전",
    "MainCategory": "생활/미용/욕실가전",
    "ProductName": "그랑데 삼성전자 DV17T8520BP 본체",
    "ReviewScore": "5",
    "Syllable": "58",
    "Word": "14",
    "RDate": "20220814",
    "Aspects": [
      {
        "Aspect": "가격",
        "SentimentText": "저렴한 가격에 잘 구입한 것 같아요! ",
        "SentimentWord": "6",
        "SentimentPolarity": "1"
      },
      {
        "Aspect": "기능",
        "SentimentText": "사용해보니 빨래도 엄청 잘말라서 좋아요~~",
        "SentimentWord": "5",
        "SentimentPolarity": "1"
      }
    ]
  },
  {
    "Index": "19493",
    "RawText": "용량이 커서 이불빨래가 되는 점이 정말 신세계입니다~~ 빨래하고 널지않아도 된다는 점도 편하고요!! 기사님들도 너무 친절하셨습니다^^",
    "Source": "쇼핑몰",
    "Domain": "가전",
    "MainCategory": "생활/미용/욕실가전",
    "ProductName": "그랑데 삼성전자 DV17T8520BP 본체",
    "ReviewScore": "4",
    "Syllable": "74",
    "Word": "15",
    "RDate": "20220810",
    "Aspects": [
      {
        "Aspect": "용량",
        "SentimentText": "용량이 커서 이불빨래가 되는 점이 정말 신세계입니다~~",
        "SentimentWord": "7",
        "SentimentPolarity": "1"
      },
      {
        "Aspect": "편의성",
        "SentimentText": " 빨래하고 널지않아도 된다는 점도 편하고요!! ",
        "SentimentWord": "5",
        "SentimentPolarity": "1"
      }
    ]
  },
  {
    "Index": "19494",
    "RawText": "건조기 용량이 커서 세탁양이 넉넉하게 들어가요 정말 뽀송뽀송하게 건조 잘 되는것 같습니다 가전배송이 이렇게 빨리오는건 처음이네요^^",
    "Source": "쇼핑몰",
    "Domain": "가전",
    "MainCategory": "생활/미용/욕실가전",
    "ProductName": "그랑데 삼성전자 DV17T8520BP 본체",
    "ReviewScore": "5",
    "Syllable": "73",
    "Word": "16",
    "RDate": "20211122",
    "Aspects": [
      {
        "Aspect": "용량",
        "SentimentText": "건조기 용량이 커서 세탁양이 넉넉하게 들어가요",
        "SentimentWord": "6",
        "SentimentPolarity": "1"
      },
      {
        "Aspect": "기능",
        "SentimentText": "정말 뽀송뽀송하게 건조 잘 되는것 같습니다",
        "SentimentWord": "6",
        "SentimentPolarity": "1"
      }
    ]
  },
  {
    "Index": "19495",
    "RawText": "제품 크기에 비해 내부 용량이 넉넉해서 너무 좋습니다! 옷감도 상하지 않고 뽀송하게 건조 잘됩니다^^ 건조기는 역시 OOO이 최고인듯 싶어요. 아쉬운 점은 소음이 생각보다 크다는 점이네요ㅠ 그래도 앱으로 알림도 와서 넘 편해요!!",
    "Source": "쇼핑몰",
    "Domain": "가전",
    "MainCategory": "생활/미용/욕실가전",
    "ProductName": "그랑데 삼성전자 DV17T8520BP 본체",
    "ReviewScore": "5",
    "Syllable": "128",
    "Word": "31",
    "RDate": "20220302",
    "GeneralPolarity": "1",
    "Aspects": [
      {
        "Aspect": "용량",
        "SentimentText": "제품 크기에 비해 내부 용량이 넉넉해서 너무 좋습니다!",
        "SentimentWord": "8",
        "SentimentPolarity": "1"
      },
      {
        "Aspect": "기능",
        "SentimentText": "옷감도 상하지 않고 뽀송하게 건조 잘됩니다^^ ",
        "SentimentWord": "6",
        "SentimentPolarity": "1"
      },
      {
        "Aspect": "제조일/제조사",
        "SentimentText": "건조기는 역시 OOO이 최고인듯 싶어요.",
        "SentimentWord": "5",
        "SentimentPolarity": "1"
      },
      {
        "Aspect": "소음",
        "SentimentText": "아쉬운 점은 소음이 생각보다 크다는 점이네요ㅠ ",
        "SentimentWord": "6",
        "SentimentPolarity": "-1"
      },
      {
        "Aspect": "편의성",
        "SentimentText": "앱으로 알림도 와서 넘 편해요!! ",
        "SentimentWord": "5",
        "SentimentPolarity": "1"
      }
    ]
  },
  {
    "Index": "19496",
    "RawText": "이불빨래 자주하는데 여름에 빨리 말릴려고 구매했습니다. 생각했던거 보다 건조시간도 짧아 좋고 애완견들 털도 잘 걸러주고 이불이 뽀송뽀송 잘 말라서 넘 좋아요^^",
    "Source": "쇼핑몰",
    "Domain": "가전",
    "MainCategory": "생활/미용/욕실가전",
    "ProductName": "그랑데 삼성전자 DV17T8520BP 본체",
    "ReviewScore": "5",
    "Syllable": "89",
    "Word": "21",
    "RDate": "20220706",
    "GeneralPolarity": "1",
    "Aspects": [
      {
        "Aspect": "시간/속도",
        "SentimentText": "생각했던거 보다 건조시간도 짧아 좋고",
        "SentimentWord": "5",
        "SentimentPolarity": "1"
      },
      {
        "Aspect": "기능",
        "SentimentText": " 애완견들 털도 잘 걸러주고 이불이 뽀송뽀송 잘 말라서 넘 좋아요^^",
        "SentimentWord": "10",
        "SentimentPolarity": "1"
      }
    ]
  },
  {
    "Index": "19497",
    "RawText": "배송 엄청 빨라서 기분 넘 좋았습니다ㅎ 그리고 생각보다 내부 용량이 커서 맘에 들었고요!! 색상도 너무 세련되게 이뻐요~~",
    "Source": "쇼핑몰",
    "Domain": "가전",
    "MainCategory": "생활/미용/욕실가전",
    "ProductName": "그랑데 삼성전자 DV17T8520BP 본체",
    "ReviewScore": "5",
    "Syllable": "68",
    "Word": "17",
    "RDate": "20211114",
    "Aspects": [
      {
        "Aspect": "용량",
        "SentimentText": "그리고 생각보다 내부 용량이 커서 맘에 들었고요!!",
        "SentimentWord": "7",
        "SentimentPolarity": "1"
      },
      {
        "Aspect": "색상",
        "SentimentText": "색상도 너무 세련되게 이뻐요~~",
        "SentimentWord": "4",
        "SentimentPolarity": "1"
      }
    ]
  },
  {
    "Index": "19498",
    "RawText": "배송 너무 빨리와서 좋았습니다~~ 기사님들도 엄청 친절하시고요^^ 용량도 크니 정말 최고~!! 소음도 다른 제품보다 적은 것 같아서 만족이요!",
    "Source": "쇼핑몰",
    "Domain": "가전",
    "MainCategory": "생활/미용/욕실가전",
    "ProductName": "그랑데 삼성전자 DV17T8520BP 본체",
    "ReviewScore": "5",
    "Syllable": "79",
    "Word": "18",
    "RDate": "20220222",
    "Aspects": [
      {
        "Aspect": "용량",
        "SentimentText": "용량도 크니 정말 최고~!! ",
        "SentimentWord": "4",
        "SentimentPolarity": "1"
      },
      {
        "Aspect": "소음",
        "SentimentText": "소음도 다른 제품보다 적은 것 같아서 만족이요!",
        "SentimentWord": "7",
        "SentimentPolarity": "1"
      }
    ]
  },
  {
    "Index": "19499",
    "RawText": "용량이 넉넉해서 만족도 최고입니다~ 색상도 깔끔하니 마음에 드네요!!",
    "Source": "쇼핑몰",
    "Domain": "가전",
    "MainCategory": "생활/미용/욕실가전",
    "ProductName": "그랑데 삼성전자 DV17T8520BP 본체",
    "ReviewScore": "5",
    "Syllable": "38",
    "Word": "8",
    "RDate": "20220215",
    "GeneralPolarity": "1",
    "Aspects": [
      {
        "Aspect": "용량",
        "SentimentText": "용량이 넉넉해서 만족도 최고입니다~ ",
        "SentimentWord": "4",
        "SentimentPolarity": "1"
      },
      {
        "Aspect": "색상",
        "SentimentText": "색상도 깔끔하니 마음에 드네요!!",
        "SentimentWord": "4",
        "SentimentPolarity": "1"
      }
    ]
  },
  {
    "Index": "19501",
    "RawText": "가격 할인상품으로 나와서 구매하고 받았는데 좋습니다. 건조기 진작 사용하고 편하게 빨래할껄이라는 생각이 들정도로 좋네요 기사님들도 친절하고 설명도 잘해주셔서 좋으네요",
    "Source": "쇼핑몰",
    "Domain": "가전",
    "MainCategory": "생활/미용/욕실가전",
    "ProductName": "그랑데 삼성전자 DV17T8520BP 본체",
    "ReviewScore": "5",
    "Syllable": "92",
    "Word": "19",
    "RDate": "20220206",
    "Aspects": [
      {
        "Aspect": "가격",
        "SentimentText": "가격 할인 상품으로 나와서 구매하고 받았는데 좋습니다. ",
        "SentimentWord": "7",
        "SentimentPolarity": "1"
      },
      {
        "Aspect": "편의성",
        "SentimentText": "건조기 진작 사용하고 편하게 빨래할껄이라는 생각이 들정도로 좋네요",
        "SentimentWord": "8",
        "SentimentPolarity": "1"
      }
    ]
  },
  {
    "Index": "19503",
    "RawText": "배송도 원하는 날짜에 오고 빨라서 좋았어요! 사용해보니 건조도 잘 되어서 넘 최고네요^^ 디자인도 예뻐서 맘에 쏙이고요~~",
    "Source": "쇼핑몰",
    "Domain": "가전",
    "MainCategory": "생활/미용/욕실가전",
    "ProductName": "그랑데 삼성전자 DV17T8520BP 본체",
    "ReviewScore": "5",
    "Syllable": "68",
    "Word": "16",
    "RDate": "20220112",
    "Aspects": [
      {
        "Aspect": "기능",
        "SentimentText": "사용해보니 건조도 잘 되어서 넘 최고네요^^",
        "SentimentWord": "6",
        "SentimentPolarity": "1"
      },
      {
        "Aspect": "디자인",
        "SentimentText": "디자인도 예뻐서 맘에 쏙이고요~~",
        "SentimentWord": "4",
        "SentimentPolarity": "1"
      }
    ]
  },
  {
    "Index": "19506",
    "RawText": "정확한 널짜에 배송완료!!.날씨 매우 좋았는데 작동시에 냄새나지않아 좋았어요~ 도어 재질이 강화 유리라 안에도 잘 보이고 기스도 않나서 좋아요",
    "Source": "쇼핑몰",
    "Domain": "가전",
    "MainCategory": "생활/미용/욕실가전",
    "ProductName": "그랑데 삼성전자 DV17T8520BP 본체",
    "ReviewScore": "5",
    "Syllable": "79",
    "Word": "18",
    "RDate": "20220705",
    "GeneralPolarity": "1",
    "Aspects": [
      {
        "Aspect": "품질",
        "SentimentText": " 작동시에 냄새나지않아 좋았어요~",
        "SentimentWord": "3",
        "SentimentPolarity": "1"
      },
      {
        "Aspect": "내구성",
        "SentimentText": "도어 재질이 강화 유리라 안에도 잘 보이고 기스도 않나서 좋아요",
        "SentimentWord": "10",
        "SentimentPolarity": "1"
      }
    ]
  },
  {
    "Index": "19508",
    "RawText": "소음도 크지 않아서 좋습니다~! 그리고 색상도 이뻐서 인테리어 가구 같네요^^",
    "Source": "쇼핑몰",
    "Domain": "가전",
    "MainCategory": "생활/미용/욕실가전",
    "ProductName": "그랑데 삼성전자 DV17T8520BP 본체",
    "ReviewScore": "5",
    "Syllable": "43",
    "Word": "10",
    "RDate": "20220216",
    "GeneralPolarity": "1",
    "Aspects": [
      {
        "Aspect": "소음",
        "SentimentText": "소음도 크지 않아서 좋습니다~! ",
        "SentimentWord": "4",
        "SentimentPolarity": "1"
      },
      {
        "Aspect": "색상",
        "SentimentText": " 그리고 색상도 이뻐서 인테리어 가구 같네요^^",
        "SentimentWord": "6",
        "SentimentPolarity": "1"
      }
    ]
  },
  {
    "Index": "19509",
    "RawText": "기존의 쿠폰 써서 저렴하게 잘 구매했어요 하자없는 상품이라 좋네요^^",
    "Source": "쇼핑몰",
    "Domain": "가전",
    "MainCategory": "생활/미용/욕실가전",
    "ProductName": "그랑데 삼성전자 DV17T8520BP 본체",
    "ReviewScore": "5",
    "Syllable": "38",
    "Word": "9",
    "RDate": "20220117",
    "Aspects": [
      {
        "Aspect": "가격",
        "SentimentText": "기존의 쿠폰 써서 저렴하게 잘 구매했어요",
        "SentimentWord": "6",
        "SentimentPolarity": "1"
      },
      {
        "Aspect": "품질",
        "SentimentText": "하자없는 상품이라 좋네요^^",
        "SentimentWord": "3",
        "SentimentPolarity": "1"
      }
    ]
  },
  {
    "Index": "19511",
    "RawText": "저렴한 가격에 샀는데 완전 만족스럽네요!! 일단 디자인 세련됐고요~ 배송도 완전 총알배송이었어요 ㅎㅎ 건조 기능도 정말 최고!!",
    "Source": "쇼핑몰",
    "Domain": "가전",
    "MainCategory": "생활/미용/욕실가전",
    "ProductName": "그랑데 삼성전자 DV17T8520BP 본체",
    "ReviewScore": "5",
    "Syllable": "71",
    "Word": "16",
    "RDate": "20211115",
    "Aspects": [
      {
        "Aspect": "가격",
        "SentimentText": "저렴한 가격에 샀는데 완전 만족스럽네요!! ",
        "SentimentWord": "5",
        "SentimentPolarity": "1"
      },
      {
        "Aspect": "디자인",
        "SentimentText": "일단 디자인 세련됐고요~",
        "SentimentWord": "3",
        "SentimentPolarity": "1"
      },
      {
        "Aspect": "기능",
        "SentimentText": "건조 기능도 정말 최고!!",
        "SentimentWord": "4",
        "SentimentPolarity": "1"
      }
    ]
  },
  {
    "Index": "19512",
    "RawText": "이불건조를 위해 17kg 구매해서 건조 잘 되네요 세탁기와 직렬설치가 안 돼서 베란다에 건조기만 따로 설치했는데 사용하는데에 불편한건 별로 없어요 휴 주문하고 설치까지 3일밖에 안 걸려서 아주 만족하고 후회없는 선택이에요",
    "Source": "쇼핑몰",
    "Domain": "가전",
    "MainCategory": "생활/미용/욕실가전",
    "ProductName": "그랑데 삼성전자 DV17T8520BP 본체",
    "ReviewScore": "5",
    "Syllable": "123",
    "Word": "29",
    "RDate": "20220211",
    "Aspects": [
      {
        "Aspect": "기능",
        "SentimentText": "이불건조를 위해 17kg 구매해서 건조 잘 되네요",
        "SentimentWord": "7",
        "SentimentPolarity": "1"
      },
      {
        "Aspect": "편의성",
        "SentimentText": "베란다에 건조기만 따로 설치했는데 사용하는데에 불편한건 별로 없어요 휴",
        "SentimentWord": "9",
        "SentimentPolarity": "1"
      }
    ]
  },
  {
    "Index": "19514",
    "RawText": "예상보다 소음이 적어서 좋습니다! 특히 신발, 인형 등의 빨래감들을 건조할 때 사용하는 틀이 들어있는 점도 좋고요ㅎㅎ 기존 세탁기 위로 올려 설치했는데, 흔들림 없이 설치해주셔서 좋아요~",
    "Source": "쇼핑몰",
    "Domain": "가전",
    "MainCategory": "생활/미용/욕실가전",
    "ProductName": "그랑데 삼성전자 DV17T8520BP 본체",
    "ReviewScore": "5",
    "Syllable": "104",
    "Word": "25",
    "RDate": "20220218",
    "Aspects": [
      {
        "Aspect": "소음",
        "SentimentText": "예상보다 소음이 적어서 좋습니다!",
        "SentimentWord": "4",
        "SentimentPolarity": "1"
      },
      {
        "Aspect": "제품구성",
        "SentimentText": " 특히 신발, 인형 등의 빨래감들을 건조할 때 사용하는 틀이 들어있는 점도 좋고요ㅎㅎ",
        "SentimentWord": "12",
        "SentimentPolarity": "1"
      }
    ]
  },
  {
    "Index": "19515",
    "RawText": "기사님이 너무 친절하게 잘 설치해주셨어요~ 용량이 넉넉해서 이불도 건조할 수 있는 점 정말 좋고요! 사용해보니 성능은 역시 너무 만족스러워요~~ 아쉬운 점은 소음이 조금 있다는 점 정도?",
    "Source": "쇼핑몰",
    "Domain": "가전",
    "MainCategory": "생활/미용/욕실가전",
    "ProductName": "그랑데 삼성전자 DV17T8520BP 본체",
    "ReviewScore": "5",
    "Syllable": "104",
    "Word": "26",
    "RDate": "20211115",
    "Aspects": [
      {
        "Aspect": "용량",
        "SentimentText": "용량이 넉넉해서 이불도 건조할 수 있는 점 정말 좋고요! ",
        "SentimentWord": "9",
        "SentimentPolarity": "1"
      },
      {
        "Aspect": "기능",
        "SentimentText": "사용해보니 성능은 역시 너무 만족스러워요~~ ",
        "SentimentWord": "5",
        "SentimentPolarity": "1"
      },
      {
        "Aspect": "소음",
        "SentimentText": "아쉬운 점은 소음이 조금 있다는 점 정도?",
        "SentimentWord": "7",
        "SentimentPolarity": "-1"
      }
    ]
  },
  {
    "Index": "19516",
    "RawText": "날씨걱정 안해도 되고 빨래 밀리는거 걱정 안해도 되고 진짜 좋네요~ 너무 편해요^^ 색상 너무 이쁘고 깔끔해서 조아요",
    "Source": "쇼핑몰",
    "Domain": "가전",
    "MainCategory": "생활/미용/욕실가전",
    "ProductName": "그랑데 삼성전자 DV17T8520BP 본체",
    "ReviewScore": "5",
    "Syllable": "65",
    "Word": "17",
    "RDate": "20211113",
    "Aspects": [
      {
        "Aspect": "편의성",
        "SentimentText": "날씨걱정 안해도 되고 빨래 밀리는거 걱정 안해도 되고 진짜 좋네요~ 너무 편해요^^ ",
        "SentimentWord": "12",
        "SentimentPolarity": "1"
      },
      {
        "Aspect": "색상",
        "SentimentText": "색상 너무 이쁘고 깔끔해서 조아요",
        "SentimentWord": "5",
        "SentimentPolarity": "1"
      }
    ]
  },
  {
    "Index": "19517",
    "RawText": "세탁하고 나서 바로 건조기로 직행하니 세상세상 이렇게 편할수가 없네요~대만족^^ 카드할인되길래 제일 싸게 구입했네요 만족합니다!",
    "Source": "쇼핑몰",
    "Domain": "가전",
    "MainCategory": "생활/미용/욕실가전",
    "ProductName": "그랑데 삼성전자 DV17T8520BP 본체",
    "ReviewScore": "5",
    "Syllable": "71",
    "Word": "14",
    "RDate": "20211229",
    "Aspects": [
      {
        "Aspect": "편의성",
        "SentimentText": "세탁하고 나서 바로 건조기로 직행하니 세상세상 이렇게 편할수가 없네요~대만족^^",
        "SentimentWord": "9",
        "SentimentPolarity": "1"
      },
      {
        "Aspect": "가격",
        "SentimentText": "카드할인되길래 제일 싸게 구입했네요 만족합니다!",
        "SentimentWord": "5",
        "SentimentPolarity": "1"
      }
    ]
  },
  {
    "Index": "19518",
    "RawText": "저렴하게 잘 샀어요~!! 어제 예상보다 빨리 제품받고~ 오늘 이불,내복,수건등 AI건조하니 조금 축축함이 남아 20분을 추가돌렸니. 완전 말랐네요ㅎㅎ  먼지 엄청 나옴!!!만족!!!",
    "Source": "쇼핑몰",
    "Domain": "가전",
    "MainCategory": "생활/미용/욕실가전",
    "ProductName": "그랑데 삼성전자 DV17T8520BP 본체",
    "ReviewScore": "5",
    "Syllable": "101",
    "Word": "20",
    "RDate": "20211117",
    "Aspects": [
      {
        "Aspect": "가격",
        "SentimentText": "저렴하게 잘 샀어요~!!",
        "SentimentWord": "3",
        "SentimentPolarity": "1"
      },
      {
        "Aspect": "기능",
        "SentimentText": "AI건조하니 조금 축축함이 남아 20분을 추가돌렸니. 완전 말랐네요ㅎㅎ",
        "SentimentWord": "8",
        "SentimentPolarity": "1"
      }
    ]
  },
  {
    "Index": "19524",
    "RawText": "좋은 가격에 구입했어요 배송이 아주 빨라서 좋고 건조도 뽀송뽀송하니 잘되요. 튼튼한 제품으로 잘 산거 같아 만족해요",
    "Source": "쇼핑몰",
    "Domain": "가전",
    "MainCategory": "생활/미용/욕실가전",
    "ProductName": "그랑데 삼성전자 DV17T8520BP 본체",
    "ReviewScore": "5",
    "Syllable": "64",
    "Word": "16",
    "RDate": "20220629",
    "Aspects": [
      {
        "Aspect": "가격",
        "SentimentText": "좋은 가격에 구입했어요 ",
        "SentimentWord": "3",
        "SentimentPolarity": "1"
      },
      {
        "Aspect": "기능",
        "SentimentText": "건조도 뽀송뽀송하니 잘되요",
        "SentimentWord": "3",
        "SentimentPolarity": "1"
      },
      {
        "Aspect": "내구성",
        "SentimentText": "튼튼한 제품으로 잘 산거 같아 만족해요",
        "SentimentWord": "6",
        "SentimentPolarity": "1"
      }
    ]
  },
  {
    "Index": "19525",
    "RawText": "비오는날에도 빨래걱정 안해서 좋아요 그런데  가격 저렴하게 구입했다고 생각했었는데 10만원 정도 더 싸진걸 보니 기분이 언잖네요ㅠ",
    "Source": "쇼핑몰",
    "Domain": "가전",
    "MainCategory": "생활/미용/욕실가전",
    "ProductName": "그랑데 삼성전자 DV17T8520BP 본체",
    "ReviewScore": "5",
    "Syllable": "72",
    "Word": "16",
    "RDate": "20220625",
    "GeneralPolarity": "0",
    "Aspects": [
      {
        "Aspect": "편의성",
        "SentimentText": "비오는날에도 빨래걱정 안해서 좋아요",
        "SentimentWord": "4",
        "SentimentPolarity": "1"
      },
      {
        "Aspect": "가격",
        "SentimentText": "가격 저렴하게 구입했다고 생각했었는데 10만원 정도 더 싸진걸 보니 기분이 언잖네요ㅠ",
        "SentimentWord": "11",
        "SentimentPolarity": "-1"
      }
    ]
  },
  {
    "Index": "19526",
    "RawText": "장마철에도 빨래가 빨리 마르네요 기사분들도 친절하게 배송해주시고 오자마자 베게 세탁해봤는데 뽀송하게 잘말라 좋아요",
    "Source": "쇼핑몰",
    "Domain": "가전",
    "MainCategory": "생활/미용/욕실가전",
    "ProductName": "그랑데 삼성전자 DV17T8520BP 본체",
    "ReviewScore": "4",
    "Syllable": "63",
    "Word": "13",
    "RDate": "20220705",
    "Aspects": [
      {
        "Aspect": "편의성",
        "SentimentText": "장마철에도 빨래가 빨리 마르네요",
        "SentimentWord": "4",
        "SentimentPolarity": "1"
      },
      {
        "Aspect": "기능",
        "SentimentText": "오자마자 베게 세탁해봤는데 뽀송하게 잘말라 좋아요",
        "SentimentWord": "6",
        "SentimentPolarity": "1"
      }
    ]
  },
  {
    "Index": "19527",
    "RawText": "장마철 습도가 높아도 건조기를 사용하니 뽀송하게 말라 좋아요.가격도 저렴했어요. 기사님이 친절하게 설치해주셔서 잘 사용하고 있어요.",
    "Source": "쇼핑몰",
    "Domain": "가전",
    "MainCategory": "생활/미용/욕실가전",
    "ProductName": "그랑데 삼성전자 DV17T8520BP 본체",
    "ReviewScore": "5",
    "Syllable": "73",
    "Word": "15",
    "RDate": "20220707",
    "Aspects": [
      {
        "Aspect": "기능",
        "SentimentText": "장마철 습도가 높아도 건조기를 사용하니 뽀송하게 말라 좋아요.",
        "SentimentWord": "8",
        "SentimentPolarity": "1"
      },
      {
        "Aspect": "가격",
        "SentimentText": "가격도 저렴했어요.",
        "SentimentWord": "2",
        "SentimentPolarity": "1"
      }
    ]
  },
  {
    "Index": "19528",
    "RawText": "좋은 기회에 싼 가격에 구입해 좋습니다 건조기능이 좋아서 기모바지같은 경우도 기모가 금새 살아나네요^^!",
    "Source": "쇼핑몰",
    "Domain": "가전",
    "MainCategory": "생활/미용/욕실가전",
    "ProductName": "그랑데 삼성전자 DV17T8520BP 본체",
    "ReviewScore": "5",
    "Syllable": "58",
    "Word": "13",
    "RDate": "20211217",
    "GeneralPolarity": "1",
    "Aspects": [
      {
        "Aspect": "가격",
        "SentimentText": "좋은 기회에 싼 가격에 구입해 좋습니다",
        "SentimentWord": "6",
        "SentimentPolarity": "1"
      },
      {
        "Aspect": "기능",
        "SentimentText": "건조기능이 좋아서 기모바지같은 경우도 기모가 금새 살아나네요^^",
        "SentimentWord": "7",
        "SentimentPolarity": "1"
      }
    ]
  },
  {
    "Index": "19529",
    "RawText": "저희집 건조기 성능에 너무 만족스러워요 부모님께도 선물했어요  17kg이라 완전 넉넉해서 이불 건조도 문제없어요 ㅎㅎ",
    "Source": "쇼핑몰",
    "Domain": "가전",
    "MainCategory": "생활/미용/욕실가전",
    "ProductName": "그랑데 삼성전자 DV17T8520BP 본체",
    "ReviewScore": "5",
    "Syllable": "65",
    "Word": "14",
    "RDate": "20211215",
    "Aspects": [
      {
        "Aspect": "기능",
        "SentimentText": "저희집 건조기 성능에 너무 만족스러워요 부모님께도 선물했어요",
        "SentimentWord": "7",
        "SentimentPolarity": "1"
      },
      {
        "Aspect": "용량",
        "SentimentText": " 17kg이라 완전 넉넉해서 이불 건조도 문제없어요 ㅎㅎ",
        "SentimentWord": "7",
        "SentimentPolarity": "1"
      }
    ]
  },
  {
    "Index": "19530",
    "RawText": "저희집에 사서 건조기를 편리하게 너무잘쓰고있어서   생신선물로 사드렸는데 너무좋아하세요~ 디자인도 영롱하니 만에 든다하네요!!",
    "Source": "쇼핑몰",
    "Domain": "가전",
    "MainCategory": "생활/미용/욕실가전",
    "ProductName": "그랑데 삼성전자 DV17T8520BP 본체",
    "ReviewScore": "5",
    "Syllable": "70",
    "Word": "12",
    "RDate": "20211126",
    "Aspects": [
      {
        "Aspect": "편의성",
        "SentimentText": "저희집에 사서 건조기를 편리하게 너무잘쓰고있어서",
        "SentimentWord": "5",
        "SentimentPolarity": "1"
      },
      {
        "Aspect": "디자인",
        "SentimentText": "디자인도 영롱하니 만에 든다하네요!!",
        "SentimentWord": "4",
        "SentimentPolarity": "1"
      }
    ]
  },
  {
    "Index": "19531",
    "RawText": "정말 신세계네요 .사용해 보니 굉장히 편리하고 좋아서, 왜 이제야 샀나싶을정도로 매우 만족합니다.빨아서 바로 입을수있고 ,먼지도 다털어서 제거되니 너무 개운하고 좋아요 정말 강력하게 추천합니다 건조기 꼭사서쓰세용",
    "Source": "쇼핑몰",
    "Domain": "가전",
    "MainCategory": "생활/미용/욕실가전",
    "ProductName": "그랑데 삼성전자 DV17T8520BP 본체",
    "ReviewScore": "5",
    "Syllable": "118",
    "Word": "25",
    "RDate": "20211128",
    "GeneralPolarity": "1",
    "Aspects": [
      {
        "Aspect": "편의성",
        "SentimentText": "정말 신세계네요.사용해 보니 굉장히 편리하고 좋아서,왜 이제야 샀나싶을정도로 매우 만족합니다.",
        "SentimentWord": "10",
        "SentimentPolarity": "1"
      },
      {
        "Aspect": "시간/속도",
        "SentimentText": "빨아서 바로 입을 수 있고",
        "SentimentWord": "5",
        "SentimentPolarity": "1"
      },
      {
        "Aspect": "기능",
        "SentimentText": "먼지도 다털어서 제거되니 너무 개운하고 좋아요",
        "SentimentWord": "6",
        "SentimentPolarity": "1"
      }
    ]
  },
  {
    "Index": "19532",
    "RawText": "제품이 크고 좋아요 건조 뽀송하게 잘됩니다 가성비가 가장 좋더라고요 잘사용하겠습니다",
    "Source": "쇼핑몰",
    "Domain": "가전",
    "MainCategory": "생활/미용/욕실가전",
    "ProductName": "그랑데 삼성전자 DV17T8520BP 본체",
    "ReviewScore": "4",
    "Syllable": "46",
    "Word": "10",
    "RDate": "20220623",
    "GeneralPolarity": "1",
    "Aspects": [
      {
        "Aspect": "사이즈",
        "SentimentText": "제품이 크고 좋아요 ",
        "SentimentWord": "3",
        "SentimentPolarity": "1"
      },
      {
        "Aspect": "기능",
        "SentimentText": "건조 뽀송하게 잘됩니다",
        "SentimentWord": "3",
        "SentimentPolarity": "1"
      },
      {
        "Aspect": "가격",
        "SentimentText": " 가성비가 가장 좋더라고요",
        "SentimentWord": "3",
        "SentimentPolarity": "1"
      }
    ]
  },
  {
    "Index": "19533",
    "RawText": "좋네요 에이아이모드로 건조 좋아요~저렴하게 잘샀어요 17키로 용량이 충분합니다. 애들옷 어른 트레이닝복 한번에 건조하니 좋고,수건과 주1회 이불털기 완전 편리하네요",
    "Source": "쇼핑몰",
    "Domain": "가전",
    "MainCategory": "생활/미용/욕실가전",
    "ProductName": "그랑데 삼성전자 DV17T8520BP 본체",
    "ReviewScore": "5",
    "Syllable": "91",
    "Word": "18",
    "RDate": "20220305",
    "GeneralPolarity": "1",
    "Aspects": [
      {
        "Aspect": "기능",
        "SentimentText": "에이아이모드로 건조 좋아요",
        "SentimentWord": "3",
        "SentimentPolarity": "1"
      },
      {
        "Aspect": "가격",
        "SentimentText": "저렴하게 잘샀어요",
        "SentimentWord": "2",
        "SentimentPolarity": "1"
      },
      {
        "Aspect": "용량",
        "SentimentText": "17키로 용량이 충분합니다.",
        "SentimentWord": "3",
        "SentimentPolarity": "1"
      },
      {
        "Aspect": "편의성",
        "SentimentText": "수건과 주1회 이불털기 완전 편리하네요",
        "SentimentWord": "5",
        "SentimentPolarity": "1"
      }
    ]
  },
  {
    "Index": "19534",
    "RawText": "사용해보니 건조가  빨라 좋아요 . 전기소모가 큰 것은 단점이에요.멀티탭 연결해서 사용하니 갑자기 전원이 꺼져서,고용량 콘센트로 사용하고 있어요",
    "Source": "쇼핑몰",
    "Domain": "가전",
    "MainCategory": "생활/미용/욕실가전",
    "ProductName": "그랑데 삼성전자 DV17T8520BP 본체",
    "ReviewScore": "5",
    "Syllable": "80",
    "Word": "17",
    "RDate": "20211206",
    "GeneralPolarity": "0",
    "Aspects": [
      {
        "Aspect": "기능",
        "SentimentText": "사용해보니 건조가  빨라 좋아요 ",
        "SentimentWord": "4",
        "SentimentPolarity": "1"
      },
      {
        "Aspect": "소비전력",
        "SentimentText": "전기소모가 큰 것은 단점이에요.멀티탭 연결해서 사용하니 갑자기 전원이 꺼져서,고용량 콘센트로 사용하고 있어요",
        "SentimentWord": "12",
        "SentimentPolarity": "-1"
      }
    ]
  },
  {
    "Index": "19535",
    "RawText": "좋아서 추천해요!추천합니다~!!^^♡작동이 잘되서 좋아요.사진처럼 이불빨래도 잘 되고,세탁기와 색상이 잘어울려서 기분도 좋아요.",
    "Source": "쇼핑몰",
    "Domain": "가전",
    "MainCategory": "생활/미용/욕실가전",
    "ProductName": "그랑데 삼성전자 DV17T8520BP 본체",
    "ReviewScore": "5",
    "Syllable": "71",
    "Word": "11",
    "RDate": "20211117",
    "GeneralPolarity": "1",
    "Aspects": [
      {
        "Aspect": "기능",
        "SentimentText": "작동이 잘되서 좋아요.사진처럼 이불빨래도 잘 되고",
        "SentimentWord": "6",
        "SentimentPolarity": "1"
      },
      {
        "Aspect": "색상",
        "SentimentText": "세탁기와 색상이 잘어울려서 기분도 좋아요",
        "SentimentWord": "5",
        "SentimentPolarity": "1"
      }
    ]
  },
  {
    "Index": "19536",
    "RawText": "건조가 잘 되어서 너무 좋아요. 소음이 조금있어요. 빨래에서 냄새가 없이 뽀송뽀송 해요 ㅋㅋㅋ",
    "Source": "쇼핑몰",
    "Domain": "가전",
    "MainCategory": "생활/미용/욕실가전",
    "ProductName": "그랑데 삼성전자 DV17T8520BP 본체",
    "ReviewScore": "5",
    "Syllable": "52",
    "Word": "13",
    "RDate": "20220707",
    "GeneralPolarity": "1",
    "Aspects": [
      {
        "Aspect": "기능",
        "SentimentText": "건조가 잘 되어서 너무 좋아요. ",
        "SentimentWord": "5",
        "SentimentPolarity": "1"
      },
      {
        "Aspect": "소음",
        "SentimentText": "소음이 조금있어요.",
        "SentimentWord": "2",
        "SentimentPolarity": "-1"
      },
      {
        "Aspect": "기능",
        "SentimentText": "빨래에서 냄새가 없이 뽀송뽀송 해요 ㅋㅋㅋ",
        "SentimentWord": "6",
        "SentimentPolarity": "1"
      }
    ]
  },
  {
    "Index": "19537",
    "RawText": "사용법이 간단해서 사용하기 좋아요~ 가전은 역시  ooo가 최고에요!!",
    "Source": "쇼핑몰",
    "Domain": "가전",
    "MainCategory": "생활/미용/욕실가전",
    "ProductName": "그랑데 삼성전자 DV17T8520BP 본체",
    "ReviewScore": "5",
    "Syllable": "39",
    "Word": "8",
    "RDate": "20220420",
    "Aspects": [
      {
        "Aspect": "조작성",
        "SentimentText": " 사용법이 간단해서 사용하기 좋아요",
        "SentimentWord": "4",
        "SentimentPolarity": "1"
      },
      {
        "Aspect": "제조일/제조사",
        "SentimentText": "가전은 역시  ooo가 최고에요!! ",
        "SentimentWord": "4",
        "SentimentPolarity": "1"
      }
    ]
  },
  {
    "Index": "19538",
    "RawText": "할인 받아 저렴하게 잘 샀어요. 원하는 날에 배송 받아 좋았어요. 건조기는 역시 000입니다.",
    "Source": "쇼핑몰",
    "Domain": "가전",
    "MainCategory": "생활/미용/욕실가전",
    "ProductName": "그랑데 삼성전자 DV17T8520BP 본체",
    "ReviewScore": "5",
    "Syllable": "52",
    "Word": "13",
    "RDate": "20220704",
    "Aspects": [
      {
        "Aspect": "가격",
        "SentimentText": "할인 받아 저렴하게 잘 샀어요.",
        "SentimentWord": "5",
        "SentimentPolarity": "1"
      },
      {
        "Aspect": "제조일/제조사",
        "SentimentText": "건조기는 역시 000입니다.",
        "SentimentWord": "3",
        "SentimentPolarity": "1"
      }
    ]
  },
  {
    "Index": "19539",
    "RawText": "좋은가격으로 부모님선물을 사드렸어요 ^^장마철에 널지 않아서 부모님이 편하다고 하시네요~~너무 좋아하세요!",
    "Source": "쇼핑몰",
    "Domain": "가전",
    "MainCategory": "생활/미용/욕실가전",
    "ProductName": "그랑데 삼성전자 DV17T8520BP 본체",
    "ReviewScore": "5",
    "Syllable": "59",
    "Word": "10",
    "RDate": "20220822",
    "GeneralPolarity": "1",
    "Aspects": [
      {
        "Aspect": "가격",
        "SentimentText": "좋은 가격으로 부모님선물을 사드렸어요^^",
        "SentimentWord": "4",
        "SentimentPolarity": "1"
      },
      {
        "Aspect": "편의성",
        "SentimentText": "장마철에 널지 않아서 부모님이 편하다고 하시네요~",
        "SentimentWord": "6",
        "SentimentPolarity": "1"
      }
    ]
  },
  {
    "Index": "19540",
    "RawText": "건조력 만큼은 확실하네요!!최고에요.뽀송뽀송~  실버색상도 고급스럽게 잘어울리고요~만족만족^^",
    "Source": "쇼핑몰",
    "Domain": "가전",
    "MainCategory": "생활/미용/욕실가전",
    "ProductName": "그랑데 삼성전자 DV17T8520BP 본체",
    "ReviewScore": "5",
    "Syllable": "52",
    "Word": "6",
    "RDate": "20220214",
    "Aspects": [
      {
        "Aspect": "기능",
        "SentimentText": "건조력 만큼은 확실하네요!!최고에요.뽀송뽀송~",
        "SentimentWord": "3",
        "SentimentPolarity": "1"
      },
      {
        "Aspect": "색상",
        "SentimentText": " 실버색상도 고급스럽게 잘어울리고요~만족만족^^",
        "SentimentWord": "3",
        "SentimentPolarity": "1"
      }
    ]
  },
  {
    "Index": "19541",
    "RawText": "좋은가격으로 잘 구입했어요~~  미리 샀으면 더 좋았겠지만 늦장마 비가 오는 요즘에 뽀송하게 말릴수 있어서 최고 이네요.굿ㅅㅅ",
    "Source": "쇼핑몰",
    "Domain": "가전",
    "MainCategory": "생활/미용/욕실가전",
    "ProductName": "그랑데 삼성전자 DV17T8520BP 본체",
    "ReviewScore": "5",
    "Syllable": "70",
    "Word": "16",
    "RDate": "20220813",
    "Aspects": [
      {
        "Aspect": "가격",
        "SentimentText": "좋은가격으로 잘 구입했어요~~ ",
        "SentimentWord": "3",
        "SentimentPolarity": "1"
      },
      {
        "Aspect": "기능",
        "SentimentText": "비가 오는 요즘에 뽀송하게 말릴수 있어서 최고 이네요",
        "SentimentWord": "8",
        "SentimentPolarity": "1"
      }
    ]
  },
  {
    "Index": "19542",
    "RawText": "디자인 너무 이쁘네요~ 세련미가 넘쳐요 가격은 할인을 받아 저렴하게 잘샀습니다.",
    "Source": "쇼핑몰",
    "Domain": "가전",
    "MainCategory": "생활/미용/욕실가전",
    "ProductName": "그랑데 삼성전자 DV17T8520BP 본체",
    "ReviewScore": "4",
    "Syllable": "44",
    "Word": "10",
    "RDate": "20220811",
    "Aspects": [
      {
        "Aspect": "가격",
        "SentimentText": "가격은 할인을 받아 저렴하게 잘샀습니다.",
        "SentimentWord": "5",
        "SentimentPolarity": "1"
      },
      {
        "Aspect": "디자인",
        "SentimentText": "디자인 너무 이쁘네요~ 세련미가 넘쳐요",
        "SentimentWord": "5",
        "SentimentPolarity": "1"
      }
    ]
  },
  {
    "Index": "19543",
    "RawText": "빨랫감도 뽀송뽀송하니 아주 잘 마르네요 ~ 제품 디자인 만족합니다.",
    "Source": "쇼핑몰",
    "Domain": "가전",
    "MainCategory": "생활/미용/욕실가전",
    "ProductName": "그랑데 삼성전자 DV17T8520BP 본체",
    "ReviewScore": "5",
    "Syllable": "37",
    "Word": "9",
    "RDate": "20220824",
    "Aspects": [
      {
        "Aspect": "기능",
        "SentimentText": " 빨랫감도 뽀송뽀송하니 아주 잘 마르네요 ~",
        "SentimentWord": "6",
        "SentimentPolarity": "1"
      },
      {
        "Aspect": "디자인",
        "SentimentText": "제품 디자인 만족합니다",
        "SentimentWord": "3",
        "SentimentPolarity": "1"
      }
    ]
  },
  {
    "Index": "19544",
    "RawText": "특가로 가격도 저렴하게 샀고 역시 건조기는 품질좋은 000을 추천합니다.",
    "Source": "쇼핑몰",
    "Domain": "가전",
    "MainCategory": "생활/미용/욕실가전",
    "ProductName": "그랑데 삼성전자 DV17T8520BP 본체",
    "ReviewScore": "5",
    "Syllable": "40",
    "Word": "9",
    "RDate": "20211123",
    "Aspects": [
      {
        "Aspect": "가격",
        "SentimentText": "특가로 가격도 저렴하게 샀고",
        "SentimentWord": "4",
        "SentimentPolarity": "1"
      },
      {
        "Aspect": "품질",
        "SentimentText": "건조기는 품질좋은 000을 추천합니다.",
        "SentimentWord": "4",
        "SentimentPolarity": "1"
      }
    ]
  },
  {
    "Index": "19545",
    "RawText": "주문하고이틀만에 빠르게 배송받았어요. ai자동기능이 있어서 조작하기도 쉽고 좋아요.  소음도 조용해서 만족합니다. ^^보송하게 잘 말라 건조대에 널지않아 속편해요~^^",
    "Source": "쇼핑몰",
    "Domain": "가전",
    "MainCategory": "생활/미용/욕실가전",
    "ProductName": "그랑데 삼성전자 DV17T8520BP 본체",
    "ReviewScore": "5",
    "Syllable": "93",
    "Word": "17",
    "RDate": "20211114",
    "Aspects": [
      {
        "Aspect": "기능",
        "SentimentText": "ai자동기능이 있어서 조작하기도 쉽고 좋아요.",
        "SentimentWord": "5",
        "SentimentPolarity": "1"
      },
      {
        "Aspect": "소음",
        "SentimentText": " 소음도 조용해서 만족합니다. ^^",
        "SentimentWord": "4",
        "SentimentPolarity": "1"
      },
      {
        "Aspect": "기능",
        "SentimentText": "보송하게 잘 말라 건조대에 널지않아 속편해요~^^",
        "SentimentWord": "6",
        "SentimentPolarity": "1"
      }
    ]
  },
  {
    "Index": "19546",
    "RawText": "주문하고 바로 배송 빠르네요. 가격도 세일해서 저렴하게 잘 샀습니다.장마철 건조기사용시 잘 마른 빨래에 만족합니다.",
    "Source": "쇼핑몰",
    "Domain": "가전",
    "MainCategory": "생활/미용/욕실가전",
    "ProductName": "그랑데 삼성전자 DV17T8520BP 본체",
    "ReviewScore": "5",
    "Syllable": "64",
    "Word": "14",
    "RDate": "20220628",
    "Aspects": [
      {
        "Aspect": "가격",
        "SentimentText": "가격도 세일해서 저렴하게 잘 샀습니다.",
        "SentimentWord": "5",
        "SentimentPolarity": "1"
      },
      {
        "Aspect": "기능",
        "SentimentText": "장마철 건조기사용시 잘 마른 빨래에 만족합니다.",
        "SentimentWord": "6",
        "SentimentPolarity": "1"
      }
    ]
  },
  {
    "Index": "19547",
    "RawText": "건조시 시간이 스피디하게 잘되네요^^ 사용해보니 편리해요.역시 잘샀다 싶네요~",
    "Source": "쇼핑몰",
    "Domain": "가전",
    "MainCategory": "생활/미용/욕실가전",
    "ProductName": "그랑데 삼성전자 DV17T8520BP 본체",
    "ReviewScore": "5",
    "Syllable": "43",
    "Word": "8",
    "RDate": "20220322",
    "Aspects": [
      {
        "Aspect": "시간/속도",
        "SentimentText": "건조시 시간이 스피디하게 잘되네요^^",
        "SentimentWord": "4",
        "SentimentPolarity": "1"
      },
      {
        "Aspect": "편의성",
        "SentimentText": "사용해보니 편리해요.역시 잘샀다 싶네요~ ",
        "SentimentWord": "4",
        "SentimentPolarity": "1"
      }
    ]
  },
  {
    "Index": "19548",
    "RawText": "주변 호응이 좋아 구입. 예전 모델들보다 건조가 잘 돼서 무척 기뻤어요. 옷에 있던 많은 먼지를 잘 제거해줘요. 알러지있는 가정엔 꼭 사용하세요.",
    "Source": "쇼핑몰",
    "Domain": "가전",
    "MainCategory": "생활/미용/욕실가전",
    "ProductName": "그랑데 삼성전자 DV17T8520BP 본체",
    "ReviewScore": "5",
    "Syllable": "81",
    "Word": "21",
    "RDate": "20220306",
    "GeneralPolarity": "1",
    "Aspects": [
      {
        "Aspect": "기능",
        "SentimentText": "예전 모델들보다 건조가 잘 돼서 무척 기뻤어요.",
        "SentimentWord": "7",
        "SentimentPolarity": "1"
      },
      {
        "Aspect": "기능",
        "SentimentText": "옷에 있던 많은 먼지를 잘 제거해줘요.알러지있는 가정엔 꼭 사용하세요.",
        "SentimentWord": "9",
        "SentimentPolarity": "1"
      }
    ]
  },
  {
    "Index": "19549",
    "RawText": "주위에서 건조기 강력추천으로 이번에  마련했어요. 앵글 요청으로 세탁기위에 친절하게 설치해줬어요. 넘 사용하기 편리하고 공간을 차지 하지 않고 조아요^^",
    "Source": "쇼핑몰",
    "Domain": "가전",
    "MainCategory": "생활/미용/욕실가전",
    "ProductName": "그랑데 삼성전자 DV17T8520BP 본체",
    "ReviewScore": "5",
    "Syllable": "85",
    "Word": "18",
    "RDate": "20220129",
    "Aspects": [
      {
        "Aspect": "편의성",
        "SentimentText": " 넘 사용하기 편리하고",
        "SentimentWord": "3",
        "SentimentPolarity": "1"
      },
      {
        "Aspect": "사이즈",
        "SentimentText": " 공간을 차지 하지 않고 조아요^^ ",
        "SentimentWord": "5",
        "SentimentPolarity": "1"
      }
    ]
  },
  {
    "Index": "19550",
    "RawText": "건조기 신세계네요!!! 역시 가잔은 ㅇㅇㅇ가 최고에요~  할인으로 가격까지 저렴합니다.",
    "Source": "쇼핑몰",
    "Domain": "가전",
    "MainCategory": "생활/미용/욕실가전",
    "ProductName": "그랑데 삼성전자 DV17T8520BP 본체",
    "ReviewScore": "5",
    "Syllable": "48",
    "Word": "9",
    "RDate": "20220630",
    "Aspects": [
      {
        "Aspect": "제조일/제조사",
        "SentimentText": "건조기 신세계네요!!! 역시 가잔은 ㅇㅇㅇ가 최고에요~",
        "SentimentWord": "6",
        "SentimentPolarity": "1"
      },
      {
        "Aspect": "가격",
        "SentimentText": "할인으로 가격까지 저렴합니다. ",
        "SentimentWord": "3",
        "SentimentPolarity": "1"
      }
    ]
  },
  {
    "Index": "19551",
    "RawText": "건조기 구매했는데 할인도 많이 받아 좋네요^^  제일 큰 용량으로 구매했는데 아주 만족합니다. 무조건 크면 클수록 좋은 것 같아요!",
    "Source": "쇼핑몰",
    "Domain": "가전",
    "MainCategory": "생활/미용/욕실가전",
    "ProductName": "그랑데 삼성전자 DV17T8520BP 본체",
    "ReviewScore": "5",
    "Syllable": "73",
    "Word": "18",
    "RDate": "20220514",
    "Aspects": [
      {
        "Aspect": "가격",
        "SentimentText": "건조기 구매했는데 할인도 많이 받아 좋네요^^ ",
        "SentimentWord": "6",
        "SentimentPolarity": "1"
      },
      {
        "Aspect": "용량",
        "SentimentText": " 제일 큰 용량으로 구매했는데 아주 만족합니다. 무조건 크면 클수록 좋은 것 같아요! ",
        "SentimentWord": "12",
        "SentimentPolarity": "1"
      }
    ]
  },
  {
    "Index": "19552",
    "RawText": "1등급이라 에너지효율 짱!!  제품은 사용해보니 건조기능이 정말 마음에 들어요.",
    "Source": "쇼핑몰",
    "Domain": "가전",
    "MainCategory": "생활/미용/욕실가전",
    "ProductName": "그랑데 삼성전자 DV17T8520BP 본체",
    "ReviewScore": "5",
    "Syllable": "44",
    "Word": "9",
    "RDate": "20220714",
    "Aspects": [
      {
        "Aspect": "소비전력",
        "SentimentText": "1등급이라 에너지효율 짱!! ",
        "SentimentWord": "3",
        "SentimentPolarity": "1"
      },
      {
        "Aspect": "기능",
        "SentimentText": "제품은 사용해보니 건조기능이 정말 마음에 들어요.",
        "SentimentWord": "6",
        "SentimentPolarity": "1"
      }
    ]
  },
  {
    "Index": "19553",
    "RawText": "공간부족으로 직렬설치 어려울줄 알았는데 기사님께서 멋지게 설치 해주셨어요. 소음도 작은 건조기예요. 사용후 잘 건조된 뽀송한 옷들과 잘 지낼듯합니다.",
    "Source": "쇼핑몰",
    "Domain": "가전",
    "MainCategory": "생활/미용/욕실가전",
    "ProductName": "그랑데 삼성전자 DV17T8520BP 본체",
    "ReviewScore": "5",
    "Syllable": "83",
    "Word": "18",
    "RDate": "20220311",
    "Aspects": [
      {
        "Aspect": "소음",
        "SentimentText": "소음도 작은 건조기예요. ",
        "SentimentWord": "3",
        "SentimentPolarity": "1"
      },
      {
        "Aspect": "기능",
        "SentimentText": "사용후 잘 건조된 뽀송한 옷들과 잘 지낼듯합니다.",
        "SentimentWord": "7",
        "SentimentPolarity": "1"
      }
    ]
  },
  {
    "Index": "19554",
    "RawText": "처가집 사드림...가격도 할인받아 너무 만족합니다. 사용해보니 성능도 좋네요...가성비좋아서 할인된 가격에 나오면 또 살 예정입니다.",
    "Source": "쇼핑몰",
    "Domain": "가전",
    "MainCategory": "생활/미용/욕실가전",
    "ProductName": "그랑데 삼성전자 DV17T8520BP 본체",
    "ReviewScore": "5",
    "Syllable": "74",
    "Word": "14",
    "RDate": "20211129",
    "GeneralPolarity": "1",
    "Aspects": [
      {
        "Aspect": "가격",
        "SentimentText": "가격도 할인받아 너무 만족합니다.",
        "SentimentWord": "4",
        "SentimentPolarity": "1"
      },
      {
        "Aspect": "기능",
        "SentimentText": "사용해보니 성능도 좋네요...",
        "SentimentWord": "3",
        "SentimentPolarity": "1"
      },
      {
        "Aspect": "가격",
        "SentimentText": "가성비좋아서 할인된 가격에 나오면 또 살 예정입니다.",
        "SentimentWord": "7",
        "SentimentPolarity": "1"
      }
    ]
  },
  {
    "Index": "19555",
    "RawText": "배송은 느립니다.약 20일 걸린거 같네요. 설치 장소가 마땅하지 않아 거실에 두었지만 디자인이 거슬리지 않아요. 처음 사용해보니 기본 모드가 생각보다 소음이 있네요. 건조기능은 마음에 듭니다^^",
    "Source": "쇼핑몰",
    "Domain": "가전",
    "MainCategory": "생활/미용/욕실가전",
    "ProductName": "그랑데 삼성전자 DV17T8520BP 본체",
    "ReviewScore": "4",
    "Syllable": "108",
    "Word": "24",
    "RDate": "20220809",
    "Aspects": [
      {
        "Aspect": "디자인",
        "SentimentText": "설치 장소가 마땅하지 않아 거실에 두었지만 디자인이 거슬리지 않아요. ",
        "SentimentWord": "9",
        "SentimentPolarity": "0"
      },
      {
        "Aspect": "소음",
        "SentimentText": "기본 모드가 생각보다 소음이 있네요. ",
        "SentimentWord": "5",
        "SentimentPolarity": "-1"
      },
      {
        "Aspect": "기능",
        "SentimentText": "건조기능은 마음에 듭니다^^",
        "SentimentWord": "3",
        "SentimentPolarity": "1"
      }
    ]
  },
  {
    "Index": "19556",
    "RawText": "최근 구매한 가전 제품중 가장 만족스럽게 사용중입니다. 눅눅한 장마철에 빨래를 뽀송하게 건조시켜 줍니다. 빠른 배송과 설치가 좋습니다.",
    "Source": "쇼핑몰",
    "Domain": "가전",
    "MainCategory": "생활/미용/욕실가전",
    "ProductName": "그랑데 삼성전자 DV17T8520BP 본체",
    "ReviewScore": "5",
    "Syllable": "75",
    "Word": "17",
    "RDate": "20220630",
    "Aspects": [
      {
        "Aspect": "품질",
        "SentimentText": "최근 구매한 가전 제품중 가장 만족스럽게 사용중입니다.",
        "SentimentWord": "7",
        "SentimentPolarity": "1"
      },
      {
        "Aspect": "기능",
        "SentimentText": "눅눅한 장마철에 빨래를 뽀송하게 건조시켜 줍니다.",
        "SentimentWord": "6",
        "SentimentPolarity": "1"
      }
    ]
  },
  {
    "Index": "19557",
    "RawText": "조작하기도 쉽고 간편해서 만족~ 좋은상품 편리해서 알차게 사용중이고 만족합니다 !’",
    "Source": "쇼핑몰",
    "Domain": "가전",
    "MainCategory": "생활/미용/욕실가전",
    "ProductName": "그랑데 삼성전자 DV17T8520BP 본체",
    "ReviewScore": "5",
    "Syllable": "46",
    "Word": "10",
    "RDate": "20220204",
    "Aspects": [
      {
        "Aspect": "조작성",
        "SentimentText": "조작하기도 쉽고 간편해서 만족~",
        "SentimentWord": "4",
        "SentimentPolarity": "1"
      },
      {
        "Aspect": "편의성",
        "SentimentText": "좋은상품 편리해서 알차게 사용중이고  만족합니다 !’",
        "SentimentWord": "6",
        "SentimentPolarity": "1"
      }
    ]
  },
  {
    "Index": "19558",
    "RawText": "세탁기와 직렬설치 희망하여앵글까지 말했는데 안타갑게도 너비가 앵글설치 불가로 반품도 안되고 속상해요.일단 거실에서 사용해보고 불편하면 서비스받기로 했어요. 000 건조기 쓰고있던터라 성능은 아주 만족스럽습니다!! 설치도 친절하게 해주시고 설명도 알아듣기 쉽게 해주셨어요.~가격도할인 행사해서 저렴하고 좋으네요~~!!",
    "Source": "쇼핑몰",
    "Domain": "가전",
    "MainCategory": "생활/미용/욕실가전",
    "ProductName": "그랑데 삼성전자 DV17T8520BP 본체",
    "ReviewScore": "4",
    "Syllable": "176",
    "Word": "32",
    "RDate": "20220120",
    "Aspects": [
      {
        "Aspect": "기능",
        "SentimentText": "000 건조기 쓰고있던터라 성능은 아주 만족스럽습니다!! ",
        "SentimentWord": "6",
        "SentimentPolarity": "1"
      },
      {
        "Aspect": "가격",
        "SentimentText": "가격도할인 행사해서 저렴하고 좋으네요~~!!",
        "SentimentWord": "4",
        "SentimentPolarity": "1"
      }
    ]
  },
  {
    "Index": "19559",
    "RawText": "친정엄마 선물로 사드렸는데.. 배송이 느려 한달걸린거같아요그래도 받고엄마가 건조가 잘된다고 좋아하시는거보니저도 기분이좋아요ㅎ할인받아 저렴하게 사서 뿌듯하네요ㅎㅎ",
    "Source": "쇼핑몰",
    "Domain": "가전",
    "MainCategory": "생활/미용/욕실가전",
    "ProductName": "그랑데 삼성전자 DV17T8520BP 본체",
    "ReviewScore": "4",
    "Syllable": "89",
    "Word": "14",
    "RDate": "20220822",
    "Aspects": [
      {
        "Aspect": "기능",
        "SentimentText": "건조가 잘된다고 좋아하시는거보니저도 기분이좋아요ㅎ",
        "SentimentWord": "4",
        "SentimentPolarity": "1"
      },
      {
        "Aspect": "가격",
        "SentimentText": "할인받아 저렴하게 사서 뿌듯하네요ㅎㅎ",
        "SentimentWord": "4",
        "SentimentPolarity": "1"
      }
    ]
  },
  {
    "Index": "19560",
    "RawText": "건조기의 깔끔한 디자인이 맘에들어요. 제가 필요했던 기능들이 다 들어있어 잘 씁니다.^^빨래가 뽀송하게 건조되어 좋아요~~^^",
    "Source": "쇼핑몰",
    "Domain": "가전",
    "MainCategory": "생활/미용/욕실가전",
    "ProductName": "그랑데 삼성전자 DV17T8520BP 본체",
    "ReviewScore": "5",
    "Syllable": "70",
    "Word": "14",
    "RDate": "20220116",
    "GeneralPolarity": "1",
    "Aspects": [
      {
        "Aspect": "디자인",
        "SentimentText": "건조기의 깔끔한 디자인이 맘에들어요.",
        "SentimentWord": "4",
        "SentimentPolarity": "1"
      },
      {
        "Aspect": "기능",
        "SentimentText": "제가 필요했던 기능들이 다 들어있어 잘 씁니다.^^",
        "SentimentWord": "7",
        "SentimentPolarity": "1"
      },
      {
        "Aspect": "기능",
        "SentimentText": "빨래가 뽀송하게 건조되어 좋아요~~^^",
        "SentimentWord": "4",
        "SentimentPolarity": "1"
      }
    ]
  },
  {
    "Index": "19561",
    "RawText": "세일해서 저렴하게 잘 샀어요~!!^^ 주문후 빠른배송처리에 감사드립니다. 쾌적하게 잘 건조 되어 너무 좋아하시네요. 기본성능도 좋아 잘 씁니다.^^",
    "Source": "쇼핑몰",
    "Domain": "가전",
    "MainCategory": "생활/미용/욕실가전",
    "ProductName": "그랑데 삼성전자 DV17T8520BP 본체",
    "ReviewScore": "5",
    "Syllable": "82",
    "Word": "17",
    "RDate": "20220413",
    "Aspects": [
      {
        "Aspect": "가격",
        "SentimentText": "세일해서 저렴하게 잘 샀어요~!!^^",
        "SentimentWord": "4",
        "SentimentPolarity": "1"
      },
      {
        "Aspect": "기능",
        "SentimentText": "기본성능도 좋아 잘 씁니다.^^",
        "SentimentWord": "4",
        "SentimentPolarity": "1"
      }
    ]
  },
  {
    "Index": "19562",
    "RawText": "건조완료후에 빨래에서 꿉꿉한 냄새가 나요ㅠ 성능에 문제있는건지......  소리도 크게 나서 시끄러워 신경에 거슬려요....",
    "Source": "쇼핑몰",
    "Domain": "가전",
    "MainCategory": "생활/미용/욕실가전",
    "ProductName": "그랑데 삼성전자 DV17T8520BP 본체",
    "ReviewScore": "5",
    "Syllable": "69",
    "Word": "13",
    "RDate": "20220313",
    "Aspects": [
      {
        "Aspect": "기능",
        "SentimentText": "건조완료후에 빨래에서 꿉꿉한 냄새가 나요ㅠ 성능에 문제있는건지...... ",
        "SentimentWord": "7",
        "SentimentPolarity": "-1"
      },
      {
        "Aspect": "소음",
        "SentimentText": "소리도 크게 나서 시끄러워 신경에 거슬려요....",
        "SentimentWord": "6",
        "SentimentPolarity": "-1"
      }
    ]
  },
  {
    "Index": "19563",
    "RawText": "저렴한 가격에 사서 넘 좋아요^^ 사용하기 편리 하네요.",
    "Source": "쇼핑몰",
    "Domain": "가전",
    "MainCategory": "생활/미용/욕실가전",
    "ProductName": "그랑데 삼성전자 DV17T8520BP 본체",
    "ReviewScore": "5",
    "Syllable": "31",
    "Word": "8",
    "RDate": "20220315",
    "Aspects": [
      {
        "Aspect": "가격",
        "SentimentText": "저렴한 가격에 사서 넘 좋아요^^",
        "SentimentWord": "5",
        "SentimentPolarity": "1"
      },
      {
        "Aspect": "편의성",
        "SentimentText": "사용하기 편리 하네요.",
        "SentimentWord": "3",
        "SentimentPolarity": "1"
      }
    ]
  },
  {
    "Index": "19564",
    "RawText": "주문후 하루만에 빠르게 배송되었어요. 가성비가 넘좋아요^^건조기있어서 비가와서 습한날도 건조가 잘 됩니다.^^",
    "Source": "쇼핑몰",
    "Domain": "가전",
    "MainCategory": "생활/미용/욕실가전",
    "ProductName": "그랑데 삼성전자 DV17T8520BP 본체",
    "ReviewScore": "5",
    "Syllable": "61",
    "Word": "11",
    "RDate": "20220719",
    "Aspects": [
      {
        "Aspect": "가격",
        "SentimentText": "가성비가 넘좋아요^^",
        "SentimentWord": "2",
        "SentimentPolarity": "1"
      },
      {
        "Aspect": "기능",
        "SentimentText": "건조기있어서 비가와서 습한날도 건조가 잘 됩니다.^^",
        "SentimentWord": "6",
        "SentimentPolarity": "1"
      }
    ]
  },
  {
    "Index": "19565",
    "RawText": "저렴하게 세일하길래 바로 구매했어요.기사님께서 설치할 위치도 잘 잡아주시고 설명도 자세하게 해주셨어요. 내구성도 튼튼해 보여서 오랫동안 잘 사용할 것 같아요~~~:)",
    "Source": "쇼핑몰",
    "Domain": "가전",
    "MainCategory": "생활/미용/욕실가전",
    "ProductName": "그랑데 삼성전자 DV17T8520BP 본체",
    "ReviewScore": "5",
    "Syllable": "92",
    "Word": "19",
    "RDate": "20220108",
    "Aspects": [
      {
        "Aspect": "가격",
        "SentimentText": "저렴하게 세일하길래 바로 구매했어요.",
        "SentimentWord": "4",
        "SentimentPolarity": "1"
      },
      {
        "Aspect": "내구성",
        "SentimentText": "내구성도 튼튼해 보여서 오랫동안 잘 사용할 것 같아요~~~:)",
        "SentimentWord": "8",
        "SentimentPolarity": "1"
      }
    ]
  },
  {
    "Index": "19566",
    "RawText": "한달정도 예상했는데, 배송이 빠르게왔어요. 꿉꿉한 여름에 편하게 잘 쓰고 있습니다. 편리해서 빨래가 즐거워요.소음도 적은편이예요.",
    "Source": "쇼핑몰",
    "Domain": "가전",
    "MainCategory": "생활/미용/욕실가전",
    "ProductName": "그랑데 삼성전자 DV17T8520BP 본체",
    "ReviewScore": "5",
    "Syllable": "72",
    "Word": "14",
    "RDate": "20220811",
    "Aspects": [
      {
        "Aspect": "편의성",
        "SentimentText": "꿉꿉한 여름에 편하게 잘 쓰고 있습니다. 편리해서 빨래가 즐거워요.",
        "SentimentWord": "9",
        "SentimentPolarity": "1"
      },
      {
        "Aspect": "소음",
        "SentimentText": "소음도 적은편이예요.",
        "SentimentWord": "2",
        "SentimentPolarity": "1"
      }
    ]
  },
  {
    "Index": "19567",
    "RawText": "한참 인터넷 검색하다 000에서 목요일 주문하고 토요일 오후 빠르게 배달됐습니다. 배달하시는 분들이 잘 설치해 주시고 폐가전도 수거해 가셨네요.감사합니다. 그런데 새 제품의 부속이 깨져있어 설치해 주신분이 부품교환 도와주셨어요. ㅠ.ㅠ 이불털기 사용해보니 뜨끈,보송해서 좋았습니다.",
    "Source": "쇼핑몰",
    "Domain": "가전",
    "MainCategory": "생활/미용/욕실가전",
    "ProductName": "그랑데 삼성전자 DV17T8520BP 본체",
    "ReviewScore": "4",
    "Syllable": "157",
    "Word": "32",
    "RDate": "20220627",
    "Aspects": [
      {
        "Aspect": "제품구성",
        "SentimentText": "새 제품의 부속이 깨져있어 설치해 주신분이 부품교환 도와주셨어요. ㅠ.ㅠ",
        "SentimentWord": "9",
        "SentimentPolarity": "-1"
      },
      {
        "Aspect": "기능",
        "SentimentText": "이불털기 사용해보니 뜨끈,보송해서 좋았습니다.",
        "SentimentWord": "4",
        "SentimentPolarity": "1"
      }
    ]
  },
  {
    "Index": "19568",
    "RawText": "할인 행사로 저렴하게 구매했어요.설치 기사님이 친절하고 정성껏 설치해주셨어요. 건조기 소음없이조용해요. 뽀송하게 잘 말라 신세계예요. 좋아서 추천 합니다.~~^^",
    "Source": "쇼핑몰",
    "Domain": "가전",
    "MainCategory": "생활/미용/욕실가전",
    "ProductName": "그랑데 삼성전자 DV17T8520BP 본체",
    "ReviewScore": "5",
    "Syllable": "90",
    "Word": "17",
    "RDate": "20220302",
    "Aspects": [
      {
        "Aspect": "가격",
        "SentimentText": "할인 행사로 저렴하게 구매했어요.",
        "SentimentWord": "4",
        "SentimentPolarity": "1"
      },
      {
        "Aspect": "소음",
        "SentimentText": "건조기 소음없이 조용해요.",
        "SentimentWord": "3",
        "SentimentPolarity": "1"
      },
      {
        "Aspect": "기능",
        "SentimentText": "뽀송하게 잘 말라 신세계예요. 좋아서 추천 합니다.~~^^",
        "SentimentWord": "7",
        "SentimentPolarity": "1"
      }
    ]
  },
  {
    "Index": "19570",
    "RawText": "행사할때 좋은 가격에 구입했어요. 건조기를 사용하면 신세계라고들 하더니 정말 신세계네요.건조가 빠르게 잘되요. 배송이 매우 빠르고 설치상태도 좋네요.",
    "Source": "쇼핑몰",
    "Domain": "가전",
    "MainCategory": "생활/미용/욕실가전",
    "ProductName": "그랑데 삼성전자 DV17T8520BP 본체",
    "ReviewScore": "5",
    "Syllable": "83",
    "Word": "17",
    "RDate": "20211219",
    "Aspects": [
      {
        "Aspect": "가격",
        "SentimentText": "행사할때 좋은 가격에 구입했어요",
        "SentimentWord": "4",
        "SentimentPolarity": "1"
      },
      {
        "Aspect": "기능",
        "SentimentText": "건조기를 사용하면 신세계라고들 하더니 정말 신세계네요.건조가 빠르게 잘되요",
        "SentimentWord": "8",
        "SentimentPolarity": "1"
      }
    ]
  },
  {
    "Index": "19571",
    "RawText": "땀을 많이 흘려 수건을 늘 삶아야했는데 건조기를 사용하니 땀냄새도 없고 건조도 보송하게 잘해줘서 너무 좋아요. 조작법도 매우 쉽습니다. 빨래삶기 해방입니다. ^^",
    "Source": "쇼핑몰",
    "Domain": "가전",
    "MainCategory": "생활/미용/욕실가전",
    "ProductName": "그랑데 삼성전자 DV17T8520BV 본체",
    "ReviewScore": "5",
    "Syllable": "90",
    "Word": "21",
    "RDate": "20210605",
    "GeneralPolarity": "1",
    "Aspects": [
      {
        "Aspect": "기능",
        "SentimentText": "땀을 많이 흘려 수건을 늘 삶아야했는데 건조기를 사용하니 땀냄새도 없고 건조도 보송하게 잘해줘서 너무 좋아요. ",
        "SentimentWord": "15",
        "SentimentPolarity": "1"
      },
      {
        "Aspect": "조작성",
        "SentimentText": "조작법도 매우 쉽습니다. 빨래삶기 해방입니다. ^^",
        "SentimentWord": "6",
        "SentimentPolarity": "1"
      }
    ]
  },
  {
    "Index": "19572",
    "RawText": "깔끔하고 심플한 디자인이 좋았어요 사용시 소음이 적어서 좋네요 잘 건조되고 면소재에 좋고 이불 털기 기능이 너무 좋아 강추합니다  제품구성에 물통과 호수가 따로 있어서 겸용으로 실내외 사용 할 수 있어 만족스러워요.",
    "Source": "쇼핑몰",
    "Domain": "가전",
    "MainCategory": "생활/미용/욕실가전",
    "ProductName": "그랑데 삼성전자 DV17T8520BV 본체",
    "ReviewScore": "5",
    "Syllable": "120",
    "Word": "30",
    "RDate": "20220803",
    "GeneralPolarity": "1",
    "Aspects": [
      {
        "Aspect": "디자인",
        "SentimentText": "깔끔하고 심플한 디자인이 좋았어요 ",
        "SentimentWord": "4",
        "SentimentPolarity": "1"
      },
      {
        "Aspect": "소음",
        "SentimentText": "사용시 소음이 적어서 좋네요 ",
        "SentimentWord": "4",
        "SentimentPolarity": "1"
      },
      {
        "Aspect": "기능",
        "SentimentText": "잘 건조되고 면소재에 좋고 이불 털기 기능이 너무 좋아 강추합니다 ",
        "SentimentWord": "10",
        "SentimentPolarity": "1"
      },
      {
        "Aspect": "제품구성",
        "SentimentText": "제품구성에 물통과 호수가 따로 있어서 겸용으로 실내외 사용 할 수 있어 만족스러워요.",
        "SentimentWord": "12",
        "SentimentPolarity": "1"
      }
    ]
  },
  {
    "Index": "19573",
    "RawText": "사이즈 엄청 커요ㅠㅠ 공간이 애매하네요...하지만 디자인 매우 고급스럽고,예뻐요.. 일찍 샀으면 더 좋았겠어요.",
    "Source": "쇼핑몰",
    "Domain": "가전",
    "MainCategory": "생활/미용/욕실가전",
    "ProductName": "그랑데 삼성전자 DV17T8520BV 본체",
    "ReviewScore": "5",
    "Syllable": "62",
    "Word": "12",
    "RDate": "20210706",
    "Aspects": [
      {
        "Aspect": "사이즈",
        "SentimentText": "사이즈 엄청 커요ㅠㅠ 공간이 애매하네요...",
        "SentimentWord": "5",
        "SentimentPolarity": "-1"
      },
      {
        "Aspect": "디자인",
        "SentimentText": "디자인 매우 고급스럽고,예뻐요.. ",
        "SentimentWord": "3",
        "SentimentPolarity": "1"
      }
    ]
  },
  {
    "Index": "19574",
    "RawText": "건조기 사용법이 간단해서  좋네요. 건조기구입시  ㅇㅇㅇ 제품으로  추천해요.만족입니다",
    "Source": "쇼핑몰",
    "Domain": "가전",
    "MainCategory": "생활/미용/욕실가전",
    "ProductName": "그랑데 삼성전자 DV17T8520BV 본체",
    "ReviewScore": "5",
    "Syllable": "48",
    "Word": "8",
    "RDate": "20201208",
    "Aspects": [
      {
        "Aspect": "제조일/제조사",
        "SentimentText": "건조기구입시  ㅇㅇㅇ 제품으로  추천해요.만족입니다",
        "SentimentWord": "4",
        "SentimentPolarity": "1"
      },
      {
        "Aspect": "조작성",
        "SentimentText": "건조기 사용법이 간단해서 좋네요",
        "SentimentWord": "4",
        "SentimentPolarity": "1"
      }
    ]
  },
  {
    "Index": "19575",
    "RawText": "건조기 사용법 너무 간단해서 좋고 건조기 기능이 좋아 여름철 꿉꿉한 빨래 냄새도 없어졌고 그동안 잘 안마르던 이불이 뾰송뾰송하게 건조되어서 행복해합니다.",
    "Source": "쇼핑몰",
    "Domain": "가전",
    "MainCategory": "생활/미용/욕실가전",
    "ProductName": "그랑데 삼성전자 DV17T8520BV 본체",
    "ReviewScore": "5",
    "Syllable": "85",
    "Word": "20",
    "RDate": "20210506",
    "Aspects": [
      {
        "Aspect": "조작성",
        "SentimentText": "건조기 사용법 너무 간단해서 좋고 ",
        "SentimentWord": "5",
        "SentimentPolarity": "1"
      },
      {
        "Aspect": "기능",
        "SentimentText": "건조기 기능이 좋아 여름철 꿉꿉한 빨래 냄새도 없어졌고 그동안 잘 안마르던 이불이 뾰송뾰송하게 건조되어서 행복해합니다.",
        "SentimentWord": "15",
        "SentimentPolarity": "1"
      }
    ]
  },
  {
    "Index": "19577",
    "RawText": "빠른 배송에 깜짝 놀랐어요^^기사님 두분께서 설치후 쓰레기까지 싹싹 정리해주시고 베란다에 설치 원했더니 원하는 장소에 안전하게 설치해주셨어요. 부피가 커 건조가 힘들었던 이불도 아이옷이랑 수건도 잘 건조되고 먼지 탈탈 털어주는 기특한 기능이 너무 좋아요. 사용이 편하고 먼지가 줄어 기분이 산뜻 편리했어요.",
    "Source": "쇼핑몰",
    "Domain": "가전",
    "MainCategory": "생활/미용/욕실가전",
    "ProductName": "그랑데 삼성전자 DV17T8520BV 본체",
    "ReviewScore": "5",
    "Syllable": "171",
    "Word": "39",
    "RDate": "20210109",
    "Aspects": [
      {
        "Aspect": "기능",
        "SentimentText": "부피가 커 건조가 힘들었던 이불도 아이옷이랑 수건도 잘 건조되고 먼지 탈탈 털어주는 기특한 기능이 너무 좋아요.",
        "SentimentWord": "16",
        "SentimentPolarity": "1"
      },
      {
        "Aspect": "편의성",
        "SentimentText": "사용이 편하고 먼지가 줄어 기분이 산뜻 편리했어요",
        "SentimentWord": "7",
        "SentimentPolarity": "1"
      }
    ]
  },
  {
    "Index": "19578",
    "RawText": "성능이 좋아 건조도 잘되요. 소음도 조용합니다. 깔끔한 디자인이 다른가전과 두어도 예쁘게 잘 어울립니다.세일 덕분에 구입가격도 흡족합니다.",
    "Source": "쇼핑몰",
    "Domain": "가전",
    "MainCategory": "생활/미용/욕실가전",
    "ProductName": "그랑데 삼성전자 DV17T8520BV 본체",
    "ReviewScore": "5",
    "Syllable": "77",
    "Word": "16",
    "RDate": "20210704",
    "GeneralPolarity": "1",
    "Aspects": [
      {
        "Aspect": "기능",
        "SentimentText": "성능이 좋아 건조도 잘되요. ",
        "SentimentWord": "4",
        "SentimentPolarity": "1"
      },
      {
        "Aspect": "소음",
        "SentimentText": "소음도 조용합니다. ",
        "SentimentWord": "2",
        "SentimentPolarity": "1"
      },
      {
        "Aspect": "디자인",
        "SentimentText": "깔끔한 디자인이 다른가전과 두어도 예쁘게 잘 어울립니다. ",
        "SentimentWord": "7",
        "SentimentPolarity": "1"
      },
      {
        "Aspect": "가격",
        "SentimentText": "세일 덕분에 구입가격도 흡족합니다.",
        "SentimentWord": "4",
        "SentimentPolarity": "1"
      }
    ]
  },
  {
    "Index": "19579",
    "RawText": "건조기가 뽀송한 수건을 만들어줘 상쾌해요.이불털기 기능은 잠들때 기분이 좋아요. 세탁소 안가도 되는 패딩케어기능 사랑합니다. !!~~~",
    "Source": "쇼핑몰",
    "Domain": "가전",
    "MainCategory": "생활/미용/욕실가전",
    "ProductName": "그랑데 삼성전자 DV17T8520BV 본체",
    "ReviewScore": "5",
    "Syllable": "75",
    "Word": "15",
    "RDate": "20220202",
    "GeneralPolarity": "1",
    "Aspects": [
      {
        "Aspect": "기능",
        "SentimentText": "건조기가 뽀송한 수건을 만들어줘 상쾌해요",
        "SentimentWord": "5",
        "SentimentPolarity": "1"
      },
      {
        "Aspect": "기능",
        "SentimentText": "이불털기 기능은 잠들때 기분이 좋아요. 세탁소 안가도 되는 패딩케어기능 사랑합니다. !!~~~",
        "SentimentWord": "11",
        "SentimentPolarity": "1"
      }
    ]
  },
  {
    "Index": "19580",
    "RawText": "건조기 빨래 잘 말려주는 기능 흐뭇해요.  세일해서 가격도 저렴하게 구매완료 굿이예요. 차단기있는 코드선이 필요한데 구성품에 있으면 좋은데 아쉽네요.",
    "Source": "쇼핑몰",
    "Domain": "가전",
    "MainCategory": "생활/미용/욕실가전",
    "ProductName": "그랑데 삼성전자 DV17T8520BV 본체",
    "ReviewScore": "5",
    "Syllable": "83",
    "Word": "18",
    "RDate": "20211206",
    "GeneralPolarity": "1",
    "Aspects": [
      {
        "Aspect": "기능",
        "SentimentText": "건조기 빨래 잘 말려주는 기능 흐뭇해요.",
        "SentimentWord": "6",
        "SentimentPolarity": "1"
      },
      {
        "Aspect": "가격",
        "SentimentText": "세일해서 가격도 저렴하게 구매완료 굿이예요. ",
        "SentimentWord": "5",
        "SentimentPolarity": "1"
      },
      {
        "Aspect": "제품구성",
        "SentimentText": "차단기있는 코드선이 필요한데 구성품에 있으면 좋은데 아쉽네요.",
        "SentimentWord": "7",
        "SentimentPolarity": "0"
      }
    ]
  },
  {
    "Index": "19581",
    "RawText": "여름철 햇볕에 말린것보다 건조가 더 잘되는것 같아요. ^^ 먼지털기 너무 편해요.먼지망 보면 깜짝 놀라요.  고민은 금지~추천 입니다ㅎㅎ",
    "Source": "쇼핑몰",
    "Domain": "가전",
    "MainCategory": "생활/미용/욕실가전",
    "ProductName": "그랑데 삼성전자 DV17T8520BV 본체",
    "ReviewScore": "5",
    "Syllable": "76",
    "Word": "17",
    "RDate": "20210111",
    "GeneralPolarity": "1",
    "Aspects": [
      {
        "Aspect": "기능",
        "SentimentText": "여름철 햇볕에 말린것보다 건조가 더 잘되는것 같아요. ^^",
        "SentimentWord": "8",
        "SentimentPolarity": "1"
      },
      {
        "Aspect": "편의성",
        "SentimentText": "먼지털기 너무 편해요.먼지망 보면 깜짝 놀라요.  고민은 금지~추천 입니다ㅎㅎ",
        "SentimentWord": "9",
        "SentimentPolarity": "1"
      }
    ]
  },
  {
    "Index": "19582",
    "RawText": "건조기사용후 옷이 얇아지는 느낌이라 조심스러워요.  양말,수건들 위주로 사용하는데 수건은 감촉이 좋고 비오는 날엔 이불털기하면 꿉꿉함없이 건조되요.",
    "Source": "쇼핑몰",
    "Domain": "가전",
    "MainCategory": "생활/미용/욕실가전",
    "ProductName": "그랑데 삼성전자 DV17T8520BV 본체",
    "ReviewScore": "3",
    "Syllable": "82",
    "Word": "16",
    "RDate": "20220404",
    "GeneralPolarity": "0",
    "Aspects": [
      {
        "Aspect": "기능",
        "SentimentText": "건조기사용후 옷이 얇아지는 느낌이라 조심스러워요. ",
        "SentimentWord": "5",
        "SentimentPolarity": "-1"
      },
      {
        "Aspect": "기능",
        "SentimentText": "양말,수건들 위주로 사용하는데 수건은 감촉이 좋고 비오는 날엔 이불털기하면 꿉꿉함없이 건조되요.",
        "SentimentWord": "11",
        "SentimentPolarity": "1"
      }
    ]
  },
  {
    "Index": "19583",
    "RawText": "건조기 건조시간은 오래걸려 답답함이 있어요. 소음은 거의 없어서 괜찮음 건조기에 리프레쉬 기능없어서 당황했어요. 설치기사는 제품을 잘 모르는것 같았고 설치일도 잊고 있어서 불편했어요.",
    "Source": "쇼핑몰",
    "Domain": "가전",
    "MainCategory": "생활/미용/욕실가전",
    "ProductName": "그랑데 삼성전자 DV17T8520BV 본체",
    "ReviewScore": "3",
    "Syllable": "102",
    "Word": "22",
    "RDate": "20211008",
    "Aspects": [
      {
        "Aspect": "시간/속도",
        "SentimentText": "건조기 건조시간은 오래걸려 답답함이 있어요.",
        "SentimentWord": "5",
        "SentimentPolarity": "-1"
      },
      {
        "Aspect": "소음",
        "SentimentText": "소음은 거의 없어서 괜찮음 ",
        "SentimentWord": "4",
        "SentimentPolarity": "1"
      },
      {
        "Aspect": "기능",
        "SentimentText": "건조기에 리프레쉬 기능없어서 당황했어요. ",
        "SentimentWord": "4",
        "SentimentPolarity": "-1"
      }
    ]
  },
  {
    "Index": "19584",
    "RawText": "생각보다 소음이 커서 별로였네요.. 건조 시간도 너무 길어서 실망했습니다ㅜ",
    "Source": "쇼핑몰",
    "Domain": "가전",
    "MainCategory": "생활/미용/욕실가전",
    "ProductName": "그랑데 삼성전자 DV17T8520BV 본체",
    "ReviewScore": "4",
    "Syllable": "41",
    "Word": "9",
    "RDate": "20211019",
    "GeneralPolarity": "-1",
    "Aspects": [
      {
        "Aspect": "소음",
        "SentimentText": "생각보다 소음이 커서 별로였네요..",
        "SentimentWord": "4",
        "SentimentPolarity": "-1"
      },
      {
        "Aspect": "시간/속도",
        "SentimentText": "건조 시간도 너무 길어서 실망했습니다ㅜ",
        "SentimentWord": "5",
        "SentimentPolarity": "-1"
      }
    ]
  },
  {
    "Index": "19585",
    "RawText": "외관이 심플하니 맘에 드네요^^ 내부 용량도 커서 마음에 들고요~~",
    "Source": "쇼핑몰",
    "Domain": "가전",
    "MainCategory": "생활/미용/욕실가전",
    "ProductName": "그랑데 삼성전자 DV17T8520BV 본체",
    "ReviewScore": "5",
    "Syllable": "37",
    "Word": "9",
    "RDate": "20220315",
    "Aspects": [
      {
        "Aspect": "디자인",
        "SentimentText": "외관이 심플하니 맘에 드네요^^",
        "SentimentWord": "4",
        "SentimentPolarity": "1"
      },
      {
        "Aspect": "용량",
        "SentimentText": "내부 용량도 커서 마음에 들고요~~",
        "SentimentWord": "5",
        "SentimentPolarity": "1"
      }
    ]
  },
  {
    "Index": "19586",
    "RawText": "사용해보니 소음이 생각보다 적어서 좋아요^^ 무엇보다 용량이 넉넉해서 이불건조가 가능하다는 점이 최고네요~~",
    "Source": "쇼핑몰",
    "Domain": "가전",
    "MainCategory": "생활/미용/욕실가전",
    "ProductName": "그랑데 삼성전자 DV17T8520BV 본체",
    "ReviewScore": "4",
    "Syllable": "60",
    "Word": "12",
    "RDate": "20211127",
    "GeneralPolarity": "1",
    "Aspects": [
      {
        "Aspect": "소음",
        "SentimentText": "사용해보니 소음이 생각보다 적어서 좋아요^^ ",
        "SentimentWord": "5",
        "SentimentPolarity": "1"
      },
      {
        "Aspect": "용량",
        "SentimentText": "무엇보다 용량이 넉넉해서 이불건조가 가능하다는 점이 최고네요~~",
        "SentimentWord": "7",
        "SentimentPolarity": "1"
      }
    ]
  },
  {
    "Index": "19587",
    "RawText": "생각보다 소음이 없네요 굿~  아쉬운 점은 건조 시간이 조금 오래 걸리네요ㅠ",
    "Source": "쇼핑몰",
    "Domain": "가전",
    "MainCategory": "생활/미용/욕실가전",
    "ProductName": "그랑데 삼성전자 DV17T8520BV 본체",
    "ReviewScore": "5",
    "Syllable": "42",
    "Word": "11",
    "RDate": "20210603",
    "Aspects": [
      {
        "Aspect": "소음",
        "SentimentText": "생각보다 소음이 없네요 굿~",
        "SentimentWord": "4",
        "SentimentPolarity": "1"
      },
      {
        "Aspect": "시간/속도",
        "SentimentText": "아쉬운 점은 건조 시간이 조금 오래 걸리네요ㅠ",
        "SentimentWord": "7",
        "SentimentPolarity": "-1"
      }
    ]
  },
  {
    "Index": "19588",
    "RawText": "예쁜모양이 우리집에 잘 어울려요. 컬러는 블랙이라 고급져보여요. 다이얼로 돌려서 조작하는 아날로그 형식이라 더 좋아요.!! 000 건조기는 품질 좋은 국민건조기에요?? ^^",
    "Source": "쇼핑몰",
    "Domain": "가전",
    "MainCategory": "생활/미용/욕실가전",
    "ProductName": "그랑데 삼성전자 DV17T8520BV 본체",
    "ReviewScore": "5",
    "Syllable": "96",
    "Word": "20",
    "RDate": "20210223",
    "GeneralPolarity": "1",
    "Aspects": [
      {
        "Aspect": "디자인",
        "SentimentText": "예쁜모양이 우리집에 잘 어울려요. ",
        "SentimentWord": "4",
        "SentimentPolarity": "1"
      },
      {
        "Aspect": "색상",
        "SentimentText": " 컬러는 블랙이라 고급져보여요.",
        "SentimentWord": "3",
        "SentimentPolarity": "1"
      },
      {
        "Aspect": "조작성",
        "SentimentText": "다이얼로 돌려서 조작하는 아날로그 형식이라 더 좋아요.!!",
        "SentimentWord": "7",
        "SentimentPolarity": "1"
      },
      {
        "Aspect": "품질",
        "SentimentText": "000 건조기는 품질 좋은 국민건조기에요?? ^^",
        "SentimentWord": "6",
        "SentimentPolarity": "1"
      }
    ]
  },
  {
    "Index": "19589",
    "RawText": "두꺼운 이불이 3시간 정도면 충분하게 말라서 만족해요.  소음이 예상외로 약간 있고, 거실에다 설치하니 발열이 심해서 실내 온도가 살짝 올라가요. ㅜ.ㅜ",
    "Source": "쇼핑몰",
    "Domain": "가전",
    "MainCategory": "생활/미용/욕실가전",
    "ProductName": "그랑데 삼성전자 DV17T8520BV 본체",
    "ReviewScore": "4",
    "Syllable": "85",
    "Word": "20",
    "RDate": "20210624",
    "GeneralPolarity": "-1",
    "Aspects": [
      {
        "Aspect": "시간/속도",
        "SentimentText": "두꺼운 이불이 3시간 정도면 충분하게 말라서 만족해요",
        "SentimentWord": "7",
        "SentimentPolarity": "1"
      },
      {
        "Aspect": "소음",
        "SentimentText": "소음이 예상외로 약간 있고",
        "SentimentWord": "4",
        "SentimentPolarity": "-1"
      },
      {
        "Aspect": "내구성",
        "SentimentText": "거실에다 설치하니 발열이 심해서 실내 온도가 살짝 올라가요. ㅜ.ㅜ",
        "SentimentWord": "9",
        "SentimentPolarity": "-1"
      }
    ]
  },
  {
    "Index": "19590",
    "RawText": "000홈쇼핑에서 구매했는데 제품 퀄이 좋아서 감사해요 ! 배송일도 몹시 빨라서 즐거웠어요. 카드적립금으로 가격도 대 만족이었어요. 비가 많이 오는 여름에 뽀송하게 건조해주는 건조기가 있어 두렵지 않아요.!ㅋ",
    "Source": "쇼핑몰",
    "Domain": "가전",
    "MainCategory": "생활/미용/욕실가전",
    "ProductName": "그랑데 삼성전자 DV17T8520BV 본체",
    "ReviewScore": "5",
    "Syllable": "115",
    "Word": "25",
    "RDate": "20210629",
    "Aspects": [
      {
        "Aspect": "품질",
        "SentimentText": "000홈쇼핑에서 구매했는데 제품 퀄이 좋아서 감사해요 ! ",
        "SentimentWord": "7",
        "SentimentPolarity": "1"
      },
      {
        "Aspect": "가격",
        "SentimentText": "카드적립금으로 가격도 대 만족이었어요.",
        "SentimentWord": "4",
        "SentimentPolarity": "1"
      },
      {
        "Aspect": "기능",
        "SentimentText": "비가 많이 오는 여름에 뽀송하게 건조해주는 건조기가 있어 두렵지 않아요.!ㅋ ",
        "SentimentWord": "10",
        "SentimentPolarity": "1"
      }
    ]
  },
  {
    "Index": "19591",
    "RawText": "옷도 수건도 뽀송하게 잘 말랐어요.정말 좋아요~ 가성비좋게 잘 산것같아요.^^",
    "Source": "쇼핑몰",
    "Domain": "가전",
    "MainCategory": "생활/미용/욕실가전",
    "ProductName": "그랑데 삼성전자 DV17T8520BV 본체",
    "ReviewScore": "5",
    "Syllable": "43",
    "Word": "9",
    "RDate": "20210312",
    "Aspects": [
      {
        "Aspect": "기능",
        "SentimentText": "옷도 수건도 뽀송하게 잘 말랐어요.정말 좋아요~",
        "SentimentWord": "6",
        "SentimentPolarity": "1"
      },
      {
        "Aspect": "가격",
        "SentimentText": "가성비좋게 잘 산것같아요.^^ ",
        "SentimentWord": "3",
        "SentimentPolarity": "1"
      }
    ]
  },
  {
    "Index": "19592",
    "RawText": "사용해보니 성능 너무 좋습니다! 사이즈도 딱 맞고 용량도 넉넉하니 좋네요~~ 역시 가전제품은 OOO이네요^^",
    "Source": "쇼핑몰",
    "Domain": "가전",
    "MainCategory": "생활/미용/욕실가전",
    "ProductName": "그랑데 삼성전자 DV17T8520BV 본체",
    "ReviewScore": "5",
    "Syllable": "60",
    "Word": "13",
    "RDate": "20210805",
    "GeneralPolarity": "1",
    "Aspects": [
      {
        "Aspect": "기능",
        "SentimentText": "사용해보니 성능 너무 좋습니다! ",
        "SentimentWord": "4",
        "SentimentPolarity": "1"
      },
      {
        "Aspect": "사이즈",
        "SentimentText": "사이즈도 딱 맞고 용량도 넉넉하니 좋네요~~ ",
        "SentimentWord": "6",
        "SentimentPolarity": "1"
      },
      {
        "Aspect": "용량",
        "SentimentText": "용량도 넉넉하니 좋네요~~ ",
        "SentimentWord": "3",
        "SentimentPolarity": "1"
      },
      {
        "Aspect": "제조일/제조사",
        "SentimentText": "역시 가전제품은 OOO이네요^^",
        "SentimentWord": "3",
        "SentimentPolarity": "1"
      }
    ]
  },
  {
    "Index": "19593",
    "RawText": "건조기 날씨 상관없이 사용도 편리해서 최고^^ 오예~~큰 건조기라 이불도 잘 건조해줘요.",
    "Source": "쇼핑몰",
    "Domain": "가전",
    "MainCategory": "생활/미용/욕실가전",
    "ProductName": "그랑데 삼성전자 DV17T8520BV 본체",
    "ReviewScore": "5",
    "Syllable": "49",
    "Word": "11",
    "RDate": "20211016",
    "Aspects": [
      {
        "Aspect": "편의성",
        "SentimentText": "건조기 날씨 상관없이 사용도 편리해서 최고^^",
        "SentimentWord": "6",
        "SentimentPolarity": "1"
      },
      {
        "Aspect": "기능",
        "SentimentText": "오예~~큰 건조기라 이불도 잘 건조해줘요. ",
        "SentimentWord": "5",
        "SentimentPolarity": "1"
      }
    ]
  },
  {
    "Index": "19594",
    "RawText": "빠른배송으로  일주일이  채 안됬는데 받았어요.블랙 가격이 젤 좋을때 구매했죠. 설치는 원하는 곳에 잘 됬구요. 어제 이불털기를 했는데 17kg으로 용량이 커서 겨울이불을 넣어보니 공간이 남아 좋았어요.디자인이  ooo께 확연히 더 이뻐요.,사이즈는 커서  식구 많은 가족이 좋을것 같아요ㅎㅎ",
    "Source": "쇼핑몰",
    "Domain": "가전",
    "MainCategory": "생활/미용/욕실가전",
    "ProductName": "그랑데 삼성전자 DV17T8520BV 본체",
    "ReviewScore": "5",
    "Syllable": "163",
    "Word": "35",
    "RDate": "20210114",
    "Aspects": [
      {
        "Aspect": "가격",
        "SentimentText": "블랙 가격이 젤 좋을때 구매했죠",
        "SentimentWord": "5",
        "SentimentPolarity": "1"
      },
      {
        "Aspect": "용량",
        "SentimentText": "어제 이불털기를 했는데 17kg으로 용량이 커서 겨울이불을 넣어보니 공간이 남아 좋았어요",
        "SentimentWord": "11",
        "SentimentPolarity": "1"
      },
      {
        "Aspect": "사이즈",
        "SentimentText": "사이즈는 커서  식구 많은 가족이 좋을것 같아요",
        "SentimentWord": "7",
        "SentimentPolarity": "1"
      },
      {
        "Aspect": "디자인",
        "SentimentText": "디자인이  ooo께 확연히 더 이뻐요",
        "SentimentWord": "5",
        "SentimentPolarity": "1"
      }
    ]
  },
  {
    "Index": "19595",
    "RawText": "설치해주시는 분들이 자상하게 설명해주고 안전하게 설치해주셨어요.생각보다 용량이 커서 놀랬어요. 두껍고 커다란 이불 빨래도 건조가 잘 됩니다.",
    "Source": "쇼핑몰",
    "Domain": "가전",
    "MainCategory": "생활/미용/욕실가전",
    "ProductName": "그랑데 삼성전자 DV17T8520BV 본체",
    "ReviewScore": "5",
    "Syllable": "78",
    "Word": "16",
    "RDate": "20211117",
    "Aspects": [
      {
        "Aspect": "용량",
        "SentimentText": "생각보다 용량이 커서 놀랬어요. ",
        "SentimentWord": "4",
        "SentimentPolarity": "-1"
      },
      {
        "Aspect": "기능",
        "SentimentText": "두껍고 커다란 이불 빨래도 건조가 잘 됩니다.",
        "SentimentWord": "7",
        "SentimentPolarity": "1"
      }
    ]
  },
  {
    "Index": "19596",
    "RawText": "많은양의 빨래도 문제없을정도로 용량이 커요~ ㅎㅎ 저렴한 가격에 구매한 것 같아 기분이 좋네요^^",
    "Source": "쇼핑몰",
    "Domain": "가전",
    "MainCategory": "생활/미용/욕실가전",
    "ProductName": "그랑데 삼성전자 DV17T8520BV 본체",
    "ReviewScore": "5",
    "Syllable": "54",
    "Word": "13",
    "RDate": "20211021",
    "Aspects": [
      {
        "Aspect": "용량",
        "SentimentText": "많은양의 빨래도 문제없을정도로 용량이 커요~ ㅎㅎ ",
        "SentimentWord": "6",
        "SentimentPolarity": "1"
      },
      {
        "Aspect": "가격",
        "SentimentText": "저렴한 가격에 구매한 것 같아 기분이 좋네요^^",
        "SentimentWord": "7",
        "SentimentPolarity": "1"
      }
    ]
  },
  {
    "Index": "19598",
    "RawText": "색상 너무 이쁜 실버고요 디자인 너무 고급지네요^^",
    "Source": "쇼핑몰",
    "Domain": "가전",
    "MainCategory": "생활/미용/욕실가전",
    "ProductName": "그랑데 삼성전자 DV17T8520BV 본체",
    "ReviewScore": "5",
    "Syllable": "28",
    "Word": "7",
    "RDate": "20210715",
    "Aspects": [
      {
        "Aspect": "색상",
        "SentimentText": "색상 너무 이쁜 실버고요",
        "SentimentWord": "4",
        "SentimentPolarity": "1"
      },
      {
        "Aspect": "디자인",
        "SentimentText": "디자인 너무 고급지네요^^",
        "SentimentWord": "3",
        "SentimentPolarity": "1"
      }
    ]
  },
  {
    "Index": "19599",
    "RawText": "배송 너무 느려서 기다리느라 힘들었네요ㅠ 사용해보니 먼지제거가 확실하게 되는 것 같아 너무 맘에 듭니다^^ 가격도 저렴하게 잘 구매했어요~",
    "Source": "쇼핑몰",
    "Domain": "가전",
    "MainCategory": "생활/미용/욕실가전",
    "ProductName": "그랑데 삼성전자 DV17T8520BV 본체",
    "ReviewScore": "5",
    "Syllable": "77",
    "Word": "18",
    "RDate": "20210427",
    "Aspects": [
      {
        "Aspect": "기능",
        "SentimentText": "사용해보니 먼지제거가 확실하게 되는 것 같아 너무 맘에 듭니다^^",
        "SentimentWord": "9",
        "SentimentPolarity": "1"
      },
      {
        "Aspect": "가격",
        "SentimentText": "가격도 저렴하게 잘 구매했어요~",
        "SentimentWord": "4",
        "SentimentPolarity": "1"
      }
    ]
  },
  {
    "Index": "19600",
    "RawText": "성격좋은 기사님들이 설치예쁘게 해주셨어요. 용량 커서 이불 두개도 거뜬하네요.소음도 조용조용해요.",
    "Source": "쇼핑몰",
    "Domain": "가전",
    "MainCategory": "생활/미용/욕실가전",
    "ProductName": "그랑데 삼성전자 DV17T8520BV 본체",
    "ReviewScore": "4",
    "Syllable": "54",
    "Word": "10",
    "RDate": "20210719",
    "Aspects": [
      {
        "Aspect": "용량",
        "SentimentText": "용량 커서 이불 두개도 거뜬하네요.",
        "SentimentWord": "5",
        "SentimentPolarity": "1"
      },
      {
        "Aspect": "소음",
        "SentimentText": "소음도 조용조용해요",
        "SentimentWord": "2",
        "SentimentPolarity": "1"
      }
    ]
  }
]