[
  {
    "Index": "7629",
    "RawText": "마늘 다지기 좋아요 플라스틱용기 냄새배어 늘 찝찝했는데 스탠이랑 유리여서 냄새 밸 걱정없어서 좋아요",
    "Source": "SNS",
    "Domain": "가전",
    "MainCategory": "주방가전",
    "ProductName": "(TV_직)에버홈 글라스텐 다지기",
    "ReviewScore": "100",
    "Syllable": "55",
    "Word": "13",
    "RDate": "20210414",
    "GeneralPolarity": "1",
    "Aspects": [
      {
        "Aspect": "기능",
        "SentimentText": "마늘 다지기 좋아요",
        "SentimentWord": "3",
        "SentimentPolarity": "1"
      },
      {
        "Aspect": "소재",
        "SentimentText": "플라스틱용기 냄새배어 늘 찝찝했는데 스탠이랑 유리여서 냄새 밸 걱정없어서 좋아요",
        "SentimentWord": "10",
        "SentimentPolarity": "1"
      }
    ]
  },
  {
    "Index": "7630",
    "RawText": "마늘 다질때 30초도 안되서 잘 다져지고 효율성이 좋은것 같아요 마음에 듭니다",
    "Source": "SNS",
    "Domain": "가전",
    "MainCategory": "주방가전",
    "ProductName": "(TV_직)에버홈 글라스텐 다지기",
    "ReviewScore": "100",
    "Syllable": "43",
    "Word": "11",
    "RDate": "20210602",
    "GeneralPolarity": "1",
    "Aspects": [
      {
        "Aspect": "시간/속도",
        "SentimentText": "마늘 다질때 30초도 안되서 잘 다져지고",
        "SentimentWord": "6",
        "SentimentPolarity": "1"
      },
      {
        "Aspect": "기능",
        "SentimentText": "효율성이 좋은것 같아요 마음에 듭니다",
        "SentimentWord": "5",
        "SentimentPolarity": "1"
      }
    ]
  },
  {
    "Index": "7631",
    "RawText": "좋은제품 싸게 잘 샀습니다 다지기편하고 쉽게 다져지네요",
    "Source": "SNS",
    "Domain": "가전",
    "MainCategory": "주방가전",
    "ProductName": "(TV_직)에버홈 글라스텐 다지기",
    "ReviewScore": "100",
    "Syllable": "30",
    "Word": "7",
    "RDate": "20201210",
    "GeneralPolarity": "1",
    "Aspects": [
      {
        "Aspect": "가격",
        "SentimentText": "좋은제품 싸게 잘 샀습니다",
        "SentimentWord": "4",
        "SentimentPolarity": "1"
      },
      {
        "Aspect": "기능",
        "SentimentText": "다지기편하고 쉽게 다져지네요",
        "SentimentWord": "3",
        "SentimentPolarity": "1"
      }
    ]
  },
  {
    "Index": "7632",
    "RawText": "편하게  잘쓰고있구요   스텐과 유리라서 세척도  손쉽고 묭랑이 커서 한번에 많은 양을 할수있어서 좋아요",
    "Source": "SNS",
    "Domain": "가전",
    "MainCategory": "주방가전",
    "ProductName": "(TV_직)에버홈 글라스텐 다지기",
    "ReviewScore": "100",
    "Syllable": "58",
    "Word": "13",
    "RDate": "20210607",
    "GeneralPolarity": "1",
    "Aspects": [
      {
        "Aspect": "편의성",
        "SentimentText": "편하게  잘쓰고있구요",
        "SentimentWord": "2",
        "SentimentPolarity": "1"
      },
      {
        "Aspect": "소재",
        "SentimentText": "스텐과 유리라서 세척도  손쉽고",
        "SentimentWord": "4",
        "SentimentPolarity": "1"
      },
      {
        "Aspect": "용량",
        "SentimentText": "묭랑이 커서 한번에 많은 양을 할수있어서 좋아요",
        "SentimentWord": "7",
        "SentimentPolarity": "1"
      }
    ]
  },
  {
    "Index": "7633",
    "RawText": "깔끔하게 주방분위기를 살려주구요. 통이 커서 많이 들어가요. 살균때 소리가 있어 조금 아쉬워요^^;;",
    "Source": "SNS",
    "Domain": "가전",
    "MainCategory": "주방가전",
    "ProductName": "(TV_직)쿠진 나이프케어 시즌2",
    "ReviewScore": "90",
    "Syllable": "56",
    "Word": "12",
    "RDate": "20210109",
    "GeneralPolarity": "0",
    "Aspects": [
      {
        "Aspect": "디자인",
        "SentimentText": "깔끔하게 주방분위기를 살려주구요",
        "SentimentWord": "3",
        "SentimentPolarity": "1"
      },
      {
        "Aspect": "용량",
        "SentimentText": "통이 커서 많이 들어가요",
        "SentimentWord": "4",
        "SentimentPolarity": "1"
      },
      {
        "Aspect": "소음",
        "SentimentText": "살균때 소리가 있어 조금 아쉬워요",
        "SentimentWord": "5",
        "SentimentPolarity": "-1"
      }
    ]
  },
  {
    "Index": "7634",
    "RawText": "맘에들어요~ 개인적으론살균소독하는시간이 좀긴것같은생각이들지만(소음도 좀큰것같고요) 디자인이넘이뿌고 주방이환해졌어요~~^^ 동생,언니도구매한다고하네요~~ ",
    "Source": "SNS",
    "Domain": "가전",
    "MainCategory": "주방가전",
    "ProductName": "(TV_직)쿠진 나이프케어 시즌2",
    "ReviewScore": "100",
    "Syllable": "85",
    "Word": "7",
    "RDate": "20201225",
    "GeneralPolarity": "1",
    "Aspects": [
      {
        "Aspect": "시간/속도",
        "SentimentText": "개인적으론살균소독하는시간이 좀긴것같은생각이들지만",
        "SentimentWord": "2",
        "SentimentPolarity": "0"
      },
      {
        "Aspect": "소음",
        "SentimentText": "소음도 좀큰것같고요",
        "SentimentWord": "2",
        "SentimentPolarity": "-1"
      },
      {
        "Aspect": "디자인",
        "SentimentText": "디자인이넘이뿌고 주방이환해졌어요",
        "SentimentWord": "2",
        "SentimentPolarity": "1"
      }
    ]
  },
  {
    "Index": "7635",
    "RawText": "매일 수저 삶기 힝들었는데 넘 편리히ㅣ요. 특히 칼소독되어 더 좋구요. 입구가 넓어서 많이들어가요.",
    "Source": "SNS",
    "Domain": "가전",
    "MainCategory": "주방가전",
    "ProductName": "(TV_직)쿠진 나이프케어 시즌2",
    "ReviewScore": "100",
    "Syllable": "55",
    "Word": "13",
    "RDate": "20210828",
    "GeneralPolarity": "1",
    "Aspects": [
      {
        "Aspect": "편의성",
        "SentimentText": "매일 수저 삶기 힝들었는데 넘 편리히ㅣ요",
        "SentimentWord": "6",
        "SentimentPolarity": "1"
      },
      {
        "Aspect": "기능",
        "SentimentText": "특히 칼소독되어 더 좋구요",
        "SentimentWord": "4",
        "SentimentPolarity": "1"
      },
      {
        "Aspect": "용량",
        "SentimentText": "입구가 넓어서 많이들어가요",
        "SentimentWord": "3",
        "SentimentPolarity": "1"
      }
    ]
  },
  {
    "Index": "7636",
    "RawText": "모양도 이쁘고,  품질도 짱이네요. 엄마에게도 사드려야겠어요..^*",
    "Source": "SNS",
    "Domain": "가전",
    "MainCategory": "주방가전",
    "ProductName": "(TV_직)쿠진 나이프케어 시즌2",
    "ReviewScore": "100",
    "Syllable": "37",
    "Word": "6",
    "RDate": "20210118",
    "GeneralPolarity": "1",
    "Aspects": [
      {
        "Aspect": "디자인",
        "SentimentText": "모양도 이쁘고",
        "SentimentWord": "2",
        "SentimentPolarity": "1"
      },
      {
        "Aspect": "품질",
        "SentimentText": "품질도 짱이네요",
        "SentimentWord": "2",
        "SentimentPolarity": "1"
      }
    ]
  },
  {
    "Index": "7637",
    "RawText": "배송 굿. 너무 좋습니다. 살균건조 기능이 너무 좋아요~~ 이제 수저 걱정없이 사용합니다.",
    "Source": "SNS",
    "Domain": "가전",
    "MainCategory": "주방가전",
    "ProductName": "(TV_직)쿠진 나이프케어 시즌2",
    "ReviewScore": "100",
    "Syllable": "50",
    "Word": "12",
    "RDate": "20210104",
    "Aspects": [
      {
        "Aspect": "기능",
        "SentimentText": "살균건조 기능이 너무 좋아요~~",
        "SentimentWord": "4",
        "SentimentPolarity": "1"
      },
      {
        "Aspect": "편의성",
        "SentimentText": "이제 수저 걱정없이 사용합니다",
        "SentimentWord": "4",
        "SentimentPolarity": "1"
      }
    ]
  },
  {
    "Index": "7638",
    "RawText": "살균.건조기능이 있어 위생적으로 안심이 됩니다. 편리하게 잘 사용하고 있습니다.",
    "Source": "SNS",
    "Domain": "가전",
    "MainCategory": "주방가전",
    "ProductName": "(TV_직)쿠진 나이프케어 시즌2",
    "ReviewScore": "100",
    "Syllable": "44",
    "Word": "9",
    "RDate": "20210116",
    "GeneralPolarity": "1",
    "Aspects": [
      {
        "Aspect": "기능",
        "SentimentText": "살균.건조기능이 있어 위생적으로 안심이 됩니다",
        "SentimentWord": "5",
        "SentimentPolarity": "1"
      },
      {
        "Aspect": "편의성",
        "SentimentText": "편리하게 잘 사용하고 있습니다",
        "SentimentWord": "4",
        "SentimentPolarity": "1"
      }
    ]
  },
  {
    "Index": "7639",
    "RawText": "생각보다 커서  살짝  놀랐어요  근데 매일  살균하고있다 생각하니 왠지 안심되는거 있죠좋아요",
    "Source": "SNS",
    "Domain": "가전",
    "MainCategory": "주방가전",
    "ProductName": "(TV_직)쿠진 나이프케어 시즌2",
    "ReviewScore": "100",
    "Syllable": "52",
    "Word": "11",
    "RDate": "20210507",
    "GeneralPolarity": "1",
    "Aspects": [
      {
        "Aspect": "사이즈",
        "SentimentText": "생각보다 커서  살짝  놀랐어요",
        "SentimentWord": "4",
        "SentimentPolarity": "0"
      },
      {
        "Aspect": "기능",
        "SentimentText": "근데 매일  살균하고있다 생각하니 왠지 안심되는거 있죠",
        "SentimentWord": "7",
        "SentimentPolarity": "1"
      }
    ]
  },
  {
    "Index": "7640",
    "RawText": "소음도 그리 크진않고 괜찮아요 버튼쪽에 물이 들어갈까봐 조심히 쓰고는 있는데 그거 빼고는 다 좋습니다",
    "Source": "SNS",
    "Domain": "가전",
    "MainCategory": "주방가전",
    "ProductName": "(TV_직)쿠진 나이프케어 시즌2",
    "ReviewScore": "100",
    "Syllable": "56",
    "Word": "14",
    "RDate": "20210427",
    "GeneralPolarity": "0",
    "Aspects": [
      {
        "Aspect": "소음",
        "SentimentText": "소음도 그리 크진않고 괜찮아요",
        "SentimentWord": "4",
        "SentimentPolarity": "1"
      },
      {
        "Aspect": "품질",
        "SentimentText": "버튼쪽에 물이 들어갈까봐 조심히 쓰고는 있는데 그거 빼고는 다 좋습니다",
        "SentimentWord": "10",
        "SentimentPolarity": "0"
      }
    ]
  },
  {
    "Index": "7641",
    "RawText": "완전 제스탈이에요. 살균소독에, 칼갈이까지! 안심하고 요리할수 있겠어요(남편이가요ㅎ) 레드색상이 주방을 더 빛내주는것 같아요~~~~^^ 왠지 건강해지는 느낌입니다ㅎ",
    "Source": "SNS",
    "Domain": "가전",
    "MainCategory": "주방가전",
    "ProductName": "(TV_직)쿠진 나이프케어 시즌2",
    "ReviewScore": "100",
    "Syllable": "91",
    "Word": "15",
    "RDate": "20201201",
    "GeneralPolarity": "1",
    "Aspects": [
      {
        "Aspect": "디자인",
        "SentimentText": "완전 제스탈이에요",
        "SentimentWord": "2",
        "SentimentPolarity": "1"
      },
      {
        "Aspect": "품질",
        "SentimentText": "안심하고 요리할수 있겠어요",
        "SentimentWord": "3",
        "SentimentPolarity": "1"
      },
      {
        "Aspect": "색상",
        "SentimentText": "레드색상이 주방을 더 빛내주는것 같아요",
        "SentimentWord": "5",
        "SentimentPolarity": "1"
      },
      {
        "Aspect": "기능",
        "SentimentText": "왠지 건강해지는 느낌입니다",
        "SentimentWord": "3",
        "SentimentPolarity": "1"
      }
    ]
  },
  {
    "Index": "7642",
    "RawText": "살균건조 기능이 있어 정말 위생적이고 숟가락 젓가락도 살균되니 좋아요 칼도 잘 갈아지네요",
    "Source": "SNS",
    "Domain": "가전",
    "MainCategory": "주방가전",
    "ProductName": "(TV_직)쿠진 나이프케어 시즌2",
    "ReviewScore": "100",
    "Syllable": "49",
    "Word": "12",
    "RDate": "20210123",
    "GeneralPolarity": "1",
    "Aspects": [
      {
        "Aspect": "기능",
        "SentimentText": "살균건조 기능이 있어 정말 위생적이고 숟가락 젓가락도 살균되니 좋아요",
        "SentimentWord": "9",
        "SentimentPolarity": "1"
      },
      {
        "Aspect": "기능",
        "SentimentText": "칼도 잘 갈아지네요",
        "SentimentWord": "3",
        "SentimentPolarity": "1"
      }
    ]
  },
  {
    "Index": "7643",
    "RawText": "정말 최고.. 주방의 품격이 달라진다는말이 이제품을 두고 하는말 같아요..사은품으로 준 칼세트도 고급주방에지리제품으로 사용시  더욱 좋았고, 우리집 주방이 폼이 나요~  고급스런 색상 이며,  정말 좋습니다",
    "Source": "SNS",
    "Domain": "가전",
    "MainCategory": "주방가전",
    "ProductName": "(TV_직)쿠진 나이프케어 시즌2",
    "ReviewScore": "100",
    "Syllable": "115",
    "Word": "24",
    "RDate": "20210702",
    "GeneralPolarity": "1",
    "Aspects": [
      {
        "Aspect": "품질",
        "SentimentText": "주방의 품격이 달라진다는말이 이제품을 두고 하는말 같아요",
        "SentimentWord": "7",
        "SentimentPolarity": "1"
      },
      {
        "Aspect": "제품구성",
        "SentimentText": "사은품으로 준 칼세트도 고급주방에지리제품으로 사용시  더욱 좋았고",
        "SentimentWord": "7",
        "SentimentPolarity": "1"
      },
      {
        "Aspect": "디자인",
        "SentimentText": "우리집 주방이 폼이 나요",
        "SentimentWord": "4",
        "SentimentPolarity": "1"
      },
      {
        "Aspect": "색상",
        "SentimentText": "고급스런 색상 이며,  정말 좋습니다",
        "SentimentWord": "5",
        "SentimentPolarity": "1"
      }
    ]
  },
  {
    "Index": "7644",
    "RawText": "제품 구성과 품질에 만족합니다.  좋은 가격으로 저렴하게 구입했어요  그리고 배달에 감사합니다",
    "Source": "SNS",
    "Domain": "가전",
    "MainCategory": "주방가전",
    "ProductName": "(TV_직)쿠진 나이프케어 시즌2",
    "ReviewScore": "100",
    "Syllable": "52",
    "Word": "11",
    "RDate": "20201111",
    "Aspects": [
      {
        "Aspect": "품질",
        "SentimentText": "제품 구성과 품질에 만족합니다",
        "SentimentWord": "4",
        "SentimentPolarity": "1"
      },
      {
        "Aspect": "가격",
        "SentimentText": "좋은 가격으로 저렴하게 구입했어요 ",
        "SentimentWord": "4",
        "SentimentPolarity": "1"
      }
    ]
  },
  {
    "Index": "7645",
    "RawText": "주방이 많이 깨끗해졌어요  세균에 안심하고사용중입니다 여름에 특히 유용할것같아요",
    "Source": "SNS",
    "Domain": "가전",
    "MainCategory": "주방가전",
    "ProductName": "(TV_직)쿠진 나이프케어 시즌2",
    "ReviewScore": "100",
    "Syllable": "44",
    "Word": "8",
    "RDate": "20210511",
    "GeneralPolarity": "1",
    "Aspects": [
      {
        "Aspect": "기능",
        "SentimentText": "주방이 많이 깨끗해졌어요",
        "SentimentWord": "3",
        "SentimentPolarity": "1"
      },
      {
        "Aspect": "기능",
        "SentimentText": "세균에 안심하고사용중입니다",
        "SentimentWord": "2",
        "SentimentPolarity": "1"
      },
      {
        "Aspect": "편의성",
        "SentimentText": "여름에 특히 유용할것같아요",
        "SentimentWord": "3",
        "SentimentPolarity": "1"
      }
    ]
  },
  {
    "Index": "7646",
    "RawText": "칼소독 및 식기류 살균소독이 안심이 됩니다 칼갈이도 아주 굿이예요 편리하게 잘 쓸거같아요",
    "Source": "SNS",
    "Domain": "가전",
    "MainCategory": "주방가전",
    "ProductName": "(TV_직)쿠진 나이프케어 시즌2",
    "ReviewScore": "100",
    "Syllable": "49",
    "Word": "12",
    "RDate": "20201128",
    "GeneralPolarity": "1",
    "Aspects": [
      {
        "Aspect": "기능",
        "SentimentText": "칼소독 및 식기류 살균소독이 안심이 됩니다",
        "SentimentWord": "6",
        "SentimentPolarity": "1"
      },
      {
        "Aspect": "기능",
        "SentimentText": "칼갈이도 아주 굿이예요",
        "SentimentWord": "3",
        "SentimentPolarity": "1"
      },
      {
        "Aspect": "편의성",
        "SentimentText": "편리하게 잘 쓸거같아요",
        "SentimentWord": "3",
        "SentimentPolarity": "1"
      }
    ]
  },
  {
    "Index": "7647",
    "RawText": "칼이 내부에 녹이 슬어 시용중에 부러졌네요... 부러진 칼날에 손 다칠뻔했습니다.. 교환해 주세요.",
    "Source": "SNS",
    "Domain": "가전",
    "MainCategory": "주방가전",
    "ProductName": "(TV_직)쿠진 나이프케어 시즌2",
    "ReviewScore": "50",
    "Syllable": "55",
    "Word": "12",
    "RDate": "20210509",
    "GeneralPolarity": "-1",
    "Aspects": [
      {
        "Aspect": "품질",
        "SentimentText": "칼이 내부에 녹이 슬어 시용중에 부러졌네요",
        "SentimentWord": "6",
        "SentimentPolarity": "-1"
      },
      {
        "Aspect": "품질",
        "SentimentText": "부러진 칼날에 손 다칠뻔했습니다",
        "SentimentWord": "4",
        "SentimentPolarity": "-1"
      }
    ]
  },
  {
    "Index": "7648",
    "RawText": "칼이 참 잘들어요  깔끔하게 칼정리도되었고  좋아요~~^^잘쓰겠습니다",
    "Source": "SNS",
    "Domain": "가전",
    "MainCategory": "주방가전",
    "ProductName": "(TV_직)쿠진 나이프케어 시즌2",
    "ReviewScore": "100",
    "Syllable": "38",
    "Word": "6",
    "RDate": "20210406",
    "GeneralPolarity": "1",
    "Aspects": [
      {
        "Aspect": "기능",
        "SentimentText": "칼이 참 잘들어요",
        "SentimentWord": "3",
        "SentimentPolarity": "1"
      },
      {
        "Aspect": "기능",
        "SentimentText": "깔끔하게 칼정리도되었고  좋아요",
        "SentimentWord": "3",
        "SentimentPolarity": "1"
      }
    ]
  },
  {
    "Index": "7649",
    "RawText": "칼이넘잘들것같이 광고를하기에 비싸게구입했는데~~ㅠ 품질도 생각보다 별로고 소음도 있네요~ㅠㅠ",
    "Source": "SNS",
    "Domain": "가전",
    "MainCategory": "주방가전",
    "ProductName": "(TV_직)쿠진 나이프케어 시즌2",
    "ReviewScore": "10",
    "Syllable": "51",
    "Word": "8",
    "RDate": "20210309",
    "GeneralPolarity": "-1",
    "Aspects": [
      {
        "Aspect": "가격",
        "SentimentText": "칼이넘잘들것같이 광고를하기에 비싸게구입했는데~~ㅠ",
        "SentimentWord": "3",
        "SentimentPolarity": "-1"
      },
      {
        "Aspect": "품질",
        "SentimentText": "품질도 생각보다 별로고",
        "SentimentWord": "3",
        "SentimentPolarity": "-1"
      },
      {
        "Aspect": "소음",
        "SentimentText": "소음도 있네요",
        "SentimentWord": "2",
        "SentimentPolarity": "-1"
      }
    ]
  },
  {
    "Index": "7650",
    "RawText": "구매하고 써 본 결과 품질에 대체로 만족합니다 ^^ 가격도 적당한 것 같습니다",
    "Source": "SNS",
    "Domain": "가전",
    "MainCategory": "주방가전",
    "ProductName": "(TV_직)쿡스쿡스 에어프라이어 3.5L",
    "ReviewScore": "80",
    "Syllable": "43",
    "Word": "12",
    "RDate": "20190311",
    "GeneralPolarity": "1",
    "Aspects": [
      {
        "Aspect": "품질",
        "SentimentText": "품질에 대체로 만족합니다 ^^",
        "SentimentWord": "4",
        "SentimentPolarity": "1"
      },
      {
        "Aspect": "가격",
        "SentimentText": "가격도 적당한 것 같습니다",
        "SentimentWord": "4",
        "SentimentPolarity": "1"
      }
    ]
  },
  {
    "Index": "7651",
    "RawText": "구매하고 잘 사용하고 있어요~처음 사용하는데 조작법도 어렵지 않고 레시피북도 잘 활용하고요 있구 두명인데 용량도 적당한거 같아요",
    "Source": "SNS",
    "Domain": "가전",
    "MainCategory": "주방가전",
    "ProductName": "(TV_직)쿡스쿡스 에어프라이어 3.5L",
    "ReviewScore": "100",
    "Syllable": "71",
    "Word": "16",
    "RDate": "20190127",
    "GeneralPolarity": "1",
    "Aspects": [
      {
        "Aspect": "조작성",
        "SentimentText": "처음 사용하는데 조작법도 어렵지 않고",
        "SentimentWord": "5",
        "SentimentPolarity": "1"
      },
      {
        "Aspect": "편의성",
        "SentimentText": "레시피북도 잘 활용하고요",
        "SentimentWord": "3",
        "SentimentPolarity": "1"
      },
      {
        "Aspect": "용량",
        "SentimentText": "용량도 적당한거 같아요",
        "SentimentWord": "3",
        "SentimentPolarity": "1"
      }
    ]
  },
  {
    "Index": "7652",
    "RawText": "그기에 비해 가격이 싸서 좋네요. 오븐은 높이가 낮아 불편한데 이건 높고 커서 만족스러워요. 잘 쓸께요",
    "Source": "SNS",
    "Domain": "가전",
    "MainCategory": "주방가전",
    "ProductName": "(TV_직)쿡스쿡스 에어프라이어 3.5L",
    "ReviewScore": "100",
    "Syllable": "57",
    "Word": "15",
    "RDate": "20181226",
    "GeneralPolarity": "1",
    "Aspects": [
      {
        "Aspect": "가격",
        "SentimentText": "그기에 비해 가격이 싸서 좋네요.",
        "SentimentWord": "5",
        "SentimentPolarity": "1"
      },
      {
        "Aspect": "사이즈",
        "SentimentText": "오븐은 높이가 낮아 불편한데 이건 높고 커서 만족스러워요. ",
        "SentimentWord": "8",
        "SentimentPolarity": "1"
      }
    ]
  },
  {
    "Index": "7653",
    "RawText": "냉동만두 돌려보니 잘 익어서 좋네요.  온도와 시간 조절은 몇번 해보면 감이 올듯 ;; ",
    "Source": "SNS",
    "Domain": "가전",
    "MainCategory": "주방가전",
    "ProductName": "(TV_직)쿡스쿡스 에어프라이어 3.5L",
    "ReviewScore": "100",
    "Syllable": "49",
    "Word": "13",
    "RDate": "20190314",
    "GeneralPolarity": "1",
    "Aspects": [
      {
        "Aspect": "기능",
        "SentimentText": "냉동만두 돌려보니 잘 익어서 좋네요.",
        "SentimentWord": "5",
        "SentimentPolarity": "1"
      },
      {
        "Aspect": "조작성",
        "SentimentText": " 온도와 시간 조절은 몇번 해보면 감이 올듯 ;;",
        "SentimentWord": "8",
        "SentimentPolarity": "0"
      }
    ]
  },
  {
    "Index": "7654",
    "RawText": "덕분에 다 큰 아이들 야식을 스스로 해먹어서 수월하고 만족스럽네요. 다만, 사고보니 용량이 부족해서 더 큰거 샀었으면 하는 아쉬움이~ㅠ",
    "Source": "SNS",
    "Domain": "가전",
    "MainCategory": "주방가전",
    "ProductName": "(TV_직)쿡스쿡스 에어프라이어 3.5L",
    "ReviewScore": "100",
    "Syllable": "75",
    "Word": "18",
    "RDate": "20190215",
    "GeneralPolarity": "0",
    "Aspects": [
      {
        "Aspect": "편의성",
        "SentimentText": "다 큰 아이들 야식을 스스로 해먹어서 수월하고 만족스럽네요.",
        "SentimentWord": "8",
        "SentimentPolarity": "1"
      },
      {
        "Aspect": "용량",
        "SentimentText": "사고보니 용량이 부족해서 더 큰거 샀었으면 하는 아쉬움이~ㅠ",
        "SentimentWord": "8",
        "SentimentPolarity": "-1"
      }
    ]
  },
  {
    "Index": "7655",
    "RawText": "색깔이 정말 고급지네요~^^ 크기도 커서 좋아요~",
    "Source": "SNS",
    "Domain": "가전",
    "MainCategory": "주방가전",
    "ProductName": "(TV_직)쿡스쿡스 에어프라이어 3.5L",
    "ReviewScore": "100",
    "Syllable": "27",
    "Word": "6",
    "RDate": "20190106",
    "GeneralPolarity": "1",
    "Aspects": [
      {
        "Aspect": "색상",
        "SentimentText": "색깔이 정말 고급지네요~^^",
        "SentimentWord": "3",
        "SentimentPolarity": "1"
      },
      {
        "Aspect": "사이즈",
        "SentimentText": "크기도 커서 좋아요~",
        "SentimentWord": "3",
        "SentimentPolarity": "1"
      }
    ]
  },
  {
    "Index": "7656",
    "RawText": "애들이 쓰기에도  위험하지않아서 좋습니다.  간편하게 잘쓰고 있어요 ^^",
    "Source": "SNS",
    "Domain": "가전",
    "MainCategory": "주방가전",
    "ProductName": "(TV_직)쿡스쿡스 에어프라이어 3.5L",
    "ReviewScore": "100",
    "Syllable": "40",
    "Word": "8",
    "RDate": "20190104",
    "GeneralPolarity": "1",
    "Aspects": [
      {
        "Aspect": "조작성",
        "SentimentText": "애들이 쓰기에도  위험하지않아서 좋습니다. ",
        "SentimentWord": "4",
        "SentimentPolarity": "1"
      },
      {
        "Aspect": "편의성",
        "SentimentText": "간편하게 잘쓰고 있어요 ^^",
        "SentimentWord": "4",
        "SentimentPolarity": "1"
      }
    ]
  },
  {
    "Index": "7657",
    "RawText": "잘받아서 여러가지 테스트하며 사용중이예요  생각보다 용량이 커서 좋네요  아직미숙하지만 사용하기 편리합니다 없이살지말기",
    "Source": "SNS",
    "Domain": "가전",
    "MainCategory": "주방가전",
    "ProductName": "(TV_직)쿡스쿡스 에어프라이어 3.5L",
    "ReviewScore": "100",
    "Syllable": "66",
    "Word": "12",
    "RDate": "20181228",
    "GeneralPolarity": "1",
    "Aspects": [
      {
        "Aspect": "용량",
        "SentimentText": "생각보다 용량이 커서 좋네요 ",
        "SentimentWord": "4",
        "SentimentPolarity": "1"
      },
      {
        "Aspect": "편의성",
        "SentimentText": "아직 미숙하지만 사용하기 편리합니다",
        "SentimentWord": "4",
        "SentimentPolarity": "0"
      }
    ]
  },
  {
    "Index": "7658",
    "RawText": "전에 쓰던것보다 1리터 클뿐인데 실제로 느낌은 엄청 크게 느껴지고 소음도 훨씬 작고 좋음",
    "Source": "SNS",
    "Domain": "가전",
    "MainCategory": "주방가전",
    "ProductName": "(TV_직)쿡스쿡스 에어프라이어 3.5L",
    "ReviewScore": "100",
    "Syllable": "49",
    "Word": "13",
    "RDate": "20191028",
    "GeneralPolarity": "1",
    "Aspects": [
      {
        "Aspect": "용량",
        "SentimentText": "전에 쓰던것보다 1리터 클뿐인데 실제로 느낌은 엄청 크게 느껴지고 ",
        "SentimentWord": "9",
        "SentimentPolarity": "1"
      },
      {
        "Aspect": "소음",
        "SentimentText": "소음도 훨씬 작고 좋음",
        "SentimentWord": "4",
        "SentimentPolarity": "1"
      }
    ]
  },
  {
    "Index": "7659",
    "RawText": "아니 OOO이라서 믿고 샀는데 무슨 일이죠? 집에있는OOO집에있는데 디지털이라서 나이드신아버지가 못쓰셔서 오자마자 닦아서 갈켜드릴려고하는데 용기도안빠지고 군고구마를한개넣어 가르쳐드렸는데. *용기가**안빠지니 몸채가. 따라와요~~ 두손잡고빼야하는데. 이제품 원래이런건가요 동영상 올립니다 썼다고 교환안돼다네요 이러말도 안돼는경우있나요???  ",
    "Source": "SNS",
    "Domain": "가전",
    "MainCategory": "주방가전",
    "ProductName": "(TV_직)쿡스쿡스 에어프라이어 3.5L",
    "ReviewScore": "20",
    "Syllable": "190",
    "Word": "28",
    "RDate": "20181225",
    "Aspects": [
      {
        "Aspect": "조작성",
        "SentimentText": "*용기가**안빠지니 몸채가. 따라와요~~두손잡고빼야하는데.",
        "SentimentWord": "3",
        "SentimentPolarity": "-1"
      },
      {
        "Aspect": "제조일/제조사",
        "SentimentText": "아니 OOO이라서 믿고 샀는데 무슨 일이죠?",
        "SentimentWord": "6",
        "SentimentPolarity": "-1"
      }
    ]
  },
  {
    "Index": "7660",
    "RawText": "크기는 생각보다 커서 마음에 듭니다. 그래도 뭐 해먹을라면 이정도 용량은 되야 될 것 같네요 ^^",
    "Source": "SNS",
    "Domain": "가전",
    "MainCategory": "주방가전",
    "ProductName": "(TV_직)쿡스쿡스 에어프라이어 3.5L",
    "ReviewScore": "100",
    "Syllable": "54",
    "Word": "15",
    "RDate": "20190313",
    "GeneralPolarity": "1",
    "Aspects": [
      {
        "Aspect": "사이즈",
        "SentimentText": "크기는 생각보다 커서 마음에 듭니다. ",
        "SentimentWord": "5",
        "SentimentPolarity": "1"
      },
      {
        "Aspect": "용량",
        "SentimentText": "그래도 뭐 해먹을라면 이정도 용량은 되야 될 것 같네요 ^^",
        "SentimentWord": "10",
        "SentimentPolarity": "1"
      }
    ]
  },
  {
    "Index": "7661",
    "RawText": "디자인 덕분에 키친 분위기가 너무 고급진 느낌이 들어요 ^^  적당한 크기로 사용하기 편해서 좋습니다. 가성비도 너무 좋아요",
    "Source": "SNS",
    "Domain": "가전",
    "MainCategory": "주방가전",
    "ProductName": "(TV_직)쿡스쿡스 에어프라이어 3.5L",
    "ReviewScore": "100",
    "Syllable": "69",
    "Word": "17",
    "RDate": "20181229",
    "GeneralPolarity": "1",
    "Aspects": [
      {
        "Aspect": "디자인",
        "SentimentText": "디자인 덕분에 키친 분위기가 너무 고급진 느낌이 들어요 ^^ ",
        "SentimentWord": "9",
        "SentimentPolarity": "1"
      },
      {
        "Aspect": "사이즈",
        "SentimentText": "적당한 크기로 사용하기 편해서 좋습니다.",
        "SentimentWord": "5",
        "SentimentPolarity": "1"
      },
      {
        "Aspect": "가격",
        "SentimentText": "가성비도 너무 좋아요",
        "SentimentWord": "3",
        "SentimentPolarity": "1"
      }
    ]
  },
  {
    "Index": "7662",
    "RawText": "프라이어 내부 쇳가루로 보이는 이물 다량 내부 팬엔 껌으로 보이는 이물이 붙어 있음 ;; 음식을하는 제품이 너무 했다 외관엔 전원키쪽 스크래치 제대로 된게 없다. ;; 반품 모바일로 사진 첨부 안되는게 아쉽다.",
    "Source": "SNS",
    "Domain": "가전",
    "MainCategory": "주방가전",
    "ProductName": "(TV_직)쿡스쿡스 에어프라이어 3.5L",
    "ReviewScore": "20",
    "Syllable": "117",
    "Word": "31",
    "RDate": "20181128",
    "GeneralPolarity": "-1",
    "Aspects": [
      {
        "Aspect": "품질",
        "SentimentText": "프라이어 내부 쇳가루로 보이는 이물 다량 내부 팬엔 껌으로 보이는 이물이 붙어 있음 ;;",
        "SentimentWord": "14",
        "SentimentPolarity": "-1"
      },
      {
        "Aspect": "품질",
        "SentimentText": "외관엔 전원키쪽 스크래치 제대로 된게 없다. ;;",
        "SentimentWord": "7",
        "SentimentPolarity": "-1"
      }
    ]
  },
  {
    "Index": "7663",
    "RawText": "홈쇼핑보고 처음구매해서 애들간식이며 엄청잘해먹고있어 만족스럽습니다. 적립금이 많이들어와서 친정엄마 친구 오빠등등 적립금들어올때마다 구매해서 사고있네요ㅋ 씻기도간편하고 조리방법도쉽고 너무편하고좋습니다",
    "Source": "SNS",
    "Domain": "가전",
    "MainCategory": "주방가전",
    "ProductName": "(TV_직)쿡스쿡스 에어프라이어 3.5L",
    "ReviewScore": "100",
    "Syllable": "110",
    "Word": "16",
    "RDate": "20190212",
    "GeneralPolarity": "1",
    "Aspects": [
      {
        "Aspect": "가격",
        "SentimentText": "적립금이 많이들어와서 친정엄마 친구 오빠등등 적립금들어올때마다 구매해서 사고있네요ㅋ",
        "SentimentWord": "8",
        "SentimentPolarity": "1"
      },
      {
        "Aspect": "편의성",
        "SentimentText": "씻기도간편하고 조리방법도쉽고 너무편하고좋습니다",
        "SentimentWord": "3",
        "SentimentPolarity": "1"
      }
    ]
  },
  {
    "Index": "7664",
    "RawText": "디자인도 이쁘고 좋습니다. 성능도 괜찮아서 마음에 들어요.  하지만 품질 성능에 비해 가격은 좀 비싼듯 합니다. ;; 살균에 대한기대만을 생각하고 구입했음.",
    "Source": "SNS",
    "Domain": "가전",
    "MainCategory": "주방가전",
    "ProductName": "(TV_직_딥그린_무체)쿠진 나이프케어 시즌2+에지리 칼세트",
    "ReviewScore": "80",
    "Syllable": "87",
    "Word": "20",
    "RDate": "20220215",
    "GeneralPolarity": "1",
    "Aspects": [
      {
        "Aspect": "디자인",
        "SentimentText": "디자인도 이쁘고 좋습니다.",
        "SentimentWord": "3",
        "SentimentPolarity": "1"
      },
      {
        "Aspect": "기능",
        "SentimentText": "성능도 괜찮아서 마음에 들어요. ",
        "SentimentWord": "4",
        "SentimentPolarity": "1"
      },
      {
        "Aspect": "가격",
        "SentimentText": "하지만 품질 성능에 비해 가격은 좀 비싼듯 합니다. ;;",
        "SentimentWord": "9",
        "SentimentPolarity": "-1"
      }
    ]
  },
  {
    "Index": "7665",
    "RawText": "살균 소독기능이 있어서 구입했어요. 만족합니다. 색상도 좋구요.",
    "Source": "SNS",
    "Domain": "가전",
    "MainCategory": "주방가전",
    "ProductName": "(TV_직_딥그린_무체)쿠진 나이프케어 시즌2+에지리 칼세트",
    "ReviewScore": "100",
    "Syllable": "35",
    "Word": "7",
    "RDate": "20220206",
    "GeneralPolarity": "1",
    "Aspects": [
      {
        "Aspect": "기능",
        "SentimentText": "살균 소독기능이 있어서 구입했어요. 만족합니다. ",
        "SentimentWord": "5",
        "SentimentPolarity": "1"
      },
      {
        "Aspect": "색상",
        "SentimentText": "색상도 좋구요.",
        "SentimentWord": "2",
        "SentimentPolarity": "1"
      }
    ]
  },
  {
    "Index": "7666",
    "RawText": "좋은 배송기사분 덕분에 상품 잘받았습니다.. 위생적인 스테인레스 소재라 든든하네요 칼들이 깔끔하게 정리가 되서 편하고 좋네요.",
    "Source": "SNS",
    "Domain": "가전",
    "MainCategory": "주방가전",
    "ProductName": "(TV_직_딥그린_무체)쿠진 나이프케어 시즌2+에지리 칼세트",
    "ReviewScore": "100",
    "Syllable": "70",
    "Word": "15",
    "RDate": "20220207",
    "Aspects": [
      {
        "Aspect": "소재",
        "SentimentText": "위생적인 스테인레스 소재라 든든하네요",
        "SentimentWord": "4",
        "SentimentPolarity": "1"
      },
      {
        "Aspect": "편의성",
        "SentimentText": "칼들이 깔끔하게 정리가 되서 편하고 좋네요.",
        "SentimentWord": "6",
        "SentimentPolarity": "1"
      }
    ]
  },
  {
    "Index": "7667",
    "RawText": "색상 너무 예쁘구요 나이프세트까지 있어서 훨씬 깔끔한 주방이 되었어요!!!!",
    "Source": "SNS",
    "Domain": "가전",
    "MainCategory": "주방가전",
    "ProductName": "(TV_직_딥그린_무체)쿠진 나이프케어 시즌2+에지리 칼세트",
    "ReviewScore": "100",
    "Syllable": "42",
    "Word": "9",
    "RDate": "20220205",
    "GeneralPolarity": "1",
    "Aspects": [
      {
        "Aspect": "색상",
        "SentimentText": "색상 너무 예쁘구요",
        "SentimentWord": "3",
        "SentimentPolarity": "1"
      },
      {
        "Aspect": "제품구성",
        "SentimentText": "나이프세트까지 있어서 훨씬 깔끔한 주방이 되었어요!!!!",
        "SentimentWord": "6",
        "SentimentPolarity": "1"
      }
    ]
  },
  {
    "Index": "7668",
    "RawText": "생각보단 살짝 크지만 나쁘지 않고 사용하기 편하고 좋습니다. 수저도 소독과 건조기능이 있어 좋은거 같아요.",
    "Source": "SNS",
    "Domain": "가전",
    "MainCategory": "주방가전",
    "ProductName": "(TV_직_딥그린_무체)쿠진 나이프케어 시즌2+에지리 칼세트",
    "ReviewScore": "90",
    "Syllable": "59",
    "Word": "14",
    "RDate": "20211114",
    "GeneralPolarity": "1",
    "Aspects": [
      {
        "Aspect": "사이즈",
        "SentimentText": "생각보단 살짝 크지만 나쁘지 않고",
        "SentimentWord": "5",
        "SentimentPolarity": "0"
      },
      {
        "Aspect": "편의성",
        "SentimentText": "사용하기 편하고 좋습니다.",
        "SentimentWord": "3",
        "SentimentPolarity": "1"
      },
      {
        "Aspect": "기능",
        "SentimentText": "수저도 소독과 건조기능이 있어 좋은거 같아요.",
        "SentimentWord": "6",
        "SentimentPolarity": "1"
      }
    ]
  },
  {
    "Index": "7669",
    "RawText": "생각했던거보다 크긴 하지만 괜찮네요~수저,국자 많이들어가요 잘쓰겠습니다",
    "Source": "SNS",
    "Domain": "가전",
    "MainCategory": "주방가전",
    "ProductName": "(TV_직_딥그린_무체)쿠진 나이프케어 시즌2+에지리 칼세트",
    "ReviewScore": "100",
    "Syllable": "39",
    "Word": "6",
    "RDate": "20220224",
    "GeneralPolarity": "1",
    "Aspects": [
      {
        "Aspect": "사이즈",
        "SentimentText": "생각했던거보다 크긴 하지만 괜찮네요~",
        "SentimentWord": "4",
        "SentimentPolarity": "0"
      },
      {
        "Aspect": "용량",
        "SentimentText": "수저,국자 많이들어가요 ",
        "SentimentWord": "2",
        "SentimentPolarity": "1"
      }
    ]
  },
  {
    "Index": "7670",
    "RawText": "아주 편하고 좋아요. 깨끗하게 세척 및 관리가 되서 안심하고 잘쓰고 있어요~~^^",
    "Source": "SNS",
    "Domain": "가전",
    "MainCategory": "주방가전",
    "ProductName": "(TV_직_딥그린_무체)쿠진 나이프케어 시즌2+에지리 칼세트",
    "ReviewScore": "100",
    "Syllable": "45",
    "Word": "11",
    "RDate": "20211114",
    "GeneralPolarity": "1",
    "Aspects": [
      {
        "Aspect": "편의성",
        "SentimentText": "아주 편하고 좋아요.",
        "SentimentWord": "3",
        "SentimentPolarity": "1"
      },
      {
        "Aspect": "기능",
        "SentimentText": "깨끗하게 세척 및 관리가 되서 안심하고 잘쓰고 있어요~~^^",
        "SentimentWord": "8",
        "SentimentPolarity": "1"
      }
    ]
  },
  {
    "Index": "7671",
    "RawText": "위험성 없이 안정감이 있어 마음에 듭니다. 무엇보다 소독 기능을 사용할수 있어 좋아요",
    "Source": "SNS",
    "Domain": "가전",
    "MainCategory": "주방가전",
    "ProductName": "(TV_직_딥그린_무체)쿠진 나이프케어 시즌2+에지리 칼세트",
    "ReviewScore": "100",
    "Syllable": "47",
    "Word": "12",
    "RDate": "20211207",
    "GeneralPolarity": "1",
    "Aspects": [
      {
        "Aspect": "조작성",
        "SentimentText": "위험성 없이 안정감이 있어 마음에 듭니다.",
        "SentimentWord": "6",
        "SentimentPolarity": "1"
      },
      {
        "Aspect": "기능",
        "SentimentText": "무엇보다 소독 기능을 사용할수 있어 좋아요",
        "SentimentWord": "6",
        "SentimentPolarity": "1"
      }
    ]
  },
  {
    "Index": "7672",
    "RawText": "이사오면서 수저통을 없애고 바로바로 살균해서 사용하니 마음에 듭니다.  편리하고 든든하네요",
    "Source": "SNS",
    "Domain": "가전",
    "MainCategory": "주방가전",
    "ProductName": "(TV_직_딥그린_무체)쿠진 나이프케어 시즌2+에지리 칼세트",
    "ReviewScore": "100",
    "Syllable": "50",
    "Word": "10",
    "RDate": "20220227",
    "GeneralPolarity": "1",
    "Aspects": [
      {
        "Aspect": "기능",
        "SentimentText": "이사오면서 수저통을 없애고 바로바로 살균해서 사용하니 마음에 듭니다. ",
        "SentimentWord": "8",
        "SentimentPolarity": "1"
      },
      {
        "Aspect": "편의성",
        "SentimentText": "편리하고 든든하네요",
        "SentimentWord": "2",
        "SentimentPolarity": "1"
      }
    ]
  },
  {
    "Index": "7673",
    "RawText": "주방도구를 좀 더 위생적으로 사용할수있는 방법이 뭐가 있을까 고민하던 중에 이 상품을 보게 되었어요 이거다 싶은 생각에 바로 구매했고요, 품질이 만족스러워 정말정말 잘 사용하고 있습니다. 칼갈이 기능까지 있어서 넘 좋아요 강추예요",
    "Source": "SNS",
    "Domain": "가전",
    "MainCategory": "주방가전",
    "ProductName": "(TV_직_딥그린_무체)쿠진 나이프케어 시즌2+에지리 칼세트",
    "ReviewScore": "100",
    "Syllable": "128",
    "Word": "31",
    "RDate": "20211205",
    "GeneralPolarity": "1",
    "Aspects": [
      {
        "Aspect": "품질",
        "SentimentText": "품질이 만족스러워 정말정말 잘 사용하고 있습니다.",
        "SentimentWord": "6",
        "SentimentPolarity": "1"
      },
      {
        "Aspect": "기능",
        "SentimentText": "칼갈이 기능까지 있어서 넘 좋아요 강추예요",
        "SentimentWord": "6",
        "SentimentPolarity": "1"
      }
    ]
  },
  {
    "Index": "7674",
    "RawText": "칼도필요한데 칼집도마음에들어서구매했습니다 근데 깔이조금무겁지만 나쁘지 않고 쓸만합니다",
    "Source": "SNS",
    "Domain": "가전",
    "MainCategory": "주방가전",
    "ProductName": "(TV_직_딥그린_무체)쿠진 나이프케어 시즌2+에지리 칼세트",
    "ReviewScore": "100",
    "Syllable": "47",
    "Word": "7",
    "RDate": "20220205",
    "GeneralPolarity": "1",
    "Aspects": [
      {
        "Aspect": "제품구성",
        "SentimentText": "칼도필요한데 칼집도마음에들어서구매했습니다",
        "SentimentWord": "2",
        "SentimentPolarity": "1"
      },
      {
        "Aspect": "무게",
        "SentimentText": "근데 깔이조금무겁지만 나쁘지 않고 쓸만합니다",
        "SentimentWord": "5",
        "SentimentPolarity": "0"
      }
    ]
  },
  {
    "Index": "7675",
    "RawText": "칼이 잘들어서 좋은데요. 방송중 본 퀄리티보다는 못하네요. ;;",
    "Source": "SNS",
    "Domain": "가전",
    "MainCategory": "주방가전",
    "ProductName": "(TV_직_딥그린_무체)쿠진 나이프케어 시즌2+에지리 칼세트",
    "ReviewScore": "80",
    "Syllable": "35",
    "Word": "8",
    "RDate": "20220222",
    "GeneralPolarity": "0",
    "Aspects": [
      {
        "Aspect": "기능",
        "SentimentText": "칼이 잘들어서 좋은데요.",
        "SentimentWord": "3",
        "SentimentPolarity": "1"
      },
      {
        "Aspect": "품질",
        "SentimentText": "방송중 본 퀄리티보다는 못하네요. ;;",
        "SentimentWord": "5",
        "SentimentPolarity": "-1"
      }
    ]
  },
  {
    "Index": "7676",
    "RawText": "중국제라 조금 걱정했는데 생각보다 품질이 좋습니다. 내구성도 좋아서 깔끔하고 안전하게 쓸수 있을것같네요",
    "Source": "SNS",
    "Domain": "가전",
    "MainCategory": "주방가전",
    "ProductName": "(TV_직_딥그린_미주)쿠진 나이프케어 시즌2+에지리 칼세트",
    "ReviewScore": "100",
    "Syllable": "57",
    "Word": "12",
    "RDate": "20211118",
    "GeneralPolarity": "1",
    "Aspects": [
      {
        "Aspect": "품질",
        "SentimentText": "생각보다 품질이 좋습니다.",
        "SentimentWord": "3",
        "SentimentPolarity": "1"
      },
      {
        "Aspect": "내구성",
        "SentimentText": "내구성도 좋아서 깔끔하고 안전하게 쓸수 있을것같네요",
        "SentimentWord": "6",
        "SentimentPolarity": "1"
      }
    ]
  },
  {
    "Index": "7677",
    "RawText": "도착후  바로 사용했는데  1시간쯤 후 쌀통이  폭발음과  함께  터제 버렸네요 ~~ 너무 놀라고 어이가 없네요  ~ 주변으로  흩어진 쌀을 주워 담느라  고생만  엄청하고  이런  허접한 제품을  파는 제조사는 각성하기를 바랍니다",
    "Source": "SNS",
    "Domain": "가전",
    "MainCategory": "주방가전",
    "ProductName": "(TV_직배송)진공 쌀통 SM-16A20",
    "ReviewScore": "10",
    "Syllable": "129",
    "Word": "30",
    "RDate": "20200105",
    "GeneralPolarity": "-1",
    "Aspects": [
      {
        "Aspect": "품질",
        "SentimentText": "도착후  바로 사용했는데  1시간쯤 후 쌀통이  폭발음과  함께  터제 버렸네요",
        "SentimentWord": "10",
        "SentimentPolarity": "-1"
      },
      {
        "Aspect": "품질",
        "SentimentText": "주변으로  흩어진 쌀을 주워 담느라  고생만  엄청하고  이런  허접한 제품을  파는 제조사는 각성하기를 바랍니다",
        "SentimentWord": "14",
        "SentimentPolarity": "-1"
      }
    ]
  },
  {
    "Index": "7678",
    "RawText": "많은 양의 쌀을 편리하고 맛이 변질 없이 진공 저장으로 먹을수 있어 좋습니다",
    "Source": "SNS",
    "Domain": "가전",
    "MainCategory": "주방가전",
    "ProductName": "(TV_직배송)진공 쌀통 SM-16A20",
    "ReviewScore": "100",
    "Syllable": "42",
    "Word": "12",
    "RDate": "20200504",
    "GeneralPolarity": "1",
    "Aspects": [
      {
        "Aspect": "용량",
        "SentimentText": "많은 양의 쌀을 편리하고",
        "SentimentWord": "4",
        "SentimentPolarity": "1"
      },
      {
        "Aspect": "기능",
        "SentimentText": " 맛이 변질 없이 진공 저장으로 먹을수 있어 좋습니다",
        "SentimentWord": "8",
        "SentimentPolarity": "1"
      }
    ]
  },
  {
    "Index": "7679",
    "RawText": "벌래도  안생기고  쌀도 마르지 않는것 같아 너무 좋아요  그리고 간단하게 진공저장할 수 있어서 편리해요",
    "Source": "SNS",
    "Domain": "가전",
    "MainCategory": "주방가전",
    "ProductName": "(TV_직배송)진공 쌀통 SM-16A20",
    "ReviewScore": "100",
    "Syllable": "58",
    "Word": "14",
    "RDate": "20200106",
    "GeneralPolarity": "1",
    "Aspects": [
      {
        "Aspect": "기능",
        "SentimentText": "벌래도  안생기고  쌀도 마르지 않는것 같아 너무 좋아요 ",
        "SentimentWord": "8",
        "SentimentPolarity": "1"
      },
      {
        "Aspect": "조작성",
        "SentimentText": "그리고 간단하게 진공저장할 수 있어서 편리해요",
        "SentimentWord": "6",
        "SentimentPolarity": "1"
      }
    ]
  },
  {
    "Index": "7680",
    "RawText": "생각보다 가볍고 사이즈도 적당하고 예뻐요 이젠 쌀걱정 안해도 될꺼같아요",
    "Source": "SNS",
    "Domain": "가전",
    "MainCategory": "주방가전",
    "ProductName": "(TV_직배송)진공 쌀통 SM-16A20",
    "ReviewScore": "100",
    "Syllable": "39",
    "Word": "9",
    "RDate": "20200123",
    "GeneralPolarity": "1",
    "Aspects": [
      {
        "Aspect": "무게",
        "SentimentText": "생각보다 가볍고",
        "SentimentWord": "2",
        "SentimentPolarity": "1"
      },
      {
        "Aspect": "사이즈",
        "SentimentText": "사이즈도 적당하고 예뻐요",
        "SentimentWord": "3",
        "SentimentPolarity": "1"
      },
      {
        "Aspect": "기능",
        "SentimentText": "이젠 쌀걱정 안해도 될꺼같아요",
        "SentimentWord": "4",
        "SentimentPolarity": "1"
      }
    ]
  },
  {
    "Index": "7681",
    "RawText": "쌀통 크기도 적당하고 디자인도 예쁘네요. 진공상태로 보관할 수 있어서 편리하고  벌레 걱정도 없어서 좋아요.",
    "Source": "SNS",
    "Domain": "가전",
    "MainCategory": "주방가전",
    "ProductName": "(TV_직배송)진공 쌀통 SM-16A20",
    "ReviewScore": "100",
    "Syllable": "60",
    "Word": "14",
    "RDate": "20200112",
    "GeneralPolarity": "1",
    "Aspects": [
      {
        "Aspect": "사이즈",
        "SentimentText": "쌀통 크기도 적당하고",
        "SentimentWord": "3",
        "SentimentPolarity": "1"
      },
      {
        "Aspect": "디자인",
        "SentimentText": "디자인도 예쁘네요",
        "SentimentWord": "2",
        "SentimentPolarity": "1"
      },
      {
        "Aspect": "기능",
        "SentimentText": "진공상태로 보관할 수 있어서 편리하고  벌레 걱정도 없어서 좋아요",
        "SentimentWord": "9",
        "SentimentPolarity": "1"
      }
    ]
  },
  {
    "Index": "7682",
    "RawText": "쌀통에서핸드폰진동소리가나서밤이되니스트레스네요 디자인은괜찬아요~",
    "Source": "SNS",
    "Domain": "가전",
    "MainCategory": "주방가전",
    "ProductName": "(TV_직배송)진공 쌀통 SM-16A20",
    "ReviewScore": "20",
    "Syllable": "34",
    "Word": "2",
    "RDate": "20200109",
    "GeneralPolarity": "0",
    "Aspects": [
      {
        "Aspect": "소음",
        "SentimentText": "쌀통에서핸드폰진동소리가나서밤이되니스트레스네요",
        "SentimentWord": "1",
        "SentimentPolarity": "-1"
      },
      {
        "Aspect": "디자인",
        "SentimentText": "디자인은괜찬아요",
        "SentimentWord": "1",
        "SentimentPolarity": "1"
      }
    ]
  },
  {
    "Index": "7683",
    "RawText": "왠만하면 상품평 귀찮기만 하지만  요놈은 제품이 불량인지 원래 그런 제품인건지 자동진공이 되지도 않고 매번 누르고 닦아줘야  진공상태로 되니  불편하기만 하네요. 반품 또는 교환 요청해야할듯",
    "Source": "SNS",
    "Domain": "가전",
    "MainCategory": "주방가전",
    "ProductName": "(TV_직배송)진공 쌀통 SM-16A20",
    "ReviewScore": "20",
    "Syllable": "106",
    "Word": "24",
    "RDate": "20191119",
    "GeneralPolarity": "-1",
    "Aspects": [
      {
        "Aspect": "품질",
        "SentimentText": "요놈은 제품이 불량인지 원래 그런 제품인건지",
        "SentimentWord": "6",
        "SentimentPolarity": "-1"
      },
      {
        "Aspect": "기능",
        "SentimentText": "자동진공이 되지도 않고",
        "SentimentWord": "3",
        "SentimentPolarity": "-1"
      },
      {
        "Aspect": "편의성",
        "SentimentText": "매번 누르고 닦아줘야  진공상태로 되니  불편하기만 하네요",
        "SentimentWord": "7",
        "SentimentPolarity": "-1"
      }
    ]
  },
  {
    "Index": "7684",
    "RawText": "전기를 계속 꽂아놓고 쓰는거라 전기세 나갈까봐 걱정입니다 그런데 모양은 제법 이뻐요",
    "Source": "SNS",
    "Domain": "가전",
    "MainCategory": "주방가전",
    "ProductName": "(TV_직배송)진공 쌀통 SM-16A20",
    "ReviewScore": "50",
    "Syllable": "46",
    "Word": "11",
    "RDate": "20200106",
    "GeneralPolarity": "0",
    "Aspects": [
      {
        "Aspect": "소비전력",
        "SentimentText": "전기를 계속 꽂아놓고 쓰는거라 전기세 나갈까봐 걱정입니다",
        "SentimentWord": "7",
        "SentimentPolarity": "-1"
      },
      {
        "Aspect": "디자인",
        "SentimentText": "그런데 모양은 제법 이뻐요",
        "SentimentWord": "4",
        "SentimentPolarity": "1"
      }
    ]
  },
  {
    "Index": "7685",
    "RawText": "진공은 잘되구요 용량이 생각보다 작네요 우리집 식구엔 턱없이 작네요 배송이 너무 느려요",
    "Source": "SNS",
    "Domain": "가전",
    "MainCategory": "주방가전",
    "ProductName": "(TV_직배송)진공 쌀통 SM-16A20",
    "ReviewScore": "80",
    "Syllable": "48",
    "Word": "12",
    "RDate": "20191210",
    "Aspects": [
      {
        "Aspect": "기능",
        "SentimentText": "진공은 잘되구요",
        "SentimentWord": "2",
        "SentimentPolarity": "1"
      },
      {
        "Aspect": "용량",
        "SentimentText": "용량이 생각보다 작네요 우리집 식구엔 턱없이 작네요",
        "SentimentWord": "7",
        "SentimentPolarity": "-1"
      }
    ]
  },
  {
    "Index": "7686",
    "RawText": "진공이 잘되는것같아요. 작동 소음은 조금 나요. 오래쓸수있었으면 좋겠네요. 잘 쓸께요. 만족합니다.",
    "Source": "SNS",
    "Domain": "가전",
    "MainCategory": "주방가전",
    "ProductName": "(TV_직배송)진공 쌀통 SM-16A20",
    "ReviewScore": "80",
    "Syllable": "55",
    "Word": "11",
    "RDate": "20191129",
    "Aspects": [
      {
        "Aspect": "기능",
        "SentimentText": "진공이 잘되는것같아요",
        "SentimentWord": "2",
        "SentimentPolarity": "1"
      },
      {
        "Aspect": "소음",
        "SentimentText": "작동 소음은 조금 나요",
        "SentimentWord": "4",
        "SentimentPolarity": "-1"
      }
    ]
  },
  {
    "Index": "7687",
    "RawText": "진짜 좋은 쌀통. 절대후회없는제품크기도 딱좋고 진공도 잘되고",
    "Source": "SNS",
    "Domain": "가전",
    "MainCategory": "주방가전",
    "ProductName": "(TV_직배송)진공 쌀통 SM-16A20",
    "ReviewScore": "100",
    "Syllable": "33",
    "Word": "7",
    "RDate": "20191020",
    "GeneralPolarity": "1",
    "Aspects": [
      {
        "Aspect": "품질",
        "SentimentText": "진짜 좋은 쌀통",
        "SentimentWord": "3",
        "SentimentPolarity": "1"
      },
      {
        "Aspect": "품질",
        "SentimentText": "절대후회없는제품",
        "SentimentWord": "1",
        "SentimentPolarity": "1"
      },
      {
        "Aspect": "사이즈",
        "SentimentText": "제품크기도 딱좋고",
        "SentimentWord": "2",
        "SentimentPolarity": "1"
      },
      {
        "Aspect": "기능",
        "SentimentText": "진공도 잘되고",
        "SentimentWord": "2",
        "SentimentPolarity": "1"
      }
    ]
  },
  {
    "Index": "7688",
    "RawText": "첨에 냄새가 많이나서 3일동안 뚜껑 열어 놨었구요 쌀 보관이 용이한거 같아좋으네요 그런데 진공이 확실히 되는지는 모르겠어요  비닐팩에 콩넣어서  조금 연채  넣었는데 비닐 찌글어짐이 전혀없네요   적당히 진공되는건지",
    "Source": "SNS",
    "Domain": "가전",
    "MainCategory": "주방가전",
    "ProductName": "(TV_직배송)진공 쌀통 SM-16A20",
    "ReviewScore": "100",
    "Syllable": "120",
    "Word": "26",
    "RDate": "20191216",
    "GeneralPolarity": "0",
    "Aspects": [
      {
        "Aspect": "품질",
        "SentimentText": "첨에 냄새가 많이나서 3일동안 뚜껑 열어 놨었구요",
        "SentimentWord": "7",
        "SentimentPolarity": "-1"
      },
      {
        "Aspect": "기능",
        "SentimentText": "쌀 보관이 용이한거 같아좋으네요",
        "SentimentWord": "4",
        "SentimentPolarity": "1"
      },
      {
        "Aspect": "기능",
        "SentimentText": "그런데 진공이 확실히 되는지는 모르겠어요",
        "SentimentWord": "5",
        "SentimentPolarity": "-1"
      },
      {
        "Aspect": "기능",
        "SentimentText": "비닐팩에 콩넣어서  조금 연채  넣었는데 비닐 찌글어짐이 전혀없네요",
        "SentimentWord": "8",
        "SentimentPolarity": "-1"
      }
    ]
  },
  {
    "Index": "7689",
    "RawText": "착한 가격에 구매 잘 한것 같아요 디자인도 이쁘고 마음에 쏙 들어요",
    "Source": "SNS",
    "Domain": "가전",
    "MainCategory": "주방가전",
    "ProductName": "(TV_직택배)구스터 그랜드 티메이커 1세트 GSC-TP18D",
    "ReviewScore": "100",
    "Syllable": "37",
    "Word": "11",
    "RDate": "20191207",
    "GeneralPolarity": "1",
    "Aspects": [
      {
        "Aspect": "가격",
        "SentimentText": "착한 가격에 구매 잘 한것 같아요",
        "SentimentWord": "6",
        "SentimentPolarity": "1"
      },
      {
        "Aspect": "디자인",
        "SentimentText": "디자인도 이쁘고 마음에 쏙 들어요",
        "SentimentWord": "5",
        "SentimentPolarity": "1"
      }
    ]
  },
  {
    "Index": "7690",
    "RawText": "가격은 좀 비싸지만 실용적으로 쓰임새가 있네요 생각보다 빨리 끓고 괜찮네요  잘 쓸거같아요",
    "Source": "SNS",
    "Domain": "가전",
    "MainCategory": "주방가전",
    "ProductName": "(TV_직택배)세라맥스 만능 멀티 레인지",
    "ReviewScore": "80",
    "Syllable": "50",
    "Word": "12",
    "RDate": "20191223",
    "Aspects": [
      {
        "Aspect": "가격",
        "SentimentText": "가격은 좀 비싸지만",
        "SentimentWord": "3",
        "SentimentPolarity": "-1"
      },
      {
        "Aspect": "편의성",
        "SentimentText": "실용적으로 쓰임새가 있네요",
        "SentimentWord": "3",
        "SentimentPolarity": "1"
      },
      {
        "Aspect": "기능",
        "SentimentText": "생각보다 빨리 끓고 괜찮네요",
        "SentimentWord": "4",
        "SentimentPolarity": "1"
      }
    ]
  },
  {
    "Index": "7691",
    "RawText": "가스레인지에서 음식을 해서 옮겨 먹다가 식탁위에서 자글자글 끓여 식사 끝날때까지 따뜻하게 먹으니까 더 맛있네요 설거지도 편하고 자주 애용할것 같아요. 처음엔 사용법이 서툴러 애를 먹었는데 몇번 더 써보면 익숙해지겠지요?",
    "Source": "SNS",
    "Domain": "가전",
    "MainCategory": "주방가전",
    "ProductName": "(TV_직택배)세라맥스 만능 멀티 레인지",
    "ReviewScore": "70",
    "Syllable": "122",
    "Word": "28",
    "RDate": "20200111",
    "GeneralPolarity": "1",
    "Aspects": [
      {
        "Aspect": "기능",
        "SentimentText": "식탁위에서 자글자글 끓여 식사 끝날때까지 따뜻하게 먹으니까 더 맛있네요",
        "SentimentWord": "9",
        "SentimentPolarity": "1"
      },
      {
        "Aspect": "편의성",
        "SentimentText": "설거지도 편하고 자주 애용할것 같아요",
        "SentimentWord": "5",
        "SentimentPolarity": "1"
      },
      {
        "Aspect": "조작성",
        "SentimentText": "처음엔 사용법이 서툴러 애를 먹었는데 몇번 더 써보면 익숙해지겠지요?",
        "SentimentWord": "9",
        "SentimentPolarity": "0"
      }
    ]
  },
  {
    "Index": "7692",
    "RawText": "가열시간도 오래 걸리고  가열하면  냄새가  심하게  나네요",
    "Source": "SNS",
    "Domain": "가전",
    "MainCategory": "주방가전",
    "ProductName": "(TV_직택배)세라맥스 만능 멀티 레인지",
    "ReviewScore": "50",
    "Syllable": "33",
    "Word": "7",
    "RDate": "20200119",
    "GeneralPolarity": "-1",
    "Aspects": [
      {
        "Aspect": "시간/속도",
        "SentimentText": "가열시간도 오래 걸리고",
        "SentimentWord": "3",
        "SentimentPolarity": "-1"
      },
      {
        "Aspect": "품질",
        "SentimentText": "가열하면  냄새가  심하게  나네요",
        "SentimentWord": "4",
        "SentimentPolarity": "-1"
      }
    ]
  },
  {
    "Index": "7693",
    "RawText": "구이팬에 기름받이가 없네요 그거빼곤 괞찮아요 화력 좋아요",
    "Source": "SNS",
    "Domain": "가전",
    "MainCategory": "주방가전",
    "ProductName": "(TV_직택배)세라맥스 만능 멀티 레인지",
    "ReviewScore": "100",
    "Syllable": "31",
    "Word": "7",
    "RDate": "20201216",
    "GeneralPolarity": "0",
    "Aspects": [
      {
        "Aspect": "제품구성",
        "SentimentText": "구이팬에 기름받이가 없네요",
        "SentimentWord": "3",
        "SentimentPolarity": "-1"
      },
      {
        "Aspect": "기능",
        "SentimentText": " 화력 좋아요",
        "SentimentWord": "2",
        "SentimentPolarity": "1"
      }
    ]
  },
  {
    "Index": "7694",
    "RawText": "기대 안하고 주문했는데 지금껏 구매해 사용해 왔던 세개의 다른 제품들보다 훨씬 좋습니다. 외관도 깔끔하고 관리도 쉬우며 금방 데워져 음식도 빨리 조리되네요. 다만 처음 조리시 기기에서 냄새가 나 마스크 쓰고 곱창 구웠습니다. ^^",
    "Source": "SNS",
    "Domain": "가전",
    "MainCategory": "주방가전",
    "ProductName": "(TV_직택배)세라맥스 만능 멀티 레인지",
    "ReviewScore": "100",
    "Syllable": "128",
    "Word": "32",
    "RDate": "20201219",
    "Aspects": [
      {
        "Aspect": "품질",
        "SentimentText": "지금껏 구매해 사용해 왔던 세개의 다른 제품들보다 훨씬 좋습니다",
        "SentimentWord": "9",
        "SentimentPolarity": "1"
      },
      {
        "Aspect": "디자인",
        "SentimentText": "외관도 깔끔하고",
        "SentimentWord": "2",
        "SentimentPolarity": "1"
      },
      {
        "Aspect": "편의성",
        "SentimentText": "관리도 쉬우며",
        "SentimentWord": "2",
        "SentimentPolarity": "1"
      },
      {
        "Aspect": "기능",
        "SentimentText": "금방 데워져 음식도 빨리 조리되네요",
        "SentimentWord": "5",
        "SentimentPolarity": "1"
      },
      {
        "Aspect": "품질",
        "SentimentText": "다만 처음 조리시 기기에서 냄새가 나 마스크 쓰고 곱창 구웠습니다",
        "SentimentWord": "10",
        "SentimentPolarity": "-1"
      }
    ]
  },
  {
    "Index": "7695",
    "RawText": "소리가 시크러워요 고기 굽는데 열이 한참 있어야 달궈져요",
    "Source": "SNS",
    "Domain": "가전",
    "MainCategory": "주방가전",
    "ProductName": "(TV_직택배)세라맥스 만능 멀티 레인지",
    "ReviewScore": "60",
    "Syllable": "31",
    "Word": "8",
    "RDate": "20200223",
    "GeneralPolarity": "-1",
    "Aspects": [
      {
        "Aspect": "소음",
        "SentimentText": "소리가 시크러워요",
        "SentimentWord": "2",
        "SentimentPolarity": "-1"
      },
      {
        "Aspect": "기능",
        "SentimentText": "고기 굽는데 열이 한참 있어야 달궈져요",
        "SentimentWord": "6",
        "SentimentPolarity": "-1"
      }
    ]
  },
  {
    "Index": "7696",
    "RawText": "소음이 너무 심하네요. 지금은 금액이 더 다운되었고 더 업그레이드된 상품이 많아요. 솔직히 비추합니다.",
    "Source": "SNS",
    "Domain": "가전",
    "MainCategory": "주방가전",
    "ProductName": "(TV_직택배)세라맥스 만능 멀티 레인지",
    "ReviewScore": "30",
    "Syllable": "57",
    "Word": "13",
    "RDate": "20200330",
    "GeneralPolarity": "-1",
    "Aspects": [
      {
        "Aspect": "소음",
        "SentimentText": "소음이 너무 심하네요",
        "SentimentWord": "3",
        "SentimentPolarity": "-1"
      },
      {
        "Aspect": "가격",
        "SentimentText": "지금은 금액이 더 다운되었고",
        "SentimentWord": "4",
        "SentimentPolarity": "-1"
      },
      {
        "Aspect": "제조일/제조사",
        "SentimentText": "더 업그레이드된 상품이 많아요",
        "SentimentWord": "4",
        "SentimentPolarity": "-1"
      },
      {
        "Aspect": "제조일/제조사",
        "SentimentText": "솔직히 비추합니다",
        "SentimentWord": "2",
        "SentimentPolarity": "-1"
      }
    ]
  },
  {
    "Index": "7697",
    "RawText": "소음이 크고 전골팬으로 사용하다 구이용으로 하면 온도가 자꾸 떨어지네요 ..불편합니다.",
    "Source": "SNS",
    "Domain": "가전",
    "MainCategory": "주방가전",
    "ProductName": "(TV_직택배)세라맥스 만능 멀티 레인지",
    "ReviewScore": "80",
    "Syllable": "48",
    "Word": "10",
    "RDate": "20200527",
    "GeneralPolarity": "-1",
    "Aspects": [
      {
        "Aspect": "소음",
        "SentimentText": "소음이 크고",
        "SentimentWord": "2",
        "SentimentPolarity": "-1"
      },
      {
        "Aspect": "기능",
        "SentimentText": "전골팬으로 사용하다 구이용으로 하면 온도가 자꾸 떨어지네요",
        "SentimentWord": "7",
        "SentimentPolarity": "-1"
      }
    ]
  },
  {
    "Index": "7698",
    "RawText": "식탁 위에 놓고 뜨끈한 찌게 먹을수 있어서 늘 사용할것 같아요...새거라 냄새는 나고 소음이 좀 있네요",
    "Source": "SNS",
    "Domain": "가전",
    "MainCategory": "주방가전",
    "ProductName": "(TV_직택배)세라맥스 만능 멀티 레인지",
    "ReviewScore": "100",
    "Syllable": "57",
    "Word": "15",
    "RDate": "20191226",
    "GeneralPolarity": "0",
    "Aspects": [
      {
        "Aspect": "편의성",
        "SentimentText": "식탁 위에 놓고 뜨끈한 찌게 먹을수 있어서 늘 사용할것 같아요",
        "SentimentWord": "10",
        "SentimentPolarity": "1"
      },
      {
        "Aspect": "품질",
        "SentimentText": "새거라 냄새는 나고",
        "SentimentWord": "3",
        "SentimentPolarity": "-1"
      },
      {
        "Aspect": "소음",
        "SentimentText": "소음이 좀 있네요",
        "SentimentWord": "3",
        "SentimentPolarity": "-1"
      }
    ]
  },
  {
    "Index": "7699",
    "RawText": "식탁 위에 올려 놓고 고기 구울때 좋아요 그런데 전골팬은 고정이 안되서 좀 불안해요",
    "Source": "SNS",
    "Domain": "가전",
    "MainCategory": "주방가전",
    "ProductName": "(TV_직택배)세라맥스 만능 멀티 레인지",
    "ReviewScore": "80",
    "Syllable": "46",
    "Word": "13",
    "RDate": "20210611",
    "GeneralPolarity": "0",
    "Aspects": [
      {
        "Aspect": "편의성",
        "SentimentText": "식탁 위에 올려 놓고 고기 구울때 좋아요",
        "SentimentWord": "7",
        "SentimentPolarity": "1"
      },
      {
        "Aspect": "품질",
        "SentimentText": "그런데 전골팬은 고정이 안되서 좀 불안해요",
        "SentimentWord": "6",
        "SentimentPolarity": "-1"
      }
    ]
  },
  {
    "Index": "7700",
    "RawText": "식탁위에서.쓰긴 좋은데. .소리가 너무 큽니다 전원켜서. 끌때까지 소리가 너무 시끄럽네여. . ",
    "Source": "SNS",
    "Domain": "가전",
    "MainCategory": "주방가전",
    "ProductName": "(TV_직택배)세라맥스 만능 멀티 레인지",
    "ReviewScore": "100",
    "Syllable": "53",
    "Word": "11",
    "RDate": "20200512",
    "GeneralPolarity": "-1",
    "Aspects": [
      {
        "Aspect": "편의성",
        "SentimentText": "식탁위에서.쓰긴 좋은데",
        "SentimentWord": "2",
        "SentimentPolarity": "1"
      },
      {
        "Aspect": "소음",
        "SentimentText": "소리가 너무 큽니다",
        "SentimentWord": "3",
        "SentimentPolarity": "-1"
      },
      {
        "Aspect": "소음",
        "SentimentText": "전원켜서. 끌때까지 소리가 너무 시끄럽네여",
        "SentimentWord": "5",
        "SentimentPolarity": "-1"
      }
    ]
  },
  {
    "Index": "7701",
    "RawText": "제품이 너무 좋아요   화구 크고 빠른가열  디자인등 좋아요",
    "Source": "SNS",
    "Domain": "가전",
    "MainCategory": "주방가전",
    "ProductName": "(TV_직택배)세라맥스 만능 멀티 레인지",
    "ReviewScore": "100",
    "Syllable": "33",
    "Word": "8",
    "RDate": "20191217",
    "GeneralPolarity": "1",
    "Aspects": [
      {
        "Aspect": "품질",
        "SentimentText": "제품이 너무 좋아요",
        "SentimentWord": "3",
        "SentimentPolarity": "1"
      },
      {
        "Aspect": "기능",
        "SentimentText": "화구 크고 빠른가열",
        "SentimentWord": "3",
        "SentimentPolarity": "1"
      },
      {
        "Aspect": "디자인",
        "SentimentText": "디자인등 좋아요",
        "SentimentWord": "2",
        "SentimentPolarity": "1"
      }
    ]
  },
  {
    "Index": "7702",
    "RawText": "날을 빼서 세척할 수 있는 점은 좋은데 좀 더 저렴하게 샀던 믹서기들과 비슷한것 같아요... 벽면에 붙으면 아랫부분에  갈리지 않아서 ... 작은 믹서기는 흔들어 가며 썻었는데 이건 크고 바닥도 들러 붙게 되어 불편하네요 ㅠ",
    "Source": "SNS",
    "Domain": "가전",
    "MainCategory": "주방가전",
    "ProductName": "(TV_직택배)에버홈 글라스텐 (EV-GB6000)_추가구성 키친아트 찬통",
    "ReviewScore": "60",
    "Syllable": "125",
    "Word": "33",
    "RDate": "20190915",
    "GeneralPolarity": "-1",
    "Aspects": [
      {
        "Aspect": "편의성",
        "SentimentText": "날을 빼서 세척할 수 있는 점은 좋은데",
        "SentimentWord": "7",
        "SentimentPolarity": "1"
      },
      {
        "Aspect": "품질",
        "SentimentText": "좀 더 저렴하게 샀던 믹서기들과 비슷한것 같아요",
        "SentimentWord": "7",
        "SentimentPolarity": "-1"
      },
      {
        "Aspect": "기능",
        "SentimentText": "벽면에 붙으면 아랫부분에  갈리지 않아서",
        "SentimentWord": "5",
        "SentimentPolarity": "-1"
      },
      {
        "Aspect": "편의성",
        "SentimentText": "작은 믹서기는 흔들어 가며 썻었는데 이건 크고 바닥도 들러 붙게 되어 불편하네요",
        "SentimentWord": "12",
        "SentimentPolarity": "-1"
      }
    ]
  },
  {
    "Index": "7703",
    "RawText": "제품이 제법 무거워요 한번사용에(총 사용시간3분도 안되는데..) 탄내에 연기가 나서 연락했더니..세번이나 통화하며 고객이 잘못 사용해서 그렇다는식으로 응대하고 마지막 통화한 상담사는 똑같은 통화만 세번째라고 항의하니까 한다는 말이 반송비랑 검사비를 물겠다고하면 검수해주겠다나? 도대체 어떤 가전제품회사가  교환요청하는고객한테 검수비를 청구? 바꾸고 싶으면 돈내라고 협박하는거랑 뭐가 다른지...무조건 고객 잘못으로 몰면 된다고 생각하는건지..어이없고 화나서  내가 그돈 내고 검수받아서 불량이 맞으면 어떻게 할건지,억울해서 다른 보상까지 해줄거냐고 했더니 그건 또 해줄수 없다네요....해서 저는 그냥 됐다고 내다버리고 다른데서 구매하겠다고 했어요. 별 하나도 아깝네요..괜히 여기서 구매해서 부모님께 피해만 드린듯...다신 구매 안하고 싶네요",
    "Source": "SNS",
    "Domain": "가전",
    "MainCategory": "주방가전",
    "ProductName": "(TV_직택배)에버홈 글라스텐 (EV-GB6000)_추가구성 키친아트 찬통",
    "ReviewScore": "20",
    "Syllable": "416",
    "Word": "81",
    "RDate": "20190920",
    "Aspects": [
      {
        "Aspect": "품질",
        "SentimentText": "한번사용에(총 사용시간3분도 안되는데..) 탄내에 연기가 나서",
        "SentimentWord": "6",
        "SentimentPolarity": "-1"
      },
      {
        "Aspect": "무게",
        "SentimentText": "제품이 제법 무거워요",
        "SentimentWord": "3",
        "SentimentPolarity": "-1"
      }
    ]
  },
  {
    "Index": "7704",
    "RawText": "배송 빨라서 좋고 포장상태도 좋네요 아직 사용전이라서요  잘 사용하겠습니다!! 디자인 첫눈에 반했어요. 쿠폰으로 정말 싸게 구입해서 만족해요.",
    "Source": "SNS",
    "Domain": "가전",
    "MainCategory": "주방가전",
    "ProductName": "(TV_직택배_초특가)테팔 옵티믹스 초고속 블렌더 BL811AKR",
    "ReviewScore": "100",
    "Syllable": "79",
    "Word": "17",
    "RDate": "20191031",
    "Aspects": [
      {
        "Aspect": "디자인",
        "SentimentText": "디자인 첫눈에 반했어요.",
        "SentimentWord": "3",
        "SentimentPolarity": "1"
      },
      {
        "Aspect": "가격",
        "SentimentText": "쿠폰으로 정말 싸게 구입해서 만족해요.",
        "SentimentWord": "5",
        "SentimentPolarity": "1"
      }
    ]
  },
  {
    "Index": "7705",
    "RawText": "배송정말빠르네요~믹서기도 이쁘요 성능도 좋겠죠",
    "Source": "SNS",
    "Domain": "가전",
    "MainCategory": "주방가전",
    "ProductName": "(TV_초특가)쿠닝 레트로 뚝딱이",
    "ReviewScore": "100",
    "Syllable": "25",
    "Word": "4",
    "RDate": "20210406",
    "Aspects": [
      {
        "Aspect": "디자인",
        "SentimentText": "믹서기도 이쁘요",
        "SentimentWord": "2",
        "SentimentPolarity": "1"
      },
      {
        "Aspect": "기능",
        "SentimentText": "성능도 좋겠죠",
        "SentimentWord": "2",
        "SentimentPolarity": "1"
      }
    ]
  },
  {
    "Index": "7706",
    "RawText": "짜증나네요 급해서 OOO에서 52000원 떳길래 샀는데 쿠폰은 뜨지도 않고 속았어요!  거품날도 없네  이 홈쇼핑들이 잔머리만 쓰고 쓸데없는거 넣구 바가지만 씌우네  스탠드도 서있지도  못하구 내 넘어지네요",
    "Source": "SNS",
    "Domain": "가전",
    "MainCategory": "주방가전",
    "ProductName": "(TV_초특가_직)도깨비방망이 에어슬림 SHB1801",
    "ReviewScore": "10",
    "Syllable": "115",
    "Word": "25",
    "RDate": "20200421",
    "Aspects": [
      {
        "Aspect": "가격",
        "SentimentText": "급해서 OOO에서 52000원 떳길래 샀는데 쿠폰은 뜨지도 않고 속았어요!",
        "SentimentWord": "9",
        "SentimentPolarity": "-1"
      },
      {
        "Aspect": "제품구성",
        "SentimentText": "거품날도 없네",
        "SentimentWord": "2",
        "SentimentPolarity": "-1"
      },
      {
        "Aspect": "품질",
        "SentimentText": "스탠드도 서있지도  못하구 내 넘어지네요",
        "SentimentWord": "5",
        "SentimentPolarity": "-1"
      }
    ]
  },
  {
    "Index": "7707",
    "RawText": "기존에도 쓰던 OOO브렌드 이번 제품도 정말 까끔하고, 품질 좋은 제품 입니다. 저렴하게 구매해서 정말 좋아요.^^-",
    "Source": "SNS",
    "Domain": "가전",
    "MainCategory": "주방가전",
    "ProductName": "(TV_초특가_직)도깨비방망이 에어슬림 SHB1801",
    "ReviewScore": "100",
    "Syllable": "65",
    "Word": "15",
    "RDate": "20200224",
    "Aspects": [
      {
        "Aspect": "품질",
        "SentimentText": "이번 제품도 정말 까끔하고, 품질 좋은 제품 입니다.",
        "SentimentWord": "8",
        "SentimentPolarity": "1"
      },
      {
        "Aspect": "가격",
        "SentimentText": "저렴하게 구매해서 정말 좋아요.^^-",
        "SentimentWord": "4",
        "SentimentPolarity": "1"
      }
    ]
  },
  {
    "Index": "7708",
    "RawText": "믹서기  사용하다가 ○○○○○○○ 구입후 이것만 사용하고있어요.  간편하고 깨끗해서 사용하기 편합니다. 크기도 적당해서 자리도 차지 않하고 너무 만족해요",
    "Source": "SNS",
    "Domain": "가전",
    "MainCategory": "주방가전",
    "ProductName": "(TV_초특가_직)도깨비방망이 에어슬림 SHB1801",
    "ReviewScore": "100",
    "Syllable": "85",
    "Word": "17",
    "RDate": "20200630",
    "Aspects": [
      {
        "Aspect": "편의성",
        "SentimentText": "간편하고 깨끗해서 사용하기 편합니다.",
        "SentimentWord": "4",
        "SentimentPolarity": "1"
      },
      {
        "Aspect": "사이즈",
        "SentimentText": "크기도 적당해서 자리도 차지 않하고 너무 만족해요",
        "SentimentWord": "7",
        "SentimentPolarity": "1"
      }
    ]
  },
  {
    "Index": "7709",
    "RawText": "배송은 좀 늦었지만 ;; 디자인이 슬림하고 이쁘네요 슬림해서 쓰기에도 편안하고 좋습니다. 추천합니다",
    "Source": "SNS",
    "Domain": "가전",
    "MainCategory": "주방가전",
    "ProductName": "(TV_초특가_직)도깨비방망이 에어슬림 SHB1801",
    "ReviewScore": "100",
    "Syllable": "55",
    "Word": "12",
    "RDate": "20200624",
    "Aspects": [
      {
        "Aspect": "디자인",
        "SentimentText": "디자인이 슬림하고 이쁘네요",
        "SentimentWord": "3",
        "SentimentPolarity": "1"
      },
      {
        "Aspect": "편의성",
        "SentimentText": "슬림해서 쓰기에도 편안하고 좋습니다. 추천합니다",
        "SentimentWord": "5",
        "SentimentPolarity": "1"
      }
    ]
  },
  {
    "Index": "7710",
    "RawText": "색이 너무이쁘네여 ^^ 토마토를 갈아봤는데 잘갈아져서 만족스러워요",
    "Source": "SNS",
    "Domain": "가전",
    "MainCategory": "주방가전",
    "ProductName": "(TV_초특가_직)도깨비방망이 에어슬림 SHB1801",
    "ReviewScore": "100",
    "Syllable": "36",
    "Word": "7",
    "RDate": "20200404",
    "GeneralPolarity": "1",
    "Aspects": [
      {
        "Aspect": "색상",
        "SentimentText": "색이 너무이쁘네여 ^^",
        "SentimentWord": "3",
        "SentimentPolarity": "1"
      },
      {
        "Aspect": "기능",
        "SentimentText": "토마토를 갈아봤는데 잘갈아져서 만족스러워요",
        "SentimentWord": "4",
        "SentimentPolarity": "1"
      }
    ]
  },
  {
    "Index": "7711",
    "RawText": "생각보다 소리가 좀 크긴하지만 ;; 아침에 야채나 과일 갈아먹기 간편하고 좋아요!!",
    "Source": "SNS",
    "Domain": "가전",
    "MainCategory": "주방가전",
    "ProductName": "(TV_초특가_직)도깨비방망이 에어슬림 SHB1801",
    "ReviewScore": "100",
    "Syllable": "46",
    "Word": "11",
    "RDate": "20200311",
    "GeneralPolarity": "1",
    "Aspects": [
      {
        "Aspect": "소음",
        "SentimentText": "생각보다 소리가 좀 크긴하지만 ;;",
        "SentimentWord": "5",
        "SentimentPolarity": "-1"
      },
      {
        "Aspect": "편의성",
        "SentimentText": "아침에 야채나 과일 갈아먹기 간편하고 좋아요!!",
        "SentimentWord": "6",
        "SentimentPolarity": "1"
      }
    ]
  },
  {
    "Index": "7712",
    "RawText": "수려한 디자인이 마음에 듭니다. ^^ 무게도 가벼워 좋고, 사이즈도 적당해서 보관도 용이하고 만족합니다. 자주 이용하고 있네요",
    "Source": "SNS",
    "Domain": "가전",
    "MainCategory": "주방가전",
    "ProductName": "(TV_초특가_직)도깨비방망이 에어슬림 SHB1801",
    "ReviewScore": "100",
    "Syllable": "70",
    "Word": "16",
    "RDate": "20200308",
    "GeneralPolarity": "1",
    "Aspects": [
      {
        "Aspect": "디자인",
        "SentimentText": "수려한 디자인이 마음에 듭니다. ^^ ",
        "SentimentWord": "5",
        "SentimentPolarity": "1"
      },
      {
        "Aspect": "무게",
        "SentimentText": "무게도 가벼워 좋고,",
        "SentimentWord": "3",
        "SentimentPolarity": "1"
      },
      {
        "Aspect": "사이즈",
        "SentimentText": "사이즈도 적당해서 보관도 용이하고 만족합니다.",
        "SentimentWord": "5",
        "SentimentPolarity": "1"
      }
    ]
  },
  {
    "Index": "7713",
    "RawText": "슬림하게 잘나왔어요  자취하는 아이에게 보내주니 쥬스갈아먹는게 간편해서 좋데요~마음에 듭니다",
    "Source": "SNS",
    "Domain": "가전",
    "MainCategory": "주방가전",
    "ProductName": "(TV_초특가_직)도깨비방망이 에어슬림 SHB1801",
    "ReviewScore": "100",
    "Syllable": "51",
    "Word": "9",
    "RDate": "20200419",
    "GeneralPolarity": "1",
    "Aspects": [
      {
        "Aspect": "디자인",
        "SentimentText": "슬림하게 잘나왔어요 ",
        "SentimentWord": "2",
        "SentimentPolarity": "1"
      },
      {
        "Aspect": "기능",
        "SentimentText": "쥬스갈아먹는게 간편해서 좋데요~마음에 듭니다",
        "SentimentWord": "4",
        "SentimentPolarity": "1"
      }
    ]
  },
  {
    "Index": "7714",
    "RawText": "예전에쓰던 ○○○보다휠 조아요  디자인도이쁘고 성능도조아요",
    "Source": "SNS",
    "Domain": "가전",
    "MainCategory": "주방가전",
    "ProductName": "(TV_초특가_직)도깨비방망이 에어슬림 SHB1801",
    "ReviewScore": "100",
    "Syllable": "32",
    "Word": "5",
    "RDate": "20200616",
    "GeneralPolarity": "1",
    "Aspects": [
      {
        "Aspect": "디자인",
        "SentimentText": "디자인도이쁘고",
        "SentimentWord": "1",
        "SentimentPolarity": "1"
      },
      {
        "Aspect": "기능",
        "SentimentText": "성능도조아요",
        "SentimentWord": "1",
        "SentimentPolarity": "1"
      }
    ]
  },
  {
    "Index": "7715",
    "RawText": "좋은 가격에 사서 사용할수 있어서 만족해요~ 품질도 넘 좋아요~~^^",
    "Source": "SNS",
    "Domain": "가전",
    "MainCategory": "주방가전",
    "ProductName": "(TV_초특가_직)도깨비방망이 에어슬림 SHB1801",
    "ReviewScore": "100",
    "Syllable": "38",
    "Word": "9",
    "RDate": "20200611",
    "GeneralPolarity": "1",
    "Aspects": [
      {
        "Aspect": "가격",
        "SentimentText": "좋은 가격에 사서 사용할수 있어서 만족해요~",
        "SentimentWord": "6",
        "SentimentPolarity": "1"
      },
      {
        "Aspect": "품질",
        "SentimentText": "품질도 넘 좋아요~~^^",
        "SentimentWord": "3",
        "SentimentPolarity": "1"
      }
    ]
  },
  {
    "Index": "7716",
    "RawText": "좋은 가격으로 사서 잘사용하고 있어요 ^^ 전보다그립감도 좋고 사용하기 편하네요 ^^",
    "Source": "SNS",
    "Domain": "가전",
    "MainCategory": "주방가전",
    "ProductName": "(TV_초특가_직)도깨비방망이 에어슬림 SHB1801",
    "ReviewScore": "100",
    "Syllable": "47",
    "Word": "11",
    "RDate": "20200306",
    "GeneralPolarity": "1",
    "Aspects": [
      {
        "Aspect": "가격",
        "SentimentText": "좋은 가격으로 사서 잘사용하고 있어요 ^^",
        "SentimentWord": "6",
        "SentimentPolarity": "1"
      },
      {
        "Aspect": "조작성",
        "SentimentText": "전보다그립감도 좋고 사용하기 편하네요 ^^",
        "SentimentWord": "5",
        "SentimentPolarity": "1"
      }
    ]
  },
  {
    "Index": "7717",
    "RawText": "가격이 괜찮은거 같아서 엄마 선물해드리고 저도 구매했어요. 거치대가 좀 아쉽네요. ㅠ",
    "Source": "SNS",
    "Domain": "가전",
    "MainCategory": "주방가전",
    "ProductName": "(TV_초특가_직택배)도깨비방망이 에어슬림 SHB1801",
    "ReviewScore": "70",
    "Syllable": "47",
    "Word": "11",
    "RDate": "20200803",
    "GeneralPolarity": "0",
    "Aspects": [
      {
        "Aspect": "가격",
        "SentimentText": "가격이 괜찮은거 같아서 엄마 선물해드리고 저도 구매했어요.",
        "SentimentWord": "7",
        "SentimentPolarity": "1"
      },
      {
        "Aspect": "제품구성",
        "SentimentText": "거치대가 좀 아쉽네요. ㅠ",
        "SentimentWord": "4",
        "SentimentPolarity": "-1"
      }
    ]
  },
  {
    "Index": "7718",
    "RawText": "가격이 비싸서 못사고 있었는데 할인 혜택 덕분에 저럼하게 잘샀어요 제품구성도 좋고 디자인이 이뻐서 만족스러워요",
    "Source": "SNS",
    "Domain": "가전",
    "MainCategory": "주방가전",
    "ProductName": "(TV_초특가_직택배)도깨비방망이 에어슬림 SHB1801",
    "ReviewScore": "100",
    "Syllable": "61",
    "Word": "14",
    "RDate": "20200727",
    "GeneralPolarity": "1",
    "Aspects": [
      {
        "Aspect": "가격",
        "SentimentText": "가격이 비싸서 못사고 있었는데 할인 혜택 덕분에 저럼하게 잘샀어요",
        "SentimentWord": "9",
        "SentimentPolarity": "1"
      },
      {
        "Aspect": "제품구성",
        "SentimentText": "제품구성도 좋고",
        "SentimentWord": "2",
        "SentimentPolarity": "1"
      },
      {
        "Aspect": "디자인",
        "SentimentText": "디자인이 이뻐서 만족스러워요",
        "SentimentWord": "3",
        "SentimentPolarity": "1"
      }
    ]
  },
  {
    "Index": "7719",
    "RawText": "간단하게 급하게  편하게 쓰기에는 이만한 품질의 제품이 없어요 ^^ 아기 이유식할때  다지기도 잘쓰구 있어 좋아요",
    "Source": "SNS",
    "Domain": "가전",
    "MainCategory": "주방가전",
    "ProductName": "(TV_초특가_직택배)도깨비방망이 에어슬림 SHB1801",
    "ReviewScore": "100",
    "Syllable": "63",
    "Word": "15",
    "RDate": "20201213",
    "GeneralPolarity": "1",
    "Aspects": [
      {
        "Aspect": "품질",
        "SentimentText": "간단하게 급하게  편하게 쓰기에는 이만한 품질의 제품이 없어요 ^^",
        "SentimentWord": "9",
        "SentimentPolarity": "1"
      },
      {
        "Aspect": "기능",
        "SentimentText": "아기 이유식할때  다지기도 잘쓰구 있어 좋아요",
        "SentimentWord": "6",
        "SentimentPolarity": "1"
      }
    ]
  },
  {
    "Index": "7720",
    "RawText": "○○○중에 가장 슬림해서 좋습니다. 디자인도 이쁜것 같아요. 배송받고 통마늘부터 갈아봤는데 매우 잘 갈리고 세척도 간편해요~ 사이즈도 적당해 자리차지도 별로 안해서 좋습니다. 유용하게 잘 쓸 것 같습니다.",
    "Source": "SNS",
    "Domain": "가전",
    "MainCategory": "주방가전",
    "ProductName": "(TV_초특가_직택배)도깨비방망이 에어슬림 SHB1801",
    "ReviewScore": "100",
    "Syllable": "114",
    "Word": "26",
    "RDate": "20200821",
    "Aspects": [
      {
        "Aspect": "디자인",
        "SentimentText": "○○○중에 가장 슬림해서 좋습니다. 디자인도 이쁜것 같아요.",
        "SentimentWord": "7",
        "SentimentPolarity": "1"
      },
      {
        "Aspect": "기능",
        "SentimentText": "배송받고 통마늘부터 갈아봤는데 매우 잘 갈리고 세척도 간편해요~",
        "SentimentWord": "8",
        "SentimentPolarity": "1"
      },
      {
        "Aspect": "사이즈",
        "SentimentText": "사이즈도 적당해 자리차지도 별로 안해서 좋습니다.",
        "SentimentWord": "6",
        "SentimentPolarity": "1"
      }
    ]
  },
  {
    "Index": "7721",
    "RawText": "싸게샀어요   디자인이 예쁘네요 레드 샀는데 예뻐요",
    "Source": "SNS",
    "Domain": "가전",
    "MainCategory": "주방가전",
    "ProductName": "(TV_초특가_직택배)도깨비방망이 에어슬림 SHB1801",
    "ReviewScore": "100",
    "Syllable": "28",
    "Word": "6",
    "RDate": "20200709",
    "Aspects": [
      {
        "Aspect": "가격",
        "SentimentText": "싸게샀어요",
        "SentimentWord": "1",
        "SentimentPolarity": "1"
      },
      {
        "Aspect": "디자인",
        "SentimentText": "디자인이 예쁘네요",
        "SentimentWord": "2",
        "SentimentPolarity": "1"
      },
      {
        "Aspect": "색상",
        "SentimentText": "레드 샀는데 예뻐요",
        "SentimentWord": "3",
        "SentimentPolarity": "1"
      }
    ]
  },
  {
    "Index": "7722",
    "RawText": "언제인지 모를 아주 오래된 OOO핸드믹서기로 아이 둘 이유식 해서 먹이고 지금은 쇠 갈리는 소리가 나서 이걸로 바꿨어요~ 가볍다.. 이런건 모르겠고 사용하기 간편해서 좋네요~ 그런데 청소솔은 왜 헤드 부분이 분리가 되게 만들었는지.. 정말 끼우기 힘들어 잘 쓰지 않게되요. 사은품이라도 사용자 입장에서 편리하게 만들 순 없을까요?",
    "Source": "SNS",
    "Domain": "가전",
    "MainCategory": "주방가전",
    "ProductName": "(TV_초특가_직택배)도깨비방망이 에어슬림 SHB1801",
    "ReviewScore": "100",
    "Syllable": "184",
    "Word": "44",
    "RDate": "20200811",
    "GeneralPolarity": "0",
    "Aspects": [
      {
        "Aspect": "무게",
        "SentimentText": "가볍다.. 이런건 모르겠고 사용하기 간편해서 좋네요~ ",
        "SentimentWord": "6",
        "SentimentPolarity": "0"
      },
      {
        "Aspect": "편의성",
        "SentimentText": "사용하기 간편해서 좋네요~ ",
        "SentimentWord": "3",
        "SentimentPolarity": "1"
      },
      {
        "Aspect": "기능",
        "SentimentText": "청소솔은 왜 헤드 부분이 분리가 되게 만들었는지.. 정말 끼우기 힘들어 잘 쓰지 않게되요.",
        "SentimentWord": "13",
        "SentimentPolarity": "-1"
      },
      {
        "Aspect": "제품구성",
        "SentimentText": "사은품이라도 사용자 입장에서 편리하게 만들 순 없을까요?",
        "SentimentWord": "7",
        "SentimentPolarity": "-1"
      }
    ]
  },
  {
    "Index": "7723",
    "RawText": "정말 잘 갈리고 만족스럽네요^^  지난번 사용하던것과 똑같은 제품이라 사용에 무리도 없고 간편해서 좋아요",
    "Source": "SNS",
    "Domain": "가전",
    "MainCategory": "주방가전",
    "ProductName": "(TV_초특가_직택배)도깨비방망이 에어슬림 SHB1801",
    "ReviewScore": "100",
    "Syllable": "58",
    "Word": "13",
    "RDate": "20200822",
    "Aspects": [
      {
        "Aspect": "기능",
        "SentimentText": "정말 잘 갈리고 만족스럽네요^^",
        "SentimentWord": "4",
        "SentimentPolarity": "1"
      },
      {
        "Aspect": "편의성",
        "SentimentText": "사용에 무리도 없고 간편해서 좋아요",
        "SentimentWord": "5",
        "SentimentPolarity": "1"
      }
    ]
  },
  {
    "Index": "7724",
    "RawText": "쨈 만들때 과일 가는데 잘 사용하고 있습니다. ^^ 누름버튼이 수동이라 좀 ~ 불편합니다 ;;",
    "Source": "SNS",
    "Domain": "가전",
    "MainCategory": "주방가전",
    "ProductName": "(TV_초특가_직택배)도깨비방망이 에어슬림 SHB1801",
    "ReviewScore": "100",
    "Syllable": "52",
    "Word": "14",
    "RDate": "20210113",
    "GeneralPolarity": "1",
    "Aspects": [
      {
        "Aspect": "기능",
        "SentimentText": "쨈 만들때 과일 가는데 잘 사용하고 있습니다. ^^",
        "SentimentWord": "8",
        "SentimentPolarity": "1"
      },
      {
        "Aspect": "조작성",
        "SentimentText": "누름버튼이 수동이라 좀 ~ 불편합니다 ;;",
        "SentimentWord": "6",
        "SentimentPolarity": "-1"
      }
    ]
  },
  {
    "Index": "7725",
    "RawText": "여러 용도 사용되어 편리하고 좋습니다. 핸드블렌더는 입구가  조금  작은 컵은 사용이 불가해서 아쉽습니다 ㅠ",
    "Source": "SNS",
    "Domain": "가전",
    "MainCategory": "주방가전",
    "ProductName": "(TV_특) 테팔 마스터 핸드블렌더 HB651DKR",
    "ReviewScore": "100",
    "Syllable": "60",
    "Word": "14",
    "RDate": "20191211",
    "Aspects": [
      {
        "Aspect": "편의성",
        "SentimentText": "여러 용도 사용되어 편리하고 좋습니다.",
        "SentimentWord": "5",
        "SentimentPolarity": "1"
      },
      {
        "Aspect": "사이즈",
        "SentimentText": "입구가  조금  작은 컵은 사용이 불가해서 아쉽습니다 ㅠ",
        "SentimentWord": "8",
        "SentimentPolarity": "-1"
      }
    ]
  },
  {
    "Index": "7726",
    "RawText": "소리가 좀 크긴한데 ;; 시원스럽게 잘  갈아지고 쓸만해서 좋긴 합니다. 좋은가격에 잘산것같아요 ^^ 감사합니다",
    "Source": "SNS",
    "Domain": "가전",
    "MainCategory": "주방가전",
    "ProductName": "(TV_특) 해밀턴비치 뉴트리션 파워 블렌더 42803A0",
    "ReviewScore": "80",
    "Syllable": "62",
    "Word": "14",
    "RDate": "20200121",
    "GeneralPolarity": "1",
    "Aspects": [
      {
        "Aspect": "소음",
        "SentimentText": "소리가 좀 크긴한데 ;;",
        "SentimentWord": "4",
        "SentimentPolarity": "-1"
      },
      {
        "Aspect": "기능",
        "SentimentText": "시원스럽게 잘  갈아지고 쓸만해서 좋긴 합니다.",
        "SentimentWord": "6",
        "SentimentPolarity": "1"
      },
      {
        "Aspect": "가격",
        "SentimentText": "좋은가격에 잘산것같아요 ^^",
        "SentimentWord": "3",
        "SentimentPolarity": "1"
      }
    ]
  },
  {
    "Index": "7727",
    "RawText": "무겁고 불편함 ㅠ 잠금맞추기 정말힘들어 작동시키기도 힘듬 ㅠ 거기다 툭하면  새서 안좋음 ㅠ 상품평 잘안쓰는데  이번은  짜증나서 씀",
    "Source": "SNS",
    "Domain": "가전",
    "MainCategory": "주방가전",
    "ProductName": "(TV_특)델첸 초고속믹서기+초강력분쇄기 2IN1세트",
    "ReviewScore": "10",
    "Syllable": "74",
    "Word": "18",
    "RDate": "20210203",
    "GeneralPolarity": "-1",
    "Aspects": [
      {
        "Aspect": "무게",
        "SentimentText": "무겁고 불편함 ㅠ",
        "SentimentWord": "3",
        "SentimentPolarity": "-1"
      },
      {
        "Aspect": "조작성",
        "SentimentText": "잠금맞추기 정말힘들어 작동시키기도 힘듬 ㅠ",
        "SentimentWord": "5",
        "SentimentPolarity": "-1"
      },
      {
        "Aspect": "내구성",
        "SentimentText": "거기다 툭하면  새서 안좋음 ㅠ",
        "SentimentWord": "5",
        "SentimentPolarity": "-1"
      }
    ]
  },
  {
    "Index": "7728",
    "RawText": "드뎌 구입. 잘 갈린 것 같아서 성능도 마음에 듭니다. 단점은 유리컵이 너무 무거워 불편해요. ㅠ",
    "Source": "SNS",
    "Domain": "가전",
    "MainCategory": "주방가전",
    "ProductName": "(TV_특)델첸 초고속믹서기+초강력분쇄기 2IN1세트",
    "ReviewScore": "90",
    "Syllable": "54",
    "Word": "15",
    "RDate": "20210417",
    "Aspects": [
      {
        "Aspect": "기능",
        "SentimentText": "잘 갈린 것 같아서 성능도 마음에 듭니다. ",
        "SentimentWord": "7",
        "SentimentPolarity": "1"
      },
      {
        "Aspect": "무게",
        "SentimentText": "단점은 유리컵이 너무 무거워 불편해요. ㅠ",
        "SentimentWord": "6",
        "SentimentPolarity": "-1"
      }
    ]
  }
]