[
  {
    "Index": "26270",
    "RawText": "디자인이 깔끔해서 마음에 들어요^^. 배송도  엄청 빨리와 받아서 좋았어요^^ 3구쓰다가 2구 써보니 훨씬 더 실용적이라서 가격대비 너무 만족스러워요. 잘산것 같아요^^",
    "Source": "쇼핑몰",
    "Domain": "가전",
    "MainCategory": "주방가전",
    "ProductName": "린나이 RBR-P2501D 빌트인",
    "ReviewScore": "5",
    "Syllable": "94",
    "Word": "20",
    "RDate": "20180219",
    "Aspects": [
      {
        "Aspect": "디자인",
        "SentimentText": "디자인이 깔끔해서 마음에 들어요^^.",
        "SentimentWord": "4",
        "SentimentPolarity": "1"
      },
      {
        "Aspect": "가격",
        "SentimentText": " 3구쓰다가 2구 써보니 훨씬 더 실용적이라서 가격대비 너무 만족스러워요. 잘산것 같아요^^",
        "SentimentWord": "11",
        "SentimentPolarity": "1"
      }
    ]
  },
  {
    "Index": "26271",
    "RawText": "주문해서 받아봤는데 생각보다 사이즈가 커서 단단하니 좋네요. 디자인도 훨씬 깔끔해서 마음에 들어요^^",
    "Source": "쇼핑몰",
    "Domain": "가전",
    "MainCategory": "주방가전",
    "ProductName": "린나이 RBR-P2501D 빌트인",
    "ReviewScore": "5",
    "Syllable": "56",
    "Word": "12",
    "RDate": "20220324",
    "Aspects": [
      {
        "Aspect": "사이즈",
        "SentimentText": "주문해서 받아봤는데 생각보다 사이즈가 커서 단단하니 좋네요",
        "SentimentWord": "7",
        "SentimentPolarity": "1"
      },
      {
        "Aspect": "디자인",
        "SentimentText": " 디자인도 훨씬 깔끔해서 마음에 들어요^^",
        "SentimentWord": "5",
        "SentimentPolarity": "1"
      }
    ]
  },
  {
    "Index": "26275",
    "RawText": "일단 배송을 빠르게 해주셔서 너무 좋았어요. 가스레인지 디자인이 깔끔해서 너무 예뻐서 마음에 쏙 드네요. 2구라 그런가 양쪽으로 나오는 화력도 엄청 쎄서 요리도 더 맛있게 되는 거 같아 즐거워요^^",
    "Source": "쇼핑몰",
    "Domain": "가전",
    "MainCategory": "주방가전",
    "ProductName": "린나이 RBR-P2501D 빌트인",
    "ReviewScore": "5",
    "Syllable": "110",
    "Word": "28",
    "RDate": "20220824",
    "Aspects": [
      {
        "Aspect": "디자인",
        "SentimentText": "가스레인지 디자인이 깔끔해서 너무 예뻐서 마음에 쏙 드네요.",
        "SentimentWord": "8",
        "SentimentPolarity": "1"
      },
      {
        "Aspect": "기능",
        "SentimentText": " 2구라 그런가 양쪽으로 나오는 화력도 엄청 쎄서 요리도 더 맛있게 되는 거 같아 즐거워요^^",
        "SentimentWord": "14",
        "SentimentPolarity": "1"
      }
    ]
  },
  {
    "Index": "26276",
    "RawText": "화력은 기대만큼 강하지 않아 그냥 보통이네요. 품질은 OOO 스럽다고 해야할까요? 무난하네요.  사용하는데 지장 없지만 타공과 유격이 조금 있어 조금 아쉬워요. 가정용으로도 그 기대에 미치지 못해 비추합니다",
    "Source": "쇼핑몰",
    "Domain": "가전",
    "MainCategory": "주방가전",
    "ProductName": "린나이 RBR-P2501D 빌트인",
    "ReviewScore": "3",
    "Syllable": "115",
    "Word": "26",
    "RDate": "20211023",
    "GeneralPolarity": "-1",
    "Aspects": [
      {
        "Aspect": "기능",
        "SentimentText": "화력은 기대만큼 강하지 않아 그냥 보통이네요.",
        "SentimentWord": "6",
        "SentimentPolarity": "0"
      },
      {
        "Aspect": "품질",
        "SentimentText": "품질은 OOO 스럽다고 해야할까요? 무난하네요. ",
        "SentimentWord": "5",
        "SentimentPolarity": "0"
      },
      {
        "Aspect": "사이즈",
        "SentimentText": "사용하는데 지장 없지만 타공과 유격이 조금 있어 조금 아쉬워요. ",
        "SentimentWord": "9",
        "SentimentPolarity": "-1"
      },
      {
        "Aspect": "기능",
        "SentimentText": "가정용으로도 그 기대에 미치지 못해 비추합니다",
        "SentimentWord": "6",
        "SentimentPolarity": "-1"
      }
    ]
  },
  {
    "Index": "26277",
    "RawText": "배송 속도는 보통이고 상품의 화력이 좋아 품질은 좋습니다.  오프라인에서 빌트인 2구는 구하기 힘든데 딱 2구만 필요해서 딱 맘에 들어요. 색상이 좀 화사한 색 이였으면..하는 아쉬움이 있어요.",
    "Source": "쇼핑몰",
    "Domain": "가전",
    "MainCategory": "주방가전",
    "ProductName": "린나이 RBR-P2501D 빌트인",
    "ReviewScore": "5",
    "Syllable": "108",
    "Word": "26",
    "RDate": "20171207",
    "GeneralPolarity": "1",
    "Aspects": [
      {
        "Aspect": "기능",
        "SentimentText": "상품의 화력이 좋아 품질은 좋습니다.",
        "SentimentWord": "5",
        "SentimentPolarity": "1"
      },
      {
        "Aspect": "제품구성",
        "SentimentText": " 딱 2구만 필요해서 딱 맘에 들어요. ",
        "SentimentWord": "6",
        "SentimentPolarity": "1"
      },
      {
        "Aspect": "색상",
        "SentimentText": "색상이 좀 화사한 색 이였으면..하는 아쉬움이 있어요. ",
        "SentimentWord": "7",
        "SentimentPolarity": "-1"
      }
    ]
  },
  {
    "Index": "26278",
    "RawText": "배송이 너무 늦어서 좀 지쳤습니다. 품질은 더할 나위 없이 좋아요. 디자인도 역시 OOO만한게 없네요! 굿!!",
    "Source": "쇼핑몰",
    "Domain": "가전",
    "MainCategory": "주방가전",
    "ProductName": "린나이 RBR-P2501D 빌트인",
    "ReviewScore": "5",
    "Syllable": "61",
    "Word": "15",
    "RDate": "20220810",
    "Aspects": [
      {
        "Aspect": "품질",
        "SentimentText": "품질은 더할 나위 없이 좋아요. ",
        "SentimentWord": "5",
        "SentimentPolarity": "1"
      },
      {
        "Aspect": "디자인",
        "SentimentText": "디자인도 역시 OOO만한게 없네요! 굿!!",
        "SentimentWord": "5",
        "SentimentPolarity": "1"
      }
    ]
  },
  {
    "Index": "26279",
    "RawText": "배송도 아주 빨라 좋았어요.  좋은 가격에 좋은 제품 구매한 것 같아요. 만족합니다~~~~~ 색상이 깔끔해보이고 이쁘요",
    "Source": "쇼핑몰",
    "Domain": "가전",
    "MainCategory": "주방가전",
    "ProductName": "린나이 RBR-P2501D 빌트인",
    "ReviewScore": "5",
    "Syllable": "66",
    "Word": "15",
    "RDate": "20220803",
    "Aspects": [
      {
        "Aspect": "가격",
        "SentimentText": "좋은 가격에 좋은 제품 구매한 것 같아요. 만족합니다~~~~~ ",
        "SentimentWord": "8",
        "SentimentPolarity": "1"
      },
      {
        "Aspect": "색상",
        "SentimentText": "색상이 깔끔해보이고 이쁘요",
        "SentimentWord": "3",
        "SentimentPolarity": "1"
      }
    ]
  },
  {
    "Index": "26280",
    "RawText": "주문하자마자 배송이 와서 너무 만족해요.  화력도 쎄서 좋구요.  부모님 계신 시골에 설치할거라 lpg로 주문했더니 확인 전화도 주시고 친절히 설명도 해주셔서 넘 감사해요. 디자인보고 첫눈에 반해서 바로 구매했어요.",
    "Source": "쇼핑몰",
    "Domain": "가전",
    "MainCategory": "주방가전",
    "ProductName": "린나이 RBR-P2501D 빌트인",
    "ReviewScore": "5",
    "Syllable": "120",
    "Word": "27",
    "RDate": "20210328",
    "Aspects": [
      {
        "Aspect": "디자인",
        "SentimentText": "디자인보고 첫눈에 반해서 바로 구매했어요.",
        "SentimentWord": "5",
        "SentimentPolarity": "1"
      },
      {
        "Aspect": "기능",
        "SentimentText": "화력도 쎄서 좋구요.  ",
        "SentimentWord": "3",
        "SentimentPolarity": "1"
      }
    ]
  },
  {
    "Index": "26281",
    "RawText": "배송이 너무 늦었습니다.   밤9시 넘어서 배송은 별로네요. 하지만 가스 렌지는 성능이 너무 좋습니다.  2구짜리라 여유공간도 있어 큰 냄비도 넉넉히 쓸 수 있어 너무 만족합니다.  잘쓰겠습니다",
    "Source": "쇼핑몰",
    "Domain": "가전",
    "MainCategory": "주방가전",
    "ProductName": "린나이 RBR-P2501D 빌트인",
    "ReviewScore": "5",
    "Syllable": "108",
    "Word": "25",
    "RDate": "20190126",
    "Aspects": [
      {
        "Aspect": "기능",
        "SentimentText": "하지만 가스 렌지는 성능이 너무 좋습니다.",
        "SentimentWord": "6",
        "SentimentPolarity": "1"
      },
      {
        "Aspect": "제품구성",
        "SentimentText": " 2구짜리라 여유공간도 있어 큰 냄비도 넉넉히 쓸 수 있어 너무 만족합니다.",
        "SentimentWord": "11",
        "SentimentPolarity": "1"
      }
    ]
  },
  {
    "Index": "26283",
    "RawText": "보조주방에서 사용 할려고 구매 했는데 화력이 좋아서 사용하지 좋아요. 배송이도 빠르게 와서 마음에 듭니다 저렴하게 구매해서 맘에 드네요",
    "Source": "쇼핑몰",
    "Domain": "가전",
    "MainCategory": "주방가전",
    "ProductName": "린나이 RBR-P2501D 빌트인",
    "ReviewScore": "5",
    "Syllable": "75",
    "Word": "18",
    "RDate": "20200612",
    "Aspects": [
      {
        "Aspect": "기능",
        "SentimentText": " 화력이 좋아서 사용하지 좋아요. ",
        "SentimentWord": "4",
        "SentimentPolarity": "1"
      },
      {
        "Aspect": "가격",
        "SentimentText": "저렴하게 구매해서 맘에 드네요",
        "SentimentWord": "4",
        "SentimentPolarity": "1"
      }
    ]
  },
  {
    "Index": "26284",
    "RawText": "크기가 딱 좋네여^^ 3구보다 2구가 훨 편하고 넓은데다 편하고 짱 좋네요~",
    "Source": "쇼핑몰",
    "Domain": "가전",
    "MainCategory": "주방가전",
    "ProductName": "린나이 RBR-P2501D 빌트인",
    "ReviewScore": "4",
    "Syllable": "42",
    "Word": "11",
    "RDate": "20201010",
    "GeneralPolarity": "1",
    "Aspects": [
      {
        "Aspect": "사이즈",
        "SentimentText": "크기가 딱 좋네여^^ ",
        "SentimentWord": "3",
        "SentimentPolarity": "1"
      },
      {
        "Aspect": "편의성",
        "SentimentText": "3구보다 2구가 훨 편하고 넓은데다 편하고 짱 좋네요~",
        "SentimentWord": "8",
        "SentimentPolarity": "1"
      }
    ]
  },
  {
    "Index": "26285",
    "RawText": "택배가 도착했는데, 박스가 단단하지 않은지..다 찌그러져서 도착했네요.  내부의 스티로폼까지 부서져 있을 정도 이니 얼마나 거칠게 배송했는지.. 불쾌하네요. 제품을 확인하는데 표면에 긁힌게 눈에띄어 속상해요. 퀄리티 관리 엉망이네요. 색상도 원하던 깨끗한 화이트톤이 아니라 설치후에도 맘에 안드네요.ㅠㅠ",
    "Source": "쇼핑몰",
    "Domain": "가전",
    "MainCategory": "주방가전",
    "ProductName": "린나이 RBR-P2501D 빌트인",
    "ReviewScore": "4",
    "Syllable": "169",
    "Word": "34",
    "RDate": "20201025",
    "Aspects": [
      {
        "Aspect": "품질",
        "SentimentText": "제품을 확인하는데 표면에 긁힌게 눈에띄어 속상해요. 퀄리티 관리 엉망이네요.",
        "SentimentWord": "9",
        "SentimentPolarity": "-1"
      },
      {
        "Aspect": "색상",
        "SentimentText": "색상도 원하던 깨끗한 화이트톤이 아니라 설치후에도 맘에 안드네요.ㅠㅠ",
        "SentimentWord": "8",
        "SentimentPolarity": "-1"
      }
    ]
  },
  {
    "Index": "26287",
    "RawText": "색감도 고급 진 거 같아서 마음에 들어요. 화력도 세서 요리하기 편해 좋습니다. 포장 당시 배터리 확인 못했는지 방전되어 와서 기분이 상했습니다.",
    "Source": "쇼핑몰",
    "Domain": "가전",
    "MainCategory": "주방가전",
    "ProductName": "린나이 RBR-P2501D 빌트인",
    "ReviewScore": "4",
    "Syllable": "81",
    "Word": "21",
    "RDate": "20210902",
    "GeneralPolarity": "0",
    "Aspects": [
      {
        "Aspect": "색상",
        "SentimentText": "색감도 고급 진 거 같아서 마음에 들어요.",
        "SentimentWord": "7",
        "SentimentPolarity": "1"
      },
      {
        "Aspect": "기능",
        "SentimentText": "화력도 세서 요리하기 편해 좋습니다",
        "SentimentWord": "5",
        "SentimentPolarity": "1"
      },
      {
        "Aspect": "제품구성",
        "SentimentText": "배터리 확인 못했는지 방전되어 와서 기분이 상했습니다",
        "SentimentWord": "7",
        "SentimentPolarity": "-1"
      }
    ]
  },
  {
    "Index": "26288",
    "RawText": "시공을 앞두고 나서 주문을 했어서 빨리 받았어야 하는 상황이였는데 생각보다 빨리 배송해주셔서 감사했습니다^^ 그리고 무엇보다 포장상태도 깨끗하고 안전하게 와서 좋았어요 만족스럽네요~ 3구짜리는 불필요해 2구짜리로 구매했는데 사이즈가 작으니 공간이 엄청 넓어졌어요. 디자인도 심플하고 깔끔해서 주방이 환하네요.",
    "Source": "쇼핑몰",
    "Domain": "가전",
    "MainCategory": "주방가전",
    "ProductName": "린나이 RBR-P2501D 빌트인",
    "ReviewScore": "5",
    "Syllable": "172",
    "Word": "35",
    "RDate": "20180808",
    "Aspects": [
      {
        "Aspect": "사이즈",
        "SentimentText": "3구짜리는 불필요해 2구짜리로 구매했는데 사이즈가 작으니 공간이 엄청 넓어졌어요.",
        "SentimentWord": "9",
        "SentimentPolarity": "1"
      },
      {
        "Aspect": "디자인",
        "SentimentText": "디자인도 심플하고 깔끔해서 주방이 환하네요.",
        "SentimentWord": "5",
        "SentimentPolarity": "1"
      }
    ]
  },
  {
    "Index": "26289",
    "RawText": "식탁위에 올려놓고 쓰려고 삿는데 예상보다 무거워서 불편해요 디자인은 깔끔하고 예뻐요",
    "Source": "쇼핑몰",
    "Domain": "가전",
    "MainCategory": "주방가전",
    "ProductName": "린나이 RBR-P2501D 빌트인",
    "ReviewScore": "3",
    "Syllable": "46",
    "Word": "10",
    "RDate": "20220107",
    "Aspects": [
      {
        "Aspect": "무게",
        "SentimentText": "식탁위에 올려놓고 쓰려고 삿는데 예상보다 무거워서 불편해요",
        "SentimentWord": "7",
        "SentimentPolarity": "-1"
      },
      {
        "Aspect": "디자인",
        "SentimentText": "디자인은 깔끔하고 예뻐요",
        "SentimentWord": "3",
        "SentimentPolarity": "1"
      }
    ]
  },
  {
    "Index": "26290",
    "RawText": "사용해보니 여러모로 좋아요 색상도 맘에 들고 무엇보다 2구라서 편하네요",
    "Source": "쇼핑몰",
    "Domain": "가전",
    "MainCategory": "주방가전",
    "ProductName": "린나이 RBR-P2501D 빌트인",
    "ReviewScore": "5",
    "Syllable": "39",
    "Word": "9",
    "RDate": "20201230",
    "GeneralPolarity": "1",
    "Aspects": [
      {
        "Aspect": "색상",
        "SentimentText": "색상도 맘에 들고",
        "SentimentWord": "3",
        "SentimentPolarity": "1"
      },
      {
        "Aspect": "편의성",
        "SentimentText": "무엇보다 2구라서 편하네요",
        "SentimentWord": "3",
        "SentimentPolarity": "1"
      }
    ]
  },
  {
    "Index": "26291",
    "RawText": "주방 리모델링 하면서 삿는데 디자인이 세련되고 넘 좋네요^^ 가성비 좋고 불도 쎄서 좋습니다^^",
    "Source": "쇼핑몰",
    "Domain": "가전",
    "MainCategory": "주방가전",
    "ProductName": "린나이 RBR-P2501D 빌트인",
    "ReviewScore": "5",
    "Syllable": "53",
    "Word": "13",
    "RDate": "20190215",
    "GeneralPolarity": "1",
    "Aspects": [
      {
        "Aspect": "디자인",
        "SentimentText": "주방 리모델링 하면서 삿는데 디자인이 세련되고 넘 좋네요^^",
        "SentimentWord": "8",
        "SentimentPolarity": "1"
      },
      {
        "Aspect": "가격",
        "SentimentText": "가성비 좋고",
        "SentimentWord": "2",
        "SentimentPolarity": "1"
      },
      {
        "Aspect": "기능",
        "SentimentText": "불도 쎄서 좋습니다^^",
        "SentimentWord": "3",
        "SentimentPolarity": "1"
      }
    ]
  },
  {
    "Index": "26292",
    "RawText": "아버지께서 사용후 불의 퍼짐이 왜이러냐고 반품을 하라고 했으나 A/S에서 신제품 및 특허내어 불 모양이 그렇다라고 설명을 친절하게 해주셔서 좋았습니다. 그 설명후 사용해보니 끓는 시간이 다른 가스레인지보다 훨씬 빨라서 좋더라구요. 그리고 불이 중앙쪽으로 나오는 방식이라 열도 밖으로 빠지지 않아 훨 좋은 것 같아요^^",
    "Source": "쇼핑몰",
    "Domain": "가전",
    "MainCategory": "주방가전",
    "ProductName": "린나이 RBR-P2501D 빌트인",
    "ReviewScore": "5",
    "Syllable": "177",
    "Word": "42",
    "RDate": "20210819",
    "Aspects": [
      {
        "Aspect": "시간/속도",
        "SentimentText": "그 설명후 사용해보니 끓는 시간이 다른 가스레인지보다 훨씬 빨라서 좋더라구요.",
        "SentimentWord": "10",
        "SentimentPolarity": "1"
      },
      {
        "Aspect": "기능",
        "SentimentText": " 그리고 불이 중앙쪽으로 나오는 방식이라 열도 밖으로 빠지지 않아 훨 좋은 것 같아요^^",
        "SentimentWord": "13",
        "SentimentPolarity": "1"
      }
    ]
  },
  {
    "Index": "26295",
    "RawText": "집에 3구 사용하다가 2구로 삿는데 엄마가 편하다고 넘 좋아하세요^^디자인도 딱 좋구요^^배송도 빠르고 넘 만족합니다^^",
    "Source": "쇼핑몰",
    "Domain": "가전",
    "MainCategory": "주방가전",
    "ProductName": "린나이 RBR-P2501D 빌트인",
    "ReviewScore": "5",
    "Syllable": "67",
    "Word": "14",
    "RDate": "20210626",
    "Aspects": [
      {
        "Aspect": "조작성",
        "SentimentText": "집에 3구 사용하다가 2구로 삿는데 엄마가 편하다고 넘 좋아하세요^^",
        "SentimentWord": "9",
        "SentimentPolarity": "1"
      },
      {
        "Aspect": "디자인",
        "SentimentText": "디자인도 딱 좋구요^^",
        "SentimentWord": "3",
        "SentimentPolarity": "1"
      }
    ]
  },
  {
    "Index": "26297",
    "RawText": "3구 쓰다 2구 삿는데 넘 편하고 좋네요. 청소하기도 편리하고요. 색상도 어두울까 고민했는데 오히려 있어보이고 좋아요. 다만 가격비교 해보니 다른 쇼핑몰보다 좀 비싸서 별하나 뺏어요",
    "Source": "쇼핑몰",
    "Domain": "가전",
    "MainCategory": "주방가전",
    "ProductName": "린나이 RBR-P2501D 빌트인",
    "ReviewScore": "5",
    "Syllable": "101",
    "Word": "24",
    "RDate": "20170618",
    "GeneralPolarity": "0",
    "Aspects": [
      {
        "Aspect": "편의성",
        "SentimentText": "3구 쓰다 2구 삿는데 넘 편하고 좋네요. 청소하기도 편리하고요. ",
        "SentimentWord": "9",
        "SentimentPolarity": "1"
      },
      {
        "Aspect": "색상",
        "SentimentText": "색상도 어두울까 고민했는데 오히려 있어보이고 좋아요.",
        "SentimentWord": "6",
        "SentimentPolarity": "1"
      },
      {
        "Aspect": "가격",
        "SentimentText": "다만 가격비교 해보니 다른 쇼핑몰보다 좀 비싸서 별하나 뺏어요",
        "SentimentWord": "9",
        "SentimentPolarity": "-1"
      }
    ]
  },
  {
    "Index": "26298",
    "RawText": "2구로 바꾸니 청소하기가 편해 사용하기 좋습니다. 2구 모두 화력이 세서 사용하기 너무나 좋아 만족하고 있습니다",
    "Source": "쇼핑몰",
    "Domain": "가전",
    "MainCategory": "주방가전",
    "ProductName": "린나이 RBR-P2501D 빌트인",
    "ReviewScore": "5",
    "Syllable": "62",
    "Word": "15",
    "RDate": "20181018",
    "GeneralPolarity": "1",
    "Aspects": [
      {
        "Aspect": "편의성",
        "SentimentText": "2구로 바꾸니 청소하기가 편해 사용하기 좋습니다",
        "SentimentWord": "6",
        "SentimentPolarity": "1"
      },
      {
        "Aspect": "기능",
        "SentimentText": "2구 모두 화력이 세서 사용하기 너무나 좋아 만족하고 있습니다",
        "SentimentWord": "9",
        "SentimentPolarity": "1"
      }
    ]
  },
  {
    "Index": "26302",
    "RawText": "인덕션 살려다가 가스레인지 샀는데 생각보다 디자인이 세련되고 이뻐서 좋습니다. 화력도 센 것 같아 너무나 굿입니다",
    "Source": "쇼핑몰",
    "Domain": "가전",
    "MainCategory": "주방가전",
    "ProductName": "린나이 RBR-P2501D 빌트인",
    "ReviewScore": "5",
    "Syllable": "63",
    "Word": "15",
    "RDate": "20200712",
    "GeneralPolarity": "1",
    "Aspects": [
      {
        "Aspect": "디자인",
        "SentimentText": " 생각보다 디자인이 세련되고 이뻐서 좋습니다.",
        "SentimentWord": "5",
        "SentimentPolarity": "1"
      },
      {
        "Aspect": "기능",
        "SentimentText": "화력도 센 것 같아 너무나 굿입니다",
        "SentimentWord": "6",
        "SentimentPolarity": "1"
      }
    ]
  },
  {
    "Index": "26303",
    "RawText": "불조절이 자동이 아니라서 불편해요 그리고 사이즈도 애매해서 어디 놓기가 참 곤란하네요",
    "Source": "쇼핑몰",
    "Domain": "가전",
    "MainCategory": "주방가전",
    "ProductName": "린나이 RBR-P2501D 빌트인",
    "ReviewScore": "3",
    "Syllable": "47",
    "Word": "11",
    "RDate": "20210828",
    "GeneralPolarity": "-1",
    "Aspects": [
      {
        "Aspect": "기능",
        "SentimentText": "불조절이 자동이 아니라서 불편해요",
        "SentimentWord": "4",
        "SentimentPolarity": "-1"
      },
      {
        "Aspect": "사이즈",
        "SentimentText": "사이즈도 애매해서 어디 놓기가 참 곤란하네요",
        "SentimentWord": "6",
        "SentimentPolarity": "-1"
      }
    ]
  },
  {
    "Index": "26305",
    "RawText": "주문을 잘못넣어서 교환했는데 기사님이 친절해서 좋았어요^^ 근데 설치하자마자 흔들림이 있는데 영 부실한 것 같아 불안하네요ㅜ 역시 제품 퀄리티 짱이에요. 끝내줍니다.",
    "Source": "쇼핑몰",
    "Domain": "가전",
    "MainCategory": "주방가전",
    "ProductName": "린나이 RBR-P2501D 빌트인",
    "ReviewScore": "5",
    "Syllable": "92",
    "Word": "20",
    "RDate": "20211224",
    "Aspects": [
      {
        "Aspect": "품질",
        "SentimentText": "역시 제품 퀄리티 짱이에요. 끝내줍니다.",
        "SentimentWord": "5",
        "SentimentPolarity": "1"
      },
      {
        "Aspect": "내구성",
        "SentimentText": "근데 설치하자마자 흔들림이 있는데 영 부실한 것 같아 불안하네요ㅜ",
        "SentimentWord": "9",
        "SentimentPolarity": "-1"
      }
    ]
  },
  {
    "Index": "26306",
    "RawText": "2구짜리가 사용하기가 넘 편하네요 불도 쎄고 모양이 이뻐서 맘에 듭니다",
    "Source": "쇼핑몰",
    "Domain": "가전",
    "MainCategory": "주방가전",
    "ProductName": "린나이 RBR-P2501D 빌트인",
    "ReviewScore": "5",
    "Syllable": "39",
    "Word": "10",
    "RDate": "20181102",
    "GeneralPolarity": "1",
    "Aspects": [
      {
        "Aspect": "편의성",
        "SentimentText": "2구짜리가 사용하기가 넘 편하네요",
        "SentimentWord": "4",
        "SentimentPolarity": "1"
      },
      {
        "Aspect": "기능",
        "SentimentText": " 불도 쎄고 ",
        "SentimentWord": "2",
        "SentimentPolarity": "1"
      },
      {
        "Aspect": "디자인",
        "SentimentText": "모양이 이뻐서 맘에 듭니다",
        "SentimentWord": "4",
        "SentimentPolarity": "1"
      }
    ]
  },
  {
    "Index": "26307",
    "RawText": "점화도 잘 되고 불꽃도 만족스럽네요. 다만 과열차단장치가 좀 예민한 듯 보여요. 가끔씩 작동 중에 불이 꺼져서 불편함이 좀 있네요.",
    "Source": "쇼핑몰",
    "Domain": "가전",
    "MainCategory": "주방가전",
    "ProductName": "린나이 RBR-P2501D 빌트인",
    "ReviewScore": "4",
    "Syllable": "73",
    "Word": "19",
    "RDate": "20210318",
    "Aspects": [
      {
        "Aspect": "기능",
        "SentimentText": "점화도 잘 되고 불꽃도 만족스럽네요.",
        "SentimentWord": "5",
        "SentimentPolarity": "1"
      },
      {
        "Aspect": "편의성",
        "SentimentText": "과열차단장치가 좀 예민한 듯 보여요. 가끔씩 작동 중에 불이 꺼져서 불편함이 좀 있네요. ",
        "SentimentWord": "13",
        "SentimentPolarity": "-1"
      }
    ]
  },
  {
    "Index": "26310",
    "RawText": "3구 쓰다가 2구로 변경했는데 타공도 딱맞고 청소도 편해졌고 불도 쎄네요 굿굿",
    "Source": "쇼핑몰",
    "Domain": "가전",
    "MainCategory": "주방가전",
    "ProductName": "린나이 RBR-P2501D 빌트인",
    "ReviewScore": "5",
    "Syllable": "43",
    "Word": "11",
    "RDate": "20220811",
    "GeneralPolarity": "1",
    "Aspects": [
      {
        "Aspect": "편의성",
        "SentimentText": "3구 쓰다가 2구로 변경했는데 타공도 딱맞고 청소도 편해졌고",
        "SentimentWord": "8",
        "SentimentPolarity": "1"
      },
      {
        "Aspect": "기능",
        "SentimentText": "불도 쎄네요 굿굿",
        "SentimentWord": "3",
        "SentimentPolarity": "1"
      }
    ]
  },
  {
    "Index": "26311",
    "RawText": "주방 인테리어 새로 하면서 가스레인지 빌트인으로 바꿨는데 성능이 좋아서 마음에 들고요. 가격도 나쁘지 않아  좋았습니다. 마감 처리도 깔끔해서  마음에 듭니다. 또한 빠른 배송 처리가 더욱  만족 스럽습니다",
    "Source": "쇼핑몰",
    "Domain": "가전",
    "MainCategory": "주방가전",
    "ProductName": "린나이 RBR-P2501D 빌트인",
    "ReviewScore": "5",
    "Syllable": "115",
    "Word": "27",
    "RDate": "20201005",
    "Aspects": [
      {
        "Aspect": "기능",
        "SentimentText": "성능이 좋아서 마음에 들고요.",
        "SentimentWord": "4",
        "SentimentPolarity": "1"
      },
      {
        "Aspect": "가격",
        "SentimentText": "가격도 나쁘지 않아  좋았습니다. ",
        "SentimentWord": "4",
        "SentimentPolarity": "1"
      },
      {
        "Aspect": "품질",
        "SentimentText": "마감 처리도 깔끔해서  마음에 듭니다",
        "SentimentWord": "5",
        "SentimentPolarity": "1"
      }
    ]
  },
  {
    "Index": "26312",
    "RawText": "주문하고 설치를 일주일만에 해서 짜증나네요ㅜ 그래도 색이랑 디자인 깔끔하고 전체적으로 마음에 들어요 너무 무거워서 혼자 옮기는건 불가능할듯",
    "Source": "쇼핑몰",
    "Domain": "가전",
    "MainCategory": "주방가전",
    "ProductName": "린나이 RBR-P2501D 빌트인",
    "ReviewScore": "5",
    "Syllable": "77",
    "Word": "17",
    "RDate": "20220330",
    "Aspects": [
      {
        "Aspect": "무게",
        "SentimentText": "너무 무거워서 혼자 옮기는건 불가능할듯",
        "SentimentWord": "5",
        "SentimentPolarity": "-1"
      },
      {
        "Aspect": "디자인",
        "SentimentText": " 색이랑 디자인 깔끔하고 전체적으로 마음에 들어요",
        "SentimentWord": "6",
        "SentimentPolarity": "1"
      }
    ]
  },
  {
    "Index": "26313",
    "RawText": "실수로 잘못주문하고 다시 재주문했는데 엄청 빨리 배송해서 완전 만족했는데 근데 사용하고 하루만에 배터리가 다 되어서 난감하네요 이런 경우는 어떻게 하나요? 깔끔한 디자인으로 집안이 화사해졌어요",
    "Source": "쇼핑몰",
    "Domain": "가전",
    "MainCategory": "주방가전",
    "ProductName": "린나이 RBR-P2501D 빌트인",
    "ReviewScore": "5",
    "Syllable": "107",
    "Word": "24",
    "RDate": "20211229",
    "Aspects": [
      {
        "Aspect": "디자인",
        "SentimentText": "깔끔한 디자인으로 집안이 화사해졌어요",
        "SentimentWord": "4",
        "SentimentPolarity": "1"
      },
      {
        "Aspect": "배터리",
        "SentimentText": "근데 사용하고 하루만에 배터리가 다 되어서 난감하네요",
        "SentimentWord": "7",
        "SentimentPolarity": "-1"
      }
    ]
  },
  {
    "Index": "26314",
    "RawText": "검색해보니 최저 가격에 산 것 같아 기분이 너무 좋네요..   디자인도 심플하면서도 예쁘고 청소할 때도 잘 닦여 편하고 좋아요.. 강추입니다..^^",
    "Source": "쇼핑몰",
    "Domain": "가전",
    "MainCategory": "주방가전",
    "ProductName": "린나이 RBR-P2501D 빌트인",
    "ReviewScore": "5",
    "Syllable": "82",
    "Word": "19",
    "RDate": "20181030",
    "GeneralPolarity": "1",
    "Aspects": [
      {
        "Aspect": "가격",
        "SentimentText": "검색해보니 최저 가격에 산 것 같아 기분이 너무 좋네요..  ",
        "SentimentWord": "9",
        "SentimentPolarity": "1"
      },
      {
        "Aspect": "디자인",
        "SentimentText": "디자인도 심플하면서도 예쁘고",
        "SentimentWord": "3",
        "SentimentPolarity": "1"
      },
      {
        "Aspect": "편의성",
        "SentimentText": "청소할 때도 잘 닦여 편하고 좋아요.. 강추입니다..^^",
        "SentimentWord": "7",
        "SentimentPolarity": "1"
      }
    ]
  },
  {
    "Index": "26315",
    "RawText": "고객센터 친절하게  상담해 주셔서 기분이 좋았습니다.  근데  상판이 검정색이라서 먼지가 잘 보여  별로예요 2개의 화구에서 나오는 불꽃이 강해서 요리할때 편해요. ",
    "Source": "쇼핑몰",
    "Domain": "가전",
    "MainCategory": "주방가전",
    "ProductName": "린나이 RBR-P2501D 빌트인",
    "ReviewScore": "5",
    "Syllable": "92",
    "Word": "20",
    "RDate": "20210112",
    "Aspects": [
      {
        "Aspect": "편의성",
        "SentimentText": "2개의 화구에서 나오는 불꽃이 강해서 요리할때 편해요.",
        "SentimentWord": "7",
        "SentimentPolarity": "1"
      },
      {
        "Aspect": "색상",
        "SentimentText": "상판이 검정색이라서 먼지가 잘 보여  별로예요",
        "SentimentWord": "6",
        "SentimentPolarity": "0"
      }
    ]
  },
  {
    "Index": "26316",
    "RawText": "급하게 주문하고 배송기다렸는데 친절하게 대응해줘서 넘 좋아요~~ 빌트인이라 사이즈가 고민되었는데 애매하게 자리보다 붕 뜨는데ㅠ 참 난감하네요 작동법이 간단해 마음에 드네요",
    "Source": "쇼핑몰",
    "Domain": "가전",
    "MainCategory": "주방가전",
    "ProductName": "린나이 RBR-P2501D 빌트인",
    "ReviewScore": "5",
    "Syllable": "95",
    "Word": "20",
    "RDate": "20181123",
    "Aspects": [
      {
        "Aspect": "조작성",
        "SentimentText": "작동법이 간단해 마음에 드네요",
        "SentimentWord": "4",
        "SentimentPolarity": "1"
      },
      {
        "Aspect": "사이즈",
        "SentimentText": "빌트인이라 사이즈가 고민되었는데 애매하게 자리보다 붕 뜨는데ㅠ 참 난감하네요",
        "SentimentWord": "9",
        "SentimentPolarity": "-1"
      }
    ]
  },
  {
    "Index": "26317",
    "RawText": "친정에 선물로 사드렸는데 빌트인이라 주방이 깔끔해져서 마음에 드신다네요. 좋은 제품 저렴하게 산 것 같아 좋구요. 상판 재질이 넘 미끌거려 냄비가 좀 움직이는 것 같아 불편해요.",
    "Source": "쇼핑몰",
    "Domain": "가전",
    "MainCategory": "주방가전",
    "ProductName": "린나이 RBR-P2501D 빌트인",
    "ReviewScore": "5",
    "Syllable": "99",
    "Word": "25",
    "RDate": "20220218",
    "Aspects": [
      {
        "Aspect": "디자인",
        "SentimentText": "친정에 선물로 사드렸는데 빌트인이라 주방이 깔끔해져서 마음에 드신다네요. ",
        "SentimentWord": "8",
        "SentimentPolarity": "1"
      },
      {
        "Aspect": "가격",
        "SentimentText": "좋은 제품 저렴하게 산 것 같아 좋구요 .",
        "SentimentWord": "8",
        "SentimentPolarity": "1"
      },
      {
        "Aspect": "소재",
        "SentimentText": "상판 재질이 넘 미끌거려 냄비가 좀 움직이는 것 같아 불편해요. ",
        "SentimentWord": "10",
        "SentimentPolarity": "-1"
      }
    ]
  },
  {
    "Index": "26318",
    "RawText": "불쎄기가 그냥 고만고만 하네요 엄청 기대했는데 000 명성에 너무 기대했나 싶고 실망스러워요",
    "Source": "쇼핑몰",
    "Domain": "가전",
    "MainCategory": "주방가전",
    "ProductName": "린나이 RBR-P2501D 빌트인",
    "ReviewScore": "3",
    "Syllable": "51",
    "Word": "12",
    "RDate": "20210917",
    "GeneralPolarity": "-1",
    "Aspects": [
      {
        "Aspect": "기능",
        "SentimentText": "불쎄기가 그냥 고만고만 하네요 ",
        "SentimentWord": "4",
        "SentimentPolarity": "0"
      },
      {
        "Aspect": "제조일/제조사",
        "SentimentText": "000 명성에 너무 기대했나 싶고 실망스러워요",
        "SentimentWord": "6",
        "SentimentPolarity": "-1"
      }
    ]
  },
  {
    "Index": "26319",
    "RawText": "급하게 주문했는데 담날 도착했어요 대박~모양이 고급지고 이쁘고 청소도 편하겠다 싶어 추천합니다",
    "Source": "쇼핑몰",
    "Domain": "가전",
    "MainCategory": "주방가전",
    "ProductName": "린나이 RBR-P2501D 빌트인",
    "ReviewScore": "5",
    "Syllable": "52",
    "Word": "11",
    "RDate": "20210112",
    "Aspects": [
      {
        "Aspect": "디자인",
        "SentimentText": "모양이 고급지고 이쁘고",
        "SentimentWord": "3",
        "SentimentPolarity": "1"
      },
      {
        "Aspect": "편의성",
        "SentimentText": "청소도 편하겠다 싶어 추천합니다",
        "SentimentWord": "4",
        "SentimentPolarity": "1"
      }
    ]
  },
  {
    "Index": "26320",
    "RawText": "3구랑 2구랑 고민하다가 2구 삿는데 넘 편하고 화력이 짱 좋네요! 기대이상이구요 디자인도 굿입니다!",
    "Source": "쇼핑몰",
    "Domain": "가전",
    "MainCategory": "주방가전",
    "ProductName": "린나이 RBR-P2501D 빌트인",
    "ReviewScore": "5",
    "Syllable": "56",
    "Word": "13",
    "RDate": "20210822",
    "GeneralPolarity": "1",
    "Aspects": [
      {
        "Aspect": "기능",
        "SentimentText": "화력이 짱 좋네요! ",
        "SentimentWord": "3",
        "SentimentPolarity": "1"
      },
      {
        "Aspect": "디자인",
        "SentimentText": "디자인도 굿입니다!",
        "SentimentWord": "2",
        "SentimentPolarity": "1"
      }
    ]
  },
  {
    "Index": "26321",
    "RawText": "2구로 바꿨더니 넓어져서 너무 좋습니다. 디자인도 깔끔해서 좋고 색상도 고급져 마음에 듭니다. 화력 또한 세서 너무나 좋습니다",
    "Source": "쇼핑몰",
    "Domain": "가전",
    "MainCategory": "주방가전",
    "ProductName": "린나이 RT-1008IJB",
    "ReviewScore": "5",
    "Syllable": "70",
    "Word": "17",
    "RDate": "20211024",
    "GeneralPolarity": "1",
    "Aspects": [
      {
        "Aspect": "사이즈",
        "SentimentText": "2구로 바꿨더니 넓어져서 너무 좋습니다.",
        "SentimentWord": "5",
        "SentimentPolarity": "1"
      },
      {
        "Aspect": "디자인",
        "SentimentText": " 디자인도 깔끔해서 좋고",
        "SentimentWord": "3",
        "SentimentPolarity": "1"
      },
      {
        "Aspect": "색상",
        "SentimentText": "색상도 고급져 마음에 듭니다",
        "SentimentWord": "4",
        "SentimentPolarity": "1"
      },
      {
        "Aspect": "기능",
        "SentimentText": " 화력 또한 세서 너무나 좋습니다 ",
        "SentimentWord": "5",
        "SentimentPolarity": "1"
      }
    ]
  },
  {
    "Index": "26322",
    "RawText": "신혼때부터 000만 썻는데 써왔는데 역시 넘버원입니다 색상도 고급지고 디자인 진짜 맘에 쏙 들어요",
    "Source": "쇼핑몰",
    "Domain": "가전",
    "MainCategory": "주방가전",
    "ProductName": "린나이 RT-1008IJB",
    "ReviewScore": "5",
    "Syllable": "54",
    "Word": "13",
    "RDate": "20210817",
    "GeneralPolarity": "1",
    "Aspects": [
      {
        "Aspect": "제조일/제조사",
        "SentimentText": "신혼때부터 000만 썻는데 써왔는데 역시 넘버원입니다 ",
        "SentimentWord": "6",
        "SentimentPolarity": "1"
      },
      {
        "Aspect": "색상",
        "SentimentText": "색상도 고급지고 ",
        "SentimentWord": "2",
        "SentimentPolarity": "1"
      },
      {
        "Aspect": "디자인",
        "SentimentText": "디자인 진짜 맘에 쏙 들어요",
        "SentimentWord": "5",
        "SentimentPolarity": "1"
      }
    ]
  },
  {
    "Index": "26323",
    "RawText": "딱 기본에 충실한 기능만 갖춰진 제품이라 좋네요. 디자인 깔끔해서 넘 좋고 안전장치와 청소가 쉽게 설계되어 너무 만족합니다",
    "Source": "쇼핑몰",
    "Domain": "가전",
    "MainCategory": "주방가전",
    "ProductName": "린나이 RT-1008IJB",
    "ReviewScore": "5",
    "Syllable": "68",
    "Word": "17",
    "RDate": "20220420",
    "GeneralPolarity": "1",
    "Aspects": [
      {
        "Aspect": "기능",
        "SentimentText": "딱 기본에 충실한 기능만 갖춰진 제품이라 좋네요. ",
        "SentimentWord": "7",
        "SentimentPolarity": "1"
      },
      {
        "Aspect": "디자인",
        "SentimentText": "디자인 깔끔해서 넘 좋고",
        "SentimentWord": "4",
        "SentimentPolarity": "1"
      },
      {
        "Aspect": "품질",
        "SentimentText": "안전장치와 청소가 쉽게 설계되어 너무 만족합니다",
        "SentimentWord": "6",
        "SentimentPolarity": "1"
      }
    ]
  },
  {
    "Index": "26324",
    "RawText": "가성비 만족 스럽습니다. 보조 주방에서 사용 할려고 구입했는데 사이즈 딱 좋네요",
    "Source": "쇼핑몰",
    "Domain": "가전",
    "MainCategory": "주방가전",
    "ProductName": "린나이 RT-1008IJB",
    "ReviewScore": "4",
    "Syllable": "44",
    "Word": "11",
    "RDate": "20211025",
    "GeneralPolarity": "1",
    "Aspects": [
      {
        "Aspect": "가격",
        "SentimentText": "가성비 만족 스럽습니다. ",
        "SentimentWord": "3",
        "SentimentPolarity": "1"
      },
      {
        "Aspect": "사이즈",
        "SentimentText": "보조 주방에서 사용 할려고 구입했는데 사이즈 딱 좋네요  ",
        "SentimentWord": "8",
        "SentimentPolarity": "1"
      }
    ]
  },
  {
    "Index": "26327",
    "RawText": "디자인 깔끔해서 마음에 들고 가격 또한 잘 살 것 같아 좋아요. 근데 점화시 불이 늦게 붙어 사용하기 불편합니다.",
    "Source": "쇼핑몰",
    "Domain": "가전",
    "MainCategory": "주방가전",
    "ProductName": "린나이 RT-1008IJB",
    "ReviewScore": "5",
    "Syllable": "63",
    "Word": "18",
    "RDate": "20210922",
    "GeneralPolarity": "0",
    "Aspects": [
      {
        "Aspect": "디자인",
        "SentimentText": "디자인 깔끔해서 마음에 들고 ",
        "SentimentWord": "4",
        "SentimentPolarity": "1"
      },
      {
        "Aspect": "가격",
        "SentimentText": "가격 또한 잘 살 것 같아 좋아요",
        "SentimentWord": "7",
        "SentimentPolarity": "1"
      },
      {
        "Aspect": "기능",
        "SentimentText": "점화시 불이 늦게 붙어 사용하기 불편합니다. ",
        "SentimentWord": "6",
        "SentimentPolarity": "-1"
      }
    ]
  },
  {
    "Index": "26328",
    "RawText": "주문하고 받아보니 포장도 엉망이고 소재도 별로라 반품하려고요,, 반품하는데 이것 저것 물어보는데 기분만 상하네요 다시는 구입안합니다 자동소화장치가 고장난건가요? 작동이 안되네요.",
    "Source": "쇼핑몰",
    "Domain": "가전",
    "MainCategory": "주방가전",
    "ProductName": "린나이 RT-1008IJB",
    "ReviewScore": "1",
    "Syllable": "99",
    "Word": "19",
    "RDate": "20220804",
    "Aspects": [
      {
        "Aspect": "품질",
        "SentimentText": "자동소화장치가 고장난건가요? 작동이 안되네요.",
        "SentimentWord": "4",
        "SentimentPolarity": "-1"
      },
      {
        "Aspect": "소재",
        "SentimentText": "소재도 별로라 반품하려고요,, ",
        "SentimentWord": "3",
        "SentimentPolarity": "-1"
      }
    ]
  },
  {
    "Index": "26330",
    "RawText": "사이즈가 작아서 장난감 같고 후져 보여요 돈 좀 들여서 제대로 된 거 살껄 후회중입니다 .딱 가격만큼만 제값 하네요",
    "Source": "쇼핑몰",
    "Domain": "가전",
    "MainCategory": "주방가전",
    "ProductName": "린나이 RT-1008IJB",
    "ReviewScore": "3",
    "Syllable": "64",
    "Word": "18",
    "RDate": "20220820",
    "GeneralPolarity": "-1",
    "Aspects": [
      {
        "Aspect": "사이즈",
        "SentimentText": "사이즈가 작아서 장난감 같고 후져 보여요 ",
        "SentimentWord": "6",
        "SentimentPolarity": "-1"
      },
      {
        "Aspect": "가격",
        "SentimentText": "딱 가격만큼만 제값 하네요",
        "SentimentWord": "4",
        "SentimentPolarity": "0"
      }
    ]
  },
  {
    "Index": "26331",
    "RawText": "빌트인 구성이라 깔끔해서 좋아요. 감사합니다.   가스렌지의 강자 OOO라 너무 좋고 브랜드 이미지보다 가격대도 만족스러워요",
    "Source": "쇼핑몰",
    "Domain": "가전",
    "MainCategory": "주방가전",
    "ProductName": "린나이 RT-1008IJB",
    "ReviewScore": "5",
    "Syllable": "69",
    "Word": "14",
    "RDate": "20220421",
    "GeneralPolarity": "1",
    "Aspects": [
      {
        "Aspect": "제품구성",
        "SentimentText": "빌트인 구성이라 깔끔해서 좋아요.",
        "SentimentWord": "4",
        "SentimentPolarity": "1"
      },
      {
        "Aspect": "제조일/제조사",
        "SentimentText": " 가스렌지의 강자 OOO라 너무 좋고 ",
        "SentimentWord": "5",
        "SentimentPolarity": "1"
      },
      {
        "Aspect": "가격",
        "SentimentText": "브랜드 이미지보다 가격대도 만족스러워요",
        "SentimentWord": "4",
        "SentimentPolarity": "1"
      }
    ]
  },
  {
    "Index": "26333",
    "RawText": "가스레인지가 가벼워서  잘 움직여서  안전에 걱정이 됩니다. 배송해주신 기사님때문에 짜증나 아주 촤악입니다. 색상도 너무 어두워서 주방에 어울리지 않아요.ㅠㅠ",
    "Source": "쇼핑몰",
    "Domain": "가전",
    "MainCategory": "주방가전",
    "ProductName": "린나이 RT-1008IJB",
    "ReviewScore": "4",
    "Syllable": "88",
    "Word": "18",
    "RDate": "20220224",
    "Aspects": [
      {
        "Aspect": "무게",
        "SentimentText": "가스레인지가 가벼워서  잘 움직여서  안전에 걱정이 됩니다.",
        "SentimentWord": "7",
        "SentimentPolarity": "-1"
      },
      {
        "Aspect": "색상",
        "SentimentText": "색상도 너무 어두워서 주방에 어울리지 않아요.ㅠㅠ",
        "SentimentWord": "6",
        "SentimentPolarity": "-1"
      }
    ]
  },
  {
    "Index": "26335",
    "RawText": "싸게 사서 좋았는데 싼게 비지떡이네요 별로에요 소재가 먼지 왜케 싸구려 같죠.. 잘못 구입한거 같아요",
    "Source": "쇼핑몰",
    "Domain": "가전",
    "MainCategory": "주방가전",
    "ProductName": "린나이 RT-1008IJB",
    "ReviewScore": "3",
    "Syllable": "56",
    "Word": "14",
    "RDate": "20220825",
    "GeneralPolarity": "0",
    "Aspects": [
      {
        "Aspect": "가격",
        "SentimentText": "싸게 사서 좋았는데 ",
        "SentimentWord": "3",
        "SentimentPolarity": "1"
      },
      {
        "Aspect": "소재",
        "SentimentText": "소재가 먼지 왜케 싸구려 같죠.. 잘못 구입한거 같아요",
        "SentimentWord": "8",
        "SentimentPolarity": "-1"
      }
    ]
  },
  {
    "Index": "26336",
    "RawText": "무게가 덜 나가서 오히려 이상하고 부실해요 근데 화력은 쎄서 좋아요~!! 굿!",
    "Source": "쇼핑몰",
    "Domain": "가전",
    "MainCategory": "주방가전",
    "ProductName": "린나이 RT-1008IJB",
    "ReviewScore": "5",
    "Syllable": "43",
    "Word": "11",
    "RDate": "20220307",
    "GeneralPolarity": "0",
    "Aspects": [
      {
        "Aspect": "무게",
        "SentimentText": "무게가 덜 나가서 오히려 이상하고 부실해요",
        "SentimentWord": "6",
        "SentimentPolarity": "-1"
      },
      {
        "Aspect": "품질",
        "SentimentText": "근데 화력은 쎄서 좋아요~!! 굿!",
        "SentimentWord": "5",
        "SentimentPolarity": "1"
      }
    ]
  },
  {
    "Index": "26337",
    "RawText": "상판의 재질이 좋아 화구 주위 끓어 넘쳐도 씻으면 되게 잘 되어 있어 편하고 좋아요.  두개 짜리 화구로 바꾸니 주방이 좀 허전한 느낌이 있어 아쉬워요.",
    "Source": "쇼핑몰",
    "Domain": "가전",
    "MainCategory": "주방가전",
    "ProductName": "린나이 RT-1008IJB",
    "ReviewScore": "5",
    "Syllable": "85",
    "Word": "24",
    "RDate": "20210912",
    "Aspects": [
      {
        "Aspect": "편의성",
        "SentimentText": "상판의 재질이 좋아 화구 주위 끓어 넘쳐도 씻으면 되게 잘 되어 있어 편하고 좋아요. ",
        "SentimentWord": "14",
        "SentimentPolarity": "1"
      },
      {
        "Aspect": "제품구성",
        "SentimentText": "두개 짜리 화구로 바꾸니 주방이 좀 허전한 느낌이 있어 아쉬워요.",
        "SentimentWord": "10",
        "SentimentPolarity": "0"
      }
    ]
  },
  {
    "Index": "26338",
    "RawText": "선물로 주문했는데 3구쓰다 2구써보니 오히려 조작도 편하고 좋네요 근데 색상이 주문한거랑 다르게 보여서 항의하니 원래 이 색이라 하네요 헐",
    "Source": "쇼핑몰",
    "Domain": "가전",
    "MainCategory": "주방가전",
    "ProductName": "린나이 RT-1008IJB",
    "ReviewScore": "5",
    "Syllable": "77",
    "Word": "19",
    "RDate": "20210819",
    "GeneralPolarity": "0",
    "Aspects": [
      {
        "Aspect": "조작성",
        "SentimentText": "3구쓰다 2구써보니 오히려 조작도 편하고 좋네요",
        "SentimentWord": "6",
        "SentimentPolarity": "1"
      },
      {
        "Aspect": "색상",
        "SentimentText": "근데 색상이 주문한거랑 다르게 보여서 항의하니 원래 이 색이라 하네요 헐 ",
        "SentimentWord": "11",
        "SentimentPolarity": "-1"
      }
    ]
  },
  {
    "Index": "26339",
    "RawText": "품질이 짱짱 해서 놀라고 빠른  배송에 또 놀라서 별 다섯개 줍니다 마니 파세요 함께 챙겨준 사은품 너무 감사해요.",
    "Source": "쇼핑몰",
    "Domain": "가전",
    "MainCategory": "주방가전",
    "ProductName": "린나이 RT-1008IJB",
    "ReviewScore": "5",
    "Syllable": "64",
    "Word": "18",
    "RDate": "20220804",
    "Aspects": [
      {
        "Aspect": "품질",
        "SentimentText": "품질이 짱짱 해서 놀라고",
        "SentimentWord": "4",
        "SentimentPolarity": "1"
      },
      {
        "Aspect": "제품구성",
        "SentimentText": "함께 챙겨준 사은품 너무 감사해요.",
        "SentimentWord": "5",
        "SentimentPolarity": "1"
      }
    ]
  },
  {
    "Index": "26340",
    "RawText": "기능이 단순해서 사용하기가 쉬워요 대신 처음 신청했던 물건이 물량이 부족해서 다른걸로 대체해서 받았는데.. 이것도 그런대로 쓸만은 하네요 최근에 만들어진 제품은 아니지만 그럭저럭 쓸만하네요.",
    "Source": "쇼핑몰",
    "Domain": "가전",
    "MainCategory": "주방가전",
    "ProductName": "린나이 RT-1008IJB",
    "ReviewScore": "4",
    "Syllable": "106",
    "Word": "23",
    "RDate": "20220209",
    "Aspects": [
      {
        "Aspect": "기능",
        "SentimentText": "기능이 단순해서 사용하기가 쉬워요",
        "SentimentWord": "4",
        "SentimentPolarity": "1"
      },
      {
        "Aspect": "제조일/제조사",
        "SentimentText": "최근에 만들어진 제품은 아니지만 그럭저럭 쓸만하네요.",
        "SentimentWord": "6",
        "SentimentPolarity": "0"
      }
    ]
  },
  {
    "Index": "26345",
    "RawText": "부억에 놓고 쓰기에 사이즈가 딱이라 맘에 드네요 성능도 좋고 배송도 굿  밸브랑 줄 다해서 셋트로 기본가면 좋겟는데.. 옵션이라 별로에요",
    "Source": "쇼핑몰",
    "Domain": "가전",
    "MainCategory": "주방가전",
    "ProductName": "린나이 RT-6502I",
    "ReviewScore": "5",
    "Syllable": "76",
    "Word": "19",
    "RDate": "20210609",
    "Aspects": [
      {
        "Aspect": "사이즈",
        "SentimentText": "부억에 놓고 쓰기에 사이즈가 딱이라 맘에 드네요",
        "SentimentWord": "7",
        "SentimentPolarity": "1"
      },
      {
        "Aspect": "기능",
        "SentimentText": "성능도 좋고 ",
        "SentimentWord": "2",
        "SentimentPolarity": "1"
      },
      {
        "Aspect": "제품구성",
        "SentimentText": "밸브랑 줄 다해서 셋트로 기본가면 좋겟는데.. 옵션이라 별로에요",
        "SentimentWord": "8",
        "SentimentPolarity": "-1"
      }
    ]
  },
  {
    "Index": "26346",
    "RawText": "안전 장치가 있는 제품으로 바꿨더니 불안하지 않아 좋습니다. 원터치 점화가 있어 사용하기 너무 편합니다.",
    "Source": "쇼핑몰",
    "Domain": "가전",
    "MainCategory": "주방가전",
    "ProductName": "린나이 RT-6502I",
    "ReviewScore": "5",
    "Syllable": "58",
    "Word": "14",
    "RDate": "20210508",
    "GeneralPolarity": "1",
    "Aspects": [
      {
        "Aspect": "기능",
        "SentimentText": "안전 장치가 있는 제품으로 바꿨더니 불안하지 않아 좋습니다",
        "SentimentWord": "8",
        "SentimentPolarity": "1"
      },
      {
        "Aspect": "기능",
        "SentimentText": "원터치 점화가 있어 사용하기 너무 편합니다. ",
        "SentimentWord": "6",
        "SentimentPolarity": "1"
      }
    ]
  },
  {
    "Index": "26347",
    "RawText": "박스 한 켠이 터진 채로 와서 배송 중에 제품이 망가졌을 까봐 불쾌했습니다.  반품하려 했으나 다행히 작동은 잘되니 아직 문제는 없어 보여 지켜보는 중입니다 제품 표면이 깨져서 왔습니다. 품질에 문제있는거죠?",
    "Source": "쇼핑몰",
    "Domain": "가전",
    "MainCategory": "주방가전",
    "ProductName": "린나이 RT-6502I",
    "ReviewScore": "4",
    "Syllable": "116",
    "Word": "29",
    "RDate": "20220510",
    "Aspects": [
      {
        "Aspect": "품질",
        "SentimentText": "제품 표면이 깨져서 왔습니다. 품질에 문제있는거죠?",
        "SentimentWord": "6",
        "SentimentPolarity": "-1"
      },
      {
        "Aspect": "기능",
        "SentimentText": "다행히 작동은 잘되니 아직 문제는 없어 보여 지켜보는 중입니다 ",
        "SentimentWord": "9",
        "SentimentPolarity": "0"
      }
    ]
  },
  {
    "Index": "26348",
    "RawText": "디자인 깔끔하고 이뻐서 마음에 들어요. 상판 색이 검은색이라서 고급스러워 좋습니다. 생각보다 배송도 빨랐습니다",
    "Source": "쇼핑몰",
    "Domain": "가전",
    "MainCategory": "주방가전",
    "ProductName": "린나이 RT-6502I",
    "ReviewScore": "5",
    "Syllable": "61",
    "Word": "13",
    "RDate": "20220821",
    "Aspects": [
      {
        "Aspect": "디자인",
        "SentimentText": "디자인 깔끔하고 이뻐서 마음에 들어요",
        "SentimentWord": "5",
        "SentimentPolarity": "1"
      },
      {
        "Aspect": "색상",
        "SentimentText": "상판 색이 검은색이라서 고급스러워 좋습니다",
        "SentimentWord": "5",
        "SentimentPolarity": "1"
      }
    ]
  },
  {
    "Index": "26349",
    "RawText": "구관이 명관이라고 000 제품이 역시 최고에요 기본에 충실한 제품이라 딱 좋습니다 무게도 가벼워 좋구요",
    "Source": "쇼핑몰",
    "Domain": "가전",
    "MainCategory": "주방가전",
    "ProductName": "린나이 RT-6502I",
    "ReviewScore": "4",
    "Syllable": "57",
    "Word": "14",
    "RDate": "20220707",
    "GeneralPolarity": "1",
    "Aspects": [
      {
        "Aspect": "제조일/제조사",
        "SentimentText": "구관이 명관이라고 000 제품이 역시 최고에요 ",
        "SentimentWord": "6",
        "SentimentPolarity": "1"
      },
      {
        "Aspect": "무게",
        "SentimentText": "무게도 가벼워 좋구요",
        "SentimentWord": "3",
        "SentimentPolarity": "1"
      }
    ]
  },
  {
    "Index": "26350",
    "RawText": "OOO 가스레인지를 계속 사용하고 있는데, 화력이 너무 좋아요. 모델 색상도 너무 이쁘네요 최고예요",
    "Source": "쇼핑몰",
    "Domain": "가전",
    "MainCategory": "주방가전",
    "ProductName": "린나이 RT-6502I",
    "ReviewScore": "5",
    "Syllable": "55",
    "Word": "13",
    "RDate": "20220116",
    "GeneralPolarity": "1",
    "Aspects": [
      {
        "Aspect": "기능",
        "SentimentText": "OOO 가스레인지를 계속 사용하고 있는데, 화력이 너무 좋아요. ",
        "SentimentWord": "8",
        "SentimentPolarity": "1"
      },
      {
        "Aspect": "색상",
        "SentimentText": "모델 색상도 너무 이쁘네요 최고예요",
        "SentimentWord": "5",
        "SentimentPolarity": "1"
      }
    ]
  },
  {
    "Index": "26351",
    "RawText": "휴가로  늦은 배송 이었지만 잘 설치 되어 만족합니다.  성능도 나쁘지 않아 사용하기 좋습니다. 쿠폰까지 써서 저렴하게 구매했어요",
    "Source": "쇼핑몰",
    "Domain": "가전",
    "MainCategory": "주방가전",
    "ProductName": "린나이 RT-6502I",
    "ReviewScore": "5",
    "Syllable": "72",
    "Word": "17",
    "RDate": "20220810",
    "Aspects": [
      {
        "Aspect": "가격",
        "SentimentText": "쿠폰까지 써서 저렴하게 구매했어요",
        "SentimentWord": "4",
        "SentimentPolarity": "1"
      },
      {
        "Aspect": "기능",
        "SentimentText": "성능도 나쁘지 않아 사용하기 좋습니다. ",
        "SentimentWord": "5",
        "SentimentPolarity": "1"
      }
    ]
  },
  {
    "Index": "26352",
    "RawText": "매장에서는 비싼데 홈페이지에서 저렴하게 구매해서 좋습니다. 생각보다 무게가 있어 혼자 이동하는데  힘들었습니다.   ",
    "Source": "쇼핑몰",
    "Domain": "가전",
    "MainCategory": "주방가전",
    "ProductName": "린나이 RT-6502I",
    "ReviewScore": "5",
    "Syllable": "65",
    "Word": "12",
    "RDate": "20220703",
    "GeneralPolarity": "0",
    "Aspects": [
      {
        "Aspect": "가격",
        "SentimentText": "매장에서는 비싼데 홈페이지에서 저렴하게 구매해서 좋습니다. ",
        "SentimentWord": "6",
        "SentimentPolarity": "1"
      },
      {
        "Aspect": "무게",
        "SentimentText": "생각보다 무게가 있어 혼자 이동하는데  힘들었습니다. ",
        "SentimentWord": "6",
        "SentimentPolarity": "-1"
      }
    ]
  },
  {
    "Index": "26354",
    "RawText": "디자인 넘 이뻐서 좋구요 제품사용하기도 편리하고 화력도 좋아서 맘에드네요",
    "Source": "쇼핑몰",
    "Domain": "가전",
    "MainCategory": "주방가전",
    "ProductName": "린나이 RT-6502I",
    "ReviewScore": "5",
    "Syllable": "40",
    "Word": "9",
    "RDate": "20220422",
    "Aspects": [
      {
        "Aspect": "디자인",
        "SentimentText": "디자인 넘 이뻐서 좋구요",
        "SentimentWord": "4",
        "SentimentPolarity": "1"
      },
      {
        "Aspect": "편의성",
        "SentimentText": " 제품사용하기도 편리하고",
        "SentimentWord": "2",
        "SentimentPolarity": "1"
      },
      {
        "Aspect": "기능",
        "SentimentText": "화력도 좋아서 맘에드네요",
        "SentimentWord": "3",
        "SentimentPolarity": "1"
      }
    ]
  },
  {
    "Index": "26356",
    "RawText": "장기간 사용한 레인지 바꿨는데 디자인도 깔금해서 좋고 화력도 세서 너무나 좋습니다.  청소하기도 편해서 더욱 좋습니다.",
    "Source": "쇼핑몰",
    "Domain": "가전",
    "MainCategory": "주방가전",
    "ProductName": "린나이 RT-6502I",
    "ReviewScore": "5",
    "Syllable": "66",
    "Word": "15",
    "RDate": "20220517",
    "GeneralPolarity": "1",
    "Aspects": [
      {
        "Aspect": "디자인",
        "SentimentText": "디자인도 깔금해서 좋고",
        "SentimentWord": "3",
        "SentimentPolarity": "1"
      },
      {
        "Aspect": "기능",
        "SentimentText": "화력도 세서 너무나 좋습니다",
        "SentimentWord": "4",
        "SentimentPolarity": "1"
      },
      {
        "Aspect": "편의성",
        "SentimentText": "청소하기도 편해서 더욱 좋습니다. ",
        "SentimentWord": "4",
        "SentimentPolarity": "1"
      }
    ]
  },
  {
    "Index": "26357",
    "RawText": "가격도 저렴하게 잘 산 것 같아 기분이 좋아요. 배송도 빠르게 와서 더욱 만족 스럽습니다.  디자인도 너무 맘에 들어서 행복해요. ",
    "Source": "쇼핑몰",
    "Domain": "가전",
    "MainCategory": "주방가전",
    "ProductName": "린나이 RT-6502I",
    "ReviewScore": "5",
    "Syllable": "73",
    "Word": "19",
    "RDate": "20220819",
    "Aspects": [
      {
        "Aspect": "가격",
        "SentimentText": "가격도 저렴하게 잘 산 것 같아 기분이 좋아요.",
        "SentimentWord": "8",
        "SentimentPolarity": "1"
      },
      {
        "Aspect": "디자인",
        "SentimentText": "디자인도 너무 맘에 들어서 행복해요.",
        "SentimentWord": "5",
        "SentimentPolarity": "1"
      }
    ]
  },
  {
    "Index": "26358",
    "RawText": "상품이 찌그러져 왔는데 포장을 어떻게 하는 건지 화가 납니다. 반품 처리 늦으니 환불도  늦어 짜증나고 열받습니다 저렴하게 구매했다고 만족했는데 다음날부터 세일소식들으니 당한느낌입니다.ㅠㅠ 화력이 너무 약해요. 제품 자체의 문제인건가요?",
    "Source": "쇼핑몰",
    "Domain": "가전",
    "MainCategory": "주방가전",
    "ProductName": "린나이 RT-6502I",
    "ReviewScore": "2",
    "Syllable": "132",
    "Word": "28",
    "RDate": "20220802",
    "Aspects": [
      {
        "Aspect": "가격",
        "SentimentText": "저렴하게 구매했다고 만족했는데 다음날부터 세일소식들으니 당한느낌입니다.ㅠㅠ",
        "SentimentWord": "6",
        "SentimentPolarity": "-1"
      },
      {
        "Aspect": "품질",
        "SentimentText": "화력이 너무 약해요. 제품 자체의 문제인건가요?",
        "SentimentWord": "6",
        "SentimentPolarity": "-1"
      }
    ]
  },
  {
    "Index": "26359",
    "RawText": "어머니댁  선물로 사드렸는데  디자인  깔끔하시다고 너무 좋아 하시네요.무거워서 자리 잡는데 힘들었어요.  ",
    "Source": "쇼핑몰",
    "Domain": "가전",
    "MainCategory": "주방가전",
    "ProductName": "린나이 RT-6502I",
    "ReviewScore": "5",
    "Syllable": "60",
    "Word": "11",
    "RDate": "20220321",
    "GeneralPolarity": "0",
    "Aspects": [
      {
        "Aspect": "디자인",
        "SentimentText": "디자인  깔끔하시다고 너무 좋아 하시네요.",
        "SentimentWord": "5",
        "SentimentPolarity": "1"
      },
      {
        "Aspect": "무게",
        "SentimentText": "무거워서 자리 잡는데 힘들었어요. ",
        "SentimentWord": "4",
        "SentimentPolarity": "-1"
      }
    ]
  },
  {
    "Index": "26360",
    "RawText": "제품 마감  퀄리티가  좋아 만족합니다. 재질도 나쁘지 않아 좋습니다.  앞면에서 배터리 교체 할 수 있어  매우 편합니다",
    "Source": "쇼핑몰",
    "Domain": "가전",
    "MainCategory": "주방가전",
    "ProductName": "린나이 RT-6502I",
    "ReviewScore": "5",
    "Syllable": "68",
    "Word": "17",
    "RDate": "20210517",
    "GeneralPolarity": "1",
    "Aspects": [
      {
        "Aspect": "품질",
        "SentimentText": "제품 마감  퀄리티가  좋아 만족합니다.",
        "SentimentWord": "5",
        "SentimentPolarity": "1"
      },
      {
        "Aspect": "소재",
        "SentimentText": "재질도 나쁘지 않아 좋습니다",
        "SentimentWord": "4",
        "SentimentPolarity": "1"
      },
      {
        "Aspect": "편의성",
        "SentimentText": "앞면에서 배터리 교체 할 수 있어  매우 편합니다",
        "SentimentWord": "8",
        "SentimentPolarity": "1"
      }
    ]
  },
  {
    "Index": "26361",
    "RawText": "판매자 문의시 친절한 상담해 주셔서 좋았습니다. 디자인도 심플하고 깔끔해서 마음에 들어요. 화력 또한 세서 더욱 만족 스럽습니다.",
    "Source": "쇼핑몰",
    "Domain": "가전",
    "MainCategory": "주방가전",
    "ProductName": "린나이 RT-6502I",
    "ReviewScore": "5",
    "Syllable": "72",
    "Word": "17",
    "RDate": "20220224",
    "Aspects": [
      {
        "Aspect": "디자인",
        "SentimentText": " 디자인도 심플하고 깔끔해서 마음에 들어요",
        "SentimentWord": "5",
        "SentimentPolarity": "1"
      },
      {
        "Aspect": "기능",
        "SentimentText": "화력 또한 세서 더욱 만족 스럽습니다. ",
        "SentimentWord": "6",
        "SentimentPolarity": "1"
      }
    ]
  },
  {
    "Index": "26362",
    "RawText": "포장이 잘 되어 있어 택배 배송중에도 이상없이 와서 만족 합니다. 가격도 저렴한 가격으로 잘 산 것 같아 좋습니다 원터치점화 기능 너무나 마음에 드네요",
    "Source": "쇼핑몰",
    "Domain": "가전",
    "MainCategory": "주방가전",
    "ProductName": "린나이 RTR-M2000",
    "ReviewScore": "5",
    "Syllable": "84",
    "Word": "23",
    "RDate": "20171019",
    "Aspects": [
      {
        "Aspect": "기능",
        "SentimentText": "원터치점화 기능 너무나 마음에 드네요",
        "SentimentWord": "5",
        "SentimentPolarity": "1"
      },
      {
        "Aspect": "가격",
        "SentimentText": "가격도 저렴한 가격으로 잘 산 것 같아 좋습니다",
        "SentimentWord": "8",
        "SentimentPolarity": "1"
      }
    ]
  },
  {
    "Index": "26363",
    "RawText": "디자인은  깔끔하니 이뻐서 마음에 쏙 들어요.생각했던 보다 사이즈가 작은 것 같아 실망입니다.",
    "Source": "쇼핑몰",
    "Domain": "가전",
    "MainCategory": "주방가전",
    "ProductName": "린나이 RTR-M2000",
    "ReviewScore": "5",
    "Syllable": "52",
    "Word": "12",
    "RDate": "20160307",
    "GeneralPolarity": "0",
    "Aspects": [
      {
        "Aspect": "디자인",
        "SentimentText": "디자인은  깔끔하니 이뻐서 마음에 쏙 들어요",
        "SentimentWord": "6",
        "SentimentPolarity": "1"
      },
      {
        "Aspect": "사이즈",
        "SentimentText": "생각했던 보다 사이즈가 작은 것 같아 실망입니다.",
        "SentimentWord": "7",
        "SentimentPolarity": "-1"
      }
    ]
  },
  {
    "Index": "26364",
    "RawText": "배송은 늦었지만 설치 서비스까지 받아 좋았습니다.상품 성능도 나쁘지 않아 만족하고 있습니다. 복잡할것 같아서 걱정했는데 설치하는게 쉽네요.",
    "Source": "쇼핑몰",
    "Domain": "가전",
    "MainCategory": "주방가전",
    "ProductName": "린나이 RTR-M2000",
    "ReviewScore": "5",
    "Syllable": "77",
    "Word": "16",
    "RDate": "20200922",
    "Aspects": [
      {
        "Aspect": "조작성",
        "SentimentText": "복잡할것 같아서 걱정했는데 설치하는게 쉽네요. ",
        "SentimentWord": "5",
        "SentimentPolarity": "1"
      },
      {
        "Aspect": "기능",
        "SentimentText": "상품 성능도 나쁘지 않아 만족하고 있습니다.",
        "SentimentWord": "6",
        "SentimentPolarity": "1"
      }
    ]
  },
  {
    "Index": "26366",
    "RawText": "선물 받으신 분이 디자인  이쁘다고 좋아 하셨습니다. 배송도 빠르게 와서 더욱 만족 하신 것 같습니다.^^ 사이즈가 작아서 공간활용하기에도 좋네요",
    "Source": "쇼핑몰",
    "Domain": "가전",
    "MainCategory": "주방가전",
    "ProductName": "린나이 RTR-M2000",
    "ReviewScore": "5",
    "Syllable": "81",
    "Word": "19",
    "RDate": "20190119",
    "Aspects": [
      {
        "Aspect": "디자인",
        "SentimentText": "선물 받으신 분이 디자인  이쁘다고 좋아 하셨습니다. ",
        "SentimentWord": "7",
        "SentimentPolarity": "1"
      },
      {
        "Aspect": "사이즈",
        "SentimentText": "사이즈가 작아서 공간활용하기에도 좋네요",
        "SentimentWord": "4",
        "SentimentPolarity": "1"
      }
    ]
  },
  {
    "Index": "26367",
    "RawText": "안전 잠금 장치가 있어 사용하기 너무 편해 좋습니다. 근데 디자인이  좀 촌스러워서 실망입니다.  ",
    "Source": "쇼핑몰",
    "Domain": "가전",
    "MainCategory": "주방가전",
    "ProductName": "린나이 RTR-M2000",
    "ReviewScore": "5",
    "Syllable": "55",
    "Word": "13",
    "RDate": "20200901",
    "GeneralPolarity": "0",
    "Aspects": [
      {
        "Aspect": "기능",
        "SentimentText": "안전 잠금 장치가 있어 사용하기 너무 편해 좋습니다.",
        "SentimentWord": "8",
        "SentimentPolarity": "1"
      },
      {
        "Aspect": "디자인",
        "SentimentText": "디자인이  좀 촌스러워서 실망입니다. ",
        "SentimentWord": "4",
        "SentimentPolarity": "-1"
      }
    ]
  },
  {
    "Index": "26368",
    "RawText": "재질이 완전 고급스럽고 튼튼해요! 젤 맘에 드는건 빠른 배송이랑 합리적인 가격이 완전 맘에 들어요",
    "Source": "쇼핑몰",
    "Domain": "가전",
    "MainCategory": "주방가전",
    "ProductName": "린나이 RTR-M2000",
    "ReviewScore": "4",
    "Syllable": "54",
    "Word": "14",
    "RDate": "20160617",
    "Aspects": [
      {
        "Aspect": "소재",
        "SentimentText": "재질이 완전 고급스럽고 튼튼해요!",
        "SentimentWord": "4",
        "SentimentPolarity": "1"
      },
      {
        "Aspect": "가격",
        "SentimentText": "합리적인 가격이 완전 맘에 들어요",
        "SentimentWord": "5",
        "SentimentPolarity": "1"
      }
    ]
  },
  {
    "Index": "26370",
    "RawText": "내구성이 튼튼해 너무나 좋습니다. 저렴한 가격에 구매해서 더욱 만족 합니다. 레트로 감성 디자인이라서 너무 이뻐 좋습니다.하지만 작동법이 익숙지 않아 사용이 어렵네요.안전 장치 기능이 있어 부모님이 쓰기도  좋아요.",
    "Source": "쇼핑몰",
    "Domain": "가전",
    "MainCategory": "주방가전",
    "ProductName": "린나이 RTR-M2000",
    "ReviewScore": "5",
    "Syllable": "120",
    "Word": "27",
    "RDate": "20170131",
    "Aspects": [
      {
        "Aspect": "내구성",
        "SentimentText": "내구성이 튼튼해 너무나 좋습니다.",
        "SentimentWord": "4",
        "SentimentPolarity": "1"
      },
      {
        "Aspect": "가격",
        "SentimentText": "저렴한 가격에 구매해서 더욱 만족 합니다",
        "SentimentWord": "6",
        "SentimentPolarity": "1"
      },
      {
        "Aspect": "디자인",
        "SentimentText": "레트로 감성 디자인이라서 너무 이뻐 좋습니다",
        "SentimentWord": "6",
        "SentimentPolarity": "1"
      },
      {
        "Aspect": "조작성",
        "SentimentText": "작동법이 익숙지 않아 사용이 어렵네요",
        "SentimentWord": "5",
        "SentimentPolarity": "-1"
      },
      {
        "Aspect": "기능",
        "SentimentText": "안전 장치 기능이 있어 부모님이 쓰기도  좋아요.",
        "SentimentWord": "7",
        "SentimentPolarity": "1"
      }
    ]
  },
  {
    "Index": "26371",
    "RawText": "주변에 000제품 평가가 좋아서 구입했는데 저는 그저 그래요 제품은 높이 적당하고 안전장치도 잘되어 있고 센서도 잘 설치되어 있어요",
    "Source": "쇼핑몰",
    "Domain": "가전",
    "MainCategory": "주방가전",
    "ProductName": "린나이 RTR-M2000",
    "ReviewScore": "5",
    "Syllable": "73",
    "Word": "18",
    "RDate": "20210131",
    "GeneralPolarity": "0",
    "Aspects": [
      {
        "Aspect": "제조일/제조사",
        "SentimentText": "주변에 000제품 평가가 좋아서 구입했는데 저는 그저 그래요",
        "SentimentWord": "8",
        "SentimentPolarity": "-1"
      },
      {
        "Aspect": "품질",
        "SentimentText": "제품은 높이 적당하고 안전장치도 잘되어 있고 센서도 잘 설치되어 있어요 ",
        "SentimentWord": "10",
        "SentimentPolarity": "1"
      }
    ]
  },
  {
    "Index": "26372",
    "RawText": "싸게 구입 했는데 기능이 고만고만 해요  불판 위에 냄비 움직이면 고정이 안되니 불안하고 안편해요",
    "Source": "쇼핑몰",
    "Domain": "가전",
    "MainCategory": "주방가전",
    "ProductName": "린나이 심플리 BTF21J",
    "ReviewScore": "5",
    "Syllable": "54",
    "Word": "14",
    "RDate": "20210521",
    "GeneralPolarity": "-1",
    "Aspects": [
      {
        "Aspect": "기능",
        "SentimentText": "싸게 구입 했는데 기능이 고만고만 해요",
        "SentimentWord": "6",
        "SentimentPolarity": "0"
      },
      {
        "Aspect": "조작성",
        "SentimentText": "불판 위에 냄비 움직이면 고정이 안되니 불안하고 안편해요",
        "SentimentWord": "8",
        "SentimentPolarity": "-1"
      }
    ]
  },
  {
    "Index": "26373",
    "RawText": "무게가 가벼워서 좋고 심플하네요 사용해보니 인덕션이 확실히 안전한거 같아요 조작이 왠지 불편해서요",
    "Source": "쇼핑몰",
    "Domain": "가전",
    "MainCategory": "주방가전",
    "ProductName": "린나이 심플리 BTF21J",
    "ReviewScore": "5",
    "Syllable": "54",
    "Word": "12",
    "RDate": "20211213",
    "GeneralPolarity": "0",
    "Aspects": [
      {
        "Aspect": "무게",
        "SentimentText": "무게가 가벼워서 좋고 심플하네요 ",
        "SentimentWord": "4",
        "SentimentPolarity": "1"
      },
      {
        "Aspect": "조작성",
        "SentimentText": "사용해보니 인덕션이 확실히 안전한거 같아요 조작이 왠지 불편해서요",
        "SentimentWord": "8",
        "SentimentPolarity": "-1"
      }
    ]
  },
  {
    "Index": "26374",
    "RawText": "어제 주문하고 오늘 받기 배송이 완전 총알이네요 게다가 가격까지 착하고 모양새도 이쁘니 제맘에 쏙쏙 듭니다",
    "Source": "쇼핑몰",
    "Domain": "가전",
    "MainCategory": "주방가전",
    "ProductName": "린나이 심플리 BTF21J",
    "ReviewScore": "5",
    "Syllable": "59",
    "Word": "15",
    "RDate": "20220120",
    "Aspects": [
      {
        "Aspect": "가격",
        "SentimentText": "게다가 가격까지 착하고",
        "SentimentWord": "3",
        "SentimentPolarity": "1"
      },
      {
        "Aspect": "디자인",
        "SentimentText": "모양새도 이쁘니 제맘에 쏙쏙 듭니다",
        "SentimentWord": "5",
        "SentimentPolarity": "1"
      }
    ]
  },
  {
    "Index": "26375",
    "RawText": "3구 쓰다 2구로 바꿨는데 화력이 장난아니고 짱 좋네요 색상도 맘에 쏙 들고 기능도 다양해서 더더 맘에 들고 대만족입니다",
    "Source": "쇼핑몰",
    "Domain": "가전",
    "MainCategory": "주방가전",
    "ProductName": "린나이 심플리 BTF21J",
    "ReviewScore": "5",
    "Syllable": "67",
    "Word": "18",
    "RDate": "20220329",
    "GeneralPolarity": "1",
    "Aspects": [
      {
        "Aspect": "품질",
        "SentimentText": "3구 쓰다 2구로 바꿨는데 화력이 장난아니고 짱 좋네요",
        "SentimentWord": "8",
        "SentimentPolarity": "1"
      },
      {
        "Aspect": "색상",
        "SentimentText": "색상도 맘에 쏙 들고",
        "SentimentWord": "4",
        "SentimentPolarity": "1"
      },
      {
        "Aspect": "기능",
        "SentimentText": "기능도 다양해서 더더 맘에 들고 대만족입니다",
        "SentimentWord": "6",
        "SentimentPolarity": "1"
      }
    ]
  },
  {
    "Index": "26376",
    "RawText": "색상이 어떨까 고민하다 질럿는데 화면보다 실물이 훨씬 좋네요 배송 기사님도 친철해서 넘 좋아요 가벼운 무게로 쉽게 이동도 가능해요.",
    "Source": "쇼핑몰",
    "Domain": "가전",
    "MainCategory": "주방가전",
    "ProductName": "린나이 심플리 BTF21J",
    "ReviewScore": "5",
    "Syllable": "73",
    "Word": "18",
    "RDate": "20211123",
    "Aspects": [
      {
        "Aspect": "색상",
        "SentimentText": "색상이 어떨까 고민하다 질럿는데 화면보다 실물이 훨씬 좋네요",
        "SentimentWord": "8",
        "SentimentPolarity": "1"
      },
      {
        "Aspect": "무게",
        "SentimentText": "가벼운 무게로 쉽게 이동도 가능해요.",
        "SentimentWord": "5",
        "SentimentPolarity": "1"
      }
    ]
  },
  {
    "Index": "26377",
    "RawText": "평소 갖고 싶었던 000가스렌지라 바로 구입햇는데 짱이에요. 손잡이가 크고 조작하기도 쉽고 색상도 짱 이뻐요 고급져요 게다가 청소하기도 쉽게 되어있고 행사가로 싸게 구입해서 대대만족입니다",
    "Source": "쇼핑몰",
    "Domain": "가전",
    "MainCategory": "주방가전",
    "ProductName": "린나이 심플리 BTF21J",
    "ReviewScore": "5",
    "Syllable": "104",
    "Word": "23",
    "RDate": "20210516",
    "GeneralPolarity": "1",
    "Aspects": [
      {
        "Aspect": "제조일/제조사",
        "SentimentText": "평소 갖고 싶었던 000가스렌지라 바로 구입햇는데 짱이에요.",
        "SentimentWord": "7",
        "SentimentPolarity": "1"
      },
      {
        "Aspect": "조작성",
        "SentimentText": "손잡이가 크고 조작하기도 쉽고",
        "SentimentWord": "4",
        "SentimentPolarity": "1"
      },
      {
        "Aspect": "색상",
        "SentimentText": "색상도 짱 이뻐요 고급져요",
        "SentimentWord": "4",
        "SentimentPolarity": "1"
      },
      {
        "Aspect": "편의성",
        "SentimentText": "게다가 청소하기도 쉽게 되어있고",
        "SentimentWord": "4",
        "SentimentPolarity": "1"
      },
      {
        "Aspect": "가격",
        "SentimentText": "행사가로 싸게 구입해서 대대만족입니다",
        "SentimentWord": "4",
        "SentimentPolarity": "1"
      }
    ]
  },
  {
    "Index": "26378",
    "RawText": "사용해보니 화력도 쎄고 색상도 완전 고급져요 또 배송도 빨라 만족합니다",
    "Source": "쇼핑몰",
    "Domain": "가전",
    "MainCategory": "주방가전",
    "ProductName": "린나이 심플리 BTF21J",
    "ReviewScore": "5",
    "Syllable": "39",
    "Word": "10",
    "RDate": "20201114",
    "Aspects": [
      {
        "Aspect": "품질",
        "SentimentText": "사용해보니 화력도 쎄고",
        "SentimentWord": "3",
        "SentimentPolarity": "1"
      },
      {
        "Aspect": "색상",
        "SentimentText": "색상도 완전 고급져요",
        "SentimentWord": "3",
        "SentimentPolarity": "1"
      }
    ]
  },
  {
    "Index": "26379",
    "RawText": "색깔이 고급져서 선물했는데 넘 만족한대서 저도 좋네요 물건 받침대가 넘 가벼워서 흔들리고 불안해서 아쉽네요",
    "Source": "쇼핑몰",
    "Domain": "가전",
    "MainCategory": "주방가전",
    "ProductName": "린나이 심플리 BTF21J",
    "ReviewScore": "5",
    "Syllable": "59",
    "Word": "14",
    "RDate": "20211031",
    "GeneralPolarity": "0",
    "Aspects": [
      {
        "Aspect": "색상",
        "SentimentText": "색깔이 고급져서 선물했는데 넘 만족한대서 저도 좋네요 ",
        "SentimentWord": "7",
        "SentimentPolarity": "1"
      },
      {
        "Aspect": "무게",
        "SentimentText": "물건 받침대가 넘 가벼워서 흔들리고 불안해서 아쉽네요",
        "SentimentWord": "7",
        "SentimentPolarity": "-1"
      }
    ]
  },
  {
    "Index": "26380",
    "RawText": "조리 후 청소가 간편해서 너무 좋습니다. 화면상은 디자인이 이쁜데 실물은 실망했습니다.",
    "Source": "쇼핑몰",
    "Domain": "가전",
    "MainCategory": "주방가전",
    "ProductName": "린나이 심플리 BTF21J",
    "ReviewScore": "4",
    "Syllable": "48",
    "Word": "11",
    "RDate": "20200130",
    "GeneralPolarity": "0",
    "Aspects": [
      {
        "Aspect": "편의성",
        "SentimentText": "조리 후 청소가 간편해서 너무 좋습니다. ",
        "SentimentWord": "6",
        "SentimentPolarity": "1"
      },
      {
        "Aspect": "디자인",
        "SentimentText": "화면상은 디자인이 이쁜데 실물은 실망했습니다. ",
        "SentimentWord": "5",
        "SentimentPolarity": "-1"
      }
    ]
  },
  {
    "Index": "26381",
    "RawText": "화력이 진짜 미쳤어요 넘 좋은데요 ㅎㅎ 점화 되는 노브가 부드러워서 사용감이 좋아요",
    "Source": "쇼핑몰",
    "Domain": "가전",
    "MainCategory": "주방가전",
    "ProductName": "린나이 심플리 BTF21J",
    "ReviewScore": "5",
    "Syllable": "46",
    "Word": "12",
    "RDate": "20210930",
    "GeneralPolarity": "1",
    "Aspects": [
      {
        "Aspect": "품질",
        "SentimentText": "화력이 진짜 미쳤어요 넘 좋은데요 ㅎㅎ",
        "SentimentWord": "6",
        "SentimentPolarity": "1"
      },
      {
        "Aspect": "조작성",
        "SentimentText": "화 되는 노브가 부드러워서 사용감이 좋아요",
        "SentimentWord": "6",
        "SentimentPolarity": "1"
      }
    ]
  },
  {
    "Index": "26383",
    "RawText": "간편하고 심플한거 원했는데 안성맞춤입니다 모양이 넘 깔끔하니 맘에 쏙 들어요 화면에서 보던 것보다 실제 색깔이 어두운데 더 맘에 들고 좋아요",
    "Source": "쇼핑몰",
    "Domain": "가전",
    "MainCategory": "주방가전",
    "ProductName": "린나이 심플리 BTF21J",
    "ReviewScore": "5",
    "Syllable": "78",
    "Word": "20",
    "RDate": "20210521",
    "GeneralPolarity": "1",
    "Aspects": [
      {
        "Aspect": "편의성",
        "SentimentText": "간편하고 심플한거 원했는데 안성맞춤입니다 ",
        "SentimentWord": "4",
        "SentimentPolarity": "1"
      },
      {
        "Aspect": "디자인",
        "SentimentText": " 모양이 넘 깔끔하니 맘에 쏙 들어요",
        "SentimentWord": "6",
        "SentimentPolarity": "1"
      },
      {
        "Aspect": "색상",
        "SentimentText": "화면에서 보던 것보다 실제 색깔이 어두운데 더 맘에 들고 좋아요",
        "SentimentWord": "10",
        "SentimentPolarity": "1"
      }
    ]
  },
  {
    "Index": "26384",
    "RawText": "색상이 너무 고급지고요 가격도 합리적이게 잘 구입한거 같아요. 2구 양쪽다 화력도 짱이라 너무 마음에 들어요.",
    "Source": "쇼핑몰",
    "Domain": "가전",
    "MainCategory": "주방가전",
    "ProductName": "린나이 심플리 BTF21J",
    "ReviewScore": "5",
    "Syllable": "61",
    "Word": "15",
    "RDate": "20220117",
    "GeneralPolarity": "1",
    "Aspects": [
      {
        "Aspect": "색상",
        "SentimentText": "색상이 너무 고급지고요",
        "SentimentWord": "3",
        "SentimentPolarity": "1"
      },
      {
        "Aspect": "가격",
        "SentimentText": "가격도 합리적이게 잘 구입한거 같아요",
        "SentimentWord": "5",
        "SentimentPolarity": "1"
      },
      {
        "Aspect": "품질",
        "SentimentText": "2구 양쪽다 화력도 짱이라 너무 마음에 들어요.",
        "SentimentWord": "7",
        "SentimentPolarity": "1"
      }
    ]
  },
  {
    "Index": "26386",
    "RawText": "디자인이 예뻐서 주방에도 잘 어울리고 색깔도 은은하니 인테리어 분위기 나서 좋구요. 구성품이 단순해서 좋고 화력이 진짜 최고네요",
    "Source": "쇼핑몰",
    "Domain": "가전",
    "MainCategory": "주방가전",
    "ProductName": "린나이 심플리 BTF21J",
    "ReviewScore": "5",
    "Syllable": "71",
    "Word": "17",
    "RDate": "20210729",
    "GeneralPolarity": "1",
    "Aspects": [
      {
        "Aspect": "디자인",
        "SentimentText": "디자인이 예뻐서 주방에도 잘 어울리고",
        "SentimentWord": "5",
        "SentimentPolarity": "1"
      },
      {
        "Aspect": "색상",
        "SentimentText": "색깔도 은은하니 인테리어 분위기 나서 좋구요.",
        "SentimentWord": "6",
        "SentimentPolarity": "1"
      },
      {
        "Aspect": "제품구성",
        "SentimentText": " 구성품이 단순해서 좋고 ",
        "SentimentWord": "3",
        "SentimentPolarity": "1"
      },
      {
        "Aspect": "품질",
        "SentimentText": "화력이 진짜 최고네요",
        "SentimentWord": "3",
        "SentimentPolarity": "1"
      }
    ]
  },
  {
    "Index": "26387",
    "RawText": "디자인은 이뻐서 좋습니다. 하지만 밑부분 고무 다리가 불량으로 왔는데  검수 확인 못 한 부분 때문에 기분이 별로입니다.",
    "Source": "쇼핑몰",
    "Domain": "가전",
    "MainCategory": "주방가전",
    "ProductName": "린나이 심플리 BTF21J",
    "ReviewScore": "4",
    "Syllable": "67",
    "Word": "17",
    "RDate": "20220810",
    "GeneralPolarity": "0",
    "Aspects": [
      {
        "Aspect": "디자인",
        "SentimentText": "디자인은 이뻐서 좋습니다. ",
        "SentimentWord": "3",
        "SentimentPolarity": "1"
      },
      {
        "Aspect": "품질",
        "SentimentText": "불량으로 왔는데  검수 확인 못 한 부분 때문에 기분이 별로입니다.",
        "SentimentWord": "10",
        "SentimentPolarity": "-1"
      }
    ]
  },
  {
    "Index": "26388",
    "RawText": "디자인 심플하면서 깔끔하고 청소하기도 용이해서 좋아요 근데 익숙하지 않아서인지 불조절하기가 쉽지 않네요",
    "Source": "쇼핑몰",
    "Domain": "가전",
    "MainCategory": "주방가전",
    "ProductName": "린나이 심플리 BTF21J",
    "ReviewScore": "5",
    "Syllable": "57",
    "Word": "12",
    "RDate": "20211225",
    "GeneralPolarity": "0",
    "Aspects": [
      {
        "Aspect": "디자인",
        "SentimentText": "디자인 심플하면서 깔끔하고",
        "SentimentWord": "3",
        "SentimentPolarity": "1"
      },
      {
        "Aspect": "편의성",
        "SentimentText": "청소하기도 용이해서 좋아요 ",
        "SentimentWord": "3",
        "SentimentPolarity": "1"
      },
      {
        "Aspect": "조작성",
        "SentimentText": "근데 익숙하지 않아서인지 불조절하기가 쉽지 않네요",
        "SentimentWord": "6",
        "SentimentPolarity": "-1"
      }
    ]
  },
  {
    "Index": "26389",
    "RawText": "저렴한 가격으로 잘 산 것 같아 만족 합니다. 배송 서비스도 빨라 너무나 좋았습니다  커피브라운색 제품 가장 최애색이라 맘에 쏙 들어요. ",
    "Source": "쇼핑몰",
    "Domain": "가전",
    "MainCategory": "주방가전",
    "ProductName": "린나이 심플리 BTF21J",
    "ReviewScore": "5",
    "Syllable": "77",
    "Word": "20",
    "RDate": "20220812",
    "Aspects": [
      {
        "Aspect": "가격",
        "SentimentText": "저렴한 가격으로 잘 산 것 같아 만족 합니다",
        "SentimentWord": "8",
        "SentimentPolarity": "1"
      },
      {
        "Aspect": "색상",
        "SentimentText": "커피브라운색 제품 가장 최애색이라 맘에 쏙 들어요.",
        "SentimentWord": "7",
        "SentimentPolarity": "1"
      }
    ]
  },
  {
    "Index": "26390",
    "RawText": "지인한테 선물했는데 색깔도 넘 예쁘고 화력도 좋다고 넘 좋대요 배송도 진짜 빨라요",
    "Source": "쇼핑몰",
    "Domain": "가전",
    "MainCategory": "주방가전",
    "ProductName": "린나이 심플리 BTF21J",
    "ReviewScore": "5",
    "Syllable": "45",
    "Word": "12",
    "RDate": "20211217",
    "Aspects": [
      {
        "Aspect": "색상",
        "SentimentText": "색깔도 넘 예쁘고",
        "SentimentWord": "3",
        "SentimentPolarity": "1"
      },
      {
        "Aspect": "품질",
        "SentimentText": "화력도 좋다고 넘 좋대요",
        "SentimentWord": "4",
        "SentimentPolarity": "1"
      }
    ]
  },
  {
    "Index": "26391",
    "RawText": "배송이 빠른데다 상담사도 넘 친절해서 좋아요 색상이 진짜 너무 이쁘구  불이 진짜 세서 넘 맘에 듭니다",
    "Source": "쇼핑몰",
    "Domain": "가전",
    "MainCategory": "주방가전",
    "ProductName": "린나이 심플리 BTF21J",
    "ReviewScore": "5",
    "Syllable": "57",
    "Word": "16",
    "RDate": "20201130",
    "Aspects": [
      {
        "Aspect": "색상",
        "SentimentText": "색상이 진짜 너무 이쁘구",
        "SentimentWord": "4",
        "SentimentPolarity": "1"
      },
      {
        "Aspect": "품질",
        "SentimentText": "불이 진짜 세서 넘 맘에 듭니다",
        "SentimentWord": "6",
        "SentimentPolarity": "1"
      }
    ]
  },
  {
    "Index": "26392",
    "RawText": "배송 빠르게 잘 받아 너무 좋습니다.  화면보다 색상이 더 이뻐서 너무 좋아요 . 조작버튼을 손쉽게 사용할수 있어 좋네요.",
    "Source": "쇼핑몰",
    "Domain": "가전",
    "MainCategory": "주방가전",
    "ProductName": "린나이 심플리 BTF21J",
    "ReviewScore": "5",
    "Syllable": "68",
    "Word": "18",
    "RDate": "20220405",
    "Aspects": [
      {
        "Aspect": "조작성",
        "SentimentText": "조작버튼을 손쉽게 사용할수 있어 좋네요.",
        "SentimentWord": "5",
        "SentimentPolarity": "1"
      },
      {
        "Aspect": "색상",
        "SentimentText": "화면보다 색상이 더 이뻐서 너무 좋아요 . ",
        "SentimentWord": "7",
        "SentimentPolarity": "1"
      }
    ]
  },
  {
    "Index": "26393",
    "RawText": "배송이 완전 빨라 좋아요. 포장도 꼼꼼하니 짱이네요, 사이즈가 작아서 공간을 차지하지 않아 안심이에요. 좋아하는 색으로 선택해서 구매하니 만족도도 상승하구요.",
    "Source": "쇼핑몰",
    "Domain": "가전",
    "MainCategory": "주방가전",
    "ProductName": "린나이 심플리 BTF21J",
    "ReviewScore": "5",
    "Syllable": "88",
    "Word": "19",
    "RDate": "20220516",
    "Aspects": [
      {
        "Aspect": "사이즈",
        "SentimentText": "사이즈가 작아서 공간을 차지하지 않아 안심이에요.",
        "SentimentWord": "6",
        "SentimentPolarity": "1"
      },
      {
        "Aspect": "색상",
        "SentimentText": "좋아하는 색으로 선택해서 구매하니 만족도도 상승하구요.",
        "SentimentWord": "6",
        "SentimentPolarity": "1"
      }
    ]
  },
  {
    "Index": "26395",
    "RawText": "화력이 정말 굿이네요. 설치 기사님 친절한 응대가 너무나 좋았습니다  사은품으로 챙겨준 건전지 너무 감사합니다.  ",
    "Source": "쇼핑몰",
    "Domain": "가전",
    "MainCategory": "주방가전",
    "ProductName": "린나이 심플리 BTF21J",
    "ReviewScore": "5",
    "Syllable": "64",
    "Word": "14",
    "RDate": "20220305",
    "Aspects": [
      {
        "Aspect": "기능",
        "SentimentText": "화력이 정말 굿이네요.",
        "SentimentWord": "3",
        "SentimentPolarity": "1"
      },
      {
        "Aspect": "제품구성",
        "SentimentText": "사은품으로 챙겨준 건전지 너무 감사합니다.",
        "SentimentWord": "5",
        "SentimentPolarity": "1"
      }
    ]
  },
  {
    "Index": "26398",
    "RawText": "제품 포장이 굿! 품질도 화력이 좋고 굿굿! 젤 최신 제조한 상품으로 보내주니 넘 좋고 빠른 배송에 넘 감사요^^",
    "Source": "쇼핑몰",
    "Domain": "가전",
    "MainCategory": "주방가전",
    "ProductName": "린나이 심플리 BTF21J",
    "ReviewScore": "5",
    "Syllable": "63",
    "Word": "18",
    "RDate": "20220111",
    "Aspects": [
      {
        "Aspect": "품질",
        "SentimentText": "품질도 화력이 좋고 굿굿! ",
        "SentimentWord": "4",
        "SentimentPolarity": "1"
      },
      {
        "Aspect": "제조일/제조사",
        "SentimentText": "젤 최신 제조한 상품으로 보내주니 넘 좋고",
        "SentimentWord": "7",
        "SentimentPolarity": "1"
      }
    ]
  },
  {
    "Index": "26399",
    "RawText": "가스설치 기사님까지 불렀는데 불량 상품이 와서 매우 화가 났습니다. 포장 박스 상태는 이상 없는 것 같아 안심 했는데   판매 상품 관리 엉망으로 해서 화가 너무 납니다. 가격도 저렴하게 구매한게 아니라 더욱 속상하네요.",
    "Source": "쇼핑몰",
    "Domain": "가전",
    "MainCategory": "주방가전",
    "ProductName": "린나이 심플리 BTF21J",
    "ReviewScore": "5",
    "Syllable": "123",
    "Word": "32",
    "RDate": "20220129",
    "Aspects": [
      {
        "Aspect": "품질",
        "SentimentText": "불량 상품이 와서 매우 화가 났습니다. ",
        "SentimentWord": "6",
        "SentimentPolarity": "-1"
      },
      {
        "Aspect": "가격",
        "SentimentText": "가격도 저렴하게 구매한게 아니라 더욱 속상하네요.",
        "SentimentWord": "6",
        "SentimentPolarity": "-1"
      }
    ]
  },
  {
    "Index": "26400",
    "RawText": "주문하고 엄청 빨리 도착했어요 완박스로 포장도 넘 깔끔하게 잘 받았구요 근데 제품이 생각보다 넘 가벼워서 고정이 되어도 왠지 불안하네요. 디자인이 너무 취향저격이네요. 사진하고 똑같아서 다행이에요.",
    "Source": "쇼핑몰",
    "Domain": "가전",
    "MainCategory": "주방가전",
    "ProductName": "린나이 심플리 BTF21J",
    "ReviewScore": "5",
    "Syllable": "110",
    "Word": "25",
    "RDate": "20211019",
    "Aspects": [
      {
        "Aspect": "디자인",
        "SentimentText": "디자인이 너무 취향저격이네요. 사진하고 똑같아서 다행이에요.",
        "SentimentWord": "6",
        "SentimentPolarity": "1"
      },
      {
        "Aspect": "무게",
        "SentimentText": "근데 제품이 생각보다 넘 가벼워서 고정이 되어도 왠지 불안하네요.",
        "SentimentWord": "9",
        "SentimentPolarity": "-1"
      }
    ]
  },
  {
    "Index": "26401",
    "RawText": "색깔이 넘 예쁘고 디자인이 진짜 완전 맘에 드네요. 완전 내 스타일!!  화력도 쎄고 다 좋은데 밑 받침대가 넘 부실해서 별로에요",
    "Source": "쇼핑몰",
    "Domain": "가전",
    "MainCategory": "주방가전",
    "ProductName": "린나이 심플리 BTF21J",
    "ReviewScore": "5",
    "Syllable": "72",
    "Word": "20",
    "RDate": "20220304",
    "GeneralPolarity": "1",
    "Aspects": [
      {
        "Aspect": "색상",
        "SentimentText": "색깔이 넘 예쁘고",
        "SentimentWord": "3",
        "SentimentPolarity": "1"
      },
      {
        "Aspect": "디자인",
        "SentimentText": "디자인이 진짜 완전 맘에 드네요",
        "SentimentWord": "5",
        "SentimentPolarity": "1"
      },
      {
        "Aspect": "품질",
        "SentimentText": "화력도 쎄고 다 좋은데 ",
        "SentimentWord": "4",
        "SentimentPolarity": "1"
      },
      {
        "Aspect": "제품구성",
        "SentimentText": "밑 받침대가 넘 부실해서 별로에요",
        "SentimentWord": "5",
        "SentimentPolarity": "-1"
      }
    ]
  }
]