[
  {
    "Index": "33092",
    "RawText": "엄마 혼자 쓰신다고 해서 작은 용량 사드렸는데 사용하기 적당하시데요. 디자인도 귀엽고 이뻐서 엄마가 더 좋아하세요",
    "Source": "쇼핑몰",
    "Domain": "가전",
    "MainCategory": "주방가전",
    "ProductName": "쿠쿠전자 CRP-HQB0310FS 일반구매",
    "ReviewScore": "5",
    "Syllable": "63",
    "Word": "15",
    "RDate": "20210910",
    "GeneralPolarity": "1",
    "Aspects": [
      {
        "Aspect": "용량",
        "SentimentText": "엄마 혼자 쓰신다고 해서 작은 용량 사드렸는데 사용하기 적당하시데요.",
        "SentimentWord": "9",
        "SentimentPolarity": "1"
      },
      {
        "Aspect": "디자인",
        "SentimentText": "디자인도 귀엽고 이뻐서 엄마가 더 좋아하세요 ",
        "SentimentWord": "6",
        "SentimentPolarity": "1"
      }
    ]
  },
  {
    "Index": "33093",
    "RawText": "자취하는 아이 혼자 씁니다. 사이즈도 적당해 혼자 먹을 양만 해서 먹기 좋다고 합니다. 아들 말이 품질도 좋아 자기가 밥해도 엄마가 해주는 밥맛이 난데요~ㅋㅋ",
    "Source": "쇼핑몰",
    "Domain": "가전",
    "MainCategory": "주방가전",
    "ProductName": "쿠쿠전자 CRP-HQB0310FS 일반구매",
    "ReviewScore": "5",
    "Syllable": "88",
    "Word": "23",
    "RDate": "20210911",
    "GeneralPolarity": "1",
    "Aspects": [
      {
        "Aspect": "용량",
        "SentimentText": "사이즈도 적당해 혼자 먹을 양만 해서 먹기 좋다고 합니다. ",
        "SentimentWord": "9",
        "SentimentPolarity": "1"
      },
      {
        "Aspect": "품질",
        "SentimentText": "아들 말이 품질도 좋아 자기가 밥해도 엄마가 해주는 밥맛이 난데요~ㅋㅋ",
        "SentimentWord": "10",
        "SentimentPolarity": "1"
      }
    ]
  },
  {
    "Index": "33096",
    "RawText": "압력 밥솥인데 가격이 아주 착합니다. 기본 기능만 써도 밥 잘 되고 너무 좋아요",
    "Source": "쇼핑몰",
    "Domain": "가전",
    "MainCategory": "주방가전",
    "ProductName": "쿠쿠전자 CRP-HQB0310FS 일반구매",
    "ReviewScore": "5",
    "Syllable": "44",
    "Word": "13",
    "RDate": "20210522",
    "GeneralPolarity": "1",
    "Aspects": [
      {
        "Aspect": "가격",
        "SentimentText": "압력 밥솥인데 가격이 아주 착합니다.  ",
        "SentimentWord": "5",
        "SentimentPolarity": "1"
      },
      {
        "Aspect": "기능",
        "SentimentText": "기본 기능만 써도 밥 잘 되고 너무 좋아요 ",
        "SentimentWord": "8",
        "SentimentPolarity": "1"
      }
    ]
  },
  {
    "Index": "33106",
    "RawText": "역시나 ㅇㅇㅇ 입니다. 쌀만 좋아서도 안되고 밥솥이 별로이면 무용지물일 텐데 이 밥솥은 품질 좋아 아무 쌀로 밥을 해도 밥이 정말 맛있어요.저희 집처럼 2인 가구들이 쓰기 좋은 용량입니다",
    "Source": "쇼핑몰",
    "Domain": "가전",
    "MainCategory": "주방가전",
    "ProductName": "쿠쿠전자 CRP-HQB0310FS 일반구매",
    "ReviewScore": "5",
    "Syllable": "104",
    "Word": "27",
    "RDate": "20201229",
    "GeneralPolarity": "1",
    "Aspects": [
      {
        "Aspect": "제조일/제조사",
        "SentimentText": "역시나 ㅇㅇㅇ 입니다 ",
        "SentimentWord": "3",
        "SentimentPolarity": "1"
      },
      {
        "Aspect": "품질",
        "SentimentText": "이 밥솥은 품질 좋아 아무 쌀로 밥을 해도 밥이 정말 맛있어요",
        "SentimentWord": "11",
        "SentimentPolarity": "1"
      },
      {
        "Aspect": "용량",
        "SentimentText": "저희 집처럼 2인 가구들이 쓰기 좋은 용량입니다",
        "SentimentWord": "7",
        "SentimentPolarity": "1"
      }
    ]
  },
  {
    "Index": "33107",
    "RawText": "디자인은 이뻐서 마음에 들었는데... 밥솥 하단 부분 스티커에서 사람 머리카락이 나왔어요 그러니  ㅇㅇㅇ 실망을 안 할 수 없네요",
    "Source": "쇼핑몰",
    "Domain": "가전",
    "MainCategory": "주방가전",
    "ProductName": "쿠쿠전자 CRP-HQB0310FS 일반구매",
    "ReviewScore": "5",
    "Syllable": "72",
    "Word": "18",
    "RDate": "20210126",
    "GeneralPolarity": "0",
    "Aspects": [
      {
        "Aspect": "디자인",
        "SentimentText": "디자인은 이뻐서 마음에 들었는데... ",
        "SentimentWord": "4",
        "SentimentPolarity": "1"
      },
      {
        "Aspect": "제조일/제조사",
        "SentimentText": "그러니  ㅇㅇㅇ 실망을 안 할 수 없네요",
        "SentimentWord": "7",
        "SentimentPolarity": "-1"
      }
    ]
  },
  {
    "Index": "33109",
    "RawText": "디자인이 아기자기하니 이쁘고 귀여워요. 밥도 맛있고 이래서 역시 ㅇㅇㅇ 하나봐요",
    "Source": "쇼핑몰",
    "Domain": "가전",
    "MainCategory": "주방가전",
    "ProductName": "쿠쿠전자 CRP-HQB0310FS 일반구매",
    "ReviewScore": "5",
    "Syllable": "44",
    "Word": "10",
    "RDate": "20200904",
    "GeneralPolarity": "1",
    "Aspects": [
      {
        "Aspect": "디자인",
        "SentimentText": "디자인이 아기자기하니 이쁘고 귀여워요",
        "SentimentWord": "4",
        "SentimentPolarity": "1"
      },
      {
        "Aspect": "제조일/제조사",
        "SentimentText": "밥도 맛있고 이래서 역시 ㅇㅇㅇ 하나봐요 ",
        "SentimentWord": "6",
        "SentimentPolarity": "1"
      }
    ]
  },
  {
    "Index": "33110",
    "RawText": "1인 가구인 저에게 딱 알맞은 용량입니다! 밥도 빨리 돼서 좋고 사이즈도 작아 자리도 많이 안 차지하네요 굿! 밥맛도 굿!!",
    "Source": "쇼핑몰",
    "Domain": "가전",
    "MainCategory": "주방가전",
    "ProductName": "쿠쿠전자 CRP-HQB0310FS 일반구매",
    "ReviewScore": "5",
    "Syllable": "69",
    "Word": "19",
    "RDate": "20190730",
    "GeneralPolarity": "1",
    "Aspects": [
      {
        "Aspect": "용량",
        "SentimentText": "1인 가구인 저에게 딱 알맞은 용량입니다! ",
        "SentimentWord": "6",
        "SentimentPolarity": "1"
      },
      {
        "Aspect": "시간/속도",
        "SentimentText": " 밥도 빨리 돼서 좋고",
        "SentimentWord": "4",
        "SentimentPolarity": "1"
      },
      {
        "Aspect": "사이즈",
        "SentimentText": "사이즈도 작아 자리도 많이 안 차지하네요 굿!",
        "SentimentWord": "7",
        "SentimentPolarity": "1"
      }
    ]
  },
  {
    "Index": "33112",
    "RawText": "조카 선물로 사줬는데 용량이 작아서 너무 좋다고 합니다. 기능도 큰 밥솥들 처럼 많다고 좋아하네요. 디자인까지 귀엽다고 난리 났어요. 품질도 좋은지 밥도 잘 된데요",
    "Source": "쇼핑몰",
    "Domain": "가전",
    "MainCategory": "주방가전",
    "ProductName": "쿠쿠전자 CRP-HQB0310FS 일반구매",
    "ReviewScore": "5",
    "Syllable": "91",
    "Word": "23",
    "RDate": "20210621",
    "GeneralPolarity": "1",
    "Aspects": [
      {
        "Aspect": "용량",
        "SentimentText": "조카 선물로 사줬는데 용량이 작아서 너무 좋다고 합니다.",
        "SentimentWord": "8",
        "SentimentPolarity": "1"
      },
      {
        "Aspect": "기능",
        "SentimentText": "기능도 큰 밥솥들 처럼 많다고 좋아하네요. ",
        "SentimentWord": "6",
        "SentimentPolarity": "1"
      },
      {
        "Aspect": "디자인",
        "SentimentText": "디자인까지 귀엽다고 난리 났어요",
        "SentimentWord": "4",
        "SentimentPolarity": "1"
      },
      {
        "Aspect": "품질",
        "SentimentText": "품질도 좋은지 밥도 잘 된데요",
        "SentimentWord": "5",
        "SentimentPolarity": "1"
      }
    ]
  },
  {
    "Index": "33116",
    "RawText": "용량 차이 있겠지만 적당히 드시면 3인분 조금 드시면 4인분까지 가능한 용량입니다.ㅎㅎ 성능도 우수해 밥 맛도 정말 꿀맛같아요",
    "Source": "쇼핑몰",
    "Domain": "가전",
    "MainCategory": "주방가전",
    "ProductName": "쿠쿠전자 CRP-HQB0310FS 일반구매",
    "ReviewScore": "5",
    "Syllable": "70",
    "Word": "17",
    "RDate": "20210430",
    "GeneralPolarity": "1",
    "Aspects": [
      {
        "Aspect": "용량",
        "SentimentText": "용량 차이 있겠지만 적당히 드시면 3인분 조금 드시면 4인분까지 가능한 용량입니다.ㅎㅎ",
        "SentimentWord": "11",
        "SentimentPolarity": "1"
      },
      {
        "Aspect": "기능",
        "SentimentText": "성능도 우수해 밥 맛도 정말 꿀맛같아요 ",
        "SentimentWord": "6",
        "SentimentPolarity": "1"
      }
    ]
  },
  {
    "Index": "33127",
    "RawText": "친구 추천으로 밥 맛 좋타고 해서 따라 샀는데 밥 찰지게 잘되니까 정말 맛있네요ㅋㅋ   취사 시간도 길지 않고 빨라  완전 강추입니다",
    "Source": "쇼핑몰",
    "Domain": "가전",
    "MainCategory": "주방가전",
    "ProductName": "쿠쿠전자 CRP-HQB0310FS 일반구매",
    "ReviewScore": "5",
    "Syllable": "74",
    "Word": "20",
    "RDate": "20210130",
    "GeneralPolarity": "1",
    "Aspects": [
      {
        "Aspect": "품질",
        "SentimentText": "친구 추천으로 밥 맛 좋타고 해서 따라 샀는데 밥 찰지게 잘되니까 정말 맛있네요ㅋㅋ  ",
        "SentimentWord": "13",
        "SentimentPolarity": "1"
      },
      {
        "Aspect": "시간/속도",
        "SentimentText": "취사 시간도 길지 않고 빨라  완전 강추입니다 ",
        "SentimentWord": "7",
        "SentimentPolarity": "1"
      }
    ]
  },
  {
    "Index": "33130",
    "RawText": "3인용 짱 귀여워요~ 디자인 이렇게 귀여울 수 있나요? 품질 탓인지 밥도 너무나 맛있어요 배송은 아쉬웠지만 그래도 너무 좋아요",
    "Source": "쇼핑몰",
    "Domain": "가전",
    "MainCategory": "주방가전",
    "ProductName": "쿠쿠전자 CRP-HQB0310FS 일반구매",
    "ReviewScore": "5",
    "Syllable": "70",
    "Word": "18",
    "RDate": "20220223",
    "GeneralPolarity": "1",
    "Aspects": [
      {
        "Aspect": "디자인",
        "SentimentText": "3인용 짱 귀여워요~ 디자인 이렇게 귀여울 수 있나요?",
        "SentimentWord": "8",
        "SentimentPolarity": "1"
      },
      {
        "Aspect": "품질",
        "SentimentText": "품질 탓인지 밥도 너무나 맛있어요",
        "SentimentWord": "5",
        "SentimentPolarity": "1"
      }
    ]
  },
  {
    "Index": "33133",
    "RawText": "3인용이며  충분 할 줄 알고 샀는데 생각보다 너무 작아요.액정 화면이 없어  조작하기도 힘드네요",
    "Source": "쇼핑몰",
    "Domain": "가전",
    "MainCategory": "주방가전",
    "ProductName": "쿠쿠전자 CRP-HQB0310FS 일반구매",
    "ReviewScore": "2",
    "Syllable": "54",
    "Word": "13",
    "RDate": "20210718",
    "GeneralPolarity": "-1",
    "Aspects": [
      {
        "Aspect": "용량",
        "SentimentText": " 3인용이며  충분 할 줄 알고 샀는데 생각보다 너무 작아요 ",
        "SentimentWord": "9",
        "SentimentPolarity": "-1"
      },
      {
        "Aspect": "조작성",
        "SentimentText": "액정 화면이 없어 조작하기도 힘드네요 ",
        "SentimentWord": "5",
        "SentimentPolarity": "-1"
      }
    ]
  },
  {
    "Index": "33135",
    "RawText": "역시 최고에 밥솥은 ㅇㅇㅇ라고 하나봐요  혼자 사용하는데 3인용  적합한 것 같아 샀는데 충분히 쓰네요",
    "Source": "쇼핑몰",
    "Domain": "가전",
    "MainCategory": "주방가전",
    "ProductName": "쿠쿠전자 CRP-HQB0310FS 일반구매",
    "ReviewScore": "5",
    "Syllable": "57",
    "Word": "14",
    "RDate": "20220103",
    "GeneralPolarity": "1",
    "Aspects": [
      {
        "Aspect": "제조일/제조사",
        "SentimentText": "역시 최고에 밥솥은 ㅇㅇㅇ라고 하나봐요",
        "SentimentWord": "5",
        "SentimentPolarity": "1"
      },
      {
        "Aspect": "용량",
        "SentimentText": "혼자 사용하는데 3인용 적합한 것 같아 샀는데 충분히 쓰네요 ",
        "SentimentWord": "9",
        "SentimentPolarity": "1"
      }
    ]
  },
  {
    "Index": "33136",
    "RawText": "크기도 작고 귀여운데  3인분 용량도 충분하게 됩니다 ㅋㅋ 딴 거 필요 없고 기본 기능만으로도 충분한 것 같아요",
    "Source": "쇼핑몰",
    "Domain": "가전",
    "MainCategory": "주방가전",
    "ProductName": "쿠쿠전자 CRP-HQB0310FS 일반구매",
    "ReviewScore": "5",
    "Syllable": "62",
    "Word": "17",
    "RDate": "20200107",
    "GeneralPolarity": "1",
    "Aspects": [
      {
        "Aspect": "용량",
        "SentimentText": "크기도 작고 귀여운데  3인분 용량도 충분하게 됩니다 ㅋㅋ",
        "SentimentWord": "8",
        "SentimentPolarity": "1"
      },
      {
        "Aspect": "기능",
        "SentimentText": "딴 거 필요 없고 기본 기능만으로도 충분한 것 같아요 ",
        "SentimentWord": "9",
        "SentimentPolarity": "1"
      }
    ]
  },
  {
    "Index": "33137",
    "RawText": "용량 크기가 이렇게 적당하고 좋을 수 없어요. 품질 대박 밥도 아주 잘 되 맛도 좋아요.다만 시간 나오는 화면 기능 하나 없는 게 매우 아쉬워요",
    "Source": "쇼핑몰",
    "Domain": "가전",
    "MainCategory": "주방가전",
    "ProductName": "쿠쿠전자 CRP-HQB0310FS 일반구매",
    "ReviewScore": "4",
    "Syllable": "80",
    "Word": "24",
    "RDate": "20200407",
    "GeneralPolarity": "0",
    "Aspects": [
      {
        "Aspect": "용량",
        "SentimentText": "용량 크기가 이렇게 적당하고 좋을 수 없어요. ",
        "SentimentWord": "7",
        "SentimentPolarity": "1"
      },
      {
        "Aspect": "품질",
        "SentimentText": "품질 대박 밥도 아주 잘 되 맛도 좋아요 ",
        "SentimentWord": "8",
        "SentimentPolarity": "1"
      },
      {
        "Aspect": "기능",
        "SentimentText": "다만 시간 나오는 화면 기능 하나 없는 게 매우 아쉬워요",
        "SentimentWord": "10",
        "SentimentPolarity": "-1"
      }
    ]
  },
  {
    "Index": "33140",
    "RawText": "나 혼자산다 1인 사용하기 적당한 용량입니다.ㅋㅋ 배송된 상품도 파손없이 안전하게 잘 와서 좋습니다",
    "Source": "쇼핑몰",
    "Domain": "가전",
    "MainCategory": "주방가전",
    "ProductName": "쿠쿠전자 CRP-HQB0310FS 일반구매",
    "ReviewScore": "5",
    "Syllable": "55",
    "Word": "13",
    "RDate": "20210203",
    "GeneralPolarity": "1",
    "Aspects": [
      {
        "Aspect": "용량",
        "SentimentText": "나 혼자산다 1인 사용하기 적당한 용량입니다.ㅋㅋ",
        "SentimentWord": "6",
        "SentimentPolarity": "1"
      },
      {
        "Aspect": "품질",
        "SentimentText": "상품도 파손없이 안전하게 잘 와서 좋습니다 ",
        "SentimentWord": "6",
        "SentimentPolarity": "1"
      }
    ]
  },
  {
    "Index": "33142",
    "RawText": "화이트 색상 콤팩트해서 이쁩니다. 아쉽게도 시간 표시 기능이 없네요  또한 2인 기준 취사 걸리는 소요시간이 다소 긴 것 별로입니다 ㅠㅠ",
    "Source": "쇼핑몰",
    "Domain": "가전",
    "MainCategory": "주방가전",
    "ProductName": "쿠쿠전자 CRP-HQB0310FS 일반구매",
    "ReviewScore": "3",
    "Syllable": "76",
    "Word": "20",
    "RDate": "20220627",
    "GeneralPolarity": "-1",
    "Aspects": [
      {
        "Aspect": "색상",
        "SentimentText": "화이트 색상 콤팩트해서 이쁩니다. ",
        "SentimentWord": "4",
        "SentimentPolarity": "1"
      },
      {
        "Aspect": "기능",
        "SentimentText": "아쉽게도 시간 표시 기능이 없네요  ",
        "SentimentWord": "5",
        "SentimentPolarity": "-1"
      },
      {
        "Aspect": "시간/속도",
        "SentimentText": "2인 기준 취사 걸리는 소요시간이 다소 긴 것 별로입니다 ㅠㅠ ",
        "SentimentWord": "10",
        "SentimentPolarity": "-1"
      }
    ]
  },
  {
    "Index": "33146",
    "RawText": "밥솥 역시 ㅇㅇㅇ  입니다. 여기에서 할인 폭 큰 쿠폰까지 줘서 정말 좋은 가격에 구매했습니다",
    "Source": "쇼핑몰",
    "Domain": "가전",
    "MainCategory": "주방가전",
    "ProductName": "쿠쿠전자 CRP-HWF1060FB 일반구매",
    "ReviewScore": "5",
    "Syllable": "52",
    "Word": "14",
    "RDate": "20200519",
    "GeneralPolarity": "1",
    "Aspects": [
      {
        "Aspect": "제조일/제조사",
        "SentimentText": "밥솥 역시 ㅇㅇㅇ  입니다. ",
        "SentimentWord": "4",
        "SentimentPolarity": "1"
      },
      {
        "Aspect": "가격",
        "SentimentText": "여기에서 할인 폭 큰 쿠폰까지 줘서 정말 좋은 가격에 구매했습니다  ",
        "SentimentWord": "10",
        "SentimentPolarity": "1"
      }
    ]
  },
  {
    "Index": "33147",
    "RawText": "어머니가 쓰신다고 해서 보내드렸어요. 조작법도 단순해 어른들이 쓰기에도  문제 없어요  가격까지 저렴하게 샀다고 어머니가 칭찬까지 해 주시네요",
    "Source": "쇼핑몰",
    "Domain": "가전",
    "MainCategory": "주방가전",
    "ProductName": "쿠쿠전자 CRP-HWF1060FB 일반구매",
    "ReviewScore": "5",
    "Syllable": "79",
    "Word": "17",
    "RDate": "20200910",
    "GeneralPolarity": "1",
    "Aspects": [
      {
        "Aspect": "조작성",
        "SentimentText": "조작법도 단순해 어른들이 쓰기에도  문제없어요  ",
        "SentimentWord": "5",
        "SentimentPolarity": "1"
      },
      {
        "Aspect": "가격",
        "SentimentText": "가격까지 저렴하게 샀다고 어머니가 칭찬까지 해 주시네요 ",
        "SentimentWord": "7",
        "SentimentPolarity": "1"
      }
    ]
  },
  {
    "Index": "33151",
    "RawText": "처음 물건 받으니 냄새가 나서 스팀세척 기능으로 세척하니 냄새도 안 나고 밥도 맛있어요. 근데 볼륨 조절 기능도 안되고 밝기 조절 기능도 안 되는 것은 매우 아쉽습니다. 그나마 품질은 좋아 밥맛은 아주 훌륭합니다",
    "Source": "쇼핑몰",
    "Domain": "가전",
    "MainCategory": "주방가전",
    "ProductName": "쿠쿠전자 CRP-HWF1060FB 일반구매",
    "ReviewScore": "5",
    "Syllable": "118",
    "Word": "32",
    "RDate": "20201030",
    "GeneralPolarity": "0",
    "Aspects": [
      {
        "Aspect": "기능",
        "SentimentText": "처음 물건 받으니 냄새가 나서 스팀세척 기능으로 세척하니 냄새도 안 나고 밥도 맛있어요. ",
        "SentimentWord": "13",
        "SentimentPolarity": "1"
      },
      {
        "Aspect": "기능",
        "SentimentText": "근데 볼륨 조절 기능도 안되고 밝기 조절 기능도 안 되는 것은 매우 아쉽습니다. ",
        "SentimentWord": "13",
        "SentimentPolarity": "-1"
      },
      {
        "Aspect": "품질",
        "SentimentText": "그나마 품질은 좋아 밥맛은 아주 훌륭합니다",
        "SentimentWord": "6",
        "SentimentPolarity": "1"
      }
    ]
  },
  {
    "Index": "33154",
    "RawText": "10년 만에 같은 브랜드밥솥으로 교체하는데 이번에도 디자인 고급지고 멋지네요. 탄탄해 보이는 내구성이 아주 마음에 들어요",
    "Source": "쇼핑몰",
    "Domain": "가전",
    "MainCategory": "주방가전",
    "ProductName": "쿠쿠전자 CRP-HWF1060FB 일반구매",
    "ReviewScore": "4",
    "Syllable": "67",
    "Word": "15",
    "RDate": "20200401",
    "GeneralPolarity": "1",
    "Aspects": [
      {
        "Aspect": "디자인",
        "SentimentText": " 디자인 고급 지고 멋지네요.",
        "SentimentWord": "4",
        "SentimentPolarity": "1"
      },
      {
        "Aspect": "내구성",
        "SentimentText": " 탄탄해 보이는 내구성이 아주 마음에 들어요",
        "SentimentWord": "6",
        "SentimentPolarity": "1"
      }
    ]
  },
  {
    "Index": "33156",
    "RawText": "14년 쓰던 밥솥에서 새로 바꿨는데  가격도 무난한 금액대로 사서 부담도 없었어요. 기능도 그런대로 사용하긴 편한것 같아요.  ",
    "Source": "쇼핑몰",
    "Domain": "가전",
    "MainCategory": "주방가전",
    "ProductName": "쿠쿠전자 CRP-HWF1060FB 일반구매",
    "ReviewScore": "5",
    "Syllable": "71",
    "Word": "16",
    "RDate": "20220215",
    "GeneralPolarity": "1",
    "Aspects": [
      {
        "Aspect": "가격",
        "SentimentText": "가격도 무난한 금액대로 사서 부담도 없었어요. ",
        "SentimentWord": "6",
        "SentimentPolarity": "1"
      },
      {
        "Aspect": "기능",
        "SentimentText": "기능도 그런대로 사용하긴 편한것 같아요. ",
        "SentimentWord": "5",
        "SentimentPolarity": "0"
      }
    ]
  },
  {
    "Index": "33158",
    "RawText": "가격대비 최고 만족스러운 제품입니다! 실제 디자인은 더 고급스럽네요! 구수한 밥맛 기능도 좋아 맛있게 잘 지어집니다!",
    "Source": "쇼핑몰",
    "Domain": "가전",
    "MainCategory": "주방가전",
    "ProductName": "쿠쿠전자 CRP-HWF1060FB 일반구매",
    "ReviewScore": "5",
    "Syllable": "65",
    "Word": "15",
    "RDate": "20200312",
    "GeneralPolarity": "1",
    "Aspects": [
      {
        "Aspect": "가격",
        "SentimentText": "가격대비 최고 만족스러운 제품입니다!",
        "SentimentWord": "4",
        "SentimentPolarity": "1"
      },
      {
        "Aspect": "디자인",
        "SentimentText": "실제 디자인은 더 고급스럽네요!",
        "SentimentWord": "4",
        "SentimentPolarity": "1"
      },
      {
        "Aspect": "기능",
        "SentimentText": "구수한 밥맛 기능도 좋아 맛있게 잘 지어집니다!",
        "SentimentWord": "7",
        "SentimentPolarity": "1"
      }
    ]
  },
  {
    "Index": "33160",
    "RawText": "합리적인 가격에 강력 추천드려요 다양한 메뉴얼 기능 좋네요 음성지원도 되니 너무 마음에 듭니다  성능도 좋아 밥도 맛있고 모두 만족합니다",
    "Source": "쇼핑몰",
    "Domain": "가전",
    "MainCategory": "주방가전",
    "ProductName": "쿠쿠전자 CRP-HWF1060FB 일반구매",
    "ReviewScore": "5",
    "Syllable": "76",
    "Word": "19",
    "RDate": "20220706",
    "GeneralPolarity": "1",
    "Aspects": [
      {
        "Aspect": "가격",
        "SentimentText": "합리적인 가격에 강력 추천드려요 ",
        "SentimentWord": "4",
        "SentimentPolarity": "1"
      },
      {
        "Aspect": "기능",
        "SentimentText": "다양한 메뉴얼 기능 좋네요",
        "SentimentWord": "4",
        "SentimentPolarity": "1"
      },
      {
        "Aspect": "편의성",
        "SentimentText": "음성지원도 되니 너무 마음에 듭니다 ",
        "SentimentWord": "5",
        "SentimentPolarity": "1"
      },
      {
        "Aspect": "기능",
        "SentimentText": "성능도 좋아 밥도 맛있고 모두 만족합니다",
        "SentimentWord": "6",
        "SentimentPolarity": "1"
      }
    ]
  },
  {
    "Index": "33161",
    "RawText": "가성비 최고 좋습니다  000하면 밥솥으로 알아주잖아요. ㅎㅎ 에너지 효울 1등급이라 다시 환급도 받을수 있고 진짜  잘 샀어요.",
    "Source": "쇼핑몰",
    "Domain": "가전",
    "MainCategory": "주방가전",
    "ProductName": "쿠쿠전자 CRP-HWF1060FB 일반구매",
    "ReviewScore": "5",
    "Syllable": "72",
    "Word": "17",
    "RDate": "20200925",
    "GeneralPolarity": "1",
    "Aspects": [
      {
        "Aspect": "가격",
        "SentimentText": "가성비 최고 좋습니다",
        "SentimentWord": "3",
        "SentimentPolarity": "1"
      },
      {
        "Aspect": "제조일/제조사",
        "SentimentText": "000하면 밥솥으로 알아주잖아요. ㅎㅎ",
        "SentimentWord": "4",
        "SentimentPolarity": "1"
      },
      {
        "Aspect": "소비전력",
        "SentimentText": "에너지 효울 1등급이라 다시 환급도 받을수 있고 진짜  잘 샀어요.",
        "SentimentWord": "10",
        "SentimentPolarity": "1"
      }
    ]
  },
  {
    "Index": "33165",
    "RawText": "000으로 최저가로 구입했어요 사진으로 보는것보다 실제 색상이 훨씬 고급지고 예뻐요 무쇠 가마솥 밥 맛이 참 좋습니다",
    "Source": "쇼핑몰",
    "Domain": "가전",
    "MainCategory": "주방가전",
    "ProductName": "쿠쿠전자 CRP-HWF1060FB 일반구매",
    "ReviewScore": "4",
    "Syllable": "65",
    "Word": "16",
    "RDate": "20201215",
    "GeneralPolarity": "1",
    "Aspects": [
      {
        "Aspect": "가격",
        "SentimentText": "000으로 최저가로 구입했어요",
        "SentimentWord": "3",
        "SentimentPolarity": "1"
      },
      {
        "Aspect": "색상",
        "SentimentText": "실제 색상이 훨씬 고급지고 예뻐요",
        "SentimentWord": "5",
        "SentimentPolarity": "1"
      },
      {
        "Aspect": "기능",
        "SentimentText": "무쇠 가마솥 밥 맛이 참 좋습니다",
        "SentimentWord": "6",
        "SentimentPolarity": "1"
      }
    ]
  },
  {
    "Index": "33168",
    "RawText": "디자인이 너무 고급지고 예뻐서 맘에 들어요  IH밥솥으론 최고 저렴한 가격대라 더 만족합니다~  성능도 좋아 밥도 맛있고 너무 너무 좋네여^^",
    "Source": "쇼핑몰",
    "Domain": "가전",
    "MainCategory": "주방가전",
    "ProductName": "쿠쿠전자 CRP-HWF1060FB 일반구매",
    "ReviewScore": "5",
    "Syllable": "79",
    "Word": "19",
    "RDate": "20200229",
    "GeneralPolarity": "1",
    "Aspects": [
      {
        "Aspect": "디자인",
        "SentimentText": "디자인이 너무 고급지고 예뻐서 맘에 들어요",
        "SentimentWord": "6",
        "SentimentPolarity": "1"
      },
      {
        "Aspect": "가격",
        "SentimentText": " IH밥솥으론 최고 저렴한 가격대라 더 만족합니다~ ",
        "SentimentWord": "6",
        "SentimentPolarity": "1"
      },
      {
        "Aspect": "품질",
        "SentimentText": "성능도 좋아 밥도 맛있고 너무 너무 좋네여^^",
        "SentimentWord": "7",
        "SentimentPolarity": "1"
      }
    ]
  },
  {
    "Index": "33169",
    "RawText": "디자인이 너무 예쁘네요 기존거가 작아서 조금 큰사이즈로 바꿨는데 용량이 넉넉하니 마음에 들어요. 잘 샀어요 고압기능에 맛있게 밥이 되니 더 좋아요~^^",
    "Source": "쇼핑몰",
    "Domain": "가전",
    "MainCategory": "주방가전",
    "ProductName": "쿠쿠전자 CRP-HWF1060FB 일반구매",
    "ReviewScore": "5",
    "Syllable": "84",
    "Word": "20",
    "RDate": "20191018",
    "GeneralPolarity": "1",
    "Aspects": [
      {
        "Aspect": "디자인",
        "SentimentText": "디자인이 너무 예쁘네요",
        "SentimentWord": "3",
        "SentimentPolarity": "1"
      },
      {
        "Aspect": "용량",
        "SentimentText": "기존거가 작아서 조금 큰사이즈로 바꿨는데 용량이 넉넉하니 마음에 들어요. 잘 샀어요",
        "SentimentWord": "11",
        "SentimentPolarity": "1"
      },
      {
        "Aspect": "기능",
        "SentimentText": "고압기능에 맛있게 밥이 되니 더 좋아요~^^",
        "SentimentWord": "6",
        "SentimentPolarity": "1"
      }
    ]
  },
  {
    "Index": "33170",
    "RawText": "디자인이 예쁘니 잘 샀다는 생각에 흐뭇합니다. 밥도 찰지게 맛있게 잘되고 흥이 납니다~^^ 가격도 저렴하게 잘샀고~ 좋은 제품에 감사드려요.",
    "Source": "쇼핑몰",
    "Domain": "가전",
    "MainCategory": "주방가전",
    "ProductName": "쿠쿠전자 CRP-HWF1060FB 일반구매",
    "ReviewScore": "5",
    "Syllable": "78",
    "Word": "18",
    "RDate": "20210624",
    "GeneralPolarity": "1",
    "Aspects": [
      {
        "Aspect": "디자인",
        "SentimentText": "디자인이 예쁘니 잘 샀다는 생각에 흐뭇합니다.",
        "SentimentWord": "6",
        "SentimentPolarity": "1"
      },
      {
        "Aspect": "기능",
        "SentimentText": "밥도 찰지게 맛있게 잘되고 흥이 납니다~^^ ",
        "SentimentWord": "6",
        "SentimentPolarity": "1"
      },
      {
        "Aspect": "가격",
        "SentimentText": "가격도 저렴하게 잘샀고~",
        "SentimentWord": "3",
        "SentimentPolarity": "1"
      },
      {
        "Aspect": "품질",
        "SentimentText": "좋은 제품에 감사드려요.",
        "SentimentWord": "3",
        "SentimentPolarity": "1"
      }
    ]
  },
  {
    "Index": "33172",
    "RawText": "우선 세련되고 멋진 디자인에 반했어요.. 가격대비 준수한 제품이구요 밥 짓는기능도 다양하니 마음에 듭니다.  고열에 밥도 잘되니 최고 만족합니다.  많이 파세요.",
    "Source": "쇼핑몰",
    "Domain": "가전",
    "MainCategory": "주방가전",
    "ProductName": "쿠쿠전자 CRP-HWF1060FB 일반구매",
    "ReviewScore": "4",
    "Syllable": "90",
    "Word": "20",
    "RDate": "20200327",
    "GeneralPolarity": "1",
    "Aspects": [
      {
        "Aspect": "디자인",
        "SentimentText": "우선 세련되고 멋진 디자인에 반했어요.. ",
        "SentimentWord": "5",
        "SentimentPolarity": "1"
      },
      {
        "Aspect": "가격",
        "SentimentText": "가격대비 준수한 제품이구요",
        "SentimentWord": "3",
        "SentimentPolarity": "1"
      },
      {
        "Aspect": "기능",
        "SentimentText": "밥 짓는기능도 다양하니 마음에 듭니다. ",
        "SentimentWord": "5",
        "SentimentPolarity": "1"
      },
      {
        "Aspect": "품질",
        "SentimentText": "고열에 밥도 잘되니 최고 만족합니다.  많이 파세요.",
        "SentimentWord": "7",
        "SentimentPolarity": "1"
      }
    ]
  },
  {
    "Index": "33173",
    "RawText": "화면 디자인 사진보다 실물 깡패입니다~ 에너지효율 등급 또한 1등급이라  최고예요!",
    "Source": "쇼핑몰",
    "Domain": "가전",
    "MainCategory": "주방가전",
    "ProductName": "쿠쿠전자 CRP-HWF1060FB 일반구매",
    "ReviewScore": "5",
    "Syllable": "46",
    "Word": "10",
    "RDate": "20201001",
    "GeneralPolarity": "1",
    "Aspects": [
      {
        "Aspect": "디자인",
        "SentimentText": "화면 디자인 사진보다 실물 깡패입니다~",
        "SentimentWord": "5",
        "SentimentPolarity": "1"
      },
      {
        "Aspect": "소비전력",
        "SentimentText": "에너지효율 등급 또한 1등급이라  최고예요!  ",
        "SentimentWord": "5",
        "SentimentPolarity": "1"
      }
    ]
  },
  {
    "Index": "33175",
    "RawText": "모양은 말해 모해 너무 이뻐요. 사용법도 간편해서 쓰기 편하고  성능도 좋아 밥도 꿀맛이 따로 없어요 .ㅇㅇㅇ를 너무  신뢰하는 브랜드 입니다",
    "Source": "쇼핑몰",
    "Domain": "가전",
    "MainCategory": "주방가전",
    "ProductName": "쿠쿠전자 CRP-HWF1060FB 일반구매",
    "ReviewScore": "5",
    "Syllable": "79",
    "Word": "20",
    "RDate": "20201214",
    "GeneralPolarity": "1",
    "Aspects": [
      {
        "Aspect": "디자인",
        "SentimentText": "모양은 말해 모해 너무 이뻐요.",
        "SentimentWord": "5",
        "SentimentPolarity": "1"
      },
      {
        "Aspect": "조작성",
        "SentimentText": " 사용법도 간편해서 쓰기 편하고",
        "SentimentWord": "4",
        "SentimentPolarity": "1"
      },
      {
        "Aspect": "기능",
        "SentimentText": "성능도 좋아 밥도 꿀맛이 따로 없어요.",
        "SentimentWord": "6",
        "SentimentPolarity": "1"
      },
      {
        "Aspect": "제조일/제조사",
        "SentimentText": "ㅇㅇㅇ를 너무  신뢰하는 브랜드 입니다  ",
        "SentimentWord": "5",
        "SentimentPolarity": "1"
      }
    ]
  },
  {
    "Index": "33176",
    "RawText": "무쇠솥밥 기능으로 밥을 하면 밥이 정말 맛있어요. 디자인까지 너무 이쁘게 잘 빠졌고 심플합니다.",
    "Source": "쇼핑몰",
    "Domain": "가전",
    "MainCategory": "주방가전",
    "ProductName": "쿠쿠전자 CRP-HWF1060FB 일반구매",
    "ReviewScore": "5",
    "Syllable": "53",
    "Word": "13",
    "RDate": "20200728",
    "GeneralPolarity": "1",
    "Aspects": [
      {
        "Aspect": "기능",
        "SentimentText": "무쇠솥밥 기능으로 밥을 하면 밥이 정말 맛있어요",
        "SentimentWord": "7",
        "SentimentPolarity": "1"
      },
      {
        "Aspect": "디자인",
        "SentimentText": "디자인까지 너무 이쁘게 잘 빠졌고 심플합니다.",
        "SentimentWord": "6",
        "SentimentPolarity": "1"
      }
    ]
  },
  {
    "Index": "33177",
    "RawText": "상품에 하자가 있었는데 큰 문제가 아니라서 잘 해결 후 밥맛 좋아졌습니다  쇼핑몰에서 할인 혜택 받아 저렴하게 밥솥 잘 구매 했어요",
    "Source": "쇼핑몰",
    "Domain": "가전",
    "MainCategory": "주방가전",
    "ProductName": "쿠쿠전자 CRP-HWF1060FB 일반구매",
    "ReviewScore": "5",
    "Syllable": "73",
    "Word": "20",
    "RDate": "20200606",
    "GeneralPolarity": "1",
    "Aspects": [
      {
        "Aspect": "품질",
        "SentimentText": "상품에 하자가 있었는데 큰 문제가 아니라서 잘 해결 후 밥맛 좋아졌습니다",
        "SentimentWord": "11",
        "SentimentPolarity": "1"
      },
      {
        "Aspect": "가격",
        "SentimentText": "쇼핑몰에서 할인 혜택 받아 저렴하게 밥솥 잘 구매 했어요",
        "SentimentWord": "9",
        "SentimentPolarity": "1"
      }
    ]
  },
  {
    "Index": "33178",
    "RawText": "받자마자 오픈해 보니 디자인이 참 단정하니 세련됐어요 음성안내 기능까지 있는 모델이라서 너무나 반가웠습니다. 밥도 역시 너무나 맛있게 잘 지어지네요~대박품질",
    "Source": "쇼핑몰",
    "Domain": "가전",
    "MainCategory": "주방가전",
    "ProductName": "쿠쿠전자 CRP-HWF1060FB 일반구매",
    "ReviewScore": "4",
    "Syllable": "87",
    "Word": "19",
    "RDate": "20220615",
    "GeneralPolarity": "1",
    "Aspects": [
      {
        "Aspect": "디자인",
        "SentimentText": "받자마자 오픈해 보니 디자인이 참 단정하니 세련됐어요",
        "SentimentWord": "7",
        "SentimentPolarity": "1"
      },
      {
        "Aspect": "기능",
        "SentimentText": "음성안내 기능까지 있는 모델이라서 너무나 반가웠습니다.",
        "SentimentWord": "6",
        "SentimentPolarity": "1"
      },
      {
        "Aspect": "품질",
        "SentimentText": " 밥도 역시 너무나 맛있게 잘 지어지네요~대박품질",
        "SentimentWord": "6",
        "SentimentPolarity": "1"
      }
    ]
  },
  {
    "Index": "33179",
    "RawText": "성능이 좋아 밥은 너무 잘 지어집니다. 잡곡으로 취사하면 시간이 좀 오래 걸려  좀 아쉬워요",
    "Source": "쇼핑몰",
    "Domain": "가전",
    "MainCategory": "주방가전",
    "ProductName": "쿠쿠전자 CRP-HWF1060FB 일반구매",
    "ReviewScore": "5",
    "Syllable": "51",
    "Word": "14",
    "RDate": "20210408",
    "GeneralPolarity": "0",
    "Aspects": [
      {
        "Aspect": "기능",
        "SentimentText": "성능이 좋아 밥은 너무 잘 지어집니다 ",
        "SentimentWord": "6",
        "SentimentPolarity": "1"
      },
      {
        "Aspect": "시간/속도",
        "SentimentText": "잡곡으로 취사하면 시간이 좀 오래 걸려  좀 아쉬워요 ",
        "SentimentWord": "8",
        "SentimentPolarity": "-1"
      }
    ]
  },
  {
    "Index": "33180",
    "RawText": "밥맛 꿀맛~ 음성 안내 기능이 있어 너무 편하고 내솥도 전에 사용하던 제품보다 가벼워 살 것 같아요~ 완전 강추",
    "Source": "쇼핑몰",
    "Domain": "가전",
    "MainCategory": "주방가전",
    "ProductName": "쿠쿠전자 CRP-HWF1060FB 일반구매",
    "ReviewScore": "5",
    "Syllable": "62",
    "Word": "18",
    "RDate": "20190826",
    "GeneralPolarity": "1",
    "Aspects": [
      {
        "Aspect": "기능",
        "SentimentText": "음성 안내 기능이 있어 너무 편하고 ",
        "SentimentWord": "6",
        "SentimentPolarity": "1"
      },
      {
        "Aspect": "무게",
        "SentimentText": "내솥도 전에 사용하던 제품보다 가벼워 살 것 같아요~ 완전 강추",
        "SentimentWord": "10",
        "SentimentPolarity": "1"
      }
    ]
  },
  {
    "Index": "33183",
    "RawText": "고품격 디자인을 가진 밥솥이네요.   밥도 세상에나 너무 찰지고 맛이 좋아요 품질 갑!",
    "Source": "쇼핑몰",
    "Domain": "가전",
    "MainCategory": "주방가전",
    "ProductName": "쿠쿠전자 CRP-HWF1060FB 일반구매",
    "ReviewScore": "5",
    "Syllable": "48",
    "Word": "12",
    "RDate": "20200614",
    "GeneralPolarity": "1",
    "Aspects": [
      {
        "Aspect": "디자인",
        "SentimentText": "고품격 디자인을 가진 밥솥이네요 ",
        "SentimentWord": "4",
        "SentimentPolarity": "1"
      },
      {
        "Aspect": "품질",
        "SentimentText": " 밥도 세상에나 너무 찰지고 맛이 좋아요 품질 갑!",
        "SentimentWord": "8",
        "SentimentPolarity": "1"
      }
    ]
  },
  {
    "Index": "33184",
    "RawText": "밥솥 바꾸고 나서 가족들이 밥이 맛있다고 다들 칭찬합니다. 저렴한 금액대 엄청 찾았는데 여기 쇼핑몰에서 완전 합리적인 가격으로 잘 샀어요!",
    "Source": "쇼핑몰",
    "Domain": "가전",
    "MainCategory": "주방가전",
    "ProductName": "쿠쿠전자 CRP-HWF1060FB 일반구매",
    "ReviewScore": "5",
    "Syllable": "77",
    "Word": "19",
    "RDate": "20201206",
    "GeneralPolarity": "1",
    "Aspects": [
      {
        "Aspect": "품질",
        "SentimentText": "밥솥 바꾸고 나서 가족들이 밥이 맛있다고 다들 칭찬합니다. ",
        "SentimentWord": "8",
        "SentimentPolarity": "1"
      },
      {
        "Aspect": "가격",
        "SentimentText": " 여기 쇼핑몰에서 완전 합리적인 가격으로 잘 샀어요! ",
        "SentimentWord": "7",
        "SentimentPolarity": "1"
      }
    ]
  },
  {
    "Index": "33185",
    "RawText": "밥솥하면 000라 믿고 샀어요~^^ 배송 받고 세척한번 했어요. 다음 아침에 밥을 했는데 찰지게 맛있게 잘 되어서 만족합니다",
    "Source": "쇼핑몰",
    "Domain": "가전",
    "MainCategory": "주방가전",
    "ProductName": "쿠쿠전자 CRP-HWF1060FB 일반구매",
    "ReviewScore": "5",
    "Syllable": "69",
    "Word": "17",
    "RDate": "20201218",
    "GeneralPolarity": "1",
    "Aspects": [
      {
        "Aspect": "제조일/제조사",
        "SentimentText": "밥솥하면 000라 믿고 샀어요~^^ ",
        "SentimentWord": "4",
        "SentimentPolarity": "1"
      },
      {
        "Aspect": "기능",
        "SentimentText": " 아침에 밥을 했는데 찰지게 맛있게 잘 되어서 만족합니다",
        "SentimentWord": "8",
        "SentimentPolarity": "1"
      }
    ]
  },
  {
    "Index": "33187",
    "RawText": "무쇠솥이 밥을 찰지게 맛있게 지어줘서 좋네요~ 조금 아쉽다면 기능에 대한 설명이 상품 설명서에 제대로 나와있지 않네요..ㅠㅠ",
    "Source": "쇼핑몰",
    "Domain": "가전",
    "MainCategory": "주방가전",
    "ProductName": "쿠쿠전자 CRP-HWF1060FB 일반구매",
    "ReviewScore": "5",
    "Syllable": "69",
    "Word": "16",
    "RDate": "20191028",
    "GeneralPolarity": "0",
    "Aspects": [
      {
        "Aspect": "소재",
        "SentimentText": "무쇠솥이 밥을 찰지게 맛있게 지어줘서 좋네요~",
        "SentimentWord": "6",
        "SentimentPolarity": "1"
      },
      {
        "Aspect": "제품구성",
        "SentimentText": "조금 아쉽다면 기능에 대한 설명이 상품 설명서에 제대로 나와있지 않네요..ㅠㅠ",
        "SentimentWord": "10",
        "SentimentPolarity": "-1"
      }
    ]
  },
  {
    "Index": "33188",
    "RawText": "성능이 좋아 밥도 잘되고 너무 마음에 듭니다. 망설이다 구매했는데 가격대비 잘 샀어요. 자동세척모드에 청결하게 사용할수 있고 편리하니 더 좋아요 액정화면도  밝아 알아보기 편하구요",
    "Source": "쇼핑몰",
    "Domain": "가전",
    "MainCategory": "주방가전",
    "ProductName": "쿠쿠전자 CRP-HWF1060FB 일반구매",
    "ReviewScore": "5",
    "Syllable": "100",
    "Word": "23",
    "RDate": "20210512",
    "GeneralPolarity": "1",
    "Aspects": [
      {
        "Aspect": "기능",
        "SentimentText": "성능이 좋아 밥도 잘되고 너무 마음에 듭니다. ",
        "SentimentWord": "7",
        "SentimentPolarity": "1"
      },
      {
        "Aspect": "가격",
        "SentimentText": "망설이다 구매했는데 가격대비 잘 샀어요. ",
        "SentimentWord": "5",
        "SentimentPolarity": "1"
      },
      {
        "Aspect": "편의성",
        "SentimentText": "자동세척모드에 청결하게 사용할수 있고 편리하니 더 좋아요",
        "SentimentWord": "7",
        "SentimentPolarity": "1"
      },
      {
        "Aspect": "편의성",
        "SentimentText": "액정화면도  밝아 알아보기 편하구요",
        "SentimentWord": "4",
        "SentimentPolarity": "1"
      }
    ]
  },
  {
    "Index": "33194",
    "RawText": "배송도 빠르게 잘 받았고 무엇보다 저렴한 가격에 더 만족스럽습니다. 거기다 디자인까지 고급지니 두말할것 없이 마음에 쏙~들구요.  확실히 무쇠솥 밥맛이 다르네요. 최고예요",
    "Source": "쇼핑몰",
    "Domain": "가전",
    "MainCategory": "주방가전",
    "ProductName": "쿠쿠전자 CRP-HWF1060FB 일반구매",
    "ReviewScore": "5",
    "Syllable": "95",
    "Word": "21",
    "RDate": "20200120",
    "GeneralPolarity": "1",
    "Aspects": [
      {
        "Aspect": "가격",
        "SentimentText": "저렴한 가격에 더 만족스럽습니다. ",
        "SentimentWord": "4",
        "SentimentPolarity": "1"
      },
      {
        "Aspect": "디자인",
        "SentimentText": "디자인까지 고급지니 두말할것 없이 마음에 쏙~들구요. ",
        "SentimentWord": "6",
        "SentimentPolarity": "1"
      },
      {
        "Aspect": "소재",
        "SentimentText": "확실히 무쇠솥 밥맛이 다르네요. 최고예요",
        "SentimentWord": "5",
        "SentimentPolarity": "1"
      }
    ]
  },
  {
    "Index": "33202",
    "RawText": "기본 백미기능만 했는데도 누룽지가 생겨 신기하네요.ㅎ ㅎ. 무쇠솥이라서 그런지 더 맛있고 구수하니 밥맛이 좋네요.",
    "Source": "쇼핑몰",
    "Domain": "가전",
    "MainCategory": "주방가전",
    "ProductName": "쿠쿠전자 CRP-HWF1060FB 일반구매",
    "ReviewScore": "5",
    "Syllable": "63",
    "Word": "14",
    "RDate": "20200229",
    "GeneralPolarity": "1",
    "Aspects": [
      {
        "Aspect": "기능",
        "SentimentText": "기본 백미기능만 했는데도 누룽지가 생겨 신기하네요.ㅎ ㅎ. ",
        "SentimentWord": "7",
        "SentimentPolarity": "1"
      },
      {
        "Aspect": "소재",
        "SentimentText": "무쇠솥이라서 그런지 더 맛있고 구수하니 밥맛이 좋네요.",
        "SentimentWord": "7",
        "SentimentPolarity": "1"
      }
    ]
  },
  {
    "Index": "33208",
    "RawText": "구매하고 사용하다보니 시계 기능과 절전 모드가 없어서 당황했어요.  아쉽지만 취사만 잘되면 되니 그럭저럭 만족해요.",
    "Source": "쇼핑몰",
    "Domain": "가전",
    "MainCategory": "주방가전",
    "ProductName": "쿠쿠전자 CRP-HWF1060FB 일반구매",
    "ReviewScore": "4",
    "Syllable": "64",
    "Word": "14",
    "RDate": "20210525",
    "GeneralPolarity": "0",
    "Aspects": [
      {
        "Aspect": "기능",
        "SentimentText": "구매하고 사용하다보니 시계 기능과 절전 모드가 없어서 당황했어요. ",
        "SentimentWord": "8",
        "SentimentPolarity": "-1"
      },
      {
        "Aspect": "기능",
        "SentimentText": "아쉽지만 취사만 잘되면 되니 그럭저럭 만족해요.",
        "SentimentWord": "6",
        "SentimentPolarity": "0"
      }
    ]
  },
  {
    "Index": "33209",
    "RawText": "배송은 그럭저력 일찍 받았어요. 몇일 지나 상품평을 쓰게 되었네요. 먼저 저렴한 가격에 참 잘샀어요 사실 별기대 안했거든요 그런데 사용해 보니 무쇠솥에 밥맛이 정말 좋아요ㅎㅎ 구매 잘했어요",
    "Source": "쇼핑몰",
    "Domain": "가전",
    "MainCategory": "주방가전",
    "ProductName": "쿠쿠전자 CRP-HWF1060FB 일반구매",
    "ReviewScore": "5",
    "Syllable": "105",
    "Word": "26",
    "RDate": "20211004",
    "GeneralPolarity": "1",
    "Aspects": [
      {
        "Aspect": "가격",
        "SentimentText": "먼저 저렴한 가격에 참 잘샀어요",
        "SentimentWord": "5",
        "SentimentPolarity": "1"
      },
      {
        "Aspect": "소재",
        "SentimentText": "사용해 보니 무쇠솥에 밥맛이 정말 좋아요ㅎㅎ 구매 잘했어요",
        "SentimentWord": "8",
        "SentimentPolarity": "1"
      }
    ]
  },
  {
    "Index": "33213",
    "RawText": "배송받고 3번이나 자동새척을 했는데 밥할때 냄새가 나서 불편했어요. 자동세척이나 보은 등 다양한 기능은 만족해요",
    "Source": "쇼핑몰",
    "Domain": "가전",
    "MainCategory": "주방가전",
    "ProductName": "쿠쿠전자 CRP-HWF1060FB 일반구매",
    "ReviewScore": "5",
    "Syllable": "62",
    "Word": "14",
    "RDate": "20200520",
    "GeneralPolarity": "0",
    "Aspects": [
      {
        "Aspect": "품질",
        "SentimentText": "3번이나 자동새척을 했는데 밥할때 냄새가 나서 불편했어요.",
        "SentimentWord": "7",
        "SentimentPolarity": "-1"
      },
      {
        "Aspect": "기능",
        "SentimentText": "자동세척이나 보은 등 다양한 기능은 만족해요",
        "SentimentWord": "6",
        "SentimentPolarity": "1"
      }
    ]
  },
  {
    "Index": "33214",
    "RawText": "부모님댁에 밥솥이 고장나서 사드렸어요. 디자인도 예쁘다고 하시고 색상도 고급지다며 마음에 들어 하세요.  밥맛도 좋다고 두분다 만족해 하시네요. 감사해요",
    "Source": "쇼핑몰",
    "Domain": "가전",
    "MainCategory": "주방가전",
    "ProductName": "쿠쿠전자 CRP-HWF1060FB 일반구매",
    "ReviewScore": "5",
    "Syllable": "85",
    "Word": "18",
    "RDate": "20211203",
    "GeneralPolarity": "1",
    "Aspects": [
      {
        "Aspect": "디자인",
        "SentimentText": "디자인도 예쁘다고 하시고",
        "SentimentWord": "3",
        "SentimentPolarity": "1"
      },
      {
        "Aspect": "색상",
        "SentimentText": "색상도 고급지다며 마음에 들어 하세요. ",
        "SentimentWord": "5",
        "SentimentPolarity": "1"
      },
      {
        "Aspect": "품질",
        "SentimentText": "밥맛도 좋다고 두분다 만족해 하시네요. 감사해요",
        "SentimentWord": "6",
        "SentimentPolarity": "1"
      }
    ]
  },
  {
    "Index": "33215",
    "RawText": "결혼하는 딸에게 선물해주려고 구매했어요 가격도 적당하게 잘 샀고 디자인도 세련되고 심플하니 제 마음에 더 드네요 색상도 고급스러워 예뻐요",
    "Source": "쇼핑몰",
    "Domain": "가전",
    "MainCategory": "주방가전",
    "ProductName": "쿠쿠전자 CRP-HWF1060FB 일반구매",
    "ReviewScore": "5",
    "Syllable": "76",
    "Word": "18",
    "RDate": "20190918",
    "GeneralPolarity": "1",
    "Aspects": [
      {
        "Aspect": "가격",
        "SentimentText": "가격도 적당하게 잘 샀고 ",
        "SentimentWord": "4",
        "SentimentPolarity": "1"
      },
      {
        "Aspect": "디자인",
        "SentimentText": "디자인도 세련되고 심플하니 제 마음에 더 드네요",
        "SentimentWord": "7",
        "SentimentPolarity": "1"
      },
      {
        "Aspect": "색상",
        "SentimentText": "색상도 고급스러워 예뻐요 ",
        "SentimentWord": "3",
        "SentimentPolarity": "1"
      }
    ]
  },
  {
    "Index": "33216",
    "RawText": "실제 디자인이 더 깔끔하고 세련된게 예뻐요 성능이 좋아 밥맛도 최고구요 굿입니다!!^^",
    "Source": "쇼핑몰",
    "Domain": "가전",
    "MainCategory": "주방가전",
    "ProductName": "쿠쿠전자 CRP-HWF1060FB 일반구매",
    "ReviewScore": "5",
    "Syllable": "48",
    "Word": "11",
    "RDate": "20200507",
    "GeneralPolarity": "1",
    "Aspects": [
      {
        "Aspect": "디자인",
        "SentimentText": "실제 디자인이 더 깔끔하고 세련된게 예뻐요 ",
        "SentimentWord": "6",
        "SentimentPolarity": "1"
      },
      {
        "Aspect": "기능",
        "SentimentText": "성능이 좋아 밥맛도 최고구요 굿입니다!!^^",
        "SentimentWord": "5",
        "SentimentPolarity": "1"
      }
    ]
  },
  {
    "Index": "33218",
    "RawText": "밭솥이 있는데 하나더 장만해서 다양한 요리를 할수 있어 좋아요. 착한 가격에 잘 샀고, 상품후기도 좋네요. 더군다나 000거라 더 믿고 사서 기분 좋아요,",
    "Source": "쇼핑몰",
    "Domain": "가전",
    "MainCategory": "주방가전",
    "ProductName": "쿠쿠전자 CRP-HWF1060FB 일반구매",
    "ReviewScore": "5",
    "Syllable": "86",
    "Word": "22",
    "RDate": "20210216",
    "GeneralPolarity": "1",
    "Aspects": [
      {
        "Aspect": "기능",
        "SentimentText": "하나더 장만해서 다양한 요리를 할수 있어 좋아요.",
        "SentimentWord": "7",
        "SentimentPolarity": "1"
      },
      {
        "Aspect": "가격",
        "SentimentText": "착한 가격에 잘 샀고,",
        "SentimentWord": "4",
        "SentimentPolarity": "1"
      },
      {
        "Aspect": "제조일/제조사",
        "SentimentText": " 000거라 더 믿고 사서 기분 좋아요,",
        "SentimentWord": "6",
        "SentimentPolarity": "1"
      }
    ]
  },
  {
    "Index": "33223",
    "RawText": "연세있으신 분들도 간편하게 쓰게 되어 있네요. 성능이 좋아 밥도 맛있게 잘되고, 가격 저렴하게 잘 구매해서 더 마음에 들어요",
    "Source": "쇼핑몰",
    "Domain": "가전",
    "MainCategory": "주방가전",
    "ProductName": "쿠쿠전자 CRP-HWF1060FB 일반구매",
    "ReviewScore": "5",
    "Syllable": "69",
    "Word": "18",
    "RDate": "20220204",
    "GeneralPolarity": "1",
    "Aspects": [
      {
        "Aspect": "편의성",
        "SentimentText": "연세있으신 분들도 간편하게 쓰게 되어 있네요. ",
        "SentimentWord": "6",
        "SentimentPolarity": "1"
      },
      {
        "Aspect": "기능",
        "SentimentText": "성능이 좋아 밥도 맛있게 잘되고, ",
        "SentimentWord": "5",
        "SentimentPolarity": "1"
      },
      {
        "Aspect": "가격",
        "SentimentText": "가격 저렴하게 잘 구매해서 더 마음에 들어요",
        "SentimentWord": "7",
        "SentimentPolarity": "1"
      }
    ]
  },
  {
    "Index": "33225",
    "RawText": "친정엄마 생신선물로 사드렸는데 엄청 마음에 들어하시네요. 디자인도 사진처럼 예쁘게 잘 나왔어요 밥맛도 구수하니 잘된다고 좋아하시네요. 오래 잘 쓸께요~",
    "Source": "쇼핑몰",
    "Domain": "가전",
    "MainCategory": "주방가전",
    "ProductName": "쿠쿠전자 CRP-HWF1060FB 일반구매",
    "ReviewScore": "5",
    "Syllable": "84",
    "Word": "18",
    "RDate": "20200425",
    "GeneralPolarity": "1",
    "Aspects": [
      {
        "Aspect": "디자인",
        "SentimentText": "디자인도 사진처럼 예쁘게 잘 나왔어요",
        "SentimentWord": "5",
        "SentimentPolarity": "1"
      },
      {
        "Aspect": "기능",
        "SentimentText": "밥맛도 구수하니 잘된다고 좋아하시네요. 오래 잘 쓸께요~",
        "SentimentWord": "7",
        "SentimentPolarity": "1"
      }
    ]
  },
  {
    "Index": "33227",
    "RawText": "엄마집에 밥솥 고장으로 급히 사드렸어요. 디자인이 깔끔해서 주방과 잘 어울리고 예뻐요. IH압력 기능에 밥맛도 최고입니다. 다양한 요리 기능에 모두 다 만족하세요.",
    "Source": "쇼핑몰",
    "Domain": "가전",
    "MainCategory": "주방가전",
    "ProductName": "쿠쿠전자 CRP-HWF1060FB 일반구매",
    "ReviewScore": "5",
    "Syllable": "91",
    "Word": "21",
    "RDate": "20201030",
    "GeneralPolarity": "1",
    "Aspects": [
      {
        "Aspect": "디자인",
        "SentimentText": "디자인이 깔끔해서 주방과 잘 어울리고 예뻐요.",
        "SentimentWord": "6",
        "SentimentPolarity": "1"
      },
      {
        "Aspect": "기능",
        "SentimentText": "IH압력 기능에 밥맛도 최고입니다. ",
        "SentimentWord": "4",
        "SentimentPolarity": "1"
      },
      {
        "Aspect": "기능",
        "SentimentText": "다양한 요리 기능에 모두 다 만족하세요.",
        "SentimentWord": "6",
        "SentimentPolarity": "1"
      }
    ]
  },
  {
    "Index": "33231",
    "RawText": "배송 받고 오늘 처음 써는데..  밥도 맛있게 잘 지어지고,, 밥이 다되면 음성기능으로 알려주니 편하고 너무 마음에 드네요 잘 쓸께요",
    "Source": "쇼핑몰",
    "Domain": "가전",
    "MainCategory": "주방가전",
    "ProductName": "쿠쿠전자 CRP-HWF1060FB 일반구매",
    "ReviewScore": "5",
    "Syllable": "74",
    "Word": "19",
    "RDate": "20220708",
    "GeneralPolarity": "1",
    "Aspects": [
      {
        "Aspect": "기능",
        "SentimentText": "밥도 맛있게 잘 지어지고,, ",
        "SentimentWord": "4",
        "SentimentPolarity": "1"
      },
      {
        "Aspect": "편의성",
        "SentimentText": "밥이 다되면 음성기능으로 알려주니 편하고 너무 마음에 드네요",
        "SentimentWord": "8",
        "SentimentPolarity": "1"
      }
    ]
  },
  {
    "Index": "33233",
    "RawText": "밥솥을 오래썼더니 고장이 났어요. 디자인도 세련된게 마음에 들구요. 성능도 좋아 밥도 잘되니 참 잘 샀다 싶어요^^",
    "Source": "쇼핑몰",
    "Domain": "가전",
    "MainCategory": "주방가전",
    "ProductName": "쿠쿠전자 CRP-HWF1060FB 일반구매",
    "ReviewScore": "5",
    "Syllable": "64",
    "Word": "16",
    "RDate": "20210202",
    "GeneralPolarity": "1",
    "Aspects": [
      {
        "Aspect": "디자인",
        "SentimentText": "디자인도 세련된게 마음에 들구요. ",
        "SentimentWord": "4",
        "SentimentPolarity": "1"
      },
      {
        "Aspect": "기능",
        "SentimentText": "성능도 좋아 밥도 잘되니 참 잘 샀다 싶어요^^",
        "SentimentWord": "8",
        "SentimentPolarity": "1"
      }
    ]
  },
  {
    "Index": "33235",
    "RawText": "첫사용에 기대를 많이 했는지 밥맛이 별로라 실망했어요~ 근데 몇번더 사용해보니 무쇠솥 밥맛이 제일 괜찮아요.  밥냄새도 좋고 ~지금은 계속 무쇠솥밥으로만 밥을 해먹어요~",
    "Source": "쇼핑몰",
    "Domain": "가전",
    "MainCategory": "주방가전",
    "ProductName": "쿠쿠전자 CRP-HWF1060FB 일반구매",
    "ReviewScore": "4",
    "Syllable": "94",
    "Word": "21",
    "RDate": "20201020",
    "GeneralPolarity": "1",
    "Aspects": [
      {
        "Aspect": "품질",
        "SentimentText": "첫사용에 기대를 많이 했는지 밥맛이 별로라 실망했어요~ ",
        "SentimentWord": "7",
        "SentimentPolarity": "1"
      },
      {
        "Aspect": "소재",
        "SentimentText": "근데 몇번더 사용해보니 무쇠솥 밥맛이 제일 괜찮아요. ",
        "SentimentWord": "7",
        "SentimentPolarity": "1"
      }
    ]
  },
  {
    "Index": "33238",
    "RawText": "배송 빠르게 잘 받았어요. 밥솥은 커서 마음에 들어요.. 그에 비해 밥맛은 별로예요. 신제품인데 밥이 눌러 실망이 이만저만이 아니네요ㅠㅠ",
    "Source": "쇼핑몰",
    "Domain": "가전",
    "MainCategory": "주방가전",
    "ProductName": "쿠쿠전자 CRP-HWF1060FB 일반구매",
    "ReviewScore": "3",
    "Syllable": "76",
    "Word": "18",
    "RDate": "20200831",
    "GeneralPolarity": "0",
    "Aspects": [
      {
        "Aspect": "용량",
        "SentimentText": "밥솥은 커서 마음에 들어요.. ",
        "SentimentWord": "4",
        "SentimentPolarity": "1"
      },
      {
        "Aspect": "품질",
        "SentimentText": "그에 비해 밥맛은 별로예요. ",
        "SentimentWord": "4",
        "SentimentPolarity": "-1"
      },
      {
        "Aspect": "제조일/제조사",
        "SentimentText": "신제품인데 밥이 눌러 실망이 이만저만이 아니네요ㅠㅠ",
        "SentimentWord": "6",
        "SentimentPolarity": "-1"
      }
    ]
  },
  {
    "Index": "33241",
    "RawText": "제품은 베송 빠르게 잘받았어요. 시댁 어른신들 사용하시기 간편하게 잘 만들어 졌어요. 성능이 좋아 밥맛도 괜찮구요.  가격도 저렴해서 마음에 다 들어요",
    "Source": "쇼핑몰",
    "Domain": "가전",
    "MainCategory": "주방가전",
    "ProductName": "쿠쿠전자 CRP-HWF1060FB 일반구매",
    "ReviewScore": "5",
    "Syllable": "84",
    "Word": "20",
    "RDate": "20210407",
    "GeneralPolarity": "1",
    "Aspects": [
      {
        "Aspect": "편의성",
        "SentimentText": "시댁 어른신들 사용하시기 간편하게 잘 만들어 졌어요. ",
        "SentimentWord": "7",
        "SentimentPolarity": "1"
      },
      {
        "Aspect": "품질",
        "SentimentText": "성능이 좋아 밥맛도 괜찮구요. ",
        "SentimentWord": "4",
        "SentimentPolarity": "1"
      },
      {
        "Aspect": "가격",
        "SentimentText": "가격도 저렴해서 마음에 다 들어요",
        "SentimentWord": "5",
        "SentimentPolarity": "1"
      }
    ]
  },
  {
    "Index": "33242",
    "RawText": "장바구니에 담고 몇일을 고민했어요. 상품리뷰 보다 마침 이달 행사 할인 쿠폰에 더 저렴하게 잘사서 만족해요 무쇠솥에 밥맛도 좋아 잘 샀어요",
    "Source": "쇼핑몰",
    "Domain": "가전",
    "MainCategory": "주방가전",
    "ProductName": "쿠쿠전자 CRP-HWF1060FB 일반구매",
    "ReviewScore": "5",
    "Syllable": "77",
    "Word": "20",
    "RDate": "20210204",
    "GeneralPolarity": "1",
    "Aspects": [
      {
        "Aspect": "가격",
        "SentimentText": "이달 행사 할인 쿠폰에 더 저렴하게 잘사서 만족해요",
        "SentimentWord": "8",
        "SentimentPolarity": "1"
      },
      {
        "Aspect": "소재",
        "SentimentText": "무쇠솥에 밥맛도 좋아 잘 샀어요",
        "SentimentWord": "5",
        "SentimentPolarity": "1"
      }
    ]
  },
  {
    "Index": "33244",
    "RawText": "제품 디자인이 정말 예쁘게 나왔어요. 기본적인 기능만 딱 있어 더 만족하구요. 가격까지 저렴하니 너무 마음에 듭니다.",
    "Source": "쇼핑몰",
    "Domain": "가전",
    "MainCategory": "주방가전",
    "ProductName": "쿠쿠전자 CRP-HWF1060FB 일반구매",
    "ReviewScore": "5",
    "Syllable": "65",
    "Word": "16",
    "RDate": "20210419",
    "GeneralPolarity": "1",
    "Aspects": [
      {
        "Aspect": "디자인",
        "SentimentText": "제품 디자인이 정말 예쁘게 나왔어요. ",
        "SentimentWord": "5",
        "SentimentPolarity": "1"
      },
      {
        "Aspect": "기능",
        "SentimentText": "기본적인 기능만 딱 있어 더 만족하구요. ",
        "SentimentWord": "6",
        "SentimentPolarity": "1"
      },
      {
        "Aspect": "가격",
        "SentimentText": "가격까지 저렴하니 너무 마음에 듭니다.",
        "SentimentWord": "5",
        "SentimentPolarity": "1"
      }
    ]
  },
  {
    "Index": "33246",
    "RawText": "색상에 블랙이 많이 들어가 고급져보이고 좋아요. 전에는 밝은 색상이라 때도 타고 청소하기 힘들었어요. 디자인도심플하니 괜찮네요. 고압력 모드에 밥맛도 구수하니 좋습니다.",
    "Source": "쇼핑몰",
    "Domain": "가전",
    "MainCategory": "주방가전",
    "ProductName": "쿠쿠전자 CRP-HWF1060FB 일반구매",
    "ReviewScore": "5",
    "Syllable": "94",
    "Word": "20",
    "RDate": "20200502",
    "GeneralPolarity": "1",
    "Aspects": [
      {
        "Aspect": "색상",
        "SentimentText": "색상에 블랙이 많이 들어가 고급져보이고 좋아요. ",
        "SentimentWord": "6",
        "SentimentPolarity": "1"
      },
      {
        "Aspect": "디자인",
        "SentimentText": "디자인도심플하니 괜찮네요.",
        "SentimentWord": "2",
        "SentimentPolarity": "1"
      },
      {
        "Aspect": "기능",
        "SentimentText": "고압력 모드에 밥맛도 구수하니 좋습니다.",
        "SentimentWord": "5",
        "SentimentPolarity": "1"
      }
    ]
  },
  {
    "Index": "33247",
    "RawText": "좋은 제품을 저렴한 가격에 구매하게 되니 더 마음에 드네요. 밥도 맛있게 잘되고. 무쇠솥기능이 다르긴 하네요.  살짝 배송이 느리긴 했어요.",
    "Source": "쇼핑몰",
    "Domain": "가전",
    "MainCategory": "주방가전",
    "ProductName": "쿠쿠전자 CRP-HWF1060FB 일반구매",
    "ReviewScore": "4",
    "Syllable": "78",
    "Word": "19",
    "RDate": "20200312",
    "GeneralPolarity": "1",
    "Aspects": [
      {
        "Aspect": "가격",
        "SentimentText": "좋은 제품을 저렴한 가격에 구매하게 되니 더 마음에 드네요.",
        "SentimentWord": "9",
        "SentimentPolarity": "1"
      },
      {
        "Aspect": "기능",
        "SentimentText": "밥도 맛있게 잘되고. 무쇠솥기능이 다르긴 하네요.",
        "SentimentWord": "6",
        "SentimentPolarity": "1"
      }
    ]
  },
  {
    "Index": "33250",
    "RawText": "직접받아보니 색상이 촌스럽지않은게 고급스러워요. 무쇠솥이라도 가벼운게 괜찮고, 작동법도 간단하게 잘 되어 있어 만족합니다",
    "Source": "쇼핑몰",
    "Domain": "가전",
    "MainCategory": "주방가전",
    "ProductName": "쿠쿠전자 CRP-HWF1060FB 일반구매",
    "ReviewScore": "5",
    "Syllable": "67",
    "Word": "13",
    "RDate": "20201230",
    "GeneralPolarity": "1",
    "Aspects": [
      {
        "Aspect": "색상",
        "SentimentText": "색상이 촌스럽지않은게 고급스러워요.",
        "SentimentWord": "3",
        "SentimentPolarity": "1"
      },
      {
        "Aspect": "소재",
        "SentimentText": "무쇠솥이라도 가벼운게 괜찮고,",
        "SentimentWord": "3",
        "SentimentPolarity": "1"
      },
      {
        "Aspect": "조작성",
        "SentimentText": "작동법도 간단하게 잘 되어 있어 만족합니다",
        "SentimentWord": "6",
        "SentimentPolarity": "1"
      }
    ]
  },
  {
    "Index": "33251",
    "RawText": "대박!! 고급스러운 디자인과 색상 모두 마음에 듭니다. 000 처음 구매해았는데 사용해보니 그 이유가 있네요 정말 대 만족입니다.",
    "Source": "쇼핑몰",
    "Domain": "가전",
    "MainCategory": "주방가전",
    "ProductName": "쿠쿠전자 CRP-HWF1060FB 일반구매",
    "ReviewScore": "5",
    "Syllable": "72",
    "Word": "17",
    "RDate": "20200525",
    "GeneralPolarity": "1",
    "Aspects": [
      {
        "Aspect": "디자인",
        "SentimentText": "대박!! 고급스러운 디자인과 색상 모두 마음에 듭니다. ",
        "SentimentWord": "7",
        "SentimentPolarity": "1"
      },
      {
        "Aspect": "색상",
        "SentimentText": "색상 모두 마음에 듭니다. ",
        "SentimentWord": "4",
        "SentimentPolarity": "1"
      },
      {
        "Aspect": "제조일/제조사",
        "SentimentText": " 000 처음 구매해았는데 사용해보니 그 이유가 있네요 정말 대 만족입니다.",
        "SentimentWord": "10",
        "SentimentPolarity": "1"
      }
    ]
  },
  {
    "Index": "33252",
    "RawText": "압력 밭솥은 000가 유명해서 바꿨는데 정말 잘샀어요. 밥 하는 시간도 단축되니 좋고 가격도 저렴해서 만족입니다",
    "Source": "쇼핑몰",
    "Domain": "가전",
    "MainCategory": "주방가전",
    "ProductName": "쿠쿠전자 CRP-HWF1060FB 일반구매",
    "ReviewScore": "5",
    "Syllable": "62",
    "Word": "15",
    "RDate": "20200502",
    "GeneralPolarity": "1",
    "Aspects": [
      {
        "Aspect": "제조일/제조사",
        "SentimentText": "압력 밭솥은 000가 유명해서 바꿨는데 정말 잘샀어요. ",
        "SentimentWord": "7",
        "SentimentPolarity": "1"
      },
      {
        "Aspect": "시간/속도",
        "SentimentText": "밥 하는 시간도 단축되니 좋고",
        "SentimentWord": "5",
        "SentimentPolarity": "1"
      },
      {
        "Aspect": "가격",
        "SentimentText": "가격도 저렴해서 만족입니다",
        "SentimentWord": "3",
        "SentimentPolarity": "1"
      }
    ]
  },
  {
    "Index": "33255",
    "RawText": "처음에 밥할때 냄새가 나서 실망했어요. 몇번 사용하니 금새 사라졌네요. 구수하니 밥맛은 너무 좋네요. 1등급이라 전기 졀약도 되고 가격이 저렴하니 참 샀어요.",
    "Source": "쇼핑몰",
    "Domain": "가전",
    "MainCategory": "주방가전",
    "ProductName": "쿠쿠전자 CRP-HWF1060FB 일반구매",
    "ReviewScore": "4",
    "Syllable": "88",
    "Word": "21",
    "RDate": "20210805",
    "GeneralPolarity": "1",
    "Aspects": [
      {
        "Aspect": "품질",
        "SentimentText": "처음에 밥할때 냄새가 나서 실망했어요",
        "SentimentWord": "5",
        "SentimentPolarity": "-1"
      },
      {
        "Aspect": "기능",
        "SentimentText": "구수하니 밥맛은 너무 좋네요.",
        "SentimentWord": "4",
        "SentimentPolarity": "1"
      },
      {
        "Aspect": "소비전력",
        "SentimentText": "1등급이라 전기 졀약도 되고 가격이 저렴하니 참 샀어요.",
        "SentimentWord": "8",
        "SentimentPolarity": "1"
      },
      {
        "Aspect": "가격",
        "SentimentText": "가격이 저렴하니 참 샀어요.",
        "SentimentWord": "4",
        "SentimentPolarity": "1"
      }
    ]
  },
  {
    "Index": "33257",
    "RawText": "취사 시간도 짧은데 밥이 정말  맛있어요.  현미밥뿐만 아니라  잡곡밥 기능까지 다양해서  너무 좋아요",
    "Source": "쇼핑몰",
    "Domain": "가전",
    "MainCategory": "주방가전",
    "ProductName": "쿠쿠전자 CRP-HWF1060FB 일반구매",
    "ReviewScore": "4",
    "Syllable": "57",
    "Word": "13",
    "RDate": "20200318",
    "GeneralPolarity": "1",
    "Aspects": [
      {
        "Aspect": "시간/속도",
        "SentimentText": " 취사 시간도 짧은데 밥이 정말  맛있어요",
        "SentimentWord": "6",
        "SentimentPolarity": "1"
      },
      {
        "Aspect": "기능",
        "SentimentText": "현미밥뿐만 아니라  잡곡밥 기능까지 다양해서  너무 좋아요 ",
        "SentimentWord": "7",
        "SentimentPolarity": "1"
      }
    ]
  },
  {
    "Index": "33259",
    "RawText": "친정엄마 선물로 보내 드렸는데 엄마 말씀이 IH압력인데 내솥이 약해 보인다고 걱정하세요. 근데 소비등급도 1등급인데 가격까지 착해서 너무 만족합니다",
    "Source": "쇼핑몰",
    "Domain": "가전",
    "MainCategory": "주방가전",
    "ProductName": "쿠쿠전자 CRP-HWF1060FB 일반구매",
    "ReviewScore": "3",
    "Syllable": "82",
    "Word": "18",
    "RDate": "20201011",
    "Aspects": [
      {
        "Aspect": "품질",
        "SentimentText": "엄마 말씀이 IH압력인데 내솥이 약해 보인다고 걱정하세요. ",
        "SentimentWord": "7",
        "SentimentPolarity": "-1"
      },
      {
        "Aspect": "소비전력",
        "SentimentText": "소비등급도 1등급인데 가격까지 착해서 너무 만족합니다 ",
        "SentimentWord": "6",
        "SentimentPolarity": "1"
      },
      {
        "Aspect": "가격",
        "SentimentText": "가격까지 착해서 너무 만족합니다 ",
        "SentimentWord": "4",
        "SentimentPolarity": "1"
      }
    ]
  },
  {
    "Index": "33261",
    "RawText": "친정엄마 선물로 보내 드렸는데, 색상도 어두운 색상이라서 더욱  고급스럽고 디자인도 깔끔하니 세련됐다고 맘에 들어 하세요",
    "Source": "쇼핑몰",
    "Domain": "가전",
    "MainCategory": "주방가전",
    "ProductName": "쿠쿠전자 CRP-HWF1060FB 일반구매",
    "ReviewScore": "5",
    "Syllable": "67",
    "Word": "15",
    "RDate": "20200331",
    "GeneralPolarity": "1",
    "Aspects": [
      {
        "Aspect": "색상",
        "SentimentText": "색상도 어두운 색상이라서 더욱  고급스럽고 ",
        "SentimentWord": "5",
        "SentimentPolarity": "1"
      },
      {
        "Aspect": "디자인",
        "SentimentText": "디자인도 깔끔하니 세련됐다고 맘에 들어 하세요 ",
        "SentimentWord": "6",
        "SentimentPolarity": "1"
      }
    ]
  },
  {
    "Index": "33262",
    "RawText": "컬러감 조합이 너무 고급스럽습니다. 성능 좋아 당연  밥맛도 너무나 좋고  소비 등급 1등급이라서 환급도 된다니깐 기분이 좋네요",
    "Source": "쇼핑몰",
    "Domain": "가전",
    "MainCategory": "주방가전",
    "ProductName": "쿠쿠전자 CRP-HWF1060FB 일반구매",
    "ReviewScore": "5",
    "Syllable": "71",
    "Word": "17",
    "RDate": "20200706",
    "GeneralPolarity": "1",
    "Aspects": [
      {
        "Aspect": "색상",
        "SentimentText": "컬러감 조합이 너무 고급스럽습니다",
        "SentimentWord": "4",
        "SentimentPolarity": "1"
      },
      {
        "Aspect": "기능",
        "SentimentText": "성능 좋아 당연  밥맛도 너무나 좋고",
        "SentimentWord": "6",
        "SentimentPolarity": "1"
      },
      {
        "Aspect": "소비전력",
        "SentimentText": "  소비 등급 1등급이라서 환급도 된다니깐 기분이 좋네요 ",
        "SentimentWord": "7",
        "SentimentPolarity": "1"
      }
    ]
  },
  {
    "Index": "33263",
    "RawText": "타사 사용하다가  ㅇㅇㅇ로 바꿨는데 역시 바뀌기 잘했네요. 마트보다는  할인 폭이 넓어 아주 싸게  잘 샀습니다",
    "Source": "쇼핑몰",
    "Domain": "가전",
    "MainCategory": "주방가전",
    "ProductName": "쿠쿠전자 CRP-HWF1060FB 일반구매",
    "ReviewScore": "5",
    "Syllable": "62",
    "Word": "15",
    "RDate": "20200916",
    "GeneralPolarity": "1",
    "Aspects": [
      {
        "Aspect": "제조일/제조사",
        "SentimentText": "타사 사용하다가  ㅇㅇㅇ로 바꿨는데 역시 바뀌기 잘했네요.",
        "SentimentWord": "7",
        "SentimentPolarity": "1"
      },
      {
        "Aspect": "가격",
        "SentimentText": "마트보다는  할인 폭이 넓어 아주 싸게  잘 샀습니다",
        "SentimentWord": "8",
        "SentimentPolarity": "1"
      }
    ]
  },
  {
    "Index": "33266",
    "RawText": "색상이 사진이랑 똑같아서 마음에 쏙 들어요~ 잡곡밥 기능도 잘돼서 밥알에서 윤기나고 맛있네요~",
    "Source": "쇼핑몰",
    "Domain": "가전",
    "MainCategory": "주방가전",
    "ProductName": "쿠쿠전자 CRP-HWF1060FB 일반구매",
    "ReviewScore": "5",
    "Syllable": "52",
    "Word": "12",
    "RDate": "20200612",
    "GeneralPolarity": "1",
    "Aspects": [
      {
        "Aspect": "색상",
        "SentimentText": "색상이 사진이랑 똑같아서 마음에 쏙 들어요~",
        "SentimentWord": "6",
        "SentimentPolarity": "1"
      },
      {
        "Aspect": "기능",
        "SentimentText": "잡곡밥 기능도 잘돼서 밥알에서 윤기나고 맛있네요~",
        "SentimentWord": "6",
        "SentimentPolarity": "1"
      }
    ]
  },
  {
    "Index": "33276",
    "RawText": "디자인 예쁘고 귀여워서 마음에 들고요. 밥도 아주 맛있고 윤기나게 잘돼서 만족합니다~",
    "Source": "쇼핑몰",
    "Domain": "가전",
    "MainCategory": "주방가전",
    "ProductName": "쿠쿠전자 CRP-HWF1060FB 일반구매",
    "ReviewScore": "5",
    "Syllable": "47",
    "Word": "11",
    "RDate": "20210121",
    "GeneralPolarity": "1",
    "Aspects": [
      {
        "Aspect": "디자인",
        "SentimentText": "디자인 예쁘고 귀여워서 마음에 들고요.",
        "SentimentWord": "5",
        "SentimentPolarity": "1"
      },
      {
        "Aspect": "기능",
        "SentimentText": "밥도 아주 맛있고 윤기나게 잘돼서 만족합니다~ ",
        "SentimentWord": "6",
        "SentimentPolarity": "1"
      }
    ]
  },
  {
    "Index": "33277",
    "RawText": "화면 사진보다 더 고급스럽고 이쁜 디자인이예요. 전에 사용하던 밥솥보다  바꾼 밥솥이 더 무겁네요 ㅜㅜ",
    "Source": "쇼핑몰",
    "Domain": "가전",
    "MainCategory": "주방가전",
    "ProductName": "쿠쿠전자 CRP-HWF1060FB 일반구매",
    "ReviewScore": "5",
    "Syllable": "57",
    "Word": "14",
    "RDate": "20201226",
    "GeneralPolarity": "0",
    "Aspects": [
      {
        "Aspect": "디자인",
        "SentimentText": "화면 사진보다 더 고급스럽고 이쁜 디자인이예요. ",
        "SentimentWord": "6",
        "SentimentPolarity": "1"
      },
      {
        "Aspect": "무게",
        "SentimentText": "전에 사용하던 밥솥보다  바꾼 밥솥이 더 무겁네요 ㅜㅜ ",
        "SentimentWord": "8",
        "SentimentPolarity": "-1"
      }
    ]
  },
  {
    "Index": "33278",
    "RawText": "할인 많이 받고 저렴하게 구매해서 너무 좋아요~~ 사진보다 색상이 더 예뻐서 대 만족입니다~",
    "Source": "쇼핑몰",
    "Domain": "가전",
    "MainCategory": "주방가전",
    "ProductName": "쿠쿠전자 CRP-HWF1060FB 일반구매",
    "ReviewScore": "5",
    "Syllable": "51",
    "Word": "13",
    "RDate": "20200723",
    "GeneralPolarity": "1",
    "Aspects": [
      {
        "Aspect": "가격",
        "SentimentText": "할인 많이 받고 저렴하게 구매해서 너무 좋아요~~ ",
        "SentimentWord": "7",
        "SentimentPolarity": "1"
      },
      {
        "Aspect": "색상",
        "SentimentText": "사진보다 색상이 더 예뻐서 대 만족입니다~",
        "SentimentWord": "6",
        "SentimentPolarity": "1"
      }
    ]
  },
  {
    "Index": "33279",
    "RawText": "잡곡밥 기능이 너무 좋아요~ 쌀 안 불려도 맛있네요.  디자인도 깔끔하고 예쁘니까 마음에 쏙 드네요",
    "Source": "쇼핑몰",
    "Domain": "가전",
    "MainCategory": "주방가전",
    "ProductName": "쿠쿠전자 CRP-HWF1060FDM 일반구매",
    "ReviewScore": "5",
    "Syllable": "55",
    "Word": "14",
    "RDate": "20211120",
    "GeneralPolarity": "1",
    "Aspects": [
      {
        "Aspect": "기능",
        "SentimentText": "잡곡밥 기능이 너무 좋아요~ 쌀 안 불려도 맛있네요. ",
        "SentimentWord": "8",
        "SentimentPolarity": "1"
      },
      {
        "Aspect": "디자인",
        "SentimentText": "디자인도 깔끔하고 예쁘니까 마음에 쏙 드네요",
        "SentimentWord": "6",
        "SentimentPolarity": "1"
      }
    ]
  },
  {
    "Index": "33283",
    "RawText": "후기 보고 큰 거 샀는데 너무 커서 놀랬어요 별로네요 ㅠ 그래도 밥은 너무 맛있게 잘돼서 마음에 듭니다.",
    "Source": "쇼핑몰",
    "Domain": "가전",
    "MainCategory": "주방가전",
    "ProductName": "쿠쿠전자 CRP-HWF1060FDM 일반구매",
    "ReviewScore": "5",
    "Syllable": "58",
    "Word": "17",
    "RDate": "20220216",
    "GeneralPolarity": "0",
    "Aspects": [
      {
        "Aspect": "용량",
        "SentimentText": "후기 보고 큰 거 샀는데 너무 커서 놀랬어요 별로네요 ㅠ",
        "SentimentWord": "10",
        "SentimentPolarity": "-1"
      },
      {
        "Aspect": "기능",
        "SentimentText": "밥은 너무 맛있게 잘돼서 마음에 듭니다.",
        "SentimentWord": "6",
        "SentimentPolarity": "1"
      }
    ]
  },
  {
    "Index": "33284",
    "RawText": "내 솥 안에 고무가 문제가 있는 건지 밥을 할 때마다 냄새가 나서 곤욕스럽습니다 ㅠ 그래도 밥 다되면 음성 안내 기능이 있어서 좋습니다.",
    "Source": "쇼핑몰",
    "Domain": "가전",
    "MainCategory": "주방가전",
    "ProductName": "쿠쿠전자 CRP-HWF1060FDM 일반구매",
    "ReviewScore": "5",
    "Syllable": "76",
    "Word": "22",
    "RDate": "20220205",
    "GeneralPolarity": "0",
    "Aspects": [
      {
        "Aspect": "품질",
        "SentimentText": "내 솥 안에 고무가 문제가 있는 건지 밥을 할 때마다 냄새가 나서 곤욕스럽습니다 ㅠ",
        "SentimentWord": "14",
        "SentimentPolarity": "-1"
      },
      {
        "Aspect": "기능",
        "SentimentText": "그래도 밥 다되면 음성 안내 기능이 있어서 좋습니다.",
        "SentimentWord": "8",
        "SentimentPolarity": "1"
      }
    ]
  },
  {
    "Index": "33287",
    "RawText": "할인받아 저렴하게 구매는 했으나, 내솥이 무거워서 쌀 씻고 넣으려고 손목이 아파요",
    "Source": "쇼핑몰",
    "Domain": "가전",
    "MainCategory": "주방가전",
    "ProductName": "쿠쿠전자 CRP-HWF1060FDM 일반구매",
    "ReviewScore": "5",
    "Syllable": "45",
    "Word": "11",
    "RDate": "20220225",
    "GeneralPolarity": "0",
    "Aspects": [
      {
        "Aspect": "가격",
        "SentimentText": "할인받아 저렴하게 구매는 했으나",
        "SentimentWord": "4",
        "SentimentPolarity": "1"
      },
      {
        "Aspect": "무게",
        "SentimentText": "내솥이 무거워서 쌀 씻고 넣으려고 손목이 아파요",
        "SentimentWord": "7",
        "SentimentPolarity": "-1"
      }
    ]
  },
  {
    "Index": "33290",
    "RawText": "내 솥 재질이 문제가 있는 건지 세척을 해도 이물질이 묻어나서 짜증나요. 밥솥 자체 무게도 너무 무거워서 들기도 힘듭니다.",
    "Source": "쇼핑몰",
    "Domain": "가전",
    "MainCategory": "주방가전",
    "ProductName": "쿠쿠전자 CRP-HWF1060FDM 일반구매",
    "ReviewScore": "4",
    "Syllable": "68",
    "Word": "18",
    "RDate": "20220218",
    "GeneralPolarity": "-1",
    "Aspects": [
      {
        "Aspect": "소재",
        "SentimentText": "내 솥 재질이 문제가 있는 건지 세척을 해도 이물질이 묻어나서 짜증나요. ",
        "SentimentWord": "11",
        "SentimentPolarity": "-1"
      },
      {
        "Aspect": "무게",
        "SentimentText": "밥솥 자체 무게도 너무 무거워서 들기도 힘듭니다.",
        "SentimentWord": "7",
        "SentimentPolarity": "-1"
      }
    ]
  },
  {
    "Index": "33292",
    "RawText": "디자인 너무 예쁘고 마음에 들고요. 색상도 사진과 같아서 아주 좋습니다~ ^^",
    "Source": "쇼핑몰",
    "Domain": "가전",
    "MainCategory": "주방가전",
    "ProductName": "쿠쿠전자 CRP-HWF1060FDM 일반구매",
    "ReviewScore": "5",
    "Syllable": "43",
    "Word": "11",
    "RDate": "20220303",
    "GeneralPolarity": "1",
    "Aspects": [
      {
        "Aspect": "디자인",
        "SentimentText": "디자인 너무 예쁘고 마음에 들고요. ",
        "SentimentWord": "5",
        "SentimentPolarity": "1"
      },
      {
        "Aspect": "색상",
        "SentimentText": "색상도 사진과 같아서 아주 좋습니다~ ^^",
        "SentimentWord": "6",
        "SentimentPolarity": "1"
      }
    ]
  },
  {
    "Index": "33293",
    "RawText": "할인 쿠폰 있어서 저렴하게 구매해서 기분이 좋습니다~ 알림 소리는 시끄럽고 거슬려서 별로에요",
    "Source": "쇼핑몰",
    "Domain": "가전",
    "MainCategory": "주방가전",
    "ProductName": "쿠쿠전자 CRP-HWF1060FDM 일반구매",
    "ReviewScore": "4",
    "Syllable": "51",
    "Word": "12",
    "RDate": "20220116",
    "GeneralPolarity": "0",
    "Aspects": [
      {
        "Aspect": "가격",
        "SentimentText": "할인 쿠폰 있어서 저렴하게 구매해서 기분이 좋습니다~",
        "SentimentWord": "7",
        "SentimentPolarity": "1"
      },
      {
        "Aspect": "소음",
        "SentimentText": "알림 소리는 시끄럽고 거슬려서 별로에요",
        "SentimentWord": "5",
        "SentimentPolarity": "-1"
      }
    ]
  },
  {
    "Index": "33295",
    "RawText": "음성 지원되는 기능이 있어서 아주 마음에 드네요. 내 솥 재질도 스테인리스라서 세척도 용이하고 좋아요",
    "Source": "쇼핑몰",
    "Domain": "가전",
    "MainCategory": "주방가전",
    "ProductName": "쿠쿠전자 CRP-HWF1060FDM 일반구매",
    "ReviewScore": "5",
    "Syllable": "56",
    "Word": "14",
    "RDate": "20220322",
    "GeneralPolarity": "1",
    "Aspects": [
      {
        "Aspect": "기능",
        "SentimentText": "음성 지원되는 기능이 있어서 아주 마음에 드네요. ",
        "SentimentWord": "7",
        "SentimentPolarity": "1"
      },
      {
        "Aspect": "소재",
        "SentimentText": "내 솥 재질도 스테인리스라서 세척도 용이하고 좋아요",
        "SentimentWord": "7",
        "SentimentPolarity": "1"
      }
    ]
  },
  {
    "Index": "33298",
    "RawText": "자동 세척 기능이 있어서 너무 편리하네요. 아쉬운 건 화면보다 색상이 더 진해서 안 예쁘네요",
    "Source": "쇼핑몰",
    "Domain": "가전",
    "MainCategory": "주방가전",
    "ProductName": "쿠쿠전자 CRP-HWF1060FDM 일반구매",
    "ReviewScore": "5",
    "Syllable": "51",
    "Word": "14",
    "RDate": "20220830",
    "GeneralPolarity": "0",
    "Aspects": [
      {
        "Aspect": "기능",
        "SentimentText": "자동 세척 기능이 있어서 너무 편리하네요.",
        "SentimentWord": "6",
        "SentimentPolarity": "1"
      },
      {
        "Aspect": "색상",
        "SentimentText": "아쉬운 건 화면보다 색상이 더 진해서 안 예쁘네요",
        "SentimentWord": "8",
        "SentimentPolarity": "-1"
      }
    ]
  },
  {
    "Index": "33299",
    "RawText": "역시 밥솥은 ooo가 최고인 듯 합니다. 디자인 깔끔하고 주방 가전이랑 아주 잘 어울려서 만족합니다.",
    "Source": "쇼핑몰",
    "Domain": "가전",
    "MainCategory": "주방가전",
    "ProductName": "쿠쿠전자 CRP-HWF1060FDM 일반구매",
    "ReviewScore": "4",
    "Syllable": "56",
    "Word": "14",
    "RDate": "20220105",
    "GeneralPolarity": "1",
    "Aspects": [
      {
        "Aspect": "제조일/제조사",
        "SentimentText": "역시 밥솥은 ooo가 최고인 듯 합니다.",
        "SentimentWord": "6",
        "SentimentPolarity": "1"
      },
      {
        "Aspect": "디자인",
        "SentimentText": "디자인 깔끔하고 주방 가전이랑 아주 잘 어울려서 만족합니다.",
        "SentimentWord": "8",
        "SentimentPolarity": "1"
      }
    ]
  },
  {
    "Index": "33300",
    "RawText": "사진보다 디자인이 별로라서 아쉬워요. 그래도 밥은 아주 맛있고 잘되고, 밥알에서 윤기가 나서 좋네요",
    "Source": "쇼핑몰",
    "Domain": "가전",
    "MainCategory": "주방가전",
    "ProductName": "쿠쿠전자 CRP-HWF1060FDM 일반구매",
    "ReviewScore": "4",
    "Syllable": "55",
    "Word": "13",
    "RDate": "20211122",
    "GeneralPolarity": "0",
    "Aspects": [
      {
        "Aspect": "디자인",
        "SentimentText": "사진보다 디자인이 별로라서 아쉬워요.",
        "SentimentWord": "4",
        "SentimentPolarity": "-1"
      },
      {
        "Aspect": "기능",
        "SentimentText": "밥은 아주 맛있고 잘되고, 밥알에서 윤기가 나서 좋네요",
        "SentimentWord": "8",
        "SentimentPolarity": "1"
      }
    ]
  },
  {
    "Index": "33301",
    "RawText": "음성 안내 소리가 생각보다 시끄럽네요. 요리 기능도 있어 아내가 아주 좋아합니다",
    "Source": "쇼핑몰",
    "Domain": "가전",
    "MainCategory": "주방가전",
    "ProductName": "쿠쿠전자 CRP-HWF1060FDM 일반구매",
    "ReviewScore": "4",
    "Syllable": "44",
    "Word": "11",
    "RDate": "20220519",
    "GeneralPolarity": "0",
    "Aspects": [
      {
        "Aspect": "소음",
        "SentimentText": "음성 안내 소리가 생각보다 시끄럽네요 ",
        "SentimentWord": "5",
        "SentimentPolarity": "-1"
      },
      {
        "Aspect": "기능",
        "SentimentText": "요리 기능도 있어 아내가 아주 좋아합니다",
        "SentimentWord": "6",
        "SentimentPolarity": "1"
      }
    ]
  },
  {
    "Index": "33304",
    "RawText": "음성 안내 기능이 있어서 편리하고 좋습니다. 가격도 저렴하게 아주 잘 사서 기분이 좋네요^^",
    "Source": "쇼핑몰",
    "Domain": "가전",
    "MainCategory": "주방가전",
    "ProductName": "쿠쿠전자 CRP-HWF1060FDM 일반구매",
    "ReviewScore": "5",
    "Syllable": "51",
    "Word": "13",
    "RDate": "20220720",
    "GeneralPolarity": "1",
    "Aspects": [
      {
        "Aspect": "기능",
        "SentimentText": "음성 안내 기능이 있어서 편리하고 좋습니다.",
        "SentimentWord": "6",
        "SentimentPolarity": "1"
      },
      {
        "Aspect": "가격",
        "SentimentText": "가격도 저렴하게 아주 잘 사서 기분이 좋네요^^",
        "SentimentWord": "7",
        "SentimentPolarity": "1"
      }
    ]
  },
  {
    "Index": "33305",
    "RawText": "밥 짓는 기능은 확실히 좋아서 밥은 맛있게 잘돼요. 그런데 밥 짓는 시간이 오래 걸려서 기다리기 짜증 나네요.",
    "Source": "쇼핑몰",
    "Domain": "가전",
    "MainCategory": "주방가전",
    "ProductName": "쿠쿠전자 CRP-HWF1060FDM 일반구매",
    "ReviewScore": "4",
    "Syllable": "61",
    "Word": "17",
    "RDate": "20220307",
    "GeneralPolarity": "0",
    "Aspects": [
      {
        "Aspect": "기능",
        "SentimentText": "밥 짓는 기능은 확실히 좋아서 밥은 맛있게 잘돼요. ",
        "SentimentWord": "8",
        "SentimentPolarity": "1"
      },
      {
        "Aspect": "시간/속도",
        "SentimentText": "그런데 밥 짓는 시간이 오래 걸려서 기다리기 짜증 나네요. ",
        "SentimentWord": "9",
        "SentimentPolarity": "-1"
      }
    ]
  },
  {
    "Index": "33306",
    "RawText": "역시 믿고 사는 ooo 밥 솥은 여기가 최고에요~ 디자인도 심플하고 예뻐서 아주 좋고~ 밥도 고슬고슬 맛있게 잘돼서 너무 좋아요",
    "Source": "쇼핑몰",
    "Domain": "가전",
    "MainCategory": "주방가전",
    "ProductName": "쿠쿠전자 CRP-HWF1060FDM 일반구매",
    "ReviewScore": "5",
    "Syllable": "71",
    "Word": "19",
    "RDate": "20211219",
    "GeneralPolarity": "1",
    "Aspects": [
      {
        "Aspect": "제조일/제조사",
        "SentimentText": "역시 믿고 사는 ooo 밥 솥은 여기가 최고에요~ ",
        "SentimentWord": "8",
        "SentimentPolarity": "1"
      },
      {
        "Aspect": "디자인",
        "SentimentText": "디자인도 심플하고 예뻐서 아주 좋고~",
        "SentimentWord": "5",
        "SentimentPolarity": "1"
      },
      {
        "Aspect": "기능",
        "SentimentText": "밥도 고슬고슬 맛있게 잘돼서 너무 좋아요",
        "SentimentWord": "6",
        "SentimentPolarity": "1"
      }
    ]
  },
  {
    "Index": "33308",
    "RawText": "6인용인 줄 알고 샀는데 10인용인이에요 잘못 샀지만 용량 커서 좋아요. 성능도 좋아서 밥까지 너무 맛있어요",
    "Source": "쇼핑몰",
    "Domain": "가전",
    "MainCategory": "주방가전",
    "ProductName": "쿠쿠전자 CRP-HWF1060FDM 일반구매",
    "ReviewScore": "5",
    "Syllable": "60",
    "Word": "15",
    "RDate": "20220227",
    "GeneralPolarity": "1",
    "Aspects": [
      {
        "Aspect": "용량",
        "SentimentText": "6인용인 줄 알고 샀는데 10인용인이에요 잘못 샀지만 용량 커서 좋아요.",
        "SentimentWord": "10",
        "SentimentPolarity": "1"
      },
      {
        "Aspect": "기능",
        "SentimentText": "성능도 좋아서 밥까지 너무 맛있어요 ",
        "SentimentWord": "5",
        "SentimentPolarity": "1"
      }
    ]
  },
  {
    "Index": "33309",
    "RawText": "밥이 너무 맛있게 잘돼서 밥 하는 시간이 기다려져요~ 역시 밥 솥은 ooo 따라갈 브랜드가 없네요 최고에요!!",
    "Source": "쇼핑몰",
    "Domain": "가전",
    "MainCategory": "주방가전",
    "ProductName": "쿠쿠전자 CRP-HWF1060FDM 일반구매",
    "ReviewScore": "5",
    "Syllable": "61",
    "Word": "16",
    "RDate": "20211110",
    "GeneralPolarity": "1",
    "Aspects": [
      {
        "Aspect": "기능",
        "SentimentText": "밥이 너무 맛있게 잘돼서 밥 하는 시간이 기다려져요~",
        "SentimentWord": "8",
        "SentimentPolarity": "1"
      },
      {
        "Aspect": "제조일/제조사",
        "SentimentText": "밥 솥은 ooo 따라갈 브랜드가 없네요 최고에요!!",
        "SentimentWord": "7",
        "SentimentPolarity": "1"
      }
    ]
  },
  {
    "Index": "33310",
    "RawText": "밥솥이 고장나는 급히 구매하게 됐네요. 밥도 맛있게 잘 되고 밥맛도 좋아 만족합니다. 디자인도 너무 예뻐서 마음에 듭니다",
    "Source": "쇼핑몰",
    "Domain": "가전",
    "MainCategory": "주방가전",
    "ProductName": "쿠쿠전자 CRP-HWF1060FDM 일반구매",
    "ReviewScore": "5",
    "Syllable": "67",
    "Word": "17",
    "RDate": "20211215",
    "GeneralPolarity": "1",
    "Aspects": [
      {
        "Aspect": "기능",
        "SentimentText": "밥도 맛있게 잘 되고 밥맛도 좋아 만족합니다.",
        "SentimentWord": "7",
        "SentimentPolarity": "1"
      },
      {
        "Aspect": "디자인",
        "SentimentText": "디자인도 너무 예뻐서 마음에 듭니다",
        "SentimentWord": "5",
        "SentimentPolarity": "1"
      }
    ]
  },
  {
    "Index": "33312",
    "RawText": "밥 짓는 기능은 그럭저럭 마음에 듭니다. 근데 밥 하는 시간 내내 모터 돌아가는 소리가 너무 커서 불편합니다.",
    "Source": "쇼핑몰",
    "Domain": "가전",
    "MainCategory": "주방가전",
    "ProductName": "쿠쿠전자 CRP-HWF1060FDM 일반구매",
    "ReviewScore": "3",
    "Syllable": "61",
    "Word": "17",
    "RDate": "20220615",
    "GeneralPolarity": "0",
    "Aspects": [
      {
        "Aspect": "기능",
        "SentimentText": "밥 짓는 기능은 그럭저럭 마음에 듭니다.",
        "SentimentWord": "6",
        "SentimentPolarity": "0"
      },
      {
        "Aspect": "소음",
        "SentimentText": "밥 하는 시간 내내 모터 돌아가는 소리가 너무 커서 불편합니다.",
        "SentimentWord": "10",
        "SentimentPolarity": "-1"
      }
    ]
  },
  {
    "Index": "33313",
    "RawText": "무쇠솥밥에 누룽지가 생기는게 별로예요. 24시간 지나고나면 밥에 변색도 심해 많이 아쉽습니다..  가격대비 제품에 실망입니다 ㅜㅜ  비싼걸 살걸 후회하는 중이예요.",
    "Source": "쇼핑몰",
    "Domain": "가전",
    "MainCategory": "주방가전",
    "ProductName": "쿠쿠전자 CRP-HWF1060FDM 일반구매",
    "ReviewScore": "3",
    "Syllable": "91",
    "Word": "19",
    "RDate": "20211113",
    "GeneralPolarity": "-1",
    "Aspects": [
      {
        "Aspect": "기능",
        "SentimentText": "무쇠솥밥에 누룽지가 생기는게 별로예요.",
        "SentimentWord": "4",
        "SentimentPolarity": "-1"
      },
      {
        "Aspect": "기능",
        "SentimentText": "24시간 지나고나면 밥에 변색도 심해 많이 아쉽습니다.. ",
        "SentimentWord": "7",
        "SentimentPolarity": "-1"
      },
      {
        "Aspect": "품질",
        "SentimentText": "가격대비 제품에 실망입니다 ㅜㅜ",
        "SentimentWord": "4",
        "SentimentPolarity": "-1"
      }
    ]
  },
  {
    "Index": "33317",
    "RawText": "취사가 될때 증기부에 이상한 냄새가 계속올라오는게 불편해요.  어느정도 시간이 지나면 밥도 말라 밥맛도 떨어지네요. 실망이예요.",
    "Source": "쇼핑몰",
    "Domain": "가전",
    "MainCategory": "주방가전",
    "ProductName": "쿠쿠전자 CRP-HWF1060FDM 일반구매",
    "ReviewScore": "1",
    "Syllable": "71",
    "Word": "15",
    "RDate": "20220310",
    "GeneralPolarity": "-1",
    "Aspects": [
      {
        "Aspect": "품질",
        "SentimentText": "취사가 될때 증기부에 이상한 냄새가 계속올라오는게 불편해요. ",
        "SentimentWord": "7",
        "SentimentPolarity": "-1"
      },
      {
        "Aspect": "기능",
        "SentimentText": " 어느정도 시간이 지나면 밥도 말라 밥맛도 떨어지네요. 실망이예요.",
        "SentimentWord": "8",
        "SentimentPolarity": "-1"
      }
    ]
  },
  {
    "Index": "33321",
    "RawText": "배송은 빠르게 잘 받았어요 디자인이 예쁜게 마음에 듭니다. 단, 연결선이 너무 짧아서 두개로 이어 써야하는게 불편하네요~ 설겆이 하려고 패킹을 빼는데 그것도 잘 안빠지고 실망이예요!",
    "Source": "쇼핑몰",
    "Domain": "가전",
    "MainCategory": "주방가전",
    "ProductName": "쿠쿠전자 CRP-HWF1060FDM 일반구매",
    "ReviewScore": "5",
    "Syllable": "101",
    "Word": "24",
    "RDate": "20220117",
    "GeneralPolarity": "0",
    "Aspects": [
      {
        "Aspect": "디자인",
        "SentimentText": "디자인이 예쁜게 마음에 듭니다.",
        "SentimentWord": "4",
        "SentimentPolarity": "1"
      },
      {
        "Aspect": "조작성",
        "SentimentText": "연결선이 너무 짧아서 두개로 이어 써야하는게 불편하네요~",
        "SentimentWord": "7",
        "SentimentPolarity": "-1"
      },
      {
        "Aspect": "품질",
        "SentimentText": "설겆이 하려고 패킹을 빼는데 그것도 잘 안빠지고 실망이예요!  ",
        "SentimentWord": "8",
        "SentimentPolarity": "-1"
      }
    ]
  },
  {
    "Index": "33326",
    "RawText": "백미기능으로 처음 밥을 해봤는데 맛있게 잘 지어져서 만족합니다. 기본 메뉴얼에 충실한 제품이라 더 마음에 드네요 가성비 우수한 제품입니다.",
    "Source": "쇼핑몰",
    "Domain": "가전",
    "MainCategory": "주방가전",
    "ProductName": "쿠쿠전자 CRP-HWF1060FDM 일반구매",
    "ReviewScore": "5",
    "Syllable": "77",
    "Word": "18",
    "RDate": "20220531",
    "GeneralPolarity": "1",
    "Aspects": [
      {
        "Aspect": "기능",
        "SentimentText": "백미기능으로 처음 밥을 해봤는데 맛있게 잘 지어져서 만족합니다.",
        "SentimentWord": "8",
        "SentimentPolarity": "1"
      },
      {
        "Aspect": "품질",
        "SentimentText": "기본 메뉴얼에 충실한 제품이라 더 마음에 드네요",
        "SentimentWord": "7",
        "SentimentPolarity": "1"
      },
      {
        "Aspect": "가격",
        "SentimentText": "가성비 우수한 제품입니다.",
        "SentimentWord": "3",
        "SentimentPolarity": "1"
      }
    ]
  },
  {
    "Index": "33327",
    "RawText": "부모님께 선물로 보내드렸는데 만족하십니다. 성능도 좋아 밥맛도 좋다고 하시고, 조작법이 간편해서 어르신 사용하시기도 충분합니다",
    "Source": "쇼핑몰",
    "Domain": "가전",
    "MainCategory": "주방가전",
    "ProductName": "쿠쿠전자 CRP-HWF1060FDM 일반구매",
    "ReviewScore": "5",
    "Syllable": "70",
    "Word": "14",
    "RDate": "20220117",
    "GeneralPolarity": "1",
    "Aspects": [
      {
        "Aspect": "기능",
        "SentimentText": "성능도 좋아 밥맛도 좋다고 하시고, ",
        "SentimentWord": "5",
        "SentimentPolarity": "1"
      },
      {
        "Aspect": "조작성",
        "SentimentText": "조작법이 간편해서 어르신 사용하시기도 충분합니다",
        "SentimentWord": "5",
        "SentimentPolarity": "1"
      }
    ]
  }
]