[
  {
    "Index": "30615",
    "RawText": "성능이 높아서  좋은 것 같아요.  작동할때 이상한 괴음이 납니다. 상품 불량 같아서 기분이 별로 안 좋습니다",
    "Source": "쇼핑몰",
    "Domain": "가전",
    "MainCategory": "주방가전",
    "ProductName": "LG전자 MW25 스테인리스",
    "ReviewScore": "3",
    "Syllable": "61",
    "Word": "16",
    "RDate": "20211206",
    "GeneralPolarity": "0",
    "Aspects": [
      {
        "Aspect": "기능",
        "SentimentText": "성능이 높아서  좋은 것 같아요. ",
        "SentimentWord": "5",
        "SentimentPolarity": "1"
      },
      {
        "Aspect": "품질",
        "SentimentText": " 작동할때 이상한 괴음이 납니다. 상품 불량 같아서 기분이 별로 안 좋습니다   ",
        "SentimentWord": "11",
        "SentimentPolarity": "-1"
      }
    ]
  },
  {
    "Index": "30617",
    "RawText": "좋은가격에 좋은제품 구매했네요. 만족스러워요. 디자인도 깔끔해서 좋구요. 사용하기 너무 간편해서 좋아요",
    "Source": "쇼핑몰",
    "Domain": "가전",
    "MainCategory": "주방가전",
    "ProductName": "LG전자 MW25 스테인리스",
    "ReviewScore": "5",
    "Syllable": "57",
    "Word": "11",
    "RDate": "20181231",
    "GeneralPolarity": "1",
    "Aspects": [
      {
        "Aspect": "가격",
        "SentimentText": "좋은가격에 좋은제품 구매했네요. 만족스러워요.",
        "SentimentWord": "4",
        "SentimentPolarity": "1"
      },
      {
        "Aspect": "디자인",
        "SentimentText": "디자인도 깔끔해서 좋구요.",
        "SentimentWord": "3",
        "SentimentPolarity": "1"
      },
      {
        "Aspect": "편의성",
        "SentimentText": "사용하기 너무 간편해서 좋아요",
        "SentimentWord": "4",
        "SentimentPolarity": "1"
      }
    ]
  },
  {
    "Index": "30618",
    "RawText": "5단출력 가능한 점 너무 좋아요. 1000W가 되서 요리가 진짜 빨리되서 좋아요. 이정도 가격에 이정도 제품이면 훌륭하죠. 만족스러워요.",
    "Source": "쇼핑몰",
    "Domain": "가전",
    "MainCategory": "주방가전",
    "ProductName": "LG전자 MW25 스테인리스",
    "ReviewScore": "5",
    "Syllable": "76",
    "Word": "17",
    "RDate": "20220714",
    "GeneralPolarity": "1",
    "Aspects": [
      {
        "Aspect": "기능",
        "SentimentText": "5단출력 가능한 점 너무 좋아요. 1000W가 되서 요리가 진짜 빨리되서 좋아요.",
        "SentimentWord": "11",
        "SentimentPolarity": "1"
      },
      {
        "Aspect": "가격",
        "SentimentText": " 이정도 가격에 이정도 제품이면 훌륭하죠. 만족스러워요.",
        "SentimentWord": "6",
        "SentimentPolarity": "1"
      }
    ]
  },
  {
    "Index": "30619",
    "RawText": "23L 중형레인지로 구매했는데 용량 진짜 넓고 깊어요 좋네요. 소음은 굉장히 요란스러워서 그게 좀 아쉬워요.",
    "Source": "쇼핑몰",
    "Domain": "가전",
    "MainCategory": "주방가전",
    "ProductName": "LG전자 MW25 스테인리스",
    "ReviewScore": "5",
    "Syllable": "60",
    "Word": "14",
    "RDate": "20210207",
    "GeneralPolarity": "0",
    "Aspects": [
      {
        "Aspect": "용량",
        "SentimentText": "23L 중형레인지로 구매했는데 용량 진짜 넓고 깊어요 좋네요.",
        "SentimentWord": "8",
        "SentimentPolarity": "1"
      },
      {
        "Aspect": "소음",
        "SentimentText": "소음은 굉장히 요란스러워서 그게 좀 아쉬워요.",
        "SentimentWord": "6",
        "SentimentPolarity": "-1"
      }
    ]
  },
  {
    "Index": "30620",
    "RawText": "제품 받아서 사용해보니 문을 연 다음 메뉴를 입력해야해서 번거로워요. 소음도 생각했던거보다 굉장히 크고 기계음도 시끄러워요.",
    "Source": "쇼핑몰",
    "Domain": "가전",
    "MainCategory": "주방가전",
    "ProductName": "LG전자 MW25 스테인리스",
    "ReviewScore": "4",
    "Syllable": "69",
    "Word": "15",
    "RDate": "20180209",
    "GeneralPolarity": "-1",
    "Aspects": [
      {
        "Aspect": "조작성",
        "SentimentText": "제품 받아서 사용해보니 문을 연 다음 메뉴를 입력해야해서 번거로워요.",
        "SentimentWord": "9",
        "SentimentPolarity": "-1"
      },
      {
        "Aspect": "소음",
        "SentimentText": "소음도 생각했던거보다 굉장히 크고 기계음도 시끄러워요.",
        "SentimentWord": "6",
        "SentimentPolarity": "-1"
      }
    ]
  },
  {
    "Index": "30626",
    "RawText": "회사에서 쓰려고 중형으로 주문했는데 내부 넓어서 좋네요. 디자인도 깔끔해서 좋아요.",
    "Source": "쇼핑몰",
    "Domain": "가전",
    "MainCategory": "주방가전",
    "ProductName": "LG전자 MW25 스테인리스",
    "ReviewScore": "4",
    "Syllable": "46",
    "Word": "10",
    "RDate": "20201231",
    "GeneralPolarity": "1",
    "Aspects": [
      {
        "Aspect": "용량",
        "SentimentText": "회사에서 쓰려고 중형으로 주문했는데 내부 넓어서 좋네요.",
        "SentimentWord": "7",
        "SentimentPolarity": "1"
      },
      {
        "Aspect": "디자인",
        "SentimentText": "디자인도 깔끔해서 좋아요.",
        "SentimentWord": "3",
        "SentimentPolarity": "1"
      }
    ]
  },
  {
    "Index": "30629",
    "RawText": "전면부가 강화유리라 안에 용기가 잘 보여서 좋아요. 다만 조금 작동시에 소리가 요란해요. 모터소리가 큰건지 거슬립니다.",
    "Source": "쇼핑몰",
    "Domain": "가전",
    "MainCategory": "주방가전",
    "ProductName": "LG전자 MW25 스테인리스",
    "ReviewScore": "5",
    "Syllable": "66",
    "Word": "15",
    "RDate": "20190626",
    "GeneralPolarity": "0",
    "Aspects": [
      {
        "Aspect": "편의성",
        "SentimentText": "전면부가 강화유리라 안에 용기가 잘 보여서 좋아요.",
        "SentimentWord": "7",
        "SentimentPolarity": "1"
      },
      {
        "Aspect": "소음",
        "SentimentText": "다만 조금 작동시에 소리가 요란해요. 모터소리가 큰건지 거슬립니다.",
        "SentimentWord": "8",
        "SentimentPolarity": "-1"
      }
    ]
  },
  {
    "Index": "30631",
    "RawText": "사이즈 용량이 사용하기 적당해서 좋습니다. 디자인도 흔하지 않는 스타일이라서 이쁩니다. ㅇㅇㅇ 믿으니깐 믿고 씁니다",
    "Source": "쇼핑몰",
    "Domain": "가전",
    "MainCategory": "주방가전",
    "ProductName": "LG전자 MW25 스테인리스",
    "ReviewScore": "5",
    "Syllable": "64",
    "Word": "14",
    "RDate": "20210224",
    "GeneralPolarity": "1",
    "Aspects": [
      {
        "Aspect": "용량",
        "SentimentText": "사이즈 용량이 사용하기 적당해서 좋습니다. ",
        "SentimentWord": "5",
        "SentimentPolarity": "1"
      },
      {
        "Aspect": "디자인",
        "SentimentText": " 디자인도 흔하지 않는 스타일이라서 이쁩니다.",
        "SentimentWord": "5",
        "SentimentPolarity": "1"
      },
      {
        "Aspect": "제조일/제조사",
        "SentimentText": "ㅇㅇㅇ 믿으니깐 믿고 씁니다  ",
        "SentimentWord": "4",
        "SentimentPolarity": "1"
      }
    ]
  },
  {
    "Index": "30632",
    "RawText": "받은 상품이 조작법이 어렵지 않아 사용하기 좋습니다. 디자인도 집이랑 잘 어울리는 모던한 스타일이라서 만족합니다~",
    "Source": "쇼핑몰",
    "Domain": "가전",
    "MainCategory": "주방가전",
    "ProductName": "LG전자 MW25 스테인리스",
    "ReviewScore": "5",
    "Syllable": "63",
    "Word": "14",
    "RDate": "20190427",
    "GeneralPolarity": "1",
    "Aspects": [
      {
        "Aspect": "조작성",
        "SentimentText": "조작법이 어렵지 않아 사용하기 좋습니다.",
        "SentimentWord": "5",
        "SentimentPolarity": "1"
      },
      {
        "Aspect": "디자인",
        "SentimentText": "디자인도 집이랑 잘 어울리는 모던한 스타일이라서 만족합니다~",
        "SentimentWord": "7",
        "SentimentPolarity": "1"
      }
    ]
  },
  {
    "Index": "30633",
    "RawText": "품질도 우수한 제품이라서 만족! 디자인도 고급스러워서 합격! 가격도 저렴해서  합리적! 간편기능만 있어 사용도 편해요.",
    "Source": "쇼핑몰",
    "Domain": "가전",
    "MainCategory": "주방가전",
    "ProductName": "LG전자 MW25 스테인리스",
    "ReviewScore": "5",
    "Syllable": "66",
    "Word": "14",
    "RDate": "20190104",
    "GeneralPolarity": "1",
    "Aspects": [
      {
        "Aspect": "품질",
        "SentimentText": "품질도 우수한 제품이라서 만족!",
        "SentimentWord": "4",
        "SentimentPolarity": "1"
      },
      {
        "Aspect": "디자인",
        "SentimentText": "디자인도 고급스러워서 합격! ",
        "SentimentWord": "3",
        "SentimentPolarity": "1"
      },
      {
        "Aspect": "가격",
        "SentimentText": " 가격도 저렴해서  합리적!",
        "SentimentWord": "3",
        "SentimentPolarity": "1"
      },
      {
        "Aspect": "편의성",
        "SentimentText": "간편기능만 있어 사용도 편해요.",
        "SentimentWord": "4",
        "SentimentPolarity": "1"
      }
    ]
  },
  {
    "Index": "30634",
    "RawText": "품질 관리도 엉망인지 옆 꾸리가 찌그러진 상품이 왔습니다. 화면에서 본 디자인보다 싼티나서 실망스럽고, 이런 상품을 이 가격에 산 게 분합니다. 반품하고 싶네요!",
    "Source": "쇼핑몰",
    "Domain": "가전",
    "MainCategory": "주방가전",
    "ProductName": "LG전자 MW25 스테인리스",
    "ReviewScore": "5",
    "Syllable": "90",
    "Word": "22",
    "RDate": "20190208",
    "GeneralPolarity": "-1",
    "Aspects": [
      {
        "Aspect": "품질",
        "SentimentText": "품질 관리도 엉망인지 옆 꾸리가 찌그러진 상품이 왔습니다.",
        "SentimentWord": "8",
        "SentimentPolarity": "-1"
      },
      {
        "Aspect": "디자인",
        "SentimentText": "화면에서 본 디자인보다 싼티나서 실망스럽고,",
        "SentimentWord": "5",
        "SentimentPolarity": "-1"
      },
      {
        "Aspect": "가격",
        "SentimentText": " 이런 상품을 이 가격에 산 게 분합니다.",
        "SentimentWord": "7",
        "SentimentPolarity": "-1"
      }
    ]
  },
  {
    "Index": "30635",
    "RawText": "이 브랜드 품질 모르는 사람도 있나요. 정말 좋네요. 쓰면 쓸수록 품질 대박입니다. 조금 아쉬운점이 전원선이 짧아서 멀티탭을 한개 더 연결했네요.",
    "Source": "쇼핑몰",
    "Domain": "가전",
    "MainCategory": "주방가전",
    "ProductName": "LG전자 MW25 스테인리스",
    "ReviewScore": "5",
    "Syllable": "81",
    "Word": "20",
    "RDate": "20190524",
    "GeneralPolarity": "0",
    "Aspects": [
      {
        "Aspect": "제조일/제조사",
        "SentimentText": "이 브랜드 품질 모르는 사람도 있나요. 정말 좋네요. 쓰면 쓸수록 품질 대박입니다.",
        "SentimentWord": "12",
        "SentimentPolarity": "1"
      },
      {
        "Aspect": "편의성",
        "SentimentText": "조금 아쉬운점이 전원선이 짧아서 멀티탭을 한개 더 연결했네요.",
        "SentimentWord": "8",
        "SentimentPolarity": "-1"
      }
    ]
  },
  {
    "Index": "30636",
    "RawText": "포인트 사용해서 저렴하게 잘샀네요. 너무 맘에 들어요. 전에 쓰던게 용량이 작아서 아쉬웠는데 이번 전자레인지는 용량도 크고 좋네요.",
    "Source": "쇼핑몰",
    "Domain": "가전",
    "MainCategory": "주방가전",
    "ProductName": "LG전자 MW25 스테인리스",
    "ReviewScore": "5",
    "Syllable": "73",
    "Word": "17",
    "RDate": "20181117",
    "GeneralPolarity": "1",
    "Aspects": [
      {
        "Aspect": "가격",
        "SentimentText": "포인트 사용해서 저렴하게 잘샀네요. 너무 맘에 들어요.",
        "SentimentWord": "7",
        "SentimentPolarity": "1"
      },
      {
        "Aspect": "용량",
        "SentimentText": "전에 쓰던게 용량이 작아서 아쉬웠는데 이번 전자레인지는 용량도 크고 좋네요.",
        "SentimentWord": "10",
        "SentimentPolarity": "1"
      }
    ]
  },
  {
    "Index": "30637",
    "RawText": "출력 와트를 조절할 수 있는게 제일 큰 장점인것 같아요. 좋아요. 디자인도 깔끔하고 심플하니 어디다놔도 예쁘네요.",
    "Source": "쇼핑몰",
    "Domain": "가전",
    "MainCategory": "주방가전",
    "ProductName": "LG전자 MW25 스테인리스",
    "ReviewScore": "5",
    "Syllable": "63",
    "Word": "15",
    "RDate": "20210329",
    "GeneralPolarity": "1",
    "Aspects": [
      {
        "Aspect": "기능",
        "SentimentText": "출력 와트를 조절할 수 있는게 제일 큰 장점인것 같아요. 좋아요. ",
        "SentimentWord": "10",
        "SentimentPolarity": "1"
      },
      {
        "Aspect": "디자인",
        "SentimentText": "디자인도 깔끔하고 심플하니 어디다놔도 예쁘네요.",
        "SentimentWord": "5",
        "SentimentPolarity": "1"
      }
    ]
  },
  {
    "Index": "30638",
    "RawText": "자동요리, 자동데우기 등 자동조리 기능이 월등합니다. 만족스러워요. 조금 아쉬운게 용량이 좀 적어요. 편의점 도시락이 안돌아가네요.",
    "Source": "쇼핑몰",
    "Domain": "가전",
    "MainCategory": "주방가전",
    "ProductName": "LG전자 MW25 스테인리스",
    "ReviewScore": "5",
    "Syllable": "73",
    "Word": "15",
    "RDate": "20210912",
    "GeneralPolarity": "0",
    "Aspects": [
      {
        "Aspect": "기능",
        "SentimentText": "자동요리, 자동데우기 등 자동조리 기능이 월등합니다. 만족스러워요. ",
        "SentimentWord": "7",
        "SentimentPolarity": "1"
      },
      {
        "Aspect": "용량",
        "SentimentText": "조금 아쉬운게 용량이 좀 적어요. 편의점 도시락이 안돌아가네요.",
        "SentimentWord": "8",
        "SentimentPolarity": "-1"
      }
    ]
  },
  {
    "Index": "30640",
    "RawText": "심플한 디자인이 이뻐서 마음에 들고요. 다이얼이 있어 사용하기 너무 편해요 . 근데 본체가 가벼운지 도어 열 때 본체가 딸려와서 매우 불편합니다. 버튼도 함께 있어 조작도 쉬워요",
    "Source": "쇼핑몰",
    "Domain": "가전",
    "MainCategory": "주방가전",
    "ProductName": "SK매직 MWO-230KH",
    "ReviewScore": "5",
    "Syllable": "99",
    "Word": "26",
    "RDate": "20220731",
    "GeneralPolarity": "0",
    "Aspects": [
      {
        "Aspect": "디자인",
        "SentimentText": "심플한 디자인이 이뻐서 마음에 들고요",
        "SentimentWord": "5",
        "SentimentPolarity": "1"
      },
      {
        "Aspect": "편의성",
        "SentimentText": "다이얼이 있어 사용하기 너무 편해요 . ",
        "SentimentWord": "6",
        "SentimentPolarity": "1"
      },
      {
        "Aspect": "무게",
        "SentimentText": "본체가 가벼운지 도어 열 때 본체가 딸려와서 매우 불편합니다",
        "SentimentWord": "9",
        "SentimentPolarity": "-1"
      },
      {
        "Aspect": "조작성",
        "SentimentText": "버튼도 함께 있어 조작도 쉬워요 ",
        "SentimentWord": "5",
        "SentimentPolarity": "1"
      }
    ]
  },
  {
    "Index": "30641",
    "RawText": "쇼핑몰에서 23리터 전자레인지 저렴한 가격에 구매 해서 기분 좋습니다. 조작법도 버튼식+다이얼이라서 너무 간편하고 제 스타일입니다",
    "Source": "쇼핑몰",
    "Domain": "가전",
    "MainCategory": "주방가전",
    "ProductName": "SK매직 MWO-230KH",
    "ReviewScore": "4",
    "Syllable": "72",
    "Word": "15",
    "RDate": "20220617",
    "GeneralPolarity": "1",
    "Aspects": [
      {
        "Aspect": "가격",
        "SentimentText": "쇼핑몰에서 23리터 전자레인지 저렴한 가격에 구매 해서 기분 좋습니다.",
        "SentimentWord": "9",
        "SentimentPolarity": "1"
      },
      {
        "Aspect": "조작성",
        "SentimentText": "조작법도 버튼식+다이얼이라서 너무 간편하고 제 스타일입니다 ",
        "SentimentWord": "6",
        "SentimentPolarity": "1"
      }
    ]
  },
  {
    "Index": "30643",
    "RawText": "제가 찾던 23리터 상품이네요 . 용량도 딱좋아요! 사용법도 어렵지 않고 간단해서 누구나 사용 할수 있습니다. 추천드립니다.",
    "Source": "쇼핑몰",
    "Domain": "가전",
    "MainCategory": "주방가전",
    "ProductName": "SK매직 MWO-230KH",
    "ReviewScore": "5",
    "Syllable": "69",
    "Word": "16",
    "RDate": "20220119",
    "GeneralPolarity": "1",
    "Aspects": [
      {
        "Aspect": "용량",
        "SentimentText": "제가 찾던 23리터 상품이네요 . 용량도 딱좋아요! ",
        "SentimentWord": "7",
        "SentimentPolarity": "1"
      },
      {
        "Aspect": "조작성",
        "SentimentText": "사용법도 어렵지 않고 간단해서 누구나 사용 할수 있습니다. 추천드립니다.",
        "SentimentWord": "9",
        "SentimentPolarity": "1"
      }
    ]
  },
  {
    "Index": "30644",
    "RawText": "가격대는 부담없는 가격이라 만족합니다. 별다른 기능 없이 기본 기능에 충실해서 더 좋습니다.",
    "Source": "쇼핑몰",
    "Domain": "가전",
    "MainCategory": "주방가전",
    "ProductName": "SK매직 MWO-230KH",
    "ReviewScore": "5",
    "Syllable": "51",
    "Word": "12",
    "RDate": "20220710",
    "GeneralPolarity": "1",
    "Aspects": [
      {
        "Aspect": "가격",
        "SentimentText": "가격대는 부담없는 가격이라 만족합니다.",
        "SentimentWord": "4",
        "SentimentPolarity": "1"
      },
      {
        "Aspect": "기능",
        "SentimentText": " 별다른 기능 없이 기본 기능에 충실해서 더 좋습니다.   ",
        "SentimentWord": "8",
        "SentimentPolarity": "1"
      }
    ]
  },
  {
    "Index": "30645",
    "RawText": "제가 생각한 가격대로 사서   만족스럽습니다. 전에 쓰던 제품보다 기능이 간편해서 좋은 것 같습니다.",
    "Source": "쇼핑몰",
    "Domain": "가전",
    "MainCategory": "주방가전",
    "ProductName": "SK매직 MWO-230KH",
    "ReviewScore": "4",
    "Syllable": "56",
    "Word": "13",
    "RDate": "20220225",
    "GeneralPolarity": "1",
    "Aspects": [
      {
        "Aspect": "가격",
        "SentimentText": "제가 생각한 가격대로 사서   만족스럽습니다.",
        "SentimentWord": "5",
        "SentimentPolarity": "1"
      },
      {
        "Aspect": "기능",
        "SentimentText": "전에 쓰던 제품보다 기능이 간편해서 좋은 것 같습니다. ",
        "SentimentWord": "8",
        "SentimentPolarity": "1"
      }
    ]
  },
  {
    "Index": "30647",
    "RawText": "디자인이 심플, 깔끔 그 자체라서 좋습니다. 그런데 23리터라서 편의점 도시락이 회전이 될 줄 알았는데 사이즈 작아 안 돌아가 아쉽습니다",
    "Source": "쇼핑몰",
    "Domain": "가전",
    "MainCategory": "주방가전",
    "ProductName": "SK매직 MWO-230KH",
    "ReviewScore": "5",
    "Syllable": "76",
    "Word": "19",
    "RDate": "20220222",
    "GeneralPolarity": "0",
    "Aspects": [
      {
        "Aspect": "디자인",
        "SentimentText": "디자인이 심플, 깔끔 그 자체라서 좋습니다",
        "SentimentWord": "6",
        "SentimentPolarity": "1"
      },
      {
        "Aspect": "용량",
        "SentimentText": "23리터라서 편의점 도시락이 회전이 될 줄 알았는데 사이즈 작아 안 돌아가 아쉽습니다",
        "SentimentWord": "12",
        "SentimentPolarity": "-1"
      }
    ]
  },
  {
    "Index": "30649",
    "RawText": "가동하지 않고 대기중에도 상태창이 0으로 표기 되어 전기료가 걱정이됩니다.  일일이 멀티탭을 전원을 꺼야 하니깐 번거롭고 귀찮아요",
    "Source": "쇼핑몰",
    "Domain": "가전",
    "MainCategory": "주방가전",
    "ProductName": "SK매직 MWO-230KH",
    "ReviewScore": "3",
    "Syllable": "72",
    "Word": "16",
    "RDate": "20220715",
    "GeneralPolarity": "-1",
    "Aspects": [
      {
        "Aspect": "소비전력",
        "SentimentText": "가동하지 않고 대기중에도 상태창이 0으로 표기 되어 전기료가 걱정이됩니다",
        "SentimentWord": "9",
        "SentimentPolarity": "-1"
      },
      {
        "Aspect": "편의성",
        "SentimentText": " 일일이 멀티탭을 전원을 꺼야 하니깐 번거롭고 귀찮아요 ",
        "SentimentWord": "7",
        "SentimentPolarity": "-1"
      }
    ]
  },
  {
    "Index": "30651",
    "RawText": "디자인이 참 심플하고 깔끔하네요~ 마트보다 저렴하게 구매해서 돈 벌었어요^^ 그런데 23리터인데 전에 사용하던 20리터랑 별 차이 없어 실망스럽네요",
    "Source": "쇼핑몰",
    "Domain": "가전",
    "MainCategory": "주방가전",
    "ProductName": "SK매직 MWO-230KH",
    "ReviewScore": "5",
    "Syllable": "82",
    "Word": "18",
    "RDate": "20220223",
    "GeneralPolarity": "0",
    "Aspects": [
      {
        "Aspect": "디자인",
        "SentimentText": "디자인이 참 심플하고 깔끔하네요~",
        "SentimentWord": "4",
        "SentimentPolarity": "1"
      },
      {
        "Aspect": "가격",
        "SentimentText": "마트보다 저렴하게 구매해서 돈 벌었어요^^ ",
        "SentimentWord": "5",
        "SentimentPolarity": "1"
      },
      {
        "Aspect": "용량",
        "SentimentText": " 23리터인데 전에 사용하던 20리터랑 별 차이 없어 실망스럽네요 ",
        "SentimentWord": "8",
        "SentimentPolarity": "-1"
      }
    ]
  },
  {
    "Index": "30653",
    "RawText": "문을 열고 닫을 때 소리가 엄청 크네요. 매우 거슬립니다. 반품하고 싶은데 박스가 찢어져 그냥 사용 하는데... 이런 상품을 만든 ㅇㅇㅇ에 화가 납니다. 어떻게좀 해봐요!",
    "Source": "쇼핑몰",
    "Domain": "가전",
    "MainCategory": "주방가전",
    "ProductName": "SK매직 MWO-230KH",
    "ReviewScore": "2",
    "Syllable": "95",
    "Word": "24",
    "RDate": "20211228",
    "GeneralPolarity": "-1",
    "Aspects": [
      {
        "Aspect": "소음",
        "SentimentText": "문을 열고 닫을 때 소리가 엄청 크네요. 매우 거슬립니다",
        "SentimentWord": "9",
        "SentimentPolarity": "-1"
      },
      {
        "Aspect": "제조일/제조사",
        "SentimentText": " 이런 상품을 만든 ㅇㅇㅇ에 화가 납니다.어떻게좀 해봐요! ",
        "SentimentWord": "7",
        "SentimentPolarity": "-1"
      }
    ]
  },
  {
    "Index": "30654",
    "RawText": "3-4인용 중형레인지라 용량 넉넉하겠거니 하고 주문했는데 너무 작아서 아쉽습니다. 그리고 디스플레이가 버튼형이라 깔끔해서 좋네요.",
    "Source": "쇼핑몰",
    "Domain": "가전",
    "MainCategory": "주방가전",
    "ProductName": "SK매직 MWO-230KH",
    "ReviewScore": "3",
    "Syllable": "72",
    "Word": "14",
    "RDate": "20220828",
    "GeneralPolarity": "0",
    "Aspects": [
      {
        "Aspect": "용량",
        "SentimentText": "3-4인용 중형레인지라 용량 넉넉하겠거니 하고 주문했는데 너무 작아서 아쉽습니다.",
        "SentimentWord": "9",
        "SentimentPolarity": "-1"
      },
      {
        "Aspect": "디자인",
        "SentimentText": "그리고 디스플레이가 버튼형이라 깔끔해서 좋네요.",
        "SentimentWord": "5",
        "SentimentPolarity": "1"
      }
    ]
  },
  {
    "Index": "30655",
    "RawText": "시간 추가할때 1분,3분,10초 단위로 누르는 버튼 있어 좋아요. 음식 넣고 돌리는데 전자레인지 발열이 너무 심하네요",
    "Source": "쇼핑몰",
    "Domain": "가전",
    "MainCategory": "주방가전",
    "ProductName": "SK매직 MWO-230KH",
    "ReviewScore": "5",
    "Syllable": "65",
    "Word": "15",
    "RDate": "20211007",
    "GeneralPolarity": "0",
    "Aspects": [
      {
        "Aspect": "조작성",
        "SentimentText": "시간 추가할때 1분,3분,10초 단위로 누르는 버튼 있어 좋아요.",
        "SentimentWord": "8",
        "SentimentPolarity": "1"
      },
      {
        "Aspect": "내구성",
        "SentimentText": "음식 넣고 돌리는데 전자레인지 발열이 너무 심하네요",
        "SentimentWord": "7",
        "SentimentPolarity": "-1"
      }
    ]
  },
  {
    "Index": "30656",
    "RawText": "배송후에 음식 돌려봤는데 너무 잘 가열되고 빠르네요. 좀 쉬운게 유리판이 자꾸 음식꺼낼때 빠져서 번거로워요.",
    "Source": "쇼핑몰",
    "Domain": "가전",
    "MainCategory": "주방가전",
    "ProductName": "SK매직 MWO-230KH",
    "ReviewScore": "5",
    "Syllable": "60",
    "Word": "14",
    "RDate": "20220115",
    "Aspects": [
      {
        "Aspect": "기능",
        "SentimentText": "배송후에 음식 돌려봤는데 너무 잘 가열되고 빠르네요.",
        "SentimentWord": "7",
        "SentimentPolarity": "1"
      },
      {
        "Aspect": "편의성",
        "SentimentText": "좀 쉬운게 유리판이 자꾸 음식꺼낼때 빠져서 번거로워요.",
        "SentimentWord": "7",
        "SentimentPolarity": "-1"
      }
    ]
  },
  {
    "Index": "30657",
    "RawText": "너무 싼가격이라 걱정했는데 가격대비 가성비 갑이예요 훌륭합니다. 디자인이 생각보다 저렴한 티가 나서 아쉽네요.",
    "Source": "쇼핑몰",
    "Domain": "가전",
    "MainCategory": "주방가전",
    "ProductName": "SK매직 MWO-230KH",
    "ReviewScore": "5",
    "Syllable": "61",
    "Word": "13",
    "RDate": "20220624",
    "GeneralPolarity": "0",
    "Aspects": [
      {
        "Aspect": "가격",
        "SentimentText": "너무 싼가격이라 걱정했는데 가격대비 가성비 갑이예요 훌륭합니다. ",
        "SentimentWord": "7",
        "SentimentPolarity": "1"
      },
      {
        "Aspect": "디자인",
        "SentimentText": "디자인이 생각보다 저렴한 티가 나서 아쉽네요.",
        "SentimentWord": "6",
        "SentimentPolarity": "-1"
      }
    ]
  },
  {
    "Index": "30660",
    "RawText": "제품에 흠집이랑 기스가 난상태로 와서 굉장히 퀄리티가 의심되네요. 사용하는덴 지장없어서 그냥저냥 쓸랍니다. 저렴한 값에 샀다 칠래요ㅡㅡ",
    "Source": "쇼핑몰",
    "Domain": "가전",
    "MainCategory": "주방가전",
    "ProductName": "SK매직 MWO-230KH",
    "ReviewScore": "4",
    "Syllable": "75",
    "Word": "16",
    "RDate": "20220109",
    "GeneralPolarity": "-1",
    "Aspects": [
      {
        "Aspect": "품질",
        "SentimentText": "제품에 흠집이랑 기스가 난상태로 와서 굉장히 퀄리티가 의심되네요.",
        "SentimentWord": "8",
        "SentimentPolarity": "-1"
      },
      {
        "Aspect": "가격",
        "SentimentText": "사용하는덴 지장없어서 그냥저냥 쓸랍니다. 저렴한 값에 샀다 칠래요ㅡㅡ",
        "SentimentWord": "8",
        "SentimentPolarity": "0"
      }
    ]
  },
  {
    "Index": "30661",
    "RawText": "초,분단위를 일일히 제가 추가할 수 있는 기능이 있어서 편리합니다.  컬러가 약간 블랙에 회색계열인데 좀 색상이 탁해요 싼티나보여서 별로예요.",
    "Source": "쇼핑몰",
    "Domain": "가전",
    "MainCategory": "주방가전",
    "ProductName": "SK매직 MWO-230KH",
    "ReviewScore": "4",
    "Syllable": "79",
    "Word": "18",
    "RDate": "20211119",
    "GeneralPolarity": "0",
    "Aspects": [
      {
        "Aspect": "기능",
        "SentimentText": "초,분단위를 일일히 제가 추가할 수 있는 기능이 있어서 편리합니다. ",
        "SentimentWord": "9",
        "SentimentPolarity": "1"
      },
      {
        "Aspect": "색상",
        "SentimentText": "컬러가 약간 블랙에 회색계열인데 좀 색상이 탁해요 싼티나보여서 별로예요.",
        "SentimentWord": "9",
        "SentimentPolarity": "-1"
      }
    ]
  },
  {
    "Index": "30662",
    "RawText": "저렴한 가격에 사용하기 좋은 제품중에 하나예요. 가격대비 좋습니다. 버튼식이라 사용하실때 편리해서 좋아요.",
    "Source": "쇼핑몰",
    "Domain": "가전",
    "MainCategory": "주방가전",
    "ProductName": "SK매직 MWO-230KH",
    "ReviewScore": "5",
    "Syllable": "59",
    "Word": "12",
    "RDate": "20220427",
    "GeneralPolarity": "1",
    "Aspects": [
      {
        "Aspect": "가격",
        "SentimentText": "저렴한 가격에 사용하기 좋은 제품중에 하나예요. 가격대비 좋습니다.",
        "SentimentWord": "8",
        "SentimentPolarity": "1"
      },
      {
        "Aspect": "편의성",
        "SentimentText": "버튼식이라 사용하실때 편리해서 좋아요.",
        "SentimentWord": "4",
        "SentimentPolarity": "1"
      }
    ]
  },
  {
    "Index": "30663",
    "RawText": "전체적인 전자레인지 사이즈가 엄청 커요. 너무 커서 당황했습니다;; 디자인은 보시는거처럼 그대로입니다. 고급스럽지도 싸보이지도 않고 딱  그정도예요 그냥저냥 쓸랍니다.",
    "Source": "쇼핑몰",
    "Domain": "가전",
    "MainCategory": "주방가전",
    "ProductName": "SK매직 MWO-230KH",
    "ReviewScore": "3",
    "Syllable": "93",
    "Word": "18",
    "RDate": "20211012",
    "GeneralPolarity": "-1",
    "Aspects": [
      {
        "Aspect": "사이즈",
        "SentimentText": "전체적인 전자레인지 사이즈가 엄청 커요. 너무 커서 당황했습니다;;",
        "SentimentWord": "8",
        "SentimentPolarity": "-1"
      },
      {
        "Aspect": "디자인",
        "SentimentText": "디자인은 보시는거처럼 그대로입니다. 고급스럽지도 싸보이지도 않고 딱  그정도예요 그냥저냥 쓸랍니다.",
        "SentimentWord": "10",
        "SentimentPolarity": "-1"
      }
    ]
  },
  {
    "Index": "30664",
    "RawText": "내부공간이 생각보다 넓지않아요. 깊기만 깊지 폭은 넓지않아 아쉽네요. 그리고 문 여닫을때마다 알림음이 나서 너무 시끄러워요.",
    "Source": "쇼핑몰",
    "Domain": "가전",
    "MainCategory": "주방가전",
    "ProductName": "SK매직 MWO-230KH",
    "ReviewScore": "2",
    "Syllable": "69",
    "Word": "15",
    "RDate": "20220527",
    "GeneralPolarity": "-1",
    "Aspects": [
      {
        "Aspect": "용량",
        "SentimentText": "내부공간이 생각보다 넓지않아요. 깊기만 깊지 폭은 넓지않아 아쉽네요",
        "SentimentWord": "8",
        "SentimentPolarity": "-1"
      },
      {
        "Aspect": "소음",
        "SentimentText": "그리고 문 여닫을때마다 알림음이 나서 너무 시끄러워요.",
        "SentimentWord": "7",
        "SentimentPolarity": "-1"
      }
    ]
  },
  {
    "Index": "30666",
    "RawText": "엄마댁에 선물해드렸는데 디자인도 깔끔하고 예쁘시다고 좋아하시네요. 버튼식 전자레인지라 사용하시기도 너무 편하시대요. 만족스러워요.",
    "Source": "쇼핑몰",
    "Domain": "가전",
    "MainCategory": "주방가전",
    "ProductName": "SK매직 MWO-230KH",
    "ReviewScore": "5",
    "Syllable": "72",
    "Word": "12",
    "RDate": "20220824",
    "GeneralPolarity": "1",
    "Aspects": [
      {
        "Aspect": "디자인",
        "SentimentText": "엄마댁에 선물해드렸는데 디자인도 깔끔하고 예쁘시다고 좋아하시네요.",
        "SentimentWord": "6",
        "SentimentPolarity": "1"
      },
      {
        "Aspect": "편의성",
        "SentimentText": "버튼식 전자레인지라 사용하시기도 너무 편하시대요. 만족스러워요.",
        "SentimentWord": "6",
        "SentimentPolarity": "1"
      }
    ]
  },
  {
    "Index": "30667",
    "RawText": "디자인이 정말 세련되서 좋아요. 문이 버튼으로 열리는 문이아니라 수동식이라 좀 빡빡해서 별로예요.",
    "Source": "쇼핑몰",
    "Domain": "가전",
    "MainCategory": "주방가전",
    "ProductName": "SK매직 MWO-230KH",
    "ReviewScore": "5",
    "Syllable": "54",
    "Word": "12",
    "RDate": "20220713",
    "GeneralPolarity": "0",
    "Aspects": [
      {
        "Aspect": "디자인",
        "SentimentText": "디자인이 정말 세련되서 좋아요.",
        "SentimentWord": "4",
        "SentimentPolarity": "1"
      },
      {
        "Aspect": "조작성",
        "SentimentText": " 문이 버튼으로 열리는 문이아니라 수동식이라 좀 빡빡해서 별로예요.",
        "SentimentWord": "8",
        "SentimentPolarity": "-1"
      }
    ]
  },
  {
    "Index": "30668",
    "RawText": "다이얼+버튼식 원해서 이 제품을 산건데 타브랜드에 비해 뭐가 좋은지 하나도 모르겠네요. 별로예요 가격도 비싸기만 더 비싸고 가성비 갑 제품은 아닌듯해요ㅡㅡ. 그리고 기계음이 굉장히 크고 돌아가는 소리도 꽤 커서 시끄러워요.",
    "Source": "쇼핑몰",
    "Domain": "가전",
    "MainCategory": "주방가전",
    "ProductName": "SK매직 MWO-230KH",
    "ReviewScore": "4",
    "Syllable": "124",
    "Word": "29",
    "RDate": "20211204",
    "GeneralPolarity": "-1",
    "Aspects": [
      {
        "Aspect": "제조일/제조사",
        "SentimentText": "다이얼+버튼식 원해서 이 제품을 산건데 타브랜드에 비해 뭐가 좋은지 하나도 모르겠네요. 별로예요",
        "SentimentWord": "12",
        "SentimentPolarity": "-1"
      },
      {
        "Aspect": "가격",
        "SentimentText": "가격도 비싸기만 더 비싸고 가성비 갑 제품은 아닌듯해요ㅡㅡ. ",
        "SentimentWord": "8",
        "SentimentPolarity": "-1"
      },
      {
        "Aspect": "소음",
        "SentimentText": "그리고 기계음이 굉장히 크고 돌아가는 소리도 꽤 커서 시끄러워요.",
        "SentimentWord": "9",
        "SentimentPolarity": "-1"
      }
    ]
  },
  {
    "Index": "30669",
    "RawText": "저렴한 가격에 구매했는데 만족스럽네요. 저렴한 가격에 기본 레인지 원하시는 분들께 강추합니다. 음식 데우는데는 짱입니다. 절전모드도 있어서 자동으로 알아서 절전되네요. 좋아요.",
    "Source": "쇼핑몰",
    "Domain": "가전",
    "MainCategory": "주방가전",
    "ProductName": "SK매직 MWO-230KH",
    "ReviewScore": "5",
    "Syllable": "98",
    "Word": "20",
    "RDate": "20220609",
    "GeneralPolarity": "1",
    "Aspects": [
      {
        "Aspect": "가격",
        "SentimentText": "저렴한 가격에 구매했는데 만족스럽네요. 저렴한 가격에 기본 레인지 원하시는 분들께 강추합니다.",
        "SentimentWord": "11",
        "SentimentPolarity": "1"
      },
      {
        "Aspect": "기능",
        "SentimentText": "음식 데우는데는 짱입니다. 절전모드도 있어서 자동으로 알아서 절전되네요. 좋아요.",
        "SentimentWord": "9",
        "SentimentPolarity": "1"
      }
    ]
  },
  {
    "Index": "30670",
    "RawText": "버튼 크기도 그렇고 큼직큼직 버튼이 잘보여서 어르신들도 쓰기에 너무 편리할 것 같아요. 사용하기도 편해서 부모님이 쓰시기에 너무 간단하다고 좋아하시네요.",
    "Source": "쇼핑몰",
    "Domain": "가전",
    "MainCategory": "주방가전",
    "ProductName": "SK매직 MWO-230KH",
    "ReviewScore": "5",
    "Syllable": "85",
    "Word": "19",
    "RDate": "20220506",
    "GeneralPolarity": "1",
    "Aspects": [
      {
        "Aspect": "편의성",
        "SentimentText": "버튼 크기도 그렇고 큼직큼직 버튼이 잘보여서 어르신들도 쓰기에 너무 편리할 것 같아요.",
        "SentimentWord": "12",
        "SentimentPolarity": "1"
      },
      {
        "Aspect": "조작성",
        "SentimentText": "사용하기도 편해서 부모님이 쓰시기에 너무 간단하다고 좋아하시네요.",
        "SentimentWord": "7",
        "SentimentPolarity": "1"
      }
    ]
  },
  {
    "Index": "30671",
    "RawText": "터치식이 생각보다 금방 망가져서 이번엔 버튼식으로 바꿨는데 너무 좋네요. 진작 버튼식으로 살걸 그랬어요. 전자레인지 전체 크기는 생각한거보다 커서 당황;; 원래 놓으려던 자리에 못놓고 정리해서 설치했어요.",
    "Source": "쇼핑몰",
    "Domain": "가전",
    "MainCategory": "주방가전",
    "ProductName": "SK매직 MWO-230KH",
    "ReviewScore": "3",
    "Syllable": "114",
    "Word": "25",
    "RDate": "20210808",
    "GeneralPolarity": "0",
    "Aspects": [
      {
        "Aspect": "조작성",
        "SentimentText": "터치식이 생각보다 금방 망가져서 이번엔 버튼식으로 바꿨는데 너무 좋네요. 진작 버튼식으로 살걸 그랬어요.",
        "SentimentWord": "13",
        "SentimentPolarity": "1"
      },
      {
        "Aspect": "사이즈",
        "SentimentText": "전자레인지 전체 크기는 생각한거보다 커서 당황;; 원래 놓으려던 자리에 못놓고 정리해서 설치했어요.",
        "SentimentWord": "12",
        "SentimentPolarity": "-1"
      }
    ]
  },
  {
    "Index": "30672",
    "RawText": "이벤트에 당첨되서 원래도 저렴한데 더 저렴하게 구매해서 너무 기분 좋아요. 근데 다만 색상이 사진에서 보던거보다 더 어둡고 칙칙해서 그건 좀 아쉬워요.",
    "Source": "쇼핑몰",
    "Domain": "가전",
    "MainCategory": "주방가전",
    "ProductName": "SK매직 MWO-230KH",
    "ReviewScore": "5",
    "Syllable": "84",
    "Word": "21",
    "RDate": "20220416",
    "GeneralPolarity": "0",
    "Aspects": [
      {
        "Aspect": "가격",
        "SentimentText": "이벤트에 당첨되서 원래도 저렴한데 더 저렴하게 구매해서 너무 기분 좋아요.",
        "SentimentWord": "10",
        "SentimentPolarity": "1"
      },
      {
        "Aspect": "색상",
        "SentimentText": "근데 다만 색상이 사진에서 보던거보다 더 어둡고 칙칙해서 그건 좀 아쉬워요.",
        "SentimentWord": "11",
        "SentimentPolarity": "-1"
      }
    ]
  },
  {
    "Index": "30674",
    "RawText": "포장박스는 깨끗하게 잘와서 뜯어봤는데 전자레인지 뒤가 다 찌그러져서 왔네요ㅡㅡ 제대로 확인하고 보내시는건지 최악입니다. 컬러도 생각한거보더 굉장히 촌스럽고 저렴한티 나서 별로예요",
    "Source": "쇼핑몰",
    "Domain": "가전",
    "MainCategory": "주방가전",
    "ProductName": "SK매직 MWO-230KH",
    "ReviewScore": "1",
    "Syllable": "99",
    "Word": "20",
    "RDate": "20220610",
    "GeneralPolarity": "-1",
    "Aspects": [
      {
        "Aspect": "품질",
        "SentimentText": "포장박스는 깨끗하게 잘와서 뜯어봤는데 전자레인지 뒤가 다 찌그러져서 왔네요ㅡㅡ 제대로 확인하고 보내시는건지 최악입니다.",
        "SentimentWord": "13",
        "SentimentPolarity": "-1"
      },
      {
        "Aspect": "색상",
        "SentimentText": "컬러도 생각한거보더 굉장히 촌스럽고 저렴한티 나서 별로예요",
        "SentimentWord": "7",
        "SentimentPolarity": "-1"
      }
    ]
  },
  {
    "Index": "30676",
    "RawText": "착한가격에 좋은 제품 구매해서 엄마한테 선물해드렸는데 너무 좋아하시네요.  부가적으로 있는 20가지 자동요리기능이 있다는데 사용법이 복잡해서 어른들이 사용하시기엔 불편할듯 하더라구요. 설명서가 좀 아쉬워요",
    "Source": "쇼핑몰",
    "Domain": "가전",
    "MainCategory": "주방가전",
    "ProductName": "SK매직 MWO-230KH",
    "ReviewScore": "4",
    "Syllable": "114",
    "Word": "22",
    "RDate": "20220617",
    "GeneralPolarity": "0",
    "Aspects": [
      {
        "Aspect": "가격",
        "SentimentText": "착한가격에 좋은 제품 구매해서 엄마한테 선물해드렸는데 너무 좋아하시네요.",
        "SentimentWord": "8",
        "SentimentPolarity": "1"
      },
      {
        "Aspect": "조작성",
        "SentimentText": "부가적으로 있는 20가지 자동요리기능이 있다는데 사용법이 복잡해서 어른들이 사용하시기엔 불편할듯 하더라구요. 설명서가 좀 아쉬워요",
        "SentimentWord": "14",
        "SentimentPolarity": "-1"
      }
    ]
  },
  {
    "Index": "30677",
    "RawText": "이번년도 최신형이라 그런가 확실히 더 오랫동안 쓰겠네요. 좋아요. 그리고 크기도 이정도면 적당해서 요리하는데 문제없어요. 충분히 들어가네요.",
    "Source": "쇼핑몰",
    "Domain": "가전",
    "MainCategory": "주방가전",
    "ProductName": "SK매직 MWO-230KH",
    "ReviewScore": "5",
    "Syllable": "78",
    "Word": "16",
    "RDate": "20210928",
    "GeneralPolarity": "1",
    "Aspects": [
      {
        "Aspect": "제조일/제조사",
        "SentimentText": "이번년도 최신형이라 그런가 확실히 더 오랫동안 쓰겠네요. 좋아요.",
        "SentimentWord": "8",
        "SentimentPolarity": "1"
      },
      {
        "Aspect": "용량",
        "SentimentText": "그리고 크기도 이정도면 적당해서 요리하는데 문제없어요. 충분히 들어가네요.",
        "SentimentWord": "8",
        "SentimentPolarity": "1"
      }
    ]
  },
  {
    "Index": "30680",
    "RawText": "용량이 20L라 1-2인가구 쓰기에 충분한 크기입니다. 좋아요. 디자인도 심플하고 촌스럽지 않아서 너무 마음에 듭니다.",
    "Source": "쇼핑몰",
    "Domain": "가전",
    "MainCategory": "주방가전",
    "ProductName": "SK매직 MWO-M8A02",
    "ReviewScore": "5",
    "Syllable": "66",
    "Word": "14",
    "RDate": "20200917",
    "GeneralPolarity": "1",
    "Aspects": [
      {
        "Aspect": "용량",
        "SentimentText": "용량이 20L라 1-2인가구 쓰기에 충분한 크기입니다. 좋아요",
        "SentimentWord": "7",
        "SentimentPolarity": "1"
      },
      {
        "Aspect": "디자인",
        "SentimentText": "디자인도 심플하고 촌스럽지 않아서 너무 마음에 듭니다.",
        "SentimentWord": "7",
        "SentimentPolarity": "1"
      }
    ]
  },
  {
    "Index": "30681",
    "RawText": "디자인은 깔끔하고 세련되서 좋아요. 다만 간편기능이 없어서 그게 아쉽네요",
    "Source": "쇼핑몰",
    "Domain": "가전",
    "MainCategory": "주방가전",
    "ProductName": "SK매직 MWO-M8A02",
    "ReviewScore": "4",
    "Syllable": "40",
    "Word": "9",
    "RDate": "20201110",
    "GeneralPolarity": "0",
    "Aspects": [
      {
        "Aspect": "디자인",
        "SentimentText": "디자인은 깔끔하고 세련되서 좋아요.",
        "SentimentWord": "4",
        "SentimentPolarity": "1"
      },
      {
        "Aspect": "기능",
        "SentimentText": "다만 간편기능이 없어서 그게 아쉽네요",
        "SentimentWord": "5",
        "SentimentPolarity": "0"
      }
    ]
  },
  {
    "Index": "30684",
    "RawText": "전자레인지가 전체적인 사이즈는 생각보다 아담하니 귀여워요. 안에 용량이 20L라 했는데 폭이넓고 깊어서 충분히 사용해요 좋아요.",
    "Source": "쇼핑몰",
    "Domain": "가전",
    "MainCategory": "주방가전",
    "ProductName": "SK매직 MWO-M8A02",
    "ReviewScore": "5",
    "Syllable": "71",
    "Word": "15",
    "RDate": "20220714",
    "GeneralPolarity": "1",
    "Aspects": [
      {
        "Aspect": "사이즈",
        "SentimentText": "전자레인지가 전체적인 사이즈는 생각보다 아담하니 귀여워요.",
        "SentimentWord": "6",
        "SentimentPolarity": "1"
      },
      {
        "Aspect": "용량",
        "SentimentText": "안에 용량이 20L라 했는데 폭이넓고 깊어서 충분히 사용해요 좋아요.",
        "SentimentWord": "9",
        "SentimentPolarity": "1"
      }
    ]
  },
  {
    "Index": "30685",
    "RawText": "혼자사는 사람이 쓰기에는 적당한 크기나 주문할때 제대로 확인해보지 않아서 내부용량이 작아 당황했어요;; 가격대비 뭐 이정도는 나쁘지 않은 제품이네요 그냥저냥 쓸께요.",
    "Source": "쇼핑몰",
    "Domain": "가전",
    "MainCategory": "주방가전",
    "ProductName": "SK매직 MWO-M8A02",
    "ReviewScore": "3",
    "Syllable": "92",
    "Word": "20",
    "RDate": "20220306",
    "GeneralPolarity": "0",
    "Aspects": [
      {
        "Aspect": "용량",
        "SentimentText": "혼자사는 사람이 쓰기에는 적당한 크기나 주문할때 제대로 확인해보지 않아서 내부용량이 작아 당황했어요;;",
        "SentimentWord": "12",
        "SentimentPolarity": "-1"
      },
      {
        "Aspect": "가격",
        "SentimentText": "가격대비 뭐 이정도는 나쁘지 않은 제품이네요 그냥저냥 쓸께요.",
        "SentimentWord": "8",
        "SentimentPolarity": "0"
      }
    ]
  },
  {
    "Index": "30686",
    "RawText": "5~6만원대의 제품중에는 가격대비 정말 괜찮은 제품입니다. 굿 좋아요. 디자인도 깔끔하니 심플그자체입니다. 좋아요",
    "Source": "쇼핑몰",
    "Domain": "가전",
    "MainCategory": "주방가전",
    "ProductName": "SK매직 MWO-M8A02",
    "ReviewScore": "5",
    "Syllable": "63",
    "Word": "12",
    "RDate": "20210715",
    "GeneralPolarity": "1",
    "Aspects": [
      {
        "Aspect": "가격",
        "SentimentText": "5~6만원대의 제품중에는 가격대비 정말 괜찮은 제품입니다. 굿 좋아요. ",
        "SentimentWord": "8",
        "SentimentPolarity": "1"
      },
      {
        "Aspect": "디자인",
        "SentimentText": "디자인도 깔끔하니 심플그자체입니다. 좋아요",
        "SentimentWord": "4",
        "SentimentPolarity": "1"
      }
    ]
  },
  {
    "Index": "30687",
    "RawText": "저렴해서 사긴 했지만 그냥 딱 그정도 값 합니다. 아쉬워요. 그리고 아날로그식이라 돌리고 조절해야해서 번거로워요.",
    "Source": "쇼핑몰",
    "Domain": "가전",
    "MainCategory": "주방가전",
    "ProductName": "SK매직 MWO-M8A02",
    "ReviewScore": "3",
    "Syllable": "63",
    "Word": "14",
    "RDate": "20200910",
    "GeneralPolarity": "0",
    "Aspects": [
      {
        "Aspect": "가격",
        "SentimentText": "저렴해서 사긴 했지만 그냥 딱 그정도 값 합니다. 아쉬워요. ",
        "SentimentWord": "9",
        "SentimentPolarity": "0"
      },
      {
        "Aspect": "조작성",
        "SentimentText": "그리고 아날로그식이라 돌리고 조절해야해서 번거로워요.",
        "SentimentWord": "5",
        "SentimentPolarity": "-1"
      }
    ]
  },
  {
    "Index": "30688",
    "RawText": "가격이 저렴해서 서브로 사용할 목적으로 샀지만 정말 딱 그정도 입니다. 그냥저냥 그래요 기능도 생각보다 단순해서 그러려니 하고 사용할라구요.",
    "Source": "쇼핑몰",
    "Domain": "가전",
    "MainCategory": "주방가전",
    "ProductName": "SK매직 MWO-M8A02",
    "ReviewScore": "4",
    "Syllable": "78",
    "Word": "18",
    "RDate": "20220816",
    "GeneralPolarity": "-1",
    "Aspects": [
      {
        "Aspect": "가격",
        "SentimentText": "가격이 저렴해서 서브로 사용할 목적으로 샀지만 정말 딱 그정도 입니다. 그냥저냥 그래요",
        "SentimentWord": "12",
        "SentimentPolarity": "-1"
      },
      {
        "Aspect": "기능",
        "SentimentText": "기능도 생각보다 단순해서 그러려니 하고 사용할라구요.",
        "SentimentWord": "6",
        "SentimentPolarity": "0"
      }
    ]
  },
  {
    "Index": "30689",
    "RawText": "식당에서 간단한용으로 사용하려고 샀는데 크기도 이정도면 적당하니 좋네요. 사용하는 것도 간단해서 음식뎁히기용으로 딱이예요. 만족스러워요.",
    "Source": "쇼핑몰",
    "Domain": "가전",
    "MainCategory": "주방가전",
    "ProductName": "SK매직 MWO-M8A02",
    "ReviewScore": "5",
    "Syllable": "76",
    "Word": "14",
    "RDate": "20220517",
    "GeneralPolarity": "1",
    "Aspects": [
      {
        "Aspect": "사이즈",
        "SentimentText": "식당에서 간단한용으로 사용하려고 샀는데 크기도 이정도면 적당하니 좋네요.",
        "SentimentWord": "8",
        "SentimentPolarity": "1"
      },
      {
        "Aspect": "편의성",
        "SentimentText": "사용하는 것도 간단해서 음식뎁히기용으로 딱이예요. 만족스러워요.",
        "SentimentWord": "6",
        "SentimentPolarity": "1"
      }
    ]
  },
  {
    "Index": "30690",
    "RawText": "아주 저렴한 가격에 가성비 좋은 제품으로 사서 좋아요. 용량도 1인가구 자취생이 쓰기에 딱 좋은 크기예요 맘에 듭니다.",
    "Source": "쇼핑몰",
    "Domain": "가전",
    "MainCategory": "주방가전",
    "ProductName": "SK매직 MWO-M8A02",
    "ReviewScore": "5",
    "Syllable": "66",
    "Word": "17",
    "RDate": "20220606",
    "GeneralPolarity": "1",
    "Aspects": [
      {
        "Aspect": "가격",
        "SentimentText": "아주 저렴한 가격에 가성비 좋은 제품으로 사서 좋아요",
        "SentimentWord": "8",
        "SentimentPolarity": "1"
      },
      {
        "Aspect": "용량",
        "SentimentText": "용량도 1인가구 자취생이 쓰기에 딱 좋은 크기예요 맘에 듭니다.",
        "SentimentWord": "9",
        "SentimentPolarity": "1"
      }
    ]
  },
  {
    "Index": "30691",
    "RawText": "좋은 제품을 저렴한 가격으로 구매했네요^^ 조작 방법이 다이얼로만 조작할 수 있어 아직은 좀 불편합니다.",
    "Source": "쇼핑몰",
    "Domain": "가전",
    "MainCategory": "주방가전",
    "ProductName": "SK매직 MWO-M8A02",
    "ReviewScore": "5",
    "Syllable": "58",
    "Word": "14",
    "RDate": "20220821",
    "GeneralPolarity": "0",
    "Aspects": [
      {
        "Aspect": "가격",
        "SentimentText": "좋은 제품을 저렴한 가격으로 구매했네요^^",
        "SentimentWord": "5",
        "SentimentPolarity": "1"
      },
      {
        "Aspect": "조작성",
        "SentimentText": "조작 방법이 다이얼로만 조작할 수 있어 아직은 좀 불편합니다.",
        "SentimentWord": "9",
        "SentimentPolarity": "-1"
      }
    ]
  },
  {
    "Index": "30692",
    "RawText": "가격대비 가성비 최고의 제품입니다. 근데 다이얼이 아날로그식이라 정확한 시간 측정이 안되어 아쉽네요 그래두 저렴하게 잘 샀으니 감안하고 잘 쓰겠습니다.",
    "Source": "쇼핑몰",
    "Domain": "가전",
    "MainCategory": "주방가전",
    "ProductName": "SK매직 MWO-M8A02",
    "ReviewScore": "5",
    "Syllable": "84",
    "Word": "19",
    "RDate": "20210429",
    "GeneralPolarity": "0",
    "Aspects": [
      {
        "Aspect": "가격",
        "SentimentText": "가격대비 가성비 최고의 제품입니다. ",
        "SentimentWord": "4",
        "SentimentPolarity": "1"
      },
      {
        "Aspect": "조작성",
        "SentimentText": "다이얼이 아날로그식이라 정확한 시간 측정이 안되어 아쉽네요",
        "SentimentWord": "7",
        "SentimentPolarity": "-1"
      }
    ]
  },
  {
    "Index": "30693",
    "RawText": "가격대비 저렴하게 잘사서 너무 좋아요. 크기도 1인 가구에 딱 적당한게 잘 쓰고 있습니다. 디자인도 앙증맞은게 귀엽고 이뻐요. 다이얼 돌려 시간맞추는게 애매해서 조금 아쉽지만 감으로 돌려 쓸만해요",
    "Source": "쇼핑몰",
    "Domain": "가전",
    "MainCategory": "주방가전",
    "ProductName": "SK매직 MWO-M8A02",
    "ReviewScore": "5",
    "Syllable": "109",
    "Word": "26",
    "RDate": "20220713",
    "GeneralPolarity": "1",
    "Aspects": [
      {
        "Aspect": "가격",
        "SentimentText": "가격대비 저렴하게 잘사서 너무 좋아요. ",
        "SentimentWord": "5",
        "SentimentPolarity": "1"
      },
      {
        "Aspect": "디자인",
        "SentimentText": "디자인도 앙증맞은게 귀엽고 이뻐요 ",
        "SentimentWord": "4",
        "SentimentPolarity": "1"
      },
      {
        "Aspect": "조작성",
        "SentimentText": "다이얼 돌려 시간맞추는게 애매해서 조금 아쉽지만 감으로 돌려 쓸만해요",
        "SentimentWord": "9",
        "SentimentPolarity": "0"
      }
    ]
  },
  {
    "Index": "30694",
    "RawText": "다이얼식이라서 조작법은 간단해서 좋은데.. 다이얼이 뻑뻑해서 돌리기가 힘든데 왠지 불량제품이 온 것 같아요",
    "Source": "쇼핑몰",
    "Domain": "가전",
    "MainCategory": "주방가전",
    "ProductName": "SK매직 MWO-M8A02",
    "ReviewScore": "4",
    "Syllable": "59",
    "Word": "13",
    "RDate": "20201125",
    "GeneralPolarity": "0",
    "Aspects": [
      {
        "Aspect": "조작성",
        "SentimentText": "다이얼식이라서 조작법은 간단해서 좋은데..",
        "SentimentWord": "4",
        "SentimentPolarity": "1"
      },
      {
        "Aspect": "품질",
        "SentimentText": "다이얼이 뻑뻑해서 돌리기가 힘든데 왠지 불량제품이 온 것 같아요 ",
        "SentimentWord": "9",
        "SentimentPolarity": "-1"
      }
    ]
  },
  {
    "Index": "30695",
    "RawText": "검정색 이라서 심플해 보여 좋습니다 .도어가 창으로 되어 있어 내부 음식이 보이니 조리하기 편해요",
    "Source": "쇼핑몰",
    "Domain": "가전",
    "MainCategory": "주방가전",
    "ProductName": "SK매직 MWO-M8A02",
    "ReviewScore": "5",
    "Syllable": "54",
    "Word": "14",
    "RDate": "20210507",
    "GeneralPolarity": "1",
    "Aspects": [
      {
        "Aspect": "색상",
        "SentimentText": "검정색 이라서 심플해 보여 좋습니다 .",
        "SentimentWord": "6",
        "SentimentPolarity": "1"
      },
      {
        "Aspect": "편의성",
        "SentimentText": "도어가 창으로 되어 있어 내부 음식이 보이니 조리하기 편해요 ",
        "SentimentWord": "9",
        "SentimentPolarity": "1"
      }
    ]
  },
  {
    "Index": "30696",
    "RawText": "000오븐쓰다 고장으로 갑자기 구매하게 됐어요. 실제로 보니 내부안이 미니멀해서 조금 당황했어요 그래도 디자인 심플해서 만족하고 굉장한 저렴하게 잘 사서 기분 좋아요~",
    "Source": "쇼핑몰",
    "Domain": "가전",
    "MainCategory": "주방가전",
    "ProductName": "SK매직 MWO-M8A02",
    "ReviewScore": "4",
    "Syllable": "93",
    "Word": "21",
    "RDate": "20220224",
    "Aspects": [
      {
        "Aspect": "용량",
        "SentimentText": "내부안이 미니멀해서 조금 당황했어요",
        "SentimentWord": "4",
        "SentimentPolarity": "0"
      },
      {
        "Aspect": "디자인",
        "SentimentText": "디자인 심플해서 만족하고",
        "SentimentWord": "3",
        "SentimentPolarity": "1"
      },
      {
        "Aspect": "가격",
        "SentimentText": "굉장한 저렴하게 잘 사서 기분 좋아요~",
        "SentimentWord": "6",
        "SentimentPolarity": "1"
      }
    ]
  },
  {
    "Index": "30697",
    "RawText": "디자인이 너무 깜찍하니 귀엽고, 마트보다 저렴한 가격으로 잘 구매했습니다. 소음도 작아서 사용하기 딱 좋네요",
    "Source": "쇼핑몰",
    "Domain": "가전",
    "MainCategory": "주방가전",
    "ProductName": "SK매직 MWO-M8A02",
    "ReviewScore": "5",
    "Syllable": "60",
    "Word": "14",
    "RDate": "20211216",
    "GeneralPolarity": "1",
    "Aspects": [
      {
        "Aspect": "디자인",
        "SentimentText": "디자인이 너무 깜찍하니 귀엽고,",
        "SentimentWord": "4",
        "SentimentPolarity": "1"
      },
      {
        "Aspect": "가격",
        "SentimentText": "마트보다 저렴한 가격으로 잘 구매했습니다",
        "SentimentWord": "5",
        "SentimentPolarity": "1"
      },
      {
        "Aspect": "소음",
        "SentimentText": " 소음도 작아서 사용하기 딱 좋네요  ",
        "SentimentWord": "5",
        "SentimentPolarity": "1"
      }
    ]
  },
  {
    "Index": "30698",
    "RawText": "갑자기 구매하게되어 가격만 보고 샀어요. 가격대비 잘 사서 기분 좋네요. 디자인도 깔끔해서 만족스럽게 잘쓰고 있습니다. ",
    "Source": "쇼핑몰",
    "Domain": "가전",
    "MainCategory": "주방가전",
    "ProductName": "SK매직 MWO-M8A02",
    "ReviewScore": "5",
    "Syllable": "67",
    "Word": "15",
    "RDate": "20220711",
    "GeneralPolarity": "1",
    "Aspects": [
      {
        "Aspect": "가격",
        "SentimentText": "가격대비 잘 사서 기분 좋네요. ",
        "SentimentWord": "5",
        "SentimentPolarity": "1"
      },
      {
        "Aspect": "디자인",
        "SentimentText": "디자인도 깔끔해서 만족스럽게 잘쓰고 있습니다.",
        "SentimentWord": "5",
        "SentimentPolarity": "1"
      }
    ]
  },
  {
    "Index": "30699",
    "RawText": "레인지가 없어 정말 급하게 구매했는데 세일 기간 덕에 저렴하게 잘 구입했습니다. 근데 용량이 20리터라 작아서 아쉽네요.",
    "Source": "쇼핑몰",
    "Domain": "가전",
    "MainCategory": "주방가전",
    "ProductName": "SK매직 MWO-M8A02",
    "ReviewScore": "5",
    "Syllable": "67",
    "Word": "16",
    "RDate": "20210527",
    "GeneralPolarity": "0",
    "Aspects": [
      {
        "Aspect": "가격",
        "SentimentText": "세일 기간 덕에 저렴하게 잘 구입했습니다",
        "SentimentWord": "6",
        "SentimentPolarity": "1"
      },
      {
        "Aspect": "용량",
        "SentimentText": "근데 용량이 20리터라 작아서 아쉽네요.",
        "SentimentWord": "5",
        "SentimentPolarity": "-1"
      }
    ]
  },
  {
    "Index": "30700",
    "RawText": "자취하는 조카에게 선물해 주었어요. 크기가 1~2용으로 쓰기 딱 좋고 유용하게 잘 쓰고 있다네요.  츨력도 좋아서 음식 잘 데워지니 좋다고 하네요.",
    "Source": "쇼핑몰",
    "Domain": "가전",
    "MainCategory": "주방가전",
    "ProductName": "SK매직 MWO-M8A02",
    "ReviewScore": "5",
    "Syllable": "82",
    "Word": "20",
    "RDate": "20200710",
    "GeneralPolarity": "1",
    "Aspects": [
      {
        "Aspect": "사이즈",
        "SentimentText": "크기가 1~2용으로 쓰기 딱 좋고",
        "SentimentWord": "5",
        "SentimentPolarity": "1"
      },
      {
        "Aspect": "기능",
        "SentimentText": "츨력도 좋아서 음식 잘 데워지니 좋다고 하네요.",
        "SentimentWord": "7",
        "SentimentPolarity": "1"
      }
    ]
  },
  {
    "Index": "30701",
    "RawText": "전 사용 모델에 비해 이건 다이얼로만 조작할 수 있어 너무나 편해요. 사이즈도 생각 외로 커서 피자 2조각도 한번에 조리되요",
    "Source": "쇼핑몰",
    "Domain": "가전",
    "MainCategory": "주방가전",
    "ProductName": "SK매직 MWO-M8A02",
    "ReviewScore": "4",
    "Syllable": "69",
    "Word": "19",
    "RDate": "20220112",
    "GeneralPolarity": "1",
    "Aspects": [
      {
        "Aspect": "조작성",
        "SentimentText": "전 사용 모델에 비해 이건 다이얼로만 조작할 수 있어 너무나 편해요",
        "SentimentWord": "11",
        "SentimentPolarity": "1"
      },
      {
        "Aspect": "용량",
        "SentimentText": "사이즈도 생각 외로 커서 피자 2조각도 한번에 조리되요 ",
        "SentimentWord": "8",
        "SentimentPolarity": "1"
      }
    ]
  },
  {
    "Index": "30702",
    "RawText": "전에 사용한 제품보다 이 제품은 선이 짧아 원래 있던 자리에 설치가 안되서 멘붕, 디자인도 깔끔한 블랙이고, 소음도 작아서 딱 좋았는데 자리를 다시 선정해야 하니 멘붕이네요",
    "Source": "쇼핑몰",
    "Domain": "가전",
    "MainCategory": "주방가전",
    "ProductName": "SK매직 MWO-M8A02",
    "ReviewScore": "5",
    "Syllable": "96",
    "Word": "25",
    "RDate": "20210903",
    "GeneralPolarity": "0",
    "Aspects": [
      {
        "Aspect": "사이즈",
        "SentimentText": "이 제품은 선이 짧아 원래 있던 자리에 설치가 안되서 멘붕",
        "SentimentWord": "10",
        "SentimentPolarity": "-1"
      },
      {
        "Aspect": "디자인",
        "SentimentText": "디자인도 깔끔한 블랙이고, 소음도 작아서 딱 좋았는데 ",
        "SentimentWord": "7",
        "SentimentPolarity": "1"
      },
      {
        "Aspect": "소음",
        "SentimentText": "소음도 작아서 딱 좋았는데 ",
        "SentimentWord": "4",
        "SentimentPolarity": "1"
      }
    ]
  },
  {
    "Index": "30703",
    "RawText": "깔끔한 디자인에 만족해요. 혼자 쓰기 딱 좋은 사이즈라 좋아요. 멈춤 버튼기능이 따로 없어서 중간에 꺼낼수 없어 당황스럽긴 해요.",
    "Source": "쇼핑몰",
    "Domain": "가전",
    "MainCategory": "주방가전",
    "ProductName": "SK매직 MWO-M8A02",
    "ReviewScore": "4",
    "Syllable": "72",
    "Word": "18",
    "RDate": "20210908",
    "GeneralPolarity": "0",
    "Aspects": [
      {
        "Aspect": "디자인",
        "SentimentText": "깔끔한 디자인에 만족해요",
        "SentimentWord": "3",
        "SentimentPolarity": "1"
      },
      {
        "Aspect": "사이즈",
        "SentimentText": "혼자 쓰기 딱 좋은 사이즈라 좋아요. ",
        "SentimentWord": "6",
        "SentimentPolarity": "1"
      },
      {
        "Aspect": "기능",
        "SentimentText": "멈춤 버튼기능이 따로 없어서 중간에 꺼낼수 없어 당황스럽긴 해요.",
        "SentimentWord": "9",
        "SentimentPolarity": "-1"
      }
    ]
  },
  {
    "Index": "30704",
    "RawText": "깔끔한 디자인이라서 이쁘고 맘에 들어요. 자꾸 이상한 소리가 나서 거슬리는데 처음에만 그런 줄 알았는데 계속 납니다.ㅠㅠ",
    "Source": "쇼핑몰",
    "Domain": "가전",
    "MainCategory": "주방가전",
    "ProductName": "SK매직 MWO-M8A02",
    "ReviewScore": "4",
    "Syllable": "67",
    "Word": "16",
    "RDate": "20200605",
    "GeneralPolarity": "0",
    "Aspects": [
      {
        "Aspect": "디자인",
        "SentimentText": "깔끔한 디자인이라서 이쁘고 맘에 들어요.   ",
        "SentimentWord": "5",
        "SentimentPolarity": "1"
      },
      {
        "Aspect": "품질",
        "SentimentText": "자꾸 이상한 소리가 나서 거슬리는데 처음에만 그런 줄 알았는데 계속 납니다.ㅠㅠ",
        "SentimentWord": "11",
        "SentimentPolarity": "-1"
      }
    ]
  },
  {
    "Index": "30705",
    "RawText": "할인행사로 더 저렴하게 사서 기분 최고예요. 디자인이 깔끔하고 고급스러움까지 더해져서 더 만족해요. 제조한지 1년정도 지난게 조금 걸리네요ㅠㅠ 그래두 고장없이 잘 쓸수 있겠죠??",
    "Source": "쇼핑몰",
    "Domain": "가전",
    "MainCategory": "주방가전",
    "ProductName": "SK매직 MWO-M8A02",
    "ReviewScore": "5",
    "Syllable": "99",
    "Word": "22",
    "RDate": "20220526",
    "Aspects": [
      {
        "Aspect": "가격",
        "SentimentText": "할인행사로 더 저렴하게 사서 기분 최고예요.",
        "SentimentWord": "6",
        "SentimentPolarity": "1"
      },
      {
        "Aspect": "디자인",
        "SentimentText": "디자인이 깔끔하고 고급스러움까지 더해져서 더 만족해요.",
        "SentimentWord": "6",
        "SentimentPolarity": "1"
      },
      {
        "Aspect": "제조일/제조사",
        "SentimentText": "제조한지 1년정도 지난게 조금 걸리네요ㅠㅠ ",
        "SentimentWord": "5",
        "SentimentPolarity": "0"
      }
    ]
  },
  {
    "Index": "30706",
    "RawText": "사이즈가 너무 작아 걱정했는데 그럭저럭 쓸만 합니다. 냉동 피자는 들어가져요.  중간에 중지버튼이 없어 당황스러웠어요. 다시 off로 돌려서 정지하는게 조금 불편하네요.",
    "Source": "쇼핑몰",
    "Domain": "가전",
    "MainCategory": "주방가전",
    "ProductName": "SK매직 MWO-M8A02",
    "ReviewScore": "4",
    "Syllable": "94",
    "Word": "20",
    "RDate": "20220524",
    "GeneralPolarity": "-1",
    "Aspects": [
      {
        "Aspect": "사이즈",
        "SentimentText": "사이즈가 너무 작아 걱정했는데 그럭저럭 쓸만 합니다. ",
        "SentimentWord": "7",
        "SentimentPolarity": "0"
      },
      {
        "Aspect": "조작성",
        "SentimentText": "중간에 중지버튼이 없어 당황스러웠어요. 다시 off로 돌려서 정지하는게 조금 불편하네요.",
        "SentimentWord": "10",
        "SentimentPolarity": "-1"
      }
    ]
  },
  {
    "Index": "30709",
    "RawText": "저한테는 다이얼식 조작법이 익숙지 않아 아직은 어렵네요.. 출력이 높아서 음식도 빠르게 잘 데워져 좋습니다.",
    "Source": "쇼핑몰",
    "Domain": "가전",
    "MainCategory": "주방가전",
    "ProductName": "SK매직 MWO-M8A02",
    "ReviewScore": "3",
    "Syllable": "60",
    "Word": "14",
    "RDate": "20211214",
    "GeneralPolarity": "0",
    "Aspects": [
      {
        "Aspect": "조작성",
        "SentimentText": "저한테는 다이얼식 조작법이 익숙지 않아 아직은 어렵네요.. ",
        "SentimentWord": "7",
        "SentimentPolarity": "-1"
      },
      {
        "Aspect": "시간/속도",
        "SentimentText": "출력이 높아서 음식도 빠르게 잘 데워져 좋습니다.",
        "SentimentWord": "7",
        "SentimentPolarity": "1"
      }
    ]
  },
  {
    "Index": "30710",
    "RawText": "화면에 + - 출력 표시가 흐릿해서 불편합니다. 그리고 다이얼은 너무 뻑뻑해서 돌리기 힘듭니다. 그냥 싼 가격에 쓸만합니다. 소음도 있고 여러가지 불편합니다...ㅠㅠ",
    "Source": "쇼핑몰",
    "Domain": "가전",
    "MainCategory": "주방가전",
    "ProductName": "SK매직 MWO-M8A02",
    "ReviewScore": "3",
    "Syllable": "92",
    "Word": "21",
    "RDate": "20201118",
    "Aspects": [
      {
        "Aspect": "편의성",
        "SentimentText": "화면에 + - 출력 표시가 흐릿해서 불편합니다.",
        "SentimentWord": "7",
        "SentimentPolarity": "-1"
      },
      {
        "Aspect": "조작성",
        "SentimentText": "다이얼은 너무 뻑뻑해서 돌리기 힘듭니다.",
        "SentimentWord": "5",
        "SentimentPolarity": "-1"
      },
      {
        "Aspect": "가격",
        "SentimentText": "그냥 싼 가격에 쓸만합니다.",
        "SentimentWord": "4",
        "SentimentPolarity": "0"
      },
      {
        "Aspect": "소음",
        "SentimentText": "소음도 있고 여러가지 불편합니다...ㅠㅠ",
        "SentimentWord": "4",
        "SentimentPolarity": "-1"
      }
    ]
  },
  {
    "Index": "30713",
    "RawText": "제품 뒤면 쪽이 마감상태가 엉망인데 안 보이는 면이니 그냥 이해하고 사용하려고 합니다.  디자인이 고급스럽고 이뻐서 반품 안 하고 사용합니다.",
    "Source": "쇼핑몰",
    "Domain": "가전",
    "MainCategory": "주방가전",
    "ProductName": "SK매직 MWO-M8A02",
    "ReviewScore": "4",
    "Syllable": "79",
    "Word": "19",
    "RDate": "20210317",
    "GeneralPolarity": "0",
    "Aspects": [
      {
        "Aspect": "품질",
        "SentimentText": "제품 뒤면 쪽이 마감상태가 엉망인데 안 보이는 면이니 그냥 이해하고 사용하려고 합니다",
        "SentimentWord": "12",
        "SentimentPolarity": "0"
      },
      {
        "Aspect": "디자인",
        "SentimentText": " 디자인이 고급스럽고 이뻐서 반품 안 하고 사용합니다.",
        "SentimentWord": "7",
        "SentimentPolarity": "1"
      }
    ]
  },
  {
    "Index": "30714",
    "RawText": "실제 받아보니 디자인이 심플하니 괜찮네요. 받자마자 작동 실험해 보니 문제없이 잘 돌아갑니다. 저렴한 가격에 샀는데 가성비까지 좋네요",
    "Source": "쇼핑몰",
    "Domain": "가전",
    "MainCategory": "주방가전",
    "ProductName": "SK매직 MWO-M8A02",
    "ReviewScore": "5",
    "Syllable": "74",
    "Word": "17",
    "RDate": "20201009",
    "GeneralPolarity": "1",
    "Aspects": [
      {
        "Aspect": "디자인",
        "SentimentText": "실제 받아보니 디자인이 심플하니 괜찮네요",
        "SentimentWord": "5",
        "SentimentPolarity": "1"
      },
      {
        "Aspect": "조작성",
        "SentimentText": "받자마자 작동 실험해 보니 문제없이 잘 돌아갑니다",
        "SentimentWord": "7",
        "SentimentPolarity": "1"
      },
      {
        "Aspect": "가격",
        "SentimentText": "저렴한 가격에 샀는데 가성비까지 좋네요",
        "SentimentWord": "5",
        "SentimentPolarity": "1"
      }
    ]
  },
  {
    "Index": "30715",
    "RawText": "디자인이 깔끔한게 괜찮습니다. 음식 데우기 성능도 그럭저력 만족하구요.  다이얼방식인게 조금 실망스럽네요. 이 정도 가격에 브랜드제품이면 감안해고 써야죠",
    "Source": "쇼핑몰",
    "Domain": "가전",
    "MainCategory": "주방가전",
    "ProductName": "SK매직 MWO-M8A02",
    "ReviewScore": "5",
    "Syllable": "85",
    "Word": "17",
    "RDate": "20220102",
    "GeneralPolarity": "0",
    "Aspects": [
      {
        "Aspect": "디자인",
        "SentimentText": "디자인이 깔끔한게 괜찮습니다. ",
        "SentimentWord": "3",
        "SentimentPolarity": "1"
      },
      {
        "Aspect": "기능",
        "SentimentText": "음식 데우기 성능도 그럭저력 만족하구요. ",
        "SentimentWord": "5",
        "SentimentPolarity": "0"
      },
      {
        "Aspect": "조작성",
        "SentimentText": "다이얼방식인게 조금 실망스럽네요.",
        "SentimentWord": "3",
        "SentimentPolarity": "-1"
      }
    ]
  },
  {
    "Index": "30716",
    "RawText": "깔끔한 디자인이 이뻐서 참 마음에 듭니다. 사무실에서 사용하려고 샀는데 간편해서 쓰기 딱 좋네요",
    "Source": "쇼핑몰",
    "Domain": "가전",
    "MainCategory": "주방가전",
    "ProductName": "SK매직 MWO-M8A02",
    "ReviewScore": "4",
    "Syllable": "53",
    "Word": "13",
    "RDate": "20220803",
    "GeneralPolarity": "1",
    "Aspects": [
      {
        "Aspect": "디자인",
        "SentimentText": "깔끔한 디자인이 이뻐서 참 마음에 듭니다.",
        "SentimentWord": "6",
        "SentimentPolarity": "1"
      },
      {
        "Aspect": "편의성",
        "SentimentText": "사무실에서 사용하려고 샀는데 간편해서 쓰기 딱 좋네요",
        "SentimentWord": "7",
        "SentimentPolarity": "1"
      }
    ]
  },
  {
    "Index": "30717",
    "RawText": "제품 디자인이 깔끔하니 고급스러워 딱 제가 찾던  스타일이네요. 받자마자 작동해 봤는데 불량없이  잘 작동되서 다행입니다.",
    "Source": "쇼핑몰",
    "Domain": "가전",
    "MainCategory": "주방가전",
    "ProductName": "SK매직 MWO-M8A02",
    "ReviewScore": "5",
    "Syllable": "68",
    "Word": "15",
    "RDate": "20220624",
    "GeneralPolarity": "1",
    "Aspects": [
      {
        "Aspect": "디자인",
        "SentimentText": "제품 디자인이 깔끔하니 고급스러워 딱 제가 찾던  스타일이네요",
        "SentimentWord": "8",
        "SentimentPolarity": "1"
      },
      {
        "Aspect": "품질",
        "SentimentText": "받자마자 작동해 봤는데 불량없이  잘 작동되서 다행입니다. ",
        "SentimentWord": "7",
        "SentimentPolarity": "1"
      }
    ]
  },
  {
    "Index": "30718",
    "RawText": "디자인은 심플하고 세련된게 마음에 들어요. 가격도 이정도면 충분히 저렴하구요. 괜찮아요. 사용법은 초간단해서 편하고, 성능도 최고라 음식이 금방 잘 데워져요~~~~~",
    "Source": "쇼핑몰",
    "Domain": "가전",
    "MainCategory": "주방가전",
    "ProductName": "SK매직 MWO-M8A02",
    "ReviewScore": "5",
    "Syllable": "92",
    "Word": "19",
    "RDate": "20211203",
    "GeneralPolarity": "1",
    "Aspects": [
      {
        "Aspect": "디자인",
        "SentimentText": "디자인은 심플하고 세련된게 마음에 들어요. ",
        "SentimentWord": "5",
        "SentimentPolarity": "1"
      },
      {
        "Aspect": "가격",
        "SentimentText": "가격도 이정도면 충분히 저렴하구요. 괜찮아요.",
        "SentimentWord": "5",
        "SentimentPolarity": "1"
      },
      {
        "Aspect": "조작성",
        "SentimentText": "사용법은 초간단해서 편하고,",
        "SentimentWord": "3",
        "SentimentPolarity": "1"
      },
      {
        "Aspect": "기능",
        "SentimentText": "성능도 최고라 음식이 금방 잘 데워져요~~~~~",
        "SentimentWord": "6",
        "SentimentPolarity": "1"
      }
    ]
  },
  {
    "Index": "30719",
    "RawText": "다이얼식 디자인 빈티지스럽고 너무 이쁜데,  조작방법도 다이얼식이 훨씬 심플해서 사용하기 좋아 추천 드립니다 .",
    "Source": "쇼핑몰",
    "Domain": "가전",
    "MainCategory": "주방가전",
    "ProductName": "SK매직 MWO-M8A02",
    "ReviewScore": "5",
    "Syllable": "62",
    "Word": "14",
    "RDate": "20210925",
    "GeneralPolarity": "1",
    "Aspects": [
      {
        "Aspect": "디자인",
        "SentimentText": "다이얼식 디자인 빈티지스럽고 너무 이쁜데,  ",
        "SentimentWord": "5",
        "SentimentPolarity": "1"
      },
      {
        "Aspect": "조작성",
        "SentimentText": "  조작방법도 다이얼식이 훨씬 심플해서 사용하기 좋아 추천 드립니다 . ",
        "SentimentWord": "9",
        "SentimentPolarity": "1"
      }
    ]
  },
  {
    "Index": "30720",
    "RawText": "디자인은 깔끔해서 예뻐요. 다이얼식이 익숙하지 않아 조금 불편감 있어요. 기능이 많은것 보다 꼭 필요한 기능만 있어 개인적으로 마음에 쏙 듭니다.",
    "Source": "쇼핑몰",
    "Domain": "가전",
    "MainCategory": "주방가전",
    "ProductName": "SK매직 MWO-M8A02",
    "ReviewScore": "4",
    "Syllable": "81",
    "Word": "20",
    "RDate": "20210130",
    "GeneralPolarity": "1",
    "Aspects": [
      {
        "Aspect": "디자인",
        "SentimentText": "디자인은 깔끔해서 예뻐요. ",
        "SentimentWord": "3",
        "SentimentPolarity": "1"
      },
      {
        "Aspect": "조작성",
        "SentimentText": "다이얼식이 익숙하지 않아 조금 불편감 있어요.",
        "SentimentWord": "6",
        "SentimentPolarity": "-1"
      },
      {
        "Aspect": "기능",
        "SentimentText": "꼭 필요한 기능만 있어 개인적으로 마음에 쏙 듭니다.",
        "SentimentWord": "8",
        "SentimentPolarity": "1"
      }
    ]
  },
  {
    "Index": "30721",
    "RawText": "클래식한 디자인 참 고급스럽고 각까지 살아있어 더 이쁩니다. 근데 디자인에만 투자 했는지 소리도 크고 잡음이나서 사용을 못 하겠어요. 그냥 이쁜 쓰레기네요",
    "Source": "쇼핑몰",
    "Domain": "가전",
    "MainCategory": "주방가전",
    "ProductName": "SK매직 MWO-M8A02",
    "ReviewScore": "5",
    "Syllable": "86",
    "Word": "21",
    "RDate": "20220414",
    "GeneralPolarity": "0",
    "Aspects": [
      {
        "Aspect": "디자인",
        "SentimentText": "클래식한 디자인 참 고급스럽고 각까지 살아있어 더 이쁩니다. ",
        "SentimentWord": "8",
        "SentimentPolarity": "1"
      },
      {
        "Aspect": "소음",
        "SentimentText": " 소리도 크고 잡음이나서 사용을 못 하겠어요. 그냥 이쁜 쓰레기네요",
        "SentimentWord": "9",
        "SentimentPolarity": "-1"
      }
    ]
  },
  {
    "Index": "30722",
    "RawText": "버튼식만 사용하다가 다이얼식으로 바꾸니 좀 불편합니다. 디자인은 화면이랑 똑같이 고급스러워 보여요",
    "Source": "쇼핑몰",
    "Domain": "가전",
    "MainCategory": "주방가전",
    "ProductName": "SK매직 MWO-M8A02",
    "ReviewScore": "4",
    "Syllable": "54",
    "Word": "11",
    "RDate": "20220710",
    "GeneralPolarity": "0",
    "Aspects": [
      {
        "Aspect": "조작성",
        "SentimentText": "버튼식만 사용하다가 다이얼식으로 바꾸니 좀 불편합니다.  ",
        "SentimentWord": "6",
        "SentimentPolarity": "-1"
      },
      {
        "Aspect": "디자인",
        "SentimentText": "디자인은 화면이랑 똑같이 고급스러워 보여요  ",
        "SentimentWord": "5",
        "SentimentPolarity": "1"
      }
    ]
  },
  {
    "Index": "30723",
    "RawText": "그냥 가성비가 딱 가격만큼 듯싶네요! 생각 외로 다이얼식이 조금 불편하지만 익숙해지면 편할 것 같아요",
    "Source": "쇼핑몰",
    "Domain": "가전",
    "MainCategory": "주방가전",
    "ProductName": "SK매직 MWO-M8A02",
    "ReviewScore": "3",
    "Syllable": "56",
    "Word": "14",
    "RDate": "20220117",
    "GeneralPolarity": "0",
    "Aspects": [
      {
        "Aspect": "가격",
        "SentimentText": "그냥 가성비가 딱 가격만큼 듯싶네요!",
        "SentimentWord": "5",
        "SentimentPolarity": "0"
      },
      {
        "Aspect": "조작성",
        "SentimentText": "생각 외로 다이얼식이 조금 불편하지만 익숙해지면 편할 것 같아요",
        "SentimentWord": "9",
        "SentimentPolarity": "0"
      }
    ]
  },
  {
    "Index": "30724",
    "RawText": "디자인이 깔끔하니 마음에 들어서 딸 자취방에 선물해줬더니 좋아하네요. 다이얼이라 오히려 손쉽게 사용할 수 있대요.",
    "Source": "쇼핑몰",
    "Domain": "가전",
    "MainCategory": "주방가전",
    "ProductName": "SK매직 MWO-M8A02",
    "ReviewScore": "5",
    "Syllable": "63",
    "Word": "14",
    "RDate": "20220819",
    "GeneralPolarity": "1",
    "Aspects": [
      {
        "Aspect": "디자인",
        "SentimentText": "디자인이 깔끔하니 마음에 들어서 딸 자취방에 선물해줬더니 좋아하네요. ",
        "SentimentWord": "8",
        "SentimentPolarity": "1"
      },
      {
        "Aspect": "편의성",
        "SentimentText": "다이얼이라 오히려 손쉽게 사용할 수 있대요.",
        "SentimentWord": "6",
        "SentimentPolarity": "1"
      }
    ]
  },
  {
    "Index": "30725",
    "RawText": "안에 들어있는 회전링이 미끄러워서 음식 넣고 꺼낼때 미끄러져서 불편해요. 그리고 작동시에 남은 시간이나 돌리는 숫자같은데 어두워서 잘 안보여요 디자인을 하실때 참고하세요...불편합니다.",
    "Source": "쇼핑몰",
    "Domain": "가전",
    "MainCategory": "주방가전",
    "ProductName": "SK매직 MWO-M8A02",
    "ReviewScore": "4",
    "Syllable": "103",
    "Word": "21",
    "RDate": "20210819",
    "GeneralPolarity": "-1",
    "Aspects": [
      {
        "Aspect": "제품구성",
        "SentimentText": "안에 들어있는 회전링이 미끄러워서 음식 넣고 꺼낼때 미끄러져서 불편해요.",
        "SentimentWord": "9",
        "SentimentPolarity": "-1"
      },
      {
        "Aspect": "디자인",
        "SentimentText": "그리고 작동시에 남은 시간이나 돌리는 숫자같은데 어두워서 잘 안보여요 디자인을 하실때 참고하세요...불편합니다.",
        "SentimentWord": "12",
        "SentimentPolarity": "-1"
      }
    ]
  },
  {
    "Index": "30726",
    "RawText": "제품이 다 뒤에가 기스나고 깨져와서 A/S 받았습니다. 보내실때 하자 품질 확인하고 보내세요 불쾌해요. 전체적으로 안에 내구성도 약한거 같습니다. 해동이나 가열할때 뒤에서 열이 너무 나요.",
    "Source": "쇼핑몰",
    "Domain": "가전",
    "MainCategory": "주방가전",
    "ProductName": "SK매직 MWO-M8A02",
    "ReviewScore": "5",
    "Syllable": "105",
    "Word": "24",
    "RDate": "20220718",
    "GeneralPolarity": "-1",
    "Aspects": [
      {
        "Aspect": "품질",
        "SentimentText": "제품이 다 뒤에가 기스나고 깨져와서 A/S 받았습니다. 보내실때 하자 품질 확인하고 보내세요 불쾌해요.",
        "SentimentWord": "13",
        "SentimentPolarity": "-1"
      },
      {
        "Aspect": "내구성",
        "SentimentText": "전체적으로 안에 내구성도 약한거 같습니다. 해동이나 가열할때 뒤에서 열이 너무 나요.",
        "SentimentWord": "11",
        "SentimentPolarity": "-1"
      }
    ]
  },
  {
    "Index": "30727",
    "RawText": "컬러가 블랙이라 더 고급스럽고 앞에가 미러글라스라 마음에 들어요 예뻐요. 딱 필요한 것만 있어서 간편하게 사용하기 좋아요. 편합니다.",
    "Source": "쇼핑몰",
    "Domain": "가전",
    "MainCategory": "주방가전",
    "ProductName": "SK매직 MWO-M8A02",
    "ReviewScore": "5",
    "Syllable": "74",
    "Word": "17",
    "RDate": "20201026",
    "GeneralPolarity": "1",
    "Aspects": [
      {
        "Aspect": "색상",
        "SentimentText": "컬러가 블랙이라 더 고급스럽고 앞에가 미러글라스라 마음에 들어요 예뻐요.",
        "SentimentWord": "9",
        "SentimentPolarity": "1"
      },
      {
        "Aspect": "편의성",
        "SentimentText": "딱 필요한 것만 있어서 간편하게 사용하기 좋아요. 편합니다.",
        "SentimentWord": "8",
        "SentimentPolarity": "1"
      }
    ]
  },
  {
    "Index": "30728",
    "RawText": "전자레인지 디자인 심플하고 생각한거보다 더 예뻐요 맘에 드네요. 제일 중요한 음식도 빨리 뎁혀지고 사용도 간단해서 편리해요.",
    "Source": "쇼핑몰",
    "Domain": "가전",
    "MainCategory": "주방가전",
    "ProductName": "SK매직 MWO-M8A02",
    "ReviewScore": "5",
    "Syllable": "69",
    "Word": "16",
    "RDate": "20220107",
    "GeneralPolarity": "1",
    "Aspects": [
      {
        "Aspect": "디자인",
        "SentimentText": "전자레인지 디자인 심플하고 생각한거보다 더 예뻐요 맘에 드네요.",
        "SentimentWord": "8",
        "SentimentPolarity": "1"
      },
      {
        "Aspect": "편의성",
        "SentimentText": "제일 중요한 음식도 빨리 뎁혀지고 사용도 간단해서 편리해요.",
        "SentimentWord": "8",
        "SentimentPolarity": "1"
      }
    ]
  },
  {
    "Index": "30730",
    "RawText": "용량이 20L라 소형레인지이지만 용량이 생각보다 정말 작아서 불편합니다. 그리고 출력이 750w라 가열속도가 느려서 좀 아쉬움 그리고 잔여시간 표기하는 LCD가 없어서 불편하다.",
    "Source": "쇼핑몰",
    "Domain": "가전",
    "MainCategory": "주방가전",
    "ProductName": "SK매직 MWO-M8A02",
    "ReviewScore": "4",
    "Syllable": "99",
    "Word": "21",
    "RDate": "20210330",
    "GeneralPolarity": "-1",
    "Aspects": [
      {
        "Aspect": "용량",
        "SentimentText": "용량이 20L라 소형레인지이지만 용량이 생각보다 정말 작아서 불편합니다.",
        "SentimentWord": "8",
        "SentimentPolarity": "-1"
      },
      {
        "Aspect": "시간/속도",
        "SentimentText": "그리고 출력이 750w라 가열속도가 느려서 좀 아쉬움",
        "SentimentWord": "7",
        "SentimentPolarity": "-1"
      },
      {
        "Aspect": "편의성",
        "SentimentText": "그리고 잔여시간 표기하는 LCD가 없어서 불편하다.",
        "SentimentWord": "6",
        "SentimentPolarity": "-1"
      }
    ]
  },
  {
    "Index": "30732",
    "RawText": "저렴한 가격에 이정도 제품이면 만족해요. 가성비 갑입니다. 작동시랑 기계음이 생각보다 커요 사용하다가 깜짝놀랬네요.",
    "Source": "쇼핑몰",
    "Domain": "가전",
    "MainCategory": "주방가전",
    "ProductName": "SK매직 MWO-M8A02",
    "ReviewScore": "5",
    "Syllable": "64",
    "Word": "13",
    "RDate": "20220519",
    "GeneralPolarity": "0",
    "Aspects": [
      {
        "Aspect": "가격",
        "SentimentText": "저렴한 가격에 이정도 제품이면 만족해요. 가성비 갑입니다.",
        "SentimentWord": "7",
        "SentimentPolarity": "1"
      },
      {
        "Aspect": "소음",
        "SentimentText": "작동시랑 기계음이 생각보다 커요 사용하다가 깜짝놀랬네요.",
        "SentimentWord": "6",
        "SentimentPolarity": "-1"
      }
    ]
  },
  {
    "Index": "30734",
    "RawText": "소형레인지에 이정도 가격이면 완전 가격대비 저렴한 가전 구입해서 만족스럽습니다. 다만 안에 링이 자꾸 빠져서 너무 번거로워요 제대로 고정되었으면 좋겠는데 잡고 꺼내야합니다.",
    "Source": "쇼핑몰",
    "Domain": "가전",
    "MainCategory": "주방가전",
    "ProductName": "SK매직 MWO-M8A02",
    "ReviewScore": "5",
    "Syllable": "96",
    "Word": "21",
    "RDate": "20220423",
    "GeneralPolarity": "0",
    "Aspects": [
      {
        "Aspect": "가격",
        "SentimentText": "소형레인지에 이정도 가격이면 완전 가격대비 저렴한 가전 구입해서 만족스럽습니다.",
        "SentimentWord": "9",
        "SentimentPolarity": "1"
      },
      {
        "Aspect": "편의성",
        "SentimentText": "다만 안에 링이 자꾸 빠져서 너무 번거로워요 제대로 고정되었으면 좋겠는데 잡고 꺼내야합니다.",
        "SentimentWord": "12",
        "SentimentPolarity": "-1"
      }
    ]
  },
  {
    "Index": "30737",
    "RawText": "사무실에서 사용하려고 저렴한걸로 샀는데 딱 그정도 값 합니다. 그저그래요. 디자인은 깔끔해서 마음에 드네요.",
    "Source": "쇼핑몰",
    "Domain": "가전",
    "MainCategory": "주방가전",
    "ProductName": "SK매직 MWO-M8A02",
    "ReviewScore": "5",
    "Syllable": "60",
    "Word": "13",
    "RDate": "20211022",
    "GeneralPolarity": "0",
    "Aspects": [
      {
        "Aspect": "가격",
        "SentimentText": "사무실에서 사용하려고 저렴한걸로 샀는데 딱 그정도 값 합니다. 그저그래요",
        "SentimentWord": "9",
        "SentimentPolarity": "0"
      },
      {
        "Aspect": "디자인",
        "SentimentText": "디자인은 깔끔해서 마음에 드네요.",
        "SentimentWord": "4",
        "SentimentPolarity": "1"
      }
    ]
  },
  {
    "Index": "30738",
    "RawText": "서브용으로 쓰려고 저렴한거 하나 구입했는데 그냥저냥 쓸만합니다. 색상도 좀 사진과 다르게 촌스러워요 아쉽습니다.",
    "Source": "쇼핑몰",
    "Domain": "가전",
    "MainCategory": "주방가전",
    "ProductName": "SK매직 MWO-M8A02",
    "ReviewScore": "5",
    "Syllable": "62",
    "Word": "13",
    "RDate": "20220822",
    "GeneralPolarity": "-1",
    "Aspects": [
      {
        "Aspect": "가격",
        "SentimentText": "서브용으로 쓰려고 저렴한거 하나 구입했는데 그냥저냥 쓸만합니다.",
        "SentimentWord": "7",
        "SentimentPolarity": "0"
      },
      {
        "Aspect": "색상",
        "SentimentText": "색상도 좀 사진과 다르게 촌스러워요 아쉽습니다.",
        "SentimentWord": "6",
        "SentimentPolarity": "-1"
      }
    ]
  },
  {
    "Index": "30739",
    "RawText": "1인으로 쓰기에는 딱 적당한 용량의 전자레인지예요. 가격도 저렴해서 자취생에게 딱이네요 좋아요.",
    "Source": "쇼핑몰",
    "Domain": "가전",
    "MainCategory": "주방가전",
    "ProductName": "SK매직 MWO-M8A02",
    "ReviewScore": "5",
    "Syllable": "53",
    "Word": "11",
    "RDate": "20220822",
    "GeneralPolarity": "1",
    "Aspects": [
      {
        "Aspect": "용량",
        "SentimentText": "1인으로 쓰기에는 딱 적당한 용량의 전자레인지예요.",
        "SentimentWord": "6",
        "SentimentPolarity": "1"
      },
      {
        "Aspect": "가격",
        "SentimentText": "가격도 저렴해서 자취생에게 딱이네요 좋아요.",
        "SentimentWord": "5",
        "SentimentPolarity": "1"
      }
    ]
  },
  {
    "Index": "30740",
    "RawText": "기본 뎁히기 해동은 아주 만족스러워요. 다만 다이얼로 돌려서 하다보니 타이머를 맞추기가 너무 애매해서 항상 더 뎁혀지거나 덜뎁혀지거나 하네요 불편하게^^;",
    "Source": "쇼핑몰",
    "Domain": "가전",
    "MainCategory": "주방가전",
    "ProductName": "SK매직 MWO-M8A02",
    "ReviewScore": "5",
    "Syllable": "86",
    "Word": "19",
    "RDate": "20210428",
    "GeneralPolarity": "0",
    "Aspects": [
      {
        "Aspect": "기능",
        "SentimentText": "기본 뎁히기 해동은 아주 만족스러워요.",
        "SentimentWord": "5",
        "SentimentPolarity": "1"
      },
      {
        "Aspect": "조작성",
        "SentimentText": "다만 다이얼로 돌려서 하다보니 타이머를 맞추기가 너무 애매해서 항상 더 뎁혀지거나 덜뎁혀지거나 하네요 불편하게^^;",
        "SentimentWord": "14",
        "SentimentPolarity": "-1"
      }
    ]
  },
  {
    "Index": "30741",
    "RawText": "다이얼형 전자레인지 쓰니까 굉장히 불편하고 타이머 맞추는게 굉장히 까다로워요. 조작법이 어렵네요. 그리고 생각보다 용량도 작아서 도시락이 돌아가지 않아요. 햇반정도 크기만 돌아가요ㅡㅡ",
    "Source": "쇼핑몰",
    "Domain": "가전",
    "MainCategory": "주방가전",
    "ProductName": "SK매직 MWO-M8A02",
    "ReviewScore": "3",
    "Syllable": "102",
    "Word": "21",
    "RDate": "20211014",
    "GeneralPolarity": "-1",
    "Aspects": [
      {
        "Aspect": "조작성",
        "SentimentText": "다이얼형 전자레인지 쓰니까 굉장히 불편하고 타이머 맞추는게 굉장히 까다로워요. 조작법이 어렵네요.",
        "SentimentWord": "11",
        "SentimentPolarity": "-1"
      },
      {
        "Aspect": "용량",
        "SentimentText": "그리고 생각보다 용량도 작아서 도시락이 돌아가지 않아요. 햇반정도 크기만 돌아가요ㅡㅡ",
        "SentimentWord": "10",
        "SentimentPolarity": "-1"
      }
    ]
  },
  {
    "Index": "30742",
    "RawText": "전체적인 전자레인지 크기는 작아서 수납하기 편해 좋습니다. 저렴한 가격에 훌륭한 제품 구입해서 너무 좋아요 짱 편해요.",
    "Source": "쇼핑몰",
    "Domain": "가전",
    "MainCategory": "주방가전",
    "ProductName": "SK매직 MWO-M8A02",
    "ReviewScore": "5",
    "Syllable": "66",
    "Word": "16",
    "RDate": "20210822",
    "GeneralPolarity": "1",
    "Aspects": [
      {
        "Aspect": "사이즈",
        "SentimentText": "전체적인 전자레인지 크기는 작아서 수납하기 편해 좋습니다.",
        "SentimentWord": "7",
        "SentimentPolarity": "1"
      },
      {
        "Aspect": "가격",
        "SentimentText": "저렴한 가격에 훌륭한 제품 구입해서 너무 좋아요 짱 편해요.",
        "SentimentWord": "9",
        "SentimentPolarity": "1"
      }
    ]
  },
  {
    "Index": "30743",
    "RawText": "20리터라 1인구가 사용하기 적당하지만 저한테는 사이즈 작아요  그래도 디자인 귀여워 위로가 되네요. 하자없이 작동이 잘 되 다행입니다.",
    "Source": "쇼핑몰",
    "Domain": "가전",
    "MainCategory": "주방가전",
    "ProductName": "SK매직 MWO-M8A02",
    "ReviewScore": "4",
    "Syllable": "76",
    "Word": "17",
    "RDate": "20201207",
    "GeneralPolarity": "0",
    "Aspects": [
      {
        "Aspect": "용량",
        "SentimentText": "20리터라 1인구가 사용하기 적당하지만 저한테는 사이즈 작아요 ",
        "SentimentWord": "7",
        "SentimentPolarity": "-1"
      },
      {
        "Aspect": "디자인",
        "SentimentText": "그래도 디자인 귀여워 위로가 되네요. ",
        "SentimentWord": "5",
        "SentimentPolarity": "1"
      },
      {
        "Aspect": "품질",
        "SentimentText": "하자없이 작동이 잘 되 다행입니다. ",
        "SentimentWord": "5",
        "SentimentPolarity": "1"
      }
    ]
  },
  {
    "Index": "30744",
    "RawText": "용량 사이즈도 제가 사용하기 딱 좋은 사이즈입니다. 디자인도 촌스럽지 않고 심플하고 가격도 할인받아 저렴하게 잘 샀어요",
    "Source": "쇼핑몰",
    "Domain": "가전",
    "MainCategory": "주방가전",
    "ProductName": "SK매직 MWO-M8A02",
    "ReviewScore": "5",
    "Syllable": "66",
    "Word": "16",
    "RDate": "20220705",
    "GeneralPolarity": "1",
    "Aspects": [
      {
        "Aspect": "용량",
        "SentimentText": "용량 사이즈도 제가 사용하기 딱 좋은 사이즈입니다. ",
        "SentimentWord": "7",
        "SentimentPolarity": "1"
      },
      {
        "Aspect": "디자인",
        "SentimentText": "디자인도 촌스럽지 않고 심플하고 ",
        "SentimentWord": "4",
        "SentimentPolarity": "1"
      },
      {
        "Aspect": "가격",
        "SentimentText": " 가격도 할인받아 저렴하게 잘 샀어요  ",
        "SentimentWord": "5",
        "SentimentPolarity": "1"
      }
    ]
  },
  {
    "Index": "30745",
    "RawText": "사이즈 저 혼자쓰기 딱 좋은 사이즈이네요 . 색상도 고급스러운 블랙 색상이고, 디자인도 전혀 촌스럽지 않고 이쁘네요",
    "Source": "쇼핑몰",
    "Domain": "가전",
    "MainCategory": "주방가전",
    "ProductName": "SK매직 MWO-M8A02",
    "ReviewScore": "5",
    "Syllable": "64",
    "Word": "16",
    "RDate": "20201222",
    "GeneralPolarity": "1",
    "Aspects": [
      {
        "Aspect": "용량",
        "SentimentText": "사이즈 저 혼자쓰기 딱 좋은 사이즈이네요 ",
        "SentimentWord": "6",
        "SentimentPolarity": "1"
      },
      {
        "Aspect": "색상",
        "SentimentText": "색상도 고급스러운 블랙 색상이고",
        "SentimentWord": "4",
        "SentimentPolarity": "1"
      },
      {
        "Aspect": "디자인",
        "SentimentText": " 디자인도 전혀 촌스럽지 않고 이쁘네요 ",
        "SentimentWord": "5",
        "SentimentPolarity": "1"
      }
    ]
  },
  {
    "Index": "30746",
    "RawText": "새 제품이라서 냄새가 나는 것은 이해하지만 그래도 너무납니다. 출력이 높아서인지 조리도 엄청 빨라요 덮개 안 덮어도 금방 돼요",
    "Source": "쇼핑몰",
    "Domain": "가전",
    "MainCategory": "주방가전",
    "ProductName": "SK매직 MWO-M8A02",
    "ReviewScore": "4",
    "Syllable": "70",
    "Word": "18",
    "RDate": "20210902",
    "GeneralPolarity": "0",
    "Aspects": [
      {
        "Aspect": "품질",
        "SentimentText": "새 제품이라서 냄새가 나는 것은 이해하지만 그래도 너무납니다. ",
        "SentimentWord": "8",
        "SentimentPolarity": "-1"
      },
      {
        "Aspect": "시간/속도",
        "SentimentText": " 출력이 높아서인지 조리도 엄청 빨라요 덮개 안 덮어도 금방 돼요",
        "SentimentWord": "10",
        "SentimentPolarity": "1"
      }
    ]
  },
  {
    "Index": "30747",
    "RawText": "일단 색상! 블랙 색상이라서 깔끔하니 좋아요. 기능도 딱 필요한 기능만 있어 편해요. 그런데... 상태창 글씨가 흐리게 보여 엄청 불편합니다.",
    "Source": "쇼핑몰",
    "Domain": "가전",
    "MainCategory": "주방가전",
    "ProductName": "SK매직 MWO-M8A02",
    "ReviewScore": "5",
    "Syllable": "79",
    "Word": "19",
    "RDate": "20210729",
    "GeneralPolarity": "0",
    "Aspects": [
      {
        "Aspect": "색상",
        "SentimentText": "일단 색상! 블랙 색상이라서 깔끔하니 좋아요. ",
        "SentimentWord": "6",
        "SentimentPolarity": "1"
      },
      {
        "Aspect": "기능",
        "SentimentText": " 기능도 딱 필요한 기능만 있어 편해요",
        "SentimentWord": "6",
        "SentimentPolarity": "1"
      },
      {
        "Aspect": "품질",
        "SentimentText": " 그런데... 상태창 글씨가 흐리게 보여 엄청 불편합니다.   ",
        "SentimentWord": "7",
        "SentimentPolarity": "-1"
      }
    ]
  }
]