[
  {
    "Index": "31400",
    "RawText": "전자레인지 모드에서 30초 조절가능이 있어서 굉장히 조리할때 쓰기 편합니다. 그리고 사용해보니 굉장히 가성비 좋은 상품이네요. 제 값합니다. 강추!",
    "Source": "쇼핑몰",
    "Domain": "가전",
    "MainCategory": "주방가전",
    "ProductName": "삼성전자 MS23K3513 화이트",
    "ReviewScore": "5",
    "Syllable": "82",
    "Word": "18",
    "RDate": "20220608",
    "Aspects": [
      {
        "Aspect": "편의성",
        "SentimentText": "전자레인지 모드에서 30초 조절가능이 있어서 굉장히 조리할때 쓰기 편합니다.",
        "SentimentWord": "9",
        "SentimentPolarity": "1"
      },
      {
        "Aspect": "가격",
        "SentimentText": "그리고 사용해보니 굉장히 가성비 좋은 상품이네요. 제 값합니다. 강추!",
        "SentimentWord": "9",
        "SentimentPolarity": "1"
      }
    ]
  },
  {
    "Index": "31401",
    "RawText": "색상이 화이트계열이라 굉장히 깔끔하고 예뻐요. 문이 수동식인데 열때 좀 빡빡해서 다른 한손으로 받치고 문을 열어 사용해야해 불편해요.",
    "Source": "쇼핑몰",
    "Domain": "가전",
    "MainCategory": "주방가전",
    "ProductName": "삼성전자 MS23K3513 화이트",
    "ReviewScore": "5",
    "Syllable": "74",
    "Word": "17",
    "RDate": "20220429",
    "GeneralPolarity": "0",
    "Aspects": [
      {
        "Aspect": "색상",
        "SentimentText": "색상이 화이트계열이라 굉장히 깔끔하고 예뻐요.",
        "SentimentWord": "5",
        "SentimentPolarity": "1"
      },
      {
        "Aspect": "편의성",
        "SentimentText": "문이 수동식인데 열때 좀 빡빡해서 다른 한손으로 받치고 문을 열어 사용해야해 불편해요.",
        "SentimentWord": "12",
        "SentimentPolarity": "-1"
      }
    ]
  },
  {
    "Index": "31402",
    "RawText": "이렇게 다양한 기능인데 가격까지 저렴하다니 얼른 구매해야겠다 싶어서 구매했는데 역시나 저렴한 가격에 잘샀네요 만족합니다. 조금 아쉬운 부분이 소음이 조금 심한 편이예요. 작동시에 돌아가는 소리가 좀 큰편이라 거슬립니다.",
    "Source": "쇼핑몰",
    "Domain": "가전",
    "MainCategory": "주방가전",
    "ProductName": "삼성전자 MS23K3513 화이트",
    "ReviewScore": "5",
    "Syllable": "122",
    "Word": "27",
    "RDate": "20220608",
    "GeneralPolarity": "0",
    "Aspects": [
      {
        "Aspect": "가격",
        "SentimentText": "이렇게 다양한 기능인데 가격까지 저렴하다니 얼른 구매해야겠다 싶어서 구매했는데 역시나 저렴한 가격에 잘샀네요 만족합니다.",
        "SentimentWord": "14",
        "SentimentPolarity": "1"
      },
      {
        "Aspect": "소음",
        "SentimentText": "조금 아쉬운 부분이 소음이 조금 심한 편이예요. 작동시에 돌아가는 소리가 좀 큰편이라 거슬립니다.",
        "SentimentWord": "13",
        "SentimentPolarity": "-1"
      }
    ]
  },
  {
    "Index": "31403",
    "RawText": "최근에 산 가전중에 가성비 최고의 제품입니다. 싼 가격은 아니지만 이 돈 주고 살만해요 만족합니다. 디자인도 굉장히 심플 깔끔해서 좋구요. 다이얼로 드르륵 돌리면 원하는 모드를 설정하고 작동시킬수 있어 조작도 편리해서 좋아요.",
    "Source": "쇼핑몰",
    "Domain": "가전",
    "MainCategory": "주방가전",
    "ProductName": "삼성전자 MS23K3513 화이트",
    "ReviewScore": "5",
    "Syllable": "126",
    "Word": "30",
    "RDate": "20220721",
    "GeneralPolarity": "1",
    "Aspects": [
      {
        "Aspect": "가격",
        "SentimentText": "최근에 산 가전중에 가성비 최고의 제품입니다. 싼 가격은 아니지만 이 돈 주고 살만해요 만족합니다.",
        "SentimentWord": "14",
        "SentimentPolarity": "1"
      },
      {
        "Aspect": "디자인",
        "SentimentText": "디자인도 굉장히 심플 깔끔해서 좋구요. ",
        "SentimentWord": "5",
        "SentimentPolarity": "1"
      },
      {
        "Aspect": "조작성",
        "SentimentText": "다이얼로 드르륵 돌리면 원하는 모드를 설정하고 작동시킬수 있어 조작도 편리해서 좋아요.",
        "SentimentWord": "11",
        "SentimentPolarity": "1"
      }
    ]
  },
  {
    "Index": "31404",
    "RawText": "간편하게 조리할 용도로 당장 필요해서 샀는데 기본기능 충실하네요 좋아요. 그리고 쿠폰써서 저렴하게 구입해서 더 기분 좋네요^^",
    "Source": "쇼핑몰",
    "Domain": "가전",
    "MainCategory": "주방가전",
    "ProductName": "삼성전자 MS23K3513 화이트",
    "ReviewScore": "4",
    "Syllable": "70",
    "Word": "16",
    "RDate": "20220612",
    "GeneralPolarity": "1",
    "Aspects": [
      {
        "Aspect": "기능",
        "SentimentText": "간편하게 조리할 용도로 당장 필요해서 샀는데 기본기능 충실하네요 좋아요.",
        "SentimentWord": "9",
        "SentimentPolarity": "1"
      },
      {
        "Aspect": "가격",
        "SentimentText": "그리고 쿠폰써서 저렴하게 구입해서 더 기분 좋네요^^",
        "SentimentWord": "7",
        "SentimentPolarity": "1"
      }
    ]
  },
  {
    "Index": "31405",
    "RawText": "간단하게 그냥 음식 데우기 용으로는 짱인 제품입니다. 사용법도 굉장히 간단해서 좋네요. 가격대비 전자레인지 기능에 훌륭한 제품입니다. 안아까워요",
    "Source": "쇼핑몰",
    "Domain": "가전",
    "MainCategory": "주방가전",
    "ProductName": "삼성전자 MS23K3513 화이트",
    "ReviewScore": "5",
    "Syllable": "80",
    "Word": "17",
    "RDate": "20220131",
    "Aspects": [
      {
        "Aspect": "조작성",
        "SentimentText": "간단하게 그냥 음식 데우기 용으로는 짱인 제품입니다. 사용법도 굉장히 간단해서 좋네요.",
        "SentimentWord": "11",
        "SentimentPolarity": "1"
      },
      {
        "Aspect": "기능",
        "SentimentText": "가격대비 전자레인지 기능에 훌륭한 제품입니다. 안아까워요",
        "SentimentWord": "6",
        "SentimentPolarity": "1"
      }
    ]
  },
  {
    "Index": "31408",
    "RawText": "제품 받아서 사용해보는데 소음이 정말 없는 편이라 제일 마음에 드네요. 그리고 무엇보다 사용하는게 간편해서 좋아요 버튼식이라 누르고 작동시키면 끝입니다. 좋아요.",
    "Source": "쇼핑몰",
    "Domain": "가전",
    "MainCategory": "주방가전",
    "ProductName": "삼성전자 MS23K3513 화이트",
    "ReviewScore": "5",
    "Syllable": "90",
    "Word": "20",
    "RDate": "20220407",
    "GeneralPolarity": "1",
    "Aspects": [
      {
        "Aspect": "소음",
        "SentimentText": "제품 받아서 사용해보는데 소음이 정말 없는 편이라 제일 마음에 드네요.",
        "SentimentWord": "10",
        "SentimentPolarity": "1"
      },
      {
        "Aspect": "조작성",
        "SentimentText": "그리고 무엇보다 사용하는게 간편해서 좋아요 버튼식이라 누르고 작동시키면 끝입니다. 좋아요.",
        "SentimentWord": "10",
        "SentimentPolarity": "1"
      }
    ]
  },
  {
    "Index": "31413",
    "RawText": "디자인도 깔끔하고 심플해서 마음에 듭니다. 조금 아쉬운게 예전 전자레인지처럼 10초단위로 시간조절기능을 할 수 있음 좋겠는데 30초 추가기능밖에 없어서 아쉬워요.",
    "Source": "쇼핑몰",
    "Domain": "가전",
    "MainCategory": "주방가전",
    "ProductName": "삼성전자 MS23K3513 화이트",
    "ReviewScore": "5",
    "Syllable": "90",
    "Word": "19",
    "RDate": "20220625",
    "GeneralPolarity": "0",
    "Aspects": [
      {
        "Aspect": "디자인",
        "SentimentText": "디자인도 깔끔하고 심플해서 마음에 듭니다. ",
        "SentimentWord": "5",
        "SentimentPolarity": "1"
      },
      {
        "Aspect": "기능",
        "SentimentText": "조금 아쉬운게 예전 전자레인지처럼 10초단위로 시간조절기능을 할 수 있음 좋겠는데 30초 추가기능밖에 없어서 아쉬워요.",
        "SentimentWord": "14",
        "SentimentPolarity": "-1"
      }
    ]
  },
  {
    "Index": "31414",
    "RawText": "디자인 깔끔해서 유행 안타서 너무 좋아요. 그리고 내부가 세라믹재질로 되어있어 행주로 스윽 닦으면 잘 닦이네요.",
    "Source": "쇼핑몰",
    "Domain": "가전",
    "MainCategory": "주방가전",
    "ProductName": "삼성전자 MS23K3513 화이트",
    "ReviewScore": "5",
    "Syllable": "62",
    "Word": "15",
    "RDate": "20220609",
    "GeneralPolarity": "1",
    "Aspects": [
      {
        "Aspect": "디자인",
        "SentimentText": "디자인 깔끔해서 유행 안타서 너무 좋아요. ",
        "SentimentWord": "6",
        "SentimentPolarity": "1"
      },
      {
        "Aspect": "소재",
        "SentimentText": "그리고 내부가 세라믹재질로 되어있어 행주로 스윽 닦으면 잘 닦이네요.",
        "SentimentWord": "9",
        "SentimentPolarity": "1"
      }
    ]
  },
  {
    "Index": "31415",
    "RawText": "색상이 화이트라 깔끔하고 예뻐요. 작동해보니 조리시에 돌림판 돌아가는 소리가 굉장히 요란합니다. 그거빼곤 다 괜찮아요",
    "Source": "쇼핑몰",
    "Domain": "가전",
    "MainCategory": "주방가전",
    "ProductName": "삼성전자 MS23K3513 화이트",
    "ReviewScore": "5",
    "Syllable": "65",
    "Word": "14",
    "RDate": "20220629",
    "GeneralPolarity": "0",
    "Aspects": [
      {
        "Aspect": "색상",
        "SentimentText": "색상이 화이트라 깔끔하고 예뻐요.",
        "SentimentWord": "4",
        "SentimentPolarity": "1"
      },
      {
        "Aspect": "소음",
        "SentimentText": "작동해보니 조리시에 돌림판 돌아가는 소리가 굉장히 요란합니다. 그거빼곤 다 괜찮아요",
        "SentimentWord": "10",
        "SentimentPolarity": "-1"
      }
    ]
  },
  {
    "Index": "31416",
    "RawText": "기본적인 기능이 훌륭한 전자레인지라 너무 마음에 듭니다. 간단 조리용으론 짱입니다. 다만 조리시에 렌지 안이 내용물이 안보여서 돌아가는지 안돌아가는지 알수가 없어서 불편해요.",
    "Source": "쇼핑몰",
    "Domain": "가전",
    "MainCategory": "주방가전",
    "ProductName": "삼성전자 MS23K3513 화이트",
    "ReviewScore": "4",
    "Syllable": "97",
    "Word": "21",
    "RDate": "20220722",
    "GeneralPolarity": "0",
    "Aspects": [
      {
        "Aspect": "기능",
        "SentimentText": "기본적인 기능이 훌륭한 전자레인지라 너무 마음에 듭니다. 간단 조리용으론 짱입니다",
        "SentimentWord": "10",
        "SentimentPolarity": "1"
      },
      {
        "Aspect": "편의성",
        "SentimentText": "다만 조리시에 렌지 안이 내용물이 안보여서 돌아가는지 안돌아가는지 알수가 없어서 불편해요.",
        "SentimentWord": "11",
        "SentimentPolarity": "-1"
      }
    ]
  },
  {
    "Index": "31417",
    "RawText": "제품이 하자가 있어서 서비스로 새제품을 받았는데도 문짝 수평이 전혀 맞지않고 삐딱해요. 근데 정상이라니 품질 자체에 문제있네요. 소리도 굉장히 덜커덩 거리고 요란스럽습니다.",
    "Source": "쇼핑몰",
    "Domain": "가전",
    "MainCategory": "주방가전",
    "ProductName": "삼성전자 MS23K3513 화이트",
    "ReviewScore": "3",
    "Syllable": "96",
    "Word": "21",
    "RDate": "20220816",
    "GeneralPolarity": "-1",
    "Aspects": [
      {
        "Aspect": "품질",
        "SentimentText": "제품이 하자가 있어서 서비스로 새제품을 받았는데도 문짝 수평이 전혀 맞지않고 삐딱해요. 근데 정상이라니 품질 자체에 문제있네요.",
        "SentimentWord": "16",
        "SentimentPolarity": "-1"
      },
      {
        "Aspect": "소음",
        "SentimentText": "소리도 굉장히 덜커덩 거리고 요란스럽습니다.",
        "SentimentWord": "5",
        "SentimentPolarity": "-1"
      }
    ]
  },
  {
    "Index": "31418",
    "RawText": "전면 창이 너무 어두워서 조리가 되고있는건지 아닌지 알수가 없어요. 하나도 안보여서 불편해요.  그리고 조리시에 조리시간 조작법이 굉장히 불편하게 되어있어서 자동데우기 이런거 있었음 좋겠어요. 간단하게 만들어주세요.",
    "Source": "쇼핑몰",
    "Domain": "가전",
    "MainCategory": "주방가전",
    "ProductName": "삼성전자 MS23K3513 화이트",
    "ReviewScore": "4",
    "Syllable": "120",
    "Word": "25",
    "RDate": "20220714",
    "GeneralPolarity": "-1",
    "Aspects": [
      {
        "Aspect": "편의성",
        "SentimentText": "전면 창이 너무 어두워서 조리가 되고있는건지 아닌지 알수가 없어요. 하나도 안보여서 불편해요.",
        "SentimentWord": "12",
        "SentimentPolarity": "-1"
      },
      {
        "Aspect": "조작성",
        "SentimentText": "그리고 조리시에 조리시간 조작법이 굉장히 불편하게 되어있어서 자동데우기 이런거 있었음 좋겠어요. 간단하게 만들어주세요.",
        "SentimentWord": "13",
        "SentimentPolarity": "-1"
      }
    ]
  },
  {
    "Index": "31419",
    "RawText": "유행타지않았음 해서 무난한 디자인으로 골랐는데 생각보다 예쁘네요. 맘에 들어요. 기본 레인지 기능만 있으면 된다 생각해서 저렴한 가격으로 골랐는데 가격대비 맘에 드네요.",
    "Source": "쇼핑몰",
    "Domain": "가전",
    "MainCategory": "주방가전",
    "ProductName": "삼성전자 MS23K3513 화이트",
    "ReviewScore": "5",
    "Syllable": "94",
    "Word": "21",
    "RDate": "20220113",
    "GeneralPolarity": "1",
    "Aspects": [
      {
        "Aspect": "디자인",
        "SentimentText": "유행타지않았음 해서 무난한 디자인으로 골랐는데 생각보다 예쁘네요. 맘에 들어요.",
        "SentimentWord": "9",
        "SentimentPolarity": "1"
      },
      {
        "Aspect": "가격",
        "SentimentText": "기본 레인지 기능만 있으면 된다 생각해서 저렴한 가격으로 골랐는데 가격대비 맘에 드네요.",
        "SentimentWord": "12",
        "SentimentPolarity": "1"
      }
    ]
  },
  {
    "Index": "31420",
    "RawText": "자취하는데 비싼거 필요없어서 저렴한 가격대의 전자레인지를 샀는데 만족스러워요. 그리고 디자인도 깔끔해서 좋네요.",
    "Source": "쇼핑몰",
    "Domain": "가전",
    "MainCategory": "주방가전",
    "ProductName": "삼성전자 MS23K3513 화이트",
    "ReviewScore": "4",
    "Syllable": "62",
    "Word": "12",
    "RDate": "20220618",
    "GeneralPolarity": "1",
    "Aspects": [
      {
        "Aspect": "가격",
        "SentimentText": "자취하는데 비싼거 필요없어서 저렴한 가격대의 전자레인지를 샀는데 만족스러워요.",
        "SentimentWord": "8",
        "SentimentPolarity": "1"
      },
      {
        "Aspect": "디자인",
        "SentimentText": "그리고 디자인도 깔끔해서 좋네요.",
        "SentimentWord": "4",
        "SentimentPolarity": "1"
      }
    ]
  },
  {
    "Index": "31421",
    "RawText": "문이 오히려 수동이라 여닫고 하는게 편해서 좋아요. 조작법도 굉장히 쉬워서 그냥 버튼 누르고 뎁히기 하면 되서 좋아요.",
    "Source": "쇼핑몰",
    "Domain": "가전",
    "MainCategory": "주방가전",
    "ProductName": "삼성전자 MS23K3513 화이트",
    "ReviewScore": "5",
    "Syllable": "66",
    "Word": "17",
    "RDate": "20211222",
    "GeneralPolarity": "1",
    "Aspects": [
      {
        "Aspect": "편의성",
        "SentimentText": "문이 오히려 수동이라 여닫고 하는게 편해서 좋아요",
        "SentimentWord": "7",
        "SentimentPolarity": "1"
      },
      {
        "Aspect": "조작성",
        "SentimentText": "조작법도 굉장히 쉬워서 그냥 버튼 누르고 뎁히기 하면 되서 좋아요.",
        "SentimentWord": "10",
        "SentimentPolarity": "1"
      }
    ]
  },
  {
    "Index": "31422",
    "RawText": "디자인이 굉장히 깔끔하고 세련됐어요 너무 맘에 들어요. 하지만 옛날에 쓰던 제품에 비하면 소리가 굉장이 요란한 편이라 시끄러워요.",
    "Source": "쇼핑몰",
    "Domain": "가전",
    "MainCategory": "주방가전",
    "ProductName": "삼성전자 MS23K3513 화이트",
    "ReviewScore": "5",
    "Syllable": "72",
    "Word": "17",
    "RDate": "20220819",
    "GeneralPolarity": "0",
    "Aspects": [
      {
        "Aspect": "디자인",
        "SentimentText": "디자인이 굉장히 깔끔하고 세련됐어요 너무 맘에 들어요.",
        "SentimentWord": "7",
        "SentimentPolarity": "1"
      },
      {
        "Aspect": "소음",
        "SentimentText": "하지만 옛날에 쓰던 제품에 비하면 소리가 굉장이 요란한 편이라 시끄러워요.",
        "SentimentWord": "10",
        "SentimentPolarity": "-1"
      }
    ]
  },
  {
    "Index": "31424",
    "RawText": "브랜드 제품답게 마감이 굉장히 깔끔해서 좋네요. 품질 대박입니다. 그리고 디자인이 굉장히 심플하고 고급스러워서 좋아요. 23L라 중형레인지면 좀 넉넉하지 않을까 싶었는데 내부용량이 생각보다 크지 않아서 아쉬워요.",
    "Source": "쇼핑몰",
    "Domain": "가전",
    "MainCategory": "주방가전",
    "ProductName": "삼성전자 MS23K3513 화이트",
    "ReviewScore": "5",
    "Syllable": "118",
    "Word": "25",
    "RDate": "20220623",
    "GeneralPolarity": "1",
    "Aspects": [
      {
        "Aspect": "품질",
        "SentimentText": "브랜드 제품답게 마감이 굉장히 깔끔해서 좋네요. 품질 대박입니다.",
        "SentimentWord": "8",
        "SentimentPolarity": "1"
      },
      {
        "Aspect": "디자인",
        "SentimentText": "그리고 디자인이 굉장히 심플하고 고급스러워서 좋아요.",
        "SentimentWord": "6",
        "SentimentPolarity": "1"
      },
      {
        "Aspect": "용량",
        "SentimentText": "23L라 중형레인지면 좀 넉넉하지 않을까 싶었는데 내부용량이 생각보다 크지 않아서 아쉬워요.",
        "SentimentWord": "11",
        "SentimentPolarity": "0"
      }
    ]
  },
  {
    "Index": "31426",
    "RawText": "쿠폰으로 원래가격보다 저렴하게 샀는데 너무 만족스러워요. 가성비 짱! 실제 사용해보니 생각보다 전면이 너무 어두워서 조리과정이 전혀 보이지 않아 불편해요. 그 점은 좀 아쉬워요.",
    "Source": "쇼핑몰",
    "Domain": "가전",
    "MainCategory": "주방가전",
    "ProductName": "삼성전자 MS23K3513 화이트",
    "ReviewScore": "5",
    "Syllable": "99",
    "Word": "23",
    "RDate": "20220715",
    "GeneralPolarity": "0",
    "Aspects": [
      {
        "Aspect": "가격",
        "SentimentText": "쿠폰으로 원래가격보다 저렴하게 샀는데 너무 만족스러워요. 가성비 짱!",
        "SentimentWord": "8",
        "SentimentPolarity": "1"
      },
      {
        "Aspect": "편의성",
        "SentimentText": "실제 사용해보니 생각보다 전면이 너무 어두워서 조리과정이 전혀 보이지 않아 불편해요. 그 점은 좀 아쉬워요.",
        "SentimentWord": "15",
        "SentimentPolarity": "-1"
      }
    ]
  },
  {
    "Index": "31427",
    "RawText": "전자레인지 사이즈가 크지도 작지도 않고 딱 적당해서 좋아요. 선반에 쏙 들어가네요. 조리시에 사용법에 적힌 시간으로 조리했더니 가열이 전혀 되지 않아서 당황했네요. 30초에서 1분정도 더 돌리니 그제야 따뜻합니다. 조작법에 좀 익숙해져야 편할것 같아요.",
    "Source": "쇼핑몰",
    "Domain": "가전",
    "MainCategory": "주방가전",
    "ProductName": "삼성전자 MS23K3513 화이트",
    "ReviewScore": "5",
    "Syllable": "141",
    "Word": "32",
    "RDate": "20211126",
    "GeneralPolarity": "0",
    "Aspects": [
      {
        "Aspect": "사이즈",
        "SentimentText": "전자레인지 사이즈가 크지도 작지도 않고 딱 적당해서 좋아요. 선반에 쏙 들어가네요",
        "SentimentWord": "11",
        "SentimentPolarity": "1"
      },
      {
        "Aspect": "조작성",
        "SentimentText": "조리시에 사용법에 적힌 시간으로 조리했더니 가열이 전혀 되지 않아서 당황했네요. 30초에서 1분정도 더 돌리니 그제야 따뜻합니다. 조작법에 좀 익숙해져야 편할것 같아요.",
        "SentimentWord": "21",
        "SentimentPolarity": "-1"
      }
    ]
  },
  {
    "Index": "31429",
    "RawText": "디자인은 깔끔하고 심플해서 맘에 들어요. 근데 버튼하자인지 해동버튼이 작동이 안되서 해동을 할수가 없네요;; 아무리 눌러도 되지않아요.",
    "Source": "쇼핑몰",
    "Domain": "가전",
    "MainCategory": "주방가전",
    "ProductName": "삼성전자 MS23K3513 화이트",
    "ReviewScore": "5",
    "Syllable": "75",
    "Word": "16",
    "RDate": "20220409",
    "GeneralPolarity": "0",
    "Aspects": [
      {
        "Aspect": "디자인",
        "SentimentText": "디자인은 깔끔하고 심플해서 맘에 들어요.",
        "SentimentWord": "5",
        "SentimentPolarity": "1"
      },
      {
        "Aspect": "품질",
        "SentimentText": "근데 버튼하자인지 해동버튼이 작동이 안되서 해동을 할수가 없네요;; 아무리 눌러도 되지않아요.",
        "SentimentWord": "11",
        "SentimentPolarity": "-1"
      }
    ]
  },
  {
    "Index": "31431",
    "RawText": "기본적인 레인지 기능은 잘되서 좋아요! 보온,해동,자동기능까지 마음에 듭니다. 다만 출력모드가 700W라 조리시간이 좀 오래걸리는게 아쉽네요.",
    "Source": "쇼핑몰",
    "Domain": "가전",
    "MainCategory": "주방가전",
    "ProductName": "삼성전자 MS23K3513 화이트",
    "ReviewScore": "5",
    "Syllable": "79",
    "Word": "15",
    "RDate": "20220725",
    "GeneralPolarity": "0",
    "Aspects": [
      {
        "Aspect": "기능",
        "SentimentText": "기본적인 레인지 기능은 잘되서 좋아요! 보온,해동,자동기능까지 마음에 듭니다.",
        "SentimentWord": "8",
        "SentimentPolarity": "1"
      },
      {
        "Aspect": "소비전력",
        "SentimentText": "다만 출력모드가 700W라 조리시간이 좀 오래걸리는게 아쉽네요.",
        "SentimentWord": "7",
        "SentimentPolarity": "-1"
      }
    ]
  },
  {
    "Index": "31434",
    "RawText": "부모님댁에 선물로 보내드렸는데 실물로 보니 디자인이 훨씬 더 세련되고 예쁘네요. 다만 작동시에 안이 안보여서 굉장히 불편해요.",
    "Source": "쇼핑몰",
    "Domain": "가전",
    "MainCategory": "주방가전",
    "ProductName": "삼성전자 MS23K3513 화이트",
    "ReviewScore": "5",
    "Syllable": "70",
    "Word": "16",
    "RDate": "20220604",
    "GeneralPolarity": "0",
    "Aspects": [
      {
        "Aspect": "디자인",
        "SentimentText": "부모님댁에 선물로 보내드렸는데 실물로 보니 디자인이 훨씬 더 세련되고 예쁘네요.",
        "SentimentWord": "10",
        "SentimentPolarity": "1"
      },
      {
        "Aspect": "편의성",
        "SentimentText": "다만 작동시에 안이 안보여서 굉장히 불편해요.",
        "SentimentWord": "6",
        "SentimentPolarity": "-1"
      }
    ]
  },
  {
    "Index": "31435",
    "RawText": "컬러를 블랙으로 골랐는데 정말 고급지고 예뻐요. 할인받아서 저렴한 가격에 좋은 물건 득템했네요 맘에들어요.",
    "Source": "쇼핑몰",
    "Domain": "가전",
    "MainCategory": "주방가전",
    "ProductName": "삼성전자 MS23K3513 화이트",
    "ReviewScore": "5",
    "Syllable": "59",
    "Word": "13",
    "RDate": "20220720",
    "GeneralPolarity": "1",
    "Aspects": [
      {
        "Aspect": "색상",
        "SentimentText": "컬러를 블랙으로 골랐는데 정말 고급지고 예뻐요.",
        "SentimentWord": "6",
        "SentimentPolarity": "1"
      },
      {
        "Aspect": "가격",
        "SentimentText": "할인받아서 저렴한 가격에 좋은 물건 득템했네요 맘에들어요.",
        "SentimentWord": "7",
        "SentimentPolarity": "1"
      }
    ]
  },
  {
    "Index": "31436",
    "RawText": "역시 이 브랜드 디자인은 깔끔하고 심플! 너무 예뻐요. 다만 소음이 생각보다 좀 큰편이라 저같이 예민한 사람은 시끄럽다고 느껴지겠네요.",
    "Source": "쇼핑몰",
    "Domain": "가전",
    "MainCategory": "주방가전",
    "ProductName": "삼성전자 MS23K3513 화이트",
    "ReviewScore": "5",
    "Syllable": "75",
    "Word": "18",
    "RDate": "20220216",
    "GeneralPolarity": "0",
    "Aspects": [
      {
        "Aspect": "디자인",
        "SentimentText": "역시 이 브랜드 디자인은 깔끔하고 심플! 너무 예뻐요",
        "SentimentWord": "8",
        "SentimentPolarity": "1"
      },
      {
        "Aspect": "소음",
        "SentimentText": "다만 소음이 생각보다 좀 큰편이라 저같이 예민한 사람은 시끄럽다고 느껴지겠네요.",
        "SentimentWord": "10",
        "SentimentPolarity": "-1"
      }
    ]
  },
  {
    "Index": "31438",
    "RawText": "깔끔한 디자인 말할것도 없이 너무 좋구요. 조작법도 굉장히 간단하고 쉬워서 너무 좋아요. 자동데우기 시간30초 추가기능 탈취 등등 기능도 뭐하나 빠지는거 없이 너무 잘되네요 좋아요.",
    "Source": "쇼핑몰",
    "Domain": "가전",
    "MainCategory": "주방가전",
    "ProductName": "삼성전자 MS23K3513 화이트",
    "ReviewScore": "5",
    "Syllable": "101",
    "Word": "24",
    "RDate": "20220618",
    "GeneralPolarity": "1",
    "Aspects": [
      {
        "Aspect": "디자인",
        "SentimentText": "깔끔한 디자인 말할것도 없이 너무 좋구요",
        "SentimentWord": "6",
        "SentimentPolarity": "1"
      },
      {
        "Aspect": "조작성",
        "SentimentText": "조작법도 굉장히 간단하고 쉬워서 너무 좋아요. ",
        "SentimentWord": "6",
        "SentimentPolarity": "1"
      },
      {
        "Aspect": "기능",
        "SentimentText": "자동데우기 시간30초 추가기능 탈취 등등 기능도 뭐하나 빠지는거 없이 너무 잘되네요 좋아요.",
        "SentimentWord": "12",
        "SentimentPolarity": "1"
      }
    ]
  },
  {
    "Index": "31440",
    "RawText": "브랜드 제품이면서 가성비 갑인 상품이예요! 저렴하니 너무 잘사서 좋아요. 그리고 필요한 기능만 쏙쏙 있어서 조리시에 알맞게 사용하면 되서 좋아요.",
    "Source": "쇼핑몰",
    "Domain": "가전",
    "MainCategory": "주방가전",
    "ProductName": "삼성전자 MS23K3513 화이트",
    "ReviewScore": "5",
    "Syllable": "81",
    "Word": "19",
    "RDate": "20211124",
    "GeneralPolarity": "1",
    "Aspects": [
      {
        "Aspect": "가격",
        "SentimentText": "브랜드 제품이면서 가성비 갑인 상품이예요! 저렴하니 너무 잘사서 좋아요.",
        "SentimentWord": "9",
        "SentimentPolarity": "1"
      },
      {
        "Aspect": "기능",
        "SentimentText": "그리고 필요한 기능만 쏙쏙 있어서 조리시에 알맞게 사용하면 되서 좋아요.",
        "SentimentWord": "10",
        "SentimentPolarity": "1"
      }
    ]
  },
  {
    "Index": "31441",
    "RawText": "가격도 이정도면 저렴하고 가성비 대박인 상품 찾아서 기분이 좋습니다. 가열 해동 조리기능 훌륭합니다. 요리할맛나요.",
    "Source": "쇼핑몰",
    "Domain": "가전",
    "MainCategory": "주방가전",
    "ProductName": "삼성전자 MS23K3513 화이트",
    "ReviewScore": "5",
    "Syllable": "64",
    "Word": "14",
    "RDate": "20211206",
    "GeneralPolarity": "1",
    "Aspects": [
      {
        "Aspect": "가격",
        "SentimentText": "가격도 이정도면 저렴하고 가성비 대박인 상품 찾아서 기분이 좋습니다. ",
        "SentimentWord": "9",
        "SentimentPolarity": "1"
      },
      {
        "Aspect": "기능",
        "SentimentText": "가열 해동 조리기능 훌륭합니다. 요리할맛나요.",
        "SentimentWord": "5",
        "SentimentPolarity": "1"
      }
    ]
  },
  {
    "Index": "31442",
    "RawText": "정말 정석의 전자레인지를 찾는다면 이 브랜드 제품 추천합니다. 믿고 구매하세요~ 디자인도 굉장히 심플해서 좋습니다.  쾌속해동 모드가 있는데 정말 빨리 해동되요! 냉동식품 자주 먹는분들에겐 좋아요. 훌륭합니다.",
    "Source": "쇼핑몰",
    "Domain": "가전",
    "MainCategory": "주방가전",
    "ProductName": "삼성전자 MS23K3513 화이트",
    "ReviewScore": "5",
    "Syllable": "117",
    "Word": "25",
    "RDate": "20220318",
    "GeneralPolarity": "1",
    "Aspects": [
      {
        "Aspect": "제조일/제조사",
        "SentimentText": "정말 정석의 전자레인지를 찾는다면 이 브랜드 제품 추천합니다. 믿고 구매하세요~",
        "SentimentWord": "10",
        "SentimentPolarity": "1"
      },
      {
        "Aspect": "디자인",
        "SentimentText": "디자인도 굉장히 심플해서 좋습니다. ",
        "SentimentWord": "4",
        "SentimentPolarity": "1"
      },
      {
        "Aspect": "기능",
        "SentimentText": "쾌속해동 모드가 있는데 정말 빨리 해동되요! 냉동식품 자주 먹는분들에겐 좋아요. 훌륭합니다.",
        "SentimentWord": "11",
        "SentimentPolarity": "1"
      }
    ]
  },
  {
    "Index": "31445",
    "RawText": "디스플레이에 시계창이 따로 있어서 주방에 시계를 따로 놓지않아도 되서 좋네요ㅎ 일석이조! 착한가격에 가성비 좋은 제품 구입해서 만족스럽네요. 잘쓰겠습니다.",
    "Source": "쇼핑몰",
    "Domain": "가전",
    "MainCategory": "주방가전",
    "ProductName": "삼성전자 MS23K3513 화이트",
    "ReviewScore": "5",
    "Syllable": "86",
    "Word": "18",
    "RDate": "20220517",
    "GeneralPolarity": "1",
    "Aspects": [
      {
        "Aspect": "디자인",
        "SentimentText": "디스플레이에 시계창이 따로 있어서 주방에 시계를 따로 놓지않아도 되서 좋네요ㅎ 일석이조!",
        "SentimentWord": "11",
        "SentimentPolarity": "1"
      },
      {
        "Aspect": "가격",
        "SentimentText": "착한가격에 가성비 좋은 제품 구입해서 만족스럽네요. 잘쓰겠습니다.",
        "SentimentWord": "7",
        "SentimentPolarity": "1"
      }
    ]
  },
  {
    "Index": "31446",
    "RawText": "세일할때 예약구매해서 저렴한 가격에 구매했는데 너무 좋네요. 만족스러워요. 다만 소음이 굉장히 좀 큰편이라 우당당 하는 소리가 계속 나네요 그건 좀 아쉬워요.",
    "Source": "쇼핑몰",
    "Domain": "가전",
    "MainCategory": "주방가전",
    "ProductName": "삼성전자 MS23K3513 화이트",
    "ReviewScore": "5",
    "Syllable": "88",
    "Word": "21",
    "RDate": "20211121",
    "GeneralPolarity": "0",
    "Aspects": [
      {
        "Aspect": "가격",
        "SentimentText": "세일할때 예약구매해서 저렴한 가격에 구매했는데 너무 좋네요. 만족스러워요.",
        "SentimentWord": "8",
        "SentimentPolarity": "1"
      },
      {
        "Aspect": "소음",
        "SentimentText": " 다만 소음이 굉장히 좀 큰편이라 우당당 하는 소리가 계속 나네요 그건 좀 아쉬워요.",
        "SentimentWord": "13",
        "SentimentPolarity": "-1"
      }
    ]
  },
  {
    "Index": "31447",
    "RawText": "할인 된 금액으로  저렴하게 잘 샀습니다. 전 모델에서는 가동 중에도 내부 조명이 들어 왔었는데 이건 조명이 안 켜져 불편하네요.",
    "Source": "쇼핑몰",
    "Domain": "가전",
    "MainCategory": "주방가전",
    "ProductName": "삼성전자 MS23K3513 화이트",
    "ReviewScore": "4",
    "Syllable": "72",
    "Word": "19",
    "RDate": "20211120",
    "GeneralPolarity": "0",
    "Aspects": [
      {
        "Aspect": "가격",
        "SentimentText": "할인 된 금액으로  저렴하게 잘 샀습니다.",
        "SentimentWord": "6",
        "SentimentPolarity": "1"
      },
      {
        "Aspect": "기능",
        "SentimentText": "전 모델에서는 가동 중에도 내부 조명이 들어 왔었는데 이건 조명이 안 켜져 불편하네요.",
        "SentimentWord": "13",
        "SentimentPolarity": "-1"
      }
    ]
  },
  {
    "Index": "31448",
    "RawText": "할인 쿠폰써서 저렴하게 구입해서 아들네 집으로 선물해서 기분 좋네요^^ 중형 레인지라 그래서 용량이 클줄알았는데 내부공간이 좀 작아서 아쉽다고 하네요.",
    "Source": "쇼핑몰",
    "Domain": "가전",
    "MainCategory": "주방가전",
    "ProductName": "삼성전자 MS23K3513 화이트",
    "ReviewScore": "5",
    "Syllable": "84",
    "Word": "19",
    "RDate": "20220519",
    "GeneralPolarity": "0",
    "Aspects": [
      {
        "Aspect": "가격",
        "SentimentText": "할인 쿠폰써서 저렴하게 구입해서 아들네 집으로 선물해서 기분 좋네요^^",
        "SentimentWord": "9",
        "SentimentPolarity": "1"
      },
      {
        "Aspect": "용량",
        "SentimentText": "중형 레인지라 그래서 용량이 클줄알았는데 내부공간이 좀 작아서 아쉽다고 하네요.",
        "SentimentWord": "10",
        "SentimentPolarity": "-1"
      }
    ]
  },
  {
    "Index": "31450",
    "RawText": "조리시에 안이 전혀 보이지 않아 답답해요. 조리가 끝나는걸 소리로 알수있는데 소음도 굉장히 심합니다ㅡㅡ",
    "Source": "쇼핑몰",
    "Domain": "가전",
    "MainCategory": "주방가전",
    "ProductName": "삼성전자 MS23K3513 화이트",
    "ReviewScore": "5",
    "Syllable": "57",
    "Word": "13",
    "RDate": "20220615",
    "GeneralPolarity": "-1",
    "Aspects": [
      {
        "Aspect": "편의성",
        "SentimentText": "조리시에 안이 전혀 보이지 않아 답답해요",
        "SentimentWord": "6",
        "SentimentPolarity": "-1"
      },
      {
        "Aspect": "소음",
        "SentimentText": "조리가 끝나는걸 소리로 알수있는데 소음도 굉장히 심합니다ㅡㅡ",
        "SentimentWord": "7",
        "SentimentPolarity": "-1"
      }
    ]
  },
  {
    "Index": "31451",
    "RawText": "컬러가 생각보다 고급스럽고 색상이 잘 빠져서 너무 예뻐요. 그리고 버튼식으로 되어있어 조작하기도 쉽고 좋아요.",
    "Source": "쇼핑몰",
    "Domain": "가전",
    "MainCategory": "주방가전",
    "ProductName": "삼성전자 MS23K3513 화이트",
    "ReviewScore": "5",
    "Syllable": "61",
    "Word": "14",
    "RDate": "20220621",
    "GeneralPolarity": "1",
    "Aspects": [
      {
        "Aspect": "색상",
        "SentimentText": "컬러가 생각보다 고급스럽고 색상이 잘 빠져서 너무 예뻐요.",
        "SentimentWord": "8",
        "SentimentPolarity": "1"
      },
      {
        "Aspect": "조작성",
        "SentimentText": "그리고 버튼식으로 되어있어 조작하기도 쉽고 좋아요.",
        "SentimentWord": "6",
        "SentimentPolarity": "1"
      }
    ]
  },
  {
    "Index": "31452",
    "RawText": "나이드신 분이 사용할거라 버튼식이고 좀 간단한걸 찾았는데 완벽한 제품이네요. 너무 좋아요. 디자인도 깔끔해서 좋네요 .",
    "Source": "쇼핑몰",
    "Domain": "가전",
    "MainCategory": "주방가전",
    "ProductName": "삼성전자 MS23K3513 화이트",
    "ReviewScore": "5",
    "Syllable": "66",
    "Word": "15",
    "RDate": "20220316",
    "GeneralPolarity": "1",
    "Aspects": [
      {
        "Aspect": "편의성",
        "SentimentText": "나이드신 분이 사용할거라 버튼식이고 좀 간단한걸 찾았는데 완벽한 제품이네요. 너무 좋아요.",
        "SentimentWord": "11",
        "SentimentPolarity": "1"
      },
      {
        "Aspect": "디자인",
        "SentimentText": "디자인도 깔끔해서 좋네요 .",
        "SentimentWord": "4",
        "SentimentPolarity": "1"
      }
    ]
  },
  {
    "Index": "31454",
    "RawText": "쿠폰사용해서 더 저렴하게 구매하게 되서 너무 좋아요! 다만 소재가 안에는 세라믹인데 문쪽은 플라스틱 재질인지 싼티가 나네요.",
    "Source": "쇼핑몰",
    "Domain": "가전",
    "MainCategory": "주방가전",
    "ProductName": "삼성전자 MS23K3513 화이트",
    "ReviewScore": "5",
    "Syllable": "69",
    "Word": "16",
    "RDate": "20220610",
    "GeneralPolarity": "0",
    "Aspects": [
      {
        "Aspect": "가격",
        "SentimentText": "쿠폰사용해서 더 저렴하게 구매하게 되서 너무 좋아요!",
        "SentimentWord": "7",
        "SentimentPolarity": "1"
      },
      {
        "Aspect": "소재",
        "SentimentText": "다만 소재가 안에는 세라믹인데 문쪽은 플라스틱 재질인지 싼티가 나네요.",
        "SentimentWord": "9",
        "SentimentPolarity": "-1"
      }
    ]
  },
  {
    "Index": "31460",
    "RawText": "유명 브랜드 제품인데 가격대도 괜찮고  성능도 높아서 사용하기 좋습니다.",
    "Source": "쇼핑몰",
    "Domain": "가전",
    "MainCategory": "주방가전",
    "ProductName": "삼성전자 MS23K3513 화이트",
    "ReviewScore": "5",
    "Syllable": "40",
    "Word": "9",
    "RDate": "20220510",
    "GeneralPolarity": "1",
    "Aspects": [
      {
        "Aspect": "가격",
        "SentimentText": "유명 브랜드 제품인데 가격대도 괜찮고 ",
        "SentimentWord": "5",
        "SentimentPolarity": "1"
      },
      {
        "Aspect": "기능",
        "SentimentText": "성능도 높아서 사용하기 좋습니다. ",
        "SentimentWord": "4",
        "SentimentPolarity": "1"
      }
    ]
  },
  {
    "Index": "31461",
    "RawText": "조리할 때 소리가 커서 놀랬는데 익숙해지니깐 괜찮네요. 성능도 좋아 조리가 금방되서 좋습니다.",
    "Source": "쇼핑몰",
    "Domain": "가전",
    "MainCategory": "주방가전",
    "ProductName": "삼성전자 MS23K3513 화이트",
    "ReviewScore": "5",
    "Syllable": "52",
    "Word": "12",
    "RDate": "20220430",
    "GeneralPolarity": "1",
    "Aspects": [
      {
        "Aspect": "소음",
        "SentimentText": "조리할 때 소리가 커서 놀랬는데 익숙해지니깐 괜찮네요.",
        "SentimentWord": "7",
        "SentimentPolarity": "0"
      },
      {
        "Aspect": "기능",
        "SentimentText": "성능도 좋아 조리가 금방되서 좋습니다.  ",
        "SentimentWord": "5",
        "SentimentPolarity": "1"
      }
    ]
  },
  {
    "Index": "31469",
    "RawText": "가성비 좋은 제품 저렴한 금액으로 구매 잘 샀습니다. 가동 소리가 커서 이른 아침에 조리하기가 눈치 보여요 ㅜㅜ",
    "Source": "쇼핑몰",
    "Domain": "가전",
    "MainCategory": "주방가전",
    "ProductName": "삼성전자 MS23K3513 화이트",
    "ReviewScore": "5",
    "Syllable": "62",
    "Word": "17",
    "RDate": "20220601",
    "GeneralPolarity": "0",
    "Aspects": [
      {
        "Aspect": "가격",
        "SentimentText": "가성비 좋은 제품 저렴한 금액으로 구매 잘 샀습니다.",
        "SentimentWord": "8",
        "SentimentPolarity": "1"
      },
      {
        "Aspect": "소음",
        "SentimentText": "가동 소리가 커서 이른 아침에 조리하기가 눈치 보여요 ㅜㅜ ",
        "SentimentWord": "9",
        "SentimentPolarity": "-1"
      }
    ]
  },
  {
    "Index": "31470",
    "RawText": "도어가 자동이 아니라서 불편하네요. 상태창 시계 기능이 있는데 전 별로, 시계 때문에 쓸데없는 전력이 나갈까 봐 절전 모드를 해줘야 하는 번거로움이 있어요",
    "Source": "쇼핑몰",
    "Domain": "가전",
    "MainCategory": "주방가전",
    "ProductName": "삼성전자 MS23K3513 화이트",
    "ReviewScore": "4",
    "Syllable": "86",
    "Word": "22",
    "RDate": "20220717",
    "GeneralPolarity": "-1",
    "Aspects": [
      {
        "Aspect": "기능",
        "SentimentText": "도어가 자동이 아니라서 불편하네요",
        "SentimentWord": "4",
        "SentimentPolarity": "-1"
      },
      {
        "Aspect": "기능",
        "SentimentText": " 상태창 시계 기능이 있는데 전 별로, ",
        "SentimentWord": "6",
        "SentimentPolarity": "-1"
      },
      {
        "Aspect": "소비전력",
        "SentimentText": "시계 때문에 쓸데없는 전력이 나갈까 봐 절전 모드를 해줘야 하는 번거로움이 있어요",
        "SentimentWord": "12",
        "SentimentPolarity": "-1"
      }
    ]
  },
  {
    "Index": "31473",
    "RawText": "할인쿠폰 적용받아 저렴한 가격으로 구매 했네요 직배송도 좋고 모델 디자인도 무난해서 좋네요",
    "Source": "쇼핑몰",
    "Domain": "가전",
    "MainCategory": "주방가전",
    "ProductName": "삼성전자 MS23K3513 화이트",
    "ReviewScore": "5",
    "Syllable": "50",
    "Word": "12",
    "RDate": "20220304",
    "GeneralPolarity": "1",
    "Aspects": [
      {
        "Aspect": "가격",
        "SentimentText": "할인쿠폰 적용받아 저렴한 가격으로 구매 했네요",
        "SentimentWord": "6",
        "SentimentPolarity": "1"
      },
      {
        "Aspect": "디자인",
        "SentimentText": "모델 디자인도 무난해서 좋네요 ",
        "SentimentWord": "4",
        "SentimentPolarity": "1"
      }
    ]
  },
  {
    "Index": "31474",
    "RawText": "저렴한 금액으로 사서 좋았는데 도어 마감 상태가 엉망이네요. 그나마 성능이 좋아서 사용하는데 이상이 없어 그냥 씁니다. ",
    "Source": "쇼핑몰",
    "Domain": "가전",
    "MainCategory": "주방가전",
    "ProductName": "삼성전자 MS23K3513 화이트",
    "ReviewScore": "5",
    "Syllable": "67",
    "Word": "16",
    "RDate": "20220627",
    "GeneralPolarity": "0",
    "Aspects": [
      {
        "Aspect": "가격",
        "SentimentText": "저렴한 금액으로 사서 좋았는데 ",
        "SentimentWord": "4",
        "SentimentPolarity": "1"
      },
      {
        "Aspect": "품질",
        "SentimentText": "도어 마감 상태가 엉망이네요. ",
        "SentimentWord": "4",
        "SentimentPolarity": "-1"
      },
      {
        "Aspect": "기능",
        "SentimentText": " 그나마 성능이 좋아서 사용하는데 이상이 없어 그냥 씁니다.",
        "SentimentWord": "8",
        "SentimentPolarity": "0"
      }
    ]
  },
  {
    "Index": "31476",
    "RawText": "저렴한 가격 부담이 없네요. 블랙 컬러라서 세련되게 보이고 음식물 튀어도 보이지 않아 관리도 편하네요~",
    "Source": "쇼핑몰",
    "Domain": "가전",
    "MainCategory": "주방가전",
    "ProductName": "삼성전자 MS23K3513 화이트",
    "ReviewScore": "5",
    "Syllable": "57",
    "Word": "14",
    "RDate": "20220223",
    "GeneralPolarity": "1",
    "Aspects": [
      {
        "Aspect": "가격",
        "SentimentText": " 저렴한 가격 부담이 없네요",
        "SentimentWord": "4",
        "SentimentPolarity": "1"
      },
      {
        "Aspect": "색상",
        "SentimentText": "블랙 컬러라서 세련되게 보이고 ",
        "SentimentWord": "4",
        "SentimentPolarity": "1"
      },
      {
        "Aspect": "편의성",
        "SentimentText": "음식물 튀어도 보이지 않아 관리도 편하네요~ ",
        "SentimentWord": "6",
        "SentimentPolarity": "1"
      }
    ]
  },
  {
    "Index": "31477",
    "RawText": "이 제품에 항균 세라믹 코팅이 마음에 들어  구매 했고  가격까지 저렴해서 만족합니다. 조작법도 전에 쓰던 제품이라 비슷해서 익숙하고  디자인도 그냥저냥 전 모델이라 비슷한 것 같아 친숙하네요",
    "Source": "쇼핑몰",
    "Domain": "가전",
    "MainCategory": "주방가전",
    "ProductName": "삼성전자 MS23K3513 화이트",
    "ReviewScore": "4",
    "Syllable": "107",
    "Word": "26",
    "RDate": "20220517",
    "GeneralPolarity": "1",
    "Aspects": [
      {
        "Aspect": "소재",
        "SentimentText": "이 제품에 항균 세라믹 코팅이 마음에 들어  구매 했고 ",
        "SentimentWord": "9",
        "SentimentPolarity": "1"
      },
      {
        "Aspect": "가격",
        "SentimentText": "가격까지 저렴해서 만족 합니다.  ",
        "SentimentWord": "4",
        "SentimentPolarity": "1"
      },
      {
        "Aspect": "조작성",
        "SentimentText": "조작법도 전에 쓰던 제품이라 비슷해서 익숙하고",
        "SentimentWord": "6",
        "SentimentPolarity": "1"
      },
      {
        "Aspect": "디자인",
        "SentimentText": " 디자인도 그냥저냥 전 모델이라 비슷한 것 같아 친숙하네요 ",
        "SentimentWord": "8",
        "SentimentPolarity": "0"
      }
    ]
  },
  {
    "Index": "31478",
    "RawText": "기존 제품 고장으로 새로 샀는데 배송도 빠르게 와서 좋았습니다. ㅇㅇㅇ 제품인데 저렴한 금액대로 샀네요.근데 어디엔가 모르게 디자인 촌스러워요",
    "Source": "쇼핑몰",
    "Domain": "가전",
    "MainCategory": "주방가전",
    "ProductName": "삼성전자 MS23K3513 화이트",
    "ReviewScore": "4",
    "Syllable": "79",
    "Word": "18",
    "RDate": "20220112",
    "GeneralPolarity": "0",
    "Aspects": [
      {
        "Aspect": "가격",
        "SentimentText": "ㅇㅇㅇ 제품인데 저렴한 금액대로 샀네요",
        "SentimentWord": "5",
        "SentimentPolarity": "1"
      },
      {
        "Aspect": "디자인",
        "SentimentText": "근데 어디엔가 모르게 디자인 촌스러워요 ",
        "SentimentWord": "5",
        "SentimentPolarity": "-1"
      }
    ]
  },
  {
    "Index": "31479",
    "RawText": "디자인 심플해서 마음에 듭니다. 그런데 전기세 때문에  매번 절전 모드를 눌러줘야 합니다.",
    "Source": "쇼핑몰",
    "Domain": "가전",
    "MainCategory": "주방가전",
    "ProductName": "삼성전자 MS23K3513 화이트",
    "ReviewScore": "4",
    "Syllable": "50",
    "Word": "12",
    "RDate": "20220306",
    "GeneralPolarity": "0",
    "Aspects": [
      {
        "Aspect": "디자인",
        "SentimentText": "디자인 심플해서 마음에 듭니다.",
        "SentimentWord": "4",
        "SentimentPolarity": "1"
      },
      {
        "Aspect": "소비전력",
        "SentimentText": "전기세 때문에  매번 절전 모드를 눌러줘야 합니다.",
        "SentimentWord": "7",
        "SentimentPolarity": "-1"
      }
    ]
  },
  {
    "Index": "31480",
    "RawText": "10년만에 바꿨어요.새거 사니깐 소음도 작고 조용하네요. 하지만  디자인이 촌스러운 감이 약간 있지만 나름 괜찮아요",
    "Source": "쇼핑몰",
    "Domain": "가전",
    "MainCategory": "주방가전",
    "ProductName": "삼성전자 MS23K3513 화이트",
    "ReviewScore": "5",
    "Syllable": "64",
    "Word": "14",
    "RDate": "20220713",
    "GeneralPolarity": "1",
    "Aspects": [
      {
        "Aspect": "소음",
        "SentimentText": "새거 사니깐 소음도 작고 조용하네요",
        "SentimentWord": "5",
        "SentimentPolarity": "1"
      },
      {
        "Aspect": "디자인",
        "SentimentText": "하지만  디자인이 촌스러운 감이 약간 있지만 나름 괜찮아요 ",
        "SentimentWord": "8",
        "SentimentPolarity": "0"
      }
    ]
  },
  {
    "Index": "31481",
    "RawText": "성능은 좋아서 조리시간도 빨라요. 작동법도 어렵지 않아 사용하기 편하네요",
    "Source": "쇼핑몰",
    "Domain": "가전",
    "MainCategory": "주방가전",
    "ProductName": "삼성전자 MS23K3513 화이트",
    "ReviewScore": "5",
    "Syllable": "40",
    "Word": "9",
    "RDate": "20220819",
    "GeneralPolarity": "1",
    "Aspects": [
      {
        "Aspect": "시간/속도",
        "SentimentText": "성능은 좋아서 조리시간도 빨라요. ",
        "SentimentWord": "4",
        "SentimentPolarity": "1"
      },
      {
        "Aspect": "조작성",
        "SentimentText": "작동법도 어렵지 않아 사용하기 편하네요 ",
        "SentimentWord": "5",
        "SentimentPolarity": "1"
      }
    ]
  },
  {
    "Index": "31482",
    "RawText": "전 전자레인지 기능만 사용하는데 성능이 좋네요. 금액도 저렴한데 가성비는 좋습니다!!",
    "Source": "쇼핑몰",
    "Domain": "가전",
    "MainCategory": "주방가전",
    "ProductName": "삼성전자 MS23K3513 화이트",
    "ReviewScore": "4",
    "Syllable": "47",
    "Word": "10",
    "RDate": "20220813",
    "GeneralPolarity": "1",
    "Aspects": [
      {
        "Aspect": "기능",
        "SentimentText": "전 전자레인지 기능만 사용하는데 성능이 좋네요.",
        "SentimentWord": "6",
        "SentimentPolarity": "1"
      },
      {
        "Aspect": "가격",
        "SentimentText": "금액도 저렴한데 가성비는 좋습니다!!",
        "SentimentWord": "4",
        "SentimentPolarity": "1"
      }
    ]
  },
  {
    "Index": "31483",
    "RawText": "고장 나서 바꿨는데. 디자인 깔끔해서 마음에 들고 색상도 화이트 색이랑 블랙 잘 어울려 산뜻하네요~",
    "Source": "쇼핑몰",
    "Domain": "가전",
    "MainCategory": "주방가전",
    "ProductName": "삼성전자 MS23K3513 화이트",
    "ReviewScore": "5",
    "Syllable": "55",
    "Word": "14",
    "RDate": "20220606",
    "GeneralPolarity": "1",
    "Aspects": [
      {
        "Aspect": "디자인",
        "SentimentText": "디자인 깔끔해서 마음에 들고 ",
        "SentimentWord": "4",
        "SentimentPolarity": "1"
      },
      {
        "Aspect": "색상",
        "SentimentText": "색상도 화이트 색이랑 블랙 잘 어울려 산뜻하네요~",
        "SentimentWord": "7",
        "SentimentPolarity": "1"
      }
    ]
  },
  {
    "Index": "31485",
    "RawText": "레인지 외관 불량으로 와서 기분 상했습니다. 엄마 선물인데....엄마는 그냥 쓰신다고 하지만 ㅇㅇㅇ 제품이라서 샀는데 너무 실망입니다.",
    "Source": "쇼핑몰",
    "Domain": "가전",
    "MainCategory": "주방가전",
    "ProductName": "삼성전자 MS23K3513 화이트",
    "ReviewScore": "1",
    "Syllable": "75",
    "Word": "16",
    "RDate": "20211217",
    "GeneralPolarity": "-1",
    "Aspects": [
      {
        "Aspect": "품질",
        "SentimentText": "레인지 외관 불량으로 와서 기분 상했습니다",
        "SentimentWord": "6",
        "SentimentPolarity": "-1"
      },
      {
        "Aspect": "제조일/제조사",
        "SentimentText": "ㅇㅇㅇ 제품이라서 샀는데 너무 실망입니다. ",
        "SentimentWord": "5",
        "SentimentPolarity": "-1"
      }
    ]
  },
  {
    "Index": "31486",
    "RawText": "디자인 이뻐 마음에 쏙 들어요  배송은 늦었어요. 그런데 가동할때 내부안 조명기능이 없어 불편해요",
    "Source": "쇼핑몰",
    "Domain": "가전",
    "MainCategory": "주방가전",
    "ProductName": "삼성전자 MS23K3513 화이트",
    "ReviewScore": "3",
    "Syllable": "54",
    "Word": "13",
    "RDate": "20220501",
    "GeneralPolarity": "0",
    "Aspects": [
      {
        "Aspect": "디자인",
        "SentimentText": "디자인 이뻐 마음에 쏙 들어요 ",
        "SentimentWord": "5",
        "SentimentPolarity": "1"
      },
      {
        "Aspect": "기능",
        "SentimentText": "가동할때 내부안 조명기능이 없어 불편해요 ",
        "SentimentWord": "5",
        "SentimentPolarity": "-1"
      }
    ]
  },
  {
    "Index": "31489",
    "RawText": "배송 진짜 느려요. 가격은 저렴해서 좋았는데, 출력이 좀 약해서 그런지 밥 돌리는 데 좀 오래 걸려요. 급한 성격 가지신 분은 비추",
    "Source": "쇼핑몰",
    "Domain": "가전",
    "MainCategory": "주방가전",
    "ProductName": "삼성전자 MS23K3513 화이트",
    "ReviewScore": "4",
    "Syllable": "73",
    "Word": "21",
    "RDate": "20220708",
    "GeneralPolarity": "0",
    "Aspects": [
      {
        "Aspect": "가격",
        "SentimentText": "가격은 저렴해서 좋았는데,",
        "SentimentWord": "3",
        "SentimentPolarity": "1"
      },
      {
        "Aspect": "시간/속도",
        "SentimentText": "출력이 좀 약해서 그런지 밥 돌리는 데 좀 오래 걸려요",
        "SentimentWord": "10",
        "SentimentPolarity": "-1"
      }
    ]
  },
  {
    "Index": "31492",
    "RawText": "할인받아 가성비 좋은 제품 싸게 샀어요. 디자인도 화면보다 깔끔하고 이쁜 것 같아요",
    "Source": "쇼핑몰",
    "Domain": "가전",
    "MainCategory": "주방가전",
    "ProductName": "삼성전자 MS23K3513 화이트",
    "ReviewScore": "5",
    "Syllable": "46",
    "Word": "12",
    "RDate": "20220823",
    "GeneralPolarity": "1",
    "Aspects": [
      {
        "Aspect": "가격",
        "SentimentText": "할인받아 가성비 좋은 제품 싸게 샀어요. ",
        "SentimentWord": "6",
        "SentimentPolarity": "1"
      },
      {
        "Aspect": "디자인",
        "SentimentText": " 디자인도 화면보다 깔끔하고 이쁜 것 같아요 ",
        "SentimentWord": "6",
        "SentimentPolarity": "1"
      }
    ]
  },
  {
    "Index": "31493",
    "RawText": "쓰던 제품 고장으로 급 구매했는데 빨리 왔네요. 급한 와중에도 할인까지 받아 저렴하게 샀어요. 근데 너무 급하게 샀는지 디자인을 잘 못 보고 사서 약간 저희 집이랑 안 어울려요",
    "Source": "쇼핑몰",
    "Domain": "가전",
    "MainCategory": "주방가전",
    "ProductName": "삼성전자 MS23K3513 화이트",
    "ReviewScore": "4",
    "Syllable": "98",
    "Word": "27",
    "RDate": "20220711",
    "GeneralPolarity": "0",
    "Aspects": [
      {
        "Aspect": "가격",
        "SentimentText": "급한 와중에도 할인까지 받아 저렴하게 샀어요",
        "SentimentWord": "6",
        "SentimentPolarity": "1"
      },
      {
        "Aspect": "디자인",
        "SentimentText": "너무 급하게 샀는지 디자인을 잘 못 보고 사서 약간 저희 집이랑 안 어울려요",
        "SentimentWord": "13",
        "SentimentPolarity": "-1"
      }
    ]
  },
  {
    "Index": "31496",
    "RawText": "구매 후 익일 배송 옴 생각대로 디자인이 깔끔해서 저희 주방이랑 잘 어울려요. 사용법도 단순해 어렵지 않아요. 가격 대비 가성비가 너무 좋네요!",
    "Source": "쇼핑몰",
    "Domain": "가전",
    "MainCategory": "주방가전",
    "ProductName": "삼성전자 MS23K3513 화이트",
    "ReviewScore": "5",
    "Syllable": "80",
    "Word": "21",
    "RDate": "20220424",
    "GeneralPolarity": "1",
    "Aspects": [
      {
        "Aspect": "디자인",
        "SentimentText": "생각대로 디자인이 깔끔해서 저희 주방이랑 잘 어울려요.",
        "SentimentWord": "7",
        "SentimentPolarity": "1"
      },
      {
        "Aspect": "조작성",
        "SentimentText": "사용법도 단순해 어렵지 않아요",
        "SentimentWord": "4",
        "SentimentPolarity": "1"
      },
      {
        "Aspect": "가격",
        "SentimentText": "가격 대비 가성비가 너무 좋네요!",
        "SentimentWord": "5",
        "SentimentPolarity": "1"
      }
    ]
  },
  {
    "Index": "31499",
    "RawText": "빠른 배송 감사해요. 제품 디자인 수려하니 고급스러워요. 작동법도 어렵지 않아 누구나 할 수 있어요",
    "Source": "쇼핑몰",
    "Domain": "가전",
    "MainCategory": "주방가전",
    "ProductName": "삼성전자 MS23K3513 화이트",
    "ReviewScore": "5",
    "Syllable": "55",
    "Word": "14",
    "RDate": "20220823",
    "GeneralPolarity": "1",
    "Aspects": [
      {
        "Aspect": "디자인",
        "SentimentText": "제품 디자인 수려하니 고급스러워요",
        "SentimentWord": "4",
        "SentimentPolarity": "1"
      },
      {
        "Aspect": "조작성",
        "SentimentText": "작동법도 어렵지 않아 누구나 할 수 있어요",
        "SentimentWord": "7",
        "SentimentPolarity": "1"
      }
    ]
  },
  {
    "Index": "31504",
    "RawText": "할인쿠폰 있어 싸게 잘 샀어요. 조리될 때 소리가 좀 큰 편이라서 거슬려요. 또 조리되는 과정이 안 보여 답답하네요",
    "Source": "쇼핑몰",
    "Domain": "가전",
    "MainCategory": "주방가전",
    "ProductName": "삼성전자 MS23K3513 화이트",
    "ReviewScore": "4",
    "Syllable": "64",
    "Word": "18",
    "RDate": "20220523",
    "GeneralPolarity": "-1",
    "Aspects": [
      {
        "Aspect": "가격",
        "SentimentText": "할인쿠폰 있어 싸게 잘 샀어요 ",
        "SentimentWord": "5",
        "SentimentPolarity": "1"
      },
      {
        "Aspect": "소음",
        "SentimentText": "조리될 때 소리가 좀 큰 편이라서 거슬려요",
        "SentimentWord": "7",
        "SentimentPolarity": "-1"
      },
      {
        "Aspect": "편의성",
        "SentimentText": "조리되는 과정이 안 보여 답답하네요",
        "SentimentWord": "5",
        "SentimentPolarity": "-1"
      }
    ]
  },
  {
    "Index": "31505",
    "RawText": "용량이 넉넉해서 편해요. 받은 제품도 하자 없는 상품이라서 잘 작동됩니다",
    "Source": "쇼핑몰",
    "Domain": "가전",
    "MainCategory": "주방가전",
    "ProductName": "삼성전자 MS23K3513 화이트",
    "ReviewScore": "5",
    "Syllable": "40",
    "Word": "10",
    "RDate": "20211127",
    "GeneralPolarity": "1",
    "Aspects": [
      {
        "Aspect": "용량",
        "SentimentText": "용량이 넉넉해서 편해요. ",
        "SentimentWord": "3",
        "SentimentPolarity": "1"
      },
      {
        "Aspect": "품질",
        "SentimentText": "받은 제품도 하자 없는 상품이라서 잘 작동됩니다",
        "SentimentWord": "7",
        "SentimentPolarity": "1"
      }
    ]
  },
  {
    "Index": "31506",
    "RawText": "용량 사이즈 저한테 딱 적당해서 좋습니다! 도어 창 색이 어두워 왠지 전자파까지 차단되는 느낌이 들어요~^^",
    "Source": "쇼핑몰",
    "Domain": "가전",
    "MainCategory": "주방가전",
    "ProductName": "삼성전자 MS23K3513 화이트",
    "ReviewScore": "5",
    "Syllable": "60",
    "Word": "15",
    "RDate": "20220622",
    "GeneralPolarity": "1",
    "Aspects": [
      {
        "Aspect": "용량",
        "SentimentText": "용량 사이즈 저한테 딱 적당해서 좋습니다! ",
        "SentimentWord": "6",
        "SentimentPolarity": "1"
      },
      {
        "Aspect": "색상",
        "SentimentText": "도어 창 색이 어두워 왠지 전자파까지 차단되는 느낌이 들어요~^^",
        "SentimentWord": "9",
        "SentimentPolarity": "1"
      }
    ]
  },
  {
    "Index": "31507",
    "RawText": "매장에서 픽업했는데 빨리 왔어요. 제품 디자인도 다행히 깔끔하고 저렴한 금액으로 구매까지 했네요^^",
    "Source": "쇼핑몰",
    "Domain": "가전",
    "MainCategory": "주방가전",
    "ProductName": "삼성전자 MS23K3513 화이트",
    "ReviewScore": "5",
    "Syllable": "55",
    "Word": "12",
    "RDate": "20220617",
    "GeneralPolarity": "1",
    "Aspects": [
      {
        "Aspect": "디자인",
        "SentimentText": "제품 디자인도 다행히 깔끔하고",
        "SentimentWord": "4",
        "SentimentPolarity": "1"
      },
      {
        "Aspect": "가격",
        "SentimentText": "저렴한 금액으로 구매까지 했네요^^",
        "SentimentWord": "4",
        "SentimentPolarity": "1"
      }
    ]
  },
  {
    "Index": "31508",
    "RawText": "전에 쓰던 제품은 음식이 타 불편했는데 이 제품은 품질이 좋아서 그런지 타지 않아 너무 좋습니다. 근데 프레임 색이 하얀색이라서 관리가 어려울 것 같아요 그래도 강추해요",
    "Source": "쇼핑몰",
    "Domain": "가전",
    "MainCategory": "주방가전",
    "ProductName": "삼성전자 MS23K3513 화이트",
    "ReviewScore": "5",
    "Syllable": "94",
    "Word": "25",
    "RDate": "20220318",
    "GeneralPolarity": "0",
    "Aspects": [
      {
        "Aspect": "품질",
        "SentimentText": "이 제품은 품질이 좋아서 그런지 타지 않아 너무 좋습니다.",
        "SentimentWord": "9",
        "SentimentPolarity": "1"
      },
      {
        "Aspect": "색상",
        "SentimentText": " 근데 프레임 색이 하얀색이라서 관리가 어려울 것 같아요 ",
        "SentimentWord": "8",
        "SentimentPolarity": "-1"
      }
    ]
  },
  {
    "Index": "31509",
    "RawText": "이벤트 행사로 쿠폰 적용까지 받아 아주 싸게 샀어요!  ㅇㅇㅇ 이라서 좋고 디자인도 촌스럽지 않아 좋아요. 성능도  우수한 것 같아 조리도 잘 되요",
    "Source": "쇼핑몰",
    "Domain": "가전",
    "MainCategory": "주방가전",
    "ProductName": "삼성전자 MS23K3513 화이트",
    "ReviewScore": "5",
    "Syllable": "82",
    "Word": "22",
    "RDate": "20220503",
    "GeneralPolarity": "1",
    "Aspects": [
      {
        "Aspect": "가격",
        "SentimentText": "이벤트 행사로 쿠폰 적용까지 받아 아주 싸게 샀어요!",
        "SentimentWord": "8",
        "SentimentPolarity": "1"
      },
      {
        "Aspect": "제조일/제조사",
        "SentimentText": "ㅇㅇㅇ 이라서 좋고",
        "SentimentWord": "3",
        "SentimentPolarity": "1"
      },
      {
        "Aspect": "디자인",
        "SentimentText": "디자인도 촌스럽지 않아 좋아요.",
        "SentimentWord": "4",
        "SentimentPolarity": "1"
      },
      {
        "Aspect": "기능",
        "SentimentText": "성능도  우수한 것 같아 조리도 잘 되요 ",
        "SentimentWord": "7",
        "SentimentPolarity": "1"
      }
    ]
  },
  {
    "Index": "31510",
    "RawText": "제품자체 균형이 안 맞아 흔들거려서 매우 신경 쓰여요! 교환하고 싶었지만 성능은 나쁘지 않은 것 같아 그냥 씁니다.  ",
    "Source": "쇼핑몰",
    "Domain": "가전",
    "MainCategory": "주방가전",
    "ProductName": "삼성전자 MS23K3513 화이트",
    "ReviewScore": "4",
    "Syllable": "66",
    "Word": "17",
    "RDate": "20211122",
    "GeneralPolarity": "-1",
    "Aspects": [
      {
        "Aspect": "품질",
        "SentimentText": "제품자체 균형이 안 맞아 흔들거려서 매우 신경 쓰여요!",
        "SentimentWord": "8",
        "SentimentPolarity": "-1"
      },
      {
        "Aspect": "기능",
        "SentimentText": "교환하고 싶었지만 성능은 나쁘지 않은 것 같아 그냥 씁니다.",
        "SentimentWord": "9",
        "SentimentPolarity": "0"
      }
    ]
  },
  {
    "Index": "31514",
    "RawText": "10년 만에 새 제품으로 바꿈. 배송은 빨랐고 사용법도 어렵지 않아 잘 쓰고 있어요. 하지만 화이트 색이 너무 하얀색이라서 좀 촌스러움",
    "Source": "쇼핑몰",
    "Domain": "가전",
    "MainCategory": "주방가전",
    "ProductName": "삼성전자 MS23K3523 화이트",
    "ReviewScore": "5",
    "Syllable": "75",
    "Word": "20",
    "RDate": "20220620",
    "GeneralPolarity": "0",
    "Aspects": [
      {
        "Aspect": "조작성",
        "SentimentText": "사용법도 어렵지 않아 잘 쓰고 있어요.",
        "SentimentWord": "6",
        "SentimentPolarity": "1"
      },
      {
        "Aspect": "색상",
        "SentimentText": "하지만 화이트 색이 너무 하얀색이라서 좀 촌스러움",
        "SentimentWord": "7",
        "SentimentPolarity": "-1"
      }
    ]
  },
  {
    "Index": "31516",
    "RawText": "배송 3주만 걸렸어요. 조작법이 쉬워서 사용은 간편한데 내부 속이 안 보여 데우는데  답답해요",
    "Source": "쇼핑몰",
    "Domain": "가전",
    "MainCategory": "주방가전",
    "ProductName": "삼성전자 MS23K3523 화이트",
    "ReviewScore": "5",
    "Syllable": "52",
    "Word": "13",
    "RDate": "20220502",
    "GeneralPolarity": "0",
    "Aspects": [
      {
        "Aspect": "조작성",
        "SentimentText": "조작법이 쉬워서 사용은 간편한데",
        "SentimentWord": "4",
        "SentimentPolarity": "1"
      },
      {
        "Aspect": "편의성",
        "SentimentText": "내부 속이 안 보여 데우는데  답답해요  ",
        "SentimentWord": "6",
        "SentimentPolarity": "-1"
      }
    ]
  },
  {
    "Index": "31517",
    "RawText": "세일 행사로 가격이 저렴했어요^^ 배송이 빨랐고 제조사 직접 배송해 줘요. 23리터 사이즈 치고는 내부가 작아서 불편해요",
    "Source": "쇼핑몰",
    "Domain": "가전",
    "MainCategory": "주방가전",
    "ProductName": "삼성전자 MS23K3523 화이트",
    "ReviewScore": "5",
    "Syllable": "67",
    "Word": "16",
    "RDate": "20220414",
    "GeneralPolarity": "0",
    "Aspects": [
      {
        "Aspect": "가격",
        "SentimentText": "세일 행사로 가격이 저렴했어요^^",
        "SentimentWord": "4",
        "SentimentPolarity": "1"
      },
      {
        "Aspect": "용량",
        "SentimentText": "23리터 사이즈 치고는 내부가 작아서 불편해요 ",
        "SentimentWord": "6",
        "SentimentPolarity": "-1"
      }
    ]
  },
  {
    "Index": "31518",
    "RawText": "가격도 저렴해서 착한데 제품 디자인까지 깔끔하네요~ 용량 사이즈도 넉넉해서 사용하기 아주 편하고 . 버튼식인데 부드럽게 눌러지네요",
    "Source": "쇼핑몰",
    "Domain": "가전",
    "MainCategory": "주방가전",
    "ProductName": "삼성전자 MS23K3523 화이트",
    "ReviewScore": "5",
    "Syllable": "72",
    "Word": "16",
    "RDate": "20220324",
    "GeneralPolarity": "1",
    "Aspects": [
      {
        "Aspect": "가격",
        "SentimentText": "가격도 저렴해서 착한데 ",
        "SentimentWord": "3",
        "SentimentPolarity": "1"
      },
      {
        "Aspect": "디자인",
        "SentimentText": "제품 디자인까지 깔끔하네요~ ",
        "SentimentWord": "3",
        "SentimentPolarity": "1"
      },
      {
        "Aspect": "용량",
        "SentimentText": "용량 사이즈도 넉넉해서 사용하기 아주 편하고 ",
        "SentimentWord": "6",
        "SentimentPolarity": "1"
      },
      {
        "Aspect": "조작성",
        "SentimentText": "버튼식인데 부드럽게 눌러지네요 ",
        "SentimentWord": "3",
        "SentimentPolarity": "1"
      }
    ]
  },
  {
    "Index": "31519",
    "RawText": "부담 없는 저렴한 가격 이쁜 디자인까지 너무 마음에 드는 전자레인지입니다. 폐가전 수거까지 해주시네요",
    "Source": "쇼핑몰",
    "Domain": "가전",
    "MainCategory": "주방가전",
    "ProductName": "삼성전자 MS23K3523 화이트",
    "ReviewScore": "5",
    "Syllable": "56",
    "Word": "13",
    "RDate": "20220704",
    "GeneralPolarity": "1",
    "Aspects": [
      {
        "Aspect": "가격",
        "SentimentText": "부담 없는 저렴한 가격 ",
        "SentimentWord": "4",
        "SentimentPolarity": "1"
      },
      {
        "Aspect": "디자인",
        "SentimentText": " 이쁜 디자인까지 너무 마음에 드는 전자레인지입니다.",
        "SentimentWord": "6",
        "SentimentPolarity": "1"
      }
    ]
  },
  {
    "Index": "31520",
    "RawText": "조작법이 간편해 아주 유용하게 쓰고있음. 기능도 필요한 기능만 있어 간편 요리도 가능하네요",
    "Source": "쇼핑몰",
    "Domain": "가전",
    "MainCategory": "주방가전",
    "ProductName": "삼성전자 MS23K3523 화이트",
    "ReviewScore": "5",
    "Syllable": "50",
    "Word": "12",
    "RDate": "20220814",
    "GeneralPolarity": "1",
    "Aspects": [
      {
        "Aspect": "조작성",
        "SentimentText": "조작법이 간편해 아주 유용하게 쓰고있음 ",
        "SentimentWord": "5",
        "SentimentPolarity": "1"
      },
      {
        "Aspect": "기능",
        "SentimentText": "기능도 필요한 기능만 있어 간편 요리도 가능하네요",
        "SentimentWord": "7",
        "SentimentPolarity": "1"
      }
    ]
  },
  {
    "Index": "31522",
    "RawText": "기존 렌지와  확실히 차별화된 제품이네요  해동기능이 최고! 대박 대박 맘에 들어요 가성비 짱 강력 추천합니다~^^총알 배송까지 굿!!",
    "Source": "쇼핑몰",
    "Domain": "가전",
    "MainCategory": "주방가전",
    "ProductName": "삼성전자 MS23K3523 화이트",
    "ReviewScore": "5",
    "Syllable": "75",
    "Word": "17",
    "RDate": "20220101",
    "GeneralPolarity": "1",
    "Aspects": [
      {
        "Aspect": "기능",
        "SentimentText": "기존 렌지와  확실히 차별화된 제품이네요  해동기능이 최고! 대박 대박 맘에 들어요",
        "SentimentWord": "11",
        "SentimentPolarity": "1"
      },
      {
        "Aspect": "가격",
        "SentimentText": "가성비 짱 강력 추천합니다~^^",
        "SentimentWord": "4",
        "SentimentPolarity": "1"
      }
    ]
  },
  {
    "Index": "31523",
    "RawText": "기능이 많아서 좋은 것 같아요. 근데 소음은 생각보다 좀 있네요. 그리고 처음 제품 받았을 때 구성품에 유리 판이 없어 기분 상했습니다.  다시 잘 받아 괜찮아졌어요.",
    "Source": "쇼핑몰",
    "Domain": "가전",
    "MainCategory": "주방가전",
    "ProductName": "삼성전자 MS23K3523 화이트",
    "ReviewScore": "4",
    "Syllable": "93",
    "Word": "25",
    "RDate": "20220222",
    "Aspects": [
      {
        "Aspect": "기능",
        "SentimentText": "기능이 많아서 좋은 것 같아요.",
        "SentimentWord": "5",
        "SentimentPolarity": "1"
      },
      {
        "Aspect": "소음",
        "SentimentText": "근데 소음은 생각보다 좀 있네요.",
        "SentimentWord": "5",
        "SentimentPolarity": "-1"
      }
    ]
  },
  {
    "Index": "31524",
    "RawText": "기본 전자렌지 기능에 충실한 모델이예요. 깔끔하고 세련된 디자인이 너무 만족스럽습니다. 단점이라면 작동중에 안을 볼수없다는 점이예요~대체적으로 만족합니다 잘쓰겠습니다~^^",
    "Source": "쇼핑몰",
    "Domain": "가전",
    "MainCategory": "주방가전",
    "ProductName": "삼성전자 MS23K3523 화이트",
    "ReviewScore": "5",
    "Syllable": "95",
    "Word": "17",
    "RDate": "20220316",
    "GeneralPolarity": "0",
    "Aspects": [
      {
        "Aspect": "디자인",
        "SentimentText": "깔끔하고 세련된 디자인이 너무 만족스럽습니다",
        "SentimentWord": "5",
        "SentimentPolarity": "1"
      },
      {
        "Aspect": "편의성",
        "SentimentText": "단점이라면 작동중에 안을 볼수없다는 점이예요~",
        "SentimentWord": "5",
        "SentimentPolarity": "-1"
      }
    ]
  },
  {
    "Index": "31526",
    "RawText": "쓰던 제품 고장으로 새로 샀는데 기능이 다양해서 유용합니다. 조작법도 어렵지 않아 편합니다.",
    "Source": "쇼핑몰",
    "Domain": "가전",
    "MainCategory": "주방가전",
    "ProductName": "삼성전자 MS23K3523 화이트",
    "ReviewScore": "5",
    "Syllable": "51",
    "Word": "12",
    "RDate": "20220626",
    "GeneralPolarity": "1",
    "Aspects": [
      {
        "Aspect": "기능",
        "SentimentText": "쓰던 제품 고장으로 새로 샀는데 기능이 다양해서 유용합니다  ",
        "SentimentWord": "8",
        "SentimentPolarity": "1"
      },
      {
        "Aspect": "조작성",
        "SentimentText": "조작법도 어렵지 않아 편합니다.",
        "SentimentWord": "4",
        "SentimentPolarity": "1"
      }
    ]
  },
  {
    "Index": "31527",
    "RawText": "깔끔한 디자인이 좋았고 조작법도 쉽게 할 수 있어 너무 편합니다. 배송도 무탈하게 왔어요",
    "Source": "쇼핑몰",
    "Domain": "가전",
    "MainCategory": "주방가전",
    "ProductName": "삼성전자 MS23K3523 화이트",
    "ReviewScore": "4",
    "Syllable": "49",
    "Word": "13",
    "RDate": "20211215",
    "GeneralPolarity": "1",
    "Aspects": [
      {
        "Aspect": "디자인",
        "SentimentText": "깔끔한 디자인이 좋았고",
        "SentimentWord": "3",
        "SentimentPolarity": "1"
      },
      {
        "Aspect": "조작성",
        "SentimentText": "조작법도 쉽게 할 수 있어 너무 편합니다",
        "SentimentWord": "7",
        "SentimentPolarity": "1"
      }
    ]
  },
  {
    "Index": "31528",
    "RawText": "디자인이 심플하고 깔끔하네요~ 사용해 봤는데 소리도 그렇게 크지 않아 괜찮습니다. 전자파 차단이 되나요? ",
    "Source": "쇼핑몰",
    "Domain": "가전",
    "MainCategory": "주방가전",
    "ProductName": "삼성전자 MS23K3523 화이트",
    "ReviewScore": "5",
    "Syllable": "59",
    "Word": "13",
    "RDate": "20220418",
    "GeneralPolarity": "1",
    "Aspects": [
      {
        "Aspect": "디자인",
        "SentimentText": "디자인이 심플하고 깔끔하네요~",
        "SentimentWord": "3",
        "SentimentPolarity": "1"
      },
      {
        "Aspect": "소음",
        "SentimentText": "사용해 봤는데 소리도 그렇게 크지 않아 괜찮습니다",
        "SentimentWord": "7",
        "SentimentPolarity": "1"
      }
    ]
  },
  {
    "Index": "31529",
    "RawText": "깔끔한디자인에 친정부모님도 받아보시고는 만족하시네요. 쓰시는데 불편함 없고 조작법도 쉽고 편해요",
    "Source": "쇼핑몰",
    "Domain": "가전",
    "MainCategory": "주방가전",
    "ProductName": "삼성전자 MS23K3523 화이트",
    "ReviewScore": "5",
    "Syllable": "53",
    "Word": "10",
    "RDate": "20211219",
    "GeneralPolarity": "1",
    "Aspects": [
      {
        "Aspect": "디자인",
        "SentimentText": "깔끔한디자인에 친정부모님도 받아보시고는 만족하시네요",
        "SentimentWord": "4",
        "SentimentPolarity": "1"
      },
      {
        "Aspect": "조작성",
        "SentimentText": "쓰시는데 불편함 없고 조작법도 쉽고 편해요",
        "SentimentWord": "6",
        "SentimentPolarity": "1"
      }
    ]
  },
  {
    "Index": "31530",
    "RawText": "내부 용량이 넉넉해서 큰 그릇도 충분이 들어가니 좋네요. 고출력 성능도 꽤 만족스럽스럽니다. 000제품을 저렴하게 사서 너무 기분이 좋습니다.",
    "Source": "쇼핑몰",
    "Domain": "가전",
    "MainCategory": "주방가전",
    "ProductName": "삼성전자 MS23K3523 화이트",
    "ReviewScore": "4",
    "Syllable": "79",
    "Word": "18",
    "RDate": "20211206",
    "GeneralPolarity": "1",
    "Aspects": [
      {
        "Aspect": "용량",
        "SentimentText": "내부 용량이 넉넉해서 큰 그릇도 충분이 들어가니 좋네요.",
        "SentimentWord": "8",
        "SentimentPolarity": "1"
      },
      {
        "Aspect": "소비전력",
        "SentimentText": "고출력 성능도 꽤 만족스럽스럽니다.",
        "SentimentWord": "4",
        "SentimentPolarity": "1"
      },
      {
        "Aspect": "가격",
        "SentimentText": "000제품을 저렴하게 사서 너무 기분이 좋습니다.",
        "SentimentWord": "6",
        "SentimentPolarity": "1"
      }
    ]
  },
  {
    "Index": "31536",
    "RawText": "후기에 비해 배송은 빨랐어요ㅎ 근데 전원 플러그를 꽂으면  외관에서 전기가 흐르는 느낌이 나서 신경 쓰여요. 버튼 누르때 소리가 나는데 쾌나 시끄럽네요",
    "Source": "쇼핑몰",
    "Domain": "가전",
    "MainCategory": "주방가전",
    "ProductName": "삼성전자 MS23K3523 화이트",
    "ReviewScore": "4",
    "Syllable": "84",
    "Word": "21",
    "RDate": "20211211",
    "GeneralPolarity": "-1",
    "Aspects": [
      {
        "Aspect": "품질",
        "SentimentText": "전원 플러그를 꽂으면 외관에서 전기가 흐르는 느낌이 나서 신경 쓰여요.",
        "SentimentWord": "10",
        "SentimentPolarity": "-1"
      },
      {
        "Aspect": "소음",
        "SentimentText": "버튼 누르때 소리가 나는데 쾌나 시끄럽네요  ",
        "SentimentWord": "6",
        "SentimentPolarity": "-1"
      }
    ]
  },
  {
    "Index": "31537",
    "RawText": "전 모델 너무 옛날꺼라서 새로 샀어요. 역시 신상 디자인 깔끔해요 사용법도 어렵지 않고 간편해서 더 굿!",
    "Source": "쇼핑몰",
    "Domain": "가전",
    "MainCategory": "주방가전",
    "ProductName": "삼성전자 MS23K3523 화이트",
    "ReviewScore": "4",
    "Syllable": "58",
    "Word": "16",
    "RDate": "20211203",
    "GeneralPolarity": "1",
    "Aspects": [
      {
        "Aspect": "디자인",
        "SentimentText": "역시 신상 디자인 깔끔해요 ",
        "SentimentWord": "4",
        "SentimentPolarity": "1"
      },
      {
        "Aspect": "조작성",
        "SentimentText": "사용법도 어렵지 않고 간편해서 더 굿! ",
        "SentimentWord": "6",
        "SentimentPolarity": "1"
      }
    ]
  },
  {
    "Index": "31539",
    "RawText": "디자인 깔끔하니 예쁘고, 조리 버튼조작법이 내부에 잘 표기되어 있어 사용하기 편리합니다. 부모님댁 사드렸는데 너무 만족하셔서 저도 매우 기분이 좋습니다.",
    "Source": "쇼핑몰",
    "Domain": "가전",
    "MainCategory": "주방가전",
    "ProductName": "삼성전자 MS23K3523 화이트",
    "ReviewScore": "5",
    "Syllable": "85",
    "Word": "19",
    "RDate": "20211216",
    "GeneralPolarity": "1",
    "Aspects": [
      {
        "Aspect": "디자인",
        "SentimentText": "디자인 깔끔하니 예쁘고,",
        "SentimentWord": "3",
        "SentimentPolarity": "1"
      },
      {
        "Aspect": "조작성",
        "SentimentText": "조리 버튼조작법이 내부에 잘 표기되어 있어 사용하기 편리합니다.",
        "SentimentWord": "8",
        "SentimentPolarity": "1"
      }
    ]
  },
  {
    "Index": "31540",
    "RawText": "디자인 깔끔하니 잘 빠져 세련되기까지 해요~ 성능도 좋아서 음식 데워지는 속도도 빨라요! 버튼식이라서 조작법도 단순해서 좋아요",
    "Source": "쇼핑몰",
    "Domain": "가전",
    "MainCategory": "주방가전",
    "ProductName": "삼성전자 MS23K3523 화이트",
    "ReviewScore": "5",
    "Syllable": "70",
    "Word": "16",
    "RDate": "20220708",
    "GeneralPolarity": "1",
    "Aspects": [
      {
        "Aspect": "디자인",
        "SentimentText": "디자인 깔끔하니 잘 빠져 세련되기까지 해요~ ",
        "SentimentWord": "6",
        "SentimentPolarity": "1"
      },
      {
        "Aspect": "기능",
        "SentimentText": "성능도 좋아서 음식 데워지는 속도도 빨라요! ",
        "SentimentWord": "6",
        "SentimentPolarity": "1"
      },
      {
        "Aspect": "조작성",
        "SentimentText": "버튼식이라서 조작법도 단순해서 좋아요",
        "SentimentWord": "4",
        "SentimentPolarity": "1"
      }
    ]
  },
  {
    "Index": "31541",
    "RawText": "와~ 디자인 너무 이쁘네요 일반 전자레인지이지만 성능이 우수해 사무실에서도 사용하기 딱이네요!",
    "Source": "쇼핑몰",
    "Domain": "가전",
    "MainCategory": "주방가전",
    "ProductName": "삼성전자 MS23K3523 화이트",
    "ReviewScore": "5",
    "Syllable": "52",
    "Word": "11",
    "RDate": "20220509",
    "GeneralPolarity": "1",
    "Aspects": [
      {
        "Aspect": "디자인",
        "SentimentText": "와~ 디자인 너무 이쁘네요 ",
        "SentimentWord": "4",
        "SentimentPolarity": "1"
      },
      {
        "Aspect": "기능",
        "SentimentText": "일반 전자레인지이지만 성능이 우수해 사무실에서도 사용하기 딱이네요! ",
        "SentimentWord": "7",
        "SentimentPolarity": "1"
      }
    ]
  },
  {
    "Index": "31542",
    "RawText": "그냥 기본 전자렌지입니다.  버튼 하나 누르기만 하면 되니 너무 편리하구요,   렌지 하나로 삶의질이 높아지고 요리시간도 단축되니 식사 시간이 즐겁습니다.",
    "Source": "쇼핑몰",
    "Domain": "가전",
    "MainCategory": "주방가전",
    "ProductName": "삼성전자 MS23K3523 화이트",
    "ReviewScore": "5",
    "Syllable": "86",
    "Word": "19",
    "RDate": "20220422",
    "GeneralPolarity": "1",
    "Aspects": [
      {
        "Aspect": "조작성",
        "SentimentText": "버튼 하나 누르기만 하면 되니 너무 편리하구요,  ",
        "SentimentWord": "7",
        "SentimentPolarity": "1"
      },
      {
        "Aspect": "편의성",
        "SentimentText": "요리시간도 단축되니 식사 시간이 즐겁습니다.",
        "SentimentWord": "5",
        "SentimentPolarity": "1"
      }
    ]
  },
  {
    "Index": "31543",
    "RawText": "제품 기능이 많아서 마음에 들었고 쿠폰 할인으로 싼 가격에 구매했어요~ 배송도 친절하게 잘 받았어요  ",
    "Source": "쇼핑몰",
    "Domain": "가전",
    "MainCategory": "주방가전",
    "ProductName": "삼성전자 MS23K3523 화이트",
    "ReviewScore": "5",
    "Syllable": "57",
    "Word": "14",
    "RDate": "20220103",
    "GeneralPolarity": "1",
    "Aspects": [
      {
        "Aspect": "기능",
        "SentimentText": "제품 기능이 많아서 마음에 들었고",
        "SentimentWord": "5",
        "SentimentPolarity": "1"
      },
      {
        "Aspect": "가격",
        "SentimentText": "쿠폰 할인으로 싼 가격에 구매했어요",
        "SentimentWord": "5",
        "SentimentPolarity": "1"
      }
    ]
  },
  {
    "Index": "31544",
    "RawText": "조작 버튼 많은데 단순해서 사용하기 어렵지 않네요. 이 제품 꽤 오래 써 봤는데 기능도  단순해서 좋아요",
    "Source": "쇼핑몰",
    "Domain": "가전",
    "MainCategory": "주방가전",
    "ProductName": "삼성전자 MS23K3523 화이트",
    "ReviewScore": "4",
    "Syllable": "58",
    "Word": "16",
    "RDate": "20220203",
    "GeneralPolarity": "1",
    "Aspects": [
      {
        "Aspect": "조작성",
        "SentimentText": "조작 버튼 많은데 단순해서 사용하기 어렵지 않네요 ",
        "SentimentWord": "7",
        "SentimentPolarity": "1"
      },
      {
        "Aspect": "기능",
        "SentimentText": " 이 제품 꽤 오래 써 봤는데 기능도  단순해서 좋아요 ",
        "SentimentWord": "9",
        "SentimentPolarity": "1"
      }
    ]
  },
  {
    "Index": "31547",
    "RawText": "배송받고 바로 작동해보았습니다. 시간 조절하는 기능이 따로 없이 시작버튼으로만 조작 가능하니 너무 실망이네요. 제품구성에 설명서도 따로 없어 너무 불편했어요. 사이즈도 생각보다 커서 당황스러웠고 무게도 제법 나가지만 그럭 저력 만족합니다.  가격대비 제품은 괜찮아요  ",
    "Source": "쇼핑몰",
    "Domain": "가전",
    "MainCategory": "주방가전",
    "ProductName": "삼성전자 MS23K3523 화이트",
    "ReviewScore": "4",
    "Syllable": "150",
    "Word": "32",
    "RDate": "20211201",
    "GeneralPolarity": "0",
    "Aspects": [
      {
        "Aspect": "기능",
        "SentimentText": "시간 조절하는 기능이 따로 없이 시작버튼으로만 조작 가능하니 너무 실망이네요.",
        "SentimentWord": "10",
        "SentimentPolarity": "-1"
      },
      {
        "Aspect": "제품구성",
        "SentimentText": "제품구성에 설명서도 따로 없어 너무 불편했어요.",
        "SentimentWord": "6",
        "SentimentPolarity": "-1"
      },
      {
        "Aspect": "사이즈",
        "SentimentText": "사이즈도 생각보다 커서 당황스러웠고",
        "SentimentWord": "4",
        "SentimentPolarity": "-1"
      },
      {
        "Aspect": "무게",
        "SentimentText": "무게도 제법 나가지만 그럭 저력 만족합니다. ",
        "SentimentWord": "6",
        "SentimentPolarity": "0"
      },
      {
        "Aspect": "가격",
        "SentimentText": "가격대비 제품은 괜찮아요 ",
        "SentimentWord": "3",
        "SentimentPolarity": "1"
      }
    ]
  },
  {
    "Index": "31550",
    "RawText": "빠른 배송이예요. 용량 크기도 딱 쓰기 좋은 적당한 사이즈 . 디자인도 손색없이 이쁘고  파손없이 무사히 받았습니다. 식은밥 데워보니  금방 데워지네요",
    "Source": "쇼핑몰",
    "Domain": "가전",
    "MainCategory": "주방가전",
    "ProductName": "삼성전자 MS23K3523 화이트",
    "ReviewScore": "5",
    "Syllable": "84",
    "Word": "20",
    "RDate": "20211224",
    "GeneralPolarity": "1",
    "Aspects": [
      {
        "Aspect": "용량",
        "SentimentText": "용량 크기도 딱 쓰기 좋은 적당한 사이즈",
        "SentimentWord": "7",
        "SentimentPolarity": "1"
      },
      {
        "Aspect": "디자인",
        "SentimentText": "디자인도 손색없이 이쁘고",
        "SentimentWord": "3",
        "SentimentPolarity": "1"
      },
      {
        "Aspect": "시간/속도",
        "SentimentText": "식은밥 데워보니  금방 데워지네요  ",
        "SentimentWord": "4",
        "SentimentPolarity": "1"
      }
    ]
  },
  {
    "Index": "31551",
    "RawText": "디자인 깔끔하고 이뻐서 마음에 들어요~! 탈취기능도 있어서 너무 좋아요~ 만족합니다.",
    "Source": "쇼핑몰",
    "Domain": "가전",
    "MainCategory": "주방가전",
    "ProductName": "삼성전자 MS23K3523 화이트",
    "ReviewScore": "5",
    "Syllable": "47",
    "Word": "10",
    "RDate": "20220120",
    "GeneralPolarity": "1",
    "Aspects": [
      {
        "Aspect": "디자인",
        "SentimentText": "디자인 깔끔하고 이뻐서 마음에 들어요~! ",
        "SentimentWord": "5",
        "SentimentPolarity": "1"
      },
      {
        "Aspect": "기능",
        "SentimentText": "탈취기능도 있어서 너무 좋아요~ 만족합니다.",
        "SentimentWord": "5",
        "SentimentPolarity": "1"
      }
    ]
  },
  {
    "Index": "31552",
    "RawText": "배송 빨라요. 레인지 성능 좋아 작동도 너무나 잘 됩니다. 디자인까지 심플하면서 깔끔해요  가격도 아주 착한 가격입니다",
    "Source": "쇼핑몰",
    "Domain": "가전",
    "MainCategory": "주방가전",
    "ProductName": "삼성전자 MS23K3523 화이트",
    "ReviewScore": "5",
    "Syllable": "66",
    "Word": "16",
    "RDate": "20220421",
    "GeneralPolarity": "1",
    "Aspects": [
      {
        "Aspect": "기능",
        "SentimentText": " 레인지 성능 좋아 작동도 너무나 잘 됩니다. ",
        "SentimentWord": "7",
        "SentimentPolarity": "1"
      },
      {
        "Aspect": "디자인",
        "SentimentText": "디자인까지 심플하면서 깔끔해요 ",
        "SentimentWord": "3",
        "SentimentPolarity": "1"
      },
      {
        "Aspect": "가격",
        "SentimentText": " 가격도 아주 착한 가격입니다 ",
        "SentimentWord": "4",
        "SentimentPolarity": "1"
      }
    ]
  },
  {
    "Index": "31556",
    "RawText": "배송 좀 늦었어요. 그래도 모델 색감이  깨끗하고 이뻐요. 성능 좋아 편하게 잘 사용하는 중입니다",
    "Source": "쇼핑몰",
    "Domain": "가전",
    "MainCategory": "주방가전",
    "ProductName": "삼성전자 MS23K3523 화이트",
    "ReviewScore": "4",
    "Syllable": "54",
    "Word": "14",
    "RDate": "20211127",
    "GeneralPolarity": "1",
    "Aspects": [
      {
        "Aspect": "색상",
        "SentimentText": "모델 색감이  깨끗하고 이뻐요",
        "SentimentWord": "4",
        "SentimentPolarity": "1"
      },
      {
        "Aspect": "기능",
        "SentimentText": "성능 좋아 편하게 잘 사용하는 중입니다",
        "SentimentWord": "6",
        "SentimentPolarity": "1"
      }
    ]
  },
  {
    "Index": "31558",
    "RawText": "미리 연락 받아 배송일자 확인 했네요 . 블랙 색상 아닌 화이트 색상 했는데 탁월한 선택이였어요 소재 자체가 흠집이 잘 나는 재질 같아서 비추입니다",
    "Source": "쇼핑몰",
    "Domain": "가전",
    "MainCategory": "주방가전",
    "ProductName": "삼성전자 MS23K3523 화이트",
    "ReviewScore": "4",
    "Syllable": "82",
    "Word": "23",
    "RDate": "20220318",
    "GeneralPolarity": "0",
    "Aspects": [
      {
        "Aspect": "색상",
        "SentimentText": "블랙 색상 아닌 화이트 색상 했는데 탁월한 선택이였어요 ",
        "SentimentWord": "8",
        "SentimentPolarity": "1"
      },
      {
        "Aspect": "소재",
        "SentimentText": "소재 자체가 흠집이 잘 나는 재질같아서 비추입니다 ",
        "SentimentWord": "7",
        "SentimentPolarity": "-1"
      }
    ]
  },
  {
    "Index": "31562",
    "RawText": "배송기사 아침부터 연락 와서 놀랬어요! 디자인 질리지 않는 무난한 디자인이고 성능도 좋아 음식도 잘 데워집니다.  조리 속도도 빨라요!",
    "Source": "쇼핑몰",
    "Domain": "가전",
    "MainCategory": "주방가전",
    "ProductName": "삼성전자 MS23K3523 화이트",
    "ReviewScore": "5",
    "Syllable": "75",
    "Word": "18",
    "RDate": "20220317",
    "GeneralPolarity": "1",
    "Aspects": [
      {
        "Aspect": "디자인",
        "SentimentText": "디자인 질리지 않는 무난한 디자인이고",
        "SentimentWord": "5",
        "SentimentPolarity": "1"
      },
      {
        "Aspect": "기능",
        "SentimentText": " 성능도 좋아 음식도 잘 데워집니다",
        "SentimentWord": "5",
        "SentimentPolarity": "1"
      },
      {
        "Aspect": "시간/속도",
        "SentimentText": "조리 속도도 빨라요! ",
        "SentimentWord": "3",
        "SentimentPolarity": "1"
      }
    ]
  },
  {
    "Index": "31563",
    "RawText": "불량 상품이 와서 기분이 매우 안 좋았습니다 교환 처리는 받았지만 서비스 처리가 매우 마음에 안들고  이번일로 ㅇㅇㅇ 매우 실망 했습니다ㅠㅠ",
    "Source": "쇼핑몰",
    "Domain": "가전",
    "MainCategory": "주방가전",
    "ProductName": "삼성전자 MS23K3523 화이트",
    "ReviewScore": "5",
    "Syllable": "78",
    "Word": "20",
    "RDate": "20220107",
    "GeneralPolarity": "-1",
    "Aspects": [
      {
        "Aspect": "품질",
        "SentimentText": "불량 상품이 와서 기분이 매우 안 좋았습니다 ",
        "SentimentWord": "7",
        "SentimentPolarity": "-1"
      },
      {
        "Aspect": "제조일/제조사",
        "SentimentText": "이번일로 ㅇㅇㅇ 매우 실망 했습니다ㅠㅠ",
        "SentimentWord": "5",
        "SentimentPolarity": "-1"
      }
    ]
  },
  {
    "Index": "31564",
    "RawText": "특별 이벤트 행사로 저렴하게 구입했습니다. 배송까지 빨라서 감사했습니다. 다만 디자인이 좀 촌스러운 면이 있어요 그외 굿 ^^*",
    "Source": "쇼핑몰",
    "Domain": "가전",
    "MainCategory": "주방가전",
    "ProductName": "삼성전자 MS23K3523 화이트",
    "ReviewScore": "5",
    "Syllable": "71",
    "Word": "17",
    "RDate": "20220126",
    "GeneralPolarity": "0",
    "Aspects": [
      {
        "Aspect": "가격",
        "SentimentText": "특별 이벤트 행사로 저렴하게 구입했습니다.",
        "SentimentWord": "5",
        "SentimentPolarity": "1"
      },
      {
        "Aspect": "디자인",
        "SentimentText": "다만 디자인이 좀 촌스러운 면이 있어요",
        "SentimentWord": "6",
        "SentimentPolarity": "-1"
      }
    ]
  },
  {
    "Index": "31565",
    "RawText": "사무실용으로 사는데 도시락도 빨리 데워져 직원들이 좋아합니다. 디자인도 심플하니 이뻐요  배송도 진짜 빨라요",
    "Source": "쇼핑몰",
    "Domain": "가전",
    "MainCategory": "주방가전",
    "ProductName": "삼성전자 MS23K3523 화이트",
    "ReviewScore": "5",
    "Syllable": "60",
    "Word": "13",
    "RDate": "20220405",
    "GeneralPolarity": "1",
    "Aspects": [
      {
        "Aspect": "시간/속도",
        "SentimentText": "사무실용으로 사는데 도시락도 빨리 데워져 직원들이 좋아합니다.",
        "SentimentWord": "7",
        "SentimentPolarity": "1"
      },
      {
        "Aspect": "디자인",
        "SentimentText": "디자인도 심플하니 이뻐요 ",
        "SentimentWord": "3",
        "SentimentPolarity": "1"
      }
    ]
  },
  {
    "Index": "31566",
    "RawText": "화면만큼이나 디자인이 깔끔하고 이뻐요~ 도어 열리는 방식이 수동이지만 불편함 없고요 무게감도 있어 움직이지 않아 안전감도 있어요. 가동 시 소리도 작아서 쓸만해요",
    "Source": "쇼핑몰",
    "Domain": "가전",
    "MainCategory": "주방가전",
    "ProductName": "삼성전자 MS23K3523 화이트",
    "ReviewScore": "5",
    "Syllable": "90",
    "Word": "21",
    "RDate": "20220518",
    "GeneralPolarity": "1",
    "Aspects": [
      {
        "Aspect": "디자인",
        "SentimentText": "화면만큼이나 디자인이 깔끔하고 이뻐요~",
        "SentimentWord": "4",
        "SentimentPolarity": "1"
      },
      {
        "Aspect": "편의성",
        "SentimentText": " 도어 열리는 방식이 수동이지만 불편함 없고요",
        "SentimentWord": "6",
        "SentimentPolarity": "0"
      },
      {
        "Aspect": "무게",
        "SentimentText": "무게감도 있어 움직이지 않아 안전감도 있어요",
        "SentimentWord": "6",
        "SentimentPolarity": "1"
      },
      {
        "Aspect": "소음",
        "SentimentText": "가동 시 소리도 작아서 쓸만해요",
        "SentimentWord": "5",
        "SentimentPolarity": "1"
      }
    ]
  },
  {
    "Index": "31569",
    "RawText": "ㅇㅇㅇ 제품이라서 믿고 샀습니다. 가성비도 좋은 제품 저렴하게 잘 산 듯합니다. 30분 추가 버튼 기능도 있어 아주 유용합니다",
    "Source": "쇼핑몰",
    "Domain": "가전",
    "MainCategory": "주방가전",
    "ProductName": "삼성전자 MS23K3523 화이트",
    "ReviewScore": "5",
    "Syllable": "70",
    "Word": "18",
    "RDate": "20211208",
    "GeneralPolarity": "1",
    "Aspects": [
      {
        "Aspect": "제조일/제조사",
        "SentimentText": "ㅇㅇㅇ 제품이라서 믿고 샀습니다.",
        "SentimentWord": "4",
        "SentimentPolarity": "1"
      },
      {
        "Aspect": "가격",
        "SentimentText": "가성비도 좋은 제품 저렴하게 잘 산 듯합니다.",
        "SentimentWord": "7",
        "SentimentPolarity": "1"
      },
      {
        "Aspect": "기능",
        "SentimentText": "30분 추가 버튼 기능도 있어 아주 유용합니다",
        "SentimentWord": "7",
        "SentimentPolarity": "1"
      }
    ]
  },
  {
    "Index": "31570",
    "RawText": "ㅇㅇㅇ 전자레인지 제품 좋네요!! 디자인도 깔끔해서 이뻐요 . 다만 배송이 한달이나 걸려요 !!",
    "Source": "쇼핑몰",
    "Domain": "가전",
    "MainCategory": "주방가전",
    "ProductName": "삼성전자 MS23K3523 화이트",
    "ReviewScore": "4",
    "Syllable": "53",
    "Word": "13",
    "RDate": "20220509",
    "GeneralPolarity": "1",
    "Aspects": [
      {
        "Aspect": "제조일/제조사",
        "SentimentText": "ㅇㅇㅇ 전자레인지 제품 좋네요!! ",
        "SentimentWord": "4",
        "SentimentPolarity": "1"
      },
      {
        "Aspect": "디자인",
        "SentimentText": "디자인도 깔끔해서 이뻐요 .",
        "SentimentWord": "4",
        "SentimentPolarity": "1"
      }
    ]
  }
]