[
  {
    "Index": "31071",
    "RawText": "토스트 오븐 상부에는 기본적으로 빵종류 조리시간이 표기되어 있어 너무 좋아요. 별도의 설명서가 필요없네요. 빵의 부피가 좀 큰 경우 안의 내부가 높이가 높지 않아서 빵 윗부분이 쉽게 타서 조절하기가 불편해요.",
    "Source": "쇼핑몰",
    "Domain": "가전",
    "MainCategory": "주방가전",
    "ProductName": "발뮤다 더 토스터 K05B 화이트",
    "ReviewScore": "4",
    "Syllable": "116",
    "Word": "29",
    "RDate": "20210818",
    "GeneralPolarity": "0",
    "Aspects": [
      {
        "Aspect": "조작성",
        "SentimentText": "토스트 오븐 상부에는 기본적으로 빵종류 조리시간이 표기되어 있어 너무 좋아요. 별도의 설명서가 필요없네요.",
        "SentimentWord": "13",
        "SentimentPolarity": "1"
      },
      {
        "Aspect": "편의성",
        "SentimentText": "빵의 부피가 좀 큰 경우 안의 내부가 높이가 높지 않아서 빵 윗부분이 쉽게 타서 조절하기가 불편해요.",
        "SentimentWord": "16",
        "SentimentPolarity": "-1"
      }
    ]
  },
  {
    "Index": "31072",
    "RawText": "냉동빵의 경우 같이온 5cc의 물만 넣어서 돌려주면 금방 새빵처럼 겉바속촉이 되서 너무 좋아요. 디자인도 세련되고 깔끔해서 너무 마음에 들어요. 최고예요.",
    "Source": "쇼핑몰",
    "Domain": "가전",
    "MainCategory": "주방가전",
    "ProductName": "발뮤다 더 토스터 K05B 화이트",
    "ReviewScore": "5",
    "Syllable": "86",
    "Word": "20",
    "RDate": "20210911",
    "GeneralPolarity": "1",
    "Aspects": [
      {
        "Aspect": "편의성",
        "SentimentText": "냉동빵의 경우 같이온 5cc의 물만 넣어서 돌려주면 금방 새빵처럼 겉바속촉이 되서 너무 좋아요.",
        "SentimentWord": "13",
        "SentimentPolarity": "1"
      },
      {
        "Aspect": "디자인",
        "SentimentText": "디자인도 세련되고 깔끔해서 너무 마음에 들어요. 최고예요.",
        "SentimentWord": "7",
        "SentimentPolarity": "1"
      }
    ]
  },
  {
    "Index": "31073",
    "RawText": "정말로 빵 맛을 살려줘서 너무 좋아요. 빵을 자주 먹게 되었어요. 기능 대박입니다. 근데 단순 토스트기 치고는 가격이 정말 사약이긴 하네요. 비싸요 브랜드 값이겠지만 좀 아까운 생각도 들어요^^;",
    "Source": "쇼핑몰",
    "Domain": "가전",
    "MainCategory": "주방가전",
    "ProductName": "발뮤다 더 토스터 K05B 화이트",
    "ReviewScore": "4",
    "Syllable": "109",
    "Word": "27",
    "RDate": "20211219",
    "GeneralPolarity": "0",
    "Aspects": [
      {
        "Aspect": "기능",
        "SentimentText": "정말로 빵 맛을 살려줘서 너무 좋아요. 빵을 자주 먹게 되었어요. 기능 대박입니다.",
        "SentimentWord": "12",
        "SentimentPolarity": "1"
      },
      {
        "Aspect": "가격",
        "SentimentText": "근데 단순 토스트기 치고는 가격이 정말 사약이긴 하네요. 비싸요 브랜드 값이겠지만 좀 아까운 생각도 들어요^^;",
        "SentimentWord": "15",
        "SentimentPolarity": "-1"
      }
    ]
  },
  {
    "Index": "31077",
    "RawText": "받자마자 베이글 구워봤는데 추천해주신 사용법에서 1~2분은 덜 돌려야할거같아요 생각보다 쉽게 탑니다. 요령 필요해요 그리고 사은품으로 주신 도자기컵 너무 귀여워요. 잘쓰겠습니다.",
    "Source": "쇼핑몰",
    "Domain": "가전",
    "MainCategory": "주방가전",
    "ProductName": "발뮤다 더 토스터 K05B 화이트",
    "ReviewScore": "5",
    "Syllable": "99",
    "Word": "20",
    "RDate": "20210825",
    "GeneralPolarity": "0",
    "Aspects": [
      {
        "Aspect": "조작성",
        "SentimentText": "받자마자 베이글 구워봤는데 추천해주신 사용법에서 1~2분은 덜 돌려야할거같아요 생각보다 쉽게 탑니다. 요령 필요해요",
        "SentimentWord": "13",
        "SentimentPolarity": "-1"
      },
      {
        "Aspect": "제품구성",
        "SentimentText": "그리고 사은품으로 주신 도자기컵 너무 귀여워요. 잘쓰겠습니다.",
        "SentimentWord": "7",
        "SentimentPolarity": "1"
      }
    ]
  },
  {
    "Index": "31080",
    "RawText": "홈카페에 인테리어효과가 하나 더 늘었네요. 디자인 너무 세련되서 좋습니다. 역시 이브랜드라 품질이 뛰어나요 마감도 잘되어있어 좋네요. 다소 비싼 가격이긴 하지만 그래도 사고싶었던거라 넘 마음에 들어요^^",
    "Source": "쇼핑몰",
    "Domain": "가전",
    "MainCategory": "주방가전",
    "ProductName": "발뮤다 더 토스터 K05B 화이트",
    "ReviewScore": "5",
    "Syllable": "113",
    "Word": "25",
    "RDate": "20210327",
    "GeneralPolarity": "1",
    "Aspects": [
      {
        "Aspect": "디자인",
        "SentimentText": "홈카페에 인테리어효과가 하나 더 늘었네요. 디자인 너무 세련되서 좋습니다.",
        "SentimentWord": "9",
        "SentimentPolarity": "1"
      },
      {
        "Aspect": "품질",
        "SentimentText": "역시 이브랜드라 품질이 뛰어나요 마감도 잘되어있어 좋네요.",
        "SentimentWord": "7",
        "SentimentPolarity": "1"
      },
      {
        "Aspect": "가격",
        "SentimentText": "다소 비싼 가격이긴 하지만 그래도 사고싶었던거라 넘 마음에 들어요^^",
        "SentimentWord": "9",
        "SentimentPolarity": "0"
      }
    ]
  },
  {
    "Index": "31081",
    "RawText": "상품 품질 굉장히 좋아요. 마감처리도 그렇고 퀄리티도 너무 마음에 듭니다^^. 다만 제가 주문할때는 30만원이였는데 다음날 바로 28만원으로 가격이 내려가서 취소하고 주문하려니 아무것도 안되서 좀 그랬어요^^;",
    "Source": "쇼핑몰",
    "Domain": "가전",
    "MainCategory": "주방가전",
    "ProductName": "발뮤다 더 토스터 K05B 화이트",
    "ReviewScore": "5",
    "Syllable": "117",
    "Word": "25",
    "RDate": "20210527",
    "GeneralPolarity": "0",
    "Aspects": [
      {
        "Aspect": "품질",
        "SentimentText": "상품 품질 굉장히 좋아요. 마감처리도 그렇고 퀄리티도 너무 마음에 듭니다^^",
        "SentimentWord": "10",
        "SentimentPolarity": "1"
      },
      {
        "Aspect": "가격",
        "SentimentText": "다만 제가 주문할때는 30만원이였는데 다음날 바로 28만원으로 가격이 내려가서 취소하고 주문하려니 아무것도 안되서 좀 그랬어요^^;",
        "SentimentWord": "15",
        "SentimentPolarity": "-1"
      }
    ]
  },
  {
    "Index": "31082",
    "RawText": "이 브랜드 상품은 품질 말할것도 없죠. 제품확인했더니 마감도 잘되어있어서 너무 마음에 듭니다.  다만 밑에 트레이를 잘 받쳐서 사용하지 않으면 빵가루가 밑으로 후두둑 떨어져 청소하기가 넘 번거로워요. 잘 사용해야해요.",
    "Source": "쇼핑몰",
    "Domain": "가전",
    "MainCategory": "주방가전",
    "ProductName": "발뮤다 더 토스터 K05B 화이트",
    "ReviewScore": "5",
    "Syllable": "121",
    "Word": "28",
    "RDate": "20210811",
    "GeneralPolarity": "0",
    "Aspects": [
      {
        "Aspect": "품질",
        "SentimentText": "이 브랜드 상품은 품질 말할것도 없죠. 제품확인했더니 마감도 잘되어있어서 너무 마음에 듭니다. ",
        "SentimentWord": "12",
        "SentimentPolarity": "1"
      },
      {
        "Aspect": "조작성",
        "SentimentText": "다만 밑에 트레이를 잘 받쳐서 사용하지 않으면 빵가루가 밑으로 후두둑 떨어져 청소하기가 넘 번거로워요. 잘 사용해야해요.",
        "SentimentWord": "16",
        "SentimentPolarity": "-1"
      }
    ]
  },
  {
    "Index": "31083",
    "RawText": "받자마자 토스트 구워봤는데 너무 좋아요! 바삭바삭하니 카페온것 같아요 컬러도 화이트인데 거의 크림색에 가깝고 너무 예뻐요 반짝반짝하니 마음에 듭니다.",
    "Source": "쇼핑몰",
    "Domain": "가전",
    "MainCategory": "주방가전",
    "ProductName": "발뮤다 더 토스터 K05B 화이트",
    "ReviewScore": "5",
    "Syllable": "83",
    "Word": "18",
    "RDate": "20211003",
    "GeneralPolarity": "1",
    "Aspects": [
      {
        "Aspect": "기능",
        "SentimentText": "받자마자 토스트 구워봤는데 너무 좋아요! 바삭바삭하니 카페온것 같아요",
        "SentimentWord": "8",
        "SentimentPolarity": "1"
      },
      {
        "Aspect": "색상",
        "SentimentText": "컬러도 화이트인데 거의 크림색에 가깝고 너무 예뻐요 반짝반짝하니 마음에 듭니다.",
        "SentimentWord": "10",
        "SentimentPolarity": "1"
      }
    ]
  },
  {
    "Index": "31085",
    "RawText": "컬러는 고급스럽습니다. 컬러가 굉장히 잘나와서 좋아요. 생각보다 토스트기 돌아가는 소음이 좀 큰편이라 참고하시면 좋아요.",
    "Source": "쇼핑몰",
    "Domain": "가전",
    "MainCategory": "주방가전",
    "ProductName": "발뮤다 더 토스터 K05B 화이트",
    "ReviewScore": "5",
    "Syllable": "67",
    "Word": "14",
    "RDate": "20210517",
    "GeneralPolarity": "0",
    "Aspects": [
      {
        "Aspect": "색상",
        "SentimentText": "컬러는 고급스럽습니다. 컬러가 굉장히 잘나와서 좋아요.",
        "SentimentWord": "6",
        "SentimentPolarity": "1"
      },
      {
        "Aspect": "소음",
        "SentimentText": "생각보다 토스트기 돌아가는 소음이 좀 큰편이라 참고하시면 좋아요.",
        "SentimentWord": "8",
        "SentimentPolarity": "0"
      }
    ]
  },
  {
    "Index": "31086",
    "RawText": "베이커리를 배우고 있는 중이라 유용하게 이것저것 만들어보는데 너무 잘 구워지네요. 좋아요. 그리고 토스트기니까 당연히 열을 가해서 제품자체에서 발열이 굉장히 강합니다. 그래서 열이 식혀지는데도 굉장히 오랜시간 소비되서 그건 좀 아쉬워요.",
    "Source": "쇼핑몰",
    "Domain": "가전",
    "MainCategory": "주방가전",
    "ProductName": "발뮤다 더 토스터 K05B 화이트",
    "ReviewScore": "5",
    "Syllable": "132",
    "Word": "29",
    "RDate": "20220804",
    "GeneralPolarity": "0",
    "Aspects": [
      {
        "Aspect": "기능",
        "SentimentText": "베이커리를 배우고 있는 중이라 유용하게 이것저것 만들어보는데 너무 잘 구워지네요. 좋아요.",
        "SentimentWord": "11",
        "SentimentPolarity": "1"
      },
      {
        "Aspect": "시간/속도",
        "SentimentText": "그리고 토스트기니까 당연히 열을 가해서 제품자체에서 발열이 굉장히 강합니다. 그래서 열이 식혀지는데도 굉장히 오랜시간 소비되서 그건 좀 아쉬워요.",
        "SentimentWord": "18",
        "SentimentPolarity": "-1"
      }
    ]
  },
  {
    "Index": "31088",
    "RawText": "기대처럼 드라마틱하게 빵이 맛있어지거나 하진 않아요. 그냥 일반 토스트기 기능입니다.  가격이 여기가 그나마 제일 저렴해서 구입하긴했지만 비싼편이긴 해요. 아까워요",
    "Source": "쇼핑몰",
    "Domain": "가전",
    "MainCategory": "주방가전",
    "ProductName": "발뮤다 더 토스터 K05B 화이트",
    "ReviewScore": "5",
    "Syllable": "91",
    "Word": "19",
    "RDate": "20210304",
    "Aspects": [
      {
        "Aspect": "기능",
        "SentimentText": "기대처럼 드라마틱하게 빵이 맛있어지거나 하진 않아요. 그냥 일반 토스트기 기능입니다. ",
        "SentimentWord": "10",
        "SentimentPolarity": "0"
      },
      {
        "Aspect": "가격",
        "SentimentText": "가격이 여기가 그나마 제일 저렴해서 구입하긴했지만 비싼편이긴 해요. 아까워요",
        "SentimentWord": "9",
        "SentimentPolarity": "-1"
      }
    ]
  },
  {
    "Index": "31089",
    "RawText": "사은품으로 주신 컵이랑 트레이 너무 예쁘네요. 잘쓸께요.  내부 안에 선이 하나 있는데 그 라인을 넘는 높이의 빵을 구우면 쉽게 타버린다. 그래서 식빵외의 빵을 구울수가 없어 불편하다.",
    "Source": "쇼핑몰",
    "Domain": "가전",
    "MainCategory": "주방가전",
    "ProductName": "발뮤다 더 토스터 K05B 화이트",
    "ReviewScore": "5",
    "Syllable": "103",
    "Word": "26",
    "RDate": "20210903",
    "GeneralPolarity": "0",
    "Aspects": [
      {
        "Aspect": "제품구성",
        "SentimentText": "사은품으로 주신 컵이랑 트레이 너무 예쁘네요. 잘쓸께요.",
        "SentimentWord": "7",
        "SentimentPolarity": "1"
      },
      {
        "Aspect": "편의성",
        "SentimentText": "내부 안에 선이 하나 있는데 그 라인을 넘는 높이의 빵을 구우면 쉽게 타버린다. 그래서 식빵외의 빵을 구울수가 없어 불편하다.",
        "SentimentWord": "19",
        "SentimentPolarity": "-1"
      }
    ]
  },
  {
    "Index": "31090",
    "RawText": "제품 받아 사용중이지만 가격은 확실히 제품에 비해 엄청 비싸다는 생각이 자꾸 들어 아쉽네요. 전체적으로 굽는 기능이지만 빵이 대체적으로 쉽게 타는 편이라 버리는 빵이 많아 아쉽습니다.",
    "Source": "쇼핑몰",
    "Domain": "가전",
    "MainCategory": "주방가전",
    "ProductName": "발뮤다 더 토스터 K05B 화이트",
    "ReviewScore": "5",
    "Syllable": "102",
    "Word": "25",
    "RDate": "20210908",
    "GeneralPolarity": "-1",
    "Aspects": [
      {
        "Aspect": "가격",
        "SentimentText": "제품 받아 사용중이지만 가격은 확실히 제품에 비해 엄청 비싸다는 생각이 자꾸 들어 아쉽네요.",
        "SentimentWord": "13",
        "SentimentPolarity": "-1"
      },
      {
        "Aspect": "기능",
        "SentimentText": "전체적으로 굽는 기능이지만 빵이 대체적으로 쉽게 타는 편이라 버리는 빵이 많아 아쉽습니다.",
        "SentimentWord": "12",
        "SentimentPolarity": "-1"
      }
    ]
  },
  {
    "Index": "31092",
    "RawText": "식빵이나 베이글 같이 다양한 빵도 제각각 알맞게 잘 구워지는게 기능이 정말 월등하네요~ 다만 조리 시간 버튼이 잘 안눌러져서 별하나 뺏어요",
    "Source": "쇼핑몰",
    "Domain": "가전",
    "MainCategory": "주방가전",
    "ProductName": "발뮤다 더 토스터 K05B 화이트",
    "ReviewScore": "5",
    "Syllable": "77",
    "Word": "20",
    "RDate": "20210419",
    "GeneralPolarity": "0",
    "Aspects": [
      {
        "Aspect": "기능",
        "SentimentText": "다양한 빵도 제각각 알맞게 잘 구워지는게 기능이 정말 월등하네요~",
        "SentimentWord": "9",
        "SentimentPolarity": "1"
      },
      {
        "Aspect": "조작성",
        "SentimentText": "조리 시간 버튼이 잘 안눌러져서 별하나 뺏어요",
        "SentimentWord": "7",
        "SentimentPolarity": "0"
      }
    ]
  },
  {
    "Index": "31094",
    "RawText": "와이프가 이 제품 선호해서 선물로 구입했는데 역시 최고의 품질을 자랑하는 000이네요 최곱니다! 빵결도 살아있고 안까지 촉촉하게 하는 기능이 있어 좋아요 맛도 있구요",
    "Source": "쇼핑몰",
    "Domain": "가전",
    "MainCategory": "주방가전",
    "ProductName": "발뮤다 더 토스터 K05B 화이트",
    "ReviewScore": "4",
    "Syllable": "92",
    "Word": "22",
    "RDate": "20211014",
    "GeneralPolarity": "1",
    "Aspects": [
      {
        "Aspect": "제조일/제조사",
        "SentimentText": "이 제품 선호해서 선물로 구입했는데 역시 최고의 품질을 자랑하는 000이네요 최곱니다! ",
        "SentimentWord": "11",
        "SentimentPolarity": "1"
      },
      {
        "Aspect": "기능",
        "SentimentText": "빵결도 살아있고 안까지 촉촉하게 하는 기능이 있어 좋아요 맛도 있구요",
        "SentimentWord": "10",
        "SentimentPolarity": "1"
      }
    ]
  },
  {
    "Index": "31098",
    "RawText": "비싼값하네요. 마감 퀄리티모두 제품 너무 만족스러워요, 같이 보내주신 레시피북으로 요리 해봤는데 사용하기도 쉽고 좋네요.",
    "Source": "쇼핑몰",
    "Domain": "가전",
    "MainCategory": "주방가전",
    "ProductName": "발뮤다 더 토스터 K05B 화이트",
    "ReviewScore": "5",
    "Syllable": "67",
    "Word": "14",
    "RDate": "20220301",
    "GeneralPolarity": "1",
    "Aspects": [
      {
        "Aspect": "품질",
        "SentimentText": "비싼값하네요. 마감 퀄리티모두 제품 너무 만족스러워요,",
        "SentimentWord": "6",
        "SentimentPolarity": "1"
      },
      {
        "Aspect": "편의성",
        "SentimentText": "같이 보내주신 레시피북으로 요리 해봤는데 사용하기도 쉽고 좋네요.",
        "SentimentWord": "8",
        "SentimentPolarity": "1"
      }
    ]
  },
  {
    "Index": "31099",
    "RawText": "외형이 너무 깜찍하고 예뻐서 주방이 환해졌어요 넘 만족합니다 같이 보내주신 상콤한 색상의 트레이도 넘 이쁘고 맘도 넘 좋아졌어요",
    "Source": "쇼핑몰",
    "Domain": "가전",
    "MainCategory": "주방가전",
    "ProductName": "발뮤다 더 토스터 K05B 화이트",
    "ReviewScore": "5",
    "Syllable": "71",
    "Word": "18",
    "RDate": "20210901",
    "GeneralPolarity": "1",
    "Aspects": [
      {
        "Aspect": "디자인",
        "SentimentText": "외형이 너무 깜찍하고 예뻐서 주방이 환해졌어요 넘 만족합니다",
        "SentimentWord": "8",
        "SentimentPolarity": "1"
      },
      {
        "Aspect": "제품구성",
        "SentimentText": "같이 보내주신 상콤한 색상의 트레이도 넘 이쁘고 맘도 넘 좋아졌어요",
        "SentimentWord": "10",
        "SentimentPolarity": "1"
      }
    ]
  },
  {
    "Index": "31100",
    "RawText": "예전부터 눈독 들이다가 할인할때 삿는데 카드추가 할인까지 해서 득템했어요 근데 색상이 화면에서 보던것보다 흐려요. 제 기분도 흐려집니다ㅜ",
    "Source": "쇼핑몰",
    "Domain": "가전",
    "MainCategory": "주방가전",
    "ProductName": "발뮤다 더 토스터 K05B 화이트",
    "ReviewScore": "5",
    "Syllable": "76",
    "Word": "17",
    "RDate": "20210419",
    "GeneralPolarity": "0",
    "Aspects": [
      {
        "Aspect": "가격",
        "SentimentText": "할인할때 삿는데 카드추가 할인까지 해서 득템했어요",
        "SentimentWord": "6",
        "SentimentPolarity": "1"
      },
      {
        "Aspect": "색상",
        "SentimentText": "색상이 화면에서 보던것보다 흐려요. 제 기분도 흐려집니다ㅜ",
        "SentimentWord": "7",
        "SentimentPolarity": "-1"
      }
    ]
  },
  {
    "Index": "31101",
    "RawText": "테이블 위에 올려놓으니 바닥부분이 평편하지가 않은게 불량인지.. 품질이 의심되지만 여러 종류 빵은 알맞게 잘 구워지고 맛도 있으니 그냥 쓸래요",
    "Source": "쇼핑몰",
    "Domain": "가전",
    "MainCategory": "주방가전",
    "ProductName": "발뮤다 더 토스터 K05B 화이트",
    "ReviewScore": "5",
    "Syllable": "79",
    "Word": "19",
    "RDate": "20211130",
    "GeneralPolarity": "0",
    "Aspects": [
      {
        "Aspect": "품질",
        "SentimentText": "테이블 위에 올려놓으니 바닥부분이 평편하지가 않은게 불량인지.. 품질이 의심되지만",
        "SentimentWord": "9",
        "SentimentPolarity": "-1"
      },
      {
        "Aspect": "기능",
        "SentimentText": "여러 종류 빵은 알맞게 잘 구워지고 맛도 있으니 그냥 쓸래요",
        "SentimentWord": "10",
        "SentimentPolarity": "1"
      }
    ]
  },
  {
    "Index": "31104",
    "RawText": "말로만 듣던 유명 제품을 이제 구입하다니^^ 실물이 훨씬 이쁘고 세련되네요 사용해봤는데 종류별로 빵 굽는 기능이 따로 있어 버튼 하나만 누르니 맛있게 조리되어 넘 편합니다",
    "Source": "쇼핑몰",
    "Domain": "가전",
    "MainCategory": "주방가전",
    "ProductName": "발뮤다 더 토스터 K05B 화이트",
    "ReviewScore": "4",
    "Syllable": "95",
    "Word": "24",
    "RDate": "20210303",
    "GeneralPolarity": "1",
    "Aspects": [
      {
        "Aspect": "디자인",
        "SentimentText": "실물이 훨씬 이쁘고 세련되네요",
        "SentimentWord": "4",
        "SentimentPolarity": "1"
      },
      {
        "Aspect": "기능",
        "SentimentText": "종류별로 빵 굽는 기능이 따로 있어 버튼 하나만 누르니 맛있게 조리되어 넘 편합니다",
        "SentimentWord": "13",
        "SentimentPolarity": "1"
      }
    ]
  },
  {
    "Index": "31108",
    "RawText": "디자인이 정말 산뜻하고 이쁘네요 기분까지 상쾌하네요^^ 오븐으로 구운 것과 비교해보니 맛차이가 거의 없을 정도고 오븐계를 탑으로 장악할 것 같습니다^^",
    "Source": "쇼핑몰",
    "Domain": "가전",
    "MainCategory": "주방가전",
    "ProductName": "발뮤다 더 토스터 K05B 화이트",
    "ReviewScore": "5",
    "Syllable": "84",
    "Word": "19",
    "RDate": "20210414",
    "GeneralPolarity": "1",
    "Aspects": [
      {
        "Aspect": "디자인",
        "SentimentText": "디자인이 정말 산뜻하고 이쁘네요 기분까지 상쾌하네요^^ ",
        "SentimentWord": "6",
        "SentimentPolarity": "1"
      },
      {
        "Aspect": "기능",
        "SentimentText": "오븐으로 구운 것과 비교해보니 맛차이가 거의 없을 정도고 오븐계를 탑으로 장악할 것 같습니다^^",
        "SentimentWord": "13",
        "SentimentPolarity": "1"
      }
    ]
  },
  {
    "Index": "31110",
    "RawText": "가격대가 나가서 고민했지만 전혀 후회없는 선택이예요 아침이 즐거워요. 이것저것 해먹으니 다양한 빵을 먹을 수 있어서 너무 좋아요,",
    "Source": "쇼핑몰",
    "Domain": "가전",
    "MainCategory": "주방가전",
    "ProductName": "발뮤다 더 토스터 K05B 화이트",
    "ReviewScore": "5",
    "Syllable": "72",
    "Word": "17",
    "RDate": "20210510",
    "GeneralPolarity": "1",
    "Aspects": [
      {
        "Aspect": "가격",
        "SentimentText": "가격대가 나가서 고민했지만 전혀 후회없는 선택이예요 아침이 즐거워요.",
        "SentimentWord": "8",
        "SentimentPolarity": "1"
      },
      {
        "Aspect": "편의성",
        "SentimentText": " 이것저것 해먹으니 다양한 빵을 먹을 수 있어서 너무 좋아요,",
        "SentimentWord": "9",
        "SentimentPolarity": "1"
      }
    ]
  },
  {
    "Index": "31111",
    "RawText": "디자인이 굉장히 심플하고 깔끔해서 예뻐요 너무 좋아요. 안에 용량은 좀 작아요 딱 빵 두조각 들어갈 용량밖에 안되서 아쉬워요,",
    "Source": "쇼핑몰",
    "Domain": "가전",
    "MainCategory": "주방가전",
    "ProductName": "발뮤다 더 토스터 K05B 화이트",
    "ReviewScore": "5",
    "Syllable": "70",
    "Word": "18",
    "RDate": "20210928",
    "GeneralPolarity": "0",
    "Aspects": [
      {
        "Aspect": "디자인",
        "SentimentText": "디자인이 굉장히 심플하고 깔끔해서 예뻐요 너무 좋아요.",
        "SentimentWord": "7",
        "SentimentPolarity": "1"
      },
      {
        "Aspect": "용량",
        "SentimentText": "안에 용량은 좀 작아요 딱 빵 두조각 들어갈 용량밖에 안되서 아쉬워요,",
        "SentimentWord": "11",
        "SentimentPolarity": "-1"
      }
    ]
  },
  {
    "Index": "31112",
    "RawText": "쿠폰으로 저렴하게 구입해서 너무 좋아요. 만족스러워요. 디자인도 예쁘고 고급스러워서 좋아요 세련됐네요",
    "Source": "쇼핑몰",
    "Domain": "가전",
    "MainCategory": "주방가전",
    "ProductName": "발뮤다 더 토스터 K05B 화이트",
    "ReviewScore": "5",
    "Syllable": "56",
    "Word": "11",
    "RDate": "20210905",
    "GeneralPolarity": "1",
    "Aspects": [
      {
        "Aspect": "가격",
        "SentimentText": "쿠폰으로 저렴하게 구입해서 너무 좋아요. 만족스러워요",
        "SentimentWord": "6",
        "SentimentPolarity": "1"
      },
      {
        "Aspect": "디자인",
        "SentimentText": "디자인도 예쁘고 고급스러워서 좋아요 세련됐네요",
        "SentimentWord": "5",
        "SentimentPolarity": "1"
      }
    ]
  },
  {
    "Index": "31113",
    "RawText": "기본 토스트기 기능이랑 별반 다를게 없어요. 그냥저냥 그래요. 가격만 비싸지 그 값은 전혀 못하고 있어요 아까워요.",
    "Source": "쇼핑몰",
    "Domain": "가전",
    "MainCategory": "주방가전",
    "ProductName": "발뮤다 더 토스터 K05B 화이트",
    "ReviewScore": "5",
    "Syllable": "64",
    "Word": "16",
    "RDate": "20210915",
    "GeneralPolarity": "-1",
    "Aspects": [
      {
        "Aspect": "기능",
        "SentimentText": "기본 토스트기 기능이랑 별반 다를게 없어요. 그냥저냥 그래요",
        "SentimentWord": "8",
        "SentimentPolarity": "0"
      },
      {
        "Aspect": "가격",
        "SentimentText": "가격만 비싸지 그 값은 전혀 못하고 있어요 아까워요.",
        "SentimentWord": "8",
        "SentimentPolarity": "-1"
      }
    ]
  },
  {
    "Index": "31114",
    "RawText": "온도 조절 기능을 250도까지 올릴 수 있어서 맛난 빵을 제대로 만들 수 있어서 좋습니다~ 토스트기 사용할 때 기계음이 조금 있어서 아쉽네요",
    "Source": "쇼핑몰",
    "Domain": "가전",
    "MainCategory": "주방가전",
    "ProductName": "발뮤다 더 토스터 K05B 화이트",
    "ReviewScore": "4",
    "Syllable": "78",
    "Word": "21",
    "RDate": "20220114",
    "GeneralPolarity": "0",
    "Aspects": [
      {
        "Aspect": "기능",
        "SentimentText": "온도 조절 기능을 250도까지 올릴 수 있어서 맛난 빵을 제대로 만들 수 있어서 좋습니다~",
        "SentimentWord": "14",
        "SentimentPolarity": "1"
      },
      {
        "Aspect": "소음",
        "SentimentText": "토스트기 사용할 때 기계음이 조금 있어서 아쉽네요",
        "SentimentWord": "7",
        "SentimentPolarity": "-1"
      }
    ]
  },
  {
    "Index": "31117",
    "RawText": "오프라인보다 저렴하게 구매할 수 있어서 만족합니다~ 내부가 좁아서 큰 빵은 못 만들어 아쉬워요",
    "Source": "쇼핑몰",
    "Domain": "가전",
    "MainCategory": "주방가전",
    "ProductName": "발뮤다 더 토스터 K05B 화이트",
    "ReviewScore": "5",
    "Syllable": "52",
    "Word": "13",
    "RDate": "20210810",
    "GeneralPolarity": "0",
    "Aspects": [
      {
        "Aspect": "가격",
        "SentimentText": "오프라인보다 저렴하게 구매할 수 있어서 만족합니다~",
        "SentimentWord": "6",
        "SentimentPolarity": "1"
      },
      {
        "Aspect": "용량",
        "SentimentText": "내부가 좁아서 큰 빵은 못 만들어 아쉬워요 ",
        "SentimentWord": "7",
        "SentimentPolarity": "-1"
      }
    ]
  },
  {
    "Index": "31120",
    "RawText": "사은품까지 여러개 챙겨줘서 너무 만족스러워요 ~ 가격도 할인 받아서 저렴하게 구매할 수 있어서 좋습니다!~",
    "Source": "쇼핑몰",
    "Domain": "가전",
    "MainCategory": "주방가전",
    "ProductName": "발뮤다 더 토스터 K05B 화이트",
    "ReviewScore": "5",
    "Syllable": "59",
    "Word": "14",
    "RDate": "20210717",
    "GeneralPolarity": "1",
    "Aspects": [
      {
        "Aspect": "제품구성",
        "SentimentText": "사은품까지 여러개 챙겨줘서 너무 만족스러워요 ~",
        "SentimentWord": "6",
        "SentimentPolarity": "1"
      },
      {
        "Aspect": "가격",
        "SentimentText": "가격도 할인 받아서 저렴하게 구매할 수 있어서 좋습니다!~",
        "SentimentWord": "8",
        "SentimentPolarity": "1"
      }
    ]
  },
  {
    "Index": "31121",
    "RawText": "온도 조절 기능을 자유롭게 할 수 있어서 빵이 촉촉하고 바삭하게 잘 구워져서 좋아요. 가격도 다른 곳보다 저렴해서 너무 만족스럽네요~",
    "Source": "쇼핑몰",
    "Domain": "가전",
    "MainCategory": "주방가전",
    "ProductName": "발뮤다 더 토스터 K05B 화이트",
    "ReviewScore": "5",
    "Syllable": "74",
    "Word": "19",
    "RDate": "20210419",
    "GeneralPolarity": "1",
    "Aspects": [
      {
        "Aspect": "기능",
        "SentimentText": "온도 조절 기능을 자유롭게 할 수 있어서 빵이 촉촉하고 바삭하게 잘 구워져서 좋아요.",
        "SentimentWord": "13",
        "SentimentPolarity": "1"
      },
      {
        "Aspect": "가격",
        "SentimentText": "가격도 다른 곳보다 저렴해서 너무 만족스럽네요~",
        "SentimentWord": "6",
        "SentimentPolarity": "1"
      }
    ]
  },
  {
    "Index": "31125",
    "RawText": "디자인 깔끔하고 세련되서 너무 마음에 들어요!! 다만 내부가 좀 좁아서 작은빵만 구울 수 있어 아쉬워요 ㅠ",
    "Source": "쇼핑몰",
    "Domain": "가전",
    "MainCategory": "주방가전",
    "ProductName": "발뮤다 더 토스터 K05B 화이트",
    "ReviewScore": "5",
    "Syllable": "59",
    "Word": "16",
    "RDate": "20210929",
    "GeneralPolarity": "0",
    "Aspects": [
      {
        "Aspect": "디자인",
        "SentimentText": "디자인 깔끔하고 세련되서 너무 마음에 들어요!!",
        "SentimentWord": "6",
        "SentimentPolarity": "1"
      },
      {
        "Aspect": "용량",
        "SentimentText": "내부가 좀 좁아서 작은빵만 구울 수 있어 아쉬워요 ㅠ",
        "SentimentWord": "9",
        "SentimentPolarity": "-1"
      }
    ]
  },
  {
    "Index": "31126",
    "RawText": "디자인 너무 귀엽고 예뻐서 마음에 쏙 듭니다. 제품 마감도 깔끔! 품질이 상당히 좋네요 최고에요~",
    "Source": "쇼핑몰",
    "Domain": "가전",
    "MainCategory": "주방가전",
    "ProductName": "발뮤다 더 토스터 K05B 화이트",
    "ReviewScore": "5",
    "Syllable": "54",
    "Word": "14",
    "RDate": "20210502",
    "GeneralPolarity": "1",
    "Aspects": [
      {
        "Aspect": "디자인",
        "SentimentText": "디자인 너무 귀엽고 예뻐서 마음에 쏙 듭니다. ",
        "SentimentWord": "7",
        "SentimentPolarity": "1"
      },
      {
        "Aspect": "품질",
        "SentimentText": "제품 마감도 깔끔! 품질이 상당히 좋네요 최고에요~",
        "SentimentWord": "7",
        "SentimentPolarity": "1"
      }
    ]
  },
  {
    "Index": "31129",
    "RawText": "기능은 너무 좋아요 빵이 아주 잘 만들어져요! 그런데 내부가 많이 좁아서 그릇 놓기도 애매해서 불편하네요;;",
    "Source": "쇼핑몰",
    "Domain": "가전",
    "MainCategory": "주방가전",
    "ProductName": "발뮤다 더 토스터 K05B 화이트",
    "ReviewScore": "5",
    "Syllable": "60",
    "Word": "15",
    "RDate": "20211016",
    "GeneralPolarity": "0",
    "Aspects": [
      {
        "Aspect": "기능",
        "SentimentText": "기능은 너무 좋아요 빵이 아주 잘 만들어져요! ",
        "SentimentWord": "7",
        "SentimentPolarity": "1"
      },
      {
        "Aspect": "용량",
        "SentimentText": "내부가 많이 좁아서 그릇 놓기도 애매해서 불편하네요;;",
        "SentimentWord": "7",
        "SentimentPolarity": "-1"
      }
    ]
  },
  {
    "Index": "31130",
    "RawText": "색상이 하얀색이라 주방이랑 너무 잘 어울려서 만족합니다!! ooo에서 저렴하게 잘 구매해서 좋아요~",
    "Source": "쇼핑몰",
    "Domain": "가전",
    "MainCategory": "주방가전",
    "ProductName": "발뮤다 더 토스터 K05B 화이트",
    "ReviewScore": "4",
    "Syllable": "55",
    "Word": "12",
    "RDate": "20211201",
    "GeneralPolarity": "1",
    "Aspects": [
      {
        "Aspect": "색상",
        "SentimentText": "색상이 하얀색이라 주방이랑 너무 잘 어울려서 만족합니다!!",
        "SentimentWord": "7",
        "SentimentPolarity": "1"
      },
      {
        "Aspect": "가격",
        "SentimentText": "ooo에서 저렴하게 잘 구매해서 좋아요~",
        "SentimentWord": "5",
        "SentimentPolarity": "1"
      }
    ]
  },
  {
    "Index": "31131",
    "RawText": "지인 집들이 선물로 구매했는데 디자인이 고급스럽다며 너무 좋아하네요. 사은품으로 컵도 별도 챙겨주셔서 너무 좋았어요.",
    "Source": "쇼핑몰",
    "Domain": "가전",
    "MainCategory": "주방가전",
    "ProductName": "발뮤다 더 토스터 K05B 화이트",
    "ReviewScore": "5",
    "Syllable": "65",
    "Word": "14",
    "RDate": "20211119",
    "GeneralPolarity": "1",
    "Aspects": [
      {
        "Aspect": "디자인",
        "SentimentText": "지인 집들이 선물로 구매했는데 디자인이 고급스럽다며 너무 좋아하네요.",
        "SentimentWord": "8",
        "SentimentPolarity": "1"
      },
      {
        "Aspect": "제품구성",
        "SentimentText": "사은품으로 컵도 별도 챙겨주셔서 너무 좋았어요.",
        "SentimentWord": "6",
        "SentimentPolarity": "1"
      }
    ]
  },
  {
    "Index": "31139",
    "RawText": "다들 토스트기 치고는 왜이렇게 비싸냐고 하시는데 원래 사고싶었던 제품이라 가격 고민없이 구매했어요. 완전 만족스럽습니다. 토스트뿐 아니라 베이글, 바게트 등 다양한 종류의 빵을 갓 나온 빵처럼 먹을 수 있어 좋아요.",
    "Source": "쇼핑몰",
    "Domain": "가전",
    "MainCategory": "주방가전",
    "ProductName": "발뮤다 더 토스터 K05B 화이트",
    "ReviewScore": "5",
    "Syllable": "120",
    "Word": "29",
    "RDate": "20210816",
    "GeneralPolarity": "1",
    "Aspects": [
      {
        "Aspect": "가격",
        "SentimentText": "다들 토스트기 치고는 왜이렇게 비싸냐고 하시는데 원래 사고싶었던 제품이라 가격 고민없이 구매했어요. 완전 만족스럽습니다.",
        "SentimentWord": "14",
        "SentimentPolarity": "1"
      },
      {
        "Aspect": "기능",
        "SentimentText": "토스트뿐 아니라 베이글, 바게트 등 다양한 종류의 빵을 갓 나온 빵처럼 먹을 수 있어 좋아요.",
        "SentimentWord": "15",
        "SentimentPolarity": "1"
      }
    ]
  },
  {
    "Index": "31143",
    "RawText": "굉장히 좋은 기회에 할인도 받고 적립금 혜택까지 해서 너무 저렴하게 구매했어요 완전 좋아요! 그리고 사은품으로 주시는 컵과 트레이도 너무 예뻐요 만족스럽습니다 운이 좋았어요.",
    "Source": "쇼핑몰",
    "Domain": "가전",
    "MainCategory": "주방가전",
    "ProductName": "발뮤다 더 토스터 K05B 화이트",
    "ReviewScore": "5",
    "Syllable": "97",
    "Word": "23",
    "RDate": "20210419",
    "GeneralPolarity": "1",
    "Aspects": [
      {
        "Aspect": "가격",
        "SentimentText": "굉장히 좋은 기회에 할인도 받고 적립금 혜택까지 해서 너무 저렴하게 구매했어요 완전 좋아요!",
        "SentimentWord": "13",
        "SentimentPolarity": "1"
      },
      {
        "Aspect": "제품구성",
        "SentimentText": "그리고 사은품으로 주시는 컵과 트레이도 너무 예뻐요 만족스럽습니다 운이 좋았어요.",
        "SentimentWord": "10",
        "SentimentPolarity": "1"
      }
    ]
  },
  {
    "Index": "31144",
    "RawText": "화이트 블랙 고민중에 블랙으로 했는데 훨씬 고급스럽고 세련되서 컬러가 너무 예쁘네요.  전체적으로 높은 빵을 굽게되면 타게되서 사이즈 높이가 좀 높았으면 좋았겠다 라는 아쉬움이 있네요.",
    "Source": "쇼핑몰",
    "Domain": "가전",
    "MainCategory": "주방가전",
    "ProductName": "발뮤다 더 토스터 K05B 화이트",
    "ReviewScore": "5",
    "Syllable": "103",
    "Word": "24",
    "RDate": "20210625",
    "GeneralPolarity": "0",
    "Aspects": [
      {
        "Aspect": "색상",
        "SentimentText": "화이트 블랙 고민중에 블랙으로 했는데 훨씬 고급스럽고 세련되서 컬러가 너무 예쁘네요.",
        "SentimentWord": "11",
        "SentimentPolarity": "1"
      },
      {
        "Aspect": "사이즈",
        "SentimentText": "전체적으로 높은 빵을 굽게되면 타게되서 사이즈 높이가 좀 높았으면 좋았겠다 라는 아쉬움이 있네요.",
        "SentimentWord": "13",
        "SentimentPolarity": "-1"
      }
    ]
  },
  {
    "Index": "31148",
    "RawText": "디자인이 깔끔하고 이뻐서 너무 만족스러워요~ 아쉬운건 내부가 너무 작아서 큰 그릇은 못돌려요ㅠ",
    "Source": "쇼핑몰",
    "Domain": "가전",
    "MainCategory": "주방가전",
    "ProductName": "비스포크 삼성전자 MS23T5018 퓨어화이트",
    "ReviewScore": "5",
    "Syllable": "52",
    "Word": "12",
    "RDate": "20220226",
    "GeneralPolarity": "0",
    "Aspects": [
      {
        "Aspect": "디자인",
        "SentimentText": "디자인이 깔끔하고 이뻐서 너무 만족스러워요~ ",
        "SentimentWord": "5",
        "SentimentPolarity": "1"
      },
      {
        "Aspect": "용량",
        "SentimentText": " 아쉬운건 내부가 너무 작아서 큰 그릇은 못돌려요ㅠ",
        "SentimentWord": "7",
        "SentimentPolarity": "-1"
      }
    ]
  },
  {
    "Index": "31149",
    "RawText": "전자렌지 사용할때 소리가 너무 커서 시끄럽습니다 ㅠ 색상은 화이트라 주변기기랑 잘 어울려서 만족이요~",
    "Source": "쇼핑몰",
    "Domain": "가전",
    "MainCategory": "주방가전",
    "ProductName": "비스포크 삼성전자 MS23T5018 퓨어화이트",
    "ReviewScore": "5",
    "Syllable": "56",
    "Word": "13",
    "RDate": "20220220",
    "Aspects": [
      {
        "Aspect": "소음",
        "SentimentText": "전자렌지 사용할때 소리가 너무 커서 시끄럽습니다 ㅠ",
        "SentimentWord": "7",
        "SentimentPolarity": "-1"
      },
      {
        "Aspect": "색상",
        "SentimentText": "색상은 화이트라 주변기기랑 잘 어울려서 만족이요~",
        "SentimentWord": "6",
        "SentimentPolarity": "1"
      }
    ]
  },
  {
    "Index": "31150",
    "RawText": "기계음이 좀 많이 큰 게 단점이네요 ㅠ 디자인은 완전 깔끔하고 이뻐서 마음에 쏙 드네요!!",
    "Source": "쇼핑몰",
    "Domain": "가전",
    "MainCategory": "주방가전",
    "ProductName": "비스포크 삼성전자 MS23T5018 퓨어화이트",
    "ReviewScore": "5",
    "Syllable": "50",
    "Word": "14",
    "RDate": "20220223",
    "GeneralPolarity": "0",
    "Aspects": [
      {
        "Aspect": "소음",
        "SentimentText": "기계음이 좀 많이 큰 게 단점이네요 ㅠ",
        "SentimentWord": "7",
        "SentimentPolarity": "-1"
      },
      {
        "Aspect": "디자인",
        "SentimentText": "디자인은 완전 깔끔하고 이뻐서 마음에 쏙 드네요!! ",
        "SentimentWord": "7",
        "SentimentPolarity": "1"
      }
    ]
  },
  {
    "Index": "31151",
    "RawText": "디자인은 깔끔하고 이뻐서 좋습니다~ 그런데 소리가 왜 이렇게 큰 거죠 ㅠㅠ 밤에는 못돌리겠어요 별로에요.",
    "Source": "쇼핑몰",
    "Domain": "가전",
    "MainCategory": "주방가전",
    "ProductName": "비스포크 삼성전자 MS23T5018 퓨어화이트",
    "ReviewScore": "5",
    "Syllable": "58",
    "Word": "14",
    "RDate": "20211201",
    "GeneralPolarity": "0",
    "Aspects": [
      {
        "Aspect": "소음",
        "SentimentText": "소리가 왜 이렇게 큰 거죠 ㅠㅠ 밤에는 못돌리겠어요 별로에요 ",
        "SentimentWord": "9",
        "SentimentPolarity": "-1"
      },
      {
        "Aspect": "디자인",
        "SentimentText": "디자인은 깔끔하고 이뻐서 좋습니다~",
        "SentimentWord": "4",
        "SentimentPolarity": "1"
      }
    ]
  },
  {
    "Index": "31153",
    "RawText": "화이트색상이 마음에 들어서 구매했는데 컬러 너무 예쁘네요. 좋아요. 전체적으로 용량이 굉장히 작아서 빵 몇개 들어가지 않아 아쉬워요 큰빵은 아예 굽는것도 불가능할거 같아요.",
    "Source": "쇼핑몰",
    "Domain": "가전",
    "MainCategory": "주방가전",
    "ProductName": "비스포크 삼성전자 MS23T5018 퓨어화이트",
    "ReviewScore": "5",
    "Syllable": "96",
    "Word": "22",
    "RDate": "20220218",
    "GeneralPolarity": "0",
    "Aspects": [
      {
        "Aspect": "색상",
        "SentimentText": "화이트색상이 마음에 들어서 구매했는데 컬러 너무 예쁘네요. 좋아요.",
        "SentimentWord": "8",
        "SentimentPolarity": "1"
      },
      {
        "Aspect": "용량",
        "SentimentText": "전체적으로 용량이 굉장히 작아서 빵 몇개 들어가지 않아 아쉬워요 큰빵은 아예 굽는것도 불가능할거 같아요.",
        "SentimentWord": "14",
        "SentimentPolarity": "-1"
      }
    ]
  },
  {
    "Index": "31154",
    "RawText": "색도 화이트라 깔끔하고 이뻐요~!! 조잡하지 않고 간단한 기능만 있어서 사용하기 너무 좋습니다",
    "Source": "쇼핑몰",
    "Domain": "가전",
    "MainCategory": "주방가전",
    "ProductName": "비스포크 삼성전자 MS23T5018 퓨어화이트",
    "ReviewScore": "4",
    "Syllable": "52",
    "Word": "12",
    "RDate": "20220302",
    "GeneralPolarity": "1",
    "Aspects": [
      {
        "Aspect": "색상",
        "SentimentText": "색도 화이트라 깔끔하고 이뻐요~!! ",
        "SentimentWord": "4",
        "SentimentPolarity": "1"
      },
      {
        "Aspect": "기능",
        "SentimentText": "조잡하지 않고 간단한 기능만 있어서 사용하기 너무 좋습니다 ",
        "SentimentWord": "8",
        "SentimentPolarity": "1"
      }
    ]
  },
  {
    "Index": "31160",
    "RawText": "제품 색상이 화이트라서 주방 인테리어에 아주 잘 어울려서 만족합니다~ 그런데 제품 사용 시 소리가 많이 커서 별로에요",
    "Source": "쇼핑몰",
    "Domain": "가전",
    "MainCategory": "주방가전",
    "ProductName": "비스포크 삼성전자 MS23T5018 퓨어화이트",
    "ReviewScore": "5",
    "Syllable": "65",
    "Word": "17",
    "RDate": "20220705",
    "GeneralPolarity": "0",
    "Aspects": [
      {
        "Aspect": "색상",
        "SentimentText": "제품 색상이 화이트라서 주방 인테리어에 아주 잘 어울려서 만족합니다~",
        "SentimentWord": "9",
        "SentimentPolarity": "1"
      },
      {
        "Aspect": "소음",
        "SentimentText": "제품 사용 시 소리가 많이 커서 별로에요 ",
        "SentimentWord": "7",
        "SentimentPolarity": "-1"
      }
    ]
  },
  {
    "Index": "31161",
    "RawText": "필요한 기능만 딱 있으니깐 조잡하지 않고 좋네요 ^^ 디자인 세련되고 깔끔해서 마음에 들어요~",
    "Source": "쇼핑몰",
    "Domain": "가전",
    "MainCategory": "주방가전",
    "ProductName": "비스포크 삼성전자 MS23T5018 퓨어화이트",
    "ReviewScore": "5",
    "Syllable": "52",
    "Word": "13",
    "RDate": "20220107",
    "GeneralPolarity": "1",
    "Aspects": [
      {
        "Aspect": "디자인",
        "SentimentText": "디자인 세련되고 깔끔해서 마음에 들어요~",
        "SentimentWord": "5",
        "SentimentPolarity": "1"
      },
      {
        "Aspect": "기능",
        "SentimentText": "필요한 기능만 딱 있으니깐 조잡하지 않고 좋네요 ^^",
        "SentimentWord": "8",
        "SentimentPolarity": "1"
      }
    ]
  },
  {
    "Index": "31163",
    "RawText": "버튼이 터치식이라 깔끔해서 너무 좋네요!! 타이머도 있어서 보면서 요리하니까 너무 편리하네요~",
    "Source": "쇼핑몰",
    "Domain": "가전",
    "MainCategory": "주방가전",
    "ProductName": "비스포크 삼성전자 MS23T5018 퓨어화이트",
    "ReviewScore": "5",
    "Syllable": "52",
    "Word": "11",
    "RDate": "20220824",
    "GeneralPolarity": "1",
    "Aspects": [
      {
        "Aspect": "조작성",
        "SentimentText": "버튼이 터치식이라 깔끔해서 너무 좋네요!!",
        "SentimentWord": "5",
        "SentimentPolarity": "1"
      },
      {
        "Aspect": "편의성",
        "SentimentText": "타이머도 있어서 보면서 요리하니까 너무 편리하네요~",
        "SentimentWord": "6",
        "SentimentPolarity": "1"
      }
    ]
  },
  {
    "Index": "31165",
    "RawText": "데우는 기능이 짧아서 계속 버튼을 눌러야 하는데 번거로워요. 제품 사용할 때 소리도 커서 시끄러워요 ㅠ",
    "Source": "쇼핑몰",
    "Domain": "가전",
    "MainCategory": "주방가전",
    "ProductName": "비스포크 삼성전자 MS23T5018 퓨어화이트",
    "ReviewScore": "5",
    "Syllable": "57",
    "Word": "15",
    "RDate": "20211109",
    "GeneralPolarity": "-1",
    "Aspects": [
      {
        "Aspect": "기능",
        "SentimentText": "데우는 기능이 짧아서 계속 버튼을 눌러야 하는데 번거로워요. ",
        "SentimentWord": "8",
        "SentimentPolarity": "-1"
      },
      {
        "Aspect": "소음",
        "SentimentText": "제품 사용할 때 소리도 커서 시끄러워요 ㅠ",
        "SentimentWord": "7",
        "SentimentPolarity": "-1"
      }
    ]
  },
  {
    "Index": "31166",
    "RawText": "역시 전자제품은 ooo 믿고 구매합니다~!! 디자인도 너무 이쁘고 세련되서 마음에 쏙 듭니다.",
    "Source": "쇼핑몰",
    "Domain": "가전",
    "MainCategory": "주방가전",
    "ProductName": "비스포크 삼성전자 MS23T5018 퓨어화이트",
    "ReviewScore": "5",
    "Syllable": "52",
    "Word": "12",
    "RDate": "20220318",
    "GeneralPolarity": "1",
    "Aspects": [
      {
        "Aspect": "제조일/제조사",
        "SentimentText": "역시 전자제품은 ooo 믿고 구매합니다~!! ",
        "SentimentWord": "5",
        "SentimentPolarity": "1"
      },
      {
        "Aspect": "디자인",
        "SentimentText": "디자인도 너무 이쁘고 세련되서 마음에 쏙 듭니다.",
        "SentimentWord": "7",
        "SentimentPolarity": "1"
      }
    ]
  },
  {
    "Index": "31167",
    "RawText": "디자인 심플해서 주방 어디에 가져다 놔도 이쁘네요!! 오래 데우는 기능은 없어서 버튼을 계속 눌러야 하니 불편해요",
    "Source": "쇼핑몰",
    "Domain": "가전",
    "MainCategory": "주방가전",
    "ProductName": "비스포크 삼성전자 MS23T5018 퓨어화이트",
    "ReviewScore": "4",
    "Syllable": "63",
    "Word": "16",
    "RDate": "20220829",
    "GeneralPolarity": "0",
    "Aspects": [
      {
        "Aspect": "디자인",
        "SentimentText": "디자인 심플해서 주방 어디에 가져다 놔도 이쁘네요!! ",
        "SentimentWord": "7",
        "SentimentPolarity": "1"
      },
      {
        "Aspect": "조작성",
        "SentimentText": "오래 데우는 기능은 없어서 버튼을 계속 눌러야 하니 불편해요 ",
        "SentimentWord": "9",
        "SentimentPolarity": "-1"
      }
    ]
  },
  {
    "Index": "31172",
    "RawText": "내부가 생각보다 커서 마음에 들었습니다~ 다른 사이트보다 비싸게 구매해서 좀 속상하네요 ㅠ",
    "Source": "쇼핑몰",
    "Domain": "가전",
    "MainCategory": "주방가전",
    "ProductName": "비스포크 삼성전자 MS23T5018 퓨어화이트",
    "ReviewScore": "4",
    "Syllable": "50",
    "Word": "12",
    "RDate": "20220106",
    "GeneralPolarity": "0",
    "Aspects": [
      {
        "Aspect": "용량",
        "SentimentText": "내부가 생각보다 커서 마음에 들었습니다~",
        "SentimentWord": "5",
        "SentimentPolarity": "1"
      },
      {
        "Aspect": "가격",
        "SentimentText": "다른 사이트보다 비싸게 구매해서 좀 속상하네요 ㅠ",
        "SentimentWord": "7",
        "SentimentPolarity": "-1"
      }
    ]
  },
  {
    "Index": "31173",
    "RawText": "음식 데우는 기능이 현저히 떨어져서 별로에요;; 사용할때 소리도 너무 커서 반품 하고 싶네요 휴",
    "Source": "쇼핑몰",
    "Domain": "가전",
    "MainCategory": "주방가전",
    "ProductName": "비스포크 삼성전자 MS23T5018 퓨어화이트",
    "ReviewScore": "1",
    "Syllable": "53",
    "Word": "14",
    "RDate": "20220624",
    "GeneralPolarity": "-1",
    "Aspects": [
      {
        "Aspect": "기능",
        "SentimentText": "음식 데우는 기능이 현저히 떨어져서 별로에요;; ",
        "SentimentWord": "6",
        "SentimentPolarity": "-1"
      },
      {
        "Aspect": "소음",
        "SentimentText": "사용할때 소리도 너무 커서 반품 하고 싶네요 휴",
        "SentimentWord": "8",
        "SentimentPolarity": "-1"
      }
    ]
  },
  {
    "Index": "31174",
    "RawText": "디자인이 군더더기 없이 너무 깔끔하고 이뻐서 만족입니다~ 음식 데우는 기능도 아주 잘 되고 굿입니다~",
    "Source": "쇼핑몰",
    "Domain": "가전",
    "MainCategory": "주방가전",
    "ProductName": "비스포크 삼성전자 MS23T5018 퓨어화이트",
    "ReviewScore": "5",
    "Syllable": "56",
    "Word": "14",
    "RDate": "20220119",
    "GeneralPolarity": "1",
    "Aspects": [
      {
        "Aspect": "디자인",
        "SentimentText": "디자인이 군더더기 없이 너무 깔끔하고 이뻐서 만족입니다~",
        "SentimentWord": "7",
        "SentimentPolarity": "1"
      },
      {
        "Aspect": "기능",
        "SentimentText": "음식 데우는 기능도 아주 잘 되고 굿입니다~",
        "SentimentWord": "7",
        "SentimentPolarity": "1"
      }
    ]
  },
  {
    "Index": "31175",
    "RawText": "다른 사이트보다 저렴한 가격에 구매할 수 있어서 만족입니다! 색상도 하얀색이라 주방 가구랑 너무 잘 어울려서 좋아요",
    "Source": "쇼핑몰",
    "Domain": "가전",
    "MainCategory": "주방가전",
    "ProductName": "비스포크 삼성전자 MS23T5018 퓨어화이트",
    "ReviewScore": "4",
    "Syllable": "64",
    "Word": "16",
    "RDate": "20220706",
    "GeneralPolarity": "1",
    "Aspects": [
      {
        "Aspect": "가격",
        "SentimentText": "다른 사이트보다 저렴한 가격에 구매할 수 있어서 만족입니다!",
        "SentimentWord": "8",
        "SentimentPolarity": "1"
      },
      {
        "Aspect": "색상",
        "SentimentText": "색상도 하얀색이라 주방 가구랑 너무 잘 어울려서 좋아요",
        "SentimentWord": "8",
        "SentimentPolarity": "1"
      }
    ]
  },
  {
    "Index": "31176",
    "RawText": "기존 전자렌지와는 차원이 너무 다르네요. 출력온도가 좋아 음식이 골고루 익어서 마음에 쏙 듭니다. 가격대비 가성비 최고입니다.  설치 기사님들도 친절하게 잘 해주셨어요.",
    "Source": "쇼핑몰",
    "Domain": "가전",
    "MainCategory": "주방가전",
    "ProductName": "비스포크 삼성전자 MS23T5018 퓨어화이트",
    "ReviewScore": "5",
    "Syllable": "94",
    "Word": "21",
    "RDate": "20220318",
    "GeneralPolarity": "1",
    "Aspects": [
      {
        "Aspect": "기능",
        "SentimentText": "출력온도가 좋아 음식이 골고루 익어서 마음에 쏙 듭니다. ",
        "SentimentWord": "8",
        "SentimentPolarity": "1"
      },
      {
        "Aspect": "가격",
        "SentimentText": "가격대비 가성비 최고입니다. ",
        "SentimentWord": "3",
        "SentimentPolarity": "1"
      }
    ]
  },
  {
    "Index": "31177",
    "RawText": "외관이 깔끔해서 아주 마음에 듭니다^^ 다만 제품 사용 시 소음이 많이 크네요,.. 이점은 아쉽습니다",
    "Source": "쇼핑몰",
    "Domain": "가전",
    "MainCategory": "주방가전",
    "ProductName": "비스포크 삼성전자 MS23T5018 퓨어화이트",
    "ReviewScore": "4",
    "Syllable": "56",
    "Word": "14",
    "RDate": "20220706",
    "GeneralPolarity": "0",
    "Aspects": [
      {
        "Aspect": "디자인",
        "SentimentText": "외관이 깔끔해서 아주 마음에 듭니다^^",
        "SentimentWord": "5",
        "SentimentPolarity": "1"
      },
      {
        "Aspect": "소음",
        "SentimentText": "다만 제품 사용 시 소음이 많이 크네요,.. 이점은 아쉽습니다",
        "SentimentWord": "9",
        "SentimentPolarity": "-1"
      }
    ]
  },
  {
    "Index": "31178",
    "RawText": "화이트 컬러감이 깨끗하고 깔끔해 보여요 ^^  심플한 디자인 제가 본 전자레인지 중 제일 이쁘네요~^^",
    "Source": "쇼핑몰",
    "Domain": "가전",
    "MainCategory": "주방가전",
    "ProductName": "비스포크 삼성전자 MS23T5018 퓨어화이트",
    "ReviewScore": "5",
    "Syllable": "57",
    "Word": "14",
    "RDate": "20220215",
    "GeneralPolarity": "1",
    "Aspects": [
      {
        "Aspect": "색상",
        "SentimentText": "화이트 컬러감이 깨끗하고 깔끔해 보여요 ^^ ",
        "SentimentWord": "6",
        "SentimentPolarity": "1"
      },
      {
        "Aspect": "디자인",
        "SentimentText": "심플한 디자인 제가 본 전자레인지 중 제일 이쁘네요~^^ ",
        "SentimentWord": "8",
        "SentimentPolarity": "1"
      }
    ]
  },
  {
    "Index": "31180",
    "RawText": "버튼 누를 때 소리가 많이 커서 밤에 사용하기 별로에요; 디자인은 깔끔하고 너무 이뻐서 만족합니다",
    "Source": "쇼핑몰",
    "Domain": "가전",
    "MainCategory": "주방가전",
    "ProductName": "비스포크 삼성전자 MS23T5018 퓨어화이트",
    "ReviewScore": "5",
    "Syllable": "54",
    "Word": "14",
    "RDate": "20220302",
    "GeneralPolarity": "0",
    "Aspects": [
      {
        "Aspect": "소음",
        "SentimentText": "버튼 누를 때 소리가 많이 커서 밤에 사용하기 별로에요;",
        "SentimentWord": "9",
        "SentimentPolarity": "-1"
      },
      {
        "Aspect": "디자인",
        "SentimentText": "디자인은 깔끔하고 너무 이뻐서 만족합니다",
        "SentimentWord": "5",
        "SentimentPolarity": "1"
      }
    ]
  },
  {
    "Index": "31181",
    "RawText": "색상 이렇게 깔끔하게 잘 나 올 수 있을까요!  기능도 기본에 충실한 제품 이라서 잘 쓰고 있습니다. 청소까지  간편합니다",
    "Source": "쇼핑몰",
    "Domain": "가전",
    "MainCategory": "주방가전",
    "ProductName": "비스포크 삼성전자 MS23T5018 퓨어화이트",
    "ReviewScore": "5",
    "Syllable": "68",
    "Word": "18",
    "RDate": "20220106",
    "GeneralPolarity": "1",
    "Aspects": [
      {
        "Aspect": "색상",
        "SentimentText": "색상 이렇게 깔끔하게 잘 나 올 수 있을까요! ",
        "SentimentWord": "8",
        "SentimentPolarity": "1"
      },
      {
        "Aspect": "기능",
        "SentimentText": "기능도 기본에 충실한 제품 이라서 잘 쓰고 있습니다.",
        "SentimentWord": "8",
        "SentimentPolarity": "1"
      },
      {
        "Aspect": "편의성",
        "SentimentText": "청소까지  간편합니다 ",
        "SentimentWord": "2",
        "SentimentPolarity": "1"
      }
    ]
  },
  {
    "Index": "31182",
    "RawText": "사용할때 소리가 너무 커서 거슬립니다; 디자인은 깨끗하고 너무 이뻐서 만족해요",
    "Source": "쇼핑몰",
    "Domain": "가전",
    "MainCategory": "주방가전",
    "ProductName": "비스포크 삼성전자 MS23T5018 퓨어화이트",
    "ReviewScore": "5",
    "Syllable": "43",
    "Word": "10",
    "RDate": "20211219",
    "GeneralPolarity": "0",
    "Aspects": [
      {
        "Aspect": "소음",
        "SentimentText": "사용할때 소리가 너무 커서 거슬립니다;",
        "SentimentWord": "5",
        "SentimentPolarity": "-1"
      },
      {
        "Aspect": "디자인",
        "SentimentText": "디자인은 깨끗하고 너무 이뻐서 만족해요",
        "SentimentWord": "5",
        "SentimentPolarity": "1"
      }
    ]
  },
  {
    "Index": "31183",
    "RawText": "디자인은 이쁘고 깔끔해서 너무 만족스럽습니다. 그런데 전자렌지 내부에 쓸데없이 종이가 왜 붙어 있는건지... ? 떼느라고 엄청 고생하고 불편했어요",
    "Source": "쇼핑몰",
    "Domain": "가전",
    "MainCategory": "주방가전",
    "ProductName": "비스포크 삼성전자 MS23T5018 퓨어화이트",
    "ReviewScore": "1",
    "Syllable": "81",
    "Word": "18",
    "RDate": "20220106",
    "GeneralPolarity": "0",
    "Aspects": [
      {
        "Aspect": "디자인",
        "SentimentText": "디자인은 이쁘고 깔끔해서 너무 만족스럽습니다.",
        "SentimentWord": "5",
        "SentimentPolarity": "1"
      },
      {
        "Aspect": "편의성",
        "SentimentText": "전자렌지 내부에 쓸데없이 종이가 왜 붙어 있는건지... ? 떼느라고 엄청 고생하고 불편했어요 ",
        "SentimentWord": "12",
        "SentimentPolarity": "-1"
      }
    ]
  },
  {
    "Index": "31184",
    "RawText": "자취하는 동생에게 선물로 보냈습니다. 기능이 다양해서 요리하기 좋다고 하네요~^^ 디자인에 깔끔하고 고급스러워 만족한다고 합니다~^^ 완전 강추드림요~^^",
    "Source": "쇼핑몰",
    "Domain": "가전",
    "MainCategory": "주방가전",
    "ProductName": "비스포크 삼성전자 MS23T5018 퓨어화이트",
    "ReviewScore": "5",
    "Syllable": "86",
    "Word": "16",
    "RDate": "20211220",
    "GeneralPolarity": "1",
    "Aspects": [
      {
        "Aspect": "기능",
        "SentimentText": "기능이 다양해서 요리하기 좋다고 하네요~^^",
        "SentimentWord": "5",
        "SentimentPolarity": "1"
      },
      {
        "Aspect": "디자인",
        "SentimentText": "디자인에 깔끔하고 고급스러워 만족한다고 합니다~^^ 완전 강추드림요~^^",
        "SentimentWord": "7",
        "SentimentPolarity": "1"
      }
    ]
  },
  {
    "Index": "31185",
    "RawText": "전자레인지 기능 말고는 사용하지 않지만 기본 충실해서 좋아요, 그리고 색상 컬러가 너무 예뻐서 주방이 화사해져서 좋아요.",
    "Source": "쇼핑몰",
    "Domain": "가전",
    "MainCategory": "주방가전",
    "ProductName": "비스포크 삼성전자 MS23T5018 퓨어화이트",
    "ReviewScore": "5",
    "Syllable": "67",
    "Word": "16",
    "RDate": "20211116",
    "GeneralPolarity": "1",
    "Aspects": [
      {
        "Aspect": "기능",
        "SentimentText": "전자레인지 기능 말고는 사용하지 않지만 기본 충실해서 좋아요,",
        "SentimentWord": "8",
        "SentimentPolarity": "1"
      },
      {
        "Aspect": "색상",
        "SentimentText": "그리고 색상 컬러가 너무 예뻐서 주방이 화사해져서 좋아요.",
        "SentimentWord": "8",
        "SentimentPolarity": "1"
      }
    ]
  },
  {
    "Index": "31186",
    "RawText": "디자인이 깔끔하고 외부 마감도 잘되어 있어 부드럽고 마음에 들어요. ㅇ아쉬운점이 있다면 도어를 열때 손잡이 집기가 불편해요  그거 말고는 그럭저럭 만족합니다.",
    "Source": "쇼핑몰",
    "Domain": "가전",
    "MainCategory": "주방가전",
    "ProductName": "비스포크 삼성전자 MS23T5018 퓨어화이트",
    "ReviewScore": "5",
    "Syllable": "88",
    "Word": "20",
    "RDate": "20220130",
    "GeneralPolarity": "1",
    "Aspects": [
      {
        "Aspect": "디자인",
        "SentimentText": "디자인이 깔끔하고 외부 마감도 잘되어 있어 부드럽고 마음에 들어요. ",
        "SentimentWord": "9",
        "SentimentPolarity": "1"
      },
      {
        "Aspect": "품질",
        "SentimentText": "외부 마감도 잘되어 있어 부드럽고 마음에 들어요. ",
        "SentimentWord": "7",
        "SentimentPolarity": "1"
      }
    ]
  },
  {
    "Index": "31188",
    "RawText": "배송 빨라 놀랬습니다! 최저가 비교 해 본 결과 여기가 제일 저렴한 것 같아 구매 했습니다.^^ 무게감이 없어 자꾸 앞으로 딸려와서 쓰기 불편해요",
    "Source": "쇼핑몰",
    "Domain": "가전",
    "MainCategory": "주방가전",
    "ProductName": "비스포크 삼성전자 MS23T5018 퓨어화이트",
    "ReviewScore": "5",
    "Syllable": "81",
    "Word": "22",
    "RDate": "20220131",
    "GeneralPolarity": "0",
    "Aspects": [
      {
        "Aspect": "가격",
        "SentimentText": " 최저가 비교 해 본 결과 여기가 제일 저렴한 것 같아 구매 했습니다.^^ ",
        "SentimentWord": "12",
        "SentimentPolarity": "1"
      },
      {
        "Aspect": "무게",
        "SentimentText": "무게감이 없어 자꾸 앞으로 딸려와서 쓰기 불편해요 ",
        "SentimentWord": "7",
        "SentimentPolarity": "-1"
      }
    ]
  },
  {
    "Index": "31189",
    "RawText": "전자레인지가 청소하기도 편해서 너무 좋아요. 그리고 오프라인으로 보고난 뒤 디자인에 반해서 샀네요 너무 예뻐요.",
    "Source": "쇼핑몰",
    "Domain": "가전",
    "MainCategory": "주방가전",
    "ProductName": "비스포크 삼성전자 MS23T5018 퓨어화이트",
    "ReviewScore": "5",
    "Syllable": "62",
    "Word": "14",
    "RDate": "20220212",
    "GeneralPolarity": "1",
    "Aspects": [
      {
        "Aspect": "편의성",
        "SentimentText": "전자레인지가 청소하기도 편해서 너무 좋아요. ",
        "SentimentWord": "5",
        "SentimentPolarity": "1"
      },
      {
        "Aspect": "디자인",
        "SentimentText": "그리고 오프라인으로 보고난 뒤 디자인에 반해서 샀네요 너무 예뻐요.",
        "SentimentWord": "9",
        "SentimentPolarity": "1"
      }
    ]
  },
  {
    "Index": "31190",
    "RawText": "전자레인지 사용을 할때 모드를 일일히 버튼 눌러서 작동해야해서 불편합니다. 디자인은 깔끔해서 마음에 들어요.",
    "Source": "쇼핑몰",
    "Domain": "가전",
    "MainCategory": "주방가전",
    "ProductName": "비스포크 삼성전자 MS23T5018 퓨어화이트",
    "ReviewScore": "5",
    "Syllable": "60",
    "Word": "13",
    "RDate": "20220427",
    "GeneralPolarity": "0",
    "Aspects": [
      {
        "Aspect": "기능",
        "SentimentText": "전자레인지 사용을 할때 모드를 일일히 버튼 눌러서 작동해야해서 불편합니다.",
        "SentimentWord": "9",
        "SentimentPolarity": "-1"
      },
      {
        "Aspect": "디자인",
        "SentimentText": "디자인은 깔끔해서 마음에 들어요.",
        "SentimentWord": "4",
        "SentimentPolarity": "1"
      }
    ]
  },
  {
    "Index": "31191",
    "RawText": "버튼 소리가 너무 크게 나서 거슬리고 불편합니다. 외관은 깨끗하고 이뻐서 마음에 들어요~",
    "Source": "쇼핑몰",
    "Domain": "가전",
    "MainCategory": "주방가전",
    "ProductName": "비스포크 삼성전자 MS23T5018 퓨어화이트",
    "ReviewScore": "5",
    "Syllable": "49",
    "Word": "12",
    "RDate": "20220513",
    "GeneralPolarity": "0",
    "Aspects": [
      {
        "Aspect": "소음",
        "SentimentText": "버튼 소리가 너무 크게 나서 거슬리고 불편합니다. ",
        "SentimentWord": "7",
        "SentimentPolarity": "-1"
      },
      {
        "Aspect": "디자인",
        "SentimentText": "외관은 깨끗하고 이뻐서 마음에 들어요~",
        "SentimentWord": "5",
        "SentimentPolarity": "1"
      }
    ]
  },
  {
    "Index": "31192",
    "RawText": "소리가 너무 커서 밤에 돌리다간 가족들 잠에서 다 깰 것 같아요.. 별로입니다; 디자인은 깔끔하고 예뻐서 마음에 듭니다. 그런데 조작버튼이 초 단위밖에 없어서 불편합니다;",
    "Source": "쇼핑몰",
    "Domain": "가전",
    "MainCategory": "주방가전",
    "ProductName": "비스포크 삼성전자 MS23T5018 퓨어화이트",
    "ReviewScore": "5",
    "Syllable": "95",
    "Word": "23",
    "RDate": "20220222",
    "GeneralPolarity": "-1",
    "Aspects": [
      {
        "Aspect": "소음",
        "SentimentText": "소리가 너무 커서 밤에 돌리다간 가족들 잠에서 다 깰 것 같아요.. ",
        "SentimentWord": "11",
        "SentimentPolarity": "-1"
      },
      {
        "Aspect": "디자인",
        "SentimentText": "디자인은 깔끔하고 예뻐서 마음에 듭니다. ",
        "SentimentWord": "5",
        "SentimentPolarity": "1"
      },
      {
        "Aspect": "조작성",
        "SentimentText": "조작버튼이 초 단위밖에 없어서 불편합니다;",
        "SentimentWord": "5",
        "SentimentPolarity": "-1"
      }
    ]
  },
  {
    "Index": "31193",
    "RawText": "구매한 상품 깔끔한 디자인 제가 좋아하는 스타일입니다! 탈취 기능이 있는 성능이 좋아 냄새가 안 나요! 전에 쓰던 제품보다 관리도 쉽게 할 수 있어 더 자주 사용할 것 같아요~",
    "Source": "쇼핑몰",
    "Domain": "가전",
    "MainCategory": "주방가전",
    "ProductName": "비스포크 삼성전자 MS23T5018 퓨어화이트",
    "ReviewScore": "5",
    "Syllable": "98",
    "Word": "28",
    "RDate": "20220524",
    "GeneralPolarity": "1",
    "Aspects": [
      {
        "Aspect": "디자인",
        "SentimentText": "구매한 상품 깔끔한 디자인 제가 좋아하는 스타일입니다! ",
        "SentimentWord": "7",
        "SentimentPolarity": "1"
      },
      {
        "Aspect": "기능",
        "SentimentText": "탈취 기능이 있는 성능이 좋아 냄새가 안 나요! ",
        "SentimentWord": "8",
        "SentimentPolarity": "1"
      },
      {
        "Aspect": "편의성",
        "SentimentText": "전에 쓰던 제품보다 관리도 쉽게 할 수 있어 더 자주 사용할 것 같아요~",
        "SentimentWord": "13",
        "SentimentPolarity": "1"
      }
    ]
  },
  {
    "Index": "31194",
    "RawText": "디자인 역시 심플하고 좋아요. 아주 예뻐요.  상위모델은 소리OFF기능이 있던데 이제품은 굉장히 알림음 및 소리가 커서 깜짝놀랬네요.",
    "Source": "쇼핑몰",
    "Domain": "가전",
    "MainCategory": "주방가전",
    "ProductName": "비스포크 삼성전자 MS23T5018 퓨어화이트",
    "ReviewScore": "5",
    "Syllable": "74",
    "Word": "16",
    "RDate": "20220222",
    "GeneralPolarity": "0",
    "Aspects": [
      {
        "Aspect": "디자인",
        "SentimentText": "디자인 역시 심플하고 좋아요. 아주 예뻐요.",
        "SentimentWord": "6",
        "SentimentPolarity": "1"
      },
      {
        "Aspect": "기능",
        "SentimentText": " 상위모델은 소리OFF기능이 있던데 이제품은 굉장히 알림음 및 소리가 커서 깜짝놀랬네요. ",
        "SentimentWord": "10",
        "SentimentPolarity": "-1"
      }
    ]
  },
  {
    "Index": "31195",
    "RawText": "다른 사이트에서 파는 것 보다 저렴하게 구매해서 만족이요~ 사이즈가 아담해서 주방에 너무 잘 어울리고, 디자인도 깔끔하니 만족스럽네요",
    "Source": "쇼핑몰",
    "Domain": "가전",
    "MainCategory": "주방가전",
    "ProductName": "비스포크 삼성전자 MS23T5018 퓨어화이트",
    "ReviewScore": "5",
    "Syllable": "74",
    "Word": "17",
    "RDate": "20211107",
    "GeneralPolarity": "1",
    "Aspects": [
      {
        "Aspect": "가격",
        "SentimentText": "다른 사이트에서 파는 것 보다 저렴하게 구매해서 만족이요~",
        "SentimentWord": "8",
        "SentimentPolarity": "1"
      },
      {
        "Aspect": "사이즈",
        "SentimentText": "사이즈가 아담해서 주방에 너무 잘 어울리고, ",
        "SentimentWord": "6",
        "SentimentPolarity": "1"
      },
      {
        "Aspect": "디자인",
        "SentimentText": "디자인도 깔끔하니 만족스럽네요",
        "SentimentWord": "3",
        "SentimentPolarity": "1"
      }
    ]
  },
  {
    "Index": "31196",
    "RawText": "성능이 좋아서 음식이 빨리 데워지니 만족합니다. 디자인도 아주 깔끔하고 세련돼서 마음에 쏙 듭니다!",
    "Source": "쇼핑몰",
    "Domain": "가전",
    "MainCategory": "주방가전",
    "ProductName": "비스포크 삼성전자 MS23T5018 퓨어화이트",
    "ReviewScore": "5",
    "Syllable": "55",
    "Word": "13",
    "RDate": "20220624",
    "GeneralPolarity": "1",
    "Aspects": [
      {
        "Aspect": "기능",
        "SentimentText": "성능이 좋아서 음식이 빨리 데워지니 만족합니다.",
        "SentimentWord": "6",
        "SentimentPolarity": "1"
      },
      {
        "Aspect": "디자인",
        "SentimentText": "디자인도 아주 깔끔하고 세련돼서 마음에 쏙 듭니다!",
        "SentimentWord": "7",
        "SentimentPolarity": "1"
      }
    ]
  },
  {
    "Index": "31197",
    "RawText": "할인 행사때 구매! 저렴한 가격에 살 수 있어서 넘 좋아요~ 디자인도 너무 이뻐서 집 인테리어랑 잘 어울리고 최고에요^^",
    "Source": "쇼핑몰",
    "Domain": "가전",
    "MainCategory": "주방가전",
    "ProductName": "비스포크 삼성전자 MS23T5018 퓨어화이트",
    "ReviewScore": "5",
    "Syllable": "67",
    "Word": "18",
    "RDate": "20211211",
    "GeneralPolarity": "1",
    "Aspects": [
      {
        "Aspect": "가격",
        "SentimentText": "할인 행사때 구매! 저렴한 가격에 살 수 있어서 넘 좋아요~",
        "SentimentWord": "10",
        "SentimentPolarity": "1"
      },
      {
        "Aspect": "디자인",
        "SentimentText": "디자인도 너무 이뻐서 집 인테리어랑 잘 어울리고 최고에요^^",
        "SentimentWord": "8",
        "SentimentPolarity": "1"
      }
    ]
  },
  {
    "Index": "31198",
    "RawText": "음식 데우는 기능이 너무 약해서 별로에요 ㅠㅠ 디자인은 예쁘고 세련돼서 마음에 듭니다",
    "Source": "쇼핑몰",
    "Domain": "가전",
    "MainCategory": "주방가전",
    "ProductName": "비스포크 삼성전자 MS23T5018 퓨어화이트",
    "ReviewScore": "4",
    "Syllable": "47",
    "Word": "12",
    "RDate": "20220310",
    "GeneralPolarity": "0",
    "Aspects": [
      {
        "Aspect": "기능",
        "SentimentText": "음식 데우는 기능이 너무 약해서 별로에요 ㅠㅠ",
        "SentimentWord": "7",
        "SentimentPolarity": "-1"
      },
      {
        "Aspect": "디자인",
        "SentimentText": "디자인은 예쁘고 세련돼서 마음에 듭니다",
        "SentimentWord": "5",
        "SentimentPolarity": "1"
      }
    ]
  },
  {
    "Index": "31199",
    "RawText": "디자인은 깔끔하고 고급스러워서 만족해요. 메뉴를 레인지 버튼을 무조건 눌러서 작동시킬 수 있는게 불편해요.",
    "Source": "쇼핑몰",
    "Domain": "가전",
    "MainCategory": "주방가전",
    "ProductName": "비스포크 삼성전자 MS23T5018 퓨어화이트",
    "ReviewScore": "5",
    "Syllable": "59",
    "Word": "13",
    "RDate": "20211117",
    "GeneralPolarity": "0",
    "Aspects": [
      {
        "Aspect": "디자인",
        "SentimentText": "디자인은 깔끔하고 고급스러워서 만족해요.",
        "SentimentWord": "4",
        "SentimentPolarity": "1"
      },
      {
        "Aspect": "조작성",
        "SentimentText": "메뉴를 레인지 버튼을 무조건 눌러서 작동시킬 수 있는게 불편해요.",
        "SentimentWord": "9",
        "SentimentPolarity": "-1"
      }
    ]
  },
  {
    "Index": "31200",
    "RawText": "정말 깨끗하니 디자인 이쁘네요. 조작 방법이 터치식이라서 좀 미숙합니다. 그리고 문쪽에 번호 같은 게 쓰여있는데 글씨가 작아 잘 안 보여 엄청 불편합니다",
    "Source": "쇼핑몰",
    "Domain": "가전",
    "MainCategory": "주방가전",
    "ProductName": "비스포크 삼성전자 MS23T5018 퓨어화이트",
    "ReviewScore": "4",
    "Syllable": "85",
    "Word": "22",
    "RDate": "20220118",
    "GeneralPolarity": "-1",
    "Aspects": [
      {
        "Aspect": "디자인",
        "SentimentText": "정말 깨끗하니 디자인 이쁘네요. ",
        "SentimentWord": "4",
        "SentimentPolarity": "1"
      },
      {
        "Aspect": "조작성",
        "SentimentText": "조작 방법이 터치식이라서 좀 미숙합니다. ",
        "SentimentWord": "5",
        "SentimentPolarity": "-1"
      },
      {
        "Aspect": "편의성",
        "SentimentText": "문쪽에 번호 같은 게 쓰여있는데 글씨가 작아 잘 안 보여 엄청 불편합니다",
        "SentimentWord": "12",
        "SentimentPolarity": "-1"
      }
    ]
  },
  {
    "Index": "31201",
    "RawText": "디자인은 예쁘게 잘 나와서 만족해요 근데 작동시 소음이 너무커서 불편해요.. ㅠㅠ 아주많이요",
    "Source": "쇼핑몰",
    "Domain": "가전",
    "MainCategory": "주방가전",
    "ProductName": "비스포크 삼성전자 MS23T5018 퓨어화이트",
    "ReviewScore": "4",
    "Syllable": "51",
    "Word": "12",
    "RDate": "20211108",
    "GeneralPolarity": "0",
    "Aspects": [
      {
        "Aspect": "디자인",
        "SentimentText": "디자인은 예쁘게 잘 나와서 만족해요",
        "SentimentWord": "5",
        "SentimentPolarity": "1"
      },
      {
        "Aspect": "소음",
        "SentimentText": "작동시 소음이 너무커서 불편해요.. ㅠㅠ 아주많이요",
        "SentimentWord": "6",
        "SentimentPolarity": "-1"
      }
    ]
  },
  {
    "Index": "31202",
    "RawText": "할인 해서 좋은 가격으로 득템했네요~ 짱~ 디자인 진짜 이뻐요 주방이 화사해졌어요~ 굿",
    "Source": "쇼핑몰",
    "Domain": "가전",
    "MainCategory": "주방가전",
    "ProductName": "비스포크 삼성전자 MS23T5018 퓨어화이트",
    "ReviewScore": "5",
    "Syllable": "48",
    "Word": "12",
    "RDate": "20220217",
    "GeneralPolarity": "1",
    "Aspects": [
      {
        "Aspect": "가격",
        "SentimentText": "할인 해서 좋은 가격으로 득템했네요~ 짱~",
        "SentimentWord": "6",
        "SentimentPolarity": "1"
      },
      {
        "Aspect": "디자인",
        "SentimentText": "디자인 진짜 이뻐요 주방이 화사해졌어요~ 굿",
        "SentimentWord": "6",
        "SentimentPolarity": "1"
      }
    ]
  },
  {
    "Index": "31203",
    "RawText": "전자렌지 무게가 가벼워서 문을 열고 닫을 때 밑이 들려서 별로에요.  디자인은 심플해서 주방이랑 잘 어울리고, 버튼도 터치식이라 잘 눌리고 좋네요~",
    "Source": "쇼핑몰",
    "Domain": "가전",
    "MainCategory": "주방가전",
    "ProductName": "비스포크 삼성전자 MS23T5018 퓨어화이트",
    "ReviewScore": "4",
    "Syllable": "82",
    "Word": "20",
    "RDate": "20211117",
    "GeneralPolarity": "0",
    "Aspects": [
      {
        "Aspect": "무게",
        "SentimentText": "전자렌지 무게가 가벼워서 문을 열고 닫을 때 밑이 들려서 별로에요.  ",
        "SentimentWord": "10",
        "SentimentPolarity": "-1"
      },
      {
        "Aspect": "디자인",
        "SentimentText": "디자인은 심플해서 주방이랑 잘 어울리고,",
        "SentimentWord": "5",
        "SentimentPolarity": "1"
      },
      {
        "Aspect": "조작성",
        "SentimentText": "버튼도 터치식이라 잘 눌리고 좋네요~",
        "SentimentWord": "5",
        "SentimentPolarity": "1"
      }
    ]
  },
  {
    "Index": "31204",
    "RawText": "디자인은 심플하니 정말 예뻐서 좋아요. 블랙으로 하려다가 깔끔한 색상으로 했는데 맘에 들게 잘샀어요. 기능은 다른제품과 별차이를 모르겠어요. 그냥 그래요",
    "Source": "쇼핑몰",
    "Domain": "가전",
    "MainCategory": "주방가전",
    "ProductName": "비스포크 삼성전자 MS23T5018 퓨어화이트",
    "ReviewScore": "5",
    "Syllable": "85",
    "Word": "19",
    "RDate": "20211110",
    "GeneralPolarity": "0",
    "Aspects": [
      {
        "Aspect": "디자인",
        "SentimentText": "디자인은 심플하니 정말 예뻐서 좋아요. ",
        "SentimentWord": "5",
        "SentimentPolarity": "1"
      },
      {
        "Aspect": "색상",
        "SentimentText": "깔끔한 색상으로 했는데 맘에 들게 잘샀어요. ",
        "SentimentWord": "6",
        "SentimentPolarity": "1"
      },
      {
        "Aspect": "기능",
        "SentimentText": "기능은 다른제품과 별차이를 모르겠어요. 그냥 그래요",
        "SentimentWord": "6",
        "SentimentPolarity": "0"
      }
    ]
  },
  {
    "Index": "31206",
    "RawText": "시간 조절 기능이 안돼서 너무 불편합니다. 제품 사용할때 소음도 커서 밤에 돌리기는 어려울 거 같아서 별로에요 ㅠ",
    "Source": "쇼핑몰",
    "Domain": "가전",
    "MainCategory": "주방가전",
    "ProductName": "비스포크 삼성전자 MS23T5018 퓨어화이트",
    "ReviewScore": "4",
    "Syllable": "63",
    "Word": "17",
    "RDate": "20211107",
    "GeneralPolarity": "-1",
    "Aspects": [
      {
        "Aspect": "기능",
        "SentimentText": "시간 조절 기능이 안돼서 너무 불편합니다.",
        "SentimentWord": "6",
        "SentimentPolarity": "-1"
      },
      {
        "Aspect": "소음",
        "SentimentText": "제품 사용할때 소음도 커서 밤에 돌리기는 어려울 거 같아서 별로에요 ㅠ",
        "SentimentWord": "11",
        "SentimentPolarity": "-1"
      }
    ]
  },
  {
    "Index": "31208",
    "RawText": "이벤트 쿠폰 할인 받아 저렴한 금액으로 구입 했습니다. 조리할때 내부가 보여서 사용하기 너무나 편합니다",
    "Source": "쇼핑몰",
    "Domain": "가전",
    "MainCategory": "주방가전",
    "ProductName": "비스포크 삼성전자 MS23T5018 퓨어화이트",
    "ReviewScore": "5",
    "Syllable": "57",
    "Word": "14",
    "RDate": "20220216",
    "GeneralPolarity": "1",
    "Aspects": [
      {
        "Aspect": "가격",
        "SentimentText": "이벤트 쿠폰 할인 받아 저렴한 금액으로 구입 했습니다",
        "SentimentWord": "8",
        "SentimentPolarity": "1"
      },
      {
        "Aspect": "편의성",
        "SentimentText": " 조리할때 내부가 보여서 사용하기 너무나 편합니다 ",
        "SentimentWord": "6",
        "SentimentPolarity": "1"
      }
    ]
  },
  {
    "Index": "31209",
    "RawText": "해동 기능을 쓰면 잘 녹아서 너무 좋습니다~ 다만 제품 쓸 때 소리가 많이 커서 깜짝 깜짝 놀라요 ㅠ",
    "Source": "쇼핑몰",
    "Domain": "가전",
    "MainCategory": "주방가전",
    "ProductName": "비스포크 삼성전자 MS23T5018 퓨어화이트",
    "ReviewScore": "5",
    "Syllable": "56",
    "Word": "18",
    "RDate": "20220506",
    "GeneralPolarity": "0",
    "Aspects": [
      {
        "Aspect": "기능",
        "SentimentText": "해동 기능을 쓰면 잘 녹아서 너무 좋습니다~",
        "SentimentWord": "7",
        "SentimentPolarity": "1"
      },
      {
        "Aspect": "소음",
        "SentimentText": "제품 쓸 때 소리가 많이 커서 깜짝 깜짝 놀라요 ㅠ",
        "SentimentWord": "10",
        "SentimentPolarity": "-1"
      }
    ]
  },
  {
    "Index": "31210",
    "RawText": "디자인 깔끔하고 예뻐서 너무 마음에 듭니다~ 내부가 생각했던 거 보다 좁아서 큰 그릇 쓰기에는 별로 입니다..",
    "Source": "쇼핑몰",
    "Domain": "가전",
    "MainCategory": "주방가전",
    "ProductName": "비스포크 삼성전자 MS23T5018 퓨어화이트",
    "ReviewScore": "5",
    "Syllable": "61",
    "Word": "16",
    "RDate": "20220620",
    "GeneralPolarity": "0",
    "Aspects": [
      {
        "Aspect": "디자인",
        "SentimentText": "디자인 깔끔하고 예뻐서 너무 마음에 듭니다~",
        "SentimentWord": "6",
        "SentimentPolarity": "1"
      },
      {
        "Aspect": "용량",
        "SentimentText": "내부가 생각했던 거 보다 좁아서 큰 그릇 쓰기에는 별로 입니다..",
        "SentimentWord": "10",
        "SentimentPolarity": "-1"
      }
    ]
  },
  {
    "Index": "31218",
    "RawText": "소재가 약한건지 받아보니까 상판이 다 찌그러져서 왔네요 짜증 납니다. 사용하기만 하면 소리도 너무 크고 반품 하고싶네요 휴",
    "Source": "쇼핑몰",
    "Domain": "가전",
    "MainCategory": "주방가전",
    "ProductName": "비스포크 삼성전자 MS23T5018 퓨어화이트",
    "ReviewScore": "3",
    "Syllable": "68",
    "Word": "17",
    "RDate": "20220327",
    "GeneralPolarity": "-1",
    "Aspects": [
      {
        "Aspect": "소재",
        "SentimentText": "소재가 약한건지 받아보니까 상판이 다 찌그러져서 왔네요 짜증 납니다. ",
        "SentimentWord": "9",
        "SentimentPolarity": "-1"
      },
      {
        "Aspect": "소음",
        "SentimentText": "사용하기만 하면 소리도 너무 크고 반품 하고 싶네요 휴",
        "SentimentWord": "9",
        "SentimentPolarity": "-1"
      }
    ]
  },
  {
    "Index": "31219",
    "RawText": "배송은 빠르게 잘 받았습니다. 디자인도 만족스럽게 예쁩니다. 출력쎄기 성능도 좋구요. 000이라 믿고 구매했습니다.",
    "Source": "쇼핑몰",
    "Domain": "가전",
    "MainCategory": "주방가전",
    "ProductName": "비스포크 삼성전자 MS23T5018 퓨어화이트",
    "ReviewScore": "5",
    "Syllable": "64",
    "Word": "13",
    "RDate": "20220118",
    "GeneralPolarity": "1",
    "Aspects": [
      {
        "Aspect": "디자인",
        "SentimentText": "디자인도 만족스럽게 예쁩니다.",
        "SentimentWord": "3",
        "SentimentPolarity": "1"
      },
      {
        "Aspect": "기능",
        "SentimentText": "출력쎄기 성능도 좋구요.",
        "SentimentWord": "3",
        "SentimentPolarity": "1"
      },
      {
        "Aspect": "제조일/제조사",
        "SentimentText": "000이라 믿고 구매했습니다.",
        "SentimentWord": "3",
        "SentimentPolarity": "1"
      }
    ]
  },
  {
    "Index": "31220",
    "RawText": "저렴한 가격에 구매 할 수 있어서 너무 좋아요~~ 그런데 소재가 얇은 건지 상판이 약간 찌그러져 있어서 아쉽네요",
    "Source": "쇼핑몰",
    "Domain": "가전",
    "MainCategory": "주방가전",
    "ProductName": "비스포크 삼성전자 MS23T5018 퓨어화이트",
    "ReviewScore": "5",
    "Syllable": "62",
    "Word": "17",
    "RDate": "20211213",
    "GeneralPolarity": "0",
    "Aspects": [
      {
        "Aspect": "가격",
        "SentimentText": "저렴한 가격에 구매 할 수 있어서 너무 좋아요~~",
        "SentimentWord": "8",
        "SentimentPolarity": "1"
      },
      {
        "Aspect": "소재",
        "SentimentText": "소재가 얇은 건지 상판이 약간 찌그러져 있어서 아쉽네요 ",
        "SentimentWord": "8",
        "SentimentPolarity": "-1"
      }
    ]
  },
  {
    "Index": "31221",
    "RawText": "좋은 가격에 구매 할 수 있어서 너무 만족합니다~ 디자인도 예쁘고 세련돼서 만족입니다!",
    "Source": "쇼핑몰",
    "Domain": "가전",
    "MainCategory": "주방가전",
    "ProductName": "비스포크 삼성전자 MS23T5018 퓨어화이트",
    "ReviewScore": "5",
    "Syllable": "48",
    "Word": "12",
    "RDate": "20220115",
    "GeneralPolarity": "1",
    "Aspects": [
      {
        "Aspect": "가격",
        "SentimentText": "좋은 가격에 구매 할 수 있어서 너무 만족합니다~",
        "SentimentWord": "8",
        "SentimentPolarity": "1"
      },
      {
        "Aspect": "디자인",
        "SentimentText": "디자인도 예쁘고 세련돼서 만족입니다!",
        "SentimentWord": "4",
        "SentimentPolarity": "1"
      }
    ]
  },
  {
    "Index": "31222",
    "RawText": "디자인 완전 깔끔하고 예뻐서 주방이 환해졌어요~ 색상도 화이트라 완전 깔끔 그자체! 만족합니다 ~",
    "Source": "쇼핑몰",
    "Domain": "가전",
    "MainCategory": "주방가전",
    "ProductName": "비스포크 삼성전자 MS23T5018 퓨어화이트",
    "ReviewScore": "5",
    "Syllable": "54",
    "Word": "13",
    "RDate": "20220105",
    "GeneralPolarity": "1",
    "Aspects": [
      {
        "Aspect": "디자인",
        "SentimentText": "디자인 완전 깔끔하고 예뻐서 주방이 환해졌어요~",
        "SentimentWord": "6",
        "SentimentPolarity": "1"
      },
      {
        "Aspect": "색상",
        "SentimentText": "색상도 화이트라 완전 깔끔 그자체! 만족합니다 ~",
        "SentimentWord": "7",
        "SentimentPolarity": "1"
      }
    ]
  },
  {
    "Index": "31223",
    "RawText": "전면 터치형식이라 굉장히 작동하기 편해요. 출력 조절도 할 수 있어 소비전력을 줄일 수 있어 좋네요 가열이 빨리되요,",
    "Source": "쇼핑몰",
    "Domain": "가전",
    "MainCategory": "주방가전",
    "ProductName": "비스포크 삼성전자 MS23T5018 퓨어화이트",
    "ReviewScore": "5",
    "Syllable": "65",
    "Word": "17",
    "RDate": "20220303",
    "GeneralPolarity": "1",
    "Aspects": [
      {
        "Aspect": "조작성",
        "SentimentText": "전면 터치형식이라 굉장히 작동하기 편해요.",
        "SentimentWord": "5",
        "SentimentPolarity": "1"
      },
      {
        "Aspect": "소비전력",
        "SentimentText": "출력 조절도 할 수 있어 소비전력을 줄일 수 있어 좋네요 가열이 빨리되요,",
        "SentimentWord": "12",
        "SentimentPolarity": "1"
      }
    ]
  },
  {
    "Index": "31225",
    "RawText": "빠른 시간에 해동이 되니깐 너무 만족스러워요~ 그런데 사용할 때마다 소리가 너무 커서 거슬리네요 ㅠ",
    "Source": "쇼핑몰",
    "Domain": "가전",
    "MainCategory": "주방가전",
    "ProductName": "비스포크 삼성전자 MS23T5018 퓨어화이트",
    "ReviewScore": "5",
    "Syllable": "55",
    "Word": "14",
    "RDate": "20220329",
    "GeneralPolarity": "0",
    "Aspects": [
      {
        "Aspect": "시간/속도",
        "SentimentText": "빠른 시간에 해동이 되니깐 너무 만족스러워요~ ",
        "SentimentWord": "6",
        "SentimentPolarity": "1"
      },
      {
        "Aspect": "소음",
        "SentimentText": "사용할 때마다 소리가 너무 커서 거슬리네요 ㅠ",
        "SentimentWord": "7",
        "SentimentPolarity": "-1"
      }
    ]
  },
  {
    "Index": "31226",
    "RawText": "사전에 배송을 안내해주셔서 오래 기다리지 않았습니다.  발효기능이 있는게 대체적으로 만족합니다. 가격부분도 저렴하게 잘 샀어요. 소음은 어쩔수 없네요 ㅠ",
    "Source": "쇼핑몰",
    "Domain": "가전",
    "MainCategory": "주방가전",
    "ProductName": "비스포크 삼성전자 MS23T5018 퓨어화이트",
    "ReviewScore": "4",
    "Syllable": "85",
    "Word": "18",
    "RDate": "20220428",
    "Aspects": [
      {
        "Aspect": "기능",
        "SentimentText": "발효기능이 있는게 대체적으로 만족합니다.",
        "SentimentWord": "4",
        "SentimentPolarity": "1"
      },
      {
        "Aspect": "가격",
        "SentimentText": "가격부분도 저렴하게 잘 샀어요.",
        "SentimentWord": "4",
        "SentimentPolarity": "1"
      },
      {
        "Aspect": "소음",
        "SentimentText": "소음은 어쩔수 없네요 ㅠ",
        "SentimentWord": "4",
        "SentimentPolarity": "-1"
      }
    ]
  },
  {
    "Index": "31227",
    "RawText": "디자인 깨끗해 보이고 너무 예뻐서 만족합니다. 그런데 내부가 좁아서 부피가 큰 음식 넣기가 별로네요~",
    "Source": "쇼핑몰",
    "Domain": "가전",
    "MainCategory": "주방가전",
    "ProductName": "비스포크 삼성전자 MS23T5018 퓨어화이트",
    "ReviewScore": "4",
    "Syllable": "56",
    "Word": "14",
    "RDate": "20220404",
    "GeneralPolarity": "0",
    "Aspects": [
      {
        "Aspect": "디자인",
        "SentimentText": "디자인 깨끗해 보이고 너무 예뻐서 만족합니다. ",
        "SentimentWord": "6",
        "SentimentPolarity": "1"
      },
      {
        "Aspect": "용량",
        "SentimentText": "내부가 좁아서 부피가 큰 음식 넣기가 별로네요~",
        "SentimentWord": "7",
        "SentimentPolarity": "-1"
      }
    ]
  },
  {
    "Index": "31228",
    "RawText": "제품 퀄리티가 너무 떨어져요. 기스도 있고, 찌그러짐도 있고;; 별로에요.. 색상은 하얀색이라 깔끔하고 이뻐서 만족하고있습니다~",
    "Source": "쇼핑몰",
    "Domain": "가전",
    "MainCategory": "주방가전",
    "ProductName": "비스포크 삼성전자 MS23T5018 퓨어화이트",
    "ReviewScore": "3",
    "Syllable": "71",
    "Word": "14",
    "RDate": "20220123",
    "GeneralPolarity": "0",
    "Aspects": [
      {
        "Aspect": "품질",
        "SentimentText": "제품 퀄리티가 너무 떨어져요. 기스도 있고, 찌그러짐도 있고;; 별로에요..",
        "SentimentWord": "9",
        "SentimentPolarity": "-1"
      },
      {
        "Aspect": "색상",
        "SentimentText": "색상은 하얀색이라 깔끔하고 이뻐서 만족하고있습니다~",
        "SentimentWord": "5",
        "SentimentPolarity": "1"
      }
    ]
  },
  {
    "Index": "31229",
    "RawText": "디자인 심플하고 너무 이쁩니다 완전 만족이요! 그런데 사용할때 이렇게 큰 소리가 나는 전자레인지는 처음이에요 ㅠㅠ 별로에요",
    "Source": "쇼핑몰",
    "Domain": "가전",
    "MainCategory": "주방가전",
    "ProductName": "비스포크 삼성전자 MS23T5018 퓨어화이트",
    "ReviewScore": "4",
    "Syllable": "68",
    "Word": "16",
    "RDate": "20220427",
    "GeneralPolarity": "0",
    "Aspects": [
      {
        "Aspect": "디자인",
        "SentimentText": "디자인 심플하고 너무 이쁩니다 완전 만족이요! ",
        "SentimentWord": "6",
        "SentimentPolarity": "1"
      },
      {
        "Aspect": "소음",
        "SentimentText": "이렇게 큰 소리가 나는 전자레인지는 처음이에요 ㅠㅠ 별로에요",
        "SentimentWord": "8",
        "SentimentPolarity": "-1"
      }
    ]
  },
  {
    "Index": "31231",
    "RawText": "해동 기능은 음식이 익지 않고 녹여만 주니깐 너무 좋아요. 그런데 전자레인지 사용할 때마다 기계음이 너무 커서 별로요 ;",
    "Source": "쇼핑몰",
    "Domain": "가전",
    "MainCategory": "주방가전",
    "ProductName": "비스포크 삼성전자 MS23T5018 퓨어화이트",
    "ReviewScore": "5",
    "Syllable": "67",
    "Word": "18",
    "RDate": "20220626",
    "GeneralPolarity": "0",
    "Aspects": [
      {
        "Aspect": "기능",
        "SentimentText": "해동 기능은 음식이 익지 않고 녹여만 주니깐 너무 좋아요. ",
        "SentimentWord": "9",
        "SentimentPolarity": "1"
      },
      {
        "Aspect": "소음",
        "SentimentText": "전자레인지 사용할 때마다 기계음이 너무 커서 별로요 ;",
        "SentimentWord": "8",
        "SentimentPolarity": "-1"
      }
    ]
  },
  {
    "Index": "31232",
    "RawText": "배송이 너무 오래 걸렸어요. 업체 배송기사님이 직접 배송해줘서 안심입니다. 가격은 저렴하게 잘 샀어요. 데우기 말고는 기능이 별로 없어 실망스러워요",
    "Source": "쇼핑몰",
    "Domain": "가전",
    "MainCategory": "주방가전",
    "ProductName": "비스포크 삼성전자 MS23T5018 퓨어화이트",
    "ReviewScore": "4",
    "Syllable": "82",
    "Word": "19",
    "RDate": "20220406",
    "GeneralPolarity": "0",
    "Aspects": [
      {
        "Aspect": "가격",
        "SentimentText": "가격은 저렴하게 잘 샀어요.",
        "SentimentWord": "4",
        "SentimentPolarity": "1"
      },
      {
        "Aspect": "기능",
        "SentimentText": "데우기 말고는 기능이 별로 없어 실망스러워요",
        "SentimentWord": "6",
        "SentimentPolarity": "-1"
      }
    ]
  },
  {
    "Index": "31235",
    "RawText": "쾌속해동,레인지 등 기본 기능은훌륭해요 성능 좋아요! 디자인도 너무 깔끔해서 제일 마음에 듭니다.",
    "Source": "쇼핑몰",
    "Domain": "가전",
    "MainCategory": "주방가전",
    "ProductName": "비스포크 삼성전자 MS23T5018 퓨어화이트",
    "ReviewScore": "5",
    "Syllable": "54",
    "Word": "12",
    "RDate": "20220710",
    "GeneralPolarity": "1",
    "Aspects": [
      {
        "Aspect": "기능",
        "SentimentText": "쾌속해동,레인지 등 기본 기능은훌륭해요 성능 좋아요! ",
        "SentimentWord": "6",
        "SentimentPolarity": "1"
      },
      {
        "Aspect": "디자인",
        "SentimentText": "디자인도 너무 깔끔해서 제일 마음에 듭니다.",
        "SentimentWord": "6",
        "SentimentPolarity": "1"
      }
    ]
  },
  {
    "Index": "31236",
    "RawText": "쿠폰으로 저렴하게 구매 할 수 있어서 너무 만족해요~ 버튼도 터치 식이라 누르기만 하면 되고 최고입니다!",
    "Source": "쇼핑몰",
    "Domain": "가전",
    "MainCategory": "주방가전",
    "ProductName": "비스포크 삼성전자 MS23T5018 퓨어화이트",
    "ReviewScore": "5",
    "Syllable": "58",
    "Word": "15",
    "RDate": "20220119",
    "GeneralPolarity": "1",
    "Aspects": [
      {
        "Aspect": "가격",
        "SentimentText": "쿠폰으로 저렴하게 구매 할 수 있어서 너무 만족해요~ ",
        "SentimentWord": "8",
        "SentimentPolarity": "1"
      },
      {
        "Aspect": "조작성",
        "SentimentText": "버튼도 터치 식이라 누르기만 하면 되고 최고입니다!",
        "SentimentWord": "7",
        "SentimentPolarity": "1"
      }
    ]
  },
  {
    "Index": "31242",
    "RawText": "이 제품 손잡이가 왼손으로만 열 수 있게 되어 있어 사용하기 매우 불편합니다. 참 이상한 디자인이며 실용성이 없게 되어 있습니다.",
    "Source": "쇼핑몰",
    "Domain": "가전",
    "MainCategory": "주방가전",
    "ProductName": "비스포크 삼성전자 MS23T5018 퓨어화이트",
    "ReviewScore": "3",
    "Syllable": "72",
    "Word": "19",
    "RDate": "20211128",
    "Aspects": [
      {
        "Aspect": "편의성",
        "SentimentText": "이 제품 손잡이가 왼손으로만 열 수 있게 되어 있어 사용하기 매우 불편합니다",
        "SentimentWord": "12",
        "SentimentPolarity": "-1"
      },
      {
        "Aspect": "디자인",
        "SentimentText": "참 이상한 디자인이며 실용성이 없게 되어 있습니다. ",
        "SentimentWord": "7",
        "SentimentPolarity": "-1"
      }
    ]
  }
]