[
  {
    "Index": "34257",
    "RawText": "기존에 있던 같은 브랜드 제품꺼보다 취사시간이 굉장히 오래걸려 불편하네요. 가격이 6만원대 치고는 그냥저냥 쓸만해요.",
    "Source": "쇼핑몰",
    "Domain": "가전",
    "MainCategory": "주방가전",
    "ProductName": "쿠쿠전자 에그 CR-0675FW",
    "ReviewScore": "3",
    "Syllable": "65",
    "Word": "14",
    "RDate": "20220106",
    "GeneralPolarity": "-1",
    "Aspects": [
      {
        "Aspect": "시간/속도",
        "SentimentText": "기존에 있던 같은 브랜드 제품꺼보다 취사시간이 굉장히 오래걸려 불편하네요. ",
        "SentimentWord": "9",
        "SentimentPolarity": "-1"
      },
      {
        "Aspect": "가격",
        "SentimentText": "가격이 6만원대 치고는 그냥저냥 쓸만해요.",
        "SentimentWord": "5",
        "SentimentPolarity": "0"
      }
    ]
  },
  {
    "Index": "34258",
    "RawText": "밥은 꼬슬꼬슬하니 잘되서 좋아요. 다만 취사시간이 너무 오래걸려서 밥짓는데 시간 다 보내요. 그리고 뚜껑이 정말 무거워서 사용하기가 불편해요.",
    "Source": "쇼핑몰",
    "Domain": "가전",
    "MainCategory": "주방가전",
    "ProductName": "쿠쿠전자 에그 CR-0675FW",
    "ReviewScore": "4",
    "Syllable": "79",
    "Word": "18",
    "RDate": "20220305",
    "GeneralPolarity": "-1",
    "Aspects": [
      {
        "Aspect": "기능",
        "SentimentText": "밥은 꼬슬꼬슬하니 잘되서 좋아요. ",
        "SentimentWord": "4",
        "SentimentPolarity": "1"
      },
      {
        "Aspect": "시간/속도",
        "SentimentText": "다만 취사시간이 너무 오래걸려서 밥짓는데 시간 다 보내요.",
        "SentimentWord": "8",
        "SentimentPolarity": "-1"
      },
      {
        "Aspect": "무게",
        "SentimentText": "그리고 뚜껑이 정말 무거워서 사용하기가 불편해요.",
        "SentimentWord": "6",
        "SentimentPolarity": "-1"
      }
    ]
  },
  {
    "Index": "34260",
    "RawText": "찰진밥까진 아니고 그냥 고슬밥 원하시는 분들에겐 추천드려요 밥은 잘 지어집니다. 생각보다 밥지을때 소리가 요란스러워요. 소음 심한편입니다.",
    "Source": "쇼핑몰",
    "Domain": "가전",
    "MainCategory": "주방가전",
    "ProductName": "쿠쿠전자 에그 CR-0675FW",
    "ReviewScore": "5",
    "Syllable": "77",
    "Word": "16",
    "RDate": "20211122",
    "GeneralPolarity": "-1",
    "Aspects": [
      {
        "Aspect": "기능",
        "SentimentText": "찰진밥까진 아니고 그냥 고슬밥 원하시는 분들에겐 추천드려요 밥은 잘 지어집니다.",
        "SentimentWord": "10",
        "SentimentPolarity": "0"
      },
      {
        "Aspect": "소음",
        "SentimentText": "생각보다 밥지을때 소리가 요란스러워요. 소음 심한편입니다.",
        "SentimentWord": "6",
        "SentimentPolarity": "-1"
      }
    ]
  },
  {
    "Index": "34261",
    "RawText": "제품받아서 밥 해봤는데 사용조작법도 쉽고 좋네요. 그리고 무엇보다 밥맛이 끝내주네요 만족스러워요.",
    "Source": "쇼핑몰",
    "Domain": "가전",
    "MainCategory": "주방가전",
    "ProductName": "쿠쿠전자 에그 CR-0675FW",
    "ReviewScore": "4",
    "Syllable": "54",
    "Word": "11",
    "RDate": "20220418",
    "GeneralPolarity": "1",
    "Aspects": [
      {
        "Aspect": "조작성",
        "SentimentText": "제품받아서 밥 해봤는데 사용조작법도 쉽고 좋네요. ",
        "SentimentWord": "6",
        "SentimentPolarity": "1"
      },
      {
        "Aspect": "기능",
        "SentimentText": "그리고 무엇보다 밥맛이 끝내주네요 만족스러워요.",
        "SentimentWord": "5",
        "SentimentPolarity": "1"
      }
    ]
  },
  {
    "Index": "34262",
    "RawText": "밥을 지어봤는데 밥맛이 너무 없어요.. 잡곡도 해먹지도 못할듯합니다ㅡㅡ 너무 싼걸 사서 그런가봐요 돈아까워요.",
    "Source": "쇼핑몰",
    "Domain": "가전",
    "MainCategory": "주방가전",
    "ProductName": "쿠쿠전자 에그 CR-0675FW",
    "ReviewScore": "2",
    "Syllable": "61",
    "Word": "13",
    "RDate": "20210814",
    "GeneralPolarity": "-1",
    "Aspects": [
      {
        "Aspect": "기능",
        "SentimentText": "밥을 지어봤는데 밥맛이 너무 없어요.. 잡곡도 해먹지도 못할듯합니다ㅡㅡ ",
        "SentimentWord": "8",
        "SentimentPolarity": "-1"
      },
      {
        "Aspect": "가격",
        "SentimentText": "너무 싼걸 사서 그런가봐요 돈아까워요.",
        "SentimentWord": "5",
        "SentimentPolarity": "-1"
      }
    ]
  },
  {
    "Index": "34263",
    "RawText": "역시 디자인이 정말 예쁘네요 맘에 들어요. 사이즈도 굉장히 아담하니 좋네요. 어디다 놔도 어울려요.",
    "Source": "쇼핑몰",
    "Domain": "가전",
    "MainCategory": "주방가전",
    "ProductName": "쿠쿠전자 에그 CR-0675FW",
    "ReviewScore": "5",
    "Syllable": "55",
    "Word": "13",
    "RDate": "20211107",
    "GeneralPolarity": "1",
    "Aspects": [
      {
        "Aspect": "디자인",
        "SentimentText": "역시 디자인이 정말 예쁘네요 맘에 들어요. ",
        "SentimentWord": "6",
        "SentimentPolarity": "1"
      },
      {
        "Aspect": "사이즈",
        "SentimentText": "사이즈도 굉장히 아담하니 좋네요. 어디다 놔도 어울려요.",
        "SentimentWord": "7",
        "SentimentPolarity": "1"
      }
    ]
  },
  {
    "Index": "34264",
    "RawText": "다른 압력밥솥 보다 압력이 약한것 같아요ㅜㅜ 그래도 밥 맛은 나쁘지 않아요..제품 모양도 깔끔하니 이쁩니다",
    "Source": "쇼핑몰",
    "Domain": "가전",
    "MainCategory": "주방가전",
    "ProductName": "쿠쿠전자 에그 CR-0675FW",
    "ReviewScore": "4",
    "Syllable": "59",
    "Word": "14",
    "RDate": "20220310",
    "GeneralPolarity": "1",
    "Aspects": [
      {
        "Aspect": "기능",
        "SentimentText": "다른 압력밥솥 보다 압력이 약한것 같아요ㅜㅜ",
        "SentimentWord": "6",
        "SentimentPolarity": "-1"
      },
      {
        "Aspect": "디자인",
        "SentimentText": "제품 모양도 깔끔하니 이쁩니다 ",
        "SentimentWord": "4",
        "SentimentPolarity": "1"
      }
    ]
  },
  {
    "Index": "34265",
    "RawText": "가격은 저렴해서 만족합니다. 성능이 별로라서 밥이 너무 맛없게 됩니다..",
    "Source": "쇼핑몰",
    "Domain": "가전",
    "MainCategory": "주방가전",
    "ProductName": "쿠쿠전자 에그 CR-0675FW",
    "ReviewScore": "3",
    "Syllable": "40",
    "Word": "9",
    "RDate": "20211002",
    "GeneralPolarity": "0",
    "Aspects": [
      {
        "Aspect": "가격",
        "SentimentText": "가격은 저렴해서 만족합니다. ",
        "SentimentWord": "3",
        "SentimentPolarity": "1"
      },
      {
        "Aspect": "기능",
        "SentimentText": "성능이 별로라서 밥이 너무 맛없게 됩니다..",
        "SentimentWord": "6",
        "SentimentPolarity": "-1"
      }
    ]
  },
  {
    "Index": "34267",
    "RawText": "깔끔한 디자인이 보기에도 예뻐 보여요.그런데 다른 밥솥에 비해 취사 소요시간이 좀 긴 것 같아 아쉬워요.",
    "Source": "쇼핑몰",
    "Domain": "가전",
    "MainCategory": "주방가전",
    "ProductName": "쿠쿠전자 에그 CR-0675FW",
    "ReviewScore": "4",
    "Syllable": "58",
    "Word": "15",
    "RDate": "20220718",
    "GeneralPolarity": "0",
    "Aspects": [
      {
        "Aspect": "디자인",
        "SentimentText": "깔끔한 디자인이 보기에도 예뻐 보여요",
        "SentimentWord": "5",
        "SentimentPolarity": "1"
      },
      {
        "Aspect": "시간/속도",
        "SentimentText": " 다른 밥솥에 비해 취사 소요시간이 좀 긴 것 같아 아쉬워요.",
        "SentimentWord": "10",
        "SentimentPolarity": "-1"
      }
    ]
  },
  {
    "Index": "34268",
    "RawText": "디자인 너무 예쁘고 귀여워서 마음에 들어요. 성능도 좋아서 밥도 고슬고슬 맛있게 잘 돼요 ",
    "Source": "쇼핑몰",
    "Domain": "가전",
    "MainCategory": "주방가전",
    "ProductName": "쿠쿠전자 에그 CR-0675FW",
    "ReviewScore": "5",
    "Syllable": "50",
    "Word": "13",
    "RDate": "20211208",
    "GeneralPolarity": "1",
    "Aspects": [
      {
        "Aspect": "디자인",
        "SentimentText": "디자인 너무 예쁘고 귀여워서 마음에 들어요. ",
        "SentimentWord": "6",
        "SentimentPolarity": "1"
      },
      {
        "Aspect": "기능",
        "SentimentText": "성능도 좋아서 밥도 고슬고슬 맛있게 잘 돼요",
        "SentimentWord": "7",
        "SentimentPolarity": "1"
      }
    ]
  },
  {
    "Index": "34272",
    "RawText": "오프라인보다 훨씬 저렴하게 구매했어요 기분 좋네요~ 그런데 품질이 별로인듯ㅠ 플라스틱 냄새가 너무 많이나요",
    "Source": "쇼핑몰",
    "Domain": "가전",
    "MainCategory": "주방가전",
    "ProductName": "쿠쿠전자 에그 CR-0675FW",
    "ReviewScore": "5",
    "Syllable": "59",
    "Word": "13",
    "RDate": "20211216",
    "GeneralPolarity": "0",
    "Aspects": [
      {
        "Aspect": "가격",
        "SentimentText": "오프라인보다 훨씬 저렴하게 구매했어요 기분 좋네요~ ",
        "SentimentWord": "6",
        "SentimentPolarity": "1"
      },
      {
        "Aspect": "품질",
        "SentimentText": "품질이 별로인듯ㅠ 플라스틱 냄새가 너무 많이나요",
        "SentimentWord": "6",
        "SentimentPolarity": "-1"
      }
    ]
  },
  {
    "Index": "34273",
    "RawText": "취사기능이 약해서 밥 맛이 별로 ... 맛이 없어요 그래도 디자인 깔끔하고 예뻐서 마음에 들고, 가격은 저렴해서 나름 만족하고 있습니다~",
    "Source": "쇼핑몰",
    "Domain": "가전",
    "MainCategory": "주방가전",
    "ProductName": "쿠쿠전자 에그 CR-0675FW",
    "ReviewScore": "4",
    "Syllable": "76",
    "Word": "19",
    "RDate": "20211231",
    "GeneralPolarity": "0",
    "Aspects": [
      {
        "Aspect": "기능",
        "SentimentText": "취사기능이 약해서 밥 맛이 별로 ... 맛이 없어요",
        "SentimentWord": "8",
        "SentimentPolarity": "-1"
      },
      {
        "Aspect": "디자인",
        "SentimentText": "디자인 깔끔하고 예뻐서 마음에 들고,",
        "SentimentWord": "5",
        "SentimentPolarity": "1"
      },
      {
        "Aspect": "가격",
        "SentimentText": "가격은 저렴해서 나름 만족하고 있습니다~ ",
        "SentimentWord": "5",
        "SentimentPolarity": "1"
      }
    ]
  },
  {
    "Index": "34280",
    "RawText": "후기가 좋아 구입했고, 매장보다 싸게 팔아 여기서 구입했습니다.^^ 생각외로 밥이 잘되어 좋고 디자인도 깜찍하니 이쁩니다",
    "Source": "쇼핑몰",
    "Domain": "가전",
    "MainCategory": "주방가전",
    "ProductName": "쿠쿠전자 에그 CR-0675FW",
    "ReviewScore": "5",
    "Syllable": "67",
    "Word": "15",
    "RDate": "20210925",
    "GeneralPolarity": "1",
    "Aspects": [
      {
        "Aspect": "가격",
        "SentimentText": "매장보다 싸게 팔아 여기서 구입했습니다.^^",
        "SentimentWord": "5",
        "SentimentPolarity": "1"
      },
      {
        "Aspect": "품질",
        "SentimentText": "생각외로 밥이 잘되어 좋고",
        "SentimentWord": "4",
        "SentimentPolarity": "1"
      },
      {
        "Aspect": "디자인",
        "SentimentText": "디자인도 깜찍하니 이쁩니다 ",
        "SentimentWord": "3",
        "SentimentPolarity": "1"
      }
    ]
  },
  {
    "Index": "34281",
    "RawText": "1인이 사용하기에 딱 좋은 크기 입니다. 디자인도 너무 예쁘고 귀여워요~ 성능도 좋아서 밥도 맛있게 잘 돼요",
    "Source": "쇼핑몰",
    "Domain": "가전",
    "MainCategory": "주방가전",
    "ProductName": "쿠쿠전자 에그 CR-0675FW",
    "ReviewScore": "5",
    "Syllable": "60",
    "Word": "16",
    "RDate": "20220615",
    "GeneralPolarity": "1",
    "Aspects": [
      {
        "Aspect": "용량",
        "SentimentText": "1인이 사용하기에 딱 좋은 크기 입니다. ",
        "SentimentWord": "6",
        "SentimentPolarity": "1"
      },
      {
        "Aspect": "디자인",
        "SentimentText": "디자인도 너무 예쁘고 귀여워요~ ",
        "SentimentWord": "4",
        "SentimentPolarity": "1"
      },
      {
        "Aspect": "기능",
        "SentimentText": "성능도 좋아서 밥도 맛있게 잘 돼요",
        "SentimentWord": "6",
        "SentimentPolarity": "1"
      }
    ]
  },
  {
    "Index": "34282",
    "RawText": "찰진 밥 기능을 사용하면 압력 솥으로 지은 밥처럼 맛있어요. 아쉬운 건 품질이 별로 안 좋아요. 취사할 때 플라스틱 냄새가 많이 나네요",
    "Source": "쇼핑몰",
    "Domain": "가전",
    "MainCategory": "주방가전",
    "ProductName": "쿠쿠전자 에그 CR-0675FW",
    "ReviewScore": "5",
    "Syllable": "75",
    "Word": "21",
    "RDate": "20220718",
    "GeneralPolarity": "0",
    "Aspects": [
      {
        "Aspect": "기능",
        "SentimentText": "찰진 밥 기능을 사용하면 압력 솥으로 지은 밥처럼 맛있어요",
        "SentimentWord": "9",
        "SentimentPolarity": "1"
      },
      {
        "Aspect": "품질",
        "SentimentText": "품질이 별로 안 좋아요. 취사할 때 플라스틱 냄새가 많이 나네요",
        "SentimentWord": "10",
        "SentimentPolarity": "-1"
      }
    ]
  },
  {
    "Index": "34291",
    "RawText": "디자인 앙증맞고 예뻐서 마음에 들어요~ 성능은 그럭저럭.. 밥이 맛있진 않네요 ㅠ",
    "Source": "쇼핑몰",
    "Domain": "가전",
    "MainCategory": "주방가전",
    "ProductName": "쿠쿠전자 에그 CR-0675FW",
    "ReviewScore": "5",
    "Syllable": "45",
    "Word": "11",
    "RDate": "20211009",
    "GeneralPolarity": "0",
    "Aspects": [
      {
        "Aspect": "디자인",
        "SentimentText": "디자인 앙증맞고 예뻐서 마음에 들어요~ ",
        "SentimentWord": "5",
        "SentimentPolarity": "1"
      },
      {
        "Aspect": "기능",
        "SentimentText": "성능은 그럭저럭.. 밥이 맛있진 않네요 ㅠ",
        "SentimentWord": "6",
        "SentimentPolarity": "-1"
      }
    ]
  },
  {
    "Index": "34292",
    "RawText": "쿠폰 사용해서 저렴하게 구매해서 만족합니다~ 기능이 좋아서 밥맛도 좋고 기분 좋네요^^",
    "Source": "쇼핑몰",
    "Domain": "가전",
    "MainCategory": "주방가전",
    "ProductName": "쿠쿠전자 에그 CR-0675FW",
    "ReviewScore": "5",
    "Syllable": "48",
    "Word": "11",
    "RDate": "20220319",
    "GeneralPolarity": "1",
    "Aspects": [
      {
        "Aspect": "가격",
        "SentimentText": "쿠폰 사용해서 저렴하게 구매해서 만족합니다~",
        "SentimentWord": "5",
        "SentimentPolarity": "1"
      },
      {
        "Aspect": "기능",
        "SentimentText": "기능이 좋아서 밥맛도 좋고 기분 좋네요^^",
        "SentimentWord": "6",
        "SentimentPolarity": "1"
      }
    ]
  },
  {
    "Index": "34293",
    "RawText": "생각보다 내 솥 용량이 작아서 실망했어요.. 디자인은 예쁘고 깔끔해서 마음에 듭니다~",
    "Source": "쇼핑몰",
    "Domain": "가전",
    "MainCategory": "주방가전",
    "ProductName": "쿠쿠전자 에그 CR-0675FW",
    "ReviewScore": "5",
    "Syllable": "47",
    "Word": "11",
    "RDate": "20210927",
    "GeneralPolarity": "0",
    "Aspects": [
      {
        "Aspect": "용량",
        "SentimentText": "생각보다 내 솥 용량이 작아서 실망했어요..",
        "SentimentWord": "6",
        "SentimentPolarity": "-1"
      },
      {
        "Aspect": "디자인",
        "SentimentText": "디자인은 예쁘고 깔끔해서 마음에 듭니다~",
        "SentimentWord": "5",
        "SentimentPolarity": "1"
      }
    ]
  },
  {
    "Index": "34296",
    "RawText": "성능은 별로예요 밥이 맛있게 안되네요.. 그리고 스위치가 밥통 전면에 붙어 있어서 열고 닫기가 너무 불편합니다.",
    "Source": "쇼핑몰",
    "Domain": "가전",
    "MainCategory": "주방가전",
    "ProductName": "쿠쿠전자 에그 CR-0675FW",
    "ReviewScore": "3",
    "Syllable": "62",
    "Word": "15",
    "RDate": "20220421",
    "GeneralPolarity": "-1",
    "Aspects": [
      {
        "Aspect": "기능",
        "SentimentText": "성능은 별로예요 밥이 맛있게 안되네요..",
        "SentimentWord": "5",
        "SentimentPolarity": "-1"
      },
      {
        "Aspect": "조작성",
        "SentimentText": "그리고 스위치가 밥통 전면에 붙어 있어서 열고 닫기가 너무 불편합니다.",
        "SentimentWord": "10",
        "SentimentPolarity": "-1"
      }
    ]
  },
  {
    "Index": "34297",
    "RawText": "뚜껑 여는 버튼이 너무 불편해서 짜증나네요 ㅠㅠ 밥은 맛있게 잘되니 만족하고 쓰고 있어요~",
    "Source": "쇼핑몰",
    "Domain": "가전",
    "MainCategory": "주방가전",
    "ProductName": "쿠쿠전자 에그 CR-0675FW",
    "ReviewScore": "5",
    "Syllable": "50",
    "Word": "13",
    "RDate": "20211119",
    "GeneralPolarity": "0",
    "Aspects": [
      {
        "Aspect": "조작성",
        "SentimentText": "뚜껑 여는 버튼이 너무 불편해서 짜증나네요 ㅠㅠ",
        "SentimentWord": "7",
        "SentimentPolarity": "-1"
      },
      {
        "Aspect": "기능",
        "SentimentText": "밥은 맛있게 잘되니 만족하고 쓰고 있어요~",
        "SentimentWord": "6",
        "SentimentPolarity": "1"
      }
    ]
  },
  {
    "Index": "34298",
    "RawText": "가격이 너무 착해서 아주 만족하고 있습니다~ 디자인도 예쁘고 앙증맞아서 너무 마음에 들어요~",
    "Source": "쇼핑몰",
    "Domain": "가전",
    "MainCategory": "주방가전",
    "ProductName": "쿠쿠전자 에그 CR-0675FW",
    "ReviewScore": "5",
    "Syllable": "51",
    "Word": "12",
    "RDate": "20211021",
    "GeneralPolarity": "1",
    "Aspects": [
      {
        "Aspect": "가격",
        "SentimentText": "가격이 너무 착해서 아주 만족하고 있습니다~",
        "SentimentWord": "6",
        "SentimentPolarity": "1"
      },
      {
        "Aspect": "디자인",
        "SentimentText": "디자인도 예쁘고 앙증맞아서 너무 마음에 들어요~",
        "SentimentWord": "6",
        "SentimentPolarity": "1"
      }
    ]
  },
  {
    "Index": "34299",
    "RawText": "제품 디자인은 이쁜데..뚜껑 열때마다 몸체가 덜컹 덜컹해서 열고 닫기 불편해요.",
    "Source": "쇼핑몰",
    "Domain": "가전",
    "MainCategory": "주방가전",
    "ProductName": "쿠쿠전자 에그 CR-0675FW",
    "ReviewScore": "3",
    "Syllable": "44",
    "Word": "10",
    "RDate": "20220316",
    "GeneralPolarity": "0",
    "Aspects": [
      {
        "Aspect": "디자인",
        "SentimentText": "제품 디자인은 이쁜데..",
        "SentimentWord": "3",
        "SentimentPolarity": "1"
      },
      {
        "Aspect": "품질",
        "SentimentText": "뚜껑 열때마다 몸체가 덜컹 덜컹해서 열고 닫기 불편해요.",
        "SentimentWord": "8",
        "SentimentPolarity": "-1"
      }
    ]
  },
  {
    "Index": "34300",
    "RawText": "디자인은 예쁘고 세련돼서 마음에 듭니다.. 그런데 성능이 너무 별로네요;; 밥이 맛없게 돼요 ㅠㅠ",
    "Source": "쇼핑몰",
    "Domain": "가전",
    "MainCategory": "주방가전",
    "ProductName": "쿠쿠전자 에그 CR-0675FW",
    "ReviewScore": "3",
    "Syllable": "54",
    "Word": "13",
    "RDate": "20211023",
    "GeneralPolarity": "0",
    "Aspects": [
      {
        "Aspect": "디자인",
        "SentimentText": "디자인은 예쁘고 세련돼서 마음에 듭니다.. ",
        "SentimentWord": "5",
        "SentimentPolarity": "1"
      },
      {
        "Aspect": "기능",
        "SentimentText": "성능이 너무 별로네요;; 밥이 맛없게 돼요 ㅠㅠ ",
        "SentimentWord": "7",
        "SentimentPolarity": "-1"
      }
    ]
  },
  {
    "Index": "34302",
    "RawText": "잡곡밥 기능이 너무 마음에 들어요~ 밥이 맛있어요. 가격도 저렴하게 잘 샀어요 가성비 굿입니다.",
    "Source": "쇼핑몰",
    "Domain": "가전",
    "MainCategory": "주방가전",
    "ProductName": "쿠쿠전자 에그 CR-0675FW",
    "ReviewScore": "5",
    "Syllable": "53",
    "Word": "13",
    "RDate": "20220621",
    "GeneralPolarity": "1",
    "Aspects": [
      {
        "Aspect": "기능",
        "SentimentText": "잡곡밥 기능이 너무 마음에 들어요~ 밥이 맛있어요. ",
        "SentimentWord": "7",
        "SentimentPolarity": "1"
      },
      {
        "Aspect": "가격",
        "SentimentText": "가격도 저렴하게 잘 샀어요 가성비 굿입니다.",
        "SentimentWord": "6",
        "SentimentPolarity": "1"
      }
    ]
  },
  {
    "Index": "34303",
    "RawText": "고슬고슬 밥이 맛있게 잘됩니다~  밥 솥 사이즈도 작아서 공간 활용도 좋네요",
    "Source": "쇼핑몰",
    "Domain": "가전",
    "MainCategory": "주방가전",
    "ProductName": "쿠쿠전자 에그 CR-0675FW",
    "ReviewScore": "5",
    "Syllable": "42",
    "Word": "11",
    "RDate": "20220203",
    "GeneralPolarity": "1",
    "Aspects": [
      {
        "Aspect": "기능",
        "SentimentText": "고슬고슬 밥이 맛있게 잘됩니다~",
        "SentimentWord": "4",
        "SentimentPolarity": "1"
      },
      {
        "Aspect": "사이즈",
        "SentimentText": "밥 솥 사이즈도 작아서 공간 활용도 좋네요",
        "SentimentWord": "7",
        "SentimentPolarity": "1"
      }
    ]
  },
  {
    "Index": "34304",
    "RawText": "밥 솥 디자인이 깔끔하고 너무 예뻐요~ 아쉬운 건 버튼이 앞에 달려 있어서 뚜껑 열기가 너무 불편합니다.",
    "Source": "쇼핑몰",
    "Domain": "가전",
    "MainCategory": "주방가전",
    "ProductName": "쿠쿠전자 에그 CR-0675FW",
    "ReviewScore": "5",
    "Syllable": "58",
    "Word": "16",
    "RDate": "20220830",
    "GeneralPolarity": "0",
    "Aspects": [
      {
        "Aspect": "디자인",
        "SentimentText": "밥 솥 디자인이 깔끔하고 너무 예뻐요~",
        "SentimentWord": "6",
        "SentimentPolarity": "1"
      },
      {
        "Aspect": "조작성",
        "SentimentText": "아쉬운 건 버튼이 앞에 달려 있어서 뚜껑 열기가 너무 불편합니다.",
        "SentimentWord": "10",
        "SentimentPolarity": "-1"
      }
    ]
  },
  {
    "Index": "34305",
    "RawText": "밥 솥 용량도 자취생들에게 아주 딱 이네요. 성능도 좋아서 밥맛도 아주 좋네요^^",
    "Source": "쇼핑몰",
    "Domain": "가전",
    "MainCategory": "주방가전",
    "ProductName": "쿠쿠전자 에그 CR-0675FW",
    "ReviewScore": "5",
    "Syllable": "45",
    "Word": "12",
    "RDate": "20220811",
    "GeneralPolarity": "1",
    "Aspects": [
      {
        "Aspect": "용량",
        "SentimentText": "밥 솥 용량도 자취생들에게 아주 딱 이네요. ",
        "SentimentWord": "7",
        "SentimentPolarity": "1"
      },
      {
        "Aspect": "기능",
        "SentimentText": "성능도 좋아서 밥맛도 아주 좋네요^^",
        "SentimentWord": "5",
        "SentimentPolarity": "1"
      }
    ]
  },
  {
    "Index": "34306",
    "RawText": "불량없는 상품으로 잘 받았네요. 너무 깔끔한 디자인이 참 사랑스럽네요~",
    "Source": "쇼핑몰",
    "Domain": "가전",
    "MainCategory": "주방가전",
    "ProductName": "쿠쿠전자 에그 CR-0675FW",
    "ReviewScore": "5",
    "Syllable": "39",
    "Word": "9",
    "RDate": "20211217",
    "GeneralPolarity": "1",
    "Aspects": [
      {
        "Aspect": "품질",
        "SentimentText": "불량없는 상품으로 잘 받았네요.",
        "SentimentWord": "4",
        "SentimentPolarity": "1"
      },
      {
        "Aspect": "디자인",
        "SentimentText": "너무 깔끔한 디자인이 참 사랑스럽네요~ ",
        "SentimentWord": "5",
        "SentimentPolarity": "1"
      }
    ]
  },
  {
    "Index": "34309",
    "RawText": "압력밥솥을 별로 좋아하지 않아 비압력 밥솥 구매 했는데 디자인까지 이뻐서 좋아요. 밥도 압력밥솥 만큼이나 맛있고 잘 지어줍니다. 가격도 저렴해 부담감이 전혀 없어요 ^^",
    "Source": "쇼핑몰",
    "Domain": "가전",
    "MainCategory": "주방가전",
    "ProductName": "쿠쿠전자 에그 CR-0675FW",
    "ReviewScore": "5",
    "Syllable": "94",
    "Word": "23",
    "RDate": "20220425",
    "GeneralPolarity": "1",
    "Aspects": [
      {
        "Aspect": "디자인",
        "SentimentText": "압력밥솥을 별로 좋아하지 않아 비압력 밥솥 구매 했는데 디자인까지 이뻐서 좋아요",
        "SentimentWord": "11",
        "SentimentPolarity": "1"
      },
      {
        "Aspect": "품질",
        "SentimentText": "밥도 압력밥솥 만큼이나 맛있고 잘 지어줍니다",
        "SentimentWord": "6",
        "SentimentPolarity": "1"
      },
      {
        "Aspect": "가격",
        "SentimentText": "가격도 저렴해 부담감이 전혀 없어요 ^^ ",
        "SentimentWord": "6",
        "SentimentPolarity": "1"
      }
    ]
  },
  {
    "Index": "34310",
    "RawText": "디자인이 깔끔해서 주방이 환해지니까 너무 예쁘네요. 가격도 저렴하게 구매할 수 있어서 만족입니다^^",
    "Source": "쇼핑몰",
    "Domain": "가전",
    "MainCategory": "주방가전",
    "ProductName": "쿠쿠전자 에그 CR-0675FW",
    "ReviewScore": "5",
    "Syllable": "55",
    "Word": "12",
    "RDate": "20220802",
    "GeneralPolarity": "1",
    "Aspects": [
      {
        "Aspect": "디자인",
        "SentimentText": "디자인이 깔끔해서 주방이 환해지니까 너무 예쁘네요.",
        "SentimentWord": "6",
        "SentimentPolarity": "1"
      },
      {
        "Aspect": "가격",
        "SentimentText": "가격도 저렴하게 구매할 수 있어서 만족입니다^^",
        "SentimentWord": "6",
        "SentimentPolarity": "1"
      }
    ]
  },
  {
    "Index": "34311",
    "RawText": "가격이 진짜 저렴하네요.혼밥하기 딱 좋은 용량입니다. 그런데 뚜껑이 팍 열릴때 밥솥이 흔들걸려 아주 위험해요.",
    "Source": "쇼핑몰",
    "Domain": "가전",
    "MainCategory": "주방가전",
    "ProductName": "쿠쿠전자 에그 CR-0675FW",
    "ReviewScore": "4",
    "Syllable": "61",
    "Word": "14",
    "RDate": "20210811",
    "GeneralPolarity": "0",
    "Aspects": [
      {
        "Aspect": "가격",
        "SentimentText": "가격이 진짜 저렴하네요",
        "SentimentWord": "3",
        "SentimentPolarity": "1"
      },
      {
        "Aspect": "용량",
        "SentimentText": "혼밥하기 딱 좋은 용량입니다. ",
        "SentimentWord": "4",
        "SentimentPolarity": "1"
      },
      {
        "Aspect": "품질",
        "SentimentText": "그런데 뚜껑이 팍 열릴때 밥솥이 흔들걸려 아주 위험해요. ",
        "SentimentWord": "8",
        "SentimentPolarity": "-1"
      }
    ]
  },
  {
    "Index": "34312",
    "RawText": "다른 밥 솥 보다 취사시간이 오래 걸린다는 게 단점이네요. 그래도 성능이 좋아서 밥이 찰 지고 고슬고슬 맛있네요. 가격도 저렴해서 좋아요",
    "Source": "쇼핑몰",
    "Domain": "가전",
    "MainCategory": "주방가전",
    "ProductName": "쿠쿠전자 에그 CR-0675FW",
    "ReviewScore": "5",
    "Syllable": "76",
    "Word": "20",
    "RDate": "20220209",
    "GeneralPolarity": "1",
    "Aspects": [
      {
        "Aspect": "시간/속도",
        "SentimentText": "다른 밥 솥 보다 취사시간이 오래 걸린다는 게 단점이네요. ",
        "SentimentWord": "9",
        "SentimentPolarity": "-1"
      },
      {
        "Aspect": "기능",
        "SentimentText": "성능이 좋아서 밥이 찰 지고 고슬고슬 맛있네요",
        "SentimentWord": "7",
        "SentimentPolarity": "1"
      },
      {
        "Aspect": "가격",
        "SentimentText": "가격도 저렴해서 좋아요",
        "SentimentWord": "3",
        "SentimentPolarity": "1"
      }
    ]
  },
  {
    "Index": "34313",
    "RawText": "품질이 너무 떨어지네요 사용할 때마다 플라스틱 냄새가 진동을 합니다. 성능도 떨어집니다. 밥이 맛이 없어요",
    "Source": "쇼핑몰",
    "Domain": "가전",
    "MainCategory": "주방가전",
    "ProductName": "쿠쿠전자 에그 CR-0675FW",
    "ReviewScore": "1",
    "Syllable": "59",
    "Word": "14",
    "RDate": "20211203",
    "GeneralPolarity": "-1",
    "Aspects": [
      {
        "Aspect": "품질",
        "SentimentText": "품질이 너무 떨어지네요 사용할 때마다 플라스틱 냄새가 진동을 합니다.",
        "SentimentWord": "9",
        "SentimentPolarity": "-1"
      },
      {
        "Aspect": "기능",
        "SentimentText": "성능도 떨어집니다. 밥이 맛이 없어요",
        "SentimentWord": "5",
        "SentimentPolarity": "-1"
      }
    ]
  },
  {
    "Index": "34314",
    "RawText": "취사 시간이 너무 오래 걸려서 짜증나네요.  성능도 별로라서 밥도 맛 없네요;",
    "Source": "쇼핑몰",
    "Domain": "가전",
    "MainCategory": "주방가전",
    "ProductName": "쿠쿠전자 에그 CR-0675FW",
    "ReviewScore": "4",
    "Syllable": "43",
    "Word": "11",
    "RDate": "20220306",
    "GeneralPolarity": "-1",
    "Aspects": [
      {
        "Aspect": "시간/속도",
        "SentimentText": "취사 시간이 너무 오래 걸려서 짜증나네요.",
        "SentimentWord": "6",
        "SentimentPolarity": "-1"
      },
      {
        "Aspect": "기능",
        "SentimentText": "성능도 별로라서 밥도 맛 없네요;",
        "SentimentWord": "5",
        "SentimentPolarity": "-1"
      }
    ]
  },
  {
    "Index": "34315",
    "RawText": "디자인 깔끔하고 예뻐서 좋아요. 그런데 성능이 너무 별로입니다 밥이 찰지지 않고 맛없네요",
    "Source": "쇼핑몰",
    "Domain": "가전",
    "MainCategory": "주방가전",
    "ProductName": "쿠쿠전자 에그 CR-0675FW",
    "ReviewScore": "3",
    "Syllable": "49",
    "Word": "12",
    "RDate": "20210805",
    "GeneralPolarity": "0",
    "Aspects": [
      {
        "Aspect": "디자인",
        "SentimentText": "디자인 깔끔하고 예뻐서 좋아요.",
        "SentimentWord": "4",
        "SentimentPolarity": "1"
      },
      {
        "Aspect": "기능",
        "SentimentText": "성능이 너무 별로입니다 밥이 찰지지 않고 맛없네요",
        "SentimentWord": "7",
        "SentimentPolarity": "-1"
      }
    ]
  },
  {
    "Index": "34316",
    "RawText": "농장에서만 사용 할려고 저렴한거 찾았는데 아주싸게 잘 샀어요. 외관 사이즈가 작아 귀엽고, 의외로 야무지게 기능도 많아 이것 저것 할수 있어 좋아요   내솥에 손잡이가 없어 사용하기 불편하지만  그냥 씁니다. 그런데 뚜껑이 몸체보다 무거워 열릴때 마다 흔들려 위험합니다. 시계기능이 없어 취사시간을 알수 없는 것은 조금 답답하지만 크게 불편은 없어요",
    "Source": "쇼핑몰",
    "Domain": "가전",
    "MainCategory": "주방가전",
    "ProductName": "쿠쿠전자 에그 CR-0675FW",
    "ReviewScore": "5",
    "Syllable": "195",
    "Word": "47",
    "RDate": "20220423",
    "GeneralPolarity": "0",
    "Aspects": [
      {
        "Aspect": "가격",
        "SentimentText": "농장에서만 사용 할려고 저렴한거 찾았는데 아주싸게 잘 샀어요.",
        "SentimentWord": "8",
        "SentimentPolarity": "1"
      },
      {
        "Aspect": "사이즈",
        "SentimentText": "외관 사이즈가 작아 귀엽고,",
        "SentimentWord": "4",
        "SentimentPolarity": "1"
      },
      {
        "Aspect": "기능",
        "SentimentText": "의외로 야무지게 기능도 많아 이것 저것 할수 있어 좋아요   ",
        "SentimentWord": "9",
        "SentimentPolarity": "1"
      },
      {
        "Aspect": "편의성",
        "SentimentText": "내솥에 손잡이가 없어 사용하기 불편하지만  그냥 씁니다.",
        "SentimentWord": "7",
        "SentimentPolarity": "0"
      },
      {
        "Aspect": "무게",
        "SentimentText": " 뚜껑이 몸체보다 무거워 열릴때 마다 흔들려 위험합니다",
        "SentimentWord": "7",
        "SentimentPolarity": "-1"
      },
      {
        "Aspect": "기능",
        "SentimentText": "시계기능이 없어 취사시간을 알수 없는 것은 조금 답답하지만 크게 불편은 없어요",
        "SentimentWord": "11",
        "SentimentPolarity": "0"
      }
    ]
  },
  {
    "Index": "34317",
    "RawText": "디자인 너무 예뻐서 마음에 쏙 듭니다~ 아쉬운 건 취사 시간이 너무 오래 걸려요 ㅠ",
    "Source": "쇼핑몰",
    "Domain": "가전",
    "MainCategory": "주방가전",
    "ProductName": "쿠쿠전자 에그 CR-0675FW",
    "ReviewScore": "5",
    "Syllable": "46",
    "Word": "14",
    "RDate": "20211003",
    "GeneralPolarity": "0",
    "Aspects": [
      {
        "Aspect": "디자인",
        "SentimentText": "디자인 너무 예뻐서 마음에 쏙 듭니다~",
        "SentimentWord": "6",
        "SentimentPolarity": "1"
      },
      {
        "Aspect": "시간/속도",
        "SentimentText": "아쉬운 건 취사 시간이 너무 오래 걸려요 ㅠ",
        "SentimentWord": "8",
        "SentimentPolarity": "-1"
      }
    ]
  },
  {
    "Index": "34318",
    "RawText": "색상이 하얀색이라 깔끔해서 마음에 들어요. 단점은 취사 시간이 너무 느리다는거... 내 솥 용량은 4인 가구가 쓰기 딱 좋습니다",
    "Source": "쇼핑몰",
    "Domain": "가전",
    "MainCategory": "주방가전",
    "ProductName": "쿠쿠전자 에그 CR-0675FW",
    "ReviewScore": "5",
    "Syllable": "71",
    "Word": "18",
    "RDate": "20220122",
    "GeneralPolarity": "0",
    "Aspects": [
      {
        "Aspect": "색상",
        "SentimentText": "색상이 하얀색이라 깔끔해서 마음에 들어요",
        "SentimentWord": "5",
        "SentimentPolarity": "1"
      },
      {
        "Aspect": "시간/속도",
        "SentimentText": "단점은 취사 시간이 너무 느리다는거... ",
        "SentimentWord": "5",
        "SentimentPolarity": "-1"
      },
      {
        "Aspect": "용량",
        "SentimentText": "내 솥 용량은 4인 가구가 쓰기 딱 좋습니다",
        "SentimentWord": "8",
        "SentimentPolarity": "1"
      }
    ]
  },
  {
    "Index": "34320",
    "RawText": "외관은 심플해서 마음에 듭니다. 취사 시간이 너무 오래 걸리는 거 같아서 아쉽네요. 성능도 그럭저럭.. 밥이 맛있지 않아요 ",
    "Source": "쇼핑몰",
    "Domain": "가전",
    "MainCategory": "주방가전",
    "ProductName": "쿠쿠전자 에그 CR-0675FW",
    "ReviewScore": "4",
    "Syllable": "69",
    "Word": "17",
    "RDate": "20220824",
    "GeneralPolarity": "-1",
    "Aspects": [
      {
        "Aspect": "디자인",
        "SentimentText": "외관은 심플해서 마음에 듭니다.",
        "SentimentWord": "4",
        "SentimentPolarity": "1"
      },
      {
        "Aspect": "시간/속도",
        "SentimentText": "취사 시간이 너무 오래 걸리는 거 같아서 아쉽네요.",
        "SentimentWord": "8",
        "SentimentPolarity": "-1"
      },
      {
        "Aspect": "기능",
        "SentimentText": "성능도 그럭저럭.. 밥이 맛있지 않아요",
        "SentimentWord": "5",
        "SentimentPolarity": "-1"
      }
    ]
  },
  {
    "Index": "34321",
    "RawText": "디자인 깔끔해서 마음에 들고, 취사 기능도 좋아서 밥도 맛있게 잘돼요. 단점은 취사 시간이 너무 오래 걸린다는 거..",
    "Source": "쇼핑몰",
    "Domain": "가전",
    "MainCategory": "주방가전",
    "ProductName": "쿠쿠전자 에그 CR-0675FW",
    "ReviewScore": "5",
    "Syllable": "65",
    "Word": "17",
    "RDate": "20220307",
    "GeneralPolarity": "0",
    "Aspects": [
      {
        "Aspect": "디자인",
        "SentimentText": "디자인 깔끔해서 마음에 들고,",
        "SentimentWord": "4",
        "SentimentPolarity": "1"
      },
      {
        "Aspect": "기능",
        "SentimentText": "취사 기능도 좋아서 밥도 맛있게 잘돼요.",
        "SentimentWord": "6",
        "SentimentPolarity": "1"
      },
      {
        "Aspect": "시간/속도",
        "SentimentText": "단점은 취사 시간이 너무 오래 걸린다는 거..",
        "SentimentWord": "7",
        "SentimentPolarity": "-1"
      }
    ]
  },
  {
    "Index": "34323",
    "RawText": "저렴한 가격에 잘 샀어요 가성비 갑이네요~ 역시 밥솥은 ooo이 최고인 듯 합니다~",
    "Source": "쇼핑몰",
    "Domain": "가전",
    "MainCategory": "주방가전",
    "ProductName": "쿠쿠전자 에그 CR-0675FW",
    "ReviewScore": "5",
    "Syllable": "46",
    "Word": "12",
    "RDate": "20210911",
    "GeneralPolarity": "1",
    "Aspects": [
      {
        "Aspect": "가격",
        "SentimentText": "저렴한 가격에 잘 샀어요 가성비 갑이네요~",
        "SentimentWord": "6",
        "SentimentPolarity": "1"
      },
      {
        "Aspect": "제조일/제조사",
        "SentimentText": "역시 밥솥은 ooo이 최고인 듯 합니다~",
        "SentimentWord": "6",
        "SentimentPolarity": "1"
      }
    ]
  },
  {
    "Index": "34324",
    "RawText": "디자인 너무 깔끔해서 마음에 쏙 들어요~ 색상도 하얀색이라 주방가전들이랑 너무 잘 어울립니다",
    "Source": "쇼핑몰",
    "Domain": "가전",
    "MainCategory": "주방가전",
    "ProductName": "쿠쿠전자 에그 CR-0675FW",
    "ReviewScore": "4",
    "Syllable": "51",
    "Word": "12",
    "RDate": "20220529",
    "GeneralPolarity": "1",
    "Aspects": [
      {
        "Aspect": "디자인",
        "SentimentText": "디자인 너무 깔끔해서 마음에 쏙 들어요~",
        "SentimentWord": "6",
        "SentimentPolarity": "1"
      },
      {
        "Aspect": "색상",
        "SentimentText": "색상도 하얀색이라 주방가전들이랑 너무 잘 어울립니다 ",
        "SentimentWord": "6",
        "SentimentPolarity": "1"
      }
    ]
  },
  {
    "Index": "34325",
    "RawText": "ㅎㅎ 밥솥모양이 이렇게 깜찍 할수가? 너무나 이쁘잖아요!! 식어버린 밥도 재가열하면 새로 한 밥처럼 맛있어요 ^^",
    "Source": "쇼핑몰",
    "Domain": "가전",
    "MainCategory": "주방가전",
    "ProductName": "쿠쿠전자 에그 CR-0675FW",
    "ReviewScore": "5",
    "Syllable": "63",
    "Word": "15",
    "RDate": "20220405",
    "GeneralPolarity": "1",
    "Aspects": [
      {
        "Aspect": "디자인",
        "SentimentText": "ㅎㅎ 밥솥모양이 이렇게 깜찍 할수가? 너무나 이쁘잖아요!! ",
        "SentimentWord": "7",
        "SentimentPolarity": "1"
      },
      {
        "Aspect": "기능",
        "SentimentText": "식어버린 밥도 재가열하면 새로 한 밥처럼 맛있어요 ^^ ",
        "SentimentWord": "8",
        "SentimentPolarity": "1"
      }
    ]
  },
  {
    "Index": "34326",
    "RawText": "외관이 너무 깔끔하고 예뻐서 마음에 쏙 들어요~ 밥 맛도 맛있어서 식구들이 좋아라하네요^^",
    "Source": "쇼핑몰",
    "Domain": "가전",
    "MainCategory": "주방가전",
    "ProductName": "쿠쿠전자 에그 CR-0675FW",
    "ReviewScore": "5",
    "Syllable": "50",
    "Word": "12",
    "RDate": "20220226",
    "GeneralPolarity": "1",
    "Aspects": [
      {
        "Aspect": "디자인",
        "SentimentText": "외관이 너무 깔끔하고 예뻐서 마음에 쏙 들어요~",
        "SentimentWord": "7",
        "SentimentPolarity": "1"
      },
      {
        "Aspect": "기능",
        "SentimentText": "밥 맛도 맛있어서 식구들이 좋아라하네요^^",
        "SentimentWord": "5",
        "SentimentPolarity": "1"
      }
    ]
  },
  {
    "Index": "34329",
    "RawText": "디자인 너무 귀엽고 앙증맞아서 마음에 들어요~ 기능도 좋아서 밥이 아주 찰 지고 맛있게 잘됩니다~",
    "Source": "쇼핑몰",
    "Domain": "가전",
    "MainCategory": "주방가전",
    "ProductName": "쿠쿠전자 에코미니 CRP-EHS0320FS",
    "ReviewScore": "5",
    "Syllable": "54",
    "Word": "14",
    "RDate": "20211002",
    "GeneralPolarity": "1",
    "Aspects": [
      {
        "Aspect": "디자인",
        "SentimentText": "디자인 너무 귀엽고 앙증맞아서 마음에 들어요~",
        "SentimentWord": "6",
        "SentimentPolarity": "1"
      },
      {
        "Aspect": "기능",
        "SentimentText": "기능도 좋아서 밥이 아주 찰 지고 맛있게 잘됩니다~",
        "SentimentWord": "8",
        "SentimentPolarity": "1"
      }
    ]
  },
  {
    "Index": "34330",
    "RawText": "밥 하고 나면 설거지 너무 싫었는데 작으니깐 설거지 넘 편해서 좋아요~ 취사 되는 속도도  빠르고  무엇보다 내솥 가벼워 쌀 씻는 것도 손목에 부담이 없어요",
    "Source": "쇼핑몰",
    "Domain": "가전",
    "MainCategory": "주방가전",
    "ProductName": "쿠쿠전자 에코미니 CRP-EHS0320FS",
    "ReviewScore": "5",
    "Syllable": "87",
    "Word": "24",
    "RDate": "20220116",
    "GeneralPolarity": "1",
    "Aspects": [
      {
        "Aspect": "편의성",
        "SentimentText": "밥 하고 나면 설거지 너무 싫었는데 작으니깐 설거지 넘 편해서 좋아요~ ",
        "SentimentWord": "11",
        "SentimentPolarity": "1"
      },
      {
        "Aspect": "시간/속도",
        "SentimentText": " 취사 되는 속도도  빠르고 ",
        "SentimentWord": "4",
        "SentimentPolarity": "1"
      },
      {
        "Aspect": "무게",
        "SentimentText": "무엇보다 내솥 가벼워 쌀 씻는 것도 손목에 부담이 없어요 ",
        "SentimentWord": "9",
        "SentimentPolarity": "1"
      }
    ]
  },
  {
    "Index": "34332",
    "RawText": "기능이 여러가지라 다양한 요리를 할 수 있어 마음에 듭니다~ 디자인 심플해서 마음에 들어요 ^^",
    "Source": "쇼핑몰",
    "Domain": "가전",
    "MainCategory": "주방가전",
    "ProductName": "쿠쿠전자 에코미니 CRP-EHS0320FS",
    "ReviewScore": "5",
    "Syllable": "53",
    "Word": "14",
    "RDate": "20210224",
    "GeneralPolarity": "1",
    "Aspects": [
      {
        "Aspect": "기능",
        "SentimentText": "기능이 여러가지라 다양한 요리를 할 수 있어 마음에 듭니다~",
        "SentimentWord": "9",
        "SentimentPolarity": "1"
      },
      {
        "Aspect": "디자인",
        "SentimentText": "디자인 심플해서 마음에 들어요 ^^",
        "SentimentWord": "5",
        "SentimentPolarity": "1"
      }
    ]
  },
  {
    "Index": "34333",
    "RawText": "오프라인보다 저렴하게 살 수 있어서 좋아요^^ 성능도 어찌나 좋은지~ 밥이 찰 지고 맛있네요~",
    "Source": "쇼핑몰",
    "Domain": "가전",
    "MainCategory": "주방가전",
    "ProductName": "쿠쿠전자 에코미니 CRP-EHS0320FS",
    "ReviewScore": "5",
    "Syllable": "52",
    "Word": "13",
    "RDate": "20210128",
    "GeneralPolarity": "1",
    "Aspects": [
      {
        "Aspect": "가격",
        "SentimentText": "오프라인보다 저렴하게 살 수 있어서 좋아요^^",
        "SentimentWord": "6",
        "SentimentPolarity": "1"
      },
      {
        "Aspect": "기능",
        "SentimentText": "성능도 어찌나 좋은지~ 밥이 찰 지고 맛있네요~",
        "SentimentWord": "7",
        "SentimentPolarity": "1"
      }
    ]
  },
  {
    "Index": "34335",
    "RawText": "내솥 사이즈 너무 깜찍하고 귀여워요. 가격은 비싸지만 그만큼 다양한 기능 있어 좋고  재질도 싸구려 아니라서 밥까지 맛있네요",
    "Source": "쇼핑몰",
    "Domain": "가전",
    "MainCategory": "주방가전",
    "ProductName": "쿠쿠전자 에코미니 CRP-EHS0320FS",
    "ReviewScore": "5",
    "Syllable": "69",
    "Word": "17",
    "RDate": "20210817",
    "GeneralPolarity": "1",
    "Aspects": [
      {
        "Aspect": "사이즈",
        "SentimentText": "내솥 사이즈 너무 깜찍하고 귀여워요",
        "SentimentWord": "5",
        "SentimentPolarity": "1"
      },
      {
        "Aspect": "가격",
        "SentimentText": "가격은 비싸지만 그만큼 다양한 기능 있어 좋고",
        "SentimentWord": "7",
        "SentimentPolarity": "1"
      },
      {
        "Aspect": "기능",
        "SentimentText": "다양한 기능 있어 좋고",
        "SentimentWord": "4",
        "SentimentPolarity": "1"
      },
      {
        "Aspect": "소재",
        "SentimentText": " 재질도 싸구려 아니라서 밥까지 맛있네요",
        "SentimentWord": "5",
        "SentimentPolarity": "1"
      }
    ]
  },
  {
    "Index": "34336",
    "RawText": "할인 쿠폰 있어서 아주 저렴한 가격으로 샀습니다! 기분이 좋네요~ 디자인도 예뻐서 좋고~ 성능도 굿 밥맛도 아주 좋습니다^^",
    "Source": "쇼핑몰",
    "Domain": "가전",
    "MainCategory": "주방가전",
    "ProductName": "쿠쿠전자 에코미니 CRP-EHS0320FS",
    "ReviewScore": "5",
    "Syllable": "69",
    "Word": "17",
    "RDate": "20211104",
    "GeneralPolarity": "1",
    "Aspects": [
      {
        "Aspect": "가격",
        "SentimentText": "할인 쿠폰 있어서 아주 저렴한 가격으로 샀습니다! 기분이 좋네요~ ",
        "SentimentWord": "9",
        "SentimentPolarity": "1"
      },
      {
        "Aspect": "디자인",
        "SentimentText": "디자인도 예뻐서 좋고~",
        "SentimentWord": "3",
        "SentimentPolarity": "1"
      },
      {
        "Aspect": "기능",
        "SentimentText": "성능도 굿 밥맛도 아주 좋습니다^^",
        "SentimentWord": "5",
        "SentimentPolarity": "1"
      }
    ]
  },
  {
    "Index": "34337",
    "RawText": "2~3인용으로 알아보다가 구매했어요. 디자인이 앙증맞은게 이뻐요. 밥솥하면 000이라고 해서 믿고 샀어요.",
    "Source": "쇼핑몰",
    "Domain": "가전",
    "MainCategory": "주방가전",
    "ProductName": "쿠쿠전자 에코미니 CRP-EHS0320FS",
    "ReviewScore": "5",
    "Syllable": "59",
    "Word": "11",
    "RDate": "20210329",
    "GeneralPolarity": "1",
    "Aspects": [
      {
        "Aspect": "디자인",
        "SentimentText": "디자인이 앙증맞은게 이뻐요. ",
        "SentimentWord": "3",
        "SentimentPolarity": "1"
      },
      {
        "Aspect": "제조일/제조사",
        "SentimentText": "밥솥하면 000이라고 해서 믿고 샀어요.",
        "SentimentWord": "5",
        "SentimentPolarity": "1"
      }
    ]
  },
  {
    "Index": "34338",
    "RawText": "용량 컵으로 3.5인분 될 줄 알았는데 딱 3인분 되서 아쉬워요. 하지만 압력 기능이 있어  밥맛도 아주 맛있어요  ",
    "Source": "쇼핑몰",
    "Domain": "가전",
    "MainCategory": "주방가전",
    "ProductName": "쿠쿠전자 에코미니 CRP-EHS0320FS",
    "ReviewScore": "5",
    "Syllable": "65",
    "Word": "17",
    "RDate": "20210322",
    "GeneralPolarity": "0",
    "Aspects": [
      {
        "Aspect": "용량",
        "SentimentText": "용량 컵으로 3.5인분 될 줄 알았는데 딱 3인분 되서 아쉬워요",
        "SentimentWord": "10",
        "SentimentPolarity": "-1"
      },
      {
        "Aspect": "기능",
        "SentimentText": "하지만 압력 기능이 있어  밥맛도 아주 맛있어요 ",
        "SentimentWord": "7",
        "SentimentPolarity": "1"
      }
    ]
  },
  {
    "Index": "34339",
    "RawText": "디자인은 작고 예뻐요. 초고압력에 밥도 찰지게 잘되서 만족하구요. 배송도 빨라요. 기능버튼 아래에 글씨가 작아 불편하네요. 색상이 좀 더 밝았으면 예뻤을 텐데 아쉽네요.  새로 구입하는데 모델 종류가 너무 많아 선택하기 힘들었어요. 잘 쓸께요. 000 대박나세요.",
    "Source": "쇼핑몰",
    "Domain": "가전",
    "MainCategory": "주방가전",
    "ProductName": "쿠쿠전자 에코미니 CRP-EHS0320FS",
    "ReviewScore": "5",
    "Syllable": "147",
    "Word": "34",
    "RDate": "20220709",
    "GeneralPolarity": "0",
    "Aspects": [
      {
        "Aspect": "디자인",
        "SentimentText": "디자인은 작고 예뻐요",
        "SentimentWord": "3",
        "SentimentPolarity": "1"
      },
      {
        "Aspect": "기능",
        "SentimentText": "초고압력에 밥도 찰지게 잘되서 만족하구요.",
        "SentimentWord": "5",
        "SentimentPolarity": "1"
      },
      {
        "Aspect": "조작성",
        "SentimentText": "기능버튼 아래에 글씨가 작아 불편하네요. ",
        "SentimentWord": "5",
        "SentimentPolarity": "-1"
      },
      {
        "Aspect": "색상",
        "SentimentText": "색상이 좀 더 밝았으면 예뻤을 텐데 아쉽네요. ",
        "SentimentWord": "7",
        "SentimentPolarity": "-1"
      }
    ]
  },
  {
    "Index": "34342",
    "RawText": "큰 용량 쓰다가 무거워서 이 제품으로 교체했는데, 제가 원하는 적당한 용량이라서 쓰기 좋고 외관 사이즈도 아담해 공간도 많이 안 차지해요",
    "Source": "쇼핑몰",
    "Domain": "가전",
    "MainCategory": "주방가전",
    "ProductName": "쿠쿠전자 에코미니 CRP-EHS0320FS",
    "ReviewScore": "5",
    "Syllable": "76",
    "Word": "20",
    "RDate": "20211031",
    "GeneralPolarity": "1",
    "Aspects": [
      {
        "Aspect": "용량",
        "SentimentText": " 제가 원하는 적당한 용량이라서 쓰기 좋고 ",
        "SentimentWord": "6",
        "SentimentPolarity": "1"
      },
      {
        "Aspect": "사이즈",
        "SentimentText": "외관 사이즈도 아담해 공간도 많이 안 차지해요 ",
        "SentimentWord": "7",
        "SentimentPolarity": "1"
      }
    ]
  },
  {
    "Index": "34344",
    "RawText": "저처럼 1인 가구가 쓰기 적당한 용량입니다. 디자인도 세련됐고 샤방샤방하니 귀여워요. 타사 제품이랑 가격은 비슷했지만 이 제품도 가성비 좋고 밥도 맛있네요",
    "Source": "쇼핑몰",
    "Domain": "가전",
    "MainCategory": "주방가전",
    "ProductName": "쿠쿠전자 에코미니 CRP-EHS0320FS",
    "ReviewScore": "5",
    "Syllable": "86",
    "Word": "20",
    "RDate": "20210225",
    "GeneralPolarity": "1",
    "Aspects": [
      {
        "Aspect": "용량",
        "SentimentText": "저처럼 1인 가구가 쓰기 적당한 용량입니다.",
        "SentimentWord": "6",
        "SentimentPolarity": "1"
      },
      {
        "Aspect": "디자인",
        "SentimentText": " 디자인도 세련됐고 샤방샤방하니 귀여워요",
        "SentimentWord": "4",
        "SentimentPolarity": "1"
      },
      {
        "Aspect": "가격",
        "SentimentText": "타사 제품이랑 가격은 비슷했지만 이 제품도 가성비 좋고 밥도 맛있네요",
        "SentimentWord": "10",
        "SentimentPolarity": "1"
      }
    ]
  },
  {
    "Index": "34346",
    "RawText": "2인 가족 쓰기에 적당한 크기라 마음에 듭니다. 배송은 빠르게 와서 잘 받았습니다. 디자인도 심플하고 색상도 예뻐서 만족합니다.  압력이 좋아서 밥도 맛있게 잘 됩니다^^",
    "Source": "쇼핑몰",
    "Domain": "가전",
    "MainCategory": "주방가전",
    "ProductName": "쿠쿠전자 에코미니 CRP-EHS0320FS",
    "ReviewScore": "5",
    "Syllable": "95",
    "Word": "23",
    "RDate": "20210416",
    "GeneralPolarity": "1",
    "Aspects": [
      {
        "Aspect": "용량",
        "SentimentText": "2인 가족 쓰기에 적당한 크기라 마음에 듭니다. ",
        "SentimentWord": "7",
        "SentimentPolarity": "1"
      },
      {
        "Aspect": "디자인",
        "SentimentText": "디자인도 심플하고 색상도 예뻐서 만족합니다. ",
        "SentimentWord": "5",
        "SentimentPolarity": "1"
      },
      {
        "Aspect": "색상",
        "SentimentText": "색상도 예뻐서 만족합니다. ",
        "SentimentWord": "3",
        "SentimentPolarity": "1"
      },
      {
        "Aspect": "기능",
        "SentimentText": "압력이 좋아서 밥도 맛있게 잘 됩니다^^",
        "SentimentWord": "6",
        "SentimentPolarity": "1"
      }
    ]
  },
  {
    "Index": "34348",
    "RawText": "저희 집은 3인 가족인데 큰 용량 부담스러워 3인용으로 바꾸니 쓰기 적당하네요. 앙증맞은 디자인도  귀엽고 너무 이쁩니다",
    "Source": "쇼핑몰",
    "Domain": "가전",
    "MainCategory": "주방가전",
    "ProductName": "쿠쿠전자 에코미니 CRP-EHS0320FS",
    "ReviewScore": "5",
    "Syllable": "67",
    "Word": "16",
    "RDate": "20210519",
    "GeneralPolarity": "1",
    "Aspects": [
      {
        "Aspect": "용량",
        "SentimentText": "저희 집은 3인 가족인데 큰 용량 부담스러워 3인용으로 바꾸니 쓰기 적당하네요",
        "SentimentWord": "11",
        "SentimentPolarity": "1"
      },
      {
        "Aspect": "디자인",
        "SentimentText": "앙증맞은 디자인도  귀엽고 너무 이쁩니다 ",
        "SentimentWord": "5",
        "SentimentPolarity": "1"
      }
    ]
  },
  {
    "Index": "34349",
    "RawText": "3인용 밥솥 디자인이 너무 귀엽고 깜찍해요. 그런데 가격대는 아주 부담되는 가격입니다",
    "Source": "쇼핑몰",
    "Domain": "가전",
    "MainCategory": "주방가전",
    "ProductName": "쿠쿠전자 에코미니 CRP-EHS0320FS",
    "ReviewScore": "4",
    "Syllable": "47",
    "Word": "11",
    "RDate": "20210226",
    "GeneralPolarity": "0",
    "Aspects": [
      {
        "Aspect": "디자인",
        "SentimentText": "3인용 밥솥 디자인이 너무 귀엽고 깜찍해요. ",
        "SentimentWord": "6",
        "SentimentPolarity": "1"
      },
      {
        "Aspect": "가격",
        "SentimentText": "그런데 가격대는 아주 부담되는 가격입니다 ",
        "SentimentWord": "5",
        "SentimentPolarity": "-1"
      }
    ]
  },
  {
    "Index": "34350",
    "RawText": "3인용인줄 알았지만 너무 작아 당황했어요 ㅎㅎㅎ 디자인이 귀엽네요. 소꼽놀이하는 용품 같아요 ㅋㅋㅋ   2인 가족 쓰기에 적당한 사이즈입니다. 잘쓸게요~",
    "Source": "쇼핑몰",
    "Domain": "가전",
    "MainCategory": "주방가전",
    "ProductName": "쿠쿠전자 에코미니 CRP-EHS0320FS",
    "ReviewScore": "5",
    "Syllable": "85",
    "Word": "18",
    "RDate": "20210929",
    "GeneralPolarity": "1",
    "Aspects": [
      {
        "Aspect": "용량",
        "SentimentText": "3인용인줄 알았지만 너무 작아 당황했어요 ㅎㅎㅎ",
        "SentimentWord": "6",
        "SentimentPolarity": "0"
      },
      {
        "Aspect": "디자인",
        "SentimentText": "디자인이 귀엽네요. 소꼽놀이하는 용품 같아요 ㅋㅋㅋ  ",
        "SentimentWord": "6",
        "SentimentPolarity": "1"
      },
      {
        "Aspect": "용량",
        "SentimentText": "2인 가족 쓰기에 적당한 사이즈입니다. 잘쓸게요~",
        "SentimentWord": "6",
        "SentimentPolarity": "1"
      }
    ]
  },
  {
    "Index": "34351",
    "RawText": "4인가족이 써도 충분한 사이즈입니다. 많이들 안먹기도 하지만 디자인이 예뻐서 아들에게도 선물했더니 마음에 든다네요.   압력조절도 되니 잡곡밥도 맛있게 잘되네요 만족합니다.",
    "Source": "쇼핑몰",
    "Domain": "가전",
    "MainCategory": "주방가전",
    "ProductName": "쿠쿠전자 에코미니 CRP-EHS0320FS",
    "ReviewScore": "5",
    "Syllable": "96",
    "Word": "19",
    "RDate": "20210510",
    "GeneralPolarity": "1",
    "Aspects": [
      {
        "Aspect": "용량",
        "SentimentText": "4인가족이 써도 충분한 사이즈입니다.",
        "SentimentWord": "4",
        "SentimentPolarity": "1"
      },
      {
        "Aspect": "디자인",
        "SentimentText": "디자인이 예뻐서 아들에게도 선물했더니 마음에 든다네요.  ",
        "SentimentWord": "6",
        "SentimentPolarity": "1"
      },
      {
        "Aspect": "기능",
        "SentimentText": "압력조절도 되니 잡곡밥도 맛있게 잘되네요 만족합니다.",
        "SentimentWord": "6",
        "SentimentPolarity": "1"
      }
    ]
  },
  {
    "Index": "34353",
    "RawText": "큰 사이즈 쓰다 이번엔 소형으로 구매했는데 사이즈 만족해요. 밥도 찰지게 잘되고 디자인도 심플하니 짱! 잘 사용하고 있어요~~",
    "Source": "쇼핑몰",
    "Domain": "가전",
    "MainCategory": "주방가전",
    "ProductName": "쿠쿠전자 에코미니 CRP-EHS0320FS",
    "ReviewScore": "5",
    "Syllable": "70",
    "Word": "17",
    "RDate": "20220413",
    "GeneralPolarity": "1",
    "Aspects": [
      {
        "Aspect": "용량",
        "SentimentText": "큰 사이즈 쓰다 이번엔 소형으로 구매했는데 사이즈 만족해요.",
        "SentimentWord": "8",
        "SentimentPolarity": "1"
      },
      {
        "Aspect": "기능",
        "SentimentText": " 밥도 찰지게 잘되고 디자인도 심플하니 짱! 잘 사용하고 있어요~~",
        "SentimentWord": "9",
        "SentimentPolarity": "1"
      },
      {
        "Aspect": "디자인",
        "SentimentText": "디자인도 심플하니 짱! 잘 사용하고 있어요~~",
        "SentimentWord": "6",
        "SentimentPolarity": "1"
      }
    ]
  },
  {
    "Index": "34356",
    "RawText": "6인용 썼는데 이번엔 3인용으로 바꿨어요. 3중 모션으로 밥이 잘 되고 맛도 최고입니다. 터치형버튼식이라 편해서 마음에 듭니다.",
    "Source": "쇼핑몰",
    "Domain": "가전",
    "MainCategory": "주방가전",
    "ProductName": "쿠쿠전자 에코미니 CRP-EHS0320FS",
    "ReviewScore": "5",
    "Syllable": "71",
    "Word": "16",
    "RDate": "20210502",
    "GeneralPolarity": "1",
    "Aspects": [
      {
        "Aspect": "기능",
        "SentimentText": "3중 모션으로 밥이 잘 되고 맛도 최고입니다. ",
        "SentimentWord": "7",
        "SentimentPolarity": "1"
      },
      {
        "Aspect": "조작성",
        "SentimentText": " 터치형버튼식이라 편해서 마음에 듭니다.",
        "SentimentWord": "4",
        "SentimentPolarity": "1"
      }
    ]
  },
  {
    "Index": "34358",
    "RawText": "가격대비 제품에 실망이 큽니다 압력이 좋다는데 밥에 찰기도 없도 맛도 별로예요. 밥 색깔도 아니구요. 대단히 실망입니다.",
    "Source": "쇼핑몰",
    "Domain": "가전",
    "MainCategory": "주방가전",
    "ProductName": "쿠쿠전자 에코미니 CRP-EHS0320FS",
    "ReviewScore": "2",
    "Syllable": "67",
    "Word": "16",
    "RDate": "20220310",
    "GeneralPolarity": "-1",
    "Aspects": [
      {
        "Aspect": "가격",
        "SentimentText": "가격대비 제품에 실망이 큽니다",
        "SentimentWord": "4",
        "SentimentPolarity": "-1"
      },
      {
        "Aspect": "기능",
        "SentimentText": "압력이 좋다는데 밥에 찰기도 없도 맛도 별로예요. ",
        "SentimentWord": "7",
        "SentimentPolarity": "-1"
      }
    ]
  },
  {
    "Index": "34360",
    "RawText": "디자인이 굉장히 귀엽고 아담하게 생겨서 좋아요. 에너지 효율이 1등급이라 전기세걱정없어요!",
    "Source": "쇼핑몰",
    "Domain": "가전",
    "MainCategory": "주방가전",
    "ProductName": "쿠쿠전자 에코미니 CRP-EHS0320FS",
    "ReviewScore": "4",
    "Syllable": "50",
    "Word": "10",
    "RDate": "20220819",
    "GeneralPolarity": "1",
    "Aspects": [
      {
        "Aspect": "디자인",
        "SentimentText": "디자인이 굉장히 귀엽고 아담하게 생겨서 좋아요.",
        "SentimentWord": "6",
        "SentimentPolarity": "1"
      },
      {
        "Aspect": "소비전력",
        "SentimentText": "에너지 효율이 1등급이라 전기세걱정없어요!",
        "SentimentWord": "4",
        "SentimentPolarity": "1"
      }
    ]
  },
  {
    "Index": "34361",
    "RawText": "제품 받자마자 백미쾌속해봤는데 총 16분 걸려요 조리시간 빨라서 좋네요. 밥이 남아서 보온으로 하루이상 보관해봤는데 밥에서 냄새가 나서 비추입니다.",
    "Source": "쇼핑몰",
    "Domain": "가전",
    "MainCategory": "주방가전",
    "ProductName": "쿠쿠전자 에코미니 CRP-EHS0320FS",
    "ReviewScore": "5",
    "Syllable": "82",
    "Word": "18",
    "RDate": "20210223",
    "GeneralPolarity": "0",
    "Aspects": [
      {
        "Aspect": "시간/속도",
        "SentimentText": "제품 받자마자 백미쾌속해봤는데 총 16분 걸려요 조리시간 빨라서 좋네요.",
        "SentimentWord": "9",
        "SentimentPolarity": "1"
      },
      {
        "Aspect": "편의성",
        "SentimentText": "밥이 남아서 보온으로 하루이상 보관해봤는데 밥에서 냄새가 나서 비추입니다. ",
        "SentimentWord": "9",
        "SentimentPolarity": "-1"
      }
    ]
  },
  {
    "Index": "34362",
    "RawText": "바로 갓지은 밥 해먹으려고 조금 용량이 작은 밥솥을 샀는데 딱 알맞아요. 그리고  3인용 밥솥 치고는 굉장히 비싸게 느껴져요. 제가 쓰기엔 좀 돈이 아깝네요.",
    "Source": "쇼핑몰",
    "Domain": "가전",
    "MainCategory": "주방가전",
    "ProductName": "쿠쿠전자 에코미니 CRP-EHS0320FS",
    "ReviewScore": "4",
    "Syllable": "88",
    "Word": "23",
    "RDate": "20211009",
    "GeneralPolarity": "0",
    "Aspects": [
      {
        "Aspect": "용량",
        "SentimentText": "바로 갓지은 밥 해먹으려고 조금 용량이 작은 밥솥을 샀는데 딱 알맞아요.",
        "SentimentWord": "11",
        "SentimentPolarity": "1"
      },
      {
        "Aspect": "가격",
        "SentimentText": "그리고  3인용 밥솥 치고는 굉장히 비싸게 느껴져요. 제가 쓰기엔 좀 돈이 아깝네요.",
        "SentimentWord": "12",
        "SentimentPolarity": "-1"
      }
    ]
  },
  {
    "Index": "34364",
    "RawText": "이 브랜드 압력밥솥 유명해서 이번에 구입했는데 역시 밥맛 너무 좋아요! 가격이 좀 비싼편이긴 한데 그만큼 제품이 훌륭하네요 만족해요",
    "Source": "쇼핑몰",
    "Domain": "가전",
    "MainCategory": "주방가전",
    "ProductName": "쿠쿠전자 에코미니 CRP-EHS0320FS",
    "ReviewScore": "5",
    "Syllable": "73",
    "Word": "18",
    "RDate": "20210428",
    "Aspects": [
      {
        "Aspect": "기능",
        "SentimentText": "이 브랜드 압력밥솥 유명해서 이번에 구입했는데 역시 밥맛 너무 좋아요! ",
        "SentimentWord": "10",
        "SentimentPolarity": "1"
      },
      {
        "Aspect": "가격",
        "SentimentText": "가격이 좀 비싼편이긴 한데 ",
        "SentimentWord": "4",
        "SentimentPolarity": "-1"
      },
      {
        "Aspect": "품질",
        "SentimentText": "그만큼 제품이 훌륭하네요 만족해요",
        "SentimentWord": "4",
        "SentimentPolarity": "1"
      }
    ]
  },
  {
    "Index": "34366",
    "RawText": "내부 솥이 생각보다 공간이 작아요 얼마 안들어가네요. 디자인은 예뻐요 깔끔하니 귀엽네요.",
    "Source": "쇼핑몰",
    "Domain": "가전",
    "MainCategory": "주방가전",
    "ProductName": "쿠쿠전자 에코미니 CRP-EHS0320FS",
    "ReviewScore": "5",
    "Syllable": "49",
    "Word": "11",
    "RDate": "20220417",
    "GeneralPolarity": "0",
    "Aspects": [
      {
        "Aspect": "용량",
        "SentimentText": "내부 솥이 생각보다 공간이 작아요 얼마 안들어가네요.",
        "SentimentWord": "7",
        "SentimentPolarity": "-1"
      },
      {
        "Aspect": "디자인",
        "SentimentText": "디자인은 예뻐요 깔끔하니 귀엽네요.",
        "SentimentWord": "4",
        "SentimentPolarity": "1"
      }
    ]
  },
  {
    "Index": "34367",
    "RawText": "밥을 그때 그때 먹는 편이라 너무 편하고 좋아요. 사용하기 간단해요. 그리고 내솥크기도 작아서 딱 적당하게 해서 지어먹을 수 있어 좋아요.",
    "Source": "쇼핑몰",
    "Domain": "가전",
    "MainCategory": "주방가전",
    "ProductName": "쿠쿠전자 에코미니 CRP-EHS0320FS",
    "ReviewScore": "5",
    "Syllable": "77",
    "Word": "20",
    "RDate": "20210128",
    "GeneralPolarity": "1",
    "Aspects": [
      {
        "Aspect": "편의성",
        "SentimentText": "밥을 그때 그때 먹는 편이라 너무 편하고 좋아요. 사용하기 간단해요",
        "SentimentWord": "10",
        "SentimentPolarity": "1"
      },
      {
        "Aspect": "용량",
        "SentimentText": "그리고 내솥크기도 작아서 딱 적당하게 해서 지어먹을 수 있어 좋아요.",
        "SentimentWord": "10",
        "SentimentPolarity": "1"
      }
    ]
  },
  {
    "Index": "34368",
    "RawText": "제품이 사용하기도 간편해서 재구매했네요^^ 디자인도 너무 예쁘고 깔끔해서 좋네요.",
    "Source": "쇼핑몰",
    "Domain": "가전",
    "MainCategory": "주방가전",
    "ProductName": "쿠쿠전자 에코미니 CRP-EHS0320FS",
    "ReviewScore": "5",
    "Syllable": "45",
    "Word": "9",
    "RDate": "20220119",
    "GeneralPolarity": "1",
    "Aspects": [
      {
        "Aspect": "편의성",
        "SentimentText": "제품이 사용하기도 간편해서 재구매했네요^^",
        "SentimentWord": "4",
        "SentimentPolarity": "1"
      },
      {
        "Aspect": "디자인",
        "SentimentText": "디자인도 너무 예쁘고 깔끔해서 좋네요.",
        "SentimentWord": "5",
        "SentimentPolarity": "1"
      }
    ]
  },
  {
    "Index": "34371",
    "RawText": "자취하는 딸아이에게 보내줬어요 1~2인용으로 쓰기 적당한게 마음에듭니다. 가격도 저렴해서 만족하구요.딸아이는 오히려 너무  작다고 불만이네요. ㅋㅋ 예쁘게 잘쓰겠습니다",
    "Source": "쇼핑몰",
    "Domain": "가전",
    "MainCategory": "주방가전",
    "ProductName": "쿠쿠전자 에코미니 CRP-EHS0320FS",
    "ReviewScore": "4",
    "Syllable": "93",
    "Word": "17",
    "RDate": "20210223",
    "GeneralPolarity": "1",
    "Aspects": [
      {
        "Aspect": "용량",
        "SentimentText": " 1~2인용으로 쓰기 적당한게 마음에듭니다.",
        "SentimentWord": "4",
        "SentimentPolarity": "1"
      },
      {
        "Aspect": "가격",
        "SentimentText": "가격도 저렴해서 만족하구요.",
        "SentimentWord": "3",
        "SentimentPolarity": "1"
      }
    ]
  },
  {
    "Index": "34373",
    "RawText": "자동세척 기능이 있어서 돌려보고 있는데 너무 좋네요. 소음도 큰편이 아니라 너무 좋습니다.",
    "Source": "쇼핑몰",
    "Domain": "가전",
    "MainCategory": "주방가전",
    "ProductName": "쿠쿠전자 에코미니 CRP-EHS0320FS",
    "ReviewScore": "5",
    "Syllable": "50",
    "Word": "12",
    "RDate": "20210219",
    "GeneralPolarity": "1",
    "Aspects": [
      {
        "Aspect": "기능",
        "SentimentText": "자동세척 기능이 있어서 돌려보고 있는데 너무 좋네요",
        "SentimentWord": "7",
        "SentimentPolarity": "1"
      },
      {
        "Aspect": "소음",
        "SentimentText": "소음도 큰편이 아니라 너무 좋습니다.",
        "SentimentWord": "5",
        "SentimentPolarity": "1"
      }
    ]
  },
  {
    "Index": "34374",
    "RawText": "뚜껑 분리가 되서 청소하기가 수월해 좋아요 편리하네요. 그리고 밥맛은 큰 밥솥에 비하면 좀 덜한편이라 아쉬워요.",
    "Source": "쇼핑몰",
    "Domain": "가전",
    "MainCategory": "주방가전",
    "ProductName": "쿠쿠전자 에코미니 CRP-EHS0320FS",
    "ReviewScore": "5",
    "Syllable": "62",
    "Word": "15",
    "RDate": "20210518",
    "GeneralPolarity": "0",
    "Aspects": [
      {
        "Aspect": "편의성",
        "SentimentText": "뚜껑 분리가 되서 청소하기가 수월해 좋아요 편리하네요.",
        "SentimentWord": "7",
        "SentimentPolarity": "1"
      },
      {
        "Aspect": "기능",
        "SentimentText": " 그리고 밥맛은 큰 밥솥에 비하면 좀 덜한편이라 아쉬워요.",
        "SentimentWord": "8",
        "SentimentPolarity": "-1"
      }
    ]
  },
  {
    "Index": "34375",
    "RawText": "디자인 깔끔하고 심플해서 어디다 놔도 잘 어울리네요. 화이트톤이라 컬러도 너무 예쁘네요.",
    "Source": "쇼핑몰",
    "Domain": "가전",
    "MainCategory": "주방가전",
    "ProductName": "쿠쿠전자 에코미니 CRP-EHS0320FS",
    "ReviewScore": "5",
    "Syllable": "49",
    "Word": "11",
    "RDate": "20220813",
    "GeneralPolarity": "1",
    "Aspects": [
      {
        "Aspect": "디자인",
        "SentimentText": "디자인 깔끔하고 심플해서 어디다 놔도 잘 어울리네요.",
        "SentimentWord": "7",
        "SentimentPolarity": "1"
      },
      {
        "Aspect": "색상",
        "SentimentText": "화이트톤이라 컬러도 너무 예쁘네요.",
        "SentimentWord": "4",
        "SentimentPolarity": "1"
      }
    ]
  },
  {
    "Index": "34376",
    "RawText": "제일 중요한 밥이 잘 지어지고 맛이 좋아져서 너무 좋아요. 다만 버튼이 직관적으로 누르는거였으면 좋았겠다 라는 아쉬움이 있어요.",
    "Source": "쇼핑몰",
    "Domain": "가전",
    "MainCategory": "주방가전",
    "ProductName": "쿠쿠전자 에코미니 CRP-EHS0320FS",
    "ReviewScore": "5",
    "Syllable": "71",
    "Word": "17",
    "RDate": "20220823",
    "GeneralPolarity": "0",
    "Aspects": [
      {
        "Aspect": "기능",
        "SentimentText": "제일 중요한 밥이 잘 지어지고 맛이 좋아져서 너무 좋아요",
        "SentimentWord": "9",
        "SentimentPolarity": "1"
      },
      {
        "Aspect": "조작성",
        "SentimentText": "다만 버튼이 직관적으로 누르는거였으면 좋았겠다 라는 아쉬움이 있어요.",
        "SentimentWord": "8",
        "SentimentPolarity": "-1"
      }
    ]
  },
  {
    "Index": "34377",
    "RawText": "2인용으로 딱 알맞은 사이즈라 만족합니다~ 소용량이라 매일  새밥을 해서 먹는  즐거움이 있네요  누릉지기능이 있어 해 봤는데 맛있게 잘해먹었어요 감사해요 ♡",
    "Source": "쇼핑몰",
    "Domain": "가전",
    "MainCategory": "주방가전",
    "ProductName": "쿠쿠전자 에코미니 CRP-EHS0320FS",
    "ReviewScore": "4",
    "Syllable": "88",
    "Word": "20",
    "RDate": "20210519",
    "GeneralPolarity": "1",
    "Aspects": [
      {
        "Aspect": "용량",
        "SentimentText": "2인용으로 딱 알맞은 사이즈라 만족합니다~ 소용량이라 매일  새밥을 해서 먹는  즐거움이 있네요",
        "SentimentWord": "12",
        "SentimentPolarity": "1"
      },
      {
        "Aspect": "기능",
        "SentimentText": "누릉지기능이 있어 해 봤는데 맛있게 잘해먹었어요 감사해요 ♡",
        "SentimentWord": "8",
        "SentimentPolarity": "1"
      }
    ]
  },
  {
    "Index": "34378",
    "RawText": "매장가서 보고 구매는 인터넷으로 했어요. 저렴하게 잘 구매해서 기분이 좋습니다. 4인 가족인데도 전혀 작지 않은 사이즈라 만족합니다",
    "Source": "쇼핑몰",
    "Domain": "가전",
    "MainCategory": "주방가전",
    "ProductName": "쿠쿠전자 에코미니 CRP-EHS0320FS",
    "ReviewScore": "5",
    "Syllable": "73",
    "Word": "17",
    "RDate": "20210311",
    "GeneralPolarity": "1",
    "Aspects": [
      {
        "Aspect": "가격",
        "SentimentText": " 저렴하게 잘 구매해서 기분이 좋습니다. ",
        "SentimentWord": "5",
        "SentimentPolarity": "1"
      },
      {
        "Aspect": "용량",
        "SentimentText": "4인 가족인데도 전혀 작지 않은 사이즈라 만족합니다",
        "SentimentWord": "7",
        "SentimentPolarity": "1"
      }
    ]
  },
  {
    "Index": "34379",
    "RawText": "2~3개정도의 기능만 있어도 좋을듯 한데 메뉴선택이 많은게 오히려 불편해요.  고압력, 소프트등등 다양한 밥맛을 해봤는데 다 별로예요. 그나마 백미 구수한맛은 제일 만족스럽습니다",
    "Source": "쇼핑몰",
    "Domain": "가전",
    "MainCategory": "주방가전",
    "ProductName": "쿠쿠전자 에코미니 CRP-EHS0320FS",
    "ReviewScore": "5",
    "Syllable": "99",
    "Word": "21",
    "RDate": "20220215",
    "GeneralPolarity": "0",
    "Aspects": [
      {
        "Aspect": "조작성",
        "SentimentText": " 2~3개정도의 기능만 있어도 좋을듯 한데 메뉴선택이 많은게 오히려 불편해요. ",
        "SentimentWord": "9",
        "SentimentPolarity": "-1"
      },
      {
        "Aspect": "기능",
        "SentimentText": "고압력, 소프트등등 다양한 밥맛을 해봤는데 다 별로예요.",
        "SentimentWord": "7",
        "SentimentPolarity": "-1"
      },
      {
        "Aspect": "기능",
        "SentimentText": "그나마 백미 구수한맛은 제일 만족스럽습니다",
        "SentimentWord": "5",
        "SentimentPolarity": "1"
      }
    ]
  },
  {
    "Index": "34380",
    "RawText": "매번 새밥먹고 싶어서 작은용량으로 주문했는데 4인가족 한끼분량으로 딱이예요. 좋아요. 밥 짓고 소리나는 부분이 굉장히 조금 시끄러운 편이예요 귀아파요",
    "Source": "쇼핑몰",
    "Domain": "가전",
    "MainCategory": "주방가전",
    "ProductName": "쿠쿠전자 에코미니 CRP-EHS0320FS",
    "ReviewScore": "4",
    "Syllable": "83",
    "Word": "18",
    "RDate": "20210305",
    "GeneralPolarity": "0",
    "Aspects": [
      {
        "Aspect": "용량",
        "SentimentText": "매번 새밥먹고 싶어서 작은용량으로 주문했는데 4인가족 한끼분량으로 딱이예요. 좋아요.",
        "SentimentWord": "9",
        "SentimentPolarity": "1"
      },
      {
        "Aspect": "소음",
        "SentimentText": "밥 짓고 소리나는 부분이 굉장히 조금 시끄러운 편이예요 귀아파요",
        "SentimentWord": "9",
        "SentimentPolarity": "-1"
      }
    ]
  },
  {
    "Index": "34383",
    "RawText": "미니 밥솥이라 너무 작으면 어쩌나 싶었는데 4인가족도 충분히 해먹을수있는 크기예요. 컬러가 생각한 연한 색상이 아니라 아쉽네요.",
    "Source": "쇼핑몰",
    "Domain": "가전",
    "MainCategory": "주방가전",
    "ProductName": "쿠쿠전자 에코미니 CRP-EHS0320FS",
    "ReviewScore": "5",
    "Syllable": "71",
    "Word": "16",
    "RDate": "20220625",
    "GeneralPolarity": "0",
    "Aspects": [
      {
        "Aspect": "용량",
        "SentimentText": "미니 밥솥이라 너무 작으면 어쩌나 싶었는데 4인가족도 충분히 해먹을수있는 크기예요.",
        "SentimentWord": "10",
        "SentimentPolarity": "1"
      },
      {
        "Aspect": "색상",
        "SentimentText": "컬러가 생각한 연한 색상이 아니라 아쉽네요.",
        "SentimentWord": "6",
        "SentimentPolarity": "-1"
      }
    ]
  },
  {
    "Index": "34384",
    "RawText": "갓 지어서 먹으니 너무 맛있어요. 사용법도 쉬워서 잘 사용할 것 같아요.  밥통뚜껑이 분리형이라 빼서 청소하려니 잘 빠지지 않아서 애먹었네요. 힘을 엄청줘야해요",
    "Source": "쇼핑몰",
    "Domain": "가전",
    "MainCategory": "주방가전",
    "ProductName": "쿠쿠전자 에코미니 CRP-EHS0320FS",
    "ReviewScore": "5",
    "Syllable": "89",
    "Word": "21",
    "RDate": "20210212",
    "GeneralPolarity": "1",
    "Aspects": [
      {
        "Aspect": "기능",
        "SentimentText": "갓 지어서 먹으니 너무 맛있어요",
        "SentimentWord": "5",
        "SentimentPolarity": "1"
      },
      {
        "Aspect": "조작성",
        "SentimentText": "사용법도 쉬워서 잘 사용할 것 같아요.",
        "SentimentWord": "6",
        "SentimentPolarity": "1"
      },
      {
        "Aspect": "편의성",
        "SentimentText": "밥통뚜껑이 분리형이라 빼서 청소하려니 잘 빠지지 않아서 애먹었네요. 힘을 엄청줘야해요",
        "SentimentWord": "10",
        "SentimentPolarity": "-1"
      }
    ]
  },
  {
    "Index": "34385",
    "RawText": "자동세척 기능이 있어서 청소도 굉장히 쉽고 편해요. 고화력 백미로 밥을 했는데 시간도 굉장히 절약되고 너무 좋아요",
    "Source": "쇼핑몰",
    "Domain": "가전",
    "MainCategory": "주방가전",
    "ProductName": "쿠쿠전자 에코미니 CRP-EHS0320FS",
    "ReviewScore": "5",
    "Syllable": "63",
    "Word": "16",
    "RDate": "20220311",
    "GeneralPolarity": "1",
    "Aspects": [
      {
        "Aspect": "기능",
        "SentimentText": "자동세척 기능이 있어서 청소도 굉장히 쉽고 편해요.",
        "SentimentWord": "7",
        "SentimentPolarity": "1"
      },
      {
        "Aspect": "시간/속도",
        "SentimentText": "고화력 백미로 밥을 했는데 시간도 굉장히 절약되고 너무 좋아요",
        "SentimentWord": "9",
        "SentimentPolarity": "1"
      }
    ]
  },
  {
    "Index": "34386",
    "RawText": "디자인 굉장히 귀여워서 만족합니다. 사이즈가 그렇게 크지않아 자리공간 차지 안해서 좋네요. 다만 단점이 기능에 비해 가격이 굉장히 비싸다는게 단점이네요. 좀 저렴이 버전 있었으면 좋겠어요.",
    "Source": "쇼핑몰",
    "Domain": "가전",
    "MainCategory": "주방가전",
    "ProductName": "쿠쿠전자 에코미니 CRP-EHS0320FS",
    "ReviewScore": "5",
    "Syllable": "105",
    "Word": "24",
    "RDate": "20210125",
    "GeneralPolarity": "1",
    "Aspects": [
      {
        "Aspect": "디자인",
        "SentimentText": "디자인 굉장히 귀여워서 만족합니다.",
        "SentimentWord": "4",
        "SentimentPolarity": "1"
      },
      {
        "Aspect": "사이즈",
        "SentimentText": "사이즈가 그렇게 크지않아 자리공간 차지 안해서 좋네요",
        "SentimentWord": "7",
        "SentimentPolarity": "1"
      },
      {
        "Aspect": "가격",
        "SentimentText": " 다만 단점이 기능에 비해 가격이 굉장히 비싸다는게 단점이네요. 좀 저렴이 버전 있었으면 좋겠어요.",
        "SentimentWord": "13",
        "SentimentPolarity": "-1"
      }
    ]
  },
  {
    "Index": "34387",
    "RawText": "제일 중요하고 기본인 밥이 잘 지어져서 좋아요. 기능 대박이네요. 밥솥 크기도 적당해서 선반에 올려놓으니 딱이네요.",
    "Source": "쇼핑몰",
    "Domain": "가전",
    "MainCategory": "주방가전",
    "ProductName": "쿠쿠전자 에코미니 CRP-EHS0320FS",
    "ReviewScore": "5",
    "Syllable": "64",
    "Word": "15",
    "RDate": "20220221",
    "GeneralPolarity": "1",
    "Aspects": [
      {
        "Aspect": "기능",
        "SentimentText": "제일 중요하고 기본인 밥이 잘 지어져서 좋아요. 기능 대박이네요.",
        "SentimentWord": "9",
        "SentimentPolarity": "1"
      },
      {
        "Aspect": "사이즈",
        "SentimentText": "밥솥 크기도 적당해서 선반에 올려놓으니 딱이네요.",
        "SentimentWord": "6",
        "SentimentPolarity": "1"
      }
    ]
  },
  {
    "Index": "34388",
    "RawText": "디자인이 고급져 보여서 마음에 듭니다~ 밥 짓는 속도도 빨라서 마음에 듭니다",
    "Source": "쇼핑몰",
    "Domain": "가전",
    "MainCategory": "주방가전",
    "ProductName": "쿠쿠전자 에코미니 CRP-EHS0320FS",
    "ReviewScore": "5",
    "Syllable": "42",
    "Word": "11",
    "RDate": "20210522",
    "GeneralPolarity": "1",
    "Aspects": [
      {
        "Aspect": "디자인",
        "SentimentText": "디자인이 고급져 보여서 마음에 듭니다~",
        "SentimentWord": "5",
        "SentimentPolarity": "1"
      },
      {
        "Aspect": "시간/속도",
        "SentimentText": "밥 짓는 속도도 빨라서 마음에 듭니다 ",
        "SentimentWord": "6",
        "SentimentPolarity": "1"
      }
    ]
  },
  {
    "Index": "34389",
    "RawText": "밥 짓는 속도가 생각보다 빨라서 너무 좋습니다. 내부 용량도 은근 커서 4인분은 거뜬하네요",
    "Source": "쇼핑몰",
    "Domain": "가전",
    "MainCategory": "주방가전",
    "ProductName": "쿠쿠전자 에코미니 CRP-EHS0320FS",
    "ReviewScore": "5",
    "Syllable": "50",
    "Word": "13",
    "RDate": "20210226",
    "GeneralPolarity": "1",
    "Aspects": [
      {
        "Aspect": "시간/속도",
        "SentimentText": "밥 짓는 속도가 생각보다 빨라서 너무 좋습니다.",
        "SentimentWord": "7",
        "SentimentPolarity": "1"
      },
      {
        "Aspect": "용량",
        "SentimentText": "내부 용량도 은근 커서 4인분은 거뜬하네요",
        "SentimentWord": "6",
        "SentimentPolarity": "1"
      }
    ]
  },
  {
    "Index": "34390",
    "RawText": "외관은 작아 보이지만 3인용 밥양은 넉넉히 지을 수 있어 좋습니다. 아쉬운건 내솥 재질이 전체적으로 스테인리스가 아니네요 ㅠ",
    "Source": "쇼핑몰",
    "Domain": "가전",
    "MainCategory": "주방가전",
    "ProductName": "쿠쿠전자 에코미니 CRP-EHS0320FS",
    "ReviewScore": "5",
    "Syllable": "69",
    "Word": "17",
    "RDate": "20210613",
    "GeneralPolarity": "0",
    "Aspects": [
      {
        "Aspect": "용량",
        "SentimentText": "외관은 작아 보이지만 3인용 밥양은 넉넉히 지을 수 있어 좋습니다.",
        "SentimentWord": "10",
        "SentimentPolarity": "1"
      },
      {
        "Aspect": "소재",
        "SentimentText": "아쉬운건 내솥 재질이 전체적으로 스테인리스가 아니네요 ㅠ",
        "SentimentWord": "7",
        "SentimentPolarity": "-1"
      }
    ]
  },
  {
    "Index": "34392",
    "RawText": "밥 짓는 기능이 좋아요~ 밥맛이 좋습니다. 내솥 재질이 전체적으로 스테인리스는 아니라서 아쉽습니다.",
    "Source": "쇼핑몰",
    "Domain": "가전",
    "MainCategory": "주방가전",
    "ProductName": "쿠쿠전자 에코미니 CRP-EHS0320FS",
    "ReviewScore": "5",
    "Syllable": "55",
    "Word": "12",
    "RDate": "20210412",
    "GeneralPolarity": "0",
    "Aspects": [
      {
        "Aspect": "기능",
        "SentimentText": "밥 짓는 기능이 좋아요~ 밥맛이 좋습니다. ",
        "SentimentWord": "6",
        "SentimentPolarity": "1"
      },
      {
        "Aspect": "소재",
        "SentimentText": "내솥 재질이 전체적으로 스테인리스는 아니라서 아쉽습니다.",
        "SentimentWord": "6",
        "SentimentPolarity": "-1"
      }
    ]
  },
  {
    "Index": "34393",
    "RawText": "고화력 기능이 있어 밥이 맛있게 돼서 너무 좋아요. 밥솥 자체 무게가 가벼워서 이리저리 옮기기도 편하네요",
    "Source": "쇼핑몰",
    "Domain": "가전",
    "MainCategory": "주방가전",
    "ProductName": "쿠쿠전자 에코미니 CRP-EHS0320FS",
    "ReviewScore": "4",
    "Syllable": "58",
    "Word": "15",
    "RDate": "20210703",
    "GeneralPolarity": "1",
    "Aspects": [
      {
        "Aspect": "기능",
        "SentimentText": "고화력 기능이 있어 밥이 맛있게 돼서 너무 좋아요.",
        "SentimentWord": "8",
        "SentimentPolarity": "1"
      },
      {
        "Aspect": "무게",
        "SentimentText": "밥솥 자체 무게가 가벼워서 이리저리 옮기기도 편하네요",
        "SentimentWord": "7",
        "SentimentPolarity": "1"
      }
    ]
  },
  {
    "Index": "34394",
    "RawText": "○○○에서 나오는 기계 음성이 듣기 좋네요~ 디자인도 깜찍하니 사랑스러워요~",
    "Source": "쇼핑몰",
    "Domain": "가전",
    "MainCategory": "주방가전",
    "ProductName": "쿠쿠전자 에코미니 CRP-EHS0320FS",
    "ReviewScore": "5",
    "Syllable": "42",
    "Word": "9",
    "RDate": "20210909",
    "Aspects": [
      {
        "Aspect": "소음",
        "SentimentText": "○○○에서 나오는 기계 음성이 듣기 좋네요~ ",
        "SentimentWord": "6",
        "SentimentPolarity": "1"
      },
      {
        "Aspect": "디자인",
        "SentimentText": "디자인도 깜찍하니 사랑스러워요~",
        "SentimentWord": "3",
        "SentimentPolarity": "1"
      }
    ]
  },
  {
    "Index": "34395",
    "RawText": "내부 사이즈가 아담해서 2인 가구에 아주 적합합니다~ 고화력 기능이 있어서 밥맛이 아주 좋습니다.",
    "Source": "쇼핑몰",
    "Domain": "가전",
    "MainCategory": "주방가전",
    "ProductName": "쿠쿠전자 에코미니 CRP-EHS0320FS",
    "ReviewScore": "4",
    "Syllable": "54",
    "Word": "13",
    "RDate": "20220115",
    "GeneralPolarity": "1",
    "Aspects": [
      {
        "Aspect": "사이즈",
        "SentimentText": "내부 사이즈가 아담해서 2인 가구에 아주 적합합니다~",
        "SentimentWord": "7",
        "SentimentPolarity": "1"
      },
      {
        "Aspect": "기능",
        "SentimentText": "고화력 기능이 있어서 밥맛이 아주 좋습니다.",
        "SentimentWord": "6",
        "SentimentPolarity": "1"
      }
    ]
  },
  {
    "Index": "34403",
    "RawText": "아담한 사이즈라 원룸에 아주 딱 좋습니다. 소프트 백미 기능이 있어서 밥이 아주 찰지고 맛있게 잘 돼서 좋습니다~",
    "Source": "쇼핑몰",
    "Domain": "가전",
    "MainCategory": "주방가전",
    "ProductName": "쿠쿠전자 에코미니 CRP-EHS0320FS",
    "ReviewScore": "5",
    "Syllable": "63",
    "Word": "17",
    "RDate": "20210610",
    "GeneralPolarity": "1",
    "Aspects": [
      {
        "Aspect": "사이즈",
        "SentimentText": "아담한 사이즈라 원룸에 아주 딱 좋습니다.",
        "SentimentWord": "6",
        "SentimentPolarity": "1"
      },
      {
        "Aspect": "기능",
        "SentimentText": "소프트 백미 기능이 있어서 밥이 아주 찰지고 맛있게 잘 돼서 좋습니다~",
        "SentimentWord": "11",
        "SentimentPolarity": "1"
      }
    ]
  },
  {
    "Index": "34404",
    "RawText": "밥솥 무게가 생각보다 무거워서 당황했어요.. 그래도 여러가지 기능이 있어서 마음에 들고 밥 맛도 아주 좋습니다.",
    "Source": "쇼핑몰",
    "Domain": "가전",
    "MainCategory": "주방가전",
    "ProductName": "쿠쿠전자 에코미니 CRP-EHS0320FS",
    "ReviewScore": "5",
    "Syllable": "62",
    "Word": "15",
    "RDate": "20220518",
    "GeneralPolarity": "0",
    "Aspects": [
      {
        "Aspect": "무게",
        "SentimentText": "밥솥 무게가 생각보다 무거워서 당황했어요.. ",
        "SentimentWord": "5",
        "SentimentPolarity": "-1"
      },
      {
        "Aspect": "기능",
        "SentimentText": "여러가지 기능이 있어서 마음에 들고 밥 맛도 아주 좋습니다.",
        "SentimentWord": "9",
        "SentimentPolarity": "1"
      }
    ]
  },
  {
    "Index": "34407",
    "RawText": "사이즈가 아담해서 작은 집에 아주 적합합니다. 디자인도 깔끔해서 선물하기 좋아요^^",
    "Source": "쇼핑몰",
    "Domain": "가전",
    "MainCategory": "주방가전",
    "ProductName": "쿠쿠전자 에코미니 CRP-EHS0320FS",
    "ReviewScore": "5",
    "Syllable": "46",
    "Word": "10",
    "RDate": "20220115",
    "GeneralPolarity": "1",
    "Aspects": [
      {
        "Aspect": "사이즈",
        "SentimentText": "사이즈가 아담해서 작은 집에 아주 적합합니다.",
        "SentimentWord": "6",
        "SentimentPolarity": "1"
      },
      {
        "Aspect": "디자인",
        "SentimentText": "디자인도 깔끔해서 선물하기 좋아요^^",
        "SentimentWord": "4",
        "SentimentPolarity": "1"
      }
    ]
  },
  {
    "Index": "34409",
    "RawText": "디자인 예쁘고 심플해서 마음에 들어요. 가격은 다른 제품보다 비싸서 아쉽습니다 ㅠ",
    "Source": "쇼핑몰",
    "Domain": "가전",
    "MainCategory": "주방가전",
    "ProductName": "쿠쿠전자 에코미니 CRP-EHS0320FS",
    "ReviewScore": "5",
    "Syllable": "45",
    "Word": "11",
    "RDate": "20220323",
    "GeneralPolarity": "0",
    "Aspects": [
      {
        "Aspect": "디자인",
        "SentimentText": "디자인 예쁘고 심플해서 마음에 들어요. ",
        "SentimentWord": "5",
        "SentimentPolarity": "1"
      },
      {
        "Aspect": "가격",
        "SentimentText": "가격은 다른 제품보다 비싸서 아쉽습니다 ㅠ",
        "SentimentWord": "6",
        "SentimentPolarity": "-1"
      }
    ]
  },
  {
    "Index": "34413",
    "RawText": "잡곡 기능도 아주 잘 돼서 밥맛이 끝내줍니다~ 내부 용량도 2인이 먹는 양에 딱 적합해서 만족합니다.",
    "Source": "쇼핑몰",
    "Domain": "가전",
    "MainCategory": "주방가전",
    "ProductName": "쿠쿠전자 에코미니 CRP-EHS0320FS",
    "ReviewScore": "5",
    "Syllable": "56",
    "Word": "15",
    "RDate": "20210606",
    "GeneralPolarity": "1",
    "Aspects": [
      {
        "Aspect": "기능",
        "SentimentText": "잡곡 기능도 아주 잘 돼서 밥맛이 끝내줍니다~",
        "SentimentWord": "7",
        "SentimentPolarity": "1"
      },
      {
        "Aspect": "용량",
        "SentimentText": "내부 용량도 2인이 먹는 양에 딱 적합해서 만족합니다.",
        "SentimentWord": "8",
        "SentimentPolarity": "1"
      }
    ]
  },
  {
    "Index": "34415",
    "RawText": "밥 취사 속도가 빨라서 만족해요~ 내 솥이 생각보다 작아서 아쉽습니다 ㅠ",
    "Source": "쇼핑몰",
    "Domain": "가전",
    "MainCategory": "주방가전",
    "ProductName": "쿠쿠전자 에코미니 CRP-EHS0320FS",
    "ReviewScore": "5",
    "Syllable": "40",
    "Word": "11",
    "RDate": "20220426",
    "GeneralPolarity": "0",
    "Aspects": [
      {
        "Aspect": "시간/속도",
        "SentimentText": "밥 취사 속도가 빨라서 만족해요~ ",
        "SentimentWord": "5",
        "SentimentPolarity": "1"
      },
      {
        "Aspect": "용량",
        "SentimentText": "내 솥이 생각보다 작아서 아쉽습니다 ㅠ",
        "SentimentWord": "6",
        "SentimentPolarity": "-1"
      }
    ]
  },
  {
    "Index": "34416",
    "RawText": "기능이 좋아져서 밥 맛이 아주 좋습니다 밥하기 즐겁네요. 내 솥이 2인 식구가 쓰기 딱 좋은 용량이라 깔끔하고 만족합니다.",
    "Source": "쇼핑몰",
    "Domain": "가전",
    "MainCategory": "주방가전",
    "ProductName": "쿠쿠전자 에코미니 CRP-EHS0320FS",
    "ReviewScore": "5",
    "Syllable": "68",
    "Word": "18",
    "RDate": "20220128",
    "GeneralPolarity": "1",
    "Aspects": [
      {
        "Aspect": "기능",
        "SentimentText": "기능이 좋아져서 밥 맛이 아주 좋습니다 밥하기 즐겁네요. ",
        "SentimentWord": "8",
        "SentimentPolarity": "1"
      },
      {
        "Aspect": "용량",
        "SentimentText": "내 솥이 2인 식구가 쓰기 딱 좋은 용량이라 깔끔하고 만족합니다.",
        "SentimentWord": "10",
        "SentimentPolarity": "1"
      }
    ]
  },
  {
    "Index": "34422",
    "RawText": "역시 밥솥은 ooo이 최고인 거 같아요~내부 사이즈가  1인 용량으로 아주 적합합니다!",
    "Source": "쇼핑몰",
    "Domain": "가전",
    "MainCategory": "주방가전",
    "ProductName": "쿠쿠전자 에코미니 CRP-EHS0320FS",
    "ReviewScore": "5",
    "Syllable": "48",
    "Word": "11",
    "RDate": "20210325",
    "GeneralPolarity": "1",
    "Aspects": [
      {
        "Aspect": "제조일/제조사",
        "SentimentText": "역시 밥솥은 ooo이 최고인 거 같아요~",
        "SentimentWord": "6",
        "SentimentPolarity": "1"
      },
      {
        "Aspect": "용량",
        "SentimentText": "내부 사이즈가  1인 용량으로 아주 적합합니다!",
        "SentimentWord": "6",
        "SentimentPolarity": "1"
      }
    ]
  },
  {
    "Index": "34426",
    "RawText": "내부 용량은 작아서 딱 2-3인용하기에 좋아요. 근데 전체적인 밥솥크기는 생각보다 큽니다. 부담스러운 크기에 당황했네요;",
    "Source": "쇼핑몰",
    "Domain": "가전",
    "MainCategory": "주방가전",
    "ProductName": "쿠쿠전자 에코미니 CRP-EHS0320FS",
    "ReviewScore": "5",
    "Syllable": "67",
    "Word": "14",
    "RDate": "20210905",
    "GeneralPolarity": "0",
    "Aspects": [
      {
        "Aspect": "용량",
        "SentimentText": "내부 용량은 작아서 딱 2-3인용하기에 좋아요",
        "SentimentWord": "6",
        "SentimentPolarity": "1"
      },
      {
        "Aspect": "사이즈",
        "SentimentText": "근데 전체적인 밥솥크기는 생각보다 큽니다. 부담스러운 크기에 당황했네요;",
        "SentimentWord": "8",
        "SentimentPolarity": "-1"
      }
    ]
  }
]