[
  {
    "Index": "25558",
    "RawText": "제품 자체 만족스러워 저렴하게 잘구입한것 같아요. 디자인 모양도 심플하게 잘나와서 예쁘구요. 설치기사님이 친절히 설치해주셔서 만족해요~",
    "Source": "쇼핑몰",
    "Domain": "가전",
    "MainCategory": "주방가전",
    "ProductName": "SK매직 IHR-B32P1 빌트인",
    "ReviewScore": "5",
    "Syllable": "75",
    "Word": "15",
    "RDate": "20220511",
    "Aspects": [
      {
        "Aspect": "가격",
        "SentimentText": "제품 자체 만족스러워 저렴하게 잘구입한것 같아요.",
        "SentimentWord": "6",
        "SentimentPolarity": "1"
      },
      {
        "Aspect": "디자인",
        "SentimentText": "디자인 모양도 심플하게 잘나와서 예쁘구요. ",
        "SentimentWord": "5",
        "SentimentPolarity": "1"
      }
    ]
  },
  {
    "Index": "25559",
    "RawText": "사용해 보니 제품 성능은 말할 것도 없고 디자인도 너무 고급스럽고 좋네요. 설치기사분께서 사용법도 친절히 설명해주셨고, 설치도 깔끔하게 해주셨습니다^^ 만족스럽습니다.",
    "Source": "쇼핑몰",
    "Domain": "가전",
    "MainCategory": "주방가전",
    "ProductName": "SK매직 IHR-B32P1 빌트인",
    "ReviewScore": "5",
    "Syllable": "93",
    "Word": "19",
    "RDate": "20220708",
    "Aspects": [
      {
        "Aspect": "기능",
        "SentimentText": "사용해 보니 제품 성능은 말할 것도 없고 디자인도 너무 고급스럽고 좋네요. ",
        "SentimentWord": "11",
        "SentimentPolarity": "1"
      },
      {
        "Aspect": "디자인",
        "SentimentText": "디자인도 너무 고급스럽고 좋네요. ",
        "SentimentWord": "4",
        "SentimentPolarity": "1"
      }
    ]
  },
  {
    "Index": "25560",
    "RawText": "좋아요~ 디자인도 고급스럽고 3구 인덕션에 하이라이트까지 있어서 좋습니다ㅎ 성능도 좋고 생각했던거보다 훨씬 좋아요!",
    "Source": "쇼핑몰",
    "Domain": "가전",
    "MainCategory": "주방가전",
    "ProductName": "SK매직 IHR-B32P1 빌트인",
    "ReviewScore": "4",
    "Syllable": "64",
    "Word": "13",
    "RDate": "20220630",
    "GeneralPolarity": "1",
    "Aspects": [
      {
        "Aspect": "디자인",
        "SentimentText": "좋아요~ 디자인도 고급스럽고 3구 인덕션에 하이라이트까지 있어서 좋습니다ㅎ",
        "SentimentWord": "8",
        "SentimentPolarity": "1"
      },
      {
        "Aspect": "기능",
        "SentimentText": "성능도 좋고 생각했던거보다 훨씬 좋아요!",
        "SentimentWord": "5",
        "SentimentPolarity": "1"
      }
    ]
  },
  {
    "Index": "25562",
    "RawText": "세라믹소재라 청소하기도 편하고 외관상 디자인도 고급스럽고 예쁘네요. 잘 쓰겠습니다.",
    "Source": "쇼핑몰",
    "Domain": "가전",
    "MainCategory": "주방가전",
    "ProductName": "SK매직 IHR-B32P1 빌트인",
    "ReviewScore": "5",
    "Syllable": "46",
    "Word": "9",
    "RDate": "20220606",
    "Aspects": [
      {
        "Aspect": "소재",
        "SentimentText": "세라믹소재라 청소하기도 편하고 ",
        "SentimentWord": "3",
        "SentimentPolarity": "1"
      },
      {
        "Aspect": "디자인",
        "SentimentText": "외관상 디자인도 고급스럽고 예쁘네요. 잘 쓰겠습니다.",
        "SentimentWord": "6",
        "SentimentPolarity": "1"
      }
    ]
  },
  {
    "Index": "25564",
    "RawText": "하이라이트쓰다 인덕션으로 바꿨는데 화력속도가 금방 올라가 요리도 빠르게 할 수있어서 좋아요. 넘 맘에들어요 사은품으로 주신 받은 냄비도 좋아요",
    "Source": "쇼핑몰",
    "Domain": "가전",
    "MainCategory": "주방가전",
    "ProductName": "SK매직 IHR-B32P1 빌트인",
    "ReviewScore": "4",
    "Syllable": "79",
    "Word": "18",
    "RDate": "20220613",
    "GeneralPolarity": "1",
    "Aspects": [
      {
        "Aspect": "시간/속도",
        "SentimentText": "하이라이트쓰다 인덕션으로 바꿨는데 화력속도가 금방 올라가 요리도 빠르게 할 수있어서 좋아요",
        "SentimentWord": "11",
        "SentimentPolarity": "1"
      },
      {
        "Aspect": "제품구성",
        "SentimentText": " 넘 맘에들어요 사은품으로 주신 받은 냄비도 좋아요",
        "SentimentWord": "7",
        "SentimentPolarity": "1"
      }
    ]
  },
  {
    "Index": "25565",
    "RawText": "색상이 검정이라 그냥 쓰기 좋고 관리하기도 편해요. 며칠 써봤는데 열기가 올라오지 않아 좋아요 내구성짱! 맨날 가스켤때 숨참고 있었는데 이젠 그러지않아도 되니 편하고 좋아요, 설치도 10분안되서 끝나고 쓰던 가스렌지까지 수거해주셔서 서비스 짱 만족스러워요.",
    "Source": "쇼핑몰",
    "Domain": "가전",
    "MainCategory": "주방가전",
    "ProductName": "SK매직 IHR-B32P1 빌트인",
    "ReviewScore": "5",
    "Syllable": "143",
    "Word": "32",
    "RDate": "20220829",
    "Aspects": [
      {
        "Aspect": "색상",
        "SentimentText": "색상이 검정이라 그냥 쓰기 좋고 관리하기도 편해요.",
        "SentimentWord": "7",
        "SentimentPolarity": "1"
      },
      {
        "Aspect": "내구성",
        "SentimentText": " 며칠 써봤는데 열기가 올라오지 않아 좋아요 내구성짱! ",
        "SentimentWord": "7",
        "SentimentPolarity": "1"
      },
      {
        "Aspect": "편의성",
        "SentimentText": "맨날 가스켤때 숨참고 있었는데 이젠 그러지않아도 되니 편하고 좋아요, ",
        "SentimentWord": "9",
        "SentimentPolarity": "1"
      }
    ]
  },
  {
    "Index": "25567",
    "RawText": "용기 테스트 abc로 나누는 기능 맘에 들어요 가격도 저렴하게 잘사서 정말 좋습니다.",
    "Source": "쇼핑몰",
    "Domain": "가전",
    "MainCategory": "주방가전",
    "ProductName": "SK매직 IHR-B32P2 빌트인",
    "ReviewScore": "5",
    "Syllable": "47",
    "Word": "12",
    "RDate": "20220826",
    "Aspects": [
      {
        "Aspect": "기능",
        "SentimentText": " 용기 테스트 abc로 나누는 기능 맘에 들어요",
        "SentimentWord": "7",
        "SentimentPolarity": "1"
      },
      {
        "Aspect": "가격",
        "SentimentText": "가격도 저렴하게 잘사서 정말 좋습니다.",
        "SentimentWord": "5",
        "SentimentPolarity": "1"
      }
    ]
  },
  {
    "Index": "25568",
    "RawText": "설치하고나니 부엌도 깨끗해진것 같고 디자인도 예뻐서 좋아요.  화력이 좋아 물도 빨리 끓고 사용하기도 정말 용이해요!",
    "Source": "쇼핑몰",
    "Domain": "가전",
    "MainCategory": "주방가전",
    "ProductName": "SK매직 IHR-B32P2 빌트인",
    "ReviewScore": "5",
    "Syllable": "65",
    "Word": "15",
    "RDate": "20220707",
    "GeneralPolarity": "1",
    "Aspects": [
      {
        "Aspect": "디자인",
        "SentimentText": "설치하고나니 부엌도 깨끗해진것 같고 디자인도 예뻐서 좋아요.",
        "SentimentWord": "7",
        "SentimentPolarity": "1"
      },
      {
        "Aspect": "기능",
        "SentimentText": "화력이 좋아 물도 빨리 끓고 사용하기도 정말 용이해요!",
        "SentimentWord": "8",
        "SentimentPolarity": "1"
      }
    ]
  },
  {
    "Index": "25570",
    "RawText": "화력 넘 좋아서 깜작 놀랐고 빨리 끓어서 좋아요~ 사은품으로 주시는 냄비도 잘 받았어요 사용해 보니 너무 만족스러워요.",
    "Source": "쇼핑몰",
    "Domain": "가전",
    "MainCategory": "주방가전",
    "ProductName": "SK매직 IHR-B32P2 빌트인",
    "ReviewScore": "4",
    "Syllable": "66",
    "Word": "17",
    "RDate": "20220818",
    "Aspects": [
      {
        "Aspect": "기능",
        "SentimentText": "화력 넘 좋아서 깜작 놀랐고 빨리 끓어서 좋아요~",
        "SentimentWord": "8",
        "SentimentPolarity": "1"
      },
      {
        "Aspect": "제품구성",
        "SentimentText": "사은품으로 주시는 냄비도 잘 받았어요 사용해 보니 너무 만족스러워요.",
        "SentimentWord": "9",
        "SentimentPolarity": "1"
      }
    ]
  },
  {
    "Index": "25571",
    "RawText": "일단 깔끔한 외관은 마음에 들어요 설치도 제가 했는데 생각보다 쉬워요",
    "Source": "쇼핑몰",
    "Domain": "가전",
    "MainCategory": "주방가전",
    "ProductName": "SK매직 IHR-B32P2 빌트인",
    "ReviewScore": "5",
    "Syllable": "38",
    "Word": "10",
    "RDate": "20220713",
    "Aspects": [
      {
        "Aspect": "디자인",
        "SentimentText": "일단 깔끔한 외관은 마음에 들어요",
        "SentimentWord": "5",
        "SentimentPolarity": "1"
      },
      {
        "Aspect": "조작성",
        "SentimentText": "설치도 제가 했는데 생각보다 쉬워요",
        "SentimentWord": "5",
        "SentimentPolarity": "1"
      }
    ]
  },
  {
    "Index": "25572",
    "RawText": "블랙에 매트로 포인트 줬더니 세상 이렇게 이쁠수가 없습니당ㅋ겉모양도 깔끔하니 좋아요",
    "Source": "쇼핑몰",
    "Domain": "가전",
    "MainCategory": "주방가전",
    "ProductName": "SK매직 IHR-B32P2 빌트인",
    "ReviewScore": "5",
    "Syllable": "46",
    "Word": "10",
    "RDate": "20220730",
    "Aspects": [
      {
        "Aspect": "색상",
        "SentimentText": "블랙에 매트로 포인트 줬더니 세상 이렇게 이쁠수가 없습니당ㅋ",
        "SentimentWord": "8",
        "SentimentPolarity": "1"
      },
      {
        "Aspect": "디자인",
        "SentimentText": "겉모양도 깔끔하니 좋아요",
        "SentimentWord": "3",
        "SentimentPolarity": "1"
      }
    ]
  },
  {
    "Index": "25573",
    "RawText": "화이트색 정말 마음에 들어요 잘 만들어진 좋은 제품 많이 파세요",
    "Source": "쇼핑몰",
    "Domain": "가전",
    "MainCategory": "주방가전",
    "ProductName": "SK매직 IHR-B32P2 빌트인",
    "ReviewScore": "5",
    "Syllable": "35",
    "Word": "10",
    "RDate": "20220726",
    "GeneralPolarity": "1",
    "Aspects": [
      {
        "Aspect": "색상",
        "SentimentText": "화이트색 정말 마음에 들어요",
        "SentimentWord": "4",
        "SentimentPolarity": "1"
      },
      {
        "Aspect": "품질",
        "SentimentText": "잘 만들어진 좋은 제품 많이 파세요",
        "SentimentWord": "6",
        "SentimentPolarity": "1"
      }
    ]
  },
  {
    "Index": "25574",
    "RawText": "화이트로 샀는데 잘 한것 같아서 좋아요 디자인도 예쁘고요",
    "Source": "쇼핑몰",
    "Domain": "가전",
    "MainCategory": "주방가전",
    "ProductName": "SK매직 IHR-B32P2 빌트인",
    "ReviewScore": "5",
    "Syllable": "31",
    "Word": "8",
    "RDate": "20220628",
    "GeneralPolarity": "1",
    "Aspects": [
      {
        "Aspect": "색상",
        "SentimentText": "화이트로 샀는데 잘 한것 같아서 좋아요",
        "SentimentWord": "6",
        "SentimentPolarity": "1"
      },
      {
        "Aspect": "디자인",
        "SentimentText": "디자인도 예쁘고요",
        "SentimentWord": "2",
        "SentimentPolarity": "1"
      }
    ]
  },
  {
    "Index": "25575",
    "RawText": "인테리어에 어울리는 화이트 인덕션 찾고있었는데 딱 어울리는 색으로 잘 구입했습니다 .기능도 좋고 주방에 잘 어울려 좋아요",
    "Source": "쇼핑몰",
    "Domain": "가전",
    "MainCategory": "주방가전",
    "ProductName": "SK매직 IHR-B32P2 빌트인",
    "ReviewScore": "5",
    "Syllable": "67",
    "Word": "16",
    "RDate": "20220731",
    "GeneralPolarity": "1",
    "Aspects": [
      {
        "Aspect": "색상",
        "SentimentText": "딱 어울리는 색으로 잘 구입했습니다.",
        "SentimentWord": "5",
        "SentimentPolarity": "1"
      },
      {
        "Aspect": "기능",
        "SentimentText": "기능도 좋고",
        "SentimentWord": "2",
        "SentimentPolarity": "1"
      }
    ]
  },
  {
    "Index": "25576",
    "RawText": "주방이 환해지고  색깔도 이쁘네요. 작동 방법도 간단해요~~",
    "Source": "쇼핑몰",
    "Domain": "가전",
    "MainCategory": "주방가전",
    "ProductName": "SK매직 IHR-B32P2 빌트인",
    "ReviewScore": "5",
    "Syllable": "33",
    "Word": "7",
    "RDate": "20220630",
    "Aspects": [
      {
        "Aspect": "색상",
        "SentimentText": "주방이 환해지고 색깔도 이쁘네요",
        "SentimentWord": "4",
        "SentimentPolarity": "1"
      },
      {
        "Aspect": "조작성",
        "SentimentText": "작동 방법도 간단해요~~",
        "SentimentWord": "3",
        "SentimentPolarity": "1"
      }
    ]
  },
  {
    "Index": "25577",
    "RawText": "화이트로 구입했는데 우선 깔끔하고 이쁩니다 설치 후에는 사용등록을 해야 사용가능 하고요 제품 사용하는데 크게 불편하지 않아 좋아요",
    "Source": "쇼핑몰",
    "Domain": "가전",
    "MainCategory": "주방가전",
    "ProductName": "SK매직 IHR-B32P2 빌트인",
    "ReviewScore": "5",
    "Syllable": "72",
    "Word": "17",
    "RDate": "20220714",
    "GeneralPolarity": "1",
    "Aspects": [
      {
        "Aspect": "색상",
        "SentimentText": "화이트로 구입했는데 우선 깔끔하고 이쁩니다",
        "SentimentWord": "5",
        "SentimentPolarity": "1"
      },
      {
        "Aspect": "편의성",
        "SentimentText": "제품 사용하는데 크게 불편하지 않아 좋아요",
        "SentimentWord": "6",
        "SentimentPolarity": "1"
      }
    ]
  },
  {
    "Index": "25578",
    "RawText": "흰색이 주방 대리석과 잘 어울려 이쁘네요. 조리시간이 줄어들어 물이 금방 끓으니 편하고요. 버튼 들도 사용하기 쉽고 안전을 고려하여 터치 기능으로 만들었네요. 열효율 측정이 용기별로 가능해 아주 좋아요. 기사님도 친절하시고 설치도 잘해주어서 감사해요",
    "Source": "쇼핑몰",
    "Domain": "가전",
    "MainCategory": "주방가전",
    "ProductName": "SK매직 IHR-B32P2 빌트인",
    "ReviewScore": "5",
    "Syllable": "139",
    "Word": "32",
    "RDate": "20220813",
    "Aspects": [
      {
        "Aspect": "색상",
        "SentimentText": "흰색이 주방 대리석과 잘 어울려 이쁘네요.",
        "SentimentWord": "6",
        "SentimentPolarity": "1"
      },
      {
        "Aspect": "편의성",
        "SentimentText": "조리시간이 줄어들어 물이 금방 끓으니 편하고요",
        "SentimentWord": "6",
        "SentimentPolarity": "1"
      },
      {
        "Aspect": "조작성",
        "SentimentText": "버튼 들도 사용하기 쉽고 ",
        "SentimentWord": "4",
        "SentimentPolarity": "1"
      },
      {
        "Aspect": "기능",
        "SentimentText": "안전을 고려하여 터치기능으로 만들었네요",
        "SentimentWord": "4",
        "SentimentPolarity": "1"
      },
      {
        "Aspect": "편의성",
        "SentimentText": "열효율 측정이 용기별로 가능해 아주 좋아요",
        "SentimentWord": "6",
        "SentimentPolarity": "1"
      }
    ]
  },
  {
    "Index": "25579",
    "RawText": "하얀색이 깨끗하니 예쁘네요 기존에 사용하던 것도 000꺼여서 역시 최고네요  디자인이 고급지고  상판과 더 잘어울립니다",
    "Source": "쇼핑몰",
    "Domain": "가전",
    "MainCategory": "주방가전",
    "ProductName": "SK매직 IHR-B32P2 빌트인",
    "ReviewScore": "5",
    "Syllable": "66",
    "Word": "14",
    "RDate": "20220724",
    "GeneralPolarity": "1",
    "Aspects": [
      {
        "Aspect": "색상",
        "SentimentText": "하얀색이 깨끗하니 예쁘네요 ",
        "SentimentWord": "3",
        "SentimentPolarity": "1"
      },
      {
        "Aspect": "제조일/제조사",
        "SentimentText": "기존에 사용하던 것도 000꺼여서 역시 최고네요",
        "SentimentWord": "6",
        "SentimentPolarity": "1"
      },
      {
        "Aspect": "디자인",
        "SentimentText": "고급지고  상판과 더 잘어울립니다",
        "SentimentWord": "4",
        "SentimentPolarity": "1"
      }
    ]
  },
  {
    "Index": "25580",
    "RawText": "열전도율도 빨라서 요리하기 좋아요~ 묵직하니 꽤 무게가 있어 안정감 있어 좋네요",
    "Source": "쇼핑몰",
    "Domain": "가전",
    "MainCategory": "주방가전",
    "ProductName": "SK매직 올파워 IHR-BF300 빌트인",
    "ReviewScore": "5",
    "Syllable": "44",
    "Word": "11",
    "RDate": "20220206",
    "Aspects": [
      {
        "Aspect": "시간/속도",
        "SentimentText": "열전도율도 빨라서 요리하기 좋아요~",
        "SentimentWord": "4",
        "SentimentPolarity": "1"
      },
      {
        "Aspect": "무게",
        "SentimentText": "묵직하니 꽤 무게가 있어 안정감 있어 좋네요",
        "SentimentWord": "7",
        "SentimentPolarity": "1"
      }
    ]
  },
  {
    "Index": "25581",
    "RawText": "사용감이 좋고 소재가 넘 좋네요 구성도 좋구요 오래 쓰고 싶습니다^^",
    "Source": "쇼핑몰",
    "Domain": "가전",
    "MainCategory": "주방가전",
    "ProductName": "SK매직 올파워 IHR-BF300 빌트인",
    "ReviewScore": "5",
    "Syllable": "38",
    "Word": "10",
    "RDate": "20211117",
    "GeneralPolarity": "1",
    "Aspects": [
      {
        "Aspect": "조작성",
        "SentimentText": "사용감이 좋고 ",
        "SentimentWord": "2",
        "SentimentPolarity": "1"
      },
      {
        "Aspect": "소재",
        "SentimentText": "소재가 넘 좋네요",
        "SentimentWord": "3",
        "SentimentPolarity": "1"
      }
    ]
  },
  {
    "Index": "25582",
    "RawText": "3구가 인덕션이라 가성대비 쩌네여  시간 제어 기능이 있어서 안심하고 사용할 수 있어서 좋네요~ 설치가 간편해서 기사님이 빨리 해주셔서 좋았어요^^",
    "Source": "쇼핑몰",
    "Domain": "가전",
    "MainCategory": "주방가전",
    "ProductName": "SK매직 올파워 IHR-BF300 빌트인",
    "ReviewScore": "5",
    "Syllable": "82",
    "Word": "19",
    "RDate": "20220105",
    "Aspects": [
      {
        "Aspect": "가격",
        "SentimentText": "3구가 인덕션이라 가성대비 쩌네여",
        "SentimentWord": "4",
        "SentimentPolarity": "1"
      },
      {
        "Aspect": "편의성",
        "SentimentText": "시간 제어 기능이 있어서 안심하고 사용할 수 있어서 좋네요~",
        "SentimentWord": "9",
        "SentimentPolarity": "1"
      }
    ]
  },
  {
    "Index": "25583",
    "RawText": "3구 짜리 000인덕션 역시 최고에요  구성품도 다양해서 진짜 진짜 굿입니다",
    "Source": "쇼핑몰",
    "Domain": "가전",
    "MainCategory": "주방가전",
    "ProductName": "SK매직 올파워 IHR-BF300 빌트인",
    "ReviewScore": "5",
    "Syllable": "42",
    "Word": "10",
    "RDate": "20211129",
    "GeneralPolarity": "1",
    "Aspects": [
      {
        "Aspect": "제조일/제조사",
        "SentimentText": "3구 짜리 000인덕션 역시 최고에요",
        "SentimentWord": "5",
        "SentimentPolarity": "1"
      },
      {
        "Aspect": "제품구성",
        "SentimentText": "구성품도 다양해서 진짜 진짜 굿입니다",
        "SentimentWord": "5",
        "SentimentPolarity": "1"
      }
    ]
  },
  {
    "Index": "25584",
    "RawText": "3구인데 불쎄기가 차이가 나서 별로네요  색상도 화면에서 보는 것과 다르고 반품 안되서 그냥 사용하려구요",
    "Source": "쇼핑몰",
    "Domain": "가전",
    "MainCategory": "주방가전",
    "ProductName": "SK매직 올파워 IHR-BF300 빌트인",
    "ReviewScore": "3",
    "Syllable": "58",
    "Word": "14",
    "RDate": "20220520",
    "GeneralPolarity": "-1",
    "Aspects": [
      {
        "Aspect": "품질",
        "SentimentText": "3구인데 불쎄기가 차이가 나서 별로네요",
        "SentimentWord": "5",
        "SentimentPolarity": "-1"
      },
      {
        "Aspect": "색상",
        "SentimentText": "색상도 화면에서 보는 것과 다르고 ",
        "SentimentWord": "5",
        "SentimentPolarity": "-1"
      }
    ]
  },
  {
    "Index": "25585",
    "RawText": "디자인이 고급지고 예뻐요ㅎ 살까말까 고민만햇는데 저렴하게 구입해서 만족합니다",
    "Source": "쇼핑몰",
    "Domain": "가전",
    "MainCategory": "주방가전",
    "ProductName": "SK매직 올파워 IHR-BF300 빌트인",
    "ReviewScore": "5",
    "Syllable": "42",
    "Word": "8",
    "RDate": "20220827",
    "GeneralPolarity": "1",
    "Aspects": [
      {
        "Aspect": "디자인",
        "SentimentText": "디자인이 고급지고 예뻐요ㅎ",
        "SentimentWord": "3",
        "SentimentPolarity": "1"
      },
      {
        "Aspect": "가격",
        "SentimentText": "저렴하게 구입해서 만족합니다",
        "SentimentWord": "3",
        "SentimentPolarity": "1"
      }
    ]
  },
  {
    "Index": "25586",
    "RawText": "겨우 설치했는데 품질은 괜찬네요. 직접 설치하는데 간단하게했네요!!",
    "Source": "쇼핑몰",
    "Domain": "가전",
    "MainCategory": "주방가전",
    "ProductName": "SK매직 올파워 IHR-BF300 빌트인",
    "ReviewScore": "3",
    "Syllable": "37",
    "Word": "7",
    "RDate": "20220718",
    "Aspects": [
      {
        "Aspect": "품질",
        "SentimentText": "겨우 설치했는데 품질은 괜찬네요",
        "SentimentWord": "4",
        "SentimentPolarity": "-1"
      },
      {
        "Aspect": "조작성",
        "SentimentText": "직접 설치하는데 간단하게했네요!! ",
        "SentimentWord": "3",
        "SentimentPolarity": "1"
      }
    ]
  },
  {
    "Index": "25587",
    "RawText": "000 인덕션 첨 사용하는데 괜찬네요  테두리도 스텐으로 아주 깔끔하네요",
    "Source": "쇼핑몰",
    "Domain": "가전",
    "MainCategory": "주방가전",
    "ProductName": "SK매직 올파워 IHR-BF300 빌트인",
    "ReviewScore": "5",
    "Syllable": "40",
    "Word": "9",
    "RDate": "20220620",
    "Aspects": [
      {
        "Aspect": "제조일/제조사",
        "SentimentText": "000 인덕션 첨 사용하는데 괜찬네요",
        "SentimentWord": "5",
        "SentimentPolarity": "1"
      },
      {
        "Aspect": "소재",
        "SentimentText": "테두리도 스텐으로 아주 깔끔하네요",
        "SentimentWord": "4",
        "SentimentPolarity": "1"
      }
    ]
  },
  {
    "Index": "25589",
    "RawText": "사은품 냄비도 아주 괜찮네요. 초고화력에 상당히 만족합니다~~ 엄청 빨리 끓어요!",
    "Source": "쇼핑몰",
    "Domain": "가전",
    "MainCategory": "주방가전",
    "ProductName": "SK매직 올파워 IHR-BF300 빌트인",
    "ReviewScore": "5",
    "Syllable": "45",
    "Word": "10",
    "RDate": "20220716",
    "Aspects": [
      {
        "Aspect": "제품구성",
        "SentimentText": "사은품 냄비도 아주 괜찮네요.",
        "SentimentWord": "4",
        "SentimentPolarity": "0"
      },
      {
        "Aspect": "기능",
        "SentimentText": "초고화력에 상당히 만족합니다~~ 엄청 빨리 끓어요!",
        "SentimentWord": "6",
        "SentimentPolarity": "1"
      }
    ]
  },
  {
    "Index": "25590",
    "RawText": "가격대비 너무 훌륭한 상품이라고 마음에 듭니다.작동시 소음이 나서 조금 신경 쓰여 만족도 별로 입니다.",
    "Source": "쇼핑몰",
    "Domain": "가전",
    "MainCategory": "주방가전",
    "ProductName": "SK매직 올파워 IHR-BF300 빌트인",
    "ReviewScore": "5",
    "Syllable": "57",
    "Word": "14",
    "RDate": "20220409",
    "GeneralPolarity": "0",
    "Aspects": [
      {
        "Aspect": "가격",
        "SentimentText": "가격대비 너무 훌륭한 상품이라고 마음에 듭니다",
        "SentimentWord": "6",
        "SentimentPolarity": "1"
      },
      {
        "Aspect": "소음",
        "SentimentText": "작동시 소음이 나서 조금 신경 쓰여 만족도 별로 입니다.",
        "SentimentWord": "9",
        "SentimentPolarity": "0"
      }
    ]
  },
  {
    "Index": "25591",
    "RawText": "소음이 심하네요....ㅠ 가격도 싼 편이 아닌데 .....별로네요",
    "Source": "쇼핑몰",
    "Domain": "가전",
    "MainCategory": "주방가전",
    "ProductName": "SK매직 올파워 IHR-BF300 빌트인",
    "ReviewScore": "5",
    "Syllable": "36",
    "Word": "7",
    "RDate": "20210918",
    "Aspects": [
      {
        "Aspect": "소음",
        "SentimentText": " 소음이 심하네요....ㅠ",
        "SentimentWord": "2",
        "SentimentPolarity": "-1"
      },
      {
        "Aspect": "가격",
        "SentimentText": "가격도 싼 편이 아닌데 .....별로네요",
        "SentimentWord": "5",
        "SentimentPolarity": "-1"
      }
    ]
  },
  {
    "Index": "25592",
    "RawText": "가성비 괜찮은 편이라서 만족중입니다.  디자인도 심플하고 예뻐서  좋아요.  성능 부분이 조금 아쉽지만 쓸만합니다 .",
    "Source": "쇼핑몰",
    "Domain": "가전",
    "MainCategory": "주방가전",
    "ProductName": "SK매직 올파워 IHR-BF300 빌트인",
    "ReviewScore": "4",
    "Syllable": "65",
    "Word": "14",
    "RDate": "20220312",
    "GeneralPolarity": "1",
    "Aspects": [
      {
        "Aspect": "가격",
        "SentimentText": "가성비 괜찮은 편이라서 만족중입니다.",
        "SentimentWord": "4",
        "SentimentPolarity": "1"
      },
      {
        "Aspect": "디자인",
        "SentimentText": "디자인도 심플하고 예뻐서  좋아요.",
        "SentimentWord": "4",
        "SentimentPolarity": "1"
      },
      {
        "Aspect": "기능",
        "SentimentText": "성능 부분이 조금 아쉽지만 쓸만합니다 .",
        "SentimentWord": "6",
        "SentimentPolarity": "0"
      }
    ]
  },
  {
    "Index": "25593",
    "RawText": "가성비 최고 제품인듯 해서 마음에 듭니다~~~설치도 빠르게 해주식 친절 하셔서 좋았습니다~~~ 식세기 때문에 위치가 높아져서 불편한 점은 별로입니다.",
    "Source": "쇼핑몰",
    "Domain": "가전",
    "MainCategory": "주방가전",
    "ProductName": "SK매직 올파워 IHR-BF300 빌트인",
    "ReviewScore": "5",
    "Syllable": "83",
    "Word": "18",
    "RDate": "20220314",
    "Aspects": [
      {
        "Aspect": "가격",
        "SentimentText": "가성비 최고 제품인듯 해서 마음에 듭니다~",
        "SentimentWord": "6",
        "SentimentPolarity": "1"
      },
      {
        "Aspect": "편의성",
        "SentimentText": "식세기 때문에 위치가 높아져서 불편한 점은 별로입니다.",
        "SentimentWord": "7",
        "SentimentPolarity": "-1"
      }
    ]
  },
  {
    "Index": "25594",
    "RawText": "가성비 최고의 상품이라고 자부 하며 만족합니다.  디자인도 생각보다  깔끔해서 마음에 들어요",
    "Source": "쇼핑몰",
    "Domain": "가전",
    "MainCategory": "주방가전",
    "ProductName": "SK매직 올파워 IHR-BF300 빌트인",
    "ReviewScore": "5",
    "Syllable": "51",
    "Word": "11",
    "RDate": "20210926",
    "GeneralPolarity": "1",
    "Aspects": [
      {
        "Aspect": "가격",
        "SentimentText": "가성비 최고의 상품이라고 자부 하며 만족합니다.",
        "SentimentWord": "6",
        "SentimentPolarity": "1"
      },
      {
        "Aspect": "디자인",
        "SentimentText": " 디자인도 생각보다  깔끔해서 마음에 들어요",
        "SentimentWord": "5",
        "SentimentPolarity": "1"
      }
    ]
  },
  {
    "Index": "25595",
    "RawText": "가스렌지 사용하다 인덕션으로 바꿨는데  편해서 너무 좋아요 설치 기사님도 친절 하셔서 기분이 좋았습니다.  사은품도 같이 와서 좋은데 생각보다 별로예요",
    "Source": "쇼핑몰",
    "Domain": "가전",
    "MainCategory": "주방가전",
    "ProductName": "SK매직 올파워 IHR-BF300 빌트인",
    "ReviewScore": "5",
    "Syllable": "84",
    "Word": "19",
    "RDate": "20220709",
    "Aspects": [
      {
        "Aspect": "편의성",
        "SentimentText": "가스렌지 사용하다 인덕션으로 바꿨는데  편해서 너무 좋아요",
        "SentimentWord": "7",
        "SentimentPolarity": "1"
      },
      {
        "Aspect": "제품구성",
        "SentimentText": " 사은품도 같이 와서 좋은데 생각보다 별로예요 ",
        "SentimentWord": "6",
        "SentimentPolarity": "0"
      }
    ]
  },
  {
    "Index": "25596",
    "RawText": "가스레인지 썼는데 인덕션 바꾸고 나니 주방이 휠씬 세련되어 보여요.   화력도 좋아서 요리도 빨리 되고 너무 좋아요.",
    "Source": "쇼핑몰",
    "Domain": "가전",
    "MainCategory": "주방가전",
    "ProductName": "SK매직 올파워 IHR-BF300 빌트인",
    "ReviewScore": "5",
    "Syllable": "65",
    "Word": "16",
    "RDate": "20220121",
    "GeneralPolarity": "1",
    "Aspects": [
      {
        "Aspect": "디자인",
        "SentimentText": "인덕션 바꾸고 나니 주방이 휠씬 세련되어 보여요. ",
        "SentimentWord": "7",
        "SentimentPolarity": "1"
      },
      {
        "Aspect": "기능",
        "SentimentText": " 화력도 좋아서 요리도 빨리 되고 너무 좋아요.",
        "SentimentWord": "7",
        "SentimentPolarity": "1"
      }
    ]
  },
  {
    "Index": "25597",
    "RawText": "특가떠서 저렴하게 구매하게 되어 너무 좋아요  디자인이 심플해서 그런지 주방이 깨끗하고 깔끔해 져서 좋네요.다소 늦은 배송 및 설치가 기분이 좋지 않네요",
    "Source": "쇼핑몰",
    "Domain": "가전",
    "MainCategory": "주방가전",
    "ProductName": "SK매직 올파워 IHR-BF300 빌트인",
    "ReviewScore": "5",
    "Syllable": "85",
    "Word": "21",
    "RDate": "20220825",
    "Aspects": [
      {
        "Aspect": "가격",
        "SentimentText": "특가떠서 저렴하게 구매하게 되어 너무 좋아요",
        "SentimentWord": "6",
        "SentimentPolarity": "1"
      },
      {
        "Aspect": "디자인",
        "SentimentText": "디자인이 심플해서 그런지 주방이 깨끗하고 깔끔해 져서 좋네요",
        "SentimentWord": "8",
        "SentimentPolarity": "1"
      }
    ]
  },
  {
    "Index": "25598",
    "RawText": "가스렌지를 사용할때 보다 사용이 간편해서 마음에 듭니다, 기름때 청소도 손쉽게 닦을수 있어 여러모로 장점이 많아 좋아요~~",
    "Source": "쇼핑몰",
    "Domain": "가전",
    "MainCategory": "주방가전",
    "ProductName": "SK매직 올파워 IHR-BF300 빌트인",
    "ReviewScore": "5",
    "Syllable": "68",
    "Word": "16",
    "RDate": "20220418",
    "GeneralPolarity": "1",
    "Aspects": [
      {
        "Aspect": "편의성",
        "SentimentText": "가스렌지를 사용할때 보다 사용이 간편해서 마음에 듭니다,",
        "SentimentWord": "7",
        "SentimentPolarity": "1"
      },
      {
        "Aspect": "편의성",
        "SentimentText": "기름때 청소도 손쉽게 닦을수 있어 여러모로 장점이 많아 좋아요~~",
        "SentimentWord": "9",
        "SentimentPolarity": "1"
      }
    ]
  },
  {
    "Index": "25599",
    "RawText": "가스렌지가 불편해 이번 프로모션 혜택으로 저렴한 가격으로 구입하게 되어 매우 좋습니다   기사분도 너무 친절하시고 잘 설명해 주시고 가셔서 기분이 좋았습니다.  생각보다 디자인도  깔끔하고 좋네요",
    "Source": "쇼핑몰",
    "Domain": "가전",
    "MainCategory": "주방가전",
    "ProductName": "SK매직 올파워 IHR-BF300 빌트인",
    "ReviewScore": "5",
    "Syllable": "109",
    "Word": "24",
    "RDate": "20210929",
    "Aspects": [
      {
        "Aspect": "가격",
        "SentimentText": "프로모션 혜택으로 저렴한 가격으로 구입하게 되어 매우 좋습니다",
        "SentimentWord": "8",
        "SentimentPolarity": "1"
      },
      {
        "Aspect": "디자인",
        "SentimentText": " 생각보다 디자인도  깔끔하고 좋네요",
        "SentimentWord": "4",
        "SentimentPolarity": "1"
      }
    ]
  },
  {
    "Index": "25600",
    "RawText": "가스렌지쓰다 인덕션쓰니 버튼 작동이  불편하긴한데 생각보다 빨리 끓어서좋아요 .하지만 조리시  소음이 발생되어  신경 쓰여 그부분이 별로같아요",
    "Source": "쇼핑몰",
    "Domain": "가전",
    "MainCategory": "주방가전",
    "ProductName": "SK매직 올파워 IHR-BF300 빌트인",
    "ReviewScore": "4",
    "Syllable": "79",
    "Word": "16",
    "RDate": "20220312",
    "GeneralPolarity": "0",
    "Aspects": [
      {
        "Aspect": "편의성",
        "SentimentText": "인덕션쓰니 버튼 작동이  불편하긴한데 생각보다 빨리 끓어서좋아요",
        "SentimentWord": "7",
        "SentimentPolarity": "0"
      },
      {
        "Aspect": "소음",
        "SentimentText": "조리시  소음이 발생되어  신경 쓰여 그부분이 별로같아요",
        "SentimentWord": "7",
        "SentimentPolarity": "0"
      }
    ]
  },
  {
    "Index": "25601",
    "RawText": "가스렌지 쓰다가 인덕션으로 바꾸니 조리 시간이 줄어들어 가족들이 좋아합니다. 사은품으로 받은 냄비세트도 너무 좋습니다",
    "Source": "쇼핑몰",
    "Domain": "가전",
    "MainCategory": "주방가전",
    "ProductName": "SK매직 올파워 IHR-BF300 빌트인",
    "ReviewScore": "5",
    "Syllable": "65",
    "Word": "14",
    "RDate": "20211109",
    "GeneralPolarity": "1",
    "Aspects": [
      {
        "Aspect": "편의성",
        "SentimentText": "인덕션으로 바꾸니 조리 시간이 줄어들어 가족들이 좋아합니다",
        "SentimentWord": "7",
        "SentimentPolarity": "1"
      },
      {
        "Aspect": "제품구성",
        "SentimentText": "사은품으로 받은 냄비세트도 너무 좋습니다 ",
        "SentimentWord": "5",
        "SentimentPolarity": "1"
      }
    ]
  },
  {
    "Index": "25602",
    "RawText": "같은 제품 두 번째 구매 후 사용 중입니다. 가격이 많이 올라서 부담이 되어 기분이 좋지 않아요. 그리고 성능도 그렇게 많이 좋아지지 않은 것 같아 더욱 아쉽습니다.",
    "Source": "쇼핑몰",
    "Domain": "가전",
    "MainCategory": "주방가전",
    "ProductName": "SK매직 올파워 IHR-BF300 빌트인",
    "ReviewScore": "4",
    "Syllable": "92",
    "Word": "26",
    "RDate": "20220603",
    "GeneralPolarity": "-1",
    "Aspects": [
      {
        "Aspect": "가격",
        "SentimentText": "가격이 많이 올라서 부담이 되어 기분이 좋지 않아요",
        "SentimentWord": "8",
        "SentimentPolarity": "-1"
      },
      {
        "Aspect": "기능",
        "SentimentText": " 성능도 그렇게 많이 좋아지지 않은 것 같아 더욱 아쉽습니다.",
        "SentimentWord": "9",
        "SentimentPolarity": "-1"
      }
    ]
  },
  {
    "Index": "25603",
    "RawText": "밥 볶아 먹는데 요리 시간이 정말 절반으로 줄어들었어요~!  사은품으로 냄비 세트와 상품권까지 받아 너무 좋습니다^^",
    "Source": "쇼핑몰",
    "Domain": "가전",
    "MainCategory": "주방가전",
    "ProductName": "SK매직 올파워 IHR-BF300 빌트인",
    "ReviewScore": "5",
    "Syllable": "65",
    "Word": "15",
    "RDate": "20211114",
    "Aspects": [
      {
        "Aspect": "시간/속도",
        "SentimentText": "밥 볶아 먹는데 요리 시간이 정말 절반으로 줄어들었어요~! ",
        "SentimentWord": "8",
        "SentimentPolarity": "1"
      },
      {
        "Aspect": "제품구성",
        "SentimentText": "사은품으로  냄비 세트와 상품권까지 받아 너무 좋습니다^^",
        "SentimentWord": "7",
        "SentimentPolarity": "1"
      }
    ]
  },
  {
    "Index": "25607",
    "RawText": "설치 기사님이 시간맞춰와주시고 친절하시기까지하니 너무 감사해요.  더군다나 사은품까지 챙겨주시니 굿굿!! 밑에오븐이있어 빌트인으로 완전매립은 안되어서 조금 아쉽네요.  성능은 만족해요",
    "Source": "쇼핑몰",
    "Domain": "가전",
    "MainCategory": "주방가전",
    "ProductName": "SK매직 올파워 IHR-BF300 빌트인",
    "ReviewScore": "4",
    "Syllable": "102",
    "Word": "18",
    "RDate": "20220314",
    "Aspects": [
      {
        "Aspect": "제품구성",
        "SentimentText": "더군다나 사은품까지 챙겨주시니 굿굿!! ",
        "SentimentWord": "4",
        "SentimentPolarity": "1"
      },
      {
        "Aspect": "디자인",
        "SentimentText": "밑에오븐이있어 빌트인으로 완전매립은 안되어서 조금 아쉽네요",
        "SentimentWord": "6",
        "SentimentPolarity": "-1"
      },
      {
        "Aspect": "기능",
        "SentimentText": "성능은 만족해요",
        "SentimentWord": "2",
        "SentimentPolarity": "1"
      }
    ]
  },
  {
    "Index": "25608",
    "RawText": "세라믹글라스소재라 청소가 쉬워 굿이네요~   상품권 포함 결제해서 가격 그럭저럭 만족합니다.",
    "Source": "쇼핑몰",
    "Domain": "가전",
    "MainCategory": "주방가전",
    "ProductName": "SK매직 올파워 IHR-BF300 빌트인",
    "ReviewScore": "3",
    "Syllable": "51",
    "Word": "10",
    "RDate": "20220616",
    "Aspects": [
      {
        "Aspect": "소재",
        "SentimentText": "세라믹글라스소재라 청소가 쉬워 굿이네요~ ",
        "SentimentWord": "4",
        "SentimentPolarity": "1"
      },
      {
        "Aspect": "가격",
        "SentimentText": "상품권 포함 결제해서 가격 그럭저럭 만족합니다.",
        "SentimentWord": "6",
        "SentimentPolarity": "0"
      }
    ]
  },
  {
    "Index": "25609",
    "RawText": "1구 인덕션쓸때 소음에 귀가 윙윙거릴정도였는데 3구는 엄청 조용합니다. 타공없이 모양이 딱 맞아서 디자인도 예쁘고 좋았네요",
    "Source": "쇼핑몰",
    "Domain": "가전",
    "MainCategory": "주방가전",
    "ProductName": "SK매직 올파워 IHR-BF300 빌트인",
    "ReviewScore": "5",
    "Syllable": "68",
    "Word": "15",
    "RDate": "20211010",
    "Aspects": [
      {
        "Aspect": "소음",
        "SentimentText": "1구 인덕션쓸때 소음에 귀가 윙윙거릴정도였는데 3구는 엄청 조용합니다.",
        "SentimentWord": "8",
        "SentimentPolarity": "1"
      },
      {
        "Aspect": "디자인",
        "SentimentText": "타공없이 모양이 딱 맞아서 디자인도 예쁘고 좋았네요 ",
        "SentimentWord": "7",
        "SentimentPolarity": "1"
      }
    ]
  },
  {
    "Index": "25610",
    "RawText": "디자인은 심플하니 고급스러운데 사이즈가 커서 위치 상 튀어나오는 부분 때문에 별로입니다",
    "Source": "쇼핑몰",
    "Domain": "가전",
    "MainCategory": "주방가전",
    "ProductName": "SK매직 올파워 IHR-BF300 빌트인",
    "ReviewScore": "5",
    "Syllable": "48",
    "Word": "11",
    "RDate": "20211119",
    "Aspects": [
      {
        "Aspect": "디자인",
        "SentimentText": "디자인은 심플하니 고급스러운데 ",
        "SentimentWord": "3",
        "SentimentPolarity": "1"
      },
      {
        "Aspect": "사이즈",
        "SentimentText": "사이즈가 커서 위치 상 튀어나오는 부분 때문에 별로입니다",
        "SentimentWord": "8",
        "SentimentPolarity": "0"
      }
    ]
  },
  {
    "Index": "25611",
    "RawText": "기사님 지정일 당일 연락주시고 시간도 맞춰오셨어요. 사용법도 다 알려주시고 친절하기까지 하셔서 맘에 듭니다. 인덕션은 잠금장치 여러개 되어있어서 바로바로 쓰지못하는게 아쉽네요.  2구 이상 동시 사용시 화력조절되니 그럭저럭 만족합니다.  화력 세기는 최고입니다.",
    "Source": "쇼핑몰",
    "Domain": "가전",
    "MainCategory": "주방가전",
    "ProductName": "SK매직 올파워 IHR-BF300 빌트인",
    "ReviewScore": "5",
    "Syllable": "146",
    "Word": "30",
    "RDate": "20220406",
    "Aspects": [
      {
        "Aspect": "편의성",
        "SentimentText": "인덕션은 잠금장치 여러개 되어있어서 바로바로 쓰지못하는게 아쉽네요.",
        "SentimentWord": "7",
        "SentimentPolarity": "-1"
      },
      {
        "Aspect": "조작성",
        "SentimentText": "2구 이상 동시 사용시 화력조절되니 그럭저럭 만족합니다. ",
        "SentimentWord": "7",
        "SentimentPolarity": "0"
      },
      {
        "Aspect": "기능",
        "SentimentText": "화력 세기는 최고입니다.",
        "SentimentWord": "3",
        "SentimentPolarity": "1"
      }
    ]
  },
  {
    "Index": "25612",
    "RawText": "기사님 친절하게 잘 설치해주고 가셨어요. 케이스가 없어서 기다리는 불편함도 있었지만, 상품 기능 자체는 맘에들어요~",
    "Source": "쇼핑몰",
    "Domain": "가전",
    "MainCategory": "주방가전",
    "ProductName": "SK매직 올파워 IHR-BF300 빌트인",
    "ReviewScore": "4",
    "Syllable": "64",
    "Word": "14",
    "RDate": "20210912",
    "Aspects": [
      {
        "Aspect": "제품구성",
        "SentimentText": "케이스가 없어서 기다리는 불편함도 있었지만,",
        "SentimentWord": "5",
        "SentimentPolarity": "-1"
      },
      {
        "Aspect": "기능",
        "SentimentText": "상품 기능 자체는 맘에들어요~",
        "SentimentWord": "4",
        "SentimentPolarity": "1"
      }
    ]
  },
  {
    "Index": "25613",
    "RawText": "작동법 간단해서 사용하기 쉬워요^^ 인덕션 처음 킬 때 소음 나는데 거슬릴 정도는 아니라 그럭저럭 만족합니다",
    "Source": "쇼핑몰",
    "Domain": "가전",
    "MainCategory": "주방가전",
    "ProductName": "SK매직 올파워 IHR-BF300 빌트인",
    "ReviewScore": "5",
    "Syllable": "60",
    "Word": "15",
    "RDate": "20220322",
    "Aspects": [
      {
        "Aspect": "조작성",
        "SentimentText": "작동법 간단해서 사용하기 쉬워요^^",
        "SentimentWord": "4",
        "SentimentPolarity": "1"
      },
      {
        "Aspect": "소음",
        "SentimentText": "인덕션 처음 킬 때 소음 나는데 거슬릴 정도는 아니라 그럭저럭 만족합니다",
        "SentimentWord": "11",
        "SentimentPolarity": "0"
      }
    ]
  },
  {
    "Index": "25615",
    "RawText": "사은품 냄비와 프라이팬 묵직해서 생각보다 아주 좋아요~ 디자인 깔끔하고 고급스러워 만족합니다",
    "Source": "쇼핑몰",
    "Domain": "가전",
    "MainCategory": "주방가전",
    "ProductName": "SK매직 올파워 IHR-BF300 빌트인",
    "ReviewScore": "5",
    "Syllable": "51",
    "Word": "11",
    "RDate": "20211123",
    "Aspects": [
      {
        "Aspect": "제품구성",
        "SentimentText": "사은품 냄비와 프라이팬 묵직해서 생각보다 아주 좋아요~",
        "SentimentWord": "7",
        "SentimentPolarity": "1"
      },
      {
        "Aspect": "디자인",
        "SentimentText": "디자인 깔끔하고 고급스러워 만족합니다",
        "SentimentWord": "4",
        "SentimentPolarity": "1"
      }
    ]
  },
  {
    "Index": "25616",
    "RawText": "기사님들도 친절하게 설치 해 주셔서 좋았습니다.   제품 성능도 매우 뛰어나 만족 스러운 편입니다 .하지만 디자인이 투박스러워서 좀 아쉽습니다",
    "Source": "쇼핑몰",
    "Domain": "가전",
    "MainCategory": "주방가전",
    "ProductName": "SK매직 올파워 IHR-BF300 빌트인",
    "ReviewScore": "5",
    "Syllable": "79",
    "Word": "18",
    "RDate": "20220803",
    "Aspects": [
      {
        "Aspect": "기능",
        "SentimentText": " 제품 성능도 매우 뛰어나 만족 스러운 편입니다",
        "SentimentWord": "7",
        "SentimentPolarity": "1"
      },
      {
        "Aspect": "디자인",
        "SentimentText": " 디자인이 투박스러워서 좀 아쉽습니다 ",
        "SentimentWord": "4",
        "SentimentPolarity": "0"
      }
    ]
  },
  {
    "Index": "25617",
    "RawText": "기사님이 너무 친절히 잘 설치해 주셔서 좋니다.그리고 조리 속도 빨라서 너무 좋읍니다.디자인이 깔끔해서 인테리어랑 잘 어울려 좋았고 사은품도 마음에 들어 다행입니다",
    "Source": "쇼핑몰",
    "Domain": "가전",
    "MainCategory": "주방가전",
    "ProductName": "SK매직 올파워 IHR-BF300 빌트인",
    "ReviewScore": "5",
    "Syllable": "91",
    "Word": "21",
    "RDate": "20210929",
    "Aspects": [
      {
        "Aspect": "시간/속도",
        "SentimentText": "조리 속도 빨라서 너무 좋읍니다",
        "SentimentWord": "5",
        "SentimentPolarity": "1"
      },
      {
        "Aspect": "디자인",
        "SentimentText": "디자인이 깔끔해서 인테리어랑 잘 어울려 좋았고",
        "SentimentWord": "6",
        "SentimentPolarity": "1"
      },
      {
        "Aspect": "제품구성",
        "SentimentText": "사은품도 마음에 들어 다행입니다   ",
        "SentimentWord": "4",
        "SentimentPolarity": "1"
      }
    ]
  },
  {
    "Index": "25618",
    "RawText": "타제품은 안써봤지만소리가 꽤 큽니다. 틱틱 부웅~거려요ㅠ  .제품 성능은 다행히도 만족스럽습니다",
    "Source": "쇼핑몰",
    "Domain": "가전",
    "MainCategory": "주방가전",
    "ProductName": "SK매직 올파워 IHR-BF300 빌트인",
    "ReviewScore": "2",
    "Syllable": "53",
    "Word": "10",
    "RDate": "20220709",
    "Aspects": [
      {
        "Aspect": "소음",
        "SentimentText": " 타제품은 안써봤지만소리가 꽤 큽니다. 틱틱 부웅~거려요ㅠ ",
        "SentimentWord": "6",
        "SentimentPolarity": "-1"
      },
      {
        "Aspect": "기능",
        "SentimentText": "제품 성능은 다행히도 만족스럽습니다",
        "SentimentWord": "4",
        "SentimentPolarity": "1"
      }
    ]
  },
  {
    "Index": "25619",
    "RawText": "기사님이 정말 친절하셔서 기분이 좋았습니다. 기존 하이라이트 보다 확실히 화력이 세서 만족스럽습니다  단지 소음이 거스리는 실망 스럽습니다",
    "Source": "쇼핑몰",
    "Domain": "가전",
    "MainCategory": "주방가전",
    "ProductName": "SK매직 올파워 IHR-BF300 빌트인",
    "ReviewScore": "5",
    "Syllable": "77",
    "Word": "17",
    "RDate": "20220114",
    "Aspects": [
      {
        "Aspect": "기능",
        "SentimentText": "기존 하이라이트 보다 확실히 화력이 세서 만족스럽습니다",
        "SentimentWord": "7",
        "SentimentPolarity": "1"
      },
      {
        "Aspect": "소음",
        "SentimentText": "소음이 거스리는 실망 스럽습니다 ",
        "SentimentWord": "4",
        "SentimentPolarity": "-1"
      }
    ]
  },
  {
    "Index": "25621",
    "RawText": "기존 설치되어있던 쿡탑 철거하고 설치했는데 사이즈가 딱 잘 맞아  좋습니다.보내주신 사은품도 만족스럽고 좋습니다.기사님도 친절하셔서 좋았던 것 같아요",
    "Source": "쇼핑몰",
    "Domain": "가전",
    "MainCategory": "주방가전",
    "ProductName": "SK매직 올파워 IHR-BF300 빌트인",
    "ReviewScore": "5",
    "Syllable": "83",
    "Word": "17",
    "RDate": "20220603",
    "Aspects": [
      {
        "Aspect": "사이즈",
        "SentimentText": "사이즈가 딱 잘 맞아  좋습니다.",
        "SentimentWord": "5",
        "SentimentPolarity": "1"
      },
      {
        "Aspect": "제품구성",
        "SentimentText": "보내주신 사은품도 만족스럽고 좋습니다",
        "SentimentWord": "4",
        "SentimentPolarity": "1"
      }
    ]
  },
  {
    "Index": "25622",
    "RawText": "깊이가 짧아서3센치 올렸는데 개인적으로 싱크대상판에 밀착되어 있는거 보다  훻씬 고급지고 보기 좋은거같아요~ 화력세기도 만족스럽구요 잘 샀어요^^",
    "Source": "쇼핑몰",
    "Domain": "가전",
    "MainCategory": "주방가전",
    "ProductName": "SK매직 올파워 IHR-BF300 빌트인",
    "ReviewScore": "5",
    "Syllable": "81",
    "Word": "16",
    "RDate": "20210915",
    "GeneralPolarity": "1",
    "Aspects": [
      {
        "Aspect": "디자인",
        "SentimentText": "싱크대상판에 밀착되어 있는거 보다  훻씬 고급지고 보기 좋은거같아요~",
        "SentimentWord": "8",
        "SentimentPolarity": "1"
      },
      {
        "Aspect": "기능",
        "SentimentText": "화력세기도 만족스럽구요 잘 샀어요^^",
        "SentimentWord": "4",
        "SentimentPolarity": "1"
      }
    ]
  },
  {
    "Index": "25623",
    "RawText": "인덕션 택배로 받아 제가 직접 설치해도 좋았을만큼 설치도 간편했네요^^ 사은품도 너무  맘에 들어서 더욱 좋습니다",
    "Source": "쇼핑몰",
    "Domain": "가전",
    "MainCategory": "주방가전",
    "ProductName": "SK매직 올파워 IHR-BF300 빌트인",
    "ReviewScore": "5",
    "Syllable": "63",
    "Word": "15",
    "RDate": "20220421",
    "Aspects": [
      {
        "Aspect": "조작성",
        "SentimentText": "인덕션 택배로 받아 제가 직접 설치해도 좋았을만큼 설치도 간편했네요^^",
        "SentimentWord": "9",
        "SentimentPolarity": "1"
      },
      {
        "Aspect": "제품구성",
        "SentimentText": "사은품도 너무  맘에 들어서 더욱 좋습니다 ",
        "SentimentWord": "6",
        "SentimentPolarity": "1"
      }
    ]
  },
  {
    "Index": "25624",
    "RawText": "깔끔하게 시공도 해주시고. 기사님도 친절하게 설명 잘해해주심. 인덕션을 처음 써보는데. 색상도 깔끔한게 마음에 들고 기능도 생각보다 만족스럽네요 ,",
    "Source": "쇼핑몰",
    "Domain": "가전",
    "MainCategory": "주방가전",
    "ProductName": "SK매직 올파워 IHR-BF300 빌트인",
    "ReviewScore": "5",
    "Syllable": "82",
    "Word": "18",
    "RDate": "20220611",
    "Aspects": [
      {
        "Aspect": "색상",
        "SentimentText": "색상도 깔끔한게 마음에 들고",
        "SentimentWord": "4",
        "SentimentPolarity": "1"
      },
      {
        "Aspect": "기능",
        "SentimentText": "기능도 생각보다 만족스럽네요 ,",
        "SentimentWord": "4",
        "SentimentPolarity": "1"
      }
    ]
  },
  {
    "Index": "25625",
    "RawText": "디자인이 깔끔해서 마음에 들고요  사용법도 간단 해서  좋습니다. 모든 화구가 최대 화력으로도  사용이 가능해서 편리하고 좋습니다.",
    "Source": "쇼핑몰",
    "Domain": "가전",
    "MainCategory": "주방가전",
    "ProductName": "SK매직 올파워 IHR-BF300 빌트인",
    "ReviewScore": "5",
    "Syllable": "73",
    "Word": "16",
    "RDate": "20211118",
    "GeneralPolarity": "1",
    "Aspects": [
      {
        "Aspect": "디자인",
        "SentimentText": "디자인이 깔끔해서 마음에 들고요  ",
        "SentimentWord": "4",
        "SentimentPolarity": "1"
      },
      {
        "Aspect": "조작성",
        "SentimentText": "사용법도 간단 해서  좋습니다",
        "SentimentWord": "4",
        "SentimentPolarity": "1"
      },
      {
        "Aspect": "편의성",
        "SentimentText": " 모든 화구가 최대 화력으로도  사용이 가능해서 편리하고 좋습니다.",
        "SentimentWord": "8",
        "SentimentPolarity": "1"
      }
    ]
  },
  {
    "Index": "25626",
    "RawText": "디자인이 깔끔해서 좋습니다.조리할 때 시간도 단축되어 쓰기 편해서 만족합니다.며칠 만에 가격이 훨씬 가격이 내려가서 속상하고 기분이 좋아요 ㅠㅠ",
    "Source": "쇼핑몰",
    "Domain": "가전",
    "MainCategory": "주방가전",
    "ProductName": "SK매직 올파워 IHR-BF300 빌트인",
    "ReviewScore": "4",
    "Syllable": "80",
    "Word": "18",
    "RDate": "20220615",
    "GeneralPolarity": "0",
    "Aspects": [
      {
        "Aspect": "디자인",
        "SentimentText": "디자인이 깔끔해서 좋습니다",
        "SentimentWord": "3",
        "SentimentPolarity": "1"
      },
      {
        "Aspect": "시간/속도",
        "SentimentText": "조리할 때 시간도 단축되어 쓰기 편해서 만족합니다",
        "SentimentWord": "7",
        "SentimentPolarity": "1"
      },
      {
        "Aspect": "가격",
        "SentimentText": "며칠 만에 가격이 훨씬 가격이 내려가서 속상하고 기분이 좋아요 ㅠㅠ",
        "SentimentWord": "10",
        "SentimentPolarity": "-1"
      }
    ]
  },
  {
    "Index": "25627",
    "RawText": "마감재를 좋은걸 썼는지 깔끔하니 예쁩니다. 설치후 테스트해보니 화력도 만족스럽네요! 설치 기사님까지 너무 친절하셔서 기분 좋았어요 ^^  최대 소비전력으로 자동꺼짐 기능이 다소 아쉽네요~",
    "Source": "쇼핑몰",
    "Domain": "가전",
    "MainCategory": "주방가전",
    "ProductName": "SK매직 올파워 IHR-BF300 빌트인",
    "ReviewScore": "5",
    "Syllable": "104",
    "Word": "22",
    "RDate": "20210922",
    "Aspects": [
      {
        "Aspect": "디자인",
        "SentimentText": "마감재를 좋은걸 썼는지 깔끔하니 예쁩니다.",
        "SentimentWord": "5",
        "SentimentPolarity": "1"
      },
      {
        "Aspect": "기능",
        "SentimentText": "화력도 만족스럽네요! ",
        "SentimentWord": "2",
        "SentimentPolarity": "1"
      },
      {
        "Aspect": "기능",
        "SentimentText": "최대 소비전력으로 자동꺼짐 기능이 다소 아쉽네요~",
        "SentimentWord": "6",
        "SentimentPolarity": "0"
      }
    ]
  },
  {
    "Index": "25628",
    "RawText": "올블랙 색상이 깔끔하니 주방이 고급져 보여서 좋네요..잠금기능이 있어 안심하고 사용하고 있어요",
    "Source": "쇼핑몰",
    "Domain": "가전",
    "MainCategory": "주방가전",
    "ProductName": "SK매직 올파워 IHR-BF300 빌트인",
    "ReviewScore": "5",
    "Syllable": "52",
    "Word": "11",
    "RDate": "20220302",
    "Aspects": [
      {
        "Aspect": "색상",
        "SentimentText": "올블랙 색상이 깔끔하니 주방이 고급져 보여서 좋네요.. ",
        "SentimentWord": "7",
        "SentimentPolarity": "1"
      },
      {
        "Aspect": "기능",
        "SentimentText": ".잠금기능이 있어 안심하고 사용하고 있어요",
        "SentimentWord": "5",
        "SentimentPolarity": "1"
      }
    ]
  },
  {
    "Index": "25629",
    "RawText": "색상이 깔끔하니 맘에 듭니당~~~~안전하게 잠금장치가 이중이라 더 만족스럽고 좋아요.고양이들의 안전을 위해서~~ 사은품까지 주신다니  좋은가격에 잘 샀어요 ㅎ",
    "Source": "쇼핑몰",
    "Domain": "가전",
    "MainCategory": "주방가전",
    "ProductName": "SK매직 올파워 IHR-BF300 빌트인",
    "ReviewScore": "5",
    "Syllable": "88",
    "Word": "17",
    "RDate": "20220728",
    "GeneralPolarity": "1",
    "Aspects": [
      {
        "Aspect": "색상",
        "SentimentText": "색상이 깔끔하니 맘에 듭니당~~~~",
        "SentimentWord": "4",
        "SentimentPolarity": "1"
      },
      {
        "Aspect": "기능",
        "SentimentText": "안전하게 잠금장치가 이중이라 더 만족스럽고 좋아요",
        "SentimentWord": "6",
        "SentimentPolarity": "1"
      },
      {
        "Aspect": "가격",
        "SentimentText": "사은품까지 주신다니  좋은가격에 잘 샀어요 ㅎ",
        "SentimentWord": "6",
        "SentimentPolarity": "1"
      }
    ]
  },
  {
    "Index": "25631",
    "RawText": "사은품도 알차게 줘서 너무 좋아요 .조리 시간이 줄어들었다고 가족들이 좋아하네요   안전장치가 있어서 조리하려면 3단계를 거쳐야 해서 좀 불편하네요 .코일이 둥그렇게 생겨서 큰 프라이팬 사용에는 조금 아쉬운 부분이 있구요.26cm까지는 괜찮아요.",
    "Source": "쇼핑몰",
    "Domain": "가전",
    "MainCategory": "주방가전",
    "ProductName": "SK매직 올파워 IHR-BF300 빌트인",
    "ReviewScore": "5",
    "Syllable": "137",
    "Word": "29",
    "RDate": "20220410",
    "Aspects": [
      {
        "Aspect": "제품구성",
        "SentimentText": "사은품도 알차게 줘서 너무 좋아요",
        "SentimentWord": "5",
        "SentimentPolarity": "1"
      },
      {
        "Aspect": "시간/속도",
        "SentimentText": "조리 시간이 줄어들었다고 가족들이 좋아하네요 ",
        "SentimentWord": "5",
        "SentimentPolarity": "1"
      },
      {
        "Aspect": "편의성",
        "SentimentText": "안전장치가 있어서 조리하려면 3단계를 거쳐야 해서 좀 불편하네요",
        "SentimentWord": "8",
        "SentimentPolarity": "0"
      }
    ]
  },
  {
    "Index": "25633",
    "RawText": "광고에 너무 기대를 많이 했는지  물 끓는 속도가 조금 아쉽네요. 가격대비해서 개별화구인건 맘에 들어요 기대 이상 초고화력이라 더 만족하며 사용중이예요. 배송기사님도 친절하시고 잘 산듯합니다.",
    "Source": "쇼핑몰",
    "Domain": "가전",
    "MainCategory": "주방가전",
    "ProductName": "SK매직 올파워 IHR-BF300 빌트인",
    "ReviewScore": "5",
    "Syllable": "107",
    "Word": "24",
    "RDate": "20220223",
    "Aspects": [
      {
        "Aspect": "시간/속도",
        "SentimentText": "물 끓는 속도가 조금 아쉽네요.",
        "SentimentWord": "5",
        "SentimentPolarity": "-1"
      },
      {
        "Aspect": "가격",
        "SentimentText": "가격대비해서 개별화구인건 맘에 들어요 ",
        "SentimentWord": "4",
        "SentimentPolarity": "1"
      },
      {
        "Aspect": "기능",
        "SentimentText": "초고화력이라 더 만족하며 사용중이예요.",
        "SentimentWord": "4",
        "SentimentPolarity": "1"
      }
    ]
  },
  {
    "Index": "25634",
    "RawText": "두개를 동시에 사용해 기다란 불판 사용할 수 있어 편해서 좋아요 가성비도 좋은 제품 이라서 더욱 만족 스럽습니다",
    "Source": "쇼핑몰",
    "Domain": "가전",
    "MainCategory": "주방가전",
    "ProductName": "SK매직 올파워 IHR-BF300 빌트인",
    "ReviewScore": "5",
    "Syllable": "62",
    "Word": "17",
    "RDate": "20220111",
    "Aspects": [
      {
        "Aspect": "편의성",
        "SentimentText": "두개를 동시에 사용해 기다란 불판 사용할 수 있어 편해서 좋아요",
        "SentimentWord": "10",
        "SentimentPolarity": "1"
      },
      {
        "Aspect": "가격",
        "SentimentText": "가성비도 좋은 제품 이라서 더욱 만족 스럽습니다",
        "SentimentWord": "7",
        "SentimentPolarity": "1"
      }
    ]
  },
  {
    "Index": "25635",
    "RawText": "너무 사용이  편리해서 좋아요.사은품으로 주신 냄비세트가 싸구려 같지 않아 너무 좋습니다...ㅋ 가성비도 나쁘지 않아 득템한 기분이라 좋아요 .강추!",
    "Source": "쇼핑몰",
    "Domain": "가전",
    "MainCategory": "주방가전",
    "ProductName": "SK매직 올파워 IHR-BF300 빌트인",
    "ReviewScore": "5",
    "Syllable": "83",
    "Word": "18",
    "RDate": "20220307",
    "GeneralPolarity": "1",
    "Aspects": [
      {
        "Aspect": "편의성",
        "SentimentText": "너무 사용이  편리해서 좋아요",
        "SentimentWord": "4",
        "SentimentPolarity": "1"
      },
      {
        "Aspect": "제품구성",
        "SentimentText": "사은품으로 주신 냄비세트가 싸구려 같지 않아 너무 좋습니다...ㅋ",
        "SentimentWord": "8",
        "SentimentPolarity": "1"
      },
      {
        "Aspect": "가격",
        "SentimentText": "가성비도 나쁘지 않아 득템 한 기분이라 좋아요 .강추!",
        "SentimentWord": "8",
        "SentimentPolarity": "1"
      }
    ]
  },
  {
    "Index": "25636",
    "RawText": "설치하고 보니 디자인이 너무이뻐요~~!! 케이스까지 무상으로 설치해주시니 감사합니다~~사은품으로 주신 냄비2종두 감사합니당~^^",
    "Source": "쇼핑몰",
    "Domain": "가전",
    "MainCategory": "주방가전",
    "ProductName": "SK매직 올파워 IHR-BF300 빌트인",
    "ReviewScore": "5",
    "Syllable": "71",
    "Word": "11",
    "RDate": "20220622",
    "Aspects": [
      {
        "Aspect": "디자인",
        "SentimentText": "디자인이 너무이뻐요~~!!",
        "SentimentWord": "2",
        "SentimentPolarity": "1"
      },
      {
        "Aspect": "제품구성",
        "SentimentText": "사은품으로 주신 냄비2종두 감사합니당~^^",
        "SentimentWord": "4",
        "SentimentPolarity": "1"
      }
    ]
  },
  {
    "Index": "25637",
    "RawText": "3구 모두 초고도 출력으로 자유자재로 사용할수 있다는 점이 가장 마음에 듭니다.  음식이 골고루 익혀지고, 시간도 단축되니 자꾸 요리하고 싶어져요^^ 동급 대비해서 가성비 우수한 제품입니다!!",
    "Source": "쇼핑몰",
    "Domain": "가전",
    "MainCategory": "주방가전",
    "ProductName": "SK매직 올파워 IHR-BF300 빌트인",
    "ReviewScore": "5",
    "Syllable": "107",
    "Word": "24",
    "RDate": "20220406",
    "GeneralPolarity": "1",
    "Aspects": [
      {
        "Aspect": "기능",
        "SentimentText": "3구 모두 초고도 출력으로 자유자재로 사용할수 있다는 점이 가장 마음에 듭니다.",
        "SentimentWord": "11",
        "SentimentPolarity": "1"
      },
      {
        "Aspect": "시간/속도",
        "SentimentText": "시간도 단축되니 자꾸 요리하고 싶어져요^^",
        "SentimentWord": "5",
        "SentimentPolarity": "1"
      },
      {
        "Aspect": "가격",
        "SentimentText": "동급 대비해서 가성비 우수한 제품입니다!!",
        "SentimentWord": "5",
        "SentimentPolarity": "1"
      }
    ]
  },
  {
    "Index": "25638",
    "RawText": "눈여겨 보고 있었던 인덕션인데 마침 타임딜로 저렴하게 사서 기분 좋아요:)  사은품까지 덤으로 받으니 정말 잘 샀어요.  빨리 사용해보고 싶네요~ㅎㅎ 단, 3구 동시에 같은 화력으로 쓸수 없어 아쉽네요",
    "Source": "쇼핑몰",
    "Domain": "가전",
    "MainCategory": "주방가전",
    "ProductName": "SK매직 올파워 IHR-BF300 빌트인",
    "ReviewScore": "4",
    "Syllable": "112",
    "Word": "27",
    "RDate": "20220510",
    "GeneralPolarity": "1",
    "Aspects": [
      {
        "Aspect": "가격",
        "SentimentText": "타임딜로 저렴하게 사서 기분 좋아요:)  ",
        "SentimentWord": "5",
        "SentimentPolarity": "1"
      },
      {
        "Aspect": "제품구성",
        "SentimentText": "사은품까지 덤으로 받으니 정말 잘 샀어요.",
        "SentimentWord": "6",
        "SentimentPolarity": "1"
      },
      {
        "Aspect": "기능",
        "SentimentText": "단, 3구 동시에 같은 화력으로 쓸수 없어 아쉽네요",
        "SentimentWord": "8",
        "SentimentPolarity": "-1"
      }
    ]
  },
  {
    "Index": "25639",
    "RawText": "인덕션 사용할때 안심모드 설정하는 게 번거러워서 불편하네요  화구선택 후 조절해야하는 불편함은 있네요. 화력도 좋다고는 하지만 저는 그닥 잘 모르겠어요. 제품대비 가성비는 그럭저럭 이예요. ㅎ ㅎ",
    "Source": "쇼핑몰",
    "Domain": "가전",
    "MainCategory": "주방가전",
    "ProductName": "SK매직 올파워 IHR-BF300 빌트인",
    "ReviewScore": "4",
    "Syllable": "109",
    "Word": "25",
    "RDate": "20220305",
    "GeneralPolarity": "-1",
    "Aspects": [
      {
        "Aspect": "조작성",
        "SentimentText": "인덕션 사용할때 안심모드 설정하는 게 번거러워서 불편하네요",
        "SentimentWord": "7",
        "SentimentPolarity": "-1"
      },
      {
        "Aspect": "편의성",
        "SentimentText": "화구선택 후 조절해야하는 불편함은 있네요",
        "SentimentWord": "5",
        "SentimentPolarity": "-1"
      },
      {
        "Aspect": "기능",
        "SentimentText": "화력도 좋다고는 하지만 저는 그닥 잘 모르겠어요. ",
        "SentimentWord": "7",
        "SentimentPolarity": "-1"
      },
      {
        "Aspect": "가격",
        "SentimentText": "제품대비 가성비는 그럭저럭 이예요. ㅎ ㅎ",
        "SentimentWord": "6",
        "SentimentPolarity": "-1"
      }
    ]
  },
  {
    "Index": "25640",
    "RawText": "사이즈는 대체로 잘 맞는 편이예요 디자인은 마음에들어요! 사은품으로 온 냄비랑 후라이팬 좋아요 잘 쓸게요!!",
    "Source": "쇼핑몰",
    "Domain": "가전",
    "MainCategory": "주방가전",
    "ProductName": "SK매직 올파워 IHR-BF300 빌트인",
    "ReviewScore": "5",
    "Syllable": "60",
    "Word": "14",
    "RDate": "20210907",
    "GeneralPolarity": "1",
    "Aspects": [
      {
        "Aspect": "사이즈",
        "SentimentText": "사이즈는 대체로 잘 맞는 편이예요",
        "SentimentWord": "5",
        "SentimentPolarity": "1"
      },
      {
        "Aspect": "디자인",
        "SentimentText": "디자인은 마음에들어요!",
        "SentimentWord": "2",
        "SentimentPolarity": "1"
      },
      {
        "Aspect": "제품구성",
        "SentimentText": "사은품으로 온 냄비랑 후라이팬 좋아요",
        "SentimentWord": "5",
        "SentimentPolarity": "1"
      }
    ]
  },
  {
    "Index": "25641",
    "RawText": "블랙 색상으로 샀더니 대리석 색이랑 잘 어울려 좋아요. 조리 시 옆에 열기가 없으니 편하게 조리할 수 있어 좋아요. 화력도 좋아서 조리 시간이 단축되어 좋습니다. ^^",
    "Source": "쇼핑몰",
    "Domain": "가전",
    "MainCategory": "주방가전",
    "ProductName": "SK매직 올파워 IHR-BF300 빌트인",
    "ReviewScore": "5",
    "Syllable": "93",
    "Word": "25",
    "RDate": "20220715",
    "GeneralPolarity": "1",
    "Aspects": [
      {
        "Aspect": "색상",
        "SentimentText": "블랙 색상으로 샀더니 대리석 색이랑 잘 어울려 좋아요.",
        "SentimentWord": "8",
        "SentimentPolarity": "1"
      },
      {
        "Aspect": "편의성",
        "SentimentText": "조리 시 옆에 열기가 없으니 편하게 조리할 수 있어 좋아요.",
        "SentimentWord": "10",
        "SentimentPolarity": "1"
      },
      {
        "Aspect": "시간/속도",
        "SentimentText": "화력도 좋아서 조리 시간이 단축되어 좋습니다. ^^",
        "SentimentWord": "7",
        "SentimentPolarity": "1"
      }
    ]
  },
  {
    "Index": "25642",
    "RawText": "가스렌지를 살까하다가 인덕션을 구매한건데 잘 바꾼것 같아요. 고급 스러운 디자인에 주방이 훨씬 돋보여서 바꾸길 잘 했어요. 3구 모두 화력이 좋아서 금방 음식도 만들수 있고 기능이 다양하네요. 사용법도 간단해서 만족스럽습니다.",
    "Source": "쇼핑몰",
    "Domain": "가전",
    "MainCategory": "주방가전",
    "ProductName": "SK매직 올파워 IHR-BF300 빌트인",
    "ReviewScore": "5",
    "Syllable": "126",
    "Word": "29",
    "RDate": "20210923",
    "Aspects": [
      {
        "Aspect": "디자인",
        "SentimentText": "고급 스러운 디자인에 주방이 훨씬 돋보여서 바꾸길 잘 했어요.",
        "SentimentWord": "9",
        "SentimentPolarity": "1"
      },
      {
        "Aspect": "기능",
        "SentimentText": "3구 모두 화력이 좋아서 금방 음식도 만들수 있고 기능이 다양하네요",
        "SentimentWord": "10",
        "SentimentPolarity": "1"
      },
      {
        "Aspect": "조작성",
        "SentimentText": "사용법도 간단해서 만족스럽습니다.",
        "SentimentWord": "3",
        "SentimentPolarity": "1"
      }
    ]
  },
  {
    "Index": "25644",
    "RawText": "라면물 끓이는데 속도가 정말 빨리 끓어 감탄 했고 좋아요.가성비 대비 너무 좋은 인덕션 이리스 만족도가 높아요.",
    "Source": "쇼핑몰",
    "Domain": "가전",
    "MainCategory": "주방가전",
    "ProductName": "SK매직 올파워 IHR-BF300 빌트인",
    "ReviewScore": "5",
    "Syllable": "62",
    "Word": "16",
    "RDate": "20211202",
    "GeneralPolarity": "1",
    "Aspects": [
      {
        "Aspect": "시간/속도",
        "SentimentText": "라면물 끓이는데 속도가 정말 빨리 끓어 감탄 했고 좋아요.",
        "SentimentWord": "9",
        "SentimentPolarity": "1"
      },
      {
        "Aspect": "가격",
        "SentimentText": "가성비 대비 너무 좋은 인덕션 이리스 만족도가 높아요.",
        "SentimentWord": "8",
        "SentimentPolarity": "1"
      }
    ]
  },
  {
    "Index": "25645",
    "RawText": "디자인이 심플해서 마음에 들고 좋습니다.오래 된 가스레인지만  쓰다가 바꾸니  조리시간이 빨라서 속이 시원하고 좋습니다",
    "Source": "쇼핑몰",
    "Domain": "가전",
    "MainCategory": "주방가전",
    "ProductName": "SK매직 올파워 IHR-BF300 빌트인",
    "ReviewScore": "4",
    "Syllable": "66",
    "Word": "14",
    "RDate": "20220719",
    "GeneralPolarity": "1",
    "Aspects": [
      {
        "Aspect": "디자인",
        "SentimentText": "디자인이 심플해서 마음에 들고 좋습니다.",
        "SentimentWord": "5",
        "SentimentPolarity": "1"
      },
      {
        "Aspect": "시간/속도",
        "SentimentText": " 조리시간이 빨라서 속이 시원하고 좋습니다",
        "SentimentWord": "5",
        "SentimentPolarity": "1"
      }
    ]
  },
  {
    "Index": "25646",
    "RawText": "세라믹소재라 청소하기 쉬워요^^  제가 구입 후 5만 원 정도 떨어진 거 보고 기분이 불쾌했습니다",
    "Source": "쇼핑몰",
    "Domain": "가전",
    "MainCategory": "주방가전",
    "ProductName": "SK매직 올파워 IHR-BF300 빌트인",
    "ReviewScore": "4",
    "Syllable": "54",
    "Word": "14",
    "RDate": "20211118",
    "Aspects": [
      {
        "Aspect": "소재",
        "SentimentText": "세라믹소재라 청소하기 쉬워요^^  ",
        "SentimentWord": "3",
        "SentimentPolarity": "1"
      },
      {
        "Aspect": "가격",
        "SentimentText": "제가 구입 후 5만 원 정도 떨어진 거 보고 기분이 불쾌했습니다",
        "SentimentWord": "11",
        "SentimentPolarity": "-1"
      }
    ]
  },
  {
    "Index": "25647",
    "RawText": "조작 사용법도 간단해서 너무 만족합니다. 성능도 뛰어나 아주 좋습니다.배송도 빨라서 더욱 만족합니다",
    "Source": "쇼핑몰",
    "Domain": "가전",
    "MainCategory": "주방가전",
    "ProductName": "SK매직 올파워 IHR-BF300 빌트인",
    "ReviewScore": "5",
    "Syllable": "55",
    "Word": "12",
    "RDate": "20211209",
    "Aspects": [
      {
        "Aspect": "조작성",
        "SentimentText": "조작 사용법도 간단해서 너무 만족합니다",
        "SentimentWord": "5",
        "SentimentPolarity": "1"
      },
      {
        "Aspect": "기능",
        "SentimentText": "성능도 뛰어나 아주 좋습니다",
        "SentimentWord": "4",
        "SentimentPolarity": "1"
      }
    ]
  },
  {
    "Index": "25648",
    "RawText": "제가 생각한 사이즈랑  딱 맞아 다행이고  좋았습니다. 작동법 간단해서 쉽게 요리하기 좋아요",
    "Source": "쇼핑몰",
    "Domain": "가전",
    "MainCategory": "주방가전",
    "ProductName": "SK매직 올파워 IHR-BF300 빌트인",
    "ReviewScore": "5",
    "Syllable": "51",
    "Word": "12",
    "RDate": "20210925",
    "Aspects": [
      {
        "Aspect": "사이즈",
        "SentimentText": "제가 생각한 사이즈랑  딱 맞아 다행이고  좋았습니다",
        "SentimentWord": "7",
        "SentimentPolarity": "1"
      },
      {
        "Aspect": "조작성",
        "SentimentText": " 작동법 간단해서 쉽게 요리하기 좋아요",
        "SentimentWord": "5",
        "SentimentPolarity": "1"
      }
    ]
  },
  {
    "Index": "25649",
    "RawText": "맞춤 설치되어 만족 스럽습니다. 깔끔한 디자인이 마음에 들고 아주 좋아용.같이주신 사은품 냄비도  좋습니다.",
    "Source": "쇼핑몰",
    "Domain": "가전",
    "MainCategory": "주방가전",
    "ProductName": "SK매직 올파워 IHR-BF300 빌트인",
    "ReviewScore": "5",
    "Syllable": "60",
    "Word": "13",
    "RDate": "20210920",
    "Aspects": [
      {
        "Aspect": "디자인",
        "SentimentText": "깔끔한 디자인이 마음에 들고 아주 좋아용",
        "SentimentWord": "6",
        "SentimentPolarity": "1"
      },
      {
        "Aspect": "제품구성",
        "SentimentText": "같이주신 사은품 냄비도  좋습니다.",
        "SentimentWord": "4",
        "SentimentPolarity": "1"
      }
    ]
  },
  {
    "Index": "25650",
    "RawText": "여러 가지 쿠폰 덕에 싸게 구매한 것도 정말 마음에 들어요  디자인도 깔끔하고 심플해서 좋네요 ^^",
    "Source": "쇼핑몰",
    "Domain": "가전",
    "MainCategory": "주방가전",
    "ProductName": "SK매직 올파워 IHR-BF300 빌트인",
    "ReviewScore": "4",
    "Syllable": "55",
    "Word": "15",
    "RDate": "20220226",
    "Aspects": [
      {
        "Aspect": "가격",
        "SentimentText": "여러 가지 쿠폰 덕에 싸게 구매한 것도 정말 마음에 들어요",
        "SentimentWord": "10",
        "SentimentPolarity": "1"
      },
      {
        "Aspect": "디자인",
        "SentimentText": "디자인도 깔끔하고 심플해서 좋네요 ^^",
        "SentimentWord": "5",
        "SentimentPolarity": "1"
      }
    ]
  },
  {
    "Index": "25651",
    "RawText": "처음 써보는데 무난하게 불 편하지 않고 화력도 세서 매우 만족합니다.  요리시간이 짧아져서 좋습니다. 무엇보다 디자인이  깔끔하고 예뻐서 만족도가 높아요",
    "Source": "쇼핑몰",
    "Domain": "가전",
    "MainCategory": "주방가전",
    "ProductName": "SK매직 올파워 IHR-BF300 빌트인",
    "ReviewScore": "5",
    "Syllable": "85",
    "Word": "19",
    "RDate": "20220512",
    "GeneralPolarity": "1",
    "Aspects": [
      {
        "Aspect": "기능",
        "SentimentText": "무난하게 불 편하지 않고 화력도 세서 매우 만족합니다",
        "SentimentWord": "8",
        "SentimentPolarity": "1"
      },
      {
        "Aspect": "시간/속도",
        "SentimentText": "요리시간이 짧아져서 좋습니다",
        "SentimentWord": "3",
        "SentimentPolarity": "1"
      },
      {
        "Aspect": "디자인",
        "SentimentText": "디자인이  깔끔하고 예뻐서 만족도가 높아요 ",
        "SentimentWord": "5",
        "SentimentPolarity": "1"
      }
    ]
  },
  {
    "Index": "25652",
    "RawText": "진짜 조리 시 빨리 끓고 단축되어 너무 좋습니다.청소도 간편하고  잘 닦이고 넘 좋아요~~^^",
    "Source": "쇼핑몰",
    "Domain": "가전",
    "MainCategory": "주방가전",
    "ProductName": "SK매직 올파워 IHR-BF300 빌트인",
    "ReviewScore": "5",
    "Syllable": "52",
    "Word": "13",
    "RDate": "20220429",
    "GeneralPolarity": "1",
    "Aspects": [
      {
        "Aspect": "시간/속도",
        "SentimentText": "진짜 조리 시 빨리 끓고 단축되어 너무 좋습니다.",
        "SentimentWord": "8",
        "SentimentPolarity": "1"
      },
      {
        "Aspect": "편의성",
        "SentimentText": "청소도 간편하고  잘 닦이고 넘 좋아요~~^^ ",
        "SentimentWord": "6",
        "SentimentPolarity": "1"
      }
    ]
  },
  {
    "Index": "25653",
    "RawText": "사용이 너무 편리하고 좋아요.디자인이 깔끔해서 주방 환경이 달라져 모든 것이 마음이 듭니다.처음에는 조작 방법이 적응이 잘 안되서 불편했고 고생했습니다,",
    "Source": "쇼핑몰",
    "Domain": "가전",
    "MainCategory": "주방가전",
    "ProductName": "SK매직 올파워 IHR-BF300 빌트인",
    "ReviewScore": "4",
    "Syllable": "85",
    "Word": "19",
    "RDate": "20220328",
    "GeneralPolarity": "0",
    "Aspects": [
      {
        "Aspect": "편의성",
        "SentimentText": "사용이 너무 편리하고 좋아요",
        "SentimentWord": "4",
        "SentimentPolarity": "1"
      },
      {
        "Aspect": "디자인",
        "SentimentText": "디자인이 깔끔해서 주방환경이 달라져 모든 것이 마음이 듭니다.",
        "SentimentWord": "8",
        "SentimentPolarity": "1"
      },
      {
        "Aspect": "조작성",
        "SentimentText": "조작 방법이 적응이 잘 안되서 불편했고 고생했습니다,",
        "SentimentWord": "7",
        "SentimentPolarity": "-1"
      }
    ]
  },
  {
    "Index": "25655",
    "RawText": "물 끓는 속도가  진짜 빨라 좋아요. 단점은… 조작방법이 익숙하지 않아 매우 불편합니다",
    "Source": "쇼핑몰",
    "Domain": "가전",
    "MainCategory": "주방가전",
    "ProductName": "SK매직 올파워 IHR-BF300 빌트인",
    "ReviewScore": "4",
    "Syllable": "48",
    "Word": "12",
    "RDate": "20211202",
    "GeneralPolarity": "0",
    "Aspects": [
      {
        "Aspect": "시간/속도",
        "SentimentText": "물 끓는 속도가  진짜 빨라 좋아요. ",
        "SentimentWord": "6",
        "SentimentPolarity": "1"
      },
      {
        "Aspect": "조작성",
        "SentimentText": "조작방법이 익숙하지 않아 매우 불편합니다 ",
        "SentimentWord": "5",
        "SentimentPolarity": "-1"
      }
    ]
  },
  {
    "Index": "25656",
    "RawText": "가성비 너무나 좋은 제품이라 마음에 쏙 들어요. 화력도 세서 조리 시간도 빨라 좋습니다",
    "Source": "쇼핑몰",
    "Domain": "가전",
    "MainCategory": "주방가전",
    "ProductName": "SK매직 올파워 IHR-BF300 빌트인",
    "ReviewScore": "5",
    "Syllable": "48",
    "Word": "13",
    "RDate": "20220301",
    "GeneralPolarity": "1",
    "Aspects": [
      {
        "Aspect": "가격",
        "SentimentText": "가성비 너무나 좋은 제품이라 마음에 쏙 들어요. ",
        "SentimentWord": "7",
        "SentimentPolarity": "1"
      },
      {
        "Aspect": "시간/속도",
        "SentimentText": "화력도 세서 조리 시간도 빨라 좋습니다 ",
        "SentimentWord": "6",
        "SentimentPolarity": "1"
      }
    ]
  },
  {
    "Index": "25657",
    "RawText": "직접 설치했는데 깔끔하게 설치가 되어 좋습니다~ 사은품도 잘 받았고 만족스럽습니다~^-^",
    "Source": "쇼핑몰",
    "Domain": "가전",
    "MainCategory": "주방가전",
    "ProductName": "SK매직 올파워 IHR-BF300 빌트인",
    "ReviewScore": "5",
    "Syllable": "49",
    "Word": "10",
    "RDate": "20211001",
    "Aspects": [
      {
        "Aspect": "조작성",
        "SentimentText": "직접 설치했는데 깔끔하게 설치가 되어 좋습니다~ ",
        "SentimentWord": "6",
        "SentimentPolarity": "1"
      },
      {
        "Aspect": "제품구성",
        "SentimentText": " 사은품도 잘 받았고 만족스럽습니다~^-^",
        "SentimentWord": "4",
        "SentimentPolarity": "1"
      }
    ]
  },
  {
    "Index": "25658",
    "RawText": "화력이 세서 물도 금방 끓고 조리시간이 단축되어 좋아요  조작 사용법도 편리해서 좋네요.",
    "Source": "쇼핑몰",
    "Domain": "가전",
    "MainCategory": "주방가전",
    "ProductName": "SK매직 올파워 IHR-BF300 빌트인",
    "ReviewScore": "4",
    "Syllable": "49",
    "Word": "12",
    "RDate": "20220314",
    "GeneralPolarity": "1",
    "Aspects": [
      {
        "Aspect": "시간/속도",
        "SentimentText": "화력이 세서 물도 금방 끓고 조리시간이 단축되어 좋아요  ",
        "SentimentWord": "8",
        "SentimentPolarity": "1"
      },
      {
        "Aspect": "조작성",
        "SentimentText": "조작 사용법도 편리해서 좋네요",
        "SentimentWord": "4",
        "SentimentPolarity": "1"
      }
    ]
  },
  {
    "Index": "25659",
    "RawText": "화력은 너무 쎄서 음식 준비를 모두 마친 상태에서 조리를 시작해야 할 정도에요~.소음이 약간 발생되어 신경 쓰이고 불만족스럽습니다",
    "Source": "쇼핑몰",
    "Domain": "가전",
    "MainCategory": "주방가전",
    "ProductName": "SK매직 올파워 IHR-BF300 빌트인",
    "ReviewScore": "5",
    "Syllable": "72",
    "Word": "17",
    "RDate": "20220310",
    "Aspects": [
      {
        "Aspect": "기능",
        "SentimentText": "화력은 너무 쎄서 음식 준비를 모두 마친 상태에서 조리를 시작해야 할 정도에요~",
        "SentimentWord": "12",
        "SentimentPolarity": "1"
      },
      {
        "Aspect": "소음",
        "SentimentText": "소음이 약간 발생되어 신경 쓰이고 불만족스럽습니다",
        "SentimentWord": "6",
        "SentimentPolarity": "-1"
      }
    ]
  },
  {
    "Index": "25660",
    "RawText": "배송 및 설치 빨라 좋았습니다. 생각보다  사은품도 좋았고요  무엇보다 물이 정말 빨리 끓어서 너무 좋아요 ㅎ",
    "Source": "쇼핑몰",
    "Domain": "가전",
    "MainCategory": "주방가전",
    "ProductName": "SK매직 올파워 IHR-BF300 빌트인",
    "ReviewScore": "5",
    "Syllable": "61",
    "Word": "16",
    "RDate": "20211229",
    "Aspects": [
      {
        "Aspect": "제품구성",
        "SentimentText": "생각보다  사은품도 좋았고요",
        "SentimentWord": "3",
        "SentimentPolarity": "1"
      },
      {
        "Aspect": "시간/속도",
        "SentimentText": " 물이 정말 빨리 끓어서 너무 좋아요 ㅎ",
        "SentimentWord": "7",
        "SentimentPolarity": "1"
      }
    ]
  },
  {
    "Index": "25661",
    "RawText": "가스 쓰다가 전기 쓰니 좀 불편한 감이 있지만 익숙해지면 편해지겠죠. 물이 빨리 끓어 조리시간이 빨라 좋아요.",
    "Source": "쇼핑몰",
    "Domain": "가전",
    "MainCategory": "주방가전",
    "ProductName": "SK매직 올파워 IHR-BF300 빌트인",
    "ReviewScore": "5",
    "Syllable": "61",
    "Word": "16",
    "RDate": "20220320",
    "Aspects": [
      {
        "Aspect": "편의성",
        "SentimentText": "가스 쓰다가 전기 쓰니 좀 불편한 감이 있지만 익숙해지면 편해지겠죠",
        "SentimentWord": "10",
        "SentimentPolarity": "0"
      },
      {
        "Aspect": "시간/속도",
        "SentimentText": "물이 빨리 끓어 조리시간이 빨라 좋아요",
        "SentimentWord": "6",
        "SentimentPolarity": "1"
      }
    ]
  },
  {
    "Index": "25662",
    "RawText": "작동법 쉬워서 사용하기 좋아요^^  생각보다 사이즈가 커서 별로예요ㅠㅠ",
    "Source": "쇼핑몰",
    "Domain": "가전",
    "MainCategory": "주방가전",
    "ProductName": "SK매직 올파워 IHR-BF300 빌트인",
    "ReviewScore": "5",
    "Syllable": "39",
    "Word": "8",
    "RDate": "20220520",
    "Aspects": [
      {
        "Aspect": "조작성",
        "SentimentText": "작동법 쉬워서 사용하기 좋아요^^",
        "SentimentWord": "4",
        "SentimentPolarity": "1"
      },
      {
        "Aspect": "사이즈",
        "SentimentText": "생각보다 사이즈가 커서 별로예요ㅠㅠ",
        "SentimentWord": "4",
        "SentimentPolarity": "-1"
      }
    ]
  },
  {
    "Index": "25663",
    "RawText": "디자인 너무 심플해서 이뻐요 ㅎㅎ  생각하지 못한 소음이 발생되어 신경쓰이고 실망입니다.",
    "Source": "쇼핑몰",
    "Domain": "가전",
    "MainCategory": "주방가전",
    "ProductName": "SK매직 올파워 IHR-BF300 빌트인",
    "ReviewScore": "5",
    "Syllable": "49",
    "Word": "11",
    "RDate": "20220806",
    "Aspects": [
      {
        "Aspect": "디자인",
        "SentimentText": "디자인 너무 심플해서 이뻐요 ㅎㅎ  ",
        "SentimentWord": "5",
        "SentimentPolarity": "1"
      },
      {
        "Aspect": "소음",
        "SentimentText": " 생각하지 못한 소음이 발생되어 신경쓰이고 실망입니다.",
        "SentimentWord": "6",
        "SentimentPolarity": "-1"
      }
    ]
  },
  {
    "Index": "25664",
    "RawText": "직접 설치하는데 문제 없고 간편하게 할수 있어 좋네요. 소비전력이 있는 편이라서 전기 풀가동시  전력이 딸려 걱정됩니다.",
    "Source": "쇼핑몰",
    "Domain": "가전",
    "MainCategory": "주방가전",
    "ProductName": "SK매직 올파워 IHR-BF300 빌트인",
    "ReviewScore": "5",
    "Syllable": "67",
    "Word": "16",
    "RDate": "20220826",
    "GeneralPolarity": "0",
    "Aspects": [
      {
        "Aspect": "조작성",
        "SentimentText": "직접 설치하는데 문제 없고 간편하게 할 수 있어 좋네요.",
        "SentimentWord": "9",
        "SentimentPolarity": "1"
      },
      {
        "Aspect": "소비전력",
        "SentimentText": "소비전력이 있는 편이라서 전기 풀가동시  전력이 딸려 걱정됩니다.",
        "SentimentWord": "8",
        "SentimentPolarity": "0"
      }
    ]
  },
  {
    "Index": "25665",
    "RawText": "사은품 냄비랑 후라이팬도 괜찮아요 아주 잘 사용하고 있어요  검정색으로 샀는데 고급스러운 색상이 아니라 별로예요",
    "Source": "쇼핑몰",
    "Domain": "가전",
    "MainCategory": "주방가전",
    "ProductName": "SK매직 올파워 IHR-BF300 빌트인",
    "ReviewScore": "5",
    "Syllable": "62",
    "Word": "14",
    "RDate": "20210927",
    "Aspects": [
      {
        "Aspect": "제품구성",
        "SentimentText": "사은품 냄비랑 후라이팬도 괜찮아요 아주 잘 사용하고 있어요 ",
        "SentimentWord": "8",
        "SentimentPolarity": "1"
      },
      {
        "Aspect": "색상",
        "SentimentText": "검정색으로 샀는데 고급스러운 색상이 아니라 별로예요",
        "SentimentWord": "6",
        "SentimentPolarity": "-1"
      }
    ]
  },
  {
    "Index": "25666",
    "RawText": "청소하기 말할수 없이 편하고 좋아요~ 가스렌지 만 사용 하다가 인덕션으로 변경하니 조작법이 저한테는 어렵네요",
    "Source": "쇼핑몰",
    "Domain": "가전",
    "MainCategory": "주방가전",
    "ProductName": "SK매직 올파워 IHR-BF300 빌트인",
    "ReviewScore": "4",
    "Syllable": "60",
    "Word": "14",
    "RDate": "20220725",
    "Aspects": [
      {
        "Aspect": "편의성",
        "SentimentText": "청소하기 말할수 없이 편하고 좋아요~",
        "SentimentWord": "5",
        "SentimentPolarity": "1"
      },
      {
        "Aspect": "조작성",
        "SentimentText": "인덕션으로 변경하니 조작법이 저한테는 어렵네요",
        "SentimentWord": "5",
        "SentimentPolarity": "0"
      }
    ]
  },
  {
    "Index": "25667",
    "RawText": "배송 및 설치할 때 기사분들께서 세심하게 뒷정리까지 해주셔서 감동했습니다. 성능도 만족스럽고 디자인도 마음에 들어 보기 좋아요",
    "Source": "쇼핑몰",
    "Domain": "가전",
    "MainCategory": "주방가전",
    "ProductName": "SK매직 올파워 IHR-BF300 빌트인",
    "ReviewScore": "5",
    "Syllable": "70",
    "Word": "16",
    "RDate": "20210902",
    "Aspects": [
      {
        "Aspect": "기능",
        "SentimentText": "성능도 만족스럽고  ",
        "SentimentWord": "2",
        "SentimentPolarity": "1"
      },
      {
        "Aspect": "디자인",
        "SentimentText": "디자인도 마음에 들어 보기 좋아요 ",
        "SentimentWord": "5",
        "SentimentPolarity": "1"
      }
    ]
  },
  {
    "Index": "25668",
    "RawText": "상품평과 달리 소음이 진짜 없어요~   가열속도도  빨라 물도 금방 끓어  너무나 좋습니다   ",
    "Source": "쇼핑몰",
    "Domain": "가전",
    "MainCategory": "주방가전",
    "ProductName": "SK매직 올파워 IHR-BF300 빌트인",
    "ReviewScore": "5",
    "Syllable": "53",
    "Word": "12",
    "RDate": "20220422",
    "Aspects": [
      {
        "Aspect": "소음",
        "SentimentText": "상품평과 달리 소음이 진짜 없어요~  ",
        "SentimentWord": "5",
        "SentimentPolarity": "1"
      },
      {
        "Aspect": "시간/속도",
        "SentimentText": "가열속도도  빨라 물도 금방 끓어  너무나 좋습니다  ",
        "SentimentWord": "7",
        "SentimentPolarity": "1"
      }
    ]
  },
  {
    "Index": "25669",
    "RawText": "배송기사님 엄청 친절 하셔서 기분이 좋았습니다. 제품 디자인이 이뻐서 좋고요 . 조작법도 편해서 어머니께서 무척 맘에 들어하세요.",
    "Source": "쇼핑몰",
    "Domain": "가전",
    "MainCategory": "주방가전",
    "ProductName": "SK매직 올파워 IHR-BF300 빌트인",
    "ReviewScore": "5",
    "Syllable": "72",
    "Word": "17",
    "RDate": "20220603",
    "Aspects": [
      {
        "Aspect": "디자인",
        "SentimentText": "제품 디자인이 이뻐서 좋고요 ",
        "SentimentWord": "4",
        "SentimentPolarity": "1"
      },
      {
        "Aspect": "조작성",
        "SentimentText": "조작법도 편해서 어머니께서 무척 맘에 들어하세요.",
        "SentimentWord": "6",
        "SentimentPolarity": "1"
      }
    ]
  },
  {
    "Index": "25670",
    "RawText": "생각보다 배송도 금방 왔고, 설치도  빨라서 좋았구요. 양품의 제품 하자없이 받아서 좋아요  물도 금방 끓어 맘에 듭니다 ㅋ ㅋ",
    "Source": "쇼핑몰",
    "Domain": "가전",
    "MainCategory": "주방가전",
    "ProductName": "SK매직 올파워 IHR-BF300 빌트인",
    "ReviewScore": "5",
    "Syllable": "71",
    "Word": "19",
    "RDate": "20211028",
    "Aspects": [
      {
        "Aspect": "품질",
        "SentimentText": "양품의 제품 하자없이 받아서 좋아요 ",
        "SentimentWord": "5",
        "SentimentPolarity": "1"
      },
      {
        "Aspect": "시간/속도",
        "SentimentText": "물도 금방 끓어 맘에 듭니다 ㅋ ㅋ",
        "SentimentWord": "7",
        "SentimentPolarity": "1"
      }
    ]
  },
  {
    "Index": "25671",
    "RawText": "요리하기는 편한데 소재가 유리라서 깨질 염려가 있어 신경쓰이네요. 청소하기는 정말 편해요~쓱쓱 닦으면되요",
    "Source": "쇼핑몰",
    "Domain": "가전",
    "MainCategory": "주방가전",
    "ProductName": "SK매직 올파워 IHR-BF300 빌트인",
    "ReviewScore": "5",
    "Syllable": "58",
    "Word": "12",
    "RDate": "20211205",
    "Aspects": [
      {
        "Aspect": "편의성",
        "SentimentText": "청소하기는 정말 편해요~쓱쓱 닦으면되요",
        "SentimentWord": "4",
        "SentimentPolarity": "1"
      },
      {
        "Aspect": "소재",
        "SentimentText": "소재가 유리라서 깨질 염려가 있어 신경쓰이네요. ",
        "SentimentWord": "6",
        "SentimentPolarity": "0"
      }
    ]
  }
]