[
  {
    "Index": "7228",
    "RawText": "조금더사용해봐야겠지만 기능이 좋네요~! 완전 대대대용량이라서 흡족스러워요 우리 가족에 딱 맞는 제품 배송도빠르네요",
    "Source": "SNS",
    "Domain": "가전",
    "MainCategory": "주방가전",
    "ProductName": "(TV) 파벡스 특대용량 에어프라이어 6L",
    "ReviewScore": "100",
    "Syllable": "63",
    "Word": "12",
    "RDate": "20190209",
    "Aspects": [
      {
        "Aspect": "기능",
        "SentimentText": "조금더사용해봐야겠지만 기능이 좋네요~!",
        "SentimentWord": "3",
        "SentimentPolarity": "1"
      },
      {
        "Aspect": "용량",
        "SentimentText": "완전 대대대용량이라서 흡족스러워요 우리 가족에 딱 맞는 제품",
        "SentimentWord": "8",
        "SentimentPolarity": "1"
      }
    ]
  },
  {
    "Index": "7229",
    "RawText": "제품 구성좋네요~  사용하기에 편하고 좋은것같아요~",
    "Source": "SNS",
    "Domain": "가전",
    "MainCategory": "주방가전",
    "ProductName": "(TV)am전동멀티다지기세트(방송에서만 추가구성)",
    "ReviewScore": "100",
    "Syllable": "28",
    "Word": "5",
    "RDate": "20211010",
    "GeneralPolarity": "1",
    "Aspects": [
      {
        "Aspect": "제품구성",
        "SentimentText": "제품 구성좋네요~",
        "SentimentWord": "2",
        "SentimentPolarity": "1"
      },
      {
        "Aspect": "편의성",
        "SentimentText": "사용하기에 편하고 좋은것같아요~",
        "SentimentWord": "3",
        "SentimentPolarity": "1"
      }
    ]
  },
  {
    "Index": "7230",
    "RawText": "기능이 너무  좋아요.  사용하니 너무 편해서 진작에  바꿀걸 그랬어요. 시간도 절약되고, 빠르게 잘 다져지니  정말 강추입니다.",
    "Source": "SNS",
    "Domain": "가전",
    "MainCategory": "주방가전",
    "ProductName": "(TV)am전동멀티다지기세트(방송에서만 추가구성)",
    "ReviewScore": "100",
    "Syllable": "72",
    "Word": "16",
    "RDate": "20220216",
    "GeneralPolarity": "1",
    "Aspects": [
      {
        "Aspect": "기능",
        "SentimentText": "기능이 너무  좋아요. ",
        "SentimentWord": "3",
        "SentimentPolarity": "1"
      },
      {
        "Aspect": "편의성",
        "SentimentText": "사용하니 너무 편해서 진작에  바꿀걸 그랬어요.",
        "SentimentWord": "6",
        "SentimentPolarity": "1"
      },
      {
        "Aspect": "시간/속도",
        "SentimentText": "시간도 절약되고, 빠르게 잘 다져지니  정말 강추입니다.",
        "SentimentWord": "7",
        "SentimentPolarity": "1"
      }
    ]
  },
  {
    "Index": "7231",
    "RawText": "다지기로 성능이 1등이네요 밑에고정고무가벗겨지는데요 거기만보완이됐으면합니다",
    "Source": "SNS",
    "Domain": "가전",
    "MainCategory": "주방가전",
    "ProductName": "(TV)am전동멀티다지기세트(방송에서만 추가구성)",
    "ReviewScore": "100",
    "Syllable": "41",
    "Word": "5",
    "RDate": "20210810",
    "GeneralPolarity": "0",
    "Aspects": [
      {
        "Aspect": "기능",
        "SentimentText": "다지기로 성능이 1등이네요",
        "SentimentWord": "3",
        "SentimentPolarity": "1"
      },
      {
        "Aspect": "내구성",
        "SentimentText": "밑에고정고무가벗겨지는데요 거기만보완이됐으면합니다",
        "SentimentWord": "2",
        "SentimentPolarity": "-1"
      }
    ]
  },
  {
    "Index": "7232",
    "RawText": "마늘 박피기땜에 구매했는데 다지기도 잘되네요. 사용이 간편해서 자주 사용하고 있어요 여러모로 사용이 좋아요",
    "Source": "SNS",
    "Domain": "가전",
    "MainCategory": "주방가전",
    "ProductName": "(TV)am전동멀티다지기세트(방송에서만 추가구성)",
    "ReviewScore": "100",
    "Syllable": "59",
    "Word": "13",
    "RDate": "20210803",
    "Aspects": [
      {
        "Aspect": "기능",
        "SentimentText": "마늘 박피기땜에 구매했는데 다지기도 잘되네요.",
        "SentimentWord": "5",
        "SentimentPolarity": "1"
      },
      {
        "Aspect": "편의성",
        "SentimentText": "사용이 간편해서 자주 사용하고 있어요 여러모로 사용이 좋아요",
        "SentimentWord": "8",
        "SentimentPolarity": "1"
      }
    ]
  },
  {
    "Index": "7233",
    "RawText": "마늘다지려고친정드렸는데 잘되네요~ 통도3개라더맘에드네요",
    "Source": "SNS",
    "Domain": "가전",
    "MainCategory": "주방가전",
    "ProductName": "(TV)am전동멀티다지기세트(방송에서만 추가구성)",
    "ReviewScore": "100",
    "Syllable": "30",
    "Word": "3",
    "RDate": "20210908",
    "GeneralPolarity": "1",
    "Aspects": [
      {
        "Aspect": "기능",
        "SentimentText": "마늘다지려고친정드렸는데 잘되네요~",
        "SentimentWord": "2",
        "SentimentPolarity": "1"
      },
      {
        "Aspect": "제품구성",
        "SentimentText": "통도3개라더맘에드네요",
        "SentimentWord": "1",
        "SentimentPolarity": "1"
      }
    ]
  },
  {
    "Index": "7234",
    "RawText": "마늘이 마늘이 넘나 이쁘고 곱게 갈리네요. 빠르게 잘갈려요 속이 후련할만큼 기능이 진짜 좋아요  내일은 야채볶음밥을 위해 냉장고 떨이를 해볼려구요  살까말까 고민은 접으셔요~~^^",
    "Source": "SNS",
    "Domain": "가전",
    "MainCategory": "주방가전",
    "ProductName": "(TV)am전동멀티다지기세트(방송에서만 추가구성)",
    "ReviewScore": "100",
    "Syllable": "100",
    "Word": "22",
    "RDate": "20220103",
    "GeneralPolarity": "1",
    "Aspects": [
      {
        "Aspect": "기능",
        "SentimentText": "마늘이 넘나 이쁘고 곱게 갈리네요.",
        "SentimentWord": "5",
        "SentimentPolarity": "1"
      },
      {
        "Aspect": "시간/속도",
        "SentimentText": "빠르게 잘갈려요",
        "SentimentWord": "2",
        "SentimentPolarity": "1"
      },
      {
        "Aspect": "기능",
        "SentimentText": "속이 후련할만큼 기능이 진짜 좋아요",
        "SentimentWord": "5",
        "SentimentPolarity": "1"
      }
    ]
  },
  {
    "Index": "7235",
    "RawText": "사용이편하고 안전해보여요 기능이 떨어져 마늘까기 살짝  아쉬움",
    "Source": "SNS",
    "Domain": "가전",
    "MainCategory": "주방가전",
    "ProductName": "(TV)am전동멀티다지기세트(방송에서만 추가구성)",
    "ReviewScore": "90",
    "Syllable": "34",
    "Word": "7",
    "RDate": "20210805",
    "Aspects": [
      {
        "Aspect": "편의성",
        "SentimentText": "사용이편하고",
        "SentimentWord": "1",
        "SentimentPolarity": "1"
      },
      {
        "Aspect": "기능",
        "SentimentText": "기능이 떨어져 마늘까기 살짝  아쉬움",
        "SentimentWord": "5",
        "SentimentPolarity": "-1"
      }
    ]
  },
  {
    "Index": "7236",
    "RawText": "다지기 기능도 썩 훌륭하지는 않네요 상품을 한 번 사용하고 고장났어요. 서비스센터 통화가 어려워요. 이거는 교환부탁드립니다.",
    "Source": "SNS",
    "Domain": "가전",
    "MainCategory": "주방가전",
    "ProductName": "(TV)am전동멀티다지기세트(방송에서만 추가구성)",
    "ReviewScore": "10",
    "Syllable": "69",
    "Word": "15",
    "RDate": "20210303",
    "Aspects": [
      {
        "Aspect": "품질",
        "SentimentText": "상품을 한 번 사용하고 고장났어요. ",
        "SentimentWord": "5",
        "SentimentPolarity": "-1"
      },
      {
        "Aspect": "기능",
        "SentimentText": "다지기 기능도 썩 훌륭하지는 않네요",
        "SentimentWord": "5",
        "SentimentPolarity": "0"
      }
    ]
  },
  {
    "Index": "7237",
    "RawText": "야채를 적당히 잘라주니  주방일이  아주 편해졌어요 특히 단단한 당근 다지기힘들었는데  쉽게 다저주니 요리하기 편해졌어요",
    "Source": "SNS",
    "Domain": "가전",
    "MainCategory": "주방가전",
    "ProductName": "(TV)am전동멀티다지기세트(방송에서만 추가구성)",
    "ReviewScore": "100",
    "Syllable": "67",
    "Word": "14",
    "RDate": "20220111",
    "GeneralPolarity": "1",
    "Aspects": [
      {
        "Aspect": "편의성",
        "SentimentText": "야채를 적당히 잘라주니  주방일이  아주 편해졌어요",
        "SentimentWord": "6",
        "SentimentPolarity": "1"
      },
      {
        "Aspect": "기능",
        "SentimentText": "단단한 당근 다지기힘들었는데  쉽게 다저주니 요리하기 편해졌어요",
        "SentimentWord": "7",
        "SentimentPolarity": "1"
      }
    ]
  },
  {
    "Index": "7238",
    "RawText": "연휴가 끼어서 배송이 조금 늦었지만  실린콘이 잘 벗겨져요 그래서 불편해용 그래도 구성품 빠짐없이 잘 왔네요",
    "Source": "SNS",
    "Domain": "가전",
    "MainCategory": "주방가전",
    "ProductName": "(TV)am전동멀티다지기세트(방송에서만 추가구성)",
    "ReviewScore": "100",
    "Syllable": "60",
    "Word": "15",
    "RDate": "20220101",
    "Aspects": [
      {
        "Aspect": "편의성",
        "SentimentText": "실린콘이 잘 벗겨져요 그래서 불편해용",
        "SentimentWord": "5",
        "SentimentPolarity": "-1"
      },
      {
        "Aspect": "제품구성",
        "SentimentText": "구성품 빠짐없이 잘 왔네요",
        "SentimentWord": "4",
        "SentimentPolarity": "1"
      }
    ]
  },
  {
    "Index": "7239",
    "RawText": "유리 용기가 깨져 와서 교환 받았는데 사용해보니 만족감은 좋습니다~용기도 구성품이 넉넉해서 좋습니다~",
    "Source": "SNS",
    "Domain": "가전",
    "MainCategory": "주방가전",
    "ProductName": "(TV)am전동멀티다지기세트(방송에서만 추가구성)",
    "ReviewScore": "100",
    "Syllable": "56",
    "Word": "12",
    "RDate": "20210515",
    "Aspects": [
      {
        "Aspect": "내구성",
        "SentimentText": "유리 용기가 깨져 와서",
        "SentimentWord": "4",
        "SentimentPolarity": "-1"
      },
      {
        "Aspect": "기능",
        "SentimentText": "사용해보니 만족감은 좋습니다~",
        "SentimentWord": "3",
        "SentimentPolarity": "1"
      },
      {
        "Aspect": "제품구성",
        "SentimentText": "용기도 구성품이 넉넉해서 좋습니다~",
        "SentimentWord": "4",
        "SentimentPolarity": "1"
      }
    ]
  },
  {
    "Index": "7240",
    "RawText": "포장문제로 유리용기가 깨져 왔네요. 택배 배송도 문제가 있는것 같네요~ 교환 잘 받았습니다~ 추가 사은품이 오지 않았어요. 스테인레스 재질이라 그런가 위생적으로 사용할수 있을것 같습니다.",
    "Source": "SNS",
    "Domain": "가전",
    "MainCategory": "주방가전",
    "ProductName": "(TV)am전동멀티다지기세트(방송에서만 추가구성)",
    "ReviewScore": "40",
    "Syllable": "104",
    "Word": "23",
    "RDate": "20210515",
    "Aspects": [
      {
        "Aspect": "제품구성",
        "SentimentText": "추가 사은품이 오지 않았어요.",
        "SentimentWord": "4",
        "SentimentPolarity": "-1"
      },
      {
        "Aspect": "소재",
        "SentimentText": "스테인레스 재질이라 그런가 위생적으로 사용할수 있을것 같습니다.",
        "SentimentWord": "7",
        "SentimentPolarity": "1"
      }
    ]
  },
  {
    "Index": "7241",
    "RawText": "좋아요. 방송 상품도 받고 할인도 받고 저렴하게 구입도 하고 그런데 용기가 생각보다 작아 조금은 아쉽네요.",
    "Source": "SNS",
    "Domain": "가전",
    "MainCategory": "주방가전",
    "ProductName": "(TV)am전동멀티다지기세트(방송에서만 추가구성)",
    "ReviewScore": "90",
    "Syllable": "59",
    "Word": "15",
    "RDate": "20210906",
    "Aspects": [
      {
        "Aspect": "가격",
        "SentimentText": "좋아요. 방송 상품도 받고 할인도 받고 저렴하게 구입도 하고 ",
        "SentimentWord": "9",
        "SentimentPolarity": "1"
      },
      {
        "Aspect": "사이즈",
        "SentimentText": "용기가 생각보다 작아 조금은 아쉽네요.",
        "SentimentWord": "5",
        "SentimentPolarity": "0"
      }
    ]
  },
  {
    "Index": "7242",
    "RawText": "청양고추, 마늘.양파등을 손쉽게 갈아서 너무편해요",
    "Source": "SNS",
    "Domain": "가전",
    "MainCategory": "주방가전",
    "ProductName": "(TV)am전동멀티다지기세트(방송에서만 추가구성)",
    "ReviewScore": "100",
    "Syllable": "27",
    "Word": "5",
    "RDate": "20211225",
    "GeneralPolarity": "1",
    "Aspects": [
      {
        "Aspect": "기능",
        "SentimentText": "청양고추, 마늘.양파등을 손쉽게 갈아서 너무편해요",
        "SentimentWord": "5",
        "SentimentPolarity": "1"
      },
      {
        "Aspect": "편의성",
        "SentimentText": "너무편해요",
        "SentimentWord": "1",
        "SentimentPolarity": "1"
      }
    ]
  },
  {
    "Index": "7243",
    "RawText": "내솥이나 외관이 좀 고급스럽지 않네요... 가격이 싸니 그냥그냥 ..so~so",
    "Source": "SNS",
    "Domain": "가전",
    "MainCategory": "주방가전",
    "ProductName": "(TV)노와 에어프라이어 2.3L ",
    "ReviewScore": "80",
    "Syllable": "43",
    "Word": "9",
    "RDate": "20181031",
    "GeneralPolarity": "0",
    "Aspects": [
      {
        "Aspect": "디자인",
        "SentimentText": "내솥이나 외관이 좀 고급스럽지 않네요...",
        "SentimentWord": "5",
        "SentimentPolarity": "-1"
      },
      {
        "Aspect": "가격",
        "SentimentText": "가격이 싸니 그냥그냥 ..",
        "SentimentWord": "4",
        "SentimentPolarity": "0"
      }
    ]
  },
  {
    "Index": "7244",
    "RawText": "좋긴 한데  세척이 조금 불편해요. 앞 문하고 속 선반하고 분리가 되었으면 좋겠어요.",
    "Source": "SNS",
    "Domain": "가전",
    "MainCategory": "주방가전",
    "ProductName": "(TV)델키 프리미엄 생선구이오븐(DKT-100)",
    "ReviewScore": "100",
    "Syllable": "47",
    "Word": "12",
    "RDate": "20190117",
    "GeneralPolarity": "0",
    "Aspects": [
      {
        "Aspect": "편의성",
        "SentimentText": "좋긴 한데  세척이 조금 불편해요.",
        "SentimentWord": "5",
        "SentimentPolarity": "0"
      },
      {
        "Aspect": "제품구성",
        "SentimentText": "앞 문하고 속 선반하고 분리가 되었으면 좋겠어요.",
        "SentimentWord": "7",
        "SentimentPolarity": "0"
      }
    ]
  },
  {
    "Index": "7245",
    "RawText": "예전에 OOO는 무게가 있어서 불편함이 컷는데 요즘 OOO는 무게감을 최소화해서 편하고 청소솔도 생겨서 맘에 들긴하네요 아직 사용해보진않앗지만 그립감이나 무게감 디자인은 맘에 들어요",
    "Source": "SNS",
    "Domain": "가전",
    "MainCategory": "주방가전",
    "ProductName": "(TV)도깨비방망이 에어슬림 SHB1800",
    "ReviewScore": "100",
    "Syllable": "101",
    "Word": "22",
    "RDate": "20190325",
    "Aspects": [
      {
        "Aspect": "편의성",
        "SentimentText": "요즘 OOO는 무게감을 최소화해서 편하고",
        "SentimentWord": "5",
        "SentimentPolarity": "1"
      },
      {
        "Aspect": "무게",
        "SentimentText": "무게감을 최소화해서 편하고 청소솔도 생겨서 맘에 들긴하네요 ",
        "SentimentWord": "7",
        "SentimentPolarity": "1"
      },
      {
        "Aspect": "디자인",
        "SentimentText": "그립감이나 무게감 디자인은 맘에 들어요",
        "SentimentWord": "5",
        "SentimentPolarity": "1"
      }
    ]
  },
  {
    "Index": "7246",
    "RawText": "이전 초기 제품도 있었는데 이게 확실히 더 좋네요. 역시 ooo 배송도 빨랐고 할인 받아서 최저가로 구매. 강추요 ",
    "Source": "SNS",
    "Domain": "가전",
    "MainCategory": "주방가전",
    "ProductName": "(TV)도깨비방망이 에어슬림 SHB1800",
    "ReviewScore": "100",
    "Syllable": "64",
    "Word": "17",
    "RDate": "20190417",
    "Aspects": [
      {
        "Aspect": "제조일/제조사",
        "SentimentText": "이전 초기 제품도 있었는데 이게 확실히 더 좋네요. 역시 ooo",
        "SentimentWord": "10",
        "SentimentPolarity": "1"
      },
      {
        "Aspect": "가격",
        "SentimentText": "할인 받아서 최저가로 구매. ",
        "SentimentWord": "4",
        "SentimentPolarity": "1"
      }
    ]
  },
  {
    "Index": "7247",
    "RawText": "힘이 좋아  시원하게 갈려요 디자인도좋아서 만족",
    "Source": "SNS",
    "Domain": "가전",
    "MainCategory": "주방가전",
    "ProductName": "(TV)도깨비방망이 에어슬림 SHB1800",
    "ReviewScore": "100",
    "Syllable": "26",
    "Word": "6",
    "RDate": "20190409",
    "GeneralPolarity": "1",
    "Aspects": [
      {
        "Aspect": "기능",
        "SentimentText": "힘이 좋아  시원하게 갈려요",
        "SentimentWord": "4",
        "SentimentPolarity": "1"
      },
      {
        "Aspect": "디자인",
        "SentimentText": "디자인도좋아서 만족",
        "SentimentWord": "2",
        "SentimentPolarity": "1"
      }
    ]
  },
  {
    "Index": "7248",
    "RawText": "기계1개만 사용중인데 잘 되네요~ 와플믹스는 밀가루냄세가나서 제 스타일이 아니에요.",
    "Source": "SNS",
    "Domain": "가전",
    "MainCategory": "주방가전",
    "ProductName": "(TV)미니쿠치 와플메이커 1+1구성+사은품(방송중)",
    "ReviewScore": "80",
    "Syllable": "46",
    "Word": "9",
    "RDate": "20210919",
    "GeneralPolarity": "0",
    "Aspects": [
      {
        "Aspect": "편의성",
        "SentimentText": "기계1개만 사용중인데 잘 되네요~",
        "SentimentWord": "4",
        "SentimentPolarity": "1"
      },
      {
        "Aspect": "제품구성",
        "SentimentText": "와플믹스는 밀가루냄세가나서 제 스타일이 아니에요.",
        "SentimentWord": "5",
        "SentimentPolarity": "0"
      }
    ]
  },
  {
    "Index": "7249",
    "RawText": "베이지로 주문했는데 화이트가 왔습니다.그냥 쓰려구요... ㅎㅎ 디자인은 이뻐요. 맛있게 만들어서 먹으려구요.",
    "Source": "SNS",
    "Domain": "가전",
    "MainCategory": "주방가전",
    "ProductName": "(TV)미니쿠치 와플메이커 1+1구성+사은품(방송중)",
    "ReviewScore": "100",
    "Syllable": "60",
    "Word": "11",
    "RDate": "20210821",
    "GeneralPolarity": "1",
    "Aspects": [
      {
        "Aspect": "색상",
        "SentimentText": "베이지로 주문했는데 화이트가 왔습니다.",
        "SentimentWord": "4",
        "SentimentPolarity": "-1"
      },
      {
        "Aspect": "디자인",
        "SentimentText": "디자인은 이뻐요. ",
        "SentimentWord": "2",
        "SentimentPolarity": "1"
      }
    ]
  },
  {
    "Index": "7250",
    "RawText": "분리가 되지 않아 세척이 어려워요  하지만작동도잘되고  생지로 와플해먹으니 맛있네요",
    "Source": "SNS",
    "Domain": "가전",
    "MainCategory": "주방가전",
    "ProductName": "(TV)미니쿠치 와플메이커 1+1구성+사은품(방송중)",
    "ReviewScore": "60",
    "Syllable": "46",
    "Word": "9",
    "RDate": "20210915",
    "GeneralPolarity": "0",
    "Aspects": [
      {
        "Aspect": "제품구성",
        "SentimentText": "분리가 되지 않아 세척이 어려워요",
        "SentimentWord": "5",
        "SentimentPolarity": "-1"
      },
      {
        "Aspect": "편의성",
        "SentimentText": "작동도잘되고  생지로 와플해먹으니 맛있네요",
        "SentimentWord": "4",
        "SentimentPolarity": "1"
      }
    ]
  },
  {
    "Index": "7251",
    "RawText": "생각보다 너무작아서 실망  시간도 느려요 온도조절이나 시간조절이 안돼요",
    "Source": "SNS",
    "Domain": "가전",
    "MainCategory": "주방가전",
    "ProductName": "(TV)미니쿠치 와플메이커 1+1구성+사은품(방송중)",
    "ReviewScore": "60",
    "Syllable": "39",
    "Word": "8",
    "RDate": "20210829",
    "GeneralPolarity": "-1",
    "Aspects": [
      {
        "Aspect": "사이즈",
        "SentimentText": "생각보다 너무작아서 실망",
        "SentimentWord": "3",
        "SentimentPolarity": "-1"
      },
      {
        "Aspect": "시간/속도",
        "SentimentText": "시간도 느려요",
        "SentimentWord": "2",
        "SentimentPolarity": "-1"
      }
    ]
  },
  {
    "Index": "7252",
    "RawText": "귀요미 사이즈 예뻐요 도착후 바로 식빵해보고~바삭하니 맛있어요 주먹밥했더니 바삭한 누룽지~굿",
    "Source": "SNS",
    "Domain": "가전",
    "MainCategory": "주방가전",
    "ProductName": "(TV)미니쿠치 와플메이커 MC-105 +사은품(방송중)",
    "ReviewScore": "100",
    "Syllable": "51",
    "Word": "10",
    "RDate": "20210820",
    "GeneralPolarity": "1",
    "Aspects": [
      {
        "Aspect": "사이즈",
        "SentimentText": "귀요미 사이즈 예뻐요",
        "SentimentWord": "3",
        "SentimentPolarity": "1"
      },
      {
        "Aspect": "기능",
        "SentimentText": "주먹밥했더니 바삭한 누룽지~굿",
        "SentimentWord": "3",
        "SentimentPolarity": "1"
      }
    ]
  },
  {
    "Index": "7253",
    "RawText": "와풀상품 품질이 일단 좋네요 맘에 들어요 조리하기 간편하고 디자인이 너무예뻐서 잘쓰겠습니다",
    "Source": "SNS",
    "Domain": "가전",
    "MainCategory": "주방가전",
    "ProductName": "(TV)미니쿠치 와플메이커 MC-105 +사은품(방송중)",
    "ReviewScore": "100",
    "Syllable": "50",
    "Word": "11",
    "RDate": "20210827",
    "Aspects": [
      {
        "Aspect": "품질",
        "SentimentText": "와풀상품 품질이 일단 좋네요 맘에 들어요",
        "SentimentWord": "6",
        "SentimentPolarity": "1"
      },
      {
        "Aspect": "편의성",
        "SentimentText": "조리하기 간편하고 ",
        "SentimentWord": "2",
        "SentimentPolarity": "1"
      },
      {
        "Aspect": "디자인",
        "SentimentText": "디자인이 너무예뻐서",
        "SentimentWord": "2",
        "SentimentPolarity": "1"
      }
    ]
  },
  {
    "Index": "7254",
    "RawText": "사진보다 사이즈가   너무 작아서 실망이예요.  와플 몇개만들려면  여러번  구워야되서 시간이  더 걸리는게 아쉬워요",
    "Source": "SNS",
    "Domain": "가전",
    "MainCategory": "주방가전",
    "ProductName": "(TV)미니쿠치 와플메이커 MC-105 +사은품(방송중)",
    "ReviewScore": "80",
    "Syllable": "65",
    "Word": "13",
    "RDate": "20210822",
    "GeneralPolarity": "-1",
    "Aspects": [
      {
        "Aspect": "사이즈",
        "SentimentText": "사진보다 사이즈가   너무 작아서 실망이예요. ",
        "SentimentWord": "5",
        "SentimentPolarity": "-1"
      },
      {
        "Aspect": "시간/속도",
        "SentimentText": "와플 몇개만들려면  여러번  구워야되서 시간이  더 걸리는게 아쉬워요",
        "SentimentWord": "8",
        "SentimentPolarity": "-1"
      }
    ]
  },
  {
    "Index": "7255",
    "RawText": "여러모로 다양하게 활용가능해서 넘 좋으네요 빠른 예열에 빠른조리까지완성 ",
    "Source": "SNS",
    "Domain": "가전",
    "MainCategory": "주방가전",
    "ProductName": "(TV)미니쿠치 와플메이커 MC-105 +사은품(방송중)",
    "ReviewScore": "100",
    "Syllable": "40",
    "Word": "8",
    "RDate": "20210830",
    "GeneralPolarity": "1",
    "Aspects": [
      {
        "Aspect": "기능",
        "SentimentText": "여러모로 다양하게 활용가능해서 넘 좋으네요",
        "SentimentWord": "5",
        "SentimentPolarity": "1"
      },
      {
        "Aspect": "시간/속도",
        "SentimentText": "빠른 예열에 빠른조리까지완성",
        "SentimentWord": "3",
        "SentimentPolarity": "1"
      }
    ]
  },
  {
    "Index": "7256",
    "RawText": "사용하기에 초간단 깜찍이 입니다. 복잡하지 않고 단순해서 좋아요 성능도 괜찮습니다.",
    "Source": "SNS",
    "Domain": "가전",
    "MainCategory": "주방가전",
    "ProductName": "(TV)미니쿠치 와플메이커 MC-105 +사은품(방송중)",
    "ReviewScore": "100",
    "Syllable": "46",
    "Word": "10",
    "RDate": "20210821",
    "GeneralPolarity": "1",
    "Aspects": [
      {
        "Aspect": "조작성",
        "SentimentText": "사용하기에 초간단 깜찍이 입니다.",
        "SentimentWord": "4",
        "SentimentPolarity": "1"
      },
      {
        "Aspect": "조작성",
        "SentimentText": "복잡하지 않고 단순해서 좋아요",
        "SentimentWord": "4",
        "SentimentPolarity": "1"
      },
      {
        "Aspect": "기능",
        "SentimentText": "성능도 괜찮습니다.",
        "SentimentWord": "2",
        "SentimentPolarity": "1"
      }
    ]
  },
  {
    "Index": "7257",
    "RawText": "타제품 넘 비싸, 적정가격에 기능도 쳐지지않는듯해 구입했는데...막상 사용해보니 만족스럽지않네요. 생각만큼 곱게 갈리진 않고, 물이나 우유등과 같이 갈아야 그나마.... 갈리네요.  안해봤지만 잡곡이 갈릴지는...의문이 생기네요. 기존 있던것보단 나아서 사용하고 있습니다.",
    "Source": "SNS",
    "Domain": "가전",
    "MainCategory": "주방가전",
    "ProductName": "(TV)보랄 더쉐프 초고속 블렌더(BR-SH501BL)",
    "ReviewScore": "60",
    "Syllable": "152",
    "Word": "28",
    "RDate": "20190705",
    "GeneralPolarity": "-1",
    "Aspects": [
      {
        "Aspect": "기능",
        "SentimentText": "적정가격에 기능도 쳐지지않는듯해 구입했는데...막상 사용해보니 만족스럽지않네요.",
        "SentimentWord": "6",
        "SentimentPolarity": "-1"
      },
      {
        "Aspect": "기능",
        "SentimentText": "생각만큼 곱게 갈리진 않고, 물이나 우유등과 같이 갈아야 그나마.... 갈리네요.  ",
        "SentimentWord": "10",
        "SentimentPolarity": "-1"
      },
      {
        "Aspect": "기능",
        "SentimentText": "기존 있던것보단 나아서 사용하고 있습니다.",
        "SentimentWord": "5",
        "SentimentPolarity": "1"
      }
    ]
  },
  {
    "Index": "7258",
    "RawText": "믹서가 잘되어 세척하기 편합니다. 배송이 늦은편이라 별하나 뺐어요~",
    "Source": "SNS",
    "Domain": "가전",
    "MainCategory": "주방가전",
    "ProductName": "(TV)신일 더쎈쿡 믹서기 골드 SMX-400MJS",
    "ReviewScore": "80",
    "Syllable": "37",
    "Word": "8",
    "RDate": "20200726",
    "Aspects": [
      {
        "Aspect": "기능",
        "SentimentText": "믹서가 잘되어",
        "SentimentWord": "2",
        "SentimentPolarity": "1"
      },
      {
        "Aspect": "편의성",
        "SentimentText": "세척하기 편합니다.",
        "SentimentWord": "2",
        "SentimentPolarity": "1"
      }
    ]
  },
  {
    "Index": "7259",
    "RawText": "간편하게 컵에다 갈아서쓰니 넘 좋아요. 닦기도 편하고^^",
    "Source": "SNS",
    "Domain": "가전",
    "MainCategory": "주방가전",
    "ProductName": "(TV)신일 한고은 핸드블렌더 SMX-D80NSB",
    "ReviewScore": "100",
    "Syllable": "31",
    "Word": "7",
    "RDate": "20190831",
    "GeneralPolarity": "1",
    "Aspects": [
      {
        "Aspect": "편의성",
        "SentimentText": "간편하게 컵에다 갈아서쓰니 넘 좋아요.",
        "SentimentWord": "5",
        "SentimentPolarity": "1"
      },
      {
        "Aspect": "편의성",
        "SentimentText": "닦기도 편하고^^",
        "SentimentWord": "2",
        "SentimentPolarity": "1"
      }
    ]
  },
  {
    "Index": "7260",
    "RawText": "고기는 5분 예열된 상태에서 구우니깐 고기도 잘 익고 연기는 팬 버튼 누르면 사라지긴 하는데 고기 기름이 사방에 튀기는것은 어쩔수 없는듯해요~그래도 이정도면 집에서 구워먹기 좋습니다~아예 연기가 안나지는 않아요~",
    "Source": "SNS",
    "Domain": "가전",
    "MainCategory": "주방가전",
    "ProductName": "(TV)안방그릴+보관가방",
    "ReviewScore": "100",
    "Syllable": "118",
    "Word": "27",
    "RDate": "20210616",
    "Aspects": [
      {
        "Aspect": "기능",
        "SentimentText": "고기는 5분 예열된 상태에서 구우니깐 고기도 잘 익고",
        "SentimentWord": "8",
        "SentimentPolarity": "1"
      },
      {
        "Aspect": "기능",
        "SentimentText": "연기는 팬 버튼 누르면 사라지긴 하는데",
        "SentimentWord": "6",
        "SentimentPolarity": "1"
      },
      {
        "Aspect": "기능",
        "SentimentText": "고기 기름이 사방에 튀기는것은 어쩔수 없는듯해요~",
        "SentimentWord": "6",
        "SentimentPolarity": "0"
      },
      {
        "Aspect": "편의성",
        "SentimentText": "그래도 이정도면 집에서 구워먹기 좋습니다~",
        "SentimentWord": "5",
        "SentimentPolarity": "1"
      },
      {
        "Aspect": "기능",
        "SentimentText": "아예 연기가 안나지는 않아요~",
        "SentimentWord": "4",
        "SentimentPolarity": "0"
      }
    ]
  },
  {
    "Index": "7261",
    "RawText": "광고가  잘  되어 있는  제품 이라서 걸맞게  연기가  덜나서  좋네요.  그릴 보관 가방도 있어서 보관하기 편해요.",
    "Source": "SNS",
    "Domain": "가전",
    "MainCategory": "주방가전",
    "ProductName": "(TV)안방그릴+보관가방",
    "ReviewScore": "80",
    "Syllable": "66",
    "Word": "16",
    "RDate": "20210610",
    "GeneralPolarity": "1",
    "Aspects": [
      {
        "Aspect": "기능",
        "SentimentText": "광고가  잘  되어 있는  제품 이라서 걸맞게  연기가  덜나서  좋네요",
        "SentimentWord": "10",
        "SentimentPolarity": "1"
      },
      {
        "Aspect": "제품구성",
        "SentimentText": "그릴 보관 가방도 있어서 보관하기 편해요.",
        "SentimentWord": "6",
        "SentimentPolarity": "1"
      }
    ]
  },
  {
    "Index": "7262",
    "RawText": "기름퉐걱정이 없어졌어요.  냄새걱정도  덜었네요  넘  맛있게  구워먹고있어요",
    "Source": "SNS",
    "Domain": "가전",
    "MainCategory": "주방가전",
    "ProductName": "(TV)안방그릴+보관가방",
    "ReviewScore": "100",
    "Syllable": "43",
    "Word": "7",
    "RDate": "20210613",
    "GeneralPolarity": "1",
    "Aspects": [
      {
        "Aspect": "기능",
        "SentimentText": "기름퉐걱정이 없어졌어요. ",
        "SentimentWord": "2",
        "SentimentPolarity": "1"
      },
      {
        "Aspect": "기능",
        "SentimentText": "냄새걱정도  덜었네요",
        "SentimentWord": "2",
        "SentimentPolarity": "1"
      },
      {
        "Aspect": "품질",
        "SentimentText": "넘  맛있게  구워먹고있어요",
        "SentimentWord": "3",
        "SentimentPolarity": "1"
      }
    ]
  },
  {
    "Index": "7263",
    "RawText": "냄새랑 연기가 확실히 덜해요. 집안에서 사용해보니 고기먹는 부담이 덜하네요",
    "Source": "SNS",
    "Domain": "가전",
    "MainCategory": "주방가전",
    "ProductName": "(TV)안방그릴+보관가방",
    "ReviewScore": "100",
    "Syllable": "41",
    "Word": "9",
    "RDate": "20211001",
    "GeneralPolarity": "1",
    "Aspects": [
      {
        "Aspect": "기능",
        "SentimentText": "냄새랑 연기가 확실히 덜해요. ",
        "SentimentWord": "4",
        "SentimentPolarity": "1"
      },
      {
        "Aspect": "편의성",
        "SentimentText": "집안에서 사용해보니 고기먹는 부담이 덜하네요",
        "SentimentWord": "5",
        "SentimentPolarity": "1"
      }
    ]
  },
  {
    "Index": "7264",
    "RawText": "방송에서 본대로 연기를 잡아줘서 너무 좋네요. 연기가 없으지니 냄새도 거의 사라지는것 같아요. 팬소리도 생각보다 작아서 전혀 거슬리지 않아요.  사이즈가 작아서 식탁위에 올리거나 씽크대에 넣고 설거지하기가 편해요.  ",
    "Source": "SNS",
    "Domain": "가전",
    "MainCategory": "주방가전",
    "ProductName": "(TV)안방그릴+보관가방",
    "ReviewScore": "100",
    "Syllable": "121",
    "Word": "26",
    "RDate": "20210523",
    "GeneralPolarity": "1",
    "Aspects": [
      {
        "Aspect": "기능",
        "SentimentText": "방송에서 본대로 연기를 잡아줘서 너무 좋네요.",
        "SentimentWord": "6",
        "SentimentPolarity": "1"
      },
      {
        "Aspect": "기능",
        "SentimentText": "연기가 없으지니 냄새도 거의 사라지는것 같아요.",
        "SentimentWord": "6",
        "SentimentPolarity": "1"
      },
      {
        "Aspect": "소음",
        "SentimentText": "팬소리도 생각보다 작아서 전혀 거슬리지 않아요. ",
        "SentimentWord": "6",
        "SentimentPolarity": "1"
      },
      {
        "Aspect": "사이즈",
        "SentimentText": "사이즈가 작아서 식탁위에 올리거나 씽크대에 넣고 설거지하기가 편해요. ",
        "SentimentWord": "8",
        "SentimentPolarity": "1"
      }
    ]
  },
  {
    "Index": "7265",
    "RawText": "연기.냄세 잡아주어서 좋아요 기름도 조금티고요",
    "Source": "SNS",
    "Domain": "가전",
    "MainCategory": "주방가전",
    "ProductName": "(TV)안방그릴+보관가방",
    "ReviewScore": "100",
    "Syllable": "25",
    "Word": "5",
    "RDate": "20210825",
    "GeneralPolarity": "1",
    "Aspects": [
      {
        "Aspect": "기능",
        "SentimentText": "연기.냄세 잡아주어서 좋아요",
        "SentimentWord": "3",
        "SentimentPolarity": "1"
      },
      {
        "Aspect": "편의성",
        "SentimentText": "기름도 조금티고요",
        "SentimentWord": "2",
        "SentimentPolarity": "1"
      }
    ]
  },
  {
    "Index": "7266",
    "RawText": "연기가   완전히 잡히지 않아요  여행갈때 들고가기엔 좋을듯하네욕",
    "Source": "SNS",
    "Domain": "가전",
    "MainCategory": "주방가전",
    "ProductName": "(TV)안방그릴+보관가방",
    "ReviewScore": "60",
    "Syllable": "36",
    "Word": "7",
    "RDate": "20210805",
    "GeneralPolarity": "0",
    "Aspects": [
      {
        "Aspect": "기능",
        "SentimentText": "연기가   완전히 잡히지 않아요",
        "SentimentWord": "4",
        "SentimentPolarity": "-1"
      },
      {
        "Aspect": "편의성",
        "SentimentText": "여행갈때 들고가기엔 좋을듯하네욕",
        "SentimentWord": "3",
        "SentimentPolarity": "1"
      }
    ]
  },
  {
    "Index": "7267",
    "RawText": "연기가 나지않아 좋아요 생각보다 좀 무게감이 있네요 다용도로 요리 할수 있어서 좋은것 같아요  ",
    "Source": "SNS",
    "Domain": "가전",
    "MainCategory": "주방가전",
    "ProductName": "(TV)안방그릴+보관가방",
    "ReviewScore": "100",
    "Syllable": "53",
    "Word": "13",
    "RDate": "20211005",
    "GeneralPolarity": "1",
    "Aspects": [
      {
        "Aspect": "기능",
        "SentimentText": "연기가 나지않아 좋아요",
        "SentimentWord": "3",
        "SentimentPolarity": "1"
      },
      {
        "Aspect": "무게",
        "SentimentText": "생각보다 좀 무게감이 있네요",
        "SentimentWord": "4",
        "SentimentPolarity": "0"
      },
      {
        "Aspect": "기능",
        "SentimentText": "다용도로 요리 할수 있어서 좋은것 같아요 ",
        "SentimentWord": "6",
        "SentimentPolarity": "1"
      }
    ]
  },
  {
    "Index": "7268",
    "RawText": "연기는 잡아먹네요 그래도 냄새가 나긴하지만 일반 후라이팬에 구워먹는것보다 100배 낫네요",
    "Source": "SNS",
    "Domain": "가전",
    "MainCategory": "주방가전",
    "ProductName": "(TV)안방그릴+보관가방",
    "ReviewScore": "100",
    "Syllable": "49",
    "Word": "10",
    "RDate": "20210927",
    "GeneralPolarity": "1",
    "Aspects": [
      {
        "Aspect": "기능",
        "SentimentText": "연기는 잡아먹네요",
        "SentimentWord": "2",
        "SentimentPolarity": "1"
      },
      {
        "Aspect": "기능",
        "SentimentText": "냄새가 나긴하지만 일반 후라이팬에 구워먹는것보다 100배 낫네요",
        "SentimentWord": "7",
        "SentimentPolarity": "1"
      }
    ]
  },
  {
    "Index": "7269",
    "RawText": "연기도 거의 없고  기름이 거의 튀지않아  아주 맛나게 먹었어요^^",
    "Source": "SNS",
    "Domain": "가전",
    "MainCategory": "주방가전",
    "ProductName": "(TV)안방그릴+보관가방",
    "ReviewScore": "100",
    "Syllable": "37",
    "Word": "9",
    "RDate": "20210821",
    "GeneralPolarity": "1",
    "Aspects": [
      {
        "Aspect": "기능",
        "SentimentText": "연기도 거의 없고 ",
        "SentimentWord": "3",
        "SentimentPolarity": "1"
      },
      {
        "Aspect": "편의성",
        "SentimentText": "기름이 거의 튀지않아  아주 맛나게 먹었어요^^",
        "SentimentWord": "6",
        "SentimentPolarity": "1"
      }
    ]
  },
  {
    "Index": "7270",
    "RawText": "온도조절기 터치감도 좋구. 고기두 골고루 잘익어요 연기가 사라지는게 너무 신기합니다",
    "Source": "SNS",
    "Domain": "가전",
    "MainCategory": "주방가전",
    "ProductName": "(TV)안방그릴+보관가방",
    "ReviewScore": "90",
    "Syllable": "46",
    "Word": "10",
    "RDate": "20210623",
    "GeneralPolarity": "1",
    "Aspects": [
      {
        "Aspect": "조작성",
        "SentimentText": "온도조절기 터치감도 좋구.",
        "SentimentWord": "3",
        "SentimentPolarity": "1"
      },
      {
        "Aspect": "기능",
        "SentimentText": "고기두 골고루 잘익어요",
        "SentimentWord": "3",
        "SentimentPolarity": "1"
      },
      {
        "Aspect": "기능",
        "SentimentText": "연기가 사라지는게 너무 신기합니다",
        "SentimentWord": "4",
        "SentimentPolarity": "1"
      }
    ]
  },
  {
    "Index": "7271",
    "RawText": "와~~진짜 연기안나고 고기가 맛있게 익는게 신기하네요!!",
    "Source": "SNS",
    "Domain": "가전",
    "MainCategory": "주방가전",
    "ProductName": "(TV)안방그릴+보관가방",
    "ReviewScore": "100",
    "Syllable": "31",
    "Word": "6",
    "RDate": "20210907",
    "GeneralPolarity": "1",
    "Aspects": [
      {
        "Aspect": "기능",
        "SentimentText": "와~~진짜 연기안나고",
        "SentimentWord": "2",
        "SentimentPolarity": "1"
      },
      {
        "Aspect": "기능",
        "SentimentText": "고기가 맛있게 익는게 신기하네요!!",
        "SentimentWord": "4",
        "SentimentPolarity": "1"
      }
    ]
  },
  {
    "Index": "7272",
    "RawText": "잘 구워지는데 연기는 어떤걸 굽느냐에 따라 잡아주고 안잡아주고 하네요. 그리고 닦기 너무 번거롭고 힘들어요. 분리는 쉽게 되는데 고기 한번 굽어서 먹고나면 다 닦아내는게 너무 힘들어요. 자주 쓰지는 못 할 거 같아요 ㅠ",
    "Source": "SNS",
    "Domain": "가전",
    "MainCategory": "주방가전",
    "ProductName": "(TV)안방그릴+보관가방",
    "ReviewScore": "80",
    "Syllable": "122",
    "Word": "32",
    "RDate": "20210827",
    "GeneralPolarity": "-1",
    "Aspects": [
      {
        "Aspect": "편의성",
        "SentimentText": " 닦기 너무 번거롭고 힘들어요. ",
        "SentimentWord": "4",
        "SentimentPolarity": "-1"
      },
      {
        "Aspect": "제품구성",
        "SentimentText": "분리는 쉽게 되는데 고기 한번 굽어서 먹고나면 다 닦아내는게 너무 힘들어요. ",
        "SentimentWord": "11",
        "SentimentPolarity": "-1"
      }
    ]
  },
  {
    "Index": "7273",
    "RawText": "포장 잘 되어 잘받았습니다   빨리 구워지고 냄새도 안나니 품질이 정말 좋아용 보관가방도 있어서 먼지 안들어가고 좋네요",
    "Source": "SNS",
    "Domain": "가전",
    "MainCategory": "주방가전",
    "ProductName": "(TV)안방그릴+보관가방",
    "ReviewScore": "100",
    "Syllable": "66",
    "Word": "16",
    "RDate": "20210806",
    "Aspects": [
      {
        "Aspect": "품질",
        "SentimentText": "빨리 구워지고 냄새도 안나니 품질이 정말 좋아용",
        "SentimentWord": "7",
        "SentimentPolarity": "1"
      },
      {
        "Aspect": "편의성",
        "SentimentText": "보관가방도 있어서 먼지 안들어가고 좋네요",
        "SentimentWord": "5",
        "SentimentPolarity": "1"
      }
    ]
  },
  {
    "Index": "7274",
    "RawText": "조립도쉽고  세척도 쉬워요~가방이 있어서 편하네요^^",
    "Source": "SNS",
    "Domain": "가전",
    "MainCategory": "주방가전",
    "ProductName": "(TV)안방그릴+보관가방",
    "ReviewScore": "100",
    "Syllable": "29",
    "Word": "5",
    "RDate": "20210927",
    "GeneralPolarity": "1",
    "Aspects": [
      {
        "Aspect": "조작성",
        "SentimentText": "조립도쉽고  세척도 쉬워요~",
        "SentimentWord": "3",
        "SentimentPolarity": "1"
      },
      {
        "Aspect": "편의성",
        "SentimentText": "가방이 있어서 편하네요^^",
        "SentimentWord": "3",
        "SentimentPolarity": "1"
      }
    ]
  },
  {
    "Index": "7275",
    "RawText": "집에서 삼겹살 먹기 두려웠는데 기름많이 안튀니 좋아요. 또 냄새 많이 안나서 좋아요. 만족합니다",
    "Source": "SNS",
    "Domain": "가전",
    "MainCategory": "주방가전",
    "ProductName": "(TV)안방그릴+보관가방",
    "ReviewScore": "100",
    "Syllable": "53",
    "Word": "13",
    "RDate": "20210929",
    "GeneralPolarity": "1",
    "Aspects": [
      {
        "Aspect": "편의성",
        "SentimentText": "집에서 삼겹살 먹기 두려웠는데 기름많이 안튀니 좋아요.",
        "SentimentWord": "7",
        "SentimentPolarity": "1"
      },
      {
        "Aspect": "기능",
        "SentimentText": " 냄새 많이 안나서 좋아요. 만족합니다",
        "SentimentWord": "5",
        "SentimentPolarity": "1"
      }
    ]
  },
  {
    "Index": "7276",
    "RawText": "가격대비 너무 좋아요. 특히 마늘 다지니깐 물끼하나없이 고슬고슬 잘 갈려요 ",
    "Source": "SNS",
    "Domain": "가전",
    "MainCategory": "주방가전",
    "ProductName": "(TV)에버홈 글라스텐 다지기",
    "ReviewScore": "100",
    "Syllable": "42",
    "Word": "10",
    "RDate": "20200508",
    "GeneralPolarity": "1",
    "Aspects": [
      {
        "Aspect": "가격",
        "SentimentText": "가격대비 너무 좋아요.",
        "SentimentWord": "3",
        "SentimentPolarity": "1"
      },
      {
        "Aspect": "기능",
        "SentimentText": "고슬고슬 잘 갈려요",
        "SentimentWord": "3",
        "SentimentPolarity": "1"
      }
    ]
  },
  {
    "Index": "7277",
    "RawText": "가격도 저렴하게 판매해서 안되면 어쩔수 없지 하는 마음으로 구매해봤는데 너무 잘갈려서 좋아요!!",
    "Source": "SNS",
    "Domain": "가전",
    "MainCategory": "주방가전",
    "ProductName": "(TV)에버홈 글라스텐 다지기",
    "ReviewScore": "100",
    "Syllable": "53",
    "Word": "12",
    "RDate": "20200917",
    "GeneralPolarity": "1",
    "Aspects": [
      {
        "Aspect": "가격",
        "SentimentText": "가격도 저렴하게 판매해서 안되면 어쩔수 없지 하는 마음으로 구매해봤는데",
        "SentimentWord": "9",
        "SentimentPolarity": "0"
      },
      {
        "Aspect": "기능",
        "SentimentText": "너무 잘갈려서 좋아요!!",
        "SentimentWord": "3",
        "SentimentPolarity": "1"
      }
    ]
  },
  {
    "Index": "7278",
    "RawText": "가성비 최고!!!...우연히 홈쇼핑보다 알게됐고 검색해서 신뢰성체크후에 집과 매장에서 사용할려고 2개 구입했네요..이렇게 기능이 좋은 걸 왜 진작에 몰랐을까 하는 아쉬움이 가득하지만 지금이라도 잘 사용하면 돈 버는 것 같아요...",
    "Source": "SNS",
    "Domain": "가전",
    "MainCategory": "주방가전",
    "ProductName": "(TV)에버홈 글라스텐 다지기",
    "ReviewScore": "100",
    "Syllable": "128",
    "Word": "27",
    "RDate": "20200512",
    "Aspects": [
      {
        "Aspect": "가격",
        "SentimentText": "가성비 최고!!!",
        "SentimentWord": "2",
        "SentimentPolarity": "1"
      },
      {
        "Aspect": "기능",
        "SentimentText": "이렇게 기능이 좋은 걸 왜 진작에 몰랐을까 하는 아쉬움이 가득하지만 지금이라도 잘 사용하면 돈 버는 것 같아요...",
        "SentimentWord": "17",
        "SentimentPolarity": "1"
      }
    ]
  },
  {
    "Index": "7279",
    "RawText": "간단하게  복잡하지 않게  편리하게  재료준비 구입하길 잘했어요  믹서기도 구입했어요",
    "Source": "SNS",
    "Domain": "가전",
    "MainCategory": "주방가전",
    "ProductName": "(TV)에버홈 글라스텐 다지기",
    "ReviewScore": "100",
    "Syllable": "47",
    "Word": "9",
    "RDate": "20200920",
    "GeneralPolarity": "1",
    "Aspects": [
      {
        "Aspect": "편의성",
        "SentimentText": "간단하게  복잡하지 않게  편리하게  재료준비 구입하길 잘했어요 ",
        "SentimentWord": "7",
        "SentimentPolarity": "1"
      },
      {
        "Aspect": "제품구성",
        "SentimentText": "믹서기도 구입했어요",
        "SentimentWord": "2",
        "SentimentPolarity": "1"
      }
    ]
  },
  {
    "Index": "7280",
    "RawText": "구매해놓고  처음 마늘갈아봣어요..  근데 진짜 잘갈립니다.. 소음도적고  칼날이 위아래 이중으로있어 너무 잘갈립니다..",
    "Source": "SNS",
    "Domain": "가전",
    "MainCategory": "주방가전",
    "ProductName": "(TV)에버홈 글라스텐 다지기",
    "ReviewScore": "100",
    "Syllable": "67",
    "Word": "12",
    "RDate": "20210729",
    "GeneralPolarity": "1",
    "Aspects": [
      {
        "Aspect": "기능",
        "SentimentText": "근데 진짜 잘갈립니다.. ",
        "SentimentWord": "3",
        "SentimentPolarity": "1"
      },
      {
        "Aspect": "소음",
        "SentimentText": "소음도적고  칼날이 위아래 이중으로있어 너무 잘갈립니다..",
        "SentimentWord": "6",
        "SentimentPolarity": "1"
      }
    ]
  },
  {
    "Index": "7281",
    "RawText": "구성이 조금 아쉬웠어요. 마늘까는 볼도 함께하는 제품과 가격이 같아서...",
    "Source": "SNS",
    "Domain": "가전",
    "MainCategory": "주방가전",
    "ProductName": "(TV)에버홈 글라스텐 다지기",
    "ReviewScore": "60",
    "Syllable": "41",
    "Word": "9",
    "RDate": "20210105",
    "GeneralPolarity": "0",
    "Aspects": [
      {
        "Aspect": "제품구성",
        "SentimentText": "구성이 조금 아쉬웠어요.",
        "SentimentWord": "3",
        "SentimentPolarity": "0"
      },
      {
        "Aspect": "가격",
        "SentimentText": "마늘까는 볼도 함께하는 제품과 가격이 같아서...",
        "SentimentWord": "6",
        "SentimentPolarity": "0"
      }
    ]
  },
  {
    "Index": "7282",
    "RawText": "꼭 사고 싶었던 상품인데. 타 홈쇼핑 다 찾아봐도 여기가 많이 싸요. 근데 방송중에만 구매가 가능한게 단점인데.싸게 사는대신 감수해야겠죠? 다지기 기능도 기대하고 샀는데 곱게는 안갈려요",
    "Source": "SNS",
    "Domain": "가전",
    "MainCategory": "주방가전",
    "ProductName": "(TV)에버홈 글라스텐 다지기",
    "ReviewScore": "100",
    "Syllable": "103",
    "Word": "24",
    "RDate": "20200906",
    "Aspects": [
      {
        "Aspect": "가격",
        "SentimentText": "타 홈쇼핑 다 찾아봐도 여기가 많이 싸요.",
        "SentimentWord": "7",
        "SentimentPolarity": "1"
      },
      {
        "Aspect": "기능",
        "SentimentText": "다지기 기능도 기대하고 샀는데 곱게는 안갈려요",
        "SentimentWord": "6",
        "SentimentPolarity": "-1"
      }
    ]
  },
  {
    "Index": "7283",
    "RawText": "냉동딸기와 우유를 갈았는데 칼날플라스틱 기둥이 파손되었어요 한달도 안되서 칼날플라스틱 기둥이 파손된다는게 말이 안되네요 방송할때 얼음도 갈아 빙수도 만들었는데 냉동딸기 몇알과 우유를 섞어 갈았는데 파손된다는게 이해가 안되네요 칼날교환해 주세요",
    "Source": "SNS",
    "Domain": "가전",
    "MainCategory": "주방가전",
    "ProductName": "(TV)에버홈 글라스텐 다지기",
    "ReviewScore": "40",
    "Syllable": "135",
    "Word": "28",
    "RDate": "20200630",
    "Aspects": [
      {
        "Aspect": "내구성",
        "SentimentText": "한달도 안되서 칼날플라스틱 기둥이 파손된다는게 말이 안되네요",
        "SentimentWord": "7",
        "SentimentPolarity": "-1"
      },
      {
        "Aspect": "품질",
        "SentimentText": "냉동딸기 몇알과 우유를 섞어 갈았는데 파손된다는게 이해가 안되네요",
        "SentimentWord": "8",
        "SentimentPolarity": "-1"
      }
    ]
  },
  {
    "Index": "7284",
    "RawText": "다지기는 잘 됩니다 그런데 음식 만들기 레시피 북도 보내준다고 들었던것 같은데 안왔내요 제가 잘못들은건가요? ",
    "Source": "SNS",
    "Domain": "가전",
    "MainCategory": "주방가전",
    "ProductName": "(TV)에버홈 글라스텐 다지기",
    "ReviewScore": "70",
    "Syllable": "61",
    "Word": "14",
    "RDate": "20200703",
    "GeneralPolarity": "0",
    "Aspects": [
      {
        "Aspect": "기능",
        "SentimentText": "다지기는 잘 됩니다",
        "SentimentWord": "3",
        "SentimentPolarity": "1"
      },
      {
        "Aspect": "제품구성",
        "SentimentText": "그런데 음식 만들기 레시피 북도 보내준다고 들었던것 같은데 안왔내요 제가 잘못들은건가요?",
        "SentimentWord": "11",
        "SentimentPolarity": "-1"
      }
    ]
  },
  {
    "Index": "7285",
    "RawText": "디자인도 세련되고 성능도 좋습니다 근데 소리가 좀 커요",
    "Source": "SNS",
    "Domain": "가전",
    "MainCategory": "주방가전",
    "ProductName": "(TV)에버홈 글라스텐 다지기",
    "ReviewScore": "80",
    "Syllable": "30",
    "Word": "8",
    "RDate": "20200929",
    "GeneralPolarity": "1",
    "Aspects": [
      {
        "Aspect": "디자인",
        "SentimentText": "디자인도 세련되고 ",
        "SentimentWord": "2",
        "SentimentPolarity": "1"
      },
      {
        "Aspect": "기능",
        "SentimentText": " 성능도 좋습니다",
        "SentimentWord": "2",
        "SentimentPolarity": "1"
      },
      {
        "Aspect": "소음",
        "SentimentText": "소리가 좀 커요",
        "SentimentWord": "3",
        "SentimentPolarity": "-1"
      }
    ]
  },
  {
    "Index": "7286",
    "RawText": "마늘다지가  참 괜찮아요.반품하고 다지기 잘 주문한것 같습니다. 소재도 스텐이라 걱정없어요",
    "Source": "SNS",
    "Domain": "가전",
    "MainCategory": "주방가전",
    "ProductName": "(TV)에버홈 글라스텐 다지기",
    "ReviewScore": "100",
    "Syllable": "50",
    "Word": "10",
    "RDate": "20210804",
    "Aspects": [
      {
        "Aspect": "품질",
        "SentimentText": "마늘다지가  참 괜찮아요.",
        "SentimentWord": "3",
        "SentimentPolarity": "1"
      },
      {
        "Aspect": "소재",
        "SentimentText": "소재도 스텐이라 걱정없어요",
        "SentimentWord": "3",
        "SentimentPolarity": "1"
      }
    ]
  },
  {
    "Index": "7287",
    "RawText": "모든  한번에 다질수있어 넘 편하네요. 사용법도 긴단해서 더욱 좋아요. 강추합니다.^^",
    "Source": "SNS",
    "Domain": "가전",
    "MainCategory": "주방가전",
    "ProductName": "(TV)에버홈 글라스텐 다지기",
    "ReviewScore": "100",
    "Syllable": "48",
    "Word": "10",
    "RDate": "20200927",
    "GeneralPolarity": "1",
    "Aspects": [
      {
        "Aspect": "기능",
        "SentimentText": "모든  한번에 다질수있어 넘 편하네요.",
        "SentimentWord": "5",
        "SentimentPolarity": "1"
      },
      {
        "Aspect": "조작성",
        "SentimentText": "사용법도 긴단해서 더욱 좋아요. 강추합니다.^^",
        "SentimentWord": "5",
        "SentimentPolarity": "1"
      }
    ]
  },
  {
    "Index": "7288",
    "RawText": "물건 받고 볶음밥 해먹어봤는데 야채 적당한 크기로 잘 다져져요~ 용기가 커서 마늘 다질때 유용할 것 같아요",
    "Source": "SNS",
    "Domain": "가전",
    "MainCategory": "주방가전",
    "ProductName": "(TV)에버홈 글라스텐 다지기",
    "ReviewScore": "100",
    "Syllable": "59",
    "Word": "16",
    "RDate": "20200605",
    "GeneralPolarity": "1",
    "Aspects": [
      {
        "Aspect": "사이즈",
        "SentimentText": "야채 적당한 크기로 잘 다져져요~",
        "SentimentWord": "5",
        "SentimentPolarity": "1"
      },
      {
        "Aspect": "용량",
        "SentimentText": "용기가 커서 마늘 다질때 유용할 것 같아요",
        "SentimentWord": "7",
        "SentimentPolarity": "1"
      }
    ]
  },
  {
    "Index": "7289",
    "RawText": "미끄럼 방지 고무패킹이 끼워서 사용하는게 아니라 올려놓고 사용하는그런 용도라 고정이 잘 안되는것 같더라구요 본체가 부피많이 차지안해서 그건 좋아요 아직 사용전이지만  사용이 잘되면 좋겠어요~  ",
    "Source": "SNS",
    "Domain": "가전",
    "MainCategory": "주방가전",
    "ProductName": "(TV)에버홈 글라스텐 다지기",
    "ReviewScore": "80",
    "Syllable": "108",
    "Word": "23",
    "RDate": "20200604",
    "GeneralPolarity": "0",
    "Aspects": [
      {
        "Aspect": "조작성",
        "SentimentText": "미끄럼 방지 고무패킹이 끼워서 사용하는게 아니라 올려놓고 사용하는그런 용도라 고정이 잘 안되는것 같더라구요",
        "SentimentWord": "13",
        "SentimentPolarity": "-1"
      },
      {
        "Aspect": "사이즈",
        "SentimentText": "본체가 부피많이 차지안해서 그건 좋아요",
        "SentimentWord": "5",
        "SentimentPolarity": "1"
      }
    ]
  },
  {
    "Index": "7290",
    "RawText": "받자마자 마늘 갈아봤는데 정말로 물도 안생기고 죽처럼 안갈려서 대박  소리도 크지도 않아서 아주 좋아요 득템~^^",
    "Source": "SNS",
    "Domain": "가전",
    "MainCategory": "주방가전",
    "ProductName": "(TV)에버홈 글라스텐 다지기",
    "ReviewScore": "100",
    "Syllable": "63",
    "Word": "15",
    "RDate": "20200624",
    "GeneralPolarity": "1",
    "Aspects": [
      {
        "Aspect": "기능",
        "SentimentText": "물도 안생기고 죽처럼 안갈려서 대박 ",
        "SentimentWord": "5",
        "SentimentPolarity": "1"
      },
      {
        "Aspect": "소음",
        "SentimentText": "소리도 크지도 않아서 아주 좋아요 ",
        "SentimentWord": "5",
        "SentimentPolarity": "1"
      }
    ]
  },
  {
    "Index": "7291",
    "RawText": "받침대고무패킹이 붙어 있으면  더 나을까 싶구요  손잡이모터부분이 용기칼날과 잘 맞추기가 불편했음.",
    "Source": "SNS",
    "Domain": "가전",
    "MainCategory": "주방가전",
    "ProductName": "(TV)에버홈 글라스텐 다지기",
    "ReviewScore": "70",
    "Syllable": "55",
    "Word": "11",
    "RDate": "20200907",
    "GeneralPolarity": "-1",
    "Aspects": [
      {
        "Aspect": "내구성",
        "SentimentText": "받침대고무패킹이 붙어 있으면  더 나을까 싶구요 ",
        "SentimentWord": "6",
        "SentimentPolarity": "-1"
      },
      {
        "Aspect": "조작성",
        "SentimentText": "손잡이모터부분이 용기칼날과 잘 맞추기가 불편했음.",
        "SentimentWord": "5",
        "SentimentPolarity": "-1"
      }
    ]
  },
  {
    "Index": "7292",
    "RawText": "배송도 빨라 좋았습니다.  돌리는데 소리는 시끄러워요 빨리 사용하고 끝내야 합니다 상품도 사용해 본 결과 대단히 만족스럽습니디",
    "Source": "SNS",
    "Domain": "가전",
    "MainCategory": "주방가전",
    "ProductName": "(TV)에버홈 글라스텐 다지기",
    "ReviewScore": "90",
    "Syllable": "70",
    "Word": "16",
    "RDate": "20200824",
    "Aspects": [
      {
        "Aspect": "소음",
        "SentimentText": "돌리는데 소리는 시끄러워요 빨리 사용하고 끝내야 합니다",
        "SentimentWord": "7",
        "SentimentPolarity": "-1"
      },
      {
        "Aspect": "품질",
        "SentimentText": "상품도 사용해 본 결과 대단히 만족스럽습니디",
        "SentimentWord": "6",
        "SentimentPolarity": "1"
      }
    ]
  },
  {
    "Index": "7293",
    "RawText": "배송이 생각보다 늧었지만 가격대비 성능이나 구성이 너무 좋아요ㆍ",
    "Source": "SNS",
    "Domain": "가전",
    "MainCategory": "주방가전",
    "ProductName": "(TV)에버홈 글라스텐 다지기",
    "ReviewScore": "100",
    "Syllable": "35",
    "Word": "8",
    "RDate": "20200722",
    "Aspects": [
      {
        "Aspect": "기능",
        "SentimentText": " 가격대비 성능이나 구성이 너무 좋아요ㆍ",
        "SentimentWord": "5",
        "SentimentPolarity": "0"
      },
      {
        "Aspect": "제품구성",
        "SentimentText": "구성이 너무 좋아요ㆍ",
        "SentimentWord": "3",
        "SentimentPolarity": "1"
      }
    ]
  },
  {
    "Index": "7294",
    "RawText": "버튼을 계속 누르고 있어야 해서 조금 불편합니다. 뚜껑밖으로 안의 재료들이 튀어나와요. 뚜껑 밀폐가 다소 부족.",
    "Source": "SNS",
    "Domain": "가전",
    "MainCategory": "주방가전",
    "ProductName": "(TV)에버홈 글라스텐 다지기",
    "ReviewScore": "40",
    "Syllable": "62",
    "Word": "15",
    "RDate": "20200922",
    "GeneralPolarity": "-1",
    "Aspects": [
      {
        "Aspect": "조작성",
        "SentimentText": "버튼을 계속 누르고 있어야 해서 조금 불편합니다.",
        "SentimentWord": "7",
        "SentimentPolarity": "-1"
      },
      {
        "Aspect": "편의성",
        "SentimentText": "뚜껑밖으로 안의 재료들이 튀어나와요.",
        "SentimentWord": "4",
        "SentimentPolarity": "-1"
      },
      {
        "Aspect": "조작성",
        "SentimentText": "뚜껑 밀폐가 다소 부족.",
        "SentimentWord": "4",
        "SentimentPolarity": "-1"
      }
    ]
  },
  {
    "Index": "7295",
    "RawText": "사용하기 간편해서 만족합니다. 주방에서 조리시간이 단축되네요",
    "Source": "SNS",
    "Domain": "가전",
    "MainCategory": "주방가전",
    "ProductName": "(TV)에버홈 글라스텐 다지기",
    "ReviewScore": "100",
    "Syllable": "33",
    "Word": "6",
    "RDate": "20201019",
    "GeneralPolarity": "1",
    "Aspects": [
      {
        "Aspect": "편의성",
        "SentimentText": "사용하기 간편해서 만족합니다.",
        "SentimentWord": "3",
        "SentimentPolarity": "1"
      },
      {
        "Aspect": "시간/속도",
        "SentimentText": "주방에서 조리시간이 단축되네요",
        "SentimentWord": "3",
        "SentimentPolarity": "1"
      }
    ]
  },
  {
    "Index": "7296",
    "RawText": "사용하기 불편합니다 가벼워서 무게중심잡기가 힘들어요",
    "Source": "SNS",
    "Domain": "가전",
    "MainCategory": "주방가전",
    "ProductName": "(TV)에버홈 글라스텐 다지기",
    "ReviewScore": "30",
    "Syllable": "28",
    "Word": "5",
    "RDate": "20201121",
    "GeneralPolarity": "-1",
    "Aspects": [
      {
        "Aspect": "조작성",
        "SentimentText": "사용하기 불편합니다",
        "SentimentWord": "2",
        "SentimentPolarity": "-1"
      },
      {
        "Aspect": "무게",
        "SentimentText": "가벼워서 무게중심잡기가 힘들어요",
        "SentimentWord": "3",
        "SentimentPolarity": "-1"
      }
    ]
  },
  {
    "Index": "7297",
    "RawText": "사이즈도 좋고 편리할것 같아서 넘 좋네요 추천합니당",
    "Source": "SNS",
    "Domain": "가전",
    "MainCategory": "주방가전",
    "ProductName": "(TV)에버홈 글라스텐 다지기",
    "ReviewScore": "100",
    "Syllable": "28",
    "Word": "7",
    "RDate": "20200602",
    "GeneralPolarity": "1",
    "Aspects": [
      {
        "Aspect": "사이즈",
        "SentimentText": "사이즈도 좋고 ",
        "SentimentWord": "2",
        "SentimentPolarity": "1"
      },
      {
        "Aspect": "편의성",
        "SentimentText": "편리할것 같아서 넘 좋네요",
        "SentimentWord": "4",
        "SentimentPolarity": "1"
      }
    ]
  },
  {
    "Index": "7298",
    "RawText": "상품 품질이 좋네요. 오징어넣고 초간단으로 쉽게 어믁  만들었는데 짱입니다 ~ 손쉬운 작동으로 자주 사용해요~~",
    "Source": "SNS",
    "Domain": "가전",
    "MainCategory": "주방가전",
    "ProductName": "(TV)에버홈 글라스텐 다지기",
    "ReviewScore": "100",
    "Syllable": "62",
    "Word": "14",
    "RDate": "20201117",
    "GeneralPolarity": "1",
    "Aspects": [
      {
        "Aspect": "품질",
        "SentimentText": "상품 품질이 좋네요.",
        "SentimentWord": "3",
        "SentimentPolarity": "1"
      },
      {
        "Aspect": "조작성",
        "SentimentText": "오징어넣고 초간단으로 쉽게 어믁  만들었는데 짱입니다 ~ ",
        "SentimentWord": "7",
        "SentimentPolarity": "1"
      },
      {
        "Aspect": "편의성",
        "SentimentText": "손쉬운 작동으로 자주 사용해요~~",
        "SentimentWord": "4",
        "SentimentPolarity": "1"
      }
    ]
  },
  {
    "Index": "7299",
    "RawText": "상품은 맘에 들어요 배송이 많이 느려서 맘 비우고 기다렸어요 오늘 받아서  깨끗하게 씻는중 칼날이 너무 날카로워 그만 손을 비었네요   ㅠㅠ 조심하시고요  아직 사용은 안해봐서 성능은 잘 모르겠어요  사용후 다시 후기 올릴께요~^^",
    "Source": "SNS",
    "Domain": "가전",
    "MainCategory": "주방가전",
    "ProductName": "(TV)에버홈 글라스텐 다지기",
    "ReviewScore": "100",
    "Syllable": "129",
    "Word": "31",
    "RDate": "20200820",
    "Aspects": [
      {
        "Aspect": "제품구성",
        "SentimentText": "칼날이 너무 날카로워 그만 손을 비었네요   ㅠㅠ 조심하시고요  ",
        "SentimentWord": "8",
        "SentimentPolarity": "-1"
      },
      {
        "Aspect": "기능",
        "SentimentText": "아직 사용은 안해봐서 성능은 잘 모르겠어요",
        "SentimentWord": "6",
        "SentimentPolarity": "0"
      }
    ]
  },
  {
    "Index": "7300",
    "RawText": "미끄럼 방지패드가 자꾸 배껴져요 고정이 안될까요? 상품은 문제없으나 배송은 빵점.  화면에 배송완료로 시켜놓고 상품은 이틀후 도착. 이렇다 저렇다 안내도 없음.",
    "Source": "SNS",
    "Domain": "가전",
    "MainCategory": "주방가전",
    "ProductName": "(TV)에버홈 글라스텐 다지기",
    "ReviewScore": "20",
    "Syllable": "89",
    "Word": "20",
    "RDate": "20200902",
    "Aspects": [
      {
        "Aspect": "품질",
        "SentimentText": "상품은 문제없으나 ",
        "SentimentWord": "2",
        "SentimentPolarity": "0"
      },
      {
        "Aspect": "편의성",
        "SentimentText": "미끄럼 방지패드가 자꾸 배껴져요 고정이 안될까요?",
        "SentimentWord": "6",
        "SentimentPolarity": "-1"
      }
    ]
  },
  {
    "Index": "7301",
    "RawText": "상품이 너무맘에들구요, 배송포장도 넘 맘에들었구요.사용해보니 용기도 생각보다크구  잘갈아지네요. 추천합니다.",
    "Source": "SNS",
    "Domain": "가전",
    "MainCategory": "주방가전",
    "ProductName": "(TV)에버홈 글라스텐 다지기",
    "ReviewScore": "100",
    "Syllable": "60",
    "Word": "9",
    "RDate": "20200702",
    "Aspects": [
      {
        "Aspect": "품질",
        "SentimentText": "상품이 너무맘에들구요",
        "SentimentWord": "2",
        "SentimentPolarity": "1"
      },
      {
        "Aspect": "사이즈",
        "SentimentText": "용해보니 용기도 생각보다크구",
        "SentimentWord": "3",
        "SentimentPolarity": "1"
      },
      {
        "Aspect": "기능",
        "SentimentText": "잘갈아지네요. 추천합니다.",
        "SentimentWord": "2",
        "SentimentPolarity": "1"
      }
    ]
  },
  {
    "Index": "7302",
    "RawText": "생각보다 용량이크지않아 살짝실망 어쨌든 튼튼하고 잘 분쇄되어 너무편함",
    "Source": "SNS",
    "Domain": "가전",
    "MainCategory": "주방가전",
    "ProductName": "(TV)에버홈 글라스텐 다지기",
    "ReviewScore": "100",
    "Syllable": "38",
    "Word": "8",
    "RDate": "20200731",
    "GeneralPolarity": "1",
    "Aspects": [
      {
        "Aspect": "용량",
        "SentimentText": "생각보다 용량이크지않아 살짝실망 ",
        "SentimentWord": "3",
        "SentimentPolarity": "0"
      },
      {
        "Aspect": "편의성",
        "SentimentText": "잘 분쇄되어 너무편함",
        "SentimentWord": "3",
        "SentimentPolarity": "1"
      }
    ]
  },
  {
    "Index": "7303",
    "RawText": "성능도좋고 맘에들게 갈리네요 쓰기도 정말 편하고 좋아서 아들네랑 딸네도 사줬어요  아주좋아요 강추",
    "Source": "SNS",
    "Domain": "가전",
    "MainCategory": "주방가전",
    "ProductName": "(TV)에버홈 글라스텐 다지기",
    "ReviewScore": "100",
    "Syllable": "54",
    "Word": "12",
    "RDate": "20200916",
    "GeneralPolarity": "1",
    "Aspects": [
      {
        "Aspect": "기능",
        "SentimentText": "성능도좋고 맘에들게 갈리네요",
        "SentimentWord": "3",
        "SentimentPolarity": "1"
      },
      {
        "Aspect": "편의성",
        "SentimentText": "쓰기도 정말 편하고 좋아서 아들네랑 딸네도 사줬어요  아주좋아요 강추",
        "SentimentWord": "9",
        "SentimentPolarity": "1"
      }
    ]
  },
  {
    "Index": "7304",
    "RawText": "소리가 적어서 좋아요 쓰기도 편하고 잘 갈려요 상품평보고 샀는데 맘에 들어요~^^",
    "Source": "SNS",
    "Domain": "가전",
    "MainCategory": "주방가전",
    "ProductName": "(TV)에버홈 글라스텐 다지기",
    "ReviewScore": "100",
    "Syllable": "45",
    "Word": "11",
    "RDate": "20201222",
    "GeneralPolarity": "1",
    "Aspects": [
      {
        "Aspect": "소음",
        "SentimentText": "소리가 적어서 좋아요",
        "SentimentWord": "3",
        "SentimentPolarity": "1"
      },
      {
        "Aspect": "편의성",
        "SentimentText": " 쓰기도 편하고 잘 갈려요",
        "SentimentWord": "4",
        "SentimentPolarity": "1"
      }
    ]
  },
  {
    "Index": "7305",
    "RawText": "쉽게 갈리네요 소리도 적어요  근데 기술이 부족해서인지 방송처럼 균일하게 갈리지는 못 하네요",
    "Source": "SNS",
    "Domain": "가전",
    "MainCategory": "주방가전",
    "ProductName": "(TV)에버홈 글라스텐 다지기",
    "ReviewScore": "70",
    "Syllable": "51",
    "Word": "12",
    "RDate": "20201201",
    "GeneralPolarity": "1",
    "Aspects": [
      {
        "Aspect": "기능",
        "SentimentText": "쉽게 갈리네요 ",
        "SentimentWord": "2",
        "SentimentPolarity": "1"
      },
      {
        "Aspect": "소음",
        "SentimentText": "소리도 적어요",
        "SentimentWord": "2",
        "SentimentPolarity": "1"
      }
    ]
  },
  {
    "Index": "7306",
    "RawText": "생각보다 사이즈가 커서 좋네요 쓰기에 편해요 잘쓸게요~",
    "Source": "SNS",
    "Domain": "가전",
    "MainCategory": "주방가전",
    "ProductName": "(TV)에버홈 글라스텐 다지기",
    "ReviewScore": "100",
    "Syllable": "30",
    "Word": "7",
    "RDate": "20210223",
    "Aspects": [
      {
        "Aspect": "용량",
        "SentimentText": "생각보다 사이즈가 커서 좋네요",
        "SentimentWord": "4",
        "SentimentPolarity": "1"
      },
      {
        "Aspect": "편의성",
        "SentimentText": "쓰기에 편해요 잘쓸게요~",
        "SentimentWord": "3",
        "SentimentPolarity": "1"
      }
    ]
  },
  {
    "Index": "7307",
    "RawText": "어머니한테 선물드렸더니 사용하기 편하고 여러 용도로 사용 가능하다고 엄청 좋아하셨습니다",
    "Source": "SNS",
    "Domain": "가전",
    "MainCategory": "주방가전",
    "ProductName": "(TV)에버홈 글라스텐 다지기",
    "ReviewScore": "100",
    "Syllable": "48",
    "Word": "10",
    "RDate": "20200803",
    "GeneralPolarity": "1",
    "Aspects": [
      {
        "Aspect": "편의성",
        "SentimentText": "사용하기 편하고",
        "SentimentWord": "2",
        "SentimentPolarity": "1"
      },
      {
        "Aspect": "기능",
        "SentimentText": "여러 용도로 사용 가능하다고 엄청 좋아하셨습니다",
        "SentimentWord": "6",
        "SentimentPolarity": "1"
      }
    ]
  },
  {
    "Index": "7308",
    "RawText": "잘갈리고 완전 좋아요~~씻기편하고 딱 내가 찾던 상품이예요~~ 자주자주 맛있는거 해먹을거같아요~~",
    "Source": "SNS",
    "Domain": "가전",
    "MainCategory": "주방가전",
    "ProductName": "(TV)에버홈 글라스텐 다지기",
    "ReviewScore": "100",
    "Syllable": "54",
    "Word": "10",
    "RDate": "20200814",
    "GeneralPolarity": "1",
    "Aspects": [
      {
        "Aspect": "기능",
        "SentimentText": "잘갈리고 완전 좋아요~~",
        "SentimentWord": "3",
        "SentimentPolarity": "1"
      },
      {
        "Aspect": "편의성",
        "SentimentText": "씻기편하고 딱 내가 찾던 상품이예요~~",
        "SentimentWord": "5",
        "SentimentPolarity": "1"
      }
    ]
  },
  {
    "Index": "7309",
    "RawText": "우선 칼날이 2개오 분리 되는거 부터가 NG  세척하려고 분리하고 다시 조립하는데 고무장갑에 목장갑까지 껴야함.. 안그럼 베임.. 아차하다가 베임 센터 맞추기 진심 어려움.. 센터 맞추다가 빡침  ",
    "Source": "SNS",
    "Domain": "가전",
    "MainCategory": "주방가전",
    "ProductName": "(TV)에버홈 글라스텐 다지기",
    "ReviewScore": "20",
    "Syllable": "110",
    "Word": "25",
    "RDate": "20200910",
    "GeneralPolarity": "-1",
    "Aspects": [
      {
        "Aspect": "제품구성",
        "SentimentText": "칼날이 2개오 분리 되는거 부터가 NG ",
        "SentimentWord": "6",
        "SentimentPolarity": "-1"
      },
      {
        "Aspect": "조작성",
        "SentimentText": "세척하려고 분리하고 다시 조립하는데 고무장갑에 목장갑까지 껴야함.. 안그럼 베임.. 아차하다가 베임",
        "SentimentWord": "11",
        "SentimentPolarity": "-1"
      },
      {
        "Aspect": "조작성",
        "SentimentText": "센터 맞추기 진심 어려움.. 센터 맞추다가 빡침",
        "SentimentWord": "7",
        "SentimentPolarity": "-1"
      }
    ]
  },
  {
    "Index": "7310",
    "RawText": "유리 재질이라 싼타처럼 선물이네요 강력하게 추천 합니다 꼭 한번 써보세요 안쓰면 후회할거에요  추석전에배송받아서 선물했더니 너무 좋아하네요 썰고 다지고 안해도 한번에다 된다고 니무 너무 좋아하네요 강추강추합니다",
    "Source": "SNS",
    "Domain": "가전",
    "MainCategory": "주방가전",
    "ProductName": "(TV)에버홈 글라스텐 다지기",
    "ReviewScore": "100",
    "Syllable": "117",
    "Word": "25",
    "RDate": "20200923",
    "GeneralPolarity": "1",
    "Aspects": [
      {
        "Aspect": "품질",
        "SentimentText": "유리 재질이라 싼타처럼 선물이네요 강력하게 추천 합니다",
        "SentimentWord": "7",
        "SentimentPolarity": "1"
      },
      {
        "Aspect": "기능",
        "SentimentText": "썰고 다지고 안해도 한번에다 된다고 니무 너무 좋아하네요 강추강추합니다",
        "SentimentWord": "9",
        "SentimentPolarity": "1"
      }
    ]
  },
  {
    "Index": "7311",
    "RawText": "유리용기와 스테인리스 용기까지 2개가 같이 제공되어 좋네요! 야채 손쉽게 다질 수 있어 편하고 좋습니다!",
    "Source": "SNS",
    "Domain": "가전",
    "MainCategory": "주방가전",
    "ProductName": "(TV)에버홈 글라스텐 다지기",
    "ReviewScore": "100",
    "Syllable": "58",
    "Word": "14",
    "RDate": "20201129",
    "GeneralPolarity": "1",
    "Aspects": [
      {
        "Aspect": "제품구성",
        "SentimentText": "유리용기와 스테인리스 용기까지 2개가 같이 제공되어 좋네요! ",
        "SentimentWord": "7",
        "SentimentPolarity": "1"
      },
      {
        "Aspect": "편의성",
        "SentimentText": "야채 손쉽게 다질 수 있어 편하고 좋습니다!",
        "SentimentWord": "7",
        "SentimentPolarity": "1"
      }
    ]
  },
  {
    "Index": "7312",
    "RawText": "이거다싶어서  앱에서 바로구매했어요! 명절때나 집안식구들,식구들 모임때 솜씨를 발휘해 보려 구입해서 써봤는데  팔도 아플일없고 손쉽고 작동해서 좋아요 정말 맘에쏙들게 다져주네요 선택한것이   현명했어요! ",
    "Source": "SNS",
    "Domain": "가전",
    "MainCategory": "주방가전",
    "ProductName": "(TV)에버홈 글라스텐 다지기",
    "ReviewScore": "100",
    "Syllable": "114",
    "Word": "21",
    "RDate": "20200528",
    "Aspects": [
      {
        "Aspect": "편의성",
        "SentimentText": "팔도 아플일없고 손쉽고 작동해서 좋아요",
        "SentimentWord": "5",
        "SentimentPolarity": "1"
      },
      {
        "Aspect": "기능",
        "SentimentText": "정말 맘에쏙들게 다져주네요",
        "SentimentWord": "3",
        "SentimentPolarity": "1"
      }
    ]
  },
  {
    "Index": "7313",
    "RawText": "잘 다져시니  기분도 좋고 조리시간도 빨라 다른사람 에게도 추천합니다",
    "Source": "SNS",
    "Domain": "가전",
    "MainCategory": "주방가전",
    "ProductName": "(TV)에버홈 글라스텐 다지기",
    "ReviewScore": "100",
    "Syllable": "38",
    "Word": "9",
    "RDate": "20200925",
    "GeneralPolarity": "1",
    "Aspects": [
      {
        "Aspect": "기능",
        "SentimentText": "잘 다져시니  기분도 좋고",
        "SentimentWord": "4",
        "SentimentPolarity": "1"
      },
      {
        "Aspect": "시간/속도",
        "SentimentText": "조리시간도 빨라 다른사람 에게도 추천합니다",
        "SentimentWord": "5",
        "SentimentPolarity": "1"
      }
    ]
  },
  {
    "Index": "7314",
    "RawText": "재구매합니다.씻기도 편하고 양도 많이 다지기가 되고 아주 만족합니다",
    "Source": "SNS",
    "Domain": "가전",
    "MainCategory": "주방가전",
    "ProductName": "(TV)에버홈 글라스텐 다지기",
    "ReviewScore": "100",
    "Syllable": "37",
    "Word": "8",
    "RDate": "20210811",
    "GeneralPolarity": "1",
    "Aspects": [
      {
        "Aspect": "편의성",
        "SentimentText": "씻기도 편하고 ",
        "SentimentWord": "2",
        "SentimentPolarity": "1"
      },
      {
        "Aspect": "용량",
        "SentimentText": "양도 많이 다지기가 되고 아주 만족합니다",
        "SentimentWord": "6",
        "SentimentPolarity": "1"
      }
    ]
  },
  {
    "Index": "7315",
    "RawText": "재료가 순식간에 다져저서 쉽게 요리할 수 있어서 좋으네요. 세척도 간편하구요",
    "Source": "SNS",
    "Domain": "가전",
    "MainCategory": "주방가전",
    "ProductName": "(TV)에버홈 글라스텐 다지기",
    "ReviewScore": "100",
    "Syllable": "42",
    "Word": "10",
    "RDate": "20201103",
    "GeneralPolarity": "1",
    "Aspects": [
      {
        "Aspect": "시간/속도",
        "SentimentText": "재료가 순식간에 다져저서 쉽게 요리할 수 있어서 좋으네요. ",
        "SentimentWord": "8",
        "SentimentPolarity": "1"
      },
      {
        "Aspect": "편의성",
        "SentimentText": "세척도 간편하구요",
        "SentimentWord": "2",
        "SentimentPolarity": "1"
      }
    ]
  },
  {
    "Index": "7316",
    "RawText": "정말 잘 다져지고  진~~짜 편해요 디자인 활용성 다 좋아요 6개월써보고 상품평 올려요 상품평 잘 않쓰는대....이건 올려야겠더라고요 너무 좋아요 써보시면 알아요 강력추천 합니당~~^^",
    "Source": "SNS",
    "Domain": "가전",
    "MainCategory": "주방가전",
    "ProductName": "(TV)에버홈 글라스텐 다지기",
    "ReviewScore": "100",
    "Syllable": "103",
    "Word": "22",
    "RDate": "20201231",
    "GeneralPolarity": "1",
    "Aspects": [
      {
        "Aspect": "편의성",
        "SentimentText": "잘 다져지고  진~~짜 편해요",
        "SentimentWord": "4",
        "SentimentPolarity": "1"
      },
      {
        "Aspect": "디자인",
        "SentimentText": "디자인 활용성 다 좋아요",
        "SentimentWord": "4",
        "SentimentPolarity": "1"
      }
    ]
  },
  {
    "Index": "7317",
    "RawText": "제가 써보고 지인 주문했어요. 잘 갈리고 넘 좋아요. OOO 성능도 굿! 해피콜 있는데. 자리차지도 많이하고.소음도 심한데.  자리차지도 덜하고 강추합니다. 날칼이나 용기도 따로 구입이 가능하다네요.",
    "Source": "SNS",
    "Domain": "가전",
    "MainCategory": "주방가전",
    "ProductName": "(TV)에버홈 글라스텐 다지기",
    "ReviewScore": "100",
    "Syllable": "111",
    "Word": "24",
    "RDate": "20200909",
    "Aspects": [
      {
        "Aspect": "기능",
        "SentimentText": "잘 갈리고 넘 좋아요. OOO 성능도 굿!",
        "SentimentWord": "7",
        "SentimentPolarity": "1"
      },
      {
        "Aspect": "사이즈",
        "SentimentText": "자리차지도 덜하고 강추합니다.",
        "SentimentWord": "3",
        "SentimentPolarity": "1"
      }
    ]
  },
  {
    "Index": "7318",
    "RawText": "제품의 질이 생각보다 좋은듯합니다..다만 생각보다는 작은듯하지만 사용에 편리할것 같아 좋습니다^^ ",
    "Source": "SNS",
    "Domain": "가전",
    "MainCategory": "주방가전",
    "ProductName": "(TV)에버홈 글라스텐 다지기",
    "ReviewScore": "100",
    "Syllable": "55",
    "Word": "10",
    "RDate": "20200506",
    "GeneralPolarity": "1",
    "Aspects": [
      {
        "Aspect": "품질",
        "SentimentText": "제품의 질이 생각보다 좋은듯합니다..",
        "SentimentWord": "4",
        "SentimentPolarity": "1"
      },
      {
        "Aspect": "편의성",
        "SentimentText": "작은듯하지만 사용에 편리할것 같아 좋습니다^^",
        "SentimentWord": "5",
        "SentimentPolarity": "1"
      }
    ]
  },
  {
    "Index": "7319",
    "RawText": "제품편리하고 사용이 간편하고 좋아요  너무너무 잘 산것같아요  남자가해도 쉬워요~",
    "Source": "SNS",
    "Domain": "가전",
    "MainCategory": "주방가전",
    "ProductName": "(TV)에버홈 글라스텐 다지기",
    "ReviewScore": "100",
    "Syllable": "45",
    "Word": "9",
    "RDate": "20200528",
    "GeneralPolarity": "1",
    "Aspects": [
      {
        "Aspect": "제품구성",
        "SentimentText": "제품편리하고",
        "SentimentWord": "1",
        "SentimentPolarity": "1"
      },
      {
        "Aspect": "편의성",
        "SentimentText": "사용이 간편하고 좋아요 ",
        "SentimentWord": "3",
        "SentimentPolarity": "1"
      }
    ]
  },
  {
    "Index": "7320",
    "RawText": "디자인이 좋아 보입니다 기능도 좋은것 같네요",
    "Source": "SNS",
    "Domain": "가전",
    "MainCategory": "주방가전",
    "ProductName": "(TV)에버홈 글라스텐 다지기",
    "ReviewScore": "100",
    "Syllable": "24",
    "Word": "6",
    "RDate": "20200621",
    "GeneralPolarity": "1",
    "Aspects": [
      {
        "Aspect": "디자인",
        "SentimentText": "디자인이 좋아 보입니다",
        "SentimentWord": "3",
        "SentimentPolarity": "1"
      },
      {
        "Aspect": "기능",
        "SentimentText": "기능도 좋은것 같네요",
        "SentimentWord": "3",
        "SentimentPolarity": "1"
      }
    ]
  },
  {
    "Index": "7321",
    "RawText": "좋아여 잘갈리고 일단 플라스틱 소재가 아니라서 좋아여~ ",
    "Source": "SNS",
    "Domain": "가전",
    "MainCategory": "주방가전",
    "ProductName": "(TV)에버홈 글라스텐 다지기",
    "ReviewScore": "100",
    "Syllable": "31",
    "Word": "7",
    "RDate": "20200823",
    "GeneralPolarity": "1",
    "Aspects": [
      {
        "Aspect": "기능",
        "SentimentText": "좋아여 잘갈리고",
        "SentimentWord": "2",
        "SentimentPolarity": "1"
      },
      {
        "Aspect": "소재",
        "SentimentText": "플라스틱 소재가 아니라서 좋아여~",
        "SentimentWord": "4",
        "SentimentPolarity": "1"
      }
    ]
  },
  {
    "Index": "7322",
    "RawText": "좋은 상품 저렴하게  구매 했습니다. 용량도 대용량이라 다 때려놓고 다져서 좋아요 빠른배송으로  보내주시고 잘 쓰겠습니다. 감사합니다.",
    "Source": "SNS",
    "Domain": "가전",
    "MainCategory": "주방가전",
    "ProductName": "(TV)에버홈 글라스텐 다지기",
    "ReviewScore": "100",
    "Syllable": "75",
    "Word": "16",
    "RDate": "20200514",
    "Aspects": [
      {
        "Aspect": "가격",
        "SentimentText": "좋은 상품 저렴하게  구매 했습니다.",
        "SentimentWord": "5",
        "SentimentPolarity": "1"
      },
      {
        "Aspect": "용량",
        "SentimentText": "용량도 대용량이라 다 때려놓고 다져서 좋아요",
        "SentimentWord": "6",
        "SentimentPolarity": "1"
      }
    ]
  },
  {
    "Index": "7323",
    "RawText": "큼지막한 사이즈에 친환경 유리.스텐재질이라 맘에듭니다",
    "Source": "SNS",
    "Domain": "가전",
    "MainCategory": "주방가전",
    "ProductName": "(TV)에버홈 글라스텐 다지기",
    "ReviewScore": "100",
    "Syllable": "29",
    "Word": "5",
    "RDate": "20200706",
    "GeneralPolarity": "1",
    "Aspects": [
      {
        "Aspect": "사이즈",
        "SentimentText": "큼지막한 사이즈에 친환경 유리.",
        "SentimentWord": "4",
        "SentimentPolarity": "1"
      },
      {
        "Aspect": "소재",
        "SentimentText": "스텐재질이라 맘에듭니다",
        "SentimentWord": "2",
        "SentimentPolarity": "1"
      }
    ]
  },
  {
    "Index": "7324",
    "RawText": "파를 갈아봤는데  잘 갈리네요. 크게 갈지 작게 갈지 조절하면 되구요 마음에 듭니다",
    "Source": "SNS",
    "Domain": "가전",
    "MainCategory": "주방가전",
    "ProductName": "(TV)에버홈 글라스텐 다지기",
    "ReviewScore": "100",
    "Syllable": "46",
    "Word": "12",
    "RDate": "20200519",
    "GeneralPolarity": "1",
    "Aspects": [
      {
        "Aspect": "기능",
        "SentimentText": "파를 갈아봤는데  잘 갈리네요.",
        "SentimentWord": "4",
        "SentimentPolarity": "1"
      },
      {
        "Aspect": "사이즈",
        "SentimentText": "크게 갈지 작게 갈지 조절하면 되구요",
        "SentimentWord": "6",
        "SentimentPolarity": "1"
      }
    ]
  },
  {
    "Index": "7325",
    "RawText": "파를 갈아봤는데  잘 갈리네요. 크게 갈지 작게 갈지 조절하면 되구요 마음에 듭니다. 양이 많을때 쓰면 좋아요",
    "Source": "SNS",
    "Domain": "가전",
    "MainCategory": "주방가전",
    "ProductName": "(TV)에버홈 글라스텐 다지기",
    "ReviewScore": "100",
    "Syllable": "61",
    "Word": "16",
    "RDate": "20200519",
    "GeneralPolarity": "1",
    "Aspects": [
      {
        "Aspect": "기능",
        "SentimentText": "파를 갈아봤는데  잘 갈리네요. ",
        "SentimentWord": "4",
        "SentimentPolarity": "1"
      },
      {
        "Aspect": "사이즈",
        "SentimentText": "크게 갈지 작게 갈지 조절하면 되구요",
        "SentimentWord": "6",
        "SentimentPolarity": "1"
      },
      {
        "Aspect": "용량",
        "SentimentText": "양이 많을때 쓰면 좋아요",
        "SentimentWord": "4",
        "SentimentPolarity": "1"
      }
    ]
  },
  {
    "Index": "7326",
    "RawText": "편하고 실용적이네요. 고추 대파 버섯.... 잘 다져지네요.  ",
    "Source": "SNS",
    "Domain": "가전",
    "MainCategory": "주방가전",
    "ProductName": "(TV)에버홈 글라스텐 다지기",
    "ReviewScore": "100",
    "Syllable": "35",
    "Word": "7",
    "RDate": "20200526",
    "GeneralPolarity": "1",
    "Aspects": [
      {
        "Aspect": "편의성",
        "SentimentText": "편하고 실용적이네요.",
        "SentimentWord": "2",
        "SentimentPolarity": "1"
      },
      {
        "Aspect": "기능",
        "SentimentText": "잘 다져지네요.",
        "SentimentWord": "2",
        "SentimentPolarity": "1"
      }
    ]
  },
  {
    "Index": "7327",
    "RawText": "포장 잘되어 왔구요 2단 입체 칼날이 있어서 기능이 훌륭해요 편리하게 사용하고 있습니다",
    "Source": "SNS",
    "Domain": "가전",
    "MainCategory": "주방가전",
    "ProductName": "(TV)에버홈 글라스텐 다지기",
    "ReviewScore": "100",
    "Syllable": "48",
    "Word": "12",
    "RDate": "20201018",
    "Aspects": [
      {
        "Aspect": "기능",
        "SentimentText": "2단 입체 칼날이 있어서 기능이 훌륭해요",
        "SentimentWord": "6",
        "SentimentPolarity": "1"
      },
      {
        "Aspect": "편의성",
        "SentimentText": "편리하게 사용하고 있습니다",
        "SentimentWord": "3",
        "SentimentPolarity": "1"
      }
    ]
  }
]