[
  {
    "Index": "12286",
    "RawText": "뚜껑이 닫히지 않아 애를 먹었습니다. 뚜껑을 편하게 닫을 수 있도록 개선 했으면 더 좋겠습니다. 그리고 밥을 하루 보온시 눌어 붙어 밥풀떼기를 떼기도 아주 힘듭니다. 비강추 입니다.",
    "Source": "SNS",
    "Domain": "가전",
    "MainCategory": "주방가전",
    "ProductName": "*풍년 풀스텐 전기압력밥솥 (6인용)",
    "ReviewScore": "40",
    "Syllable": "101",
    "Word": "26",
    "RDate": "20211021",
    "GeneralPolarity": "-1",
    "Aspects": [
      {
        "Aspect": "조작성",
        "SentimentText": "뚜껑이 닫히지 않아 애를 먹었습니다.",
        "SentimentWord": "5",
        "SentimentPolarity": "-1"
      },
      {
        "Aspect": "조작성",
        "SentimentText": "뚜껑을 편하게 닫을 수 있도록 개선 했으면 더 좋겠습니다. ",
        "SentimentWord": "9",
        "SentimentPolarity": "0"
      },
      {
        "Aspect": "편의성",
        "SentimentText": "밥을 하루 보온시 눌어 붙어 밥풀떼기를 떼기도 아주 힘듭니다.",
        "SentimentWord": "9",
        "SentimentPolarity": "-1"
      }
    ]
  },
  {
    "Index": "12287",
    "RawText": "시골에서 닭한마리삶으려면 불때서해먹어야 푹 고아지는데 설정시간보다 좀  길게 삶으니까 일반  용기보다 더 잘무르고  푹 울어나는게 귀찮게 불안때도 거의 비슷해요 아주 좋아요",
    "Source": "SNS",
    "Domain": "가전",
    "MainCategory": "주방가전",
    "ProductName": "-까사맘",
    "ReviewScore": "100",
    "Syllable": "96",
    "Word": "21",
    "RDate": "20201204",
    "GeneralPolarity": "1",
    "Aspects": [
      {
        "Aspect": "기능",
        "SentimentText": " 좀  길게 삶으니까 일반  용기보다 더 잘무르고 ",
        "SentimentWord": "7",
        "SentimentPolarity": "1"
      },
      {
        "Aspect": "편의성",
        "SentimentText": "푹 울어나는게 귀찮게 불안때도 거의 비슷해요 아주 좋아요",
        "SentimentWord": "8",
        "SentimentPolarity": "1"
      }
    ]
  },
  {
    "Index": "12288",
    "RawText": "사용하기 편리하고요. 좋아요 단지 처음 사용할때 증기 나오는 곳을 막는 걸 몰라서 안막는 실수가 있었을뿐. 용량은 적당한 양으로는 잘 되요 너무 많은 양은 안되니 적절히 사용하면 되네요.",
    "Source": "SNS",
    "Domain": "가전",
    "MainCategory": "주방가전",
    "ProductName": "-까사맘",
    "ReviewScore": "100",
    "Syllable": "104",
    "Word": "27",
    "RDate": "20210605",
    "Aspects": [
      {
        "Aspect": "편의성",
        "SentimentText": "사용하기 편리하고요. 좋아요",
        "SentimentWord": "3",
        "SentimentPolarity": "1"
      },
      {
        "Aspect": "용량",
        "SentimentText": "용량은 적당한 양으로는 잘 되요",
        "SentimentWord": "5",
        "SentimentPolarity": "0"
      }
    ]
  },
  {
    "Index": "12289",
    "RawText": "밥을하고 조금지나 보온으로 넘어가는데 밥이 누룽지가생기고 눌러붙네요 내솥이 스텐레스 특성상 눌러붙는다는데  아쉽네요 바로 설거지하기도 불편해요 불렸다가해야 해요",
    "Source": "SNS",
    "Domain": "가전",
    "MainCategory": "주방가전",
    "ProductName": "-까사맘",
    "ReviewScore": "20",
    "Syllable": "89",
    "Word": "17",
    "RDate": "20201214",
    "GeneralPolarity": "-1",
    "Aspects": [
      {
        "Aspect": "기능",
        "SentimentText": "밥이 누룽지가생기고 눌러붙네요",
        "SentimentWord": "3",
        "SentimentPolarity": "-1"
      },
      {
        "Aspect": "소재",
        "SentimentText": "내솥이 스텐레스 특성상 눌러붙는다는데  아쉽네요",
        "SentimentWord": "5",
        "SentimentPolarity": "-1"
      },
      {
        "Aspect": "편의성",
        "SentimentText": "바로 설거지하기도 불편해요 불렸다가해야 해요",
        "SentimentWord": "5",
        "SentimentPolarity": "-1"
      }
    ]
  },
  {
    "Index": "12290",
    "RawText": "딸랑구 기숙사 들어가서 구입했는데  너무 귀엽고 앙증맞네요~ 2년동안 고장 안나고 잘 썼으면 좋겠네요~ 쌀 불리고 뜸 들이고 넉넉하게 1시간정도... 밥하는 시간이 넘 길다고 하네요~~ ",
    "Source": "SNS",
    "Domain": "가전",
    "MainCategory": "주방가전",
    "ProductName": "위즈웰 DRC-5 전기밥솥 4인용 미니밥솥 전기보온밥솥",
    "ReviewScore": "100",
    "Syllable": "104",
    "Word": "24",
    "RDate": "20190323",
    "GeneralPolarity": "0",
    "Aspects": [
      {
        "Aspect": "디자인",
        "SentimentText": " 너무 귀엽고 앙증맞네요~",
        "SentimentWord": "3",
        "SentimentPolarity": "1"
      },
      {
        "Aspect": "시간/속도",
        "SentimentText": "쌀 불리고 뜸 들이고 넉넉하게 1시간정도... 밥하는 시간이 넘 길다고 하네요~~",
        "SentimentWord": "11",
        "SentimentPolarity": "-1"
      }
    ]
  },
  {
    "Index": "12291",
    "RawText": "8월 12일에 주문해서 24일에 받았어요.... 크기, 모양, 색깔 모두 대만족! 밥맛도 제법 괜찮아요.  잘 관리해서 오래오래 사용하고 싶어요~^^",
    "Source": "SNS",
    "Domain": "가전",
    "MainCategory": "주방가전",
    "ProductName": "쿠첸 압력밥솥 CJS-FE0620SDNC [6인용]",
    "ReviewScore": "90",
    "Syllable": "83",
    "Word": "18",
    "RDate": "20210901",
    "Aspects": [
      {
        "Aspect": "사이즈",
        "SentimentText": "크기, 모양, 색깔 모두 대만족!",
        "SentimentWord": "5",
        "SentimentPolarity": "1"
      },
      {
        "Aspect": "디자인",
        "SentimentText": "모양, 색깔 모두 대만족!",
        "SentimentWord": "4",
        "SentimentPolarity": "1"
      },
      {
        "Aspect": "색상",
        "SentimentText": "색깔 모두 대만족!",
        "SentimentWord": "3",
        "SentimentPolarity": "1"
      }
    ]
  },
  {
    "Index": "12292",
    "RawText": "쓰던밥솥이 오래되서  그런지 아랫부분은잘되는데 위에는 밥이 설익어요 밥도잘안되고 맛이 없어요  이번에 구매한거는 후기가 좋아서샀어요  아직 밥을 안해봤지만 맛있을거라 믿어요. 유명한 브랜드라 역시 더 믿음이 갑니다 블랙 색상이 고급스럽네요.",
    "Source": "SNS",
    "Domain": "가전",
    "MainCategory": "주방가전",
    "ProductName": "쿠쿠 10인용 IH전기압력밥솥 CRP-HWF1060FDM",
    "ReviewScore": "100",
    "Syllable": "134",
    "Word": "28",
    "RDate": "20220302",
    "Aspects": [
      {
        "Aspect": "제조일/제조사",
        "SentimentText": "유명한 브랜드라 역시 더 믿음이 갑니다",
        "SentimentWord": "6",
        "SentimentPolarity": "1"
      },
      {
        "Aspect": "색상",
        "SentimentText": "블랙 색상이 고급스럽네요.",
        "SentimentWord": "3",
        "SentimentPolarity": "1"
      }
    ]
  },
  {
    "Index": "12293",
    "RawText": "저렴한데 밥맛도 최고에요!! 전에 쓰던건 더 비쌌는데 ㅜㅜ 그것보다 밥이 맛나네요 ㅎㅎㅎ 안살이유가 없는듯~ 감사합니다.",
    "Source": "SNS",
    "Domain": "가전",
    "MainCategory": "주방가전",
    "ProductName": "쿠쿠 10인용 열판 압력 전기밥솥 CRP-QS1020FSM",
    "ReviewScore": "100",
    "Syllable": "67",
    "Word": "15",
    "RDate": "20210815",
    "GeneralPolarity": "1",
    "Aspects": [
      {
        "Aspect": "가격",
        "SentimentText": "저렴한데 밥맛도 최고에요!!",
        "SentimentWord": "3",
        "SentimentPolarity": "1"
      },
      {
        "Aspect": "기능",
        "SentimentText": "밥맛도 최고에요!!",
        "SentimentWord": "2",
        "SentimentPolarity": "1"
      }
    ]
  },
  {
    "Index": "12294",
    "RawText": "아들이 독립해서 햇반만 먹는다기에 맘이안좋았어요 그런데  마침득템에 찬스가 왔어요 ㅎㅎ  가격 할인에  쿠폰 할인 까지 정말 감사합니다 색상이 깔끔하고 넘 예뻐요 ㅎㅎ ",
    "Source": "SNS",
    "Domain": "가전",
    "MainCategory": "주방가전",
    "ProductName": "쿠쿠 6인용 전기압력밥솥 CRP-R069FS 실버",
    "ReviewScore": "100",
    "Syllable": "94",
    "Word": "22",
    "RDate": "20220205",
    "Aspects": [
      {
        "Aspect": "가격",
        "SentimentText": "가격 할인에  쿠폰 할인 까지 정말 감사합니다",
        "SentimentWord": "7",
        "SentimentPolarity": "1"
      },
      {
        "Aspect": "색상",
        "SentimentText": "색상이 깔끔하고 넘 예뻐요 ㅎㅎ",
        "SentimentWord": "5",
        "SentimentPolarity": "1"
      }
    ]
  },
  {
    "Index": "12295",
    "RawText": "친정 엄마을 사드렸는데 가볍고 하얀색상이 예뻐요 밥도잘되고 기능도 복잡하지 않으며 주말 특가로 다른 사이트보다 값싸게 구매했어요",
    "Source": "SNS",
    "Domain": "가전",
    "MainCategory": "주방가전",
    "ProductName": "쿠쿠 6인용 전기압력밥솥 CRP-R069FS 실버",
    "ReviewScore": "100",
    "Syllable": "71",
    "Word": "16",
    "RDate": "20211207",
    "GeneralPolarity": "1",
    "Aspects": [
      {
        "Aspect": "무게",
        "SentimentText": "가볍고 하얀색상이 예뻐요",
        "SentimentWord": "3",
        "SentimentPolarity": "1"
      },
      {
        "Aspect": "색상",
        "SentimentText": "하얀색상이 예뻐요",
        "SentimentWord": "2",
        "SentimentPolarity": "1"
      },
      {
        "Aspect": "기능",
        "SentimentText": "밥도잘되고 기능도 복잡하지 않으며",
        "SentimentWord": "4",
        "SentimentPolarity": "1"
      },
      {
        "Aspect": "가격",
        "SentimentText": "주말 특가로 다른 사이트보다 값싸게 구매했어요",
        "SentimentWord": "6",
        "SentimentPolarity": "1"
      }
    ]
  },
  {
    "Index": "12296",
    "RawText": "잡곡밥 했는데 누룽지도 많이눌지않고  찰지게 잘되네요. 사용설명서 글자크기가 컸으면 좋겠습니다. 타사제품도 사용해봤으나,  역시○○○가 디자인ㆍ성능ㆍ가성비등 저에게는 맞습니다.",
    "Source": "SNS",
    "Domain": "가전",
    "MainCategory": "주방가전",
    "ProductName": "쿠쿠 CRP-QS1010FG 10인용 전기압력밥솥 공식판매점 SJ",
    "ReviewScore": "80",
    "Syllable": "98",
    "Word": "16",
    "RDate": "20210823",
    "GeneralPolarity": "1",
    "Aspects": [
      {
        "Aspect": "기능",
        "SentimentText": "찰지게 잘되네요.",
        "SentimentWord": "2",
        "SentimentPolarity": "1"
      },
      {
        "Aspect": "제조일/제조사",
        "SentimentText": "역시○○○가 디자인ㆍ성능ㆍ가성비등 저에게는 맞습니다.",
        "SentimentWord": "4",
        "SentimentPolarity": "1"
      }
    ]
  },
  {
    "Index": "12297",
    "RawText": "타  홈쇼핑보다가 세일해서 구매했다가 취소하고  OO쇼핑서 구매합니다. 사은품없는거  빼고 가격차이가  어마어마해요~~ OO쇼핑 강추~새상품이라 씻고 말리는중~♡ 디자인이 정말 고급스러워 보여요~ 고품격 디자인~♡",
    "Source": "SNS",
    "Domain": "가전",
    "MainCategory": "주방가전",
    "ProductName": "쿠쿠 전기압력밥솥 CRP-R1055FB(A) [10인용]",
    "ReviewScore": "100",
    "Syllable": "119",
    "Word": "21",
    "RDate": "20220305",
    "Aspects": [
      {
        "Aspect": "가격",
        "SentimentText": "사은품없는거  빼고 가격차이가  어마어마해요~~",
        "SentimentWord": "4",
        "SentimentPolarity": "1"
      },
      {
        "Aspect": "디자인",
        "SentimentText": "디자인이 정말 고급스러워 보여요~ 고품격 디자인~♡",
        "SentimentWord": "6",
        "SentimentPolarity": "1"
      }
    ]
  },
  {
    "Index": "12298",
    "RawText": "착하고 좋은 가격에  구매해서 좋아요ᆞᆢ 사용 해 보니 잘 안갈린다고 하네요ᆞᆢ 어찌 된건 가요 ?      ",
    "Source": "SNS",
    "Domain": "가전",
    "MainCategory": "주방가전",
    "ProductName": "메디하임 커피그라인더 원두 분쇄기 핸드밀 커피 전동 MKR-500",
    "ReviewScore": "30",
    "Syllable": "61",
    "Word": "15",
    "RDate": "20200207",
    "Aspects": [
      {
        "Aspect": "가격",
        "SentimentText": "착하고 좋은 가격에  구매해서 좋아요ᆞᆢ",
        "SentimentWord": "5",
        "SentimentPolarity": "1"
      },
      {
        "Aspect": "기능",
        "SentimentText": "사용 해 보니 잘 안갈린다고 하네요ᆞᆢ 어찌 된건 가요 ?     ",
        "SentimentWord": "10",
        "SentimentPolarity": "-1"
      }
    ]
  },
  {
    "Index": "12299",
    "RawText": "매일 원두갈고 직접 내려 마시는 것이 좋았는데, 올 여름은 다 귀찮고 여기에 내려놓으면 텀블러 2잔은 충분히 나와서 좋아요 오전에 내려놓고 하루 2잔 마시면 딱 맞네요!! 조작도 편해요^^",
    "Source": "SNS",
    "Domain": "가전",
    "MainCategory": "주방가전",
    "ProductName": "메디하임 커피메이커 CM-823K 대용량 커피포트 커피머신",
    "ReviewScore": "100",
    "Syllable": "105",
    "Word": "27",
    "RDate": "20190728",
    "GeneralPolarity": "1",
    "Aspects": [
      {
        "Aspect": "용량",
        "SentimentText": "텀블러 2잔은 충분히 나와서 좋아요",
        "SentimentWord": "5",
        "SentimentPolarity": "1"
      },
      {
        "Aspect": "조작성",
        "SentimentText": "조작도 편해요^^",
        "SentimentWord": "2",
        "SentimentPolarity": "1"
      }
    ]
  },
  {
    "Index": "12300",
    "RawText": "원두커피 선물 받았는데 커커피쇄기가 없어서 구매했는데 뚜껑이 고정이 안돼고 누르면 분쇄가 되네요~~~ 사이즈도 좀 큰편이라 보관이 좀.....",
    "Source": "SNS",
    "Domain": "가전",
    "MainCategory": "주방가전",
    "ProductName": "위즈웰 전동 커피 그라인더 원두 분쇄기 커피밀 SP-7426",
    "ReviewScore": "80",
    "Syllable": "79",
    "Word": "17",
    "RDate": "20211215",
    "GeneralPolarity": "-1",
    "Aspects": [
      {
        "Aspect": "조작성",
        "SentimentText": "뚜껑이 고정이 안돼고 누르면 분쇄가 되네요~~~",
        "SentimentWord": "6",
        "SentimentPolarity": "-1"
      },
      {
        "Aspect": "조작성",
        "SentimentText": "누르면 분쇄가 되네요~~~",
        "SentimentWord": "3",
        "SentimentPolarity": "0"
      },
      {
        "Aspect": "사이즈",
        "SentimentText": "사이즈도 좀 큰편이라 보관이 좀.....",
        "SentimentWord": "5",
        "SentimentPolarity": "-1"
      }
    ]
  },
  {
    "Index": "25447",
    "RawText": "가격대비  그냥 쓸만 한것 같아요. 색감이 고급스러워서 마음에 들고 , 기존에 쓰던 가스레인지 보다 성능이 좀 더 좋은것 같아 좋습니다^^",
    "Source": "쇼핑몰",
    "Domain": "가전",
    "MainCategory": "주방가전",
    "ProductName": "SK매직 GRA-B3218D 일반구매",
    "ReviewScore": "5",
    "Syllable": "77",
    "Word": "20",
    "RDate": "20200117",
    "GeneralPolarity": "1",
    "Aspects": [
      {
        "Aspect": "가격",
        "SentimentText": "가격대비  그냥 쓸만 한것 같아요.",
        "SentimentWord": "5",
        "SentimentPolarity": "0"
      },
      {
        "Aspect": "색상",
        "SentimentText": "색감이 고급스러워서 마음에 들고 ",
        "SentimentWord": "4",
        "SentimentPolarity": "1"
      },
      {
        "Aspect": "기능",
        "SentimentText": " 기존에 쓰던 가스레인지 보다 성능이 좀 더 좋은것 같아 좋습니다^^",
        "SentimentWord": "10",
        "SentimentPolarity": "1"
      }
    ]
  },
  {
    "Index": "25448",
    "RawText": "원터치 점화가 엄청 편합니다. 가격대비 저렴하게 구매했습니다 감사해요",
    "Source": "쇼핑몰",
    "Domain": "가전",
    "MainCategory": "주방가전",
    "ProductName": "SK매직 GRA-B3218D 일반구매",
    "ReviewScore": "5",
    "Syllable": "38",
    "Word": "8",
    "RDate": "20200416",
    "Aspects": [
      {
        "Aspect": "편의성",
        "SentimentText": "원터치 점화가 엄청 편합니다",
        "SentimentWord": "4",
        "SentimentPolarity": "1"
      },
      {
        "Aspect": "가격",
        "SentimentText": "가격대비 저렴하게 구매했습니다 감사해요",
        "SentimentWord": "4",
        "SentimentPolarity": "1"
      }
    ]
  },
  {
    "Index": "25449",
    "RawText": "배송이 아주 빨라서 좋았어요. 가성비는 말 할것없이 좋구요 점화는 물론이고 화력도 쎄서 완전 만족입니다. 국물 넘쳐도 틈사이로 새나갈 염려없어 청소하는게 너무 좋아요. 안전장치설치도 잘 해주셨어요. 로고도 고급스럽고 실버색상으로 주문했는데 주방이 깔끔허니 아주 좋습니다. 만족해요^^. 속이 다 시원합니다.",
    "Source": "쇼핑몰",
    "Domain": "가전",
    "MainCategory": "주방가전",
    "ProductName": "SK매직 GRA-B3218D 일반구매",
    "ReviewScore": "5",
    "Syllable": "171",
    "Word": "37",
    "RDate": "20180908",
    "Aspects": [
      {
        "Aspect": "기능",
        "SentimentText": "가성비는 말 할것없이 좋구요 점화는 물론이고 화력도 쎄서 완전 만족입니다. ",
        "SentimentWord": "10",
        "SentimentPolarity": "1"
      },
      {
        "Aspect": "편의성",
        "SentimentText": "국물 넘쳐도 틈사이로 새나갈 염려없어 청소하는게 너무 좋아요. ",
        "SentimentWord": "8",
        "SentimentPolarity": "1"
      },
      {
        "Aspect": "디자인",
        "SentimentText": "로고도 고급스럽고 실버색상으로 주문했는데 주방이 깔끔허니 아주 좋습니다. 만족해요^^. 속이 다 시원합니다.",
        "SentimentWord": "12",
        "SentimentPolarity": "1"
      },
      {
        "Aspect": "색상",
        "SentimentText": "실버색상으로 주문했는데 주방이 깔끔허니 아주 좋습니다. 만족해요^^. 속이 다 시원합니다.",
        "SentimentWord": "10",
        "SentimentPolarity": "1"
      }
    ]
  },
  {
    "Index": "25450",
    "RawText": "설치까지 친절하게 잘 해주셔서 감사했습니다~블랙색상으로 구입해서 맘에 들고 화력이 좋아서 사용하기에도 만족스럽습니다~!",
    "Source": "쇼핑몰",
    "Domain": "가전",
    "MainCategory": "주방가전",
    "ProductName": "SK매직 GRA-B3218D 일반구매",
    "ReviewScore": "4",
    "Syllable": "66",
    "Word": "12",
    "RDate": "20220506",
    "Aspects": [
      {
        "Aspect": "색상",
        "SentimentText": "블랙색상으로 구입해서 맘에 들고 ",
        "SentimentWord": "4",
        "SentimentPolarity": "1"
      },
      {
        "Aspect": "기능",
        "SentimentText": "화력이 좋아서 사용하기에도 만족스럽습니다~!",
        "SentimentWord": "4",
        "SentimentPolarity": "1"
      }
    ]
  },
  {
    "Index": "25451",
    "RawText": "기능과 성능 말할것도 없이 완벽해요 특히 약불기능이 참 편해요~ 디자인이 고급스럽고 참 좋아요. 스텐보다 블랙코팅으로 된 소재가 관리가 확실히 편해서 좋습니다.",
    "Source": "쇼핑몰",
    "Domain": "가전",
    "MainCategory": "주방가전",
    "ProductName": "SK매직 GRA-B3218D 일반구매",
    "ReviewScore": "5",
    "Syllable": "89",
    "Word": "21",
    "RDate": "20190228",
    "GeneralPolarity": "1",
    "Aspects": [
      {
        "Aspect": "기능",
        "SentimentText": "기능과 성능 말할것도 없이 완벽해요 특히 약불기능이 참 편해요~",
        "SentimentWord": "9",
        "SentimentPolarity": "1"
      },
      {
        "Aspect": "디자인",
        "SentimentText": "디자인이 고급스럽고 참 좋아요.",
        "SentimentWord": "4",
        "SentimentPolarity": "1"
      },
      {
        "Aspect": "소재",
        "SentimentText": "스텐보다 블랙코팅으로 된 소재가 관리가 확실히 편해서 좋습니다.",
        "SentimentWord": "8",
        "SentimentPolarity": "1"
      }
    ]
  },
  {
    "Index": "25452",
    "RawText": "행사할때 저렴한 가격에 구매했어요 가격대비 만족스러워요. 설치하고 보니 후드랑 색 깔맞춤이 되어버려서 오히려 깔끔해져서 좋습니다.",
    "Source": "쇼핑몰",
    "Domain": "가전",
    "MainCategory": "주방가전",
    "ProductName": "SK매직 GRA-B3218D 일반구매",
    "ReviewScore": "4",
    "Syllable": "72",
    "Word": "15",
    "RDate": "20220224",
    "GeneralPolarity": "1",
    "Aspects": [
      {
        "Aspect": "가격",
        "SentimentText": "행사할때 저렴한 가격에 구매했어요 가격대비 만족스러워요",
        "SentimentWord": "6",
        "SentimentPolarity": "1"
      },
      {
        "Aspect": "색상",
        "SentimentText": "설치하고 보니 후드랑 색 깔맞춤이 되어버려서 오히려 깔끔해져서 좋습니다.",
        "SentimentWord": "9",
        "SentimentPolarity": "1"
      }
    ]
  },
  {
    "Index": "25453",
    "RawText": "설치 후 작동하니 점화도 잘 들어오고 화력도 아주 쎄네요 만족스러워요. 색상도 블랙이라 아주 깔끔하고 관리하기가 편해서 좋아요!",
    "Source": "쇼핑몰",
    "Domain": "가전",
    "MainCategory": "주방가전",
    "ProductName": "SK매직 GRA-B3218D 일반구매",
    "ReviewScore": "4",
    "Syllable": "71",
    "Word": "17",
    "RDate": "20201013",
    "GeneralPolarity": "1",
    "Aspects": [
      {
        "Aspect": "기능",
        "SentimentText": "설치 후 작동하니 점화도 잘 들어오고 화력도 아주 쎄네요 만족스러워요.",
        "SentimentWord": "10",
        "SentimentPolarity": "1"
      },
      {
        "Aspect": "디자인",
        "SentimentText": "색상도 블랙이라 아주 깔끔하고 관리하기가 편해서 좋아요!",
        "SentimentWord": "7",
        "SentimentPolarity": "1"
      }
    ]
  },
  {
    "Index": "25457",
    "RawText": "가격 대비 품질 아주 만족스럽네요. 홈페이지 제품 표기 된 사이즈랑 실물 사이즈가 달라 설치할때 힘들었습니다.",
    "Source": "쇼핑몰",
    "Domain": "가전",
    "MainCategory": "주방가전",
    "ProductName": "SK매직 GRA-B3218D 일반구매",
    "ReviewScore": "5",
    "Syllable": "61",
    "Word": "15",
    "RDate": "20220801",
    "Aspects": [
      {
        "Aspect": "품질",
        "SentimentText": "가격 대비 품질 아주 만족스럽네요.",
        "SentimentWord": "5",
        "SentimentPolarity": "1"
      },
      {
        "Aspect": "사이즈",
        "SentimentText": "홈페이지 제품 표기 된 사이즈랑 실물 사이즈가 달라 설치할때 힘들었습니다. ",
        "SentimentWord": "10",
        "SentimentPolarity": "-1"
      }
    ]
  },
  {
    "Index": "25458",
    "RawText": "컬러 심플하고 시크해보여 맘에 들러요^^ 사용해봤는데 제품성능이 정말 좋네요.",
    "Source": "쇼핑몰",
    "Domain": "가전",
    "MainCategory": "주방가전",
    "ProductName": "SK매직 GRA-B3218D 일반구매",
    "ReviewScore": "5",
    "Syllable": "43",
    "Word": "9",
    "RDate": "20191111",
    "Aspects": [
      {
        "Aspect": "색상",
        "SentimentText": "컬러 심플하고 시크해보여 맘에 들러요^^",
        "SentimentWord": "5",
        "SentimentPolarity": "1"
      },
      {
        "Aspect": "기능",
        "SentimentText": "사용해봤는데 제품성능이 정말 좋네요. ",
        "SentimentWord": "4",
        "SentimentPolarity": "1"
      }
    ]
  },
  {
    "Index": "25459",
    "RawText": "디자인 예뻐요 맨질맨질 하니 깔끔하고 좋네요 저희집 인테리어랑 잘 어울릴것 같아 흰색으로 샀는데  생각보다 색상이 별로네요",
    "Source": "쇼핑몰",
    "Domain": "가전",
    "MainCategory": "주방가전",
    "ProductName": "SK매직 GRA-B3218D 일반구매",
    "ReviewScore": "5",
    "Syllable": "68",
    "Word": "16",
    "RDate": "20220616",
    "Aspects": [
      {
        "Aspect": "디자인",
        "SentimentText": "디자인 예뻐요 맨질맨질 하니 깔끔하고 좋네요",
        "SentimentWord": "6",
        "SentimentPolarity": "1"
      },
      {
        "Aspect": "색상",
        "SentimentText": "인테리어랑 잘 어울릴것 같아 흰색으로 샀는데  생각보다 색상이 별로네요 ",
        "SentimentWord": "9",
        "SentimentPolarity": "-1"
      }
    ]
  },
  {
    "Index": "25460",
    "RawText": "디자인 깔끔하고 심플~ 그자체네요^^이벤트 행사로 제품 저렴하게 살 수 있어 좋았는데 가성비 그다지 좋지 않아 실망입니다",
    "Source": "쇼핑몰",
    "Domain": "가전",
    "MainCategory": "주방가전",
    "ProductName": "SK매직 GRA-B3218D 일반구매",
    "ReviewScore": "5",
    "Syllable": "67",
    "Word": "16",
    "RDate": "20201106",
    "Aspects": [
      {
        "Aspect": "디자인",
        "SentimentText": "디자인 깔끔하고 심플~ 그자체네요^^",
        "SentimentWord": "4",
        "SentimentPolarity": "1"
      },
      {
        "Aspect": "가격",
        "SentimentText": " 가성비 그다지 좋지 않아 실망입니다",
        "SentimentWord": "5",
        "SentimentPolarity": "-1"
      }
    ]
  },
  {
    "Index": "25461",
    "RawText": "배송도 빠르고 점화나 원터치 기능은 만족스럽습니다 한가지 아쉬운점은 디자인이 사진과 좀 많이 달라 덜 고급스러워 실망입니다!...-_-;",
    "Source": "쇼핑몰",
    "Domain": "가전",
    "MainCategory": "주방가전",
    "ProductName": "SK매직 GRA-B3218D 일반구매",
    "ReviewScore": "3",
    "Syllable": "76",
    "Word": "16",
    "RDate": "20191016",
    "Aspects": [
      {
        "Aspect": "기능",
        "SentimentText": "점화나 원터치 기능은 만족스럽습니다 ",
        "SentimentWord": "4",
        "SentimentPolarity": "1"
      },
      {
        "Aspect": "디자인",
        "SentimentText": "한가지 아쉬운점은 디자인이 사진과 좀 많이 달라 덜 고급스러워 실망입니다!...-_-;",
        "SentimentWord": "10",
        "SentimentPolarity": "-1"
      }
    ]
  },
  {
    "Index": "25462",
    "RawText": "화력도좋고 원터치방식이라 힘안주고 돌려도 잘 되서 편안합니다. 많이 파세요.",
    "Source": "쇼핑몰",
    "Domain": "가전",
    "MainCategory": "주방가전",
    "ProductName": "SK매직 GRA-B3218D 일반구매",
    "ReviewScore": "5",
    "Syllable": "42",
    "Word": "9",
    "RDate": "20200425",
    "GeneralPolarity": "1",
    "Aspects": [
      {
        "Aspect": "기능",
        "SentimentText": "화력도 좋고",
        "SentimentWord": "2",
        "SentimentPolarity": "1"
      },
      {
        "Aspect": "조작성",
        "SentimentText": "원터치방식이라 힘안주고 돌려도 잘 되서 편안합니다. 많이 파세요.",
        "SentimentWord": "8",
        "SentimentPolarity": "1"
      }
    ]
  },
  {
    "Index": "25464",
    "RawText": "실제 사이즈가 조금 작아서 당황스러웠지만 잘 사용하고 있어요. 아직까지 사용해보니 불편한점은 없어서 다행이예요. 내구성도 아주 튼튼한것 같아 좋습니다.",
    "Source": "쇼핑몰",
    "Domain": "가전",
    "MainCategory": "주방가전",
    "ProductName": "SK매직 GRA-B3218D 일반구매",
    "ReviewScore": "4",
    "Syllable": "84",
    "Word": "18",
    "RDate": "20201013",
    "GeneralPolarity": "1",
    "Aspects": [
      {
        "Aspect": "사이즈",
        "SentimentText": "실제 사이즈가 조금 작아서 당황스러웠지만 잘 사용하고 있어요.",
        "SentimentWord": "8",
        "SentimentPolarity": "0"
      },
      {
        "Aspect": "내구성",
        "SentimentText": "내구성도 아주 튼튼한것 같아 좋습니다.",
        "SentimentWord": "5",
        "SentimentPolarity": "1"
      }
    ]
  },
  {
    "Index": "25465",
    "RawText": "설치 할 곳에 사이즈도 딱 맞아 마음에 듭니다 .화력도 약해 보이지 않아 좋습니다 블랙색상으로 하니깐 확실히  기스 날까봐 신경쓰이네요",
    "Source": "쇼핑몰",
    "Domain": "가전",
    "MainCategory": "주방가전",
    "ProductName": "SK매직 GRA-B3218D 일반구매",
    "ReviewScore": "5",
    "Syllable": "75",
    "Word": "19",
    "RDate": "20190627",
    "GeneralPolarity": "1",
    "Aspects": [
      {
        "Aspect": "사이즈",
        "SentimentText": "설치할 곳에 사이즈도 딱 맞아 마음에 듭니다",
        "SentimentWord": "7",
        "SentimentPolarity": "1"
      },
      {
        "Aspect": "기능",
        "SentimentText": "화력도 약해 보이지 않아 좋습니다 ",
        "SentimentWord": "5",
        "SentimentPolarity": "1"
      },
      {
        "Aspect": "색상",
        "SentimentText": " 블랙색상으로 하니깐 확실히  기스 날까봐 신경쓰이네요",
        "SentimentWord": "6",
        "SentimentPolarity": "0"
      }
    ]
  },
  {
    "Index": "25466",
    "RawText": "사이즈도 다행히 잘 맞았어요^^ 원래 있던 자리처럼 착 맞아서 기분 좋았네요~ 원터치 점화기능이라 편리하니 좋습니다~ 이정도면 저렴하게 잘 구매했다는 생각이 드네요. 배송도 빠르고 안전하게 와서 더 좋았어요^^",
    "Source": "쇼핑몰",
    "Domain": "가전",
    "MainCategory": "주방가전",
    "ProductName": "SK매직 GRA-B3218D 일반구매",
    "ReviewScore": "5",
    "Syllable": "117",
    "Word": "27",
    "RDate": "20190209",
    "Aspects": [
      {
        "Aspect": "사이즈",
        "SentimentText": "사이즈도 다행히 잘 맞았어요^^ 원래 있던 자리처럼 착 맞아서 기분 좋았네요~",
        "SentimentWord": "11",
        "SentimentPolarity": "1"
      },
      {
        "Aspect": "기능",
        "SentimentText": "원터치 점화기능이라 편리하니 좋습니다~",
        "SentimentWord": "4",
        "SentimentPolarity": "1"
      },
      {
        "Aspect": "가격",
        "SentimentText": "이정도면 저렴하게 잘 구매했다는 생각이 드네요. ",
        "SentimentWord": "6",
        "SentimentPolarity": "1"
      }
    ]
  },
  {
    "Index": "25467",
    "RawText": "제품 자체는 사용해보니 품질도 좋고 대체로 만족합니다. 가스불 켤때 바람소리같이 소음이 좀 있네요....ㅠ",
    "Source": "쇼핑몰",
    "Domain": "가전",
    "MainCategory": "주방가전",
    "ProductName": "SK매직 GRA-B3218D 일반구매",
    "ReviewScore": "4",
    "Syllable": "59",
    "Word": "13",
    "RDate": "20171223",
    "Aspects": [
      {
        "Aspect": "품질",
        "SentimentText": "제품 자체는 사용해보니 품질도 좋고 대체로 만족합니다.",
        "SentimentWord": "7",
        "SentimentPolarity": "1"
      },
      {
        "Aspect": "소음",
        "SentimentText": "가스불 켤때 바람소리같이 소음이 좀 있네요....ㅠ",
        "SentimentWord": "6",
        "SentimentPolarity": "-1"
      }
    ]
  },
  {
    "Index": "25469",
    "RawText": "상품 이상없이 품질 좋아요  전에 쓰던 기구보다 불꽃이 옆으로 퍼지네요  전에 사용한 상품보다 성능이 떨어지는 것같아 실망 입니다",
    "Source": "쇼핑몰",
    "Domain": "가전",
    "MainCategory": "주방가전",
    "ProductName": "SK매직 GRA-B3218D 일반구매",
    "ReviewScore": "5",
    "Syllable": "72",
    "Word": "18",
    "RDate": "20220810",
    "Aspects": [
      {
        "Aspect": "품질",
        "SentimentText": "상품 이상없이 품질 좋아요  ",
        "SentimentWord": "4",
        "SentimentPolarity": "1"
      },
      {
        "Aspect": "기능",
        "SentimentText": "전에 사용한 상품보다 성능이 떨어지는 것 같아 실망입니다",
        "SentimentWord": "8",
        "SentimentPolarity": "-1"
      }
    ]
  },
  {
    "Index": "25470",
    "RawText": "기본 기능중에서 약불되는게 제일 좋아요! 건전지는 얼마나 사용가능할지 모르겠지만 전력소모는 적은것 같아요. 강추 할께요^^",
    "Source": "쇼핑몰",
    "Domain": "가전",
    "MainCategory": "주방가전",
    "ProductName": "SK매직 GRA-B3218D 일반구매",
    "ReviewScore": "5",
    "Syllable": "68",
    "Word": "14",
    "RDate": "20190103",
    "GeneralPolarity": "1",
    "Aspects": [
      {
        "Aspect": "기능",
        "SentimentText": "기본 기능중에서 약불되는게 제일 좋아요",
        "SentimentWord": "5",
        "SentimentPolarity": "1"
      },
      {
        "Aspect": "소비전력",
        "SentimentText": "건전지는 얼마나 사용가능할지 모르겠지만 전력소모는 적은것 같아요. 강추 할께요^^",
        "SentimentWord": "9",
        "SentimentPolarity": "1"
      }
    ]
  },
  {
    "Index": "25472",
    "RawText": "가스업체에서 호스연결을 하지 않아 원하는 제자리에 설치하지 않았지만 디자인도 예쁘고 가격도 마음에 듭니다.",
    "Source": "쇼핑몰",
    "Domain": "가전",
    "MainCategory": "주방가전",
    "ProductName": "SK매직 GRA-B3218D 일반구매",
    "ReviewScore": "5",
    "Syllable": "59",
    "Word": "13",
    "RDate": "20191014",
    "GeneralPolarity": "1",
    "Aspects": [
      {
        "Aspect": "디자인",
        "SentimentText": "디자인도 예쁘고",
        "SentimentWord": "2",
        "SentimentPolarity": "1"
      },
      {
        "Aspect": "가격",
        "SentimentText": "가격도 마음에 듭니다.",
        "SentimentWord": "3",
        "SentimentPolarity": "1"
      }
    ]
  },
  {
    "Index": "25473",
    "RawText": "일단 합리적인 소비를 한것 같아서 가격이 너무 좋아요. 제품도 내구성이 탄탄해서 너무 만족스러워요.",
    "Source": "쇼핑몰",
    "Domain": "가전",
    "MainCategory": "주방가전",
    "ProductName": "SK매직 GRA-B3218D 일반구매",
    "ReviewScore": "5",
    "Syllable": "55",
    "Word": "13",
    "RDate": "20180908",
    "GeneralPolarity": "1",
    "Aspects": [
      {
        "Aspect": "가격",
        "SentimentText": "일단 합리적인 소비를 한것 같아서 가격이 너무 좋아요.",
        "SentimentWord": "8",
        "SentimentPolarity": "1"
      },
      {
        "Aspect": "내구성",
        "SentimentText": "제품도 내구성이 탄탄해서 너무 만족스러워요.",
        "SentimentWord": "5",
        "SentimentPolarity": "1"
      }
    ]
  },
  {
    "Index": "25474",
    "RawText": "사용하던 어머니댁 가스렌지 고장이 나서  바꿔 드렸어요^^ 설치도 간단해서 좋았어요 ~~더  마음에 드는 건 특가 세일로  착한가격에 구매해서  좋았습니다",
    "Source": "쇼핑몰",
    "Domain": "가전",
    "MainCategory": "주방가전",
    "ProductName": "SK매직 GRA-B3218D 일반구매",
    "ReviewScore": "5",
    "Syllable": "86",
    "Word": "19",
    "RDate": "20210909",
    "GeneralPolarity": "1",
    "Aspects": [
      {
        "Aspect": "조작성",
        "SentimentText": " 설치도 간단해서 좋았어요 ~~",
        "SentimentWord": "4",
        "SentimentPolarity": "1"
      },
      {
        "Aspect": "가격",
        "SentimentText": "더  마음에 드는 건 특가 세일로 착한가격에 구매해서  좋았습니다",
        "SentimentWord": "9",
        "SentimentPolarity": "1"
      }
    ]
  },
  {
    "Index": "25477",
    "RawText": "요리를 할때보면 복사열이 하부쪽에 많이 발생하여 항상 요리할때 좀 불안합니다. 가스불 켤때 바람소리같이 소음이 좀 있어요ㅠㅠ",
    "Source": "쇼핑몰",
    "Domain": "가전",
    "MainCategory": "주방가전",
    "ProductName": "SK매직 GRA-B3218D 일반구매",
    "ReviewScore": "3",
    "Syllable": "69",
    "Word": "16",
    "RDate": "20210208",
    "Aspects": [
      {
        "Aspect": "내구성",
        "SentimentText": "요리를 할때보면 복사열이 하부쪽에 많이 발생하여 항상 요리할때 좀 불안합니다.",
        "SentimentWord": "10",
        "SentimentPolarity": "-1"
      },
      {
        "Aspect": "소음",
        "SentimentText": "가스불 켤때 바람소리같이 소음이 좀 있어요ㅠㅠ",
        "SentimentWord": "6",
        "SentimentPolarity": "-1"
      }
    ]
  },
  {
    "Index": "25478",
    "RawText": "전에 쓰던거 가스렌이지가  고장나서  장만했는데요.. 설치는  쉽게 할수 있어 좋았습니다. 특히 약불기능 이 너무 예민해서 사용하기 불편합니다",
    "Source": "쇼핑몰",
    "Domain": "가전",
    "MainCategory": "주방가전",
    "ProductName": "SK매직 GRA-B3218D 일반구매",
    "ReviewScore": "5",
    "Syllable": "79",
    "Word": "17",
    "RDate": "20220320",
    "GeneralPolarity": "0",
    "Aspects": [
      {
        "Aspect": "조작성",
        "SentimentText": " 설치는  쉽게 할수 있어 좋았습니다",
        "SentimentWord": "5",
        "SentimentPolarity": "1"
      },
      {
        "Aspect": "기능",
        "SentimentText": " 약불기능 이 너무 예민해서 사용하기 불편합니다 ",
        "SentimentWord": "6",
        "SentimentPolarity": "-1"
      }
    ]
  },
  {
    "Index": "25479",
    "RawText": "제일 저렴한 가격에 좋은제품 구입했어요 만족스러워요^^ 색상도 블랙이라 부엌이랑도 잘 어울리고 고급스러워요 만족스럽습니다.",
    "Source": "쇼핑몰",
    "Domain": "가전",
    "MainCategory": "주방가전",
    "ProductName": "SK매직 GRA-B3218D 일반구매",
    "ReviewScore": "5",
    "Syllable": "68",
    "Word": "13",
    "RDate": "20191205",
    "GeneralPolarity": "1",
    "Aspects": [
      {
        "Aspect": "가격",
        "SentimentText": "제일 저렴한 가격에 좋은제품 구입했어요 만족스러워요^^",
        "SentimentWord": "6",
        "SentimentPolarity": "1"
      },
      {
        "Aspect": "색상",
        "SentimentText": "색상도 블랙이라 부엌이랑도 잘 어울리고 고급스러워요 만족스럽습니다.",
        "SentimentWord": "7",
        "SentimentPolarity": "1"
      }
    ]
  },
  {
    "Index": "25480",
    "RawText": "디자인이 너무 깔끔해서 좋았고요. 가격도 저렴하고 구입해서 더욱 만족스럽습니다. 다만 배송이 늦어 속상하네요",
    "Source": "쇼핑몰",
    "Domain": "가전",
    "MainCategory": "주방가전",
    "ProductName": "SK매직 GRA-B3218D 일반구매",
    "ReviewScore": "4",
    "Syllable": "60",
    "Word": "13",
    "RDate": "20191207",
    "Aspects": [
      {
        "Aspect": "디자인",
        "SentimentText": "디자인이 너무 깔끔해서 좋았고요.",
        "SentimentWord": "4",
        "SentimentPolarity": "1"
      },
      {
        "Aspect": "가격",
        "SentimentText": "가격도 저렴하고 구입해서 더욱 만족스럽습니다",
        "SentimentWord": "5",
        "SentimentPolarity": "1"
      }
    ]
  },
  {
    "Index": "25481",
    "RawText": "저렴하게 구매했는데 너무 생각한거 이상으로 만족스럽네요. 사용해 보니 화력도 쎄고 맘에 들어요 잘 사용하겠습니다.",
    "Source": "쇼핑몰",
    "Domain": "가전",
    "MainCategory": "주방가전",
    "ProductName": "SK매직 GRA-B3218D 일반구매",
    "ReviewScore": "5",
    "Syllable": "63",
    "Word": "14",
    "RDate": "20220225",
    "GeneralPolarity": "1",
    "Aspects": [
      {
        "Aspect": "가격",
        "SentimentText": "저렴하게 구매했는데 너무 생각한거 이상으로 만족스럽네요.",
        "SentimentWord": "6",
        "SentimentPolarity": "1"
      },
      {
        "Aspect": "기능",
        "SentimentText": "사용해 보니 화력도 쎄고 맘에 들어요 잘 사용하겠습니다.",
        "SentimentWord": "8",
        "SentimentPolarity": "1"
      }
    ]
  },
  {
    "Index": "25482",
    "RawText": "택배로 받는거라 좀 그랬는데 제품 디자인이  깔끔하고 좋습니다. 블랙이 고급스러워보이고 깔끔해보입니다",
    "Source": "쇼핑몰",
    "Domain": "가전",
    "MainCategory": "주방가전",
    "ProductName": "SK매직 GRA-B3218D 일반구매",
    "ReviewScore": "5",
    "Syllable": "56",
    "Word": "11",
    "RDate": "20210129",
    "Aspects": [
      {
        "Aspect": "디자인",
        "SentimentText": "제품 디자인이 깔끔하고 좋습니다.",
        "SentimentWord": "4",
        "SentimentPolarity": "1"
      },
      {
        "Aspect": "색상",
        "SentimentText": "블랙이 고급스러워보이고 깔끔해보입니다",
        "SentimentWord": "3",
        "SentimentPolarity": "1"
      }
    ]
  },
  {
    "Index": "25483",
    "RawText": "착한가격에 만족스러운 제품을 사서 너무 좋아요. 배송도 굉장히 빠르고 안전하게 와서 좋았어요. 화력도 좋고 아주 만족합니다^^",
    "Source": "쇼핑몰",
    "Domain": "가전",
    "MainCategory": "주방가전",
    "ProductName": "SK매직 GRA-B3218D 일반구매",
    "ReviewScore": "5",
    "Syllable": "70",
    "Word": "16",
    "RDate": "20220117",
    "Aspects": [
      {
        "Aspect": "가격",
        "SentimentText": "착한가격에 만족스러운 제품을 사서 너무 좋아요.",
        "SentimentWord": "6",
        "SentimentPolarity": "1"
      },
      {
        "Aspect": "기능",
        "SentimentText": "화력도 좋고 아주 만족합니다^^",
        "SentimentWord": "4",
        "SentimentPolarity": "1"
      }
    ]
  },
  {
    "Index": "25484",
    "RawText": "화력도 좋고 기능도 좋은것 같아 쓸만해요    디자인도 생각보다 마음데 듭니다  가격도 나쁘지 않은 것 같아 그냥그냥 싼 가격에 쓸만해요",
    "Source": "쇼핑몰",
    "Domain": "가전",
    "MainCategory": "주방가전",
    "ProductName": "SK매직 GRA-B3218D 일반구매",
    "ReviewScore": "5",
    "Syllable": "76",
    "Word": "19",
    "RDate": "20180727",
    "GeneralPolarity": "1",
    "Aspects": [
      {
        "Aspect": "기능",
        "SentimentText": "화력도 좋고 기능도 좋은것 같아 쓸만해요 ",
        "SentimentWord": "6",
        "SentimentPolarity": "1"
      },
      {
        "Aspect": "디자인",
        "SentimentText": "디자인도 생각보다 마음데 듭니다",
        "SentimentWord": "4",
        "SentimentPolarity": "1"
      },
      {
        "Aspect": "가격",
        "SentimentText": "가격도 나쁘지 않은 것 같아 그냥그냥 싼 가격에 쓸만해요",
        "SentimentWord": "9",
        "SentimentPolarity": "0"
      }
    ]
  },
  {
    "Index": "25485",
    "RawText": "원터치 점화기능도 좋고 화력도 쎄고 깔끔합니다.가격도 저렴하고 좋네요",
    "Source": "쇼핑몰",
    "Domain": "가전",
    "MainCategory": "주방가전",
    "ProductName": "SK매직 GRA-B3218D 일반구매",
    "ReviewScore": "5",
    "Syllable": "38",
    "Word": "8",
    "RDate": "20220427",
    "Aspects": [
      {
        "Aspect": "기능",
        "SentimentText": "원터치 점화기능도 좋고 화력도 쎄고 깔끔합니다.",
        "SentimentWord": "6",
        "SentimentPolarity": "1"
      },
      {
        "Aspect": "가격",
        "SentimentText": "가격도 저렴하고 좋네요",
        "SentimentWord": "3",
        "SentimentPolarity": "1"
      }
    ]
  },
  {
    "Index": "25486",
    "RawText": "기존 것 보다 화력이 세서 좋아요. 디자인도 마음에 듭니다.",
    "Source": "쇼핑몰",
    "Domain": "가전",
    "MainCategory": "주방가전",
    "ProductName": "SK매직 GRA-B3218D 일반구매",
    "ReviewScore": "5",
    "Syllable": "33",
    "Word": "9",
    "RDate": "20180429",
    "GeneralPolarity": "1",
    "Aspects": [
      {
        "Aspect": "기능",
        "SentimentText": "기존 것 보다 화력이 세서 좋아요",
        "SentimentWord": "6",
        "SentimentPolarity": "1"
      },
      {
        "Aspect": "디자인",
        "SentimentText": "디자인도 마음에 듭니다.",
        "SentimentWord": "3",
        "SentimentPolarity": "1"
      }
    ]
  },
  {
    "Index": "25487",
    "RawText": "화력이 정말 쎄고 좋아요. 가격은 두말할것도 없이 넘 만족스러운 제품이네요 오히려 가격이 넘 싸서 정품이 맞는지 의심했다니까요ㅎㅎ 만족스러워요!",
    "Source": "쇼핑몰",
    "Domain": "가전",
    "MainCategory": "주방가전",
    "ProductName": "SK매직 GRA-B3218D 일반구매",
    "ReviewScore": "5",
    "Syllable": "80",
    "Word": "18",
    "RDate": "20180703",
    "GeneralPolarity": "1",
    "Aspects": [
      {
        "Aspect": "기능",
        "SentimentText": "화력이 정말 쎄고 좋아요. ",
        "SentimentWord": "4",
        "SentimentPolarity": "1"
      },
      {
        "Aspect": "가격",
        "SentimentText": "가격은 두말할것도 없이 넘 만족스러운 제품이네요 오히려 가격이 넘 싸서 정품이 맞는지 의심했다니까요ㅎㅎ 만족스러워요!",
        "SentimentWord": "14",
        "SentimentPolarity": "1"
      }
    ]
  },
  {
    "Index": "25488",
    "RawText": "왜케 화력이 센지...감동입니다 디자인도 깔끔해요^^만족스럽네요",
    "Source": "쇼핑몰",
    "Domain": "가전",
    "MainCategory": "주방가전",
    "ProductName": "SK매직 GRA-BA300A 빌트인",
    "ReviewScore": "5",
    "Syllable": "35",
    "Word": "5",
    "RDate": "20220519",
    "Aspects": [
      {
        "Aspect": "기능",
        "SentimentText": "왜케 화력이 센지...감동입니다",
        "SentimentWord": "3",
        "SentimentPolarity": "1"
      },
      {
        "Aspect": "디자인",
        "SentimentText": "디자인도 깔끔해요^^만족스럽네요",
        "SentimentWord": "2",
        "SentimentPolarity": "1"
      }
    ]
  },
  {
    "Index": "25489",
    "RawText": "ㅎ화력도 세고 약불모드도 좋고 가스불이 바로 붙어요! 사용해보니 점화되는 시간도 빠르고 좋아 요리할때 시간이 더 단축되는것 같아요. 너무 좋네요^^",
    "Source": "쇼핑몰",
    "Domain": "가전",
    "MainCategory": "주방가전",
    "ProductName": "SK매직 GRA-BA300A 빌트인",
    "ReviewScore": "5",
    "Syllable": "82",
    "Word": "19",
    "RDate": "20220527",
    "Aspects": [
      {
        "Aspect": "기능",
        "SentimentText": "ㅎ화력도 세고 약불모드도 좋고 가스불이 바로 붙어요!",
        "SentimentWord": "7",
        "SentimentPolarity": "1"
      },
      {
        "Aspect": "시간/속도",
        "SentimentText": "사용해보니 점화되는 시간도 빠르고 좋아 요리할때 시간이 더 단축되는것 같아요. 너무 좋네요^^",
        "SentimentWord": "12",
        "SentimentPolarity": "1"
      }
    ]
  },
  {
    "Index": "25490",
    "RawText": "보기보단 디자인이 깔끔하고 음식물이 잘담깁니다 아쉬운 점은 자동가스차단기로 가스가 차단된 후에  재점화가 잘안되요",
    "Source": "쇼핑몰",
    "Domain": "가전",
    "MainCategory": "주방가전",
    "ProductName": "SK매직 GRA-BA300A 빌트인",
    "ReviewScore": "4",
    "Syllable": "63",
    "Word": "13",
    "RDate": "20210527",
    "GeneralPolarity": "0",
    "Aspects": [
      {
        "Aspect": "디자인",
        "SentimentText": "보기보단 디자인이 깔끔하고 ",
        "SentimentWord": "3",
        "SentimentPolarity": "1"
      },
      {
        "Aspect": "기능",
        "SentimentText": "음식물이 잘담깁니다",
        "SentimentWord": "2",
        "SentimentPolarity": "1"
      },
      {
        "Aspect": "조작성",
        "SentimentText": "아쉬운 점은 자동가스차단기로 가스가 차단된 후에 재점화가 잘안되요",
        "SentimentWord": "8",
        "SentimentPolarity": "-1"
      }
    ]
  },
  {
    "Index": "25491",
    "RawText": "제품 하자없이 괜찮아요.....사이즈 자체가 작아서 공간을 덜 차지해서 좋긴 합니다.",
    "Source": "쇼핑몰",
    "Domain": "가전",
    "MainCategory": "주방가전",
    "ProductName": "SK매직 GRA-BA300A 빌트인",
    "ReviewScore": "1",
    "Syllable": "47",
    "Word": "10",
    "RDate": "20220717",
    "Aspects": [
      {
        "Aspect": "품질",
        "SentimentText": "제품 하자없이 괜찮아요....",
        "SentimentWord": "3",
        "SentimentPolarity": "0"
      },
      {
        "Aspect": "사이즈",
        "SentimentText": "사이즈 자체가 작아서 공간을 덜 차지해서 좋긴 합니다.",
        "SentimentWord": "8",
        "SentimentPolarity": "1"
      }
    ]
  },
  {
    "Index": "25493",
    "RawText": "전에 쓰던것 보다 디자인이 예쁩니다. 저희는 스텐제품을 써온터라 약불로 많이 썼는데 약불 전용모드가 있는 이 제품이 저희에게 딱 맞네요",
    "Source": "쇼핑몰",
    "Domain": "가전",
    "MainCategory": "주방가전",
    "ProductName": "SK매직 GRA-BA300A 빌트인",
    "ReviewScore": "5",
    "Syllable": "75",
    "Word": "19",
    "RDate": "20180713",
    "GeneralPolarity": "1",
    "Aspects": [
      {
        "Aspect": "디자인",
        "SentimentText": "전에 쓰던것 보다 디자인이 예쁩니다.",
        "SentimentWord": "5",
        "SentimentPolarity": "1"
      },
      {
        "Aspect": "기능",
        "SentimentText": "약불 전용모드가 있는 이 제품이 저희에게 딱 맞네요",
        "SentimentWord": "8",
        "SentimentPolarity": "1"
      }
    ]
  },
  {
    "Index": "25494",
    "RawText": "사이즈가 혹시 안맞으면 어쩌나 했는데 다행히 집에 있는 사이즈랑 딱 맞아서 너무 예쁘네요. 사용해보니 원터치 점화도 그렇고 약불 전용모드가 정말 좋네요.",
    "Source": "쇼핑몰",
    "Domain": "가전",
    "MainCategory": "주방가전",
    "ProductName": "SK매직 GRA-BA300A 빌트인",
    "ReviewScore": "5",
    "Syllable": "85",
    "Word": "21",
    "RDate": "20210120",
    "GeneralPolarity": "1",
    "Aspects": [
      {
        "Aspect": "사이즈",
        "SentimentText": "사이즈가 혹시 안맞으면 어쩌나 했는데 다행히 집에 있는 사이즈랑 딱 맞아서 너무 예쁘네요.",
        "SentimentWord": "13",
        "SentimentPolarity": "1"
      },
      {
        "Aspect": "기능",
        "SentimentText": "사용해보니 원터치 점화도 그렇고 약불 전용모드가 정말 좋네요.",
        "SentimentWord": "8",
        "SentimentPolarity": "1"
      }
    ]
  },
  {
    "Index": "25495",
    "RawText": "렌즈 모서리가 긁혀있는 채로 와서 좀 실망이예요 사용해보니 화력 등 성능은 잘 되어 다른곳에는 문제가 없어서 반품은 안할께요",
    "Source": "쇼핑몰",
    "Domain": "가전",
    "MainCategory": "주방가전",
    "ProductName": "SK매직 GRA-BA300A 빌트인",
    "ReviewScore": "4",
    "Syllable": "69",
    "Word": "18",
    "RDate": "20200114",
    "Aspects": [
      {
        "Aspect": "품질",
        "SentimentText": "렌즈 모서리가 긁혀있는 채로 와서 좀 실망이예요",
        "SentimentWord": "7",
        "SentimentPolarity": "-1"
      },
      {
        "Aspect": "기능",
        "SentimentText": "사용해보니 화력 등 성능은 잘 되어 다른곳에는 문제가 없어서 반품은 안할께요",
        "SentimentWord": "11",
        "SentimentPolarity": "1"
      }
    ]
  },
  {
    "Index": "25496",
    "RawText": "전에 4구썼는데 다이아몬드로 배열되어있었어서 요리할때 불편했는데 3구로 사용해보니 훌륭한 선택을 한것 같아요. 색상도 블랙 유광이라 고급스럽고 깔끔해서 마음에 들어요.",
    "Source": "쇼핑몰",
    "Domain": "가전",
    "MainCategory": "주방가전",
    "ProductName": "SK매직 GRA-BA300A 빌트인",
    "ReviewScore": "5",
    "Syllable": "93",
    "Word": "19",
    "RDate": "20200212",
    "GeneralPolarity": "1",
    "Aspects": [
      {
        "Aspect": "디자인",
        "SentimentText": "전에 4구썼는데 다이아몬드로 배열되어있었어서 요리할때 불편했는데 3구로 사용해보니 훌륭한 선택을 한것 같아요.",
        "SentimentWord": "12",
        "SentimentPolarity": "1"
      },
      {
        "Aspect": "색상",
        "SentimentText": "색상도 블랙 유광이라 고급스럽고 깔끔해서 마음에 들어요.",
        "SentimentWord": "7",
        "SentimentPolarity": "1"
      }
    ]
  },
  {
    "Index": "25497",
    "RawText": ". 배송도 빠르고 디자인도 깔끔해 좋아요. 무엇보다 화력이 세서 마음에 듭니다",
    "Source": "쇼핑몰",
    "Domain": "가전",
    "MainCategory": "주방가전",
    "ProductName": "SK매직 GRA-BA300A 빌트인",
    "ReviewScore": "5",
    "Syllable": "43",
    "Word": "11",
    "RDate": "20210109",
    "Aspects": [
      {
        "Aspect": "디자인",
        "SentimentText": "디자인도 깔끔해 좋아요.",
        "SentimentWord": "3",
        "SentimentPolarity": "1"
      },
      {
        "Aspect": "기능",
        "SentimentText": "무엇보다 화력이 세서 마음에 듭니다",
        "SentimentWord": "5",
        "SentimentPolarity": "1"
      }
    ]
  },
  {
    "Index": "25500",
    "RawText": "빌트인으로 처음해보는데 사이즈도 딱 맞아서 아주 예쁘네요^^. 불도 기존꺼보다 쎄고 약불모드도 너무 만족스러워요. 배송도 빠르고 만족함니다..^^",
    "Source": "쇼핑몰",
    "Domain": "가전",
    "MainCategory": "주방가전",
    "ProductName": "SK매직 GRA-BA300A 빌트인",
    "ReviewScore": "5",
    "Syllable": "81",
    "Word": "16",
    "RDate": "20201130",
    "Aspects": [
      {
        "Aspect": "사이즈",
        "SentimentText": "빌트인으로 처음해보는데 사이즈도 딱 맞아서 아주 예쁘네요^^.",
        "SentimentWord": "7",
        "SentimentPolarity": "1"
      },
      {
        "Aspect": "기능",
        "SentimentText": " 불도 기존꺼보다 쎄고 약불모드도 너무 만족스러워요.",
        "SentimentWord": "6",
        "SentimentPolarity": "1"
      }
    ]
  },
  {
    "Index": "25502",
    "RawText": "디자인 깔끔하니 마음에 듭니다 계속 사용해보니 내구성도 좋고 열감도 별로 없어서 너무 마음에 드네요.",
    "Source": "쇼핑몰",
    "Domain": "가전",
    "MainCategory": "주방가전",
    "ProductName": "SK매직 GRA-BA300A 빌트인",
    "ReviewScore": "5",
    "Syllable": "56",
    "Word": "14",
    "RDate": "20180613",
    "Aspects": [
      {
        "Aspect": "디자인",
        "SentimentText": "디자인 깔끔하니 마음에 듭니다",
        "SentimentWord": "4",
        "SentimentPolarity": "1"
      },
      {
        "Aspect": "내구성",
        "SentimentText": "계속 사용해보니 내구성도 좋고 열감도 별로 없어서 너무 마음에 드네요.",
        "SentimentWord": "10",
        "SentimentPolarity": "1"
      }
    ]
  },
  {
    "Index": "25503",
    "RawText": "구입후 하루만에 가격이 또 내렸어요 ㅠㅠ   모양이 깔끔하고 좋아요 고장없이 오래오래 썼으면 좋겠어요.",
    "Source": "쇼핑몰",
    "Domain": "가전",
    "MainCategory": "주방가전",
    "ProductName": "SK매직 GRA-BA300A 빌트인",
    "ReviewScore": "5",
    "Syllable": "57",
    "Word": "13",
    "RDate": "20220524",
    "Aspects": [
      {
        "Aspect": "가격",
        "SentimentText": "구입후 하루만에 가격이 또 내렸어요 ㅠㅠ ",
        "SentimentWord": "6",
        "SentimentPolarity": "-1"
      },
      {
        "Aspect": "디자인",
        "SentimentText": "모양이 깔끔하고 좋아요",
        "SentimentWord": "3",
        "SentimentPolarity": "1"
      }
    ]
  },
  {
    "Index": "25504",
    "RawText": "화력이 엄청  좋아요^^ 다만 색상이 사진으로 봤던거랑 달라서 실물을 봣을때 당황했어요 그점은 조금 아쉬워요.",
    "Source": "쇼핑몰",
    "Domain": "가전",
    "MainCategory": "주방가전",
    "ProductName": "SK매직 GRA-BA300A 빌트인",
    "ReviewScore": "5",
    "Syllable": "61",
    "Word": "14",
    "RDate": "20211121",
    "Aspects": [
      {
        "Aspect": "기능",
        "SentimentText": "화력이 엄청  좋아요^^",
        "SentimentWord": "3",
        "SentimentPolarity": "1"
      },
      {
        "Aspect": "색상",
        "SentimentText": "다만 색상이 사진으로 봤던거랑 달라서 실물을 봣을때 당황했어요 그점은 조금 아쉬워요.",
        "SentimentWord": "11",
        "SentimentPolarity": "-1"
      }
    ]
  },
  {
    "Index": "25508",
    "RawText": "전기식 전원코드 연결이라 배터리 소모 걱정없이 사용할수 있어 좋아요. 디자인도 예쁘고 고급스럽습니다. 맘에 듭니다.",
    "Source": "쇼핑몰",
    "Domain": "가전",
    "MainCategory": "주방가전",
    "ProductName": "SK매직 GRA-BA300A 빌트인",
    "ReviewScore": "5",
    "Syllable": "64",
    "Word": "14",
    "RDate": "20191021",
    "GeneralPolarity": "1",
    "Aspects": [
      {
        "Aspect": "배터리",
        "SentimentText": "전기식 전원코드 연결이라 배터리 소모 걱정없이 사용할수 있어 좋아요.",
        "SentimentWord": "9",
        "SentimentPolarity": "1"
      },
      {
        "Aspect": "디자인",
        "SentimentText": "디자인도 예쁘고 고급스럽습니다. 맘에 듭니다. ",
        "SentimentWord": "5",
        "SentimentPolarity": "1"
      }
    ]
  },
  {
    "Index": "25510",
    "RawText": "두개 동시 사용하니 확실히 끓는속도가 느려서 사용하는데 너무 번거롭고 불편해요. 그리고  1구 쪽에 요리하다 국물 넘쳤는데 꺼지지도 않고 계속 되더라구요. 내구성이 별론지..너무 불안했어요",
    "Source": "쇼핑몰",
    "Domain": "가전",
    "MainCategory": "주방가전",
    "ProductName": "SK매직 IHR-B32P1 빌트인",
    "ReviewScore": "4",
    "Syllable": "105",
    "Word": "23",
    "RDate": "20220419",
    "GeneralPolarity": "-1",
    "Aspects": [
      {
        "Aspect": "기능",
        "SentimentText": "두개 동시 사용하니 확실히 끓는속도가 느려서 사용하는데 너무 번거롭고 불편해요. ",
        "SentimentWord": "10",
        "SentimentPolarity": "-1"
      },
      {
        "Aspect": "내구성",
        "SentimentText": "1구 쪽에 요리하다 국물 넘쳤는데 꺼지지도 않고 계속 되더라구요. 내구성이 별론지..너무 불안했어요 ",
        "SentimentWord": "12",
        "SentimentPolarity": "-1"
      }
    ]
  },
  {
    "Index": "25513",
    "RawText": "가성비 있고 저렴하게 잘 구매 했습니다  친절한 기사님이 스케쥴도 잘맞추어 주셔서 만족해요 사은품도 아주 마음에 듭니다.",
    "Source": "쇼핑몰",
    "Domain": "가전",
    "MainCategory": "주방가전",
    "ProductName": "SK매직 IHR-B32P1 빌트인",
    "ReviewScore": "5",
    "Syllable": "67",
    "Word": "16",
    "RDate": "20220614",
    "Aspects": [
      {
        "Aspect": "가격",
        "SentimentText": "가성비 있고 저렴하게 잘 구매 했습니다",
        "SentimentWord": "6",
        "SentimentPolarity": "1"
      },
      {
        "Aspect": "제품구성",
        "SentimentText": "사은품도 아주 마음에 듭니다.",
        "SentimentWord": "4",
        "SentimentPolarity": "1"
      }
    ]
  },
  {
    "Index": "25514",
    "RawText": "사용법은 정말 쉬워서 인덕션 사용이 처음이었지만 금방 익숙해졌구요  물 끓이는 속도 빨라서 너무 좋아요 성능 좋습니다.",
    "Source": "쇼핑몰",
    "Domain": "가전",
    "MainCategory": "주방가전",
    "ProductName": "SK매직 IHR-B32P1 빌트인",
    "ReviewScore": "4",
    "Syllable": "66",
    "Word": "16",
    "RDate": "20220531",
    "Aspects": [
      {
        "Aspect": "조작성",
        "SentimentText": "사용법은 정말 쉬워서 인덕션 사용이 처음이었지만 금방 익숙해졌구요",
        "SentimentWord": "8",
        "SentimentPolarity": "1"
      },
      {
        "Aspect": "기능",
        "SentimentText": " 물 끓이는 속도 빨라서 너무 좋아요 성능 좋습니다.",
        "SentimentWord": "8",
        "SentimentPolarity": "1"
      }
    ]
  },
  {
    "Index": "25515",
    "RawText": "금요일에 주문했는데 월요일에 설치받아서 만족해요. 외관이 깔끔하니 좋고 사은품도 주시고 기사님도 친절하니 좋네요",
    "Source": "쇼핑몰",
    "Domain": "가전",
    "MainCategory": "주방가전",
    "ProductName": "SK매직 IHR-B32P1 빌트인",
    "ReviewScore": "5",
    "Syllable": "62",
    "Word": "13",
    "RDate": "20220530",
    "Aspects": [
      {
        "Aspect": "디자인",
        "SentimentText": "외관이 깔끔하니 좋고 ",
        "SentimentWord": "3",
        "SentimentPolarity": "1"
      },
      {
        "Aspect": "제품구성",
        "SentimentText": "사은품도 주시고  기사님도 친절하니 좋네요",
        "SentimentWord": "5",
        "SentimentPolarity": "1"
      }
    ]
  },
  {
    "Index": "25516",
    "RawText": "불조절도 잘되고 꼭 필요한 기능만으로 이루어져서 만족!! 가격도 저렴하게 구입해서 만족스러워요.",
    "Source": "쇼핑몰",
    "Domain": "가전",
    "MainCategory": "주방가전",
    "ProductName": "SK매직 IHR-B32P1 빌트인",
    "ReviewScore": "5",
    "Syllable": "53",
    "Word": "11",
    "RDate": "20220430",
    "Aspects": [
      {
        "Aspect": "기능",
        "SentimentText": "불조절도 잘되고 꼭 필요한 기능만으로 이루어져서 만족!!",
        "SentimentWord": "7",
        "SentimentPolarity": "1"
      },
      {
        "Aspect": "가격",
        "SentimentText": "가격도 저렴하게 구입해서 만족스러워요.",
        "SentimentWord": "4",
        "SentimentPolarity": "1"
      }
    ]
  },
  {
    "Index": "25517",
    "RawText": "기존 가스렌지보다 디자인이 심플해서 너무 좋아요. 청소하기도 너무 편할것 같아 잘 샀다 싶네요. 설치기사분도 친절하게 사용설명도 해주시고 좋았어요^^",
    "Source": "쇼핑몰",
    "Domain": "가전",
    "MainCategory": "주방가전",
    "ProductName": "SK매직 IHR-B32P1 빌트인",
    "ReviewScore": "5",
    "Syllable": "83",
    "Word": "18",
    "RDate": "20220725",
    "Aspects": [
      {
        "Aspect": "디자인",
        "SentimentText": "기존 가스렌지보다 디자인이 심플해서 너무 좋아요.",
        "SentimentWord": "6",
        "SentimentPolarity": "1"
      },
      {
        "Aspect": "편의성",
        "SentimentText": "청소하기도 너무 편할것 같아 잘 샀다 싶네요.",
        "SentimentWord": "7",
        "SentimentPolarity": "1"
      }
    ]
  },
  {
    "Index": "25518",
    "RawText": "인덕션 작동 시 소음이 생각보다 크지 않아 너무 좋아요. 그리고 무엇보다 화력조절도 1단계씩 할 수 있으며 안전장치도 들어가 있어서 걱정없이 사용할것 같아요. 만족스럽네요.",
    "Source": "쇼핑몰",
    "Domain": "가전",
    "MainCategory": "주방가전",
    "ProductName": "SK매직 IHR-B32P1 빌트인",
    "ReviewScore": "5",
    "Syllable": "96",
    "Word": "23",
    "RDate": "20220510",
    "GeneralPolarity": "1",
    "Aspects": [
      {
        "Aspect": "소음",
        "SentimentText": "인덕션 작동 시 소음이 생각보다 크지 않아 너무 좋아요.",
        "SentimentWord": "9",
        "SentimentPolarity": "1"
      },
      {
        "Aspect": "기능",
        "SentimentText": "화력조절도 1단계씩 할 수 있으며 안전장치도 들어가 있어서 걱정없이 사용할것 같아요. 만족스럽네요.",
        "SentimentWord": "12",
        "SentimentPolarity": "1"
      }
    ]
  },
  {
    "Index": "25519",
    "RawText": "디자인 깔끔하고 만족합니다. 배송도 빠르고 1구 인덕션 사용하다 3구 인덕션 사용해보니 훨씬 편하네요.",
    "Source": "쇼핑몰",
    "Domain": "가전",
    "MainCategory": "주방가전",
    "ProductName": "SK매직 IHR-B32P1 빌트인",
    "ReviewScore": "5",
    "Syllable": "57",
    "Word": "13",
    "RDate": "20220728",
    "Aspects": [
      {
        "Aspect": "디자인",
        "SentimentText": "디자인 깔끔하고 만족합니다.",
        "SentimentWord": "3",
        "SentimentPolarity": "1"
      },
      {
        "Aspect": "편의성",
        "SentimentText": "1구 인덕션 사용하다 3구 인덕션 사용해보니 훨씬 편하네요",
        "SentimentWord": "8",
        "SentimentPolarity": "1"
      }
    ]
  },
  {
    "Index": "25520",
    "RawText": "색상도 고급스럽고 생각한것보다 깨끗하고 깔끔합니다 너무 좋네요. 성능은 아직 테스트중이라 좀더 봐야할 것 같네요. 소재도 세라믹재질이라 내구성에도 탄탄한것 같아서 만족합니다",
    "Source": "쇼핑몰",
    "Domain": "가전",
    "MainCategory": "주방가전",
    "ProductName": "SK매직 IHR-B32P1 빌트인",
    "ReviewScore": "5",
    "Syllable": "96",
    "Word": "20",
    "RDate": "20220418",
    "GeneralPolarity": "1",
    "Aspects": [
      {
        "Aspect": "색상",
        "SentimentText": "색상도 고급스럽고 생각한것보다 깨끗하고 깔끔합니다 너무 좋네요.",
        "SentimentWord": "7",
        "SentimentPolarity": "1"
      },
      {
        "Aspect": "소재",
        "SentimentText": "소재도 세라믹재질이라 내구성에도 탄탄한것 같아서 만족합니다",
        "SentimentWord": "6",
        "SentimentPolarity": "1"
      },
      {
        "Aspect": "내구성",
        "SentimentText": "내구성에도 탄탄한것 같아서 만족합니다",
        "SentimentWord": "4",
        "SentimentPolarity": "1"
      }
    ]
  },
  {
    "Index": "25521",
    "RawText": "안전장치도 잘 되어있고 딱 필요한 것만 있네요~ 온도가 단계별로 있는데 생각한거보단 작동시간이 오래걸려서 그건 좀 아쉬웠어요",
    "Source": "쇼핑몰",
    "Domain": "가전",
    "MainCategory": "주방가전",
    "ProductName": "SK매직 IHR-B32P1 빌트인",
    "ReviewScore": "5",
    "Syllable": "69",
    "Word": "16",
    "RDate": "20220612",
    "Aspects": [
      {
        "Aspect": "기능",
        "SentimentText": "안전장치도 잘 되어있고 딱 필요한 것만 있네요~",
        "SentimentWord": "7",
        "SentimentPolarity": "1"
      },
      {
        "Aspect": "시간/속도",
        "SentimentText": "온도가 단계별로 있는데 생각한거보단 작동시간이 오래걸려서 그건 좀 아쉬웠어요",
        "SentimentWord": "9",
        "SentimentPolarity": "-1"
      }
    ]
  },
  {
    "Index": "25522",
    "RawText": "9단계 이하에서는 최대전력이 시간단위로 끊어지는 방식이라 아쉽네요. 중간에 자꾸 끊어져서 불편해요.",
    "Source": "쇼핑몰",
    "Domain": "가전",
    "MainCategory": "주방가전",
    "ProductName": "SK매직 IHR-B32P1 빌트인",
    "ReviewScore": "5",
    "Syllable": "55",
    "Word": "11",
    "RDate": "20220608",
    "GeneralPolarity": "-1",
    "Aspects": [
      {
        "Aspect": "소비전력",
        "SentimentText": "9단계 이하에서는 최대전력이 시간단위로 끊어지는 방식이라 아쉽네요",
        "SentimentWord": "7",
        "SentimentPolarity": "-1"
      },
      {
        "Aspect": "편의성",
        "SentimentText": "중간에 자꾸 끊어져서 불편해요",
        "SentimentWord": "4",
        "SentimentPolarity": "-1"
      }
    ]
  },
  {
    "Index": "25523",
    "RawText": "디자인 고급스럽고 깔끔해서 좋았어요. 다만 터치스크린이 눈에 잘 안보이는데 그게 생각보다 많이 불편합니다. 또 생각보다 화력이 세지 않아 사용할때 좀 답답합니다. 설치기사분은 넘 친절하게 설치해주시고 설명해주시고 가셨어요^^",
    "Source": "쇼핑몰",
    "Domain": "가전",
    "MainCategory": "주방가전",
    "ProductName": "SK매직 IHR-B32P1 빌트인",
    "ReviewScore": "4",
    "Syllable": "125",
    "Word": "27",
    "RDate": "20220722",
    "Aspects": [
      {
        "Aspect": "디자인",
        "SentimentText": "디자인 고급스럽고 깔끔해서 좋았어요.",
        "SentimentWord": "4",
        "SentimentPolarity": "1"
      },
      {
        "Aspect": "조작성",
        "SentimentText": "다만 터치스크린이 눈에 잘 안보이는데 그게 생각보다 많이 불편합니다.",
        "SentimentWord": "9",
        "SentimentPolarity": "-1"
      },
      {
        "Aspect": "기능",
        "SentimentText": "생각보다 화력이 세지 않아 사용할때 좀 답답합니다. ",
        "SentimentWord": "7",
        "SentimentPolarity": "-1"
      }
    ]
  },
  {
    "Index": "25525",
    "RawText": "설치기사님 넘 친절하셨고 원하는 날짜에 방문해서 설치해주셨어요 너무 좋아요~ 전에 가스렌지 쓸때는 청소하기가 불편했는데 사진처럼 물수건으로 쓱쓱 닦기만 했는데도 정말 편하고 좋습니다~ 성능도 이정도면 너무 좋고 고민하시는분들 적극 추천드려요~^^",
    "Source": "쇼핑몰",
    "Domain": "가전",
    "MainCategory": "주방가전",
    "ProductName": "SK매직 IHR-B32P1 빌트인",
    "ReviewScore": "5",
    "Syllable": "137",
    "Word": "29",
    "RDate": "20220701",
    "Aspects": [
      {
        "Aspect": "편의성",
        "SentimentText": "전에 가스렌지 쓸때는 청소하기가 불편했는데 사진처럼 물수건으로 쓱쓱 닦기만 했는데도 정말 편하고 좋습니다~",
        "SentimentWord": "13",
        "SentimentPolarity": "1"
      },
      {
        "Aspect": "기능",
        "SentimentText": "성능도 이정도면 너무 좋고 고민하시는분들 적극 추천드려요~^^",
        "SentimentWord": "7",
        "SentimentPolarity": "1"
      }
    ]
  },
  {
    "Index": "25528",
    "RawText": "편수에 물끓였더니 가스랑 별반차이없는거 같아요...ㅠㅠ 성능 실망... 제품 작동시 소리가 넘 커서 귀가 아플지경임.. 인덕션도 믿고 구매했는데...솔직히 매우 실망스럽습니다 ㅜㅠ",
    "Source": "쇼핑몰",
    "Domain": "가전",
    "MainCategory": "주방가전",
    "ProductName": "SK매직 IHR-B32P1 빌트인",
    "ReviewScore": "3",
    "Syllable": "100",
    "Word": "20",
    "RDate": "20220730",
    "Aspects": [
      {
        "Aspect": "기능",
        "SentimentText": "편수에 물끓였더니 가스랑 별반차이없는거 같아요...ㅠㅠ 성능 실망... ",
        "SentimentWord": "7",
        "SentimentPolarity": "-1"
      },
      {
        "Aspect": "소음",
        "SentimentText": "제품 작동시 소리가 넘 커서 귀가 아플지경임.. 인덕션도 믿고 구매했는데...솔직히 매우 실망스럽습니다 ㅜㅠ",
        "SentimentWord": "13",
        "SentimentPolarity": "-1"
      }
    ]
  },
  {
    "Index": "25529",
    "RawText": "하이라이트하고 비슷하게 소음 발생하네요ㅠㅠ  그래도 디자인이 너무 깔끔하고 마음에 들어요~",
    "Source": "쇼핑몰",
    "Domain": "가전",
    "MainCategory": "주방가전",
    "ProductName": "SK매직 IHR-B32P1 빌트인",
    "ReviewScore": "5",
    "Syllable": "50",
    "Word": "10",
    "RDate": "20220730",
    "Aspects": [
      {
        "Aspect": "소음",
        "SentimentText": "하이라이트하고 비슷하게 소음 발생하네요ㅠㅠ",
        "SentimentWord": "4",
        "SentimentPolarity": "-1"
      },
      {
        "Aspect": "디자인",
        "SentimentText": "디자인이 너무 깔끔하고 마음에 들어요~",
        "SentimentWord": "5",
        "SentimentPolarity": "1"
      }
    ]
  },
  {
    "Index": "25530",
    "RawText": "배송 예정 날짜에 정확하게 연락 온 뒤 배송되어서 좋았어요 설치하러 오신 기사님도 너무 친절하게 잘 설치해주고 가셔서 만족. 저렴한 가격에 너무 잘사서 너무 좋음. 거기다 성능은 말할 것 없이 화력도 좋고 온도단계도 훌륭해서 만족스러움. 또 거기다 관리하기가 너무 편해서 청소하는게 어렵지 않아서 너무 좋다.",
    "Source": "쇼핑몰",
    "Domain": "가전",
    "MainCategory": "주방가전",
    "ProductName": "SK매직 IHR-B32P1 빌트인",
    "ReviewScore": "5",
    "Syllable": "172",
    "Word": "44",
    "RDate": "20220612",
    "Aspects": [
      {
        "Aspect": "가격",
        "SentimentText": "저렴한 가격에 너무 잘사서 너무 좋음",
        "SentimentWord": "6",
        "SentimentPolarity": "1"
      },
      {
        "Aspect": "기능",
        "SentimentText": "거기다 성능은 말할 것 없이 화력도 좋고 온도단계도 훌륭해서 만족스러움.",
        "SentimentWord": "10",
        "SentimentPolarity": "1"
      },
      {
        "Aspect": "편의성",
        "SentimentText": "거기다 관리하기가 너무 편해서 청소하는게 어렵지 않아서 너무 좋다.",
        "SentimentWord": "9",
        "SentimentPolarity": "1"
      }
    ]
  },
  {
    "Index": "25531",
    "RawText": "저렴한 가격에 득템했네요^^그리고 디자인 깔끔한 인덕션으로 교체하니 좋아요 무엇보다도 주방이 환해졌어요",
    "Source": "쇼핑몰",
    "Domain": "가전",
    "MainCategory": "주방가전",
    "ProductName": "SK매직 IHR-B32P1 빌트인",
    "ReviewScore": "5",
    "Syllable": "57",
    "Word": "11",
    "RDate": "20220413",
    "Aspects": [
      {
        "Aspect": "가격",
        "SentimentText": "저렴한 가격에 득템했네요^^",
        "SentimentWord": "3",
        "SentimentPolarity": "1"
      },
      {
        "Aspect": "디자인",
        "SentimentText": "디자인 깔끔한 인덕션으로 교체하니  좋아요",
        "SentimentWord": "5",
        "SentimentPolarity": "1"
      }
    ]
  },
  {
    "Index": "25532",
    "RawText": "착한가격에 잘샀구요  디자인이 깔끔하고 고급스러워서 좋네요. 잘쓸게요.",
    "Source": "쇼핑몰",
    "Domain": "가전",
    "MainCategory": "주방가전",
    "ProductName": "SK매직 IHR-B32P1 빌트인",
    "ReviewScore": "5",
    "Syllable": "39",
    "Word": "7",
    "RDate": "20220524",
    "Aspects": [
      {
        "Aspect": "가격",
        "SentimentText": "착한가격에 잘샀구요",
        "SentimentWord": "2",
        "SentimentPolarity": "1"
      },
      {
        "Aspect": "디자인",
        "SentimentText": "디자인이 깔끔하고 고급스러워서 좋네요. 잘쓸게요.",
        "SentimentWord": "5",
        "SentimentPolarity": "1"
      }
    ]
  },
  {
    "Index": "25533",
    "RawText": "부모님댁에 선물하여 보내드렸는데 디자인도 고급스럽다고 좋아하시네요. 인덕션이라 내구성도 탄탄하고 가스냄새 안맡아도 된다고 너무 좋아하시네요 ^^",
    "Source": "쇼핑몰",
    "Domain": "가전",
    "MainCategory": "주방가전",
    "ProductName": "SK매직 IHR-B32P1 빌트인",
    "ReviewScore": "5",
    "Syllable": "80",
    "Word": "15",
    "RDate": "20220807",
    "GeneralPolarity": "1",
    "Aspects": [
      {
        "Aspect": "디자인",
        "SentimentText": "부모님댁에 선물하여 보내드렸는데 디자인도 고급스럽다고 좋아하시네요.",
        "SentimentWord": "6",
        "SentimentPolarity": "1"
      },
      {
        "Aspect": "내구성",
        "SentimentText": "인덕션이라 내구성도 탄탄하고 가스냄새 안맡아도 된다고 너무 좋아하시네요 ^^",
        "SentimentWord": "9",
        "SentimentPolarity": "1"
      }
    ]
  },
  {
    "Index": "25534",
    "RawText": "생각보다 소음 없어서 굿! 사이즈도 꼭 맞춤처럼 아주 찰떡같이 맞아서 너무 좋아요",
    "Source": "쇼핑몰",
    "Domain": "가전",
    "MainCategory": "주방가전",
    "ProductName": "SK매직 IHR-B32P1 빌트인",
    "ReviewScore": "5",
    "Syllable": "45",
    "Word": "12",
    "RDate": "20220825",
    "Aspects": [
      {
        "Aspect": "소음",
        "SentimentText": "생각보다 소음 없어서 굿!",
        "SentimentWord": "4",
        "SentimentPolarity": "1"
      },
      {
        "Aspect": "사이즈",
        "SentimentText": "사이즈도 꼭 맞춤처럼 아주 찰떡같이 맞아서 너무 좋아요",
        "SentimentWord": "8",
        "SentimentPolarity": "1"
      }
    ]
  },
  {
    "Index": "25535",
    "RawText": "직접 설치하는데 별로 어렵지않았어요~ 간단하게 했네요 ㅎ 다만 혼자 하기엔 어려울 수도 있는 무게여서 애좀 먹었네요. 그래도 잘 쓰겠습니다.",
    "Source": "쇼핑몰",
    "Domain": "가전",
    "MainCategory": "주방가전",
    "ProductName": "SK매직 IHR-B32P1 빌트인",
    "ReviewScore": "4",
    "Syllable": "78",
    "Word": "19",
    "RDate": "20220518",
    "Aspects": [
      {
        "Aspect": "조작성",
        "SentimentText": "직접 설치하는데 별로 어렵지않았어요~ 간단하게 했네요 ㅎ",
        "SentimentWord": "7",
        "SentimentPolarity": "1"
      },
      {
        "Aspect": "무게",
        "SentimentText": "다만 혼자 하기엔 어려울 수도 있는 무게여서 애좀 먹었네요.",
        "SentimentWord": "9",
        "SentimentPolarity": "0"
      }
    ]
  },
  {
    "Index": "25536",
    "RawText": "인덕션 작동 시 소음도 크지 않아서 만족~  색상도 블랙이라 깔끔하고 고급스러워 좋네요.",
    "Source": "쇼핑몰",
    "Domain": "가전",
    "MainCategory": "주방가전",
    "ProductName": "SK매직 IHR-B32P1 빌트인",
    "ReviewScore": "5",
    "Syllable": "49",
    "Word": "12",
    "RDate": "20220826",
    "Aspects": [
      {
        "Aspect": "소음",
        "SentimentText": "인덕션 작동 시 소음도 크지 않아서 만족~",
        "SentimentWord": "7",
        "SentimentPolarity": "1"
      },
      {
        "Aspect": "색상",
        "SentimentText": "색상도 블랙이라 깔끔하고 고급스러워 좋네요.",
        "SentimentWord": "5",
        "SentimentPolarity": "1"
      }
    ]
  },
  {
    "Index": "25537",
    "RawText": "사용해보니 저렴한 가격에 잘 구매한거 같아요. 디자인도 깔끔하고 고급스러워 잘 어울려 좋아요. 무엇보다 청소하기 편해서 강추예요",
    "Source": "쇼핑몰",
    "Domain": "가전",
    "MainCategory": "주방가전",
    "ProductName": "SK매직 IHR-B32P1 빌트인",
    "ReviewScore": "5",
    "Syllable": "71",
    "Word": "16",
    "RDate": "20220605",
    "GeneralPolarity": "1",
    "Aspects": [
      {
        "Aspect": "가격",
        "SentimentText": "사용해보니 저렴한 가격에 잘 구매한거 같아요.",
        "SentimentWord": "6",
        "SentimentPolarity": "1"
      },
      {
        "Aspect": "디자인",
        "SentimentText": "디자인도 깔끔하고 고급스러워 잘 어울려 좋아요. ",
        "SentimentWord": "6",
        "SentimentPolarity": "1"
      },
      {
        "Aspect": "편의성",
        "SentimentText": "무엇보다 청소하기 편해서 강추예요",
        "SentimentWord": "4",
        "SentimentPolarity": "1"
      }
    ]
  },
  {
    "Index": "25539",
    "RawText": "생각보다 훨씬 더 성능이 좋은 듯 하네요. 화력 세고 좋아요. 직접설치로 기존 제품 자리에 딱 들어가네요.설치하기 간단해요~^^",
    "Source": "쇼핑몰",
    "Domain": "가전",
    "MainCategory": "주방가전",
    "ProductName": "SK매직 IHR-B32P1 빌트인",
    "ReviewScore": "5",
    "Syllable": "71",
    "Word": "17",
    "RDate": "20220621",
    "Aspects": [
      {
        "Aspect": "기능",
        "SentimentText": "생각보다 훨씬 더 성능이 좋은 듯 하네요. 화력 세고 좋아요.",
        "SentimentWord": "10",
        "SentimentPolarity": "1"
      },
      {
        "Aspect": "조작성",
        "SentimentText": "직접설치로 기존 제품 자리에 딱 들어가네요.설치하기 간단해요~^^",
        "SentimentWord": "7",
        "SentimentPolarity": "1"
      }
    ]
  },
  {
    "Index": "25540",
    "RawText": "블랙컬러 인테리어랑 찰떡같이 어울리네요 ㅎㅎ   작동법도 의외로 쉽고 편하네요. 강추해요",
    "Source": "쇼핑몰",
    "Domain": "가전",
    "MainCategory": "주방가전",
    "ProductName": "SK매직 IHR-B32P1 빌트인",
    "ReviewScore": "5",
    "Syllable": "49",
    "Word": "10",
    "RDate": "20220619",
    "Aspects": [
      {
        "Aspect": "색상",
        "SentimentText": "블랙컬러 인테리어랑 찰떡같이 어울리네요 ㅎㅎ ",
        "SentimentWord": "5",
        "SentimentPolarity": "1"
      },
      {
        "Aspect": "조작성",
        "SentimentText": "작동법도 의외로 쉽고 편하네요. 강추해요",
        "SentimentWord": "5",
        "SentimentPolarity": "1"
      }
    ]
  },
  {
    "Index": "25541",
    "RawText": "인덕션용기성능검사도있어서 신기했어요^^  제품은 일단 깔끔하고 디자인이 마음에 쏙 드네요.",
    "Source": "쇼핑몰",
    "Domain": "가전",
    "MainCategory": "주방가전",
    "ProductName": "SK매직 IHR-B32P1 빌트인",
    "ReviewScore": "4",
    "Syllable": "50",
    "Word": "9",
    "RDate": "20220825",
    "Aspects": [
      {
        "Aspect": "기능",
        "SentimentText": "인덕션용기성능검사도있어서 신기했어요^^",
        "SentimentWord": "2",
        "SentimentPolarity": "1"
      },
      {
        "Aspect": "디자인",
        "SentimentText": "제품은 일단 깔끔하고 디자인이 마음에 쏙 드네요. ",
        "SentimentWord": "7",
        "SentimentPolarity": "1"
      }
    ]
  },
  {
    "Index": "25545",
    "RawText": "엄청 좋아요 가열도 빨라서 요리하기가 쉬워졌네요. 디자인도 깔금하니 아주 맘에 들구요. 설치도 빠르고 설치기사님도 친절히 잘 해주셨네요 대만족입니다^^",
    "Source": "쇼핑몰",
    "Domain": "가전",
    "MainCategory": "주방가전",
    "ProductName": "SK매직 IHR-B32P1 빌트인",
    "ReviewScore": "5",
    "Syllable": "84",
    "Word": "18",
    "RDate": "20220830",
    "Aspects": [
      {
        "Aspect": "기능",
        "SentimentText": "엄청 좋아요 가열도 빨라서 요리하기가 쉬워졌네요.",
        "SentimentWord": "6",
        "SentimentPolarity": "1"
      },
      {
        "Aspect": "디자인",
        "SentimentText": "디자인도 깔금하니 아주 맘에 들구요.",
        "SentimentWord": "5",
        "SentimentPolarity": "1"
      }
    ]
  },
  {
    "Index": "25547",
    "RawText": "오른쪽이 살짝 떠서 팬사용시 기름이 왼쪽으로 쏠려요 설치할때 잘못된건지 제품자체가 불량인건지... 좀 찝찝하네요.. 화력은 괜찮은데 사용하면서 계속 신경쓰여 불편해요.",
    "Source": "쇼핑몰",
    "Domain": "가전",
    "MainCategory": "주방가전",
    "ProductName": "SK매직 IHR-B32P1 빌트인",
    "ReviewScore": "4",
    "Syllable": "93",
    "Word": "19",
    "RDate": "20220728",
    "GeneralPolarity": "-1",
    "Aspects": [
      {
        "Aspect": "품질",
        "SentimentText": "오른쪽이 살짝 떠서 팬사용시 기름이 왼쪽으로 쏠려요 설치할때 잘못된건지 제품자체가 불량인건지... 좀 찝찝하네요..",
        "SentimentWord": "13",
        "SentimentPolarity": "-1"
      },
      {
        "Aspect": "기능",
        "SentimentText": "화력은 괜찮은데 사용하면서 계속 신경쓰여 불편해요.",
        "SentimentWord": "6",
        "SentimentPolarity": "0"
      }
    ]
  },
  {
    "Index": "25548",
    "RawText": "디자인 깔끔해서 너무 좋아요 사용해보니 성능도 아주 좋네요!! 마음에 들어요",
    "Source": "쇼핑몰",
    "Domain": "가전",
    "MainCategory": "주방가전",
    "ProductName": "SK매직 IHR-B32P1 빌트인",
    "ReviewScore": "5",
    "Syllable": "42",
    "Word": "10",
    "RDate": "20220712",
    "Aspects": [
      {
        "Aspect": "디자인",
        "SentimentText": "디자인 깔끔해서 너무 좋아요",
        "SentimentWord": "4",
        "SentimentPolarity": "1"
      },
      {
        "Aspect": "기능",
        "SentimentText": "사용해보니 성능도 아주 좋네요!! 마음에 들어요",
        "SentimentWord": "6",
        "SentimentPolarity": "1"
      }
    ]
  },
  {
    "Index": "25549",
    "RawText": "자동 타이머가 각각 자동으로 카운팅 시작 되는게 좋은거 같아요차감되는 시간으로 조리되는시간 체크할 수 있어 만족^^ 외관으로만 봤을때 디자인도 고급스럽고 만족스러워요^^",
    "Source": "쇼핑몰",
    "Domain": "가전",
    "MainCategory": "주방가전",
    "ProductName": "SK매직 IHR-B32P1 빌트인",
    "ReviewScore": "5",
    "Syllable": "94",
    "Word": "20",
    "RDate": "20220627",
    "Aspects": [
      {
        "Aspect": "시간/속도",
        "SentimentText": "자동 타이머가 각각 자동으로 카운팅 시작 되는게 좋은거 같아요차감되는 시간으로 조리되는시간 체크할 수 있어 만족^^",
        "SentimentWord": "15",
        "SentimentPolarity": "1"
      },
      {
        "Aspect": "디자인",
        "SentimentText": "외관으로만 봤을때 디자인도 고급스럽고 만족스러워요^^",
        "SentimentWord": "5",
        "SentimentPolarity": "1"
      }
    ]
  },
  {
    "Index": "25550",
    "RawText": "인덕션 전용 냄비, 팬을 써야하는 불편함이 있어 사용중인 팬, 냄비는 버려야해서 아쉽네요. 화력도 전기레인지가 인덕션보다 더 좋네요. 기능부분에서도 좀 많이 아쉽습니다.",
    "Source": "쇼핑몰",
    "Domain": "가전",
    "MainCategory": "주방가전",
    "ProductName": "SK매직 IHR-B32P1 빌트인",
    "ReviewScore": "3",
    "Syllable": "94",
    "Word": "21",
    "RDate": "20220602",
    "GeneralPolarity": "-1",
    "Aspects": [
      {
        "Aspect": "제품구성",
        "SentimentText": "인덕션 전용 냄비, 팬을 써야하는 불편함이 있어 사용중인 팬, 냄비는 버려야해서 아쉽네요.",
        "SentimentWord": "12",
        "SentimentPolarity": "-1"
      },
      {
        "Aspect": "기능",
        "SentimentText": "화력도 전기레인지가 인덕션보다 더 좋네요. 기능부분에서도 좀 많이 아쉽습니다.",
        "SentimentWord": "9",
        "SentimentPolarity": "-1"
      }
    ]
  },
  {
    "Index": "25551",
    "RawText": "인덕션이 갑자기 고장나서 주문했는데 디자인도 예쁘고 주방이랑 잘어울려서 좋아요. 인터페이스도 쉬워서 아주 좋네요ㅎㅎ",
    "Source": "쇼핑몰",
    "Domain": "가전",
    "MainCategory": "주방가전",
    "ProductName": "SK매직 IHR-B32P1 빌트인",
    "ReviewScore": "5",
    "Syllable": "64",
    "Word": "13",
    "RDate": "20220723",
    "GeneralPolarity": "1",
    "Aspects": [
      {
        "Aspect": "디자인",
        "SentimentText": "인덕션이 갑자기 고장나서 주문했는데 디자인도 예쁘고 주방이랑 잘어울려서 좋아요",
        "SentimentWord": "9",
        "SentimentPolarity": "1"
      },
      {
        "Aspect": "조작성",
        "SentimentText": "인터페이스도 쉬워서 아주 좋네요ㅎㅎ",
        "SentimentWord": "4",
        "SentimentPolarity": "1"
      }
    ]
  },
  {
    "Index": "25552",
    "RawText": "기능대비 가격이 저렴해요 추가적으로 사은품 냄비도 잘 쓰고 있네요 제품구성이 좋아요^^",
    "Source": "쇼핑몰",
    "Domain": "가전",
    "MainCategory": "주방가전",
    "ProductName": "SK매직 IHR-B32P1 빌트인",
    "ReviewScore": "5",
    "Syllable": "48",
    "Word": "11",
    "RDate": "20220629",
    "Aspects": [
      {
        "Aspect": "가격",
        "SentimentText": "기능대비 가격이 저렴해요",
        "SentimentWord": "3",
        "SentimentPolarity": "1"
      },
      {
        "Aspect": "제품구성",
        "SentimentText": "추가적으로 사은품 냄비도 잘 쓰고 있네요 제품구성이 좋아요^^",
        "SentimentWord": "8",
        "SentimentPolarity": "1"
      }
    ]
  },
  {
    "Index": "25553",
    "RawText": "작동법이 쉽고 정말 빨리 예열되어서 조리가 빨리서 너무 좋아요. 그리고 무엇보다 주변이 열로 인해 더워지지 않아 내구성이 너무 좋아요. 망설였던게 후회되요.",
    "Source": "쇼핑몰",
    "Domain": "가전",
    "MainCategory": "주방가전",
    "ProductName": "SK매직 IHR-B32P1 빌트인",
    "ReviewScore": "4",
    "Syllable": "87",
    "Word": "21",
    "RDate": "20220725",
    "GeneralPolarity": "1",
    "Aspects": [
      {
        "Aspect": "조작성",
        "SentimentText": "작동법이 쉽고 정말 빨리 예열되어서 조리가 빨리서 너무 좋아요. ",
        "SentimentWord": "9",
        "SentimentPolarity": "1"
      },
      {
        "Aspect": "내구성",
        "SentimentText": "주변이 열로 인해 더워지지 않아 내구성이 너무 좋아요. 망설였던게 후회되요.",
        "SentimentWord": "10",
        "SentimentPolarity": "1"
      }
    ]
  },
  {
    "Index": "25554",
    "RawText": "잘 받았습니다 디자인도 깔끔하니 좋아요 분위기가 확 살아요^^. 다만 집에 가지고 있는 후라이팬이랑 몇개 냄비가 호환이 되지않아 사용하지 못해서 그점은 좀 아쉽네요.",
    "Source": "쇼핑몰",
    "Domain": "가전",
    "MainCategory": "주방가전",
    "ProductName": "SK매직 IHR-B32P1 빌트인",
    "ReviewScore": "5",
    "Syllable": "92",
    "Word": "22",
    "RDate": "20220820",
    "GeneralPolarity": "0",
    "Aspects": [
      {
        "Aspect": "기능",
        "SentimentText": "잘 받았습니다 디자인도 깔끔하니 좋아요 분위기가 확 살아요^^. ",
        "SentimentWord": "8",
        "SentimentPolarity": "1"
      },
      {
        "Aspect": "제품구성",
        "SentimentText": "집에 가지고 있는 후라이팬이랑 몇개 냄비가 호환이 되지않아 사용하지 못해서 그점은 좀 아쉽네요.",
        "SentimentWord": "13",
        "SentimentPolarity": "-1"
      }
    ]
  },
  {
    "Index": "25555",
    "RawText": "잠깐 뭐좀 하다 조작하면 늘 잠금장치가 걸려 있어 다시풀고 요리를 해야하는 것 말고는 좋아요. 화력도 이만하면 쎄고 좋습니다.",
    "Source": "쇼핑몰",
    "Domain": "가전",
    "MainCategory": "주방가전",
    "ProductName": "SK매직 IHR-B32P1 빌트인",
    "ReviewScore": "4",
    "Syllable": "70",
    "Word": "18",
    "RDate": "20220727",
    "GeneralPolarity": "0",
    "Aspects": [
      {
        "Aspect": "기능",
        "SentimentText": "잠깐 뭐좀 하다 조작하면 늘 잠금장치가 걸려 있어 다시풀고 요리를 해야하는 것 말고는 좋아요.",
        "SentimentWord": "14",
        "SentimentPolarity": "-1"
      },
      {
        "Aspect": "기능",
        "SentimentText": "화력도 이만하면 쎄고 좋습니다. ",
        "SentimentWord": "4",
        "SentimentPolarity": "1"
      }
    ]
  },
  {
    "Index": "25556",
    "RawText": "저렴하게 좋은 제품 구입해서 너무 좋아요. 디자인이 너무 깔끔하고 고급지네요^^",
    "Source": "쇼핑몰",
    "Domain": "가전",
    "MainCategory": "주방가전",
    "ProductName": "SK매직 IHR-B32P1 빌트인",
    "ReviewScore": "5",
    "Syllable": "44",
    "Word": "10",
    "RDate": "20220617",
    "Aspects": [
      {
        "Aspect": "가격",
        "SentimentText": "저렴하게 좋은 제품 구입해서 너무 좋아요.",
        "SentimentWord": "6",
        "SentimentPolarity": "1"
      },
      {
        "Aspect": "디자인",
        "SentimentText": "디자인이 너무 깔끔하고 고급지네요^^",
        "SentimentWord": "4",
        "SentimentPolarity": "1"
      }
    ]
  },
  {
    "Index": "25557",
    "RawText": "인덕션을 작동할 때 생각보다 소리는 나지만 거슬릴정도는 아니에요 그냥저냥 쓸만해요. 추가적으로 온 사은품 냄비가 너무 좋네요",
    "Source": "쇼핑몰",
    "Domain": "가전",
    "MainCategory": "주방가전",
    "ProductName": "SK매직 IHR-B32P1 빌트인",
    "ReviewScore": "4",
    "Syllable": "69",
    "Word": "16",
    "RDate": "20220524",
    "GeneralPolarity": "0",
    "Aspects": [
      {
        "Aspect": "소음",
        "SentimentText": "인덕션을 작동할 때 생각보다 소리는 나지만 거슬릴정도는 아니에요 그냥저냥 쓸만해요.",
        "SentimentWord": "10",
        "SentimentPolarity": "0"
      },
      {
        "Aspect": "제품구성",
        "SentimentText": "추가적으로 온 사은품 냄비가 너무 좋네요",
        "SentimentWord": "6",
        "SentimentPolarity": "1"
      }
    ]
  }
]