[
  {
    "Index": "27225",
    "RawText": "직배송이 와서 안심되고 기사님들이 모두 친절해서 대단히 만족스럽습니다 ^^ 스탠드형 허리 안 굽혀도 돼서 너무 편해 좋습니다 용량도 커서 내용물을 다양하게 보관이 가능하네요",
    "Source": "쇼핑몰",
    "Domain": "가전",
    "MainCategory": "주방가전",
    "ProductName": "디오스 LG전자 김치톡톡 K331W141 (2022년형)",
    "ReviewScore": "5",
    "Syllable": "96",
    "Word": "23",
    "RDate": "20220516",
    "Aspects": [
      {
        "Aspect": "용량",
        "SentimentText": "용량도 커서 내용물을 다양하게 보관이 가능하네요",
        "SentimentWord": "6",
        "SentimentPolarity": "1"
      },
      {
        "Aspect": "편의성",
        "SentimentText": "스탠드형 허리 안 굽혀도 돼서 너무 편해 좋습니다",
        "SentimentWord": "8",
        "SentimentPolarity": "1"
      }
    ]
  },
  {
    "Index": "27227",
    "RawText": "심플한 디자인 너무너무 좋아요. 소비전력도 1등급이라서 전기료 걱정도 없어 좋은데 가격까지 저렴하게 구입해서 대만족 입니다.",
    "Source": "쇼핑몰",
    "Domain": "가전",
    "MainCategory": "주방가전",
    "ProductName": "디오스 LG전자 김치톡톡 K331W141 (2022년형)",
    "ReviewScore": "5",
    "Syllable": "69",
    "Word": "15",
    "RDate": "20220119",
    "GeneralPolarity": "1",
    "Aspects": [
      {
        "Aspect": "디자인",
        "SentimentText": "심플한 디자인 너무너무 좋아요",
        "SentimentWord": "4",
        "SentimentPolarity": "1"
      },
      {
        "Aspect": "소비전력",
        "SentimentText": "소비전력도 1등급이라서 전기료 걱정도 없어 좋은데 ",
        "SentimentWord": "6",
        "SentimentPolarity": "1"
      },
      {
        "Aspect": "가격",
        "SentimentText": "가격까지 저렴하게 구입해서 대만족 입니다. ",
        "SentimentWord": "5",
        "SentimentPolarity": "1"
      }
    ]
  },
  {
    "Index": "27228",
    "RawText": "매장보다 설치가 늦을까 봐 걱정했는데 빠르게 와서 매우 만족합니다. 근데 사은품이 알차지 않은 것 같아 좀 아쉽습니다 기능이 다양해서 만족해요",
    "Source": "쇼핑몰",
    "Domain": "가전",
    "MainCategory": "주방가전",
    "ProductName": "디오스 LG전자 김치톡톡 K331W141 (2022년형)",
    "ReviewScore": "5",
    "Syllable": "79",
    "Word": "20",
    "RDate": "20220215",
    "Aspects": [
      {
        "Aspect": "기능",
        "SentimentText": "기능이 다양해서 만족해요",
        "SentimentWord": "3",
        "SentimentPolarity": "1"
      },
      {
        "Aspect": "제품구성",
        "SentimentText": "사은품이 알차지 않은 것 같아 좀 아쉽습니다",
        "SentimentWord": "7",
        "SentimentPolarity": "-1"
      }
    ]
  },
  {
    "Index": "27230",
    "RawText": "익일 배송 되었고 방문 기사님도 친절 하셔서 대 만족스럽습니다. 용량이 작아 김치가 다 들어가서  아쉽네요 사이즈가 적당해서 설치할때 편했습니다.",
    "Source": "쇼핑몰",
    "Domain": "가전",
    "MainCategory": "주방가전",
    "ProductName": "디오스 LG전자 김치톡톡 K331W141 (2022년형)",
    "ReviewScore": "5",
    "Syllable": "81",
    "Word": "19",
    "RDate": "20211203",
    "Aspects": [
      {
        "Aspect": "사이즈",
        "SentimentText": "사이즈가 적당해서 설치할때 편했습니다.",
        "SentimentWord": "4",
        "SentimentPolarity": "1"
      },
      {
        "Aspect": "용량",
        "SentimentText": "용량이 작아 김치가 다 들어가서  아쉽네요",
        "SentimentWord": "6",
        "SentimentPolarity": "-1"
      }
    ]
  },
  {
    "Index": "27231",
    "RawText": "생각보다 배송이 빠르게 와서 좋았습니다. 뚜껑형 보다는 용량이 커서 너무 좋습니다 쿠폰까지 써서 저렴하게 구매했어요",
    "Source": "쇼핑몰",
    "Domain": "가전",
    "MainCategory": "주방가전",
    "ProductName": "디오스 LG전자 김치톡톡 K331W141 (2022년형)",
    "ReviewScore": "5",
    "Syllable": "64",
    "Word": "15",
    "RDate": "20211119",
    "Aspects": [
      {
        "Aspect": "가격",
        "SentimentText": "쿠폰까지 써서 저렴하게 구매했어요",
        "SentimentWord": "4",
        "SentimentPolarity": "1"
      },
      {
        "Aspect": "용량",
        "SentimentText": " 뚜껑형 보다는 용량이 커서 너무 좋습니다 ",
        "SentimentWord": "6",
        "SentimentPolarity": "1"
      }
    ]
  },
  {
    "Index": "27232",
    "RawText": "폐가전까지 처리해 주셨고  배송도 빠르게 해주셔서 좋았습니다. 소음이 없는 편은 아닌 것 같아 실망입니다 사이즈가 커서 정말 좋았네요 ",
    "Source": "쇼핑몰",
    "Domain": "가전",
    "MainCategory": "주방가전",
    "ProductName": "디오스 LG전자 김치톡톡 K331W141 (2022년형)",
    "ReviewScore": "5",
    "Syllable": "75",
    "Word": "18",
    "RDate": "20220421",
    "Aspects": [
      {
        "Aspect": "사이즈",
        "SentimentText": "사이즈가 커서 정말 좋았네요",
        "SentimentWord": "4",
        "SentimentPolarity": "1"
      },
      {
        "Aspect": "소음",
        "SentimentText": "소음이 없는 편은 아닌 것 같아 실망입니다",
        "SentimentWord": "7",
        "SentimentPolarity": "-1"
      }
    ]
  },
  {
    "Index": "27233",
    "RawText": "용량이 넉넉할 줄 알았는데 좀 적은 것 같아 아쉽네요. 그래도 믿고 사용하는 ㅇㅇㅇ 이라서 만족하고 사용 중입니다",
    "Source": "쇼핑몰",
    "Domain": "가전",
    "MainCategory": "주방가전",
    "ProductName": "디오스 LG전자 김치톡톡 K331W141 (2022년형)",
    "ReviewScore": "5",
    "Syllable": "63",
    "Word": "17",
    "RDate": "20220803",
    "GeneralPolarity": "0",
    "Aspects": [
      {
        "Aspect": "용량",
        "SentimentText": "용량이 넉넉할 줄 알았는데 좀 적은 것 같아 아쉽네요",
        "SentimentWord": "9",
        "SentimentPolarity": "0"
      },
      {
        "Aspect": "제조일/제조사",
        "SentimentText": "믿고 사용하는 ㅇㅇㅇ 이라서 만족하고 사용 중입니다",
        "SentimentWord": "7",
        "SentimentPolarity": "1"
      }
    ]
  },
  {
    "Index": "27234",
    "RawText": "스탠드형 수납공간이 많아 너무 편해요. 근데 도어 방향을 변경하는 게 안돼 불편하네요",
    "Source": "쇼핑몰",
    "Domain": "가전",
    "MainCategory": "주방가전",
    "ProductName": "디오스 LG전자 김치톡톡 K331W141 (2022년형)",
    "ReviewScore": "5",
    "Syllable": "47",
    "Word": "12",
    "RDate": "20220815",
    "Aspects": [
      {
        "Aspect": "용량",
        "SentimentText": "스탠드형 수납공간이 많아 너무 편해요.",
        "SentimentWord": "5",
        "SentimentPolarity": "1"
      },
      {
        "Aspect": "편의성",
        "SentimentText": "도어 방향을 변경하는 게 안돼 불편하네요",
        "SentimentWord": "6",
        "SentimentPolarity": "-1"
      }
    ]
  },
  {
    "Index": "27236",
    "RawText": "빠르게 방문해 주시고  폐가전까지 처리해 주셔서 좋았습니다. 생각만큼 용량이 크지 않아 좀 아쉽습니다  사이즈가 적당해서 설치할때 편했습니다. ",
    "Source": "쇼핑몰",
    "Domain": "가전",
    "MainCategory": "주방가전",
    "ProductName": "디오스 LG전자 김치톡톡 K331W141 (2022년형)",
    "ReviewScore": "5",
    "Syllable": "80",
    "Word": "17",
    "RDate": "20220813",
    "Aspects": [
      {
        "Aspect": "사이즈",
        "SentimentText": "사이즈가 적당해서 설치할때 편했습니다.",
        "SentimentWord": "4",
        "SentimentPolarity": "1"
      },
      {
        "Aspect": "용량",
        "SentimentText": "생각만큼 용량이 크지 않아 좀 아쉽습니다 ",
        "SentimentWord": "6",
        "SentimentPolarity": "-1"
      }
    ]
  },
  {
    "Index": "27237",
    "RawText": "부모님께 선물해 드렸는데 배송도 빠르고 기사님이 잘 설명해 주셨다고 만족해 하셨습니다. 아직 조작법이 어렵다고 하셔서 좀 신경 쓰이긴 하지만 좋아하세요 디자인이 시원하고 세련되어서 정말 마음에 들어요",
    "Source": "쇼핑몰",
    "Domain": "가전",
    "MainCategory": "주방가전",
    "ProductName": "디오스 LG전자 김치톡톡 K331W141 (2022년형)",
    "ReviewScore": "5",
    "Syllable": "111",
    "Word": "26",
    "RDate": "20220727",
    "Aspects": [
      {
        "Aspect": "디자인",
        "SentimentText": "디자인이 시원하고 세련되어서 정말 마음에 들어요",
        "SentimentWord": "6",
        "SentimentPolarity": "1"
      },
      {
        "Aspect": "조작성",
        "SentimentText": "조작법이 어렵다고 하셔서 좀 신경 쓰이긴 하지만 좋아하세요",
        "SentimentWord": "8",
        "SentimentPolarity": "0"
      }
    ]
  },
  {
    "Index": "27238",
    "RawText": "배송이 하루 만에 빨리 왔어요! 신속하네요~ 가격이 십만원 정도 비싼건 좀 아쉽네요. 하지만 설치도 정성스럽게 잘해주셔서 만족합니다~ 색상도 화이트라 깨긋하고 좋아요!",
    "Source": "쇼핑몰",
    "Domain": "가전",
    "MainCategory": "주방가전",
    "ProductName": "디오스 LG전자 김치톡톡 K331W141 (2022년형)",
    "ReviewScore": "5",
    "Syllable": "93",
    "Word": "21",
    "RDate": "20220416",
    "Aspects": [
      {
        "Aspect": "가격",
        "SentimentText": "가격이 십만원 정도 비싼건 좀 아쉽네요.",
        "SentimentWord": "6",
        "SentimentPolarity": "1"
      },
      {
        "Aspect": "색상",
        "SentimentText": "색상도 화이트라 깨긋하고 좋아요! ",
        "SentimentWord": "4",
        "SentimentPolarity": "1"
      }
    ]
  },
  {
    "Index": "27240",
    "RawText": "부모님 선물로 사드렸는데 배송도 원하는 날짜에 와서 좋아요! 색상도 화이트라 너무 이쁘네요~ 에너지효율 1등급이라 만족해요.",
    "Source": "쇼핑몰",
    "Domain": "가전",
    "MainCategory": "주방가전",
    "ProductName": "디오스 LG전자 김치톡톡 K331W141 (2022년형)",
    "ReviewScore": "5",
    "Syllable": "69",
    "Word": "15",
    "RDate": "20220620",
    "Aspects": [
      {
        "Aspect": "소비전력",
        "SentimentText": "에너지효율 1등급이라 만족해요.",
        "SentimentWord": "3",
        "SentimentPolarity": "1"
      },
      {
        "Aspect": "색상",
        "SentimentText": "색상도 화이트라 너무 이쁘네요~",
        "SentimentWord": "4",
        "SentimentPolarity": "1"
      }
    ]
  },
  {
    "Index": "27241",
    "RawText": "배송도 3일만에 오고 빠르게 받아봐서 좋았네요. 기사님도 친절하게 설치해주시고 가셨어요! 너무 좋아요 최저가로 구매해서 정말 마음에 들어요. 용량이 커서 내용물 보관에 적당해 좋네요 ",
    "Source": "쇼핑몰",
    "Domain": "가전",
    "MainCategory": "주방가전",
    "ProductName": "디오스 LG전자 김치톡톡 K331W141 (2022년형)",
    "ReviewScore": "5",
    "Syllable": "102",
    "Word": "23",
    "RDate": "20220409",
    "Aspects": [
      {
        "Aspect": "가격",
        "SentimentText": "최저가로 구매해서 정말 마음에 들어요.",
        "SentimentWord": "5",
        "SentimentPolarity": "1"
      },
      {
        "Aspect": "용량",
        "SentimentText": "용량이 커서 내용물 보관에 적당해 좋네요",
        "SentimentWord": "6",
        "SentimentPolarity": "1"
      }
    ]
  },
  {
    "Index": "27242",
    "RawText": "제가 원하는 날에 연락주셔서 배송 완벽하게 해주셨어요^^. 색상도 너무 튀지 않고 깔끔해서 마음에 드네요. 이 정도 가격에 이 제품이면 적당하니 마음에 드네요. 많이파세요.",
    "Source": "쇼핑몰",
    "Domain": "가전",
    "MainCategory": "주방가전",
    "ProductName": "디오스 LG전자 김치톡톡 K331W141 (2022년형)",
    "ReviewScore": "5",
    "Syllable": "96",
    "Word": "23",
    "RDate": "20220716",
    "Aspects": [
      {
        "Aspect": "색상",
        "SentimentText": "색상도 너무 튀지 않고 깔끔해서 마음에 드네요. ",
        "SentimentWord": "7",
        "SentimentPolarity": "1"
      },
      {
        "Aspect": "가격",
        "SentimentText": "이 정도 가격에 이 제품이면 적당하니 마음에 드네요. 많이파세요. ",
        "SentimentWord": "9",
        "SentimentPolarity": "1"
      }
    ]
  },
  {
    "Index": "27244",
    "RawText": "장모님이 필요하다고해서 선물해드렸는데 배송도 빨리오고 설치기사님께서 친절히 설명해주셨어요. 디자인도 고급스럽고 인테리어 효과 나서 깔끔하니 좋네요 화이트 색상이 고급스러워서 좋네요",
    "Source": "쇼핑몰",
    "Domain": "가전",
    "MainCategory": "주방가전",
    "ProductName": "디오스 LG전자 김치톡톡 K331W141 (2022년형)",
    "ReviewScore": "5",
    "Syllable": "100",
    "Word": "19",
    "RDate": "20220624",
    "Aspects": [
      {
        "Aspect": "색상",
        "SentimentText": "화이트 색상이 고급스러워서 좋네요",
        "SentimentWord": "4",
        "SentimentPolarity": "1"
      },
      {
        "Aspect": "디자인",
        "SentimentText": "디자인도 고급스럽고 인테리어 효과 나서 깔끔하니 좋네요",
        "SentimentWord": "7",
        "SentimentPolarity": "1"
      }
    ]
  },
  {
    "Index": "27245",
    "RawText": "냉장고가 필요했는데 싼 가격에 좋은 제품 구입하게 되서 너무 좋네요. 디자인이 깔끔해서 그런가 집안이 밝아진거 같네요ㅎㅎ ",
    "Source": "쇼핑몰",
    "Domain": "가전",
    "MainCategory": "주방가전",
    "ProductName": "디오스 LG전자 김치톡톡 K331W141 (2022년형)",
    "ReviewScore": "5",
    "Syllable": "68",
    "Word": "16",
    "RDate": "20220123",
    "GeneralPolarity": "1",
    "Aspects": [
      {
        "Aspect": "가격",
        "SentimentText": "냉장고가 필요했는데 싼 가격에 좋은 제품 구입하게 되서 너무 좋네요. ",
        "SentimentWord": "10",
        "SentimentPolarity": "1"
      },
      {
        "Aspect": "디자인",
        "SentimentText": " 디자인이 깔끔해서 그런가 집안이 밝아진거 같네요ㅎㅎ",
        "SentimentWord": "6",
        "SentimentPolarity": "1"
      }
    ]
  },
  {
    "Index": "27246",
    "RawText": "상품 이상 없이 안전하게 배송 되었고 기사님이 친절해서 좋았습니다. 여러 기능이 돼서 너무 좋은 것 같아요 깔끔한 화이트 컬러가 너무 이뻐 아주 만족합니다",
    "Source": "쇼핑몰",
    "Domain": "가전",
    "MainCategory": "주방가전",
    "ProductName": "디오스 LG전자 김치톡톡 K331W141 (2022년형)",
    "ReviewScore": "5",
    "Syllable": "86",
    "Word": "23",
    "RDate": "20220120",
    "Aspects": [
      {
        "Aspect": "기능",
        "SentimentText": "여러 기능이 돼서 너무 좋은 것 같아요",
        "SentimentWord": "7",
        "SentimentPolarity": "1"
      },
      {
        "Aspect": "색상",
        "SentimentText": "깔끔한 화이트 컬러가 너무 이뻐 아주 만족합니다",
        "SentimentWord": "7",
        "SentimentPolarity": "1"
      }
    ]
  },
  {
    "Index": "27247",
    "RawText": "성능도 너무 좋아 만족 하고요. 기사님들께서 폐가전도  처리해 주시고 친절 하셔서 기분이 좋았습니다  품질은 소문대로 정말 좋아요 ",
    "Source": "쇼핑몰",
    "Domain": "가전",
    "MainCategory": "주방가전",
    "ProductName": "디오스 LG전자 김치톡톡 K331W141 (2022년형)",
    "ReviewScore": "5",
    "Syllable": "73",
    "Word": "17",
    "RDate": "20220803",
    "Aspects": [
      {
        "Aspect": "기능",
        "SentimentText": "성능도 너무 좋아 만족 하고요",
        "SentimentWord": "5",
        "SentimentPolarity": "1"
      },
      {
        "Aspect": "품질",
        "SentimentText": "품질은 소문대로 정말 좋아요",
        "SentimentWord": "4",
        "SentimentPolarity": "1"
      }
    ]
  },
  {
    "Index": "27248",
    "RawText": "구매 후 다음날 배송 문자 및 설치가 되어 매우 만족합니다. 쇼핑몰 카드 무이자 혜택으로 가격 부담 없이 살 수 있어 더 좋습니다. 김치냉장고 기능만 아니라 냉동고 기능이 있어 더 마음에 듭니다.",
    "Source": "쇼핑몰",
    "Domain": "가전",
    "MainCategory": "주방가전",
    "ProductName": "디오스 LG전자 김치톡톡 K331W141 (2022년형)",
    "ReviewScore": "5",
    "Syllable": "109",
    "Word": "31",
    "RDate": "20211110",
    "Aspects": [
      {
        "Aspect": "가격",
        "SentimentText": "쇼핑몰 카드 무이자 혜택으로 가격 부담 없이 살 수 있어 더 좋습니다",
        "SentimentWord": "12",
        "SentimentPolarity": "1"
      },
      {
        "Aspect": "기능",
        "SentimentText": "김치냉장고 기능만 아니라 냉동고 기능이 있어 더 마음에 듭니다.",
        "SentimentWord": "9",
        "SentimentPolarity": "1"
      }
    ]
  },
  {
    "Index": "27249",
    "RawText": "방문해 주신 기사님들 설명도 꼼꼼하게 해주시고  모두 친절해서 너무나 좋습니다  327L 라서 큰 줄 알았는데 그렇게 크지 않아 첨에 실망 했네요 기존의 김치냉장고보다 냉기가 강해서 좋아요",
    "Source": "쇼핑몰",
    "Domain": "가전",
    "MainCategory": "주방가전",
    "ProductName": "디오스 LG전자 김치톡톡 K331W141 (2022년형)",
    "ReviewScore": "5",
    "Syllable": "105",
    "Word": "26",
    "RDate": "20220613",
    "Aspects": [
      {
        "Aspect": "기능",
        "SentimentText": "기존의 김치냉장고보다 냉기가 강해서 좋아요 ",
        "SentimentWord": "5",
        "SentimentPolarity": "1"
      },
      {
        "Aspect": "용량",
        "SentimentText": "327L 라서 큰 줄 알았는데 그렇게 크지 않아 첨에 실망 했네요",
        "SentimentWord": "11",
        "SentimentPolarity": "-1"
      }
    ]
  },
  {
    "Index": "27250",
    "RawText": "제가 구매 후 가격이 인하돼서 기분인 썩 좋지 않습니다.실버색 보다 흰색이 이뻐 샀는데 넘 잘 산 것 같아 좋아요^^ 빠르게 배송까지 되어 만족감 두배 입니다",
    "Source": "쇼핑몰",
    "Domain": "가전",
    "MainCategory": "주방가전",
    "ProductName": "디오스 LG전자 김치톡톡 K331W141 (2022년형)",
    "ReviewScore": "5",
    "Syllable": "88",
    "Word": "25",
    "RDate": "20220213",
    "Aspects": [
      {
        "Aspect": "가격",
        "SentimentText": "구매 후 가격이 인하돼서 기분인 썩 좋지 않습니다.",
        "SentimentWord": "8",
        "SentimentPolarity": "-1"
      },
      {
        "Aspect": "색상",
        "SentimentText": "실버색 보다 흰색이 이뻐 샀는데 넘 잘 산 것 같아 좋아요^^ ",
        "SentimentWord": "11",
        "SentimentPolarity": "1"
      }
    ]
  },
  {
    "Index": "27251",
    "RawText": "기사님께서 제가 원하는 날짜와 시간에 안전하게 배송해주시고 설치해주셨어요 서비스 굿 김치가 이번에 아주 맛있게 익어서 정말 잘 샀다고 생각하는 중입니다. 만족스러워요 모터 돌아가는 소리가 크지않아서 좋네요",
    "Source": "쇼핑몰",
    "Domain": "가전",
    "MainCategory": "주방가전",
    "ProductName": "디오스 LG전자 김치톡톡 K331W141 (2022년형)",
    "ReviewScore": "5",
    "Syllable": "114",
    "Word": "26",
    "RDate": "20220815",
    "Aspects": [
      {
        "Aspect": "소음",
        "SentimentText": "모터 돌아가는 소리가 크지않아서 좋네요",
        "SentimentWord": "5",
        "SentimentPolarity": "1"
      },
      {
        "Aspect": "기능",
        "SentimentText": "김치가 이번에 아주 맛있게 익어서 정말 잘 샀다고 생각하는 중입니다. 만족스러워요",
        "SentimentWord": "11",
        "SentimentPolarity": "1"
      }
    ]
  },
  {
    "Index": "27252",
    "RawText": "화이트 색상 샀는데 좋네요.배송도 구매 후 다음날 배송와서  너무 좋고 김치통도 많이 들어있어 너무 좋아요 ^____^",
    "Source": "쇼핑몰",
    "Domain": "가전",
    "MainCategory": "주방가전",
    "ProductName": "디오스 LG전자 김치톡톡 K331W141 (2022년형)",
    "ReviewScore": "4",
    "Syllable": "66",
    "Word": "16",
    "RDate": "20211125",
    "Aspects": [
      {
        "Aspect": "색상",
        "SentimentText": "화이트 색상 샀는데 좋네요.",
        "SentimentWord": "4",
        "SentimentPolarity": "1"
      },
      {
        "Aspect": "제품구성",
        "SentimentText": "김치통도 많이 들어있어 너무 좋아요 ^____^",
        "SentimentWord": "6",
        "SentimentPolarity": "1"
      }
    ]
  },
  {
    "Index": "27253",
    "RawText": "쿠폰 할인으로 싼 가격에 구매해서 너무 좋아요   문제없이 빠르게 배송되어 대 만족 입니다 작동시에 소음도 거슬리지 않아서 좋아요",
    "Source": "쇼핑몰",
    "Domain": "가전",
    "MainCategory": "주방가전",
    "ProductName": "디오스 LG전자 김치톡톡 K331W142 (2022년형) 일반구매",
    "ReviewScore": "5",
    "Syllable": "72",
    "Word": "18",
    "RDate": "20220131",
    "Aspects": [
      {
        "Aspect": "가격",
        "SentimentText": "쿠폰 할인으로 싼 가격에 구매해서 너무 좋아요",
        "SentimentWord": "7",
        "SentimentPolarity": "1"
      },
      {
        "Aspect": "소음",
        "SentimentText": "작동시에 소음도 거슬리지 않아서 좋아요",
        "SentimentWord": "5",
        "SentimentPolarity": "1"
      }
    ]
  },
  {
    "Index": "27254",
    "RawText": "가격 대비 가성비 좋은 상품 구매해 좋습니다.배송은 늦은 감이 없지 않아 있는 것 같아 아쉽습니다 냉장과 냉동이 잘되지 않으니 화가나요.",
    "Source": "쇼핑몰",
    "Domain": "가전",
    "MainCategory": "주방가전",
    "ProductName": "디오스 LG전자 김치톡톡 K331W142 (2022년형) 일반구매",
    "ReviewScore": "5",
    "Syllable": "76",
    "Word": "20",
    "RDate": "20220608",
    "Aspects": [
      {
        "Aspect": "가격",
        "SentimentText": "가격 대비 가성비 좋은 상품 구매해 좋습니다",
        "SentimentWord": "7",
        "SentimentPolarity": "1"
      },
      {
        "Aspect": "기능",
        "SentimentText": "냉장과 냉동이 잘되지 않으니 화가나요.",
        "SentimentWord": "5",
        "SentimentPolarity": "-1"
      }
    ]
  },
  {
    "Index": "27255",
    "RawText": "디자인 심플하니 너무 이뻐 좋습니다.저희가족이   딱쓰기 좋은 용량입니다",
    "Source": "쇼핑몰",
    "Domain": "가전",
    "MainCategory": "주방가전",
    "ProductName": "디오스 LG전자 김치톡톡 K331W142 (2022년형) 일반구매",
    "ReviewScore": "5",
    "Syllable": "40",
    "Word": "8",
    "RDate": "20220423",
    "GeneralPolarity": "1",
    "Aspects": [
      {
        "Aspect": "디자인",
        "SentimentText": "디자인 심플하니 너무 이뻐 좋습니다",
        "SentimentWord": "5",
        "SentimentPolarity": "1"
      },
      {
        "Aspect": "용량",
        "SentimentText": "저희가족이   딱쓰기 좋은 용량입니다",
        "SentimentWord": "4",
        "SentimentPolarity": "1"
      }
    ]
  },
  {
    "Index": "27256",
    "RawText": "해피콜 서비스도 마음에 들고 설치도 빠르게 되어  너무 만족 합니다. 다 좋은데 소음이 나는 편이라서 좀 실망 스럽습니다 냉장과 냉동이 너무 잘되서 좋아요",
    "Source": "쇼핑몰",
    "Domain": "가전",
    "MainCategory": "주방가전",
    "ProductName": "디오스 LG전자 김치톡톡 K331W142 (2022년형) 일반구매",
    "ReviewScore": "5",
    "Syllable": "86",
    "Word": "23",
    "RDate": "20220125",
    "Aspects": [
      {
        "Aspect": "기능",
        "SentimentText": "냉장과 냉동이 너무 잘되서 좋아요",
        "SentimentWord": "5",
        "SentimentPolarity": "1"
      },
      {
        "Aspect": "소음",
        "SentimentText": "소음이 나는 편이라서 좀 실망 스럽습니다 ",
        "SentimentWord": "6",
        "SentimentPolarity": "-1"
      }
    ]
  },
  {
    "Index": "27257",
    "RawText": "디자인은 그냥 무난무난해요~ 저렴한 가격에 사서 만족하고 있습니다",
    "Source": "쇼핑몰",
    "Domain": "가전",
    "MainCategory": "주방가전",
    "ProductName": "디오스 LG전자 김치톡톡 K331W142 (2022년형) 일반구매",
    "ReviewScore": "5",
    "Syllable": "36",
    "Word": "8",
    "RDate": "20220315",
    "GeneralPolarity": "0",
    "Aspects": [
      {
        "Aspect": "디자인",
        "SentimentText": "디자인은 그냥 무난무난해요~",
        "SentimentWord": "3",
        "SentimentPolarity": "0"
      },
      {
        "Aspect": "가격",
        "SentimentText": "저렴한 가격에 사서 만족하고 있습니다",
        "SentimentWord": "5",
        "SentimentPolarity": "1"
      }
    ]
  },
  {
    "Index": "27258",
    "RawText": "설치 기사님이 친절하고 꼼꼼하게 해주셔서 너무 좋네요^^ 물건도 튼튼하고 용량도 커서 마음에 들어요~ 양품으로 받아서 아주 만족합니다.",
    "Source": "쇼핑몰",
    "Domain": "가전",
    "MainCategory": "주방가전",
    "ProductName": "디오스 LG전자 김치톡톡 K331W142 (2022년형) 일반구매",
    "ReviewScore": "5",
    "Syllable": "75",
    "Word": "17",
    "RDate": "20220404",
    "Aspects": [
      {
        "Aspect": "품질",
        "SentimentText": "양품으로 받아서 아주 만족합니다.",
        "SentimentWord": "4",
        "SentimentPolarity": "1"
      },
      {
        "Aspect": "용량",
        "SentimentText": "물건도 튼튼하고 용량도 커서 마음에 들어요~",
        "SentimentWord": "6",
        "SentimentPolarity": "1"
      }
    ]
  },
  {
    "Index": "27259",
    "RawText": "배송 기사님께서 시간 맞춰 잘와주셨고, 설명도 친절히 해주시고 가셔서 편했네요 색상도 깔끔한 화이트 톤이라 너무 마음에 들어요. 감사합니다. 최신상의 제품으로 보내주셔서 감사합니다.",
    "Source": "쇼핑몰",
    "Domain": "가전",
    "MainCategory": "주방가전",
    "ProductName": "디오스 LG전자 김치톡톡 K331W142 (2022년형) 일반구매",
    "ReviewScore": "5",
    "Syllable": "101",
    "Word": "22",
    "RDate": "20220306",
    "Aspects": [
      {
        "Aspect": "제조일/제조사",
        "SentimentText": "최신상의 제품으로 보내주셔서 감사합니다.",
        "SentimentWord": "4",
        "SentimentPolarity": "1"
      },
      {
        "Aspect": "색상",
        "SentimentText": "색상도 깔끔한 화이트 톤이라 너무 마음에 들어요. 감사합니다.",
        "SentimentWord": "8",
        "SentimentPolarity": "1"
      }
    ]
  },
  {
    "Index": "27260",
    "RawText": "전원도 분리되어있고 편리해요. 역시나 OOO제품은 너무 좋네요. 배송도 잘해주셔서 기분이 좋습니다~ 고맙습니다",
    "Source": "쇼핑몰",
    "Domain": "가전",
    "MainCategory": "주방가전",
    "ProductName": "디오스 LG전자 김치톡톡 K331W142 (2022년형) 일반구매",
    "ReviewScore": "5",
    "Syllable": "61",
    "Word": "12",
    "RDate": "20220513",
    "Aspects": [
      {
        "Aspect": "편의성",
        "SentimentText": "전원도 분리되어있고 편리해요.",
        "SentimentWord": "3",
        "SentimentPolarity": "1"
      },
      {
        "Aspect": "제조일/제조사",
        "SentimentText": "역시나 OOO제품은 너무 좋네요. ",
        "SentimentWord": "4",
        "SentimentPolarity": "1"
      }
    ]
  },
  {
    "Index": "27261",
    "RawText": "쿠폰으로 할인받아서 저렴하게 구입했는데 아주 맘에 들어요. 믿고 맡기는 브랜드라 A/S걱정도 없어서 마음이 놓이네요. 작동해보니 기능들도 훌륭하고 너무 좋아요 김치가 맛있게 익었으면 좋겠어요",
    "Source": "쇼핑몰",
    "Domain": "가전",
    "MainCategory": "주방가전",
    "ProductName": "디오스 LG전자 김치톡톡 K331W142 (2022년형) 일반구매",
    "ReviewScore": "5",
    "Syllable": "106",
    "Word": "23",
    "RDate": "20220315",
    "GeneralPolarity": "1",
    "Aspects": [
      {
        "Aspect": "가격",
        "SentimentText": "쿠폰으로 할인받아서 저렴하게 구입했는데 아주 맘에 들어요.",
        "SentimentWord": "7",
        "SentimentPolarity": "1"
      },
      {
        "Aspect": "제조일/제조사",
        "SentimentText": "믿고 맡기는 브랜드라 A/S걱정도 없어서 마음이 놓이네요.",
        "SentimentWord": "7",
        "SentimentPolarity": "1"
      },
      {
        "Aspect": "기능",
        "SentimentText": "작동해보니 기능들도 훌륭하고 너무 좋아요 김치가 맛있게 익었으면 좋겠어요",
        "SentimentWord": "9",
        "SentimentPolarity": "1"
      }
    ]
  },
  {
    "Index": "27262",
    "RawText": "원하는 날짜에 딱 오셔서 설치도 잘 해주셔서 좋앗어요~!! 색상은 화면이랑 달라서 아쉽네요 소음이 있다고 했는데 전 전혀 느끼지 못하겠네요",
    "Source": "쇼핑몰",
    "Domain": "가전",
    "MainCategory": "주방가전",
    "ProductName": "디오스 LG전자 김치톡톡 K331W142 (2022년형) 일반구매",
    "ReviewScore": "5",
    "Syllable": "77",
    "Word": "19",
    "RDate": "20220224",
    "Aspects": [
      {
        "Aspect": "소음",
        "SentimentText": "소음이 있다고 했는데 전 전혀 느끼지 못하겠네요",
        "SentimentWord": "7",
        "SentimentPolarity": "1"
      },
      {
        "Aspect": "색상",
        "SentimentText": "색상은 화면이랑 달라서 아쉽네요",
        "SentimentWord": "4",
        "SentimentPolarity": "-1"
      }
    ]
  },
  {
    "Index": "27263",
    "RawText": "배송이 느려서 실망함. 품질은 생각했던 거 보다 떨어져서 불만족스러움;;; 가격이 너무 비싸고 호갱이된 기분이에요.ㅠㅠ",
    "Source": "쇼핑몰",
    "Domain": "가전",
    "MainCategory": "주방가전",
    "ProductName": "디오스 LG전자 김치톡톡 K331W142 (2022년형) 일반구매",
    "ReviewScore": "4",
    "Syllable": "66",
    "Word": "14",
    "RDate": "20220826",
    "Aspects": [
      {
        "Aspect": "가격",
        "SentimentText": "가격이 너무 비싸고 호갱이된 기분이에요.ㅠㅠ",
        "SentimentWord": "5",
        "SentimentPolarity": "-1"
      },
      {
        "Aspect": "품질",
        "SentimentText": "품질은 생각했던 거 보다 떨어져서 불만족스러움;;;",
        "SentimentWord": "6",
        "SentimentPolarity": "-1"
      }
    ]
  },
  {
    "Index": "27264",
    "RawText": "기사님 친절하고 배송도 완전 빨라서 만족. 받아보니 용량이 적어서 다 안들어감 후회됨 저렴한 가격에 구매 가성비 짱이에요",
    "Source": "쇼핑몰",
    "Domain": "가전",
    "MainCategory": "주방가전",
    "ProductName": "디오스 LG전자 김치톡톡 K331W142 (2022년형) 일반구매",
    "ReviewScore": "5",
    "Syllable": "67",
    "Word": "17",
    "RDate": "20220319",
    "Aspects": [
      {
        "Aspect": "가격",
        "SentimentText": "저렴한 가격에 구매 가성비 짱이에요",
        "SentimentWord": "5",
        "SentimentPolarity": "1"
      },
      {
        "Aspect": "용량",
        "SentimentText": "받아보니 용량이 적어서 다 안들어감 후회됨",
        "SentimentWord": "6",
        "SentimentPolarity": "-1"
      }
    ]
  },
  {
    "Index": "27265",
    "RawText": "배송이 생각한거 보다 느려서 실망할뻔 했지만 기사님들이 설치해주시고 정리까지 해주셔서 마음이 풀렸어요^^. 김치냉장고 실물이 짱이예요!!!디자인 깔끔, 너무 예쁨!!!!! 마음에 들어요^^ 색상도 원하던 색상이라 더 사랑스럽네요.",
    "Source": "쇼핑몰",
    "Domain": "가전",
    "MainCategory": "주방가전",
    "ProductName": "디오스 LG전자 김치톡톡 K331W142 (2022년형) 일반구매",
    "ReviewScore": "5",
    "Syllable": "128",
    "Word": "25",
    "RDate": "20220401",
    "Aspects": [
      {
        "Aspect": "색상",
        "SentimentText": "색상도 원하던 색상이라 더 사랑스럽네요.",
        "SentimentWord": "5",
        "SentimentPolarity": "1"
      },
      {
        "Aspect": "디자인",
        "SentimentText": "김치냉장고 실물이 짱이예요!!!디자인 깔끔, 너무 예쁨!!!!! 마음에 들어요^^",
        "SentimentWord": "8",
        "SentimentPolarity": "1"
      }
    ]
  },
  {
    "Index": "27266",
    "RawText": "냉장고 안이 사이즈가 꽤 넓어서 좋아요~ 소음도 적어서 최곱니다. 배송도 생각했던 것보다 빨라서 좋았어요",
    "Source": "쇼핑몰",
    "Domain": "가전",
    "MainCategory": "주방가전",
    "ProductName": "디오스 LG전자 김치톡톡 K331W142 (2022년형) 일반구매",
    "ReviewScore": "5",
    "Syllable": "58",
    "Word": "14",
    "RDate": "20220529",
    "Aspects": [
      {
        "Aspect": "용량",
        "SentimentText": "냉장고 안이 사이즈가 꽤 넓어서 좋아요~",
        "SentimentWord": "6",
        "SentimentPolarity": "1"
      },
      {
        "Aspect": "소음",
        "SentimentText": "소음도 적어서 최곱니다.",
        "SentimentWord": "3",
        "SentimentPolarity": "1"
      }
    ]
  },
  {
    "Index": "27267",
    "RawText": "친절하게 설치도 뚝딱 해주시고 기사님들 넘 좋아요~ 제품 색상도 마음에 쏙 듭니다~ 설치후 사용하는데 소음도 없고 잘 작동하네요",
    "Source": "쇼핑몰",
    "Domain": "가전",
    "MainCategory": "주방가전",
    "ProductName": "디오스 LG전자 김치톡톡 K331W142 (2022년형) 일반구매",
    "ReviewScore": "5",
    "Syllable": "71",
    "Word": "18",
    "RDate": "20220713",
    "Aspects": [
      {
        "Aspect": "소음",
        "SentimentText": "설치후 사용하는데 소음도 없고 잘 작동하네요",
        "SentimentWord": "6",
        "SentimentPolarity": "1"
      },
      {
        "Aspect": "색상",
        "SentimentText": " 제품 색상도 마음에 쏙 듭니다~",
        "SentimentWord": "5",
        "SentimentPolarity": "1"
      }
    ]
  },
  {
    "Index": "27268",
    "RawText": "기사님께서 설치도 잘해주시고 배송도 빠르게 해주셔서 좋네요. 홈쇼핑에서 처음 구입해보는거라 불안했는데 상품도 문제 없이 와서 너무 좋아요^^ 품질 대박입니다. 사은품으로 주신 김치통 잘 받았습니다.",
    "Source": "쇼핑몰",
    "Domain": "가전",
    "MainCategory": "주방가전",
    "ProductName": "디오스 LG전자 김치톡톡 K331W142 (2022년형) 일반구매",
    "ReviewScore": "5",
    "Syllable": "110",
    "Word": "24",
    "RDate": "20220817",
    "Aspects": [
      {
        "Aspect": "제품구성",
        "SentimentText": "사은품으로 주신 김치통 잘 받았습니다.",
        "SentimentWord": "5",
        "SentimentPolarity": "1"
      },
      {
        "Aspect": "품질",
        "SentimentText": "홈쇼핑에서 처음 구입해보는거라 불안했는데 상품도 문제 없이 와서 너무 좋아요^^ 품질 대박입니다.",
        "SentimentWord": "12",
        "SentimentPolarity": "1"
      }
    ]
  },
  {
    "Index": "27269",
    "RawText": "색상이 너무 깔끔해요~!! 할인쿠폰 써서 엄청 싸게 구매했어요! 득템한 기분이에요~",
    "Source": "쇼핑몰",
    "Domain": "가전",
    "MainCategory": "주방가전",
    "ProductName": "디오스 LG전자 김치톡톡 K331W142 (2022년형) 일반구매",
    "ReviewScore": "5",
    "Syllable": "46",
    "Word": "10",
    "RDate": "20220315",
    "GeneralPolarity": "1",
    "Aspects": [
      {
        "Aspect": "색상",
        "SentimentText": "색상이 너무 깔끔해요~!! ",
        "SentimentWord": "3",
        "SentimentPolarity": "1"
      },
      {
        "Aspect": "가격",
        "SentimentText": "할인쿠폰 써서 엄청 싸게 구매했어요! 득템한 기분이에요~",
        "SentimentWord": "7",
        "SentimentPolarity": "1"
      }
    ]
  },
  {
    "Index": "27270",
    "RawText": "배송도 생각한거보다 빨리와서 좋았어요! 소음은.. 제 귀가 밝은건지 큰것도 같고 아닌것 같기도 하고애매하네요.. 저렴하게 구매했어요.",
    "Source": "쇼핑몰",
    "Domain": "가전",
    "MainCategory": "주방가전",
    "ProductName": "디오스 LG전자 김치톡톡 K331W142 (2022년형) 일반구매",
    "ReviewScore": "5",
    "Syllable": "74",
    "Word": "15",
    "RDate": "20220819",
    "Aspects": [
      {
        "Aspect": "가격",
        "SentimentText": "저렴하게 구매했어요.",
        "SentimentWord": "2",
        "SentimentPolarity": "1"
      },
      {
        "Aspect": "소음",
        "SentimentText": "소음은.. 제 귀가 밝은건지 큰것도 같고 아닌것 같기도 하고애매하네요..",
        "SentimentWord": "9",
        "SentimentPolarity": "0"
      }
    ]
  },
  {
    "Index": "27272",
    "RawText": "배송도 느리고 고객센터 연락도 안되서 짜증남. 제품 받아보니까 생각했던 거 보다 용량도 작음..실망함 디자인 너무 후진거 아닌가요.",
    "Source": "쇼핑몰",
    "Domain": "가전",
    "MainCategory": "주방가전",
    "ProductName": "디오스 LG전자 김치톡톡 K331W142 (2022년형) 일반구매",
    "ReviewScore": "1",
    "Syllable": "73",
    "Word": "17",
    "RDate": "20220405",
    "Aspects": [
      {
        "Aspect": "디자인",
        "SentimentText": "디자인 너무 후진거 아닌가요.",
        "SentimentWord": "4",
        "SentimentPolarity": "-1"
      },
      {
        "Aspect": "용량",
        "SentimentText": "제품 받아보니까 생각했던 거 보다 용량도 작음..실망함",
        "SentimentWord": "7",
        "SentimentPolarity": "-1"
      }
    ]
  },
  {
    "Index": "27273",
    "RawText": "저렴한 가격에 훌륭한 김치냉장고 구입하게 되서 너무 좋아요. 재구매 의향있어요^^ 디자인도 깔끔하니 예쁘게 잘나와서 좋아요. 사용해보니 김치냉장고 성능 대박이네요 마음에들어요^^",
    "Source": "쇼핑몰",
    "Domain": "가전",
    "MainCategory": "주방가전",
    "ProductName": "디오스 LG전자 김치톡톡 K331W142 (2022년형) 일반구매",
    "ReviewScore": "5",
    "Syllable": "99",
    "Word": "20",
    "RDate": "20220820",
    "GeneralPolarity": "1",
    "Aspects": [
      {
        "Aspect": "가격",
        "SentimentText": "저렴한 가격에 훌륭한 김치냉장고 구입하게 되서 너무 좋아요. 재구매 의향있어요^^",
        "SentimentWord": "10",
        "SentimentPolarity": "1"
      },
      {
        "Aspect": "디자인",
        "SentimentText": "디자인도 깔끔하니 예쁘게 잘나와서 좋아요. ",
        "SentimentWord": "5",
        "SentimentPolarity": "1"
      },
      {
        "Aspect": "기능",
        "SentimentText": "사용해보니 김치냉장고 성능 대박이네요 마음에들어요^^",
        "SentimentWord": "5",
        "SentimentPolarity": "1"
      }
    ]
  },
  {
    "Index": "27275",
    "RawText": "색상이 너무 마음에 든다고 엄마가 좋아하셔요! 배송은 일주일정도 걸렸어요.. 나쁘지 않네요 사용법도 적절히 잘 사용하시고 있어요",
    "Source": "쇼핑몰",
    "Domain": "가전",
    "MainCategory": "주방가전",
    "ProductName": "디오스 LG전자 김치톡톡 K331W142 (2022년형) 일반구매",
    "ReviewScore": "5",
    "Syllable": "71",
    "Word": "16",
    "RDate": "20220809",
    "Aspects": [
      {
        "Aspect": "색상",
        "SentimentText": "색상이 너무 마음에 든다고 엄마가 좋아하셔요!",
        "SentimentWord": "6",
        "SentimentPolarity": "1"
      },
      {
        "Aspect": "조작성",
        "SentimentText": "사용법도 적절히 잘 사용하시고 있어요",
        "SentimentWord": "5",
        "SentimentPolarity": "0"
      }
    ]
  },
  {
    "Index": "27276",
    "RawText": "기사님이 친절하고 꼼꼼하게 배송해주시고 고맙습니다~ 엄마 이사 선물로 사드렸는데 색상이 너무 이쁘네요 품질은 소문대로 정말 좋아요",
    "Source": "쇼핑몰",
    "Domain": "가전",
    "MainCategory": "주방가전",
    "ProductName": "디오스 LG전자 김치톡톡 K331W142 (2022년형) 일반구매",
    "ReviewScore": "5",
    "Syllable": "72",
    "Word": "16",
    "RDate": "20220208",
    "Aspects": [
      {
        "Aspect": "품질",
        "SentimentText": "품질은 소문대로 정말 좋아요",
        "SentimentWord": "4",
        "SentimentPolarity": "1"
      },
      {
        "Aspect": "색상",
        "SentimentText": "엄마 이사 선물로 사드렸는데 색상이 너무 이쁘네요",
        "SentimentWord": "7",
        "SentimentPolarity": "1"
      }
    ]
  },
  {
    "Index": "27277",
    "RawText": "화이트 제품 찾았는데 딱 마음에 들어요. 기사님들도 너무 친절하셔요~ 기분이 좋네요 디자인도 세련되고 깔끔해서 마음에 들어요",
    "Source": "쇼핑몰",
    "Domain": "가전",
    "MainCategory": "주방가전",
    "ProductName": "디오스 LG전자 김치톡톡 K331W142 (2022년형) 일반구매",
    "ReviewScore": "5",
    "Syllable": "69",
    "Word": "16",
    "RDate": "20220620",
    "Aspects": [
      {
        "Aspect": "색상",
        "SentimentText": "화이트 제품 찾았는데 딱 마음에 들어요.",
        "SentimentWord": "6",
        "SentimentPolarity": "1"
      },
      {
        "Aspect": "디자인",
        "SentimentText": "디자인도 세련되고 깔끔해서 마음에 들어요",
        "SentimentWord": "5",
        "SentimentPolarity": "1"
      }
    ]
  },
  {
    "Index": "27278",
    "RawText": "주문후 일주일도 안걸려서 받았어요 빠른 배송 너무 좋았고, 기사님들도 친절하셨어요^^ 색상 자체가 흰색이라 깨끗하니 집이 환해져서 좋습니다. 야채저장이 잘되고 와인까지 저장할수 있어서 좋네요.",
    "Source": "쇼핑몰",
    "Domain": "가전",
    "MainCategory": "주방가전",
    "ProductName": "디오스 LG전자 김치톡톡 K331W142 (2022년형) 일반구매",
    "ReviewScore": "5",
    "Syllable": "107",
    "Word": "23",
    "RDate": "20220802",
    "Aspects": [
      {
        "Aspect": "기능",
        "SentimentText": "야채저장이 잘되고 와인까지 저장할수 있어서 좋네요.",
        "SentimentWord": "6",
        "SentimentPolarity": "1"
      },
      {
        "Aspect": "색상",
        "SentimentText": "색상 자체가 흰색이라 깨끗하니 집이 환해져서 좋습니다.",
        "SentimentWord": "7",
        "SentimentPolarity": "1"
      }
    ]
  },
  {
    "Index": "27280",
    "RawText": "설치도 꼼꼼하고 원하는 날짜에 배송되서 좋아요. 제품의 마감처리는 그저 그렇네요. 쿠폰적용해서 가장 싼 가격으로 구매했어요",
    "Source": "쇼핑몰",
    "Domain": "가전",
    "MainCategory": "주방가전",
    "ProductName": "디오스 LG전자 김치톡톡 K331W142 (2022년형) 일반구매",
    "ReviewScore": "5",
    "Syllable": "68",
    "Word": "15",
    "RDate": "20220420",
    "Aspects": [
      {
        "Aspect": "가격",
        "SentimentText": "쿠폰적용해서 가장 싼 가격으로 구매했어요",
        "SentimentWord": "5",
        "SentimentPolarity": "1"
      },
      {
        "Aspect": "품질",
        "SentimentText": "제품의 마감처리는 그저 그렇네요.",
        "SentimentWord": "4",
        "SentimentPolarity": "-1"
      }
    ]
  },
  {
    "Index": "27281",
    "RawText": "김치냉장고 기능에 충실한 제품이예요. 보관기능도 훌륭하고 탈취기능도 훌륭해서 좋아요. 신형 제품이랑도 크게 차이가 없어서 좋아요^^ 가성비 좋게 좋은제품 구입해서 좋네요. 주변에 추천많이할께요^^",
    "Source": "쇼핑몰",
    "Domain": "가전",
    "MainCategory": "주방가전",
    "ProductName": "디오스 LG전자 김치톡톡 K331W142 (2022년형) 일반구매",
    "ReviewScore": "5",
    "Syllable": "109",
    "Word": "22",
    "RDate": "20220728",
    "GeneralPolarity": "1",
    "Aspects": [
      {
        "Aspect": "기능",
        "SentimentText": "김치냉장고 기능에 충실한 제품이예요. 보관기능도 훌륭하고 탈취기능도 훌륭해서 좋아요.",
        "SentimentWord": "9",
        "SentimentPolarity": "1"
      },
      {
        "Aspect": "제조일/제조사",
        "SentimentText": "신형 제품이랑도 크게 차이가 없어서 좋아요^^ ",
        "SentimentWord": "6",
        "SentimentPolarity": "1"
      },
      {
        "Aspect": "가격",
        "SentimentText": "가성비 좋게 좋은제품 구입해서 좋네요. 주변에 추천많이할께요^^",
        "SentimentWord": "7",
        "SentimentPolarity": "1"
      }
    ]
  },
  {
    "Index": "27282",
    "RawText": "기사님께서 깔끔히 설치해주시고 전에 쓰던 가전까지 가져가주셔서 너무 편했어요. 상, 중, 하칸으로 김치,야채,등등으로 나눠서 보관할수 있어서 정리도 쉽고 좋아요^^ 소음이 거의 없네요",
    "Source": "쇼핑몰",
    "Domain": "가전",
    "MainCategory": "주방가전",
    "ProductName": "디오스 LG전자 김치톡톡 K331W142 (2022년형) 일반구매",
    "ReviewScore": "5",
    "Syllable": "102",
    "Word": "22",
    "RDate": "20220426",
    "Aspects": [
      {
        "Aspect": "소음",
        "SentimentText": "소음이 거의 없네요",
        "SentimentWord": "3",
        "SentimentPolarity": "1"
      },
      {
        "Aspect": "편의성",
        "SentimentText": "상, 중, 하칸으로 김치,야채,등등으로 나눠서 보관할수 있어서 정리도 쉽고 좋아요^^",
        "SentimentWord": "10",
        "SentimentPolarity": "1"
      }
    ]
  },
  {
    "Index": "27283",
    "RawText": "엄마한테 선물을 해드려서 예약배송을 했는데 날짜 잘맞춰서 친절히 배송해주셔서 좋았어요. 디자인도 깔끔해서 엄마가 마음에 드신다네요^^ 냉장고 크기도 그렇게 크지 않아서 적당하니 좋습니다. 만족스러워요.",
    "Source": "쇼핑몰",
    "Domain": "가전",
    "MainCategory": "주방가전",
    "ProductName": "디오스 LG전자 김치톡톡 K331W142 (2022년형) 일반구매",
    "ReviewScore": "5",
    "Syllable": "112",
    "Word": "23",
    "RDate": "20220801",
    "Aspects": [
      {
        "Aspect": "디자인",
        "SentimentText": "디자인도 깔끔해서 엄마가 마음에 드신다네요^^",
        "SentimentWord": "5",
        "SentimentPolarity": "1"
      },
      {
        "Aspect": "사이즈",
        "SentimentText": "냉장고 크기도 그렇게 크지 않아서 적당하니 좋습니다. 만족스러워요.",
        "SentimentWord": "8",
        "SentimentPolarity": "1"
      }
    ]
  },
  {
    "Index": "27284",
    "RawText": "가격비교했을때 금액이 가장 저렴해서 구입했는데 좋은 상품 착한가격에 사서 만족스럽네요^^ 주문한지 며칠 안되서 빠르게 배송받고, 기사님도 친절하게 설치해주시고 가셨어요 좋아요^^ 소비등급도 1등급이라 좋습니다",
    "Source": "쇼핑몰",
    "Domain": "가전",
    "MainCategory": "주방가전",
    "ProductName": "디오스 LG전자 김치톡톡 K331W142 (2022년형) 일반구매",
    "ReviewScore": "5",
    "Syllable": "116",
    "Word": "23",
    "RDate": "20220203",
    "Aspects": [
      {
        "Aspect": "가격",
        "SentimentText": "가격비교했을때 금액이 가장 저렴해서 구입했는데 좋은 상품 착한가격에 사서 만족스럽네요^^",
        "SentimentWord": "10",
        "SentimentPolarity": "1"
      },
      {
        "Aspect": "소비전력",
        "SentimentText": "소비등급도 1등급이라 좋습니다",
        "SentimentWord": "3",
        "SentimentPolarity": "1"
      }
    ]
  },
  {
    "Index": "27285",
    "RawText": "에너지효율 1등급 김치냉장고라 전기세 걱정없이 사용할 수 있어 좋아요^^ 수납공간도 넉넉하니 이것저것 다 넣을수있어 행복해요^^",
    "Source": "쇼핑몰",
    "Domain": "가전",
    "MainCategory": "주방가전",
    "ProductName": "디오스 LG전자 김치톡톡 K336S141 (2022년형) 일반구매",
    "ReviewScore": "5",
    "Syllable": "71",
    "Word": "15",
    "RDate": "20220717",
    "GeneralPolarity": "1",
    "Aspects": [
      {
        "Aspect": "소비전력",
        "SentimentText": "에너지효율 1등급 김치냉장고라 전기세 걱정없이 사용할 수 있어 좋아요^^",
        "SentimentWord": "9",
        "SentimentPolarity": "1"
      },
      {
        "Aspect": "용량",
        "SentimentText": "수납공간도 넉넉하니 이것저것 다 넣을수있어 행복해요^^",
        "SentimentWord": "6",
        "SentimentPolarity": "1"
      }
    ]
  },
  {
    "Index": "27286",
    "RawText": "뚜껑형 쓰다가 이번에 처음 스탠드형으로 사봤는데 너무 예쁘고 좋네요^^ 에너지소비효율 1등급도 너무 마음에 들어요~ 전기세 걱정 끝^^",
    "Source": "쇼핑몰",
    "Domain": "가전",
    "MainCategory": "주방가전",
    "ProductName": "디오스 LG전자 김치톡톡 K336S141 (2022년형) 일반구매",
    "ReviewScore": "5",
    "Syllable": "75",
    "Word": "17",
    "RDate": "20220720",
    "GeneralPolarity": "1",
    "Aspects": [
      {
        "Aspect": "디자인",
        "SentimentText": "뚜껑형 쓰다가 이번에 처음 스탠드형으로 사봤는데 너무 예쁘고 좋네요^^",
        "SentimentWord": "9",
        "SentimentPolarity": "1"
      },
      {
        "Aspect": "소비전력",
        "SentimentText": "에너지소비효율 1등급도 너무 마음에 들어요~ 전기세 걱정 끝^^",
        "SentimentWord": "8",
        "SentimentPolarity": "1"
      }
    ]
  },
  {
    "Index": "27287",
    "RawText": "전에 쓰던거랑 같은 메탈재질로 된 냉장고 사봤는데 원래 있던 냉장고마냥 예쁘네요^^ 색상도 깔맞춤한거 같고 마음에 들어요^^",
    "Source": "쇼핑몰",
    "Domain": "가전",
    "MainCategory": "주방가전",
    "ProductName": "디오스 LG전자 김치톡톡 K336S141 (2022년형) 일반구매",
    "ReviewScore": "5",
    "Syllable": "69",
    "Word": "16",
    "RDate": "20220820",
    "GeneralPolarity": "1",
    "Aspects": [
      {
        "Aspect": "소재",
        "SentimentText": "전에 쓰던거랑 같은 메탈재질로 된 냉장고 사봤는데 원래 있던 냉장고마냥 예쁘네요^^",
        "SentimentWord": "11",
        "SentimentPolarity": "1"
      },
      {
        "Aspect": "색상",
        "SentimentText": " 색상도 깔맞춤한거 같고 마음에 들어요^^",
        "SentimentWord": "5",
        "SentimentPolarity": "1"
      }
    ]
  },
  {
    "Index": "27288",
    "RawText": "전에 쓰던 냉장고가 갑자기 망가져서 급하게 주문했는데 배송이 금방 되서 좋았어요^^ 디자인이 깔끔하니 너무 예쁘네요. 색상도 생각한거보다 고급스러워서 좋아요,",
    "Source": "쇼핑몰",
    "Domain": "가전",
    "MainCategory": "주방가전",
    "ProductName": "디오스 LG전자 김치톡톡 K336S141 (2022년형) 일반구매",
    "ReviewScore": "5",
    "Syllable": "88",
    "Word": "19",
    "RDate": "20220427",
    "Aspects": [
      {
        "Aspect": "디자인",
        "SentimentText": " 디자인이 깔끔하니 너무 예쁘네요. ",
        "SentimentWord": "4",
        "SentimentPolarity": "1"
      },
      {
        "Aspect": "색상",
        "SentimentText": "색상도 생각한거보다 고급스러워서 좋아요,",
        "SentimentWord": "4",
        "SentimentPolarity": "1"
      }
    ]
  },
  {
    "Index": "27289",
    "RawText": "배송기사님께서 설치해주신 뒤에 폐가전 수거까지 말끔하게 해주셔서 좋았어요. 냉장고 사서 제일 좋은게 어플로도 원격제어 기능을 할 수 있어 너무 좋아요^^ 신세계네요. 양품의 제품으로 잘 받았어요",
    "Source": "쇼핑몰",
    "Domain": "가전",
    "MainCategory": "주방가전",
    "ProductName": "디오스 LG전자 김치톡톡 K336S141 (2022년형) 일반구매",
    "ReviewScore": "4",
    "Syllable": "108",
    "Word": "25",
    "RDate": "20220616",
    "Aspects": [
      {
        "Aspect": "품질",
        "SentimentText": "양품의 제품으로 잘 받았어요",
        "SentimentWord": "4",
        "SentimentPolarity": "1"
      },
      {
        "Aspect": "기능",
        "SentimentText": "냉장고 사서 제일 좋은게 어플로도 원격제어 기능을 할 수 있어 너무 좋아요^^ 신세계네요.",
        "SentimentWord": "13",
        "SentimentPolarity": "1"
      }
    ]
  },
  {
    "Index": "27290",
    "RawText": "엘리베이터 없는 3층인데도 불구하고 친절하게 설치해주시고 가셔서 너무 좋았어요^^. 냉장고 받아보니 깔끔하니 디자인 정말 너무 마음에 드네요^^ 다양한 기능이 만족스럽습니다.",
    "Source": "쇼핑몰",
    "Domain": "가전",
    "MainCategory": "주방가전",
    "ProductName": "디오스 LG전자 김치톡톡 K336S141 (2022년형) 일반구매",
    "ReviewScore": "5",
    "Syllable": "97",
    "Word": "20",
    "RDate": "20220523",
    "Aspects": [
      {
        "Aspect": "기능",
        "SentimentText": "다양한 기능이 만족스럽습니다.",
        "SentimentWord": "3",
        "SentimentPolarity": "1"
      },
      {
        "Aspect": "디자인",
        "SentimentText": "냉장고 받아보니 깔끔하니 디자인 정말 너무 마음에 드네요^^",
        "SentimentWord": "8",
        "SentimentPolarity": "1"
      }
    ]
  },
  {
    "Index": "27291",
    "RawText": "배송 날짜에 맞춰서 정확히 기사님이 오셔서 설치해주고 가셨어요 만족스러워요^^ 근데 생각보다 냉장고 크기가 진짜 커서 깜짝놀랬네요. 사이즈 안맞을까봐 걱정했는데 다행히 잘 맞네요^^ 고급스런 색상이 집안을 화사하게 만드네요.",
    "Source": "쇼핑몰",
    "Domain": "가전",
    "MainCategory": "주방가전",
    "ProductName": "디오스 LG전자 김치톡톡 K336S141 (2022년형) 일반구매",
    "ReviewScore": "5",
    "Syllable": "125",
    "Word": "27",
    "RDate": "20220123",
    "Aspects": [
      {
        "Aspect": "색상",
        "SentimentText": "고급스런 색상이 집안을 화사하게 만드네요.",
        "SentimentWord": "5",
        "SentimentPolarity": "1"
      },
      {
        "Aspect": "사이즈",
        "SentimentText": "근데 생각보다 냉장고 크기가 진짜 커서 깜짝놀랬네요. 사이즈 안맞을까봐 걱정했는데 다행히 잘 맞네요^^",
        "SentimentWord": "13",
        "SentimentPolarity": "1"
      }
    ]
  },
  {
    "Index": "27292",
    "RawText": "배송 빠르게 와서 너무 좋았어요 설치도 깔끔하게 해주셔서 만족스럽습니다. 소비효율 1등급이라 전기세 걱정 없이 오래도록 사용할 수 있을 것 같아 좋네요^^ 용량이 커서 김치통은 물론 쌀과 와인등도 보관하고 있어요",
    "Source": "쇼핑몰",
    "Domain": "가전",
    "MainCategory": "주방가전",
    "ProductName": "디오스 LG전자 김치톡톡 K336S141 (2022년형) 일반구매",
    "ReviewScore": "5",
    "Syllable": "118",
    "Word": "29",
    "RDate": "20220430",
    "Aspects": [
      {
        "Aspect": "용량",
        "SentimentText": "용량이 커서 김치통은 물론 쌀과 와인등도 보관하고 있어요",
        "SentimentWord": "8",
        "SentimentPolarity": "1"
      },
      {
        "Aspect": "소비전력",
        "SentimentText": "소비효율 1등급이라 전기세 걱정 없이 오래도록 사용할 수 있을 것 같아 좋네요^^",
        "SentimentWord": "12",
        "SentimentPolarity": "1"
      }
    ]
  },
  {
    "Index": "27293",
    "RawText": "냉장고 받아서 작동해보는데 냉장고 소음이 정말 없어서 좋아요^^ 디자인도 깔끔해서 주방에 가면 기분이 좋네요^^",
    "Source": "쇼핑몰",
    "Domain": "가전",
    "MainCategory": "주방가전",
    "ProductName": "디오스 LG전자 김치톡톡 K336S141 (2022년형) 일반구매",
    "ReviewScore": "5",
    "Syllable": "62",
    "Word": "14",
    "RDate": "20220722",
    "GeneralPolarity": "1",
    "Aspects": [
      {
        "Aspect": "소음",
        "SentimentText": "냉장고 받아서 작동해보는데 냉장고 소음이 정말 없어서 좋아요^^",
        "SentimentWord": "8",
        "SentimentPolarity": "1"
      },
      {
        "Aspect": "디자인",
        "SentimentText": "디자인도 깔끔해서 주방에 가면 기분이 좋네요^^",
        "SentimentWord": "6",
        "SentimentPolarity": "1"
      }
    ]
  },
  {
    "Index": "27295",
    "RawText": "OOO김치 냉장고 색깔 화이트 톤이라 고급스러워서 좋네요^^. 김치냉장고 기능중에 냉기잡는 가드가 있어서 김치맛이 더 사네요.",
    "Source": "쇼핑몰",
    "Domain": "가전",
    "MainCategory": "주방가전",
    "ProductName": "디오스 LG전자 김치톡톡 K336S141 (2022년형) 일반구매",
    "ReviewScore": "5",
    "Syllable": "70",
    "Word": "15",
    "RDate": "20220315",
    "GeneralPolarity": "1",
    "Aspects": [
      {
        "Aspect": "색상",
        "SentimentText": "OOO김치 냉장고 색깔 화이트 톤이라 고급스러워서 좋네요^^.",
        "SentimentWord": "7",
        "SentimentPolarity": "1"
      },
      {
        "Aspect": "기능",
        "SentimentText": "김치냉장고 기능중에 냉기잡는 가드가 있어서 김치맛이 더 사네요.",
        "SentimentWord": "8",
        "SentimentPolarity": "1"
      }
    ]
  },
  {
    "Index": "27296",
    "RawText": "브랜드 카드 추가할인 받아서 저렴하게 구입했는데 제품 정말 대박입니다 집 사이즈에도 맞춤마냥 딱 맞아서 너무 좋아요^^",
    "Source": "쇼핑몰",
    "Domain": "가전",
    "MainCategory": "주방가전",
    "ProductName": "디오스 LG전자 김치톡톡 K336S141 (2022년형) 일반구매",
    "ReviewScore": "5",
    "Syllable": "66",
    "Word": "16",
    "RDate": "20220721",
    "GeneralPolarity": "1",
    "Aspects": [
      {
        "Aspect": "가격",
        "SentimentText": "브랜드 카드 추가할인 받아서 저렴하게 구입했는데 제품 정말 대박입니다",
        "SentimentWord": "9",
        "SentimentPolarity": "1"
      },
      {
        "Aspect": "사이즈",
        "SentimentText": "집 사이즈에도 맞춤마냥 딱 맞아서 너무 좋아요^^ ",
        "SentimentWord": "7",
        "SentimentPolarity": "1"
      }
    ]
  },
  {
    "Index": "27297",
    "RawText": "부모님 김치냉장고가 고장나서 급하게 주문했는데 가격대비 완전 만족스러워 하셔서 효도했네요^^ 외관도 3도어 깔끔하게 잘 빠져서 마음에 드네요 많이 마세요.",
    "Source": "쇼핑몰",
    "Domain": "가전",
    "MainCategory": "주방가전",
    "ProductName": "디오스 LG전자 김치톡톡 K336S141 (2022년형) 일반구매",
    "ReviewScore": "5",
    "Syllable": "86",
    "Word": "19",
    "RDate": "20220515",
    "GeneralPolarity": "1",
    "Aspects": [
      {
        "Aspect": "가격",
        "SentimentText": "부모님 김치냉장고가 고장나서 급하게 주문했는데 가격대비 완전 만족스러워 하셔서 효도했네요^^",
        "SentimentWord": "10",
        "SentimentPolarity": "1"
      },
      {
        "Aspect": "디자인",
        "SentimentText": "외관도 3도어 깔끔하게 잘 빠져서 마음에 드네요 많이 마세요.",
        "SentimentWord": "9",
        "SentimentPolarity": "1"
      }
    ]
  },
  {
    "Index": "27298",
    "RawText": "부모님 집에 선물로 해드렸는데 배송도 빠르게 설치도 깔끔하게 해주셔서 너무 좋아하시네요. 이렇게 좋은 제품을 저렴한 가격에 살 수 있어서 너무 좋습니다. 견고하고 튼튼한 만듦새가 든든해요.",
    "Source": "쇼핑몰",
    "Domain": "가전",
    "MainCategory": "주방가전",
    "ProductName": "디오스 LG전자 김치톡톡 K336S141 (2022년형) 일반구매",
    "ReviewScore": "5",
    "Syllable": "105",
    "Word": "25",
    "RDate": "20220812",
    "Aspects": [
      {
        "Aspect": "품질",
        "SentimentText": "견고하고 튼튼한 만듦새가 든든해요.",
        "SentimentWord": "4",
        "SentimentPolarity": "1"
      },
      {
        "Aspect": "가격",
        "SentimentText": "이렇게 좋은 제품을 저렴한 가격에 살 수 있어서 너무 좋습니다.",
        "SentimentWord": "10",
        "SentimentPolarity": "1"
      }
    ]
  },
  {
    "Index": "27299",
    "RawText": "저렴한 가격에 가성비 좋은 상품 사서 만족 합니다. 하지만 불투명 김치통이 제가 사용하기에는  좀 별로네요. 냉장, 냉동 등  필요한 기능만 있어 좋습니다",
    "Source": "쇼핑몰",
    "Domain": "가전",
    "MainCategory": "주방가전",
    "ProductName": "디오스 LG전자 김치톡톡 K336S141 (2022년형) 일반구매",
    "ReviewScore": "5",
    "Syllable": "86",
    "Word": "22",
    "RDate": "20220707",
    "GeneralPolarity": "0",
    "Aspects": [
      {
        "Aspect": "가격",
        "SentimentText": "저렴한 가격에 가성비 좋은 상품 사서 만족 합니다. ",
        "SentimentWord": "8",
        "SentimentPolarity": "1"
      },
      {
        "Aspect": "제품구성",
        "SentimentText": "불투명 김치통이 제가 사용하기에는  좀 별로네요",
        "SentimentWord": "6",
        "SentimentPolarity": "0"
      },
      {
        "Aspect": "기능",
        "SentimentText": "냉장, 냉동 등  필요한 기능만 있어 좋습니다 ",
        "SentimentWord": "7",
        "SentimentPolarity": "1"
      }
    ]
  },
  {
    "Index": "27300",
    "RawText": "가전 제품은 ㅇㅇㅇ을 좋아 합니다^^ 배송은 늦은 것 같아 좀 아쉽긴 하네요 기능은 기대한만큼은 아니고 적당하네요.",
    "Source": "쇼핑몰",
    "Domain": "가전",
    "MainCategory": "주방가전",
    "ProductName": "디오스 LG전자 김치톡톡 K336S141 (2022년형) 일반구매",
    "ReviewScore": "4",
    "Syllable": "64",
    "Word": "16",
    "RDate": "20220726",
    "Aspects": [
      {
        "Aspect": "제조일/제조사",
        "SentimentText": "가전 제품은 ㅇㅇㅇ을 좋아 합니다^^",
        "SentimentWord": "5",
        "SentimentPolarity": "1"
      },
      {
        "Aspect": "기능",
        "SentimentText": "기능은 기대한만큼은 아니고 적당하네요.",
        "SentimentWord": "4",
        "SentimentPolarity": "0"
      }
    ]
  },
  {
    "Index": "27302",
    "RawText": "가전은 역시 이 브랜드죠. 역시 믿고 쓰는 냉장고예요 너무 좋아요. 배송 빨라서 너무 좋았습니다. 사이즈가 아주 적당해서 저희 집 문달린 공간에 쏙 들어가서 좋네요 잘 쓰겠습니다.",
    "Source": "쇼핑몰",
    "Domain": "가전",
    "MainCategory": "주방가전",
    "ProductName": "디오스 LG전자 김치톡톡 K336S141 (2022년형) 일반구매",
    "ReviewScore": "5",
    "Syllable": "100",
    "Word": "26",
    "RDate": "20220731",
    "Aspects": [
      {
        "Aspect": "제조일/제조사",
        "SentimentText": "가전은 역시 이 브랜드죠. 역시 믿고 쓰는 냉장고예요 너무 좋아요. ",
        "SentimentWord": "10",
        "SentimentPolarity": "1"
      },
      {
        "Aspect": "사이즈",
        "SentimentText": " 사이즈가 아주 적당해서 저희 집 문달린 공간에 쏙 들어가서 좋네요 잘 쓰겠습니다.",
        "SentimentWord": "12",
        "SentimentPolarity": "1"
      }
    ]
  },
  {
    "Index": "27305",
    "RawText": "이사 일정에 딱 맞게 배송해 주셔서 너무 좋았습니다. 실버색으로 샀더니 색이 약간 어두운 것 같아 좀 아쉽네요 저렴하게 구매해서 좋네요.",
    "Source": "쇼핑몰",
    "Domain": "가전",
    "MainCategory": "주방가전",
    "ProductName": "디오스 LG전자 김치톡톡 K336S141 (2022년형) 일반구매",
    "ReviewScore": "5",
    "Syllable": "76",
    "Word": "20",
    "RDate": "20220727",
    "Aspects": [
      {
        "Aspect": "가격",
        "SentimentText": "저렴하게 구매해서 좋네요.",
        "SentimentWord": "3",
        "SentimentPolarity": "1"
      },
      {
        "Aspect": "색상",
        "SentimentText": "실버색으로 샀더니 색이 약간 어두운 것 같아 좀 아쉽네요",
        "SentimentWord": "9",
        "SentimentPolarity": "0"
      }
    ]
  },
  {
    "Index": "27306",
    "RawText": "오래된 김치냉장고 버리고 새로 구입했는데 디자인 너무 마음에 들고 예뻐요 사용해보니 쿨링기능도 너무 좋고 숙성기능도 완벽하네요",
    "Source": "쇼핑몰",
    "Domain": "가전",
    "MainCategory": "주방가전",
    "ProductName": "디오스 LG전자 김치톡톡 K336S141 (2022년형) 일반구매",
    "ReviewScore": "5",
    "Syllable": "70",
    "Word": "16",
    "RDate": "20220802",
    "GeneralPolarity": "1",
    "Aspects": [
      {
        "Aspect": "디자인",
        "SentimentText": "오래된 김치냉장고 버리고 새로 구입했는데 디자인 너무 마음에 들고 예뻐요",
        "SentimentWord": "10",
        "SentimentPolarity": "1"
      },
      {
        "Aspect": "기능",
        "SentimentText": "사용해보니 쿨링기능도 너무 좋고 숙성기능도 완벽하네요",
        "SentimentWord": "6",
        "SentimentPolarity": "1"
      }
    ]
  },
  {
    "Index": "27308",
    "RawText": "고장으로 급하게 구매 했는데 빠르게 배송이 되어 좋네요. 가격대도 너무 마음에 들어요. 필요한 기능만 있어 더욱 만족스럽네요",
    "Source": "쇼핑몰",
    "Domain": "가전",
    "MainCategory": "주방가전",
    "ProductName": "디오스 LG전자 김치톡톡 K336S141 (2022년형) 일반구매",
    "ReviewScore": "5",
    "Syllable": "69",
    "Word": "17",
    "RDate": "20220522",
    "Aspects": [
      {
        "Aspect": "가격",
        "SentimentText": "가격대도 너무 마음에 들어요",
        "SentimentWord": "4",
        "SentimentPolarity": "1"
      },
      {
        "Aspect": "기능",
        "SentimentText": "필요한 기능만 있어 더욱 만족스럽네요 ",
        "SentimentWord": "5",
        "SentimentPolarity": "1"
      }
    ]
  },
  {
    "Index": "27310",
    "RawText": "기존냉장고랑 같이 병행해서 쓰니 한쪽은 냉장고 한쪽은 김치냉장고 나눠서 쓸 수 있어서 좋아요. 생각보다 소음도 없어서 너무 좋습니다.",
    "Source": "쇼핑몰",
    "Domain": "가전",
    "MainCategory": "주방가전",
    "ProductName": "디오스 LG전자 김치톡톡 K336S141 (2022년형) 일반구매",
    "ReviewScore": "4",
    "Syllable": "74",
    "Word": "18",
    "RDate": "20220610",
    "GeneralPolarity": "1",
    "Aspects": [
      {
        "Aspect": "편의성",
        "SentimentText": "기존냉장고랑 같이 병행해서 쓰니 한쪽은 냉장고 한쪽은 김치냉장고 나눠서 쓸 수 있어서 좋아요.",
        "SentimentWord": "13",
        "SentimentPolarity": "1"
      },
      {
        "Aspect": "소음",
        "SentimentText": "생각보다 소음도 없어서 너무 좋습니다.",
        "SentimentWord": "5",
        "SentimentPolarity": "1"
      }
    ]
  },
  {
    "Index": "27311",
    "RawText": "냉장고 디자인도 마음에 들고 가격도 저렴해서 좋고 배송도 빨라서 만족합니다~",
    "Source": "쇼핑몰",
    "Domain": "가전",
    "MainCategory": "주방가전",
    "ProductName": "디오스 LG전자 김치톡톡 K336S141 (2022년형) 일반구매",
    "ReviewScore": "5",
    "Syllable": "42",
    "Word": "10",
    "RDate": "20220822",
    "Aspects": [
      {
        "Aspect": "디자인",
        "SentimentText": "냉장고 디자인도 마음에 들고 ",
        "SentimentWord": "4",
        "SentimentPolarity": "1"
      },
      {
        "Aspect": "가격",
        "SentimentText": "가격도 저렴해서 좋고 ",
        "SentimentWord": "3",
        "SentimentPolarity": "1"
      }
    ]
  },
  {
    "Index": "27312",
    "RawText": "여러 사이트를 다녀 보고 가격이 저렴해서 구입했는데 만족해요. 용량도 크고 좋고요. 기사님도 친절해서 완전 만족하고있어요~",
    "Source": "쇼핑몰",
    "Domain": "가전",
    "MainCategory": "주방가전",
    "ProductName": "디오스 LG전자 김치톡톡 K336S141 (2022년형) 일반구매",
    "ReviewScore": "4",
    "Syllable": "68",
    "Word": "15",
    "RDate": "20220812",
    "Aspects": [
      {
        "Aspect": "가격",
        "SentimentText": "가격이 저렴해서 구입했는데 만족해요.",
        "SentimentWord": "4",
        "SentimentPolarity": "1"
      },
      {
        "Aspect": "용량",
        "SentimentText": "용량도 크고 좋고요",
        "SentimentWord": "3",
        "SentimentPolarity": "1"
      }
    ]
  },
  {
    "Index": "27314",
    "RawText": "시골 부모님께 선물해드렸는데 김치도 잘 익고 쿨링기능도 시원하다고 아주 좋아하시네요. 1등급제품이라 그런가 더 믿음갑니다 좋아요.",
    "Source": "쇼핑몰",
    "Domain": "가전",
    "MainCategory": "주방가전",
    "ProductName": "디오스 LG전자 김치톡톡 K336S141 (2022년형) 일반구매",
    "ReviewScore": "5",
    "Syllable": "72",
    "Word": "15",
    "RDate": "20220512",
    "GeneralPolarity": "1",
    "Aspects": [
      {
        "Aspect": "기능",
        "SentimentText": "시골 부모님께 선물해드렸는데 김치도 잘 익고 쿨링기능도 시원하다고 아주 좋아하시네요",
        "SentimentWord": "10",
        "SentimentPolarity": "1"
      },
      {
        "Aspect": "소비전력",
        "SentimentText": "1등급제품이라 그런가 더 믿음갑니다 좋아요.",
        "SentimentWord": "5",
        "SentimentPolarity": "1"
      }
    ]
  },
  {
    "Index": "27316",
    "RawText": "크기도 적당해서 냉동칸으로 다양하게 사용할 수 있어 좋습니다. 용기도 10개나 들어있어서 이것저것 다 깔끔하게 담아 정리했네요^^",
    "Source": "쇼핑몰",
    "Domain": "가전",
    "MainCategory": "주방가전",
    "ProductName": "디오스 LG전자 김치톡톡 K336S141 (2022년형) 일반구매",
    "ReviewScore": "5",
    "Syllable": "72",
    "Word": "16",
    "RDate": "20220609",
    "GeneralPolarity": "1",
    "Aspects": [
      {
        "Aspect": "용량",
        "SentimentText": "크기도 적당해서 냉동칸으로 다양하게 사용할 수 있어 좋습니다.",
        "SentimentWord": "8",
        "SentimentPolarity": "1"
      },
      {
        "Aspect": "제품구성",
        "SentimentText": "용기도 10개나 들어있어서 이것저것 다 깔끔하게 담아 정리했네요^^",
        "SentimentWord": "8",
        "SentimentPolarity": "1"
      }
    ]
  },
  {
    "Index": "27317",
    "RawText": "서랍칸도 있어서 너무 편리해요. 사이즈도 딱 좋아서 많이 들어가네요~ 저렴하게 아주 잘 사서 기분이 좋아요.",
    "Source": "쇼핑몰",
    "Domain": "가전",
    "MainCategory": "주방가전",
    "ProductName": "디오스 LG전자 김치톡톡 K336S141 (2022년형) 일반구매",
    "ReviewScore": "5",
    "Syllable": "60",
    "Word": "15",
    "RDate": "20220204",
    "GeneralPolarity": "1",
    "Aspects": [
      {
        "Aspect": "기능",
        "SentimentText": "서랍칸도 있어서 너무 편리해요. ",
        "SentimentWord": "4",
        "SentimentPolarity": "1"
      },
      {
        "Aspect": "용량",
        "SentimentText": "사이즈도 딱 좋아서 많이 들어가네요~",
        "SentimentWord": "5",
        "SentimentPolarity": "1"
      },
      {
        "Aspect": "가격",
        "SentimentText": "저렴하게 아주 잘 사서 기분이 좋아요.",
        "SentimentWord": "6",
        "SentimentPolarity": "1"
      }
    ]
  },
  {
    "Index": "27319",
    "RawText": "집에 있는 냉장고랑 색상이 비슷해서 잘 어울리고 이뻐요. 기사님도 진짜 친절하셔서 매우 만족합니다 사이즈도 적당해서 주방에 잘 어울려요",
    "Source": "쇼핑몰",
    "Domain": "가전",
    "MainCategory": "주방가전",
    "ProductName": "디오스 LG전자 김치톡톡 K336S141 (2022년형) 일반구매",
    "ReviewScore": "5",
    "Syllable": "75",
    "Word": "18",
    "RDate": "20220725",
    "Aspects": [
      {
        "Aspect": "색상",
        "SentimentText": "집에 있는 냉장고랑 색상이 비슷해서 잘 어울리고 이뻐요",
        "SentimentWord": "8",
        "SentimentPolarity": "1"
      },
      {
        "Aspect": "사이즈",
        "SentimentText": "사이즈도 적당해서 주방에 잘 어울려요",
        "SentimentWord": "5",
        "SentimentPolarity": "1"
      }
    ]
  },
  {
    "Index": "27320",
    "RawText": "가동시 소음이 적어서 너무 좋고요. 칸별로 나눠 있어 공간 활용도 너무 편하네요.",
    "Source": "쇼핑몰",
    "Domain": "가전",
    "MainCategory": "주방가전",
    "ProductName": "디오스 LG전자 김치톡톡 K336S141 (2022년형) 일반구매",
    "ReviewScore": "4",
    "Syllable": "45",
    "Word": "12",
    "RDate": "20220717",
    "GeneralPolarity": "1",
    "Aspects": [
      {
        "Aspect": "소음",
        "SentimentText": "가동시 소음이 적어서 너무 좋고요.",
        "SentimentWord": "5",
        "SentimentPolarity": "1"
      },
      {
        "Aspect": "편의성",
        "SentimentText": "칸별로 나눠 있어 공간 활용도 너무 편하네요.",
        "SentimentWord": "7",
        "SentimentPolarity": "1"
      }
    ]
  },
  {
    "Index": "27321",
    "RawText": "냉기가 강해서 냉동 음식 보관하기 너무 좋고요~ 소음도 거의 없어서 조용하고 좋아요. 기사님도 너무 친절하셔서 만족합니다.",
    "Source": "쇼핑몰",
    "Domain": "가전",
    "MainCategory": "주방가전",
    "ProductName": "디오스 LG전자 김치톡톡 K336S141 (2022년형) 일반구매",
    "ReviewScore": "5",
    "Syllable": "68",
    "Word": "16",
    "RDate": "20220711",
    "Aspects": [
      {
        "Aspect": "기능",
        "SentimentText": "냉기가 강해서 냉동 음식 보관하기 너무 좋고요~",
        "SentimentWord": "7",
        "SentimentPolarity": "1"
      },
      {
        "Aspect": "소음",
        "SentimentText": "소음도 거의 없어서 조용하고 좋아요",
        "SentimentWord": "5",
        "SentimentPolarity": "1"
      }
    ]
  },
  {
    "Index": "27322",
    "RawText": "김치 통도 여러 개라 만족합니다.  빠른 배송과 친절한 설치 너무 좋네요~ 내부용량이 커서 맘에 들어요",
    "Source": "쇼핑몰",
    "Domain": "가전",
    "MainCategory": "주방가전",
    "ProductName": "디오스 LG전자 김치톡톡 K336S141 (2022년형) 일반구매",
    "ReviewScore": "5",
    "Syllable": "57",
    "Word": "15",
    "RDate": "20220821",
    "Aspects": [
      {
        "Aspect": "제품구성",
        "SentimentText": "김치 통도 여러 개라 만족합니다. ",
        "SentimentWord": "5",
        "SentimentPolarity": "1"
      },
      {
        "Aspect": "용량",
        "SentimentText": "내부용량이 커서 맘에 들어요",
        "SentimentWord": "4",
        "SentimentPolarity": "1"
      }
    ]
  },
  {
    "Index": "27323",
    "RawText": "빠른배송 너무 만족합니다. 소음도 없고 조용하니 마음에 듭니다. 크기가 커서 듬직하네요",
    "Source": "쇼핑몰",
    "Domain": "가전",
    "MainCategory": "주방가전",
    "ProductName": "디오스 LG전자 김치톡톡 K336S141 (2022년형) 일반구매",
    "ReviewScore": "5",
    "Syllable": "48",
    "Word": "11",
    "RDate": "20220808",
    "Aspects": [
      {
        "Aspect": "사이즈",
        "SentimentText": "크기가 커서 듬직하네요",
        "SentimentWord": "3",
        "SentimentPolarity": "1"
      },
      {
        "Aspect": "소음",
        "SentimentText": "소음도 없고 조용하니 마음에 듭니다.",
        "SentimentWord": "5",
        "SentimentPolarity": "1"
      }
    ]
  },
  {
    "Index": "27325",
    "RawText": "배송이 너무 빨라서 좋았어요! 설치도 친절하게 잘해주시고 기사님 최고~ 소음은 은근 커서 부담스럽네요 다양한 기능이 있어서 좋네요",
    "Source": "쇼핑몰",
    "Domain": "가전",
    "MainCategory": "주방가전",
    "ProductName": "디오스 LG전자 김치톡톡 K336S141 (2022년형) 일반구매",
    "ReviewScore": "5",
    "Syllable": "72",
    "Word": "17",
    "RDate": "20220817",
    "Aspects": [
      {
        "Aspect": "기능",
        "SentimentText": "다양한 기능이 있어서 좋네요",
        "SentimentWord": "4",
        "SentimentPolarity": "1"
      },
      {
        "Aspect": "소음",
        "SentimentText": "소음은 은근 커서 부담스럽네요",
        "SentimentWord": "4",
        "SentimentPolarity": "-1"
      }
    ]
  },
  {
    "Index": "27326",
    "RawText": "배송이 지연된다고 연락이 와서 포기했었는데 제가 원하는 날짜에 배송되서 좋았습니다. 디자인도 예쁘고 마음에 들어요. 역시 전자기기는 이 브랜드 따라갈 수가 없네요ㅎ 만족스러워요,",
    "Source": "쇼핑몰",
    "Domain": "가전",
    "MainCategory": "주방가전",
    "ProductName": "디오스 LG전자 김치톡톡 K336S141 (2022년형) 일반구매",
    "ReviewScore": "5",
    "Syllable": "99",
    "Word": "22",
    "RDate": "20220416",
    "Aspects": [
      {
        "Aspect": "디자인",
        "SentimentText": "디자인도 예쁘고 마음에 들어요. ",
        "SentimentWord": "4",
        "SentimentPolarity": "1"
      },
      {
        "Aspect": "제조일/제조사",
        "SentimentText": "역시 전자기기는 이 브랜드 따라갈 수가 없네요ㅎ 만족스러워요,",
        "SentimentWord": "8",
        "SentimentPolarity": "1"
      }
    ]
  },
  {
    "Index": "27328",
    "RawText": "역시 깔끔해요 디자인 너무 너무 예쁘고 맘에 들어요. 총 상중하 칸에 10통 수납가능한데 넓어서 좋아요! 용량 걱정없이 사용할 수 있어 좋네요.",
    "Source": "쇼핑몰",
    "Domain": "가전",
    "MainCategory": "주방가전",
    "ProductName": "디오스 LG전자 김치톡톡 K336S141 (2022년형) 일반구매",
    "ReviewScore": "4",
    "Syllable": "80",
    "Word": "21",
    "RDate": "20220613",
    "GeneralPolarity": "1",
    "Aspects": [
      {
        "Aspect": "디자인",
        "SentimentText": "역시 깔끔해요 디자인 너무 너무 예쁘고 맘에 들어요. ",
        "SentimentWord": "8",
        "SentimentPolarity": "1"
      },
      {
        "Aspect": "용량",
        "SentimentText": "총 상중하 칸에 10통 수납가능한데 넓어서 좋아요! 용량 걱정없이 사용할 수 있어 좋네요.",
        "SentimentWord": "13",
        "SentimentPolarity": "1"
      }
    ]
  },
  {
    "Index": "27329",
    "RawText": "배송기사분께서 친절하게 배송해주시고 설명도 잘해주셔서 아주 잘 설치했어요 좋아요. 역시 상품은 믿고 쓰는 OOO냉장고! 너무 맘에 들어요 색상이 화사해서 맘에 들어요.",
    "Source": "쇼핑몰",
    "Domain": "가전",
    "MainCategory": "주방가전",
    "ProductName": "디오스 LG전자 김치톡톡 K336S141 (2022년형) 일반구매",
    "ReviewScore": "5",
    "Syllable": "93",
    "Word": "21",
    "RDate": "20220502",
    "Aspects": [
      {
        "Aspect": "색상",
        "SentimentText": "색상이 화사해서 맘에 들어요.",
        "SentimentWord": "4",
        "SentimentPolarity": "1"
      },
      {
        "Aspect": "제조일/제조사",
        "SentimentText": "역시 상품은 믿고 쓰는 OOO냉장고! 너무 맘에 들어요 ",
        "SentimentWord": "8",
        "SentimentPolarity": "1"
      }
    ]
  },
  {
    "Index": "27332",
    "RawText": "역시 스탠드형 냉장고가 사용하는데 편리해요. 기존 냉장고랑 색상도 비슷해서 세트 같고 이쁩니다.",
    "Source": "쇼핑몰",
    "Domain": "가전",
    "MainCategory": "주방가전",
    "ProductName": "디오스 LG전자 김치톡톡 K336S141 (2022년형) 일반구매",
    "ReviewScore": "4",
    "Syllable": "53",
    "Word": "12",
    "RDate": "20220812",
    "GeneralPolarity": "1",
    "Aspects": [
      {
        "Aspect": "편의성",
        "SentimentText": "스탠드형 냉장고가 사용하는데 편리해요.",
        "SentimentWord": "4",
        "SentimentPolarity": "1"
      },
      {
        "Aspect": "색상",
        "SentimentText": "기존 냉장고랑 색상도 비슷해서 세트 같고 이쁩니다.",
        "SentimentWord": "7",
        "SentimentPolarity": "1"
      }
    ]
  },
  {
    "Index": "27334",
    "RawText": "김치통이 한 개가 깨져서 와서 기분이 상했습니다. 그런데 기사님이 친절하시고 일 처리도 잘 해주셔서 좀 괜찮아졌습니다 조작법은 예전 제품이 훨씬 쉬웠는데 지금 제품은 조금 불편하네요",
    "Source": "쇼핑몰",
    "Domain": "가전",
    "MainCategory": "주방가전",
    "ProductName": "디오스 LG전자 김치톡톡 K336S141 (2022년형) 일반구매",
    "ReviewScore": "5",
    "Syllable": "101",
    "Word": "25",
    "RDate": "20220425",
    "Aspects": [
      {
        "Aspect": "제품구성",
        "SentimentText": "김치통이 한 개가 깨져서 와서 기분이 상했습니다",
        "SentimentWord": "7",
        "SentimentPolarity": "-1"
      },
      {
        "Aspect": "조작성",
        "SentimentText": "조작법은 예전 제품이 훨씬 쉬웠는데 지금 제품은 조금 불편하네요",
        "SentimentWord": "9",
        "SentimentPolarity": "0"
      }
    ]
  },
  {
    "Index": "27335",
    "RawText": "말씀주신 날짜보다 빠르게 배송 받아서 좋았어요. 설치 후 사용해보니 숙성보관기능은 물론 탈취기능도 훌륭해서 냄새가 안나요 너무 좋아요 소비전력이 1등급이라 완전 굿이에요",
    "Source": "쇼핑몰",
    "Domain": "가전",
    "MainCategory": "주방가전",
    "ProductName": "디오스 LG전자 김치톡톡 K336S141 (2022년형) 일반구매",
    "ReviewScore": "5",
    "Syllable": "94",
    "Word": "21",
    "RDate": "20220401",
    "Aspects": [
      {
        "Aspect": "소비전력",
        "SentimentText": "소비전력이 1등급이라 완전 굿이에요",
        "SentimentWord": "4",
        "SentimentPolarity": "1"
      },
      {
        "Aspect": "기능",
        "SentimentText": "설치 후 사용해보니 숙성보관기능은 물론 탈취기능도 훌륭해서 냄새가 안나요 너무 좋아요",
        "SentimentWord": "11",
        "SentimentPolarity": "1"
      }
    ]
  },
  {
    "Index": "27337",
    "RawText": "배송은 원하는 날짜에 와서 너무 만족스럽습니다. 할인 쿠폰 사용해서 저렴하게 잘 샀어요~ 역시 상품은 믿고 쓰는 OOO냉장고네요",
    "Source": "쇼핑몰",
    "Domain": "가전",
    "MainCategory": "주방가전",
    "ProductName": "디오스 LG전자 김치톡톡 K336S141 (2022년형) 일반구매",
    "ReviewScore": "5",
    "Syllable": "71",
    "Word": "17",
    "RDate": "20220526",
    "Aspects": [
      {
        "Aspect": "제조일/제조사",
        "SentimentText": "역시 상품은 믿고 쓰는 OOO냉장고네요",
        "SentimentWord": "5",
        "SentimentPolarity": "1"
      },
      {
        "Aspect": "가격",
        "SentimentText": "할인 쿠폰 사용해서 저렴하게 잘 샀어요~ ",
        "SentimentWord": "6",
        "SentimentPolarity": "1"
      }
    ]
  },
  {
    "Index": "27338",
    "RawText": "기사님께서 설치 후에 사용법까지 친절하게 알려주서서 좋았어요. 냉장고 소음이 좀 크지 않을까 걱정했는데 생각보다 너무 조용해서 좋아요. 숙성보관기능은 물론 탈취기능도 훌륭해서 냄새가 안나요 ",
    "Source": "쇼핑몰",
    "Domain": "가전",
    "MainCategory": "주방가전",
    "ProductName": "디오스 LG전자 김치톡톡 K336S141 (2022년형) 일반구매",
    "ReviewScore": "5",
    "Syllable": "106",
    "Word": "23",
    "RDate": "20220616",
    "Aspects": [
      {
        "Aspect": "기능",
        "SentimentText": "숙성보관기능은 물론 탈취기능도 훌륭해서 냄새가 안나요",
        "SentimentWord": "6",
        "SentimentPolarity": "1"
      },
      {
        "Aspect": "소음",
        "SentimentText": "냉장고 소음이 좀 크지 않을까 걱정했는데 생각보다 너무 조용해서 좋아요.",
        "SentimentWord": "10",
        "SentimentPolarity": "1"
      }
    ]
  },
  {
    "Index": "27339",
    "RawText": "원하는 시간에 배송 받을 수 있어서 좋았고요~ 냉장고 안 공간이 넓어서 많이 들어가요 만족합니다 사이즈가 커서 정말 좋아요",
    "Source": "쇼핑몰",
    "Domain": "가전",
    "MainCategory": "주방가전",
    "ProductName": "디오스 LG전자 김치톡톡 K336S141 (2022년형) 일반구매",
    "ReviewScore": "5",
    "Syllable": "68",
    "Word": "18",
    "RDate": "20220609",
    "Aspects": [
      {
        "Aspect": "사이즈",
        "SentimentText": "사이즈가 커서 정말 좋아요",
        "SentimentWord": "4",
        "SentimentPolarity": "1"
      },
      {
        "Aspect": "용량",
        "SentimentText": "냉장고 안 공간이 넓어서 많이 들어가요 만족합니다",
        "SentimentWord": "7",
        "SentimentPolarity": "1"
      }
    ]
  },
  {
    "Index": "27340",
    "RawText": "배송 빠르고 안전하게 잘 받아서 좋았어요. 설치도 깔끔하게 해주시고 가셨네요. 소재가 메탈이라더니 실제로 받아보니 엄청 고급스러워서 너무 좋아요 최신형 제품으로 받아서 좋네요",
    "Source": "쇼핑몰",
    "Domain": "가전",
    "MainCategory": "주방가전",
    "ProductName": "디오스 LG전자 김치톡톡 K336S141 (2022년형) 일반구매",
    "ReviewScore": "5",
    "Syllable": "97",
    "Word": "22",
    "RDate": "20220525",
    "Aspects": [
      {
        "Aspect": "제조일/제조사",
        "SentimentText": "최신형 제품으로 받아서 좋네요",
        "SentimentWord": "4",
        "SentimentPolarity": "1"
      },
      {
        "Aspect": "소재",
        "SentimentText": "소재가 메탈이라더니 실제로 받아보니 엄청 고급스러워서 너무 좋아요",
        "SentimentWord": "8",
        "SentimentPolarity": "1"
      }
    ]
  },
  {
    "Index": "27342",
    "RawText": "설치기사분이 깔끔하게 설치해주셔서 좋았어요. 디자인도 고급스럽고 제품 너무 마음에 들어 만족스러워요 조작하기 단순해서 편하네요",
    "Source": "쇼핑몰",
    "Domain": "가전",
    "MainCategory": "주방가전",
    "ProductName": "디오스 LG전자 김치톡톡 K336S141 (2022년형) 일반구매",
    "ReviewScore": "5",
    "Syllable": "70",
    "Word": "14",
    "RDate": "20220623",
    "Aspects": [
      {
        "Aspect": "조작성",
        "SentimentText": "조작하기 단순해서 편하네요",
        "SentimentWord": "3",
        "SentimentPolarity": "1"
      },
      {
        "Aspect": "디자인",
        "SentimentText": " 디자인도 고급스럽고 제품 너무 마음에 들어 만족스러워요",
        "SentimentWord": "7",
        "SentimentPolarity": "1"
      }
    ]
  },
  {
    "Index": "27343",
    "RawText": "할인 쿠폰 있어서 저렴히 잘 샀습니다. 배송도 제가 원하는 날짜에 와서 최고네요. 품질도 소문대로 정말 좋아요",
    "Source": "쇼핑몰",
    "Domain": "가전",
    "MainCategory": "주방가전",
    "ProductName": "디오스 LG전자 김치톡톡 K336S141 (2022년형) 일반구매",
    "ReviewScore": "5",
    "Syllable": "61",
    "Word": "16",
    "RDate": "20220806",
    "Aspects": [
      {
        "Aspect": "가격",
        "SentimentText": "할인 쿠폰 있어서 저렴히 잘 샀습니다. ",
        "SentimentWord": "6",
        "SentimentPolarity": "1"
      },
      {
        "Aspect": "품질",
        "SentimentText": "품질도 소문대로 정말 좋아요",
        "SentimentWord": "4",
        "SentimentPolarity": "1"
      }
    ]
  },
  {
    "Index": "27344",
    "RawText": "빠르게 배송이 되어 너무 좋습니다. 놓을 곳이 좁았는데 냉장고 사이즈가 딱 맞아 보기도 좋네요  ㅇㅇㅇ 냉장고 역시 대 만족",
    "Source": "쇼핑몰",
    "Domain": "가전",
    "MainCategory": "주방가전",
    "ProductName": "디오스 LG전자 김치톡톡 K336S141 (2022년형) 일반구매",
    "ReviewScore": "5",
    "Syllable": "69",
    "Word": "19",
    "RDate": "20220705",
    "Aspects": [
      {
        "Aspect": "사이즈",
        "SentimentText": "놓을 곳이 좁았는데 냉장고 사이즈가 딱 맞아 보기도 좋네요",
        "SentimentWord": "9",
        "SentimentPolarity": "1"
      },
      {
        "Aspect": "제조일/제조사",
        "SentimentText": "ㅇㅇㅇ 냉장고 역시 대 만족 ",
        "SentimentWord": "5",
        "SentimentPolarity": "1"
      }
    ]
  },
  {
    "Index": "27346",
    "RawText": "원하는 날짜에 배송 잘 받았습니다 만족이요. 제품도 소음도 없고 너무 좋아요. 최신 유행의 디자인 정말 좋아요",
    "Source": "쇼핑몰",
    "Domain": "가전",
    "MainCategory": "주방가전",
    "ProductName": "디오스 LG전자 김치톡톡 K336S141 (2022년형) 일반구매",
    "ReviewScore": "5",
    "Syllable": "61",
    "Word": "16",
    "RDate": "20220801",
    "Aspects": [
      {
        "Aspect": "디자인",
        "SentimentText": "최신 유행의 디자인 정말 좋아요",
        "SentimentWord": "5",
        "SentimentPolarity": "1"
      },
      {
        "Aspect": "소음",
        "SentimentText": " 제품도 소음도 없고 너무 좋아요.",
        "SentimentWord": "5",
        "SentimentPolarity": "1"
      }
    ]
  },
  {
    "Index": "27347",
    "RawText": "배송 정말 빨라요 로켓인줄.. !! 집에 있는 냉장고랑 색상이 잘어울려서 만족스럽습니다. 다양한 기능들로 만족감이 더욱 올라가요",
    "Source": "쇼핑몰",
    "Domain": "가전",
    "MainCategory": "주방가전",
    "ProductName": "디오스 LG전자 김치톡톡 K336S141 (2022년형) 일반구매",
    "ReviewScore": "5",
    "Syllable": "71",
    "Word": "16",
    "RDate": "20220515",
    "Aspects": [
      {
        "Aspect": "기능",
        "SentimentText": "다양한 기능들로 만족감이 더욱 올라가요",
        "SentimentWord": "5",
        "SentimentPolarity": "1"
      },
      {
        "Aspect": "색상",
        "SentimentText": "집에 있는 냉장고랑 색상이 잘어울려서 만족스럽습니다.",
        "SentimentWord": "6",
        "SentimentPolarity": "1"
      }
    ]
  },
  {
    "Index": "27348",
    "RawText": "오프라인에서 본 가격보다 저렴해서 만족합니다. 배송도 원하는 날짜에 받아서 좋았습니다. 전체적인 상품이 견고하고 만족스럽습니다.",
    "Source": "쇼핑몰",
    "Domain": "가전",
    "MainCategory": "주방가전",
    "ProductName": "디오스 LG전자 김치톡톡 K336S141 (2022년형) 일반구매",
    "ReviewScore": "5",
    "Syllable": "71",
    "Word": "14",
    "RDate": "20220617",
    "Aspects": [
      {
        "Aspect": "가격",
        "SentimentText": "오프라인에서 본 가격보다 저렴해서 만족합니다.",
        "SentimentWord": "5",
        "SentimentPolarity": "1"
      },
      {
        "Aspect": "품질",
        "SentimentText": "전체적인 상품이 견고하고 만족스럽습니다.",
        "SentimentWord": "4",
        "SentimentPolarity": "1"
      }
    ]
  },
  {
    "Index": "27349",
    "RawText": "설치도 빠르게 해주셔서 좋았는데 폐가전 수거까지 해주셔서 너무 좋았습니다. 설치 후 연결해서 사용하는데 금방 시원해지고 탈취기능도 바로되서 냄새가 거의 없어 좋아요. 에너지효율이 높아서 전기세 절약효과가 있네요",
    "Source": "쇼핑몰",
    "Domain": "가전",
    "MainCategory": "주방가전",
    "ProductName": "디오스 LG전자 김치톡톡 K336S141 (2022년형) 일반구매",
    "ReviewScore": "5",
    "Syllable": "117",
    "Word": "26",
    "RDate": "20220622",
    "Aspects": [
      {
        "Aspect": "소비전력",
        "SentimentText": "에너지효율이 높아서 전기세 절약효과가 있네요",
        "SentimentWord": "5",
        "SentimentPolarity": "1"
      },
      {
        "Aspect": "기능",
        "SentimentText": "설치 후 연결해서 사용하는데 금방 시원해지고 탈취기능도 바로되서 냄새가 거의 없어 좋아요.",
        "SentimentWord": "12",
        "SentimentPolarity": "1"
      }
    ]
  }
]