[
  {
    "Index": "8029",
    "RawText": "뚜껑에 실리콘 패킹 같은게 없어요. 주전자를 기울이면 뚜껑이 빠지니까 주의하세요. 가격은 저렴하고 좋아요.",
    "Source": "SNS",
    "Domain": "가전",
    "MainCategory": "주방가전",
    "ProductName": "보글리아 1.7L 티포트 전기포트 티메이커 커피포트 분유포트 VKW-308T",
    "ReviewScore": "80",
    "Syllable": "59",
    "Word": "13",
    "RDate": "20220104",
    "GeneralPolarity": "0",
    "Aspects": [
      {
        "Aspect": "제품구성",
        "SentimentText": "뚜껑에 실리콘 패킹 같은게 없어요.",
        "SentimentWord": "5",
        "SentimentPolarity": "-1"
      },
      {
        "Aspect": "품질",
        "SentimentText": "주전자를 기울이면 뚜껑이 빠지니까 주의하세요.",
        "SentimentWord": "5",
        "SentimentPolarity": "-1"
      },
      {
        "Aspect": "가격",
        "SentimentText": "가격은 저렴하고 좋아요.",
        "SentimentWord": "3",
        "SentimentPolarity": "1"
      }
    ]
  },
  {
    "Index": "8030",
    "RawText": "물이  끓는 시간이  조금  오래 걸리긴 하지만  유리랑 스테인리스 재질이라 깔끔해서 좋아요",
    "Source": "SNS",
    "Domain": "가전",
    "MainCategory": "주방가전",
    "ProductName": "보글리아 1.7L 티포트 전기포트 티메이커 커피포트 분유포트 VKW-308T",
    "ReviewScore": "100",
    "Syllable": "51",
    "Word": "12",
    "RDate": "20211223",
    "GeneralPolarity": "1",
    "Aspects": [
      {
        "Aspect": "기능",
        "SentimentText": "물이  끓는 시간이  조금  오래 걸리긴 하지만 ",
        "SentimentWord": "7",
        "SentimentPolarity": "-1"
      },
      {
        "Aspect": "소재",
        "SentimentText": "유리랑 스테인리스 재질이라 깔끔해서 좋아요",
        "SentimentWord": "5",
        "SentimentPolarity": "1"
      }
    ]
  },
  {
    "Index": "8031",
    "RawText": "배송받자마자 테스트겸 세척중인 사진임. 며칠 사용중 불편한점(or 하자?)은 차망과 뚜껑을 연결하는 곳에 이격이 있는데 이곳에 물이 차서 건조가 되질않음. 제품설계오류인 것 같아요ㅠㅠ 또한 전원선이 50~60cm정도밖에 안되서 사용할 수 있는 장소가 상당히 제한적이라 불편해요 내구성은 1년이상사용해봐야 알겠지만 제품자체의 성능은 좋아보임. 계란도 깨끗하게 잘 삶아져요^^",
    "Source": "SNS",
    "Domain": "가전",
    "MainCategory": "주방가전",
    "ProductName": "보글리아 1.7L 티포트 전기포트 티메이커 커피포트 분유포트 VKW-308T",
    "ReviewScore": "80",
    "Syllable": "208",
    "Word": "43",
    "RDate": "20200428",
    "Aspects": [
      {
        "Aspect": "품질",
        "SentimentText": "며칠 사용중 불편한점(or 하자?)은 차망과 뚜껑을 연결하는 곳에 이격이 있는데 이곳에 물이 차서 건조가 되질않음.",
        "SentimentWord": "15",
        "SentimentPolarity": "-1"
      },
      {
        "Aspect": "품질",
        "SentimentText": "제품설계오류인 것 같아요ㅠㅠ",
        "SentimentWord": "3",
        "SentimentPolarity": "-1"
      },
      {
        "Aspect": "사이즈",
        "SentimentText": "전원선이 50~60cm정도밖에 안되서 사용할 수 있는 장소가 상당히 제한적이라 불편해요",
        "SentimentWord": "10",
        "SentimentPolarity": "-1"
      },
      {
        "Aspect": "기능",
        "SentimentText": "제품자체의 성능은 좋아보임.",
        "SentimentWord": "3",
        "SentimentPolarity": "1"
      },
      {
        "Aspect": "기능",
        "SentimentText": "계란도 깨끗하게 잘 삶아져요^^",
        "SentimentWord": "4",
        "SentimentPolarity": "1"
      }
    ]
  },
  {
    "Index": "8032",
    "RawText": "배송이 너무느리고 거치대 바닥 고무패킹이 2개 빠져 있네요ㅠ ㅠ 고무패킹 보내주세요 그외엔 저렴한 가격대비 좋아요",
    "Source": "SNS",
    "Domain": "가전",
    "MainCategory": "주방가전",
    "ProductName": "보글리아 1.7L 티포트 전기포트 티메이커 커피포트 분유포트 VKW-308T",
    "ReviewScore": "70",
    "Syllable": "63",
    "Word": "15",
    "RDate": "20200510",
    "Aspects": [
      {
        "Aspect": "품질",
        "SentimentText": "바닥 고무패킹이 2개 빠져 있네요ㅠ ㅠ",
        "SentimentWord": "6",
        "SentimentPolarity": "-1"
      },
      {
        "Aspect": "가격",
        "SentimentText": "저렴한 가격대비 좋아요",
        "SentimentWord": "3",
        "SentimentPolarity": "1"
      }
    ]
  },
  {
    "Index": "8033",
    "RawText": "여러가지기능도있어서 맘에들어요 가격대비 좋아요~",
    "Source": "SNS",
    "Domain": "가전",
    "MainCategory": "주방가전",
    "ProductName": "보글리아 1.7L 티포트 전기포트 티메이커 커피포트 분유포트 VKW-308T",
    "ReviewScore": "100",
    "Syllable": "26",
    "Word": "4",
    "RDate": "20211203",
    "GeneralPolarity": "1",
    "Aspects": [
      {
        "Aspect": "기능",
        "SentimentText": "여러가지기능도있어서 맘에들어요",
        "SentimentWord": "2",
        "SentimentPolarity": "1"
      },
      {
        "Aspect": "가격",
        "SentimentText": "가격대비 좋아요~",
        "SentimentWord": "2",
        "SentimentPolarity": "1"
      }
    ]
  },
  {
    "Index": "8034",
    "RawText": "원하는 온도를 선택하는 방식이라 마음에 들어요 안쪽 닦는것도 수월하게 닦여서 좋아요",
    "Source": "SNS",
    "Domain": "가전",
    "MainCategory": "주방가전",
    "ProductName": "보글리아 1.7L 티포트 전기포트 티메이커 커피포트 분유포트 VKW-308T",
    "ReviewScore": "100",
    "Syllable": "46",
    "Word": "11",
    "RDate": "20211112",
    "GeneralPolarity": "1",
    "Aspects": [
      {
        "Aspect": "기능",
        "SentimentText": "원하는 온도를 선택하는 방식이라 마음에 들어요",
        "SentimentWord": "6",
        "SentimentPolarity": "1"
      },
      {
        "Aspect": "편의성",
        "SentimentText": "안쪽 닦는것도 수월하게 닦여서 좋아요",
        "SentimentWord": "5",
        "SentimentPolarity": "1"
      }
    ]
  },
  {
    "Index": "8035",
    "RawText": "잘쓰고있습니다~좀크긴한데 쓰기편하고 좋아요",
    "Source": "SNS",
    "Domain": "가전",
    "MainCategory": "주방가전",
    "ProductName": "보글리아 1.7L 티포트 전기포트 티메이커 커피포트 분유포트 VKW-308T",
    "ReviewScore": "100",
    "Syllable": "23",
    "Word": "3",
    "RDate": "20220127",
    "GeneralPolarity": "1",
    "Aspects": [
      {
        "Aspect": "사이즈",
        "SentimentText": "좀크긴한데",
        "SentimentWord": "1",
        "SentimentPolarity": "0"
      },
      {
        "Aspect": "편의성",
        "SentimentText": "쓰기편하고 좋아요",
        "SentimentWord": "2",
        "SentimentPolarity": "1"
      }
    ]
  },
  {
    "Index": "8036",
    "RawText": "저렴하게 잘산것같아요. 물끓여보니  제품디자인도 깔끔하고 빨리  끓어서 잘사용할것같네요^^",
    "Source": "SNS",
    "Domain": "가전",
    "MainCategory": "주방가전",
    "ProductName": "보글리아 1.7L 티포트 전기포트 티메이커 커피포트 분유포트 VKW-308T",
    "ReviewScore": "100",
    "Syllable": "50",
    "Word": "8",
    "RDate": "20210805",
    "GeneralPolarity": "1",
    "Aspects": [
      {
        "Aspect": "가격",
        "SentimentText": "저렴하게 잘산것같아요.",
        "SentimentWord": "2",
        "SentimentPolarity": "1"
      },
      {
        "Aspect": "디자인",
        "SentimentText": "제품디자인도 깔끔하고",
        "SentimentWord": "2",
        "SentimentPolarity": "1"
      },
      {
        "Aspect": "기능",
        "SentimentText": "빨리  끓어서 잘사용할것같네요^^",
        "SentimentWord": "3",
        "SentimentPolarity": "1"
      }
    ]
  },
  {
    "Index": "8037",
    "RawText": "평소 선차(녹차,황차)를 즐겨마셔 구입하게 되었는데 물도 빨리 끓어요 보온까지 되니까 편리해요.",
    "Source": "SNS",
    "Domain": "가전",
    "MainCategory": "주방가전",
    "ProductName": "보글리아 1.7L 티포트 전기포트 티메이커 커피포트 분유포트 VKW-308T",
    "ReviewScore": "100",
    "Syllable": "53",
    "Word": "11",
    "RDate": "20211114",
    "GeneralPolarity": "1",
    "Aspects": [
      {
        "Aspect": "기능",
        "SentimentText": "물도 빨리 끓어요",
        "SentimentWord": "3",
        "SentimentPolarity": "1"
      },
      {
        "Aspect": "기능",
        "SentimentText": "보온까지 되니까 편리해요.",
        "SentimentWord": "3",
        "SentimentPolarity": "1"
      }
    ]
  },
  {
    "Index": "8038",
    "RawText": "너무작고 이쁘네 디자인이 마음에 들어요 ^^ 세척하기도편해서좋아요 사용하기도 간편 ^^",
    "Source": "SNS",
    "Domain": "가전",
    "MainCategory": "주방가전",
    "ProductName": "보글리아 2L 에어프라이어 VAF-280A",
    "ReviewScore": "100",
    "Syllable": "48",
    "Word": "10",
    "RDate": "20200616",
    "GeneralPolarity": "1",
    "Aspects": [
      {
        "Aspect": "디자인",
        "SentimentText": "너무작고 이쁘네 디자인이 마음에 들어요 ^^",
        "SentimentWord": "6",
        "SentimentPolarity": "1"
      },
      {
        "Aspect": "편의성",
        "SentimentText": "세척하기도편해서좋아요",
        "SentimentWord": "1",
        "SentimentPolarity": "1"
      },
      {
        "Aspect": "조작성",
        "SentimentText": "사용하기도 간편 ^^",
        "SentimentWord": "3",
        "SentimentPolarity": "1"
      }
    ]
  },
  {
    "Index": "8039",
    "RawText": "선물했는데 너무 좋다고하네요 색상도 마음에 들고 디자인도 다 마음에든다고 ^^ ",
    "Source": "SNS",
    "Domain": "가전",
    "MainCategory": "주방가전",
    "ProductName": "보글리아 2L 에어프라이어 VAF-280A",
    "ReviewScore": "100",
    "Syllable": "44",
    "Word": "10",
    "RDate": "20210104",
    "GeneralPolarity": "1",
    "Aspects": [
      {
        "Aspect": "색상",
        "SentimentText": "색상도 마음에 들고",
        "SentimentWord": "3",
        "SentimentPolarity": "1"
      },
      {
        "Aspect": "디자인",
        "SentimentText": "디자인도 다 마음에든다고 ^^",
        "SentimentWord": "4",
        "SentimentPolarity": "1"
      }
    ]
  },
  {
    "Index": "8040",
    "RawText": "저렴하게 구입하여 만족합니다. 고구마와 계란을 구워 보았는데  잘되서 좋습니다 그런데 시간이 좀 오래 걸리네요 ;;       ",
    "Source": "SNS",
    "Domain": "가전",
    "MainCategory": "주방가전",
    "ProductName": "보글리아 2L 에어프라이어 VAF-280A",
    "ReviewScore": "100",
    "Syllable": "71",
    "Word": "15",
    "RDate": "20190320",
    "GeneralPolarity": "1",
    "Aspects": [
      {
        "Aspect": "가격",
        "SentimentText": "저렴하게 구입하여 만족합니다.",
        "SentimentWord": "3",
        "SentimentPolarity": "1"
      },
      {
        "Aspect": "기능",
        "SentimentText": "고구마와 계란을 구워 보았는데  잘되서 좋습니다",
        "SentimentWord": "6",
        "SentimentPolarity": "1"
      },
      {
        "Aspect": "시간/속도",
        "SentimentText": "그런데 시간이 좀 오래 걸리네요 ;;",
        "SentimentWord": "6",
        "SentimentPolarity": "-1"
      }
    ]
  },
  {
    "Index": "8041",
    "RawText": "생각보다 소비전력을 크게 사용하네요. ㅠ 그 밖에 성능이나 다른점은 다 좋아요",
    "Source": "SNS",
    "Domain": "가전",
    "MainCategory": "주방가전",
    "ProductName": "보랄 더 셰프 DUO 2구 하이라이트 BR-TH5800FY",
    "ReviewScore": "100",
    "Syllable": "43",
    "Word": "11",
    "RDate": "20201210",
    "GeneralPolarity": "1",
    "Aspects": [
      {
        "Aspect": "소비전력",
        "SentimentText": "생각보다 소비전력을 크게 사용하네요. ㅠ",
        "SentimentWord": "5",
        "SentimentPolarity": "-1"
      },
      {
        "Aspect": "기능",
        "SentimentText": "그 밖에 성능이나 다른점은 다 좋아요",
        "SentimentWord": "6",
        "SentimentPolarity": "1"
      }
    ]
  },
  {
    "Index": "8042",
    "RawText": "디자인은  괜찮아서 좋았는데 전원켜면 소리가 엄청커요.환풍기 돌아가는 줄 ;;...환불신청합니다.",
    "Source": "SNS",
    "Domain": "가전",
    "MainCategory": "주방가전",
    "ProductName": "보랄 더 셰프 미니 사각 인덕션 BR-SP600JR",
    "ReviewScore": "40",
    "Syllable": "54",
    "Word": "9",
    "RDate": "20210105",
    "GeneralPolarity": "-1",
    "Aspects": [
      {
        "Aspect": "디자인",
        "SentimentText": "디자인은  괜찮아서 좋았는데",
        "SentimentWord": "3",
        "SentimentPolarity": "1"
      },
      {
        "Aspect": "소음",
        "SentimentText": "전원켜면 소리가 엄청커요.환풍기 돌아가는 줄 ;;...환불신청합니다.",
        "SentimentWord": "6",
        "SentimentPolarity": "-1"
      }
    ]
  },
  {
    "Index": "8043",
    "RawText": "사용이 불편합니다. ㅠ 청소를하고 갈아끼우려면 잘 맞지 않아 애를 많이 먹어요. ;;",
    "Source": "SNS",
    "Domain": "가전",
    "MainCategory": "주방가전",
    "ProductName": "보르도 믹서기 블랜더 대용량유리컵_CZ-P2643MX(블랙/화이트)",
    "ReviewScore": "50",
    "Syllable": "47",
    "Word": "12",
    "RDate": "20220118",
    "GeneralPolarity": "-1",
    "Aspects": [
      {
        "Aspect": "편의성",
        "SentimentText": "사용이 불편합니다. ㅠ",
        "SentimentWord": "3",
        "SentimentPolarity": "-1"
      },
      {
        "Aspect": "조작성",
        "SentimentText": "청소를하고 갈아끼우려면 잘 맞지 않아 애를 많이 먹어요. ;;",
        "SentimentWord": "9",
        "SentimentPolarity": "-1"
      }
    ]
  },
  {
    "Index": "8044",
    "RawText": "제가딱찾던디자인이에요 ^^ 싸게잘사서 좋아요",
    "Source": "SNS",
    "Domain": "가전",
    "MainCategory": "주방가전",
    "ProductName": "보르도 믹서기 블랜더 대용량유리컵_CZ-P2643MX(블랙/화이트)",
    "ReviewScore": "100",
    "Syllable": "24",
    "Word": "4",
    "RDate": "20211019",
    "GeneralPolarity": "1",
    "Aspects": [
      {
        "Aspect": "디자인",
        "SentimentText": "제가딱찾던디자인이에요 ^^",
        "SentimentWord": "2",
        "SentimentPolarity": "1"
      },
      {
        "Aspect": "가격",
        "SentimentText": "싸게잘사서 좋아요",
        "SentimentWord": "2",
        "SentimentPolarity": "1"
      }
    ]
  },
  {
    "Index": "8045",
    "RawText": "디자인이 좋아요 제품을 드니까 가볍고 반죽 휘핑 둘다 가능해요 오래돌리면 타는 냄새가 납니다",
    "Source": "SNS",
    "Domain": "가전",
    "MainCategory": "주방가전",
    "ProductName": "브레드가든 반죽기 핸드 믹서 거품기 휘핑기 DH-200",
    "ReviewScore": "100",
    "Syllable": "51",
    "Word": "13",
    "RDate": "20210803",
    "GeneralPolarity": "1",
    "Aspects": [
      {
        "Aspect": "디자인",
        "SentimentText": "디자인이 좋아요",
        "SentimentWord": "2",
        "SentimentPolarity": "1"
      },
      {
        "Aspect": "무게",
        "SentimentText": "제품을 드니까 가볍고",
        "SentimentWord": "3",
        "SentimentPolarity": "1"
      },
      {
        "Aspect": "기능",
        "SentimentText": "반죽 휘핑 둘다 가능해요",
        "SentimentWord": "4",
        "SentimentPolarity": "1"
      },
      {
        "Aspect": "품질",
        "SentimentText": "오래돌리면 타는 냄새가 납니다",
        "SentimentWord": "4",
        "SentimentPolarity": "-1"
      }
    ]
  },
  {
    "Index": "8046",
    "RawText": "커피포트 처럼 빠르진 않는데 그래도 라면 끓여먹기 좋습니다 잘 끓고 라면도 3개ㅡ4개 까지는 가능합니다 다만 계란넣고 끓이면 바닥에 타서 눌러붙어서 설거지할때 좀 힘들긴 하지만 ;; 그래도 이정도면 가격대비 좋다고 봅니다 굳",
    "Source": "SNS",
    "Domain": "가전",
    "MainCategory": "주방가전",
    "ProductName": "블레스 파스텔 라면포트 MP10",
    "ReviewScore": "100",
    "Syllable": "125",
    "Word": "31",
    "RDate": "20190423",
    "GeneralPolarity": "1",
    "Aspects": [
      {
        "Aspect": "기능",
        "SentimentText": "라면 끓여먹기 좋습니다 잘 끓고 라면도 3개ㅡ4개 까지는 가능합니다",
        "SentimentWord": "9",
        "SentimentPolarity": "1"
      },
      {
        "Aspect": "편의성",
        "SentimentText": "다만 계란넣고 끓이면 바닥에 타서 눌러붙어서 설거지할때 좀 힘들긴 하지만 ;;",
        "SentimentWord": "11",
        "SentimentPolarity": "-1"
      },
      {
        "Aspect": "가격",
        "SentimentText": "그래도 이정도면 가격대비 좋다고 봅니다 굳",
        "SentimentWord": "6",
        "SentimentPolarity": "1"
      }
    ]
  },
  {
    "Index": "8047",
    "RawText": "색상도 이쁘고 ^^ 빵도  잘 구워지고 간편히 흘수 있어서 만족이요",
    "Source": "SNS",
    "Domain": "가전",
    "MainCategory": "주방가전",
    "ProductName": "블레스 파스텔 토스터기 TP85(베이지/민트/핑크)",
    "ReviewScore": "100",
    "Syllable": "37",
    "Word": "10",
    "RDate": "20200319",
    "GeneralPolarity": "1",
    "Aspects": [
      {
        "Aspect": "색상",
        "SentimentText": "색상도 이쁘고 ^^ ",
        "SentimentWord": "3",
        "SentimentPolarity": "1"
      },
      {
        "Aspect": "기능",
        "SentimentText": "빵도  잘 구워지고 간편히 흘수 있어서 만족이요",
        "SentimentWord": "7",
        "SentimentPolarity": "1"
      }
    ]
  },
  {
    "Index": "8048",
    "RawText": "외관 깔끔하니 디자인도 예쁘고 ^^ 빵도 보기좋게 구워집니다. 잘 사용할게요^^",
    "Source": "SNS",
    "Domain": "가전",
    "MainCategory": "주방가전",
    "ProductName": "블레스 파스텔 토스터기 TP85(베이지/민트/핑크)",
    "ReviewScore": "100",
    "Syllable": "44",
    "Word": "10",
    "RDate": "20210514",
    "GeneralPolarity": "1",
    "Aspects": [
      {
        "Aspect": "디자인",
        "SentimentText": "외관 깔끔하니 디자인도 예쁘고 ^^",
        "SentimentWord": "5",
        "SentimentPolarity": "1"
      },
      {
        "Aspect": "기능",
        "SentimentText": "빵도 보기좋게 구워집니다. 잘 사용할게요^^",
        "SentimentWord": "5",
        "SentimentPolarity": "1"
      }
    ]
  },
  {
    "Index": "8049",
    "RawText": "급한대로 식빵으로 사용했어요 사이즈귀엽고 ^^ 굽는것도 잘되서 좋네요~  판세척하기도 편하네요~",
    "Source": "SNS",
    "Domain": "가전",
    "MainCategory": "주방가전",
    "ProductName": "비스카 2in1 와플 브런치메이커 VK-E620WSM",
    "ReviewScore": "100",
    "Syllable": "53",
    "Word": "10",
    "RDate": "20210907",
    "GeneralPolarity": "1",
    "Aspects": [
      {
        "Aspect": "사이즈",
        "SentimentText": "사이즈귀엽고 ^^",
        "SentimentWord": "2",
        "SentimentPolarity": "1"
      },
      {
        "Aspect": "기능",
        "SentimentText": "굽는것도 잘되서 좋네요~ ",
        "SentimentWord": "3",
        "SentimentPolarity": "1"
      },
      {
        "Aspect": "편의성",
        "SentimentText": "판세척하기도 편하네요~",
        "SentimentWord": "2",
        "SentimentPolarity": "1"
      }
    ]
  },
  {
    "Index": "8050",
    "RawText": "아무런 기능 없고 디자인만 보고 산거라 대체로 만족하는데 전원 코드선은 진짜 너무 짧아서 아쉽네요. ㅠ ",
    "Source": "SNS",
    "Domain": "가전",
    "MainCategory": "주방가전",
    "ProductName": "비스카 2in1 와플 브런치메이커 VK-E620WSM",
    "ReviewScore": "70",
    "Syllable": "58",
    "Word": "15",
    "RDate": "20220212",
    "GeneralPolarity": "0",
    "Aspects": [
      {
        "Aspect": "디자인",
        "SentimentText": "디자인만 보고 산거라 대체로 만족하는데",
        "SentimentWord": "5",
        "SentimentPolarity": "1"
      },
      {
        "Aspect": "편의성",
        "SentimentText": "전원 코드선은 진짜 너무 짧아서 아쉽네요. ㅠ",
        "SentimentWord": "7",
        "SentimentPolarity": "-1"
      }
    ]
  },
  {
    "Index": "8051",
    "RawText": "옐로우 병아리색 ^^ 디자인도 아담하고 귀여워요. 1인용으로는 딱이네요. 온앤오프 버튼이 없어서 조금 불편한거는 아쉽지만 ㅠ 그거 빼곤 만족해요.",
    "Source": "SNS",
    "Domain": "가전",
    "MainCategory": "주방가전",
    "ProductName": "비스카 2in1 와플 브런치메이커 VK-E620WSM",
    "ReviewScore": "100",
    "Syllable": "81",
    "Word": "18",
    "RDate": "20210820",
    "GeneralPolarity": "1",
    "Aspects": [
      {
        "Aspect": "색상",
        "SentimentText": "옐로우 병아리색 ^^",
        "SentimentWord": "3",
        "SentimentPolarity": "1"
      },
      {
        "Aspect": "디자인",
        "SentimentText": "디자인도 아담하고 귀여워요.",
        "SentimentWord": "3",
        "SentimentPolarity": "1"
      },
      {
        "Aspect": "조작성",
        "SentimentText": "온앤오프 버튼이 없어서 조금 불편한거는 아쉽지만 ㅠ",
        "SentimentWord": "7",
        "SentimentPolarity": "-1"
      }
    ]
  },
  {
    "Index": "8052",
    "RawText": "이정도 가격도 만족하는데 와플 샌드위치 2가지 다 되니 정말 좋아요",
    "Source": "SNS",
    "Domain": "가전",
    "MainCategory": "주방가전",
    "ProductName": "비스카 2in1 와플 브런치메이커 VK-E620WSM",
    "ReviewScore": "100",
    "Syllable": "37",
    "Word": "10",
    "RDate": "20210813",
    "GeneralPolarity": "1",
    "Aspects": [
      {
        "Aspect": "가격",
        "SentimentText": "이정도 가격도 만족하는데",
        "SentimentWord": "3",
        "SentimentPolarity": "1"
      },
      {
        "Aspect": "기능",
        "SentimentText": "와플 샌드위치 2가지 다 되니 정말 좋아요",
        "SentimentWord": "7",
        "SentimentPolarity": "1"
      }
    ]
  },
  {
    "Index": "8053",
    "RawText": "사이즈 작아서 마음에 들고 디자인 예쁩니다. ^^    성능은  아직확인하지 못했지만   식빵 크기입니다",
    "Source": "SNS",
    "Domain": "가전",
    "MainCategory": "주방가전",
    "ProductName": "비스카 2in1 와플 브런치메이커 VK-E620WSM",
    "ReviewScore": "100",
    "Syllable": "58",
    "Word": "12",
    "RDate": "20210726",
    "GeneralPolarity": "1",
    "Aspects": [
      {
        "Aspect": "사이즈",
        "SentimentText": "사이즈 작아서 마음에 들고",
        "SentimentWord": "4",
        "SentimentPolarity": "1"
      },
      {
        "Aspect": "디자인",
        "SentimentText": "디자인 예쁩니다. ^^  ",
        "SentimentWord": "3",
        "SentimentPolarity": "1"
      }
    ]
  },
  {
    "Index": "8054",
    "RawText": "OO덕분에(?) 드디어 와플메이커를 샀어요 ! 중국산이지만 생각보다 견고해보이고 제법 묵직해서 놀랬어요 . 만족해요. 크기도 아담해서 자리 차지도 안하니까 좋구요 식빵한장의 크기 ? (이게 단점이 될수도 있지만 ㅠ)  옐로우밖에 없어서 조금 아쉬웠지만 받아보니 딱 부담스럽지 않은 은은한 파스텔톤의 연노랑이에요 아이보리에 가까운?  아 선이 짧은게 하나 더 아쉬워요 엄청 짧습니다ㅜ  처음 공회전할때 연기가 엄청나니 놀라지 마시구요… 세척후 드디어 사용해봤습니다. 집에 크루아상 냉동반죽이 큰거밖에 없었는데 대각선으로 넣으니 얼추 될거같아서 넣고 눌렀어요 ㅎ 근데 혹시나싶어 버터칠을 했는데 나중에 버터가 새어나오더라구요ㅜ 반을 잘라 하던가 꼭 미니크기의 반죽을 사용하도록 해요… 녹은버터가 팬 연결부위의 빈틈에 들어가서 밑에까지 줄줄 흐르는 대참사… 고장만 안나면 좋겠는데 말이죠… ㅠ 아무튼 ..한 3분~5분 정도 눌러주니 아주 맛깔스럽게 익었어요 . 바삭바삭하니 맛있는 크로플 완성 ~! 이 가격에 팬도 두개, 게다가 분리형! 제품구성 좋고 가성비 넘쳐요 글구 제조일도 최근이더라구요! 굳굳",
    "Source": "SNS",
    "Domain": "가전",
    "MainCategory": "주방가전",
    "ProductName": "비스카 2in1 와플 브런치메이커 VK-E620WSM",
    "ReviewScore": "100",
    "Syllable": "557",
    "Word": "126",
    "RDate": "20210821",
    "Aspects": [
      {
        "Aspect": "내구성",
        "SentimentText": "생각보다 견고해보이고 제법 묵직해서 놀랬어요 . 만족해요.",
        "SentimentWord": "7",
        "SentimentPolarity": "1"
      },
      {
        "Aspect": "사이즈",
        "SentimentText": "크기도 아담해서 자리 차지도 안하니까 좋구요",
        "SentimentWord": "6",
        "SentimentPolarity": "1"
      },
      {
        "Aspect": "사이즈",
        "SentimentText": "선이 짧은게 하나 더 아쉬워요 엄청 짧습니다ㅜ ",
        "SentimentWord": "7",
        "SentimentPolarity": "-1"
      },
      {
        "Aspect": "가격",
        "SentimentText": "이 가격에 팬도 두개, 게다가 분리형! 제품구성 좋고 가성비 넘쳐요",
        "SentimentWord": "10",
        "SentimentPolarity": "1"
      },
      {
        "Aspect": "제조일/제조사",
        "SentimentText": "글구 제조일도 최근이더라구요! 굳굳",
        "SentimentWord": "4",
        "SentimentPolarity": "1"
      }
    ]
  },
  {
    "Index": "8055",
    "RawText": "거품이 더 쫀쫀하게 하는 방법 궁금해요 잘 데워져서 좋아요 그리고 디자인이 고급스럽고 세척하기가 편리합니다~",
    "Source": "SNS",
    "Domain": "가전",
    "MainCategory": "주방가전",
    "ProductName": "솔리스 우유거품기/밀크프로더 TYPE689K",
    "ReviewScore": "100",
    "Syllable": "60",
    "Word": "14",
    "RDate": "20210820",
    "GeneralPolarity": "1",
    "Aspects": [
      {
        "Aspect": "기능",
        "SentimentText": "잘 데워져서 좋아요",
        "SentimentWord": "3",
        "SentimentPolarity": "1"
      },
      {
        "Aspect": "디자인",
        "SentimentText": "디자인이 고급스럽고",
        "SentimentWord": "2",
        "SentimentPolarity": "1"
      },
      {
        "Aspect": "편의성",
        "SentimentText": "세척하기가 편리합니다~",
        "SentimentWord": "2",
        "SentimentPolarity": "1"
      }
    ]
  },
  {
    "Index": "8056",
    "RawText": "배송 빠르고 만족해요 제품도 성능이 좋아요~ 수돗물로만 3번 가열 후 버리고 말리고 반복하면서점처럼 투명하얀거? 있길래  부드러운 천으로 닦아주니 바로 없어 졌네요~  삼다수로 2번 더 가열 후 버리고 말렸습니다~ 물에서도 냄새 안나고 좋아요~쇠 냄새도 안나네요~ 보온 기능 했는데 아주 잘 됩니다~ 물도 빨리 끓고 보온도 잘 되네요~ 아기 분유포트용으로 장만 했는데 선택 잘 한 것 같아요~ 가벼워서 좋아요~(매번 들어야 하니깐) 디자인도 좋고 ^^ 색상(하양하양하니)도 맘에 들어요~",
    "Source": "SNS",
    "Domain": "가전",
    "MainCategory": "주방가전",
    "ProductName": "솔리스 자동온도조절 무선 전기주전자/분유포트/커피포트 TYPE5512",
    "ReviewScore": "100",
    "Syllable": "272",
    "Word": "65",
    "RDate": "20210129",
    "Aspects": [
      {
        "Aspect": "기능",
        "SentimentText": "제품도 성능이 좋아요~",
        "SentimentWord": "3",
        "SentimentPolarity": "1"
      },
      {
        "Aspect": "품질",
        "SentimentText": "물에서도 냄새 안나고 좋아요~쇠 냄새도 안나네요~",
        "SentimentWord": "6",
        "SentimentPolarity": "1"
      },
      {
        "Aspect": "기능",
        "SentimentText": "보온 기능 했는데 아주 잘 됩니다~ 물도 빨리 끓고 보온도 잘 되네요~ 아기 분유포트용으로 장만 했는데 선택 잘 한 것 같아요~",
        "SentimentWord": "21",
        "SentimentPolarity": "1"
      },
      {
        "Aspect": "무게",
        "SentimentText": "가벼워서 좋아요~(매번 들어야 하니깐)",
        "SentimentWord": "4",
        "SentimentPolarity": "1"
      },
      {
        "Aspect": "디자인",
        "SentimentText": "디자인도 좋고 ^^",
        "SentimentWord": "3",
        "SentimentPolarity": "1"
      },
      {
        "Aspect": "색상",
        "SentimentText": "색상(하양하양하니)도 맘에 들어요~",
        "SentimentWord": "3",
        "SentimentPolarity": "1"
      }
    ]
  },
  {
    "Index": "8057",
    "RawText": "디자인은 예쁘고 좋아요 하지만 사이즈가 작아서 빵집에서 사온 토스트용 식빵이 커서 잘라서 넣어야했어요  구워지는정도도 괜찮고 손잡이 안전장치도 나름 손쉽게 열고 잠글수있어서 좋았는데 작아서 식빵이 온전하게 들어가지않는게 최고 아쉽네요 ㅠ",
    "Source": "SNS",
    "Domain": "가전",
    "MainCategory": "주방가전",
    "ProductName": "시메오 오데르 휴 샌드위치 메이커 DK-110/100A",
    "ReviewScore": "70",
    "Syllable": "132",
    "Word": "29",
    "RDate": "20200411",
    "GeneralPolarity": "1",
    "Aspects": [
      {
        "Aspect": "디자인",
        "SentimentText": "디자인은 예쁘고 좋아요",
        "SentimentWord": "3",
        "SentimentPolarity": "1"
      },
      {
        "Aspect": "기능",
        "SentimentText": "구워지는정도도 괜찮고",
        "SentimentWord": "2",
        "SentimentPolarity": "1"
      },
      {
        "Aspect": "조작성",
        "SentimentText": "손잡이 안전장치도 나름 손쉽게 열고 잠글수있어서 좋았는데",
        "SentimentWord": "7",
        "SentimentPolarity": "1"
      },
      {
        "Aspect": "사이즈",
        "SentimentText": "작아서 식빵이 온전하게 들어가지않는게 최고 아쉽네요 ㅠ",
        "SentimentWord": "7",
        "SentimentPolarity": "-1"
      }
    ]
  },
  {
    "Index": "8058",
    "RawText": "색상,디자인이 맘에듭니다. 식빵요리 간편하게 잘할수있어서 좋으네요.",
    "Source": "SNS",
    "Domain": "가전",
    "MainCategory": "주방가전",
    "ProductName": "시메오 오데르 휴 샌드위치 메이커 DK-110/100A",
    "ReviewScore": "100",
    "Syllable": "37",
    "Word": "6",
    "RDate": "20200412",
    "GeneralPolarity": "1",
    "Aspects": [
      {
        "Aspect": "색상",
        "SentimentText": "색상,디자인이 맘에듭니다. ",
        "SentimentWord": "2",
        "SentimentPolarity": "1"
      },
      {
        "Aspect": "디자인",
        "SentimentText": "디자인이 맘에듭니다.",
        "SentimentWord": "2",
        "SentimentPolarity": "1"
      },
      {
        "Aspect": "편의성",
        "SentimentText": "식빵요리 간편하게 잘할수있어서 좋으네요.",
        "SentimentWord": "4",
        "SentimentPolarity": "1"
      }
    ]
  },
  {
    "Index": "8059",
    "RawText": "타이머숫자 불빛이 나갔네요 그냥 귀찮아씁니다 하지만 투명트레이로 건조상태 체크가 편리해서 좋네요~",
    "Source": "SNS",
    "Domain": "가전",
    "MainCategory": "주방가전",
    "ProductName": "식품건조기 야채 과일 고기 6단 WD-501",
    "ReviewScore": "60",
    "Syllable": "54",
    "Word": "11",
    "RDate": "20200418",
    "GeneralPolarity": "0",
    "Aspects": [
      {
        "Aspect": "품질",
        "SentimentText": "타이머숫자 불빛이 나갔네요 그냥 귀찮아씁니다 ",
        "SentimentWord": "5",
        "SentimentPolarity": "-1"
      },
      {
        "Aspect": "편의성",
        "SentimentText": "투명트레이로 건조상태 체크가 편리해서 좋네요~",
        "SentimentWord": "5",
        "SentimentPolarity": "1"
      }
    ]
  },
  {
    "Index": "8060",
    "RawText": "디자인도 깔끔해서 좋고 원터치라고 사용하기도 아주 편해요",
    "Source": "SNS",
    "Domain": "가전",
    "MainCategory": "주방가전",
    "ProductName": "신일 믹서기/텀블러/원터치/십자칼날 SMX-C907EQ K",
    "ReviewScore": "100",
    "Syllable": "31",
    "Word": "7",
    "RDate": "20210809",
    "GeneralPolarity": "1",
    "Aspects": [
      {
        "Aspect": "디자인",
        "SentimentText": "디자인도 깔끔해서 좋고",
        "SentimentWord": "3",
        "SentimentPolarity": "1"
      },
      {
        "Aspect": "조작성",
        "SentimentText": "원터치라고 사용하기도 아주 편해요",
        "SentimentWord": "4",
        "SentimentPolarity": "1"
      }
    ]
  },
  {
    "Index": "8061",
    "RawText": "튼튼해서 만족하고 대체로 품질이 좋은거같아요  하지만 소리가 조금 큰거 같아요 ;;",
    "Source": "SNS",
    "Domain": "가전",
    "MainCategory": "주방가전",
    "ProductName": "신일 믹서기/텀블러/원터치/십자칼날 SMX-C907EQ K",
    "ReviewScore": "100",
    "Syllable": "46",
    "Word": "11",
    "RDate": "20210407",
    "GeneralPolarity": "1",
    "Aspects": [
      {
        "Aspect": "내구성",
        "SentimentText": "튼튼해서 만족하고",
        "SentimentWord": "2",
        "SentimentPolarity": "1"
      },
      {
        "Aspect": "품질",
        "SentimentText": "대체로 품질이 좋은거같아요",
        "SentimentWord": "3",
        "SentimentPolarity": "1"
      },
      {
        "Aspect": "소음",
        "SentimentText": "하지만 소리가 조금 큰거 같아요 ;;",
        "SentimentWord": "6",
        "SentimentPolarity": "-1"
      }
    ]
  },
  {
    "Index": "8062",
    "RawText": "식탁에서 바로조리 할수잇고 먹을수잇어서 넘 편리하고 좋아요 식사끝날때까지  뜨겁게 먹어서 맛잇게 먹을수잇어서강추합니다.",
    "Source": "SNS",
    "Domain": "가전",
    "MainCategory": "주방가전",
    "ProductName": "신일산업 쿠커/국산 SPP-MI151WS",
    "ReviewScore": "100",
    "Syllable": "66",
    "Word": "12",
    "RDate": "20200109",
    "GeneralPolarity": "1",
    "Aspects": [
      {
        "Aspect": "편의성",
        "SentimentText": "식탁에서 바로조리 할수잇고 먹을수잇어서 넘 편리하고 좋아요",
        "SentimentWord": "7",
        "SentimentPolarity": "1"
      },
      {
        "Aspect": "기능",
        "SentimentText": "식사끝날때까지  뜨겁게 먹어서 맛잇게 먹을수잇어서강추합니다.",
        "SentimentWord": "5",
        "SentimentPolarity": "1"
      }
    ]
  },
  {
    "Index": "8063",
    "RawText": "걔란 고구마 모두 잘되서 좋고 물다 없어지면 자동꺼지니 안전하고 편하네요. 만족합니다.",
    "Source": "SNS",
    "Domain": "가전",
    "MainCategory": "주방가전",
    "ProductName": "아델 2단 계란찜기",
    "ReviewScore": "100",
    "Syllable": "48",
    "Word": "11",
    "RDate": "20210820",
    "Aspects": [
      {
        "Aspect": "기능",
        "SentimentText": "걔란 고구마 모두 잘되서 좋고",
        "SentimentWord": "5",
        "SentimentPolarity": "1"
      },
      {
        "Aspect": "편의성",
        "SentimentText": "물다 없어지면 자동꺼지니 안전하고 편하네요. 만족합니다.",
        "SentimentWord": "6",
        "SentimentPolarity": "1"
      }
    ]
  },
  {
    "Index": "8064",
    "RawText": "계란이 신경 안써도 빨리 맛있게 쪄져서 자주 쓰게되네요 ^^ 가격도 싸고 좋네요 맛있게 쪄주는 계란찜기 강추합니다",
    "Source": "SNS",
    "Domain": "가전",
    "MainCategory": "주방가전",
    "ProductName": "아델 2단 계란찜기",
    "ReviewScore": "100",
    "Syllable": "63",
    "Word": "16",
    "RDate": "20210725",
    "GeneralPolarity": "1",
    "Aspects": [
      {
        "Aspect": "시간/속도",
        "SentimentText": "계란이 신경 안써도 빨리 맛있게 쪄져서 자주 쓰게되네요 ^^",
        "SentimentWord": "9",
        "SentimentPolarity": "1"
      },
      {
        "Aspect": "가격",
        "SentimentText": "가격도 싸고 좋네요",
        "SentimentWord": "3",
        "SentimentPolarity": "1"
      }
    ]
  },
  {
    "Index": "8065",
    "RawText": "계란찔때 빨리되고 익힘정도조절이 쉬워좋아요.헌데 컵에붙은뾰족이로는 계란에 구멍내기 힘들어요. ;;",
    "Source": "SNS",
    "Domain": "가전",
    "MainCategory": "주방가전",
    "ProductName": "아델 2단 계란찜기",
    "ReviewScore": "100",
    "Syllable": "54",
    "Word": "9",
    "RDate": "20210724",
    "GeneralPolarity": "1",
    "Aspects": [
      {
        "Aspect": "조작성",
        "SentimentText": "계란찔때 빨리되고 익힘정도조절이 쉬워좋아요.",
        "SentimentWord": "4",
        "SentimentPolarity": "1"
      },
      {
        "Aspect": "편의성",
        "SentimentText": "헌데 컵에붙은뾰족이로는 계란에 구멍내기 힘들어요. ;;",
        "SentimentWord": "6",
        "SentimentPolarity": "-1"
      }
    ]
  },
  {
    "Index": "8066",
    "RawText": "계량컵 뾰족한 부분으로 구멍뚫다 계란하나 깨먹었어요 ;; 사용이 불편하네요 구멍 안뚫어도 잘 쪄져서 좋긴 하네요",
    "Source": "SNS",
    "Domain": "가전",
    "MainCategory": "주방가전",
    "ProductName": "아델 2단 계란찜기",
    "ReviewScore": "80",
    "Syllable": "62",
    "Word": "15",
    "RDate": "20210503",
    "GeneralPolarity": "0",
    "Aspects": [
      {
        "Aspect": "편의성",
        "SentimentText": "계량컵 뾰족한 부분으로 구멍뚫다 계란하나 깨먹었어요 ;; 사용이 불편하네요",
        "SentimentWord": "9",
        "SentimentPolarity": "-1"
      },
      {
        "Aspect": "기능",
        "SentimentText": "구멍 안뚫어도 잘 쪄져서 좋긴 하네요",
        "SentimentWord": "6",
        "SentimentPolarity": "1"
      }
    ]
  },
  {
    "Index": "8067",
    "RawText": "이정도 품질이라면 돈 더주고 좋은거 사세요. ;; 제품 검증하고  제값 받고 판매했으면 좋겠어요. ;;",
    "Source": "SNS",
    "Domain": "가전",
    "MainCategory": "주방가전",
    "ProductName": "아델 2단 계란찜기",
    "ReviewScore": "40",
    "Syllable": "57",
    "Word": "14",
    "RDate": "20210524",
    "GeneralPolarity": "-1",
    "Aspects": [
      {
        "Aspect": "품질",
        "SentimentText": "이정도 품질이라면 돈 더주고 좋은거 사세요. ;;",
        "SentimentWord": "7",
        "SentimentPolarity": "-1"
      },
      {
        "Aspect": "품질",
        "SentimentText": "제품 검증하고  제값 받고 판매했으면 좋겠어요. ;;",
        "SentimentWord": "7",
        "SentimentPolarity": "-1"
      }
    ]
  },
  {
    "Index": "8068",
    "RawText": "딱 가격만큼인듯해요 전기줄의 무게 때문에 디뚱거림이 좀 있어서 그렇군요",
    "Source": "SNS",
    "Domain": "가전",
    "MainCategory": "주방가전",
    "ProductName": "아델 2단 계란찜기",
    "ReviewScore": "100",
    "Syllable": "39",
    "Word": "9",
    "RDate": "20210403",
    "GeneralPolarity": "-1",
    "Aspects": [
      {
        "Aspect": "가격",
        "SentimentText": "딱 가격만큼인듯해요",
        "SentimentWord": "2",
        "SentimentPolarity": "-1"
      },
      {
        "Aspect": "무게",
        "SentimentText": "전기줄의 무게 때문에 디뚱거림이 좀 있어서 그렇군요",
        "SentimentWord": "7",
        "SentimentPolarity": "-1"
      }
    ]
  },
  {
    "Index": "8069",
    "RawText": "빠른시간에 맛있고 적당히 익어서 부드럽고 아주 좋아요 자동으로 꺼지니까 더 좋네요 저렴한 가격으로 잘구입했쪄용^^",
    "Source": "SNS",
    "Domain": "가전",
    "MainCategory": "주방가전",
    "ProductName": "아델 2단 계란찜기",
    "ReviewScore": "100",
    "Syllable": "63",
    "Word": "14",
    "RDate": "20210206",
    "GeneralPolarity": "1",
    "Aspects": [
      {
        "Aspect": "기능",
        "SentimentText": "빠른시간에 맛있고 적당히 익어서 부드럽고 아주 좋아요",
        "SentimentWord": "7",
        "SentimentPolarity": "1"
      },
      {
        "Aspect": "편의성",
        "SentimentText": "자동으로 꺼지니까 더 좋네요",
        "SentimentWord": "4",
        "SentimentPolarity": "1"
      },
      {
        "Aspect": "가격",
        "SentimentText": "저렴한 가격으로 잘구입했쪄용^^",
        "SentimentWord": "3",
        "SentimentPolarity": "1"
      }
    ]
  },
  {
    "Index": "8070",
    "RawText": "빠른시간에살은계란을먹을수있어좋긴한데계란이다깨지고구멍낸곳에서흘러 넘쳐좀ᆢ ;;",
    "Source": "SNS",
    "Domain": "가전",
    "MainCategory": "주방가전",
    "ProductName": "아델 2단 계란찜기",
    "ReviewScore": "60",
    "Syllable": "42",
    "Word": "3",
    "RDate": "20210224",
    "GeneralPolarity": "0",
    "Aspects": [
      {
        "Aspect": "시간/속도",
        "SentimentText": "빠른시간에살은계란을먹을수있어좋긴한데",
        "SentimentWord": "1",
        "SentimentPolarity": "1"
      },
      {
        "Aspect": "편의성",
        "SentimentText": "계란이다깨지고구멍낸곳에서흘러 넘쳐좀ᆢ ;;",
        "SentimentWord": "3",
        "SentimentPolarity": "-1"
      }
    ]
  },
  {
    "Index": "8071",
    "RawText": "시간도 단축되고 편하긴한데 간혹 달걀이 터지기도 하고 물양을 조절했는데도 덜익을때도 있어여",
    "Source": "SNS",
    "Domain": "가전",
    "MainCategory": "주방가전",
    "ProductName": "아델 2단 계란찜기",
    "ReviewScore": "100",
    "Syllable": "50",
    "Word": "11",
    "RDate": "20210822",
    "GeneralPolarity": "0",
    "Aspects": [
      {
        "Aspect": "시간/속도",
        "SentimentText": "시간도 단축되고 편하긴한데",
        "SentimentWord": "3",
        "SentimentPolarity": "1"
      },
      {
        "Aspect": "기능",
        "SentimentText": "간혹 달걀이 터지기도 하고 물양을 조절했는데도 덜익을때도 있어여",
        "SentimentWord": "8",
        "SentimentPolarity": "-1"
      }
    ]
  },
  {
    "Index": "8072",
    "RawText": "사이즈가 엄청 작아서 좋고, 가벼워서 좋네요. 꼭 장난감 같아요. 잘 쓰겠습니다",
    "Source": "SNS",
    "Domain": "가전",
    "MainCategory": "주방가전",
    "ProductName": "아델 2단 계란찜기",
    "ReviewScore": "40",
    "Syllable": "44",
    "Word": "11",
    "RDate": "20210613",
    "GeneralPolarity": "1",
    "Aspects": [
      {
        "Aspect": "사이즈",
        "SentimentText": "사이즈가 엄청 작아서 좋고,",
        "SentimentWord": "4",
        "SentimentPolarity": "1"
      },
      {
        "Aspect": "무게",
        "SentimentText": "가벼워서 좋네요. 꼭 장난감 같아요.",
        "SentimentWord": "5",
        "SentimentPolarity": "1"
      }
    ]
  },
  {
    "Index": "8073",
    "RawText": "원하는대로 반숙이면ᆢ반숙 ,완숙 넘 맘에들어요 ᆢ힘들지않게 맛있게 쪄져서 편하고 좋아요",
    "Source": "SNS",
    "Domain": "가전",
    "MainCategory": "주방가전",
    "ProductName": "아델 2단 계란찜기",
    "ReviewScore": "100",
    "Syllable": "48",
    "Word": "10",
    "RDate": "20210515",
    "GeneralPolarity": "1",
    "Aspects": [
      {
        "Aspect": "기능",
        "SentimentText": "원하는대로 반숙이면ᆢ반숙 ,완숙 넘 맘에들어요 ",
        "SentimentWord": "5",
        "SentimentPolarity": "1"
      },
      {
        "Aspect": "편의성",
        "SentimentText": "힘들지않게 맛있게 쪄져서 편하고 좋아요",
        "SentimentWord": "5",
        "SentimentPolarity": "1"
      }
    ]
  },
  {
    "Index": "8074",
    "RawText": "크기가 작지만 계란이 간편하게 잘 쪄지네요~~ 계란 삶기  번거로웠는데  넘 편해요~~ ",
    "Source": "SNS",
    "Domain": "가전",
    "MainCategory": "주방가전",
    "ProductName": "아델 2단 계란찜기",
    "ReviewScore": "100",
    "Syllable": "49",
    "Word": "11",
    "RDate": "20210710",
    "GeneralPolarity": "1",
    "Aspects": [
      {
        "Aspect": "사이즈",
        "SentimentText": "크기가 작지만",
        "SentimentWord": "2",
        "SentimentPolarity": "-1"
      },
      {
        "Aspect": "기능",
        "SentimentText": "계란이 간편하게 잘 쪄지네요~~",
        "SentimentWord": "4",
        "SentimentPolarity": "1"
      },
      {
        "Aspect": "편의성",
        "SentimentText": "계란 삶기  번거로웠는데  넘 편해요~~",
        "SentimentWord": "5",
        "SentimentPolarity": "1"
      }
    ]
  },
  {
    "Index": "8075",
    "RawText": "쬐그만게 꽤나 쓸만하네요 ^^ 아이들이 직접 가스불에 손대지 않게하려고 구입 해봤는데 안전하고 편해서 ,,,  만족합니다",
    "Source": "SNS",
    "Domain": "가전",
    "MainCategory": "주방가전",
    "ProductName": "아델 2단 계란찜기",
    "ReviewScore": "100",
    "Syllable": "67",
    "Word": "15",
    "RDate": "20210306",
    "GeneralPolarity": "1",
    "Aspects": [
      {
        "Aspect": "기능",
        "SentimentText": "쬐그만게 꽤나 쓸만하네요 ^^",
        "SentimentWord": "4",
        "SentimentPolarity": "1"
      },
      {
        "Aspect": "편의성",
        "SentimentText": "아이들이 직접 가스불에 손대지 않게하려고 구입 해봤는데 안전하고 편해서 ,,,  만족합니다",
        "SentimentWord": "11",
        "SentimentPolarity": "1"
      }
    ]
  },
  {
    "Index": "8076",
    "RawText": "사용하기 편리해서 좋고, 안심하고 맛있는 계란을 쪄먹을 수 있어 참좋네요",
    "Source": "SNS",
    "Domain": "가전",
    "MainCategory": "주방가전",
    "ProductName": "아델 2단 계란찜기",
    "ReviewScore": "100",
    "Syllable": "40",
    "Word": "10",
    "RDate": "20210203",
    "GeneralPolarity": "1",
    "Aspects": [
      {
        "Aspect": "편의성",
        "SentimentText": "사용하기 편리해서 좋고,",
        "SentimentWord": "3",
        "SentimentPolarity": "1"
      },
      {
        "Aspect": "기능",
        "SentimentText": "안심하고 맛있는 계란을 쪄먹을 수 있어 참좋네요",
        "SentimentWord": "7",
        "SentimentPolarity": "1"
      }
    ]
  },
  {
    "Index": "8077",
    "RawText": "가격대비 성능이 너무실용적입니나 아주 좋아요 정말 좋은 가격에 구매를잘했어요~^^",
    "Source": "SNS",
    "Domain": "가전",
    "MainCategory": "주방가전",
    "ProductName": "에드워드권 강력 추천 스텐 글라스 다지기 풀세트",
    "ReviewScore": "100",
    "Syllable": "45",
    "Word": "9",
    "RDate": "20210903",
    "GeneralPolarity": "1",
    "Aspects": [
      {
        "Aspect": "기능",
        "SentimentText": "가격대비 성능이 너무실용적입니나 아주 좋아요",
        "SentimentWord": "5",
        "SentimentPolarity": "1"
      },
      {
        "Aspect": "가격",
        "SentimentText": "정말 좋은 가격에 구매를잘했어요~^^",
        "SentimentWord": "4",
        "SentimentPolarity": "1"
      }
    ]
  },
  {
    "Index": "8078",
    "RawText": "가격대비 좋아보이길래 필요해서  구입했는데 교환합니다 칼날이 안맞아서 ;;",
    "Source": "SNS",
    "Domain": "가전",
    "MainCategory": "주방가전",
    "ProductName": "에드워드권 강력 추천 스텐 글라스 다지기 풀세트",
    "ReviewScore": "50",
    "Syllable": "41",
    "Word": "8",
    "RDate": "20210815",
    "GeneralPolarity": "-1",
    "Aspects": [
      {
        "Aspect": "가격",
        "SentimentText": "가격대비 좋아보이길래",
        "SentimentWord": "2",
        "SentimentPolarity": "1"
      },
      {
        "Aspect": "제품구성",
        "SentimentText": "교환합니다 칼날이 안맞아서 ;;",
        "SentimentWord": "4",
        "SentimentPolarity": "-1"
      }
    ]
  },
  {
    "Index": "8079",
    "RawText": "착한 가격에 간편하고 빠르게 다지기를 할수 있어서 구입했습니다~",
    "Source": "SNS",
    "Domain": "가전",
    "MainCategory": "주방가전",
    "ProductName": "에드워드권 강력 추천 스텐 글라스 다지기 풀세트",
    "ReviewScore": "100",
    "Syllable": "35",
    "Word": "8",
    "RDate": "20210907",
    "GeneralPolarity": "1",
    "Aspects": [
      {
        "Aspect": "가격",
        "SentimentText": "착한 가격에 간편하고 빠르게 다지기를 할수 있어서 구입했습니다~",
        "SentimentWord": "8",
        "SentimentPolarity": "1"
      },
      {
        "Aspect": "편의성",
        "SentimentText": "간편하고 빠르게 다지기를 할수 있어서 구입했습니다~",
        "SentimentWord": "6",
        "SentimentPolarity": "1"
      }
    ]
  },
  {
    "Index": "8080",
    "RawText": "마늘갈러구삿는데쿠폰적립금써서싸게사서좋은데일단잘되서만족하구요통이두개라진짜조아요",
    "Source": "SNS",
    "Domain": "가전",
    "MainCategory": "주방가전",
    "ProductName": "에드워드권 강력 추천 스텐 글라스 다지기 풀세트",
    "ReviewScore": "100",
    "Syllable": "42",
    "Word": "1",
    "RDate": "20210706",
    "GeneralPolarity": "1",
    "Aspects": [
      {
        "Aspect": "가격",
        "SentimentText": "쿠폰적립금써서싸게사서좋은데",
        "SentimentWord": "1",
        "SentimentPolarity": "1"
      },
      {
        "Aspect": "기능",
        "SentimentText": "일단잘되서만족하구요",
        "SentimentWord": "1",
        "SentimentPolarity": "1"
      },
      {
        "Aspect": "제품구성",
        "SentimentText": "통이두개라진짜조아요",
        "SentimentWord": "1",
        "SentimentPolarity": "1"
      }
    ]
  },
  {
    "Index": "8081",
    "RawText": "신혼 부부 추천하고싶네요 가격도 좋고 활용도좋아요~",
    "Source": "SNS",
    "Domain": "가전",
    "MainCategory": "주방가전",
    "ProductName": "에드워드권 강력 추천 스텐 글라스 다지기 풀세트",
    "ReviewScore": "100",
    "Syllable": "28",
    "Word": "6",
    "RDate": "20210804",
    "GeneralPolarity": "1",
    "Aspects": [
      {
        "Aspect": "가격",
        "SentimentText": "가격도 좋고",
        "SentimentWord": "2",
        "SentimentPolarity": "1"
      },
      {
        "Aspect": "기능",
        "SentimentText": "활용도좋아요~",
        "SentimentWord": "1",
        "SentimentPolarity": "1"
      }
    ]
  },
  {
    "Index": "8082",
    "RawText": "아주 단단한 느낌은 들지 않아 걱정됬지만 ;;  일단 과일을  갈아보니 좋네요. 아쉬운 점은 버튼을 누르고 있어야 한다는 점이에요. ㅠ",
    "Source": "SNS",
    "Domain": "가전",
    "MainCategory": "주방가전",
    "ProductName": "에드워드권 강력 추천 스텐 글라스 다지기 풀세트",
    "ReviewScore": "80",
    "Syllable": "75",
    "Word": "19",
    "RDate": "20210806",
    "GeneralPolarity": "0",
    "Aspects": [
      {
        "Aspect": "내구성",
        "SentimentText": "아주 단단한 느낌은 들지 않아 걱정됬지만 ;; ",
        "SentimentWord": "7",
        "SentimentPolarity": "-1"
      },
      {
        "Aspect": "기능",
        "SentimentText": "일단 과일을  갈아보니 좋네요. ",
        "SentimentWord": "4",
        "SentimentPolarity": "1"
      },
      {
        "Aspect": "조작성",
        "SentimentText": "아쉬운 점은 버튼을 누르고 있어야 한다는 점이에요. ㅠ",
        "SentimentWord": "8",
        "SentimentPolarity": "-1"
      }
    ]
  },
  {
    "Index": "8083",
    "RawText": "오늘드디어도착했네요 솔직히 궁금했어요 가격대비성능괜찮고 ^^ 올해 마늘까는수고하지않아서다행이네요 만족해요",
    "Source": "SNS",
    "Domain": "가전",
    "MainCategory": "주방가전",
    "ProductName": "에드워드권 강력 추천 스텐 글라스 다지기 풀세트",
    "ReviewScore": "80",
    "Syllable": "58",
    "Word": "8",
    "RDate": "20210831",
    "GeneralPolarity": "1",
    "Aspects": [
      {
        "Aspect": "기능",
        "SentimentText": "가격대비성능괜찮고 ^^",
        "SentimentWord": "2",
        "SentimentPolarity": "1"
      },
      {
        "Aspect": "편의성",
        "SentimentText": " 올해 마늘까는수고하지않아서다행이네요 만족해요",
        "SentimentWord": "3",
        "SentimentPolarity": "1"
      }
    ]
  },
  {
    "Index": "8084",
    "RawText": "집에쓰는게있는데 칼날이2개끼어있어서  마늘갈때 앞뒤로 섞이면서 잘갈아져서 구매했습니다  가격도착하고요~",
    "Source": "SNS",
    "Domain": "가전",
    "MainCategory": "주방가전",
    "ProductName": "에드워드권 강력 추천 스텐 글라스 다지기 풀세트",
    "ReviewScore": "100",
    "Syllable": "57",
    "Word": "8",
    "RDate": "20210830",
    "GeneralPolarity": "1",
    "Aspects": [
      {
        "Aspect": "기능",
        "SentimentText": "칼날이2개끼어있어서 마늘갈때 앞뒤로 섞이면서 잘갈아져서 구매했습니다",
        "SentimentWord": "6",
        "SentimentPolarity": "1"
      },
      {
        "Aspect": "가격",
        "SentimentText": "가격도착하고요~",
        "SentimentWord": "1",
        "SentimentPolarity": "1"
      }
    ]
  },
  {
    "Index": "8085",
    "RawText": "칼날도 여러개고 스테인레스와 유리본체가 나눠있어 참 좋아요 푸드프로세서로도 손색이 없을것같아요",
    "Source": "SNS",
    "Domain": "가전",
    "MainCategory": "주방가전",
    "ProductName": "에드워드권 강력 추천 스텐 글라스 다지기 풀세트",
    "ReviewScore": "100",
    "Syllable": "52",
    "Word": "10",
    "RDate": "20210808",
    "GeneralPolarity": "1",
    "Aspects": [
      {
        "Aspect": "제품구성",
        "SentimentText": "칼날도 여러개고 스테인레스와 유리본체가 나눠있어 참 좋아요",
        "SentimentWord": "7",
        "SentimentPolarity": "1"
      },
      {
        "Aspect": "품질",
        "SentimentText": "푸드프로세서로도 손색이 없을것같아요",
        "SentimentWord": "3",
        "SentimentPolarity": "1"
      }
    ]
  },
  {
    "Index": "8086",
    "RawText": "가격도 착하고 ^^ 짤순이가있어 넘 맘에들어요 짤순이가 생각보다 작아서 아쉽지만 ㅠ 오이지 해먹을때 좋을듯해요",
    "Source": "SNS",
    "Domain": "가전",
    "MainCategory": "주방가전",
    "ProductName": "에버홈 글라스텐 다지기 짤스윙",
    "ReviewScore": "100",
    "Syllable": "61",
    "Word": "14",
    "RDate": "20220204",
    "GeneralPolarity": "1",
    "Aspects": [
      {
        "Aspect": "가격",
        "SentimentText": "가격도 착하고 ^^",
        "SentimentWord": "3",
        "SentimentPolarity": "1"
      },
      {
        "Aspect": "제품구성",
        "SentimentText": "짤순이가있어 넘 맘에들어요",
        "SentimentWord": "3",
        "SentimentPolarity": "1"
      },
      {
        "Aspect": "사이즈",
        "SentimentText": "짤순이가 생각보다 작아서 아쉽지만 ㅠ",
        "SentimentWord": "5",
        "SentimentPolarity": "-1"
      }
    ]
  },
  {
    "Index": "8087",
    "RawText": "다지기에 짤순이 까지다되니 넘조았어요. 손목이 아파서 짤순이가 필요 했었는데 만족스러워요~~근데 짤순이가 좀컸음 좋았을것같에요~~조금 아쉬워요 ㅠ",
    "Source": "SNS",
    "Domain": "가전",
    "MainCategory": "주방가전",
    "ProductName": "에버홈 글라스텐 다지기 짤스윙",
    "ReviewScore": "100",
    "Syllable": "81",
    "Word": "15",
    "RDate": "20210818",
    "GeneralPolarity": "1",
    "Aspects": [
      {
        "Aspect": "기능",
        "SentimentText": "다지기에 짤순이 까지다되니 넘조았어요.",
        "SentimentWord": "4",
        "SentimentPolarity": "1"
      },
      {
        "Aspect": "제품구성",
        "SentimentText": "손목이 아파서 짤순이가 필요 했었는데 만족스러워요~~",
        "SentimentWord": "6",
        "SentimentPolarity": "1"
      },
      {
        "Aspect": "사이즈",
        "SentimentText": "근데 짤순이가 좀컸음 좋았을것같에요~~조금 아쉬워요 ㅠ",
        "SentimentWord": "6",
        "SentimentPolarity": "-1"
      }
    ]
  },
  {
    "Index": "8088",
    "RawText": "4인가족  식탁위에서 고기 구워먹기 딱 좋아요 열전도율도 좋아 강추해요!^^",
    "Source": "SNS",
    "Domain": "가전",
    "MainCategory": "주방가전",
    "ProductName": "에버홈 테이블 인덕션 그릴",
    "ReviewScore": "100",
    "Syllable": "42",
    "Word": "9",
    "RDate": "20210218",
    "GeneralPolarity": "1",
    "Aspects": [
      {
        "Aspect": "편의성",
        "SentimentText": "4인가족  식탁위에서 고기 구워먹기 딱 좋아요",
        "SentimentWord": "6",
        "SentimentPolarity": "1"
      },
      {
        "Aspect": "기능",
        "SentimentText": "열전도율도 좋아 강추해요!^^",
        "SentimentWord": "3",
        "SentimentPolarity": "1"
      }
    ]
  },
  {
    "Index": "8089",
    "RawText": "배송잘받았습니다! 슬림한 디자인의 인덕션이라 너무 예쁘네요 이번설날 음식할때 유용하게 사용했습니다",
    "Source": "SNS",
    "Domain": "가전",
    "MainCategory": "주방가전",
    "ProductName": "에버홈 테이블 인덕션 그릴",
    "ReviewScore": "100",
    "Syllable": "54",
    "Word": "10",
    "RDate": "20210206",
    "Aspects": [
      {
        "Aspect": "디자인",
        "SentimentText": "슬림한 디자인의 인덕션이라 너무 예쁘네요",
        "SentimentWord": "5",
        "SentimentPolarity": "1"
      },
      {
        "Aspect": "편의성",
        "SentimentText": "이번설날 음식할때 유용하게 사용했습니다",
        "SentimentWord": "4",
        "SentimentPolarity": "1"
      }
    ]
  },
  {
    "Index": "8090",
    "RawText": "최고의 오븐입니닷! 대만족! 오븐용 온도계랑 오븐에 표시되는 온도랑 거의 잘 맞아서 잘 사용하고 있어요^^ 타르트, 케이크, 쿠키 등등 다 잘 구워집니다! 너무 좋아요! 즐거운 제빵생활 하겠습니다~ 잘 쓸게요! ",
    "Source": "SNS",
    "Domain": "가전",
    "MainCategory": "주방가전",
    "ProductName": "위즈웰 GL-30A 디지털 에어프라이어 오븐/치킨/통삼겹살",
    "ReviewScore": "100",
    "Syllable": "118",
    "Word": "28",
    "RDate": "20210825",
    "GeneralPolarity": "1",
    "Aspects": [
      {
        "Aspect": "기능",
        "SentimentText": "오븐용 온도계랑 오븐에 표시되는 온도랑 거의 잘 맞아서 잘 사용하고 있어요^^",
        "SentimentWord": "11",
        "SentimentPolarity": "1"
      },
      {
        "Aspect": "기능",
        "SentimentText": "타르트, 케이크, 쿠키 등등 다 잘 구워집니다! 너무 좋아요!",
        "SentimentWord": "9",
        "SentimentPolarity": "1"
      }
    ]
  },
  {
    "Index": "8091",
    "RawText": "디자인도 이쁘고 사용후 뒷처리도 간편해서 좋아요~",
    "Source": "SNS",
    "Domain": "가전",
    "MainCategory": "주방가전",
    "ProductName": "위즈웰 TA8145 토스터 /10단계 온도조절/토스트/데우기/해동",
    "ReviewScore": "100",
    "Syllable": "27",
    "Word": "6",
    "RDate": "20210825",
    "GeneralPolarity": "1",
    "Aspects": [
      {
        "Aspect": "디자인",
        "SentimentText": "디자인도 이쁘고",
        "SentimentWord": "2",
        "SentimentPolarity": "1"
      },
      {
        "Aspect": "편의성",
        "SentimentText": "사용후 뒷처리도 간편해서 좋아요~",
        "SentimentWord": "4",
        "SentimentPolarity": "1"
      }
    ]
  },
  {
    "Index": "8092",
    "RawText": "쿠폰써서 덕분에 저렴하게 구입했어요. ^^ 스콘만들려고 샀는데 좋아요 대신 깊은 볼 사용해야 하요 길이가 생각보다 길어요 ㅠ",
    "Source": "SNS",
    "Domain": "가전",
    "MainCategory": "주방가전",
    "ProductName": "위즈웰 다담 5in1 핸드믹서 거품기 반죽기 휘핑기 다지기 MW31085_11317455",
    "ReviewScore": "100",
    "Syllable": "69",
    "Word": "17",
    "RDate": "20210810",
    "Aspects": [
      {
        "Aspect": "가격",
        "SentimentText": "쿠폰써서 덕분에 저렴하게 구입했어요. ^^",
        "SentimentWord": "5",
        "SentimentPolarity": "1"
      },
      {
        "Aspect": "기능",
        "SentimentText": "스콘만들려고 샀는데 좋아요",
        "SentimentWord": "3",
        "SentimentPolarity": "1"
      },
      {
        "Aspect": "사이즈",
        "SentimentText": "대신 깊은 볼 사용해야 하요 길이가 생각보다 길어요 ㅠ",
        "SentimentWord": "9",
        "SentimentPolarity": "-1"
      }
    ]
  },
  {
    "Index": "8093",
    "RawText": "디자인이 깔끔하고 좋아요 한번사용해봤는데 물받이가 스텐이여서 더 좋아요",
    "Source": "SNS",
    "Domain": "가전",
    "MainCategory": "주방가전",
    "ProductName": "위즈웰 에그스팀T/계란찜기/전기찜기/에그메이커 WH3214",
    "ReviewScore": "100",
    "Syllable": "39",
    "Word": "8",
    "RDate": "20210919",
    "GeneralPolarity": "1",
    "Aspects": [
      {
        "Aspect": "디자인",
        "SentimentText": "디자인이 깔끔하고 좋아요",
        "SentimentWord": "3",
        "SentimentPolarity": "1"
      },
      {
        "Aspect": "소재",
        "SentimentText": "한번사용해봤는데 물받이가 스텐이여서 더 좋아요",
        "SentimentWord": "5",
        "SentimentPolarity": "1"
      }
    ]
  },
  {
    "Index": "8094",
    "RawText": "빨리 끓고 좋네요. 여행갈때 유용하게 사용할거 같아요.",
    "Source": "SNS",
    "Domain": "가전",
    "MainCategory": "주방가전",
    "ProductName": "윈드피아 1.5L 여행용 휴대용 멀티포트 전기냄비 DWK-1615NP",
    "ReviewScore": "100",
    "Syllable": "30",
    "Word": "7",
    "RDate": "20190901",
    "GeneralPolarity": "1",
    "Aspects": [
      {
        "Aspect": "기능",
        "SentimentText": "빨리 끓고 좋네요.",
        "SentimentWord": "3",
        "SentimentPolarity": "1"
      },
      {
        "Aspect": "편의성",
        "SentimentText": "여행갈때 유용하게 사용할거 같아요.",
        "SentimentWord": "4",
        "SentimentPolarity": "1"
      }
    ]
  },
  {
    "Index": "8095",
    "RawText": "저렴하게 구매햇어요. ^^ 배송도 안전하게 엄청 빠르고 좋네요. 크기는 작습니다만 나쁘지는 않아요.자그마해서 조금씩 해야겟네요.",
    "Source": "SNS",
    "Domain": "가전",
    "MainCategory": "주방가전",
    "ProductName": "윈드피아 사각식품건조기WD-1210 가정용 식품건조기 과일건조기 야채건조기",
    "ReviewScore": "100",
    "Syllable": "71",
    "Word": "14",
    "RDate": "20190325",
    "Aspects": [
      {
        "Aspect": "가격",
        "SentimentText": "저렴하게 구매햇어요. ^^",
        "SentimentWord": "3",
        "SentimentPolarity": "1"
      },
      {
        "Aspect": "사이즈",
        "SentimentText": "크기는 작습니다만 나쁘지는 않아요.자그마해서 조금씩 해야겟네요.",
        "SentimentWord": "6",
        "SentimentPolarity": "0"
      }
    ]
  },
  {
    "Index": "8096",
    "RawText": "처음 제품사용시 5분간 시험 운행했는데 전체가 스테인레스 여서인지 좀 뜨거워서 불편하네요......외관이 플라스틱으로 된 제품이 더 나을 것 같다는 생각이 들어 아쉬웠어요. ㅠ 아직 토스트 하기 전인데 맛있게 됐으면 좋겠어요~^^",
    "Source": "SNS",
    "Domain": "가전",
    "MainCategory": "주방가전",
    "ProductName": "윌파 스테인레스 토스터기 TO-1S (7단계굽기조절/재가열/해동기능/베이글)",
    "ReviewScore": "80",
    "Syllable": "128",
    "Word": "29",
    "RDate": "20191103",
    "Aspects": [
      {
        "Aspect": "내구성",
        "SentimentText": "전체가 스테인레스 여서인지 좀 뜨거워서 불편하네요......",
        "SentimentWord": "6",
        "SentimentPolarity": "-1"
      },
      {
        "Aspect": "소재",
        "SentimentText": "외관이 플라스틱으로 된 제품이 더 나을 것 같다는 생각이 들어 아쉬웠어요. ㅠ",
        "SentimentWord": "12",
        "SentimentPolarity": "-1"
      }
    ]
  },
  {
    "Index": "8097",
    "RawText": "디자인이 작고 예뻐요. 상세설명의 사이즈보단 작네요. 빨간색상의 귀여운 토스터기가 주방의 포인트가 되어주고 있어요.",
    "Source": "SNS",
    "Domain": "가전",
    "MainCategory": "주방가전",
    "ProductName": "유파 2단 와이드 슬롯 팝업토스터기 TSK-2569",
    "ReviewScore": "100",
    "Syllable": "64",
    "Word": "13",
    "RDate": "20190707",
    "GeneralPolarity": "1",
    "Aspects": [
      {
        "Aspect": "디자인",
        "SentimentText": "디자인이 작고 예뻐요. ",
        "SentimentWord": "3",
        "SentimentPolarity": "1"
      },
      {
        "Aspect": "사이즈",
        "SentimentText": "상세설명의 사이즈보단 작네요.",
        "SentimentWord": "3",
        "SentimentPolarity": "-1"
      },
      {
        "Aspect": "색상",
        "SentimentText": "빨간색상의 귀여운 토스터기가 주방의 포인트가 되어주고 있어요.",
        "SentimentWord": "7",
        "SentimentPolarity": "1"
      }
    ]
  },
  {
    "Index": "8098",
    "RawText": "사이즈 딱 맞고 좋으네요~~ 근데 바닥부분이 밀림현상이 있어요~-_-;;  받자마자 세척하고 시험가동중이예요^^",
    "Source": "SNS",
    "Domain": "가전",
    "MainCategory": "주방가전",
    "ProductName": "인터하우스 식기살균건조기 GED-2004S",
    "ReviewScore": "100",
    "Syllable": "62",
    "Word": "11",
    "RDate": "20210824",
    "GeneralPolarity": "0",
    "Aspects": [
      {
        "Aspect": "사이즈",
        "SentimentText": "사이즈 딱 맞고 좋으네요~~",
        "SentimentWord": "4",
        "SentimentPolarity": "1"
      },
      {
        "Aspect": "편의성",
        "SentimentText": "근데 바닥부분이 밀림현상이 있어요~-_-;;",
        "SentimentWord": "4",
        "SentimentPolarity": "-1"
      }
    ]
  },
  {
    "Index": "8099",
    "RawText": "만두랑 치킨 해먹어봤는데 잘되서 좋고 작동하기도편해서 마음에 들고 크기도적당해서좋아요",
    "Source": "SNS",
    "Domain": "가전",
    "MainCategory": "주방가전",
    "ProductName": "재원전자 버디쿡 에어프라이어 4.5리터 + 4리터 내솥 추가발송 MA400A ",
    "ReviewScore": "100",
    "Syllable": "47",
    "Word": "9",
    "RDate": "20190603",
    "GeneralPolarity": "1",
    "Aspects": [
      {
        "Aspect": "기능",
        "SentimentText": "만두랑 치킨 해먹어봤는데 잘되서 좋고",
        "SentimentWord": "5",
        "SentimentPolarity": "1"
      },
      {
        "Aspect": "조작성",
        "SentimentText": "작동하기도편해서 마음에 들고 ",
        "SentimentWord": "3",
        "SentimentPolarity": "1"
      },
      {
        "Aspect": "사이즈",
        "SentimentText": "크기도적당해서좋아요",
        "SentimentWord": "1",
        "SentimentPolarity": "1"
      }
    ]
  },
  {
    "Index": "8100",
    "RawText": "간편히 사용하기 좋을것같은데  사이즈가 쫌만컸음 ㅠ~가격많큼 ~좋아요",
    "Source": "SNS",
    "Domain": "가전",
    "MainCategory": "주방가전",
    "ProductName": "직_자이글 파티쿠커 실버(찜판포함) ZEC-A300",
    "ReviewScore": "90",
    "Syllable": "38",
    "Word": "7",
    "RDate": "20220226",
    "GeneralPolarity": "1",
    "Aspects": [
      {
        "Aspect": "편의성",
        "SentimentText": "간편히 사용하기 좋을것같은데",
        "SentimentWord": "3",
        "SentimentPolarity": "1"
      },
      {
        "Aspect": "사이즈",
        "SentimentText": "사이즈가 쫌만컸음 ㅠ",
        "SentimentWord": "3",
        "SentimentPolarity": "-1"
      },
      {
        "Aspect": "가격",
        "SentimentText": "가격많큼 ~좋아요",
        "SentimentWord": "2",
        "SentimentPolarity": "1"
      }
    ]
  },
  {
    "Index": "8101",
    "RawText": "겨울이되어 따듯하게 음식을 먹고싶어서 구매했어요 세척이 조금 그렇긴한데...... 그래도 성능은 만족합니다~~",
    "Source": "SNS",
    "Domain": "가전",
    "MainCategory": "주방가전",
    "ProductName": "직_자이글 파티쿠커 실버(찜판포함) ZEC-A300",
    "ReviewScore": "100",
    "Syllable": "61",
    "Word": "11",
    "RDate": "20211114",
    "Aspects": [
      {
        "Aspect": "편의성",
        "SentimentText": "세척이 조금 그렇긴한데......",
        "SentimentWord": "3",
        "SentimentPolarity": "-1"
      },
      {
        "Aspect": "기능",
        "SentimentText": "그래도 성능은 만족합니다~~",
        "SentimentWord": "3",
        "SentimentPolarity": "1"
      }
    ]
  },
  {
    "Index": "8102",
    "RawText": "가격도 좋고 다 편리해서 좋은데 냄비가 분리형이 아니라 설거지 할때 너무 불편하네요. 본체 에 물이 들어갈까봐",
    "Source": "SNS",
    "Domain": "가전",
    "MainCategory": "주방가전",
    "ProductName": "직_자이글 파티쿠커 실버(찜판포함) ZEC-A300",
    "ReviewScore": "100",
    "Syllable": "61",
    "Word": "16",
    "RDate": "20211208",
    "GeneralPolarity": "0",
    "Aspects": [
      {
        "Aspect": "가격",
        "SentimentText": "가격도 좋고",
        "SentimentWord": "2",
        "SentimentPolarity": "1"
      },
      {
        "Aspect": "편의성",
        "SentimentText": "냄비가 분리형이 아니라 설거지 할때 너무 불편하네요. 본체 에 물이 들어갈까봐",
        "SentimentWord": "11",
        "SentimentPolarity": "-1"
      }
    ]
  },
  {
    "Index": "8103",
    "RawText": "따뜻한 국물이 생각나는 계절이라 간편사용위해 구매쌨어요 성능은 좋긴한데 세척시 좀 불편해요 -_-;;",
    "Source": "SNS",
    "Domain": "가전",
    "MainCategory": "주방가전",
    "ProductName": "직_자이글 파티쿠커 실버(찜판포함) ZEC-A300",
    "ReviewScore": "80",
    "Syllable": "56",
    "Word": "12",
    "RDate": "20211205",
    "GeneralPolarity": "1",
    "Aspects": [
      {
        "Aspect": "기능",
        "SentimentText": "성능은 좋긴한데",
        "SentimentWord": "2",
        "SentimentPolarity": "1"
      },
      {
        "Aspect": "편의성",
        "SentimentText": "세척시 좀 불편해요 -_-;;",
        "SentimentWord": "4",
        "SentimentPolarity": "-1"
      }
    ]
  },
  {
    "Index": "8104",
    "RawText": "딸이 샤브먹고싶다구해서 구입했어요ㅡ크기가 그리 크진 않지만 간단히 먹기에는 괜찮은거 같아요",
    "Source": "SNS",
    "Domain": "가전",
    "MainCategory": "주방가전",
    "ProductName": "직_자이글 파티쿠커 실버(찜판포함) ZEC-A300",
    "ReviewScore": "100",
    "Syllable": "50",
    "Word": "10",
    "RDate": "20220112",
    "GeneralPolarity": "0",
    "Aspects": [
      {
        "Aspect": "사이즈",
        "SentimentText": "크기가 그리 크진 않지만",
        "SentimentWord": "4",
        "SentimentPolarity": "0"
      },
      {
        "Aspect": "편의성",
        "SentimentText": "간단히 먹기에는 괜찮은거 같아요",
        "SentimentWord": "4",
        "SentimentPolarity": "1"
      }
    ]
  },
  {
    "Index": "8105",
    "RawText": "받자마자  써보았어요 금방끓어요  가성비좋게  잘샀어요  올겨울 식탁에서   잘쓸것같아요",
    "Source": "SNS",
    "Domain": "가전",
    "MainCategory": "주방가전",
    "ProductName": "직_자이글 파티쿠커 실버(찜판포함) ZEC-A300",
    "ReviewScore": "100",
    "Syllable": "49",
    "Word": "8",
    "RDate": "20211030",
    "GeneralPolarity": "1",
    "Aspects": [
      {
        "Aspect": "기능",
        "SentimentText": "받자마자  써보았어요 금방끓어요",
        "SentimentWord": "3",
        "SentimentPolarity": "1"
      },
      {
        "Aspect": "가격",
        "SentimentText": "가성비좋게  잘샀어요 ",
        "SentimentWord": "2",
        "SentimentPolarity": "1"
      },
      {
        "Aspect": "편의성",
        "SentimentText": "올겨울 식탁에서   잘쓸것같아요",
        "SentimentWord": "3",
        "SentimentPolarity": "1"
      }
    ]
  },
  {
    "Index": "8106",
    "RawText": "빠른 배송  둘이서 먹기 좋은 사이즈에요^^ 그리고 좋은 물건 잘 받아서 즐거움 으로 쓰고 있읍니다",
    "Source": "SNS",
    "Domain": "가전",
    "MainCategory": "주방가전",
    "ProductName": "직_자이글 파티쿠커 실버(찜판포함) ZEC-A300",
    "ReviewScore": "100",
    "Syllable": "55",
    "Word": "15",
    "RDate": "20211104",
    "Aspects": [
      {
        "Aspect": "사이즈",
        "SentimentText": "둘이서 먹기 좋은 사이즈에요^^",
        "SentimentWord": "4",
        "SentimentPolarity": "1"
      },
      {
        "Aspect": "품질",
        "SentimentText": "좋은 물건 잘 받아서 즐거움 으로 쓰고 있읍니다",
        "SentimentWord": "8",
        "SentimentPolarity": "1"
      }
    ]
  },
  {
    "Index": "8107",
    "RawText": "식탁에 바로 올려서 음식이 식지않게 조리 해서 먹을수있어서 좋네요 사이즈도 적당하고 디자인이 예쁘네요",
    "Source": "SNS",
    "Domain": "가전",
    "MainCategory": "주방가전",
    "ProductName": "직_자이글 파티쿠커 실버(찜판포함) ZEC-A300",
    "ReviewScore": "100",
    "Syllable": "56",
    "Word": "13",
    "RDate": "20220201",
    "GeneralPolarity": "1",
    "Aspects": [
      {
        "Aspect": "기능",
        "SentimentText": "식탁에 바로 올려서 음식이 식지않게 조리 해서 먹을수있어서 좋네요",
        "SentimentWord": "9",
        "SentimentPolarity": "1"
      },
      {
        "Aspect": "사이즈",
        "SentimentText": "사이즈도 적당하고",
        "SentimentWord": "2",
        "SentimentPolarity": "1"
      },
      {
        "Aspect": "디자인",
        "SentimentText": "디자인이 예쁘네요",
        "SentimentWord": "2",
        "SentimentPolarity": "1"
      }
    ]
  },
  {
    "Index": "8108",
    "RawText": "써 봤는데 편리하고 좋습니다. 근데 껐다가 다시 열이 오르는데 시간이 걸리네요; 가격대비 좋습니다.",
    "Source": "SNS",
    "Domain": "가전",
    "MainCategory": "주방가전",
    "ProductName": "직_자이글 파티쿠커 실버(찜판포함) ZEC-A300",
    "ReviewScore": "100",
    "Syllable": "55",
    "Word": "13",
    "RDate": "20211112",
    "GeneralPolarity": "1",
    "Aspects": [
      {
        "Aspect": "편의성",
        "SentimentText": "써 봤는데 편리하고 좋습니다.",
        "SentimentWord": "4",
        "SentimentPolarity": "1"
      },
      {
        "Aspect": "시간/속도",
        "SentimentText": "껐다가 다시 열이 오르는데 시간이 걸리네요; ",
        "SentimentWord": "6",
        "SentimentPolarity": "-1"
      },
      {
        "Aspect": "가격",
        "SentimentText": "가격대비 좋습니다.",
        "SentimentWord": "2",
        "SentimentPolarity": "1"
      }
    ]
  },
  {
    "Index": "8109",
    "RawText": "기능이 많아 쓸모가 여러모로 좋아요~ 4인가족이 먹긴 좀 작지만 착한가격에 만족하며 씁니다~~~^^",
    "Source": "SNS",
    "Domain": "가전",
    "MainCategory": "주방가전",
    "ProductName": "직_자이글 파티쿠커 실버(찜판포함) ZEC-A300",
    "ReviewScore": "100",
    "Syllable": "55",
    "Word": "12",
    "RDate": "20220114",
    "GeneralPolarity": "1",
    "Aspects": [
      {
        "Aspect": "기능",
        "SentimentText": "기능이 많아 쓸모가 여러모로 좋아요~",
        "SentimentWord": "5",
        "SentimentPolarity": "1"
      },
      {
        "Aspect": "가격",
        "SentimentText": "4인가족이 먹긴 좀 작지만 착한가격에 만족하며 씁니다~~~^^",
        "SentimentWord": "7",
        "SentimentPolarity": "0"
      }
    ]
  },
  {
    "Index": "8110",
    "RawText": "라면 한개 끓이기 딱 좋아요. 안전하게 잘 사용하고ㅈ있어요.",
    "Source": "SNS",
    "Domain": "가전",
    "MainCategory": "주방가전",
    "ProductName": "컴포트 데일리쿡 멀티포트 1L KNP-550WG/KNP-550OG",
    "ReviewScore": "80",
    "Syllable": "33",
    "Word": "8",
    "RDate": "20210803",
    "GeneralPolarity": "1",
    "Aspects": [
      {
        "Aspect": "용량",
        "SentimentText": "라면 한개 끓이기 딱 좋아요.",
        "SentimentWord": "5",
        "SentimentPolarity": "1"
      },
      {
        "Aspect": "편의성",
        "SentimentText": "안전하게 잘 사용하고ㅈ있어요.",
        "SentimentWord": "3",
        "SentimentPolarity": "1"
      }
    ]
  },
  {
    "Index": "8111",
    "RawText": "매일 아침마다 계란말이 해 먹는데 울가족 소량으로 만들기딱좋네요ㆍ 성능좋구ᆢ 설거지하기도 쉬운 물만 휘릭 헹구면 끝 무게는 측정 안해봤지만 그램이랑 미리미터까지 나오니 빵만들때 소량측정 괴안을듯요ㆍ",
    "Source": "SNS",
    "Domain": "가전",
    "MainCategory": "주방가전",
    "ProductName": "코슬리 쵸피 무선 저울 다지기",
    "ReviewScore": "100",
    "Syllable": "110",
    "Word": "24",
    "RDate": "20210418",
    "GeneralPolarity": "1",
    "Aspects": [
      {
        "Aspect": "기능",
        "SentimentText": "매일 아침마다 계란말이 해 먹는데 울가족 소량으로 만들기딱좋네요ㆍ ",
        "SentimentWord": "8",
        "SentimentPolarity": "1"
      },
      {
        "Aspect": "기능",
        "SentimentText": "성능좋구ᆢ",
        "SentimentWord": "1",
        "SentimentPolarity": "1"
      },
      {
        "Aspect": "편의성",
        "SentimentText": "설거지하기도 쉬운 물만 휘릭 헹구면 끝",
        "SentimentWord": "6",
        "SentimentPolarity": "1"
      },
      {
        "Aspect": "조작성",
        "SentimentText": "무게는 측정 안해봤지만 그램이랑 미리미터까지 나오니 빵만들때 소량측정 괴안을듯요ㆍ",
        "SentimentWord": "9",
        "SentimentPolarity": "1"
      }
    ]
  },
  {
    "Index": "8112",
    "RawText": "생각보다 너무 크고 입구도 작고 손잡이도 고장이라 사용이 너무 불편 하네요",
    "Source": "SNS",
    "Domain": "가전",
    "MainCategory": "주방가전",
    "ProductName": "코슬리 컬러풀 전기포트 KE4095-GS 블랙/화이트/핑크",
    "ReviewScore": "40",
    "Syllable": "41",
    "Word": "11",
    "RDate": "20210421",
    "GeneralPolarity": "-1",
    "Aspects": [
      {
        "Aspect": "사이즈",
        "SentimentText": "생각보다 너무 크고",
        "SentimentWord": "3",
        "SentimentPolarity": "-1"
      },
      {
        "Aspect": "사이즈",
        "SentimentText": "입구도 작고",
        "SentimentWord": "2",
        "SentimentPolarity": "-1"
      },
      {
        "Aspect": "품질",
        "SentimentText": "손잡이도 고장이라 사용이 너무 불편 하네요",
        "SentimentWord": "6",
        "SentimentPolarity": "-1"
      }
    ]
  },
  {
    "Index": "8113",
    "RawText": "가격 적당하고 디자인도 나쁘지않아보여서 샀는대 소리도별로안나고 그냥 막껴도 껴지는게 편하네요 추천함",
    "Source": "SNS",
    "Domain": "가전",
    "MainCategory": "주방가전",
    "ProductName": "코슬리 파워 퍼펙트 블렌더 YB-S66D 분쇄컵 믹서기",
    "ReviewScore": "100",
    "Syllable": "55",
    "Word": "11",
    "RDate": "20210619",
    "GeneralPolarity": "1",
    "Aspects": [
      {
        "Aspect": "가격",
        "SentimentText": "가격 적당하고",
        "SentimentWord": "2",
        "SentimentPolarity": "1"
      },
      {
        "Aspect": "디자인",
        "SentimentText": "디자인도 나쁘지않아보여서 샀는대",
        "SentimentWord": "3",
        "SentimentPolarity": "1"
      },
      {
        "Aspect": "소음",
        "SentimentText": "소리도별로안나고 ",
        "SentimentWord": "1",
        "SentimentPolarity": "1"
      },
      {
        "Aspect": "편의성",
        "SentimentText": "그냥 막껴도 껴지는게 편하네요 추천함",
        "SentimentWord": "5",
        "SentimentPolarity": "1"
      }
    ]
  },
  {
    "Index": "8114",
    "RawText": "기계가 큼직해서 소리 심할까봐 층간소음때매 걱정했는데 조용해서 걱정은 줄었어요~ 엄청 강력하고 용량도 커서 잘 쓸것같아요!!",
    "Source": "SNS",
    "Domain": "가전",
    "MainCategory": "주방가전",
    "ProductName": "코슬리 파워 퍼펙트 블렌더 YB-S66D 분쇄컵 믹서기",
    "ReviewScore": "100",
    "Syllable": "69",
    "Word": "15",
    "RDate": "20210620",
    "GeneralPolarity": "1",
    "Aspects": [
      {
        "Aspect": "소음",
        "SentimentText": "기계가 큼직해서 소리 심할까봐 층간소음때매 걱정했는데 조용해서 걱정은 줄었어요~",
        "SentimentWord": "9",
        "SentimentPolarity": "1"
      },
      {
        "Aspect": "기능",
        "SentimentText": "엄청 강력하고",
        "SentimentWord": "2",
        "SentimentPolarity": "1"
      },
      {
        "Aspect": "용량",
        "SentimentText": "용량도 커서 잘 쓸것같아요!!",
        "SentimentWord": "4",
        "SentimentPolarity": "1"
      }
    ]
  },
  {
    "Index": "8115",
    "RawText": "너무 좋아요!! 믹서기가 엄청 튼튼하고, 사용하기 편하네요!!  진동도 이랑 소리도 덜 해서 소음 걱정 없어서 좋아요 강추!",
    "Source": "SNS",
    "Domain": "가전",
    "MainCategory": "주방가전",
    "ProductName": "코슬리 파워 퍼펙트 블렌더 YB-S66D 분쇄컵 믹서기",
    "ReviewScore": "100",
    "Syllable": "69",
    "Word": "17",
    "RDate": "20210620",
    "GeneralPolarity": "1",
    "Aspects": [
      {
        "Aspect": "편의성",
        "SentimentText": "너무 좋아요!! 믹서기가 엄청 튼튼하고,사용하기 편하네요!! ",
        "SentimentWord": "6",
        "SentimentPolarity": "1"
      },
      {
        "Aspect": "소음",
        "SentimentText": "소리도 덜 해서 소음 걱정 없어서 좋아요",
        "SentimentWord": "7",
        "SentimentPolarity": "1"
      }
    ]
  },
  {
    "Index": "8116",
    "RawText": "밑 바닥에 뽁뽁이가 붙어있어서 믹서기가 미끄러지거나 넘어질 위험이 없어서 좋아요. 바닥에서 갈다가 툭쳤는데 그대로 서있어서 얼마나 다행이었는지! 저소음 믹서기라 그런가 층간소음 걱정도 안되고 좋네요!",
    "Source": "SNS",
    "Domain": "가전",
    "MainCategory": "주방가전",
    "ProductName": "코슬리 파워 퍼펙트 블렌더 YB-S66D 분쇄컵 믹서기",
    "ReviewScore": "100",
    "Syllable": "111",
    "Word": "24",
    "RDate": "20210620",
    "GeneralPolarity": "1",
    "Aspects": [
      {
        "Aspect": "제품구성",
        "SentimentText": "밑 바닥에 뽁뽁이가 붙어있어서 믹서기가 미끄러지거나 넘어질 위험이 없어서 좋아요.",
        "SentimentWord": "10",
        "SentimentPolarity": "1"
      },
      {
        "Aspect": "소음",
        "SentimentText": "저소음 믹서기라 그런가 층간소음 걱정도 안되고 좋네요!",
        "SentimentWord": "7",
        "SentimentPolarity": "1"
      }
    ]
  },
  {
    "Index": "8117",
    "RawText": "아무렇게나 연결하는거랑 버튼이 단순해서 편해요~",
    "Source": "SNS",
    "Domain": "가전",
    "MainCategory": "주방가전",
    "ProductName": "코슬리 파워 퍼펙트 블렌더 YB-S66D 분쇄컵 믹서기",
    "ReviewScore": "100",
    "Syllable": "26",
    "Word": "5",
    "RDate": "20210617",
    "GeneralPolarity": "1",
    "Aspects": [
      {
        "Aspect": "조작성",
        "SentimentText": "아무렇게나 연결하는거랑 버튼이 단순해서 편해요~",
        "SentimentWord": "5",
        "SentimentPolarity": "1"
      },
      {
        "Aspect": "편의성",
        "SentimentText": "단순해서 편해요~",
        "SentimentWord": "2",
        "SentimentPolarity": "1"
      }
    ]
  },
  {
    "Index": "8118",
    "RawText": "용량이크고 강화유리컵이라 위생적인게 좋음일단 모터가 강력한데 소음은 적은편 배송도빠르고 대만족!",
    "Source": "SNS",
    "Domain": "가전",
    "MainCategory": "주방가전",
    "ProductName": "코슬리 파워 퍼펙트 블렌더 YB-S66D 분쇄컵 믹서기",
    "ReviewScore": "100",
    "Syllable": "53",
    "Word": "10",
    "RDate": "20210618",
    "Aspects": [
      {
        "Aspect": "용량",
        "SentimentText": "용량이크고 강화유리컵이라 위생적인게 좋음",
        "SentimentWord": "4",
        "SentimentPolarity": "1"
      },
      {
        "Aspect": "소음",
        "SentimentText": "일단 모터가 강력한데 소음은 적은편",
        "SentimentWord": "5",
        "SentimentPolarity": "1"
      },
      {
        "Aspect": "소재",
        "SentimentText": "강화유리컵이라 위생적인게 좋음",
        "SentimentWord": "3",
        "SentimentPolarity": "1"
      }
    ]
  },
  {
    "Index": "8119",
    "RawText": "콩과 과일주스  전용으로  구입했는데 간편하게 잘쓰고 있어요  유리용기라 위생상으로도 안전한 것 같아 좋아요",
    "Source": "SNS",
    "Domain": "가전",
    "MainCategory": "주방가전",
    "ProductName": "코슬리 파워 퍼펙트 블렌더 YB-S66D 분쇄컵 믹서기",
    "ReviewScore": "100",
    "Syllable": "60",
    "Word": "13",
    "RDate": "20211202",
    "GeneralPolarity": "1",
    "Aspects": [
      {
        "Aspect": "편의성",
        "SentimentText": "콩과 과일주스  전용으로  구입했는데 간편하게 잘쓰고 있어요",
        "SentimentWord": "7",
        "SentimentPolarity": "1"
      },
      {
        "Aspect": "소재",
        "SentimentText": "유리용기라 위생상으로도 안전한 것 같아 좋아요",
        "SentimentWord": "6",
        "SentimentPolarity": "1"
      }
    ]
  },
  {
    "Index": "8120",
    "RawText": "가성비좋고  생각외로 성능이 좋았고 친구에게추천하고싶다",
    "Source": "SNS",
    "Domain": "가전",
    "MainCategory": "주방가전",
    "ProductName": "코슬리 파워블렌더 강화유리 믹서기 YB-S04G",
    "ReviewScore": "100",
    "Syllable": "30",
    "Word": "5",
    "RDate": "20211122",
    "GeneralPolarity": "1",
    "Aspects": [
      {
        "Aspect": "가격",
        "SentimentText": "가성비좋고",
        "SentimentWord": "1",
        "SentimentPolarity": "1"
      },
      {
        "Aspect": "기능",
        "SentimentText": "생각외로 성능이 좋았고 친구에게추천하고싶다",
        "SentimentWord": "4",
        "SentimentPolarity": "1"
      }
    ]
  },
  {
    "Index": "8121",
    "RawText": "상품 받은즉시 방울토마토및사과를절개하여 바나나와 함께 갈아보았는데 갈리지는않고 다 튀어 버려요ᆢ 업체에 문의하니 꼭 물을 같이 넣어야 한ㄷ네요ᆢ어의없어 반풒처리 믹서기 칼날 공간이 넓어 내용물이 밑으로 빠짐",
    "Source": "SNS",
    "Domain": "가전",
    "MainCategory": "주방가전",
    "ProductName": "코슬리 파워블렌더 강화유리 믹서기 YB-S04G",
    "ReviewScore": "100",
    "Syllable": "115",
    "Word": "25",
    "RDate": "20210728",
    "Aspects": [
      {
        "Aspect": "사이즈",
        "SentimentText": "믹서기 칼날 공간이 넓어 내용물이 밑으로 빠짐",
        "SentimentWord": "7",
        "SentimentPolarity": "-1"
      },
      {
        "Aspect": "기능",
        "SentimentText": " 방울토마토및사과를절개하여 바나나와 함께 갈아보았는데 갈리지는않고 다 튀어 버려요ᆢ",
        "SentimentWord": "8",
        "SentimentPolarity": "-1"
      }
    ]
  },
  {
    "Index": "8122",
    "RawText": "냄새가 정말 많이 나요 원룸이라 방에 가득 찼음 ㅜㅜㅜㅜㅜㅜㅜ디자인이 이뻐 혹해서 샀는데 뭐 쏘쏘 괜찮아요",
    "Source": "SNS",
    "Domain": "가전",
    "MainCategory": "주방가전",
    "ProductName": "쿠잉 7L 대용량 에어프라이어 KDF-300DAF",
    "ReviewScore": "80",
    "Syllable": "59",
    "Word": "15",
    "RDate": "20210115",
    "GeneralPolarity": "-1",
    "Aspects": [
      {
        "Aspect": "품질",
        "SentimentText": "냄새가 정말 많이 나요 원룸이라 방에 가득 찼음 ㅜㅜㅜㅜㅜㅜㅜ",
        "SentimentWord": "9",
        "SentimentPolarity": "-1"
      },
      {
        "Aspect": "디자인",
        "SentimentText": "디자인이 이뻐 혹해서 샀는데 뭐 쏘쏘 괜찮아요",
        "SentimentWord": "7",
        "SentimentPolarity": "0"
      }
    ]
  },
  {
    "Index": "8123",
    "RawText": "미니사이즈라 작은데 디자인도 깔끔하고 예뻐요 평이 좋은걸 보니 잘 갈릴 것 같아요~ 감사합니다~",
    "Source": "SNS",
    "Domain": "가전",
    "MainCategory": "주방가전",
    "ProductName": "쿠진아트 초고속블렌더 미니믹서기 가정용믹서기 CPB-380KR",
    "ReviewScore": "100",
    "Syllable": "53",
    "Word": "13",
    "RDate": "20200106",
    "GeneralPolarity": "1",
    "Aspects": [
      {
        "Aspect": "사이즈",
        "SentimentText": "미니사이즈라 작은데 디자인도 깔끔하고 예뻐요",
        "SentimentWord": "5",
        "SentimentPolarity": "1"
      },
      {
        "Aspect": "디자인",
        "SentimentText": "디자인도 깔끔하고 예뻐요",
        "SentimentWord": "3",
        "SentimentPolarity": "1"
      }
    ]
  },
  {
    "Index": "8124",
    "RawText": "조작이 간단하면서 무지 사용이 편하고 좋아요 바쁜 저한텐 딱입니다",
    "Source": "SNS",
    "Domain": "가전",
    "MainCategory": "주방가전",
    "ProductName": "쿠진아트 파니니 멀티양쿠진아트 파니니 멀티양면그릴 / GR-4BKKR",
    "ReviewScore": "100",
    "Syllable": "36",
    "Word": "9",
    "RDate": "20190930",
    "GeneralPolarity": "1",
    "Aspects": [
      {
        "Aspect": "조작성",
        "SentimentText": "조작이 간단하면서 무지 사용이 편하고 좋아요 바쁜 저한텐 딱입니다",
        "SentimentWord": "9",
        "SentimentPolarity": "1"
      },
      {
        "Aspect": "편의성",
        "SentimentText": "무지 사용이 편하고 좋아요 바쁜 저한텐 딱입니다",
        "SentimentWord": "7",
        "SentimentPolarity": "1"
      }
    ]
  },
  {
    "Index": "8125",
    "RawText": "색상도 이쁘고  작아서  편하게 밥해먹기 좋은   싸이즈   밥솥 이에요 역시 00 이네요",
    "Source": "SNS",
    "Domain": "가전",
    "MainCategory": "주방가전",
    "ProductName": "쿠첸 4인용 미니밥솥 추천 전기 밥솥 CJE-A0401",
    "ReviewScore": "100",
    "Syllable": "50",
    "Word": "12",
    "RDate": "20211120",
    "GeneralPolarity": "1",
    "Aspects": [
      {
        "Aspect": "색상",
        "SentimentText": "색상도 이쁘고  작아서  편하게 밥해먹기",
        "SentimentWord": "5",
        "SentimentPolarity": "1"
      },
      {
        "Aspect": "사이즈",
        "SentimentText": "좋은   싸이즈   밥솥 이에요",
        "SentimentWord": "4",
        "SentimentPolarity": "1"
      }
    ]
  },
  {
    "Index": "8126",
    "RawText": "디자인도  예쁘고    가격도  착하고  잘 사용하고 있습니다~",
    "Source": "SNS",
    "Domain": "가전",
    "MainCategory": "주방가전",
    "ProductName": "퀸메이드 쥬시 블랜더",
    "ReviewScore": "100",
    "Syllable": "35",
    "Word": "7",
    "RDate": "20210803",
    "GeneralPolarity": "1",
    "Aspects": [
      {
        "Aspect": "디자인",
        "SentimentText": "디자인도  예쁘고    ",
        "SentimentWord": "2",
        "SentimentPolarity": "1"
      },
      {
        "Aspect": "가격",
        "SentimentText": "가격도  착하고  잘 사용하고 있습니다~",
        "SentimentWord": "5",
        "SentimentPolarity": "1"
      }
    ]
  },
  {
    "Index": "8127",
    "RawText": "상품은  모르겠고 가는데 시간이 너무 걸리고 누르는 손잡이가 빠져서 ;;;; 당황 교환 부탁드려요",
    "Source": "SNS",
    "Domain": "가전",
    "MainCategory": "주방가전",
    "ProductName": "퀸메이드 쥬시 블랜더",
    "ReviewScore": "100",
    "Syllable": "54",
    "Word": "13",
    "RDate": "20210714",
    "GeneralPolarity": "-1",
    "Aspects": [
      {
        "Aspect": "시간/속도",
        "SentimentText": "가는데 시간이 너무 걸리고",
        "SentimentWord": "4",
        "SentimentPolarity": "-1"
      },
      {
        "Aspect": "품질",
        "SentimentText": "누르는 손잡이가 빠져서 ;;;; 당황",
        "SentimentWord": "5",
        "SentimentPolarity": "-1"
      }
    ]
  },
  {
    "Index": "8128",
    "RawText": "싼가격에구입은했지만...소리가너무크고잘갈리지가않음ㅜㅜ",
    "Source": "SNS",
    "Domain": "가전",
    "MainCategory": "주방가전",
    "ProductName": "퀸메이드 쥬시 블랜더",
    "ReviewScore": "50",
    "Syllable": "29",
    "Word": "1",
    "RDate": "20210815",
    "GeneralPolarity": "-1",
    "Aspects": [
      {
        "Aspect": "가격",
        "SentimentText": "싼가격에구입은했지만...",
        "SentimentWord": "1",
        "SentimentPolarity": "0"
      },
      {
        "Aspect": "소음",
        "SentimentText": "소리가너무크고잘갈리지가않음ㅜㅜ",
        "SentimentWord": "1",
        "SentimentPolarity": "-1"
      }
    ]
  }
]