[
  {
    "Index": "29547",
    "RawText": "소독 기능이 있어서 안심되고 너무 좋아요. 디자인도 예뻐서 주방이랑 잘 어울려서 만족해요~",
    "Source": "쇼핑몰",
    "Domain": "가전",
    "MainCategory": "주방가전",
    "ProductName": "쿠진 나이프케어 시즌2 COZ-1000UV + 에지리 프레스티지 칼세트 크림화이트",
    "ReviewScore": "5",
    "Syllable": "50",
    "Word": "12",
    "RDate": "20211029",
    "GeneralPolarity": "1",
    "Aspects": [
      {
        "Aspect": "기능",
        "SentimentText": "소독 기능이 있어서 안심되고 너무 좋아요.",
        "SentimentWord": "6",
        "SentimentPolarity": "1"
      },
      {
        "Aspect": "디자인",
        "SentimentText": "디자인도 예뻐서 주방이랑 잘 어울려서 만족해요~",
        "SentimentWord": "6",
        "SentimentPolarity": "1"
      }
    ]
  },
  {
    "Index": "29548",
    "RawText": "소음이 있어서 귀가 불편하네요~ 살균 기능이 있어서 위생에는 좋아요!",
    "Source": "쇼핑몰",
    "Domain": "가전",
    "MainCategory": "주방가전",
    "ProductName": "쿠진 나이프케어 시즌2 COZ-1000UV + 에지리 프레스티지 칼세트 크림화이트",
    "ReviewScore": "5",
    "Syllable": "38",
    "Word": "9",
    "RDate": "20220320",
    "GeneralPolarity": "0",
    "Aspects": [
      {
        "Aspect": "소음",
        "SentimentText": "소음이 있어서 귀가 불편하네요~ ",
        "SentimentWord": "4",
        "SentimentPolarity": "-1"
      },
      {
        "Aspect": "기능",
        "SentimentText": "살균 기능이 있어서 위생에는 좋아요! ",
        "SentimentWord": "5",
        "SentimentPolarity": "1"
      }
    ]
  },
  {
    "Index": "29549",
    "RawText": "소독 기능이 있어서 너무 좋아요~ 그런데  소독할때 소음이 있어서 좀 불편하네요~",
    "Source": "쇼핑몰",
    "Domain": "가전",
    "MainCategory": "주방가전",
    "ProductName": "쿠진 나이프케어 시즌2 COZ-1000UV + 에지리 프레스티지 칼세트 크림화이트",
    "ReviewScore": "5",
    "Syllable": "45",
    "Word": "11",
    "RDate": "20220422",
    "GeneralPolarity": "0",
    "Aspects": [
      {
        "Aspect": "기능",
        "SentimentText": "소독 기능이 있어서 너무 좋아요~",
        "SentimentWord": "5",
        "SentimentPolarity": "1"
      },
      {
        "Aspect": "소음",
        "SentimentText": "그런데  소독할때 소음이 있어서 좀 불편하네요~",
        "SentimentWord": "6",
        "SentimentPolarity": "-1"
      }
    ]
  },
  {
    "Index": "29551",
    "RawText": "사용 전 성능까지는 모르겠지만, 디자인은 고급스러워 주방 분위기 달라졌습니다. 제품 구성도 조합이 좋았고, 색상도 깔끔하니 이뻐요",
    "Source": "쇼핑몰",
    "Domain": "가전",
    "MainCategory": "주방가전",
    "ProductName": "쿠진 나이프케어 시즌2 COZ-1000UV + 에지리 프레스티지 칼세트 크림화이트",
    "ReviewScore": "5",
    "Syllable": "72",
    "Word": "16",
    "RDate": "20220411",
    "GeneralPolarity": "1",
    "Aspects": [
      {
        "Aspect": "디자인",
        "SentimentText": "디자인은 고급스러워 주방 분위기 달라졌습니다",
        "SentimentWord": "5",
        "SentimentPolarity": "1"
      },
      {
        "Aspect": "제품구성",
        "SentimentText": "제품 구성도 조합이 좋았고",
        "SentimentWord": "4",
        "SentimentPolarity": "1"
      },
      {
        "Aspect": "색상",
        "SentimentText": "색상도 깔끔하니 이뻐요",
        "SentimentWord": "3",
        "SentimentPolarity": "1"
      }
    ]
  },
  {
    "Index": "29552",
    "RawText": "사은품으로 가위랑 칼도 받고 너무 좋습니다~ 디자인도 주방이랑 잘 어울려서 좋아요 기능도 많아서 아주 만족합니다~",
    "Source": "쇼핑몰",
    "Domain": "가전",
    "MainCategory": "주방가전",
    "ProductName": "쿠진 나이프케어 시즌2 COZ-1000UV + 에지리 프레스티지 칼세트 크림화이트",
    "ReviewScore": "5",
    "Syllable": "63",
    "Word": "15",
    "RDate": "20220625",
    "GeneralPolarity": "1",
    "Aspects": [
      {
        "Aspect": "제품구성",
        "SentimentText": "사은품으로 가위랑 칼도 받고 너무 좋습니다~",
        "SentimentWord": "6",
        "SentimentPolarity": "1"
      },
      {
        "Aspect": "디자인",
        "SentimentText": "디자인도 주방이랑 잘 어울려서 좋아요",
        "SentimentWord": "5",
        "SentimentPolarity": "1"
      },
      {
        "Aspect": "기능",
        "SentimentText": "기능도 많아서 아주 만족합니다~",
        "SentimentWord": "4",
        "SentimentPolarity": "1"
      }
    ]
  },
  {
    "Index": "29553",
    "RawText": "물기 마르는데 시간이 좀 많이 걸려서 별로에요. 사이즈도 너무 커서 자리를 많이 차지하네요;; 별로입니다",
    "Source": "쇼핑몰",
    "Domain": "가전",
    "MainCategory": "주방가전",
    "ProductName": "쿠진 나이프케어 시즌2 COZ-1000UV + 에지리 프레스티지 칼세트 크림화이트",
    "ReviewScore": "4",
    "Syllable": "58",
    "Word": "14",
    "RDate": "20220723",
    "GeneralPolarity": "-1",
    "Aspects": [
      {
        "Aspect": "시간/속도",
        "SentimentText": "물기 마르는데 시간이 좀 많이 걸려서 별로에요. ",
        "SentimentWord": "7",
        "SentimentPolarity": "-1"
      },
      {
        "Aspect": "사이즈",
        "SentimentText": "사이즈도 너무 커서 자리를 많이 차지하네요;; 별로입니다",
        "SentimentWord": "7",
        "SentimentPolarity": "-1"
      }
    ]
  },
  {
    "Index": "29554",
    "RawText": "일단 디자인 세련된 디자인 예뻐요. 위생적으로 사용할 수 있어 너무 편해요. 사이즈가 좀 작아 두꺼운 칼은 안 들어 가서 아쉬워요",
    "Source": "쇼핑몰",
    "Domain": "가전",
    "MainCategory": "주방가전",
    "ProductName": "쿠진 나이프케어 시즌2 COZ-1000UV + 에지리 프레스티지 칼세트 크림화이트",
    "ReviewScore": "5",
    "Syllable": "72",
    "Word": "20",
    "RDate": "20220512",
    "GeneralPolarity": "0",
    "Aspects": [
      {
        "Aspect": "디자인",
        "SentimentText": "일단 디자인 세련된 디자인 예뻐요. ",
        "SentimentWord": "5",
        "SentimentPolarity": "1"
      },
      {
        "Aspect": "편의성",
        "SentimentText": "위생적으로 사용할 수 있어 너무 편해요 ",
        "SentimentWord": "6",
        "SentimentPolarity": "1"
      },
      {
        "Aspect": "사이즈",
        "SentimentText": "사이즈가 좀 작아 두꺼운 칼은 안 들어 가서 아쉬워요",
        "SentimentWord": "9",
        "SentimentPolarity": "-1"
      }
    ]
  },
  {
    "Index": "29555",
    "RawText": "저렴하게 구매해서 기분이 좋아요~ 소음이 크다는 후기가 있어서 노심초사 했는데 쓸만해서 좋네요",
    "Source": "쇼핑몰",
    "Domain": "가전",
    "MainCategory": "주방가전",
    "ProductName": "쿠진 나이프케어 시즌2 COZ-1000UV + 에지리 프레스티지 칼세트 크림화이트",
    "ReviewScore": "5",
    "Syllable": "52",
    "Word": "12",
    "RDate": "20220512",
    "GeneralPolarity": "1",
    "Aspects": [
      {
        "Aspect": "가격",
        "SentimentText": "저렴하게 구매해서 기분이 좋아요~",
        "SentimentWord": "4",
        "SentimentPolarity": "1"
      },
      {
        "Aspect": "소음",
        "SentimentText": "소음이 크다는 후기가 있어서 노심초사 했는데 쓸만해서 좋네요 ",
        "SentimentWord": "8",
        "SentimentPolarity": "1"
      }
    ]
  },
  {
    "Index": "29556",
    "RawText": "살균 기능이 되는건지.. 잘 모르겠네요;; 별로인듯.. 그래도 제품 사이즈는 아담해서 공간차지는 많이 안해서 좋네요.",
    "Source": "쇼핑몰",
    "Domain": "가전",
    "MainCategory": "주방가전",
    "ProductName": "쿠진 나이프케어 시즌2 COZ-1000UV + 에지리 프레스티지 칼세트 크림화이트",
    "ReviewScore": "5",
    "Syllable": "65",
    "Word": "14",
    "RDate": "20220507",
    "Aspects": [
      {
        "Aspect": "기능",
        "SentimentText": "살균 기능이 되는건지.. 잘 모르겠네요;; 별로인듯..",
        "SentimentWord": "6",
        "SentimentPolarity": "-1"
      },
      {
        "Aspect": "사이즈",
        "SentimentText": "제품 사이즈는 아담해서 공간차지는 많이 안해서 좋네요.",
        "SentimentWord": "7",
        "SentimentPolarity": "1"
      }
    ]
  },
  {
    "Index": "29557",
    "RawText": "소독 기능이 있어서 너무 좋아요. 사은품으로 주신 칼도 잘 들어서 최고네요. 할인쿠폰 써서 저렴하게 살 수 있어서 만족해요",
    "Source": "쇼핑몰",
    "Domain": "가전",
    "MainCategory": "주방가전",
    "ProductName": "쿠진 나이프케어 시즌2 COZ-1000UV + 에지리 프레스티지 칼세트 크림화이트",
    "ReviewScore": "5",
    "Syllable": "68",
    "Word": "18",
    "RDate": "20220217",
    "GeneralPolarity": "1",
    "Aspects": [
      {
        "Aspect": "기능",
        "SentimentText": "소독 기능이 있어서 너무 좋아요.",
        "SentimentWord": "5",
        "SentimentPolarity": "1"
      },
      {
        "Aspect": "제품구성",
        "SentimentText": "사은품으로 주신 칼도 잘 들어서 최고네요.",
        "SentimentWord": "6",
        "SentimentPolarity": "1"
      },
      {
        "Aspect": "가격",
        "SentimentText": "할인쿠폰 써서 저렴하게 살 수 있어서 만족해요",
        "SentimentWord": "7",
        "SentimentPolarity": "1"
      }
    ]
  },
  {
    "Index": "29560",
    "RawText": "디자인이 이뻐서 주방이 더 예뻐졌어요~ 살균 기능도 있어서 너무 마음에 드네요~",
    "Source": "쇼핑몰",
    "Domain": "가전",
    "MainCategory": "주방가전",
    "ProductName": "쿠진 나이프케어 시즌2 COZ-1000UV + 에지리 프레스티지 칼세트 크림화이트",
    "ReviewScore": "5",
    "Syllable": "44",
    "Word": "11",
    "RDate": "20220321",
    "GeneralPolarity": "1",
    "Aspects": [
      {
        "Aspect": "디자인",
        "SentimentText": "디자인이 이뻐서 주방이 더 예뻐졌어요~",
        "SentimentWord": "5",
        "SentimentPolarity": "1"
      },
      {
        "Aspect": "기능",
        "SentimentText": "살균 기능도 있어서 너무 마음에 드네요~",
        "SentimentWord": "6",
        "SentimentPolarity": "1"
      }
    ]
  },
  {
    "Index": "29561",
    "RawText": "디자인 너무 이뻐서 좋아요! 소독도 잘되서 위생적으로도 너무 마음에 듭니다~",
    "Source": "쇼핑몰",
    "Domain": "가전",
    "MainCategory": "주방가전",
    "ProductName": "쿠진 나이프케어 시즌2 COZ-1000UV + 에지리 프레스티지 칼세트 크림화이트",
    "ReviewScore": "5",
    "Syllable": "42",
    "Word": "10",
    "RDate": "20220129",
    "GeneralPolarity": "1",
    "Aspects": [
      {
        "Aspect": "디자인",
        "SentimentText": "디자인 너무 이뻐서 좋아요!",
        "SentimentWord": "4",
        "SentimentPolarity": "1"
      },
      {
        "Aspect": "기능",
        "SentimentText": "소독도 잘되서 위생적으로도 너무 마음에 듭니다~",
        "SentimentWord": "6",
        "SentimentPolarity": "1"
      }
    ]
  },
  {
    "Index": "29562",
    "RawText": "엄마도 갖고 싶어 하셔서 구매 해 드렸는데  설거지 후 바로 살균까지 할 수 있다고 사용하기 너무 편해 하세요 . 근데 남편이 보기에는 내구성이 약한 것 같다고 해서 좀 실망했어요",
    "Source": "쇼핑몰",
    "Domain": "가전",
    "MainCategory": "주방가전",
    "ProductName": "쿠진 나이프케어 시즌2 COZ-1000UV + 에지리 프레스티지 칼세트 크림화이트",
    "ReviewScore": "5",
    "Syllable": "100",
    "Word": "29",
    "RDate": "20220323",
    "GeneralPolarity": "0",
    "Aspects": [
      {
        "Aspect": "편의성",
        "SentimentText": " 설거지 후 바로 살균까지 할 수 있다고 사용하기 너무 편해 하세요 ",
        "SentimentWord": "11",
        "SentimentPolarity": "1"
      },
      {
        "Aspect": "내구성",
        "SentimentText": "남편이 보기에는 내구성이 약한 것 같다고 해서 좀 실망했어요",
        "SentimentWord": "9",
        "SentimentPolarity": "-1"
      }
    ]
  },
  {
    "Index": "29565",
    "RawText": "제품 디자인 잘 빠진 것 같아 만족해요. 사이즈도 적당해 공간 차지도 안 해요~ 구성품에 칼 갈이까지 있어 실용적으로 잘 쓰고 있어요",
    "Source": "쇼핑몰",
    "Domain": "가전",
    "MainCategory": "주방가전",
    "ProductName": "쿠진 나이프케어 시즌2 COZ-1000UV + 에지리 프레스티지 칼세트 크림화이트",
    "ReviewScore": "5",
    "Syllable": "74",
    "Word": "21",
    "RDate": "20220709",
    "GeneralPolarity": "1",
    "Aspects": [
      {
        "Aspect": "디자인",
        "SentimentText": "제품 디자인 잘 빠진 것 같아 만족해요.",
        "SentimentWord": "7",
        "SentimentPolarity": "1"
      },
      {
        "Aspect": "사이즈",
        "SentimentText": "사이즈도 적당해 공간 차지도 안 해요~",
        "SentimentWord": "6",
        "SentimentPolarity": "1"
      },
      {
        "Aspect": "제품구성",
        "SentimentText": "구성품에 칼 갈이까지 있어 실용적으로 잘 쓰고 있어요",
        "SentimentWord": "8",
        "SentimentPolarity": "1"
      }
    ]
  },
  {
    "Index": "29566",
    "RawText": "제품 구성에 수저통이 없어서 위생적이지가 않아서 아쉬워요. 그래도 저렴한 가격에 잘 사서 만족합니다",
    "Source": "쇼핑몰",
    "Domain": "가전",
    "MainCategory": "주방가전",
    "ProductName": "쿠진 나이프케어 시즌2 COZ-1000UV + 에지리 프레스티지 칼세트 크림화이트",
    "ReviewScore": "5",
    "Syllable": "55",
    "Word": "13",
    "RDate": "20220101",
    "GeneralPolarity": "0",
    "Aspects": [
      {
        "Aspect": "제품구성",
        "SentimentText": "제품 구성에 수저통이 없어서 위생적이지가 않아서 아쉬워요.",
        "SentimentWord": "7",
        "SentimentPolarity": "-1"
      },
      {
        "Aspect": "가격",
        "SentimentText": "저렴한 가격에 잘 사서 만족합니다",
        "SentimentWord": "5",
        "SentimentPolarity": "1"
      }
    ]
  },
  {
    "Index": "29568",
    "RawText": "제품 디자인 덕에 주방이 품격있게 변했어요~ㅎ장마철에도 칼이랑 위생 걱정 없이 사용할 수 있어 안심됩니다.",
    "Source": "쇼핑몰",
    "Domain": "가전",
    "MainCategory": "주방가전",
    "ProductName": "쿠진 나이프케어 시즌2 COZ-1000UV + 에지리 프레스티지 칼세트 크림화이트",
    "ReviewScore": "5",
    "Syllable": "59",
    "Word": "14",
    "RDate": "20220713",
    "GeneralPolarity": "1",
    "Aspects": [
      {
        "Aspect": "디자인",
        "SentimentText": "제품 디자인 덕에 주방이 품격있게 변했어요~ㅎ",
        "SentimentWord": "6",
        "SentimentPolarity": "1"
      },
      {
        "Aspect": "편의성",
        "SentimentText": "장마철에도 칼이랑 위생 걱정 없이 사용할 수 있어 안심됩니다.",
        "SentimentWord": "9",
        "SentimentPolarity": "1"
      }
    ]
  },
  {
    "Index": "29569",
    "RawText": "일주일째 사용중인데 살균 건조 위생 모두 다 잡은 제품이예요 너무 만족스러워요. 가격도 이정도면 저렴하게 구입해서 더 만족스러워요.",
    "Source": "쇼핑몰",
    "Domain": "가전",
    "MainCategory": "주방가전",
    "ProductName": "쿠진 나이프케어 시즌2 COZ-1000UV + 에지리 프레스티지 칼세트 크림화이트",
    "ReviewScore": "5",
    "Syllable": "73",
    "Word": "17",
    "RDate": "20220206",
    "GeneralPolarity": "1",
    "Aspects": [
      {
        "Aspect": "기능",
        "SentimentText": "일주일째 사용중인데 살균 건조 위생 모두 다 잡은 제품이예요 너무 만족스러워요.",
        "SentimentWord": "11",
        "SentimentPolarity": "1"
      },
      {
        "Aspect": "가격",
        "SentimentText": "가격도 이정도면 저렴하게 구입해서 더 만족스러워요.",
        "SentimentWord": "6",
        "SentimentPolarity": "1"
      }
    ]
  },
  {
    "Index": "29570",
    "RawText": "살균 기능이 있어서 너무 좋아요~!~ 다만, 살균할때 소음이 조금 있어서 귀가 불편하네요",
    "Source": "쇼핑몰",
    "Domain": "가전",
    "MainCategory": "주방가전",
    "ProductName": "쿠진 나이프케어 시즌2 COZ-1000UV + 에지리 프레스티지 칼세트 크림화이트",
    "ReviewScore": "5",
    "Syllable": "49",
    "Word": "12",
    "RDate": "20220212",
    "GeneralPolarity": "0",
    "Aspects": [
      {
        "Aspect": "기능",
        "SentimentText": "살균 기능이 있어서 너무 좋아요~!~ ",
        "SentimentWord": "5",
        "SentimentPolarity": "1"
      },
      {
        "Aspect": "소음",
        "SentimentText": "살균할때 소음이 조금 있어서 귀가 불편하네요 ",
        "SentimentWord": "6",
        "SentimentPolarity": "-1"
      }
    ]
  },
  {
    "Index": "29571",
    "RawText": "집들이 선물했는데 수저와 젖가락등 살균 건조 보관되어서 만족해합니다!! 색상은 사진보다 덜 예뻐서 별로입니다",
    "Source": "쇼핑몰",
    "Domain": "가전",
    "MainCategory": "주방가전",
    "ProductName": "쿠진 나이프케어 시즌2 COZ-1000UV + 에지리 프레스티지 칼세트 크림화이트",
    "ReviewScore": "5",
    "Syllable": "60",
    "Word": "13",
    "RDate": "20220227",
    "Aspects": [
      {
        "Aspect": "기능",
        "SentimentText": "수저와 젖가락등 살균 건조 보관되어서 만족해합니다!! ",
        "SentimentWord": "6",
        "SentimentPolarity": "1"
      },
      {
        "Aspect": "색상",
        "SentimentText": "색상은 사진보다 덜 예뻐서 별로입니다",
        "SentimentWord": "5",
        "SentimentPolarity": "-1"
      }
    ]
  },
  {
    "Index": "29573",
    "RawText": "살균 기능이 있으니 깨끗해 지고 넘 좋아요~ 아쉬운건 살균할때 소음이 좀 크네요..",
    "Source": "쇼핑몰",
    "Domain": "가전",
    "MainCategory": "주방가전",
    "ProductName": "쿠진 나이프케어 시즌2 COZ-1000UV + 에지리 프레스티지 칼세트 크림화이트",
    "ReviewScore": "4",
    "Syllable": "46",
    "Word": "12",
    "RDate": "20220513",
    "GeneralPolarity": "0",
    "Aspects": [
      {
        "Aspect": "기능",
        "SentimentText": "살균 기능이 있으니 깨끗해 지고 넘 좋아요~ ",
        "SentimentWord": "7",
        "SentimentPolarity": "1"
      },
      {
        "Aspect": "소음",
        "SentimentText": "아쉬운건 살균할때 소음이 좀 크네요.. ",
        "SentimentWord": "5",
        "SentimentPolarity": "-1"
      }
    ]
  },
  {
    "Index": "29574",
    "RawText": "가격이 조금 비싸다는게 단점입니다. 아쉬워여 살균기능은 아주 좋습니다 칼 수저세트가 깨끗해집니다",
    "Source": "쇼핑몰",
    "Domain": "가전",
    "MainCategory": "주방가전",
    "ProductName": "쿠진 나이프케어 시즌2 COZ-1000UV + 에지리 프레스티지 칼세트 크림화이트",
    "ReviewScore": "4",
    "Syllable": "53",
    "Word": "11",
    "RDate": "20220116",
    "GeneralPolarity": "0",
    "Aspects": [
      {
        "Aspect": "가격",
        "SentimentText": "가격이 조금 비싸다는게 단점입니다.",
        "SentimentWord": "4",
        "SentimentPolarity": "-1"
      },
      {
        "Aspect": "기능",
        "SentimentText": "살균기능은 아주 좋습니다 칼 수저세트가 깨끗해집니다",
        "SentimentWord": "6",
        "SentimentPolarity": "1"
      }
    ]
  },
  {
    "Index": "29576",
    "RawText": "살균기능이 되는건지 마는건지;; 별로에요. 색상도 사진보다 어두워서 아쉽네요",
    "Source": "쇼핑몰",
    "Domain": "가전",
    "MainCategory": "주방가전",
    "ProductName": "쿠진 나이프케어 시즌2 COZ-1000UV + 에지리 프레스티지 칼세트 크림화이트",
    "ReviewScore": "5",
    "Syllable": "42",
    "Word": "8",
    "RDate": "20220301",
    "GeneralPolarity": "-1",
    "Aspects": [
      {
        "Aspect": "기능",
        "SentimentText": "살균기능이 되는건지 마는건지;; 별로에요. ",
        "SentimentWord": "4",
        "SentimentPolarity": "-1"
      },
      {
        "Aspect": "색상",
        "SentimentText": "색상도 사진보다 어두워서 아쉽네요",
        "SentimentWord": "4",
        "SentimentPolarity": "-1"
      }
    ]
  },
  {
    "Index": "29577",
    "RawText": "칼 갈이 기능이 있는데 제대로 안갈려서 별로에요. 칼집도 작아서 일반 식도는 안들어가서 아쉽네요...",
    "Source": "쇼핑몰",
    "Domain": "가전",
    "MainCategory": "주방가전",
    "ProductName": "쿠진 나이프케어 시즌2 COZ-1000UV + 에지리 프레스티지 칼세트 크림화이트",
    "ReviewScore": "4",
    "Syllable": "56",
    "Word": "13",
    "RDate": "20220422",
    "Aspects": [
      {
        "Aspect": "기능",
        "SentimentText": "칼 갈이 기능이 있는데 제대로 안갈려서 별로에요.",
        "SentimentWord": "7",
        "SentimentPolarity": "-1"
      },
      {
        "Aspect": "사이즈",
        "SentimentText": " 칼집도 작아서 일반 식도는 안들어가서 아쉽네요...",
        "SentimentWord": "6",
        "SentimentPolarity": "-1"
      }
    ]
  },
  {
    "Index": "29578",
    "RawText": "수저통 공간이 넉넉해서 선택했는데 역시나 탁월한 선택이였어요. 옆에 칼 갈이 기능까지 탑재되어 있어서 실용적이예요. 다른 식기들도 간단하게 소독이 되서 너무 좋아요.",
    "Source": "쇼핑몰",
    "Domain": "가전",
    "MainCategory": "주방가전",
    "ProductName": "쿠진 나이프케어 시즌2 COZ-1000UV + 에지리 프레스티지 칼세트 크림화이트",
    "ReviewScore": "5",
    "Syllable": "92",
    "Word": "21",
    "RDate": "20220314",
    "GeneralPolarity": "1",
    "Aspects": [
      {
        "Aspect": "용량",
        "SentimentText": "수저통 공간이 넉넉해서 선택했는데 역시나 탁월한 선택이였어요. ",
        "SentimentWord": "7",
        "SentimentPolarity": "1"
      },
      {
        "Aspect": "기능",
        "SentimentText": " 옆에 칼 갈이 기능까지 탑재되어 있어서 실용적이예요.",
        "SentimentWord": "7",
        "SentimentPolarity": "1"
      },
      {
        "Aspect": "기능",
        "SentimentText": "다른 식기들도 간단하게 소독이 되서 너무 좋아요.",
        "SentimentWord": "7",
        "SentimentPolarity": "1"
      }
    ]
  },
  {
    "Index": "29579",
    "RawText": "소독과 건조기능이 있어서 너무 잘 사용하고 있어요 굿. 색상은 사진이 더 이뻐서 많이 아쉬워요",
    "Source": "쇼핑몰",
    "Domain": "가전",
    "MainCategory": "주방가전",
    "ProductName": "쿠진 나이프케어 시즌2 COZ-1000UV + 에지리 프레스티지 칼세트 크림화이트",
    "ReviewScore": "4",
    "Syllable": "52",
    "Word": "14",
    "RDate": "20220325",
    "GeneralPolarity": "0",
    "Aspects": [
      {
        "Aspect": "기능",
        "SentimentText": "소독과 건조기능이 있어서 너무 잘 사용하고 있어요 굿. ",
        "SentimentWord": "8",
        "SentimentPolarity": "1"
      },
      {
        "Aspect": "색상",
        "SentimentText": "색상은 사진이 더 이뻐서 많이 아쉬워요",
        "SentimentWord": "6",
        "SentimentPolarity": "-1"
      }
    ]
  },
  {
    "Index": "29580",
    "RawText": "살균이 눈에 안보여서 되는건지 마는건지 ... 찝찝하네요. 수저통 칸막이가 없어 뒤적거리며 찾게되어 너무 불편하네요ㅜ",
    "Source": "쇼핑몰",
    "Domain": "가전",
    "MainCategory": "주방가전",
    "ProductName": "쿠진 나이프케어 시즌2 COZ-1000UV + 에지리 프레스티지 칼세트 크림화이트",
    "ReviewScore": "5",
    "Syllable": "65",
    "Word": "14",
    "RDate": "20211030",
    "Aspects": [
      {
        "Aspect": "기능",
        "SentimentText": "살균이 눈에 안보여서 되는건지 마는건지 ... 찝찝하네요.",
        "SentimentWord": "7",
        "SentimentPolarity": "-1"
      },
      {
        "Aspect": "편의성",
        "SentimentText": "수저통 칸막이가 없어 뒤적거리며 찾게되어 너무 불편하네요ㅜ",
        "SentimentWord": "7",
        "SentimentPolarity": "-1"
      }
    ]
  },
  {
    "Index": "29581",
    "RawText": "같이 사은품으로 주신 칼세트가 정말 좋아요! 구성상품 짱! 살균소독 기능도 훌륭합니다. 생각보다 사이즈도 아담해서 주방어디다 놔도 좋아요. 디자인도 고급스러워서 만족스러워요. 그리고 무엇보다 살균시에 소음이 크지 않아서 정말 좋습니다.",
    "Source": "쇼핑몰",
    "Domain": "가전",
    "MainCategory": "주방가전",
    "ProductName": "쿠진 나이프케어 시즌2 COZ-1000UV + 에지리 프레스티지 칼세트 크림화이트",
    "ReviewScore": "5",
    "Syllable": "131",
    "Word": "28",
    "RDate": "20220203",
    "GeneralPolarity": "1",
    "Aspects": [
      {
        "Aspect": "제품구성",
        "SentimentText": "같이 사은품으로 주신 칼세트가 정말 좋아요! 구성상품 짱!",
        "SentimentWord": "8",
        "SentimentPolarity": "1"
      },
      {
        "Aspect": "기능",
        "SentimentText": "살균소독 기능도 훌륭합니다.",
        "SentimentWord": "3",
        "SentimentPolarity": "1"
      },
      {
        "Aspect": "사이즈",
        "SentimentText": "생각보다 사이즈도 아담해서 주방어디다 놔도 좋아요. ",
        "SentimentWord": "6",
        "SentimentPolarity": "1"
      },
      {
        "Aspect": "디자인",
        "SentimentText": "디자인도 고급스러워서 만족스러워요.",
        "SentimentWord": "3",
        "SentimentPolarity": "1"
      },
      {
        "Aspect": "소음",
        "SentimentText": " 그리고 무엇보다 살균시에 소음이 크지 않아서 정말 좋습니다.",
        "SentimentWord": "8",
        "SentimentPolarity": "1"
      }
    ]
  },
  {
    "Index": "29582",
    "RawText": "건조 살균 기능이 있어서 편리하고 좋아요. 제품 크기가 너무 커서 싱크대가 꽉 차서 별로에요...",
    "Source": "쇼핑몰",
    "Domain": "가전",
    "MainCategory": "주방가전",
    "ProductName": "쿠진 나이프케어 시즌2 COZ-1000UV + 에지리 프레스티지 칼세트 크림화이트",
    "ReviewScore": "4",
    "Syllable": "54",
    "Word": "14",
    "RDate": "20220310",
    "GeneralPolarity": "0",
    "Aspects": [
      {
        "Aspect": "기능",
        "SentimentText": "건조 살균 기능이 있어서 편리하고 좋아요. ",
        "SentimentWord": "6",
        "SentimentPolarity": "1"
      },
      {
        "Aspect": "사이즈",
        "SentimentText": "제품 크기가 너무 커서 싱크대가 꽉 차서 별로에요...",
        "SentimentWord": "8",
        "SentimentPolarity": "-1"
      }
    ]
  },
  {
    "Index": "29583",
    "RawText": "칼 가는 기능이 좋긴 좋네요. 잘 갈아져서 쓰다가 손 비었어요ㅎㅎ  사진이 더 예뻐요 제품 실물은 색상이 탁해서 별루요",
    "Source": "쇼핑몰",
    "Domain": "가전",
    "MainCategory": "주방가전",
    "ProductName": "쿠진 나이프케어 시즌2 COZ-1000UV + 에지리 프레스티지 칼세트 크림화이트",
    "ReviewScore": "4",
    "Syllable": "66",
    "Word": "18",
    "RDate": "20220607",
    "GeneralPolarity": "0",
    "Aspects": [
      {
        "Aspect": "기능",
        "SentimentText": "칼 가는 기능이 좋긴 좋네요. 잘 갈아져서 쓰다가 손 비었어요ㅎㅎ",
        "SentimentWord": "10",
        "SentimentPolarity": "1"
      },
      {
        "Aspect": "색상",
        "SentimentText": "사진이 더 예뻐요 제품 실물은 색상이 탁해서 별루요",
        "SentimentWord": "8",
        "SentimentPolarity": "-1"
      }
    ]
  },
  {
    "Index": "29584",
    "RawText": "보내 주신 칼 정말 잘 드네요 . 건조도 되고 보관도 할 수 있어 일석이조입니다",
    "Source": "쇼핑몰",
    "Domain": "가전",
    "MainCategory": "주방가전",
    "ProductName": "쿠진 나이프케어 시즌2 COZ-1000UV + 에지리 프레스티지 칼세트 크림화이트",
    "ReviewScore": "5",
    "Syllable": "44",
    "Word": "14",
    "RDate": "20211015",
    "GeneralPolarity": "1",
    "Aspects": [
      {
        "Aspect": "제품구성",
        "SentimentText": "보내 주신 칼 정말 잘 드네요",
        "SentimentWord": "6",
        "SentimentPolarity": "1"
      },
      {
        "Aspect": "편의성",
        "SentimentText": " 건조도 되고 보관도 할 수 있어 일석이조입니다",
        "SentimentWord": "7",
        "SentimentPolarity": "1"
      }
    ]
  },
  {
    "Index": "29585",
    "RawText": "칼집 보관용으로 쓰기에는 좋은 제품이예요 굉장히 정리하기 편해요 가격대비 가성비는 별로 좋은지 모르겠네요 좀 아쉬운점이 많아요.",
    "Source": "쇼핑몰",
    "Domain": "가전",
    "MainCategory": "주방가전",
    "ProductName": "쿠진 나이프케어 시즌2 COZ-1000UV + 에지리 프레스티지 칼세트 크림화이트",
    "ReviewScore": "3",
    "Syllable": "71",
    "Word": "16",
    "RDate": "20220220",
    "GeneralPolarity": "0",
    "Aspects": [
      {
        "Aspect": "편의성",
        "SentimentText": "칼집 보관용으로 쓰기에는 좋은 제품이예요 굉장히 정리하기 편해요",
        "SentimentWord": "8",
        "SentimentPolarity": "1"
      },
      {
        "Aspect": "가격",
        "SentimentText": "가격대비 가성비는 별로 좋은지 모르겠네요 좀 아쉬운점이 많아요.",
        "SentimentWord": "8",
        "SentimentPolarity": "0"
      }
    ]
  },
  {
    "Index": "29586",
    "RawText": "칼 하나가 벌써 날이 날아가서 고장났어요 ;; 별로네요. 건조기능이 약한지 수저에 물기는 눈에 띄게 남아있네요...",
    "Source": "쇼핑몰",
    "Domain": "가전",
    "MainCategory": "주방가전",
    "ProductName": "쿠진 나이프케어 시즌2 COZ-1000UV + 에지리 프레스티지 칼세트 크림화이트",
    "ReviewScore": "5",
    "Syllable": "64",
    "Word": "15",
    "RDate": "20211209",
    "Aspects": [
      {
        "Aspect": "품질",
        "SentimentText": "칼 하나가 벌써 날이 날아가서 고장났어요 ;; 별로네요 ",
        "SentimentWord": "8",
        "SentimentPolarity": "-1"
      },
      {
        "Aspect": "기능",
        "SentimentText": "건조기능이 약한지 수저에 물기는 눈에 띄게 남아있네요...",
        "SentimentWord": "7",
        "SentimentPolarity": "-1"
      }
    ]
  },
  {
    "Index": "29587",
    "RawText": "전원 플러그에 꽂아야만 돼서 자리 선정이 좀 불편합니다. 구성품에 들어 있는 칼은 새거라서 그런지  잘 들어요.",
    "Source": "쇼핑몰",
    "Domain": "가전",
    "MainCategory": "주방가전",
    "ProductName": "쿠진 나이프케어 시즌2 COZ-1000UV + 에지리 프레스티지 칼세트 크림화이트",
    "ReviewScore": "4",
    "Syllable": "62",
    "Word": "16",
    "RDate": "20220322",
    "GeneralPolarity": "0",
    "Aspects": [
      {
        "Aspect": "편의성",
        "SentimentText": "전원 플러그에 꽂아야만 돼서 자리 선정이 좀 불편합니다",
        "SentimentWord": "8",
        "SentimentPolarity": "-1"
      },
      {
        "Aspect": "제품구성",
        "SentimentText": "구성품에 들어 있는 칼은 새거라서 그런지  잘 들어요.",
        "SentimentWord": "8",
        "SentimentPolarity": "1"
      }
    ]
  },
  {
    "Index": "29588",
    "RawText": "코로나 시국 필수품이라 생각하며 소독 기능도 있어 아주 잘 산 것 같아요. 하지만 가동할 때 소리는 좀 나지만 생활에 불편할 정도는 아니에요",
    "Source": "쇼핑몰",
    "Domain": "가전",
    "MainCategory": "주방가전",
    "ProductName": "쿠진 나이프케어 시즌2 COZ-1000UV + 에지리 프레스티지 칼세트 크림화이트",
    "ReviewScore": "5",
    "Syllable": "78",
    "Word": "22",
    "RDate": "20220418",
    "GeneralPolarity": "1",
    "Aspects": [
      {
        "Aspect": "기능",
        "SentimentText": "코로나 시국 필수품이라 생각하며 소독 기능도 있어 아주 잘 산 것 같아요.",
        "SentimentWord": "12",
        "SentimentPolarity": "1"
      },
      {
        "Aspect": "소음",
        "SentimentText": "가동할 때 소리는 좀 나지만 생활에 불편할 정도는 아니에요",
        "SentimentWord": "9",
        "SentimentPolarity": "0"
      }
    ]
  },
  {
    "Index": "29589",
    "RawText": "ㅇㅇㅇ 제품 완전 굿 템이에요! 항균 소독 기능도 있어 굿이고! 가격까지 정말 좋아요",
    "Source": "쇼핑몰",
    "Domain": "가전",
    "MainCategory": "주방가전",
    "ProductName": "쿠진 나이프케어 시즌2 COZ-1000UV + 에지리 프레스티지 칼세트 크림화이트",
    "ReviewScore": "5",
    "Syllable": "47",
    "Word": "13",
    "RDate": "20211220",
    "GeneralPolarity": "1",
    "Aspects": [
      {
        "Aspect": "제조일/제조사",
        "SentimentText": "ㅇㅇㅇ 제품 완전 굿 템이에요!",
        "SentimentWord": "5",
        "SentimentPolarity": "1"
      },
      {
        "Aspect": "기능",
        "SentimentText": " 항균 소독 기능도 있어 굿이고!",
        "SentimentWord": "5",
        "SentimentPolarity": "1"
      },
      {
        "Aspect": "가격",
        "SentimentText": "가격까지 정말 좋아요",
        "SentimentWord": "3",
        "SentimentPolarity": "1"
      }
    ]
  },
  {
    "Index": "29590",
    "RawText": "제품 건조 기능 써보니 칼이랑 수저, 물통까지 깨끗하게 관리할 수 있어 안심됩니다. 내구성을 좀 더 탄탄하게 해서 만들었으면 하는 아쉬움이 남네요",
    "Source": "쇼핑몰",
    "Domain": "가전",
    "MainCategory": "주방가전",
    "ProductName": "쿠진 나이프케어 시즌2 COZ-1000UV + 에지리 프레스티지 칼세트 크림화이트",
    "ReviewScore": "5",
    "Syllable": "81",
    "Word": "21",
    "RDate": "20211026",
    "GeneralPolarity": "0",
    "Aspects": [
      {
        "Aspect": "기능",
        "SentimentText": "건조기능 써보니 칼이랑 수저, 물통까지 깨끗하게 관리 할 수 있어 안심 됩니다.   ",
        "SentimentWord": "12",
        "SentimentPolarity": "1"
      },
      {
        "Aspect": "내구성",
        "SentimentText": "내구성을 좀 더 탄탄하게 해서 만들었으면 하는 아쉬움이 남네요",
        "SentimentWord": "9",
        "SentimentPolarity": "-1"
      }
    ]
  },
  {
    "Index": "29592",
    "RawText": "사이즈가 적은 편은 아니고 약간 커요! 살균 건조도 돼서 좋고 칼 세트까지 깔끔한 게 와서 마음에 듭니다.",
    "Source": "쇼핑몰",
    "Domain": "가전",
    "MainCategory": "주방가전",
    "ProductName": "쿠진 나이프케어 시즌2 COZ-1000UV + 에지리 프레스티지 칼세트 크림화이트",
    "ReviewScore": "5",
    "Syllable": "59",
    "Word": "17",
    "RDate": "20220321",
    "GeneralPolarity": "1",
    "Aspects": [
      {
        "Aspect": "사이즈",
        "SentimentText": "사이즈가 적은 편은 아니고 약간 커요",
        "SentimentWord": "6",
        "SentimentPolarity": "0"
      },
      {
        "Aspect": "기능",
        "SentimentText": "살균 건조도 돼서 좋고",
        "SentimentWord": "4",
        "SentimentPolarity": "1"
      },
      {
        "Aspect": "제품구성",
        "SentimentText": "칼 세트까지 깔끔한 게 와서 마음에 듭니다.",
        "SentimentWord": "7",
        "SentimentPolarity": "1"
      }
    ]
  },
  {
    "Index": "29593",
    "RawText": "제품은 생각하시는 것처럼 간단하게 사용할 수 있어 좋아요. 다만 사은품으로 주신다던 칼세트가 누락으로 안와서 불편했네요. 빨리보내주세요",
    "Source": "쇼핑몰",
    "Domain": "가전",
    "MainCategory": "주방가전",
    "ProductName": "쿠진 나이프케어 시즌2 COZ-1000UV + 에지리 프레스티지 칼세트 크림화이트",
    "ReviewScore": "3",
    "Syllable": "75",
    "Word": "16",
    "RDate": "20211213",
    "GeneralPolarity": "0",
    "Aspects": [
      {
        "Aspect": "편의성",
        "SentimentText": "제품은 생각하시는 것처럼 간단하게 사용할 수 있어 좋아요. ",
        "SentimentWord": "8",
        "SentimentPolarity": "1"
      },
      {
        "Aspect": "제품구성",
        "SentimentText": "다만 사은품으로 주신다던 칼세트가 누락으로 안와서 불편했네요. 빨리보내주세요",
        "SentimentWord": "8",
        "SentimentPolarity": "-1"
      }
    ]
  },
  {
    "Index": "29594",
    "RawText": "쿠폰 할인 받아 살 수 있어 기분 좋아요. 소독 기능까지 있어 더 좋네요",
    "Source": "쇼핑몰",
    "Domain": "가전",
    "MainCategory": "주방가전",
    "ProductName": "쿠진 나이프케어 시즌2 COZ-1000UV + 에지리 프레스티지 칼세트 크림화이트",
    "ReviewScore": "5",
    "Syllable": "40",
    "Word": "13",
    "RDate": "20220209",
    "GeneralPolarity": "1",
    "Aspects": [
      {
        "Aspect": "가격",
        "SentimentText": "쿠폰 할인 받아 살 수 있어 기분 좋아요.",
        "SentimentWord": "8",
        "SentimentPolarity": "1"
      },
      {
        "Aspect": "기능",
        "SentimentText": " 소독 기능까지 있어 더 좋네요  ",
        "SentimentWord": "5",
        "SentimentPolarity": "1"
      }
    ]
  },
  {
    "Index": "29595",
    "RawText": "어머니가 사 주셨는데 색상 고민 끝에 그린으로 샀는데 너무 이뻐 잘 산 것 같아요. 근데 가격은 좀 사악한 편이에요~",
    "Source": "쇼핑몰",
    "Domain": "가전",
    "MainCategory": "주방가전",
    "ProductName": "쿠진 나이프케어 시즌2 COZ-1000UV + 에지리 프레스티지 칼세트 크림화이트",
    "ReviewScore": "5",
    "Syllable": "65",
    "Word": "19",
    "RDate": "20211015",
    "GeneralPolarity": "0",
    "Aspects": [
      {
        "Aspect": "색상",
        "SentimentText": "색상 고민 끝에 그린으로 샀는데 너무 이뻐 잘 산 것 같아요. ",
        "SentimentWord": "11",
        "SentimentPolarity": "1"
      },
      {
        "Aspect": "가격",
        "SentimentText": "근데 가격은 좀 사악한 편이에요~",
        "SentimentWord": "5",
        "SentimentPolarity": "-1"
      }
    ]
  },
  {
    "Index": "29596",
    "RawText": "이번 할인 행사때 저렴한 가격으로 구매했는데 너무 만족스러워요. 제품 수저통이나 공간도 넉넉해서 좋아요. 살균 건조시 소음도 거의 없는편이라 만족스럽네요.",
    "Source": "쇼핑몰",
    "Domain": "가전",
    "MainCategory": "주방가전",
    "ProductName": "쿠진 나이프케어 시즌2 COZ-1000UV + 에지리 프레스티지 칼세트 크림화이트",
    "ReviewScore": "5",
    "Syllable": "86",
    "Word": "19",
    "RDate": "20211105",
    "GeneralPolarity": "1",
    "Aspects": [
      {
        "Aspect": "가격",
        "SentimentText": "이번 할인 행사때 저렴한 가격으로 구매했는데 너무 만족스러워요.",
        "SentimentWord": "8",
        "SentimentPolarity": "1"
      },
      {
        "Aspect": "용량",
        "SentimentText": "제품 수저통이나 공간도 넉넉해서 좋아요.",
        "SentimentWord": "5",
        "SentimentPolarity": "1"
      },
      {
        "Aspect": "소음",
        "SentimentText": "살균 건조시 소음도 거의 없는편이라 만족스럽네요.",
        "SentimentWord": "6",
        "SentimentPolarity": "1"
      }
    ]
  },
  {
    "Index": "29597",
    "RawText": "전체적인 후기가 좋아서 샀는데 살균 건조기능은 잘되서 좋네요. 작동시에 약간의 소음이 있지만 그냥저냥 쓸만해요.",
    "Source": "쇼핑몰",
    "Domain": "가전",
    "MainCategory": "주방가전",
    "ProductName": "쿠진 나이프케어 시즌2 COZ-1000UV + 에지리 프레스티지 칼세트 크림화이트",
    "ReviewScore": "5",
    "Syllable": "62",
    "Word": "14",
    "RDate": "20220205",
    "GeneralPolarity": "0",
    "Aspects": [
      {
        "Aspect": "기능",
        "SentimentText": "전체적인 후기가 좋아서 샀는데 살균 건조기능은 잘되서 좋네요.",
        "SentimentWord": "8",
        "SentimentPolarity": "1"
      },
      {
        "Aspect": "소음",
        "SentimentText": "작동시에 약간의 소음이 있지만 그냥저냥 쓸만해요.",
        "SentimentWord": "6",
        "SentimentPolarity": "0"
      }
    ]
  },
  {
    "Index": "29598",
    "RawText": "멀티로 다양하게 사용할 수 있는 브랜드 소독기를 선택했는데 역시 믿고 쓰는 제품이예요! 그리고 생각보다 사이즈가 커서 놀랬네요.",
    "Source": "쇼핑몰",
    "Domain": "가전",
    "MainCategory": "주방가전",
    "ProductName": "쿠첸 CSD-I089",
    "ReviewScore": "5",
    "Syllable": "71",
    "Word": "17",
    "RDate": "20200623",
    "GeneralPolarity": "1",
    "Aspects": [
      {
        "Aspect": "제조일/제조사",
        "SentimentText": "멀티로 다양하게 사용할 수 있는 브랜드 소독기를 선택했는데 역시 믿고 쓰는 제품이예요!",
        "SentimentWord": "12",
        "SentimentPolarity": "1"
      },
      {
        "Aspect": "사이즈",
        "SentimentText": "그리고 생각보다 사이즈가 커서 놀랬네요.",
        "SentimentWord": "5",
        "SentimentPolarity": "0"
      }
    ]
  },
  {
    "Index": "29599",
    "RawText": "살균 건조 작동시에 소음이 좀 있어서 거슬리네요. 그리고 전체적인 식기건조기 사이즈가 생각보다 커서 주방에서 자리공간을 너무 많이 차지해요.",
    "Source": "쇼핑몰",
    "Domain": "가전",
    "MainCategory": "주방가전",
    "ProductName": "쿠첸 CSD-I089",
    "ReviewScore": "5",
    "Syllable": "78",
    "Word": "18",
    "RDate": "20210518",
    "GeneralPolarity": "-1",
    "Aspects": [
      {
        "Aspect": "소음",
        "SentimentText": "살균 건조 작동시에 소음이 좀 있어서 거슬리네요",
        "SentimentWord": "7",
        "SentimentPolarity": "-1"
      },
      {
        "Aspect": "사이즈",
        "SentimentText": "그리고 전체적인 식기건조기 사이즈가 생각보다 커서 주방에서 자리공간을 너무 많이 차지해요.",
        "SentimentWord": "11",
        "SentimentPolarity": "-1"
      }
    ]
  },
  {
    "Index": "29600",
    "RawText": "가격비교 해보다가 저렴한 가격에 구입했는데 대만족입니다. 건조기가 생각보다 커서 좋네요. OO이라 믿음직스러워요.",
    "Source": "쇼핑몰",
    "Domain": "가전",
    "MainCategory": "주방가전",
    "ProductName": "쿠첸 CSD-I089",
    "ReviewScore": "4",
    "Syllable": "63",
    "Word": "12",
    "RDate": "20190422",
    "GeneralPolarity": "1",
    "Aspects": [
      {
        "Aspect": "가격",
        "SentimentText": "가격비교 해보다가 저렴한 가격에 구입했는데 대만족입니다.",
        "SentimentWord": "6",
        "SentimentPolarity": "1"
      },
      {
        "Aspect": "사이즈",
        "SentimentText": "건조기가 생각보다 커서 좋네요.",
        "SentimentWord": "4",
        "SentimentPolarity": "1"
      },
      {
        "Aspect": "제조일/제조사",
        "SentimentText": "OO이라 믿음직스러워요.",
        "SentimentWord": "2",
        "SentimentPolarity": "1"
      }
    ]
  },
  {
    "Index": "29601",
    "RawText": "살균에 건조까지 식기류가 뽀득해져서 너무 좋아요. 식기건조기 처음 써보는데 위생 걱정도 없고 사용하기도 편해서 좋아요.",
    "Source": "쇼핑몰",
    "Domain": "가전",
    "MainCategory": "주방가전",
    "ProductName": "쿠첸 CSD-I089",
    "ReviewScore": "5",
    "Syllable": "66",
    "Word": "15",
    "RDate": "20220302",
    "GeneralPolarity": "1",
    "Aspects": [
      {
        "Aspect": "기능",
        "SentimentText": "살균에 건조까지 식기류가 뽀득해져서 너무 좋아요. ",
        "SentimentWord": "6",
        "SentimentPolarity": "1"
      },
      {
        "Aspect": "편의성",
        "SentimentText": "식기건조기 처음 써보는데 위생 걱정도 없고 사용하기도 편해서 좋아요.",
        "SentimentWord": "9",
        "SentimentPolarity": "1"
      }
    ]
  },
  {
    "Index": "29602",
    "RawText": "건조기능이 굉장히 약해요. 기본건조를 돌려놔도 물기가 남아있어 별로네요. 가격대비 정말 최악의 제품인것 같습니다.",
    "Source": "쇼핑몰",
    "Domain": "가전",
    "MainCategory": "주방가전",
    "ProductName": "쿠첸 CSD-I089",
    "ReviewScore": "5",
    "Syllable": "63",
    "Word": "13",
    "RDate": "20210809",
    "GeneralPolarity": "-1",
    "Aspects": [
      {
        "Aspect": "기능",
        "SentimentText": "건조기능이 굉장히 약해요. 기본건조를 돌려놔도 물기가 남아있어 별로네요.",
        "SentimentWord": "8",
        "SentimentPolarity": "-1"
      },
      {
        "Aspect": "가격",
        "SentimentText": "가격대비 정말 최악의 제품인것 같습니다.",
        "SentimentWord": "5",
        "SentimentPolarity": "-1"
      }
    ]
  },
  {
    "Index": "29603",
    "RawText": "아침점심엔 건조기능만 사용하고 저녁에 싹 살균으로 돌리는데 그릇이 뽀송뽀송해서 너무 기분이 좋아요. 소음은 거의 없는편이라 진짜 조용하구요. 6인가구가 쓰기에도 용량 넉넉하고 적당한 크기입니다.",
    "Source": "쇼핑몰",
    "Domain": "가전",
    "MainCategory": "주방가전",
    "ProductName": "쿠첸 CSD-I089",
    "ReviewScore": "5",
    "Syllable": "108",
    "Word": "23",
    "RDate": "20210308",
    "GeneralPolarity": "1",
    "Aspects": [
      {
        "Aspect": "기능",
        "SentimentText": "아침점심엔 건조기능만 사용하고 저녁에 싹 살균으로 돌리는데 그릇이 뽀송뽀송해서 너무 기분이 좋아요. ",
        "SentimentWord": "12",
        "SentimentPolarity": "1"
      },
      {
        "Aspect": "소음",
        "SentimentText": "소음은 거의 없는편이라 진짜 조용하구요. ",
        "SentimentWord": "5",
        "SentimentPolarity": "1"
      },
      {
        "Aspect": "용량",
        "SentimentText": "6인가구가 쓰기에도 용량 넉넉하고 적당한 크기입니다.",
        "SentimentWord": "6",
        "SentimentPolarity": "1"
      }
    ]
  },
  {
    "Index": "29604",
    "RawText": "외관상의 사이즈 크기는 굉장히 커서 자리공간을 많이 차지해서 아쉽네요. 내부공간도 생각보다 작아요",
    "Source": "쇼핑몰",
    "Domain": "가전",
    "MainCategory": "주방가전",
    "ProductName": "쿠첸 CSD-I089",
    "ReviewScore": "5",
    "Syllable": "54",
    "Word": "12",
    "RDate": "20190522",
    "GeneralPolarity": "-1",
    "Aspects": [
      {
        "Aspect": "사이즈",
        "SentimentText": "외관상의 사이즈 크기는 굉장히 커서 자리공간을 많이 차지해서 아쉽네요. ",
        "SentimentWord": "9",
        "SentimentPolarity": "-1"
      },
      {
        "Aspect": "용량",
        "SentimentText": " 내부공간도 생각보다 작아요",
        "SentimentWord": "3",
        "SentimentPolarity": "-1"
      }
    ]
  },
  {
    "Index": "29606",
    "RawText": "주방 옆에다 두고 그때그때 식기류를 넣어서 사용하는데 너무 편해요. 소독 건조기능 대박입니다 위생적으로 안심되요.",
    "Source": "쇼핑몰",
    "Domain": "가전",
    "MainCategory": "주방가전",
    "ProductName": "쿠첸 CSD-I089",
    "ReviewScore": "4",
    "Syllable": "63",
    "Word": "14",
    "RDate": "20210325",
    "GeneralPolarity": "1",
    "Aspects": [
      {
        "Aspect": "편의성",
        "SentimentText": "주방 옆에다 두고 그때그때 식기류를 넣어서 사용하는데 너무 편해요.",
        "SentimentWord": "9",
        "SentimentPolarity": "1"
      },
      {
        "Aspect": "기능",
        "SentimentText": "소독 건조기능 대박입니다 위생적으로 안심되요.",
        "SentimentWord": "5",
        "SentimentPolarity": "1"
      }
    ]
  },
  {
    "Index": "29607",
    "RawText": "한달을 고민고민하다 샀는데 가격대비 너무 만족스럽습니다. 살균이랑 건조가 개별로 각각 되서 너무 좋습니다. 잘되요",
    "Source": "쇼핑몰",
    "Domain": "가전",
    "MainCategory": "주방가전",
    "ProductName": "쿠첸 CSD-I089",
    "ReviewScore": "5",
    "Syllable": "63",
    "Word": "14",
    "RDate": "20190528",
    "GeneralPolarity": "1",
    "Aspects": [
      {
        "Aspect": "가격",
        "SentimentText": "한달을 고민고민하다 샀는데 가격대비 너무 만족스럽습니다.",
        "SentimentWord": "6",
        "SentimentPolarity": "1"
      },
      {
        "Aspect": "기능",
        "SentimentText": "살균이랑 건조가 개별로 각각 되서 너무 좋습니다. 잘되요",
        "SentimentWord": "8",
        "SentimentPolarity": "1"
      }
    ]
  },
  {
    "Index": "29608",
    "RawText": "내부 공간이 생각보다 넓어서 그릇들을 한꺼번에 돌려 건조시킬수 있어 좋아요. 식기류들이 손쉽게 살균소독할 수 있어 설거지가 편해져서 좋아요.",
    "Source": "쇼핑몰",
    "Domain": "가전",
    "MainCategory": "주방가전",
    "ProductName": "쿠첸 CSD-I089",
    "ReviewScore": "4",
    "Syllable": "78",
    "Word": "18",
    "RDate": "20210608",
    "GeneralPolarity": "1",
    "Aspects": [
      {
        "Aspect": "용량",
        "SentimentText": "내부 공간이 생각보다 넓어서 그릇들을 한꺼번에 돌려 건조시킬수 있어 좋아요. ",
        "SentimentWord": "10",
        "SentimentPolarity": "1"
      },
      {
        "Aspect": "편의성",
        "SentimentText": "식기류들이 손쉽게 살균소독할 수 있어 설거지가 편해져서 좋아요.",
        "SentimentWord": "8",
        "SentimentPolarity": "1"
      }
    ]
  },
  {
    "Index": "29609",
    "RawText": "다른 브랜드 4인용 제품쓰다가 이 브랜드가 좋다고 해서 바꿨는데 역시 추천한 이유를 알겠네요. 용량도 훨씬커서 그릇도 많이 들어가 한번에 건조할 수 있어 너무 좋아요. 빠른 배송도 만족스러웠습니다.",
    "Source": "쇼핑몰",
    "Domain": "가전",
    "MainCategory": "주방가전",
    "ProductName": "쿠첸 CSD-I089",
    "ReviewScore": "5",
    "Syllable": "110",
    "Word": "27",
    "RDate": "20210706",
    "Aspects": [
      {
        "Aspect": "제조일/제조사",
        "SentimentText": "다른 브랜드 4인용 제품쓰다가 이 브랜드가 좋다고 해서 바꿨는데 역시 추천한 이유를 알겠네요.",
        "SentimentWord": "13",
        "SentimentPolarity": "1"
      },
      {
        "Aspect": "용량",
        "SentimentText": "용량도 훨씬커서 그릇도 많이 들어가 한번에 건조할 수 있어 너무 좋아요.",
        "SentimentWord": "11",
        "SentimentPolarity": "1"
      }
    ]
  },
  {
    "Index": "29610",
    "RawText": "타이머가 있어 건조시간을 조절할 수 있어서 매우 편리하네요!! 다른 사이트보다 저렴하게 구입했어요 최고에요!!",
    "Source": "쇼핑몰",
    "Domain": "가전",
    "MainCategory": "주방가전",
    "ProductName": "쿠첸 CSD-I089",
    "ReviewScore": "5",
    "Syllable": "61",
    "Word": "13",
    "RDate": "20190425",
    "Aspects": [
      {
        "Aspect": "편의성",
        "SentimentText": "타이머가 있어 건조시간을 조절할 수 있어서 매우 편리하네요!!",
        "SentimentWord": "8",
        "SentimentPolarity": "1"
      },
      {
        "Aspect": "가격",
        "SentimentText": "다른 사이트보다 저렴하게 구입했어요 최고에요!!",
        "SentimentWord": "5",
        "SentimentPolarity": "1"
      }
    ]
  },
  {
    "Index": "29611",
    "RawText": "제품의 본체 철판이 엄청 얇고 저렴한 티가 많이 나네요...그리고 제품연결 후 소독모드를 하루종일 했는데도 안에서 냄새가 나서 안없어지네요 별로예요.타이머가 있어 건조시간을 조절할 수 있어서 매우 편리하네요!!",
    "Source": "쇼핑몰",
    "Domain": "가전",
    "MainCategory": "주방가전",
    "ProductName": "쿠첸 CSD-I089",
    "ReviewScore": "1",
    "Syllable": "117",
    "Word": "26",
    "RDate": "20201125",
    "Aspects": [
      {
        "Aspect": "품질",
        "SentimentText": "제품의 본체 철판이 엄청 얇고 저렴한 티가 많이 나네요...",
        "SentimentWord": "9",
        "SentimentPolarity": "-1"
      },
      {
        "Aspect": "기능",
        "SentimentText": "그리고 제품연결 후 소독모드를 하루종일 했는데도 안에서 냄새가 나서 안없어지네요 별로예요.",
        "SentimentWord": "11",
        "SentimentPolarity": "-1"
      },
      {
        "Aspect": "편의성",
        "SentimentText": "타이머가 있어 건조시간을 조절할 수 있어서 매우 편리하네요!!",
        "SentimentWord": "8",
        "SentimentPolarity": "1"
      }
    ]
  },
  {
    "Index": "29612",
    "RawText": "포장자체가 문제인지 박스는 갈기갈기 찢겨서 배송왔고 제품은 어디서 긁히면서 녹같은게 묻어서 왔네요. 최악입니다. 사용해보기도 전에 기분나빠서 서비스센터에 문의했더니 응대도 불친절하네요. 상품 전면에 온통 지문들이 지저분하게 묻어있어요. 이거 제대로 작동은 할까요? 노안의 엄마가 사용해야하는데 상단 조작버튼이 작고 불편해 어려워하시네요.",
    "Source": "쇼핑몰",
    "Domain": "가전",
    "MainCategory": "주방가전",
    "ProductName": "쿠첸 CSD-I089",
    "ReviewScore": "1",
    "Syllable": "188",
    "Word": "38",
    "RDate": "20210120",
    "Aspects": [
      {
        "Aspect": "품질",
        "SentimentText": "상품 전면에 온통 지문들이 지저분하게 묻어있어요. 이거 제대로 작동은 할까요?",
        "SentimentWord": "10",
        "SentimentPolarity": "-1"
      },
      {
        "Aspect": "조작성",
        "SentimentText": "노안의 엄마가 사용해야하는데 상단 조작버튼이 작고 불편해 어려워하시네요.",
        "SentimentWord": "8",
        "SentimentPolarity": "-1"
      }
    ]
  },
  {
    "Index": "29613",
    "RawText": "디자인은 깔끔하고 예뻐서 좋아요. 내부 공간도 생각한거보다 커서 좋아요. 수저보관함이 플라스틱재질인게 조금 아쉽네요.",
    "Source": "쇼핑몰",
    "Domain": "가전",
    "MainCategory": "주방가전",
    "ProductName": "쿠첸 CSD-I089",
    "ReviewScore": "5",
    "Syllable": "65",
    "Word": "13",
    "RDate": "20201211",
    "GeneralPolarity": "1",
    "Aspects": [
      {
        "Aspect": "디자인",
        "SentimentText": "디자인은 깔끔하고 예뻐서 좋아요. ",
        "SentimentWord": "4",
        "SentimentPolarity": "1"
      },
      {
        "Aspect": "용량",
        "SentimentText": "내부 공간도 생각한거보다 커서 좋아요.",
        "SentimentWord": "5",
        "SentimentPolarity": "1"
      },
      {
        "Aspect": "소재",
        "SentimentText": "수저보관함이 플라스틱재질인게 조금 아쉽네요.",
        "SentimentWord": "4",
        "SentimentPolarity": "-1"
      }
    ]
  },
  {
    "Index": "29614",
    "RawText": "디자인이 깔끔하고 마음에 들어서 샀는데 역시나 좋네요. 용량도 커서 식기들 넣어서 건조하는데 전혀 불편함 없이 사용중입니다. 좋아요.",
    "Source": "쇼핑몰",
    "Domain": "가전",
    "MainCategory": "주방가전",
    "ProductName": "쿠첸 CSD-I089",
    "ReviewScore": "4",
    "Syllable": "74",
    "Word": "17",
    "RDate": "20200221",
    "GeneralPolarity": "1",
    "Aspects": [
      {
        "Aspect": "디자인",
        "SentimentText": "디자인이 깔끔하고 마음에 들어서 샀는데 역시나 좋네요.",
        "SentimentWord": "7",
        "SentimentPolarity": "1"
      },
      {
        "Aspect": "용량",
        "SentimentText": " 용량도 커서 식기들 넣어서 건조하는데 전혀 불편함 없이 사용중입니다. 좋아요.",
        "SentimentWord": "10",
        "SentimentPolarity": "1"
      }
    ]
  },
  {
    "Index": "29616",
    "RawText": "디자인도 심플하니 만족스러워요. 다만 내부 안 소재가 플라스틱이라 살균모드를 하게되면 갈변현상이 생겨서 별로네요. 재질이 좀 싼재질인가봐요.",
    "Source": "쇼핑몰",
    "Domain": "가전",
    "MainCategory": "주방가전",
    "ProductName": "쿠첸 CSD-I089",
    "ReviewScore": "4",
    "Syllable": "78",
    "Word": "16",
    "RDate": "20201214",
    "GeneralPolarity": "-1",
    "Aspects": [
      {
        "Aspect": "디자인",
        "SentimentText": "디자인도 심플하니 만족스러워요. ",
        "SentimentWord": "3",
        "SentimentPolarity": "1"
      },
      {
        "Aspect": "소재",
        "SentimentText": "다만 내부 안 소재가 플라스틱이라 살균모드를 하게되면 갈변현상이 생겨서 별로네요. 재질이 좀 싼재질인가봐요.",
        "SentimentWord": "13",
        "SentimentPolarity": "-1"
      }
    ]
  },
  {
    "Index": "29617",
    "RawText": "디자인이 깔끔해서 너무 좋습니다~ 제품 사용해보니 살균 건조 완벽하네요 너무 좋아요!",
    "Source": "쇼핑몰",
    "Domain": "가전",
    "MainCategory": "주방가전",
    "ProductName": "쿠첸 CSD-I089",
    "ReviewScore": "5",
    "Syllable": "47",
    "Word": "11",
    "RDate": "20201009",
    "Aspects": [
      {
        "Aspect": "디자인",
        "SentimentText": "디자인이 깔끔해서 너무 좋습니다~",
        "SentimentWord": "4",
        "SentimentPolarity": "1"
      },
      {
        "Aspect": "기능",
        "SentimentText": "제품 사용해보니 살균 건조 완벽하네요 너무 좋아요!",
        "SentimentWord": "7",
        "SentimentPolarity": "1"
      }
    ]
  },
  {
    "Index": "29620",
    "RawText": "브랜드 믿고 사는건데 제품이 너무 별로네요. 제품 열어봤더니 문상단이 깨져서 왔는데 교환하기 번거로워 그냥씁니다. 품질이 최악입니다.",
    "Source": "쇼핑몰",
    "Domain": "가전",
    "MainCategory": "주방가전",
    "ProductName": "쿠첸 CSD-I089",
    "ReviewScore": "5",
    "Syllable": "74",
    "Word": "16",
    "RDate": "20190927",
    "GeneralPolarity": "-1",
    "Aspects": [
      {
        "Aspect": "제조일/제조사",
        "SentimentText": "브랜드 믿고 사는건데 제품이 너무 별로네요.",
        "SentimentWord": "6",
        "SentimentPolarity": "-1"
      },
      {
        "Aspect": "품질",
        "SentimentText": "제품 열어봤더니 문상단이 깨져서 왔는데 교환하기 번거로워 그냥씁니다. 품질이 최악입니다.",
        "SentimentWord": "10",
        "SentimentPolarity": "-1"
      }
    ]
  },
  {
    "Index": "29621",
    "RawText": "식기건조기 사이즈가 커서 자리 차지가 많아요ㅜ 장점은 살균기능 있어서 위생적이긴 해서 좋아요.",
    "Source": "쇼핑몰",
    "Domain": "가전",
    "MainCategory": "주방가전",
    "ProductName": "쿠첸 CSD-I089",
    "ReviewScore": "4",
    "Syllable": "52",
    "Word": "12",
    "RDate": "20210130",
    "Aspects": [
      {
        "Aspect": "사이즈",
        "SentimentText": "식기건조기 사이즈가 커서 자리 차지가 많아요ㅜ ",
        "SentimentWord": "6",
        "SentimentPolarity": "-1"
      },
      {
        "Aspect": "기능",
        "SentimentText": "장점은 살균기능 있어서 위생적이긴 해서 좋아요.",
        "SentimentWord": "6",
        "SentimentPolarity": "1"
      }
    ]
  },
  {
    "Index": "29622",
    "RawText": "배송 빨라서 좋았습니다. 기존 건조기보다 훨씬 조용해서 너무 좋아요! 다만 사이즈는 정말정말 크네요. 공간 만드느라고 고생했네요",
    "Source": "쇼핑몰",
    "Domain": "가전",
    "MainCategory": "주방가전",
    "ProductName": "쿠첸 CSD-I089",
    "ReviewScore": "4",
    "Syllable": "71",
    "Word": "16",
    "RDate": "20210205",
    "Aspects": [
      {
        "Aspect": "소음",
        "SentimentText": "기존 건조기보다 훨씬 조용해서 너무 좋아요!",
        "SentimentWord": "6",
        "SentimentPolarity": "1"
      },
      {
        "Aspect": "사이즈",
        "SentimentText": "다만 사이즈는 정말정말 크네요. 공간 만드느라고 고생했네요",
        "SentimentWord": "7",
        "SentimentPolarity": "-1"
      }
    ]
  },
  {
    "Index": "29623",
    "RawText": "소음도 하나도 없고 조용해서 좋아요. 배송은 진짜 빨랐어요 최고. 그런데 제품에 기스가 왜이렇게 많은건지.. 품질이 허접해 보여서 별로에요..;",
    "Source": "쇼핑몰",
    "Domain": "가전",
    "MainCategory": "주방가전",
    "ProductName": "쿠첸 CSD-I089",
    "ReviewScore": "5",
    "Syllable": "80",
    "Word": "18",
    "RDate": "20210625",
    "Aspects": [
      {
        "Aspect": "소음",
        "SentimentText": "소음도 하나도 없고 조용해서 좋아요. ",
        "SentimentWord": "5",
        "SentimentPolarity": "1"
      },
      {
        "Aspect": "품질",
        "SentimentText": "기스가 왜이렇게 많은건지.. 품질이 허접해 보여서 별로에요..;",
        "SentimentWord": "7",
        "SentimentPolarity": "-1"
      }
    ]
  },
  {
    "Index": "29624",
    "RawText": "살균 기능인 되는건지 마는건지  확인이 안되서 좀 아쉽습니다. 소음은 1도 없어서 너무 좋습니다.",
    "Source": "쇼핑몰",
    "Domain": "가전",
    "MainCategory": "주방가전",
    "ProductName": "쿠첸 CSD-I089",
    "ReviewScore": "5",
    "Syllable": "54",
    "Word": "13",
    "RDate": "20191111",
    "GeneralPolarity": "0",
    "Aspects": [
      {
        "Aspect": "기능",
        "SentimentText": "살균 기능인 되는건지 마는건지  확인이 안되서 좀 아쉽습니다. ",
        "SentimentWord": "8",
        "SentimentPolarity": "-1"
      },
      {
        "Aspect": "소음",
        "SentimentText": "소음은 1도 없어서 너무 좋습니다. ",
        "SentimentWord": "5",
        "SentimentPolarity": "1"
      }
    ]
  },
  {
    "Index": "29625",
    "RawText": "색상은 일단 화면보다 별로입니다. 그래도 살균효과와 열풍건조로 그릇의 물기가 제거되고 위생적이예요.",
    "Source": "쇼핑몰",
    "Domain": "가전",
    "MainCategory": "주방가전",
    "ProductName": "쿠첸 CSD-I089",
    "ReviewScore": "5",
    "Syllable": "55",
    "Word": "11",
    "RDate": "20210424",
    "Aspects": [
      {
        "Aspect": "색상",
        "SentimentText": "색상은 일단 화면보다 별로입니다.",
        "SentimentWord": "4",
        "SentimentPolarity": "-1"
      },
      {
        "Aspect": "기능",
        "SentimentText": "살균효과와 열풍건조로 그릇의 물기가 제거되고 위생적이예요.",
        "SentimentWord": "6",
        "SentimentPolarity": "1"
      }
    ]
  },
  {
    "Index": "29626",
    "RawText": "건조 기능이 있어서 만족합니다~ 굿 그런데 살균되는 시간이 좀 오래걸려서 아쉽네요~",
    "Source": "쇼핑몰",
    "Domain": "가전",
    "MainCategory": "주방가전",
    "ProductName": "쿠첸 CSD-I089",
    "ReviewScore": "5",
    "Syllable": "46",
    "Word": "11",
    "RDate": "20220412",
    "GeneralPolarity": "0",
    "Aspects": [
      {
        "Aspect": "기능",
        "SentimentText": "건조 기능이 있어서 만족합니다~ 굿",
        "SentimentWord": "5",
        "SentimentPolarity": "1"
      },
      {
        "Aspect": "시간/속도",
        "SentimentText": "살균되는 시간이 좀 오래걸려서 아쉽네요~",
        "SentimentWord": "5",
        "SentimentPolarity": "-1"
      }
    ]
  },
  {
    "Index": "29628",
    "RawText": "디자인도 깔끔하니 너무 마음에 들어요. 배송도 빨라서 너무 좋았습니다. 제일 중요한 살균 건조 기능 정말 최고네요!",
    "Source": "쇼핑몰",
    "Domain": "가전",
    "MainCategory": "주방가전",
    "ProductName": "쿠첸 CSD-I089",
    "ReviewScore": "5",
    "Syllable": "64",
    "Word": "16",
    "RDate": "20210617",
    "Aspects": [
      {
        "Aspect": "디자인",
        "SentimentText": "디자인도 깔끔하니 너무 마음에 들어요. ",
        "SentimentWord": "5",
        "SentimentPolarity": "1"
      },
      {
        "Aspect": "기능",
        "SentimentText": " 제일 중요한 살균 건조 기능 정말 최고네요!",
        "SentimentWord": "7",
        "SentimentPolarity": "1"
      }
    ]
  },
  {
    "Index": "29630",
    "RawText": "건조기능이 별로에요 물기가 그대로 있어요. 제품 사이즈가 커서 싱크대에 자리 차리를 너무 많이해서 별로;;",
    "Source": "쇼핑몰",
    "Domain": "가전",
    "MainCategory": "주방가전",
    "ProductName": "쿠첸 CSD-I089",
    "ReviewScore": "3",
    "Syllable": "59",
    "Word": "14",
    "RDate": "20200601",
    "GeneralPolarity": "-1",
    "Aspects": [
      {
        "Aspect": "기능",
        "SentimentText": "건조기능이 별로에요 물기가 그대로 있어요.",
        "SentimentWord": "5",
        "SentimentPolarity": "-1"
      },
      {
        "Aspect": "사이즈",
        "SentimentText": "제품 사이즈가 커서 싱크대에 자리 차리를 너무 많이해서 별로;;",
        "SentimentWord": "9",
        "SentimentPolarity": "-1"
      }
    ]
  },
  {
    "Index": "29631",
    "RawText": "살균 기능, 건조기능이 있어서 너무 만족 스럽네요. 주방 싱크대랑 색상도 잘 어울리고 최고에요!",
    "Source": "쇼핑몰",
    "Domain": "가전",
    "MainCategory": "주방가전",
    "ProductName": "쿠첸 CSD-I089",
    "ReviewScore": "5",
    "Syllable": "53",
    "Word": "13",
    "RDate": "20190906",
    "GeneralPolarity": "1",
    "Aspects": [
      {
        "Aspect": "기능",
        "SentimentText": "살균 기능, 건조기능이 있어서 너무 만족 스럽네요.",
        "SentimentWord": "7",
        "SentimentPolarity": "1"
      },
      {
        "Aspect": "색상",
        "SentimentText": "주방 싱크대랑 색상도 잘 어울리고 최고에요!",
        "SentimentWord": "6",
        "SentimentPolarity": "1"
      }
    ]
  },
  {
    "Index": "29633",
    "RawText": "식기건조기가 생각보다 사이즈가 커서 싱크대가 좁아서 불편해요. 감안하셔야할거같아요. 그리고 살균 건조기능 훌륭합니다 위생걱정없어 좋아요.",
    "Source": "쇼핑몰",
    "Domain": "가전",
    "MainCategory": "주방가전",
    "ProductName": "쿠첸 CSD-I089",
    "ReviewScore": "5",
    "Syllable": "76",
    "Word": "14",
    "RDate": "20190603",
    "GeneralPolarity": "0",
    "Aspects": [
      {
        "Aspect": "사이즈",
        "SentimentText": "식기건조기가 생각보다 사이즈가 커서 싱크대가 좁아서 불편해요. 감안하셔야할거같아요.",
        "SentimentWord": "8",
        "SentimentPolarity": "-1"
      },
      {
        "Aspect": "기능",
        "SentimentText": "그리고 살균 건조기능 훌륭합니다 위생걱정없어 좋아요.",
        "SentimentWord": "6",
        "SentimentPolarity": "1"
      }
    ]
  },
  {
    "Index": "29634",
    "RawText": "8~9인용이라 그런지 내부 용량이 매우 넉넉해요. 그릇이 많이 들어가서 좋네요! 외관 디자인도 심플하고 깔끔해서 더 좋아요. 맘에 드네요.",
    "Source": "쇼핑몰",
    "Domain": "가전",
    "MainCategory": "주방가전",
    "ProductName": "쿠첸 CSD-I089",
    "ReviewScore": "5",
    "Syllable": "77",
    "Word": "18",
    "RDate": "20211108",
    "GeneralPolarity": "1",
    "Aspects": [
      {
        "Aspect": "용량",
        "SentimentText": "8~9인용이라 그런지 내부 용량이 매우 넉넉해요. 그릇이 많이 들어가서 좋네요!",
        "SentimentWord": "10",
        "SentimentPolarity": "1"
      },
      {
        "Aspect": "디자인",
        "SentimentText": "외관 디자인도 심플하고 깔끔해서 더 좋아요. 맘에 드네요.",
        "SentimentWord": "8",
        "SentimentPolarity": "1"
      }
    ]
  },
  {
    "Index": "29635",
    "RawText": "식기건조기 크기가 생각보다 커요! 엄청 커서 놀랬네요. 주방에 어디다 놔야할지 당황스러웠어요. 디자인은 고급스러워서 좋네요.",
    "Source": "쇼핑몰",
    "Domain": "가전",
    "MainCategory": "주방가전",
    "ProductName": "쿠첸 CSD-I089",
    "ReviewScore": "4",
    "Syllable": "69",
    "Word": "14",
    "RDate": "20190308",
    "GeneralPolarity": "0",
    "Aspects": [
      {
        "Aspect": "사이즈",
        "SentimentText": "식기건조기 크기가 생각보다 커요! 엄청 커서 놀랬네요. 주방에 어디다 놔야할지 당황스러웠어요.",
        "SentimentWord": "11",
        "SentimentPolarity": "-1"
      },
      {
        "Aspect": "디자인",
        "SentimentText": "디자인은 고급스러워서 좋네요.",
        "SentimentWord": "3",
        "SentimentPolarity": "1"
      }
    ]
  },
  {
    "Index": "29636",
    "RawText": "사이즈가 너무 커서 싱크대 꽉 차서 별로입니다;; 살균기능 돌리면 이상한 냄새까지 실망이에요 ㅠ",
    "Source": "쇼핑몰",
    "Domain": "가전",
    "MainCategory": "주방가전",
    "ProductName": "쿠첸 CSD-I089",
    "ReviewScore": "5",
    "Syllable": "53",
    "Word": "13",
    "RDate": "20210527",
    "Aspects": [
      {
        "Aspect": "사이즈",
        "SentimentText": "사이즈가 너무 커서 싱크대 꽉 차서 별로입니다;;",
        "SentimentWord": "7",
        "SentimentPolarity": "-1"
      },
      {
        "Aspect": "품질",
        "SentimentText": "살균기능 돌리면 이상한 냄새까지 실망이에요 ㅠ",
        "SentimentWord": "6",
        "SentimentPolarity": "-1"
      }
    ]
  },
  {
    "Index": "29637",
    "RawText": "식기세척기 크기가 생각보다 많이 커서 주방이 좁으신 곳은 쓰시기 불편할 것 같아요. 자리 만드느라 애먹었네요. 내부 용량도 엄청 깊어서 5인가족인데도 한번에 다 그릇이 들어가네요. 디자인도 깔끔하니 마음에 들어요. 그리고 소음이 클줄 알았는데 전혀 안나요 엄청 조용합니다.",
    "Source": "쇼핑몰",
    "Domain": "가전",
    "MainCategory": "주방가전",
    "ProductName": "쿠첸 CSD-I089",
    "ReviewScore": "5",
    "Syllable": "152",
    "Word": "36",
    "RDate": "20210509",
    "GeneralPolarity": "1",
    "Aspects": [
      {
        "Aspect": "사이즈",
        "SentimentText": "식기세척기 크기가 생각보다 많이 커서 주방이 좁으신 곳은 쓰시기 불편할 것 같아요. 자리 만드느라 애먹었네요.",
        "SentimentWord": "15",
        "SentimentPolarity": "-1"
      },
      {
        "Aspect": "용량",
        "SentimentText": "내부 용량도 엄청 깊어서 5인가족인데도 한번에 다 그릇이 들어가네요.",
        "SentimentWord": "9",
        "SentimentPolarity": "1"
      },
      {
        "Aspect": "디자인",
        "SentimentText": "디자인도 깔끔하니 마음에 들어요.",
        "SentimentWord": "4",
        "SentimentPolarity": "1"
      },
      {
        "Aspect": "소음",
        "SentimentText": "그리고 소음이 클줄 알았는데 전혀 안나요 엄청 조용합니다.",
        "SentimentWord": "8",
        "SentimentPolarity": "1"
      }
    ]
  },
  {
    "Index": "29638",
    "RawText": "디자인은 깔끔하고 이뻐서 좋았습니다. 사이즈는 너무 커서 놀랬어요 싱크대에 자리 차지를 너무 많이 해서 별로요 ㅠ",
    "Source": "쇼핑몰",
    "Domain": "가전",
    "MainCategory": "주방가전",
    "ProductName": "쿠첸 CSD-I089",
    "ReviewScore": "5",
    "Syllable": "63",
    "Word": "16",
    "RDate": "20190804",
    "GeneralPolarity": "0",
    "Aspects": [
      {
        "Aspect": "디자인",
        "SentimentText": "디자인은 깔끔하고 이뻐서 좋았습니다. ",
        "SentimentWord": "4",
        "SentimentPolarity": "1"
      },
      {
        "Aspect": "사이즈",
        "SentimentText": " 사이즈는 너무 커서 놀랬어요 싱크대에 자리 차지를 너무 많이 해서 별로요 ㅠ",
        "SentimentWord": "12",
        "SentimentPolarity": "-1"
      }
    ]
  },
  {
    "Index": "29639",
    "RawText": "배송 굉장히 빨라서 좋았어요. 그릇들 넣어서 사용해봤는데 살균 건조 완벽해서 그릇이 뽀득뽀득해서 좋아요. 다만 아쉬운점이 철판이 너무 얇아서 조심히 사용해야지 안그럼 부러질것 같아 아슬아슬해요.",
    "Source": "쇼핑몰",
    "Domain": "가전",
    "MainCategory": "주방가전",
    "ProductName": "쿠첸 CSD-I089",
    "ReviewScore": "5",
    "Syllable": "108",
    "Word": "24",
    "RDate": "20200220",
    "Aspects": [
      {
        "Aspect": "기능",
        "SentimentText": "그릇들 넣어서 사용해봤는데 살균 건조 완벽해서 그릇이 뽀득뽀득해서 좋아요.",
        "SentimentWord": "9",
        "SentimentPolarity": "1"
      },
      {
        "Aspect": "내구성",
        "SentimentText": "다만 아쉬운점이 철판이 너무 얇아서 조심히 사용해야지 안그럼 부러질것 같아 아슬아슬해요.",
        "SentimentWord": "11",
        "SentimentPolarity": "-1"
      }
    ]
  },
  {
    "Index": "29640",
    "RawText": "디자인도 예뻐서 주방 가구들이랑 어울려서 굿. 배송 완전 신속! 마음에 듭니다. 기능도 생각했던 거 보다 좋아서 만족합니다.",
    "Source": "쇼핑몰",
    "Domain": "가전",
    "MainCategory": "주방가전",
    "ProductName": "쿠첸 CSD-I089",
    "ReviewScore": "5",
    "Syllable": "69",
    "Word": "17",
    "RDate": "20200216",
    "Aspects": [
      {
        "Aspect": "디자인",
        "SentimentText": "디자인도 예뻐서 주방 가구들이랑 어울려서 굿.",
        "SentimentWord": "6",
        "SentimentPolarity": "1"
      },
      {
        "Aspect": "기능",
        "SentimentText": "기능도 생각했던 거 보다 좋아서 만족합니다.",
        "SentimentWord": "6",
        "SentimentPolarity": "1"
      }
    ]
  },
  {
    "Index": "29641",
    "RawText": "건조기능이 있어서 너무 편리하고 좋아요. 그런데  제품 우측이 살짝 찌그러져 있어 품질이 별로네요ㅜ",
    "Source": "쇼핑몰",
    "Domain": "가전",
    "MainCategory": "주방가전",
    "ProductName": "쿠첸 CSD-I089",
    "ReviewScore": "4",
    "Syllable": "55",
    "Word": "13",
    "RDate": "20200311",
    "Aspects": [
      {
        "Aspect": "기능",
        "SentimentText": "건조기능이 있어서 너무 편리하고 좋아요. ",
        "SentimentWord": "5",
        "SentimentPolarity": "1"
      },
      {
        "Aspect": "품질",
        "SentimentText": "제품 우측이 살짝 찌그러져 있어 품질이 별로네요ㅜ",
        "SentimentWord": "7",
        "SentimentPolarity": "-1"
      }
    ]
  },
  {
    "Index": "29642",
    "RawText": "디자인이 아주 심플해서 주방에 두니 잘어울리네요! 너무 좋아요. 내부 공간도 넉넉해서 그릇 한번에 건조시킬수 있어 좋아요.",
    "Source": "쇼핑몰",
    "Domain": "가전",
    "MainCategory": "주방가전",
    "ProductName": "쿠첸 CSD-I089",
    "ReviewScore": "4",
    "Syllable": "68",
    "Word": "16",
    "RDate": "20200408",
    "GeneralPolarity": "1",
    "Aspects": [
      {
        "Aspect": "디자인",
        "SentimentText": "디자인이 아주 심플해서 주방에 두니 잘어울리네요! 너무 좋아요.",
        "SentimentWord": "8",
        "SentimentPolarity": "1"
      },
      {
        "Aspect": "용량",
        "SentimentText": " 내부 공간도 넉넉해서 그릇 한번에 건조시킬수 있어 좋아요.",
        "SentimentWord": "8",
        "SentimentPolarity": "1"
      }
    ]
  },
  {
    "Index": "29645",
    "RawText": "주방이 좁아서 설거지거리가 많아져서 애먹었는데 용량큰걸 샀더니 충분히 다 들어가고도 남아서 건조시키기 너무 좋아요! 전면표시량도 디스플레이가 잘 되어 있어서 얼마 남았는지 알수있어서 편리해요.",
    "Source": "쇼핑몰",
    "Domain": "가전",
    "MainCategory": "주방가전",
    "ProductName": "쿠첸 CSD-I089",
    "ReviewScore": "5",
    "Syllable": "107",
    "Word": "23",
    "RDate": "20200312",
    "GeneralPolarity": "1",
    "Aspects": [
      {
        "Aspect": "용량",
        "SentimentText": "주방이 좁아서 설거지거리가 많아져서 애먹었는데 용량큰걸 샀더니 충분히 다 들어가고도 남아서 건조시키기 너무 좋아요!",
        "SentimentWord": "14",
        "SentimentPolarity": "1"
      },
      {
        "Aspect": "편의성",
        "SentimentText": "전면표시량도 디스플레이가 잘 되어 있어서 얼마 남았는지 알수있어서 편리해요.",
        "SentimentWord": "9",
        "SentimentPolarity": "1"
      }
    ]
  },
  {
    "Index": "29646",
    "RawText": "사용해보니 완전 신세계네요 건조 살균기능 완벽해요 식기들이 뽀득합니다. 가격대비 가성비 대박인 상품이네요.",
    "Source": "쇼핑몰",
    "Domain": "가전",
    "MainCategory": "주방가전",
    "ProductName": "쿠첸 CSD-I089",
    "ReviewScore": "5",
    "Syllable": "59",
    "Word": "12",
    "RDate": "20220628",
    "GeneralPolarity": "1",
    "Aspects": [
      {
        "Aspect": "기능",
        "SentimentText": "사용해보니 완전 신세계네요 건조 살균기능 완벽해요 식기들이 뽀득합니다.",
        "SentimentWord": "8",
        "SentimentPolarity": "1"
      },
      {
        "Aspect": "가격",
        "SentimentText": "가격대비 가성비 대박인 상품이네요.",
        "SentimentWord": "4",
        "SentimentPolarity": "1"
      }
    ]
  },
  {
    "Index": "29647",
    "RawText": "사이즈가 싱크대 하나를 다 차지하네요 -_-;; 주방이 좁아 보여서 별로에요. 건조기능 돌릴때 소음도 좀 있어서 비추입니다..",
    "Source": "쇼핑몰",
    "Domain": "가전",
    "MainCategory": "주방가전",
    "ProductName": "쿠첸 CSD-I089",
    "ReviewScore": "5",
    "Syllable": "70",
    "Word": "16",
    "RDate": "20190403",
    "GeneralPolarity": "-1",
    "Aspects": [
      {
        "Aspect": "사이즈",
        "SentimentText": "사이즈가 싱크대 하나를 다 차지하네요 -_-;; 주방이 좁아 보여서 별로에요.",
        "SentimentWord": "10",
        "SentimentPolarity": "-1"
      },
      {
        "Aspect": "소음",
        "SentimentText": "건조기능 돌릴때 소음도 좀 있어서 비추입니다..",
        "SentimentWord": "6",
        "SentimentPolarity": "-1"
      }
    ]
  },
  {
    "Index": "29649",
    "RawText": "내부 공간중에 아랫칸이 바닥이 붙어있어서 하단부 건조가 잘 안되는 것 같아 아쉬워요. 수저통이 플라스틱인 것도 재질이 맘에 들지 않네요.",
    "Source": "쇼핑몰",
    "Domain": "가전",
    "MainCategory": "주방가전",
    "ProductName": "쿠첸 CSD-I089",
    "ReviewScore": "5",
    "Syllable": "76",
    "Word": "19",
    "RDate": "20191226",
    "GeneralPolarity": "-1",
    "Aspects": [
      {
        "Aspect": "기능",
        "SentimentText": "내부 공간중에 아랫칸이 바닥이 붙어있어서 하단부 건조가 잘 안되는 것 같아 아쉬워요. ",
        "SentimentWord": "12",
        "SentimentPolarity": "-1"
      },
      {
        "Aspect": "소재",
        "SentimentText": " 수저통이 플라스틱인 것도 재질이 맘에 들지 않네요.",
        "SentimentWord": "7",
        "SentimentPolarity": "-1"
      }
    ]
  },
  {
    "Index": "29650",
    "RawText": "살균기능이 훨씬 좋아서 건조기능보단 살균기능을 더 자주 사용하게 되요. 식기들을 위생적으로 정리할 수 있어서 너무 편리해요.",
    "Source": "쇼핑몰",
    "Domain": "가전",
    "MainCategory": "주방가전",
    "ProductName": "쿠첸 CSD-I089",
    "ReviewScore": "5",
    "Syllable": "69",
    "Word": "16",
    "RDate": "20220525",
    "GeneralPolarity": "1",
    "Aspects": [
      {
        "Aspect": "기능",
        "SentimentText": "살균기능이 훨씬 좋아서 건조기능보단 살균기능을 더 자주 사용하게 되요. ",
        "SentimentWord": "9",
        "SentimentPolarity": "1"
      },
      {
        "Aspect": "편의성",
        "SentimentText": "식기들을 위생적으로 정리할 수 있어서 너무 편리해요.",
        "SentimentWord": "7",
        "SentimentPolarity": "1"
      }
    ]
  },
  {
    "Index": "29653",
    "RawText": "전체적으로 제품 품질 마감 퀄리티 상태가 별로 안좋아요. 기스나고 벗겨지고 불쾌해요. 하지만 살균건조 기능은 만족스러워서 그냥 쓰려고 합니다. ",
    "Source": "쇼핑몰",
    "Domain": "가전",
    "MainCategory": "주방가전",
    "ProductName": "쿠첸 CSD-I089",
    "ReviewScore": "5",
    "Syllable": "80",
    "Word": "18",
    "RDate": "20200429",
    "GeneralPolarity": "0",
    "Aspects": [
      {
        "Aspect": "품질",
        "SentimentText": "전체적으로 제품 품질 마감 퀄리티 상태가 별로 안좋아요. 기스나고 벗겨지고 불쾌해요.",
        "SentimentWord": "11",
        "SentimentPolarity": "-1"
      },
      {
        "Aspect": "기능",
        "SentimentText": "하지만 살균건조 기능은 만족스러워서 그냥 쓰려고 합니다.",
        "SentimentWord": "7",
        "SentimentPolarity": "1"
      }
    ]
  },
  {
    "Index": "29654",
    "RawText": "디자인이 일단 심플해서 너무 좋아요. 어머님댁에 선물해드렸는데 살균 건조도 잘되서 너무 좋다고 하시네요^^",
    "Source": "쇼핑몰",
    "Domain": "가전",
    "MainCategory": "주방가전",
    "ProductName": "쿠첸 CSD-I089",
    "ReviewScore": "5",
    "Syllable": "59",
    "Word": "13",
    "RDate": "20190921",
    "GeneralPolarity": "1",
    "Aspects": [
      {
        "Aspect": "디자인",
        "SentimentText": "디자인이 일단 심플해서 너무 좋아요. ",
        "SentimentWord": "5",
        "SentimentPolarity": "1"
      },
      {
        "Aspect": "기능",
        "SentimentText": "어머님댁에 선물해드렸는데 살균 건조도 잘되서 너무 좋다고 하시네요^^",
        "SentimentWord": "8",
        "SentimentPolarity": "1"
      }
    ]
  },
  {
    "Index": "29656",
    "RawText": "색상도 깔끔한 화이트톤이라 너무 예쁘네요. 잔여표시량이랑 버튼도 쉽게 조작할 수 있어서 좋아요.",
    "Source": "쇼핑몰",
    "Domain": "가전",
    "MainCategory": "주방가전",
    "ProductName": "쿠첸 CSD-I089",
    "ReviewScore": "5",
    "Syllable": "53",
    "Word": "12",
    "RDate": "20201102",
    "GeneralPolarity": "1",
    "Aspects": [
      {
        "Aspect": "색상",
        "SentimentText": "색상도 깔끔한 화이트톤이라 너무 예쁘네요.",
        "SentimentWord": "5",
        "SentimentPolarity": "1"
      },
      {
        "Aspect": "조작성",
        "SentimentText": "잔여표시량이랑 버튼도 쉽게 조작할 수 있어서 좋아요.",
        "SentimentWord": "7",
        "SentimentPolarity": "1"
      }
    ]
  },
  {
    "Index": "29658",
    "RawText": "내부 용량이 커서 한번에 많은 그릇을 살균 소독 할 수 있어서 너무 좋아요! 다만 아쉬운게 마감처리네요 뒷판이 좀 떠서 점점 벌어지진 않을까 걱정되네요. 품질 체크 한번 더 해주세요. 아쉽습니다.",
    "Source": "쇼핑몰",
    "Domain": "가전",
    "MainCategory": "주방가전",
    "ProductName": "쿠첸 CSD-I089",
    "ReviewScore": "5",
    "Syllable": "109",
    "Word": "29",
    "RDate": "20210616",
    "GeneralPolarity": "0",
    "Aspects": [
      {
        "Aspect": "용량",
        "SentimentText": "내부 용량이 커서 한번에 많은 그릇을 살균 소독 할 수 있어서 너무 좋아요!",
        "SentimentWord": "13",
        "SentimentPolarity": "1"
      },
      {
        "Aspect": "품질",
        "SentimentText": "다만 아쉬운게 마감처리네요 뒷판이 좀 떠서 점점 벌어지진 않을까 걱정되네요. 품질 체크 한번 더 해주세요. 아쉽습니다.",
        "SentimentWord": "16",
        "SentimentPolarity": "-1"
      }
    ]
  },
  {
    "Index": "29659",
    "RawText": "기존에 쓰던 브랜드라서 믿고 샀습니다. 역시 좋네요. 작동시 시간타이머 조절도 할 수 있어서 시간절약 가능해서 좋아요. ",
    "Source": "쇼핑몰",
    "Domain": "가전",
    "MainCategory": "주방가전",
    "ProductName": "쿠첸 CSD-I089",
    "ReviewScore": "5",
    "Syllable": "67",
    "Word": "16",
    "RDate": "20201225",
    "GeneralPolarity": "1",
    "Aspects": [
      {
        "Aspect": "제조일/제조사",
        "SentimentText": "기존에 쓰던 브랜드라서 믿고 샀습니다. 역시 좋네요.",
        "SentimentWord": "7",
        "SentimentPolarity": "1"
      },
      {
        "Aspect": "시간/속도",
        "SentimentText": "작동시 시간타이머 조절도 할 수 있어서 시간절약 가능해서 좋아요.",
        "SentimentWord": "9",
        "SentimentPolarity": "1"
      }
    ]
  },
  {
    "Index": "29660",
    "RawText": "할인할때 저렴한 가격에 구입했는데 역시 너무 합리적인 소비를 한거 같아 좋아요! 식기건조기가 공간이 커서 많이 넣고 사용할 수 있어 좋아요.",
    "Source": "쇼핑몰",
    "Domain": "가전",
    "MainCategory": "주방가전",
    "ProductName": "쿠첸 CSD-I089",
    "ReviewScore": "4",
    "Syllable": "78",
    "Word": "20",
    "RDate": "20201115",
    "GeneralPolarity": "1",
    "Aspects": [
      {
        "Aspect": "가격",
        "SentimentText": "할인할때 저렴한 가격에 구입했는데 역시 너무 합리적인 소비를 한거 같아 좋아요! ",
        "SentimentWord": "11",
        "SentimentPolarity": "1"
      },
      {
        "Aspect": "용량",
        "SentimentText": "식기건조기가 공간이 커서 많이 넣고 사용할 수 있어 좋아요.",
        "SentimentWord": "9",
        "SentimentPolarity": "1"
      }
    ]
  },
  {
    "Index": "29661",
    "RawText": "제품 용량 자체는 넉넉해서 그릇도 많이 들어가고 좋네요. 다만 선반 위에 설치하는데 건조기 크기 자체가 너무 커서 어렵네요. 크기가 좀 아담했음 좋았을 뻔했어요.",
    "Source": "쇼핑몰",
    "Domain": "가전",
    "MainCategory": "주방가전",
    "ProductName": "쿠첸 CSD-I089",
    "ReviewScore": "4",
    "Syllable": "90",
    "Word": "23",
    "RDate": "20200526",
    "GeneralPolarity": "0",
    "Aspects": [
      {
        "Aspect": "용량",
        "SentimentText": "제품 용량 자체는 넉넉해서 그릇도 많이 들어가고 좋네요.",
        "SentimentWord": "8",
        "SentimentPolarity": "1"
      },
      {
        "Aspect": "사이즈",
        "SentimentText": "만 선반 위에 설치하는데 건조기 크기 자체가 너무 커서 어렵네요. 크기가 좀 아담했음 좋았을 뻔했어요.",
        "SentimentWord": "15",
        "SentimentPolarity": "-1"
      }
    ]
  },
  {
    "Index": "29663",
    "RawText": "요즘 같은 날씨인 장마철에 필수템이네요. 식기류에 건조기능을 하면 뽀송뽀송하니 비린내도 안나서 좋아요. 건조기 안 내부 재질이 플라스틱 재질이라 열기에 취약한거 같아 아쉽네요.",
    "Source": "쇼핑몰",
    "Domain": "가전",
    "MainCategory": "주방가전",
    "ProductName": "쿠첸 CSD-I089",
    "ReviewScore": "5",
    "Syllable": "98",
    "Word": "22",
    "RDate": "20200725",
    "GeneralPolarity": "0",
    "Aspects": [
      {
        "Aspect": "기능",
        "SentimentText": "요즘 같은 날씨인 장마철에 필수템이네요. 식기류에 건조기능을 하면 뽀송뽀송하니 비린내도 안나서 좋아요.",
        "SentimentWord": "12",
        "SentimentPolarity": "1"
      },
      {
        "Aspect": "소재",
        "SentimentText": "건조기 안 내부 재질이 플라스틱 재질이라 열기에 취약한거 같아 아쉽네요.",
        "SentimentWord": "10",
        "SentimentPolarity": "-1"
      }
    ]
  },
  {
    "Index": "29664",
    "RawText": "받아서 작동해봤는데 소음이 거의 없어요. 진짜 조용해서 좋네요. 건조기능도 깔끔하게 잘 되서 너무 좋아요.",
    "Source": "쇼핑몰",
    "Domain": "가전",
    "MainCategory": "주방가전",
    "ProductName": "쿠첸 CSD-I089",
    "ReviewScore": "5",
    "Syllable": "59",
    "Word": "14",
    "RDate": "20200228",
    "GeneralPolarity": "1",
    "Aspects": [
      {
        "Aspect": "소음",
        "SentimentText": "받아서 작동해봤는데 소음이 거의 없어요. 진짜 조용해서 좋네요. ",
        "SentimentWord": "8",
        "SentimentPolarity": "1"
      },
      {
        "Aspect": "기능",
        "SentimentText": "건조기능도 깔끔하게 잘 되서 너무 좋아요.",
        "SentimentWord": "6",
        "SentimentPolarity": "1"
      }
    ]
  },
  {
    "Index": "29665",
    "RawText": "제품 자체내 소음이 진짜 거의 없어요! 돌아가는지도 모를정도랍니다. 공간도 넓어서 넉넉하게 쓸수 있어 좋습니다. 다만 마감처리가 문제인지 제품 문 아래부분이 벌어져있어 아쉽네요.",
    "Source": "쇼핑몰",
    "Domain": "가전",
    "MainCategory": "주방가전",
    "ProductName": "쿠첸 CSD-I089",
    "ReviewScore": "4",
    "Syllable": "99",
    "Word": "22",
    "RDate": "20200402",
    "GeneralPolarity": "1",
    "Aspects": [
      {
        "Aspect": "소음",
        "SentimentText": "제품 자체내 소음이 진짜 거의 없어요! 돌아가는지도 모를정도랍니다. ",
        "SentimentWord": "8",
        "SentimentPolarity": "1"
      },
      {
        "Aspect": "용량",
        "SentimentText": "공간도 넓어서 넉넉하게 쓸수 있어 좋습니다.",
        "SentimentWord": "6",
        "SentimentPolarity": "1"
      },
      {
        "Aspect": "품질",
        "SentimentText": "다만 마감처리가 문제인지 제품 문 아래부분이 벌어져있어 아쉽네요.",
        "SentimentWord": "8",
        "SentimentPolarity": "-1"
      }
    ]
  },
  {
    "Index": "29666",
    "RawText": "싱크선반에 그릇을 주욱 늘어놓는게 지저분해서 구입했는데 정리도 쉽고 너무 좋아요. 배송도 굉장히 빨리 와서 좋았구요. 용량도 엄청 커서 그릇들이 엄청 들어가요. 한번에 다 처리할 수 있어 좋아요.",
    "Source": "쇼핑몰",
    "Domain": "가전",
    "MainCategory": "주방가전",
    "ProductName": "쿠첸 CSD-I089",
    "ReviewScore": "5",
    "Syllable": "109",
    "Word": "27",
    "RDate": "20211118",
    "Aspects": [
      {
        "Aspect": "편의성",
        "SentimentText": "싱크선반에 그릇을 주욱 늘어놓는게 지저분해서 구입했는데 정리도 쉽고 너무 좋아요.",
        "SentimentWord": "10",
        "SentimentPolarity": "1"
      },
      {
        "Aspect": "용량",
        "SentimentText": "용량도 엄청 커서 그릇들이 엄청 들어가요. 한번에 다 처리할 수 있어 좋아요.",
        "SentimentWord": "12",
        "SentimentPolarity": "1"
      }
    ]
  },
  {
    "Index": "29668",
    "RawText": "용량 크기도 제대 마음에 듭니다. 설거지가 귀찮아 젖병이랑 식기들 넣어 사용 하는데  쾌적하고 사용 편해요",
    "Source": "쇼핑몰",
    "Domain": "가전",
    "MainCategory": "주방가전",
    "ProductName": "쿠첸 CSD-I089",
    "ReviewScore": "5",
    "Syllable": "59",
    "Word": "15",
    "RDate": "20210318",
    "GeneralPolarity": "1",
    "Aspects": [
      {
        "Aspect": "용량",
        "SentimentText": "용량 크기도 제대 마음에 듭니다.",
        "SentimentWord": "5",
        "SentimentPolarity": "1"
      },
      {
        "Aspect": "편의성",
        "SentimentText": "설거지가 귀찮아 젖병이랑 식기들 넣어 사용 하는데  쾌적하고 사용 편해요",
        "SentimentWord": "10",
        "SentimentPolarity": "1"
      }
    ]
  },
  {
    "Index": "29669",
    "RawText": "크기가 큰 것 같은데 용량이 작아서 더 큰 걸로 살 걸 후회합니다.ㅜㅜ 사이즈에 비해 가격도 비싸고 돈 아까움....",
    "Source": "쇼핑몰",
    "Domain": "가전",
    "MainCategory": "주방가전",
    "ProductName": "쿠첸 CSD-I089",
    "ReviewScore": "1",
    "Syllable": "65",
    "Word": "18",
    "RDate": "20211001",
    "GeneralPolarity": "-1",
    "Aspects": [
      {
        "Aspect": "용량",
        "SentimentText": "크기가 큰 것 같은데 용량이 작아서 더 큰 걸로 살 걸 후회합니다.ㅜㅜ",
        "SentimentWord": "12",
        "SentimentPolarity": "-1"
      },
      {
        "Aspect": "가격",
        "SentimentText": "사이즈에 비해 가격도 비싸고 돈 아까움....",
        "SentimentWord": "6",
        "SentimentPolarity": "-1"
      }
    ]
  },
  {
    "Index": "29671",
    "RawText": "품질 성능도 우수하고, 디자인도 깔끔하니 이쁘고, 가격도 적당한 편 같아요. 배송도 진짜 빨라요! 용량 크기도 커서 딱이에요!",
    "Source": "쇼핑몰",
    "Domain": "가전",
    "MainCategory": "주방가전",
    "ProductName": "쿠첸 CSD-I089",
    "ReviewScore": "5",
    "Syllable": "70",
    "Word": "17",
    "RDate": "20190508",
    "Aspects": [
      {
        "Aspect": "품질",
        "SentimentText": "품질 성능도 우수하고",
        "SentimentWord": "3",
        "SentimentPolarity": "1"
      },
      {
        "Aspect": "디자인",
        "SentimentText": "디자인도 깔끔하니 이쁘고",
        "SentimentWord": "3",
        "SentimentPolarity": "1"
      },
      {
        "Aspect": "가격",
        "SentimentText": "가격도 적당한 편 같아요",
        "SentimentWord": "4",
        "SentimentPolarity": "1"
      },
      {
        "Aspect": "용량",
        "SentimentText": "용량 크기도 커서 딱이에요!",
        "SentimentWord": "4",
        "SentimentPolarity": "1"
      },
      {
        "Aspect": "기능",
        "SentimentText": "성능도 우수하고",
        "SentimentWord": "2",
        "SentimentPolarity": "1"
      }
    ]
  },
  {
    "Index": "29672",
    "RawText": "기능도 4단계 까지 있어 좋고  용량 역시 대!용!량! 우리 집에 딱 이예요!",
    "Source": "쇼핑몰",
    "Domain": "가전",
    "MainCategory": "주방가전",
    "ProductName": "쿠쿠전자 CDD-A9010S",
    "ReviewScore": "5",
    "Syllable": "43",
    "Word": "12",
    "RDate": "20201215",
    "GeneralPolarity": "1",
    "Aspects": [
      {
        "Aspect": "기능",
        "SentimentText": "기능도 4단계 까지 있어 좋고",
        "SentimentWord": "5",
        "SentimentPolarity": "1"
      },
      {
        "Aspect": "용량",
        "SentimentText": "용량 역시 대!용!량! 우리 집에 딱 이예요! ",
        "SentimentWord": "7",
        "SentimentPolarity": "1"
      }
    ]
  }
]