[
  {
    "Index": "29673",
    "RawText": "6인용사이즈 크기가 클까 봐 걱정했는데 적당해요! 2단으로 분리까지 되면 사용하기 더 좋았을 텐데 안돼 아쉽네요!",
    "Source": "쇼핑몰",
    "Domain": "가전",
    "MainCategory": "주방가전",
    "ProductName": "쿠쿠전자 CDD-A9010S",
    "ReviewScore": "5",
    "Syllable": "63",
    "Word": "15",
    "RDate": "20211003",
    "GeneralPolarity": "0",
    "Aspects": [
      {
        "Aspect": "용량",
        "SentimentText": "6인용사이즈 크기가 클까 봐 걱정했는데 적당해요!",
        "SentimentWord": "6",
        "SentimentPolarity": "1"
      },
      {
        "Aspect": "편의성",
        "SentimentText": " 2단으로 분리까지 되면 사용하기 더 좋았을 텐데 안돼 아쉽네요! ",
        "SentimentWord": "9",
        "SentimentPolarity": "-1"
      }
    ]
  },
  {
    "Index": "29674",
    "RawText": "6인용 맞나요? 3인용 겨우 들어갈 정도입니다! 2단으로 분리도 낮아서 사용하기 매우 불편함",
    "Source": "쇼핑몰",
    "Domain": "가전",
    "MainCategory": "주방가전",
    "ProductName": "쿠쿠전자 CDD-A9010S",
    "ReviewScore": "3",
    "Syllable": "51",
    "Word": "12",
    "RDate": "20200804",
    "GeneralPolarity": "-1",
    "Aspects": [
      {
        "Aspect": "용량",
        "SentimentText": "6인용 맞나요? 3인용 겨우 들어갈 정도입니다!",
        "SentimentWord": "6",
        "SentimentPolarity": "-1"
      },
      {
        "Aspect": "편의성",
        "SentimentText": " 2단으로 분리도 낮아서 사용하기 매우 불편함",
        "SentimentWord": "6",
        "SentimentPolarity": "-1"
      }
    ]
  },
  {
    "Index": "29675",
    "RawText": "소음은 적어서 괜찮은데....  그릇 세워서 쓰기도 애매하고 용량이 작아도 너무 작아요 ",
    "Source": "쇼핑몰",
    "Domain": "가전",
    "MainCategory": "주방가전",
    "ProductName": "쿠쿠전자 CDD-A9010S",
    "ReviewScore": "5",
    "Syllable": "49",
    "Word": "11",
    "RDate": "20210202",
    "GeneralPolarity": "-1",
    "Aspects": [
      {
        "Aspect": "소음",
        "SentimentText": "소음은 적어서 괜찮은데.... ",
        "SentimentWord": "3",
        "SentimentPolarity": "0"
      },
      {
        "Aspect": "용량",
        "SentimentText": "그릇 세워서 쓰기도 애매하고 용량이 작아도 너무 작아요 ",
        "SentimentWord": "8",
        "SentimentPolarity": "-1"
      }
    ]
  },
  {
    "Index": "29676",
    "RawText": "용량이 작아 그릇이 다 안 들어가요! 예전 모델은 크기도 크고 건조도 참 잘 돼 좋았는데 이건 진짜 별로네요",
    "Source": "쇼핑몰",
    "Domain": "가전",
    "MainCategory": "주방가전",
    "ProductName": "쿠쿠전자 CDD-A9010S",
    "ReviewScore": "5",
    "Syllable": "60",
    "Word": "18",
    "RDate": "20220107",
    "GeneralPolarity": "-1",
    "Aspects": [
      {
        "Aspect": "용량",
        "SentimentText": "용량이 작아 그릇이 다 안 들어가요! ",
        "SentimentWord": "6",
        "SentimentPolarity": "-1"
      },
      {
        "Aspect": "기능",
        "SentimentText": " 예전 모델은 크기도 크고 건조도 참 잘 돼 좋았는데 이건 진짜 별로네요",
        "SentimentWord": "12",
        "SentimentPolarity": "-1"
      }
    ]
  },
  {
    "Index": "29677",
    "RawText": "전 모델 품절로 이제품 샀는데 6인용이라고 판매 하지만 작아요ㅡㅜ전 모델에는 분리가 되었는데 이건 분리가 안돼 사용하기 불편해서 못 쓰겠습니다",
    "Source": "쇼핑몰",
    "Domain": "가전",
    "MainCategory": "주방가전",
    "ProductName": "쿠쿠전자 CDD-A9010S",
    "ReviewScore": "5",
    "Syllable": "79",
    "Word": "19",
    "RDate": "20220326",
    "GeneralPolarity": "-1",
    "Aspects": [
      {
        "Aspect": "용량",
        "SentimentText": "전 모델 품절로 이제품 샀는데 6인용이라고 판매 하지만 작아요ㅡㅜ",
        "SentimentWord": "9",
        "SentimentPolarity": "-1"
      },
      {
        "Aspect": "편의성",
        "SentimentText": "전 모델에는 분리가 되었는데 이건 분리가 안돼 사용하기 불편해서 못 쓰겠습니다",
        "SentimentWord": "11",
        "SentimentPolarity": "-1"
      }
    ]
  },
  {
    "Index": "29678",
    "RawText": "제품의 물받이는 커서 좋네요~ 그릇 넣는 공간이 너무 작아서 별로에요;;",
    "Source": "쇼핑몰",
    "Domain": "가전",
    "MainCategory": "주방가전",
    "ProductName": "쿠쿠전자 CDD-A9010S",
    "ReviewScore": "5",
    "Syllable": "40",
    "Word": "10",
    "RDate": "20220521",
    "GeneralPolarity": "0",
    "Aspects": [
      {
        "Aspect": "제품구성",
        "SentimentText": "제품의 물받이는 커서 좋네요~",
        "SentimentWord": "4",
        "SentimentPolarity": "1"
      },
      {
        "Aspect": "용량",
        "SentimentText": "그릇 넣는 공간이 너무 작아서 별로에요;;",
        "SentimentWord": "6",
        "SentimentPolarity": "-1"
      }
    ]
  },
  {
    "Index": "29679",
    "RawText": "건조살균이 되어 안심하면 사용하고있어요~~ 다만  식기들을 세워 넣기가 애매하며 2단은 사용하기가  불편해서 아쉽네요 ",
    "Source": "쇼핑몰",
    "Domain": "가전",
    "MainCategory": "주방가전",
    "ProductName": "쿠쿠전자 CDD-A9010S",
    "ReviewScore": "2",
    "Syllable": "66",
    "Word": "13",
    "RDate": "20220219",
    "GeneralPolarity": "0",
    "Aspects": [
      {
        "Aspect": "기능",
        "SentimentText": "건조살균이 되어 안심하면 사용하고있어요~~",
        "SentimentWord": "4",
        "SentimentPolarity": "1"
      },
      {
        "Aspect": "편의성",
        "SentimentText": "식기들을 세워 넣기가 애매하며 2단은 사용하기가  불편해서 아쉽네요 ",
        "SentimentWord": "8",
        "SentimentPolarity": "-1"
      }
    ]
  },
  {
    "Index": "29680",
    "RawText": "2인이 쓰기에 내부가 아주 적당하고 좋습니다. 건조기능도 그릇이 바싹 말라서 굿입니다~",
    "Source": "쇼핑몰",
    "Domain": "가전",
    "MainCategory": "주방가전",
    "ProductName": "쿠쿠전자 CDD-A9010S",
    "ReviewScore": "5",
    "Syllable": "48",
    "Word": "11",
    "RDate": "20211105",
    "GeneralPolarity": "1",
    "Aspects": [
      {
        "Aspect": "용량",
        "SentimentText": "2인이 쓰기에 내부가 아주 적당하고 좋습니다.",
        "SentimentWord": "6",
        "SentimentPolarity": "1"
      },
      {
        "Aspect": "기능",
        "SentimentText": "건조기능도 그릇이 바싹 말라서 굿입니다~",
        "SentimentWord": "5",
        "SentimentPolarity": "1"
      }
    ]
  },
  {
    "Index": "29681",
    "RawText": "건조가 너무 잘되서 그릇이 뽀드득해서 좋네요~ 저렴하게 잘 사서 기분이 좋습니다~",
    "Source": "쇼핑몰",
    "Domain": "가전",
    "MainCategory": "주방가전",
    "ProductName": "쿠쿠전자 CDD-A9010S",
    "ReviewScore": "5",
    "Syllable": "45",
    "Word": "11",
    "RDate": "20210212",
    "GeneralPolarity": "1",
    "Aspects": [
      {
        "Aspect": "기능",
        "SentimentText": "건조가 너무 잘되서 그릇이 뽀드득해서 좋네요~",
        "SentimentWord": "6",
        "SentimentPolarity": "1"
      },
      {
        "Aspect": "가격",
        "SentimentText": "저렴하게 잘 사서 기분이 좋습니다~",
        "SentimentWord": "5",
        "SentimentPolarity": "1"
      }
    ]
  },
  {
    "Index": "29685",
    "RawText": "타이머 기능이 있어서 너무 간편하고 좋아요~ 아쉬운건 색상이 별로 안예쁘네여 ;;",
    "Source": "쇼핑몰",
    "Domain": "가전",
    "MainCategory": "주방가전",
    "ProductName": "쿠쿠전자 CDD-A9010S",
    "ReviewScore": "5",
    "Syllable": "45",
    "Word": "11",
    "RDate": "20220607",
    "GeneralPolarity": "0",
    "Aspects": [
      {
        "Aspect": "기능",
        "SentimentText": "타이머 기능이 있어서 너무 간편하고 좋아요~",
        "SentimentWord": "6",
        "SentimentPolarity": "1"
      },
      {
        "Aspect": "색상",
        "SentimentText": "아쉬운건 색상이 별로 안예쁘네여 ;;",
        "SentimentWord": "5",
        "SentimentPolarity": "-1"
      }
    ]
  },
  {
    "Index": "29686",
    "RawText": "건조기능이 진짜 최고에요 그릇이 뽀송뽀송~ 디자인도 무난해서 좋네요!!",
    "Source": "쇼핑몰",
    "Domain": "가전",
    "MainCategory": "주방가전",
    "ProductName": "쿠쿠전자 CDD-A9010S",
    "ReviewScore": "5",
    "Syllable": "39",
    "Word": "8",
    "RDate": "20220429",
    "Aspects": [
      {
        "Aspect": "기능",
        "SentimentText": "건조기능이 진짜 최고에요 그릇이 뽀송뽀송~",
        "SentimentWord": "5",
        "SentimentPolarity": "1"
      },
      {
        "Aspect": "디자인",
        "SentimentText": " 디자인도 무난해서 좋네요!!",
        "SentimentWord": "3",
        "SentimentPolarity": "1"
      }
    ]
  },
  {
    "Index": "29687",
    "RawText": "소음이 좀 커서 놀랬어요 아쉽네여 ㅠㅠ 배송은 진짜 빨라서 만족하고 건조도 너무 잘되요 그릇이 뽀드득~ 좋아요!!",
    "Source": "쇼핑몰",
    "Domain": "가전",
    "MainCategory": "주방가전",
    "ProductName": "쿠쿠전자 CDD-A9010S",
    "ReviewScore": "5",
    "Syllable": "63",
    "Word": "16",
    "RDate": "20200824",
    "Aspects": [
      {
        "Aspect": "소음",
        "SentimentText": "소음이 좀 커서 놀랬어요 아쉽네여 ㅠㅠ",
        "SentimentWord": "6",
        "SentimentPolarity": "-1"
      },
      {
        "Aspect": "기능",
        "SentimentText": "건조도 너무 잘되요 그릇이 뽀드득~ 좋아요!!",
        "SentimentWord": "6",
        "SentimentPolarity": "1"
      }
    ]
  },
  {
    "Index": "29688",
    "RawText": "내부가 너무 작아서 그릇을 세우기가 불편해요;; 하지만 건조 시간조절을 할수 있어  사용하기 무척 편리해요~",
    "Source": "쇼핑몰",
    "Domain": "가전",
    "MainCategory": "주방가전",
    "ProductName": "쿠쿠전자 CDD-A9010S",
    "ReviewScore": "5",
    "Syllable": "60",
    "Word": "14",
    "RDate": "20211107",
    "Aspects": [
      {
        "Aspect": "용량",
        "SentimentText": "내부가 너무 작아서 그릇을 세우기가 불편해요;; ",
        "SentimentWord": "6",
        "SentimentPolarity": "-1"
      },
      {
        "Aspect": "편의성",
        "SentimentText": "건조 시간조절을 할수 있어 사용하기 무척 편리해요~",
        "SentimentWord": "7",
        "SentimentPolarity": "1"
      }
    ]
  },
  {
    "Index": "29689",
    "RawText": "포장도 꼼꼼하게 잘와서 좋고,  배송도 빨라서 좋았습니다~ 외형이 더 예뻐져서 나온 거 같아 좋네요~ 2단이라고 해서 구매했는데 내부용량이 생각보다 작아요.",
    "Source": "쇼핑몰",
    "Domain": "가전",
    "MainCategory": "주방가전",
    "ProductName": "쿠쿠전자 CDD-A9010S",
    "ReviewScore": "5",
    "Syllable": "87",
    "Word": "20",
    "RDate": "20210901",
    "Aspects": [
      {
        "Aspect": "용량",
        "SentimentText": "2단이라고 해서 구매했는데 내부용량이 생각보다 작아요.",
        "SentimentWord": "6",
        "SentimentPolarity": "-1"
      },
      {
        "Aspect": "디자인",
        "SentimentText": "외형이 더 예뻐져서 나온 거 같아 좋네요~",
        "SentimentWord": "7",
        "SentimentPolarity": "1"
      }
    ]
  },
  {
    "Index": "29690",
    "RawText": "어버이날 선물로 구매했는데 부모님이 크기가 쓰기 딱 적당하다고 하십니다! 조작 버튼들이 작아서 잘 안 보여 조작하기 힘드신다고 하시네요",
    "Source": "쇼핑몰",
    "Domain": "가전",
    "MainCategory": "주방가전",
    "ProductName": "쿠쿠전자 CDD-A9010S",
    "ReviewScore": "5",
    "Syllable": "75",
    "Word": "18",
    "RDate": "20220502",
    "GeneralPolarity": "0",
    "Aspects": [
      {
        "Aspect": "용량",
        "SentimentText": "부모님이 크기가 쓰기 딱 적당하다고 하십니다!",
        "SentimentWord": "6",
        "SentimentPolarity": "1"
      },
      {
        "Aspect": "조작성",
        "SentimentText": "조작 버튼들이 작아서 잘 안 보여 조작하기 힘드신다고 하시네요",
        "SentimentWord": "9",
        "SentimentPolarity": "-1"
      }
    ]
  },
  {
    "Index": "29691",
    "RawText": "버튼식이라 사용하기가 편하네요^^  근데  내부가 작아서 큰 접시들은  넣을 수 없어가 없어요 ㅜㅜ ",
    "Source": "쇼핑몰",
    "Domain": "가전",
    "MainCategory": "주방가전",
    "ProductName": "쿠쿠전자 CDD-A9010S",
    "ReviewScore": "5",
    "Syllable": "56",
    "Word": "13",
    "RDate": "20220113",
    "GeneralPolarity": "0",
    "Aspects": [
      {
        "Aspect": "편의성",
        "SentimentText": "버튼식이라 사용하기가 편하네요^^",
        "SentimentWord": "3",
        "SentimentPolarity": "1"
      },
      {
        "Aspect": "용량",
        "SentimentText": "근데  내부가 작아서 큰 접시들은  넣을 수 없어가 없어요 ㅜㅜ  ",
        "SentimentWord": "10",
        "SentimentPolarity": "-1"
      }
    ]
  },
  {
    "Index": "29692",
    "RawText": "그릇이 물기가 하나도 없이 건조가 되니 너무 좋네요~ 가격대비 가성비 좋은제품입니다~",
    "Source": "쇼핑몰",
    "Domain": "가전",
    "MainCategory": "주방가전",
    "ProductName": "쿠쿠전자 CDD-A9010S",
    "ReviewScore": "5",
    "Syllable": "47",
    "Word": "11",
    "RDate": "20200801",
    "Aspects": [
      {
        "Aspect": "기능",
        "SentimentText": "그릇이 물기가 하나도 없이 건조가 되니 너무 좋네요~",
        "SentimentWord": "8",
        "SentimentPolarity": "1"
      },
      {
        "Aspect": "가격",
        "SentimentText": "가격대비 가성비 좋은제품입니다~",
        "SentimentWord": "3",
        "SentimentPolarity": "1"
      }
    ]
  },
  {
    "Index": "29693",
    "RawText": "디자인이 아주 깔끔해서 마음에 듭니다. 사이즈도 싱크대에 올려놓기 아주 적당하네요 굿입니다",
    "Source": "쇼핑몰",
    "Domain": "가전",
    "MainCategory": "주방가전",
    "ProductName": "쿠쿠전자 CDD-A9010S",
    "ReviewScore": "4",
    "Syllable": "50",
    "Word": "11",
    "RDate": "20210521",
    "GeneralPolarity": "1",
    "Aspects": [
      {
        "Aspect": "디자인",
        "SentimentText": "디자인이 아주 깔끔해서 마음에 듭니다. ",
        "SentimentWord": "5",
        "SentimentPolarity": "1"
      },
      {
        "Aspect": "사이즈",
        "SentimentText": "사이즈도 싱크대에 올려놓기 아주 적당하네요 굿입니다",
        "SentimentWord": "6",
        "SentimentPolarity": "1"
      }
    ]
  },
  {
    "Index": "29694",
    "RawText": "ooo제품 업그레이드 되서 너무 좋습니다 역시 최신 기종을 사야해요~ 품질도 튼튼하고 좋네요~",
    "Source": "쇼핑몰",
    "Domain": "가전",
    "MainCategory": "주방가전",
    "ProductName": "쿠쿠전자 CDD-A9010S",
    "ReviewScore": "5",
    "Syllable": "52",
    "Word": "12",
    "RDate": "20210410",
    "GeneralPolarity": "1",
    "Aspects": [
      {
        "Aspect": "제조일/제조사",
        "SentimentText": "ooo제품 업그레이드 되서 너무 좋습니다 역시 최신 기종을 사야해요~",
        "SentimentWord": "9",
        "SentimentPolarity": "1"
      },
      {
        "Aspect": "품질",
        "SentimentText": "품질도 튼튼하고 좋네요~",
        "SentimentWord": "3",
        "SentimentPolarity": "1"
      }
    ]
  },
  {
    "Index": "29695",
    "RawText": "뚜껑 색이 반투명이라 깔끔해 보이지 않아서 아쉽습니다. 약간의 소음이 있어서 불편하네요~",
    "Source": "쇼핑몰",
    "Domain": "가전",
    "MainCategory": "주방가전",
    "ProductName": "쿠쿠전자 CDD-A9010S",
    "ReviewScore": "4",
    "Syllable": "49",
    "Word": "11",
    "RDate": "20210219",
    "GeneralPolarity": "-1",
    "Aspects": [
      {
        "Aspect": "색상",
        "SentimentText": "뚜껑 색이 반투명이라 깔끔해 보이지 않아서 아쉽습니다.",
        "SentimentWord": "7",
        "SentimentPolarity": "-1"
      },
      {
        "Aspect": "소음",
        "SentimentText": "약간의 소음이 있어서 불편하네요~",
        "SentimentWord": "4",
        "SentimentPolarity": "-1"
      }
    ]
  },
  {
    "Index": "29696",
    "RawText": "용량이 커서 그릇이 은근 많이 들어가서 좋아요~ 디자인은 별로 안 예뻐서 아쉽네요",
    "Source": "쇼핑몰",
    "Domain": "가전",
    "MainCategory": "주방가전",
    "ProductName": "쿠쿠전자 CDD-A9010S",
    "ReviewScore": "5",
    "Syllable": "45",
    "Word": "12",
    "RDate": "20211222",
    "GeneralPolarity": "0",
    "Aspects": [
      {
        "Aspect": "용량",
        "SentimentText": "용량이 커서 그릇이 은근 많이 들어가서 좋아요~",
        "SentimentWord": "7",
        "SentimentPolarity": "1"
      },
      {
        "Aspect": "디자인",
        "SentimentText": "디자인은 별로 안 예뻐서 아쉽네요 ",
        "SentimentWord": "5",
        "SentimentPolarity": "-1"
      }
    ]
  },
  {
    "Index": "29697",
    "RawText": "사이즈가 작아서 그릇이 얼마 안들어갑니다.. 별로네요. 그래도 소음은 조용하니 괜찮고, 디자인도 깔끔하니 좋습니다.",
    "Source": "쇼핑몰",
    "Domain": "가전",
    "MainCategory": "주방가전",
    "ProductName": "쿠쿠전자 CDD-A9010S",
    "ReviewScore": "4",
    "Syllable": "64",
    "Word": "13",
    "RDate": "20200718",
    "GeneralPolarity": "0",
    "Aspects": [
      {
        "Aspect": "용량",
        "SentimentText": "사이즈가 작아서 그릇이 얼마 안들어갑니다.. 별로네요",
        "SentimentWord": "6",
        "SentimentPolarity": "-1"
      },
      {
        "Aspect": "소음",
        "SentimentText": "소음은 조용하니 괜찮고, ",
        "SentimentWord": "3",
        "SentimentPolarity": "1"
      },
      {
        "Aspect": "디자인",
        "SentimentText": "디자인도 깔끔하니 좋습니다.",
        "SentimentWord": "3",
        "SentimentPolarity": "1"
      }
    ]
  },
  {
    "Index": "29698",
    "RawText": "세척 시간도 너무 오래 걸려서 짜증나고, 그릇 들어가는 공간도 너무 작아서 불편하네요",
    "Source": "쇼핑몰",
    "Domain": "가전",
    "MainCategory": "주방가전",
    "ProductName": "쿠쿠전자 CDD-A9010S",
    "ReviewScore": "1",
    "Syllable": "47",
    "Word": "12",
    "RDate": "20220206",
    "GeneralPolarity": "-1",
    "Aspects": [
      {
        "Aspect": "시간/속도",
        "SentimentText": "세척 시간도 너무 오래 걸려서 짜증나고, ",
        "SentimentWord": "6",
        "SentimentPolarity": "-1"
      },
      {
        "Aspect": "용량",
        "SentimentText": "그릇 들어가는 공간도 너무 작아서 불편하네요",
        "SentimentWord": "6",
        "SentimentPolarity": "-1"
      }
    ]
  },
  {
    "Index": "29699",
    "RawText": "디자인은 무난하고 깨끗해서 좋아요. 그런데 그릇 넣는 공간이 너무 작아서 불편합니다.",
    "Source": "쇼핑몰",
    "Domain": "가전",
    "MainCategory": "주방가전",
    "ProductName": "쿠쿠전자 CDD-A9010S",
    "ReviewScore": "5",
    "Syllable": "47",
    "Word": "11",
    "RDate": "20220218",
    "GeneralPolarity": "0",
    "Aspects": [
      {
        "Aspect": "디자인",
        "SentimentText": "디자인은 무난하고 깨끗해서 좋아요.",
        "SentimentWord": "4",
        "SentimentPolarity": "1"
      },
      {
        "Aspect": "용량",
        "SentimentText": "그릇 넣는 공간이 너무 작아서 불편합니다. ",
        "SentimentWord": "6",
        "SentimentPolarity": "-1"
      }
    ]
  },
  {
    "Index": "29700",
    "RawText": "건조기 장점은 열풍 기능이 있어 소독이 되는 것 같아 위생적이예요!소음도 그렇게 심하지 않아요^^. 소량 식기들 돌리때 시간설정 버튼이 좀 불편 하다는게 단점이네요!",
    "Source": "쇼핑몰",
    "Domain": "가전",
    "MainCategory": "주방가전",
    "ProductName": "쿠쿠전자 CDD-A9010S",
    "ReviewScore": "5",
    "Syllable": "92",
    "Word": "22",
    "RDate": "20201231",
    "GeneralPolarity": "0",
    "Aspects": [
      {
        "Aspect": "기능",
        "SentimentText": "건조기 장점은 열풍 기능이 있어 소독이 되는 것 같아 위생적이예요",
        "SentimentWord": "10",
        "SentimentPolarity": "1"
      },
      {
        "Aspect": "소음",
        "SentimentText": "소음도 그렇게 심하지 않아요^^",
        "SentimentWord": "4",
        "SentimentPolarity": "1"
      },
      {
        "Aspect": "조작성",
        "SentimentText": "소량 식기들 돌리때 시간설정 버튼이 좀 불편 하다는게 단점이네요!    ",
        "SentimentWord": "9",
        "SentimentPolarity": "-1"
      }
    ]
  },
  {
    "Index": "29702",
    "RawText": "저렴하게 구매할 수 있어서 기분이 좋습니다~ 소음은 좀 있어서 아쉽습니다 ㅠ",
    "Source": "쇼핑몰",
    "Domain": "가전",
    "MainCategory": "주방가전",
    "ProductName": "쿠쿠전자 CDD-A9010S",
    "ReviewScore": "5",
    "Syllable": "42",
    "Word": "11",
    "RDate": "20211104",
    "GeneralPolarity": "0",
    "Aspects": [
      {
        "Aspect": "가격",
        "SentimentText": "저렴하게 구매할 수 있어서 기분이 좋습니다~ ",
        "SentimentWord": "6",
        "SentimentPolarity": "1"
      },
      {
        "Aspect": "소음",
        "SentimentText": "소음은 좀 있어서 아쉽습니다 ㅠ",
        "SentimentWord": "5",
        "SentimentPolarity": "-1"
      }
    ]
  },
  {
    "Index": "29703",
    "RawText": "공간이 너무 작아서 그릇을 넣다 마네요... 별로에요 ㅠㅠ 가격은 저렴하게 잘 사서 만족해요",
    "Source": "쇼핑몰",
    "Domain": "가전",
    "MainCategory": "주방가전",
    "ProductName": "쿠쿠전자 CDD-A9010S",
    "ReviewScore": "5",
    "Syllable": "51",
    "Word": "13",
    "RDate": "20220427",
    "GeneralPolarity": "0",
    "Aspects": [
      {
        "Aspect": "용량",
        "SentimentText": "공간이 너무 작아서 그릇을 넣다 마네요... 별로에요 ㅠㅠ",
        "SentimentWord": "8",
        "SentimentPolarity": "-1"
      },
      {
        "Aspect": "가격",
        "SentimentText": "가격은 저렴하게 잘 사서 만족해요",
        "SentimentWord": "5",
        "SentimentPolarity": "1"
      }
    ]
  },
  {
    "Index": "29704",
    "RawText": "큰 그릇은 절대 못 넣어요 공간이 그만큼 너무 작아서 짜증나네요.. 소음도 은근 커서 밤에 돌리기 힘드네요 휴",
    "Source": "쇼핑몰",
    "Domain": "가전",
    "MainCategory": "주방가전",
    "ProductName": "쿠쿠전자 CDD-A9010S",
    "ReviewScore": "2",
    "Syllable": "61",
    "Word": "17",
    "RDate": "20210318",
    "GeneralPolarity": "-1",
    "Aspects": [
      {
        "Aspect": "용량",
        "SentimentText": "큰 그릇은 절대 못 넣어요 공간이 그만큼 너무 작아서 짜증나네요..",
        "SentimentWord": "10",
        "SentimentPolarity": "-1"
      },
      {
        "Aspect": "소음",
        "SentimentText": "소음도 은근 커서 밤에 돌리기 힘드네요 휴",
        "SentimentWord": "7",
        "SentimentPolarity": "-1"
      }
    ]
  },
  {
    "Index": "29705",
    "RawText": "뚜껑 높이가 너무 낮아서 닫기가 불편합니다.ㅠㅠ 용량은 크고 좋아서 마음에 듭니다.",
    "Source": "쇼핑몰",
    "Domain": "가전",
    "MainCategory": "주방가전",
    "ProductName": "쿠쿠전자 CDD-A9010S",
    "ReviewScore": "5",
    "Syllable": "46",
    "Word": "11",
    "RDate": "20210805",
    "GeneralPolarity": "0",
    "Aspects": [
      {
        "Aspect": "사이즈",
        "SentimentText": "뚜껑 높이가 너무 낮아서 닫기가 불편합니다.ㅠㅠ",
        "SentimentWord": "6",
        "SentimentPolarity": "-1"
      },
      {
        "Aspect": "용량",
        "SentimentText": "용량은 크고 좋아서 마음에 듭니다.",
        "SentimentWord": "5",
        "SentimentPolarity": "1"
      }
    ]
  },
  {
    "Index": "29706",
    "RawText": "컵이랑 작은 그릇들이 적당히 들어가서 좋네요. 색상은 뚜껑이 탁해 보여서 별로에요",
    "Source": "쇼핑몰",
    "Domain": "가전",
    "MainCategory": "주방가전",
    "ProductName": "쿠쿠전자 CDD-A9010S",
    "ReviewScore": "5",
    "Syllable": "45",
    "Word": "11",
    "RDate": "20210301",
    "GeneralPolarity": "0",
    "Aspects": [
      {
        "Aspect": "용량",
        "SentimentText": "컵이랑 작은 그릇들이 적당히 들어가서 좋네요.",
        "SentimentWord": "6",
        "SentimentPolarity": "1"
      },
      {
        "Aspect": "색상",
        "SentimentText": "색상은 뚜껑이 탁해 보여서 별로에요",
        "SentimentWord": "5",
        "SentimentPolarity": "-1"
      }
    ]
  },
  {
    "Index": "29707",
    "RawText": "내부가 너무 작아서 그릇 놓기가 아주 애매합니다.. 별로네요;; 세척 시간도 은근 오래 걸려서 아쉽네요",
    "Source": "쇼핑몰",
    "Domain": "가전",
    "MainCategory": "주방가전",
    "ProductName": "쿠쿠전자 CDD-A9010S",
    "ReviewScore": "4",
    "Syllable": "57",
    "Word": "14",
    "RDate": "20200730",
    "GeneralPolarity": "-1",
    "Aspects": [
      {
        "Aspect": "용량",
        "SentimentText": "내부가 너무 작아서 그릇 놓기가 아주 애매합니다.. ",
        "SentimentWord": "7",
        "SentimentPolarity": "-1"
      },
      {
        "Aspect": "시간/속도",
        "SentimentText": "세척 시간도 은근 오래 걸려서 아쉽네요 ",
        "SentimentWord": "6",
        "SentimentPolarity": "-1"
      }
    ]
  },
  {
    "Index": "29708",
    "RawText": "건조기능이 좋아서 물기 없이 뽀송해서 좋아요. 내부는 너무 작아서 컵도 많이 안들어가 아쉽습니다 ㅠ",
    "Source": "쇼핑몰",
    "Domain": "가전",
    "MainCategory": "주방가전",
    "ProductName": "쿠쿠전자 CDD-A9010S",
    "ReviewScore": "5",
    "Syllable": "55",
    "Word": "14",
    "RDate": "20211102",
    "GeneralPolarity": "0",
    "Aspects": [
      {
        "Aspect": "기능",
        "SentimentText": "건조기능이 좋아서 물기 없이 뽀송해서 좋아요.",
        "SentimentWord": "6",
        "SentimentPolarity": "1"
      },
      {
        "Aspect": "용량",
        "SentimentText": "내부는 너무 작아서 컵도 많이 안들어가 아쉽습니다 ㅠ",
        "SentimentWord": "8",
        "SentimentPolarity": "-1"
      }
    ]
  },
  {
    "Index": "29709",
    "RawText": "저렴한 가격에 구매해서 아주 만족합니다. 그런데 내부가 너무 작아서 그릇이 얼마 안들어가요 ㅠㅠ 아쉽..",
    "Source": "쇼핑몰",
    "Domain": "가전",
    "MainCategory": "주방가전",
    "ProductName": "쿠쿠전자 CDD-A9010S",
    "ReviewScore": "4",
    "Syllable": "58",
    "Word": "14",
    "RDate": "20211218",
    "GeneralPolarity": "0",
    "Aspects": [
      {
        "Aspect": "가격",
        "SentimentText": "저렴한 가격에 구매해서 아주 만족합니다.",
        "SentimentWord": "5",
        "SentimentPolarity": "1"
      },
      {
        "Aspect": "용량",
        "SentimentText": "내부가 너무 작아서 그릇이 얼마 안들어가요 ㅠㅠ 아쉽..",
        "SentimentWord": "8",
        "SentimentPolarity": "-1"
      }
    ]
  },
  {
    "Index": "29710",
    "RawText": "주방 인테리어랑 디자인이 잘 어울려서 좋아요~ 용량도 4인가족이 쓰기에 아주 적당합니다 굿",
    "Source": "쇼핑몰",
    "Domain": "가전",
    "MainCategory": "주방가전",
    "ProductName": "쿠쿠전자 CDD-A9010S",
    "ReviewScore": "4",
    "Syllable": "50",
    "Word": "12",
    "RDate": "20220825",
    "GeneralPolarity": "1",
    "Aspects": [
      {
        "Aspect": "디자인",
        "SentimentText": "주방 인테리어랑 디자인이 잘 어울려서 좋아요~ ",
        "SentimentWord": "6",
        "SentimentPolarity": "1"
      },
      {
        "Aspect": "용량",
        "SentimentText": "용량도 4인가족이 쓰기에 아주 적당합니다 굿",
        "SentimentWord": "6",
        "SentimentPolarity": "1"
      }
    ]
  },
  {
    "Index": "29711",
    "RawText": "디자인이 2단 선반이어서 좋네요~ 색상은 조금 뚜껑이 탁해서 별로 안예뻐요 ㅠ",
    "Source": "쇼핑몰",
    "Domain": "가전",
    "MainCategory": "주방가전",
    "ProductName": "쿠쿠전자 CDD-A9010S",
    "ReviewScore": "4",
    "Syllable": "43",
    "Word": "11",
    "RDate": "20220121",
    "GeneralPolarity": "0",
    "Aspects": [
      {
        "Aspect": "디자인",
        "SentimentText": "디자인이 2단 선반이어서 좋네요~",
        "SentimentWord": "4",
        "SentimentPolarity": "1"
      },
      {
        "Aspect": "색상",
        "SentimentText": "색상은 조금 뚜껑이 탁해서 별로 안예뻐요 ㅠ",
        "SentimentWord": "7",
        "SentimentPolarity": "-1"
      }
    ]
  },
  {
    "Index": "29712",
    "RawText": "좋은 가격대로 식기건조기 구매해서 좋아요! 제품 사이즈는 생각보다 커서 싱크대를 다 차지해서 별로에요 ㅠ",
    "Source": "쇼핑몰",
    "Domain": "가전",
    "MainCategory": "주방가전",
    "ProductName": "쿠쿠전자 CDD-A9010S",
    "ReviewScore": "5",
    "Syllable": "58",
    "Word": "14",
    "RDate": "20200826",
    "Aspects": [
      {
        "Aspect": "가격",
        "SentimentText": "좋은 가격대로 식기건조기 구매해서 좋아요! ",
        "SentimentWord": "5",
        "SentimentPolarity": "1"
      },
      {
        "Aspect": "사이즈",
        "SentimentText": "제품 사이즈는 생각보다 커서 싱크대를 다 차지해서 별로에요 ㅠ",
        "SentimentWord": "9",
        "SentimentPolarity": "-1"
      }
    ]
  },
  {
    "Index": "29715",
    "RawText": "세척기능이 너무 좋아요~ 그릇이 뽀드득~ 그런데 세척 시간이 좀 오래 걸려서 아쉽긴하네요",
    "Source": "쇼핑몰",
    "Domain": "가전",
    "MainCategory": "주방가전",
    "ProductName": "쿠쿠전자 CDW-A0611 화이트",
    "ReviewScore": "5",
    "Syllable": "49",
    "Word": "12",
    "RDate": "20220128",
    "GeneralPolarity": "0",
    "Aspects": [
      {
        "Aspect": "기능",
        "SentimentText": "세척기능이 너무 좋아요~ 그릇이 뽀드득~",
        "SentimentWord": "5",
        "SentimentPolarity": "1"
      },
      {
        "Aspect": "시간/속도",
        "SentimentText": "세척 시간이 좀 오래 걸려서 아쉽긴하네요 ",
        "SentimentWord": "6",
        "SentimentPolarity": "-1"
      }
    ]
  },
  {
    "Index": "29717",
    "RawText": "고온살균 세척으로 아주 위생적이라 대만족!! 그런데 세척 시간이 좀 오래걸려서 아쉽네요~",
    "Source": "쇼핑몰",
    "Domain": "가전",
    "MainCategory": "주방가전",
    "ProductName": "쿠쿠전자 CDW-A0611 화이트",
    "ReviewScore": "5",
    "Syllable": "49",
    "Word": "11",
    "RDate": "20211021",
    "Aspects": [
      {
        "Aspect": "기능",
        "SentimentText": "고온살균 세척으로 아주 위생적이라 대만족!! ",
        "SentimentWord": "5",
        "SentimentPolarity": "1"
      },
      {
        "Aspect": "시간/속도",
        "SentimentText": "세척 시간이 좀 오래걸려서 아쉽네요~",
        "SentimentWord": "5",
        "SentimentPolarity": "-1"
      }
    ]
  },
  {
    "Index": "29718",
    "RawText": "배송 수령 후 사용해 보니 건조 성능도 월등하고, 소리도 큰 편 아니라 쓸만해요",
    "Source": "쇼핑몰",
    "Domain": "가전",
    "MainCategory": "주방가전",
    "ProductName": "쿠쿠전자 CDW-A0611 화이트",
    "ReviewScore": "5",
    "Syllable": "44",
    "Word": "13",
    "RDate": "20211026",
    "GeneralPolarity": "1",
    "Aspects": [
      {
        "Aspect": "기능",
        "SentimentText": "배송 수령 후 사용해 보니 건조 성능도 월등하고",
        "SentimentWord": "8",
        "SentimentPolarity": "1"
      },
      {
        "Aspect": "소음",
        "SentimentText": "소리도 큰 편 아니라 쓸만해요 ",
        "SentimentWord": "5",
        "SentimentPolarity": "1"
      }
    ]
  },
  {
    "Index": "29719",
    "RawText": "소리가 처음에 커서 놀랬어요 아쉽네요 건조 기능이 없어서 별로입니다 ㅠ",
    "Source": "쇼핑몰",
    "Domain": "가전",
    "MainCategory": "주방가전",
    "ProductName": "쿠쿠전자 CDW-A0611 화이트",
    "ReviewScore": "5",
    "Syllable": "39",
    "Word": "10",
    "RDate": "20211223",
    "GeneralPolarity": "-1",
    "Aspects": [
      {
        "Aspect": "소음",
        "SentimentText": "소리가 처음에 커서 놀랬어요 아쉽네요",
        "SentimentWord": "5",
        "SentimentPolarity": "-1"
      },
      {
        "Aspect": "기능",
        "SentimentText": "건조 기능이 없어서 별로입니다 ㅠ ",
        "SentimentWord": "5",
        "SentimentPolarity": "-1"
      }
    ]
  },
  {
    "Index": "29720",
    "RawText": "사은품은 언제 주나요? 너무 느려서 짜증이.ㅠㅠ 용량도 생각보다 너무 작은 거 같아요 그릇이 얼마 안들어가네요 휴;",
    "Source": "쇼핑몰",
    "Domain": "가전",
    "MainCategory": "주방가전",
    "ProductName": "쿠쿠전자 CDW-A0611 화이트",
    "ReviewScore": "5",
    "Syllable": "64",
    "Word": "16",
    "RDate": "20220118",
    "GeneralPolarity": "-1",
    "Aspects": [
      {
        "Aspect": "제품구성",
        "SentimentText": "사은품은 언제 주나요? 너무 느려서 짜증이.ㅠㅠ",
        "SentimentWord": "6",
        "SentimentPolarity": "-1"
      },
      {
        "Aspect": "용량",
        "SentimentText": "용량도 생각보다 너무 작은 거 같아요 그릇이 얼마 안들어가네요 휴;",
        "SentimentWord": "10",
        "SentimentPolarity": "-1"
      }
    ]
  },
  {
    "Index": "29722",
    "RawText": "소음도 별로 없어서 집안이 조용하니 좋네요. 용량도 생각보다 많이 들어가서 만족하고 있습니다~",
    "Source": "쇼핑몰",
    "Domain": "가전",
    "MainCategory": "주방가전",
    "ProductName": "쿠쿠전자 CDW-A0611 화이트",
    "ReviewScore": "5",
    "Syllable": "52",
    "Word": "12",
    "RDate": "20211228",
    "GeneralPolarity": "1",
    "Aspects": [
      {
        "Aspect": "소음",
        "SentimentText": "소음도 별로 없어서 집안이 조용하니 좋네요. ",
        "SentimentWord": "6",
        "SentimentPolarity": "1"
      },
      {
        "Aspect": "용량",
        "SentimentText": "용량도 생각보다 많이 들어가서 만족하고 있습니다~",
        "SentimentWord": "6",
        "SentimentPolarity": "1"
      }
    ]
  },
  {
    "Index": "29723",
    "RawText": "세척 기능 아주 우수해서 마음에 듭니다. 용량은 많이 안 들어가서 조금 아쉽긴해요~",
    "Source": "쇼핑몰",
    "Domain": "가전",
    "MainCategory": "주방가전",
    "ProductName": "쿠쿠전자 CDW-A0611 화이트",
    "ReviewScore": "5",
    "Syllable": "46",
    "Word": "12",
    "RDate": "20220519",
    "GeneralPolarity": "0",
    "Aspects": [
      {
        "Aspect": "기능",
        "SentimentText": "세척 기능 아주 우수해서 마음에 듭니다. ",
        "SentimentWord": "6",
        "SentimentPolarity": "1"
      },
      {
        "Aspect": "용량",
        "SentimentText": "용량은 많이 안 들어가서 조금 아쉽긴해요~",
        "SentimentWord": "6",
        "SentimentPolarity": "-1"
      }
    ]
  },
  {
    "Index": "29724",
    "RawText": "세척력이 별로에요 그릇에 이물질이 남아있네요. 디자인도 실용적이지 않고 별로네요 ㅠㅠ",
    "Source": "쇼핑몰",
    "Domain": "가전",
    "MainCategory": "주방가전",
    "ProductName": "쿠쿠전자 CDW-A0611 화이트",
    "ReviewScore": "4",
    "Syllable": "47",
    "Word": "10",
    "RDate": "20220425",
    "GeneralPolarity": "-1",
    "Aspects": [
      {
        "Aspect": "기능",
        "SentimentText": "세척력이 별로에요 그릇에 이물질이 남아있네요. ",
        "SentimentWord": "5",
        "SentimentPolarity": "-1"
      },
      {
        "Aspect": "디자인",
        "SentimentText": "디자인도 실용적이지 않고 별로네요 ㅠㅠ",
        "SentimentWord": "5",
        "SentimentPolarity": "-1"
      }
    ]
  },
  {
    "Index": "29725",
    "RawText": "우리집에는 6인용만 들어가서 구매 했는데 세척도 깨끗하게 해줘서 늦게 산 걸 후회 중입니다~^^  다 좋은데 용량이 작아서 후라이팬도 안 들어가요 ㅜㅜ",
    "Source": "쇼핑몰",
    "Domain": "가전",
    "MainCategory": "주방가전",
    "ProductName": "쿠쿠전자 CDW-A0611 화이트",
    "ReviewScore": "5",
    "Syllable": "84",
    "Word": "21",
    "RDate": "20220114",
    "GeneralPolarity": "0",
    "Aspects": [
      {
        "Aspect": "기능",
        "SentimentText": " 세척도 깨끗하게 해줘서 늦게 산 걸 후회 중입니다~^^ ",
        "SentimentWord": "8",
        "SentimentPolarity": "1"
      },
      {
        "Aspect": "용량",
        "SentimentText": " 용량이 작아서 후라이팬도 안 들어가요 ㅜㅜ ",
        "SentimentWord": "6",
        "SentimentPolarity": "-1"
      }
    ]
  },
  {
    "Index": "29726",
    "RawText": "3인 가족 식기들 간단하게 사용하기는 좋아요  그릇도 깨끗하게 세척이 돼 만족했지만  반찬통에는 물때 흔적이 남아 별로예요....",
    "Source": "쇼핑몰",
    "Domain": "가전",
    "MainCategory": "주방가전",
    "ProductName": "쿠쿠전자 CDW-A0611 화이트",
    "ReviewScore": "4",
    "Syllable": "72",
    "Word": "16",
    "RDate": "20211231",
    "GeneralPolarity": "0",
    "Aspects": [
      {
        "Aspect": "편의성",
        "SentimentText": "3인 가족 식기들 간단하게 사용하기는 좋아요 ",
        "SentimentWord": "6",
        "SentimentPolarity": "1"
      },
      {
        "Aspect": "기능",
        "SentimentText": "그릇도 깨끗하게 세척이 돼 만족했지만",
        "SentimentWord": "5",
        "SentimentPolarity": "1"
      },
      {
        "Aspect": "기능",
        "SentimentText": "반찬통에는 물때 흔적이 남아 별로예요....",
        "SentimentWord": "5",
        "SentimentPolarity": "-1"
      }
    ]
  },
  {
    "Index": "29727",
    "RawText": "1~2인 가정에 딱이고 세척력도 약하지 않고 잘 되는 편입니다. 가격도 적당해서 좋았고  성능도 매우 우수한 편입니다.",
    "Source": "쇼핑몰",
    "Domain": "가전",
    "MainCategory": "주방가전",
    "ProductName": "쿠쿠전자 CDW-A0611 화이트",
    "ReviewScore": "5",
    "Syllable": "66",
    "Word": "16",
    "RDate": "20220805",
    "GeneralPolarity": "1",
    "Aspects": [
      {
        "Aspect": "기능",
        "SentimentText": "세척력도 약하지 않고 잘 되는 편입니다",
        "SentimentWord": "6",
        "SentimentPolarity": "1"
      },
      {
        "Aspect": "가격",
        "SentimentText": "가격도 적당해서 좋았고 ",
        "SentimentWord": "3",
        "SentimentPolarity": "1"
      },
      {
        "Aspect": "기능",
        "SentimentText": "성능도 매우 우수한 편입니다. ",
        "SentimentWord": "4",
        "SentimentPolarity": "1"
      }
    ]
  },
  {
    "Index": "29729",
    "RawText": "작은 용량 사용하다가 넉넉한 용량으로 구매했는데   크기가 커서 그런지 그릇이 많이 들어갑니다. 약간의 소음이 있어서 감안하고 사용해야 할듯요",
    "Source": "쇼핑몰",
    "Domain": "가전",
    "MainCategory": "주방가전",
    "ProductName": "쿠쿠전자 CDW-A0611 화이트",
    "ReviewScore": "5",
    "Syllable": "79",
    "Word": "18",
    "RDate": "20220111",
    "GeneralPolarity": "0",
    "Aspects": [
      {
        "Aspect": "용량",
        "SentimentText": "크기가 커서 그런지 그릇이 많이 들어갑니다.",
        "SentimentWord": "6",
        "SentimentPolarity": "1"
      },
      {
        "Aspect": "소음",
        "SentimentText": "약간의 소음이 있어서 감안하고 사용해야 할듯요",
        "SentimentWord": "6",
        "SentimentPolarity": "0"
      }
    ]
  },
  {
    "Index": "29730",
    "RawText": "집에 빌트인 설치가 어려워 이 제품 샀는데 역시나 외부 사이즈가 커서 조리대가 꽉 차요ㅜㅜ 시간도 오래 걸리는 것 같아 잘 안 쓰게되요 ㅜㅜ",
    "Source": "쇼핑몰",
    "Domain": "가전",
    "MainCategory": "주방가전",
    "ProductName": "쿠쿠전자 CDW-A0611 화이트",
    "ReviewScore": "5",
    "Syllable": "78",
    "Word": "23",
    "RDate": "20211015",
    "GeneralPolarity": "-1",
    "Aspects": [
      {
        "Aspect": "사이즈",
        "SentimentText": "외부 사이즈가 커서 조리대가 꽉 차요ㅜㅜ    ",
        "SentimentWord": "6",
        "SentimentPolarity": "-1"
      },
      {
        "Aspect": "시간/속도",
        "SentimentText": "시간도 오래 걸리는 것 같아 잘 안 쓰게되요 ㅜㅜ ",
        "SentimentWord": "9",
        "SentimentPolarity": "-1"
      }
    ]
  },
  {
    "Index": "29731",
    "RawText": "3인 가족  사용하기 적당합니다~ 넉넉해요. 그릇을 어떻게 수납하느냐가 중요하네요 그릇들 막 넣으면 깨끗하게 안 될 때가 있어서 다시 애벌 설거지해야해서 번거로워요 그래도 설거지 시간에 다른 일 할수 있어 편합니다",
    "Source": "쇼핑몰",
    "Domain": "가전",
    "MainCategory": "주방가전",
    "ProductName": "쿠쿠전자 CDW-A0611 화이트",
    "ReviewScore": "4",
    "Syllable": "119",
    "Word": "29",
    "RDate": "20220114",
    "GeneralPolarity": "0",
    "Aspects": [
      {
        "Aspect": "용량",
        "SentimentText": "3인 가족  사용하기 적당합니다~ 넉넉해요",
        "SentimentWord": "5",
        "SentimentPolarity": "1"
      },
      {
        "Aspect": "기능",
        "SentimentText": "그릇들 막 넣으면 깨끗하게 안 될 때가 있어서 다시 애벌 설거지해야해서 번거로워요",
        "SentimentWord": "12",
        "SentimentPolarity": "-1"
      },
      {
        "Aspect": "편의성",
        "SentimentText": " 설거지 시간에 다른 일 할수 있어 편합니다",
        "SentimentWord": "7",
        "SentimentPolarity": "1"
      }
    ]
  },
  {
    "Index": "29732",
    "RawText": "6인용이라 그릇이 많이 들어가니 마음에 듭니다. 디자인도 깔끔해서 만족하구요,  세척력도 좋아서 더 맘에 듭니다! 강력 추천이요~",
    "Source": "쇼핑몰",
    "Domain": "가전",
    "MainCategory": "주방가전",
    "ProductName": "쿠쿠전자 CDW-A0611 화이트",
    "ReviewScore": "5",
    "Syllable": "72",
    "Word": "16",
    "RDate": "20211228",
    "GeneralPolarity": "1",
    "Aspects": [
      {
        "Aspect": "용량",
        "SentimentText": "6인용이라 그릇이 많이 들어가니 마음에 듭니다.",
        "SentimentWord": "6",
        "SentimentPolarity": "1"
      },
      {
        "Aspect": "디자인",
        "SentimentText": "디자인도 깔끔해서 만족하구요",
        "SentimentWord": "3",
        "SentimentPolarity": "1"
      },
      {
        "Aspect": "기능",
        "SentimentText": "세척력도 좋아서 더 맘에 듭니다! 강력 추천이요~",
        "SentimentWord": "7",
        "SentimentPolarity": "1"
      }
    ]
  },
  {
    "Index": "29733",
    "RawText": "가성비 좋은 제품입니다~   저렴해서 제 기능 못할까 걱정했는데 써보니 너무 깨끗하게 잘 닦여요. 세척 완료되면  문을 수동으로 열어야 하는 번거로움은 있지만, 설거지 하는거에 비하면 좋아요. 배송오고 빠르게 설치 해 주셨고  기사님은  친절하셨습니다. 적극 추천합니다.",
    "Source": "쇼핑몰",
    "Domain": "가전",
    "MainCategory": "주방가전",
    "ProductName": "쿠쿠전자 CDW-A0611 화이트",
    "ReviewScore": "5",
    "Syllable": "151",
    "Word": "34",
    "RDate": "20211103",
    "Aspects": [
      {
        "Aspect": "가격",
        "SentimentText": "가성비 좋은 제품입니다~  ",
        "SentimentWord": "3",
        "SentimentPolarity": "1"
      },
      {
        "Aspect": "기능",
        "SentimentText": " 써보니 너무 깨끗하게 잘 닦여요. ",
        "SentimentWord": "5",
        "SentimentPolarity": "1"
      },
      {
        "Aspect": "조작성",
        "SentimentText": "문을 수동으로 열어야 하는 번거로움은 있지만, ",
        "SentimentWord": "6",
        "SentimentPolarity": "0"
      }
    ]
  },
  {
    "Index": "29735",
    "RawText": "착한 가격으로 구매해서 더욱 만족스럽습니다.  성능도 너무 좋습니다.  해피콜도 바로 오셨고, 기사님 설치도 완벽하게 해주셨어요 ㅎㅎ잘 쓰겠습니다^^",
    "Source": "쇼핑몰",
    "Domain": "가전",
    "MainCategory": "주방가전",
    "ProductName": "쿠쿠전자 CDW-A0611 화이트",
    "ReviewScore": "5",
    "Syllable": "83",
    "Word": "17",
    "RDate": "20211225",
    "Aspects": [
      {
        "Aspect": "가격",
        "SentimentText": "착한 가격으로 구매해서 더욱 만족스럽습니다",
        "SentimentWord": "5",
        "SentimentPolarity": "1"
      },
      {
        "Aspect": "기능",
        "SentimentText": " 성능도 너무 좋습니다.",
        "SentimentWord": "3",
        "SentimentPolarity": "1"
      }
    ]
  },
  {
    "Index": "29736",
    "RawText": "가성비 굿! 가격이  너무 좋은 제품입니다~~식세기 이모님 덕분에 이제 생활에 여유가 생겨서 편리합니다~",
    "Source": "쇼핑몰",
    "Domain": "가전",
    "MainCategory": "주방가전",
    "ProductName": "쿠쿠전자 CDW-A0611 화이트",
    "ReviewScore": "5",
    "Syllable": "58",
    "Word": "13",
    "RDate": "20220206",
    "GeneralPolarity": "1",
    "Aspects": [
      {
        "Aspect": "가격",
        "SentimentText": "가성비 굿!  가격이 너무 좋은 제품입니다~",
        "SentimentWord": "6",
        "SentimentPolarity": "1"
      },
      {
        "Aspect": "편의성",
        "SentimentText": "생활에 여유가 생겨서 편리합니다~",
        "SentimentWord": "4",
        "SentimentPolarity": "1"
      }
    ]
  },
  {
    "Index": "29737",
    "RawText": "가성비 좋은 제품입니다ㅎㅎ 생각보다 빠르게 배송 왔어요 ㅎㅎ 기사님은 너무 친절하시고 신속하게 마무리 해  주셨어요 ㅎㅎ 세척도 깨끗하게 되어서 좋고 생각보다 조용해서 더 만족합니다 ㅎㅎㅎ이제 설거지 걱정 안합니다  잘 쓸께요 :)",
    "Source": "쇼핑몰",
    "Domain": "가전",
    "MainCategory": "주방가전",
    "ProductName": "쿠쿠전자 CDW-A0611 화이트",
    "ReviewScore": "5",
    "Syllable": "129",
    "Word": "31",
    "RDate": "20211019",
    "GeneralPolarity": "1",
    "Aspects": [
      {
        "Aspect": "가격",
        "SentimentText": "가성비 좋은 제품입니다",
        "SentimentWord": "3",
        "SentimentPolarity": "1"
      },
      {
        "Aspect": "기능",
        "SentimentText": "세척도 깨끗하게 되어서 좋고",
        "SentimentWord": "4",
        "SentimentPolarity": "1"
      },
      {
        "Aspect": "소음",
        "SentimentText": "생각보다 조용해서 더 만족합니다 ",
        "SentimentWord": "4",
        "SentimentPolarity": "1"
      }
    ]
  },
  {
    "Index": "29740",
    "RawText": "가족 구성원이 적어서 6인용으로 구매했는데 용량도 적당해서 좋네요. 사용하는것도 쉬워서 설거지가 편해졌어요~",
    "Source": "쇼핑몰",
    "Domain": "가전",
    "MainCategory": "주방가전",
    "ProductName": "쿠쿠전자 CDW-A0611 화이트",
    "ReviewScore": "5",
    "Syllable": "60",
    "Word": "12",
    "RDate": "20211121",
    "GeneralPolarity": "1",
    "Aspects": [
      {
        "Aspect": "용량",
        "SentimentText": "가족 구성원이 적어서 6인용으로 구매했는데 용량도 적당해서 좋네요.",
        "SentimentWord": "8",
        "SentimentPolarity": "1"
      },
      {
        "Aspect": "편의성",
        "SentimentText": "사용하는것도 쉬워서 설거지가 편해졌어요~",
        "SentimentWord": "4",
        "SentimentPolarity": "1"
      }
    ]
  },
  {
    "Index": "29741",
    "RawText": "세척력은 괜찮은데 건조가 전혀 되지 않아 아쉬워요. 가격대비 괜찮은 제품이라 생각했는데 쓰면 쓸수록 별로예요.",
    "Source": "쇼핑몰",
    "Domain": "가전",
    "MainCategory": "주방가전",
    "ProductName": "쿠쿠전자 CDW-A0611 화이트",
    "ReviewScore": "3",
    "Syllable": "61",
    "Word": "14",
    "RDate": "20211226",
    "GeneralPolarity": "-1",
    "Aspects": [
      {
        "Aspect": "기능",
        "SentimentText": "세척력은 괜찮은데 건조가 전혀 되지 않아 아쉬워요.",
        "SentimentWord": "7",
        "SentimentPolarity": "-1"
      },
      {
        "Aspect": "가격",
        "SentimentText": "가격대비 괜찮은 제품이라 생각했는데 쓰면 쓸수록 별로예요.",
        "SentimentWord": "7",
        "SentimentPolarity": "-1"
      }
    ]
  },
  {
    "Index": "29744",
    "RawText": "할인할때 구매해서 저렴한 가격에 샀네요 맘에 들어요. 설치도 깔끔하게 해주셔서 좋았어요. 다만 세척력이 좀 약하네요. 달라붙은건 애벌로 한번 하고 해야해서 그 점이 좀 아쉬워요.",
    "Source": "쇼핑몰",
    "Domain": "가전",
    "MainCategory": "주방가전",
    "ProductName": "쿠쿠전자 CDW-A0611 화이트",
    "ReviewScore": "5",
    "Syllable": "99",
    "Word": "24",
    "RDate": "20220516",
    "Aspects": [
      {
        "Aspect": "가격",
        "SentimentText": "할인할때 구매해서 저렴한 가격에 샀네요 맘에 들어요.",
        "SentimentWord": "7",
        "SentimentPolarity": "1"
      },
      {
        "Aspect": "기능",
        "SentimentText": "다만 세척력이 좀 약하네요. 달라붙은건 애벌로 한번 하고 해야해서 그 점이 좀 아쉬워요.",
        "SentimentWord": "13",
        "SentimentPolarity": "0"
      }
    ]
  },
  {
    "Index": "29747",
    "RawText": "퀄리티 좋아서 너무 만족스러운 제품입니다.  2인 가족  사용하는데 내부 공간이 넉넉하네요~",
    "Source": "쇼핑몰",
    "Domain": "가전",
    "MainCategory": "주방가전",
    "ProductName": "쿠쿠전자 CDW-A0611 화이트",
    "ReviewScore": "4",
    "Syllable": "51",
    "Word": "11",
    "RDate": "20211218",
    "GeneralPolarity": "1",
    "Aspects": [
      {
        "Aspect": "품질",
        "SentimentText": "퀄리티 좋아서 너무 만족스러운 제품입니다",
        "SentimentWord": "5",
        "SentimentPolarity": "1"
      },
      {
        "Aspect": "용량",
        "SentimentText": " 2인 가족  사용하는데 내부 공간이 넉넉하네요~",
        "SentimentWord": "6",
        "SentimentPolarity": "1"
      }
    ]
  },
  {
    "Index": "29748",
    "RawText": "식세기 설치후 여유롭게 지낼 수 있어 정말 편하고 좋습니다^^ 기대한거보다 세척력도 좋고 건조도 훌륭하네요 그릇이 뽀송뽀송해졌어요.",
    "Source": "쇼핑몰",
    "Domain": "가전",
    "MainCategory": "주방가전",
    "ProductName": "쿠쿠전자 CDW-A0611 화이트",
    "ReviewScore": "5",
    "Syllable": "73",
    "Word": "16",
    "RDate": "20211007",
    "Aspects": [
      {
        "Aspect": "편의성",
        "SentimentText": "식세기 설치후 여유롭게 지낼 수 있어 정말 편하고 좋습니다^^",
        "SentimentWord": "9",
        "SentimentPolarity": "1"
      },
      {
        "Aspect": "기능",
        "SentimentText": "기대한거보다 세척력도 좋고 건조도 훌륭하네요 그릇이 뽀송뽀송해졌어요.",
        "SentimentWord": "7",
        "SentimentPolarity": "1"
      }
    ]
  },
  {
    "Index": "29749",
    "RawText": "기사님께서 친철하게 설치 해 주셔서 감사합니다~싱크대 바로 옆에 설치해서 바로 세척하기 좋아서 편합니다.  세척 기능은 잘되고 뜨거운물로 살균되는거 보니 속이 다 후련해집니다~ 자동문열림 기능이 추가되면 더 편리할거 같아 아쉬움이 남네요",
    "Source": "쇼핑몰",
    "Domain": "가전",
    "MainCategory": "주방가전",
    "ProductName": "쿠쿠전자 CDW-A0611 화이트",
    "ReviewScore": "5",
    "Syllable": "132",
    "Word": "30",
    "RDate": "20220611",
    "GeneralPolarity": "0",
    "Aspects": [
      {
        "Aspect": "기능",
        "SentimentText": "세척 기능은 잘되고 뜨거운물로 살균되는거 보니 속이 다 후련해집니다",
        "SentimentWord": "9",
        "SentimentPolarity": "1"
      },
      {
        "Aspect": "편의성",
        "SentimentText": "자동문열림 기능이 추가되면 더 편리할거 같아 아쉬움이 남네요",
        "SentimentWord": "8",
        "SentimentPolarity": "-1"
      }
    ]
  },
  {
    "Index": "29750",
    "RawText": "설치기사님께서 제가 요청드린 날짜에 와주셔서 설치까지 깔끔하게 해주시고 가서 최곱니다. 설거지양이 많은 편이라 바스켓이 버틸까 싶었는데 엄청 튼튼하네요! 만족스러워요! 화이트 색상도 고급스럽고 깔끔해서 좋네요.",
    "Source": "쇼핑몰",
    "Domain": "가전",
    "MainCategory": "주방가전",
    "ProductName": "쿠쿠전자 CDW-A0611 화이트",
    "ReviewScore": "5",
    "Syllable": "117",
    "Word": "24",
    "RDate": "20220624",
    "GeneralPolarity": "1",
    "Aspects": [
      {
        "Aspect": "내구성",
        "SentimentText": "설거지양이 많은 편이라 바스켓이 버틸까 싶었는데 엄청 튼튼하네요! 만족스러워요!",
        "SentimentWord": "9",
        "SentimentPolarity": "1"
      },
      {
        "Aspect": "색상",
        "SentimentText": "화이트 색상도 고급스럽고 깔끔해서 좋네요.",
        "SentimentWord": "5",
        "SentimentPolarity": "1"
      }
    ]
  },
  {
    "Index": "29751",
    "RawText": "처음사용하는거라 그런지 문이 좀 뻑뻑하게 열려서 너무 불편해요. 가격대비 만족스러워요 가성비 값 제품이네요.",
    "Source": "쇼핑몰",
    "Domain": "가전",
    "MainCategory": "주방가전",
    "ProductName": "쿠쿠전자 CDW-A0611 화이트",
    "ReviewScore": "5",
    "Syllable": "60",
    "Word": "13",
    "RDate": "20220601",
    "GeneralPolarity": "0",
    "Aspects": [
      {
        "Aspect": "내구성",
        "SentimentText": "처음사용하는거라 그런지 문이 좀 뻑뻑하게 열려서 너무 불편해요. ",
        "SentimentWord": "8",
        "SentimentPolarity": "-1"
      },
      {
        "Aspect": "가격",
        "SentimentText": "가격대비 만족스러워요 가성비 값 제품이네요.",
        "SentimentWord": "5",
        "SentimentPolarity": "1"
      }
    ]
  },
  {
    "Index": "29752",
    "RawText": "디자인도 깔끔해서 너무 마음에 들구요. 생각한거보다 용량이 커서 그릇이 많이 들어가 좋네요 여러모로 기대이상입니다. 배송, 설치 서비스도 친절하셔서 너무 마음에 들었네요.",
    "Source": "쇼핑몰",
    "Domain": "가전",
    "MainCategory": "주방가전",
    "ProductName": "쿠쿠전자 CDW-A0611 화이트",
    "ReviewScore": "5",
    "Syllable": "95",
    "Word": "21",
    "RDate": "20220119",
    "Aspects": [
      {
        "Aspect": "디자인",
        "SentimentText": "디자인도 깔끔해서 너무 마음에 들구요.",
        "SentimentWord": "5",
        "SentimentPolarity": "1"
      },
      {
        "Aspect": "용량",
        "SentimentText": "생각한거보다 용량이 커서 그릇이 많이 들어가 좋네요 여러모로 기대이상입니다.",
        "SentimentWord": "9",
        "SentimentPolarity": "1"
      }
    ]
  },
  {
    "Index": "29753",
    "RawText": "그릇이 뽀득뽀득하게 씻겨 나오니 기분까지 좋네요.  큰 냄비가 들어갈 정도로 내부 공간이 넉넉해서 좋아요.",
    "Source": "쇼핑몰",
    "Domain": "가전",
    "MainCategory": "주방가전",
    "ProductName": "쿠쿠전자 CDW-A0611 화이트",
    "ReviewScore": "5",
    "Syllable": "59",
    "Word": "14",
    "RDate": "20211108",
    "GeneralPolarity": "1",
    "Aspects": [
      {
        "Aspect": "기능",
        "SentimentText": "그릇이 뽀득뽀득하게 씻겨 나오니 기분까지 좋네요.  ",
        "SentimentWord": "6",
        "SentimentPolarity": "1"
      },
      {
        "Aspect": "용량",
        "SentimentText": "큰 냄비가 들어갈 정도로 내부 공간이 넉넉해서 좋아요.",
        "SentimentWord": "8",
        "SentimentPolarity": "1"
      }
    ]
  },
  {
    "Index": "29754",
    "RawText": "깨끗하게 세척도 잘되고 문열어 두니 건조까지 너무 잘 됩니다! 색상도 깔끔해서 주방이 환해졌네요 많이 파세요",
    "Source": "쇼핑몰",
    "Domain": "가전",
    "MainCategory": "주방가전",
    "ProductName": "쿠쿠전자 CDW-A0611 화이트",
    "ReviewScore": "5",
    "Syllable": "60",
    "Word": "15",
    "RDate": "20220726",
    "Aspects": [
      {
        "Aspect": "기능",
        "SentimentText": "깨끗하게 세척도 잘되고 문열어 두니 건조까지 너무 잘 됩니다! ",
        "SentimentWord": "9",
        "SentimentPolarity": "1"
      },
      {
        "Aspect": "색상",
        "SentimentText": "색상도 깔끔해서 주방이 환해졌네요 많이 파세요",
        "SentimentWord": "6",
        "SentimentPolarity": "1"
      }
    ]
  },
  {
    "Index": "29755",
    "RawText": "너무 깔끔하게 세척되서 좋고, 설거지에서 해방되니 생활이  편해요. 정말 만족스럽습니다^^",
    "Source": "쇼핑몰",
    "Domain": "가전",
    "MainCategory": "주방가전",
    "ProductName": "쿠쿠전자 CDW-A0611 화이트",
    "ReviewScore": "5",
    "Syllable": "50",
    "Word": "10",
    "RDate": "20220515",
    "GeneralPolarity": "1",
    "Aspects": [
      {
        "Aspect": "기능",
        "SentimentText": "너무 깔끔하게 세척되서 좋고,",
        "SentimentWord": "4",
        "SentimentPolarity": "1"
      },
      {
        "Aspect": "편의성",
        "SentimentText": " 설거지에서 해방되니 생활이  편해요.",
        "SentimentWord": "4",
        "SentimentPolarity": "1"
      }
    ]
  },
  {
    "Index": "29756",
    "RawText": "세척력도 좋고 그릇이 따끈따끈하니 살균도 잘 되는거 같아 좋아요. 설거지 눌러놓고 휴식하니 삶의 질이 완전 달라졌어요 좋아요",
    "Source": "쇼핑몰",
    "Domain": "가전",
    "MainCategory": "주방가전",
    "ProductName": "쿠쿠전자 CDW-A0611 화이트",
    "ReviewScore": "5",
    "Syllable": "69",
    "Word": "17",
    "RDate": "20220109",
    "GeneralPolarity": "1",
    "Aspects": [
      {
        "Aspect": "기능",
        "SentimentText": "세척력도 좋고 그릇이 따끈따끈하니 살균도 잘 되는거 같아 좋아요. ",
        "SentimentWord": "9",
        "SentimentPolarity": "1"
      },
      {
        "Aspect": "편의성",
        "SentimentText": "설거지 눌러놓고 휴식하니 삶의 질이 완전 달라졌어요 좋아요",
        "SentimentWord": "8",
        "SentimentPolarity": "1"
      }
    ]
  },
  {
    "Index": "29757",
    "RawText": "생활 패턴이 너무 편해져서 진작 살껄 하고 후회했네요 넘 좋아요. 용량이 생각보다 넉넉하지 않아 큰 냄비나 이런건 직접 설거지해야하지만 그래도 좋아요",
    "Source": "쇼핑몰",
    "Domain": "가전",
    "MainCategory": "주방가전",
    "ProductName": "쿠쿠전자 CDW-A0611 화이트",
    "ReviewScore": "5",
    "Syllable": "83",
    "Word": "21",
    "RDate": "20211002",
    "GeneralPolarity": "1",
    "Aspects": [
      {
        "Aspect": "편의성",
        "SentimentText": "생활 패턴이 너무 편해져서 진작 살껄 하고 후회했네요 넘 좋아요.",
        "SentimentWord": "10",
        "SentimentPolarity": "1"
      },
      {
        "Aspect": "용량",
        "SentimentText": "용량이 생각보다 넉넉하지 않아 큰 냄비나 이런건 직접 설거지해야하지만 그래도 좋아요",
        "SentimentWord": "11",
        "SentimentPolarity": "0"
      }
    ]
  },
  {
    "Index": "29758",
    "RawText": "세척하는 시간도 오래 걸리지 않아서 만족스럽네요. 소음도 생각한거보다 크지 않아서 아주 잘쓰고 있답니다. 좋아요.",
    "Source": "쇼핑몰",
    "Domain": "가전",
    "MainCategory": "주방가전",
    "ProductName": "쿠쿠전자 CDW-A0611 화이트",
    "ReviewScore": "5",
    "Syllable": "63",
    "Word": "14",
    "RDate": "20211230",
    "GeneralPolarity": "1",
    "Aspects": [
      {
        "Aspect": "시간/속도",
        "SentimentText": "세척하는 시간도 오래 걸리지 않아서 만족스럽네요.",
        "SentimentWord": "6",
        "SentimentPolarity": "1"
      },
      {
        "Aspect": "소음",
        "SentimentText": "소음도 생각한거보다 크지 않아서 아주 잘쓰고 있답니다. 좋아요.",
        "SentimentWord": "8",
        "SentimentPolarity": "1"
      }
    ]
  },
  {
    "Index": "29759",
    "RawText": "사이즈 넉넉해서 네식구 사용하기  딱 좋습니다.  기름진 용기도 세척이 깨끗하게 되고 살균, 소독 기능까지 더해지니  더 마음에 듭니다.",
    "Source": "쇼핑몰",
    "Domain": "가전",
    "MainCategory": "주방가전",
    "ProductName": "쿠쿠전자 CDW-A0611 화이트",
    "ReviewScore": "5",
    "Syllable": "76",
    "Word": "18",
    "RDate": "20220503",
    "GeneralPolarity": "1",
    "Aspects": [
      {
        "Aspect": "용량",
        "SentimentText": "사이즈 넉넉해서 네식구 사용하기  딱 좋습니다",
        "SentimentWord": "6",
        "SentimentPolarity": "1"
      },
      {
        "Aspect": "기능",
        "SentimentText": "기름진 용기도 세척이 깨끗하게 되고 살균, 소독 기능까지 더해지니  더 마음에 듭니다.",
        "SentimentWord": "12",
        "SentimentPolarity": "1"
      }
    ]
  },
  {
    "Index": "29760",
    "RawText": "식기세척기 크기 자체가 크지 않아서 집에 있는 장에도 쏙 들어가서 너무 좋았어요. 수압이 좀 약해서 걱정이였는데 식기세척기 세척에는 전혀 무리가 없네요 너무 좋아요.",
    "Source": "쇼핑몰",
    "Domain": "가전",
    "MainCategory": "주방가전",
    "ProductName": "쿠쿠전자 CDW-A0611 화이트",
    "ReviewScore": "5",
    "Syllable": "92",
    "Word": "23",
    "RDate": "20211128",
    "GeneralPolarity": "1",
    "Aspects": [
      {
        "Aspect": "사이즈",
        "SentimentText": "식기세척기 크기 자체가 크지 않아서 집에 있는 장에도 쏙 들어가서 너무 좋았어요.",
        "SentimentWord": "12",
        "SentimentPolarity": "1"
      },
      {
        "Aspect": "기능",
        "SentimentText": "수압이 좀 약해서 걱정이였는데 식기세척기 세척에는 전혀 무리가 없네요 너무 좋아요.",
        "SentimentWord": "11",
        "SentimentPolarity": "1"
      }
    ]
  },
  {
    "Index": "29761",
    "RawText": "다른 브랜드의 식기세척기에 비해 가격도 저렴하고 아주 훌륭한 제품이예요. 용량도 커서 그릇들을 왕창 넣고 해도 충분해요. 디자인도 깔끔해서 너무 좋네요.",
    "Source": "쇼핑몰",
    "Domain": "가전",
    "MainCategory": "주방가전",
    "ProductName": "쿠쿠전자 CDW-A0611 화이트",
    "ReviewScore": "5",
    "Syllable": "85",
    "Word": "20",
    "RDate": "20220326",
    "GeneralPolarity": "1",
    "Aspects": [
      {
        "Aspect": "가격",
        "SentimentText": "다른 브랜드의 식기세척기에 비해 가격도 저렴하고 아주 훌륭한 제품이예요. ",
        "SentimentWord": "9",
        "SentimentPolarity": "1"
      },
      {
        "Aspect": "용량",
        "SentimentText": "용량도 커서 그릇들을 왕창 넣고 해도 충분해요.",
        "SentimentWord": "7",
        "SentimentPolarity": "1"
      },
      {
        "Aspect": "디자인",
        "SentimentText": "디자인도 깔끔해서 너무 좋네요.",
        "SentimentWord": "4",
        "SentimentPolarity": "1"
      }
    ]
  },
  {
    "Index": "29762",
    "RawText": "다른 브랜드의 제품들보다 용량이 넉넉하고 공간이 깊어서 너무 좋아요. 마지막 스팀으로 소독도 되니까 더 믿음직 스러워요 백프로 만족스럽습니다.",
    "Source": "쇼핑몰",
    "Domain": "가전",
    "MainCategory": "주방가전",
    "ProductName": "쿠쿠전자 CDW-A0611 화이트",
    "ReviewScore": "5",
    "Syllable": "79",
    "Word": "18",
    "RDate": "20211217",
    "GeneralPolarity": "1",
    "Aspects": [
      {
        "Aspect": "용량",
        "SentimentText": "다른 브랜드의 제품들보다 용량이 넉넉하고 공간이 깊어서 너무 좋아요.",
        "SentimentWord": "9",
        "SentimentPolarity": "1"
      },
      {
        "Aspect": "기능",
        "SentimentText": "마지막 스팀으로 소독도 되니까 더 믿음직 스러워요 백프로 만족스럽습니다.",
        "SentimentWord": "9",
        "SentimentPolarity": "1"
      }
    ]
  },
  {
    "Index": "29763",
    "RawText": "도착해서 설치하자마자 작동시켜봣는데 정말 신세계네요! 세척 기능도 훌륭하고 건조 살균까지 완벽해요. 3인가족이 쓰기에 적당한 용량의 세척기 입니다 좋아요.",
    "Source": "쇼핑몰",
    "Domain": "가전",
    "MainCategory": "주방가전",
    "ProductName": "쿠쿠전자 CDW-A0611 화이트",
    "ReviewScore": "5",
    "Syllable": "86",
    "Word": "18",
    "RDate": "20211027",
    "GeneralPolarity": "1",
    "Aspects": [
      {
        "Aspect": "기능",
        "SentimentText": "도착해서 설치하자마자 작동시켜봣는데 정말 신세계네요! 세척 기능도 훌륭하고 건조 살균까지 완벽해요.",
        "SentimentWord": "11",
        "SentimentPolarity": "1"
      },
      {
        "Aspect": "용량",
        "SentimentText": "3인가족이 쓰기에 적당한 용량의 세척기 입니다 좋아요.",
        "SentimentWord": "7",
        "SentimentPolarity": "1"
      }
    ]
  },
  {
    "Index": "29764",
    "RawText": "드디어 설거지에서 해방됐어요. 세제, 린스 넣은 곳이 따로 분리되어 있어 좋아요 식기들이   소독되는  느낌이라 안심됩니다.",
    "Source": "쇼핑몰",
    "Domain": "가전",
    "MainCategory": "주방가전",
    "ProductName": "쿠쿠전자 CDW-A0611 화이트",
    "ReviewScore": "5",
    "Syllable": "69",
    "Word": "15",
    "RDate": "20220106",
    "GeneralPolarity": "1",
    "Aspects": [
      {
        "Aspect": "제품구성",
        "SentimentText": "세제, 린스 넣은 곳이 따로 분리되어 있어 좋아요",
        "SentimentWord": "8",
        "SentimentPolarity": "1"
      },
      {
        "Aspect": "기능",
        "SentimentText": "식기들이   소독되는  느낌이라 안심됩니다.",
        "SentimentWord": "4",
        "SentimentPolarity": "1"
      }
    ]
  },
  {
    "Index": "29765",
    "RawText": "디자인이 실제로 보니 더 깔끔해서 마음에 들어요. 설치 후 테스트해봤는데 세척 건조 다 잘 되서 너무 좋아요. 설치도 예약된 날짜에 와서 깔끔히 해주셔서 좋았어요.",
    "Source": "쇼핑몰",
    "Domain": "가전",
    "MainCategory": "주방가전",
    "ProductName": "쿠쿠전자 CDW-A0611 화이트",
    "ReviewScore": "5",
    "Syllable": "91",
    "Word": "24",
    "RDate": "20220413",
    "Aspects": [
      {
        "Aspect": "디자인",
        "SentimentText": "디자인이 실제로 보니 더 깔끔해서 마음에 들어요.",
        "SentimentWord": "7",
        "SentimentPolarity": "1"
      },
      {
        "Aspect": "기능",
        "SentimentText": "설치 후 테스트해봤는데 세척 건조 다 잘 되서 너무 좋아요",
        "SentimentWord": "10",
        "SentimentPolarity": "1"
      }
    ]
  },
  {
    "Index": "29767",
    "RawText": "디자인이 너무 예뻐서 계속 쳐다보게되네요 주방이랑 잘어울려요. 세척력도 좋아서 그릇도 잘씻기고 만족스러워요!",
    "Source": "쇼핑몰",
    "Domain": "가전",
    "MainCategory": "주방가전",
    "ProductName": "쿠쿠전자 CDW-A0611 화이트",
    "ReviewScore": "5",
    "Syllable": "60",
    "Word": "12",
    "RDate": "20220302",
    "Aspects": [
      {
        "Aspect": "디자인",
        "SentimentText": "디자인이 너무 예뻐서 계속 쳐다보게되네요 주방이랑 잘어울려요.",
        "SentimentWord": "7",
        "SentimentPolarity": "1"
      },
      {
        "Aspect": "기능",
        "SentimentText": "세척력도 좋아서 그릇도 잘씻기고 만족스러워요!",
        "SentimentWord": "5",
        "SentimentPolarity": "1"
      }
    ]
  },
  {
    "Index": "29768",
    "RawText": "깔끔한 디자인 많이 이뻐요~기능도 부족함 없이 세척이 너무나 잘돼요^^ 가성비 최고로 좋아요!",
    "Source": "쇼핑몰",
    "Domain": "가전",
    "MainCategory": "주방가전",
    "ProductName": "쿠쿠전자 CDW-A0611 화이트",
    "ReviewScore": "5",
    "Syllable": "52",
    "Word": "12",
    "RDate": "20220129",
    "GeneralPolarity": "1",
    "Aspects": [
      {
        "Aspect": "디자인",
        "SentimentText": "깔끔한 디자인 많이 이뻐요~",
        "SentimentWord": "4",
        "SentimentPolarity": "1"
      },
      {
        "Aspect": "기능",
        "SentimentText": "기능도 부족함 없이 세척이 너무나 잘돼요^^ ",
        "SentimentWord": "6",
        "SentimentPolarity": "1"
      },
      {
        "Aspect": "가격",
        "SentimentText": "가성비 최고로 좋아요! ",
        "SentimentWord": "3",
        "SentimentPolarity": "1"
      }
    ]
  },
  {
    "Index": "29769",
    "RawText": "후기평 좋아 샀는데 사이즈가 생각 외로 큰 것 같아 아내가 놀랬고 당황했습니다. 성능은 아직 모르겠고, 착한 가격에는 잘 산 듯합니다 ",
    "Source": "쇼핑몰",
    "Domain": "가전",
    "MainCategory": "주방가전",
    "ProductName": "쿠쿠전자 CDW-A0611 화이트",
    "ReviewScore": "5",
    "Syllable": "75",
    "Word": "20",
    "RDate": "20220104",
    "GeneralPolarity": "0",
    "Aspects": [
      {
        "Aspect": "사이즈",
        "SentimentText": "사이즈가 생각 외로 큰 것 같아 아내가 놀랬고 당황했습니다",
        "SentimentWord": "9",
        "SentimentPolarity": "-1"
      },
      {
        "Aspect": "가격",
        "SentimentText": " 착한 가격에는 잘 산 듯합니다",
        "SentimentWord": "5",
        "SentimentPolarity": "1"
      }
    ]
  },
  {
    "Index": "29770",
    "RawText": "크기가 커서 정리만 잘 해서 넣으면 많은 양이 들어갑니다.^^ 아침꺼랑 저녁꺼 모아 잠자기 전 한번에  돌리는데 너무 편해요",
    "Source": "쇼핑몰",
    "Domain": "가전",
    "MainCategory": "주방가전",
    "ProductName": "쿠쿠전자 CDW-A0611 화이트",
    "ReviewScore": "5",
    "Syllable": "69",
    "Word": "18",
    "RDate": "20220507",
    "GeneralPolarity": "1",
    "Aspects": [
      {
        "Aspect": "용량",
        "SentimentText": "크기가 커서 정리만 잘 해서 넣으면 많은 양이 들어갑니다.^^",
        "SentimentWord": "9",
        "SentimentPolarity": "1"
      },
      {
        "Aspect": "편의성",
        "SentimentText": "아침꺼랑 저녁꺼 모아 잠자기 전 한번에  돌리는데 너무 편해요 ",
        "SentimentWord": "9",
        "SentimentPolarity": "1"
      }
    ]
  },
  {
    "Index": "29771",
    "RawText": "괜히 망설 였네요. 고온수 세척 기능이 있어 살균까지 되는 것 같아 안심되요 .도어도 자동으로 열려 너무 편해요. 용량이 더 크면 좋겠지만 가격대비 만족 합니다 ^^",
    "Source": "쇼핑몰",
    "Domain": "가전",
    "MainCategory": "주방가전",
    "ProductName": "쿠쿠전자 CDW-A0611 화이트",
    "ReviewScore": "5",
    "Syllable": "92",
    "Word": "25",
    "RDate": "20220118",
    "GeneralPolarity": "1",
    "Aspects": [
      {
        "Aspect": "기능",
        "SentimentText": "고온수 세척 기능이 있어 살균까지 되는 것 같아 안심되요 ",
        "SentimentWord": "9",
        "SentimentPolarity": "1"
      },
      {
        "Aspect": "기능",
        "SentimentText": "도어도 자동으로 열려 너무 편해요 ",
        "SentimentWord": "5",
        "SentimentPolarity": "1"
      },
      {
        "Aspect": "용량",
        "SentimentText": "용량이 더 크면 좋겠지만 가격대비 만족 합니다 ^^ ",
        "SentimentWord": "8",
        "SentimentPolarity": "0"
      },
      {
        "Aspect": "가격",
        "SentimentText": "가격대비 만족 합니다 ^^ ",
        "SentimentWord": "4",
        "SentimentPolarity": "1"
      }
    ]
  },
  {
    "Index": "29774",
    "RawText": "세척기 물살도 강력하고 린스통이 따로 있어서 기존에 사용했던 제품보다 훨씬 좋아요. 가격대비 가성비 값인 제품이네요 좋아요.",
    "Source": "쇼핑몰",
    "Domain": "가전",
    "MainCategory": "주방가전",
    "ProductName": "쿠쿠전자 CDW-A0611 화이트",
    "ReviewScore": "5",
    "Syllable": "69",
    "Word": "16",
    "RDate": "20211207",
    "GeneralPolarity": "1",
    "Aspects": [
      {
        "Aspect": "기능",
        "SentimentText": "세척기 물살도 강력하고 린스통이 따로 있어서 기존에 사용했던 제품보다 훨씬 좋아요.",
        "SentimentWord": "11",
        "SentimentPolarity": "1"
      },
      {
        "Aspect": "가격",
        "SentimentText": "가격대비 가성비 값인 제품이네요 좋아요.",
        "SentimentWord": "5",
        "SentimentPolarity": "1"
      }
    ]
  },
  {
    "Index": "29775",
    "RawText": "기사님께서 배송도 설치도 깔끔하게 해주셨어요. 가격도 그렇게 비싸지 않게 잘 구매한것 같아 좋아요. 사용해봤는데 이제 설거지 거리 걱정 없어서 너무 좋아요.",
    "Source": "쇼핑몰",
    "Domain": "가전",
    "MainCategory": "주방가전",
    "ProductName": "쿠쿠전자 CDW-A0611 화이트",
    "ReviewScore": "5",
    "Syllable": "87",
    "Word": "21",
    "RDate": "20211204",
    "Aspects": [
      {
        "Aspect": "가격",
        "SentimentText": "가격도 그렇게 비싸지 않게 잘 구매한것 같아 좋아요.",
        "SentimentWord": "8",
        "SentimentPolarity": "1"
      },
      {
        "Aspect": "편의성",
        "SentimentText": "사용해봤는데 이제 설거지 거리 걱정 없어서 너무 좋아요.",
        "SentimentWord": "8",
        "SentimentPolarity": "1"
      }
    ]
  },
  {
    "Index": "29776",
    "RawText": "작동해보니 소음도 적어서 너무 좋아요~ 사이즈가 생각한거보다 좀 커서 싱크대 공간이 작아졌지만 만족스러워요^^",
    "Source": "쇼핑몰",
    "Domain": "가전",
    "MainCategory": "주방가전",
    "ProductName": "쿠쿠전자 CDW-A0611 화이트",
    "ReviewScore": "5",
    "Syllable": "61",
    "Word": "13",
    "RDate": "20211231",
    "Aspects": [
      {
        "Aspect": "소음",
        "SentimentText": "작동해보니 소음도 적어서 너무 좋아요~ ",
        "SentimentWord": "5",
        "SentimentPolarity": "1"
      },
      {
        "Aspect": "사이즈",
        "SentimentText": "사이즈가 생각한거보다 좀 커서 싱크대 공간이 작아졌지만 만족스러워요^^",
        "SentimentWord": "8",
        "SentimentPolarity": "1"
      }
    ]
  },
  {
    "Index": "29777",
    "RawText": "디자인이 일단 깔끔하고 심플해서 너무 좋아요. 3인가구가 쓰기에 적당한 용량이네요 넉넉하게 그릇 다 들어가요 좋아요.",
    "Source": "쇼핑몰",
    "Domain": "가전",
    "MainCategory": "주방가전",
    "ProductName": "쿠쿠전자 CDW-A0611 화이트",
    "ReviewScore": "5",
    "Syllable": "65",
    "Word": "15",
    "RDate": "20220113",
    "GeneralPolarity": "1",
    "Aspects": [
      {
        "Aspect": "디자인",
        "SentimentText": "디자인이 일단 깔끔하고 심플해서 너무 좋아요.",
        "SentimentWord": "6",
        "SentimentPolarity": "1"
      },
      {
        "Aspect": "용량",
        "SentimentText": "3인가구가 쓰기에 적당한 용량이네요 넉넉하게 그릇 다 들어가요 좋아요.",
        "SentimentWord": "9",
        "SentimentPolarity": "1"
      }
    ]
  },
  {
    "Index": "29778",
    "RawText": "제품 가동시에 소음이 진짜 거의 없어요. 조용해서 너무 좋아요. 가격도 저렴하게 구입해서 만족해요~",
    "Source": "쇼핑몰",
    "Domain": "가전",
    "MainCategory": "주방가전",
    "ProductName": "쿠쿠전자 CDW-A0611 화이트",
    "ReviewScore": "5",
    "Syllable": "55",
    "Word": "13",
    "RDate": "20220105",
    "Aspects": [
      {
        "Aspect": "소음",
        "SentimentText": "제품 가동시에 소음이 진짜 거의 없어요. 조용해서 너무 좋아요. ",
        "SentimentWord": "9",
        "SentimentPolarity": "1"
      },
      {
        "Aspect": "가격",
        "SentimentText": "가격도 저렴하게 구입해서 만족해요~",
        "SentimentWord": "4",
        "SentimentPolarity": "1"
      }
    ]
  },
  {
    "Index": "29781",
    "RawText": "6인용 사이즈라 적당해서 마음에 들어요! 바로 작동시켜봤는데 세척력도 훌륭하네요. 스트레스에서 해방이예요",
    "Source": "쇼핑몰",
    "Domain": "가전",
    "MainCategory": "주방가전",
    "ProductName": "쿠쿠전자 CDW-A0611 화이트",
    "ReviewScore": "5",
    "Syllable": "58",
    "Word": "11",
    "RDate": "20211231",
    "Aspects": [
      {
        "Aspect": "사이즈",
        "SentimentText": "6인용 사이즈라 적당해서 마음에 들어요!",
        "SentimentWord": "5",
        "SentimentPolarity": "1"
      },
      {
        "Aspect": "기능",
        "SentimentText": "바로 작동시켜봤는데 세척력도 훌륭하네요. 스트레스에서 해방이예요",
        "SentimentWord": "6",
        "SentimentPolarity": "1"
      }
    ]
  },
  {
    "Index": "29782",
    "RawText": "세척력은 말할것도 없이 깨끗하게 닦여서 너무 좋아요. 세척기 작동하는지 모를정도로 소음이 없고 조용해요^^",
    "Source": "쇼핑몰",
    "Domain": "가전",
    "MainCategory": "주방가전",
    "ProductName": "쿠쿠전자 CDW-A0611 화이트",
    "ReviewScore": "4",
    "Syllable": "59",
    "Word": "13",
    "RDate": "20211214",
    "Aspects": [
      {
        "Aspect": "기능",
        "SentimentText": "세척력은 말할것도 없이 깨끗하게 닦여서 너무 좋아요.",
        "SentimentWord": "7",
        "SentimentPolarity": "1"
      },
      {
        "Aspect": "소음",
        "SentimentText": " 세척기 작동하는지 모를정도로 소음이 없고 조용해요^^",
        "SentimentWord": "6",
        "SentimentPolarity": "1"
      }
    ]
  },
  {
    "Index": "29783",
    "RawText": "주문하고 얼마 안되서 배송 되고 상담원 응대도 친절해서 좋았습니다. 6인용인데 내부 공간이 깊고 넓어서 그릇이 많이 들어가 좋아요. 세척력도 말할거 없이 그릇이 아주 새그릇이 되서 나오네요 좋아요^^",
    "Source": "쇼핑몰",
    "Domain": "가전",
    "MainCategory": "주방가전",
    "ProductName": "쿠쿠전자 CDW-A0611 화이트",
    "ReviewScore": "5",
    "Syllable": "111",
    "Word": "27",
    "RDate": "20211206",
    "Aspects": [
      {
        "Aspect": "용량",
        "SentimentText": "6인용인데 내부 공간이 깊고 넓어서 그릇이 많이 들어가 좋아요.",
        "SentimentWord": "9",
        "SentimentPolarity": "1"
      },
      {
        "Aspect": "기능",
        "SentimentText": "세척력도 말할거 없이 그릇이 아주 새그릇이 되서 나오네요 좋아요^^",
        "SentimentWord": "9",
        "SentimentPolarity": "1"
      }
    ]
  },
  {
    "Index": "29784",
    "RawText": "2인 가구가  사용하기 좋은 용량이라 좋습니다~설치후 사용해보니 아주 세척력도 끝내주네요. 너무 좋아요.",
    "Source": "쇼핑몰",
    "Domain": "가전",
    "MainCategory": "주방가전",
    "ProductName": "쿠쿠전자 CDW-A0611 화이트",
    "ReviewScore": "5",
    "Syllable": "58",
    "Word": "12",
    "RDate": "20220409",
    "Aspects": [
      {
        "Aspect": "용량",
        "SentimentText": "2인 가구가  사용하기 좋은 용량이라 좋습니다~",
        "SentimentWord": "6",
        "SentimentPolarity": "1"
      },
      {
        "Aspect": "기능",
        "SentimentText": "설치후 사용해보니 아주 세척력도 끝내주네요. 너무 좋아요.",
        "SentimentWord": "7",
        "SentimentPolarity": "1"
      }
    ]
  },
  {
    "Index": "29785",
    "RawText": "디자인이 너무 예쁘고 깔끔해서 좋아요. 세척도 굉장히 잘되고 그릇이 뽀득뽀득 해졌어요!",
    "Source": "쇼핑몰",
    "Domain": "가전",
    "MainCategory": "주방가전",
    "ProductName": "쿠쿠전자 CDW-A0611 화이트",
    "ReviewScore": "5",
    "Syllable": "48",
    "Word": "11",
    "RDate": "20211206",
    "Aspects": [
      {
        "Aspect": "디자인",
        "SentimentText": "디자인이 너무 예쁘고 깔끔해서 좋아요.",
        "SentimentWord": "5",
        "SentimentPolarity": "1"
      },
      {
        "Aspect": "기능",
        "SentimentText": "세척도 굉장히 잘되고 그릇이 뽀득뽀득 해졌어요!",
        "SentimentWord": "6",
        "SentimentPolarity": "1"
      }
    ]
  },
  {
    "Index": "29786",
    "RawText": "역시 이브랜드 추천한 이유가 있네요. 너무 제품 만족스러워요. 살균 건조기능 최곱니다. 그릇이 물기하나 없이 깨끗하게 말라서 너무 좋아요.",
    "Source": "쇼핑몰",
    "Domain": "가전",
    "MainCategory": "주방가전",
    "ProductName": "쿠쿠전자 CDW-A0611 화이트",
    "ReviewScore": "5",
    "Syllable": "77",
    "Word": "18",
    "RDate": "20211213",
    "GeneralPolarity": "1",
    "Aspects": [
      {
        "Aspect": "제조일/제조사",
        "SentimentText": "역시 이브랜드 추천한 이유가 있네요. 너무 제품 만족스러워요.",
        "SentimentWord": "8",
        "SentimentPolarity": "1"
      },
      {
        "Aspect": "기능",
        "SentimentText": "살균 건조기능 최곱니다. 그릇이 물기하나 없이 깨끗하게 말라서 너무 좋아요.",
        "SentimentWord": "10",
        "SentimentPolarity": "1"
      }
    ]
  },
  {
    "Index": "29787",
    "RawText": "가격대비 괜찮은 제품인것 같아요. 그냥저냥 쓸만해요. 건조기능이 생각보다 약해서 물기가 뚝뚝 떨어져 아쉬워요. 그나마 작동시에 소음은 없어서 좋아요.",
    "Source": "쇼핑몰",
    "Domain": "가전",
    "MainCategory": "주방가전",
    "ProductName": "쿠쿠전자 CDW-A0611 화이트",
    "ReviewScore": "5",
    "Syllable": "83",
    "Word": "18",
    "RDate": "20211224",
    "GeneralPolarity": "0",
    "Aspects": [
      {
        "Aspect": "가격",
        "SentimentText": "가격대비 괜찮은 제품인것 같아요. 그냥저냥 쓸만해요.",
        "SentimentWord": "6",
        "SentimentPolarity": "0"
      },
      {
        "Aspect": "기능",
        "SentimentText": "건조기능이 생각보다 약해서 물기가 뚝뚝 떨어져 아쉬워요.",
        "SentimentWord": "7",
        "SentimentPolarity": "-1"
      },
      {
        "Aspect": "소음",
        "SentimentText": "그나마 작동시에 소음은 없어서 좋아요.",
        "SentimentWord": "5",
        "SentimentPolarity": "1"
      }
    ]
  },
  {
    "Index": "29788",
    "RawText": "소음없이 잘 세척되서 만족스러워요^^  세척 눌러놓고 다른 여가시간을 보낼 수 있어 너무 좋네요^^",
    "Source": "쇼핑몰",
    "Domain": "가전",
    "MainCategory": "주방가전",
    "ProductName": "쿠쿠전자 CDW-A0611 화이트",
    "ReviewScore": "5",
    "Syllable": "55",
    "Word": "13",
    "RDate": "20220122",
    "Aspects": [
      {
        "Aspect": "소음",
        "SentimentText": "소음없이 잘 세척되서 만족스러워요^^ ",
        "SentimentWord": "4",
        "SentimentPolarity": "1"
      },
      {
        "Aspect": "편의성",
        "SentimentText": " 세척 눌러놓고 다른 여가시간을 보낼 수 있어 너무 좋네요^^",
        "SentimentWord": "9",
        "SentimentPolarity": "1"
      }
    ]
  },
  {
    "Index": "29789",
    "RawText": "일반 설거지 그릇은 완전 깔끔하게 다 씻겨 나가서 성능 너무 좋아요! 설거지시간 단축되서 얼마나 행복한지 몰라요 진작 살걸 그랬어요 편리함의 끝!",
    "Source": "쇼핑몰",
    "Domain": "가전",
    "MainCategory": "주방가전",
    "ProductName": "쿠쿠전자 CDW-A0611 화이트",
    "ReviewScore": "5",
    "Syllable": "81",
    "Word": "21",
    "RDate": "20211202",
    "GeneralPolarity": "1",
    "Aspects": [
      {
        "Aspect": "기능",
        "SentimentText": "일반 설거지 그릇은 완전 깔끔하게 다 씻겨 나가서 성능 너무 좋아요!",
        "SentimentWord": "11",
        "SentimentPolarity": "1"
      },
      {
        "Aspect": "편의성",
        "SentimentText": "설거지시간 단축되서 얼마나 행복한지 몰라요 진작 살걸 그랬어요 편리함의 끝!",
        "SentimentWord": "10",
        "SentimentPolarity": "1"
      }
    ]
  },
  {
    "Index": "29790",
    "RawText": "원했던 용량이라 너무 맘에 들어요!! 기스가 있는 제품을 보내주셔서 반품할까 생각했는데 예민하지않아 그냥 쓰려고 합니다. 품질 확인 제대로 해주세요.",
    "Source": "쇼핑몰",
    "Domain": "가전",
    "MainCategory": "주방가전",
    "ProductName": "쿠쿠전자 CDW-A0611 화이트",
    "ReviewScore": "5",
    "Syllable": "83",
    "Word": "19",
    "RDate": "20211128",
    "Aspects": [
      {
        "Aspect": "용량",
        "SentimentText": "원했던 용량이라 너무 맘에 들어요!! ",
        "SentimentWord": "5",
        "SentimentPolarity": "1"
      },
      {
        "Aspect": "품질",
        "SentimentText": "기스가 있는 제품을 보내주셔서 반품할까 생각했는데 예민하지않아 그냥 쓰려고 합니다. 품질 확인 제대로 해주세요.",
        "SentimentWord": "14",
        "SentimentPolarity": "-1"
      }
    ]
  },
  {
    "Index": "29791",
    "RawText": "세척도 잘 되고 헹굼과 건조 추가기능이 있어서 정말 좋아요~ 디자인도 깔끔하니 너무 좋네요.",
    "Source": "쇼핑몰",
    "Domain": "가전",
    "MainCategory": "주방가전",
    "ProductName": "쿠쿠전자 CDW-A0611 화이트",
    "ReviewScore": "4",
    "Syllable": "51",
    "Word": "13",
    "RDate": "20211209",
    "Aspects": [
      {
        "Aspect": "기능",
        "SentimentText": "세척도 잘 되고 헹굼과 건조 추가기능이 있어서 정말 좋아요~",
        "SentimentWord": "9",
        "SentimentPolarity": "1"
      },
      {
        "Aspect": "디자인",
        "SentimentText": "디자인도 깔끔하니 너무 좋네요.",
        "SentimentWord": "4",
        "SentimentPolarity": "1"
      }
    ]
  },
  {
    "Index": "29792",
    "RawText": "깔끔한 디자인이 주방에 너무 잘 어울려서 뿌듯해요~설치후 작동해보니 소음이 좀 있는 편이라 예민한 사람은 신경쓰일 정도예요. 좀 거슬려요.",
    "Source": "쇼핑몰",
    "Domain": "가전",
    "MainCategory": "주방가전",
    "ProductName": "쿠쿠전자 CDW-A0611 화이트",
    "ReviewScore": "5",
    "Syllable": "77",
    "Word": "18",
    "RDate": "20220113",
    "Aspects": [
      {
        "Aspect": "디자인",
        "SentimentText": "깔끔한 디자인이 주방에 너무 잘 어울려서 뿌듯해요~",
        "SentimentWord": "7",
        "SentimentPolarity": "1"
      },
      {
        "Aspect": "소음",
        "SentimentText": "설치후 작동해보니 소음이 좀 있는 편이라 예민한 사람은 신경쓰일 정도예요. 좀 거슬려요.",
        "SentimentWord": "12",
        "SentimentPolarity": "-1"
      }
    ]
  },
  {
    "Index": "29793",
    "RawText": "세척 시간은 오래 걸리네요ㅜ 설치 후 작동해보니 건조기능은 거의 효과가 없어요 물기도 전혀 제거안되고 별롭니다.",
    "Source": "쇼핑몰",
    "Domain": "가전",
    "MainCategory": "주방가전",
    "ProductName": "쿠쿠전자 CDW-A0611 화이트",
    "ReviewScore": "4",
    "Syllable": "62",
    "Word": "15",
    "RDate": "20220114",
    "Aspects": [
      {
        "Aspect": "시간/속도",
        "SentimentText": "세척 시간은 오래 걸리네요ㅜ",
        "SentimentWord": "4",
        "SentimentPolarity": "-1"
      },
      {
        "Aspect": "기능",
        "SentimentText": "설치 후 작동해보니 건조기능은 거의 효과가 없어요 물기도 전혀 제거안되고 별롭니다.",
        "SentimentWord": "11",
        "SentimentPolarity": "-1"
      }
    ]
  }
]