[
  {
    "Index": "7028",
    "RawText": "오늘에서야 써보내요. 온 집에 고소한 냄새가 진동하네요. 약하게 볶은 깨1키로로 본거준 병 2개로 많이 나와서 좋아요~  작동법도 간단해서 사용하기 편합니다.",
    "Source": "SNS",
    "Domain": "가전",
    "MainCategory": "주방가전",
    "ProductName": "(TV) 기름짜는 미쏘 채유기_ARS/일시불1만",
    "ReviewScore": "100",
    "Syllable": "88",
    "Word": "20",
    "RDate": "20171002",
    "GeneralPolarity": "1",
    "Aspects": [
      {
        "Aspect": "용량",
        "SentimentText": "약하게 볶은 깨1키로로 본거준 병 2개로 많이 나와서 좋아요~",
        "SentimentWord": "9",
        "SentimentPolarity": "1"
      },
      {
        "Aspect": "조작성",
        "SentimentText": "작동법도 간단해서 사용하기 편합니다.",
        "SentimentWord": "4",
        "SentimentPolarity": "1"
      }
    ]
  },
  {
    "Index": "7029",
    "RawText": "고구마 쪄먹을때 생선 구워먹을때 진짜 편하고 디자인도 깔끔합니다.",
    "Source": "SNS",
    "Domain": "가전",
    "MainCategory": "주방가전",
    "ProductName": "(TV) 에버홈 양면석쇠구이기",
    "ReviewScore": "100",
    "Syllable": "36",
    "Word": "8",
    "RDate": "20171125",
    "GeneralPolarity": "1",
    "Aspects": [
      {
        "Aspect": "편의성",
        "SentimentText": "고구마 쪄먹을때 생선 구워먹을때 진짜 편하고 ",
        "SentimentWord": "6",
        "SentimentPolarity": "1"
      },
      {
        "Aspect": "디자인",
        "SentimentText": "디자인도 깔끔합니다. ",
        "SentimentWord": "2",
        "SentimentPolarity": "1"
      }
    ]
  },
  {
    "Index": "7030",
    "RawText": "고구마구워봤는데잘구워지네요 적립금 써서 착한 가격에 득템했어요 부디 잔고장없이 오래쓸수있기를..",
    "Source": "SNS",
    "Domain": "가전",
    "MainCategory": "주방가전",
    "ProductName": "(TV) 에버홈 양면석쇠구이기",
    "ReviewScore": "100",
    "Syllable": "53",
    "Word": "9",
    "RDate": "20181111",
    "GeneralPolarity": "1",
    "Aspects": [
      {
        "Aspect": "기능",
        "SentimentText": "고구마구워봤는데잘구워지네요",
        "SentimentWord": "1",
        "SentimentPolarity": "1"
      },
      {
        "Aspect": "가격",
        "SentimentText": "적립금 써서 착한 가격에 득템했어요 ",
        "SentimentWord": "5",
        "SentimentPolarity": "1"
      }
    ]
  },
  {
    "Index": "7031",
    "RawText": "구입하고 갈치구이햏는데 정말  맛있어요 잘 구워지네요 편리하기도 하구요",
    "Source": "SNS",
    "Domain": "가전",
    "MainCategory": "주방가전",
    "ProductName": "(TV) 에버홈 양면석쇠구이기",
    "ReviewScore": "100",
    "Syllable": "39",
    "Word": "8",
    "RDate": "20171204",
    "GeneralPolarity": "1",
    "Aspects": [
      {
        "Aspect": "기능",
        "SentimentText": "갈치구이햏는데 정말  맛있어요 잘 구워지네요",
        "SentimentWord": "5",
        "SentimentPolarity": "1"
      },
      {
        "Aspect": "편의성",
        "SentimentText": "편리하기도 하구요",
        "SentimentWord": "2",
        "SentimentPolarity": "1"
      }
    ]
  },
  {
    "Index": "7032",
    "RawText": "그런대로 편리하지만  전기선이  약한것 같아요 오래쓰면  선이 따뜻해지네요",
    "Source": "SNS",
    "Domain": "가전",
    "MainCategory": "주방가전",
    "ProductName": "(TV) 에버홈 양면석쇠구이기",
    "ReviewScore": "80",
    "Syllable": "41",
    "Word": "8",
    "RDate": "20171209",
    "GeneralPolarity": "-1",
    "Aspects": [
      {
        "Aspect": "편의성",
        "SentimentText": "그런대로 편리하지만  ",
        "SentimentWord": "2",
        "SentimentPolarity": "0"
      },
      {
        "Aspect": "내구성",
        "SentimentText": "전기선이  약한것 같아요 오래쓰면  선이 따뜻해지네요",
        "SentimentWord": "6",
        "SentimentPolarity": "-1"
      }
    ]
  },
  {
    "Index": "7033",
    "RawText": "배달 기사님도 친절하시고, 포인트 되는 노란색이 너무 예쁘네요 안에 넣고 구을때 밀폐가 잘 되는지 생선 냄새가 집안에 확 줄었어요",
    "Source": "SNS",
    "Domain": "가전",
    "MainCategory": "주방가전",
    "ProductName": "(TV) 에버홈 양면석쇠구이기",
    "ReviewScore": "100",
    "Syllable": "72",
    "Word": "19",
    "RDate": "20171206",
    "Aspects": [
      {
        "Aspect": "색상",
        "SentimentText": "포인트 되는 노란색이 너무 예쁘네요",
        "SentimentWord": "5",
        "SentimentPolarity": "1"
      },
      {
        "Aspect": "기능",
        "SentimentText": "안에 넣고 구을때 밀폐가 잘 되는지 생선 냄새가 집안에 확 줄었어요",
        "SentimentWord": "11",
        "SentimentPolarity": "1"
      }
    ]
  },
  {
    "Index": "7034",
    "RawText": "삼치를 구워보았는데 생각보다 잘 구어지고 냄새도 덜나는 것 같습니다.활용도가 높을것 같습니다.세척하는데 시간이 많이 소요되는것 빼고 크게 불편한 것은 없어 보입니다. 다른것도 구워바야겠습니다.",
    "Source": "SNS",
    "Domain": "가전",
    "MainCategory": "주방가전",
    "ProductName": "(TV) 에버홈 양면석쇠구이기",
    "ReviewScore": "80",
    "Syllable": "107",
    "Word": "22",
    "RDate": "20171019",
    "GeneralPolarity": "1",
    "Aspects": [
      {
        "Aspect": "기능",
        "SentimentText": "삼치를 구워보았는데 생각보다 잘 구어지고 냄새도 덜나는 것 같습니다.",
        "SentimentWord": "9",
        "SentimentPolarity": "1"
      },
      {
        "Aspect": "편의성",
        "SentimentText": "활용도가 높을것 같습니다.",
        "SentimentWord": "3",
        "SentimentPolarity": "1"
      },
      {
        "Aspect": "편의성",
        "SentimentText": "세척하는데 시간이 많이 소요되는것 빼고 크게 불편한 것은 없어 보입니다.",
        "SentimentWord": "10",
        "SentimentPolarity": "0"
      }
    ]
  },
  {
    "Index": "7035",
    "RawText": "아주 잘 구워지고 활용도가 좋을 것 같아요. 생선바로구워먹으니좋고 세척 간단해서 아주 좋은데요.",
    "Source": "SNS",
    "Domain": "가전",
    "MainCategory": "주방가전",
    "ProductName": "(TV) 에버홈 양면석쇠구이기",
    "ReviewScore": "100",
    "Syllable": "53",
    "Word": "12",
    "RDate": "20180329",
    "GeneralPolarity": "1",
    "Aspects": [
      {
        "Aspect": "기능",
        "SentimentText": "아주 잘 구워지고 활용도가 좋을 것 같아요. ",
        "SentimentWord": "7",
        "SentimentPolarity": "1"
      },
      {
        "Aspect": "편의성",
        "SentimentText": "세척 간단해서 아주 좋은데요.",
        "SentimentWord": "4",
        "SentimentPolarity": "1"
      }
    ]
  },
  {
    "Index": "7036",
    "RawText": "신기하게 냄새도 덜나는것 같고 고기도 더 맛있는거 같아요. 무게도 가벼워서 사용하기 편합니다. 잘 쓸께요",
    "Source": "SNS",
    "Domain": "가전",
    "MainCategory": "주방가전",
    "ProductName": "(TV) 에버홈 양면석쇠구이기",
    "ReviewScore": "100",
    "Syllable": "58",
    "Word": "14",
    "RDate": "20180117",
    "GeneralPolarity": "1",
    "Aspects": [
      {
        "Aspect": "기능",
        "SentimentText": "신기하게 냄새도 덜나는것 같고 고기도 더 맛있는거 같아요. ",
        "SentimentWord": "8",
        "SentimentPolarity": "1"
      },
      {
        "Aspect": "무게",
        "SentimentText": "무게도 가벼워서 사용하기 편합니다.",
        "SentimentWord": "4",
        "SentimentPolarity": "1"
      }
    ]
  },
  {
    "Index": "7037",
    "RawText": "쓰던게 있었는데 오래되서 바꿔봤는데 생각보다 사이즈가 작아서 아쉽네요.  잘 구워지고 집안에 냄새도 별로 안 나서 좋아요.",
    "Source": "SNS",
    "Domain": "가전",
    "MainCategory": "주방가전",
    "ProductName": "(TV) 에버홈 양면석쇠구이기",
    "ReviewScore": "80",
    "Syllable": "68",
    "Word": "16",
    "RDate": "20180125",
    "GeneralPolarity": "1",
    "Aspects": [
      {
        "Aspect": "사이즈",
        "SentimentText": "생각보다 사이즈가 작아서 아쉽네요. ",
        "SentimentWord": "4",
        "SentimentPolarity": "0"
      },
      {
        "Aspect": "기능",
        "SentimentText": "잘 구워지고 집안에 냄새도 별로 안 나서 좋아요.",
        "SentimentWord": "8",
        "SentimentPolarity": "1"
      }
    ]
  },
  {
    "Index": "7038",
    "RawText": "예전거는커서좋았는데고장때문에 버렸어요.요번에는작아서 별로고 가격도 비싸네요",
    "Source": "SNS",
    "Domain": "가전",
    "MainCategory": "주방가전",
    "ProductName": "(TV) 에버홈 양면석쇠구이기",
    "ReviewScore": "60",
    "Syllable": "41",
    "Word": "5",
    "RDate": "20171104",
    "GeneralPolarity": "-1",
    "Aspects": [
      {
        "Aspect": "사이즈",
        "SentimentText": "작아서 별로고 ",
        "SentimentWord": "2",
        "SentimentPolarity": "-1"
      },
      {
        "Aspect": "가격",
        "SentimentText": "가격도 비싸네요",
        "SentimentWord": "2",
        "SentimentPolarity": "-1"
      }
    ]
  },
  {
    "Index": "7039",
    "RawText": "잘사용하고있습니다 상하양면열선으로 골고루 익혀주어 뒤집을 필요가 없어서 편합니다 그러나틈으로연기가새나가는것이문제네요",
    "Source": "SNS",
    "Domain": "가전",
    "MainCategory": "주방가전",
    "ProductName": "(TV) 에버홈 양면석쇠구이기",
    "ReviewScore": "100",
    "Syllable": "64",
    "Word": "9",
    "RDate": "20171221",
    "GeneralPolarity": "0",
    "Aspects": [
      {
        "Aspect": "기능",
        "SentimentText": "상하양면열선으로 골고루 익혀주어 뒤집을 필요가 없어서 편합니다 ",
        "SentimentWord": "7",
        "SentimentPolarity": "1"
      },
      {
        "Aspect": "품질",
        "SentimentText": "틈으로연기가새나가는것이문제네요",
        "SentimentWord": "1",
        "SentimentPolarity": "-1"
      }
    ]
  },
  {
    "Index": "7040",
    "RawText": "군만두로 시식했는데 일단 맛은 괜챤아요 바삭하게 잘 구워졌어요 더 큰 용량이 필요할듯하네요",
    "Source": "SNS",
    "Domain": "가전",
    "MainCategory": "주방가전",
    "ProductName": "(TV) 톰슨 에어프라이어 3.5L ESR-A3501W/R/B/D",
    "ReviewScore": "100",
    "Syllable": "50",
    "Word": "12",
    "RDate": "20190307",
    "GeneralPolarity": "1",
    "Aspects": [
      {
        "Aspect": "기능",
        "SentimentText": "바삭하게 잘 구워졌어요",
        "SentimentWord": "3",
        "SentimentPolarity": "1"
      },
      {
        "Aspect": "용량",
        "SentimentText": "더 큰 용량이 필요할듯하네요",
        "SentimentWord": "4",
        "SentimentPolarity": "0"
      }
    ]
  },
  {
    "Index": "7041",
    "RawText": "기능사용도 간편하고 쓸일이 많네요 ㅎ 냄새 없이 잘 구워지고 생선구이가 쉬워요",
    "Source": "SNS",
    "Domain": "가전",
    "MainCategory": "주방가전",
    "ProductName": "(TV) 톰슨 에어프라이어 3.5L ESR-A3501W/R/B/D",
    "ReviewScore": "100",
    "Syllable": "43",
    "Word": "11",
    "RDate": "20190105",
    "GeneralPolarity": "1",
    "Aspects": [
      {
        "Aspect": "조작성",
        "SentimentText": "기능사용도 간편하고 쓸일이 많네요 ㅎ ",
        "SentimentWord": "5",
        "SentimentPolarity": "1"
      },
      {
        "Aspect": "기능",
        "SentimentText": "냄새 없이 잘 구워지고 생선구이가 쉬워요",
        "SentimentWord": "6",
        "SentimentPolarity": "1"
      }
    ]
  },
  {
    "Index": "7042",
    "RawText": "기름 없이 튀겨 먹을 수 있어 건강함을 저절로 느껴져요. 생닭,, 고구마처럼 날것을,    만두, 해쉬브라운 등의 냉동식품도 남겨둔 피자 등도 새로 음식을 만들었거나, 막 주문배달 온 음식 같네요. 작동법도 간단하고 잘 샀어요.",
    "Source": "SNS",
    "Domain": "가전",
    "MainCategory": "주방가전",
    "ProductName": "(TV) 톰슨 에어프라이어 3.5L ESR-A3501W/R/B/D",
    "ReviewScore": "100",
    "Syllable": "127",
    "Word": "31",
    "RDate": "20190119",
    "GeneralPolarity": "1",
    "Aspects": [
      {
        "Aspect": "기능",
        "SentimentText": "기름 없이 튀겨 먹을 수 있어 건강함을 저절로 느껴져요.",
        "SentimentWord": "9",
        "SentimentPolarity": "1"
      },
      {
        "Aspect": "기능",
        "SentimentText": "생닭,, 고구마처럼 날것을,    만두, 해쉬브라운 등의 냉동식품도 남겨둔 피자 등도 새로 음식을 만들었거나, 막 주문배달 온 음식 같네요.",
        "SentimentWord": "18",
        "SentimentPolarity": "1"
      },
      {
        "Aspect": "조작성",
        "SentimentText": "작동법도 간단하고 잘 샀어요.",
        "SentimentWord": "4",
        "SentimentPolarity": "1"
      }
    ]
  },
  {
    "Index": "7043",
    "RawText": "냄새가 안나서 좋아요 시간이 좀 많이 걸리는게 단점이네요 재료자체에  기름이 있는건 맛있게 되는데 기름이없는건 무지 푸석해요  닭도 잘게 분리해서 익혀야 잘익을거  같아요 아무튼 기름튀지 않아 장점이예요",
    "Source": "SNS",
    "Domain": "가전",
    "MainCategory": "주방가전",
    "ProductName": "(TV) 톰슨 에어프라이어 3.5L ESR-A3501W/R/B/D",
    "ReviewScore": "100",
    "Syllable": "113",
    "Word": "26",
    "RDate": "20190324",
    "Aspects": [
      {
        "Aspect": "기능",
        "SentimentText": "냄새가 안나서 좋아요 ",
        "SentimentWord": "3",
        "SentimentPolarity": "1"
      },
      {
        "Aspect": "시간/속도",
        "SentimentText": "시간이 좀 많이 걸리는게 단점이네요",
        "SentimentWord": "5",
        "SentimentPolarity": "-1"
      },
      {
        "Aspect": "기능",
        "SentimentText": "기름튀지 않아 장점이예요",
        "SentimentWord": "3",
        "SentimentPolarity": "1"
      }
    ]
  },
  {
    "Index": "7044",
    "RawText": "디자인이 마음에 드네요. 색상 예쁘고 용량도 적당하네요.",
    "Source": "SNS",
    "Domain": "가전",
    "MainCategory": "주방가전",
    "ProductName": "(TV) 톰슨 에어프라이어 3.5L ESR-A3501W/R/B/D",
    "ReviewScore": "100",
    "Syllable": "31",
    "Word": "7",
    "RDate": "20190318",
    "GeneralPolarity": "1",
    "Aspects": [
      {
        "Aspect": "디자인",
        "SentimentText": "디자인이 마음에 드네요",
        "SentimentWord": "3",
        "SentimentPolarity": "1"
      },
      {
        "Aspect": "색상",
        "SentimentText": "색상 예쁘고 ",
        "SentimentWord": "2",
        "SentimentPolarity": "1"
      },
      {
        "Aspect": "사이즈",
        "SentimentText": "용량도 적당하네요. ",
        "SentimentWord": "2",
        "SentimentPolarity": "1"
      }
    ]
  },
  {
    "Index": "7045",
    "RawText": "디자인과용량색상이마음에들어구매했습니다 잘사용하겠습니다",
    "Source": "SNS",
    "Domain": "가전",
    "MainCategory": "주방가전",
    "ProductName": "(TV) 톰슨 에어프라이어 3.5L ESR-A3501W/R/B/D",
    "ReviewScore": "100",
    "Syllable": "29",
    "Word": "2",
    "RDate": "20190125",
    "GeneralPolarity": "1",
    "Aspects": [
      {
        "Aspect": "디자인",
        "SentimentText": "디자인과용량색상이마음에들어구매했습니다",
        "SentimentWord": "1",
        "SentimentPolarity": "1"
      },
      {
        "Aspect": "용량",
        "SentimentText": "용량색상이마음에들어구매했습니다",
        "SentimentWord": "1",
        "SentimentPolarity": "1"
      },
      {
        "Aspect": "색상",
        "SentimentText": "색상이마음에들어구매했습니다",
        "SentimentWord": "1",
        "SentimentPolarity": "1"
      }
    ]
  },
  {
    "Index": "7046",
    "RawText": "디자인도 색도 이쁘고 부엌포인트가 되네요. 이것저것 구워보았는데 해쉬브라운이나 치킨너겟은 바로 프라이가 가능합니다. 만두나 새우볼을 구워보았는데 기름칠을 해줘야 하네요. 사용편리성이 좋은편이네요.",
    "Source": "SNS",
    "Domain": "가전",
    "MainCategory": "주방가전",
    "ProductName": "(TV) 톰슨 에어프라이어 3.5L ESR-A3501W/R/B/D",
    "ReviewScore": "80",
    "Syllable": "109",
    "Word": "20",
    "RDate": "20190106",
    "GeneralPolarity": "1",
    "Aspects": [
      {
        "Aspect": "디자인",
        "SentimentText": "디자인도 색도 이쁘고 부엌포인트가 되네요.",
        "SentimentWord": "5",
        "SentimentPolarity": "1"
      },
      {
        "Aspect": "색상",
        "SentimentText": "색도 이쁘고 부엌포인트가 되네요.",
        "SentimentWord": "4",
        "SentimentPolarity": "1"
      },
      {
        "Aspect": "편의성",
        "SentimentText": "사용편리성이 좋은편이네요.",
        "SentimentWord": "2",
        "SentimentPolarity": "1"
      }
    ]
  },
  {
    "Index": "7047",
    "RawText": "디자인이 예뻐서 맘에들고 성능도  좋으네요.. 잘 쓰고 있습니다~~~",
    "Source": "SNS",
    "Domain": "가전",
    "MainCategory": "주방가전",
    "ProductName": "(TV) 톰슨 에어프라이어 3.5L ESR-A3501W/R/B/D",
    "ReviewScore": "100",
    "Syllable": "38",
    "Word": "8",
    "RDate": "20190129",
    "GeneralPolarity": "1",
    "Aspects": [
      {
        "Aspect": "디자인",
        "SentimentText": "디자인이 예뻐서 맘에들고",
        "SentimentWord": "3",
        "SentimentPolarity": "1"
      },
      {
        "Aspect": "기능",
        "SentimentText": "성능도  좋으네요.. 잘 쓰고 있습니다~~~",
        "SentimentWord": "5",
        "SentimentPolarity": "1"
      }
    ]
  },
  {
    "Index": "7048",
    "RawText": "디자인이 예뻐서 샀어요 생각보다 커서 깜놀 ㅋㅋㅋㅋ 하지만 쓸만해요 어제 오늘 내내 에어프라이어만 사용했네용",
    "Source": "SNS",
    "Domain": "가전",
    "MainCategory": "주방가전",
    "ProductName": "(TV) 톰슨 에어프라이어 3.5L ESR-A3501W/R/B/D",
    "ReviewScore": "100",
    "Syllable": "60",
    "Word": "14",
    "RDate": "20190107",
    "GeneralPolarity": "1",
    "Aspects": [
      {
        "Aspect": "디자인",
        "SentimentText": "디자인이 예뻐서 샀어요",
        "SentimentWord": "3",
        "SentimentPolarity": "1"
      },
      {
        "Aspect": "사이즈",
        "SentimentText": "생각보다 커서 깜놀 ㅋㅋㅋㅋ 하지만 쓸만해요",
        "SentimentWord": "6",
        "SentimentPolarity": "0"
      }
    ]
  },
  {
    "Index": "7049",
    "RawText": "만족합니다~ 쉽게 잘 구워지고 좋네요. 아들이 참 편하게 씁니다.",
    "Source": "SNS",
    "Domain": "가전",
    "MainCategory": "주방가전",
    "ProductName": "(TV) 톰슨 에어프라이어 3.5L ESR-A3501W/R/B/D",
    "ReviewScore": "100",
    "Syllable": "36",
    "Word": "9",
    "RDate": "20181125",
    "GeneralPolarity": "1",
    "Aspects": [
      {
        "Aspect": "기능",
        "SentimentText": "쉽게 잘 구워지고 좋네요.",
        "SentimentWord": "4",
        "SentimentPolarity": "1"
      },
      {
        "Aspect": "편의성",
        "SentimentText": "아들이 참 편하게 씁니다.",
        "SentimentWord": "4",
        "SentimentPolarity": "1"
      }
    ]
  },
  {
    "Index": "7050",
    "RawText": "배송도 빠르고 튀김해먹으니 넘 편해요. 다양한 기능이 있어 피자를 넣어도 되고 크리스피해서 잘 산거 같아요   ",
    "Source": "SNS",
    "Domain": "가전",
    "MainCategory": "주방가전",
    "ProductName": "(TV) 톰슨 에어프라이어 3.5L ESR-A3501W/R/B/D",
    "ReviewScore": "100",
    "Syllable": "62",
    "Word": "15",
    "RDate": "20190401",
    "Aspects": [
      {
        "Aspect": "기능",
        "SentimentText": "다양한 기능이 있어 피자를 넣어도 되고 크리스피해서 잘 산거 같아요 ",
        "SentimentWord": "10",
        "SentimentPolarity": "1"
      },
      {
        "Aspect": "편의성",
        "SentimentText": "튀김해먹으니 넘 편해요.",
        "SentimentWord": "3",
        "SentimentPolarity": "1"
      }
    ]
  },
  {
    "Index": "7051",
    "RawText": "빠른 배송 감사드립니다.  용량도 대용량이라 많이 들어가요 에어프라이기 쓰고 품질도 넘 괜찮아서 이곳저곳 선물 용으로도 넘 좋네용",
    "Source": "SNS",
    "Domain": "가전",
    "MainCategory": "주방가전",
    "ProductName": "(TV) 톰슨 에어프라이어 3.5L ESR-A3501W/R/B/D",
    "ReviewScore": "100",
    "Syllable": "72",
    "Word": "17",
    "RDate": "20190218",
    "Aspects": [
      {
        "Aspect": "용량",
        "SentimentText": "용량도 대용량이라 많이 들어가요",
        "SentimentWord": "4",
        "SentimentPolarity": "1"
      },
      {
        "Aspect": "품질",
        "SentimentText": "에어프라이기 쓰고 품질도 넘 괜찮아서 이곳저곳 선물 용으로도 넘 좋네용",
        "SentimentWord": "10",
        "SentimentPolarity": "1"
      }
    ]
  },
  {
    "Index": "7052",
    "RawText": "빨리 도착 해서 좋고 시간과 타이머를 다이얼로 조절할 수 있어 작동이 잘 됩니다 받자 마자 만두 돌렸네요~ 정상적으로 잘 작동합니다 ^^",
    "Source": "SNS",
    "Domain": "가전",
    "MainCategory": "주방가전",
    "ProductName": "(TV) 톰슨 에어프라이어 3.5L ESR-A3501W/R/B/D",
    "ReviewScore": "100",
    "Syllable": "76",
    "Word": "21",
    "RDate": "20190306",
    "Aspects": [
      {
        "Aspect": "품질",
        "SentimentText": "받자 마자 만두 돌렸네요~ 정상적으로 잘 작동합니다 ^^",
        "SentimentWord": "8",
        "SentimentPolarity": "1"
      },
      {
        "Aspect": "조작성",
        "SentimentText": "시간과 타이머를 다이얼로 조절할 수 있어 작동이 잘 됩니다",
        "SentimentWord": "9",
        "SentimentPolarity": "1"
      }
    ]
  },
  {
    "Index": "7053",
    "RawText": "사용방법도 간편하고, 생각보다 크지만~ 좋아요 요즘 다양한 요리로 먹는 걱정 덜었어요^^",
    "Source": "SNS",
    "Domain": "가전",
    "MainCategory": "주방가전",
    "ProductName": "(TV) 톰슨 에어프라이어 3.5L ESR-A3501W/R/B/D",
    "ReviewScore": "100",
    "Syllable": "49",
    "Word": "11",
    "RDate": "20190217",
    "GeneralPolarity": "1",
    "Aspects": [
      {
        "Aspect": "조작성",
        "SentimentText": "사용방법도 간편하고, ",
        "SentimentWord": "2",
        "SentimentPolarity": "1"
      },
      {
        "Aspect": "사이즈",
        "SentimentText": "생각보다 크지만~ 좋아요",
        "SentimentWord": "3",
        "SentimentPolarity": "0"
      }
    ]
  },
  {
    "Index": "7054",
    "RawText": "생가보다새ㄱ깔좋고  디자인 이뻐요  크기가  커서  어디다놓을진   고민이네요",
    "Source": "SNS",
    "Domain": "가전",
    "MainCategory": "주방가전",
    "ProductName": "(TV) 톰슨 에어프라이어 3.5L ESR-A3501W/R/B/D",
    "ReviewScore": "100",
    "Syllable": "43",
    "Word": "7",
    "RDate": "20190109",
    "GeneralPolarity": "1",
    "Aspects": [
      {
        "Aspect": "색상",
        "SentimentText": "생가보다새ㄱ깔좋고  ",
        "SentimentWord": "1",
        "SentimentPolarity": "1"
      },
      {
        "Aspect": "디자인",
        "SentimentText": "디자인 이뻐요",
        "SentimentWord": "2",
        "SentimentPolarity": "1"
      }
    ]
  },
  {
    "Index": "7055",
    "RawText": "생각보다 많이 크지만 마음에 듭니다 이미지 첨부가 안되서 평만 남겨요  받자마자 군고구마 해먹었네요 잘 구워지고 빨리 익어서 좋아요 ",
    "Source": "SNS",
    "Domain": "가전",
    "MainCategory": "주방가전",
    "ProductName": "(TV) 톰슨 에어프라이어 3.5L ESR-A3501W/R/B/D",
    "ReviewScore": "100",
    "Syllable": "74",
    "Word": "18",
    "RDate": "20190411",
    "GeneralPolarity": "1",
    "Aspects": [
      {
        "Aspect": "사이즈",
        "SentimentText": "생각보다 많이 크지만 마음에 듭니다 ",
        "SentimentWord": "5",
        "SentimentPolarity": "1"
      },
      {
        "Aspect": "기능",
        "SentimentText": "잘 구워지고 빨리 익어서 좋아요",
        "SentimentWord": "5",
        "SentimentPolarity": "1"
      }
    ]
  },
  {
    "Index": "7056",
    "RawText": "생각보다 커서 사용하기 너무 좋습니다. 엄마도 선물로 사드렸는데 만족해하십니다. 색상도 블랙이라 고급스럽고 깔끔해요^^",
    "Source": "SNS",
    "Domain": "가전",
    "MainCategory": "주방가전",
    "ProductName": "(TV) 톰슨 에어프라이어 3.5L ESR-A3501W/R/B/D",
    "ReviewScore": "100",
    "Syllable": "66",
    "Word": "13",
    "RDate": "20190107",
    "GeneralPolarity": "1",
    "Aspects": [
      {
        "Aspect": "사이즈",
        "SentimentText": "생각보다 커서 사용하기 너무 좋습니다.",
        "SentimentWord": "5",
        "SentimentPolarity": "1"
      },
      {
        "Aspect": "색상",
        "SentimentText": "색상도 블랙이라 고급스럽고 깔끔해요^^",
        "SentimentWord": "4",
        "SentimentPolarity": "1"
      }
    ]
  },
  {
    "Index": "7057",
    "RawText": "생각보다 크기가 커서 사용하기 좋아요. 기름 사용 없이 바로 감자튀김을 만들어먹었는데 담백하고 좋네요",
    "Source": "SNS",
    "Domain": "가전",
    "MainCategory": "주방가전",
    "ProductName": "(TV) 톰슨 에어프라이어 3.5L ESR-A3501W/R/B/D",
    "ReviewScore": "100",
    "Syllable": "56",
    "Word": "13",
    "RDate": "20181124",
    "GeneralPolarity": "1",
    "Aspects": [
      {
        "Aspect": "사이즈",
        "SentimentText": "생각보다 크기가 커서 사용하기 좋아요.",
        "SentimentWord": "5",
        "SentimentPolarity": "1"
      },
      {
        "Aspect": "기능",
        "SentimentText": "기름 사용 없이 바로 감자튀김을 만들어먹었는데 담백하고 좋네요",
        "SentimentWord": "8",
        "SentimentPolarity": "1"
      }
    ]
  },
  {
    "Index": "7058",
    "RawText": "생각보다 크지만 잘 쓸게요 민트색 맘에 듭니다^^~~",
    "Source": "SNS",
    "Domain": "가전",
    "MainCategory": "주방가전",
    "ProductName": "(TV) 톰슨 에어프라이어 3.5L ESR-A3501W/R/B/D",
    "ReviewScore": "100",
    "Syllable": "29",
    "Word": "7",
    "RDate": "20190331",
    "GeneralPolarity": "1",
    "Aspects": [
      {
        "Aspect": "사이즈",
        "SentimentText": "생각보다 크지만 잘 쓸게요",
        "SentimentWord": "4",
        "SentimentPolarity": "1"
      },
      {
        "Aspect": "색상",
        "SentimentText": "민트색 맘에 듭니다^^~~",
        "SentimentWord": "3",
        "SentimentPolarity": "1"
      }
    ]
  },
  {
    "Index": "7059",
    "RawText": "써보진않앗지만 좋을듯 디자인맘에들어요 좀크긴하지만 작동 잘 되고 좋아요",
    "Source": "SNS",
    "Domain": "가전",
    "MainCategory": "주방가전",
    "ProductName": "(TV) 톰슨 에어프라이어 3.5L ESR-A3501W/R/B/D",
    "ReviewScore": "100",
    "Syllable": "39",
    "Word": "8",
    "RDate": "20190206",
    "GeneralPolarity": "1",
    "Aspects": [
      {
        "Aspect": "디자인",
        "SentimentText": "디자인맘에들어요",
        "SentimentWord": "1",
        "SentimentPolarity": "1"
      },
      {
        "Aspect": "사이즈",
        "SentimentText": "좀크긴하지만 작동 잘 되고 좋아요",
        "SentimentWord": "5",
        "SentimentPolarity": "0"
      },
      {
        "Aspect": "기능",
        "SentimentText": "작동 잘 되고 좋아요",
        "SentimentWord": "4",
        "SentimentPolarity": "1"
      }
    ]
  },
  {
    "Index": "7060",
    "RawText": "아직 사용전인데 디자인이 마음에 들어요 크기가 무쟈게 크네요 ",
    "Source": "SNS",
    "Domain": "가전",
    "MainCategory": "주방가전",
    "ProductName": "(TV) 톰슨 에어프라이어 3.5L ESR-A3501W/R/B/D",
    "ReviewScore": "100",
    "Syllable": "34",
    "Word": "8",
    "RDate": "20190314",
    "GeneralPolarity": "1",
    "Aspects": [
      {
        "Aspect": "디자인",
        "SentimentText": "디자인이 마음에 들어요",
        "SentimentWord": "3",
        "SentimentPolarity": "1"
      },
      {
        "Aspect": "사이즈",
        "SentimentText": "크기가 무쟈게 크네요",
        "SentimentWord": "3",
        "SentimentPolarity": "0"
      }
    ]
  },
  {
    "Index": "7061",
    "RawText": "에어프라이어 돌리니 고구마가 말랭이처럼 쫀독하고 바삭해져서 좋아요ㅎㅎ  통닭도 집에서 만들어 먹을 수 있고 요리가 편해져서 좋네요ㅋㅋㅋ 굳굳 좋아요~사세요ㅋㅋㅋㅋ",
    "Source": "SNS",
    "Domain": "가전",
    "MainCategory": "주방가전",
    "ProductName": "(TV) 톰슨 에어프라이어 3.5L ESR-A3501W/R/B/D",
    "ReviewScore": "100",
    "Syllable": "90",
    "Word": "18",
    "RDate": "20190124",
    "GeneralPolarity": "1",
    "Aspects": [
      {
        "Aspect": "기능",
        "SentimentText": "에어프라이어 돌리니 고구마가 말랭이처럼 쫀독하고 바삭해져서 좋아요ㅎㅎ",
        "SentimentWord": "7",
        "SentimentPolarity": "1"
      },
      {
        "Aspect": "편의성",
        "SentimentText": "통닭도 집에서 만들어 먹을 수 있고 요리가 편해져서 좋네요ㅋㅋㅋ 굳굳 좋아요~사세요ㅋㅋㅋㅋ",
        "SentimentWord": "11",
        "SentimentPolarity": "1"
      }
    ]
  },
  {
    "Index": "7062",
    "RawText": "어제 배송받고 고구마 바로 넣고 돌려봤어요.  연기와 냄새가 없어서 너무 편하고 소음도 적고 아주 좋네요~^^  ",
    "Source": "SNS",
    "Domain": "가전",
    "MainCategory": "주방가전",
    "ProductName": "(TV) 톰슨 에어프라이어 3.5L ESR-A3501W/R/B/D",
    "ReviewScore": "100",
    "Syllable": "63",
    "Word": "15",
    "RDate": "20190104",
    "GeneralPolarity": "1",
    "Aspects": [
      {
        "Aspect": "편의성",
        "SentimentText": "연기와 냄새가 없어서 너무 편하고",
        "SentimentWord": "5",
        "SentimentPolarity": "1"
      },
      {
        "Aspect": "소음",
        "SentimentText": "소음도 적고 아주 좋네요~^^",
        "SentimentWord": "4",
        "SentimentPolarity": "1"
      }
    ]
  },
  {
    "Index": "7063",
    "RawText": "첨으로 떡갈비 해봤는데 정말기름도 안둘러도되고 담백하니..태우지않고 만들 수 있어서 너무 좋네요. 제품 컬러가 비비드해서 마음에 들고 디자인도 모던해서 만족합니다. 사용할수 있는 요리법 책자를 더 풍성하게 보내주셨으면 좋겠다는 아쉬움이 좀 있네요.",
    "Source": "SNS",
    "Domain": "가전",
    "MainCategory": "주방가전",
    "ProductName": "(TV) 톰슨 에어프라이어 3.5L ESR-A3501W/R/B/D",
    "ReviewScore": "100",
    "Syllable": "138",
    "Word": "30",
    "RDate": "20190105",
    "GeneralPolarity": "1",
    "Aspects": [
      {
        "Aspect": "기능",
        "SentimentText": "떡갈비 해봤는데 정말기름도 안둘러도되고 담백하니..태우지않고 만들 수 있어서 너무 좋네요",
        "SentimentWord": "10",
        "SentimentPolarity": "1"
      },
      {
        "Aspect": "색상",
        "SentimentText": "제품 컬러가 비비드해서 마음에 들고 디자인도 모던해서 만족합니다",
        "SentimentWord": "8",
        "SentimentPolarity": "1"
      },
      {
        "Aspect": "디자인",
        "SentimentText": "디자인도 모던해서 만족합니다",
        "SentimentWord": "3",
        "SentimentPolarity": "1"
      },
      {
        "Aspect": "제품구성",
        "SentimentText": "요리법 책자를 더 풍성하게 보내주셨으면 좋겠다는 아쉬움이 좀 있네요",
        "SentimentWord": "9",
        "SentimentPolarity": "0"
      }
    ]
  },
  {
    "Index": "7064",
    "RawText": "올리브그린. 예쁘고.. 세척도 용이하네요 다양한요리가 가능해요",
    "Source": "SNS",
    "Domain": "가전",
    "MainCategory": "주방가전",
    "ProductName": "(TV) 톰슨 에어프라이어 3.5L ESR-A3501W/R/B/D",
    "ReviewScore": "100",
    "Syllable": "34",
    "Word": "6",
    "RDate": "20190213",
    "GeneralPolarity": "1",
    "Aspects": [
      {
        "Aspect": "색상",
        "SentimentText": "올리브그린. 예쁘고..",
        "SentimentWord": "2",
        "SentimentPolarity": "1"
      },
      {
        "Aspect": "편의성",
        "SentimentText": "세척도 용이하네요",
        "SentimentWord": "2",
        "SentimentPolarity": "1"
      },
      {
        "Aspect": "기능",
        "SentimentText": "다양한요리가 가능해요",
        "SentimentWord": "2",
        "SentimentPolarity": "1"
      }
    ]
  },
  {
    "Index": "7065",
    "RawText": "원하는 민트색과 편리한 사용방법과 조리결과도 좋았습니다",
    "Source": "SNS",
    "Domain": "가전",
    "MainCategory": "주방가전",
    "ProductName": "(TV) 톰슨 에어프라이어 3.5L ESR-A3501W/R/B/D",
    "ReviewScore": "100",
    "Syllable": "30",
    "Word": "6",
    "RDate": "20190220",
    "GeneralPolarity": "1",
    "Aspects": [
      {
        "Aspect": "색상",
        "SentimentText": "원하는 민트색과",
        "SentimentWord": "2",
        "SentimentPolarity": "1"
      },
      {
        "Aspect": "편의성",
        "SentimentText": "편리한 사용방법과",
        "SentimentWord": "2",
        "SentimentPolarity": "1"
      },
      {
        "Aspect": "기능",
        "SentimentText": "조리결과도 좋았습니다",
        "SentimentWord": "2",
        "SentimentPolarity": "1"
      }
    ]
  },
  {
    "Index": "7066",
    "RawText": "잘 안닫히는데  써봐야겠습니다.ㅠㅠ 디자인이 좋네요.",
    "Source": "SNS",
    "Domain": "가전",
    "MainCategory": "주방가전",
    "ProductName": "(TV) 톰슨 에어프라이어 3.5L ESR-A3501W/R/B/D",
    "ReviewScore": "100",
    "Syllable": "29",
    "Word": "5",
    "RDate": "20190105",
    "GeneralPolarity": "0",
    "Aspects": [
      {
        "Aspect": "품질",
        "SentimentText": "잘 안닫히는데  써봐야겠습니다.ㅠㅠ",
        "SentimentWord": "3",
        "SentimentPolarity": "0"
      },
      {
        "Aspect": "디자인",
        "SentimentText": "디자인이 좋네요.",
        "SentimentWord": "2",
        "SentimentPolarity": "1"
      }
    ]
  },
  {
    "Index": "7067",
    "RawText": "잘받았습니다 근데 생각보다 튀김류는 식용유를 두르지 않으면 노릇하게 잘 안튀겨지네요 그외 디자인면 으로는 괜찮아요 ",
    "Source": "SNS",
    "Domain": "가전",
    "MainCategory": "주방가전",
    "ProductName": "(TV) 톰슨 에어프라이어 3.5L ESR-A3501W/R/B/D",
    "ReviewScore": "100",
    "Syllable": "64",
    "Word": "14",
    "RDate": "20190401",
    "GeneralPolarity": "1",
    "Aspects": [
      {
        "Aspect": "기능",
        "SentimentText": "생각보다 튀김류는 식용유를 두르지 않으면 노릇하게 잘 안튀겨지네요",
        "SentimentWord": "8",
        "SentimentPolarity": "0"
      },
      {
        "Aspect": "디자인",
        "SentimentText": "그외 디자인면 으로는 괜찮아요",
        "SentimentWord": "4",
        "SentimentPolarity": "1"
      }
    ]
  },
  {
    "Index": "7068",
    "RawText": "재료만 넣고 돌리면 되니 사용법이 간단해서 좋고  조리 기능도 광고대로  우수해서 만족합니다.",
    "Source": "SNS",
    "Domain": "가전",
    "MainCategory": "주방가전",
    "ProductName": "(TV) 톰슨 에어프라이어 3.5L ESR-A3501W/R/B/D",
    "ReviewScore": "100",
    "Syllable": "52",
    "Word": "12",
    "RDate": "20190118",
    "GeneralPolarity": "1",
    "Aspects": [
      {
        "Aspect": "조작성",
        "SentimentText": "재료만 넣고 돌리면 되니 사용법이 간단해서 좋고",
        "SentimentWord": "7",
        "SentimentPolarity": "1"
      },
      {
        "Aspect": "기능",
        "SentimentText": "조리 기능도 광고대로  우수해서 만족합니다",
        "SentimentWord": "5",
        "SentimentPolarity": "1"
      }
    ]
  },
  {
    "Index": "7069",
    "RawText": "진짜 사고 싶었는데 이제야 샀네요~~ 디자인 이쁘고요~~  밥솥10인용 보다 높이가 더 큽니다~~~  집에 재료가 없어서 우선 냉동실에 있는걸로 스타트해봤는데 완전 좋아요~~내일은  닭도 해먹어봐야 겠어요~~  완전 추천합니다 ",
    "Source": "SNS",
    "Domain": "가전",
    "MainCategory": "주방가전",
    "ProductName": "(TV) 톰슨 에어프라이어 3.5L ESR-A3501W/R/B/D",
    "ReviewScore": "100",
    "Syllable": "127",
    "Word": "26",
    "RDate": "20190116",
    "GeneralPolarity": "1",
    "Aspects": [
      {
        "Aspect": "디자인",
        "SentimentText": "디자인 이쁘고요~~",
        "SentimentWord": "2",
        "SentimentPolarity": "1"
      },
      {
        "Aspect": "사이즈",
        "SentimentText": "밥솥10인용 보다 높이가 더 큽니다~~~",
        "SentimentWord": "5",
        "SentimentPolarity": "1"
      },
      {
        "Aspect": "기능",
        "SentimentText": "냉동실에 있는걸로 스타트해봤는데 완전 좋아요~~",
        "SentimentWord": "5",
        "SentimentPolarity": "1"
      }
    ]
  },
  {
    "Index": "7070",
    "RawText": "타이머는 한번 작동시킴 끝날때 까지 조절이 않되네요 :; 만두 해먹으니 편하게 좋네요 고기도 한번 해먹어 봐야 겠네여",
    "Source": "SNS",
    "Domain": "가전",
    "MainCategory": "주방가전",
    "ProductName": "(TV) 톰슨 에어프라이어 3.5L ESR-A3501W/R/B/D",
    "ReviewScore": "100",
    "Syllable": "65",
    "Word": "17",
    "RDate": "20190129",
    "GeneralPolarity": "0",
    "Aspects": [
      {
        "Aspect": "조작성",
        "SentimentText": "타이머는 한번 작동시킴 끝날때 까지 조절이 않되네요 :;",
        "SentimentWord": "8",
        "SentimentPolarity": "-1"
      },
      {
        "Aspect": "편의성",
        "SentimentText": "만두 해먹으니 편하게 좋네요",
        "SentimentWord": "4",
        "SentimentPolarity": "1"
      }
    ]
  },
  {
    "Index": "7071",
    "RawText": "편리하게 사용하는데 외형이 좀 큰것 같아요.",
    "Source": "SNS",
    "Domain": "가전",
    "MainCategory": "주방가전",
    "ProductName": "(TV) 톰슨 에어프라이어 3.5L ESR-A3501W/R/B/D",
    "ReviewScore": "80",
    "Syllable": "24",
    "Word": "6",
    "RDate": "20190124",
    "GeneralPolarity": "0",
    "Aspects": [
      {
        "Aspect": "편의성",
        "SentimentText": "편리하게 사용하는데",
        "SentimentWord": "2",
        "SentimentPolarity": "1"
      },
      {
        "Aspect": "사이즈",
        "SentimentText": "외형이 좀 큰것 같아요.",
        "SentimentWord": "4",
        "SentimentPolarity": "-1"
      }
    ]
  },
  {
    "Index": "7072",
    "RawText": "재료를 넣기만 하면되니 요리가 편해졌어요 집에하나씩은 있어야할 필수템이네요  소음이 좀 있긴한데 하루종일키는거아니니까 머 괜찮습니다.",
    "Source": "SNS",
    "Domain": "가전",
    "MainCategory": "주방가전",
    "ProductName": "(TV) 톰슨 에어프라이어 3.5L ESR-A3501W/R/B/D",
    "ReviewScore": "100",
    "Syllable": "74",
    "Word": "14",
    "RDate": "20181121",
    "GeneralPolarity": "0",
    "Aspects": [
      {
        "Aspect": "편의성",
        "SentimentText": "재료를 넣기만 하면되니 요리가 편해졌어요 집에하나씩은 있어야할 필수템이네요",
        "SentimentWord": "8",
        "SentimentPolarity": "1"
      },
      {
        "Aspect": "소음",
        "SentimentText": "소음이 좀 있긴한데 하루종일키는거아니니까 머 괜찮습니다",
        "SentimentWord": "6",
        "SentimentPolarity": "0"
      }
    ]
  },
  {
    "Index": "7073",
    "RawText": "계속 눈 여겨보던 제품이었는데 적립금써서 저렴하게 샀구요~ 오자마자 냉동식품으로 성능 테스트해봤는데 왜 안사고 고민했나 싶을정도로 마음에 쏙 드네요. 진짜 꼭 필요한 기계예요~",
    "Source": "SNS",
    "Domain": "가전",
    "MainCategory": "주방가전",
    "ProductName": "(TV) 톰슨 에어프라이어 3.5L ESR-A3501W/R/B/D",
    "ReviewScore": "100",
    "Syllable": "98",
    "Word": "22",
    "RDate": "20190108",
    "GeneralPolarity": "1",
    "Aspects": [
      {
        "Aspect": "가격",
        "SentimentText": "적립금써서 저렴하게 샀구요",
        "SentimentWord": "3",
        "SentimentPolarity": "1"
      },
      {
        "Aspect": "기능",
        "SentimentText": "냉동식품으로 성능 테스트해봤는데 왜 안사고 고민했나 싶을정도로 마음에 쏙 드네요. 진짜 꼭 필요한 기계예요~",
        "SentimentWord": "14",
        "SentimentPolarity": "1"
      }
    ]
  },
  {
    "Index": "7074",
    "RawText": "○○쇼핑에서 구매했어요. 일단 마감 품질이 훌륭해서 좋고 그동안 써 본 에어프라이어 중에서 가성비 최고예요.",
    "Source": "SNS",
    "Domain": "가전",
    "MainCategory": "주방가전",
    "ProductName": "(TV)베스트 하임 THE 건강한 에어프라이어",
    "ReviewScore": "100",
    "Syllable": "60",
    "Word": "14",
    "RDate": "20181014",
    "GeneralPolarity": "1",
    "Aspects": [
      {
        "Aspect": "품질",
        "SentimentText": "마감 품질이 훌륭해서 좋고",
        "SentimentWord": "4",
        "SentimentPolarity": "1"
      },
      {
        "Aspect": "가격",
        "SentimentText": "그동안 써 본 에어프라이어 중에서 가성비 최고예요",
        "SentimentWord": "7",
        "SentimentPolarity": "1"
      }
    ]
  },
  {
    "Index": "7075",
    "RawText": "가격은 착하나 크기가 생각보다 작네요 1인가구에 아주 딱이겠네요",
    "Source": "SNS",
    "Domain": "가전",
    "MainCategory": "주방가전",
    "ProductName": "(TV)베스트 하임 THE 건강한 에어프라이어",
    "ReviewScore": "100",
    "Syllable": "35",
    "Word": "8",
    "RDate": "20180915",
    "GeneralPolarity": "0",
    "Aspects": [
      {
        "Aspect": "가격",
        "SentimentText": "가격은 착하나",
        "SentimentWord": "2",
        "SentimentPolarity": "1"
      },
      {
        "Aspect": "사이즈",
        "SentimentText": "크기가 생각보다 작네요",
        "SentimentWord": "3",
        "SentimentPolarity": "0"
      }
    ]
  },
  {
    "Index": "7076",
    "RawText": "번거워웠던 튀김 요리가 편해졌어요. 가격은 저렴해서 참 좋은데 기왕이면 조리법에 대한 책자도 함께 보내주셨으면 좋을텐데 아쉽네요.",
    "Source": "SNS",
    "Domain": "가전",
    "MainCategory": "주방가전",
    "ProductName": "(TV)베스트 하임 THE 건강한 에어프라이어",
    "ReviewScore": "100",
    "Syllable": "72",
    "Word": "16",
    "RDate": "20180620",
    "GeneralPolarity": "1",
    "Aspects": [
      {
        "Aspect": "편의성",
        "SentimentText": "번거워웠던 튀김 요리가 편해졌어요",
        "SentimentWord": "4",
        "SentimentPolarity": "1"
      },
      {
        "Aspect": "가격",
        "SentimentText": "가격은 저렴해서 참 좋은데",
        "SentimentWord": "4",
        "SentimentPolarity": "1"
      },
      {
        "Aspect": "제품구성",
        "SentimentText": "조리법에 대한 책자도 함께 보내주셨으면 좋을텐데 아쉽네요",
        "SentimentWord": "7",
        "SentimentPolarity": "-1"
      }
    ]
  },
  {
    "Index": "7077",
    "RawText": "감튀해봤는데 잘되고 맛있어요  사이즈 적당하고 잘 산것같아용",
    "Source": "SNS",
    "Domain": "가전",
    "MainCategory": "주방가전",
    "ProductName": "(TV)베스트 하임 THE 건강한 에어프라이어",
    "ReviewScore": "100",
    "Syllable": "33",
    "Word": "7",
    "RDate": "20180819",
    "GeneralPolarity": "1",
    "Aspects": [
      {
        "Aspect": "기능",
        "SentimentText": "감튀해봤는데 잘되고 맛있어요",
        "SentimentWord": "3",
        "SentimentPolarity": "1"
      },
      {
        "Aspect": "사이즈",
        "SentimentText": "사이즈 적당하고 잘 산것같아용",
        "SentimentWord": "4",
        "SentimentPolarity": "1"
      }
    ]
  },
  {
    "Index": "7078",
    "RawText": "기름없이  요리가 된다는게 신기하네요!!! 조금더 큰게 나을것같아요",
    "Source": "SNS",
    "Domain": "가전",
    "MainCategory": "주방가전",
    "ProductName": "(TV)베스트 하임 THE 건강한 에어프라이어",
    "ReviewScore": "100",
    "Syllable": "37",
    "Word": "7",
    "RDate": "20180912",
    "GeneralPolarity": "1",
    "Aspects": [
      {
        "Aspect": "기능",
        "SentimentText": "기름없이  요리가 된다는게 신기하네요!!!",
        "SentimentWord": "4",
        "SentimentPolarity": "1"
      },
      {
        "Aspect": "사이즈",
        "SentimentText": "조금더 큰게 나을것같아요",
        "SentimentWord": "3",
        "SentimentPolarity": "0"
      }
    ]
  },
  {
    "Index": "7079",
    "RawText": "냉동식품 조리시 훌륭해여~~ 냄새없고 기름 튀지않고  괘안아여 ",
    "Source": "SNS",
    "Domain": "가전",
    "MainCategory": "주방가전",
    "ProductName": "(TV)베스트 하임 THE 건강한 에어프라이어",
    "ReviewScore": "100",
    "Syllable": "35",
    "Word": "7",
    "RDate": "20180616",
    "GeneralPolarity": "1",
    "Aspects": [
      {
        "Aspect": "기능",
        "SentimentText": "냉동식품 조리시 훌륭해여~~",
        "SentimentWord": "3",
        "SentimentPolarity": "1"
      },
      {
        "Aspect": "기능",
        "SentimentText": "냄새없고 기름 튀지않고  괘안아여",
        "SentimentWord": "4",
        "SentimentPolarity": "1"
      }
    ]
  },
  {
    "Index": "7080",
    "RawText": "감자튀김 닭날개, 다리, 떡갈비 등 냉동식품 조리는 완전 잘 돼요~ 돈까스는 좀 별로지만....그런데 연속으로 튀기는게 안돼고 물로 식혀준 뒤에 다시 작동해야 하는건 좀 불편했어요...",
    "Source": "SNS",
    "Domain": "가전",
    "MainCategory": "주방가전",
    "ProductName": "(TV)베스트 하임 THE 건강한 에어프라이어",
    "ReviewScore": "80",
    "Syllable": "103",
    "Word": "24",
    "RDate": "20180627",
    "GeneralPolarity": "0",
    "Aspects": [
      {
        "Aspect": "기능",
        "SentimentText": " 냉동식품 조리는 완전 잘 돼요~ 돈까스는 좀 별로지만....",
        "SentimentWord": "8",
        "SentimentPolarity": "0"
      },
      {
        "Aspect": "편의성",
        "SentimentText": "연속으로 튀기는게 안돼고 물로 식혀준 뒤에 다시 작동해야 하는건 좀 불편했어요...",
        "SentimentWord": "11",
        "SentimentPolarity": "0"
      }
    ]
  },
  {
    "Index": "7081",
    "RawText": "다이얼 돌리는 시작이 찾기 힘들어요 별도로 표시가 필요해요 ",
    "Source": "SNS",
    "Domain": "가전",
    "MainCategory": "주방가전",
    "ProductName": "(TV)베스트 하임 THE 건강한 에어프라이어",
    "ReviewScore": "80",
    "Syllable": "33",
    "Word": "8",
    "RDate": "20180726",
    "GeneralPolarity": "-1",
    "Aspects": [
      {
        "Aspect": "조작성",
        "SentimentText": "다이얼 돌리는 시작이 찾기 힘들어요",
        "SentimentWord": "5",
        "SentimentPolarity": "-1"
      },
      {
        "Aspect": "조작성",
        "SentimentText": "별도로 표시가 필요해요",
        "SentimentWord": "3",
        "SentimentPolarity": "-1"
      }
    ]
  },
  {
    "Index": "7082",
    "RawText": "오자마자 치즈스틱이랑 고등어구이를 해봤는데 성능이 좋은지는 잘 모르겠어요...다이얼인줄 알았는데 터치여서 당황...물 뭍은 손으로 조작하기 어려워서 별로예요...별 3개주는 이유는 터치가 갈수도 있다는 문구나 사진 아님선택사항이 있었음 좋겠네요",
    "Source": "SNS",
    "Domain": "가전",
    "MainCategory": "주방가전",
    "ProductName": "(TV)베스트 하임 THE 건강한 에어프라이어",
    "ReviewScore": "60",
    "Syllable": "136",
    "Word": "26",
    "RDate": "20180829",
    "GeneralPolarity": "0",
    "Aspects": [
      {
        "Aspect": "기능",
        "SentimentText": "치즈스틱이랑 고등어구이를 해봤는데 성능이 좋은지는 잘 모르겠어요...",
        "SentimentWord": "7",
        "SentimentPolarity": "0"
      },
      {
        "Aspect": "조작성",
        "SentimentText": "다이얼인줄 알았는데 터치여서 당황...물 뭍은 손으로 조작하기 어려워서 별로예요...",
        "SentimentWord": "9",
        "SentimentPolarity": "-1"
      }
    ]
  },
  {
    "Index": "7083",
    "RawText": "드디어 구매한 에어프라이어~ 아이들 간식 매일 기름에 튀기고 번거로왔는데 이 에어프라이어도 맛난 간식들 해줄수 있어 행복하답니다. 기름기 없는 음식을 해줄수 있어 좋네요. 가격도 좋아 추천합니다.",
    "Source": "SNS",
    "Domain": "가전",
    "MainCategory": "주방가전",
    "ProductName": "(TV)베스트 하임 THE 건강한 에어프라이어",
    "ReviewScore": "100",
    "Syllable": "109",
    "Word": "25",
    "RDate": "20180617",
    "GeneralPolarity": "1",
    "Aspects": [
      {
        "Aspect": "기능",
        "SentimentText": "기름기 없는 음식을 해줄수 있어 좋네요.",
        "SentimentWord": "6",
        "SentimentPolarity": "1"
      },
      {
        "Aspect": "가격",
        "SentimentText": "가격도 좋아 추천합니다.",
        "SentimentWord": "3",
        "SentimentPolarity": "1"
      }
    ]
  },
  {
    "Index": "7084",
    "RawText": "디자인도 깔끔하고 튀김뿐아니라 못하는 요리기능이 없네요 너무 맘에 들어요 적극 추천합니다 ~^^",
    "Source": "SNS",
    "Domain": "가전",
    "MainCategory": "주방가전",
    "ProductName": "(TV)베스트 하임 THE 건강한 에어프라이어",
    "ReviewScore": "100",
    "Syllable": "53",
    "Word": "12",
    "RDate": "20181129",
    "GeneralPolarity": "1",
    "Aspects": [
      {
        "Aspect": "디자인",
        "SentimentText": "디자인도 깔끔",
        "SentimentWord": "2",
        "SentimentPolarity": "1"
      },
      {
        "Aspect": "기능",
        "SentimentText": "튀김뿐아니라 못하는 요리기능이 없네요",
        "SentimentWord": "4",
        "SentimentPolarity": "1"
      }
    ]
  },
  {
    "Index": "7085",
    "RawText": "디자인도좋고 일단 요리하는데 기름이안튄다는거에 넘좋아요 다만 방송처럼 노릇노릇바삭하게되진않는거같아요ㅠ 기대를너무많이해서그런가 조금실망스럽지만 그래도 잘사용하고있어요~",
    "Source": "SNS",
    "Domain": "가전",
    "MainCategory": "주방가전",
    "ProductName": "(TV)베스트 하임 THE 건강한 에어프라이어",
    "ReviewScore": "60",
    "Syllable": "92",
    "Word": "12",
    "RDate": "20180713",
    "GeneralPolarity": "1",
    "Aspects": [
      {
        "Aspect": "디자인",
        "SentimentText": "디자인도좋고",
        "SentimentWord": "1",
        "SentimentPolarity": "1"
      },
      {
        "Aspect": "기능",
        "SentimentText": "기름이안튄다는거에 넘좋아요",
        "SentimentWord": "2",
        "SentimentPolarity": "1"
      },
      {
        "Aspect": "기능",
        "SentimentText": "노릇노릇바삭하게되진않는거같아요ㅠ",
        "SentimentWord": "1",
        "SentimentPolarity": "-1"
      }
    ]
  },
  {
    "Index": "7086",
    "RawText": "데우고 튀기고 에어프라이어 기본 기능은 잘 됩니다~다만 실제 재료를 넣을 수 있는 통 크기가 너무 작아서 불만...",
    "Source": "SNS",
    "Domain": "가전",
    "MainCategory": "주방가전",
    "ProductName": "(TV)베스트 하임 THE 건강한 에어프라이어",
    "ReviewScore": "100",
    "Syllable": "64",
    "Word": "17",
    "RDate": "20180704",
    "GeneralPolarity": "0",
    "Aspects": [
      {
        "Aspect": "기능",
        "SentimentText": "데우고 튀기고 에어프라이어 기본 기능은 잘 됩니다~",
        "SentimentWord": "7",
        "SentimentPolarity": "1"
      },
      {
        "Aspect": "용량",
        "SentimentText": "실제 재료를 넣을 수 있는 통 크기가 너무 작아서 불만...",
        "SentimentWord": "10",
        "SentimentPolarity": "-1"
      }
    ]
  },
  {
    "Index": "7087",
    "RawText": "사용이 편안하고 배송도 빨라서 만족한데~제가 사용타임시간을 햇갈려요ㅋ~~^^",
    "Source": "SNS",
    "Domain": "가전",
    "MainCategory": "주방가전",
    "ProductName": "(TV)베스트 하임 THE 건강한 에어프라이어",
    "ReviewScore": "100",
    "Syllable": "42",
    "Word": "7",
    "RDate": "20180706",
    "GeneralPolarity": "1",
    "Aspects": [
      {
        "Aspect": "편의성",
        "SentimentText": "사용이 편안하고",
        "SentimentWord": "2",
        "SentimentPolarity": "1"
      },
      {
        "Aspect": "조작성",
        "SentimentText": "사용타임시간을 햇갈려요",
        "SentimentWord": "2",
        "SentimentPolarity": "0"
      }
    ]
  },
  {
    "Index": "7088",
    "RawText": "나사가 너무 쉽게 풀어져서 하나는 분실 됐네요....품질에 의심이 가네요...다양한 요리할 때 편리해서 잘 쓰고 있어요~",
    "Source": "SNS",
    "Domain": "가전",
    "MainCategory": "주방가전",
    "ProductName": "(TV)베스트 하임 THE 건강한 에어프라이어",
    "ReviewScore": "100",
    "Syllable": "67",
    "Word": "15",
    "RDate": "20190104",
    "GeneralPolarity": "0",
    "Aspects": [
      {
        "Aspect": "품질",
        "SentimentText": "나사가 너무 쉽게 풀어져서 하나는 분실 됐네요....품질에 의심이 가네요...",
        "SentimentWord": "9",
        "SentimentPolarity": "-1"
      },
      {
        "Aspect": "편의성",
        "SentimentText": "다양한 요리할 때 편리해서 잘 쓰고 있어요~",
        "SentimentWord": "7",
        "SentimentPolarity": "1"
      }
    ]
  },
  {
    "Index": "7089",
    "RawText": "생각보다. 성능이 약하네요. 연기가나고 시간이오래걸리네요 ",
    "Source": "SNS",
    "Domain": "가전",
    "MainCategory": "주방가전",
    "ProductName": "(TV)베스트 하임 THE 건강한 에어프라이어",
    "ReviewScore": "60",
    "Syllable": "32",
    "Word": "5",
    "RDate": "20180627",
    "GeneralPolarity": "-1",
    "Aspects": [
      {
        "Aspect": "기능",
        "SentimentText": "성능이 약하네요",
        "SentimentWord": "2",
        "SentimentPolarity": "-1"
      },
      {
        "Aspect": "기능",
        "SentimentText": "연기가나고 시간이오래걸리네요",
        "SentimentWord": "2",
        "SentimentPolarity": "-1"
      }
    ]
  },
  {
    "Index": "7090",
    "RawText": "시간적으로는 조금 요리시간이 더딘 편이지만 건강에 좋다니까 기름으로 튀기지 않으니까 잘 사용하고 있습니다.",
    "Source": "SNS",
    "Domain": "가전",
    "MainCategory": "주방가전",
    "ProductName": "(TV)베스트 하임 THE 건강한 에어프라이어",
    "ReviewScore": "100",
    "Syllable": "59",
    "Word": "13",
    "RDate": "20180910",
    "GeneralPolarity": "1",
    "Aspects": [
      {
        "Aspect": "시간/속도",
        "SentimentText": "시간적으로는 조금 요리시간이 더딘 편이지만",
        "SentimentWord": "5",
        "SentimentPolarity": "-1"
      },
      {
        "Aspect": "기능",
        "SentimentText": "기름으로 튀기지 않으니까 잘 사용하고 있습니다.",
        "SentimentWord": "6",
        "SentimentPolarity": "1"
      }
    ]
  },
  {
    "Index": "7091",
    "RawText": "아직 사용전인데  용량크기도 좋고 외관 다 좋습니다 기대만큼 맛난 음식 많이 할수 있으면 좋겠어요",
    "Source": "SNS",
    "Domain": "가전",
    "MainCategory": "주방가전",
    "ProductName": "(TV)베스트 하임 THE 건강한 에어프라이어",
    "ReviewScore": "100",
    "Syllable": "54",
    "Word": "14",
    "RDate": "20180908",
    "GeneralPolarity": "1",
    "Aspects": [
      {
        "Aspect": "사이즈",
        "SentimentText": "용량크기도 좋고",
        "SentimentWord": "2",
        "SentimentPolarity": "1"
      },
      {
        "Aspect": "디자인",
        "SentimentText": "외관 다 좋습니다",
        "SentimentWord": "3",
        "SentimentPolarity": "1"
      }
    ]
  },
  {
    "Index": "7092",
    "RawText": "아직 사용해보지 않았지만 아담하고 외관이 예쁘네요 살 사용하겠습니다",
    "Source": "SNS",
    "Domain": "가전",
    "MainCategory": "주방가전",
    "ProductName": "(TV)베스트 하임 THE 건강한 에어프라이어",
    "ReviewScore": "100",
    "Syllable": "37",
    "Word": "8",
    "RDate": "20180616",
    "GeneralPolarity": "1",
    "Aspects": [
      {
        "Aspect": "사이즈",
        "SentimentText": "아담하고",
        "SentimentWord": "1",
        "SentimentPolarity": "1"
      },
      {
        "Aspect": "디자인",
        "SentimentText": "외관이 예쁘네요",
        "SentimentWord": "2",
        "SentimentPolarity": "1"
      }
    ]
  },
  {
    "Index": "7093",
    "RawText": "엄마가 에어프라이어 노래를 부르셔서 하나 주문했는데 받자마자 너무 편하고 좋다고 애용하십니다~ 특히 감튀를 자주 하는데 집에서 직접 해먹으니 더 맛있고 기름 없이도 잘 튀겨지니 건강에도 좋은거 같아서 마음에 들어요~",
    "Source": "SNS",
    "Domain": "가전",
    "MainCategory": "주방가전",
    "ProductName": "(TV)베스트 하임 THE 건강한 에어프라이어",
    "ReviewScore": "100",
    "Syllable": "120",
    "Word": "29",
    "RDate": "20180718",
    "GeneralPolarity": "1",
    "Aspects": [
      {
        "Aspect": "편의성",
        "SentimentText": "받자마자 너무 편하고 좋다고 애용하십니다~ ",
        "SentimentWord": "5",
        "SentimentPolarity": "1"
      },
      {
        "Aspect": "기능",
        "SentimentText": "기름 없이도 잘 튀겨지니 건강에도 좋은거 같아서 마음에 들어요~",
        "SentimentWord": "9",
        "SentimentPolarity": "1"
      }
    ]
  },
  {
    "Index": "7094",
    "RawText": "외관이 예쁘고 작동도 잘되고 가격도 적당한거같아요 OO쇼핑은 가성비 좋은물건이 많네요 앞으로도 자주 볼게요",
    "Source": "SNS",
    "Domain": "가전",
    "MainCategory": "주방가전",
    "ProductName": "(TV)베스트 하임 THE 건강한 에어프라이어",
    "ReviewScore": "100",
    "Syllable": "59",
    "Word": "13",
    "RDate": "20180727",
    "GeneralPolarity": "1",
    "Aspects": [
      {
        "Aspect": "디자인",
        "SentimentText": "외관이 예쁘고",
        "SentimentWord": "2",
        "SentimentPolarity": "1"
      },
      {
        "Aspect": "기능",
        "SentimentText": "작동도 잘되고",
        "SentimentWord": "2",
        "SentimentPolarity": "1"
      },
      {
        "Aspect": "가격",
        "SentimentText": "가격도 적당한거같아요",
        "SentimentWord": "2",
        "SentimentPolarity": "1"
      }
    ]
  },
  {
    "Index": "7095",
    "RawText": "이번 추석에 부모님 사 드렸는데 좋다고 하시네요 사용방법도 편하고 간단해서 좋아 하셨어요 아쉬운 건 조금 작다고 하시네요",
    "Source": "SNS",
    "Domain": "가전",
    "MainCategory": "주방가전",
    "ProductName": "(TV)베스트 하임 THE 건강한 에어프라이어",
    "ReviewScore": "100",
    "Syllable": "67",
    "Word": "17",
    "RDate": "20181001",
    "Aspects": [
      {
        "Aspect": "조작성",
        "SentimentText": "사용방법도 편하고 간단해서 좋아 하셨어요",
        "SentimentWord": "5",
        "SentimentPolarity": "1"
      },
      {
        "Aspect": "용량",
        "SentimentText": "아쉬운 건 조금 작다고 하시네요",
        "SentimentWord": "5",
        "SentimentPolarity": "-1"
      }
    ]
  },
  {
    "Index": "7096",
    "RawText": "정말 사용하기 편하고 좋아요~~기능이 좋아 거의 매일  사용하고 있어요~~",
    "Source": "SNS",
    "Domain": "가전",
    "MainCategory": "주방가전",
    "ProductName": "(TV)베스트 하임 THE 건강한 에어프라이어",
    "ReviewScore": "100",
    "Syllable": "41",
    "Word": "9",
    "RDate": "20181011",
    "GeneralPolarity": "1",
    "Aspects": [
      {
        "Aspect": "편의성",
        "SentimentText": " 사용하기 편하고 좋아요",
        "SentimentWord": "3",
        "SentimentPolarity": "1"
      },
      {
        "Aspect": "기능",
        "SentimentText": "기능이 좋아 거의 매일  사용하고 있어요",
        "SentimentWord": "6",
        "SentimentPolarity": "1"
      }
    ]
  },
  {
    "Index": "7097",
    "RawText": "크기도 적당하고 간편해 쓰기편하고 각종 요리 다 잘해먹고 있어요. 강추입니다~^^ ",
    "Source": "SNS",
    "Domain": "가전",
    "MainCategory": "주방가전",
    "ProductName": "(TV)베스트 하임 THE 건강한 에어프라이어",
    "ReviewScore": "100",
    "Syllable": "46",
    "Word": "10",
    "RDate": "20181213",
    "GeneralPolarity": "1",
    "Aspects": [
      {
        "Aspect": "사이즈",
        "SentimentText": "크기도 적당하고",
        "SentimentWord": "2",
        "SentimentPolarity": "1"
      },
      {
        "Aspect": "편의성",
        "SentimentText": "간편해 쓰기편하고",
        "SentimentWord": "2",
        "SentimentPolarity": "1"
      },
      {
        "Aspect": "기능",
        "SentimentText": "각종 요리 다 잘해먹고 있어요",
        "SentimentWord": "5",
        "SentimentPolarity": "1"
      }
    ]
  },
  {
    "Index": "7098",
    "RawText": "외관이 넘 귀엽네요 물 끊는데는 좀 시간이 걸리지만.. 사용하기 좋네용",
    "Source": "SNS",
    "Domain": "가전",
    "MainCategory": "주방가전",
    "ProductName": "(TV)오뜨로닉 쁘띠 멀티포트 1+1",
    "ReviewScore": "100",
    "Syllable": "39",
    "Word": "10",
    "RDate": "20200103",
    "GeneralPolarity": "1",
    "Aspects": [
      {
        "Aspect": "디자인",
        "SentimentText": "외관이 넘 귀엽네요",
        "SentimentWord": "3",
        "SentimentPolarity": "1"
      },
      {
        "Aspect": "기능",
        "SentimentText": "물 끊는데는 좀 시간이 걸리지만.. 사용하기 좋네용",
        "SentimentWord": "7",
        "SentimentPolarity": "1"
      }
    ]
  },
  {
    "Index": "7099",
    "RawText": "디자인도 예쁘고 실용적으로  잘 쓰게 될것 같습니다 .",
    "Source": "SNS",
    "Domain": "가전",
    "MainCategory": "주방가전",
    "ProductName": "(TV)오뜨로닉 쁘띠 멀티포트 1+1",
    "ReviewScore": "100",
    "Syllable": "30",
    "Word": "8",
    "RDate": "20200103",
    "GeneralPolarity": "1",
    "Aspects": [
      {
        "Aspect": "디자인",
        "SentimentText": "디자인도 예쁘고",
        "SentimentWord": "2",
        "SentimentPolarity": "1"
      },
      {
        "Aspect": "기능",
        "SentimentText": "실용적으로  잘 쓰게 될것 같습니다 .",
        "SentimentWord": "6",
        "SentimentPolarity": "1"
      }
    ]
  },
  {
    "Index": "7100",
    "RawText": "색상너무이뻐요 사이즈가 앙증맞자 휴대가편해좋아요",
    "Source": "SNS",
    "Domain": "가전",
    "MainCategory": "주방가전",
    "ProductName": "(TV)오뜨로닉 쁘띠 멀티포트 1+1",
    "ReviewScore": "100",
    "Syllable": "26",
    "Word": "4",
    "RDate": "20200402",
    "GeneralPolarity": "1",
    "Aspects": [
      {
        "Aspect": "색상",
        "SentimentText": "색상너무이뻐요",
        "SentimentWord": "1",
        "SentimentPolarity": "1"
      },
      {
        "Aspect": "사이즈",
        "SentimentText": "사이즈가 앙증맞자 휴대가편해좋아요",
        "SentimentWord": "3",
        "SentimentPolarity": "1"
      }
    ]
  },
  {
    "Index": "7101",
    "RawText": "예쁘고 간단하게 시용할수있어요 계란삶을때간편해요",
    "Source": "SNS",
    "Domain": "가전",
    "MainCategory": "주방가전",
    "ProductName": "(TV)오뜨로닉 쁘띠 멀티포트 1+1",
    "ReviewScore": "100",
    "Syllable": "26",
    "Word": "4",
    "RDate": "20200316",
    "GeneralPolarity": "1",
    "Aspects": [
      {
        "Aspect": "편의성",
        "SentimentText": "예쁘고 간단하게 시용할수있어요",
        "SentimentWord": "3",
        "SentimentPolarity": "1"
      },
      {
        "Aspect": "편의성",
        "SentimentText": "계란삶을때간편해요",
        "SentimentWord": "1",
        "SentimentPolarity": "1"
      }
    ]
  },
  {
    "Index": "7102",
    "RawText": "3~4인 가구가 쓰기 좋아요. 구이나 전골에 유용해요. ",
    "Source": "SNS",
    "Domain": "가전",
    "MainCategory": "주방가전",
    "ProductName": "(TV_5만세일)테팔 델리시앙 그릴",
    "ReviewScore": "100",
    "Syllable": "31",
    "Word": "7",
    "RDate": "20190216",
    "GeneralPolarity": "1",
    "Aspects": [
      {
        "Aspect": "사이즈",
        "SentimentText": "3~4인 가구가 쓰기 좋아요",
        "SentimentWord": "4",
        "SentimentPolarity": "1"
      },
      {
        "Aspect": "편의성",
        "SentimentText": "구이나 전골에 유용해요",
        "SentimentWord": "3",
        "SentimentPolarity": "1"
      }
    ]
  },
  {
    "Index": "7103",
    "RawText": "기름기가 쫙~빠져서 좋고 열선이 골고루있어서 잘구워지네요.저렴한 가격에 득템해갑니다.",
    "Source": "SNS",
    "Domain": "가전",
    "MainCategory": "주방가전",
    "ProductName": "(TV_5만세일)테팔 델리시앙 그릴",
    "ReviewScore": "100",
    "Syllable": "47",
    "Word": "8",
    "RDate": "20190212",
    "GeneralPolarity": "1",
    "Aspects": [
      {
        "Aspect": "기능",
        "SentimentText": "기름기가 쫙~빠져서 좋고",
        "SentimentWord": "3",
        "SentimentPolarity": "1"
      },
      {
        "Aspect": "품질",
        "SentimentText": "열선이 골고루있어서 잘구워지네요",
        "SentimentWord": "3",
        "SentimentPolarity": "1"
      },
      {
        "Aspect": "가격",
        "SentimentText": "저렴한 가격에 득템해갑니다",
        "SentimentWord": "3",
        "SentimentPolarity": "1"
      }
    ]
  },
  {
    "Index": "7104",
    "RawText": "디자인도 이쁘고 무엇보다 가벼워서 좋네요. 오자마자 사용했는데 고기도 잘 구워지고 만족합니다. ",
    "Source": "SNS",
    "Domain": "가전",
    "MainCategory": "주방가전",
    "ProductName": "(TV_5만세일)테팔 델리시앙 그릴",
    "ReviewScore": "100",
    "Syllable": "53",
    "Word": "11",
    "RDate": "20190210",
    "GeneralPolarity": "1",
    "Aspects": [
      {
        "Aspect": "디자인",
        "SentimentText": "디자인도 이쁘고",
        "SentimentWord": "2",
        "SentimentPolarity": "1"
      },
      {
        "Aspect": "무게",
        "SentimentText": "무엇보다 가벼워서 좋네요.",
        "SentimentWord": "3",
        "SentimentPolarity": "1"
      },
      {
        "Aspect": "기능",
        "SentimentText": "오자마자 사용했는데 고기도 잘 구워지고 만족합니다.",
        "SentimentWord": "6",
        "SentimentPolarity": "1"
      }
    ]
  },
  {
    "Index": "7105",
    "RawText": "배송은 정말빨랐어요. 기대하며 상자를열었는데 다리가 깨져있고 안보이는 부분이지만 그릴바닥에 기스?가 있어서 교환신청했네요. (아무래도 뽁뽁이포장이 안되다보니 깨질위험이있는거같아요. ) 가성비 완전히 꽝입니다.",
    "Source": "SNS",
    "Domain": "가전",
    "MainCategory": "주방가전",
    "ProductName": "(TV_5만세일)테팔 델리시앙 그릴",
    "ReviewScore": "60",
    "Syllable": "116",
    "Word": "20",
    "RDate": "20190212",
    "Aspects": [
      {
        "Aspect": "품질",
        "SentimentText": " 다리가 깨져있고 안보이는 부분이지만 그릴바닥에 기스?가 있어서",
        "SentimentWord": "7",
        "SentimentPolarity": "-1"
      },
      {
        "Aspect": "가격",
        "SentimentText": "가성비 완전히 꽝입니다.",
        "SentimentWord": "3",
        "SentimentPolarity": "-1"
      }
    ]
  },
  {
    "Index": "7106",
    "RawText": "배송이 빨라 좋았고요. 생각했던 것보다 사이즈는 작지만,, 엄마한테 사드렸더니 기능이 좋아 애용하시네요.",
    "Source": "SNS",
    "Domain": "가전",
    "MainCategory": "주방가전",
    "ProductName": "(TV_5만세일)테팔 델리시앙 그릴",
    "ReviewScore": "100",
    "Syllable": "58",
    "Word": "12",
    "RDate": "20190214",
    "Aspects": [
      {
        "Aspect": "사이즈",
        "SentimentText": "사이즈는 작지만,,",
        "SentimentWord": "2",
        "SentimentPolarity": "-1"
      },
      {
        "Aspect": "기능",
        "SentimentText": "기능이 좋아 애용하시네요.",
        "SentimentWord": "3",
        "SentimentPolarity": "1"
      }
    ]
  },
  {
    "Index": "7107",
    "RawText": "생각보다 받침대가 튼튼하고 깔끔한 디자인 입니다 . 고기  구워 먹기 좋아요 하지만  사이즈가  조금  컸으면 좋겠어요.",
    "Source": "SNS",
    "Domain": "가전",
    "MainCategory": "주방가전",
    "ProductName": "(TV_5만세일)테팔 델리시앙 그릴",
    "ReviewScore": "100",
    "Syllable": "67",
    "Word": "16",
    "RDate": "20190212",
    "GeneralPolarity": "0",
    "Aspects": [
      {
        "Aspect": "품질",
        "SentimentText": "생각보다 받침대가 튼튼하고",
        "SentimentWord": "3",
        "SentimentPolarity": "1"
      },
      {
        "Aspect": "디자인",
        "SentimentText": "깔끔한 디자인 입니다",
        "SentimentWord": "3",
        "SentimentPolarity": "1"
      },
      {
        "Aspect": "기능",
        "SentimentText": "고기  구워 먹기 좋아요",
        "SentimentWord": "4",
        "SentimentPolarity": "1"
      },
      {
        "Aspect": "사이즈",
        "SentimentText": "하지만  사이즈가  조금  컸으면 좋겠어요",
        "SentimentWord": "5",
        "SentimentPolarity": "-1"
      }
    ]
  },
  {
    "Index": "7108",
    "RawText": "식탁위에 항상 올려놓고 사용하려고 구매했습니다 디자인도 에쁘고 크지않아서 부담스럽지도 않네요 잘 구워지고 좋습니다",
    "Source": "SNS",
    "Domain": "가전",
    "MainCategory": "주방가전",
    "ProductName": "(TV_5만세일)테팔 델리시앙 그릴",
    "ReviewScore": "100",
    "Syllable": "63",
    "Word": "13",
    "RDate": "20190313",
    "GeneralPolarity": "1",
    "Aspects": [
      {
        "Aspect": "디자인",
        "SentimentText": "디자인도 에쁘고",
        "SentimentWord": "2",
        "SentimentPolarity": "1"
      },
      {
        "Aspect": "사이즈",
        "SentimentText": "크지않아서 부담스럽지도 않네요",
        "SentimentWord": "3",
        "SentimentPolarity": "1"
      },
      {
        "Aspect": "기능",
        "SentimentText": "잘 구워지고 좋습니다",
        "SentimentWord": "3",
        "SentimentPolarity": "1"
      }
    ]
  },
  {
    "Index": "7109",
    "RawText": "오늘 받고 저녁에 고기를 구워보니 좋네요~~  기름도 연기도 덜나요~~  매우 만족입니다",
    "Source": "SNS",
    "Domain": "가전",
    "MainCategory": "주방가전",
    "ProductName": "(TV_5만세일)테팔 델리시앙 그릴",
    "ReviewScore": "100",
    "Syllable": "49",
    "Word": "11",
    "RDate": "20190207",
    "GeneralPolarity": "1",
    "Aspects": [
      {
        "Aspect": "기능",
        "SentimentText": "고기를 구워보니 좋네요",
        "SentimentWord": "3",
        "SentimentPolarity": "1"
      },
      {
        "Aspect": "기능",
        "SentimentText": "기름도 연기도 덜나요~~  매우 만족입니다",
        "SentimentWord": "5",
        "SentimentPolarity": "1"
      }
    ]
  },
  {
    "Index": "7110",
    "RawText": "잘 구워지고 두껑이 있어서 빨리 구워져요 팬이 두개라서 다용도로 사용가능하네요 ",
    "Source": "SNS",
    "Domain": "가전",
    "MainCategory": "주방가전",
    "ProductName": "(TV_5만세일)테팔 델리시앙 그릴",
    "ReviewScore": "100",
    "Syllable": "44",
    "Word": "10",
    "RDate": "20190207",
    "GeneralPolarity": "1",
    "Aspects": [
      {
        "Aspect": "기능",
        "SentimentText": "잘 구워지고 두껑이 있어서 빨리 구워져요",
        "SentimentWord": "6",
        "SentimentPolarity": "1"
      },
      {
        "Aspect": "제품구성",
        "SentimentText": "팬이 두개라서 다용도로 사용가능하네요",
        "SentimentWord": "4",
        "SentimentPolarity": "1"
      }
    ]
  },
  {
    "Index": "7111",
    "RawText": "크기도 적당하고 아주 잘쓰고있습니다 코팅도 좋고 잘구워지네요 좋습니다",
    "Source": "SNS",
    "Domain": "가전",
    "MainCategory": "주방가전",
    "ProductName": "(TV_5만세일)테팔 델리시앙 그릴",
    "ReviewScore": "100",
    "Syllable": "38",
    "Word": "8",
    "RDate": "20190313",
    "GeneralPolarity": "1",
    "Aspects": [
      {
        "Aspect": "사이즈",
        "SentimentText": "크기도 적당하고 아주 잘쓰고있습니다",
        "SentimentWord": "4",
        "SentimentPolarity": "1"
      },
      {
        "Aspect": "품질",
        "SentimentText": "코팅도 좋고 잘구워지네요",
        "SentimentWord": "3",
        "SentimentPolarity": "1"
      }
    ]
  },
  {
    "Index": "7112",
    "RawText": "구형을 오래사용하던 기억이 있어 OO로 기대라고...ㅠㅠ 열전도가 너무 약해서 고기가 너무 천천히 익어서 불판 구실을 못하네요...요리하는데 시간이 너무 오래 걸리니 젓가락만 빨고 있네요...한번 사용이라서 어찌해야할지 애물단지 될것 같아요...ㅠ.ㅠ",
    "Source": "SNS",
    "Domain": "가전",
    "MainCategory": "주방가전",
    "ProductName": "(TV_6만세일_직배송)테팔 델리시앙 그릴",
    "ReviewScore": "40",
    "Syllable": "140",
    "Word": "28",
    "RDate": "20190914",
    "GeneralPolarity": "-1",
    "Aspects": [
      {
        "Aspect": "품질",
        "SentimentText": "열전도가 너무 약해서 고기가 너무 천천히 익어서 불판 구실을 못하네요..",
        "SentimentWord": "10",
        "SentimentPolarity": "-1"
      },
      {
        "Aspect": "시간/속도",
        "SentimentText": "요리하는데 시간이 너무 오래 걸리니 젓가락만 빨고 있네요...",
        "SentimentWord": "8",
        "SentimentPolarity": "-1"
      }
    ]
  },
  {
    "Index": "7113",
    "RawText": "넘 마음에 들어요 디자인도 심플하고 가격도 착하고~~~",
    "Source": "SNS",
    "Domain": "가전",
    "MainCategory": "주방가전",
    "ProductName": "(TV_6만세일_직배송)테팔 델리시앙 그릴",
    "ReviewScore": "100",
    "Syllable": "30",
    "Word": "7",
    "RDate": "20190929",
    "GeneralPolarity": "1",
    "Aspects": [
      {
        "Aspect": "품질",
        "SentimentText": "넘 마음에 들어요",
        "SentimentWord": "3",
        "SentimentPolarity": "1"
      },
      {
        "Aspect": "디자인",
        "SentimentText": "디자인도 심플하고",
        "SentimentWord": "2",
        "SentimentPolarity": "1"
      },
      {
        "Aspect": "가격",
        "SentimentText": "가격도 착하고~",
        "SentimentWord": "2",
        "SentimentPolarity": "1"
      }
    ]
  },
  {
    "Index": "7114",
    "RawText": "디자인도 예쁘고 사이즈도 3인 가족쓰기 딱 좋아요. 코팅이 좋아서 정말 잘닦여요.",
    "Source": "SNS",
    "Domain": "가전",
    "MainCategory": "주방가전",
    "ProductName": "(TV_6만세일_직배송)테팔 델리시앙 그릴",
    "ReviewScore": "100",
    "Syllable": "45",
    "Word": "11",
    "RDate": "20190917",
    "GeneralPolarity": "1",
    "Aspects": [
      {
        "Aspect": "디자인",
        "SentimentText": "디자인도 예쁘고",
        "SentimentWord": "2",
        "SentimentPolarity": "1"
      },
      {
        "Aspect": "사이즈",
        "SentimentText": "사이즈도 3인 가족쓰기 딱 좋아요",
        "SentimentWord": "5",
        "SentimentPolarity": "1"
      },
      {
        "Aspect": "품질",
        "SentimentText": "코팅이 좋아서 정말 잘닦여요",
        "SentimentWord": "4",
        "SentimentPolarity": "1"
      }
    ]
  },
  {
    "Index": "7115",
    "RawText": "사이즈 좋고 기능도 좋네요 식탁에 올려놓고 사용해도 공간을 크게 차지 않해요",
    "Source": "SNS",
    "Domain": "가전",
    "MainCategory": "주방가전",
    "ProductName": "(TV_6만세일_직배송)테팔 델리시앙 그릴",
    "ReviewScore": "100",
    "Syllable": "42",
    "Word": "11",
    "RDate": "20190928",
    "GeneralPolarity": "1",
    "Aspects": [
      {
        "Aspect": "사이즈",
        "SentimentText": "사이즈 좋고",
        "SentimentWord": "2",
        "SentimentPolarity": "1"
      },
      {
        "Aspect": "기능",
        "SentimentText": "기능도 좋네요",
        "SentimentWord": "2",
        "SentimentPolarity": "1"
      },
      {
        "Aspect": "사이즈",
        "SentimentText": "식탁에 올려놓고 사용해도 공간을 크게 차지 않해요",
        "SentimentWord": "7",
        "SentimentPolarity": "1"
      }
    ]
  },
  {
    "Index": "7116",
    "RawText": "생각보다 크기가 매우 작아요 열전도는 그럭저럭 가격대비는 ...",
    "Source": "SNS",
    "Domain": "가전",
    "MainCategory": "주방가전",
    "ProductName": "(TV_6만세일_직배송)테팔 델리시앙 그릴",
    "ReviewScore": "100",
    "Syllable": "35",
    "Word": "8",
    "RDate": "20190914",
    "Aspects": [
      {
        "Aspect": "사이즈",
        "SentimentText": "생각보다 크기가 매우 작아요",
        "SentimentWord": "4",
        "SentimentPolarity": "-1"
      },
      {
        "Aspect": "기능",
        "SentimentText": "열전도는 그럭저럭",
        "SentimentWord": "2",
        "SentimentPolarity": "0"
      }
    ]
  },
  {
    "Index": "7117",
    "RawText": "예열시간이 조금 오래 걸리는게 단점입니다  연기도 많이 나지 않고 좋습니다",
    "Source": "SNS",
    "Domain": "가전",
    "MainCategory": "주방가전",
    "ProductName": "(TV_6만세일_직배송)테팔 델리시앙 그릴",
    "ReviewScore": "100",
    "Syllable": "41",
    "Word": "10",
    "RDate": "20190923",
    "GeneralPolarity": "0",
    "Aspects": [
      {
        "Aspect": "시간/속도",
        "SentimentText": "예열시간이 조금 오래 걸리는게 단점입니다 ",
        "SentimentWord": "5",
        "SentimentPolarity": "-1"
      },
      {
        "Aspect": "편의성",
        "SentimentText": "연기도 많이 나지 않고 좋습니다",
        "SentimentWord": "5",
        "SentimentPolarity": "1"
      }
    ]
  },
  {
    "Index": "7118",
    "RawText": "크기도 넉넉하고 디자인도 굿굿 아직 사용전인데 기대됩니다",
    "Source": "SNS",
    "Domain": "가전",
    "MainCategory": "주방가전",
    "ProductName": "(TV_6만세일_직배송)테팔 델리시앙 그릴",
    "ReviewScore": "100",
    "Syllable": "31",
    "Word": "7",
    "RDate": "20190916",
    "GeneralPolarity": "1",
    "Aspects": [
      {
        "Aspect": "사이즈",
        "SentimentText": "크기도 넉넉하고",
        "SentimentWord": "2",
        "SentimentPolarity": "1"
      },
      {
        "Aspect": "디자인",
        "SentimentText": "디자인도 굿굿",
        "SentimentWord": "2",
        "SentimentPolarity": "1"
      }
    ]
  },
  {
    "Index": "7119",
    "RawText": "OOO이라 믿고 구매했습니다~ 온가족 둘러 앉아 고기 구워먹기 편하고 전부치기도 딱 좋아요~ 가방까지 주셨으면 더 좋았을걸 쪼금 아쉽네요~ 보관가방 사은품으로 주는 줄 알고 주문했는데 다른 방송이었나봐요..",
    "Source": "SNS",
    "Domain": "가전",
    "MainCategory": "주방가전",
    "ProductName": "(TV_6만세일_직배송)테팔 델리시앙 그릴",
    "ReviewScore": "100",
    "Syllable": "115",
    "Word": "26",
    "RDate": "20190916",
    "GeneralPolarity": "1",
    "Aspects": [
      {
        "Aspect": "제조일/제조사",
        "SentimentText": "OOO이라 믿고 구매했습니다~ ",
        "SentimentWord": "3",
        "SentimentPolarity": "1"
      },
      {
        "Aspect": "편의성",
        "SentimentText": "온가족 둘러 앉아 고기 구워먹기 편하고 전부치기도 딱 좋아요~ ",
        "SentimentWord": "9",
        "SentimentPolarity": "1"
      },
      {
        "Aspect": "제품구성",
        "SentimentText": "가방까지 주셨으면 더 좋았을걸 쪼금 아쉽네요~ ",
        "SentimentWord": "6",
        "SentimentPolarity": "-1"
      }
    ]
  },
  {
    "Index": "7120",
    "RawText": "너무 너무 좋아요^^ 사은품도 주고 모엇이든 말리고 짱이예요 곶감 말리는데가 최고여요",
    "Source": "SNS",
    "Domain": "가전",
    "MainCategory": "주방가전",
    "ProductName": "(TV_사은품) 리큅 식품건조기 8단 (LD-918B)",
    "ReviewScore": "100",
    "Syllable": "47",
    "Word": "11",
    "RDate": "20171122",
    "Aspects": [
      {
        "Aspect": "제품구성",
        "SentimentText": "너무 너무 좋아요^^ 사은품도 주고",
        "SentimentWord": "5",
        "SentimentPolarity": "1"
      },
      {
        "Aspect": "기능",
        "SentimentText": "모엇이든 말리고 짱이예요 곶감 말리는데가 최고여요",
        "SentimentWord": "6",
        "SentimentPolarity": "1"
      }
    ]
  },
  {
    "Index": "7121",
    "RawText": "빠르고 정확한 배송 마음에 듭니다. 과일건조용으로  구매했는데 잘 작동하네요. 동봉된 요리책이랑 김장매트도 좋아요.",
    "Source": "SNS",
    "Domain": "가전",
    "MainCategory": "주방가전",
    "ProductName": "(TV_사은품) 리큅 식품건조기 8단 (LD-918B)",
    "ReviewScore": "100",
    "Syllable": "64",
    "Word": "13",
    "RDate": "20171119",
    "Aspects": [
      {
        "Aspect": "품질",
        "SentimentText": "과일건조용으로  구매했는데 잘 작동하네요",
        "SentimentWord": "4",
        "SentimentPolarity": "1"
      },
      {
        "Aspect": "제품구성",
        "SentimentText": "동봉된 요리책이랑 김장매트도 좋아요",
        "SentimentWord": "4",
        "SentimentPolarity": "1"
      }
    ]
  },
  {
    "Index": "7122",
    "RawText": "예전모덴이긴한데 품질은 좋으니까요. 배송도 안전하게  잘왔고 성능도 좋아요. 아이 간식담당이랍니다^^",
    "Source": "SNS",
    "Domain": "가전",
    "MainCategory": "주방가전",
    "ProductName": "(TV_사은품) 리큅 식품건조기 8단 (LD-918B)",
    "ReviewScore": "100",
    "Syllable": "56",
    "Word": "10",
    "RDate": "20171112",
    "Aspects": [
      {
        "Aspect": "제조일/제조사",
        "SentimentText": "예전모덴이긴한데 품질은 좋으니까요",
        "SentimentWord": "3",
        "SentimentPolarity": "1"
      },
      {
        "Aspect": "기능",
        "SentimentText": "성능도 좋아요",
        "SentimentWord": "2",
        "SentimentPolarity": "1"
      }
    ]
  },
  {
    "Index": "7123",
    "RawText": "제품에 가격까지..넘 좋아요~~ 사고나니 벌써부터 기대도 되고 생각보다 소리도 그리 크지않아 넘 좋아용^^",
    "Source": "SNS",
    "Domain": "가전",
    "MainCategory": "주방가전",
    "ProductName": "(TV_사은품) 리큅 식품건조기 8단 (LD-918B)",
    "ReviewScore": "100",
    "Syllable": "59",
    "Word": "13",
    "RDate": "20171228",
    "GeneralPolarity": "1",
    "Aspects": [
      {
        "Aspect": "품질",
        "SentimentText": "제품에 가격까지..넘 좋아요~",
        "SentimentWord": "3",
        "SentimentPolarity": "1"
      },
      {
        "Aspect": "소음",
        "SentimentText": "생각보다 소리도 그리 크지않아 넘 좋아용",
        "SentimentWord": "6",
        "SentimentPolarity": "1"
      }
    ]
  },
  {
    "Index": "7124",
    "RawText": "넘 싸게 잘사서 잘 쓰고 있어요 겨울에 유용하게 잘 쓰이네요",
    "Source": "SNS",
    "Domain": "가전",
    "MainCategory": "주방가전",
    "ProductName": "(TV_세일) 리큅 식품건조기 8단 (LD-918B)",
    "ReviewScore": "100",
    "Syllable": "33",
    "Word": "10",
    "RDate": "20180111",
    "GeneralPolarity": "1",
    "Aspects": [
      {
        "Aspect": "가격",
        "SentimentText": "넘 싸게 잘사서 잘 쓰고 있어요",
        "SentimentWord": "6",
        "SentimentPolarity": "1"
      },
      {
        "Aspect": "편의성",
        "SentimentText": "겨울에 유용하게 잘 쓰이네요",
        "SentimentWord": "4",
        "SentimentPolarity": "1"
      }
    ]
  },
  {
    "Index": "7125",
    "RawText": "사용하기편하고 세척도 쉬워서 잘사용하고 있어요 가격대비 넘 좋아요",
    "Source": "SNS",
    "Domain": "가전",
    "MainCategory": "주방가전",
    "ProductName": "(TV_직)베스트 하임 THE 건강한 에어프라이어",
    "ReviewScore": "100",
    "Syllable": "36",
    "Word": "8",
    "RDate": "20180729",
    "GeneralPolarity": "1",
    "Aspects": [
      {
        "Aspect": "편의성",
        "SentimentText": "사용하기편하고 세척도 쉬워서 잘사용하고 있어요",
        "SentimentWord": "5",
        "SentimentPolarity": "1"
      },
      {
        "Aspect": "가격",
        "SentimentText": "가격대비 넘 좋아요",
        "SentimentWord": "3",
        "SentimentPolarity": "1"
      }
    ]
  },
  {
    "Index": "7126",
    "RawText": "역시 광고보고 구매했는대 기름냄새 없고 좋아요 잘구매한것같아요~~ ",
    "Source": "SNS",
    "Domain": "가전",
    "MainCategory": "주방가전",
    "ProductName": "(TV_직)베스트 하임 THE 건강한 에어프라이어",
    "ReviewScore": "100",
    "Syllable": "37",
    "Word": "7",
    "RDate": "20180729",
    "GeneralPolarity": "1",
    "Aspects": [
      {
        "Aspect": "기능",
        "SentimentText": "역시 광고보고 구매했는대 기름냄새 없고 좋아요",
        "SentimentWord": "6",
        "SentimentPolarity": "1"
      },
      {
        "Aspect": "품질",
        "SentimentText": "잘구매한것같아요~",
        "SentimentWord": "1",
        "SentimentPolarity": "1"
      }
    ]
  },
  {
    "Index": "7127",
    "RawText": "요새 없는 집이 없다고 해서 가성비 좋은것으로 한개 장만했어요~ 간편하게 해먹을수 있어서 넘 좋아요",
    "Source": "SNS",
    "Domain": "가전",
    "MainCategory": "주방가전",
    "ProductName": "(TV_직)베스트 하임 THE 건강한 에어프라이어",
    "ReviewScore": "100",
    "Syllable": "55",
    "Word": "14",
    "RDate": "20181019",
    "GeneralPolarity": "1",
    "Aspects": [
      {
        "Aspect": "가격",
        "SentimentText": "요새 없는 집이 없다고 해서 가성비 좋은것으로 한개 장만했어요~",
        "SentimentWord": "9",
        "SentimentPolarity": "1"
      },
      {
        "Aspect": "편의성",
        "SentimentText": "간편하게 해먹을수 있어서 넘 좋아요",
        "SentimentWord": "5",
        "SentimentPolarity": "1"
      }
    ]
  }
]