[
  {
    "Index": "11482",
    "RawText": "남편이 고기없인 밥을 안먹는 사람이라 자주 고기굽는데  화력이 세서 좋네요. 식탁에 올려놓고  사용시 기름이 튀어 좀 불편하긴하네요",
    "Source": "SNS",
    "Domain": "가전",
    "MainCategory": "주방가전",
    "ProductName": "(방송에서만 추가구성)am ih 인덕션레인지 세트",
    "ReviewScore": "80",
    "Syllable": "73",
    "Word": "17",
    "RDate": "20210909",
    "GeneralPolarity": "0",
    "Aspects": [
      {
        "Aspect": "기능",
        "SentimentText": "자주 고기굽는데  화력이 세서 좋네요.",
        "SentimentWord": "5",
        "SentimentPolarity": "1"
      },
      {
        "Aspect": "편의성",
        "SentimentText": "식탁에 올려놓고  사용시 기름이 튀어 좀 불편하긴하네요",
        "SentimentWord": "7",
        "SentimentPolarity": "0"
      }
    ]
  },
  {
    "Index": "11483",
    "RawText": "친정 엄마가 홈쇼핑에서 이제품이 마음에 든다고 주문해달라고해서 주문했는데, 받아보시고는 사용하기 편하다고 완젼 마음에 들어 하시네요. ^^저렴하고 실용적인거 같아요.",
    "Source": "SNS",
    "Domain": "가전",
    "MainCategory": "주방가전",
    "ProductName": "(방송에서만 추가구성)am ih 인덕션레인지 세트",
    "ReviewScore": "100",
    "Syllable": "92",
    "Word": "18",
    "RDate": "20220105",
    "GeneralPolarity": "1",
    "Aspects": [
      {
        "Aspect": "조작성",
        "SentimentText": "사용하기 편하다고 완젼 마음에 들어 하시네요.^^",
        "SentimentWord": "6",
        "SentimentPolarity": "1"
      },
      {
        "Aspect": "가격",
        "SentimentText": "저렴하고 실용적인거 같아요.",
        "SentimentWord": "3",
        "SentimentPolarity": "1"
      }
    ]
  },
  {
    "Index": "11484",
    "RawText": "용량이 작아 식구가 이인이상인 가구에는 부적합  할듯  휀 돌아가는 소음이  거슬리네요. 상품자체는 디자인이 깜찍하구 식품조리 시간도 빠르고 배송은  그야말루 총알 입니다. ",
    "Source": "SNS",
    "Domain": "가전",
    "MainCategory": "주방가전",
    "ProductName": "(방송에서만 추가구성)am ih 인덕션레인지 세트",
    "ReviewScore": "60",
    "Syllable": "97",
    "Word": "21",
    "RDate": "20210425",
    "Aspects": [
      {
        "Aspect": "용량",
        "SentimentText": "용량이 작아 식구가 이인이상인 가구에는 부적합",
        "SentimentWord": "6",
        "SentimentPolarity": "-1"
      },
      {
        "Aspect": "소음",
        "SentimentText": "휀 돌아가는 소음이  거슬리네요.",
        "SentimentWord": "4",
        "SentimentPolarity": "-1"
      },
      {
        "Aspect": "디자인",
        "SentimentText": "상품자체는 디자인이 깜찍하구 ",
        "SentimentWord": "3",
        "SentimentPolarity": "1"
      },
      {
        "Aspect": "시간/속도",
        "SentimentText": "식품조리 시간도 빠르고",
        "SentimentWord": "3",
        "SentimentPolarity": "1"
      }
    ]
  },
  {
    "Index": "11485",
    "RawText": "아들한테 선물로 보내려고요 ^^  이사한곳에  인덕션 이 없어서  사려고  했었는데... 모든 용기가  사용 가능 하다해서 사용하기 좋아요.  외적으로도 눈에 들어와서  맘에  찜한 상품",
    "Source": "SNS",
    "Domain": "가전",
    "MainCategory": "주방가전",
    "ProductName": "독일 루센 2단 확장형 전기레인지 추천 하이라이트 인덕션 LU-201GN",
    "ReviewScore": "100",
    "Syllable": "104",
    "Word": "23",
    "RDate": "20200317",
    "GeneralPolarity": "1",
    "Aspects": [
      {
        "Aspect": "편의성",
        "SentimentText": "모든 용기가  사용 가능 하다해서 사용하기 좋아요. ",
        "SentimentWord": "7",
        "SentimentPolarity": "1"
      },
      {
        "Aspect": "디자인",
        "SentimentText": "외적으로도 눈에 들어와서  맘에  찜한 상품",
        "SentimentWord": "6",
        "SentimentPolarity": "1"
      }
    ]
  },
  {
    "Index": "11486",
    "RawText": "적립금으로 사서 저렴하게 구매해서 좋네요 고객평이 좋아서 샀는데. 정말 후회는 없네요 약간의 소리는 참을만해요 미끄러짐은 있지만  이가격에 이정도야 용서되요. 받자마자 물 끓여봤는데 빨리끓어서 만족해요 속터지지는 않을듯.",
    "Source": "SNS",
    "Domain": "가전",
    "MainCategory": "주방가전",
    "ProductName": "쿠첸 1구 IH 인덕션 전기렌지/전기레인지 CIR-F151",
    "ReviewScore": "100",
    "Syllable": "123",
    "Word": "26",
    "RDate": "20200904",
    "GeneralPolarity": "1",
    "Aspects": [
      {
        "Aspect": "가격",
        "SentimentText": "적립금으로 사서 저렴하게 구매해서 좋네요",
        "SentimentWord": "5",
        "SentimentPolarity": "1"
      },
      {
        "Aspect": "소음",
        "SentimentText": "약간의 소리는 참을만해요",
        "SentimentWord": "3",
        "SentimentPolarity": "1"
      },
      {
        "Aspect": "품질",
        "SentimentText": "미끄러짐은 있지만  이가격에 이정도야 용서되요.",
        "SentimentWord": "5",
        "SentimentPolarity": "1"
      },
      {
        "Aspect": "기능",
        "SentimentText": "받자마자 물 끓여봤는데 빨리끓어서 만족해요",
        "SentimentWord": "5",
        "SentimentPolarity": "1"
      }
    ]
  },
  {
    "Index": "11487",
    "RawText": "고등어구이 해봤는데 냄새가많이나네요~베렌다에서구웠는데 냄새가하루종일나 ~ 고구마나 구워먹어야겠네요 ",
    "Source": "SNS",
    "Domain": "가전",
    "MainCategory": "주방가전",
    "ProductName": "(TV) 에버홈 양면석쇠구이기",
    "ReviewScore": "40",
    "Syllable": "55",
    "Word": "7",
    "RDate": "20171229",
    "GeneralPolarity": "-1",
    "Aspects": [
      {
        "Aspect": "기능",
        "SentimentText": "고등어구이 해봤는데 냄새가많이나네요~",
        "SentimentWord": "3",
        "SentimentPolarity": "-1"
      },
      {
        "Aspect": "기능",
        "SentimentText": "베렌다에서구웠는데 냄새가하루종일나 ~ ",
        "SentimentWord": "3",
        "SentimentPolarity": "-1"
      }
    ]
  },
  {
    "Index": "11488",
    "RawText": "조금 신기한 제품인 거 는 같은데... 조리시간이 예상시간보다는 조금 더 걸리지만 기다릴만해요. 생선구이는 딱 맛있게 구워져서 만족",
    "Source": "SNS",
    "Domain": "가전",
    "MainCategory": "주방가전",
    "ProductName": "(TV) 에버홈 양면석쇠구이기",
    "ReviewScore": "100",
    "Syllable": "73",
    "Word": "17",
    "RDate": "20180115",
    "GeneralPolarity": "1",
    "Aspects": [
      {
        "Aspect": "시간/속도",
        "SentimentText": "조리시간이 예상시간보다는 조금 더 걸리지만 기다릴만해요. ",
        "SentimentWord": "6",
        "SentimentPolarity": "0"
      },
      {
        "Aspect": "기능",
        "SentimentText": "생선구이는 딱 맛있게 구워져서 만족",
        "SentimentWord": "5",
        "SentimentPolarity": "1"
      }
    ]
  },
  {
    "Index": "11489",
    "RawText": "엄마 사드렸는데 이것저것 편리하게 해먹을수 있다면서 좋아하시네요... 방송에서 처럼 다양하게 활용도 높게 잘 사용 할수 있음 좋겠어요 가격대비 만족해요.",
    "Source": "SNS",
    "Domain": "가전",
    "MainCategory": "주방가전",
    "ProductName": "(TV) 에버홈 양면석쇠구이기",
    "ReviewScore": "100",
    "Syllable": "85",
    "Word": "19",
    "RDate": "20180106",
    "GeneralPolarity": "1",
    "Aspects": [
      {
        "Aspect": "편의성",
        "SentimentText": " 편리하게 해먹을수 있다면서 좋아하시네요... ",
        "SentimentWord": "4",
        "SentimentPolarity": "1"
      },
      {
        "Aspect": "가격",
        "SentimentText": "가격대비 만족해요.",
        "SentimentWord": "2",
        "SentimentPolarity": "1"
      }
    ]
  },
  {
    "Index": "11490",
    "RawText": "고구마 구어먹으려고 구입햇어요 ~~ 저렴하고 잘 구어지고넘넘 좋네요 ~~  잘구어지니 많이먹어서 전기세 걱정될정도예요 ㅎ",
    "Source": "SNS",
    "Domain": "가전",
    "MainCategory": "주방가전",
    "ProductName": "(TV) 에버홈 양면석쇠구이기",
    "ReviewScore": "100",
    "Syllable": "67",
    "Word": "14",
    "RDate": "20171212",
    "GeneralPolarity": "1",
    "Aspects": [
      {
        "Aspect": "가격",
        "SentimentText": "저렴하고 잘 구어지고넘넘 좋네요 ~~",
        "SentimentWord": "5",
        "SentimentPolarity": "1"
      },
      {
        "Aspect": "기능",
        "SentimentText": "잘 구어지고넘넘 좋네요 ~~",
        "SentimentWord": "4",
        "SentimentPolarity": "1"
      }
    ]
  },
  {
    "Index": "11491",
    "RawText": "이렇게 좋은걸 왜 이제서야 구먜를 했는지 너무너무 후회가 되네요 고구마 고등어 가래떡 인절미등등 정말 맛있게 잘구워져요 가격대비 짱입니다^^",
    "Source": "SNS",
    "Domain": "가전",
    "MainCategory": "주방가전",
    "ProductName": "(TV) 에버홈 양면석쇠구이기",
    "ReviewScore": "100",
    "Syllable": "78",
    "Word": "18",
    "RDate": "20180107",
    "GeneralPolarity": "1",
    "Aspects": [
      {
        "Aspect": "기능",
        "SentimentText": "고구마 고등어 가래떡 인절미등등 정말 맛있게 잘구워져요",
        "SentimentWord": "7",
        "SentimentPolarity": "1"
      },
      {
        "Aspect": "가격",
        "SentimentText": "가격대비 짱입니다^^",
        "SentimentWord": "2",
        "SentimentPolarity": "1"
      }
    ]
  },
  {
    "Index": "11492",
    "RawText": "친정엄마가 이런거 필요하다고 말씀하셨던 찰나.. 방송을 봐서 주문해드렸어요!ㅎ 생선 빨리 구워져서 좋다고 하세요~ 편하시다고 좋아하세요~",
    "Source": "SNS",
    "Domain": "가전",
    "MainCategory": "주방가전",
    "ProductName": "(TV) 에버홈 양면석쇠구이기",
    "ReviewScore": "100",
    "Syllable": "76",
    "Word": "15",
    "RDate": "20171129",
    "Aspects": [
      {
        "Aspect": "기능",
        "SentimentText": "생선 빨리 구워져서 좋다고 하세요~",
        "SentimentWord": "5",
        "SentimentPolarity": "1"
      },
      {
        "Aspect": "편의성",
        "SentimentText": "편하시다고  좋아하세요~",
        "SentimentWord": "2",
        "SentimentPolarity": "1"
      }
    ]
  },
  {
    "Index": "11493",
    "RawText": "이렇게 좋은 제품을 왜 이제사 구매를 한건지  제꺼 하나사서 사용해보니 기능이 너무너무 좋아 시어머니 친정어머니 두분께도 선물했네요 너무 좋아하시네요 강추합니다^^ 가성비 완전 좋아요",
    "Source": "SNS",
    "Domain": "가전",
    "MainCategory": "주방가전",
    "ProductName": "(TV) 에버홈 양면석쇠구이기",
    "ReviewScore": "100",
    "Syllable": "102",
    "Word": "23",
    "RDate": "20180107",
    "GeneralPolarity": "1",
    "Aspects": [
      {
        "Aspect": "기능",
        "SentimentText": "사용해보니 기능이 너무너무 좋아 시어머니 친정어머니 두분께도 선물했네요 ",
        "SentimentWord": "8",
        "SentimentPolarity": "1"
      },
      {
        "Aspect": "가격",
        "SentimentText": "가성비 완전 좋아요",
        "SentimentWord": "3",
        "SentimentPolarity": "1"
      }
    ]
  },
  {
    "Index": "11494",
    "RawText": "전에 썼었는데 오래되서 버리고 한둉안 후라이팬에 구워먹었는데 사방군데 기름튀고 그래서 좋아하는생선을 안먹게 되더라구요 그래서 재구매했는데 잘쓸꺼 같아요~^^ 디자인도 가격도 모두 마음에 들어요~",
    "Source": "SNS",
    "Domain": "가전",
    "MainCategory": "주방가전",
    "ProductName": "(TV) 에버홈 양면석쇠구이기",
    "ReviewScore": "100",
    "Syllable": "108",
    "Word": "22",
    "RDate": "20171106",
    "GeneralPolarity": "1",
    "Aspects": [
      {
        "Aspect": "디자인",
        "SentimentText": "디자인도 가격도 모두 마음에 들어요~",
        "SentimentWord": "5",
        "SentimentPolarity": "1"
      },
      {
        "Aspect": "가격",
        "SentimentText": "가격도 모두 마음에 들어요~",
        "SentimentWord": "4",
        "SentimentPolarity": "1"
      }
    ]
  },
  {
    "Index": "11495",
    "RawText": "오늘 제품을 받고 저녁메뉴로 고등어구이를 했는데 냄새가 그리 심하지는 않지만 냄새가 나서 좀 아쉽네요..밀폐된 공간에서 사용하지않고 베란다에서 사용하면 좋을것 같아요... 사용하기에는 편리해요~ ",
    "Source": "SNS",
    "Domain": "가전",
    "MainCategory": "주방가전",
    "ProductName": "(TV) 에버홈 양면석쇠구이기",
    "ReviewScore": "80",
    "Syllable": "109",
    "Word": "22",
    "RDate": "20190110",
    "GeneralPolarity": "0",
    "Aspects": [
      {
        "Aspect": "기능",
        "SentimentText": "냄새가 그리 심하지는 않지만 냄새가 나서 좀 아쉽네요..",
        "SentimentWord": "8",
        "SentimentPolarity": "0"
      },
      {
        "Aspect": "편의성",
        "SentimentText": "사용하기에는 편리해요~",
        "SentimentWord": "2",
        "SentimentPolarity": "1"
      }
    ]
  },
  {
    "Index": "11496",
    "RawText": "엄마가 방송보시고 사고싶어하셔서 샀는데 닭두 구워보구 고구마도 하보고하니 폭신하니 잘되서 좋아요. 아직 돼지고기는 못해봤는데 곧 해봐야죠. 닭은 오일을 겉에 한번 바르는게 좋아요 가격대비 만족해요",
    "Source": "SNS",
    "Domain": "가전",
    "MainCategory": "주방가전",
    "ProductName": "(TV) 에버홈 양면석쇠구이기",
    "ReviewScore": "100",
    "Syllable": "109",
    "Word": "24",
    "RDate": "20180107",
    "GeneralPolarity": "1",
    "Aspects": [
      {
        "Aspect": "기능",
        "SentimentText": "닭두 구워보구 고구마도 하보고하니 폭신하니 잘되서 좋아요.",
        "SentimentWord": "7",
        "SentimentPolarity": "1"
      },
      {
        "Aspect": "가격",
        "SentimentText": "가격대비 만족해요",
        "SentimentWord": "2",
        "SentimentPolarity": "1"
      }
    ]
  },
  {
    "Index": "11497",
    "RawText": "성능도 가격도 완전 좋아! 딱! 좋아! 아주좋아!!! 굿",
    "Source": "SNS",
    "Domain": "가전",
    "MainCategory": "주방가전",
    "ProductName": "(TV) 에버홈 양면석쇠구이기",
    "ReviewScore": "100",
    "Syllable": "31",
    "Word": "8",
    "RDate": "20180107",
    "GeneralPolarity": "1",
    "Aspects": [
      {
        "Aspect": "기능",
        "SentimentText": "성능도 가격도 완전 좋아! 딱! 좋아! 아주좋아!!! 굿",
        "SentimentWord": "8",
        "SentimentPolarity": "1"
      },
      {
        "Aspect": "가격",
        "SentimentText": "가격도 완전 좋아! 딱! 좋아! 아주좋아!!! 굿",
        "SentimentWord": "7",
        "SentimentPolarity": "1"
      }
    ]
  },
  {
    "Index": "11498",
    "RawText": "물받이가 중간에 홈이 나서 불편합니다.처음에 그냥 홈이 난거 생각하지 않고 있다가 쏟아져서 당황 했고. 불판이 좀 빠지는 현상 있어 안좋아요. 서너번 사용 했는데 생선구이용 으로는 좋네요",
    "Source": "SNS",
    "Domain": "가전",
    "MainCategory": "주방가전",
    "ProductName": "(TV) 에버홈 양면석쇠구이기",
    "ReviewScore": "80",
    "Syllable": "104",
    "Word": "26",
    "RDate": "20171006",
    "Aspects": [
      {
        "Aspect": "편의성",
        "SentimentText": "물받이가 중간에 홈이 나서 불편합니다.",
        "SentimentWord": "5",
        "SentimentPolarity": "-1"
      },
      {
        "Aspect": "품질",
        "SentimentText": "불판이 좀 빠지는 현상 있어 안좋아요.",
        "SentimentWord": "6",
        "SentimentPolarity": "-1"
      }
    ]
  },
  {
    "Index": "11499",
    "RawText": "열많이나서 불안해요. 그런데 주의해야 되겟어요 아이들 잇는집이나 노인내들 조심해야되요 뜨거우니까 절대 만저서는 위험 합니다 손잡이에 절대 만지면 위험하겟어요 물건은 튼튼하고 아담해서 좋네요.",
    "Source": "SNS",
    "Domain": "가전",
    "MainCategory": "주방가전",
    "ProductName": "(TV) 에버홈 양면석쇠구이기",
    "ReviewScore": "100",
    "Syllable": "106",
    "Word": "22",
    "RDate": "20180209",
    "GeneralPolarity": "0",
    "Aspects": [
      {
        "Aspect": "내구성",
        "SentimentText": "열많이나서 불안해요. ",
        "SentimentWord": "2",
        "SentimentPolarity": "-1"
      },
      {
        "Aspect": "품질",
        "SentimentText": "물건은 튼튼하고 아담해서 좋네요.",
        "SentimentWord": "4",
        "SentimentPolarity": "1"
      },
      {
        "Aspect": "사이즈",
        "SentimentText": "아담해서 좋네요.",
        "SentimentWord": "2",
        "SentimentPolarity": "1"
      }
    ]
  },
  {
    "Index": "11500",
    "RawText": "튀김류 좋아하는 애들에게 기름없이 해줄수있어  마음이 좋아요  아이가 있는집엔 잘 튀겨져서 더더욱 추천합니다^^~",
    "Source": "SNS",
    "Domain": "가전",
    "MainCategory": "주방가전",
    "ProductName": "(TV) 톰슨 에어프라이어 3.5L ESR-A3501W/R/B/D",
    "ReviewScore": "100",
    "Syllable": "63",
    "Word": "13",
    "RDate": "20190129",
    "GeneralPolarity": "1",
    "Aspects": [
      {
        "Aspect": "편의성",
        "SentimentText": "튀김류 좋아하는 애들에게 기름없이 해줄수있어 마음이 좋아요",
        "SentimentWord": "7",
        "SentimentPolarity": "1"
      },
      {
        "Aspect": "기능",
        "SentimentText": "아이가 있는집엔 잘 튀겨져서 더더욱 추천합니다^^~",
        "SentimentWord": "6",
        "SentimentPolarity": "1"
      }
    ]
  },
  {
    "Index": "11501",
    "RawText": "배송 받으날 생선(갈치)구이  200 도에서 15분 구웠더니 넘 맛있게구워졌어요~잘 산거같에서 흡족하네요 사용하기도 편리해서 좋아요",
    "Source": "SNS",
    "Domain": "가전",
    "MainCategory": "주방가전",
    "ProductName": "(TV) 톰슨 에어프라이어 3.5L ESR-A3501W/R/B/D",
    "ReviewScore": "100",
    "Syllable": "73",
    "Word": "14",
    "RDate": "20190104",
    "GeneralPolarity": "1",
    "Aspects": [
      {
        "Aspect": "기능",
        "SentimentText": "넘 맛있게구워졌어요~잘 산거같에서 흡족하네요",
        "SentimentWord": "4",
        "SentimentPolarity": "1"
      },
      {
        "Aspect": "편의성",
        "SentimentText": "사용하기도 편리해서 좋아요",
        "SentimentWord": "3",
        "SentimentPolarity": "1"
      }
    ]
  },
  {
    "Index": "11502",
    "RawText": "ㅋㅋ싸게 잘샀어요  생각보다많이커서 자리 많이 차지해요 그것빼곤좋아요 사용간편하고 자주쓸수있을듯",
    "Source": "SNS",
    "Domain": "가전",
    "MainCategory": "주방가전",
    "ProductName": "(TV) 톰슨 에어프라이어 3.5L ESR-A3501W/R/B/D",
    "ReviewScore": "100",
    "Syllable": "53",
    "Word": "9",
    "RDate": "20190116",
    "GeneralPolarity": "1",
    "Aspects": [
      {
        "Aspect": "가격",
        "SentimentText": "ㅋㅋ싸게 잘샀어요",
        "SentimentWord": "2",
        "SentimentPolarity": "1"
      },
      {
        "Aspect": "사이즈",
        "SentimentText": "생각보다많이커서 자리 많이 차지해요",
        "SentimentWord": "4",
        "SentimentPolarity": "-1"
      },
      {
        "Aspect": "편의성",
        "SentimentText": "사용간편하고 자주쓸수있을듯",
        "SentimentWord": "2",
        "SentimentPolarity": "1"
      }
    ]
  },
  {
    "Index": "11503",
    "RawText": "엄청 좋으네요 또다른 신세계네요~ 맛있게 구워져서 만족스럽네요 착한가격억~!!추가주문또해서 언니들도 사줬네요~!!",
    "Source": "SNS",
    "Domain": "가전",
    "MainCategory": "주방가전",
    "ProductName": "(TV) 톰슨 에어프라이어 3.5L ESR-A3501W/R/B/D",
    "ReviewScore": "100",
    "Syllable": "63",
    "Word": "10",
    "RDate": "20190118",
    "GeneralPolarity": "1",
    "Aspects": [
      {
        "Aspect": "기능",
        "SentimentText": "맛있게 구워져서 만족스럽네요",
        "SentimentWord": "3",
        "SentimentPolarity": "1"
      },
      {
        "Aspect": "가격",
        "SentimentText": "착한가격억~!!",
        "SentimentWord": "1",
        "SentimentPolarity": "1"
      }
    ]
  },
  {
    "Index": "11504",
    "RawText": "성능이 기대 이상입니다. 너무 바삭거리는 삼겹살 빼고는  감자 고구마 군만두 너겟 소세지 등 만능이네요.. 가성비 짱입니다.",
    "Source": "SNS",
    "Domain": "가전",
    "MainCategory": "주방가전",
    "ProductName": "(TV) 톰슨 에어프라이어 3.5L ESR-A3501W/R/B/D",
    "ReviewScore": "100",
    "Syllable": "69",
    "Word": "16",
    "RDate": "20190116",
    "Aspects": [
      {
        "Aspect": "기능",
        "SentimentText": "성능이 기대 이상입니다.",
        "SentimentWord": "3",
        "SentimentPolarity": "1"
      },
      {
        "Aspect": "가격",
        "SentimentText": "가성비 짱입니다.",
        "SentimentWord": "2",
        "SentimentPolarity": "1"
      },
      {
        "Aspect": "편의성",
        "SentimentText": "감자 고구마 군만두 너겟 소세지 등 만능이네요..",
        "SentimentWord": "7",
        "SentimentPolarity": "1"
      }
    ]
  },
  {
    "Index": "11505",
    "RawText": "너무너무 좋은 기능이 많아 만족합니다 오히려 요리시간이 단축되어 좋습니다 조리시 냄새도 덜하고 아주 좋습니다~             ",
    "Source": "SNS",
    "Domain": "가전",
    "MainCategory": "주방가전",
    "ProductName": "(TV) 톰슨 에어프라이어 3.5L ESR-A3501W/R/B/D",
    "ReviewScore": "100",
    "Syllable": "74",
    "Word": "14",
    "RDate": "20181126",
    "GeneralPolarity": "1",
    "Aspects": [
      {
        "Aspect": "기능",
        "SentimentText": "너무너무 좋은 기능이 많아 만족합니다",
        "SentimentWord": "5",
        "SentimentPolarity": "1"
      },
      {
        "Aspect": "시간/속도",
        "SentimentText": "오히려 요리시간이 단축되어 좋습니다",
        "SentimentWord": "4",
        "SentimentPolarity": "1"
      },
      {
        "Aspect": "기능",
        "SentimentText": "조리시 냄새도 덜하고 아주 좋습니다~",
        "SentimentWord": "5",
        "SentimentPolarity": "1"
      }
    ]
  },
  {
    "Index": "11506",
    "RawText": "아직 써보진 않았는데 크기가 생각보다 너무 커서 아쉬워여 처음 보고 깜짝 놀랐네요. 밥통 크기만 하네요. 디자인은 마음에 들어여 잘 사용했으면 좋겠네요,",
    "Source": "SNS",
    "Domain": "가전",
    "MainCategory": "주방가전",
    "ProductName": "(TV) 톰슨 에어프라이어 3.5L ESR-A3501W/R/B/D",
    "ReviewScore": "80",
    "Syllable": "85",
    "Word": "21",
    "RDate": "20190124",
    "GeneralPolarity": "0",
    "Aspects": [
      {
        "Aspect": "사이즈",
        "SentimentText": "크기가 생각보다 너무 커서 아쉬워여",
        "SentimentWord": "5",
        "SentimentPolarity": "-1"
      },
      {
        "Aspect": "디자인",
        "SentimentText": "디자인은 마음에 들어여",
        "SentimentWord": "3",
        "SentimentPolarity": "1"
      }
    ]
  },
  {
    "Index": "11507",
    "RawText": "여기가 제일 저렴하더라구요. 색상 고급스러워 마음에 들어요 ㅎㅎ 벌써 감자튀김. 삼겹살. 군밤. 군고구마. 너무 맛있게 먹었습니다.",
    "Source": "SNS",
    "Domain": "가전",
    "MainCategory": "주방가전",
    "ProductName": "(TV) 톰슨 에어프라이어 3.5L ESR-A3501W/R/B/D",
    "ReviewScore": "100",
    "Syllable": "73",
    "Word": "16",
    "RDate": "20190123",
    "GeneralPolarity": "1",
    "Aspects": [
      {
        "Aspect": "가격",
        "SentimentText": "여기가 제일 저렴하더라구요.",
        "SentimentWord": "3",
        "SentimentPolarity": "1"
      },
      {
        "Aspect": "색상",
        "SentimentText": "색상 고급스러워 마음에 들어요 ㅎㅎ",
        "SentimentWord": "5",
        "SentimentPolarity": "1"
      }
    ]
  },
  {
    "Index": "11508",
    "RawText": "원하는 색상으로 빠르게 배송 잘 받았습니다. 배송받고 바로 사용해보니 작동도 쉽고 요리가 잘되네요. 만족스런 구매입니다.",
    "Source": "SNS",
    "Domain": "가전",
    "MainCategory": "주방가전",
    "ProductName": "(TV) 톰슨 에어프라이어 3.5L ESR-A3501W/R/B/D",
    "ReviewScore": "100",
    "Syllable": "67",
    "Word": "15",
    "RDate": "20190205",
    "Aspects": [
      {
        "Aspect": "색상",
        "SentimentText": "원하는 색상으로 빠르게 배송 잘 받았습니다.",
        "SentimentWord": "6",
        "SentimentPolarity": "1"
      },
      {
        "Aspect": "편의성",
        "SentimentText": "작동도 쉽고 요리가 잘되네요. 만족스런 구매입니다.",
        "SentimentWord": "6",
        "SentimentPolarity": "1"
      }
    ]
  },
  {
    "Index": "11509",
    "RawText": "친구 집들이 선물로 구했는데 좋다고해서 저도 구매했습니다.한달 정도 사용후 후기 남깁니다.컬러 예뻐요. 디자인 좋습니다. 가성비 모두 만족합니다.",
    "Source": "SNS",
    "Domain": "가전",
    "MainCategory": "주방가전",
    "ProductName": "(TV) 톰슨 에어프라이어 3.5L ESR-A3501W/R/B/D",
    "ReviewScore": "100",
    "Syllable": "81",
    "Word": "17",
    "RDate": "20190322",
    "GeneralPolarity": "1",
    "Aspects": [
      {
        "Aspect": "색상",
        "SentimentText": "컬러 예뻐요.",
        "SentimentWord": "2",
        "SentimentPolarity": "1"
      },
      {
        "Aspect": "디자인",
        "SentimentText": "디자인 좋습니다.",
        "SentimentWord": "2",
        "SentimentPolarity": "1"
      },
      {
        "Aspect": "가격",
        "SentimentText": "가성비 모두 만족합니다.",
        "SentimentWord": "3",
        "SentimentPolarity": "1"
      }
    ]
  },
  {
    "Index": "11510",
    "RawText": "감튀. 새우튀. 굴튀. 고구마 요리 해본 결과 아직까지 진짜 좋네요 진작 살걸그랬네요 웬만한 아이들간식은 기능이 다양하고 좋아서 만족할정도로 잘 요리되네요. 디자인도 이뻐서 기분좋게 사용해요~",
    "Source": "SNS",
    "Domain": "가전",
    "MainCategory": "주방가전",
    "ProductName": "(TV) 톰슨 에어프라이어 3.5L ESR-A3501W/R/B/D",
    "ReviewScore": "100",
    "Syllable": "107",
    "Word": "24",
    "RDate": "20190110",
    "GeneralPolarity": "1",
    "Aspects": [
      {
        "Aspect": "기능",
        "SentimentText": "기능이 다양하고 좋아서 만족할정도로 잘 요리되네요",
        "SentimentWord": "6",
        "SentimentPolarity": "1"
      },
      {
        "Aspect": "디자인",
        "SentimentText": "디자인도 이뻐서 기분좋게 사용해요~",
        "SentimentWord": "4",
        "SentimentPolarity": "1"
      }
    ]
  },
  {
    "Index": "11511",
    "RawText": "원하던 색상으로 구매해서 마음에 들어요. 통삼겹살구이로 시험해봤는데 예상대로 잘요리돼서 맛있게 먹었습니다. 배송도 빠르고 만족합니다.",
    "Source": "SNS",
    "Domain": "가전",
    "MainCategory": "주방가전",
    "ProductName": "(TV) 톰슨 에어프라이어 3.5L ESR-A3501W/R/B/D",
    "ReviewScore": "100",
    "Syllable": "74",
    "Word": "14",
    "RDate": "20190104",
    "Aspects": [
      {
        "Aspect": "색상",
        "SentimentText": "원하던 색상으로 구매해서 마음에 들어요.",
        "SentimentWord": "5",
        "SentimentPolarity": "1"
      },
      {
        "Aspect": "기능",
        "SentimentText": "통삼겹살구이로 시험해봤는데 예상대로 잘요리돼서 맛있게 먹었습니다. ",
        "SentimentWord": "6",
        "SentimentPolarity": "1"
      }
    ]
  },
  {
    "Index": "11512",
    "RawText": "겉으로 보기엔 색상은 예쁜데 내부를 열어보니 내부 바스켓이 여기저기 찍혀서 기분나쁘네요 다 뜯은걸 교환하는게 너무 번거로워서 그냥 사용합니다ㅜ  ",
    "Source": "SNS",
    "Domain": "가전",
    "MainCategory": "주방가전",
    "ProductName": "(TV) 톰슨 에어프라이어 3.5L ESR-A3501W/R/B/D",
    "ReviewScore": "40",
    "Syllable": "81",
    "Word": "18",
    "RDate": "20190128",
    "Aspects": [
      {
        "Aspect": "색상",
        "SentimentText": "겉으로 보기엔 색상은 예쁜데",
        "SentimentWord": "4",
        "SentimentPolarity": "1"
      },
      {
        "Aspect": "품질",
        "SentimentText": "내부를 열어보니 내부 바스켓이 여기저기 찍혀서 기분나쁘네요",
        "SentimentWord": "7",
        "SentimentPolarity": "-1"
      }
    ]
  },
  {
    "Index": "11513",
    "RawText": "오븐기능이라 찜요리, 국물요리 보다  구이용이네요 남은 음식 뎁혀먹는 정도..  돈가스는 직접 기름 두루고 튀겨 드세요~^^ 참조하세요. 여러가지 기능이 되어 너무 마음에 들어요. 사용법도 간단해서 편리하게 사용가능해 좋아요.  ",
    "Source": "SNS",
    "Domain": "가전",
    "MainCategory": "주방가전",
    "ProductName": "(TV) 톰슨 에어프라이어 3.5L ESR-A3501W/R/B/D",
    "ReviewScore": "80",
    "Syllable": "128",
    "Word": "27",
    "RDate": "20190105",
    "GeneralPolarity": "1",
    "Aspects": [
      {
        "Aspect": "기능",
        "SentimentText": "여러가지 기능이 되어 너무 마음에 들어요.",
        "SentimentWord": "6",
        "SentimentPolarity": "1"
      },
      {
        "Aspect": "편의성",
        "SentimentText": "사용법도 간단해서 편리하게 사용가능해 좋아요.",
        "SentimentWord": "5",
        "SentimentPolarity": "1"
      }
    ]
  },
  {
    "Index": "11514",
    "RawText": "구매후 고기구워먹으니 냄새도 연기도 안나고 좋네요 한번에 많은양은 안되고 1-2인분정도는 딱 좋게 익힐수있네요 다른것도 요리해봐야겠습니다",
    "Source": "SNS",
    "Domain": "가전",
    "MainCategory": "주방가전",
    "ProductName": "(TV) 톰슨 에어프라이어 3.5L ESR-A3501W/R/B/D",
    "ReviewScore": "80",
    "Syllable": "76",
    "Word": "15",
    "RDate": "20190325",
    "GeneralPolarity": "1",
    "Aspects": [
      {
        "Aspect": "기능",
        "SentimentText": "냄새도 연기도 안나고 좋네요",
        "SentimentWord": "4",
        "SentimentPolarity": "1"
      },
      {
        "Aspect": "용량",
        "SentimentText": "한번에 많은양은 안되고 1-2인분정도는 딱 좋게 익힐수있네요",
        "SentimentWord": "7",
        "SentimentPolarity": "1"
      }
    ]
  },
  {
    "Index": "11515",
    "RawText": "혼자 자취하는 딸에게 선물했네요 편해서 어찌나 좋아하는지 슈퍼에서 삼겹살을 사와 구워보더니 잘 된다고 좋아하더라구요^^ 에어프라이기 덕분에 식비가 많이 들어갈듯",
    "Source": "SNS",
    "Domain": "가전",
    "MainCategory": "주방가전",
    "ProductName": "(TV) 톰슨 에어프라이어 3.5L ESR-A3501W/R/B/D",
    "ReviewScore": "100",
    "Syllable": "89",
    "Word": "19",
    "RDate": "20181206",
    "Aspects": [
      {
        "Aspect": "편의성",
        "SentimentText": "편해서 어찌나 좋아하는지",
        "SentimentWord": "3",
        "SentimentPolarity": "1"
      },
      {
        "Aspect": "기능",
        "SentimentText": "슈퍼에서 삼겹살을 사와 구워보더니 잘 된다고 좋아하더라구요^^",
        "SentimentWord": "7",
        "SentimentPolarity": "1"
      }
    ]
  },
  {
    "Index": "11516",
    "RawText": "배송은 목요일구매해서 월요일받았구요 상품은 디자인이 마음에 든다하네요 삼겹살 구워먹는데 온도 조절하는게 어렵네요 ",
    "Source": "SNS",
    "Domain": "가전",
    "MainCategory": "주방가전",
    "ProductName": "(TV) 톰슨 에어프라이어 3.5L ESR-A3501W/R/B/D",
    "ReviewScore": "100",
    "Syllable": "63",
    "Word": "12",
    "RDate": "20190129",
    "Aspects": [
      {
        "Aspect": "디자인",
        "SentimentText": "상품은 디자인이 마음에 든다하네요",
        "SentimentWord": "4",
        "SentimentPolarity": "1"
      },
      {
        "Aspect": "조작성",
        "SentimentText": "삼겹살 구워먹는데 온도 조절하는게 어렵네요",
        "SentimentWord": "5",
        "SentimentPolarity": "-1"
      }
    ]
  },
  {
    "Index": "11517",
    "RawText": "잘 확인하고 보내주시지 자잘한 스크레치가 너무 많아요. 특히 손잡이부분은 심하게 스크레치가... 반품하기 귀찮아서 그냥 쓰긴 할건데 기분은 별로네요ㅠㅠ",
    "Source": "SNS",
    "Domain": "가전",
    "MainCategory": "주방가전",
    "ProductName": "(TV) 톰슨 에어프라이어 3.5L ESR-A3501W/R/B/D",
    "ReviewScore": "20",
    "Syllable": "84",
    "Word": "18",
    "RDate": "20181120",
    "GeneralPolarity": "-1",
    "Aspects": [
      {
        "Aspect": "품질",
        "SentimentText": "자잘한 스크레치가 너무 많아요.",
        "SentimentWord": "4",
        "SentimentPolarity": "-1"
      },
      {
        "Aspect": "품질",
        "SentimentText": "손잡이부분은 심하게 스크레치가...",
        "SentimentWord": "3",
        "SentimentPolarity": "-1"
      }
    ]
  },
  {
    "Index": "11518",
    "RawText": "기능 좋아요.근데 음식이 넘 조금들어가구 홈쇼핑에서 방송할때처럼은 ㅠㅠ 안되서용. ㅋ^^                               ",
    "Source": "SNS",
    "Domain": "가전",
    "MainCategory": "주방가전",
    "ProductName": "(TV) 톰슨 에어프라이어 3.5L ESR-A3501W/R/B/D",
    "ReviewScore": "100",
    "Syllable": "80",
    "Word": "10",
    "RDate": "20190217",
    "GeneralPolarity": "0",
    "Aspects": [
      {
        "Aspect": "기능",
        "SentimentText": "기능 좋아요.",
        "SentimentWord": "2",
        "SentimentPolarity": "1"
      },
      {
        "Aspect": "용량",
        "SentimentText": "음식이 넘 조금들어가구 홈쇼핑에서 방송할때처럼은 ㅠㅠ 안되서용.",
        "SentimentWord": "7",
        "SentimentPolarity": "-1"
      }
    ]
  },
  {
    "Index": "11519",
    "RawText": "우선 배송도 빠르고 굿 색상이 너무 이뻐서 맘에 들었습니다 이때까지 감자,고구마,밤,통닭,만두 등등 여러가지 해봤는데 다 성공적으로 됐어요 앞으로도 잘 사용할것같아요",
    "Source": "SNS",
    "Domain": "가전",
    "MainCategory": "주방가전",
    "ProductName": "(TV) 톰슨 에어프라이어 3.5L ESR-A3501W/R/B/D",
    "ReviewScore": "100",
    "Syllable": "92",
    "Word": "20",
    "RDate": "20190220",
    "Aspects": [
      {
        "Aspect": "색상",
        "SentimentText": "색상이 너무 이뻐서 맘에 들었습니다",
        "SentimentWord": "5",
        "SentimentPolarity": "1"
      },
      {
        "Aspect": "기능",
        "SentimentText": "감자,고구마,밤,통닭,만두 등등 여러가지 해봤는데 다 성공적으로 됐어요",
        "SentimentWord": "7",
        "SentimentPolarity": "1"
      }
    ]
  },
  {
    "Index": "11520",
    "RawText": "넘 잘샀어요 냉동식품류 데워먹기짱이고 고등어를 구웠는데 냄새도 덜나고 기름튀길일도 없고 기름없이 구웠는데 살는 부드럽고 껍질부분은 바삭하고 정말 좋은제품이예요    ",
    "Source": "SNS",
    "Domain": "가전",
    "MainCategory": "주방가전",
    "ProductName": "(TV) 톰슨 에어프라이어 3.5L ESR-A3501W/R/B/D",
    "ReviewScore": "100",
    "Syllable": "92",
    "Word": "18",
    "RDate": "20190121",
    "GeneralPolarity": "1",
    "Aspects": [
      {
        "Aspect": "기능",
        "SentimentText": "냉동식품류 데워먹기짱이고",
        "SentimentWord": "2",
        "SentimentPolarity": "1"
      },
      {
        "Aspect": "기능",
        "SentimentText": "고등어를 구웠는데 냄새도 덜나고 기름튀길일도 없고 기름없이 구웠는데 살는 부드럽고 껍질부분은 바삭하고 정말 좋은제품이예요",
        "SentimentWord": "14",
        "SentimentPolarity": "1"
      }
    ]
  },
  {
    "Index": "11521",
    "RawText": "동생네서 타제품 큰사이즈봤는데 너무크더라구요.. 4가족 울집은 딱 적당한 사이즈 색감도 너무예뻐서 어디딘 잘어울림 성능은 타제품들이랑 비슷한듯 모두 만족합니다",
    "Source": "SNS",
    "Domain": "가전",
    "MainCategory": "주방가전",
    "ProductName": "(TV) 톰슨 에어프라이어 3.5L ESR-A3501W/R/B/D",
    "ReviewScore": "100",
    "Syllable": "88",
    "Word": "18",
    "RDate": "20190103",
    "GeneralPolarity": "1",
    "Aspects": [
      {
        "Aspect": "사이즈",
        "SentimentText": "적당한 사이즈",
        "SentimentWord": "2",
        "SentimentPolarity": "0"
      },
      {
        "Aspect": "색상",
        "SentimentText": "색감도 너무예뻐서 어디딘 잘어울림",
        "SentimentWord": "4",
        "SentimentPolarity": "1"
      },
      {
        "Aspect": "기능",
        "SentimentText": "성능은 타제품들이랑 비슷한듯 모두 만족합니다",
        "SentimentWord": "5",
        "SentimentPolarity": "1"
      }
    ]
  },
  {
    "Index": "11522",
    "RawText": "다양한 음식을 간편하게 만들어 먹을 수 있어 대만족입니다. 다만 제품의 표면이 고르지 못한게 어디 부딪혀서 들어간 건지, 원래 표면이 매끄럽게 안 나온건지 조금 불만이라 별 한개  뺍니다",
    "Source": "SNS",
    "Domain": "가전",
    "MainCategory": "주방가전",
    "ProductName": "(TV) 톰슨 에어프라이어 3.5L ESR-A3501W/R/B/D",
    "ReviewScore": "80",
    "Syllable": "104",
    "Word": "27",
    "RDate": "20190324",
    "GeneralPolarity": "0",
    "Aspects": [
      {
        "Aspect": "편의성",
        "SentimentText": "다양한 음식을 간편하게 만들어 먹을 수 있어 대만족입니다. ",
        "SentimentWord": "8",
        "SentimentPolarity": "1"
      },
      {
        "Aspect": "디자인",
        "SentimentText": "제품의 표면이 고르지 못한게 어디 부딪혀서 들어간 건지, 원래 표면이 매끄럽게 안 나온건지 조금 불만이라 별 한개  뺍니다",
        "SentimentWord": "18",
        "SentimentPolarity": "-1"
      }
    ]
  },
  {
    "Index": "11523",
    "RawText": "5L살려다 너무 부피가 큰것같아  ㅇㅇㅇ3.5L 주문했어요. 색상도 너무 예쁘고 고구마하고 치킨 해먹었는데 냄새도 안나고 정말 좋아요. 역시 ○○○이 컬러가 예뻐서 좋네요. ~~",
    "Source": "SNS",
    "Domain": "가전",
    "MainCategory": "주방가전",
    "ProductName": "(TV) 톰슨 에어프라이어 3.5L ESR-A3501W/R/B/D",
    "ReviewScore": "80",
    "Syllable": "99",
    "Word": "22",
    "RDate": "20190119",
    "GeneralPolarity": "1",
    "Aspects": [
      {
        "Aspect": "색상",
        "SentimentText": "색상도 너무 예쁘고",
        "SentimentWord": "3",
        "SentimentPolarity": "1"
      },
      {
        "Aspect": "기능",
        "SentimentText": "고구마하고 치킨 해먹었는데 냄새도 안나고 정말 좋아요.",
        "SentimentWord": "7",
        "SentimentPolarity": "1"
      },
      {
        "Aspect": "색상",
        "SentimentText": "○○○이 컬러가 예뻐서 좋네요. ~~",
        "SentimentWord": "5",
        "SentimentPolarity": "1"
      }
    ]
  },
  {
    "Index": "11524",
    "RawText": "설마 요리가될까했는데   냄새도 거이안나고  통닭이 되더라고요  시간이생각보다 오래걸리고 타이머가30분이최고라  불조절하머 한시가 반걸리긴했어도 닭의수분도살아있고 짱이였어요",
    "Source": "SNS",
    "Domain": "가전",
    "MainCategory": "주방가전",
    "ProductName": "(TV) 톰슨 에어프라이어 3.5L ESR-A3501W/R/B/D",
    "ReviewScore": "100",
    "Syllable": "96",
    "Word": "14",
    "RDate": "20190125",
    "GeneralPolarity": "1",
    "Aspects": [
      {
        "Aspect": "기능",
        "SentimentText": "냄새도 거이안나고  통닭이 되더라고요",
        "SentimentWord": "4",
        "SentimentPolarity": "1"
      },
      {
        "Aspect": "시간/속도",
        "SentimentText": "시간이생각보다 오래걸리고 타이머가30분이최고라  불조절하머 한시가 반걸리긴했어도 닭의수분도살아있고 짱이였어요",
        "SentimentWord": "8",
        "SentimentPolarity": "0"
      }
    ]
  },
  {
    "Index": "11525",
    "RawText": "아기 생선구워줄때 쓰려고 구입했는데 만두 감튀 치킨 고구마 등등 이것저것 다 하고있어요ㅎㅎ  편하고 시간도 절약되고 음식하기가 한결 수월해졌어요ㅎㅎ 디자인도 이쁘고~ 아주 만족합니다^^",
    "Source": "SNS",
    "Domain": "가전",
    "MainCategory": "주방가전",
    "ProductName": "(TV) 톰슨 에어프라이어 3.5L ESR-A3501W/R/B/D",
    "ReviewScore": "100",
    "Syllable": "103",
    "Word": "22",
    "RDate": "20190213",
    "GeneralPolarity": "1",
    "Aspects": [
      {
        "Aspect": "편의성",
        "SentimentText": "편하고 시간도 절약되고 음식하기가 한결 수월해졌어요ㅎㅎ",
        "SentimentWord": "6",
        "SentimentPolarity": "1"
      },
      {
        "Aspect": "시간/속도",
        "SentimentText": "시간도 절약되고 음식하기가 한결 수월해졌어요ㅎㅎ",
        "SentimentWord": "5",
        "SentimentPolarity": "1"
      },
      {
        "Aspect": "디자인",
        "SentimentText": "디자인도 이쁘고~ 아주 만족합니다^^",
        "SentimentWord": "4",
        "SentimentPolarity": "1"
      }
    ]
  },
  {
    "Index": "11526",
    "RawText": "요즘 이 상품 구하기가 쉽지 않아서 여기저기서 사려다 환불도 하고 귀찮았는데 가장 저렴한 가격으로 구매 잘 한것 같아서 굿 배송도 너무 만족 스럽습니다. 삼겹살, 고구마 등 이것저것 해봤는데 다 잘되네요. 살찔 것 같아요. ",
    "Source": "SNS",
    "Domain": "가전",
    "MainCategory": "주방가전",
    "ProductName": "(TV) 톰슨 에어프라이어 3.5L ESR-A3501W/R/B/D",
    "ReviewScore": "100",
    "Syllable": "125",
    "Word": "33",
    "RDate": "20190401",
    "Aspects": [
      {
        "Aspect": "가격",
        "SentimentText": "가장 저렴한 가격으로 구매 잘 한것 같아서 굿",
        "SentimentWord": "8",
        "SentimentPolarity": "1"
      },
      {
        "Aspect": "기능",
        "SentimentText": "삼겹살, 고구마 등 이것저것 해봤는데 다 잘되네요.",
        "SentimentWord": "7",
        "SentimentPolarity": "1"
      }
    ]
  },
  {
    "Index": "11527",
    "RawText": "3.5l그린색 구입 구입후 만두한번 구어먹음 많이 넣으면 안됨 용량이 작음 만두 먹고 키친타올로 청소 청소후 코팅이 조금 벗겨짐 그후로 사용안하고 있음 근데 as센타타는 전화연결도 안됨 볼때마다 짜증남 환불받고 싶음   이미지올리려니 안올라감",
    "Source": "SNS",
    "Domain": "가전",
    "MainCategory": "주방가전",
    "ProductName": "(TV) 톰슨 에어프라이어 3.5L ESR-A3501W/R/B/D",
    "ReviewScore": "100",
    "Syllable": "135",
    "Word": "31",
    "RDate": "20190121",
    "Aspects": [
      {
        "Aspect": "용량",
        "SentimentText": "만두한번 구어먹음 많이 넣으면 안됨 용량이 작음",
        "SentimentWord": "7",
        "SentimentPolarity": "-1"
      },
      {
        "Aspect": "내구성",
        "SentimentText": "만두 먹고 키친타올로 청소 청소후 코팅이 조금 벗겨짐 그후로 사용안하고 있음",
        "SentimentWord": "11",
        "SentimentPolarity": "-1"
      }
    ]
  },
  {
    "Index": "11528",
    "RawText": "덮게를 열고 닫는것이 불편 합니다 딸각 소리도 그렇고 서로 매칭이 안돼 한쪽은 안 닫히는 경우 발생돼고 진공도 제대로 안돼 보완 할게 있는것 같아요",
    "Source": "SNS",
    "Domain": "가전",
    "MainCategory": "주방가전",
    "ProductName": "(TV) 해피락 진공포장기 세트 (진공롤 2개 추가 증정)",
    "ReviewScore": "60",
    "Syllable": "82",
    "Word": "23",
    "RDate": "20171121",
    "GeneralPolarity": "-1",
    "Aspects": [
      {
        "Aspect": "편의성",
        "SentimentText": "덮게를 열고 닫는것이 불편 합니다",
        "SentimentWord": "5",
        "SentimentPolarity": "-1"
      },
      {
        "Aspect": "조작성",
        "SentimentText": "딸각 소리도 그렇고 서로 매칭이 안돼 한쪽은 안 닫히는 경우 발생돼고 진공도 제대로 안돼 보완 할게 있는것 같아요",
        "SentimentWord": "18",
        "SentimentPolarity": "-1"
      }
    ]
  },
  {
    "Index": "11529",
    "RawText": "타제품쓰고있었는데 밀봉은 잘되는데 진공이 되다안되다해서 짜증났었는데 ○○○진공포장기 오자마자 해봤는데 진공 밀봉 둘다 잘되네요 진공포장팩도 여유분으로 많이와서 기분이 좋네요 구매 잘한거가터요~^^",
    "Source": "SNS",
    "Domain": "가전",
    "MainCategory": "주방가전",
    "ProductName": "(TV) 해피락 진공포장기 세트 (진공롤 2개 추가 증정)",
    "ReviewScore": "80",
    "Syllable": "109",
    "Word": "20",
    "RDate": "20171010",
    "GeneralPolarity": "1",
    "Aspects": [
      {
        "Aspect": "기능",
        "SentimentText": "진공 밀봉 둘다 잘되네요",
        "SentimentWord": "4",
        "SentimentPolarity": "1"
      },
      {
        "Aspect": "제품구성",
        "SentimentText": "진공포장팩도 여유분으로 많이와서 기분이 좋네요",
        "SentimentWord": "5",
        "SentimentPolarity": "1"
      }
    ]
  },
  {
    "Index": "11530",
    "RawText": "간편은한데 양을 조금만 넣어야될듯 반 이상 넣으면 위엔 타고 아랜 안익음요 적당이누면 났구요^^",
    "Source": "SNS",
    "Domain": "가전",
    "MainCategory": "주방가전",
    "ProductName": "(TV)베스트 하임 THE 건강한 에어프라이어",
    "ReviewScore": "100",
    "Syllable": "53",
    "Word": "13",
    "RDate": "20181009",
    "GeneralPolarity": "0",
    "Aspects": [
      {
        "Aspect": "편의성",
        "SentimentText": "간편은한데 양을 조금만 넣어야될듯 반 이상 넣으면 위엔 타고 아랜 안익음요",
        "SentimentWord": "11",
        "SentimentPolarity": "0"
      },
      {
        "Aspect": "기능",
        "SentimentText": "양을 조금만 넣어야될듯 반 이상 넣으면 위엔 타고 아랜 안익음요",
        "SentimentWord": "10",
        "SentimentPolarity": "-1"
      }
    ]
  },
  {
    "Index": "11531",
    "RawText": "지난9월에중순경구입해2~3번정도썼는데코팅이부풀어오르면서벗겨지고녹까지쓸어쓸수가없어요 가성비 안좋습니다.",
    "Source": "SNS",
    "Domain": "가전",
    "MainCategory": "주방가전",
    "ProductName": "(TV)베스트 하임 THE 건강한 에어프라이어",
    "ReviewScore": "40",
    "Syllable": "56",
    "Word": "3",
    "RDate": "20181028",
    "GeneralPolarity": "-1",
    "Aspects": [
      {
        "Aspect": "내구성",
        "SentimentText": "2~3번정도썼는데코팅이부풀어오르면서벗겨지고녹까지쓸어쓸수가없어요",
        "SentimentWord": "1",
        "SentimentPolarity": "-1"
      },
      {
        "Aspect": "가격",
        "SentimentText": "가성비 안좋습니다.",
        "SentimentWord": "2",
        "SentimentPolarity": "-1"
      }
    ]
  },
  {
    "Index": "11532",
    "RawText": "튀김요리 자주해먹는데 해먹을때마다 기름튀고 청소하기 힘들어서 구매했어요ㅋㅋ 간편하고 좋아요!! 그런데 기능은 그럭저럭 이네요 ",
    "Source": "SNS",
    "Domain": "가전",
    "MainCategory": "주방가전",
    "ProductName": "(TV)베스트 하임 THE 건강한 에어프라이어",
    "ReviewScore": "100",
    "Syllable": "70",
    "Word": "13",
    "RDate": "20180605",
    "GeneralPolarity": "0",
    "Aspects": [
      {
        "Aspect": "편의성",
        "SentimentText": "간편하고 좋아요!!",
        "SentimentWord": "2",
        "SentimentPolarity": "1"
      },
      {
        "Aspect": "기능",
        "SentimentText": "기능은 그럭저럭 이네요",
        "SentimentWord": "3",
        "SentimentPolarity": "0"
      }
    ]
  },
  {
    "Index": "11533",
    "RawText": "기능이 넘 좋네요~아이들이 신기하다고~ㅋ~이제 튀김요리 기름도 안튀고 맘놓고 먹을수 있을것같아요~고장없이 오래쓰길~^^",
    "Source": "SNS",
    "Domain": "가전",
    "MainCategory": "주방가전",
    "ProductName": "(TV)베스트 하임 THE 건강한 에어프라이어",
    "ReviewScore": "100",
    "Syllable": "66",
    "Word": "11",
    "RDate": "20180606",
    "GeneralPolarity": "1",
    "Aspects": [
      {
        "Aspect": "기능",
        "SentimentText": "기능이 넘 좋네요~",
        "SentimentWord": "3",
        "SentimentPolarity": "1"
      },
      {
        "Aspect": "기능",
        "SentimentText": "튀김요리 기름도 안튀고 맘놓고 먹을수 있을것같아요~",
        "SentimentWord": "6",
        "SentimentPolarity": "1"
      }
    ]
  },
  {
    "Index": "11534",
    "RawText": "사용해보고 품질이 좋아서 이모네가 사달래서 이모네도 또 사줬는데 이번엔 터치로 왔네요 ㅋ 터치가 더 좋은거 같아여~ ",
    "Source": "SNS",
    "Domain": "가전",
    "MainCategory": "주방가전",
    "ProductName": "(TV)베스트 하임 THE 건강한 에어프라이어",
    "ReviewScore": "100",
    "Syllable": "65",
    "Word": "16",
    "RDate": "20180718",
    "GeneralPolarity": "1",
    "Aspects": [
      {
        "Aspect": "품질",
        "SentimentText": "사용해보고 품질이 좋아서",
        "SentimentWord": "3",
        "SentimentPolarity": "1"
      },
      {
        "Aspect": "조작성",
        "SentimentText": "터치가 더 좋은거 같아여~",
        "SentimentWord": "4",
        "SentimentPolarity": "1"
      }
    ]
  },
  {
    "Index": "11535",
    "RawText": "디자인도 너무좋아요 이것저것 해먹을게 많아용^^ 가래떡 구워먹었더니 존맛!! 재료 좀더 사서 많이 해먹으려구용 ㅎㅎㅎ ",
    "Source": "SNS",
    "Domain": "가전",
    "MainCategory": "주방가전",
    "ProductName": "(TV)베스트 하임 THE 건강한 에어프라이어",
    "ReviewScore": "100",
    "Syllable": "66",
    "Word": "14",
    "RDate": "20180622",
    "GeneralPolarity": "1",
    "Aspects": [
      {
        "Aspect": "디자인",
        "SentimentText": "디자인도 너무좋아요",
        "SentimentWord": "2",
        "SentimentPolarity": "1"
      },
      {
        "Aspect": "기능",
        "SentimentText": "이것저것 해먹을게 많아용^^",
        "SentimentWord": "3",
        "SentimentPolarity": "1"
      }
    ]
  },
  {
    "Index": "11536",
    "RawText": "사용해보니 너무 편하고ㆍ맛도 좋아요 특히 냉동음식 매일 따로 녹여서  햏는데 해동시키지않고 할수잏이서 넘좋아요",
    "Source": "SNS",
    "Domain": "가전",
    "MainCategory": "주방가전",
    "ProductName": "(TV)베스트 하임 THE 건강한 에어프라이어",
    "ReviewScore": "100",
    "Syllable": "61",
    "Word": "13",
    "RDate": "20180607",
    "GeneralPolarity": "1",
    "Aspects": [
      {
        "Aspect": "편의성",
        "SentimentText": "사용해보니 너무 편하고ㆍ맛도 좋아요",
        "SentimentWord": "4",
        "SentimentPolarity": "1"
      },
      {
        "Aspect": "편의성",
        "SentimentText": "냉동음식 매일 따로 녹여서  햏는데 해동시키지않고 할수잏이서 넘좋아요",
        "SentimentWord": "8",
        "SentimentPolarity": "1"
      }
    ]
  },
  {
    "Index": "11537",
    "RawText": "5개월 써보니 코팅이 벗겨져 실망했어요 그래도 요리는 잘되네요 상담원 친절하게 답변해줘서 a/s신청 합니다",
    "Source": "SNS",
    "Domain": "가전",
    "MainCategory": "주방가전",
    "ProductName": "(TV)베스트 하임 THE 건강한 에어프라이어",
    "ReviewScore": "40",
    "Syllable": "59",
    "Word": "13",
    "RDate": "20181204",
    "Aspects": [
      {
        "Aspect": "내구성",
        "SentimentText": "5개월 써보니 코팅이 벗겨져 실망했어요",
        "SentimentWord": "5",
        "SentimentPolarity": "-1"
      },
      {
        "Aspect": "기능",
        "SentimentText": "요리는 잘되네요",
        "SentimentWord": "2",
        "SentimentPolarity": "1"
      }
    ]
  },
  {
    "Index": "11538",
    "RawText": "이틀전에 물건을 받았는데 오늘 첨 사용해봤어요 시간이 좀 오래걸리긴 하는데 그래도 잘 구워지네요 유용하게 잘쓸꺼같아서 좋네요",
    "Source": "SNS",
    "Domain": "가전",
    "MainCategory": "주방가전",
    "ProductName": "(TV)베스트 하임 THE 건강한 에어프라이어",
    "ReviewScore": "80",
    "Syllable": "69",
    "Word": "16",
    "RDate": "20180909",
    "Aspects": [
      {
        "Aspect": "시간/속도",
        "SentimentText": "시간이 좀 오래걸리긴 하는데",
        "SentimentWord": "4",
        "SentimentPolarity": "0"
      },
      {
        "Aspect": "기능",
        "SentimentText": "그래도 잘 구워지네요",
        "SentimentWord": "3",
        "SentimentPolarity": "1"
      }
    ]
  },
  {
    "Index": "11539",
    "RawText": "ㅠㅠ 방송에서는 연기가 안 났는데요. 기대에 부풀어 삼겹살을 구웠는데 집안이 온통 연기로 자욱했어요.. 설거지 하는데 안쪽 코팅이 벗겨지네요.. ㅠㅠ",
    "Source": "SNS",
    "Domain": "가전",
    "MainCategory": "주방가전",
    "ProductName": "(TV)베스트 하임 THE 건강한 에어프라이어",
    "ReviewScore": "40",
    "Syllable": "83",
    "Word": "19",
    "RDate": "20180726",
    "Aspects": [
      {
        "Aspect": "기능",
        "SentimentText": "삼겹살을 구웠는데 집안이 온통 연기로 자욱했어요..",
        "SentimentWord": "6",
        "SentimentPolarity": "-1"
      },
      {
        "Aspect": "내구성",
        "SentimentText": "설거지 하는데 안쪽 코팅이 벗겨지네요..",
        "SentimentWord": "5",
        "SentimentPolarity": "-1"
      }
    ]
  },
  {
    "Index": "11540",
    "RawText": "저렴한 가격에 득템했다 생각했었는데, 사용설명서 및 품질 보증서가 들어있지 않아서 찜찜합니다. 참고해주시기 바랍니다.",
    "Source": "SNS",
    "Domain": "가전",
    "MainCategory": "주방가전",
    "ProductName": "(TV)베스트 하임 THE 건강한 에어프라이어",
    "ReviewScore": "60",
    "Syllable": "65",
    "Word": "13",
    "RDate": "20180728",
    "GeneralPolarity": "0",
    "Aspects": [
      {
        "Aspect": "가격",
        "SentimentText": "저렴한 가격에 득템했다 생각했었는데, 사용설명서 및 품질 보증서가 들어있지 않아서 찜찜합니다.",
        "SentimentWord": "11",
        "SentimentPolarity": "0"
      },
      {
        "Aspect": "제품구성",
        "SentimentText": "사용설명서 및 품질 보증서가 들어있지 않아서 찜찜합니다.",
        "SentimentWord": "7",
        "SentimentPolarity": "-1"
      }
    ]
  },
  {
    "Index": "11541",
    "RawText": "생각보다 사용범위가 넓어요~ 생선  고기 피자  데워먹는것도 엄청좋아요~ 잘샀다고생각해요~ 귀사의 번영을 기원합니다~",
    "Source": "SNS",
    "Domain": "가전",
    "MainCategory": "주방가전",
    "ProductName": "(TV)베스트 하임 THE 건강한 에어프라이어",
    "ReviewScore": "100",
    "Syllable": "65",
    "Word": "12",
    "RDate": "20180823",
    "GeneralPolarity": "1",
    "Aspects": [
      {
        "Aspect": "기능",
        "SentimentText": "생각보다 사용범위가 넓어요~",
        "SentimentWord": "3",
        "SentimentPolarity": "1"
      },
      {
        "Aspect": "기능",
        "SentimentText": "생선  고기 피자  데워먹는것도 엄청좋아요~",
        "SentimentWord": "5",
        "SentimentPolarity": "1"
      }
    ]
  },
  {
    "Index": "11542",
    "RawText": "번거롭게 오븐안해도 간식 먹을때 좋아요 기름 없어도 감자튀김 할수있고 냉동만두 바싹하니 잘돼요 굳~~우리집 가전이랑도 잘어울려요",
    "Source": "SNS",
    "Domain": "가전",
    "MainCategory": "주방가전",
    "ProductName": "(TV)베스트 하임 THE 건강한 에어프라이어",
    "ReviewScore": "100",
    "Syllable": "71",
    "Word": "15",
    "RDate": "20180905",
    "GeneralPolarity": "1",
    "Aspects": [
      {
        "Aspect": "편의성",
        "SentimentText": "번거롭게 오븐안해도 간식 먹을때 좋아요",
        "SentimentWord": "5",
        "SentimentPolarity": "1"
      },
      {
        "Aspect": "기능",
        "SentimentText": "기름 없어도 감자튀김 할수있고 냉동만두 바싹하니 잘돼요 굳~~",
        "SentimentWord": "8",
        "SentimentPolarity": "1"
      }
    ]
  },
  {
    "Index": "11543",
    "RawText": "지금 한 열번정도 사용했는데요 몇번쓰지않아 음식을돌리고나면 구멍뚫린 바스켓바닥에자꾸 달라붙어요 그거떼는데스트레스받을정도네요 품질이 별로네요",
    "Source": "SNS",
    "Domain": "가전",
    "MainCategory": "주방가전",
    "ProductName": "(TV)베스트 하임 THE 건강한 에어프라이어",
    "ReviewScore": "40",
    "Syllable": "77",
    "Word": "12",
    "RDate": "20181124",
    "GeneralPolarity": "-1",
    "Aspects": [
      {
        "Aspect": "내구성",
        "SentimentText": "몇번쓰지않아 음식을돌리고나면 구멍뚫린 바스켓바닥에자꾸 달라붙어요",
        "SentimentWord": "5",
        "SentimentPolarity": "-1"
      },
      {
        "Aspect": "품질",
        "SentimentText": "품질이 별로네요",
        "SentimentWord": "2",
        "SentimentPolarity": "-1"
      }
    ]
  },
  {
    "Index": "11544",
    "RawText": "처음 사용해보았는데  아주 기능이 만족스럽네요~튀김용ㅈ탕수육을 넣고 튀겨봤는데 정말 기름에 튀긴것처럼 바삭해져 너무신기했어요 맛도 좋더라구요",
    "Source": "SNS",
    "Domain": "가전",
    "MainCategory": "주방가전",
    "ProductName": "(TV)베스트 하임 THE 건강한 에어프라이어",
    "ReviewScore": "100",
    "Syllable": "78",
    "Word": "14",
    "RDate": "20180721",
    "GeneralPolarity": "1",
    "Aspects": [
      {
        "Aspect": "기능",
        "SentimentText": "처음 사용해보았는데 아주 기능이 만족스럽네요~",
        "SentimentWord": "5",
        "SentimentPolarity": "1"
      },
      {
        "Aspect": "기능",
        "SentimentText": "정말 기름에 튀긴것처럼 바삭해져 너무신기했어요 ",
        "SentimentWord": "5",
        "SentimentPolarity": "1"
      }
    ]
  },
  {
    "Index": "11545",
    "RawText": "가격도 성능도 맘에 듭니다 냉동식품의 신세계네요  ○○○ 디지털 방식이랑 둘 중에 고민했는데 요런 다이얼식 아날로그 감성이 좋으네요 잘 쓸게요",
    "Source": "SNS",
    "Domain": "가전",
    "MainCategory": "주방가전",
    "ProductName": "(TV)베스트 하임 THE 건강한 에어프라이어",
    "ReviewScore": "100",
    "Syllable": "79",
    "Word": "19",
    "RDate": "20180622",
    "GeneralPolarity": "1",
    "Aspects": [
      {
        "Aspect": "가격",
        "SentimentText": "가격도 성능도 맘에 듭니다",
        "SentimentWord": "4",
        "SentimentPolarity": "1"
      },
      {
        "Aspect": "기능",
        "SentimentText": "성능도 맘에 듭니다",
        "SentimentWord": "3",
        "SentimentPolarity": "1"
      },
      {
        "Aspect": "디자인",
        "SentimentText": "○○○ 디지털 방식이랑 둘 중에 고민했는데 요런 다이얼식 아날로그 감성이 좋으네요",
        "SentimentWord": "11",
        "SentimentPolarity": "1"
      }
    ]
  },
  {
    "Index": "11546",
    "RawText": "아직사용전인데 생선구워먹을려구요 그데 나사도그냥노출되어있구 좀 허접하네요 디자인도 그럭저럭입니다..                               ",
    "Source": "SNS",
    "Domain": "가전",
    "MainCategory": "주방가전",
    "ProductName": "(TV)베스트 하임 THE 건강한 에어프라이어",
    "ReviewScore": "80",
    "Syllable": "86",
    "Word": "8",
    "RDate": "20180713",
    "Aspects": [
      {
        "Aspect": "품질",
        "SentimentText": "나사도그냥노출되어있구 좀 허접하네요 ",
        "SentimentWord": "3",
        "SentimentPolarity": "-1"
      },
      {
        "Aspect": "디자인",
        "SentimentText": "디자인도 그럭저럭입니다..",
        "SentimentWord": "2",
        "SentimentPolarity": "0"
      }
    ]
  },
  {
    "Index": "11547",
    "RawText": "가격 착하고 배송 빨라요. 요리는아직사용전이라..오늘저녁부터해보려합니다. 새거라약간의냄새가나서밖에널어뒀네요. 맛난걸해봐야겠어요",
    "Source": "SNS",
    "Domain": "가전",
    "MainCategory": "주방가전",
    "ProductName": "(TV)베스트 하임 THE 건강한 에어프라이어",
    "ReviewScore": "100",
    "Syllable": "70",
    "Word": "7",
    "RDate": "20180617",
    "Aspects": [
      {
        "Aspect": "가격",
        "SentimentText": "가격 착하고",
        "SentimentWord": "2",
        "SentimentPolarity": "1"
      },
      {
        "Aspect": "품질",
        "SentimentText": "새거라약간의냄새가나서밖에널어뒀네요.",
        "SentimentWord": "1",
        "SentimentPolarity": "-1"
      }
    ]
  },
  {
    "Index": "11548",
    "RawText": "한두명 있는 집에서  사용하기 좋아요. 기름기 빠지고, 담백.깔끔~ 조금은 기름기 있어도 좋긴한데~ 그래도 요리할때 주변에 기름기가 안튀어서 깔끔..좋아요.",
    "Source": "SNS",
    "Domain": "가전",
    "MainCategory": "주방가전",
    "ProductName": "(TV)베스트 하임 THE 건강한 에어프라이어",
    "ReviewScore": "100",
    "Syllable": "87",
    "Word": "18",
    "RDate": "20180713",
    "GeneralPolarity": "1",
    "Aspects": [
      {
        "Aspect": "편의성",
        "SentimentText": "한두명 있는 집에서 사용하기 좋아요",
        "SentimentWord": "5",
        "SentimentPolarity": "1"
      },
      {
        "Aspect": "기능",
        "SentimentText": "요리할때 주변에 기름기가 안튀어서 깔끔..좋아요.",
        "SentimentWord": "5",
        "SentimentPolarity": "1"
      }
    ]
  },
  {
    "Index": "11549",
    "RawText": "감자튀김은 2번 조리해야 되고,  닭은 통으로  조리했는데  아래부분은 생닭이어서  3번조리했는데 맛은 있어요 연속해서 조리하면 연기도 나고 발열이 심합니다ㅜ 조작이 어려워 사용하기는 불편하네요.. ",
    "Source": "SNS",
    "Domain": "가전",
    "MainCategory": "주방가전",
    "ProductName": "(TV)베스트 하임 THE 건강한 에어프라이어",
    "ReviewScore": "60",
    "Syllable": "111",
    "Word": "22",
    "RDate": "20180728",
    "GeneralPolarity": "0",
    "Aspects": [
      {
        "Aspect": "내구성",
        "SentimentText": "연속해서 조리하면 연기도 나고 발열이 심합니다ㅜ",
        "SentimentWord": "6",
        "SentimentPolarity": "-1"
      },
      {
        "Aspect": "조작성",
        "SentimentText": "조작이 어려워 사용하기는 불편하네요..",
        "SentimentWord": "4",
        "SentimentPolarity": "-1"
      }
    ]
  },
  {
    "Index": "11550",
    "RawText": "타업체나 ○○○이나 코팅 벗겨진다는 얘기들이 많아서 그럴바엔 저렴한걸로 구입해서 쓰자 해서 구입하게 되었어요 두달가량 사용해본결과 코팅 멀쩡합니다!! 매우만족해요",
    "Source": "SNS",
    "Domain": "가전",
    "MainCategory": "주방가전",
    "ProductName": "(TV)베스트 하임 THE 건강한 에어프라이어",
    "ReviewScore": "100",
    "Syllable": "90",
    "Word": "18",
    "RDate": "20181030",
    "GeneralPolarity": "1",
    "Aspects": [
      {
        "Aspect": "가격",
        "SentimentText": "저렴한걸로 구입해서 쓰자 해서 구입하게 되었어요",
        "SentimentWord": "6",
        "SentimentPolarity": "1"
      },
      {
        "Aspect": "품질",
        "SentimentText": "두달가량 사용해본결과 코팅 멀쩡합니다!! 매우만족해요",
        "SentimentWord": "5",
        "SentimentPolarity": "1"
      }
    ]
  },
  {
    "Index": "11551",
    "RawText": "홈쇼핑애서 볼때는 만능조라기였는데 제가 몇개 시도해 본 결과.  완전 실망. ㅠㅠ 메인요리로는 적절치 않고 간식용? 감자튀김 정도나.  먹을만하네요.   비추. ㅠㅠ",
    "Source": "SNS",
    "Domain": "가전",
    "MainCategory": "주방가전",
    "ProductName": "(TV)베스트 하임 THE 건강한 에어프라이어",
    "ReviewScore": "40",
    "Syllable": "92",
    "Word": "20",
    "RDate": "20181014",
    "GeneralPolarity": "-1",
    "Aspects": [
      {
        "Aspect": "기능",
        "SentimentText": "제가 몇개 시도해 본 결과.  완전 실망. ㅠㅠ",
        "SentimentWord": "8",
        "SentimentPolarity": "-1"
      },
      {
        "Aspect": "기능",
        "SentimentText": "메인요리로는 적절치 않고 간식용? 감자튀김 정도나.  먹을만하네요.   비추. ㅠㅠ",
        "SentimentWord": "9",
        "SentimentPolarity": "-1"
      }
    ]
  },
  {
    "Index": "11552",
    "RawText": "생각보다 바스켓 사이즈가 작네요 흠.. 방학때라 아이들 치킨 너겟 만들어주니 좋아하네요  음식 마다 타이머 조절을 잘해야겠어요  오래하면 너무기름기가 빠져서  너겟이 딱딱해져요",
    "Source": "SNS",
    "Domain": "가전",
    "MainCategory": "주방가전",
    "ProductName": "(TV)베스트 하임 THE 건강한 에어프라이어",
    "ReviewScore": "100",
    "Syllable": "98",
    "Word": "21",
    "RDate": "20180804",
    "GeneralPolarity": "0",
    "Aspects": [
      {
        "Aspect": "사이즈",
        "SentimentText": "생각보다 바스켓 사이즈가 작네요 흠..",
        "SentimentWord": "5",
        "SentimentPolarity": "0"
      },
      {
        "Aspect": "조작성",
        "SentimentText": "음식 마다 타이머 조절을 잘해야겠어요 ",
        "SentimentWord": "5",
        "SentimentPolarity": "0"
      },
      {
        "Aspect": "기능",
        "SentimentText": "오래하면 너무기름기가 빠져서  너겟이 딱딱해져요",
        "SentimentWord": "5",
        "SentimentPolarity": "-1"
      }
    ]
  },
  {
    "Index": "11553",
    "RawText": "감자튀김과 돈까스 했봤는데 사진이나 그림처럼 되지는 않아요 수분이 얷는 식감은 딱딱하고 맛도 없고 그냥 냄새없이 편하다는거 하나 참 소리는 왜이리큰지... 반품하고 싶다",
    "Source": "SNS",
    "Domain": "가전",
    "MainCategory": "주방가전",
    "ProductName": "(TV)베스트 하임 THE 건강한 에어프라이어",
    "ReviewScore": "40",
    "Syllable": "94",
    "Word": "22",
    "RDate": "20180620",
    "GeneralPolarity": "-1",
    "Aspects": [
      {
        "Aspect": "편의성",
        "SentimentText": "그냥 냄새없이 편하다는거 하나",
        "SentimentWord": "4",
        "SentimentPolarity": "1"
      },
      {
        "Aspect": "소음",
        "SentimentText": "참 소리는 왜이리큰지...반품하고 싶다",
        "SentimentWord": "4",
        "SentimentPolarity": "-1"
      },
      {
        "Aspect": "품질",
        "SentimentText": "감자튀김과 돈까스 했봤는데 사진이나 그림처럼 되지는 않아요 수분이 얷는 식감은 딱딱하고 맛도 없고",
        "SentimentWord": "13",
        "SentimentPolarity": "-1"
      }
    ]
  },
  {
    "Index": "11554",
    "RawText": "나사옆에 다 녹슬어있고 통속에도 한군데 녹인지 고온에 그을린건지 그런자국있어요. ;; 그리고 제품속에도 그냥 하나 실수로들어간건지 어디서 빠진건지 모를 나사하나가 덩그러니있네요. ;; 내구성이...",
    "Source": "SNS",
    "Domain": "가전",
    "MainCategory": "주방가전",
    "ProductName": "(TV)베스트 하임 THE 건강한 에어프라이어",
    "ReviewScore": "20",
    "Syllable": "110",
    "Word": "22",
    "RDate": "20180629",
    "GeneralPolarity": "-1",
    "Aspects": [
      {
        "Aspect": "품질",
        "SentimentText": "나사옆에 다 녹슬어있고 통속에도 한군데 녹인지 고온에 그을린건지 그런자국있어요. ;;",
        "SentimentWord": "10",
        "SentimentPolarity": "-1"
      },
      {
        "Aspect": "내구성",
        "SentimentText": "어디서 빠진건지 모를 나사하나가 덩그러니있네요. ;; 내구성이...",
        "SentimentWord": "7",
        "SentimentPolarity": "-1"
      }
    ]
  },
  {
    "Index": "11555",
    "RawText": "받자마자 저녁에 닭도리탕용 부위 사다 해봤는데 중간중간 뒤집어 저야되서 저야되네요ㅠ 해동제품만 사용해야 될듯요.  티비에 나오는것처럼 두꺼운 삼겹살 넣으면 속 부분이 안 익을거 같아서 싫어요 ",
    "Source": "SNS",
    "Domain": "가전",
    "MainCategory": "주방가전",
    "ProductName": "(TV)베스트 하임 THE 건강한 에어프라이어",
    "ReviewScore": "100",
    "Syllable": "107",
    "Word": "24",
    "RDate": "20180729",
    "GeneralPolarity": "-1",
    "Aspects": [
      {
        "Aspect": "편의성",
        "SentimentText": "받자마자 저녁에 닭도리탕용 부위 사다 해봤는데 중간중간 뒤집어 저야되서 저야되네요ㅠ",
        "SentimentWord": "10",
        "SentimentPolarity": "-1"
      },
      {
        "Aspect": "기능",
        "SentimentText": " 티비에 나오는것처럼 두꺼운 삼겹살 넣으면 속 부분이 안 익을거 같아서 싫어요 ",
        "SentimentWord": "11",
        "SentimentPolarity": "-1"
      }
    ]
  },
  {
    "Index": "11556",
    "RawText": "집에서 고기구우면 냄새배서 잘안해먹는데...   에어프라이어 가격이랑 사두고 안쓸까봐 고민했거든요-   근데 적당한가격에 용량도 2인가구라 좋아요 삼겹살 한근 돌렸는데 맛있네요~",
    "Source": "SNS",
    "Domain": "가전",
    "MainCategory": "주방가전",
    "ProductName": "(TV)베스트 하임 THE 건강한 에어프라이어",
    "ReviewScore": "100",
    "Syllable": "99",
    "Word": "18",
    "RDate": "20180813",
    "GeneralPolarity": "1",
    "Aspects": [
      {
        "Aspect": "가격",
        "SentimentText": "근데 적당한 가격에",
        "SentimentWord": "3",
        "SentimentPolarity": "1"
      },
      {
        "Aspect": "용량",
        "SentimentText": "용량도 2인가구라 좋아요",
        "SentimentWord": "3",
        "SentimentPolarity": "1"
      }
    ]
  },
  {
    "Index": "11557",
    "RawText": "TV보면서 너무 사고 싶어서 구매하고 지인한테 사용하기 너무 편하고 좋아서 기분 좋게 선물했습니다 품질도 적당하고 선물하는사람이나 받는사람 모두 만족할 수 있는 선물인거 같아요 ",
    "Source": "SNS",
    "Domain": "가전",
    "MainCategory": "주방가전",
    "ProductName": "(TV)베스트 하임 THE 건강한 에어프라이어",
    "ReviewScore": "100",
    "Syllable": "99",
    "Word": "23",
    "RDate": "20180710",
    "GeneralPolarity": "1",
    "Aspects": [
      {
        "Aspect": "편의성",
        "SentimentText": "사용하기 너무 편하고 좋아서 기분 좋게 선물했습니다",
        "SentimentWord": "7",
        "SentimentPolarity": "1"
      },
      {
        "Aspect": "품질",
        "SentimentText": "품질도 적당하고 선물하는사람이나 받는사람 모두 만족할 수 있는 선물인거 같아요",
        "SentimentWord": "10",
        "SentimentPolarity": "0"
      }
    ]
  },
  {
    "Index": "11558",
    "RawText": "고메크리스피 한 팩이 다 들어가네요^^기름이 없이 빠삭하고 너무간편해서 먹으면서 대~박을 연발..살찔까 걱정될정도로 간편하고 세착도 너무 쉽고 좋아요~오만거 다 시도해봐야겠네요~",
    "Source": "SNS",
    "Domain": "가전",
    "MainCategory": "주방가전",
    "ProductName": "(TV)베스트 하임 THE 건강한 에어프라이어",
    "ReviewScore": "100",
    "Syllable": "99",
    "Word": "19",
    "RDate": "20180727",
    "GeneralPolarity": "1",
    "Aspects": [
      {
        "Aspect": "편의성",
        "SentimentText": "기름이 없이 빠삭하고 너무간편해서 먹으면서 대~박을 연발..",
        "SentimentWord": "7",
        "SentimentPolarity": "1"
      },
      {
        "Aspect": "편의성",
        "SentimentText": "간편하고 세착도 너무 쉽고 좋아요",
        "SentimentWord": "5",
        "SentimentPolarity": "1"
      }
    ]
  },
  {
    "Index": "11559",
    "RawText": "세번 사용, 밑의 냄비 바닥 벗겨짐. ;; 이게 왜 이런건가요?  반품 또는 교환 조치 바랍니다.  부드러운 소재로 닦았고요. ???? 내구성이 왜이러죠? 좋은 제품인데 이런 클레임이 발생하다니 매우 아쉬워요 ",
    "Source": "SNS",
    "Domain": "가전",
    "MainCategory": "주방가전",
    "ProductName": "(TV)베스트 하임 THE 건강한 에어프라이어",
    "ReviewScore": "40",
    "Syllable": "117",
    "Word": "28",
    "RDate": "20180727",
    "GeneralPolarity": "-1",
    "Aspects": [
      {
        "Aspect": "내구성",
        "SentimentText": "냄비 바닥 벗겨짐. ;; 이게 왜 이런건가요? ",
        "SentimentWord": "7",
        "SentimentPolarity": "-1"
      },
      {
        "Aspect": "내구성",
        "SentimentText": "부드러운 소재로 닦았고요. ???? 내구성이 왜이러죠?",
        "SentimentWord": "6",
        "SentimentPolarity": "-1"
      }
    ]
  },
  {
    "Index": "11560",
    "RawText": "편리하긴 한데 조금 설명서가 보기가 불편하네요. ;; 사용하기가 조금 힘들어요. ;; 적응하기가 아직이예요. 성능이 반반이라 추천하기에는 모르겠어요",
    "Source": "SNS",
    "Domain": "가전",
    "MainCategory": "주방가전",
    "ProductName": "(TV)아이오 진공 포장기",
    "ReviewScore": "60",
    "Syllable": "82",
    "Word": "17",
    "RDate": "20171012",
    "GeneralPolarity": "0",
    "Aspects": [
      {
        "Aspect": "편의성",
        "SentimentText": "조금 설명서가 보기가 불편하네요. ;;",
        "SentimentWord": "5",
        "SentimentPolarity": "-1"
      },
      {
        "Aspect": "조작성",
        "SentimentText": "사용하기가 조금 힘들어요. ;; 적응하기가 아직이예요.",
        "SentimentWord": "6",
        "SentimentPolarity": "-1"
      },
      {
        "Aspect": "기능",
        "SentimentText": "성능이 반반이라 추천하기에는 모르겠어요",
        "SentimentWord": "4",
        "SentimentPolarity": "0"
      }
    ]
  },
  {
    "Index": "11561",
    "RawText": "진공포장기 필요하다고 늘생각했었는데 드디어 장만하걱 되었어요  대략 잘 진공포장 되는데 어떤건 안되는 것도 있어요 함께온 비닐로는 잘되어서 사용하고 있어요",
    "Source": "SNS",
    "Domain": "가전",
    "MainCategory": "주방가전",
    "ProductName": "(TV)아이오 진공 포장기",
    "ReviewScore": "100",
    "Syllable": "86",
    "Word": "19",
    "RDate": "20180404",
    "GeneralPolarity": "1",
    "Aspects": [
      {
        "Aspect": "기능",
        "SentimentText": "대략 잘 진공포장 되는데 어떤건 안되는 것도 있어요",
        "SentimentWord": "8",
        "SentimentPolarity": "0"
      },
      {
        "Aspect": "제품구성",
        "SentimentText": "함께온 비닐로는 잘되어서 사용하고 있어요",
        "SentimentWord": "5",
        "SentimentPolarity": "1"
      }
    ]
  },
  {
    "Index": "11562",
    "RawText": "여행갈때 사용하려고 구입했는데 진짜 디자인 귀엽고 색상이 너무 이뻐요 아직 사용은 안해봤지만 다른 댓글처럼 딱 1인분용이네요.",
    "Source": "SNS",
    "Domain": "가전",
    "MainCategory": "주방가전",
    "ProductName": "(TV)오뜨로닉 쁘띠 멀티포트 1+1",
    "ReviewScore": "100",
    "Syllable": "70",
    "Word": "16",
    "RDate": "20200426",
    "GeneralPolarity": "1",
    "Aspects": [
      {
        "Aspect": "디자인",
        "SentimentText": "진짜 디자인 귀엽고",
        "SentimentWord": "3",
        "SentimentPolarity": "1"
      },
      {
        "Aspect": "색상",
        "SentimentText": "색상이 너무 이뻐요",
        "SentimentWord": "3",
        "SentimentPolarity": "1"
      }
    ]
  },
  {
    "Index": "11563",
    "RawText": "품질이 너무 안좋아요 세척시 코드끼우는부분에  물이 안들어갈수도없는데  물이들어가지않게하라는 문구가 적혀있고 사용3번만에 고장났어요 최악",
    "Source": "SNS",
    "Domain": "가전",
    "MainCategory": "주방가전",
    "ProductName": "(TV)오뜨로닉 쁘띠 멀티포트 1+1",
    "ReviewScore": "10",
    "Syllable": "76",
    "Word": "13",
    "RDate": "20200403",
    "GeneralPolarity": "-1",
    "Aspects": [
      {
        "Aspect": "품질",
        "SentimentText": "품질이 너무 안좋아요",
        "SentimentWord": "3",
        "SentimentPolarity": "-1"
      },
      {
        "Aspect": "품질",
        "SentimentText": "사용3번만에 고장났어요 최악",
        "SentimentWord": "3",
        "SentimentPolarity": "-1"
      }
    ]
  },
  {
    "Index": "11564",
    "RawText": "배송도 빨라서 좋고 크기도 적은 식구가 먹기엔 딱 좋아요 ~ 어머니랑 전부치려고 샀는데 어머니가 엄청 좋아하세요 ○○ 명성 믿고 구매했어요~!!",
    "Source": "SNS",
    "Domain": "가전",
    "MainCategory": "주방가전",
    "ProductName": "(TV_5만세일)테팔 델리시앙 그릴",
    "ReviewScore": "100",
    "Syllable": "80",
    "Word": "20",
    "RDate": "20190129",
    "Aspects": [
      {
        "Aspect": "사이즈",
        "SentimentText": "크기도 적은 식구가 먹기엔 딱 좋아요 ~",
        "SentimentWord": "7",
        "SentimentPolarity": "1"
      },
      {
        "Aspect": "제조일/제조사",
        "SentimentText": "○○ 명성 믿고 구매했어요~!!",
        "SentimentWord": "4",
        "SentimentPolarity": "1"
      }
    ]
  },
  {
    "Index": "11565",
    "RawText": "먼저쓰던 그릴은 먹다보면 온도가 꺼져서 불편했는데 요번건 기름도 안튀고 세척편하고 고기도 잘구워지는게 대만족 입니다",
    "Source": "SNS",
    "Domain": "가전",
    "MainCategory": "주방가전",
    "ProductName": "(TV_5만세일)테팔 델리시앙 그릴",
    "ReviewScore": "100",
    "Syllable": "64",
    "Word": "14",
    "RDate": "20190214",
    "GeneralPolarity": "1",
    "Aspects": [
      {
        "Aspect": "편의성",
        "SentimentText": "기름도 안튀고 세척편하고",
        "SentimentWord": "3",
        "SentimentPolarity": "1"
      },
      {
        "Aspect": "기능",
        "SentimentText": "고기도 잘구워지는게 대만족 입니다",
        "SentimentWord": "4",
        "SentimentPolarity": "1"
      }
    ]
  },
  {
    "Index": "11566",
    "RawText": "몸체와분리되어세척하기도좋고열분포도골고루되서좋고홈이없어깨끗 해서좋아요싸게사서더좋아요설에부침개와갈비할거예요",
    "Source": "SNS",
    "Domain": "가전",
    "MainCategory": "주방가전",
    "ProductName": "(TV_5만세일)테팔 델리시앙 그릴",
    "ReviewScore": "100",
    "Syllable": "57",
    "Word": "2",
    "RDate": "20190131",
    "GeneralPolarity": "1",
    "Aspects": [
      {
        "Aspect": "편의성",
        "SentimentText": "몸체와분리되어세척하기도좋고",
        "SentimentWord": "1",
        "SentimentPolarity": "1"
      },
      {
        "Aspect": "기능",
        "SentimentText": "열분포도골고루되서좋고",
        "SentimentWord": "1",
        "SentimentPolarity": "1"
      },
      {
        "Aspect": "가격",
        "SentimentText": "싸게사서더좋아요",
        "SentimentWord": "1",
        "SentimentPolarity": "1"
      }
    ]
  },
  {
    "Index": "11567",
    "RawText": "상품을 뜯어보니 어디서 깨진지는 모르겠지만 깨진 잔해가 있더라구요~ ;; 겉으로는 안보이지만 그래도 찜찜해서 교환하고 싶네요!ㅜㅜ 품질이 별로인 것 같아요~",
    "Source": "SNS",
    "Domain": "가전",
    "MainCategory": "주방가전",
    "ProductName": "(TV_5만세일)테팔 델리시앙 그릴",
    "ReviewScore": "40",
    "Syllable": "87",
    "Word": "19",
    "RDate": "20190127",
    "Aspects": [
      {
        "Aspect": "내구성",
        "SentimentText": "상품을 뜯어보니 어디서 깨진지는 모르겠지만 깨진 잔해가 있더라구요~ ;;",
        "SentimentWord": "9",
        "SentimentPolarity": "-1"
      },
      {
        "Aspect": "품질",
        "SentimentText": "품질이 별로인 것 같아요~",
        "SentimentWord": "4",
        "SentimentPolarity": "-1"
      }
    ]
  },
  {
    "Index": "11568",
    "RawText": "신제품 이라서 주저없이 구매햏는데 조금은 토박한면이 잏긴하지만 고기구위보니 아주잘구워져 좋고 기름받이만 잏어 좀편리한느낌입니다",
    "Source": "SNS",
    "Domain": "가전",
    "MainCategory": "주방가전",
    "ProductName": "(TV_5만세일)테팔 델리시앙 그릴",
    "ReviewScore": "80",
    "Syllable": "70",
    "Word": "13",
    "RDate": "20190213",
    "GeneralPolarity": "1",
    "Aspects": [
      {
        "Aspect": "기능",
        "SentimentText": "고기구위보니 아주잘구워져 좋고",
        "SentimentWord": "3",
        "SentimentPolarity": "1"
      },
      {
        "Aspect": "편의성",
        "SentimentText": "기름받이만 잏어 좀편리한느낌입니다",
        "SentimentWord": "3",
        "SentimentPolarity": "1"
      }
    ]
  },
  {
    "Index": "11569",
    "RawText": "아직 고기는 구워먹지는 못했지만 전골팬에 명절때 전을 구웠는데 좋아요  좌우대칭이 맞지않는듯 좀 덜컹거리는데 자꾸 쓰다보면 괜찮아지겠죠? 크게 불편하지는 않아요. ",
    "Source": "SNS",
    "Domain": "가전",
    "MainCategory": "주방가전",
    "ProductName": "(TV_5만세일)테팔 델리시앙 그릴",
    "ReviewScore": "100",
    "Syllable": "91",
    "Word": "19",
    "RDate": "20190302",
    "GeneralPolarity": "1",
    "Aspects": [
      {
        "Aspect": "기능",
        "SentimentText": "전골팬에 명절때 전을 구웠는데 좋아요",
        "SentimentWord": "5",
        "SentimentPolarity": "1"
      },
      {
        "Aspect": "디자인",
        "SentimentText": "좌우대칭이 맞지않는듯 좀 덜컹거리는데 자꾸 쓰다보면 괜찮아지겠죠? 크게 불편하지는 않아요.",
        "SentimentWord": "10",
        "SentimentPolarity": "0"
      }
    ]
  },
  {
    "Index": "11570",
    "RawText": "제품이 가볍긴한데 몸체가 프라스틱재질인가봐욤 불안한데. ㅠㅠ 열이 많이나는제품인데 기름받이가 가벼운재질이라 꼭 녹을거같은느낌이네요.  사용해봐야  겠지요",
    "Source": "SNS",
    "Domain": "가전",
    "MainCategory": "주방가전",
    "ProductName": "(TV_5만세일)테팔 델리시앙 그릴",
    "ReviewScore": "100",
    "Syllable": "85",
    "Word": "14",
    "RDate": "20190208",
    "GeneralPolarity": "-1",
    "Aspects": [
      {
        "Aspect": "무게",
        "SentimentText": "제품이 가볍긴한데 ",
        "SentimentWord": "2",
        "SentimentPolarity": "1"
      },
      {
        "Aspect": "소재",
        "SentimentText": "기름받이가 가벼운재질이라 꼭 녹을거같은느낌이네요",
        "SentimentWord": "4",
        "SentimentPolarity": "-1"
      },
      {
        "Aspect": "소재",
        "SentimentText": "몸체가 프라스틱재질인가봐욤 불안한데. ㅠㅠ",
        "SentimentWord": "4",
        "SentimentPolarity": "-1"
      }
    ]
  },
  {
    "Index": "11571",
    "RawText": "오랫동안 OO그릴을 사용했는데 15년정도 썻더니 이제 바꿀 때가 되어 바꿨는데 오늘 도착하자 씻어서 바로 사용했어요. 물받이가 없어서 좋구 기름이 튀지않아 좋아요.",
    "Source": "SNS",
    "Domain": "가전",
    "MainCategory": "주방가전",
    "ProductName": "(TV_5만세일)테팔 델리시앙 그릴",
    "ReviewScore": "100",
    "Syllable": "91",
    "Word": "21",
    "RDate": "20190211",
    "GeneralPolarity": "1",
    "Aspects": [
      {
        "Aspect": "제품구성",
        "SentimentText": "물받이가 없어서 좋구",
        "SentimentWord": "3",
        "SentimentPolarity": "1"
      },
      {
        "Aspect": "품질",
        "SentimentText": "기름이 튀지않아 좋아요.",
        "SentimentWord": "3",
        "SentimentPolarity": "1"
      }
    ]
  },
  {
    "Index": "11572",
    "RawText": "오자마자 세척 후 바로 고기 구워 먹었어요. 설명서처럼 예열시 처음엔 타는 냄새가 나지만 곧 괜찮아집니다. 기름도 덜 튀고 만족합니다.세척도 간편! 조만간 전골도 기대 기대",
    "Source": "SNS",
    "Domain": "가전",
    "MainCategory": "주방가전",
    "ProductName": "(TV_5만세일)테팔 델리시앙 그릴",
    "ReviewScore": "100",
    "Syllable": "96",
    "Word": "24",
    "RDate": "20190209",
    "GeneralPolarity": "1",
    "Aspects": [
      {
        "Aspect": "기능",
        "SentimentText": "기름도 덜 튀고 만족합니다.",
        "SentimentWord": "4",
        "SentimentPolarity": "1"
      },
      {
        "Aspect": "편의성",
        "SentimentText": "세척도 간편!",
        "SentimentWord": "2",
        "SentimentPolarity": "1"
      }
    ]
  },
  {
    "Index": "11573",
    "RawText": "도착하자마자 사용했는데 세기가 약한건지 고기굽는 데 시간이 좀 걸리네요. 다 먹은 후에 기름 닦아내는데 코팅이 조금 벗겨져요ㅠ",
    "Source": "SNS",
    "Domain": "가전",
    "MainCategory": "주방가전",
    "ProductName": "(TV_5만세일)테팔 델리시앙 그릴",
    "ReviewScore": "60",
    "Syllable": "70",
    "Word": "17",
    "RDate": "20190212",
    "Aspects": [
      {
        "Aspect": "시간/속도",
        "SentimentText": "도착하자마자 사용했는데 세기가 약한건지 고기굽는 데 시간이 좀 걸리네요.",
        "SentimentWord": "9",
        "SentimentPolarity": "-1"
      },
      {
        "Aspect": "품질",
        "SentimentText": "다 먹은 후에 기름 닦아내는데 코팅이 조금 벗겨져요ㅠ",
        "SentimentWord": "8",
        "SentimentPolarity": "-1"
      }
    ]
  },
  {
    "Index": "11574",
    "RawText": "삼겹살 굽기용도로 여러가지 알아보다 결정했네요~ OO쇼핑이 제일 저렴해서 좋고 투껑도 주는 곳은 OO쇼핑이라 ^^ 여기서 구매 완료 하였습니다. ○○○이라 기본성능은 하니 나쁘지 않구요~ 크기도 딱 적당(4인가족)합니다 ^^",
    "Source": "SNS",
    "Domain": "가전",
    "MainCategory": "주방가전",
    "ProductName": "(TV_5만세일)테팔 델리시앙 그릴",
    "ReviewScore": "100",
    "Syllable": "125",
    "Word": "27",
    "RDate": "20190201",
    "GeneralPolarity": "1",
    "Aspects": [
      {
        "Aspect": "가격",
        "SentimentText": "OO쇼핑이 제일 저렴해서 좋고",
        "SentimentWord": "4",
        "SentimentPolarity": "1"
      },
      {
        "Aspect": "제품구성",
        "SentimentText": "투껑도 주는 곳은 OO쇼핑이라 ^^",
        "SentimentWord": "5",
        "SentimentPolarity": "1"
      },
      {
        "Aspect": "기능",
        "SentimentText": "○○○이라 기본성능은 하니 나쁘지 않구요~",
        "SentimentWord": "5",
        "SentimentPolarity": "0"
      },
      {
        "Aspect": "사이즈",
        "SentimentText": "크기도 딱 적당(4인가족)합니다 ^^",
        "SentimentWord": "4",
        "SentimentPolarity": "1"
      }
    ]
  },
  {
    "Index": "11575",
    "RawText": "주말에 구매해서 오늘 받았습니다. 가격은 그럭저럭 적당한 거 같아요 박스를 뜯자마자 흰색 길쭉한 조각 4개가 떨어져서 기분이 별로였는데.. 상품 겉 케이스 같은 회색 조각도 깨진조각이 4개나 나와서 교환을 해야할거 같네요",
    "Source": "SNS",
    "Domain": "가전",
    "MainCategory": "주방가전",
    "ProductName": "(TV_5만세일)테팔 델리시앙 그릴",
    "ReviewScore": "100",
    "Syllable": "123",
    "Word": "30",
    "RDate": "20190212",
    "Aspects": [
      {
        "Aspect": "가격",
        "SentimentText": "가격은 그럭저럭 적당한 거 같아요",
        "SentimentWord": "5",
        "SentimentPolarity": "0"
      },
      {
        "Aspect": "내구성",
        "SentimentText": "박스를 뜯자마자 흰색 길쭉한 조각 4개가 떨어져서 기분이 별로였는데..",
        "SentimentWord": "9",
        "SentimentPolarity": "-1"
      }
    ]
  },
  {
    "Index": "11576",
    "RawText": "상품을 받고 바로 삼겹살 시식했어요 편하고 눌러붇지않아서 좋고 기름도 경사가  있어 잘 빠지고 편했어요 ^^감사합니다   잘 사용할께요",
    "Source": "SNS",
    "Domain": "가전",
    "MainCategory": "주방가전",
    "ProductName": "(TV_6만세일_직배송)테팔 델리시앙 그릴",
    "ReviewScore": "100",
    "Syllable": "75",
    "Word": "17",
    "RDate": "20190903",
    "GeneralPolarity": "1",
    "Aspects": [
      {
        "Aspect": "편의성",
        "SentimentText": "편하고 눌러붇지않아서 좋고",
        "SentimentWord": "3",
        "SentimentPolarity": "1"
      },
      {
        "Aspect": "편의성",
        "SentimentText": "기름도 경사가  있어 잘 빠지고 편했어요 ^^",
        "SentimentWord": "7",
        "SentimentPolarity": "1"
      }
    ]
  },
  {
    "Index": "11577",
    "RawText": "사이즈가 적당하네요..배송받자마자 돼지갈비 구워 먹었어요. 후라이팬에선 타고 맛도 별로였는데 기능이 좋아서 인지 타지않고 양념도 잘배고 맛있게 먹었어요. 만족합니다.",
    "Source": "SNS",
    "Domain": "가전",
    "MainCategory": "주방가전",
    "ProductName": "(TV_6만세일_직배송)테팔 델리시앙 그릴",
    "ReviewScore": "100",
    "Syllable": "92",
    "Word": "18",
    "RDate": "20191003",
    "Aspects": [
      {
        "Aspect": "사이즈",
        "SentimentText": "사이즈가 적당하네요..",
        "SentimentWord": "2",
        "SentimentPolarity": "0"
      },
      {
        "Aspect": "기능",
        "SentimentText": "기능이 좋아서 인지 타지않고 양념도 잘배고 맛있게 먹었어요. 만족합니다.",
        "SentimentWord": "9",
        "SentimentPolarity": "1"
      }
    ]
  },
  {
    "Index": "11578",
    "RawText": "OOO그릴 OOO 추석에 잘사용했네요 그런데 좀느르게 구어지네요 ㅠ 식구가많은데 그것만빼고 성능은 괜찮아요 잘쓰겠습니다 감사합니다 ~",
    "Source": "SNS",
    "Domain": "가전",
    "MainCategory": "주방가전",
    "ProductName": "(TV_6만세일_직배송)테팔 델리시앙 그릴",
    "ReviewScore": "80",
    "Syllable": "74",
    "Word": "15",
    "RDate": "20190917",
    "Aspects": [
      {
        "Aspect": "시간/속도",
        "SentimentText": "좀느르게 구어지네요 ㅠ",
        "SentimentWord": "3",
        "SentimentPolarity": "-1"
      },
      {
        "Aspect": "기능",
        "SentimentText": "성능은 괜찮아요",
        "SentimentWord": "2",
        "SentimentPolarity": "1"
      }
    ]
  },
  {
    "Index": "11579",
    "RawText": "화력은 좀 약해서 아쉽네요~~ㅠ그런대로 식탁위에 놓고 삼겹살구워먹는대는 지장없어  잘 먹고있습니다.기름은 튀지않고 세척 잘되는  장점으로 쓰겠습니다~~^^",
    "Source": "SNS",
    "Domain": "가전",
    "MainCategory": "주방가전",
    "ProductName": "(TV_6만세일_직배송)테팔 델리시앙 그릴",
    "ReviewScore": "100",
    "Syllable": "86",
    "Word": "15",
    "RDate": "20191008",
    "GeneralPolarity": "0",
    "Aspects": [
      {
        "Aspect": "기능",
        "SentimentText": "화력은 좀 약해서 아쉽네요~~ㅠ",
        "SentimentWord": "4",
        "SentimentPolarity": "-1"
      },
      {
        "Aspect": "편의성",
        "SentimentText": "기름은 튀지않고 세척 잘되는  장점으로 쓰겠습니다~~^^",
        "SentimentWord": "6",
        "SentimentPolarity": "1"
      }
    ]
  },
  {
    "Index": "11580",
    "RawText": "기대하고 물건받았는데 보기보다넘가벼워서 싼티나고 ㅠ 기존제품보다 열이약해 답답해요 ㅠ맘같아선 반품하고싶은데 한번써서 못할듯 써봐야좋은줄알쥐ㅠㅠ",
    "Source": "SNS",
    "Domain": "가전",
    "MainCategory": "주방가전",
    "ProductName": "(TV_6만세일_직배송)테팔 델리시앙 그릴",
    "ReviewScore": "40",
    "Syllable": "79",
    "Word": "13",
    "RDate": "20190911",
    "GeneralPolarity": "-1",
    "Aspects": [
      {
        "Aspect": "무게",
        "SentimentText": "보기보다넘가벼워서 싼티나고 ㅠ",
        "SentimentWord": "3",
        "SentimentPolarity": "-1"
      },
      {
        "Aspect": "기능",
        "SentimentText": "기존제품보다 열이약해 답답해요 ㅠ",
        "SentimentWord": "4",
        "SentimentPolarity": "-1"
      }
    ]
  },
  {
    "Index": "11581",
    "RawText": "엄마가처음에 결제해 달라고 할 때 이게 무슨 소용이야 했는데 써보니까 달라붙지도 않고 씻기도 간편하고 좋은 거  같아요.   다만  열전도율이 약해서 시간이 오래 걸려요. ㅠ",
    "Source": "SNS",
    "Domain": "가전",
    "MainCategory": "주방가전",
    "ProductName": "(TV_6만세일_직배송)테팔 델리시앙 그릴",
    "ReviewScore": "100",
    "Syllable": "97",
    "Word": "24",
    "RDate": "20190925",
    "GeneralPolarity": "0",
    "Aspects": [
      {
        "Aspect": "편의성",
        "SentimentText": "써보니까 달라붙지도 않고 씻기도 간편하고 좋은 거  같아요.",
        "SentimentWord": "8",
        "SentimentPolarity": "1"
      },
      {
        "Aspect": "시간/속도",
        "SentimentText": "다만  열전도율이 약해서 시간이 오래 걸려요. ㅠ",
        "SentimentWord": "7",
        "SentimentPolarity": "-1"
      }
    ]
  }
]