[
  {
    "Index": "25916",
    "RawText": "착한 가격에 잘 산 듯해서 기분 좋아요. 이제품은 건전지가 앞면  쪽에서  들어가 편해요   화구 사이즈도 달라서 크기별로  사용하지 좋네요",
    "Source": "쇼핑몰",
    "Domain": "가전",
    "MainCategory": "주방가전",
    "ProductName": "뉴에코 SK매직 GRA-910SR",
    "ReviewScore": "5",
    "Syllable": "78",
    "Word": "19",
    "RDate": "20191106",
    "GeneralPolarity": "1",
    "Aspects": [
      {
        "Aspect": "가격",
        "SentimentText": "착한 가격에 잘 산 듯해서 기분 좋아요.  ",
        "SentimentWord": "7",
        "SentimentPolarity": "1"
      },
      {
        "Aspect": "편의성",
        "SentimentText": " 건전지가 앞면 쪽에서  들어가 편해요 ",
        "SentimentWord": "5",
        "SentimentPolarity": "1"
      },
      {
        "Aspect": "사이즈",
        "SentimentText": "화구 사이즈도 달라서 크기별로  사용하지 좋네요 ",
        "SentimentWord": "6",
        "SentimentPolarity": "1"
      }
    ]
  },
  {
    "Index": "25917",
    "RawText": "고객 연락처도 구분 못하는 고객센터 때문에  답답해서  짜증 납니다.  디자인은 왜 이렇게 촌스러운지  반품하고 싶은 심정으로 마음에 안 들어요  구매후에 다음날부터 할인행사해서 속은 기분이네요.",
    "Source": "쇼핑몰",
    "Domain": "가전",
    "MainCategory": "주방가전",
    "ProductName": "뉴에코 SK매직 GRA-910SR",
    "ReviewScore": "5",
    "Syllable": "109",
    "Word": "24",
    "RDate": "20201009",
    "Aspects": [
      {
        "Aspect": "가격",
        "SentimentText": "구매후에 다음날부터 할인행사해서 속은 기분이네요.",
        "SentimentWord": "5",
        "SentimentPolarity": "-1"
      },
      {
        "Aspect": "디자인",
        "SentimentText": "디자인은 왜 이렇게 촌스러운지  반품하고 싶은 심정으로 마음에 안 들어요",
        "SentimentWord": "10",
        "SentimentPolarity": "-1"
      }
    ]
  },
  {
    "Index": "25918",
    "RawText": "화력은 세서 좋습니다.  청소도 편하고 배터리 교체도 앞쪽이라서 사용하기 편하네요~",
    "Source": "쇼핑몰",
    "Domain": "가전",
    "MainCategory": "주방가전",
    "ProductName": "뉴에코 SK매직 GRA-910SR",
    "ReviewScore": "5",
    "Syllable": "46",
    "Word": "10",
    "RDate": "20201014",
    "GeneralPolarity": "1",
    "Aspects": [
      {
        "Aspect": "기능",
        "SentimentText": "화력은 세서 좋습니다.",
        "SentimentWord": "3",
        "SentimentPolarity": "1"
      },
      {
        "Aspect": "편의성",
        "SentimentText": "청소도 편하고 배터리 교체도 앞쪽이라서 사용하기 편하네요~",
        "SentimentWord": "7",
        "SentimentPolarity": "1"
      }
    ]
  },
  {
    "Index": "25919",
    "RawText": "디자인이 깔끔하고  심플해서  좋습니다. 배송도 빨랐고 친절한 기사님이  설명도 잘  해주셔서 기분이 좋았습니다 구석구석 품질에 이상없이 튼튼해요.",
    "Source": "쇼핑몰",
    "Domain": "가전",
    "MainCategory": "주방가전",
    "ProductName": "뉴에코 SK매직 GRA-910SR",
    "ReviewScore": "5",
    "Syllable": "82",
    "Word": "17",
    "RDate": "20200528",
    "Aspects": [
      {
        "Aspect": "디자인",
        "SentimentText": "디자인이 깔끔하고  심플해서  좋습니다. ",
        "SentimentWord": "4",
        "SentimentPolarity": "1"
      },
      {
        "Aspect": "품질",
        "SentimentText": "구석구석 품질에 이상없이 튼튼해요.",
        "SentimentWord": "4",
        "SentimentPolarity": "1"
      }
    ]
  },
  {
    "Index": "25920",
    "RawText": "화구가 3구라서 사용하기  편한 것 같아요. 화력도 세서 요리시간도 빨라서 좋아요",
    "Source": "쇼핑몰",
    "Domain": "가전",
    "MainCategory": "주방가전",
    "ProductName": "뉴에코 SK매직 GRA-910SR",
    "ReviewScore": "5",
    "Syllable": "45",
    "Word": "11",
    "RDate": "20210101",
    "GeneralPolarity": "1",
    "Aspects": [
      {
        "Aspect": "편의성",
        "SentimentText": "화구가 3구라서 사용하기  편한 것 같아요",
        "SentimentWord": "6",
        "SentimentPolarity": "1"
      },
      {
        "Aspect": "시간/속도",
        "SentimentText": "화력도 세서 요리시간도 빨라서 좋아요 ",
        "SentimentWord": "5",
        "SentimentPolarity": "1"
      }
    ]
  },
  {
    "Index": "25922",
    "RawText": "배송은 빠른 것 같아서 좋은데요. 포장 상태가 그렇게 좋지 않아 실망입니다. 가격이 너무 비싸고 호갱이된 기분이에요.ㅠㅠ 그래도 가스 점화나 기타 기능들이 좋으니까 잘 쓰겠습니다.",
    "Source": "쇼핑몰",
    "Domain": "가전",
    "MainCategory": "주방가전",
    "ProductName": "뉴에코 SK매직 GRA-910SR",
    "ReviewScore": "5",
    "Syllable": "100",
    "Word": "24",
    "RDate": "20200425",
    "Aspects": [
      {
        "Aspect": "가격",
        "SentimentText": "가격이 너무 비싸고 호갱이된 기분이에요.ㅠㅠ",
        "SentimentWord": "5",
        "SentimentPolarity": "-1"
      },
      {
        "Aspect": "기능",
        "SentimentText": "그래도 가스 점화나 기타 기능들이 좋으니까 잘 쓰겠습니다.",
        "SentimentWord": "8",
        "SentimentPolarity": "1"
      }
    ]
  },
  {
    "Index": "25923",
    "RawText": "배송도 빨랐고 깔끔하게 설치까지 해주셔서 아주 좋네요. 다만 마감 처리가 깔끔하지 않아 매우 불만족 스럽습니다 할인행사로 득템했어요.",
    "Source": "쇼핑몰",
    "Domain": "가전",
    "MainCategory": "주방가전",
    "ProductName": "뉴에코 SK매직 GRA-910SR",
    "ReviewScore": "5",
    "Syllable": "74",
    "Word": "17",
    "RDate": "20220524",
    "Aspects": [
      {
        "Aspect": "가격",
        "SentimentText": "할인행사로 득템했어요.",
        "SentimentWord": "2",
        "SentimentPolarity": "1"
      },
      {
        "Aspect": "품질",
        "SentimentText": " 마감 처리가 깔끔하지 않아 매우 불만족 스럽습니다 ",
        "SentimentWord": "7",
        "SentimentPolarity": "-1"
      }
    ]
  },
  {
    "Index": "25924",
    "RawText": "배송은 빨라서  좋았습니다.  제품 화력도 세서 너무 만족하는 편입니다. 무게도 적당해서 혼자서도 충분히 이동이 가능합니다.",
    "Source": "쇼핑몰",
    "Domain": "가전",
    "MainCategory": "주방가전",
    "ProductName": "뉴에코 SK매직 GRA-910SR",
    "ReviewScore": "5",
    "Syllable": "69",
    "Word": "15",
    "RDate": "20220731",
    "Aspects": [
      {
        "Aspect": "무게",
        "SentimentText": "무게도 적당해서 혼자서도 충분히 이동이 가능합니다.",
        "SentimentWord": "6",
        "SentimentPolarity": "1"
      },
      {
        "Aspect": "기능",
        "SentimentText": "제품 화력도 세서 너무 만족하는 편입니다. ",
        "SentimentWord": "6",
        "SentimentPolarity": "1"
      }
    ]
  },
  {
    "Index": "25925",
    "RawText": "청소하기 쉽게 되어 있는 상판이라서 편해요. 근데 검정색으로 샀더니  먼지 같은게 잘 보여 신경쓰입니다",
    "Source": "쇼핑몰",
    "Domain": "가전",
    "MainCategory": "주방가전",
    "ProductName": "뉴에코 SK매직 GRA-910SR",
    "ReviewScore": "4",
    "Syllable": "57",
    "Word": "14",
    "RDate": "20201118",
    "GeneralPolarity": "0",
    "Aspects": [
      {
        "Aspect": "편의성",
        "SentimentText": "청소하기 쉽게 되어 있는 상판이라서 편해요. ",
        "SentimentWord": "6",
        "SentimentPolarity": "1"
      },
      {
        "Aspect": "색상",
        "SentimentText": "검정색으로 샀더니  먼지 같은게 잘 보여 신경쓰입니다 ",
        "SentimentWord": "7",
        "SentimentPolarity": "0"
      }
    ]
  },
  {
    "Index": "25926",
    "RawText": "다른 사이트보다는 가격이 비싼 것 같아 짜증나요 . 디자인도 싸구려처럼 보여 모든 게 마음에 안 들어요.",
    "Source": "쇼핑몰",
    "Domain": "가전",
    "MainCategory": "주방가전",
    "ProductName": "뉴에코 SK매직 GRA-910SR",
    "ReviewScore": "4",
    "Syllable": "58",
    "Word": "16",
    "RDate": "20191025",
    "GeneralPolarity": "-1",
    "Aspects": [
      {
        "Aspect": "가격",
        "SentimentText": "다른 사이트보다는 가격이 비싼 것 같아 짜증나요 ",
        "SentimentWord": "7",
        "SentimentPolarity": "-1"
      },
      {
        "Aspect": "디자인",
        "SentimentText": "디자인도 싸구려처럼 보여 모든 게 마음에 안 들어요.",
        "SentimentWord": "8",
        "SentimentPolarity": "-1"
      }
    ]
  },
  {
    "Index": "25927",
    "RawText": "렌지 화력이 세서 좋아요  기사님도  친절하게 설치 잘 해주셔서 기분이 좋습니다. 앞면에서 배터리 교체 할 수 있는 편의성까지 있어  마음에 더 듭니다",
    "Source": "쇼핑몰",
    "Domain": "가전",
    "MainCategory": "주방가전",
    "ProductName": "뉴에코 SK매직 GRA-910SR",
    "ReviewScore": "5",
    "Syllable": "84",
    "Word": "22",
    "RDate": "20220323",
    "Aspects": [
      {
        "Aspect": "기능",
        "SentimentText": "렌지 화력이 세서 좋아요  ",
        "SentimentWord": "4",
        "SentimentPolarity": "1"
      },
      {
        "Aspect": "편의성",
        "SentimentText": "앞면에서 배터리 교체 할 수 있는 편의성까지 있어  마음에 더 듭니다  ",
        "SentimentWord": "11",
        "SentimentPolarity": "1"
      }
    ]
  },
  {
    "Index": "25928",
    "RawText": "급하게 구매 했는데 빠르게 배송및  설치와서 아주 만족해요 . 다만 사이즈 생각 못하고 사서 인지  사이즈가 커서 당황스럽네요 화력이 짱 좋아요.",
    "Source": "쇼핑몰",
    "Domain": "가전",
    "MainCategory": "주방가전",
    "ProductName": "뉴에코 SK매직 GRA-910SR",
    "ReviewScore": "5",
    "Syllable": "81",
    "Word": "21",
    "RDate": "20220314",
    "Aspects": [
      {
        "Aspect": "기능",
        "SentimentText": "화력이 짱 좋아요.",
        "SentimentWord": "3",
        "SentimentPolarity": "1"
      },
      {
        "Aspect": "사이즈",
        "SentimentText": "다만 사이즈 생각 못하고 사서 인지  사이즈가 커서 당황스럽네요 ",
        "SentimentWord": "9",
        "SentimentPolarity": "-1"
      }
    ]
  },
  {
    "Index": "25929",
    "RawText": "전면에서 배터리 교체할 수 있어 편해요 원터치 점화 기능 덕에 불도 한 번에 붙어 좋습니다.",
    "Source": "쇼핑몰",
    "Domain": "가전",
    "MainCategory": "주방가전",
    "ProductName": "뉴에코 SK매직 GRA-910SR",
    "ReviewScore": "5",
    "Syllable": "51",
    "Word": "15",
    "RDate": "20220822",
    "GeneralPolarity": "1",
    "Aspects": [
      {
        "Aspect": "편의성",
        "SentimentText": "전면에서 배터리 교체할 수 있어 편해요 ",
        "SentimentWord": "6",
        "SentimentPolarity": "1"
      },
      {
        "Aspect": "기능",
        "SentimentText": " 원터치 점화 기능 덕에 불도 한 번에 붙어 좋습니다.",
        "SentimentWord": "9",
        "SentimentPolarity": "1"
      }
    ]
  },
  {
    "Index": "25930",
    "RawText": "4단계  화력 조절이 있어  화력이 세서 너무 좋습니다. 근데 상판 디자인이 너무 촌스러워 마음에 안들어요",
    "Source": "쇼핑몰",
    "Domain": "가전",
    "MainCategory": "주방가전",
    "ProductName": "뉴에코 SK매직 GRA-910SR",
    "ReviewScore": "3",
    "Syllable": "59",
    "Word": "15",
    "RDate": "20211010",
    "GeneralPolarity": "0",
    "Aspects": [
      {
        "Aspect": "기능",
        "SentimentText": "4단계  화력 조절이 있어  화력이 세서 너무 좋습니다 ",
        "SentimentWord": "8",
        "SentimentPolarity": "1"
      },
      {
        "Aspect": "디자인",
        "SentimentText": "상판 디자인이 너무 촌스러워 마음에 안들어요",
        "SentimentWord": "6",
        "SentimentPolarity": "-1"
      }
    ]
  },
  {
    "Index": "25931",
    "RawText": "화구 화력은 센 것 같아  굿굿 ㅎㅎ 하지만 디자인이 투박하니 별로입니다",
    "Source": "쇼핑몰",
    "Domain": "가전",
    "MainCategory": "주방가전",
    "ProductName": "뉴에코 SK매직 GRA-910SR",
    "ReviewScore": "5",
    "Syllable": "40",
    "Word": "11",
    "RDate": "20200716",
    "GeneralPolarity": "0",
    "Aspects": [
      {
        "Aspect": "기능",
        "SentimentText": "화구 화력은 센 것 같아  굿굿 ㅎㅎ ",
        "SentimentWord": "7",
        "SentimentPolarity": "1"
      },
      {
        "Aspect": "디자인",
        "SentimentText": "하지만 디자인이 투박하니 별로입니다 ",
        "SentimentWord": "4",
        "SentimentPolarity": "-1"
      }
    ]
  },
  {
    "Index": "25934",
    "RawText": "무게감이 가벼운 것 같아 좋습니다. 안전장치 기능도  있어 사용하기 편한 것 같아요  다만 상판 코팅 마무리가 미흡해서 매우 실망 스럽습니다",
    "Source": "쇼핑몰",
    "Domain": "가전",
    "MainCategory": "주방가전",
    "ProductName": "뉴에코 SK매직 GRA-910SR",
    "ReviewScore": "4",
    "Syllable": "78",
    "Word": "20",
    "RDate": "20220213",
    "GeneralPolarity": "0",
    "Aspects": [
      {
        "Aspect": "무게",
        "SentimentText": "무게감이 가벼운 것 같아 좋습니다.",
        "SentimentWord": "5",
        "SentimentPolarity": "1"
      },
      {
        "Aspect": "기능",
        "SentimentText": " 안전장치 기능도  있어 사용하기 편한 것 같아요  ",
        "SentimentWord": "7",
        "SentimentPolarity": "1"
      },
      {
        "Aspect": "품질",
        "SentimentText": "상판 코팅 마무리가 미흡해서 매우 실망 스럽습니다 ",
        "SentimentWord": "7",
        "SentimentPolarity": "-1"
      }
    ]
  },
  {
    "Index": "25936",
    "RawText": "설치 기사님이 희망일자에 제대로 와서 좋았습니다.  원터치 기능 버튼이 너무 마음에 듭니다 외관이 깔끔하고 정돈되어있어 마음에 들어요.",
    "Source": "쇼핑몰",
    "Domain": "가전",
    "MainCategory": "주방가전",
    "ProductName": "뉴에코 SK매직 GRA-910SR",
    "ReviewScore": "5",
    "Syllable": "75",
    "Word": "17",
    "RDate": "20220504",
    "Aspects": [
      {
        "Aspect": "디자인",
        "SentimentText": "외관이 깔끔하고 정돈되어있어 마음에 들어요.",
        "SentimentWord": "5",
        "SentimentPolarity": "1"
      },
      {
        "Aspect": "기능",
        "SentimentText": "원터치 기능 버튼이 너무 마음에 듭니다 ",
        "SentimentWord": "6",
        "SentimentPolarity": "1"
      }
    ]
  },
  {
    "Index": "25937",
    "RawText": "고장으로 급하게 구매했는데 빠른 설치 및 친절한 기사님 만나서 기분이 좋습니다. 생각보다 디자인이 촌스러워 아쉽네요 부모님 선물로 구매했는데 쓰기 편하다고 만족스러워하십니다.",
    "Source": "쇼핑몰",
    "Domain": "가전",
    "MainCategory": "주방가전",
    "ProductName": "뉴에코 SK매직 GRA-910SR",
    "ReviewScore": "5",
    "Syllable": "97",
    "Word": "21",
    "RDate": "20200722",
    "Aspects": [
      {
        "Aspect": "편의성",
        "SentimentText": "부모님 선물로 구매했는데 쓰기 편하다고 만족스러워하십니다.",
        "SentimentWord": "6",
        "SentimentPolarity": "1"
      },
      {
        "Aspect": "디자인",
        "SentimentText": "생각보다 디자인이 촌스러워 아쉽네요",
        "SentimentWord": "4",
        "SentimentPolarity": "0"
      }
    ]
  },
  {
    "Index": "25938",
    "RawText": "방문 설치 기사께서 친절하게 설명까지 해주셔서 좋았습니다  디자인도 생각보다 깔끔해서 좋았습니다 열효율이 높아서 조리시간이 단축되어 좋습니다.",
    "Source": "쇼핑몰",
    "Domain": "가전",
    "MainCategory": "주방가전",
    "ProductName": "뉴에코 SK매직 GRA-910SR",
    "ReviewScore": "5",
    "Syllable": "79",
    "Word": "16",
    "RDate": "20220115",
    "Aspects": [
      {
        "Aspect": "시간/속도",
        "SentimentText": "열효율이 높아서 조리시간이 단축되어 좋습니다.",
        "SentimentWord": "5",
        "SentimentPolarity": "1"
      },
      {
        "Aspect": "디자인",
        "SentimentText": "디자인도 생각보다 깔끔해서 좋았습니다",
        "SentimentWord": "4",
        "SentimentPolarity": "1"
      }
    ]
  },
  {
    "Index": "25939",
    "RawText": "디자인이 깔끔하고 화력 좋아 조리가 빠르고 3구라서 여러가지 요리를 동시에 하기 편합니다.건 전지교체부분이 앞에 있어서 편해요. 좋은 가격에 잘 구매했어요.",
    "Source": "쇼핑몰",
    "Domain": "가전",
    "MainCategory": "주방가전",
    "ProductName": "뉴에코 SK매직 GRA-910SR",
    "ReviewScore": "5",
    "Syllable": "87",
    "Word": "20",
    "RDate": "20211027",
    "Aspects": [
      {
        "Aspect": "디자인",
        "SentimentText": "디자인이 깔끔하고 ",
        "SentimentWord": "2",
        "SentimentPolarity": "1"
      },
      {
        "Aspect": "품질",
        "SentimentText": "화력 좋아 조리가 빠르고 ",
        "SentimentWord": "4",
        "SentimentPolarity": "1"
      },
      {
        "Aspect": "편의성",
        "SentimentText": "3구라서 여러가지 요리를 동시에 하기 편합니다.",
        "SentimentWord": "6",
        "SentimentPolarity": "1"
      },
      {
        "Aspect": "편의성",
        "SentimentText": "전지교체부분이 앞에 있어서 편해요. ",
        "SentimentWord": "4",
        "SentimentPolarity": "1"
      },
      {
        "Aspect": "가격",
        "SentimentText": "좋은 가격에 잘 구매했어요.",
        "SentimentWord": "4",
        "SentimentPolarity": "1"
      }
    ]
  },
  {
    "Index": "25940",
    "RawText": "디자인은 생각보다 깔끔해서 좋았어요. 화력도 세서 더욱더 마음에 들고요 색상도 고급 진 색상이라서 기분이 좋네요. 가격 면에서도 착한 가격으로 구매해서 베리 굿입니다",
    "Source": "쇼핑몰",
    "Domain": "가전",
    "MainCategory": "주방가전",
    "ProductName": "뉴에코 SK매직 GRA-910SR",
    "ReviewScore": "5",
    "Syllable": "92",
    "Word": "22",
    "RDate": "20200425",
    "GeneralPolarity": "1",
    "Aspects": [
      {
        "Aspect": "디자인",
        "SentimentText": "디자인은 생각보다 깔끔해서 좋았어요.",
        "SentimentWord": "4",
        "SentimentPolarity": "1"
      },
      {
        "Aspect": "기능",
        "SentimentText": "화력도 세서 더욱더 마음에 들고요 ",
        "SentimentWord": "5",
        "SentimentPolarity": "1"
      },
      {
        "Aspect": "색상",
        "SentimentText": "색상도 고급 진 색상이라서 기분이 좋네요",
        "SentimentWord": "6",
        "SentimentPolarity": "1"
      },
      {
        "Aspect": "가격",
        "SentimentText": "가격 면에서도 착한 가격으로 구매해서 베리 굿입니다",
        "SentimentWord": "7",
        "SentimentPolarity": "1"
      }
    ]
  },
  {
    "Index": "25942",
    "RawText": "내구성이 탄탄해 보여 아직까지는 마음에 듭니다. 또한 생각보다 배송이 빨라서 더욱 좋았습니다 색상이 정말 마음에 드네요",
    "Source": "쇼핑몰",
    "Domain": "가전",
    "MainCategory": "주방가전",
    "ProductName": "뉴에코 SK매직 GRA-910SR",
    "ReviewScore": "5",
    "Syllable": "66",
    "Word": "16",
    "RDate": "20200507",
    "Aspects": [
      {
        "Aspect": "내구성",
        "SentimentText": "내구성이 탄탄해 보여 아직까지는 마음에 듭니다. ",
        "SentimentWord": "6",
        "SentimentPolarity": "1"
      },
      {
        "Aspect": "색상",
        "SentimentText": "색상이 정말 마음에 드네요",
        "SentimentWord": "4",
        "SentimentPolarity": "1"
      }
    ]
  },
  {
    "Index": "25943",
    "RawText": "배송이 엄청 느려 답답하고 짜증 났어요.  그리고 상판은 왜 이렇게  부실해 보이죠? 매우 마음에 안들어요 가격 저렴하다고 주문했는데 후회중입니다",
    "Source": "쇼핑몰",
    "Domain": "가전",
    "MainCategory": "주방가전",
    "ProductName": "뉴에코 SK매직 GRA-910SR",
    "ReviewScore": "5",
    "Syllable": "81",
    "Word": "19",
    "RDate": "20210204",
    "Aspects": [
      {
        "Aspect": "품질",
        "SentimentText": "상판은 왜 이렇게  부실해 보이죠? 매우 마음에 안들어요 ",
        "SentimentWord": "8",
        "SentimentPolarity": "-1"
      },
      {
        "Aspect": "가격",
        "SentimentText": " 가격 저렴하다고 주문했는데 후회중입니다 ",
        "SentimentWord": "4",
        "SentimentPolarity": "-1"
      }
    ]
  },
  {
    "Index": "25945",
    "RawText": "깔끔하고 심플한  디자인이 마음에 듭니다.  화구 화력도 센 것 같아 더우 좋습니다. 색상도 검정이라 깨끗해 보이네요",
    "Source": "쇼핑몰",
    "Domain": "가전",
    "MainCategory": "주방가전",
    "ProductName": "뉴에코 SK매직 GRA-910SR",
    "ReviewScore": "5",
    "Syllable": "65",
    "Word": "16",
    "RDate": "20210708",
    "GeneralPolarity": "1",
    "Aspects": [
      {
        "Aspect": "디자인",
        "SentimentText": "깔끔하고 심플한  디자인이 마음에 듭니다",
        "SentimentWord": "5",
        "SentimentPolarity": "1"
      },
      {
        "Aspect": "기능",
        "SentimentText": "화구 화력도 센 것 같아 더우 좋습니다.",
        "SentimentWord": "7",
        "SentimentPolarity": "1"
      },
      {
        "Aspect": "색상",
        "SentimentText": " 색상도 검정이라 깨끗해 보이네요  ",
        "SentimentWord": "4",
        "SentimentPolarity": "1"
      }
    ]
  },
  {
    "Index": "25946",
    "RawText": "디자인이 깔끔해서 이쁘고 좋네요. 원터치 버튼이 있어 더우 좋습니다. 기사님께서는 너무 친절하시고 약속 시간도 잘 지켜 만족도가 더 높습니다",
    "Source": "쇼핑몰",
    "Domain": "가전",
    "MainCategory": "주방가전",
    "ProductName": "뉴에코 SK매직 GRA-910SR",
    "ReviewScore": "5",
    "Syllable": "78",
    "Word": "19",
    "RDate": "20200801",
    "Aspects": [
      {
        "Aspect": "디자인",
        "SentimentText": "디자인이 깔끔해서 이쁘고 좋네요.",
        "SentimentWord": "4",
        "SentimentPolarity": "1"
      },
      {
        "Aspect": "기능",
        "SentimentText": "원터치 버튼이 있어 더우 좋습니다. ",
        "SentimentWord": "5",
        "SentimentPolarity": "1"
      }
    ]
  },
  {
    "Index": "25947",
    "RawText": "심플한 디자인이 이쁘고 좋습니다. 조리 후  청소하기도 간편해서 너무 좋습니다",
    "Source": "쇼핑몰",
    "Domain": "가전",
    "MainCategory": "주방가전",
    "ProductName": "뉴에코 SK매직 GRA-910SR",
    "ReviewScore": "5",
    "Syllable": "43",
    "Word": "10",
    "RDate": "20201201",
    "GeneralPolarity": "1",
    "Aspects": [
      {
        "Aspect": "디자인",
        "SentimentText": " 심플한 디자인이 이쁘고 좋습니다",
        "SentimentWord": "4",
        "SentimentPolarity": "1"
      },
      {
        "Aspect": "편의성",
        "SentimentText": "조리 후  청소하기도 간편해서 너무 좋습니다 ",
        "SentimentWord": "6",
        "SentimentPolarity": "1"
      }
    ]
  },
  {
    "Index": "25948",
    "RawText": "디자인이 고급지고 깔끔해서 너무 마음에 들어요. 앞면에서 배터리 교체까지  할 수있어   더 좋습니다",
    "Source": "쇼핑몰",
    "Domain": "가전",
    "MainCategory": "주방가전",
    "ProductName": "뉴에코 SK매직 GRA-910SR",
    "ReviewScore": "5",
    "Syllable": "56",
    "Word": "13",
    "RDate": "20201014",
    "GeneralPolarity": "1",
    "Aspects": [
      {
        "Aspect": "디자인",
        "SentimentText": "디자인이 고급지고 깔끔해서 너무 마음에 들어요",
        "SentimentWord": "6",
        "SentimentPolarity": "1"
      },
      {
        "Aspect": "편의성",
        "SentimentText": "앞면에서 배터리 교체까지  할 수있어   더 좋습니다 ",
        "SentimentWord": "7",
        "SentimentPolarity": "1"
      }
    ]
  },
  {
    "Index": "25949",
    "RawText": "색상이 블랙 이라서 고급져 보여 마음에 듭니다 ㅋ.ㅋ 같은 제품 매장에서 더 비싼데 할인 쿠폰으로 저렴하게 구입해서 더욱더 좋습니다",
    "Source": "쇼핑몰",
    "Domain": "가전",
    "MainCategory": "주방가전",
    "ProductName": "뉴에코 SK매직 GRA-910SR",
    "ReviewScore": "5",
    "Syllable": "73",
    "Word": "19",
    "RDate": "20220216",
    "GeneralPolarity": "1",
    "Aspects": [
      {
        "Aspect": "색상",
        "SentimentText": "색상이 블랙 이라서 고급져 보여 마음에 듭니다 ㅋ.ㅋ",
        "SentimentWord": "8",
        "SentimentPolarity": "1"
      },
      {
        "Aspect": "가격",
        "SentimentText": "할인 쿠폰으로 저렴하게 구입해서 더욱더 좋습니다",
        "SentimentWord": "6",
        "SentimentPolarity": "1"
      }
    ]
  },
  {
    "Index": "25950",
    "RawText": "심플한 디자인이라 그런지 고급스러워 정말 마음에 듭니다. 신속하게 배송까지 해주셔서 매우 매우 기분이 좋습니다. 사이즈도 적당하니 맘에 드네요",
    "Source": "쇼핑몰",
    "Domain": "가전",
    "MainCategory": "주방가전",
    "ProductName": "뉴에코 SK매직 GRA-910SR",
    "ReviewScore": "5",
    "Syllable": "79",
    "Word": "18",
    "RDate": "20200925",
    "Aspects": [
      {
        "Aspect": "디자인",
        "SentimentText": "심플한 디자인이라 그런지 고급스러워 정말 마음에 듭니다",
        "SentimentWord": "7",
        "SentimentPolarity": "1"
      },
      {
        "Aspect": "사이즈",
        "SentimentText": "사이즈도 적당하니 맘에 드네요",
        "SentimentWord": "4",
        "SentimentPolarity": "1"
      }
    ]
  },
  {
    "Index": "25951",
    "RawText": "빠른 배송 및 깔끔한 설치가 만족 스럽습니다 .검정색으로 샀더니 먼지가 잘 보여  별로입니다 . 저렴한 가격에 구매해 아주 만족해요.",
    "Source": "쇼핑몰",
    "Domain": "가전",
    "MainCategory": "주방가전",
    "ProductName": "뉴에코 SK매직 GRA-910SR",
    "ReviewScore": "5",
    "Syllable": "74",
    "Word": "19",
    "RDate": "20200606",
    "Aspects": [
      {
        "Aspect": "가격",
        "SentimentText": "저렴한 가격에 구매해 아주 만족해요.",
        "SentimentWord": "5",
        "SentimentPolarity": "1"
      },
      {
        "Aspect": "색상",
        "SentimentText": "검정색으로 샀더니 먼지가 잘 보여  별로입니다 .",
        "SentimentWord": "7",
        "SentimentPolarity": "-1"
      }
    ]
  },
  {
    "Index": "25953",
    "RawText": "디자인이 생각보다 깔끔해서 괜찮습니다.  버튼도 부드러워서 사용하기 좋네요",
    "Source": "쇼핑몰",
    "Domain": "가전",
    "MainCategory": "주방가전",
    "ProductName": "뉴에코 SK매직 GRA-910SR",
    "ReviewScore": "5",
    "Syllable": "41",
    "Word": "8",
    "RDate": "20200131",
    "GeneralPolarity": "1",
    "Aspects": [
      {
        "Aspect": "디자인",
        "SentimentText": "디자인이 생각보다 깔끔해서 괜찮습니다 ",
        "SentimentWord": "4",
        "SentimentPolarity": "1"
      },
      {
        "Aspect": "조작성",
        "SentimentText": "버튼도 부드러워서 사용하기 좋네요",
        "SentimentWord": "4",
        "SentimentPolarity": "1"
      }
    ]
  },
  {
    "Index": "25954",
    "RawText": "빠른게 배송되고 설치도 깔끔해서 좋았습니다. 디자인도  깔끔하고 고급져 더욱 마음에 듭니다 화력이 세서 마음에 들어요.",
    "Source": "쇼핑몰",
    "Domain": "가전",
    "MainCategory": "주방가전",
    "ProductName": "뉴에코 SK매직 GRA-910SR",
    "ReviewScore": "5",
    "Syllable": "66",
    "Word": "15",
    "RDate": "20210330",
    "Aspects": [
      {
        "Aspect": "기능",
        "SentimentText": "화력이 세서 마음에 들어요.",
        "SentimentWord": "4",
        "SentimentPolarity": "1"
      },
      {
        "Aspect": "디자인",
        "SentimentText": "디자인도  깔끔하고 고급져 더욱 마음에 듭니다  ",
        "SentimentWord": "6",
        "SentimentPolarity": "1"
      }
    ]
  },
  {
    "Index": "25955",
    "RawText": "배송은 빨라서 좋았습니다. 착한 가격으로 가성비 좋아 기분이 좋습니다 무게가 나가 이동에 어려움이 있었습니다.",
    "Source": "쇼핑몰",
    "Domain": "가전",
    "MainCategory": "주방가전",
    "ProductName": "뉴에코 SK매직 GRA-910SR",
    "ReviewScore": "5",
    "Syllable": "61",
    "Word": "14",
    "RDate": "20211230",
    "Aspects": [
      {
        "Aspect": "무게",
        "SentimentText": "무게가 나가 이동에 어려움이 있었습니다.",
        "SentimentWord": "5",
        "SentimentPolarity": "-1"
      },
      {
        "Aspect": "가격",
        "SentimentText": "착한 가격으로 가성비 좋아 기분이 좋습니다 ",
        "SentimentWord": "6",
        "SentimentPolarity": "1"
      }
    ]
  },
  {
    "Index": "25956",
    "RawText": "빠른 배송도  친절한 응대가 기분좋게 했습니다~! 화력도 세서 사용하기 너무 좋아요! 디자인도 내가 원하는 그런 디자인이라 좋네요",
    "Source": "쇼핑몰",
    "Domain": "가전",
    "MainCategory": "주방가전",
    "ProductName": "뉴에코 SK매직 GRA-910SR",
    "ReviewScore": "5",
    "Syllable": "72",
    "Word": "17",
    "RDate": "20220112",
    "Aspects": [
      {
        "Aspect": "디자인",
        "SentimentText": "디자인도 내가 원하는 그런 디자인이라 좋네요",
        "SentimentWord": "6",
        "SentimentPolarity": "1"
      },
      {
        "Aspect": "기능",
        "SentimentText": "화력도 세서 사용하기 너무 좋아요!",
        "SentimentWord": "5",
        "SentimentPolarity": "1"
      }
    ]
  },
  {
    "Index": "25957",
    "RawText": "디자인이 심플하니 이뻐 좋네요. 화력도 세서 마음에 들어요 그런데 직배송 이라 배송기간이 늦어 아쉬웠습니다",
    "Source": "쇼핑몰",
    "Domain": "가전",
    "MainCategory": "주방가전",
    "ProductName": "뉴에코 SK매직 GRA-910SR",
    "ReviewScore": "5",
    "Syllable": "59",
    "Word": "14",
    "RDate": "20210203",
    "Aspects": [
      {
        "Aspect": "디자인",
        "SentimentText": "디자인이 심플하니 이뻐 좋네요",
        "SentimentWord": "4",
        "SentimentPolarity": "1"
      },
      {
        "Aspect": "기능",
        "SentimentText": "화력도 세서 마음에 들어요 ",
        "SentimentWord": "4",
        "SentimentPolarity": "1"
      }
    ]
  },
  {
    "Index": "25958",
    "RawText": "배송, 설치가 같이 진행되서 편했구요. 설치 때 기사님이 친절하게 설명도 해주셨어요.화력이 쎄서 금새 따뜻해지니  어머니가 만족하시네요 저렴한 가격에 구매했습니다.",
    "Source": "쇼핑몰",
    "Domain": "가전",
    "MainCategory": "주방가전",
    "ProductName": "뉴에코 SK매직 GRA-910SR",
    "ReviewScore": "5",
    "Syllable": "91",
    "Word": "19",
    "RDate": "20201006",
    "Aspects": [
      {
        "Aspect": "가격",
        "SentimentText": "저렴한 가격에 구매했습니다.",
        "SentimentWord": "3",
        "SentimentPolarity": "1"
      },
      {
        "Aspect": "시간/속도",
        "SentimentText": "화력이 쎄서 금새 따뜻해지니  어머니가 만족하시네요",
        "SentimentWord": "6",
        "SentimentPolarity": "1"
      }
    ]
  },
  {
    "Index": "25960",
    "RawText": "배송이 빨라서  좋았습니다. 가격대비 성능이 아주  좋습니다.^^ 설치하는게 쉬워서 바로 설치했습니다.",
    "Source": "쇼핑몰",
    "Domain": "가전",
    "MainCategory": "주방가전",
    "ProductName": "뉴에코 SK매직 GRA-910SR",
    "ReviewScore": "5",
    "Syllable": "57",
    "Word": "11",
    "RDate": "20220407",
    "Aspects": [
      {
        "Aspect": "조작성",
        "SentimentText": "설치하는게 쉬워서 바로 설치했습니다.",
        "SentimentWord": "4",
        "SentimentPolarity": "1"
      },
      {
        "Aspect": "가격",
        "SentimentText": "가격대비 성능이 아주  좋습니다.^^",
        "SentimentWord": "4",
        "SentimentPolarity": "1"
      }
    ]
  },
  {
    "Index": "25961",
    "RawText": "빠른 배송도  친절한 응대가 좋았어요.검정색으로 샀더니 먼지가 잘 보여 아쉽다고 합니다 양품의 제품을 구매해서 마음에 들어요.",
    "Source": "쇼핑몰",
    "Domain": "가전",
    "MainCategory": "주방가전",
    "ProductName": "뉴에코 SK매직 GRA-910SR",
    "ReviewScore": "5",
    "Syllable": "70",
    "Word": "16",
    "RDate": "20210824",
    "Aspects": [
      {
        "Aspect": "품질",
        "SentimentText": "양품의 제품을 구매해서 마음에 들어요.",
        "SentimentWord": "5",
        "SentimentPolarity": "1"
      },
      {
        "Aspect": "색상",
        "SentimentText": "검정색으로 샀더니 먼지가 잘 보여 아쉽다고 합니다 ",
        "SentimentWord": "7",
        "SentimentPolarity": "0"
      }
    ]
  },
  {
    "Index": "25962",
    "RawText": "배송은  빨랐고 만족 스럽습니다 디자인은  예쁘고 깔끔해서 좋은데  상판색이  검정색이라 먼지나 이물질이 티가 잘 난다는 단점 때문에 별로에요ㅜㅜ",
    "Source": "쇼핑몰",
    "Domain": "가전",
    "MainCategory": "주방가전",
    "ProductName": "뉴에코 SK매직 GRA-910SR",
    "ReviewScore": "5",
    "Syllable": "81",
    "Word": "18",
    "RDate": "20210302",
    "Aspects": [
      {
        "Aspect": "디자인",
        "SentimentText": " 디자인은  예쁘고 깔끔해서 좋은데",
        "SentimentWord": "4",
        "SentimentPolarity": "1"
      },
      {
        "Aspect": "색상",
        "SentimentText": "상판색이  검정색이라 먼지나 이물질이 티가 잘 난다는 단점 때문에 별로에요ㅜㅜ",
        "SentimentWord": "10",
        "SentimentPolarity": "0"
      }
    ]
  },
  {
    "Index": "25963",
    "RawText": "빠르게 배송 되었고  기사님께서  친절하고 꼼꼼해서 만족합니다. 검은색으로 샀더니 고급져 보이는  색상이라 좋습니다. 디자인도 심플하니 이뻐서 좋아요.  점화도  문제 없이 잘 되어 더욱 만족 스럽네요",
    "Source": "쇼핑몰",
    "Domain": "가전",
    "MainCategory": "주방가전",
    "ProductName": "뉴에코 SK매직 GRA-910SR",
    "ReviewScore": "5",
    "Syllable": "112",
    "Word": "25",
    "RDate": "20210505",
    "Aspects": [
      {
        "Aspect": "색상",
        "SentimentText": "검은색으로 샀더니 고급져 보이는  색상이라 좋습니다 ",
        "SentimentWord": "6",
        "SentimentPolarity": "1"
      },
      {
        "Aspect": "디자인",
        "SentimentText": "디자인도 심플하니 이뻐서 좋아요 ",
        "SentimentWord": "4",
        "SentimentPolarity": "1"
      },
      {
        "Aspect": "기능",
        "SentimentText": "점화도  문제 없이 잘 되어 더욱 만족 스럽네요  ",
        "SentimentWord": "8",
        "SentimentPolarity": "1"
      }
    ]
  },
  {
    "Index": "25964",
    "RawText": "배송이 빨라 맘에 들어요.  제품도 불화력이 쎄고 디자인도 깔끔하니 너무이쁘고 좋네욤 :)",
    "Source": "쇼핑몰",
    "Domain": "가전",
    "MainCategory": "주방가전",
    "ProductName": "뉴에코 SK매직 GRA-910SR",
    "ReviewScore": "5",
    "Syllable": "50",
    "Word": "12",
    "RDate": "20200503",
    "Aspects": [
      {
        "Aspect": "기능",
        "SentimentText": "제품도 불화력이 쎄고 디자인도 깔끔하니 너무이쁘고 좋네욤 :)",
        "SentimentWord": "8",
        "SentimentPolarity": "1"
      },
      {
        "Aspect": "디자인",
        "SentimentText": "디자인도 깔끔하니 너무이쁘고 좋네욤 :)",
        "SentimentWord": "5",
        "SentimentPolarity": "1"
      }
    ]
  },
  {
    "Index": "25965",
    "RawText": "배송이 진짜 빠르고 가격도 많이 저렴해서 너무 좋아요 아직 설치는못했네요~~평들이 다 좋아서 구매했어요~~ 원하던 색상의 제품으로 구매했어요.",
    "Source": "쇼핑몰",
    "Domain": "가전",
    "MainCategory": "주방가전",
    "ProductName": "뉴에코 SK매직 GRA-910SR",
    "ReviewScore": "5",
    "Syllable": "79",
    "Word": "17",
    "RDate": "20200903",
    "Aspects": [
      {
        "Aspect": "색상",
        "SentimentText": "원하던 색상의 제품으로 구매했어요.",
        "SentimentWord": "4",
        "SentimentPolarity": "1"
      },
      {
        "Aspect": "가격",
        "SentimentText": "가격도 많이 저렴해서 너무 좋아요",
        "SentimentWord": "5",
        "SentimentPolarity": "1"
      }
    ]
  },
  {
    "Index": "25968",
    "RawText": "사용해 보니 별 하나 더 주고 싶어지네요~ 원터치라 바로 점화되고 좋고 건전지는 앞에서 교체 가능해서 너무 편해요 3구 가스렌지라 한꺼번에 3가지 요리 가능하니 정말 잘 샀네요~~",
    "Source": "쇼핑몰",
    "Domain": "가전",
    "MainCategory": "주방가전",
    "ProductName": "뉴에코 SK매직 GRA-910SR",
    "ReviewScore": "5",
    "Syllable": "100",
    "Word": "26",
    "RDate": "20210126",
    "GeneralPolarity": "1",
    "Aspects": [
      {
        "Aspect": "조작성",
        "SentimentText": "원터치라 바로 점화되고 좋고",
        "SentimentWord": "4",
        "SentimentPolarity": "1"
      },
      {
        "Aspect": "편의성",
        "SentimentText": "건전지는 앞에서 교체 가능해서 너무 편해요",
        "SentimentWord": "6",
        "SentimentPolarity": "1"
      },
      {
        "Aspect": "기능",
        "SentimentText": "3구 가스렌지라 한꺼번에 3가지 요리 가능하니 정말 잘 샀네요~~",
        "SentimentWord": "9",
        "SentimentPolarity": "1"
      }
    ]
  },
  {
    "Index": "25969",
    "RawText": "설치하고 보름정도 사용했어요~ 특별히 불편한 점 없이  편하게 사용하고 있어요. 디자인과 색상이 부엌과 잘 어울려 만족스럽습니다.  배송도 빨리와서 바로 사용할수 있었습니다. 만족해요^^",
    "Source": "쇼핑몰",
    "Domain": "가전",
    "MainCategory": "주방가전",
    "ProductName": "뉴에코 SK매직 GRA-910SR",
    "ReviewScore": "5",
    "Syllable": "104",
    "Word": "22",
    "RDate": "20210902",
    "Aspects": [
      {
        "Aspect": "편의성",
        "SentimentText": " 특별히 불편한 점 없이  편하게 사용하고 있어요",
        "SentimentWord": "7",
        "SentimentPolarity": "1"
      },
      {
        "Aspect": "디자인",
        "SentimentText": "디자인과 색상이 부엌과 잘 어울려 만족스럽습니다.",
        "SentimentWord": "6",
        "SentimentPolarity": "1"
      }
    ]
  },
  {
    "Index": "25970",
    "RawText": "누를때 부드럽게 점화 잘 됩니다~ 3구라 한번에 여러가지 요리 가능하니 실용적이고~디자인 넘 예쁩니다~ 배송도 빠르고 안전하게 잘 받았어요~^^",
    "Source": "쇼핑몰",
    "Domain": "가전",
    "MainCategory": "주방가전",
    "ProductName": "뉴에코 SK매직 GRA-910SR",
    "ReviewScore": "5",
    "Syllable": "80",
    "Word": "18",
    "RDate": "20200121",
    "Aspects": [
      {
        "Aspect": "조작성",
        "SentimentText": "누를때 부드럽게 점화 잘 됩니다",
        "SentimentWord": "5",
        "SentimentPolarity": "1"
      },
      {
        "Aspect": "기능",
        "SentimentText": " 3구라 한번에 여러가지 요리 가능하니 실용적이고",
        "SentimentWord": "6",
        "SentimentPolarity": "1"
      },
      {
        "Aspect": "디자인",
        "SentimentText": "디자인 넘 예쁩니다~",
        "SentimentWord": "3",
        "SentimentPolarity": "1"
      }
    ]
  },
  {
    "Index": "25971",
    "RawText": "부모님 생신이라 선물로 해드렸어요 버너 내부까지완전 분리형이라 청소하기에 너무 편하구요. 건전지 교체할때도 뒷쪽이 아닌  앞쪽에 있다보니 갈아끼우기도 너무 쉽다고 하시며 좋아하세요",
    "Source": "쇼핑몰",
    "Domain": "가전",
    "MainCategory": "주방가전",
    "ProductName": "뉴에코 SK매직 GRA-910SR",
    "ReviewScore": "5",
    "Syllable": "100",
    "Word": "21",
    "RDate": "20220806",
    "Aspects": [
      {
        "Aspect": "편의성",
        "SentimentText": "버너 내부까지완전 분리형이라 청소하기에 너무 편하구요.",
        "SentimentWord": "6",
        "SentimentPolarity": "1"
      },
      {
        "Aspect": "편의성",
        "SentimentText": "건전지 교체할때도 뒷쪽이 아닌  앞쪽에 있다보니 갈아끼우기도 너무 쉽다고 하시며 좋아하세요",
        "SentimentWord": "11",
        "SentimentPolarity": "1"
      }
    ]
  },
  {
    "Index": "25972",
    "RawText": "부모님댁에 가스레인지가  고장이 나서 급하게 사게 되었어요  배송 완전  빠르고 상품도 안전하게 사용가능해서 너무  만족해 하십니다. 검색해서 가장 최저가로 구매했어요.",
    "Source": "쇼핑몰",
    "Domain": "가전",
    "MainCategory": "주방가전",
    "ProductName": "뉴에코 SK매직 GRA-910SR",
    "ReviewScore": "5",
    "Syllable": "94",
    "Word": "20",
    "RDate": "20220113",
    "Aspects": [
      {
        "Aspect": "가격",
        "SentimentText": "검색해서 가장 최저가로 구매했어요.",
        "SentimentWord": "4",
        "SentimentPolarity": "1"
      },
      {
        "Aspect": "품질",
        "SentimentText": " 상품도 안전하게 사용가능해서 너무  만족해 하십니다.",
        "SentimentWord": "6",
        "SentimentPolarity": "1"
      }
    ]
  },
  {
    "Index": "25973",
    "RawText": "부모님댁에  사용하시던 가스렌지가  갑자기 고장이 나서 선물로 사드렸어요 . 가성비 좋아요. 다만, 사은품으로 주신 냄비는 퀄리티가 한참 떨어지네요ㅠㅠ ",
    "Source": "쇼핑몰",
    "Domain": "가전",
    "MainCategory": "주방가전",
    "ProductName": "뉴에코 SK매직 GRA-910SR",
    "ReviewScore": "5",
    "Syllable": "85",
    "Word": "18",
    "RDate": "20210207",
    "Aspects": [
      {
        "Aspect": "가격",
        "SentimentText": "가성비 좋아요.",
        "SentimentWord": "2",
        "SentimentPolarity": "1"
      },
      {
        "Aspect": "품질",
        "SentimentText": "사은품으로 주신 냄비는 퀄리티가 한참 떨어지네요ㅠㅠ",
        "SentimentWord": "6",
        "SentimentPolarity": "-1"
      }
    ]
  },
  {
    "Index": "25974",
    "RawText": "친청집에  구매해드렸는데 사용하기 편하시다고 넘넘 만족해 하십니다. 디자인 깔끔해서 보기에도 좋고  가격은  할인적용해서 저렴하게 구매해서  만족해요!!!",
    "Source": "쇼핑몰",
    "Domain": "가전",
    "MainCategory": "주방가전",
    "ProductName": "뉴에코 SK매직 GRA-910SR",
    "ReviewScore": "5",
    "Syllable": "86",
    "Word": "16",
    "RDate": "20211115",
    "GeneralPolarity": "1",
    "Aspects": [
      {
        "Aspect": "편의성",
        "SentimentText": "사용하기 편하시다고 넘넘 만족해 하십니다",
        "SentimentWord": "5",
        "SentimentPolarity": "1"
      },
      {
        "Aspect": "디자인",
        "SentimentText": "디자인 깔끔해서 보기에도 좋고",
        "SentimentWord": "4",
        "SentimentPolarity": "1"
      },
      {
        "Aspect": "가격",
        "SentimentText": "가격은  할인적용해서 저렴하게 구매해서  만족해요!!!",
        "SentimentWord": "5",
        "SentimentPolarity": "1"
      }
    ]
  },
  {
    "Index": "25975",
    "RawText": "주문하고 바로 배송 와서 감사해요.  설치 기사님 깔끔하게 설치 해주셔서 잘 사용하고 있어요 근데, 불을 켤때 예전 가스렌지와 다른 틱틱틱 소리가 거슬리네요.. 양품의 제품으로 구매했습니다. ",
    "Source": "쇼핑몰",
    "Domain": "가전",
    "MainCategory": "주방가전",
    "ProductName": "뉴에코 SK매직 GRA-910SR",
    "ReviewScore": "5",
    "Syllable": "107",
    "Word": "25",
    "RDate": "20220725",
    "Aspects": [
      {
        "Aspect": "품질",
        "SentimentText": "양품의 제품으로 구매했습니다.",
        "SentimentWord": "3",
        "SentimentPolarity": "1"
      },
      {
        "Aspect": "소음",
        "SentimentText": "불을 켤때 예전 가스렌지와 다른 틱틱틱 소리가 거슬리네요..",
        "SentimentWord": "8",
        "SentimentPolarity": "-1"
      }
    ]
  },
  {
    "Index": "25976",
    "RawText": "주문후 이틀후 바로 배송오고  설치까지 모든 부분에서 만족합니다. 아이들 집에 설치되었는데  주방이 깔끔해졌다고 좋아하네요 다만 버너 중앙에 있는 부품이 고정되어 있으면 사용하기 괜찮을거 같아요",
    "Source": "쇼핑몰",
    "Domain": "가전",
    "MainCategory": "주방가전",
    "ProductName": "뉴에코 SK매직 GRA-910SR",
    "ReviewScore": "5",
    "Syllable": "108",
    "Word": "24",
    "RDate": "20210217",
    "Aspects": [
      {
        "Aspect": "디자인",
        "SentimentText": "주방이 깔끔해졌다고 좋아하네요",
        "SentimentWord": "3",
        "SentimentPolarity": "1"
      },
      {
        "Aspect": "제품구성",
        "SentimentText": "버너 중앙에 있는 부품이 고정되어 있으면 사용하기 괜찮을거 같아요",
        "SentimentWord": "9",
        "SentimentPolarity": "0"
      }
    ]
  },
  {
    "Index": "25977",
    "RawText": "빠른 배송으로 만족함.  가격 행사에 쿠폰까지 사용해서  더욱 저렴하게 구매하니 너무나 만족함 삼발이가 무거워서 가벼웠음 좋겠음",
    "Source": "쇼핑몰",
    "Domain": "가전",
    "MainCategory": "주방가전",
    "ProductName": "뉴에코 SK매직 GRA-910SR",
    "ReviewScore": "4",
    "Syllable": "71",
    "Word": "16",
    "RDate": "20201127",
    "Aspects": [
      {
        "Aspect": "가격",
        "SentimentText": "가격 행사에 쿠폰까지 사용해서  더욱 저렴하게 구매하니 너무나 만족함",
        "SentimentWord": "9",
        "SentimentPolarity": "1"
      },
      {
        "Aspect": "제품구성",
        "SentimentText": "삼발이가 무거워서 가벼웠음 좋겠음",
        "SentimentWord": "4",
        "SentimentPolarity": "0"
      }
    ]
  },
  {
    "Index": "25978",
    "RawText": "사용해보니 원터치라 편하고 점화는 신속하고 좋은데 역시 배터리 소모량은 많을 것 같아요 그래서 건전지가 큰거 두개나 사용되니 아쉽네요.",
    "Source": "쇼핑몰",
    "Domain": "가전",
    "MainCategory": "주방가전",
    "ProductName": "뉴에코 SK매직 GRA-910SR",
    "ReviewScore": "4",
    "Syllable": "75",
    "Word": "18",
    "RDate": "20191207",
    "Aspects": [
      {
        "Aspect": "조작성",
        "SentimentText": "사용해보니 원터치라 편하고 ",
        "SentimentWord": "3",
        "SentimentPolarity": "1"
      },
      {
        "Aspect": "시간/속도",
        "SentimentText": "점화는 신속하고 좋은데",
        "SentimentWord": "3",
        "SentimentPolarity": "1"
      },
      {
        "Aspect": "배터리",
        "SentimentText": "역시 배터리 소모량은 많을 것 같아요",
        "SentimentWord": "6",
        "SentimentPolarity": "-1"
      },
      {
        "Aspect": "편의성",
        "SentimentText": "건전지가 큰거 두개나 사용되니 아쉽네요.",
        "SentimentWord": "5",
        "SentimentPolarity": "-1"
      }
    ]
  },
  {
    "Index": "25979",
    "RawText": "사용해보니  편리한 점이 많아요.  건전기 교체는 앞에서 할수 있어  넘 편하구 삼구라서 여러가지 요리해서 잘 쓰고 있습니다 설치기사님이 넘 친절하셔서 감사했어요",
    "Source": "쇼핑몰",
    "Domain": "가전",
    "MainCategory": "주방가전",
    "ProductName": "뉴에코 SK매직 GRA-910SR",
    "ReviewScore": "5",
    "Syllable": "90",
    "Word": "21",
    "RDate": "20211221",
    "Aspects": [
      {
        "Aspect": "편의성",
        "SentimentText": " 건전기 교체는 앞에서 할수 있어  넘 편하구",
        "SentimentWord": "7",
        "SentimentPolarity": "1"
      },
      {
        "Aspect": "제품구성",
        "SentimentText": "삼구라서 여러가지 요리해서 잘 쓰고 있습니다",
        "SentimentWord": "6",
        "SentimentPolarity": "1"
      }
    ]
  },
  {
    "Index": "25980",
    "RawText": "써 보니 좋아서 시골 시댁에도 주문해드렸네요  냄비밥 할때 불 조절 잘되서  너무 좋습니다. 가스 켤때 따따닥 소리 큰건 어쩔수 없네요",
    "Source": "쇼핑몰",
    "Domain": "가전",
    "MainCategory": "주방가전",
    "ProductName": "뉴에코 SK매직 GRA-910SR",
    "ReviewScore": "5",
    "Syllable": "75",
    "Word": "20",
    "RDate": "20210925",
    "GeneralPolarity": "0",
    "Aspects": [
      {
        "Aspect": "기능",
        "SentimentText": "냄비밥 할때 불 조절 잘되서  너무 좋습니다.",
        "SentimentWord": "7",
        "SentimentPolarity": "1"
      },
      {
        "Aspect": "소음",
        "SentimentText": "가스 켤때 따따닥 소리 큰건 어쩔수 없네요",
        "SentimentWord": "7",
        "SentimentPolarity": "-1"
      }
    ]
  },
  {
    "Index": "25981",
    "RawText": "설치 기사님이  무지 친절하시고  엄청 꼼꼼하게 설치해 주셨어요 가격을 할인받고 저렴하게 구매했어요 점화할때 화구 동시 점화는 불가하네요",
    "Source": "쇼핑몰",
    "Domain": "가전",
    "MainCategory": "주방가전",
    "ProductName": "뉴에코 SK매직 GRA-910SR",
    "ReviewScore": "5",
    "Syllable": "76",
    "Word": "17",
    "RDate": "20200704",
    "Aspects": [
      {
        "Aspect": "가격",
        "SentimentText": "가격을 할인받고 저렴하게 구매했어요",
        "SentimentWord": "4",
        "SentimentPolarity": "1"
      },
      {
        "Aspect": "조작성",
        "SentimentText": "점화할때 화구 동시 점화는 불가하네요",
        "SentimentWord": "5",
        "SentimentPolarity": "0"
      }
    ]
  },
  {
    "Index": "25982",
    "RawText": "상품 자체는 가스렌지 기본 기능에 충실한 제품으로 별다른 특징은 없어보입니다 다만 배송은 정말 최악이네요. 여기 판매상도 0000 직영이 아닌 보따리 상이라고 하니 가격차이가 크게 안나면  00직영몰에서 사는게 나을거 같아요 최신형이 아니라 생산된지 1년이나 지난 제품이라 속상하네요.",
    "Source": "쇼핑몰",
    "Domain": "가전",
    "MainCategory": "주방가전",
    "ProductName": "뉴에코 SK매직 GRA-910SR",
    "ReviewScore": "1",
    "Syllable": "159",
    "Word": "36",
    "RDate": "20211020",
    "Aspects": [
      {
        "Aspect": "제조일/제조사",
        "SentimentText": "최신형이 아니라 생산된지 1년이나 지난 제품이라 속상하네요.",
        "SentimentWord": "7",
        "SentimentPolarity": "-1"
      },
      {
        "Aspect": "가격",
        "SentimentText": "가격차이가 크게 안나면 00직영몰에서 사는게 나을거 같아요",
        "SentimentWord": "7",
        "SentimentPolarity": "-1"
      }
    ]
  },
  {
    "Index": "25983",
    "RawText": "상품은 어디하나 흠잡을데 없이 품질이 정말 좋아요. 하지만 가스밸브및 가스호스 있는것도 전혀 문제없이 좋은상태인데 기사님이 거의 강제로 바꾸길 권유해  추가비용들었어요ㅜㅜ 정가에 구매후에 일주일도 지나지 않아서 할인행사하니 사기당한 기분이에요.",
    "Source": "쇼핑몰",
    "Domain": "가전",
    "MainCategory": "주방가전",
    "ProductName": "뉴에코 SK매직 GRA-910SR",
    "ReviewScore": "5",
    "Syllable": "136",
    "Word": "28",
    "RDate": "20220108",
    "Aspects": [
      {
        "Aspect": "품질",
        "SentimentText": "상품은 어디하나 흠잡을데 없이 품질이 정말 좋아요",
        "SentimentWord": "7",
        "SentimentPolarity": "1"
      },
      {
        "Aspect": "가격",
        "SentimentText": "정가에 구매후에 일주일도 지나지 않아서 할인행사하니 사기당한 기분이에요.",
        "SentimentWord": "8",
        "SentimentPolarity": "-1"
      }
    ]
  },
  {
    "Index": "25984",
    "RawText": "컬러감이 고급스러워서 좋네요. 좋은 가격에 잘 구매했습니다. 앞면에서 배터리 교체 할 수 있는 편의성까지 있어  마음에 더 듭니다",
    "Source": "쇼핑몰",
    "Domain": "가전",
    "MainCategory": "주방가전",
    "ProductName": "뉴에코 SK매직 GRA-910SR",
    "ReviewScore": "5",
    "Syllable": "72",
    "Word": "18",
    "RDate": "20220411",
    "GeneralPolarity": "1",
    "Aspects": [
      {
        "Aspect": "색상",
        "SentimentText": "컬러감이 고급스러워서 좋네요",
        "SentimentWord": "3",
        "SentimentPolarity": "1"
      },
      {
        "Aspect": "가격",
        "SentimentText": "좋은 가격에 잘 구매했습니다",
        "SentimentWord": "4",
        "SentimentPolarity": "1"
      },
      {
        "Aspect": "편의성",
        "SentimentText": "앞면에서 배터리 교체 할 수 있는 편의성까지 있어  마음에 더 듭니다  ",
        "SentimentWord": "11",
        "SentimentPolarity": "1"
      }
    ]
  },
  {
    "Index": "25987",
    "RawText": "설치기사님께서 친절하게 설치도 해주시고 시간을 잘 맞춰 와주셔서 좋았어요. 제품을 설치하고 보니 디자인이 더 돋보여서 깔끔해요. 그리고 화력도 쎄서 잘 작동되어 좋습니다. 만족스러워요.",
    "Source": "쇼핑몰",
    "Domain": "가전",
    "MainCategory": "주방가전",
    "ProductName": "뉴에코 SK매직 GRA-910SR",
    "ReviewScore": "5",
    "Syllable": "103",
    "Word": "23",
    "RDate": "20211227",
    "Aspects": [
      {
        "Aspect": "디자인",
        "SentimentText": " 제품을 설치하고 보니 디자인이 더 돋보여서 깔끔해요.",
        "SentimentWord": "7",
        "SentimentPolarity": "1"
      },
      {
        "Aspect": "기능",
        "SentimentText": "화력도 쎄서 잘 작동되어 좋습니다. 만족스러워요.",
        "SentimentWord": "6",
        "SentimentPolarity": "1"
      }
    ]
  },
  {
    "Index": "25988",
    "RawText": "설치를 금방금방 해주셨고 기존제품도 수거해가주시고,  호스 처리 마감도 깔끔히 해주셨어요^^ 색상은 사진으로 볼땐 고급스러웠는데 실제로 보니 차이가 차이가 있어 좀 아쉬워요. 최신형 제품이라 너무나 안심이되네요.",
    "Source": "쇼핑몰",
    "Domain": "가전",
    "MainCategory": "주방가전",
    "ProductName": "뉴에코 SK매직 GRA-910SR",
    "ReviewScore": "5",
    "Syllable": "118",
    "Word": "25",
    "RDate": "20211204",
    "Aspects": [
      {
        "Aspect": "제조일/제조사",
        "SentimentText": "최신형 제품이라 너무나 안심이되네요.",
        "SentimentWord": "4",
        "SentimentPolarity": "1"
      },
      {
        "Aspect": "색상",
        "SentimentText": "색상은 사진으로 볼땐 고급스러웠는데 실제로 보니 차이가 차이가 있어 좀 아쉬워요.",
        "SentimentWord": "11",
        "SentimentPolarity": "-1"
      }
    ]
  },
  {
    "Index": "25989",
    "RawText": "설치 후 사용해봤는데 성능 화력 좋아요. 디자인은 생각보다 깔끔해서 마음에 들어요. 가스레인지 건전지는 앞에 있어서 쉽게 갈아 끼울수 있어서 편리해요.",
    "Source": "쇼핑몰",
    "Domain": "가전",
    "MainCategory": "주방가전",
    "ProductName": "뉴에코 SK매직 GRA-910SR",
    "ReviewScore": "5",
    "Syllable": "84",
    "Word": "20",
    "RDate": "20200806",
    "GeneralPolarity": "1",
    "Aspects": [
      {
        "Aspect": "기능",
        "SentimentText": "설치 후 사용해봤는데 성능 화력 좋아요.",
        "SentimentWord": "6",
        "SentimentPolarity": "1"
      },
      {
        "Aspect": "디자인",
        "SentimentText": "디자인은 생각보다 깔끔해서 마음에 들어요. ",
        "SentimentWord": "5",
        "SentimentPolarity": "1"
      },
      {
        "Aspect": "편의성",
        "SentimentText": "가스레인지 건전지는 앞에 있어서 쉽게 갈아 끼울수 있어서 편리해요.",
        "SentimentWord": "9",
        "SentimentPolarity": "1"
      }
    ]
  },
  {
    "Index": "25990",
    "RawText": "설치기사님께서 연락 후 다음날 바로 친절히 설명후 설치해주시고 가셨어요 서비스 굿입니다! 사용해보니 화력도 쎄서 좋습니다^^ 원하던 디자인이라 설치후에 마음에 쏙 드네요.",
    "Source": "쇼핑몰",
    "Domain": "가전",
    "MainCategory": "주방가전",
    "ProductName": "뉴에코 SK매직 GRA-910SR",
    "ReviewScore": "5",
    "Syllable": "95",
    "Word": "21",
    "RDate": "20210131",
    "Aspects": [
      {
        "Aspect": "디자인",
        "SentimentText": "원하던 디자인이라 설치후에 마음에 쏙 드네요.",
        "SentimentWord": "6",
        "SentimentPolarity": "1"
      },
      {
        "Aspect": "기능",
        "SentimentText": "사용해보니 화력도 쎄서 좋습니다^^",
        "SentimentWord": "4",
        "SentimentPolarity": "1"
      }
    ]
  },
  {
    "Index": "25992",
    "RawText": "십년만에 교체했는데 색상도 고급스럽고 완전 만족스러워요~ 원터치 점화라고 했는데 어르신도 쓰기 너무 편해하십니다 좋아요.",
    "Source": "쇼핑몰",
    "Domain": "가전",
    "MainCategory": "주방가전",
    "ProductName": "뉴에코 SK매직 GRA-910SR",
    "ReviewScore": "5",
    "Syllable": "67",
    "Word": "14",
    "RDate": "20200302",
    "GeneralPolarity": "1",
    "Aspects": [
      {
        "Aspect": "색상",
        "SentimentText": "십년만에 교체했는데 색상도 고급스럽고 완전 만족스러워요~",
        "SentimentWord": "6",
        "SentimentPolarity": "1"
      },
      {
        "Aspect": "기능",
        "SentimentText": "원터치 점화라고 했는데 어르신도 쓰기 너무 편해하십니다 좋아요.",
        "SentimentWord": "8",
        "SentimentPolarity": "1"
      }
    ]
  },
  {
    "Index": "25993",
    "RawText": "설치기사분께서 자세한 설명 함께 잘 설치해주셨어요. 무엇보다 밧데리 전면부 교환이 가능한게 마음에 제일 들어요. 가성비 정말 좋은 제품 사서 기분이 좋아요.",
    "Source": "쇼핑몰",
    "Domain": "가전",
    "MainCategory": "주방가전",
    "ProductName": "뉴에코 SK매직 GRA-910SR",
    "ReviewScore": "5",
    "Syllable": "87",
    "Word": "21",
    "RDate": "20210413",
    "Aspects": [
      {
        "Aspect": "배터리",
        "SentimentText": "무엇보다 밧데리 전면부 교환이 가능한게 마음에 제일 들어요. ",
        "SentimentWord": "8",
        "SentimentPolarity": "1"
      },
      {
        "Aspect": "가격",
        "SentimentText": "가성비 정말 좋은 제품 사서 기분이 좋아요.",
        "SentimentWord": "7",
        "SentimentPolarity": "1"
      }
    ]
  },
  {
    "Index": "25995",
    "RawText": "포장 엄청 꼼꼼하게 해주셔서 안전히 잘받아서 기분 좋았어요^^. 색상은 블랙인데 깔끔하고 생각보다 괜찮아서 좋아요. 사이즈가 적당해서 설치후에 부담이 없네요",
    "Source": "쇼핑몰",
    "Domain": "가전",
    "MainCategory": "주방가전",
    "ProductName": "뉴에코 SK매직 GRA-910SR",
    "ReviewScore": "5",
    "Syllable": "87",
    "Word": "19",
    "RDate": "20220511",
    "Aspects": [
      {
        "Aspect": "사이즈",
        "SentimentText": "사이즈가 적당해서 설치후에 부담이 없네요",
        "SentimentWord": "5",
        "SentimentPolarity": "1"
      },
      {
        "Aspect": "색상",
        "SentimentText": "색상은 블랙인데 깔끔하고 생각보다 괜찮아서 좋아요. ",
        "SentimentWord": "6",
        "SentimentPolarity": "1"
      }
    ]
  },
  {
    "Index": "25996",
    "RawText": "안전장치 등 다른 기능은 잘되어 있어서 좋아요. 다만 화력자체가 이중이 아니라 요리를 하면 시간이 너무 걸려 불편하고 답답해요.",
    "Source": "쇼핑몰",
    "Domain": "가전",
    "MainCategory": "주방가전",
    "ProductName": "뉴에코 SK매직 GRA-910SR",
    "ReviewScore": "2",
    "Syllable": "71",
    "Word": "18",
    "RDate": "20210309",
    "GeneralPolarity": "0",
    "Aspects": [
      {
        "Aspect": "기능",
        "SentimentText": "안전장치 등 다른 기능은 잘되어 있어서 좋아요.",
        "SentimentWord": "7",
        "SentimentPolarity": "1"
      },
      {
        "Aspect": "시간/속도",
        "SentimentText": "다만 화력자체가 이중이 아니라 요리를 하면 시간이 너무 걸려 불편하고 답답해요.",
        "SentimentWord": "11",
        "SentimentPolarity": "-1"
      }
    ]
  },
  {
    "Index": "25997",
    "RawText": "어디 흠집난데 없이 잘 배송해서 받았어요 좋아요. 원터치 점화 방식이라 그냥 한번에 돌리면 불이 붙어서 편합니다. 마음에 들어요. 믿음과 신뢰의 ○○○. 구매후에 만족도 최상입니다.",
    "Source": "쇼핑몰",
    "Domain": "가전",
    "MainCategory": "주방가전",
    "ProductName": "뉴에코 SK매직 GRA-910SR",
    "ReviewScore": "5",
    "Syllable": "101",
    "Word": "24",
    "RDate": "20200312",
    "Aspects": [
      {
        "Aspect": "제조일/제조사",
        "SentimentText": "믿음과 신뢰의 ○○○. 구매후에 만족도 최상입니다.",
        "SentimentWord": "6",
        "SentimentPolarity": "1"
      },
      {
        "Aspect": "기능",
        "SentimentText": "원터치 점화 방식이라 그냥 한번에 돌리면 불이 붙어서 편합니다. 마음에 들어요.",
        "SentimentWord": "11",
        "SentimentPolarity": "1"
      }
    ]
  },
  {
    "Index": "25998",
    "RawText": "어머니 댁에 설치해드렸는데 색상도 고급스럽다고 잘어울린다고 만족하시네요. 터치감이 생각보다 부드럽고 가격대비 품질이 맘에 듭니다^^ 튼튼해요~",
    "Source": "쇼핑몰",
    "Domain": "가전",
    "MainCategory": "주방가전",
    "ProductName": "뉴에코 SK매직 GRA-910SR",
    "ReviewScore": "4",
    "Syllable": "79",
    "Word": "15",
    "RDate": "20211017",
    "GeneralPolarity": "1",
    "Aspects": [
      {
        "Aspect": "색상",
        "SentimentText": "어머니 댁에 설치해드렸는데 색상도 고급스럽다고 잘어울린다고 만족하시네요. ",
        "SentimentWord": "7",
        "SentimentPolarity": "1"
      },
      {
        "Aspect": "품질",
        "SentimentText": "터치감이 생각보다 부드럽고 가격대비 품질이 맘에 듭니다^^ 튼튼해요~",
        "SentimentWord": "8",
        "SentimentPolarity": "1"
      }
    ]
  },
  {
    "Index": "25999",
    "RawText": "어머니 집에 필요해서 사게 됐는데 친절히 설명후 설치해주셔서 좋았어요. 다만 점화를 할때 나는 소리가 생각보다 커서 소음이 심하네요. 그건 좀 아쉬워요. 나이드신 분이 조작하는데도 쉽게 할수있어서 안심입니다.",
    "Source": "쇼핑몰",
    "Domain": "가전",
    "MainCategory": "주방가전",
    "ProductName": "뉴에코 SK매직 GRA-910SR",
    "ReviewScore": "5",
    "Syllable": "116",
    "Word": "27",
    "RDate": "20220303",
    "Aspects": [
      {
        "Aspect": "조작성",
        "SentimentText": "나이드신 분이 조작하는데도 쉽게 할수있어서 안심입니다.",
        "SentimentWord": "6",
        "SentimentPolarity": "1"
      },
      {
        "Aspect": "소음",
        "SentimentText": "다만 점화를 할때 나는 소리가 생각보다 커서 소음이 심하네요. 그건 좀 아쉬워요.",
        "SentimentWord": "12",
        "SentimentPolarity": "-1"
      }
    ]
  },
  {
    "Index": "26000",
    "RawText": "엄마집에 선물해드렸는데 디자인도 깔끔해서 좋다고 하시네요. 이정도면 제품 성능에 비해 가격도 저렴하게 구입해서 좋아요. 건전지 교체하는게 앞면에 달려있어서 교체가 편리해서 좋아요.",
    "Source": "쇼핑몰",
    "Domain": "가전",
    "MainCategory": "주방가전",
    "ProductName": "뉴에코 SK매직 GRA-910SR",
    "ReviewScore": "5",
    "Syllable": "100",
    "Word": "21",
    "RDate": "20210128",
    "GeneralPolarity": "1",
    "Aspects": [
      {
        "Aspect": "디자인",
        "SentimentText": "엄마집에 선물해드렸는데 디자인도 깔끔해서 좋다고 하시네요.",
        "SentimentWord": "6",
        "SentimentPolarity": "1"
      },
      {
        "Aspect": "가격",
        "SentimentText": "이정도면 제품 성능에 비해 가격도 저렴하게 구입해서 좋아요.",
        "SentimentWord": "8",
        "SentimentPolarity": "1"
      },
      {
        "Aspect": "편의성",
        "SentimentText": "건전지 교체하는게 앞면에 달려있어서 교체가 편리해서 좋아요.",
        "SentimentWord": "7",
        "SentimentPolarity": "1"
      }
    ]
  },
  {
    "Index": "26001",
    "RawText": "설치기사님께서 예약설치 가능한 지정한 날짜에 오셔서 친절하고 꼼꼼하게 잘 설치해주시고 가셔서 너무 좋았어요. 설치하고 보니 디자인도 고급스러워서 너무 마음에 드네요^^ 색상도 원하던 색상이라 더 사랑스럽네요.",
    "Source": "쇼핑몰",
    "Domain": "가전",
    "MainCategory": "주방가전",
    "ProductName": "뉴에코 SK매직 GRA-910SR",
    "ReviewScore": "5",
    "Syllable": "116",
    "Word": "25",
    "RDate": "20200801",
    "Aspects": [
      {
        "Aspect": "색상",
        "SentimentText": "색상도 원하던 색상이라 더 사랑스럽네요.",
        "SentimentWord": "5",
        "SentimentPolarity": "1"
      },
      {
        "Aspect": "디자인",
        "SentimentText": "설치하고 보니 디자인도 고급스러워서 너무 마음에 드네요^^",
        "SentimentWord": "7",
        "SentimentPolarity": "1"
      }
    ]
  },
  {
    "Index": "26002",
    "RawText": "이 가스렌지는 청소를 하는게 간편해 너무 좋아요. 건전지 갈아 끼우는 곳도 앞면에 있어서 건전지 교체 할때 힘 안들이고 할 수 있어 좋습니다. 한가지 불편한 점은 안전기능때문이겠지만 팬 한쪽면을 화구에서 들면 불이 바로 꺼져버려서 그게 좀 불편해요. 그것 말고는 다 마음에 들어요.",
    "Source": "쇼핑몰",
    "Domain": "가전",
    "MainCategory": "주방가전",
    "ProductName": "뉴에코 SK매직 GRA-910SR",
    "ReviewScore": "4",
    "Syllable": "157",
    "Word": "41",
    "RDate": "20220327",
    "GeneralPolarity": "1",
    "Aspects": [
      {
        "Aspect": "편의성",
        "SentimentText": "이 가스렌지는 청소를 하는게 간편해 너무 좋아요",
        "SentimentWord": "7",
        "SentimentPolarity": "1"
      },
      {
        "Aspect": "편의성",
        "SentimentText": "건전지 갈아 끼우는 곳도 앞면에 있어서 건전지 교체 할때 힘 안들이고 할 수 있어 좋습니다.",
        "SentimentWord": "15",
        "SentimentPolarity": "1"
      },
      {
        "Aspect": "기능",
        "SentimentText": "안전기능때문이겠지만 팬 한쪽면을 화구에서 들면 불이 바로 꺼져버려서 그게 좀 불편해요. 그것 말고는 다 마음에 들어요.",
        "SentimentWord": "16",
        "SentimentPolarity": "0"
      }
    ]
  },
  {
    "Index": "26003",
    "RawText": "주문하고 얼마 안되서 배송이 엄청 빨리 와서 너무 놀랬네요^^. 포장도 꼼꼼하게 잘 되어서 와서 마음에 들었네요. 디자인도 깔끔해서 더 좋아요 아직 설치전인데 잘 쓸께요^^ 깔끔한 실버색상 주방을 화사하게 만들어서 만족",
    "Source": "쇼핑몰",
    "Domain": "가전",
    "MainCategory": "주방가전",
    "ProductName": "뉴에코 SK매직 GRA-910SR",
    "ReviewScore": "5",
    "Syllable": "122",
    "Word": "30",
    "RDate": "20220719",
    "Aspects": [
      {
        "Aspect": "색상",
        "SentimentText": "깔끔한 실버색상 주방을 화사하게 만들어서 만족",
        "SentimentWord": "6",
        "SentimentPolarity": "1"
      },
      {
        "Aspect": "디자인",
        "SentimentText": "디자인도 깔끔해서 더 좋아요 아직 설치전인데 잘 쓸께요^^",
        "SentimentWord": "8",
        "SentimentPolarity": "1"
      }
    ]
  },
  {
    "Index": "26004",
    "RawText": "오래된 타브랜드 가스레인지에서 국산 브랜드로 바꿨는데 속이 다 시원합니다 원터치 점화기능 완전 신세계네요. 디자인은 말할것도 없이 예뻐서 마음에 드네요^^",
    "Source": "쇼핑몰",
    "Domain": "가전",
    "MainCategory": "주방가전",
    "ProductName": "뉴에코 SK매직 GRA-910SR",
    "ReviewScore": "5",
    "Syllable": "86",
    "Word": "19",
    "RDate": "20191031",
    "GeneralPolarity": "1",
    "Aspects": [
      {
        "Aspect": "기능",
        "SentimentText": "오래된 타브랜드 가스레인지에서 국산 브랜드로 바꿨는데 속이 다 시원합니다 원터치 점화기능 완전 신세계네요.",
        "SentimentWord": "13",
        "SentimentPolarity": "1"
      },
      {
        "Aspect": "디자인",
        "SentimentText": "디자인은 말할것도 없이 예뻐서 마음에 드네요^^",
        "SentimentWord": "6",
        "SentimentPolarity": "1"
      }
    ]
  },
  {
    "Index": "26005",
    "RawText": "완전 빠르게 배송되어서 좋았어요. 부모님이 받아보시고 디자인도 고급스럽다고 좋아하셔서 다행이예요. 작동시 소음도 없이 조용해서 안심입니다.",
    "Source": "쇼핑몰",
    "Domain": "가전",
    "MainCategory": "주방가전",
    "ProductName": "뉴에코 SK매직 GRA-910SR",
    "ReviewScore": "5",
    "Syllable": "77",
    "Word": "15",
    "RDate": "20220821",
    "Aspects": [
      {
        "Aspect": "소음",
        "SentimentText": "작동시 소음도 없이 조용해서 안심입니다.",
        "SentimentWord": "5",
        "SentimentPolarity": "1"
      },
      {
        "Aspect": "디자인",
        "SentimentText": "부모님이 받아보시고 디자인도 고급스럽다고 좋아하셔서 다행이예요.",
        "SentimentWord": "6",
        "SentimentPolarity": "1"
      }
    ]
  },
  {
    "Index": "26006",
    "RawText": "항상 쓰던 가스레인지에서 제조사 업체를 바꿔서 구입해봤는데 제조회사도 가끔씩 갈아타봐야겠네요^^ 만족스러워요. 내구성도 탄탄하고 왜 이 브랜드를 추천했는지 알것같아요 좋아요^^",
    "Source": "쇼핑몰",
    "Domain": "가전",
    "MainCategory": "주방가전",
    "ProductName": "뉴에코 SK매직 GRA-910SR",
    "ReviewScore": "5",
    "Syllable": "98",
    "Word": "19",
    "RDate": "20211109",
    "GeneralPolarity": "1",
    "Aspects": [
      {
        "Aspect": "제조일/제조사",
        "SentimentText": "항상 쓰던 가스레인지에서 제조사 업체를 바꿔서 구입해봤는데 제조회사도 가끔씩 갈아타봐야겠네요^^ 만족스러워요.",
        "SentimentWord": "11",
        "SentimentPolarity": "1"
      },
      {
        "Aspect": "내구성",
        "SentimentText": "내구성도 탄탄하고 왜 이 브랜드를 추천했는지 알것같아요 좋아요^^",
        "SentimentWord": "8",
        "SentimentPolarity": "1"
      }
    ]
  },
  {
    "Index": "26007",
    "RawText": "이번에 가스레인지를 맘먹고 바꿨는데 이 물건...양품이네요 너무 좋아요. 배송도 빨리 도착해서 설치 후 잘쓰고 있어요 성능 대박이네요^^",
    "Source": "쇼핑몰",
    "Domain": "가전",
    "MainCategory": "주방가전",
    "ProductName": "뉴에코 SK매직 GRA-910SR",
    "ReviewScore": "5",
    "Syllable": "76",
    "Word": "17",
    "RDate": "20201120",
    "Aspects": [
      {
        "Aspect": "품질",
        "SentimentText": "이번에 가스레인지를 맘먹고 바꿨는데 이 물건...양품이네요 너무 좋아요.",
        "SentimentWord": "8",
        "SentimentPolarity": "1"
      },
      {
        "Aspect": "기능",
        "SentimentText": "배송도 빨리 도착해서 설치 후 잘쓰고 있어요 성능 대박이네요^^",
        "SentimentWord": "9",
        "SentimentPolarity": "1"
      }
    ]
  },
  {
    "Index": "26008",
    "RawText": "배송은 하루만에 왔어요 빠른배송 만족스러워요. 색상이 블랙인데 생각한거보다 더 고급스러워서 좋아요. 부담스럽지 않는 크기라서 맘에 들어요.",
    "Source": "쇼핑몰",
    "Domain": "가전",
    "MainCategory": "주방가전",
    "ProductName": "뉴에코 SK매직 GRA-910SR",
    "ReviewScore": "5",
    "Syllable": "77",
    "Word": "16",
    "RDate": "20200206",
    "Aspects": [
      {
        "Aspect": "사이즈",
        "SentimentText": "부담스럽지 않는 크기라서 맘에 들어요.",
        "SentimentWord": "5",
        "SentimentPolarity": "1"
      },
      {
        "Aspect": "색상",
        "SentimentText": "색상이 블랙인데 생각한거보다 더 고급스러워서 좋아요.",
        "SentimentWord": "6",
        "SentimentPolarity": "1"
      }
    ]
  },
  {
    "Index": "26009",
    "RawText": "2구로 할까 3구로 할까 고민하다 3구로 구입해봤는데 화력 말할것도 없이 좋아요. 청소하는것도 쉬워서 너무 만족해요.",
    "Source": "쇼핑몰",
    "Domain": "가전",
    "MainCategory": "주방가전",
    "ProductName": "뉴에코 SK매직 GRA-910SR",
    "ReviewScore": "5",
    "Syllable": "65",
    "Word": "15",
    "RDate": "20191030",
    "GeneralPolarity": "1",
    "Aspects": [
      {
        "Aspect": "기능",
        "SentimentText": "2구로 할까 3구로 할까 고민하다 3구로 구입해봤는데 화력 말할것도 없이 좋아요. ",
        "SentimentWord": "11",
        "SentimentPolarity": "1"
      },
      {
        "Aspect": "편의성",
        "SentimentText": "청소하는것도 쉬워서 너무 만족해요.",
        "SentimentWord": "4",
        "SentimentPolarity": "1"
      }
    ]
  },
  {
    "Index": "26012",
    "RawText": "잘 사용하고 있습니다 안전장치기능이 있어 위험하지 않아서 초등학생 아들이 스스로 라면도 끓여먹네요ㅎㅎ 왜 그렇게 다들 이 브랜드를 추천해주셨는지 사용해 보니 알겠네요. 믿고쓰는 OO 브랜드~ 좋아요",
    "Source": "쇼핑몰",
    "Domain": "가전",
    "MainCategory": "주방가전",
    "ProductName": "뉴에코 SK매직 GRA-910SR",
    "ReviewScore": "4",
    "Syllable": "110",
    "Word": "25",
    "RDate": "20220830",
    "GeneralPolarity": "1",
    "Aspects": [
      {
        "Aspect": "기능",
        "SentimentText": "잘 사용하고 있습니다 안전장치기능이 있어 위험하지 않아서 초등학생 아들이 스스로 라면도 끓여먹네요ㅎㅎ",
        "SentimentWord": "12",
        "SentimentPolarity": "1"
      },
      {
        "Aspect": "제조일/제조사",
        "SentimentText": "왜 그렇게 다들 이 브랜드를 추천해주셨는지 사용해 보니 알겠네요. 믿고쓰는 OO 브랜드~ 좋아요",
        "SentimentWord": "13",
        "SentimentPolarity": "1"
      }
    ]
  },
  {
    "Index": "26013",
    "RawText": "전에 쓰던 가스레인지가 점화가 잘 안되 애먹었는데 다른 가스레인지로 바꾸니 화력도 좋고 잘되서 엄마가 좋아하세요. 디자인도 고급스러워서 더 마음에 든다고 좋아하시네요^^",
    "Source": "쇼핑몰",
    "Domain": "가전",
    "MainCategory": "주방가전",
    "ProductName": "뉴에코 SK매직 GRA-910SR",
    "ReviewScore": "5",
    "Syllable": "94",
    "Word": "21",
    "RDate": "20220516",
    "GeneralPolarity": "1",
    "Aspects": [
      {
        "Aspect": "기능",
        "SentimentText": "전에 쓰던 가스레인지가 점화가 잘 안되 애먹었는데 다른 가스레인지로 바꾸니 화력도 좋고 잘되서 엄마가 좋아하세요.",
        "SentimentWord": "15",
        "SentimentPolarity": "1"
      },
      {
        "Aspect": "디자인",
        "SentimentText": "디자인도 고급스러워서 더 마음에 든다고 좋아하시네요^^",
        "SentimentWord": "6",
        "SentimentPolarity": "1"
      }
    ]
  },
  {
    "Index": "26014",
    "RawText": "전에 쓰던 가스레인지가 블랙펄이라 같은 종류를 찾다가 이 브랜드 가스레인지를 구입했는데 색깔도 비슷하고 좋아요. 디자인도 훨씬 고급스럽고 마음에 드네요.",
    "Source": "쇼핑몰",
    "Domain": "가전",
    "MainCategory": "주방가전",
    "ProductName": "뉴에코 SK매직 GRA-910SR",
    "ReviewScore": "4",
    "Syllable": "85",
    "Word": "19",
    "RDate": "20220711",
    "GeneralPolarity": "1",
    "Aspects": [
      {
        "Aspect": "색상",
        "SentimentText": "전에 쓰던 가스레인지가 블랙펄이라 같은 종류를 찾다가 이 브랜드 가스레인지를 구입했는데 색깔도 비슷하고 좋아요.",
        "SentimentWord": "14",
        "SentimentPolarity": "1"
      },
      {
        "Aspect": "디자인",
        "SentimentText": "디자인도 훨씬 고급스럽고 마음에 드네요.",
        "SentimentWord": "5",
        "SentimentPolarity": "1"
      }
    ]
  },
  {
    "Index": "26015",
    "RawText": "전에 사용하던 제품보다 무게도 가벼워서 좋아요. 화력도 쎄고 성능이 완전 마음에 듭니다 좋아요",
    "Source": "쇼핑몰",
    "Domain": "가전",
    "MainCategory": "주방가전",
    "ProductName": "뉴에코 SK매직 GRA-910SR",
    "ReviewScore": "5",
    "Syllable": "52",
    "Word": "13",
    "RDate": "20220527",
    "GeneralPolarity": "1",
    "Aspects": [
      {
        "Aspect": "무게",
        "SentimentText": "전에 사용하던 제품보다 무게도 가벼워서 좋아요. ",
        "SentimentWord": "6",
        "SentimentPolarity": "1"
      },
      {
        "Aspect": "기능",
        "SentimentText": "화력도 쎄고 성능이 완전 마음에 듭니다 좋아요",
        "SentimentWord": "7",
        "SentimentPolarity": "1"
      }
    ]
  },
  {
    "Index": "26016",
    "RawText": "점화가 아주 편리해졌어요. 원터치 점화라더니 신세계네요^^ 이 브랜드 가스레인지가 유명하다길래 주문했는데 역시나 사용해보니 만족스럽네요 오랫동안 쓰고싶어요^^",
    "Source": "쇼핑몰",
    "Domain": "가전",
    "MainCategory": "주방가전",
    "ProductName": "뉴에코 SK매직 GRA-910SR",
    "ReviewScore": "5",
    "Syllable": "88",
    "Word": "16",
    "RDate": "20200724",
    "GeneralPolarity": "1",
    "Aspects": [
      {
        "Aspect": "기능",
        "SentimentText": "점화가 아주 편리해졌어요. 원터치 점화라더니 신세계네요^^ ",
        "SentimentWord": "6",
        "SentimentPolarity": "1"
      },
      {
        "Aspect": "제조일/제조사",
        "SentimentText": "이 브랜드 가스레인지가 유명하다길래 주문했는데 역시나 사용해보니 만족스럽네요 오랫동안 쓰고싶어요^^",
        "SentimentWord": "10",
        "SentimentPolarity": "1"
      }
    ]
  },
  {
    "Index": "26017",
    "RawText": "점화가 쉬워서 좋아요, 디자인이 생각보다 엄청 깔끔해서 좋아요. 무엇보다 냄비,후라이팬을 사용할때 안전한 5구 그레이트라 미끄러지지 않아 너무 좋아요.",
    "Source": "쇼핑몰",
    "Domain": "가전",
    "MainCategory": "주방가전",
    "ProductName": "뉴에코 SK매직 GRA-910SR",
    "ReviewScore": "5",
    "Syllable": "84",
    "Word": "18",
    "RDate": "20210103",
    "GeneralPolarity": "1",
    "Aspects": [
      {
        "Aspect": "기능",
        "SentimentText": "점화가 쉬워서 좋아요,",
        "SentimentWord": "3",
        "SentimentPolarity": "1"
      },
      {
        "Aspect": "디자인",
        "SentimentText": "디자인이 생각보다 엄청 깔끔해서 좋아요. ",
        "SentimentWord": "5",
        "SentimentPolarity": "1"
      },
      {
        "Aspect": "편의성",
        "SentimentText": "무엇보다 냄비,후라이팬을 사용할때 안전한 5구 그레이트라 미끄러지지 않아 너무 좋아요.",
        "SentimentWord": "10",
        "SentimentPolarity": "1"
      }
    ]
  },
  {
    "Index": "26018",
    "RawText": "제품 빠르게 잘 배송 받아서 좋아요^^. 전에 쓰던 디자인과 비슷해서 만족해요. 저렴하게 구매해서 좋네요.",
    "Source": "쇼핑몰",
    "Domain": "가전",
    "MainCategory": "주방가전",
    "ProductName": "뉴에코 SK매직 GRA-910SR",
    "ReviewScore": "5",
    "Syllable": "59",
    "Word": "14",
    "RDate": "20201215",
    "Aspects": [
      {
        "Aspect": "가격",
        "SentimentText": "저렴하게 구매해서 좋네요.",
        "SentimentWord": "3",
        "SentimentPolarity": "1"
      },
      {
        "Aspect": "디자인",
        "SentimentText": "전에 쓰던 디자인과 비슷해서 만족해요.",
        "SentimentWord": "5",
        "SentimentPolarity": "1"
      }
    ]
  },
  {
    "Index": "26019",
    "RawText": "배송도 빠르고 안전하게 와서 좋습니다. 생각한거 보다 무게가 가벼워서 설치하는데도 어려움없이 해서 좋았어요. 가격도 착한게 정말 마음에 들어요",
    "Source": "쇼핑몰",
    "Domain": "가전",
    "MainCategory": "주방가전",
    "ProductName": "뉴에코 SK매직 GRA-910SR",
    "ReviewScore": "4",
    "Syllable": "79",
    "Word": "18",
    "RDate": "20200227",
    "Aspects": [
      {
        "Aspect": "가격",
        "SentimentText": "가격도 착한게 정말 마음에 들어요",
        "SentimentWord": "5",
        "SentimentPolarity": "1"
      },
      {
        "Aspect": "무게",
        "SentimentText": "생각한거 보다 무게가 가벼워서 설치하는데도 어려움없이 해서 좋았어요.",
        "SentimentWord": "8",
        "SentimentPolarity": "1"
      }
    ]
  },
  {
    "Index": "26020",
    "RawText": "저렴한 가격에 좋은 제품 구매할 수 있어서 넘 좋은거있죠! 가성비 너무 좋아요^^ 하루만에 빠른 배송도 너무 좋아요 화력도 생각보다 좋아서 정말 좋네요.",
    "Source": "쇼핑몰",
    "Domain": "가전",
    "MainCategory": "주방가전",
    "ProductName": "뉴에코 SK매직 GRA-910SR",
    "ReviewScore": "5",
    "Syllable": "85",
    "Word": "22",
    "RDate": "20211229",
    "Aspects": [
      {
        "Aspect": "가격",
        "SentimentText": "저렴한 가격에 좋은 제품 구매할 수 있어서 넘 좋은거있죠! 가성비 너무 좋아요^^ ",
        "SentimentWord": "12",
        "SentimentPolarity": "1"
      },
      {
        "Aspect": "기능",
        "SentimentText": "화력도 생각보다 좋아서 정말 좋네요.",
        "SentimentWord": "5",
        "SentimentPolarity": "1"
      }
    ]
  },
  {
    "Index": "26021",
    "RawText": "빠른 배송에 놀랐어요. 주문하고 다음날 바로 제품이 왔어요  공휴일 끼어어 그날 바로 설치 못하고 오늘에야 설치 했네요 디자인이 너무 깔끔하고 심플해서 너무 만족스럽네요 강추입니다~^^ 사이즈가 아담해서 편하게 설치가 가능했어요.",
    "Source": "쇼핑몰",
    "Domain": "가전",
    "MainCategory": "주방가전",
    "ProductName": "뉴에코 SK매직 GRA-910SR",
    "ReviewScore": "5",
    "Syllable": "128",
    "Word": "29",
    "RDate": "20191004",
    "Aspects": [
      {
        "Aspect": "사이즈",
        "SentimentText": "사이즈가 아담해서 편하게 설치가 가능했어요.",
        "SentimentWord": "5",
        "SentimentPolarity": "1"
      },
      {
        "Aspect": "디자인",
        "SentimentText": "디자인이 너무 깔끔하고 심플해서 너무 만족스럽네요 강추입니다~^^",
        "SentimentWord": "7",
        "SentimentPolarity": "1"
      }
    ]
  },
  {
    "Index": "26022",
    "RawText": "주문하고 바로 다음날 설치 날짜 조율해주셔서 너무 좋았구요.  원터치 점화된다고해서 좋다고 구매했는데 제가 조작하기는 좀 뻑뻑하네요 화력이 세서 그런가 평균 요리시간도 엄청 절약이 되어 좋네요.",
    "Source": "쇼핑몰",
    "Domain": "가전",
    "MainCategory": "주방가전",
    "ProductName": "뉴에코 SK매직 GRA-910SR",
    "ReviewScore": "5",
    "Syllable": "108",
    "Word": "25",
    "RDate": "20200504",
    "Aspects": [
      {
        "Aspect": "시간/속도",
        "SentimentText": "화력이 세서 그런가 평균 요리시간도 엄청 절약이 되어 좋네요.",
        "SentimentWord": "9",
        "SentimentPolarity": "1"
      },
      {
        "Aspect": "조작성",
        "SentimentText": "원터치 점화된다고해서 좋다고 구매했는데 제가 조작하기는 좀 뻑뻑하네요",
        "SentimentWord": "8",
        "SentimentPolarity": "-1"
      }
    ]
  },
  {
    "Index": "26023",
    "RawText": "기사님께서 직접 와서 설치해주시고 쓰던 가스렌지도 무료 수거해가니신 너무 편하고 좋습니다. 제품도 주문 다음날 총알배송으로 왔구요 두말할것없이 최고로 만족합니다. 감사합니다. 기존 사용하던 화구보다 화력도 세고 작동도 우수해요. 색상도 고급스런 메탈블랙이라 맘에 쏙 들고요.",
    "Source": "쇼핑몰",
    "Domain": "가전",
    "MainCategory": "주방가전",
    "ProductName": "뉴에코 SK매직 GRA-910SR",
    "ReviewScore": "5",
    "Syllable": "153",
    "Word": "33",
    "RDate": "20200826",
    "Aspects": [
      {
        "Aspect": "기능",
        "SentimentText": "기존 사용하던 화구보다 화력도 세고 작동도 우수해요.",
        "SentimentWord": "7",
        "SentimentPolarity": "1"
      },
      {
        "Aspect": "색상",
        "SentimentText": "색상도 고급스런 메탈블랙이라 맘에 쏙 들고요.",
        "SentimentWord": "6",
        "SentimentPolarity": "1"
      }
    ]
  },
  {
    "Index": "26024",
    "RawText": "제품소재가 범랑이어서 탄탄해  좋습니다.청소 관리도 편해서 너무 좋아요 . 디자인까지 이뻐 더욱 마음에 듭니다.",
    "Source": "쇼핑몰",
    "Domain": "가전",
    "MainCategory": "주방가전",
    "ProductName": "뉴에코 SK매직 GRA-910SR",
    "ReviewScore": "5",
    "Syllable": "62",
    "Word": "14",
    "RDate": "20220414",
    "GeneralPolarity": "1",
    "Aspects": [
      {
        "Aspect": "소재",
        "SentimentText": "제품소재가 범랑이어서 탄탄해  좋습니다",
        "SentimentWord": "4",
        "SentimentPolarity": "1"
      },
      {
        "Aspect": "편의성",
        "SentimentText": "청소 관리도 편해서 너무 좋아요 ",
        "SentimentWord": "5",
        "SentimentPolarity": "1"
      },
      {
        "Aspect": "디자인",
        "SentimentText": "디자인까지 이뻐 더욱 마음에 듭니다",
        "SentimentWord": "5",
        "SentimentPolarity": "1"
      }
    ]
  },
  {
    "Index": "26026",
    "RawText": "기사님께서  깔끔하고 친절하게 설치 해 주셔서 좋았습니다.검정색으로 샀더니 먼지가 잘 보여  별로인것 같아요 최신의 제품으로 와서 너무 좋네요.",
    "Source": "쇼핑몰",
    "Domain": "가전",
    "MainCategory": "주방가전",
    "ProductName": "뉴에코 SK매직 GRA-910SR",
    "ReviewScore": "5",
    "Syllable": "80",
    "Word": "18",
    "RDate": "20191017",
    "Aspects": [
      {
        "Aspect": "제조일/제조사",
        "SentimentText": "최신의 제품으로 와서 너무 좋네요.",
        "SentimentWord": "5",
        "SentimentPolarity": "1"
      },
      {
        "Aspect": "색상",
        "SentimentText": "검정색으로 샀더니 먼지가 잘 보여  별로인것 같아요 ",
        "SentimentWord": "7",
        "SentimentPolarity": "-1"
      }
    ]
  },
  {
    "Index": "26028",
    "RawText": "전체 크기는 딱 맞았습니다~화구도 3구짜리라서 동시에 다양한 요리가능해서 편하고좋아요~ 색상도 세련된 느낌이라 맘에 들어요~",
    "Source": "쇼핑몰",
    "Domain": "가전",
    "MainCategory": "주방가전",
    "ProductName": "뉴에코 SK매직 GRA-910SR",
    "ReviewScore": "5",
    "Syllable": "69",
    "Word": "14",
    "RDate": "20200924",
    "GeneralPolarity": "1",
    "Aspects": [
      {
        "Aspect": "사이즈",
        "SentimentText": "전체 크기는 딱 맞았습니다~",
        "SentimentWord": "4",
        "SentimentPolarity": "1"
      },
      {
        "Aspect": "편의성",
        "SentimentText": "화구도 3구짜리라서 동시에 다양한 요리가능해서 편하고좋아요~ ",
        "SentimentWord": "6",
        "SentimentPolarity": "1"
      },
      {
        "Aspect": "색상",
        "SentimentText": " 색상도 세련된 느낌이라 맘에 들어요~",
        "SentimentWord": "5",
        "SentimentPolarity": "1"
      }
    ]
  },
  {
    "Index": "26029",
    "RawText": "제품 포장 상태가 잘 되어 있어 만족 합니다 .생각보다 무게가 있어  설치 이동하는데  힘들었습니다. 전반적으로 이상없고 양품으로 받아서 고맙습니다.",
    "Source": "쇼핑몰",
    "Domain": "가전",
    "MainCategory": "주방가전",
    "ProductName": "뉴에코 SK매직 GRA-910SR",
    "ReviewScore": "5",
    "Syllable": "83",
    "Word": "19",
    "RDate": "20210125",
    "Aspects": [
      {
        "Aspect": "품질",
        "SentimentText": "전반적으로 이상없고 양품으로 받아서 고맙습니다.",
        "SentimentWord": "5",
        "SentimentPolarity": "1"
      },
      {
        "Aspect": "무게",
        "SentimentText": "무게가 있어  설치 이동하는데  힘들었습니다. ",
        "SentimentWord": "5",
        "SentimentPolarity": "-1"
      }
    ]
  },
  {
    "Index": "26030",
    "RawText": "설치 기사님께서 친절하시고 깔끔하게  설치해 주셔서 만족합니다.  색상이 블랙이라서 깔끔헤 보여 좋네요 최신 유행의 디자인이 적용되어 고급스럽네요.",
    "Source": "쇼핑몰",
    "Domain": "가전",
    "MainCategory": "주방가전",
    "ProductName": "뉴에코 SK매직 GRA-910SR",
    "ReviewScore": "5",
    "Syllable": "82",
    "Word": "17",
    "RDate": "20220211",
    "Aspects": [
      {
        "Aspect": "디자인",
        "SentimentText": "최신 유행의 디자인이 적용되어 고급스럽네요.",
        "SentimentWord": "5",
        "SentimentPolarity": "1"
      },
      {
        "Aspect": "색상",
        "SentimentText": "색상이 블랙이라서 깔끔헤 보여 좋네요 ",
        "SentimentWord": "5",
        "SentimentPolarity": "1"
      }
    ]
  },
  {
    "Index": "26031",
    "RawText": "화력이 세서 너무 마음에 들어요. 디자인까지 깔끔하고 모던해서 더욱 만족합니다.  무게는 가벼워서 이동하기 좋은데  점화 할때 소리가 커서 거슬려요",
    "Source": "쇼핑몰",
    "Domain": "가전",
    "MainCategory": "주방가전",
    "ProductName": "뉴에코 SK매직 GRA-910SR",
    "ReviewScore": "5",
    "Syllable": "82",
    "Word": "19",
    "RDate": "20210304",
    "GeneralPolarity": "1",
    "Aspects": [
      {
        "Aspect": "기능",
        "SentimentText": "화력이 세서 너무 마음에 들어요",
        "SentimentWord": "5",
        "SentimentPolarity": "1"
      },
      {
        "Aspect": "디자인",
        "SentimentText": "디자인까지 깔끔하고 모던해서 더욱 만족합니다. ",
        "SentimentWord": "5",
        "SentimentPolarity": "1"
      },
      {
        "Aspect": "무게",
        "SentimentText": "무게는 가벼워서 이동하기 좋은데 ",
        "SentimentWord": "4",
        "SentimentPolarity": "1"
      },
      {
        "Aspect": "소음",
        "SentimentText": "점화 할때 소리가 커서 거슬려요 ",
        "SentimentWord": "5",
        "SentimentPolarity": "0"
      }
    ]
  },
  {
    "Index": "26032",
    "RawText": "3년전 사드린 인덕션은 물이 너무 늦게 끓어서 성격급한 엄마는 사용하실때마다 불편해하셨어요. 이번에 사드린 인덕션은 유명브랜드꺼라 너무 좋다고 하시네요. 이전꺼는 물이 너무 안끓어서 퍼지고 덜익은 국수 먹었었거든요..  이제 물끓는 속도가  휠씬 빨라져 대만족입니다. 재대로된 수제비 칼국수 해먹을수 있게 되었네요..  엄마한테 칭찬받으니 간만에 효녀 된것같아 신이납니다.. 감사합니다. 사랑해요 ♡♡♡",
    "Source": "쇼핑몰",
    "Domain": "가전",
    "MainCategory": "주방가전",
    "ProductName": "디오스 LG전자 BEI3GQT2 빌트인",
    "ReviewScore": "5",
    "Syllable": "225",
    "Word": "47",
    "RDate": "20220223",
    "GeneralPolarity": "1",
    "Aspects": [
      {
        "Aspect": "제조일/제조사",
        "SentimentText": "유명브랜드꺼라 너무 좋다고 하시네요.",
        "SentimentWord": "4",
        "SentimentPolarity": "1"
      },
      {
        "Aspect": "내구성",
        "SentimentText": "이제 물끓는 속도가  휠씬 빨라져 대만족입니다.",
        "SentimentWord": "6",
        "SentimentPolarity": "1"
      }
    ]
  },
  {
    "Index": "26033",
    "RawText": "가격 대비 최고인 것 같습니다. 생각했던 거보다는 성능이 약한 것 같아 실망스러워요.",
    "Source": "쇼핑몰",
    "Domain": "가전",
    "MainCategory": "주방가전",
    "ProductName": "디오스 LG전자 BEI3GQT2 빌트인",
    "ReviewScore": "5",
    "Syllable": "47",
    "Word": "12",
    "RDate": "20220818",
    "GeneralPolarity": "0",
    "Aspects": [
      {
        "Aspect": "가격",
        "SentimentText": "가격 대비 최고인 것 같습니다.",
        "SentimentWord": "5",
        "SentimentPolarity": "1"
      },
      {
        "Aspect": "기능",
        "SentimentText": "생각했던 거보다는 성능이 약한 것 같아 실망스러워요.   ",
        "SentimentWord": "7",
        "SentimentPolarity": "-1"
      }
    ]
  }
]