[
  {
    "Index": "28023",
    "RawText": "화이트 컬러로 구매했는데 아이보리색이 나면서 완전 고급지고 예뻐요. 디자인도 심플하니 부엌이 확 사네요 너무 좋아요.",
    "Source": "쇼핑몰",
    "Domain": "가전",
    "MainCategory": "주방가전",
    "ProductName": "비스포크 삼성전자 RQ32A7602AP (2021년형) 코타",
    "ReviewScore": "5",
    "Syllable": "65",
    "Word": "15",
    "RDate": "20211125",
    "GeneralPolarity": "1",
    "Aspects": [
      {
        "Aspect": "색상",
        "SentimentText": "화이트 컬러로 구매했는데 아이보리색이 나면서 완전 고급지고 예뻐요. ",
        "SentimentWord": "8",
        "SentimentPolarity": "1"
      },
      {
        "Aspect": "디자인",
        "SentimentText": "디자인도 심플하니 부엌이 확 사네요 너무 좋아요.",
        "SentimentWord": "7",
        "SentimentPolarity": "1"
      }
    ]
  },
  {
    "Index": "28024",
    "RawText": "냉장고 디자인이 너무너무 예뻐요. 진짜 고급스럽고 좋네요. 가격마저 착해서 너무 마음에 듭니다. 저렴하게 구입해서 좋아요.",
    "Source": "쇼핑몰",
    "Domain": "가전",
    "MainCategory": "주방가전",
    "ProductName": "비스포크 삼성전자 RQ32A7602AP (2021년형) 코타",
    "ReviewScore": "5",
    "Syllable": "68",
    "Word": "15",
    "RDate": "20211014",
    "GeneralPolarity": "1",
    "Aspects": [
      {
        "Aspect": "디자인",
        "SentimentText": "냉장고 디자인이 너무너무 예뻐요. 진짜 고급스럽고 좋네요. ",
        "SentimentWord": "7",
        "SentimentPolarity": "1"
      },
      {
        "Aspect": "가격",
        "SentimentText": "가격마저 착해서 너무 마음에 듭니다. 저렴하게 구입해서 좋아요.",
        "SentimentWord": "8",
        "SentimentPolarity": "1"
      }
    ]
  },
  {
    "Index": "28025",
    "RawText": "디자인이 너무 고급스럽고 예뻐서 좋아요. 그리고 내부가 넓어서 공간활용에 매우 용이해서 좋아요.",
    "Source": "쇼핑몰",
    "Domain": "가전",
    "MainCategory": "주방가전",
    "ProductName": "비스포크 삼성전자 RQ32A7602AP (2021년형) 코타",
    "ReviewScore": "5",
    "Syllable": "53",
    "Word": "12",
    "RDate": "20211216",
    "GeneralPolarity": "1",
    "Aspects": [
      {
        "Aspect": "디자인",
        "SentimentText": "디자인이 너무 고급스럽고 예뻐서 좋아요",
        "SentimentWord": "5",
        "SentimentPolarity": "1"
      },
      {
        "Aspect": "용량",
        "SentimentText": "그리고 내부가 넓어서 공간활용에 매우 용이해서 좋아요.",
        "SentimentWord": "7",
        "SentimentPolarity": "1"
      }
    ]
  },
  {
    "Index": "28026",
    "RawText": "배송기사님께서 제가 말씀드린 날짜에 딱 배송해주셔서 너무 좋았어요. 옐로우 계열로 했는데 색상 너무 예뻐서 계속 쳐다보네요ㅎ 김치 넣어봤더니 시원하고 숙성모드 완벽하네요. 맛있어요.",
    "Source": "쇼핑몰",
    "Domain": "가전",
    "MainCategory": "주방가전",
    "ProductName": "비스포크 삼성전자 RQ32A7602AP (2021년형) 코타",
    "ReviewScore": "4",
    "Syllable": "101",
    "Word": "22",
    "RDate": "20211123",
    "Aspects": [
      {
        "Aspect": "색상",
        "SentimentText": "옐로우 계열로 했는데 색상 너무 예뻐서 계속 쳐다보네요ㅎ",
        "SentimentWord": "8",
        "SentimentPolarity": "1"
      },
      {
        "Aspect": "기능",
        "SentimentText": "김치 넣어봤더니 시원하고 숙성모드 완벽하네요. 맛있어요.",
        "SentimentWord": "6",
        "SentimentPolarity": "1"
      }
    ]
  },
  {
    "Index": "28027",
    "RawText": "디자인도 예쁘고 심플하니 너무 고급스러워서 만족스러워요. 다만 설치기사님께 우측방향으로 설치를 말씀드렸는데 안해주시고 그냥 가셔서 매우 불쾌했네요. 너무 무거워서 기사님이 설치하면서 엄청 힘겨워했네요",
    "Source": "쇼핑몰",
    "Domain": "가전",
    "MainCategory": "주방가전",
    "ProductName": "비스포크 삼성전자 RQ32A7602AP (2021년형) 코타",
    "ReviewScore": "5",
    "Syllable": "111",
    "Word": "22",
    "RDate": "20220514",
    "Aspects": [
      {
        "Aspect": "디자인",
        "SentimentText": "디자인도 예쁘고 심플하니 너무 고급스러워서 만족스러워요.",
        "SentimentWord": "6",
        "SentimentPolarity": "1"
      },
      {
        "Aspect": "무게",
        "SentimentText": "너무 무거워서 기사님이 설치하면서 엄청 힘겨워했네요",
        "SentimentWord": "6",
        "SentimentPolarity": "-1"
      }
    ]
  },
  {
    "Index": "28030",
    "RawText": "집이 좁아서 혹시 냉장고가 너무 크진 않을까 걱정했는데 사이즈 아주 적당하니 너무 마음에 들어요^^ 설치 기사님께서 신속하게 설치해주시고 가셔서 좋았네요. 사용법 단순하고 간결해 좋네요",
    "Source": "쇼핑몰",
    "Domain": "가전",
    "MainCategory": "주방가전",
    "ProductName": "비스포크 삼성전자 RQ32A7602AP (2021년형) 코타",
    "ReviewScore": "4",
    "Syllable": "103",
    "Word": "24",
    "RDate": "20210716",
    "Aspects": [
      {
        "Aspect": "사이즈",
        "SentimentText": "집이 좁아서 혹시 냉장고가 너무 크진 않을까 걱정했는데 사이즈 아주 적당하니 너무 마음에 들어요^^",
        "SentimentWord": "14",
        "SentimentPolarity": "1"
      },
      {
        "Aspect": "조작성",
        "SentimentText": "사용법 단순하고 간결해 좋네요",
        "SentimentWord": "4",
        "SentimentPolarity": "1"
      }
    ]
  },
  {
    "Index": "28031",
    "RawText": "냉장고 자체가 슬림하고 사이즈가 생각보다 작아서 공간차지 많이 안해서 좋아요. 그리고 제품구성으로 온 김치통도 사이즈 다양하게 와서 좋네요^^",
    "Source": "쇼핑몰",
    "Domain": "가전",
    "MainCategory": "주방가전",
    "ProductName": "비스포크 삼성전자 RQ32A7602AP (2021년형) 코타",
    "ReviewScore": "5",
    "Syllable": "79",
    "Word": "18",
    "RDate": "20211204",
    "GeneralPolarity": "1",
    "Aspects": [
      {
        "Aspect": "사이즈",
        "SentimentText": "냉장고 자체가 슬림하고 사이즈가 생각보다 작아서 공간차지 많이 안해서 좋아요.",
        "SentimentWord": "10",
        "SentimentPolarity": "1"
      },
      {
        "Aspect": "제품구성",
        "SentimentText": "그리고 제품구성으로 온 김치통도 사이즈 다양하게 와서 좋네요^^",
        "SentimentWord": "8",
        "SentimentPolarity": "1"
      }
    ]
  },
  {
    "Index": "28032",
    "RawText": "배송지연 관련해서 해피콜 연락이 원활하진 않았지만 추후 오신 설치기사님은 친절하게 설치해주시고 가셔서 좋았어요. 색상을 화이트톤으로 했는데 너무 깔끔해서 좋아요! 예뻐요. 유려한 디자인의 제품을 받아서 만족합니다.",
    "Source": "쇼핑몰",
    "Domain": "가전",
    "MainCategory": "주방가전",
    "ProductName": "비스포크 삼성전자 RQ32A7602AP (2021년형) 코타",
    "ReviewScore": "4",
    "Syllable": "119",
    "Word": "25",
    "RDate": "20220814",
    "Aspects": [
      {
        "Aspect": "디자인",
        "SentimentText": "유려한 디자인의 제품을 받아서 만족합니다.",
        "SentimentWord": "5",
        "SentimentPolarity": "1"
      },
      {
        "Aspect": "색상",
        "SentimentText": "색상을 화이트톤으로 했는데 너무 깔끔해서 좋아요! 예뻐요.",
        "SentimentWord": "7",
        "SentimentPolarity": "1"
      }
    ]
  },
  {
    "Index": "28034",
    "RawText": "배송, 설치기사님이 빠르게 깔끔히 설치해주고 가셔서 좋았어요. 제품 받아보니 왜 다들 디자인을 칭찬했는지 알겠네요. 너무 예쁘고 고급스러워요. 생각보다 싸게 구매했어요. 완전 득템!!",
    "Source": "쇼핑몰",
    "Domain": "가전",
    "MainCategory": "주방가전",
    "ProductName": "비스포크 삼성전자 RQ32A7602AP (2021년형) 코타",
    "ReviewScore": "4",
    "Syllable": "102",
    "Word": "22",
    "RDate": "20220215",
    "Aspects": [
      {
        "Aspect": "가격",
        "SentimentText": "생각보다 싸게 구매했어요. 완전 득템!!",
        "SentimentWord": "5",
        "SentimentPolarity": "1"
      },
      {
        "Aspect": "디자인",
        "SentimentText": "제품 받아보니 왜 다들 디자인을 칭찬했는지 알겠네요. 너무 예쁘고 고급스러워요.",
        "SentimentWord": "10",
        "SentimentPolarity": "1"
      }
    ]
  },
  {
    "Index": "28035",
    "RawText": "디자인 정말 깔끔해서 좋아요. 어디다 놔도 어울려요. 내부용량도 넉넉해서 많이 들어가서 좋아요. 거기다 가격까지 착하니 너무 잘산것 같아요.",
    "Source": "쇼핑몰",
    "Domain": "가전",
    "MainCategory": "주방가전",
    "ProductName": "비스포크 삼성전자 RQ32A7602AP (2021년형) 코타",
    "ReviewScore": "5",
    "Syllable": "78",
    "Word": "18",
    "RDate": "20220118",
    "GeneralPolarity": "1",
    "Aspects": [
      {
        "Aspect": "디자인",
        "SentimentText": "디자인 정말 깔끔해서 좋아요. 어디다 놔도 어울려요.",
        "SentimentWord": "7",
        "SentimentPolarity": "1"
      },
      {
        "Aspect": "용량",
        "SentimentText": "내부용량도 넉넉해서 많이 들어가서 좋아요. ",
        "SentimentWord": "5",
        "SentimentPolarity": "1"
      },
      {
        "Aspect": "가격",
        "SentimentText": " 거기다 가격까지 착하니 너무 잘산것 같아요.",
        "SentimentWord": "6",
        "SentimentPolarity": "1"
      }
    ]
  },
  {
    "Index": "28037",
    "RawText": "디자인이 일단 고급스러워서 너무 좋네요. 내부 공간도 넓어서 내용물 많이 들어가서 좋습니다. 색상도 너무 맘에 들어서 자꾸쳐다보게 되네요.",
    "Source": "쇼핑몰",
    "Domain": "가전",
    "MainCategory": "주방가전",
    "ProductName": "비스포크 삼성전자 RQ32A7602AP (2021년형) 코타",
    "ReviewScore": "5",
    "Syllable": "77",
    "Word": "18",
    "RDate": "20220511",
    "GeneralPolarity": "1",
    "Aspects": [
      {
        "Aspect": "디자인",
        "SentimentText": "디자인이 일단 고급스러워서 너무 좋네요. ",
        "SentimentWord": "5",
        "SentimentPolarity": "1"
      },
      {
        "Aspect": "용량",
        "SentimentText": "내부 공간도 넓어서 내용물 많이 들어가서 좋습니다.",
        "SentimentWord": "7",
        "SentimentPolarity": "1"
      },
      {
        "Aspect": "색상",
        "SentimentText": "색상도 너무 맘에 들어서 자꾸쳐다보게 되네요.",
        "SentimentWord": "6",
        "SentimentPolarity": "1"
      }
    ]
  },
  {
    "Index": "28038",
    "RawText": "배송은 좀 늦었지만 설치기사님도 친절하시고 설치 잘해주시고 가셔서 좋았어요. 제품 받아보니 숙성보관 쿨링기능 등등 다 만족스러워요. 전력소비량이 작아서 전기세 걱정은 뚝이에요",
    "Source": "쇼핑몰",
    "Domain": "가전",
    "MainCategory": "주방가전",
    "ProductName": "비스포크 삼성전자 RQ32A7602AP (2021년형) 코타",
    "ReviewScore": "4",
    "Syllable": "97",
    "Word": "21",
    "RDate": "20211207",
    "Aspects": [
      {
        "Aspect": "소비전력",
        "SentimentText": "전력소비량이 작아서 전기세 걱정은 뚝이에요",
        "SentimentWord": "5",
        "SentimentPolarity": "1"
      },
      {
        "Aspect": "기능",
        "SentimentText": "제품 받아보니 숙성보관 쿨링기능 등등 다 만족스러워요.",
        "SentimentWord": "7",
        "SentimentPolarity": "1"
      }
    ]
  },
  {
    "Index": "28040",
    "RawText": "배송이 정말 너무 늦고 지연문자도 안와서 굉장히 불쾌했습니다. 제품 받아보니 냉장고는 너무 예쁘고 디자인 마음에 들어서 마음이 풀렸네요. 소비전력 1등급인데 왜이렇게 전기세가 많이나오는지 궁금하네요",
    "Source": "쇼핑몰",
    "Domain": "가전",
    "MainCategory": "주방가전",
    "ProductName": "비스포크 삼성전자 RQ32A7602AP (2021년형) 코타",
    "ReviewScore": "4",
    "Syllable": "110",
    "Word": "24",
    "RDate": "20220308",
    "Aspects": [
      {
        "Aspect": "소비전력",
        "SentimentText": "소비전력 1등급인데 왜이렇게 전기세가 많이나오는지 궁금하네요",
        "SentimentWord": "6",
        "SentimentPolarity": "-1"
      },
      {
        "Aspect": "디자인",
        "SentimentText": "제품 받아보니 냉장고는 너무 예쁘고 디자인 마음에 들어서 마음이 풀렸네요.",
        "SentimentWord": "10",
        "SentimentPolarity": "1"
      }
    ]
  },
  {
    "Index": "28041",
    "RawText": "패널이랑 같이 주문해서 배송이 되다보니 배송자체가 지연되서 속상했네요. 그린 색상으로 주문했는데 색깔 너무 예뻐서 정말 좋아요. 제품의 마감작업이 제대로 안되어있네요. 품질에 믿음이 안가요",
    "Source": "쇼핑몰",
    "Domain": "가전",
    "MainCategory": "주방가전",
    "ProductName": "비스포크 삼성전자 RQ32A7602AP (2021년형) 코타",
    "ReviewScore": "5",
    "Syllable": "105",
    "Word": "23",
    "RDate": "20220704",
    "Aspects": [
      {
        "Aspect": "품질",
        "SentimentText": "제품의 마감작업이 제대로 안되어있네요. 품질에 믿음이 안가요",
        "SentimentWord": "7",
        "SentimentPolarity": "-1"
      },
      {
        "Aspect": "색상",
        "SentimentText": " 그린 색상으로 주문했는데 색깔 너무 예뻐서 정말 좋아요. ",
        "SentimentWord": "8",
        "SentimentPolarity": "1"
      }
    ]
  },
  {
    "Index": "28042",
    "RawText": "뚜껑형 냉장고 쓰다가 스탠드 이번에 처음써보는데 훨씬 편리해서 좋네요. 설치해주시는 기사님도 친절하셔서 좋았어요. 예산비용이 적어 걱정했는데 잘샀네요",
    "Source": "쇼핑몰",
    "Domain": "가전",
    "MainCategory": "주방가전",
    "ProductName": "비스포크 삼성전자 RQ32A7602AP (2021년형) 코타",
    "ReviewScore": "4",
    "Syllable": "83",
    "Word": "17",
    "RDate": "20220514",
    "Aspects": [
      {
        "Aspect": "편의성",
        "SentimentText": "뚜껑형 냉장고 쓰다가 스탠드 이번에 처음써보는데 훨씬 편리해서 좋네요",
        "SentimentWord": "9",
        "SentimentPolarity": "1"
      },
      {
        "Aspect": "가격",
        "SentimentText": "예산비용이 적어 걱정했는데 잘샀네요",
        "SentimentWord": "4",
        "SentimentPolarity": "1"
      }
    ]
  },
  {
    "Index": "28043",
    "RawText": "색상 고민하다가 코타화이트로 결정했는데 너무 마음에 들어요. 화이트색상 강추해요. 그리고 좋은 제품을 저렴하게 구입해서 너무 좋아요.",
    "Source": "쇼핑몰",
    "Domain": "가전",
    "MainCategory": "주방가전",
    "ProductName": "비스포크 삼성전자 RQ32A7602AP (2021년형) 코타",
    "ReviewScore": "5",
    "Syllable": "74",
    "Word": "16",
    "RDate": "20211117",
    "GeneralPolarity": "1",
    "Aspects": [
      {
        "Aspect": "색상",
        "SentimentText": "색상 고민하다가 코타화이트로 결정했는데 너무 마음에 들어요. 화이트색상 강추해요",
        "SentimentWord": "9",
        "SentimentPolarity": "1"
      },
      {
        "Aspect": "가격",
        "SentimentText": "그리고 좋은 제품을 저렴하게 구입해서 너무 좋아요.",
        "SentimentWord": "7",
        "SentimentPolarity": "1"
      }
    ]
  },
  {
    "Index": "28045",
    "RawText": "배송지연 안내받았음에도 불구하고 예상날짜보다 빨리 받아서 좋았어요. 색상도 너무 고급스럽고 예쁘네요^^ 냉장기능이 아주 우수하네요",
    "Source": "쇼핑몰",
    "Domain": "가전",
    "MainCategory": "주방가전",
    "ProductName": "비스포크 삼성전자 RQ32A7602AP (2021년형) 코타",
    "ReviewScore": "4",
    "Syllable": "72",
    "Word": "14",
    "RDate": "20211218",
    "Aspects": [
      {
        "Aspect": "기능",
        "SentimentText": "냉장기능이 아주 우수하네요",
        "SentimentWord": "3",
        "SentimentPolarity": "1"
      },
      {
        "Aspect": "색상",
        "SentimentText": " 색상도 너무 고급스럽고 예쁘네요^^",
        "SentimentWord": "4",
        "SentimentPolarity": "1"
      }
    ]
  },
  {
    "Index": "28046",
    "RawText": "주문하고 일주일만에 제품 받았어요. 빨리 배송되서 좋아요^^ 냉장고 내부가 좀 작은듯 했으나 2인가족이 사용하기엔 충분해서 괜찮아요. 디자인이 딱 제 취향이에요",
    "Source": "쇼핑몰",
    "Domain": "가전",
    "MainCategory": "주방가전",
    "ProductName": "비스포크 삼성전자 RQ32A7602AP (2021년형) 코타",
    "ReviewScore": "5",
    "Syllable": "89",
    "Word": "20",
    "RDate": "20211102",
    "Aspects": [
      {
        "Aspect": "디자인",
        "SentimentText": "디자인이 딱 제 취향이에요",
        "SentimentWord": "4",
        "SentimentPolarity": "1"
      },
      {
        "Aspect": "용량",
        "SentimentText": "냉장고 내부가 좀 작은듯 했으나 2인가족이 사용하기엔 충분해서 괜찮아요.",
        "SentimentWord": "9",
        "SentimentPolarity": "1"
      }
    ]
  },
  {
    "Index": "28047",
    "RawText": "생각한것보다 배송 빨리 되서 너무 좋았어요. 설치기사님들도 빠르게 설치해주시고 가셔서 좋았네요. 냉장, 냉동도 자유롭고 냉각기능도 훌륭해서 좋아요. 설치하는게 쉽고 조작방법도 비교적 단순해서 좋아요",
    "Source": "쇼핑몰",
    "Domain": "가전",
    "MainCategory": "주방가전",
    "ProductName": "비스포크 삼성전자 RQ32A7602AP (2021년형) 코타",
    "ReviewScore": "5",
    "Syllable": "110",
    "Word": "23",
    "RDate": "20211125",
    "Aspects": [
      {
        "Aspect": "조작성",
        "SentimentText": "설치하는게 쉽고 조작방법도 비교적 단순해서 좋아요",
        "SentimentWord": "6",
        "SentimentPolarity": "1"
      },
      {
        "Aspect": "기능",
        "SentimentText": "냉장, 냉동도 자유롭고 냉각기능도 훌륭해서 좋아요.",
        "SentimentWord": "6",
        "SentimentPolarity": "1"
      }
    ]
  },
  {
    "Index": "28048",
    "RawText": "말씀드린 날짜에 와주셔서 설치해주시고 기존 냉장고도 수거해주셔서 좋았어요. 색상은 핑크로 했는데 은은하니 세련된 색깔이라 너무 마음에 들어요. 사이즈가 넉넉해서 좋네요",
    "Source": "쇼핑몰",
    "Domain": "가전",
    "MainCategory": "주방가전",
    "ProductName": "비스포크 삼성전자 RQ32A7602AP (2021년형) 코타",
    "ReviewScore": "5",
    "Syllable": "93",
    "Word": "20",
    "RDate": "20220402",
    "Aspects": [
      {
        "Aspect": "사이즈",
        "SentimentText": "사이즈가 넉넉해서 좋네요",
        "SentimentWord": "3",
        "SentimentPolarity": "1"
      },
      {
        "Aspect": "색상",
        "SentimentText": "색상은 핑크로 했는데 은은하니 세련된 색깔이라 너무 마음에 들어요.",
        "SentimentWord": "9",
        "SentimentPolarity": "1"
      }
    ]
  },
  {
    "Index": "28050",
    "RawText": "명절 지나고 배송될줄 알았는데 그전에 배송해주셔서 좋았어요. 내부 공간이 적어보였는데 막상 김치통에 넣어보니 공간 넉넉하고 좋네요. 제품설명서대로 작동해보니 정말 쉽네요",
    "Source": "쇼핑몰",
    "Domain": "가전",
    "MainCategory": "주방가전",
    "ProductName": "비스포크 삼성전자 RQ32A7602AP (2021년형) 코타",
    "ReviewScore": "5",
    "Syllable": "94",
    "Word": "20",
    "RDate": "20210916",
    "Aspects": [
      {
        "Aspect": "조작성",
        "SentimentText": "제품설명서대로 작동해보니 정말 쉽네요",
        "SentimentWord": "4",
        "SentimentPolarity": "1"
      },
      {
        "Aspect": "용량",
        "SentimentText": "내부 공간이 적어보였는데 막상 김치통에 넣어보니 공간 넉넉하고 좋네요.",
        "SentimentWord": "9",
        "SentimentPolarity": "1"
      }
    ]
  },
  {
    "Index": "28051",
    "RawText": "핑크계열로 색상 선택했는데 생각한거보다 훨씬 고급스럽고 예뻐요. 설치기사님도 친절하게 설치해주시고 가셔서 좋았어요. 작동하면서 소음이 거의 없네요",
    "Source": "쇼핑몰",
    "Domain": "가전",
    "MainCategory": "주방가전",
    "ProductName": "비스포크 삼성전자 RQ32A7602AP (2021년형) 코타",
    "ReviewScore": "5",
    "Syllable": "81",
    "Word": "16",
    "RDate": "20220115",
    "Aspects": [
      {
        "Aspect": "색상",
        "SentimentText": "핑크계열로 색상 선택했는데 생각한거보다 훨씬 고급스럽고 예뻐요.",
        "SentimentWord": "7",
        "SentimentPolarity": "1"
      },
      {
        "Aspect": "소음",
        "SentimentText": "작동하면서 소음이 거의 없네요",
        "SentimentWord": "4",
        "SentimentPolarity": "1"
      }
    ]
  },
  {
    "Index": "28052",
    "RawText": "색상 컬러 정말 마음에 드네요. 너무 예뻐요. 냉장고 내부도 칸마다 구성이 괜찮아서 효율적으로 쓸 수 있을 것 같아요. 사이즈가 생각보다 슬림해서 어느곳에 놓고 써도 좋아요.",
    "Source": "쇼핑몰",
    "Domain": "가전",
    "MainCategory": "주방가전",
    "ProductName": "비스포크 삼성전자 RQ32A7602AP (2021년형) 코타",
    "ReviewScore": "5",
    "Syllable": "97",
    "Word": "25",
    "RDate": "20220402",
    "GeneralPolarity": "1",
    "Aspects": [
      {
        "Aspect": "색상",
        "SentimentText": "색상 컬러 정말 마음에 드네요. 너무 예뻐요.",
        "SentimentWord": "7",
        "SentimentPolarity": "1"
      },
      {
        "Aspect": "편의성",
        "SentimentText": "냉장고 내부도 칸마다 구성이 괜찮아서 효율적으로 쓸 수 있을 것 같아요",
        "SentimentWord": "11",
        "SentimentPolarity": "1"
      },
      {
        "Aspect": "사이즈",
        "SentimentText": "사이즈가 생각보다 슬림해서 어느곳에 놓고 써도 좋아요.",
        "SentimentWord": "7",
        "SentimentPolarity": "1"
      }
    ]
  },
  {
    "Index": "28053",
    "RawText": "운 좋게 할인할때 구입하게 되서 저렴한 가격에 샀네요. 너무 좋아요. 김치냉장고 용도로 사용하고 있는데 성능 만족스러워요.",
    "Source": "쇼핑몰",
    "Domain": "가전",
    "MainCategory": "주방가전",
    "ProductName": "비스포크 삼성전자 RQ32A7602AP (2021년형) 코타",
    "ReviewScore": "5",
    "Syllable": "68",
    "Word": "16",
    "RDate": "20220105",
    "GeneralPolarity": "1",
    "Aspects": [
      {
        "Aspect": "가격",
        "SentimentText": "운 좋게 할인할때 구입하게 되서 저렴한 가격에 샀네요. 너무 좋아요.",
        "SentimentWord": "10",
        "SentimentPolarity": "1"
      },
      {
        "Aspect": "기능",
        "SentimentText": "김치냉장고 용도로 사용하고 있는데 성능 만족스러워요.",
        "SentimentWord": "6",
        "SentimentPolarity": "1"
      }
    ]
  },
  {
    "Index": "28054",
    "RawText": "세일때 우연히 봐서 좋은 상품 저렴하게 잘 샀네요 너무 마음에 들어요^^ 김치통 용기도 6개씩 들어있어서 넉넉하니 좋네요. 설치 기사님도 깔끔하게 설치해주시고 가셔서 만족스럽습니다.",
    "Source": "쇼핑몰",
    "Domain": "가전",
    "MainCategory": "주방가전",
    "ProductName": "비스포크 삼성전자 RQ32A7602AP (2021년형) 코타",
    "ReviewScore": "5",
    "Syllable": "101",
    "Word": "23",
    "RDate": "20220513",
    "Aspects": [
      {
        "Aspect": "가격",
        "SentimentText": "세일때 우연히 봐서 좋은 상품 저렴하게 잘 샀네요 너무 마음에 들어요^^",
        "SentimentWord": "11",
        "SentimentPolarity": "1"
      },
      {
        "Aspect": "제품구성",
        "SentimentText": "김치통 용기도 6개씩 들어있어서 넉넉하니 좋네요.",
        "SentimentWord": "6",
        "SentimentPolarity": "1"
      }
    ]
  },
  {
    "Index": "28056",
    "RawText": "판매하는 곳에서 전화번호를 잘못입력해주셔서 배송을 굉장히 늦게 받아 불쾌하네요.  냉장고 디자인은 너무 마음에 들어서 용서가 되네요. 정말 예쁘네요. 보내주기로한 사은품이 함께 오지않았네요. 실망이에요",
    "Source": "쇼핑몰",
    "Domain": "가전",
    "MainCategory": "주방가전",
    "ProductName": "비스포크 삼성전자 RQ32A7602AP (2021년형) 코타",
    "ReviewScore": "5",
    "Syllable": "112",
    "Word": "23",
    "RDate": "20220217",
    "Aspects": [
      {
        "Aspect": "제품구성",
        "SentimentText": "보내주기로한 사은품이 함께 오지않았네요. 실망이에요",
        "SentimentWord": "5",
        "SentimentPolarity": "-1"
      },
      {
        "Aspect": "디자인",
        "SentimentText": "냉장고 디자인은 너무 마음에 들어서 용서가 되네요. 정말 예쁘네요.",
        "SentimentWord": "9",
        "SentimentPolarity": "1"
      }
    ]
  },
  {
    "Index": "28057",
    "RawText": "냉장,냉동기능도 변경할 수 있어서 좋네요. 디자인은 역시나 훌륭하네요^^ 너무 예뻐요.",
    "Source": "쇼핑몰",
    "Domain": "가전",
    "MainCategory": "주방가전",
    "ProductName": "비스포크 삼성전자 RQ32A7602AP (2021년형) 코타",
    "ReviewScore": "5",
    "Syllable": "48",
    "Word": "10",
    "RDate": "20220319",
    "GeneralPolarity": "1",
    "Aspects": [
      {
        "Aspect": "기능",
        "SentimentText": "냉장,냉동기능도 변경할 수 있어서 좋네요.",
        "SentimentWord": "5",
        "SentimentPolarity": "1"
      },
      {
        "Aspect": "디자인",
        "SentimentText": "디자인은 역시나 훌륭하네요^^ 너무 예뻐요.",
        "SentimentWord": "5",
        "SentimentPolarity": "1"
      }
    ]
  },
  {
    "Index": "28058",
    "RawText": "쿠폰 할인받아 생각 외로 착한 가격에 구매해서 너무나 좋습니다.. 설치 기사님도 친절하게 잘 해주셔서 만족합니다. 디자인도 이쁜  김냉이라 아주 좋아요",
    "Source": "쇼핑몰",
    "Domain": "가전",
    "MainCategory": "주방가전",
    "ProductName": "비스포크 삼성전자 RQ32A7602AP (2021년형) 코타",
    "ReviewScore": "5",
    "Syllable": "84",
    "Word": "20",
    "RDate": "20210913",
    "Aspects": [
      {
        "Aspect": "가격",
        "SentimentText": "쿠폰 할인받아 생각 외로 착한 가격에 구매해서 너무나 좋습니다",
        "SentimentWord": "9",
        "SentimentPolarity": "1"
      },
      {
        "Aspect": "디자인",
        "SentimentText": "디자인도 이쁜  김냉이라 아주 좋아요",
        "SentimentWord": "5",
        "SentimentPolarity": "1"
      }
    ]
  },
  {
    "Index": "28059",
    "RawText": "10년도 동안 사용하던 스탠드형이  고장나서 급 교체 했는데, 용량도 딱 쓰기 좋고 ,사용이 편리해서 만족해요~",
    "Source": "쇼핑몰",
    "Domain": "가전",
    "MainCategory": "주방가전",
    "ProductName": "비스포크 삼성전자 김치플러스 RQ48A9002S9 (2022년형) 일반구매",
    "ReviewScore": "5",
    "Syllable": "62",
    "Word": "15",
    "RDate": "20211217",
    "GeneralPolarity": "1",
    "Aspects": [
      {
        "Aspect": "용량",
        "SentimentText": "용량도 딱 쓰기 좋고",
        "SentimentWord": "4",
        "SentimentPolarity": "1"
      },
      {
        "Aspect": "편의성",
        "SentimentText": "사용이 편리해서 만족해요~",
        "SentimentWord": "3",
        "SentimentPolarity": "1"
      }
    ]
  },
  {
    "Index": "28061",
    "RawText": "4일 만에 배송을 받았네요. 설치 기사님 매우 친절 하셨고 사다리차를 이용해 운반해 주셔서 더 좋았습니다. 소비전력이 2등급이라서 좀 아쉽습니다 가격대비 최고 품질의 제품이라 만족해요",
    "Source": "쇼핑몰",
    "Domain": "가전",
    "MainCategory": "주방가전",
    "ProductName": "비스포크 삼성전자 김치플러스 RQ48A9002S9 (2022년형) 일반구매",
    "ReviewScore": "5",
    "Syllable": "102",
    "Word": "24",
    "RDate": "20220117",
    "Aspects": [
      {
        "Aspect": "품질",
        "SentimentText": "가격대비 최고 품질의 제품이라 만족해요",
        "SentimentWord": "5",
        "SentimentPolarity": "1"
      },
      {
        "Aspect": "소비전력",
        "SentimentText": "소비전력이 2등급이라서 좀 아쉽습니다 ",
        "SentimentWord": "4",
        "SentimentPolarity": "-1"
      }
    ]
  },
  {
    "Index": "28062",
    "RawText": "계단있는  집이라서 걱정했는데 배송 기사님 불평불만 없이 깔끔하게 잘 설치 해주셔서 감동했습니다.  폐가전까지 처리해 주셔서 너무 편했습니다 제조일 확인해 보니 2021년 09월 생산 모델이라서 좀 아쉽네요 사용해보니 정말 편하네요",
    "Source": "쇼핑몰",
    "Domain": "가전",
    "MainCategory": "주방가전",
    "ProductName": "비스포크 삼성전자 김치플러스 RQ48A9002S9 (2022년형) 일반구매",
    "ReviewScore": "5",
    "Syllable": "129",
    "Word": "29",
    "RDate": "20211230",
    "Aspects": [
      {
        "Aspect": "편의성",
        "SentimentText": "사용해보니 정말 편하네요",
        "SentimentWord": "3",
        "SentimentPolarity": "1"
      },
      {
        "Aspect": "제조일/제조사",
        "SentimentText": "제조일 확인해 보니 2021년 09월 생산 모델이라서 좀 아쉽네요",
        "SentimentWord": "9",
        "SentimentPolarity": "-1"
      }
    ]
  },
  {
    "Index": "28063",
    "RawText": "김치냉장고 소비전력 2등급이라서 아쉬웠지만, 가격면에서  엄청 싸게 살 수 있어 위로가 되네요  실버 색상이 고급 스럽고  배송 또한  기사님이 친절해 너무 만족 합니다 .  ㅇㅇㅇ이라 믿음이가서 좋아요",
    "Source": "쇼핑몰",
    "Domain": "가전",
    "MainCategory": "주방가전",
    "ProductName": "비스포크 삼성전자 김치플러스 RQ48A9002S9 (2022년형) 일반구매",
    "ReviewScore": "5",
    "Syllable": "113",
    "Word": "27",
    "RDate": "20220327",
    "Aspects": [
      {
        "Aspect": "소비전력",
        "SentimentText": "김치냉장고 소비전력 2등급이라서 아쉬웠지만,",
        "SentimentWord": "4",
        "SentimentPolarity": "-1"
      },
      {
        "Aspect": "가격",
        "SentimentText": "가격면에서  엄청 싸게 살 수 있어 위로가 되네요",
        "SentimentWord": "8",
        "SentimentPolarity": "1"
      },
      {
        "Aspect": "색상",
        "SentimentText": " 실버 색상이 고급 스럽고",
        "SentimentWord": "4",
        "SentimentPolarity": "1"
      },
      {
        "Aspect": "제조일/제조사",
        "SentimentText": "ㅇㅇㅇ이라 믿음이가서 좋아요 ",
        "SentimentWord": "3",
        "SentimentPolarity": "1"
      }
    ]
  },
  {
    "Index": "28064",
    "RawText": "김치냉장고 깔끔한 디자인 너무 마음에 들어요. 설치 기사님께서도 친절 하셨고 사용 방법도 잘 설명해 주셔서 감사했습니다. 사용법 아주 심플해서 좋네요",
    "Source": "쇼핑몰",
    "Domain": "가전",
    "MainCategory": "주방가전",
    "ProductName": "비스포크 삼성전자 김치플러스 RQ48A9002S9 (2022년형) 일반구매",
    "ReviewScore": "5",
    "Syllable": "83",
    "Word": "20",
    "RDate": "20220302",
    "Aspects": [
      {
        "Aspect": "디자인",
        "SentimentText": "김치냉장고 깔끔한 디자인 너무 마음에 들어요",
        "SentimentWord": "6",
        "SentimentPolarity": "1"
      },
      {
        "Aspect": "조작성",
        "SentimentText": "사용법 아주 심플해서 좋네요",
        "SentimentWord": "4",
        "SentimentPolarity": "1"
      }
    ]
  },
  {
    "Index": "28067",
    "RawText": "동일한 제품 여러곳에서 금액 비교 한 결과 여기가 제일 저렴해 구매 했는데 대 만족입니다. 배송 기간이 약 2주정도 소요 되었지만 그래도 만족 합니다 설치후에 보니 정말 이쁘네요",
    "Source": "쇼핑몰",
    "Domain": "가전",
    "MainCategory": "주방가전",
    "ProductName": "비스포크 삼성전자 김치플러스 RQ48A9002S9 (2022년형) 일반구매",
    "ReviewScore": "5",
    "Syllable": "99",
    "Word": "27",
    "RDate": "20220804",
    "Aspects": [
      {
        "Aspect": "가격",
        "SentimentText": "금액 비교 한 결과 여기가 제일 저렴해 구매 했는데 대 만족입니다",
        "SentimentWord": "11",
        "SentimentPolarity": "1"
      },
      {
        "Aspect": "디자인",
        "SentimentText": "설치후에 보니 정말 이쁘네요",
        "SentimentWord": "4",
        "SentimentPolarity": "1"
      }
    ]
  },
  {
    "Index": "28068",
    "RawText": "깔끔한 디자인이 너무 좋네요  용량도  커서 사용하기 좋습니다~기사님 역시 정말 친절 하셔서 최고였어요 ♡♡",
    "Source": "쇼핑몰",
    "Domain": "가전",
    "MainCategory": "주방가전",
    "ProductName": "비스포크 삼성전자 김치플러스 RQ48A9002S9 (2022년형) 일반구매",
    "ReviewScore": "5",
    "Syllable": "60",
    "Word": "14",
    "RDate": "20220123",
    "Aspects": [
      {
        "Aspect": "디자인",
        "SentimentText": "깔끔한 디자인이 너무 좋네요  ",
        "SentimentWord": "4",
        "SentimentPolarity": "1"
      },
      {
        "Aspect": "용량",
        "SentimentText": "용량도  커서 사용하기 좋습니다~",
        "SentimentWord": "4",
        "SentimentPolarity": "1"
      }
    ]
  },
  {
    "Index": "28071",
    "RawText": "휴일 이였는데 설치 해 주셔서  감사했고 좋았습니다.  실버메탈 색상이 고급스러워 너무 좋습니다 고급스럽고 세련된 디자인이라 좋아요",
    "Source": "쇼핑몰",
    "Domain": "가전",
    "MainCategory": "주방가전",
    "ProductName": "비스포크 삼성전자 김치플러스 RQ48A9002S9 (2022년형) 일반구매",
    "ReviewScore": "5",
    "Syllable": "73",
    "Word": "16",
    "RDate": "20220303",
    "Aspects": [
      {
        "Aspect": "디자인",
        "SentimentText": "고급스럽고 세련된 디자인이라 좋아요",
        "SentimentWord": "4",
        "SentimentPolarity": "1"
      },
      {
        "Aspect": "색상",
        "SentimentText": "실버메탈 색상이 고급스러워 너무 좋습니다 ",
        "SentimentWord": "5",
        "SentimentPolarity": "1"
      }
    ]
  },
  {
    "Index": "28072",
    "RawText": "배송이 빨랐고  설치 기사님도 너무 친절 하셔서 좋았습니다.  사용 조작법이 심플해서 정말 좋아요 아쉽게도 소비등급이 2등급 이라는 점이 매우 아쉽네요",
    "Source": "쇼핑몰",
    "Domain": "가전",
    "MainCategory": "주방가전",
    "ProductName": "비스포크 삼성전자 김치플러스 RQ48A9002S9 (2022년형) 일반구매",
    "ReviewScore": "5",
    "Syllable": "84",
    "Word": "20",
    "RDate": "20220118",
    "Aspects": [
      {
        "Aspect": "조작성",
        "SentimentText": "사용 조작법이 심플해서 정말 좋아요",
        "SentimentWord": "5",
        "SentimentPolarity": "1"
      },
      {
        "Aspect": "소비전력",
        "SentimentText": "아쉽게도 소비등급이 2등급 이라는 점이 매우 아쉽네요 ",
        "SentimentWord": "7",
        "SentimentPolarity": "-1"
      }
    ]
  },
  {
    "Index": "28073",
    "RawText": "배송이 생각 외로  빨리 왔고 기사님 역시 친절 해 아주 만족 합니다. 제품 성능도 좋타고 어머니가  만족해 하셔서 저도 기뻐요ㅎ  ^^ 조작법이 특히나 단순해서 좋다고 하십니다.",
    "Source": "쇼핑몰",
    "Domain": "가전",
    "MainCategory": "주방가전",
    "ProductName": "비스포크 삼성전자 김치플러스 RQ48A9002S9 (2022년형) 일반구매",
    "ReviewScore": "5",
    "Syllable": "100",
    "Word": "26",
    "RDate": "20220502",
    "Aspects": [
      {
        "Aspect": "조작성",
        "SentimentText": "조작법이 특히나 단순해서 좋다고 하십니다.",
        "SentimentWord": "5",
        "SentimentPolarity": "1"
      },
      {
        "Aspect": "기능",
        "SentimentText": "제품 성능도 좋타고 어머니가  만족해 하셔서 저도 기뻐요ㅎ  ^^",
        "SentimentWord": "9",
        "SentimentPolarity": "1"
      }
    ]
  },
  {
    "Index": "28074",
    "RawText": "배송 설치가 잘 마무리 되었고  폐가전도  깔끔하게 처리 해  주셔서  감사했습니다. 소비 전력 2등급이네요 그건 좀 별로예요ㅜㅜ 싸게 살수있어서 좋아요",
    "Source": "쇼핑몰",
    "Domain": "가전",
    "MainCategory": "주방가전",
    "ProductName": "비스포크 삼성전자 김치플러스 RQ48A9002S9 (2022년형) 일반구매",
    "ReviewScore": "5",
    "Syllable": "85",
    "Word": "20",
    "RDate": "20220429",
    "Aspects": [
      {
        "Aspect": "가격",
        "SentimentText": "싸게 살수있어서 좋아요",
        "SentimentWord": "3",
        "SentimentPolarity": "1"
      },
      {
        "Aspect": "소비전력",
        "SentimentText": "소비 전력 2등급이네요 그건 좀 별로예요ㅜㅜ",
        "SentimentWord": "6",
        "SentimentPolarity": "-1"
      }
    ]
  },
  {
    "Index": "28075",
    "RawText": "배송은 다소  늦었지만 사다리차로 안전하게 이동 후 깔끔하게 설치 해 주셔서 만족 합니다. 색이 어두운 편이라서 손자국 안 날줄 알았는데 손자국 잘나서 별로예요 평소에 갖고싶던 제품인데 좋은기회에 이렇게 착한금액으로 살수있어서 넘 좋았어요",
    "Source": "쇼핑몰",
    "Domain": "가전",
    "MainCategory": "주방가전",
    "ProductName": "비스포크 삼성전자 김치플러스 RQ48A9002S9 (2022년형) 일반구매",
    "ReviewScore": "5",
    "Syllable": "133",
    "Word": "32",
    "RDate": "20220714",
    "Aspects": [
      {
        "Aspect": "가격",
        "SentimentText": "평소에 갖고싶던 제품인데 좋은기회에 이렇게 착한금액으로 살수있어서 넘 좋았어요",
        "SentimentWord": "9",
        "SentimentPolarity": "1"
      },
      {
        "Aspect": "색상",
        "SentimentText": "색이 어두운 편이라서 손자국 안 날줄 알았는데 손자국 잘나서 별로예요",
        "SentimentWord": "10",
        "SentimentPolarity": "-1"
      }
    ]
  },
  {
    "Index": "28076",
    "RawText": "배송이 늦어 마음은 불편 했지만,제가 없을 때 기사님이 부모님께 친절하게 잘 설명까지 해주셨다고 해서 마음이 풀렸습니다. 김치통이 불 투명색이라서 전 좀  사용하기 좀 불편 하네요 나이드신 부모님이 사용하기에 아주 간단하다고 하셔서 안심입니다.",
    "Source": "쇼핑몰",
    "Domain": "가전",
    "MainCategory": "주방가전",
    "ProductName": "비스포크 삼성전자 김치플러스 RQ48A9002S9 (2022년형) 일반구매",
    "ReviewScore": "5",
    "Syllable": "136",
    "Word": "32",
    "RDate": "20220328",
    "Aspects": [
      {
        "Aspect": "조작성",
        "SentimentText": "나이드신 부모님이 사용하기에 아주 간단하다고 하셔서 안심입니다.",
        "SentimentWord": "7",
        "SentimentPolarity": "1"
      },
      {
        "Aspect": "제품구성",
        "SentimentText": "김치통이 불 투명색이라서 전 좀 사용하기 좀 불편 하네요 ",
        "SentimentWord": "9",
        "SentimentPolarity": "-1"
      }
    ]
  },
  {
    "Index": "28077",
    "RawText": "부모님께 선물 했습니다. 용량도 커서 좋았고  주문 몇일만에  빠르게 설치 되어 더욱 만족 스럽습니다. 설치후 소음도 적당해서 좋네요",
    "Source": "쇼핑몰",
    "Domain": "가전",
    "MainCategory": "주방가전",
    "ProductName": "비스포크 삼성전자 김치플러스 RQ48A9002S9 (2022년형) 일반구매",
    "ReviewScore": "5",
    "Syllable": "74",
    "Word": "18",
    "RDate": "20220729",
    "Aspects": [
      {
        "Aspect": "용량",
        "SentimentText": " 용량도 커서 좋았고",
        "SentimentWord": "3",
        "SentimentPolarity": "1"
      },
      {
        "Aspect": "소음",
        "SentimentText": "설치후 소음도 적당해서 좋네요",
        "SentimentWord": "4",
        "SentimentPolarity": "1"
      }
    ]
  },
  {
    "Index": "28078",
    "RawText": "상칸이 넓어서 수납까지 많이 되어 좋고, 성능이 좋아서 그런지 김치 맛이 아삭하고  과일이며 야채며  신선해요. 중간 칸 이랑 하칸 부분은 냉동실 바꿔 사용 할 수도 있어  좋아요. 근데  중간 칸 통 커내려면  좀 불편한 감은 있어요.",
    "Source": "쇼핑몰",
    "Domain": "가전",
    "MainCategory": "주방가전",
    "ProductName": "비스포크 삼성전자 김치플러스 RQ48A9002S9 (2022년형) 일반구매",
    "ReviewScore": "5",
    "Syllable": "132",
    "Word": "36",
    "RDate": "20220510",
    "GeneralPolarity": "1",
    "Aspects": [
      {
        "Aspect": "용량",
        "SentimentText": "상칸이 넓어서 수납까지 많이 되어 좋고",
        "SentimentWord": "6",
        "SentimentPolarity": "1"
      },
      {
        "Aspect": "기능",
        "SentimentText": "성능이 좋아서 그런지 김치 맛이 아삭하고  과일이며 야채며  신선해요",
        "SentimentWord": "9",
        "SentimentPolarity": "1"
      },
      {
        "Aspect": "기능",
        "SentimentText": "중간 칸 이랑 하칸 부분은 냉동실 바꿔 사용 할 수도 있어  좋아요",
        "SentimentWord": "12",
        "SentimentPolarity": "1"
      },
      {
        "Aspect": "편의성",
        "SentimentText": "중간 칸 통 커내려면  좀 불편한 감은 있어요.",
        "SentimentWord": "8",
        "SentimentPolarity": "-1"
      }
    ]
  },
  {
    "Index": "28079",
    "RawText": "상품배송  잘 받았고, 포장 된 비닐, 스티로폼등 기사님이 깔끔히 정리해 주셔서 감사했습니다.역시 믿고 사용하는 ㅇㅇㅇ 이라서 만족 하네요  양품의 제품을 받고 감동했어요",
    "Source": "쇼핑몰",
    "Domain": "가전",
    "MainCategory": "주방가전",
    "ProductName": "비스포크 삼성전자 김치플러스 RQ48A9002S9 (2022년형) 일반구매",
    "ReviewScore": "5",
    "Syllable": "95",
    "Word": "22",
    "RDate": "20220315",
    "Aspects": [
      {
        "Aspect": "품질",
        "SentimentText": " 양품의 제품을 받고 감동했어요",
        "SentimentWord": "4",
        "SentimentPolarity": "1"
      },
      {
        "Aspect": "제조일/제조사",
        "SentimentText": " 믿고 사용하는 ㅇㅇㅇ 이라서 만족 하네요 ",
        "SentimentWord": "6",
        "SentimentPolarity": "1"
      }
    ]
  },
  {
    "Index": "28080",
    "RawText": "고객센터 계속 통화중으로 전화 연결 안되고  엄청나게 답답하고 짜증났습니다.이래서 ㅇㅇㅇ 믿고 살 수 있나 매우  걱정이 됩니다. 사용법이 생각보다 복잡해서 한참공부했네요",
    "Source": "쇼핑몰",
    "Domain": "가전",
    "MainCategory": "주방가전",
    "ProductName": "비스포크 삼성전자 김치플러스 RQ48A9002S9 (2022년형) 일반구매",
    "ReviewScore": "5",
    "Syllable": "95",
    "Word": "21",
    "RDate": "20220828",
    "Aspects": [
      {
        "Aspect": "조작성",
        "SentimentText": "사용법이 생각보다 복잡해서 한참공부했네요",
        "SentimentWord": "4",
        "SentimentPolarity": "-1"
      },
      {
        "Aspect": "제조일/제조사",
        "SentimentText": "ㅇㅇㅇ 믿고 살 수 있나 매우  걱정이 됩니다. ",
        "SentimentWord": "8",
        "SentimentPolarity": "-1"
      }
    ]
  },
  {
    "Index": "28082",
    "RawText": "안전하게  설치까지 잘 받아 좋습니다. 제품 하자 없이 작동 상태도  양호해서 좋아요. 모터 소리가 다른 제품에 비해  좀  큰 것 같아 실망 스럽네요",
    "Source": "쇼핑몰",
    "Domain": "가전",
    "MainCategory": "주방가전",
    "ProductName": "비스포크 삼성전자 김치플러스 RQ48A9002S9 (2022년형) 일반구매",
    "ReviewScore": "5",
    "Syllable": "84",
    "Word": "23",
    "RDate": "20211206",
    "Aspects": [
      {
        "Aspect": "품질",
        "SentimentText": "제품 하자 없이 작동 상태도  양호해서 좋아요",
        "SentimentWord": "7",
        "SentimentPolarity": "1"
      },
      {
        "Aspect": "소음",
        "SentimentText": "모터 소리가 다른 제품에 비해  좀  큰 것 같아 실망 스럽네요",
        "SentimentWord": "11",
        "SentimentPolarity": "-1"
      }
    ]
  },
  {
    "Index": "28083",
    "RawText": "일요일 주문 후 화요일 해피콜 진행 됨 목요일 설치 및 폐가전까지 처리해 주셔서 매우 만족  매장보다 사은품이 없어 매우 아쉬움 가격은 매장보다 싸서 나름 만족",
    "Source": "쇼핑몰",
    "Domain": "가전",
    "MainCategory": "주방가전",
    "ProductName": "비스포크 삼성전자 김치플러스 RQ48A9002S9 (2022년형) 일반구매",
    "ReviewScore": "5",
    "Syllable": "89",
    "Word": "25",
    "RDate": "20220708",
    "Aspects": [
      {
        "Aspect": "가격",
        "SentimentText": "가격은 매장보다 싸서 나름 만족",
        "SentimentWord": "5",
        "SentimentPolarity": "1"
      },
      {
        "Aspect": "제품구성",
        "SentimentText": "매장보다 사은품이 없어 매우 아쉬움 ",
        "SentimentWord": "5",
        "SentimentPolarity": "-1"
      }
    ]
  },
  {
    "Index": "28084",
    "RawText": "사다리차로 이동 했고 사용 설명도 친절하게 설명해 주셔서 대단히 만족해요.  소음도 나지 않고  조용한 편이라고 좋네요. 사용법이 단순한게 최고네요",
    "Source": "쇼핑몰",
    "Domain": "가전",
    "MainCategory": "주방가전",
    "ProductName": "비스포크 삼성전자 김치플러스 RQ48A9002S9 (2022년형) 일반구매",
    "ReviewScore": "4",
    "Syllable": "82",
    "Word": "19",
    "RDate": "20220516",
    "Aspects": [
      {
        "Aspect": "조작성",
        "SentimentText": "사용법이 단순한게 최고네요",
        "SentimentWord": "3",
        "SentimentPolarity": "1"
      },
      {
        "Aspect": "소음",
        "SentimentText": " 소음도 나지 않고  조용한 편이라고 좋네요.",
        "SentimentWord": "6",
        "SentimentPolarity": "1"
      }
    ]
  },
  {
    "Index": "28085",
    "RawText": "주문량이 많아서 그런지 약 2주 정도 걸려서 배송 와 짜증 났어요.. 가격은 싸게 잘 산것 같은데  배송부분이 ㅠ 대기업 제품이라 너무 기대를 한건가요...품질에 실망이 커요",
    "Source": "쇼핑몰",
    "Domain": "가전",
    "MainCategory": "주방가전",
    "ProductName": "비스포크 삼성전자 김치플러스 RQ48A9002S9 (2022년형) 일반구매",
    "ReviewScore": "3",
    "Syllable": "97",
    "Word": "25",
    "RDate": "20211220",
    "Aspects": [
      {
        "Aspect": "품질",
        "SentimentText": "대기업 제품이라 너무 기대를 한건가요...품질에 실망이 커요",
        "SentimentWord": "7",
        "SentimentPolarity": "-1"
      },
      {
        "Aspect": "가격",
        "SentimentText": "가격은 싸게 잘 산 것 같은데",
        "SentimentWord": "6",
        "SentimentPolarity": "1"
      }
    ]
  },
  {
    "Index": "28086",
    "RawText": "구매 후 10일만에  해피콜 진행 후 설치 폐가전 수거도 하시고 친절하게 설명까지 해 주셔서 만족 합니다. 전력 2등급 실망해서 별 하나 뺐어요 디자인이 환상적이네요. 반했어요",
    "Source": "쇼핑몰",
    "Domain": "가전",
    "MainCategory": "주방가전",
    "ProductName": "비스포크 삼성전자 김치플러스 RQ48A9002S9 (2022년형) 일반구매",
    "ReviewScore": "4",
    "Syllable": "98",
    "Word": "25",
    "RDate": "20220805",
    "Aspects": [
      {
        "Aspect": "디자인",
        "SentimentText": "디자인이 환상적이네요. 반했어요",
        "SentimentWord": "3",
        "SentimentPolarity": "1"
      },
      {
        "Aspect": "소비전력",
        "SentimentText": "전력 2등급 실망해서 별 하나 뺐어요 ",
        "SentimentWord": "6",
        "SentimentPolarity": "-1"
      }
    ]
  },
  {
    "Index": "28087",
    "RawText": "주문 후 익일 바로 배송해 주셔서 좋았어요. 제품 가동 소리도 조용해 좋고 용량 크기도 딱 좋네요. 설치 기사님은 왜 이렇게 친절 하셔서 기분까지 좋아습니다",
    "Source": "쇼핑몰",
    "Domain": "가전",
    "MainCategory": "주방가전",
    "ProductName": "비스포크 삼성전자 김치플러스 RQ48A9002S9 (2022년형) 일반구매",
    "ReviewScore": "5",
    "Syllable": "87",
    "Word": "24",
    "RDate": "20220530",
    "Aspects": [
      {
        "Aspect": "소음",
        "SentimentText": "제품 가동 소리도 조용해 좋고",
        "SentimentWord": "5",
        "SentimentPolarity": "1"
      },
      {
        "Aspect": "용량",
        "SentimentText": "용량 크기도 딱 좋네요",
        "SentimentWord": "4",
        "SentimentPolarity": "1"
      }
    ]
  },
  {
    "Index": "28088",
    "RawText": "회사 때문에 토요일만 배송 받을 수 있어는데,연락 없이 그냥 와서 난감 했습니다. 판매처 잘못보다는  배송업체 문제 같았고, 다시  약속 날짜 잡아  무사히  설치 받아 좋았습니다.물건은 맘에 들어 다행  가격도 저렴하게  잘 산 것 같아요 원하던 색상이 다 빠져서 다른 색상의 제품을 구매했는데...실망이네요",
    "Source": "쇼핑몰",
    "Domain": "가전",
    "MainCategory": "주방가전",
    "ProductName": "비스포크 삼성전자 김치플러스 RQ48A9002S9 (2022년형) 일반구매",
    "ReviewScore": "5",
    "Syllable": "173",
    "Word": "42",
    "RDate": "20220427",
    "Aspects": [
      {
        "Aspect": "색상",
        "SentimentText": "원하던 색상이 다 빠져서 다른 색상의 제품을 구매했는데...실망이네요",
        "SentimentWord": "8",
        "SentimentPolarity": "-1"
      },
      {
        "Aspect": "가격",
        "SentimentText": "가격도 저렴하게  잘 산 것 같아요",
        "SentimentWord": "6",
        "SentimentPolarity": "1"
      }
    ]
  },
  {
    "Index": "28090",
    "RawText": "꼼꼼히 챙겨준 사은품 아주 만족해요 생각했던 거 보다 소음이 좀 있어서 아쉽네요.",
    "Source": "쇼핑몰",
    "Domain": "가전",
    "MainCategory": "주방가전",
    "ProductName": "비스포크 삼성전자 김치플러스 RQ48A94Y101 (2022년형)",
    "ReviewScore": "5",
    "Syllable": "45",
    "Word": "12",
    "RDate": "20220801",
    "Aspects": [
      {
        "Aspect": "제품구성",
        "SentimentText": "꼼꼼히 챙겨준 사은품 아주 만족해요",
        "SentimentWord": "5",
        "SentimentPolarity": "1"
      },
      {
        "Aspect": "소음",
        "SentimentText": "생각했던 거 보다 소음이 좀 있어서 아쉽네요.",
        "SentimentWord": "7",
        "SentimentPolarity": "-1"
      }
    ]
  },
  {
    "Index": "28091",
    "RawText": "디자인은 깔끔하고 이쁘네요~ 냉장고 안에 이슬이 자주 생기는게 정상인가요? 불량같아서 짜증나네요;",
    "Source": "쇼핑몰",
    "Domain": "가전",
    "MainCategory": "주방가전",
    "ProductName": "비스포크 삼성전자 김치플러스 RQ48A94Y101 (2022년형)",
    "ReviewScore": "3",
    "Syllable": "54",
    "Word": "11",
    "RDate": "20220829",
    "GeneralPolarity": "0",
    "Aspects": [
      {
        "Aspect": "디자인",
        "SentimentText": "디자인은 깔끔하고 이쁘네요~",
        "SentimentWord": "3",
        "SentimentPolarity": "1"
      },
      {
        "Aspect": "품질",
        "SentimentText": "냉장고 안에 이슬이 자주 생기는게 정상인가요? 불량같아서 짜증나네요;",
        "SentimentWord": "8",
        "SentimentPolarity": "-1"
      }
    ]
  },
  {
    "Index": "28092",
    "RawText": "배송이 생각보다 오래 걸려서 아쉬워용.. 그래도 포장은 엄청 꼼꼼하게 잘 와서 마음에 듭니다!! 에너지효율 1등급이라 안심하고 구매했는데 의외로 전기세가 많이나와 놀랐어요. 의외로 내부용량이 적어서 김치통이 많이 안들어가 실망이네요.",
    "Source": "쇼핑몰",
    "Domain": "가전",
    "MainCategory": "주방가전",
    "ProductName": "비스포크 삼성전자 김치플러스 RQ48A94Y101 (2022년형)",
    "ReviewScore": "5",
    "Syllable": "130",
    "Word": "28",
    "RDate": "20220222",
    "Aspects": [
      {
        "Aspect": "소비전력",
        "SentimentText": "에너지효율 1등급이라 안심하고 구매했는데 의외로 전기세가 많이나와 놀랐어요.",
        "SentimentWord": "8",
        "SentimentPolarity": "-1"
      },
      {
        "Aspect": "용량",
        "SentimentText": "의외로 내부용량이 적어서 김치통이 많이 안들어가 실망이네요.",
        "SentimentWord": "7",
        "SentimentPolarity": "-1"
      }
    ]
  },
  {
    "Index": "28093",
    "RawText": "소음이 생각보다 있는 거 같아서 아쉬워요. 그래도 냉장고 안에는 칸막가 없어서 공간이 넓어 활용하기가 좋네여~",
    "Source": "쇼핑몰",
    "Domain": "가전",
    "MainCategory": "주방가전",
    "ProductName": "비스포크 삼성전자 김치플러스 RQ58A9441S9 (2022년형)",
    "ReviewScore": "5",
    "Syllable": "61",
    "Word": "15",
    "RDate": "20220517",
    "GeneralPolarity": "0",
    "Aspects": [
      {
        "Aspect": "소음",
        "SentimentText": "소음이 생각보다 있는 거 같아서 아쉬워요. ",
        "SentimentWord": "6",
        "SentimentPolarity": "-1"
      },
      {
        "Aspect": "편의성",
        "SentimentText": "냉장고 안에는 칸막가 없어서 공간이 넓어 활용하기가 좋네여~",
        "SentimentWord": "8",
        "SentimentPolarity": "1"
      }
    ]
  },
  {
    "Index": "28094",
    "RawText": "스텐드형이라 허리 안숙이고 김치통 꺼낼 수 있어서 너무 편해요! 배송은 좀 느려서 아쉬웠네요 ㅠㅠ 내부 용량이 많이 작아서 실망이네요",
    "Source": "쇼핑몰",
    "Domain": "가전",
    "MainCategory": "주방가전",
    "ProductName": "비스포크 삼성전자 김치플러스 RQ58A9441S9 (2022년형)",
    "ReviewScore": "5",
    "Syllable": "74",
    "Word": "19",
    "RDate": "20211221",
    "Aspects": [
      {
        "Aspect": "편의성",
        "SentimentText": "스텐드형이라 허리 안숙이고 김치통 꺼낼 수 있어서 너무 편해요! ",
        "SentimentWord": "9",
        "SentimentPolarity": "1"
      },
      {
        "Aspect": "용량",
        "SentimentText": "내부 용량이 많이 작아서 실망이네요",
        "SentimentWord": "5",
        "SentimentPolarity": "-1"
      }
    ]
  },
  {
    "Index": "28096",
    "RawText": "설치를 깔끔하게 해주셔서 너무 좋네여~ 근데 제품 군데 군데 기스가 있어서 실망스럽습니다.. 디자인은 정말로 좋았어요",
    "Source": "쇼핑몰",
    "Domain": "가전",
    "MainCategory": "주방가전",
    "ProductName": "비스포크 삼성전자 김치플러스 RQ58A9441S9 (2022년형)",
    "ReviewScore": "5",
    "Syllable": "65",
    "Word": "15",
    "RDate": "20220810",
    "Aspects": [
      {
        "Aspect": "디자인",
        "SentimentText": "디자인은 정말로 좋았어요",
        "SentimentWord": "3",
        "SentimentPolarity": "1"
      },
      {
        "Aspect": "품질",
        "SentimentText": "제품 군데 군데 기스가 있어서 실망스럽습니다..",
        "SentimentWord": "6",
        "SentimentPolarity": "-1"
      }
    ]
  },
  {
    "Index": "28098",
    "RawText": "용량이 전에 쓰던 거 보다 커서 넘 좋아요~ 모터 소리가 좀 커서 아쉬워요",
    "Source": "쇼핑몰",
    "Domain": "가전",
    "MainCategory": "주방가전",
    "ProductName": "비스포크 삼성전자 김치플러스 RQ58A9441S9 (2022년형)",
    "ReviewScore": "5",
    "Syllable": "41",
    "Word": "13",
    "RDate": "20211124",
    "GeneralPolarity": "0",
    "Aspects": [
      {
        "Aspect": "용량",
        "SentimentText": "용량이 전에 쓰던 거 보다 커서 넘 좋아요~ ",
        "SentimentWord": "8",
        "SentimentPolarity": "1"
      },
      {
        "Aspect": "소음",
        "SentimentText": "모터 소리가 좀 커서 아쉬워요",
        "SentimentWord": "5",
        "SentimentPolarity": "-1"
      }
    ]
  },
  {
    "Index": "28099",
    "RawText": "무광인줄 알았는데 살짝 유광이라서 아쉬워요... 포장은 꼼꼼하게 잘 와서 만족합니다~ 사이즈가 큰게 너무 맘에 들어요.",
    "Source": "쇼핑몰",
    "Domain": "가전",
    "MainCategory": "주방가전",
    "ProductName": "비스포크 삼성전자 김치플러스 RQ58A9441S9 (2022년형)",
    "ReviewScore": "4",
    "Syllable": "66",
    "Word": "15",
    "RDate": "20220826",
    "Aspects": [
      {
        "Aspect": "디자인",
        "SentimentText": "무광인줄 알았는데 살짝 유광이라서 아쉬워요... ",
        "SentimentWord": "5",
        "SentimentPolarity": "-1"
      },
      {
        "Aspect": "사이즈",
        "SentimentText": "사이즈가 큰게 너무 맘에 들어요.",
        "SentimentWord": "5",
        "SentimentPolarity": "1"
      }
    ]
  },
  {
    "Index": "28104",
    "RawText": "배송 안전하게 해주셔서 너무 좋네여~ 용량이 생각했던 거 보다 조금 작아서 아쉬워요~! 싸게 구매할수 있어서 정말 좋아요",
    "Source": "쇼핑몰",
    "Domain": "가전",
    "MainCategory": "주방가전",
    "ProductName": "오브제컬렉션 LG전자 김치톡톡 Z331GBB151 (2021년형) 일반구매",
    "ReviewScore": "5",
    "Syllable": "67",
    "Word": "17",
    "RDate": "20211114",
    "Aspects": [
      {
        "Aspect": "가격",
        "SentimentText": "싸게 구매할수 있어서 정말 좋아요",
        "SentimentWord": "5",
        "SentimentPolarity": "1"
      },
      {
        "Aspect": "용량",
        "SentimentText": "용량이 생각했던 거 보다 조금 작아서 아쉬워요~!",
        "SentimentWord": "7",
        "SentimentPolarity": "-1"
      }
    ]
  },
  {
    "Index": "28105",
    "RawText": "배송은 얘기한 날짜 보다 빨리 와서 좋았어요! 가격도 다른 사이트 보다 저렴해서 좋고, 색상도 고급스러워서 대만족!! 다만, 냉장고 소리는 좀 커서 아쉬워요",
    "Source": "쇼핑몰",
    "Domain": "가전",
    "MainCategory": "주방가전",
    "ProductName": "오브제컬렉션 LG전자 김치톡톡 Z331GBB151 (2021년형) 일반구매",
    "ReviewScore": "5",
    "Syllable": "87",
    "Word": "22",
    "RDate": "20220822",
    "Aspects": [
      {
        "Aspect": "가격",
        "SentimentText": "가격도 다른 사이트 보다 저렴해서 좋고, ",
        "SentimentWord": "6",
        "SentimentPolarity": "1"
      },
      {
        "Aspect": "색상",
        "SentimentText": "색상도 고급스러워서 대만족!! ",
        "SentimentWord": "3",
        "SentimentPolarity": "1"
      }
    ]
  },
  {
    "Index": "28106",
    "RawText": "제품 제조 날짜가 최근이라 기분 좋았습니다~  배송도 안전하고 신속하게 해주셔서 감사해요~ 품질도 최상품이라 안심이구요",
    "Source": "쇼핑몰",
    "Domain": "가전",
    "MainCategory": "주방가전",
    "ProductName": "오브제컬렉션 LG전자 김치톡톡 Z331GBB151 (2021년형) 일반구매",
    "ReviewScore": "5",
    "Syllable": "66",
    "Word": "14",
    "RDate": "20220513",
    "Aspects": [
      {
        "Aspect": "제조일/제조사",
        "SentimentText": "제품 제조 날짜가 최근이라 기분 좋았습니다~",
        "SentimentWord": "6",
        "SentimentPolarity": "1"
      },
      {
        "Aspect": "품질",
        "SentimentText": "품질도 최상품이라 안심이구요",
        "SentimentWord": "3",
        "SentimentPolarity": "1"
      }
    ]
  },
  {
    "Index": "28107",
    "RawText": "김치통도 여러개고 사이즈도 딱 좋아서 마음에 듭니다~ 제품 외관도 깔끔하니 세련된게 마음에 들어요!",
    "Source": "쇼핑몰",
    "Domain": "가전",
    "MainCategory": "주방가전",
    "ProductName": "오브제컬렉션 LG전자 김치톡톡 Z331GBB151 (2021년형) 일반구매",
    "ReviewScore": "5",
    "Syllable": "55",
    "Word": "13",
    "RDate": "20211120",
    "GeneralPolarity": "1",
    "Aspects": [
      {
        "Aspect": "사이즈",
        "SentimentText": "김치통도 여러개고 사이즈도 딱 좋아서 마음에 듭니다~ ",
        "SentimentWord": "7",
        "SentimentPolarity": "1"
      },
      {
        "Aspect": "디자인",
        "SentimentText": "제품 외관도 깔끔하니 세련된게 마음에 들어요!",
        "SentimentWord": "6",
        "SentimentPolarity": "1"
      }
    ]
  },
  {
    "Index": "28108",
    "RawText": "배송 갑자기 오늘 온다고 해서 당황했어요;; 포장은 꼼꼼하게 잘 되어 있어서 좋았네요~ 최신형이라더니 디자인은 왜이리 구닥다리같은지 색상도 칙칙한 화이트라 설치후에 볼때마다 스트레스지수 만땅이에요",
    "Source": "쇼핑몰",
    "Domain": "가전",
    "MainCategory": "주방가전",
    "ProductName": "오브제컬렉션 LG전자 김치톡톡 Z331GBB151 (2021년형) 일반구매",
    "ReviewScore": "5",
    "Syllable": "109",
    "Word": "23",
    "RDate": "20211230",
    "Aspects": [
      {
        "Aspect": "디자인",
        "SentimentText": "최신형이라더니 디자인은 왜이리 구닥다리같은지",
        "SentimentWord": "4",
        "SentimentPolarity": "-1"
      },
      {
        "Aspect": "색상",
        "SentimentText": "색상도 칙칙한 화이트라 설치후에 볼때마다 스트레스지수 만땅이에요",
        "SentimentWord": "7",
        "SentimentPolarity": "-1"
      }
    ]
  },
  {
    "Index": "28109",
    "RawText": "주방에 딱 설치하니 너무 깔끔하고 이뻐요~! 모서리에 기스가 좀 있는게 아쉽네요.",
    "Source": "쇼핑몰",
    "Domain": "가전",
    "MainCategory": "주방가전",
    "ProductName": "오브제컬렉션 LG전자 김치톡톡 Z331GBB151 (2021년형) 일반구매",
    "ReviewScore": "5",
    "Syllable": "45",
    "Word": "11",
    "RDate": "20220725",
    "GeneralPolarity": "0",
    "Aspects": [
      {
        "Aspect": "디자인",
        "SentimentText": "주방에 딱 설치하니 너무 깔끔하고 이뻐요~! ",
        "SentimentWord": "6",
        "SentimentPolarity": "1"
      },
      {
        "Aspect": "품질",
        "SentimentText": "모서리에 기스가 좀 있는게 아쉽네요.",
        "SentimentWord": "5",
        "SentimentPolarity": "-1"
      }
    ]
  },
  {
    "Index": "28111",
    "RawText": "배송 원하는 날짜에 받아서 만족스러웠구요. 기사님도 친절하게 설명해주시고 가셔서 좋았어요. 색상은 베이지계열인데 크림색 비슷해요. 깔끔하니 너무 예뻐요. 기능이 딱 적당해서 좋네요",
    "Source": "쇼핑몰",
    "Domain": "가전",
    "MainCategory": "주방가전",
    "ProductName": "오브제컬렉션 LG전자 김치톡톡 Z331GBB151 (2021년형) 일반구매",
    "ReviewScore": "5",
    "Syllable": "100",
    "Word": "21",
    "RDate": "20211030",
    "Aspects": [
      {
        "Aspect": "기능",
        "SentimentText": "기능이 딱 적당해서 좋네요",
        "SentimentWord": "4",
        "SentimentPolarity": "1"
      },
      {
        "Aspect": "색상",
        "SentimentText": "색상은 베이지계열인데 크림색 비슷해요. 깔끔하니 너무 예뻐요.",
        "SentimentWord": "7",
        "SentimentPolarity": "1"
      }
    ]
  },
  {
    "Index": "28112",
    "RawText": "설치 전에 사전 점검을 제대로 안 해줘서 아쉬웠어요.. 냉장고에 필요한 제품도 구매할 수 없어서 별로네요 많이 비싸요. 비슷한 제품군중에서는 최고가네요",
    "Source": "쇼핑몰",
    "Domain": "가전",
    "MainCategory": "주방가전",
    "ProductName": "오브제컬렉션 LG전자 김치톡톡 Z331GBB151 (2021년형) 일반구매",
    "ReviewScore": "5",
    "Syllable": "84",
    "Word": "20",
    "RDate": "20220125",
    "Aspects": [
      {
        "Aspect": "가격",
        "SentimentText": "많이 비싸요. 비슷한 제품군중에서는 최고가네요",
        "SentimentWord": "5",
        "SentimentPolarity": "-1"
      },
      {
        "Aspect": "제품구성",
        "SentimentText": " 냉장고에 필요한 제품도 구매할 수 없어서 별로네요",
        "SentimentWord": "7",
        "SentimentPolarity": "-1"
      }
    ]
  },
  {
    "Index": "28113",
    "RawText": "저렴한 가격에 원하는 제품 구매해서 너무 만족스러워요. 다만 배송안내문자가 배송되는 날 와서 좀 당황했네요ㅎㅎ 기능이 뭐 적당히 soso네요",
    "Source": "쇼핑몰",
    "Domain": "가전",
    "MainCategory": "주방가전",
    "ProductName": "오브제컬렉션 LG전자 김치톡톡 Z331GBB151 (2021년형) 일반구매",
    "ReviewScore": "5",
    "Syllable": "78",
    "Word": "18",
    "RDate": "20220408",
    "Aspects": [
      {
        "Aspect": "가격",
        "SentimentText": "저렴한 가격에 원하는 제품 구매해서 너무 만족스러워요.",
        "SentimentWord": "7",
        "SentimentPolarity": "1"
      },
      {
        "Aspect": "기능",
        "SentimentText": "기능이 뭐 적당히 soso네요",
        "SentimentWord": "4",
        "SentimentPolarity": "0"
      }
    ]
  },
  {
    "Index": "28114",
    "RawText": "기사님이 친절하게 설치,설명까지 해주시고 배송까지 완벽해서 좋았어요. 제일 좋은것은 이 좋은 제품을 싸게 구매해서 좋아요^^ 시원한 화이트색상이 참 좋네요",
    "Source": "쇼핑몰",
    "Domain": "가전",
    "MainCategory": "주방가전",
    "ProductName": "오브제컬렉션 LG전자 김치톡톡 Z331GBB151 (2021년형) 일반구매",
    "ReviewScore": "5",
    "Syllable": "86",
    "Word": "19",
    "RDate": "20220718",
    "Aspects": [
      {
        "Aspect": "색상",
        "SentimentText": "시원한 화이트색상이 참 좋네요",
        "SentimentWord": "4",
        "SentimentPolarity": "1"
      },
      {
        "Aspect": "가격",
        "SentimentText": "제일 좋은것은 이 좋은 제품을 싸게 구매해서 좋아요^^",
        "SentimentWord": "8",
        "SentimentPolarity": "1"
      }
    ]
  },
  {
    "Index": "28115",
    "RawText": "본 브랜드 기사님이 직접 설치해주셨는데 신속정확하게 해주시고 가셔서 좋았어요. 디자인은 역시 깔끔해서 자꾸 눈이 가네요 브랜드 인지도 최고의 ○○○. 역시네요",
    "Source": "쇼핑몰",
    "Domain": "가전",
    "MainCategory": "주방가전",
    "ProductName": "오브제컬렉션 LG전자 김치톡톡 Z331GBB151 (2021년형) 일반구매",
    "ReviewScore": "5",
    "Syllable": "88",
    "Word": "20",
    "RDate": "20220616",
    "Aspects": [
      {
        "Aspect": "제조일/제조사",
        "SentimentText": "브랜드 인지도 최고의 ○○○. 역시네요",
        "SentimentWord": "5",
        "SentimentPolarity": "1"
      },
      {
        "Aspect": "디자인",
        "SentimentText": " 디자인은 역시 깔끔해서 자꾸 눈이 가네요",
        "SentimentWord": "6",
        "SentimentPolarity": "1"
      }
    ]
  },
  {
    "Index": "28116",
    "RawText": "엄마 집에 선물해드렸는데 배송기사님께서 친절히 설명해주시고 가셔서 좋으셨대요. 보관,숙성 기능 말할것 없이 김치가 너무 맛있다고 좋아하시네요 작동법이 편하고 단순해서 마음에 들어요",
    "Source": "쇼핑몰",
    "Domain": "가전",
    "MainCategory": "주방가전",
    "ProductName": "오브제컬렉션 LG전자 김치톡톡 Z331GBB151 (2021년형) 일반구매",
    "ReviewScore": "5",
    "Syllable": "100",
    "Word": "21",
    "RDate": "20220705",
    "Aspects": [
      {
        "Aspect": "조작성",
        "SentimentText": "작동법이 편하고 단순해서 마음에 들어요",
        "SentimentWord": "5",
        "SentimentPolarity": "1"
      },
      {
        "Aspect": "기능",
        "SentimentText": "보관,숙성 기능 말할것 없이 김치가 너무 맛있다고 좋아하시네요",
        "SentimentWord": "8",
        "SentimentPolarity": "1"
      }
    ]
  },
  {
    "Index": "28117",
    "RawText": "배송 담당자분이랑 통화할때는 지연안내 받았었는데 예상 날짜보다 빨리 배송해주셔서 좋았어요. 받아보니 역시! 냉장고는 이 브랜드 따라갈 자가 없네요. 너무 좋아요. 냉기조절 기능이 우수하네요",
    "Source": "쇼핑몰",
    "Domain": "가전",
    "MainCategory": "주방가전",
    "ProductName": "오브제컬렉션 LG전자 김치톡톡 Z331GBB151 (2021년형) 일반구매",
    "ReviewScore": "5",
    "Syllable": "105",
    "Word": "23",
    "RDate": "20211110",
    "Aspects": [
      {
        "Aspect": "기능",
        "SentimentText": "냉기조절 기능이 우수하네요",
        "SentimentWord": "3",
        "SentimentPolarity": "1"
      },
      {
        "Aspect": "제조일/제조사",
        "SentimentText": " 받아보니 역시! 냉장고는 이 브랜드 따라갈 자가 없네요. 너무 좋아요.",
        "SentimentWord": "10",
        "SentimentPolarity": "1"
      }
    ]
  },
  {
    "Index": "28118",
    "RawText": "배송 정말 빨라서 좋아요. 디자인은 역시나 심플하고 예쁩니다. 가격이 무지하게 저렴해서 얼른 구매했네요",
    "Source": "쇼핑몰",
    "Domain": "가전",
    "MainCategory": "주방가전",
    "ProductName": "오브제컬렉션 LG전자 김치톡톡 Z331GBB151 (2021년형) 일반구매",
    "ReviewScore": "5",
    "Syllable": "57",
    "Word": "13",
    "RDate": "20211130",
    "Aspects": [
      {
        "Aspect": "가격",
        "SentimentText": "가격이 무지하게 저렴해서 얼른 구매했네요",
        "SentimentWord": "5",
        "SentimentPolarity": "1"
      },
      {
        "Aspect": "디자인",
        "SentimentText": " 디자인은 역시나 심플하고 예쁩니다. ",
        "SentimentWord": "4",
        "SentimentPolarity": "1"
      }
    ]
  },
  {
    "Index": "28119",
    "RawText": "배송해 주시던 기사님도 친절하셨고, 본사 직원분도 말씀드린 날짜에 와주셔서 깔끔히 설치해주셔서 좋았어요. 쿨링케어랑 유산균가드 정말 좋아요. 김치가 아주 맛있네요. 품질은 말할 필요없이 최고에요",
    "Source": "쇼핑몰",
    "Domain": "가전",
    "MainCategory": "주방가전",
    "ProductName": "오브제컬렉션 LG전자 김치톡톡 Z331GBB151 (2021년형) 일반구매",
    "ReviewScore": "5",
    "Syllable": "108",
    "Word": "23",
    "RDate": "20211129",
    "Aspects": [
      {
        "Aspect": "품질",
        "SentimentText": "품질은 말할 필요없이 최고에요",
        "SentimentWord": "4",
        "SentimentPolarity": "1"
      },
      {
        "Aspect": "기능",
        "SentimentText": "쿨링케어랑 유산균가드 정말 좋아요. 김치가 아주 맛있네요.",
        "SentimentWord": "7",
        "SentimentPolarity": "1"
      }
    ]
  },
  {
    "Index": "28120",
    "RawText": "안내 서비스 받구 배송 빠르게 받아서 좋았네요. 이번에 냉장고랑 김치냉장고 둘다 이 브랜드로 했는데 하길 너무 잘한거같아요^^ 제품 대박입니다. 내부가 넓직해서 김치통과 각종 과일들도 보관가능",
    "Source": "쇼핑몰",
    "Domain": "가전",
    "MainCategory": "주방가전",
    "ProductName": "오브제컬렉션 LG전자 김치톡톡 Z331GBB151 (2021년형) 일반구매",
    "ReviewScore": "5",
    "Syllable": "107",
    "Word": "25",
    "RDate": "20211102",
    "Aspects": [
      {
        "Aspect": "용량",
        "SentimentText": "내부가 넓직해서 김치통과 각종 과일들도 보관가능",
        "SentimentWord": "6",
        "SentimentPolarity": "1"
      },
      {
        "Aspect": "제조일/제조사",
        "SentimentText": "냉장고랑 김치냉장고 둘다 이 브랜드로 했는데 하길 너무 잘한거같아요^^ 제품 대박입니다.",
        "SentimentWord": "11",
        "SentimentPolarity": "1"
      }
    ]
  },
  {
    "Index": "28121",
    "RawText": "오프라인에서 본 가격보다 저렴하게 동일 모델로 구입해서 너무 좋아요. 배송도 빠르게 진행해주셔서 더 마음에 들었네요. 디자인도 마음에 속 드네요",
    "Source": "쇼핑몰",
    "Domain": "가전",
    "MainCategory": "주방가전",
    "ProductName": "오브제컬렉션 LG전자 김치톡톡 Z331GBB151 (2021년형) 일반구매",
    "ReviewScore": "5",
    "Syllable": "80",
    "Word": "19",
    "RDate": "20211215",
    "Aspects": [
      {
        "Aspect": "가격",
        "SentimentText": "오프라인에서 본 가격보다 저렴하게 동일 모델로 구입해서 너무 좋아요.",
        "SentimentWord": "9",
        "SentimentPolarity": "1"
      },
      {
        "Aspect": "디자인",
        "SentimentText": "디자인도 마음에 속 드네요",
        "SentimentWord": "4",
        "SentimentPolarity": "1"
      }
    ]
  },
  {
    "Index": "28122",
    "RawText": "디자인이 깔끔해서 너무 마음에 듭니다~ 다른 사이트보다 여기가 훨씬 저렴해서 만족해요!",
    "Source": "쇼핑몰",
    "Domain": "가전",
    "MainCategory": "주방가전",
    "ProductName": "오브제컬렉션 LG전자 김치톡톡 Z331GBB151 (2021년형) 일반구매",
    "ReviewScore": "5",
    "Syllable": "48",
    "Word": "11",
    "RDate": "20211130",
    "GeneralPolarity": "1",
    "Aspects": [
      {
        "Aspect": "디자인",
        "SentimentText": "디자인이 깔끔해서 너무 마음에 듭니다~ ",
        "SentimentWord": "5",
        "SentimentPolarity": "1"
      },
      {
        "Aspect": "가격",
        "SentimentText": "다른 사이트보다 여기가 훨씬 저렴해서 만족해요!",
        "SentimentWord": "6",
        "SentimentPolarity": "1"
      }
    ]
  },
  {
    "Index": "28123",
    "RawText": "배송도 굉장히 빨리 받아서 만족합니다. 일주일도 안걸렸네요. 그리고 상품도 싸게 구입해서 너무 좋습니다. 많이 파세요. 작동하기도 편해서 정말 좋네요.",
    "Source": "쇼핑몰",
    "Domain": "가전",
    "MainCategory": "주방가전",
    "ProductName": "오브제컬렉션 LG전자 김치톡톡 Z331GBB151 (2021년형) 일반구매",
    "ReviewScore": "5",
    "Syllable": "84",
    "Word": "19",
    "RDate": "20220524",
    "Aspects": [
      {
        "Aspect": "편의성",
        "SentimentText": "작동하기도 편해서 정말 좋네요.",
        "SentimentWord": "4",
        "SentimentPolarity": "1"
      },
      {
        "Aspect": "가격",
        "SentimentText": "그리고 상품도 싸게 구입해서 너무 좋습니다. 많이 파세요.",
        "SentimentWord": "8",
        "SentimentPolarity": "1"
      }
    ]
  },
  {
    "Index": "28126",
    "RawText": "디자인 이뻐서 너무 만족스럽고요~ 배송,설치 꼼꼼하게 해주셔서 좋아요~ 작동시에 나오는 소음이 적어서 특히 좋네요",
    "Source": "쇼핑몰",
    "Domain": "가전",
    "MainCategory": "주방가전",
    "ProductName": "오브제컬렉션 LG전자 김치톡톡 Z331GBB151 (2021년형) 일반구매",
    "ReviewScore": "5",
    "Syllable": "63",
    "Word": "14",
    "RDate": "20220124",
    "Aspects": [
      {
        "Aspect": "디자인",
        "SentimentText": "디자인 이뻐서 너무 만족스럽고요~",
        "SentimentWord": "4",
        "SentimentPolarity": "1"
      },
      {
        "Aspect": "소음",
        "SentimentText": "작동시에 나오는 소음이 적어서 특히 좋네요",
        "SentimentWord": "6",
        "SentimentPolarity": "1"
      }
    ]
  },
  {
    "Index": "28127",
    "RawText": "배송 빠르고 설치도 친절하게 해주셔서 좋아요. 색상도 베이지라 너무 이쁘네요~ 세련된 디자인이라 인테리어 효과도 짱!!",
    "Source": "쇼핑몰",
    "Domain": "가전",
    "MainCategory": "주방가전",
    "ProductName": "오브제컬렉션 LG전자 김치톡톡 Z331GBB151 (2021년형) 일반구매",
    "ReviewScore": "5",
    "Syllable": "66",
    "Word": "15",
    "RDate": "20220416",
    "Aspects": [
      {
        "Aspect": "디자인",
        "SentimentText": "세련된 디자인이라 인테리어 효과도 짱!!",
        "SentimentWord": "5",
        "SentimentPolarity": "1"
      },
      {
        "Aspect": "색상",
        "SentimentText": "색상도 베이지라 너무 이쁘네요~",
        "SentimentWord": "4",
        "SentimentPolarity": "1"
      }
    ]
  },
  {
    "Index": "28128",
    "RawText": "화이트톤이 생각보다 환해서 너무 예뻐요. 인테리어 효과도 있네요. 주문하고 바로 배송와서 너무 놀랬네요. 만족스러워요. 가격은 부담없어서 더욱 좋구요",
    "Source": "쇼핑몰",
    "Domain": "가전",
    "MainCategory": "주방가전",
    "ProductName": "오브제컬렉션 LG전자 김치톡톡 Z331GBB151 (2021년형) 일반구매",
    "ReviewScore": "4",
    "Syllable": "83",
    "Word": "18",
    "RDate": "20220812",
    "Aspects": [
      {
        "Aspect": "색상",
        "SentimentText": "화이트톤이 생각보다 환해서 너무 예뻐요. 인테리어 효과도 있네요",
        "SentimentWord": "8",
        "SentimentPolarity": "1"
      },
      {
        "Aspect": "가격",
        "SentimentText": "가격은 부담없어서 더욱 좋구요",
        "SentimentWord": "4",
        "SentimentPolarity": "1"
      }
    ]
  },
  {
    "Index": "28129",
    "RawText": "기사님께서 설치는 물론이고 폐가전 수거도 해주셔서 너무 좋았어요. 부모님께 선물해드렸는데 디자인도 너무 예쁘다고 좋아하시네요 사용방법이 쉬워서 특히 마음에 드네요",
    "Source": "쇼핑몰",
    "Domain": "가전",
    "MainCategory": "주방가전",
    "ProductName": "오브제컬렉션 LG전자 김치톡톡 Z331GBB151 (2021년형) 일반구매",
    "ReviewScore": "5",
    "Syllable": "90",
    "Word": "19",
    "RDate": "20220731",
    "Aspects": [
      {
        "Aspect": "조작성",
        "SentimentText": "사용방법이 쉬워서 특히 마음에 드네요",
        "SentimentWord": "5",
        "SentimentPolarity": "1"
      },
      {
        "Aspect": "디자인",
        "SentimentText": "부모님께 선물해드렸는데 디자인도 너무 예쁘다고 좋아하시네요",
        "SentimentWord": "6",
        "SentimentPolarity": "1"
      }
    ]
  },
  {
    "Index": "28130",
    "RawText": "디자인이 깨끗해서 너무 좋아요!! 배송까지 원하는 날짜에 딱 오니 대만족이네요~품질관리를 잘한듯 사용함에 불편함이 없네요",
    "Source": "쇼핑몰",
    "Domain": "가전",
    "MainCategory": "주방가전",
    "ProductName": "오브제컬렉션 LG전자 김치톡톡 Z331GBB151 (2021년형) 일반구매",
    "ReviewScore": "5",
    "Syllable": "67",
    "Word": "14",
    "RDate": "20220113",
    "Aspects": [
      {
        "Aspect": "디자인",
        "SentimentText": "디자인이 깨끗해서 너무 좋아요!!",
        "SentimentWord": "4",
        "SentimentPolarity": "1"
      },
      {
        "Aspect": "품질",
        "SentimentText": "품질관리를 잘한듯 사용함에 불편함이 없네요",
        "SentimentWord": "5",
        "SentimentPolarity": "1"
      }
    ]
  },
  {
    "Index": "28131",
    "RawText": "펜트리 옆 선반 사용도 가능하고 생각보다 공간을 많이 차지하지 않아서 좋아요. 김장하고 나서 김치 넣어놨는데 보관,숙성,쿨링 뭐하나 빠지는거 없이 잘 되서 좋아요.",
    "Source": "쇼핑몰",
    "Domain": "가전",
    "MainCategory": "주방가전",
    "ProductName": "오브제컬렉션 LG전자 김치톡톡 Z331GBB151 (2021년형) 일반구매",
    "ReviewScore": "5",
    "Syllable": "91",
    "Word": "22",
    "RDate": "20211118",
    "GeneralPolarity": "1",
    "Aspects": [
      {
        "Aspect": "사이즈",
        "SentimentText": "펜트리 옆 선반 사용도 가능하고 생각보다 공간을 많이 차지하지 않아서 좋아요.",
        "SentimentWord": "11",
        "SentimentPolarity": "1"
      },
      {
        "Aspect": "기능",
        "SentimentText": "김장하고 나서 김치 넣어놨는데 보관,숙성,쿨링 뭐하나 빠지는거 없이 잘 되서 좋아요.",
        "SentimentWord": "11",
        "SentimentPolarity": "1"
      }
    ]
  },
  {
    "Index": "28133",
    "RawText": "스탠드라 허리를 구부리지 않아서 너무 편해요~! 소비전력도 1등급이라 전기세 걱정도 줄어서 좋네요!",
    "Source": "쇼핑몰",
    "Domain": "가전",
    "MainCategory": "주방가전",
    "ProductName": "오브제컬렉션 LG전자 김치톡톡 Z331GBB151 (2021년형) 일반구매",
    "ReviewScore": "5",
    "Syllable": "55",
    "Word": "12",
    "RDate": "20220408",
    "GeneralPolarity": "1",
    "Aspects": [
      {
        "Aspect": "편의성",
        "SentimentText": "스탠드라 허리를 구부리지 않아서 너무 편해요~!",
        "SentimentWord": "6",
        "SentimentPolarity": "1"
      },
      {
        "Aspect": "소비전력",
        "SentimentText": "소비전력도 1등급이라 전기세 걱정도 줄어서 좋네요!",
        "SentimentWord": "6",
        "SentimentPolarity": "1"
      }
    ]
  },
  {
    "Index": "28134",
    "RawText": "깔끔해서 집 인테리어랑 너무 잘어울려서 좋아요. 조작도 남녀노소 하기 편해서 대만족입니다~",
    "Source": "쇼핑몰",
    "Domain": "가전",
    "MainCategory": "주방가전",
    "ProductName": "오브제컬렉션 LG전자 김치톡톡 Z331GBB151 (2021년형) 일반구매",
    "ReviewScore": "5",
    "Syllable": "50",
    "Word": "11",
    "RDate": "20211110",
    "GeneralPolarity": "1",
    "Aspects": [
      {
        "Aspect": "디자인",
        "SentimentText": "깔끔해서 집 인테리어랑 너무 잘어울려서 좋아요. ",
        "SentimentWord": "6",
        "SentimentPolarity": "1"
      },
      {
        "Aspect": "조작성",
        "SentimentText": "조작도 남녀노소 하기 편해서 대만족입니다~",
        "SentimentWord": "5",
        "SentimentPolarity": "1"
      }
    ]
  },
  {
    "Index": "28135",
    "RawText": "제가 희망하는 날짜에 배송되어서 너무 좋았어요. 기존 냉장고랑 나란히 놓으니 디자인이 아주 고급스러워서 너무 예뻐요. 원하던 색상으로 구매할수 있어서 좋네요",
    "Source": "쇼핑몰",
    "Domain": "가전",
    "MainCategory": "주방가전",
    "ProductName": "오브제컬렉션 LG전자 김치톡톡 Z331GBB151 (2021년형) 일반구매",
    "ReviewScore": "5",
    "Syllable": "87",
    "Word": "20",
    "RDate": "20220220",
    "Aspects": [
      {
        "Aspect": "색상",
        "SentimentText": "원하던 색상으로 구매할수 있어서 좋네요",
        "SentimentWord": "5",
        "SentimentPolarity": "1"
      },
      {
        "Aspect": "디자인",
        "SentimentText": "기존 냉장고랑 나란히 놓으니 디자인이 아주 고급스러워서 너무 예뻐요.",
        "SentimentWord": "9",
        "SentimentPolarity": "1"
      }
    ]
  },
  {
    "Index": "28136",
    "RawText": "원하는 색상을 고를 수 있는게 제일 큰 장점인것 같아요, 너무 예뻐요. 디자인은 말할것도 없이 고급스럽구요. 이런 제품을 이 가격에 구매하게 되다니 너무 좋은 기회였어요 만족스러워요.",
    "Source": "쇼핑몰",
    "Domain": "가전",
    "MainCategory": "주방가전",
    "ProductName": "오브제컬렉션 LG전자 김치톡톡 Z331GBB151 (2021년형) 일반구매",
    "ReviewScore": "5",
    "Syllable": "102",
    "Word": "25",
    "RDate": "20220608",
    "GeneralPolarity": "1",
    "Aspects": [
      {
        "Aspect": "색상",
        "SentimentText": "원하는 색상을 고를 수 있는게 제일 큰 장점인것 같아요, 너무 예뻐요. ",
        "SentimentWord": "11",
        "SentimentPolarity": "1"
      },
      {
        "Aspect": "디자인",
        "SentimentText": "디자인은 말할것도 없이 고급스럽구요.",
        "SentimentWord": "4",
        "SentimentPolarity": "1"
      },
      {
        "Aspect": "가격",
        "SentimentText": "이런 제품을 이 가격에 구매하게 되다니 너무 좋은 기회였어요 만족스러워요.",
        "SentimentWord": "10",
        "SentimentPolarity": "1"
      }
    ]
  },
  {
    "Index": "28137",
    "RawText": "배송되기 전에 확인문자 해피콜 연락주셔서 너무 좋았어요. 추후 설치도 잘해주셔서 만족스럽네요. 김치냉장고 배송되면서 같이 오는 용기도 주셔서 너무 좋네요^^ 사용설명서가 포함되어있어서 정말 편했어요",
    "Source": "쇼핑몰",
    "Domain": "가전",
    "MainCategory": "주방가전",
    "ProductName": "오브제컬렉션 LG전자 김치톡톡 Z331GBB151 (2021년형) 일반구매",
    "ReviewScore": "5",
    "Syllable": "110",
    "Word": "23",
    "RDate": "20220225",
    "Aspects": [
      {
        "Aspect": "제품구성",
        "SentimentText": "사용설명서가 포함되어있어서 정말 편했어요",
        "SentimentWord": "4",
        "SentimentPolarity": "1"
      },
      {
        "Aspect": "제품구성",
        "SentimentText": "김치냉장고 배송되면서 같이 오는 용기도 주셔서 너무 좋네요^^",
        "SentimentWord": "8",
        "SentimentPolarity": "1"
      }
    ]
  },
  {
    "Index": "28138",
    "RawText": "원하는 배송 날짜에 받아서 만족합니다~! 디자인도 깔끔하니 넘 좋아요! 냉기관리 기능이 탁월해요",
    "Source": "쇼핑몰",
    "Domain": "가전",
    "MainCategory": "주방가전",
    "ProductName": "오브제컬렉션 LG전자 김치톡톡 Z331GBB151 (2021년형) 일반구매",
    "ReviewScore": "5",
    "Syllable": "53",
    "Word": "12",
    "RDate": "20220103",
    "Aspects": [
      {
        "Aspect": "기능",
        "SentimentText": "냉기관리 기능이 탁월해요",
        "SentimentWord": "3",
        "SentimentPolarity": "1"
      },
      {
        "Aspect": "디자인",
        "SentimentText": "디자인도 깔끔하니 넘 좋아요!",
        "SentimentWord": "4",
        "SentimentPolarity": "1"
      }
    ]
  },
  {
    "Index": "28139",
    "RawText": "이렇게 좋은 제품을 저렴하게 사서 너무 좋아요. 다만 아랫칸 서랍부분 용량이 생각한거보다 작아서 아쉬워요.",
    "Source": "쇼핑몰",
    "Domain": "가전",
    "MainCategory": "주방가전",
    "ProductName": "오브제컬렉션 LG전자 김치톡톡 Z331GBB151 (2021년형) 일반구매",
    "ReviewScore": "5",
    "Syllable": "59",
    "Word": "14",
    "RDate": "20220124",
    "GeneralPolarity": "0",
    "Aspects": [
      {
        "Aspect": "가격",
        "SentimentText": "이렇게 좋은 제품을 저렴하게 사서 너무 좋아요",
        "SentimentWord": "7",
        "SentimentPolarity": "1"
      },
      {
        "Aspect": "용량",
        "SentimentText": " 다만 아랫칸 서랍부분 용량이 생각한거보다 작아서 아쉬워요.",
        "SentimentWord": "7",
        "SentimentPolarity": "-1"
      }
    ]
  },
  {
    "Index": "28140",
    "RawText": "기사님들 너무 친절하셔서 좋았어요!! 제품도 품질이 튼튼해 보여서 너무 좋네요~! 사용방법이 단순해서 특히 마음에 들어요",
    "Source": "쇼핑몰",
    "Domain": "가전",
    "MainCategory": "주방가전",
    "ProductName": "오브제컬렉션 LG전자 김치톡톡 Z331GBB151 (2021년형) 일반구매",
    "ReviewScore": "5",
    "Syllable": "67",
    "Word": "15",
    "RDate": "20211111",
    "Aspects": [
      {
        "Aspect": "조작성",
        "SentimentText": "사용방법이 단순해서 특히 마음에 들어요",
        "SentimentWord": "5",
        "SentimentPolarity": "1"
      },
      {
        "Aspect": "품질",
        "SentimentText": "제품도 품질이 튼튼해 보여서 너무 좋네요~!",
        "SentimentWord": "6",
        "SentimentPolarity": "1"
      }
    ]
  },
  {
    "Index": "28141",
    "RawText": "응대가 빨라서 좋았습니다~ 아쉬운건 소음이 조금 있어요~ 기능이 단순해서 좋네요",
    "Source": "쇼핑몰",
    "Domain": "가전",
    "MainCategory": "주방가전",
    "ProductName": "오브제컬렉션 LG전자 김치톡톡 Z331GBB151 (2021년형) 일반구매",
    "ReviewScore": "5",
    "Syllable": "44",
    "Word": "10",
    "RDate": "20220411",
    "Aspects": [
      {
        "Aspect": "기능",
        "SentimentText": "기능이 단순해서 좋네요",
        "SentimentWord": "3",
        "SentimentPolarity": "1"
      },
      {
        "Aspect": "소음",
        "SentimentText": " 아쉬운건 소음이 조금 있어요~ ",
        "SentimentWord": "4",
        "SentimentPolarity": "-1"
      }
    ]
  },
  {
    "Index": "28142",
    "RawText": "제품 받아봤는데 디자인 정말 예쁘네요. 마음에 들어요. 설치기사님도 꼼꼼하게 설치해주시고 가셔서 좋았어요. 제품이 단단하고 견고해서 너무 좋네요",
    "Source": "쇼핑몰",
    "Domain": "가전",
    "MainCategory": "주방가전",
    "ProductName": "오브제컬렉션 LG전자 김치톡톡 Z331GBB151 (2021년형) 일반구매",
    "ReviewScore": "4",
    "Syllable": "80",
    "Word": "17",
    "RDate": "20220303",
    "Aspects": [
      {
        "Aspect": "디자인",
        "SentimentText": "제품 받아봤는데 디자인 정말 예쁘네요. 마음에 들어요.",
        "SentimentWord": "7",
        "SentimentPolarity": "1"
      },
      {
        "Aspect": "내구성",
        "SentimentText": "제품이 단단하고 견고해서 너무 좋네요",
        "SentimentWord": "5",
        "SentimentPolarity": "1"
      }
    ]
  },
  {
    "Index": "28143",
    "RawText": "설치해보니 더 고급스럽고 예쁘네요. 색상도 너무 영롱해서 너무 좋아요! 유산균가드 성능이 진짜 대박이네요! 너무 좋아요.",
    "Source": "쇼핑몰",
    "Domain": "가전",
    "MainCategory": "주방가전",
    "ProductName": "오브제컬렉션 LG전자 김치톡톡 Z331GBB151 (2021년형) 일반구매",
    "ReviewScore": "5",
    "Syllable": "67",
    "Word": "15",
    "RDate": "20211117",
    "GeneralPolarity": "1",
    "Aspects": [
      {
        "Aspect": "색상",
        "SentimentText": "설치해보니 더 고급스럽고 예쁘네요. 색상도 너무 영롱해서 너무 좋아요! ",
        "SentimentWord": "9",
        "SentimentPolarity": "1"
      },
      {
        "Aspect": "기능",
        "SentimentText": "유산균가드 성능이 진짜 대박이네요! 너무 좋아요.",
        "SentimentWord": "6",
        "SentimentPolarity": "1"
      }
    ]
  },
  {
    "Index": "28144",
    "RawText": "주문부터 배송까지 너무 친절하시고 잘해주셔서 너무 만족스럽습니다. 거기다 냉장고 제품 품질까지 너무 완벽하네요. 퀄리티 대박입니다^^ 가격이 저렴한게 제일 좋아요",
    "Source": "쇼핑몰",
    "Domain": "가전",
    "MainCategory": "주방가전",
    "ProductName": "오브제컬렉션 LG전자 김치톡톡 Z331GBB151 (2021년형) 일반구매",
    "ReviewScore": "5",
    "Syllable": "90",
    "Word": "19",
    "RDate": "20211224",
    "Aspects": [
      {
        "Aspect": "가격",
        "SentimentText": "가격이 저렴한게 제일 좋아요",
        "SentimentWord": "4",
        "SentimentPolarity": "1"
      },
      {
        "Aspect": "품질",
        "SentimentText": "거기다 냉장고 제품 품질까지 너무 완벽하네요. 퀄리티 대박입니다^^",
        "SentimentWord": "8",
        "SentimentPolarity": "1"
      }
    ]
  },
  {
    "Index": "28146",
    "RawText": "화이트로 할까 베이지로 할까 고민을 많이했는데 베이지 선택했는데 후회하지않아요! 너무 예쁘고 고급스럽네요! 설치하면서 균형이 잘 맞지않아 애먹었는데 기사님께서 너무 잘 해주셔서 좋아요. 사이즈도 적당해서 저희집에 딱 어울려요",
    "Source": "쇼핑몰",
    "Domain": "가전",
    "MainCategory": "주방가전",
    "ProductName": "오브제컬렉션 LG전자 김치톡톡 Z331GBB151 (2021년형) 일반구매",
    "ReviewScore": "5",
    "Syllable": "125",
    "Word": "27",
    "RDate": "20211222",
    "Aspects": [
      {
        "Aspect": "색상",
        "SentimentText": "화이트로 할까 베이지로 할까 고민을 많이했는데 베이지 선택했는데 후회하지않아요! 너무 예쁘고 고급스럽네요!",
        "SentimentWord": "12",
        "SentimentPolarity": "1"
      },
      {
        "Aspect": "사이즈",
        "SentimentText": "사이즈도 적당해서 저희집에 딱 어울려요",
        "SentimentWord": "5",
        "SentimentPolarity": "1"
      }
    ]
  },
  {
    "Index": "28147",
    "RawText": "소비효율 1등급이라니 너무 좋아요. 전기세 걱정없어요~ 그리고 김치냉장고올때 용기까지 다 와서 너무 좋아요.",
    "Source": "쇼핑몰",
    "Domain": "가전",
    "MainCategory": "주방가전",
    "ProductName": "오브제컬렉션 LG전자 김치톡톡 Z331GPB151 (2021년형)",
    "ReviewScore": "5",
    "Syllable": "60",
    "Word": "13",
    "RDate": "20220422",
    "GeneralPolarity": "1",
    "Aspects": [
      {
        "Aspect": "소비전력",
        "SentimentText": "소비효율 1등급이라니 너무 좋아요. 전기세 걱정없어요~",
        "SentimentWord": "6",
        "SentimentPolarity": "1"
      },
      {
        "Aspect": "제품구성",
        "SentimentText": "그리고 김치냉장고올때 용기까지 다 와서 너무 좋아요. ",
        "SentimentWord": "7",
        "SentimentPolarity": "1"
      }
    ]
  },
  {
    "Index": "28148",
    "RawText": "배송은 일주일 정도 걸렸어요 좀 느려서 별로에요. 그래도 포장은 꼼꼼하게 잘 와서 만족합니다~ 최신형이라는데 냉기가 강하지 않고 뜻뜨미지근하네요. 애매한 핑크색이라 칙칙해요. 인테리어 효과도 쾅이구요.",
    "Source": "쇼핑몰",
    "Domain": "가전",
    "MainCategory": "주방가전",
    "ProductName": "오브제컬렉션 LG전자 김치톡톡 Z331GPB151 (2021년형)",
    "ReviewScore": "5",
    "Syllable": "112",
    "Word": "24",
    "RDate": "20220711",
    "Aspects": [
      {
        "Aspect": "기능",
        "SentimentText": "최신형이라는데 냉기가 강하지 않고 뜻뜨미지근하네요.",
        "SentimentWord": "5",
        "SentimentPolarity": "-1"
      },
      {
        "Aspect": "색상",
        "SentimentText": "애매한 핑크색이라 칙칙해요. 인테리어 효과도 쾅이구요.",
        "SentimentWord": "6",
        "SentimentPolarity": "-1"
      }
    ]
  }
]