[
  {
    "Index": "30055",
    "RawText": "조리 끝났다는 소리가 너무 커서 아기가 잠에서 깰정도에요 ㅠㅠ 별로네요. 배송도 너무 느려서 짜증나요 사이즈는 적당해서 쓸만해요",
    "Source": "쇼핑몰",
    "Domain": "가전",
    "MainCategory": "주방가전",
    "ProductName": "LG전자 MW23BD",
    "ReviewScore": "3",
    "Syllable": "71",
    "Word": "17",
    "RDate": "20190116",
    "Aspects": [
      {
        "Aspect": "소음",
        "SentimentText": "조리 끝났다는 소리가 너무 커서 아기가 잠에서 깰정도에요 ㅠㅠ 별로네요. ",
        "SentimentWord": "10",
        "SentimentPolarity": "-1"
      },
      {
        "Aspect": "사이즈",
        "SentimentText": "사이즈는 적당해서 쓸만해요",
        "SentimentWord": "3",
        "SentimentPolarity": "0"
      }
    ]
  },
  {
    "Index": "30056",
    "RawText": "역시 가전제품은 ooo 입니다 만족해요~특히 성능은 최고예요!!",
    "Source": "쇼핑몰",
    "Domain": "가전",
    "MainCategory": "주방가전",
    "ProductName": "LG전자 MW23BD",
    "ReviewScore": "5",
    "Syllable": "35",
    "Word": "7",
    "RDate": "20190209",
    "Aspects": [
      {
        "Aspect": "제조일/제조사",
        "SentimentText": "역시 가전제품은 ooo 입니다 만족해요~",
        "SentimentWord": "5",
        "SentimentPolarity": "1"
      },
      {
        "Aspect": "기능",
        "SentimentText": "특히 성능은 최고예요!!",
        "SentimentWord": "3",
        "SentimentPolarity": "1"
      }
    ]
  },
  {
    "Index": "30057",
    "RawText": "디자인이 깔끔하고 심플하니 마음에 쏙 듭니다. 색상도 올블랙이라 주방이랑 잘 어울려서 만족! 배송도 완전 빨라요 최고~",
    "Source": "쇼핑몰",
    "Domain": "가전",
    "MainCategory": "주방가전",
    "ProductName": "LG전자 MW23BD",
    "ReviewScore": "5",
    "Syllable": "66",
    "Word": "16",
    "RDate": "20200412",
    "Aspects": [
      {
        "Aspect": "디자인",
        "SentimentText": "디자인이 깔끔하고 심플하니 마음에 쏙 듭니다.",
        "SentimentWord": "6",
        "SentimentPolarity": "1"
      },
      {
        "Aspect": "색상",
        "SentimentText": "색상도 올블랙이라 주방이랑 잘 어울려서 만족!",
        "SentimentWord": "6",
        "SentimentPolarity": "1"
      }
    ]
  },
  {
    "Index": "30058",
    "RawText": "작동도 잘 되고 음식이 빨리 데워져서 좋아요!!소리가 조리 끝나면 너무 커서 깜짝 놀라요 이건 좀 아쉽습니다...",
    "Source": "쇼핑몰",
    "Domain": "가전",
    "MainCategory": "주방가전",
    "ProductName": "LG전자 MW23BD",
    "ReviewScore": "5",
    "Syllable": "63",
    "Word": "16",
    "RDate": "20210211",
    "Aspects": [
      {
        "Aspect": "기능",
        "SentimentText": "작동도 잘 되고 음식이 빨리 데워져서 좋아요!!",
        "SentimentWord": "7",
        "SentimentPolarity": "1"
      },
      {
        "Aspect": "소음",
        "SentimentText": "소리가 조리 끝나면 너무 커서 깜짝 놀라요 이건 좀 아쉽습니다...",
        "SentimentWord": "10",
        "SentimentPolarity": "-1"
      }
    ]
  },
  {
    "Index": "30059",
    "RawText": "전선이 너무 짧아서 짜증.. 멀티탭 사용했어요. 디자인은 깔끔하고 마음에 들어요~",
    "Source": "쇼핑몰",
    "Domain": "가전",
    "MainCategory": "주방가전",
    "ProductName": "LG전자 MW23BD",
    "ReviewScore": "5",
    "Syllable": "45",
    "Word": "10",
    "RDate": "20220107",
    "GeneralPolarity": "0",
    "Aspects": [
      {
        "Aspect": "사이즈",
        "SentimentText": "전선이 너무 짧아서 짜증.. 멀티탭 사용했어요.",
        "SentimentWord": "6",
        "SentimentPolarity": "-1"
      },
      {
        "Aspect": "디자인",
        "SentimentText": "디자인은 깔끔하고 마음에 들어요~",
        "SentimentWord": "4",
        "SentimentPolarity": "1"
      }
    ]
  },
  {
    "Index": "30061",
    "RawText": "문 열고 닫는게 편해서 좋습니다. 디자인도 깔끔하고 예쁩니다^^",
    "Source": "쇼핑몰",
    "Domain": "가전",
    "MainCategory": "주방가전",
    "ProductName": "LG전자 MW23BD",
    "ReviewScore": "5",
    "Syllable": "35",
    "Word": "8",
    "RDate": "20210119",
    "Aspects": [
      {
        "Aspect": "편의성",
        "SentimentText": "문 열고 닫는게 편해서 좋습니다.",
        "SentimentWord": "5",
        "SentimentPolarity": "1"
      },
      {
        "Aspect": "디자인",
        "SentimentText": "디자인도 깔끔하고 예쁩니다^^",
        "SentimentWord": "3",
        "SentimentPolarity": "1"
      }
    ]
  },
  {
    "Index": "30062",
    "RawText": "검정색이라 그런가 더 고급스럽고 예뻐요. 그리고 시간지나면 자동으로 절전모드가 되서 마음에 듭니다.",
    "Source": "쇼핑몰",
    "Domain": "가전",
    "MainCategory": "주방가전",
    "ProductName": "LG전자 MW23BD",
    "ReviewScore": "5",
    "Syllable": "55",
    "Word": "12",
    "RDate": "20180921",
    "GeneralPolarity": "1",
    "Aspects": [
      {
        "Aspect": "색상",
        "SentimentText": "검정색이라 그런가 더 고급스럽고 예뻐요",
        "SentimentWord": "5",
        "SentimentPolarity": "1"
      },
      {
        "Aspect": "기능",
        "SentimentText": "그리고 시간지나면 자동으로 절전모드가 되서 마음에 듭니다.",
        "SentimentWord": "7",
        "SentimentPolarity": "1"
      }
    ]
  },
  {
    "Index": "30064",
    "RawText": "세일할때 구매했는데 이득이네요! 너무 싼가격에 잘샀어요. 가전은 역시 이브랜드 따라갈 자가 없네요^^",
    "Source": "쇼핑몰",
    "Domain": "가전",
    "MainCategory": "주방가전",
    "ProductName": "LG전자 MW23BD",
    "ReviewScore": "5",
    "Syllable": "56",
    "Word": "12",
    "RDate": "20210225",
    "GeneralPolarity": "1",
    "Aspects": [
      {
        "Aspect": "가격",
        "SentimentText": "세일할때 구매했는데 이득이네요! 너무 싼가격에 잘샀어요.",
        "SentimentWord": "6",
        "SentimentPolarity": "1"
      },
      {
        "Aspect": "제조일/제조사",
        "SentimentText": "가전은 역시 이브랜드 따라갈 자가 없네요^^",
        "SentimentWord": "6",
        "SentimentPolarity": "1"
      }
    ]
  },
  {
    "Index": "30065",
    "RawText": "제품 받아서 사용해봤는데 돌아가는 모터소리가 엄청 큽니다. 터치 기계음도 소리가 커서 별로예요. 출력모드가 1000W까지 별도로 조절할 수 있고 음식이 확실히 빨리 뎁혀져서 좋아요.",
    "Source": "쇼핑몰",
    "Domain": "가전",
    "MainCategory": "주방가전",
    "ProductName": "LG전자 MW23BD",
    "ReviewScore": "5",
    "Syllable": "101",
    "Word": "23",
    "RDate": "20220428",
    "GeneralPolarity": "0",
    "Aspects": [
      {
        "Aspect": "소음",
        "SentimentText": "제품 받아서 사용해봤는데 돌아가는 모터소리가 엄청 큽니다. 터치 기계음도 소리가 커서 별로예요.",
        "SentimentWord": "12",
        "SentimentPolarity": "-1"
      },
      {
        "Aspect": "소비전력",
        "SentimentText": "출력모드가 1000W까지 별도로 조절할 수 있고 음식이 확실히 빨리 뎁혀져서 좋아요.",
        "SentimentWord": "11",
        "SentimentPolarity": "1"
      }
    ]
  },
  {
    "Index": "30067",
    "RawText": "배송이 빨라 기쁜 마음으로 받았습니다.박스 오픈 해보니 찌그러져 있는 하자 상품이 와서 당황ㅜㅜ 고객센터 반품 신청 하니 맞교환으로 신속하게 잘 처리 해 주셨습니다.~!! 심플한 디자인도  깔끔한 블랙 색상도 마음에 듭니다~!!",
    "Source": "쇼핑몰",
    "Domain": "가전",
    "MainCategory": "주방가전",
    "ProductName": "LG전자 MW23BD",
    "ReviewScore": "4",
    "Syllable": "127",
    "Word": "30",
    "RDate": "20181206",
    "Aspects": [
      {
        "Aspect": "품질",
        "SentimentText": "박스 오픈 해보니 찌그러져 있는 하자 상품이 와서 당황ㅜㅜ",
        "SentimentWord": "9",
        "SentimentPolarity": "-1"
      },
      {
        "Aspect": "디자인",
        "SentimentText": "심플한 디자인도  깔끔한 블랙 색상도 마음에 듭니다~!!",
        "SentimentWord": "7",
        "SentimentPolarity": "1"
      },
      {
        "Aspect": "색상",
        "SentimentText": " 깔끔한 블랙 색상도 마음에 듭니다~!!",
        "SentimentWord": "5",
        "SentimentPolarity": "1"
      }
    ]
  },
  {
    "Index": "30068",
    "RawText": "생각 외로 사이즈가 작습니다.ㅜㅜ  기존에 사용 하던 제품보다 성능도 떨어지는 것 같아요. 버튼들 글씨도 잘 안 보여 사용하기도 불편합니다.",
    "Source": "쇼핑몰",
    "Domain": "가전",
    "MainCategory": "주방가전",
    "ProductName": "LG전자 MW23BD",
    "ReviewScore": "5",
    "Syllable": "78",
    "Word": "19",
    "RDate": "20210721",
    "GeneralPolarity": "-1",
    "Aspects": [
      {
        "Aspect": "사이즈",
        "SentimentText": "생각 외로 사이즈가 작습니다.ㅜㅜ ",
        "SentimentWord": "4",
        "SentimentPolarity": "-1"
      },
      {
        "Aspect": "기능",
        "SentimentText": " 기존에 사용 하던 제품보다 성능도 떨어지는 것 같아요 ",
        "SentimentWord": "8",
        "SentimentPolarity": "-1"
      },
      {
        "Aspect": "편의성",
        "SentimentText": " 버튼들 글씨도 잘 안 보여 사용하기도 불편합니다.",
        "SentimentWord": "7",
        "SentimentPolarity": "-1"
      }
    ]
  },
  {
    "Index": "30069",
    "RawText": "손자국이 나는 재질이라 실망했어요ㅠ 제가 생각 했던 용량보다 엄청  작아요",
    "Source": "쇼핑몰",
    "Domain": "가전",
    "MainCategory": "주방가전",
    "ProductName": "LG전자 MW23BD",
    "ReviewScore": "5",
    "Syllable": "41",
    "Word": "10",
    "RDate": "20220622",
    "Aspects": [
      {
        "Aspect": "소재",
        "SentimentText": "손자국이 나는 재질이라 실망했어요ㅠ",
        "SentimentWord": "4",
        "SentimentPolarity": "-1"
      },
      {
        "Aspect": "용량",
        "SentimentText": "제가 생각 했던 용량보다 엄청  작아요 ",
        "SentimentWord": "6",
        "SentimentPolarity": "-1"
      }
    ]
  },
  {
    "Index": "30070",
    "RawText": "잘 작동되고 성능은 완전 좋아요! 근데 23리터라서 큰 줄 알았는데 그렇지도 않네요ㅜㅜ",
    "Source": "쇼핑몰",
    "Domain": "가전",
    "MainCategory": "주방가전",
    "ProductName": "LG전자 MW23BD",
    "ReviewScore": "5",
    "Syllable": "48",
    "Word": "12",
    "RDate": "20201031",
    "Aspects": [
      {
        "Aspect": "기능",
        "SentimentText": "잘 작동되고 성능은 완전 좋아요! ",
        "SentimentWord": "5",
        "SentimentPolarity": "1"
      },
      {
        "Aspect": "용량",
        "SentimentText": "23리터라서 큰 줄 알았는데 그렇지도 않네요ㅜㅜ",
        "SentimentWord": "6",
        "SentimentPolarity": "-1"
      }
    ]
  },
  {
    "Index": "30074",
    "RawText": "좋은 가격대로 구매해서 좋아요!! 내부공간이 넓지 않아 큰 사이즈 접시는 안 들어가서 별로네요",
    "Source": "쇼핑몰",
    "Domain": "가전",
    "MainCategory": "주방가전",
    "ProductName": "LG전자 MW23BD",
    "ReviewScore": "5",
    "Syllable": "52",
    "Word": "13",
    "RDate": "20170516",
    "Aspects": [
      {
        "Aspect": "가격",
        "SentimentText": "좋은 가격대로 구매해서 좋아요!! ",
        "SentimentWord": "4",
        "SentimentPolarity": "1"
      },
      {
        "Aspect": "용량",
        "SentimentText": "내부공간이 넓지 않아 큰 사이즈 접시는 안 들어가서 별로네요 ",
        "SentimentWord": "9",
        "SentimentPolarity": "-1"
      }
    ]
  },
  {
    "Index": "30075",
    "RawText": "꼼꼼하게  포장되어 있어 안전하게 잘 받았네요~~ 빠르게 배송이 되었고 착한 가격으로 사서 좋습니다. 너무 무거워서 혼자서 옮기는건 불가능하네요",
    "Source": "쇼핑몰",
    "Domain": "가전",
    "MainCategory": "주방가전",
    "ProductName": "LG전자 MW23BD",
    "ReviewScore": "5",
    "Syllable": "80",
    "Word": "18",
    "RDate": "20171228",
    "Aspects": [
      {
        "Aspect": "무게",
        "SentimentText": "너무 무거워서 혼자서 옮기는건 불가능하네요",
        "SentimentWord": "5",
        "SentimentPolarity": "-1"
      },
      {
        "Aspect": "가격",
        "SentimentText": "착한 가격으로 사서 좋습니다. ",
        "SentimentWord": "4",
        "SentimentPolarity": "1"
      }
    ]
  },
  {
    "Index": "30076",
    "RawText": "선물했는데 블랙색상이 세련되서 맘에 들어합니다~ 디자인도 고급스럽다고 해서 정말 다행입니다",
    "Source": "쇼핑몰",
    "Domain": "가전",
    "MainCategory": "주방가전",
    "ProductName": "LG전자 MW23BD",
    "ReviewScore": "5",
    "Syllable": "50",
    "Word": "10",
    "RDate": "20210805",
    "Aspects": [
      {
        "Aspect": "색상",
        "SentimentText": "선물했는데 블랙색상이 세련되서 맘에 들어합니다~",
        "SentimentWord": "5",
        "SentimentPolarity": "1"
      },
      {
        "Aspect": "디자인",
        "SentimentText": "디자인도 고급스럽다고 해서 정말 다행입니다 ",
        "SentimentWord": "5",
        "SentimentPolarity": "1"
      }
    ]
  },
  {
    "Index": "30077",
    "RawText": "사용방법이 안쪽에 쓰여있어 불편하고 글씨도 작아 안 보여요.큰 접시류는 안 들어가고 작은 접수만 넣어야 하니 사용하기가 좀 불편합니다",
    "Source": "쇼핑몰",
    "Domain": "가전",
    "MainCategory": "주방가전",
    "ProductName": "LG전자 MW23BD",
    "ReviewScore": "4",
    "Syllable": "74",
    "Word": "18",
    "RDate": "20170714",
    "GeneralPolarity": "-1",
    "Aspects": [
      {
        "Aspect": "조작성",
        "SentimentText": "사용방법이 안쪽에 쓰여있어 불편하고 글씨도 작아 안 보여요",
        "SentimentWord": "8",
        "SentimentPolarity": "-1"
      },
      {
        "Aspect": "용량",
        "SentimentText": "큰 접시류는 안 들어가고 작은 접수만 넣어야 하니 사용하기가 좀 불편합니다",
        "SentimentWord": "11",
        "SentimentPolarity": "-1"
      }
    ]
  },
  {
    "Index": "30078",
    "RawText": "도어와 손잡이가 일체형으로 디자인되어 더 깔끔하니 마음에 듭니다.  소음도 심하지 않고 출력을 조절하는 기능이 있어서 매우 만족합니다.",
    "Source": "쇼핑몰",
    "Domain": "가전",
    "MainCategory": "주방가전",
    "ProductName": "LG전자 MW23BD",
    "ReviewScore": "5",
    "Syllable": "75",
    "Word": "17",
    "RDate": "20220624",
    "GeneralPolarity": "1",
    "Aspects": [
      {
        "Aspect": "디자인",
        "SentimentText": "도어와 손잡이가 일체형으로 디자인되어 더 깔끔하니 마음에 듭니다.",
        "SentimentWord": "8",
        "SentimentPolarity": "1"
      },
      {
        "Aspect": "소음",
        "SentimentText": "소음도 심하지 않고 출력을 조절하는 기능이 있어서 매우 만족합니다.",
        "SentimentWord": "9",
        "SentimentPolarity": "1"
      },
      {
        "Aspect": "기능",
        "SentimentText": "출력을 조절하는 기능이 있어서 매우 만족합니다.",
        "SentimentWord": "6",
        "SentimentPolarity": "1"
      }
    ]
  },
  {
    "Index": "30079",
    "RawText": "시작 버튼만 누르면 간단히 사용할 수 있어 편합니다.  부모님이 쓰기에 딱 좋은 깔끔한 디자인이고 제품 성능도 좋고 참 잘 만들었네요",
    "Source": "쇼핑몰",
    "Domain": "가전",
    "MainCategory": "주방가전",
    "ProductName": "LG전자 MW23BD",
    "ReviewScore": "5",
    "Syllable": "74",
    "Word": "20",
    "RDate": "20180222",
    "GeneralPolarity": "1",
    "Aspects": [
      {
        "Aspect": "편의성",
        "SentimentText": "시작 버튼만 누르면 간단히 사용할 수 있어 편합니다.  ",
        "SentimentWord": "8",
        "SentimentPolarity": "1"
      },
      {
        "Aspect": "디자인",
        "SentimentText": "부모님이 쓰기에 딱 좋은 깔끔한 디자인이고",
        "SentimentWord": "6",
        "SentimentPolarity": "1"
      },
      {
        "Aspect": "기능",
        "SentimentText": "제품 성능도 좋고 참 잘 만들었네요",
        "SentimentWord": "6",
        "SentimentPolarity": "1"
      }
    ]
  },
  {
    "Index": "30080",
    "RawText": "디자인이 심플하고 미니멀한게 흠잡을곳 없이 좋아요. 색상도 올블랙으로 깔끔하구요 강력하게 추천드려요~~^^  ",
    "Source": "쇼핑몰",
    "Domain": "가전",
    "MainCategory": "주방가전",
    "ProductName": "LG전자 MW23BD",
    "ReviewScore": "5",
    "Syllable": "61",
    "Word": "11",
    "RDate": "20171110",
    "GeneralPolarity": "1",
    "Aspects": [
      {
        "Aspect": "디자인",
        "SentimentText": "디자인이 심플하고 미니멀한게 흠잡을곳 없이 좋아요.",
        "SentimentWord": "6",
        "SentimentPolarity": "1"
      },
      {
        "Aspect": "색상",
        "SentimentText": "색상도 올블랙으로 깔끔하구요",
        "SentimentWord": "3",
        "SentimentPolarity": "1"
      }
    ]
  },
  {
    "Index": "30081",
    "RawText": "심플하니 디자인이 좋네요. 고성능 제품 저렴한 가격에 잘 사서 좋습니다~~^^",
    "Source": "쇼핑몰",
    "Domain": "가전",
    "MainCategory": "주방가전",
    "ProductName": "LG전자 MW23BD",
    "ReviewScore": "5",
    "Syllable": "43",
    "Word": "10",
    "RDate": "20210210",
    "GeneralPolarity": "1",
    "Aspects": [
      {
        "Aspect": "디자인",
        "SentimentText": "심플하니 디자인이 좋네요.",
        "SentimentWord": "3",
        "SentimentPolarity": "1"
      },
      {
        "Aspect": "가격",
        "SentimentText": "고성능 제품 저렴한 가격에 잘 사서 좋습니다~~^^",
        "SentimentWord": "7",
        "SentimentPolarity": "1"
      }
    ]
  },
  {
    "Index": "30082",
    "RawText": "쓰던 제품 고장 나서 이 제품으로 바꿨는데 출력이 세서 데우는 속도도 빠르게 느껴집니다. 사이즈 좀 만 더 컸으면 ㅜㅜ",
    "Source": "쇼핑몰",
    "Domain": "가전",
    "MainCategory": "주방가전",
    "ProductName": "LG전자 MW23BD",
    "ReviewScore": "5",
    "Syllable": "66",
    "Word": "19",
    "RDate": "20210808",
    "GeneralPolarity": "0",
    "Aspects": [
      {
        "Aspect": "시간/속도",
        "SentimentText": "출력이 세서 데우는 속도도 빠르게 느껴집니다",
        "SentimentWord": "6",
        "SentimentPolarity": "1"
      },
      {
        "Aspect": "용량",
        "SentimentText": "사이즈 좀 만 더 컸으면 ㅜㅜ ",
        "SentimentWord": "6",
        "SentimentPolarity": "-1"
      }
    ]
  },
  {
    "Index": "30083",
    "RawText": "지인분 추천으로 구매했어요. 근데 문열림 버튼이 없어 당황했어요ㅠㅠ 사용하기 불편한감도 있지만 그럭저럭 만족하고 쓰고 있어요  ",
    "Source": "쇼핑몰",
    "Domain": "가전",
    "MainCategory": "주방가전",
    "ProductName": "LG전자 MW23BD",
    "ReviewScore": "4",
    "Syllable": "71",
    "Word": "15",
    "RDate": "20190302",
    "Aspects": [
      {
        "Aspect": "디자인",
        "SentimentText": "문열림 버튼이 없어 당황했어요ㅠㅠ",
        "SentimentWord": "4",
        "SentimentPolarity": "-1"
      },
      {
        "Aspect": "편의성",
        "SentimentText": "사용하기 불편한감도 있지만 그럭저럭 만족하고 쓰고 있어요",
        "SentimentWord": "7",
        "SentimentPolarity": "0"
      }
    ]
  },
  {
    "Index": "30085",
    "RawText": "사용하는데 불편함 없이 무난하게 쓰고 있습니다. 배송도 그럭저력 받아서 나쁘지 않구요. 가격 대비 나쁘지 않습니다. ",
    "Source": "쇼핑몰",
    "Domain": "가전",
    "MainCategory": "주방가전",
    "ProductName": "LG전자 MW23BD",
    "ReviewScore": "5",
    "Syllable": "65",
    "Word": "15",
    "RDate": "20210220",
    "Aspects": [
      {
        "Aspect": "편의성",
        "SentimentText": "사용하는데 불편함 없이 무난하게 쓰고 있습니다.",
        "SentimentWord": "6",
        "SentimentPolarity": "0"
      },
      {
        "Aspect": "가격",
        "SentimentText": "가격 대비 나쁘지 않습니다.",
        "SentimentWord": "4",
        "SentimentPolarity": "0"
      }
    ]
  },
  {
    "Index": "30086",
    "RawText": "알림도 있고 탈취 기능도 있어 좋네요. 블랙이랑 화이트 중 고민했는데 화이트 색상 살 걸 그랬어요ㅜㅜ",
    "Source": "쇼핑몰",
    "Domain": "가전",
    "MainCategory": "주방가전",
    "ProductName": "LG전자 MW23BD",
    "ReviewScore": "5",
    "Syllable": "56",
    "Word": "15",
    "RDate": "20190409",
    "GeneralPolarity": "0",
    "Aspects": [
      {
        "Aspect": "기능",
        "SentimentText": "알림도 있고 탈취 기능도 있어 좋네요",
        "SentimentWord": "6",
        "SentimentPolarity": "1"
      },
      {
        "Aspect": "색상",
        "SentimentText": "블랙이랑 화이트 중 고민했는데 화이트 색상 살 걸 그랬어요ㅜㅜ",
        "SentimentWord": "9",
        "SentimentPolarity": "-1"
      }
    ]
  },
  {
    "Index": "30087",
    "RawText": "디자인도 깔끔하니 제품은 대체적으로 만족합니다. 그런데 생각보다 작동 소음이 살짝 신경쓰이네요ㅜㅜ",
    "Source": "쇼핑몰",
    "Domain": "가전",
    "MainCategory": "주방가전",
    "ProductName": "LG전자 MW23BD",
    "ReviewScore": "3",
    "Syllable": "54",
    "Word": "11",
    "RDate": "20180810",
    "Aspects": [
      {
        "Aspect": "디자인",
        "SentimentText": "디자인도 깔끔하니 제품은 대체적으로 만족합니다. ",
        "SentimentWord": "5",
        "SentimentPolarity": "1"
      },
      {
        "Aspect": "소음",
        "SentimentText": " 생각보다 작동 소음이 살짝 신경쓰이네요ㅜㅜ",
        "SentimentWord": "5",
        "SentimentPolarity": "-1"
      }
    ]
  },
  {
    "Index": "30088",
    "RawText": "부모님이 사용하기에는  글씨도 작아 사용하기 불편해하세요. 나름 가성비도 좋아 괜찮은데... 아쉽네요",
    "Source": "쇼핑몰",
    "Domain": "가전",
    "MainCategory": "주방가전",
    "ProductName": "LG전자 MW23BD",
    "ReviewScore": "5",
    "Syllable": "56",
    "Word": "11",
    "RDate": "20170226",
    "GeneralPolarity": "0",
    "Aspects": [
      {
        "Aspect": "편의성",
        "SentimentText": "부모님이 사용하기에는  글씨도 작아 사용하기 불편해하세요.",
        "SentimentWord": "6",
        "SentimentPolarity": "-1"
      },
      {
        "Aspect": "가격",
        "SentimentText": "나름 가성비도 좋아 괜찮은데.",
        "SentimentWord": "4",
        "SentimentPolarity": "1"
      }
    ]
  },
  {
    "Index": "30089",
    "RawText": "주문한지 하루만에 배송와서 깜짝놀았어요^^ 고급스러운 올 블랙 색상이라 더 만족합니다. 사이즈가 미니얼한게 예뻐서 오래오래 쓰고 싶네요.",
    "Source": "쇼핑몰",
    "Domain": "가전",
    "MainCategory": "주방가전",
    "ProductName": "LG전자 MW23BD",
    "ReviewScore": "5",
    "Syllable": "76",
    "Word": "16",
    "RDate": "20200513",
    "Aspects": [
      {
        "Aspect": "색상",
        "SentimentText": "고급스러운 올 블랙 색상이라 더 만족합니다.",
        "SentimentWord": "6",
        "SentimentPolarity": "1"
      },
      {
        "Aspect": "사이즈",
        "SentimentText": "사이즈가 미니얼한게 예뻐서 오래오래 쓰고 싶네요. ",
        "SentimentWord": "6",
        "SentimentPolarity": "1"
      }
    ]
  },
  {
    "Index": "30090",
    "RawText": "한참 고민하며 골랐어요. 디자인도 내 마음에 쏙 들게 예쁘구요. 성능까지 좋으니 두배로 만족해요!  000직배송도 아쥬 대 만족!! ",
    "Source": "쇼핑몰",
    "Domain": "가전",
    "MainCategory": "주방가전",
    "ProductName": "LG전자 MW23BD",
    "ReviewScore": "5",
    "Syllable": "74",
    "Word": "17",
    "RDate": "20220716",
    "Aspects": [
      {
        "Aspect": "디자인",
        "SentimentText": "디자인도 내 마음에 쏙 들게 예쁘구요.",
        "SentimentWord": "6",
        "SentimentPolarity": "1"
      },
      {
        "Aspect": "기능",
        "SentimentText": "성능까지 좋으니 두배로 만족해요!",
        "SentimentWord": "4",
        "SentimentPolarity": "1"
      }
    ]
  },
  {
    "Index": "30092",
    "RawText": "가전은 역시 ㅇㅇㅇ 이네요 ^^ 디자인 정말 심플합니다~ 사용하기도 간편해서 좋아요. 해외 저가 상품보다는 비교적 비싸지만 이 제품만에 기능이 있어 비싸도 마음에 듭니다",
    "Source": "쇼핑몰",
    "Domain": "가전",
    "MainCategory": "주방가전",
    "ProductName": "LG전자 MW23BD",
    "ReviewScore": "5",
    "Syllable": "94",
    "Word": "23",
    "RDate": "20180201",
    "GeneralPolarity": "1",
    "Aspects": [
      {
        "Aspect": "제조일/제조사",
        "SentimentText": "가전은 역시 ㅇㅇㅇ 이네요 ^^ ",
        "SentimentWord": "5",
        "SentimentPolarity": "1"
      },
      {
        "Aspect": "디자인",
        "SentimentText": "디자인 정말 심플합니다~ ",
        "SentimentWord": "3",
        "SentimentPolarity": "1"
      },
      {
        "Aspect": "편의성",
        "SentimentText": " 사용하기도 간편해서 좋아요. ",
        "SentimentWord": "3",
        "SentimentPolarity": "1"
      },
      {
        "Aspect": "가격",
        "SentimentText": "해외 저가 상품보다는 비교적 비싸지만 이 제품만에 기능이 있어 비싸도 마음에 듭니다",
        "SentimentWord": "12",
        "SentimentPolarity": "0"
      }
    ]
  },
  {
    "Index": "30093",
    "RawText": "가전하면 000 이죠.. 디자인 깔끔 세련하니 굿!! 성능도 굿!굿! 음식냄새 제거 기능도 매우 마음에 들어요. 만족하며 잘 사용하고 있습니다.",
    "Source": "쇼핑몰",
    "Domain": "가전",
    "MainCategory": "주방가전",
    "ProductName": "LG전자 MW23BD",
    "ReviewScore": "5",
    "Syllable": "80",
    "Word": "19",
    "RDate": "20180816",
    "GeneralPolarity": "1",
    "Aspects": [
      {
        "Aspect": "제조일/제조사",
        "SentimentText": "가전하면 000 이죠.. ",
        "SentimentWord": "3",
        "SentimentPolarity": "1"
      },
      {
        "Aspect": "디자인",
        "SentimentText": "디자인 깔끔 세련하니 굿!!",
        "SentimentWord": "4",
        "SentimentPolarity": "1"
      },
      {
        "Aspect": "기능",
        "SentimentText": "성능도 굿!굿! 음식냄새 제거 기능도 매우 마음에 들어요.",
        "SentimentWord": "8",
        "SentimentPolarity": "1"
      }
    ]
  },
  {
    "Index": "30095",
    "RawText": "심플한 디자인은 예뻐서 만족합니다. 그런데 인버터기능이 음식을 빨리 데워진다고 해서 기대 했는데 실망입니다. 일부러 블랙색상으로 주문했는데 손자국도 많이 나고 불편합니다.",
    "Source": "쇼핑몰",
    "Domain": "가전",
    "MainCategory": "주방가전",
    "ProductName": "LG전자 MW23BD",
    "ReviewScore": "4",
    "Syllable": "95",
    "Word": "20",
    "RDate": "20200224",
    "Aspects": [
      {
        "Aspect": "기능",
        "SentimentText": "인버터기능이 음식을 빨리 데워진다고 해서 기대 했는데 실망입니다.",
        "SentimentWord": "8",
        "SentimentPolarity": "-1"
      },
      {
        "Aspect": "품질",
        "SentimentText": "일부러 블랙색상으로 주문했는데 손자국도 많이 나고 불편합니다.",
        "SentimentWord": "7",
        "SentimentPolarity": "-1"
      },
      {
        "Aspect": "디자인",
        "SentimentText": "심플한 디자인은 예뻐서 만족합니다.",
        "SentimentWord": "4",
        "SentimentPolarity": "1"
      }
    ]
  },
  {
    "Index": "30096",
    "RawText": "바쁜 아침준비에 데움기능을 써봤는데 대박입니다.  디자인도 예뻐서 좋고, 가격 대비 좋은제품 구입해서 기분이 좋습니다. 잘 쓸께요~~~  ",
    "Source": "쇼핑몰",
    "Domain": "가전",
    "MainCategory": "주방가전",
    "ProductName": "LG전자 MW23BD",
    "ReviewScore": "5",
    "Syllable": "77",
    "Word": "16",
    "RDate": "20180502",
    "GeneralPolarity": "1",
    "Aspects": [
      {
        "Aspect": "기능",
        "SentimentText": "데움기능을 써봤는데 대박입니다.",
        "SentimentWord": "3",
        "SentimentPolarity": "1"
      },
      {
        "Aspect": "디자인",
        "SentimentText": "디자인도 예뻐서 좋고",
        "SentimentWord": "3",
        "SentimentPolarity": "1"
      },
      {
        "Aspect": "가격",
        "SentimentText": "가격 대비 좋은제품 구입해서 기분이 좋습니다. 잘 쓸께요~~~",
        "SentimentWord": "8",
        "SentimentPolarity": "1"
      }
    ]
  },
  {
    "Index": "30097",
    "RawText": "전자레인지 바꾸니 좋아요. 알림기능 있어 조리가 끝나고 음식을 안 꺼내면 계속 알림으로 알려줘서 편해요.  용량이 좀 아쉽습니다.",
    "Source": "쇼핑몰",
    "Domain": "가전",
    "MainCategory": "주방가전",
    "ProductName": "LG전자 MW23BD",
    "ReviewScore": "5",
    "Syllable": "72",
    "Word": "17",
    "RDate": "20210118",
    "GeneralPolarity": "0",
    "Aspects": [
      {
        "Aspect": "기능",
        "SentimentText": "알림기능 있어 조리가 끝나고 음식을 안 꺼내면 계속 알림으로 알려줘서 편해요",
        "SentimentWord": "11",
        "SentimentPolarity": "1"
      },
      {
        "Aspect": "용량",
        "SentimentText": "용량이 좀 아쉽습니다. ",
        "SentimentWord": "3",
        "SentimentPolarity": "-1"
      }
    ]
  },
  {
    "Index": "30098",
    "RawText": "디자인은  올블랙 스타일 이라서 너무 이쁘네요.  가격도 저렴해서 만족스럽네요!",
    "Source": "쇼핑몰",
    "Domain": "가전",
    "MainCategory": "주방가전",
    "ProductName": "LG전자 MW23BD",
    "ReviewScore": "5",
    "Syllable": "44",
    "Word": "9",
    "RDate": "20220605",
    "Aspects": [
      {
        "Aspect": "디자인",
        "SentimentText": "디자인은  올블랙 스타일 이라서 너무 이쁘네요. ",
        "SentimentWord": "6",
        "SentimentPolarity": "1"
      },
      {
        "Aspect": "가격",
        "SentimentText": " 가격도 저렴해서 만족스럽네요!",
        "SentimentWord": "3",
        "SentimentPolarity": "1"
      }
    ]
  },
  {
    "Index": "30099",
    "RawText": "처음으로 가전을 구매 해보았습니다. 아내가 심플하고 스마트한 디자인이 마음에 든다고 합니다. 후회하실이 절대 없으실겁니다. 가격대비 쵝오!!*^.^*",
    "Source": "쇼핑몰",
    "Domain": "가전",
    "MainCategory": "주방가전",
    "ProductName": "LG전자 MW23BD",
    "ReviewScore": "5",
    "Syllable": "83",
    "Word": "16",
    "RDate": "20180627",
    "GeneralPolarity": "1",
    "Aspects": [
      {
        "Aspect": "디자인",
        "SentimentText": "심플하고 스마트한 디자인이 마음에 든다고 합니다. ",
        "SentimentWord": "6",
        "SentimentPolarity": "1"
      },
      {
        "Aspect": "가격",
        "SentimentText": "가격대비 쵝오!!*^.^*",
        "SentimentWord": "2",
        "SentimentPolarity": "1"
      }
    ]
  },
  {
    "Index": "30100",
    "RawText": "출력 기능을 단계별로 할 수 있어서 너무 만족합니다~ 색상도 블랙이라서 너무 세련되고 좋아요!",
    "Source": "쇼핑몰",
    "Domain": "가전",
    "MainCategory": "주방가전",
    "ProductName": "LG전자 MW23BD",
    "ReviewScore": "5",
    "Syllable": "52",
    "Word": "13",
    "RDate": "20201213",
    "GeneralPolarity": "1",
    "Aspects": [
      {
        "Aspect": "기능",
        "SentimentText": "출력 기능을 단계별로 할 수 있어서 너무 만족합니다~",
        "SentimentWord": "8",
        "SentimentPolarity": "1"
      },
      {
        "Aspect": "색상",
        "SentimentText": "색상도 블랙이라서 너무 세련되고 좋아요!",
        "SentimentWord": "5",
        "SentimentPolarity": "1"
      }
    ]
  },
  {
    "Index": "30101",
    "RawText": "가격은 저렴하진 않네요.. 아쉬워요. 출력 기능이 있어서 마음에 듭니다.",
    "Source": "쇼핑몰",
    "Domain": "가전",
    "MainCategory": "주방가전",
    "ProductName": "LG전자 MW23BD",
    "ReviewScore": "3",
    "Syllable": "40",
    "Word": "9",
    "RDate": "20170919",
    "GeneralPolarity": "0",
    "Aspects": [
      {
        "Aspect": "가격",
        "SentimentText": "가격은 저렴하진 않네요.. 아쉬워요.",
        "SentimentWord": "4",
        "SentimentPolarity": "-1"
      },
      {
        "Aspect": "기능",
        "SentimentText": "출력 기능이 있어서 마음에 듭니다.",
        "SentimentWord": "5",
        "SentimentPolarity": "1"
      }
    ]
  },
  {
    "Index": "30102",
    "RawText": "배송은 신속하게 와서 마음에 듭니다. 그런데 가격이 이랬다가 저랬다가 왜 이럽니까? 열받네요. 그래도 튀김, 발효, 스팀, 해동 등 다양한 기능이 있어서 만족합니다 ",
    "Source": "쇼핑몰",
    "Domain": "가전",
    "MainCategory": "주방가전",
    "ProductName": "LG전자 MW23BD",
    "ReviewScore": "5",
    "Syllable": "92",
    "Word": "22",
    "RDate": "20201206",
    "GeneralPolarity": "0",
    "Aspects": [
      {
        "Aspect": "가격",
        "SentimentText": "가격이 이랬다가 저랬다가 왜 이럽니까? 열받네요.",
        "SentimentWord": "6",
        "SentimentPolarity": "-1"
      },
      {
        "Aspect": "기능",
        "SentimentText": "그래도 튀김, 발효, 스팀, 해동 등 다양한 기능이 있어서 만족합니다",
        "SentimentWord": "10",
        "SentimentPolarity": "1"
      }
    ]
  },
  {
    "Index": "30104",
    "RawText": "포장이 꼼꼼하게 되서 상품에 이상이 없어 좋네요. 배송도 완전 빠르고 만족입니다. 작동할때마다 들리는 소리가 거슬리네요. 사이즈가 작으니 안정감이 떨어져요.",
    "Source": "쇼핑몰",
    "Domain": "가전",
    "MainCategory": "주방가전",
    "ProductName": "LG전자 MW23BD",
    "ReviewScore": "4",
    "Syllable": "87",
    "Word": "19",
    "RDate": "20190712",
    "Aspects": [
      {
        "Aspect": "소음",
        "SentimentText": "작동할때마다 들리는 소리가 거슬리네요.",
        "SentimentWord": "4",
        "SentimentPolarity": "-1"
      },
      {
        "Aspect": "사이즈",
        "SentimentText": "사이즈가 작으니 안정감이 떨어져요.",
        "SentimentWord": "4",
        "SentimentPolarity": "-1"
      }
    ]
  },
  {
    "Index": "30105",
    "RawText": "색상이 올 블랙이라 세련되고 너무 만족합니다. 금방 해동되고 빨리 데워지니 성능 최고예요!!",
    "Source": "쇼핑몰",
    "Domain": "가전",
    "MainCategory": "주방가전",
    "ProductName": "LG전자 MW23BD",
    "ReviewScore": "4",
    "Syllable": "51",
    "Word": "12",
    "RDate": "20210101",
    "Aspects": [
      {
        "Aspect": "색상",
        "SentimentText": "색상이 올 블랙이라 세련되고 너무 만족합니다.",
        "SentimentWord": "6",
        "SentimentPolarity": "1"
      },
      {
        "Aspect": "기능",
        "SentimentText": "금방 해동되고 빨리 데워지니 성능 최고예요!!",
        "SentimentWord": "6",
        "SentimentPolarity": "1"
      }
    ]
  },
  {
    "Index": "30106",
    "RawText": "고무 타는 냄새가 나는데 소재에 문제가 있는 거 같아서 별로네요;; 용량도 작아서 큰 그릇 돌리기 어려워요.. 비추입니다",
    "Source": "쇼핑몰",
    "Domain": "가전",
    "MainCategory": "주방가전",
    "ProductName": "LG전자 MW23BD",
    "ReviewScore": "5",
    "Syllable": "67",
    "Word": "17",
    "RDate": "20210511",
    "GeneralPolarity": "-1",
    "Aspects": [
      {
        "Aspect": "소재",
        "SentimentText": "고무 타는 냄새가 나는데 소재에 문제가 있는 거 같아서 별로네요;; ",
        "SentimentWord": "10",
        "SentimentPolarity": "-1"
      },
      {
        "Aspect": "용량",
        "SentimentText": "용량도 작아서 큰 그릇 돌리기 어려워요.. 비추입니다",
        "SentimentWord": "7",
        "SentimentPolarity": "-1"
      }
    ]
  },
  {
    "Index": "30108",
    "RawText": "소음이 없어서 일단 좋습니다. 그런데 전선줄이 왜이렇게 짧은거에요..;; 별로에요",
    "Source": "쇼핑몰",
    "Domain": "가전",
    "MainCategory": "주방가전",
    "ProductName": "LG전자 MW23BD",
    "ReviewScore": "5",
    "Syllable": "45",
    "Word": "9",
    "RDate": "20220306",
    "GeneralPolarity": "0",
    "Aspects": [
      {
        "Aspect": "소음",
        "SentimentText": "소음이 없어서 일단 좋습니다.",
        "SentimentWord": "4",
        "SentimentPolarity": "1"
      },
      {
        "Aspect": "사이즈",
        "SentimentText": "전선줄이 왜이렇게 짧은거에요..;; 별로에요 ",
        "SentimentWord": "4",
        "SentimentPolarity": "-1"
      }
    ]
  },
  {
    "Index": "30109",
    "RawText": "출력 기능이 높아서 음식이 빨리 데워져 좋아요. 무게도 많이 가벼워서 만족합니다~",
    "Source": "쇼핑몰",
    "Domain": "가전",
    "MainCategory": "주방가전",
    "ProductName": "LG전자 MW23BD",
    "ReviewScore": "5",
    "Syllable": "45",
    "Word": "11",
    "RDate": "20210114",
    "GeneralPolarity": "1",
    "Aspects": [
      {
        "Aspect": "기능",
        "SentimentText": "출력 기능이 높아서 음식이 빨리 데워져 좋아요. ",
        "SentimentWord": "7",
        "SentimentPolarity": "1"
      },
      {
        "Aspect": "무게",
        "SentimentText": "무게도 많이 가벼워서 만족합니다~",
        "SentimentWord": "4",
        "SentimentPolarity": "1"
      }
    ]
  },
  {
    "Index": "30111",
    "RawText": "디자인 완전 예뻐요 마음에 꼭 드네요~ 렌지 돌릴때 소음이 조금 있어서 아쉬워요~",
    "Source": "쇼핑몰",
    "Domain": "가전",
    "MainCategory": "주방가전",
    "ProductName": "LG전자 MW23BD",
    "ReviewScore": "5",
    "Syllable": "45",
    "Word": "12",
    "RDate": "20181025",
    "GeneralPolarity": "0",
    "Aspects": [
      {
        "Aspect": "디자인",
        "SentimentText": "디자인 완전 예뻐요 마음에 꼭 드네요~",
        "SentimentWord": "6",
        "SentimentPolarity": "1"
      },
      {
        "Aspect": "소음",
        "SentimentText": "렌지 돌릴때 소음이 조금 있어서 아쉬워요~",
        "SentimentWord": "6",
        "SentimentPolarity": "-1"
      }
    ]
  },
  {
    "Index": "30112",
    "RawText": "배송 응대 진짜 최악입니다. 불친절의 끝판왕이네요. 제품은 튼튼하고 좋아서 마음에 듭니다. 여기저기 발품팔아서 상당히 저렴하게 구입해서 만족해요.",
    "Source": "쇼핑몰",
    "Domain": "가전",
    "MainCategory": "주방가전",
    "ProductName": "LG전자 MW23BD",
    "ReviewScore": "4",
    "Syllable": "81",
    "Word": "17",
    "RDate": "20210330",
    "GeneralPolarity": "1",
    "Aspects": [
      {
        "Aspect": "내구성",
        "SentimentText": "제품은 튼튼하고 좋아서 마음에 듭니다.",
        "SentimentWord": "5",
        "SentimentPolarity": "1"
      },
      {
        "Aspect": "가격",
        "SentimentText": "여기저기 발품팔아서 상당히 저렴하게 구입해서 만족해요.",
        "SentimentWord": "6",
        "SentimentPolarity": "1"
      }
    ]
  },
  {
    "Index": "30113",
    "RawText": "역시 전자제품은 ooo!! 입니다 만족해요~ 디자인 너무 예쁘고 세련되서 굿입니다. 성능도 이정도면 아주 훌륭합니다 굿",
    "Source": "쇼핑몰",
    "Domain": "가전",
    "MainCategory": "주방가전",
    "ProductName": "LG전자 MW23BD",
    "ReviewScore": "5",
    "Syllable": "66",
    "Word": "15",
    "RDate": "20201201",
    "GeneralPolarity": "1",
    "Aspects": [
      {
        "Aspect": "제조일/제조사",
        "SentimentText": "역시 전자제품은 ooo!! 입니다 만족해요~",
        "SentimentWord": "5",
        "SentimentPolarity": "1"
      },
      {
        "Aspect": "디자인",
        "SentimentText": "디자인 너무 예쁘고 세련되서 굿입니다.",
        "SentimentWord": "5",
        "SentimentPolarity": "1"
      },
      {
        "Aspect": "기능",
        "SentimentText": "성능도 이정도면 아주 훌륭합니다 굿",
        "SentimentWord": "5",
        "SentimentPolarity": "1"
      }
    ]
  },
  {
    "Index": "30114",
    "RawText": "버튼이 터치 식이라 사용법도 간단하고 너무 좋네요. 용량은 생각보다 작아서 아쉽네요...",
    "Source": "쇼핑몰",
    "Domain": "가전",
    "MainCategory": "주방가전",
    "ProductName": "LG전자 MW23BD",
    "ReviewScore": "4",
    "Syllable": "49",
    "Word": "11",
    "RDate": "20210106",
    "Aspects": [
      {
        "Aspect": "조작성",
        "SentimentText": "버튼이 터치 식이라 사용법도 간단하고 너무 좋네요. ",
        "SentimentWord": "7",
        "SentimentPolarity": "1"
      },
      {
        "Aspect": "용량",
        "SentimentText": "용량은 생각보다 작아서 아쉽네요...",
        "SentimentWord": "4",
        "SentimentPolarity": "-1"
      }
    ]
  },
  {
    "Index": "30115",
    "RawText": "배송 온 상품 별 탈 없이 작동 잘 해서 다행입니다.  생산날짜 확인 해 보니 한달 전 신상 제품이라서 더 좋아요",
    "Source": "쇼핑몰",
    "Domain": "가전",
    "MainCategory": "주방가전",
    "ProductName": "LG전자 MW23BD",
    "ReviewScore": "5",
    "Syllable": "63",
    "Word": "20",
    "RDate": "20211027",
    "GeneralPolarity": "1",
    "Aspects": [
      {
        "Aspect": "품질",
        "SentimentText": "배송 온 상품 별 탈 없이 작동 잘 해서 다행입니다. ",
        "SentimentWord": "10",
        "SentimentPolarity": "1"
      },
      {
        "Aspect": "제조일/제조사",
        "SentimentText": " 생산날짜 확인 해 보니 한달 전 신상 제품이라서 더 좋아요 ",
        "SentimentWord": "10",
        "SentimentPolarity": "1"
      }
    ]
  },
  {
    "Index": "30117",
    "RawText": "제품 성능 만족합니다.  다만 23리터라 용량 걱정은 안했는데 생각보다 작은듯해서 별로예요.",
    "Source": "쇼핑몰",
    "Domain": "가전",
    "MainCategory": "주방가전",
    "ProductName": "LG전자 MW23BD",
    "ReviewScore": "4",
    "Syllable": "51",
    "Word": "11",
    "RDate": "20190106",
    "Aspects": [
      {
        "Aspect": "기능",
        "SentimentText": "제품 성능 만족합니다. ",
        "SentimentWord": "3",
        "SentimentPolarity": "1"
      },
      {
        "Aspect": "용량",
        "SentimentText": "다만 23리터라 용량 걱정은 안했는데 생각보다 작은듯해서 별로예요.",
        "SentimentWord": "8",
        "SentimentPolarity": "-1"
      }
    ]
  },
  {
    "Index": "30118",
    "RawText": "가격이 좀 비싼것 같아요. 인버터 기능이 있어 그런대로 만족해요",
    "Source": "쇼핑몰",
    "Domain": "가전",
    "MainCategory": "주방가전",
    "ProductName": "LG전자 MW23BD",
    "ReviewScore": "4",
    "Syllable": "35",
    "Word": "9",
    "RDate": "20211106",
    "GeneralPolarity": "0",
    "Aspects": [
      {
        "Aspect": "가격",
        "SentimentText": "가격이 좀 비싼것 같아요.",
        "SentimentWord": "4",
        "SentimentPolarity": "-1"
      },
      {
        "Aspect": "기능",
        "SentimentText": "인버터 기능이 있어 그런대로 만족해요  ",
        "SentimentWord": "5",
        "SentimentPolarity": "0"
      }
    ]
  },
  {
    "Index": "30120",
    "RawText": "컬러감이 올 블랙이라 세련되고 마음에 듭니다. 품질이 튼튼해서 문 여닫는데도 좋네요",
    "Source": "쇼핑몰",
    "Domain": "가전",
    "MainCategory": "주방가전",
    "ProductName": "LG전자 MW23BD",
    "ReviewScore": "5",
    "Syllable": "46",
    "Word": "11",
    "RDate": "20200221",
    "GeneralPolarity": "1",
    "Aspects": [
      {
        "Aspect": "색상",
        "SentimentText": "컬러감이 올 블랙이라 세련되고 마음에 듭니다. ",
        "SentimentWord": "6",
        "SentimentPolarity": "1"
      },
      {
        "Aspect": "품질",
        "SentimentText": "품질이 튼튼해서 문 여닫는데도 좋네요",
        "SentimentWord": "5",
        "SentimentPolarity": "1"
      }
    ]
  },
  {
    "Index": "30121",
    "RawText": "저렴한 상품들과 비교했을 때 가격적으로 가성비는 좋네요~~  디자인도 이뻐서 샀어요",
    "Source": "쇼핑몰",
    "Domain": "가전",
    "MainCategory": "주방가전",
    "ProductName": "LG전자 MW23BD",
    "ReviewScore": "5",
    "Syllable": "46",
    "Word": "10",
    "RDate": "20181128",
    "Aspects": [
      {
        "Aspect": "가격",
        "SentimentText": "저렴한 상품들과 비교했을 때 가격적으로 가성비는 좋네요~~ ",
        "SentimentWord": "7",
        "SentimentPolarity": "1"
      },
      {
        "Aspect": "디자인",
        "SentimentText": "디자인도 이뻐서 샀어요",
        "SentimentWord": "3",
        "SentimentPolarity": "1"
      }
    ]
  },
  {
    "Index": "30123",
    "RawText": "블랙색상이라 제품에 지문 자국이 남아서 지저분해요ㅠ  가격은 다른 곳 보다 저렴하게 구매해서 좋습니다.",
    "Source": "쇼핑몰",
    "Domain": "가전",
    "MainCategory": "주방가전",
    "ProductName": "LG전자 MW23BD",
    "ReviewScore": "5",
    "Syllable": "57",
    "Word": "13",
    "RDate": "20220309",
    "Aspects": [
      {
        "Aspect": "색상",
        "SentimentText": "블랙색상이라 제품에 지문 자국이 남아서 지저분해요ㅠ ",
        "SentimentWord": "6",
        "SentimentPolarity": "-1"
      },
      {
        "Aspect": "가격",
        "SentimentText": "가격은 다른 곳 보다 저렴하게 구매해서 좋습니다.",
        "SentimentWord": "7",
        "SentimentPolarity": "1"
      }
    ]
  },
  {
    "Index": "30124",
    "RawText": "주문 후 다음날 바로 배송이 왔어요^^ 한번 사용해 보니 성능 아주 좋네요~ 무게감은 있어  좀 무겁지만  내구성이 튼튼 한 것 같아요 ^^",
    "Source": "쇼핑몰",
    "Domain": "가전",
    "MainCategory": "주방가전",
    "ProductName": "LG전자 MW23BD",
    "ReviewScore": "5",
    "Syllable": "78",
    "Word": "22",
    "RDate": "20181222",
    "Aspects": [
      {
        "Aspect": "기능",
        "SentimentText": "한번 사용해 보니 성능 아주 좋네요~ ",
        "SentimentWord": "6",
        "SentimentPolarity": "1"
      },
      {
        "Aspect": "무게",
        "SentimentText": "무게감은 있어  좀 무겁지만 ",
        "SentimentWord": "4",
        "SentimentPolarity": "1"
      },
      {
        "Aspect": "내구성",
        "SentimentText": "내구성이 튼튼 한 것 같아요 ^^  ",
        "SentimentWord": "6",
        "SentimentPolarity": "1"
      }
    ]
  },
  {
    "Index": "30125",
    "RawText": "역시 제품은 ooo ~ 믿고 살 수 있고 좋습니다. 아쉬운 건 조리 끝나고 소리가 너무 커서 깜짝 놀래요;;",
    "Source": "쇼핑몰",
    "Domain": "가전",
    "MainCategory": "주방가전",
    "ProductName": "LG전자 MW23BD",
    "ReviewScore": "5",
    "Syllable": "60",
    "Word": "18",
    "RDate": "20170314",
    "GeneralPolarity": "0",
    "Aspects": [
      {
        "Aspect": "제조일/제조사",
        "SentimentText": "역시 제품은 ooo ~ 믿고 살 수 있고 좋습니다.",
        "SentimentWord": "9",
        "SentimentPolarity": "1"
      },
      {
        "Aspect": "소음",
        "SentimentText": "아쉬운 건 조리 끝나고 소리가 너무 커서 깜짝 놀래요;;",
        "SentimentWord": "9",
        "SentimentPolarity": "-1"
      }
    ]
  },
  {
    "Index": "30128",
    "RawText": "다른 곳 보다 저렴하게 잘 사서 기분이 좋습니다~ 포장도 아주 꼼꼼하게 잘 되어 있어서 굿 배송도 빨라서 굿입니다~ 절전기능이 있다고 안심했는데 전기세 폭탄맞았네요.ㅠㅠ",
    "Source": "쇼핑몰",
    "Domain": "가전",
    "MainCategory": "주방가전",
    "ProductName": "LG전자 MW23BD",
    "ReviewScore": "5",
    "Syllable": "94",
    "Word": "23",
    "RDate": "20171207",
    "Aspects": [
      {
        "Aspect": "가격",
        "SentimentText": "다른 곳 보다 저렴하게 잘 사서 기분이 좋습니다~",
        "SentimentWord": "8",
        "SentimentPolarity": "1"
      },
      {
        "Aspect": "소비전력",
        "SentimentText": "절전기능이 있다고 안심했는데 전기세 폭탄맞았네요.ㅠㅠ",
        "SentimentWord": "5",
        "SentimentPolarity": "-1"
      }
    ]
  },
  {
    "Index": "30130",
    "RawText": "배송이 신속하게 와서 마음에 듭니다! 성능도 아주 좋아서 음식이 빨리 데워집니다~ 디자인도 아주 예쁘고 흠잡을 데가 없네요 굿입니다",
    "Source": "쇼핑몰",
    "Domain": "가전",
    "MainCategory": "주방가전",
    "ProductName": "LG전자 MW23BD",
    "ReviewScore": "5",
    "Syllable": "73",
    "Word": "18",
    "RDate": "20211004",
    "Aspects": [
      {
        "Aspect": "기능",
        "SentimentText": "성능도 아주 좋아서 음식이 빨리 데워집니다~",
        "SentimentWord": "6",
        "SentimentPolarity": "1"
      },
      {
        "Aspect": "디자인",
        "SentimentText": "디자인도 아주 예쁘고 흠잡을 데가 없네요 굿입니다",
        "SentimentWord": "7",
        "SentimentPolarity": "1"
      }
    ]
  },
  {
    "Index": "30131",
    "RawText": "사이즈가 아담해서 귀여워서 마음에 듭니다. 출력 기능이 좋아서 빨리 데워져서 굿이네요",
    "Source": "쇼핑몰",
    "Domain": "가전",
    "MainCategory": "주방가전",
    "ProductName": "LG전자 MW23GD 일반구매",
    "ReviewScore": "5",
    "Syllable": "47",
    "Word": "11",
    "RDate": "20201217",
    "GeneralPolarity": "1",
    "Aspects": [
      {
        "Aspect": "디자인",
        "SentimentText": "사이즈가 아담해서 귀여워서 마음에 듭니다.",
        "SentimentWord": "5",
        "SentimentPolarity": "1"
      },
      {
        "Aspect": "기능",
        "SentimentText": "출력 기능이 좋아서 빨리 데워져서 굿이네요",
        "SentimentWord": "6",
        "SentimentPolarity": "1"
      }
    ]
  },
  {
    "Index": "30132",
    "RawText": "전자레인지 품질이 아주 고퀄리티에요~ 굿입니다.  성능도 훌륭해서 아주 마음에 듭니다 최고 ~",
    "Source": "쇼핑몰",
    "Domain": "가전",
    "MainCategory": "주방가전",
    "ProductName": "LG전자 MW23GD 일반구매",
    "ReviewScore": "5",
    "Syllable": "52",
    "Word": "12",
    "RDate": "20220316",
    "Aspects": [
      {
        "Aspect": "품질",
        "SentimentText": "전자레인지 품질이 아주 고퀄리티에요~ 굿입니다.",
        "SentimentWord": "5",
        "SentimentPolarity": "1"
      },
      {
        "Aspect": "기능",
        "SentimentText": "성능도 훌륭해서 아주 마음에 듭니다 최고 ~",
        "SentimentWord": "7",
        "SentimentPolarity": "1"
      }
    ]
  },
  {
    "Index": "30133",
    "RawText": "포장은 꼼꼼하게 돼서 좋습니다. 그런데 꼭두새벽에 전자 제품을 배송해 주는 곳도 있나요? 진짜 최악입니다. 출력이 약해서 그런가요? 해동이나 음식물 데우는거가 잘 안되네요. 내부용량이 작아서 편의점 도시락 한번에 못돌리고 있어요ㅠㅠ",
    "Source": "쇼핑몰",
    "Domain": "가전",
    "MainCategory": "주방가전",
    "ProductName": "LG전자 MW23GD 일반구매",
    "ReviewScore": "5",
    "Syllable": "129",
    "Word": "29",
    "RDate": "20201118",
    "Aspects": [
      {
        "Aspect": "기능",
        "SentimentText": "출력이 약해서 그런가요? 해동이나 음식물 데우는거가 잘 안되네요.",
        "SentimentWord": "8",
        "SentimentPolarity": "-1"
      },
      {
        "Aspect": "용량",
        "SentimentText": "내부용량이 작아서 편의점 도시락 한번에 못돌리고 있어요ㅠㅠ",
        "SentimentWord": "7",
        "SentimentPolarity": "-1"
      }
    ]
  },
  {
    "Index": "30135",
    "RawText": "디자인이 너무 이쁘고 세련되서 마음에 듭니다. 가열 기능도 좋아서 음식이 빨리 익어요 굿입니다.",
    "Source": "쇼핑몰",
    "Domain": "가전",
    "MainCategory": "주방가전",
    "ProductName": "LG전자 MW23GD 일반구매",
    "ReviewScore": "5",
    "Syllable": "53",
    "Word": "13",
    "RDate": "20220828",
    "GeneralPolarity": "1",
    "Aspects": [
      {
        "Aspect": "디자인",
        "SentimentText": "디자인이 너무 이쁘고 세련되서 마음에 듭니다.",
        "SentimentWord": "6",
        "SentimentPolarity": "1"
      },
      {
        "Aspect": "기능",
        "SentimentText": "가열 기능도 좋아서 음식이 빨리 익어요 굿입니다.",
        "SentimentWord": "7",
        "SentimentPolarity": "1"
      }
    ]
  },
  {
    "Index": "30136",
    "RawText": "10년 사용 한 제품에서 바꿨는데 구매한 제품이 훨씬 디자인이 고급스러워요 ^^ 음식도 빠르게 데워지네요~ 너무 좋아요",
    "Source": "쇼핑몰",
    "Domain": "가전",
    "MainCategory": "주방가전",
    "ProductName": "LG전자 MW23GD 일반구매",
    "ReviewScore": "5",
    "Syllable": "66",
    "Word": "16",
    "RDate": "20201029",
    "GeneralPolarity": "1",
    "Aspects": [
      {
        "Aspect": "디자인",
        "SentimentText": " 구매한 제품이 훨씬 디자인이 고급스러워요 ^^",
        "SentimentWord": "6",
        "SentimentPolarity": "1"
      },
      {
        "Aspect": "시간/속도",
        "SentimentText": "음식도 빠르게 데워지네요~ 너무 좋아요",
        "SentimentWord": "5",
        "SentimentPolarity": "1"
      }
    ]
  },
  {
    "Index": "30137",
    "RawText": "색상은 마음에 쏙 들어요. 다만, 작동시 버튼누름 소리와 작동후 멜로디 소리가 커서 안좋네요ㅠㅠ",
    "Source": "쇼핑몰",
    "Domain": "가전",
    "MainCategory": "주방가전",
    "ProductName": "LG전자 MW23GD 일반구매",
    "ReviewScore": "5",
    "Syllable": "53",
    "Word": "13",
    "RDate": "20210305",
    "Aspects": [
      {
        "Aspect": "색상",
        "SentimentText": "색상은 마음에 쏙 들어요.",
        "SentimentWord": "4",
        "SentimentPolarity": "1"
      },
      {
        "Aspect": "소음",
        "SentimentText": " 다만, 작동시 버튼누름 소리와 작동후 멜로디 소리가 커서 안좋네요ㅠㅠ",
        "SentimentWord": "9",
        "SentimentPolarity": "-1"
      }
    ]
  },
  {
    "Index": "30143",
    "RawText": "용량이 너무 작아서 아쉽습니다.. 가격도 다른 사이트보다는 저렴하게 잘 산 거 같습니다.",
    "Source": "쇼핑몰",
    "Domain": "가전",
    "MainCategory": "주방가전",
    "ProductName": "LG전자 MW23GD 일반구매",
    "ReviewScore": "5",
    "Syllable": "49",
    "Word": "12",
    "RDate": "20220815",
    "GeneralPolarity": "0",
    "Aspects": [
      {
        "Aspect": "용량",
        "SentimentText": "용량이 너무 작아서 아쉽습니다.. ",
        "SentimentWord": "4",
        "SentimentPolarity": "-1"
      },
      {
        "Aspect": "가격",
        "SentimentText": "가격도 다른 사이트보다는 저렴하게 잘 산 거 같습니다.",
        "SentimentWord": "8",
        "SentimentPolarity": "1"
      }
    ]
  },
  {
    "Index": "30144",
    "RawText": "오래 쓸 생각에  비싸게 주고 샀는데 가성비 좋네요! 성능이 좋아 충분히 제 값하는 제품입니다.",
    "Source": "쇼핑몰",
    "Domain": "가전",
    "MainCategory": "주방가전",
    "ProductName": "LG전자 MW23GD 일반구매",
    "ReviewScore": "5",
    "Syllable": "53",
    "Word": "14",
    "RDate": "20201222",
    "GeneralPolarity": "1",
    "Aspects": [
      {
        "Aspect": "가격",
        "SentimentText": "오래 쓸 생각에  비싸게 주고 샀는데 가성비 좋네요!",
        "SentimentWord": "8",
        "SentimentPolarity": "1"
      },
      {
        "Aspect": "기능",
        "SentimentText": "성능이 좋아 충분히 제 값하는 제품입니다. ",
        "SentimentWord": "6",
        "SentimentPolarity": "1"
      }
    ]
  },
  {
    "Index": "30145",
    "RawText": "품질 완전 마음에 듭니다 튼튼해요~ 디자인도 예쁘고 주방이랑 잘 어울려서 만족해요~! 배송은 조금 느려서 아쉽습니다.",
    "Source": "쇼핑몰",
    "Domain": "가전",
    "MainCategory": "주방가전",
    "ProductName": "LG전자 MW23GD 일반구매",
    "ReviewScore": "5",
    "Syllable": "65",
    "Word": "15",
    "RDate": "20201219",
    "Aspects": [
      {
        "Aspect": "품질",
        "SentimentText": "품질 완전 마음에 듭니다 튼튼해요~ ",
        "SentimentWord": "5",
        "SentimentPolarity": "1"
      },
      {
        "Aspect": "디자인",
        "SentimentText": "디자인도 예쁘고 주방이랑 잘 어울려서 만족해요~!",
        "SentimentWord": "6",
        "SentimentPolarity": "1"
      }
    ]
  },
  {
    "Index": "30147",
    "RawText": "외관이 깔끔하고 이뻐서 마음에 듭니다. 작동 법은 생각보다 외워야 할게 많아서 아쉽네요 ㅠ",
    "Source": "쇼핑몰",
    "Domain": "가전",
    "MainCategory": "주방가전",
    "ProductName": "LG전자 MW23GD 일반구매",
    "ReviewScore": "5",
    "Syllable": "50",
    "Word": "13",
    "RDate": "20210506",
    "GeneralPolarity": "0",
    "Aspects": [
      {
        "Aspect": "디자인",
        "SentimentText": "외관이 깔끔하고 이뻐서 마음에 듭니다. ",
        "SentimentWord": "5",
        "SentimentPolarity": "1"
      },
      {
        "Aspect": "조작성",
        "SentimentText": "작동 법은 생각보다 외워야 할게 많아서 아쉽네요 ㅠ",
        "SentimentWord": "8",
        "SentimentPolarity": "-1"
      }
    ]
  },
  {
    "Index": "30149",
    "RawText": "디자인 깔끔해서 아주 마음에 듭니다. 기능도 많이 없어서 쓰기 편합니다~",
    "Source": "쇼핑몰",
    "Domain": "가전",
    "MainCategory": "주방가전",
    "ProductName": "LG전자 MW23GD 일반구매",
    "ReviewScore": "4",
    "Syllable": "40",
    "Word": "10",
    "RDate": "20211108",
    "GeneralPolarity": "1",
    "Aspects": [
      {
        "Aspect": "디자인",
        "SentimentText": "디자인 깔끔해서 아주 마음에 듭니다.",
        "SentimentWord": "5",
        "SentimentPolarity": "1"
      },
      {
        "Aspect": "기능",
        "SentimentText": "기능도 많이 없어서 쓰기 편합니다~",
        "SentimentWord": "5",
        "SentimentPolarity": "1"
      }
    ]
  },
  {
    "Index": "30150",
    "RawText": "색상 완전 제 스타일~ 마음에 쏙 들어요. 아쉬운건 내부가 너무 좁아서 큰 음식은 못 데워요..",
    "Source": "쇼핑몰",
    "Domain": "가전",
    "MainCategory": "주방가전",
    "ProductName": "LG전자 MW23GD 일반구매",
    "ReviewScore": "5",
    "Syllable": "53",
    "Word": "15",
    "RDate": "20210114",
    "GeneralPolarity": "0",
    "Aspects": [
      {
        "Aspect": "색상",
        "SentimentText": "색상 완전 제 스타일~ 마음에 쏙 들어요.",
        "SentimentWord": "7",
        "SentimentPolarity": "1"
      },
      {
        "Aspect": "용량",
        "SentimentText": "아쉬운건 내부가 너무 좁아서 큰 음식은 못 데워요..",
        "SentimentWord": "8",
        "SentimentPolarity": "-1"
      }
    ]
  },
  {
    "Index": "30151",
    "RawText": "내부가 너무 작아서 큰 그릇은 못 넣어서 아쉽네요. 디자인은 심플하고 세련되서 맘에 듭니다^^",
    "Source": "쇼핑몰",
    "Domain": "가전",
    "MainCategory": "주방가전",
    "ProductName": "LG전자 MW23GD 일반구매",
    "ReviewScore": "5",
    "Syllable": "52",
    "Word": "13",
    "RDate": "20210115",
    "Aspects": [
      {
        "Aspect": "용량",
        "SentimentText": "내부가 너무 작아서 큰 그릇은 못 넣어서 아쉽네요.",
        "SentimentWord": "8",
        "SentimentPolarity": "-1"
      },
      {
        "Aspect": "디자인",
        "SentimentText": "디자인은 심플하고 세련되서 맘에 듭니다^^",
        "SentimentWord": "5",
        "SentimentPolarity": "1"
      }
    ]
  },
  {
    "Index": "30152",
    "RawText": "출력 기능이 좋아서 음식을 빠르게 데워줘요 최고~! 기계 돌아갈 때 소리가 좀 크다는게 아쉽네요.",
    "Source": "쇼핑몰",
    "Domain": "가전",
    "MainCategory": "주방가전",
    "ProductName": "LG전자 MW23GD 일반구매",
    "ReviewScore": "5",
    "Syllable": "54",
    "Word": "14",
    "RDate": "20210828",
    "GeneralPolarity": "0",
    "Aspects": [
      {
        "Aspect": "기능",
        "SentimentText": "출력 기능이 좋아서 음식을 빠르게 데워줘요 최고~!",
        "SentimentWord": "7",
        "SentimentPolarity": "1"
      },
      {
        "Aspect": "소음",
        "SentimentText": "기계 돌아갈 때 소리가 좀 크다는게 아쉽네요.",
        "SentimentWord": "7",
        "SentimentPolarity": "-1"
      }
    ]
  },
  {
    "Index": "30153",
    "RawText": "디자인 완전 깔끔하고 마음에 듭니다~ 성능도 이 정도면 아주 베리굿입니다~",
    "Source": "쇼핑몰",
    "Domain": "가전",
    "MainCategory": "주방가전",
    "ProductName": "LG전자 MW23GD 일반구매",
    "ReviewScore": "5",
    "Syllable": "41",
    "Word": "10",
    "RDate": "20210207",
    "GeneralPolarity": "1",
    "Aspects": [
      {
        "Aspect": "디자인",
        "SentimentText": "디자인 완전 깔끔하고 마음에 듭니다~",
        "SentimentWord": "5",
        "SentimentPolarity": "1"
      },
      {
        "Aspect": "기능",
        "SentimentText": "성능도 이 정도면 아주 베리굿입니다~",
        "SentimentWord": "5",
        "SentimentPolarity": "1"
      }
    ]
  },
  {
    "Index": "30154",
    "RawText": "용량은 아주 적당하고 1인이 쓰기 좋아요. 색상은 블랙으로 할걸~ 별로 안 이뻐요",
    "Source": "쇼핑몰",
    "Domain": "가전",
    "MainCategory": "주방가전",
    "ProductName": "LG전자 MW23GD 일반구매",
    "ReviewScore": "5",
    "Syllable": "45",
    "Word": "12",
    "RDate": "20220601",
    "GeneralPolarity": "0",
    "Aspects": [
      {
        "Aspect": "용량",
        "SentimentText": "용량은 아주 적당하고 1인이 쓰기 좋아요.",
        "SentimentWord": "6",
        "SentimentPolarity": "1"
      },
      {
        "Aspect": "색상",
        "SentimentText": "색상은 블랙으로 할걸~ 별로 안 이뻐요 ",
        "SentimentWord": "6",
        "SentimentPolarity": "-1"
      }
    ]
  },
  {
    "Index": "30155",
    "RawText": "역시 가전은 ooo~ 최고 만족입니다.~ 디자인 깨끗하고 아주 좋습니다. 성능도 이 정도면 가정용으로 아주 좋습니다.",
    "Source": "쇼핑몰",
    "Domain": "가전",
    "MainCategory": "주방가전",
    "ProductName": "LG전자 MW23GD 일반구매",
    "ReviewScore": "5",
    "Syllable": "65",
    "Word": "15",
    "RDate": "20210804",
    "GeneralPolarity": "1",
    "Aspects": [
      {
        "Aspect": "제조일/제조사",
        "SentimentText": "역시 가전은 ooo~ 최고 만족입니다.~ ",
        "SentimentWord": "5",
        "SentimentPolarity": "1"
      },
      {
        "Aspect": "디자인",
        "SentimentText": "디자인 깨끗하고 아주 좋습니다.",
        "SentimentWord": "4",
        "SentimentPolarity": "1"
      },
      {
        "Aspect": "기능",
        "SentimentText": "성능도 이 정도면 가정용으로 아주 좋습니다.",
        "SentimentWord": "6",
        "SentimentPolarity": "1"
      }
    ]
  },
  {
    "Index": "30156",
    "RawText": "색감 너무 이뻐서 마음에 쏙 듭니다~ 내부가 생각보다 작아서 많은 음식은 못 데워요~ 그게 조금 아쉽네요",
    "Source": "쇼핑몰",
    "Domain": "가전",
    "MainCategory": "주방가전",
    "ProductName": "LG전자 MW23GD 일반구매",
    "ReviewScore": "5",
    "Syllable": "58",
    "Word": "16",
    "RDate": "20220819",
    "GeneralPolarity": "0",
    "Aspects": [
      {
        "Aspect": "색상",
        "SentimentText": "색감 너무 이뻐서 마음에 쏙 듭니다~",
        "SentimentWord": "6",
        "SentimentPolarity": "1"
      },
      {
        "Aspect": "용량",
        "SentimentText": "내부가 생각보다 작아서 많은 음식은 못 데워요~ 그게 조금 아쉽네요",
        "SentimentWord": "10",
        "SentimentPolarity": "-1"
      }
    ]
  },
  {
    "Index": "30159",
    "RawText": "디자인이 참 고급스러워요. 마트보다 저렴하게 구입해서 매우 만족하고 있어요",
    "Source": "쇼핑몰",
    "Domain": "가전",
    "MainCategory": "주방가전",
    "ProductName": "LG전자 MW23GD 일반구매",
    "ReviewScore": "5",
    "Syllable": "41",
    "Word": "9",
    "RDate": "20201112",
    "GeneralPolarity": "1",
    "Aspects": [
      {
        "Aspect": "디자인",
        "SentimentText": "디자인이 참 고급스러워요.",
        "SentimentWord": "3",
        "SentimentPolarity": "1"
      },
      {
        "Aspect": "가격",
        "SentimentText": " 마트보다 저렴하게 구입해서 매우 만족하고 있어요 ",
        "SentimentWord": "6",
        "SentimentPolarity": "1"
      }
    ]
  },
  {
    "Index": "30160",
    "RawText": "배송 완전 느려요 ㅠㅠ 속상합니다. 디자인은 아주 세련되서 좋고요, 성능도 이정도면 아주 딱 입니다 만족",
    "Source": "쇼핑몰",
    "Domain": "가전",
    "MainCategory": "주방가전",
    "ProductName": "LG전자 MW23GD 일반구매",
    "ReviewScore": "5",
    "Syllable": "58",
    "Word": "15",
    "RDate": "20210324",
    "Aspects": [
      {
        "Aspect": "디자인",
        "SentimentText": "디자인은 아주 세련되서 좋고요,",
        "SentimentWord": "4",
        "SentimentPolarity": "1"
      },
      {
        "Aspect": "기능",
        "SentimentText": "성능도 이정도면 아주 딱 입니다 만족",
        "SentimentWord": "6",
        "SentimentPolarity": "1"
      }
    ]
  },
  {
    "Index": "30161",
    "RawText": "해동 기능이 아주 잘 돼서 좋습니다 !! 디자인 예쁘고 깔끔~ 주방이랑 잘 어울려서 좋아요",
    "Source": "쇼핑몰",
    "Domain": "가전",
    "MainCategory": "주방가전",
    "ProductName": "LG전자 MW23GD 일반구매",
    "ReviewScore": "5",
    "Syllable": "50",
    "Word": "14",
    "RDate": "20210425",
    "GeneralPolarity": "1",
    "Aspects": [
      {
        "Aspect": "기능",
        "SentimentText": "해동 기능이 아주 잘 돼서 좋습니다 !! ",
        "SentimentWord": "7",
        "SentimentPolarity": "1"
      },
      {
        "Aspect": "디자인",
        "SentimentText": "디자인 예쁘고 깔끔~ 주방이랑 잘 어울려서 좋아요",
        "SentimentWord": "7",
        "SentimentPolarity": "1"
      }
    ]
  },
  {
    "Index": "30162",
    "RawText": "깔끔한 디자인이 참 마음에 듭니다. 음식이 돌아갈 때 내부가 안 보여 불편합니다. 주문 후 2일 만에 직배송 돼서 좋았습니다",
    "Source": "쇼핑몰",
    "Domain": "가전",
    "MainCategory": "주방가전",
    "ProductName": "LG전자 MW23GD 일반구매",
    "ReviewScore": "5",
    "Syllable": "69",
    "Word": "19",
    "RDate": "20210708",
    "Aspects": [
      {
        "Aspect": "디자인",
        "SentimentText": "깔끔한 디자인이 참 마음에 듭니다",
        "SentimentWord": "5",
        "SentimentPolarity": "1"
      },
      {
        "Aspect": "편의성",
        "SentimentText": "음식이 돌아갈 때 내부가 안 보여 불편합니다",
        "SentimentWord": "7",
        "SentimentPolarity": "-1"
      }
    ]
  },
  {
    "Index": "30163",
    "RawText": "전자렌지 내부가 생각보다 많이 작네요...아쉽네요 휴 그래도 디자인은 깔끔하고 세련되서 마음에 듭니다~",
    "Source": "쇼핑몰",
    "Domain": "가전",
    "MainCategory": "주방가전",
    "ProductName": "LG전자 MW23GD 일반구매",
    "ReviewScore": "5",
    "Syllable": "57",
    "Word": "12",
    "RDate": "20210729",
    "GeneralPolarity": "0",
    "Aspects": [
      {
        "Aspect": "용량",
        "SentimentText": "전자렌지 내부가 생각보다 많이 작네요...아쉽네요 휴",
        "SentimentWord": "6",
        "SentimentPolarity": "-1"
      },
      {
        "Aspect": "디자인",
        "SentimentText": "그래도 디자인은 깔끔하고 세련되서 마음에 듭니다~",
        "SentimentWord": "6",
        "SentimentPolarity": "1"
      }
    ]
  },
  {
    "Index": "30164",
    "RawText": "신속한 배송 아주 좋습니다. 디자인도 너무 예뻐서 마음에 쏘~옥 드네요. 저렴한 가격으로 아주 잘 샀습니다 만족!",
    "Source": "쇼핑몰",
    "Domain": "가전",
    "MainCategory": "주방가전",
    "ProductName": "LG전자 MW23GD 일반구매",
    "ReviewScore": "5",
    "Syllable": "63",
    "Word": "16",
    "RDate": "20211208",
    "Aspects": [
      {
        "Aspect": "디자인",
        "SentimentText": "디자인도 너무 예뻐서 마음에 쏘~옥 드네요.",
        "SentimentWord": "6",
        "SentimentPolarity": "1"
      },
      {
        "Aspect": "가격",
        "SentimentText": "저렴한 가격으로 아주 잘 샀습니다 만족!",
        "SentimentWord": "6",
        "SentimentPolarity": "1"
      }
    ]
  },
  {
    "Index": "30165",
    "RawText": "전기 사용량이 줄어 든다고 하니 정말 그러네요 굿~ 디자인은 사진이랑 똑같이 이쁘네요 만족입니다",
    "Source": "쇼핑몰",
    "Domain": "가전",
    "MainCategory": "주방가전",
    "ProductName": "LG전자 MW23GD 일반구매",
    "ReviewScore": "5",
    "Syllable": "53",
    "Word": "13",
    "RDate": "20210123",
    "Aspects": [
      {
        "Aspect": "소비전력",
        "SentimentText": "전기 사용량이 줄어 든다고 하니 정말 그러네요 굿~",
        "SentimentWord": "8",
        "SentimentPolarity": "1"
      },
      {
        "Aspect": "디자인",
        "SentimentText": "디자인은 사진이랑 똑같이 이쁘네요 만족입니다 ",
        "SentimentWord": "5",
        "SentimentPolarity": "1"
      }
    ]
  },
  {
    "Index": "30166",
    "RawText": "이쁜 디자인도 좋고 , 조작법도 간편해 좋아요. 성능도 매우 우수했습니다. 설치 기사님도 친절 하셔서 만족 합니다",
    "Source": "쇼핑몰",
    "Domain": "가전",
    "MainCategory": "주방가전",
    "ProductName": "LG전자 MW23GD 일반구매",
    "ReviewScore": "4",
    "Syllable": "63",
    "Word": "16",
    "RDate": "20200603",
    "Aspects": [
      {
        "Aspect": "디자인",
        "SentimentText": "이쁜 디자인도 좋고 , ",
        "SentimentWord": "4",
        "SentimentPolarity": "1"
      },
      {
        "Aspect": "조작성",
        "SentimentText": "조작법도 간편해 좋아요",
        "SentimentWord": "3",
        "SentimentPolarity": "1"
      },
      {
        "Aspect": "기능",
        "SentimentText": "성능도 매우 우수했습니다.",
        "SentimentWord": "3",
        "SentimentPolarity": "1"
      }
    ]
  },
  {
    "Index": "30167",
    "RawText": "가전제품은 역시 ooo가 최고인 듯 합니다~ 디자인 완전 이쁘고 세련되서 마음에 들고, 배송도 신속해서 만족입니다 !!^^",
    "Source": "쇼핑몰",
    "Domain": "가전",
    "MainCategory": "주방가전",
    "ProductName": "LG전자 MW23GD 일반구매",
    "ReviewScore": "5",
    "Syllable": "68",
    "Word": "16",
    "RDate": "20201118",
    "Aspects": [
      {
        "Aspect": "제조일/제조사",
        "SentimentText": "가전제품은 역시 ooo가 최고인 듯 합니다~ ",
        "SentimentWord": "6",
        "SentimentPolarity": "1"
      },
      {
        "Aspect": "디자인",
        "SentimentText": "디자인 완전 이쁘고 세련되서 마음에 들고,",
        "SentimentWord": "6",
        "SentimentPolarity": "1"
      }
    ]
  },
  {
    "Index": "30168",
    "RawText": "배송 번개처럼 빨라요 최고네요. 디자인 깔끔하고 인테리어랑 어울려서 굿~ 출력 기능도 좋아서 조리가 빨리 됩니다 만족!",
    "Source": "쇼핑몰",
    "Domain": "가전",
    "MainCategory": "주방가전",
    "ProductName": "LG전자 MW23GD 일반구매",
    "ReviewScore": "5",
    "Syllable": "66",
    "Word": "16",
    "RDate": "20220425",
    "Aspects": [
      {
        "Aspect": "디자인",
        "SentimentText": "디자인 깔끔하고 인테리어랑 어울려서 굿~",
        "SentimentWord": "5",
        "SentimentPolarity": "1"
      },
      {
        "Aspect": "기능",
        "SentimentText": "출력 기능도 좋아서 조리가 빨리 됩니다 만족! ",
        "SentimentWord": "7",
        "SentimentPolarity": "1"
      }
    ]
  },
  {
    "Index": "30169",
    "RawText": "디자인이 주방이랑 예쁘게 잘 어울려서 만족~ 소음도 거의 없어서 집이 조용하네요~ 최고입니다",
    "Source": "쇼핑몰",
    "Domain": "가전",
    "MainCategory": "주방가전",
    "ProductName": "LG전자 MW23GD 일반구매",
    "ReviewScore": "5",
    "Syllable": "51",
    "Word": "12",
    "RDate": "20220328",
    "GeneralPolarity": "1",
    "Aspects": [
      {
        "Aspect": "디자인",
        "SentimentText": "디자인이 주방이랑 예쁘게 잘 어울려서 만족~ ",
        "SentimentWord": "6",
        "SentimentPolarity": "1"
      },
      {
        "Aspect": "소음",
        "SentimentText": "소음도 거의 없어서 집이 조용하네요~ 최고입니다",
        "SentimentWord": "6",
        "SentimentPolarity": "1"
      }
    ]
  },
  {
    "Index": "30170",
    "RawText": "모던한 디자인 이뻐 인테리어와 잘 어울려요. 버튼도 간편해서 조작하기 쉽고요",
    "Source": "쇼핑몰",
    "Domain": "가전",
    "MainCategory": "주방가전",
    "ProductName": "LG전자 MW23GD 일반구매",
    "ReviewScore": "5",
    "Syllable": "42",
    "Word": "10",
    "RDate": "20210630",
    "GeneralPolarity": "1",
    "Aspects": [
      {
        "Aspect": "디자인",
        "SentimentText": "모던한 디자인 이뻐 인테리어와 잘 어울려요",
        "SentimentWord": "6",
        "SentimentPolarity": "1"
      },
      {
        "Aspect": "조작성",
        "SentimentText": "버튼도 간편해서 조작하기 쉽고요 ",
        "SentimentWord": "4",
        "SentimentPolarity": "1"
      }
    ]
  },
  {
    "Index": "30171",
    "RawText": "저렴한 가격에 구입할 수 있어서 좋아요~ 디자인도 아주 깔끔하고 예뻐서 대 만족입니다",
    "Source": "쇼핑몰",
    "Domain": "가전",
    "MainCategory": "주방가전",
    "ProductName": "LG전자 MW23GD 일반구매",
    "ReviewScore": "5",
    "Syllable": "47",
    "Word": "12",
    "RDate": "20220705",
    "GeneralPolarity": "1",
    "Aspects": [
      {
        "Aspect": "가격",
        "SentimentText": "저렴한 가격에 구입할 수 있어서 좋아요~",
        "SentimentWord": "6",
        "SentimentPolarity": "1"
      },
      {
        "Aspect": "디자인",
        "SentimentText": "디자인도 아주 깔끔하고 예뻐서 대 만족입니다 ",
        "SentimentWord": "6",
        "SentimentPolarity": "1"
      }
    ]
  },
  {
    "Index": "30172",
    "RawText": "출력기능이 조절 가능하니까 최고입니다. 디자인도 예쁘고 심플해서 집 인테리어랑 잘 어울려서 만족입니다.~",
    "Source": "쇼핑몰",
    "Domain": "가전",
    "MainCategory": "주방가전",
    "ProductName": "LG전자 MW23GD 일반구매",
    "ReviewScore": "5",
    "Syllable": "58",
    "Word": "12",
    "RDate": "20210410",
    "GeneralPolarity": "1",
    "Aspects": [
      {
        "Aspect": "기능",
        "SentimentText": "출력기능이 조절 가능하니까 최고입니다. ",
        "SentimentWord": "4",
        "SentimentPolarity": "1"
      },
      {
        "Aspect": "디자인",
        "SentimentText": "디자인도 예쁘고 심플해서 집 인테리어랑 잘 어울려서 만족입니다.~ ",
        "SentimentWord": "8",
        "SentimentPolarity": "1"
      }
    ]
  },
  {
    "Index": "30173",
    "RawText": "시간 조절 기능이 있어서 잘 쓰고 있어요. 굿 디자인은 세련되고 깔끔해서 마음에 쏙 듭니다. 조리 완료 소리도 크지 않아서 최고에요",
    "Source": "쇼핑몰",
    "Domain": "가전",
    "MainCategory": "주방가전",
    "ProductName": "LG전자 MW23GD 일반구매",
    "ReviewScore": "5",
    "Syllable": "73",
    "Word": "20",
    "RDate": "20201022",
    "GeneralPolarity": "1",
    "Aspects": [
      {
        "Aspect": "기능",
        "SentimentText": "시간 조절 기능이 있어서 잘 쓰고 있어요. 굿",
        "SentimentWord": "8",
        "SentimentPolarity": "1"
      },
      {
        "Aspect": "디자인",
        "SentimentText": "디자인은 세련되고 깔끔해서 마음에 쏙 듭니다.",
        "SentimentWord": "6",
        "SentimentPolarity": "1"
      },
      {
        "Aspect": "소음",
        "SentimentText": "조리 완료 소리도 크지 않아서 최고에요",
        "SentimentWord": "6",
        "SentimentPolarity": "1"
      }
    ]
  },
  {
    "Index": "30175",
    "RawText": "색상도 마음에 들고요. 작은 용량  사용 하다가 큰 용량으로 사용하니 너무 좋네요",
    "Source": "쇼핑몰",
    "Domain": "가전",
    "MainCategory": "주방가전",
    "ProductName": "LG전자 MW23GD 일반구매",
    "ReviewScore": "5",
    "Syllable": "45",
    "Word": "12",
    "RDate": "20210521",
    "GeneralPolarity": "1",
    "Aspects": [
      {
        "Aspect": "색상",
        "SentimentText": "색상도 마음에 들고요. ",
        "SentimentWord": "3",
        "SentimentPolarity": "1"
      },
      {
        "Aspect": "용량",
        "SentimentText": " 작은 용량  사용 하다가 큰 용량으로 사용하니 너무 좋네요 ",
        "SentimentWord": "9",
        "SentimentPolarity": "1"
      }
    ]
  },
  {
    "Index": "30176",
    "RawText": "디자인은 예쁘고 고급스러워서 만족! 그런데, 전자렌지 내부가 생각보다 너무 작아서 아쉽네요 ㅠ",
    "Source": "쇼핑몰",
    "Domain": "가전",
    "MainCategory": "주방가전",
    "ProductName": "LG전자 MW23GD 일반구매",
    "ReviewScore": "5",
    "Syllable": "52",
    "Word": "12",
    "RDate": "20210810",
    "GeneralPolarity": "0",
    "Aspects": [
      {
        "Aspect": "디자인",
        "SentimentText": "디자인은 예쁘고 고급스러워서 만족",
        "SentimentWord": "4",
        "SentimentPolarity": "1"
      },
      {
        "Aspect": "용량",
        "SentimentText": "전자렌지 내부가 생각보다 너무 작아서 아쉽네요 ㅠ ",
        "SentimentWord": "7",
        "SentimentPolarity": "-1"
      }
    ]
  },
  {
    "Index": "30177",
    "RawText": "출력 기능을 조절 할 수 있어서 너무 편해요. 내부가 너무 작아서 부피가 큰 음식을 데우기는 어렵네요 ㅠㅠ 아쉽네요",
    "Source": "쇼핑몰",
    "Domain": "가전",
    "MainCategory": "주방가전",
    "ProductName": "LG전자 MW23GD 일반구매",
    "ReviewScore": "5",
    "Syllable": "64",
    "Word": "18",
    "RDate": "20220203",
    "GeneralPolarity": "0",
    "Aspects": [
      {
        "Aspect": "기능",
        "SentimentText": "출력 기능을 조절 할 수 있어서 너무 편해요.",
        "SentimentWord": "8",
        "SentimentPolarity": "1"
      },
      {
        "Aspect": "용량",
        "SentimentText": "내부가 너무 작아서 부피가 큰 음식을 데우기는 어렵네요 ㅠㅠ 아쉽네요",
        "SentimentWord": "10",
        "SentimentPolarity": "-1"
      }
    ]
  },
  {
    "Index": "30180",
    "RawText": "믿고 사는 제품은 역시 ooo 이죠~ 최고에요. 마음에 드는 가격대로 사서 기분도 좋습니다 ~",
    "Source": "쇼핑몰",
    "Domain": "가전",
    "MainCategory": "주방가전",
    "ProductName": "LG전자 MW23GD 일반구매",
    "ReviewScore": "5",
    "Syllable": "52",
    "Word": "14",
    "RDate": "20200813",
    "GeneralPolarity": "1",
    "Aspects": [
      {
        "Aspect": "제조일/제조사",
        "SentimentText": "믿고 사는 제품은 역시 ooo 이죠~ 최고에요.",
        "SentimentWord": "7",
        "SentimentPolarity": "1"
      },
      {
        "Aspect": "가격",
        "SentimentText": "마음에 드는 가격대로 사서 기분도 좋습니다 ~",
        "SentimentWord": "7",
        "SentimentPolarity": "1"
      }
    ]
  },
  {
    "Index": "30182",
    "RawText": "생각보다 내부가 작아서 작은 그릇밖에 안들어가서 별로에요.. 그래도 성능은 좋고 요리기능도 다양해서 좋아요!",
    "Source": "쇼핑몰",
    "Domain": "가전",
    "MainCategory": "주방가전",
    "ProductName": "LG전자 MW23GD 일반구매",
    "ReviewScore": "5",
    "Syllable": "60",
    "Word": "13",
    "RDate": "20201225",
    "Aspects": [
      {
        "Aspect": "용량",
        "SentimentText": "생각보다 내부가 작아서 작은 그릇밖에 안들어가서 별로에요..",
        "SentimentWord": "7",
        "SentimentPolarity": "-1"
      },
      {
        "Aspect": "기능",
        "SentimentText": "성능은 좋고 요리기능도 다양해서 좋아요!",
        "SentimentWord": "5",
        "SentimentPolarity": "1"
      }
    ]
  },
  {
    "Index": "30183",
    "RawText": "ooo 믿고 사는 회사입니다 진짜 제품 굿~ 배송 완전 빨라서 만족이고~ 기능도 이정도면 너무 좋습니다 만족입니다",
    "Source": "쇼핑몰",
    "Domain": "가전",
    "MainCategory": "주방가전",
    "ProductName": "LG전자 MW23GD 일반구매",
    "ReviewScore": "5",
    "Syllable": "63",
    "Word": "16",
    "RDate": "20220602",
    "Aspects": [
      {
        "Aspect": "제조일/제조사",
        "SentimentText": "ooo 믿고 사는 회사입니다 진짜 제품 굿~ ",
        "SentimentWord": "7",
        "SentimentPolarity": "1"
      },
      {
        "Aspect": "기능",
        "SentimentText": "기능도 이정도면 너무 좋습니다 만족입니다",
        "SentimentWord": "5",
        "SentimentPolarity": "1"
      }
    ]
  },
  {
    "Index": "30184",
    "RawText": "디자인 깔끔하고 너무 이뻐서 좋습니다. 제품 사용법도 어렵지 않아서 아주 좋아요!",
    "Source": "쇼핑몰",
    "Domain": "가전",
    "MainCategory": "주방가전",
    "ProductName": "LG전자 MW23GD 일반구매",
    "ReviewScore": "5",
    "Syllable": "45",
    "Word": "11",
    "RDate": "20210225",
    "Aspects": [
      {
        "Aspect": "디자인",
        "SentimentText": "디자인 깔끔하고 너무 이뻐서 좋습니다.",
        "SentimentWord": "5",
        "SentimentPolarity": "1"
      },
      {
        "Aspect": "조작성",
        "SentimentText": " 제품 사용법도 어렵지 않아서 아주 좋아요!",
        "SentimentWord": "6",
        "SentimentPolarity": "1"
      }
    ]
  },
  {
    "Index": "30185",
    "RawText": "색상 조합이 잘 맞아서 이쁘네요~ 출력 기능이 세서 음식 조리가 빨라서 아주 만족스럽고요~ 배송도 생각보다 아주 빨랐어요 최고!!",
    "Source": "쇼핑몰",
    "Domain": "가전",
    "MainCategory": "주방가전",
    "ProductName": "LG전자 MW23GD 일반구매",
    "ReviewScore": "5",
    "Syllable": "72",
    "Word": "18",
    "RDate": "20220504",
    "Aspects": [
      {
        "Aspect": "색상",
        "SentimentText": "색상 조합이 잘 맞아서 이쁘네요~ ",
        "SentimentWord": "5",
        "SentimentPolarity": "1"
      },
      {
        "Aspect": "기능",
        "SentimentText": " 출력 기능이 세서 음식 조리가 빨라서 아주 만족스럽고요~ ",
        "SentimentWord": "8",
        "SentimentPolarity": "1"
      }
    ]
  },
  {
    "Index": "30186",
    "RawText": "음식이 빨리 데워져셔 너무 좋습니다 기능 짱~ 배송, 설치까지 직접해주시고 친절해서 너무 좋습니다. 용량은 뭐 그럭저럭 그러네요",
    "Source": "쇼핑몰",
    "Domain": "가전",
    "MainCategory": "주방가전",
    "ProductName": "LG전자 MW23GD 일반구매",
    "ReviewScore": "5",
    "Syllable": "71",
    "Word": "17",
    "RDate": "20210820",
    "Aspects": [
      {
        "Aspect": "기능",
        "SentimentText": "음식이 빨리 데워져셔 너무 좋습니다 기능 짱~",
        "SentimentWord": "7",
        "SentimentPolarity": "1"
      },
      {
        "Aspect": "용량",
        "SentimentText": "용량은 뭐 그럭저럭 그러네요",
        "SentimentWord": "4",
        "SentimentPolarity": "0"
      }
    ]
  }
]