[
  {
    "Index": "28806",
    "RawText": "식기세척기가 색깔도 너무 예뻐서 마음에 드네요. 그리고 용기에 따른 선반이 따로 구성되어 있어 너무 좋네요. 가전은 역시 이브랜드가 짱이네요.",
    "Source": "쇼핑몰",
    "Domain": "가전",
    "MainCategory": "주방가전",
    "ProductName": "디오스 LG전자 스팀 DFB22MA 일반구매",
    "ReviewScore": "4",
    "Syllable": "79",
    "Word": "19",
    "RDate": "20210315",
    "GeneralPolarity": "1",
    "Aspects": [
      {
        "Aspect": "색상",
        "SentimentText": "식기세척기가 색깔도 너무 예뻐서 마음에 드네요",
        "SentimentWord": "6",
        "SentimentPolarity": "1"
      },
      {
        "Aspect": "제품구성",
        "SentimentText": "그리고 용기에 따른 선반이 따로 구성되어 있어 너무 좋네요.",
        "SentimentWord": "9",
        "SentimentPolarity": "1"
      },
      {
        "Aspect": "제조일/제조사",
        "SentimentText": "가전은 역시 이브랜드가 짱이네요.",
        "SentimentWord": "4",
        "SentimentPolarity": "1"
      }
    ]
  },
  {
    "Index": "28807",
    "RawText": "제품 색상이 고급스러워서 좋아요~디자인도 깔끔해서 아주 완벽한 주방이 됐어요. 너무 좋아요",
    "Source": "쇼핑몰",
    "Domain": "가전",
    "MainCategory": "주방가전",
    "ProductName": "디오스 LG전자 스팀 DFB22MA 일반구매",
    "ReviewScore": "5",
    "Syllable": "50",
    "Word": "11",
    "RDate": "20211010",
    "Aspects": [
      {
        "Aspect": "색상",
        "SentimentText": "제품 색상이 고급스러워서 좋아요~",
        "SentimentWord": "4",
        "SentimentPolarity": "1"
      },
      {
        "Aspect": "디자인",
        "SentimentText": "디자인도 깔끔해서 아주 완벽한 주방이 됐어요. 너무 좋아요",
        "SentimentWord": "8",
        "SentimentPolarity": "1"
      }
    ]
  },
  {
    "Index": "28808",
    "RawText": "확실히 소음은 줄어서 조용하게 세척됩니다^^설치 후 작동시켜봤는데 정확히 55분만에 모든 설거지가 끝나서 너무 좋아요! 시간단축으로는 짱이네요.",
    "Source": "쇼핑몰",
    "Domain": "가전",
    "MainCategory": "주방가전",
    "ProductName": "디오스 LG전자 스팀 DFB22MA 일반구매",
    "ReviewScore": "5",
    "Syllable": "80",
    "Word": "16",
    "RDate": "20201117",
    "Aspects": [
      {
        "Aspect": "소음",
        "SentimentText": "확실히 소음은 줄어서 조용하게 세척됩니다^^",
        "SentimentWord": "5",
        "SentimentPolarity": "1"
      },
      {
        "Aspect": "시간/속도",
        "SentimentText": "설치 후 작동시켜봤는데 정확히 55분만에 모든 설거지가 끝나서 너무 좋아요! 시간단축으로는 짱이네요.",
        "SentimentWord": "12",
        "SentimentPolarity": "1"
      }
    ]
  },
  {
    "Index": "28809",
    "RawText": "성능이 우수해서 그릇이 깨끗하게 잘 닦여서 정말 좋아요!! 저소음 모드라고 해서 기대했는데 생각한거보다는 소음이 커서 당황했네요.",
    "Source": "쇼핑몰",
    "Domain": "가전",
    "MainCategory": "주방가전",
    "ProductName": "디오스 LG전자 스팀 DFB22MA 일반구매",
    "ReviewScore": "5",
    "Syllable": "72",
    "Word": "16",
    "RDate": "20210226",
    "Aspects": [
      {
        "Aspect": "기능",
        "SentimentText": "성능이 우수해서 그릇이 깨끗하게 잘 닦여서 정말 좋아요!! ",
        "SentimentWord": "8",
        "SentimentPolarity": "1"
      },
      {
        "Aspect": "소음",
        "SentimentText": "저소음 모드라고 해서 기대했는데 생각한거보다는 소음이 커서 당황했네요.",
        "SentimentWord": "8",
        "SentimentPolarity": "-1"
      }
    ]
  },
  {
    "Index": "28810",
    "RawText": "프리스텐딩으로 주문했다가 빌트인으로 변경했더니 소음도 적고 조용해서 좋아요~장을 다시 해야해서 추가요금이 발생했지만 후회없어요! 하단 빌트인으로 하길 너무 잘했네요.",
    "Source": "쇼핑몰",
    "Domain": "가전",
    "MainCategory": "주방가전",
    "ProductName": "디오스 LG전자 스팀 DFB22MA 일반구매",
    "ReviewScore": "5",
    "Syllable": "92",
    "Word": "18",
    "RDate": "20210408",
    "Aspects": [
      {
        "Aspect": "소음",
        "SentimentText": "프리스텐딩으로 주문했다가 빌트인으로 변경했더니 소음도 적고 조용해서 좋아요~",
        "SentimentWord": "8",
        "SentimentPolarity": "1"
      },
      {
        "Aspect": "가격",
        "SentimentText": "장을 다시 해야해서 추가요금이 발생했지만 후회없어요! 하단 빌트인으로 하길 너무 잘했네요.",
        "SentimentWord": "11",
        "SentimentPolarity": "1"
      }
    ]
  },
  {
    "Index": "28814",
    "RawText": "가격대비 이렇게 좋은 제품을 구매할 수 있나 싶을 정도로 너무 만족스러워요. 월등한 세척성능으로 설거지가 아주 쉬워졌어요. 자동문열림 으로 냄새 걱정없고 조작도 간편해서 좋아요!",
    "Source": "쇼핑몰",
    "Domain": "가전",
    "MainCategory": "주방가전",
    "ProductName": "디오스 LG전자 스팀 DFB22WA",
    "ReviewScore": "5",
    "Syllable": "99",
    "Word": "23",
    "RDate": "20211018",
    "GeneralPolarity": "1",
    "Aspects": [
      {
        "Aspect": "가격",
        "SentimentText": "가격대비 이렇게 좋은 제품을 구매할 수 있나 싶을 정도로 너무 만족스러워요.",
        "SentimentWord": "11",
        "SentimentPolarity": "1"
      },
      {
        "Aspect": "기능",
        "SentimentText": " 월등한 세척성능으로 설거지가 아주 쉬워졌어요.",
        "SentimentWord": "5",
        "SentimentPolarity": "1"
      },
      {
        "Aspect": "조작성",
        "SentimentText": "자동문열림 으로 냄새 걱정없고 조작도 간편해서 좋아요!",
        "SentimentWord": "7",
        "SentimentPolarity": "1"
      }
    ]
  },
  {
    "Index": "28815",
    "RawText": "여기저기  비교해 보니 이곳이  제일 저렴해서  구입했습니다.  사용한지 몇달 됐는데 설거지 편해서 좋아요.",
    "Source": "쇼핑몰",
    "Domain": "가전",
    "MainCategory": "주방가전",
    "ProductName": "디오스 LG전자 스팀 DFB22WA",
    "ReviewScore": "5",
    "Syllable": "60",
    "Word": "13",
    "RDate": "20210921",
    "GeneralPolarity": "1",
    "Aspects": [
      {
        "Aspect": "가격",
        "SentimentText": "이곳이  제일 저렴해서  구입했습니다.",
        "SentimentWord": "4",
        "SentimentPolarity": "1"
      },
      {
        "Aspect": "편의성",
        "SentimentText": "사용한지 몇달 됐는데 설거지 편해서 좋아요.",
        "SentimentWord": "6",
        "SentimentPolarity": "1"
      }
    ]
  },
  {
    "Index": "28816",
    "RawText": "가성비 좋은 제품 구매해서 좋아요.  용량도 넉넉해서 너무 좋습니다~",
    "Source": "쇼핑몰",
    "Domain": "가전",
    "MainCategory": "주방가전",
    "ProductName": "디오스 LG전자 스팀 DFB22WA",
    "ReviewScore": "5",
    "Syllable": "38",
    "Word": "9",
    "RDate": "20220607",
    "Aspects": [
      {
        "Aspect": "가격",
        "SentimentText": "가성비 좋은 제품 구매해서 좋아요. ",
        "SentimentWord": "5",
        "SentimentPolarity": "1"
      },
      {
        "Aspect": "용량",
        "SentimentText": "  용량도 넉넉해서 너무 좋습니다~",
        "SentimentWord": "4",
        "SentimentPolarity": "1"
      }
    ]
  },
  {
    "Index": "28819",
    "RawText": "가격은 저렴하게 구입해서 너무 좋아요~ 세제가 같이 안오고   며칠 지나고 와서 조금 실망입니다. 이제야 작동해봅니다!",
    "Source": "쇼핑몰",
    "Domain": "가전",
    "MainCategory": "주방가전",
    "ProductName": "디오스 LG전자 스팀 DFB22WA",
    "ReviewScore": "5",
    "Syllable": "66",
    "Word": "15",
    "RDate": "20220522",
    "Aspects": [
      {
        "Aspect": "가격",
        "SentimentText": "가격은 저렴하게 구입해서 너무 좋아요~",
        "SentimentWord": "5",
        "SentimentPolarity": "1"
      },
      {
        "Aspect": "제품구성",
        "SentimentText": "세제가 같이 안오고   며칠 지나고 와서  조금 실망입니다.",
        "SentimentWord": "8",
        "SentimentPolarity": "-1"
      }
    ]
  },
  {
    "Index": "28820",
    "RawText": "제품 고급스럽고 퀄리티가 좋습니다!! 역시  000믿고쓰는 제품입니다 좋아요~",
    "Source": "쇼핑몰",
    "Domain": "가전",
    "MainCategory": "주방가전",
    "ProductName": "디오스 LG전자 스팀 DFB22WA",
    "ReviewScore": "5",
    "Syllable": "43",
    "Word": "8",
    "RDate": "20220513",
    "Aspects": [
      {
        "Aspect": "품질",
        "SentimentText": "제품 고급스럽고 퀄리티가 좋습니다!! ",
        "SentimentWord": "4",
        "SentimentPolarity": "1"
      },
      {
        "Aspect": "제조일/제조사",
        "SentimentText": " 000믿고쓰는 제품입니다 좋아요~",
        "SentimentWord": "3",
        "SentimentPolarity": "1"
      }
    ]
  },
  {
    "Index": "28821",
    "RawText": "전기세는 좀 많이 나올 거 같아서 걱정이에요. 그래도 세척 기능이 좋아서 그릇이 뽀득뽀득 잘 닦여서 좋네요",
    "Source": "쇼핑몰",
    "Domain": "가전",
    "MainCategory": "주방가전",
    "ProductName": "디오스 LG전자 스팀 DFB22WA",
    "ReviewScore": "5",
    "Syllable": "59",
    "Word": "16",
    "RDate": "20211110",
    "GeneralPolarity": "0",
    "Aspects": [
      {
        "Aspect": "소비전력",
        "SentimentText": "전기세는 좀 많이 나올 거 같아서 걱정이에요. ",
        "SentimentWord": "7",
        "SentimentPolarity": "-1"
      },
      {
        "Aspect": "기능",
        "SentimentText": " 세척 기능이 좋아서 그릇이 뽀득뽀득 잘 닦여서 좋네요",
        "SentimentWord": "8",
        "SentimentPolarity": "1"
      }
    ]
  },
  {
    "Index": "28822",
    "RawText": "색상이 생각했던 거 보다 더 어두워서 아쉽네요. 디자인은 심플하니 맘에 듭니다!",
    "Source": "쇼핑몰",
    "Domain": "가전",
    "MainCategory": "주방가전",
    "ProductName": "디오스 LG전자 스팀 DFB22WA",
    "ReviewScore": "5",
    "Syllable": "44",
    "Word": "11",
    "RDate": "20211116",
    "Aspects": [
      {
        "Aspect": "색상",
        "SentimentText": "색상이 생각했던 거 보다 더 어두워서 아쉽네요.",
        "SentimentWord": "7",
        "SentimentPolarity": "-1"
      },
      {
        "Aspect": "디자인",
        "SentimentText": "디자인은 심플하니 맘에 듭니다!",
        "SentimentWord": "4",
        "SentimentPolarity": "1"
      }
    ]
  },
  {
    "Index": "28823",
    "RawText": "고온살균 기능으로 식기 관리가 위생적이라 너무 만족스러워요~^^  식세기 설치하고나니  생활이 편리해졌어요.",
    "Source": "쇼핑몰",
    "Domain": "가전",
    "MainCategory": "주방가전",
    "ProductName": "디오스 LG전자 스팀 DFB22WA",
    "ReviewScore": "5",
    "Syllable": "60",
    "Word": "11",
    "RDate": "20211217",
    "Aspects": [
      {
        "Aspect": "기능",
        "SentimentText": "고온살균 기능으로 식기 관리가 위생적이라 너무 만족스러워요~^^",
        "SentimentWord": "7",
        "SentimentPolarity": "1"
      },
      {
        "Aspect": "편의성",
        "SentimentText": "식세기 설치하고나니  생활이 편리해졌어요. ",
        "SentimentWord": "4",
        "SentimentPolarity": "1"
      }
    ]
  },
  {
    "Index": "28825",
    "RawText": "세척력이 완전 좋아서 그릇들이 반짝반짝 너무 깨끗해서 대만족입니다!! 세척 시간은 좀 오래 걸려서 너무 아쉬워요~",
    "Source": "쇼핑몰",
    "Domain": "가전",
    "MainCategory": "주방가전",
    "ProductName": "디오스 LG전자 스팀 DFB22WA",
    "ReviewScore": "5",
    "Syllable": "63",
    "Word": "15",
    "RDate": "20220311",
    "Aspects": [
      {
        "Aspect": "기능",
        "SentimentText": "세척력이 완전 좋아서 그릇들이 반짝반짝 너무 깨끗해서 대만족입니다!!",
        "SentimentWord": "8",
        "SentimentPolarity": "1"
      },
      {
        "Aspect": "시간/속도",
        "SentimentText": "세척 시간은 좀 오래 걸려서 너무 아쉬워요~",
        "SentimentWord": "7",
        "SentimentPolarity": "-1"
      }
    ]
  },
  {
    "Index": "28826",
    "RawText": "그릇의 물기가 완전히 마르지 않아 건조기능이 별로네요ㅜㅜ 장점은 소음이 하나도 없어서 너무 좋아요~",
    "Source": "쇼핑몰",
    "Domain": "가전",
    "MainCategory": "주방가전",
    "ProductName": "디오스 LG전자 스팀 DFB22WA",
    "ReviewScore": "5",
    "Syllable": "55",
    "Word": "13",
    "RDate": "20220204",
    "Aspects": [
      {
        "Aspect": "기능",
        "SentimentText": "그릇의 물기가 완전히 마르지 않아 건조기능이 별로네요ㅜㅜ",
        "SentimentWord": "7",
        "SentimentPolarity": "-1"
      },
      {
        "Aspect": "소음",
        "SentimentText": "장점은 소음이 하나도 없어서 너무 좋아요~",
        "SentimentWord": "6",
        "SentimentPolarity": "1"
      }
    ]
  },
  {
    "Index": "28829",
    "RawText": "스팀이 좀더 빵빵하게 나왔으면 좋겠는데 확인 불가라 답답하네요  식세기 사용하니 생활이 편해져서  너무 좋습니다~",
    "Source": "쇼핑몰",
    "Domain": "가전",
    "MainCategory": "주방가전",
    "ProductName": "디오스 LG전자 스팀 DFB22WA",
    "ReviewScore": "5",
    "Syllable": "63",
    "Word": "14",
    "RDate": "20220115",
    "Aspects": [
      {
        "Aspect": "기능",
        "SentimentText": "스팀이 좀더 빵빵하게 나왔으면 좋겠는데 확인 불가라 답답하네요",
        "SentimentWord": "8",
        "SentimentPolarity": "-1"
      },
      {
        "Aspect": "편의성",
        "SentimentText": "식세기 사용하니 생활이 편해져서  너무 좋습니다~",
        "SentimentWord": "6",
        "SentimentPolarity": "1"
      }
    ]
  },
  {
    "Index": "28830",
    "RawText": "식기 세척도 너무 잘되고 건조도 잘되서 만족합니다!! 같이 오기로한 세제중 하나가 같이 안왔어요.. 확인하시고 보내주세요~",
    "Source": "쇼핑몰",
    "Domain": "가전",
    "MainCategory": "주방가전",
    "ProductName": "디오스 LG전자 스팀 DFB22WA",
    "ReviewScore": "5",
    "Syllable": "68",
    "Word": "15",
    "RDate": "20211222",
    "Aspects": [
      {
        "Aspect": "기능",
        "SentimentText": "식기 세척도 너무 잘되고 건조도 잘되서 만족합니다!!",
        "SentimentWord": "7",
        "SentimentPolarity": "1"
      },
      {
        "Aspect": "제품구성",
        "SentimentText": "같이 오기로한 세제중 하나가 같이 안왔어요.. ",
        "SentimentWord": "6",
        "SentimentPolarity": "-1"
      }
    ]
  },
  {
    "Index": "28831",
    "RawText": "소음도 적어 조용하게 세척되서 좋아요! 설거지 해방ㅋ 생활이 편해졌어요~",
    "Source": "쇼핑몰",
    "Domain": "가전",
    "MainCategory": "주방가전",
    "ProductName": "디오스 LG전자 스팀 DFB22WA",
    "ReviewScore": "4",
    "Syllable": "40",
    "Word": "9",
    "RDate": "20210706",
    "Aspects": [
      {
        "Aspect": "소음",
        "SentimentText": "소음도 적어 조용하게 세척되서 좋아요! ",
        "SentimentWord": "5",
        "SentimentPolarity": "1"
      },
      {
        "Aspect": "편의성",
        "SentimentText": " 설거지 해방ㅋ 생활이 편해졌어요~",
        "SentimentWord": "4",
        "SentimentPolarity": "1"
      }
    ]
  },
  {
    "Index": "28832",
    "RawText": "설겆이에서 해방되어 시간 여유도 생기고 생활이  편해졌어요~^^ 하지만, 세척다하고 기름때가 조금 남아 있는 점이 아쉽습니다",
    "Source": "쇼핑몰",
    "Domain": "가전",
    "MainCategory": "주방가전",
    "ProductName": "디오스 LG전자 스팀 DFB22WA",
    "ReviewScore": "5",
    "Syllable": "69",
    "Word": "15",
    "RDate": "20220620",
    "Aspects": [
      {
        "Aspect": "편의성",
        "SentimentText": "설겆이에서 해방되어 시간 여유도 생기고 생활이  편해졌어요~^^",
        "SentimentWord": "7",
        "SentimentPolarity": "1"
      },
      {
        "Aspect": "기능",
        "SentimentText": "세척다하고 기름때가 조금 남아 있는 점이 아쉽습니다",
        "SentimentWord": "7",
        "SentimentPolarity": "-1"
      }
    ]
  },
  {
    "Index": "28833",
    "RawText": "세척 성능이 굉장히 좋아서 그릇이 빛나네요~^^ 그런데, 사은품 세제는 따로 와서 아쉽네요..",
    "Source": "쇼핑몰",
    "Domain": "가전",
    "MainCategory": "주방가전",
    "ProductName": "디오스 LG전자 스팀 DFB22WA",
    "ReviewScore": "5",
    "Syllable": "52",
    "Word": "12",
    "RDate": "20220120",
    "Aspects": [
      {
        "Aspect": "기능",
        "SentimentText": "세척 성능이 굉장히 좋아서 그릇이 빛나네요~^^",
        "SentimentWord": "6",
        "SentimentPolarity": "1"
      },
      {
        "Aspect": "제품구성",
        "SentimentText": "사은품 세제는 따로 와서 아쉽네요..",
        "SentimentWord": "5",
        "SentimentPolarity": "-1"
      }
    ]
  },
  {
    "Index": "28834",
    "RawText": "제품은 역시 00 품질은 믿을만 합니다. 성능도 좋고 세척력도 엄청 좋아서 대만족이예요!!",
    "Source": "쇼핑몰",
    "Domain": "가전",
    "MainCategory": "주방가전",
    "ProductName": "디오스 LG전자 스팀 DFB22WA",
    "ReviewScore": "5",
    "Syllable": "50",
    "Word": "12",
    "RDate": "20220814",
    "Aspects": [
      {
        "Aspect": "품질",
        "SentimentText": "제품은 역시 00 품질은 믿을만 합니다",
        "SentimentWord": "6",
        "SentimentPolarity": "1"
      },
      {
        "Aspect": "기능",
        "SentimentText": "성능도 좋고 세척력도 엄청 좋아서 대만족이예요!!",
        "SentimentWord": "6",
        "SentimentPolarity": "1"
      }
    ]
  },
  {
    "Index": "28835",
    "RawText": "저렴한 가격으로 좋은제품 구매했습니다~^^ 000 제품은  기능도 최고라 무한신뢰합니다^^",
    "Source": "쇼핑몰",
    "Domain": "가전",
    "MainCategory": "주방가전",
    "ProductName": "디오스 LG전자 스팀 DFB22WA",
    "ReviewScore": "5",
    "Syllable": "50",
    "Word": "9",
    "RDate": "20220520",
    "Aspects": [
      {
        "Aspect": "가격",
        "SentimentText": "저렴한 가격으로 좋은제품 구매했습니다~^^",
        "SentimentWord": "4",
        "SentimentPolarity": "1"
      },
      {
        "Aspect": "제조일/제조사",
        "SentimentText": " 000 제품은  기능도 최고라 무한신뢰합니다^^",
        "SentimentWord": "5",
        "SentimentPolarity": "1"
      }
    ]
  },
  {
    "Index": "28836",
    "RawText": "배송이 빨라서 좋았고  제품도 너무 만족스럽습니다 ^^ 다만, 세척 시간이 길어서 전기사용량이 많아질까 걱정됩니다",
    "Source": "쇼핑몰",
    "Domain": "가전",
    "MainCategory": "주방가전",
    "ProductName": "디오스 LG전자 스팀 DFB22WA",
    "ReviewScore": "5",
    "Syllable": "63",
    "Word": "14",
    "RDate": "20210730",
    "Aspects": [
      {
        "Aspect": "품질",
        "SentimentText": " 제품도 너무 만족스럽습니다 ^^",
        "SentimentWord": "4",
        "SentimentPolarity": "1"
      },
      {
        "Aspect": "소비전력",
        "SentimentText": "세척 시간이 길어서 전기사용량이 많아질까 걱정됩니다",
        "SentimentWord": "6",
        "SentimentPolarity": "0"
      }
    ]
  },
  {
    "Index": "28837",
    "RawText": "부모님께서  설거지 힘들어 하셔서  설치해드렸어요.  작동시 소리가 조용합니다.  식기 세척도 잘 되서 좋아요~너무 잘 산거 같아요",
    "Source": "쇼핑몰",
    "Domain": "가전",
    "MainCategory": "주방가전",
    "ProductName": "디오스 LG전자 스팀 DFB22WA",
    "ReviewScore": "5",
    "Syllable": "73",
    "Word": "16",
    "RDate": "20220507",
    "GeneralPolarity": "1",
    "Aspects": [
      {
        "Aspect": "소음",
        "SentimentText": "작동시 소리가 조용합니다.",
        "SentimentWord": "3",
        "SentimentPolarity": "1"
      },
      {
        "Aspect": "기능",
        "SentimentText": " 식기 세척도 잘 되서 좋아요~",
        "SentimentWord": "5",
        "SentimentPolarity": "1"
      }
    ]
  },
  {
    "Index": "28838",
    "RawText": "부모님댁에 필요해서 사드렸어요! 오랜 모델보다 확실히 신모델이라 정말 좋네요! 부모님  설거지하기 편해져서  식세기 필수품이 되었어요!",
    "Source": "쇼핑몰",
    "Domain": "가전",
    "MainCategory": "주방가전",
    "ProductName": "디오스 LG전자 스팀 DFB22WA",
    "ReviewScore": "5",
    "Syllable": "75",
    "Word": "15",
    "RDate": "20220119",
    "GeneralPolarity": "1",
    "Aspects": [
      {
        "Aspect": "제조일/제조사",
        "SentimentText": "오랜 모델보다 확실히 신모델이라 정말 좋네요! ",
        "SentimentWord": "6",
        "SentimentPolarity": "1"
      },
      {
        "Aspect": "편의성",
        "SentimentText": "부모님  설거지하기 편해져서  식세기 필수품이 되었어요!",
        "SentimentWord": "6",
        "SentimentPolarity": "1"
      }
    ]
  },
  {
    "Index": "28839",
    "RawText": "이 제품은 꼭 구매하고 싶었는데, 행사할때  좋은 가격에 잘 구매했습니다! 세척기능은  손설거지보다 깔끔하게 잘되고 소음이 거의  없어 좋아요!! 역시 식세기는 000입니다!",
    "Source": "쇼핑몰",
    "Domain": "가전",
    "MainCategory": "주방가전",
    "ProductName": "디오스 LG전자 스팀 DFB22WA",
    "ReviewScore": "5",
    "Syllable": "97",
    "Word": "21",
    "RDate": "20211130",
    "GeneralPolarity": "1",
    "Aspects": [
      {
        "Aspect": "가격",
        "SentimentText": " 행사할때  좋은 가격에 잘 구매했습니다!",
        "SentimentWord": "5",
        "SentimentPolarity": "1"
      },
      {
        "Aspect": "기능",
        "SentimentText": "세척기능은  손설거지보다 깔끔하게 잘되고",
        "SentimentWord": "4",
        "SentimentPolarity": "1"
      },
      {
        "Aspect": "소음",
        "SentimentText": "소음이 거의  없어 좋아요!! ",
        "SentimentWord": "4",
        "SentimentPolarity": "1"
      },
      {
        "Aspect": "제조일/제조사",
        "SentimentText": "역시 식세기는 000입니다!",
        "SentimentWord": "3",
        "SentimentPolarity": "1"
      }
    ]
  },
  {
    "Index": "28842",
    "RawText": "모든 그릇이 잘 씻기고 세척력 완전 좋습니다!! 단점은 제 기준에서 소음이 좀 커서 아쉽네요",
    "Source": "쇼핑몰",
    "Domain": "가전",
    "MainCategory": "주방가전",
    "ProductName": "디오스 LG전자 스팀 DFB22WA",
    "ReviewScore": "5",
    "Syllable": "51",
    "Word": "14",
    "RDate": "20220429",
    "Aspects": [
      {
        "Aspect": "기능",
        "SentimentText": "모든 그릇이 잘 씻기고 세척력 완전 좋습니다!!",
        "SentimentWord": "7",
        "SentimentPolarity": "1"
      },
      {
        "Aspect": "소음",
        "SentimentText": "단점은 제 기준에서 소음이 좀 커서 아쉽네요",
        "SentimentWord": "7",
        "SentimentPolarity": "-1"
      }
    ]
  },
  {
    "Index": "28843",
    "RawText": "컵도 그릇도 깨끗이 세척되서 너무 좋습니다~ 용량은 엄청 많이 들어갈 줄 알았는데 생각보다 작아서 실망했어요~",
    "Source": "쇼핑몰",
    "Domain": "가전",
    "MainCategory": "주방가전",
    "ProductName": "디오스 LG전자 스팀 DFB22WA",
    "ReviewScore": "5",
    "Syllable": "61",
    "Word": "15",
    "RDate": "20220130",
    "GeneralPolarity": "0",
    "Aspects": [
      {
        "Aspect": "기능",
        "SentimentText": "컵도 그릇도 깨끗이 세척되서 너무 좋습니다~ ",
        "SentimentWord": "6",
        "SentimentPolarity": "1"
      },
      {
        "Aspect": "용량",
        "SentimentText": "용량은 엄청 많이 들어갈 줄 알았는데 생각보다 작아서 실망했어요~",
        "SentimentWord": "9",
        "SentimentPolarity": "-1"
      }
    ]
  },
  {
    "Index": "28844",
    "RawText": "심플한 디자인이 좋아서 구매했어요^^ 사이즈가 생각했던 거 보다 커서 아쉽습니다...",
    "Source": "쇼핑몰",
    "Domain": "가전",
    "MainCategory": "주방가전",
    "ProductName": "디오스 LG전자 스팀 DFB22WA",
    "ReviewScore": "5",
    "Syllable": "47",
    "Word": "10",
    "RDate": "20210916",
    "Aspects": [
      {
        "Aspect": "디자인",
        "SentimentText": "심플한 디자인이 좋아서 구매했어요^^",
        "SentimentWord": "4",
        "SentimentPolarity": "1"
      },
      {
        "Aspect": "사이즈",
        "SentimentText": "사이즈가 생각했던 거 보다 커서 아쉽습니다...",
        "SentimentWord": "6",
        "SentimentPolarity": "-1"
      }
    ]
  },
  {
    "Index": "28845",
    "RawText": "세척 시간이 한시간 가까이 걸려서 지루하네요ㅜ 세척기 소리는 별로 안나서 좋네요",
    "Source": "쇼핑몰",
    "Domain": "가전",
    "MainCategory": "주방가전",
    "ProductName": "디오스 LG전자 스팀 DFB22WA",
    "ReviewScore": "5",
    "Syllable": "44",
    "Word": "11",
    "RDate": "20210904",
    "Aspects": [
      {
        "Aspect": "시간/속도",
        "SentimentText": "세척 시간이 한시간 가까이 걸려서 지루하네요ㅜ ",
        "SentimentWord": "6",
        "SentimentPolarity": "-1"
      },
      {
        "Aspect": "소음",
        "SentimentText": "세척기 소리는 별로 안나서 좋네요",
        "SentimentWord": "5",
        "SentimentPolarity": "1"
      }
    ]
  },
  {
    "Index": "28846",
    "RawText": "자동 문 열림 기능이 있어서 좋습니다. 색상도 주방 가전들이랑 잘 어울려서 만족합니다.",
    "Source": "쇼핑몰",
    "Domain": "가전",
    "MainCategory": "주방가전",
    "ProductName": "디오스 LG전자 스팀 DFB22WA",
    "ReviewScore": "5",
    "Syllable": "48",
    "Word": "12",
    "RDate": "20210726",
    "GeneralPolarity": "1",
    "Aspects": [
      {
        "Aspect": "기능",
        "SentimentText": "자동 문 열림 기능이 있어서 좋습니다.",
        "SentimentWord": "6",
        "SentimentPolarity": "1"
      },
      {
        "Aspect": "색상",
        "SentimentText": " 색상도 주방 가전들이랑 잘 어울려서 만족합니다.",
        "SentimentWord": "6",
        "SentimentPolarity": "1"
      }
    ]
  },
  {
    "Index": "28847",
    "RawText": "살균건조,고온건조 기능이 있어서 안심되고 좋습니다!! 놀랄 만큼 소리가 적어 잘 쓰고 있습니다.",
    "Source": "쇼핑몰",
    "Domain": "가전",
    "MainCategory": "주방가전",
    "ProductName": "디오스 LG전자 스팀 DFB22WA",
    "ReviewScore": "5",
    "Syllable": "53",
    "Word": "12",
    "RDate": "20210714",
    "Aspects": [
      {
        "Aspect": "기능",
        "SentimentText": "살균건조,고온건조 기능이 있어서 안심되고 좋습니다!!",
        "SentimentWord": "5",
        "SentimentPolarity": "1"
      },
      {
        "Aspect": "소음",
        "SentimentText": " 놀랄 만큼 소리가 적어 잘 쓰고 있습니다. ",
        "SentimentWord": "7",
        "SentimentPolarity": "1"
      }
    ]
  },
  {
    "Index": "28849",
    "RawText": "소음도 적어서 놀랐어요! 너무 좋아요^^ 식기세척기가 있어 생활이 너무 편해졌어요~",
    "Source": "쇼핑몰",
    "Domain": "가전",
    "MainCategory": "주방가전",
    "ProductName": "디오스 LG전자 스팀 DFB22WA",
    "ReviewScore": "5",
    "Syllable": "46",
    "Word": "10",
    "RDate": "20210820",
    "Aspects": [
      {
        "Aspect": "소음",
        "SentimentText": "소음도 적어서 놀랐어요! 너무 좋아요^^ ",
        "SentimentWord": "5",
        "SentimentPolarity": "1"
      },
      {
        "Aspect": "편의성",
        "SentimentText": " 식기세척기가 있어 생활이 너무 편해졌어요~ ",
        "SentimentWord": "5",
        "SentimentPolarity": "1"
      }
    ]
  },
  {
    "Index": "28850",
    "RawText": "살균기능이 있어서 위생적이라 너무 좋아요!!  사용하기 너무 편해서  잘 이용 하네요. 강추!!",
    "Source": "쇼핑몰",
    "Domain": "가전",
    "MainCategory": "주방가전",
    "ProductName": "디오스 LG전자 스팀 DFB22WA",
    "ReviewScore": "5",
    "Syllable": "53",
    "Word": "12",
    "RDate": "20211212",
    "Aspects": [
      {
        "Aspect": "기능",
        "SentimentText": "살균기능이 있어서 위생적이라 너무 좋아요!! ",
        "SentimentWord": "5",
        "SentimentPolarity": "1"
      },
      {
        "Aspect": "편의성",
        "SentimentText": "사용하기 너무 편해서  잘 이용 하네요. 강추!!  ",
        "SentimentWord": "7",
        "SentimentPolarity": "1"
      }
    ]
  },
  {
    "Index": "28851",
    "RawText": "색상이 조금 탁해서 아쉽네요~ 식기 세척기가 있으므로 생활이 너무 편하고 좋아요!!",
    "Source": "쇼핑몰",
    "Domain": "가전",
    "MainCategory": "주방가전",
    "ProductName": "디오스 LG전자 스팀 DFB22WA",
    "ReviewScore": "5",
    "Syllable": "46",
    "Word": "11",
    "RDate": "20210820",
    "Aspects": [
      {
        "Aspect": "색상",
        "SentimentText": "색상이 조금 탁해서 아쉽네요~",
        "SentimentWord": "4",
        "SentimentPolarity": "-1"
      },
      {
        "Aspect": "편의성",
        "SentimentText": " 식기 세척기가 있으므로 생활이 너무 편하고 좋아요!!",
        "SentimentWord": "7",
        "SentimentPolarity": "1"
      }
    ]
  },
  {
    "Index": "28852",
    "RawText": "세척도 깨끗하게 잘 해줍니다. 다만 식기를 넣고 빼야 한다는 약간에 번거로움 있어요ㅡㅡ::",
    "Source": "쇼핑몰",
    "Domain": "가전",
    "MainCategory": "주방가전",
    "ProductName": "디오스 LG전자 스팀 DFB22WA",
    "ReviewScore": "5",
    "Syllable": "50",
    "Word": "12",
    "RDate": "20211208",
    "GeneralPolarity": "0",
    "Aspects": [
      {
        "Aspect": "기능",
        "SentimentText": "세척도 깨끗하게 잘 해줍니다. ",
        "SentimentWord": "4",
        "SentimentPolarity": "1"
      },
      {
        "Aspect": "편의성",
        "SentimentText": "다만 식기를 넣고 빼야 한다는 약간에 번거로움 있어요ㅡㅡ::",
        "SentimentWord": "8",
        "SentimentPolarity": "0"
      }
    ]
  },
  {
    "Index": "28853",
    "RawText": "제품 품질 진짜 튼튼하고 좋네요. 가격도 여기가 제일 저렴하게 파는 거 같아서 기분이 좋습니다",
    "Source": "쇼핑몰",
    "Domain": "가전",
    "MainCategory": "주방가전",
    "ProductName": "디오스 LG전자 스팀 DFB22WA",
    "ReviewScore": "5",
    "Syllable": "52",
    "Word": "14",
    "RDate": "20211203",
    "GeneralPolarity": "1",
    "Aspects": [
      {
        "Aspect": "품질",
        "SentimentText": "제품 품질 진짜 튼튼하고 좋네요.",
        "SentimentWord": "5",
        "SentimentPolarity": "1"
      },
      {
        "Aspect": "가격",
        "SentimentText": "가격도 여기가 제일 저렴하게 파는 거 같아서 기분이 좋습니다",
        "SentimentWord": "9",
        "SentimentPolarity": "1"
      }
    ]
  },
  {
    "Index": "28854",
    "RawText": "번거로울까봐 망설 였는데 막상 써보니 너무 편해서 좋네요~  생활 소음 보다는 약간 소리가 크긴 합니다.",
    "Source": "쇼핑몰",
    "Domain": "가전",
    "MainCategory": "주방가전",
    "ProductName": "디오스 LG전자 스팀 DFB22WA",
    "ReviewScore": "5",
    "Syllable": "58",
    "Word": "15",
    "RDate": "20210804",
    "GeneralPolarity": "0",
    "Aspects": [
      {
        "Aspect": "편의성",
        "SentimentText": "번거로울까봐 망설 였는데 막상 써보니 너무 편해서 좋네요~ ",
        "SentimentWord": "8",
        "SentimentPolarity": "1"
      },
      {
        "Aspect": "소음",
        "SentimentText": "생활 소음 보다는 약간 소리가 크긴 합니다. ",
        "SentimentWord": "7",
        "SentimentPolarity": "-1"
      }
    ]
  },
  {
    "Index": "28856",
    "RawText": "제가 직접 대리석 타공하고 설치했는데 어렵지 않고 쉽게 설치했습니다.^^ 세척도 잘 되고 있어 너무나 만족 합니다.",
    "Source": "쇼핑몰",
    "Domain": "가전",
    "MainCategory": "주방가전",
    "ProductName": "디오스 LG전자 스팀 DFB22WA",
    "ReviewScore": "5",
    "Syllable": "64",
    "Word": "16",
    "RDate": "20210627",
    "GeneralPolarity": "1",
    "Aspects": [
      {
        "Aspect": "조작성",
        "SentimentText": "제가 직접 대리석 타공하고 설치했는데 어렵지 않고 쉽게 설치했습니다.^^",
        "SentimentWord": "9",
        "SentimentPolarity": "1"
      },
      {
        "Aspect": "기능",
        "SentimentText": "세척도 잘 되고 있어 너무나 만족 합니다.",
        "SentimentWord": "7",
        "SentimentPolarity": "1"
      }
    ]
  },
  {
    "Index": "28857",
    "RawText": "디자인 너무 예쁘고 깔끔합니다.~ 색상도 씽크대 색상이랑 찰떡이라서 만족해요^^",
    "Source": "쇼핑몰",
    "Domain": "가전",
    "MainCategory": "주방가전",
    "ProductName": "디오스 LG전자 스팀 DFB22WA",
    "ReviewScore": "5",
    "Syllable": "44",
    "Word": "9",
    "RDate": "20220108",
    "GeneralPolarity": "1",
    "Aspects": [
      {
        "Aspect": "디자인",
        "SentimentText": "디자인 너무 예쁘고 깔끔합니다.~",
        "SentimentWord": "4",
        "SentimentPolarity": "1"
      },
      {
        "Aspect": "색상",
        "SentimentText": "씽크대 색상이랑 찰떡이라서 만족해요^^",
        "SentimentWord": "4",
        "SentimentPolarity": "1"
      }
    ]
  },
  {
    "Index": "28859",
    "RawText": "배송이 진짜 빨라서 너무 만족스러워요!! 아쉬운건 포장상태가 별로였어요 기스가 났어요 ㅠ 12인용인데 내부용량이 작아서 큰 그릇이 잘 안들어가네요. 표준세척시간 40~50분인데 한시간이상 세척을 하네요.",
    "Source": "쇼핑몰",
    "Domain": "가전",
    "MainCategory": "주방가전",
    "ProductName": "디오스 LG전자 스팀 DFB22WA",
    "ReviewScore": "5",
    "Syllable": "113",
    "Word": "23",
    "RDate": "20210818",
    "Aspects": [
      {
        "Aspect": "용량",
        "SentimentText": "12인용인데 내부용량이 작아서 큰 그릇이 잘 안들어가네요.",
        "SentimentWord": "7",
        "SentimentPolarity": "-1"
      },
      {
        "Aspect": "시간/속도",
        "SentimentText": "표준세척시간 40~50분인데 한시간이상 세척을 하네요.",
        "SentimentWord": "5",
        "SentimentPolarity": "-1"
      }
    ]
  },
  {
    "Index": "28860",
    "RawText": "소음은 적어서 너무 좋아요!! 근데 세척 시간이 생각보다 길어요 ㅜㅜ",
    "Source": "쇼핑몰",
    "Domain": "가전",
    "MainCategory": "주방가전",
    "ProductName": "디오스 LG전자 스팀 DFB22WA",
    "ReviewScore": "5",
    "Syllable": "38",
    "Word": "10",
    "RDate": "20220414",
    "Aspects": [
      {
        "Aspect": "소음",
        "SentimentText": "소음은 적어서 너무 좋아요!!",
        "SentimentWord": "4",
        "SentimentPolarity": "1"
      },
      {
        "Aspect": "시간/속도",
        "SentimentText": "근데 세척 시간이 생각보다 길어요 ㅜㅜ ",
        "SentimentWord": "6",
        "SentimentPolarity": "-1"
      }
    ]
  },
  {
    "Index": "28861",
    "RawText": "디자인이 이쁘네요~ 용량도 생각보다 커요! 설치 기사님 오늘 너무 고생하셨고 친절하게 가르쳐주셔서 고마웠습니다.",
    "Source": "쇼핑몰",
    "Domain": "가전",
    "MainCategory": "주방가전",
    "ProductName": "디오스 LG전자 스팀 DFB22WA",
    "ReviewScore": "5",
    "Syllable": "62",
    "Word": "13",
    "RDate": "20220105",
    "Aspects": [
      {
        "Aspect": "디자인",
        "SentimentText": "디자인이 이쁘네요~ ",
        "SentimentWord": "2",
        "SentimentPolarity": "1"
      },
      {
        "Aspect": "용량",
        "SentimentText": "용량도 생각보다 커요!",
        "SentimentWord": "3",
        "SentimentPolarity": "1"
      }
    ]
  },
  {
    "Index": "28863",
    "RawText": "타사 제품이랑 고민 하다가 이 제품으로 샀는데 디자인 이게 더 이쁘네요. 화이트 색상이라 저희 주방이랑도 딱 이예요!!!",
    "Source": "쇼핑몰",
    "Domain": "가전",
    "MainCategory": "주방가전",
    "ProductName": "디오스 LG전자 스팀 DFB22WA",
    "ReviewScore": "4",
    "Syllable": "67",
    "Word": "17",
    "RDate": "20210728",
    "GeneralPolarity": "1",
    "Aspects": [
      {
        "Aspect": "디자인",
        "SentimentText": "타사 제품이랑 고민 하다가 이 제품으로 샀는데 디자인 이게 더 이쁘네요. ",
        "SentimentWord": "11",
        "SentimentPolarity": "1"
      },
      {
        "Aspect": "색상",
        "SentimentText": "화이트 색상이라 저희 주방이랑도 딱 이예요!!! ",
        "SentimentWord": "6",
        "SentimentPolarity": "1"
      }
    ]
  },
  {
    "Index": "28864",
    "RawText": "세척 시간이 좀 오래 걸리는게 좀 아쉬워요~ 그래도 세척기가 있어서 너무 편해져서 만족합니다!",
    "Source": "쇼핑몰",
    "Domain": "가전",
    "MainCategory": "주방가전",
    "ProductName": "디오스 LG전자 스팀 DFB22WA",
    "ReviewScore": "5",
    "Syllable": "52",
    "Word": "13",
    "RDate": "20220618",
    "Aspects": [
      {
        "Aspect": "시간/속도",
        "SentimentText": "세척 시간이 좀 오래 걸리는게 좀 아쉬워요~",
        "SentimentWord": "7",
        "SentimentPolarity": "-1"
      },
      {
        "Aspect": "편의성",
        "SentimentText": "그래도 세척기가 있어서 너무 편해져서 만족합니다!",
        "SentimentWord": "6",
        "SentimentPolarity": "1"
      }
    ]
  },
  {
    "Index": "28865",
    "RawText": "세척시 소음이 적어서 마음에 듭니다!! 용량이 작은건지.. 큰 그릇은 조금밖에 안 들어가서 아쉽네요",
    "Source": "쇼핑몰",
    "Domain": "가전",
    "MainCategory": "주방가전",
    "ProductName": "디오스 LG전자 스팀 DFB22WA",
    "ReviewScore": "5",
    "Syllable": "55",
    "Word": "13",
    "RDate": "20211126",
    "Aspects": [
      {
        "Aspect": "소음",
        "SentimentText": " 세척시 소음이 적어서 마음에 듭니다!! ",
        "SentimentWord": "5",
        "SentimentPolarity": "1"
      },
      {
        "Aspect": "용량",
        "SentimentText": "용량이 작은건지.. 큰 그릇은 조금밖에 안 들어가서 아쉽네요",
        "SentimentWord": "8",
        "SentimentPolarity": "-1"
      }
    ]
  },
  {
    "Index": "28866",
    "RawText": "희망 시간대랑 안 맞아 며칠 기다렸다 설치 했어요ㅠㅠ 저렴한 가격에 잘 산 듯합니다. 타사 보다는 ㅇㅇㅇ가 좋네요",
    "Source": "쇼핑몰",
    "Domain": "가전",
    "MainCategory": "주방가전",
    "ProductName": "디오스 LG전자 스팀 DFB22WA",
    "ReviewScore": "5",
    "Syllable": "63",
    "Word": "17",
    "RDate": "20220430",
    "Aspects": [
      {
        "Aspect": "가격",
        "SentimentText": "저렴한 가격에 잘 산 듯합니다.",
        "SentimentWord": "5",
        "SentimentPolarity": "1"
      },
      {
        "Aspect": "제조일/제조사",
        "SentimentText": " 타사 보다는 ㅇㅇㅇ가 좋네요 ",
        "SentimentWord": "4",
        "SentimentPolarity": "1"
      }
    ]
  },
  {
    "Index": "28867",
    "RawText": "가성비 진짜 좋아요 다른 사이트보다 저렴하게 샀어요. 세척력도 좋아서 깔끔하게 잘 씻겨요!",
    "Source": "쇼핑몰",
    "Domain": "가전",
    "MainCategory": "주방가전",
    "ProductName": "디오스 LG전자 스팀 DFB22WA",
    "ReviewScore": "5",
    "Syllable": "50",
    "Word": "12",
    "RDate": "20220121",
    "Aspects": [
      {
        "Aspect": "가격",
        "SentimentText": "가성비 진짜 좋아요 다른 사이트보다 저렴하게 샀어요.",
        "SentimentWord": "7",
        "SentimentPolarity": "1"
      },
      {
        "Aspect": "기능",
        "SentimentText": "세척력도 좋아서 깔끔하게 잘 씻겨요!",
        "SentimentWord": "5",
        "SentimentPolarity": "1"
      }
    ]
  },
  {
    "Index": "28868",
    "RawText": "세척시간이 좀 오래 걸려서 아쉽고요. 색상도 완전 화이트가 아닌 거 같아서 별루에요..",
    "Source": "쇼핑몰",
    "Domain": "가전",
    "MainCategory": "주방가전",
    "ProductName": "디오스 LG전자 스팀 DFB22WA",
    "ReviewScore": "5",
    "Syllable": "48",
    "Word": "12",
    "RDate": "20220212",
    "GeneralPolarity": "-1",
    "Aspects": [
      {
        "Aspect": "시간/속도",
        "SentimentText": "세척시간이 좀 오래 걸려서 아쉽고요. ",
        "SentimentWord": "5",
        "SentimentPolarity": "-1"
      },
      {
        "Aspect": "색상",
        "SentimentText": "색상도 완전 화이트가 아닌 거 같아서 별루에요..",
        "SentimentWord": "7",
        "SentimentPolarity": "-1"
      }
    ]
  },
  {
    "Index": "28869",
    "RawText": "건조 기능만 따로 없는게 아쉽네요. 외관이 엄청 튼튼해 보여서 마음에 듭니다.",
    "Source": "쇼핑몰",
    "Domain": "가전",
    "MainCategory": "주방가전",
    "ProductName": "디오스 LG전자 스팀 DFB22WA",
    "ReviewScore": "5",
    "Syllable": "43",
    "Word": "11",
    "RDate": "20210728",
    "GeneralPolarity": "0",
    "Aspects": [
      {
        "Aspect": "기능",
        "SentimentText": "건조 기능만 따로 없는게 아쉽네요.",
        "SentimentWord": "5",
        "SentimentPolarity": "-1"
      },
      {
        "Aspect": "내구성",
        "SentimentText": "외관이 엄청 튼튼해 보여서 마음에 듭니다.",
        "SentimentWord": "6",
        "SentimentPolarity": "1"
      }
    ]
  },
  {
    "Index": "28870",
    "RawText": "누가 사용한 흔적 같은게 있어  쓰고는 있지만  찝찝합니다. 앞으로 ㅇㅇㅇ 못 쓸 것 같아요",
    "Source": "쇼핑몰",
    "Domain": "가전",
    "MainCategory": "주방가전",
    "ProductName": "디오스 LG전자 스팀 DFB22WA",
    "ReviewScore": "5",
    "Syllable": "51",
    "Word": "14",
    "RDate": "20220610",
    "GeneralPolarity": "-1",
    "Aspects": [
      {
        "Aspect": "품질",
        "SentimentText": "누가 사용한 흔적 같은게 있어  쓰고는 있지만  찝찝합니다. ",
        "SentimentWord": "8",
        "SentimentPolarity": "-1"
      },
      {
        "Aspect": "제조일/제조사",
        "SentimentText": "앞으로 ㅇㅇㅇ 못 쓸 것 같아요",
        "SentimentWord": "6",
        "SentimentPolarity": "-1"
      }
    ]
  },
  {
    "Index": "28871",
    "RawText": "세척기 소리는 적어서 귀가 편안합니다~ 디자인도 깔끔해서 주방에 잘 어울려요~^^",
    "Source": "쇼핑몰",
    "Domain": "가전",
    "MainCategory": "주방가전",
    "ProductName": "디오스 LG전자 스팀 DFB22WA",
    "ReviewScore": "5",
    "Syllable": "45",
    "Word": "10",
    "RDate": "20220305",
    "Aspects": [
      {
        "Aspect": "소음",
        "SentimentText": "세척기 소리는 적어서 귀가 편안합니다~",
        "SentimentWord": "5",
        "SentimentPolarity": "1"
      },
      {
        "Aspect": "디자인",
        "SentimentText": " 디자인도 깔끔해서 주방에 잘 어울려요~^^",
        "SentimentWord": "5",
        "SentimentPolarity": "1"
      }
    ]
  },
  {
    "Index": "28872",
    "RawText": "저렴하게 잘 산거 같아서 너무 기뻐요. 아쉬운건 색상이 화면이랑 달라서 좀 별로에요 ㅠㅠ",
    "Source": "쇼핑몰",
    "Domain": "가전",
    "MainCategory": "주방가전",
    "ProductName": "디오스 LG전자 스팀 DFB22WA",
    "ReviewScore": "5",
    "Syllable": "49",
    "Word": "13",
    "RDate": "20210628",
    "GeneralPolarity": "0",
    "Aspects": [
      {
        "Aspect": "가격",
        "SentimentText": "저렴하게 잘 산거 같아서 너무 기뻐요. ",
        "SentimentWord": "6",
        "SentimentPolarity": "1"
      },
      {
        "Aspect": "색상",
        "SentimentText": "아쉬운건 색상이 화면이랑 달라서 좀 별로에요 ㅠㅠ",
        "SentimentWord": "7",
        "SentimentPolarity": "-1"
      }
    ]
  },
  {
    "Index": "28874",
    "RawText": "세척하는 동안 조용해서 소음을 못 느낍니다~^^ 비용 추가도 없고 저렴하게 잘산 거 같아서 만족스럽네요.",
    "Source": "쇼핑몰",
    "Domain": "가전",
    "MainCategory": "주방가전",
    "ProductName": "디오스 LG전자 스팀 DFB22WA",
    "ReviewScore": "5",
    "Syllable": "58",
    "Word": "14",
    "RDate": "20210815",
    "Aspects": [
      {
        "Aspect": "소음",
        "SentimentText": "세척하는 동안 조용해서 소음을 못 느낍니다~^^ ",
        "SentimentWord": "6",
        "SentimentPolarity": "1"
      },
      {
        "Aspect": "가격",
        "SentimentText": "비용 추가도 없고 저렴하게 잘산 거 같아서 만족스럽네요.",
        "SentimentWord": "8",
        "SentimentPolarity": "1"
      }
    ]
  },
  {
    "Index": "28875",
    "RawText": "추가 비용이 많이 들어가서 짜증나네요.. 그릇이 깔끔하게 세척은 잘되서 만족해요!",
    "Source": "쇼핑몰",
    "Domain": "가전",
    "MainCategory": "주방가전",
    "ProductName": "디오스 LG전자 스팀 DFB22WA",
    "ReviewScore": "4",
    "Syllable": "45",
    "Word": "10",
    "RDate": "20210719",
    "Aspects": [
      {
        "Aspect": "가격",
        "SentimentText": "추가 비용이 많이 들어가서 짜증나네요.. ",
        "SentimentWord": "5",
        "SentimentPolarity": "-1"
      },
      {
        "Aspect": "기능",
        "SentimentText": "그릇이 깔끔하게 세척은 잘되서 만족해요!",
        "SentimentWord": "5",
        "SentimentPolarity": "1"
      }
    ]
  },
  {
    "Index": "28876",
    "RawText": "디자인이 주방이랑 잘 어울려서 마음에 듭니다. 세척도 깨끗하게 잘되고 건조도 잘되서 만족해요!!",
    "Source": "쇼핑몰",
    "Domain": "가전",
    "MainCategory": "주방가전",
    "ProductName": "디오스 LG전자 스팀 DFB22WA",
    "ReviewScore": "5",
    "Syllable": "53",
    "Word": "12",
    "RDate": "20211227",
    "Aspects": [
      {
        "Aspect": "디자인",
        "SentimentText": "디자인이 주방이랑 잘 어울려서 마음에 듭니다.",
        "SentimentWord": "6",
        "SentimentPolarity": "1"
      },
      {
        "Aspect": "기능",
        "SentimentText": "세척도 깨끗하게 잘되고 건조도 잘되서 만족해요!!",
        "SentimentWord": "6",
        "SentimentPolarity": "1"
      }
    ]
  },
  {
    "Index": "28877",
    "RawText": "화이트 색상이라 주방이 환하고 좋아요~근데 구성품에 세제가 없어 사용을 못해 봤습니다.ㅡㅡ 문제가 없길~",
    "Source": "쇼핑몰",
    "Domain": "가전",
    "MainCategory": "주방가전",
    "ProductName": "디오스 LG전자 스팀 DFB22WA",
    "ReviewScore": "5",
    "Syllable": "58",
    "Word": "13",
    "RDate": "20220418",
    "Aspects": [
      {
        "Aspect": "색상",
        "SentimentText": "화이트 색상이라 주방이 환하고 좋아요~",
        "SentimentWord": "5",
        "SentimentPolarity": "1"
      },
      {
        "Aspect": "제품구성",
        "SentimentText": "근데 구성품에 세제가 없어 사용을 못해 봤습니다.ㅡㅡ",
        "SentimentWord": "7",
        "SentimentPolarity": "-1"
      }
    ]
  },
  {
    "Index": "28880",
    "RawText": "세척 시간이 좀 많이 길어서 아쉽네요ㅜ 장점은 그릇이 많이 들어가서 좋아요~",
    "Source": "쇼핑몰",
    "Domain": "가전",
    "MainCategory": "주방가전",
    "ProductName": "디오스 LG전자 스팀 DFB22WA",
    "ReviewScore": "5",
    "Syllable": "42",
    "Word": "11",
    "RDate": "20220331",
    "Aspects": [
      {
        "Aspect": "시간/속도",
        "SentimentText": "세척 시간이 좀 많이 길어서 아쉽네요ㅜ",
        "SentimentWord": "6",
        "SentimentPolarity": "-1"
      },
      {
        "Aspect": "용량",
        "SentimentText": "장점은 그릇이 많이 들어가서 좋아요~",
        "SentimentWord": "5",
        "SentimentPolarity": "1"
      }
    ]
  },
  {
    "Index": "28881",
    "RawText": "완전 저렴하게 사서 기분이 너무 좋습니다. 다만 생각했던 거 보다 소리가 좀 커서 아쉬워여 ㅠ",
    "Source": "쇼핑몰",
    "Domain": "가전",
    "MainCategory": "주방가전",
    "ProductName": "디오스 LG전자 스팀 DFB22WA",
    "ReviewScore": "5",
    "Syllable": "52",
    "Word": "15",
    "RDate": "20210930",
    "GeneralPolarity": "0",
    "Aspects": [
      {
        "Aspect": "가격",
        "SentimentText": "완전 저렴하게 사서 기분이 너무 좋습니다. ",
        "SentimentWord": "6",
        "SentimentPolarity": "1"
      },
      {
        "Aspect": "소음",
        "SentimentText": "생각했던 거 보다 소리가 좀 커서 아쉬워여 ㅠ",
        "SentimentWord": "8",
        "SentimentPolarity": "-1"
      }
    ]
  },
  {
    "Index": "28883",
    "RawText": "세척기가 있어서 여유있고 너무 편해졌어요~~^^ 색상이 깨끗한 화이트가 아니라서 아쉽네요",
    "Source": "쇼핑몰",
    "Domain": "가전",
    "MainCategory": "주방가전",
    "ProductName": "디오스 LG전자 스팀 DFB22WA",
    "ReviewScore": "5",
    "Syllable": "49",
    "Word": "10",
    "RDate": "20210618",
    "Aspects": [
      {
        "Aspect": "편의성",
        "SentimentText": "세척기가 있어서 여유있고 너무 편해졌어요~~^^ ",
        "SentimentWord": "5",
        "SentimentPolarity": "1"
      },
      {
        "Aspect": "색상",
        "SentimentText": "색상이 깨끗한 화이트가 아니라서 아쉽네요 ",
        "SentimentWord": "5",
        "SentimentPolarity": "-1"
      }
    ]
  },
  {
    "Index": "28884",
    "RawText": "진짜 세척기 소리 조용하니 너무 좋습니다. 아쉬운건 전기세가 많이 나올 거 같아요 ㅠㅠ",
    "Source": "쇼핑몰",
    "Domain": "가전",
    "MainCategory": "주방가전",
    "ProductName": "디오스 LG전자 스팀 DFB22WA",
    "ReviewScore": "5",
    "Syllable": "48",
    "Word": "13",
    "RDate": "20220328",
    "GeneralPolarity": "0",
    "Aspects": [
      {
        "Aspect": "소음",
        "SentimentText": "진짜 세척기 소리 조용하니 너무 좋습니다.",
        "SentimentWord": "6",
        "SentimentPolarity": "1"
      },
      {
        "Aspect": "소비전력",
        "SentimentText": "아쉬운건 전기세가 많이 나올 거 같아요 ㅠㅠ",
        "SentimentWord": "7",
        "SentimentPolarity": "-1"
      }
    ]
  },
  {
    "Index": "28885",
    "RawText": "아주 편리하게 잘 사용 중입니다. 소음도 작고 좋습니다!",
    "Source": "쇼핑몰",
    "Domain": "가전",
    "MainCategory": "주방가전",
    "ProductName": "디오스 LG전자 스팀 DUB22SA 일반구매",
    "ReviewScore": "5",
    "Syllable": "31",
    "Word": "8",
    "RDate": "20210604",
    "Aspects": [
      {
        "Aspect": "편의성",
        "SentimentText": "아주 편리하게 잘 사용 중입니다. ",
        "SentimentWord": "5",
        "SentimentPolarity": "1"
      },
      {
        "Aspect": "소음",
        "SentimentText": "소음도 작고 좋습니다!",
        "SentimentWord": "3",
        "SentimentPolarity": "1"
      }
    ]
  },
  {
    "Index": "28886",
    "RawText": "세척기 작동시 소음은 생각보다 조용해서 아주 좋아요!  단점은 생각했던 거 보다 큰 그릇은 많이 안들어가서 아쉬워용..",
    "Source": "쇼핑몰",
    "Domain": "가전",
    "MainCategory": "주방가전",
    "ProductName": "디오스 LG전자 스팀 DUB22SA 일반구매",
    "ReviewScore": "5",
    "Syllable": "66",
    "Word": "16",
    "RDate": "20220217",
    "Aspects": [
      {
        "Aspect": "소음",
        "SentimentText": "세척기 작동시 소음은 생각보다 조용해서 아주 좋아요!  ",
        "SentimentWord": "7",
        "SentimentPolarity": "1"
      },
      {
        "Aspect": "용량",
        "SentimentText": "단점은 생각했던 거 보다 큰 그릇은 많이 안들어가서 아쉬워용..",
        "SentimentWord": "9",
        "SentimentPolarity": "-1"
      }
    ]
  },
  {
    "Index": "28887",
    "RawText": "12인용이라 용량이 커서 넉넉하니 좋습니다~ 색상이 화이트인데 완전 깔끔해 보이지가 않아서 아쉬워요",
    "Source": "쇼핑몰",
    "Domain": "가전",
    "MainCategory": "주방가전",
    "ProductName": "디오스 LG전자 스팀 DUB22SA 일반구매",
    "ReviewScore": "5",
    "Syllable": "55",
    "Word": "12",
    "RDate": "20210629",
    "Aspects": [
      {
        "Aspect": "용량",
        "SentimentText": "12인용이라 용량이 커서 넉넉하니 좋습니다~",
        "SentimentWord": "5",
        "SentimentPolarity": "1"
      },
      {
        "Aspect": "색상",
        "SentimentText": "색상이 화이트인데 완전 깔끔해 보이지가 않아서 아쉬워요",
        "SentimentWord": "7",
        "SentimentPolarity": "-1"
      }
    ]
  },
  {
    "Index": "28888",
    "RawText": "배송, 설치 친절하게 해주셔서 만족입니다. 포장이 부실했던건지 제품에 기스가 좀 있어서 아쉽습니다. 자동문열림 기능이 삐걱거리면서 잘 열리지 않아요. 겁나 비싸게 주고 산 물건인데...가성비 쾅",
    "Source": "쇼핑몰",
    "Domain": "가전",
    "MainCategory": "주방가전",
    "ProductName": "디오스 LG전자 스팀 DUB22SA 일반구매",
    "ReviewScore": "5",
    "Syllable": "108",
    "Word": "24",
    "RDate": "20210828",
    "Aspects": [
      {
        "Aspect": "기능",
        "SentimentText": "자동문열림 기능이 삐걱거리면서 잘 열리지 않아요.",
        "SentimentWord": "6",
        "SentimentPolarity": "-1"
      },
      {
        "Aspect": "가격",
        "SentimentText": "겁나 비싸게 주고 산 물건인데...가성비 쾅",
        "SentimentWord": "6",
        "SentimentPolarity": "-1"
      }
    ]
  },
  {
    "Index": "28889",
    "RawText": "세척력도 좋은 편이고  사용하는 것도  편한데  설치 할때 시간은 걸렸지만 그래도 잘 설치 받았어요. 대만족",
    "Source": "쇼핑몰",
    "Domain": "가전",
    "MainCategory": "주방가전",
    "ProductName": "디오스 LG전자 스팀 DUB22SA 일반구매",
    "ReviewScore": "5",
    "Syllable": "60",
    "Word": "15",
    "RDate": "20210501",
    "Aspects": [
      {
        "Aspect": "기능",
        "SentimentText": "세척력도 좋은 편이고 ",
        "SentimentWord": "3",
        "SentimentPolarity": "1"
      },
      {
        "Aspect": "편의성",
        "SentimentText": "사용하는 것도  편한데 ",
        "SentimentWord": "3",
        "SentimentPolarity": "1"
      }
    ]
  },
  {
    "Index": "28890",
    "RawText": "세척력은 너무 좋아서 만족스러워요~ 세척기 소음이 생각했던 거 보다 커서 별루에용..",
    "Source": "쇼핑몰",
    "Domain": "가전",
    "MainCategory": "주방가전",
    "ProductName": "디오스 LG전자 스팀 DUB22SA 일반구매",
    "ReviewScore": "5",
    "Syllable": "47",
    "Word": "11",
    "RDate": "20211022",
    "Aspects": [
      {
        "Aspect": "기능",
        "SentimentText": "세척력은 너무 좋아서 만족스러워요~",
        "SentimentWord": "4",
        "SentimentPolarity": "1"
      },
      {
        "Aspect": "소음",
        "SentimentText": "세척기 소음이 생각했던 거 보다 커서 별루에용..",
        "SentimentWord": "7",
        "SentimentPolarity": "-1"
      }
    ]
  },
  {
    "Index": "28891",
    "RawText": "오프라인보다 저렴하게 구매해서 만족입니다~ 디자인은 테두리가 검은색이라 아쉽네요~",
    "Source": "쇼핑몰",
    "Domain": "가전",
    "MainCategory": "주방가전",
    "ProductName": "디오스 LG전자 스팀 DUB22SA 일반구매",
    "ReviewScore": "5",
    "Syllable": "45",
    "Word": "8",
    "RDate": "20211018",
    "GeneralPolarity": "0",
    "Aspects": [
      {
        "Aspect": "가격",
        "SentimentText": "오프라인보다 저렴하게 구매해서 만족입니다~",
        "SentimentWord": "4",
        "SentimentPolarity": "1"
      },
      {
        "Aspect": "디자인",
        "SentimentText": "디자인은 테두리가 검은색이라 아쉽네요~",
        "SentimentWord": "4",
        "SentimentPolarity": "-1"
      }
    ]
  },
  {
    "Index": "28892",
    "RawText": "작동도 잘되고 세쳑도 잘되서 맘에 듭니다!! 세척하는데 시간이 좀 많이 걸리는게 많이 아쉽습니다.",
    "Source": "쇼핑몰",
    "Domain": "가전",
    "MainCategory": "주방가전",
    "ProductName": "디오스 LG전자 스팀 DUB22SA 일반구매",
    "ReviewScore": "5",
    "Syllable": "54",
    "Word": "13",
    "RDate": "20210929",
    "Aspects": [
      {
        "Aspect": "기능",
        "SentimentText": "작동도 잘되고 세쳑도 잘되서 맘에 듭니다!! ",
        "SentimentWord": "6",
        "SentimentPolarity": "1"
      },
      {
        "Aspect": "시간/속도",
        "SentimentText": "세척하는데 시간이 좀 많이 걸리는게 많이 아쉽습니다.",
        "SentimentWord": "7",
        "SentimentPolarity": "-1"
      }
    ]
  },
  {
    "Index": "28893",
    "RawText": "설치기사님 완전 꼼꼼 깨끗하게 해주셔서 좋았어요. 가격도 오프라인보다 저렴하게 잘 샀고, 마감처리도 잘 되어 있어서 품질도 좋네요 디자인도 너무 예뻐서 대만족입니다~",
    "Source": "쇼핑몰",
    "Domain": "가전",
    "MainCategory": "주방가전",
    "ProductName": "디오스 LG전자 스팀 DUB22SA 일반구매",
    "ReviewScore": "5",
    "Syllable": "92",
    "Word": "21",
    "RDate": "20220302",
    "Aspects": [
      {
        "Aspect": "디자인",
        "SentimentText": "디자인도 너무 예뻐서 대만족입니다~",
        "SentimentWord": "4",
        "SentimentPolarity": "1"
      },
      {
        "Aspect": "가격",
        "SentimentText": "오프라인보다 저렴하게 잘 샀고,",
        "SentimentWord": "4",
        "SentimentPolarity": "1"
      },
      {
        "Aspect": "품질",
        "SentimentText": "마감처리도 잘 되어 있어서 품질도 좋네요 ",
        "SentimentWord": "6",
        "SentimentPolarity": "1"
      }
    ]
  },
  {
    "Index": "28894",
    "RawText": "저렴하게 잘 사서 기분이 좋네요~ 깨끗하게 잘 닦이고 식기세척기 성능은 너무 좋아서 만족해요!",
    "Source": "쇼핑몰",
    "Domain": "가전",
    "MainCategory": "주방가전",
    "ProductName": "디오스 LG전자 스팀 DUB22SA 일반구매",
    "ReviewScore": "5",
    "Syllable": "52",
    "Word": "13",
    "RDate": "20211228",
    "Aspects": [
      {
        "Aspect": "가격",
        "SentimentText": "저렴하게 잘 사서 기분이 좋네요~ ",
        "SentimentWord": "5",
        "SentimentPolarity": "1"
      },
      {
        "Aspect": "기능",
        "SentimentText": " 깨끗하게 잘 닦이고 식기세척기 성능은 너무 좋아서 만족해요!",
        "SentimentWord": "8",
        "SentimentPolarity": "1"
      }
    ]
  },
  {
    "Index": "28895",
    "RawText": "세척기능이 아주 좋아요! 만족~ 아쉬운건 전기세가 더 많이 나간다는거...",
    "Source": "쇼핑몰",
    "Domain": "가전",
    "MainCategory": "주방가전",
    "ProductName": "디오스 LG전자 스팀 DUB22SA 일반구매",
    "ReviewScore": "5",
    "Syllable": "41",
    "Word": "9",
    "RDate": "20210804",
    "GeneralPolarity": "0",
    "Aspects": [
      {
        "Aspect": "기능",
        "SentimentText": "세척기능이 아주 좋아요! 만족~",
        "SentimentWord": "4",
        "SentimentPolarity": "1"
      },
      {
        "Aspect": "소비전력",
        "SentimentText": "아쉬운건 전기세가 더 많이 나간다는거...",
        "SentimentWord": "5",
        "SentimentPolarity": "-1"
      }
    ]
  },
  {
    "Index": "28896",
    "RawText": "세척력이 상당히 좋고 기능도 많아서 좋아요! 컬러도 제가 원하는 색! 완전 이뽀요~",
    "Source": "쇼핑몰",
    "Domain": "가전",
    "MainCategory": "주방가전",
    "ProductName": "디오스 LG전자 스팀 DUB22SA 일반구매",
    "ReviewScore": "5",
    "Syllable": "46",
    "Word": "12",
    "RDate": "20201224",
    "Aspects": [
      {
        "Aspect": "기능",
        "SentimentText": "세척력이 상당히 좋고 기능도 많아서 좋아요! ",
        "SentimentWord": "6",
        "SentimentPolarity": "1"
      },
      {
        "Aspect": "색상",
        "SentimentText": "컬러도 제가 원하는 색! 완전 이뽀요~",
        "SentimentWord": "6",
        "SentimentPolarity": "1"
      }
    ]
  },
  {
    "Index": "28897",
    "RawText": "용량이 넓어서 그릇이 많이 들어가서 너무 좋아요. 디자인도 주방이랑 잘 어울려서 만족입니다~",
    "Source": "쇼핑몰",
    "Domain": "가전",
    "MainCategory": "주방가전",
    "ProductName": "디오스 LG전자 스팀 DUB22SA 일반구매",
    "ReviewScore": "5",
    "Syllable": "51",
    "Word": "12",
    "RDate": "20211026",
    "GeneralPolarity": "1",
    "Aspects": [
      {
        "Aspect": "용량",
        "SentimentText": "용량이 넓어서 그릇이 많이 들어가서 너무 좋아요.",
        "SentimentWord": "7",
        "SentimentPolarity": "1"
      },
      {
        "Aspect": "디자인",
        "SentimentText": "디자인도 주방이랑 잘 어울려서 만족입니다~",
        "SentimentWord": "5",
        "SentimentPolarity": "1"
      }
    ]
  },
  {
    "Index": "28898",
    "RawText": "배송이 많이 느려서 아쉬워요 ㅠ 포장은 깔끔하게 잘와서 만족입니다. 집안 인테리어 고려해서 흰색을 선택했는데 내가 생각한 흰색이 아니라 실망이에요 한번 돌릴때마다 들리는 소음에 깜짝깜짝 놀라네요.ㅠㅠ",
    "Source": "쇼핑몰",
    "Domain": "가전",
    "MainCategory": "주방가전",
    "ProductName": "디오스 LG전자 스팀 DUB22SA 일반구매",
    "ReviewScore": "5",
    "Syllable": "111",
    "Word": "25",
    "RDate": "20210415",
    "Aspects": [
      {
        "Aspect": "색상",
        "SentimentText": "집안 인테리어 고려해서 흰색을 선택했는데 내가 생각한 흰색이 아니라 실망이에요",
        "SentimentWord": "10",
        "SentimentPolarity": "-1"
      },
      {
        "Aspect": "소음",
        "SentimentText": "한번 돌릴때마다 들리는 소음에 깜짝깜짝 놀라네요.ㅠㅠ",
        "SentimentWord": "6",
        "SentimentPolarity": "-1"
      }
    ]
  },
  {
    "Index": "28899",
    "RawText": "다른곳보다 가격이 저렴해서 너무 좋네요~^^ 색상은 사진보다 칙칙해서.. 별로네요",
    "Source": "쇼핑몰",
    "Domain": "가전",
    "MainCategory": "주방가전",
    "ProductName": "디오스 LG전자 스팀 DUB22SA 일반구매",
    "ReviewScore": "5",
    "Syllable": "45",
    "Word": "9",
    "RDate": "20210927",
    "Aspects": [
      {
        "Aspect": "가격",
        "SentimentText": "다른곳보다 가격이 저렴해서 너무 좋네요~^^ ",
        "SentimentWord": "5",
        "SentimentPolarity": "1"
      },
      {
        "Aspect": "색상",
        "SentimentText": "색상은 사진보다 칙칙해서.. 별로네요 ",
        "SentimentWord": "4",
        "SentimentPolarity": "-1"
      }
    ]
  },
  {
    "Index": "28901",
    "RawText": "터치라 그런지 버튼 인식이 느려서 별로에요.. 색상도 화면보다 칙칙하고 많이 아쉽습니다~",
    "Source": "쇼핑몰",
    "Domain": "가전",
    "MainCategory": "주방가전",
    "ProductName": "디오스 LG전자 스팀 DUB22SA 일반구매",
    "ReviewScore": "5",
    "Syllable": "49",
    "Word": "11",
    "RDate": "20220802",
    "GeneralPolarity": "-1",
    "Aspects": [
      {
        "Aspect": "조작성",
        "SentimentText": "터치라 그런지 버튼 인식이 느려서 별로에요.. ",
        "SentimentWord": "6",
        "SentimentPolarity": "-1"
      },
      {
        "Aspect": "색상",
        "SentimentText": "색상도 화면보다 칙칙하고 많이 아쉽습니다~",
        "SentimentWord": "5",
        "SentimentPolarity": "-1"
      }
    ]
  },
  {
    "Index": "28902",
    "RawText": "색상은 젊은 사람들한테는 칙칙해서 별로인거 같아요. 터치라 조작이 간편한 건 마음에 드네요.",
    "Source": "쇼핑몰",
    "Domain": "가전",
    "MainCategory": "주방가전",
    "ProductName": "디오스 LG전자 스팀 DUB22SA 일반구매",
    "ReviewScore": "4",
    "Syllable": "51",
    "Word": "12",
    "RDate": "20210925",
    "GeneralPolarity": "0",
    "Aspects": [
      {
        "Aspect": "색상",
        "SentimentText": "색상은 젊은 사람들한테는 칙칙해서 별로인거 같아요",
        "SentimentWord": "6",
        "SentimentPolarity": "-1"
      },
      {
        "Aspect": "조작성",
        "SentimentText": "터치라 조작이 간편한 건 마음에 드네요.",
        "SentimentWord": "6",
        "SentimentPolarity": "1"
      }
    ]
  },
  {
    "Index": "28905",
    "RawText": "세척 시간이 오래 걸려서 아쉽네요, 세척기 작동시 소음은 적어서 너무 좋아요!!",
    "Source": "쇼핑몰",
    "Domain": "가전",
    "MainCategory": "주방가전",
    "ProductName": "디오스 LG전자 스팀 DUB22SA 일반구매",
    "ReviewScore": "5",
    "Syllable": "44",
    "Word": "11",
    "RDate": "20220202",
    "Aspects": [
      {
        "Aspect": "시간/속도",
        "SentimentText": "세척 시간이 오래 걸려서 아쉽네요,",
        "SentimentWord": "5",
        "SentimentPolarity": "-1"
      },
      {
        "Aspect": "소음",
        "SentimentText": "세척기 작동시 소음은 적어서 너무 좋아요!!",
        "SentimentWord": "6",
        "SentimentPolarity": "1"
      }
    ]
  },
  {
    "Index": "28907",
    "RawText": "그릇이 깨끗하게 세척 됩니다 세척 기능이 마음에 들어요. 실버 색상이 밝고 좋네요~",
    "Source": "쇼핑몰",
    "Domain": "가전",
    "MainCategory": "주방가전",
    "ProductName": "디오스 LG전자 스팀 DUB22SA 일반구매",
    "ReviewScore": "5",
    "Syllable": "46",
    "Word": "12",
    "RDate": "20210420",
    "Aspects": [
      {
        "Aspect": "기능",
        "SentimentText": "그릇이 깨끗하게 세척 됩니다 세척 기능이 마음에 들어요.",
        "SentimentWord": "8",
        "SentimentPolarity": "1"
      },
      {
        "Aspect": "색상",
        "SentimentText": "실버 색상이 밝고 좋네요~",
        "SentimentWord": "4",
        "SentimentPolarity": "1"
      }
    ]
  },
  {
    "Index": "28908",
    "RawText": "자동으로 문열리는 기능 진짜 대박입니다 좋아요! 세척 시간은 아직도 오래걸려서 아쉽네요~",
    "Source": "쇼핑몰",
    "Domain": "가전",
    "MainCategory": "주방가전",
    "ProductName": "디오스 LG전자 스팀 DUB22SA 일반구매",
    "ReviewScore": "5",
    "Syllable": "49",
    "Word": "11",
    "RDate": "20210626",
    "GeneralPolarity": "0",
    "Aspects": [
      {
        "Aspect": "기능",
        "SentimentText": "자동으로 문열리는 기능 진짜 대박입니다 좋아요!",
        "SentimentWord": "6",
        "SentimentPolarity": "1"
      },
      {
        "Aspect": "시간/속도",
        "SentimentText": "세척 시간은 아직도 오래걸려서 아쉽네요~",
        "SentimentWord": "5",
        "SentimentPolarity": "-1"
      }
    ]
  },
  {
    "Index": "28909",
    "RawText": "기사님은 완전 친절하셔서 좋았어요! ~ 포장이 제대로 안된건지 제품에 기스가 있어서 짜증나네요 ㅠ 기대가 너무 컸나요? 설치후 사용해봤는데 품질 쾅이네요. 고온 살균도 가닥 고온같지않고 행굼기능도 시원하지 않네요",
    "Source": "쇼핑몰",
    "Domain": "가전",
    "MainCategory": "주방가전",
    "ProductName": "디오스 LG전자 스팀 DUB22SA 일반구매",
    "ReviewScore": "4",
    "Syllable": "118",
    "Word": "27",
    "RDate": "20210121",
    "Aspects": [
      {
        "Aspect": "품질",
        "SentimentText": "기대가 너무 컸나요? 설치후 사용해봤는데 품질 쾅이네요.",
        "SentimentWord": "7",
        "SentimentPolarity": "-1"
      },
      {
        "Aspect": "기능",
        "SentimentText": "고온 살균도 가닥 고온같지않고 행굼기능도 시원하지 않네요",
        "SentimentWord": "7",
        "SentimentPolarity": "-1"
      }
    ]
  },
  {
    "Index": "28910",
    "RawText": "세척 시간이 문제네요.너무 오래 걸려서 아쉬워요ㅜ  상품은 싸게 잘 사서 만족합니다..",
    "Source": "쇼핑몰",
    "Domain": "가전",
    "MainCategory": "주방가전",
    "ProductName": "디오스 LG전자 스팀 DUB22SA 일반구매",
    "ReviewScore": "5",
    "Syllable": "48",
    "Word": "11",
    "RDate": "20210826",
    "Aspects": [
      {
        "Aspect": "시간/속도",
        "SentimentText": "세척 시간이 문제네요.너무 오래 걸려서 아쉬워요ㅜ ",
        "SentimentWord": "6",
        "SentimentPolarity": "-1"
      },
      {
        "Aspect": "가격",
        "SentimentText": "상품은 싸게 잘 사서 만족합니다..",
        "SentimentWord": "5",
        "SentimentPolarity": "1"
      }
    ]
  },
  {
    "Index": "28911",
    "RawText": "디자인 너무 이쁜 것 같아요 ㅎㅎ 세척기 사용하니 설겆이 스트레스도 없고 너무 편하고 좋아요!",
    "Source": "쇼핑몰",
    "Domain": "가전",
    "MainCategory": "주방가전",
    "ProductName": "디오스 LG전자 스팀 DUB22SA 일반구매",
    "ReviewScore": "5",
    "Syllable": "52",
    "Word": "14",
    "RDate": "20210226",
    "Aspects": [
      {
        "Aspect": "디자인",
        "SentimentText": "디자인 너무 이쁜 것 같아요 ㅎㅎ",
        "SentimentWord": "6",
        "SentimentPolarity": "1"
      },
      {
        "Aspect": "편의성",
        "SentimentText": "세척기 사용하니 설겆이 스트레스도 없고 너무 편하고 좋아요!",
        "SentimentWord": "8",
        "SentimentPolarity": "1"
      }
    ]
  },
  {
    "Index": "28912",
    "RawText": "그릇들이 광이 나고 깨끗해서 세척력 정말 좋아요! 세척 시간은 여전히 느려서 별로네요..",
    "Source": "쇼핑몰",
    "Domain": "가전",
    "MainCategory": "주방가전",
    "ProductName": "디오스 LG전자 스팀 DUB22SA 일반구매",
    "ReviewScore": "5",
    "Syllable": "49",
    "Word": "12",
    "RDate": "20220527",
    "Aspects": [
      {
        "Aspect": "기능",
        "SentimentText": "그릇들이 광이 나고 깨끗해서 세척력 정말 좋아요! ",
        "SentimentWord": "7",
        "SentimentPolarity": "1"
      },
      {
        "Aspect": "시간/속도",
        "SentimentText": "세척 시간은 여전히 느려서 별로네요..",
        "SentimentWord": "5",
        "SentimentPolarity": "-1"
      }
    ]
  },
  {
    "Index": "28913",
    "RawText": "세척기능이 너무 잘 되서 그릇이 뽀드득 해요~ 소음도 거의 안나서 더욱 좋네요~^^",
    "Source": "쇼핑몰",
    "Domain": "가전",
    "MainCategory": "주방가전",
    "ProductName": "디오스 LG전자 스팀 DUB22SA 일반구매",
    "ReviewScore": "5",
    "Syllable": "46",
    "Word": "12",
    "RDate": "20210608",
    "Aspects": [
      {
        "Aspect": "기능",
        "SentimentText": "세척기능이 너무 잘 되서 그릇이 뽀드득 해요~",
        "SentimentWord": "7",
        "SentimentPolarity": "1"
      },
      {
        "Aspect": "소음",
        "SentimentText": " 소음도 거의 안나서 더욱 좋네요~^^",
        "SentimentWord": "5",
        "SentimentPolarity": "1"
      }
    ]
  },
  {
    "Index": "28914",
    "RawText": "좋은 가격에 잘 구매해서 좋습니다~색상은 사진보다 더 어두워서 실망했어요 ㅠㅠ",
    "Source": "쇼핑몰",
    "Domain": "가전",
    "MainCategory": "주방가전",
    "ProductName": "디오스 LG전자 스팀 DUB22SA 일반구매",
    "ReviewScore": "5",
    "Syllable": "43",
    "Word": "10",
    "RDate": "20210712",
    "Aspects": [
      {
        "Aspect": "가격",
        "SentimentText": "좋은 가격에 잘 구매해서 좋습니다~",
        "SentimentWord": "5",
        "SentimentPolarity": "1"
      },
      {
        "Aspect": "색상",
        "SentimentText": "색상은 사진보다 더 어두워서 실망했어요 ㅠㅠ",
        "SentimentWord": "6",
        "SentimentPolarity": "-1"
      }
    ]
  },
  {
    "Index": "28917",
    "RawText": "인테리어 하면서 설치 받았는데  컬러감이  주방 색상이랑 깔 맞춤처럼 보여 이쁘네요 완벽한 소독이 되니 안심할수 있어 맘이 놓여요~",
    "Source": "쇼핑몰",
    "Domain": "가전",
    "MainCategory": "주방가전",
    "ProductName": "디오스 LG전자 스팀 DUB22SA 일반구매",
    "ReviewScore": "5",
    "Syllable": "73",
    "Word": "18",
    "RDate": "20210929",
    "Aspects": [
      {
        "Aspect": "색상",
        "SentimentText": "컬러감이  주방 색상이랑 깔 맞춤처럼 보여 이쁘네요  ",
        "SentimentWord": "7",
        "SentimentPolarity": "1"
      },
      {
        "Aspect": "기능",
        "SentimentText": "완벽한 소독이 되니 안심할수 있어 맘이 놓여요~",
        "SentimentWord": "7",
        "SentimentPolarity": "1"
      }
    ]
  },
  {
    "Index": "28918",
    "RawText": "소음도 거의 안나고 조용하니 좋네요. 디자인도 너무 예뻐서 만족스럽고 설치도 스피드하게 해주셔서 최고에요~",
    "Source": "쇼핑몰",
    "Domain": "가전",
    "MainCategory": "주방가전",
    "ProductName": "디오스 LG전자 스팀 DUB22SA 일반구매",
    "ReviewScore": "5",
    "Syllable": "59",
    "Word": "13",
    "RDate": "20211110",
    "Aspects": [
      {
        "Aspect": "소음",
        "SentimentText": "소음도 거의 안나고 조용하니 좋네요. ",
        "SentimentWord": "5",
        "SentimentPolarity": "1"
      },
      {
        "Aspect": "디자인",
        "SentimentText": "디자인도 너무 예뻐서 만족스럽고",
        "SentimentWord": "4",
        "SentimentPolarity": "1"
      }
    ]
  },
  {
    "Index": "28919",
    "RawText": "넉넉한 용량이라 그릇이 많이 들어가서 너무 좋네요! 오프라인보다 훨씬~ 저렴하게 구매해서 아주 만족스러워요!",
    "Source": "쇼핑몰",
    "Domain": "가전",
    "MainCategory": "주방가전",
    "ProductName": "디오스 LG전자 스팀 DUB22SA 일반구매",
    "ReviewScore": "5",
    "Syllable": "60",
    "Word": "13",
    "RDate": "20220522",
    "Aspects": [
      {
        "Aspect": "용량",
        "SentimentText": "넉넉한 용량이라 그릇이 많이 들어가서 너무 좋네요! ",
        "SentimentWord": "7",
        "SentimentPolarity": "1"
      },
      {
        "Aspect": "가격",
        "SentimentText": "오프라인보다 훨씬~ 저렴하게 구매해서 아주 만족스러워요!",
        "SentimentWord": "6",
        "SentimentPolarity": "1"
      }
    ]
  },
  {
    "Index": "28920",
    "RawText": "온라인에서 훨씬 저렴하게 구매할 수 있어서 기분이 좋네요^^ 사은품이 하나도 없다는 건 좀 아쉽네요~",
    "Source": "쇼핑몰",
    "Domain": "가전",
    "MainCategory": "주방가전",
    "ProductName": "디오스 LG전자 스팀 DUB22SA 일반구매",
    "ReviewScore": "5",
    "Syllable": "56",
    "Word": "14",
    "RDate": "20220128",
    "GeneralPolarity": "0",
    "Aspects": [
      {
        "Aspect": "가격",
        "SentimentText": "온라인에서 훨씬 저렴하게 구매할 수 있어서 기분이 좋네요^^",
        "SentimentWord": "8",
        "SentimentPolarity": "1"
      },
      {
        "Aspect": "제품구성",
        "SentimentText": "사은품이 하나도 없다는 건 좀 아쉽네요~",
        "SentimentWord": "6",
        "SentimentPolarity": "-1"
      }
    ]
  },
  {
    "Index": "28924",
    "RawText": "세척기능 너무 좋아요 뽀득뽀득 그릇이 깨끗해져요~ 그만큼 세척시간이 오~래 걸린다는게 아쉽네요.",
    "Source": "쇼핑몰",
    "Domain": "가전",
    "MainCategory": "주방가전",
    "ProductName": "디오스 LG전자 스팀 DUB22SA 일반구매",
    "ReviewScore": "4",
    "Syllable": "53",
    "Word": "11",
    "RDate": "20211027",
    "GeneralPolarity": "0",
    "Aspects": [
      {
        "Aspect": "기능",
        "SentimentText": "세척기능 너무 좋아요 뽀득뽀득 그릇이 깨끗해져요~ ",
        "SentimentWord": "6",
        "SentimentPolarity": "1"
      },
      {
        "Aspect": "시간/속도",
        "SentimentText": "세척시간이 오~래 걸린다는게 아쉽네요.",
        "SentimentWord": "4",
        "SentimentPolarity": "-1"
      }
    ]
  },
  {
    "Index": "28925",
    "RawText": "그릇도 광나게 잘 닦이고 표준코스 55분정도 걸리니 생각보다 길지 않아서 좋아요! 솔직히 디자인은 타사 제품이 더 이쁘긴 하네요...",
    "Source": "쇼핑몰",
    "Domain": "가전",
    "MainCategory": "주방가전",
    "ProductName": "디오스 LG전자 스팀 DUB22SA 일반구매",
    "ReviewScore": "5",
    "Syllable": "74",
    "Word": "18",
    "RDate": "20211023",
    "Aspects": [
      {
        "Aspect": "시간/속도",
        "SentimentText": "표준코스 55분정도 걸리니 생각보다 길지 않아서 좋아요! ",
        "SentimentWord": "7",
        "SentimentPolarity": "1"
      },
      {
        "Aspect": "디자인",
        "SentimentText": " 솔직히 디자인은 타사 제품이 더 이쁘긴 하네요...",
        "SentimentWord": "7",
        "SentimentPolarity": "-1"
      },
      {
        "Aspect": "기능",
        "SentimentText": "그릇도 광나게 잘 닦이고 ",
        "SentimentWord": "4",
        "SentimentPolarity": "1"
      }
    ]
  },
  {
    "Index": "28926",
    "RawText": "빠른 배송에 기사님은 친절하시고 꼼꼼하게 잘 설치해 주셨습니다. 세척력도 좋고 건조도 잘됩니다. 디자인도 심플하니 이뻐요",
    "Source": "쇼핑몰",
    "Domain": "가전",
    "MainCategory": "주방가전",
    "ProductName": "디오스 LG전자 스팀 DUB22SA 일반구매",
    "ReviewScore": "5",
    "Syllable": "67",
    "Word": "15",
    "RDate": "20211113",
    "Aspects": [
      {
        "Aspect": "기능",
        "SentimentText": "세척력도 좋고 건조도 잘됩니다.",
        "SentimentWord": "4",
        "SentimentPolarity": "1"
      },
      {
        "Aspect": "디자인",
        "SentimentText": "디자인도 심플하니 이뻐요",
        "SentimentWord": "3",
        "SentimentPolarity": "1"
      }
    ]
  },
  {
    "Index": "28927",
    "RawText": "깨끗하게 세척도 잘 되고 건조도 잘되서 정말 만족합니다 !! 소리가 작은 편은 아니고 물소리가 좀 크네요!",
    "Source": "쇼핑몰",
    "Domain": "가전",
    "MainCategory": "주방가전",
    "ProductName": "디오스 LG전자 스팀 DUB22SA 일반구매",
    "ReviewScore": "5",
    "Syllable": "59",
    "Word": "16",
    "RDate": "20211022",
    "Aspects": [
      {
        "Aspect": "기능",
        "SentimentText": "깨끗하게 세척도 잘 되고 건조도 잘되서 정말 만족합니다 !!",
        "SentimentWord": "9",
        "SentimentPolarity": "1"
      },
      {
        "Aspect": "소음",
        "SentimentText": "소리가 작은 편은 아니고 물소리가 좀 크네요! ",
        "SentimentWord": "7",
        "SentimentPolarity": "-1"
      }
    ]
  },
  {
    "Index": "28928",
    "RawText": "소음도 거의 안들려서 조용하게 작동되네요~^^세척 후 그릇에서 냄새도 나지 않고  깨끗하게 세척이 잘 되어 안심입니다",
    "Source": "쇼핑몰",
    "Domain": "가전",
    "MainCategory": "주방가전",
    "ProductName": "디오스 LG전자 스팀 DUB22SA 일반구매",
    "ReviewScore": "5",
    "Syllable": "65",
    "Word": "15",
    "RDate": "20210201",
    "Aspects": [
      {
        "Aspect": "소음",
        "SentimentText": "소음도 거의 안들려서 조용하게 작동되네요~^^",
        "SentimentWord": "5",
        "SentimentPolarity": "1"
      },
      {
        "Aspect": "기능",
        "SentimentText": " 세척 후 그릇에서 냄새도 나지 않고  깨끗하게 세척이 잘 되어 안심입니다 ",
        "SentimentWord": "11",
        "SentimentPolarity": "1"
      }
    ]
  },
  {
    "Index": "28929",
    "RawText": "배송, 설치 기사님들 다 신속하게 진행해 주셔서 좋았습니다. 제품 하자없이 안심포장으로 와서 마음에 들었어요. 고지서 받고 깜놀했어요. 전기세 너무 많이 나온거 아닌가요. 상부터치 조작버튼 손쉽게 조작이 안되고 삑사리가 나네요.",
    "Source": "쇼핑몰",
    "Domain": "가전",
    "MainCategory": "주방가전",
    "ProductName": "디오스 LG전자 스팀 DUB22SA 일반구매",
    "ReviewScore": "5",
    "Syllable": "127",
    "Word": "29",
    "RDate": "20211129",
    "Aspects": [
      {
        "Aspect": "소비전력",
        "SentimentText": "고지서 받고 깜놀했어요. 전기세 너무 많이 나온거 아닌가요.",
        "SentimentWord": "8",
        "SentimentPolarity": "-1"
      },
      {
        "Aspect": "조작성",
        "SentimentText": "상부터치 조작버튼 손쉽게 조작이 안되고 삑사리가 나네요.",
        "SentimentWord": "7",
        "SentimentPolarity": "-1"
      }
    ]
  },
  {
    "Index": "28930",
    "RawText": "세척시 소음이 확실히 적어서 조용하고 좋아요!! 세척 시간이 생각 외로  길어 좀 답답합니다ㅠㅠ",
    "Source": "쇼핑몰",
    "Domain": "가전",
    "MainCategory": "주방가전",
    "ProductName": "디오스 LG전자 스팀 DUB22SA 일반구매",
    "ReviewScore": "5",
    "Syllable": "53",
    "Word": "13",
    "RDate": "20210830",
    "Aspects": [
      {
        "Aspect": "소음",
        "SentimentText": "세척시 소음이 확실히 적어서 조용하고 좋아요!! ",
        "SentimentWord": "6",
        "SentimentPolarity": "1"
      },
      {
        "Aspect": "시간/속도",
        "SentimentText": "세척 시간이 생각 외로  길어 좀 답답합니다ㅠㅠ",
        "SentimentWord": "7",
        "SentimentPolarity": "-1"
      }
    ]
  },
  {
    "Index": "28931",
    "RawText": "스팀기능과 씽큐기능이 있어서 만족해요~ 설거지에서 해방 되었고  착한 가격에 잘 샀습니다^^",
    "Source": "쇼핑몰",
    "Domain": "가전",
    "MainCategory": "주방가전",
    "ProductName": "디오스 LG전자 스팀 DUB22SA 일반구매",
    "ReviewScore": "5",
    "Syllable": "51",
    "Word": "11",
    "RDate": "20210915",
    "Aspects": [
      {
        "Aspect": "기능",
        "SentimentText": "스팀기능과 씽큐기능이 있어서 만족해요~",
        "SentimentWord": "4",
        "SentimentPolarity": "1"
      },
      {
        "Aspect": "가격",
        "SentimentText": "착한 가격에 잘 샀습니다^^ ",
        "SentimentWord": "4",
        "SentimentPolarity": "1"
      }
    ]
  },
  {
    "Index": "28932",
    "RawText": "세척 시간이 많이 길어서 별로네요 ㅜㅜ 생각보다 적게 들어가12인용 아닌 것 같아 실망, 찌개류 하면 설거지 많아요",
    "Source": "쇼핑몰",
    "Domain": "가전",
    "MainCategory": "주방가전",
    "ProductName": "디오스 LG전자 스팀 DUB22SA 일반구매",
    "ReviewScore": "5",
    "Syllable": "64",
    "Word": "17",
    "RDate": "20210912",
    "Aspects": [
      {
        "Aspect": "시간/속도",
        "SentimentText": "세척 시간이 많이 길어서 별로네요 ㅜㅜ ",
        "SentimentWord": "6",
        "SentimentPolarity": "-1"
      },
      {
        "Aspect": "용량",
        "SentimentText": " 생각보다 적게 들어가12인용 아닌 것 같아 실망 ",
        "SentimentWord": "7",
        "SentimentPolarity": "-1"
      }
    ]
  }
]