[
  {
    "Index": "28934",
    "RawText": "그릇이 반짝반짝 깨끗한게 세척력이 매우 좋습니다!! 식기세척기 있으니 너무 편해 삶이 질이 높아졌습니다.",
    "Source": "쇼핑몰",
    "Domain": "가전",
    "MainCategory": "주방가전",
    "ProductName": "디오스 LG전자 스팀 DUB22SA 일반구매",
    "ReviewScore": "5",
    "Syllable": "58",
    "Word": "13",
    "RDate": "20210323",
    "Aspects": [
      {
        "Aspect": "기능",
        "SentimentText": "그릇이 반짝반짝 깨끗한게 세척력이 매우 좋습니다!! ",
        "SentimentWord": "6",
        "SentimentPolarity": "1"
      },
      {
        "Aspect": "편의성",
        "SentimentText": " 식기세척기 있으니 너무 편해 삶이 질이 높아졌습니다.",
        "SentimentWord": "7",
        "SentimentPolarity": "1"
      }
    ]
  },
  {
    "Index": "28935",
    "RawText": "빌트인 설치해서 외관상  깔끔하고 이쁘네요. 싱크대 색상과 맞췄더니 너무 고급스러워요~~^^",
    "Source": "쇼핑몰",
    "Domain": "가전",
    "MainCategory": "주방가전",
    "ProductName": "디오스 LG전자 스팀 DUB22SA 일반구매",
    "ReviewScore": "5",
    "Syllable": "51",
    "Word": "10",
    "RDate": "20210624",
    "Aspects": [
      {
        "Aspect": "디자인",
        "SentimentText": "빌트인 설치해서 외관상  깔끔하고 이쁘네요. ",
        "SentimentWord": "5",
        "SentimentPolarity": "1"
      },
      {
        "Aspect": "색상",
        "SentimentText": "싱크대 색상과 맞췄더니 너무 고급스러워요~~^^",
        "SentimentWord": "5",
        "SentimentPolarity": "1"
      }
    ]
  },
  {
    "Index": "28936",
    "RawText": "용량이 크고 넉넉해서 사용하기 좋아요! 소음이 없지 않아 있고 세탁기 돌아 가는 소리정도 나요!",
    "Source": "쇼핑몰",
    "Domain": "가전",
    "MainCategory": "주방가전",
    "ProductName": "디오스 LG전자 스팀 DUB22SA 일반구매",
    "ReviewScore": "5",
    "Syllable": "53",
    "Word": "14",
    "RDate": "20210516",
    "Aspects": [
      {
        "Aspect": "용량",
        "SentimentText": "용량이 크고 넉넉해서 사용하기 좋아요! ",
        "SentimentWord": "5",
        "SentimentPolarity": "1"
      },
      {
        "Aspect": "소음",
        "SentimentText": "소음이 없지 않아 있고 세탁기 돌아 가는 소리정도 나요!",
        "SentimentWord": "9",
        "SentimentPolarity": "0"
      }
    ]
  },
  {
    "Index": "28937",
    "RawText": "생각 정말 잘 해보고 사시길 바랍니다. 편한것 같으면서 좀 번거로운 면이 있는 것 같아 잘 안씁니다. 소리도 커서 비추천 입니다",
    "Source": "쇼핑몰",
    "Domain": "가전",
    "MainCategory": "주방가전",
    "ProductName": "디오스 LG전자 스팀 DUB22SA 일반구매",
    "ReviewScore": "3",
    "Syllable": "71",
    "Word": "20",
    "RDate": "20211002",
    "GeneralPolarity": "-1",
    "Aspects": [
      {
        "Aspect": "편의성",
        "SentimentText": "편한것 같으면서 좀 번거로운 면이 있는 것 같아 잘 안씁니다. ",
        "SentimentWord": "10",
        "SentimentPolarity": "-1"
      },
      {
        "Aspect": "소음",
        "SentimentText": "소리도 커서 비추천 입니다 ",
        "SentimentWord": "4",
        "SentimentPolarity": "-1"
      }
    ]
  },
  {
    "Index": "28938",
    "RawText": "깔끔하고  소독 기능이 있어서 안심되고 좋습니다!! 다만 샤이니퓨어 주문했는데 재질이 매끈해서 손자국이 심하게 나서 아쉽네요ㅠ",
    "Source": "쇼핑몰",
    "Domain": "가전",
    "MainCategory": "주방가전",
    "ProductName": "디오스 LG전자 스팀 DUB22SA 일반구매",
    "ReviewScore": "4",
    "Syllable": "70",
    "Word": "15",
    "RDate": "20211022",
    "Aspects": [
      {
        "Aspect": "기능",
        "SentimentText": "깔끔하고  소독 기능이 있어서 안심되고 좋습니다!!",
        "SentimentWord": "6",
        "SentimentPolarity": "1"
      },
      {
        "Aspect": "소재",
        "SentimentText": " 다만 샤이니퓨어 주문했는데 재질이 매끈해서 손자국이 심하게 나서 아쉽네요ㅠ",
        "SentimentWord": "9",
        "SentimentPolarity": "-1"
      }
    ]
  },
  {
    "Index": "28939",
    "RawText": "설겆이 시간에 대한 부담감이 줄어서 너무 편해요!! 타 쇼핑몰 보다 할인 혜택이 커서 저렴하게 구입했네요 ^^",
    "Source": "쇼핑몰",
    "Domain": "가전",
    "MainCategory": "주방가전",
    "ProductName": "디오스 LG전자 스팀 DUB22SA 일반구매",
    "ReviewScore": "5",
    "Syllable": "61",
    "Word": "16",
    "RDate": "20210927",
    "Aspects": [
      {
        "Aspect": "편의성",
        "SentimentText": "설겆이 시간에 대한 부담감이 줄어서 너무 편해요!! ",
        "SentimentWord": "7",
        "SentimentPolarity": "1"
      },
      {
        "Aspect": "가격",
        "SentimentText": "타 쇼핑몰 보다 할인 혜택이 커서 저렴하게 구입했네요 ^^",
        "SentimentWord": "9",
        "SentimentPolarity": "1"
      }
    ]
  },
  {
    "Index": "28940",
    "RawText": "타사이트보다 가격이 저렴해서 너무 좋아요!! 세제가 함께 배송되지 않았습니다 ㅜ ㅜ",
    "Source": "쇼핑몰",
    "Domain": "가전",
    "MainCategory": "주방가전",
    "ProductName": "디오스 LG전자 스팀 DUB22SA 일반구매",
    "ReviewScore": "5",
    "Syllable": "46",
    "Word": "11",
    "RDate": "20210401",
    "Aspects": [
      {
        "Aspect": "가격",
        "SentimentText": "타사이트보다 가격이 저렴해서 너무 좋아요!! ",
        "SentimentWord": "5",
        "SentimentPolarity": "1"
      },
      {
        "Aspect": "제품구성",
        "SentimentText": " 세제가 함께 배송되지 않았습니다 ㅜ ㅜ ",
        "SentimentWord": "6",
        "SentimentPolarity": "-1"
      }
    ]
  },
  {
    "Index": "28941",
    "RawText": "세척시 소음이 확실히 적어서 대만족입니다!! 제품 성능도 너무 만족하고 기름때도 문제 없어요!",
    "Source": "쇼핑몰",
    "Domain": "가전",
    "MainCategory": "주방가전",
    "ProductName": "디오스 LG전자 스팀 DUB22SA 일반구매",
    "ReviewScore": "5",
    "Syllable": "52",
    "Word": "12",
    "RDate": "20211011",
    "Aspects": [
      {
        "Aspect": "소음",
        "SentimentText": "세척시 소음이 확실히 적어서 대만족입니다!! ",
        "SentimentWord": "5",
        "SentimentPolarity": "1"
      },
      {
        "Aspect": "기능",
        "SentimentText": "제품 성능도 너무 만족하고 기름때도 문제 없어요!  ",
        "SentimentWord": "7",
        "SentimentPolarity": "1"
      }
    ]
  },
  {
    "Index": "28942",
    "RawText": "매끈한 재질이라 손자국 얼룩이 많이 나네요ㅜㅜ 고온살균 기능으로 위생적이라 안심되고 만족해요! 설치 후 사용해 보니 생각보다 시간을 많이 잡아 먹네요! ㅜㅜ",
    "Source": "쇼핑몰",
    "Domain": "가전",
    "MainCategory": "주방가전",
    "ProductName": "디오스 LG전자 스팀 DUB22SA 일반구매",
    "ReviewScore": "4",
    "Syllable": "87",
    "Word": "21",
    "RDate": "20210822",
    "Aspects": [
      {
        "Aspect": "소재",
        "SentimentText": "매끈한 재질이라 손자국 얼룩이 많이 나네요ㅜㅜ",
        "SentimentWord": "6",
        "SentimentPolarity": "-1"
      },
      {
        "Aspect": "기능",
        "SentimentText": "고온살균 기능으로 위생적이라 안심되고 만족해요!",
        "SentimentWord": "5",
        "SentimentPolarity": "1"
      },
      {
        "Aspect": "시간/속도",
        "SentimentText": "설치 후 사용해 보니 생각보다 시간을 많이 잡아 먹네요! ㅜㅜ ",
        "SentimentWord": "10",
        "SentimentPolarity": "-1"
      }
    ]
  },
  {
    "Index": "28943",
    "RawText": "세척할때 소음이 있어서 살짝 거슬리네요ㅠ 그래도 성능이 좋아 잘 쓰고 있습니다",
    "Source": "쇼핑몰",
    "Domain": "가전",
    "MainCategory": "주방가전",
    "ProductName": "디오스 LG전자 스팀 DUB22SA 일반구매",
    "ReviewScore": "5",
    "Syllable": "43",
    "Word": "11",
    "RDate": "20210520",
    "Aspects": [
      {
        "Aspect": "소음",
        "SentimentText": "세척할때 소음이 있어서 살짝 거슬리네요ㅠ ",
        "SentimentWord": "5",
        "SentimentPolarity": "-1"
      },
      {
        "Aspect": "기능",
        "SentimentText": "그래도 성능이 좋아 잘 쓰고 있습니다 ",
        "SentimentWord": "6",
        "SentimentPolarity": "1"
      }
    ]
  },
  {
    "Index": "28945",
    "RawText": "아직 사은품 세제를 못 받았는데 계속 기다리면 되는건지 모르겠네요...상품에는 이상이 없어고 세척력도 아주 좋습니다.",
    "Source": "쇼핑몰",
    "Domain": "가전",
    "MainCategory": "주방가전",
    "ProductName": "디오스 LG전자 스팀 DUB22SA 일반구매",
    "ReviewScore": "4",
    "Syllable": "65",
    "Word": "14",
    "RDate": "20210503",
    "Aspects": [
      {
        "Aspect": "제품구성",
        "SentimentText": "아직 사은품 세제를 못 받았는데 계속 기다리면 되는건지 모르겠네요...",
        "SentimentWord": "9",
        "SentimentPolarity": "-1"
      },
      {
        "Aspect": "기능",
        "SentimentText": "상품에는 이상이 없어고 세척력도 아주 좋습니다. ",
        "SentimentWord": "6",
        "SentimentPolarity": "1"
      }
    ]
  },
  {
    "Index": "28947",
    "RawText": "손으로 설거지하는 거보다 훨씬 세척이 잘 되 좋습니다. 사용하기도 너무 편리해 아주 만족합니다",
    "Source": "쇼핑몰",
    "Domain": "가전",
    "MainCategory": "주방가전",
    "ProductName": "디오스 LG전자 스팀 DUB22SA 일반구매",
    "ReviewScore": "5",
    "Syllable": "52",
    "Word": "13",
    "RDate": "20210107",
    "GeneralPolarity": "1",
    "Aspects": [
      {
        "Aspect": "기능",
        "SentimentText": "손으로 설거지하는 거보다 훨씬 세척이 잘 되 좋습니다",
        "SentimentWord": "8",
        "SentimentPolarity": "1"
      },
      {
        "Aspect": "편의성",
        "SentimentText": "사용하기도 너무 편리해 아주 만족합니다 ",
        "SentimentWord": "5",
        "SentimentPolarity": "1"
      }
    ]
  },
  {
    "Index": "28948",
    "RawText": "인테리어 공사로 늦게 설치 받았지만, 성능은 아주 좋습니다. 특가로 저렴하게 정말 잘 산 것 같아요",
    "Source": "쇼핑몰",
    "Domain": "가전",
    "MainCategory": "주방가전",
    "ProductName": "디오스 LG전자 스팀 DUB22SA 일반구매",
    "ReviewScore": "5",
    "Syllable": "55",
    "Word": "15",
    "RDate": "20210517",
    "GeneralPolarity": "1",
    "Aspects": [
      {
        "Aspect": "기능",
        "SentimentText": "성능은 아주 좋습니다 ",
        "SentimentWord": "3",
        "SentimentPolarity": "1"
      },
      {
        "Aspect": "가격",
        "SentimentText": "특가로 저렴하게 정말 잘 산 것 같아요",
        "SentimentWord": "7",
        "SentimentPolarity": "1"
      }
    ]
  },
  {
    "Index": "28949",
    "RawText": "식기세척기 구매 후 설거지가 너무 편해 좋습니다. 고민 하다가 배송 늦게 받아요.근데 소리는 있는 편이니 가만하고 구매하시길 바랍니다 ㅜㅜ",
    "Source": "쇼핑몰",
    "Domain": "가전",
    "MainCategory": "주방가전",
    "ProductName": "디오스 LG전자 스팀 DUB22SA 일반구매",
    "ReviewScore": "5",
    "Syllable": "77",
    "Word": "19",
    "RDate": "20211020",
    "GeneralPolarity": "0",
    "Aspects": [
      {
        "Aspect": "편의성",
        "SentimentText": "식기세척기 구매 후 설거지가 너무 편해 좋습니다 ",
        "SentimentWord": "7",
        "SentimentPolarity": "1"
      },
      {
        "Aspect": "소음",
        "SentimentText": "근데 소리는 있는 편이니 가만하고 구매하시길 바랍니다 ㅜㅜ",
        "SentimentWord": "8",
        "SentimentPolarity": "-1"
      }
    ]
  },
  {
    "Index": "28950",
    "RawText": "식기세척기 덕에 생활이 편해졌습니다. 표준 코스 로만으로도 너무 깨끗하게 잘 세척됩니다. 설치 기사님 역시 무척 친절했네요",
    "Source": "쇼핑몰",
    "Domain": "가전",
    "MainCategory": "주방가전",
    "ProductName": "디오스 LG전자 스팀 DUB22SA 일반구매",
    "ReviewScore": "5",
    "Syllable": "68",
    "Word": "16",
    "RDate": "20210602",
    "Aspects": [
      {
        "Aspect": "편의성",
        "SentimentText": "식기세척기 덕에 생활이 편해졌습니다. ",
        "SentimentWord": "4",
        "SentimentPolarity": "1"
      },
      {
        "Aspect": "기능",
        "SentimentText": "표준 코스 로만으로도 너무 깨끗하게 잘 세척됩니다",
        "SentimentWord": "7",
        "SentimentPolarity": "1"
      }
    ]
  },
  {
    "Index": "28951",
    "RawText": "구매 고민 했는데 이제까지 산 제품 중 제일 잘써요. ^^ 표준 코스로도  세체력이 아주 뛰어 납니다!^^  근데 그만큼 소리는 커요",
    "Source": "쇼핑몰",
    "Domain": "가전",
    "MainCategory": "주방가전",
    "ProductName": "디오스 LG전자 스팀 DUB22SA 일반구매",
    "ReviewScore": "5",
    "Syllable": "74",
    "Word": "20",
    "RDate": "20211210",
    "GeneralPolarity": "0",
    "Aspects": [
      {
        "Aspect": "기능",
        "SentimentText": "표준 코스로도  세체력이 아주 뛰어 납니다!^^ ",
        "SentimentWord": "6",
        "SentimentPolarity": "1"
      },
      {
        "Aspect": "소음",
        "SentimentText": "근데 그만큼 소리는 커요 ",
        "SentimentWord": "4",
        "SentimentPolarity": "-1"
      }
    ]
  },
  {
    "Index": "28952",
    "RawText": "식세기 있어 매일 사용중인데 편해요. 아직 적응이 안되서 조작하기가 어렵네요",
    "Source": "쇼핑몰",
    "Domain": "가전",
    "MainCategory": "주방가전",
    "ProductName": "디오스 LG전자 스팀 DUB22SA 일반구매",
    "ReviewScore": "5",
    "Syllable": "42",
    "Word": "10",
    "RDate": "20220102",
    "Aspects": [
      {
        "Aspect": "편의성",
        "SentimentText": "식세기 있어 매일 사용중인데 편해요",
        "SentimentWord": "5",
        "SentimentPolarity": "1"
      },
      {
        "Aspect": "조작성",
        "SentimentText": "아직 적응이 안되서 조작하기가 어렵네요",
        "SentimentWord": "5",
        "SentimentPolarity": "-1"
      }
    ]
  },
  {
    "Index": "28954",
    "RawText": "싱크대랑 사이즈가 잘 맞아 다행입니다^^ 색상도 싱크대색과 거의 같아서 아주 깔끔하고 좋습니다~",
    "Source": "쇼핑몰",
    "Domain": "가전",
    "MainCategory": "주방가전",
    "ProductName": "디오스 LG전자 스팀 DUB22SA 일반구매",
    "ReviewScore": "5",
    "Syllable": "53",
    "Word": "12",
    "RDate": "20211011",
    "Aspects": [
      {
        "Aspect": "사이즈",
        "SentimentText": "싱크대랑 사이즈가 잘 맞아 다행입니다^^ ",
        "SentimentWord": "5",
        "SentimentPolarity": "1"
      },
      {
        "Aspect": "색상",
        "SentimentText": "색상도 싱크대색과 거의 같아서 아주 깔끔하고 좋습니다~",
        "SentimentWord": "7",
        "SentimentPolarity": "1"
      }
    ]
  },
  {
    "Index": "28955",
    "RawText": "저렴한 가격에 좋은 제품 구입해서 너무 좋아요. 12인용이라 용량도 여유있고 정말 맘에 들어요!",
    "Source": "쇼핑몰",
    "Domain": "가전",
    "MainCategory": "주방가전",
    "ProductName": "디오스 LG전자 스팀 DUB22SA 일반구매",
    "ReviewScore": "5",
    "Syllable": "53",
    "Word": "13",
    "RDate": "20210428",
    "Aspects": [
      {
        "Aspect": "가격",
        "SentimentText": "저렴한 가격에 좋은 제품 구입해서 너무 좋아요.",
        "SentimentWord": "7",
        "SentimentPolarity": "1"
      },
      {
        "Aspect": "용량",
        "SentimentText": "12인용이라 용량도 여유있고 정말 맘에 들어요!",
        "SentimentWord": "6",
        "SentimentPolarity": "1"
      }
    ]
  },
  {
    "Index": "28957",
    "RawText": "애 키우면서 설거지거리가 늘어서 걱정이였는데 세척기 설치 후 음식하고 해도 부담이 전혀 없어 좋아요! 하지만 세척할때 물소리가 너무 크게 나네요ㅜ",
    "Source": "쇼핑몰",
    "Domain": "가전",
    "MainCategory": "주방가전",
    "ProductName": "디오스 LG전자 스팀 DUB22SA 일반구매",
    "ReviewScore": "5",
    "Syllable": "81",
    "Word": "20",
    "RDate": "20210920",
    "Aspects": [
      {
        "Aspect": "편의성",
        "SentimentText": "애 키우면서 설거지거리가 늘어서 걱정이였는데 세척기 설치 후 음식하고 해도 부담이 전혀 없어 좋아요",
        "SentimentWord": "14",
        "SentimentPolarity": "1"
      },
      {
        "Aspect": "소음",
        "SentimentText": "하지만 세척할때 물소리가 너무 크게 나네요ㅜ",
        "SentimentWord": "6",
        "SentimentPolarity": "-1"
      }
    ]
  },
  {
    "Index": "28958",
    "RawText": "세척력이 엄청 좋아서  잘 닦여서 만족스러워요! 근데 좀 아쉬운게 소음이 저소음이라 했는데 생각한거보다는 작동할때 소리가 커서 거슬립니다.",
    "Source": "쇼핑몰",
    "Domain": "가전",
    "MainCategory": "주방가전",
    "ProductName": "디오스 LG전자 스팀 DUB22SA 일반구매",
    "ReviewScore": "5",
    "Syllable": "77",
    "Word": "17",
    "RDate": "20211222",
    "Aspects": [
      {
        "Aspect": "기능",
        "SentimentText": "세척력이 엄청 좋아서  잘 닦여서 만족스러워요! ",
        "SentimentWord": "6",
        "SentimentPolarity": "1"
      },
      {
        "Aspect": "소음",
        "SentimentText": "근데 좀 아쉬운게 소음이 저소음이라 했는데 생각한거보다는 작동할때 소리가 커서 거슬립니다.",
        "SentimentWord": "11",
        "SentimentPolarity": "-1"
      }
    ]
  },
  {
    "Index": "28960",
    "RawText": "이 브랜드 식세기 말할 필요도없이 너무 완벽하네요. 좋아요. 기사님께서 친절하게 잘 설치해주고 가셔서 더 좋았습니다. 컬러도 아주 고급스럽게 잘 빠졌네요. 만족스러워요.",
    "Source": "쇼핑몰",
    "Domain": "가전",
    "MainCategory": "주방가전",
    "ProductName": "디오스 LG전자 스팀 DUB22SA 일반구매",
    "ReviewScore": "5",
    "Syllable": "94",
    "Word": "21",
    "RDate": "20210208",
    "Aspects": [
      {
        "Aspect": "제조일/제조사",
        "SentimentText": "이 브랜드 식세기 말할 필요도없이 너무 완벽하네요. 좋아요.",
        "SentimentWord": "8",
        "SentimentPolarity": "1"
      },
      {
        "Aspect": "색상",
        "SentimentText": "컬러도 아주 고급스럽게 잘 빠졌네요. 만족스러워요.",
        "SentimentWord": "6",
        "SentimentPolarity": "1"
      }
    ]
  },
  {
    "Index": "28961",
    "RawText": "역시 받아보니 왜 다들 브랜드 브랜드 하는 줄 알겠네요. 너무 만족스러워요. 사은품으로 주신다는 세제는 품절이라고 못받아서 아쉬워요ㅠㅠ",
    "Source": "쇼핑몰",
    "Domain": "가전",
    "MainCategory": "주방가전",
    "ProductName": "디오스 LG전자 스팀 DUB22SA 일반구매",
    "ReviewScore": "5",
    "Syllable": "75",
    "Word": "17",
    "RDate": "20210401",
    "GeneralPolarity": "0",
    "Aspects": [
      {
        "Aspect": "제조일/제조사",
        "SentimentText": "역시 받아보니 왜 다들 브랜드 브랜드 하는 줄 알겠네요. 너무 만족스러워요.",
        "SentimentWord": "11",
        "SentimentPolarity": "1"
      },
      {
        "Aspect": "제품구성",
        "SentimentText": "사은품으로 주신다는 세제는 품절이라고 못받아서 아쉬워요ㅠㅠ",
        "SentimentWord": "6",
        "SentimentPolarity": "-1"
      }
    ]
  },
  {
    "Index": "28962",
    "RawText": "저소음이라고 해서 구매했는데 소음이 있긴해도 거슬리진 않아요. 제품 받아보니 세척 건조 자동문열림 기능까지 아주 마음에 들어요.",
    "Source": "쇼핑몰",
    "Domain": "가전",
    "MainCategory": "주방가전",
    "ProductName": "디오스 LG전자 스팀 DUB22SA 일반구매",
    "ReviewScore": "4",
    "Syllable": "71",
    "Word": "16",
    "RDate": "20210107",
    "Aspects": [
      {
        "Aspect": "소음",
        "SentimentText": "저소음이라고 해서 구매했는데 소음이 있긴해도 거슬리진 않아요. ",
        "SentimentWord": "7",
        "SentimentPolarity": "0"
      },
      {
        "Aspect": "기능",
        "SentimentText": "제품 받아보니 세척 건조 자동문열림 기능까지 아주 마음에 들어요.",
        "SentimentWord": "9",
        "SentimentPolarity": "1"
      }
    ]
  },
  {
    "Index": "28963",
    "RawText": "식기세척기는 커야 된다는 생각이 있는데 정말 사이즈 크고 좋아요! 세척도 깨끗하게 잘되서 좋고 고온건조 기능이 있어서 대만족입니다!!",
    "Source": "쇼핑몰",
    "Domain": "가전",
    "MainCategory": "주방가전",
    "ProductName": "디오스 LG전자 스팀 DUB22SA 일반구매",
    "ReviewScore": "5",
    "Syllable": "74",
    "Word": "17",
    "RDate": "20211224",
    "Aspects": [
      {
        "Aspect": "사이즈",
        "SentimentText": "식기세척기는 커야 된다는 생각이 있는데 정말 사이즈 크고 좋아요!",
        "SentimentWord": "9",
        "SentimentPolarity": "1"
      },
      {
        "Aspect": "기능",
        "SentimentText": " 세척도 깨끗하게 잘되서 좋고 고온건조 기능이 있어서 대만족입니다!!",
        "SentimentWord": "8",
        "SentimentPolarity": "1"
      }
    ]
  },
  {
    "Index": "28964",
    "RawText": "과연 잘될까 궁금했는데 세척 완벽 그자체! 건조 기능까지 되니까 너무 좋아요. 가격대비 가성비 좋은제품이예요!",
    "Source": "쇼핑몰",
    "Domain": "가전",
    "MainCategory": "주방가전",
    "ProductName": "디오스 LG전자 스팀 DUB22SA 일반구매",
    "ReviewScore": "5",
    "Syllable": "61",
    "Word": "14",
    "RDate": "20210506",
    "Aspects": [
      {
        "Aspect": "기능",
        "SentimentText": "과연 잘될까 궁금했는데 세척 완벽 그자체! 건조 기능까지 되니까 너무 좋아요. ",
        "SentimentWord": "11",
        "SentimentPolarity": "1"
      },
      {
        "Aspect": "가격",
        "SentimentText": "가격대비 가성비 좋은제품이예요!",
        "SentimentWord": "3",
        "SentimentPolarity": "1"
      }
    ]
  },
  {
    "Index": "28965",
    "RawText": "왜 다들 식기세척기보고 이모님 이모님~ 하는지 알정도로 삶의 질이 달라졌어요! 설거지가 편해져서 너무 좋아요.  세척기 색상도 냉장고색이랑 비슷해서 아주 잘 어울립니다~^^  ",
    "Source": "쇼핑몰",
    "Domain": "가전",
    "MainCategory": "주방가전",
    "ProductName": "디오스 LG전자 스팀 DUB22SA 일반구매",
    "ReviewScore": "5",
    "Syllable": "98",
    "Word": "21",
    "RDate": "20220402",
    "Aspects": [
      {
        "Aspect": "편의성",
        "SentimentText": "왜 다들 식기세척기보고 이모님 이모님~ 하는지 알정도로 삶의 질이 달라졌어요! 설거지가 편해져서 너무 좋아요. ",
        "SentimentWord": "14",
        "SentimentPolarity": "1"
      },
      {
        "Aspect": "색상",
        "SentimentText": "세척기 색상도 냉장고색이랑 비슷해서 아주 잘 어울립니다~^^",
        "SentimentWord": "7",
        "SentimentPolarity": "1"
      }
    ]
  },
  {
    "Index": "28966",
    "RawText": "타 브랜드랑 이 브랜드랑 고민하다가 가격대가 좀 나가지만 그래도 이 브랜드를 선택했는데 역시나 완벽한 선택이였네요! 디자인은 말할 필요도 없이 심플하니 좋네요. 세척 건조기능도 너무 잘되서 설거지가 전혀 스트레스 받지 않아요!",
    "Source": "쇼핑몰",
    "Domain": "가전",
    "MainCategory": "주방가전",
    "ProductName": "디오스 LG전자 스팀 DUB22SA 일반구매",
    "ReviewScore": "5",
    "Syllable": "126",
    "Word": "30",
    "RDate": "20210929",
    "GeneralPolarity": "1",
    "Aspects": [
      {
        "Aspect": "제조일/제조사",
        "SentimentText": "타 브랜드랑 이 브랜드랑 고민하다가 가격대가 좀 나가지만 그래도 이 브랜드를 선택했는데 역시나 완벽한 선택이였네요!",
        "SentimentWord": "15",
        "SentimentPolarity": "1"
      },
      {
        "Aspect": "디자인",
        "SentimentText": "디자인은 말할 필요도 없이 심플하니 좋네요. ",
        "SentimentWord": "6",
        "SentimentPolarity": "1"
      },
      {
        "Aspect": "기능",
        "SentimentText": "세척 건조기능도 너무 잘되서 설거지가 전혀 스트레스 받지 않아요!",
        "SentimentWord": "9",
        "SentimentPolarity": "1"
      }
    ]
  },
  {
    "Index": "28968",
    "RawText": "세척력이 강해서 그릇들이 뽀득뽀득 광이 나고 깨끗해서 너무 좋네요!!좋은 제품 가격대비 저렴하게 잘 사서 너무 좋아요.",
    "Source": "쇼핑몰",
    "Domain": "가전",
    "MainCategory": "주방가전",
    "ProductName": "디오스 LG전자 스팀 DUB22SA 일반구매",
    "ReviewScore": "5",
    "Syllable": "66",
    "Word": "16",
    "RDate": "20210512",
    "Aspects": [
      {
        "Aspect": "기능",
        "SentimentText": "세척력이 강해서 그릇들이 뽀득뽀득 광이 나고 깨끗해서 너무 좋네요!!",
        "SentimentWord": "9",
        "SentimentPolarity": "1"
      },
      {
        "Aspect": "가격",
        "SentimentText": "좋은 제품 가격대비 저렴하게 잘 사서 너무 좋아요.",
        "SentimentWord": "8",
        "SentimentPolarity": "1"
      }
    ]
  },
  {
    "Index": "28969",
    "RawText": "생각한거보다 장 공사비용이 많이 들어서 당황했네요. 설치한지 일주일 됐는데 세척이랑 건조 기능은 만족스러워 잘 쓰고 있어요.",
    "Source": "쇼핑몰",
    "Domain": "가전",
    "MainCategory": "주방가전",
    "ProductName": "디오스 LG전자 스팀 DUB22SA 일반구매",
    "ReviewScore": "5",
    "Syllable": "69",
    "Word": "16",
    "RDate": "20220306",
    "GeneralPolarity": "0",
    "Aspects": [
      {
        "Aspect": "가격",
        "SentimentText": "생각한거보다 장 공사비용이 많이 들어서 당황했네요. ",
        "SentimentWord": "6",
        "SentimentPolarity": "-1"
      },
      {
        "Aspect": "기능",
        "SentimentText": "설치한지 일주일 됐는데 세척이랑 건조 기능은 만족스러워 잘 쓰고 있어요.",
        "SentimentWord": "10",
        "SentimentPolarity": "1"
      }
    ]
  },
  {
    "Index": "28970",
    "RawText": "장 공사하는데 생각지도 못한 지출이 생겨서 당황스러웠네요. 설치후 사용해보니 왜 다들 식세기 하는지 알겠습니다. 요리하고 설거지하는게 너무 쉬워졌어요",
    "Source": "쇼핑몰",
    "Domain": "가전",
    "MainCategory": "주방가전",
    "ProductName": "디오스 LG전자 스팀 DUB22SA 일반구매",
    "ReviewScore": "5",
    "Syllable": "83",
    "Word": "18",
    "RDate": "20210523",
    "Aspects": [
      {
        "Aspect": "가격",
        "SentimentText": "장 공사하는데 생각지도 못한 지출이 생겨서 당황스러웠네요.",
        "SentimentWord": "7",
        "SentimentPolarity": "-1"
      },
      {
        "Aspect": "편의성",
        "SentimentText": "설치후 사용해보니 왜 다들 식세기 하는지 알겠습니다. 요리하고 설거지하는게 너무 쉬워졌어요",
        "SentimentWord": "11",
        "SentimentPolarity": "1"
      }
    ]
  },
  {
    "Index": "28971",
    "RawText": "아주 훌륭한 제품을 저렴하게 구매하게 되서 너무 좋아요! 아기 이유식 하면서 그릇이 늘어 설거지가 부담스러웠는데 훨씬 단축되고 편해졌어요",
    "Source": "쇼핑몰",
    "Domain": "가전",
    "MainCategory": "주방가전",
    "ProductName": "디오스 LG전자 스팀 DUB22SA 일반구매",
    "ReviewScore": "5",
    "Syllable": "76",
    "Word": "18",
    "RDate": "20210406",
    "GeneralPolarity": "1",
    "Aspects": [
      {
        "Aspect": "가격",
        "SentimentText": "아주 훌륭한 제품을 저렴하게 구매하게 되서 너무 좋아요!",
        "SentimentWord": "8",
        "SentimentPolarity": "1"
      },
      {
        "Aspect": "편의성",
        "SentimentText": " 아기 이유식 하면서 그릇이 늘어 설거지가 부담스러웠는데 훨씬 단축되고 편해졌어요",
        "SentimentWord": "10",
        "SentimentPolarity": "1"
      }
    ]
  },
  {
    "Index": "28972",
    "RawText": "새제품인데 설치하고 보니 약간에 스크래치가 나 있어서 속상하네요ㅜ 그럼에도 제품 자체는 성능이 너무 좋아서 씁니다.",
    "Source": "쇼핑몰",
    "Domain": "가전",
    "MainCategory": "주방가전",
    "ProductName": "디오스 LG전자 스팀 DUB22SA 일반구매",
    "ReviewScore": "5",
    "Syllable": "64",
    "Word": "15",
    "RDate": "20211202",
    "Aspects": [
      {
        "Aspect": "품질",
        "SentimentText": "새제품인데 설치하고 보니 약간에 스크래치가 나 있어서 속상하네요ㅜ",
        "SentimentWord": "8",
        "SentimentPolarity": "-1"
      },
      {
        "Aspect": "기능",
        "SentimentText": "그럼에도 제품 자체는 성능이 너무 좋아서 씁니다.",
        "SentimentWord": "7",
        "SentimentPolarity": "1"
      }
    ]
  },
  {
    "Index": "28974",
    "RawText": "소음없이 조용하게 잘 돌아가서 만족해요! 세척 시간은 좀 오래 걸려서 아쉬워요 ㅠㅠ",
    "Source": "쇼핑몰",
    "Domain": "가전",
    "MainCategory": "주방가전",
    "ProductName": "디오스 LG전자 스팀 DUB22SA 일반구매",
    "ReviewScore": "5",
    "Syllable": "46",
    "Word": "12",
    "RDate": "20210105",
    "Aspects": [
      {
        "Aspect": "소음",
        "SentimentText": "소음없이 조용하게 잘 돌아가서 만족해요!",
        "SentimentWord": "5",
        "SentimentPolarity": "1"
      },
      {
        "Aspect": "시간/속도",
        "SentimentText": "세척 시간은 좀 오래 걸려서 아쉬워요 ㅠㅠ",
        "SentimentWord": "7",
        "SentimentPolarity": "-1"
      }
    ]
  },
  {
    "Index": "28975",
    "RawText": "건조기능이 약한지 그릇이 완벽하게 말라서 나오진 않네요ㅠ 오프라인보다 저렴하게 잘 사서 이 점은 만족합니다.",
    "Source": "쇼핑몰",
    "Domain": "가전",
    "MainCategory": "주방가전",
    "ProductName": "디오스 LG전자 스팀 DUB22SA 일반구매",
    "ReviewScore": "4",
    "Syllable": "60",
    "Word": "14",
    "RDate": "20210905",
    "Aspects": [
      {
        "Aspect": "기능",
        "SentimentText": "건조기능이 약한지 그릇이 완벽하게 말라서 나오진 않네요ㅠ",
        "SentimentWord": "7",
        "SentimentPolarity": "-1"
      },
      {
        "Aspect": "가격",
        "SentimentText": "오프라인보다 저렴하게 잘 사서 이 점은 만족합니다.",
        "SentimentWord": "7",
        "SentimentPolarity": "1"
      }
    ]
  },
  {
    "Index": "28976",
    "RawText": "색상이 주방 가전들이랑 잘 어울려서 좋네요! 다만 세척 시간이 생각보다 오래 걸려요ㅠ",
    "Source": "쇼핑몰",
    "Domain": "가전",
    "MainCategory": "주방가전",
    "ProductName": "디오스 LG전자 스팀 DUB22SA 일반구매",
    "ReviewScore": "5",
    "Syllable": "47",
    "Word": "12",
    "RDate": "20220126",
    "Aspects": [
      {
        "Aspect": "색상",
        "SentimentText": "색상이 주방 가전들이랑 잘 어울려서 좋네요!",
        "SentimentWord": "6",
        "SentimentPolarity": "1"
      },
      {
        "Aspect": "시간/속도",
        "SentimentText": "다만 세척 시간이 생각보다 오래 걸려요ㅠ",
        "SentimentWord": "6",
        "SentimentPolarity": "-1"
      }
    ]
  },
  {
    "Index": "28977",
    "RawText": "할인 혜택으로 가격은 저렴하게 잘 구매해서 만족해요~  색상은 화면보다 좀 어두워서 아쉽네요",
    "Source": "쇼핑몰",
    "Domain": "가전",
    "MainCategory": "주방가전",
    "ProductName": "디오스 LG전자 스팀 DUB22SA 일반구매",
    "ReviewScore": "5",
    "Syllable": "51",
    "Word": "12",
    "RDate": "20220208",
    "Aspects": [
      {
        "Aspect": "가격",
        "SentimentText": "할인 혜택으로 가격은 저렴하게 잘 구매해서 만족해요~ ",
        "SentimentWord": "7",
        "SentimentPolarity": "1"
      },
      {
        "Aspect": "색상",
        "SentimentText": "색상은 화면보다 좀 어두워서 아쉽네요",
        "SentimentWord": "5",
        "SentimentPolarity": "-1"
      }
    ]
  },
  {
    "Index": "28978",
    "RawText": "디자인이 심플해서 마음에 들어요! 사용해봤는데 생각했던 거 보다 소음이 좀 있어서 아쉽네요;;",
    "Source": "쇼핑몰",
    "Domain": "가전",
    "MainCategory": "주방가전",
    "ProductName": "디오스 LG전자 스팀 DUB22SA 일반구매",
    "ReviewScore": "5",
    "Syllable": "52",
    "Word": "12",
    "RDate": "20211210",
    "Aspects": [
      {
        "Aspect": "디자인",
        "SentimentText": "디자인이 심플해서 마음에 들어요!",
        "SentimentWord": "4",
        "SentimentPolarity": "1"
      },
      {
        "Aspect": "소음",
        "SentimentText": "사용해봤는데 생각했던 거 보다 소음이 좀 있어서 아쉽네요;;",
        "SentimentWord": "8",
        "SentimentPolarity": "-1"
      }
    ]
  },
  {
    "Index": "28980",
    "RawText": "진짜 저렴하게 잘 산 거 같아요~~ 역시 ooo는 한국에서 제조한거라 믿음이가고 좋네요",
    "Source": "쇼핑몰",
    "Domain": "가전",
    "MainCategory": "주방가전",
    "ProductName": "디오스 LG전자 스팀 DUB22SA 일반구매",
    "ReviewScore": "5",
    "Syllable": "48",
    "Word": "12",
    "RDate": "20211101",
    "GeneralPolarity": "1",
    "Aspects": [
      {
        "Aspect": "가격",
        "SentimentText": "진짜 저렴하게 잘 산 거 같아요~~",
        "SentimentWord": "6",
        "SentimentPolarity": "1"
      },
      {
        "Aspect": "제조일/제조사",
        "SentimentText": "역시 ooo는 한국에서 제조한거라 믿음이가고 좋네요",
        "SentimentWord": "6",
        "SentimentPolarity": "1"
      }
    ]
  },
  {
    "Index": "28981",
    "RawText": "소음도 거의 없고 너무 좋아요. 세척 기능도 좋아서 그릇이 뽀득뽀득 잘 닦여서 굿입니다~ 기사님이 설치도 친절하게 해주시고 아주 만족입니다~",
    "Source": "쇼핑몰",
    "Domain": "가전",
    "MainCategory": "주방가전",
    "ProductName": "디오스 LG전자 스팀 DUB22SA 일반구매",
    "ReviewScore": "5",
    "Syllable": "78",
    "Word": "19",
    "RDate": "20210618",
    "Aspects": [
      {
        "Aspect": "소음",
        "SentimentText": "소음도 거의 없고 너무 좋아요. ",
        "SentimentWord": "5",
        "SentimentPolarity": "1"
      },
      {
        "Aspect": "기능",
        "SentimentText": "세척 기능도 좋아서 그릇이 뽀득뽀득 잘 닦여서 굿입니다~",
        "SentimentWord": "8",
        "SentimentPolarity": "1"
      }
    ]
  },
  {
    "Index": "28982",
    "RawText": "색상이 조금 탁 해서 많이 아쉽네요~ 하지만 성능이 좋아서 깨끗하게 잘 세척되고 좋아요!",
    "Source": "쇼핑몰",
    "Domain": "가전",
    "MainCategory": "주방가전",
    "ProductName": "디오스 LG전자 스팀 DUB22SA 일반구매",
    "ReviewScore": "5",
    "Syllable": "49",
    "Word": "13",
    "RDate": "20210616",
    "Aspects": [
      {
        "Aspect": "색상",
        "SentimentText": "색상이 조금 탁 해서 많이 아쉽네요~ ",
        "SentimentWord": "6",
        "SentimentPolarity": "-1"
      },
      {
        "Aspect": "기능",
        "SentimentText": " 성능이 좋아서 깨끗하게 잘 세척되고 좋아요!",
        "SentimentWord": "6",
        "SentimentPolarity": "1"
      }
    ]
  },
  {
    "Index": "28983",
    "RawText": "세척 기능이 너무 좋아서 마음에 들어요. 세척기 작동시 소음도 적어서 대만족입니다!",
    "Source": "쇼핑몰",
    "Domain": "가전",
    "MainCategory": "주방가전",
    "ProductName": "디오스 LG전자 스팀 DUB22SA 일반구매",
    "ReviewScore": "5",
    "Syllable": "46",
    "Word": "11",
    "RDate": "20220301",
    "Aspects": [
      {
        "Aspect": "기능",
        "SentimentText": "세척 기능이 너무 좋아서 마음에 들어요. ",
        "SentimentWord": "6",
        "SentimentPolarity": "1"
      },
      {
        "Aspect": "소음",
        "SentimentText": "세척기 작동시 소음도 적어서 대만족입니다!",
        "SentimentWord": "5",
        "SentimentPolarity": "1"
      }
    ]
  },
  {
    "Index": "28984",
    "RawText": "식기 세척기가 있어서 생활이 너무 편해져서 좋습니다~ 아쉬운 건 그릇이 아주 많이 들어가지는 않네요 ㅠㅠ",
    "Source": "쇼핑몰",
    "Domain": "가전",
    "MainCategory": "주방가전",
    "ProductName": "디오스 LG전자 스팀 DUB22SA 일반구매",
    "ReviewScore": "5",
    "Syllable": "58",
    "Word": "15",
    "RDate": "20211002",
    "Aspects": [
      {
        "Aspect": "편의성",
        "SentimentText": "식기 세척기가 있어서 생활이 너무 편해져서 좋습니다~ ",
        "SentimentWord": "7",
        "SentimentPolarity": "1"
      },
      {
        "Aspect": "용량",
        "SentimentText": "아쉬운 건 그릇이 아주 많이 들어가지는 않네요 ㅠㅠ",
        "SentimentWord": "8",
        "SentimentPolarity": "-1"
      }
    ]
  },
  {
    "Index": "28985",
    "RawText": "그릇이 아주 잘 씻겨서 좋네요~ 그런데 설치비가 또 따로 들어가서 좀 짜증이 났네요 ㅠ",
    "Source": "쇼핑몰",
    "Domain": "가전",
    "MainCategory": "주방가전",
    "ProductName": "디오스 LG전자 스팀 DUB22SA 일반구매",
    "ReviewScore": "5",
    "Syllable": "48",
    "Word": "14",
    "RDate": "20210507",
    "GeneralPolarity": "0",
    "Aspects": [
      {
        "Aspect": "기능",
        "SentimentText": "그릇이 아주 잘 씻겨서 좋네요~",
        "SentimentWord": "5",
        "SentimentPolarity": "1"
      },
      {
        "Aspect": "가격",
        "SentimentText": "설치비가 또 따로 들어가서 좀 짜증이 났네요 ㅠ",
        "SentimentWord": "8",
        "SentimentPolarity": "-1"
      }
    ]
  },
  {
    "Index": "28986",
    "RawText": "좋은제품을 가격은 저렴하게 잘 샀어요~^^ 컬러는 화면보다 별로네요;;",
    "Source": "쇼핑몰",
    "Domain": "가전",
    "MainCategory": "주방가전",
    "ProductName": "디오스 LG전자 스팀 DUB22SA 일반구매",
    "ReviewScore": "5",
    "Syllable": "39",
    "Word": "8",
    "RDate": "20211206",
    "Aspects": [
      {
        "Aspect": "가격",
        "SentimentText": "좋은제품을 가격은 저렴하게 잘 샀어요~^^",
        "SentimentWord": "5",
        "SentimentPolarity": "1"
      },
      {
        "Aspect": "색상",
        "SentimentText": "컬러는 화면보다 별로네요;;",
        "SentimentWord": "3",
        "SentimentPolarity": "-1"
      }
    ]
  },
  {
    "Index": "28987",
    "RawText": "제품 디자인은 심플하고 고급스러워요~기계 소리가 윙윙 조금 크게 나서 아쉽습니다.",
    "Source": "쇼핑몰",
    "Domain": "가전",
    "MainCategory": "주방가전",
    "ProductName": "디오스 LG전자 스팀 DUB22SA 일반구매",
    "ReviewScore": "5",
    "Syllable": "45",
    "Word": "10",
    "RDate": "20211023",
    "Aspects": [
      {
        "Aspect": "디자인",
        "SentimentText": "제품 디자인은 심플하고 고급스러워요~",
        "SentimentWord": "4",
        "SentimentPolarity": "1"
      },
      {
        "Aspect": "소음",
        "SentimentText": "기계 소리가 윙윙 조금 크게 나서 아쉽습니다.",
        "SentimentWord": "7",
        "SentimentPolarity": "-1"
      }
    ]
  },
  {
    "Index": "28988",
    "RawText": "매끈한 재질이라 손자국이 심해서 지저분해 보이네요ㅠ 그래도 외관 품질은 튼튼해보이고 좋네요",
    "Source": "쇼핑몰",
    "Domain": "가전",
    "MainCategory": "주방가전",
    "ProductName": "디오스 LG전자 스팀 DUB22SA 일반구매",
    "ReviewScore": "5",
    "Syllable": "50",
    "Word": "11",
    "RDate": "20210315",
    "Aspects": [
      {
        "Aspect": "소재",
        "SentimentText": "매끈한 재질이라 손자국이 심해서 지저분해 보이네요ㅠ",
        "SentimentWord": "6",
        "SentimentPolarity": "-1"
      },
      {
        "Aspect": "품질",
        "SentimentText": "외관 품질은 튼튼해보이고 좋네요",
        "SentimentWord": "4",
        "SentimentPolarity": "1"
      }
    ]
  },
  {
    "Index": "28989",
    "RawText": "사은품도 많이 챙겨줘서 좋아요~설겆이 부담도 줄고 너무 편해서 만족합니다~",
    "Source": "쇼핑몰",
    "Domain": "가전",
    "MainCategory": "주방가전",
    "ProductName": "디오스 LG전자 스팀 DUB22SA 일반구매",
    "ReviewScore": "5",
    "Syllable": "41",
    "Word": "9",
    "RDate": "20211223",
    "Aspects": [
      {
        "Aspect": "제품구성",
        "SentimentText": "사은품도 많이 챙겨줘서 좋아요~ ",
        "SentimentWord": "4",
        "SentimentPolarity": "1"
      },
      {
        "Aspect": "편의성",
        "SentimentText": "설겆이 부담도 줄고 너무 편해서 만족합니다~",
        "SentimentWord": "6",
        "SentimentPolarity": "1"
      }
    ]
  },
  {
    "Index": "28990",
    "RawText": "완벽하게 세척 되고 건조 기능까지 되니 너무 좋습니다~ 단점은 세척 시간이 많이 걸린 다는 거에요.. 아쉬워요",
    "Source": "쇼핑몰",
    "Domain": "가전",
    "MainCategory": "주방가전",
    "ProductName": "디오스 LG전자 스팀 DUB22SAP",
    "ReviewScore": "5",
    "Syllable": "61",
    "Word": "16",
    "RDate": "20220622",
    "Aspects": [
      {
        "Aspect": "기능",
        "SentimentText": "완벽하게 세척 되고 건조 기능까지 되니 너무 좋습니다~",
        "SentimentWord": "8",
        "SentimentPolarity": "1"
      },
      {
        "Aspect": "시간/속도",
        "SentimentText": "단점은 세척 시간이 많이 걸린 다는 거에요.. 아쉬워요",
        "SentimentWord": "8",
        "SentimentPolarity": "-1"
      }
    ]
  },
  {
    "Index": "28991",
    "RawText": "오프라인보다 저렴하게 구매해서 신나요~하지만 설겆이 시간이 너무 길어서 답답하네요ㅠ",
    "Source": "쇼핑몰",
    "Domain": "가전",
    "MainCategory": "주방가전",
    "ProductName": "디오스 LG전자 스팀 DUB22SAP",
    "ReviewScore": "5",
    "Syllable": "46",
    "Word": "9",
    "RDate": "20220222",
    "Aspects": [
      {
        "Aspect": "가격",
        "SentimentText": "오프라인보다 저렴하게 구매해서 신나요~",
        "SentimentWord": "4",
        "SentimentPolarity": "1"
      },
      {
        "Aspect": "시간/속도",
        "SentimentText": " 설겆이 시간이 너무 길어서 답답하네요ㅠ",
        "SentimentWord": "5",
        "SentimentPolarity": "-1"
      }
    ]
  },
  {
    "Index": "28992",
    "RawText": "설치비가 또!! 들어가다니.. 짜증나요~ 그래도 제품의 세척,건조,자동문열림 기능은 마음에 들어요!",
    "Source": "쇼핑몰",
    "Domain": "가전",
    "MainCategory": "주방가전",
    "ProductName": "디오스 LG전자 스팀 DUB22SAP",
    "ReviewScore": "5",
    "Syllable": "55",
    "Word": "10",
    "RDate": "20220514",
    "Aspects": [
      {
        "Aspect": "가격",
        "SentimentText": "설치비가 또!! 들어가다니.. 짜증나요~",
        "SentimentWord": "4",
        "SentimentPolarity": "-1"
      },
      {
        "Aspect": "기능",
        "SentimentText": " 제품의 세척,건조,자동문열림 기능은 마음에 들어요!",
        "SentimentWord": "5",
        "SentimentPolarity": "1"
      }
    ]
  },
  {
    "Index": "28993",
    "RawText": "세척기 잘 작동되고 깨끗하게 씻겨서 만족스러워요!  근데 큰 냄비는 많이 안들어 가서 아쉬워요",
    "Source": "쇼핑몰",
    "Domain": "가전",
    "MainCategory": "주방가전",
    "ProductName": "디오스 LG전자 스팀 DUB22WA 일반구매",
    "ReviewScore": "5",
    "Syllable": "52",
    "Word": "13",
    "RDate": "20211002",
    "Aspects": [
      {
        "Aspect": "기능",
        "SentimentText": "세척기 잘 작동되고 깨끗하게 씻겨서 만족스러워요!",
        "SentimentWord": "6",
        "SentimentPolarity": "1"
      },
      {
        "Aspect": "용량",
        "SentimentText": "큰 냄비는 많이 안들어 가서 아쉬워요",
        "SentimentWord": "6",
        "SentimentPolarity": "-1"
      }
    ]
  },
  {
    "Index": "28995",
    "RawText": "그릇들이 완벽하게 안 말라서 나오고 건조 기능이 영 안좋네요ㅠ 설치하고 쓰는데 세척 시간도 오래걸려서 별로에요",
    "Source": "쇼핑몰",
    "Domain": "가전",
    "MainCategory": "주방가전",
    "ProductName": "디오스 LG전자 스팀 DUB22WA 일반구매",
    "ReviewScore": "4",
    "Syllable": "61",
    "Word": "15",
    "RDate": "20220128",
    "Aspects": [
      {
        "Aspect": "기능",
        "SentimentText": "그릇들이 완벽하게 안 말라서 나오고 건조 기능이 영 안좋네요ㅠ ",
        "SentimentWord": "9",
        "SentimentPolarity": "-1"
      },
      {
        "Aspect": "시간/속도",
        "SentimentText": "설치하고 쓰는데 세척 시간도 오래걸려서 별로에요 ",
        "SentimentWord": "6",
        "SentimentPolarity": "-1"
      }
    ]
  },
  {
    "Index": "28996",
    "RawText": "주방 싱크대에 맞춰 화이트색상 구매했는데 싱크대색과 차이가 나서 떠 보이네요ㅜ 저렴한 가격에 주문한거라 그냥저냥 쓰러구요.",
    "Source": "쇼핑몰",
    "Domain": "가전",
    "MainCategory": "주방가전",
    "ProductName": "디오스 LG전자 스팀 DUB22WA 일반구매",
    "ReviewScore": "5",
    "Syllable": "68",
    "Word": "15",
    "RDate": "20220320",
    "Aspects": [
      {
        "Aspect": "색상",
        "SentimentText": "주방 싱크대에 맞춰 화이트색상 구매했는데 싱크대색과 차이가 나서 떠 보이네요ㅜ",
        "SentimentWord": "10",
        "SentimentPolarity": "-1"
      },
      {
        "Aspect": "가격",
        "SentimentText": "저렴한 가격에 주문한거라 그냥저냥 쓰러구요.",
        "SentimentWord": "5",
        "SentimentPolarity": "0"
      }
    ]
  },
  {
    "Index": "28998",
    "RawText": "이번에 12인용으로 구매해봤는데 설치도 깔끔하게 해주셔서 좋아요. 세척기가 소리도 조용해서 좋고, 냄비 그릇도 깨끗이 닦여서 최고네요. 만족스러워요.",
    "Source": "쇼핑몰",
    "Domain": "가전",
    "MainCategory": "주방가전",
    "ProductName": "디오스 LG전자 스팀 DUB22WA 일반구매",
    "ReviewScore": "5",
    "Syllable": "83",
    "Word": "17",
    "RDate": "20211120",
    "Aspects": [
      {
        "Aspect": "소음",
        "SentimentText": "세척기가 소리도 조용해서 좋고, ",
        "SentimentWord": "4",
        "SentimentPolarity": "1"
      },
      {
        "Aspect": "기능",
        "SentimentText": " 냄비 그릇도 깨끗이 닦여서 최고네요. 만족스러워요.",
        "SentimentWord": "6",
        "SentimentPolarity": "1"
      }
    ]
  },
  {
    "Index": "28999",
    "RawText": "용량이 넉넉해서 너무 좋아요!! 제품도 받아보니 품질 대박이네요. 퀄리티 짱입니다.",
    "Source": "쇼핑몰",
    "Domain": "가전",
    "MainCategory": "주방가전",
    "ProductName": "디오스 LG전자 스팀 DUB22WA 일반구매",
    "ReviewScore": "5",
    "Syllable": "46",
    "Word": "10",
    "RDate": "20220103",
    "Aspects": [
      {
        "Aspect": "용량",
        "SentimentText": " 용량이 넉넉해서 너무 좋아요!! ",
        "SentimentWord": "4",
        "SentimentPolarity": "1"
      },
      {
        "Aspect": "품질",
        "SentimentText": "제품도 받아보니 품질 대박이네요. 퀄리티 짱입니다.",
        "SentimentWord": "6",
        "SentimentPolarity": "1"
      }
    ]
  },
  {
    "Index": "29000",
    "RawText": "오랫동안 고민하다 구입했는데 색상도 고급스러워서 좋아요. 식기들도 깨끗하게 잘 닦여서 좋네요. 성능 대박입니다.",
    "Source": "쇼핑몰",
    "Domain": "가전",
    "MainCategory": "주방가전",
    "ProductName": "디오스 LG전자 스팀 DUB22WA 일반구매",
    "ReviewScore": "5",
    "Syllable": "62",
    "Word": "13",
    "RDate": "20220114",
    "GeneralPolarity": "1",
    "Aspects": [
      {
        "Aspect": "색상",
        "SentimentText": "오랫동안 고민하다 구입했는데 색상도 고급스러워서 좋아요. ",
        "SentimentWord": "6",
        "SentimentPolarity": "1"
      },
      {
        "Aspect": "기능",
        "SentimentText": "식기들도 깨끗하게 잘 닦여서 좋네요. 성능 대박입니다.",
        "SentimentWord": "7",
        "SentimentPolarity": "1"
      }
    ]
  },
  {
    "Index": "29001",
    "RawText": "세척기 덕분에 저녁 시간이 여유있고 편해져서 너무 좋아요!! 저렴하게 구매 할 수 있어서 완전 최고에요!",
    "Source": "쇼핑몰",
    "Domain": "가전",
    "MainCategory": "주방가전",
    "ProductName": "디오스 LG전자 스팀 DUB22WA 일반구매",
    "ReviewScore": "5",
    "Syllable": "58",
    "Word": "15",
    "RDate": "20220522",
    "Aspects": [
      {
        "Aspect": "편의성",
        "SentimentText": "세척기 덕분에 저녁 시간이 여유있고 편해져서 너무 좋아요!! ",
        "SentimentWord": "8",
        "SentimentPolarity": "1"
      },
      {
        "Aspect": "가격",
        "SentimentText": "저렴하게 구매 할 수 있어서 완전 최고에요!",
        "SentimentWord": "7",
        "SentimentPolarity": "1"
      }
    ]
  },
  {
    "Index": "29003",
    "RawText": "세척하는 동안 소음이 엄청 나네요ㅠ 그릇은 많이 들어가서 설거지 한번에 끝내고 좋네요",
    "Source": "쇼핑몰",
    "Domain": "가전",
    "MainCategory": "주방가전",
    "ProductName": "디오스 LG전자 스팀 DUB22WA 일반구매",
    "ReviewScore": "5",
    "Syllable": "47",
    "Word": "12",
    "RDate": "20220321",
    "Aspects": [
      {
        "Aspect": "소음",
        "SentimentText": "세척하는 동안 소음이 엄청 나네요ㅠ",
        "SentimentWord": "5",
        "SentimentPolarity": "-1"
      },
      {
        "Aspect": "용량",
        "SentimentText": "그릇은 많이 들어가서 설거지 한번에 끝내고 좋네요",
        "SentimentWord": "7",
        "SentimentPolarity": "1"
      }
    ]
  },
  {
    "Index": "29004",
    "RawText": "세척 시간이 좀 오래 걸려서 아쉽네요ㅠ 많은 설거지 거리가 한번에 들어가서 되니까 만족스럽긴해요~",
    "Source": "쇼핑몰",
    "Domain": "가전",
    "MainCategory": "주방가전",
    "ProductName": "디오스 LG전자 스팀 DUB22WA 일반구매",
    "ReviewScore": "5",
    "Syllable": "54",
    "Word": "13",
    "RDate": "20220324",
    "Aspects": [
      {
        "Aspect": "시간/속도",
        "SentimentText": "세척 시간이 좀 오래 걸려서 아쉽네요ㅠ",
        "SentimentWord": "6",
        "SentimentPolarity": "-1"
      },
      {
        "Aspect": "용량",
        "SentimentText": "많은 설거지 거리가 한번에 들어가서 되니까 만족스럽긴해요~",
        "SentimentWord": "7",
        "SentimentPolarity": "1"
      }
    ]
  },
  {
    "Index": "29005",
    "RawText": "기사님 완전 친절~ 설치도 꼼꼼~ 마음에 들어요. 포장 상태는 박스가 다 뜯겨져서 와서 아쉽네요 ㅠ 무게가 엄청나네요. 자리 이동하는데 고생했어요. 모터소리도 커서 한밤중이나 새벽녁에는 돌릴 엄두가 안나요.",
    "Source": "쇼핑몰",
    "Domain": "가전",
    "MainCategory": "주방가전",
    "ProductName": "디오스 LG전자 스팀 DUB22WA 일반구매",
    "ReviewScore": "5",
    "Syllable": "115",
    "Word": "27",
    "RDate": "20220713",
    "Aspects": [
      {
        "Aspect": "무게",
        "SentimentText": "무게가 엄청나네요. 자리 이동하는데 고생했어요.",
        "SentimentWord": "5",
        "SentimentPolarity": "-1"
      },
      {
        "Aspect": "소음",
        "SentimentText": "모터소리도 커서 한밤중이나 새벽녁에는 돌릴 엄두가 안나요.",
        "SentimentWord": "7",
        "SentimentPolarity": "-1"
      }
    ]
  },
  {
    "Index": "29006",
    "RawText": "설치 비가 또 따로 들어가니까 비싸게 주고 산 거에요 짜증 나네요.  그릇이 잘 닦여서 성능은 만족합니다.",
    "Source": "쇼핑몰",
    "Domain": "가전",
    "MainCategory": "주방가전",
    "ProductName": "디오스 LG전자 스팀 DUB22WA 일반구매",
    "ReviewScore": "5",
    "Syllable": "59",
    "Word": "16",
    "RDate": "20211219",
    "GeneralPolarity": "0",
    "Aspects": [
      {
        "Aspect": "가격",
        "SentimentText": "설치 비가 또 따로 들어가니까 비싸게 주고 산 거에요 짜증 나네요.",
        "SentimentWord": "11",
        "SentimentPolarity": "-1"
      },
      {
        "Aspect": "기능",
        "SentimentText": "그릇이 잘 닦여서 성능은 만족합니다.",
        "SentimentWord": "5",
        "SentimentPolarity": "1"
      }
    ]
  },
  {
    "Index": "29007",
    "RawText": "큰 냄비 그릇 많이 들어가서 만족스러워요~ 색상은 화면보다 별로라 아쉽네요",
    "Source": "쇼핑몰",
    "Domain": "가전",
    "MainCategory": "주방가전",
    "ProductName": "디오스 LG전자 스팀 DUB22WA 일반구매",
    "ReviewScore": "5",
    "Syllable": "41",
    "Word": "10",
    "RDate": "20210621",
    "GeneralPolarity": "0",
    "Aspects": [
      {
        "Aspect": "용량",
        "SentimentText": "큰 냄비 그릇 많이 들어가서 만족스러워요~",
        "SentimentWord": "6",
        "SentimentPolarity": "1"
      },
      {
        "Aspect": "색상",
        "SentimentText": "색상은 화면보다 별로라 아쉽네요 ",
        "SentimentWord": "4",
        "SentimentPolarity": "-1"
      }
    ]
  },
  {
    "Index": "29008",
    "RawText": "세척 기능이 너무 좋아서 마음에 듭니다~!! 색상도 원하던 컬러라 만족스러워요~ 상담도 친절하게 잘해주셔서 서비스도 최고입니다",
    "Source": "쇼핑몰",
    "Domain": "가전",
    "MainCategory": "주방가전",
    "ProductName": "디오스 LG전자 스팀 DUB22WA 일반구매",
    "ReviewScore": "5",
    "Syllable": "70",
    "Word": "15",
    "RDate": "20210710",
    "Aspects": [
      {
        "Aspect": "기능",
        "SentimentText": "세척 기능이 너무 좋아서 마음에 듭니다~!!",
        "SentimentWord": "6",
        "SentimentPolarity": "1"
      },
      {
        "Aspect": "색상",
        "SentimentText": "색상도 원하던 컬러라 만족스러워요~ ",
        "SentimentWord": "4",
        "SentimentPolarity": "1"
      }
    ]
  },
  {
    "Index": "29009",
    "RawText": "세척력이 좋아서 초벌 설겆이는 따로 안해도 깨끗하게 잘 닦이네요! 물 나올 때 소리가 생각 보다 좀 나서 아쉽습니다.",
    "Source": "쇼핑몰",
    "Domain": "가전",
    "MainCategory": "주방가전",
    "ProductName": "디오스 LG전자 스팀 DUB22WA 일반구매",
    "ReviewScore": "5",
    "Syllable": "65",
    "Word": "18",
    "RDate": "20210621",
    "Aspects": [
      {
        "Aspect": "기능",
        "SentimentText": "세척력이 좋아서 초벌 설겆이는 따로 안해도 깨끗하게 잘 닦이네요!",
        "SentimentWord": "9",
        "SentimentPolarity": "1"
      },
      {
        "Aspect": "소음",
        "SentimentText": "물 나올 때 소리가 생각 보다 좀 나서 아쉽습니다.",
        "SentimentWord": "9",
        "SentimentPolarity": "-1"
      }
    ]
  },
  {
    "Index": "29010",
    "RawText": "색상은 때가 탈 거 같아서 어두운 거 살 걸 후회돼요~ 디자인은 깔끔해서 무난하고 좋아요!",
    "Source": "쇼핑몰",
    "Domain": "가전",
    "MainCategory": "주방가전",
    "ProductName": "디오스 LG전자 스팀 DUB22WA 일반구매",
    "ReviewScore": "5",
    "Syllable": "50",
    "Word": "14",
    "RDate": "20220105",
    "Aspects": [
      {
        "Aspect": "색상",
        "SentimentText": "색상은 때가 탈 거 같아서 어두운 거 살 걸 후회돼요~ ",
        "SentimentWord": "10",
        "SentimentPolarity": "-1"
      },
      {
        "Aspect": "디자인",
        "SentimentText": "디자인은 깔끔해서 무난하고 좋아요!",
        "SentimentWord": "4",
        "SentimentPolarity": "1"
      }
    ]
  },
  {
    "Index": "29011",
    "RawText": "세제는 따로 안주셔서 좀 아쉽네요~ 세척기 성능은 너무 좋아서  그릇이 깔끔해요!",
    "Source": "쇼핑몰",
    "Domain": "가전",
    "MainCategory": "주방가전",
    "ProductName": "디오스 LG전자 스팀 DUB22WA 일반구매",
    "ReviewScore": "5",
    "Syllable": "45",
    "Word": "11",
    "RDate": "20220608",
    "Aspects": [
      {
        "Aspect": "제품구성",
        "SentimentText": "세제는 따로 안주셔서 좀 아쉽네요~ ",
        "SentimentWord": "5",
        "SentimentPolarity": "-1"
      },
      {
        "Aspect": "기능",
        "SentimentText": "세척기 성능은 너무 좋아서  그릇이 깔끔해요!",
        "SentimentWord": "6",
        "SentimentPolarity": "1"
      }
    ]
  },
  {
    "Index": "29012",
    "RawText": "화이트 색상이라 주방이 화사해서 마음에 듭니다~ 설치하고 써봤는데 세척 시간이 오래 걸리는게 아쉽네요~",
    "Source": "쇼핑몰",
    "Domain": "가전",
    "MainCategory": "주방가전",
    "ProductName": "디오스 LG전자 스팀 DUB22WA 일반구매",
    "ReviewScore": "5",
    "Syllable": "57",
    "Word": "13",
    "RDate": "20211213",
    "Aspects": [
      {
        "Aspect": "색상",
        "SentimentText": "화이트 색상이라 주방이 화사해서 마음에 듭니다~",
        "SentimentWord": "6",
        "SentimentPolarity": "1"
      },
      {
        "Aspect": "시간/속도",
        "SentimentText": " 설치하고 써봤는데 세척 시간이 오래 걸리는게 아쉽네요~",
        "SentimentWord": "7",
        "SentimentPolarity": "-1"
      }
    ]
  },
  {
    "Index": "29013",
    "RawText": "원하던 색상이라 마음에 쏙 들어요~ 넉넉한 용량이라 한꺼번에 그릇과 냄비등 많이 들어가서 좋아요!",
    "Source": "쇼핑몰",
    "Domain": "가전",
    "MainCategory": "주방가전",
    "ProductName": "디오스 LG전자 스팀 DUB22WA 일반구매",
    "ReviewScore": "5",
    "Syllable": "54",
    "Word": "13",
    "RDate": "20220113",
    "Aspects": [
      {
        "Aspect": "색상",
        "SentimentText": "원하던 색상이라 마음에 쏙 들어요~ ",
        "SentimentWord": "5",
        "SentimentPolarity": "1"
      },
      {
        "Aspect": "용량",
        "SentimentText": "넉넉한 용량이라 한꺼번에 그릇과 냄비등 많이 들어가서 좋아요!",
        "SentimentWord": "8",
        "SentimentPolarity": "1"
      }
    ]
  },
  {
    "Index": "29014",
    "RawText": "세척기 크기가 주방가구랑 잘 맞아서 다행이예요~^^ 색상도 기존에 있던 장이랑 잘 맞아서 마음에 들어요!!",
    "Source": "쇼핑몰",
    "Domain": "가전",
    "MainCategory": "주방가전",
    "ProductName": "디오스 LG전자 스팀 DUB22WA 일반구매",
    "ReviewScore": "4",
    "Syllable": "59",
    "Word": "14",
    "RDate": "20211126",
    "Aspects": [
      {
        "Aspect": "사이즈",
        "SentimentText": "세척기 크기가 주방가구랑 잘 맞아서 다행이예요~^^ ",
        "SentimentWord": "6",
        "SentimentPolarity": "1"
      },
      {
        "Aspect": "색상",
        "SentimentText": "색상도 기존에 있던 장이랑 잘 맞아서 마음에 들어요!!",
        "SentimentWord": "8",
        "SentimentPolarity": "1"
      }
    ]
  },
  {
    "Index": "29015",
    "RawText": "세척 시간이 좀 오래 걸려서 아쉬워요~세척시 소음은 조용해서 너무 좋습니다!",
    "Source": "쇼핑몰",
    "Domain": "가전",
    "MainCategory": "주방가전",
    "ProductName": "디오스 LG전자 스팀 DUB22WA 일반구매",
    "ReviewScore": "5",
    "Syllable": "42",
    "Word": "10",
    "RDate": "20220421",
    "Aspects": [
      {
        "Aspect": "시간/속도",
        "SentimentText": "세척 시간이 좀 오래 걸려서 아쉬워요~ ",
        "SentimentWord": "6",
        "SentimentPolarity": "-1"
      },
      {
        "Aspect": "소음",
        "SentimentText": "세척시 소음은 조용해서 너무 좋습니다!",
        "SentimentWord": "5",
        "SentimentPolarity": "1"
      }
    ]
  },
  {
    "Index": "29016",
    "RawText": "빌트인으로 해서 옆장이랑 사이즈 맞춰서 너무 깔끔하고 찰떡이네요! 소음도 확실히 적고 조용해서 만족해요!",
    "Source": "쇼핑몰",
    "Domain": "가전",
    "MainCategory": "주방가전",
    "ProductName": "디오스 LG전자 스팀 DUB22WA 일반구매",
    "ReviewScore": "5",
    "Syllable": "58",
    "Word": "13",
    "RDate": "20220205",
    "Aspects": [
      {
        "Aspect": "사이즈",
        "SentimentText": "빌트인으로 해서 옆장이랑 사이즈 맞춰서 너무 깔끔하고 찰떡이네요!",
        "SentimentWord": "8",
        "SentimentPolarity": "1"
      },
      {
        "Aspect": "소음",
        "SentimentText": "소음도 확실히 적고 조용해서 만족해요!",
        "SentimentWord": "5",
        "SentimentPolarity": "1"
      }
    ]
  },
  {
    "Index": "29017",
    "RawText": "사이즈가 안 맞아서 싱크대에 맞추기 힘들었어요;; 그래도 세척 기능은 좋아서 그릇이 잘 닦여서 좋네요~",
    "Source": "쇼핑몰",
    "Domain": "가전",
    "MainCategory": "주방가전",
    "ProductName": "디오스 LG전자 스팀 DUB22WA 일반구매",
    "ReviewScore": "5",
    "Syllable": "57",
    "Word": "14",
    "RDate": "20220419",
    "GeneralPolarity": "0",
    "Aspects": [
      {
        "Aspect": "사이즈",
        "SentimentText": "사이즈가 안 맞아서 싱크대에 맞추기 힘들었어요;; ",
        "SentimentWord": "6",
        "SentimentPolarity": "-1"
      },
      {
        "Aspect": "기능",
        "SentimentText": "세척 기능은 좋아서 그릇이 잘 닦여서 좋네요~",
        "SentimentWord": "7",
        "SentimentPolarity": "1"
      }
    ]
  },
  {
    "Index": "29018",
    "RawText": "성능은 최고예요! 그릇이 아주 뽀득뽀득해져서 좋아요. 컬러는 화이트로 했는데 너무 깔끔하고 만족스럽네요.",
    "Source": "쇼핑몰",
    "Domain": "가전",
    "MainCategory": "주방가전",
    "ProductName": "디오스 LG전자 스팀 DUB22WA 일반구매",
    "ReviewScore": "5",
    "Syllable": "58",
    "Word": "12",
    "RDate": "20210706",
    "GeneralPolarity": "1",
    "Aspects": [
      {
        "Aspect": "기능",
        "SentimentText": "성능은 최고예요! 그릇이 아주 뽀득뽀득해져서 좋아요. ",
        "SentimentWord": "6",
        "SentimentPolarity": "1"
      },
      {
        "Aspect": "색상",
        "SentimentText": "컬러는 화이트로 했는데 너무 깔끔하고 만족스럽네요.",
        "SentimentWord": "6",
        "SentimentPolarity": "1"
      }
    ]
  },
  {
    "Index": "29020",
    "RawText": "세척기 색상이 화이트색이라 주방이 밝고 좋아요! 디자인은 완전 깔끔하고 이뻐서 너무 마음에 듭니다 !!^^",
    "Source": "쇼핑몰",
    "Domain": "가전",
    "MainCategory": "주방가전",
    "ProductName": "디오스 LG전자 스팀 DUB22WA 일반구매",
    "ReviewScore": "5",
    "Syllable": "59",
    "Word": "14",
    "RDate": "20210925",
    "Aspects": [
      {
        "Aspect": "색상",
        "SentimentText": "세척기 색상이 화이트색이라 주방이 밝고 좋아요! ",
        "SentimentWord": "6",
        "SentimentPolarity": "1"
      },
      {
        "Aspect": "디자인",
        "SentimentText": "디자인은 완전 깔끔하고 이뻐서 너무 마음에 듭니다 !!^^",
        "SentimentWord": "8",
        "SentimentPolarity": "1"
      }
    ]
  },
  {
    "Index": "29021",
    "RawText": "소리도 조용하고~ 완전 마음에 들어요. 색상도 제가 원하는 컬러라 대만족입니다^^",
    "Source": "쇼핑몰",
    "Domain": "가전",
    "MainCategory": "주방가전",
    "ProductName": "디오스 LG전자 스팀 DUB22WA 일반구매",
    "ReviewScore": "5",
    "Syllable": "45",
    "Word": "10",
    "RDate": "20211119",
    "GeneralPolarity": "1",
    "Aspects": [
      {
        "Aspect": "소음",
        "SentimentText": "소리도 조용하고~ 완전 마음에 들어요",
        "SentimentWord": "5",
        "SentimentPolarity": "1"
      },
      {
        "Aspect": "색상",
        "SentimentText": "색상도 제가 원하는 컬러라 대만족입니다^^",
        "SentimentWord": "5",
        "SentimentPolarity": "1"
      }
    ]
  },
  {
    "Index": "29022",
    "RawText": "설치 하다가 집 장판까지 망가트리고 가서 기분이 안 좋네요.. 처음부터 포장 상태도 별로 여서 최악입니다; 포장박스 뜯다 발견했는데 전면에 움푹 패어진 자국이 있어요.ㅠㅠ 전용세제도 함께 주시기로 했는데 오지 않았구요",
    "Source": "쇼핑몰",
    "Domain": "가전",
    "MainCategory": "주방가전",
    "ProductName": "디오스 LG전자 스팀 DUB22WA 일반구매",
    "ReviewScore": "5",
    "Syllable": "121",
    "Word": "29",
    "RDate": "20220711",
    "Aspects": [
      {
        "Aspect": "품질",
        "SentimentText": "포장박스 뜯다 발견했는데 전면에 움푹 패어진 자국이 있어요.ㅠㅠ",
        "SentimentWord": "8",
        "SentimentPolarity": "-1"
      },
      {
        "Aspect": "제품구성",
        "SentimentText": "전용세제도 함께 주시기로 했는데 오지 않았구요",
        "SentimentWord": "6",
        "SentimentPolarity": "-1"
      }
    ]
  },
  {
    "Index": "29023",
    "RawText": "사은품 세제는 왜 안오는지 기다리다 지쳐가네요ㅜ 그래도 설치하니까 그릇이 잘 닦여서 기분은 좋네요",
    "Source": "쇼핑몰",
    "Domain": "가전",
    "MainCategory": "주방가전",
    "ProductName": "디오스 LG전자 스팀 DUB22WA 일반구매",
    "ReviewScore": "4",
    "Syllable": "54",
    "Word": "13",
    "RDate": "20220317",
    "Aspects": [
      {
        "Aspect": "제품구성",
        "SentimentText": "사은품 세제는 왜 안오는지 기다리다 지쳐가네요ㅜ ",
        "SentimentWord": "6",
        "SentimentPolarity": "-1"
      },
      {
        "Aspect": "기능",
        "SentimentText": "설치하니까 그릇이 잘 닦여서 기분은 좋네요",
        "SentimentWord": "6",
        "SentimentPolarity": "1"
      }
    ]
  },
  {
    "Index": "29026",
    "RawText": "저렴한 가격에 좋은 제품 구매해서 만족합니다~설치후 작동해보니 조작법도 간단해서 좋아요.",
    "Source": "쇼핑몰",
    "Domain": "가전",
    "MainCategory": "주방가전",
    "ProductName": "디오스 LG전자 스팀 DUB22WA 일반구매",
    "ReviewScore": "5",
    "Syllable": "49",
    "Word": "10",
    "RDate": "20220314",
    "Aspects": [
      {
        "Aspect": "가격",
        "SentimentText": "저렴한 가격에 좋은 제품 구매해서 만족합니다~",
        "SentimentWord": "6",
        "SentimentPolarity": "1"
      },
      {
        "Aspect": "조작성",
        "SentimentText": "설치후 작동해보니 조작법도 간단해서 좋아요.",
        "SentimentWord": "5",
        "SentimentPolarity": "1"
      }
    ]
  },
  {
    "Index": "29027",
    "RawText": "할인 혜택 적용해서 저렴하게 구매했어요~^^ 방송에서 보던 거랑 색상이 살짝 달라서 아쉬워요",
    "Source": "쇼핑몰",
    "Domain": "가전",
    "MainCategory": "주방가전",
    "ProductName": "디오스 LG전자 스팀 DUB22WA 일반구매",
    "ReviewScore": "5",
    "Syllable": "51",
    "Word": "12",
    "RDate": "20220322",
    "Aspects": [
      {
        "Aspect": "가격",
        "SentimentText": "할인 혜택 적용해서 저렴하게 구매했어요~^^",
        "SentimentWord": "5",
        "SentimentPolarity": "1"
      },
      {
        "Aspect": "색상",
        "SentimentText": "방송에서 보던 거랑 색상이 살짝 달라서 아쉬워요",
        "SentimentWord": "7",
        "SentimentPolarity": "-1"
      }
    ]
  },
  {
    "Index": "29028",
    "RawText": "소음이 적어서 조용하게 세척 되어서 너무 좋아요!! 기존에 쓰던 식기세척기 성능이랑은 비교도 안될정도로 훌륭한 제품이예요! 너무 좋아요.",
    "Source": "쇼핑몰",
    "Domain": "가전",
    "MainCategory": "주방가전",
    "ProductName": "디오스 LG전자 스팀 DUB22WA 일반구매",
    "ReviewScore": "5",
    "Syllable": "76",
    "Word": "17",
    "RDate": "20220322",
    "Aspects": [
      {
        "Aspect": "소음",
        "SentimentText": "소음이 적어서 조용하게 세척되어서 너무 좋아요!!",
        "SentimentWord": "6",
        "SentimentPolarity": "1"
      },
      {
        "Aspect": "기능",
        "SentimentText": "기존에 쓰던 식기세척기 성능이랑은 비교도 안될정도로 훌륭한 제품이예요! 너무 좋아요. ",
        "SentimentWord": "10",
        "SentimentPolarity": "1"
      }
    ]
  },
  {
    "Index": "29031",
    "RawText": "색상이 화이트라 주방이랑도 잘 어울려서 좋아요. 그리고 제일 중요한 그릇이 정말 깨끗하게 씻겨서 좋아요 행복하네요.",
    "Source": "쇼핑몰",
    "Domain": "가전",
    "MainCategory": "주방가전",
    "ProductName": "디오스 LG전자 스팀 DUB22WA 일반구매",
    "ReviewScore": "4",
    "Syllable": "64",
    "Word": "15",
    "RDate": "20211020",
    "GeneralPolarity": "1",
    "Aspects": [
      {
        "Aspect": "색상",
        "SentimentText": "색상이 화이트라 주방이랑도 잘 어울려서 좋아요.",
        "SentimentWord": "6",
        "SentimentPolarity": "1"
      },
      {
        "Aspect": "기능",
        "SentimentText": "그리고 제일 중요한 그릇이 정말 깨끗하게 씻겨서 좋아요 행복하네요.",
        "SentimentWord": "9",
        "SentimentPolarity": "1"
      }
    ]
  },
  {
    "Index": "29032",
    "RawText": "수저, 그릇등 깔끔하게 세척이 잘되어 매우 만족스러워요!! 소음은 어쩔 수 없이 조금 있어서 아쉽네요.",
    "Source": "쇼핑몰",
    "Domain": "가전",
    "MainCategory": "주방가전",
    "ProductName": "디오스 LG전자 스팀 DUB22WA 일반구매",
    "ReviewScore": "5",
    "Syllable": "57",
    "Word": "14",
    "RDate": "20220228",
    "Aspects": [
      {
        "Aspect": "기능",
        "SentimentText": "수저, 그릇등 깔끔하게 세척이 잘되어 매우 만족스러워요!! ",
        "SentimentWord": "7",
        "SentimentPolarity": "1"
      },
      {
        "Aspect": "소음",
        "SentimentText": "소음은 어쩔 수 없이 조금 있어서 아쉽네요.",
        "SentimentWord": "7",
        "SentimentPolarity": "-1"
      }
    ]
  },
  {
    "Index": "29033",
    "RawText": "그릇에 물 자국도 없어 세척기능이  완전 좋네요!! 그런데 전기세가 많이 나올까봐 걱정되네요;;",
    "Source": "쇼핑몰",
    "Domain": "가전",
    "MainCategory": "주방가전",
    "ProductName": "디오스 LG전자 스팀 DUB22WA 일반구매",
    "ReviewScore": "5",
    "Syllable": "53",
    "Word": "12",
    "RDate": "20220606",
    "Aspects": [
      {
        "Aspect": "기능",
        "SentimentText": "그릇에 물 자국도 없어 세척기능이  완전 좋네요!!",
        "SentimentWord": "7",
        "SentimentPolarity": "1"
      },
      {
        "Aspect": "소비전력",
        "SentimentText": "전기세가 많이 나올까봐 걱정되네요;;",
        "SentimentWord": "4",
        "SentimentPolarity": "-1"
      }
    ]
  },
  {
    "Index": "29034",
    "RawText": "외관상 밑에 튀어나오는게 싫어서 이 제품을 선택했는데 맞춤인냥 너무 깔끔해서 좋아요. 다만 대식구라 12인용으로 샀는데 용량이 좀 작아보이네요ㅡㅡ",
    "Source": "쇼핑몰",
    "Domain": "가전",
    "MainCategory": "주방가전",
    "ProductName": "디오스 LG전자 스팀 DUB22WA 일반구매",
    "ReviewScore": "4",
    "Syllable": "81",
    "Word": "18",
    "RDate": "20220322",
    "GeneralPolarity": "0",
    "Aspects": [
      {
        "Aspect": "디자인",
        "SentimentText": "외관상 밑에 튀어나오는게 싫어서 이 제품을 선택했는데 맞춤인냥 너무 깔끔해서 좋아요.",
        "SentimentWord": "11",
        "SentimentPolarity": "1"
      },
      {
        "Aspect": "용량",
        "SentimentText": "다만 대식구라 12인용으로 샀는데 용량이 좀 작아보이네요ㅡㅡ",
        "SentimentWord": "7",
        "SentimentPolarity": "-1"
      }
    ]
  },
  {
    "Index": "29036",
    "RawText": "생각보다 소음이 커서 시끄럽네요ㅠ 색상은 원하던 색상이라 만족합니다.",
    "Source": "쇼핑몰",
    "Domain": "가전",
    "MainCategory": "주방가전",
    "ProductName": "디오스 LG전자 스팀 DUB22WA 일반구매",
    "ReviewScore": "5",
    "Syllable": "38",
    "Word": "8",
    "RDate": "20220329",
    "Aspects": [
      {
        "Aspect": "소음",
        "SentimentText": "생각보다 소음이 커서 시끄럽네요ㅠ",
        "SentimentWord": "4",
        "SentimentPolarity": "-1"
      },
      {
        "Aspect": "색상",
        "SentimentText": "색상은 원하던 색상이라 만족합니다.",
        "SentimentWord": "4",
        "SentimentPolarity": "1"
      }
    ]
  },
  {
    "Index": "29037",
    "RawText": "용량을 너무 큰 걸 사서 바로 못 돌리니 아쉽네요.  사은품 덕분에 당분간 세제는 안사도 되니 좋네요 ㅎ",
    "Source": "쇼핑몰",
    "Domain": "가전",
    "MainCategory": "주방가전",
    "ProductName": "디오스 LG전자 스팀 DUB22WA 일반구매",
    "ReviewScore": "4",
    "Syllable": "58",
    "Word": "17",
    "RDate": "20211218",
    "Aspects": [
      {
        "Aspect": "용량",
        "SentimentText": "용량을 너무 큰 걸 사서 바로 못 돌리니 아쉽네요.",
        "SentimentWord": "9",
        "SentimentPolarity": "-1"
      },
      {
        "Aspect": "제품구성",
        "SentimentText": " 사은품 덕분에 당분간 세제는 안사도 되니 좋네요 ㅎ",
        "SentimentWord": "8",
        "SentimentPolarity": "1"
      }
    ]
  },
  {
    "Index": "29038",
    "RawText": "그릇이 아주 뽀득뽀득 잘 닦여서 기능이 최고! 기분이 좋네요~ 작동시 소음도 적어서 만족해요!",
    "Source": "쇼핑몰",
    "Domain": "가전",
    "MainCategory": "주방가전",
    "ProductName": "디오스 LG전자 스팀 DUB22WA 일반구매",
    "ReviewScore": "5",
    "Syllable": "52",
    "Word": "13",
    "RDate": "20211222",
    "Aspects": [
      {
        "Aspect": "기능",
        "SentimentText": "그릇이 아주 뽀득뽀득 잘 닦여서 기능이 최고! 기분이 좋네요~",
        "SentimentWord": "9",
        "SentimentPolarity": "1"
      },
      {
        "Aspect": "소음",
        "SentimentText": "작동시 소음도 적어서 만족해요!",
        "SentimentWord": "4",
        "SentimentPolarity": "1"
      }
    ]
  },
  {
    "Index": "29039",
    "RawText": "추가 비용이 없어서 너무 마음에 듭니다. 색상도 냉장고와 같은 화이트색이라 깔끔해서 좋아요~",
    "Source": "쇼핑몰",
    "Domain": "가전",
    "MainCategory": "주방가전",
    "ProductName": "디오스 LG전자 스팀 DUB22WA 일반구매",
    "ReviewScore": "5",
    "Syllable": "51",
    "Word": "12",
    "RDate": "20220415",
    "Aspects": [
      {
        "Aspect": "가격",
        "SentimentText": "추가 비용이 없어서 너무 마음에 듭니다",
        "SentimentWord": "6",
        "SentimentPolarity": "1"
      },
      {
        "Aspect": "색상",
        "SentimentText": "색상도 냉장고와 같은 화이트색이라 깔끔해서 좋아요~",
        "SentimentWord": "6",
        "SentimentPolarity": "1"
      }
    ]
  },
  {
    "Index": "29040",
    "RawText": "소음이 조금 나서 아쉽지만 배송 빠르게 잘받아서 만족!! 저렴하게 잘 사서 더 만족입니다~",
    "Source": "쇼핑몰",
    "Domain": "가전",
    "MainCategory": "주방가전",
    "ProductName": "디오스 LG전자 스팀 DUB22WA 일반구매",
    "ReviewScore": "5",
    "Syllable": "50",
    "Word": "13",
    "RDate": "20210701",
    "Aspects": [
      {
        "Aspect": "소음",
        "SentimentText": "소음이 조금 나서 아쉽지만",
        "SentimentWord": "4",
        "SentimentPolarity": "-1"
      },
      {
        "Aspect": "가격",
        "SentimentText": "저렴하게 잘 사서 더 만족입니다~ ",
        "SentimentWord": "5",
        "SentimentPolarity": "1"
      }
    ]
  },
  {
    "Index": "29041",
    "RawText": "12인용이라 그릇이 한꺼번에 많이 들어가서 편해요~ 색상은 화면이라 좀 달라서 아쉽습니다.",
    "Source": "쇼핑몰",
    "Domain": "가전",
    "MainCategory": "주방가전",
    "ProductName": "디오스 LG전자 스팀 DUB22WA 일반구매",
    "ReviewScore": "5",
    "Syllable": "50",
    "Word": "11",
    "RDate": "20211220",
    "Aspects": [
      {
        "Aspect": "용량",
        "SentimentText": "12인용이라 그릇이 한꺼번에 많이 들어가서 편해요~",
        "SentimentWord": "6",
        "SentimentPolarity": "1"
      },
      {
        "Aspect": "색상",
        "SentimentText": "색상은 화면이라 좀 달라서 아쉽습니다.",
        "SentimentWord": "5",
        "SentimentPolarity": "-1"
      }
    ]
  },
  {
    "Index": "29042",
    "RawText": "제품 받아보니 세척과 건조 기능이 너무 좋아서 만족스럽네요!  다만,세척 시간이 많이 걸린다는게 아쉽긴 하네요 ~",
    "Source": "쇼핑몰",
    "Domain": "가전",
    "MainCategory": "주방가전",
    "ProductName": "디오스 LG전자 스팀 DUB22WA 일반구매",
    "ReviewScore": "5",
    "Syllable": "63",
    "Word": "15",
    "RDate": "20220812",
    "Aspects": [
      {
        "Aspect": "기능",
        "SentimentText": "제품 받아보니 세척과 건조 기능이 너무 좋아서 만족스럽네요! ",
        "SentimentWord": "8",
        "SentimentPolarity": "1"
      },
      {
        "Aspect": "시간/속도",
        "SentimentText": "세척 시간이 많이 걸린다는게 아쉽긴 하네요 ~",
        "SentimentWord": "7",
        "SentimentPolarity": "-1"
      }
    ]
  },
  {
    "Index": "29043",
    "RawText": "색상이 하얀색이라 깔끔하고 마음에 들어요~제품 디자인도 심플해서 깔끔합니다~",
    "Source": "쇼핑몰",
    "Domain": "가전",
    "MainCategory": "주방가전",
    "ProductName": "디오스 LG전자 스팀 DUB22WA 일반구매",
    "ReviewScore": "5",
    "Syllable": "42",
    "Word": "8",
    "RDate": "20220226",
    "Aspects": [
      {
        "Aspect": "색상",
        "SentimentText": "색상이 하얀색이라 깔끔하고 마음에 들어요~ ",
        "SentimentWord": "5",
        "SentimentPolarity": "1"
      },
      {
        "Aspect": "디자인",
        "SentimentText": "제품 디자인도 심플해서 깔끔합니다~",
        "SentimentWord": "4",
        "SentimentPolarity": "1"
      }
    ]
  },
  {
    "Index": "29044",
    "RawText": "성능 완전 좋아요 강추에요~ 소음도 거의 없고 조용하게 세척되네요!",
    "Source": "쇼핑몰",
    "Domain": "가전",
    "MainCategory": "주방가전",
    "ProductName": "디오스 LG전자 스팀 DUB22WA 일반구매",
    "ReviewScore": "5",
    "Syllable": "37",
    "Word": "9",
    "RDate": "20220423",
    "Aspects": [
      {
        "Aspect": "기능",
        "SentimentText": "성능 완전 좋아요 강추에요~ ",
        "SentimentWord": "4",
        "SentimentPolarity": "1"
      },
      {
        "Aspect": "소음",
        "SentimentText": "소음도 거의 없고 조용하게 세척되네요!",
        "SentimentWord": "5",
        "SentimentPolarity": "1"
      }
    ]
  },
  {
    "Index": "29045",
    "RawText": "추가 비용이 들어가서 속상합니다. 하지만 세척력이 뛰어나서 그릇들이 반짝반짝 합니다~^^",
    "Source": "쇼핑몰",
    "Domain": "가전",
    "MainCategory": "주방가전",
    "ProductName": "디오스 LG전자 스팀 DUB22WA 일반구매",
    "ReviewScore": "4",
    "Syllable": "49",
    "Word": "10",
    "RDate": "20220220",
    "Aspects": [
      {
        "Aspect": "가격",
        "SentimentText": "추가 비용이 들어가서 속상합니다.",
        "SentimentWord": "4",
        "SentimentPolarity": "-1"
      },
      {
        "Aspect": "기능",
        "SentimentText": "세척력이 뛰어나서 그릇들이 반짝반짝 합니다~^^",
        "SentimentWord": "5",
        "SentimentPolarity": "1"
      }
    ]
  },
  {
    "Index": "29046",
    "RawText": "큰 그릇들은 많이 안 들어가서 아쉽습니다. 그래도 세척력은 굉장히 좋아서 만족해요!",
    "Source": "쇼핑몰",
    "Domain": "가전",
    "MainCategory": "주방가전",
    "ProductName": "디오스 LG전자 스팀 DUB22WA 일반구매",
    "ReviewScore": "5",
    "Syllable": "46",
    "Word": "11",
    "RDate": "20210903",
    "Aspects": [
      {
        "Aspect": "용량",
        "SentimentText": "큰 그릇들은 많이 안 들어가서 아쉽습니다. ",
        "SentimentWord": "6",
        "SentimentPolarity": "-1"
      },
      {
        "Aspect": "기능",
        "SentimentText": " 세척력은 굉장히 좋아서 만족해요!",
        "SentimentWord": "4",
        "SentimentPolarity": "1"
      }
    ]
  },
  {
    "Index": "29047",
    "RawText": "식기 세척기가 있어서 삶의 질이 향상되고 너무 편해졌어요~^^ 그런데 색상은 어두운 걸로 살 걸 후회가 되네요~",
    "Source": "쇼핑몰",
    "Domain": "가전",
    "MainCategory": "주방가전",
    "ProductName": "디오스 LG전자 스팀 DUB22WA 일반구매",
    "ReviewScore": "5",
    "Syllable": "62",
    "Word": "16",
    "RDate": "20211119",
    "Aspects": [
      {
        "Aspect": "편의성",
        "SentimentText": "식기 세척기가 있어서 삶의 질이 향상되고 너무 편해졌어요~^^ ",
        "SentimentWord": "8",
        "SentimentPolarity": "1"
      },
      {
        "Aspect": "색상",
        "SentimentText": "색상은 어두운 걸로 살 걸 후회가 되네요~",
        "SentimentWord": "7",
        "SentimentPolarity": "-1"
      }
    ]
  },
  {
    "Index": "29048",
    "RawText": "어두운 주방가구에 화이트색상 세척기가 많이 튀긴하네요... 하지만 브랜드 식세기를 싸게 구매해서 너무 마음에 들었어요. 잘쓰겠습니다.",
    "Source": "쇼핑몰",
    "Domain": "가전",
    "MainCategory": "주방가전",
    "ProductName": "디오스 LG전자 스팀 DUB22WA 일반구매",
    "ReviewScore": "5",
    "Syllable": "74",
    "Word": "15",
    "RDate": "20220317",
    "Aspects": [
      {
        "Aspect": "색상",
        "SentimentText": "어두운 주방가구에 화이트색상 세척기가 많이 튀긴하네요...",
        "SentimentWord": "6",
        "SentimentPolarity": "-1"
      },
      {
        "Aspect": "가격",
        "SentimentText": "브랜드 식세기를 싸게 구매해서 너무 마음에 들었어요. 잘쓰겠습니다.",
        "SentimentWord": "8",
        "SentimentPolarity": "1"
      }
    ]
  },
  {
    "Index": "29049",
    "RawText": "생각보다 물소리가 커서 거슬리네요ㅜ 그래도 그릇이 잘 닦이니까 만족스럽네요",
    "Source": "쇼핑몰",
    "Domain": "가전",
    "MainCategory": "주방가전",
    "ProductName": "디오스 LG전자 스팀 DUB22WA 일반구매",
    "ReviewScore": "5",
    "Syllable": "41",
    "Word": "9",
    "RDate": "20220313",
    "Aspects": [
      {
        "Aspect": "소음",
        "SentimentText": "생각보다 물소리가 커서 거슬리네요ㅜ",
        "SentimentWord": "4",
        "SentimentPolarity": "-1"
      },
      {
        "Aspect": "기능",
        "SentimentText": "그릇이 잘 닦이니까 만족스럽네요",
        "SentimentWord": "4",
        "SentimentPolarity": "1"
      }
    ]
  },
  {
    "Index": "29050",
    "RawText": "깔끔한 디자인이 주방 분위기를 살려서 좋네요~ 다만, 세척기 작동할때 소음이 꽤 있어서 놀랐네요...",
    "Source": "쇼핑몰",
    "Domain": "가전",
    "MainCategory": "주방가전",
    "ProductName": "디오스 LG전자 스팀 DUB22WA 일반구매",
    "ReviewScore": "5",
    "Syllable": "56",
    "Word": "13",
    "RDate": "20220402",
    "Aspects": [
      {
        "Aspect": "디자인",
        "SentimentText": "깔끔한 디자인이 주방 분위기를 살려서 좋네요~",
        "SentimentWord": "6",
        "SentimentPolarity": "1"
      },
      {
        "Aspect": "소음",
        "SentimentText": "세척기 작동할때 소음이 꽤 있어서 놀랐네요...",
        "SentimentWord": "6",
        "SentimentPolarity": "-1"
      }
    ]
  }
]