[
  {
    "Index": "30460",
    "RawText": "화이트 톤이라 확실히 세련되보여요 다른 가전들이랑도 잘어울려요. 가열도 확실히 빠르게 되서 너무 편해요.",
    "Source": "쇼핑몰",
    "Domain": "가전",
    "MainCategory": "주방가전",
    "ProductName": "LG전자 MW23WD 일반구매",
    "ReviewScore": "5",
    "Syllable": "58",
    "Word": "13",
    "RDate": "20200909",
    "GeneralPolarity": "1",
    "Aspects": [
      {
        "Aspect": "색상",
        "SentimentText": "화이트 톤이라 확실히 세련되보여요 다른 가전들이랑도 잘어울려요.",
        "SentimentWord": "7",
        "SentimentPolarity": "1"
      },
      {
        "Aspect": "기능",
        "SentimentText": "가열도 확실히 빠르게 되서 너무 편해요.",
        "SentimentWord": "6",
        "SentimentPolarity": "1"
      }
    ]
  },
  {
    "Index": "30461",
    "RawText": "소음이 생각보다 굉장히 요란스러워서 깜짝놀랬네요. 그거말고는 다 만족스러워요 역시 가전은 이 브랜드라고 할 정도로 최고네요.",
    "Source": "쇼핑몰",
    "Domain": "가전",
    "MainCategory": "주방가전",
    "ProductName": "LG전자 MW23WD 일반구매",
    "ReviewScore": "5",
    "Syllable": "69",
    "Word": "15",
    "RDate": "20220428",
    "GeneralPolarity": "0",
    "Aspects": [
      {
        "Aspect": "소음",
        "SentimentText": "소음이 생각보다 굉장히 요란스러워서 깜짝놀랬네요.",
        "SentimentWord": "5",
        "SentimentPolarity": "-1"
      },
      {
        "Aspect": "제조일/제조사",
        "SentimentText": "그거말고는 다 만족스러워요 역시 가전은 이 브랜드라고 할 정도로 최고네요.",
        "SentimentWord": "10",
        "SentimentPolarity": "1"
      }
    ]
  },
  {
    "Index": "30462",
    "RawText": "조리완료시에 나오는 멜로디가 있는데 정말 큽니다 깜짝놀랬어요. 안에 받침대랑 겉은 강화유리인데 전체적인건 스테인리스 재질이라 싼티나보여서 좀 그래요.",
    "Source": "쇼핑몰",
    "Domain": "가전",
    "MainCategory": "주방가전",
    "ProductName": "LG전자 MW23WD 일반구매",
    "ReviewScore": "5",
    "Syllable": "83",
    "Word": "17",
    "RDate": "20210613",
    "GeneralPolarity": "-1",
    "Aspects": [
      {
        "Aspect": "소음",
        "SentimentText": "조리완료시에 나오는 멜로디가 있는데 정말 큽니다 깜짝놀랬어요.",
        "SentimentWord": "7",
        "SentimentPolarity": "-1"
      },
      {
        "Aspect": "소재",
        "SentimentText": "안에 받침대랑 겉은 강화유리인데 전체적인건 스테인리스 재질이라 싼티나보여서 좀 그래요.",
        "SentimentWord": "10",
        "SentimentPolarity": "-1"
      }
    ]
  },
  {
    "Index": "30465",
    "RawText": "화이트톤 전자레인지를 찾고있었는데 딱 제가 원하는 거여서 구매했는데 역시나 예뻐요. 디자인도 마찬가지로 정말 깔끔하고 심플해서 좋네요. ",
    "Source": "쇼핑몰",
    "Domain": "가전",
    "MainCategory": "주방가전",
    "ProductName": "LG전자 MW23WD 일반구매",
    "ReviewScore": "5",
    "Syllable": "76",
    "Word": "16",
    "RDate": "20220522",
    "GeneralPolarity": "1",
    "Aspects": [
      {
        "Aspect": "색상",
        "SentimentText": "화이트톤 전자레인지를 찾고있었는데 딱 제가 원하는 거여서 구매했는데 역시나 예뻐요.",
        "SentimentWord": "10",
        "SentimentPolarity": "1"
      },
      {
        "Aspect": "디자인",
        "SentimentText": "디자인도 마찬가지로 정말 깔끔하고 심플해서 좋네요.",
        "SentimentWord": "6",
        "SentimentPolarity": "1"
      }
    ]
  },
  {
    "Index": "30466",
    "RawText": "버튼이 굉장히 간단하게 되어있어서 당황했네요ㅎ 가격대비 그렇게 엄청 좋진 않아요. 비싼 이유를 잘 모르겠어요 그냥저냥 쓸 생각입니다.",
    "Source": "쇼핑몰",
    "Domain": "가전",
    "MainCategory": "주방가전",
    "ProductName": "LG전자 MW23WD 일반구매",
    "ReviewScore": "5",
    "Syllable": "74",
    "Word": "17",
    "RDate": "20201020",
    "GeneralPolarity": "0",
    "Aspects": [
      {
        "Aspect": "조작성",
        "SentimentText": "버튼이 굉장히 간단하게 되어있어서 당황했네요ㅎ",
        "SentimentWord": "5",
        "SentimentPolarity": "0"
      },
      {
        "Aspect": "가격",
        "SentimentText": "가격대비 그렇게 엄청 좋진 않아요. 비싼 이유를 잘 모르겠어요 그냥저냥 쓸 생각입니다.",
        "SentimentWord": "12",
        "SentimentPolarity": "-1"
      }
    ]
  },
  {
    "Index": "30467",
    "RawText": "색상이 흰색이라 떼가 잘탄다는 평이있어 고민했는데 전혀 아니네요 너무 좋아요. 소음도 이정도면 조용한 편이고 너무 마음에 듭니다.",
    "Source": "쇼핑몰",
    "Domain": "가전",
    "MainCategory": "주방가전",
    "ProductName": "LG전자 MW23WD 일반구매",
    "ReviewScore": "5",
    "Syllable": "72",
    "Word": "17",
    "RDate": "20220610",
    "GeneralPolarity": "1",
    "Aspects": [
      {
        "Aspect": "색상",
        "SentimentText": "색상이 흰색이라 떼가 잘탄다는 평이있어 고민했는데 전혀 아니네요 너무 좋아요.",
        "SentimentWord": "10",
        "SentimentPolarity": "1"
      },
      {
        "Aspect": "소음",
        "SentimentText": "소음도 이정도면 조용한 편이고 너무 마음에 듭니다.",
        "SentimentWord": "7",
        "SentimentPolarity": "1"
      }
    ]
  },
  {
    "Index": "30469",
    "RawText": "디자인 너무 깔끔하고 심플해서 마음에 들어요 최고입니다. 저렴하게 구입해서 만족스러워요. 가성비 값인 제품입니다.",
    "Source": "쇼핑몰",
    "Domain": "가전",
    "MainCategory": "주방가전",
    "ProductName": "LG전자 MW25 스테인리스",
    "ReviewScore": "5",
    "Syllable": "63",
    "Word": "13",
    "RDate": "20200620",
    "GeneralPolarity": "1",
    "Aspects": [
      {
        "Aspect": "디자인",
        "SentimentText": "디자인 너무 깔끔하고 심플해서 마음에 들어요 최고입니다.",
        "SentimentWord": "7",
        "SentimentPolarity": "1"
      },
      {
        "Aspect": "가격",
        "SentimentText": " 저렴하게 구입해서 만족스러워요. 가성비 값인 제품입니다.",
        "SentimentWord": "6",
        "SentimentPolarity": "1"
      }
    ]
  },
  {
    "Index": "30471",
    "RawText": "타 브랜드꺼 10년넘게 쓰다가 이브랜드로 바꿨는데 추천한 이유를 알겠네요 너무 좋아요. 전체적으로 사이즈가 작아져서 좋구요. 안에 내부는 넓고 깊어서 훨씬 좋네요^^",
    "Source": "쇼핑몰",
    "Domain": "가전",
    "MainCategory": "주방가전",
    "ProductName": "LG전자 MW25 스테인리스",
    "ReviewScore": "5",
    "Syllable": "92",
    "Word": "21",
    "RDate": "20210206",
    "GeneralPolarity": "1",
    "Aspects": [
      {
        "Aspect": "제조일/제조사",
        "SentimentText": "타 브랜드꺼 10년넘게 쓰다가 이브랜드로 바꿨는데 추천한 이유를 알겠네요 너무 좋아요.",
        "SentimentWord": "11",
        "SentimentPolarity": "1"
      },
      {
        "Aspect": "사이즈",
        "SentimentText": "전체적으로 사이즈가 작아져서 좋구요.",
        "SentimentWord": "4",
        "SentimentPolarity": "1"
      },
      {
        "Aspect": "용량",
        "SentimentText": "안에 내부는 넓고 깊어서 훨씬 좋네요^^",
        "SentimentWord": "6",
        "SentimentPolarity": "1"
      }
    ]
  },
  {
    "Index": "30472",
    "RawText": "광파오븐 10년넘게 쓰다가 전자레인지로 바꿨는데 성능 정말 최고네요. 짱입니다. 음식 하는 것도 사용하기 쉬워서 웬만한 요리는 전자레인지로 다 처리하네요",
    "Source": "쇼핑몰",
    "Domain": "가전",
    "MainCategory": "주방가전",
    "ProductName": "LG전자 MW25 스테인리스",
    "ReviewScore": "5",
    "Syllable": "85",
    "Word": "19",
    "RDate": "20190712",
    "GeneralPolarity": "1",
    "Aspects": [
      {
        "Aspect": "기능",
        "SentimentText": "광파오븐 10년넘게 쓰다가 전자레인지로 바꿨는데 성능 정말 최고네요. 짱입니다.",
        "SentimentWord": "9",
        "SentimentPolarity": "1"
      },
      {
        "Aspect": "편의성",
        "SentimentText": "음식 하는 것도 사용하기 쉬워서 웬만한 요리는 전자레인지로 다 처리하네요",
        "SentimentWord": "10",
        "SentimentPolarity": "1"
      }
    ]
  },
  {
    "Index": "30476",
    "RawText": "디자인이 마음에 들어서 주문했는데 역시나^^ 너무 예뻐요. 인버터 시스템이라 전기세 걱정도 없어서 너무 좋네요.",
    "Source": "쇼핑몰",
    "Domain": "가전",
    "MainCategory": "주방가전",
    "ProductName": "LG전자 MW25 스테인리스",
    "ReviewScore": "5",
    "Syllable": "62",
    "Word": "14",
    "RDate": "20210211",
    "GeneralPolarity": "1",
    "Aspects": [
      {
        "Aspect": "디자인",
        "SentimentText": "디자인이 마음에 들어서 주문했는데 역시나^^ 너무 예뻐요.",
        "SentimentWord": "7",
        "SentimentPolarity": "1"
      },
      {
        "Aspect": "소비전력",
        "SentimentText": "인버터 시스템이라 전기세 걱정도 없어서 너무 좋네요.",
        "SentimentWord": "7",
        "SentimentPolarity": "1"
      }
    ]
  },
  {
    "Index": "30478",
    "RawText": "25리터 용량이라고 해서 엄청 큰줄 알았는데 내부 공간이 굉장히 협소합니다. 작동시에 소음도 굉장히 커서 거슬려요.",
    "Source": "쇼핑몰",
    "Domain": "가전",
    "MainCategory": "주방가전",
    "ProductName": "LG전자 MW25 스테인리스",
    "ReviewScore": "3",
    "Syllable": "64",
    "Word": "15",
    "RDate": "20200111",
    "GeneralPolarity": "-1",
    "Aspects": [
      {
        "Aspect": "용량",
        "SentimentText": "25리터 용량이라고 해서 엄청 큰줄 알았는데 내부 공간이 굉장히 협소합니다.",
        "SentimentWord": "10",
        "SentimentPolarity": "-1"
      },
      {
        "Aspect": "소음",
        "SentimentText": "작동시에 소음도 굉장히 커서 거슬려요.",
        "SentimentWord": "5",
        "SentimentPolarity": "-1"
      }
    ]
  },
  {
    "Index": "30479",
    "RawText": "이번에 고장나 이 브랜드 샀는데 디자인 외관 깨끗하고 심플해서 좋네요. 그리고 무엇보다 조작이 간편해서 손쉽게 사용할 수 있어 좋아요.",
    "Source": "쇼핑몰",
    "Domain": "가전",
    "MainCategory": "주방가전",
    "ProductName": "LG전자 MW25 스테인리스",
    "ReviewScore": "5",
    "Syllable": "75",
    "Word": "19",
    "RDate": "20220705",
    "GeneralPolarity": "1",
    "Aspects": [
      {
        "Aspect": "디자인",
        "SentimentText": "이번에 고장나 이 브랜드 샀는데 디자인 외관 깨끗하고 심플해서 좋네요.",
        "SentimentWord": "10",
        "SentimentPolarity": "1"
      },
      {
        "Aspect": "조작성",
        "SentimentText": "그리고 무엇보다 조작이 간편해서 손쉽게 사용할 수 있어 좋아요.",
        "SentimentWord": "9",
        "SentimentPolarity": "1"
      }
    ]
  },
  {
    "Index": "30480",
    "RawText": "왜 다들 디자인 칭찬했는지 알 정도로 깔끔하고 심플 그자체네요. 예뻐요. 그리고 그 전엔 문열림이 버튼식을 사용하다 수동으로 댕겨야해서 불편해요.",
    "Source": "쇼핑몰",
    "Domain": "가전",
    "MainCategory": "주방가전",
    "ProductName": "LG전자 MW25 스테인리스",
    "ReviewScore": "4",
    "Syllable": "81",
    "Word": "19",
    "RDate": "20190411",
    "GeneralPolarity": "0",
    "Aspects": [
      {
        "Aspect": "디자인",
        "SentimentText": "왜 다들 디자인 칭찬했는지 알 정도로 깔끔하고 심플 그자체네요. 예뻐요.",
        "SentimentWord": "10",
        "SentimentPolarity": "1"
      },
      {
        "Aspect": "조작성",
        "SentimentText": " 그리고 그 전엔 문열림이 버튼식을 사용하다 수동으로 댕겨야해서 불편해요.",
        "SentimentWord": "9",
        "SentimentPolarity": "-1"
      }
    ]
  },
  {
    "Index": "30483",
    "RawText": "요즘 인버터 시스템이 대세라길라 구매했는데 역시 전기세 걱정은 없네요. 근데 생각보다 정말 작동시 소음이 굉장히 크고 알림음도 시끄러워요ㅡㅡ",
    "Source": "쇼핑몰",
    "Domain": "가전",
    "MainCategory": "주방가전",
    "ProductName": "LG전자 MW25 스테인리스",
    "ReviewScore": "4",
    "Syllable": "78",
    "Word": "18",
    "RDate": "20180821",
    "GeneralPolarity": "0",
    "Aspects": [
      {
        "Aspect": "소비전력",
        "SentimentText": "요즘 인버터 시스템이 대세라길라 구매했는데 역시 전기세 걱정은 없네요.",
        "SentimentWord": "9",
        "SentimentPolarity": "1"
      },
      {
        "Aspect": "소음",
        "SentimentText": "근데 생각보다 정말 작동시 소음이 굉장히 크고 알림음도 시끄러워요ㅡㅡ",
        "SentimentWord": "9",
        "SentimentPolarity": "-1"
      }
    ]
  },
  {
    "Index": "30487",
    "RawText": "가격이 생각보다 비싼편이라 고민하고 구매했는데 정말 마음에 듭니다. 자동데우기, 스마트진단 등등 기능들이 굉장히 훌륭하고 사용하기 편해 좋아요.",
    "Source": "쇼핑몰",
    "Domain": "가전",
    "MainCategory": "주방가전",
    "ProductName": "LG전자 MW25 스테인리스",
    "ReviewScore": "4",
    "Syllable": "80",
    "Word": "17",
    "RDate": "20190213",
    "GeneralPolarity": "1",
    "Aspects": [
      {
        "Aspect": "가격",
        "SentimentText": "가격이 생각보다 비싼편이라 고민하고 구매했는데 정말 마음에 듭니다.",
        "SentimentWord": "8",
        "SentimentPolarity": "1"
      },
      {
        "Aspect": "기능",
        "SentimentText": "자동데우기, 스마트진단 등등 기능들이 굉장히 훌륭하고 사용하기 편해 좋아요.",
        "SentimentWord": "9",
        "SentimentPolarity": "1"
      }
    ]
  },
  {
    "Index": "30489",
    "RawText": "외부 버튼에 30초버튼이랑 시작버튼까지 깔끔하게 잘 되어있어 조작하기가 쉬워요. 역시 가전은 이 브랜드네요. 최곱니다.",
    "Source": "쇼핑몰",
    "Domain": "가전",
    "MainCategory": "주방가전",
    "ProductName": "LG전자 MW25 스테인리스",
    "ReviewScore": "5",
    "Syllable": "66",
    "Word": "14",
    "RDate": "20210925",
    "GeneralPolarity": "1",
    "Aspects": [
      {
        "Aspect": "조작성",
        "SentimentText": "외부 버튼에 30초버튼이랑 시작버튼까지 깔끔하게 잘 되어있어 조작하기가 쉬워요. ",
        "SentimentWord": "9",
        "SentimentPolarity": "1"
      },
      {
        "Aspect": "제조일/제조사",
        "SentimentText": "역시 가전은 이 브랜드네요. 최곱니다.",
        "SentimentWord": "5",
        "SentimentPolarity": "1"
      }
    ]
  },
  {
    "Index": "30491",
    "RawText": "출력 기능이 좋아서 음식이 빨리 데워져 좋습니다. 색상은 좀 올드해서 별로예요;",
    "Source": "쇼핑몰",
    "Domain": "가전",
    "MainCategory": "주방가전",
    "ProductName": "LG전자 MW25 스테인리스",
    "ReviewScore": "5",
    "Syllable": "44",
    "Word": "11",
    "RDate": "20220110",
    "GeneralPolarity": "0",
    "Aspects": [
      {
        "Aspect": "기능",
        "SentimentText": "출력 기능이 좋아서 음식이 빨리 데워져 좋습니다.",
        "SentimentWord": "7",
        "SentimentPolarity": "1"
      },
      {
        "Aspect": "색상",
        "SentimentText": "색상은 좀 올드해서 별로예요;",
        "SentimentWord": "4",
        "SentimentPolarity": "-1"
      }
    ]
  },
  {
    "Index": "30492",
    "RawText": "배송인 너무 느려서 기다리다가 혼났습니다 짜증나네요.  손으로 잡고 열어야 되는데 문이 뻑뻑합니다 디자인은 세련되고 고급스러워서 마음에 듭니다~ ",
    "Source": "쇼핑몰",
    "Domain": "가전",
    "MainCategory": "주방가전",
    "ProductName": "LG전자 MW25 스테인리스",
    "ReviewScore": "4",
    "Syllable": "81",
    "Word": "17",
    "RDate": "20190110",
    "GeneralPolarity": "0",
    "Aspects": [
      {
        "Aspect": "조작성",
        "SentimentText": "손으로 잡고 열어야 되는데 문이 뻑뻑합니다",
        "SentimentWord": "6",
        "SentimentPolarity": "-1"
      },
      {
        "Aspect": "디자인",
        "SentimentText": "디자인은 세련되고 고급스러워서 마음에 듭니다~",
        "SentimentWord": "5",
        "SentimentPolarity": "1"
      }
    ]
  },
  {
    "Index": "30493",
    "RawText": "내부가 생각보다 너무 작아서 피자 같은 건 못 돌려서 아쉽네요. 디자인은 깔끔하고 좋습니다~",
    "Source": "쇼핑몰",
    "Domain": "가전",
    "MainCategory": "주방가전",
    "ProductName": "LG전자 MW25 스테인리스",
    "ReviewScore": "5",
    "Syllable": "51",
    "Word": "13",
    "RDate": "20210302",
    "GeneralPolarity": "0",
    "Aspects": [
      {
        "Aspect": "용량",
        "SentimentText": "내부가 생각보다 너무 작아서 피자 같은 건 못 돌려서 아쉽네요. ",
        "SentimentWord": "10",
        "SentimentPolarity": "-1"
      },
      {
        "Aspect": "디자인",
        "SentimentText": "디자인은 깔끔하고 좋습니다~",
        "SentimentWord": "3",
        "SentimentPolarity": "1"
      }
    ]
  },
  {
    "Index": "30494",
    "RawText": "디자인이 특이하고 보면 볼 수록 마음에 듭니다. 그런데 내부가 생각했던 거 보다 많이 작아서 별로입니다 ㅠ",
    "Source": "쇼핑몰",
    "Domain": "가전",
    "MainCategory": "주방가전",
    "ProductName": "LG전자 MW25 스테인리스",
    "ReviewScore": "4",
    "Syllable": "59",
    "Word": "16",
    "RDate": "20211028",
    "GeneralPolarity": "0",
    "Aspects": [
      {
        "Aspect": "디자인",
        "SentimentText": "디자인이 특이하고 보면 볼 수록 마음에 듭니다.",
        "SentimentWord": "7",
        "SentimentPolarity": "1"
      },
      {
        "Aspect": "용량",
        "SentimentText": "내부가 생각했던 거 보다 많이 작아서 별로입니다 ㅠ",
        "SentimentWord": "8",
        "SentimentPolarity": "-1"
      }
    ]
  },
  {
    "Index": "30495",
    "RawText": "배송은 너무 느려서 짜증이 확 나네요 -_-!!  디자인은 깔끔하고 주방이랑 잘 어울려서 좋아요. 소음도 별로 없고 조용하니 만족이고요~  ",
    "Source": "쇼핑몰",
    "Domain": "가전",
    "MainCategory": "주방가전",
    "ProductName": "LG전자 MW25 스테인리스",
    "ReviewScore": "4",
    "Syllable": "78",
    "Word": "18",
    "RDate": "20200303",
    "Aspects": [
      {
        "Aspect": "디자인",
        "SentimentText": "디자인은 깔끔하고 주방이랑 잘 어울려서 좋아요. ",
        "SentimentWord": "6",
        "SentimentPolarity": "1"
      },
      {
        "Aspect": "소음",
        "SentimentText": "소음도 별로 없고 조용하니 만족이고요~",
        "SentimentWord": "5",
        "SentimentPolarity": "1"
      }
    ]
  },
  {
    "Index": "30499",
    "RawText": "작동시 소음 정말 조용하네요~~ 디자인도 완전 깔끔하니 이뻐서 만족해요~ ",
    "Source": "쇼핑몰",
    "Domain": "가전",
    "MainCategory": "주방가전",
    "ProductName": "LG전자 MW25 스테인리스",
    "ReviewScore": "5",
    "Syllable": "41",
    "Word": "9",
    "RDate": "20200621",
    "GeneralPolarity": "1",
    "Aspects": [
      {
        "Aspect": "소음",
        "SentimentText": "작동시 소음 정말 조용하네요~~",
        "SentimentWord": "4",
        "SentimentPolarity": "1"
      },
      {
        "Aspect": "디자인",
        "SentimentText": "디자인도 완전 깔끔하니 이뻐서 만족해요~",
        "SentimentWord": "5",
        "SentimentPolarity": "1"
      }
    ]
  },
  {
    "Index": "30500",
    "RawText": "다른 전자렌지와 달리 예쁜 소리가 나서 만족 스럽고요~ 배송 진짜 빨라서 최고에요. 디자인까지 고급지고 예뻐서 너무 마음에 듭니다~",
    "Source": "쇼핑몰",
    "Domain": "가전",
    "MainCategory": "주방가전",
    "ProductName": "LG전자 MW25 스테인리스",
    "ReviewScore": "5",
    "Syllable": "73",
    "Word": "18",
    "RDate": "20170805",
    "Aspects": [
      {
        "Aspect": "소음",
        "SentimentText": "다른 전자렌지와 달리 예쁜 소리가 나서 만족 스럽고요~ ",
        "SentimentWord": "8",
        "SentimentPolarity": "1"
      },
      {
        "Aspect": "디자인",
        "SentimentText": "디자인까지 고급지고 예뻐서 너무 마음에 듭니다~",
        "SentimentWord": "6",
        "SentimentPolarity": "1"
      }
    ]
  },
  {
    "Index": "30501",
    "RawText": "출력 기능이 좋아서 음식이 잘 데워지고 좋습니다~  디자인도 고급스러운게 아주 마음에 듭니다.",
    "Source": "쇼핑몰",
    "Domain": "가전",
    "MainCategory": "주방가전",
    "ProductName": "LG전자 MW25 스테인리스",
    "ReviewScore": "5",
    "Syllable": "52",
    "Word": "12",
    "RDate": "20190901",
    "GeneralPolarity": "1",
    "Aspects": [
      {
        "Aspect": "기능",
        "SentimentText": "출력 기능이 좋아서 음식이 잘 데워지고 좋습니다~",
        "SentimentWord": "7",
        "SentimentPolarity": "1"
      },
      {
        "Aspect": "디자인",
        "SentimentText": "디자인도 고급스러운게 아주 마음에 듭니다.",
        "SentimentWord": "5",
        "SentimentPolarity": "1"
      }
    ]
  },
  {
    "Index": "30502",
    "RawText": "디자인 세련되고 너무 이뻐서 만족합니다~ 출력 기능을 손수 조절 할 수 있어서 너무 좋네요~",
    "Source": "쇼핑몰",
    "Domain": "가전",
    "MainCategory": "주방가전",
    "ProductName": "LG전자 MW25 스테인리스",
    "ReviewScore": "5",
    "Syllable": "51",
    "Word": "14",
    "RDate": "20181211",
    "GeneralPolarity": "1",
    "Aspects": [
      {
        "Aspect": "디자인",
        "SentimentText": "디자인 세련되고 너무 이뻐서 만족합니다~",
        "SentimentWord": "5",
        "SentimentPolarity": "1"
      },
      {
        "Aspect": "기능",
        "SentimentText": "출력 기능을 손수 조절 할 수 있어서 너무 좋네요~ ",
        "SentimentWord": "9",
        "SentimentPolarity": "1"
      }
    ]
  },
  {
    "Index": "30503",
    "RawText": "전자레인지 코드가 너무 짧아서 별로예요;;  디자인은 깔끔하니 집안 분위기랑 잘 어울려서 좋네요",
    "Source": "쇼핑몰",
    "Domain": "가전",
    "MainCategory": "주방가전",
    "ProductName": "LG전자 MW25 스테인리스",
    "ReviewScore": "5",
    "Syllable": "53",
    "Word": "12",
    "RDate": "20191022",
    "GeneralPolarity": "0",
    "Aspects": [
      {
        "Aspect": "사이즈",
        "SentimentText": "전자레인지 코드가 너무 짧아서 별로예요;; ",
        "SentimentWord": "5",
        "SentimentPolarity": "-1"
      },
      {
        "Aspect": "디자인",
        "SentimentText": "디자인은 깔끔하니 집안 분위기랑 잘 어울려서 좋네요 ",
        "SentimentWord": "7",
        "SentimentPolarity": "1"
      }
    ]
  },
  {
    "Index": "30505",
    "RawText": "생각보다 전자레인지 내부가 너무 작아서 불편하네요. 출력기능은 좋아서 음식 데워지는 속도는 빨라서 만족해요.",
    "Source": "쇼핑몰",
    "Domain": "가전",
    "MainCategory": "주방가전",
    "ProductName": "LG전자 MW25 스테인리스",
    "ReviewScore": "5",
    "Syllable": "60",
    "Word": "13",
    "RDate": "20220809",
    "GeneralPolarity": "0",
    "Aspects": [
      {
        "Aspect": "용량",
        "SentimentText": "생각보다 전자레인지 내부가 너무 작아서 불편하네요.",
        "SentimentWord": "6",
        "SentimentPolarity": "-1"
      },
      {
        "Aspect": "기능",
        "SentimentText": "출력기능은 좋아서 음식 데워지는 속도는 빨라서 만족해요. ",
        "SentimentWord": "7",
        "SentimentPolarity": "1"
      }
    ]
  },
  {
    "Index": "30507",
    "RawText": "디자인은 깔끔하고 이뻐서 마음에 듭니다. 내부는 너무 아담해서 음식이 많이 안들어가 별로입니다ㅠ",
    "Source": "쇼핑몰",
    "Domain": "가전",
    "MainCategory": "주방가전",
    "ProductName": "LG전자 MW25 스테인리스",
    "ReviewScore": "5",
    "Syllable": "53",
    "Word": "12",
    "RDate": "20210512",
    "GeneralPolarity": "0",
    "Aspects": [
      {
        "Aspect": "디자인",
        "SentimentText": "디자인은 깔끔하고 이뻐서 마음에 듭니다.",
        "SentimentWord": "5",
        "SentimentPolarity": "1"
      },
      {
        "Aspect": "용량",
        "SentimentText": "내부는 너무 아담해서 음식이 많이 안들어가 별로입니다ㅠ",
        "SentimentWord": "7",
        "SentimentPolarity": "-1"
      }
    ]
  },
  {
    "Index": "30511",
    "RawText": "탈취 기능이 없어서 별로에요 ㅠ 디자인은 세련되고 깔끔하니 주방이랑 잘 어울려서 좋습니다",
    "Source": "쇼핑몰",
    "Domain": "가전",
    "MainCategory": "주방가전",
    "ProductName": "LG전자 MW25 스테인리스",
    "ReviewScore": "5",
    "Syllable": "49",
    "Word": "12",
    "RDate": "20190728",
    "GeneralPolarity": "0",
    "Aspects": [
      {
        "Aspect": "기능",
        "SentimentText": "탈취 기능이 없어서 별로에요 ㅠ",
        "SentimentWord": "5",
        "SentimentPolarity": "-1"
      },
      {
        "Aspect": "디자인",
        "SentimentText": "디자인은 세련되고 깔끔하니 주방이랑 잘 어울려서 좋습니다",
        "SentimentWord": "7",
        "SentimentPolarity": "1"
      }
    ]
  },
  {
    "Index": "30512",
    "RawText": "출력기능은 좋아서 음식은 골고루 잘 데워져서 좋음 그러나 재질을 싸구려를 쓴 건지 기스가 너무 많이 나서 별로임. 그리고 전원 선 자체가 너무 짧아서 콘센트에 꽂기가 짜증남.   ",
    "Source": "쇼핑몰",
    "Domain": "가전",
    "MainCategory": "주방가전",
    "ProductName": "LG전자 MW25 스테인리스",
    "ReviewScore": "5",
    "Syllable": "100",
    "Word": "26",
    "RDate": "20210419",
    "GeneralPolarity": "-1",
    "Aspects": [
      {
        "Aspect": "기능",
        "SentimentText": "출력기능은 좋아서 음식은 골고루 잘 데워져서 좋음",
        "SentimentWord": "7",
        "SentimentPolarity": "1"
      },
      {
        "Aspect": "소재",
        "SentimentText": "재질을 싸구려를 쓴 건지 기스가 너무 많이 나서 별로임.",
        "SentimentWord": "9",
        "SentimentPolarity": "-1"
      },
      {
        "Aspect": "사이즈",
        "SentimentText": "전원 선 자체가 너무 짧아서 콘센트에 꽂기가 짜증남. ",
        "SentimentWord": "8",
        "SentimentPolarity": "-1"
      }
    ]
  },
  {
    "Index": "30513",
    "RawText": "기사님이 직접 배송해주셔서 너무 좋아요~ 디자인도 너무 깔끔하고 이뻐서 마음에 듭니다 설명서가 함께 들어있지 않아서 많이 당황했습니다.",
    "Source": "쇼핑몰",
    "Domain": "가전",
    "MainCategory": "주방가전",
    "ProductName": "LG전자 MW25 스테인리스",
    "ReviewScore": "5",
    "Syllable": "75",
    "Word": "17",
    "RDate": "20190225",
    "GeneralPolarity": "0",
    "Aspects": [
      {
        "Aspect": "디자인",
        "SentimentText": "디자인도 너무 깔끔하고 이뻐서 마음에 듭니다",
        "SentimentWord": "6",
        "SentimentPolarity": "1"
      },
      {
        "Aspect": "제품구성",
        "SentimentText": "설명서가 함께 들어있지 않아서 많이 당황했습니다.",
        "SentimentWord": "6",
        "SentimentPolarity": "-1"
      }
    ]
  },
  {
    "Index": "30514",
    "RawText": "배송도 안전하게 잘 와서 만족하고요~  디자인은 아주 고급스럽고 너무 이쁩니다만, 색상이 스테인리스라 그런지 손자국이 너무 많이 나네요ㅠㅠ  ",
    "Source": "쇼핑몰",
    "Domain": "가전",
    "MainCategory": "주방가전",
    "ProductName": "LG전자 MW25 스테인리스",
    "ReviewScore": "5",
    "Syllable": "79",
    "Word": "17",
    "RDate": "20190907",
    "GeneralPolarity": "0",
    "Aspects": [
      {
        "Aspect": "디자인",
        "SentimentText": "디자인은 아주 고급스럽고 너무 이쁩니다만,",
        "SentimentWord": "5",
        "SentimentPolarity": "1"
      },
      {
        "Aspect": "색상",
        "SentimentText": "색상이 스테인리스라 그런지 손자국이 너무 많이 나네요ㅠㅠ",
        "SentimentWord": "7",
        "SentimentPolarity": "-1"
      }
    ]
  },
  {
    "Index": "30515",
    "RawText": "색상은 좀 올드해보여서 별로입니다. 디자인은 주방이랑 잘 어울려서 마음에 쏙 듭니다",
    "Source": "쇼핑몰",
    "Domain": "가전",
    "MainCategory": "주방가전",
    "ProductName": "LG전자 MW25 스테인리스",
    "ReviewScore": "5",
    "Syllable": "46",
    "Word": "11",
    "RDate": "20191101",
    "GeneralPolarity": "0",
    "Aspects": [
      {
        "Aspect": "색상",
        "SentimentText": "색상은 좀 올드해보여서 별로입니다. ",
        "SentimentWord": "4",
        "SentimentPolarity": "-1"
      },
      {
        "Aspect": "디자인",
        "SentimentText": "디자인은 주방이랑 잘 어울려서 마음에 쏙 듭니다 ",
        "SentimentWord": "7",
        "SentimentPolarity": "1"
      }
    ]
  },
  {
    "Index": "30516",
    "RawText": "디자인이 바닥이 너무 낮아서 별로에요; 열어보니 제품에 문 앞 쪽에 기스가 났어요 짜증나네요 ㅠ ",
    "Source": "쇼핑몰",
    "Domain": "가전",
    "MainCategory": "주방가전",
    "ProductName": "LG전자 MW25 스테인리스",
    "ReviewScore": "4",
    "Syllable": "54",
    "Word": "14",
    "RDate": "20191209",
    "GeneralPolarity": "-1",
    "Aspects": [
      {
        "Aspect": "디자인",
        "SentimentText": "디자인이 바닥이 너무 낮아서 별로에요",
        "SentimentWord": "5",
        "SentimentPolarity": "-1"
      },
      {
        "Aspect": "품질",
        "SentimentText": "열어보니 제품에 문 앞 쪽에 기스가 났어요 짜증나네요 ㅠ",
        "SentimentWord": "9",
        "SentimentPolarity": "-1"
      }
    ]
  },
  {
    "Index": "30517",
    "RawText": "배송도 안전하고 신속하게 와서 좋고요~ 디자인은 주방이랑 잘 어울려서 마음에 쏙 듭니다 ^^ 그런데 연결 코드선이 너무 짧아서 코드 꽂기가 너무 불편하네요  ",
    "Source": "쇼핑몰",
    "Domain": "가전",
    "MainCategory": "주방가전",
    "ProductName": "LG전자 MW25 스테인리스",
    "ReviewScore": "5",
    "Syllable": "88",
    "Word": "22",
    "RDate": "20200511",
    "GeneralPolarity": "0",
    "Aspects": [
      {
        "Aspect": "디자인",
        "SentimentText": "디자인은 주방이랑 잘 어울려서 마음에 쏙 듭니다 ^^",
        "SentimentWord": "8",
        "SentimentPolarity": "1"
      },
      {
        "Aspect": "사이즈",
        "SentimentText": "그런데 연결 코드선이 너무 짧아서 코드 꽂기가 너무 불편하네요",
        "SentimentWord": "9",
        "SentimentPolarity": "-1"
      }
    ]
  },
  {
    "Index": "30518",
    "RawText": "조리실내부가  전보다 확장되어  용량이 커져 다양한 요리가 가능해요~~ 디자인 너무 고급스럽고 예뻐서 마음에 쏙 드네요~ ",
    "Source": "쇼핑몰",
    "Domain": "가전",
    "MainCategory": "주방가전",
    "ProductName": "LG전자 MW25 스테인리스",
    "ReviewScore": "5",
    "Syllable": "68",
    "Word": "15",
    "RDate": "20190302",
    "GeneralPolarity": "1",
    "Aspects": [
      {
        "Aspect": "용량",
        "SentimentText": "조리실내부가  전보다 확장되어  용량이 커져 다양한 요리가 가능해요~~",
        "SentimentWord": "8",
        "SentimentPolarity": "1"
      },
      {
        "Aspect": "디자인",
        "SentimentText": "디자인 너무 고급스럽고 예뻐서 마음에 쏙 드네요~",
        "SentimentWord": "7",
        "SentimentPolarity": "1"
      }
    ]
  },
  {
    "Index": "30519",
    "RawText": "사자마자 가격을 내려서 너무 속상하네요 ㅠ 디자인 너무 이쁘고 세련되서 마음에 들고요~ 배송은 너무 느려서 별로에요 ㅠ  ",
    "Source": "쇼핑몰",
    "Domain": "가전",
    "MainCategory": "주방가전",
    "ProductName": "LG전자 MW25 스테인리스",
    "ReviewScore": "4",
    "Syllable": "68",
    "Word": "17",
    "RDate": "20170808",
    "GeneralPolarity": "0",
    "Aspects": [
      {
        "Aspect": "가격",
        "SentimentText": "사자마자 가격을 내려서 너무 속상하네요 ㅠ",
        "SentimentWord": "6",
        "SentimentPolarity": "-1"
      },
      {
        "Aspect": "디자인",
        "SentimentText": "디자인 너무 이쁘고 세련되서 마음에 들고요~ ",
        "SentimentWord": "6",
        "SentimentPolarity": "1"
      }
    ]
  },
  {
    "Index": "30520",
    "RawText": "전자렌지 뚜껑을 열어 놓으면 내부 불이 자동으로 안 꺼져서 불편하네요, 디자인은 깔끔하고 고급스러워서 마음에 듭니다~ ",
    "Source": "쇼핑몰",
    "Domain": "가전",
    "MainCategory": "주방가전",
    "ProductName": "LG전자 MW25 스테인리스",
    "ReviewScore": "5",
    "Syllable": "66",
    "Word": "15",
    "RDate": "20190302",
    "GeneralPolarity": "0",
    "Aspects": [
      {
        "Aspect": "편의성",
        "SentimentText": "전자렌지 뚜껑을 열어 놓으면 내부 불이 자동으로 안 꺼져서 불편하네요",
        "SentimentWord": "10",
        "SentimentPolarity": "-1"
      },
      {
        "Aspect": "디자인",
        "SentimentText": "디자인은 깔끔하고 고급스러워서 마음에 듭니다~",
        "SentimentWord": "5",
        "SentimentPolarity": "1"
      }
    ]
  },
  {
    "Index": "30521",
    "RawText": "내부가 너무 작아서 큰 그릇은 엄두도 못냅니다 별로에요~ 마음에 드는건 디자인 깔끔하고 이뻐요",
    "Source": "쇼핑몰",
    "Domain": "가전",
    "MainCategory": "주방가전",
    "ProductName": "LG전자 MW25 스테인리스",
    "ReviewScore": "5",
    "Syllable": "52",
    "Word": "13",
    "RDate": "20180918",
    "GeneralPolarity": "0",
    "Aspects": [
      {
        "Aspect": "용량",
        "SentimentText": "내부가 너무 작아서 큰 그릇은 엄두도 못냅니다 별로에요~",
        "SentimentWord": "8",
        "SentimentPolarity": "-1"
      },
      {
        "Aspect": "디자인",
        "SentimentText": "마음에 드는건 디자인 깔끔하고 이뻐요",
        "SentimentWord": "5",
        "SentimentPolarity": "1"
      }
    ]
  },
  {
    "Index": "30523",
    "RawText": "소리가 다른 전자레인지에 비해 너무 이뻐서 마음에 듭니다. 디자인이 심플해서 주방이 환해지네요~ 굿",
    "Source": "쇼핑몰",
    "Domain": "가전",
    "MainCategory": "주방가전",
    "ProductName": "LG전자 MW25 스테인리스",
    "ReviewScore": "5",
    "Syllable": "55",
    "Word": "13",
    "RDate": "20191219",
    "GeneralPolarity": "1",
    "Aspects": [
      {
        "Aspect": "소음",
        "SentimentText": "소리가 다른 전자레인지에 비해 너무 이뻐서 마음에 듭니다.",
        "SentimentWord": "8",
        "SentimentPolarity": "1"
      },
      {
        "Aspect": "디자인",
        "SentimentText": "디자인이 심플해서 주방이 환해지네요~ 굿",
        "SentimentWord": "5",
        "SentimentPolarity": "1"
      }
    ]
  },
  {
    "Index": "30524",
    "RawText": "기사님 짱 친절! 너무 감사하네요~ 디자인 완전 세련되서 좋고요~ 알림음도 멜로디라 너무 이쁘고 마음에 듭니다~",
    "Source": "쇼핑몰",
    "Domain": "가전",
    "MainCategory": "주방가전",
    "ProductName": "LG전자 MW25 스테인리스",
    "ReviewScore": "5",
    "Syllable": "62",
    "Word": "15",
    "RDate": "20190312",
    "GeneralPolarity": "1",
    "Aspects": [
      {
        "Aspect": "디자인",
        "SentimentText": "디자인 완전 세련되서 좋고요~",
        "SentimentWord": "4",
        "SentimentPolarity": "1"
      },
      {
        "Aspect": "소음",
        "SentimentText": "알림음도 멜로디라 너무 이쁘고 마음에 듭니다~",
        "SentimentWord": "6",
        "SentimentPolarity": "1"
      }
    ]
  },
  {
    "Index": "30525",
    "RawText": "음식 데우는 시간이 빨라서 좋습니다~ 디자인도 깔끔하니 아주 마음에 듭니다",
    "Source": "쇼핑몰",
    "Domain": "가전",
    "MainCategory": "주방가전",
    "ProductName": "LG전자 MW25 스테인리스",
    "ReviewScore": "5",
    "Syllable": "41",
    "Word": "10",
    "RDate": "20210107",
    "GeneralPolarity": "1",
    "Aspects": [
      {
        "Aspect": "시간/속도",
        "SentimentText": "음식 데우는 시간이 빨라서 좋습니다~",
        "SentimentWord": "5",
        "SentimentPolarity": "1"
      },
      {
        "Aspect": "디자인",
        "SentimentText": "디자인도 깔끔하니 아주 마음에 듭니다 ",
        "SentimentWord": "5",
        "SentimentPolarity": "1"
      }
    ]
  },
  {
    "Index": "30526",
    "RawText": "성능 완전 좋아요~ 음식이 빨리 데워지니까 굿!!  디자인도 깔끔하고 심플해서 마음에 듭니다",
    "Source": "쇼핑몰",
    "Domain": "가전",
    "MainCategory": "주방가전",
    "ProductName": "LG전자 MW25 스테인리스",
    "ReviewScore": "5",
    "Syllable": "51",
    "Word": "12",
    "RDate": "20220305",
    "GeneralPolarity": "1",
    "Aspects": [
      {
        "Aspect": "기능",
        "SentimentText": "성능 완전 좋아요~ 음식이 빨리 데워지니까 굿!!",
        "SentimentWord": "7",
        "SentimentPolarity": "1"
      },
      {
        "Aspect": "디자인",
        "SentimentText": "디자인도 깔끔하고 심플해서 마음에 듭니다",
        "SentimentWord": "5",
        "SentimentPolarity": "1"
      }
    ]
  },
  {
    "Index": "30527",
    "RawText": "전자렌지 기계 소리가 은근 커서 별로네요. 가격도 다른 제품에 비해서 비싸서 별로.. 디자인은 심플하니 좋아요",
    "Source": "쇼핑몰",
    "Domain": "가전",
    "MainCategory": "주방가전",
    "ProductName": "LG전자 MW25 스테인리스",
    "ReviewScore": "4",
    "Syllable": "61",
    "Word": "15",
    "RDate": "20190125",
    "GeneralPolarity": "0",
    "Aspects": [
      {
        "Aspect": "소음",
        "SentimentText": "전자렌지 기계 소리가 은근 커서 별로네요. ",
        "SentimentWord": "6",
        "SentimentPolarity": "-1"
      },
      {
        "Aspect": "가격",
        "SentimentText": "가격도 다른 제품에 비해서 비싸서 별로.. ",
        "SentimentWord": "6",
        "SentimentPolarity": "-1"
      },
      {
        "Aspect": "디자인",
        "SentimentText": "디자인은 심플하니 좋아요 ",
        "SentimentWord": "3",
        "SentimentPolarity": "1"
      }
    ]
  },
  {
    "Index": "30528",
    "RawText": "배송이 너무 오래 걸려서 마음에 안들어요. 디자인은 깔끔하니 이뻐서 마음에 들고, 음식 데워지는 시간도 빨라서 좋네요 ",
    "Source": "쇼핑몰",
    "Domain": "가전",
    "MainCategory": "주방가전",
    "ProductName": "LG전자 MW25 스테인리스",
    "ReviewScore": "5",
    "Syllable": "66",
    "Word": "16",
    "RDate": "20190812",
    "GeneralPolarity": "1",
    "Aspects": [
      {
        "Aspect": "디자인",
        "SentimentText": "디자인은 깔끔하니 이뻐서 마음에 들고,",
        "SentimentWord": "5",
        "SentimentPolarity": "1"
      },
      {
        "Aspect": "시간/속도",
        "SentimentText": "음식 데워지는 시간도 빨라서 좋네요",
        "SentimentWord": "5",
        "SentimentPolarity": "1"
      }
    ]
  },
  {
    "Index": "30530",
    "RawText": "소재가 별로에요 지문이 너무 많이 묻고 기스가 생기네요. 디자인은 깔끔하니 마음에 듭니다 ~",
    "Source": "쇼핑몰",
    "Domain": "가전",
    "MainCategory": "주방가전",
    "ProductName": "LG전자 MW25 스테인리스",
    "ReviewScore": "5",
    "Syllable": "51",
    "Word": "13",
    "RDate": "20191112",
    "GeneralPolarity": "0",
    "Aspects": [
      {
        "Aspect": "소재",
        "SentimentText": "소재가 별로에요 지문이 너무 많이 묻고 기스가 생기네요. ",
        "SentimentWord": "8",
        "SentimentPolarity": "-1"
      },
      {
        "Aspect": "디자인",
        "SentimentText": "디자인은 깔끔하니 마음에 듭니다 ~",
        "SentimentWord": "5",
        "SentimentPolarity": "1"
      }
    ]
  },
  {
    "Index": "30531",
    "RawText": "오프라인에서 본 거 보다 저렴하게 사서 마음에 듭니다. 디자인이 심플하니 집이랑 잘 어울려 만족해요~",
    "Source": "쇼핑몰",
    "Domain": "가전",
    "MainCategory": "주방가전",
    "ProductName": "LG전자 MW25 스테인리스",
    "ReviewScore": "5",
    "Syllable": "56",
    "Word": "14",
    "RDate": "20181215",
    "GeneralPolarity": "1",
    "Aspects": [
      {
        "Aspect": "가격",
        "SentimentText": "오프라인에서 본 거 보다 저렴하게 사서 마음에 듭니다.",
        "SentimentWord": "8",
        "SentimentPolarity": "1"
      },
      {
        "Aspect": "디자인",
        "SentimentText": "디자인이 심플하니 집이랑 잘 어울려 만족해요~",
        "SentimentWord": "6",
        "SentimentPolarity": "1"
      }
    ]
  },
  {
    "Index": "30532",
    "RawText": "강화유리를 사용해서 높은 내구성을 자랑하네요 ㅎㅎ 디자인도 깔끔하고 예쁘니 만족이요~ ",
    "Source": "쇼핑몰",
    "Domain": "가전",
    "MainCategory": "주방가전",
    "ProductName": "LG전자 MW25 스테인리스",
    "ReviewScore": "5",
    "Syllable": "48",
    "Word": "10",
    "RDate": "20180420",
    "GeneralPolarity": "1",
    "Aspects": [
      {
        "Aspect": "내구성",
        "SentimentText": "강화유리를 사용해서 높은 내구성을 자랑하네요 ㅎㅎ",
        "SentimentWord": "6",
        "SentimentPolarity": "1"
      },
      {
        "Aspect": "디자인",
        "SentimentText": "디자인도 깔끔하고 예쁘니 만족이요~",
        "SentimentWord": "4",
        "SentimentPolarity": "1"
      }
    ]
  },
  {
    "Index": "30533",
    "RawText": "배송이 너무 느려서 별로에요.. 디자인은 고급지고 세련되서 마음에 들고요 사이즈도 아담해서 이쁩니다",
    "Source": "쇼핑몰",
    "Domain": "가전",
    "MainCategory": "주방가전",
    "ProductName": "LG전자 MW25 스테인리스",
    "ReviewScore": "5",
    "Syllable": "55",
    "Word": "12",
    "RDate": "20170522",
    "GeneralPolarity": "1",
    "Aspects": [
      {
        "Aspect": "디자인",
        "SentimentText": "디자인은 고급지고 세련되서 마음에 들고요",
        "SentimentWord": "5",
        "SentimentPolarity": "1"
      },
      {
        "Aspect": "사이즈",
        "SentimentText": "사이즈도 아담해서 이쁩니다",
        "SentimentWord": "3",
        "SentimentPolarity": "1"
      }
    ]
  },
  {
    "Index": "30534",
    "RawText": "생각보다 용량이 커서 너무 좋네요~ ^^ 역시 가격은 온라인이 훨씬 저렴해서 만족합니다~",
    "Source": "쇼핑몰",
    "Domain": "가전",
    "MainCategory": "주방가전",
    "ProductName": "LG전자 MW25 스테인리스",
    "ReviewScore": "5",
    "Syllable": "49",
    "Word": "12",
    "RDate": "20210514",
    "GeneralPolarity": "1",
    "Aspects": [
      {
        "Aspect": "용량",
        "SentimentText": "생각보다 용량이 커서 너무 좋네요~ ^^",
        "SentimentWord": "6",
        "SentimentPolarity": "1"
      },
      {
        "Aspect": "가격",
        "SentimentText": "가격은 온라인이 훨씬 저렴해서 만족합니다~",
        "SentimentWord": "5",
        "SentimentPolarity": "1"
      }
    ]
  },
  {
    "Index": "30537",
    "RawText": "큰 그릇도 들어갈 수 있는 용량이 마음에 들어요^^ 제품 사용시 소리가 많이 커서 아쉽네요 ㅠ",
    "Source": "쇼핑몰",
    "Domain": "가전",
    "MainCategory": "주방가전",
    "ProductName": "LG전자 MW25 스테인리스",
    "ReviewScore": "5",
    "Syllable": "52",
    "Word": "15",
    "RDate": "20220325",
    "GeneralPolarity": "0",
    "Aspects": [
      {
        "Aspect": "용량",
        "SentimentText": "큰 그릇도 들어갈 수 있는 용량이 마음에 들어요^^",
        "SentimentWord": "8",
        "SentimentPolarity": "1"
      },
      {
        "Aspect": "소음",
        "SentimentText": "제품 사용시 소리가 많이 커서 아쉽네요 ㅠ",
        "SentimentWord": "7",
        "SentimentPolarity": "-1"
      }
    ]
  },
  {
    "Index": "30538",
    "RawText": "역시 가전제품은 ooo 입니다 살때마다 만족이에요. 배송도 신속하게 와서 좋고요~ 디자인도 깔끔하니 마음에 쏙 듭니다  ",
    "Source": "쇼핑몰",
    "Domain": "가전",
    "MainCategory": "주방가전",
    "ProductName": "LG전자 MW25 스테인리스",
    "ReviewScore": "5",
    "Syllable": "67",
    "Word": "15",
    "RDate": "20220223",
    "GeneralPolarity": "1",
    "Aspects": [
      {
        "Aspect": "제조일/제조사",
        "SentimentText": "역시 가전제품은 ooo 입니다 살때마다 만족이에요. ",
        "SentimentWord": "6",
        "SentimentPolarity": "1"
      },
      {
        "Aspect": "디자인",
        "SentimentText": "디자인도 깔끔하니 마음에 쏙 듭니다",
        "SentimentWord": "5",
        "SentimentPolarity": "1"
      }
    ]
  },
  {
    "Index": "30539",
    "RawText": "성능이 좋아서 음식이 빨리 익네요 굿! 디자인도 깔끔하고 예뻐서 마음에 쏙 들고요~ 배송도 생각보다 빨리 와서 좋았습니다  보류  ",
    "Source": "쇼핑몰",
    "Domain": "가전",
    "MainCategory": "주방가전",
    "ProductName": "LG전자 MW25 스테인리스",
    "ReviewScore": "5",
    "Syllable": "73",
    "Word": "18",
    "RDate": "20180424",
    "GeneralPolarity": "1",
    "Aspects": [
      {
        "Aspect": "기능",
        "SentimentText": "성능이 좋아서 음식이 빨리 익네요 굿! ",
        "SentimentWord": "6",
        "SentimentPolarity": "1"
      },
      {
        "Aspect": "디자인",
        "SentimentText": "디자인도 깔끔하고 예뻐서 마음에 쏙 들고요~",
        "SentimentWord": "6",
        "SentimentPolarity": "1"
      }
    ]
  },
  {
    "Index": "30540",
    "RawText": "디자인은 깔끔하고 이쁩니다~ 내부가 너무 작아서 작은 그릇밖에 안들어가니 별로고요. 배송도 너무 느려서 짜증났습니다  보류  ",
    "Source": "쇼핑몰",
    "Domain": "가전",
    "MainCategory": "주방가전",
    "ProductName": "LG전자 MW25 스테인리스",
    "ReviewScore": "5",
    "Syllable": "70",
    "Word": "15",
    "RDate": "20180823",
    "GeneralPolarity": "0",
    "Aspects": [
      {
        "Aspect": "디자인",
        "SentimentText": "디자인은 깔끔하고 이쁩니다~",
        "SentimentWord": "3",
        "SentimentPolarity": "1"
      },
      {
        "Aspect": "용량",
        "SentimentText": "내부가 너무 작아서 작은 그릇밖에 안들어가니 별로고요.",
        "SentimentWord": "7",
        "SentimentPolarity": "-1"
      }
    ]
  },
  {
    "Index": "30542",
    "RawText": "배송 엄청 느리고 기사님 요구사항 하나도 안 들어주고 짜증나네요.  받아보니 문이 뻑뻑해서 열고 닫기가 어렵고, 색상도 올드하고 여러모로 별로입니다 ",
    "Source": "쇼핑몰",
    "Domain": "가전",
    "MainCategory": "주방가전",
    "ProductName": "LG전자 MW25 스테인리스",
    "ReviewScore": "4",
    "Syllable": "83",
    "Word": "19",
    "RDate": "20180208",
    "GeneralPolarity": "-1",
    "Aspects": [
      {
        "Aspect": "조작성",
        "SentimentText": "받아보니 문이 뻑뻑해서 열고 닫기가 어렵고,",
        "SentimentWord": "6",
        "SentimentPolarity": "-1"
      },
      {
        "Aspect": "색상",
        "SentimentText": "색상도 올드하고 여러모로 별로입니다",
        "SentimentWord": "4",
        "SentimentPolarity": "-1"
      }
    ]
  },
  {
    "Index": "30544",
    "RawText": "세일 해서 저렴한 가격으로 잘 샀어요! 배송도 완전 빠르고 굿입니다~ 디자인도 멋지고 세려돼서 기분이 좋습니다!  ",
    "Source": "쇼핑몰",
    "Domain": "가전",
    "MainCategory": "주방가전",
    "ProductName": "LG전자 MW25 스테인리스",
    "ReviewScore": "5",
    "Syllable": "64",
    "Word": "15",
    "RDate": "20210908",
    "GeneralPolarity": "1",
    "Aspects": [
      {
        "Aspect": "가격",
        "SentimentText": "세일 해서 저렴한 가격으로 잘 샀어요! ",
        "SentimentWord": "6",
        "SentimentPolarity": "1"
      },
      {
        "Aspect": "디자인",
        "SentimentText": "디자인도 멋지고 세려돼서 기분이 좋습니다! ",
        "SentimentWord": "5",
        "SentimentPolarity": "1"
      }
    ]
  },
  {
    "Index": "30545",
    "RawText": "일단 소음이 적어서 집안이 조용하니 좋네요~ 가격은 다른 제품보다 비싸서 아쉽네요 배송은 빨라서 너무 마음에 듭니다^^  보류  ",
    "Source": "쇼핑몰",
    "Domain": "가전",
    "MainCategory": "주방가전",
    "ProductName": "LG전자 MW25 스테인리스",
    "ReviewScore": "5",
    "Syllable": "72",
    "Word": "17",
    "RDate": "20220721",
    "GeneralPolarity": "0",
    "Aspects": [
      {
        "Aspect": "소음",
        "SentimentText": "일단 소음이 적어서 집안이 조용하니 좋네요~",
        "SentimentWord": "6",
        "SentimentPolarity": "1"
      },
      {
        "Aspect": "가격",
        "SentimentText": "가격은 다른 제품보다 비싸서 아쉽네요",
        "SentimentWord": "5",
        "SentimentPolarity": "-1"
      }
    ]
  },
  {
    "Index": "30547",
    "RawText": "손잡이가 없어서 문 열고 닫을 때 불편합니다. 배송도 너무 느려서 별로고요... 기능은 좋아서 음식이 빨리 데워지니 만족합니다.  ",
    "Source": "쇼핑몰",
    "Domain": "가전",
    "MainCategory": "주방가전",
    "ProductName": "LG전자 MW25 스테인리스",
    "ReviewScore": "4",
    "Syllable": "73",
    "Word": "17",
    "RDate": "20191004",
    "GeneralPolarity": "0",
    "Aspects": [
      {
        "Aspect": "편의성",
        "SentimentText": "손잡이가 없어서 문 열고 닫을 때 불편합니다.",
        "SentimentWord": "7",
        "SentimentPolarity": "-1"
      },
      {
        "Aspect": "기능",
        "SentimentText": "기능은 좋아서 음식이 빨리 데워지니 만족합니다.",
        "SentimentWord": "6",
        "SentimentPolarity": "1"
      }
    ]
  },
  {
    "Index": "30548",
    "RawText": "전자렌지 자체가 별로 튼튼해 보이지 않아서 별로요..  또한 문이 버튼식 오픈 제품이 아니라 잡고 열어야 해서 불편합니다 배송은 빨라서 만족입니다~ ",
    "Source": "쇼핑몰",
    "Domain": "가전",
    "MainCategory": "주방가전",
    "ProductName": "LG전자 MW25 스테인리스",
    "ReviewScore": "5",
    "Syllable": "83",
    "Word": "20",
    "RDate": "20181212",
    "GeneralPolarity": "-1",
    "Aspects": [
      {
        "Aspect": "내구성",
        "SentimentText": "전자렌지 자체가 별로 튼튼해 보이지 않아서 별로요..",
        "SentimentWord": "7",
        "SentimentPolarity": "-1"
      },
      {
        "Aspect": "편의성",
        "SentimentText": "또한 문이 버튼식 오픈 제품이 아니라 잡고 열어야 해서 불편합니다",
        "SentimentWord": "10",
        "SentimentPolarity": "-1"
      }
    ]
  },
  {
    "Index": "30549",
    "RawText": "디자인 깔끔하고 이뻐서 마음에 듭니다~ 인버터 방식이라 에너지 손실을 최소화해서 좋습니다~ 배송은 너무 느려서 아쉽습니다 ㅠㅠ  ",
    "Source": "쇼핑몰",
    "Domain": "가전",
    "MainCategory": "주방가전",
    "ProductName": "LG전자 MW25 스테인리스",
    "ReviewScore": "4",
    "Syllable": "72",
    "Word": "16",
    "RDate": "20180830",
    "GeneralPolarity": "1",
    "Aspects": [
      {
        "Aspect": "디자인",
        "SentimentText": "디자인 깔끔하고 이뻐서 마음에 듭니다~",
        "SentimentWord": "5",
        "SentimentPolarity": "1"
      },
      {
        "Aspect": "소비전력",
        "SentimentText": "인버터 방식이라 에너지 손실을 최소화해서 좋습니다~",
        "SentimentWord": "6",
        "SentimentPolarity": "1"
      }
    ]
  },
  {
    "Index": "30550",
    "RawText": "색상이 좀 많이 칙칙하고 별로에요, 사용할 때 기계음이 커서 불편하네요  ",
    "Source": "쇼핑몰",
    "Domain": "가전",
    "MainCategory": "주방가전",
    "ProductName": "LG전자 MW25 스테인리스",
    "ReviewScore": "3",
    "Syllable": "41",
    "Word": "10",
    "RDate": "20220709",
    "GeneralPolarity": "-1",
    "Aspects": [
      {
        "Aspect": "색상",
        "SentimentText": "색상이 좀 많이 칙칙하고 별로에요,",
        "SentimentWord": "5",
        "SentimentPolarity": "-1"
      },
      {
        "Aspect": "소음",
        "SentimentText": "사용할 때 기계음이 커서 불편하네요",
        "SentimentWord": "5",
        "SentimentPolarity": "-1"
      }
    ]
  },
  {
    "Index": "30551",
    "RawText": "디자인 고급스럽고 세련되서 마음에 쏙 듭니다~ 배송, 친절한 기사님 넘 감사해요~ 기능도 스마트해서 마음에 쏙드네요~",
    "Source": "쇼핑몰",
    "Domain": "가전",
    "MainCategory": "주방가전",
    "ProductName": "LG전자 MW25 스테인리스",
    "ReviewScore": "5",
    "Syllable": "65",
    "Word": "15",
    "RDate": "20170425",
    "Aspects": [
      {
        "Aspect": "디자인",
        "SentimentText": "디자인 고급스럽고 세련되서 마음에 쏙 듭니다~",
        "SentimentWord": "6",
        "SentimentPolarity": "1"
      },
      {
        "Aspect": "기능",
        "SentimentText": "기능도 스마트해서 마음에 쏙드네요~",
        "SentimentWord": "4",
        "SentimentPolarity": "1"
      }
    ]
  },
  {
    "Index": "30556",
    "RawText": "세련되고 깔끔한 디자인 이쁘네요~!! 소음도 신경쓸정도로 크지 않아서 괜찮네요  배송은 좀 많이 느립니다.. 별로... ",
    "Source": "쇼핑몰",
    "Domain": "가전",
    "MainCategory": "주방가전",
    "ProductName": "LG전자 MW25 스테인리스",
    "ReviewScore": "4",
    "Syllable": "67",
    "Word": "14",
    "RDate": "20220501",
    "GeneralPolarity": "1",
    "Aspects": [
      {
        "Aspect": "디자인",
        "SentimentText": "세련되고 깔끔한 디자인 이쁘네요~!!",
        "SentimentWord": "4",
        "SentimentPolarity": "1"
      },
      {
        "Aspect": "소음",
        "SentimentText": "소음도 신경쓸정도로 크지 않아서 괜찮네요",
        "SentimentWord": "5",
        "SentimentPolarity": "0"
      }
    ]
  },
  {
    "Index": "30557",
    "RawText": "스테인리스라서 디자인이 아주 깔끔해보여서 만족! 내부가 좁아서 부피가 큰 요리 데우기 힘들어서 아쉬움.. ",
    "Source": "쇼핑몰",
    "Domain": "가전",
    "MainCategory": "주방가전",
    "ProductName": "LG전자 MW25 스테인리스",
    "ReviewScore": "5",
    "Syllable": "59",
    "Word": "13",
    "RDate": "20190609",
    "GeneralPolarity": "0",
    "Aspects": [
      {
        "Aspect": "디자인",
        "SentimentText": "스테인리스라서 디자인이 아주 깔끔해보여서 만족!",
        "SentimentWord": "5",
        "SentimentPolarity": "1"
      },
      {
        "Aspect": "용량",
        "SentimentText": "내부가 좁아서 부피가 큰 요리 데우기 힘들어서 아쉬움..",
        "SentimentWord": "8",
        "SentimentPolarity": "-1"
      }
    ]
  },
  {
    "Index": "30559",
    "RawText": "사진으로 본 디자인 그대로라 주방이랑 잘 어울리고  항균 이지 코팅이라 좀 더 안심하고 사용할 수 있어 만족이요~  배송도 딱 원하는 날짜에 와서 아주 굿입니다.  ",
    "Source": "쇼핑몰",
    "Domain": "가전",
    "MainCategory": "주방가전",
    "ProductName": "LG전자 MW25 스테인리스",
    "ReviewScore": "5",
    "Syllable": "92",
    "Word": "24",
    "RDate": "20191228",
    "GeneralPolarity": "1",
    "Aspects": [
      {
        "Aspect": "디자인",
        "SentimentText": "사진으로 본 디자인 그대로라 주방이랑 잘 어울리고 ",
        "SentimentWord": "7",
        "SentimentPolarity": "1"
      },
      {
        "Aspect": "기능",
        "SentimentText": "항균 이지 코팅이라 좀 더 안심하고 사용할 수 있어 만족이요~ ",
        "SentimentWord": "10",
        "SentimentPolarity": "1"
      }
    ]
  },
  {
    "Index": "30562",
    "RawText": "배송일에 부재중으로 폐가전 만 문 앞에 두어 외출했는데 잊지 않고 폐가전까지 처리해 주셔서 감사합니다. 조작법도 단순해서 너무 편리합니다. 작동하면 미세한 모터음이 들리지만 거슬릴정도는 아니에요. 만족합니다.",
    "Source": "쇼핑몰",
    "Domain": "가전",
    "MainCategory": "주방가전",
    "ProductName": "LG전자 MW25 스테인리스",
    "ReviewScore": "5",
    "Syllable": "116",
    "Word": "25",
    "RDate": "20181213",
    "GeneralPolarity": "1",
    "Aspects": [
      {
        "Aspect": "조작성",
        "SentimentText": " 조작법도 단순해서 너무 편리합니다.",
        "SentimentWord": "4",
        "SentimentPolarity": "1"
      },
      {
        "Aspect": "소음",
        "SentimentText": "작동하면 미세한 모터음이 들리지만 거슬릴정도는 아니에요. 만족합니다.",
        "SentimentWord": "7",
        "SentimentPolarity": "1"
      }
    ]
  },
  {
    "Index": "30564",
    "RawText": "배송 빨라서 너무 마음에 들고요~ 세일할때 구매해서 저렴하게 잘 샀어요 만족합니다. 상품도 이상 없이 잘 작동되고 좋네요~ ",
    "Source": "쇼핑몰",
    "Domain": "가전",
    "MainCategory": "주방가전",
    "ProductName": "LG전자 MW25 스테인리스",
    "ReviewScore": "4",
    "Syllable": "69",
    "Word": "17",
    "RDate": "20220220",
    "GeneralPolarity": "1",
    "Aspects": [
      {
        "Aspect": "가격",
        "SentimentText": "세일할때 구매해서 저렴하게 잘 샀어요 만족합니다",
        "SentimentWord": "6",
        "SentimentPolarity": "1"
      },
      {
        "Aspect": "기능",
        "SentimentText": "상품도 이상 없이 잘 작동되고 좋네요~",
        "SentimentWord": "6",
        "SentimentPolarity": "1"
      }
    ]
  },
  {
    "Index": "30565",
    "RawText": "쿠폰 있어서 저렴하게 구매할 수 있어서 만족이요. 디자인 깔끔하고 세련되서 좋고, 배송 신속해서 대 만족입니다  보류  ",
    "Source": "쇼핑몰",
    "Domain": "가전",
    "MainCategory": "주방가전",
    "ProductName": "LG전자 MW25 스테인리스",
    "ReviewScore": "5",
    "Syllable": "67",
    "Word": "16",
    "RDate": "20210620",
    "GeneralPolarity": "1",
    "Aspects": [
      {
        "Aspect": "가격",
        "SentimentText": "쿠폰 있어서 저렴하게 구매할 수 있어서 만족이요.",
        "SentimentWord": "7",
        "SentimentPolarity": "1"
      },
      {
        "Aspect": "디자인",
        "SentimentText": "디자인 깔끔하고 세련되서 좋고,",
        "SentimentWord": "4",
        "SentimentPolarity": "1"
      }
    ]
  },
  {
    "Index": "30567",
    "RawText": "디자인 고급지고 세련되서 좋고요. 내부가 생각보다 너무 작아서 큰 그릇 돌리기 힘들어요 아쉽네요",
    "Source": "쇼핑몰",
    "Domain": "가전",
    "MainCategory": "주방가전",
    "ProductName": "LG전자 MW25 스테인리스",
    "ReviewScore": "4",
    "Syllable": "53",
    "Word": "13",
    "RDate": "20190301",
    "GeneralPolarity": "0",
    "Aspects": [
      {
        "Aspect": "디자인",
        "SentimentText": "디자인 고급지고 세련되서 좋고요.",
        "SentimentWord": "4",
        "SentimentPolarity": "1"
      },
      {
        "Aspect": "용량",
        "SentimentText": "내부가 생각보다 너무 작아서 큰 그릇 돌리기 힘들어요 아쉽네요",
        "SentimentWord": "9",
        "SentimentPolarity": "-1"
      }
    ]
  },
  {
    "Index": "30568",
    "RawText": "음식이 골고루 데워지니까 너무 좋습니다. 디자인도 세련돼서 마음에 듭니다. 크기도 적당하니 주방 아무데나 올려놔도 좋아요",
    "Source": "쇼핑몰",
    "Domain": "가전",
    "MainCategory": "주방가전",
    "ProductName": "LG전자 MW25 스테인리스",
    "ReviewScore": "5",
    "Syllable": "67",
    "Word": "15",
    "RDate": "20200508",
    "GeneralPolarity": "1",
    "Aspects": [
      {
        "Aspect": "기능",
        "SentimentText": "음식이 골고루 데워지니까 너무 좋습니다. ",
        "SentimentWord": "5",
        "SentimentPolarity": "1"
      },
      {
        "Aspect": "디자인",
        "SentimentText": "디자인도 세련돼서 마음에 듭니다. ",
        "SentimentWord": "4",
        "SentimentPolarity": "1"
      },
      {
        "Aspect": "사이즈",
        "SentimentText": "크기도 적당하니 주방 아무데나 올려놔도 좋아요 ",
        "SentimentWord": "6",
        "SentimentPolarity": "1"
      }
    ]
  },
  {
    "Index": "30570",
    "RawText": "제가 생각한 색보다는 점 어두워서 실망했는데 ㅜㅜ 와이드형 디자인은 다행히 이쁘네요",
    "Source": "쇼핑몰",
    "Domain": "가전",
    "MainCategory": "주방가전",
    "ProductName": "LG전자 MW25 스테인리스",
    "ReviewScore": "4",
    "Syllable": "46",
    "Word": "11",
    "RDate": "20190402",
    "GeneralPolarity": "0",
    "Aspects": [
      {
        "Aspect": "색상",
        "SentimentText": "제가 생각한 색보다는 점 어두워서 실망했는데 ㅜㅜ",
        "SentimentWord": "7",
        "SentimentPolarity": "-1"
      },
      {
        "Aspect": "디자인",
        "SentimentText": "와이드형 디자인은 다행히 이쁘네요",
        "SentimentWord": "4",
        "SentimentPolarity": "1"
      }
    ]
  },
  {
    "Index": "30571",
    "RawText": "내부에 청소 기능이 따로 있어서 만족입니다.  디자인 완전 이뻐서 좋고요.",
    "Source": "쇼핑몰",
    "Domain": "가전",
    "MainCategory": "주방가전",
    "ProductName": "LG전자 MW25 스테인리스",
    "ReviewScore": "4",
    "Syllable": "41",
    "Word": "10",
    "RDate": "20180902",
    "GeneralPolarity": "1",
    "Aspects": [
      {
        "Aspect": "기능",
        "SentimentText": "내부에 청소 기능이 따로 있어서 만족입니다. ",
        "SentimentWord": "6",
        "SentimentPolarity": "1"
      },
      {
        "Aspect": "디자인",
        "SentimentText": "디자인 완전 이뻐서 좋고요. ",
        "SentimentWord": "4",
        "SentimentPolarity": "1"
      }
    ]
  },
  {
    "Index": "30572",
    "RawText": "컬러감 조합이 고급스럽고 화면보다 밝아서 다행입니다. 손잡이가 매립되어 있는 디자인이라서 심플하네요. 상품도 문제 없이 작동이 잘 됩니다",
    "Source": "쇼핑몰",
    "Domain": "가전",
    "MainCategory": "주방가전",
    "ProductName": "LG전자 MW25 스테인리스",
    "ReviewScore": "5",
    "Syllable": "76",
    "Word": "17",
    "RDate": "20180411",
    "GeneralPolarity": "1",
    "Aspects": [
      {
        "Aspect": "색상",
        "SentimentText": "컬러감 조합이 고급스럽고 화면보다 밝아서 다행입니다.",
        "SentimentWord": "6",
        "SentimentPolarity": "1"
      },
      {
        "Aspect": "디자인",
        "SentimentText": " 손잡이가 매립되어 있는 디자인이라서 심플하네요",
        "SentimentWord": "5",
        "SentimentPolarity": "1"
      },
      {
        "Aspect": "품질",
        "SentimentText": "상품도 문제 없이 작동이 잘 됩니다 ",
        "SentimentWord": "6",
        "SentimentPolarity": "1"
      }
    ]
  },
  {
    "Index": "30573",
    "RawText": "사용법도 아주 간단해서 편리합니다. 배송도 빨라서 좋고요 디자인도 예뻐서 마음에 쏙 듭니다  보류  ",
    "Source": "쇼핑몰",
    "Domain": "가전",
    "MainCategory": "주방가전",
    "ProductName": "LG전자 MW25 스테인리스",
    "ReviewScore": "5",
    "Syllable": "56",
    "Word": "13",
    "RDate": "20200608",
    "GeneralPolarity": "1",
    "Aspects": [
      {
        "Aspect": "조작성",
        "SentimentText": "사용법도 아주 간단해서 편리합니다.",
        "SentimentWord": "4",
        "SentimentPolarity": "1"
      },
      {
        "Aspect": "디자인",
        "SentimentText": "디자인도 예뻐서 마음에 쏙 듭니다 ",
        "SentimentWord": "5",
        "SentimentPolarity": "1"
      }
    ]
  },
  {
    "Index": "30574",
    "RawText": "내부가 너무 작아서 별로에요. 색상도 칙칙하니 사진보다 예쁘지 않아서 실망했습니다",
    "Source": "쇼핑몰",
    "Domain": "가전",
    "MainCategory": "주방가전",
    "ProductName": "LG전자 MW25 스테인리스",
    "ReviewScore": "4",
    "Syllable": "45",
    "Word": "10",
    "RDate": "20190401",
    "GeneralPolarity": "-1",
    "Aspects": [
      {
        "Aspect": "용량",
        "SentimentText": "내부가 너무 작아서 별로에요. ",
        "SentimentWord": "4",
        "SentimentPolarity": "-1"
      },
      {
        "Aspect": "색상",
        "SentimentText": "색상도 칙칙하니 사진보다 예쁘지 않아서 실망했습니다 ",
        "SentimentWord": "6",
        "SentimentPolarity": "-1"
      }
    ]
  },
  {
    "Index": "30575",
    "RawText": "전자레인지 작동음이 조용하니~ 아주 좋습니다. 디자인도 예쁘니 마음에 들고요.",
    "Source": "쇼핑몰",
    "Domain": "가전",
    "MainCategory": "주방가전",
    "ProductName": "LG전자 MW25 스테인리스",
    "ReviewScore": "5",
    "Syllable": "43",
    "Word": "9",
    "RDate": "20210704",
    "GeneralPolarity": "1",
    "Aspects": [
      {
        "Aspect": "소음",
        "SentimentText": "전자레인지 작동음이 조용하니~ 아주 좋습니다.",
        "SentimentWord": "5",
        "SentimentPolarity": "1"
      },
      {
        "Aspect": "디자인",
        "SentimentText": "디자인도 예쁘니 마음에 들고요. ",
        "SentimentWord": "4",
        "SentimentPolarity": "1"
      }
    ]
  },
  {
    "Index": "30576",
    "RawText": "디자인이 세련돼 보여서 마음에 쏙 듭니다. 그런데 내부가 많이 작아서 별로네요 ㅠ 가격도 다른 제품에 비하면 좀 많이 비싸서 아쉽네요",
    "Source": "쇼핑몰",
    "Domain": "가전",
    "MainCategory": "주방가전",
    "ProductName": "LG전자 MW25 스테인리스",
    "ReviewScore": "5",
    "Syllable": "74",
    "Word": "20",
    "RDate": "20180608",
    "GeneralPolarity": "0",
    "Aspects": [
      {
        "Aspect": "디자인",
        "SentimentText": "디자인이 세련돼 보여서 마음에 쏙 듭니다.",
        "SentimentWord": "6",
        "SentimentPolarity": "1"
      },
      {
        "Aspect": "용량",
        "SentimentText": "내부가 많이 작아서 별로네요 ㅠ",
        "SentimentWord": "5",
        "SentimentPolarity": "-1"
      },
      {
        "Aspect": "가격",
        "SentimentText": "가격도 다른 제품에 비하면 좀 많이 비싸서 아쉽네요",
        "SentimentWord": "8",
        "SentimentPolarity": "-1"
      }
    ]
  },
  {
    "Index": "30577",
    "RawText": "색상도 사진보다 어두워서 별로 안이쁘고, 소재도 지문이 많이 묻는 소재라 지저분해보여서 별로에요",
    "Source": "쇼핑몰",
    "Domain": "가전",
    "MainCategory": "주방가전",
    "ProductName": "LG전자 MW25 스테인리스",
    "ReviewScore": "4",
    "Syllable": "53",
    "Word": "12",
    "RDate": "20211028",
    "GeneralPolarity": "-1",
    "Aspects": [
      {
        "Aspect": "색상",
        "SentimentText": "색상도 사진보다 어두워서 별로 안이쁘고, ",
        "SentimentWord": "5",
        "SentimentPolarity": "-1"
      },
      {
        "Aspect": "소재",
        "SentimentText": "소재도 지문이 많이 묻는 소재라 지저분해보여서 별로에요",
        "SentimentWord": "7",
        "SentimentPolarity": "-1"
      }
    ]
  },
  {
    "Index": "30578",
    "RawText": "디자인 세련되고 이뻐서 마음에 쏙 들어요. 그런데 색상은 사진보다 칙칙해 보여서 별로 입니다",
    "Source": "쇼핑몰",
    "Domain": "가전",
    "MainCategory": "주방가전",
    "ProductName": "LG전자 MW25 스테인리스",
    "ReviewScore": "4",
    "Syllable": "51",
    "Word": "13",
    "RDate": "20210910",
    "GeneralPolarity": "0",
    "Aspects": [
      {
        "Aspect": "디자인",
        "SentimentText": "디자인 세련되고 이뻐서 마음에 쏙 들어요. ",
        "SentimentWord": "6",
        "SentimentPolarity": "1"
      },
      {
        "Aspect": "색상",
        "SentimentText": "색상은 사진보다 칙칙해 보여서 별로 입니다",
        "SentimentWord": "6",
        "SentimentPolarity": "-1"
      }
    ]
  },
  {
    "Index": "30579",
    "RawText": "설치해 주시는 상품인 줄 알았는데 배송만 되는 상품이네요. 그런데도 폐가전까지 처리해 주셔서 감동했습니다.  컬러감이 고급스러운 상품이라서 너무나 만족 합니다. 쿠폰과 할인행사 등으로 생각보다 저렴하게 구매해 좋네요.",
    "Source": "쇼핑몰",
    "Domain": "가전",
    "MainCategory": "주방가전",
    "ProductName": "LG전자 MW25 스테인리스",
    "ReviewScore": "5",
    "Syllable": "121",
    "Word": "26",
    "RDate": "20170918",
    "GeneralPolarity": "1",
    "Aspects": [
      {
        "Aspect": "색상",
        "SentimentText": " 컬러감이 고급스러운 상품이라서 너무나 만족 합니다.",
        "SentimentWord": "6",
        "SentimentPolarity": "1"
      },
      {
        "Aspect": "가격",
        "SentimentText": "쿠폰과 할인행사 등으로 생각보다 저렴하게 구매해 좋네요.",
        "SentimentWord": "7",
        "SentimentPolarity": "1"
      }
    ]
  },
  {
    "Index": "30581",
    "RawText": "소재가 문만 스테인리스였네요.. 사진이랑 달라서 별로네요. 소음은 조용하니 쓰기 좋네요~",
    "Source": "쇼핑몰",
    "Domain": "가전",
    "MainCategory": "주방가전",
    "ProductName": "LG전자 MW25 스테인리스",
    "ReviewScore": "5",
    "Syllable": "49",
    "Word": "10",
    "RDate": "20220118",
    "GeneralPolarity": "0",
    "Aspects": [
      {
        "Aspect": "소재",
        "SentimentText": "소재가 문만 스테인리스였네요.. 사진이랑 달라서 별로네요.",
        "SentimentWord": "6",
        "SentimentPolarity": "-1"
      },
      {
        "Aspect": "소음",
        "SentimentText": "소음은 조용하니 쓰기 좋네요~",
        "SentimentWord": "4",
        "SentimentPolarity": "1"
      }
    ]
  },
  {
    "Index": "30582",
    "RawText": "기능이 여러가지라 쓰기 좋네요~ 그런데 전자레인지 내부가 생각보다 너무 좁아서 별로에요",
    "Source": "쇼핑몰",
    "Domain": "가전",
    "MainCategory": "주방가전",
    "ProductName": "LG전자 MW25 스테인리스",
    "ReviewScore": "5",
    "Syllable": "48",
    "Word": "11",
    "RDate": "20180512",
    "GeneralPolarity": "0",
    "Aspects": [
      {
        "Aspect": "기능",
        "SentimentText": "기능이 여러가지라 쓰기 좋네요~ ",
        "SentimentWord": "4",
        "SentimentPolarity": "1"
      },
      {
        "Aspect": "용량",
        "SentimentText": "전자레인지 내부가 생각보다 너무 좁아서 별로에요 ",
        "SentimentWord": "6",
        "SentimentPolarity": "-1"
      }
    ]
  },
  {
    "Index": "30583",
    "RawText": "디자인이 세련되고 깔끔해 보여서 좋고요, 전자레인지 사이즈도 아담해서 마음에 듭니다.",
    "Source": "쇼핑몰",
    "Domain": "가전",
    "MainCategory": "주방가전",
    "ProductName": "LG전자 MW25 스테인리스",
    "ReviewScore": "5",
    "Syllable": "47",
    "Word": "10",
    "RDate": "20180304",
    "GeneralPolarity": "1",
    "Aspects": [
      {
        "Aspect": "디자인",
        "SentimentText": "디자인이 세련되고 깔끔해 보여서 좋고요,",
        "SentimentWord": "5",
        "SentimentPolarity": "1"
      },
      {
        "Aspect": "사이즈",
        "SentimentText": "전자레인지 사이즈도 아담해서 마음에 듭니다.",
        "SentimentWord": "5",
        "SentimentPolarity": "1"
      }
    ]
  },
  {
    "Index": "30584",
    "RawText": "배송이 너무 늦어서 짜증났어요 ㅠㅠ 알림음은 조용하니 마음에 들고요. 해동기능도 아주 잘 되서 만족합니다. 보류  ",
    "Source": "쇼핑몰",
    "Domain": "가전",
    "MainCategory": "주방가전",
    "ProductName": "LG전자 MW25 스테인리스",
    "ReviewScore": "3",
    "Syllable": "64",
    "Word": "15",
    "RDate": "20200428",
    "GeneralPolarity": "1",
    "Aspects": [
      {
        "Aspect": "소음",
        "SentimentText": "알림음은 조용하니 마음에 들고요.",
        "SentimentWord": "4",
        "SentimentPolarity": "1"
      },
      {
        "Aspect": "기능",
        "SentimentText": "해동기능도 아주 잘 되서 만족합니다. ",
        "SentimentWord": "5",
        "SentimentPolarity": "1"
      }
    ]
  },
  {
    "Index": "30585",
    "RawText": "실버 색감이 촌스럽지 않고 깔끔하고요. 디자인도 심플하고 이쁘게 잘 빠져 너무나 좋습니다^^",
    "Source": "쇼핑몰",
    "Domain": "가전",
    "MainCategory": "주방가전",
    "ProductName": "LG전자 MW25 스테인리스",
    "ReviewScore": "5",
    "Syllable": "51",
    "Word": "12",
    "RDate": "20211112",
    "GeneralPolarity": "1",
    "Aspects": [
      {
        "Aspect": "색상",
        "SentimentText": "실버 색감이 촌스럽지 않고 깔끔하고요.",
        "SentimentWord": "5",
        "SentimentPolarity": "1"
      },
      {
        "Aspect": "디자인",
        "SentimentText": " 디자인도 심플하고 이쁘게 잘 빠져 너무나 좋습니다^^",
        "SentimentWord": "7",
        "SentimentPolarity": "1"
      }
    ]
  },
  {
    "Index": "30587",
    "RawText": "디자인이 깔끔해서 너무 마음에 드네요~ 가전제품은 ㅇooo 에서만 구입해요~항상 만족입니다. 가격이 조금 비싸지만 마음에 듭니다.",
    "Source": "쇼핑몰",
    "Domain": "가전",
    "MainCategory": "주방가전",
    "ProductName": "LG전자 MW25 스테인리스",
    "ReviewScore": "5",
    "Syllable": "72",
    "Word": "15",
    "RDate": "20210831",
    "GeneralPolarity": "1",
    "Aspects": [
      {
        "Aspect": "디자인",
        "SentimentText": "디자인이 깔끔해서 너무 마음에 드네요~ ",
        "SentimentWord": "5",
        "SentimentPolarity": "1"
      },
      {
        "Aspect": "제조일/제조사",
        "SentimentText": "가전제품은 ㅇooo 에서만 구입해요~항상 만족입니다.",
        "SentimentWord": "5",
        "SentimentPolarity": "1"
      },
      {
        "Aspect": "가격",
        "SentimentText": "가격이 조금 비싸지만 마음에 듭니다.",
        "SentimentWord": "5",
        "SentimentPolarity": "0"
      }
    ]
  },
  {
    "Index": "30589",
    "RawText": "스마트 터치라 터치도 잘되고 좋습니다. 디자인도 예쁘고 깔끔해서 만족스러워요",
    "Source": "쇼핑몰",
    "Domain": "가전",
    "MainCategory": "주방가전",
    "ProductName": "LG전자 MW25 스테인리스",
    "ReviewScore": "5",
    "Syllable": "42",
    "Word": "9",
    "RDate": "20190831",
    "GeneralPolarity": "1",
    "Aspects": [
      {
        "Aspect": "조작성",
        "SentimentText": "스마트 터치라 터치도 잘되고 좋습니다. ",
        "SentimentWord": "5",
        "SentimentPolarity": "1"
      },
      {
        "Aspect": "디자인",
        "SentimentText": "디자인도 예쁘고 깔끔해서 만족스러워요 ",
        "SentimentWord": "4",
        "SentimentPolarity": "1"
      }
    ]
  },
  {
    "Index": "30592",
    "RawText": "배송 완전 신속해서 마음에 들고요~ 오프라인보다 저렴하게 구매해서 기분이 좋습니다~ 주방 가전제품들이랑 놓으니 잘 어울리고 좋아요",
    "Source": "쇼핑몰",
    "Domain": "가전",
    "MainCategory": "주방가전",
    "ProductName": "LG전자 MW25 스테인리스",
    "ReviewScore": "5",
    "Syllable": "72",
    "Word": "16",
    "RDate": "20200607",
    "GeneralPolarity": "1",
    "Aspects": [
      {
        "Aspect": "가격",
        "SentimentText": "오프라인보다 저렴하게 구매해서 기분이 좋습니다~",
        "SentimentWord": "5",
        "SentimentPolarity": "1"
      },
      {
        "Aspect": "디자인",
        "SentimentText": " 주방 가전제품들이랑 놓으니 잘 어울리고 좋아요",
        "SentimentWord": "6",
        "SentimentPolarity": "1"
      }
    ]
  },
  {
    "Index": "30593",
    "RawText": "용량이 넉넉하니 아주 굿입니다. 소음도 조용하니 귀가 편하고요~ 디자인도 깔끔 세련되서 주방이랑 너무 잘 어울려요 굿",
    "Source": "쇼핑몰",
    "Domain": "가전",
    "MainCategory": "주방가전",
    "ProductName": "LG전자 MW25 스테인리스",
    "ReviewScore": "5",
    "Syllable": "65",
    "Word": "16",
    "RDate": "20210224",
    "GeneralPolarity": "1",
    "Aspects": [
      {
        "Aspect": "용량",
        "SentimentText": "용량이 넉넉하니 아주 굿입니다.",
        "SentimentWord": "4",
        "SentimentPolarity": "1"
      },
      {
        "Aspect": "소음",
        "SentimentText": "소음도 조용하니 귀가 편하고요~ ",
        "SentimentWord": "4",
        "SentimentPolarity": "1"
      },
      {
        "Aspect": "디자인",
        "SentimentText": "디자인도 깔끔 세련되서 주방이랑 너무 잘 어울려요 굿",
        "SentimentWord": "8",
        "SentimentPolarity": "1"
      }
    ]
  },
  {
    "Index": "30594",
    "RawText": "디자인 사이즈 크지 않고 적당합니다. 근데 내부 용량은 커서 더 마음에 듭니다  디자인도 원츄 하는 스타일 입니다. 굿",
    "Source": "쇼핑몰",
    "Domain": "가전",
    "MainCategory": "주방가전",
    "ProductName": "LG전자 MW25 스테인리스",
    "ReviewScore": "5",
    "Syllable": "66",
    "Word": "18",
    "RDate": "20220823",
    "GeneralPolarity": "1",
    "Aspects": [
      {
        "Aspect": "사이즈",
        "SentimentText": "디자인 사이즈 크지 않고 적당합니다",
        "SentimentWord": "5",
        "SentimentPolarity": "1"
      },
      {
        "Aspect": "용량",
        "SentimentText": "근데  내부 용량은 커서 더 마음에 듭니다  ",
        "SentimentWord": "7",
        "SentimentPolarity": "1"
      },
      {
        "Aspect": "디자인",
        "SentimentText": "디자인도 원츄 하는 스타일 입니다. 굿",
        "SentimentWord": "6",
        "SentimentPolarity": "1"
      }
    ]
  },
  {
    "Index": "30595",
    "RawText": "디자인이 무난하고 깔끔해서 마음에 들고요. 용량도 커서 부피가 큰 음식도 들어가니 만족합니다.",
    "Source": "쇼핑몰",
    "Domain": "가전",
    "MainCategory": "주방가전",
    "ProductName": "LG전자 MW25 스테인리스",
    "ReviewScore": "4",
    "Syllable": "52",
    "Word": "12",
    "RDate": "20190307",
    "GeneralPolarity": "1",
    "Aspects": [
      {
        "Aspect": "디자인",
        "SentimentText": "디자인이 무난하고 깔끔해서 마음에 들고요.",
        "SentimentWord": "5",
        "SentimentPolarity": "1"
      },
      {
        "Aspect": "용량",
        "SentimentText": "용량도 커서 부피가 큰 음식도 들어가니 만족합니다.",
        "SentimentWord": "7",
        "SentimentPolarity": "1"
      }
    ]
  },
  {
    "Index": "30599",
    "RawText": "내부가 좁아서 너무 아쉽습니다. 디자인도 심플하고 예뻐서 아주 마음에 듭니다. ",
    "Source": "쇼핑몰",
    "Domain": "가전",
    "MainCategory": "주방가전",
    "ProductName": "LG전자 MW25 스테인리스",
    "ReviewScore": "5",
    "Syllable": "44",
    "Word": "10",
    "RDate": "20210503",
    "GeneralPolarity": "0",
    "Aspects": [
      {
        "Aspect": "용량",
        "SentimentText": "내부가 좁아서 너무 아쉽습니다.",
        "SentimentWord": "4",
        "SentimentPolarity": "-1"
      },
      {
        "Aspect": "디자인",
        "SentimentText": "디자인도 심플하고 예뻐서 아주 마음에 듭니다.",
        "SentimentWord": "6",
        "SentimentPolarity": "1"
      }
    ]
  },
  {
    "Index": "30602",
    "RawText": "소음이 거의 없어서 너무 좋네요. 음식이 익는 시간도 빨라서 너무 좋네요",
    "Source": "쇼핑몰",
    "Domain": "가전",
    "MainCategory": "주방가전",
    "ProductName": "LG전자 MW25 스테인리스",
    "ReviewScore": "4",
    "Syllable": "40",
    "Word": "11",
    "RDate": "20220830",
    "GeneralPolarity": "1",
    "Aspects": [
      {
        "Aspect": "소음",
        "SentimentText": "소음이 거의 없어서 너무 좋네요.",
        "SentimentWord": "5",
        "SentimentPolarity": "1"
      },
      {
        "Aspect": "시간/속도",
        "SentimentText": "음식이 익는 시간도 빨라서 너무 좋네요 ",
        "SentimentWord": "6",
        "SentimentPolarity": "1"
      }
    ]
  },
  {
    "Index": "30607",
    "RawText": "택배 배송 아닌 직배송으로 와서 설치까지 해주시고 주말인데도 방문해 주셔서 감동,. 모델 디자인도 너무 이뻐서 행복하네요 은은한 실버색상이 주방 전체를 화사하게 빛내주네요",
    "Source": "쇼핑몰",
    "Domain": "가전",
    "MainCategory": "주방가전",
    "ProductName": "LG전자 MW25 스테인리스",
    "ReviewScore": "5",
    "Syllable": "95",
    "Word": "22",
    "RDate": "20190201",
    "GeneralPolarity": "1",
    "Aspects": [
      {
        "Aspect": "디자인",
        "SentimentText": "모델 디자인도 너무 이뻐서 행복하네요",
        "SentimentWord": "5",
        "SentimentPolarity": "1"
      },
      {
        "Aspect": "색상",
        "SentimentText": "은은한 실버색상이 주방 전체를 화사하게 빛내주네요",
        "SentimentWord": "6",
        "SentimentPolarity": "1"
      }
    ]
  },
  {
    "Index": "30609",
    "RawText": "레인지 사이즈는 큰데 디자인이 심플해서 좋습니다.",
    "Source": "쇼핑몰",
    "Domain": "가전",
    "MainCategory": "주방가전",
    "ProductName": "LG전자 MW25 스테인리스",
    "ReviewScore": "5",
    "Syllable": "27",
    "Word": "6",
    "RDate": "20190805",
    "GeneralPolarity": "1",
    "Aspects": [
      {
        "Aspect": "사이즈",
        "SentimentText": "레인지 사이즈는 큰데 디자인이 심플해서 좋습니다. ",
        "SentimentWord": "6",
        "SentimentPolarity": "1"
      },
      {
        "Aspect": "디자인",
        "SentimentText": "디자인이 심플해서 좋습니다. ",
        "SentimentWord": "3",
        "SentimentPolarity": "1"
      }
    ]
  },
  {
    "Index": "30610",
    "RawText": "가성비는 너무 좋은 상품입니다~ 배송기사님까지 친절해서 너무나 강추^^ 손잡이 부분에 미세하게 찍힌부분이 거슬리네요.",
    "Source": "쇼핑몰",
    "Domain": "가전",
    "MainCategory": "주방가전",
    "ProductName": "LG전자 MW25 스테인리스",
    "ReviewScore": "5",
    "Syllable": "65",
    "Word": "13",
    "RDate": "20180508",
    "GeneralPolarity": "0",
    "Aspects": [
      {
        "Aspect": "가격",
        "SentimentText": "가성비는 너무 좋은 상품입니다~",
        "SentimentWord": "4",
        "SentimentPolarity": "1"
      },
      {
        "Aspect": "품질",
        "SentimentText": "손잡이 부분에 미세하게 찍힌부분이 거슬리네요.",
        "SentimentWord": "5",
        "SentimentPolarity": "-1"
      }
    ]
  },
  {
    "Index": "30611",
    "RawText": "레인지 성능도 좋고 해서 마음에 들었습니다. 재질도 스테인 레이스 재질이라서 만족하고 도어 디자인도 깔끔한 매립형이라서 좋았습니다.",
    "Source": "쇼핑몰",
    "Domain": "가전",
    "MainCategory": "주방가전",
    "ProductName": "LG전자 MW25 스테인리스",
    "ReviewScore": "5",
    "Syllable": "73",
    "Word": "16",
    "RDate": "20210224",
    "GeneralPolarity": "1",
    "Aspects": [
      {
        "Aspect": "기능",
        "SentimentText": "레인지 성능도 좋고 해서 마음에 들었습니다 ",
        "SentimentWord": "6",
        "SentimentPolarity": "1"
      },
      {
        "Aspect": "소재",
        "SentimentText": "재질도 스테인 레이스 재질이라서 만족하고 ",
        "SentimentWord": "5",
        "SentimentPolarity": "1"
      },
      {
        "Aspect": "디자인",
        "SentimentText": "도어 디자인도 깔끔한 매립형이라서 좋았습니다.",
        "SentimentWord": "5",
        "SentimentPolarity": "1"
      }
    ]
  },
  {
    "Index": "30612",
    "RawText": "색상 조합이 단순 화이트 색이 아닌 고급스러워서 맘에 쏙 들어요. 가격대는 비싼데 돈이 안 아까울 정도로 좋네요 강추강추",
    "Source": "쇼핑몰",
    "Domain": "가전",
    "MainCategory": "주방가전",
    "ProductName": "LG전자 MW25 스테인리스",
    "ReviewScore": "5",
    "Syllable": "67",
    "Word": "18",
    "RDate": "20210412",
    "GeneralPolarity": "1",
    "Aspects": [
      {
        "Aspect": "색상",
        "SentimentText": "색상 조합이 단순 화이트 색이 아닌 고급스러워서 맘에 쏙 들어요. 가",
        "SentimentWord": "11",
        "SentimentPolarity": "1"
      },
      {
        "Aspect": "가격",
        "SentimentText": "가격대는 비싼데 돈이 안 아까울 정도로 좋네요 강추강추",
        "SentimentWord": "8",
        "SentimentPolarity": "1"
      }
    ]
  },
  {
    "Index": "30613",
    "RawText": "색감이 고급스러워서 그런지 분위기 있어 보여요. 전자레인지 큰 용량이라서 그런지 최고네요 역시 가전은 용량이 커야 좋은 것 같아요",
    "Source": "쇼핑몰",
    "Domain": "가전",
    "MainCategory": "주방가전",
    "ProductName": "LG전자 MW25 스테인리스",
    "ReviewScore": "5",
    "Syllable": "72",
    "Word": "18",
    "RDate": "20211029",
    "GeneralPolarity": "1",
    "Aspects": [
      {
        "Aspect": "색상",
        "SentimentText": "색감이 고급스러워서 그런지 분위기 있어 보여요.",
        "SentimentWord": "6",
        "SentimentPolarity": "1"
      },
      {
        "Aspect": "용량",
        "SentimentText": "전자레인지 큰 용량이라서 그런지 최고네요 ",
        "SentimentWord": "5",
        "SentimentPolarity": "1"
      }
    ]
  },
  {
    "Index": "30614",
    "RawText": "가격은 확실히 비싼것 같아요ㅡㅜ 디자인이 심플해서 저희집 주방이랑 너무 잘 어울려 이뻐요",
    "Source": "쇼핑몰",
    "Domain": "가전",
    "MainCategory": "주방가전",
    "ProductName": "LG전자 MW25 스테인리스",
    "ReviewScore": "5",
    "Syllable": "49",
    "Word": "12",
    "RDate": "20200805",
    "GeneralPolarity": "0",
    "Aspects": [
      {
        "Aspect": "가격",
        "SentimentText": "가격은 확실히 비싼것 같아요ㅡㅜ ",
        "SentimentWord": "4",
        "SentimentPolarity": "-1"
      },
      {
        "Aspect": "디자인",
        "SentimentText": "디자인이 심플해서 저희집 주방이랑 너무 잘 어울려 이뻐요 ",
        "SentimentWord": "8",
        "SentimentPolarity": "1"
      }
    ]
  }
]