[
  {
    "Index": "34600",
    "RawText": "자동세척이 있어서 청소가 굉장히 편리하고 좋아요. 거기다 백미고압으로 밥을 지어봤는데 너무 찰져서 맛있어요 좋아요.",
    "Source": "쇼핑몰",
    "Domain": "가전",
    "MainCategory": "주방가전",
    "ProductName": "트윈프레셔 쿠쿠전자 CRP-KHTS1060FD",
    "ReviewScore": "5",
    "Syllable": "64",
    "Word": "14",
    "RDate": "20220727",
    "GeneralPolarity": "1",
    "Aspects": [
      {
        "Aspect": "편의성",
        "SentimentText": "자동세척이 있어서 청소가 굉장히 편리하고 좋아요. ",
        "SentimentWord": "6",
        "SentimentPolarity": "1"
      },
      {
        "Aspect": "기능",
        "SentimentText": "거기다 백미고압으로 밥을 지어봤는데 너무 찰져서 맛있어요 좋아요.",
        "SentimentWord": "8",
        "SentimentPolarity": "1"
      }
    ]
  },
  {
    "Index": "34603",
    "RawText": "역시 취사기능은 최고인것 같아요 밥이 꼬들하니 너무 맛있습니다. 하지만 아쉬운게 전원 코드가 왜 이렇게 짧은지...다음엔 길게 만들어주세요.",
    "Source": "쇼핑몰",
    "Domain": "가전",
    "MainCategory": "주방가전",
    "ProductName": "트윈프레셔 쿠쿠전자 CRP-KHTS1060FD",
    "ReviewScore": "5",
    "Syllable": "78",
    "Word": "17",
    "RDate": "20220409",
    "Aspects": [
      {
        "Aspect": "기능",
        "SentimentText": "역시 취사기능은 최고인것 같아요 밥이 꼬들하니 너무 맛있습니다.",
        "SentimentWord": "8",
        "SentimentPolarity": "1"
      },
      {
        "Aspect": "사이즈",
        "SentimentText": "하지만 아쉬운게 전원 코드가 왜 이렇게 짧은지... 다음엔 길게 만들어주세요",
        "SentimentWord": "10",
        "SentimentPolarity": "-1"
      }
    ]
  },
  {
    "Index": "34605",
    "RawText": "너무 수직이여서 버튼누르는게 굉장히 불편하네요. 거기다 작동시에 소음도 꽤 커 시끄러워 별로예요",
    "Source": "쇼핑몰",
    "Domain": "가전",
    "MainCategory": "주방가전",
    "ProductName": "트윈프레셔 쿠쿠전자 CRP-KHTS1060FD",
    "ReviewScore": "5",
    "Syllable": "53",
    "Word": "12",
    "RDate": "20211027",
    "GeneralPolarity": "-1",
    "Aspects": [
      {
        "Aspect": "조작성",
        "SentimentText": "너무 수직이여서 버튼누르는게 굉장히 불편하네요.",
        "SentimentWord": "5",
        "SentimentPolarity": "-1"
      },
      {
        "Aspect": "소음",
        "SentimentText": "거기다 작동시에 소음도 꽤 커 시끄러워 별로예요",
        "SentimentWord": "7",
        "SentimentPolarity": "-1"
      }
    ]
  },
  {
    "Index": "34606",
    "RawText": "고압으로 해서 밥을 지으니 찰져서 좋습니다. 소재도 스텐이중 뚜껑이라서 더 안전하고 위생적이라 좋네요.",
    "Source": "쇼핑몰",
    "Domain": "가전",
    "MainCategory": "주방가전",
    "ProductName": "트윈프레셔 쿠쿠전자 CRP-KHTS1060FD",
    "ReviewScore": "5",
    "Syllable": "57",
    "Word": "13",
    "RDate": "20220109",
    "GeneralPolarity": "1",
    "Aspects": [
      {
        "Aspect": "기능",
        "SentimentText": "고압으로 해서 밥을 지으니 찰져서 좋습니다. ",
        "SentimentWord": "6",
        "SentimentPolarity": "1"
      },
      {
        "Aspect": "소재",
        "SentimentText": " 소재도 스텐이중 뚜껑이라서 더 안전하고 위생적이라 좋네요.",
        "SentimentWord": "7",
        "SentimentPolarity": "1"
      }
    ]
  },
  {
    "Index": "34609",
    "RawText": "압력이 잘되니 물을 적게넣고 다시 하니 밥맛이 아주 좋아요. 디자인도 예뻐서 마음에 듭니다.",
    "Source": "쇼핑몰",
    "Domain": "가전",
    "MainCategory": "주방가전",
    "ProductName": "트윈프레셔 쿠쿠전자 CRP-KHTS1060FD",
    "ReviewScore": "4",
    "Syllable": "51",
    "Word": "13",
    "RDate": "20210928",
    "GeneralPolarity": "1",
    "Aspects": [
      {
        "Aspect": "기능",
        "SentimentText": "압력이 잘되니 물을 적게넣고 다시 하니 밥맛이 아주 좋아요",
        "SentimentWord": "9",
        "SentimentPolarity": "1"
      },
      {
        "Aspect": "디자인",
        "SentimentText": "디자인도 예뻐서 마음에 듭니다.",
        "SentimentWord": "4",
        "SentimentPolarity": "1"
      }
    ]
  },
  {
    "Index": "34611",
    "RawText": "000 덕분에 매일 맛있는 밥을 먹어요~ 감사합니다. 고압 무압 두 기능 모두 밥맛 좋아요. 디자인이 너무 투박한게 약간 아쉽네요. 그거 말고는 제품 자체는 너무 만족하고 잘 쓰고 있어요 강추해요^^",
    "Source": "쇼핑몰",
    "Domain": "가전",
    "MainCategory": "주방가전",
    "ProductName": "트윈프레셔 쿠쿠전자 CRP-KHTS1060FD",
    "ReviewScore": "5",
    "Syllable": "111",
    "Word": "29",
    "RDate": "20211130",
    "GeneralPolarity": "0",
    "Aspects": [
      {
        "Aspect": "제조일/제조사",
        "SentimentText": "000 덕분에 매일 맛있는 밥을 먹어요~ 감사합니다. ",
        "SentimentWord": "7",
        "SentimentPolarity": "1"
      },
      {
        "Aspect": "기능",
        "SentimentText": "고압 무압 두 기능 모두 밥맛 좋아요. ",
        "SentimentWord": "7",
        "SentimentPolarity": "1"
      },
      {
        "Aspect": "디자인",
        "SentimentText": "디자인이 너무 투박한게 약간 아쉽네요.",
        "SentimentWord": "5",
        "SentimentPolarity": "-1"
      },
      {
        "Aspect": "품질",
        "SentimentText": " 제품 자체는 너무 만족하고 잘 쓰고 있어요 강추해요^^",
        "SentimentWord": "8",
        "SentimentPolarity": "1"
      }
    ]
  },
  {
    "Index": "34618",
    "RawText": "최저가로 이렇게 좋은 상품을 사서 너무 좋아요! 디자인도 깔끔하니 정말 예쁘구요. 무엇보다 취사기능 좋아서 밥맛이 훌륭합니다.",
    "Source": "쇼핑몰",
    "Domain": "가전",
    "MainCategory": "주방가전",
    "ProductName": "트윈프레셔 쿠쿠전자 CRP-KHTS1060FD",
    "ReviewScore": "5",
    "Syllable": "70",
    "Word": "16",
    "RDate": "20220630",
    "GeneralPolarity": "1",
    "Aspects": [
      {
        "Aspect": "가격",
        "SentimentText": "최저가로 이렇게 좋은 상품을 사서 너무 좋아요!",
        "SentimentWord": "7",
        "SentimentPolarity": "1"
      },
      {
        "Aspect": "디자인",
        "SentimentText": " 디자인도 깔끔하니 정말 예쁘구요.",
        "SentimentWord": "4",
        "SentimentPolarity": "1"
      },
      {
        "Aspect": "기능",
        "SentimentText": "무엇보다 취사기능 좋아서 밥맛이 훌륭합니다.",
        "SentimentWord": "5",
        "SentimentPolarity": "1"
      }
    ]
  },
  {
    "Index": "34619",
    "RawText": "저렴한 가격에 퀼리티 좋은 제품을 잘 샀어요. 밥하는 기능이 말고도 참 많네요. 너무 많아 오히려 복잡해요ㅠㅠ.  잘 사용할께요",
    "Source": "쇼핑몰",
    "Domain": "가전",
    "MainCategory": "주방가전",
    "ProductName": "트윈프레셔 쿠쿠전자 CRP-KHTS1060FD",
    "ReviewScore": "5",
    "Syllable": "71",
    "Word": "18",
    "RDate": "20210115",
    "Aspects": [
      {
        "Aspect": "품질",
        "SentimentText": "저렴한 가격에 퀼리티 좋은 제품을 잘 샀어요. ",
        "SentimentWord": "7",
        "SentimentPolarity": "1"
      },
      {
        "Aspect": "조작성",
        "SentimentText": "밥하는 기능이 말고도 참 많네요. 너무 많아 오히려 복잡해요ㅠㅠ. ",
        "SentimentWord": "9",
        "SentimentPolarity": "-1"
      }
    ]
  },
  {
    "Index": "34626",
    "RawText": "배송일보다 빨리 왔어요. 제품 이상 없고 성능도 좋아 까다로운 입맛을 사로잡네요. 밥맛 최고입니다. 증기배출 소리도 크지 않고 조용한게 마음에 들어요.",
    "Source": "쇼핑몰",
    "Domain": "가전",
    "MainCategory": "주방가전",
    "ProductName": "트윈프레셔 쿠쿠전자 CRP-KHTS1060FD",
    "ReviewScore": "5",
    "Syllable": "84",
    "Word": "20",
    "RDate": "20210822",
    "GeneralPolarity": "1",
    "Aspects": [
      {
        "Aspect": "기능",
        "SentimentText": "성능도 좋아 까다로운 입맛을 사로잡네요. 밥맛 최고입니다. ",
        "SentimentWord": "7",
        "SentimentPolarity": "1"
      },
      {
        "Aspect": "소음",
        "SentimentText": "증기배출 소리도 크지 않고 조용한게 마음에 들어요.",
        "SentimentWord": "7",
        "SentimentPolarity": "1"
      }
    ]
  },
  {
    "Index": "34628",
    "RawText": "따로 전선코드를 뽑지 않고도 on/off 기능에 사용하기 편리합니다. 전기절약도 되고 더 마음에 듭니다. 디자인도 고급스럽고 멋지네요 ^^ 배송이 엄청 빨랐어요.",
    "Source": "쇼핑몰",
    "Domain": "가전",
    "MainCategory": "주방가전",
    "ProductName": "트윈프레셔 쿠쿠전자 CRP-KHTS1060FD",
    "ReviewScore": "5",
    "Syllable": "90",
    "Word": "20",
    "RDate": "20201019",
    "Aspects": [
      {
        "Aspect": "편의성",
        "SentimentText": "따로 전선코드를 뽑지 않고도 on/off 기능에 사용하기 편리합니다. ",
        "SentimentWord": "8",
        "SentimentPolarity": "1"
      },
      {
        "Aspect": "소비전력",
        "SentimentText": "전기절약도 되고 더 마음에 듭니다.",
        "SentimentWord": "5",
        "SentimentPolarity": "1"
      },
      {
        "Aspect": "디자인",
        "SentimentText": "디자인도 고급스럽고 멋지네요 ^^ ",
        "SentimentWord": "4",
        "SentimentPolarity": "1"
      }
    ]
  },
  {
    "Index": "34631",
    "RawText": "000는 언제나 믿고 사는 브랜드입니다. OOO 두가지 기능에 취향대로 밥을 할수 있어 좋구요. 가격대비 가성비도 최고입니다.",
    "Source": "쇼핑몰",
    "Domain": "가전",
    "MainCategory": "주방가전",
    "ProductName": "트윈프레셔 쿠쿠전자 CRP-KHTS1060FD",
    "ReviewScore": "4",
    "Syllable": "70",
    "Word": "16",
    "RDate": "20220321",
    "Aspects": [
      {
        "Aspect": "제조일/제조사",
        "SentimentText": "000는 언제나 믿고 사는 브랜드입니다. ",
        "SentimentWord": "5",
        "SentimentPolarity": "1"
      },
      {
        "Aspect": "기능",
        "SentimentText": "OOO 두가지 기능에 취향대로 밥을 할수 있어 좋구요.",
        "SentimentWord": "8",
        "SentimentPolarity": "1"
      },
      {
        "Aspect": "가격",
        "SentimentText": "가격대비 가성비도 최고입니다.",
        "SentimentWord": "3",
        "SentimentPolarity": "1"
      }
    ]
  },
  {
    "Index": "34632",
    "RawText": "000밥솥은 디자인이 항상 이쁘게 잘 나와서 마음에 들어요. 배송도 빠르구요~! 바로 잡곡밥을 했더니 찰지게 잘 됐어요~밥맛 좋아요^^",
    "Source": "쇼핑몰",
    "Domain": "가전",
    "MainCategory": "주방가전",
    "ProductName": "트윈프레셔 쿠쿠전자 CRP-KHTS1060FD",
    "ReviewScore": "5",
    "Syllable": "75",
    "Word": "17",
    "RDate": "20210720",
    "GeneralPolarity": "1",
    "Aspects": [
      {
        "Aspect": "디자인",
        "SentimentText": "000밥솥은 디자인이 항상 이쁘게 잘 나와서 마음에 들어요. ",
        "SentimentWord": "8",
        "SentimentPolarity": "1"
      },
      {
        "Aspect": "기능",
        "SentimentText": "바로 잡곡밥을 했더니 찰지게 잘 됐어요~밥맛 좋아요^^",
        "SentimentWord": "7",
        "SentimentPolarity": "1"
      }
    ]
  },
  {
    "Index": "34633",
    "RawText": "할인쿠폰을 사용해서 최저가로 저렴하게 잘 샀어요. 배송도 빠르고, 밥도 맛있게 잘 지어져요. 성능 좋아요.  디자인도 이쁜게 완전 마음에 들어요",
    "Source": "쇼핑몰",
    "Domain": "가전",
    "MainCategory": "주방가전",
    "ProductName": "트윈프레셔 쿠쿠전자 CRP-KHTS1060FD",
    "ReviewScore": "5",
    "Syllable": "80",
    "Word": "19",
    "RDate": "20210227",
    "GeneralPolarity": "1",
    "Aspects": [
      {
        "Aspect": "가격",
        "SentimentText": "할인쿠폰을 사용해서 최저가로 저렴하게 잘 샀어요. ",
        "SentimentWord": "6",
        "SentimentPolarity": "1"
      },
      {
        "Aspect": "기능",
        "SentimentText": "밥도 맛있게 잘 지어져요. 성능 좋아요. ",
        "SentimentWord": "6",
        "SentimentPolarity": "1"
      },
      {
        "Aspect": "디자인",
        "SentimentText": "디자인도 이쁜게 완전 마음에 들어요",
        "SentimentWord": "5",
        "SentimentPolarity": "1"
      }
    ]
  },
  {
    "Index": "34635",
    "RawText": "제품이 튼튼해 보여 만족합니다. 타사만 써봐서 터치식이 익숙치 않은게 조금 불편한감 있어요. 000도 유명하니 믿고 샀어요 성능이 좋아 밥 맛은 좋습니다.",
    "Source": "쇼핑몰",
    "Domain": "가전",
    "MainCategory": "주방가전",
    "ProductName": "트윈프레셔 쿠쿠전자 CRP-KHTS1060FD",
    "ReviewScore": "5",
    "Syllable": "86",
    "Word": "21",
    "RDate": "20220216",
    "GeneralPolarity": "0",
    "Aspects": [
      {
        "Aspect": "품질",
        "SentimentText": "제품이 튼튼해 보여 만족합니다.",
        "SentimentWord": "4",
        "SentimentPolarity": "1"
      },
      {
        "Aspect": "조작성",
        "SentimentText": " 터치식이 익숙치 않은게 조금 불편한감 있어요. ",
        "SentimentWord": "6",
        "SentimentPolarity": "-1"
      },
      {
        "Aspect": "제조일/제조사",
        "SentimentText": " 000도 유명하니 믿고 샀어요",
        "SentimentWord": "4",
        "SentimentPolarity": "1"
      },
      {
        "Aspect": "기능",
        "SentimentText": "성능이 좋아 밥 맛은 좋습니다.",
        "SentimentWord": "5",
        "SentimentPolarity": "1"
      }
    ]
  },
  {
    "Index": "34637",
    "RawText": "시간 표시가 보온 중에만 표시되어서 별로예요 ㅠㅠ 전체 스탠 재질인 줄 알았는데 작은 부속은 플라스틱으로 되어있어 실망했어요",
    "Source": "쇼핑몰",
    "Domain": "가전",
    "MainCategory": "주방가전",
    "ProductName": "트윈프레셔 쿠쿠전자 CRP-KHTS1060FD",
    "ReviewScore": "4",
    "Syllable": "69",
    "Word": "17",
    "RDate": "20220430",
    "GeneralPolarity": "-1",
    "Aspects": [
      {
        "Aspect": "기능",
        "SentimentText": "시간 표시가 보온 중에만 표시되어서 별로예요 ㅠㅠ",
        "SentimentWord": "7",
        "SentimentPolarity": "-1"
      },
      {
        "Aspect": "소재",
        "SentimentText": "전체 스탠 재질인 줄 알았는데 작은 부속은 플라스틱으로 되어있어 실망했어요",
        "SentimentWord": "10",
        "SentimentPolarity": "-1"
      }
    ]
  },
  {
    "Index": "34638",
    "RawText": "포장상태 깨끗하게 잘 배송되어 왔어요.  제품 마감과 퀼리티 너무 좋고,, 타사비해 저렴한 가격으로 잘 구매했어요  이제까지 먹어본 밥맛중에서 최상입니다",
    "Source": "쇼핑몰",
    "Domain": "가전",
    "MainCategory": "주방가전",
    "ProductName": "트윈프레셔 쿠쿠전자 CRP-KHTS1060FD",
    "ReviewScore": "5",
    "Syllable": "85",
    "Word": "19",
    "RDate": "20210722",
    "Aspects": [
      {
        "Aspect": "품질",
        "SentimentText": "제품 마감과 퀼리티 너무 좋고,",
        "SentimentWord": "5",
        "SentimentPolarity": "1"
      },
      {
        "Aspect": "가격",
        "SentimentText": "타사비해 저렴한 가격으로 잘 구매했어요 ",
        "SentimentWord": "5",
        "SentimentPolarity": "1"
      },
      {
        "Aspect": "기능",
        "SentimentText": "이제까지 먹어본 밥맛중에서 최상입니다",
        "SentimentWord": "4",
        "SentimentPolarity": "1"
      }
    ]
  },
  {
    "Index": "34640",
    "RawText": "000는 우수한 품질에  믿고쓰는 제품이죠, 요즘 에네지 효율 1등급제품은 10%까지 환급해 주니 가격대비 최고입니다. 빨리 신청해야 겠어요.^^ 대박 나세요",
    "Source": "쇼핑몰",
    "Domain": "가전",
    "MainCategory": "주방가전",
    "ProductName": "트윈프레셔 쿠쿠전자 CRP-KHTS1060FD",
    "ReviewScore": "4",
    "Syllable": "88",
    "Word": "19",
    "RDate": "20200501",
    "GeneralPolarity": "1",
    "Aspects": [
      {
        "Aspect": "제조일/제조사",
        "SentimentText": "000는 우수한 품질에  믿고쓰는 제품이죠,",
        "SentimentWord": "5",
        "SentimentPolarity": "1"
      },
      {
        "Aspect": "가격",
        "SentimentText": "에네지 효율 1등급제품은 10%까지 환급해 주니 가격대비 최고입니다.",
        "SentimentWord": "8",
        "SentimentPolarity": "1"
      }
    ]
  },
  {
    "Index": "34641",
    "RawText": "제품 일부 외관에 흠집이 있네요 쓰는데 이상 없으나 기분은 썩 좋지 않아요~내솥도 좀 무거운 것 같은데 그냥 씁니다ㅜㅜ  막상 사용해 보면  밥도 잘되고 맛 있어요~~",
    "Source": "쇼핑몰",
    "Domain": "가전",
    "MainCategory": "주방가전",
    "ProductName": "트윈프레셔 쿠쿠전자 CRP-KHTS1060FD",
    "ReviewScore": "5",
    "Syllable": "93",
    "Word": "25",
    "RDate": "20200527",
    "GeneralPolarity": "0",
    "Aspects": [
      {
        "Aspect": "품질",
        "SentimentText": "제품 일부 외관에 흠집이 있네요 쓰는데 이상 없으나 기분은 썩 좋지 않아요~",
        "SentimentWord": "12",
        "SentimentPolarity": "-1"
      },
      {
        "Aspect": "무게",
        "SentimentText": "내솥도 좀 무거운 것 같은데 그냥 씁니다ㅜㅜ",
        "SentimentWord": "7",
        "SentimentPolarity": "-1"
      },
      {
        "Aspect": "품질",
        "SentimentText": "막상 사용해 보면  밥도 잘되고 맛 있어요~~  ",
        "SentimentWord": "7",
        "SentimentPolarity": "1"
      }
    ]
  },
  {
    "Index": "34643",
    "RawText": "할인행사로 더 저렴한 가격에 사서 마음에 들어요. 최근 출시된 제품이라 더 만족합니다.  두가지 압력기능으로 다양한 요리를 할수있어 요리하는 즐거움이 있네요 ㅎㅎ",
    "Source": "쇼핑몰",
    "Domain": "가전",
    "MainCategory": "주방가전",
    "ProductName": "트윈프레셔 쿠쿠전자 CRP-KHTS1060FD",
    "ReviewScore": "5",
    "Syllable": "90",
    "Word": "21",
    "RDate": "20211105",
    "GeneralPolarity": "1",
    "Aspects": [
      {
        "Aspect": "가격",
        "SentimentText": "할인행사로 더 저렴한 가격에 사서 마음에 들어요. ",
        "SentimentWord": "7",
        "SentimentPolarity": "1"
      },
      {
        "Aspect": "제조일/제조사",
        "SentimentText": "최근 출시된 제품이라 더 만족합니다.",
        "SentimentWord": "5",
        "SentimentPolarity": "1"
      },
      {
        "Aspect": "기능",
        "SentimentText": "두가지 압력기능으로 다양한 요리를 할수있어 요리하는 즐거움이 있네요 ㅎㅎ",
        "SentimentWord": "9",
        "SentimentPolarity": "1"
      }
    ]
  },
  {
    "Index": "34647",
    "RawText": "무압,고압 두가지 밥 맛 다  좋습니다, 디자인이 완전 예쁘게 잘 나왔어요.  새 제품이라 그런지 처음에 약간 플라스틱 냄새가 나서 불쾌했어요.",
    "Source": "쇼핑몰",
    "Domain": "가전",
    "MainCategory": "주방가전",
    "ProductName": "트윈프레셔 쿠쿠전자 더라이트 CRP-ST0610FW 일반구매",
    "ReviewScore": "4",
    "Syllable": "80",
    "Word": "20",
    "RDate": "20210415",
    "GeneralPolarity": "0",
    "Aspects": [
      {
        "Aspect": "기능",
        "SentimentText": "무압,고압 두가지 밥 맛 다  좋습니다, ",
        "SentimentWord": "6",
        "SentimentPolarity": "1"
      },
      {
        "Aspect": "디자인",
        "SentimentText": "디자인이 완전 예쁘게 잘 나왔어요. ",
        "SentimentWord": "5",
        "SentimentPolarity": "1"
      },
      {
        "Aspect": "품질",
        "SentimentText": "새 제품이라 그런지 처음에 약간 플라스틱 냄새가 나서 불쾌했어요.",
        "SentimentWord": "9",
        "SentimentPolarity": "-1"
      }
    ]
  },
  {
    "Index": "34648",
    "RawText": "오래 쓰던 밥솥이 코팅이 벗겨져 새로 샀어요. 신상이라서 디자인도 이쁘네요.   밥도 맛있게 잘 지어주는 우렁각시 같아요^^",
    "Source": "쇼핑몰",
    "Domain": "가전",
    "MainCategory": "주방가전",
    "ProductName": "트윈프레셔 쿠쿠전자 더라이트 CRP-ST0610FW 일반구매",
    "ReviewScore": "5",
    "Syllable": "69",
    "Word": "16",
    "RDate": "20220118",
    "GeneralPolarity": "1",
    "Aspects": [
      {
        "Aspect": "디자인",
        "SentimentText": "신상이라서 디자인도 이쁘네요. ",
        "SentimentWord": "3",
        "SentimentPolarity": "1"
      },
      {
        "Aspect": "품질",
        "SentimentText": " 밥도 맛있게 잘 지어주는 우렁각시 같아요^^ ",
        "SentimentWord": "6",
        "SentimentPolarity": "1"
      }
    ]
  },
  {
    "Index": "34649",
    "RawText": "대박! 쿠폰 있어  아주 싸게 구매 했어요! 10인용만 쓰다가 6인용으로 바꿨는데 사이즈 쪼꼬만 한게 참 귀여워요~~디자인도 깔끔해서 더 좋아요",
    "Source": "쇼핑몰",
    "Domain": "가전",
    "MainCategory": "주방가전",
    "ProductName": "트윈프레셔 쿠쿠전자 더라이트 CRP-ST0610FW 일반구매",
    "ReviewScore": "5",
    "Syllable": "80",
    "Word": "19",
    "RDate": "20220216",
    "GeneralPolarity": "1",
    "Aspects": [
      {
        "Aspect": "가격",
        "SentimentText": "대박! 쿠폰 있어  아주 싸게 구매 했어요!  ",
        "SentimentWord": "7",
        "SentimentPolarity": "1"
      },
      {
        "Aspect": "사이즈",
        "SentimentText": "10인용만 쓰다가 6인용으로 바꿨는데 사이즈 쪼꼬만 한게 참 귀여워요~~",
        "SentimentWord": "9",
        "SentimentPolarity": "1"
      },
      {
        "Aspect": "디자인",
        "SentimentText": "디자인도 깔끔해서 더 좋아요 ",
        "SentimentWord": "4",
        "SentimentPolarity": "1"
      }
    ]
  },
  {
    "Index": "34650",
    "RawText": "6인용 사이즈로 사길 잘했어요. 작고 앙증맞은게 이뻐요~~전기밥솥은 처음이라 조금 적응이 필요하네요 밥은 맛있게 잘 되요. 만족해요",
    "Source": "쇼핑몰",
    "Domain": "가전",
    "MainCategory": "주방가전",
    "ProductName": "트윈프레셔 쿠쿠전자 더라이트 CRP-ST0610FW 일반구매",
    "ReviewScore": "4",
    "Syllable": "73",
    "Word": "16",
    "RDate": "20220215",
    "GeneralPolarity": "1",
    "Aspects": [
      {
        "Aspect": "사이즈",
        "SentimentText": "6인용 사이즈로 사길 잘했어요. 작고 앙증맞은게 이뻐요~~",
        "SentimentWord": "7",
        "SentimentPolarity": "1"
      },
      {
        "Aspect": "기능",
        "SentimentText": "밥은 맛있게 잘 되요. 만족해요",
        "SentimentWord": "5",
        "SentimentPolarity": "1"
      }
    ]
  },
  {
    "Index": "34651",
    "RawText": "저희 네 식구 용으로 6인용 쓰기 충분한 용량이에요.디자인 진짜 심플하고 밥솥 아닌것 같아요 . 세상에나 음성 지원까지 되니 편해서 좋네요 . 밥맛도 꿀맛",
    "Source": "쇼핑몰",
    "Domain": "가전",
    "MainCategory": "주방가전",
    "ProductName": "트윈프레셔 쿠쿠전자 더라이트 CRP-ST0610FW 일반구매",
    "ReviewScore": "5",
    "Syllable": "86",
    "Word": "23",
    "RDate": "20220610",
    "GeneralPolarity": "1",
    "Aspects": [
      {
        "Aspect": "용량",
        "SentimentText": "저희 네 식구 용으로 6인용 쓰기 충분한 용량이에요.",
        "SentimentWord": "8",
        "SentimentPolarity": "1"
      },
      {
        "Aspect": "디자인",
        "SentimentText": "디자인 진짜 심플하고 밥솥 아닌것 같아요",
        "SentimentWord": "6",
        "SentimentPolarity": "1"
      },
      {
        "Aspect": "기능",
        "SentimentText": "세상에나 음성 지원까지 되니 편해서 좋네요 ",
        "SentimentWord": "6",
        "SentimentPolarity": "1"
      }
    ]
  },
  {
    "Index": "34652",
    "RawText": "000카드발급받고 착한가격에 잘 구매했어요.  화이트색상이 깔끔해서 더욱 잘 샀다 싶어요.  트윈기능으로 다양한 밥맛을  즐길수 있어 좋아요.",
    "Source": "쇼핑몰",
    "Domain": "가전",
    "MainCategory": "주방가전",
    "ProductName": "트윈프레셔 쿠쿠전자 더라이트 CRP-ST0610FW 일반구매",
    "ReviewScore": "5",
    "Syllable": "79",
    "Word": "16",
    "RDate": "20220504",
    "GeneralPolarity": "1",
    "Aspects": [
      {
        "Aspect": "가격",
        "SentimentText": "000카드발급받고 착한가격에 잘 구매했어요.",
        "SentimentWord": "4",
        "SentimentPolarity": "1"
      },
      {
        "Aspect": "색상",
        "SentimentText": "화이트색상이 깔끔해서 더욱 잘 샀다 싶어요. ",
        "SentimentWord": "6",
        "SentimentPolarity": "1"
      },
      {
        "Aspect": "기능",
        "SentimentText": "트윈기능으로 다양한 밥맛을  즐길수 있어 좋아요.",
        "SentimentWord": "6",
        "SentimentPolarity": "1"
      }
    ]
  },
  {
    "Index": "34653",
    "RawText": "가스만 사용 했는데 아이도 어려 위험도 하고 청소 하는것도  불편해  인덕션으로 구입했습니다. 일단 디자인이 심플하고 깔끔해서 좋았고.화력도 쎄 음식하는 속도도 빨라 아이랑 있을때 여유까지 있어요 ^^",
    "Source": "쇼핑몰",
    "Domain": "가전",
    "MainCategory": "주방가전",
    "ProductName": "트윈프레셔 쿠쿠전자 더라이트 CRP-ST0610FW 일반구매",
    "ReviewScore": "5",
    "Syllable": "112",
    "Word": "26",
    "RDate": "20220827",
    "GeneralPolarity": "1",
    "Aspects": [
      {
        "Aspect": "디자인",
        "SentimentText": "일단 디자인이 심플하고 깔끔해서 좋았고",
        "SentimentWord": "5",
        "SentimentPolarity": "1"
      },
      {
        "Aspect": "시간/속도",
        "SentimentText": "화력도 쎄 음식하는 속도도 빨라 아이랑 있을때 여유까지 있어요 ^^ ",
        "SentimentWord": "10",
        "SentimentPolarity": "1"
      }
    ]
  },
  {
    "Index": "34654",
    "RawText": "화이트 색상에 주방이 확~ 달라졌어요. 만족감 백프로요~ 구매한 다음날 가격이 떨어진건 뭔지.. 속상하네요 ㅠㅠ 디자인이 예쁜게 그나마 위안됩니다~",
    "Source": "쇼핑몰",
    "Domain": "가전",
    "MainCategory": "주방가전",
    "ProductName": "트윈프레셔 쿠쿠전자 더라이트 CRP-ST0610FW 일반구매",
    "ReviewScore": "5",
    "Syllable": "82",
    "Word": "18",
    "RDate": "20210217",
    "GeneralPolarity": "0",
    "Aspects": [
      {
        "Aspect": "색상",
        "SentimentText": "화이트 색상에 주방이 확~ 달라졌어요. 만족감 백프로요~",
        "SentimentWord": "7",
        "SentimentPolarity": "1"
      },
      {
        "Aspect": "디자인",
        "SentimentText": "디자인이 예쁜게 그나마 위안됩니다~",
        "SentimentWord": "4",
        "SentimentPolarity": "1"
      },
      {
        "Aspect": "가격",
        "SentimentText": "구매한 다음날 가격이 떨어진건 뭔지.. 속상하네요 ㅠㅠ",
        "SentimentWord": "7",
        "SentimentPolarity": "-1"
      }
    ]
  },
  {
    "Index": "34661",
    "RawText": "관리가 힘들까봐 화이트 색상 안 샀는데 화이트색 너무 이뻐요. 깨끗해 보이고 깔끔해서 디자인까지 이쁘게 보이네요.",
    "Source": "쇼핑몰",
    "Domain": "가전",
    "MainCategory": "주방가전",
    "ProductName": "트윈프레셔 쿠쿠전자 더라이트 CRP-ST0610FW 일반구매",
    "ReviewScore": "5",
    "Syllable": "63",
    "Word": "15",
    "RDate": "20210226",
    "GeneralPolarity": "1",
    "Aspects": [
      {
        "Aspect": "색상",
        "SentimentText": "관리가 힘들까봐 화이트 색상 안 샀는데 화이트색 너무 이뻐요 ",
        "SentimentWord": "9",
        "SentimentPolarity": "1"
      },
      {
        "Aspect": "디자인",
        "SentimentText": "깨끗해 보이고 깔끔해서 디자인까지 이쁘게 보이네요. ",
        "SentimentWord": "6",
        "SentimentPolarity": "1"
      }
    ]
  },
  {
    "Index": "34662",
    "RawText": "그레이색 걱정과 달리 색이 세련되었어요 디자인도 고급스럽고 이뻐 너무 잘 산 것 같아요 이사 후 쓸 예정 ^^;;",
    "Source": "쇼핑몰",
    "Domain": "가전",
    "MainCategory": "주방가전",
    "ProductName": "트윈프레셔 쿠쿠전자 더라이트 CRP-ST0610FW 일반구매",
    "ReviewScore": "5",
    "Syllable": "63",
    "Word": "18",
    "RDate": "20210427",
    "GeneralPolarity": "1",
    "Aspects": [
      {
        "Aspect": "색상",
        "SentimentText": "그레이색 걱정과 달리 색이 세련되었어요",
        "SentimentWord": "5",
        "SentimentPolarity": "1"
      },
      {
        "Aspect": "디자인",
        "SentimentText": " 디자인도 고급스럽고 이뻐 너무 잘 산 것 같아요",
        "SentimentWord": "8",
        "SentimentPolarity": "1"
      }
    ]
  },
  {
    "Index": "34663",
    "RawText": "쓰던 밥통이 고장나서 새로 샀어요. 가장 핫한 000로 산게 마음에 듭니다 ~ 디자인이 둥글둥글 미니멀한게 예뻐요!! 화이트색상도 주방을 돋보이는게 하는데 한몫하네요.",
    "Source": "쇼핑몰",
    "Domain": "가전",
    "MainCategory": "주방가전",
    "ProductName": "트윈프레셔 쿠쿠전자 더라이트 CRP-ST0610FW 일반구매",
    "ReviewScore": "5",
    "Syllable": "93",
    "Word": "21",
    "RDate": "20210925",
    "GeneralPolarity": "1",
    "Aspects": [
      {
        "Aspect": "제조일/제조사",
        "SentimentText": "가장 핫한 000로 산게 마음에 듭니다 ~ ",
        "SentimentWord": "7",
        "SentimentPolarity": "1"
      },
      {
        "Aspect": "디자인",
        "SentimentText": "디자인이 둥글둥글 미니멀한게 예뻐요!!",
        "SentimentWord": "4",
        "SentimentPolarity": "1"
      },
      {
        "Aspect": "색상",
        "SentimentText": "화이트색상도 주방을 돋보이는게 하는데 한몫하네요.",
        "SentimentWord": "5",
        "SentimentPolarity": "1"
      }
    ]
  },
  {
    "Index": "34664",
    "RawText": "6인용인데 기존쓰던 10인용 모델이랑 용량 차이가 별로 나지 않아 좋아요. 그런데 내솥이 좀 부실해 보이고 얇아서 조금 걱정됩니다. 그래도 밥은 잘 되서 천만다행이예요",
    "Source": "쇼핑몰",
    "Domain": "가전",
    "MainCategory": "주방가전",
    "ProductName": "트윈프레셔 쿠쿠전자 더라이트 CRP-ST0610FW 일반구매",
    "ReviewScore": "4",
    "Syllable": "93",
    "Word": "23",
    "RDate": "20211218",
    "Aspects": [
      {
        "Aspect": "용량",
        "SentimentText": "6인용인데 기존쓰던 10인용 모델이랑 용량 차이가 별로 나지 않아 좋아요",
        "SentimentWord": "10",
        "SentimentPolarity": "1"
      },
      {
        "Aspect": "내구성",
        "SentimentText": "그런데 내솥이 좀 부실해 보이고 얇아서 조금 걱정됩니다. ",
        "SentimentWord": "8",
        "SentimentPolarity": "-1"
      },
      {
        "Aspect": "기능",
        "SentimentText": "그래도 밥은 잘 되서 천만다행이예요 ",
        "SentimentWord": "5",
        "SentimentPolarity": "1"
      }
    ]
  },
  {
    "Index": "34667",
    "RawText": "모델 디자인 너무 깔끔하고 사이즈도 적당해 공간 차지도 많이 안해서  좋습니다.  밥맛도 물론 끝내주고요 대만족!",
    "Source": "쇼핑몰",
    "Domain": "가전",
    "MainCategory": "주방가전",
    "ProductName": "트윈프레셔 쿠쿠전자 더라이트 CRP-ST0610FW 일반구매",
    "ReviewScore": "5",
    "Syllable": "63",
    "Word": "15",
    "RDate": "20211126",
    "GeneralPolarity": "1",
    "Aspects": [
      {
        "Aspect": "디자인",
        "SentimentText": "모델 디자인 너무 깔끔하고 ",
        "SentimentWord": "4",
        "SentimentPolarity": "1"
      },
      {
        "Aspect": "사이즈",
        "SentimentText": "사이즈도 적당해 공간 차지도 많이 안해서  좋습니다. ",
        "SentimentWord": "7",
        "SentimentPolarity": "1"
      }
    ]
  },
  {
    "Index": "34670",
    "RawText": "디자인 화사해서 넘넘 이뻐용~!! 밥도 넘 맛있고 밥도 저보다 잘해요. 역시ㅇㅇㅇ가 최고",
    "Source": "쇼핑몰",
    "Domain": "가전",
    "MainCategory": "주방가전",
    "ProductName": "트윈프레셔 쿠쿠전자 더라이트 CRP-ST0610FW 일반구매",
    "ReviewScore": "5",
    "Syllable": "49",
    "Word": "12",
    "RDate": "20210204",
    "Aspects": [
      {
        "Aspect": "디자인",
        "SentimentText": "디자인 화사해서 넘넘 이뻐용~!! ",
        "SentimentWord": "4",
        "SentimentPolarity": "1"
      },
      {
        "Aspect": "기능",
        "SentimentText": "밥도 넘 맛있고 밥도 저보다 잘해요",
        "SentimentWord": "6",
        "SentimentPolarity": "1"
      },
      {
        "Aspect": "제조일/제조사",
        "SentimentText": "역시ㅇㅇㅇ가 최고 ",
        "SentimentWord": "2",
        "SentimentPolarity": "1"
      }
    ]
  },
  {
    "Index": "34673",
    "RawText": "고민만 수백번 만에 이제 바꿨어요. 기능이 참 다양하고 많아 완전 신세계~ 색상까지도 왜 이렇게 이쁠까요~",
    "Source": "쇼핑몰",
    "Domain": "가전",
    "MainCategory": "주방가전",
    "ProductName": "트윈프레셔 쿠쿠전자 더라이트 CRP-ST0610FW 일반구매",
    "ReviewScore": "5",
    "Syllable": "59",
    "Word": "15",
    "RDate": "20220223",
    "GeneralPolarity": "1",
    "Aspects": [
      {
        "Aspect": "기능",
        "SentimentText": "기능이 참 다양하고 많아 완전 신세계~ ",
        "SentimentWord": "6",
        "SentimentPolarity": "1"
      },
      {
        "Aspect": "색상",
        "SentimentText": "색상까지도 왜 이렇게 이쁠까요~ ",
        "SentimentWord": "4",
        "SentimentPolarity": "1"
      }
    ]
  },
  {
    "Index": "34675",
    "RawText": "디자인 말해 뭐해 너무 깔끔하고 이쁘잖아요. 밥도 잘해 밥맛까지 끝내줍니다",
    "Source": "쇼핑몰",
    "Domain": "가전",
    "MainCategory": "주방가전",
    "ProductName": "트윈프레셔 쿠쿠전자 더라이트 CRP-ST0610FW 일반구매",
    "ReviewScore": "5",
    "Syllable": "41",
    "Word": "10",
    "RDate": "20220118",
    "Aspects": [
      {
        "Aspect": "디자인",
        "SentimentText": "디자인 말해 뭐해 너무 깔끔하고 이쁘잖아요. ",
        "SentimentWord": "6",
        "SentimentPolarity": "1"
      },
      {
        "Aspect": "기능",
        "SentimentText": "밥도 잘해 밥맛까지 끝내줍니다 ",
        "SentimentWord": "4",
        "SentimentPolarity": "1"
      }
    ]
  },
  {
    "Index": "34676",
    "RawText": "부드러운 곡선의 디자인이 완전 마음에 들어요 뚜껑 열때  갑자기 확!!!열리는 건 좀 아닌듯해요ㅠㅠ  밥은 잘되는 편이라 만족합니다.",
    "Source": "쇼핑몰",
    "Domain": "가전",
    "MainCategory": "주방가전",
    "ProductName": "트윈프레셔 쿠쿠전자 더라이트 CRP-ST0610FW 일반구매",
    "ReviewScore": "5",
    "Syllable": "74",
    "Word": "17",
    "RDate": "20220306",
    "GeneralPolarity": "0",
    "Aspects": [
      {
        "Aspect": "디자인",
        "SentimentText": "부드러운 곡선의 디자인이 완전 마음에 들어요 ",
        "SentimentWord": "6",
        "SentimentPolarity": "1"
      },
      {
        "Aspect": "품질",
        "SentimentText": "뚜껑 열때  갑자기 확!!!열리는건  좀 아닌듯해요ㅠㅠ ",
        "SentimentWord": "6",
        "SentimentPolarity": "-1"
      },
      {
        "Aspect": "기능",
        "SentimentText": "밥은 잘되는 편이라 만족합니다.",
        "SentimentWord": "4",
        "SentimentPolarity": "1"
      }
    ]
  },
  {
    "Index": "34677",
    "RawText": "기대 이상으로 디자인이 이뻐요. 근데 품질이 좀 아쉬운게 밥맛이 그냥 그래서 실망했어요 . 너무 기대한듯",
    "Source": "쇼핑몰",
    "Domain": "가전",
    "MainCategory": "주방가전",
    "ProductName": "트윈프레셔 쿠쿠전자 더라이트 CRP-ST0610FW 일반구매",
    "ReviewScore": "4",
    "Syllable": "58",
    "Word": "15",
    "RDate": "20220114",
    "GeneralPolarity": "0",
    "Aspects": [
      {
        "Aspect": "디자인",
        "SentimentText": "기대 이상으로 디자인이 이뻐요 ",
        "SentimentWord": "4",
        "SentimentPolarity": "1"
      },
      {
        "Aspect": "품질",
        "SentimentText": " 근데 품질이 좀 아쉬운게 밥맛이 그냥 그래서 실망했어요 ",
        "SentimentWord": "8",
        "SentimentPolarity": "-1"
      }
    ]
  },
  {
    "Index": "34678",
    "RawText": "심플한 디자인에 색상까지도 깔끔한 화이트라 이뻐요. 모두 아는 ㅇㅇㅇ 품질 믿고 써요",
    "Source": "쇼핑몰",
    "Domain": "가전",
    "MainCategory": "주방가전",
    "ProductName": "트윈프레셔 쿠쿠전자 더라이트 CRP-ST0610FW 일반구매",
    "ReviewScore": "5",
    "Syllable": "47",
    "Word": "12",
    "RDate": "20210208",
    "GeneralPolarity": "1",
    "Aspects": [
      {
        "Aspect": "디자인",
        "SentimentText": "심플한 디자인에 색상까지도 깔끔한 화이트라 이뻐요",
        "SentimentWord": "6",
        "SentimentPolarity": "1"
      },
      {
        "Aspect": "색상",
        "SentimentText": " 색상까지도 깔끔한 화이트라 이뻐요",
        "SentimentWord": "4",
        "SentimentPolarity": "1"
      },
      {
        "Aspect": "제조일/제조사",
        "SentimentText": "모두 아는 ㅇㅇㅇ 품질 믿고 써요 ",
        "SentimentWord": "6",
        "SentimentPolarity": "1"
      }
    ]
  },
  {
    "Index": "34679",
    "RawText": "디자인이 심플하고 예쁘게 너무 잘 빠졌어요. ㅎㅎ 5~6인용으로 넉넉한 사이즈 입니다. 강한 고압 성능에 밥도 맛있게 잘 되네요 압력 밥솥은 단연 000죠. 이름값합니다",
    "Source": "쇼핑몰",
    "Domain": "가전",
    "MainCategory": "주방가전",
    "ProductName": "트윈프레셔 쿠쿠전자 더라이트 CRP-ST0610FW 일반구매",
    "ReviewScore": "5",
    "Syllable": "94",
    "Word": "23",
    "RDate": "20220325",
    "GeneralPolarity": "1",
    "Aspects": [
      {
        "Aspect": "디자인",
        "SentimentText": "디자인이 심플하고 예쁘게 너무 잘 빠졌어요. ㅎㅎ",
        "SentimentWord": "7",
        "SentimentPolarity": "1"
      },
      {
        "Aspect": "용량",
        "SentimentText": "5~6인용으로 넉넉한 사이즈 입니다. ",
        "SentimentWord": "4",
        "SentimentPolarity": "1"
      },
      {
        "Aspect": "기능",
        "SentimentText": "강한 고압 성능에 밥도 맛있게 잘 되네요",
        "SentimentWord": "7",
        "SentimentPolarity": "1"
      },
      {
        "Aspect": "제조일/제조사",
        "SentimentText": "압력 밥솥은 단연 000죠. 이름값합니다",
        "SentimentWord": "5",
        "SentimentPolarity": "1"
      }
    ]
  },
  {
    "Index": "34680",
    "RawText": "일단 디자인 갈끔하고 이뻐서 저한테 합격했어요.ㅎㅎ 기능도 고압이랑  무압 둘다 되니 일석이조 같아요",
    "Source": "쇼핑몰",
    "Domain": "가전",
    "MainCategory": "주방가전",
    "ProductName": "트윈프레셔 쿠쿠전자 더라이트 CRP-ST0610FW 일반구매",
    "ReviewScore": "5",
    "Syllable": "56",
    "Word": "13",
    "RDate": "20210913",
    "GeneralPolarity": "1",
    "Aspects": [
      {
        "Aspect": "디자인",
        "SentimentText": "일단 디자인 갈끔하고 이뻐서 저한테 합격했어요.ㅎㅎ",
        "SentimentWord": "6",
        "SentimentPolarity": "1"
      },
      {
        "Aspect": "기능",
        "SentimentText": " 기능도 고압이랑  무압 둘다 되니 일석이조 같아요 ",
        "SentimentWord": "7",
        "SentimentPolarity": "1"
      }
    ]
  },
  {
    "Index": "34681",
    "RawText": "아주 맘에드는 디자인 입니다. 심플하거든요.근데  내솥이 좀 얇아서 그건 좀 실망스럽네요",
    "Source": "쇼핑몰",
    "Domain": "가전",
    "MainCategory": "주방가전",
    "ProductName": "트윈프레셔 쿠쿠전자 더라이트 CRP-ST0610FW 일반구매",
    "ReviewScore": "5",
    "Syllable": "49",
    "Word": "11",
    "RDate": "20220817",
    "GeneralPolarity": "0",
    "Aspects": [
      {
        "Aspect": "디자인",
        "SentimentText": "아주 맘에드는 디자인 입니다. 심플하거든요",
        "SentimentWord": "5",
        "SentimentPolarity": "1"
      },
      {
        "Aspect": "사이즈",
        "SentimentText": " 내솥이 좀 얇아서 그건 좀 실망스럽네요 ",
        "SentimentWord": "6",
        "SentimentPolarity": "-1"
      }
    ]
  },
  {
    "Index": "34683",
    "RawText": "디자인이야 화면처럼  깔끔하고 이뻐요. 아침밥했는데  찰지고 맛있게 밥이 잘 되었어요.  대만족",
    "Source": "쇼핑몰",
    "Domain": "가전",
    "MainCategory": "주방가전",
    "ProductName": "트윈프레셔 쿠쿠전자 더라이트 CRP-ST0610FW 일반구매",
    "ReviewScore": "5",
    "Syllable": "53",
    "Word": "11",
    "RDate": "20210716",
    "GeneralPolarity": "1",
    "Aspects": [
      {
        "Aspect": "디자인",
        "SentimentText": "디자인이야 화면처럼  깔끔하고 이뻐요. ",
        "SentimentWord": "4",
        "SentimentPolarity": "1"
      },
      {
        "Aspect": "품질",
        "SentimentText": "아침밥했는데  찰지고 맛있게 밥이 잘 되었어요.  대만족",
        "SentimentWord": "7",
        "SentimentPolarity": "1"
      }
    ]
  },
  {
    "Index": "34684",
    "RawText": "디자인 이뻐 밥통만 바꿔는데 주방 분위기가 달라졌어요. 밥도 똑똑하게 잘해 맛도 좋아요",
    "Source": "쇼핑몰",
    "Domain": "가전",
    "MainCategory": "주방가전",
    "ProductName": "트윈프레셔 쿠쿠전자 더라이트 CRP-ST0610FW 일반구매",
    "ReviewScore": "5",
    "Syllable": "48",
    "Word": "12",
    "RDate": "20211005",
    "GeneralPolarity": "1",
    "Aspects": [
      {
        "Aspect": "디자인",
        "SentimentText": "디자인 이뻐 밥통만 바꿔는데 주방 분위기가 달라졌어요.",
        "SentimentWord": "7",
        "SentimentPolarity": "1"
      },
      {
        "Aspect": "품질",
        "SentimentText": "밥도 똑똑하게 잘해 맛도 좋아요 ",
        "SentimentWord": "5",
        "SentimentPolarity": "1"
      }
    ]
  },
  {
    "Index": "34685",
    "RawText": "역시 ㅇㅇㅇ라 밥 잘되고 맛있어요! 밥솥 같지 않은 디자인 너무 러블리해요.",
    "Source": "쇼핑몰",
    "Domain": "가전",
    "MainCategory": "주방가전",
    "ProductName": "트윈프레셔 쿠쿠전자 더라이트 CRP-ST0610FW 일반구매",
    "ReviewScore": "5",
    "Syllable": "42",
    "Word": "11",
    "RDate": "20210311",
    "GeneralPolarity": "1",
    "Aspects": [
      {
        "Aspect": "제조일/제조사",
        "SentimentText": "역시 ㅇㅇㅇ라 밥 잘되고 맛있어요",
        "SentimentWord": "5",
        "SentimentPolarity": "1"
      },
      {
        "Aspect": "디자인",
        "SentimentText": " 밥솥 같지 않은 디자인 너무 러블리해요. ",
        "SentimentWord": "6",
        "SentimentPolarity": "1"
      }
    ]
  },
  {
    "Index": "34686",
    "RawText": "러블리한 디자인 보고 반해 구매까지 했네요. 신상 제품인데 기존 쓰던 압력밥솥이랑 밥 맛은 별 차이 않나 아쉽네요",
    "Source": "쇼핑몰",
    "Domain": "가전",
    "MainCategory": "주방가전",
    "ProductName": "트윈프레셔 쿠쿠전자 더라이트 CRP-ST0610FW 일반구매",
    "ReviewScore": "5",
    "Syllable": "63",
    "Word": "17",
    "RDate": "20210226",
    "GeneralPolarity": "0",
    "Aspects": [
      {
        "Aspect": "디자인",
        "SentimentText": "러블리한 디자인 보고 반해 구매까지 했네요.",
        "SentimentWord": "6",
        "SentimentPolarity": "1"
      },
      {
        "Aspect": "품질",
        "SentimentText": " 신상 제품인데 기존 쓰던 압력밥솥이랑 밥 맛은 별 차이 않나 아쉽네요",
        "SentimentWord": "11",
        "SentimentPolarity": "-1"
      }
    ]
  },
  {
    "Index": "34687",
    "RawText": "깜찍하니 세상 사랑스러운 디자인이네요. 사이즈도 크지 않아 자리도 많이 안 차지해요. 밥도 확실하게 잘해요! 저보다 더요ㅎㅎ",
    "Source": "쇼핑몰",
    "Domain": "가전",
    "MainCategory": "주방가전",
    "ProductName": "트윈프레셔 쿠쿠전자 더라이트 CRP-ST0610FW 일반구매",
    "ReviewScore": "5",
    "Syllable": "69",
    "Word": "16",
    "RDate": "20220211",
    "GeneralPolarity": "1",
    "Aspects": [
      {
        "Aspect": "디자인",
        "SentimentText": "깜찍하니 세상 사랑스러운 디자인이네요",
        "SentimentWord": "4",
        "SentimentPolarity": "1"
      },
      {
        "Aspect": "사이즈",
        "SentimentText": " 사이즈도 크지 않아 자리도 많이 안 차지해요. ",
        "SentimentWord": "7",
        "SentimentPolarity": "1"
      },
      {
        "Aspect": "품질",
        "SentimentText": "밥도 확실하게 잘해요! 저보다 더요ㅎㅎ",
        "SentimentWord": "5",
        "SentimentPolarity": "1"
      }
    ]
  },
  {
    "Index": "34688",
    "RawText": "디자인은 심플해서 좋았는데.. 기존에 쓰던 제품에 비해 기능 사양이 매우 떨어져 실망입니다. 열선 있는 쪽도 좀 허접하고 내솥도 얇아 구매 후회 중입니다. 실물을 봤다면 안 샀어요. 그리고 후기처럼 뚜껑을 열면 몸체가 흔들려 매우 위험해 보여요",
    "Source": "쇼핑몰",
    "Domain": "가전",
    "MainCategory": "주방가전",
    "ProductName": "트윈프레셔 쿠쿠전자 더라이트 CRP-ST0610FW 일반구매",
    "ReviewScore": "5",
    "Syllable": "136",
    "Word": "35",
    "RDate": "20210213",
    "GeneralPolarity": "-1",
    "Aspects": [
      {
        "Aspect": "디자인",
        "SentimentText": "디자인은 심플해서 좋았는데.. ",
        "SentimentWord": "3",
        "SentimentPolarity": "1"
      },
      {
        "Aspect": "기능",
        "SentimentText": "기존에 쓰던 제품에 비해 기능 사양이 매우 떨어져 실망입니다",
        "SentimentWord": "9",
        "SentimentPolarity": "-1"
      },
      {
        "Aspect": "품질",
        "SentimentText": "열선 있는 쪽도 좀 허접하고 내솥도 얇아 구매 후회 중입니다. ",
        "SentimentWord": "10",
        "SentimentPolarity": "-1"
      },
      {
        "Aspect": "사이즈",
        "SentimentText": "내솥도 얇아 구매 후회 중입니다. ",
        "SentimentWord": "5",
        "SentimentPolarity": "-1"
      },
      {
        "Aspect": "품질",
        "SentimentText": "그리고 후기처럼 뚜껑을 열면 몸체가 흔들려 매우 위험해 보여요",
        "SentimentWord": "9",
        "SentimentPolarity": "-1"
      }
    ]
  },
  {
    "Index": "34689",
    "RawText": "화면보다 실물 디자인이 더 이쁘고 아름다워요. 6인용 샀는데 1인 가구가 써도 충분한 용량이에요",
    "Source": "쇼핑몰",
    "Domain": "가전",
    "MainCategory": "주방가전",
    "ProductName": "트윈프레셔 쿠쿠전자 더라이트 CRP-ST0610FW 일반구매",
    "ReviewScore": "5",
    "Syllable": "53",
    "Word": "13",
    "RDate": "20220223",
    "GeneralPolarity": "1",
    "Aspects": [
      {
        "Aspect": "디자인",
        "SentimentText": "화면보다 실물 디자인이 더 이쁘고 아름다워요. ",
        "SentimentWord": "6",
        "SentimentPolarity": "1"
      },
      {
        "Aspect": "용량",
        "SentimentText": "6인용 샀는데 1인 가구가 써도 충분한 용량이에요",
        "SentimentWord": "7",
        "SentimentPolarity": "1"
      }
    ]
  },
  {
    "Index": "34690",
    "RawText": "밥솥 디자인 왜이렇게 우아하니 이쁠수가 있죠! 고압이랑 무압 두가지 기능있어 좋고 고압으로 밥하니 확실히 맛있어요^^",
    "Source": "쇼핑몰",
    "Domain": "가전",
    "MainCategory": "주방가전",
    "ProductName": "트윈프레셔 쿠쿠전자 더라이트 CRP-ST0610FW 일반구매",
    "ReviewScore": "5",
    "Syllable": "65",
    "Word": "15",
    "RDate": "20220511",
    "GeneralPolarity": "1",
    "Aspects": [
      {
        "Aspect": "디자인",
        "SentimentText": "밥솥 디자인 왜이렇게 우아하니 이쁠수가 있죠!",
        "SentimentWord": "6",
        "SentimentPolarity": "1"
      },
      {
        "Aspect": "기능",
        "SentimentText": "고압이랑 무압 두가지 기능있어  좋고 고압으로 밥하니 확실히 맛있어요^^",
        "SentimentWord": "9",
        "SentimentPolarity": "1"
      }
    ]
  },
  {
    "Index": "34691",
    "RawText": "화면 보고 디자인 한눈에 반해 샀어요. 무압이랑 고압 둘다 되 백미부터 이유식까지 다 써봤는데 정말 신세계네요",
    "Source": "쇼핑몰",
    "Domain": "가전",
    "MainCategory": "주방가전",
    "ProductName": "트윈프레셔 쿠쿠전자 더라이트 CRP-ST0610FW 일반구매",
    "ReviewScore": "5",
    "Syllable": "61",
    "Word": "16",
    "RDate": "20210201",
    "GeneralPolarity": "1",
    "Aspects": [
      {
        "Aspect": "디자인",
        "SentimentText": "화면 보고 디자인 한눈에 반해 샀어요",
        "SentimentWord": "6",
        "SentimentPolarity": "1"
      },
      {
        "Aspect": "기능",
        "SentimentText": "무압이랑 고압 둘다 되 백미부터 이유식까지 다 써봤는데 정말 신세계네요",
        "SentimentWord": "10",
        "SentimentPolarity": "1"
      }
    ]
  },
  {
    "Index": "34692",
    "RawText": "디자인보고 깔끔하고 이뻐 샀어요.. 그런데 계속 밥 밑에 누룽지가 생기니깐 너무 안 좋아요.",
    "Source": "쇼핑몰",
    "Domain": "가전",
    "MainCategory": "주방가전",
    "ProductName": "트윈프레셔 쿠쿠전자 더라이트 CRP-ST0610FW 일반구매",
    "ReviewScore": "5",
    "Syllable": "51",
    "Word": "13",
    "RDate": "20210412",
    "GeneralPolarity": "0",
    "Aspects": [
      {
        "Aspect": "디자인",
        "SentimentText": "디자인보고 깔끔하고 이뻐 샀어요.. ",
        "SentimentWord": "4",
        "SentimentPolarity": "1"
      },
      {
        "Aspect": "품질",
        "SentimentText": "그런데 계속 밥 밑에 누룽지가 생기니깐 너무 안 좋아요.",
        "SentimentWord": "9",
        "SentimentPolarity": "-1"
      }
    ]
  },
  {
    "Index": "34693",
    "RawText": "디자인은 참 이쁩니다. 그런데 품질 문제인지 밥이 맛이 없어요. 현재 교환 신청한 상태인데  제발 밥맛이 좋았으면 하네요",
    "Source": "쇼핑몰",
    "Domain": "가전",
    "MainCategory": "주방가전",
    "ProductName": "트윈프레셔 쿠쿠전자 더라이트 CRP-ST0610FW 일반구매",
    "ReviewScore": "5",
    "Syllable": "67",
    "Word": "17",
    "RDate": "20220517",
    "GeneralPolarity": "-1",
    "Aspects": [
      {
        "Aspect": "디자인",
        "SentimentText": "디자인은 참 이쁩니다",
        "SentimentWord": "3",
        "SentimentPolarity": "1"
      },
      {
        "Aspect": "품질",
        "SentimentText": "그런데 품질 문제인지 밥이 맛이 없어요.",
        "SentimentWord": "6",
        "SentimentPolarity": "-1"
      }
    ]
  },
  {
    "Index": "34694",
    "RawText": "밥솥 디자인이 우아해*^^* 음성기능까지 있어 음성으로 알려 주니 세상 편해요. 밥맛도 최고예요",
    "Source": "쇼핑몰",
    "Domain": "가전",
    "MainCategory": "주방가전",
    "ProductName": "트윈프레셔 쿠쿠전자 더라이트 CRP-ST0610FW 일반구매",
    "ReviewScore": "5",
    "Syllable": "53",
    "Word": "12",
    "RDate": "20211227",
    "GeneralPolarity": "1",
    "Aspects": [
      {
        "Aspect": "디자인",
        "SentimentText": "밥솥 디자인이 우아해*^^*",
        "SentimentWord": "3",
        "SentimentPolarity": "1"
      },
      {
        "Aspect": "기능",
        "SentimentText": "음성기능까지 있어 음성으로 알려 주니 세상 편해요",
        "SentimentWord": "7",
        "SentimentPolarity": "1"
      }
    ]
  },
  {
    "Index": "34695",
    "RawText": "자취하는 딸아이가 쓸꺼라 디자인도 신경써서 골랐는데 딸이 좋아 하네요 밥맛도 괜찮은데 설명서가 자세히 기재되지 않아 보고 사용하기 불편해요",
    "Source": "쇼핑몰",
    "Domain": "가전",
    "MainCategory": "주방가전",
    "ProductName": "트윈프레셔 쿠쿠전자 더라이트 CRP-ST0610FW 일반구매",
    "ReviewScore": "5",
    "Syllable": "77",
    "Word": "18",
    "RDate": "20210419",
    "GeneralPolarity": "0",
    "Aspects": [
      {
        "Aspect": "디자인",
        "SentimentText": "자취하는 딸아이가 쓸꺼라 디자인도 신경써서 골랐는데 딸이 좋아 하네요 ",
        "SentimentWord": "9",
        "SentimentPolarity": "1"
      },
      {
        "Aspect": "편의성",
        "SentimentText": "설명서가 자세히 기재되지 않아 보고 사용하기 불편해요 ",
        "SentimentWord": "7",
        "SentimentPolarity": "-1"
      }
    ]
  },
  {
    "Index": "34697",
    "RawText": "디자인 중 뚜껑 부분이 마음에 안들어요 너무 투박해 보여요 ㅡㅡ; 그리고 생각 외로 덩치도 커서 자리도 많이 차지해요!",
    "Source": "쇼핑몰",
    "Domain": "가전",
    "MainCategory": "주방가전",
    "ProductName": "트윈프레셔 쿠쿠전자 더라이트 CRP-ST0610FW 일반구매",
    "ReviewScore": "4",
    "Syllable": "66",
    "Word": "18",
    "RDate": "20210328",
    "GeneralPolarity": "-1",
    "Aspects": [
      {
        "Aspect": "디자인",
        "SentimentText": "디자인중 뚜껑 부분이 마음에 안들어요 너무 투박해 보여요 ㅡㅡ; ",
        "SentimentWord": "9",
        "SentimentPolarity": "-1"
      },
      {
        "Aspect": "사이즈",
        "SentimentText": "그리고 생각 외로 덩치도 커서 자리도 많이 차지해요! ",
        "SentimentWord": "8",
        "SentimentPolarity": "-1"
      }
    ]
  },
  {
    "Index": "34698",
    "RawText": "뚜껑을 열 때 작은 원형 버튼을 눌러야 하는데 전 좀 번거로워서 별로예요. 그나마 디자인이 이쁘고 마음에 들어 그냥 참고 씁니다. 기존 쓰던 밥솥에 비해 이 제품 내솥에 밥알이 잘 들어붙어 아주 별로예요. 불량일까요?",
    "Source": "쇼핑몰",
    "Domain": "가전",
    "MainCategory": "주방가전",
    "ProductName": "트윈프레셔 쿠쿠전자 더라이트 CRP-ST0610FW 일반구매",
    "ReviewScore": "3",
    "Syllable": "121",
    "Word": "33",
    "RDate": "20211118",
    "GeneralPolarity": "-1",
    "Aspects": [
      {
        "Aspect": "조작성",
        "SentimentText": "뚜껑을 열 때 작은 원형 버튼을 눌러야 하는데 전 좀 번거로워서 별로예요.",
        "SentimentWord": "12",
        "SentimentPolarity": "-1"
      },
      {
        "Aspect": "디자인",
        "SentimentText": "그나마 디자인이 이쁘고 마음에 들어 그냥 참고 씁니다.",
        "SentimentWord": "8",
        "SentimentPolarity": "1"
      },
      {
        "Aspect": "품질",
        "SentimentText": "기존 쓰던 밥솥에 비해 이 제품 내솥에 밥알이 잘 들어붙어 아주 별로예요",
        "SentimentWord": "12",
        "SentimentPolarity": "-1"
      }
    ]
  },
  {
    "Index": "34699",
    "RawText": "제품 가격이 저렴해서 좋았습니다. 신상 디자인이라 깔끔하고 고급스러워 부모님 선물로 드렸는데 좋아하세요",
    "Source": "쇼핑몰",
    "Domain": "가전",
    "MainCategory": "주방가전",
    "ProductName": "트윈프레셔 쿠쿠전자 더라이트 CRP-ST0610FW 일반구매",
    "ReviewScore": "5",
    "Syllable": "57",
    "Word": "12",
    "RDate": "20210511",
    "GeneralPolarity": "1",
    "Aspects": [
      {
        "Aspect": "가격",
        "SentimentText": "제품 가격이 저렴해서 좋았습니다.",
        "SentimentWord": "4",
        "SentimentPolarity": "1"
      },
      {
        "Aspect": "디자인",
        "SentimentText": "신상 디자인이라 깔끔하고 고급스러워 부모님 선물로 드렸는데 좋아하세요  ",
        "SentimentWord": "8",
        "SentimentPolarity": "1"
      }
    ]
  },
  {
    "Index": "34701",
    "RawText": "내솥이랑 열판이 참 허접하고 싼티나 가격대비 아주 저렴해 보입니다. 밥솥 디자인만 심플하고 이뻐요    ",
    "Source": "쇼핑몰",
    "Domain": "가전",
    "MainCategory": "주방가전",
    "ProductName": "트윈프레셔 쿠쿠전자 더라이트 CRP-ST0610FW 일반구매",
    "ReviewScore": "5",
    "Syllable": "58",
    "Word": "13",
    "RDate": "20220706",
    "GeneralPolarity": "-1",
    "Aspects": [
      {
        "Aspect": "품질",
        "SentimentText": "내솥이랑 열판이 참 허접하고 싼티나 가격대비 아주 저렴해 보입니다.",
        "SentimentWord": "9",
        "SentimentPolarity": "-1"
      },
      {
        "Aspect": "디자인",
        "SentimentText": "밥솥 디자인만 심플하고 이뻐요  ",
        "SentimentWord": "4",
        "SentimentPolarity": "1"
      }
    ]
  },
  {
    "Index": "34702",
    "RawText": "디자인 세련되게 무광 화이트라 넘 이뻐요. 기능까지 많네요 ^^ 아직 사용 전이지만 생각보다 무게감이 좀 있어 무겁네요",
    "Source": "쇼핑몰",
    "Domain": "가전",
    "MainCategory": "주방가전",
    "ProductName": "트윈프레셔 쿠쿠전자 더라이트 CRP-ST0610FW 일반구매",
    "ReviewScore": "5",
    "Syllable": "66",
    "Word": "17",
    "RDate": "20210315",
    "Aspects": [
      {
        "Aspect": "디자인",
        "SentimentText": "디자인 세련되게 무광 화이트라 넘 이뻐요",
        "SentimentWord": "6",
        "SentimentPolarity": "1"
      },
      {
        "Aspect": "기능",
        "SentimentText": "기능까지 많네요 ^^ ",
        "SentimentWord": "3",
        "SentimentPolarity": "1"
      },
      {
        "Aspect": "무게",
        "SentimentText": "생각보다 무게감이 좀 있어 무겁네요 ",
        "SentimentWord": "5",
        "SentimentPolarity": "-1"
      },
      {
        "Aspect": "색상",
        "SentimentText": "화이트라 넘 이뻐요",
        "SentimentWord": "3",
        "SentimentPolarity": "1"
      }
    ]
  },
  {
    "Index": "34703",
    "RawText": "2인분씩 밥하기 적당한 용량이라 좋은데 , 고압으로 밥을 하면 계속 누러서  무압으로 밥하니 누르지 않아요. ㅠㅠ",
    "Source": "쇼핑몰",
    "Domain": "가전",
    "MainCategory": "주방가전",
    "ProductName": "트윈프레셔 쿠쿠전자 더라이트 CRP-ST0610FW 일반구매",
    "ReviewScore": "5",
    "Syllable": "63",
    "Word": "16",
    "RDate": "20220203",
    "GeneralPolarity": "0",
    "Aspects": [
      {
        "Aspect": "용량",
        "SentimentText": "2인분씩 밥하기 적당한 용량이라 좋은데",
        "SentimentWord": "5",
        "SentimentPolarity": "1"
      },
      {
        "Aspect": "기능",
        "SentimentText": " 고압으로 밥을 하면 계속 누러서 무압으로 밥하니 누르지 않아요. ㅠㅠ  ",
        "SentimentWord": "10",
        "SentimentPolarity": "-1"
      }
    ]
  },
  {
    "Index": "34705",
    "RawText": "무엇보다 색깔이 정갈하니 맘에 쏙 듭니다^^ 물론 밥도 알맞게 잘 지어져서 좋구요 다만 아쉬운 건 구입 후 가격이 내려서 속상해요 ㅠㅠ",
    "Source": "쇼핑몰",
    "Domain": "가전",
    "MainCategory": "주방가전",
    "ProductName": "트윈프레셔 쿠쿠전자 더라이트 CRP-ST0610FW 일반구매",
    "ReviewScore": "5",
    "Syllable": "75",
    "Word": "21",
    "RDate": "20210208",
    "GeneralPolarity": "1",
    "Aspects": [
      {
        "Aspect": "색상",
        "SentimentText": "무엇보다 색깔이 정갈하니 맘에 쏙 듭니다^^",
        "SentimentWord": "6",
        "SentimentPolarity": "1"
      },
      {
        "Aspect": "기능",
        "SentimentText": "물론 밥도 알맞게 잘 지어져서 좋구요",
        "SentimentWord": "6",
        "SentimentPolarity": "1"
      },
      {
        "Aspect": "가격",
        "SentimentText": "다만 아쉬운 건 구입 후 가격이 내려서 속상해요 ㅠㅠ",
        "SentimentWord": "9",
        "SentimentPolarity": "-1"
      }
    ]
  },
  {
    "Index": "34706",
    "RawText": "무게도 가벼워서 팔목이 아프지 않고, 사이즈가 작아서 공간 활용이 높아서 좋네요. 성능도 좋으니 밥맛도 너무 좋습니다~",
    "Source": "쇼핑몰",
    "Domain": "가전",
    "MainCategory": "주방가전",
    "ProductName": "트윈프레셔 쿠쿠전자 더라이트 CRP-ST0610FW 일반구매",
    "ReviewScore": "5",
    "Syllable": "66",
    "Word": "16",
    "RDate": "20210929",
    "GeneralPolarity": "1",
    "Aspects": [
      {
        "Aspect": "무게",
        "SentimentText": "무게도 가벼워서 팔목이 아프지 않고",
        "SentimentWord": "5",
        "SentimentPolarity": "1"
      },
      {
        "Aspect": "사이즈",
        "SentimentText": "사이즈가 작아서 공간 활용이 높아서 좋네요. ",
        "SentimentWord": "6",
        "SentimentPolarity": "1"
      },
      {
        "Aspect": "기능",
        "SentimentText": "성능도 좋으니 밥맛도 너무 좋습니다~",
        "SentimentWord": "5",
        "SentimentPolarity": "1"
      }
    ]
  },
  {
    "Index": "34707",
    "RawText": "디자인 깔끔하고 예뻐서 만족이요~ 성능도 굿 밥이 찰 지고 맛있어요. 색상은 흰색이라 관리가 많이 필요해서 아쉽네요..",
    "Source": "쇼핑몰",
    "Domain": "가전",
    "MainCategory": "주방가전",
    "ProductName": "트윈프레셔 쿠쿠전자 더라이트 CRP-ST0610FW 일반구매",
    "ReviewScore": "5",
    "Syllable": "66",
    "Word": "16",
    "RDate": "20210303",
    "GeneralPolarity": "0",
    "Aspects": [
      {
        "Aspect": "디자인",
        "SentimentText": "디자인 깔끔하고 예뻐서 만족이요~ ",
        "SentimentWord": "4",
        "SentimentPolarity": "1"
      },
      {
        "Aspect": "기능",
        "SentimentText": "성능도 굿 밥이 찰 지고 맛있어요.",
        "SentimentWord": "6",
        "SentimentPolarity": "1"
      },
      {
        "Aspect": "색상",
        "SentimentText": "색상은 흰색이라 관리가 많이 필요해서 아쉽네요..",
        "SentimentWord": "6",
        "SentimentPolarity": "-1"
      }
    ]
  },
  {
    "Index": "34708",
    "RawText": "디자인이 예뻐서 주방이 환해져 만족입니다~ 성능 굿 밥이 고슬고슬 맛있습니다.",
    "Source": "쇼핑몰",
    "Domain": "가전",
    "MainCategory": "주방가전",
    "ProductName": "트윈프레셔 쿠쿠전자 더라이트 CRP-ST0610FW 일반구매",
    "ReviewScore": "5",
    "Syllable": "43",
    "Word": "10",
    "RDate": "20220304",
    "GeneralPolarity": "1",
    "Aspects": [
      {
        "Aspect": "디자인",
        "SentimentText": "디자인이 예뻐서 주방이 환해져 만족입니다~",
        "SentimentWord": "5",
        "SentimentPolarity": "1"
      },
      {
        "Aspect": "기능",
        "SentimentText": "성능 굿 밥이 고슬고슬 맛있습니다.",
        "SentimentWord": "5",
        "SentimentPolarity": "1"
      }
    ]
  },
  {
    "Index": "34709",
    "RawText": "보온 기능이 별로예요.. 하루도 안됐는데 밥이 누렇게 변하네요; 가격도 비싸게 주고 샀는데 짜증나네요",
    "Source": "쇼핑몰",
    "Domain": "가전",
    "MainCategory": "주방가전",
    "ProductName": "트윈프레셔 쿠쿠전자 더라이트 CRP-ST0610FW 일반구매",
    "ReviewScore": "3",
    "Syllable": "56",
    "Word": "13",
    "RDate": "20220324",
    "GeneralPolarity": "-1",
    "Aspects": [
      {
        "Aspect": "기능",
        "SentimentText": "보온 기능이 별로예요.. 하루도 안됐는데 밥이 누렇게 변하네요;",
        "SentimentWord": "8",
        "SentimentPolarity": "-1"
      },
      {
        "Aspect": "가격",
        "SentimentText": "가격도 비싸게 주고 샀는데 짜증나네요",
        "SentimentWord": "5",
        "SentimentPolarity": "-1"
      }
    ]
  },
  {
    "Index": "34710",
    "RawText": "색상이 흰색이라 너무 예쁘네요. 밥도 찰 지게 맛있고 만족하고 있습니다~",
    "Source": "쇼핑몰",
    "Domain": "가전",
    "MainCategory": "주방가전",
    "ProductName": "트윈프레셔 쿠쿠전자 더라이트 CRP-ST0610FW 일반구매",
    "ReviewScore": "5",
    "Syllable": "40",
    "Word": "10",
    "RDate": "20220325",
    "GeneralPolarity": "1",
    "Aspects": [
      {
        "Aspect": "색상",
        "SentimentText": "색상이 흰색이라 너무 예쁘네요.",
        "SentimentWord": "4",
        "SentimentPolarity": "1"
      },
      {
        "Aspect": "기능",
        "SentimentText": "밥도 찰 지게 맛있고 만족하고 있습니다~ ",
        "SentimentWord": "6",
        "SentimentPolarity": "1"
      }
    ]
  },
  {
    "Index": "34712",
    "RawText": "사이즈가 앙증맞아서 공간 활용에 좋네요. 디자인도 너무 예뻐서 주방 가전이랑 잘 어울리고 만족입니다^^",
    "Source": "쇼핑몰",
    "Domain": "가전",
    "MainCategory": "주방가전",
    "ProductName": "트윈프레셔 쿠쿠전자 더라이트 CRP-ST0610FW 일반구매",
    "ReviewScore": "5",
    "Syllable": "57",
    "Word": "13",
    "RDate": "20210309",
    "GeneralPolarity": "1",
    "Aspects": [
      {
        "Aspect": "사이즈",
        "SentimentText": "사이즈가 앙증맞아서 공간 활용에 좋네요.",
        "SentimentWord": "5",
        "SentimentPolarity": "1"
      },
      {
        "Aspect": "디자인",
        "SentimentText": "디자인도 너무 예뻐서 주방 가전이랑 잘 어울리고 만족입니다^^",
        "SentimentWord": "8",
        "SentimentPolarity": "1"
      }
    ]
  },
  {
    "Index": "34713",
    "RawText": "뚜껑 열고 닫을 때 버튼 조작이 불편하네요. 그래도 사이즈는 작아서 밥 하고 세척하기에는 편리하네요",
    "Source": "쇼핑몰",
    "Domain": "가전",
    "MainCategory": "주방가전",
    "ProductName": "트윈프레셔 쿠쿠전자 더라이트 CRP-ST0610FW 일반구매",
    "ReviewScore": "5",
    "Syllable": "55",
    "Word": "14",
    "RDate": "20211114",
    "GeneralPolarity": "0",
    "Aspects": [
      {
        "Aspect": "조작성",
        "SentimentText": "뚜껑 열고 닫을 때 버튼 조작이 불편하네요.",
        "SentimentWord": "7",
        "SentimentPolarity": "-1"
      },
      {
        "Aspect": "용량",
        "SentimentText": "그래도 사이즈는 작아서 밥 하고 세척하기에는 편리하네요",
        "SentimentWord": "7",
        "SentimentPolarity": "1"
      }
    ]
  },
  {
    "Index": "34714",
    "RawText": "색상이 무광 그레이라 너무 예쁩니다. 디자인도 심플하니 주방 인테리어랑 잘 어울려서 마음에 듭니다~",
    "Source": "쇼핑몰",
    "Domain": "가전",
    "MainCategory": "주방가전",
    "ProductName": "트윈프레셔 쿠쿠전자 더라이트 CRP-ST0610FW 일반구매",
    "ReviewScore": "5",
    "Syllable": "55",
    "Word": "13",
    "RDate": "20220118",
    "GeneralPolarity": "1",
    "Aspects": [
      {
        "Aspect": "색상",
        "SentimentText": "색상이 무광 그레이라 너무 예쁩니다.",
        "SentimentWord": "5",
        "SentimentPolarity": "1"
      },
      {
        "Aspect": "디자인",
        "SentimentText": "디자인도 심플하니 주방 인테리어랑 잘 어울려서 마음에 듭니다~",
        "SentimentWord": "8",
        "SentimentPolarity": "1"
      }
    ]
  },
  {
    "Index": "34715",
    "RawText": "고압 기능이 좋아서 밥알이 윤기 나고 맛있네요~  그런데 사용 시 터치가 잘 안 눌려서 불편하네요",
    "Source": "쇼핑몰",
    "Domain": "가전",
    "MainCategory": "주방가전",
    "ProductName": "트윈프레셔 쿠쿠전자 더라이트 CRP-ST0610FW 일반구매",
    "ReviewScore": "5",
    "Syllable": "54",
    "Word": "15",
    "RDate": "20220318",
    "GeneralPolarity": "0",
    "Aspects": [
      {
        "Aspect": "기능",
        "SentimentText": "고압 기능이 좋아서 밥알이 윤기 나고 맛있네요~",
        "SentimentWord": "7",
        "SentimentPolarity": "1"
      },
      {
        "Aspect": "조작성",
        "SentimentText": "그런데 사용 시 터치가 잘 안 눌려서 불편하네요",
        "SentimentWord": "8",
        "SentimentPolarity": "-1"
      }
    ]
  },
  {
    "Index": "34716",
    "RawText": "디자인이 너무 예뻐서 만족하고 있습니다. 그런데 밥을 하면 자꾸 누르고 누룽지가 생겨서 별로예요 ㅠ",
    "Source": "쇼핑몰",
    "Domain": "가전",
    "MainCategory": "주방가전",
    "ProductName": "트윈프레셔 쿠쿠전자 더라이트 CRP-ST0610FW 일반구매",
    "ReviewScore": "4",
    "Syllable": "55",
    "Word": "14",
    "RDate": "20220211",
    "GeneralPolarity": "0",
    "Aspects": [
      {
        "Aspect": "디자인",
        "SentimentText": "디자인이 너무 예뻐서 만족하고 있습니다.",
        "SentimentWord": "5",
        "SentimentPolarity": "1"
      },
      {
        "Aspect": "기능",
        "SentimentText": "그런데 밥을 하면 자꾸 누르고 누룽지가 생겨서 별로예요 ㅠ",
        "SentimentWord": "9",
        "SentimentPolarity": "-1"
      }
    ]
  },
  {
    "Index": "34717",
    "RawText": "쿠폰이 있어서 저렴하게 구매했습니다 좋아요~ 디자인도 깔끔하고 너무 예뻐서 만족입니다^^",
    "Source": "쇼핑몰",
    "Domain": "가전",
    "MainCategory": "주방가전",
    "ProductName": "트윈프레셔 쿠쿠전자 더라이트 CRP-ST0610FW 일반구매",
    "ReviewScore": "5",
    "Syllable": "49",
    "Word": "10",
    "RDate": "20210427",
    "GeneralPolarity": "1",
    "Aspects": [
      {
        "Aspect": "가격",
        "SentimentText": "쿠폰이 있어서 저렴하게 구매했습니다 좋아요~",
        "SentimentWord": "5",
        "SentimentPolarity": "1"
      },
      {
        "Aspect": "디자인",
        "SentimentText": "디자인도 깔끔하고 너무 예뻐서 만족입니다^^",
        "SentimentWord": "5",
        "SentimentPolarity": "1"
      }
    ]
  },
  {
    "Index": "34718",
    "RawText": "밥 하는 기능은 별로인 듯.. 밥이 맛이 없어요.. 가격도 생각보다 다른 밥 솥 보다 비싸게 주고 사서 짜증남. 밥 솥 디자인은 심플하니 이쁨",
    "Source": "쇼핑몰",
    "Domain": "가전",
    "MainCategory": "주방가전",
    "ProductName": "트윈프레셔 쿠쿠전자 더라이트 CRP-ST0610FW 일반구매",
    "ReviewScore": "3",
    "Syllable": "79",
    "Word": "23",
    "RDate": "20211013",
    "GeneralPolarity": "-1",
    "Aspects": [
      {
        "Aspect": "기능",
        "SentimentText": "밥 하는 기능은 별로인 듯.. 밥이 맛이 없어요.. ",
        "SentimentWord": "8",
        "SentimentPolarity": "-1"
      },
      {
        "Aspect": "가격",
        "SentimentText": "가격도 생각보다 다른 밥 솥 보다 비싸게 주고 사서 짜증남.",
        "SentimentWord": "10",
        "SentimentPolarity": "-1"
      },
      {
        "Aspect": "디자인",
        "SentimentText": "밥 솥 디자인은 심플하니 이쁨",
        "SentimentWord": "5",
        "SentimentPolarity": "1"
      }
    ]
  },
  {
    "Index": "34719",
    "RawText": "색상이 흰색이라 깔끔하고 너무 예뻐요~ 밥도 너무 맛있게 고슬고슬~ 잘 돼요",
    "Source": "쇼핑몰",
    "Domain": "가전",
    "MainCategory": "주방가전",
    "ProductName": "트윈프레셔 쿠쿠전자 더라이트 CRP-ST0610FW 일반구매",
    "ReviewScore": "5",
    "Syllable": "42",
    "Word": "11",
    "RDate": "20210721",
    "GeneralPolarity": "1",
    "Aspects": [
      {
        "Aspect": "색상",
        "SentimentText": "색상이 흰색이라 깔끔하고 너무 예뻐요~",
        "SentimentWord": "5",
        "SentimentPolarity": "1"
      },
      {
        "Aspect": "기능",
        "SentimentText": "밥도 너무 맛있게 고슬고슬~ 잘 돼요 ",
        "SentimentWord": "6",
        "SentimentPolarity": "1"
      }
    ]
  },
  {
    "Index": "34720",
    "RawText": "음성 기능이 있으니 편리하고 좋네요. 내 솥 재질도 코팅이 되어 있어서 벗겨질 염려 안 해도 되니까 좋아요",
    "Source": "쇼핑몰",
    "Domain": "가전",
    "MainCategory": "주방가전",
    "ProductName": "트윈프레셔 쿠쿠전자 더라이트 CRP-ST0610FW 일반구매",
    "ReviewScore": "5",
    "Syllable": "59",
    "Word": "17",
    "RDate": "20220126",
    "GeneralPolarity": "1",
    "Aspects": [
      {
        "Aspect": "기능",
        "SentimentText": "음성 기능이 있으니 편리하고 좋네요.",
        "SentimentWord": "5",
        "SentimentPolarity": "1"
      },
      {
        "Aspect": "소재",
        "SentimentText": "내 솥 재질도 코팅이 되어 있어서 벗겨질 염려 안 해도 되니까 좋아요",
        "SentimentWord": "12",
        "SentimentPolarity": "1"
      }
    ]
  },
  {
    "Index": "34722",
    "RawText": "색상이 흰색이라 주방이 환해지니 너무 좋네요~ 2인 가구가 쓰기 딱 좋은 용량 이예요~ 굿굿",
    "Source": "쇼핑몰",
    "Domain": "가전",
    "MainCategory": "주방가전",
    "ProductName": "트윈프레셔 쿠쿠전자 더라이트 CRP-ST0610FW 일반구매",
    "ReviewScore": "5",
    "Syllable": "51",
    "Word": "14",
    "RDate": "20220111",
    "GeneralPolarity": "1",
    "Aspects": [
      {
        "Aspect": "색상",
        "SentimentText": "색상이 흰색이라 주방이 환해지니 너무 좋네요~ ",
        "SentimentWord": "6",
        "SentimentPolarity": "1"
      },
      {
        "Aspect": "용량",
        "SentimentText": "2인 가구가 쓰기 딱 좋은 용량 이예요~ 굿굿",
        "SentimentWord": "8",
        "SentimentPolarity": "1"
      }
    ]
  },
  {
    "Index": "34723",
    "RawText": "디자인 모양 너무 예쁘고 깔끔해요. 밥도 너무 맛있게 익고, 색상도 흰색이라 다른 주방 가전이랑 아주 찰떡이예요",
    "Source": "쇼핑몰",
    "Domain": "가전",
    "MainCategory": "주방가전",
    "ProductName": "트윈프레셔 쿠쿠전자 더라이트 CRP-ST0610FW 일반구매",
    "ReviewScore": "5",
    "Syllable": "62",
    "Word": "16",
    "RDate": "20211106",
    "GeneralPolarity": "1",
    "Aspects": [
      {
        "Aspect": "디자인",
        "SentimentText": "디자인 모양 너무 예쁘고 깔끔해요.",
        "SentimentWord": "5",
        "SentimentPolarity": "1"
      },
      {
        "Aspect": "기능",
        "SentimentText": " 밥도 너무 맛있게 익고, ",
        "SentimentWord": "4",
        "SentimentPolarity": "1"
      },
      {
        "Aspect": "색상",
        "SentimentText": "색상도 흰색이라 다른 주방 가전이랑 아주 찰떡이예요",
        "SentimentWord": "7",
        "SentimentPolarity": "1"
      }
    ]
  },
  {
    "Index": "34724",
    "RawText": "디자인 너무 예뻐서 홀딱 반했어요. 기능도 너무 좋아요 반찬 없이 밥만 먹어도 맛있을 만큼~ 찰 지게 잘 돼요",
    "Source": "쇼핑몰",
    "Domain": "가전",
    "MainCategory": "주방가전",
    "ProductName": "트윈프레셔 쿠쿠전자 더라이트 CRP-ST0610FW 일반구매",
    "ReviewScore": "5",
    "Syllable": "61",
    "Word": "18",
    "RDate": "20220227",
    "GeneralPolarity": "1",
    "Aspects": [
      {
        "Aspect": "디자인",
        "SentimentText": "디자인 너무 예뻐서 홀딱 반했어요. ",
        "SentimentWord": "5",
        "SentimentPolarity": "1"
      },
      {
        "Aspect": "기능",
        "SentimentText": "기능도 너무 좋아요 반찬 없이 밥만 먹어도 맛있을 만큼~ 찰 지게 잘 돼요",
        "SentimentWord": "13",
        "SentimentPolarity": "1"
      }
    ]
  },
  {
    "Index": "34727",
    "RawText": "내 솥이 생각 보다 작아서 아쉽네요ㅠ.ㅠ 디자인은 깔끔하고 마음에 쏙 듭니다.",
    "Source": "쇼핑몰",
    "Domain": "가전",
    "MainCategory": "주방가전",
    "ProductName": "트윈프레셔 쿠쿠전자 더라이트 CRP-ST0610FW 일반구매",
    "ReviewScore": "5",
    "Syllable": "43",
    "Word": "11",
    "RDate": "20210211",
    "GeneralPolarity": "0",
    "Aspects": [
      {
        "Aspect": "용량",
        "SentimentText": "내 솥이 생각 보다 작아서 아쉽네요ㅠ.ㅠ",
        "SentimentWord": "6",
        "SentimentPolarity": "-1"
      },
      {
        "Aspect": "디자인",
        "SentimentText": "디자인은 깔끔하고 마음에 쏙 듭니다.",
        "SentimentWord": "5",
        "SentimentPolarity": "1"
      }
    ]
  },
  {
    "Index": "34728",
    "RawText": "밥이 고슬고슬 너무 맛있게 됩니다 가족들이 칭찬하네요~  사이즈도 아담해서 공간을 많이 차지 안하고 좋네요",
    "Source": "쇼핑몰",
    "Domain": "가전",
    "MainCategory": "주방가전",
    "ProductName": "트윈프레셔 쿠쿠전자 더라이트 CRP-ST0610FW 일반구매",
    "ReviewScore": "4",
    "Syllable": "59",
    "Word": "14",
    "RDate": "20211128",
    "GeneralPolarity": "1",
    "Aspects": [
      {
        "Aspect": "기능",
        "SentimentText": "밥이 고슬고슬 너무 맛있게 됩니다 가족들이 칭찬하네요~",
        "SentimentWord": "7",
        "SentimentPolarity": "1"
      },
      {
        "Aspect": "사이즈",
        "SentimentText": "사이즈도 아담해서 공간을 많이 차지 안하고 좋네요",
        "SentimentWord": "7",
        "SentimentPolarity": "1"
      }
    ]
  },
  {
    "Index": "34729",
    "RawText": "취사 시간이 다른 밥 솥 보다 빨라서 만족합니다. 어른신들이 쓰기에 조작 방법이 쉬워 좋습니다.",
    "Source": "쇼핑몰",
    "Domain": "가전",
    "MainCategory": "주방가전",
    "ProductName": "트윈프레셔 쿠쿠전자 더라이트 CRP-ST0610FW 일반구매",
    "ReviewScore": "5",
    "Syllable": "53",
    "Word": "14",
    "RDate": "20210422",
    "GeneralPolarity": "1",
    "Aspects": [
      {
        "Aspect": "시간/속도",
        "SentimentText": "취사 시간이 다른 밥 솥 보다 빨라서 만족합니다.",
        "SentimentWord": "8",
        "SentimentPolarity": "1"
      },
      {
        "Aspect": "조작성",
        "SentimentText": "어른신들이 쓰기에 조작 방법이 쉬워 좋습니다. ",
        "SentimentWord": "6",
        "SentimentPolarity": "1"
      }
    ]
  },
  {
    "Index": "34731",
    "RawText": "성능 굿 밥맛도 너무~ 좋아요 다른 반찬 필요 없겠어요 ㅎㅎ 색상이 흰색인데 너무 깔끔하고 예뻐서 마음에 드네요.",
    "Source": "쇼핑몰",
    "Domain": "가전",
    "MainCategory": "주방가전",
    "ProductName": "트윈프레셔 쿠쿠전자 더라이트 CRP-ST0610FW 일반구매",
    "ReviewScore": "5",
    "Syllable": "63",
    "Word": "17",
    "RDate": "20210303",
    "GeneralPolarity": "1",
    "Aspects": [
      {
        "Aspect": "기능",
        "SentimentText": "성능 굿 밥맛도 너무~ 좋아요 다른 반찬 필요 없겠어요 ㅎㅎ",
        "SentimentWord": "10",
        "SentimentPolarity": "1"
      },
      {
        "Aspect": "색상",
        "SentimentText": "색상이 흰색인데 너무 깔끔하고 예뻐서 마음에 드네요. ",
        "SentimentWord": "7",
        "SentimentPolarity": "1"
      }
    ]
  },
  {
    "Index": "34732",
    "RawText": "가격도 다른 밥 솥에 비해 비싸고.. 사보니 내 솥도 생각보다 용량이 너무 작아요 ㅠㅠ 아쉬운 거 투성입니다.",
    "Source": "쇼핑몰",
    "Domain": "가전",
    "MainCategory": "주방가전",
    "ProductName": "트윈프레셔 쿠쿠전자 더라이트 CRP-ST0610FW 일반구매",
    "ReviewScore": "5",
    "Syllable": "61",
    "Word": "17",
    "RDate": "20210826",
    "GeneralPolarity": "-1",
    "Aspects": [
      {
        "Aspect": "가격",
        "SentimentText": "가격도 다른 밥 솥에 비해 비싸고.. ",
        "SentimentWord": "6",
        "SentimentPolarity": "-1"
      },
      {
        "Aspect": "용량",
        "SentimentText": "내 솥도 생각보다 용량이 너무 작아요 ㅠㅠ 아쉬운 거 투성입니다.",
        "SentimentWord": "10",
        "SentimentPolarity": "-1"
      }
    ]
  },
  {
    "Index": "34733",
    "RawText": "기능이 많아서 다양한 요리를 할 수 있어서 좋아요~ 취사 시간도 빨라서 밥이 빨리 되니까 더 만족이에요",
    "Source": "쇼핑몰",
    "Domain": "가전",
    "MainCategory": "주방가전",
    "ProductName": "트윈프레셔 쿠쿠전자 더라이트 CRP-ST0610FW 일반구매",
    "ReviewScore": "5",
    "Syllable": "57",
    "Word": "16",
    "RDate": "20220408",
    "GeneralPolarity": "1",
    "Aspects": [
      {
        "Aspect": "기능",
        "SentimentText": "기능이 많아서 다양한 요리를 할 수 있어서 좋아요~",
        "SentimentWord": "8",
        "SentimentPolarity": "1"
      },
      {
        "Aspect": "시간/속도",
        "SentimentText": "취사 시간도 빨라서 밥이 빨리 되니까 더 만족이에요",
        "SentimentWord": "8",
        "SentimentPolarity": "1"
      }
    ]
  },
  {
    "Index": "34735",
    "RawText": "디자인 깔끔하고 예뻐서 좋습니다. 그런데 내 솥 재질이 많이 얇아서 아쉽네요..",
    "Source": "쇼핑몰",
    "Domain": "가전",
    "MainCategory": "주방가전",
    "ProductName": "트윈프레셔 쿠쿠전자 더라이트 CRP-ST0610FW 일반구매",
    "ReviewScore": "5",
    "Syllable": "44",
    "Word": "11",
    "RDate": "20210821",
    "GeneralPolarity": "0",
    "Aspects": [
      {
        "Aspect": "디자인",
        "SentimentText": "디자인 깔끔하고 예뻐서 좋습니다. ",
        "SentimentWord": "4",
        "SentimentPolarity": "1"
      },
      {
        "Aspect": "소재",
        "SentimentText": "내 솥 재질이 많이 얇아서 아쉽네요..",
        "SentimentWord": "6",
        "SentimentPolarity": "-1"
      }
    ]
  },
  {
    "Index": "34741",
    "RawText": "성능이 너무 좋아서 밥 맛이 아주 찰 집니다. 색상도 너무 예쁘고요~ 디자인도 깔끔하니 만족입니다^^",
    "Source": "쇼핑몰",
    "Domain": "가전",
    "MainCategory": "주방가전",
    "ProductName": "트윈프레셔 쿠쿠전자 더라이트 CRP-ST0610FW 일반구매",
    "ReviewScore": "5",
    "Syllable": "56",
    "Word": "14",
    "RDate": "20211223",
    "GeneralPolarity": "1",
    "Aspects": [
      {
        "Aspect": "기능",
        "SentimentText": "성능이 너무 좋아서 밥 맛이 아주 찰 집니다.",
        "SentimentWord": "8",
        "SentimentPolarity": "1"
      },
      {
        "Aspect": "색상",
        "SentimentText": "색상도 너무 예쁘고요~ ",
        "SentimentWord": "3",
        "SentimentPolarity": "1"
      },
      {
        "Aspect": "디자인",
        "SentimentText": "디자인도 깔끔하니 만족입니다^^",
        "SentimentWord": "3",
        "SentimentPolarity": "1"
      }
    ]
  },
  {
    "Index": "34742",
    "RawText": "oooo에서 제일 저렴하게 구매해서 만족합니다^^ 색상이 마음에 쏙 들어요~ 디자인도 고급스러워 주방의 품격을 높여주네요",
    "Source": "쇼핑몰",
    "Domain": "가전",
    "MainCategory": "주방가전",
    "ProductName": "트윈프레셔 쿠쿠전자 더라이트 CRP-ST0610FW 일반구매",
    "ReviewScore": "5",
    "Syllable": "67",
    "Word": "14",
    "RDate": "20220205",
    "GeneralPolarity": "1",
    "Aspects": [
      {
        "Aspect": "가격",
        "SentimentText": "oooo에서 제일 저렴하게 구매해서 만족합니다^^",
        "SentimentWord": "5",
        "SentimentPolarity": "1"
      },
      {
        "Aspect": "색상",
        "SentimentText": "색상이 마음에 쏙 들어요~ ",
        "SentimentWord": "4",
        "SentimentPolarity": "1"
      },
      {
        "Aspect": "디자인",
        "SentimentText": "디자인도 고급스러워 주방의 품격을 높여주네요",
        "SentimentWord": "5",
        "SentimentPolarity": "1"
      }
    ]
  },
  {
    "Index": "34743",
    "RawText": "성능 최고~ 밥에서 윤기가 좌르르 너무 맛있네요. 색상도 흰색이라 주방 인테리어랑 잘 어울려서 굿입니다.",
    "Source": "쇼핑몰",
    "Domain": "가전",
    "MainCategory": "주방가전",
    "ProductName": "트윈프레셔 쿠쿠전자 더라이트 CRP-ST0610FW 일반구매",
    "ReviewScore": "5",
    "Syllable": "58",
    "Word": "14",
    "RDate": "20220210",
    "GeneralPolarity": "1",
    "Aspects": [
      {
        "Aspect": "기능",
        "SentimentText": "성능 최고~ 밥에서 윤기가 좌르르 너무 맛있네요.",
        "SentimentWord": "7",
        "SentimentPolarity": "1"
      },
      {
        "Aspect": "색상",
        "SentimentText": "색상도 흰색이라 주방 인테리어랑 잘 어울려서 굿입니다.",
        "SentimentWord": "7",
        "SentimentPolarity": "1"
      }
    ]
  },
  {
    "Index": "34744",
    "RawText": "디자인은 예뻐서 아주 만족스러워요~ 그런데 성능은 별로... 밥이 윤기가 안도네요.. 밥맛이 영.. 맛이 없어요 ㅠ",
    "Source": "쇼핑몰",
    "Domain": "가전",
    "MainCategory": "주방가전",
    "ProductName": "트윈프레셔 쿠쿠전자 더라이트 CRP-ST0610FW 일반구매",
    "ReviewScore": "5",
    "Syllable": "64",
    "Word": "15",
    "RDate": "20210906",
    "GeneralPolarity": "0",
    "Aspects": [
      {
        "Aspect": "디자인",
        "SentimentText": "디자인은 예뻐서 아주 만족스러워요~ ",
        "SentimentWord": "4",
        "SentimentPolarity": "1"
      },
      {
        "Aspect": "기능",
        "SentimentText": "성능은 별로... 밥이 윤기가 안도네요.. 밥맛이 영.. 맛이 없어요 ㅠ",
        "SentimentWord": "10",
        "SentimentPolarity": "-1"
      }
    ]
  },
  {
    "Index": "34745",
    "RawText": "디자인 아주 만족입니다. 너무 예쁜 거 있죠~ 성능도 최고예요 밥맛이 아주 따봉입니다~",
    "Source": "쇼핑몰",
    "Domain": "가전",
    "MainCategory": "주방가전",
    "ProductName": "트윈프레셔 쿠쿠전자 더라이트 CRP-ST0610FW 일반구매",
    "ReviewScore": "5",
    "Syllable": "48",
    "Word": "12",
    "RDate": "20220527",
    "GeneralPolarity": "1",
    "Aspects": [
      {
        "Aspect": "디자인",
        "SentimentText": "디자인 아주 만족입니다. 너무 예쁜 거 있죠~ ",
        "SentimentWord": "7",
        "SentimentPolarity": "1"
      },
      {
        "Aspect": "기능",
        "SentimentText": "성능도 최고예요 밥맛이 아주 따봉입니다~",
        "SentimentWord": "5",
        "SentimentPolarity": "1"
      }
    ]
  },
  {
    "Index": "34746",
    "RawText": "밥 솥이 예뻐서 주방이 더 환해진 느낌이예요~ 성능도 최고^^ 밥도 찰 지고 아주 맛있습니다",
    "Source": "쇼핑몰",
    "Domain": "가전",
    "MainCategory": "주방가전",
    "ProductName": "트윈프레셔 쿠쿠전자 더라이트 CRP-ST0610FW 일반구매",
    "ReviewScore": "5",
    "Syllable": "51",
    "Word": "14",
    "RDate": "20210302",
    "GeneralPolarity": "1",
    "Aspects": [
      {
        "Aspect": "디자인",
        "SentimentText": "밥 솥이 예뻐서 주방이 더 환해진 느낌이예요~",
        "SentimentWord": "7",
        "SentimentPolarity": "1"
      },
      {
        "Aspect": "기능",
        "SentimentText": "성능도 최고^^ 밥도 찰 지고 아주 맛있습니다 ",
        "SentimentWord": "7",
        "SentimentPolarity": "1"
      }
    ]
  },
  {
    "Index": "34747",
    "RawText": "디자인은 깔끔, 예쁨 다 갖췄음~!! 기능도 좋음 밥도 찰 지고, 쫀득하니 너무 맛있음!",
    "Source": "쇼핑몰",
    "Domain": "가전",
    "MainCategory": "주방가전",
    "ProductName": "트윈프레셔 쿠쿠전자 더라이트 CRP-ST0610FW 일반구매",
    "ReviewScore": "5",
    "Syllable": "49",
    "Word": "13",
    "RDate": "20210610",
    "GeneralPolarity": "1",
    "Aspects": [
      {
        "Aspect": "디자인",
        "SentimentText": "디자인은 깔끔, 예쁨 다 갖췄음~!! ",
        "SentimentWord": "5",
        "SentimentPolarity": "1"
      },
      {
        "Aspect": "기능",
        "SentimentText": "기능도 좋음 밥도 찰 지고, 쫀득하니 너무 맛있음! ",
        "SentimentWord": "8",
        "SentimentPolarity": "1"
      }
    ]
  },
  {
    "Index": "34748",
    "RawText": "성능 괜찮습니다. 밥맛 이 아주 좋네요 ~ 행사할 때 저렴하게 구매할 수 있어서 만족입니다",
    "Source": "쇼핑몰",
    "Domain": "가전",
    "MainCategory": "주방가전",
    "ProductName": "트윈프레셔 쿠쿠전자 더라이트 CRP-ST0610FW 일반구매",
    "ReviewScore": "5",
    "Syllable": "50",
    "Word": "14",
    "RDate": "20220301",
    "GeneralPolarity": "1",
    "Aspects": [
      {
        "Aspect": "기능",
        "SentimentText": "성능 괜찮습니다. 밥맛 이 아주 좋네요 ~",
        "SentimentWord": "7",
        "SentimentPolarity": "1"
      },
      {
        "Aspect": "가격",
        "SentimentText": "행사할 때 저렴하게 구매할 수 있어서 만족입니다",
        "SentimentWord": "7",
        "SentimentPolarity": "1"
      }
    ]
  },
  {
    "Index": "34749",
    "RawText": "세척하기 너무 간편해서 좋네요~ 성능도 좋아서 밥알에서 윤기가 나서 더 맛있고요^^ 가격까지 저렴하게 구매해서 만족입니다~",
    "Source": "쇼핑몰",
    "Domain": "가전",
    "MainCategory": "주방가전",
    "ProductName": "트윈프레셔 쿠쿠전자 더라이트 CRP-ST0610FW 일반구매",
    "ReviewScore": "5",
    "Syllable": "68",
    "Word": "15",
    "RDate": "20211205",
    "GeneralPolarity": "1",
    "Aspects": [
      {
        "Aspect": "편의성",
        "SentimentText": "세척하기 너무 간편해서 좋네요~ ",
        "SentimentWord": "4",
        "SentimentPolarity": "1"
      },
      {
        "Aspect": "기능",
        "SentimentText": "성능도 좋아서 밥알에서 윤기가 나서 더 맛있고요^^",
        "SentimentWord": "7",
        "SentimentPolarity": "1"
      },
      {
        "Aspect": "가격",
        "SentimentText": "가격까지 저렴하게 구매해서 만족입니다~",
        "SentimentWord": "4",
        "SentimentPolarity": "1"
      }
    ]
  },
  {
    "Index": "34753",
    "RawText": "디자인 예뻐서 마음에 쏙 듭니다^^ 밥도 맛있게 잘 되니 여러모로 만족이네요~",
    "Source": "쇼핑몰",
    "Domain": "가전",
    "MainCategory": "주방가전",
    "ProductName": "트윈프레셔 쿠쿠전자 더라이트 CRP-ST0610FW 일반구매",
    "ReviewScore": "5",
    "Syllable": "43",
    "Word": "11",
    "RDate": "20220115",
    "GeneralPolarity": "1",
    "Aspects": [
      {
        "Aspect": "디자인",
        "SentimentText": "디자인 예뻐서 마음에 쏙 듭니다^^",
        "SentimentWord": "5",
        "SentimentPolarity": "1"
      },
      {
        "Aspect": "기능",
        "SentimentText": "밥도 맛있게 잘 되니 여러모로 만족이네요~",
        "SentimentWord": "6",
        "SentimentPolarity": "1"
      }
    ]
  },
  {
    "Index": "34756",
    "RawText": "성능 좋아요 밥 맛이 아주 취향을 저격했어요 너무 맛있어요. 디자인도 너무 예쁨~ 주방이 환해지는 느낌이예요",
    "Source": "쇼핑몰",
    "Domain": "가전",
    "MainCategory": "주방가전",
    "ProductName": "트윈프레셔 쿠쿠전자 더라이트 CRP-ST0610FW 일반구매",
    "ReviewScore": "5",
    "Syllable": "60",
    "Word": "15",
    "RDate": "20210311",
    "GeneralPolarity": "1",
    "Aspects": [
      {
        "Aspect": "기능",
        "SentimentText": "성능 좋아요 밥 맛이 아주 취향을 저격했어요 너무 맛있어요.",
        "SentimentWord": "9",
        "SentimentPolarity": "1"
      },
      {
        "Aspect": "디자인",
        "SentimentText": "디자인도 너무 예쁨~ 주방이 환해지는 느낌이예요",
        "SentimentWord": "6",
        "SentimentPolarity": "1"
      }
    ]
  },
  {
    "Index": "34758",
    "RawText": "쿠폰 사용으로 가격도 아주 저렴하게 구매해서 마음에 들고, 내 솥이 작아서 사용하기 더 편리하고 좋네요.",
    "Source": "쇼핑몰",
    "Domain": "가전",
    "MainCategory": "주방가전",
    "ProductName": "트윈프레셔 쿠쿠전자 더라이트 CRP-ST0610FW 일반구매",
    "ReviewScore": "5",
    "Syllable": "58",
    "Word": "15",
    "RDate": "20211203",
    "GeneralPolarity": "1",
    "Aspects": [
      {
        "Aspect": "가격",
        "SentimentText": "쿠폰 사용으로 가격도 아주 저렴하게 구매해서 마음에 들고,",
        "SentimentWord": "8",
        "SentimentPolarity": "1"
      },
      {
        "Aspect": "용량",
        "SentimentText": "내 솥이 작아서 사용하기 더 편리하고 좋네요. ",
        "SentimentWord": "7",
        "SentimentPolarity": "1"
      }
    ]
  },
  {
    "Index": "34759",
    "RawText": "밥이 고슬고슬 어쩜 이렇게 맛있는지 최고입니다~ 디자인 깔끔하고 예뻐서 너무 만족입니다. 가격도 오프라인보다 저렴하게 구매했어요 짱~",
    "Source": "쇼핑몰",
    "Domain": "가전",
    "MainCategory": "주방가전",
    "ProductName": "트윈프레셔 쿠쿠전자 더라이트 CRP-ST0610FW 일반구매",
    "ReviewScore": "5",
    "Syllable": "74",
    "Word": "16",
    "RDate": "20210823",
    "GeneralPolarity": "1",
    "Aspects": [
      {
        "Aspect": "기능",
        "SentimentText": "밥이 고슬고슬 어쩜 이렇게 맛있는지 최고입니다~ ",
        "SentimentWord": "6",
        "SentimentPolarity": "1"
      },
      {
        "Aspect": "디자인",
        "SentimentText": "디자인 깔끔하고 예뻐서 너무 만족입니다.",
        "SentimentWord": "5",
        "SentimentPolarity": "1"
      },
      {
        "Aspect": "가격",
        "SentimentText": "가격도 오프라인보다 저렴하게 구매했어요 짱~",
        "SentimentWord": "5",
        "SentimentPolarity": "1"
      }
    ]
  },
  {
    "Index": "34760",
    "RawText": "성능 좋네요 밥이 찰 지고 맛있어요. 디자인도 아주 예뻐서 신혼부부들한테 딱이네요.",
    "Source": "쇼핑몰",
    "Domain": "가전",
    "MainCategory": "주방가전",
    "ProductName": "트윈프레셔 쿠쿠전자 더라이트 CRP-ST0610FW 일반구매",
    "ReviewScore": "4",
    "Syllable": "46",
    "Word": "11",
    "RDate": "20211122",
    "GeneralPolarity": "1",
    "Aspects": [
      {
        "Aspect": "기능",
        "SentimentText": "성능 좋네요 밥이 찰 지고 맛있어요.",
        "SentimentWord": "6",
        "SentimentPolarity": "1"
      },
      {
        "Aspect": "디자인",
        "SentimentText": "디자인도 아주 예뻐서 신혼부부들한테 딱이네요.",
        "SentimentWord": "5",
        "SentimentPolarity": "1"
      }
    ]
  },
  {
    "Index": "34763",
    "RawText": "다른 사이트보다 더 저렴하게 살 수 있어서 기분이 좋네요~ 디자인이야 말할 것도 없이 너무 예뻐서 만족^^",
    "Source": "쇼핑몰",
    "Domain": "가전",
    "MainCategory": "주방가전",
    "ProductName": "트윈프레셔 쿠쿠전자 더라이트 CRP-ST0610FW 일반구매",
    "ReviewScore": "5",
    "Syllable": "59",
    "Word": "16",
    "RDate": "20210307",
    "GeneralPolarity": "1",
    "Aspects": [
      {
        "Aspect": "가격",
        "SentimentText": "다른 사이트보다 더 저렴하게 살 수 있어서 기분이 좋네요~ ",
        "SentimentWord": "9",
        "SentimentPolarity": "1"
      },
      {
        "Aspect": "디자인",
        "SentimentText": "디자인이야 말할 것도 없이 너무 예뻐서 만족^^",
        "SentimentWord": "7",
        "SentimentPolarity": "1"
      }
    ]
  }
]