[
  {
    "Index": "33748",
    "RawText": "6인용으로 바꾸니 사이즈  완전 귀요미이예요. 밥 하기전 자동스팀 세척 후 밥하니 더 잘되는 기분이들어요",
    "Source": "쇼핑몰",
    "Domain": "가전",
    "MainCategory": "주방가전",
    "ProductName": "쿠쿠전자 CRP-P0660FD 일반구매",
    "ReviewScore": "5",
    "Syllable": "58",
    "Word": "14",
    "RDate": "20220312",
    "GeneralPolarity": "1",
    "Aspects": [
      {
        "Aspect": "사이즈",
        "SentimentText": "6인용으로 바꾸니 사이즈  완전 귀요미이예요 ",
        "SentimentWord": "5",
        "SentimentPolarity": "1"
      },
      {
        "Aspect": "기능",
        "SentimentText": "밥 하기전 자동스팀 세척 후 밥하니 더 잘되는 기분이들어요 ",
        "SentimentWord": "9",
        "SentimentPolarity": "1"
      }
    ]
  },
  {
    "Index": "33750",
    "RawText": "4인 가족이 쓰기 충분한 용량입니다. 외관 사이즈도 아담해서 귀엽고  다양한 기능이 있어 종류별로 밥할 수 있어요^^",
    "Source": "쇼핑몰",
    "Domain": "가전",
    "MainCategory": "주방가전",
    "ProductName": "쿠쿠전자 CRP-P0660FD 일반구매",
    "ReviewScore": "5",
    "Syllable": "65",
    "Word": "16",
    "RDate": "20211202",
    "GeneralPolarity": "1",
    "Aspects": [
      {
        "Aspect": "용량",
        "SentimentText": "4인 가족이 쓰기 충분한 용량입니다. ",
        "SentimentWord": "5",
        "SentimentPolarity": "1"
      },
      {
        "Aspect": "사이즈",
        "SentimentText": " 외관 사이즈도 아담해서 귀엽고  ",
        "SentimentWord": "4",
        "SentimentPolarity": "1"
      },
      {
        "Aspect": "기능",
        "SentimentText": "다양한 기능이 있어 종류별로 밥할 수 있어요^^",
        "SentimentWord": "7",
        "SentimentPolarity": "1"
      }
    ]
  },
  {
    "Index": "33751",
    "RawText": "압력 기능 좋아 밥이 잘되고 밥도 맛이 좋아요. 가격도 그렇게 비싸지 않고 적당한 가격선에 잘 샀어요",
    "Source": "쇼핑몰",
    "Domain": "가전",
    "MainCategory": "주방가전",
    "ProductName": "쿠쿠전자 CRP-P0660FD 일반구매",
    "ReviewScore": "5",
    "Syllable": "56",
    "Word": "16",
    "RDate": "20220503",
    "GeneralPolarity": "1",
    "Aspects": [
      {
        "Aspect": "기능",
        "SentimentText": "압력 기능 좋아 밥이 잘되고 밥도 맛이 좋아요",
        "SentimentWord": "8",
        "SentimentPolarity": "1"
      },
      {
        "Aspect": "가격",
        "SentimentText": "가격도 그렇게 비싸지 않고 적당한 가격선에 잘 샀어요 ",
        "SentimentWord": "8",
        "SentimentPolarity": "1"
      }
    ]
  },
  {
    "Index": "33752",
    "RawText": "생각외로 6인용 작은데 저는 용량이 작아서 더 좋네요 . 백미,귀리밥,흑미등 입맛대로 다양하게 기능설정해서 밥 하기 좋아요",
    "Source": "쇼핑몰",
    "Domain": "가전",
    "MainCategory": "주방가전",
    "ProductName": "쿠쿠전자 CRP-P0660FD 일반구매",
    "ReviewScore": "5",
    "Syllable": "68",
    "Word": "16",
    "RDate": "20220718",
    "GeneralPolarity": "1",
    "Aspects": [
      {
        "Aspect": "용량",
        "SentimentText": "생각외로 6인용 작은데 저는 용량이 작아서 더 좋네요 ",
        "SentimentWord": "8",
        "SentimentPolarity": "1"
      },
      {
        "Aspect": "기능",
        "SentimentText": "백미,귀리밥,흑미등 입맛대로 다양하게 기능설정해서 밥 하기 좋아요 ",
        "SentimentWord": "7",
        "SentimentPolarity": "1"
      }
    ]
  },
  {
    "Index": "33753",
    "RawText": "쾌속백미로 하니 밥도 굉장히 빨리되고 시간이 단축되서 좋아요. 그리고 음성기능이 있어서 너무 좋네요 바로바로 알려줘서 디자인도 깔끔하고 예쁩니다 마음에 들어요.",
    "Source": "쇼핑몰",
    "Domain": "가전",
    "MainCategory": "주방가전",
    "ProductName": "쿠쿠전자 CRP-P0660FD 일반구매",
    "ReviewScore": "5",
    "Syllable": "89",
    "Word": "20",
    "RDate": "20211117",
    "GeneralPolarity": "1",
    "Aspects": [
      {
        "Aspect": "시간/속도",
        "SentimentText": "쾌속백미로 하니 밥도 굉장히 빨리되고 시간이 단축되서 좋아요.",
        "SentimentWord": "8",
        "SentimentPolarity": "1"
      },
      {
        "Aspect": "기능",
        "SentimentText": "그리고 음성기능이 있어서 너무 좋네요 바로바로 알려줘서",
        "SentimentWord": "7",
        "SentimentPolarity": "1"
      },
      {
        "Aspect": "디자인",
        "SentimentText": "디자인도 깔끔하고 예쁩니다 마음에 들어요.",
        "SentimentWord": "5",
        "SentimentPolarity": "1"
      }
    ]
  },
  {
    "Index": "33754",
    "RawText": "디자인도 심플하니 마음에 들구요, 컬러도 블랙라인이라 깔끔하네요 좋아요. 6인용 밥솥치고는 용량도 넉넉하니 좋아요.",
    "Source": "쇼핑몰",
    "Domain": "가전",
    "MainCategory": "주방가전",
    "ProductName": "쿠쿠전자 CRP-P0660FD 일반구매",
    "ReviewScore": "4",
    "Syllable": "64",
    "Word": "13",
    "RDate": "20220701",
    "GeneralPolarity": "1",
    "Aspects": [
      {
        "Aspect": "디자인",
        "SentimentText": "디자인도 심플하니 마음에 들구요, ",
        "SentimentWord": "4",
        "SentimentPolarity": "1"
      },
      {
        "Aspect": "색상",
        "SentimentText": "컬러도 블랙라인이라 깔끔하네요 좋아요.",
        "SentimentWord": "4",
        "SentimentPolarity": "1"
      },
      {
        "Aspect": "용량",
        "SentimentText": " 6인용 밥솥치고는 용량도 넉넉하니 좋아요.",
        "SentimentWord": "5",
        "SentimentPolarity": "1"
      }
    ]
  },
  {
    "Index": "33755",
    "RawText": "가격이 저렴해서 싼값에 사긴 했지만 생각보다 괜찮아요 가성비 좋은 제품이네요ㅎㅎ 받자마자 밥 지어봤는데 꼬들꼬들하니 찰진 갓지은밥 먹으니 너무 좋아요. 맛있어요.",
    "Source": "쇼핑몰",
    "Domain": "가전",
    "MainCategory": "주방가전",
    "ProductName": "쿠쿠전자 CRP-P0660FD 일반구매",
    "ReviewScore": "4",
    "Syllable": "90",
    "Word": "20",
    "RDate": "20220415",
    "GeneralPolarity": "1",
    "Aspects": [
      {
        "Aspect": "가격",
        "SentimentText": "가격이 저렴해서 싼값에 사긴 했지만 생각보다 괜찮아요 가성비 좋은 제품이네요ㅎㅎ",
        "SentimentWord": "10",
        "SentimentPolarity": "1"
      },
      {
        "Aspect": "기능",
        "SentimentText": "받자마자 밥 지어봤는데 꼬들꼬들하니 찰진 갓지은밥 먹으니 너무 좋아요. 맛있어요.",
        "SentimentWord": "10",
        "SentimentPolarity": "1"
      }
    ]
  },
  {
    "Index": "33756",
    "RawText": "받자마자 세척해서 사용해보는데 청소가 굉장히 편해서 좋네요. 뚜껑 분리도 쉽구요. 쾌속취사해봤더니 밥 너무 잘되서 좋네요.",
    "Source": "쇼핑몰",
    "Domain": "가전",
    "MainCategory": "주방가전",
    "ProductName": "쿠쿠전자 CRP-P0660FD 일반구매",
    "ReviewScore": "5",
    "Syllable": "68",
    "Word": "15",
    "RDate": "20220306",
    "GeneralPolarity": "1",
    "Aspects": [
      {
        "Aspect": "편의성",
        "SentimentText": "받자마자 세척해서 사용해보는데 청소가 굉장히 편해서 좋네요. 뚜껑 분리도 쉽구요.",
        "SentimentWord": "10",
        "SentimentPolarity": "1"
      },
      {
        "Aspect": "기능",
        "SentimentText": " 쾌속취사해봤더니 밥 너무 잘되서 좋네요.",
        "SentimentWord": "5",
        "SentimentPolarity": "1"
      }
    ]
  },
  {
    "Index": "33757",
    "RawText": "가족 수가 적어서 작은 사이즈로 교체했는데 사이즈 만족입니다!! 복잡한 기능 없는 단순히 밥하는 기능만 필요해서  이 제품 선택했습니다~ 가격도 딱 적당해서 좋고!! 디자인도 깔끔해서 마음에 듭니다.",
    "Source": "쇼핑몰",
    "Domain": "가전",
    "MainCategory": "주방가전",
    "ProductName": "쿠쿠전자 CRP-P0660FD 일반구매",
    "ReviewScore": "4",
    "Syllable": "111",
    "Word": "26",
    "RDate": "20210924",
    "GeneralPolarity": "1",
    "Aspects": [
      {
        "Aspect": "사이즈",
        "SentimentText": "가족 수가 적어서 작은 사이즈로 교체했는데 사이즈 만족입니다!!",
        "SentimentWord": "8",
        "SentimentPolarity": "1"
      },
      {
        "Aspect": "가격",
        "SentimentText": "가격도 딱 적당해서 좋고!",
        "SentimentWord": "4",
        "SentimentPolarity": "1"
      },
      {
        "Aspect": "디자인",
        "SentimentText": "디자인도 깔끔해서 마음에 듭니다.",
        "SentimentWord": "4",
        "SentimentPolarity": "1"
      }
    ]
  },
  {
    "Index": "33758",
    "RawText": "작동하기 간단해서 편해요. 밥이 잘되서 밥맛이 좋아요~~~ 저렴한 가격에 잘 구입했어요",
    "Source": "쇼핑몰",
    "Domain": "가전",
    "MainCategory": "주방가전",
    "ProductName": "쿠쿠전자 CRP-P0660FD 일반구매",
    "ReviewScore": "5",
    "Syllable": "48",
    "Word": "11",
    "RDate": "20220221",
    "GeneralPolarity": "1",
    "Aspects": [
      {
        "Aspect": "조작성",
        "SentimentText": "작동하기 간단해서 편해요.",
        "SentimentWord": "3",
        "SentimentPolarity": "1"
      },
      {
        "Aspect": "기능",
        "SentimentText": "밥이 잘되서 밥맛이 좋아요~",
        "SentimentWord": "4",
        "SentimentPolarity": "1"
      },
      {
        "Aspect": "가격",
        "SentimentText": "저렴한 가격에 잘 구입했어요",
        "SentimentWord": "4",
        "SentimentPolarity": "1"
      }
    ]
  },
  {
    "Index": "33759",
    "RawText": "품질과 믿음의 ○○○. 계속 이 브랜드만 믿고 쓰게 됩니다 디자인은 아담하고 에쁘지만 메뉴판 글씨가  선명하지 않고 작아서 사용할때 불편합니다. 밥맛은 찰지고 부드럽고 좋아요.  뜸들일 때도 소리와 음성으로 알려주는 기능이 마음에 드네요",
    "Source": "쇼핑몰",
    "Domain": "가전",
    "MainCategory": "주방가전",
    "ProductName": "쿠쿠전자 CRP-P0660FD 일반구매",
    "ReviewScore": "5",
    "Syllable": "132",
    "Word": "31",
    "RDate": "20220610",
    "Aspects": [
      {
        "Aspect": "제조일/제조사",
        "SentimentText": "품질과 믿음의 ○○○. 계속 이 브랜드만 믿고 쓰게 됩니다",
        "SentimentWord": "9",
        "SentimentPolarity": "1"
      },
      {
        "Aspect": "디자인",
        "SentimentText": " 디자인은 아담하고 에쁘지만",
        "SentimentWord": "3",
        "SentimentPolarity": "1"
      },
      {
        "Aspect": "편의성",
        "SentimentText": " 메뉴판 글씨가  선명하지 않고 작아서 사용할때 불편합니다.",
        "SentimentWord": "7",
        "SentimentPolarity": "-1"
      },
      {
        "Aspect": "기능",
        "SentimentText": " 뜸들일 때도 소리와 음성으로 알려주는 기능이 마음에 드네요",
        "SentimentWord": "8",
        "SentimentPolarity": "1"
      }
    ]
  },
  {
    "Index": "33763",
    "RawText": "넉넉하게 큰 사이즈를 사용하다가 6인용으로 바꿔 사용하니 적은 식구 사용하기 딱 좋은 사이즈입니다.  밥도 빠르게 되니까  오래 안 기다려서 좋아요",
    "Source": "쇼핑몰",
    "Domain": "가전",
    "MainCategory": "주방가전",
    "ProductName": "쿠쿠전자 CRP-P0660FD 일반구매",
    "ReviewScore": "5",
    "Syllable": "82",
    "Word": "20",
    "RDate": "20211221",
    "GeneralPolarity": "1",
    "Aspects": [
      {
        "Aspect": "용량",
        "SentimentText": " 6인용으로 바꿔 사용하니 적은 식구 사용하기 딱 좋은 사이즈입니다",
        "SentimentWord": "9",
        "SentimentPolarity": "1"
      },
      {
        "Aspect": "시간/속도",
        "SentimentText": "밥도 빠르게 되니까  오래 안 기다려서 좋아요",
        "SentimentWord": "7",
        "SentimentPolarity": "1"
      }
    ]
  },
  {
    "Index": "33766",
    "RawText": "디자인이 심플해서  좋아요.  가격도 좋은 가격에 구매해서 만족스럽고,  3인 가족에게는 이 정도 용량이 딱  적당합니다. 밥도 맛있게 되네요~굿입니다!",
    "Source": "쇼핑몰",
    "Domain": "가전",
    "MainCategory": "주방가전",
    "ProductName": "쿠쿠전자 CRP-P0660FD 일반구매",
    "ReviewScore": "5",
    "Syllable": "85",
    "Word": "18",
    "RDate": "20220208",
    "GeneralPolarity": "1",
    "Aspects": [
      {
        "Aspect": "디자인",
        "SentimentText": "디자인이 심플해서  좋아요",
        "SentimentWord": "3",
        "SentimentPolarity": "1"
      },
      {
        "Aspect": "가격",
        "SentimentText": "가격도 좋은 가격에 구매해서 만족스럽고, ",
        "SentimentWord": "5",
        "SentimentPolarity": "1"
      },
      {
        "Aspect": "용량",
        "SentimentText": "3인 가족에게는 이 정도 용량이 딱  적당합니다.",
        "SentimentWord": "7",
        "SentimentPolarity": "1"
      },
      {
        "Aspect": "기능",
        "SentimentText": "밥도 맛있게 되네요~굿입니다!",
        "SentimentWord": "3",
        "SentimentPolarity": "1"
      }
    ]
  },
  {
    "Index": "33767",
    "RawText": "디자인 깔끔하고 너무 이쁘네요, 000라는 브랜드 이름만으로 믿을수 있습니다 . 밥이 너무 잘 되어 밥맛이 너무 좋아요~ 여러가지 기능이 있어서 다양하게 요리해서 좋습니다.",
    "Source": "쇼핑몰",
    "Domain": "가전",
    "MainCategory": "주방가전",
    "ProductName": "쿠쿠전자 CRP-P0660FD 일반구매",
    "ReviewScore": "5",
    "Syllable": "96",
    "Word": "23",
    "RDate": "20211214",
    "GeneralPolarity": "1",
    "Aspects": [
      {
        "Aspect": "디자인",
        "SentimentText": "디자인 깔끔하고 너무 이쁘네요,",
        "SentimentWord": "4",
        "SentimentPolarity": "1"
      },
      {
        "Aspect": "제조일/제조사",
        "SentimentText": " 000라는 브랜드 이름만으로 믿을수 있습니다",
        "SentimentWord": "5",
        "SentimentPolarity": "1"
      },
      {
        "Aspect": "기능",
        "SentimentText": "여러가지 기능이 있어서 다양하게 요리해서 좋습니다.",
        "SentimentWord": "6",
        "SentimentPolarity": "1"
      }
    ]
  },
  {
    "Index": "33768",
    "RawText": "디자인이 심플해서 좋습니다. 밥맛도 괜찮네요.  열판에 조그만 스크래치가 있는것 빼고는 다 괜찮아요.",
    "Source": "쇼핑몰",
    "Domain": "가전",
    "MainCategory": "주방가전",
    "ProductName": "쿠쿠전자 CRP-P0660FD 일반구매",
    "ReviewScore": "4",
    "Syllable": "56",
    "Word": "12",
    "RDate": "20220721",
    "GeneralPolarity": "0",
    "Aspects": [
      {
        "Aspect": "디자인",
        "SentimentText": "디자인이 심플해서 좋습니다.",
        "SentimentWord": "3",
        "SentimentPolarity": "1"
      },
      {
        "Aspect": "품질",
        "SentimentText": "열판에 조그만 스크래치가 있는것 빼고는 다 괜찮아요.",
        "SentimentWord": "7",
        "SentimentPolarity": "-1"
      }
    ]
  },
  {
    "Index": "33769",
    "RawText": "디자인  이뻐서 맘에 들고, 취사기능도 잘되서 밥맛도 좋아요. 지금사용하는데 문제는 업습니다",
    "Source": "쇼핑몰",
    "Domain": "가전",
    "MainCategory": "주방가전",
    "ProductName": "쿠쿠전자 CRP-P0660FD 일반구매",
    "ReviewScore": "4",
    "Syllable": "51",
    "Word": "11",
    "RDate": "20220622",
    "GeneralPolarity": "1",
    "Aspects": [
      {
        "Aspect": "디자인",
        "SentimentText": "디자인  이뻐서 맘에 들고",
        "SentimentWord": "4",
        "SentimentPolarity": "1"
      },
      {
        "Aspect": "기능",
        "SentimentText": "취사기능도 잘되서 밥맛도 좋아요",
        "SentimentWord": "4",
        "SentimentPolarity": "1"
      }
    ]
  },
  {
    "Index": "33770",
    "RawText": "밥솥 자체가 너무 가벼워서 그런지 뚜껑을 열때마다 들썩여서 불편해요. 그것말고는 용량도 넉넉하니 한번에 많은 양을 해서좋아요.",
    "Source": "쇼핑몰",
    "Domain": "가전",
    "MainCategory": "주방가전",
    "ProductName": "쿠쿠전자 CRP-P0660FD 일반구매",
    "ReviewScore": "5",
    "Syllable": "70",
    "Word": "16",
    "RDate": "20211208",
    "GeneralPolarity": "0",
    "Aspects": [
      {
        "Aspect": "무게",
        "SentimentText": "밥솥 자체가 너무 가벼워서 그런지 뚜껑을 열때마다 들썩여서 불편해요.",
        "SentimentWord": "9",
        "SentimentPolarity": "-1"
      },
      {
        "Aspect": "용량",
        "SentimentText": "그것말고는 용량도 넉넉하니 한번에 많은 양을 해서좋아요.",
        "SentimentWord": "7",
        "SentimentPolarity": "1"
      }
    ]
  },
  {
    "Index": "33771",
    "RawText": "디자인도 깔끔하니 만족스러워요. 뚜껑이 따로 분리가 되는 제품이라 위생적이라 좋아요.",
    "Source": "쇼핑몰",
    "Domain": "가전",
    "MainCategory": "주방가전",
    "ProductName": "쿠쿠전자 CRP-P0660FD 일반구매",
    "ReviewScore": "4",
    "Syllable": "47",
    "Word": "10",
    "RDate": "20220418",
    "GeneralPolarity": "1",
    "Aspects": [
      {
        "Aspect": "디자인",
        "SentimentText": "디자인도 깔끔하니 만족스러워요",
        "SentimentWord": "3",
        "SentimentPolarity": "1"
      },
      {
        "Aspect": "편의성",
        "SentimentText": " 뚜껑이 따로 분리가 되는 제품이라 위생적이라 좋아요.",
        "SentimentWord": "7",
        "SentimentPolarity": "1"
      }
    ]
  },
  {
    "Index": "33772",
    "RawText": "뚜껑이 너무 위로 벌러덩 하고 젖혀져서 깜짝놀랬네요. 열때 조심히 열어야해서 번거로워요. 취사랑 밥 짓는건 너무 맛있어요. 잡곡밥도 해봤더니 찰지네요.",
    "Source": "쇼핑몰",
    "Domain": "가전",
    "MainCategory": "주방가전",
    "ProductName": "쿠쿠전자 CRP-P0660FD 일반구매",
    "ReviewScore": "5",
    "Syllable": "84",
    "Word": "19",
    "RDate": "20220224",
    "GeneralPolarity": "0",
    "Aspects": [
      {
        "Aspect": "조작성",
        "SentimentText": "뚜껑이 너무 위로 벌러덩 하고 젖혀져서 깜짝놀랬네요. 열때 조심히 열어야해서 번거로워요.",
        "SentimentWord": "11",
        "SentimentPolarity": "-1"
      },
      {
        "Aspect": "기능",
        "SentimentText": "취사랑 밥 짓는건 너무 맛있어요. 잡곡밥도 해봤더니 찰지네요.",
        "SentimentWord": "8",
        "SentimentPolarity": "1"
      }
    ]
  },
  {
    "Index": "33775",
    "RawText": "깔끔한 블랙컬러가 너무 예뻐서 만족스럽네요. 거기다 디자인까지 심플해서 더 좋구요. 엄마 선물해드렸는데 밥맛까지 좋다면서 만족해하시네요. 취사기능도 훌륭해요",
    "Source": "쇼핑몰",
    "Domain": "가전",
    "MainCategory": "주방가전",
    "ProductName": "쿠쿠전자 CRP-P0660FD 일반구매",
    "ReviewScore": "5",
    "Syllable": "87",
    "Word": "17",
    "RDate": "20211004",
    "GeneralPolarity": "1",
    "Aspects": [
      {
        "Aspect": "색상",
        "SentimentText": "깔끔한 블랙컬러가 너무 예뻐서 만족스럽네요. ",
        "SentimentWord": "5",
        "SentimentPolarity": "1"
      },
      {
        "Aspect": "디자인",
        "SentimentText": "거기다 디자인까지 심플해서 더 좋구요.",
        "SentimentWord": "5",
        "SentimentPolarity": "1"
      },
      {
        "Aspect": "기능",
        "SentimentText": "엄마 선물해드렸는데 밥맛까지 좋다면서 만족해하시네요. 취사기능도 훌륭해요",
        "SentimentWord": "7",
        "SentimentPolarity": "1"
      }
    ]
  },
  {
    "Index": "33776",
    "RawText": "6인용치고는 용량이 넉넉하지 않아서 당황했어요. 생각보다 작아요. 그리고 무엇보다 취사기능 훌륭합니다 밥 찰지게 잘 됩니다.",
    "Source": "쇼핑몰",
    "Domain": "가전",
    "MainCategory": "주방가전",
    "ProductName": "쿠쿠전자 CRP-P0660FD 일반구매",
    "ReviewScore": "5",
    "Syllable": "69",
    "Word": "15",
    "RDate": "20220119",
    "GeneralPolarity": "0",
    "Aspects": [
      {
        "Aspect": "용량",
        "SentimentText": "6인용치고는 용량이 넉넉하지 않아서 당황했어요. 생각보다 작아요. ",
        "SentimentWord": "7",
        "SentimentPolarity": "-1"
      },
      {
        "Aspect": "기능",
        "SentimentText": "그리고 무엇보다 취사기능 훌륭합니다 밥 찰지게 잘 됩니다.",
        "SentimentWord": "8",
        "SentimentPolarity": "1"
      }
    ]
  },
  {
    "Index": "33777",
    "RawText": "10인용 쓰다가 6인용을 사용하니 용량이 작게 느껴지네요ㅎㅎ 아쉽지만 그냥저냥 써야죠 보온기능도 훌륭하고 밥 정말 잘 지어지네요 좋아요.",
    "Source": "쇼핑몰",
    "Domain": "가전",
    "MainCategory": "주방가전",
    "ProductName": "쿠쿠전자 CRP-P0660FD 일반구매",
    "ReviewScore": "5",
    "Syllable": "76",
    "Word": "17",
    "RDate": "20220810",
    "GeneralPolarity": "0",
    "Aspects": [
      {
        "Aspect": "용량",
        "SentimentText": "10인용 쓰다가 6인용을 사용하니 용량이 작게 느껴지네요ㅎㅎ 아쉽지만 그냥저냥 써야죠",
        "SentimentWord": "10",
        "SentimentPolarity": "-1"
      },
      {
        "Aspect": "기능",
        "SentimentText": "보온기능도 훌륭하고 밥 정말 잘 지어지네요 좋아요.",
        "SentimentWord": "7",
        "SentimentPolarity": "1"
      }
    ]
  },
  {
    "Index": "33778",
    "RawText": "밥 지어서 하루 지났는데도 밥이 그대로예요! 보온 기능 훌륭하네요. 좋은제품 저렴하게 잘 구매해서 기분 좋아요.",
    "Source": "쇼핑몰",
    "Domain": "가전",
    "MainCategory": "주방가전",
    "ProductName": "쿠쿠전자 CRP-P0660FD 일반구매",
    "ReviewScore": "5",
    "Syllable": "62",
    "Word": "15",
    "RDate": "20220704",
    "GeneralPolarity": "1",
    "Aspects": [
      {
        "Aspect": "기능",
        "SentimentText": "밥 지어서 하루 지났는데도 밥이 그대로예요! 보온 기능 훌륭하네요",
        "SentimentWord": "9",
        "SentimentPolarity": "1"
      },
      {
        "Aspect": "가격",
        "SentimentText": " 좋은제품 저렴하게 잘 구매해서 기분 좋아요.",
        "SentimentWord": "6",
        "SentimentPolarity": "1"
      }
    ]
  },
  {
    "Index": "33779",
    "RawText": "4인가족이라 6인용 사봤는데 그때그때 밥을 해서 먹을 수 있는 용량이라 딱 좋아요. 청소하기도 굉장히 쉬워서 관리하면 오래쓸것 같아요 좋아요.",
    "Source": "쇼핑몰",
    "Domain": "가전",
    "MainCategory": "주방가전",
    "ProductName": "쿠쿠전자 CRP-P0660FD 일반구매",
    "ReviewScore": "5",
    "Syllable": "79",
    "Word": "19",
    "RDate": "20211202",
    "GeneralPolarity": "1",
    "Aspects": [
      {
        "Aspect": "용량",
        "SentimentText": "4인가족이라 6인용 사봤는데 그때그때 밥을 해서 먹을 수 있는 용량이라 딱 좋아요. ",
        "SentimentWord": "12",
        "SentimentPolarity": "1"
      },
      {
        "Aspect": "편의성",
        "SentimentText": "청소하기도 굉장히 쉬워서 관리하면 오래쓸것 같아요 좋아요.",
        "SentimentWord": "7",
        "SentimentPolarity": "1"
      }
    ]
  },
  {
    "Index": "33780",
    "RawText": "밥솥오자마자 밥 해봤는데 윤기 좔좔에 빨리 되서 너무 좋아요. 디자인도 굉장히 예뻐서 마음에 드네요. 가격까지 저렴해서 넘 완벽해요 좋습니다.",
    "Source": "쇼핑몰",
    "Domain": "가전",
    "MainCategory": "주방가전",
    "ProductName": "쿠쿠전자 CRP-P0660FD 일반구매",
    "ReviewScore": "5",
    "Syllable": "79",
    "Word": "19",
    "RDate": "20220413",
    "GeneralPolarity": "1",
    "Aspects": [
      {
        "Aspect": "기능",
        "SentimentText": "밥솥오자마자 밥 해봤는데 윤기 좔좔에 빨리 되서 너무 좋아요. ",
        "SentimentWord": "9",
        "SentimentPolarity": "1"
      },
      {
        "Aspect": "디자인",
        "SentimentText": " 디자인도 굉장히 예뻐서 마음에 드네요.",
        "SentimentWord": "5",
        "SentimentPolarity": "1"
      },
      {
        "Aspect": "가격",
        "SentimentText": "가격까지 저렴해서 넘 완벽해요 좋습니다.",
        "SentimentWord": "5",
        "SentimentPolarity": "1"
      }
    ]
  },
  {
    "Index": "33784",
    "RawText": "세련된 블랙 색상이 마음에 들어요.  최저가로 저렴하게 잘 샀어요 ^^",
    "Source": "쇼핑몰",
    "Domain": "가전",
    "MainCategory": "주방가전",
    "ProductName": "쿠쿠전자 CRP-P0660FD 일반구매",
    "ReviewScore": "4",
    "Syllable": "39",
    "Word": "10",
    "RDate": "20220212",
    "GeneralPolarity": "1",
    "Aspects": [
      {
        "Aspect": "색상",
        "SentimentText": "세련된 블랙 색상이 마음에 들어요. ",
        "SentimentWord": "5",
        "SentimentPolarity": "1"
      },
      {
        "Aspect": "가격",
        "SentimentText": "최저가로 저렴하게 잘 샀어요 ^^",
        "SentimentWord": "5",
        "SentimentPolarity": "1"
      }
    ]
  },
  {
    "Index": "33785",
    "RawText": "모양도 무난하고 심플해서 질리지 않아요. 취사완료 안내 음성도 나오니 너무 편해요 ㅎㅎ",
    "Source": "쇼핑몰",
    "Domain": "가전",
    "MainCategory": "주방가전",
    "ProductName": "쿠쿠전자 CRP-P0660FD 일반구매",
    "ReviewScore": "5",
    "Syllable": "48",
    "Word": "12",
    "RDate": "20220701",
    "GeneralPolarity": "1",
    "Aspects": [
      {
        "Aspect": "디자인",
        "SentimentText": "모양도 무난하고 심플해서 질리지 않아요",
        "SentimentWord": "5",
        "SentimentPolarity": "1"
      },
      {
        "Aspect": "기능",
        "SentimentText": "취사완료 안내 음성도 나오니 너무 편해요 ㅎㅎ ",
        "SentimentWord": "7",
        "SentimentPolarity": "1"
      }
    ]
  },
  {
    "Index": "33786",
    "RawText": "배송이 빠르고 저렴하게 구매해서 좋아요  ○○○니까 믿을만 합니다. 처음에 씻기전에  기름으로  닦아 봤는데  묻어나오는거 없어요. 잘 사용하겠습니다",
    "Source": "쇼핑몰",
    "Domain": "가전",
    "MainCategory": "주방가전",
    "ProductName": "쿠쿠전자 CRP-P0660FD 일반구매",
    "ReviewScore": "4",
    "Syllable": "83",
    "Word": "17",
    "RDate": "20211128",
    "Aspects": [
      {
        "Aspect": "가격",
        "SentimentText": "저렴하게 구매해서 좋아요",
        "SentimentWord": "3",
        "SentimentPolarity": "1"
      },
      {
        "Aspect": "제조일/제조사",
        "SentimentText": " ○○○니까 믿을만 합니다.",
        "SentimentWord": "3",
        "SentimentPolarity": "1"
      },
      {
        "Aspect": "품질",
        "SentimentText": "처음에 씻기전에  기름으로  닦아 봤는데  묻어나오는거 없어요",
        "SentimentWord": "7",
        "SentimentPolarity": "1"
      }
    ]
  },
  {
    "Index": "33788",
    "RawText": "외관 사이즈 작았으면 바랬는데 사이즈가 생각보다 큽니다 ㅜㅜ 자동세척 기능 있으니 세척 간편하네요",
    "Source": "쇼핑몰",
    "Domain": "가전",
    "MainCategory": "주방가전",
    "ProductName": "쿠쿠전자 CRP-P0660FD 일반구매",
    "ReviewScore": "4",
    "Syllable": "54",
    "Word": "13",
    "RDate": "20211207",
    "GeneralPolarity": "0",
    "Aspects": [
      {
        "Aspect": "사이즈",
        "SentimentText": "외관 사이즈 작았으면 바랬는데 사이즈가 생각보다 큽니다 ㅜㅜ",
        "SentimentWord": "8",
        "SentimentPolarity": "-1"
      },
      {
        "Aspect": "기능",
        "SentimentText": " 자동세척 기능 있으니 세척 간편하네요",
        "SentimentWord": "5",
        "SentimentPolarity": "1"
      }
    ]
  },
  {
    "Index": "33790",
    "RawText": "버튼 누르기가 센서로 되어있는게 아니고, 꾹꾹 눌러야 작동 되네요..예약 기능을 잘 쓰는데 시간을 계산해서 입력해야 되니까 불편합니다.",
    "Source": "쇼핑몰",
    "Domain": "가전",
    "MainCategory": "주방가전",
    "ProductName": "쿠쿠전자 CRP-P0660FD 일반구매",
    "ReviewScore": "3",
    "Syllable": "75",
    "Word": "17",
    "RDate": "20220623",
    "GeneralPolarity": "-1",
    "Aspects": [
      {
        "Aspect": "조작성",
        "SentimentText": "버튼 누르기가 센서로 되어있는게 아니고, 꾹꾹 눌러야 작동 되네요",
        "SentimentWord": "9",
        "SentimentPolarity": "-1"
      },
      {
        "Aspect": "편의성",
        "SentimentText": "예약 기능을 잘 쓰는데 시간을 계산해서 입력해야 되니까 불편합니다.",
        "SentimentWord": "9",
        "SentimentPolarity": "-1"
      }
    ]
  },
  {
    "Index": "33791",
    "RawText": "부모님께 사드렸어요. 밥도 잘되고 맛있다고 부모님이 마음에 들어 하세요. 사용법도 어렵지 않고 쉽다고 하시네요.",
    "Source": "쇼핑몰",
    "Domain": "가전",
    "MainCategory": "주방가전",
    "ProductName": "쿠쿠전자 CRP-P0660FD 일반구매",
    "ReviewScore": "5",
    "Syllable": "62",
    "Word": "14",
    "RDate": "20220410",
    "GeneralPolarity": "1",
    "Aspects": [
      {
        "Aspect": "품질",
        "SentimentText": " 밥도 잘되고 맛있다고 부모님이 마음에 들어 하세요",
        "SentimentWord": "7",
        "SentimentPolarity": "1"
      },
      {
        "Aspect": "조작성",
        "SentimentText": "사용법도 어렵지 않고 쉽다고 하시네요.",
        "SentimentWord": "5",
        "SentimentPolarity": "1"
      }
    ]
  },
  {
    "Index": "33793",
    "RawText": "시골에 계신 어머니께 사드렸어요  디자인도 이쁘고  깔끔해서 좋은데,  밥도 맛있게 되니 만족해 하십니다.",
    "Source": "쇼핑몰",
    "Domain": "가전",
    "MainCategory": "주방가전",
    "ProductName": "쿠쿠전자 CRP-P0660FD 일반구매",
    "ReviewScore": "5",
    "Syllable": "59",
    "Word": "13",
    "RDate": "20220512",
    "GeneralPolarity": "1",
    "Aspects": [
      {
        "Aspect": "디자인",
        "SentimentText": "디자인도 이쁘고  깔끔해서 좋은데,  ",
        "SentimentWord": "4",
        "SentimentPolarity": "1"
      },
      {
        "Aspect": "기능",
        "SentimentText": " 밥도 맛있게 되니 만족해 하십니다.",
        "SentimentWord": "5",
        "SentimentPolarity": "1"
      }
    ]
  },
  {
    "Index": "33794",
    "RawText": "기존 쓰던 브랜드라 다시 구매했습니다.. 요즘 신상 제품 이쁘게 잘나오고  다양한 기능도 많아서 그만큼 가격은 비싸지만  전 기본 기능에 충실한 ㅇㅇㅇ가 좋아 구매 했습니다.  가성비도 너무 훌륭하네요",
    "Source": "쇼핑몰",
    "Domain": "가전",
    "MainCategory": "주방가전",
    "ProductName": "쿠쿠전자 CRP-P0660FD 일반구매",
    "ReviewScore": "5",
    "Syllable": "112",
    "Word": "27",
    "RDate": "20220207",
    "GeneralPolarity": "1",
    "Aspects": [
      {
        "Aspect": "제조일/제조사",
        "SentimentText": "전 기본 기능에 충실한 ㅇㅇㅇ가 좋아 구매 했습니다",
        "SentimentWord": "8",
        "SentimentPolarity": "1"
      },
      {
        "Aspect": "가격",
        "SentimentText": "가성비도 너무 훌륭하네요 ",
        "SentimentWord": "3",
        "SentimentPolarity": "1"
      }
    ]
  },
  {
    "Index": "33795",
    "RawText": "상세설명을  안보고 구매했는데 ih밥솥하고 다르다고 하네요. 올 스텐 제품이 아니여서 별로고,  불량인지 내솥이 흔들립니다.",
    "Source": "쇼핑몰",
    "Domain": "가전",
    "MainCategory": "주방가전",
    "ProductName": "쿠쿠전자 CRP-P0660FD 일반구매",
    "ReviewScore": "5",
    "Syllable": "69",
    "Word": "14",
    "RDate": "20220104",
    "Aspects": [
      {
        "Aspect": "소재",
        "SentimentText": "올 스텐 제품이 아니여서 별로고,",
        "SentimentWord": "5",
        "SentimentPolarity": "-1"
      },
      {
        "Aspect": "품질",
        "SentimentText": "불량인지 내솥이 흔들립니다.",
        "SentimentWord": "3",
        "SentimentPolarity": "-1"
      }
    ]
  },
  {
    "Index": "33796",
    "RawText": "품질 좋은 제품이라 밥이 잘 됩니다. 쇼핑몰에서 카드 할인까지 해줘서 아주  저렴한 가격으로 샀어요",
    "Source": "쇼핑몰",
    "Domain": "가전",
    "MainCategory": "주방가전",
    "ProductName": "쿠쿠전자 CRP-P0660FD 일반구매",
    "ReviewScore": "5",
    "Syllable": "55",
    "Word": "14",
    "RDate": "20220402",
    "GeneralPolarity": "1",
    "Aspects": [
      {
        "Aspect": "품질",
        "SentimentText": "품질 좋은 제품이라 밥이 잘 됩니다.",
        "SentimentWord": "6",
        "SentimentPolarity": "1"
      },
      {
        "Aspect": "가격",
        "SentimentText": "쇼핑몰에서 카드 할인까지 해줘서 아주  저렴한 가격으로 샀어요 ",
        "SentimentWord": "8",
        "SentimentPolarity": "1"
      }
    ]
  },
  {
    "Index": "33798",
    "RawText": "의외로 6인용 작네요 ㅜㅜ 그래도 음성기능도 있고 성능도 좋아 밥도 윤기나게 잘됩니다.배송도  빨라요",
    "Source": "쇼핑몰",
    "Domain": "가전",
    "MainCategory": "주방가전",
    "ProductName": "쿠쿠전자 CRP-P0660FD 일반구매",
    "ReviewScore": "5",
    "Syllable": "56",
    "Word": "13",
    "RDate": "20211231",
    "GeneralPolarity": "1",
    "Aspects": [
      {
        "Aspect": "용량",
        "SentimentText": "의외로 6인용 작네요 ㅜㅜ ",
        "SentimentWord": "4",
        "SentimentPolarity": "-1"
      },
      {
        "Aspect": "기능",
        "SentimentText": "그래도 음성기능도 있고 성능도 좋아 밥도 윤기나게 잘됩니다.",
        "SentimentWord": "8",
        "SentimentPolarity": "1"
      }
    ]
  },
  {
    "Index": "33799",
    "RawText": "지인 추천해서 샀는데 밥이 찰지고 맛있게 됩니다. 매장에서 저렴한  가격에 사서 넘 좋아요",
    "Source": "쇼핑몰",
    "Domain": "가전",
    "MainCategory": "주방가전",
    "ProductName": "쿠쿠전자 CRP-P0660FD 일반구매",
    "ReviewScore": "5",
    "Syllable": "50",
    "Word": "13",
    "RDate": "20211019",
    "GeneralPolarity": "1",
    "Aspects": [
      {
        "Aspect": "기능",
        "SentimentText": "지인 추천해서 샀는데 밥이 찰지고 맛있게 됩니다. ",
        "SentimentWord": "7",
        "SentimentPolarity": "1"
      },
      {
        "Aspect": "가격",
        "SentimentText": ".매장에서 저렴한  가격에 사서 넘 좋아요",
        "SentimentWord": "6",
        "SentimentPolarity": "1"
      }
    ]
  },
  {
    "Index": "33800",
    "RawText": "저렴해서 사긴했는데 외부디자인이  세련되고 좋아 보입니다.  내솥은 얇고 조금 가벼워서 부실할 거 같아 염려되네요. 밥하는데 지장은 없어요. 뚜껑열때 뚜컹  무게가 무거워서 넘어갈듯합니다.",
    "Source": "쇼핑몰",
    "Domain": "가전",
    "MainCategory": "주방가전",
    "ProductName": "쿠쿠전자 CRP-P0660FD 일반구매",
    "ReviewScore": "4",
    "Syllable": "105",
    "Word": "22",
    "RDate": "20211119",
    "GeneralPolarity": "0",
    "Aspects": [
      {
        "Aspect": "디자인",
        "SentimentText": "외부디자인이  세련되고 좋아 보입니다",
        "SentimentWord": "4",
        "SentimentPolarity": "1"
      },
      {
        "Aspect": "내구성",
        "SentimentText": "내솥은 얇고 조금 가벼워서 부실할 거 같아 염려되네요",
        "SentimentWord": "8",
        "SentimentPolarity": "0"
      },
      {
        "Aspect": "무게",
        "SentimentText": "뚜껑열때 뚜컹  무게가 무거워서 넘어갈듯합니다.",
        "SentimentWord": "5",
        "SentimentPolarity": "-1"
      }
    ]
  },
  {
    "Index": "33801",
    "RawText": "밥솥 고장으로 새로 샀어요. 금액도 저렴하게 할인받아서 잘 샀고, 밥이 잘 되고 맛이 좋네요. 용량도 작아서 조금씩 밥해 먹으니 더 맛있어요",
    "Source": "쇼핑몰",
    "Domain": "가전",
    "MainCategory": "주방가전",
    "ProductName": "쿠쿠전자 CRP-P0660FD 일반구매",
    "ReviewScore": "5",
    "Syllable": "78",
    "Word": "21",
    "RDate": "20220518",
    "GeneralPolarity": "1",
    "Aspects": [
      {
        "Aspect": "가격",
        "SentimentText": " 금액도 저렴하게 할인받아서 잘 샀고",
        "SentimentWord": "5",
        "SentimentPolarity": "1"
      },
      {
        "Aspect": "품질",
        "SentimentText": "밥이 잘 되고 맛이 좋네요. ",
        "SentimentWord": "5",
        "SentimentPolarity": "1"
      },
      {
        "Aspect": "용량",
        "SentimentText": " 용량도 작아서 조금씩 밥해 먹으니 더 맛있어요 ",
        "SentimentWord": "7",
        "SentimentPolarity": "1"
      }
    ]
  },
  {
    "Index": "33802",
    "RawText": "사용하던 밥솥 고장으로 구매하게 됐은데  가격도 착해서 좋고, 깔끔한 디자인이 이쁩니다...잘 쓰겠습니다",
    "Source": "쇼핑몰",
    "Domain": "가전",
    "MainCategory": "주방가전",
    "ProductName": "쿠쿠전자 CRP-P0660FD 일반구매",
    "ReviewScore": "5",
    "Syllable": "58",
    "Word": "12",
    "RDate": "20220416",
    "GeneralPolarity": "1",
    "Aspects": [
      {
        "Aspect": "가격",
        "SentimentText": "가격도 착해서 좋고,",
        "SentimentWord": "3",
        "SentimentPolarity": "1"
      },
      {
        "Aspect": "디자인",
        "SentimentText": "깔끔한 디자인이 이쁩니다",
        "SentimentWord": "3",
        "SentimentPolarity": "1"
      }
    ]
  },
  {
    "Index": "33806",
    "RawText": "언니집에 선물로 보냈어요. 언니가 디자인 고급스럽다며 마음에 들어 해서 좋아요. 밥도 하면 찰지고 맛있게 된다고 제품 적극 추천했어요",
    "Source": "쇼핑몰",
    "Domain": "가전",
    "MainCategory": "주방가전",
    "ProductName": "쿠쿠전자 CRP-P0660FD 일반구매",
    "ReviewScore": "5",
    "Syllable": "74",
    "Word": "18",
    "RDate": "20220101",
    "GeneralPolarity": "1",
    "Aspects": [
      {
        "Aspect": "디자인",
        "SentimentText": " 언니가 디자인 고급스럽다며 마음에 들어 해서 좋아요",
        "SentimentWord": "7",
        "SentimentPolarity": "1"
      },
      {
        "Aspect": "품질",
        "SentimentText": "밥도 하면 찰지고 맛있게 된다고 제품 적극 추천했어요 ",
        "SentimentWord": "8",
        "SentimentPolarity": "1"
      }
    ]
  },
  {
    "Index": "33808",
    "RawText": "엄마가 쓰신다고 해서 구매했습니다. 밥이 잘 되 맛나고 건강해지는 것 같데요 색상도 깔끔한 블랙이라서 더 좋으시다고 하시네요",
    "Source": "쇼핑몰",
    "Domain": "가전",
    "MainCategory": "주방가전",
    "ProductName": "쿠쿠전자 CRP-P0660FD 일반구매",
    "ReviewScore": "5",
    "Syllable": "69",
    "Word": "17",
    "RDate": "20220214",
    "GeneralPolarity": "1",
    "Aspects": [
      {
        "Aspect": "품질",
        "SentimentText": "밥이 잘 되 맛나고 건강해지는 것 같데요 ",
        "SentimentWord": "7",
        "SentimentPolarity": "1"
      },
      {
        "Aspect": "색상",
        "SentimentText": " 색상도 깔끔한 블랙이라서 더 좋으시다고 하시네요",
        "SentimentWord": "6",
        "SentimentPolarity": "1"
      }
    ]
  },
  {
    "Index": "33809",
    "RawText": "엄마집에 밥솥 고장이 나서 샀습니다. 밥도 맛있고 디자인도 이뿌고 심플해서 좋아 하세요. 에너지효율도 1등급이라 더 만족해 하시네요~^^",
    "Source": "쇼핑몰",
    "Domain": "가전",
    "MainCategory": "주방가전",
    "ProductName": "쿠쿠전자 CRP-P0660FD 일반구매",
    "ReviewScore": "5",
    "Syllable": "76",
    "Word": "17",
    "RDate": "20220714",
    "GeneralPolarity": "1",
    "Aspects": [
      {
        "Aspect": "디자인",
        "SentimentText": " 디자인도 이뿌고 심플해서 좋아 하세요",
        "SentimentWord": "5",
        "SentimentPolarity": "1"
      },
      {
        "Aspect": "소비전력",
        "SentimentText": "에너지효율도 1등급이라 더 만족해 하시네요~^^",
        "SentimentWord": "5",
        "SentimentPolarity": "1"
      }
    ]
  },
  {
    "Index": "33812",
    "RawText": "역시나 ㅇㅇㅇ는 밥맛도 좋아요~~~ 할인 받아 대박 싸게 샀어요~~^^ 많이 파세요",
    "Source": "쇼핑몰",
    "Domain": "가전",
    "MainCategory": "주방가전",
    "ProductName": "쿠쿠전자 CRP-P0660FD 일반구매",
    "ReviewScore": "5",
    "Syllable": "46",
    "Word": "11",
    "RDate": "20220811",
    "GeneralPolarity": "1",
    "Aspects": [
      {
        "Aspect": "제조일/제조사",
        "SentimentText": "역시나 ㅇㅇㅇ는 밥맛도 좋아요~~~",
        "SentimentWord": "4",
        "SentimentPolarity": "1"
      },
      {
        "Aspect": "가격",
        "SentimentText": " 할인 받아 대박 싸게 샀어요~~^^ ",
        "SentimentWord": "5",
        "SentimentPolarity": "1"
      }
    ]
  },
  {
    "Index": "33814",
    "RawText": "오래만에 밥솥 바꿨는데 저렴한 가격으로 바꿔 덜 부담스러웠습니다. 품질도 우수해 밥이 아주 맛있게 잘되요",
    "Source": "쇼핑몰",
    "Domain": "가전",
    "MainCategory": "주방가전",
    "ProductName": "쿠쿠전자 CRP-P0660FD 일반구매",
    "ReviewScore": "5",
    "Syllable": "58",
    "Word": "14",
    "RDate": "20220206",
    "GeneralPolarity": "1",
    "Aspects": [
      {
        "Aspect": "가격",
        "SentimentText": "오래만에 밥솥 바꿨는데 저렴한 가격으로 바꿔 덜 부담스러웠습니다",
        "SentimentWord": "8",
        "SentimentPolarity": "1"
      },
      {
        "Aspect": "품질",
        "SentimentText": "품질도 우수해 밥이 아주 맛있게 잘되요 ",
        "SentimentWord": "6",
        "SentimentPolarity": "1"
      }
    ]
  },
  {
    "Index": "33815",
    "RawText": "선물로 산거라 좋았으면 했는데  성능기대한 만큼 밥 맛이 특별하게 맛있다고 해서 기분이 좋아요 ^^ 가격은 어디와 비교해도 좋은 가격에 잘 산거 같습니다.",
    "Source": "쇼핑몰",
    "Domain": "가전",
    "MainCategory": "주방가전",
    "ProductName": "쿠쿠전자 CRP-P0660FD 일반구매",
    "ReviewScore": "5",
    "Syllable": "86",
    "Word": "22",
    "RDate": "20211217",
    "GeneralPolarity": "1",
    "Aspects": [
      {
        "Aspect": "기능",
        "SentimentText": "성능 기대한 만큼 밥 맛이 특별하게 맛있다고 해서 기분이 좋아요 ^^",
        "SentimentWord": "11",
        "SentimentPolarity": "1"
      },
      {
        "Aspect": "가격",
        "SentimentText": "가격은 어디와 비교해도 좋은 가격에 잘 산거 같습니다.",
        "SentimentWord": "8",
        "SentimentPolarity": "1"
      }
    ]
  },
  {
    "Index": "33816",
    "RawText": "10인용이랑 6인용 각각 구매 했는데 6인용이 많이 작아 아쉽네요 밥하니 찰지고 맛있는 밥이 잘 지어지네요~ 품질은최고!",
    "Source": "쇼핑몰",
    "Domain": "가전",
    "MainCategory": "주방가전",
    "ProductName": "쿠쿠전자 CRP-P0660FD 일반구매",
    "ReviewScore": "5",
    "Syllable": "67",
    "Word": "16",
    "RDate": "20211207",
    "Aspects": [
      {
        "Aspect": "용량",
        "SentimentText": "10인용이랑 6인용 각각 구매 했는데 6인용이 많이 작아 아쉽네요 ",
        "SentimentWord": "9",
        "SentimentPolarity": "-1"
      },
      {
        "Aspect": "품질",
        "SentimentText": " 밥하니 찰지고 맛있는 밥이 잘 지어지네요~ 품질은최고! ",
        "SentimentWord": "7",
        "SentimentPolarity": "1"
      }
    ]
  },
  {
    "Index": "33819",
    "RawText": "역시나 ㅇㅇㅇ 는 제 몫 하는 제품입니다. 깔끔한 컬러감도  예쁘고 고급지네요",
    "Source": "쇼핑몰",
    "Domain": "가전",
    "MainCategory": "주방가전",
    "ProductName": "쿠쿠전자 CRP-P0660FD 일반구매",
    "ReviewScore": "5",
    "Syllable": "43",
    "Word": "11",
    "RDate": "20220113",
    "GeneralPolarity": "1",
    "Aspects": [
      {
        "Aspect": "제조일/제조사",
        "SentimentText": "역시나 ㅇㅇㅇ 는 제 몫 하는 제품입니다",
        "SentimentWord": "7",
        "SentimentPolarity": "1"
      },
      {
        "Aspect": "색상",
        "SentimentText": " 깔끔한 컬러감도  예쁘고 고급지네요 ",
        "SentimentWord": "4",
        "SentimentPolarity": "1"
      }
    ]
  },
  {
    "Index": "33822",
    "RawText": "밥솥 받자마자 밥 해보니 참 밥 맛있고 윤기나게 잘되요. 그런데 생각보다  용량은 작은 듯해서 아쉽네요",
    "Source": "쇼핑몰",
    "Domain": "가전",
    "MainCategory": "주방가전",
    "ProductName": "쿠쿠전자 CRP-P0660FD 일반구매",
    "ReviewScore": "5",
    "Syllable": "57",
    "Word": "15",
    "RDate": "20220818",
    "GeneralPolarity": "0",
    "Aspects": [
      {
        "Aspect": "품질",
        "SentimentText": "밥솥 받자마자 밥 해보니 참 밥 맛있고 윤기나게 잘되요.  ",
        "SentimentWord": "9",
        "SentimentPolarity": "1"
      },
      {
        "Aspect": "용량",
        "SentimentText": "그런데 생각보다  용량은 작은 듯해서 아쉽네요",
        "SentimentWord": "6",
        "SentimentPolarity": "-1"
      }
    ]
  },
  {
    "Index": "33826",
    "RawText": "착한 가격에 디자인도 이쁘고 성능 또한 우수한 밥솥 구매하게 되어 좋아요~여러가지  밥할 수 있는 기능 있어 좋고!  세척하는 것도 어렵지 않고 편합니다. 다만 보온 기능은 아쉽네요. 긴 시간이 아닌데도 밥이 변색됩니다.. 사랑하는 가족 끼니 담당하고 있는 이쁜 밥솥입니다",
    "Source": "쇼핑몰",
    "Domain": "가전",
    "MainCategory": "주방가전",
    "ProductName": "쿠쿠전자 CRP-P0660FD 일반구매",
    "ReviewScore": "5",
    "Syllable": "152",
    "Word": "38",
    "RDate": "20220322",
    "GeneralPolarity": "1",
    "Aspects": [
      {
        "Aspect": "가격",
        "SentimentText": "착한 가격에 디자인도 이쁘고 성능 또한 우수한 밥솥 구매하게 되어 좋아요",
        "SentimentWord": "11",
        "SentimentPolarity": "1"
      },
      {
        "Aspect": "디자인",
        "SentimentText": "디자인도 이쁘고 성능 또한 우수한 밥솥 구매하게 되어 좋아요",
        "SentimentWord": "9",
        "SentimentPolarity": "1"
      },
      {
        "Aspect": "기능",
        "SentimentText": "성능 또한 우수한 밥솥 구매하게 되어 좋아요",
        "SentimentWord": "7",
        "SentimentPolarity": "1"
      },
      {
        "Aspect": "기능",
        "SentimentText": "여러가지  밥할 수 있는 기능 있어 좋고! ",
        "SentimentWord": "7",
        "SentimentPolarity": "1"
      },
      {
        "Aspect": "편의성",
        "SentimentText": " 세척하는 것도 어렵지 않고 편합니다. ",
        "SentimentWord": "5",
        "SentimentPolarity": "1"
      },
      {
        "Aspect": "기능",
        "SentimentText": " 다만 보온 기능은 아쉽네요. 긴 시간이 아닌데도 밥이 변색됩니다.",
        "SentimentWord": "9",
        "SentimentPolarity": "-1"
      }
    ]
  },
  {
    "Index": "33827",
    "RawText": "아주 착한 가격에 잘 산 듯합니다. 6인용 샀는데 적당한 크기라 쓰기 좋아요. 하지만 열판쪽이 음식물이 들어가면 청소하기 좀 불편해요",
    "Source": "쇼핑몰",
    "Domain": "가전",
    "MainCategory": "주방가전",
    "ProductName": "쿠쿠전자 CRP-P0660FD 일반구매",
    "ReviewScore": "5",
    "Syllable": "74",
    "Word": "19",
    "RDate": "20220716",
    "GeneralPolarity": "0",
    "Aspects": [
      {
        "Aspect": "가격",
        "SentimentText": "착한 가격에 잘 산 듯합니다",
        "SentimentWord": "5",
        "SentimentPolarity": "1"
      },
      {
        "Aspect": "용량",
        "SentimentText": " 6인용 샀는데 적당한 크기라 쓰기 좋아요. ",
        "SentimentWord": "6",
        "SentimentPolarity": "1"
      },
      {
        "Aspect": "편의성",
        "SentimentText": " 열판쪽이 음식물이 들어가면 청소하기 좀 불편해요 ",
        "SentimentWord": "6",
        "SentimentPolarity": "-1"
      }
    ]
  },
  {
    "Index": "33830",
    "RawText": "가격이 싸서 좋네요~ 밥이 너무 잘 되 말이 필요 없어요~~~꿀 맛 같은 밥  굿~~",
    "Source": "쇼핑몰",
    "Domain": "가전",
    "MainCategory": "주방가전",
    "ProductName": "쿠쿠전자 CRP-P0660FD 일반구매",
    "ReviewScore": "5",
    "Syllable": "47",
    "Word": "14",
    "RDate": "20220203",
    "GeneralPolarity": "1",
    "Aspects": [
      {
        "Aspect": "가격",
        "SentimentText": "가격이 싸서 좋네요~",
        "SentimentWord": "3",
        "SentimentPolarity": "1"
      },
      {
        "Aspect": "품질",
        "SentimentText": "밥이 너무 잘 되 말이 필요 없어요~~~꿀 맛 같은 밥  굿~~",
        "SentimentWord": "11",
        "SentimentPolarity": "1"
      }
    ]
  },
  {
    "Index": "33834",
    "RawText": "쪼꼬만 밥솥 녀석이 말까지 해줘서 고마워요^^  디자인도 깜찍하고  귀여워운 녀석이이네요ㅋㅋㅋ",
    "Source": "쇼핑몰",
    "Domain": "가전",
    "MainCategory": "주방가전",
    "ProductName": "쿠쿠전자 CRP-P0660FD 일반구매",
    "ReviewScore": "5",
    "Syllable": "52",
    "Word": "10",
    "RDate": "20220503",
    "GeneralPolarity": "1",
    "Aspects": [
      {
        "Aspect": "기능",
        "SentimentText": "쪼꼬만 밥솥 녀석이 말까지 해줘서 고마워요^^  ",
        "SentimentWord": "6",
        "SentimentPolarity": "1"
      },
      {
        "Aspect": "디자인",
        "SentimentText": "디자인도 깜찍하고  귀여워운 녀석이이네요ㅋㅋㅋ ",
        "SentimentWord": "4",
        "SentimentPolarity": "1"
      }
    ]
  },
  {
    "Index": "33835",
    "RawText": "저렴한 가격에 구매해서 좋네요~ 그런데 기능들이 다 별로예요 쾌속 기능을 사용하면 밥이 누룽지가 되어버려요",
    "Source": "쇼핑몰",
    "Domain": "가전",
    "MainCategory": "주방가전",
    "ProductName": "쿠쿠전자 CRP-P0660FD 일반구매",
    "ReviewScore": "3",
    "Syllable": "59",
    "Word": "14",
    "RDate": "20211203",
    "GeneralPolarity": "0",
    "Aspects": [
      {
        "Aspect": "가격",
        "SentimentText": "저렴한 가격에 구매해서 좋네요~ ",
        "SentimentWord": "4",
        "SentimentPolarity": "1"
      },
      {
        "Aspect": "기능",
        "SentimentText": "기능들이 다 별로예요 쾌속 기능을 사용하면 밥이 누룽지가 되어버려요",
        "SentimentWord": "9",
        "SentimentPolarity": "-1"
      }
    ]
  },
  {
    "Index": "33837",
    "RawText": "역시 밥솥은 ooo 따라 갈 수가 없어요 너무 만족합니다. 그런데 사용할 때마다 이상한 소음이 있어서 거슬려요",
    "Source": "쇼핑몰",
    "Domain": "가전",
    "MainCategory": "주방가전",
    "ProductName": "쿠쿠전자 CRP-P0660FD 일반구매",
    "ReviewScore": "4",
    "Syllable": "61",
    "Word": "16",
    "RDate": "20220811",
    "GeneralPolarity": "0",
    "Aspects": [
      {
        "Aspect": "제조일/제조사",
        "SentimentText": "역시 밥솥은 ooo 따라 갈 수가 없어요 너무 만족합니다.",
        "SentimentWord": "9",
        "SentimentPolarity": "1"
      },
      {
        "Aspect": "소음",
        "SentimentText": "사용할 때마다 이상한 소음이 있어서 거슬려요",
        "SentimentWord": "6",
        "SentimentPolarity": "-1"
      }
    ]
  },
  {
    "Index": "33839",
    "RawText": "밥이 너무 찰 지고 맛있게 잘돼서 마음에 쏙 듭니다~ 쿠폰이 있어서 저렴하게 구매 할 수 있어서 너무 만족해요 색상도 블랙으로 너무 고급스럽고 예쁘네요",
    "Source": "쇼핑몰",
    "Domain": "가전",
    "MainCategory": "주방가전",
    "ProductName": "쿠쿠전자 CRP-P0660FD 일반구매",
    "ReviewScore": "5",
    "Syllable": "84",
    "Word": "23",
    "RDate": "20220822",
    "GeneralPolarity": "1",
    "Aspects": [
      {
        "Aspect": "기능",
        "SentimentText": "밥이 너무 찰 지고 맛있게 잘돼서 마음에 쏙 듭니다~ ",
        "SentimentWord": "9",
        "SentimentPolarity": "1"
      },
      {
        "Aspect": "가격",
        "SentimentText": "쿠폰이 있어서 저렴하게 구매 할 수 있어서 너무 만족해요 ",
        "SentimentWord": "9",
        "SentimentPolarity": "1"
      },
      {
        "Aspect": "색상",
        "SentimentText": "색상도 블랙으로 너무 고급스럽고 예쁘네요",
        "SentimentWord": "5",
        "SentimentPolarity": "1"
      }
    ]
  },
  {
    "Index": "33842",
    "RawText": "쿠폰 있어서 저렴하게 밥 솥을 구매했네요~ 너무 기분이 좋아요!! 에너지 효율도 1등급이라 너무 만족스럽습니다",
    "Source": "쇼핑몰",
    "Domain": "가전",
    "MainCategory": "주방가전",
    "ProductName": "쿠쿠전자 CRP-P0660FD 일반구매",
    "ReviewScore": "5",
    "Syllable": "61",
    "Word": "14",
    "RDate": "20211105",
    "GeneralPolarity": "1",
    "Aspects": [
      {
        "Aspect": "가격",
        "SentimentText": "쿠폰 있어서 저렴하게 밥 솥을 구매했네요~ 너무 기분이 좋아요!!",
        "SentimentWord": "9",
        "SentimentPolarity": "1"
      },
      {
        "Aspect": "소비전력",
        "SentimentText": "에너지 효율도 1등급이라 너무 만족스럽습니다",
        "SentimentWord": "5",
        "SentimentPolarity": "1"
      }
    ]
  },
  {
    "Index": "33843",
    "RawText": "디자인도 무난해서 부모님댁에서 쓰기 좋네요. 밥도 맛있는데 할인 된 가격이 더 마음에 들어요",
    "Source": "쇼핑몰",
    "Domain": "가전",
    "MainCategory": "주방가전",
    "ProductName": "쿠쿠전자 CRP-P1055FD",
    "ReviewScore": "5",
    "Syllable": "51",
    "Word": "13",
    "RDate": "20210710",
    "GeneralPolarity": "1",
    "Aspects": [
      {
        "Aspect": "디자인",
        "SentimentText": "디자인도 무난해서 부모님댁에서 쓰기 좋네요. ",
        "SentimentWord": "5",
        "SentimentPolarity": "1"
      },
      {
        "Aspect": "가격",
        "SentimentText": "밥도 맛있는데 할인 된 가격이 더 마음에 들어요 ",
        "SentimentWord": "8",
        "SentimentPolarity": "1"
      }
    ]
  },
  {
    "Index": "33844",
    "RawText": "품질이 전에 쓰던 거 보다 별로예요~ 그래도 저렴하게 구매할 수 있었으니 만족입니다.",
    "Source": "쇼핑몰",
    "Domain": "가전",
    "MainCategory": "주방가전",
    "ProductName": "쿠쿠전자 CRP-P1055FD",
    "ReviewScore": "5",
    "Syllable": "47",
    "Word": "12",
    "RDate": "20210530",
    "GeneralPolarity": "0",
    "Aspects": [
      {
        "Aspect": "품질",
        "SentimentText": "품질이 전에 쓰던 거 보다 별로예요~ ",
        "SentimentWord": "6",
        "SentimentPolarity": "-1"
      },
      {
        "Aspect": "가격",
        "SentimentText": "저렴하게 구매할 수 있었으니 만족입니다.",
        "SentimentWord": "5",
        "SentimentPolarity": "1"
      }
    ]
  },
  {
    "Index": "33845",
    "RawText": "성능은 별로.. 밥이 누르고 맛이 없게 됩니다. 그리고 밥솥은 큰데 주걱이 너무 작아요;; 구성품까지 별로예요",
    "Source": "쇼핑몰",
    "Domain": "가전",
    "MainCategory": "주방가전",
    "ProductName": "쿠쿠전자 CRP-P1055FD",
    "ReviewScore": "5",
    "Syllable": "61",
    "Word": "15",
    "RDate": "20210903",
    "GeneralPolarity": "-1",
    "Aspects": [
      {
        "Aspect": "기능",
        "SentimentText": "성능은 별로.. 밥이 누르고 맛이 없게 됩니다.",
        "SentimentWord": "7",
        "SentimentPolarity": "-1"
      },
      {
        "Aspect": "제품구성",
        "SentimentText": "밥솥은 큰데 주걱이 너무 작아요;; 구성품까지 별로예요",
        "SentimentWord": "7",
        "SentimentPolarity": "-1"
      }
    ]
  },
  {
    "Index": "33849",
    "RawText": "디자인 고급스러워서 마음에 듭니다. 쿠폰 써서 저렴하게 구매해서 만족하고요~",
    "Source": "쇼핑몰",
    "Domain": "가전",
    "MainCategory": "주방가전",
    "ProductName": "쿠쿠전자 CRP-P1055FD",
    "ReviewScore": "4",
    "Syllable": "42",
    "Word": "9",
    "RDate": "20220311",
    "GeneralPolarity": "1",
    "Aspects": [
      {
        "Aspect": "디자인",
        "SentimentText": "디자인 고급스러워서 마음에 듭니다.",
        "SentimentWord": "4",
        "SentimentPolarity": "1"
      },
      {
        "Aspect": "가격",
        "SentimentText": "쿠폰 써서 저렴하게 구매해서 만족하고요~ ",
        "SentimentWord": "5",
        "SentimentPolarity": "1"
      }
    ]
  },
  {
    "Index": "33850",
    "RawText": "다른 사이트보다 저렴하게 구매 할 수 있어서 좋아요~ 기능도 좋아서 밥이 너무 잘되네요~ 굿굿",
    "Source": "쇼핑몰",
    "Domain": "가전",
    "MainCategory": "주방가전",
    "ProductName": "쿠쿠전자 CRP-P1055FD",
    "ReviewScore": "5",
    "Syllable": "52",
    "Word": "14",
    "RDate": "20200625",
    "GeneralPolarity": "1",
    "Aspects": [
      {
        "Aspect": "가격",
        "SentimentText": "다른 사이트보다 저렴하게 구매 할 수 있어서 좋아요~",
        "SentimentWord": "8",
        "SentimentPolarity": "1"
      },
      {
        "Aspect": "기능",
        "SentimentText": "기능도 좋아서 밥이 너무 잘되네요~ 굿굿",
        "SentimentWord": "6",
        "SentimentPolarity": "1"
      }
    ]
  },
  {
    "Index": "33851",
    "RawText": "오프라인보다 싸게 구매 했어요! 기분 최고~ 기능도 좋아요 밥이 윤기가 좌르르~ 너무 맛있네요",
    "Source": "쇼핑몰",
    "Domain": "가전",
    "MainCategory": "주방가전",
    "ProductName": "쿠쿠전자 CRP-P1055FD",
    "ReviewScore": "5",
    "Syllable": "52",
    "Word": "13",
    "RDate": "20210422",
    "GeneralPolarity": "1",
    "Aspects": [
      {
        "Aspect": "가격",
        "SentimentText": "오프라인보다 싸게 구매 했어요! 기분 최고~",
        "SentimentWord": "6",
        "SentimentPolarity": "1"
      },
      {
        "Aspect": "기능",
        "SentimentText": "기능도 좋아요 밥이 윤기가 좌르르~ 너무 맛있네요",
        "SentimentWord": "7",
        "SentimentPolarity": "1"
      }
    ]
  },
  {
    "Index": "33852",
    "RawText": "저렴하게 구매해서 가격으로 봤을 때 마음에 듭니다. 그런데 보온 기능을 쓰면 밥이 다 말라버려서 짜증나네요",
    "Source": "쇼핑몰",
    "Domain": "가전",
    "MainCategory": "주방가전",
    "ProductName": "쿠쿠전자 CRP-P1055FD",
    "ReviewScore": "2",
    "Syllable": "59",
    "Word": "15",
    "RDate": "20200508",
    "GeneralPolarity": "0",
    "Aspects": [
      {
        "Aspect": "가격",
        "SentimentText": "저렴하게 구매해서 가격으로 봤을 때 마음에 듭니다.",
        "SentimentWord": "7",
        "SentimentPolarity": "1"
      },
      {
        "Aspect": "기능",
        "SentimentText": "보온 기능을 쓰면 밥이 다 말라버려서 짜증나네요 ",
        "SentimentWord": "7",
        "SentimentPolarity": "-1"
      }
    ]
  },
  {
    "Index": "33853",
    "RawText": "저렴한 가격에 사서 기분은 매우 좋습니다~ 그런데 사용하다 보니 밥솥이 뚜껑이 잘 안 닫히네요 품질이 별로예요.",
    "Source": "쇼핑몰",
    "Domain": "가전",
    "MainCategory": "주방가전",
    "ProductName": "쿠쿠전자 CRP-P1055FD",
    "ReviewScore": "5",
    "Syllable": "62",
    "Word": "16",
    "RDate": "20220312",
    "GeneralPolarity": "0",
    "Aspects": [
      {
        "Aspect": "가격",
        "SentimentText": "저렴한 가격에 사서 기분은 매우 좋습니다~",
        "SentimentWord": "6",
        "SentimentPolarity": "1"
      },
      {
        "Aspect": "품질",
        "SentimentText": "사용하다 보니 밥솥이 뚜껑이 잘 안 닫히네요 품질이 별로예요.  ",
        "SentimentWord": "9",
        "SentimentPolarity": "-1"
      }
    ]
  },
  {
    "Index": "33855",
    "RawText": "가격 저렴하니 착하네요. 디자인도  싼 티 안 나고 고급스러워 보여 너무 좋아요.",
    "Source": "쇼핑몰",
    "Domain": "가전",
    "MainCategory": "주방가전",
    "ProductName": "쿠쿠전자 CRP-P1055FD",
    "ReviewScore": "5",
    "Syllable": "45",
    "Word": "12",
    "RDate": "20220524",
    "GeneralPolarity": "1",
    "Aspects": [
      {
        "Aspect": "가격",
        "SentimentText": "가격 저렴하니 착하네요.",
        "SentimentWord": "3",
        "SentimentPolarity": "1"
      },
      {
        "Aspect": "디자인",
        "SentimentText": "디자인도  싼 티 안 나고 고급스러워 보여 너무 좋아요. ",
        "SentimentWord": "9",
        "SentimentPolarity": "1"
      }
    ]
  },
  {
    "Index": "33856",
    "RawText": "소프트 스팀캡이 있어서 소음이 아예 없어요 너무 좋습니다. 내 솥이 스테인리스라 세척하기도 좋네요",
    "Source": "쇼핑몰",
    "Domain": "가전",
    "MainCategory": "주방가전",
    "ProductName": "쿠쿠전자 CRP-P1055FD",
    "ReviewScore": "5",
    "Syllable": "54",
    "Word": "13",
    "RDate": "20210301",
    "GeneralPolarity": "1",
    "Aspects": [
      {
        "Aspect": "소음",
        "SentimentText": "소프트 스팀캡이 있어서 소음이 아예 없어요 너무 좋습니다.",
        "SentimentWord": "8",
        "SentimentPolarity": "1"
      },
      {
        "Aspect": "소재",
        "SentimentText": "내 솥이 스테인리스라 세척하기도 좋네요",
        "SentimentWord": "5",
        "SentimentPolarity": "1"
      }
    ]
  },
  {
    "Index": "33857",
    "RawText": "기능에 아주 충실한 제품입니다. 밥이 너무 맛있게 잘 되거든요~ 디자인도 아주 깔끔해서 주방이 환해지네요",
    "Source": "쇼핑몰",
    "Domain": "가전",
    "MainCategory": "주방가전",
    "ProductName": "쿠쿠전자 CRP-P1055FD",
    "ReviewScore": "5",
    "Syllable": "58",
    "Word": "14",
    "RDate": "20210223",
    "GeneralPolarity": "1",
    "Aspects": [
      {
        "Aspect": "기능",
        "SentimentText": "기능에 아주 충실한 제품입니다. 밥이 너무 맛있게 잘 되거든요~",
        "SentimentWord": "9",
        "SentimentPolarity": "1"
      },
      {
        "Aspect": "디자인",
        "SentimentText": "디자인도 아주 깔끔해서 주방이 환해지네요",
        "SentimentWord": "5",
        "SentimentPolarity": "1"
      }
    ]
  },
  {
    "Index": "33859",
    "RawText": "내 솥이 스테인리스인 줄 알았는데 일반 재질이었어요.. 실망이네요. 디자인도 사진보다 안 예뻐서 별로입니다",
    "Source": "쇼핑몰",
    "Domain": "가전",
    "MainCategory": "주방가전",
    "ProductName": "쿠쿠전자 CRP-P1055FD",
    "ReviewScore": "2",
    "Syllable": "59",
    "Word": "13",
    "RDate": "20200430",
    "GeneralPolarity": "-1",
    "Aspects": [
      {
        "Aspect": "소재",
        "SentimentText": "내 솥이 스테인리스인 줄 알았는데 일반 재질이었어요.. 실망이네요.",
        "SentimentWord": "8",
        "SentimentPolarity": "-1"
      },
      {
        "Aspect": "디자인",
        "SentimentText": "디자인도 사진보다 안 예뻐서 별로입니다",
        "SentimentWord": "5",
        "SentimentPolarity": "-1"
      }
    ]
  },
  {
    "Index": "33860",
    "RawText": "내솥 재질 보고  싼티나는 것 같아 조금 실망했는데 밥은 잘 되 그냥써요  음성기능도 있어 잘 쓰고는 있어용 가격도 할인 받아 저렴했네요",
    "Source": "쇼핑몰",
    "Domain": "가전",
    "MainCategory": "주방가전",
    "ProductName": "쿠쿠전자 CRP-P1055FD",
    "ReviewScore": "4",
    "Syllable": "76",
    "Word": "21",
    "RDate": "20200531",
    "GeneralPolarity": "1",
    "Aspects": [
      {
        "Aspect": "소재",
        "SentimentText": "내솥 재질 보고  싼티나는 것 같아 조금 실망했는데 밥은 잘 되 그냥써요",
        "SentimentWord": "12",
        "SentimentPolarity": "0"
      },
      {
        "Aspect": "기능",
        "SentimentText": "음성기능도 있어 잘 쓰고는 있어용",
        "SentimentWord": "5",
        "SentimentPolarity": "1"
      },
      {
        "Aspect": "가격",
        "SentimentText": " 가격도 할인 받아 저렴했네요  ",
        "SentimentWord": "4",
        "SentimentPolarity": "1"
      }
    ]
  },
  {
    "Index": "33862",
    "RawText": "디자인이 일단 너무 마음에 들어요 고급스러워 보이거든요~ 가격도 타 사이트보다 저렴하게 구매할 수 있었어요 최고^^",
    "Source": "쇼핑몰",
    "Domain": "가전",
    "MainCategory": "주방가전",
    "ProductName": "쿠쿠전자 CRP-P1055FD",
    "ReviewScore": "5",
    "Syllable": "64",
    "Word": "15",
    "RDate": "20210123",
    "GeneralPolarity": "1",
    "Aspects": [
      {
        "Aspect": "디자인",
        "SentimentText": "디자인이 일단 너무 마음에 들어요 고급스러워 보이거든요~",
        "SentimentWord": "7",
        "SentimentPolarity": "1"
      },
      {
        "Aspect": "가격",
        "SentimentText": "가격도 타 사이트보다 저렴하게 구매할 수 있었어요 최고^^",
        "SentimentWord": "8",
        "SentimentPolarity": "1"
      }
    ]
  },
  {
    "Index": "33863",
    "RawText": "밥 하는 소리는 조용해서 좋습니다~ 그런데 밥 솥 뚜껑이 잘 안 닫혀서 불편합니다.  뚜껑 재질은 스테인리스라 코팅이 벗겨지진 않아서 좋네요~",
    "Source": "쇼핑몰",
    "Domain": "가전",
    "MainCategory": "주방가전",
    "ProductName": "쿠쿠전자 CRP-P1055FD",
    "ReviewScore": "4",
    "Syllable": "79",
    "Word": "20",
    "RDate": "20200514",
    "GeneralPolarity": "0",
    "Aspects": [
      {
        "Aspect": "소음",
        "SentimentText": "밥 하는 소리는 조용해서 좋습니다~",
        "SentimentWord": "5",
        "SentimentPolarity": "1"
      },
      {
        "Aspect": "편의성",
        "SentimentText": "밥 솥 뚜껑이 잘 안 닫혀서 불편합니다.",
        "SentimentWord": "7",
        "SentimentPolarity": "-1"
      },
      {
        "Aspect": "소재",
        "SentimentText": "뚜껑 재질은 스테인리스라 코팅이 벗겨지진 않아서 좋네요~",
        "SentimentWord": "7",
        "SentimentPolarity": "1"
      }
    ]
  },
  {
    "Index": "33864",
    "RawText": "찜 기능 시간 조절 기능이 있어서 너무 좋아요~ 내 솥도 다른 밥 솥보다 가벼워서 저는 마음에 듭니다^^",
    "Source": "쇼핑몰",
    "Domain": "가전",
    "MainCategory": "주방가전",
    "ProductName": "쿠쿠전자 CRP-P1055FD",
    "ReviewScore": "5",
    "Syllable": "58",
    "Word": "17",
    "RDate": "20200812",
    "GeneralPolarity": "1",
    "Aspects": [
      {
        "Aspect": "기능",
        "SentimentText": "찜 기능 시간 조절 기능이 있어서 너무 좋아요~",
        "SentimentWord": "8",
        "SentimentPolarity": "1"
      },
      {
        "Aspect": "무게",
        "SentimentText": "내 솥도 다른 밥 솥보다 가벼워서 저는 마음에 듭니다^^",
        "SentimentWord": "9",
        "SentimentPolarity": "1"
      }
    ]
  },
  {
    "Index": "33867",
    "RawText": "10인용인데 무식해 보이지 않는 이쁜 디자인이예요. 가격까지 많이 할인 받았어요~^^~그래서 하나 더 사고 싶어요",
    "Source": "쇼핑몰",
    "Domain": "가전",
    "MainCategory": "주방가전",
    "ProductName": "쿠쿠전자 CRP-P1055FD",
    "ReviewScore": "5",
    "Syllable": "63",
    "Word": "14",
    "RDate": "20210403",
    "GeneralPolarity": "1",
    "Aspects": [
      {
        "Aspect": "디자인",
        "SentimentText": "10인용인데 무식해 보이지 않는 이쁜 디자인이예요 ",
        "SentimentWord": "6",
        "SentimentPolarity": "1"
      },
      {
        "Aspect": "가격",
        "SentimentText": "가격까지 많이 할인 받았어요~^^~",
        "SentimentWord": "4",
        "SentimentPolarity": "1"
      }
    ]
  },
  {
    "Index": "33868",
    "RawText": "역시 밥솥은 ooo 언제 구입해도 항상 만족입니다 ~ 가격도 저렴하게 잘 사서 기분 좋고요~ 기능도 좋아서 밥이 너무 맛있게 잘돼요~ 굿",
    "Source": "쇼핑몰",
    "Domain": "가전",
    "MainCategory": "주방가전",
    "ProductName": "쿠쿠전자 CRP-P1055FD",
    "ReviewScore": "5",
    "Syllable": "76",
    "Word": "21",
    "RDate": "20200428",
    "GeneralPolarity": "1",
    "Aspects": [
      {
        "Aspect": "제조일/제조사",
        "SentimentText": "역시 밥솥은 ooo 언제 구입해도 항상 만족입니다 ~",
        "SentimentWord": "8",
        "SentimentPolarity": "1"
      },
      {
        "Aspect": "가격",
        "SentimentText": "가격도 저렴하게 잘 사서 기분 좋고요~",
        "SentimentWord": "6",
        "SentimentPolarity": "1"
      },
      {
        "Aspect": "기능",
        "SentimentText": "기능도 좋아서 밥이 너무 맛있게 잘돼요~ 굿",
        "SentimentWord": "7",
        "SentimentPolarity": "1"
      }
    ]
  },
  {
    "Index": "33873",
    "RawText": "기능이 여러가지라 다양한 요리도 할 수 있고 좋아요~ 그런데 내 솥이 너무 얇아서 저는 별로네요 ㅠ",
    "Source": "쇼핑몰",
    "Domain": "가전",
    "MainCategory": "주방가전",
    "ProductName": "쿠쿠전자 CRP-P1055FD",
    "ReviewScore": "3",
    "Syllable": "55",
    "Word": "16",
    "RDate": "20220206",
    "GeneralPolarity": "0",
    "Aspects": [
      {
        "Aspect": "기능",
        "SentimentText": "기능이 여러가지라 다양한 요리도 할 수 있고 좋아요~",
        "SentimentWord": "8",
        "SentimentPolarity": "1"
      },
      {
        "Aspect": "소재",
        "SentimentText": "내 솥이 너무 얇아서 저는 별로네요 ㅠ",
        "SentimentWord": "7",
        "SentimentPolarity": "-1"
      }
    ]
  },
  {
    "Index": "33874",
    "RawText": "일단 오프라인보다 저렴하게 구매할 수 있어서 너무 좋았고요~!! ooo는 역시 밥솥 최강 브랜드에요~ 항상 만족합니다.",
    "Source": "쇼핑몰",
    "Domain": "가전",
    "MainCategory": "주방가전",
    "ProductName": "쿠쿠전자 CRP-P1055FD",
    "ReviewScore": "5",
    "Syllable": "66",
    "Word": "15",
    "RDate": "20220427",
    "GeneralPolarity": "1",
    "Aspects": [
      {
        "Aspect": "가격",
        "SentimentText": "일단 오프라인보다 저렴하게 구매할 수 있어서 너무 좋았고요~!! ",
        "SentimentWord": "8",
        "SentimentPolarity": "1"
      },
      {
        "Aspect": "제조일/제조사",
        "SentimentText": "ooo는 역시 밥솥 최강 브랜드에요~ 항상 만족합니다. ",
        "SentimentWord": "7",
        "SentimentPolarity": "1"
      }
    ]
  },
  {
    "Index": "33877",
    "RawText": "밥 솥 사용할 때 소음이 조용해서 너무 좋아요. 밥 솥 내부는 저렴한 소재로 되어있어서 싼 티가 나네요. 그래도 기능은 좋은 거 같아요 밥은 맛있게 잘되니 만족합니다",
    "Source": "쇼핑몰",
    "Domain": "가전",
    "MainCategory": "주방가전",
    "ProductName": "쿠쿠전자 CRP-P1055FD",
    "ReviewScore": "5",
    "Syllable": "92",
    "Word": "26",
    "RDate": "20200809",
    "GeneralPolarity": "1",
    "Aspects": [
      {
        "Aspect": "소음",
        "SentimentText": "밥 솥 사용할 때 소음이 조용해서 너무 좋아요. ",
        "SentimentWord": "8",
        "SentimentPolarity": "1"
      },
      {
        "Aspect": "소재",
        "SentimentText": "밥 솥 내부는 저렴한 소재로 되어있어서 싼 티가 나네요. ",
        "SentimentWord": "9",
        "SentimentPolarity": "-1"
      },
      {
        "Aspect": "기능",
        "SentimentText": "기능은 좋은 거 같아요 밥은 맛있게 잘되니 만족합니다 ",
        "SentimentWord": "8",
        "SentimentPolarity": "1"
      }
    ]
  },
  {
    "Index": "33882",
    "RawText": "저렴하게 구매해서 일단 만족하고, 디자인도 깔끔하고 예뻐서 마음에 듭니다. 그런데 시간 설정 기능이 없어서 불편해요 ㅠㅠ",
    "Source": "쇼핑몰",
    "Domain": "가전",
    "MainCategory": "주방가전",
    "ProductName": "쿠쿠전자 CRP-P1055FD",
    "ReviewScore": "4",
    "Syllable": "67",
    "Word": "16",
    "RDate": "20211004",
    "GeneralPolarity": "0",
    "Aspects": [
      {
        "Aspect": "가격",
        "SentimentText": "저렴하게 구매해서 일단 만족하고,",
        "SentimentWord": "4",
        "SentimentPolarity": "1"
      },
      {
        "Aspect": "디자인",
        "SentimentText": "디자인도 깔끔하고 예뻐서 마음에 듭니다. ",
        "SentimentWord": "5",
        "SentimentPolarity": "1"
      },
      {
        "Aspect": "기능",
        "SentimentText": "시간 설정 기능이 없어서 불편해요 ㅠㅠ ",
        "SentimentWord": "6",
        "SentimentPolarity": "-1"
      }
    ]
  },
  {
    "Index": "33884",
    "RawText": "후기를 보고 많이 걱정했어는데~성능도 너무나 좋아 밥 진짜 맛있고 가격도 최저가로 사서 전 아주 좋아요",
    "Source": "쇼핑몰",
    "Domain": "가전",
    "MainCategory": "주방가전",
    "ProductName": "쿠쿠전자 CRP-P1055FD",
    "ReviewScore": "5",
    "Syllable": "57",
    "Word": "15",
    "RDate": "20211030",
    "GeneralPolarity": "1",
    "Aspects": [
      {
        "Aspect": "기능",
        "SentimentText": "성능도 너무나 좋아 밥 진짜 맛있고 ",
        "SentimentWord": "6",
        "SentimentPolarity": "1"
      },
      {
        "Aspect": "가격",
        "SentimentText": " 가격도 최저가로 사서 전 아주 좋아요  ",
        "SentimentWord": "6",
        "SentimentPolarity": "1"
      }
    ]
  },
  {
    "Index": "33885",
    "RawText": "기능이 별로 인건지.. 많은 양의 밥을 지으면 맛이 없네요ㅠㅠ 디자인도 사진보다 더 촌스러워 보여서 별로에요",
    "Source": "쇼핑몰",
    "Domain": "가전",
    "MainCategory": "주방가전",
    "ProductName": "쿠쿠전자 CRP-P1055FD",
    "ReviewScore": "5",
    "Syllable": "60",
    "Word": "15",
    "RDate": "20211013",
    "GeneralPolarity": "-1",
    "Aspects": [
      {
        "Aspect": "기능",
        "SentimentText": "기능이 별로 인건지.. 많은 양의 밥을 지으면 맛이 없네요ㅠㅠ",
        "SentimentWord": "9",
        "SentimentPolarity": "-1"
      },
      {
        "Aspect": "디자인",
        "SentimentText": "디자인도 사진보다 더 촌스러워 보여서 별로에요 ",
        "SentimentWord": "6",
        "SentimentPolarity": "-1"
      }
    ]
  },
  {
    "Index": "33888",
    "RawText": "기능이 별로예요. 밥이 맛있게 안되네요; 누룽지가 계속 생기고...  가격은 점점 더 내려가서 짜증나요 비싸게 주고 산 느낌이네요",
    "Source": "쇼핑몰",
    "Domain": "가전",
    "MainCategory": "주방가전",
    "ProductName": "쿠쿠전자 CRP-P1055FD",
    "ReviewScore": "4",
    "Syllable": "72",
    "Word": "17",
    "RDate": "20220808",
    "GeneralPolarity": "-1",
    "Aspects": [
      {
        "Aspect": "기능",
        "SentimentText": "기능이 별로예요. 밥이 맛있게 안되네요; 누룽지가 계속 생기고... ",
        "SentimentWord": "8",
        "SentimentPolarity": "-1"
      },
      {
        "Aspect": "가격",
        "SentimentText": "가격은 점점 더 내려가서 짜증나요 비싸게 주고 산 느낌이네요",
        "SentimentWord": "9",
        "SentimentPolarity": "-1"
      }
    ]
  },
  {
    "Index": "33890",
    "RawText": "상품 디자인 보고 이뻐서 반했습니다. 밥 해보니 밥에서 윤이 나고 고소하니 너무 맛있게 잘되요  가격도 아주 싼 금액으로 샀어요 많이 파세요~",
    "Source": "쇼핑몰",
    "Domain": "가전",
    "MainCategory": "주방가전",
    "ProductName": "쿠쿠전자 CRP-P1055FD",
    "ReviewScore": "5",
    "Syllable": "79",
    "Word": "21",
    "RDate": "20220815",
    "GeneralPolarity": "1",
    "Aspects": [
      {
        "Aspect": "디자인",
        "SentimentText": "상품 디자인 보고 이뻐서 반했습니다. ",
        "SentimentWord": "5",
        "SentimentPolarity": "1"
      },
      {
        "Aspect": "품질",
        "SentimentText": "밥 해보니 밥에서 윤이 나고 고소하니 너무 맛있게 잘되요  ",
        "SentimentWord": "9",
        "SentimentPolarity": "1"
      },
      {
        "Aspect": "가격",
        "SentimentText": "가격도 아주 싼 금액으로 샀어요 ",
        "SentimentWord": "5",
        "SentimentPolarity": "1"
      }
    ]
  },
  {
    "Index": "33891",
    "RawText": "가격도 많이 저렴하게 구매해서 기분이 좋습니다!~ 에너지 효율 1등급이라 전기세 걱정이 없어졌어요~",
    "Source": "쇼핑몰",
    "Domain": "가전",
    "MainCategory": "주방가전",
    "ProductName": "쿠쿠전자 CRP-P1055FD",
    "ReviewScore": "5",
    "Syllable": "55",
    "Word": "12",
    "RDate": "20211124",
    "GeneralPolarity": "1",
    "Aspects": [
      {
        "Aspect": "가격",
        "SentimentText": "가격도 많이 저렴하게 구매해서 기분이 좋습니다!~ ",
        "SentimentWord": "6",
        "SentimentPolarity": "1"
      },
      {
        "Aspect": "소비전력",
        "SentimentText": "에너지 효율 1등급이라 전기세 걱정이 없어졌어요~ ",
        "SentimentWord": "6",
        "SentimentPolarity": "1"
      }
    ]
  },
  {
    "Index": "33893",
    "RawText": "버튼에 글씨가 너무 작아서 조작하기 불편하네요. 성능은 좋아서 밥이 찰 지고 고슬고슬 맛있게 잘 돼요~",
    "Source": "쇼핑몰",
    "Domain": "가전",
    "MainCategory": "주방가전",
    "ProductName": "쿠쿠전자 CRP-P1055FD",
    "ReviewScore": "4",
    "Syllable": "57",
    "Word": "15",
    "RDate": "20200505",
    "GeneralPolarity": "0",
    "Aspects": [
      {
        "Aspect": "조작성",
        "SentimentText": "버튼에 글씨가 너무 작아서 조작하기 불편하네요.",
        "SentimentWord": "6",
        "SentimentPolarity": "-1"
      },
      {
        "Aspect": "기능",
        "SentimentText": "성능은 좋아서 밥이 찰 지고 고슬고슬 맛있게 잘 돼요~",
        "SentimentWord": "9",
        "SentimentPolarity": "1"
      }
    ]
  },
  {
    "Index": "33894",
    "RawText": "생각보다 진짜 저렴하게 구매할 수 있어서 행복하네요 ㅎㅎ 성능도 어찌나 좋은지 밥이 너무 맛있게 잘돼요~",
    "Source": "쇼핑몰",
    "Domain": "가전",
    "MainCategory": "주방가전",
    "ProductName": "쿠쿠전자 CRP-P1055FD",
    "ReviewScore": "5",
    "Syllable": "58",
    "Word": "15",
    "RDate": "20220524",
    "GeneralPolarity": "1",
    "Aspects": [
      {
        "Aspect": "가격",
        "SentimentText": "생각보다 진짜 저렴하게 구매할 수 있어서 행복하네요 ㅎㅎ",
        "SentimentWord": "8",
        "SentimentPolarity": "1"
      },
      {
        "Aspect": "기능",
        "SentimentText": "성능도 어찌나 좋은지 밥이 너무 맛있게 잘돼요~",
        "SentimentWord": "7",
        "SentimentPolarity": "1"
      }
    ]
  },
  {
    "Index": "33896",
    "RawText": "쓰던 밥솥이 고장나서 급 주문했는데 밥이 잘되 너무나 다행입니다. 그와중에  할인까지 많이 받고 샀네요 ㅎㅎ",
    "Source": "쇼핑몰",
    "Domain": "가전",
    "MainCategory": "주방가전",
    "ProductName": "쿠쿠전자 CRP-P1055FD",
    "ReviewScore": "5",
    "Syllable": "60",
    "Word": "15",
    "RDate": "20211224",
    "GeneralPolarity": "1",
    "Aspects": [
      {
        "Aspect": "품질",
        "SentimentText": "쓰던 밥솥이 고장나서 급 주문했는데 밥이 잘되 너무나 다행입니다. ",
        "SentimentWord": "9",
        "SentimentPolarity": "1"
      },
      {
        "Aspect": "가격",
        "SentimentText": "그와중에  할인까지 많이 받고 샀네요 ㅎㅎ",
        "SentimentWord": "6",
        "SentimentPolarity": "1"
      }
    ]
  },
  {
    "Index": "33902",
    "RawText": "에너지 효율 1등급이라 전기세 걱정 없어서 만족 !! 역시 밥솥 1위는 ooo 따라 올 수가 없어요! 너무 좋아요",
    "Source": "쇼핑몰",
    "Domain": "가전",
    "MainCategory": "주방가전",
    "ProductName": "쿠쿠전자 CRP-P1055FD",
    "ReviewScore": "4",
    "Syllable": "63",
    "Word": "18",
    "RDate": "20200430",
    "GeneralPolarity": "1",
    "Aspects": [
      {
        "Aspect": "소비전력",
        "SentimentText": "에너지 효율 1등급이라 전기세 걱정 없어서 만족 !!",
        "SentimentWord": "8",
        "SentimentPolarity": "1"
      },
      {
        "Aspect": "제조일/제조사",
        "SentimentText": "역시 밥솥 1위는 ooo 따라 올 수가 없어요! 너무 좋아요 ",
        "SentimentWord": "10",
        "SentimentPolarity": "1"
      }
    ]
  },
  {
    "Index": "33904",
    "RawText": "기능이 좋아서 처음과 같은 밥맛을 계속 유지해주니 너무 만족스러워요. 밥 솥 1위 브랜드는 역시 ooo~ 평생 정착해야겠어요 ㅎ",
    "Source": "쇼핑몰",
    "Domain": "가전",
    "MainCategory": "주방가전",
    "ProductName": "쿠쿠전자 CRP-P1055FD",
    "ReviewScore": "5",
    "Syllable": "71",
    "Word": "18",
    "RDate": "20200601",
    "GeneralPolarity": "1",
    "Aspects": [
      {
        "Aspect": "기능",
        "SentimentText": "기능이 좋아서 처음과 같은 밥맛을 계속 유지해주니 너무 만족스러워요. ",
        "SentimentWord": "9",
        "SentimentPolarity": "1"
      },
      {
        "Aspect": "제조일/제조사",
        "SentimentText": "밥 솥 1위 브랜드는 역시 ooo~ 평생 정착해야겠어요 ㅎ",
        "SentimentWord": "9",
        "SentimentPolarity": "1"
      }
    ]
  },
  {
    "Index": "33908",
    "RawText": "의외로 용량이 큰 것 같아 좋네요. 성능은 사용전 이라 아직 모르겠지만, 불량상품 안 온 것만으로도 만족해요",
    "Source": "쇼핑몰",
    "Domain": "가전",
    "MainCategory": "주방가전",
    "ProductName": "쿠쿠전자 CRP-P1055FD",
    "ReviewScore": "4",
    "Syllable": "60",
    "Word": "16",
    "RDate": "20210521",
    "GeneralPolarity": "1",
    "Aspects": [
      {
        "Aspect": "용량",
        "SentimentText": "의외로 용량이 큰 것 같아 좋네요.  ",
        "SentimentWord": "6",
        "SentimentPolarity": "1"
      },
      {
        "Aspect": "품질",
        "SentimentText": "불량상품 안 온 것만으로도 만족해요",
        "SentimentWord": "5",
        "SentimentPolarity": "1"
      }
    ]
  },
  {
    "Index": "33911",
    "RawText": "밥 솥 뚜껑이 잘 안 열려서 너무 불편해요;; 그래도 밥 짓는 속도는 빨라서 너무 좋아요~  ",
    "Source": "쇼핑몰",
    "Domain": "가전",
    "MainCategory": "주방가전",
    "ProductName": "쿠쿠전자 CRP-P1055FD",
    "ReviewScore": "5",
    "Syllable": "52",
    "Word": "15",
    "RDate": "20211103",
    "GeneralPolarity": "0",
    "Aspects": [
      {
        "Aspect": "편의성",
        "SentimentText": "밥 솥 뚜껑이 잘 안 열려서 너무 불편해요;",
        "SentimentWord": "8",
        "SentimentPolarity": "-1"
      },
      {
        "Aspect": "시간/속도",
        "SentimentText": "밥 짓는 속도는 빨라서 너무 좋아요~ ",
        "SentimentWord": "6",
        "SentimentPolarity": "1"
      }
    ]
  },
  {
    "Index": "33912",
    "RawText": "밥 맛은 역시 ooo 제품으로 해야 맛있는 거 같아요! 최고~ 쿠폰 사용해서 싸게 구입했습니다 너무 좋네요~",
    "Source": "쇼핑몰",
    "Domain": "가전",
    "MainCategory": "주방가전",
    "ProductName": "쿠쿠전자 CRP-P1055FD",
    "ReviewScore": "5",
    "Syllable": "60",
    "Word": "16",
    "RDate": "20200531",
    "GeneralPolarity": "1",
    "Aspects": [
      {
        "Aspect": "제조일/제조사",
        "SentimentText": "밥 맛은 역시 ooo 제품으로 해야 맛있는 거 같아요! 최고~",
        "SentimentWord": "10",
        "SentimentPolarity": "1"
      },
      {
        "Aspect": "가격",
        "SentimentText": "쿠폰 사용해서 싸게 구입했습니다 너무 좋네요~",
        "SentimentWord": "6",
        "SentimentPolarity": "1"
      }
    ]
  },
  {
    "Index": "33914",
    "RawText": "자동 세척 기능이 있어서 너무 편리하네요~ 10인용이라 내 솥 용량도 넉넉하고 사용하기 좋습니다.",
    "Source": "쇼핑몰",
    "Domain": "가전",
    "MainCategory": "주방가전",
    "ProductName": "쿠쿠전자 CRP-P1055FD",
    "ReviewScore": "5",
    "Syllable": "54",
    "Word": "13",
    "RDate": "20200408",
    "GeneralPolarity": "1",
    "Aspects": [
      {
        "Aspect": "기능",
        "SentimentText": "자동 세척 기능이 있어서 너무 편리하네요~",
        "SentimentWord": "6",
        "SentimentPolarity": "1"
      },
      {
        "Aspect": "용량",
        "SentimentText": "10인용이라 내 솥 용량도 넉넉하고 사용하기 좋습니다.",
        "SentimentWord": "7",
        "SentimentPolarity": "1"
      }
    ]
  },
  {
    "Index": "33917",
    "RawText": "밭 솥 무게는 가벼워서 들기 편하네요. 이상하게 사용할 때 기계음이 커서 거슬리네요",
    "Source": "쇼핑몰",
    "Domain": "가전",
    "MainCategory": "주방가전",
    "ProductName": "쿠쿠전자 CRP-P1055FD",
    "ReviewScore": "4",
    "Syllable": "46",
    "Word": "12",
    "RDate": "20210311",
    "GeneralPolarity": "0",
    "Aspects": [
      {
        "Aspect": "무게",
        "SentimentText": "밭 솥 무게는 가벼워서 들기 편하네요. ",
        "SentimentWord": "6",
        "SentimentPolarity": "1"
      },
      {
        "Aspect": "소음",
        "SentimentText": "이상하게 사용할 때 기계음이 커서 거슬리네요",
        "SentimentWord": "6",
        "SentimentPolarity": "-1"
      }
    ]
  },
  {
    "Index": "33918",
    "RawText": "밥 솥 전체 무게 중심이 잘 안 맞아서 뚜껑만 열면 뒤로 넘어져서 불편하네요. 그래도 소음 하나 없이 조용하니 쓰기 좋습니다.",
    "Source": "쇼핑몰",
    "Domain": "가전",
    "MainCategory": "주방가전",
    "ProductName": "쿠쿠전자 CRP-P1055FD",
    "ReviewScore": "5",
    "Syllable": "70",
    "Word": "20",
    "RDate": "20210421",
    "GeneralPolarity": "0",
    "Aspects": [
      {
        "Aspect": "소음",
        "SentimentText": "소음 하나 없이 조용하니 쓰기 좋습니다. ",
        "SentimentWord": "6",
        "SentimentPolarity": "1"
      },
      {
        "Aspect": "품질",
        "SentimentText": "밥 솥 전체 무게 중심이 잘 안 맞아서 뚜껑만 열면 뒤로 넘어져서 불편하네요 ",
        "SentimentWord": "13",
        "SentimentPolarity": "-1"
      }
    ]
  },
  {
    "Index": "33919",
    "RawText": "가격은 저렴하게 잘 구매했어요~ 품질이 너무 좋아요~ 고급스러워 보입니다. 디자인도 세련돼서 원래 있던 주방 가전이랑 잘 어울립니다~",
    "Source": "쇼핑몰",
    "Domain": "가전",
    "MainCategory": "주방가전",
    "ProductName": "쿠쿠전자 CRP-P1055FD",
    "ReviewScore": "5",
    "Syllable": "74",
    "Word": "17",
    "RDate": "20210413",
    "GeneralPolarity": "1",
    "Aspects": [
      {
        "Aspect": "가격",
        "SentimentText": "가격은 저렴하게 잘 구매했어요~",
        "SentimentWord": "4",
        "SentimentPolarity": "1"
      },
      {
        "Aspect": "품질",
        "SentimentText": "품질이 너무 좋아요~ 고급스러워 보입니다.",
        "SentimentWord": "5",
        "SentimentPolarity": "1"
      },
      {
        "Aspect": "디자인",
        "SentimentText": "디자인도 세련돼서 원래 있던 주방 가전이랑 잘 어울립니다~ ",
        "SentimentWord": "8",
        "SentimentPolarity": "1"
      }
    ]
  },
  {
    "Index": "33920",
    "RawText": "가격 착해 좋았습니다. 누구나 믿고 살수 있는 ㅇㅇㅇ!! 기능도 많은데 복잡하지 않아 밥하기 최고로 좋아요. 디자인까지  깔끔해서 너무 이쁘네요",
    "Source": "쇼핑몰",
    "Domain": "가전",
    "MainCategory": "주방가전",
    "ProductName": "쿠쿠전자 CRP-P1055FD",
    "ReviewScore": "5",
    "Syllable": "80",
    "Word": "19",
    "RDate": "20211016",
    "GeneralPolarity": "1",
    "Aspects": [
      {
        "Aspect": "가격",
        "SentimentText": "가격 착해 좋았습니다. ",
        "SentimentWord": "3",
        "SentimentPolarity": "1"
      },
      {
        "Aspect": "제조일/제조사",
        "SentimentText": "누구나 믿고 살수 있는 ㅇㅇㅇ!!",
        "SentimentWord": "5",
        "SentimentPolarity": "1"
      },
      {
        "Aspect": "기능",
        "SentimentText": "기능도 많은데 복잡하지 않아 밥하기 최고로 좋아요",
        "SentimentWord": "7",
        "SentimentPolarity": "1"
      },
      {
        "Aspect": "디자인",
        "SentimentText": "디자인까지  깔끔해서 너무 이쁘네요",
        "SentimentWord": "4",
        "SentimentPolarity": "1"
      }
    ]
  },
  {
    "Index": "33922",
    "RawText": "디자인이 촌스럽지 않고 세련돼서 마음에 듭니다. 용량도 10인분이라 넉넉해서 만족해요~",
    "Source": "쇼핑몰",
    "Domain": "가전",
    "MainCategory": "주방가전",
    "ProductName": "쿠쿠전자 CRP-P1055FD",
    "ReviewScore": "5",
    "Syllable": "48",
    "Word": "10",
    "RDate": "20211024",
    "GeneralPolarity": "1",
    "Aspects": [
      {
        "Aspect": "디자인",
        "SentimentText": "디자인이 촌스럽지 않고 세련돼서 마음에 듭니다.",
        "SentimentWord": "6",
        "SentimentPolarity": "1"
      },
      {
        "Aspect": "용량",
        "SentimentText": "용량도 10인분이라 넉넉해서 만족해요~",
        "SentimentWord": "4",
        "SentimentPolarity": "1"
      }
    ]
  },
  {
    "Index": "33925",
    "RawText": "취사시 소음은 적어서 너무 좋습니다 그런데 내 솥 재질이 싸구려인지 밥알이 너무 붙어서 짜증나요 ㅠ",
    "Source": "쇼핑몰",
    "Domain": "가전",
    "MainCategory": "주방가전",
    "ProductName": "쿠쿠전자 CRP-P1055FD",
    "ReviewScore": "3",
    "Syllable": "55",
    "Word": "15",
    "RDate": "20220313",
    "GeneralPolarity": "0",
    "Aspects": [
      {
        "Aspect": "소음",
        "SentimentText": "취사시 소음은 적어서 너무 좋습니다",
        "SentimentWord": "5",
        "SentimentPolarity": "1"
      },
      {
        "Aspect": "소재",
        "SentimentText": "내 솥 재질이 싸구려인지 밥알이 너무 붙어서 짜증나요 ㅠ  ",
        "SentimentWord": "9",
        "SentimentPolarity": "-1"
      }
    ]
  },
  {
    "Index": "33931",
    "RawText": "ooo 브랜드.. 믿고 샀는데 엄청 실망 이네요.. 기능이 별로예요. 밥 짓고 하루 만에 밥에서 냄새가 납니다.",
    "Source": "쇼핑몰",
    "Domain": "가전",
    "MainCategory": "주방가전",
    "ProductName": "쿠쿠전자 CRP-P1055FD",
    "ReviewScore": "5",
    "Syllable": "62",
    "Word": "16",
    "RDate": "20210808",
    "GeneralPolarity": "-1",
    "Aspects": [
      {
        "Aspect": "제조일/제조사",
        "SentimentText": "ooo 브랜드.. 믿고 샀는데 엄청 실망 이네요..",
        "SentimentWord": "7",
        "SentimentPolarity": "-1"
      },
      {
        "Aspect": "기능",
        "SentimentText": "기능이 별로예요. 밥 짓고 하루 만에 밥에서 냄새가 납니다. ",
        "SentimentWord": "9",
        "SentimentPolarity": "-1"
      }
    ]
  }
]