[
  {
    "Index": "27776",
    "RawText": "냉장고 키가 높아서 김치 꺼내기 좀 힘드네요. 상부에는 엔진이 달려 있어서 공간이 협소해서 아쉽네요..",
    "Source": "쇼핑몰",
    "Domain": "가전",
    "MainCategory": "주방가전",
    "ProductName": "딤채 위니아 EDT33GFPYWT (2022년형) 일반구매",
    "ReviewScore": "3",
    "Syllable": "57",
    "Word": "14",
    "RDate": "20220226",
    "GeneralPolarity": "-1",
    "Aspects": [
      {
        "Aspect": "사이즈",
        "SentimentText": "냉장고 키가 높아서 김치 꺼내기 좀 힘드네요.",
        "SentimentWord": "7",
        "SentimentPolarity": "-1"
      },
      {
        "Aspect": "용량",
        "SentimentText": "상부에는 엔진이 달려 있어서 공간이 협소해서 아쉽네요..",
        "SentimentWord": "7",
        "SentimentPolarity": "-1"
      }
    ]
  },
  {
    "Index": "27777",
    "RawText": "배송은 역시 빠르고 좋습니다. 윗칸만 냉동이 되서 아쉽네요~ 무게가 비교적 가벼워서 이동 설치가 편했어요",
    "Source": "쇼핑몰",
    "Domain": "가전",
    "MainCategory": "주방가전",
    "ProductName": "딤채 위니아 EDT33GFPYWT (2022년형) 일반구매",
    "ReviewScore": "5",
    "Syllable": "58",
    "Word": "14",
    "RDate": "20220225",
    "Aspects": [
      {
        "Aspect": "무게",
        "SentimentText": "무게가 비교적 가벼워서 이동 설치가 편했어요",
        "SentimentWord": "6",
        "SentimentPolarity": "1"
      },
      {
        "Aspect": "기능",
        "SentimentText": "윗칸만 냉동이 되서 아쉽네요~",
        "SentimentWord": "4",
        "SentimentPolarity": "-1"
      }
    ]
  },
  {
    "Index": "27778",
    "RawText": "설치는 친절하고 깔끔하게 해주셨어요~ 서랍 마감이 조금 싸구려 같아서 아쉬워요 가격대비 가성비는 최고에요",
    "Source": "쇼핑몰",
    "Domain": "가전",
    "MainCategory": "주방가전",
    "ProductName": "딤채 위니아 EDT33GFPYWT (2022년형) 일반구매",
    "ReviewScore": "5",
    "Syllable": "58",
    "Word": "13",
    "RDate": "20220601",
    "Aspects": [
      {
        "Aspect": "가격",
        "SentimentText": "가격대비 가성비는 최고에요",
        "SentimentWord": "3",
        "SentimentPolarity": "1"
      },
      {
        "Aspect": "품질",
        "SentimentText": "서랍 마감이 조금 싸구려 같아서 아쉬워요",
        "SentimentWord": "6",
        "SentimentPolarity": "-1"
      }
    ]
  },
  {
    "Index": "27780",
    "RawText": "키가 작은 사람이 쓰기에는 냉장고 높이가 높아서 아쉬워요. 색상은 집에 있는거랑 어울려서 만족합니다. 칸마다 전원을 따로 켤 수 있어서 기능은 좋네요.",
    "Source": "쇼핑몰",
    "Domain": "가전",
    "MainCategory": "주방가전",
    "ProductName": "딤채 위니아 EDT33GFPYWT (2022년형) 일반구매",
    "ReviewScore": "5",
    "Syllable": "84",
    "Word": "21",
    "RDate": "20220326",
    "GeneralPolarity": "0",
    "Aspects": [
      {
        "Aspect": "사이즈",
        "SentimentText": "키가 작은 사람이 쓰기에는 냉장고 높이가 높아서 아쉬워요. ",
        "SentimentWord": "8",
        "SentimentPolarity": "-1"
      },
      {
        "Aspect": "색상",
        "SentimentText": "색상은 집에 있는거랑 어울려서 만족합니다.",
        "SentimentWord": "5",
        "SentimentPolarity": "1"
      },
      {
        "Aspect": "기능",
        "SentimentText": "칸마다 전원을 따로 켤 수 있어서 기능은 좋네요.",
        "SentimentWord": "8",
        "SentimentPolarity": "1"
      }
    ]
  },
  {
    "Index": "27781",
    "RawText": "최신형으로 구매 할 수 있어서 좋아요. 용량이 적은 거 같아 살짝 아쉽네요.",
    "Source": "쇼핑몰",
    "Domain": "가전",
    "MainCategory": "주방가전",
    "ProductName": "딤채 위니아 EDT33GFPYWT (2022년형) 일반구매",
    "ReviewScore": "5",
    "Syllable": "42",
    "Word": "12",
    "RDate": "20220614",
    "GeneralPolarity": "0",
    "Aspects": [
      {
        "Aspect": "제조일/제조사",
        "SentimentText": "최신형으로 구매 할 수 있어서 좋아요.",
        "SentimentWord": "6",
        "SentimentPolarity": "1"
      },
      {
        "Aspect": "용량",
        "SentimentText": "용량이 적은 거 같아 살짝 아쉽네요.",
        "SentimentWord": "6",
        "SentimentPolarity": "-1"
      }
    ]
  },
  {
    "Index": "27782",
    "RawText": "소음이 전혀 없어서 너무 조용해서 좋아요~ 용량도 커서 많이 넣을 수 있고 만족합니다.",
    "Source": "쇼핑몰",
    "Domain": "가전",
    "MainCategory": "주방가전",
    "ProductName": "딤채 위니아 EDT33GFPYWT (2022년형) 일반구매",
    "ReviewScore": "5",
    "Syllable": "48",
    "Word": "13",
    "RDate": "20220405",
    "GeneralPolarity": "1",
    "Aspects": [
      {
        "Aspect": "소음",
        "SentimentText": "소음이 전혀 없어서 너무 조용해서 좋아요~",
        "SentimentWord": "6",
        "SentimentPolarity": "1"
      },
      {
        "Aspect": "용량",
        "SentimentText": "용량도 커서 많이 넣을 수 있고 만족합니다.",
        "SentimentWord": "7",
        "SentimentPolarity": "1"
      }
    ]
  },
  {
    "Index": "27783",
    "RawText": "싸게 구매할수 있어서 완전 만족입니다. 김치통도 여러개라 유용해요. 잘쓸게요~",
    "Source": "쇼핑몰",
    "Domain": "가전",
    "MainCategory": "주방가전",
    "ProductName": "딤채 위니아 EDT33GFPYWT (2022년형) 일반구매",
    "ReviewScore": "5",
    "Syllable": "43",
    "Word": "9",
    "RDate": "20211226",
    "Aspects": [
      {
        "Aspect": "가격",
        "SentimentText": "싸게 구매할수 있어서 완전 만족입니다.",
        "SentimentWord": "5",
        "SentimentPolarity": "1"
      },
      {
        "Aspect": "제품구성",
        "SentimentText": "김치통도 여러개라 유용해요. 잘쓸게요~",
        "SentimentWord": "4",
        "SentimentPolarity": "1"
      }
    ]
  },
  {
    "Index": "27784",
    "RawText": "역시 용량 큰 걸로 사길 잘했어요~ 많이 들어가서 좋네요. 설치기사님도 완전 친절해서 만족합니다. 무엇보다도 저렴해서 좋네요",
    "Source": "쇼핑몰",
    "Domain": "가전",
    "MainCategory": "주방가전",
    "ProductName": "딤채 위니아 EDT33GFPYWT (2022년형) 일반구매",
    "ReviewScore": "5",
    "Syllable": "69",
    "Word": "16",
    "RDate": "20220110",
    "Aspects": [
      {
        "Aspect": "용량",
        "SentimentText": "용량 큰 걸로 사길 잘했어요~ 많이 들어가서 좋네요.",
        "SentimentWord": "8",
        "SentimentPolarity": "1"
      },
      {
        "Aspect": "가격",
        "SentimentText": "무엇보다도 저렴해서 좋네요",
        "SentimentWord": "3",
        "SentimentPolarity": "1"
      }
    ]
  },
  {
    "Index": "27785",
    "RawText": "냉기가 빵빵한게 성능이 좋아요. 화이트 색상이라 깔끔해서 좋네요~ 최신형이라 아주 마음에 듭니다요!!",
    "Source": "쇼핑몰",
    "Domain": "가전",
    "MainCategory": "주방가전",
    "ProductName": "딤채 위니아 EDT33GFPYWT (2022년형) 일반구매",
    "ReviewScore": "4",
    "Syllable": "56",
    "Word": "12",
    "RDate": "20220702",
    "GeneralPolarity": "1",
    "Aspects": [
      {
        "Aspect": "기능",
        "SentimentText": "냉기가 빵빵한게 성능이 좋아요.",
        "SentimentWord": "4",
        "SentimentPolarity": "1"
      },
      {
        "Aspect": "색상",
        "SentimentText": "화이트 색상이라 깔끔해서 좋네요~ ",
        "SentimentWord": "4",
        "SentimentPolarity": "1"
      },
      {
        "Aspect": "제조일/제조사",
        "SentimentText": "최신형이라 아주 마음에 듭니다요!!",
        "SentimentWord": "4",
        "SentimentPolarity": "1"
      }
    ]
  },
  {
    "Index": "27786",
    "RawText": "집이 좁은데 냉장고 사이즈가 아주 딱이라 만족합니다. 소음도 없고 조용해서 좋네요~",
    "Source": "쇼핑몰",
    "Domain": "가전",
    "MainCategory": "주방가전",
    "ProductName": "딤채 위니아 EDT33GFPYWT (2022년형) 일반구매",
    "ReviewScore": "5",
    "Syllable": "46",
    "Word": "11",
    "RDate": "20211210",
    "GeneralPolarity": "1",
    "Aspects": [
      {
        "Aspect": "사이즈",
        "SentimentText": "집이 좁은데 냉장고 사이즈가 아주 딱이라 만족합니다. ",
        "SentimentWord": "7",
        "SentimentPolarity": "1"
      },
      {
        "Aspect": "소음",
        "SentimentText": "소음도 없고 조용해서 좋네요~",
        "SentimentWord": "4",
        "SentimentPolarity": "1"
      }
    ]
  },
  {
    "Index": "27787",
    "RawText": "디자인은 완전 이뻐서 마음에 들어요!! 냉장고 표면에 기스 하나도 없네요~ 만족합니다.",
    "Source": "쇼핑몰",
    "Domain": "가전",
    "MainCategory": "주방가전",
    "ProductName": "딤채 위니아 EDT33GFPYWT (2022년형) 일반구매",
    "ReviewScore": "5",
    "Syllable": "48",
    "Word": "11",
    "RDate": "20211231",
    "Aspects": [
      {
        "Aspect": "디자인",
        "SentimentText": "디자인은 완전 이뻐서 마음에 들어요!",
        "SentimentWord": "5",
        "SentimentPolarity": "1"
      },
      {
        "Aspect": "품질",
        "SentimentText": "냉장고 표면에 기스 하나도 없네요~ 만족합니다.",
        "SentimentWord": "6",
        "SentimentPolarity": "1"
      }
    ]
  },
  {
    "Index": "27788",
    "RawText": "소음이 전혀 없어서 마음에 듭니다. 디자인도 예쁘고 깔끔하니 잘 샀어요. 설치 기사분은 연락이 잘 안되서 번거로웠네요.",
    "Source": "쇼핑몰",
    "Domain": "가전",
    "MainCategory": "주방가전",
    "ProductName": "딤채 위니아 EDT33GFPYWT (2022년형) 일반구매",
    "ReviewScore": "4",
    "Syllable": "66",
    "Word": "16",
    "RDate": "20211206",
    "Aspects": [
      {
        "Aspect": "소음",
        "SentimentText": "소음이 전혀 없어서 마음에 듭니다. ",
        "SentimentWord": "5",
        "SentimentPolarity": "1"
      },
      {
        "Aspect": "디자인",
        "SentimentText": " 디자인도 예쁘고 깔끔하니 잘 샀어요.",
        "SentimentWord": "5",
        "SentimentPolarity": "1"
      }
    ]
  },
  {
    "Index": "27789",
    "RawText": "용량이 커서 많이 들어가요! 만족입니다. 디자인이 무엇보다 최고에요.",
    "Source": "쇼핑몰",
    "Domain": "가전",
    "MainCategory": "주방가전",
    "ProductName": "딤채 위니아 EDT33GFPYWT (2022년형) 일반구매",
    "ReviewScore": "5",
    "Syllable": "38",
    "Word": "8",
    "RDate": "20211210",
    "Aspects": [
      {
        "Aspect": "용량",
        "SentimentText": "용량이 커서 많이 들어가요! 만족입니다.",
        "SentimentWord": "5",
        "SentimentPolarity": "1"
      },
      {
        "Aspect": "디자인",
        "SentimentText": "디자인이 무엇보다 최고에요.",
        "SentimentWord": "3",
        "SentimentPolarity": "1"
      }
    ]
  },
  {
    "Index": "27790",
    "RawText": "설치를 친절하고 꼼꼼하게 잘 해주셔서 좋네요~ 수납 공간도 넓어서 많이 들어가니 만족스럽습니다. 디자인도 완전 이쁘고 최고네요.",
    "Source": "쇼핑몰",
    "Domain": "가전",
    "MainCategory": "주방가전",
    "ProductName": "딤채 위니아 EDT33GFPYWT (2022년형) 일반구매",
    "ReviewScore": "5",
    "Syllable": "71",
    "Word": "16",
    "RDate": "20220403",
    "Aspects": [
      {
        "Aspect": "용량",
        "SentimentText": "수납 공간도 넓어서 많이 들어가니 만족스럽습니다.",
        "SentimentWord": "6",
        "SentimentPolarity": "1"
      },
      {
        "Aspect": "디자인",
        "SentimentText": "디자인도 완전 이쁘고 최고네요.",
        "SentimentWord": "4",
        "SentimentPolarity": "1"
      }
    ]
  },
  {
    "Index": "27791",
    "RawText": "서랍이 높이가 낮아서 생수병을 가로로 놔야해서 불편해요. 수납공간도 부족해서 아쉽네요.",
    "Source": "쇼핑몰",
    "Domain": "가전",
    "MainCategory": "주방가전",
    "ProductName": "딤채 위니아 EDT33GFPYWT (2022년형) 일반구매",
    "ReviewScore": "4",
    "Syllable": "48",
    "Word": "10",
    "RDate": "20220709",
    "GeneralPolarity": "-1",
    "Aspects": [
      {
        "Aspect": "사이즈",
        "SentimentText": "서랍이 높이가 낮아서 생수병을 가로로 놔야해서 불편해요. ",
        "SentimentWord": "7",
        "SentimentPolarity": "-1"
      },
      {
        "Aspect": "용량",
        "SentimentText": "수납공간도 부족해서 아쉽네요.",
        "SentimentWord": "3",
        "SentimentPolarity": "-1"
      }
    ]
  },
  {
    "Index": "27792",
    "RawText": "용량이 은근 작아서 김치가 많이 안들어가서 아쉽네요. 온도 조절은 정밀하게 되는 거 같아 만족스러워요.",
    "Source": "쇼핑몰",
    "Domain": "가전",
    "MainCategory": "주방가전",
    "ProductName": "딤채 위니아 EDT33GFPYWT (2022년형) 일반구매",
    "ReviewScore": "4",
    "Syllable": "57",
    "Word": "14",
    "RDate": "20220104",
    "GeneralPolarity": "0",
    "Aspects": [
      {
        "Aspect": "용량",
        "SentimentText": "용량이 은근 작아서 김치가 많이 안들어가서 아쉽네요. ",
        "SentimentWord": "7",
        "SentimentPolarity": "-1"
      },
      {
        "Aspect": "기능",
        "SentimentText": "온도 조절은 정밀하게 되는 거 같아 만족스러워요.",
        "SentimentWord": "7",
        "SentimentPolarity": "1"
      }
    ]
  },
  {
    "Index": "27793",
    "RawText": "공간이 넓어서 많이 들어가서 좋네요. 디자인이 깔끔하고 만족스럽습니다.",
    "Source": "쇼핑몰",
    "Domain": "가전",
    "MainCategory": "주방가전",
    "ProductName": "딤채 위니아 EDT33GFPYWT (2022년형) 일반구매",
    "ReviewScore": "5",
    "Syllable": "39",
    "Word": "8",
    "RDate": "20220415",
    "GeneralPolarity": "1",
    "Aspects": [
      {
        "Aspect": "용량",
        "SentimentText": "공간이 넓어서 많이 들어가서 좋네요.",
        "SentimentWord": "5",
        "SentimentPolarity": "1"
      },
      {
        "Aspect": "디자인",
        "SentimentText": "디자인이 깔끔하고 만족스럽습니다.",
        "SentimentWord": "3",
        "SentimentPolarity": "1"
      }
    ]
  },
  {
    "Index": "27794",
    "RawText": "기사님이 너무 친절하셔서 기분이 너무 좋았어요! 포장상태도 너무 꼼꼼해서 만족스럽네요~ 상부에 엔진이 설치되어서 그런가 내부용량이 확 줄어서 아쉽네요. 거기에 높이가 높아서 키작은 사람이 김치를 꺼내려면 허리 나가겠어요.",
    "Source": "쇼핑몰",
    "Domain": "가전",
    "MainCategory": "주방가전",
    "ProductName": "딤채 위니아 EDT33GFPYWT (2022년형) 일반구매",
    "ReviewScore": "5",
    "Syllable": "123",
    "Word": "27",
    "RDate": "20220118",
    "Aspects": [
      {
        "Aspect": "용량",
        "SentimentText": "상부에 엔진이 설치되어서 그런가 내부용량이 확 줄어서 아쉽네요.",
        "SentimentWord": "8",
        "SentimentPolarity": "-1"
      },
      {
        "Aspect": "편의성",
        "SentimentText": "거기에 높이가 높아서 키작은 사람이 김치를 꺼내려면 허리 나가겠어요.",
        "SentimentWord": "9",
        "SentimentPolarity": "-1"
      }
    ]
  },
  {
    "Index": "27795",
    "RawText": "김치랑 음식을 넉넉하게 넣을 수 있어서 좋습니다~ 배송은 어찌나 빠른지 다음날 바로 왔어요!! 기사님도 친절하시고 최고에요~ 타 사이트보다 저렴하게 구매할 수 있어서 너무 만족해요",
    "Source": "쇼핑몰",
    "Domain": "가전",
    "MainCategory": "주방가전",
    "ProductName": "딤채 위니아 EDT33GFPYWT (2022년형) 일반구매",
    "ReviewScore": "5",
    "Syllable": "100",
    "Word": "24",
    "RDate": "20220517",
    "Aspects": [
      {
        "Aspect": "가격",
        "SentimentText": "타 사이트보다 저렴하게 구매할 수 있어서 너무 만족해요",
        "SentimentWord": "8",
        "SentimentPolarity": "1"
      },
      {
        "Aspect": "용량",
        "SentimentText": "김치랑 음식을 넉넉하게 넣을 수 있어서 좋습니다~",
        "SentimentWord": "7",
        "SentimentPolarity": "1"
      }
    ]
  },
  {
    "Index": "27796",
    "RawText": "처음 갖는 김치 냉장고가 2022 최신형이라 너무 좋아요~ 배송까지 완전 빨라서 마음에 쏙 듭니다. 품질은 입소문날 만큼 최고네요",
    "Source": "쇼핑몰",
    "Domain": "가전",
    "MainCategory": "주방가전",
    "ProductName": "딤채 위니아 EDT33GFPYWT (2022년형) 일반구매",
    "ReviewScore": "5",
    "Syllable": "72",
    "Word": "18",
    "RDate": "20211217",
    "Aspects": [
      {
        "Aspect": "제조일/제조사",
        "SentimentText": "처음 갖는 김치 냉장고가 2022최신형이라 너무 좋아요~",
        "SentimentWord": "7",
        "SentimentPolarity": "1"
      },
      {
        "Aspect": "품질",
        "SentimentText": "품질은 입소문날 만큼 최고네요",
        "SentimentWord": "4",
        "SentimentPolarity": "1"
      }
    ]
  },
  {
    "Index": "27797",
    "RawText": "제품을 저렴하게 구매할 수 있어서 좋아요. 배송까지 진짜 번개같이 빨라서 대만족입니다. 소음도 없어서 다행이에요",
    "Source": "쇼핑몰",
    "Domain": "가전",
    "MainCategory": "주방가전",
    "ProductName": "딤채 위니아 EDT33GFPYWT (2022년형) 일반구매",
    "ReviewScore": "5",
    "Syllable": "62",
    "Word": "14",
    "RDate": "20220103",
    "Aspects": [
      {
        "Aspect": "가격",
        "SentimentText": "제품을 저렴하게 구매할 수 있어서 좋아요.",
        "SentimentWord": "6",
        "SentimentPolarity": "1"
      },
      {
        "Aspect": "소음",
        "SentimentText": "소음도 없어서 다행이에요",
        "SentimentWord": "3",
        "SentimentPolarity": "1"
      }
    ]
  },
  {
    "Index": "27798",
    "RawText": "설치를 스피드하게 뚝딱 해주셔서 좋았어요~ 디자인도 엄청 깔끔하고 기존 냉장고랑 잘 어울려서 만족스러워요 엄마 취향의 흰색이어서 만족해하시네요",
    "Source": "쇼핑몰",
    "Domain": "가전",
    "MainCategory": "주방가전",
    "ProductName": "딤채 위니아 EDT33GFPYWT (2022년형) 일반구매",
    "ReviewScore": "5",
    "Syllable": "79",
    "Word": "17",
    "RDate": "20211213",
    "Aspects": [
      {
        "Aspect": "색상",
        "SentimentText": "엄마 취향의 흰색이어서 만족해하시네요",
        "SentimentWord": "4",
        "SentimentPolarity": "1"
      },
      {
        "Aspect": "디자인",
        "SentimentText": "디자인도 엄청 깔끔하고 기존 냉장고랑 잘 어울려서 만족스러워요",
        "SentimentWord": "8",
        "SentimentPolarity": "1"
      }
    ]
  },
  {
    "Index": "27799",
    "RawText": "설치 기사님들이 너무 친절하셔서 감동먹었어요.  제품 품질도 생각했던 것보다 좋아서 대만족입니다~ 기능이 좋아서 김치맛이 끝내줘요",
    "Source": "쇼핑몰",
    "Domain": "가전",
    "MainCategory": "주방가전",
    "ProductName": "딤채 위니아 EDT33GFPYWT (2022년형) 일반구매",
    "ReviewScore": "5",
    "Syllable": "72",
    "Word": "15",
    "RDate": "20220218",
    "Aspects": [
      {
        "Aspect": "기능",
        "SentimentText": "기능이 좋아서 김치맛이 끝내줘요",
        "SentimentWord": "4",
        "SentimentPolarity": "1"
      },
      {
        "Aspect": "품질",
        "SentimentText": "제품 품질도 생각했던 것보다 좋아서 대만족입니다~",
        "SentimentWord": "6",
        "SentimentPolarity": "1"
      }
    ]
  },
  {
    "Index": "27801",
    "RawText": "다른 사이트보다 저렴하게 구매해서 기분이 좋네요^^ 배송도 번개처럼 빨라서 대만족 입니다~ 저소음 모델인가요? 전혀 시끄럽지 않네요",
    "Source": "쇼핑몰",
    "Domain": "가전",
    "MainCategory": "주방가전",
    "ProductName": "딤채 위니아 EDT33GFPYWT (2022년형) 일반구매",
    "ReviewScore": "4",
    "Syllable": "73",
    "Word": "16",
    "RDate": "20211128",
    "Aspects": [
      {
        "Aspect": "가격",
        "SentimentText": "다른 사이트보다 저렴하게 구매해서 기분이 좋네요^^",
        "SentimentWord": "6",
        "SentimentPolarity": "1"
      },
      {
        "Aspect": "소음",
        "SentimentText": "저소음 모델인가요? 전혀 시끄럽지 않네요",
        "SentimentWord": "5",
        "SentimentPolarity": "1"
      }
    ]
  },
  {
    "Index": "27802",
    "RawText": "용량은 크지 않지만 실용적이라 좋아요. 색상은 깔끔하니 너무 마음에 들고^^ 배송도 엄청 빨라서 만족하고 있습니다~",
    "Source": "쇼핑몰",
    "Domain": "가전",
    "MainCategory": "주방가전",
    "ProductName": "딤채 위니아 EDT33GFPYWT (2022년형) 일반구매",
    "ReviewScore": "5",
    "Syllable": "64",
    "Word": "15",
    "RDate": "20220715",
    "Aspects": [
      {
        "Aspect": "용량",
        "SentimentText": "용량은 크지 않지만 실용적이라 좋아요. ",
        "SentimentWord": "5",
        "SentimentPolarity": "1"
      },
      {
        "Aspect": "색상",
        "SentimentText": "색상은 깔끔하니 너무 마음에 들고^^ ",
        "SentimentWord": "5",
        "SentimentPolarity": "1"
      }
    ]
  },
  {
    "Index": "27803",
    "RawText": "오프라인 보다 온라인이 저렴해서 좋네요~ 재질이 가벼워서 그런지 문이 쾅쾅 닫히는게 좀 아쉽네요.",
    "Source": "쇼핑몰",
    "Domain": "가전",
    "MainCategory": "주방가전",
    "ProductName": "딤채 위니아 EDT33GFPYWT (2022년형) 일반구매",
    "ReviewScore": "4",
    "Syllable": "54",
    "Word": "13",
    "RDate": "20220322",
    "GeneralPolarity": "0",
    "Aspects": [
      {
        "Aspect": "가격",
        "SentimentText": "오프라인 보다 온라인이 저렴해서 좋네요~ ",
        "SentimentWord": "5",
        "SentimentPolarity": "1"
      },
      {
        "Aspect": "소재",
        "SentimentText": "재질이 가벼워서 그런지 문이 쾅쾅 닫히는게 좀 아쉽네요.",
        "SentimentWord": "8",
        "SentimentPolarity": "-1"
      }
    ]
  },
  {
    "Index": "27804",
    "RawText": "헐.. 색상이 원하던 색상이 아니에요.. ㅠㅠㅠ 짜증나요.. 그래도 포장은 잘 되어 와서 괜찮네요. 마감도 충실하고 내구성이 최고예요",
    "Source": "쇼핑몰",
    "Domain": "가전",
    "MainCategory": "주방가전",
    "ProductName": "딤채 위니아 EDT33GFPYWT (2022년형) 일반구매",
    "ReviewScore": "3",
    "Syllable": "74",
    "Word": "17",
    "RDate": "20220215",
    "Aspects": [
      {
        "Aspect": "색상",
        "SentimentText": "헐.. 색상이 원하던 색상이 아니에요.. ㅠㅠㅠ 짜증나요.. ",
        "SentimentWord": "7",
        "SentimentPolarity": "-1"
      },
      {
        "Aspect": "내구성",
        "SentimentText": "마감도 충실하고 내구성이 최고예요",
        "SentimentWord": "4",
        "SentimentPolarity": "0"
      }
    ]
  },
  {
    "Index": "27808",
    "RawText": "배송이 번개처럼 빠릅니다..최고!! 디자인도 진짜 이뻐서 마음에 들어요~ 가격 최고로 저렴하게 구매했어요. 가성비 짱",
    "Source": "쇼핑몰",
    "Domain": "가전",
    "MainCategory": "주방가전",
    "ProductName": "딤채 위니아 EDT33GFPYWT (2022년형) 일반구매",
    "ReviewScore": "5",
    "Syllable": "65",
    "Word": "14",
    "RDate": "20220629",
    "Aspects": [
      {
        "Aspect": "가격",
        "SentimentText": "가격 최고로 저렴하게 구매했어요. 가성비 짱",
        "SentimentWord": "6",
        "SentimentPolarity": "1"
      },
      {
        "Aspect": "디자인",
        "SentimentText": "디자인도 진짜 이뻐서 마음에 들어요~ ",
        "SentimentWord": "5",
        "SentimentPolarity": "1"
      }
    ]
  },
  {
    "Index": "27809",
    "RawText": "색상이 집안 분위기랑 어울려서 너무 만족스럽습니다~ 이벤트로 완전 저렴하게 구매해서 좋습니다\u003e\u003c",
    "Source": "쇼핑몰",
    "Domain": "가전",
    "MainCategory": "주방가전",
    "ProductName": "딤채 위니아 EDT33GFPYWT (2022년형) 일반구매",
    "ReviewScore": "5",
    "Syllable": "53",
    "Word": "11",
    "RDate": "20220301",
    "GeneralPolarity": "1",
    "Aspects": [
      {
        "Aspect": "색상",
        "SentimentText": "색상이 집안 분위기랑 어울려서 너무 만족스럽습니다~",
        "SentimentWord": "6",
        "SentimentPolarity": "1"
      },
      {
        "Aspect": "가격",
        "SentimentText": "이벤트로 완전 저렴하게 구매해서 좋습니다\u003e\u003c",
        "SentimentWord": "5",
        "SentimentPolarity": "1"
      }
    ]
  },
  {
    "Index": "27811",
    "RawText": "손잡이가 없어서 조금 불편하지만 쓸만해요. 김치 냉장고는 역시 oo가 좋긴 좋네요.",
    "Source": "쇼핑몰",
    "Domain": "가전",
    "MainCategory": "주방가전",
    "ProductName": "딤채 위니아 EDT33GFPYWT (2022년형) 일반구매",
    "ReviewScore": "4",
    "Syllable": "46",
    "Word": "11",
    "RDate": "20220829",
    "GeneralPolarity": "0",
    "Aspects": [
      {
        "Aspect": "편의성",
        "SentimentText": "손잡이가 없어서 조금 불편하지만 쓸만해요.",
        "SentimentWord": "5",
        "SentimentPolarity": "0"
      },
      {
        "Aspect": "제조일/제조사",
        "SentimentText": "김치 냉장고는 역시 oo가 좋긴 좋네요.",
        "SentimentWord": "6",
        "SentimentPolarity": "1"
      }
    ]
  },
  {
    "Index": "27812",
    "RawText": "스텐드형이 김치통 꺼내기에는 진짜 편리하긴 하네요 만족해요. 저렴하게 잘 사서 기분이 좋네요. 디자인도 깔끔하니 아주 마음에 듭니다.",
    "Source": "쇼핑몰",
    "Domain": "가전",
    "MainCategory": "주방가전",
    "ProductName": "딤채 위니아 EDT33GFPYWT (2022년형) 일반구매",
    "ReviewScore": "5",
    "Syllable": "74",
    "Word": "17",
    "RDate": "20220311",
    "GeneralPolarity": "1",
    "Aspects": [
      {
        "Aspect": "편의성",
        "SentimentText": "스텐드형이 김치통 꺼내기에는 진짜 편리하긴 하네요 만족해요. ",
        "SentimentWord": "7",
        "SentimentPolarity": "1"
      },
      {
        "Aspect": "가격",
        "SentimentText": " 저렴하게 잘 사서 기분이 좋네요.",
        "SentimentWord": "5",
        "SentimentPolarity": "1"
      },
      {
        "Aspect": "디자인",
        "SentimentText": "디자인도 깔끔하니 아주 마음에 듭니다.",
        "SentimentWord": "5",
        "SentimentPolarity": "1"
      }
    ]
  },
  {
    "Index": "27814",
    "RawText": "색상이 생각했던게 아니라서 아쉽네요. 그래도 품질 하나는 정말 좋은 거 같아요~",
    "Source": "쇼핑몰",
    "Domain": "가전",
    "MainCategory": "주방가전",
    "ProductName": "딤채 위니아 EDT33GFPYWT (2022년형) 일반구매",
    "ReviewScore": "5",
    "Syllable": "44",
    "Word": "11",
    "RDate": "20220703",
    "GeneralPolarity": "0",
    "Aspects": [
      {
        "Aspect": "색상",
        "SentimentText": "색상이 생각했던게 아니라서 아쉽네요. ",
        "SentimentWord": "4",
        "SentimentPolarity": "-1"
      },
      {
        "Aspect": "품질",
        "SentimentText": "품질 하나는 정말 좋은 거 같아요~ ",
        "SentimentWord": "6",
        "SentimentPolarity": "1"
      }
    ]
  },
  {
    "Index": "27815",
    "RawText": "화이트가 깔끔해서 제 눈에는 마냥 이쁘네요~ 배송도 완전 총알이라 너무 만족스럽습니다~ 디자인도 근사해서 첫눈에 뽕 반했어요",
    "Source": "쇼핑몰",
    "Domain": "가전",
    "MainCategory": "주방가전",
    "ProductName": "딤채 위니아 EDT33GFPYWT (2022년형) 일반구매",
    "ReviewScore": "5",
    "Syllable": "69",
    "Word": "16",
    "RDate": "20220109",
    "Aspects": [
      {
        "Aspect": "색상",
        "SentimentText": "화이트가 깔끔해서 제 눈에는 마냥 이쁘네요~",
        "SentimentWord": "6",
        "SentimentPolarity": "1"
      },
      {
        "Aspect": "디자인",
        "SentimentText": "디자인도 근사해서 첫눈에 뽕 반했어요",
        "SentimentWord": "5",
        "SentimentPolarity": "1"
      }
    ]
  },
  {
    "Index": "27819",
    "RawText": "디자인이 깨끗하고 화사하니 마음에 드네요~ 용량도 적당해서 실용적이에요~ 만족스럽네요.",
    "Source": "쇼핑몰",
    "Domain": "가전",
    "MainCategory": "주방가전",
    "ProductName": "딤채 위니아 EDT33GFPYWT (2022년형) 일반구매",
    "ReviewScore": "5",
    "Syllable": "48",
    "Word": "9",
    "RDate": "20220416",
    "GeneralPolarity": "1",
    "Aspects": [
      {
        "Aspect": "디자인",
        "SentimentText": "디자인이 깨끗하고 화사하니 마음에 드네요~ ",
        "SentimentWord": "5",
        "SentimentPolarity": "1"
      },
      {
        "Aspect": "용량",
        "SentimentText": "용량도 적당해서 실용적이에요~ 만족스럽네요.",
        "SentimentWord": "4",
        "SentimentPolarity": "1"
      }
    ]
  },
  {
    "Index": "27820",
    "RawText": "김치통이 여러개라 실용적이라 좋고요~ 색상도 원했던 색상이라 마음에 쏙 듭니다~",
    "Source": "쇼핑몰",
    "Domain": "가전",
    "MainCategory": "주방가전",
    "ProductName": "딤채 위니아 EDT33GFPYWT (2022년형) 일반구매",
    "ReviewScore": "5",
    "Syllable": "44",
    "Word": "10",
    "RDate": "20220608",
    "GeneralPolarity": "1",
    "Aspects": [
      {
        "Aspect": "제품구성",
        "SentimentText": "김치통이 여러개라 실용적이라 좋고요~",
        "SentimentWord": "4",
        "SentimentPolarity": "1"
      },
      {
        "Aspect": "색상",
        "SentimentText": "색상도 원했던 색상이라 마음에 쏙 듭니다~ ",
        "SentimentWord": "6",
        "SentimentPolarity": "1"
      }
    ]
  },
  {
    "Index": "27821",
    "RawText": "냉장고 속 용량이 커서 너무 마음에 들고요~ 디자인도 깔끔하니 딱 제 스타일이에요~",
    "Source": "쇼핑몰",
    "Domain": "가전",
    "MainCategory": "주방가전",
    "ProductName": "딤채 위니아 EDT33GFPYWT (2022년형) 일반구매",
    "ReviewScore": "4",
    "Syllable": "46",
    "Word": "12",
    "RDate": "20211103",
    "GeneralPolarity": "1",
    "Aspects": [
      {
        "Aspect": "용량",
        "SentimentText": "냉장고 속 용량이 커서 너무 마음에 들고요~",
        "SentimentWord": "7",
        "SentimentPolarity": "1"
      },
      {
        "Aspect": "디자인",
        "SentimentText": "디자인도 깔끔하니 딱 제 스타일이에요~",
        "SentimentWord": "5",
        "SentimentPolarity": "1"
      }
    ]
  },
  {
    "Index": "27822",
    "RawText": "은은한 색상이 고급스럽고 용량도 딱 적당해서 맘에 듭니다. 상하로 냉장냉동 설정할수 있어서 만족스럽고 가격부분도 저렴하게  잘 구매했습니다,^^",
    "Source": "쇼핑몰",
    "Domain": "가전",
    "MainCategory": "주방가전",
    "ProductName": "딤채 위니아 EDT33GFPYWT (2022년형) 일반구매",
    "ReviewScore": "5",
    "Syllable": "80",
    "Word": "17",
    "RDate": "20220104",
    "GeneralPolarity": "1",
    "Aspects": [
      {
        "Aspect": "색상",
        "SentimentText": "은은한 색상이 고급스럽고",
        "SentimentWord": "3",
        "SentimentPolarity": "1"
      },
      {
        "Aspect": "용량",
        "SentimentText": "용량도 딱 적당해서 맘에 듭니다.",
        "SentimentWord": "5",
        "SentimentPolarity": "1"
      },
      {
        "Aspect": "기능",
        "SentimentText": "상하로 냉장냉동 설정할수 있어서 만족스럽고",
        "SentimentWord": "5",
        "SentimentPolarity": "1"
      },
      {
        "Aspect": "가격",
        "SentimentText": "가격부분도 저렴하게  잘 구매했습니다,^^",
        "SentimentWord": "4",
        "SentimentPolarity": "1"
      }
    ]
  },
  {
    "Index": "27823",
    "RawText": "배송이 완전 번개네요~ 깜짝 놀랐어요!! 최고에요. 소음도 하나도 없고 귀가 편안해서 너무 만족합니다~ 타사보다 기능이 월등해서 좋네요",
    "Source": "쇼핑몰",
    "Domain": "가전",
    "MainCategory": "주방가전",
    "ProductName": "딤채 위니아 EDT33GFPYWT (2022년형) 일반구매",
    "ReviewScore": "5",
    "Syllable": "75",
    "Word": "17",
    "RDate": "20220412",
    "Aspects": [
      {
        "Aspect": "기능",
        "SentimentText": "타사보다 기능이 월등해서 좋네요",
        "SentimentWord": "4",
        "SentimentPolarity": "1"
      },
      {
        "Aspect": "소음",
        "SentimentText": "소음도 하나도 없고 귀가 편안해서 너무 만족합니다~",
        "SentimentWord": "7",
        "SentimentPolarity": "1"
      }
    ]
  },
  {
    "Index": "27825",
    "RawText": "응대도 진짜 빠르고 설치 기사님들도 완전 친절! 만족합니다. 색상도 원하던 색상이라 기분이 너무 좋습니다 ㅎㅎ 디자인도 깔끔하고 고급스럽네요",
    "Source": "쇼핑몰",
    "Domain": "가전",
    "MainCategory": "주방가전",
    "ProductName": "딤채 위니아 EDT33GFPYWT (2022년형) 일반구매",
    "ReviewScore": "5",
    "Syllable": "78",
    "Word": "18",
    "RDate": "20220816",
    "Aspects": [
      {
        "Aspect": "디자인",
        "SentimentText": "디자인도 깔끔하고 고급스럽네요",
        "SentimentWord": "3",
        "SentimentPolarity": "1"
      },
      {
        "Aspect": "색상",
        "SentimentText": "색상도 원하던 색상이라 기분이 너무 좋습니다 ㅎㅎ",
        "SentimentWord": "7",
        "SentimentPolarity": "1"
      }
    ]
  },
  {
    "Index": "27826",
    "RawText": "냉장고 소리가 은근 크네요.. 신경이 쓰여요. 색상은 하얀색이라 마음에 쏙 듭니다.",
    "Source": "쇼핑몰",
    "Domain": "가전",
    "MainCategory": "주방가전",
    "ProductName": "딤채 위니아 EDT33GFPYWT (2022년형) 일반구매",
    "ReviewScore": "3",
    "Syllable": "46",
    "Word": "11",
    "RDate": "20211208",
    "GeneralPolarity": "0",
    "Aspects": [
      {
        "Aspect": "소음",
        "SentimentText": "냉장고 소리가 은근 크네요.. 신경이 쓰여요.",
        "SentimentWord": "6",
        "SentimentPolarity": "-1"
      },
      {
        "Aspect": "색상",
        "SentimentText": "색상은 하얀색이라 마음에 쏙 듭니다.",
        "SentimentWord": "5",
        "SentimentPolarity": "1"
      }
    ]
  },
  {
    "Index": "27827",
    "RawText": "크기도 커서 음식이 많이 들어가서 좋아요~ 색상도 깨끗해서 마음에 듭니다^^",
    "Source": "쇼핑몰",
    "Domain": "가전",
    "MainCategory": "주방가전",
    "ProductName": "딤채 위니아 LDL22EHWRSS (2022년형)",
    "ReviewScore": "5",
    "Syllable": "42",
    "Word": "10",
    "RDate": "20220501",
    "GeneralPolarity": "1",
    "Aspects": [
      {
        "Aspect": "용량",
        "SentimentText": "크기도 커서 음식이 많이 들어가서 좋아요~ ",
        "SentimentWord": "6",
        "SentimentPolarity": "1"
      },
      {
        "Aspect": "색상",
        "SentimentText": "색상도 깨끗해서 마음에 듭니다^^",
        "SentimentWord": "4",
        "SentimentPolarity": "1"
      }
    ]
  },
  {
    "Index": "27828",
    "RawText": "배송은 생각했던 것 보다 빨라서 좋았습니다. 크기도 커서 음식이 많이 들어가요~ 만족스러워요. 소음은 부담스럽지 않아서 편하네요",
    "Source": "쇼핑몰",
    "Domain": "가전",
    "MainCategory": "주방가전",
    "ProductName": "딤채 위니아 SDQ57GFPIESS (2022년형)",
    "ReviewScore": "5",
    "Syllable": "71",
    "Word": "16",
    "RDate": "20220628",
    "Aspects": [
      {
        "Aspect": "소음",
        "SentimentText": "소음은 부담스럽지 않아서 편하네요",
        "SentimentWord": "4",
        "SentimentPolarity": "1"
      },
      {
        "Aspect": "용량",
        "SentimentText": "크기도 커서 음식이 많이 들어가요~ 만족스러워요.",
        "SentimentWord": "6",
        "SentimentPolarity": "1"
      }
    ]
  },
  {
    "Index": "27829",
    "RawText": "용량이 커서 실용적이라 마음에 들어요~ 냉동도 되서 좋네요! 오프라인으로 카드 할인 받아서 저렴하게 잘 샀습니다~",
    "Source": "쇼핑몰",
    "Domain": "가전",
    "MainCategory": "주방가전",
    "ProductName": "딤채 위니아 SDQ57GFPIESS (2022년형)",
    "ReviewScore": "5",
    "Syllable": "63",
    "Word": "15",
    "RDate": "20220707",
    "GeneralPolarity": "1",
    "Aspects": [
      {
        "Aspect": "용량",
        "SentimentText": "용량이 커서 실용적이라 마음에 들어요~",
        "SentimentWord": "5",
        "SentimentPolarity": "1"
      },
      {
        "Aspect": "기능",
        "SentimentText": "냉동도 되서 좋네요! ",
        "SentimentWord": "3",
        "SentimentPolarity": "1"
      },
      {
        "Aspect": "가격",
        "SentimentText": "오프라인으로 카드 할인 받아서 저렴하게 잘 샀습니다~ ",
        "SentimentWord": "7",
        "SentimentPolarity": "1"
      }
    ]
  },
  {
    "Index": "27832",
    "RawText": "김치 통이 색이 있어서 조금 아쉬워요~  디자인은 깔끔하고 이뻐서 마음에 듭니다. 배송도 완전 총알이네요 대체로 만족이에요^^",
    "Source": "쇼핑몰",
    "Domain": "가전",
    "MainCategory": "주방가전",
    "ProductName": "딤채 위니아 SDQ57GFPIESS (2022년형)",
    "ReviewScore": "5",
    "Syllable": "70",
    "Word": "16",
    "RDate": "20220502",
    "Aspects": [
      {
        "Aspect": "색상",
        "SentimentText": "김치 통이 색이 있어서 조금 아쉬워요~ ",
        "SentimentWord": "6",
        "SentimentPolarity": "-1"
      },
      {
        "Aspect": "디자인",
        "SentimentText": "디자인은 깔끔하고 이뻐서 마음에 듭니다.",
        "SentimentWord": "5",
        "SentimentPolarity": "1"
      }
    ]
  },
  {
    "Index": "27833",
    "RawText": "용량은 완전 대용량~ 많이 들어가서 너무 좋아요. 냉장고 소리도 진짜 조용해서 집안이 고요하고~ 배송도 완전 번개 수준~ 만족^^",
    "Source": "쇼핑몰",
    "Domain": "가전",
    "MainCategory": "주방가전",
    "ProductName": "딤채 위니아 SDQ57GFPIESS (2022년형)",
    "ReviewScore": "5",
    "Syllable": "72",
    "Word": "18",
    "RDate": "20220515",
    "Aspects": [
      {
        "Aspect": "용량",
        "SentimentText": "용량은 완전 대용량~ 많이 들어가서 너무 좋아요.",
        "SentimentWord": "7",
        "SentimentPolarity": "1"
      },
      {
        "Aspect": "소음",
        "SentimentText": "냉장고 소리도 진짜 조용해서 집안이 고요하고~",
        "SentimentWord": "6",
        "SentimentPolarity": "1"
      }
    ]
  },
  {
    "Index": "27834",
    "RawText": "설치 하는 기사님 완전 꼼꼼하게 해주셔서 좋네요^^ 디자인은 깔끔해서 만족스럽네요~ 최강의 품질이네요. 일주일 사용해봤는데 완전 굿",
    "Source": "쇼핑몰",
    "Domain": "가전",
    "MainCategory": "주방가전",
    "ProductName": "딤채 위니아 SDQ57GFPIESS (2022년형)",
    "ReviewScore": "5",
    "Syllable": "73",
    "Word": "16",
    "RDate": "20220816",
    "Aspects": [
      {
        "Aspect": "품질",
        "SentimentText": "최강의 품질이네요. 일주일 사용해봤는데 완전 굿",
        "SentimentWord": "6",
        "SentimentPolarity": "1"
      },
      {
        "Aspect": "디자인",
        "SentimentText": "디자인은 깔끔해서 만족스럽네요~",
        "SentimentWord": "3",
        "SentimentPolarity": "1"
      }
    ]
  },
  {
    "Index": "27835",
    "RawText": "배송 해주신 기사님 너무 친절하셔서 좋았고요~ 제품 포장 상태도 아주 꼼꼼해서 만족합니다^^ 조용한 밤에 모터소리가 시끄럽네요 아래칸 서랍의 마감처리가 허접해요. 퀄리티가 쾅이네요.",
    "Source": "쇼핑몰",
    "Domain": "가전",
    "MainCategory": "주방가전",
    "ProductName": "딤채 위니아 SDQ57GFPIESS (2022년형)",
    "ReviewScore": "4",
    "Syllable": "101",
    "Word": "22",
    "RDate": "20220417",
    "Aspects": [
      {
        "Aspect": "소음",
        "SentimentText": "조용한 밤에 모터소리가 시끄럽네요",
        "SentimentWord": "4",
        "SentimentPolarity": "-1"
      },
      {
        "Aspect": "품질",
        "SentimentText": "아래칸 서랍의 마감처리가 허접해요. 퀄리티가 쾅이네요.",
        "SentimentWord": "6",
        "SentimentPolarity": "-1"
      }
    ]
  },
  {
    "Index": "27836",
    "RawText": "칸 별로 온도 조절 가능하니까 좋고요~ 디자인도 깔끔하니 마음에 듭니다^^",
    "Source": "쇼핑몰",
    "Domain": "가전",
    "MainCategory": "주방가전",
    "ProductName": "딤채 위니아 SDQ57GFPIESS (2022년형)",
    "ReviewScore": "5",
    "Syllable": "41",
    "Word": "10",
    "RDate": "20220501",
    "GeneralPolarity": "1",
    "Aspects": [
      {
        "Aspect": "기능",
        "SentimentText": "칸 별로 온도 조절 가능하니까 좋고요~",
        "SentimentWord": "6",
        "SentimentPolarity": "1"
      },
      {
        "Aspect": "디자인",
        "SentimentText": "디자인도 깔끔하니 마음에 듭니다^^",
        "SentimentWord": "4",
        "SentimentPolarity": "1"
      }
    ]
  },
  {
    "Index": "27838",
    "RawText": "기능이 최고예요~ 대박 좋아요~! 가격도 너무 저렴하게 잘 사서 대만족입니다 ~~^^",
    "Source": "쇼핑몰",
    "Domain": "가전",
    "MainCategory": "주방가전",
    "ProductName": "딤채 위니아 SDQ57GFPIESS (2022년형)",
    "ReviewScore": "5",
    "Syllable": "47",
    "Word": "11",
    "RDate": "20220523",
    "Aspects": [
      {
        "Aspect": "기능",
        "SentimentText": "기능이 최고예요~ 대박 좋아요~! ",
        "SentimentWord": "4",
        "SentimentPolarity": "1"
      },
      {
        "Aspect": "가격",
        "SentimentText": "가격도 너무 저렴하게 잘 사서 대만족입니다 ~~^^",
        "SentimentWord": "7",
        "SentimentPolarity": "1"
      }
    ]
  },
  {
    "Index": "27839",
    "RawText": "외관이 진짜 튼튼하고 마감 처리가 잘 되어 있네요! 용량도 커서 많이 들어가니까 좋습니다~",
    "Source": "쇼핑몰",
    "Domain": "가전",
    "MainCategory": "주방가전",
    "ProductName": "딤채 위니아 SDQ57GFPIESS (2022년형)",
    "ReviewScore": "5",
    "Syllable": "50",
    "Word": "13",
    "RDate": "20220607",
    "GeneralPolarity": "1",
    "Aspects": [
      {
        "Aspect": "품질",
        "SentimentText": "외관이 진짜 튼튼하고 마감 처리가 잘 되어 있네요! ",
        "SentimentWord": "8",
        "SentimentPolarity": "1"
      },
      {
        "Aspect": "용량",
        "SentimentText": "용량도 커서 많이 들어가니까 좋습니다~",
        "SentimentWord": "5",
        "SentimentPolarity": "1"
      }
    ]
  },
  {
    "Index": "27840",
    "RawText": "디자인이 새집 인테리어랑 아주 찰떡입니다 너무 이뻐요~ 색상도 깔끔하니 최고네요!",
    "Source": "쇼핑몰",
    "Domain": "가전",
    "MainCategory": "주방가전",
    "ProductName": "딤채 위니아 SDQ57GFPIESS (2022년형)",
    "ReviewScore": "5",
    "Syllable": "45",
    "Word": "10",
    "RDate": "20220610",
    "GeneralPolarity": "1",
    "Aspects": [
      {
        "Aspect": "디자인",
        "SentimentText": "디자인이 새집 인테리어랑 아주 찰떡입니다 너무 이뻐요~",
        "SentimentWord": "7",
        "SentimentPolarity": "1"
      },
      {
        "Aspect": "색상",
        "SentimentText": "색상도 깔끔하니 최고네요! ",
        "SentimentWord": "3",
        "SentimentPolarity": "1"
      }
    ]
  },
  {
    "Index": "27841",
    "RawText": "원하는 날짜에 배송되어서 만족스럽습니다. 가격도 할인 받아서 저렴하게 잘 구매했네요~ 제품의 색감이 선명한게 너무 마음에 들어요",
    "Source": "쇼핑몰",
    "Domain": "가전",
    "MainCategory": "주방가전",
    "ProductName": "딤채 위니아 SDQ57GFPIESS (2022년형)",
    "ReviewScore": "5",
    "Syllable": "71",
    "Word": "16",
    "RDate": "20220613",
    "Aspects": [
      {
        "Aspect": "색상",
        "SentimentText": "제품의 색감이 선명한게 너무 마음에 들어요",
        "SentimentWord": "6",
        "SentimentPolarity": "1"
      },
      {
        "Aspect": "가격",
        "SentimentText": "가격도 할인 받아서 저렴하게 잘 구매했네요~",
        "SentimentWord": "6",
        "SentimentPolarity": "1"
      }
    ]
  },
  {
    "Index": "27842",
    "RawText": "제품 외관이 너무 예뻐요~ 소음도 느낄수 없고 완전  만족스럽네요~",
    "Source": "쇼핑몰",
    "Domain": "가전",
    "MainCategory": "주방가전",
    "ProductName": "딤채 위니아 SDQ57GFPIESS (2022년형)",
    "ReviewScore": "5",
    "Syllable": "37",
    "Word": "9",
    "RDate": "20220818",
    "Aspects": [
      {
        "Aspect": "디자인",
        "SentimentText": "제품 외관이 너무 예뻐요~",
        "SentimentWord": "4",
        "SentimentPolarity": "1"
      },
      {
        "Aspect": "소음",
        "SentimentText": "소음도 느낄수 없고 완전  만족스럽네요~ ",
        "SentimentWord": "5",
        "SentimentPolarity": "1"
      }
    ]
  },
  {
    "Index": "27843",
    "RawText": "상품 설명을 제대로 안해주신 거 같아 찝찝.. 아쉽네요. 제품 자체는 튼튼해서 만족합니다. 사용설명서가 포함되지 않아서 작동하는데 한참 헤맸어요",
    "Source": "쇼핑몰",
    "Domain": "가전",
    "MainCategory": "주방가전",
    "ProductName": "딤채 위니아 SDQ57GFPIESS (2022년형)",
    "ReviewScore": "5",
    "Syllable": "80",
    "Word": "18",
    "RDate": "20220614",
    "Aspects": [
      {
        "Aspect": "제품구성",
        "SentimentText": "사용설명서가 포함되지 않아서 작동하는데 한참 헤맸어요",
        "SentimentWord": "6",
        "SentimentPolarity": "-1"
      },
      {
        "Aspect": "품질",
        "SentimentText": "제품 자체는 튼튼해서 만족합니다.",
        "SentimentWord": "4",
        "SentimentPolarity": "1"
      }
    ]
  },
  {
    "Index": "27844",
    "RawText": "배송 완전 총알 번개네요. 최고에요~ 냉장고 소리도 완전 조용해서 귀가 편안하네요^^ 김치가 잘 읽어요. 기능이 좋네요",
    "Source": "쇼핑몰",
    "Domain": "가전",
    "MainCategory": "주방가전",
    "ProductName": "딤채 위니아 SDQ57GFPIESS (2022년형)",
    "ReviewScore": "5",
    "Syllable": "66",
    "Word": "16",
    "RDate": "20220517",
    "Aspects": [
      {
        "Aspect": "기능",
        "SentimentText": "김치가 잘 읽어요. 기능이 좋네요",
        "SentimentWord": "5",
        "SentimentPolarity": "1"
      },
      {
        "Aspect": "소음",
        "SentimentText": "냉장고 소리도 완전 조용해서 귀가 편안하네요^^",
        "SentimentWord": "6",
        "SentimentPolarity": "1"
      }
    ]
  },
  {
    "Index": "27845",
    "RawText": "디자인 너무 예쁘고 좋네요^^ 설치 하실때 꼼꼼하게 자리도 일일이 다 봐주시고 너무 친절하셔서 기분이 넘 좋았어요~ 생각보다 가벼워서 설치하는게 편했어요",
    "Source": "쇼핑몰",
    "Domain": "가전",
    "MainCategory": "주방가전",
    "ProductName": "딤채 위니아 SDQ57GFPIESS (2022년형)",
    "ReviewScore": "5",
    "Syllable": "85",
    "Word": "20",
    "RDate": "20211202",
    "Aspects": [
      {
        "Aspect": "디자인",
        "SentimentText": "디자인 너무 예쁘고 좋네요^^",
        "SentimentWord": "4",
        "SentimentPolarity": "1"
      },
      {
        "Aspect": "무게",
        "SentimentText": "생각보다 가벼워서 설치하는게 편했어요",
        "SentimentWord": "4",
        "SentimentPolarity": "1"
      }
    ]
  },
  {
    "Index": "27847",
    "RawText": "김치통 커서 김치가 많이 들어가서 만족스러워요~ 색상도 예쁘고 깔끔해서 좋아요!! 배송도 완전 총알배송 만족스럽습니다.^^",
    "Source": "쇼핑몰",
    "Domain": "가전",
    "MainCategory": "주방가전",
    "ProductName": "딤채 위니아 SDQ57GFPIESS (2022년형)",
    "ReviewScore": "5",
    "Syllable": "68",
    "Word": "14",
    "RDate": "20220105",
    "Aspects": [
      {
        "Aspect": "용량",
        "SentimentText": "김치통 커서 김치가 많이 들어가서 만족스러워요~",
        "SentimentWord": "6",
        "SentimentPolarity": "1"
      },
      {
        "Aspect": "색상",
        "SentimentText": "색상도 예쁘고 깔끔해서 좋아요!! ",
        "SentimentWord": "4",
        "SentimentPolarity": "1"
      }
    ]
  },
  {
    "Index": "27848",
    "RawText": "냉장고 디자인 완전 고급지고 이쁘네요~ 그에 반해 가격은 싼게 완전 득템했어요",
    "Source": "쇼핑몰",
    "Domain": "가전",
    "MainCategory": "주방가전",
    "ProductName": "딤채 위니아 SDT33GBPIER (2022년형)",
    "ReviewScore": "5",
    "Syllable": "43",
    "Word": "11",
    "RDate": "20220727",
    "Aspects": [
      {
        "Aspect": "디자인",
        "SentimentText": "냉장고 디자인 완전 고급지고 이쁘네요~",
        "SentimentWord": "5",
        "SentimentPolarity": "1"
      },
      {
        "Aspect": "가격",
        "SentimentText": "그에 반해 가격은 싼게 완전 득템했어요",
        "SentimentWord": "6",
        "SentimentPolarity": "1"
      }
    ]
  },
  {
    "Index": "27849",
    "RawText": "김치냉장고 성능은 마음에 들어서 좋았어요. 그런데  배송이 진짜 최악 중 최악입니다. 전날 전화 받고  다음날 오전 9시쯤 다시 연락 와 배달 못 할 것 같다고 하셔서 어이가 없어는데...저희가 2층에 사는데  제품 포장 비닐 벗겨  창문 밖으로 그냥 던진 후 기사님들이 설치 끝나고 가실때 쓰레기  회수도 안하고 가셔서 황당 했습니다. 그런데 너무 비싸게 주고 산게 내내 마음에 걸려요.",
    "Source": "쇼핑몰",
    "Domain": "가전",
    "MainCategory": "주방가전",
    "ProductName": "딤채 위니아 SDT33GBPIER (2022년형)",
    "ReviewScore": "5",
    "Syllable": "217",
    "Word": "57",
    "RDate": "20220805",
    "Aspects": [
      {
        "Aspect": "기능",
        "SentimentText": "김치냉장고 성능은 마음에 들어서 좋았어요. ",
        "SentimentWord": "5",
        "SentimentPolarity": "1"
      },
      {
        "Aspect": "가격",
        "SentimentText": "그런데 너무 비싸게 주고 산게 내내 마음에 걸려요.",
        "SentimentWord": "8",
        "SentimentPolarity": "-1"
      }
    ]
  },
  {
    "Index": "27850",
    "RawText": "디자인이 너무 예뻐서 집 인테리어랑 잘 어울려요~^^ 설치도 깔끔하고 꼼꼼하게 해주셔서 대만족입니다^^ 대용량이라 김치는 물론 과일과 야채도 보관하네요",
    "Source": "쇼핑몰",
    "Domain": "가전",
    "MainCategory": "주방가전",
    "ProductName": "딤채 위니아 SDT33GBPIER (2022년형)",
    "ReviewScore": "5",
    "Syllable": "84",
    "Word": "18",
    "RDate": "20220720",
    "Aspects": [
      {
        "Aspect": "디자인",
        "SentimentText": "디자인이 너무 예뻐서 집 인테리어랑 잘 어울려요~^^",
        "SentimentWord": "7",
        "SentimentPolarity": "1"
      },
      {
        "Aspect": "용량",
        "SentimentText": "대용량이라 김치는 물론 과일과 야채도 보관하네요",
        "SentimentWord": "6",
        "SentimentPolarity": "1"
      }
    ]
  },
  {
    "Index": "27852",
    "RawText": "색상이 보면 볼수록 이쁘고 세련되서 기분이 좋아요! 용량도 커서 제가 생각한대로라 만족스럽습니다 ^^ 기존 냉장고도 바로 수거해주시고 친절하셔서 최고네요~",
    "Source": "쇼핑몰",
    "Domain": "가전",
    "MainCategory": "주방가전",
    "ProductName": "딤채 위니아 SDT33GBPIER (2022년형)",
    "ReviewScore": "4",
    "Syllable": "86",
    "Word": "19",
    "RDate": "20220623",
    "Aspects": [
      {
        "Aspect": "색상",
        "SentimentText": "색상이 보면 볼수록 이쁘고 세련되서 기분이 좋아요!",
        "SentimentWord": "7",
        "SentimentPolarity": "1"
      },
      {
        "Aspect": "용량",
        "SentimentText": "용량도 커서 제가 생각한대로라 만족스럽습니다 ^^",
        "SentimentWord": "6",
        "SentimentPolarity": "1"
      }
    ]
  },
  {
    "Index": "27853",
    "RawText": "우선 빠르게 설치해주심에  감사해요. 그리고  전반적인 어두운 베이지라 걱정했는데 오히려 고급져보여요 모터음이 작아서 안심입니다.",
    "Source": "쇼핑몰",
    "Domain": "가전",
    "MainCategory": "주방가전",
    "ProductName": "딤채 위니아 SDT33GBPIER (2022년형)",
    "ReviewScore": "5",
    "Syllable": "72",
    "Word": "14",
    "RDate": "20220828",
    "Aspects": [
      {
        "Aspect": "소음",
        "SentimentText": "모터음이 작아서 안심입니다.",
        "SentimentWord": "3",
        "SentimentPolarity": "1"
      },
      {
        "Aspect": "색상",
        "SentimentText": "어두운 베이지라 걱정했는데 오히려 고급져보여요",
        "SentimentWord": "5",
        "SentimentPolarity": "1"
      }
    ]
  },
  {
    "Index": "27855",
    "RawText": "디자인은 깔끔하고 세련되서 마음에 들어요~ 수납공간은 넓어서 많이 들어가서 만족! 소음은 진짜 없어서 조용합니다 최고~",
    "Source": "쇼핑몰",
    "Domain": "가전",
    "MainCategory": "주방가전",
    "ProductName": "딤채 위니아 SDT33GBPIER (2022년형)",
    "ReviewScore": "5",
    "Syllable": "66",
    "Word": "15",
    "RDate": "20220621",
    "GeneralPolarity": "1",
    "Aspects": [
      {
        "Aspect": "디자인",
        "SentimentText": "디자인은 깔끔하고 세련되서 마음에 들어요~ ",
        "SentimentWord": "5",
        "SentimentPolarity": "1"
      },
      {
        "Aspect": "용량",
        "SentimentText": "수납공간은 넓어서 많이 들어가서 만족! ",
        "SentimentWord": "5",
        "SentimentPolarity": "1"
      },
      {
        "Aspect": "소음",
        "SentimentText": "소음은 진짜 없어서 조용합니다 최고~",
        "SentimentWord": "5",
        "SentimentPolarity": "1"
      }
    ]
  },
  {
    "Index": "27856",
    "RawText": "배송은 안전하게 와서 좋았고요~ 색이 사진과는 다르지만 고급스러워서 괜찮네요~ 최신상의 제품으로 배상받아서 정말 좋아요",
    "Source": "쇼핑몰",
    "Domain": "가전",
    "MainCategory": "주방가전",
    "ProductName": "딤채 위니아 SDT33GBPIER (2022년형)",
    "ReviewScore": "5",
    "Syllable": "66",
    "Word": "14",
    "RDate": "20220627",
    "Aspects": [
      {
        "Aspect": "제조일/제조사",
        "SentimentText": "최신상의 제품으로 배상받아서 정말 좋아요",
        "SentimentWord": "5",
        "SentimentPolarity": "1"
      },
      {
        "Aspect": "색상",
        "SentimentText": "색이 사진과는 다르지만 고급스러워서 괜찮네요~",
        "SentimentWord": "5",
        "SentimentPolarity": "0"
      }
    ]
  },
  {
    "Index": "27857",
    "RawText": "배송은 총알이네요~ 완전 만족! 포장도 완전 꼼꼼하게 해주셔서 감사드려용~ 제품가격 너무 비싸네요. 가성비 꽝 샤이닝펄화이트라는 그럴싸한 이름과는 달리 촌수런 색이라 대실망",
    "Source": "쇼핑몰",
    "Domain": "가전",
    "MainCategory": "주방가전",
    "ProductName": "딤채 위니아 SDT33GBPIER (2022년형)",
    "ReviewScore": "5",
    "Syllable": "96",
    "Word": "21",
    "RDate": "20220809",
    "Aspects": [
      {
        "Aspect": "가격",
        "SentimentText": "제품가격 너무 비싸네요. 가성비 꽝",
        "SentimentWord": "5",
        "SentimentPolarity": "-1"
      },
      {
        "Aspect": "색상",
        "SentimentText": "샤이닝펄화이트라는 그럴싸한 이름과는 달리 촌수런 색이라 대실망",
        "SentimentWord": "7",
        "SentimentPolarity": "-1"
      }
    ]
  },
  {
    "Index": "27858",
    "RawText": "기사님 설치도 너무 꼼꼼하게 잘해주셔서 만족스러워요~ 2022 최신제품으로 구매해서 깔끔하고 좋네용! 품질도 소문대로 너무 좋아요",
    "Source": "쇼핑몰",
    "Domain": "가전",
    "MainCategory": "주방가전",
    "ProductName": "딤채 위니아 SDT33GBPIER (2022년형)",
    "ReviewScore": "5",
    "Syllable": "72",
    "Word": "15",
    "RDate": "20220727",
    "Aspects": [
      {
        "Aspect": "품질",
        "SentimentText": "품질도 소문대로 너무 좋아요",
        "SentimentWord": "4",
        "SentimentPolarity": "1"
      },
      {
        "Aspect": "제조일/제조사",
        "SentimentText": "2022 최신제품으로 구매해서 깔끔하고 좋네용!",
        "SentimentWord": "5",
        "SentimentPolarity": "1"
      }
    ]
  },
  {
    "Index": "27859",
    "RawText": "기사님 너무 친절하셔서 깜놀~ 최고에요^^ 냉장고 소음도 전혀 없고 조용하니~ 너무 좋네요. 이렇게 싸게 살수 있다니 감동이에요",
    "Source": "쇼핑몰",
    "Domain": "가전",
    "MainCategory": "주방가전",
    "ProductName": "딤채 위니아 SDT33GBPIER (2022년형)",
    "ReviewScore": "5",
    "Syllable": "71",
    "Word": "17",
    "RDate": "20220610",
    "Aspects": [
      {
        "Aspect": "가격",
        "SentimentText": "이렇게 싸게 살수 있다니 감동이에요",
        "SentimentWord": "5",
        "SentimentPolarity": "1"
      },
      {
        "Aspect": "소음",
        "SentimentText": "냉장고 소음도 전혀 없고 조용하니~ 너무 좋네요.",
        "SentimentWord": "7",
        "SentimentPolarity": "1"
      }
    ]
  },
  {
    "Index": "27860",
    "RawText": "색상이 고급지고 세련되서 완전 마음에 들어요~ 가격도 다른 곳보다 저렴해서 구매했어요 완전 만족이용!!",
    "Source": "쇼핑몰",
    "Domain": "가전",
    "MainCategory": "주방가전",
    "ProductName": "딤채 위니아 SDT33GBPIER (2022년형)",
    "ReviewScore": "4",
    "Syllable": "57",
    "Word": "13",
    "RDate": "20220801",
    "GeneralPolarity": "1",
    "Aspects": [
      {
        "Aspect": "색상",
        "SentimentText": "색상이 고급지고 세련되서 완전 마음에 들어요~",
        "SentimentWord": "6",
        "SentimentPolarity": "1"
      },
      {
        "Aspect": "가격",
        "SentimentText": "가격도 다른 곳보다 저렴해서 구매했어요 완전 만족이용!!",
        "SentimentWord": "7",
        "SentimentPolarity": "1"
      }
    ]
  },
  {
    "Index": "27862",
    "RawText": "역시 ooo~ ~최신제품이라 좋아보여서 샀는데 역시 좋아여!!  용기는 투명이면 더 좋을텐데 불투명이라 좀 아쉽네여..",
    "Source": "쇼핑몰",
    "Domain": "가전",
    "MainCategory": "주방가전",
    "ProductName": "딤채 위니아 SDT41GBPIES (2022년형)",
    "ReviewScore": "5",
    "Syllable": "66",
    "Word": "14",
    "RDate": "20220805",
    "GeneralPolarity": "0",
    "Aspects": [
      {
        "Aspect": "제조일/제조사",
        "SentimentText": "역시 ooo~ ~최신제품이라 좋아보여서 샀는데 역시 좋아여!! ",
        "SentimentWord": "7",
        "SentimentPolarity": "1"
      },
      {
        "Aspect": "제품구성",
        "SentimentText": "용기는 투명이면 더 좋을텐데 불투명이라 좀 아쉽네여..",
        "SentimentWord": "7",
        "SentimentPolarity": "-1"
      }
    ]
  },
  {
    "Index": "27863",
    "RawText": "배송은  빠르게 다음날 왔고, 설치기사님들은  설치 잘 해주시고 사용설명까지 친절하게 해 주셨어요,  아직 사용 해보진 않았지만 ,퀄리티 좋은  제품에 만족합니다. 냉장 기능이 너무도 뛰어나네요",
    "Source": "쇼핑몰",
    "Domain": "가전",
    "MainCategory": "주방가전",
    "ProductName": "딤채 위니아 SDT41GBPIES (2022년형)",
    "ReviewScore": "5",
    "Syllable": "108",
    "Word": "24",
    "RDate": "20220803",
    "Aspects": [
      {
        "Aspect": "기능",
        "SentimentText": "냉장 기능이 너무도 뛰어나네요",
        "SentimentWord": "4",
        "SentimentPolarity": "1"
      },
      {
        "Aspect": "품질",
        "SentimentText": "퀄리티 좋은  제품에 만족합니다.",
        "SentimentWord": "4",
        "SentimentPolarity": "1"
      }
    ]
  },
  {
    "Index": "27864",
    "RawText": "총알 배송에 놀랍습니다. 현대적인고 세련미 더한 디자인에 반했어요. 000하면 실속이죠 ㅎ ㅎ 맞춤식 모드까지 최고의 선택! 대만족!!! ",
    "Source": "쇼핑몰",
    "Domain": "가전",
    "MainCategory": "주방가전",
    "ProductName": "딤채 위니아 SDT41GBPIES (2022년형)",
    "ReviewScore": "5",
    "Syllable": "77",
    "Word": "17",
    "RDate": "20220713",
    "Aspects": [
      {
        "Aspect": "디자인",
        "SentimentText": "현대적인고 세련미 더한 디자인에 반했어요. ",
        "SentimentWord": "5",
        "SentimentPolarity": "1"
      },
      {
        "Aspect": "제조일/제조사",
        "SentimentText": "000하면 실속이죠 ㅎ ㅎ",
        "SentimentWord": "4",
        "SentimentPolarity": "1"
      },
      {
        "Aspect": "기능",
        "SentimentText": "맞춤식 모드까지 최고의 선택! 대만족!!!",
        "SentimentWord": "5",
        "SentimentPolarity": "1"
      }
    ]
  },
  {
    "Index": "27865",
    "RawText": "제품 성능은 너무 좋아 만족합니다.  설치 작업 도중 불편한 점이 있었는데 기사님이 해결해 주셔서 감사했습니다. 쇼핑몰 할인행사로 저렴하게 구매했어요",
    "Source": "쇼핑몰",
    "Domain": "가전",
    "MainCategory": "주방가전",
    "ProductName": "딤채 위니아 SDT41GBPIES (2022년형)",
    "ReviewScore": "5",
    "Syllable": "83",
    "Word": "19",
    "RDate": "20220816",
    "Aspects": [
      {
        "Aspect": "기능",
        "SentimentText": "제품 성능은 너무 좋아 만족합니다.  ",
        "SentimentWord": "5",
        "SentimentPolarity": "1"
      },
      {
        "Aspect": "가격",
        "SentimentText": "쇼핑몰 할인행사로 저렴하게 구매했어요",
        "SentimentWord": "4",
        "SentimentPolarity": "0"
      }
    ]
  },
  {
    "Index": "27866",
    "RawText": "김장철이라 급하게 구매했는데 품질이 좋네요  전기 요금 걱정 없는 1등급이라서 더욱 만족합니다~^^",
    "Source": "쇼핑몰",
    "Domain": "가전",
    "MainCategory": "주방가전",
    "ProductName": "딤채 위니아 쁘띠형 WDS10GPACC (2022년형) 일반구매",
    "ReviewScore": "5",
    "Syllable": "55",
    "Word": "12",
    "RDate": "20211211",
    "Aspects": [
      {
        "Aspect": "품질",
        "SentimentText": "김장철이라 급하게 구매했는데 품질이 좋네요",
        "SentimentWord": "5",
        "SentimentPolarity": "0"
      },
      {
        "Aspect": "소비전력",
        "SentimentText": "전기 요금 걱정 없는 1등급이라서 더욱 만족합니다~^^",
        "SentimentWord": "7",
        "SentimentPolarity": "1"
      }
    ]
  },
  {
    "Index": "27867",
    "RawText": "상반부 칸에  작은포켓이 마음에 듭니다. 김치를 많이 담그지 않아 용량도 적당한게 잘 샀어요.  공간마다 온도 설정 가능해 활용도도 높습니다. 잘 쓸께요~~",
    "Source": "쇼핑몰",
    "Domain": "가전",
    "MainCategory": "주방가전",
    "ProductName": "딤채 위니아 쁘띠형 WDS10GPACC (2022년형) 일반구매",
    "ReviewScore": "5",
    "Syllable": "87",
    "Word": "21",
    "RDate": "20220627",
    "Aspects": [
      {
        "Aspect": "제품구성",
        "SentimentText": "상반부 칸에  작은포켓이 마음에 듭니다.",
        "SentimentWord": "5",
        "SentimentPolarity": "1"
      },
      {
        "Aspect": "용량",
        "SentimentText": "용량도 적당한게 잘 샀어요. ",
        "SentimentWord": "4",
        "SentimentPolarity": "1"
      },
      {
        "Aspect": "편의성",
        "SentimentText": "공간마다 온도 설정 가능해 활용도도 높습니다. 잘 쓸께요~~  ",
        "SentimentWord": "8",
        "SentimentPolarity": "1"
      }
    ]
  },
  {
    "Index": "27868",
    "RawText": "디자인이 깜찍하고  깔끔해서  마음에 드는데.  뭔가 가격대비 고급스럽기 보다는 싼티가 나서 아쉽네요   1인가구 좁은 집에서도  대체 할수 있는  상품이 없어 샀는데.... 소비전력 1등급 이라는 것은  만족해서 그냥 저냥 사용 합니다.",
    "Source": "쇼핑몰",
    "Domain": "가전",
    "MainCategory": "주방가전",
    "ProductName": "딤채 위니아 쁘띠형 WDS10GPACC (2022년형) 일반구매",
    "ReviewScore": "5",
    "Syllable": "133",
    "Word": "30",
    "RDate": "20220320",
    "GeneralPolarity": "1",
    "Aspects": [
      {
        "Aspect": "디자인",
        "SentimentText": "디자인이 깜찍하고  깔끔해서  마음에 드는데 ",
        "SentimentWord": "5",
        "SentimentPolarity": "1"
      },
      {
        "Aspect": "소비전력",
        "SentimentText": "소비전력 1등급 이라는 것은  만족해서 그냥 저냥 사용 합니다.  ",
        "SentimentWord": "9",
        "SentimentPolarity": "0"
      }
    ]
  },
  {
    "Index": "27870",
    "RawText": "배송이 정말 너무너무나 빨랐고, 기사님도 친절해서 좋았습니다! 신혼가전으로 구매했는데  디자인이 넘 귀여워서 대 만족이예요 ㅠㅠ 추천해용!! 기능이 좋아서 잘산것 같네요",
    "Source": "쇼핑몰",
    "Domain": "가전",
    "MainCategory": "주방가전",
    "ProductName": "딤채 위니아 쁘띠형 WDS10GPACC (2022년형) 일반구매",
    "ReviewScore": "5",
    "Syllable": "94",
    "Word": "20",
    "RDate": "20220625",
    "Aspects": [
      {
        "Aspect": "기능",
        "SentimentText": "기능이 좋아서 잘산것 같네요",
        "SentimentWord": "4",
        "SentimentPolarity": "1"
      },
      {
        "Aspect": "디자인",
        "SentimentText": "디자인이 넘 귀여워서 대 만족이예요 ㅠㅠ 추천해용!!",
        "SentimentWord": "7",
        "SentimentPolarity": "1"
      }
    ]
  },
  {
    "Index": "27871",
    "RawText": "배송이  빨라서 너무 좋았습니다. 상품 디자인도  너무 이쁘고 마음에 들어요~^^ 굿굿 사이즈 작은 모델 찾다가 마음에 들어 구매 했는데 너무 만족합니다 !!",
    "Source": "쇼핑몰",
    "Domain": "가전",
    "MainCategory": "주방가전",
    "ProductName": "딤채 위니아 쁘띠형 WDS10GPACC (2022년형) 일반구매",
    "ReviewScore": "5",
    "Syllable": "88",
    "Word": "22",
    "RDate": "20220306",
    "Aspects": [
      {
        "Aspect": "디자인",
        "SentimentText": "디자인도 너무 이쁘고 마음에 들어요~^^ 굿굿",
        "SentimentWord": "6",
        "SentimentPolarity": "1"
      },
      {
        "Aspect": "사이즈",
        "SentimentText": "사이즈 작은 모델 찾다가 마음에 들어 구매 했는데 너무 만족합니다 !!",
        "SentimentWord": "11",
        "SentimentPolarity": "1"
      }
    ]
  },
  {
    "Index": "27872",
    "RawText": "곧바로 배송해주시니 너무 감사해요, 화면보다 실제 색상이 더 예쁘고 고급져요.  크기도 적당해서 만족합니다. 칸칸이 온도 설정이 달라 다양한 요리를 할수 있는게 장점이네요  잘 쓰겠습니다.",
    "Source": "쇼핑몰",
    "Domain": "가전",
    "MainCategory": "주방가전",
    "ProductName": "딤채 위니아 쁘띠형 WDS10GPACC (2022년형) 일반구매",
    "ReviewScore": "5",
    "Syllable": "105",
    "Word": "24",
    "RDate": "20220516",
    "Aspects": [
      {
        "Aspect": "색상",
        "SentimentText": "화면보다 실제 색상이 더 예쁘고 고급져요.",
        "SentimentWord": "6",
        "SentimentPolarity": "1"
      },
      {
        "Aspect": "사이즈",
        "SentimentText": "크기도 적당해서 만족합니다.",
        "SentimentWord": "3",
        "SentimentPolarity": "1"
      },
      {
        "Aspect": "기능",
        "SentimentText": "칸칸이 온도 설정이 달라 다양한 요리를 할수 있는게 장점이네요  잘 쓰겠습니다.",
        "SentimentWord": "11",
        "SentimentPolarity": "1"
      }
    ]
  },
  {
    "Index": "27874",
    "RawText": "생각보다 배송이 많이 늦어  속상했어요ㅠ 막상 받고보니 디자인이 넘 앙증맞고 귀여운게 좋네요 미니멀한게 신혼부부집에 놓으면 딱 좋을 크기입니다!!!",
    "Source": "쇼핑몰",
    "Domain": "가전",
    "MainCategory": "주방가전",
    "ProductName": "딤채 위니아 쁘띠형 WDS10GPACC (2022년형) 일반구매",
    "ReviewScore": "4",
    "Syllable": "82",
    "Word": "18",
    "RDate": "20220215",
    "Aspects": [
      {
        "Aspect": "디자인",
        "SentimentText": "디자인이 넘 앙증맞고 귀여운게 좋네요",
        "SentimentWord": "5",
        "SentimentPolarity": "1"
      },
      {
        "Aspect": "사이즈",
        "SentimentText": "미니멀한게 신혼부부집에 놓으면 딱 좋을 크기입니다!!!",
        "SentimentWord": "6",
        "SentimentPolarity": "1"
      }
    ]
  },
  {
    "Index": "27875",
    "RawText": "배송은 빠르게 와서 좋았어요  설치도 친철하게 해주셔서  잘 사용하고 있습니다  사진보다 사이즈가 작아서 조금 실망스럽지만, 김치만 맛나게 잘 숙성되길 바래봅니다 그나마 내부용량이 커서 안심입니다.",
    "Source": "쇼핑몰",
    "Domain": "가전",
    "MainCategory": "주방가전",
    "ProductName": "딤채 위니아 쁘띠형 WDS10GPACC (2022년형) 일반구매",
    "ReviewScore": "5",
    "Syllable": "110",
    "Word": "24",
    "RDate": "20220601",
    "Aspects": [
      {
        "Aspect": "용량",
        "SentimentText": "그나마 내부용량이 커서 안심입니다.",
        "SentimentWord": "4",
        "SentimentPolarity": "1"
      },
      {
        "Aspect": "사이즈",
        "SentimentText": "사이즈가 작아서 조금 실망스럽지만",
        "SentimentWord": "4",
        "SentimentPolarity": "-1"
      }
    ]
  },
  {
    "Index": "27876",
    "RawText": "사이즈가 쁘띠하니 너무 귀여워서 좋아요 ㅎㅎ 용량 크기가 생각 외로 작진 않아 더 마음에 들어요  김치통이 다른 모델에 비해 적은편 이지만 그래도 좋아요 디자인이도 심플해서 너무 좋습니다.",
    "Source": "쇼핑몰",
    "Domain": "가전",
    "MainCategory": "주방가전",
    "ProductName": "딤채 위니아 쁘띠형 WDS10GPACC (2022년형) 일반구매",
    "ReviewScore": "5",
    "Syllable": "105",
    "Word": "27",
    "RDate": "20211127",
    "GeneralPolarity": "1",
    "Aspects": [
      {
        "Aspect": "사이즈",
        "SentimentText": "사이즈가 쁘띠하니 너무 귀여워서 좋아요 ㅎㅎ",
        "SentimentWord": "6",
        "SentimentPolarity": "1"
      },
      {
        "Aspect": "용량",
        "SentimentText": "용량 크기가 생각 외로 작진 않아 더 마음에 들어요",
        "SentimentWord": "9",
        "SentimentPolarity": "1"
      },
      {
        "Aspect": "디자인",
        "SentimentText": "디자인이도 심플해서 너무 좋습니다.",
        "SentimentWord": "4",
        "SentimentPolarity": "1"
      }
    ]
  },
  {
    "Index": "27877",
    "RawText": "화면보다 디자인이 이쁜 것  같아 좋아요.. 사이즈도 아담하니 마음에 듭니다. 진작 살걸 그랬나 싶어요  배송도 빠르게 와서 너무 기뻐요",
    "Source": "쇼핑몰",
    "Domain": "가전",
    "MainCategory": "주방가전",
    "ProductName": "딤채 위니아 쁘띠형 WDS10GPACC (2022년형) 일반구매",
    "ReviewScore": "5",
    "Syllable": "76",
    "Word": "19",
    "RDate": "20220711",
    "Aspects": [
      {
        "Aspect": "디자인",
        "SentimentText": "화면보다 디자인이 이쁜 것  같아 좋아요.",
        "SentimentWord": "6",
        "SentimentPolarity": "1"
      },
      {
        "Aspect": "사이즈",
        "SentimentText": "사이즈도 아담하니 마음에 듭니다",
        "SentimentWord": "4",
        "SentimentPolarity": "1"
      }
    ]
  },
  {
    "Index": "27878",
    "RawText": "원하는 날짜, 시간대에 맞춰서 배송해 주셔서 감사했습니다. 배송 직후 소리가 좀 커서 거슬렸는데 지금은  조용해져서 좋습니다. 잘 쓰겠습니다 이름값하는 ○○○. 실망시키지 않네요",
    "Source": "쇼핑몰",
    "Domain": "가전",
    "MainCategory": "주방가전",
    "ProductName": "딤채 위니아 쁘띠형 WDS10GPACC (2022년형) 일반구매",
    "ReviewScore": "5",
    "Syllable": "99",
    "Word": "22",
    "RDate": "20220731",
    "Aspects": [
      {
        "Aspect": "제조일/제조사",
        "SentimentText": "이름값하는 ○○○. 실망시키지 않네요",
        "SentimentWord": "4",
        "SentimentPolarity": "1"
      },
      {
        "Aspect": "소음",
        "SentimentText": "소리가 좀 커서 거슬렸는데 지금은 조용해져서 좋습니다. 잘 쓰겠습니다",
        "SentimentWord": "9",
        "SentimentPolarity": "0"
      }
    ]
  },
  {
    "Index": "27880",
    "RawText": "제품 사이즈 크기가 너무 귀여워 좋아요.  디자인 스타일도 깔끔해서 너무 마음에 들어요. 소음은  조금 있는 편 이지만 불편할 정도는 아니라서 괜찮아요. 배달해주신  기사님들도 너무 친절 하셔서  매우 좋았습니다.",
    "Source": "쇼핑몰",
    "Domain": "가전",
    "MainCategory": "주방가전",
    "ProductName": "딤채 위니아 쁘띠형 WDS10GPACC (2022년형) 일반구매",
    "ReviewScore": "4",
    "Syllable": "119",
    "Word": "28",
    "RDate": "20220429",
    "Aspects": [
      {
        "Aspect": "사이즈",
        "SentimentText": "제품 사이즈 크기가 너무 귀여워 좋아요.",
        "SentimentWord": "6",
        "SentimentPolarity": "1"
      },
      {
        "Aspect": "디자인",
        "SentimentText": "디자인 스타일도 깔끔해서 너무 마음에 들어요",
        "SentimentWord": "6",
        "SentimentPolarity": "1"
      },
      {
        "Aspect": "소음",
        "SentimentText": " 소음은  조금 있는 편 이지만 불편할 정도는 아니라서 괜찮아요.",
        "SentimentWord": "9",
        "SentimentPolarity": "0"
      }
    ]
  },
  {
    "Index": "27881",
    "RawText": "구매 후 빠르게 설치가 되어 좋습니다. 거실에 배치를 했는데 일반 냉장고보다 소음이 크지 않은 있는 편 불편하지 않네요 기능이 다양하니 잘 산거같네요",
    "Source": "쇼핑몰",
    "Domain": "가전",
    "MainCategory": "주방가전",
    "ProductName": "딤채 위니아 쁘띠형 WDS10GPACC (2022년형) 일반구매",
    "ReviewScore": "5",
    "Syllable": "83",
    "Word": "22",
    "RDate": "20220410",
    "Aspects": [
      {
        "Aspect": "기능",
        "SentimentText": "기능이 다양하니 잘 산거같네요",
        "SentimentWord": "4",
        "SentimentPolarity": "1"
      },
      {
        "Aspect": "소음",
        "SentimentText": "소음이 크지 않은 있는 편 불편하지 않네요",
        "SentimentWord": "7",
        "SentimentPolarity": "0"
      }
    ]
  },
  {
    "Index": "27884",
    "RawText": "토요일에  주문 후  오늘 왔습니다. 생각 외로  빠르게 배송이 되어서  만족합니다. 디자인 면에서도 귀여워서 좋고 성능은 지켜봐야 알겠지만  현재로써는  만족합니다",
    "Source": "쇼핑몰",
    "Domain": "가전",
    "MainCategory": "주방가전",
    "ProductName": "딤채 위니아 쁘띠형 WDS10GPACC (2022년형) 일반구매",
    "ReviewScore": "5",
    "Syllable": "92",
    "Word": "20",
    "RDate": "20220301",
    "Aspects": [
      {
        "Aspect": "디자인",
        "SentimentText": "디자인 면에서도  귀여워서 좋고 ",
        "SentimentWord": "4",
        "SentimentPolarity": "1"
      },
      {
        "Aspect": "기능",
        "SentimentText": "성능은 지켜봐야 알겠지만  현재로써는  만족합니다",
        "SentimentWord": "5",
        "SentimentPolarity": "1"
      }
    ]
  },
  {
    "Index": "27885",
    "RawText": "11월 23일 주문 후 12월8일 오전쯤 배송 왔네요. 일단 색상이 차콜색이라서 깔끔하고 고급져 보여 마음에는 들었지만 배송이 너무 늦게와서 답답하고 짜증이 났습니다. 가격이 비싼게 유일한 흠이네요",
    "Source": "쇼핑몰",
    "Domain": "가전",
    "MainCategory": "주방가전",
    "ProductName": "비스포크 삼성전자 RQ32A7602AP (2021년형) 코타",
    "ReviewScore": "5",
    "Syllable": "110",
    "Word": "26",
    "RDate": "20211208",
    "Aspects": [
      {
        "Aspect": "색상",
        "SentimentText": "색상이 차콜색이라서 깔끔하고 고급져 보여 마음에는 들었지만 ",
        "SentimentWord": "7",
        "SentimentPolarity": "1"
      },
      {
        "Aspect": "가격",
        "SentimentText": "가격이 비싼게 유일한 흠이네요",
        "SentimentWord": "4",
        "SentimentPolarity": "-1"
      }
    ]
  },
  {
    "Index": "27887",
    "RawText": "12월 배송 예정 중 이였는데 생각 외로  빨리 와서 좋네요  주방이 넓지 않은 편이라 작은방으로 김치냉장고를 설치 받았는데  디자인 덕인지 가구처럼 이뻐 보여서 잘 어울려요. 최신상의 제품으로 받아서 좋네요",
    "Source": "쇼핑몰",
    "Domain": "가전",
    "MainCategory": "주방가전",
    "ProductName": "비스포크 삼성전자 RQ32A7602AP (2021년형) 코타",
    "ReviewScore": "4",
    "Syllable": "116",
    "Word": "29",
    "RDate": "20211121",
    "Aspects": [
      {
        "Aspect": "제조일/제조사",
        "SentimentText": "최신상의 제품으로 받아서 좋네요",
        "SentimentWord": "4",
        "SentimentPolarity": "1"
      },
      {
        "Aspect": "디자인",
        "SentimentText": "디자인 덕인지 가구처럼 이뻐 보여서 잘 어울려요. ",
        "SentimentWord": "7",
        "SentimentPolarity": "1"
      }
    ]
  },
  {
    "Index": "27889",
    "RawText": "2주정도 걸릴줄 알았는데 일주일만에 와서  좋습니다ㅎ핑크색이 너무 이쁘고 은은해서 아주 만족해요..소음도 없는편이라서  저는 너무  좋습니다",
    "Source": "쇼핑몰",
    "Domain": "가전",
    "MainCategory": "주방가전",
    "ProductName": "비스포크 삼성전자 RQ32A7602AP (2021년형) 코타",
    "ReviewScore": "5",
    "Syllable": "78",
    "Word": "15",
    "RDate": "20211215",
    "Aspects": [
      {
        "Aspect": "색상",
        "SentimentText": "핑크색이 너무 이쁘고 은은해서 아주 만족해요.",
        "SentimentWord": "6",
        "SentimentPolarity": "1"
      },
      {
        "Aspect": "소음",
        "SentimentText": "소음도 없는편이라서  저는 너무  좋습니다 ",
        "SentimentWord": "5",
        "SentimentPolarity": "1"
      }
    ]
  },
  {
    "Index": "27890",
    "RawText": "4월4일 주문 후 21일설치 되었는데 다소 늦은 감이 있어 기달리기 답답했어요.  색상은 화면에서 보다 살짝 진한 느낌이 나서  깔끔해서 좋습니다. 생각보다 디자인은 촌스럽네요",
    "Source": "쇼핑몰",
    "Domain": "가전",
    "MainCategory": "주방가전",
    "ProductName": "비스포크 삼성전자 RQ32A7602AP (2021년형) 코타",
    "ReviewScore": "5",
    "Syllable": "98",
    "Word": "23",
    "RDate": "20220421",
    "Aspects": [
      {
        "Aspect": "디자인",
        "SentimentText": "생각보다 디자인은 촌스럽네요",
        "SentimentWord": "3",
        "SentimentPolarity": "-1"
      },
      {
        "Aspect": "색상",
        "SentimentText": "색상은 화면에서 보다 살짝 진한 느낌이 나서  깔끔해서 좋습니다. ",
        "SentimentWord": "9",
        "SentimentPolarity": "1"
      }
    ]
  },
  {
    "Index": "27891",
    "RawText": "5/22일에 주문 후  6/4일에 받습니다.. 배송은 다소 조금 늦긴  했지만 괜찮습니다.  색상은 너무 이뻐서 용서가 됩니다~ 배송받아 상품을 확인하니 미세한 기스가 있네요 사용에 불편하지는 않지만...조금 실망이요",
    "Source": "쇼핑몰",
    "Domain": "가전",
    "MainCategory": "주방가전",
    "ProductName": "비스포크 삼성전자 RQ32A7602AP (2021년형) 코타",
    "ReviewScore": "5",
    "Syllable": "121",
    "Word": "26",
    "RDate": "20220605",
    "Aspects": [
      {
        "Aspect": "품질",
        "SentimentText": "배송받아 상품을 확인하니 미세한 기스가 있네요 사용에 불편하지는 않지만...조금 실망이요",
        "SentimentWord": "10",
        "SentimentPolarity": "0"
      },
      {
        "Aspect": "색상",
        "SentimentText": "색상은 너무 이뻐서 용서가 됩니다~ ",
        "SentimentWord": "5",
        "SentimentPolarity": "1"
      }
    ]
  },
  {
    "Index": "27892",
    "RawText": "69만 특가  대박 세일로 살 수 있어 대 만족! 근데 기능이 세서 인지 김치와 야채를 함께 보관했는데 얼어 난감하네요 이상이 있는 건지 의심돼요?",
    "Source": "쇼핑몰",
    "Domain": "가전",
    "MainCategory": "주방가전",
    "ProductName": "비스포크 삼성전자 RQ32A7602AP (2021년형) 코타",
    "ReviewScore": "5",
    "Syllable": "82",
    "Word": "23",
    "RDate": "20220624",
    "GeneralPolarity": "0",
    "Aspects": [
      {
        "Aspect": "가격",
        "SentimentText": "69만 특가  대박 세일로 살 수 있어 대 만족",
        "SentimentWord": "9",
        "SentimentPolarity": "1"
      },
      {
        "Aspect": "기능",
        "SentimentText": "기능이 세서 인지 김치와 야채를 함께 보관했는데 얼어 난감하네요 ",
        "SentimentWord": "9",
        "SentimentPolarity": "-1"
      }
    ]
  },
  {
    "Index": "27894",
    "RawText": "배송이 6일정도  걸렸는데  기사님이 시간대을 못 마쳐 매우 불만스럽워요 (ㅠ.ㅠ;;) 가족중 한명이 집에서 나가지 못하고 대기 ㅠ.ㅠ;; 소음도 적은편이 아니라서 좀 실망스럽네요 사진과는 다른 색상이네요...촌스러워요",
    "Source": "쇼핑몰",
    "Domain": "가전",
    "MainCategory": "주방가전",
    "ProductName": "비스포크 삼성전자 RQ32A7602AP (2021년형) 코타",
    "ReviewScore": "4",
    "Syllable": "122",
    "Word": "25",
    "RDate": "20220726",
    "Aspects": [
      {
        "Aspect": "색상",
        "SentimentText": "사진과는 다른 색상이네요...촌스러워요",
        "SentimentWord": "3",
        "SentimentPolarity": "-1"
      },
      {
        "Aspect": "소음",
        "SentimentText": " 소음도 적은편이 아니라서 좀 실망스럽네요 ",
        "SentimentWord": "5",
        "SentimentPolarity": "-1"
      }
    ]
  },
  {
    "Index": "27895",
    "RawText": "가격대비  좋은것 같아 만족해요. 일반 냉장고 처럼 사용 할 수 있고 다양한 기능이  있어 더 좋아요",
    "Source": "쇼핑몰",
    "Domain": "가전",
    "MainCategory": "주방가전",
    "ProductName": "비스포크 삼성전자 RQ32A7602AP (2021년형) 코타",
    "ReviewScore": "5",
    "Syllable": "56",
    "Word": "16",
    "RDate": "20220504",
    "GeneralPolarity": "1",
    "Aspects": [
      {
        "Aspect": "가격",
        "SentimentText": "가격대비  좋은것 같아 만족해요.",
        "SentimentWord": "4",
        "SentimentPolarity": "1"
      },
      {
        "Aspect": "기능",
        "SentimentText": "다양한 기능이  있어 더 좋아요 ",
        "SentimentWord": "5",
        "SentimentPolarity": "1"
      }
    ]
  },
  {
    "Index": "27896",
    "RawText": "가성비 아주 만족 합니다  디자인도 이뻐서 좋아요 근데 500ml 물병 사이즈가 들어갈  한칸 밖에 없어 좀 불편하네요. 김치냉장고 보단 물\u0026술\u0026음료등 을 보관 하고 있어요",
    "Source": "쇼핑몰",
    "Domain": "가전",
    "MainCategory": "주방가전",
    "ProductName": "비스포크 삼성전자 RQ32A7602AP (2021년형) 코타",
    "ReviewScore": "5",
    "Syllable": "96",
    "Word": "24",
    "RDate": "20220517",
    "GeneralPolarity": "0",
    "Aspects": [
      {
        "Aspect": "가격",
        "SentimentText": "가성비 아주 만족 합니다 ",
        "SentimentWord": "4",
        "SentimentPolarity": "1"
      },
      {
        "Aspect": "디자인",
        "SentimentText": "디자인도 이뻐서 좋아요",
        "SentimentWord": "3",
        "SentimentPolarity": "1"
      },
      {
        "Aspect": "용량",
        "SentimentText": " 500ml 물병 사이즈가 들어갈  한칸 밖에 없어 좀 불편하네요.",
        "SentimentWord": "9",
        "SentimentPolarity": "-1"
      }
    ]
  },
  {
    "Index": "27897",
    "RawText": "고급진 색상도 좋고  디자인도 이뻐서 마음에 들어요 근디 1도어라서 그런지 열면 냉기가 다 빠져 나가는 느낌이 나서 안좋습니다. 비닐이라도 붙이고 싶어요",
    "Source": "쇼핑몰",
    "Domain": "가전",
    "MainCategory": "주방가전",
    "ProductName": "비스포크 삼성전자 RQ32A7602AP (2021년형) 코타",
    "ReviewScore": "5",
    "Syllable": "85",
    "Word": "21",
    "RDate": "20211126",
    "GeneralPolarity": "0",
    "Aspects": [
      {
        "Aspect": "색상",
        "SentimentText": "고급진 색상도 좋고",
        "SentimentWord": "3",
        "SentimentPolarity": "1"
      },
      {
        "Aspect": "디자인",
        "SentimentText": "디자인도 이뻐서 마음에 들어요",
        "SentimentWord": "4",
        "SentimentPolarity": "1"
      },
      {
        "Aspect": "품질",
        "SentimentText": "1도어라서 그런지 열면 냉기가 다 빠져 나가는 느낌이 나서 안좋습니다.",
        "SentimentWord": "10",
        "SentimentPolarity": "-1"
      }
    ]
  },
  {
    "Index": "27899",
    "RawText": "기본 코타화이트 색상 이라서  깔끔해서 좋아요. 배송은 일주일보다  조금 더 걸렸지만 괜찮았어요. 자리를 많이 차지 하지 않는 사이즈라서  좋은것 같아요~^^",
    "Source": "쇼핑몰",
    "Domain": "가전",
    "MainCategory": "주방가전",
    "ProductName": "비스포크 삼성전자 RQ32A7602AP (2021년형) 코타",
    "ReviewScore": "5",
    "Syllable": "88",
    "Word": "20",
    "RDate": "20220308",
    "Aspects": [
      {
        "Aspect": "색상",
        "SentimentText": "코타화이트 색상 이라서  깔끔해서 좋아요",
        "SentimentWord": "5",
        "SentimentPolarity": "1"
      },
      {
        "Aspect": "사이즈",
        "SentimentText": "자리를 많이 차지 하지 않는 사이즈라서  좋은것 같아요~^^",
        "SentimentWord": "8",
        "SentimentPolarity": "1"
      }
    ]
  },
  {
    "Index": "27900",
    "RawText": "기사님께서 친절하게 설치를 잘 해주셔서 좋았고요. 색상도 너무 마음에 들어요  질감 또한 제가 원하는 재질 중 하나라서 만족해요  컴프레서 평생보장받을것 같아요",
    "Source": "쇼핑몰",
    "Domain": "가전",
    "MainCategory": "주방가전",
    "ProductName": "비스포크 삼성전자 RQ32A7602AP (2021년형) 코타",
    "ReviewScore": "5",
    "Syllable": "89",
    "Word": "21",
    "RDate": "20220216",
    "Aspects": [
      {
        "Aspect": "색상",
        "SentimentText": "색상도 너무 마음에 들어요 ",
        "SentimentWord": "4",
        "SentimentPolarity": "1"
      },
      {
        "Aspect": "소재",
        "SentimentText": "질감 또한 제가 원하는 재질 중 하나라서 만족해요  ",
        "SentimentWord": "8",
        "SentimentPolarity": "1"
      }
    ]
  },
  {
    "Index": "27901",
    "RawText": "기사님들께서  너무 친절하시고  배송까지 잘 해주셔서 좋습니다~~ 코타화이트 컬러  너무 이뻐 좋아요~~ 집이랑 잘 어울리는 것 같아요~~ 사이즈가 작아서 조그만 제 주방에 딱이네요.",
    "Source": "쇼핑몰",
    "Domain": "가전",
    "MainCategory": "주방가전",
    "ProductName": "비스포크 삼성전자 RQ32A7602AP (2021년형) 코타",
    "ReviewScore": "5",
    "Syllable": "102",
    "Word": "23",
    "RDate": "20220513",
    "Aspects": [
      {
        "Aspect": "사이즈",
        "SentimentText": "사이즈가 작아서 조그만 제 주방에 딱이네요.",
        "SentimentWord": "6",
        "SentimentPolarity": "1"
      },
      {
        "Aspect": "색상",
        "SentimentText": " 코타화이트 컬러  너무 이뻐 좋아요~~",
        "SentimentWord": "5",
        "SentimentPolarity": "1"
      }
    ]
  },
  {
    "Index": "27902",
    "RawText": "기사님들이 친절 하셔서 너무 좋았습니다. 상품 기능도  월등해 좋네요!!!저렴한 가격에 구매까지 해서 더욱 만족해요  ㅎㅎ 감사감사",
    "Source": "쇼핑몰",
    "Domain": "가전",
    "MainCategory": "주방가전",
    "ProductName": "비스포크 삼성전자 RQ32A7602AP (2021년형) 코타",
    "ReviewScore": "5",
    "Syllable": "73",
    "Word": "16",
    "RDate": "20211022",
    "Aspects": [
      {
        "Aspect": "기능",
        "SentimentText": "상품 기능도  월등해 좋네요!!!",
        "SentimentWord": "4",
        "SentimentPolarity": "1"
      },
      {
        "Aspect": "가격",
        "SentimentText": "저렴한 가격에 구매까지 해서 더욱 만족해요  ㅎㅎ 감사감사",
        "SentimentWord": "8",
        "SentimentPolarity": "1"
      }
    ]
  }
]