[
  {
    "Index": "28270",
    "RawText": "희망 일자에 잘 설치 해 주셨고 친절했습니다. 색상도 이뻐서 말모말모네요ㅎㅎㅎ^^ 소음은 일절 나지 않아서 안심",
    "Source": "쇼핑몰",
    "Domain": "가전",
    "MainCategory": "주방가전",
    "ProductName": "비스포크 삼성전자 키친핏 RB33A3004AP + RZ24A5600AP 코타",
    "ReviewScore": "5",
    "Syllable": "62",
    "Word": "15",
    "RDate": "20210806",
    "Aspects": [
      {
        "Aspect": "소음",
        "SentimentText": "소음은 일절 나지 않아서 안심",
        "SentimentWord": "5",
        "SentimentPolarity": "1"
      },
      {
        "Aspect": "색상",
        "SentimentText": "색상도 이뻐서 말모말모네요ㅎㅎㅎ^^",
        "SentimentWord": "3",
        "SentimentPolarity": "1"
      }
    ]
  },
  {
    "Index": "28271",
    "RawText": "안성맞춤으로 사이즈가 잘 맞았어요!! 설치 기사님 모두 친절 하셔서 너무 좋네요 ^^ 매탈소재라 그런가 깔끔하고 먼지도 안묻네요",
    "Source": "쇼핑몰",
    "Domain": "가전",
    "MainCategory": "주방가전",
    "ProductName": "비스포크 삼성전자 키친핏 RB33A3004AP + RZ24A5600AP 코타",
    "ReviewScore": "5",
    "Syllable": "71",
    "Word": "17",
    "RDate": "20211211",
    "Aspects": [
      {
        "Aspect": "사이즈",
        "SentimentText": "안성맞춤으로 사이즈가 잘 맞았어요 !!",
        "SentimentWord": "5",
        "SentimentPolarity": "1"
      },
      {
        "Aspect": "소재",
        "SentimentText": "매탈소재라 그런가 깔끔하고 먼지도 안묻네요",
        "SentimentWord": "5",
        "SentimentPolarity": "1"
      }
    ]
  },
  {
    "Index": "28274",
    "RawText": "배송기간 약 2주 걸렸어요ㅠㅠ 다행히 디자인이 이뻐서 만족했고 성능도 좋은 것 같아 만족해요. 가격도 싸게 잘 산 것 같아요..색상이 이뻐서 집 인테리어까지 이쁩니다^^",
    "Source": "쇼핑몰",
    "Domain": "가전",
    "MainCategory": "주방가전",
    "ProductName": "비스포크 삼성전자 키친핏 RB33A3004AP + RZ24A5600AP 코타",
    "ReviewScore": "5",
    "Syllable": "94",
    "Word": "23",
    "RDate": "20211020",
    "Aspects": [
      {
        "Aspect": "디자인",
        "SentimentText": "다행히 디자인이 이뻐서 만족했고",
        "SentimentWord": "4",
        "SentimentPolarity": "1"
      },
      {
        "Aspect": "기능",
        "SentimentText": "성능도 좋은 것 같아 만족해요",
        "SentimentWord": "5",
        "SentimentPolarity": "1"
      },
      {
        "Aspect": "가격",
        "SentimentText": " 가격도 싸게 잘 산 것 같아요",
        "SentimentWord": "6",
        "SentimentPolarity": "1"
      },
      {
        "Aspect": "색상",
        "SentimentText": "색상이 이뻐서 집 인테리어까지 이쁩니다^^",
        "SentimentWord": "5",
        "SentimentPolarity": "1"
      }
    ]
  },
  {
    "Index": "28275",
    "RawText": "주문 후 변심으로 색상 교환 신청 요청했는데 잘 처리해 주셔서 감사합니다. 설치 기사님들도 최고 중 최고네요 . 맞춤 냉장고 사이즈 잘 맞아 가구처럼 잘 어울려요 변경된 색상은 정말로 내가 원한 바로 그 색이라서 좋네요",
    "Source": "쇼핑몰",
    "Domain": "가전",
    "MainCategory": "주방가전",
    "ProductName": "비스포크 삼성전자 키친핏 RB33A3004AP + RZ24A5600AP 코타",
    "ReviewScore": "5",
    "Syllable": "122",
    "Word": "34",
    "RDate": "20220813",
    "Aspects": [
      {
        "Aspect": "색상",
        "SentimentText": "변경된 색상은 정말로 내가 원한 바로 그 색이라서 좋네요",
        "SentimentWord": "9",
        "SentimentPolarity": "1"
      },
      {
        "Aspect": "사이즈",
        "SentimentText": " 맞춤 냉장고 사이즈 잘 맞아 가구처럼 잘 어울려요 ",
        "SentimentWord": "8",
        "SentimentPolarity": "1"
      }
    ]
  },
  {
    "Index": "28276",
    "RawText": "주무한지 40일 만에  연락이 없이 이제 배송이 되었어요 ㅠㅠ  이젠 ㅇㅇㅇ 가전은 못 살 것 같아요ㅠㅠ 구매후 일주일도 안되서 대대적인 할인행사를 해서 배신감에 부들부들...",
    "Source": "쇼핑몰",
    "Domain": "가전",
    "MainCategory": "주방가전",
    "ProductName": "비스포크 삼성전자 키친핏 RB33A3004AP + RZ24A5600AP 코타",
    "ReviewScore": "1",
    "Syllable": "98",
    "Word": "24",
    "RDate": "20220418",
    "Aspects": [
      {
        "Aspect": "가격",
        "SentimentText": "구매후 일주일도 안되서 대대적인 할인행사를 해서 배신감에 부들부들...",
        "SentimentWord": "8",
        "SentimentPolarity": "-1"
      },
      {
        "Aspect": "제조일/제조사",
        "SentimentText": "이젠 ㅇㅇㅇ가전은 못 살 것 같아요ㅠㅠ",
        "SentimentWord": "6",
        "SentimentPolarity": "-1"
      }
    ]
  },
  {
    "Index": "28277",
    "RawText": "시기가 시기인 만큼 배송이 늦어네요ㅜㅜ 냉장고 성능은 너무나 좋아 만족해요! 대기업이기는 하지만 그래도 너무 비싼거 아닌가요",
    "Source": "쇼핑몰",
    "Domain": "가전",
    "MainCategory": "주방가전",
    "ProductName": "비스포크 삼성전자 키친핏 RB33A3004AP + RZ24A5600AP 코타",
    "ReviewScore": "3",
    "Syllable": "69",
    "Word": "16",
    "RDate": "20211119",
    "Aspects": [
      {
        "Aspect": "가격",
        "SentimentText": "대기업이기는 하지만 그래도 너무 비싼거 아닌가요",
        "SentimentWord": "6",
        "SentimentPolarity": "-1"
      },
      {
        "Aspect": "기능",
        "SentimentText": "냉장고 성능은 너무나 좋아 만족해요!",
        "SentimentWord": "5",
        "SentimentPolarity": "1"
      }
    ]
  },
  {
    "Index": "28278",
    "RawText": "기사님들이 친절하고 꼼꼼하게 설치해 주셔서  너무 좋네요. 색상이 너무 이뻐서 완전 추천합니다. 내구성이 뛰어나 만족해요",
    "Source": "쇼핑몰",
    "Domain": "가전",
    "MainCategory": "주방가전",
    "ProductName": "비스포크 삼성전자 키친핏 RB33A3004AP + RZ24A5600AP 코타",
    "ReviewScore": "5",
    "Syllable": "67",
    "Word": "15",
    "RDate": "20210812",
    "Aspects": [
      {
        "Aspect": "내구성",
        "SentimentText": "내구성이 뛰어나 만족해요",
        "SentimentWord": "3",
        "SentimentPolarity": "1"
      },
      {
        "Aspect": "색상",
        "SentimentText": " 색상이 너무 이뻐서 완전 추천합니다. ",
        "SentimentWord": "5",
        "SentimentPolarity": "1"
      }
    ]
  },
  {
    "Index": "28279",
    "RawText": "맞춤 냉장고 깔끔하니 튀어 나온 부분없이 사이즈가 딱 맞아요^^  설치 기사님은 친절 했지만 배송은 늦었네요ㅜㅜ 냉장기능 빵빵해서 신선식품들 보관이 신나요",
    "Source": "쇼핑몰",
    "Domain": "가전",
    "MainCategory": "주방가전",
    "ProductName": "비스포크 삼성전자 키친핏 RB33A3004AP + RZ24A5600AP 코타",
    "ReviewScore": "5",
    "Syllable": "86",
    "Word": "20",
    "RDate": "20211201",
    "Aspects": [
      {
        "Aspect": "사이즈",
        "SentimentText": "맞춤 냉장고 깔끔하니 튀어 나온 부분없이 사이즈가 딱 맞아요^^ ",
        "SentimentWord": "9",
        "SentimentPolarity": "1"
      },
      {
        "Aspect": "기능",
        "SentimentText": "냉장기능 빵빵해서 신선식품들 보관이 신나요",
        "SentimentWord": "5",
        "SentimentPolarity": "0"
      }
    ]
  },
  {
    "Index": "28280",
    "RawText": "두분 기사님  깔끔하게  잘 설치해 주셨습니다.^^ 다소 소비 등급 면에서 아쉬운 면은 있습니다 김치전문보관기능이 탁월하네요",
    "Source": "쇼핑몰",
    "Domain": "가전",
    "MainCategory": "주방가전",
    "ProductName": "비스포크 삼성전자 키친핏 RB33A3004AP + RZ24A5600AP 코타",
    "ReviewScore": "5",
    "Syllable": "69",
    "Word": "15",
    "RDate": "20210702",
    "Aspects": [
      {
        "Aspect": "기능",
        "SentimentText": "김치전문보관기능이 탁월하네요",
        "SentimentWord": "2",
        "SentimentPolarity": "1"
      },
      {
        "Aspect": "소비전력",
        "SentimentText": "다소 소비 등급 면에서 아쉬운 면은 있습니다",
        "SentimentWord": "7",
        "SentimentPolarity": "-1"
      }
    ]
  },
  {
    "Index": "28281",
    "RawText": "주문한 색상이 너무나 마음에 듭니다. 아직 사용 전 이지만 디자인 면에서도 이쁘네요.^^ 근데 기사님이 냉장고 수평을 좀 안 맞게 하고 가셨어요 ㅜㅜ",
    "Source": "쇼핑몰",
    "Domain": "가전",
    "MainCategory": "주방가전",
    "ProductName": "비스포크 삼성전자 키친핏 RB33A3004AP + RZ24A5600AP 코타",
    "ReviewScore": "5",
    "Syllable": "83",
    "Word": "22",
    "RDate": "20211029",
    "Aspects": [
      {
        "Aspect": "색상",
        "SentimentText": "주문한 색상이 너무나 마음에 듭니다. ",
        "SentimentWord": "5",
        "SentimentPolarity": "1"
      },
      {
        "Aspect": "디자인",
        "SentimentText": "디자인 면에서도 이쁘네요.^^",
        "SentimentWord": "3",
        "SentimentPolarity": "1"
      }
    ]
  },
  {
    "Index": "28283",
    "RawText": "냉장고 색상 너무 이쁩니다. 설치도 잘 받아서 좋아요. 주방에 맞춤 사이즈 처럼 깔끔하게 잘 들어가네요",
    "Source": "쇼핑몰",
    "Domain": "가전",
    "MainCategory": "주방가전",
    "ProductName": "비스포크 삼성전자 키친핏 RB33A3004AP + RZ24A5600AP 코타",
    "ReviewScore": "5",
    "Syllable": "57",
    "Word": "15",
    "RDate": "20210615",
    "Aspects": [
      {
        "Aspect": "색상",
        "SentimentText": "냉장고 색상 너무 이쁩니다. ",
        "SentimentWord": "4",
        "SentimentPolarity": "1"
      },
      {
        "Aspect": "사이즈",
        "SentimentText": "주방에 맞춤 사이즈 처럼 깔끔하게 잘 들어가네요",
        "SentimentWord": "7",
        "SentimentPolarity": "1"
      }
    ]
  },
  {
    "Index": "28284",
    "RawText": "원래 설치 할 곳에 사이즈가 안 맞아 다른 곳에 설치 했는데 이쁘네요 . 소음도 나지 않아서 냉장고인 줄 모르고 옷장인 줄 알아요 ^^",
    "Source": "쇼핑몰",
    "Domain": "가전",
    "MainCategory": "주방가전",
    "ProductName": "비스포크 삼성전자 키친핏 RB33A3004AP + RZ24A5600AP 코타",
    "ReviewScore": "5",
    "Syllable": "75",
    "Word": "23",
    "RDate": "20220215",
    "GeneralPolarity": "1",
    "Aspects": [
      {
        "Aspect": "사이즈",
        "SentimentText": "원래 설치 할 곳에 사이즈가 안 맞아 다른 곳에 설치 했는데 이쁘네요 ",
        "SentimentWord": "12",
        "SentimentPolarity": "1"
      },
      {
        "Aspect": "소음",
        "SentimentText": "소음도 나지 않아서 냉장고인 줄 모르고 옷장인 줄 알아요 ^^",
        "SentimentWord": "10",
        "SentimentPolarity": "1"
      }
    ]
  },
  {
    "Index": "28286",
    "RawText": "생각 외로 배송 빠르고 설치 일정 조절 가능뿐 아니라 기사님도 친절했어요 . 소비 등급이 3등급 이라서 실망감은 있습니다 왼손잡이 입장에서는 사전에 도어방향을 변경할수 있어서 편리했어요",
    "Source": "쇼핑몰",
    "Domain": "가전",
    "MainCategory": "주방가전",
    "ProductName": "비스포크 삼성전자 키친핏 RF60B91C3K32W 코타",
    "ReviewScore": "5",
    "Syllable": "103",
    "Word": "25",
    "RDate": "20220429",
    "Aspects": [
      {
        "Aspect": "편의성",
        "SentimentText": "왼손잡이 입장에서는 사전에 도어방향을 변경할수 있어서 편리했어요",
        "SentimentWord": "7",
        "SentimentPolarity": "1"
      },
      {
        "Aspect": "소비전력",
        "SentimentText": "소비 등급이 3등급 이라서 실망감은 있습니다 ",
        "SentimentWord": "6",
        "SentimentPolarity": "-1"
      }
    ]
  },
  {
    "Index": "28287",
    "RawText": "부모님댁이 좁은데 기사님들이 불평불만 없이 잘 설치해 주셨다고 합니다. 어머니가 색상이 너무 이쁘다고 아주 좋아 하셔서 저도 좋습니다 ^^ 어르신들이 사용하기에도 조작법이 단순해서 점수를 드립니다.",
    "Source": "쇼핑몰",
    "Domain": "가전",
    "MainCategory": "주방가전",
    "ProductName": "비스포크 삼성전자 키친핏 RF60B91C3K32W 코타",
    "ReviewScore": "5",
    "Syllable": "110",
    "Word": "25",
    "RDate": "20220814",
    "Aspects": [
      {
        "Aspect": "조작성",
        "SentimentText": "어르신들이 사용하기에도 조작법이 단순해서 점수를 드립니다.",
        "SentimentWord": "6",
        "SentimentPolarity": "1"
      },
      {
        "Aspect": "색상",
        "SentimentText": "어머니가 색상이 너무 이쁘다고 아주 좋아 하셔서 저도 좋습니다 ^^",
        "SentimentWord": "10",
        "SentimentPolarity": "1"
      }
    ]
  },
  {
    "Index": "28288",
    "RawText": "마음에 드는 디자인은 설치가 안 될 것 같아 다른 디자인 구매 했는데 너무 이뻐서 만족 합니다.^^ 저녁에는 소리가 읭~하고 나서 거슬려요 ㅜㅜ",
    "Source": "쇼핑몰",
    "Domain": "가전",
    "MainCategory": "주방가전",
    "ProductName": "비스포크 삼성전자 키친핏 RR39A7605AP + RZ24A5600AP 코타",
    "ReviewScore": "5",
    "Syllable": "80",
    "Word": "22",
    "RDate": "20211112",
    "GeneralPolarity": "0",
    "Aspects": [
      {
        "Aspect": "디자인",
        "SentimentText": " 다른 디자인 구매 했는데 너무 이뻐서 만족 합니다.^^ ",
        "SentimentWord": "8",
        "SentimentPolarity": "1"
      },
      {
        "Aspect": "소음",
        "SentimentText": "저녁에는 소리가 읭~하고 나서 거슬려요 ㅜㅜ ",
        "SentimentWord": "6",
        "SentimentPolarity": "-1"
      }
    ]
  },
  {
    "Index": "28290",
    "RawText": "배송이 엄청 빨랐어요~ 디자인도 깔끔해서 좋고 어플 연결해서 사용 할수 있어 좋습니다!!",
    "Source": "쇼핑몰",
    "Domain": "가전",
    "MainCategory": "주방가전",
    "ProductName": "비스포크 삼성전자 키친핏 RR39A7605AP + RZ24A5600AP 코타",
    "ReviewScore": "5",
    "Syllable": "49",
    "Word": "12",
    "RDate": "20210710",
    "Aspects": [
      {
        "Aspect": "디자인",
        "SentimentText": "디자인도 깔끔해서 좋고 ",
        "SentimentWord": "3",
        "SentimentPolarity": "1"
      },
      {
        "Aspect": "기능",
        "SentimentText": "어플 연결해서 사용 할수 있어 좋습니다!!",
        "SentimentWord": "6",
        "SentimentPolarity": "1"
      }
    ]
  },
  {
    "Index": "28291",
    "RawText": "표기 된 사이즈가 잘 맞아 무사히 설치 했어요!  빌트인 디자인 처럼 보여서 대박 이뻐요ㅎㅎㅎ",
    "Source": "쇼핑몰",
    "Domain": "가전",
    "MainCategory": "주방가전",
    "ProductName": "비스포크 삼성전자 키친핏 RR39A7605AP + RZ24A5600AP 코타",
    "ReviewScore": "5",
    "Syllable": "52",
    "Word": "14",
    "RDate": "20210809",
    "GeneralPolarity": "1",
    "Aspects": [
      {
        "Aspect": "사이즈",
        "SentimentText": "표기 된 사이즈가 잘 맞아 무사히 설치 했어요!",
        "SentimentWord": "8",
        "SentimentPolarity": "1"
      },
      {
        "Aspect": "디자인",
        "SentimentText": "빌트인 디자인 처럼 보여서 대박 이뻐요ㅎㅎㅎ",
        "SentimentWord": "6",
        "SentimentPolarity": "1"
      }
    ]
  },
  {
    "Index": "28292",
    "RawText": "냉장고 용량이 아쉽네요ㅜㅜ집 현관이 좁아 이 제품 샀어요. 그래도 디자인 이뻐 아이까지 이쁘다고 하니 기분 좋네요",
    "Source": "쇼핑몰",
    "Domain": "가전",
    "MainCategory": "주방가전",
    "ProductName": "비스포크 삼성전자 키친핏 RR39A7605AP + RZ24A5600AP 코타",
    "ReviewScore": "5",
    "Syllable": "63",
    "Word": "16",
    "RDate": "20211025",
    "GeneralPolarity": "0",
    "Aspects": [
      {
        "Aspect": "용량",
        "SentimentText": "냉장고 용량이 아쉽네요ㅜㅜ",
        "SentimentWord": "3",
        "SentimentPolarity": "-1"
      },
      {
        "Aspect": "디자인",
        "SentimentText": "디자인 이뻐 아이까지 이쁘다고 하니 기분 좋네요  ",
        "SentimentWord": "7",
        "SentimentPolarity": "1"
      }
    ]
  },
  {
    "Index": "28293",
    "RawText": "저희 집 냉장고장이랑 폭이 딱 맞아 좋아요. 첫 가동할 때 소리가 나서 신경 쓰였는데 시간이 지난 후 없어졌어요 ^^",
    "Source": "쇼핑몰",
    "Domain": "가전",
    "MainCategory": "주방가전",
    "ProductName": "비스포크 삼성전자 키친핏 RR39A7605AP + RZ24A5600AP 코타",
    "ReviewScore": "5",
    "Syllable": "65",
    "Word": "19",
    "RDate": "20220602",
    "GeneralPolarity": "1",
    "Aspects": [
      {
        "Aspect": "사이즈",
        "SentimentText": "저희 집 냉장고장이랑 폭이 딱 맞아 좋아요 ",
        "SentimentWord": "7",
        "SentimentPolarity": "1"
      },
      {
        "Aspect": "소음",
        "SentimentText": "첫 가동할 때 소리가 나서 신경 쓰였는데 시간이 지난 후 없어졌어요 ^^",
        "SentimentWord": "12",
        "SentimentPolarity": "1"
      }
    ]
  },
  {
    "Index": "28294",
    "RawText": "심플한 디자인 너무 좋아요.  화면보다 색상이 좀 어두워 아쉬웠어요.설치 당일 해피콜이 진행 되서  황당했어요~",
    "Source": "쇼핑몰",
    "Domain": "가전",
    "MainCategory": "주방가전",
    "ProductName": "비스포크 삼성전자 키친핏 RR39A7605AP + RZ24A5600AP 코타",
    "ReviewScore": "4",
    "Syllable": "62",
    "Word": "14",
    "RDate": "20211201",
    "Aspects": [
      {
        "Aspect": "디자인",
        "SentimentText": "심플한 디자인 너무 좋아요",
        "SentimentWord": "4",
        "SentimentPolarity": "1"
      },
      {
        "Aspect": "색상",
        "SentimentText": "화면보다 색상이 좀 어두워 아쉬웠어요. ",
        "SentimentWord": "5",
        "SentimentPolarity": "-1"
      }
    ]
  },
  {
    "Index": "28295",
    "RawText": "물량 부족으로 희망일 보다 늦게 도착을 했습니다 ㅜㅜ 그래도 방문 기사님이 친절하게 잘 설치 해주셔서 감사했습니다. 냉장고 장에 사이즈가 잘 맞아 매우 만족하고 색상도 이뻐서 주방이 깔끔해요",
    "Source": "쇼핑몰",
    "Domain": "가전",
    "MainCategory": "주방가전",
    "ProductName": "비스포크 삼성전자 키친핏 RR39A7605AP + RZ24A5600AP 코타",
    "ReviewScore": "5",
    "Syllable": "106",
    "Word": "27",
    "RDate": "20220113",
    "Aspects": [
      {
        "Aspect": "사이즈",
        "SentimentText": "냉장고 장에 사이즈가 잘 맞아 매우 만족하고 ",
        "SentimentWord": "7",
        "SentimentPolarity": "1"
      },
      {
        "Aspect": "색상",
        "SentimentText": "색상도 이뻐서 주방이 깔끔해요 ",
        "SentimentWord": "4",
        "SentimentPolarity": "1"
      }
    ]
  },
  {
    "Index": "28296",
    "RawText": "다소 배송은 늦었지만 무사히 설치 받아 좋습니다.  냉장고도 별문제 없이 가동해서 만족합니다 기능은 그다지 돋보이는건 아니지만 쓸만은 해요",
    "Source": "쇼핑몰",
    "Domain": "가전",
    "MainCategory": "주방가전",
    "ProductName": "비스포크 삼성전자 키친핏 RR39A7605AP + RZ24A5600AP 코타",
    "ReviewScore": "5",
    "Syllable": "77",
    "Word": "18",
    "RDate": "20211204",
    "Aspects": [
      {
        "Aspect": "기능",
        "SentimentText": "기능은 그다지 돋보이는건 아니지만 쓸만은 해요",
        "SentimentWord": "6",
        "SentimentPolarity": "0"
      },
      {
        "Aspect": "품질",
        "SentimentText": "냉장고도 별문제 없이 가동해서 만족합니다",
        "SentimentWord": "5",
        "SentimentPolarity": "1"
      }
    ]
  },
  {
    "Index": "28297",
    "RawText": "희망 설치 날짜에 잘 설치 받았어요^^ 제품 성능도 매우 만족 하고 있어요 . 사이즈가 딱 좋아 깔끔하게 잘 맞아요",
    "Source": "쇼핑몰",
    "Domain": "가전",
    "MainCategory": "주방가전",
    "ProductName": "비스포크 삼성전자 키친핏 RR39A7605AP + RZ24A5600AP 코타",
    "ReviewScore": "5",
    "Syllable": "64",
    "Word": "19",
    "RDate": "20210925",
    "Aspects": [
      {
        "Aspect": "기능",
        "SentimentText": "제품 성능도 매우 만족 하고 있어요 ",
        "SentimentWord": "6",
        "SentimentPolarity": "1"
      },
      {
        "Aspect": "사이즈",
        "SentimentText": " 사이즈가 딱 좋아 깔끔하게 잘 맞아요 ",
        "SentimentWord": "6",
        "SentimentPolarity": "1"
      }
    ]
  },
  {
    "Index": "28298",
    "RawText": "구매한 냉장고에서  소음 납니다 ㅜㅜ  현재 A/S 받고 있는데 불량을 받은 것 같아 기분이 매우 상합니다",
    "Source": "쇼핑몰",
    "Domain": "가전",
    "MainCategory": "주방가전",
    "ProductName": "비스포크 삼성전자 키친핏 RR39A7605AP + RZ24A5600AP 코타",
    "ReviewScore": "3",
    "Syllable": "59",
    "Word": "16",
    "RDate": "20211120",
    "GeneralPolarity": "-1",
    "Aspects": [
      {
        "Aspect": "소음",
        "SentimentText": "구매한 냉장고에서  소음 납니다 ㅜㅜ  ",
        "SentimentWord": "5",
        "SentimentPolarity": "-1"
      },
      {
        "Aspect": "품질",
        "SentimentText": " 불량을 받은 것 같아 기분이 매우 상합니다 ",
        "SentimentWord": "7",
        "SentimentPolarity": "-1"
      }
    ]
  },
  {
    "Index": "28299",
    "RawText": "부모님댁 선물로 해 드렸는데, 냉장고 속 안이 깊지 않아서 쓰기 편하다고 좋아하십니다. 디자인도 이뻐서 더 좋아하시는 것 같아요",
    "Source": "쇼핑몰",
    "Domain": "가전",
    "MainCategory": "주방가전",
    "ProductName": "비스포크 삼성전자 키친핏 RR39A7605AP + RZ24A5600AP 코타",
    "ReviewScore": "5",
    "Syllable": "71",
    "Word": "18",
    "RDate": "20210614",
    "GeneralPolarity": "1",
    "Aspects": [
      {
        "Aspect": "편의성",
        "SentimentText": "냉장고 속 안이 깊지 않아서 쓰기 편하다고 좋아하십니다.",
        "SentimentWord": "8",
        "SentimentPolarity": "1"
      },
      {
        "Aspect": "디자인",
        "SentimentText": "디자인도 이뻐서 더 좋아하시는 것 같아요",
        "SentimentWord": "6",
        "SentimentPolarity": "1"
      }
    ]
  },
  {
    "Index": "28300",
    "RawText": "전에 쓰던 냉장고 고장으로 새로 샀는데 방문 기사님들 친절해서 좋았습니다. 디자인도 깔끔하니 아주 좋습니다 신뢰의 ○○○. 믿고 구매했어요",
    "Source": "쇼핑몰",
    "Domain": "가전",
    "MainCategory": "주방가전",
    "ProductName": "비스포크 삼성전자 키친핏 RR39A7605AP + RZ24A5600AP 코타",
    "ReviewScore": "5",
    "Syllable": "77",
    "Word": "18",
    "RDate": "20211120",
    "Aspects": [
      {
        "Aspect": "제조일/제조사",
        "SentimentText": "신뢰의 ○○○. 믿고 구매했어요",
        "SentimentWord": "4",
        "SentimentPolarity": "1"
      },
      {
        "Aspect": "디자인",
        "SentimentText": " 디자인도 깔끔하니 아주 좋습니다 ",
        "SentimentWord": "4",
        "SentimentPolarity": "1"
      }
    ]
  },
  {
    "Index": "28301",
    "RawText": "화면 디자인보다 실물이 훨씬 이쁘요. 집에 있는 김냉이랑도 색상이 너무 잘 어울려 좋아요",
    "Source": "쇼핑몰",
    "Domain": "가전",
    "MainCategory": "주방가전",
    "ProductName": "비스포크 삼성전자 키친핏 RR39A7605AP + RZ24A5600AP 코타",
    "ReviewScore": "5",
    "Syllable": "49",
    "Word": "13",
    "RDate": "20220809",
    "GeneralPolarity": "1",
    "Aspects": [
      {
        "Aspect": "디자인",
        "SentimentText": "화면 디자인보다 실물이 훨씬 이쁘요.",
        "SentimentWord": "5",
        "SentimentPolarity": "1"
      },
      {
        "Aspect": "색상",
        "SentimentText": "집에 있는 김냉이랑도 색상이 너무 잘 어울려 좋아요 ",
        "SentimentWord": "8",
        "SentimentPolarity": "1"
      }
    ]
  },
  {
    "Index": "28303",
    "RawText": "생각 외로 배송이 빨리 와서 아주 잘 설치 받았습니다. 가성비도 너무 좋아 대 만족~!!! 가성비 대비 품질도 엄청 우수하구요",
    "Source": "쇼핑몰",
    "Domain": "가전",
    "MainCategory": "주방가전",
    "ProductName": "비스포크 삼성전자 키친핏 RR39A7605AP + RZ24A5600AP 코타",
    "ReviewScore": "5",
    "Syllable": "70",
    "Word": "19",
    "RDate": "20211019",
    "Aspects": [
      {
        "Aspect": "품질",
        "SentimentText": "가성비 대비 품질도 엄청 우수하구요",
        "SentimentWord": "5",
        "SentimentPolarity": "1"
      },
      {
        "Aspect": "가격",
        "SentimentText": "가성비도 너무 좋아 대 만족~!!!",
        "SentimentWord": "5",
        "SentimentPolarity": "1"
      }
    ]
  },
  {
    "Index": "28304",
    "RawText": "잘 설치해 주신 기사님께 감사드립니다. 원하는 곳에 사이즈가 잘 맞아 딱 들어 가네요! 역시 ㅇㅇㅇ 냉장고  베리 굿!",
    "Source": "쇼핑몰",
    "Domain": "가전",
    "MainCategory": "주방가전",
    "ProductName": "비스포크 삼성전자 키친핏 RR39A7605AP + RZ24A5600AP 코타",
    "ReviewScore": "5",
    "Syllable": "66",
    "Word": "18",
    "RDate": "20211022",
    "Aspects": [
      {
        "Aspect": "사이즈",
        "SentimentText": "원하는 곳에 사이즈가 잘 맞아 딱 들어 가네요!",
        "SentimentWord": "8",
        "SentimentPolarity": "1"
      },
      {
        "Aspect": "제조일/제조사",
        "SentimentText": "역시 ㅇㅇㅇ 냉장고  베리 굿!",
        "SentimentWord": "5",
        "SentimentPolarity": "1"
      }
    ]
  },
  {
    "Index": "28305",
    "RawText": "디자인이 너무 이뻐서 아내가 너무 좋아합니다. 방문해 주신 기사님도 친절했어요^^ 사이즈가 적당해서 마음에 들어요",
    "Source": "쇼핑몰",
    "Domain": "가전",
    "MainCategory": "주방가전",
    "ProductName": "비스포크 삼성전자 키친핏 RR39A7605AP + RZ24A5600AP 코타",
    "ReviewScore": "5",
    "Syllable": "63",
    "Word": "14",
    "RDate": "20220331",
    "Aspects": [
      {
        "Aspect": "디자인",
        "SentimentText": "디자인이 너무 이뻐서 아내가 너무 좋아합니다 ",
        "SentimentWord": "6",
        "SentimentPolarity": "1"
      },
      {
        "Aspect": "사이즈",
        "SentimentText": "사이즈가 적당해서 마음에 들어요",
        "SentimentWord": "4",
        "SentimentPolarity": "1"
      }
    ]
  },
  {
    "Index": "28307",
    "RawText": "희망일에 설치가 잘 되었어요.  디자인도 이쁜 냉장고네요  소음도 작아 사용하기 아주 좋아요",
    "Source": "쇼핑몰",
    "Domain": "가전",
    "MainCategory": "주방가전",
    "ProductName": "비스포크 삼성전자 키친핏 RR39A7605AP + RZ24A5600AP 코타",
    "ReviewScore": "5",
    "Syllable": "51",
    "Word": "12",
    "RDate": "20211119",
    "Aspects": [
      {
        "Aspect": "디자인",
        "SentimentText": "디자인도 이쁜 냉장고네요 ",
        "SentimentWord": "3",
        "SentimentPolarity": "1"
      },
      {
        "Aspect": "소음",
        "SentimentText": "소음도 작아 사용하기 아주 좋아요 ",
        "SentimentWord": "5",
        "SentimentPolarity": "1"
      }
    ]
  },
  {
    "Index": "28308",
    "RawText": "희망일에 설치 완료! 기사님도 친절! 굿~ 수납할 곳도 많아서 대만족 입니다 ^^ 사이즈도 커서 듬직하니 좋아요",
    "Source": "쇼핑몰",
    "Domain": "가전",
    "MainCategory": "주방가전",
    "ProductName": "비스포크 삼성전자 키친핏 RR39A7605AP + RZ24A5600AP 코타",
    "ReviewScore": "5",
    "Syllable": "62",
    "Word": "16",
    "RDate": "20210806",
    "Aspects": [
      {
        "Aspect": "사이즈",
        "SentimentText": "사이즈도 커서 듬직하니 좋아요",
        "SentimentWord": "4",
        "SentimentPolarity": "1"
      },
      {
        "Aspect": "용량",
        "SentimentText": "수납할 곳도 많아서 대만족 입니다 ^^ ",
        "SentimentWord": "6",
        "SentimentPolarity": "1"
      }
    ]
  },
  {
    "Index": "28309",
    "RawText": "디자인 정말 이뻐요ㅎㅎ 배송은 희망 날짜에 왔는데 설치는 좀 시간이 걸려 실망 그래도 색상까지 이뻐 용서는 할 수 있어요 ㅋㅋ",
    "Source": "쇼핑몰",
    "Domain": "가전",
    "MainCategory": "주방가전",
    "ProductName": "비스포크 삼성전자 키친핏 RR39A7605AP + RZ24A5600AP 코타",
    "ReviewScore": "5",
    "Syllable": "70",
    "Word": "20",
    "RDate": "20211130",
    "Aspects": [
      {
        "Aspect": "디자인",
        "SentimentText": "디자인 정말 이뻐요ㅎㅎ",
        "SentimentWord": "3",
        "SentimentPolarity": "1"
      },
      {
        "Aspect": "색상",
        "SentimentText": "그래도 색상까지 이뻐 용서는 할 수 있어요 ㅋㅋ",
        "SentimentWord": "8",
        "SentimentPolarity": "1"
      }
    ]
  },
  {
    "Index": "28310",
    "RawText": "이사 하면서 구매 했는데 디자인이 너무나 이뻐요  냉장고 장에 사이즈가 안성맞춤으로 맞아 너무 좋습니다",
    "Source": "쇼핑몰",
    "Domain": "가전",
    "MainCategory": "주방가전",
    "ProductName": "비스포크 삼성전자 키친핏 RR39A7605AP + RZ24A5600AP 코타",
    "ReviewScore": "5",
    "Syllable": "57",
    "Word": "14",
    "RDate": "20210702",
    "GeneralPolarity": "1",
    "Aspects": [
      {
        "Aspect": "디자인",
        "SentimentText": "이사 하면서 구매 했는데 디자인이 너무나 이뻐요 ",
        "SentimentWord": "7",
        "SentimentPolarity": "1"
      },
      {
        "Aspect": "사이즈",
        "SentimentText": "냉장고 장에 사이즈가 안성맞춤으로 맞아 너무 좋습니다 ",
        "SentimentWord": "7",
        "SentimentPolarity": "1"
      }
    ]
  },
  {
    "Index": "28311",
    "RawText": "이사 갈 곳에 설치하고 싶어 구매했는데 사이즈가 잘 맞아서 너무 만족스럽네요. 저희 집 가구들이랑  색상도 잘 맞아 쇼핑 대 성공! ㅎㅎ",
    "Source": "쇼핑몰",
    "Domain": "가전",
    "MainCategory": "주방가전",
    "ProductName": "비스포크 삼성전자 키친핏 RR39A7605AP + RZ24A5600AP 코타",
    "ReviewScore": "5",
    "Syllable": "76",
    "Word": "21",
    "RDate": "20220215",
    "GeneralPolarity": "1",
    "Aspects": [
      {
        "Aspect": "사이즈",
        "SentimentText": "사이즈가 잘 맞아서 너무 만족스럽네요",
        "SentimentWord": "5",
        "SentimentPolarity": "1"
      },
      {
        "Aspect": "색상",
        "SentimentText": "저희 집 가구들이랑  색상도 잘 맞아 쇼핑 대 성공! ㅎㅎ ",
        "SentimentWord": "10",
        "SentimentPolarity": "1"
      }
    ]
  },
  {
    "Index": "28312",
    "RawText": "이사 하면서 냉장고 부터 교체! 사이즈가 딱 맞아 만족!! 빌트인 디자인 처럼 보여 너무 이뻐요",
    "Source": "쇼핑몰",
    "Domain": "가전",
    "MainCategory": "주방가전",
    "ProductName": "비스포크 삼성전자 키친핏 RR39A7605AP + RZ24A5600AP 코타",
    "ReviewScore": "5",
    "Syllable": "53",
    "Word": "15",
    "RDate": "20220510",
    "GeneralPolarity": "1",
    "Aspects": [
      {
        "Aspect": "사이즈",
        "SentimentText": "사이즈가 딱 맞아 만족!!",
        "SentimentWord": "4",
        "SentimentPolarity": "1"
      },
      {
        "Aspect": "디자인",
        "SentimentText": "빌트인 디자인 처럼 보여 너무 이뻐요 ",
        "SentimentWord": "6",
        "SentimentPolarity": "1"
      }
    ]
  },
  {
    "Index": "28314",
    "RawText": "가격도 저렴하게 잘 샀어요 . 색상이 너무 이쁘네요~~  디자인 역시 깔끔해서 좋아요  소리까지 조용해요 ^^ 방문 기사님도 너무나 친절 하셨습니다!",
    "Source": "쇼핑몰",
    "Domain": "가전",
    "MainCategory": "주방가전",
    "ProductName": "비스포크 삼성전자 키친핏 RR39A7605AP + RZ24A5600AP 코타",
    "ReviewScore": "5",
    "Syllable": "83",
    "Word": "20",
    "RDate": "20220512",
    "Aspects": [
      {
        "Aspect": "가격",
        "SentimentText": "가격도 저렴하게 잘 샀어요 .",
        "SentimentWord": "5",
        "SentimentPolarity": "1"
      },
      {
        "Aspect": "색상",
        "SentimentText": "색상이 너무 이쁘네요~~",
        "SentimentWord": "3",
        "SentimentPolarity": "1"
      },
      {
        "Aspect": "디자인",
        "SentimentText": "디자인 역시 깔끔해서 좋아요 ",
        "SentimentWord": "4",
        "SentimentPolarity": "1"
      },
      {
        "Aspect": "소음",
        "SentimentText": " 소리까지 조용해요 ^^",
        "SentimentWord": "3",
        "SentimentPolarity": "1"
      }
    ]
  },
  {
    "Index": "28315",
    "RawText": "고민 하다가 구매 했는데 생각 외로 배송 빨랐어요. 색상도 고민 하다가 화이트 \u0026그레이 샀는데 이뻐요 멀티냉각기능과 급속냉동기능이 모두 마음에 드네요",
    "Source": "쇼핑몰",
    "Domain": "가전",
    "MainCategory": "주방가전",
    "ProductName": "비스포크 삼성전자 키친핏 RR39A7605AP + RZ24A5600AP 코타",
    "ReviewScore": "4",
    "Syllable": "83",
    "Word": "20",
    "RDate": "20220502",
    "Aspects": [
      {
        "Aspect": "기능",
        "SentimentText": "멀티냉각기능과 급속냉동기능이 모두 마음에 드네요",
        "SentimentWord": "5",
        "SentimentPolarity": "1"
      },
      {
        "Aspect": "색상",
        "SentimentText": "색상도 고민 하다가 화이트 \u0026그레이 샀는데 이뻐요 ",
        "SentimentWord": "7",
        "SentimentPolarity": "1"
      }
    ]
  },
  {
    "Index": "28316",
    "RawText": "설치 받고 소음이 발생해서 신경 쓰여요ㅜㅜ 그래도 디자인은 이쁜것 같아요 ㅎㅎ",
    "Source": "쇼핑몰",
    "Domain": "가전",
    "MainCategory": "주방가전",
    "ProductName": "비스포크 삼성전자 키친핏 RR39A7605AP + RZ24A5600AP 코타",
    "ReviewScore": "5",
    "Syllable": "43",
    "Word": "11",
    "RDate": "20220420",
    "GeneralPolarity": "0",
    "Aspects": [
      {
        "Aspect": "소음",
        "SentimentText": "설치 받고 소음이 발생해서 신경쓰여요ㅜㅜ ",
        "SentimentWord": "5",
        "SentimentPolarity": "-1"
      },
      {
        "Aspect": "디자인",
        "SentimentText": "그래도 디자인은 이쁜것 같아요 ㅎㅎ",
        "SentimentWord": "5",
        "SentimentPolarity": "1"
      }
    ]
  },
  {
    "Index": "28317",
    "RawText": "디자인 이뻐 주방이랑 잘 어울려서 좋네요. 저희 집 냉장고 장이 사선인데 기사님 알맞게 잘 설치해 주셨어요 용량이 커서 신선제품도 부담없이 보관가능",
    "Source": "쇼핑몰",
    "Domain": "가전",
    "MainCategory": "주방가전",
    "ProductName": "비스포크 삼성전자 키친핏 RR39A7605AP + RZ24A5600AP 코타",
    "ReviewScore": "5",
    "Syllable": "82",
    "Word": "21",
    "RDate": "20220217",
    "Aspects": [
      {
        "Aspect": "디자인",
        "SentimentText": "디자인 이뻐 주방이랑 잘 어울려서 좋네요  ",
        "SentimentWord": "6",
        "SentimentPolarity": "1"
      },
      {
        "Aspect": "용량",
        "SentimentText": "용량이 커서 신선제품도 부담없이 보관가능",
        "SentimentWord": "5",
        "SentimentPolarity": "1"
      }
    ]
  },
  {
    "Index": "28318",
    "RawText": "디자인이 주방 인테리어랑 잘 어울려 이뻐요. ㅇㅇㅇ 냉장고 좋네요  방문 기사님도 친절했고 완벽하게 설치까지 잘 해주셨어요",
    "Source": "쇼핑몰",
    "Domain": "가전",
    "MainCategory": "주방가전",
    "ProductName": "비스포크 삼성전자 키친핏 RR39A7605AP + RZ24A5600AP 코타",
    "ReviewScore": "5",
    "Syllable": "68",
    "Word": "16",
    "RDate": "20211107",
    "Aspects": [
      {
        "Aspect": "디자인",
        "SentimentText": "디자인이 주방 인테리어랑 잘 어울려 이뻐요  ",
        "SentimentWord": "6",
        "SentimentPolarity": "1"
      },
      {
        "Aspect": "제조일/제조사",
        "SentimentText": " ㅇㅇㅇ 냉장고 좋네요 ",
        "SentimentWord": "3",
        "SentimentPolarity": "1"
      }
    ]
  },
  {
    "Index": "28319",
    "RawText": "희망 날짜에 설치는 불가 했지만 방문 기사님이 꼼꼼히 잘 설치 해 주셨어요~ 디자인이 너무나 이뻐 기다린 보람은 있어요 ^^ 가격은 대기업제품치고는 비싸지는 않은데 막 싸지도 않네요",
    "Source": "쇼핑몰",
    "Domain": "가전",
    "MainCategory": "주방가전",
    "ProductName": "비스포크 삼성전자 키친핏 RR39A7605AP + RZ24A5600AP 코타",
    "ReviewScore": "5",
    "Syllable": "101",
    "Word": "26",
    "RDate": "20211012",
    "Aspects": [
      {
        "Aspect": "가격",
        "SentimentText": "가격은 대기업제품치고는 비싸지는 않은데 막 싸지도 않네요",
        "SentimentWord": "7",
        "SentimentPolarity": "0"
      },
      {
        "Aspect": "디자인",
        "SentimentText": "디자인이 너무나 이뻐 기다린 보람은 있어요 ^^ ",
        "SentimentWord": "7",
        "SentimentPolarity": "1"
      }
    ]
  },
  {
    "Index": "28320",
    "RawText": "카드 할인 받고 싶어 고객센터 문의 했는데  상담사가 불 친절 했어요! 그냥 설치 했는데 카드 할인 못 받아 열받아요!! 원하던 색상의 제품이 아니라 화나네요. 색상이 너무 지저분해서 반품해버리고 싶네요",
    "Source": "쇼핑몰",
    "Domain": "가전",
    "MainCategory": "주방가전",
    "ProductName": "비스포크 삼성전자 키친핏 RR39A7605AP + RZ24A5600AP 코타",
    "ReviewScore": "1",
    "Syllable": "113",
    "Word": "29",
    "RDate": "20211123",
    "Aspects": [
      {
        "Aspect": "색상",
        "SentimentText": "원하던 색상의 제품이 아니라 화나네요. 색상이 너무 지저분해서 반품해버리고 싶네요",
        "SentimentWord": "10",
        "SentimentPolarity": "-1"
      },
      {
        "Aspect": "가격",
        "SentimentText": " 카드 할인 못 받아 열받아요!!",
        "SentimentWord": "5",
        "SentimentPolarity": "-1"
      }
    ]
  },
  {
    "Index": "28321",
    "RawText": "구매 하고 싶어서 샀는데  기능은 그냥 그런 것 같은데... 디자인이 이뻐요^^",
    "Source": "쇼핑몰",
    "Domain": "가전",
    "MainCategory": "주방가전",
    "ProductName": "비스포크 삼성전자 키친핏 RR39A7605AP + RZ24A5600AP 코타",
    "ReviewScore": "5",
    "Syllable": "44",
    "Word": "11",
    "RDate": "20220322",
    "GeneralPolarity": "1",
    "Aspects": [
      {
        "Aspect": "기능",
        "SentimentText": "기능은 그냥 그런 것 같은데... ",
        "SentimentWord": "5",
        "SentimentPolarity": "0"
      },
      {
        "Aspect": "디자인",
        "SentimentText": "디자인이 이뻐요^^ ",
        "SentimentWord": "2",
        "SentimentPolarity": "1"
      }
    ]
  },
  {
    "Index": "28322",
    "RawText": "색상 고민 했는데 화이트 색상 가장 무난하니 좋네요. 질감도 너무나 좋습니다.  방문기사님도 친절 하게 잘 처리해 주셨어요. 역시 ㅇㅇㅇ 이라 좋은 것 같아요",
    "Source": "쇼핑몰",
    "Domain": "가전",
    "MainCategory": "주방가전",
    "ProductName": "비스포크 삼성전자 키친핏 RR39A7605AP + RZ24A5600AP 코타",
    "ReviewScore": "5",
    "Syllable": "88",
    "Word": "23",
    "RDate": "20220617",
    "Aspects": [
      {
        "Aspect": "색상",
        "SentimentText": "색상 고민 했는데 화이트 색상 가장 무난하니 좋네요.",
        "SentimentWord": "8",
        "SentimentPolarity": "1"
      },
      {
        "Aspect": "소재",
        "SentimentText": "질감도 너무나 좋습니다. ",
        "SentimentWord": "3",
        "SentimentPolarity": "1"
      },
      {
        "Aspect": "제조일/제조사",
        "SentimentText": "역시 ㅇㅇㅇ 이라 좋은 것 같아요 ",
        "SentimentWord": "6",
        "SentimentPolarity": "1"
      }
    ]
  },
  {
    "Index": "28325",
    "RawText": "물량이 부족 하다고 걱정 했는데 빠르게 배송이 되었어요. 디자인 실물도 너무 이뻐요! 용량이 커서 가족수가 많은 우리집엔 딱이네요",
    "Source": "쇼핑몰",
    "Domain": "가전",
    "MainCategory": "주방가전",
    "ProductName": "비스포크 삼성전자 키친핏 RR39A7605AP + RZ32A7605AP + RQ32A7602AP 코타",
    "ReviewScore": "5",
    "Syllable": "72",
    "Word": "18",
    "RDate": "20220815",
    "Aspects": [
      {
        "Aspect": "용량",
        "SentimentText": "용량이 커서 가족수가 많은 우리집엔 딱이네요",
        "SentimentWord": "6",
        "SentimentPolarity": "1"
      },
      {
        "Aspect": "디자인",
        "SentimentText": "디자인 실물도 너무 이뻐요!",
        "SentimentWord": "4",
        "SentimentPolarity": "1"
      }
    ]
  },
  {
    "Index": "28326",
    "RawText": "디자인이 너무너무 이뻐요. 수납도 생각 외로 많이 들어갑니다~ 기사님 역시 친절하고 꼼꼼하게 설치해 주셨어요 ^^",
    "Source": "쇼핑몰",
    "Domain": "가전",
    "MainCategory": "주방가전",
    "ProductName": "비스포크 삼성전자 키친핏 RR39A7605AP + RZ32A7605AP + RQ32A7602AP 코타",
    "ReviewScore": "5",
    "Syllable": "63",
    "Word": "15",
    "RDate": "20210716",
    "Aspects": [
      {
        "Aspect": "디자인",
        "SentimentText": "디자인이 너무너무 이뻐요 ",
        "SentimentWord": "3",
        "SentimentPolarity": "1"
      },
      {
        "Aspect": "용량",
        "SentimentText": "수납도 생각 외로 많이 들어갑니다~",
        "SentimentWord": "5",
        "SentimentPolarity": "1"
      }
    ]
  },
  {
    "Index": "28327",
    "RawText": "냉장따로 냉동따로 각각  분리해서 사용 할 수 있어 편해요. 세탁실에 사이즈가 딱 안성맞춤!!  소음은 없지 않지만  불편할 정도는 아닌 것 같아요. 할인받아 저렴하게 샀어요~",
    "Source": "쇼핑몰",
    "Domain": "가전",
    "MainCategory": "주방가전",
    "ProductName": "비스포크 삼성전자 키친핏 RR39A7605AP + RZ32A7605AP + RQ32A7602AP 코타",
    "ReviewScore": "5",
    "Syllable": "98",
    "Word": "24",
    "RDate": "20210720",
    "GeneralPolarity": "1",
    "Aspects": [
      {
        "Aspect": "편의성",
        "SentimentText": "냉장따로 냉동따로 각각  분리해서 사용 할 수 있어 편해요 ",
        "SentimentWord": "9",
        "SentimentPolarity": "1"
      },
      {
        "Aspect": "사이즈",
        "SentimentText": "세탁실에 사이즈가 딱 안성맞춤!!",
        "SentimentWord": "4",
        "SentimentPolarity": "1"
      },
      {
        "Aspect": "소음",
        "SentimentText": "소음은 없지 않지만  불편할 정도는 아닌 것 같아요",
        "SentimentWord": "8",
        "SentimentPolarity": "0"
      },
      {
        "Aspect": "가격",
        "SentimentText": "할인받아 저렴하게 샀어요~",
        "SentimentWord": "3",
        "SentimentPolarity": "1"
      }
    ]
  },
  {
    "Index": "28329",
    "RawText": "배송 아주 빠릅니다~  가전제품은 ㅇㅇㅇ 최고네요! 배송도 정확하게 잘 배송해 주셨어요 품질도 우수해서 만족",
    "Source": "쇼핑몰",
    "Domain": "가전",
    "MainCategory": "주방가전",
    "ProductName": "비스포크 삼성전자 키친핏 RR39A7605AP + RZ32A7605AP + RQ32A7602AP 코타",
    "ReviewScore": "5",
    "Syllable": "60",
    "Word": "14",
    "RDate": "20210801",
    "Aspects": [
      {
        "Aspect": "제조일/제조사",
        "SentimentText": " 가전제품은 ㅇㅇㅇ 최고네요!",
        "SentimentWord": "3",
        "SentimentPolarity": "1"
      },
      {
        "Aspect": "품질",
        "SentimentText": "품질도 우수해서 만족",
        "SentimentWord": "3",
        "SentimentPolarity": "1"
      }
    ]
  },
  {
    "Index": "28330",
    "RawText": "배송 정말 빨랐습니다! 가격도 너무 착해요! 설치기사님도 친절 합니다! 디자인 너무 신박하고 이쁘네요",
    "Source": "쇼핑몰",
    "Domain": "가전",
    "MainCategory": "주방가전",
    "ProductName": "비스포크 삼성전자 키친핏 RR39A7605AP + RZ32A7605AP + RQ32A7602AP 코타",
    "ReviewScore": "5",
    "Syllable": "56",
    "Word": "13",
    "RDate": "20220703",
    "Aspects": [
      {
        "Aspect": "가격",
        "SentimentText": "가격도 너무 착해요!",
        "SentimentWord": "3",
        "SentimentPolarity": "1"
      },
      {
        "Aspect": "디자인",
        "SentimentText": "디자인 너무 신박하고 이쁘네요",
        "SentimentWord": "4",
        "SentimentPolarity": "1"
      }
    ]
  },
  {
    "Index": "28331",
    "RawText": "배송기간 약 2주 걸린 것 같은데 기사님이 안전하게 설치 해 주시고 설명도 잘 해주셔서 좋았어요. 소음은 없는 편은 아닌 것 같아 아쉽습니다 사용설명서대로 조작하니 편하고 쉽네요.",
    "Source": "쇼핑몰",
    "Domain": "가전",
    "MainCategory": "주방가전",
    "ProductName": "비스포크 삼성전자 키친핏 RR39A7605AP + RZ32A7605AP + RQ32A7602AP 코타",
    "ReviewScore": "5",
    "Syllable": "100",
    "Word": "26",
    "RDate": "20220616",
    "Aspects": [
      {
        "Aspect": "조작성",
        "SentimentText": "사용설명서대로 조작하니 편하고 쉽네요.",
        "SentimentWord": "4",
        "SentimentPolarity": "1"
      },
      {
        "Aspect": "소음",
        "SentimentText": "소음은 없는 편은 아닌 것 같아 아쉽습니다",
        "SentimentWord": "7",
        "SentimentPolarity": "-1"
      }
    ]
  },
  {
    "Index": "28333",
    "RawText": "배송이 한 달 정도 걸린 것 같은데,다행히 이사 날짜에 무사히 맞춰줬어요!용량이 커서 만족도 높고 기다린 보람은 있네요 탁월한 기능을 기대한것은 아닌데 뭐...적당하게 사용할것 같습니다.",
    "Source": "쇼핑몰",
    "Domain": "가전",
    "MainCategory": "주방가전",
    "ProductName": "비스포크 삼성전자 키친핏 RR39A7605AP + RZ32A7605AP + RQ32A7602AP 코타",
    "ReviewScore": "5",
    "Syllable": "104",
    "Word": "24",
    "RDate": "20210511",
    "Aspects": [
      {
        "Aspect": "기능",
        "SentimentText": "탁월한 기능을 기대한것은 아닌데 뭐...적당하게 사용할것 같습니다.",
        "SentimentWord": "7",
        "SentimentPolarity": "0"
      },
      {
        "Aspect": "용량",
        "SentimentText": "용량이 커서 만족도 높고 기다린 보람은 있네요 ",
        "SentimentWord": "7",
        "SentimentPolarity": "1"
      }
    ]
  },
  {
    "Index": "28336",
    "RawText": "일반 냉장고 보다 사이즈가 높아서 좋아요 심플한 디자인 집 인테리어랑 너무 잘 어울려요",
    "Source": "쇼핑몰",
    "Domain": "가전",
    "MainCategory": "주방가전",
    "ProductName": "비스포크 삼성전자 키친핏 RR39A7605AP + RZ32A7605AP + RQ32A7602AP 코타",
    "ReviewScore": "5",
    "Syllable": "48",
    "Word": "13",
    "RDate": "20220615",
    "GeneralPolarity": "1",
    "Aspects": [
      {
        "Aspect": "사이즈",
        "SentimentText": "일반 냉장고 보다 사이즈가 높아서 좋아요",
        "SentimentWord": "6",
        "SentimentPolarity": "1"
      },
      {
        "Aspect": "디자인",
        "SentimentText": "심플한 디자인 집 인테리어랑 너무 잘 어울려요  ",
        "SentimentWord": "7",
        "SentimentPolarity": "1"
      }
    ]
  },
  {
    "Index": "28337",
    "RawText": "구매한 제품 성능면에서 만족해요. 배송 설치도 잘 되었어요~ 근데 3대를 함께 설치하니 수평이 잘 안 맞아 불안해요ㅜㅜ 무게가 너무 나가서 설치시에 엄청 힘들었어요",
    "Source": "쇼핑몰",
    "Domain": "가전",
    "MainCategory": "주방가전",
    "ProductName": "비스포크 삼성전자 키친핏 RR39A7605AP + RZ32A7605AP + RQ32A7602AP 코타",
    "ReviewScore": "4",
    "Syllable": "91",
    "Word": "23",
    "RDate": "20220116",
    "Aspects": [
      {
        "Aspect": "기능",
        "SentimentText": "구매한 제품 성능면에서 만족해요 ",
        "SentimentWord": "4",
        "SentimentPolarity": "1"
      },
      {
        "Aspect": "무게",
        "SentimentText": "무게가 너무 나가서 설치시에 엄청 힘들었어요",
        "SentimentWord": "6",
        "SentimentPolarity": "-1"
      }
    ]
  },
  {
    "Index": "28338",
    "RawText": "일단 제품 성능 만족해요! 기사님도 친절해 좋았고요. 냉장고 장이랑 너무나 사이즈가 잘 맞아 대 만족스럽네요",
    "Source": "쇼핑몰",
    "Domain": "가전",
    "MainCategory": "주방가전",
    "ProductName": "비스포크 삼성전자 키친핏 RR39A7605AP + RZ32A7605AP + RQ32A7602AP 코타",
    "ReviewScore": "5",
    "Syllable": "60",
    "Word": "15",
    "RDate": "20210811",
    "Aspects": [
      {
        "Aspect": "기능",
        "SentimentText": "일단 제품 성능 만족해요!",
        "SentimentWord": "4",
        "SentimentPolarity": "1"
      },
      {
        "Aspect": "사이즈",
        "SentimentText": "냉장고 장이랑 너무나 사이즈가 잘 맞아 대 만족스럽네요 ",
        "SentimentWord": "8",
        "SentimentPolarity": "1"
      }
    ]
  },
  {
    "Index": "28340",
    "RawText": "배송은 늦었지만 잘 설치 받았어요. 디자인 너무 이뻐 대박 마음에 들어요! 저렴하게 구매해서 좋아요",
    "Source": "쇼핑몰",
    "Domain": "가전",
    "MainCategory": "주방가전",
    "ProductName": "비스포크 삼성전자 키친핏 RR39A7605AP + RZ32A7605AP + RQ32A7602AP 코타",
    "ReviewScore": "5",
    "Syllable": "55",
    "Word": "14",
    "RDate": "20220319",
    "Aspects": [
      {
        "Aspect": "가격",
        "SentimentText": "저렴하게 구매해서 좋아요",
        "SentimentWord": "3",
        "SentimentPolarity": "1"
      },
      {
        "Aspect": "디자인",
        "SentimentText": "디자인 너무 이뻐 대박 마음에 들어요!",
        "SentimentWord": "6",
        "SentimentPolarity": "1"
      }
    ]
  },
  {
    "Index": "28342",
    "RawText": "하루만에 도착하다니 배송 엄청 빠릅니다. 디자인도 너무나 이뻐네요. 소음이 하나도 없어서 좋아요",
    "Source": "쇼핑몰",
    "Domain": "가전",
    "MainCategory": "주방가전",
    "ProductName": "비스포크 삼성전자 키친핏 RR39A7605AP + RZ32A7605AP 패널별도",
    "ReviewScore": "5",
    "Syllable": "53",
    "Word": "12",
    "RDate": "20220502",
    "Aspects": [
      {
        "Aspect": "소음",
        "SentimentText": "소음이 하나도 없어서 좋아요",
        "SentimentWord": "4",
        "SentimentPolarity": "1"
      },
      {
        "Aspect": "디자인",
        "SentimentText": "디자인도 너무나 이뻐네요 ",
        "SentimentWord": "3",
        "SentimentPolarity": "1"
      }
    ]
  },
  {
    "Index": "28343",
    "RawText": "디자인이 너무 이뻐서 좋아요! 뒷 부분이 튀어 나오지 않아 사이즈가 딱 좋네요!  설치 기사님 또한 너무 전문가 적이고 최고예요",
    "Source": "쇼핑몰",
    "Domain": "가전",
    "MainCategory": "주방가전",
    "ProductName": "비스포크 삼성전자 키친핏 RR39A7605AP + RZ32A7605AP 패널별도",
    "ReviewScore": "5",
    "Syllable": "71",
    "Word": "19",
    "RDate": "20211109",
    "Aspects": [
      {
        "Aspect": "디자인",
        "SentimentText": "디자인이 너무 이뻐서 좋아요!",
        "SentimentWord": "4",
        "SentimentPolarity": "1"
      },
      {
        "Aspect": "사이즈",
        "SentimentText": " 뒷 부분이 튀어 나오지 않아 사이즈가 딱 좋네요! ",
        "SentimentWord": "8",
        "SentimentPolarity": "1"
      }
    ]
  },
  {
    "Index": "28345",
    "RawText": "배송이 두 달이나 걸렸는데 기사님이 원목가구에 흠집까지 내서 매우 화가 납니다. ㅇㅇㅇ 매우 실망 스럽습니다 소재때문인지 표면에 먼지가 잘 붙어서 짜증나네요",
    "Source": "쇼핑몰",
    "Domain": "가전",
    "MainCategory": "주방가전",
    "ProductName": "비스포크 삼성전자 키친핏 RR39A7605AP + RZ32A7605AP 패널별도",
    "ReviewScore": "1",
    "Syllable": "87",
    "Word": "21",
    "RDate": "20211123",
    "Aspects": [
      {
        "Aspect": "소재",
        "SentimentText": "소재때문인지 표면에 먼지가 잘 붙어서 짜증나네요",
        "SentimentWord": "6",
        "SentimentPolarity": "-1"
      },
      {
        "Aspect": "제조일/제조사",
        "SentimentText": "ㅇㅇㅇ 매우 실망 스럽습니다 ",
        "SentimentWord": "4",
        "SentimentPolarity": "-1"
      }
    ]
  },
  {
    "Index": "28346",
    "RawText": "배송 대박  빠릅니다!! 냉장고 디자인이 너무나 이뻐요. 제가 선택한 색상이 너무 고급 져서 뿌듯하네요ㅎㅎ",
    "Source": "쇼핑몰",
    "Domain": "가전",
    "MainCategory": "주방가전",
    "ProductName": "비스포크 삼성전자 키친핏 RR39A7605AP + RZ32A7605AP 패널별도",
    "ReviewScore": "5",
    "Syllable": "59",
    "Word": "14",
    "RDate": "20211018",
    "Aspects": [
      {
        "Aspect": "디자인",
        "SentimentText": "냉장고 디자인이 너무나 이뻐요. ",
        "SentimentWord": "4",
        "SentimentPolarity": "1"
      },
      {
        "Aspect": "색상",
        "SentimentText": "제가 선택한 색상이 너무 고급 져서 뿌듯하네요ㅎㅎ",
        "SentimentWord": "7",
        "SentimentPolarity": "1"
      }
    ]
  },
  {
    "Index": "28347",
    "RawText": "배송이 늦게 와서 실망감 있습니다. 기존에 4도어 사용 하다가 교체 했는데 생각 외로  냉장실 용량이 커서 대 만족 스럽습니다 기능이 다양하지 않아서 실망했어요",
    "Source": "쇼핑몰",
    "Domain": "가전",
    "MainCategory": "주방가전",
    "ProductName": "비스포크 삼성전자 키친핏 RR39A7605AP + RZ32A7605AP 패널별도",
    "ReviewScore": "5",
    "Syllable": "89",
    "Word": "23",
    "RDate": "20220728",
    "Aspects": [
      {
        "Aspect": "기능",
        "SentimentText": "기능이 다양하지 않아서 실망했어요",
        "SentimentWord": "4",
        "SentimentPolarity": "-1"
      },
      {
        "Aspect": "용량",
        "SentimentText": "생각 외로  냉장실 용량이 커서 대 만족 스럽습니다 ",
        "SentimentWord": "8",
        "SentimentPolarity": "1"
      }
    ]
  },
  {
    "Index": "28348",
    "RawText": "빠르게 설치 됐고 기사님도 친절 했습니다^^ 성능 좋아 냉장 한 칸 더 샀는데 아주 만족하고 있어요! 고급스런 디자인이 특히 마음에 들어요",
    "Source": "쇼핑몰",
    "Domain": "가전",
    "MainCategory": "주방가전",
    "ProductName": "비스포크 삼성전자 키친핏 RR39A7605AP + RZ32A7605AP 패널별도",
    "ReviewScore": "5",
    "Syllable": "77",
    "Word": "21",
    "RDate": "20220528",
    "Aspects": [
      {
        "Aspect": "디자인",
        "SentimentText": "고급스런 디자인이 특히 마음에 들어요",
        "SentimentWord": "5",
        "SentimentPolarity": "1"
      },
      {
        "Aspect": "기능",
        "SentimentText": "성능 좋아 냉장 한 칸 더 샀는데 아주 만족하고 있어요!",
        "SentimentWord": "10",
        "SentimentPolarity": "1"
      }
    ]
  },
  {
    "Index": "28349",
    "RawText": "제가 생각 한대로 디자인 너무 이쁩니다! 가격대비 최고 인 것 같아요.",
    "Source": "쇼핑몰",
    "Domain": "가전",
    "MainCategory": "주방가전",
    "ProductName": "비스포크 삼성전자 키친핏 RR39A7605AP + RZ32A7605AP 패널별도",
    "ReviewScore": "5",
    "Syllable": "39",
    "Word": "11",
    "RDate": "20211215",
    "GeneralPolarity": "1",
    "Aspects": [
      {
        "Aspect": "디자인",
        "SentimentText": "제가 생각 한대로 디자인 너무 이쁩니다!",
        "SentimentWord": "6",
        "SentimentPolarity": "1"
      },
      {
        "Aspect": "가격",
        "SentimentText": "가격대비 최고 인 것 같아요.",
        "SentimentWord": "5",
        "SentimentPolarity": "1"
      }
    ]
  },
  {
    "Index": "28351",
    "RawText": "배송 중 문제가 있어지만 설치는 잘 되어 만족 합니다. 가동 소리가 작아서 좋아요!  가성비도 굿이네요!",
    "Source": "쇼핑몰",
    "Domain": "가전",
    "MainCategory": "주방가전",
    "ProductName": "비스포크 삼성전자 키친핏 RR39A7605AP + RZ32A7605AP 패널별도",
    "ReviewScore": "4",
    "Syllable": "58",
    "Word": "15",
    "RDate": "20211013",
    "Aspects": [
      {
        "Aspect": "소음",
        "SentimentText": "가동 소리가 작아서 좋아요! ",
        "SentimentWord": "4",
        "SentimentPolarity": "1"
      },
      {
        "Aspect": "가격",
        "SentimentText": "가성비도 굿이네요! ",
        "SentimentWord": "2",
        "SentimentPolarity": "1"
      }
    ]
  },
  {
    "Index": "28352",
    "RawText": "배송이 일주일 만에 와서 대 만족입니다^^  가동 소음도 적어 좋고! 수납 공간도 많아 완전 활용도 놓아요. 디자인도 깔끔해서 완전 추천 합니다!!",
    "Source": "쇼핑몰",
    "Domain": "가전",
    "MainCategory": "주방가전",
    "ProductName": "비스포크 삼성전자 키친핏 RR39A7605AP + RZ32A7605AP 패널별도",
    "ReviewScore": "5",
    "Syllable": "82",
    "Word": "21",
    "RDate": "20220111",
    "Aspects": [
      {
        "Aspect": "소음",
        "SentimentText": "가동 소음도 적어 좋고!",
        "SentimentWord": "4",
        "SentimentPolarity": "1"
      },
      {
        "Aspect": "용량",
        "SentimentText": "수납 공간도 많아 완전 활용도 놓아요 ",
        "SentimentWord": "6",
        "SentimentPolarity": "1"
      },
      {
        "Aspect": "디자인",
        "SentimentText": "디자인도 깔끔해서 완전 추천 합니다!!",
        "SentimentWord": "5",
        "SentimentPolarity": "1"
      }
    ]
  },
  {
    "Index": "28355",
    "RawText": "구축 아파트라서 설치하기 불편했을 텐데 친절하게 설치를 해 주셨습니다~^^  가동할때 소리가 좀 나는 것 같아 좀 신경 쓰여요ㅜㅜ 용량이 대용량이어서 정말 좋네요 ",
    "Source": "쇼핑몰",
    "Domain": "가전",
    "MainCategory": "주방가전",
    "ProductName": "비스포크 삼성전자 키친핏 RR39A7605AP + RZ32A7605AP 패널별도",
    "ReviewScore": "5",
    "Syllable": "91",
    "Word": "22",
    "RDate": "20211214",
    "Aspects": [
      {
        "Aspect": "용량",
        "SentimentText": "용량이 대용량이어서 정말 좋네요",
        "SentimentWord": "4",
        "SentimentPolarity": "1"
      },
      {
        "Aspect": "소음",
        "SentimentText": " 가동할때 소리가 좀 나는 것 같아 좀 신경 쓰여요ㅜㅜ",
        "SentimentWord": "9",
        "SentimentPolarity": "-1"
      }
    ]
  },
  {
    "Index": "28356",
    "RawText": "배송은 늦었지만 김장 전에 설치 받아서 아주 좋아요! 그린색상 은은하니 너무 이쁘요~ 할인행사때 구매해서 저렴하게 잘 샀어요",
    "Source": "쇼핑몰",
    "Domain": "가전",
    "MainCategory": "주방가전",
    "ProductName": "비스포크 삼성전자 키친핏 RR39A7605AP + RZ32A7605AP 패널별도",
    "ReviewScore": "5",
    "Syllable": "69",
    "Word": "17",
    "RDate": "20211211",
    "Aspects": [
      {
        "Aspect": "가격",
        "SentimentText": "할인행사때 구매해서 저렴하게 잘 샀어요",
        "SentimentWord": "5",
        "SentimentPolarity": "1"
      },
      {
        "Aspect": "색상",
        "SentimentText": "그린색상 은은하니 너무 이쁘요~",
        "SentimentWord": "4",
        "SentimentPolarity": "1"
      }
    ]
  },
  {
    "Index": "28357",
    "RawText": "저희 집 내장고 장이랑 사이즈가 딱 맞아서 좋습니다! 컬러감도 은은하니 이뻐요! 기사님들도 친절했습니다~",
    "Source": "쇼핑몰",
    "Domain": "가전",
    "MainCategory": "주방가전",
    "ProductName": "비스포크 삼성전자 키친핏 RR40A7805AP + RZ34A7805AP + RQ34A7815AP 코타",
    "ReviewScore": "5",
    "Syllable": "58",
    "Word": "13",
    "RDate": "20211201",
    "Aspects": [
      {
        "Aspect": "사이즈",
        "SentimentText": "저희 집 내장고 장이랑 사이즈가 딱 맞아서 좋습니다! ",
        "SentimentWord": "8",
        "SentimentPolarity": "1"
      },
      {
        "Aspect": "색상",
        "SentimentText": "컬러감도 은은하니 이뻐요!",
        "SentimentWord": "3",
        "SentimentPolarity": "1"
      }
    ]
  },
  {
    "Index": "28358",
    "RawText": "사용한지 한달 됐어요. 생각 외로 배송이 빨랐고 기사님들도 친절 했답니다. 디자인 너무 이뻐요~^^ 내가 선택한 색이 화사하게 집안에 어울리네요",
    "Source": "쇼핑몰",
    "Domain": "가전",
    "MainCategory": "주방가전",
    "ProductName": "비스포크 삼성전자 키친핏 RR40A7805AP + RZ34A7805AP + RQ34A7815AP 코타",
    "ReviewScore": "5",
    "Syllable": "80",
    "Word": "19",
    "RDate": "20220424",
    "Aspects": [
      {
        "Aspect": "색상",
        "SentimentText": "내가 선택한 색이 화사하게 집안에 어울리네요",
        "SentimentWord": "6",
        "SentimentPolarity": "1"
      },
      {
        "Aspect": "디자인",
        "SentimentText": " 디자인 너무 이뻐요~^^",
        "SentimentWord": "3",
        "SentimentPolarity": "1"
      }
    ]
  },
  {
    "Index": "28359",
    "RawText": "배송이 엄청나게 느려 열 받았습니다! 하지만 제품보고 있으면 디자인 이뻐 화가 난게 용서가 됩니다~ 비싸게 바가지를 쓴거같네요",
    "Source": "쇼핑몰",
    "Domain": "가전",
    "MainCategory": "주방가전",
    "ProductName": "비스포크 삼성전자 키친핏 RR40A7805AP + RZ34A7805AP + RQ34A7815AP 코타",
    "ReviewScore": "5",
    "Syllable": "70",
    "Word": "17",
    "RDate": "20211216",
    "Aspects": [
      {
        "Aspect": "가격",
        "SentimentText": "비싸게 바가지를 쓴거같네요",
        "SentimentWord": "3",
        "SentimentPolarity": "-1"
      },
      {
        "Aspect": "디자인",
        "SentimentText": " 하지만 제품보고 있으면 디자인 이뻐 화가 난게 용서가 됩니다~  ",
        "SentimentWord": "9",
        "SentimentPolarity": "1"
      }
    ]
  },
  {
    "Index": "28360",
    "RawText": "기사님들 다 친절하셔서 정말 좋습니다. 터치로 도어가 열러 대박 편해요 색상이 너무 깔끔해요~!!",
    "Source": "쇼핑몰",
    "Domain": "가전",
    "MainCategory": "주방가전",
    "ProductName": "비스포크 삼성전자 키친핏 RR40A7805AP + RZ34A7805AP + RQ34A7815AP 코타",
    "ReviewScore": "5",
    "Syllable": "54",
    "Word": "13",
    "RDate": "20211112",
    "Aspects": [
      {
        "Aspect": "색상",
        "SentimentText": "색상이 너무 깔끔해요~!! ",
        "SentimentWord": "3",
        "SentimentPolarity": "1"
      },
      {
        "Aspect": "기능",
        "SentimentText": "터치로 도어가 열러 대박 편해요 ",
        "SentimentWord": "5",
        "SentimentPolarity": "1"
      }
    ]
  },
  {
    "Index": "28361",
    "RawText": "냉장고 정말 컬러 너무 이뻐요~~ ^^ 내구성도 튼튼 한 것 같아  좋고요  가구 같은 디자인이라서 더 만족해요~ 추천드려요",
    "Source": "쇼핑몰",
    "Domain": "가전",
    "MainCategory": "주방가전",
    "ProductName": "비스포크 삼성전자 키친핏 RR40A7805AP + RZ34A7805AP 코타",
    "ReviewScore": "5",
    "Syllable": "69",
    "Word": "18",
    "RDate": "20220624",
    "GeneralPolarity": "1",
    "Aspects": [
      {
        "Aspect": "색상",
        "SentimentText": "냉장고 정말 컬러 너무 이뻐요~~ ^^",
        "SentimentWord": "6",
        "SentimentPolarity": "1"
      },
      {
        "Aspect": "내구성",
        "SentimentText": " 내구성도 튼튼 한 것 같아  좋고요 ",
        "SentimentWord": "6",
        "SentimentPolarity": "1"
      },
      {
        "Aspect": "디자인",
        "SentimentText": "가구 같은 디자인이라서 더 만족해요~ 추천드려요",
        "SentimentWord": "6",
        "SentimentPolarity": "1"
      }
    ]
  },
  {
    "Index": "28362",
    "RawText": "배송 기사님 잘 설치 해주셔서 감사합니다. 도어 방향 설치를 잘못 해서 사용하기 불편합니다 ㅠㅠ 소음도 적고 마음에 듭니다.",
    "Source": "쇼핑몰",
    "Domain": "가전",
    "MainCategory": "주방가전",
    "ProductName": "비스포크 삼성전자 키친핏 RR40A7905AP + RZ24A59A0AP 코타",
    "ReviewScore": "4",
    "Syllable": "69",
    "Word": "18",
    "RDate": "20211023",
    "Aspects": [
      {
        "Aspect": "소음",
        "SentimentText": "소음도 적고 마음에 듭니다.",
        "SentimentWord": "4",
        "SentimentPolarity": "1"
      },
      {
        "Aspect": "편의성",
        "SentimentText": "도어 방향 설치를 잘못 해서 사용하기 불편합니다 ㅠㅠ ",
        "SentimentWord": "8",
        "SentimentPolarity": "-1"
      }
    ]
  },
  {
    "Index": "28363",
    "RawText": "색상 컬러 깔끔해서 추가로 올 화이트 사고 싶어요~^^ 수납 공간도 작지 않아서 좋아요",
    "Source": "쇼핑몰",
    "Domain": "가전",
    "MainCategory": "주방가전",
    "ProductName": "비스포크 삼성전자 키친핏 RR40A7905AP + RZ24A59A0AP 코타",
    "ReviewScore": "5",
    "Syllable": "48",
    "Word": "13",
    "RDate": "20211125",
    "GeneralPolarity": "1",
    "Aspects": [
      {
        "Aspect": "색상",
        "SentimentText": "색상 컬러 깔끔해서 추가로 올화이트 사고싶어요~^^ ",
        "SentimentWord": "6",
        "SentimentPolarity": "1"
      },
      {
        "Aspect": "용량",
        "SentimentText": "수납 공간도 작지 않아서 좋아요",
        "SentimentWord": "5",
        "SentimentPolarity": "1"
      }
    ]
  },
  {
    "Index": "28364",
    "RawText": "디자인  깔끔하니 정말 이쁘네요~  도어 여는 방식도 너무 편해요.  소비전력 1등급 이라서 전기세 걱정 없어요^^",
    "Source": "쇼핑몰",
    "Domain": "가전",
    "MainCategory": "주방가전",
    "ProductName": "비스포크 삼성전자 키친핏 RR40A7905AP + RZ24A59A0AP 코타",
    "ReviewScore": "5",
    "Syllable": "64",
    "Word": "15",
    "RDate": "20211113",
    "GeneralPolarity": "1",
    "Aspects": [
      {
        "Aspect": "디자인",
        "SentimentText": "디자인  깔끔하니 정말 이쁘네요~",
        "SentimentWord": "4",
        "SentimentPolarity": "1"
      },
      {
        "Aspect": "편의성",
        "SentimentText": " 도어 여는 방식도 너무 편해요",
        "SentimentWord": "5",
        "SentimentPolarity": "1"
      },
      {
        "Aspect": "소비전력",
        "SentimentText": "소비전력 1등급 이라서 전기세 걱정 없어요^^   ",
        "SentimentWord": "6",
        "SentimentPolarity": "1"
      }
    ]
  },
  {
    "Index": "28368",
    "RawText": "외관도 깔끔하고 너무 이뻐서 마음에 듭니다. 냉장고가 터치식이라 조작이 간단해서 편하고 좋네요~ ",
    "Source": "쇼핑몰",
    "Domain": "가전",
    "MainCategory": "주방가전",
    "ProductName": "비스포크 삼성전자 키친핏 RR40A7905AP + RZ34A7905AP + RQ34A7915AP 코타",
    "ReviewScore": "5",
    "Syllable": "54",
    "Word": "12",
    "RDate": "20211028",
    "GeneralPolarity": "1",
    "Aspects": [
      {
        "Aspect": "디자인",
        "SentimentText": "외관도 깔끔하고 너무 이뻐서 마음에 듭니다. ",
        "SentimentWord": "6",
        "SentimentPolarity": "1"
      },
      {
        "Aspect": "조작성",
        "SentimentText": "터치식이라 조작이 간단해서 편하고 좋네요~",
        "SentimentWord": "5",
        "SentimentPolarity": "1"
      }
    ]
  },
  {
    "Index": "28369",
    "RawText": "디자인 깔끔해서 보기가 너무 좋아요. 근데 가끔씩 생각 못 한 소리가 나서 신경 쓰여요.",
    "Source": "쇼핑몰",
    "Domain": "가전",
    "MainCategory": "주방가전",
    "ProductName": "비스포크 삼성전자 키친핏 RR40A7905AP + RZ34A7905AP + RQ34A7915AP 코타",
    "ReviewScore": "2",
    "Syllable": "49",
    "Word": "14",
    "RDate": "20220318",
    "GeneralPolarity": "0",
    "Aspects": [
      {
        "Aspect": "디자인",
        "SentimentText": "디자인 깔끔해서 보기가 너무 좋아요. ",
        "SentimentWord": "5",
        "SentimentPolarity": "1"
      },
      {
        "Aspect": "소음",
        "SentimentText": "근데 가끔씩 생각 못 한 소리가 나서 신경 쓰여요.",
        "SentimentWord": "9",
        "SentimentPolarity": "-1"
      }
    ]
  },
  {
    "Index": "28370",
    "RawText": "냉장이랑  냉동기능 분리 설치후에 너무 편해졌어요 디자인 너무너무 이뻐서 아주 만족해요~~^^",
    "Source": "쇼핑몰",
    "Domain": "가전",
    "MainCategory": "주방가전",
    "ProductName": "비스포크 삼성전자 키친핏 RR40A7905AP + RZ34A7905AP + RQ34A7915AP 코타",
    "ReviewScore": "5",
    "Syllable": "52",
    "Word": "11",
    "RDate": "20211116",
    "Aspects": [
      {
        "Aspect": "편의성",
        "SentimentText": "냉장이랑  냉동기능 분리 설치후에 너무 편해졌어요",
        "SentimentWord": "6",
        "SentimentPolarity": "1"
      },
      {
        "Aspect": "디자인",
        "SentimentText": "디자인 너무너무 이뻐서 아주 만족해요~~^^ ",
        "SentimentWord": "5",
        "SentimentPolarity": "1"
      }
    ]
  },
  {
    "Index": "28371",
    "RawText": "배송이 3주 정도 걸렸지만 잘 설치 받았어요. 일단 냉장고 디자인 군더더기 없는 깔끔하고 이뻐요~가격검색해서 가장 저렴한 곳에서 구매했어요",
    "Source": "쇼핑몰",
    "Domain": "가전",
    "MainCategory": "주방가전",
    "ProductName": "비스포크 삼성전자 키친핏 RR40A7905AP + RZ34A7905AP + RQ34A7915AP 코타",
    "ReviewScore": "5",
    "Syllable": "77",
    "Word": "18",
    "RDate": "20220701",
    "Aspects": [
      {
        "Aspect": "가격",
        "SentimentText": "가격검색해서 가장 저렴한 곳에서 구매했어요",
        "SentimentWord": "5",
        "SentimentPolarity": "1"
      },
      {
        "Aspect": "디자인",
        "SentimentText": "냉장고 디자인 군더더기 없는 깔끔하고 이뻐요~ ",
        "SentimentWord": "6",
        "SentimentPolarity": "1"
      }
    ]
  },
  {
    "Index": "28372",
    "RawText": "냉장고에서 소리가 나서 거슬려요. 배송도 약 2주 걸렸는데 설치는 잘 되었어요!아직 터치 기능 익숙지 않네요 ㅜㅜ",
    "Source": "쇼핑몰",
    "Domain": "가전",
    "MainCategory": "주방가전",
    "ProductName": "비스포크 삼성전자 키친핏 RR40A7905AP + RZ34A7905AP + RQ34A7915AP 코타",
    "ReviewScore": "5",
    "Syllable": "63",
    "Word": "16",
    "RDate": "20211214",
    "Aspects": [
      {
        "Aspect": "소음",
        "SentimentText": "냉장고에서 소리가 나서 거슬려요",
        "SentimentWord": "4",
        "SentimentPolarity": "-1"
      },
      {
        "Aspect": "조작성",
        "SentimentText": "아직 터치 기능 익숙지 않네요 ㅜㅜ",
        "SentimentWord": "6",
        "SentimentPolarity": "-1"
      }
    ]
  },
  {
    "Index": "28376",
    "RawText": "배송이 늦게 와서 기분이 별로네요! 저소음이라고 했는데 소리가 나서 신경 쓰입니다ㅡ,,ㅡ 색상이 사진보다 좀 진해서 아쉽네요.",
    "Source": "쇼핑몰",
    "Domain": "가전",
    "MainCategory": "주방가전",
    "ProductName": "비스포크 삼성전자 키친핏 RR40A7905AP + RZ34A7905AP + RQ34A7915AP 코타",
    "ReviewScore": "3",
    "Syllable": "70",
    "Word": "16",
    "RDate": "20211129",
    "Aspects": [
      {
        "Aspect": "색상",
        "SentimentText": "색상이 사진보다 좀 진해서 아쉽네요.",
        "SentimentWord": "5",
        "SentimentPolarity": "-1"
      },
      {
        "Aspect": "소음",
        "SentimentText": "저소음이라고 했는데 소리가 나서 신경 쓰입니다ㅡ,,ㅡ",
        "SentimentWord": "6",
        "SentimentPolarity": "-1"
      }
    ]
  },
  {
    "Index": "28377",
    "RawText": "소리는 큰편인데 그래도 마음에 듭니다~생각했던 거보다는 용량이 크지 않은 것 같아 아쉽네요",
    "Source": "쇼핑몰",
    "Domain": "가전",
    "MainCategory": "주방가전",
    "ProductName": "비스포크 삼성전자 키친핏 RR40A7905AP + RZ34A7905AP + RQ34A7915AP 코타",
    "ReviewScore": "4",
    "Syllable": "50",
    "Word": "12",
    "RDate": "20220120",
    "GeneralPolarity": "-1",
    "Aspects": [
      {
        "Aspect": "소음",
        "SentimentText": "소리는 큰편인데 그래도 마음에 듭니다~",
        "SentimentWord": "5",
        "SentimentPolarity": "0"
      },
      {
        "Aspect": "용량",
        "SentimentText": "생각했던 거보다는 용량이 크지 않은 것 같아 아쉽네요 ",
        "SentimentWord": "8",
        "SentimentPolarity": "-1"
      }
    ]
  },
  {
    "Index": "28378",
    "RawText": "터치 도어기능 너무 좋습니다! 냉장고 콘센트가 3개나 꽂아야 하는데 사이즈 계산을 잘 못해서 밸런스가 안 맞아요 ㅜㅜ",
    "Source": "쇼핑몰",
    "Domain": "가전",
    "MainCategory": "주방가전",
    "ProductName": "비스포크 삼성전자 키친핏 RR40A7905AP + RZ34A7905AP + RQ34A7915AP 코타",
    "ReviewScore": "5",
    "Syllable": "65",
    "Word": "17",
    "RDate": "20220819",
    "GeneralPolarity": "0",
    "Aspects": [
      {
        "Aspect": "기능",
        "SentimentText": "터치 도어기능 너무 좋습니다! ",
        "SentimentWord": "4",
        "SentimentPolarity": "1"
      },
      {
        "Aspect": "사이즈",
        "SentimentText": "사이즈 계산을 잘 못해서 밸런스가 안 맞아요 ㅜㅜ ",
        "SentimentWord": "8",
        "SentimentPolarity": "-1"
      }
    ]
  },
  {
    "Index": "28379",
    "RawText": "도어 방향 선택을 잘 못 설치해 사용하는데 불편해요ㅜㅜ 성능 좋아 음식물 쓰레기도 줄었네요",
    "Source": "쇼핑몰",
    "Domain": "가전",
    "MainCategory": "주방가전",
    "ProductName": "비스포크 삼성전자 키친핏 RR40A7905AP + RZ34A7905AP + RQ34A7915AP 코타",
    "ReviewScore": "5",
    "Syllable": "50",
    "Word": "13",
    "RDate": "20220412",
    "GeneralPolarity": "0",
    "Aspects": [
      {
        "Aspect": "편의성",
        "SentimentText": "도어 방향 선택을 잘 못 설치해 사용하는데 불편해요ㅜㅜ ",
        "SentimentWord": "8",
        "SentimentPolarity": "-1"
      },
      {
        "Aspect": "기능",
        "SentimentText": "성능 좋아 음식물 쓰레기도 줄었네요",
        "SentimentWord": "5",
        "SentimentPolarity": "1"
      }
    ]
  },
  {
    "Index": "28380",
    "RawText": "보름만에 배송이 왔습니다ㅜㅜ  근데 디자인은 정말 이쁘네요. 전에 사용하던 냉장고 보다 용량이 커서 좋습니다.",
    "Source": "쇼핑몰",
    "Domain": "가전",
    "MainCategory": "주방가전",
    "ProductName": "비스포크 삼성전자 키친핏 RR40A7905AP + RZ34A7905AP + RQ34A7915AP 코타",
    "ReviewScore": "5",
    "Syllable": "61",
    "Word": "14",
    "RDate": "20220320",
    "Aspects": [
      {
        "Aspect": "디자인",
        "SentimentText": "근데 디자인은 정말 이쁘네요 ",
        "SentimentWord": "4",
        "SentimentPolarity": "1"
      },
      {
        "Aspect": "용량",
        "SentimentText": "전에 사용하던 냉장고 보다 용량이 커서 좋습니다.",
        "SentimentWord": "7",
        "SentimentPolarity": "1"
      }
    ]
  },
  {
    "Index": "28381",
    "RawText": "배송 기간이  느렸지만 기다린 보람이 있네요. 냉장고 너무  이뻐서 만족합니다.  다만,  많은 음식이 들어가지 않아 가족구성이 많은 집에는 사이즈가  작아서 아쉽네요. 그 점 빼고 나머진 만족합니다.",
    "Source": "쇼핑몰",
    "Domain": "가전",
    "MainCategory": "주방가전",
    "ProductName": "비스포크 삼성전자 키친핏 RR40A7905AP + RZ34A7905AP + RQ34A7915AP 코타",
    "ReviewScore": "5",
    "Syllable": "112",
    "Word": "26",
    "RDate": "20220605",
    "Aspects": [
      {
        "Aspect": "디자인",
        "SentimentText": "냉장고 너무  이뻐서 만족합니다",
        "SentimentWord": "4",
        "SentimentPolarity": "1"
      },
      {
        "Aspect": "용량",
        "SentimentText": "사이즈가  작아서 아쉽네요.",
        "SentimentWord": "3",
        "SentimentPolarity": "0"
      }
    ]
  },
  {
    "Index": "28382",
    "RawText": "원하는 색상을 배송 받으려니 배송이 엄청 느리네요.   도어를 3개로 구분해서 사용하니까 공간 구분되서 편리해서  좋아요. 할인도 못받고 비싸게 구매했어요.",
    "Source": "쇼핑몰",
    "Domain": "가전",
    "MainCategory": "주방가전",
    "ProductName": "비스포크 삼성전자 키친핏 RR40A7905AP + RZ34A7905AP + RQ34A7915AP 코타",
    "ReviewScore": "5",
    "Syllable": "87",
    "Word": "19",
    "RDate": "20220820",
    "Aspects": [
      {
        "Aspect": "가격",
        "SentimentText": "할인도 못받고 비싸게 구매했어요.",
        "SentimentWord": "4",
        "SentimentPolarity": "-1"
      },
      {
        "Aspect": "편의성",
        "SentimentText": "도어를 3개로 구분해서 사용하니까 공간 구분되서 편리해서  좋아요.",
        "SentimentWord": "8",
        "SentimentPolarity": "1"
      }
    ]
  },
  {
    "Index": "28383",
    "RawText": "판매 업체도 친절하고 설치 기사님도 친절하게 잘 설치해 주셨네요. 전에 쓰던 냉장고는 냉동실 하칸에 있어 사용하기 불편했는데 따로 냉동고 사용하니 너무 편해요. 추가로 산 냉장고는 온도 조절 기능이 있어 더 좋아요",
    "Source": "쇼핑몰",
    "Domain": "가전",
    "MainCategory": "주방가전",
    "ProductName": "비스포크 삼성전자 키친핏 RR40A7905AP + RZ34A7905AP + RQ34A7915AP 코타",
    "ReviewScore": "5",
    "Syllable": "119",
    "Word": "31",
    "RDate": "20220114",
    "Aspects": [
      {
        "Aspect": "편의성",
        "SentimentText": "냉동실 하칸에 있어 사용하기 불편했는데 따로 냉동고 사용하니 너무 편해요 ",
        "SentimentWord": "10",
        "SentimentPolarity": "1"
      },
      {
        "Aspect": "기능",
        "SentimentText": " 추가로 산 냉장고는 온도 조절 기능이 있어 더 좋아요  ",
        "SentimentWord": "9",
        "SentimentPolarity": "1"
      }
    ]
  },
  {
    "Index": "28384",
    "RawText": "배송은 많이  늦었으나  설치 기사님 친절하게 잘 설치까지 해 주셔서 좋아요^^  제품 성능도 역시 최고 중 최고! 모터소음이 거의 들리지 않아 좋네요",
    "Source": "쇼핑몰",
    "Domain": "가전",
    "MainCategory": "주방가전",
    "ProductName": "비스포크 삼성전자 키친핏 RR40A7905AP + RZ34A7905AP + RQ34A7915AP 코타",
    "ReviewScore": "5",
    "Syllable": "84",
    "Word": "22",
    "RDate": "20220220",
    "Aspects": [
      {
        "Aspect": "소음",
        "SentimentText": "모터소음이 거의 들리지 않아 좋네요",
        "SentimentWord": "5",
        "SentimentPolarity": "1"
      },
      {
        "Aspect": "기능",
        "SentimentText": "제품 성능도 역시 최고 중 최고!",
        "SentimentWord": "6",
        "SentimentPolarity": "1"
      }
    ]
  },
  {
    "Index": "28385",
    "RawText": "상품 성능도 역시 좋습니다. 배송 설치 또한  잘 해 주셔서 말이 필요 없네요! 아주 만족해요  설치와 조립방법이 단순해서 좋아요",
    "Source": "쇼핑몰",
    "Domain": "가전",
    "MainCategory": "주방가전",
    "ProductName": "비스포크 삼성전자 키친핏 RR40A7905AP + RZ34A7905AP + RQ34A7915AP 코타",
    "ReviewScore": "5",
    "Syllable": "72",
    "Word": "19",
    "RDate": "20211108",
    "Aspects": [
      {
        "Aspect": "기능",
        "SentimentText": "상품 성능도 역시 좋습니다. ",
        "SentimentWord": "4",
        "SentimentPolarity": "1"
      },
      {
        "Aspect": "조작성",
        "SentimentText": "설치와 조립방법이 단순해서 좋아요",
        "SentimentWord": "4",
        "SentimentPolarity": "1"
      }
    ]
  },
  {
    "Index": "28386",
    "RawText": "색상을 마음대로 고르 수 있어 정말 좋은 것 같아요. 일렬로 배치해 보니 디자인까지 이뻐 인테리어 효과까지 보고 있어요. 소음도 없네요 ^^",
    "Source": "쇼핑몰",
    "Domain": "가전",
    "MainCategory": "주방가전",
    "ProductName": "비스포크 삼성전자 키친핏 RR40A7905AP + RZ34A7905AP + RQ34A7915AP 코타",
    "ReviewScore": "5",
    "Syllable": "78",
    "Word": "21",
    "RDate": "20211011",
    "GeneralPolarity": "1",
    "Aspects": [
      {
        "Aspect": "색상",
        "SentimentText": "색상을 마음대로 고르 수 있어 정말 좋은 것 같아요 ",
        "SentimentWord": "9",
        "SentimentPolarity": "1"
      },
      {
        "Aspect": "디자인",
        "SentimentText": "일렬로 배치해 보니 디자인까지 이뻐 인테리어 효과까지 보고 있어요. ",
        "SentimentWord": "9",
        "SentimentPolarity": "1"
      },
      {
        "Aspect": "소음",
        "SentimentText": "소음도 없네요 ^^ ",
        "SentimentWord": "3",
        "SentimentPolarity": "1"
      }
    ]
  },
  {
    "Index": "28387",
    "RawText": "색상 고르기가 어려웠지만, 설치하고나니 화사한 색상이 너무 만족합니다. 설치 기사님들도  친절하게 설치해 주셨어요~~ 배송도 오래걸릴줄 알았는데 생각보다 빨리 왔어요~~ 기능도 탁월해서 만족해요",
    "Source": "쇼핑몰",
    "Domain": "가전",
    "MainCategory": "주방가전",
    "ProductName": "비스포크 삼성전자 키친핏 RR40A7905AP + RZ34A7905AP + RQ34A7915AP 코타",
    "ReviewScore": "5",
    "Syllable": "108",
    "Word": "22",
    "RDate": "20211226",
    "Aspects": [
      {
        "Aspect": "색상",
        "SentimentText": "설치하고나니 화사한 색상이 너무 만족합니다",
        "SentimentWord": "5",
        "SentimentPolarity": "1"
      },
      {
        "Aspect": "기능",
        "SentimentText": "기능도 탁월해서 만족해요",
        "SentimentWord": "3",
        "SentimentPolarity": "1"
      }
    ]
  },
  {
    "Index": "28388",
    "RawText": "설치 후 주방이 이쁘고  디자인 너무 고급져요~ 배송도 놀랄 만큼 빨라요!  터치 도어로  쉽게 문도 열수 있어  편해요",
    "Source": "쇼핑몰",
    "Domain": "가전",
    "MainCategory": "주방가전",
    "ProductName": "비스포크 삼성전자 키친핏 RR40A7905AP + RZ34A7905AP + RQ34A7915AP 코타",
    "ReviewScore": "5",
    "Syllable": "67",
    "Word": "18",
    "RDate": "20211102",
    "Aspects": [
      {
        "Aspect": "디자인",
        "SentimentText": "설치 후 주방이 이쁘고  디자인 너무 고급져요~",
        "SentimentWord": "7",
        "SentimentPolarity": "1"
      },
      {
        "Aspect": "조작성",
        "SentimentText": " 터치 도어로  쉽게 문도 열수 있어  편해요  ",
        "SentimentWord": "7",
        "SentimentPolarity": "1"
      }
    ]
  },
  {
    "Index": "28389",
    "RawText": "오토도어가 되니 편리하네요. 냉장고 손잡이가 없어서  디자인면에서 보기 좋아요.  퀄리티가 굿이예요 주방이 너무 근사해졌어요 ",
    "Source": "쇼핑몰",
    "Domain": "가전",
    "MainCategory": "주방가전",
    "ProductName": "비스포크 삼성전자 키친핏 RR40A7905AP + RZ34A7905AP + RQ34A7915AP 코타",
    "ReviewScore": "5",
    "Syllable": "70",
    "Word": "14",
    "RDate": "20211130",
    "GeneralPolarity": "1",
    "Aspects": [
      {
        "Aspect": "편의성",
        "SentimentText": "오토도어가 되니 편리하네요.",
        "SentimentWord": "3",
        "SentimentPolarity": "1"
      },
      {
        "Aspect": "디자인",
        "SentimentText": "냉장고 손잡이가 없어서  디자인면에서 보기 좋아요.",
        "SentimentWord": "6",
        "SentimentPolarity": "1"
      },
      {
        "Aspect": "품질",
        "SentimentText": " 퀄리티가 굿이예요 주방이 너무 근사해졌어요",
        "SentimentWord": "5",
        "SentimentPolarity": "1"
      }
    ]
  },
  {
    "Index": "28392",
    "RawText": "각각 나눠 쓸  수 있고 식재료등도 바로 찾을 수 있어 편해요^^ 소음까지도  못 느낄 정도로 조용해요^^",
    "Source": "쇼핑몰",
    "Domain": "가전",
    "MainCategory": "주방가전",
    "ProductName": "비스포크 삼성전자 키친핏 RR40A7905AP + RZ34A7905AP + RQ34A7915AP 코타",
    "ReviewScore": "5",
    "Syllable": "59",
    "Word": "16",
    "RDate": "20220519",
    "GeneralPolarity": "1",
    "Aspects": [
      {
        "Aspect": "편의성",
        "SentimentText": "각각 나눠 쓸  수 있고 식재료등도 바로 찾을 수 있어 편해요^^",
        "SentimentWord": "11",
        "SentimentPolarity": "1"
      },
      {
        "Aspect": "소음",
        "SentimentText": "소음까지도  못 느낄 정도로 조용해요^^ ",
        "SentimentWord": "5",
        "SentimentPolarity": "1"
      }
    ]
  },
  {
    "Index": "28394",
    "RawText": "디지인은 말할것 없이 너무  예뻐요 ㅋㅋ  냉장고 수납장 밖으로  안나와서  주방을 넓게 사용할 수 있어요. 도어는  오토오픈이라 열고 닫기 너무 편리합니다♡",
    "Source": "쇼핑몰",
    "Domain": "가전",
    "MainCategory": "주방가전",
    "ProductName": "비스포크 삼성전자 키친핏 RR40A7905AP + RZ34A7905AP + RQ34A7915AP 코타",
    "ReviewScore": "5",
    "Syllable": "88",
    "Word": "21",
    "RDate": "20220116",
    "GeneralPolarity": "1",
    "Aspects": [
      {
        "Aspect": "디자인",
        "SentimentText": "디지인은 말할것 없이 너무  예뻐요 ㅋㅋ",
        "SentimentWord": "6",
        "SentimentPolarity": "1"
      },
      {
        "Aspect": "사이즈",
        "SentimentText": "냉장고 수납장 밖으로  안나와서  주방을 넓게 사용할 수 있어요.",
        "SentimentWord": "9",
        "SentimentPolarity": "1"
      },
      {
        "Aspect": "편의성",
        "SentimentText": "도어는  오토오픈이라 열고 닫기 너무 편리합니다♡",
        "SentimentWord": "6",
        "SentimentPolarity": "1"
      }
    ]
  },
  {
    "Index": "28395",
    "RawText": "설치까지 일주일 만에 잘 설치 되었어요. 색상들이 다~이뻐서 고르는데 고민 했어요^^  전에 사용하던 냉장고 고장으로 교체 했는데 성능 무지 좋습니다!!!",
    "Source": "쇼핑몰",
    "Domain": "가전",
    "MainCategory": "주방가전",
    "ProductName": "비스포크 삼성전자 키친핏 RR40A7905AP + RZ34A7905AP + RQ34A7915AP 코타",
    "ReviewScore": "5",
    "Syllable": "86",
    "Word": "20",
    "RDate": "20220728",
    "Aspects": [
      {
        "Aspect": "색상",
        "SentimentText": "색상들이 다~이뻐서 고르는데 고민 했어요^^ ",
        "SentimentWord": "5",
        "SentimentPolarity": "1"
      },
      {
        "Aspect": "기능",
        "SentimentText": "전에 사용하던 냉장고 고장으로 교체 했는데 성능 무지 좋습니다!!! ",
        "SentimentWord": "9",
        "SentimentPolarity": "1"
      }
    ]
  },
  {
    "Index": "28396",
    "RawText": "냉장고 열고 닫을 때 자동으로 되니  감동 그 자체 입니다. 디자인은 말할 것 없이 예쁩니다.",
    "Source": "쇼핑몰",
    "Domain": "가전",
    "MainCategory": "주방가전",
    "ProductName": "비스포크 삼성전자 키친핏 RR40A7905AP + RZ34A7905AP + RQ34A7915AP 코타",
    "ReviewScore": "5",
    "Syllable": "52",
    "Word": "15",
    "RDate": "20211126",
    "GeneralPolarity": "1",
    "Aspects": [
      {
        "Aspect": "기능",
        "SentimentText": "냉장고 열고 닫을 때 자동으로 되니  감동 그 자체 입니다.",
        "SentimentWord": "10",
        "SentimentPolarity": "1"
      },
      {
        "Aspect": "디자인",
        "SentimentText": "디자인은 말할 것 없이 예쁩니다.",
        "SentimentWord": "5",
        "SentimentPolarity": "1"
      }
    ]
  },
  {
    "Index": "28397",
    "RawText": "코타화이트 색상으로 하길 잘했네요 살짝 그레이색이나니  더 예뻐요^^ 배송은 3일만에 와서 많이 기다리지 않아서  만족합니다~ 많은 냉장고 소모품들을 챙겨주셔서 감사합니다.",
    "Source": "쇼핑몰",
    "Domain": "가전",
    "MainCategory": "주방가전",
    "ProductName": "비스포크 삼성전자 키친핏 RR40A7905AP + RZ34A7905AP + RQ34A7915AP 코타",
    "ReviewScore": "5",
    "Syllable": "96",
    "Word": "20",
    "RDate": "20211016",
    "Aspects": [
      {
        "Aspect": "색상",
        "SentimentText": "코타화이트 색상으로 하길 잘했네요 살짝 그레이색이나니  더 예뻐요^^",
        "SentimentWord": "8",
        "SentimentPolarity": "1"
      },
      {
        "Aspect": "제품구성",
        "SentimentText": "많은 냉장고 소모품들을 챙겨주셔서 감사합니다.",
        "SentimentWord": "5",
        "SentimentPolarity": "1"
      }
    ]
  },
  {
    "Index": "28399",
    "RawText": "키친핏이라 냉장고장과 딱 맞아 마음에 들어요. 맞춤식 가구 같아요. 깔끔한 디자인이 너무 이쁘네요. 단 아직 사용 초기라서  가동될 때  시끄러운 소리가 크게 나는게 불편하네요",
    "Source": "쇼핑몰",
    "Domain": "가전",
    "MainCategory": "주방가전",
    "ProductName": "비스포크 삼성전자 키친핏 RR40A7905AP + RZ34A7905AP + RQ34A7915AP 코타",
    "ReviewScore": "5",
    "Syllable": "98",
    "Word": "24",
    "RDate": "20211117",
    "GeneralPolarity": "0",
    "Aspects": [
      {
        "Aspect": "사이즈",
        "SentimentText": "키친핏이라 냉장고장과 딱 맞아 마음에 들어요",
        "SentimentWord": "6",
        "SentimentPolarity": "1"
      },
      {
        "Aspect": "디자인",
        "SentimentText": "깔끔한 디자인이 너무 이쁘네요. ",
        "SentimentWord": "4",
        "SentimentPolarity": "1"
      },
      {
        "Aspect": "소음",
        "SentimentText": "가동될 때  시끄러운 소리가 크게 나는게 불편하네요",
        "SentimentWord": "7",
        "SentimentPolarity": "-1"
      }
    ]
  }
]