[
  {
    "Index": "31894",
    "RawText": "오프라인 매장에서 보고 반해 샀는데 디자인 정말 너무 고급져요! 예쁘네요. 다만 굉장히 다양한 기능이 있다보니 사용설명서를 보고 항상 요리 조리를 해야해서 번거로움이 있어요.",
    "Source": "쇼핑몰",
    "Domain": "가전",
    "MainCategory": "주방가전",
    "ProductName": "오브제컬렉션 LG전자 ML32EW1 일반구매",
    "ReviewScore": "5",
    "Syllable": "97",
    "Word": "23",
    "RDate": "20210402",
    "GeneralPolarity": "0",
    "Aspects": [
      {
        "Aspect": "디자인",
        "SentimentText": "오프라인 매장에서 보고 반해 샀는데 디자인 정말 너무 고급져요! 예쁘네요.",
        "SentimentWord": "10",
        "SentimentPolarity": "1"
      },
      {
        "Aspect": "조작성",
        "SentimentText": "다만 굉장히 다양한 기능이 있다보니 사용설명서를 보고 항상 요리 조리를 해야해서 번거로움이 있어요.",
        "SentimentWord": "13",
        "SentimentPolarity": "-1"
      }
    ]
  },
  {
    "Index": "31895",
    "RawText": "냄새 나는 요리를 해도 탈취랑 청소기능이 있어 냄새가 전혀 문제되지 않아요. 좋아요. 단점은 시간 조절도 일일히 다이얼을 돌려서 해야해서 번거로워요.",
    "Source": "쇼핑몰",
    "Domain": "가전",
    "MainCategory": "주방가전",
    "ProductName": "오브제컬렉션 LG전자 ML32EW1 일반구매",
    "ReviewScore": "4",
    "Syllable": "83",
    "Word": "20",
    "RDate": "20211015",
    "GeneralPolarity": "0",
    "Aspects": [
      {
        "Aspect": "기능",
        "SentimentText": "냄새 나는 요리를 해도 탈취랑 청소기능이 있어 냄새가 전혀 문제되지 않아요. 좋아요.",
        "SentimentWord": "12",
        "SentimentPolarity": "1"
      },
      {
        "Aspect": "조작성",
        "SentimentText": "단점은 시간 조절도 일일히 다이얼을 돌려서 해야해서 번거로워요.",
        "SentimentWord": "8",
        "SentimentPolarity": "-1"
      }
    ]
  },
  {
    "Index": "31902",
    "RawText": "제가 못찾는건지 레인지 모드에서 해동기능이 없어 아쉬워요. 그리고 모드에 따라 판을 무조건 갈아줘야해서 번거로워요.",
    "Source": "쇼핑몰",
    "Domain": "가전",
    "MainCategory": "주방가전",
    "ProductName": "오브제컬렉션 LG전자 ML32EW1 일반구매",
    "ReviewScore": "5",
    "Syllable": "64",
    "Word": "14",
    "RDate": "20220423",
    "GeneralPolarity": "-1",
    "Aspects": [
      {
        "Aspect": "기능",
        "SentimentText": "제가 못찾는건지 레인지 모드에서 해동기능이 없어 아쉬워요.",
        "SentimentWord": "7",
        "SentimentPolarity": "-1"
      },
      {
        "Aspect": "편의성",
        "SentimentText": "그리고 모드에 따라 판을 무조건 갈아줘야해서 번거로워요.",
        "SentimentWord": "7",
        "SentimentPolarity": "-1"
      }
    ]
  },
  {
    "Index": "31903",
    "RawText": "저렴하게 아주 좋은제품 구매해서 너무 만족스러워요! 복합형 오븐덕분에 기존 가전들을 처분해서 주방이 넓어져서 좋아요!",
    "Source": "쇼핑몰",
    "Domain": "가전",
    "MainCategory": "주방가전",
    "ProductName": "오브제컬렉션 LG전자 ML32EW1 일반구매",
    "ReviewScore": "5",
    "Syllable": "65",
    "Word": "14",
    "RDate": "20220513",
    "GeneralPolarity": "1",
    "Aspects": [
      {
        "Aspect": "가격",
        "SentimentText": "저렴하게 아주 좋은제품 구매해서 너무 만족스러워요!",
        "SentimentWord": "6",
        "SentimentPolarity": "1"
      },
      {
        "Aspect": "편의성",
        "SentimentText": "복합형 오븐덕분에 기존 가전들을 처분해서 주방이 넓어져서 좋아요!",
        "SentimentWord": "8",
        "SentimentPolarity": "1"
      }
    ]
  },
  {
    "Index": "31904",
    "RawText": "이 브랜드 상품을 저렴한 가격에 구입하다니 너무 좋아요. 조작시에 다이얼 하나로 모든걸 다 해야해서 모드를 계속 돌려야하는 은근 번거로움이 있어요 ",
    "Source": "쇼핑몰",
    "Domain": "가전",
    "MainCategory": "주방가전",
    "ProductName": "오브제컬렉션 LG전자 ML32EW1 일반구매",
    "ReviewScore": "5",
    "Syllable": "82",
    "Word": "20",
    "RDate": "20220704",
    "GeneralPolarity": "0",
    "Aspects": [
      {
        "Aspect": "가격",
        "SentimentText": "이 브랜드 상품을 저렴한 가격에 구입하다니 너무 좋아요. ",
        "SentimentWord": "8",
        "SentimentPolarity": "1"
      },
      {
        "Aspect": "조작성",
        "SentimentText": "조작시에 다이얼 하나로 모든걸 다 해야해서 모드를 계속 돌려야하는 은근 번거로움이 있어요",
        "SentimentWord": "12",
        "SentimentPolarity": "-1"
      }
    ]
  },
  {
    "Index": "31905",
    "RawText": "전에 사용하던 제품보다 소음이 거의 없어서 너무 좋아요. 에어프라이 기능 같은경우엔 자동요리메뉴에 셋팅된 온도와 시간만 이용할 수 있어 불편해요",
    "Source": "쇼핑몰",
    "Domain": "가전",
    "MainCategory": "주방가전",
    "ProductName": "오브제컬렉션 LG전자 ML32EW1 일반구매",
    "ReviewScore": "5",
    "Syllable": "80",
    "Word": "19",
    "RDate": "20220213",
    "GeneralPolarity": "0",
    "Aspects": [
      {
        "Aspect": "소음",
        "SentimentText": "전에 사용하던 제품보다 소음이 거의 없어서 너무 좋아요. ",
        "SentimentWord": "8",
        "SentimentPolarity": "1"
      },
      {
        "Aspect": "기능",
        "SentimentText": "에어프라이 기능 같은경우엔 자동요리메뉴에 셋팅된 온도와 시간만 이용할 수 있어 불편해요",
        "SentimentWord": "11",
        "SentimentPolarity": "-1"
      }
    ]
  },
  {
    "Index": "31906",
    "RawText": "제품 받아보자마자 레인지랑 오븐 다 해봤는데 너무 잘되네요. 완전 최고예요.  오븐이라 발열이 나는건 알고 있는 사실이지만 생각한거보다 너무 열이 심하고 식는데도 너무 오래걸려서 깜짝놀랬네요.",
    "Source": "쇼핑몰",
    "Domain": "가전",
    "MainCategory": "주방가전",
    "ProductName": "오브제컬렉션 LG전자 ML32EW1 일반구매",
    "ReviewScore": "5",
    "Syllable": "107",
    "Word": "24",
    "RDate": "20220720",
    "GeneralPolarity": "0",
    "Aspects": [
      {
        "Aspect": "기능",
        "SentimentText": "제품 받아보자마자 레인지랑 오븐 다 해봤는데 너무 잘되네요. 완전 최고예요.",
        "SentimentWord": "10",
        "SentimentPolarity": "1"
      },
      {
        "Aspect": "내구성",
        "SentimentText": "오븐이라 발열이 나는건 알고 있는 사실이지만 생각한거보다 너무 열이 심하고 식는데도 너무 오래걸려서 깜짝놀랬네요.",
        "SentimentWord": "14",
        "SentimentPolarity": "-1"
      }
    ]
  },
  {
    "Index": "31908",
    "RawText": "디자인이 심플하고 깔끔해서 너무 좋아요. 지인들도 컬러보더니 너무 예쁘다고 해서 기분좋아요.  이 제품 산뒤로 사용하기가 간단하고 편리해서 다양한 요리를 시도해보게 되서 좋아요!",
    "Source": "쇼핑몰",
    "Domain": "가전",
    "MainCategory": "주방가전",
    "ProductName": "오브제컬렉션 LG전자 ML32EW1 일반구매",
    "ReviewScore": "5",
    "Syllable": "99",
    "Word": "22",
    "RDate": "20220322",
    "GeneralPolarity": "1",
    "Aspects": [
      {
        "Aspect": "디자인",
        "SentimentText": "디자인이 심플하고 깔끔해서 너무 좋아요.",
        "SentimentWord": "5",
        "SentimentPolarity": "1"
      },
      {
        "Aspect": "색상",
        "SentimentText": "지인들도 컬러보더니 너무 예쁘다고 해서 기분좋아요. ",
        "SentimentWord": "6",
        "SentimentPolarity": "1"
      },
      {
        "Aspect": "편의성",
        "SentimentText": "이 제품 산뒤로 사용하기가 간단하고 편리해서 다양한 요리를 시도해보게 되서 좋아요!",
        "SentimentWord": "11",
        "SentimentPolarity": "1"
      }
    ]
  },
  {
    "Index": "31909",
    "RawText": "사이즈가 생각보다 정말 커서 원하던 위치에 안들어가 그냥 세척기 위에 두고 쓰려구요. 아쉬워요ㅠ 그리고 스팀모드 사용할때는 매번 물통에 물을 넣어줘야하는 번거로움이 있어요. 은근 귀찮네요.",
    "Source": "쇼핑몰",
    "Domain": "가전",
    "MainCategory": "주방가전",
    "ProductName": "오브제컬렉션 LG전자 ML32EW1 일반구매",
    "ReviewScore": "5",
    "Syllable": "105",
    "Word": "24",
    "RDate": "20220719",
    "GeneralPolarity": "-1",
    "Aspects": [
      {
        "Aspect": "사이즈",
        "SentimentText": "사이즈가 생각보다 정말 커서 원하던 위치에 안들어가 그냥 세척기 위에 두고 쓰려구요. 아쉬워요ㅠ",
        "SentimentWord": "13",
        "SentimentPolarity": "-1"
      },
      {
        "Aspect": "편의성",
        "SentimentText": "그리고 스팀모드 사용할때는 매번 물통에 물을 넣어줘야하는 번거로움이 있어요. 은근 귀찮네요.",
        "SentimentWord": "11",
        "SentimentPolarity": "-1"
      }
    ]
  },
  {
    "Index": "31910",
    "RawText": "외관 디자인은 말할것도 없이 너무 예쁘고 깔끔해요! 처음 이 브랜드 제품 사용해보는데 뭐가 너무 많아서 설명서보고 잘 따라야해 할것 같아요. 공부 필요해요;;",
    "Source": "쇼핑몰",
    "Domain": "가전",
    "MainCategory": "주방가전",
    "ProductName": "오브제컬렉션 LG전자 ML32EW1 일반구매",
    "ReviewScore": "5",
    "Syllable": "88",
    "Word": "22",
    "RDate": "20210630",
    "GeneralPolarity": "0",
    "Aspects": [
      {
        "Aspect": "디자인",
        "SentimentText": "외관 디자인은 말할것도 없이 너무 예쁘고 깔끔해요!",
        "SentimentWord": "7",
        "SentimentPolarity": "1"
      },
      {
        "Aspect": "조작성",
        "SentimentText": "처음 이 브랜드 제품 사용해보는데 뭐가 너무 많아서 설명서보고 잘 따라야해 할것 같아요. 공부 필요해요;;",
        "SentimentWord": "15",
        "SentimentPolarity": "0"
      }
    ]
  },
  {
    "Index": "31911",
    "RawText": "광파오븐이라고 하더니 베이킹은 물론 레인지 기능까지 아주 훌륭해서 좋아요! 빵 전문가 될거 같아요ㅎㅎ 다만 작동시에 소음이 좀 큰편이라 그건 아쉬워요 덜그럭덜그럭 거슬립니다ㅠ",
    "Source": "쇼핑몰",
    "Domain": "가전",
    "MainCategory": "주방가전",
    "ProductName": "오브제컬렉션 LG전자 ML32EW1 일반구매",
    "ReviewScore": "5",
    "Syllable": "97",
    "Word": "22",
    "RDate": "20220406",
    "GeneralPolarity": "0",
    "Aspects": [
      {
        "Aspect": "기능",
        "SentimentText": "광파오븐이라고 하더니 베이킹은 물론 레인지 기능까지 아주 훌륭해서 좋아요! 빵 전문가 될거 같아요ㅎㅎ",
        "SentimentWord": "13",
        "SentimentPolarity": "1"
      },
      {
        "Aspect": "소음",
        "SentimentText": "다만 작동시에 소음이 좀 큰편이라 그건 아쉬워요 덜그럭덜그럭 거슬립니다ㅠ",
        "SentimentWord": "9",
        "SentimentPolarity": "-1"
      }
    ]
  },
  {
    "Index": "31912",
    "RawText": "컬러 정말 예뻐요. 영롱하고 인테리어 효과 톡톡합니다. 주방이 깔끔해졌습니다. 그리고 32L 라고 해서 용량이 좀 클줄 알았는데 내부공간이 생각한거보다 적어서 좀 아쉬웠어요.",
    "Source": "쇼핑몰",
    "Domain": "가전",
    "MainCategory": "주방가전",
    "ProductName": "오브제컬렉션 LG전자 ML32EW1 일반구매",
    "ReviewScore": "5",
    "Syllable": "97",
    "Word": "22",
    "RDate": "20210324",
    "GeneralPolarity": "0",
    "Aspects": [
      {
        "Aspect": "색상",
        "SentimentText": "컬러 정말 예뻐요. 영롱하고 인테리어 효과 톡톡합니다. 주방이 깔끔해졌습니다.",
        "SentimentWord": "9",
        "SentimentPolarity": "1"
      },
      {
        "Aspect": "용량",
        "SentimentText": "그리고 32L 라고 해서 용량이 좀 클줄 알았는데 내부공간이 생각한거보다 적어서 좀 아쉬웠어요.",
        "SentimentWord": "13",
        "SentimentPolarity": "-1"
      }
    ]
  },
  {
    "Index": "31915",
    "RawText": "복합형 오븐이라서 어느 기능은 좀 딸리지 않을까 생각했는데 전혀, 오븐, 튀김, 발효, 등등 다 테스트해봣는데 너무 잘되요! 조금 번거로운게 모든 요리를 하고 난뒤 바로바로 청소해주지 않으면 떼가 잘 안지워져서 그때그때 청소해줘야합니다.",
    "Source": "쇼핑몰",
    "Domain": "가전",
    "MainCategory": "주방가전",
    "ProductName": "오브제컬렉션 LG전자 ML32GW1 일반구매",
    "ReviewScore": "5",
    "Syllable": "132",
    "Word": "31",
    "RDate": "20220816",
    "GeneralPolarity": "0",
    "Aspects": [
      {
        "Aspect": "기능",
        "SentimentText": "복합형 오븐이라서 어느 기능은 좀 딸리지 않을까 생각했는데 전혀, 오븐, 튀김, 발효, 등등 다 테스트해봣는데 너무 잘되요!",
        "SentimentWord": "17",
        "SentimentPolarity": "1"
      },
      {
        "Aspect": "편의성",
        "SentimentText": "조금 번거로운게 모든 요리를 하고 난뒤 바로바로 청소해주지 않으면 떼가 잘 안지워져서 그때그때 청소해줘야합니다.",
        "SentimentWord": "14",
        "SentimentPolarity": "-1"
      }
    ]
  },
  {
    "Index": "31916",
    "RawText": "디자인은 워낙 유명하지만 정말 실물로 보니 고급스럽고 예뻐요 잘샀어요. 사용법도 간단해서 아이들이 서로 요리하겠다고 난리네요. 너무 좋아요",
    "Source": "쇼핑몰",
    "Domain": "가전",
    "MainCategory": "주방가전",
    "ProductName": "오브제컬렉션 LG전자 ML32GW1 일반구매",
    "ReviewScore": "5",
    "Syllable": "77",
    "Word": "17",
    "RDate": "20220630",
    "GeneralPolarity": "1",
    "Aspects": [
      {
        "Aspect": "디자인",
        "SentimentText": "디자인은 워낙 유명하지만 정말 실물로 보니 고급스럽고 예뻐요 잘샀어요",
        "SentimentWord": "9",
        "SentimentPolarity": "1"
      },
      {
        "Aspect": "조작성",
        "SentimentText": "사용법도 간단해서 아이들이 서로 요리하겠다고 난리네요. 너무 좋아요",
        "SentimentWord": "8",
        "SentimentPolarity": "1"
      }
    ]
  },
  {
    "Index": "31917",
    "RawText": "제품 받자마자 생선으로 테스트해봤는데 너무 잘 구워져요. 짱이네요. 그리고 무엇보다 냄새도 안나고 청소도 쉬워서 좋네요.",
    "Source": "쇼핑몰",
    "Domain": "가전",
    "MainCategory": "주방가전",
    "ProductName": "오브제컬렉션 LG전자 ML32GW1 일반구매",
    "ReviewScore": "5",
    "Syllable": "67",
    "Word": "15",
    "RDate": "20220205",
    "GeneralPolarity": "1",
    "Aspects": [
      {
        "Aspect": "기능",
        "SentimentText": "제품 받자마자 생선으로 테스트해봤는데 너무 잘 구워져요. 짱이네요",
        "SentimentWord": "8",
        "SentimentPolarity": "1"
      },
      {
        "Aspect": "편의성",
        "SentimentText": "그리고 무엇보다 냄새도 안나고 청소도 쉬워서 좋네요.",
        "SentimentWord": "7",
        "SentimentPolarity": "1"
      }
    ]
  },
  {
    "Index": "31919",
    "RawText": "컬러가 정말 예쁘네요ㅜㅜ 다시한번 반했어요! 이번 제품은 다이얼 하나로 다 할 수 있어서 너무 좋아요. 그리고 소리도 거의 안나는 편이라 괜찮네요.",
    "Source": "쇼핑몰",
    "Domain": "가전",
    "MainCategory": "주방가전",
    "ProductName": "오브제컬렉션 LG전자 ML32GW1 일반구매",
    "ReviewScore": "5",
    "Syllable": "82",
    "Word": "21",
    "RDate": "20211004",
    "GeneralPolarity": "1",
    "Aspects": [
      {
        "Aspect": "색상",
        "SentimentText": "컬러가 정말 예쁘네요ㅜㅜ 다시한번 반했어요!",
        "SentimentWord": "5",
        "SentimentPolarity": "1"
      },
      {
        "Aspect": "조작성",
        "SentimentText": "이번 제품은 다이얼 하나로 다 할 수 있어서 너무 좋아요. ",
        "SentimentWord": "10",
        "SentimentPolarity": "1"
      },
      {
        "Aspect": "소음",
        "SentimentText": " 그리고 소리도 거의 안나는 편이라 괜찮네요.",
        "SentimentWord": "6",
        "SentimentPolarity": "1"
      }
    ]
  },
  {
    "Index": "31920",
    "RawText": "오프라인 매장에서 보고 반해서 구매하게됐는데 디자인 정말 예뻐요! 그리고 저렴하게 구입해서 더 만족스럽네요 가격대비 짱~",
    "Source": "쇼핑몰",
    "Domain": "가전",
    "MainCategory": "주방가전",
    "ProductName": "오브제컬렉션 LG전자 ML32GW1 일반구매",
    "ReviewScore": "5",
    "Syllable": "67",
    "Word": "15",
    "RDate": "20211021",
    "GeneralPolarity": "1",
    "Aspects": [
      {
        "Aspect": "디자인",
        "SentimentText": "오프라인 매장에서 보고 반해서 구매하게됐는데 디자인 정말 예뻐요!",
        "SentimentWord": "8",
        "SentimentPolarity": "1"
      },
      {
        "Aspect": "가격",
        "SentimentText": "그리고 저렴하게 구입해서 더 만족스럽네요 가격대비 짱~",
        "SentimentWord": "7",
        "SentimentPolarity": "1"
      }
    ]
  },
  {
    "Index": "31921",
    "RawText": "레인지 오븐 발효 다양한 기능이 너무 많아서 제대로 될까 싶었는데 진짜 다 되서 너무 좋아요! 다만 스팀을 사용할때는 물통에 물을 넣어야하는데 그때그때 확인해서 넣어야해서 번거로워요.",
    "Source": "쇼핑몰",
    "Domain": "가전",
    "MainCategory": "주방가전",
    "ProductName": "오브제컬렉션 LG전자 ML32GW1 일반구매",
    "ReviewScore": "5",
    "Syllable": "102",
    "Word": "25",
    "RDate": "20220518",
    "GeneralPolarity": "0",
    "Aspects": [
      {
        "Aspect": "기능",
        "SentimentText": "레인지 오븐 발효 다양한 기능이 너무 많아서 제대로 될까 싶었는데 진짜 다 되서 너무 좋아요!",
        "SentimentWord": "15",
        "SentimentPolarity": "1"
      },
      {
        "Aspect": "편의성",
        "SentimentText": "다만 스팀을 사용할때는 물통에 물을 넣어야하는데 그때그때 확인해서 넣어야해서 번거로워요.",
        "SentimentWord": "10",
        "SentimentPolarity": "-1"
      }
    ]
  },
  {
    "Index": "31924",
    "RawText": "오븐이랑 레인지 다 사용해봤는데 기능 훌륭하네요. 가열 모드도 그렇고 너무 좋아요! 상품권으로 할인받아 저렴하게 구매해서 더 좋네요",
    "Source": "쇼핑몰",
    "Domain": "가전",
    "MainCategory": "주방가전",
    "ProductName": "오브제컬렉션 LG전자 ML32GW1 일반구매",
    "ReviewScore": "5",
    "Syllable": "73",
    "Word": "17",
    "RDate": "20220813",
    "GeneralPolarity": "1",
    "Aspects": [
      {
        "Aspect": "기능",
        "SentimentText": "오븐이랑 레인지 다 사용해봤는데 기능 훌륭하네요. 가열 모드도 그렇고 너무 좋아요!",
        "SentimentWord": "11",
        "SentimentPolarity": "1"
      },
      {
        "Aspect": "가격",
        "SentimentText": "상품권으로 할인받아 저렴하게 구매해서 더 좋네요",
        "SentimentWord": "6",
        "SentimentPolarity": "1"
      }
    ]
  },
  {
    "Index": "31925",
    "RawText": "이 브랜드 제품 정말 갖고싶었는데 컬러도 너무 예쁘고 짱 만족스러워요! 아직 조작법이 익숙치 않아서 쓰는건 어색한데 너무 좋아요! 요리 자주 해먹을게요~",
    "Source": "쇼핑몰",
    "Domain": "가전",
    "MainCategory": "주방가전",
    "ProductName": "오브제컬렉션 LG전자 ML32GW1 일반구매",
    "ReviewScore": "5",
    "Syllable": "85",
    "Word": "21",
    "RDate": "20220605",
    "GeneralPolarity": "1",
    "Aspects": [
      {
        "Aspect": "색상",
        "SentimentText": "이 브랜드 제품 정말 갖고싶었는데 컬러도 너무 예쁘고 짱 만족스러워요!",
        "SentimentWord": "10",
        "SentimentPolarity": "1"
      },
      {
        "Aspect": "조작성",
        "SentimentText": " 아직 조작법이 익숙치 않아서 쓰는건 어색한데 너무 좋아요! 요리 자주 해먹을게요~",
        "SentimentWord": "11",
        "SentimentPolarity": "1"
      }
    ]
  },
  {
    "Index": "31926",
    "RawText": "가격이 좀 비싼편이라 구매하기가 망설였는데 이번에 할인받아서 저렴하게 구매해서 너무 좋아요! 그리고 특히 전자레인지 겸용 오븐이라 너무 좋아요. 기능 대박이네요~ 요리하기 정말 쉽네요",
    "Source": "쇼핑몰",
    "Domain": "가전",
    "MainCategory": "주방가전",
    "ProductName": "오브제컬렉션 LG전자 ML32GW1 일반구매",
    "ReviewScore": "5",
    "Syllable": "102",
    "Word": "23",
    "RDate": "20210518",
    "GeneralPolarity": "1",
    "Aspects": [
      {
        "Aspect": "가격",
        "SentimentText": "가격이 좀 비싼편이라 구매하기가 망설였는데 이번에 할인받아서 저렴하게 구매해서 너무 좋아요!",
        "SentimentWord": "11",
        "SentimentPolarity": "1"
      },
      {
        "Aspect": "기능",
        "SentimentText": "그리고 특히 전자레인지 겸용 오븐이라 너무 좋아요. 기능 대박이네요~ 요리하기 정말 쉽네요",
        "SentimentWord": "12",
        "SentimentPolarity": "1"
      }
    ]
  },
  {
    "Index": "31927",
    "RawText": "복합형 오븐이라 가전을 하나도 할 수 있는 장점이 제일 큰거 같아요! 그리고 다이얼 하나로 모든 조작이 가능해서 너무 편리하고 좋아요.",
    "Source": "쇼핑몰",
    "Domain": "가전",
    "MainCategory": "주방가전",
    "ProductName": "오브제컬렉션 LG전자 ML32GW1 일반구매",
    "ReviewScore": "5",
    "Syllable": "75",
    "Word": "20",
    "RDate": "20210917",
    "GeneralPolarity": "1",
    "Aspects": [
      {
        "Aspect": "기능",
        "SentimentText": "복합형 오븐이라 가전을 하나도 할 수 있는 장점이 제일 큰거 같아요!",
        "SentimentWord": "11",
        "SentimentPolarity": "1"
      },
      {
        "Aspect": "조작성",
        "SentimentText": "그리고 다이얼 하나로 모든 조작이 가능해서 너무 편리하고 좋아요.",
        "SentimentWord": "9",
        "SentimentPolarity": "1"
      }
    ]
  },
  {
    "Index": "31928",
    "RawText": "컬러가 정말 예쁘네요. 고급스럽고 마음에 들어요. 오븐특성상 전력소모가 많아서 전기세 걱정이 좀 있어요ㅎㅎ",
    "Source": "쇼핑몰",
    "Domain": "가전",
    "MainCategory": "주방가전",
    "ProductName": "오브제컬렉션 LG전자 ML32GW1 일반구매",
    "ReviewScore": "5",
    "Syllable": "59",
    "Word": "13",
    "RDate": "20211022",
    "GeneralPolarity": "0",
    "Aspects": [
      {
        "Aspect": "색상",
        "SentimentText": "컬러가 정말 예쁘네요. 고급스럽고 마음에 들어요.",
        "SentimentWord": "6",
        "SentimentPolarity": "1"
      },
      {
        "Aspect": "소비전력",
        "SentimentText": "오븐특성상 전력소모가 많아서 전기세 걱정이 좀 있어요ㅎㅎ",
        "SentimentWord": "7",
        "SentimentPolarity": "0"
      }
    ]
  },
  {
    "Index": "31930",
    "RawText": "전자레인지 오븐 발효 에어프라이기 다 테스트해봤는데 다 잘되서 너무 좋아요^^ 디자인도 깔끔하니 너무 마음에 드네요. 컬러도 제가 생각했던 컬러라 너무 좋아요,",
    "Source": "쇼핑몰",
    "Domain": "가전",
    "MainCategory": "주방가전",
    "ProductName": "오브제컬렉션 LG전자 MLJ39 미스트베이지",
    "ReviewScore": "4",
    "Syllable": "89",
    "Word": "21",
    "RDate": "20220626",
    "GeneralPolarity": "1",
    "Aspects": [
      {
        "Aspect": "기능",
        "SentimentText": "전자레인지 오븐 발효 에어프라이기 다 테스트해봤는데 다 잘되서 너무 좋아요^^",
        "SentimentWord": "10",
        "SentimentPolarity": "1"
      },
      {
        "Aspect": "디자인",
        "SentimentText": "디자인도 깔끔하니 너무 마음에 드네요. ",
        "SentimentWord": "5",
        "SentimentPolarity": "1"
      },
      {
        "Aspect": "색상",
        "SentimentText": "컬러도 제가 생각했던 컬러라 너무 좋아요,",
        "SentimentWord": "6",
        "SentimentPolarity": "1"
      }
    ]
  },
  {
    "Index": "31934",
    "RawText": "모던한 디자인이 너무 이쁘고  컬러감도 너무 사랑스럽네요. 기능도 다양해서 아이들 간식 만들어 주기도 좋아요 ㅋㅋ",
    "Source": "쇼핑몰",
    "Domain": "가전",
    "MainCategory": "주방가전",
    "ProductName": "오브제컬렉션 LG전자 MLJ39 미스트베이지",
    "ReviewScore": "5",
    "Syllable": "63",
    "Word": "15",
    "RDate": "20220614",
    "GeneralPolarity": "1",
    "Aspects": [
      {
        "Aspect": "디자인",
        "SentimentText": "모던한 디자인이 너무 이쁘고",
        "SentimentWord": "4",
        "SentimentPolarity": "1"
      },
      {
        "Aspect": "색상",
        "SentimentText": "컬러감도 너무 사랑스럽네요",
        "SentimentWord": "3",
        "SentimentPolarity": "1"
      },
      {
        "Aspect": "기능",
        "SentimentText": "기능도 다양해서 아이들 간식 만들어 주기도 좋아요 ㅋㅋ",
        "SentimentWord": "8",
        "SentimentPolarity": "1"
      }
    ]
  },
  {
    "Index": "31935",
    "RawText": "디자인이 영롱하고 너무나 이쁩니다. 조작법 역시 단순해서 편합니다 ^^ 만족 강추합니다",
    "Source": "쇼핑몰",
    "Domain": "가전",
    "MainCategory": "주방가전",
    "ProductName": "오브제컬렉션 LG전자 MLJ39 미스트베이지",
    "ReviewScore": "5",
    "Syllable": "48",
    "Word": "11",
    "RDate": "20220725",
    "GeneralPolarity": "1",
    "Aspects": [
      {
        "Aspect": "디자인",
        "SentimentText": "디자인이 영롱하고 너무나 이쁩니다",
        "SentimentWord": "4",
        "SentimentPolarity": "1"
      },
      {
        "Aspect": "조작성",
        "SentimentText": " 조작법 역시 단순해서 편합니다 ^^ 만족 강추합니다 ",
        "SentimentWord": "7",
        "SentimentPolarity": "1"
      }
    ]
  },
  {
    "Index": "31936",
    "RawText": "디자인이 너무 귀엽고 이쁘네요. 오븐 기능뿐만 아니라 튀김요리랑 찜 요리도 할 수 있는 여러가지 기능이 있어 대박이네요^^",
    "Source": "쇼핑몰",
    "Domain": "가전",
    "MainCategory": "주방가전",
    "ProductName": "오브제컬렉션 LG전자 MLJ39 미스트베이지",
    "ReviewScore": "5",
    "Syllable": "68",
    "Word": "17",
    "RDate": "20220224",
    "GeneralPolarity": "1",
    "Aspects": [
      {
        "Aspect": "디자인",
        "SentimentText": "디자인이 너무 귀엽고 이쁘네요. ",
        "SentimentWord": "4",
        "SentimentPolarity": "1"
      },
      {
        "Aspect": "기능",
        "SentimentText": "오븐 기능뿐만 아니라 튀김요리랑 찜 요리도 할 수 있는 여러가지 기능이 있어 대박이네요^^ ",
        "SentimentWord": "13",
        "SentimentPolarity": "1"
      }
    ]
  },
  {
    "Index": "31937",
    "RawText": "단순 레인지 기능만 있는 게 아니고 다양한 기능있어 요리가 재미있네요. 도어 창으로 요리되는 모습도 볼 수 있어 아주 편해요",
    "Source": "쇼핑몰",
    "Domain": "가전",
    "MainCategory": "주방가전",
    "ProductName": "오브제컬렉션 LG전자 MLJ39 미스트베이지",
    "ReviewScore": "5",
    "Syllable": "69",
    "Word": "19",
    "RDate": "20220614",
    "GeneralPolarity": "1",
    "Aspects": [
      {
        "Aspect": "기능",
        "SentimentText": "단순 레인지 기능만 있는 게 아니고 다양한 기능있어 요리가 재미있네요.",
        "SentimentWord": "10",
        "SentimentPolarity": "1"
      },
      {
        "Aspect": "편의성",
        "SentimentText": " 도어 창으로 요리되는 모습도 볼 수 있어 아주 편해요  ",
        "SentimentWord": "9",
        "SentimentPolarity": "1"
      }
    ]
  },
  {
    "Index": "31941",
    "RawText": "하루만에 배송오고, 하자없는 깨끗한 상품으로 잘 받았습니다. 여러 가지 기능이 있어 많은 요리를 할 수 있을 것 같아요. 완전 추천!",
    "Source": "쇼핑몰",
    "Domain": "가전",
    "MainCategory": "주방가전",
    "ProductName": "오브제컬렉션 LG전자 MLJ39 미스트베이지",
    "ReviewScore": "5",
    "Syllable": "74",
    "Word": "20",
    "RDate": "20220324",
    "GeneralPolarity": "1",
    "Aspects": [
      {
        "Aspect": "품질",
        "SentimentText": "하자없는 깨끗한 상품으로 잘 받았습니다.",
        "SentimentWord": "5",
        "SentimentPolarity": "1"
      },
      {
        "Aspect": "기능",
        "SentimentText": "여러 가지 기능이 있어 많은 요리를 할 수 있을 것 같아요. 완전 추천!",
        "SentimentWord": "13",
        "SentimentPolarity": "1"
      }
    ]
  },
  {
    "Index": "31942",
    "RawText": "배송 진짜 빨라요!  겉으로 볼 때에는 찌그러진 부분 없고 깨끗한 제품이 왔어요ㅎㅎㅎ 가격도 너무나 착한 금액으로 구입 했네요^^",
    "Source": "쇼핑몰",
    "Domain": "가전",
    "MainCategory": "주방가전",
    "ProductName": "오브제컬렉션 LG전자 MLJ39 미스트베이지",
    "ReviewScore": "5",
    "Syllable": "72",
    "Word": "18",
    "RDate": "20220325",
    "GeneralPolarity": "1",
    "Aspects": [
      {
        "Aspect": "품질",
        "SentimentText": "겉으로 볼 때에는 찌그러진 부분 없고 깨끗한 제품이 왔어요ㅎㅎㅎ",
        "SentimentWord": "9",
        "SentimentPolarity": "1"
      },
      {
        "Aspect": "가격",
        "SentimentText": "가격도 너무나 착한 금액으로 구입 했네요^^ ",
        "SentimentWord": "6",
        "SentimentPolarity": "1"
      }
    ]
  },
  {
    "Index": "31943",
    "RawText": "빠른 배송 감사,  다른 사이트보다 좀 비싸게 주고 산 것 같아 찝찝한데 배송은 빨랐으니 됐고, 컬러도 사진처럼 부드럽고 이뻐요 .",
    "Source": "쇼핑몰",
    "Domain": "가전",
    "MainCategory": "주방가전",
    "ProductName": "오브제컬렉션 LG전자 MLJ39 미스트베이지",
    "ReviewScore": "5",
    "Syllable": "73",
    "Word": "20",
    "RDate": "20211019",
    "GeneralPolarity": "0",
    "Aspects": [
      {
        "Aspect": "가격",
        "SentimentText": "다른 사이트보다 좀 비싸게 주고 산 것 같아 찝찝한데",
        "SentimentWord": "9",
        "SentimentPolarity": "-1"
      },
      {
        "Aspect": "색상",
        "SentimentText": "컬러도 사진처럼 부드럽고 이뻐요 . ",
        "SentimentWord": "5",
        "SentimentPolarity": "1"
      }
    ]
  },
  {
    "Index": "31945",
    "RawText": "의외로 내부 사이즈가 넉넉해 많은 요리를 할 수 있을 것 같은 기분 좋은 기대감이 드네요! 컬러감도 요즘 스타일이라서 사랑스럽고 디자인도 깜찍하니 이쁩니다",
    "Source": "쇼핑몰",
    "Domain": "가전",
    "MainCategory": "주방가전",
    "ProductName": "오브제컬렉션 LG전자 MLJ39 미스트베이지",
    "ReviewScore": "5",
    "Syllable": "86",
    "Word": "22",
    "RDate": "20220222",
    "GeneralPolarity": "1",
    "Aspects": [
      {
        "Aspect": "용량",
        "SentimentText": "의외로 내부 사이즈가 넉넉해 많은 요리를 할 수 있을 것 같은 기분 좋은 기대감이 드네요! ",
        "SentimentWord": "15",
        "SentimentPolarity": "1"
      },
      {
        "Aspect": "색상",
        "SentimentText": "컬러감도 요즘 스타일이라서 사랑스럽고",
        "SentimentWord": "4",
        "SentimentPolarity": "1"
      },
      {
        "Aspect": "디자인",
        "SentimentText": " 디자인도 깜찍하니 이쁩니다",
        "SentimentWord": "3",
        "SentimentPolarity": "1"
      }
    ]
  },
  {
    "Index": "31946",
    "RawText": "생각 외로 39리터 엄청 커서  많이 양 들어갑니다! 출력도 높아서 전에 쓰던 제품보다 데워지는 속도도 빨라요^^",
    "Source": "쇼핑몰",
    "Domain": "가전",
    "MainCategory": "주방가전",
    "ProductName": "오브제컬렉션 LG전자 MLJ39 미스트베이지",
    "ReviewScore": "5",
    "Syllable": "63",
    "Word": "16",
    "RDate": "20220412",
    "GeneralPolarity": "1",
    "Aspects": [
      {
        "Aspect": "용량",
        "SentimentText": "생각 외로 39리터 엄청 커서  많이 양 들어갑니다! ",
        "SentimentWord": "8",
        "SentimentPolarity": "1"
      },
      {
        "Aspect": "시간/속도",
        "SentimentText": "출력도 높아서 전에 쓰던 제품보다 데워지는 속도도 빨라요^^",
        "SentimentWord": "8",
        "SentimentPolarity": "1"
      }
    ]
  },
  {
    "Index": "31947",
    "RawText": "아직은 사용법이 미숙해서 요리하는 게 어렵네요. 기능도 복합적 이고 그중 에어프라이어 기능이 제일 맘에 들어요. 고기 요리했는데 집안에 냄새도 안 나서 너무 편하고 한 번에 많은 양이 들어가서 좋습니다 ^^",
    "Source": "쇼핑몰",
    "Domain": "가전",
    "MainCategory": "주방가전",
    "ProductName": "오브제컬렉션 LG전자 MLJ39 미스트베이지",
    "ReviewScore": "4",
    "Syllable": "115",
    "Word": "30",
    "RDate": "20220329",
    "GeneralPolarity": "1",
    "Aspects": [
      {
        "Aspect": "조작성",
        "SentimentText": "아직은 사용법이 미숙해서 요리하는 게 어렵네요. ",
        "SentimentWord": "6",
        "SentimentPolarity": "-1"
      },
      {
        "Aspect": "기능",
        "SentimentText": " 기능도 복합적 이고 그중 에어프라이어 기능이 제일 맘에 들어요",
        "SentimentWord": "9",
        "SentimentPolarity": "1"
      },
      {
        "Aspect": "편의성",
        "SentimentText": " 고기 요리했는데 집안에 냄새도 안 나서 너무 편하고",
        "SentimentWord": "8",
        "SentimentPolarity": "1"
      },
      {
        "Aspect": "용량",
        "SentimentText": "많은 양이 들어가서 좋습니다 ^^",
        "SentimentWord": "5",
        "SentimentPolarity": "1"
      }
    ]
  },
  {
    "Index": "31949",
    "RawText": "제품 하나에 레인지,튀김,오븐 기능까지 있어 완전 잘 쓸 수 있어요 . 빠르게 배송도 왔고 내구성도 아주 튼튼해서 오래 쓸 수 있어요!",
    "Source": "쇼핑몰",
    "Domain": "가전",
    "MainCategory": "주방가전",
    "ProductName": "오브제컬렉션 LG전자 MLJ39 미스트베이지",
    "ReviewScore": "5",
    "Syllable": "75",
    "Word": "21",
    "RDate": "20220303",
    "GeneralPolarity": "1",
    "Aspects": [
      {
        "Aspect": "기능",
        "SentimentText": "제품 하나에 레인지,튀김,오븐 기능까지 있어 완전 잘 쓸 수 있어요 .",
        "SentimentWord": "11",
        "SentimentPolarity": "1"
      },
      {
        "Aspect": "내구성",
        "SentimentText": "내구성도 아주 튼튼해서 오래 쓸 수 있어요! ",
        "SentimentWord": "7",
        "SentimentPolarity": "1"
      }
    ]
  },
  {
    "Index": "31952",
    "RawText": "다이얼뿐만 아니라 터치식까지 있어 조작이 어렵습니다. 지금은 레인지 기능만 쓰고 있어데 잘 데워져서 쓸만해요",
    "Source": "쇼핑몰",
    "Domain": "가전",
    "MainCategory": "주방가전",
    "ProductName": "오브제컬렉션 LG전자 MLJ39 미스트베이지",
    "ReviewScore": "4",
    "Syllable": "60",
    "Word": "14",
    "RDate": "20220421",
    "GeneralPolarity": "0",
    "Aspects": [
      {
        "Aspect": "조작성",
        "SentimentText": "다이얼뿐만 아니라 터치식까지 있어 조작이 어렵습니다",
        "SentimentWord": "6",
        "SentimentPolarity": "-1"
      },
      {
        "Aspect": "기능",
        "SentimentText": "지금은 레인지 기능만 쓰고 있어데 잘 데워져서 쓸만해요  ",
        "SentimentWord": "8",
        "SentimentPolarity": "1"
      }
    ]
  },
  {
    "Index": "31953",
    "RawText": "디자인 예쁘고 깔끔해서 너무 마음에 듭니다~ 내부도 생각보다 넓어서 사용하기 너무 좋아요~",
    "Source": "쇼핑몰",
    "Domain": "가전",
    "MainCategory": "주방가전",
    "ProductName": "오브제컬렉션 LG전자 MLJ39 미스트베이지",
    "ReviewScore": "5",
    "Syllable": "50",
    "Word": "12",
    "RDate": "20220719",
    "GeneralPolarity": "1",
    "Aspects": [
      {
        "Aspect": "디자인",
        "SentimentText": "디자인 예쁘고 깔끔해서 너무 마음에 듭니다~ ",
        "SentimentWord": "6",
        "SentimentPolarity": "1"
      },
      {
        "Aspect": "용량",
        "SentimentText": "내부도 생각보다 넓어서 사용하기 너무 좋아요~",
        "SentimentWord": "6",
        "SentimentPolarity": "1"
      }
    ]
  },
  {
    "Index": "31957",
    "RawText": "선물로 받았는데, 외관 사이즈가 진짜 크고 뒷면도 커서 자리도 많이 차지해요. 기사님도 친절했고 제품도 흠집도 없고 하자 없는 제품으로 잘 받았습니다",
    "Source": "쇼핑몰",
    "Domain": "가전",
    "MainCategory": "주방가전",
    "ProductName": "오브제컬렉션 LG전자 MLJ39 미스트베이지",
    "ReviewScore": "5",
    "Syllable": "83",
    "Word": "21",
    "RDate": "20220812",
    "GeneralPolarity": "0",
    "Aspects": [
      {
        "Aspect": "사이즈",
        "SentimentText": "외관 사이즈가 진짜 크고 뒷면도 커서 자리도 많이 차지해요.",
        "SentimentWord": "9",
        "SentimentPolarity": "-1"
      },
      {
        "Aspect": "품질",
        "SentimentText": "제품도 흠집도 없고 하자 없는 제품으로 잘 받았습니다",
        "SentimentWord": "8",
        "SentimentPolarity": "1"
      }
    ]
  },
  {
    "Index": "31958",
    "RawText": "색상도 베이지라 너무 예쁘고~ 오프라인보다 저렴한 가격에 구매 할 수 있어서 좋아요~",
    "Source": "쇼핑몰",
    "Domain": "가전",
    "MainCategory": "주방가전",
    "ProductName": "오브제컬렉션 LG전자 MLJ39 미스트베이지",
    "ReviewScore": "4",
    "Syllable": "47",
    "Word": "12",
    "RDate": "20220406",
    "GeneralPolarity": "1",
    "Aspects": [
      {
        "Aspect": "색상",
        "SentimentText": "색상도 베이지라 너무 예쁘고~ ",
        "SentimentWord": "4",
        "SentimentPolarity": "1"
      },
      {
        "Aspect": "가격",
        "SentimentText": "오프라인보다 저렴한 가격에 구매 할 수 있어서 좋아요~ ",
        "SentimentWord": "8",
        "SentimentPolarity": "1"
      }
    ]
  },
  {
    "Index": "31959",
    "RawText": "할인 해서 저렴하게 잘 샀어요 기분 좋아요. 그런데 열고 닫을 때 소리가 좀 크게 나서 아쉽네요",
    "Source": "쇼핑몰",
    "Domain": "가전",
    "MainCategory": "주방가전",
    "ProductName": "오브제컬렉션 LG전자 MLJ39 미스트베이지",
    "ReviewScore": "5",
    "Syllable": "53",
    "Word": "16",
    "RDate": "20220222",
    "GeneralPolarity": "0",
    "Aspects": [
      {
        "Aspect": "가격",
        "SentimentText": "할인 해서 저렴하게 잘 샀어요 기분 좋아요. ",
        "SentimentWord": "7",
        "SentimentPolarity": "1"
      },
      {
        "Aspect": "소음",
        "SentimentText": "열고 닫을 때 소리가 좀 크게 나서 아쉽네요",
        "SentimentWord": "8",
        "SentimentPolarity": "-1"
      }
    ]
  },
  {
    "Index": "31961",
    "RawText": "열풍 히터 기능이 있는데 음식이 골고루 잘 안 익는거 같은 느낌이 있어서 아쉽네요 ㅠ 그래도 행사할 때 저렴하게 구매해서 기분이 좋습니다",
    "Source": "쇼핑몰",
    "Domain": "가전",
    "MainCategory": "주방가전",
    "ProductName": "오브제컬렉션 LG전자 MLJ39 미스트베이지",
    "ReviewScore": "5",
    "Syllable": "76",
    "Word": "21",
    "RDate": "20220705",
    "GeneralPolarity": "0",
    "Aspects": [
      {
        "Aspect": "기능",
        "SentimentText": "열풍 히터 기능이 있는데 음식이 골고루 잘 안 익는거 같은 느낌이 있어서 아쉽네요 ㅠ ",
        "SentimentWord": "14",
        "SentimentPolarity": "-1"
      },
      {
        "Aspect": "가격",
        "SentimentText": "행사할 때 저렴하게 구매해서 기분이 좋습니다",
        "SentimentWord": "6",
        "SentimentPolarity": "1"
      }
    ]
  },
  {
    "Index": "31963",
    "RawText": "색상이 너무 예뻐서 주방 가전이랑 잘 어울립니다~ 다른 제품들 보다는 비싼 거 같아서 조금 아쉽네요",
    "Source": "쇼핑몰",
    "Domain": "가전",
    "MainCategory": "주방가전",
    "ProductName": "오브제컬렉션 LG전자 MWJ23 크리스탈핑크",
    "ReviewScore": "5",
    "Syllable": "55",
    "Word": "15",
    "RDate": "20220621",
    "GeneralPolarity": "0",
    "Aspects": [
      {
        "Aspect": "색상",
        "SentimentText": "색상이 너무 예뻐서 주방 가전이랑 잘 어울립니다~",
        "SentimentWord": "7",
        "SentimentPolarity": "1"
      },
      {
        "Aspect": "가격",
        "SentimentText": "다른 제품들 보다는 비싼 거 같아서 조금 아쉽네요",
        "SentimentWord": "8",
        "SentimentPolarity": "-1"
      }
    ]
  },
  {
    "Index": "31964",
    "RawText": "생각보다 내부가 넓어서 너무 좋습니다. 그런데 무거운 그릇 올리자마자 내부 받침 유리가 깨져 버렸네요;; 품질이 별로에요",
    "Source": "쇼핑몰",
    "Domain": "가전",
    "MainCategory": "주방가전",
    "ProductName": "오브제컬렉션 LG전자 MWJ23 크리스탈핑크",
    "ReviewScore": "4",
    "Syllable": "67",
    "Word": "16",
    "RDate": "20220830",
    "GeneralPolarity": "0",
    "Aspects": [
      {
        "Aspect": "용량",
        "SentimentText": "생각보다 내부가 넓어서 너무 좋습니다. ",
        "SentimentWord": "5",
        "SentimentPolarity": "1"
      },
      {
        "Aspect": "품질",
        "SentimentText": "무거운 그릇 올리자마자 내부 받침 유리가 깨져 버렸네요;; 품질이 별로에요",
        "SentimentWord": "10",
        "SentimentPolarity": "-1"
      }
    ]
  },
  {
    "Index": "31965",
    "RawText": "1000w 출력 기능으로 음식이 빨리 익어서 너무 좋네요. 디자인도 너무 고급스러워서 대 만족 입니다",
    "Source": "쇼핑몰",
    "Domain": "가전",
    "MainCategory": "주방가전",
    "ProductName": "오브제컬렉션 LG전자 MWJ23 크리스탈핑크",
    "ReviewScore": "5",
    "Syllable": "56",
    "Word": "14",
    "RDate": "20220705",
    "GeneralPolarity": "1",
    "Aspects": [
      {
        "Aspect": "기능",
        "SentimentText": "1000w 출력 기능으로 음식이 빨리 익어서 너무 좋네요. ",
        "SentimentWord": "8",
        "SentimentPolarity": "1"
      },
      {
        "Aspect": "디자인",
        "SentimentText": "디자인도 너무 고급스러워서 대 만족 입니다",
        "SentimentWord": "6",
        "SentimentPolarity": "1"
      }
    ]
  },
  {
    "Index": "31967",
    "RawText": "1000w 출력 기능으로 음식이 빨리 익어서 너무 편해요. 조리 끝나면 멜로디가 나오는데 듣기 좋습니다 ㅎ",
    "Source": "쇼핑몰",
    "Domain": "가전",
    "MainCategory": "주방가전",
    "ProductName": "오브제컬렉션 LG전자 MWJ23 크리스탈핑크",
    "ReviewScore": "5",
    "Syllable": "59",
    "Word": "15",
    "RDate": "20220811",
    "GeneralPolarity": "1",
    "Aspects": [
      {
        "Aspect": "기능",
        "SentimentText": "1000w 출력 기능으로 음식이 빨리 익어서 너무 편해요. ",
        "SentimentWord": "8",
        "SentimentPolarity": "1"
      },
      {
        "Aspect": "소음",
        "SentimentText": "조리 끝나면 멜로디가 나오는데 듣기 좋습니다 ㅎ",
        "SentimentWord": "7",
        "SentimentPolarity": "1"
      }
    ]
  },
  {
    "Index": "31968",
    "RawText": "음식이 다되면 소리가 나서 좋네요 기능도 다양해서 여러가지 음식을 만들 수 있어 좋고, 제품 색상도 너무 이쁘고 좋아요~",
    "Source": "쇼핑몰",
    "Domain": "가전",
    "MainCategory": "주방가전",
    "ProductName": "오브제컬렉션 LG전자 MWJ23 크리스탈핑크",
    "ReviewScore": "5",
    "Syllable": "67",
    "Word": "18",
    "RDate": "20220623",
    "GeneralPolarity": "1",
    "Aspects": [
      {
        "Aspect": "기능",
        "SentimentText": "음식이 다되면 소리가 나서 좋네요",
        "SentimentWord": "5",
        "SentimentPolarity": "1"
      },
      {
        "Aspect": "기능",
        "SentimentText": "기능도 다양해서 여러가지 음식을 만들 수 있어 좋고, ",
        "SentimentWord": "8",
        "SentimentPolarity": "1"
      },
      {
        "Aspect": "색상",
        "SentimentText": "제품 색상도 너무 이쁘고 좋아요~ ",
        "SentimentWord": "5",
        "SentimentPolarity": "1"
      }
    ]
  },
  {
    "Index": "31969",
    "RawText": "디자인 너무 귀엽고 깜찍해서 마음에 들어요. 조작 하는 방법도 터치 식이라 편리하고 좋네요",
    "Source": "쇼핑몰",
    "Domain": "가전",
    "MainCategory": "주방가전",
    "ProductName": "오브제컬렉션 LG전자 MWJ23 크리스탈핑크",
    "ReviewScore": "5",
    "Syllable": "50",
    "Word": "13",
    "RDate": "20220822",
    "GeneralPolarity": "1",
    "Aspects": [
      {
        "Aspect": "디자인",
        "SentimentText": "디자인 너무 귀엽고 깜찍해서 마음에 들어요. ",
        "SentimentWord": "6",
        "SentimentPolarity": "1"
      },
      {
        "Aspect": "조작성",
        "SentimentText": "조작 하는 방법도 터치 식이라 편리하고 좋네요",
        "SentimentWord": "7",
        "SentimentPolarity": "1"
      }
    ]
  },
  {
    "Index": "31970",
    "RawText": "일단 전자레인지 선이 너무 짧아서 불편하네요. 디자인은 너무 예쁘고 깜찍해서 마음에 들고, 조리가 끝나면 소리가 나오는데 듣기 좋네요~",
    "Source": "쇼핑몰",
    "Domain": "가전",
    "MainCategory": "주방가전",
    "ProductName": "오브제컬렉션 LG전자 MWJ23 크리스탈핑크",
    "ReviewScore": "5",
    "Syllable": "75",
    "Word": "18",
    "RDate": "20220724",
    "GeneralPolarity": "1",
    "Aspects": [
      {
        "Aspect": "사이즈",
        "SentimentText": "일단 전자레인지 선이 너무 짧아서 불편하네요. ",
        "SentimentWord": "6",
        "SentimentPolarity": "-1"
      },
      {
        "Aspect": "디자인",
        "SentimentText": "디자인은 너무 예쁘고 깜찍해서 마음에 들고, ",
        "SentimentWord": "6",
        "SentimentPolarity": "1"
      },
      {
        "Aspect": "소음",
        "SentimentText": "조리가 끝나면 소리가 나오는데 듣기 좋네요~ ",
        "SentimentWord": "6",
        "SentimentPolarity": "1"
      }
    ]
  },
  {
    "Index": "31972",
    "RawText": "조리 끝나면 나오는 알람 소리가 너무 예뻐서 마음에 들어요~ 디자인도 너무 예뻐서 만족~ 출력 기능도 좋아서 음식이 금방 익네요 최고",
    "Source": "쇼핑몰",
    "Domain": "가전",
    "MainCategory": "주방가전",
    "ProductName": "오브제컬렉션 LG전자 MWJ23 크리스탈핑크",
    "ReviewScore": "5",
    "Syllable": "74",
    "Word": "20",
    "RDate": "20220830",
    "GeneralPolarity": "1",
    "Aspects": [
      {
        "Aspect": "소음",
        "SentimentText": "조리 끝나면 나오는 알람 소리가 너무 예뻐서 마음에 들어요~ ",
        "SentimentWord": "9",
        "SentimentPolarity": "1"
      },
      {
        "Aspect": "디자인",
        "SentimentText": "디자인도 너무 예뻐서 만족~",
        "SentimentWord": "4",
        "SentimentPolarity": "1"
      },
      {
        "Aspect": "기능",
        "SentimentText": "출력 기능도 좋아서 음식이 금방 익네요 최고",
        "SentimentWord": "7",
        "SentimentPolarity": "1"
      }
    ]
  },
  {
    "Index": "31973",
    "RawText": "색상이 너무 예뻐서 마음에 쏙 듭니다. 조작 버튼도 터치 식이라 간편하고 좋네요.",
    "Source": "쇼핑몰",
    "Domain": "가전",
    "MainCategory": "주방가전",
    "ProductName": "오브제컬렉션 LG전자 MWJ23 크리스탈핑크",
    "ReviewScore": "5",
    "Syllable": "45",
    "Word": "12",
    "RDate": "20220710",
    "GeneralPolarity": "1",
    "Aspects": [
      {
        "Aspect": "색상",
        "SentimentText": "색상이 너무 예뻐서 마음에 쏙 듭니다.",
        "SentimentWord": "6",
        "SentimentPolarity": "1"
      },
      {
        "Aspect": "조작성",
        "SentimentText": "조작 버튼도 터치 식이라 간편하고 좋네요.",
        "SentimentWord": "6",
        "SentimentPolarity": "1"
      }
    ]
  },
  {
    "Index": "31974",
    "RawText": "성능이 좋아서 조리 시간이 줄어들어 좋네요 제품 사용할 때 소음이 적어서 너무 만족이에요~",
    "Source": "쇼핑몰",
    "Domain": "가전",
    "MainCategory": "주방가전",
    "ProductName": "오브제컬렉션 LG전자 MWJ23 크리스탈핑크",
    "ReviewScore": "5",
    "Syllable": "50",
    "Word": "13",
    "RDate": "20220527",
    "GeneralPolarity": "1",
    "Aspects": [
      {
        "Aspect": "기능",
        "SentimentText": "성능이 좋아서 조리 시간이 줄어들어 좋네요 ",
        "SentimentWord": "6",
        "SentimentPolarity": "1"
      },
      {
        "Aspect": "소음",
        "SentimentText": "제품 사용할 때 소음이 적어서 너무 만족이에요~ ",
        "SentimentWord": "7",
        "SentimentPolarity": "1"
      }
    ]
  },
  {
    "Index": "31975",
    "RawText": "디자인이 일단 고급스러워서 마음에 듭니다. 내부도 넓어서 부피 큰 요리도 걱정 없이 할 수 있어 좋네요",
    "Source": "쇼핑몰",
    "Domain": "가전",
    "MainCategory": "주방가전",
    "ProductName": "요리는장비빨 422 올스텐 AF20LR 메탈블랙",
    "ReviewScore": "5",
    "Syllable": "57",
    "Word": "16",
    "RDate": "20211204",
    "GeneralPolarity": "1",
    "Aspects": [
      {
        "Aspect": "디자인",
        "SentimentText": "디자인이 일단 고급스러워서 마음에 듭니다. ",
        "SentimentWord": "5",
        "SentimentPolarity": "1"
      },
      {
        "Aspect": "용량",
        "SentimentText": "내부도 넓어서 부피 큰 요리도 걱정 없이 할 수 있어 좋네요",
        "SentimentWord": "11",
        "SentimentPolarity": "1"
      }
    ]
  },
  {
    "Index": "31976",
    "RawText": "색상이 블랙이라 고급 져 보이네요 만족합니다. 그런데 사용 설명서도 없어서 어떻게 사용 하라는 건지.. ?? 어이가 없네요.",
    "Source": "쇼핑몰",
    "Domain": "가전",
    "MainCategory": "주방가전",
    "ProductName": "요리는장비빨 422 올스텐 AF20LR 메탈블랙",
    "ReviewScore": "3",
    "Syllable": "69",
    "Word": "17",
    "RDate": "20220417",
    "GeneralPolarity": "0",
    "Aspects": [
      {
        "Aspect": "색상",
        "SentimentText": "색상이 블랙이라 고급 져 보이네요 만족합니다. ",
        "SentimentWord": "6",
        "SentimentPolarity": "1"
      },
      {
        "Aspect": "제품구성",
        "SentimentText": "사용 설명서도 없어서 어떻게 사용 하라는 건지.. ?? 어이가 없네요.",
        "SentimentWord": "10",
        "SentimentPolarity": "-1"
      }
    ]
  },
  {
    "Index": "31977",
    "RawText": "성능이 생각보다 별로인 거 같아요~ 음식이 골고루 안 익어요. 그래도 내부는 넓어서 부피 큰 요리는 걱정 없이 할 수 있어 좋네요",
    "Source": "쇼핑몰",
    "Domain": "가전",
    "MainCategory": "주방가전",
    "ProductName": "요리는장비빨 422 올스텐 AF20LR 메탈블랙",
    "ReviewScore": "5",
    "Syllable": "72",
    "Word": "21",
    "RDate": "20211220",
    "GeneralPolarity": "0",
    "Aspects": [
      {
        "Aspect": "기능",
        "SentimentText": "성능이 생각보다 별로인 거 같아요~ 음식이 골고루 안 익어요.",
        "SentimentWord": "9",
        "SentimentPolarity": "-1"
      },
      {
        "Aspect": "용량",
        "SentimentText": "내부는 넓어서 부피 큰 요리는 걱정 없이 할 수 있어 좋네요",
        "SentimentWord": "11",
        "SentimentPolarity": "1"
      }
    ]
  },
  {
    "Index": "31978",
    "RawText": "디자인이 일단 세련돼서 마음에 듭니다! 행사할 때 저렴한 가격으로 구매 할 수 있어서 기분이 매우 좋습니다^^",
    "Source": "쇼핑몰",
    "Domain": "가전",
    "MainCategory": "주방가전",
    "ProductName": "요리는장비빨 422 올스텐 AF20LR 메탈블랙",
    "ReviewScore": "5",
    "Syllable": "61",
    "Word": "16",
    "RDate": "20220122",
    "GeneralPolarity": "1",
    "Aspects": [
      {
        "Aspect": "디자인",
        "SentimentText": "디자인이 일단 세련돼서 마음에 듭니다!",
        "SentimentWord": "5",
        "SentimentPolarity": "1"
      },
      {
        "Aspect": "가격",
        "SentimentText": "행사할 때 저렴한 가격으로 구매 할 수 있어서 기분이 매우 좋습니다^^",
        "SentimentWord": "11",
        "SentimentPolarity": "1"
      }
    ]
  },
  {
    "Index": "31979",
    "RawText": "디자인 너무 심플하고 마음에 들어요~! 그런데 제품 사용할 때 기계음이 좀 크게 나서 아쉬워여",
    "Source": "쇼핑몰",
    "Domain": "가전",
    "MainCategory": "주방가전",
    "ProductName": "요리는장비빨 422 올스텐 AF20LR 메탈블랙",
    "ReviewScore": "5",
    "Syllable": "52",
    "Word": "14",
    "RDate": "20220408",
    "GeneralPolarity": "0",
    "Aspects": [
      {
        "Aspect": "디자인",
        "SentimentText": "디자인 너무 심플하고 마음에 들어요~! ",
        "SentimentWord": "5",
        "SentimentPolarity": "1"
      },
      {
        "Aspect": "소음",
        "SentimentText": "제품 사용할 때 기계음이 좀 크게 나서 아쉬워여",
        "SentimentWord": "8",
        "SentimentPolarity": "-1"
      }
    ]
  },
  {
    "Index": "31980",
    "RawText": "디자인 너무 예쁘고 세련돼서 마음에 쏙 들어요~ 내부도 넓어서 다양한 요리를 할 수 있어서 즐겁습니다~^^",
    "Source": "쇼핑몰",
    "Domain": "가전",
    "MainCategory": "주방가전",
    "ProductName": "요리는장비빨 422 올스텐 AF20LR 메탈블랙",
    "ReviewScore": "5",
    "Syllable": "59",
    "Word": "15",
    "RDate": "20220411",
    "GeneralPolarity": "1",
    "Aspects": [
      {
        "Aspect": "디자인",
        "SentimentText": "디자인 너무 예쁘고 세련돼서 마음에 쏙 들어요~",
        "SentimentWord": "7",
        "SentimentPolarity": "1"
      },
      {
        "Aspect": "용량",
        "SentimentText": "내부도 넓어서 다양한 요리를 할 수 있어서 즐겁습니다~^^",
        "SentimentWord": "8",
        "SentimentPolarity": "1"
      }
    ]
  },
  {
    "Index": "31981",
    "RawText": "역시 대용량~ 재료가 많이 들어가서 좋아요. 그런데 마감 처리가 잘 안되어 있는 건지 코팅이 자꾸 벗겨져서 짜증 납니다ㅠ",
    "Source": "쇼핑몰",
    "Domain": "가전",
    "MainCategory": "주방가전",
    "ProductName": "이마트 더 에어프라이어 X AFG-1901T",
    "ReviewScore": "5",
    "Syllable": "67",
    "Word": "18",
    "RDate": "20191127",
    "GeneralPolarity": "0",
    "Aspects": [
      {
        "Aspect": "용량",
        "SentimentText": "역시 대용량~ 재료가 많이 들어가서 좋아요.",
        "SentimentWord": "6",
        "SentimentPolarity": "1"
      },
      {
        "Aspect": "품질",
        "SentimentText": "마감 처리가 잘 안되어 있는 건지 코팅이 자꾸 벗겨져서 짜증 납니다ㅠ",
        "SentimentWord": "11",
        "SentimentPolarity": "-1"
      }
    ]
  },
  {
    "Index": "31983",
    "RawText": "사이즈가 크다 크다 이렇게 클 수가... 너무 커서 별로 에요 ㅠ 성능은 좋아요 음식이 골고루 잘 익으니깐요~",
    "Source": "쇼핑몰",
    "Domain": "가전",
    "MainCategory": "주방가전",
    "ProductName": "이마트 더 에어프라이어 X AFG-1901T",
    "ReviewScore": "5",
    "Syllable": "61",
    "Word": "17",
    "RDate": "20191230",
    "GeneralPolarity": "0",
    "Aspects": [
      {
        "Aspect": "사이즈",
        "SentimentText": "사이즈가 크다 크다 이렇게 클 수가... 너무 커서 별로 에요 ㅠ",
        "SentimentWord": "11",
        "SentimentPolarity": "-1"
      },
      {
        "Aspect": "기능",
        "SentimentText": "성능은 좋아요 음식이 골고루 잘 익으니깐요~",
        "SentimentWord": "6",
        "SentimentPolarity": "1"
      }
    ]
  },
  {
    "Index": "31985",
    "RawText": "오프라인 보다 저렴하게 사서 좋습니다. 그런데 사용할 때마다 소리가 왜 이렇게 큰 건지 머리가 다 아프네요",
    "Source": "쇼핑몰",
    "Domain": "가전",
    "MainCategory": "주방가전",
    "ProductName": "이마트 더 에어프라이어 X AFG-1901T",
    "ReviewScore": "5",
    "Syllable": "59",
    "Word": "16",
    "RDate": "20191218",
    "GeneralPolarity": "0",
    "Aspects": [
      {
        "Aspect": "가격",
        "SentimentText": "오프라인 보다 저렴하게 사서 좋습니다. ",
        "SentimentWord": "5",
        "SentimentPolarity": "1"
      },
      {
        "Aspect": "소음",
        "SentimentText": "사용할 때마다 소리가 왜 이렇게 큰 건지 머리가 다 아프네요",
        "SentimentWord": "10",
        "SentimentPolarity": "-1"
      }
    ]
  },
  {
    "Index": "31986",
    "RawText": "소리가 별로 안 커서 아주 만족하고 있습니다. 조작 방법도 쉬워서 쓰기 간편하고요~ 용량도 커서 여러가지 요리를 할 수 있어 너무 좋네요~",
    "Source": "쇼핑몰",
    "Domain": "가전",
    "MainCategory": "주방가전",
    "ProductName": "이마트 더 에어프라이어 X AFG-1901T",
    "ReviewScore": "5",
    "Syllable": "77",
    "Word": "21",
    "RDate": "20191106",
    "GeneralPolarity": "1",
    "Aspects": [
      {
        "Aspect": "소음",
        "SentimentText": "소리가 별로 안 커서 아주 만족하고 있습니다.",
        "SentimentWord": "7",
        "SentimentPolarity": "1"
      },
      {
        "Aspect": "조작성",
        "SentimentText": "조작 방법도 쉬워서 쓰기 간편하고요~",
        "SentimentWord": "5",
        "SentimentPolarity": "1"
      },
      {
        "Aspect": "용량",
        "SentimentText": "용량도 커서 여러가지 요리를 할 수 있어 너무 좋네요~",
        "SentimentWord": "9",
        "SentimentPolarity": "1"
      }
    ]
  },
  {
    "Index": "31988",
    "RawText": "내부 용량이 커서 여러가지 음식을 시도해볼 수 있어서 만족합니다~ 다만 사용할 때 소리가 좀 많이 크네요.. 이점은 아쉽습니다.",
    "Source": "쇼핑몰",
    "Domain": "가전",
    "MainCategory": "주방가전",
    "ProductName": "이마트 더 에어프라이어 X AFG-1901T",
    "ReviewScore": "5",
    "Syllable": "71",
    "Word": "18",
    "RDate": "20200604",
    "GeneralPolarity": "0",
    "Aspects": [
      {
        "Aspect": "용량",
        "SentimentText": "내부 용량이 커서 여러가지 음식을 시도해볼 수 있어서 만족합니다~",
        "SentimentWord": "9",
        "SentimentPolarity": "1"
      },
      {
        "Aspect": "소음",
        "SentimentText": "사용할 때 소리가 좀 많이 크네요.. 이점은 아쉽습니다.",
        "SentimentWord": "8",
        "SentimentPolarity": "-1"
      }
    ]
  },
  {
    "Index": "31989",
    "RawText": "역시 에어 프라이기는 대용량이어야 좋은 거 같아요! 여러가지 음식 할 수 있어서 좋아요. 그런데 거대한 만큼 무게도 너무 무거워서 여자가 옮기기 힘들어요 ㅠ",
    "Source": "쇼핑몰",
    "Domain": "가전",
    "MainCategory": "주방가전",
    "ProductName": "이마트 더 에어프라이어 X AFG-1901T",
    "ReviewScore": "5",
    "Syllable": "87",
    "Word": "23",
    "RDate": "20191205",
    "GeneralPolarity": "0",
    "Aspects": [
      {
        "Aspect": "용량",
        "SentimentText": "역시 에어 프라이기는 대용량이어야 좋은 거 같아요! 여러가지 음식 할 수 있어서 좋아요.",
        "SentimentWord": "13",
        "SentimentPolarity": "1"
      },
      {
        "Aspect": "무게",
        "SentimentText": "거대한 만큼 무게도 너무 무거워서 여자가 옮기기 힘들어요 ㅠ",
        "SentimentWord": "9",
        "SentimentPolarity": "-1"
      }
    ]
  },
  {
    "Index": "31990",
    "RawText": "용량이 엄청 커서 큰 닭도 들어가고 너무 좋네요. 내부도 세라믹 재질이라 안심하고 사용할 수 있어서 좋아요",
    "Source": "쇼핑몰",
    "Domain": "가전",
    "MainCategory": "주방가전",
    "ProductName": "이마트 더 에어프라이어 X AFG-1901T",
    "ReviewScore": "5",
    "Syllable": "59",
    "Word": "16",
    "RDate": "20191118",
    "GeneralPolarity": "1",
    "Aspects": [
      {
        "Aspect": "용량",
        "SentimentText": "용량이 엄청 커서 큰 닭도 들어가고 너무 좋네요. ",
        "SentimentWord": "8",
        "SentimentPolarity": "1"
      },
      {
        "Aspect": "소재",
        "SentimentText": "내부도 세라믹 재질이라 안심하고 사용할 수 있어서 좋아요",
        "SentimentWord": "8",
        "SentimentPolarity": "1"
      }
    ]
  },
  {
    "Index": "31991",
    "RawText": "용량이 진짜 커요 피자 한판이 다 들어갈 정도면 사이즈 대박이죠? 크니까 공간도 많이 차지하는게 단점이긴 하네요",
    "Source": "쇼핑몰",
    "Domain": "가전",
    "MainCategory": "주방가전",
    "ProductName": "이마트 더 에어프라이어 X AFG-1901T",
    "ReviewScore": "5",
    "Syllable": "62",
    "Word": "16",
    "RDate": "20191107",
    "GeneralPolarity": "0",
    "Aspects": [
      {
        "Aspect": "용량",
        "SentimentText": "용량이 진짜 커요 피자 한판이 다 들어갈 정도면 사이즈 대박이죠?",
        "SentimentWord": "10",
        "SentimentPolarity": "1"
      },
      {
        "Aspect": "사이즈",
        "SentimentText": "크니까 공간도 많이 차지하는게 단점이긴 하네요",
        "SentimentWord": "6",
        "SentimentPolarity": "-1"
      }
    ]
  },
  {
    "Index": "31992",
    "RawText": "역시 용량이 커야 요리 할 맛이 나요. 대용량 만세~ 아쉬운 건 사용할 때 소리가 많이 난다는 거..",
    "Source": "쇼핑몰",
    "Domain": "가전",
    "MainCategory": "주방가전",
    "ProductName": "이마트 더 에어프라이어 X AFG-1901T",
    "ReviewScore": "5",
    "Syllable": "56",
    "Word": "17",
    "RDate": "20191208",
    "GeneralPolarity": "0",
    "Aspects": [
      {
        "Aspect": "용량",
        "SentimentText": "역시 용량이 커야 요리 할 맛이 나요. 대용량 만세~",
        "SentimentWord": "9",
        "SentimentPolarity": "1"
      },
      {
        "Aspect": "소음",
        "SentimentText": "아쉬운 건 사용할 때 소리가 많이 난다는 거..",
        "SentimentWord": "8",
        "SentimentPolarity": "-1"
      }
    ]
  },
  {
    "Index": "31993",
    "RawText": "조리 시간도 다른 제품보다 빨라서 만족하고요~ 내부 용량도 커서 재료가 많이 들어가니 좋네요",
    "Source": "쇼핑몰",
    "Domain": "가전",
    "MainCategory": "주방가전",
    "ProductName": "이마트 더 에어프라이어 X AFG-1901T",
    "ReviewScore": "5",
    "Syllable": "51",
    "Word": "13",
    "RDate": "20191205",
    "GeneralPolarity": "1",
    "Aspects": [
      {
        "Aspect": "시간/속도",
        "SentimentText": "조리 시간도 다른 제품보다 빨라서 만족하고요~",
        "SentimentWord": "6",
        "SentimentPolarity": "1"
      },
      {
        "Aspect": "용량",
        "SentimentText": "내부 용량도 커서 재료가 많이 들어가니 좋네요",
        "SentimentWord": "7",
        "SentimentPolarity": "1"
      }
    ]
  },
  {
    "Index": "31995",
    "RawText": "용량이 정말 짐승용량.. 어마어마하게 커요 짱 이네요 덕분에 바스켓 무게도 꽤 나가서 혼자 들기도 힘들어요 음식이 넉넉히 들어가니 한번에 조리할 수 있어 편하고 좋아요",
    "Source": "쇼핑몰",
    "Domain": "가전",
    "MainCategory": "주방가전",
    "ProductName": "이마트 더 에어프라이어 X AFG-1901T",
    "ReviewScore": "5",
    "Syllable": "93",
    "Word": "24",
    "RDate": "20200313",
    "GeneralPolarity": "0",
    "Aspects": [
      {
        "Aspect": "용량",
        "SentimentText": "용량이 정말 짐승용량.. 어마어마하게 커요 짱 이네요",
        "SentimentWord": "7",
        "SentimentPolarity": "1"
      },
      {
        "Aspect": "무게",
        "SentimentText": "덕분에 바스켓 무게도 꽤 나가서 혼자 들기도 힘들어요",
        "SentimentWord": "8",
        "SentimentPolarity": "-1"
      },
      {
        "Aspect": "편의성",
        "SentimentText": "음식이 넉넉히 들어가니 한번에 조리할 수 있어 편하고 좋아요",
        "SentimentWord": "9",
        "SentimentPolarity": "1"
      }
    ]
  },
  {
    "Index": "31996",
    "RawText": "대용량이라 다양한 음식을 조리할 수 있어서 너~무 만족스러워요 그런데 외관 코팅이 자꾸 벗겨지네요 ㅠㅠ 짜증납니다",
    "Source": "쇼핑몰",
    "Domain": "가전",
    "MainCategory": "주방가전",
    "ProductName": "이마트 더 에어프라이어 X AFG-1901T",
    "ReviewScore": "5",
    "Syllable": "63",
    "Word": "15",
    "RDate": "20200101",
    "GeneralPolarity": "0",
    "Aspects": [
      {
        "Aspect": "용량",
        "SentimentText": "대용량이라 다양한 음식을 조리할 수 있어서 너~무 만족스러워요",
        "SentimentWord": "8",
        "SentimentPolarity": "1"
      },
      {
        "Aspect": "소재",
        "SentimentText": "외관 코팅이 자꾸 벗겨지네요 ㅠㅠ 짜증납니다",
        "SentimentWord": "6",
        "SentimentPolarity": "-1"
      }
    ]
  },
  {
    "Index": "31997",
    "RawText": "용량이 커서 맘에 들고 사용법도 버튼하나만 누르면 되서 간편해서 좋아요 바스켓도 추가 구입 가능해서 같이 사서 이것도 맘에 드네요",
    "Source": "쇼핑몰",
    "Domain": "가전",
    "MainCategory": "주방가전",
    "ProductName": "이마트 더 에어프라이어 X AFG-1901T",
    "ReviewScore": "5",
    "Syllable": "72",
    "Word": "19",
    "RDate": "20191120",
    "GeneralPolarity": "1",
    "Aspects": [
      {
        "Aspect": "용량",
        "SentimentText": "용량이 커서 맘에 들고 ",
        "SentimentWord": "4",
        "SentimentPolarity": "1"
      },
      {
        "Aspect": "편의성",
        "SentimentText": "사용법도 버튼하나만 누르면 되서 간편해서 좋아요",
        "SentimentWord": "6",
        "SentimentPolarity": "1"
      },
      {
        "Aspect": "제품구성",
        "SentimentText": "바스켓도 추가 구입 가능해서 같이 사서 이것도 맘에 드네요",
        "SentimentWord": "9",
        "SentimentPolarity": "1"
      }
    ]
  },
  {
    "Index": "31998",
    "RawText": "바스켓 내부가 넓어서 치킨도 만들 수 있어서 넘 좋아요~~ 크기가 큰 만큼 무게는 많이 나가서 쓸 때마다 들기 힘드네요 ㅠㅠ",
    "Source": "쇼핑몰",
    "Domain": "가전",
    "MainCategory": "주방가전",
    "ProductName": "이마트 더 에어프라이어 X AFG-1901T",
    "ReviewScore": "5",
    "Syllable": "69",
    "Word": "20",
    "RDate": "20200220",
    "GeneralPolarity": "0",
    "Aspects": [
      {
        "Aspect": "용량",
        "SentimentText": "바스켓 내부가 넓어서 치킨도 만들 수 있어서 넘 좋아요~~",
        "SentimentWord": "9",
        "SentimentPolarity": "1"
      },
      {
        "Aspect": "무게",
        "SentimentText": "크기가 큰 만큼 무게는 많이 나가서 쓸 때마다 들기 힘드네요 ㅠㅠ",
        "SentimentWord": "11",
        "SentimentPolarity": "-1"
      }
    ]
  },
  {
    "Index": "31999",
    "RawText": "오프라인보다 저렴하게 살 수 있어서 너무 좋고요! 용량도 정말 커서 다양하게 요리할 수 있어서 대만족입니다.",
    "Source": "쇼핑몰",
    "Domain": "가전",
    "MainCategory": "주방가전",
    "ProductName": "이마트 더 에어프라이어 X AFG-1901T",
    "ReviewScore": "5",
    "Syllable": "60",
    "Word": "15",
    "RDate": "20191120",
    "GeneralPolarity": "1",
    "Aspects": [
      {
        "Aspect": "가격",
        "SentimentText": "오프라인보다 저렴하게 살 수 있어서 너무 좋고요!",
        "SentimentWord": "7",
        "SentimentPolarity": "1"
      },
      {
        "Aspect": "용량",
        "SentimentText": "용량도 정말 커서 다양하게 요리할 수 있어서 대만족입니다.",
        "SentimentWord": "8",
        "SentimentPolarity": "1"
      }
    ]
  },
  {
    "Index": "32000",
    "RawText": "내솥이 금방 코팅이 벗겨지는걸 보니 내구성이 좀 약한거 같아요 제품 소재도 좀 별로 인거 같구요 기능은 쉽고 간편해서 좋고 맘에 듭니다",
    "Source": "쇼핑몰",
    "Domain": "가전",
    "MainCategory": "주방가전",
    "ProductName": "이마트 더 에어프라이어 X AFG-1901T",
    "ReviewScore": "5",
    "Syllable": "75",
    "Word": "21",
    "RDate": "20191207",
    "GeneralPolarity": "0",
    "Aspects": [
      {
        "Aspect": "내구성",
        "SentimentText": "내솥이 금방 코팅이 벗겨지는걸 보니 내구성이 좀 약한거 같아요 ",
        "SentimentWord": "9",
        "SentimentPolarity": "-1"
      },
      {
        "Aspect": "소재",
        "SentimentText": "제품 소재도 좀 별로 인거 같구요 ",
        "SentimentWord": "6",
        "SentimentPolarity": "-1"
      },
      {
        "Aspect": "기능",
        "SentimentText": "기능은 쉽고 간편해서 좋고 맘에 듭니다",
        "SentimentWord": "6",
        "SentimentPolarity": "1"
      }
    ]
  },
  {
    "Index": "32002",
    "RawText": "받자마자 고장 나서 너무 짜증 나네요.. 품질이 왜 이 모양인지... 사이즈도 너무 커서 집에 놓을 곳도 마땅치 않아요 휴..",
    "Source": "쇼핑몰",
    "Domain": "가전",
    "MainCategory": "주방가전",
    "ProductName": "이마트 더 에어프라이어 X AFG-1901T",
    "ReviewScore": "5",
    "Syllable": "70",
    "Word": "19",
    "RDate": "20191116",
    "GeneralPolarity": "-1",
    "Aspects": [
      {
        "Aspect": "품질",
        "SentimentText": "받자마자 고장 나서 너무 짜증 나네요.. 품질이 왜 이 모양인지... ",
        "SentimentWord": "10",
        "SentimentPolarity": "-1"
      },
      {
        "Aspect": "사이즈",
        "SentimentText": "사이즈도 너무 커서 집에 놓을 곳도 마땅치 않아요 휴..",
        "SentimentWord": "9",
        "SentimentPolarity": "-1"
      }
    ]
  },
  {
    "Index": "32003",
    "RawText": "용량이 어머어마하게 크니 덕분에 요리가 쉬워졌어요 렌지랑은 차원이 달라요 사용법도 간편해서 이것저것 다 해먹고 있어요",
    "Source": "쇼핑몰",
    "Domain": "가전",
    "MainCategory": "주방가전",
    "ProductName": "이마트 더 에어프라이어 X AFG-1901T",
    "ReviewScore": "5",
    "Syllable": "65",
    "Word": "15",
    "RDate": "20200111",
    "GeneralPolarity": "1",
    "Aspects": [
      {
        "Aspect": "용량",
        "SentimentText": "용량이 어머어마하게 크니 덕분에 요리가 쉬워졌어요",
        "SentimentWord": "6",
        "SentimentPolarity": "1"
      },
      {
        "Aspect": "편의성",
        "SentimentText": "사용법도 간편해서 이것저것 다 해먹고 있어요",
        "SentimentWord": "6",
        "SentimentPolarity": "1"
      }
    ]
  },
  {
    "Index": "32004",
    "RawText": "바스켓 내부가 진짜 커서 요리하기 너무 좋네요. 요리할 때 소리가 좀 크게 나서 이 부분은 아쉽네요",
    "Source": "쇼핑몰",
    "Domain": "가전",
    "MainCategory": "주방가전",
    "ProductName": "이마트 더 에어프라이어 X AFG-1901T",
    "ReviewScore": "5",
    "Syllable": "55",
    "Word": "16",
    "RDate": "20191130",
    "GeneralPolarity": "0",
    "Aspects": [
      {
        "Aspect": "용량",
        "SentimentText": "바스켓 내부가 진짜 커서 요리하기 너무 좋네요. ",
        "SentimentWord": "7",
        "SentimentPolarity": "1"
      },
      {
        "Aspect": "소음",
        "SentimentText": "요리할 때 소리가 좀 크게 나서 이 부분은 아쉽네요",
        "SentimentWord": "9",
        "SentimentPolarity": "-1"
      }
    ]
  },
  {
    "Index": "32007",
    "RawText": "알고 구입했지만 사이즈가 진짜 크네요 큰닭한마리는 거뜬히 들어가고 한번에 엄청 들어가요 내솥이 꺼내 씻기가 어렵게 되어 있는데 적응하면 괜찬겟죠",
    "Source": "쇼핑몰",
    "Domain": "가전",
    "MainCategory": "주방가전",
    "ProductName": "이마트 더 에어프라이어 X AFG-1901T",
    "ReviewScore": "5",
    "Syllable": "80",
    "Word": "19",
    "RDate": "20200102",
    "GeneralPolarity": "0",
    "Aspects": [
      {
        "Aspect": "용량",
        "SentimentText": "사이즈가 진짜 크네요 큰닭한마리는 거뜬히 들어가고 한번에 엄청 들어가요",
        "SentimentWord": "9",
        "SentimentPolarity": "1"
      },
      {
        "Aspect": "편의성",
        "SentimentText": "내솥이 꺼내 씻기가 어렵게 되어 있는데 적응하면 괜찬겟죠",
        "SentimentWord": "8",
        "SentimentPolarity": "-1"
      }
    ]
  },
  {
    "Index": "32008",
    "RawText": "사이즈가 정말 넉넉해서 넘맘에 듭니다 선물햇는데 좋대요 대신 용량이 크니 제품 자체 크기도 커서 밥솥보다 크니 공간차지도 많은건 별로에요",
    "Source": "쇼핑몰",
    "Domain": "가전",
    "MainCategory": "주방가전",
    "ProductName": "이마트 더 에어프라이어 X AFG-1901T",
    "ReviewScore": "5",
    "Syllable": "76",
    "Word": "19",
    "RDate": "20200103",
    "GeneralPolarity": "0",
    "Aspects": [
      {
        "Aspect": "용량",
        "SentimentText": "사이즈가 정말 넉넉해서 넘맘에 듭니다",
        "SentimentWord": "5",
        "SentimentPolarity": "1"
      },
      {
        "Aspect": "사이즈",
        "SentimentText": "크기도 커서 밥솥보다 크니 공간차지도 많은건 별로에요",
        "SentimentWord": "7",
        "SentimentPolarity": "-1"
      }
    ]
  },
  {
    "Index": "32010",
    "RawText": "우와 용량이 진짜 대박이에요 어마어마한 양에 너무 만족합니다 근데 내부에 있는 솥에 코팅이 자꾸 벗겨지는게.. 소재가 별로인거 같아요 호일 깔아써야 해요",
    "Source": "쇼핑몰",
    "Domain": "가전",
    "MainCategory": "주방가전",
    "ProductName": "이마트 더 에어프라이어 X AFG-1901T",
    "ReviewScore": "5",
    "Syllable": "85",
    "Word": "21",
    "RDate": "20191129",
    "GeneralPolarity": "0",
    "Aspects": [
      {
        "Aspect": "용량",
        "SentimentText": "용량이 진짜 대박이에요 어마어마한 양에 너무 만족합니다",
        "SentimentWord": "7",
        "SentimentPolarity": "1"
      },
      {
        "Aspect": "소재",
        "SentimentText": "코팅이 자꾸 벗겨지는게.. 소재가 별로인거 같아요",
        "SentimentWord": "6",
        "SentimentPolarity": "-1"
      }
    ]
  },
  {
    "Index": "32011",
    "RawText": "크기가 커서 한번에 요리가 다 되고 성능이 좋기는 합니다 근데 큰만큼 자리도 많이 차지해서 부담 되네요",
    "Source": "쇼핑몰",
    "Domain": "가전",
    "MainCategory": "주방가전",
    "ProductName": "이마트 더 에어프라이어 X AFG-1901T",
    "ReviewScore": "5",
    "Syllable": "57",
    "Word": "16",
    "RDate": "20191218",
    "GeneralPolarity": "0",
    "Aspects": [
      {
        "Aspect": "기능",
        "SentimentText": "한번에 요리가 다 되고 성능이 좋기는 합니다",
        "SentimentWord": "7",
        "SentimentPolarity": "1"
      },
      {
        "Aspect": "사이즈",
        "SentimentText": "근데 큰만큼 자리도 많이 차지해서 부담 되네요",
        "SentimentWord": "7",
        "SentimentPolarity": "-1"
      }
    ]
  },
  {
    "Index": "32014",
    "RawText": "사이즈 크다 해서 걱정했는데 엄청 크지는 않네요 안에 바스켓이 더 커서 음식이 많이 들어가요",
    "Source": "쇼핑몰",
    "Domain": "가전",
    "MainCategory": "주방가전",
    "ProductName": "이마트 더 에어프라이어 X AFG-1901T",
    "ReviewScore": "5",
    "Syllable": "51",
    "Word": "14",
    "RDate": "20191219",
    "GeneralPolarity": "1",
    "Aspects": [
      {
        "Aspect": "사이즈",
        "SentimentText": "사이즈 크다 해서 걱정했는데 엄청 크지는 않네요 ",
        "SentimentWord": "7",
        "SentimentPolarity": "0"
      },
      {
        "Aspect": "용량",
        "SentimentText": "안에 바스켓이 더 커서 음식이 많이 들어가요",
        "SentimentWord": "7",
        "SentimentPolarity": "1"
      }
    ]
  },
  {
    "Index": "32015",
    "RawText": "큰용량이 필요해서 구입했는데 예상대로 커서 넘 좋아요 특히 고기 구울때 기름 안튀니 넘 편하고 맛도 있어 최고네요",
    "Source": "쇼핑몰",
    "Domain": "가전",
    "MainCategory": "주방가전",
    "ProductName": "이마트 더 에어프라이어 X AFG-1901T",
    "ReviewScore": "5",
    "Syllable": "63",
    "Word": "17",
    "RDate": "20190820",
    "GeneralPolarity": "1",
    "Aspects": [
      {
        "Aspect": "용량",
        "SentimentText": "큰용량이 필요해서 구입했는데 예상대로 커서 넘 좋아요",
        "SentimentWord": "7",
        "SentimentPolarity": "1"
      },
      {
        "Aspect": "편의성",
        "SentimentText": "특히 고기 구울때 기름 안튀니 넘 편하고 맛도 있어 최고네요",
        "SentimentWord": "10",
        "SentimentPolarity": "1"
      }
    ]
  },
  {
    "Index": "32016",
    "RawText": "도착하자마자 첫스타트로 조리해봤는데 넘 맛있고 조리가 간편해서 넘 좋네요 이정도면 가성비 만족입니다",
    "Source": "쇼핑몰",
    "Domain": "가전",
    "MainCategory": "주방가전",
    "ProductName": "이마트 더 에어프라이어 X AFG-1901T",
    "ReviewScore": "5",
    "Syllable": "55",
    "Word": "12",
    "RDate": "20200317",
    "GeneralPolarity": "1",
    "Aspects": [
      {
        "Aspect": "편의성",
        "SentimentText": "첫스타트로 조리해봤는데 넘 맛있고 조리가 간편해서 넘 좋네요",
        "SentimentWord": "8",
        "SentimentPolarity": "1"
      },
      {
        "Aspect": "가격",
        "SentimentText": "이정도면 가성비 만족입니다",
        "SentimentWord": "3",
        "SentimentPolarity": "1"
      }
    ]
  },
  {
    "Index": "32017",
    "RawText": "피자 한판이 다 들어갈 정도면 크기가 얼만큼 큰지 가늠되죠 진짜 짱입니다 가성비도 좋고 한번에 조리되니 넘 만족해요",
    "Source": "쇼핑몰",
    "Domain": "가전",
    "MainCategory": "주방가전",
    "ProductName": "이마트 더 에어프라이어 X AFG-1901T",
    "ReviewScore": "5",
    "Syllable": "64",
    "Word": "17",
    "RDate": "20191206",
    "GeneralPolarity": "1",
    "Aspects": [
      {
        "Aspect": "용량",
        "SentimentText": "크기가 얼만큼 큰지 가늠되죠 진짜 짱입니다",
        "SentimentWord": "6",
        "SentimentPolarity": "1"
      },
      {
        "Aspect": "가격",
        "SentimentText": "가성비도 좋고 한번에 조리되니 넘 만족해요",
        "SentimentWord": "6",
        "SentimentPolarity": "1"
      }
    ]
  },
  {
    "Index": "32018",
    "RawText": "가격대비 가성비가 좋은 제품이라는 평이 많아서 구매했는데 역시 좋네요^^ 저렴하게 좋은제품 잘샀어요. 고구마로 테스트해봤는데 아주 노릇노릇하게 잘 구워지네요 기능 대박입니다.",
    "Source": "쇼핑몰",
    "Domain": "가전",
    "MainCategory": "주방가전",
    "ProductName": "이마트 더 에어프라이어 X AFG-1901T",
    "ReviewScore": "5",
    "Syllable": "97",
    "Word": "20",
    "RDate": "20200102",
    "GeneralPolarity": "1",
    "Aspects": [
      {
        "Aspect": "가격",
        "SentimentText": "가격대비 가성비가 좋은 제품이라는 평이 많아서 구매했는데 역시 좋네요^^ 저렴하게 좋은제품 잘샀어요.",
        "SentimentWord": "12",
        "SentimentPolarity": "1"
      },
      {
        "Aspect": "기능",
        "SentimentText": "고구마로 테스트해봤는데 아주 노릇노릇하게 잘 구워지네요 기능 대박입니다.",
        "SentimentWord": "8",
        "SentimentPolarity": "1"
      }
    ]
  },
  {
    "Index": "32020",
    "RawText": "용량이 7.5L라 정말 큽니다! 통삼겹이 그냥 그대로 들어가요 너무 좋아요. 그리고 가성비 정말 핵 좋습니다. 싼가격에 좋은 물건 샀어요",
    "Source": "쇼핑몰",
    "Domain": "가전",
    "MainCategory": "주방가전",
    "ProductName": "이마트 더 에어프라이어 X AFG-1901T",
    "ReviewScore": "5",
    "Syllable": "76",
    "Word": "19",
    "RDate": "20191206",
    "GeneralPolarity": "1",
    "Aspects": [
      {
        "Aspect": "용량",
        "SentimentText": "용량이 7.5L라 정말 큽니다! 통삼겹이 그냥 그대로 들어가요 너무 좋아요.",
        "SentimentWord": "10",
        "SentimentPolarity": "1"
      },
      {
        "Aspect": "가격",
        "SentimentText": "그리고 가성비 정말 핵 좋습니다. 싼가격에 좋은 물건 샀어요",
        "SentimentWord": "9",
        "SentimentPolarity": "1"
      }
    ]
  },
  {
    "Index": "32022",
    "RawText": "처음에 제품받아서 사용할때 플라스틱 냄새가 너무 나서 깜짝놀랬네요 공회전 무조건 해서 사용해야해서 불편했어요 디자인도 깔끔해서 좋네요. ",
    "Source": "쇼핑몰",
    "Domain": "가전",
    "MainCategory": "주방가전",
    "ProductName": "이마트 더 에어프라이어 X AFG-1901T",
    "ReviewScore": "5",
    "Syllable": "76",
    "Word": "16",
    "RDate": "20191108",
    "GeneralPolarity": "0",
    "Aspects": [
      {
        "Aspect": "품질",
        "SentimentText": "처음에 제품받아서 사용할때 플라스틱 냄새가 너무 나서 깜짝놀랬네요 공회전 무조건 해서 사용해야해서 불편했어요",
        "SentimentWord": "13",
        "SentimentPolarity": "-1"
      },
      {
        "Aspect": "디자인",
        "SentimentText": "디자인도 깔끔해서 좋네요.",
        "SentimentWord": "3",
        "SentimentPolarity": "1"
      }
    ]
  },
  {
    "Index": "32025",
    "RawText": "용량이 혹시나 너무 크진 않을까 걱정했는데 두식구인데도 충분하네요. 에어프라이어는 대용량이 답입니다. 바스켓 무게가 굉장히 무거워서 분리할때 조심하세요 손목 나갈뻔했어요",
    "Source": "쇼핑몰",
    "Domain": "가전",
    "MainCategory": "주방가전",
    "ProductName": "이마트 더 에어프라이어 X AFG-1901T",
    "ReviewScore": "5",
    "Syllable": "94",
    "Word": "19",
    "RDate": "20191102",
    "GeneralPolarity": "0",
    "Aspects": [
      {
        "Aspect": "용량",
        "SentimentText": "용량이 혹시나 너무 크진 않을까 걱정했는데 두식구인데도 충분하네요. 에어프라이어는 대용량이 답입니다.",
        "SentimentWord": "11",
        "SentimentPolarity": "1"
      },
      {
        "Aspect": "무게",
        "SentimentText": "바스켓 무게가 굉장히 무거워서 분리할때 조심하세요 손목 나갈뻔했어요",
        "SentimentWord": "8",
        "SentimentPolarity": "-1"
      }
    ]
  },
  {
    "Index": "32026",
    "RawText": "제품 받아서 개봉했는데 손잡이 윗부분이 깨져서 왔네요 반품하기 귀찮아서 그냥저냥쓰는데 품질 확인 제대로 해주세요 색상은 검정컬러로 했는데 깔끔하니 그건 마음에 드네요.",
    "Source": "쇼핑몰",
    "Domain": "가전",
    "MainCategory": "주방가전",
    "ProductName": "이마트 더 에어프라이어 X AFG-1901T",
    "ReviewScore": "4",
    "Syllable": "93",
    "Word": "21",
    "RDate": "20200329",
    "GeneralPolarity": "0",
    "Aspects": [
      {
        "Aspect": "품질",
        "SentimentText": "제품 받아서 개봉했는데 손잡이 윗부분이 깨져서 왔네요 반품하기 귀찮아서 그냥저냥쓰는데 품질 확인 제대로 해주세요",
        "SentimentWord": "14",
        "SentimentPolarity": "-1"
      },
      {
        "Aspect": "색상",
        "SentimentText": "색상은 검정컬러로 했는데 깔끔하니 그건 마음에 드네요.",
        "SentimentWord": "7",
        "SentimentPolarity": "1"
      }
    ]
  },
  {
    "Index": "32027",
    "RawText": "바스켓에 그대로 음식을 넣고 조리하는게 맛이 훨씬 살아서 좋네요. 기능대박입니다. 다만 밑에 기름이나 찌꺼기들이 걸러져서 매번 청소해야해요. 안그럼 호일을 깔고 해야하는데 그러기엔 맛이 좀 덜 하네요.",
    "Source": "쇼핑몰",
    "Domain": "가전",
    "MainCategory": "주방가전",
    "ProductName": "이마트 더 에어프라이어 X AFG-1901T",
    "ReviewScore": "5",
    "Syllable": "112",
    "Word": "26",
    "RDate": "20191101",
    "GeneralPolarity": "0",
    "Aspects": [
      {
        "Aspect": "기능",
        "SentimentText": "바스켓에 그대로 음식을 넣고 조리하는게 맛이 훨씬 살아서 좋네요. 기능대박입니다.",
        "SentimentWord": "10",
        "SentimentPolarity": "1"
      },
      {
        "Aspect": "편의성",
        "SentimentText": "다만 밑에 기름이나 찌꺼기들이 걸러져서 매번 청소해야해요. 안그럼 호일을 깔고 해야하는데 그러기엔 맛이 좀 덜 하네요.",
        "SentimentWord": "16",
        "SentimentPolarity": "-1"
      }
    ]
  },
  {
    "Index": "32028",
    "RawText": "주변에서 다들 추천해줘서 세일할때 냉큼 샀는데 너무 잘샀어요 좋아요! 조작법도 쉽고 간단하고 편해서 짱입니다.",
    "Source": "쇼핑몰",
    "Domain": "가전",
    "MainCategory": "주방가전",
    "ProductName": "이마트 더 에어프라이어 X AFG-1901T",
    "ReviewScore": "5",
    "Syllable": "61",
    "Word": "14",
    "RDate": "20191210",
    "GeneralPolarity": "1",
    "Aspects": [
      {
        "Aspect": "가격",
        "SentimentText": "주변에서 다들 추천해줘서 세일할때 냉큼 샀는데 너무 잘샀어요 좋아요!",
        "SentimentWord": "9",
        "SentimentPolarity": "1"
      },
      {
        "Aspect": "조작성",
        "SentimentText": "조작법도 쉽고 간단하고 편해서 짱입니다.",
        "SentimentWord": "5",
        "SentimentPolarity": "1"
      }
    ]
  },
  {
    "Index": "32029",
    "RawText": "조리시에 매번 냄새가 나면 어쩌나 걱정했는데 공회전기능 하고 사용하면 아주 깔끔해서 좋아요. 그리고 작동시에 돌아가는 소음은 생각보다 크지 않아 좋네요.",
    "Source": "쇼핑몰",
    "Domain": "가전",
    "MainCategory": "주방가전",
    "ProductName": "이마트 더 에어프라이어 X AFG-1901T",
    "ReviewScore": "5",
    "Syllable": "85",
    "Word": "20",
    "RDate": "20200519",
    "GeneralPolarity": "1",
    "Aspects": [
      {
        "Aspect": "기능",
        "SentimentText": "조리시에 매번 냄새가 나면 어쩌나 걱정했는데 공회전기능 하고 사용하면 아주 깔끔해서 좋아요.",
        "SentimentWord": "12",
        "SentimentPolarity": "1"
      },
      {
        "Aspect": "소음",
        "SentimentText": "그리고 작동시에 돌아가는 소음은 생각보다 크지 않아 좋네요.",
        "SentimentWord": "8",
        "SentimentPolarity": "1"
      }
    ]
  },
  {
    "Index": "32030",
    "RawText": "에어프라이기 사이즈 정말 큽니다. 일반 밥솥보다도 커서 당황했네요;;  냄새나는 음식들을 많이 조리해봤는데 냄새가 거의 안나서 너무 좋아요!",
    "Source": "쇼핑몰",
    "Domain": "가전",
    "MainCategory": "주방가전",
    "ProductName": "이마트 더 에어프라이어 X AFG-1901T",
    "ReviewScore": "5",
    "Syllable": "78",
    "Word": "17",
    "RDate": "20200828",
    "GeneralPolarity": "0",
    "Aspects": [
      {
        "Aspect": "사이즈",
        "SentimentText": "에어프라이기 사이즈 정말 큽니다. 일반 밥솥보다도 커서 당황했네요;;",
        "SentimentWord": "8",
        "SentimentPolarity": "-1"
      },
      {
        "Aspect": "기능",
        "SentimentText": "냄새나는 음식들을 많이 조리해봤는데 냄새가 거의 안나서 너무 좋아요!",
        "SentimentWord": "9",
        "SentimentPolarity": "1"
      }
    ]
  },
  {
    "Index": "32031",
    "RawText": "대용량 에어프라이어로 유명한 제품인데 역시나 정말 용량이 큽니다. 진짜 마음에 들어요. 크기에 비해 소음은 거의 없는 편이예요 조용해요. 거기다 가격까지 착하니 너무 좋네요 만족스러워요.",
    "Source": "쇼핑몰",
    "Domain": "가전",
    "MainCategory": "주방가전",
    "ProductName": "이마트 더 에어프라이어 X AFG-1901T",
    "ReviewScore": "5",
    "Syllable": "104",
    "Word": "24",
    "RDate": "20200117",
    "GeneralPolarity": "1",
    "Aspects": [
      {
        "Aspect": "용량",
        "SentimentText": "대용량 에어프라이어로 유명한 제품인데 역시나 정말 용량이 큽니다. 진짜 마음에 들어요.",
        "SentimentWord": "11",
        "SentimentPolarity": "1"
      },
      {
        "Aspect": "소음",
        "SentimentText": "크기에 비해 소음은 거의 없는 편이예요 조용해요.",
        "SentimentWord": "7",
        "SentimentPolarity": "1"
      },
      {
        "Aspect": "가격",
        "SentimentText": "거기다 가격까지 착하니 너무 좋네요 만족스러워요.",
        "SentimentWord": "6",
        "SentimentPolarity": "1"
      }
    ]
  },
  {
    "Index": "32032",
    "RawText": "사이즈가 넉넉해서 만족합니다~ 다양한 요리기능 있어 사용해 봤는데  다 잘됩니다 ㅎㅎ",
    "Source": "쇼핑몰",
    "Domain": "가전",
    "MainCategory": "주방가전",
    "ProductName": "이마트 더 에어프라이어 X AFG-1901T",
    "ReviewScore": "5",
    "Syllable": "47",
    "Word": "11",
    "RDate": "20191214",
    "GeneralPolarity": "1",
    "Aspects": [
      {
        "Aspect": "사이즈",
        "SentimentText": "사이즈가 넉넉해서 만족합니다~",
        "SentimentWord": "3",
        "SentimentPolarity": "1"
      },
      {
        "Aspect": "기능",
        "SentimentText": "다양한 요리기능 있어 사용해 봤는데  다 잘됩니다 ㅎㅎ",
        "SentimentWord": "8",
        "SentimentPolarity": "1"
      }
    ]
  },
  {
    "Index": "32033",
    "RawText": "용량이 커서 많은 양을 요리할수 있어 아주 좋아요. 청소하기도 쉬워서 편합니다  사람들이 좋아하는 이유가 있었네요~",
    "Source": "쇼핑몰",
    "Domain": "가전",
    "MainCategory": "주방가전",
    "ProductName": "이마트 더 에어프라이어 X AFG-1901T",
    "ReviewScore": "5",
    "Syllable": "64",
    "Word": "15",
    "RDate": "20200514",
    "Aspects": [
      {
        "Aspect": "용량",
        "SentimentText": "용량이 커서 많은 양을 요리할수 있어 아주 좋아요",
        "SentimentWord": "8",
        "SentimentPolarity": "1"
      },
      {
        "Aspect": "편의성",
        "SentimentText": "청소하기도 쉬워서 편합니다",
        "SentimentWord": "3",
        "SentimentPolarity": "1"
      }
    ]
  },
  {
    "Index": "32034",
    "RawText": "요리기능은  대부분 잘되서  좋은데 바스켓 넣는 플라스틱 테두리 마감이 약해요, 바스켓 꺼낼 때는 너무 빡빡해서 손에 힘들어가서 불편해요",
    "Source": "쇼핑몰",
    "Domain": "가전",
    "MainCategory": "주방가전",
    "ProductName": "이마트 더 에어프라이어 X AFG-1901T",
    "ReviewScore": "5",
    "Syllable": "76",
    "Word": "18",
    "RDate": "20191122",
    "GeneralPolarity": "0",
    "Aspects": [
      {
        "Aspect": "기능",
        "SentimentText": "요리기능은  대부분 잘되서  좋은데",
        "SentimentWord": "4",
        "SentimentPolarity": "1"
      },
      {
        "Aspect": "품질",
        "SentimentText": "바스켓 넣는 플라스틱 테두리 마감이 약해요,",
        "SentimentWord": "6",
        "SentimentPolarity": "-1"
      },
      {
        "Aspect": "편의성",
        "SentimentText": " 바스켓 꺼낼 때는 너무 빡빡해서 손에 힘들어가서 불편해요",
        "SentimentWord": "8",
        "SentimentPolarity": "-1"
      }
    ]
  },
  {
    "Index": "32035",
    "RawText": "내부 용량이 엄청 커서 재료가 많이 들어가서 너무 좋아요!! 그런데 할인을 못 받아서 비싸게 주고 사서 아쉽네요 ㅠ",
    "Source": "쇼핑몰",
    "Domain": "가전",
    "MainCategory": "주방가전",
    "ProductName": "이마트 더 에어프라이어 X AFG-1901T",
    "ReviewScore": "5",
    "Syllable": "64",
    "Word": "18",
    "RDate": "20200217",
    "GeneralPolarity": "0",
    "Aspects": [
      {
        "Aspect": "용량",
        "SentimentText": "내부 용량이 엄청 커서 재료가 많이 들어가서 너무 좋아요!!",
        "SentimentWord": "9",
        "SentimentPolarity": "1"
      },
      {
        "Aspect": "가격",
        "SentimentText": "할인을 못 받아서 비싸게 주고 사서 아쉽네요 ㅠ",
        "SentimentWord": "8",
        "SentimentPolarity": "-1"
      }
    ]
  },
  {
    "Index": "32036",
    "RawText": "크기가 커서 무게가 엄청 무겁네요; 여자가 들기에는 버거워요 ㅠㅠ 그래도 용량이 커서 다양한 요리를 할 수 있어 좋아요~",
    "Source": "쇼핑몰",
    "Domain": "가전",
    "MainCategory": "주방가전",
    "ProductName": "이마트 더 에어프라이어 X AFG-1901T",
    "ReviewScore": "5",
    "Syllable": "67",
    "Word": "18",
    "RDate": "20191104",
    "GeneralPolarity": "0",
    "Aspects": [
      {
        "Aspect": "무게",
        "SentimentText": "크기가 커서 무게가 엄청 무겁네요; 여자가 들기에는 버거워요 ㅠㅠ",
        "SentimentWord": "9",
        "SentimentPolarity": "-1"
      },
      {
        "Aspect": "용량",
        "SentimentText": "용량이 커서 다양한 요리를 할 수 있어 좋아요~",
        "SentimentWord": "8",
        "SentimentPolarity": "1"
      }
    ]
  },
  {
    "Index": "32042",
    "RawText": "에어프라이어 구성상품중에 바스켓이 굉장히 빡빡해서 불편해요. 그리고 제품의 조작방법이 없어서 설명서에도 별도의 말이 없어 불편합니다.",
    "Source": "쇼핑몰",
    "Domain": "가전",
    "MainCategory": "주방가전",
    "ProductName": "이마트 더 에어프라이어 X AFG-1901T",
    "ReviewScore": "5",
    "Syllable": "74",
    "Word": "15",
    "RDate": "20191220",
    "GeneralPolarity": "-1",
    "Aspects": [
      {
        "Aspect": "제품구성",
        "SentimentText": "에어프라이어 구성상품중에 바스켓이 굉장히 빡빡해서 불편해요",
        "SentimentWord": "6",
        "SentimentPolarity": "-1"
      },
      {
        "Aspect": "조작성",
        "SentimentText": "그리고 제품의 조작방법이 없어서 설명서에도 별도의 말이 없어 불편합니다.",
        "SentimentWord": "9",
        "SentimentPolarity": "-1"
      }
    ]
  }
]