[
  {
    "Index": "26861",
    "RawText": "저한테는 설치가 좀 어려웠어요.  무게감도 있어 힘드네요",
    "Source": "쇼핑몰",
    "Domain": "가전",
    "MainCategory": "주방가전",
    "ProductName": "파세코 PHD-S605",
    "ReviewScore": "5",
    "Syllable": "31",
    "Word": "7",
    "RDate": "20181107",
    "GeneralPolarity": "-1",
    "Aspects": [
      {
        "Aspect": "조작성",
        "SentimentText": "저한테는 설치가 좀 어려웠어요. ",
        "SentimentWord": "4",
        "SentimentPolarity": "-1"
      },
      {
        "Aspect": "무게",
        "SentimentText": "무게감도 있어 힘드네요 ",
        "SentimentWord": "3",
        "SentimentPolarity": "-1"
      }
    ]
  },
  {
    "Index": "26862",
    "RawText": "저렴한 가격에 또 구입해서 기분이 좋습니다. 근데 기스도 있고 균형도 불량으로 와서 기분이 별로입니다. 색상 또한 화면이랑 다르게 와서 실망,생각못한  소음이 발생 해  완전 실망입니다. ",
    "Source": "쇼핑몰",
    "Domain": "가전",
    "MainCategory": "주방가전",
    "ProductName": "파세코 PHD-S605",
    "ReviewScore": "3",
    "Syllable": "105",
    "Word": "25",
    "RDate": "20210526",
    "GeneralPolarity": "-1",
    "Aspects": [
      {
        "Aspect": "가격",
        "SentimentText": "저렴한 가격에 또 구입해서 기분이 좋습니다. ",
        "SentimentWord": "6",
        "SentimentPolarity": "1"
      },
      {
        "Aspect": "품질",
        "SentimentText": "기스도 있고 균형도 불량으로 와서 기분이 별로입니다. ",
        "SentimentWord": "7",
        "SentimentPolarity": "-1"
      },
      {
        "Aspect": "색상",
        "SentimentText": "색상 또한 화면이랑 다르게 와서 실망,  ",
        "SentimentWord": "6",
        "SentimentPolarity": "-1"
      },
      {
        "Aspect": "소음",
        "SentimentText": "생각못한  소음이  발생 해  완전 실망입니다.",
        "SentimentWord": "6",
        "SentimentPolarity": "-1"
      }
    ]
  },
  {
    "Index": "26863",
    "RawText": "두번째 재구매라 설치는 아주 손쉽게 했습니다. 너무 좋아요. 디자인도 깔끔하니 아주 부엌에 잘 어울려요.",
    "Source": "쇼핑몰",
    "Domain": "가전",
    "MainCategory": "주방가전",
    "ProductName": "파세코 PHD-S605",
    "ReviewScore": "5",
    "Syllable": "58",
    "Word": "14",
    "RDate": "20180228",
    "GeneralPolarity": "1",
    "Aspects": [
      {
        "Aspect": "조작성",
        "SentimentText": "두번째 재구매라 설치는 아주 손쉽게 했습니다. 너무 좋아요.",
        "SentimentWord": "8",
        "SentimentPolarity": "1"
      },
      {
        "Aspect": "디자인",
        "SentimentText": "디자인도 깔끔하니 아주 부엌에 잘 어울려요.",
        "SentimentWord": "6",
        "SentimentPolarity": "1"
      }
    ]
  },
  {
    "Index": "26864",
    "RawText": "설치 기사 두분이나 오셔서 친절한 설명과 설치까지 해주시고 뒷처리까지 깔끔하게 해주셔서 너무 좋았어요. 색상도 고급스럽고 무엇보다 부엌이랑도 잘 어울려서 좋아요, 성능은 단연 최고네요.",
    "Source": "쇼핑몰",
    "Domain": "가전",
    "MainCategory": "주방가전",
    "ProductName": "파세코 PHD-S605",
    "ReviewScore": "5",
    "Syllable": "103",
    "Word": "23",
    "RDate": "20190403",
    "Aspects": [
      {
        "Aspect": "기능",
        "SentimentText": "성능은 단연 최고네요.",
        "SentimentWord": "3",
        "SentimentPolarity": "1"
      },
      {
        "Aspect": "색상",
        "SentimentText": "색상도 고급스럽고 무엇보다 부엌이랑도 잘 어울려서 좋아요,",
        "SentimentWord": "7",
        "SentimentPolarity": "1"
      }
    ]
  },
  {
    "Index": "26865",
    "RawText": "드릴만으로도 설치가 가능해서 좋습니다. 자바라 길이가 짧아  아쉽습니다.",
    "Source": "쇼핑몰",
    "Domain": "가전",
    "MainCategory": "주방가전",
    "ProductName": "파세코 PHD-S605",
    "ReviewScore": "5",
    "Syllable": "40",
    "Word": "8",
    "RDate": "20180828",
    "GeneralPolarity": "0",
    "Aspects": [
      {
        "Aspect": "조작성",
        "SentimentText": "드릴만 으로도 설치가 가능해서 좋습니다. ",
        "SentimentWord": "5",
        "SentimentPolarity": "1"
      },
      {
        "Aspect": "사이즈",
        "SentimentText": " 자바라 길이가 짧아  아쉽습니다. ",
        "SentimentWord": "4",
        "SentimentPolarity": "0"
      }
    ]
  },
  {
    "Index": "26866",
    "RawText": "디자인도 고급스럽고 깔끔하니 잘 나와서 마음에 들어요. 바람도 그렇고 세기도 아주 성능 대 만족입니다. 근데 다만 망이 좀 허술하고 약해보여서 불안해요.",
    "Source": "쇼핑몰",
    "Domain": "가전",
    "MainCategory": "주방가전",
    "ProductName": "파세코 PHD-S605",
    "ReviewScore": "4",
    "Syllable": "85",
    "Word": "21",
    "RDate": "20210408",
    "GeneralPolarity": "1",
    "Aspects": [
      {
        "Aspect": "디자인",
        "SentimentText": "디자인도 고급스럽고 깔끔하니 잘 나와서 마음에 들어요. ",
        "SentimentWord": "7",
        "SentimentPolarity": "1"
      },
      {
        "Aspect": "기능",
        "SentimentText": "바람도 그렇고 세기도 아주 성능 대 만족입니다. ",
        "SentimentWord": "7",
        "SentimentPolarity": "1"
      },
      {
        "Aspect": "품질",
        "SentimentText": "근데 다만 망이 좀 허술하고 약해보여서 불안해요. ",
        "SentimentWord": "7",
        "SentimentPolarity": "-1"
      }
    ]
  },
  {
    "Index": "26867",
    "RawText": "가격대비 딱 그정도인 것 같아 괜찮아요. 저소음이라고 했는데 생각보다 소음은 커 실망입니다",
    "Source": "쇼핑몰",
    "Domain": "가전",
    "MainCategory": "주방가전",
    "ProductName": "파세코 PHD-S605",
    "ReviewScore": "5",
    "Syllable": "50",
    "Word": "12",
    "RDate": "20200716",
    "Aspects": [
      {
        "Aspect": "가격",
        "SentimentText": "가격대비 딱 그정도인 것 같아 괜찮아요",
        "SentimentWord": "6",
        "SentimentPolarity": "0"
      },
      {
        "Aspect": "소음",
        "SentimentText": "저소음이라고 했는데 생각보다 소음은 커 실망입니다 ",
        "SentimentWord": "6",
        "SentimentPolarity": "-1"
      }
    ]
  },
  {
    "Index": "26869",
    "RawText": "퀄리티가 좀 아쉬운 상품입니다. 생각보다 디자인 싸구려처럼 보여 실망입니다.  ",
    "Source": "쇼핑몰",
    "Domain": "가전",
    "MainCategory": "주방가전",
    "ProductName": "파세코 PHD-S605",
    "ReviewScore": "4",
    "Syllable": "44",
    "Word": "9",
    "RDate": "20181130",
    "GeneralPolarity": "-1",
    "Aspects": [
      {
        "Aspect": "품질",
        "SentimentText": "퀄리티가 좀 아쉬운 상품입니다. ",
        "SentimentWord": "4",
        "SentimentPolarity": "-1"
      },
      {
        "Aspect": "디자인",
        "SentimentText": "생각보다 디자인 싸구려처럼 보여 실망입니다. ",
        "SentimentWord": "5",
        "SentimentPolarity": "-1"
      }
    ]
  },
  {
    "Index": "26870",
    "RawText": "저렴한 가격에 구매해서 좋았습니다. 설치도 어렵지 않아 좋았고요. 무게감도 가벼워 좋습니다. 성능도 나쁘지 않아 만족 합니다.",
    "Source": "쇼핑몰",
    "Domain": "가전",
    "MainCategory": "주방가전",
    "ProductName": "파세코 PHD-S605",
    "ReviewScore": "5",
    "Syllable": "70",
    "Word": "16",
    "RDate": "20190511",
    "GeneralPolarity": "1",
    "Aspects": [
      {
        "Aspect": "가격",
        "SentimentText": "저렴한 가격에 구매해서 좋았습니다.",
        "SentimentWord": "4",
        "SentimentPolarity": "1"
      },
      {
        "Aspect": "조작성",
        "SentimentText": "설치도 어렵지 않아 좋았고요. ",
        "SentimentWord": "4",
        "SentimentPolarity": "1"
      },
      {
        "Aspect": "무게",
        "SentimentText": "무게감도 가벼워 좋습니다.",
        "SentimentWord": "3",
        "SentimentPolarity": "1"
      },
      {
        "Aspect": "기능",
        "SentimentText": "성능도 나쁘지 않아 만족 합니다.",
        "SentimentWord": "5",
        "SentimentPolarity": "1"
      }
    ]
  },
  {
    "Index": "26871",
    "RawText": "판매업체 마음에 안 들지만 설치 기사님은 친절해 좋았습니다. 재질이 너무 싸구려 처럼 보여 대 실망입니다 가격대비 품질은 soso하네요.",
    "Source": "쇼핑몰",
    "Domain": "가전",
    "MainCategory": "주방가전",
    "ProductName": "파세코 PHD-S605",
    "ReviewScore": "3",
    "Syllable": "76",
    "Word": "18",
    "RDate": "20220811",
    "Aspects": [
      {
        "Aspect": "품질",
        "SentimentText": "가격대비 품질은 soso하네요.",
        "SentimentWord": "3",
        "SentimentPolarity": "0"
      },
      {
        "Aspect": "소재",
        "SentimentText": "재질이 너무 싸구려 처럼 보여 대 실망입니다",
        "SentimentWord": "7",
        "SentimentPolarity": "-1"
      }
    ]
  },
  {
    "Index": "26872",
    "RawText": "구성품 제대로 확인 안 하고 배송 온 게 화가 납니다. 재질도 싸구려 같아  별로입니다 ",
    "Source": "쇼핑몰",
    "Domain": "가전",
    "MainCategory": "주방가전",
    "ProductName": "파세코 PHD-S605",
    "ReviewScore": "2",
    "Syllable": "49",
    "Word": "14",
    "RDate": "20200119",
    "GeneralPolarity": "-1",
    "Aspects": [
      {
        "Aspect": "제품구성",
        "SentimentText": "구성품 제대로 확인 안 하고 배송 온 게 화가 납니다.",
        "SentimentWord": "10",
        "SentimentPolarity": "-1"
      },
      {
        "Aspect": "소재",
        "SentimentText": "재질도 싸구려 같아  별로입니다",
        "SentimentWord": "4",
        "SentimentPolarity": "-1"
      }
    ]
  },
  {
    "Index": "26873",
    "RawText": "성능이 좀 약해 보여 별로예요. 소음도 크지 않아 괜찮네요  가격대비 가성비도 좋아 만족 합니다",
    "Source": "쇼핑몰",
    "Domain": "가전",
    "MainCategory": "주방가전",
    "ProductName": "파세코 PHD-S605",
    "ReviewScore": "4",
    "Syllable": "53",
    "Word": "14",
    "RDate": "20200314",
    "GeneralPolarity": "0",
    "Aspects": [
      {
        "Aspect": "기능",
        "SentimentText": "성능이 좀 약해 보여 별로예요. ",
        "SentimentWord": "5",
        "SentimentPolarity": "-1"
      },
      {
        "Aspect": "소음",
        "SentimentText": "소음도 크지 않아 괜찮네요 ",
        "SentimentWord": "4",
        "SentimentPolarity": "1"
      },
      {
        "Aspect": "가격",
        "SentimentText": "가격대비 가성비도 좋아 만족 합니다 ",
        "SentimentWord": "5",
        "SentimentPolarity": "1"
      }
    ]
  },
  {
    "Index": "26874",
    "RawText": "박스 포장도 엉망이고 구멍까지 난 상태로 와서 기분이 상했습니다. 소음도 커  실망입니다  설치후 살펴보니 여기저기 스크레치가 보여서 화나요. ",
    "Source": "쇼핑몰",
    "Domain": "가전",
    "MainCategory": "주방가전",
    "ProductName": "파세코 PHD-S605",
    "ReviewScore": "3",
    "Syllable": "80",
    "Word": "18",
    "RDate": "20200207",
    "Aspects": [
      {
        "Aspect": "품질",
        "SentimentText": "설치후 살펴보니 여기저기 스크레치가 보여서 화나요.",
        "SentimentWord": "6",
        "SentimentPolarity": "-1"
      },
      {
        "Aspect": "소음",
        "SentimentText": "소음도 커  실망입니다 ",
        "SentimentWord": "3",
        "SentimentPolarity": "-1"
      }
    ]
  },
  {
    "Index": "26875",
    "RawText": "구성품에 자바라가 들어 있어 좋았습니다.저소음이라고 했지만 소음은 큰 것 같아 아쉽네요",
    "Source": "쇼핑몰",
    "Domain": "가전",
    "MainCategory": "주방가전",
    "ProductName": "파세코 PHD-S605",
    "ReviewScore": "5",
    "Syllable": "48",
    "Word": "11",
    "RDate": "20210520",
    "GeneralPolarity": "0",
    "Aspects": [
      {
        "Aspect": "제품구성",
        "SentimentText": "구성품에 자바라가 들어 있어 좋았습니다. ",
        "SentimentWord": "5",
        "SentimentPolarity": "1"
      },
      {
        "Aspect": "소음",
        "SentimentText": "저소음이라고 했지만 소음은 큰 것 같아 아쉽네요",
        "SentimentWord": "7",
        "SentimentPolarity": "0"
      }
    ]
  },
  {
    "Index": "26876",
    "RawText": "배송 빠르게 잘 받아 너무 좋습니다.설치는 어렵지 않지만 혼자 하긴 어려워요 설치후 사용해보니 기능에 반했네요",
    "Source": "쇼핑몰",
    "Domain": "가전",
    "MainCategory": "주방가전",
    "ProductName": "파세코 PHD-S605",
    "ReviewScore": "5",
    "Syllable": "61",
    "Word": "15",
    "RDate": "20200905",
    "Aspects": [
      {
        "Aspect": "기능",
        "SentimentText": "설치후 사용해보니 기능에 반했네요",
        "SentimentWord": "4",
        "SentimentPolarity": "1"
      },
      {
        "Aspect": "조작성",
        "SentimentText": "설치는 어렵지 않지만 혼자 하긴 어려워요 ",
        "SentimentWord": "6",
        "SentimentPolarity": "0"
      }
    ]
  },
  {
    "Index": "26877",
    "RawText": "상품 배송은 빨라서 좋았어요. 가성비는 가격만큼 인것 같아 그럭저럭 만족합니다. 설치는 혼자 하기는 힘들어요.",
    "Source": "쇼핑몰",
    "Domain": "가전",
    "MainCategory": "주방가전",
    "ProductName": "파세코 PHD-S605",
    "ReviewScore": "4",
    "Syllable": "61",
    "Word": "14",
    "RDate": "20211215",
    "Aspects": [
      {
        "Aspect": "가격",
        "SentimentText": "가성비는 가격만큼 인것 같아 그럭저럭 만족합니다.",
        "SentimentWord": "6",
        "SentimentPolarity": "1"
      },
      {
        "Aspect": "조작성",
        "SentimentText": "설치는 혼자 하기는 힘들어요.",
        "SentimentWord": "4",
        "SentimentPolarity": "-1"
      }
    ]
  },
  {
    "Index": "26878",
    "RawText": "배송은 빨라 좋네요. 저렴한 가격에 구매해서 너무 만족합니다. 무게가 가벼워 좋고 설치도 쉽게 할 수 있어 좋습니다",
    "Source": "쇼핑몰",
    "Domain": "가전",
    "MainCategory": "주방가전",
    "ProductName": "파세코 PHD-S605",
    "ReviewScore": "5",
    "Syllable": "64",
    "Word": "17",
    "RDate": "20170926",
    "Aspects": [
      {
        "Aspect": "가격",
        "SentimentText": "저렴한 가격에 구매해서 너무 만족합니다",
        "SentimentWord": "5",
        "SentimentPolarity": "1"
      },
      {
        "Aspect": "무게",
        "SentimentText": "무게가 가벼워 좋고",
        "SentimentWord": "3",
        "SentimentPolarity": "1"
      },
      {
        "Aspect": "조작성",
        "SentimentText": "설치도 쉽게 할 수 있어 좋습니다",
        "SentimentWord": "6",
        "SentimentPolarity": "1"
      }
    ]
  },
  {
    "Index": "26879",
    "RawText": "빠른 배송 너무 좋습니다. 기존 사용하던 곳에 쉽게 설치 할수 있어 좋아요. 디자인도  심플하니 이뻐 좋습니다",
    "Source": "쇼핑몰",
    "Domain": "가전",
    "MainCategory": "주방가전",
    "ProductName": "파세코 PHD-S605",
    "ReviewScore": "5",
    "Syllable": "61",
    "Word": "16",
    "RDate": "20200906",
    "Aspects": [
      {
        "Aspect": "조작성",
        "SentimentText": "기존 사용하던 곳에 쉽게 설치 할수 있어 좋아요 ",
        "SentimentWord": "8",
        "SentimentPolarity": "1"
      },
      {
        "Aspect": "디자인",
        "SentimentText": "디자인도  심플하니 이뻐 좋습니다 ",
        "SentimentWord": "4",
        "SentimentPolarity": "1"
      }
    ]
  },
  {
    "Index": "26880",
    "RawText": "일단 배송이 빨라 좋아요   볼트 4개만 설치 하면 쉽게 할 수  있어 좋습니다 세일때 저렴하게 구매했어요",
    "Source": "쇼핑몰",
    "Domain": "가전",
    "MainCategory": "주방가전",
    "ProductName": "파세코 PHD-S605",
    "ReviewScore": "5",
    "Syllable": "59",
    "Word": "16",
    "RDate": "20200705",
    "Aspects": [
      {
        "Aspect": "가격",
        "SentimentText": "세일때 저렴하게 구매했어요",
        "SentimentWord": "3",
        "SentimentPolarity": "1"
      },
      {
        "Aspect": "조작성",
        "SentimentText": " 볼트 4개만 설치 하면 쉽게 할 수  있어 좋습니다 ",
        "SentimentWord": "9",
        "SentimentPolarity": "1"
      }
    ]
  },
  {
    "Index": "26881",
    "RawText": "신속한 배송이 마음에 듭니다. 설치도 쉽게 할 수 있어  만족합니다 심플한 디자인이 설치후에 만족합니다.",
    "Source": "쇼핑몰",
    "Domain": "가전",
    "MainCategory": "주방가전",
    "ProductName": "파세코 PHD-S605",
    "ReviewScore": "5",
    "Syllable": "58",
    "Word": "14",
    "RDate": "20200826",
    "Aspects": [
      {
        "Aspect": "디자인",
        "SentimentText": "심플한 디자인이 설치후에 만족합니다.",
        "SentimentWord": "4",
        "SentimentPolarity": "1"
      },
      {
        "Aspect": "조작성",
        "SentimentText": "설치도 쉽게 할 수 있어  만족합니다 ",
        "SentimentWord": "6",
        "SentimentPolarity": "1"
      }
    ]
  },
  {
    "Index": "26882",
    "RawText": "배송이 엄청 빨라 좋았습니다^^  상품 성능도 아주 좋아 만족 합니다 사이즈도 적당해서 정말 좋네요",
    "Source": "쇼핑몰",
    "Domain": "가전",
    "MainCategory": "주방가전",
    "ProductName": "파세코 PHD-S605",
    "ReviewScore": "4",
    "Syllable": "55",
    "Word": "14",
    "RDate": "20200215",
    "Aspects": [
      {
        "Aspect": "사이즈",
        "SentimentText": "사이즈도 적당해서 정말 좋네요",
        "SentimentWord": "4",
        "SentimentPolarity": "1"
      },
      {
        "Aspect": "기능",
        "SentimentText": "상품 성능도 아주 좋아 만족 합니다 ",
        "SentimentWord": "6",
        "SentimentPolarity": "1"
      }
    ]
  },
  {
    "Index": "26883",
    "RawText": "늦은 배송에 택배사에서 박스를 파손 시켜 기분이 안 좋습니다. 재질이 너무 싸구려라서 구매 후회 중입니다. 작동시키니 계속 꺼지는게 고장난것 같네요.",
    "Source": "쇼핑몰",
    "Domain": "가전",
    "MainCategory": "주방가전",
    "ProductName": "파세코 PHD-S605",
    "ReviewScore": "3",
    "Syllable": "83",
    "Word": "20",
    "RDate": "20190918",
    "Aspects": [
      {
        "Aspect": "품질",
        "SentimentText": "작동시키니 계속 꺼지는게 고장난것 같네요.",
        "SentimentWord": "5",
        "SentimentPolarity": "-1"
      },
      {
        "Aspect": "소재",
        "SentimentText": "재질이 너무 싸구려라서 구매 후회 중입니다. ",
        "SentimentWord": "6",
        "SentimentPolarity": "-1"
      }
    ]
  },
  {
    "Index": "26885",
    "RawText": "블랙 색상으로  주문 했는데 은색으로 배송 왔지만 마음에는 듭니다. 소음은 있는편 이라서 좀 거슬려요 ",
    "Source": "쇼핑몰",
    "Domain": "가전",
    "MainCategory": "주방가전",
    "ProductName": "파세코 PHD-S605",
    "ReviewScore": "5",
    "Syllable": "57",
    "Word": "14",
    "RDate": "20210526",
    "GeneralPolarity": "0",
    "Aspects": [
      {
        "Aspect": "색상",
        "SentimentText": "블랙 색상으로  주문 했는데 은색으로 배송 왔지만 마음에는 듭니다.",
        "SentimentWord": "9",
        "SentimentPolarity": "1"
      },
      {
        "Aspect": "소음",
        "SentimentText": "소음은 있는편 이라서 좀 거슬려요",
        "SentimentWord": "5",
        "SentimentPolarity": "-1"
      }
    ]
  },
  {
    "Index": "26886",
    "RawText": "배송은 빨라서 좋았고요. 최저가로 구입해서 좋습니다. 사이즈가 잘 안 맞아 아쉬웠고 설치도 좀 어려웠습니다",
    "Source": "쇼핑몰",
    "Domain": "가전",
    "MainCategory": "주방가전",
    "ProductName": "파세코 PHD-S605",
    "ReviewScore": "4",
    "Syllable": "59",
    "Word": "14",
    "RDate": "20220616",
    "Aspects": [
      {
        "Aspect": "가격",
        "SentimentText": "최저가로 구입 해서 좋습니다 ",
        "SentimentWord": "4",
        "SentimentPolarity": "1"
      },
      {
        "Aspect": "사이즈",
        "SentimentText": "사이즈가 잘 안 맞아 아쉬웠고",
        "SentimentWord": "5",
        "SentimentPolarity": "-1"
      },
      {
        "Aspect": "조작성",
        "SentimentText": "설치도 좀 어려웠습니다",
        "SentimentWord": "3",
        "SentimentPolarity": "-1"
      }
    ]
  },
  {
    "Index": "26887",
    "RawText": "빠르게 배송해 주셔서 감사하고 만족 합니다. 디자인이 고급스러워 마음에 듭니다 색상이 딱 내가 좋아하는거라 굿이네요",
    "Source": "쇼핑몰",
    "Domain": "가전",
    "MainCategory": "주방가전",
    "ProductName": "파세코 PHD-S605",
    "ReviewScore": "5",
    "Syllable": "64",
    "Word": "15",
    "RDate": "20220806",
    "Aspects": [
      {
        "Aspect": "색상",
        "SentimentText": "색상이 딱 내가 좋아하는거라 굿이네요",
        "SentimentWord": "5",
        "SentimentPolarity": "1"
      },
      {
        "Aspect": "디자인",
        "SentimentText": "디자인이 고급스러워 마음에 듭니다 ",
        "SentimentWord": "4",
        "SentimentPolarity": "1"
      }
    ]
  },
  {
    "Index": "26888",
    "RawText": "생각보다 배송이 빨라 마음에 듭니다. 설치할 곳에 사이즈가 잘 맞아 좋고  소음도 생각보다 크지 않아 아주 만족 합니다",
    "Source": "쇼핑몰",
    "Domain": "가전",
    "MainCategory": "주방가전",
    "ProductName": "파세코 PHD-S605",
    "ReviewScore": "5",
    "Syllable": "66",
    "Word": "18",
    "RDate": "20210109",
    "Aspects": [
      {
        "Aspect": "사이즈",
        "SentimentText": "설치할 곳에 사이즈가 잘 맞아 좋고",
        "SentimentWord": "6",
        "SentimentPolarity": "1"
      },
      {
        "Aspect": "소음",
        "SentimentText": "소음도 생각보다 크지 않아 아주 만족 합니다 ",
        "SentimentWord": "7",
        "SentimentPolarity": "1"
      }
    ]
  },
  {
    "Index": "26889",
    "RawText": "슬라이딩이 뻑뻑해 별로임, 가격대비 별로  돈 더 주고 다른거 사는게 나음 ",
    "Source": "쇼핑몰",
    "Domain": "가전",
    "MainCategory": "주방가전",
    "ProductName": "파세코 PHD-S605",
    "ReviewScore": "5",
    "Syllable": "42",
    "Word": "11",
    "RDate": "20220610",
    "GeneralPolarity": "-1",
    "Aspects": [
      {
        "Aspect": "조작성",
        "SentimentText": "슬라이딩이 뻑뻑해 별로임",
        "SentimentWord": "3",
        "SentimentPolarity": "-1"
      },
      {
        "Aspect": "가격",
        "SentimentText": "가격대비 별로  돈 더 주고 다른거 사는게 나음",
        "SentimentWord": "8",
        "SentimentPolarity": "-1"
      }
    ]
  },
  {
    "Index": "26890",
    "RawText": "설치는 간단해서 셀프로 금방해서 좋았어요. 다만 필터 망이랑 간격을 봐보니 제품이 별로 비싸보이진 않아서 별로예요. 금방 망가질것 같아요.",
    "Source": "쇼핑몰",
    "Domain": "가전",
    "MainCategory": "주방가전",
    "ProductName": "파세코 PHD-S605",
    "ReviewScore": "2",
    "Syllable": "77",
    "Word": "18",
    "RDate": "20171001",
    "GeneralPolarity": "0",
    "Aspects": [
      {
        "Aspect": "조작성",
        "SentimentText": "설치는 간단해서 셀프로 금방해서 좋았어요. ",
        "SentimentWord": "5",
        "SentimentPolarity": "1"
      },
      {
        "Aspect": "품질",
        "SentimentText": "다만 필터 망이랑 간격을 봐보니 제품이 별로 비싸보이진 않아서 별로예요. 금방 망가질것 같아요.",
        "SentimentWord": "13",
        "SentimentPolarity": "-1"
      }
    ]
  },
  {
    "Index": "26891",
    "RawText": "맞춤으로 한것처럼 사이즈도 잘 맞아서 좋아요. 디자인도 깔끔하니 너무 고급스러워서 좋네요.",
    "Source": "쇼핑몰",
    "Domain": "가전",
    "MainCategory": "주방가전",
    "ProductName": "파세코 PHD-S605",
    "ReviewScore": "4",
    "Syllable": "50",
    "Word": "11",
    "RDate": "20200608",
    "GeneralPolarity": "1",
    "Aspects": [
      {
        "Aspect": "사이즈",
        "SentimentText": "맞춤으로 한것처럼 사이즈도 잘 맞아서 좋아요",
        "SentimentWord": "6",
        "SentimentPolarity": "1"
      },
      {
        "Aspect": "디자인",
        "SentimentText": "디자인도 깔끔하니 너무 고급스러워서 좋네요. ",
        "SentimentWord": "5",
        "SentimentPolarity": "1"
      }
    ]
  },
  {
    "Index": "26892",
    "RawText": "배송중에 파손이 된건지 제품을 확인해보니 기스가 나있어요ㅠㅠ 속상하네요. 시공후에 발견해서 그냥저냥 싼값에 샀다 생각하고 쓰려구요. 다음부턴 확인 잘해주세요. 작동을 시키면 지속적으로 소음이 발생해서 거슬리네요 상품에 기스가나서 배송와서 정말 실망이네요..품질관리 쾅이에요.",
    "Source": "쇼핑몰",
    "Domain": "가전",
    "MainCategory": "주방가전",
    "ProductName": "파세코 PHD-S605",
    "ReviewScore": "3",
    "Syllable": "153",
    "Word": "30",
    "RDate": "20220518",
    "Aspects": [
      {
        "Aspect": "소음",
        "SentimentText": "작동을 시키면 지속적으로 소음이 발생해서 거슬리네요",
        "SentimentWord": "6",
        "SentimentPolarity": "-1"
      },
      {
        "Aspect": "품질",
        "SentimentText": "상품에 기스가나서 배송와서 정말 실망이네요..품질관리 쾅이에요.",
        "SentimentWord": "6",
        "SentimentPolarity": "-1"
      }
    ]
  },
  {
    "Index": "26893",
    "RawText": "물건 빠르게 배송 받아서 좋았어요. 색상은 블랙으로 구매했는데 설치해보니 실버로 살걸 하는 후회가 있네요ㅎ 사이즈가 적당해서 설치후에 만족해요",
    "Source": "쇼핑몰",
    "Domain": "가전",
    "MainCategory": "주방가전",
    "ProductName": "파세코 PHD-S605",
    "ReviewScore": "4",
    "Syllable": "79",
    "Word": "18",
    "RDate": "20190831",
    "Aspects": [
      {
        "Aspect": "사이즈",
        "SentimentText": "사이즈가 적당해서 설치후에 만족해요",
        "SentimentWord": "4",
        "SentimentPolarity": "1"
      },
      {
        "Aspect": "색상",
        "SentimentText": "색상은 블랙으로 구매했는데 설치해보니 실버로 살걸 하는 후회가 있네요ㅎ ",
        "SentimentWord": "9",
        "SentimentPolarity": "0"
      }
    ]
  },
  {
    "Index": "26894",
    "RawText": "제품 받아서 바로 설치했는데 설치하는 방법도 쉬어서 셀프로 금방했네요^^ 설치후 작동해보니 흡입력도 좋고 아주 마음에 들어요. 잘샀어요^^",
    "Source": "쇼핑몰",
    "Domain": "가전",
    "MainCategory": "주방가전",
    "ProductName": "파세코 PHD-S605",
    "ReviewScore": "4",
    "Syllable": "77",
    "Word": "17",
    "RDate": "20200616",
    "GeneralPolarity": "1",
    "Aspects": [
      {
        "Aspect": "조작성",
        "SentimentText": "제품 받아서 바로 설치했는데 설치하는 방법도 쉬어서 셀프로 금방했네요^^",
        "SentimentWord": "9",
        "SentimentPolarity": "1"
      },
      {
        "Aspect": "기능",
        "SentimentText": "설치후 작동해보니 흡입력도 좋고 아주 마음에 들어요. 잘샀어요^^",
        "SentimentWord": "8",
        "SentimentPolarity": "1"
      }
    ]
  },
  {
    "Index": "26895",
    "RawText": "설치 기사님께서 깔끔하게 설치해주셔서 쉽게 마무리 해서 좋았어요. 바람 세기도 좋고 빨아드리는 것도 빵빵하니 너무 좋네요ㅎ 작동법도 간단해서 맘에드네요",
    "Source": "쇼핑몰",
    "Domain": "가전",
    "MainCategory": "주방가전",
    "ProductName": "파세코 PHD-S605",
    "ReviewScore": "5",
    "Syllable": "84",
    "Word": "19",
    "RDate": "20211117",
    "Aspects": [
      {
        "Aspect": "조작성",
        "SentimentText": "작동법도 간단해서 맘에드네요",
        "SentimentWord": "3",
        "SentimentPolarity": "1"
      },
      {
        "Aspect": "기능",
        "SentimentText": "바람 세기도 좋고 빨아드리는 것도 빵빵하니 너무 좋네요ㅎ",
        "SentimentWord": "8",
        "SentimentPolarity": "1"
      }
    ]
  },
  {
    "Index": "26896",
    "RawText": "디자인이 고급스러워서 그런가 인테리어 효과 짱이네요. 성능은 말할것도 없이 연기 잘 빨아드리고 작동도 잘되네요 좋아요^^",
    "Source": "쇼핑몰",
    "Domain": "가전",
    "MainCategory": "주방가전",
    "ProductName": "파세코 PHD-S605",
    "ReviewScore": "5",
    "Syllable": "67",
    "Word": "15",
    "RDate": "20190321",
    "GeneralPolarity": "1",
    "Aspects": [
      {
        "Aspect": "디자인",
        "SentimentText": "디자인이 고급스러워서 그런가 인테리어 효과 짱이네요.",
        "SentimentWord": "6",
        "SentimentPolarity": "1"
      },
      {
        "Aspect": "기능",
        "SentimentText": "성능은 말할것도 없이 연기 잘 빨아드리고 작동도 잘되네요 좋아요^^",
        "SentimentWord": "9",
        "SentimentPolarity": "1"
      }
    ]
  },
  {
    "Index": "26897",
    "RawText": "설명서 그대로 따라하니 금방 무난하게 설치했네요^^ 설치 해서 사용해보니 불빛도 환하고 단계 조절이 되서 좋습니다.",
    "Source": "쇼핑몰",
    "Domain": "가전",
    "MainCategory": "주방가전",
    "ProductName": "파세코 PHD-S605",
    "ReviewScore": "5",
    "Syllable": "64",
    "Word": "15",
    "RDate": "20200605",
    "GeneralPolarity": "1",
    "Aspects": [
      {
        "Aspect": "조작성",
        "SentimentText": "설명서 그대로 따라하니 금방 무난하게 설치했네요^^ ",
        "SentimentWord": "6",
        "SentimentPolarity": "1"
      },
      {
        "Aspect": "기능",
        "SentimentText": "설치 해서 사용해보니 불빛도 환하고 단계 조절이 되서 좋습니다.",
        "SentimentWord": "9",
        "SentimentPolarity": "1"
      }
    ]
  },
  {
    "Index": "26898",
    "RawText": "10분만에 설명서 보고 간단하게 설치할 수 있어서 좋아요! 설치하고 나서 보니 디자인도 깔끔하고 깨끗해서 너무 마음에 드네요.",
    "Source": "쇼핑몰",
    "Domain": "가전",
    "MainCategory": "주방가전",
    "ProductName": "파세코 PHD-S605",
    "ReviewScore": "4",
    "Syllable": "70",
    "Word": "17",
    "RDate": "20180131",
    "GeneralPolarity": "1",
    "Aspects": [
      {
        "Aspect": "조작성",
        "SentimentText": "10분만에 설명서 보고 간단하게 설치할 수 있어서 좋아요!",
        "SentimentWord": "8",
        "SentimentPolarity": "1"
      },
      {
        "Aspect": "디자인",
        "SentimentText": "설치하고 나서 보니 디자인도 깔끔하고 깨끗해서 너무 마음에 드네요.",
        "SentimentWord": "9",
        "SentimentPolarity": "1"
      }
    ]
  },
  {
    "Index": "26899",
    "RawText": "혼자서도 쉽게 설명서 보고 설치할 수 있어 좋아요. 근데 기능면에서 흡입은 딱 그 값만큼 하는거 같아 좀 아쉬워요. 별로 잘 빨아들이지 못해요.",
    "Source": "쇼핑몰",
    "Domain": "가전",
    "MainCategory": "주방가전",
    "ProductName": "파세코 PHD-S605",
    "ReviewScore": "3",
    "Syllable": "80",
    "Word": "22",
    "RDate": "20211021",
    "GeneralPolarity": "0",
    "Aspects": [
      {
        "Aspect": "조작성",
        "SentimentText": "혼자서도 쉽게 설명서 보고 설치할 수 있어 좋아요",
        "SentimentWord": "8",
        "SentimentPolarity": "1"
      },
      {
        "Aspect": "기능",
        "SentimentText": "기능면에서 흡입은 딱 그 값만큼 하는거 같아 좀 아쉬워요. 별로 잘 빨아들이지 못해요.",
        "SentimentWord": "13",
        "SentimentPolarity": "-1"
      }
    ]
  },
  {
    "Index": "26900",
    "RawText": "여자 혼자서도 손쉽게 설치할 수 있을 정도로 간단해서 좋네요. 후드만 교체했을 뿐인데 새주방같고 인테리어 효과 톡톡히 보는 디자인이예요 좋아요^^",
    "Source": "쇼핑몰",
    "Domain": "가전",
    "MainCategory": "주방가전",
    "ProductName": "파세코 PHD-S605",
    "ReviewScore": "5",
    "Syllable": "81",
    "Word": "19",
    "RDate": "20190903",
    "GeneralPolarity": "1",
    "Aspects": [
      {
        "Aspect": "조작성",
        "SentimentText": "여자 혼자서도 손쉽게 설치할 수 있을 정도로 간단해서 좋네요. ",
        "SentimentWord": "9",
        "SentimentPolarity": "1"
      },
      {
        "Aspect": "디자인",
        "SentimentText": "후드만 교체했을 뿐인데 새주방같고 인테리어 효과 톡톡히 보는 디자인이예요 좋아요^^",
        "SentimentWord": "10",
        "SentimentPolarity": "1"
      }
    ]
  },
  {
    "Index": "26901",
    "RawText": "설치해서 작동시켜봤는데 소음이 다른 제품보다 조용해서 좋네요^^. 근데 풍량이나 다른기능은 그렇게 썩 훌륭하지 않아 아쉬워요. 그냥저냥 쓸만해요.",
    "Source": "쇼핑몰",
    "Domain": "가전",
    "MainCategory": "주방가전",
    "ProductName": "파세코 PHD-S605",
    "ReviewScore": "5",
    "Syllable": "81",
    "Word": "17",
    "RDate": "20200213",
    "GeneralPolarity": "0",
    "Aspects": [
      {
        "Aspect": "소음",
        "SentimentText": "설치해서 작동시켜봤는데 소음이 다른 제품보다 조용해서 좋네요^^. ",
        "SentimentWord": "7",
        "SentimentPolarity": "1"
      },
      {
        "Aspect": "기능",
        "SentimentText": "근데 풍량이나 다른기능은 그렇게 썩 훌륭하지 않아 아쉬워요. 그냥저냥 쓸만해요.",
        "SentimentWord": "10",
        "SentimentPolarity": "-1"
      }
    ]
  },
  {
    "Index": "26902",
    "RawText": "배송 빠르게 잘 받아 좋았어요^^ 받은다음 열어보니 소재가 알루미늄재질이라 걱정했는데 부드럽고 좋아요. 타사의 후드보다 훨씬 강력한 모터 바람을 느낄수 있어요.^^",
    "Source": "쇼핑몰",
    "Domain": "가전",
    "MainCategory": "주방가전",
    "ProductName": "파세코 PHD-S605",
    "ReviewScore": "5",
    "Syllable": "91",
    "Word": "20",
    "RDate": "20190718",
    "Aspects": [
      {
        "Aspect": "기능",
        "SentimentText": "타사의 후드보다 훨씬 강력한 모터 바람을 느낄수 있어요.^^",
        "SentimentWord": "8",
        "SentimentPolarity": "1"
      },
      {
        "Aspect": "소재",
        "SentimentText": "받은다음 열어보니 소재가 알루미늄재질이라 걱정했는데 부드럽고 좋아요. ",
        "SentimentWord": "7",
        "SentimentPolarity": "1"
      }
    ]
  },
  {
    "Index": "26904",
    "RawText": "생각보다 소음이 있어요 약간 크고 덜덜거리는 소리가 계속나서 좀 아쉬워요. 근데 흡입이나 이런 기능은 아주 좋네요^^. 기존 제품 수리비가 10만원 넘게 달라는거 새로 사서 달아봤는데 돈아껴서 너무 좋네요^^ 가성비 갑입니다.",
    "Source": "쇼핑몰",
    "Domain": "가전",
    "MainCategory": "주방가전",
    "ProductName": "파세코 PHD-S605",
    "ReviewScore": "4",
    "Syllable": "126",
    "Word": "30",
    "RDate": "20170819",
    "GeneralPolarity": "1",
    "Aspects": [
      {
        "Aspect": "소음",
        "SentimentText": "생각보다 소음이 있어요 약간 크고 덜덜거리는 소리가 계속나서 좀 아쉬워요",
        "SentimentWord": "10",
        "SentimentPolarity": "-1"
      },
      {
        "Aspect": "기능",
        "SentimentText": "흡입이나 이런 기능은 아주 좋네요^^. ",
        "SentimentWord": "5",
        "SentimentPolarity": "1"
      },
      {
        "Aspect": "가격",
        "SentimentText": "새로 사서 달아봤는데 돈아껴서 너무 좋네요^^ 가성비 갑입니다.",
        "SentimentWord": "8",
        "SentimentPolarity": "1"
      }
    ]
  },
  {
    "Index": "26906",
    "RawText": "슬라이딩으로 된 부분도 흡입 역할을 하는 줄 알았는데 그냥 디자인이였네요 그건 좀 아쉬워요. 그래도 작동해보니 흡입이랑 성능은 훌륭해서 만족스럽습니다.",
    "Source": "쇼핑몰",
    "Domain": "가전",
    "MainCategory": "주방가전",
    "ProductName": "파세코 PHD-S605",
    "ReviewScore": "4",
    "Syllable": "84",
    "Word": "19",
    "RDate": "20200116",
    "GeneralPolarity": "0",
    "Aspects": [
      {
        "Aspect": "디자인",
        "SentimentText": "슬라이딩으로 된 부분도 흡입 역할을 하는 줄 알았는데 그냥 디자인이였네요 그건 좀 아쉬워요.",
        "SentimentWord": "13",
        "SentimentPolarity": "0"
      },
      {
        "Aspect": "기능",
        "SentimentText": "그래도 작동해보니 흡입이랑 성능은 훌륭해서 만족스럽습니다.",
        "SentimentWord": "6",
        "SentimentPolarity": "1"
      }
    ]
  },
  {
    "Index": "26907",
    "RawText": "부모님 댁에 설치해드렸는데 설명서 보고 손쉽게 설치해드렸어요 좋네요^^ 그리고 무엇보다 작동시켜도 소리가 조용해서 마음에 드네요^^",
    "Source": "쇼핑몰",
    "Domain": "가전",
    "MainCategory": "주방가전",
    "ProductName": "파세코 PHD-S605",
    "ReviewScore": "5",
    "Syllable": "73",
    "Word": "15",
    "RDate": "20220820",
    "GeneralPolarity": "1",
    "Aspects": [
      {
        "Aspect": "조작성",
        "SentimentText": "부모님 댁에 설치해드렸는데 설명서 보고 손쉽게 설치해드렸어요 좋네요^^",
        "SentimentWord": "8",
        "SentimentPolarity": "1"
      },
      {
        "Aspect": "소음",
        "SentimentText": "그리고 무엇보다 작동시켜도 소리가 조용해서 마음에 드네요^^",
        "SentimentWord": "7",
        "SentimentPolarity": "1"
      }
    ]
  },
  {
    "Index": "26908",
    "RawText": "흡입력 하난 끝내주네요 최곱니다. 흡입력이 너무 좋다보니 소리가 좀 큰편인데 그정도는 감수할 수 있을정도로 좋아요.",
    "Source": "쇼핑몰",
    "Domain": "가전",
    "MainCategory": "주방가전",
    "ProductName": "파세코 PHD-S605",
    "ReviewScore": "5",
    "Syllable": "64",
    "Word": "15",
    "RDate": "20220313",
    "Aspects": [
      {
        "Aspect": "기능",
        "SentimentText": "흡입력 하난 끝내주네요 최곱니다. ",
        "SentimentWord": "4",
        "SentimentPolarity": "1"
      },
      {
        "Aspect": "소음",
        "SentimentText": " 흡입력이 너무 좋다보니 소리가 좀 큰편인데 그정도는 감수할 수 있을정도로 좋아요.",
        "SentimentWord": "11",
        "SentimentPolarity": "1"
      }
    ]
  },
  {
    "Index": "26909",
    "RawText": "둘이서 설명서 보고 금방 설치해서 작동시켜봤어요. 설치가 쉬워서 좋네요. 그리고 기존것보다 소음이 작아서 너무너무 좋아요^^",
    "Source": "쇼핑몰",
    "Domain": "가전",
    "MainCategory": "주방가전",
    "ProductName": "파세코 PHD-S605",
    "ReviewScore": "5",
    "Syllable": "69",
    "Word": "15",
    "RDate": "20220215",
    "GeneralPolarity": "1",
    "Aspects": [
      {
        "Aspect": "조작성",
        "SentimentText": "둘이서 설명서 보고 금방 설치해서 작동시켜봤어요. 설치가 쉬워서 좋네요. ",
        "SentimentWord": "9",
        "SentimentPolarity": "1"
      },
      {
        "Aspect": "소음",
        "SentimentText": "그리고 기존것보다 소음이 작아서 너무너무 좋아요^^",
        "SentimentWord": "6",
        "SentimentPolarity": "1"
      }
    ]
  },
  {
    "Index": "26910",
    "RawText": "배관이 짧아서 아쉬웠습니다. 설치가 간편해서 좋았습니다.",
    "Source": "쇼핑몰",
    "Domain": "가전",
    "MainCategory": "주방가전",
    "ProductName": "파세코 PHD-S605",
    "ReviewScore": "4",
    "Syllable": "31",
    "Word": "6",
    "RDate": "20220207",
    "Aspects": [
      {
        "Aspect": "사이즈",
        "SentimentText": "배관이 짧아서 아쉬웠습니다.",
        "SentimentWord": "3",
        "SentimentPolarity": "0"
      },
      {
        "Aspect": "조작성",
        "SentimentText": "설치가 간편해서 좋았습니다. ",
        "SentimentWord": "3",
        "SentimentPolarity": "1"
      }
    ]
  },
  {
    "Index": "26911",
    "RawText": "필터가 알루미늄 이라고 했는데 약해서 실망입니다. 가동시 모터가 뜨거워 져서 매우 불안 합니다",
    "Source": "쇼핑몰",
    "Domain": "가전",
    "MainCategory": "주방가전",
    "ProductName": "파세코 PHD-S605",
    "ReviewScore": "4",
    "Syllable": "52",
    "Word": "13",
    "RDate": "20200922",
    "GeneralPolarity": "-1",
    "Aspects": [
      {
        "Aspect": "소재",
        "SentimentText": "필터가 알루미늄 이라고 했는데 약해서 실망입니다.",
        "SentimentWord": "6",
        "SentimentPolarity": "-1"
      },
      {
        "Aspect": "내구성",
        "SentimentText": "가동시 모터가 뜨거워 져서 매우 불안 합니다 ",
        "SentimentWord": "7",
        "SentimentPolarity": "-1"
      }
    ]
  },
  {
    "Index": "26912",
    "RawText": "알루미늄이 얇아 잘 휘는 현상이 있어 매우 실망 스럽습니다.  내구성 또한 탄탄하지 않아 별로 입니다.",
    "Source": "쇼핑몰",
    "Domain": "가전",
    "MainCategory": "주방가전",
    "ProductName": "파세코 PHD-S605",
    "ReviewScore": "4",
    "Syllable": "57",
    "Word": "15",
    "RDate": "20200213",
    "GeneralPolarity": "-1",
    "Aspects": [
      {
        "Aspect": "소재",
        "SentimentText": "알루미늄이 얇아 잘 휘는 현상이 있어 매우 실망 스럽습니다",
        "SentimentWord": "9",
        "SentimentPolarity": "-1"
      },
      {
        "Aspect": "내구성",
        "SentimentText": "내구성 또한 탄탄하지 않아 별로 입니다. ",
        "SentimentWord": "6",
        "SentimentPolarity": "-1"
      }
    ]
  },
  {
    "Index": "26913",
    "RawText": "슬라이딩 사용 시 소음이 나서 별로입니다. 성능은 좋아 연기 흡입은 잘 해서 만족합니다.",
    "Source": "쇼핑몰",
    "Domain": "가전",
    "MainCategory": "주방가전",
    "ProductName": "파세코 PHD-S605",
    "ReviewScore": "5",
    "Syllable": "49",
    "Word": "13",
    "RDate": "20181227",
    "GeneralPolarity": "0",
    "Aspects": [
      {
        "Aspect": "소음",
        "SentimentText": "슬라이딩 사용 시 소음이 나서 별로입니다.",
        "SentimentWord": "6",
        "SentimentPolarity": "-1"
      },
      {
        "Aspect": "기능",
        "SentimentText": " 성능은 좋아 연기 흡입은 잘 해서 만족합니다.",
        "SentimentWord": "7",
        "SentimentPolarity": "1"
      }
    ]
  },
  {
    "Index": "26914",
    "RawText": "배송이 빨라서 매우 만족 스럽습니다. 상품 품질도 나쁘지 않아 괜찮은것 같아요. 디자인도 뭐하나 빠질것없는 슬림하고 심플한 디자인이에요",
    "Source": "쇼핑몰",
    "Domain": "가전",
    "MainCategory": "주방가전",
    "ProductName": "파세코 PHD-S605",
    "ReviewScore": "5",
    "Syllable": "75",
    "Word": "17",
    "RDate": "20200926",
    "Aspects": [
      {
        "Aspect": "디자인",
        "SentimentText": "디자인도 뭐하나 빠질것없는 슬림하고 심플한 디자인이에요",
        "SentimentWord": "6",
        "SentimentPolarity": "1"
      },
      {
        "Aspect": "품질",
        "SentimentText": "상품 품질도 나쁘지 않아 괜찮은것 같아요. ",
        "SentimentWord": "6",
        "SentimentPolarity": "0"
      }
    ]
  },
  {
    "Index": "26915",
    "RawText": "자바라 길이가 짧아서  연결이  힘들었습니다. 흡입력 2단으로 해도 성능이 세지 않아 매우 실망스럽습니다.",
    "Source": "쇼핑몰",
    "Domain": "가전",
    "MainCategory": "주방가전",
    "ProductName": "파세코 PHD-S605",
    "ReviewScore": "3",
    "Syllable": "59",
    "Word": "13",
    "RDate": "20201229",
    "GeneralPolarity": "-1",
    "Aspects": [
      {
        "Aspect": "사이즈",
        "SentimentText": "자바라 길이가 짧아서  연결이  힘들었습니다. ",
        "SentimentWord": "5",
        "SentimentPolarity": "-1"
      },
      {
        "Aspect": "기능",
        "SentimentText": "흡입력 2단으로 해도 성능이 세지 않아 매우 실망스럽습니다.",
        "SentimentWord": "8",
        "SentimentPolarity": "-1"
      }
    ]
  },
  {
    "Index": "26916",
    "RawText": "혼자 설치하느라 힘들었습니다. 근데 흡입력이 좋아 그런대로 만족 중입니다.",
    "Source": "쇼핑몰",
    "Domain": "가전",
    "MainCategory": "주방가전",
    "ProductName": "파세코 PHD-S605",
    "ReviewScore": "5",
    "Syllable": "41",
    "Word": "9",
    "RDate": "20210316",
    "GeneralPolarity": "0",
    "Aspects": [
      {
        "Aspect": "조작성",
        "SentimentText": "혼자 설치하느라 힘들었습니다.",
        "SentimentWord": "3",
        "SentimentPolarity": "-1"
      },
      {
        "Aspect": "기능",
        "SentimentText": "흡입력이 좋아 그런대로 만족 중입니다.",
        "SentimentWord": "5",
        "SentimentPolarity": "0"
      }
    ]
  },
  {
    "Index": "26918",
    "RawText": "기존에 사용하던 ㅇㅇㅇ 제품 만족 해서 또 샀는데 좋네요. 사용하기도 편해서 좋고 소음은 있는 편인데 불편할 정도는 아니라서 괜찮아요.  ",
    "Source": "쇼핑몰",
    "Domain": "가전",
    "MainCategory": "주방가전",
    "ProductName": "파세코 PHD-S605",
    "ReviewScore": "5",
    "Syllable": "77",
    "Word": "19",
    "RDate": "20200627",
    "GeneralPolarity": "1",
    "Aspects": [
      {
        "Aspect": "제조일/제조사",
        "SentimentText": "기존에 사용하던 ㅇㅇㅇ 제품 만족 해서 또 샀는데 좋네요.",
        "SentimentWord": "9",
        "SentimentPolarity": "1"
      },
      {
        "Aspect": "편의성",
        "SentimentText": "사용하기도 편해서 좋고",
        "SentimentWord": "3",
        "SentimentPolarity": "1"
      },
      {
        "Aspect": "소음",
        "SentimentText": "소음은 있는 편인데 불편할 정도는 아니라서 괜찮아요. ",
        "SentimentWord": "7",
        "SentimentPolarity": "0"
      }
    ]
  },
  {
    "Index": "26919",
    "RawText": "생각보다 설치가 쉬워서 너무 좋았습니다. 그런데 소음 큰건 좀 별로입니다",
    "Source": "쇼핑몰",
    "Domain": "가전",
    "MainCategory": "주방가전",
    "ProductName": "파세코 PHD-S605",
    "ReviewScore": "5",
    "Syllable": "40",
    "Word": "10",
    "RDate": "20181111",
    "Aspects": [
      {
        "Aspect": "조작성",
        "SentimentText": "생각보다 설치가 쉬워서 너무 좋았습니다",
        "SentimentWord": "5",
        "SentimentPolarity": "1"
      },
      {
        "Aspect": "소음",
        "SentimentText": " 소음 큰건 좀 별로입니다 ",
        "SentimentWord": "4",
        "SentimentPolarity": "-1"
      }
    ]
  },
  {
    "Index": "26921",
    "RawText": "무게가 무겁지 않아 괜찮네요. 설치하는 것도 어렵지 않아 좋습니다. 배송 역시 빨라서 너무 만족합니다",
    "Source": "쇼핑몰",
    "Domain": "가전",
    "MainCategory": "주방가전",
    "ProductName": "파세코 PHD-S605",
    "ReviewScore": "5",
    "Syllable": "56",
    "Word": "14",
    "RDate": "20220401",
    "Aspects": [
      {
        "Aspect": "무게",
        "SentimentText": "무게가 무겁지 않아 괜찮네요",
        "SentimentWord": "4",
        "SentimentPolarity": "1"
      },
      {
        "Aspect": "조작성",
        "SentimentText": " 설치하는 것도 어렵지 않아 좋습니다",
        "SentimentWord": "5",
        "SentimentPolarity": "1"
      }
    ]
  },
  {
    "Index": "26922",
    "RawText": "혼자서도 충분히 설치 할수 있어 좋았습니다. 근데 알루미늄 필터가 너무 싸구려 같아 실망입니다. 그리고  소음은 왜 이렇게 큰지 듣기 싫어요.",
    "Source": "쇼핑몰",
    "Domain": "가전",
    "MainCategory": "주방가전",
    "ProductName": "파세코 PHD-S605",
    "ReviewScore": "3",
    "Syllable": "79",
    "Word": "20",
    "RDate": "20220209",
    "GeneralPolarity": "-1",
    "Aspects": [
      {
        "Aspect": "조작성",
        "SentimentText": "혼자서도 충분히 설치 할수 있어 좋았습니다. ",
        "SentimentWord": "6",
        "SentimentPolarity": "1"
      },
      {
        "Aspect": "소재",
        "SentimentText": "알루미늄 필터가 너무 싸구려 같아 실망입니다",
        "SentimentWord": "6",
        "SentimentPolarity": "-1"
      },
      {
        "Aspect": "소음",
        "SentimentText": "소음은 왜 이렇게 큰지 듣기 싫어요.  ",
        "SentimentWord": "6",
        "SentimentPolarity": "-1"
      }
    ]
  },
  {
    "Index": "26923",
    "RawText": "혼자서도 쉽게 설치할 수 있어 좋습니다. 성능도 나쁘지 않아 만족하고 소음도 크게 시끄럽지 않아 좋습니다. 가격도 저렴해서 좋은 것 같아요",
    "Source": "쇼핑몰",
    "Domain": "가전",
    "MainCategory": "주방가전",
    "ProductName": "파세코 PHD-S605",
    "ReviewScore": "5",
    "Syllable": "77",
    "Word": "20",
    "RDate": "20190711",
    "GeneralPolarity": "1",
    "Aspects": [
      {
        "Aspect": "조작성",
        "SentimentText": "혼자서도 쉽게 설치할 수 있어 좋습니다.",
        "SentimentWord": "6",
        "SentimentPolarity": "1"
      },
      {
        "Aspect": "기능",
        "SentimentText": " 성능도 나쁘지 않아 만족하고",
        "SentimentWord": "4",
        "SentimentPolarity": "1"
      },
      {
        "Aspect": "소음",
        "SentimentText": "소음도 크게 시끄럽지 않아 좋습니다. ",
        "SentimentWord": "5",
        "SentimentPolarity": "1"
      },
      {
        "Aspect": "가격",
        "SentimentText": "가격도 저렴해서 좋은 것 같아요",
        "SentimentWord": "5",
        "SentimentPolarity": "1"
      }
    ]
  },
  {
    "Index": "26924",
    "RawText": "자바라가 짧아서 아쉽습니다. 구성품에 들어 있는 부속품도 싸구려 같아 별로입니다.",
    "Source": "쇼핑몰",
    "Domain": "가전",
    "MainCategory": "주방가전",
    "ProductName": "파세코 PHD-S605",
    "ReviewScore": "5",
    "Syllable": "45",
    "Word": "10",
    "RDate": "20190322",
    "Aspects": [
      {
        "Aspect": "사이즈",
        "SentimentText": "자바라가 짧아서 아쉽습니다",
        "SentimentWord": "3",
        "SentimentPolarity": "-1"
      },
      {
        "Aspect": "제품구성",
        "SentimentText": "구성품에 들어 있는 부속품도 싸구려 같아 별로입니다.",
        "SentimentWord": "7",
        "SentimentPolarity": "-1"
      }
    ]
  },
  {
    "Index": "26926",
    "RawText": "기존에 사용하던 상품이라 사이즈가 달라 아쉬웠어요. 위치상 설치하는데 애먹었습니다. 저렴한 가격에 구매해서 좋습니다.",
    "Source": "쇼핑몰",
    "Domain": "가전",
    "MainCategory": "주방가전",
    "ProductName": "파세코 PHD-S605",
    "ReviewScore": "5",
    "Syllable": "65",
    "Word": "13",
    "RDate": "20210127",
    "GeneralPolarity": "0",
    "Aspects": [
      {
        "Aspect": "사이즈",
        "SentimentText": "기존에 사용하던 상품이라 사이즈가 달라 아쉬웠어요",
        "SentimentWord": "6",
        "SentimentPolarity": "0"
      },
      {
        "Aspect": "조작성",
        "SentimentText": "위치상 설치하는데 애먹었습니다",
        "SentimentWord": "3",
        "SentimentPolarity": "-1"
      },
      {
        "Aspect": "가격",
        "SentimentText": "저렴한 가격에 구매해서 좋습니다.",
        "SentimentWord": "4",
        "SentimentPolarity": "1"
      }
    ]
  },
  {
    "Index": "26927",
    "RawText": "저렴한 가격으로 사서 좋습니다. 혼자서 설치 하는 것 도 어렵지 않아 좋습니다.  ",
    "Source": "쇼핑몰",
    "Domain": "가전",
    "MainCategory": "주방가전",
    "ProductName": "파세코 PHD-S605",
    "ReviewScore": "5",
    "Syllable": "46",
    "Word": "12",
    "RDate": "20220113",
    "GeneralPolarity": "1",
    "Aspects": [
      {
        "Aspect": "가격",
        "SentimentText": "저렴한 가격으로 사서 좋습니다. ",
        "SentimentWord": "4",
        "SentimentPolarity": "1"
      },
      {
        "Aspect": "조작성",
        "SentimentText": "혼자서 설치 하는 것 도 어렵지 않아 좋습니다. ",
        "SentimentWord": "8",
        "SentimentPolarity": "1"
      }
    ]
  },
  {
    "Index": "26928",
    "RawText": "최저가로 구매 해서 좋습니다. 소음도 조용해 만족 하고 흡입력 또한 월등해서 좋습니다.",
    "Source": "쇼핑몰",
    "Domain": "가전",
    "MainCategory": "주방가전",
    "ProductName": "파세코 PHD-S605",
    "ReviewScore": "5",
    "Syllable": "48",
    "Word": "12",
    "RDate": "20201106",
    "GeneralPolarity": "1",
    "Aspects": [
      {
        "Aspect": "가격",
        "SentimentText": "최저가로 구매 해서 좋습니다.",
        "SentimentWord": "4",
        "SentimentPolarity": "1"
      },
      {
        "Aspect": "소음",
        "SentimentText": " 소음도 조용해 만족 하고",
        "SentimentWord": "4",
        "SentimentPolarity": "1"
      },
      {
        "Aspect": "기능",
        "SentimentText": "흡입력 또한 월등해서 좋습니다.",
        "SentimentWord": "4",
        "SentimentPolarity": "1"
      }
    ]
  },
  {
    "Index": "26929",
    "RawText": "싸게 살 수 있어 좋았습니다. 생각보다 배송이 빨라 아주 좋았습니다. 디자인 딱 제 스타일",
    "Source": "쇼핑몰",
    "Domain": "가전",
    "MainCategory": "주방가전",
    "ProductName": "파세코 PHD-S605",
    "ReviewScore": "4",
    "Syllable": "50",
    "Word": "14",
    "RDate": "20201105",
    "Aspects": [
      {
        "Aspect": "가격",
        "SentimentText": "싸게 살 수 있어 좋았습니다.",
        "SentimentWord": "5",
        "SentimentPolarity": "1"
      },
      {
        "Aspect": "디자인",
        "SentimentText": "디자인 딱 제 스타일",
        "SentimentWord": "4",
        "SentimentPolarity": "1"
      }
    ]
  },
  {
    "Index": "26930",
    "RawText": "가격은 저렴해서 좋았는데, 생각보다 무게감 있어 힘들었습니다. 혼자 설치는 어렵고 둘이서 해야 합니다.",
    "Source": "쇼핑몰",
    "Domain": "가전",
    "MainCategory": "주방가전",
    "ProductName": "파세코 PHD-S605",
    "ReviewScore": "5",
    "Syllable": "57",
    "Word": "13",
    "RDate": "20210911",
    "GeneralPolarity": "-1",
    "Aspects": [
      {
        "Aspect": "가격",
        "SentimentText": "가격은 저렴해서 좋았는데",
        "SentimentWord": "3",
        "SentimentPolarity": "1"
      },
      {
        "Aspect": "무게",
        "SentimentText": "생각보다 무게감 있어 힘들었습니다",
        "SentimentWord": "4",
        "SentimentPolarity": "-1"
      },
      {
        "Aspect": "조작성",
        "SentimentText": "혼자 설치는 어렵고 둘이서 해야 합니다.",
        "SentimentWord": "6",
        "SentimentPolarity": "-1"
      }
    ]
  },
  {
    "Index": "26931",
    "RawText": "가격은 저렴해서 만족 합니다. 성능이 업그레이드 된 것 같아 좋았고,조명도 밝아 사용하기 편해 좋습니다",
    "Source": "쇼핑몰",
    "Domain": "가전",
    "MainCategory": "주방가전",
    "ProductName": "파세코 PHD-S605",
    "ReviewScore": "5",
    "Syllable": "57",
    "Word": "14",
    "RDate": "20180316",
    "GeneralPolarity": "1",
    "Aspects": [
      {
        "Aspect": "가격",
        "SentimentText": "가격은 저렴해서 만족 합니다. ",
        "SentimentWord": "4",
        "SentimentPolarity": "1"
      },
      {
        "Aspect": "기능",
        "SentimentText": "성능이 업그레이드 된 것 같아 좋았고",
        "SentimentWord": "6",
        "SentimentPolarity": "1"
      },
      {
        "Aspect": "편의성",
        "SentimentText": "조명도 밝아 사용하기 편해 좋습니다",
        "SentimentWord": "5",
        "SentimentPolarity": "1"
      }
    ]
  },
  {
    "Index": "26932",
    "RawText": "가격도 할인 혜택받아 잘 사서 좋습니다. 포장 상태가 부실해서인지 상품이 찌그러져 와서 기분이 상했습니다 소음이 있다고는 했는데 생각보다 더 심하네요 ",
    "Source": "쇼핑몰",
    "Domain": "가전",
    "MainCategory": "주방가전",
    "ProductName": "파세코 PHD-S605",
    "ReviewScore": "4",
    "Syllable": "84",
    "Word": "20",
    "RDate": "20220704",
    "Aspects": [
      {
        "Aspect": "가격",
        "SentimentText": "가격도 할인 혜택받아 잘 사서 좋습니다.",
        "SentimentWord": "6",
        "SentimentPolarity": "1"
      },
      {
        "Aspect": "소음",
        "SentimentText": "소음이 있다고는 했는데 생각보다 더 심하네요",
        "SentimentWord": "6",
        "SentimentPolarity": "-1"
      }
    ]
  },
  {
    "Index": "26933",
    "RawText": "가격 대비 가성비 좋습니다. 소음은 있는편 이라서 좀 거슬려요 설치는 어렵지 않아 좋았습니다  ",
    "Source": "쇼핑몰",
    "Domain": "가전",
    "MainCategory": "주방가전",
    "ProductName": "파세코 PHD-S605",
    "ReviewScore": "4",
    "Syllable": "53",
    "Word": "13",
    "RDate": "20200822",
    "GeneralPolarity": "0",
    "Aspects": [
      {
        "Aspect": "가격",
        "SentimentText": "가격 대비 가성비 좋습니다",
        "SentimentWord": "4",
        "SentimentPolarity": "1"
      },
      {
        "Aspect": "소음",
        "SentimentText": "소음은 있는편 이라서 좀 거슬려요",
        "SentimentWord": "5",
        "SentimentPolarity": "-1"
      },
      {
        "Aspect": "조작성",
        "SentimentText": "설치는 어렵지 않아 좋았습니다 ",
        "SentimentWord": "4",
        "SentimentPolarity": "1"
      }
    ]
  },
  {
    "Index": "26934",
    "RawText": "가격대비 가성비가 좋은 제품입니다.  디자인도 심플하면서 고급스러워 좋아요. 직접 설치 하는 것 도 어렵지 않아 좋고 , 흡입력 성능 또한 우수해 좋습니다",
    "Source": "쇼핑몰",
    "Domain": "가전",
    "MainCategory": "주방가전",
    "ProductName": "파세코 PHD-S605",
    "ReviewScore": "5",
    "Syllable": "86",
    "Word": "22",
    "RDate": "20210517",
    "GeneralPolarity": "1",
    "Aspects": [
      {
        "Aspect": "가격",
        "SentimentText": "가격대비 가성비가 좋은 제품입니다. ",
        "SentimentWord": "4",
        "SentimentPolarity": "1"
      },
      {
        "Aspect": "디자인",
        "SentimentText": "디자인도 심플하면서 고급스러워 좋아요. ",
        "SentimentWord": "4",
        "SentimentPolarity": "1"
      },
      {
        "Aspect": "조작성",
        "SentimentText": " 직접 설치 하는 것 도 어렵지 않아 좋고",
        "SentimentWord": "8",
        "SentimentPolarity": "1"
      },
      {
        "Aspect": "기능",
        "SentimentText": "흡입력 성능 또한 우수해 좋습니다",
        "SentimentWord": "5",
        "SentimentPolarity": "1"
      }
    ]
  },
  {
    "Index": "26935",
    "RawText": "저렴하게  가성비 좋은 상품 구입 해서 만족 합니다. 배송도 빨라서  너무 좋았는데, 소음이 큰 건 아쉽네요",
    "Source": "쇼핑몰",
    "Domain": "가전",
    "MainCategory": "주방가전",
    "ProductName": "파세코 PHD-S605",
    "ReviewScore": "5",
    "Syllable": "60",
    "Word": "16",
    "RDate": "20210418",
    "Aspects": [
      {
        "Aspect": "가격",
        "SentimentText": "저렴하게  가성비 좋은 상품 구입 해서 만족 합니다. ",
        "SentimentWord": "8",
        "SentimentPolarity": "1"
      },
      {
        "Aspect": "소음",
        "SentimentText": "소음이 큰 건 아쉽네요",
        "SentimentWord": "4",
        "SentimentPolarity": "-1"
      }
    ]
  },
  {
    "Index": "26936",
    "RawText": "혼자 보다는 둘이서 설치 해야 덜 힘들어요. 하지만 모터 성능  좋은 것 같아  흡입력이 우수해 만족 합니다.",
    "Source": "쇼핑몰",
    "Domain": "가전",
    "MainCategory": "주방가전",
    "ProductName": "파세코 PHD-S605",
    "ReviewScore": "5",
    "Syllable": "61",
    "Word": "17",
    "RDate": "20210522",
    "GeneralPolarity": "0",
    "Aspects": [
      {
        "Aspect": "조작성",
        "SentimentText": "혼자 보다는 둘이서 설치 해야 덜 힘들어요. ",
        "SentimentWord": "7",
        "SentimentPolarity": "0"
      },
      {
        "Aspect": "기능",
        "SentimentText": "모터 성능  좋은 것 같아  흡입력이 우수해 만족 합니다. ",
        "SentimentWord": "9",
        "SentimentPolarity": "1"
      }
    ]
  },
  {
    "Index": "26937",
    "RawText": "흡입력이 좋아 대단히 만족 스럽고 , 생각보다 소음이 작아 좋습니다.",
    "Source": "쇼핑몰",
    "Domain": "가전",
    "MainCategory": "주방가전",
    "ProductName": "파세코 PHD-S605",
    "ReviewScore": "4",
    "Syllable": "38",
    "Word": "10",
    "RDate": "20210319",
    "GeneralPolarity": "1",
    "Aspects": [
      {
        "Aspect": "기능",
        "SentimentText": "흡입력이 좋아 대단히 만족 스럽고 ",
        "SentimentWord": "5",
        "SentimentPolarity": "1"
      },
      {
        "Aspect": "소음",
        "SentimentText": " 생각보다 소음이 작아 좋습니다. ",
        "SentimentWord": "4",
        "SentimentPolarity": "1"
      }
    ]
  },
  {
    "Index": "26938",
    "RawText": "기존 사용하던 제품과 같은 제품이라서 교체했는데, 사이즈가 다른 것 같아 당황스럽습니다. 자가 설치 할 수 있어 그건 편하네요.",
    "Source": "쇼핑몰",
    "Domain": "가전",
    "MainCategory": "주방가전",
    "ProductName": "파세코 PHD-S605",
    "ReviewScore": "4",
    "Syllable": "71",
    "Word": "18",
    "RDate": "20170713",
    "GeneralPolarity": "0",
    "Aspects": [
      {
        "Aspect": "사이즈",
        "SentimentText": "사이즈가 다른 것 같아 당황스럽습니다. ",
        "SentimentWord": "5",
        "SentimentPolarity": "0"
      },
      {
        "Aspect": "조작성",
        "SentimentText": "자가 설치 할 수 있어 그건 편하네요. ",
        "SentimentWord": "7",
        "SentimentPolarity": "1"
      }
    ]
  },
  {
    "Index": "26939",
    "RawText": "기존 상품보다 조리 후 흡입력 성능이 좋아서 매우 만족 스럽습니다. 소음도 작은 편이라서 만족하는데 설치 당시 볼트 고정이 힘들어 고생했습니다.",
    "Source": "쇼핑몰",
    "Domain": "가전",
    "MainCategory": "주방가전",
    "ProductName": "파세코 PHD-S605",
    "ReviewScore": "5",
    "Syllable": "80",
    "Word": "20",
    "RDate": "20210407",
    "GeneralPolarity": "0",
    "Aspects": [
      {
        "Aspect": "기능",
        "SentimentText": "흡입력 성능이 좋아서 매우 만족 스럽습니다. ",
        "SentimentWord": "6",
        "SentimentPolarity": "1"
      },
      {
        "Aspect": "소음",
        "SentimentText": "소음도 작은 편이라서 만족하는데",
        "SentimentWord": "4",
        "SentimentPolarity": "1"
      },
      {
        "Aspect": "조작성",
        "SentimentText": "설치 당시 볼트 고정이 힘들어 고생했습니다.",
        "SentimentWord": "6",
        "SentimentPolarity": "-1"
      }
    ]
  },
  {
    "Index": "26940",
    "RawText": "기존 사용 하던 상품과 사이즈가 같아 아주 만족스럽습니다.  성능면에서도  우수해 더욱 만족스럽네요",
    "Source": "쇼핑몰",
    "Domain": "가전",
    "MainCategory": "주방가전",
    "ProductName": "파세코 PHD-S605",
    "ReviewScore": "5",
    "Syllable": "55",
    "Word": "12",
    "RDate": "20170920",
    "GeneralPolarity": "1",
    "Aspects": [
      {
        "Aspect": "사이즈",
        "SentimentText": "기존 사용 하던 상품과 사이즈가 같아 아주 만족스럽습니다. ",
        "SentimentWord": "8",
        "SentimentPolarity": "1"
      },
      {
        "Aspect": "기능",
        "SentimentText": "성능면에서도  우수해 더욱 만족스럽네요",
        "SentimentWord": "4",
        "SentimentPolarity": "1"
      }
    ]
  },
  {
    "Index": "26942",
    "RawText": "상품에 흠집이 많이 난 상태로 배송이 와서 매우 기분이 안 좋습니다. 포장 상태도 엉망이고 화가 너무 납니다 생각보다 너무 무거워 놀랐어요",
    "Source": "쇼핑몰",
    "Domain": "가전",
    "MainCategory": "주방가전",
    "ProductName": "파세코 PHD-S605",
    "ReviewScore": "1",
    "Syllable": "77",
    "Word": "21",
    "RDate": "20210620",
    "Aspects": [
      {
        "Aspect": "품질",
        "SentimentText": "상품에 흠집이 많이 난 상태로 배송이 와서 매우 기분이 안 좋습니다. ",
        "SentimentWord": "11",
        "SentimentPolarity": "-1"
      },
      {
        "Aspect": "무게",
        "SentimentText": "생각보다 너무 무거워 놀랐어요",
        "SentimentWord": "4",
        "SentimentPolarity": "-1"
      }
    ]
  },
  {
    "Index": "26943",
    "RawText": "제품 성능이 좋아 아주 마음에 듭니다. 주방에서 음식 할 때 냄새가 안 나 쾌적해서 요리하기 너무 편해 좋네요",
    "Source": "쇼핑몰",
    "Domain": "가전",
    "MainCategory": "주방가전",
    "ProductName": "파세코 PHD-S605",
    "ReviewScore": "5",
    "Syllable": "61",
    "Word": "18",
    "RDate": "20210728",
    "GeneralPolarity": "1",
    "Aspects": [
      {
        "Aspect": "기능",
        "SentimentText": "제품 성능이 좋아 아주 마음에 듭니다 ",
        "SentimentWord": "6",
        "SentimentPolarity": "1"
      },
      {
        "Aspect": "편의성",
        "SentimentText": "음식 할 때 냄새가 안 나 쾌적해서 요리하기 너무 편해 좋네요",
        "SentimentWord": "11",
        "SentimentPolarity": "1"
      }
    ]
  },
  {
    "Index": "26944",
    "RawText": "배송 온 상품이 찌그러진 상태로 배송와서 매우 기분이 안 좋았습니다. 그 뿐만 아니라 구성품에 레일 받침 또한 없어 매우 당황 했습니다.",
    "Source": "쇼핑몰",
    "Domain": "가전",
    "MainCategory": "주방가전",
    "ProductName": "파세코 PHD-S605",
    "ReviewScore": "1",
    "Syllable": "76",
    "Word": "21",
    "RDate": "20190916",
    "GeneralPolarity": "-1",
    "Aspects": [
      {
        "Aspect": "품질",
        "SentimentText": "찌그러진 상태로 배송와서 매우 기분이 안 좋았습니다",
        "SentimentWord": "7",
        "SentimentPolarity": "-1"
      },
      {
        "Aspect": "제품구성",
        "SentimentText": "구성품에 레일 받침 또한 없어 매우 당황 했습니다.    ",
        "SentimentWord": "8",
        "SentimentPolarity": "-1"
      }
    ]
  },
  {
    "Index": "26945",
    "RawText": "처음부터 조명 불량 상품이 배송되어 기분이 매우 안 좋았습니다. 포장 상태도 엉망이고 사고 참 기분 엿 같네요 가격이 저렴한것도 아닌데 정말 실망이에요",
    "Source": "쇼핑몰",
    "Domain": "가전",
    "MainCategory": "주방가전",
    "ProductName": "파세코 PHD-S605",
    "ReviewScore": "1",
    "Syllable": "84",
    "Word": "22",
    "RDate": "20180801",
    "Aspects": [
      {
        "Aspect": "품질",
        "SentimentText": "조명 불량 상품이 배송되어 기분이 매우 안 좋았습니다. ",
        "SentimentWord": "8",
        "SentimentPolarity": "-1"
      },
      {
        "Aspect": "가격",
        "SentimentText": "가격이 저렴한것도 아닌데 정말 실망이에요",
        "SentimentWord": "5",
        "SentimentPolarity": "-1"
      }
    ]
  },
  {
    "Index": "26946",
    "RawText": "직접 설치 하는데 좀 어렵지만 혼자 설치 할수 있어 좋았습니다. 무게감이 있어 그건 좀 힘들었습니다",
    "Source": "쇼핑몰",
    "Domain": "가전",
    "MainCategory": "주방가전",
    "ProductName": "파세코 PHD-S605",
    "ReviewScore": "5",
    "Syllable": "55",
    "Word": "15",
    "RDate": "20200113",
    "GeneralPolarity": "0",
    "Aspects": [
      {
        "Aspect": "조작성",
        "SentimentText": "직접 설치 하는데 좀 어렵지만 혼자 설치 할수 있어 좋았습니다. ",
        "SentimentWord": "10",
        "SentimentPolarity": "0"
      },
      {
        "Aspect": "무게",
        "SentimentText": "무게감이 있어 그건 좀 힘들었습니다 ",
        "SentimentWord": "5",
        "SentimentPolarity": "-1"
      }
    ]
  },
  {
    "Index": "26947",
    "RawText": "기존 사용하던 브랜드라서 쉽게 설치 할 수 있어 좋았습니다.  성능 또한 세서 엄마가 너무 좋아 하세요",
    "Source": "쇼핑몰",
    "Domain": "가전",
    "MainCategory": "주방가전",
    "ProductName": "파세코 PHD-S605",
    "ReviewScore": "5",
    "Syllable": "57",
    "Word": "16",
    "RDate": "20200916",
    "GeneralPolarity": "1",
    "Aspects": [
      {
        "Aspect": "조작성",
        "SentimentText": "기존 사용하던 브랜드라서 쉽게 설치 할 수 있어 좋았습니다. ",
        "SentimentWord": "9",
        "SentimentPolarity": "1"
      },
      {
        "Aspect": "기능",
        "SentimentText": "성능 또한 세서 엄마가 너무 좋아 하세요  ",
        "SentimentWord": "7",
        "SentimentPolarity": "1"
      }
    ]
  },
  {
    "Index": "26952",
    "RawText": "설치 하는 것은 어렵지 않아 좋습니다. 흡입력 또한 좋아요. 근데 생각보다 소음은 좀 큼편이라서 불편해요",
    "Source": "쇼핑몰",
    "Domain": "가전",
    "MainCategory": "주방가전",
    "ProductName": "파세코 PHD-S605",
    "ReviewScore": "4",
    "Syllable": "58",
    "Word": "15",
    "RDate": "20191011",
    "GeneralPolarity": "0",
    "Aspects": [
      {
        "Aspect": "조작성",
        "SentimentText": "설치 하는 것은 어렵지 않아 좋습니다.",
        "SentimentWord": "6",
        "SentimentPolarity": "1"
      },
      {
        "Aspect": "기능",
        "SentimentText": " 흡입력 또한 좋아요",
        "SentimentWord": "3",
        "SentimentPolarity": "1"
      },
      {
        "Aspect": "소음",
        "SentimentText": "생각보다 소음은 좀 큼편이라서 불편해요 ",
        "SentimentWord": "5",
        "SentimentPolarity": "-1"
      }
    ]
  },
  {
    "Index": "26953",
    "RawText": "소음이 약간 발생되어 신경 쓰이고 실망입니다. 가동 시 열감이 느껴져 매우 신경 쓰여요 ",
    "Source": "쇼핑몰",
    "Domain": "가전",
    "MainCategory": "주방가전",
    "ProductName": "파세코 PHD-S605",
    "ReviewScore": "1",
    "Syllable": "49",
    "Word": "13",
    "RDate": "20190803",
    "GeneralPolarity": "-1",
    "Aspects": [
      {
        "Aspect": "소음",
        "SentimentText": "소음이 약간 발생되어 신경 쓰이고 실망입니다.",
        "SentimentWord": "6",
        "SentimentPolarity": "-1"
      },
      {
        "Aspect": "내구성",
        "SentimentText": "가동 시 열감이 느껴져 매우 신경 쓰여요",
        "SentimentWord": "7",
        "SentimentPolarity": "-1"
      }
    ]
  },
  {
    "Index": "26954",
    "RawText": "디자인은 깔끔해서 좋습니다. 생각보다 소음이 커서 실망입니다",
    "Source": "쇼핑몰",
    "Domain": "가전",
    "MainCategory": "주방가전",
    "ProductName": "파세코 PHD-S605",
    "ReviewScore": "5",
    "Syllable": "33",
    "Word": "7",
    "RDate": "20210916",
    "GeneralPolarity": "0",
    "Aspects": [
      {
        "Aspect": "디자인",
        "SentimentText": "디자인은 깔끔해서 좋습니다.",
        "SentimentWord": "3",
        "SentimentPolarity": "1"
      },
      {
        "Aspect": "소음",
        "SentimentText": " 생각보다 소음이 커서 실망입니다 ",
        "SentimentWord": "4",
        "SentimentPolarity": "-1"
      }
    ]
  },
  {
    "Index": "26955",
    "RawText": "이제까지 사용 하던 상품 중 제일 흡입력이 약해 매우 실망 스럽습니다. 소음도 커서 별로예요",
    "Source": "쇼핑몰",
    "Domain": "가전",
    "MainCategory": "주방가전",
    "ProductName": "파세코 PHD-S605",
    "ReviewScore": "1",
    "Syllable": "51",
    "Word": "14",
    "RDate": "20201015",
    "GeneralPolarity": "-1",
    "Aspects": [
      {
        "Aspect": "기능",
        "SentimentText": "제일 흡입력이 약해 매우 실망 스럽습니다",
        "SentimentWord": "6",
        "SentimentPolarity": "-1"
      },
      {
        "Aspect": "소음",
        "SentimentText": "소음도 커서 별로예요 ",
        "SentimentWord": "3",
        "SentimentPolarity": "-1"
      }
    ]
  },
  {
    "Index": "26956",
    "RawText": "제조사에서 직접 배달해 주셔서 좋았습니다. 저렴한 가격으로 구매해서 만족 합니다 신뢰의 ○○○. 믿고 구매했어요",
    "Source": "쇼핑몰",
    "Domain": "가전",
    "MainCategory": "주방가전",
    "ProductName": "파세코 PHD-S605",
    "ReviewScore": "5",
    "Syllable": "62",
    "Word": "14",
    "RDate": "20200601",
    "Aspects": [
      {
        "Aspect": "제조일/제조사",
        "SentimentText": "신뢰의 ○○○. 믿고 구매했어요",
        "SentimentWord": "4",
        "SentimentPolarity": "1"
      },
      {
        "Aspect": "가격",
        "SentimentText": "저렴한 가격으로 구매해서 만족 합니다 ",
        "SentimentWord": "5",
        "SentimentPolarity": "1"
      }
    ]
  },
  {
    "Index": "26957",
    "RawText": "혼자 설치 하는게 쉽게 않지만 간편 한 것 같아 좋습니다. 근데 생각보다 소리가 커서 별로 입니다",
    "Source": "쇼핑몰",
    "Domain": "가전",
    "MainCategory": "주방가전",
    "ProductName": "파세코 PHD-S605",
    "ReviewScore": "5",
    "Syllable": "54",
    "Word": "16",
    "RDate": "20210211",
    "GeneralPolarity": "0",
    "Aspects": [
      {
        "Aspect": "조작성",
        "SentimentText": "혼자 설치 하는게 쉽게 않지만 간편 한 것 같아 좋습니다",
        "SentimentWord": "10",
        "SentimentPolarity": "0"
      },
      {
        "Aspect": "소음",
        "SentimentText": "생각보다 소리가 커서 별로 입니다 ",
        "SentimentWord": "5",
        "SentimentPolarity": "-1"
      }
    ]
  },
  {
    "Index": "26958",
    "RawText": "설치도 간편하게 볼트 4개만 조이면 되서 너무 편해요. 소음은 좀 커서 아쉽네요",
    "Source": "쇼핑몰",
    "Domain": "가전",
    "MainCategory": "주방가전",
    "ProductName": "파세코 PHD-S605",
    "ReviewScore": "5",
    "Syllable": "44",
    "Word": "12",
    "RDate": "20200705",
    "GeneralPolarity": "0",
    "Aspects": [
      {
        "Aspect": "조작성",
        "SentimentText": "설치도 간편하게 볼트 4개만 조이면 되서 너무 편해요",
        "SentimentWord": "8",
        "SentimentPolarity": "1"
      },
      {
        "Aspect": "소음",
        "SentimentText": " 소음은 좀 커서 아쉽네요 ",
        "SentimentWord": "4",
        "SentimentPolarity": "-1"
      }
    ]
  },
  {
    "Index": "26959",
    "RawText": "기존 사용하던 거라 사이즈가 다르지만  나쁘지 않아 만족합니다. 근데 재질은 좀 싸구려 같아 실망입니다",
    "Source": "쇼핑몰",
    "Domain": "가전",
    "MainCategory": "주방가전",
    "ProductName": "파세코 PHD-S605",
    "ReviewScore": "5",
    "Syllable": "57",
    "Word": "14",
    "RDate": "20190408",
    "GeneralPolarity": "0",
    "Aspects": [
      {
        "Aspect": "사이즈",
        "SentimentText": "사이즈가 다르지만  나쁘지 않아 만족합니다 ",
        "SentimentWord": "5",
        "SentimentPolarity": "0"
      },
      {
        "Aspect": "소재",
        "SentimentText": "재질은 좀 싸구려 같아 실망입니다 ",
        "SentimentWord": "5",
        "SentimentPolarity": "-1"
      }
    ]
  },
  {
    "Index": "26960",
    "RawText": "사용하던 후드 고장으로 교체 했는데 설치가 간편해서 좋고 가격도 저렴해서 아주 만족 합니다",
    "Source": "쇼핑몰",
    "Domain": "가전",
    "MainCategory": "주방가전",
    "ProductName": "파세코 PHD-S605",
    "ReviewScore": "3",
    "Syllable": "50",
    "Word": "13",
    "RDate": "20170731",
    "GeneralPolarity": "1",
    "Aspects": [
      {
        "Aspect": "조작성",
        "SentimentText": " 설치가 간편해서 좋고",
        "SentimentWord": "3",
        "SentimentPolarity": "1"
      },
      {
        "Aspect": "가격",
        "SentimentText": "가격도 저렴해서 아주 만족 합니다  ",
        "SentimentWord": "5",
        "SentimentPolarity": "1"
      }
    ]
  },
  {
    "Index": "26962",
    "RawText": "디자인 심플하니 깔끔해서 좋습니다. 흡입력도 좋은 것 같아 만족 하고 빠르게 배송 와서 아주 좋았습니다.",
    "Source": "쇼핑몰",
    "Domain": "가전",
    "MainCategory": "주방가전",
    "ProductName": "파세코 PHD-S605",
    "ReviewScore": "4",
    "Syllable": "58",
    "Word": "15",
    "RDate": "20210723",
    "Aspects": [
      {
        "Aspect": "디자인",
        "SentimentText": "디자인 심플하니 깔끔해서 좋습니다",
        "SentimentWord": "4",
        "SentimentPolarity": "1"
      },
      {
        "Aspect": "기능",
        "SentimentText": "흡입력도 좋은 것 같아 만족 ",
        "SentimentWord": "5",
        "SentimentPolarity": "1"
      }
    ]
  },
  {
    "Index": "26963",
    "RawText": "택배기사님이 다른 집으로 배송을 해가지고 물건을 늦게 받아서 짜증이 났네요. 그래도 물건은 디자인이 깔끔해서 인테리어를 확 살리네요 설치하는데 너무 오래걸렸네요. ㅠㅠ",
    "Source": "쇼핑몰",
    "Domain": "가전",
    "MainCategory": "주방가전",
    "ProductName": "파세코 PHD-S605",
    "ReviewScore": "5",
    "Syllable": "93",
    "Word": "21",
    "RDate": "20191129",
    "Aspects": [
      {
        "Aspect": "조작성",
        "SentimentText": "설치하는데 너무 오래걸렸네요. ㅠㅠ",
        "SentimentWord": "4",
        "SentimentPolarity": "-1"
      },
      {
        "Aspect": "디자인",
        "SentimentText": "그래도 물건은 디자인이 깔끔해서 인테리어를 확 살리네요",
        "SentimentWord": "7",
        "SentimentPolarity": "1"
      }
    ]
  },
  {
    "Index": "26964",
    "RawText": "후드 설치가 간편해서 만족 하고, 조명도 밝아서 좋은 것 같아요",
    "Source": "쇼핑몰",
    "Domain": "가전",
    "MainCategory": "주방가전",
    "ProductName": "파세코 PHD-S605",
    "ReviewScore": "5",
    "Syllable": "35",
    "Word": "10",
    "RDate": "20210904",
    "GeneralPolarity": "1",
    "Aspects": [
      {
        "Aspect": "조작성",
        "SentimentText": "후드 설치가 간편해서 만족 하고,",
        "SentimentWord": "5",
        "SentimentPolarity": "1"
      },
      {
        "Aspect": "기능",
        "SentimentText": "조명도 밝아서 좋은 것 같아요 ",
        "SentimentWord": "5",
        "SentimentPolarity": "1"
      }
    ]
  },
  {
    "Index": "26965",
    "RawText": "설치가 어렵지 않아 간편하게 할 수 있어 좋았습니다. 가격도 저렴하게 구입 해서 아주 좋습니다.",
    "Source": "쇼핑몰",
    "Domain": "가전",
    "MainCategory": "주방가전",
    "ProductName": "파세코 PHD-S605",
    "ReviewScore": "5",
    "Syllable": "53",
    "Word": "14",
    "RDate": "20200915",
    "GeneralPolarity": "1",
    "Aspects": [
      {
        "Aspect": "조작성",
        "SentimentText": "설치가 어렵지 않아 간편하게 할 수 있어 좋았습니다",
        "SentimentWord": "8",
        "SentimentPolarity": "1"
      },
      {
        "Aspect": "가격",
        "SentimentText": "가격도 저렴하게 구입 해서 아주 좋습니다. ",
        "SentimentWord": "6",
        "SentimentPolarity": "1"
      }
    ]
  },
  {
    "Index": "26967",
    "RawText": "설치가 일단 너무 간단해서 좋아요~ 그런데 외관에 기스가 좀 있어서 아쉽네요.",
    "Source": "쇼핑몰",
    "Domain": "가전",
    "MainCategory": "주방가전",
    "ProductName": "파세코 PHD-S605",
    "ReviewScore": "5",
    "Syllable": "43",
    "Word": "11",
    "RDate": "20190103",
    "GeneralPolarity": "0",
    "Aspects": [
      {
        "Aspect": "조작성",
        "SentimentText": "설치가 일단 너무 간단해서 좋아요~",
        "SentimentWord": "5",
        "SentimentPolarity": "1"
      },
      {
        "Aspect": "품질",
        "SentimentText": "외관에 기스가 좀 있어서 아쉽네요.",
        "SentimentWord": "5",
        "SentimentPolarity": "-1"
      }
    ]
  },
  {
    "Index": "26968",
    "RawText": "저가라서 그런지 마감처리가 조금 아쉬워요~ 그래도 이정도 가격이면 쓸만해요. 흡입력은 좋아서 환기가 잘되네요.",
    "Source": "쇼핑몰",
    "Domain": "가전",
    "MainCategory": "주방가전",
    "ProductName": "파세코 PHD-S605",
    "ReviewScore": "5",
    "Syllable": "61",
    "Word": "13",
    "RDate": "20190924",
    "GeneralPolarity": "0",
    "Aspects": [
      {
        "Aspect": "품질",
        "SentimentText": "저가라서 그런지 마감처리가 조금 아쉬워요~",
        "SentimentWord": "5",
        "SentimentPolarity": "-1"
      },
      {
        "Aspect": "기능",
        "SentimentText": "흡입력은 좋아서 환기가 잘되네요.",
        "SentimentWord": "4",
        "SentimentPolarity": "1"
      }
    ]
  },
  {
    "Index": "26969",
    "RawText": "은박지가 짧아서 환풍구랑 연결이 힘들어요. 좀 길게 만들어 주시지.. 아쉽네요. 설치는 쉬워서 금방 할 수 있어서 간편하네요.",
    "Source": "쇼핑몰",
    "Domain": "가전",
    "MainCategory": "주방가전",
    "ProductName": "파세코 PHD-S605",
    "ReviewScore": "4",
    "Syllable": "70",
    "Word": "17",
    "RDate": "20200713",
    "GeneralPolarity": "0",
    "Aspects": [
      {
        "Aspect": "사이즈",
        "SentimentText": "은박지가 짧아서 환풍구랑 연결이 힘들어요. 좀 길게 만들어 주시지.. 아쉽네요.",
        "SentimentWord": "10",
        "SentimentPolarity": "-1"
      },
      {
        "Aspect": "조작성",
        "SentimentText": "설치는 쉬워서 금방 할 수 있어서 간편하네요.",
        "SentimentWord": "7",
        "SentimentPolarity": "1"
      }
    ]
  },
  {
    "Index": "26970",
    "RawText": "후드 흡입력이 별로에요. 음식 냄새를 많이 빨아들이지 못하는거 같아요. 세척도 간편하지도 않고, 번거로워요.",
    "Source": "쇼핑몰",
    "Domain": "가전",
    "MainCategory": "주방가전",
    "ProductName": "파세코 PHD-S605",
    "ReviewScore": "5",
    "Syllable": "60",
    "Word": "13",
    "RDate": "20190809",
    "GeneralPolarity": "-1",
    "Aspects": [
      {
        "Aspect": "기능",
        "SentimentText": "후드 흡입력이 별로에요. 음식 냄새를 많이 빨아들이지 못하는거 같아요. ",
        "SentimentWord": "9",
        "SentimentPolarity": "-1"
      },
      {
        "Aspect": "편의성",
        "SentimentText": "세척도 간편하지도 않고, 번거로워요.",
        "SentimentWord": "4",
        "SentimentPolarity": "-1"
      }
    ]
  },
  {
    "Index": "26971",
    "RawText": "처음부터 후드를 교체할걸 그랬어요. 후드 흡입력이 좋아요. 실버 색상이라 깔끔하니 좋네요",
    "Source": "쇼핑몰",
    "Domain": "가전",
    "MainCategory": "주방가전",
    "ProductName": "파세코 PHD-S605",
    "ReviewScore": "5",
    "Syllable": "49",
    "Word": "11",
    "RDate": "20200820",
    "GeneralPolarity": "1",
    "Aspects": [
      {
        "Aspect": "기능",
        "SentimentText": "후드 흡입력이 좋아요.",
        "SentimentWord": "3",
        "SentimentPolarity": "1"
      },
      {
        "Aspect": "색상",
        "SentimentText": "실버 색상이라 깔끔하니 좋네요",
        "SentimentWord": "4",
        "SentimentPolarity": "1"
      }
    ]
  },
  {
    "Index": "26972",
    "RawText": "일단 흡입력 자체는 마음에 들어요! 소비전력 수치가 좀 센거 같아서 오래는 못 켜둘거 같아요.",
    "Source": "쇼핑몰",
    "Domain": "가전",
    "MainCategory": "주방가전",
    "ProductName": "파세코 PHD-S605",
    "ReviewScore": "4",
    "Syllable": "52",
    "Word": "14",
    "RDate": "20211025",
    "GeneralPolarity": "0",
    "Aspects": [
      {
        "Aspect": "기능",
        "SentimentText": "일단 흡입력 자체는 마음에 들어요!",
        "SentimentWord": "5",
        "SentimentPolarity": "1"
      },
      {
        "Aspect": "소비전력",
        "SentimentText": "소비전력 수치가 좀 센거 같아서 오래는 못 켜둘거 같아요. ",
        "SentimentWord": "9",
        "SentimentPolarity": "-1"
      }
    ]
  },
  {
    "Index": "26976",
    "RawText": "일단 설치가 아주 간단해서 좋아요. 저렴한 가격에 잘 구매했어요. 단점은 점화가 타 제품에 비해서 좀 안 좋은거 같아서 아쉬워요.",
    "Source": "쇼핑몰",
    "Domain": "가전",
    "MainCategory": "주방가전",
    "ProductName": "한샘이펙스 HSGC-E330",
    "ReviewScore": "4",
    "Syllable": "72",
    "Word": "19",
    "RDate": "20220609",
    "Aspects": [
      {
        "Aspect": "가격",
        "SentimentText": "저렴한 가격에 잘 구매했어요.",
        "SentimentWord": "4",
        "SentimentPolarity": "1"
      },
      {
        "Aspect": "기능",
        "SentimentText": "단점은 점화가 타 제품에 비해서 좀 안 좋은거 같아서 아쉬워요.",
        "SentimentWord": "10",
        "SentimentPolarity": "-1"
      }
    ]
  },
  {
    "Index": "26978",
    "RawText": "깔끔한 디자인으로 우리집 싱크대랑 아주 잘 어울려요! 불꽃도 완전 셈!! 음식이 고루 고루 잘 익네요~",
    "Source": "쇼핑몰",
    "Domain": "가전",
    "MainCategory": "주방가전",
    "ProductName": "한샘이펙스 HSGC-E330",
    "ReviewScore": "5",
    "Syllable": "57",
    "Word": "15",
    "RDate": "20220811",
    "GeneralPolarity": "1",
    "Aspects": [
      {
        "Aspect": "디자인",
        "SentimentText": "깔끔한 디자인으로 우리집 싱크대랑 아주 잘 어울려요! ",
        "SentimentWord": "7",
        "SentimentPolarity": "1"
      },
      {
        "Aspect": "기능",
        "SentimentText": "음식이 고루 고루 잘 익네요~",
        "SentimentWord": "5",
        "SentimentPolarity": "1"
      }
    ]
  }
]