[
  {
    "Index": "32636",
    "RawText": "글씨가 너무 작아서 잘 안 보여 불편하네요. 내 솥 소재도 스테인리스인데 밥이 자꾸 달라붙고 별로에요",
    "Source": "쇼핑몰",
    "Domain": "가전",
    "MainCategory": "주방가전",
    "ProductName": "쿠쿠전자 CRP-CHP1010FD 일반구매",
    "ReviewScore": "4",
    "Syllable": "56",
    "Word": "15",
    "RDate": "20220420",
    "GeneralPolarity": "-1",
    "Aspects": [
      {
        "Aspect": "편의성",
        "SentimentText": "글씨가 너무 작아서 잘 안 보여 불편하네요. ",
        "SentimentWord": "7",
        "SentimentPolarity": "-1"
      },
      {
        "Aspect": "소재",
        "SentimentText": "내 솥 소재도 스테인리스인데 밥이 자꾸 달라붙고 별로에요",
        "SentimentWord": "8",
        "SentimentPolarity": "-1"
      }
    ]
  },
  {
    "Index": "32640",
    "RawText": "버튼 누르기 번거롭게 되어 있어 불편 하네요. 구형 제품보다 비싸게 구매했는데도 밥맛이 별로예요",
    "Source": "쇼핑몰",
    "Domain": "가전",
    "MainCategory": "주방가전",
    "ProductName": "쿠쿠전자 CRP-CHP1010FD 일반구매",
    "ReviewScore": "4",
    "Syllable": "53",
    "Word": "13",
    "RDate": "20220708",
    "Aspects": [
      {
        "Aspect": "조작성",
        "SentimentText": "버튼 누르기 번거롭게 되어 있어 불편 하네요. ",
        "SentimentWord": "7",
        "SentimentPolarity": "-1"
      },
      {
        "Aspect": "기능",
        "SentimentText": "구형 제품보다 비싸게 구매했는데도 밥맛이 별로예요",
        "SentimentWord": "6",
        "SentimentPolarity": "-1"
      }
    ]
  },
  {
    "Index": "32644",
    "RawText": "밥 맛 조절도 가능하고 기능이 여러가지 있어서 편리합니다.  그런데 설명서가 너무 간단하게 나와서 처음에 사용하기에는 불편하네요",
    "Source": "쇼핑몰",
    "Domain": "가전",
    "MainCategory": "주방가전",
    "ProductName": "쿠쿠전자 CRP-CHP1010FD 일반구매",
    "ReviewScore": "5",
    "Syllable": "71",
    "Word": "16",
    "RDate": "20220514",
    "GeneralPolarity": "0",
    "Aspects": [
      {
        "Aspect": "기능",
        "SentimentText": "밥 맛 조절도 가능하고 기능이 여러가지 있어서 편리합니다.",
        "SentimentWord": "8",
        "SentimentPolarity": "1"
      },
      {
        "Aspect": "제품구성",
        "SentimentText": "설명서가 너무 간단하게 나와서 처음에 사용하기에는 불편하네요",
        "SentimentWord": "7",
        "SentimentPolarity": "-1"
      }
    ]
  },
  {
    "Index": "32645",
    "RawText": "밥이 너무 맛있고 윤기나게 잘 되는 거 같아서 만족합니다! 내부도 재질이 다 스테인리스라 세척하기도 좋네요~",
    "Source": "쇼핑몰",
    "Domain": "가전",
    "MainCategory": "주방가전",
    "ProductName": "쿠쿠전자 CRP-CHP1010FD 일반구매",
    "ReviewScore": "5",
    "Syllable": "60",
    "Word": "15",
    "RDate": "20220606",
    "GeneralPolarity": "1",
    "Aspects": [
      {
        "Aspect": "기능",
        "SentimentText": "밥이 너무 맛있고 윤기나게 잘 되는 거 같아서 만족합니다!",
        "SentimentWord": "9",
        "SentimentPolarity": "1"
      },
      {
        "Aspect": "소재",
        "SentimentText": "내부도 재질이 다 스테인리스라 세척하기도 좋네요~",
        "SentimentWord": "6",
        "SentimentPolarity": "1"
      }
    ]
  },
  {
    "Index": "32647",
    "RawText": "내솥이 올 스텐이라 맘에 들고 세련된 디자인도 맘에 들어요",
    "Source": "쇼핑몰",
    "Domain": "가전",
    "MainCategory": "주방가전",
    "ProductName": "쿠쿠전자 CRP-CHP1010FD 일반구매",
    "ReviewScore": "5",
    "Syllable": "32",
    "Word": "9",
    "RDate": "20220816",
    "GeneralPolarity": "1",
    "Aspects": [
      {
        "Aspect": "소재",
        "SentimentText": "내솥이 올 스텐이라 맘에 들고",
        "SentimentWord": "5",
        "SentimentPolarity": "1"
      },
      {
        "Aspect": "디자인",
        "SentimentText": "세련된 디자인도 맘에 들어요",
        "SentimentWord": "4",
        "SentimentPolarity": "1"
      }
    ]
  },
  {
    "Index": "32649",
    "RawText": "디자인이 심플해서 마음에 들어요. 요즘 대부분 밥솥이 전자화 되서 고기능에 가격이 많이 비싼데, 이 제품은 저렴할때 잘 사서 만족합니다.",
    "Source": "쇼핑몰",
    "Domain": "가전",
    "MainCategory": "주방가전",
    "ProductName": "쿠쿠전자 CRP-CHP1010FD 일반구매",
    "ReviewScore": "5",
    "Syllable": "76",
    "Word": "19",
    "RDate": "20220324",
    "GeneralPolarity": "1",
    "Aspects": [
      {
        "Aspect": "디자인",
        "SentimentText": "디자인이 심플해서 마음에 들어요",
        "SentimentWord": "4",
        "SentimentPolarity": "1"
      },
      {
        "Aspect": "가격",
        "SentimentText": "이 제품은 저렴할때 잘 사서 만족합니다.",
        "SentimentWord": "6",
        "SentimentPolarity": "1"
      }
    ]
  },
  {
    "Index": "32650",
    "RawText": "밥 짓는 기능은 별로 .. 밥맛은 그저 그래요~ 그래도 오프라인보다 저렴하게 구매할 수 있어서 좋아요!!",
    "Source": "쇼핑몰",
    "Domain": "가전",
    "MainCategory": "주방가전",
    "ProductName": "쿠쿠전자 CRP-CHP1010FD 일반구매",
    "ReviewScore": "5",
    "Syllable": "58",
    "Word": "15",
    "RDate": "20220414",
    "GeneralPolarity": "0",
    "Aspects": [
      {
        "Aspect": "기능",
        "SentimentText": "밥 짓는 기능은 별로 .. 밥맛은 그저 그래요~",
        "SentimentWord": "8",
        "SentimentPolarity": "-1"
      },
      {
        "Aspect": "가격",
        "SentimentText": "오프라인보다 저렴하게 구매할 수 있어서 좋아요!! ",
        "SentimentWord": "6",
        "SentimentPolarity": "1"
      }
    ]
  },
  {
    "Index": "32651",
    "RawText": "기능이 복잡하게 너무 많아서 헷갈려서 별로예요. 디자인도 사진이 훨씬 예쁘네요 아쉬워요",
    "Source": "쇼핑몰",
    "Domain": "가전",
    "MainCategory": "주방가전",
    "ProductName": "쿠쿠전자 CRP-CHP1010FD 일반구매",
    "ReviewScore": "5",
    "Syllable": "48",
    "Word": "11",
    "RDate": "20220804",
    "GeneralPolarity": "-1",
    "Aspects": [
      {
        "Aspect": "기능",
        "SentimentText": "기능이 복잡하게 너무 많아서 헷갈려서 별로예요.",
        "SentimentWord": "6",
        "SentimentPolarity": "-1"
      },
      {
        "Aspect": "디자인",
        "SentimentText": "디자인도 사진이 훨씬 예쁘네요 아쉬워요",
        "SentimentWord": "5",
        "SentimentPolarity": "-1"
      }
    ]
  },
  {
    "Index": "32653",
    "RawText": "사용설명서가 없어서 처음 사용하는 사람에게는 작동방법이 상당히 어렵습니다. 나중에야 적응한다고 해도.. 간단한 방법으로 적응이 됐고 취사기능이 잘되서  밥이 맛있게 잘 됩니다",
    "Source": "쇼핑몰",
    "Domain": "가전",
    "MainCategory": "주방가전",
    "ProductName": "쿠쿠전자 CRP-CHP1010FD 일반구매",
    "ReviewScore": "5",
    "Syllable": "97",
    "Word": "21",
    "RDate": "20220412",
    "GeneralPolarity": "0",
    "Aspects": [
      {
        "Aspect": "조작성",
        "SentimentText": "처음 사용하는 사람에게는 작동방법이 상당히 어렵습니다. 나중에야 적응한다고 해도..",
        "SentimentWord": "9",
        "SentimentPolarity": "-1"
      },
      {
        "Aspect": "기능",
        "SentimentText": "취사기능이 잘되서  밥이 맛있게 잘 됩니다",
        "SentimentWord": "6",
        "SentimentPolarity": "1"
      }
    ]
  },
  {
    "Index": "32655",
    "RawText": "밥 짓는 기능이 제대로 안되는 건지 밥을 하고 다음날이 되면 밥에서 꿉꿉한 냄새가 나요.. 짜증 나네요. 내부 재질은 스테인리스라 세척하기는 편해요",
    "Source": "쇼핑몰",
    "Domain": "가전",
    "MainCategory": "주방가전",
    "ProductName": "쿠쿠전자 CRP-CHP1010FD 일반구매",
    "ReviewScore": "5",
    "Syllable": "82",
    "Word": "21",
    "RDate": "20220423",
    "GeneralPolarity": "0",
    "Aspects": [
      {
        "Aspect": "기능",
        "SentimentText": "밥 짓는 기능이 제대로 안되는 건지 밥을 하고 다음날이 되면 밥에서 꿉꿉한 냄새가 나요.. 짜증 나네요 ",
        "SentimentWord": "16",
        "SentimentPolarity": "-1"
      },
      {
        "Aspect": "소재",
        "SentimentText": "내부 재질은 스테인리스라 세척하기는 편해요",
        "SentimentWord": "5",
        "SentimentPolarity": "1"
      }
    ]
  },
  {
    "Index": "32656",
    "RawText": "새로운 모델을 구매해 봤어요  내솥 겉표면이 불스텐으로 코팅 되어있어 튼튼해 보이고 밥이 찰지게 되니 밥맛이  좋습니다. 저렴할때  싸게 잘 구매해서 만족합니다.",
    "Source": "쇼핑몰",
    "Domain": "가전",
    "MainCategory": "주방가전",
    "ProductName": "쿠쿠전자 CRP-CHP1010FD 일반구매",
    "ReviewScore": "5",
    "Syllable": "90",
    "Word": "21",
    "RDate": "20220520",
    "GeneralPolarity": "1",
    "Aspects": [
      {
        "Aspect": "내구성",
        "SentimentText": "내솥 겉표면이 불스텐으로  코팅 되어있어 튼튼해 보이고",
        "SentimentWord": "7",
        "SentimentPolarity": "1"
      },
      {
        "Aspect": "기능",
        "SentimentText": " 밥이 찰지게 되니 밥맛이  좋습니다. ",
        "SentimentWord": "5",
        "SentimentPolarity": "1"
      },
      {
        "Aspect": "가격",
        "SentimentText": "저렴할때  싸게 잘 구매해서 만족합니다.",
        "SentimentWord": "5",
        "SentimentPolarity": "1"
      }
    ]
  },
  {
    "Index": "32659",
    "RawText": "제품에 주걱걸이가 따로 없는 게 별로예요; 절전 기능이 있어서 전기세가 절약되고 좋습니다.",
    "Source": "쇼핑몰",
    "Domain": "가전",
    "MainCategory": "주방가전",
    "ProductName": "쿠쿠전자 CRP-CHP1010FD 일반구매",
    "ReviewScore": "5",
    "Syllable": "50",
    "Word": "12",
    "RDate": "20220730",
    "GeneralPolarity": "0",
    "Aspects": [
      {
        "Aspect": "제품구성",
        "SentimentText": "제품에 주걱걸이가 따로 없는 게 별로예요; ",
        "SentimentWord": "6",
        "SentimentPolarity": "-1"
      },
      {
        "Aspect": "기능",
        "SentimentText": "절전 기능이 있어서 전기세가 절약되고 좋습니다.",
        "SentimentWord": "6",
        "SentimentPolarity": "1"
      }
    ]
  },
  {
    "Index": "32661",
    "RawText": "기능이 여러가지라 다양한 요리를 조리 할 수 있어 좋습니다. 디자인도 사진이랑 똑같이 너무 예쁘네요",
    "Source": "쇼핑몰",
    "Domain": "가전",
    "MainCategory": "주방가전",
    "ProductName": "쿠쿠전자 CRP-CHP1010FD 일반구매",
    "ReviewScore": "5",
    "Syllable": "55",
    "Word": "14",
    "RDate": "20220418",
    "GeneralPolarity": "1",
    "Aspects": [
      {
        "Aspect": "기능",
        "SentimentText": "기능이 여러가지라 다양한 요리를 조리 할 수 있어 좋습니다. ",
        "SentimentWord": "9",
        "SentimentPolarity": "1"
      },
      {
        "Aspect": "디자인",
        "SentimentText": "디자인도 사진이랑 똑같이 너무 예쁘네요",
        "SentimentWord": "5",
        "SentimentPolarity": "1"
      }
    ]
  },
  {
    "Index": "32662",
    "RawText": "밥솥 무게가 너무 무거워서 여자 혼자 들기 버겁습니다. 밥 짓는 기능은 좋아서 밥이 찰 지고 잘되니까 너무 좋네요.",
    "Source": "쇼핑몰",
    "Domain": "가전",
    "MainCategory": "주방가전",
    "ProductName": "쿠쿠전자 CRP-CHP1010FD 일반구매",
    "ReviewScore": "5",
    "Syllable": "64",
    "Word": "18",
    "RDate": "20220415",
    "GeneralPolarity": "0",
    "Aspects": [
      {
        "Aspect": "무게",
        "SentimentText": "밥솥 무게가 너무 무거워서 여자 혼자 들기 버겁습니다.",
        "SentimentWord": "8",
        "SentimentPolarity": "-1"
      },
      {
        "Aspect": "기능",
        "SentimentText": "밥 짓는 기능은 좋아서 밥이 찰 지고 잘되니까 너무 좋네요.",
        "SentimentWord": "10",
        "SentimentPolarity": "1"
      }
    ]
  },
  {
    "Index": "32663",
    "RawText": "밥솥이 고장나서 새로 구매했는데 밥은 찰지게 되서 맛있어요, 보온 기능은 나쁘지 않고 그냥 그렇네요",
    "Source": "쇼핑몰",
    "Domain": "가전",
    "MainCategory": "주방가전",
    "ProductName": "쿠쿠전자 CRP-CHP1010FD 일반구매",
    "ReviewScore": "5",
    "Syllable": "55",
    "Word": "14",
    "RDate": "20220517",
    "GeneralPolarity": "0",
    "Aspects": [
      {
        "Aspect": "기능",
        "SentimentText": "밥은 찰지게 되서 맛있어요",
        "SentimentWord": "4",
        "SentimentPolarity": "1"
      },
      {
        "Aspect": "기능",
        "SentimentText": "보온 기능은 나쁘지 않고 그냥 그렇네요",
        "SentimentWord": "6",
        "SentimentPolarity": "0"
      }
    ]
  },
  {
    "Index": "32670",
    "RawText": "취사 기능이 잘 되서 밥이 맛있어요 디자인이 세련되고 이뻐요 단점이라면  뚜껑이 무게가 나가서 뚜겅 열면  덜컹 흔들리네요",
    "Source": "쇼핑몰",
    "Domain": "가전",
    "MainCategory": "주방가전",
    "ProductName": "쿠쿠전자 CRP-CHP1010FD 일반구매",
    "ReviewScore": "5",
    "Syllable": "68",
    "Word": "17",
    "RDate": "20220619",
    "GeneralPolarity": "0",
    "Aspects": [
      {
        "Aspect": "기능",
        "SentimentText": "취사 기능이 잘 되서 밥이 맛있어요",
        "SentimentWord": "6",
        "SentimentPolarity": "1"
      },
      {
        "Aspect": "디자인",
        "SentimentText": "디자인이 세련되고 이뻐요",
        "SentimentWord": "3",
        "SentimentPolarity": "1"
      },
      {
        "Aspect": "무게",
        "SentimentText": "뚜껑이 무게가 나가서 뚜겅 열면  덜컹 흔들리네요",
        "SentimentWord": "7",
        "SentimentPolarity": "-1"
      }
    ]
  },
  {
    "Index": "32672",
    "RawText": "밥을 짓는데 자꾸 누룽지가 생기네요 고장이 아닌가 의심돼요. 밥솥 무게도 여자가 혼자 들기에는 너무 무겁습니다 ㅠ",
    "Source": "쇼핑몰",
    "Domain": "가전",
    "MainCategory": "주방가전",
    "ProductName": "쿠쿠전자 CRP-CHP1010FD 일반구매",
    "ReviewScore": "5",
    "Syllable": "63",
    "Word": "16",
    "RDate": "20220331",
    "GeneralPolarity": "-1",
    "Aspects": [
      {
        "Aspect": "품질",
        "SentimentText": "밥을 짓는데 자꾸 누룽지가 생기네요 고장이 아닌가 의심돼요. ",
        "SentimentWord": "8",
        "SentimentPolarity": "-1"
      },
      {
        "Aspect": "무게",
        "SentimentText": "밥솥 무게도 여자가 혼자 들기에는 너무 무겁습니다 ㅠ",
        "SentimentWord": "8",
        "SentimentPolarity": "-1"
      }
    ]
  },
  {
    "Index": "32674",
    "RawText": "친정 엄마께서 주문해 달라고햐셔서 저렴할때 좋은 가격으로  주문해 드렸어요 ..밥솥은 역시 000 제품 믿고 사용합니다",
    "Source": "쇼핑몰",
    "Domain": "가전",
    "MainCategory": "주방가전",
    "ProductName": "쿠쿠전자 CRP-CHP1010FD 일반구매",
    "ReviewScore": "5",
    "Syllable": "66",
    "Word": "15",
    "RDate": "20220626",
    "GeneralPolarity": "1",
    "Aspects": [
      {
        "Aspect": "가격",
        "SentimentText": " 저렴할때 좋은 가격으로  주문해 드렸어요 ",
        "SentimentWord": "5",
        "SentimentPolarity": "1"
      },
      {
        "Aspect": "제조일/제조사",
        "SentimentText": "밥솥은 역시 000 제품 믿고 사용합니다",
        "SentimentWord": "6",
        "SentimentPolarity": "1"
      }
    ]
  },
  {
    "Index": "32675",
    "RawText": "역시 밥솥은 ooo가 최고입니다~ 절전 모드가 있어서 전기세가 절약이 되니 너무 좋네요",
    "Source": "쇼핑몰",
    "Domain": "가전",
    "MainCategory": "주방가전",
    "ProductName": "쿠쿠전자 CRP-CHP1010FD 일반구매",
    "ReviewScore": "5",
    "Syllable": "48",
    "Word": "12",
    "RDate": "20220427",
    "Aspects": [
      {
        "Aspect": "제조일/제조사",
        "SentimentText": "역시 밥솥은 ooo가 최고입니다~",
        "SentimentWord": "4",
        "SentimentPolarity": "1"
      },
      {
        "Aspect": "기능",
        "SentimentText": "절전 모드가 있어서 전기세가 절약이 되니 너무 좋네요",
        "SentimentWord": "8",
        "SentimentPolarity": "1"
      }
    ]
  },
  {
    "Index": "32677",
    "RawText": "기존에 쓰던 상품보다 돈 더 주고 샀는데 속아서 산 듯합니다. 밥하고 나면 밥에서 냄새도 나고 물도 고여있어요 .",
    "Source": "쇼핑몰",
    "Domain": "가전",
    "MainCategory": "주방가전",
    "ProductName": "쿠쿠전자 CRP-CHP1010FD 일반구매",
    "ReviewScore": "3",
    "Syllable": "63",
    "Word": "18",
    "RDate": "20220616",
    "GeneralPolarity": "-1",
    "Aspects": [
      {
        "Aspect": "가격",
        "SentimentText": "기존에 쓰던 상품보다 돈 더 주고 샀는데 속아서 산 듯합니다. ",
        "SentimentWord": "10",
        "SentimentPolarity": "-1"
      },
      {
        "Aspect": "품질",
        "SentimentText": " 밥하고 나면 밥에서 냄새도 나고 물도 고여있어요 . ",
        "SentimentWord": "8",
        "SentimentPolarity": "-1"
      }
    ]
  },
  {
    "Index": "32686",
    "RawText": "밥이 찰지게 됩니다 역시 좋은 제품입나다. 착한 가격에 잘 구매 해서 만족합니다. 잘 사용할께요~",
    "Source": "쇼핑몰",
    "Domain": "가전",
    "MainCategory": "주방가전",
    "ProductName": "쿠쿠전자 CRP-CHP1010FD 일반구매",
    "ReviewScore": "5",
    "Syllable": "54",
    "Word": "14",
    "RDate": "20220627",
    "GeneralPolarity": "1",
    "Aspects": [
      {
        "Aspect": "품질",
        "SentimentText": "밥이 찰지게 됩니다 역시 좋은 제품입나다.",
        "SentimentWord": "6",
        "SentimentPolarity": "1"
      },
      {
        "Aspect": "가격",
        "SentimentText": "착한 가격에 잘 구매 해서 만족합니다.",
        "SentimentWord": "6",
        "SentimentPolarity": "1"
      }
    ]
  },
  {
    "Index": "32687",
    "RawText": "내 솥 재질이 싸구려인 건지 계속 밥알이 달라붙어 짜증 나네요. 그래도 저렴한 가격에 구매할 수 있어서 만족은 합니다.",
    "Source": "쇼핑몰",
    "Domain": "가전",
    "MainCategory": "주방가전",
    "ProductName": "쿠쿠전자 CRP-CHP1010FD 일반구매",
    "ReviewScore": "5",
    "Syllable": "66",
    "Word": "18",
    "RDate": "20220421",
    "GeneralPolarity": "0",
    "Aspects": [
      {
        "Aspect": "소재",
        "SentimentText": "내 솥 재질이 싸구려인 건지 계속 밥알이 달라붙어 짜증 나네요.",
        "SentimentWord": "10",
        "SentimentPolarity": "-1"
      },
      {
        "Aspect": "가격",
        "SentimentText": "저렴한 가격에 구매할 수 있어서 만족은 합니다.",
        "SentimentWord": "7",
        "SentimentPolarity": "1"
      }
    ]
  },
  {
    "Index": "32690",
    "RawText": "밥이 찰 지고 맛있게 되니까 너무 좋네요~! 그런데 밥 솥 사용할 때 이상한 기계음이 나서 거슬려요",
    "Source": "쇼핑몰",
    "Domain": "가전",
    "MainCategory": "주방가전",
    "ProductName": "쿠쿠전자 CRP-CHP1010FD 일반구매",
    "ReviewScore": "5",
    "Syllable": "55",
    "Word": "16",
    "RDate": "20220427",
    "GeneralPolarity": "0",
    "Aspects": [
      {
        "Aspect": "기능",
        "SentimentText": "밥이 찰 지고 맛있게 되니까 너무 좋네요~! ",
        "SentimentWord": "7",
        "SentimentPolarity": "1"
      },
      {
        "Aspect": "소음",
        "SentimentText": "밥 솥 사용할 때 이상한 기계음이 나서 거슬려요 ",
        "SentimentWord": "8",
        "SentimentPolarity": "-1"
      }
    ]
  },
  {
    "Index": "32691",
    "RawText": "제품이 퀄리티 짱입니다  추천해요. 솥의 무게가 나가는게 그만큼 오래 사용할수 있어 만족해요. 2기압이라 밥도 윤기가 흐르고 맛있어영!!",
    "Source": "쇼핑몰",
    "Domain": "가전",
    "MainCategory": "주방가전",
    "ProductName": "쿠쿠전자 CRP-CHP1010FD 일반구매",
    "ReviewScore": "5",
    "Syllable": "76",
    "Word": "17",
    "RDate": "20220519",
    "Aspects": [
      {
        "Aspect": "품질",
        "SentimentText": "제품이 퀄리티 짱입니다  추천해요.",
        "SentimentWord": "4",
        "SentimentPolarity": "1"
      },
      {
        "Aspect": "무게",
        "SentimentText": "솥의 무게가 나가는게 그만큼 오래 사용할수 있어 만족해요.",
        "SentimentWord": "8",
        "SentimentPolarity": "1"
      },
      {
        "Aspect": "기능",
        "SentimentText": "2기압이라 밥도 윤기가 흐르고 맛있어영!!",
        "SentimentWord": "5",
        "SentimentPolarity": "1"
      }
    ]
  },
  {
    "Index": "32693",
    "RawText": "취사 버튼이 작동이 잘 안됩니다. 다른 버튼은 사용하기 쉬워요",
    "Source": "쇼핑몰",
    "Domain": "가전",
    "MainCategory": "주방가전",
    "ProductName": "쿠쿠전자 CRP-CHP1010FD 일반구매",
    "ReviewScore": "5",
    "Syllable": "34",
    "Word": "9",
    "RDate": "20220623",
    "GeneralPolarity": "0",
    "Aspects": [
      {
        "Aspect": "품질",
        "SentimentText": " 취사 버튼이 작동이 잘 안됩니다",
        "SentimentWord": "5",
        "SentimentPolarity": "-1"
      },
      {
        "Aspect": "조작성",
        "SentimentText": " 다른 버튼은 사용하기 쉬워요",
        "SentimentWord": "4",
        "SentimentPolarity": "1"
      }
    ]
  },
  {
    "Index": "32697",
    "RawText": "내솥이랑 분리형 커버가  스텐으로 되어있어 만족스럽습니다.  무게가 묵직하니  좋아요~밥도 찰기게 잘되서 맛있어요 굿!",
    "Source": "쇼핑몰",
    "Domain": "가전",
    "MainCategory": "주방가전",
    "ProductName": "쿠쿠전자 CRP-CHP1010FD 일반구매",
    "ReviewScore": "5",
    "Syllable": "66",
    "Word": "13",
    "RDate": "20220409",
    "GeneralPolarity": "1",
    "Aspects": [
      {
        "Aspect": "소재",
        "SentimentText": " 내솥이랑 분리형 커버가  스텐으로 되어있어 만족스럽습니다. ",
        "SentimentWord": "6",
        "SentimentPolarity": "1"
      },
      {
        "Aspect": "무게",
        "SentimentText": "무게가 묵직하니  좋아요",
        "SentimentWord": "3",
        "SentimentPolarity": "1"
      },
      {
        "Aspect": "기능",
        "SentimentText": "밥도 찰기게 잘되서 맛있어요 굿!",
        "SentimentWord": "5",
        "SentimentPolarity": "1"
      }
    ]
  },
  {
    "Index": "32699",
    "RawText": "ㅇㅇㅇ 밭솥인데도 저렴하게 사서 좋아요 . 밥도 너무 잘 되 맛있고 품질이 왜 좋은지 알 것 같아요. 배송도 빨랐어요",
    "Source": "쇼핑몰",
    "Domain": "가전",
    "MainCategory": "주방가전",
    "ProductName": "쿠쿠전자 CRP-CHP1010FD 일반구매",
    "ReviewScore": "5",
    "Syllable": "65",
    "Word": "19",
    "RDate": "20220423",
    "GeneralPolarity": "1",
    "Aspects": [
      {
        "Aspect": "가격",
        "SentimentText": "ㅇㅇㅇ 밭솥인데도 저렴하게 사서 좋아요 ",
        "SentimentWord": "5",
        "SentimentPolarity": "1"
      },
      {
        "Aspect": "품질",
        "SentimentText": "밥도 너무 잘 되 맛있고 품질이 왜 좋은지 알 것 같아요 ",
        "SentimentWord": "11",
        "SentimentPolarity": "1"
      }
    ]
  },
  {
    "Index": "32701",
    "RawText": "6인용에서 10인용으로 바꾸니 커서 좋아요. 성능이 아주 좋아 밥도 맛있어요  .배송도 빨랐습니다",
    "Source": "쇼핑몰",
    "Domain": "가전",
    "MainCategory": "주방가전",
    "ProductName": "쿠쿠전자 CRP-CHP1010FD 일반구매",
    "ReviewScore": "5",
    "Syllable": "54",
    "Word": "12",
    "RDate": "20220719",
    "GeneralPolarity": "1",
    "Aspects": [
      {
        "Aspect": "용량",
        "SentimentText": "6인용에서 10인용으로 바꾸니 커서 좋아요.",
        "SentimentWord": "5",
        "SentimentPolarity": "1"
      },
      {
        "Aspect": "기능",
        "SentimentText": "성능이 아주 좋아 밥도 맛있어요",
        "SentimentWord": "5",
        "SentimentPolarity": "1"
      }
    ]
  },
  {
    "Index": "32702",
    "RawText": "ㅇㅇㅇ 브랜드 두말 하면 입 아파요^^ 가격도 할인 혜택 많이 받아 좋은 가격에 샀어요.  ",
    "Source": "쇼핑몰",
    "Domain": "가전",
    "MainCategory": "주방가전",
    "ProductName": "쿠쿠전자 CRP-CHP1010FD 일반구매",
    "ReviewScore": "5",
    "Syllable": "51",
    "Word": "14",
    "RDate": "20220607",
    "GeneralPolarity": "1",
    "Aspects": [
      {
        "Aspect": "제조일/제조사",
        "SentimentText": "ㅇㅇㅇ 브랜드 두말 하면 입 아파요^^ ",
        "SentimentWord": "6",
        "SentimentPolarity": "1"
      },
      {
        "Aspect": "가격",
        "SentimentText": "가격도 할인 혜택 많이 받아 좋은 가격에 샀어요. ",
        "SentimentWord": "8",
        "SentimentPolarity": "1"
      }
    ]
  },
  {
    "Index": "32706",
    "RawText": "ㅇㅇㅇ 밥솥 좋은거 다 알죠 근데 어디가 문제인지 밥하고 나면 누룽지가 생겨 별로예요 전 누룽지가 싫어요",
    "Source": "쇼핑몰",
    "Domain": "가전",
    "MainCategory": "주방가전",
    "ProductName": "쿠쿠전자 CRP-CHP1010FD 일반구매",
    "ReviewScore": "5",
    "Syllable": "58",
    "Word": "16",
    "RDate": "20220404",
    "GeneralPolarity": "0",
    "Aspects": [
      {
        "Aspect": "제조일/제조사",
        "SentimentText": "ㅇㅇㅇ 밥솥 좋은거 다 알죠 ",
        "SentimentWord": "5",
        "SentimentPolarity": "1"
      },
      {
        "Aspect": "품질",
        "SentimentText": "어디가 문제인지 밥하고 나면 누룽지가 생겨 별로예요 전 누룽지가 싫어요",
        "SentimentWord": "10",
        "SentimentPolarity": "-1"
      }
    ]
  },
  {
    "Index": "32708",
    "RawText": "쿠폰 할인 제외되서  서운했는데 카드 할인 행사 때문에 아주 싸게 샀어요. 디자인 이쁜 것은 물론이고 내솥 재질도 튼튼해 보여 좋아요. 가성비 아주 좋은 제품입니다.",
    "Source": "쇼핑몰",
    "Domain": "가전",
    "MainCategory": "주방가전",
    "ProductName": "쿠쿠전자 CRP-CHP1010FD 일반구매",
    "ReviewScore": "5",
    "Syllable": "92",
    "Word": "24",
    "RDate": "20220525",
    "GeneralPolarity": "1",
    "Aspects": [
      {
        "Aspect": "가격",
        "SentimentText": "쿠폰 할인 제외되서  서운했는데 카드 할인 행사 때문에 아주 싸게 샀어요.",
        "SentimentWord": "11",
        "SentimentPolarity": "1"
      },
      {
        "Aspect": "디자인",
        "SentimentText": " 디자인 이쁜 것은 물론이고",
        "SentimentWord": "4",
        "SentimentPolarity": "1"
      },
      {
        "Aspect": "소재",
        "SentimentText": "내솥 재질도 튼튼해 보여 좋아요.",
        "SentimentWord": "5",
        "SentimentPolarity": "1"
      },
      {
        "Aspect": "가격",
        "SentimentText": "가성비 아주 좋은 제품입니다.",
        "SentimentWord": "4",
        "SentimentPolarity": "1"
      }
    ]
  },
  {
    "Index": "32709",
    "RawText": "품질이 매우 우수해 밥맛까지 살려 주세요. 가격도 아주 합리적으로 저렴했어요",
    "Source": "쇼핑몰",
    "Domain": "가전",
    "MainCategory": "주방가전",
    "ProductName": "쿠쿠전자 CRP-CHP1010FD 일반구매",
    "ReviewScore": "5",
    "Syllable": "42",
    "Word": "10",
    "RDate": "20220526",
    "GeneralPolarity": "1",
    "Aspects": [
      {
        "Aspect": "품질",
        "SentimentText": "품질이 매우 우수해 밥맛까지 살려 주세요. ",
        "SentimentWord": "6",
        "SentimentPolarity": "1"
      },
      {
        "Aspect": "가격",
        "SentimentText": "가격도 아주 합리적으로 저렴했어요 ",
        "SentimentWord": "4",
        "SentimentPolarity": "1"
      }
    ]
  },
  {
    "Index": "32711",
    "RawText": "세일 기간 파격할인 받아 저렴하게 잘 샀습니다. 밥하기도 편해서 아주 잘 사용중입니다.   ",
    "Source": "쇼핑몰",
    "Domain": "가전",
    "MainCategory": "주방가전",
    "ProductName": "쿠쿠전자 CRP-CHP1010FD 일반구매",
    "ReviewScore": "5",
    "Syllable": "51",
    "Word": "12",
    "RDate": "20220531",
    "GeneralPolarity": "1",
    "Aspects": [
      {
        "Aspect": "가격",
        "SentimentText": "세일 기간 파격할인 받아 저렴하게 잘 샀습니다",
        "SentimentWord": "7",
        "SentimentPolarity": "1"
      },
      {
        "Aspect": "편의성",
        "SentimentText": " 밥하기도 편해서 아주 잘 사용중입니다.  ",
        "SentimentWord": "5",
        "SentimentPolarity": "1"
      }
    ]
  },
  {
    "Index": "32712",
    "RawText": "행사 금액으로  아주 싸게 잘 샀습니다. 다양한 기능이 있어 좋지만 조작법은 약간 어렵습니다  밥맛은 ㅇㅇㅇ가 최고 중 최고입니다^^",
    "Source": "쇼핑몰",
    "Domain": "가전",
    "MainCategory": "주방가전",
    "ProductName": "쿠쿠전자 CRP-CHP1010FD 일반구매",
    "ReviewScore": "5",
    "Syllable": "74",
    "Word": "18",
    "RDate": "20220725",
    "GeneralPolarity": "1",
    "Aspects": [
      {
        "Aspect": "가격",
        "SentimentText": "행사 금액으로  아주 싸게 잘 샀습니다. ",
        "SentimentWord": "6",
        "SentimentPolarity": "1"
      },
      {
        "Aspect": "기능",
        "SentimentText": "다양한 기능이 있어 좋지만",
        "SentimentWord": "4",
        "SentimentPolarity": "1"
      },
      {
        "Aspect": "조작성",
        "SentimentText": "조작법은 약간 어렵습니다 ",
        "SentimentWord": "3",
        "SentimentPolarity": "0"
      },
      {
        "Aspect": "제조일/제조사",
        "SentimentText": " 밥맛은 ㅇㅇㅇ가 최고 중 최고입니다^^  ",
        "SentimentWord": "5",
        "SentimentPolarity": "1"
      }
    ]
  },
  {
    "Index": "32713",
    "RawText": "10인용에서 6인용을 바꾸니 사이즈가 작으막하니 귀엽네요. 자동세척 기능으로 세척 후 밥하니 밥이 맛있어요",
    "Source": "쇼핑몰",
    "Domain": "가전",
    "MainCategory": "주방가전",
    "ProductName": "쿠쿠전자 CRP-DHP0610FD 일반구매",
    "ReviewScore": "5",
    "Syllable": "59",
    "Word": "13",
    "RDate": "20201212",
    "GeneralPolarity": "1",
    "Aspects": [
      {
        "Aspect": "사이즈",
        "SentimentText": "10인용에서 6인용을 바꾸니 사이즈가 작으막하니 귀엽네요 ",
        "SentimentWord": "6",
        "SentimentPolarity": "1"
      },
      {
        "Aspect": "기능",
        "SentimentText": "자동세척 기능으로 세척 후 밥하니 밥이 맛있어요",
        "SentimentWord": "7",
        "SentimentPolarity": "1"
      }
    ]
  },
  {
    "Index": "32714",
    "RawText": "처음으로 6인용 샀는데 내솥 사이즈가 넘 깜짝하니 귀엽고 무게도 완전 가벼워요.밥은 맛있게 잘 지어지는데 밑부분이 누룽지가 생겨서 별로예요",
    "Source": "쇼핑몰",
    "Domain": "가전",
    "MainCategory": "주방가전",
    "ProductName": "쿠쿠전자 CRP-DHP0610FD 일반구매",
    "ReviewScore": "5",
    "Syllable": "77",
    "Word": "18",
    "RDate": "20200802",
    "GeneralPolarity": "0",
    "Aspects": [
      {
        "Aspect": "사이즈",
        "SentimentText": "내솥 사이즈가 넘 깜짝하니 귀엽고 ",
        "SentimentWord": "5",
        "SentimentPolarity": "1"
      },
      {
        "Aspect": "무게",
        "SentimentText": "무게도 완전 가벼워요  ",
        "SentimentWord": "3",
        "SentimentPolarity": "1"
      },
      {
        "Aspect": "품질",
        "SentimentText": "밥은 맛있게 잘 지어지는데 밑부분이 누룽지가 생겨서 별로예요",
        "SentimentWord": "8",
        "SentimentPolarity": "-1"
      }
    ]
  },
  {
    "Index": "32718",
    "RawText": "밥 짓는 기능이 좋아요 찰 져서 맛있어요~  가격은 저렴하게 구입하진 않아서 좀 아쉽네요",
    "Source": "쇼핑몰",
    "Domain": "가전",
    "MainCategory": "주방가전",
    "ProductName": "쿠쿠전자 CRP-DHP0610FD 일반구매",
    "ReviewScore": "5",
    "Syllable": "49",
    "Word": "13",
    "RDate": "20200706",
    "GeneralPolarity": "0",
    "Aspects": [
      {
        "Aspect": "기능",
        "SentimentText": "밥 짓는 기능이 좋아요 찰 져서 맛있어요~",
        "SentimentWord": "7",
        "SentimentPolarity": "1"
      },
      {
        "Aspect": "가격",
        "SentimentText": "가격은 저렴하게 구입하진 않아서 좀 아쉽네요",
        "SentimentWord": "6",
        "SentimentPolarity": "-1"
      }
    ]
  },
  {
    "Index": "32719",
    "RawText": "후기 좋아 샀고 밥도 잘 되서 잘 산 것 같아요. 구성품에 주걱은 하나 들어 있었지만 계량컵은 들어 있지 않아 서운했습니다.",
    "Source": "쇼핑몰",
    "Domain": "가전",
    "MainCategory": "주방가전",
    "ProductName": "쿠쿠전자 CRP-DHP0610FD 일반구매",
    "ReviewScore": "5",
    "Syllable": "69",
    "Word": "20",
    "RDate": "20211206",
    "Aspects": [
      {
        "Aspect": "기능",
        "SentimentText": "후기 좋아 샀고 밥도 잘 되서 잘 산 것 같아요.",
        "SentimentWord": "10",
        "SentimentPolarity": "1"
      },
      {
        "Aspect": "제품구성",
        "SentimentText": "구성품에 주걱은 하나 들어 있었지만 계량컵은 들어 있지 않아 서운했습니다.",
        "SentimentWord": "10",
        "SentimentPolarity": "-1"
      }
    ]
  },
  {
    "Index": "32720",
    "RawText": "예약 기능이 있어서 마음에 들어요~ 그런데 밥솥 무게가 상당하네요 너무 무거워서 들기 힘들어요",
    "Source": "쇼핑몰",
    "Domain": "가전",
    "MainCategory": "주방가전",
    "ProductName": "쿠쿠전자 CRP-DHP0610FD 일반구매",
    "ReviewScore": "5",
    "Syllable": "52",
    "Word": "13",
    "RDate": "20210608",
    "GeneralPolarity": "0",
    "Aspects": [
      {
        "Aspect": "기능",
        "SentimentText": "예약 기능이 있어서 마음에 들어요~",
        "SentimentWord": "5",
        "SentimentPolarity": "1"
      },
      {
        "Aspect": "무게",
        "SentimentText": "밥솥 무게가 상당하네요 너무 무거워서 들기 힘들어요",
        "SentimentWord": "7",
        "SentimentPolarity": "-1"
      }
    ]
  },
  {
    "Index": "32723",
    "RawText": "내부가 넉넉하고 넓어서 너무 좋아요~ 밥 도 너무 맛있게 돼서 식사 시간이 즐겁습니다~",
    "Source": "쇼핑몰",
    "Domain": "가전",
    "MainCategory": "주방가전",
    "ProductName": "쿠쿠전자 CRP-DHP0610FD 일반구매",
    "ReviewScore": "5",
    "Syllable": "48",
    "Word": "13",
    "RDate": "20210503",
    "GeneralPolarity": "1",
    "Aspects": [
      {
        "Aspect": "용량",
        "SentimentText": "내부가 넉넉하고 넓어서 너무 좋아요~",
        "SentimentWord": "5",
        "SentimentPolarity": "1"
      },
      {
        "Aspect": "기능",
        "SentimentText": "밥 도 너무 맛있게 돼서 식사 시간이 즐겁습니다~",
        "SentimentWord": "8",
        "SentimentPolarity": "1"
      }
    ]
  },
  {
    "Index": "32724",
    "RawText": "밥도 찰 지고 윤기가 반짝반짝 너무 맛있게 되네요~ 디자인 너무 예쁘고 마음에 들고요. 색상도 사진이랑 똑같아서 좋아요.",
    "Source": "쇼핑몰",
    "Domain": "가전",
    "MainCategory": "주방가전",
    "ProductName": "쿠쿠전자 CRP-DHP0610FD 일반구매",
    "ReviewScore": "5",
    "Syllable": "67",
    "Word": "17",
    "RDate": "20200628",
    "GeneralPolarity": "1",
    "Aspects": [
      {
        "Aspect": "기능",
        "SentimentText": "밥도 찰 지고 윤기가 반짝반짝 너무 맛있게 되네요~ ",
        "SentimentWord": "8",
        "SentimentPolarity": "1"
      },
      {
        "Aspect": "디자인",
        "SentimentText": "디자인 너무 예쁘고 마음에 들고요.",
        "SentimentWord": "5",
        "SentimentPolarity": "1"
      },
      {
        "Aspect": "색상",
        "SentimentText": "색상도 사진이랑 똑같아서 좋아요. ",
        "SentimentWord": "4",
        "SentimentPolarity": "1"
      }
    ]
  },
  {
    "Index": "32727",
    "RawText": "기능은 많으나 생각보다 필요없는 기능까지 있어 별로예요. 터치식 보다는 다이얼식으로 바꿔 좀 더 간편했으면 좋겠어요",
    "Source": "쇼핑몰",
    "Domain": "가전",
    "MainCategory": "주방가전",
    "ProductName": "쿠쿠전자 CRP-DHP0610FD 일반구매",
    "ReviewScore": "5",
    "Syllable": "64",
    "Word": "15",
    "RDate": "20201010",
    "GeneralPolarity": "-1",
    "Aspects": [
      {
        "Aspect": "기능",
        "SentimentText": "기능은 많으나 생각보다 필요없는 기능까지 있어 별로예요 ",
        "SentimentWord": "7",
        "SentimentPolarity": "-1"
      },
      {
        "Aspect": "조작성",
        "SentimentText": "터치식 보다는 다이얼식으로 바꿔 좀 더 간편했으면 좋겠어요",
        "SentimentWord": "8",
        "SentimentPolarity": "-1"
      }
    ]
  },
  {
    "Index": "32728",
    "RawText": "디자인 너무 깔끔하고 예뻐서 마음에 듭니다. 다만 사용할 때 소리가 좀 크게 나서 거슬리네요",
    "Source": "쇼핑몰",
    "Domain": "가전",
    "MainCategory": "주방가전",
    "ProductName": "쿠쿠전자 CRP-DHP0610FD 일반구매",
    "ReviewScore": "5",
    "Syllable": "51",
    "Word": "14",
    "RDate": "20200829",
    "GeneralPolarity": "0",
    "Aspects": [
      {
        "Aspect": "디자인",
        "SentimentText": "디자인 너무 깔끔하고 예뻐서 마음에 듭니다.",
        "SentimentWord": "6",
        "SentimentPolarity": "1"
      },
      {
        "Aspect": "소음",
        "SentimentText": "사용할 때 소리가 좀 크게 나서 거슬리네요",
        "SentimentWord": "7",
        "SentimentPolarity": "-1"
      }
    ]
  },
  {
    "Index": "32729",
    "RawText": "절전 기능이 있어서 전기 요금도 절약되고 너무 좋습니다. 디자인도 심플하고 주방 가전이랑 아주 잘 어울려서 만족합니다.",
    "Source": "쇼핑몰",
    "Domain": "가전",
    "MainCategory": "주방가전",
    "ProductName": "쿠쿠전자 CRP-DHP0610FD 일반구매",
    "ReviewScore": "5",
    "Syllable": "66",
    "Word": "16",
    "RDate": "20201111",
    "GeneralPolarity": "1",
    "Aspects": [
      {
        "Aspect": "기능",
        "SentimentText": "절전 기능이 있어서 전기 요금도 절약되고 너무 좋습니다. ",
        "SentimentWord": "8",
        "SentimentPolarity": "1"
      },
      {
        "Aspect": "디자인",
        "SentimentText": "디자인도 심플하고 주방 가전이랑 아주 잘 어울려서 만족합니다.",
        "SentimentWord": "8",
        "SentimentPolarity": "1"
      }
    ]
  },
  {
    "Index": "32730",
    "RawText": "기능이 너무 다양해서 생각보다 밥이 너무 맛 없게 됩니다. 색상도 사진보다 올드해서 별로네요",
    "Source": "쇼핑몰",
    "Domain": "가전",
    "MainCategory": "주방가전",
    "ProductName": "쿠쿠전자 CRP-DHP0610FD 일반구매",
    "ReviewScore": "5",
    "Syllable": "51",
    "Word": "13",
    "RDate": "20220121",
    "GeneralPolarity": "-1",
    "Aspects": [
      {
        "Aspect": "기능",
        "SentimentText": "기능이 너무 다양해서 생각보다 밥이 너무 맛 없게 됩니다. ",
        "SentimentWord": "9",
        "SentimentPolarity": "-1"
      },
      {
        "Aspect": "색상",
        "SentimentText": "색상도 사진보다 올드해서 별로네요",
        "SentimentWord": "4",
        "SentimentPolarity": "-1"
      }
    ]
  },
  {
    "Index": "32732",
    "RawText": "시엄마 선물 드렸는데 밥도 맛있게 잘 된다고 칭찬해 주셨습니다 .  ㅇㅇㅇ라서 더 좋타고 하시네요",
    "Source": "쇼핑몰",
    "Domain": "가전",
    "MainCategory": "주방가전",
    "ProductName": "쿠쿠전자 CRP-DHP0610FD 일반구매",
    "ReviewScore": "5",
    "Syllable": "54",
    "Word": "14",
    "RDate": "20220302",
    "GeneralPolarity": "1",
    "Aspects": [
      {
        "Aspect": "품질",
        "SentimentText": " 밥도 맛있게 잘 된다고 칭찬해 주셨습니다 . ",
        "SentimentWord": "7",
        "SentimentPolarity": "1"
      },
      {
        "Aspect": "제조일/제조사",
        "SentimentText": "ㅇㅇㅇ라서 더 좋타고 하시네요 ",
        "SentimentWord": "4",
        "SentimentPolarity": "1"
      }
    ]
  },
  {
    "Index": "32737",
    "RawText": "디자인은 심플하고 예뻐서 마음에 듭니다. 그런데 내 솥 내부가 생각보다 작아서 별로예요",
    "Source": "쇼핑몰",
    "Domain": "가전",
    "MainCategory": "주방가전",
    "ProductName": "쿠쿠전자 CRP-DHP0610FD 일반구매",
    "ReviewScore": "5",
    "Syllable": "48",
    "Word": "12",
    "RDate": "20200728",
    "GeneralPolarity": "0",
    "Aspects": [
      {
        "Aspect": "디자인",
        "SentimentText": "디자인은 심플하고 예뻐서 마음에 듭니다. ",
        "SentimentWord": "5",
        "SentimentPolarity": "1"
      },
      {
        "Aspect": "용량",
        "SentimentText": "내 솥 내부가 생각보다 작아서 별로예요",
        "SentimentWord": "6",
        "SentimentPolarity": "-1"
      }
    ]
  },
  {
    "Index": "32738",
    "RawText": "에너지 효율이 1등급이라 너무 좋네요~ ooo에서 너무 저렴하게 구매해서 기분이 좋습니다~ 밥도 너무 찰 지고 맛있게돼요~",
    "Source": "쇼핑몰",
    "Domain": "가전",
    "MainCategory": "주방가전",
    "ProductName": "쿠쿠전자 CRP-DHP0610FD 일반구매",
    "ReviewScore": "5",
    "Syllable": "68",
    "Word": "16",
    "RDate": "20201028",
    "GeneralPolarity": "1",
    "Aspects": [
      {
        "Aspect": "소비전력",
        "SentimentText": "에너지 효율이 1등급이라 너무 좋네요~",
        "SentimentWord": "5",
        "SentimentPolarity": "1"
      },
      {
        "Aspect": "가격",
        "SentimentText": "ooo에서 너무 저렴하게 구매해서 기분이 좋습니다~ ",
        "SentimentWord": "6",
        "SentimentPolarity": "1"
      },
      {
        "Aspect": "기능",
        "SentimentText": "밥도 너무 찰 지고 맛있게돼요~",
        "SentimentWord": "5",
        "SentimentPolarity": "1"
      }
    ]
  },
  {
    "Index": "32739",
    "RawText": "내 솥이 넓어서 3인 가구 쓰기 아주 딱 좋아요. 자동 세척 기능이 있어서 아주 편리하고 좋네요~",
    "Source": "쇼핑몰",
    "Domain": "가전",
    "MainCategory": "주방가전",
    "ProductName": "쿠쿠전자 CRP-DHP0610FD 일반구매",
    "ReviewScore": "5",
    "Syllable": "54",
    "Word": "16",
    "RDate": "20210415",
    "GeneralPolarity": "1",
    "Aspects": [
      {
        "Aspect": "용량",
        "SentimentText": "내 솥이 넓어서 3인 가구 쓰기 아주 딱 좋아요. ",
        "SentimentWord": "9",
        "SentimentPolarity": "1"
      },
      {
        "Aspect": "기능",
        "SentimentText": "자동 세척 기능이 있어서 아주 편리하고 좋네요~",
        "SentimentWord": "7",
        "SentimentPolarity": "1"
      }
    ]
  },
  {
    "Index": "32740",
    "RawText": "잡곡 기능으로 밥하니 잡곡밥이 더 맛있어졌고 예약 기능도 좋습니다. 가격도 저렴하게 잘 사서 베리 굿~^^",
    "Source": "쇼핑몰",
    "Domain": "가전",
    "MainCategory": "주방가전",
    "ProductName": "쿠쿠전자 CRP-DHP0610FD 일반구매",
    "ReviewScore": "5",
    "Syllable": "59",
    "Word": "15",
    "RDate": "20220312",
    "GeneralPolarity": "1",
    "Aspects": [
      {
        "Aspect": "기능",
        "SentimentText": "잡곡 기능으로 밥하니 잡곡밥이 더 맛있어졌고 예약 기능도 좋습니다.",
        "SentimentWord": "9",
        "SentimentPolarity": "1"
      },
      {
        "Aspect": "가격",
        "SentimentText": "가격도 저렴하게 잘 사서 베리 굿~^^ ",
        "SentimentWord": "6",
        "SentimentPolarity": "1"
      }
    ]
  },
  {
    "Index": "32741",
    "RawText": "디자인 예쁘고 깔끔하니 마음에 쏙 듭니다~ 용량도 2인 가구가 쓰기에 아주 적합합니다",
    "Source": "쇼핑몰",
    "Domain": "가전",
    "MainCategory": "주방가전",
    "ProductName": "쿠쿠전자 CRP-DHP0610FD 일반구매",
    "ReviewScore": "5",
    "Syllable": "47",
    "Word": "12",
    "RDate": "20210222",
    "GeneralPolarity": "1",
    "Aspects": [
      {
        "Aspect": "디자인",
        "SentimentText": "디자인 예쁘고 깔끔하니 마음에 쏙 듭니다~",
        "SentimentWord": "6",
        "SentimentPolarity": "1"
      },
      {
        "Aspect": "용량",
        "SentimentText": "용량도 2인 가구가 쓰기에 아주 적합합니다 ",
        "SentimentWord": "6",
        "SentimentPolarity": "1"
      }
    ]
  },
  {
    "Index": "32742",
    "RawText": "오프라인보다 저렴하게 구매 할 수 있어서 너무 좋아요~ 디자인도 너무 예뻐서 마음에 쏙 듭니다.",
    "Source": "쇼핑몰",
    "Domain": "가전",
    "MainCategory": "주방가전",
    "ProductName": "쿠쿠전자 CRP-DHP0610FD 일반구매",
    "ReviewScore": "5",
    "Syllable": "53",
    "Word": "14",
    "RDate": "20200928",
    "GeneralPolarity": "1",
    "Aspects": [
      {
        "Aspect": "가격",
        "SentimentText": "오프라인보다 저렴하게 구매 할 수 있어서 너무 좋아요~",
        "SentimentWord": "8",
        "SentimentPolarity": "1"
      },
      {
        "Aspect": "디자인",
        "SentimentText": "디자인도 너무 예뻐서 마음에 쏙 듭니다.",
        "SentimentWord": "6",
        "SentimentPolarity": "1"
      }
    ]
  },
  {
    "Index": "32744",
    "RawText": "잡곡밥도 너무 맛있게 잘 돼서 좋아요~ 밥 솥 크기가 아담하니 자리 차지 많이 안 해서 좋네요",
    "Source": "쇼핑몰",
    "Domain": "가전",
    "MainCategory": "주방가전",
    "ProductName": "쿠쿠전자 CRP-DHP0610FD 일반구매",
    "ReviewScore": "5",
    "Syllable": "52",
    "Word": "16",
    "RDate": "20200902",
    "GeneralPolarity": "1",
    "Aspects": [
      {
        "Aspect": "기능",
        "SentimentText": "잡곡밥도 너무 맛있게 잘 돼서 좋아요~",
        "SentimentWord": "6",
        "SentimentPolarity": "1"
      },
      {
        "Aspect": "사이즈",
        "SentimentText": "밥 솥 크기가 아담하니 자리 차지 많이 안 해서 좋네요",
        "SentimentWord": "10",
        "SentimentPolarity": "1"
      }
    ]
  },
  {
    "Index": "32746",
    "RawText": "저렴하게 구매 할 수 있어서 기분이 좋습니다!! 디자인도 깔끔하고 고급스러워 대 만족입니다^^",
    "Source": "쇼핑몰",
    "Domain": "가전",
    "MainCategory": "주방가전",
    "ProductName": "쿠쿠전자 CRP-DHP0610FD 일반구매",
    "ReviewScore": "5",
    "Syllable": "52",
    "Word": "12",
    "RDate": "20210109",
    "GeneralPolarity": "1",
    "Aspects": [
      {
        "Aspect": "가격",
        "SentimentText": "저렴하게 구매 할 수 있어서 기분이 좋습니다!! ",
        "SentimentWord": "7",
        "SentimentPolarity": "1"
      },
      {
        "Aspect": "디자인",
        "SentimentText": "디자인도 깔끔하고 고급스러워 대 만족입니다^^",
        "SentimentWord": "5",
        "SentimentPolarity": "1"
      }
    ]
  },
  {
    "Index": "32749",
    "RawText": "10인용에서 6인용으로 바꿨는데 생각보다 용량 충분한 것 같아요.  올 스테인리스라 더 위생적이고 밥도 너무 맛있어요~",
    "Source": "쇼핑몰",
    "Domain": "가전",
    "MainCategory": "주방가전",
    "ProductName": "쿠쿠전자 CRP-DHP0610FD 일반구매",
    "ReviewScore": "5",
    "Syllable": "66",
    "Word": "15",
    "RDate": "20201027",
    "GeneralPolarity": "1",
    "Aspects": [
      {
        "Aspect": "용량",
        "SentimentText": "10인용에서 6인용으로 바꿨는데 생각보다 용량 충분한 것 같아요.",
        "SentimentWord": "8",
        "SentimentPolarity": "1"
      },
      {
        "Aspect": "소재",
        "SentimentText": " 올 스테인리스라 더 위생적이고 밥도 너무 맛있어요~  ",
        "SentimentWord": "7",
        "SentimentPolarity": "1"
      }
    ]
  },
  {
    "Index": "32751",
    "RawText": "쿠폰이 있어서 저렴하게 구매했어요~ 너무 좋아요. 에너지 효율도 1등급이라서 만족해요~^^",
    "Source": "쇼핑몰",
    "Domain": "가전",
    "MainCategory": "주방가전",
    "ProductName": "쿠쿠전자 CRP-DHP0610FD 일반구매",
    "ReviewScore": "5",
    "Syllable": "50",
    "Word": "10",
    "RDate": "20200616",
    "GeneralPolarity": "1",
    "Aspects": [
      {
        "Aspect": "가격",
        "SentimentText": "쿠폰이 있어서 저렴하게 구매했어요~ 너무 좋아요.",
        "SentimentWord": "6",
        "SentimentPolarity": "1"
      },
      {
        "Aspect": "소비전력",
        "SentimentText": "에너지 효율도 1등급이라서 만족해요~^^",
        "SentimentWord": "4",
        "SentimentPolarity": "1"
      }
    ]
  },
  {
    "Index": "32752",
    "RawText": "여러가지 기능이 있어서 다양한 요리를 할 수 있어 좋아요^^ 용량도 2인 가구에게 아주 딱 좋습니다.",
    "Source": "쇼핑몰",
    "Domain": "가전",
    "MainCategory": "주방가전",
    "ProductName": "쿠쿠전자 CRP-DHP0610FD 일반구매",
    "ReviewScore": "5",
    "Syllable": "56",
    "Word": "15",
    "RDate": "20210331",
    "GeneralPolarity": "1",
    "Aspects": [
      {
        "Aspect": "기능",
        "SentimentText": "여러가지 기능이 있어서 다양한 요리를 할 수 있어 좋아요^^",
        "SentimentWord": "9",
        "SentimentPolarity": "1"
      },
      {
        "Aspect": "용량",
        "SentimentText": "용량도 2인 가구에게 아주 딱 좋습니다.",
        "SentimentWord": "6",
        "SentimentPolarity": "1"
      }
    ]
  },
  {
    "Index": "32753",
    "RawText": "디자인이 앙증맞고 귀여워서 마음에 들어요~ 역시 밥솥은 ooo가 최고네요~",
    "Source": "쇼핑몰",
    "Domain": "가전",
    "MainCategory": "주방가전",
    "ProductName": "쿠쿠전자 CRP-DHP0610FD 일반구매",
    "ReviewScore": "5",
    "Syllable": "41",
    "Word": "9",
    "RDate": "20210615",
    "GeneralPolarity": "1",
    "Aspects": [
      {
        "Aspect": "디자인",
        "SentimentText": "디자인이 앙증맞고 귀여워서 마음에 들어요~",
        "SentimentWord": "5",
        "SentimentPolarity": "1"
      },
      {
        "Aspect": "제조일/제조사",
        "SentimentText": "역시 밥솥은 ooo가 최고네요~",
        "SentimentWord": "4",
        "SentimentPolarity": "1"
      }
    ]
  },
  {
    "Index": "32756",
    "RawText": "쓸데없는 기능이 많아서 인지.. 밥이 맛있게 잘 안돼요. 가격은 저렴해서 마음에 들어요",
    "Source": "쇼핑몰",
    "Domain": "가전",
    "MainCategory": "주방가전",
    "ProductName": "쿠쿠전자 CRP-DHP0610FD 일반구매",
    "ReviewScore": "5",
    "Syllable": "48",
    "Word": "12",
    "RDate": "20210715",
    "GeneralPolarity": "0",
    "Aspects": [
      {
        "Aspect": "기능",
        "SentimentText": "쓸데없는 기능이 많아서 인지.. 밥이 맛있게 잘 안돼요.",
        "SentimentWord": "8",
        "SentimentPolarity": "-1"
      },
      {
        "Aspect": "가격",
        "SentimentText": "가격은 저렴해서 마음에 들어요",
        "SentimentWord": "4",
        "SentimentPolarity": "1"
      }
    ]
  },
  {
    "Index": "32760",
    "RawText": "절전 기능이 있어서 전기세 절약도 되고 너무 좋습니다. 디자인도 너무 앙증맞아서 마음에 듭니다~",
    "Source": "쇼핑몰",
    "Domain": "가전",
    "MainCategory": "주방가전",
    "ProductName": "쿠쿠전자 CRP-DHP0610FD 일반구매",
    "ReviewScore": "5",
    "Syllable": "53",
    "Word": "13",
    "RDate": "20201213",
    "GeneralPolarity": "1",
    "Aspects": [
      {
        "Aspect": "기능",
        "SentimentText": "절전 기능이 있어서 전기세 절약도 되고 너무 좋습니다.",
        "SentimentWord": "8",
        "SentimentPolarity": "1"
      },
      {
        "Aspect": "디자인",
        "SentimentText": "디자인도 너무 앙증맞아서 마음에 듭니다~",
        "SentimentWord": "5",
        "SentimentPolarity": "1"
      }
    ]
  },
  {
    "Index": "32761",
    "RawText": "적당한 가격에 잘 산 거 같아서 좋네요~ 품질이야 뭐 나쁘지도 좋지도 않고 딱 적당한 제품입니다.",
    "Source": "쇼핑몰",
    "Domain": "가전",
    "MainCategory": "주방가전",
    "ProductName": "쿠쿠전자 CRP-DHP0610FD 일반구매",
    "ReviewScore": "5",
    "Syllable": "54",
    "Word": "15",
    "RDate": "20220111",
    "GeneralPolarity": "0",
    "Aspects": [
      {
        "Aspect": "가격",
        "SentimentText": "적당한 가격에 잘 산 거 같아서 좋네요~",
        "SentimentWord": "7",
        "SentimentPolarity": "1"
      },
      {
        "Aspect": "품질",
        "SentimentText": " 품질이야 뭐 나쁘지도 좋지도 않고 딱 적당한 제품입니다.",
        "SentimentWord": "8",
        "SentimentPolarity": "0"
      }
    ]
  },
  {
    "Index": "32762",
    "RawText": "디자인 심플하고 앙증맞아서 마음에 들어요~ 역시 ooo에서 나오는 밥솥은 최고죠~",
    "Source": "쇼핑몰",
    "Domain": "가전",
    "MainCategory": "주방가전",
    "ProductName": "쿠쿠전자 CRP-DHP0610FD 일반구매",
    "ReviewScore": "5",
    "Syllable": "45",
    "Word": "10",
    "RDate": "20210314",
    "GeneralPolarity": "1",
    "Aspects": [
      {
        "Aspect": "디자인",
        "SentimentText": "디자인 심플하고 앙증맞아서 마음에 들어요~",
        "SentimentWord": "5",
        "SentimentPolarity": "1"
      },
      {
        "Aspect": "제조일/제조사",
        "SentimentText": "역시 ooo에서 나오는 밥솥은 최고죠~",
        "SentimentWord": "5",
        "SentimentPolarity": "1"
      }
    ]
  },
  {
    "Index": "32763",
    "RawText": "기능만 많은뿐 별로 쓸때 없어요. 가격도 싼 제품에 비해 별다를 게 없어 아주 별로입니다",
    "Source": "쇼핑몰",
    "Domain": "가전",
    "MainCategory": "주방가전",
    "ProductName": "쿠쿠전자 CRP-DHP0610FD 일반구매",
    "ReviewScore": "5",
    "Syllable": "49",
    "Word": "14",
    "RDate": "20200616",
    "GeneralPolarity": "-1",
    "Aspects": [
      {
        "Aspect": "기능",
        "SentimentText": "기능만 많은뿐 별로 쓸때 없어요",
        "SentimentWord": "5",
        "SentimentPolarity": "-1"
      },
      {
        "Aspect": "가격",
        "SentimentText": "가격도 싼 제품에 비해 별다를 게 없어 아주 별로입니다",
        "SentimentWord": "9",
        "SentimentPolarity": "-1"
      }
    ]
  },
  {
    "Index": "32766",
    "RawText": "밥이 자꾸 누룽지가 돼요.. 고장 아닌가요? 디자인은 깔끔해서 마음에 듭니다.",
    "Source": "쇼핑몰",
    "Domain": "가전",
    "MainCategory": "주방가전",
    "ProductName": "쿠쿠전자 CRP-DHP0610FD 일반구매",
    "ReviewScore": "5",
    "Syllable": "43",
    "Word": "10",
    "RDate": "20200615",
    "GeneralPolarity": "0",
    "Aspects": [
      {
        "Aspect": "품질",
        "SentimentText": "밥이 자꾸 누룽지가 돼요.. 고장 아닌가요?",
        "SentimentWord": "6",
        "SentimentPolarity": "-1"
      },
      {
        "Aspect": "디자인",
        "SentimentText": "디자인은 깔끔해서 마음에 듭니다.",
        "SentimentWord": "4",
        "SentimentPolarity": "1"
      }
    ]
  },
  {
    "Index": "32767",
    "RawText": "내 솥을 세척하면 자꾸 물기가 마르지 않고 생깁니다.. 고장인가요? 가격이 그렇게 저렴하지도 않아서 실망이에요;",
    "Source": "쇼핑몰",
    "Domain": "가전",
    "MainCategory": "주방가전",
    "ProductName": "쿠쿠전자 CRP-DHP0610FD 일반구매",
    "ReviewScore": "5",
    "Syllable": "62",
    "Word": "14",
    "RDate": "20210113",
    "GeneralPolarity": "-1",
    "Aspects": [
      {
        "Aspect": "품질",
        "SentimentText": "내 솥을 세척하면 자꾸 물기가 마르지 않고 생깁니다.. 고장인가요? ",
        "SentimentWord": "9",
        "SentimentPolarity": "-1"
      },
      {
        "Aspect": "가격",
        "SentimentText": "가격이 그렇게 저렴하지도 않아서 실망이에요; ",
        "SentimentWord": "5",
        "SentimentPolarity": "-1"
      }
    ]
  },
  {
    "Index": "32768",
    "RawText": "디자인 아담하고 귀여워서 마음에 들어요~ 내 솥은 생각보다 작아서 별로에요 ㅠ",
    "Source": "쇼핑몰",
    "Domain": "가전",
    "MainCategory": "주방가전",
    "ProductName": "쿠쿠전자 CRP-DHP0610FD 일반구매",
    "ReviewScore": "5",
    "Syllable": "43",
    "Word": "11",
    "RDate": "20200909",
    "GeneralPolarity": "0",
    "Aspects": [
      {
        "Aspect": "디자인",
        "SentimentText": "디자인 아담하고 귀여워서 마음에 들어요~ ",
        "SentimentWord": "5",
        "SentimentPolarity": "1"
      },
      {
        "Aspect": "용량",
        "SentimentText": "내 솥은 생각보다 작아서 별로에요 ㅠ",
        "SentimentWord": "6",
        "SentimentPolarity": "-1"
      }
    ]
  },
  {
    "Index": "32769",
    "RawText": "2인 가구에 딱 알맞은 용량입니다~ 만족! 디자인도 심플하고 예뻐서 마음에 듭니다",
    "Source": "쇼핑몰",
    "Domain": "가전",
    "MainCategory": "주방가전",
    "ProductName": "쿠쿠전자 CRP-DHP0610FD 일반구매",
    "ReviewScore": "5",
    "Syllable": "45",
    "Word": "11",
    "RDate": "20201227",
    "GeneralPolarity": "1",
    "Aspects": [
      {
        "Aspect": "용량",
        "SentimentText": "2인 가구에 딱 알맞은 용량입니다~ 만족!",
        "SentimentWord": "6",
        "SentimentPolarity": "1"
      },
      {
        "Aspect": "디자인",
        "SentimentText": "디자인도 심플하고 예뻐서 마음에 듭니다",
        "SentimentWord": "5",
        "SentimentPolarity": "1"
      }
    ]
  },
  {
    "Index": "32771",
    "RawText": "밥 솥 몸체랑 뚜껑 밸런스가 안 맞아요 별로예요. 디자인은 고급스러워서 마음에 들어요.",
    "Source": "쇼핑몰",
    "Domain": "가전",
    "MainCategory": "주방가전",
    "ProductName": "쿠쿠전자 CRP-DHP0610FD 일반구매",
    "ReviewScore": "5",
    "Syllable": "48",
    "Word": "12",
    "RDate": "20210710",
    "GeneralPolarity": "0",
    "Aspects": [
      {
        "Aspect": "품질",
        "SentimentText": "밥 솥 몸체랑 뚜껑 밸런스가 안 맞아요 별로예요.",
        "SentimentWord": "8",
        "SentimentPolarity": "-1"
      },
      {
        "Aspect": "디자인",
        "SentimentText": "디자인은 고급스러워서 마음에 들어요.",
        "SentimentWord": "4",
        "SentimentPolarity": "1"
      }
    ]
  },
  {
    "Index": "32772",
    "RawText": "제가 원하는 심플한 디자인이라서 이뻐요. 에너지효율 1등급이어서 환급까지 된다고 해서 구매했습니다. 리뷰처럼 밥도 맛있길~",
    "Source": "쇼핑몰",
    "Domain": "가전",
    "MainCategory": "주방가전",
    "ProductName": "쿠쿠전자 CRP-DHP0610FD 일반구매",
    "ReviewScore": "5",
    "Syllable": "68",
    "Word": "14",
    "RDate": "20200821",
    "GeneralPolarity": "1",
    "Aspects": [
      {
        "Aspect": "디자인",
        "SentimentText": "제가 원하는 심플한 디자인이라서 이뻐요 ",
        "SentimentWord": "5",
        "SentimentPolarity": "1"
      },
      {
        "Aspect": "소비전력",
        "SentimentText": "에너지효율 1등급이어서 환급까지 된다고 해서 구매했습니다. ",
        "SentimentWord": "6",
        "SentimentPolarity": "1"
      }
    ]
  },
  {
    "Index": "32773",
    "RawText": "밥 솥 콘센트가 짧아도 너무 짧네요.. 짜증나요. 가격은 저렴하게 잘 사서 만족하고요. 디자인도 심플하니 마음에 듭니다.",
    "Source": "쇼핑몰",
    "Domain": "가전",
    "MainCategory": "주방가전",
    "ProductName": "쿠쿠전자 CRP-DHP0610FD 일반구매",
    "ReviewScore": "5",
    "Syllable": "67",
    "Word": "16",
    "RDate": "20220211",
    "GeneralPolarity": "0",
    "Aspects": [
      {
        "Aspect": "사이즈",
        "SentimentText": "밥 솥 콘센트가 짧아도 너무 짧네요.. 짜증나요.",
        "SentimentWord": "7",
        "SentimentPolarity": "-1"
      },
      {
        "Aspect": "가격",
        "SentimentText": "가격은 저렴하게 잘 사서 만족하고요.",
        "SentimentWord": "5",
        "SentimentPolarity": "1"
      },
      {
        "Aspect": "디자인",
        "SentimentText": "디자인도 심플하니 마음에 듭니다.",
        "SentimentWord": "4",
        "SentimentPolarity": "1"
      }
    ]
  },
  {
    "Index": "32774",
    "RawText": "용량도 4인 가구 쓰기 딱 적당해서 좋고, 밥이 찰 지고 맛있게 돼서 너무 만족합니다^^ 디자인도 아주 깔끔하니 주방이 환해졌어요~",
    "Source": "쇼핑몰",
    "Domain": "가전",
    "MainCategory": "주방가전",
    "ProductName": "쿠쿠전자 CRP-DHP0610FD 일반구매",
    "ReviewScore": "5",
    "Syllable": "73",
    "Word": "19",
    "RDate": "20210119",
    "GeneralPolarity": "1",
    "Aspects": [
      {
        "Aspect": "용량",
        "SentimentText": "용량도 4인 가구 쓰기 딱 적당해서 좋고,",
        "SentimentWord": "7",
        "SentimentPolarity": "1"
      },
      {
        "Aspect": "기능",
        "SentimentText": "밥이 찰 지고 맛있게 돼서 너무 만족합니다^^ ",
        "SentimentWord": "7",
        "SentimentPolarity": "1"
      },
      {
        "Aspect": "디자인",
        "SentimentText": "디자인도 아주 깔끔하니 주방이 환해졌어요~ ",
        "SentimentWord": "5",
        "SentimentPolarity": "1"
      }
    ]
  },
  {
    "Index": "32776",
    "RawText": "내 솥 재질이 싸구려인지 숟가락으로 한번 펐는데 기스가 나네요 ;;  밥하는 기능은 좋아서 밥알에 윤기가 나고 맛있네요",
    "Source": "쇼핑몰",
    "Domain": "가전",
    "MainCategory": "주방가전",
    "ProductName": "쿠쿠전자 CRP-DHP0610FD 일반구매",
    "ReviewScore": "5",
    "Syllable": "66",
    "Word": "17",
    "RDate": "20201031",
    "GeneralPolarity": "0",
    "Aspects": [
      {
        "Aspect": "소재",
        "SentimentText": "내 솥 재질이 싸구려인지 숟가락으로 한번 펐는데 기스가 나네요 ;; ",
        "SentimentWord": "10",
        "SentimentPolarity": "-1"
      },
      {
        "Aspect": "기능",
        "SentimentText": "밥하는 기능은 좋아서 밥알에 윤기가 나고 맛있네요",
        "SentimentWord": "7",
        "SentimentPolarity": "1"
      }
    ]
  },
  {
    "Index": "32778",
    "RawText": "일단 밥이 윤기가 나고 맛있어서 기능은 좋아요. 그런데 생각보다 내 솥이 너무 작아서 쌀 씻기 불편하네요",
    "Source": "쇼핑몰",
    "Domain": "가전",
    "MainCategory": "주방가전",
    "ProductName": "쿠쿠전자 CRP-DHP0610FD 일반구매",
    "ReviewScore": "5",
    "Syllable": "58",
    "Word": "16",
    "RDate": "20210405",
    "GeneralPolarity": "0",
    "Aspects": [
      {
        "Aspect": "기능",
        "SentimentText": "일단 밥이 윤기가 나고 맛있어서 기능은 좋아요.",
        "SentimentWord": "7",
        "SentimentPolarity": "1"
      },
      {
        "Aspect": "용량",
        "SentimentText": "생각보다 내 솥이 너무 작아서 쌀 씻기 불편하네요",
        "SentimentWord": "8",
        "SentimentPolarity": "-1"
      }
    ]
  },
  {
    "Index": "32779",
    "RawText": "디자인 너무 둥그렇지 않고  고급스럽고 이쁘네요. 압력솥 처음이라 생각보다 물 조절해서 사용하기 어렵네요",
    "Source": "쇼핑몰",
    "Domain": "가전",
    "MainCategory": "주방가전",
    "ProductName": "쿠쿠전자 CRP-DHP0610FD 일반구매",
    "ReviewScore": "5",
    "Syllable": "58",
    "Word": "13",
    "RDate": "20210715",
    "GeneralPolarity": "0",
    "Aspects": [
      {
        "Aspect": "디자인",
        "SentimentText": " 디자인 너무 둥그렇지 않고  고급스럽고 이쁘네요.",
        "SentimentWord": "6",
        "SentimentPolarity": "1"
      },
      {
        "Aspect": "편의성",
        "SentimentText": "압력솥 처음이라 생각보다 물 조절해서 사용하기 어렵네요 ",
        "SentimentWord": "7",
        "SentimentPolarity": "-1"
      }
    ]
  },
  {
    "Index": "32780",
    "RawText": "귀엽긴 생긴 디자인이 마음에 들고 색감도 이쁘고 고급스러워요 성능좋아 밥도 잘 되요",
    "Source": "쇼핑몰",
    "Domain": "가전",
    "MainCategory": "주방가전",
    "ProductName": "쿠쿠전자 CRP-DHP0610FD 일반구매",
    "ReviewScore": "5",
    "Syllable": "46",
    "Word": "12",
    "RDate": "20200825",
    "GeneralPolarity": "1",
    "Aspects": [
      {
        "Aspect": "디자인",
        "SentimentText": "귀엽긴 생긴 디자인이 마음에 들고",
        "SentimentWord": "5",
        "SentimentPolarity": "1"
      },
      {
        "Aspect": "색상",
        "SentimentText": "색감도 이쁘고 고급스러워요 ",
        "SentimentWord": "3",
        "SentimentPolarity": "1"
      },
      {
        "Aspect": "기능",
        "SentimentText": " 성능좋아 밥도 잘 되요 ",
        "SentimentWord": "4",
        "SentimentPolarity": "1"
      }
    ]
  },
  {
    "Index": "32781",
    "RawText": "밥도 잘 되고 만능 기능으로 여러가지 음식을 할 수 있습니다. 그런데 할때마다 결과 물이 질게 되어 사용하기 어렵습니다.ㅠㅠ",
    "Source": "쇼핑몰",
    "Domain": "가전",
    "MainCategory": "주방가전",
    "ProductName": "쿠쿠전자 CRP-DHP0610FD 일반구매",
    "ReviewScore": "5",
    "Syllable": "69",
    "Word": "18",
    "RDate": "20201027",
    "GeneralPolarity": "0",
    "Aspects": [
      {
        "Aspect": "기능",
        "SentimentText": "밥도 잘 되고 만능 기능으로 여러가지 음식을 할 수 있습니다. ",
        "SentimentWord": "10",
        "SentimentPolarity": "1"
      },
      {
        "Aspect": "편의성",
        "SentimentText": "그런데 할때마다 결과 물이 질게 되어 사용하기 어렵습니다.ㅠㅠ",
        "SentimentWord": "8",
        "SentimentPolarity": "-1"
      }
    ]
  },
  {
    "Index": "32782",
    "RawText": "일단 디자인 고급스럽습니다.  밥은 맛있는데  두 개 구매한 제품 모두 내솥 코팅이 약한지 눌어붙어요",
    "Source": "쇼핑몰",
    "Domain": "가전",
    "MainCategory": "주방가전",
    "ProductName": "쿠쿠전자 CRP-DHP0610FD 일반구매",
    "ReviewScore": "5",
    "Syllable": "56",
    "Word": "14",
    "RDate": "20220118",
    "GeneralPolarity": "0",
    "Aspects": [
      {
        "Aspect": "디자인",
        "SentimentText": "일단 디자인 고급스럽습니다. ",
        "SentimentWord": "3",
        "SentimentPolarity": "1"
      },
      {
        "Aspect": "품질",
        "SentimentText": "두 개 구매한 제품 모두 내솥 코팅이 약한지 눌어붙어요",
        "SentimentWord": "9",
        "SentimentPolarity": "-1"
      }
    ]
  },
  {
    "Index": "32784",
    "RawText": "압력 성능 덕인지 밥이 찰 지고 윤기까지 나서 밥맛이 아주 맛있어요. 세련 된 디자인 멋지고 외관 재질 스테인리스라 오래 쓸 것 같아 만족!",
    "Source": "쇼핑몰",
    "Domain": "가전",
    "MainCategory": "주방가전",
    "ProductName": "쿠쿠전자 CRP-DHP0610FD 일반구매",
    "ReviewScore": "5",
    "Syllable": "78",
    "Word": "23",
    "RDate": "20201004",
    "GeneralPolarity": "1",
    "Aspects": [
      {
        "Aspect": "기능",
        "SentimentText": "압력 성능 덕인지 밥이 찰 지고 윤기까지 나서 밥맛이 아주 맛있어요.",
        "SentimentWord": "11",
        "SentimentPolarity": "1"
      },
      {
        "Aspect": "디자인",
        "SentimentText": "세련 된 디자인 멋지고",
        "SentimentWord": "4",
        "SentimentPolarity": "1"
      },
      {
        "Aspect": "소재",
        "SentimentText": "외관 재질 스테인리스라 오래 쓸 것 같아 만족!",
        "SentimentWord": "8",
        "SentimentPolarity": "1"
      }
    ]
  },
  {
    "Index": "32785",
    "RawText": "디자인도 심플하고 다른 주방 가전이랑 잘 어울려요. 기능도 좋아서 밥맛이 아주 좋네요~ 굿",
    "Source": "쇼핑몰",
    "Domain": "가전",
    "MainCategory": "주방가전",
    "ProductName": "쿠쿠전자 CRP-DHP0610FD 일반구매",
    "ReviewScore": "5",
    "Syllable": "50",
    "Word": "13",
    "RDate": "20201129",
    "GeneralPolarity": "1",
    "Aspects": [
      {
        "Aspect": "디자인",
        "SentimentText": "디자인도 심플하고 다른 주방 가전이랑 잘 어울려요.",
        "SentimentWord": "7",
        "SentimentPolarity": "1"
      },
      {
        "Aspect": "기능",
        "SentimentText": "기능도 좋아서 밥맛이 아주 좋네요~ 굿",
        "SentimentWord": "6",
        "SentimentPolarity": "1"
      }
    ]
  },
  {
    "Index": "32791",
    "RawText": "버튼 누를때 오래 누르고 있어야 작동돼서 불편해요. 기능은 좋아서 밥이 그전 보다 훨씬 맛있어졌어요~",
    "Source": "쇼핑몰",
    "Domain": "가전",
    "MainCategory": "주방가전",
    "ProductName": "쿠쿠전자 CRP-DHP0610FD 일반구매",
    "ReviewScore": "5",
    "Syllable": "56",
    "Word": "14",
    "RDate": "20191115",
    "GeneralPolarity": "0",
    "Aspects": [
      {
        "Aspect": "조작성",
        "SentimentText": "버튼 누를때 오래 누르고 있어야 작동돼서 불편해요.",
        "SentimentWord": "7",
        "SentimentPolarity": "-1"
      },
      {
        "Aspect": "기능",
        "SentimentText": "기능은 좋아서 밥이 그전 보다 훨씬 맛있어졌어요~",
        "SentimentWord": "7",
        "SentimentPolarity": "1"
      }
    ]
  },
  {
    "Index": "32798",
    "RawText": "2인 식구 쓰기에 딱 알맞은 용량인 거 같아서 만족입니다. 디자인도 아담하니 예뻐서 좋네요~",
    "Source": "쇼핑몰",
    "Domain": "가전",
    "MainCategory": "주방가전",
    "ProductName": "쿠쿠전자 CRP-DHP0610FD 일반구매",
    "ReviewScore": "5",
    "Syllable": "51",
    "Word": "13",
    "RDate": "20210905",
    "GeneralPolarity": "1",
    "Aspects": [
      {
        "Aspect": "용량",
        "SentimentText": "2인 식구 쓰기에 딱 알맞은 용량인 거 같아서 만족입니다. ",
        "SentimentWord": "9",
        "SentimentPolarity": "1"
      },
      {
        "Aspect": "디자인",
        "SentimentText": "디자인도 아담하니 예뻐서 좋네요~",
        "SentimentWord": "4",
        "SentimentPolarity": "1"
      }
    ]
  },
  {
    "Index": "32803",
    "RawText": "오프라인보다 저렴하게 구매할 수 있어서 너무 좋아요! 그런데 생각보다 내부가 너무 작아서 아쉽네요",
    "Source": "쇼핑몰",
    "Domain": "가전",
    "MainCategory": "주방가전",
    "ProductName": "쿠쿠전자 CRP-DHP0610FD 일반구매",
    "ReviewScore": "5",
    "Syllable": "54",
    "Word": "13",
    "RDate": "20201121",
    "GeneralPolarity": "0",
    "Aspects": [
      {
        "Aspect": "가격",
        "SentimentText": "오프라인보다 저렴하게 구매할 수 있어서 너무 좋아요! ",
        "SentimentWord": "7",
        "SentimentPolarity": "1"
      },
      {
        "Aspect": "용량",
        "SentimentText": "생각보다 내부가 너무 작아서 아쉽네요 ",
        "SentimentWord": "5",
        "SentimentPolarity": "-1"
      }
    ]
  },
  {
    "Index": "32804",
    "RawText": "부모님께 선물했는데 , 사진 그대로 디자인 깔끔합니다.  올스텐이라 튼튼해서 걱정없고  취사에 뜸 기능이 있어 밥맛이 좋다고 하십니다.",
    "Source": "쇼핑몰",
    "Domain": "가전",
    "MainCategory": "주방가전",
    "ProductName": "쿠쿠전자 CRP-DHP0610FD 일반구매",
    "ReviewScore": "5",
    "Syllable": "75",
    "Word": "17",
    "RDate": "20201207",
    "GeneralPolarity": "1",
    "Aspects": [
      {
        "Aspect": "디자인",
        "SentimentText": "사진 그대로 디자인 깔끔합니다. ",
        "SentimentWord": "4",
        "SentimentPolarity": "1"
      },
      {
        "Aspect": "소재",
        "SentimentText": " 올스텐이라 튼튼해서 걱정없고",
        "SentimentWord": "3",
        "SentimentPolarity": "1"
      },
      {
        "Aspect": "기능",
        "SentimentText": " 취사에 뜸 기능이 있어 밥맛이 좋다고 하십니다.",
        "SentimentWord": "7",
        "SentimentPolarity": "1"
      }
    ]
  },
  {
    "Index": "32806",
    "RawText": "화면보다 실물 디자인이 더 심플하고 이뻐요. 쓰던 제품 고장으로  급하게 구매했는데 가격도 비싸게 주고 사지 않아 만족합니다",
    "Source": "쇼핑몰",
    "Domain": "가전",
    "MainCategory": "주방가전",
    "ProductName": "쿠쿠전자 CRP-DHP0610FD 일반구매",
    "ReviewScore": "5",
    "Syllable": "69",
    "Word": "17",
    "RDate": "20201113",
    "GeneralPolarity": "1",
    "Aspects": [
      {
        "Aspect": "디자인",
        "SentimentText": "화면보다 실물 디자인이 더 심플하고 이뻐요 ",
        "SentimentWord": "6",
        "SentimentPolarity": "1"
      },
      {
        "Aspect": "가격",
        "SentimentText": "급하게 구매했는데 가격도 비싸게 주고 사지 않아 만족합니다 ",
        "SentimentWord": "8",
        "SentimentPolarity": "1"
      }
    ]
  },
  {
    "Index": "32807",
    "RawText": "재질이 스테인리스라 안심하고 사용할 수 있어서 좋아요! 디자인도 사진보다 고급스러워서 만족합니다~",
    "Source": "쇼핑몰",
    "Domain": "가전",
    "MainCategory": "주방가전",
    "ProductName": "쿠쿠전자 CRP-DHP0610FD 일반구매",
    "ReviewScore": "5",
    "Syllable": "54",
    "Word": "11",
    "RDate": "20210114",
    "GeneralPolarity": "1",
    "Aspects": [
      {
        "Aspect": "소재",
        "SentimentText": "재질이 스테인리스라 안심하고 사용할 수 있어서 좋아요!",
        "SentimentWord": "7",
        "SentimentPolarity": "1"
      },
      {
        "Aspect": "디자인",
        "SentimentText": "디자인도 사진보다 고급스러워서 만족합니다~",
        "SentimentWord": "4",
        "SentimentPolarity": "1"
      }
    ]
  },
  {
    "Index": "32809",
    "RawText": "디자인 완전 깔끔~ 주방 인테리어가 더 깔끔해진 거 같아 좋네요. 에너지 소비 효율도 1등급이라 너무 만족합니다.",
    "Source": "쇼핑몰",
    "Domain": "가전",
    "MainCategory": "주방가전",
    "ProductName": "쿠쿠전자 CRP-DHP0610FD 일반구매",
    "ReviewScore": "5",
    "Syllable": "63",
    "Word": "16",
    "RDate": "20201104",
    "GeneralPolarity": "1",
    "Aspects": [
      {
        "Aspect": "디자인",
        "SentimentText": "디자인 완전 깔끔~ 주방 인테리어가 더 깔끔해진 거 같아 좋네요.",
        "SentimentWord": "10",
        "SentimentPolarity": "1"
      },
      {
        "Aspect": "소비전력",
        "SentimentText": "에너지 소비 효율도 1등급이라 너무 만족합니다.",
        "SentimentWord": "6",
        "SentimentPolarity": "1"
      }
    ]
  },
  {
    "Index": "32815",
    "RawText": "엄마 선물 드렸는데 디자인까지 이쁘다고 마음에 들어 하시네요, 압력도 잘 되 밥 맛도 맛있다고 하시네요!추천상품입니다~~",
    "Source": "쇼핑몰",
    "Domain": "가전",
    "MainCategory": "주방가전",
    "ProductName": "쿠쿠전자 CRP-DHP0610FD 일반구매",
    "ReviewScore": "5",
    "Syllable": "67",
    "Word": "15",
    "RDate": "20201105",
    "GeneralPolarity": "1",
    "Aspects": [
      {
        "Aspect": "디자인",
        "SentimentText": "엄마 선물 드렸는데 디자인까지 이쁘다고 마음에 들어 하시네요 ",
        "SentimentWord": "8",
        "SentimentPolarity": "1"
      },
      {
        "Aspect": "기능",
        "SentimentText": "압력도 잘 되 밥 맛도 맛있다고 하시네요 !",
        "SentimentWord": "8",
        "SentimentPolarity": "1"
      }
    ]
  },
  {
    "Index": "32816",
    "RawText": "디자인 예쁘고 심플해서 마음에 쏙 듭니다. 아쉬운 건 내 솥이 생각했던 것보다도 작아요 ㅠ",
    "Source": "쇼핑몰",
    "Domain": "가전",
    "MainCategory": "주방가전",
    "ProductName": "쿠쿠전자 CRP-DHP0610FD 일반구매",
    "ReviewScore": "5",
    "Syllable": "50",
    "Word": "14",
    "RDate": "20200829",
    "GeneralPolarity": "0",
    "Aspects": [
      {
        "Aspect": "디자인",
        "SentimentText": "디자인 예쁘고 심플해서 마음에 쏙 듭니다.",
        "SentimentWord": "6",
        "SentimentPolarity": "1"
      },
      {
        "Aspect": "용량",
        "SentimentText": "아쉬운 건 내 솥이 생각했던 것보다도 작아요 ㅠ",
        "SentimentWord": "8",
        "SentimentPolarity": "-1"
      }
    ]
  },
  {
    "Index": "32817",
    "RawText": "저렴하게 좋은 물건 구매 할 수 있어서 만족이요~! 색상은 투톤이라 올드해 보여서 살짝 아쉽습니다.",
    "Source": "쇼핑몰",
    "Domain": "가전",
    "MainCategory": "주방가전",
    "ProductName": "쿠쿠전자 CRP-DHP0610FD 일반구매",
    "ReviewScore": "5",
    "Syllable": "55",
    "Word": "14",
    "RDate": "20210128",
    "GeneralPolarity": "0",
    "Aspects": [
      {
        "Aspect": "가격",
        "SentimentText": "저렴하게 좋은 물건 구매 할 수 있어서 만족이요~!",
        "SentimentWord": "8",
        "SentimentPolarity": "1"
      },
      {
        "Aspect": "색상",
        "SentimentText": "색상은 투톤이라 올드해 보여서 살짝 아쉽습니다.",
        "SentimentWord": "6",
        "SentimentPolarity": "-1"
      }
    ]
  },
  {
    "Index": "32821",
    "RawText": "사진보다 더 예뻐서 너무 마음에 들어요~ 고스팀기능이 있어서 밥에 윤기도 나고 맛도 좋습니다",
    "Source": "쇼핑몰",
    "Domain": "가전",
    "MainCategory": "주방가전",
    "ProductName": "쿠쿠전자 CRP-DHP0610FD 일반구매",
    "ReviewScore": "5",
    "Syllable": "51",
    "Word": "13",
    "RDate": "20210202",
    "GeneralPolarity": "1",
    "Aspects": [
      {
        "Aspect": "디자인",
        "SentimentText": "사진보다 더 예뻐서 너무 마음에 들어요~ ",
        "SentimentWord": "6",
        "SentimentPolarity": "1"
      },
      {
        "Aspect": "기능",
        "SentimentText": "고스팀기능이 있어서 밥에 윤기도 나고 맛도 좋습니다",
        "SentimentWord": "7",
        "SentimentPolarity": "1"
      }
    ]
  },
  {
    "Index": "32824",
    "RawText": "타사 사용하다가 다시 ㅇㅇㅇ로  오랜만에 구입 했습니다. 그런데 글씨들이 작아 잘 안 보여 사용하기 불편합니다.밥이 누렇게 지어지고 밥 맛도 다음날까지 유지가 안되 맛이 떨어집니다.  예전 ㅇㅇㅇ 보다 진짜  별로예요. 재질만 스테인리스라서 마음에 들어요",
    "Source": "쇼핑몰",
    "Domain": "가전",
    "MainCategory": "주방가전",
    "ProductName": "쿠쿠전자 CRP-DHP0610FD 일반구매",
    "ReviewScore": "5",
    "Syllable": "142",
    "Word": "33",
    "RDate": "20200828",
    "GeneralPolarity": "-1",
    "Aspects": [
      {
        "Aspect": "편의성",
        "SentimentText": "글씨들이 작아 잘 안 보여 사용하기 불편합니다 ",
        "SentimentWord": "7",
        "SentimentPolarity": "-1"
      },
      {
        "Aspect": "품질",
        "SentimentText": "밥이 누렇게 지어지고 밥 맛도 다음날까지 유지가 안되 맛이 떨어집니다. ",
        "SentimentWord": "10",
        "SentimentPolarity": "-1"
      },
      {
        "Aspect": "제조일/제조사",
        "SentimentText": "예전 ㅇㅇㅇ 보다 진짜  별로예요. ",
        "SentimentWord": "5",
        "SentimentPolarity": "-1"
      },
      {
        "Aspect": "소재",
        "SentimentText": "재질만 스테인리스라서 마음에 들어요 ",
        "SentimentWord": "4",
        "SentimentPolarity": "1"
      }
    ]
  },
  {
    "Index": "32825",
    "RawText": "디자인이 사진보다 더 세련돼서 아주 만족함. 오프라인보다 10만 원 정도 더 저렴하게 구매해서 가격적으로도 아주 만족함",
    "Source": "쇼핑몰",
    "Domain": "가전",
    "MainCategory": "주방가전",
    "ProductName": "쿠쿠전자 CRP-DHP0610FD 일반구매",
    "ReviewScore": "5",
    "Syllable": "66",
    "Word": "16",
    "RDate": "20210214",
    "GeneralPolarity": "1",
    "Aspects": [
      {
        "Aspect": "디자인",
        "SentimentText": "디자인이 사진보다 더 세련돼서 아주 만족함.",
        "SentimentWord": "6",
        "SentimentPolarity": "1"
      },
      {
        "Aspect": "가격",
        "SentimentText": "오프라인보다 10만 원 정도 더 저렴하게 구매해서 가격적으로도 아주 만족함",
        "SentimentWord": "10",
        "SentimentPolarity": "1"
      }
    ]
  },
  {
    "Index": "32827",
    "RawText": "디자인이 고급져서 마음에 들어요^^ 높은 밀폐력 기능으로 밥 맛이 아 주 좋습니다",
    "Source": "쇼핑몰",
    "Domain": "가전",
    "MainCategory": "주방가전",
    "ProductName": "쿠쿠전자 CRP-DHP0610FD 일반구매",
    "ReviewScore": "5",
    "Syllable": "45",
    "Word": "12",
    "RDate": "20211208",
    "GeneralPolarity": "1",
    "Aspects": [
      {
        "Aspect": "디자인",
        "SentimentText": "디자인이 고급져서 마음에 들어요^^",
        "SentimentWord": "4",
        "SentimentPolarity": "1"
      },
      {
        "Aspect": "기능",
        "SentimentText": "높은 밀폐력 기능으로 밥 맛이 아 주 좋습니다",
        "SentimentWord": "8",
        "SentimentPolarity": "1"
      }
    ]
  },
  {
    "Index": "32829",
    "RawText": "모델 모양도이쁘고 고급스러워요. 압력도 잘 되 밥 맛 좋아서 많이 먹게 되요ㅎㅎ  할인까지 받아 아주 저렴하게 잘 산 것 합니다~",
    "Source": "쇼핑몰",
    "Domain": "가전",
    "MainCategory": "주방가전",
    "ProductName": "쿠쿠전자 CRP-DHP0610FD 일반구매",
    "ReviewScore": "5",
    "Syllable": "72",
    "Word": "20",
    "RDate": "20210201",
    "GeneralPolarity": "1",
    "Aspects": [
      {
        "Aspect": "디자인",
        "SentimentText": "모델 모양도 이쁘고 고급스러워요 ",
        "SentimentWord": "4",
        "SentimentPolarity": "1"
      },
      {
        "Aspect": "기능",
        "SentimentText": "압력도 잘 되 밥 맛 좋아서 많이 먹게 되요ㅎㅎ",
        "SentimentWord": "9",
        "SentimentPolarity": "1"
      },
      {
        "Aspect": "가격",
        "SentimentText": "할인까지 받아 아주 저렴하게 잘 산 것 합니다~ ",
        "SentimentWord": "8",
        "SentimentPolarity": "1"
      }
    ]
  },
  {
    "Index": "32831",
    "RawText": "밥이 일단 너무 맛있게 잘 지어져서 대 만족입니다. 내부가 스테인리스 재질이라 세척도 간편하고 굿입니다.",
    "Source": "쇼핑몰",
    "Domain": "가전",
    "MainCategory": "주방가전",
    "ProductName": "쿠쿠전자 CRP-DHP0610FD 일반구매",
    "ReviewScore": "5",
    "Syllable": "58",
    "Word": "14",
    "RDate": "20210826",
    "GeneralPolarity": "1",
    "Aspects": [
      {
        "Aspect": "기능",
        "SentimentText": "밥이 일단 너무 맛있게 잘 지어져서 대 만족입니다. ",
        "SentimentWord": "8",
        "SentimentPolarity": "1"
      },
      {
        "Aspect": "소재",
        "SentimentText": "내부가 스테인리스 재질이라 세척도 간편하고 굿입니다.",
        "SentimentWord": "6",
        "SentimentPolarity": "1"
      }
    ]
  },
  {
    "Index": "32832",
    "RawText": "디자인이 예쁘고 세련돼 보여 너무 마음에 듭니다~ 오프라인보다 훨씬 저렴하게 구매할 수 있어서 만족해요!",
    "Source": "쇼핑몰",
    "Domain": "가전",
    "MainCategory": "주방가전",
    "ProductName": "쿠쿠전자 CRP-DHP0610FD 일반구매",
    "ReviewScore": "5",
    "Syllable": "58",
    "Word": "14",
    "RDate": "20210414",
    "GeneralPolarity": "1",
    "Aspects": [
      {
        "Aspect": "디자인",
        "SentimentText": "디자인이 예쁘고 세련돼 보여 너무 마음에 듭니다~ ",
        "SentimentWord": "7",
        "SentimentPolarity": "1"
      },
      {
        "Aspect": "가격",
        "SentimentText": "오프라인보다 훨씬 저렴하게 구매할 수 있어서 만족해요!",
        "SentimentWord": "7",
        "SentimentPolarity": "1"
      }
    ]
  },
  {
    "Index": "32833",
    "RawText": "밥 물 고임 방지 기능이 있어서 밥에서 윤기가 좌르르 너무 맛있어요!! 저렴한 가격으로 좋은 제품 살 수 있어 최고에요~",
    "Source": "쇼핑몰",
    "Domain": "가전",
    "MainCategory": "주방가전",
    "ProductName": "쿠쿠전자 CRP-DHP0610FD 일반구매",
    "ReviewScore": "5",
    "Syllable": "67",
    "Word": "19",
    "RDate": "20201112",
    "GeneralPolarity": "1",
    "Aspects": [
      {
        "Aspect": "기능",
        "SentimentText": "밥 물 고임 방지 기능이 있어서 밥에서 윤기가 좌르르 너무 맛있어요!!",
        "SentimentWord": "11",
        "SentimentPolarity": "1"
      },
      {
        "Aspect": "가격",
        "SentimentText": "저렴한 가격으로 좋은 제품 살 수 있어 최고에요~",
        "SentimentWord": "8",
        "SentimentPolarity": "1"
      }
    ]
  },
  {
    "Index": "32840",
    "RawText": "할인 쿠폰 줘서 아주 착한 가격으로 구매했습니다.  작은 용량 필요해 6인용 샀는데 잘 산 것 같아요.",
    "Source": "쇼핑몰",
    "Domain": "가전",
    "MainCategory": "주방가전",
    "ProductName": "쿠쿠전자 CRP-DHP0610FD 일반구매",
    "ReviewScore": "5",
    "Syllable": "57",
    "Word": "16",
    "RDate": "20201202",
    "GeneralPolarity": "1",
    "Aspects": [
      {
        "Aspect": "가격",
        "SentimentText": "할인 쿠폰 줘서 아주 착한 가격으로 구매했습니다. ",
        "SentimentWord": "7",
        "SentimentPolarity": "1"
      },
      {
        "Aspect": "용량",
        "SentimentText": "작은 용량 필요해 6인용 샀는데 잘 산 것 같아요.",
        "SentimentWord": "9",
        "SentimentPolarity": "1"
      }
    ]
  },
  {
    "Index": "32845",
    "RawText": "색상이 집에 있는 주방 가전과 잘 어울려서 만족해요~ 압력 조절 기능이 있어서 밥맛은 또 어찌나 좋은지~ 최고입니다",
    "Source": "쇼핑몰",
    "Domain": "가전",
    "MainCategory": "주방가전",
    "ProductName": "쿠쿠전자 CRP-DHP0610FD 일반구매",
    "ReviewScore": "5",
    "Syllable": "64",
    "Word": "17",
    "RDate": "20200703",
    "GeneralPolarity": "1",
    "Aspects": [
      {
        "Aspect": "색상",
        "SentimentText": "색상이 집에 있는 주방 가전과 잘 어울려서 만족해요~",
        "SentimentWord": "8",
        "SentimentPolarity": "1"
      },
      {
        "Aspect": "기능",
        "SentimentText": "압력 조절 기능이 있어서 밥맛은 또 어찌나 좋은지~ 최고입니다",
        "SentimentWord": "9",
        "SentimentPolarity": "1"
      }
    ]
  },
  {
    "Index": "32849",
    "RawText": "생각보다 내 솥 양이 커서 좋아요~ 밥 물 고임 방지 기능이 있어서 밥맛도 아주 베리 굿입니다.",
    "Source": "쇼핑몰",
    "Domain": "가전",
    "MainCategory": "주방가전",
    "ProductName": "쿠쿠전자 CRP-DHP0610FD 일반구매",
    "ReviewScore": "5",
    "Syllable": "53",
    "Word": "16",
    "RDate": "20210813",
    "GeneralPolarity": "1",
    "Aspects": [
      {
        "Aspect": "용량",
        "SentimentText": "생각보다 내 솥 양이 커서 좋아요~ ",
        "SentimentWord": "6",
        "SentimentPolarity": "1"
      },
      {
        "Aspect": "기능",
        "SentimentText": "밥 물 고임 방지 기능이 있어서 밥맛도 아주 베리 굿입니다.",
        "SentimentWord": "10",
        "SentimentPolarity": "1"
      }
    ]
  }
]