[
  {
    "Index": "7328",
    "RawText": "토마토랑 얼음넣고 갈아봤는데 건더기 없이. 잘. 갈려요.  한가지 단점은 소음이 좀 커요.",
    "Source": "SNS",
    "Domain": "가전",
    "MainCategory": "주방가전",
    "ProductName": "(TV)에버홈 글라스텐 멀티믹서기 EV-GB6000_(사은품 : 리빙아트 디오바코 5종)",
    "ReviewScore": "80",
    "Syllable": "50",
    "Word": "12",
    "RDate": "20190730",
    "GeneralPolarity": "0",
    "Aspects": [
      {
        "Aspect": "기능",
        "SentimentText": " 건더기 없이. 잘. 갈려요. ",
        "SentimentWord": "4",
        "SentimentPolarity": "1"
      },
      {
        "Aspect": "소음",
        "SentimentText": "한가지 단점은 소음이 좀 커요.",
        "SentimentWord": "5",
        "SentimentPolarity": "-1"
      }
    ]
  },
  {
    "Index": "7329",
    "RawText": "고추씨 갈았는데 잘 갈리네요 유리라서 좋네요 무게감이 있어요        ",
    "Source": "SNS",
    "Domain": "가전",
    "MainCategory": "주방가전",
    "ProductName": "(TV)에버홈 글라스텐 믹서기+파우더믹서기 (스텐칼날) EV-GB6000",
    "ReviewScore": "100",
    "Syllable": "41",
    "Word": "8",
    "RDate": "20181207",
    "GeneralPolarity": "1",
    "Aspects": [
      {
        "Aspect": "기능",
        "SentimentText": "고추씨 갈았는데 잘 갈리네요",
        "SentimentWord": "4",
        "SentimentPolarity": "1"
      },
      {
        "Aspect": "소재",
        "SentimentText": "유리라서 좋네요",
        "SentimentWord": "2",
        "SentimentPolarity": "1"
      },
      {
        "Aspect": "무게",
        "SentimentText": "무게감이 있어요",
        "SentimentWord": "2",
        "SentimentPolarity": "0"
      }
    ]
  },
  {
    "Index": "7330",
    "RawText": "기능이  다양해서 좋습니다 믹스도 곱게 잘 갈리고 분쇄 또한 무척 곱게 잘 갈리네요",
    "Source": "SNS",
    "Domain": "가전",
    "MainCategory": "주방가전",
    "ProductName": "(TV)에버홈 글라스텐 믹서기+파우더믹서기 (스텐칼날) EV-GB6000",
    "ReviewScore": "100",
    "Syllable": "46",
    "Word": "13",
    "RDate": "20190115",
    "Aspects": [
      {
        "Aspect": "기능",
        "SentimentText": "기능이  다양해서 좋습니다",
        "SentimentWord": "3",
        "SentimentPolarity": "1"
      },
      {
        "Aspect": "기능",
        "SentimentText": "믹스도 곱게 잘 갈리고 분쇄 또한 무척 곱게 잘 갈리네요",
        "SentimentWord": "10",
        "SentimentPolarity": "1"
      }
    ]
  },
  {
    "Index": "7331",
    "RawText": "생각보다 소리가커서 깜작 놀랐어요. 잘 갈리는거같아요.",
    "Source": "SNS",
    "Domain": "가전",
    "MainCategory": "주방가전",
    "ProductName": "(TV)에버홈 글라스텐 믹서기+파우더믹서기 (스텐칼날) EV-GB6000",
    "ReviewScore": "80",
    "Syllable": "30",
    "Word": "6",
    "RDate": "20181123",
    "GeneralPolarity": "1",
    "Aspects": [
      {
        "Aspect": "소음",
        "SentimentText": "생각보다 소리가커서 깜작 놀랐어요.",
        "SentimentWord": "4",
        "SentimentPolarity": "0"
      },
      {
        "Aspect": "기능",
        "SentimentText": "잘 갈리는거같아요.",
        "SentimentWord": "2",
        "SentimentPolarity": "1"
      }
    ]
  },
  {
    "Index": "7332",
    "RawText": "유리라 좋은데 너무 무겁네요.. 사은품 다지기는 잘 되요~^^",
    "Source": "SNS",
    "Domain": "가전",
    "MainCategory": "주방가전",
    "ProductName": "(TV)에버홈 글라스텐 믹서기+파우더믹서기 (스텐칼날) EV-GB6000",
    "ReviewScore": "80",
    "Syllable": "34",
    "Word": "8",
    "RDate": "20200301",
    "GeneralPolarity": "1",
    "Aspects": [
      {
        "Aspect": "소재",
        "SentimentText": "유리라 좋은데 너무 무겁네요..",
        "SentimentWord": "4",
        "SentimentPolarity": "1"
      },
      {
        "Aspect": "무게",
        "SentimentText": " 너무 무겁네요..",
        "SentimentWord": "2",
        "SentimentPolarity": "-1"
      },
      {
        "Aspect": "제품구성",
        "SentimentText": "사은품 다지기는 잘 되요~^^",
        "SentimentWord": "4",
        "SentimentPolarity": "1"
      }
    ]
  },
  {
    "Index": "7333",
    "RawText": "잠깐만 써도 모터가 뜨거워지고 전에 쓰던것보다 한번에 갈 수 있는 용량이 작네요.",
    "Source": "SNS",
    "Domain": "가전",
    "MainCategory": "주방가전",
    "ProductName": "(TV)에버홈 글라스텐 믹서기+파우더믹서기 (스텐칼날) EV-GB6000_사은품택1",
    "ReviewScore": "60",
    "Syllable": "45",
    "Word": "12",
    "RDate": "20190802",
    "GeneralPolarity": "-1",
    "Aspects": [
      {
        "Aspect": "내구성",
        "SentimentText": "잠깐만 써도 모터가 뜨거워지고 ",
        "SentimentWord": "4",
        "SentimentPolarity": "-1"
      },
      {
        "Aspect": "용량",
        "SentimentText": "한번에 갈 수 있는 용량이 작네요.",
        "SentimentWord": "6",
        "SentimentPolarity": "-1"
      }
    ]
  },
  {
    "Index": "7334",
    "RawText": "제품질은 보통이고 배송이 빨리 와서 좋네요 다만 사은품인 냄비세트는 영 별로에요",
    "Source": "SNS",
    "Domain": "가전",
    "MainCategory": "주방가전",
    "ProductName": "(TV)에버홈 글라스텐 믹서기+파우더믹서기 (스텐칼날) EV-GB6000_사은품택1",
    "ReviewScore": "80",
    "Syllable": "44",
    "Word": "11",
    "RDate": "20190705",
    "Aspects": [
      {
        "Aspect": "품질",
        "SentimentText": "제품질은 보통이고 배송이 빨리 와서 좋네요",
        "SentimentWord": "6",
        "SentimentPolarity": "0"
      },
      {
        "Aspect": "제품구성",
        "SentimentText": "사은품인 냄비세트는 영 별로에요",
        "SentimentWord": "4",
        "SentimentPolarity": "-1"
      }
    ]
  },
  {
    "Index": "7335",
    "RawText": "받자마자  콩국수 해먹었는데  아주 잘갈려서 맛있게 잘먹었네요..가격도 착하고 여러모로 잘쓸께요",
    "Source": "SNS",
    "Domain": "가전",
    "MainCategory": "주방가전",
    "ProductName": "(TV)에버홈 더 뉴 글라스텐_3만세일",
    "ReviewScore": "100",
    "Syllable": "53",
    "Word": "10",
    "RDate": "20210801",
    "GeneralPolarity": "1",
    "Aspects": [
      {
        "Aspect": "기능",
        "SentimentText": "콩국수 해먹었는데  아주 잘갈려서 맛있게 잘먹었네요..",
        "SentimentWord": "6",
        "SentimentPolarity": "1"
      },
      {
        "Aspect": "가격",
        "SentimentText": "가격도 착하고 여러모로 잘쓸께요",
        "SentimentWord": "4",
        "SentimentPolarity": "1"
      }
    ]
  },
  {
    "Index": "7336",
    "RawText": "받자마자 고등어 구워보았음 00팬보다 맛없게 구워짐  연기....... 선전못믿을정도로 훠얼씬 많이남 환기시켰음 생선구이망 세척하니 떨어졌음 수리해주던지 교환바람 실망임.... ",
    "Source": "SNS",
    "Domain": "가전",
    "MainCategory": "주방가전",
    "ProductName": "(TV)에버홈 생선구이기 점보",
    "ReviewScore": "30",
    "Syllable": "99",
    "Word": "17",
    "RDate": "20200111",
    "Aspects": [
      {
        "Aspect": "내구성",
        "SentimentText": "생선구이망 세척하니 떨어졌음",
        "SentimentWord": "3",
        "SentimentPolarity": "-1"
      },
      {
        "Aspect": "기능",
        "SentimentText": "00팬보다 맛없게 구워짐 ",
        "SentimentWord": "3",
        "SentimentPolarity": "-1"
      },
      {
        "Aspect": "편의성",
        "SentimentText": "연기....... 선전못믿을정도로 훠얼씬 많이남 환기시켰음",
        "SentimentWord": "5",
        "SentimentPolarity": "-1"
      }
    ]
  },
  {
    "Index": "7337",
    "RawText": "세척이 불편하면 어쩌나 했는데 생각보다  간편하고 냉동 생선도 잘 꾸어 지네요.. ",
    "Source": "SNS",
    "Domain": "가전",
    "MainCategory": "주방가전",
    "ProductName": "(TV)에버홈 생선구이기 점보",
    "ReviewScore": "100",
    "Syllable": "46",
    "Word": "11",
    "RDate": "20210501",
    "GeneralPolarity": "1",
    "Aspects": [
      {
        "Aspect": "편의성",
        "SentimentText": "세척이 불편하면 어쩌나 했는데 생각보다  간편하고 ",
        "SentimentWord": "6",
        "SentimentPolarity": "1"
      },
      {
        "Aspect": "기능",
        "SentimentText": "냉동 생선도 잘 꾸어 지네요..",
        "SentimentWord": "5",
        "SentimentPolarity": "1"
      }
    ]
  },
  {
    "Index": "7338",
    "RawText": "흰떡 굽기 고구마 굽기 등 너무 맛있게 먹기 좋아요 굽기 쉽고 창이 있어 익는 과정 확인 가능 좋아요 생선은 좀 버석거려요",
    "Source": "SNS",
    "Domain": "가전",
    "MainCategory": "주방가전",
    "ProductName": "(TV)에버홈 생선구이기 점보",
    "ReviewScore": "100",
    "Syllable": "68",
    "Word": "21",
    "RDate": "20210215",
    "GeneralPolarity": "1",
    "Aspects": [
      {
        "Aspect": "기능",
        "SentimentText": "흰떡 굽기 고구마 굽기 등 너무 맛있게 먹기 좋아요",
        "SentimentWord": "9",
        "SentimentPolarity": "1"
      },
      {
        "Aspect": "편의성",
        "SentimentText": "굽기 쉽고 창이 있어 익는 과정 확인 가능 좋아요 ",
        "SentimentWord": "9",
        "SentimentPolarity": "1"
      }
    ]
  },
  {
    "Index": "7339",
    "RawText": "배송은  며칠전에  늦지도 빠르지도 않게 받았어요. 급나빠진 허리통증으로  고생중인데요. 찜질하면서 압력쿠커보는 순간  정말 방송끝날때까지 다보구나서 구입결정후 주문을 하였습니다. 편리함도,기능도 다 맘에들구 제일  매력적인건 오래 서있지 않고도  맛있는 요리를할수있음이 제게는 매리트였던것같아요. 40대에 처음으로 허리통증을 겪고보니 생활의 패턴이 바뀌는  저의 요즘은 좀 우울하고  요리나설거지때마다 좀 힘들었는데 쿠커를 이용한 요리로 가족들  맛있는 밥은 해주고싶은데, 조금은 덜 힘들게 요리하다보면 제몸두 좋아지겠죠?추천요리60선 오늘부터 시작해요~♡",
    "Source": "SNS",
    "Domain": "가전",
    "MainCategory": "주방가전",
    "ProductName": "(TV)에버홈 압력쿠커 마스터팟 EV-PC6000",
    "ReviewScore": "100",
    "Syllable": "312",
    "Word": "59",
    "RDate": "20210203",
    "Aspects": [
      {
        "Aspect": "편의성",
        "SentimentText": "편리함도,기능도 다 맘에들구 ",
        "SentimentWord": "3",
        "SentimentPolarity": "1"
      },
      {
        "Aspect": "기능",
        "SentimentText": "기능도 다 맘에들구 ",
        "SentimentWord": "3",
        "SentimentPolarity": "1"
      },
      {
        "Aspect": "편의성",
        "SentimentText": "오래 서있지 않고도  맛있는 요리를할수있음이 제게는 매리트였던것같아요",
        "SentimentWord": "7",
        "SentimentPolarity": "1"
      }
    ]
  },
  {
    "Index": "7340",
    "RawText": "추석전에 빨리 배송되어 갈비찜해는데 편하게 잘되긴했는데 크기가 생각한 거 보다 너무 작아요",
    "Source": "SNS",
    "Domain": "가전",
    "MainCategory": "주방가전",
    "ProductName": "(TV)에버홈 압력쿠커 마스터팟 EV-PC6000",
    "ReviewScore": "90",
    "Syllable": "50",
    "Word": "12",
    "RDate": "20210922",
    "Aspects": [
      {
        "Aspect": "편의성",
        "SentimentText": "갈비찜해는데 편하게 잘되긴했는데",
        "SentimentWord": "3",
        "SentimentPolarity": "1"
      },
      {
        "Aspect": "사이즈",
        "SentimentText": "크기가 생각한 거 보다 너무 작아요",
        "SentimentWord": "6",
        "SentimentPolarity": "-1"
      }
    ]
  },
  {
    "Index": "7341",
    "RawText": "배송은좀 늦었어요~~ 스팀 뚜껍이 잘 빼기가 힘드러요 00가 밥맛은 일품 인거 같아요",
    "Source": "SNS",
    "Domain": "가전",
    "MainCategory": "주방가전",
    "ProductName": "(TV)쿠쿠 전기압력밥솥 10인용 (CRP-P1055FD)",
    "ReviewScore": "100",
    "Syllable": "47",
    "Word": "12",
    "RDate": "20210805",
    "Aspects": [
      {
        "Aspect": "기능",
        "SentimentText": "스팀 뚜껍이 잘 빼기가 힘드러요",
        "SentimentWord": "5",
        "SentimentPolarity": "-1"
      },
      {
        "Aspect": "품질",
        "SentimentText": "00가 밥맛은 일품 인거 같아요",
        "SentimentWord": "5",
        "SentimentPolarity": "1"
      }
    ]
  },
  {
    "Index": "7342",
    "RawText": "스텐압력솥  뚜껑이 빡빡해서 열기힘들어서 00압력밥통 구입해서 사용하는데 편하고 밥맛도 좋아요",
    "Source": "SNS",
    "Domain": "가전",
    "MainCategory": "주방가전",
    "ProductName": "(TV)쿠쿠 전기압력밥솥 10인용 (CRP-P1055FD)",
    "ReviewScore": "100",
    "Syllable": "52",
    "Word": "10",
    "RDate": "20210309",
    "GeneralPolarity": "1",
    "Aspects": [
      {
        "Aspect": "편의성",
        "SentimentText": "00압력밥통 구입해서 사용하는데 편하고 밥맛도 좋아요",
        "SentimentWord": "6",
        "SentimentPolarity": "1"
      },
      {
        "Aspect": "품질",
        "SentimentText": " 편하고 밥맛도 좋아요",
        "SentimentWord": "3",
        "SentimentPolarity": "1"
      }
    ]
  },
  {
    "Index": "7343",
    "RawText": "간편함은 최고... 세척시 바닥부분 막을려니 조심조심...",
    "Source": "SNS",
    "Domain": "가전",
    "MainCategory": "주방가전",
    "ProductName": "(TV)클레린 스마트 쿡앤티(쿡포트+티포트)",
    "ReviewScore": "100",
    "Syllable": "32",
    "Word": "6",
    "RDate": "20210117",
    "GeneralPolarity": "0",
    "Aspects": [
      {
        "Aspect": "편의성",
        "SentimentText": "간편함은 최고...",
        "SentimentWord": "2",
        "SentimentPolarity": "1"
      },
      {
        "Aspect": "품질",
        "SentimentText": "세척시 바닥부분 막을려니 조심조심...",
        "SentimentWord": "4",
        "SentimentPolarity": "0"
      }
    ]
  },
  {
    "Index": "7344",
    "RawText": "디자인도이쁘고물보충하기가너무편해서좋아요.",
    "Source": "SNS",
    "Domain": "가전",
    "MainCategory": "주방가전",
    "ProductName": "(TV)클레린 스마트 쿡앤티(쿡포트+티포트)",
    "ReviewScore": "100",
    "Syllable": "22",
    "Word": "1",
    "RDate": "20210223",
    "GeneralPolarity": "1",
    "Aspects": [
      {
        "Aspect": "디자인",
        "SentimentText": "디자인도이쁘고",
        "SentimentWord": "1",
        "SentimentPolarity": "1"
      },
      {
        "Aspect": "편의성",
        "SentimentText": "물보충하기가너무편해서좋아요.",
        "SentimentWord": "1",
        "SentimentPolarity": "1"
      }
    ]
  },
  {
    "Index": "7345",
    "RawText": "스팀에 놓고 만두를 쪄 봤는데 진짜 맛있어요 한번에 먹을 수 있는 용량이라 더욱 좋습니다 최애템으로 결정!",
    "Source": "SNS",
    "Domain": "가전",
    "MainCategory": "주방가전",
    "ProductName": "(TV)클레린 스마트 쿡앤티(쿡포트+티포트)",
    "ReviewScore": "100",
    "Syllable": "59",
    "Word": "16",
    "RDate": "20210111",
    "GeneralPolarity": "1",
    "Aspects": [
      {
        "Aspect": "기능",
        "SentimentText": "스팀에 놓고 만두를 쪄 봤는데 진짜 맛있어요",
        "SentimentWord": "7",
        "SentimentPolarity": "1"
      },
      {
        "Aspect": "용량",
        "SentimentText": "한번에 먹을 수 있는 용량이라 더욱 좋습니다",
        "SentimentWord": "7",
        "SentimentPolarity": "1"
      }
    ]
  },
  {
    "Index": "7346",
    "RawText": "최악. 전원이 안꺼짐. 하루가 지나도록 대기모드로 전기만먹고있음. 뚜껑을 열면 망받침대?같은 스테인리스에 물이고임. 동영상까지 찍어서 보내줬건만 정상이라하고. 업체연락처만 알려주고,작동법 배우라하고 환불안된다고함. 티포트에 100도씨까지 끓는데 13분걸리고,타이머 설정안할시 물이 계속 끓어서 졸아듬. 물한번 끓이자고 30분 예약버튼눌러야함. 30분후에는? 대기모드로 넘어간후 24시간후에도 전원안꺼짐.  가장 기본적인 전원이 안꺼진다는건 제품자체 문제임. 안전을 하나도 생각하지않은 이런 위험한 제품을 판다는것자체를 이해할수없음. ",
    "Source": "SNS",
    "Domain": "가전",
    "MainCategory": "주방가전",
    "ProductName": "(TV)클레린 스마트 쿡앤티(쿡포트+티포트)",
    "ReviewScore": "10",
    "Syllable": "298",
    "Word": "52",
    "RDate": "20210126",
    "Aspects": [
      {
        "Aspect": "소비전력",
        "SentimentText": "하루가 지나도록 대기모드로 전기만먹고있음.",
        "SentimentWord": "4",
        "SentimentPolarity": "-1"
      },
      {
        "Aspect": "시간/속도",
        "SentimentText": "100도씨까지 끓는데 13분걸리고,타이머 설정안할시 물이 계속 끓어서 졸아듬.",
        "SentimentWord": "8",
        "SentimentPolarity": "-1"
      },
      {
        "Aspect": "품질",
        "SentimentText": "가장 기본적인 전원이 안꺼진다는건 제품자체 문제임.",
        "SentimentWord": "6",
        "SentimentPolarity": "-1"
      },
      {
        "Aspect": "기능",
        "SentimentText": "뚜껑을 열면 망받침대?같은 스테인리스에 물이고임.",
        "SentimentWord": "5",
        "SentimentPolarity": "-1"
      }
    ]
  },
  {
    "Index": "7347",
    "RawText": "기름 많이 튀지않아서 좋아요~보관하기도 편리하구요~",
    "Source": "SNS",
    "Domain": "가전",
    "MainCategory": "주방가전",
    "ProductName": "(TV)테팔 델리시앙 그릴",
    "ReviewScore": "100",
    "Syllable": "28",
    "Word": "5",
    "RDate": "20181012",
    "GeneralPolarity": "1",
    "Aspects": [
      {
        "Aspect": "기능",
        "SentimentText": "기름 많이 튀지않아서 좋아요~",
        "SentimentWord": "4",
        "SentimentPolarity": "1"
      },
      {
        "Aspect": "편의성",
        "SentimentText": "보관하기도 편리하구요~",
        "SentimentWord": "2",
        "SentimentPolarity": "1"
      }
    ]
  },
  {
    "Index": "7348",
    "RawText": "잘 받았습니다. 제가 태어나서 믹서길 처음 사보는데, 1. 생각보다 본체가 많이 크네요. 그리고 2. 소리 엄청나요. 아파트나 집이 방음 안되시는 분은 많이 생각하고 사세요. 진짜 장난 아니예요. 밤에는 절대 절대 심하면 낮에도 민원 들어올 수 있어요. 그리고 3. 용기랑 칼날 분리 안돼요. 4. 용기가 하나 뿐인게 아쉬워요. 용기 엄청 무거워요. 처음에 냉동블루베리 우유랑 꿀 넣고, 주스로 해서 갈았는데  정말 맛있게 잘 먹었어요 아주 부드럽게 잘 갈려요. 먹고 보는데 정신 팔려서 그 사진은 못 찍었네요. 아까 블루베리는 낮에 갈고, 쌀하고 물만 넣고 죽 만들었는데 엄청 고소해요 쌀은 밤인 지금 하고 있어요. 뚜껑 위로 김 올라와요. 금방 뜨거워지네요 자동은, 주변에 집이 없어서 그렇지 소리 진짜 커요. 애가 쫌 무서워 하네요 ㅠㅠ 잘 샀네요. 아쉬운 부분 있어서 별 4개예요.",
    "Source": "SNS",
    "Domain": "가전",
    "MainCategory": "주방가전",
    "ProductName": "(TV)테팔 울트라 블렌드 쿡 초고속 블렌더 BL962BKR",
    "ReviewScore": "80",
    "Syllable": "441",
    "Word": "116",
    "RDate": "20180519",
    "GeneralPolarity": "0",
    "Aspects": [
      {
        "Aspect": "사이즈",
        "SentimentText": "1. 생각보다 본체가 많이 크네요.",
        "SentimentWord": "5",
        "SentimentPolarity": "0"
      },
      {
        "Aspect": "소음",
        "SentimentText": " 2. 소리 엄청나요.",
        "SentimentWord": "3",
        "SentimentPolarity": "-1"
      },
      {
        "Aspect": "제품구성",
        "SentimentText": " 3. 용기랑 칼날 분리 안돼요.",
        "SentimentWord": "5",
        "SentimentPolarity": "-1"
      },
      {
        "Aspect": "무게",
        "SentimentText": "4. 용기가 하나 뿐인게 아쉬워요.용기 엄청 무거워요.",
        "SentimentWord": "7",
        "SentimentPolarity": "-1"
      },
      {
        "Aspect": "기능",
        "SentimentText": "냉동블루베리 우유랑 꿀 넣고, 주스로 해서 갈았는데  정말 맛있게 잘 먹었어요 아주 부드럽게 잘 갈려요.",
        "SentimentWord": "15",
        "SentimentPolarity": "1"
      }
    ]
  },
  {
    "Index": "7349",
    "RawText": "국 끓일때 넘침 걱정없어 편했고요~ ^^ 스팀배출시에 주의를 해야할것 같습니다.  저는 천천히 배출하려고 반만 열고 기다렸어요. 스팀이 다 빠져야 열리니 안전한거같고 잘 사용하면 편리 할것 같아요",
    "Source": "SNS",
    "Domain": "가전",
    "MainCategory": "주방가전",
    "ProductName": "(TV)톰슨 프라임팟 압력쿠커",
    "ReviewScore": "100",
    "Syllable": "109",
    "Word": "26",
    "RDate": "20210126",
    "GeneralPolarity": "1",
    "Aspects": [
      {
        "Aspect": "편의성",
        "SentimentText": "국 끓일때 넘침 걱정없어 편했고요~ ^^",
        "SentimentWord": "6",
        "SentimentPolarity": "1"
      },
      {
        "Aspect": "편의성",
        "SentimentText": "스팀이 다 빠져야 열리니 안전한거같고 잘 사용하면 편리 할것 같아요",
        "SentimentWord": "10",
        "SentimentPolarity": "1"
      }
    ]
  },
  {
    "Index": "7350",
    "RawText": "너무하네요 냄새가 나서 5번을 세척하고 잡채를했어요 당면 눌러붙어서 타고 시금치는 진짜 너무 죽었다해야하나~~? 찌니깐 그럴수있져~~ 너무 다급해서 사진찍은걸 깜빡했어요 2번째 식혜했어요 설명서대로했는데 밥솥소다 못해요 그리고 내일 갈비찜할건데 이거마저 망쳐버리면  방송하지마세요~~상품평 다시쓸께요 구운계란과 갈비찜을했는데 너무 잘됐어요~다시 별점 수정해요  다른음식도 빨리도전하고싶네요~~^^",
    "Source": "SNS",
    "Domain": "가전",
    "MainCategory": "주방가전",
    "ProductName": "(TV)톰슨 프라임팟 압력쿠커",
    "ReviewScore": "80",
    "Syllable": "221",
    "Word": "39",
    "RDate": "20210216",
    "GeneralPolarity": "0",
    "Aspects": [
      {
        "Aspect": "기능",
        "SentimentText": " 당면 눌러붙어서 타고 시금치는 진짜 너무 죽었다해야하나~~? ",
        "SentimentWord": "7",
        "SentimentPolarity": "-1"
      },
      {
        "Aspect": "기능",
        "SentimentText": "구운계란과 갈비찜을했는데 너무 잘됐어요~",
        "SentimentWord": "4",
        "SentimentPolarity": "1"
      }
    ]
  },
  {
    "Index": "7351",
    "RawText": "반품하고싶을 정도로 품질이 안좋아요 국물이 있는데도 타기까지 해요",
    "Source": "SNS",
    "Domain": "가전",
    "MainCategory": "주방가전",
    "ProductName": "(TV)톰슨 프라임팟 압력쿠커",
    "ReviewScore": "60",
    "Syllable": "36",
    "Word": "8",
    "RDate": "20210806",
    "GeneralPolarity": "-1",
    "Aspects": [
      {
        "Aspect": "품질",
        "SentimentText": "반품하고싶을 정도로 품질이 안좋아요",
        "SentimentWord": "4",
        "SentimentPolarity": "-1"
      },
      {
        "Aspect": "기능",
        "SentimentText": "국물이 있는데도 타기까지 해요",
        "SentimentWord": "4",
        "SentimentPolarity": "-1"
      }
    ]
  },
  {
    "Index": "7352",
    "RawText": "배송도 빠르고   통스테인레스라 소재가 마음에 들어요 밥도 찰지게 잘되엇네요. 만족합니다.~",
    "Source": "SNS",
    "Domain": "가전",
    "MainCategory": "주방가전",
    "ProductName": "(TV)톰슨 프라임팟 압력쿠커",
    "ReviewScore": "80",
    "Syllable": "51",
    "Word": "10",
    "RDate": "20210123",
    "Aspects": [
      {
        "Aspect": "소재",
        "SentimentText": "통스테인레스라 소재가 마음에 들어요",
        "SentimentWord": "4",
        "SentimentPolarity": "1"
      },
      {
        "Aspect": "기능",
        "SentimentText": "밥도 찰지게 잘되엇네요.",
        "SentimentWord": "3",
        "SentimentPolarity": "1"
      }
    ]
  },
  {
    "Index": "7353",
    "RawText": "빠른배송 감사합니다.  스팀 배출 버튼이 좀 뻑뻑해요 요리할때 냄새가 안나서 좋네요~",
    "Source": "SNS",
    "Domain": "가전",
    "MainCategory": "주방가전",
    "ProductName": "(TV)톰슨 프라임팟 압력쿠커",
    "ReviewScore": "100",
    "Syllable": "47",
    "Word": "11",
    "RDate": "20210125",
    "Aspects": [
      {
        "Aspect": "조작성",
        "SentimentText": "스팀 배출 버튼이 좀 뻑뻑해요",
        "SentimentWord": "5",
        "SentimentPolarity": "-1"
      },
      {
        "Aspect": "기능",
        "SentimentText": "요리할때 냄새가 안나서 좋네요~",
        "SentimentWord": "4",
        "SentimentPolarity": "1"
      }
    ]
  },
  {
    "Index": "7354",
    "RawText": "새것이 맞는지??찌끄러진게 작지도 않고...엄청 기다렸는데..열전도판도 찍혀있고 기스있고.. 밀려오는 이 실망감은...어쩌나요?? 고객센터 문의할라니...사진 올리는 곳이 없어 여기에 사진첨부합니다",
    "Source": "SNS",
    "Domain": "가전",
    "MainCategory": "주방가전",
    "ProductName": "(TV)톰슨 프라임팟 압력쿠커",
    "ReviewScore": "100",
    "Syllable": "110",
    "Word": "17",
    "RDate": "20210205",
    "GeneralPolarity": "-1",
    "Aspects": [
      {
        "Aspect": "품질",
        "SentimentText": "새것이 맞는지??찌끄러진게 작지도 않고...엄청 기다렸는데..",
        "SentimentWord": "5",
        "SentimentPolarity": "-1"
      },
      {
        "Aspect": "품질",
        "SentimentText": "열전도판도 찍혀있고 기스있고.. 밀려오는 이 실망감은...어쩌나요??",
        "SentimentWord": "6",
        "SentimentPolarity": "-1"
      }
    ]
  },
  {
    "Index": "7355",
    "RawText": "컬러도이쁜데!요리준비 시간이 아주 여유로워 졌어요. 어렵게 불조절할 필요도 없고 다른 음식도 해보고싶은 욕구가 막 생기네요.",
    "Source": "SNS",
    "Domain": "가전",
    "MainCategory": "주방가전",
    "ProductName": "(TV)톰슨 프라임팟 압력쿠커",
    "ReviewScore": "100",
    "Syllable": "69",
    "Word": "15",
    "RDate": "20210125",
    "GeneralPolarity": "1",
    "Aspects": [
      {
        "Aspect": "색상",
        "SentimentText": "컬러도이쁜데!",
        "SentimentWord": "1",
        "SentimentPolarity": "1"
      },
      {
        "Aspect": "시간/속도",
        "SentimentText": "요리준비 시간이 아주 여유로워 졌어요. ",
        "SentimentWord": "5",
        "SentimentPolarity": "1"
      },
      {
        "Aspect": "기능",
        "SentimentText": "어렵게 불조절할 필요도 없고",
        "SentimentWord": "4",
        "SentimentPolarity": "1"
      }
    ]
  },
  {
    "Index": "7356",
    "RawText": "계속 사고싶었는데 티비보다가 가격이 너무 저렴해서 바로구매했는데 ○○○가아니라 그냥 ○○○이더라고용ㅋㅋ찾아보니까 엘이디판있나없나 차이같은데 가격이 거의 오만원이상 차이가나서 이거 사길잘햇다 생각해요ㅋㅋ진짜 당근같은것도 순식간에갈리고 너무좋아여ㅋㅋ아침마다 주스갈아먹기 너무편하고 용량도 대용량이라 이틀치 갈아놓는데 건더기도하나도없고 진짜 파는음료수느낌..이래서 살림은 장비빨이라는건가봐여 주부님들 망설이지마세요 ㅜㅜ 진짜너무좋습니다 첨쓰는거라그런건지 모터냄새가나긴하는데 쓰다보면 뭐괜찮겟죠 그래도 무서워서 수프는 못해먹겟어요 고장날까바ㅋㅋㅋ암튼 주스용으로는 완전강추입니다!! ",
    "Source": "SNS",
    "Domain": "가전",
    "MainCategory": "주방가전",
    "ProductName": "(TV)해피콜 ALL NEW 엑슬림 초고속 블렌더 HC-BL2300",
    "ReviewScore": "100",
    "Syllable": "321",
    "Word": "48",
    "RDate": "20190405",
    "Aspects": [
      {
        "Aspect": "가격",
        "SentimentText": "티비보다가 가격이 너무 저렴해서 바로구매했는데 ○○○가아니라 그냥 ○○○이더라고용ㅋㅋ",
        "SentimentWord": "8",
        "SentimentPolarity": "0"
      },
      {
        "Aspect": "기능",
        "SentimentText": " 당근같은것도 순식간에갈리고 너무좋아여",
        "SentimentWord": "3",
        "SentimentPolarity": "1"
      },
      {
        "Aspect": "편의성",
        "SentimentText": "ㅋㅋ아침마다 주스갈아먹기 너무편하고",
        "SentimentWord": "3",
        "SentimentPolarity": "1"
      },
      {
        "Aspect": "용량",
        "SentimentText": "용량도 대용량이라 이틀치 갈아놓는데 건더기도하나도없고",
        "SentimentWord": "5",
        "SentimentPolarity": "1"
      }
    ]
  },
  {
    "Index": "7357",
    "RawText": "과일쥬스 해먹었는데 정말 잘 갈리고 세척도 편해요.",
    "Source": "SNS",
    "Domain": "가전",
    "MainCategory": "주방가전",
    "ProductName": "(TV)해피콜 ALL NEW 엑슬림 초고속 블렌더 HC-BL2300",
    "ReviewScore": "100",
    "Syllable": "28",
    "Word": "7",
    "RDate": "20190430",
    "GeneralPolarity": "1",
    "Aspects": [
      {
        "Aspect": "기능",
        "SentimentText": "과일쥬스 해먹었는데 정말 잘 갈리고",
        "SentimentWord": "5",
        "SentimentPolarity": "1"
      },
      {
        "Aspect": "편의성",
        "SentimentText": "세척도 편해요.",
        "SentimentWord": "2",
        "SentimentPolarity": "1"
      }
    ]
  },
  {
    "Index": "7358",
    "RawText": "싸겨 잘 구매한거같아서 좋습니다 편하게 잘 사용할수있는 께요",
    "Source": "SNS",
    "Domain": "가전",
    "MainCategory": "주방가전",
    "ProductName": "(TV)해피콜 ALL NEW 엑슬림 초고속 블렌더 HC-BL2300",
    "ReviewScore": "100",
    "Syllable": "33",
    "Word": "8",
    "RDate": "20190425",
    "GeneralPolarity": "1",
    "Aspects": [
      {
        "Aspect": "가격",
        "SentimentText": "싸겨 잘 구매한거같아서 좋습니다",
        "SentimentWord": "4",
        "SentimentPolarity": "1"
      },
      {
        "Aspect": "편의성",
        "SentimentText": "편하게 잘 사용할수있는 께요",
        "SentimentWord": "4",
        "SentimentPolarity": "1"
      }
    ]
  },
  {
    "Index": "7359",
    "RawText": "as확실히되는거죠?  색상이 레드만 있는걸로 아는데 그린색이라 정품 맞는거죠? 고기구울때 냄새도 조금밖에 안나오고 기름튈  염려도없고 통자체가 돌면서 구워지는게 좋긴한데 통이 열기땜에 화상 위험 염려도되네요.",
    "Source": "SNS",
    "Domain": "가전",
    "MainCategory": "주방가전",
    "ProductName": "(TV)헨즈 통돌이 오븐 (GREEN) HT-2001",
    "ReviewScore": "100",
    "Syllable": "116",
    "Word": "23",
    "RDate": "20181101",
    "Aspects": [
      {
        "Aspect": "색상",
        "SentimentText": "색상이 레드만 있는걸로 아는데 그린색이라 정품 맞는거죠?",
        "SentimentWord": "7",
        "SentimentPolarity": "0"
      },
      {
        "Aspect": "내구성",
        "SentimentText": "통자체가 돌면서 구워지는게 좋긴한데 통이 열기땜에 화상 위험 염려도되네요.",
        "SentimentWord": "9",
        "SentimentPolarity": "0"
      }
    ]
  },
  {
    "Index": "7360",
    "RawText": "오븐으로 요리한 고기 맛이 정말 일품이네요. 그런데, 일반 가스레인지에서도 사용가능하게 과열 방지센서에 대한 대책도 있어야 겠어요",
    "Source": "SNS",
    "Domain": "가전",
    "MainCategory": "주방가전",
    "ProductName": "(TV)헨즈 통돌이 오븐 (GREEN) HT-2001",
    "ReviewScore": "100",
    "Syllable": "72",
    "Word": "16",
    "RDate": "20181203",
    "GeneralPolarity": "1",
    "Aspects": [
      {
        "Aspect": "기능",
        "SentimentText": "오븐으로 요리한 고기 맛이 정말 일품이네요. ",
        "SentimentWord": "6",
        "SentimentPolarity": "1"
      },
      {
        "Aspect": "편의성",
        "SentimentText": "일반 가스레인지에서도 사용가능하게 과열 방지센서에 대한 대책도 있어야 겠어요",
        "SentimentWord": "9",
        "SentimentPolarity": "0"
      }
    ]
  },
  {
    "Index": "7361",
    "RawText": "광고처럼 기름 쫙빠져 골고루 구워진 고기를 먹을 수 있습니다. 하지만!! 첨부사진과 같이 기름받이부분은 한번사용에 저리 쭈그러졌고~(기름받이 재질이 금속이 아닌듯합니다.) 동그란통 하단의 날개같은 받침부위로 기름이 떨어져 흘러 틈새에 묻습니다~ 기름받이와 고무패킹은 소모성 부품인가 봅니다. 몇 번쓰다가 따로 구매해야 할거 같네요. 가스렌지에 놓아두는것도 화구 가운데다가 중불을 사용했는데~ 검게 그을렸다고 할까요?? 얼룩이 생겨서 안지워집니다~ 기대가 커서 그런지~ 생각만큼 만족스러운 제품은 아닌거 같습니다.",
    "Source": "SNS",
    "Domain": "가전",
    "MainCategory": "주방가전",
    "ProductName": "(TV)헨즈 통돌이 오븐 (GREEN) HT-2001",
    "ReviewScore": "40",
    "Syllable": "286",
    "Word": "59",
    "RDate": "20181102",
    "GeneralPolarity": "-1",
    "Aspects": [
      {
        "Aspect": "내구성",
        "SentimentText": "첨부사진과 같이 기름받이부분은 한번사용에 저리 쭈그러졌고~",
        "SentimentWord": "6",
        "SentimentPolarity": "-1"
      },
      {
        "Aspect": "제품구성",
        "SentimentText": "기름받이와 고무패킹은 소모성 부품인가 봅니다.",
        "SentimentWord": "5",
        "SentimentPolarity": "-1"
      }
    ]
  },
  {
    "Index": "7362",
    "RawText": "기름받침대인가 부풀러올랐고 성형이 변경되었습니다, 교체 요청합니다 음식은 생선 삼겹살 기름 잘빠지며 좋습니다,",
    "Source": "SNS",
    "Domain": "가전",
    "MainCategory": "주방가전",
    "ProductName": "(TV)헨즈 통돌이 오븐 (GREEN) HT-2001",
    "ReviewScore": "60",
    "Syllable": "61",
    "Word": "12",
    "RDate": "20190121",
    "GeneralPolarity": "1",
    "Aspects": [
      {
        "Aspect": "내구성",
        "SentimentText": "기름받침대인가 부풀러올랐고 성형이 변경되었습니다, 교체 요청합니다",
        "SentimentWord": "6",
        "SentimentPolarity": "-1"
      },
      {
        "Aspect": "기능",
        "SentimentText": "음식은 생선 삼겹살 기름 잘빠지며 좋습니다,",
        "SentimentWord": "6",
        "SentimentPolarity": "1"
      }
    ]
  },
  {
    "Index": "7363",
    "RawText": "넘 넘 좋아요  연기도 안나고  넣기만하면 자동으로  먹을수있게 다구워지거든요",
    "Source": "SNS",
    "Domain": "가전",
    "MainCategory": "주방가전",
    "ProductName": "(TV)헨즈 통돌이 오븐 (GREEN) HT-2001",
    "ReviewScore": "100",
    "Syllable": "43",
    "Word": "9",
    "RDate": "20190123",
    "GeneralPolarity": "1",
    "Aspects": [
      {
        "Aspect": "기능",
        "SentimentText": "넘 넘 좋아요  연기도 안나고 ",
        "SentimentWord": "5",
        "SentimentPolarity": "1"
      },
      {
        "Aspect": "편의성",
        "SentimentText": " 자동으로  먹을수있게 다구워지거든요",
        "SentimentWord": "3",
        "SentimentPolarity": "1"
      }
    ]
  },
  {
    "Index": "7364",
    "RawText": "방송보고 벼르다 구매해서 닭구이해먹었는데 손쉽게 잘 만들어지고 괜찮네요 생각보다 시간은 더 걸리는듯해요",
    "Source": "SNS",
    "Domain": "가전",
    "MainCategory": "주방가전",
    "ProductName": "(TV)헨즈 통돌이 오븐 (GREEN) HT-2001",
    "ReviewScore": "100",
    "Syllable": "57",
    "Word": "12",
    "RDate": "20181102",
    "GeneralPolarity": "0",
    "Aspects": [
      {
        "Aspect": "기능",
        "SentimentText": "닭구이해먹었는데 손쉽게 잘 만들어지고 괜찮네요",
        "SentimentWord": "5",
        "SentimentPolarity": "1"
      },
      {
        "Aspect": "시간/속도",
        "SentimentText": "생각보다 시간은 더 걸리는듯해요",
        "SentimentWord": "4",
        "SentimentPolarity": "0"
      }
    ]
  },
  {
    "Index": "7365",
    "RawText": "보통 삼겹살 먹으려면 기름이 튀는 것도 문제고 뒤집어줘야 하고 할 일이 너무 많은데 이건 타이머 맞춰놓고 기다리기만 하면 되네요 뭔가 설거지하기도 굉장히 간편해졌구요 주위 사람들에게 소문 좀 냈습니다. 신문물이라고ㅋㅋ",
    "Source": "SNS",
    "Domain": "가전",
    "MainCategory": "주방가전",
    "ProductName": "(TV)헨즈 통돌이 오븐 (GREEN) HT-2001",
    "ReviewScore": "100",
    "Syllable": "121",
    "Word": "29",
    "RDate": "20181028",
    "GeneralPolarity": "1",
    "Aspects": [
      {
        "Aspect": "시간/속도",
        "SentimentText": " 타이머 맞춰놓고 기다리기만 하면 되네요",
        "SentimentWord": "5",
        "SentimentPolarity": "1"
      },
      {
        "Aspect": "편의성",
        "SentimentText": "설거지하기도 굉장히 간편해졌구요 ",
        "SentimentWord": "3",
        "SentimentPolarity": "1"
      }
    ]
  },
  {
    "Index": "7366",
    "RawText": "빠른 배송도 만족하고 제품 품질이 좋은지 해 본 음식도 만족스럽습니다 사은품 가방도 좋으네요",
    "Source": "SNS",
    "Domain": "가전",
    "MainCategory": "주방가전",
    "ProductName": "(TV)헨즈 통돌이 오븐 (GREEN) HT-2001",
    "ReviewScore": "100",
    "Syllable": "51",
    "Word": "13",
    "RDate": "20181130",
    "Aspects": [
      {
        "Aspect": "품질",
        "SentimentText": "제품 품질이 좋은지 해 본 음식도 만족스럽습니다",
        "SentimentWord": "7",
        "SentimentPolarity": "1"
      },
      {
        "Aspect": "제품구성",
        "SentimentText": "사은품 가방도 좋으네요",
        "SentimentWord": "3",
        "SentimentPolarity": "1"
      }
    ]
  },
  {
    "Index": "7367",
    "RawText": "삼겹살엔 통돌이.. 진짜 맛도 좋고 육즙도 좋네요.. 다만 너무 두꺼운 고기는 오래 돌려야 한다는...",
    "Source": "SNS",
    "Domain": "가전",
    "MainCategory": "주방가전",
    "ProductName": "(TV)헨즈 통돌이 오븐 (GREEN) HT-2001",
    "ReviewScore": "100",
    "Syllable": "57",
    "Word": "14",
    "RDate": "20190216",
    "GeneralPolarity": "0",
    "Aspects": [
      {
        "Aspect": "기능",
        "SentimentText": "삼겹살엔 통돌이.. 진짜 맛도 좋고 육즙도 좋네요..",
        "SentimentWord": "7",
        "SentimentPolarity": "1"
      },
      {
        "Aspect": "시간/속도",
        "SentimentText": "너무 두꺼운 고기는 오래 돌려야 한다는...",
        "SentimentWord": "6",
        "SentimentPolarity": "-1"
      }
    ]
  },
  {
    "Index": "7368",
    "RawText": "요즘 티비로 나오는 제품이라 구매했는데 사용하기 편리해서 좋아요 360도 회전 기능이 되어서 뒤집어주고 섞어주지 않아도 되요 배송도 정말 빨라오",
    "Source": "SNS",
    "Domain": "가전",
    "MainCategory": "주방가전",
    "ProductName": "(TV)헨즈 통돌이 오븐 (GREEN) HT-2001",
    "ReviewScore": "100",
    "Syllable": "80",
    "Word": "19",
    "RDate": "20181125",
    "Aspects": [
      {
        "Aspect": "편의성",
        "SentimentText": "사용하기 편리해서 좋아요",
        "SentimentWord": "3",
        "SentimentPolarity": "1"
      },
      {
        "Aspect": "기능",
        "SentimentText": "360도 회전 기능이 되어서 뒤집어주고 섞어주지 않아도 되요",
        "SentimentWord": "8",
        "SentimentPolarity": "1"
      }
    ]
  },
  {
    "Index": "7369",
    "RawText": "정말 뒤집고 살피고 안해도되는건 편하더라구요~ 세척도^^ 근데 가스렌지 가운데 튀어나와있는... 그... 센서?  그게 자꾸 걸리적 거리네요~ 불세기도 갑자기 줄여지고;;; 방법을 찾아야할것 같아요ㅠㅠ  ",
    "Source": "SNS",
    "Domain": "가전",
    "MainCategory": "주방가전",
    "ProductName": "(TV)헨즈 통돌이 오븐 (GREEN) HT-2001",
    "ReviewScore": "100",
    "Syllable": "114",
    "Word": "22",
    "RDate": "20181212",
    "GeneralPolarity": "0",
    "Aspects": [
      {
        "Aspect": "편의성",
        "SentimentText": "정말 뒤집고 살피고 안해도되는건 편하더라구요~ 세척도^^",
        "SentimentWord": "6",
        "SentimentPolarity": "1"
      },
      {
        "Aspect": "기능",
        "SentimentText": "불세기도 갑자기 줄여지고;;; 방법을 찾아야할것 같아요ㅠㅠ",
        "SentimentWord": "6",
        "SentimentPolarity": "-1"
      },
      {
        "Aspect": "제품구성",
        "SentimentText": "가스렌지 가운데 튀어나와있는... 그... 센서?  그게 자꾸 걸리적 거리네요~ ",
        "SentimentWord": "9",
        "SentimentPolarity": "-1"
      }
    ]
  },
  {
    "Index": "7370",
    "RawText": "조립 정말 쉽고, 사용 편리하고, 정리 간단하네요. ",
    "Source": "SNS",
    "Domain": "가전",
    "MainCategory": "주방가전",
    "ProductName": "(TV)헨즈 통돌이 오븐 (GREEN) HT-2001",
    "ReviewScore": "100",
    "Syllable": "29",
    "Word": "7",
    "RDate": "20181024",
    "GeneralPolarity": "1",
    "Aspects": [
      {
        "Aspect": "조작성",
        "SentimentText": "조립 정말 쉽고, ",
        "SentimentWord": "3",
        "SentimentPolarity": "1"
      },
      {
        "Aspect": "편의성",
        "SentimentText": "사용 편리하고, 정리 간단하네요.",
        "SentimentWord": "4",
        "SentimentPolarity": "1"
      }
    ]
  },
  {
    "Index": "7371",
    "RawText": "청소는 편리한데 너무오래요리해야하는게단점인것 같습니다",
    "Source": "SNS",
    "Domain": "가전",
    "MainCategory": "주방가전",
    "ProductName": "(TV)헨즈 통돌이 오븐 (GREEN) HT-2001",
    "ReviewScore": "100",
    "Syllable": "29",
    "Word": "4",
    "RDate": "20181228",
    "GeneralPolarity": "0",
    "Aspects": [
      {
        "Aspect": "편의성",
        "SentimentText": "청소는 편리한데",
        "SentimentWord": "2",
        "SentimentPolarity": "1"
      },
      {
        "Aspect": "시간/속도",
        "SentimentText": "너무오래요리해야하는게단점인것 같습니다",
        "SentimentWord": "2",
        "SentimentPolarity": "-1"
      }
    ]
  },
  {
    "Index": "7372",
    "RawText": "회전 기능이 있어 편하고, 가스 사용시 환기만 잘하면 전기 누진제 걱정 뚝, 특히 야외용 대박입니다!",
    "Source": "SNS",
    "Domain": "가전",
    "MainCategory": "주방가전",
    "ProductName": "(TV)헨즈 통돌이 오븐 (GREEN) HT-2001",
    "ReviewScore": "100",
    "Syllable": "56",
    "Word": "15",
    "RDate": "20190316",
    "GeneralPolarity": "1",
    "Aspects": [
      {
        "Aspect": "편의성",
        "SentimentText": "회전 기능이 있어 편하고,",
        "SentimentWord": "4",
        "SentimentPolarity": "1"
      },
      {
        "Aspect": "소비전력",
        "SentimentText": " 가스 사용시 환기만 잘하면 전기 누진제 걱정 뚝, ",
        "SentimentWord": "8",
        "SentimentPolarity": "1"
      }
    ]
  },
  {
    "Index": "7373",
    "RawText": "20년전에  사고  지금  바꾸네요  가볍고  좋네요  잘  사용하고  있어요",
    "Source": "SNS",
    "Domain": "가전",
    "MainCategory": "주방가전",
    "ProductName": "(TV_2만세일)도깨비방망이 에어슬림 SHB1800",
    "ReviewScore": "100",
    "Syllable": "43",
    "Word": "9",
    "RDate": "20190901",
    "GeneralPolarity": "1",
    "Aspects": [
      {
        "Aspect": "무게",
        "SentimentText": "가볍고  좋네요 ",
        "SentimentWord": "2",
        "SentimentPolarity": "1"
      },
      {
        "Aspect": "편의성",
        "SentimentText": "잘  사용하고  있어요",
        "SentimentWord": "3",
        "SentimentPolarity": "1"
      }
    ]
  },
  {
    "Index": "7374",
    "RawText": "가격은 저렴하고  사이즈도 슬림해서 예전모델보다 마음에 들어요 배송도 빨라서 아주 좋아요 다음에 기회가 된다면 다시 구입하겠습니다",
    "Source": "SNS",
    "Domain": "가전",
    "MainCategory": "주방가전",
    "ProductName": "(TV_2만세일)도깨비방망이 에어슬림 SHB1800",
    "ReviewScore": "100",
    "Syllable": "72",
    "Word": "16",
    "RDate": "20190822",
    "Aspects": [
      {
        "Aspect": "가격",
        "SentimentText": "가격은 저렴하고",
        "SentimentWord": "2",
        "SentimentPolarity": "1"
      },
      {
        "Aspect": "사이즈",
        "SentimentText": "사이즈도 슬림해서 예전모델보다 마음에 들어요",
        "SentimentWord": "5",
        "SentimentPolarity": "1"
      }
    ]
  },
  {
    "Index": "7375",
    "RawText": "가벼워서좋은데 거품기가없어 서운해요.따로구입해야겠어요.",
    "Source": "SNS",
    "Domain": "가전",
    "MainCategory": "주방가전",
    "ProductName": "(TV_2만세일)도깨비방망이 에어슬림 SHB1800",
    "ReviewScore": "100",
    "Syllable": "30",
    "Word": "3",
    "RDate": "20190909",
    "GeneralPolarity": "0",
    "Aspects": [
      {
        "Aspect": "무게",
        "SentimentText": "가벼워서좋은데 거품기가없어 서운해요.",
        "SentimentWord": "3",
        "SentimentPolarity": "0"
      },
      {
        "Aspect": "제품구성",
        "SentimentText": "거품기가없어 서운해요.따로구입해야겠어요.",
        "SentimentWord": "2",
        "SentimentPolarity": "0"
      }
    ]
  },
  {
    "Index": "7376",
    "RawText": "꼭필요한  제품인데 세일할때 사서 좋네요  디자인도 좋아요~^^",
    "Source": "SNS",
    "Domain": "가전",
    "MainCategory": "주방가전",
    "ProductName": "(TV_2만세일)도깨비방망이 에어슬림 SHB1800",
    "ReviewScore": "100",
    "Syllable": "35",
    "Word": "7",
    "RDate": "20190809",
    "GeneralPolarity": "1",
    "Aspects": [
      {
        "Aspect": "가격",
        "SentimentText": "세일할때 사서 좋네요 ",
        "SentimentWord": "3",
        "SentimentPolarity": "1"
      },
      {
        "Aspect": "디자인",
        "SentimentText": "디자인도 좋아요~^^",
        "SentimentWord": "2",
        "SentimentPolarity": "1"
      }
    ]
  },
  {
    "Index": "7377",
    "RawText": "핸드블렌더 정말정말 편리해요~ 잘 갏리고 아무 용기나 사용가능하고 여러모로 쓸모있는 팔방미인 입니다~^^",
    "Source": "SNS",
    "Domain": "가전",
    "MainCategory": "주방가전",
    "ProductName": "(TV_2만세일)도깨비방망이 에어슬림 SHB1800",
    "ReviewScore": "100",
    "Syllable": "58",
    "Word": "12",
    "RDate": "20190820",
    "Aspects": [
      {
        "Aspect": "편의성",
        "SentimentText": "핸드블렌더 정말정말 편리해요~",
        "SentimentWord": "3",
        "SentimentPolarity": "1"
      },
      {
        "Aspect": "기능",
        "SentimentText": " 잘 갏리고 아무 용기나 사용가능하고",
        "SentimentWord": "5",
        "SentimentPolarity": "1"
      }
    ]
  },
  {
    "Index": "7378",
    "RawText": "디자인도 이쁘고 강합니다.  퀄리티가 너무 좋아요. 강추합니다.",
    "Source": "SNS",
    "Domain": "가전",
    "MainCategory": "주방가전",
    "ProductName": "(TV_2만세일)도깨비방망이 에어슬림 SHB1800",
    "ReviewScore": "100",
    "Syllable": "35",
    "Word": "7",
    "RDate": "20190822",
    "GeneralPolarity": "1",
    "Aspects": [
      {
        "Aspect": "디자인",
        "SentimentText": "디자인도 이쁘고 강합니다. ",
        "SentimentWord": "3",
        "SentimentPolarity": "1"
      },
      {
        "Aspect": "품질",
        "SentimentText": "퀄리티가 너무 좋아요. ",
        "SentimentWord": "3",
        "SentimentPolarity": "1"
      }
    ]
  },
  {
    "Index": "7379",
    "RawText": "몇년전에 사용한 OOO가 고장나서 구매. 무게가 가벼워지고 디자인이 심플하네요.",
    "Source": "SNS",
    "Domain": "가전",
    "MainCategory": "주방가전",
    "ProductName": "(TV_2만세일)도깨비방망이 에어슬림 SHB1800",
    "ReviewScore": "80",
    "Syllable": "44",
    "Word": "9",
    "RDate": "20190813",
    "Aspects": [
      {
        "Aspect": "무게",
        "SentimentText": "무게가 가벼워지고",
        "SentimentWord": "2",
        "SentimentPolarity": "1"
      },
      {
        "Aspect": "디자인",
        "SentimentText": "디자인이 심플하네요.",
        "SentimentWord": "2",
        "SentimentPolarity": "1"
      }
    ]
  },
  {
    "Index": "7380",
    "RawText": "손잡이부분이 슬림해서 잡기도편하고 다지기도 편하게 할수있겠네요 좋아요",
    "Source": "SNS",
    "Domain": "가전",
    "MainCategory": "주방가전",
    "ProductName": "(TV_2만세일)도깨비방망이 에어슬림 SHB1800",
    "ReviewScore": "100",
    "Syllable": "38",
    "Word": "7",
    "RDate": "20190807",
    "GeneralPolarity": "1",
    "Aspects": [
      {
        "Aspect": "디자인",
        "SentimentText": "손잡이부분이 슬림해서 잡기도편하고 ",
        "SentimentWord": "3",
        "SentimentPolarity": "1"
      },
      {
        "Aspect": "편의성",
        "SentimentText": "다지기도 편하게 할수있겠네요 좋아요",
        "SentimentWord": "4",
        "SentimentPolarity": "1"
      }
    ]
  },
  {
    "Index": "7381",
    "RawText": "쓰기에 좋은 크기로 되어 있습니다. 편하게 사용할 수 있어서 좋아요.",
    "Source": "SNS",
    "Domain": "가전",
    "MainCategory": "주방가전",
    "ProductName": "(TV_2만세일)도깨비방망이 에어슬림 SHB1800",
    "ReviewScore": "100",
    "Syllable": "38",
    "Word": "10",
    "RDate": "20190810",
    "GeneralPolarity": "1",
    "Aspects": [
      {
        "Aspect": "사이즈",
        "SentimentText": "쓰기에 좋은 크기로 되어 있습니다.",
        "SentimentWord": "5",
        "SentimentPolarity": "1"
      },
      {
        "Aspect": "편의성",
        "SentimentText": "편하게 사용할 수 있어서 좋아요.",
        "SentimentWord": "5",
        "SentimentPolarity": "1"
      }
    ]
  },
  {
    "Index": "7382",
    "RawText": "다양한 모드가 있어서 선택 사항이 좋네요 최적의  품질이 굿인 제품입니다  상담도 최고 입니다",
    "Source": "SNS",
    "Domain": "가전",
    "MainCategory": "주방가전",
    "ProductName": "(TV_2만세일)도깨비방망이 에어슬림 SHB1800",
    "ReviewScore": "100",
    "Syllable": "52",
    "Word": "13",
    "RDate": "20190821",
    "Aspects": [
      {
        "Aspect": "기능",
        "SentimentText": "다양한 모드가 있어서 선택 사항이 좋네요 ",
        "SentimentWord": "6",
        "SentimentPolarity": "1"
      },
      {
        "Aspect": "품질",
        "SentimentText": "최적의  품질이 굿인 제품입니다",
        "SentimentWord": "4",
        "SentimentPolarity": "1"
      }
    ]
  },
  {
    "Index": "7383",
    "RawText": "옛날 상품 정말 무거웠는데 가볍고 색깔도 예쁘요.",
    "Source": "SNS",
    "Domain": "가전",
    "MainCategory": "주방가전",
    "ProductName": "(TV_2만세일)도깨비방망이 에어슬림 SHB1800",
    "ReviewScore": "100",
    "Syllable": "27",
    "Word": "7",
    "RDate": "20190816",
    "GeneralPolarity": "1",
    "Aspects": [
      {
        "Aspect": "무게",
        "SentimentText": "옛날 상품 정말 무거웠는데 가볍고",
        "SentimentWord": "5",
        "SentimentPolarity": "1"
      },
      {
        "Aspect": "색상",
        "SentimentText": "색깔도 예쁘요.",
        "SentimentWord": "2",
        "SentimentPolarity": "1"
      }
    ]
  },
  {
    "Index": "7384",
    "RawText": "작동도 잘되고  디자인도 심플해서 좋네요 일단 배송이 빨라서 굿입니다",
    "Source": "SNS",
    "Domain": "가전",
    "MainCategory": "주방가전",
    "ProductName": "(TV_2만세일)도깨비방망이 에어슬림 SHB1800",
    "ReviewScore": "100",
    "Syllable": "38",
    "Word": "9",
    "RDate": "20190820",
    "Aspects": [
      {
        "Aspect": "기능",
        "SentimentText": "작동도 잘되고",
        "SentimentWord": "2",
        "SentimentPolarity": "1"
      },
      {
        "Aspect": "디자인",
        "SentimentText": "디자인도 심플해서 좋네요",
        "SentimentWord": "3",
        "SentimentPolarity": "1"
      }
    ]
  },
  {
    "Index": "7385",
    "RawText": "거치대가 있어서 보관이 편하네요 쨍한 레드컬러두 맘에 들어요 컵 사이즈 용량이 좀 더 크구 뚜껑이 있으면 완죤 굿일듯요",
    "Source": "SNS",
    "Domain": "가전",
    "MainCategory": "주방가전",
    "ProductName": "(TV_2만세일_직택배)도깨비방망이 에어슬림 SHB1800",
    "ReviewScore": "80",
    "Syllable": "66",
    "Word": "18",
    "RDate": "20191026",
    "GeneralPolarity": "1",
    "Aspects": [
      {
        "Aspect": "색상",
        "SentimentText": "쨍한 레드컬러두 맘에 들어요",
        "SentimentWord": "4",
        "SentimentPolarity": "1"
      },
      {
        "Aspect": "사이즈",
        "SentimentText": "컵 사이즈 용량이 좀 더 크구 뚜껑이 있으면 완죤 굿일듯요",
        "SentimentWord": "10",
        "SentimentPolarity": "1"
      },
      {
        "Aspect": "제품구성",
        "SentimentText": "거치대가 있어서 보관이 편하네요",
        "SentimentWord": "4",
        "SentimentPolarity": "1"
      }
    ]
  },
  {
    "Index": "7386",
    "RawText": "주스나 야채들  편하게 갈아 먹고 있어 너무 좋아요  회전솔도 있어서 더자주 사용하게 되네요 배송도 빠르고 앞으로 번창하세요",
    "Source": "SNS",
    "Domain": "가전",
    "MainCategory": "주방가전",
    "ProductName": "(TV_2만세일_직택배)도깨비방망이 에어슬림 SHB1800",
    "ReviewScore": "100",
    "Syllable": "69",
    "Word": "17",
    "RDate": "20191019",
    "Aspects": [
      {
        "Aspect": "편의성",
        "SentimentText": "주스나 야채들  편하게 갈아 먹고 있어 너무 좋아요",
        "SentimentWord": "8",
        "SentimentPolarity": "1"
      },
      {
        "Aspect": "제품구성",
        "SentimentText": "회전솔도 있어서 더자주 사용하게 되네요",
        "SentimentWord": "5",
        "SentimentPolarity": "1"
      }
    ]
  },
  {
    "Index": "7387",
    "RawText": "간편하고 믹스가곱게갈아지고 신속하게갈아져서 너무좋아요",
    "Source": "SNS",
    "Domain": "가전",
    "MainCategory": "주방가전",
    "ProductName": "(TV_50세일) 도깨비 방망이 V9000",
    "ReviewScore": "100",
    "Syllable": "29",
    "Word": "4",
    "RDate": "20220305",
    "GeneralPolarity": "1",
    "Aspects": [
      {
        "Aspect": "편의성",
        "SentimentText": "간편하고 믹스가곱게갈아지고",
        "SentimentWord": "2",
        "SentimentPolarity": "1"
      },
      {
        "Aspect": "시간/속도",
        "SentimentText": "신속하게갈아져서 너무좋아요",
        "SentimentWord": "2",
        "SentimentPolarity": "1"
      }
    ]
  },
  {
    "Index": "7388",
    "RawText": "너무싸게잘샀어요 누르긴 조금힘들지만 스텐이라 믿고쓸께요",
    "Source": "SNS",
    "Domain": "가전",
    "MainCategory": "주방가전",
    "ProductName": "(TV_50세일) 도깨비 방망이 V9000",
    "ReviewScore": "100",
    "Syllable": "30",
    "Word": "5",
    "RDate": "20211205",
    "GeneralPolarity": "1",
    "Aspects": [
      {
        "Aspect": "가격",
        "SentimentText": "너무싸게잘샀어요",
        "SentimentWord": "1",
        "SentimentPolarity": "1"
      },
      {
        "Aspect": "소재",
        "SentimentText": " 스텐이라 믿고쓸께요",
        "SentimentWord": "2",
        "SentimentPolarity": "1"
      },
      {
        "Aspect": "조작성",
        "SentimentText": "누르긴 조금힘들지만",
        "SentimentWord": "2",
        "SentimentPolarity": "0"
      }
    ]
  },
  {
    "Index": "7389",
    "RawText": "다용도로 이로움 요리하는 즐거움 거치대의 편리함 가성비도 좋은듯 ",
    "Source": "SNS",
    "Domain": "가전",
    "MainCategory": "주방가전",
    "ProductName": "(TV_50세일) 도깨비 방망이 V9000",
    "ReviewScore": "90",
    "Syllable": "36",
    "Word": "8",
    "RDate": "20220105",
    "GeneralPolarity": "1",
    "Aspects": [
      {
        "Aspect": "편의성",
        "SentimentText": "거치대의 편리함",
        "SentimentWord": "2",
        "SentimentPolarity": "1"
      },
      {
        "Aspect": "가격",
        "SentimentText": "가성비도 좋은듯",
        "SentimentWord": "2",
        "SentimentPolarity": "1"
      }
    ]
  },
  {
    "Index": "7390",
    "RawText": "OOO 방망이 편리하긴한데, 누르는 곳이 꽉 눌러도 자꾸 꺼지고 다시 꽉 눌러야 켜지고 힘이 딸리면 자꾸 꺼지네요",
    "Source": "SNS",
    "Domain": "가전",
    "MainCategory": "주방가전",
    "ProductName": "(TV_50세일) 도깨비 방망이 V9000",
    "ReviewScore": "80",
    "Syllable": "63",
    "Word": "17",
    "RDate": "20220107",
    "Aspects": [
      {
        "Aspect": "편의성",
        "SentimentText": "OOO 방망이 편리하긴한데,",
        "SentimentWord": "3",
        "SentimentPolarity": "1"
      },
      {
        "Aspect": "품질",
        "SentimentText": "누르는 곳이 꽉 눌러도 자꾸 꺼지고 다시 꽉 눌러야 켜지고 ",
        "SentimentWord": "10",
        "SentimentPolarity": "-1"
      }
    ]
  },
  {
    "Index": "7391",
    "RawText": "OOO. 착한가격에 좋은제품 구매해서 정말 좋아요~쉽게 잘 갈리고 편하네요",
    "Source": "SNS",
    "Domain": "가전",
    "MainCategory": "주방가전",
    "ProductName": "(TV_50세일) 도깨비 방망이 V9000",
    "ReviewScore": "90",
    "Syllable": "41",
    "Word": "9",
    "RDate": "20211021",
    "Aspects": [
      {
        "Aspect": "가격",
        "SentimentText": "착한가격에 좋은제품 구매해서 정말 좋아요~",
        "SentimentWord": "5",
        "SentimentPolarity": "1"
      },
      {
        "Aspect": "편의성",
        "SentimentText": "쉽게 잘 갈리고 편하네요",
        "SentimentWord": "4",
        "SentimentPolarity": "1"
      }
    ]
  },
  {
    "Index": "7392",
    "RawText": "방송에서   볼때는  잘되고   쉬워  보였는데  무겁고   잘  안되는 것 같아요. 손잡이 부분을 잡고 조작하기가 어려워요",
    "Source": "SNS",
    "Domain": "가전",
    "MainCategory": "주방가전",
    "ProductName": "(TV_50세일) 도깨비 방망이 V9000",
    "ReviewScore": "80",
    "Syllable": "69",
    "Word": "15",
    "RDate": "20211027",
    "GeneralPolarity": "-1",
    "Aspects": [
      {
        "Aspect": "무게",
        "SentimentText": "무겁고   잘  안되는 것 같아요.",
        "SentimentWord": "5",
        "SentimentPolarity": "-1"
      },
      {
        "Aspect": "조작성",
        "SentimentText": "손잡이 부분을 잡고 조작하기가 어려워요",
        "SentimentWord": "5",
        "SentimentPolarity": "-1"
      }
    ]
  },
  {
    "Index": "7393",
    "RawText": "소리가 좀크지만 김장양념 갈아봤는데 잘갈립니다^^",
    "Source": "SNS",
    "Domain": "가전",
    "MainCategory": "주방가전",
    "ProductName": "(TV_50세일) 도깨비 방망이 V9000",
    "ReviewScore": "60",
    "Syllable": "27",
    "Word": "5",
    "RDate": "20211217",
    "GeneralPolarity": "1",
    "Aspects": [
      {
        "Aspect": "소음",
        "SentimentText": "소리가 좀크지만",
        "SentimentWord": "2",
        "SentimentPolarity": "0"
      },
      {
        "Aspect": "기능",
        "SentimentText": "김장양념 갈아봤는데 잘갈립니다^^",
        "SentimentWord": "3",
        "SentimentPolarity": "1"
      }
    ]
  },
  {
    "Index": "7394",
    "RawText": "아직 사용전이라 ~~싼 가격에 잘 산것 같아요.잘 쓰고 있습니다.",
    "Source": "SNS",
    "Domain": "가전",
    "MainCategory": "주방가전",
    "ProductName": "(TV_50세일) 도깨비 방망이 V9000",
    "ReviewScore": "100",
    "Syllable": "36",
    "Word": "9",
    "RDate": "20211001",
    "GeneralPolarity": "1",
    "Aspects": [
      {
        "Aspect": "가격",
        "SentimentText": "싼 가격에 잘 산것 같아요. ",
        "SentimentWord": "5",
        "SentimentPolarity": "1"
      },
      {
        "Aspect": "편의성",
        "SentimentText": "잘 쓰고 있습니다.",
        "SentimentWord": "3",
        "SentimentPolarity": "1"
      }
    ]
  },
  {
    "Index": "7395",
    "RawText": "아직 사용전인데 깔끔하니 이뻐요 무게도 가볍고 손목에 무리가 가지 않겠어요 잘 사용할거같아요",
    "Source": "SNS",
    "Domain": "가전",
    "MainCategory": "주방가전",
    "ProductName": "(TV_50세일) 도깨비 방망이 V9000",
    "ReviewScore": "100",
    "Syllable": "51",
    "Word": "12",
    "RDate": "20211022",
    "GeneralPolarity": "1",
    "Aspects": [
      {
        "Aspect": "디자인",
        "SentimentText": " 깔끔하니 이뻐요",
        "SentimentWord": "2",
        "SentimentPolarity": "1"
      },
      {
        "Aspect": "무게",
        "SentimentText": "무게도 가볍고 손목에 무리가 가지 않겠어요",
        "SentimentWord": "6",
        "SentimentPolarity": "1"
      }
    ]
  },
  {
    "Index": "7396",
    "RawText": "아직 써보진 않아 몰겠지만.. 예전 쓰던것 보단 간단하고 가벼워요.",
    "Source": "SNS",
    "Domain": "가전",
    "MainCategory": "주방가전",
    "ProductName": "(TV_50세일) 도깨비 방망이 V9000",
    "ReviewScore": "100",
    "Syllable": "37",
    "Word": "9",
    "RDate": "20211001",
    "GeneralPolarity": "1",
    "Aspects": [
      {
        "Aspect": "편의성",
        "SentimentText": "예전 쓰던것 보단 간단하고 가벼워요.",
        "SentimentWord": "5",
        "SentimentPolarity": "1"
      },
      {
        "Aspect": "무게",
        "SentimentText": " 간단하고 가벼워요.",
        "SentimentWord": "2",
        "SentimentPolarity": "1"
      }
    ]
  },
  {
    "Index": "7397",
    "RawText": "편리하고 깔끔하게  보여서  인테리어 짱입니다",
    "Source": "SNS",
    "Domain": "가전",
    "MainCategory": "주방가전",
    "ProductName": "(TV_50세일) 도깨비 방망이 V9000",
    "ReviewScore": "100",
    "Syllable": "25",
    "Word": "5",
    "RDate": "20211021",
    "GeneralPolarity": "1",
    "Aspects": [
      {
        "Aspect": "편의성",
        "SentimentText": "편리하고 깔끔하게  보여서  ",
        "SentimentWord": "3",
        "SentimentPolarity": "1"
      },
      {
        "Aspect": "디자인",
        "SentimentText": "깔끔하게  보여서  인테리어 짱입니다",
        "SentimentWord": "4",
        "SentimentPolarity": "1"
      }
    ]
  },
  {
    "Index": "7398",
    "RawText": "구성품이 많지는 않지만 딱 매인만으로도 저령한가격에 만족합니다",
    "Source": "SNS",
    "Domain": "가전",
    "MainCategory": "주방가전",
    "ProductName": "(TV_50세일_직)도깨비 방망이 V9000",
    "ReviewScore": "100",
    "Syllable": "34",
    "Word": "7",
    "RDate": "20200512",
    "Aspects": [
      {
        "Aspect": "제품구성",
        "SentimentText": "구성품이 많지는 않지만",
        "SentimentWord": "3",
        "SentimentPolarity": "0"
      },
      {
        "Aspect": "가격",
        "SentimentText": "저령한가격에 만족합니다",
        "SentimentWord": "2",
        "SentimentPolarity": "1"
      }
    ]
  },
  {
    "Index": "7399",
    "RawText": "늦게사용을해봐서 상품평이늦었네요.전 너무 무겁네요. 불편하네요.",
    "Source": "SNS",
    "Domain": "가전",
    "MainCategory": "주방가전",
    "ProductName": "(TV_50세일_직)도깨비 방망이 V9000",
    "ReviewScore": "100",
    "Syllable": "35",
    "Word": "5",
    "RDate": "20210520",
    "GeneralPolarity": "-1",
    "Aspects": [
      {
        "Aspect": "무게",
        "SentimentText": "전 너무 무겁네요. ",
        "SentimentWord": "3",
        "SentimentPolarity": "-1"
      },
      {
        "Aspect": "편의성",
        "SentimentText": "불편하네요.",
        "SentimentWord": "1",
        "SentimentPolarity": "-1"
      }
    ]
  },
  {
    "Index": "7400",
    "RawText": "다른 사이트엔 비쌌는데 여기서 50프로 세일하니 알뜰구매 했어요 아직 사용전이지만 콕 필요한 상품이라 좋은 가격에  잘 샀어요 예전부턴 사고싶었으나  넘비싸니 구매 못하고  참았다가 구매했어요 ",
    "Source": "SNS",
    "Domain": "가전",
    "MainCategory": "주방가전",
    "ProductName": "(TV_50세일_직)도깨비 방망이 V9000",
    "ReviewScore": "100",
    "Syllable": "108",
    "Word": "24",
    "RDate": "20200528",
    "GeneralPolarity": "1",
    "Aspects": [
      {
        "Aspect": "가격",
        "SentimentText": "여기서 50프로 세일하니 알뜰구매 했어요",
        "SentimentWord": "5",
        "SentimentPolarity": "1"
      },
      {
        "Aspect": "가격",
        "SentimentText": "아직 사용전이지만 콕 필요한 상품이라 좋은 가격에  잘 샀어요",
        "SentimentWord": "9",
        "SentimentPolarity": "1"
      }
    ]
  },
  {
    "Index": "7401",
    "RawText": "모터 강하고 얼은것도 잘 갈려요 편하고 튼튼해요~",
    "Source": "SNS",
    "Domain": "가전",
    "MainCategory": "주방가전",
    "ProductName": "(TV_50세일_직)도깨비 방망이 V9000",
    "ReviewScore": "100",
    "Syllable": "27",
    "Word": "7",
    "RDate": "20200812",
    "GeneralPolarity": "1",
    "Aspects": [
      {
        "Aspect": "기능",
        "SentimentText": "모터 강하고 얼은것도 잘 갈려요",
        "SentimentWord": "5",
        "SentimentPolarity": "1"
      },
      {
        "Aspect": "편의성",
        "SentimentText": "편하고 튼튼해요~",
        "SentimentWord": "2",
        "SentimentPolarity": "1"
      }
    ]
  },
  {
    "Index": "7402",
    "RawText": "무겁고 작동시킬때 버튼누를때 힘을 줘야해서 불편하기도 팔에 아프기도 합니다",
    "Source": "SNS",
    "Domain": "가전",
    "MainCategory": "주방가전",
    "ProductName": "(TV_50세일_직)도깨비 방망이 V9000",
    "ReviewScore": "100",
    "Syllable": "41",
    "Word": "9",
    "RDate": "20210203",
    "GeneralPolarity": "-1",
    "Aspects": [
      {
        "Aspect": "무게",
        "SentimentText": "무겁고 작동시킬때 버튼누를때 힘을 줘야해서",
        "SentimentWord": "5",
        "SentimentPolarity": "-1"
      },
      {
        "Aspect": "편의성",
        "SentimentText": "작동시킬때 버튼누를때 힘을 줘야해서 불편하기도 팔에 아프기도 합니다",
        "SentimentWord": "8",
        "SentimentPolarity": "-1"
      }
    ]
  },
  {
    "Index": "7403",
    "RawText": "무게감과    손목이  아플 정도로 버튼 누르기가 힘들고   2~3초 작동하다  자꾸  멈춤 타사에  비해 사용하기  불편함  ",
    "Source": "SNS",
    "Domain": "가전",
    "MainCategory": "주방가전",
    "ProductName": "(TV_50세일_직)도깨비 방망이 V9000",
    "ReviewScore": "50",
    "Syllable": "71",
    "Word": "15",
    "RDate": "20210313",
    "GeneralPolarity": "-1",
    "Aspects": [
      {
        "Aspect": "무게",
        "SentimentText": "무게감과    손목이  아플 정도로 버튼 누르기가 힘들고  ",
        "SentimentWord": "7",
        "SentimentPolarity": "-1"
      },
      {
        "Aspect": "기능",
        "SentimentText": "  2~3초 작동하다  자꾸  멈춤",
        "SentimentWord": "4",
        "SentimentPolarity": "-1"
      },
      {
        "Aspect": "편의성",
        "SentimentText": "사용하기  불편함",
        "SentimentWord": "2",
        "SentimentPolarity": "-1"
      },
      {
        "Aspect": "조작성",
        "SentimentText": "손목이  아플 정도로 버튼 누르기가 힘들고   ",
        "SentimentWord": "6",
        "SentimentPolarity": "-1"
      }
    ]
  },
  {
    "Index": "7404",
    "RawText": "묵직합니다 너무무거워서  불편하고 작동시 버튼 누르느라 힘듬 ",
    "Source": "SNS",
    "Domain": "가전",
    "MainCategory": "주방가전",
    "ProductName": "(TV_50세일_직)도깨비 방망이 V9000",
    "ReviewScore": "100",
    "Syllable": "34",
    "Word": "7",
    "RDate": "20200630",
    "GeneralPolarity": "-1",
    "Aspects": [
      {
        "Aspect": "무게",
        "SentimentText": "너무무거워서  불편하고",
        "SentimentWord": "2",
        "SentimentPolarity": "-1"
      },
      {
        "Aspect": "기능",
        "SentimentText": "작동시 버튼 누르느라 힘듬",
        "SentimentWord": "4",
        "SentimentPolarity": "-1"
      }
    ]
  },
  {
    "Index": "7405",
    "RawText": "배송이 늦는 편이었어요 총 5일만에 받았네요  기능이 그냥 저냥이에요 잘 안갈려요 좋은 가격에 살 수 있어 괜찮았지만 급하셨던 분들은 많이 기다렸을 것 같아요",
    "Source": "SNS",
    "Domain": "가전",
    "MainCategory": "주방가전",
    "ProductName": "(TV_50세일_직)도깨비 방망이 V9000",
    "ReviewScore": "70",
    "Syllable": "88",
    "Word": "23",
    "RDate": "20200325",
    "Aspects": [
      {
        "Aspect": "기능",
        "SentimentText": "기능이 그냥 저냥이에요 잘 안갈려요",
        "SentimentWord": "5",
        "SentimentPolarity": "-1"
      },
      {
        "Aspect": "가격",
        "SentimentText": " 좋은 가격에 살 수 있어 괜찮았지만 급하셨던 분들은 많이 기다렸을 것 같아요",
        "SentimentWord": "12",
        "SentimentPolarity": "0"
      }
    ]
  },
  {
    "Index": "7406",
    "RawText": "배송이 빨라서  조아요 스위치 누르면서 하는거는 좀 아닌 거 같습니다 다지기 성능도 좋은 편이에요",
    "Source": "SNS",
    "Domain": "가전",
    "MainCategory": "주방가전",
    "ProductName": "(TV_50세일_직)도깨비 방망이 V9000",
    "ReviewScore": "100",
    "Syllable": "54",
    "Word": "14",
    "RDate": "20210128",
    "Aspects": [
      {
        "Aspect": "조작성",
        "SentimentText": "스위치 누르면서 하는거는 좀 아닌 거 같습니다",
        "SentimentWord": "7",
        "SentimentPolarity": "-1"
      },
      {
        "Aspect": "기능",
        "SentimentText": "다지기 성능도 좋은 편이에요",
        "SentimentWord": "4",
        "SentimentPolarity": "1"
      }
    ]
  },
  {
    "Index": "7407",
    "RawText": "생각보다 조금 무겁고 버튼 누를 때 힘이 많이 들어가긴하지만 자주쓰는거 아니고 세척이 편해서 괜찮은거 같아요",
    "Source": "SNS",
    "Domain": "가전",
    "MainCategory": "주방가전",
    "ProductName": "(TV_50세일_직)도깨비 방망이 V9000",
    "ReviewScore": "100",
    "Syllable": "60",
    "Word": "15",
    "RDate": "20200507",
    "GeneralPolarity": "0",
    "Aspects": [
      {
        "Aspect": "무게",
        "SentimentText": "생각보다 조금 무겁고 버튼 누를 때 힘이 많이 들어가긴하지만",
        "SentimentWord": "9",
        "SentimentPolarity": "0"
      },
      {
        "Aspect": "편의성",
        "SentimentText": "세척이 편해서 괜찮은거 같아요",
        "SentimentWord": "4",
        "SentimentPolarity": "1"
      },
      {
        "Aspect": "조작성",
        "SentimentText": "버튼 누를 때 힘이 많이 들어가긴하지만",
        "SentimentWord": "6",
        "SentimentPolarity": "-1"
      }
    ]
  },
  {
    "Index": "7408",
    "RawText": "고장이라도 난건지 생각보더 잘 안갈리고 성능이 딸리는지 잘 갈리지가 않음~",
    "Source": "SNS",
    "Domain": "가전",
    "MainCategory": "주방가전",
    "ProductName": "(TV_50세일_직)도깨비 방망이 V9000",
    "ReviewScore": "50",
    "Syllable": "41",
    "Word": "10",
    "RDate": "20210428",
    "GeneralPolarity": "-1",
    "Aspects": [
      {
        "Aspect": "품질",
        "SentimentText": "고장이라도 난건지 생각보더 잘 안갈리고 ",
        "SentimentWord": "5",
        "SentimentPolarity": "-1"
      },
      {
        "Aspect": "기능",
        "SentimentText": "성능이 딸리는지 잘 갈리지가 않음~",
        "SentimentWord": "5",
        "SentimentPolarity": "-1"
      }
    ]
  },
  {
    "Index": "7409",
    "RawText": "쓰기 편안하고 좋아요 뭐든 갈수있어 넘 신기하고  잘쓰고있음",
    "Source": "SNS",
    "Domain": "가전",
    "MainCategory": "주방가전",
    "ProductName": "(TV_50세일_직)도깨비 방망이 V9000",
    "ReviewScore": "70",
    "Syllable": "33",
    "Word": "8",
    "RDate": "20210320",
    "GeneralPolarity": "1",
    "Aspects": [
      {
        "Aspect": "편의성",
        "SentimentText": "쓰기 편안하고 좋아요",
        "SentimentWord": "3",
        "SentimentPolarity": "1"
      },
      {
        "Aspect": "기능",
        "SentimentText": "뭐든 갈수있어 넘 신기하고  잘쓰고있음",
        "SentimentWord": "5",
        "SentimentPolarity": "1"
      }
    ]
  },
  {
    "Index": "7410",
    "RawText": "아주 만족합니다. 과일이나, 채소 종류  잘 갈려요. 가성비 좋아요.",
    "Source": "SNS",
    "Domain": "가전",
    "MainCategory": "주방가전",
    "ProductName": "(TV_50세일_직)도깨비 방망이 V9000",
    "ReviewScore": "100",
    "Syllable": "38",
    "Word": "9",
    "RDate": "20210311",
    "GeneralPolarity": "1",
    "Aspects": [
      {
        "Aspect": "기능",
        "SentimentText": "과일이나, 채소 종류  잘 갈려요.",
        "SentimentWord": "5",
        "SentimentPolarity": "1"
      },
      {
        "Aspect": "가격",
        "SentimentText": "가성비 좋아요.",
        "SentimentWord": "2",
        "SentimentPolarity": "1"
      }
    ]
  },
  {
    "Index": "7411",
    "RawText": "약간의무게감이 없지안지만 좋은가격에구입하게되어 좋습니다.",
    "Source": "SNS",
    "Domain": "가전",
    "MainCategory": "주방가전",
    "ProductName": "(TV_50세일_직)도깨비 방망이 V9000",
    "ReviewScore": "100",
    "Syllable": "31",
    "Word": "4",
    "RDate": "20200527",
    "GeneralPolarity": "1",
    "Aspects": [
      {
        "Aspect": "무게",
        "SentimentText": "약간의무게감이 없지안지만",
        "SentimentWord": "2",
        "SentimentPolarity": "0"
      },
      {
        "Aspect": "가격",
        "SentimentText": "좋은가격에구입하게되어 좋습니다.",
        "SentimentWord": "2",
        "SentimentPolarity": "1"
      }
    ]
  },
  {
    "Index": "7412",
    "RawText": "예전모델이 고장나 다시구입했는데 너무 이뻐요 불랙 아주 좋아요~^^",
    "Source": "SNS",
    "Domain": "가전",
    "MainCategory": "주방가전",
    "ProductName": "(TV_50세일_직)도깨비 방망이 V9000",
    "ReviewScore": "100",
    "Syllable": "37",
    "Word": "8",
    "RDate": "20200522",
    "GeneralPolarity": "1",
    "Aspects": [
      {
        "Aspect": "디자인",
        "SentimentText": "예전모델이 고장나 다시구입했는데 너무 이뻐요",
        "SentimentWord": "5",
        "SentimentPolarity": "1"
      },
      {
        "Aspect": "색상",
        "SentimentText": "불랙 아주 좋아요~^^",
        "SentimentWord": "3",
        "SentimentPolarity": "1"
      }
    ]
  },
  {
    "Index": "7413",
    "RawText": "작동 버튼이 고무라서  꾹  눌러야 해서 불펀하네요 믹서는 잘 되네요.  잘 쓰겠습니다",
    "Source": "SNS",
    "Domain": "가전",
    "MainCategory": "주방가전",
    "ProductName": "(TV_50세일_직)도깨비 방망이 V9000",
    "ReviewScore": "80",
    "Syllable": "48",
    "Word": "12",
    "RDate": "20210210",
    "GeneralPolarity": "0",
    "Aspects": [
      {
        "Aspect": "편의성",
        "SentimentText": "작동 버튼이 고무라서  꾹  눌러야 해서 불펀하네요",
        "SentimentWord": "7",
        "SentimentPolarity": "-1"
      },
      {
        "Aspect": "기능",
        "SentimentText": "믹서는 잘 되네요.  ",
        "SentimentWord": "3",
        "SentimentPolarity": "1"
      }
    ]
  },
  {
    "Index": "7414",
    "RawText": "잘쓰고 있습니다. 요리 레시피 설명서가 없어서 아쉽습니다.",
    "Source": "SNS",
    "Domain": "가전",
    "MainCategory": "주방가전",
    "ProductName": "(TV_50세일_직)도깨비 방망이 V9000",
    "ReviewScore": "100",
    "Syllable": "32",
    "Word": "7",
    "RDate": "20201010",
    "GeneralPolarity": "0",
    "Aspects": [
      {
        "Aspect": "편의성",
        "SentimentText": "잘쓰고 있습니다. ",
        "SentimentWord": "2",
        "SentimentPolarity": "1"
      },
      {
        "Aspect": "제품구성",
        "SentimentText": "요리 레시피 설명서가 없어서 아쉽습니다.",
        "SentimentWord": "5",
        "SentimentPolarity": "-1"
      }
    ]
  },
  {
    "Index": "7415",
    "RawText": "잘안되네요.처음 써보는것도 아닌데 딱 가격...",
    "Source": "SNS",
    "Domain": "가전",
    "MainCategory": "주방가전",
    "ProductName": "(TV_50세일_직)도깨비 방망이 V9000",
    "ReviewScore": "10",
    "Syllable": "26",
    "Word": "5",
    "RDate": "20200919",
    "Aspects": [
      {
        "Aspect": "기능",
        "SentimentText": "잘안되네요.처음 써보는것도 아닌데 딱 가격...",
        "SentimentWord": "5",
        "SentimentPolarity": "-1"
      },
      {
        "Aspect": "가격",
        "SentimentText": "처음 써보는것도 아닌데 딱 가격...",
        "SentimentWord": "5",
        "SentimentPolarity": "-1"
      }
    ]
  },
  {
    "Index": "7416",
    "RawText": "가성비 좋아요 자주만 가격내려가거나 사은품이많아지는게 서운한뿐 쉽고 편하게 사용할 수 있습니다",
    "Source": "SNS",
    "Domain": "가전",
    "MainCategory": "주방가전",
    "ProductName": "(TV_50세일_직)도깨비 방망이 V9000",
    "ReviewScore": "100",
    "Syllable": "52",
    "Word": "11",
    "RDate": "20200614",
    "Aspects": [
      {
        "Aspect": "가격",
        "SentimentText": "가성비 좋아요 ",
        "SentimentWord": "2",
        "SentimentPolarity": "1"
      },
      {
        "Aspect": "편의성",
        "SentimentText": "쉽고 편하게 사용할 수 있습니다",
        "SentimentWord": "5",
        "SentimentPolarity": "1"
      }
    ]
  },
  {
    "Index": "7417",
    "RawText": "좋은 가격에  구매 했네요 작동을 할려구 해보니 시작버튼을  끝날때까지 누르고  작동을 하니 불편함이 있어요",
    "Source": "SNS",
    "Domain": "가전",
    "MainCategory": "주방가전",
    "ProductName": "(TV_50세일_직)도깨비 방망이 V9000",
    "ReviewScore": "100",
    "Syllable": "60",
    "Word": "14",
    "RDate": "20200624",
    "GeneralPolarity": "0",
    "Aspects": [
      {
        "Aspect": "가격",
        "SentimentText": "좋은 가격에  구매 했네요",
        "SentimentWord": "4",
        "SentimentPolarity": "1"
      },
      {
        "Aspect": "조작성",
        "SentimentText": "시작버튼을  끝날때까지 누르고  작동을 하니 불편함이 있어요",
        "SentimentWord": "7",
        "SentimentPolarity": "-1"
      }
    ]
  },
  {
    "Index": "7418",
    "RawText": "좋은 가격에 구매했어요. 블랙 시크하기도 하고. 간단하게 되어있는 구성이넹ᆢㄷ",
    "Source": "SNS",
    "Domain": "가전",
    "MainCategory": "주방가전",
    "ProductName": "(TV_50세일_직)도깨비 방망이 V9000",
    "ReviewScore": "80",
    "Syllable": "43",
    "Word": "9",
    "RDate": "20210131",
    "GeneralPolarity": "1",
    "Aspects": [
      {
        "Aspect": "가격",
        "SentimentText": "좋은 가격에 구매했어요.",
        "SentimentWord": "3",
        "SentimentPolarity": "1"
      },
      {
        "Aspect": "색상",
        "SentimentText": "블랙 시크하기도 하고. ",
        "SentimentWord": "3",
        "SentimentPolarity": "1"
      },
      {
        "Aspect": "제품구성",
        "SentimentText": "간단하게 되어있는 구성이넹ᆢㄷ",
        "SentimentWord": "3",
        "SentimentPolarity": "1"
      }
    ]
  },
  {
    "Index": "7419",
    "RawText": "칼날이 하나.. 좀 무겁고... 그래도 싼가격이라..ㅎ",
    "Source": "SNS",
    "Domain": "가전",
    "MainCategory": "주방가전",
    "ProductName": "(TV_50세일_직)도깨비 방망이 V9000",
    "ReviewScore": "80",
    "Syllable": "30",
    "Word": "6",
    "RDate": "20200525",
    "GeneralPolarity": "0",
    "Aspects": [
      {
        "Aspect": "무게",
        "SentimentText": "칼날이 하나.. 좀 무겁고... ",
        "SentimentWord": "4",
        "SentimentPolarity": "0"
      },
      {
        "Aspect": "가격",
        "SentimentText": "그래도 싼가격이라..ㅎ",
        "SentimentWord": "2",
        "SentimentPolarity": "1"
      }
    ]
  },
  {
    "Index": "7420",
    "RawText": "튼튼하고 잘갈려요 ㅎ 근데 무거워요  하나좋으니 한그래도 싼가격이라..ㅎ가지가 ㅎㅎ",
    "Source": "SNS",
    "Domain": "가전",
    "MainCategory": "주방가전",
    "ProductName": "(TV_50세일_직)도깨비 방망이 V9000",
    "ReviewScore": "80",
    "Syllable": "46",
    "Word": "9",
    "RDate": "20200911",
    "GeneralPolarity": "0",
    "Aspects": [
      {
        "Aspect": "기능",
        "SentimentText": "튼튼하고 잘갈려요 ㅎ ",
        "SentimentWord": "3",
        "SentimentPolarity": "1"
      },
      {
        "Aspect": "무게",
        "SentimentText": "근데 무거워요 ",
        "SentimentWord": "2",
        "SentimentPolarity": "-1"
      }
    ]
  },
  {
    "Index": "7422",
    "RawText": "디자인이 예쁘네요. 세일이라 가격도 착하고 사용해봐야알겠지만  맘에 들어요^^",
    "Source": "SNS",
    "Domain": "가전",
    "MainCategory": "주방가전",
    "ProductName": "(TV_50세일_직택배)도깨비 방망이 V9000",
    "ReviewScore": "100",
    "Syllable": "43",
    "Word": "8",
    "RDate": "20190906",
    "GeneralPolarity": "1",
    "Aspects": [
      {
        "Aspect": "디자인",
        "SentimentText": "디자인이 예쁘네요.",
        "SentimentWord": "2",
        "SentimentPolarity": "1"
      },
      {
        "Aspect": "가격",
        "SentimentText": "세일이라 가격도 착하고 사용해봐야알겠지만  맘에 들어요^^",
        "SentimentWord": "6",
        "SentimentPolarity": "1"
      }
    ]
  },
  {
    "Index": "7423",
    "RawText": "사과도  안갈리니..나참. 과대광고아닙니까? 블루베리.  미숫가루. 바나나 갈리고요.. 비트 당근은 아예 안갈려요. 정말 반품하고픕니다.  단호박도 제대로 안갈림. 무겁기만..절대 비추",
    "Source": "SNS",
    "Domain": "가전",
    "MainCategory": "주방가전",
    "ProductName": "(TV_50세일_직택배)도깨비 방망이 V9000",
    "ReviewScore": "10",
    "Syllable": "103",
    "Word": "18",
    "RDate": "20191212",
    "GeneralPolarity": "-1",
    "Aspects": [
      {
        "Aspect": "기능",
        "SentimentText": "사과도  안갈리니..나참. 과대광고아닙니까?",
        "SentimentWord": "3",
        "SentimentPolarity": "-1"
      },
      {
        "Aspect": "무게",
        "SentimentText": "무겁기만..절대 비추",
        "SentimentWord": "2",
        "SentimentPolarity": "-1"
      }
    ]
  },
  {
    "Index": "7424",
    "RawText": "사용은 괜찮은데  무겁네요  자주사용하긴 힘들어요",
    "Source": "SNS",
    "Domain": "가전",
    "MainCategory": "주방가전",
    "ProductName": "(TV_50세일_직택배)도깨비 방망이 V9000",
    "ReviewScore": "60",
    "Syllable": "27",
    "Word": "5",
    "RDate": "20200222",
    "GeneralPolarity": "0",
    "Aspects": [
      {
        "Aspect": "무게",
        "SentimentText": "사용은 괜찮은데  무겁네요 ",
        "SentimentWord": "3",
        "SentimentPolarity": "0"
      },
      {
        "Aspect": "편의성",
        "SentimentText": "자주사용하긴 힘들어요",
        "SentimentWord": "2",
        "SentimentPolarity": "0"
      }
    ]
  },
  {
    "Index": "7425",
    "RawText": "성능은 나쁘지않은데 계속해서 잘 안돌아가요 누르면 몇초있다 멈추고  정상적인걸까요 무거워서 좀 힘들긴해요 믹서보단 설거지가 편하지만 여자가사용하기엔 무겁고 누르고있어도 연속해서 되질않아 그냥 강추는 아닙니다",
    "Source": "SNS",
    "Domain": "가전",
    "MainCategory": "주방가전",
    "ProductName": "(TV_50세일_직택배)도깨비 방망이 V9000",
    "ReviewScore": "60",
    "Syllable": "115",
    "Word": "23",
    "RDate": "20191129",
    "GeneralPolarity": "0",
    "Aspects": [
      {
        "Aspect": "기능",
        "SentimentText": "성능은 나쁘지않은데 계속해서 잘 안돌아가요 ",
        "SentimentWord": "5",
        "SentimentPolarity": "0"
      },
      {
        "Aspect": "무게",
        "SentimentText": "무거워서 좀 힘들긴해요",
        "SentimentWord": "3",
        "SentimentPolarity": "-1"
      }
    ]
  },
  {
    "Index": "7426",
    "RawText": "스위치를 꾹! 힘있게 눌러야 작동이 되는게  너무 불편했는데 사용한지 세번 만에 작동이 안되네요. 제발  해결해주세요!!!!! 전화드렸는데 아직도 응답이없네요. 많이 속상합니다.",
    "Source": "SNS",
    "Domain": "가전",
    "MainCategory": "주방가전",
    "ProductName": "(TV_50세일_직택배)도깨비 방망이 V9000",
    "ReviewScore": "20",
    "Syllable": "99",
    "Word": "20",
    "RDate": "20200212",
    "Aspects": [
      {
        "Aspect": "품질",
        "SentimentText": " 사용한지 세번 만에 작동이 안되네요.",
        "SentimentWord": "5",
        "SentimentPolarity": "-1"
      },
      {
        "Aspect": "편의성",
        "SentimentText": "스위치를 꾹! 힘있게 눌러야 작동이 되는게  너무 불편했는데",
        "SentimentWord": "8",
        "SentimentPolarity": "-1"
      }
    ]
  },
  {
    "Index": "7427",
    "RawText": "잘 갈리긴 하나 작동 하는 동안 스위치를 계속 누르고 있어야 하는 불편함이 있습니다.",
    "Source": "SNS",
    "Domain": "가전",
    "MainCategory": "주방가전",
    "ProductName": "(TV_50세일_직택배)도깨비 방망이 V9000",
    "ReviewScore": "70",
    "Syllable": "47",
    "Word": "13",
    "RDate": "20200118",
    "GeneralPolarity": "-1",
    "Aspects": [
      {
        "Aspect": "기능",
        "SentimentText": "잘 갈리긴 하나",
        "SentimentWord": "3",
        "SentimentPolarity": "0"
      },
      {
        "Aspect": "편의성",
        "SentimentText": "스위치를 계속 누르고 있어야 하는 불편함이 있습니다.",
        "SentimentWord": "7",
        "SentimentPolarity": "-1"
      }
    ]
  },
  {
    "Index": "7428",
    "RawText": "제품은 싸게 구매했는데 ...가동버튼 스위치 눌리기가  좀 불편하네. 잘 사용하고 있습니다",
    "Source": "SNS",
    "Domain": "가전",
    "MainCategory": "주방가전",
    "ProductName": "(TV_50세일_직택배)도깨비 방망이 V9000",
    "ReviewScore": "100",
    "Syllable": "50",
    "Word": "11",
    "RDate": "20191101",
    "GeneralPolarity": "0",
    "Aspects": [
      {
        "Aspect": "가격",
        "SentimentText": "제품은 싸게 구매했는데 ...가동버튼 스위치 눌리기가  좀 불편하네.",
        "SentimentWord": "8",
        "SentimentPolarity": "-1"
      },
      {
        "Aspect": "편의성",
        "SentimentText": "잘 사용하고 있습니다",
        "SentimentWord": "3",
        "SentimentPolarity": "1"
      }
    ]
  }
]