[
  {
    "Index": "29177",
    "RawText": "글라스 재질이라 고급스럽고 오염물도 잘 닦여서 좋아요! 그리고 생각한거보다 사이즈가 커서 장 리모델링하는데 애좀 먹었네요.",
    "Source": "쇼핑몰",
    "Domain": "가전",
    "MainCategory": "주방가전",
    "ProductName": "비스포크 삼성전자 DW60A8375LW 빌트인",
    "ReviewScore": "5",
    "Syllable": "68",
    "Word": "15",
    "RDate": "20220617",
    "Aspects": [
      {
        "Aspect": "소재",
        "SentimentText": "글라스 재질이라 고급스럽고 오염물도 잘 닦여서 좋아요! ",
        "SentimentWord": "7",
        "SentimentPolarity": "1"
      },
      {
        "Aspect": "사이즈",
        "SentimentText": "그리고 생각한거보다 사이즈가 커서 장 리모델링하는데 애좀 먹었네요.",
        "SentimentWord": "8",
        "SentimentPolarity": "-1"
      }
    ]
  },
  {
    "Index": "29178",
    "RawText": "글램 화이트 색상이라 고급스럽고 주방이 환해졌어요~^^앱 연결 후 올바른 세척코스를 알려주는 것도 있어서 사용하기가 너무 편해요.",
    "Source": "쇼핑몰",
    "Domain": "가전",
    "MainCategory": "주방가전",
    "ProductName": "비스포크 삼성전자 DW60A8375LW 빌트인",
    "ReviewScore": "5",
    "Syllable": "72",
    "Word": "16",
    "RDate": "20220509",
    "Aspects": [
      {
        "Aspect": "색상",
        "SentimentText": "글램 화이트 색상이라 고급스럽고 주방이 환해졌어요~^^",
        "SentimentWord": "6",
        "SentimentPolarity": "1"
      },
      {
        "Aspect": "조작성",
        "SentimentText": "앱 연결 후 올바른 세척코스를 알려주는 것도 있어서 사용하기가 너무 편해요.",
        "SentimentWord": "11",
        "SentimentPolarity": "1"
      }
    ]
  },
  {
    "Index": "29179",
    "RawText": "식기세척기가 있어서 너무 편하고 삶의 질이 달라졌네요~~~^^ 디자인도 심플해서 너무 마음에 들어요 깔끔합니다",
    "Source": "쇼핑몰",
    "Domain": "가전",
    "MainCategory": "주방가전",
    "ProductName": "비스포크 삼성전자 DW60A8375LW 빌트인",
    "ReviewScore": "4",
    "Syllable": "61",
    "Word": "13",
    "RDate": "20220405",
    "Aspects": [
      {
        "Aspect": "편의성",
        "SentimentText": "식기세척기가 있어서 너무 편하고 삶의 질이 달라졌네요~~~^^",
        "SentimentWord": "7",
        "SentimentPolarity": "1"
      },
      {
        "Aspect": "디자인",
        "SentimentText": " 디자인도 심플해서 너무 마음에 들어요 깔끔합니다",
        "SentimentWord": "6",
        "SentimentPolarity": "1"
      }
    ]
  },
  {
    "Index": "29180",
    "RawText": "그릇 수납이 엄청나네요~용량이 커서 맘에 듭니다! 사은품으로 주신다던 세제하고 린스가 누락돼어요 바로 사용하려고 했는데 불편하네요",
    "Source": "쇼핑몰",
    "Domain": "가전",
    "MainCategory": "주방가전",
    "ProductName": "비스포크 삼성전자 DW60A8375LW 빌트인",
    "ReviewScore": "5",
    "Syllable": "72",
    "Word": "15",
    "RDate": "20220323",
    "Aspects": [
      {
        "Aspect": "용량",
        "SentimentText": "그릇 수납이 엄청나네요~용량이 커서 맘에 듭니다! ",
        "SentimentWord": "6",
        "SentimentPolarity": "1"
      },
      {
        "Aspect": "제품구성",
        "SentimentText": "사은품으로 주신다던 세제하고 린스가 누락돼어요 바로 사용하려고 했는데 불편하네요",
        "SentimentWord": "9",
        "SentimentPolarity": "-1"
      }
    ]
  },
  {
    "Index": "29181",
    "RawText": "부모님 두분 사용하시기에  사이즈 고민하다가 작은 용량으로 구매했는데  엄마가 만족하십니다!  두분이 쓰시기에 적당하고 편하다고 하십니다ㅎㅎ",
    "Source": "쇼핑몰",
    "Domain": "가전",
    "MainCategory": "주방가전",
    "ProductName": "비스포크 삼성전자 키친핏 DW50A4075U1 빌트인",
    "ReviewScore": "5",
    "Syllable": "78",
    "Word": "15",
    "RDate": "20220603",
    "GeneralPolarity": "1",
    "Aspects": [
      {
        "Aspect": "용량",
        "SentimentText": "작은 용량으로 구매했는데  엄마가 만족하십니다! ",
        "SentimentWord": "5",
        "SentimentPolarity": "1"
      },
      {
        "Aspect": "편의성",
        "SentimentText": "두분이 쓰시기에 적당하고 편하다고 하십니다ㅎㅎ",
        "SentimentWord": "5",
        "SentimentPolarity": "1"
      }
    ]
  },
  {
    "Index": "29182",
    "RawText": "가족수가 적으시면 8인용 사이즈가 적당합니다. 강추합니다. 세척기능 탁월해서 만족하구요. 깔끔하게 설치까지 완벽하게 완료했습니다.",
    "Source": "쇼핑몰",
    "Domain": "가전",
    "MainCategory": "주방가전",
    "ProductName": "비스포크 삼성전자 키친핏 DW50A4075U1 빌트인",
    "ReviewScore": "5",
    "Syllable": "72",
    "Word": "13",
    "RDate": "20220611",
    "GeneralPolarity": "1",
    "Aspects": [
      {
        "Aspect": "사이즈",
        "SentimentText": "가족수가 적으시면 8인용 사이즈가 적당합니다",
        "SentimentWord": "5",
        "SentimentPolarity": "1"
      },
      {
        "Aspect": "기능",
        "SentimentText": " 세척기능 탁월해서 만족하구요.",
        "SentimentWord": "3",
        "SentimentPolarity": "1"
      }
    ]
  },
  {
    "Index": "29183",
    "RawText": "식기 세척기로는 최고네요 너무 마음에 들고 강력추천합니다! 사이즈가 작아서  걱정 했는데 생각보다 안이 넗어요. 너무 잘 사용하고 있습니다 강추합니다!",
    "Source": "쇼핑몰",
    "Domain": "가전",
    "MainCategory": "주방가전",
    "ProductName": "비스포크 삼성전자 키친핏 DW50A4075U1 빌트인",
    "ReviewScore": "5",
    "Syllable": "84",
    "Word": "19",
    "RDate": "20220526",
    "GeneralPolarity": "1",
    "Aspects": [
      {
        "Aspect": "품질",
        "SentimentText": "식기 세척기로는 최고네요 너무 마음에 들고 강력추천합니다! ",
        "SentimentWord": "7",
        "SentimentPolarity": "1"
      },
      {
        "Aspect": "용량",
        "SentimentText": "사이즈가 작아서  걱정 했는데 생각보다 안이 넗어요",
        "SentimentWord": "7",
        "SentimentPolarity": "1"
      }
    ]
  },
  {
    "Index": "29184",
    "RawText": "메탈 재질이라 깔끔해서 마음에 들어요. 8인용인데 자동 문열림 기능이 탑재되어 있어 너무 편해요.",
    "Source": "쇼핑몰",
    "Domain": "가전",
    "MainCategory": "주방가전",
    "ProductName": "비스포크 삼성전자 키친핏 DW50A4075U1 빌트인",
    "ReviewScore": "5",
    "Syllable": "54",
    "Word": "13",
    "RDate": "20220713",
    "Aspects": [
      {
        "Aspect": "소재",
        "SentimentText": "메탈 재질이라 깔끔해서 마음에 들어요.",
        "SentimentWord": "5",
        "SentimentPolarity": "1"
      },
      {
        "Aspect": "기능",
        "SentimentText": " 8인용인데 자동 문열림 기능이 탑재되어 있어 너무 편해요.",
        "SentimentWord": "8",
        "SentimentPolarity": "1"
      }
    ]
  },
  {
    "Index": "29185",
    "RawText": "세척후 강력건조해도 그릇의 물기는 남아 있어서 아쉽네요... 기다림 끝에 제품은 받았지만 세척기능이랑 살균기능은 만족스럽네요.",
    "Source": "쇼핑몰",
    "Domain": "가전",
    "MainCategory": "주방가전",
    "ProductName": "비스포크 삼성전자 키친핏 DW50A4075U1 빌트인",
    "ReviewScore": "5",
    "Syllable": "70",
    "Word": "14",
    "RDate": "20220604",
    "Aspects": [
      {
        "Aspect": "기능",
        "SentimentText": "세척후 강력건조해도 그릇의 물기는 남아 있어서 아쉽네요... ",
        "SentimentWord": "7",
        "SentimentPolarity": "-1"
      },
      {
        "Aspect": "기능",
        "SentimentText": "기다림 끝에 제품은 받았지만 세척기능이랑 살균기능은 만족스럽네요.",
        "SentimentWord": "7",
        "SentimentPolarity": "1"
      }
    ]
  },
  {
    "Index": "29186",
    "RawText": "세척기 작동시 소음이 거의 없는 편이라 좋아요. 설거지 세척기능도 훌륭합니다. 가격대비 저렴히 사서 너무 만족스러워요.",
    "Source": "쇼핑몰",
    "Domain": "가전",
    "MainCategory": "주방가전",
    "ProductName": "비스포크 삼성전자 키친핏 DW50A4075U1 빌트인",
    "ReviewScore": "4",
    "Syllable": "66",
    "Word": "15",
    "RDate": "20220830",
    "GeneralPolarity": "1",
    "Aspects": [
      {
        "Aspect": "소음",
        "SentimentText": "세척기 작동시 소음이 거의 없는 편이라 좋아요",
        "SentimentWord": "7",
        "SentimentPolarity": "1"
      },
      {
        "Aspect": "기능",
        "SentimentText": "설거지 세척기능도 훌륭합니다.",
        "SentimentWord": "3",
        "SentimentPolarity": "1"
      },
      {
        "Aspect": "가격",
        "SentimentText": "가격대비 저렴히 사서 너무 만족스러워요.",
        "SentimentWord": "5",
        "SentimentPolarity": "1"
      }
    ]
  },
  {
    "Index": "29187",
    "RawText": "8인용인데 3인 가족이 사용하기 적당한 용량이라 좋네요!! 설치 후 사용해보니 살균기능에 건조까지 그릇들이 정말 깨끗해져서 기분 좋아요.",
    "Source": "쇼핑몰",
    "Domain": "가전",
    "MainCategory": "주방가전",
    "ProductName": "비스포크 삼성전자 키친핏 DW50A4075U1 빌트인",
    "ReviewScore": "5",
    "Syllable": "76",
    "Word": "17",
    "RDate": "20220516",
    "Aspects": [
      {
        "Aspect": "용량",
        "SentimentText": "8인용인데 3인 가족이 사용하기 적당한 용량이라 좋네요!! ",
        "SentimentWord": "7",
        "SentimentPolarity": "1"
      },
      {
        "Aspect": "기능",
        "SentimentText": "설치 후 사용해보니 살균기능에 건조까지 그릇들이 정말 깨끗해져서 기분 좋아요.",
        "SentimentWord": "10",
        "SentimentPolarity": "1"
      }
    ]
  },
  {
    "Index": "29188",
    "RawText": "색상이 화이트톤이라 화사해서 주방가구와 잘 맞아요! 디자인도 고급스럽고 볼때마다 행복하네요.",
    "Source": "쇼핑몰",
    "Domain": "가전",
    "MainCategory": "주방가전",
    "ProductName": "비스포크 삼성전자 키친핏 DW50A4075U1 빌트인",
    "ReviewScore": "5",
    "Syllable": "51",
    "Word": "10",
    "RDate": "20211029",
    "Aspects": [
      {
        "Aspect": "색상",
        "SentimentText": "색상이 화이트톤이라 화사해서 주방가구와 잘 맞아요! ",
        "SentimentWord": "6",
        "SentimentPolarity": "1"
      },
      {
        "Aspect": "디자인",
        "SentimentText": "디자인도 고급스럽고 볼때마다 행복하네요.",
        "SentimentWord": "4",
        "SentimentPolarity": "1"
      }
    ]
  },
  {
    "Index": "29189",
    "RawText": "식기세척기 성능이 최고예요.너무 깨끗하게 잘 닦여서 만족스러워요~~설거지 작동시에 모터소리인지 소음이 좀 생겨서 거슬려요.",
    "Source": "쇼핑몰",
    "Domain": "가전",
    "MainCategory": "주방가전",
    "ProductName": "비스포크 삼성전자 키친핏 DW50A4075U1 빌트인",
    "ReviewScore": "5",
    "Syllable": "68",
    "Word": "13",
    "RDate": "20220103",
    "Aspects": [
      {
        "Aspect": "기능",
        "SentimentText": "식기세척기 성능이 최고예요.너무 깨끗하게 잘 닦여서 만족스러워요~~",
        "SentimentWord": "7",
        "SentimentPolarity": "1"
      },
      {
        "Aspect": "소음",
        "SentimentText": "설거지 작동시에 모터소리인지 소음이 좀 생겨서 거슬려요.",
        "SentimentWord": "7",
        "SentimentPolarity": "-1"
      }
    ]
  },
  {
    "Index": "29190",
    "RawText": "저렴한 가격에 알맞은 제품 구입해서 너무 좋아요. 만족스럽네요. 빌트인이라 소음이 확실히 조용해서 좋네요!!",
    "Source": "쇼핑몰",
    "Domain": "가전",
    "MainCategory": "주방가전",
    "ProductName": "비스포크 삼성전자 키친핏 DW50A4075U1 빌트인",
    "ReviewScore": "5",
    "Syllable": "60",
    "Word": "13",
    "RDate": "20220503",
    "Aspects": [
      {
        "Aspect": "가격",
        "SentimentText": "저렴한 가격에 알맞은 제품 구입해서 너무 좋아요. 만족스럽네요.",
        "SentimentWord": "8",
        "SentimentPolarity": "1"
      },
      {
        "Aspect": "소음",
        "SentimentText": "빌트인이라 소음이 확실히 조용해서 좋네요!!",
        "SentimentWord": "5",
        "SentimentPolarity": "1"
      }
    ]
  },
  {
    "Index": "29192",
    "RawText": "세척도 훌륭하지만 살균까지 되서 너무 편해요. 근데 생각보다 총 시간이 오래걸려서 기본이 1시간40분 코스라 아쉽네요. 거기다 물과 열까지 사용하고 에너지소비효율이 대상 외라 전기세가 많이 나올 거같아 무섭네요.",
    "Source": "쇼핑몰",
    "Domain": "가전",
    "MainCategory": "주방가전",
    "ProductName": "삼성전자 DW50R4055FS",
    "ReviewScore": "5",
    "Syllable": "118",
    "Word": "27",
    "RDate": "20200530",
    "GeneralPolarity": "-1",
    "Aspects": [
      {
        "Aspect": "기능",
        "SentimentText": "세척도 훌륭하지만 살균까지 되서 너무 편해요. ",
        "SentimentWord": "6",
        "SentimentPolarity": "1"
      },
      {
        "Aspect": "시간/속도",
        "SentimentText": "근데 생각보다 총 시간이 오래걸려서 기본이 1시간40분 코스라 아쉽네요.",
        "SentimentWord": "9",
        "SentimentPolarity": "-1"
      },
      {
        "Aspect": "소비전력",
        "SentimentText": "거기다 물과 열까지 사용하고 에너지소비효율이 대상 외라 전기세가 많이 나올 거같아 무섭네요.",
        "SentimentWord": "12",
        "SentimentPolarity": "-1"
      }
    ]
  },
  {
    "Index": "29193",
    "RawText": "12인용으로 구매하려다가 공간이 부족해서 8인용으로 주문했는데 사이즈가 슬림해서 쏙 들어가 좋네요. 용량도 생각한거보다 넉넉해서 용기가 많이 들어가 좋아요.",
    "Source": "쇼핑몰",
    "Domain": "가전",
    "MainCategory": "주방가전",
    "ProductName": "삼성전자 DW50R4055FS",
    "ReviewScore": "5",
    "Syllable": "87",
    "Word": "18",
    "RDate": "20200720",
    "GeneralPolarity": "1",
    "Aspects": [
      {
        "Aspect": "사이즈",
        "SentimentText": "12인용으로 구매하려다가 공간이 부족해서 8인용으로 주문했는데 사이즈가 슬림해서 쏙 들어가 좋네요.",
        "SentimentWord": "11",
        "SentimentPolarity": "1"
      },
      {
        "Aspect": "용량",
        "SentimentText": "용량도 생각한거보다 넉넉해서 용기가 많이 들어가 좋아요.",
        "SentimentWord": "7",
        "SentimentPolarity": "1"
      }
    ]
  },
  {
    "Index": "29194",
    "RawText": "세척기 소음이  조용해서 늦은 저녁에 돌려도 부담없고 좋습니다!! 내부 안에 선반이랑 수저통 등 내부구성이 잘 되어있어 좋네요.",
    "Source": "쇼핑몰",
    "Domain": "가전",
    "MainCategory": "주방가전",
    "ProductName": "삼성전자 DW50R4055FS",
    "ReviewScore": "5",
    "Syllable": "71",
    "Word": "17",
    "RDate": "20210124",
    "Aspects": [
      {
        "Aspect": "소음",
        "SentimentText": "세척기 소음이  조용해서 늦은 저녁에 돌려도 부담없고 좋습니다!! ",
        "SentimentWord": "8",
        "SentimentPolarity": "1"
      },
      {
        "Aspect": "제품구성",
        "SentimentText": "내부 안에 선반이랑 수저통 등 내부구성이 잘 되어있어 좋네요.",
        "SentimentWord": "9",
        "SentimentPolarity": "1"
      }
    ]
  },
  {
    "Index": "29198",
    "RawText": "25평 아파트에 설치하기 딱 좋은 사이즈입니다 슬림하니 만족스러워요. 설겆이에서 해방되니까 너무 편하고 좋습니다~ 적극추천!!",
    "Source": "쇼핑몰",
    "Domain": "가전",
    "MainCategory": "주방가전",
    "ProductName": "삼성전자 DW50R4055FS",
    "ReviewScore": "5",
    "Syllable": "70",
    "Word": "14",
    "RDate": "20200702",
    "Aspects": [
      {
        "Aspect": "사이즈",
        "SentimentText": "25평 아파트에 설치하기 딱 좋은 사이즈입니다 슬림하니 만족스러워요. ",
        "SentimentWord": "8",
        "SentimentPolarity": "1"
      },
      {
        "Aspect": "편의성",
        "SentimentText": "설겆이에서 해방되니까 너무 편하고 좋습니다~ 적극추천!!",
        "SentimentWord": "6",
        "SentimentPolarity": "1"
      }
    ]
  },
  {
    "Index": "29200",
    "RawText": "4인용으로 쓰기에는 용량이 좀 작아서 한번에 돌리진 못해서 아쉬워요. 자동문열림 기능으로 제품 사용후 얼룩지는 일도 없어서 너무 좋아요.강력추천!",
    "Source": "쇼핑몰",
    "Domain": "가전",
    "MainCategory": "주방가전",
    "ProductName": "삼성전자 DW50R4055FS",
    "ReviewScore": "4",
    "Syllable": "81",
    "Word": "18",
    "RDate": "20200921",
    "Aspects": [
      {
        "Aspect": "용량",
        "SentimentText": "4인용으로 쓰기에는 용량이 좀 작아서 한번에 돌리진 못해서 아쉬워요. ",
        "SentimentWord": "9",
        "SentimentPolarity": "-1"
      },
      {
        "Aspect": "기능",
        "SentimentText": " 자동문열림 기능으로 제품 사용후 얼룩지는 일도 없어서 너무 좋아요.강력추천!",
        "SentimentWord": "9",
        "SentimentPolarity": "1"
      }
    ]
  },
  {
    "Index": "29201",
    "RawText": "슬림한 디자인이 세련되 보이고 너무 예뻐요!! 저소음 설계라 하셨는데 작동할때 생각보다 우웅하는 소음이 커서 아쉬워요.",
    "Source": "쇼핑몰",
    "Domain": "가전",
    "MainCategory": "주방가전",
    "ProductName": "삼성전자 DW50R4055FS",
    "ReviewScore": "5",
    "Syllable": "66",
    "Word": "15",
    "RDate": "20200309",
    "Aspects": [
      {
        "Aspect": "디자인",
        "SentimentText": "슬림한 디자인이 세련되 보이고 너무 예뻐요!!",
        "SentimentWord": "6",
        "SentimentPolarity": "1"
      },
      {
        "Aspect": "소음",
        "SentimentText": "저소음 설계라 하셨는데 작동할때 생각보다 우웅하는 소음이 커서 아쉬워요.",
        "SentimentWord": "9",
        "SentimentPolarity": "-1"
      }
    ]
  },
  {
    "Index": "29202",
    "RawText": "식기세척기를 12인용,6인용 다 써보고 난뒤에 중간사이즈가 있었음 좋겠다 했는데 8인용이 나와서 바로 구매했네요. 용량 너무 만족스러워요! 세척기능은 말할것도 없고 건조 된뒤 자동열림기능까지 완벽합니다.",
    "Source": "쇼핑몰",
    "Domain": "가전",
    "MainCategory": "주방가전",
    "ProductName": "삼성전자 DW50R4055FS",
    "ReviewScore": "5",
    "Syllable": "113",
    "Word": "23",
    "RDate": "20200514",
    "GeneralPolarity": "1",
    "Aspects": [
      {
        "Aspect": "용량",
        "SentimentText": "중간사이즈가 있었음 좋겠다 했는데 8인용이 나와서 바로 구매했네요. 용량 너무 만족스러워요!",
        "SentimentWord": "11",
        "SentimentPolarity": "1"
      },
      {
        "Aspect": "기능",
        "SentimentText": "세척기능은 말할것도 없고 건조 된뒤 자동열림기능까지 완벽합니다.",
        "SentimentWord": "7",
        "SentimentPolarity": "1"
      }
    ]
  },
  {
    "Index": "29203",
    "RawText": "8인용이라 그래서 용량이 좀 넉넉할 줄알고 구매했는데 1인가구여도 12인용으로 사라고 권장하고 싶네요. 용량 너무 작아요. 그리고 식기세척기는 타사 브랜드가 훨씬 좋은것 같습니다. 별로네요.",
    "Source": "쇼핑몰",
    "Domain": "가전",
    "MainCategory": "주방가전",
    "ProductName": "삼성전자 DW50R4055FS",
    "ReviewScore": "3",
    "Syllable": "106",
    "Word": "23",
    "RDate": "20200529",
    "GeneralPolarity": "-1",
    "Aspects": [
      {
        "Aspect": "용량",
        "SentimentText": "8인용이라 그래서 용량이 좀 넉넉할 줄알고 구매했는데 1인가구여도 12인용으로 사라고 권장하고 싶네요. 용량 너무 작아요.",
        "SentimentWord": "15",
        "SentimentPolarity": "-1"
      },
      {
        "Aspect": "제조일/제조사",
        "SentimentText": "그리고 식기세척기는 타사 브랜드가 훨씬 좋은것 같습니다. 별로네요.",
        "SentimentWord": "8",
        "SentimentPolarity": "-1"
      }
    ]
  },
  {
    "Index": "29204",
    "RawText": "일단 가격대비 완벽한 제품이네요. 저렴하게 잘샀어요 좋아요. 세척도 너무 깔끔하게 되서 좋아요. 용량은 4인가족이 쓰기에 딱 좋은 크기입니다. 배송이 생각했던것 보다 더 느려서 별 하나 뺐어요. 배송지연시엔 빠른 피드백부탁드려요.",
    "Source": "쇼핑몰",
    "Domain": "가전",
    "MainCategory": "주방가전",
    "ProductName": "삼성전자 DW50R4055FS",
    "ReviewScore": "4",
    "Syllable": "128",
    "Word": "29",
    "RDate": "20200420",
    "Aspects": [
      {
        "Aspect": "가격",
        "SentimentText": "일단 가격대비 완벽한 제품이네요. 저렴하게 잘샀어요 좋아요.",
        "SentimentWord": "7",
        "SentimentPolarity": "1"
      },
      {
        "Aspect": "기능",
        "SentimentText": "세척도 너무 깔끔하게 되서 좋아요.",
        "SentimentWord": "5",
        "SentimentPolarity": "1"
      },
      {
        "Aspect": "용량",
        "SentimentText": "용량은 4인가족이 쓰기에 딱 좋은 크기입니다.",
        "SentimentWord": "6",
        "SentimentPolarity": "1"
      }
    ]
  },
  {
    "Index": "29205",
    "RawText": "가격대비 너무 좋은 제품을 만나서 행복합니다! 백만원 넘어가는 12인용 최신형 브랜드 안부러워요! 최고! 용량도 충분해서 3인가족인데도 8인용 식기세척기로도 충분하네요 만족스러워요.",
    "Source": "쇼핑몰",
    "Domain": "가전",
    "MainCategory": "주방가전",
    "ProductName": "삼성전자 DW50R4055FS",
    "ReviewScore": "5",
    "Syllable": "101",
    "Word": "20",
    "RDate": "20200314",
    "GeneralPolarity": "1",
    "Aspects": [
      {
        "Aspect": "가격",
        "SentimentText": "가격대비 너무 좋은 제품을 만나서 행복합니다!",
        "SentimentWord": "6",
        "SentimentPolarity": "1"
      },
      {
        "Aspect": "제조일/제조사",
        "SentimentText": "백만원 넘어가는 12인용 최신형 브랜드 안부러워요! 최고!",
        "SentimentWord": "7",
        "SentimentPolarity": "1"
      },
      {
        "Aspect": "용량",
        "SentimentText": "용량도 충분해서 3인가족인데도 8인용 식기세척기로도 충분하네요 만족스러워요.",
        "SentimentWord": "7",
        "SentimentPolarity": "1"
      }
    ]
  },
  {
    "Index": "29206",
    "RawText": "세척기 불림과 고온세척 기능이 아주 좋습니다~~설치후에 설거지 걱정없이 여가시간을 보내니 너무 행복해요.",
    "Source": "쇼핑몰",
    "Domain": "가전",
    "MainCategory": "주방가전",
    "ProductName": "삼성전자 DW50R4055FS",
    "ReviewScore": "5",
    "Syllable": "58",
    "Word": "12",
    "RDate": "20200414",
    "Aspects": [
      {
        "Aspect": "기능",
        "SentimentText": "세척기 불림과 고온세척 기능이 아주 좋습니다~~",
        "SentimentWord": "6",
        "SentimentPolarity": "1"
      },
      {
        "Aspect": "편의성",
        "SentimentText": " 설치후에 설거지 걱정없이 여가시간을 보내니 너무 행복해요.",
        "SentimentWord": "7",
        "SentimentPolarity": "1"
      }
    ]
  },
  {
    "Index": "29207",
    "RawText": "저렴하게 잘 구매해서 사용하고 있는데 가성비 대박인 제품이예요! 좋아요! 기존 코스에서 넌 급속에 헹굼추가 해서 사용하니 더 뽀송뽀송하게 세척되더라구요 너무 좋아요!",
    "Source": "쇼핑몰",
    "Domain": "가전",
    "MainCategory": "주방가전",
    "ProductName": "삼성전자 DW50R4055FS",
    "ReviewScore": "4",
    "Syllable": "92",
    "Word": "21",
    "RDate": "20200423",
    "GeneralPolarity": "1",
    "Aspects": [
      {
        "Aspect": "가격",
        "SentimentText": "저렴하게 잘 구매해서 사용하고 있는데 가성비 대박인 제품이예요! 좋아요! ",
        "SentimentWord": "9",
        "SentimentPolarity": "1"
      },
      {
        "Aspect": "기능",
        "SentimentText": "기존 코스에서 넌 급속에 헹굼추가 해서 사용하니 더 뽀송뽀송하게 세척되더라구요 너무 좋아요!",
        "SentimentWord": "12",
        "SentimentPolarity": "1"
      }
    ]
  },
  {
    "Index": "29208",
    "RawText": "건조기능이 약해서 좀 아쉬운데 세척기능이 훌륭해서 커버됩니다 좋아요. 그리고 무엇보다 주방에서 설거지 하는 시간이 많이 줄어들어 너무 행복합니다.",
    "Source": "쇼핑몰",
    "Domain": "가전",
    "MainCategory": "주방가전",
    "ProductName": "삼성전자 DW50R4055FS",
    "ReviewScore": "4",
    "Syllable": "81",
    "Word": "18",
    "RDate": "20200412",
    "GeneralPolarity": "1",
    "Aspects": [
      {
        "Aspect": "기능",
        "SentimentText": "건조기능이 약해서 좀 아쉬운데 세척기능이 훌륭해서 커버됩니다 좋아요.",
        "SentimentWord": "8",
        "SentimentPolarity": "1"
      },
      {
        "Aspect": "편의성",
        "SentimentText": " 그리고 무엇보다 주방에서 설거지 하는 시간이 많이 줄어들어 너무 행복합니다.",
        "SentimentWord": "10",
        "SentimentPolarity": "1"
      }
    ]
  },
  {
    "Index": "29209",
    "RawText": "최저가 검색후 구매해서 가격도 만족스러워요! 굳이 에벌로 설거지 하지 않고 바로 넣어서 세척시켜도 깔끔하게 닦여 너무 편리하네요.",
    "Source": "쇼핑몰",
    "Domain": "가전",
    "MainCategory": "주방가전",
    "ProductName": "삼성전자 DW50R4055FS",
    "ReviewScore": "5",
    "Syllable": "72",
    "Word": "17",
    "RDate": "20200529",
    "Aspects": [
      {
        "Aspect": "가격",
        "SentimentText": "최저가 검색후 구매해서 가격도 만족스러워요! ",
        "SentimentWord": "5",
        "SentimentPolarity": "1"
      },
      {
        "Aspect": "편의성",
        "SentimentText": "굳이 에벌로 설거지 하지 않고 바로 넣어서 세척시켜도 깔끔하게 닦여 너무 편리하네요.",
        "SentimentWord": "12",
        "SentimentPolarity": "1"
      }
    ]
  },
  {
    "Index": "29211",
    "RawText": "세척이 엄청 잘되서 그릇이 윤이 나고 너무 좋아요!!성능최고예요~ 설치 후 상품 사용하는데 왜 다들 이브랜드 추천했는지 알것 같네요. 너무 만족스러워요.",
    "Source": "쇼핑몰",
    "Domain": "가전",
    "MainCategory": "주방가전",
    "ProductName": "삼성전자 DW50R4055FS",
    "ReviewScore": "4",
    "Syllable": "85",
    "Word": "20",
    "RDate": "20200612",
    "Aspects": [
      {
        "Aspect": "기능",
        "SentimentText": "세척이 엄청 잘되서 그릇이 윤이 나고 너무 좋아요!!성능최고예요~",
        "SentimentWord": "8",
        "SentimentPolarity": "1"
      },
      {
        "Aspect": "제조일/제조사",
        "SentimentText": "설치 후 상품 사용하는데 왜 다들 이브랜드 추천했는지 알것 같네요. 너무 만족스러워요.",
        "SentimentWord": "12",
        "SentimentPolarity": "1"
      }
    ]
  },
  {
    "Index": "29212",
    "RawText": "디자인이 생각보다 슬림하고 깔끔해서 좋아요. 용량도 생각보다 커서 그릇이 많이 들어가 좋아요. 세척도 훌륭하네요 뽀송뽀송하게 잘 닦여 나와요. 무조건 마무리는 건조를 해야하는 번거로움이 있어요 안그럼 안에 물이 자연건조가 되지 않네요.",
    "Source": "쇼핑몰",
    "Domain": "가전",
    "MainCategory": "주방가전",
    "ProductName": "삼성전자 DW50R4055FS",
    "ReviewScore": "4",
    "Syllable": "131",
    "Word": "30",
    "RDate": "20200526",
    "GeneralPolarity": "1",
    "Aspects": [
      {
        "Aspect": "디자인",
        "SentimentText": "디자인이 생각보다 슬림하고 깔끔해서 좋아요. ",
        "SentimentWord": "5",
        "SentimentPolarity": "1"
      },
      {
        "Aspect": "용량",
        "SentimentText": "용량도 생각보다 커서 그릇이 많이 들어가 좋아요.",
        "SentimentWord": "7",
        "SentimentPolarity": "1"
      },
      {
        "Aspect": "기능",
        "SentimentText": "세척도 훌륭하네요 뽀송뽀송하게 잘 닦여 나와요.",
        "SentimentWord": "6",
        "SentimentPolarity": "1"
      },
      {
        "Aspect": "기능",
        "SentimentText": "무조건 마무리는 건조를 해야하는 번거로움이 있어요 안그럼 안에 물이 자연건조가 되지 않네요.",
        "SentimentWord": "12",
        "SentimentPolarity": "-1"
      }
    ]
  },
  {
    "Index": "29213",
    "RawText": "설겆이 걱정없이 여가시간도 보내고 너무 편합니다~^^ 정말 소음도 거의없고 너무 조용해서 사용하기 좋아요.",
    "Source": "쇼핑몰",
    "Domain": "가전",
    "MainCategory": "주방가전",
    "ProductName": "삼성전자 DW50R4055FS",
    "ReviewScore": "5",
    "Syllable": "59",
    "Word": "13",
    "RDate": "20200916",
    "Aspects": [
      {
        "Aspect": "편의성",
        "SentimentText": "설겆이 걱정없이 여가시간도 보내고 너무 편합니다~^^",
        "SentimentWord": "6",
        "SentimentPolarity": "1"
      },
      {
        "Aspect": "소음",
        "SentimentText": "정말 소음도 거의없고 너무 조용해서 사용하기 좋아요.",
        "SentimentWord": "7",
        "SentimentPolarity": "1"
      }
    ]
  },
  {
    "Index": "29216",
    "RawText": "별도의 추가비용 없이 저렴하게 제품 구입해서 너무 좋아요! 디자인도 깔끔하니 너무 예쁘구요. 배송도 빠르게 해주셔서 너무 좋았습니다. 제품 품질은 말할것도 없이 훌륭하네요! 왜 다들 이브랜드 추천했는지 알것 같아요 강추해요!",
    "Source": "쇼핑몰",
    "Domain": "가전",
    "MainCategory": "주방가전",
    "ProductName": "삼성전자 DW50R4055FS",
    "ReviewScore": "5",
    "Syllable": "125",
    "Word": "29",
    "RDate": "20200710",
    "Aspects": [
      {
        "Aspect": "가격",
        "SentimentText": "별도의 추가비용 없이 저렴하게 제품 구입해서 너무 좋아요!",
        "SentimentWord": "8",
        "SentimentPolarity": "1"
      },
      {
        "Aspect": "디자인",
        "SentimentText": "디자인도 깔끔하니 너무 예쁘구요. ",
        "SentimentWord": "4",
        "SentimentPolarity": "1"
      },
      {
        "Aspect": "제조일/제조사",
        "SentimentText": "제품 품질은 말할것도 없이 훌륭하네요! 왜 다들 이브랜드 추천했는지 알것 같아요 강추해요!",
        "SentimentWord": "12",
        "SentimentPolarity": "1"
      }
    ]
  },
  {
    "Index": "29217",
    "RawText": "저렴한 가격에 제품을 사서 너무 좋아요. 그리고 성능은 더할나위없이 좋네요. 그릇들이 뽀득뽀득 너무 깨끗해져서 좋아요.",
    "Source": "쇼핑몰",
    "Domain": "가전",
    "MainCategory": "주방가전",
    "ProductName": "삼성전자 DW50R4055FS",
    "ReviewScore": "5",
    "Syllable": "66",
    "Word": "15",
    "RDate": "20200602",
    "GeneralPolarity": "1",
    "Aspects": [
      {
        "Aspect": "가격",
        "SentimentText": "저렴한 가격에 제품을 사서 너무 좋아요.",
        "SentimentWord": "6",
        "SentimentPolarity": "1"
      },
      {
        "Aspect": "기능",
        "SentimentText": "그리고 성능은 더할나위없이 좋네요. 그릇들이 뽀득뽀득 너무 깨끗해져서 좋아요.",
        "SentimentWord": "9",
        "SentimentPolarity": "1"
      }
    ]
  },
  {
    "Index": "29218",
    "RawText": "디자인이 슬림하니 세련되서 마음에 들어요!! 근데 컬러는 제가 생각한거보다 조금 어둡고 칙칙해서 좀 아쉬워요.",
    "Source": "쇼핑몰",
    "Domain": "가전",
    "MainCategory": "주방가전",
    "ProductName": "삼성전자 DW50R4055FS",
    "ReviewScore": "5",
    "Syllable": "61",
    "Word": "14",
    "RDate": "20200527",
    "Aspects": [
      {
        "Aspect": "디자인",
        "SentimentText": "디자인이 슬림하니 세련되서 마음에 들어요!!",
        "SentimentWord": "5",
        "SentimentPolarity": "1"
      },
      {
        "Aspect": "색상",
        "SentimentText": "컬러는 제가 생각한거보다 조금 어둡고 칙칙해서 좀 아쉬워요.",
        "SentimentWord": "8",
        "SentimentPolarity": "-1"
      }
    ]
  },
  {
    "Index": "29219",
    "RawText": "빠른 배송에 빠른설치까지 거기다 친절한 설명도 해주시고 너무 좋았어요! 설치후 사용중인데 건조모드도 훌륭합니다. 소음은 거의 들리지 않을정도로 조용하구요 대만족이네요.",
    "Source": "쇼핑몰",
    "Domain": "가전",
    "MainCategory": "주방가전",
    "ProductName": "삼성전자 DW50R4055FS",
    "ReviewScore": "5",
    "Syllable": "93",
    "Word": "19",
    "RDate": "20200305",
    "Aspects": [
      {
        "Aspect": "기능",
        "SentimentText": "설치후 사용중인데 건조모드도 훌륭합니다. ",
        "SentimentWord": "4",
        "SentimentPolarity": "1"
      },
      {
        "Aspect": "소음",
        "SentimentText": " 소음은 거의 들리지 않을정도로 조용하구요 대만족이네요.",
        "SentimentWord": "6",
        "SentimentPolarity": "1"
      }
    ]
  },
  {
    "Index": "29220",
    "RawText": "소음이 거의 없어 정말 조용해서 사용하기 좋아요~상황에 따라 코스를 선택해서 세척할 수 있어 매우 편리해요 정말 좋네요.",
    "Source": "쇼핑몰",
    "Domain": "가전",
    "MainCategory": "주방가전",
    "ProductName": "삼성전자 DW50R4055FS",
    "ReviewScore": "5",
    "Syllable": "67",
    "Word": "17",
    "RDate": "20200708",
    "Aspects": [
      {
        "Aspect": "소음",
        "SentimentText": "소음이 거의 없어 정말 조용해서 사용하기 좋아요~",
        "SentimentWord": "7",
        "SentimentPolarity": "1"
      },
      {
        "Aspect": "조작성",
        "SentimentText": "상황에 따라 코스를 선택해서 세척할 수 있어 매우 편리해요 정말 좋네요.",
        "SentimentWord": "11",
        "SentimentPolarity": "1"
      }
    ]
  },
  {
    "Index": "29221",
    "RawText": "저소음 설계라서 확실히 소음이 적고 조용하게 세척되서 만족스럽네요! 그리고 원터치로 바스킷 높이조절도 할수 있어서 너무 좋아요.",
    "Source": "쇼핑몰",
    "Domain": "가전",
    "MainCategory": "주방가전",
    "ProductName": "삼성전자 DW50R4055FS",
    "ReviewScore": "5",
    "Syllable": "71",
    "Word": "16",
    "RDate": "20200718",
    "Aspects": [
      {
        "Aspect": "소음",
        "SentimentText": "저소음 설계라서 확실히 소음이 적고 조용하게 세척되서 만족스럽네요! ",
        "SentimentWord": "8",
        "SentimentPolarity": "1"
      },
      {
        "Aspect": "기능",
        "SentimentText": "그리고 원터치로 바스킷 높이조절도 할수 있어서 너무 좋아요.",
        "SentimentWord": "8",
        "SentimentPolarity": "1"
      }
    ]
  },
  {
    "Index": "29222",
    "RawText": "세척기 작동시 소음은 거의 없어서 사용하기 너무 좋네요! 디자인은 생각한거보다 엄청 깔끔하고 심플해서 더 마음에 드네요. 고급스러워요.",
    "Source": "쇼핑몰",
    "Domain": "가전",
    "MainCategory": "주방가전",
    "ProductName": "삼성전자 DW50R4055FS",
    "ReviewScore": "5",
    "Syllable": "75",
    "Word": "17",
    "RDate": "20200609",
    "Aspects": [
      {
        "Aspect": "소음",
        "SentimentText": "세척기 작동시 소음은 거의 없어서 사용하기 너무 좋네요!",
        "SentimentWord": "8",
        "SentimentPolarity": "1"
      },
      {
        "Aspect": "디자인",
        "SentimentText": "디자인은 생각한거보다 엄청 깔끔하고 심플해서 더 마음에 드네요. 고급스러워요.",
        "SentimentWord": "9",
        "SentimentPolarity": "1"
      }
    ]
  },
  {
    "Index": "29223",
    "RawText": "초벌 설겆이를 안하고 세척시켜도 깨끗하게 닦여서 너무 편해요~ 색상도 고급스럽고 마음에 드네요.",
    "Source": "쇼핑몰",
    "Domain": "가전",
    "MainCategory": "주방가전",
    "ProductName": "삼성전자 DW50R4055FS",
    "ReviewScore": "5",
    "Syllable": "53",
    "Word": "12",
    "RDate": "20200310",
    "Aspects": [
      {
        "Aspect": "기능",
        "SentimentText": "초벌 설겆이를 안하고 세척시켜도 깨끗하게 닦여서 너무 편해요~ ",
        "SentimentWord": "8",
        "SentimentPolarity": "1"
      },
      {
        "Aspect": "색상",
        "SentimentText": "색상도 고급스럽고 마음에 드네요.",
        "SentimentWord": "4",
        "SentimentPolarity": "1"
      }
    ]
  },
  {
    "Index": "29224",
    "RawText": "디자인 깔끔하니 주방이 환해졌어요. 소음도 거의없이 조용한 편이라 너무 좋네요. 설치 후 사용해보는데 콜타르 냄새가 나서 문의해보니 괜찮다고 하시는데 어디 발열이 나는건 아닌가 불안해요ㅠ",
    "Source": "쇼핑몰",
    "Domain": "가전",
    "MainCategory": "주방가전",
    "ProductName": "삼성전자 DW50R4055FS",
    "ReviewScore": "4",
    "Syllable": "104",
    "Word": "24",
    "RDate": "20200404",
    "GeneralPolarity": "0",
    "Aspects": [
      {
        "Aspect": "디자인",
        "SentimentText": "디자인 깔끔하니 주방이 환해졌어요. ",
        "SentimentWord": "4",
        "SentimentPolarity": "1"
      },
      {
        "Aspect": "소음",
        "SentimentText": "소음도 거의없이 조용한 편이라 너무 좋네요.",
        "SentimentWord": "6",
        "SentimentPolarity": "1"
      },
      {
        "Aspect": "내구성",
        "SentimentText": "설치 후 사용해보는데 콜타르 냄새가 나서 문의해보니 괜찮다고 하시는데 어디 발열이 나는건 아닌가 불안해요ㅠ",
        "SentimentWord": "14",
        "SentimentPolarity": "-1"
      }
    ]
  },
  {
    "Index": "29225",
    "RawText": "설거지 코스 해놓고 있으면 용기들이 깨끗하게 잘 씻겨서 세척기능 대박이네요. 설치 후 세척해놓고 기다리기만 하면되니 시간,정식적 여유가 생겨서 너무 좋아요! 강추합니다.",
    "Source": "쇼핑몰",
    "Domain": "가전",
    "MainCategory": "주방가전",
    "ProductName": "삼성전자 DW50R4055FS",
    "ReviewScore": "5",
    "Syllable": "94",
    "Word": "21",
    "RDate": "20200501",
    "GeneralPolarity": "1",
    "Aspects": [
      {
        "Aspect": "기능",
        "SentimentText": "설거지 코스 해놓고 있으면 용기들이 깨끗하게 잘 씻겨서 세척기능 대박이네요.",
        "SentimentWord": "10",
        "SentimentPolarity": "1"
      },
      {
        "Aspect": "편의성",
        "SentimentText": "설치 후 세척해놓고 기다리기만 하면되니 시간,정식적 여유가 생겨서 너무 좋아요! 강추합니다.",
        "SentimentWord": "11",
        "SentimentPolarity": "1"
      }
    ]
  },
  {
    "Index": "29226",
    "RawText": "식기세척기가 이렇게 고급스러워도 되나 싶을정도로 디자인 너무 예뻐요. 후기에 종종 냄새가 난다고 해서 걱정했는데 정말로 아스콘 냄새가 나서 깜짝놀랬네요.",
    "Source": "쇼핑몰",
    "Domain": "가전",
    "MainCategory": "주방가전",
    "ProductName": "삼성전자 DW50R4055FS",
    "ReviewScore": "5",
    "Syllable": "85",
    "Word": "19",
    "RDate": "20200618",
    "GeneralPolarity": "0",
    "Aspects": [
      {
        "Aspect": "디자인",
        "SentimentText": "식기세척기가 이렇게 고급스러워도 되나 싶을정도로 디자인 너무 예뻐요.",
        "SentimentWord": "8",
        "SentimentPolarity": "1"
      },
      {
        "Aspect": "품질",
        "SentimentText": "후기에 종종 냄새가 난다고 해서 걱정했는데 정말로 아스콘 냄새가 나서 깜짝놀랬네요.",
        "SentimentWord": "11",
        "SentimentPolarity": "-1"
      }
    ]
  },
  {
    "Index": "29228",
    "RawText": "타 브랜드 사용하다가 이 브랜드로 사용했는데 한마디로 짱이네요 진작 바꿀껄 그랬어요. 소음도 거의 없는 편이라 너무 좋구요. 성능은 말할것도없이 설거지 걱정이 싹 사라졌네요.",
    "Source": "쇼핑몰",
    "Domain": "가전",
    "MainCategory": "주방가전",
    "ProductName": "삼성전자 DW50R4055FS",
    "ReviewScore": "5",
    "Syllable": "97",
    "Word": "23",
    "RDate": "20220703",
    "Aspects": [
      {
        "Aspect": "제조일/제조사",
        "SentimentText": "타 브랜드 사용하다가 이 브랜드로 사용했는데 한마디로 짱이네요 진작 바꿀껄 그랬어요",
        "SentimentWord": "11",
        "SentimentPolarity": "1"
      },
      {
        "Aspect": "소음",
        "SentimentText": "소음도 거의 없는 편이라 너무 좋구요.",
        "SentimentWord": "6",
        "SentimentPolarity": "1"
      },
      {
        "Aspect": "기능",
        "SentimentText": "성능은 말할것도없이 설거지 걱정이 싹 사라졌네요.",
        "SentimentWord": "6",
        "SentimentPolarity": "1"
      }
    ]
  },
  {
    "Index": "29230",
    "RawText": "세척 잘되고 건조,자동문열림 기능까지 되어서 만족해요!! 그리고 용량이 생각보다 커서 그릇도 많이 들어가고 한번에 해결되서 너무 좋아요!",
    "Source": "쇼핑몰",
    "Domain": "가전",
    "MainCategory": "주방가전",
    "ProductName": "삼성전자 DW50R4055FS",
    "ReviewScore": "5",
    "Syllable": "76",
    "Word": "17",
    "RDate": "20200924",
    "Aspects": [
      {
        "Aspect": "기능",
        "SentimentText": "세척 잘되고 건조,자동문열림 기능까지 되어서 만족해요!! ",
        "SentimentWord": "6",
        "SentimentPolarity": "1"
      },
      {
        "Aspect": "용량",
        "SentimentText": "그리고 용량이 생각보다 커서 그릇도 많이 들어가고 한번에 해결되서 너무 좋아요!",
        "SentimentWord": "11",
        "SentimentPolarity": "1"
      }
    ]
  },
  {
    "Index": "29231",
    "RawText": "생각한거보다 장공사 추가비용이 많이 나오긴 했지만 미리 고지된 내용이라 불쾌하진 않았어요. 그리고 세척기 성능이 정말 뛰어나서 설거지 하는게 즐겁네요.",
    "Source": "쇼핑몰",
    "Domain": "가전",
    "MainCategory": "주방가전",
    "ProductName": "삼성전자 DW50R4055FS",
    "ReviewScore": "5",
    "Syllable": "84",
    "Word": "19",
    "RDate": "20210921",
    "GeneralPolarity": "1",
    "Aspects": [
      {
        "Aspect": "가격",
        "SentimentText": "생각한거보다 장공사 추가비용이 많이 나오긴 했지만 미리 고지된 내용이라 불쾌하진 않았어요.",
        "SentimentWord": "11",
        "SentimentPolarity": "1"
      },
      {
        "Aspect": "기능",
        "SentimentText": "그리고 세척기 성능이 정말 뛰어나서 설거지 하는게 즐겁네요.",
        "SentimentWord": "8",
        "SentimentPolarity": "1"
      }
    ]
  },
  {
    "Index": "29232",
    "RawText": "식기세척기가 생각한거보다 사이즈가 슬림하고 아담해서 좋아요. 이제 설거지로 스트레스 받는일은 없어서 너무 편리해요. 설치해주시는 기사님도 너무 신속하게 해주셔서 좋았구요. 설치할때 드는 추가비용도 저렴하게 해서 너무 만족스럽습니다.",
    "Source": "쇼핑몰",
    "Domain": "가전",
    "MainCategory": "주방가전",
    "ProductName": "삼성전자 DW50R4055FS",
    "ReviewScore": "5",
    "Syllable": "129",
    "Word": "26",
    "RDate": "20200711",
    "Aspects": [
      {
        "Aspect": "사이즈",
        "SentimentText": "식기세척기가 생각한거보다 사이즈가 슬림하고 아담해서 좋아요. ",
        "SentimentWord": "6",
        "SentimentPolarity": "1"
      },
      {
        "Aspect": "편의성",
        "SentimentText": "이제 설거지로 스트레스 받는일은 없어서 너무 편리해요. ",
        "SentimentWord": "7",
        "SentimentPolarity": "1"
      },
      {
        "Aspect": "가격",
        "SentimentText": "설치할때 드는 추가비용도 저렴하게 해서 너무 만족스럽습니다.",
        "SentimentWord": "7",
        "SentimentPolarity": "1"
      }
    ]
  },
  {
    "Index": "29233",
    "RawText": "3인가구 설거지양도 충분히 해결 할정도로 용량이 커서 좋아요. 가격도 최저가로 구매해서 만족스럽네요~",
    "Source": "쇼핑몰",
    "Domain": "가전",
    "MainCategory": "주방가전",
    "ProductName": "삼성전자 DW50R4055FS",
    "ReviewScore": "4",
    "Syllable": "56",
    "Word": "12",
    "RDate": "20200403",
    "Aspects": [
      {
        "Aspect": "용량",
        "SentimentText": "3인가구 설거지양도 충분히 해결 할정도로 용량이 커서 좋아요.",
        "SentimentWord": "8",
        "SentimentPolarity": "1"
      },
      {
        "Aspect": "가격",
        "SentimentText": "가격도 최저가로 구매해서 만족스럽네요~",
        "SentimentWord": "4",
        "SentimentPolarity": "1"
      }
    ]
  },
  {
    "Index": "29234",
    "RawText": "할인 할때 운좋게 저렴한 가격으로 사게 되서 너무 좋아요! 득템해서 너무 좋아요. 설치후 사용해보니 세척력이 아주 짱짱하네요 식기들이 뽀득해져서 너무 좋아요.",
    "Source": "쇼핑몰",
    "Domain": "가전",
    "MainCategory": "주방가전",
    "ProductName": "삼성전자 DW50R4055FS",
    "ReviewScore": "5",
    "Syllable": "88",
    "Word": "21",
    "RDate": "20200319",
    "GeneralPolarity": "1",
    "Aspects": [
      {
        "Aspect": "가격",
        "SentimentText": "할인 할때 운좋게 저렴한 가격으로 사게 되서 너무 좋아요! 득템해서 너무 좋아요",
        "SentimentWord": "12",
        "SentimentPolarity": "1"
      },
      {
        "Aspect": "기능",
        "SentimentText": "설치후 사용해보니 세척력이 아주 짱짱하네요 식기들이 뽀득해져서 너무 좋아요.",
        "SentimentWord": "9",
        "SentimentPolarity": "1"
      }
    ]
  },
  {
    "Index": "29235",
    "RawText": "그릇이 많이 들어가고 생각보다 용량이 커서 너무 좋아요! 디자인은 깔끔하니 다른 주방가전이랑도 이질감 없어서 너무 좋아요.",
    "Source": "쇼핑몰",
    "Domain": "가전",
    "MainCategory": "주방가전",
    "ProductName": "삼성전자 DW50R4055FS",
    "ReviewScore": "5",
    "Syllable": "68",
    "Word": "16",
    "RDate": "20200420",
    "Aspects": [
      {
        "Aspect": "용량",
        "SentimentText": "그릇이 많이 들어가고 생각보다 용량이 커서 너무 좋아요!",
        "SentimentWord": "8",
        "SentimentPolarity": "1"
      },
      {
        "Aspect": "디자인",
        "SentimentText": "디자인은 깔끔하니 다른 주방가전이랑도 이질감 없어서 너무 좋아요.",
        "SentimentWord": "8",
        "SentimentPolarity": "1"
      }
    ]
  },
  {
    "Index": "29239",
    "RawText": "세척기 설치후 설겆이 걱정없이 쉴수 있어서 편하고 너무 좋아요. 근데 생각보다 세척 코스가 오염정도에 따라 110분에서 180분까지 작동되는게 너무 비효율 적인것 같아요.",
    "Source": "쇼핑몰",
    "Domain": "가전",
    "MainCategory": "주방가전",
    "ProductName": "삼성전자 DW50R4055FS",
    "ReviewScore": "4",
    "Syllable": "95",
    "Word": "22",
    "RDate": "20201016",
    "Aspects": [
      {
        "Aspect": "편의성",
        "SentimentText": "세척기 설치후 설겆이 걱정없이 쉴수 있어서 편하고 너무 좋아요. ",
        "SentimentWord": "9",
        "SentimentPolarity": "1"
      },
      {
        "Aspect": "시간/속도",
        "SentimentText": "근데 생각보다 세척 코스가 오염정도에 따라 110분에서 180분까지 작동되는게 너무 비효율 적인것 같아요.",
        "SentimentWord": "13",
        "SentimentPolarity": "-1"
      }
    ]
  },
  {
    "Index": "29240",
    "RawText": "설치할때 추가비용이 발생한다 했는데, 다행히 기존 싱크대 크기에 쏙 들어가서 추가비용없이 설치했네요. 너무 좋아요. 설치후 사용해보니 소음 정말 거의 없어요. 너무 조용해서 한번씩 돌아가나 확인할 정도예요 좋아요",
    "Source": "쇼핑몰",
    "Domain": "가전",
    "MainCategory": "주방가전",
    "ProductName": "삼성전자 DW50R4055FS",
    "ReviewScore": "5",
    "Syllable": "118",
    "Word": "27",
    "RDate": "20200827",
    "GeneralPolarity": "1",
    "Aspects": [
      {
        "Aspect": "가격",
        "SentimentText": "설치할때 추가비용이 발생한다 했는데, 다행히 기존 싱크대 크기에 쏙 들어가서 추가비용없이 설치했네요. 너무 좋아요.",
        "SentimentWord": "14",
        "SentimentPolarity": "1"
      },
      {
        "Aspect": "소음",
        "SentimentText": "설치후 사용해보니 소음 정말 거의 없어요. 너무 조용해서 한번씩 돌아가나 확인할 정도예요 좋아요",
        "SentimentWord": "13",
        "SentimentPolarity": "1"
      }
    ]
  },
  {
    "Index": "29241",
    "RawText": "완벽한 세척과 건조기능이 아주 좋습니다~제품은 역시 이 브랜드가 최고네요 믿을만 해요!",
    "Source": "쇼핑몰",
    "Domain": "가전",
    "MainCategory": "주방가전",
    "ProductName": "삼성전자 DW50R4055FS",
    "ReviewScore": "5",
    "Syllable": "48",
    "Word": "11",
    "RDate": "20200928",
    "Aspects": [
      {
        "Aspect": "기능",
        "SentimentText": "완벽한 세척과 건조기능이 아주 좋습니다~",
        "SentimentWord": "5",
        "SentimentPolarity": "1"
      },
      {
        "Aspect": "제조일/제조사",
        "SentimentText": "제품은 역시 이 브랜드가 최고네요 믿을만 해요!",
        "SentimentWord": "7",
        "SentimentPolarity": "1"
      }
    ]
  },
  {
    "Index": "29243",
    "RawText": "세척기 용량이 넉넉해서 마음에 듭니다! 용기들 넣어서 테스트해보니 세척도 훌륭하고 아주 좋네요.",
    "Source": "쇼핑몰",
    "Domain": "가전",
    "MainCategory": "주방가전",
    "ProductName": "삼성전자 DW50R4055FS",
    "ReviewScore": "5",
    "Syllable": "53",
    "Word": "12",
    "RDate": "20200718",
    "Aspects": [
      {
        "Aspect": "용량",
        "SentimentText": "세척기 용량이 넉넉해서 마음에 듭니다! ",
        "SentimentWord": "5",
        "SentimentPolarity": "1"
      },
      {
        "Aspect": "기능",
        "SentimentText": "용기들 넣어서 테스트해보니 세척도 훌륭하고 아주 좋네요.",
        "SentimentWord": "7",
        "SentimentPolarity": "1"
      }
    ]
  },
  {
    "Index": "29244",
    "RawText": "좋은 가격대로 구매해서 너무 좋아요!! 식기세척기가 이렇게 고급스러워도 되나 할정도로 디자인 너무 예쁘네요.",
    "Source": "쇼핑몰",
    "Domain": "가전",
    "MainCategory": "주방가전",
    "ProductName": "삼성전자 DW50R4055FS",
    "ReviewScore": "5",
    "Syllable": "60",
    "Word": "13",
    "RDate": "20200812",
    "Aspects": [
      {
        "Aspect": "가격",
        "SentimentText": "좋은 가격대로 구매해서 너무 좋아요!! ",
        "SentimentWord": "5",
        "SentimentPolarity": "1"
      },
      {
        "Aspect": "디자인",
        "SentimentText": "식기세척기가 이렇게 고급스러워도 되나 할정도로 디자인 너무 예쁘네요.",
        "SentimentWord": "8",
        "SentimentPolarity": "1"
      }
    ]
  },
  {
    "Index": "29245",
    "RawText": "소음없이 아주 조용히 작동해서 너무 좋습니다~세척에 건조기능에 살균까지! 이제 모든 설거지 걱정은 사라졌어요.",
    "Source": "쇼핑몰",
    "Domain": "가전",
    "MainCategory": "주방가전",
    "ProductName": "삼성전자 DW50R4055FS",
    "ReviewScore": "5",
    "Syllable": "61",
    "Word": "13",
    "RDate": "20220201",
    "Aspects": [
      {
        "Aspect": "소음",
        "SentimentText": "소음없이 아주 조용히 작동해서 너무 좋습니다~",
        "SentimentWord": "6",
        "SentimentPolarity": "1"
      },
      {
        "Aspect": "기능",
        "SentimentText": "세척에 건조기능에 살균까지! 이제 모든 설거지 걱정은 사라졌어요.",
        "SentimentWord": "8",
        "SentimentPolarity": "1"
      }
    ]
  },
  {
    "Index": "29246",
    "RawText": "일단 가성비 대박인 제품 구입하게 되서 너무 좋네요 득템! 디자인도 고급스러워서 주방에도 딱 맞춤인냥 너무 잘어울려서 좋아요. 제품 품질은 말할것도 없이 완벽하네요. 이제야 구매하게 되서 후회될 정도예요.",
    "Source": "쇼핑몰",
    "Domain": "가전",
    "MainCategory": "주방가전",
    "ProductName": "삼성전자 DW50R4055FS",
    "ReviewScore": "5",
    "Syllable": "114",
    "Word": "27",
    "RDate": "20211014",
    "GeneralPolarity": "1",
    "Aspects": [
      {
        "Aspect": "가격",
        "SentimentText": "일단 가성비 대박인 제품 구입하게 되서 너무 좋네요 득템!",
        "SentimentWord": "9",
        "SentimentPolarity": "1"
      },
      {
        "Aspect": "디자인",
        "SentimentText": "디자인도 고급스러워서 주방에도 딱 맞춤인냥 너무 잘어울려서 좋아요.",
        "SentimentWord": "8",
        "SentimentPolarity": "1"
      },
      {
        "Aspect": "품질",
        "SentimentText": "제품 품질은 말할것도 없이 완벽하네요. 이제야 구매하게 되서 후회될 정도예요.",
        "SentimentWord": "10",
        "SentimentPolarity": "1"
      }
    ]
  },
  {
    "Index": "29247",
    "RawText": "세척기가 있어서 설겆이 해야할 시간에 쉴수 있어서 너무 편해졌어요^^ 살균,건조 기능에 용도에 맞는 세척코스까지 너무 좋아요!",
    "Source": "쇼핑몰",
    "Domain": "가전",
    "MainCategory": "주방가전",
    "ProductName": "삼성전자 DW50R4055FS",
    "ReviewScore": "5",
    "Syllable": "70",
    "Word": "16",
    "RDate": "20200518",
    "Aspects": [
      {
        "Aspect": "편의성",
        "SentimentText": "세척기가 있어서 설겆이 해야할 시간에 쉴수 있어서 너무 편해졌어요^^ ",
        "SentimentWord": "9",
        "SentimentPolarity": "1"
      },
      {
        "Aspect": "기능",
        "SentimentText": "살균,건조 기능에 용도에 맞는 세척코스까지 너무 좋아요!",
        "SentimentWord": "7",
        "SentimentPolarity": "1"
      }
    ]
  },
  {
    "Index": "29248",
    "RawText": "세척기 작동 소음이 거의 안나고 조용해서 밤늦게 돌려도 부담없어요~^^ 지금 4달째 사용중인데 설거지가 너무 즐거워요^^ 진작에 살껄 후회중이랍니다.",
    "Source": "쇼핑몰",
    "Domain": "가전",
    "MainCategory": "주방가전",
    "ProductName": "삼성전자 DW50R4055FS",
    "ReviewScore": "5",
    "Syllable": "83",
    "Word": "18",
    "RDate": "20200910",
    "Aspects": [
      {
        "Aspect": "소음",
        "SentimentText": "세척기 작동 소음이 거의 안나고 조용해서 밤늦게 돌려도 부담없어요~^^",
        "SentimentWord": "9",
        "SentimentPolarity": "1"
      },
      {
        "Aspect": "편의성",
        "SentimentText": "지금 4달째 사용중인데 설거지가 너무 즐거워요^^ 진작에 살껄 후회중이랍니다. ",
        "SentimentWord": "9",
        "SentimentPolarity": "1"
      }
    ]
  },
  {
    "Index": "29249",
    "RawText": "부모님께 선물로 사드렸는데 배송도 설치도 깔끔하게 해주고 가셔서 너무 좋았어요. 작동도 너무 잘되고 사용하기가 편리하다고 좋아하시네요. 가격대비 가성비 대박제품인것 같아 득템해서 좋아요.",
    "Source": "쇼핑몰",
    "Domain": "가전",
    "MainCategory": "주방가전",
    "ProductName": "삼성전자 DW50R4055FS",
    "ReviewScore": "5",
    "Syllable": "104",
    "Word": "22",
    "RDate": "20200725",
    "Aspects": [
      {
        "Aspect": "편의성",
        "SentimentText": "작동도 너무 잘되고 사용하기가 편리하다고 좋아하시네요.",
        "SentimentWord": "6",
        "SentimentPolarity": "1"
      },
      {
        "Aspect": "가격",
        "SentimentText": "가격대비 가성비 대박제품인것 같아 득템해서 좋아요.",
        "SentimentWord": "6",
        "SentimentPolarity": "1"
      }
    ]
  },
  {
    "Index": "29250",
    "RawText": "3인가구가 사용하기 적합한 사이즈라서 너무 만족스러워요!! 디자인도 깔끔하니 고급스러워서 훨씬 좋아요.",
    "Source": "쇼핑몰",
    "Domain": "가전",
    "MainCategory": "주방가전",
    "ProductName": "삼성전자 DW50R4055FS",
    "ReviewScore": "4",
    "Syllable": "57",
    "Word": "11",
    "RDate": "20200525",
    "Aspects": [
      {
        "Aspect": "사이즈",
        "SentimentText": "3인가구가 사용하기 적합한 사이즈라서 너무 만족스러워요!!",
        "SentimentWord": "6",
        "SentimentPolarity": "1"
      },
      {
        "Aspect": "디자인",
        "SentimentText": "디자인도 깔끔하니 고급스러워서 훨씬 좋아요.",
        "SentimentWord": "5",
        "SentimentPolarity": "1"
      }
    ]
  },
  {
    "Index": "29251",
    "RawText": "수조 구조상 세척기랑 정수기를 동시에 사용을 못해서 아님 대공사로 가야하다보니 추가비용이 어마어마해서 설치를 못해서 실망스럽네요. 빌트인으로 할려고 했는데 사이즈도 안맞아서 실망입니다ㅠㅠ ",
    "Source": "쇼핑몰",
    "Domain": "가전",
    "MainCategory": "주방가전",
    "ProductName": "삼성전자 DW50R4055FS",
    "ReviewScore": "5",
    "Syllable": "105",
    "Word": "21",
    "RDate": "20200601",
    "Aspects": [
      {
        "Aspect": "가격",
        "SentimentText": "수조 구조상 세척기랑 정수기를 동시에 사용을 못해서 아님 대공사로 가야하다보니 추가비용이 어마어마해서 설치를 못해서 실망스럽네요.",
        "SentimentWord": "15",
        "SentimentPolarity": "-1"
      },
      {
        "Aspect": "사이즈",
        "SentimentText": "빌트인으로 할려고 했는데 사이즈도 안맞아서 실망입니다ㅠㅠ",
        "SentimentWord": "6",
        "SentimentPolarity": "-1"
      }
    ]
  },
  {
    "Index": "29252",
    "RawText": "3인가구에 적당한 용량의 식기세척기 구매해서 좋아요~역시나 디자인 깔끔하고 슬림해서 너무 좋아요!",
    "Source": "쇼핑몰",
    "Domain": "가전",
    "MainCategory": "주방가전",
    "ProductName": "삼성전자 DW50R4055FS",
    "ReviewScore": "5",
    "Syllable": "54",
    "Word": "11",
    "RDate": "20200702",
    "Aspects": [
      {
        "Aspect": "용량",
        "SentimentText": "3인가구에 적당한 용량의 식기세척기 구매해서 좋아요~",
        "SentimentWord": "6",
        "SentimentPolarity": "1"
      },
      {
        "Aspect": "디자인",
        "SentimentText": "역시나 디자인 깔끔하고 슬림해서 너무 좋아요!",
        "SentimentWord": "6",
        "SentimentPolarity": "1"
      }
    ]
  },
  {
    "Index": "29254",
    "RawText": "설치하고 한달째 사용중인데 식사 후 바로 식기를 넣고 작동시켜야 깨끗하게 되서 세척력이 좀 아쉬워요. 소음은 생각보다 시끄러워서 할때마다 거슬리네요.",
    "Source": "쇼핑몰",
    "Domain": "가전",
    "MainCategory": "주방가전",
    "ProductName": "삼성전자 DW50R4055FS",
    "ReviewScore": "4",
    "Syllable": "83",
    "Word": "19",
    "RDate": "20200403",
    "GeneralPolarity": "-1",
    "Aspects": [
      {
        "Aspect": "기능",
        "SentimentText": "설치하고 한달째 사용중인데 식사 후 바로 식기를 넣고 작동시켜야 깨끗하게 되서 세척력이 좀 아쉬워요.",
        "SentimentWord": "14",
        "SentimentPolarity": "-1"
      },
      {
        "Aspect": "소음",
        "SentimentText": "소음은 생각보다 시끄러워서 할때마다 거슬리네요.",
        "SentimentWord": "5",
        "SentimentPolarity": "-1"
      }
    ]
  },
  {
    "Index": "29255",
    "RawText": "식기세척기 사이즈가 딱 맞아 너무 좋네요. 배송 설치도 신속하게 해주셔서 좋았어요. 그리고 상단을 올리고 내릴 수 있어서 용기 넣을때나 편리해서 좋아요.",
    "Source": "쇼핑몰",
    "Domain": "가전",
    "MainCategory": "주방가전",
    "ProductName": "삼성전자 DW50R4055FS",
    "ReviewScore": "5",
    "Syllable": "85",
    "Word": "21",
    "RDate": "20200715",
    "Aspects": [
      {
        "Aspect": "사이즈",
        "SentimentText": "식기세척기 사이즈가 딱 맞아 너무 좋네요.",
        "SentimentWord": "6",
        "SentimentPolarity": "1"
      },
      {
        "Aspect": "편의성",
        "SentimentText": "그리고 상단을 올리고 내릴 수 있어서 용기 넣을때나 편리해서 좋아요.",
        "SentimentWord": "10",
        "SentimentPolarity": "1"
      }
    ]
  },
  {
    "Index": "29256",
    "RawText": "식기세척기 사이즈가 아담해서 좋아요! 소음도 거의없는 편이라 조용해서 좋아요. 설치 이후 저녁시간 여유있는 주부삶이 생겨서 너무 좋아요.",
    "Source": "쇼핑몰",
    "Domain": "가전",
    "MainCategory": "주방가전",
    "ProductName": "삼성전자 DW50R4055FS",
    "ReviewScore": "5",
    "Syllable": "76",
    "Word": "17",
    "RDate": "20200727",
    "GeneralPolarity": "1",
    "Aspects": [
      {
        "Aspect": "사이즈",
        "SentimentText": "식기세척기 사이즈가 아담해서 좋아요!",
        "SentimentWord": "4",
        "SentimentPolarity": "1"
      },
      {
        "Aspect": "소음",
        "SentimentText": "소음도 거의없는 편이라 조용해서 좋아요. ",
        "SentimentWord": "5",
        "SentimentPolarity": "1"
      },
      {
        "Aspect": "편의성",
        "SentimentText": "설치 이후 저녁시간 여유있는 주부삶이 생겨서 너무 좋아요.",
        "SentimentWord": "8",
        "SentimentPolarity": "1"
      }
    ]
  },
  {
    "Index": "29257",
    "RawText": "주문 후 사전방문 해주셔서 설치유무 확인하시다음 설치해주셔서 너무 좋았습니다. 이런 좋은 제품을 이 가격에 구매할 수 있어서 너무 좋아요. 설치 후 사용해보니 세척력도 훌륭하고 건조기능도 너무 좋아요.",
    "Source": "쇼핑몰",
    "Domain": "가전",
    "MainCategory": "주방가전",
    "ProductName": "삼성전자 DW50R4055FS",
    "ReviewScore": "5",
    "Syllable": "112",
    "Word": "27",
    "RDate": "20200322",
    "Aspects": [
      {
        "Aspect": "가격",
        "SentimentText": "이런 좋은 제품을 이 가격에 구매할 수 있어서 너무 좋아요. ",
        "SentimentWord": "10",
        "SentimentPolarity": "1"
      },
      {
        "Aspect": "기능",
        "SentimentText": "설치 후 사용해보니 세척력도 훌륭하고 건조기능도 너무 좋아요.",
        "SentimentWord": "8",
        "SentimentPolarity": "1"
      }
    ]
  },
  {
    "Index": "29258",
    "RawText": "메탈 색상이 생각보다 저렴해 보이네요ㅠ 여차 설치해서 사용중인데 제품은 문제없어요. 세척력도 좋고 자동 건조기능도 훌륭합니다.",
    "Source": "쇼핑몰",
    "Domain": "가전",
    "MainCategory": "주방가전",
    "ProductName": "삼성전자 DW50R4055FS",
    "ReviewScore": "3",
    "Syllable": "70",
    "Word": "15",
    "RDate": "20200429",
    "Aspects": [
      {
        "Aspect": "색상",
        "SentimentText": "메탈 색상이 생각보다 저렴해 보이네요ㅠ",
        "SentimentWord": "5",
        "SentimentPolarity": "-1"
      },
      {
        "Aspect": "기능",
        "SentimentText": "세척력도 좋고 자동 건조기능도 훌륭합니다.",
        "SentimentWord": "5",
        "SentimentPolarity": "1"
      }
    ]
  },
  {
    "Index": "29259",
    "RawText": "제품 하단부분에 스크러치가 나 있어서 속상하네요ㅠ 제품에는 다행히 문제가 없이 사용중이라 성능은 만족스러워요. ",
    "Source": "쇼핑몰",
    "Domain": "가전",
    "MainCategory": "주방가전",
    "ProductName": "삼성전자 DW50R4055FS",
    "ReviewScore": "1",
    "Syllable": "62",
    "Word": "13",
    "RDate": "20200327",
    "Aspects": [
      {
        "Aspect": "품질",
        "SentimentText": "제품 하단부분에 스크러치가 나 있어서 속상하네요ㅠ",
        "SentimentWord": "6",
        "SentimentPolarity": "-1"
      },
      {
        "Aspect": "기능",
        "SentimentText": "제품에는 다행히 문제가 없이 사용중이라 성능은 만족스러워요.",
        "SentimentWord": "7",
        "SentimentPolarity": "1"
      }
    ]
  },
  {
    "Index": "29261",
    "RawText": "식기세척기 용량이 생각보다 넉넉해서 많이 들어가서 좋아요. 소음도 거의없어 조용합니다. 세척력도 얼마나 강한지 그릇이 뽀득뽀득하네요! 가성비 대박입니다 가격대비 너무 만족스러워요.",
    "Source": "쇼핑몰",
    "Domain": "가전",
    "MainCategory": "주방가전",
    "ProductName": "삼성전자 DW50R4055FS",
    "ReviewScore": "5",
    "Syllable": "100",
    "Word": "20",
    "RDate": "20200318",
    "GeneralPolarity": "1",
    "Aspects": [
      {
        "Aspect": "용량",
        "SentimentText": "식기세척기 용량이 생각보다 넉넉해서 많이 들어가서 좋아요. ",
        "SentimentWord": "7",
        "SentimentPolarity": "1"
      },
      {
        "Aspect": "소음",
        "SentimentText": "소음도 거의없어 조용합니다.",
        "SentimentWord": "3",
        "SentimentPolarity": "1"
      },
      {
        "Aspect": "기능",
        "SentimentText": "세척력도 얼마나 강한지 그릇이 뽀득뽀득하네요!",
        "SentimentWord": "5",
        "SentimentPolarity": "1"
      },
      {
        "Aspect": "가격",
        "SentimentText": "가성비 대박입니다 가격대비 너무 만족스러워요.",
        "SentimentWord": "5",
        "SentimentPolarity": "1"
      }
    ]
  },
  {
    "Index": "29262",
    "RawText": "세련되고 슬림한 디자인이라 예쁩니다~ 식기세척기가 집에 빌트인 하기 좋은 사이즈라 맘에 드네요",
    "Source": "쇼핑몰",
    "Domain": "가전",
    "MainCategory": "주방가전",
    "ProductName": "삼성전자 DW50R4055FS",
    "ReviewScore": "5",
    "Syllable": "52",
    "Word": "12",
    "RDate": "20201116",
    "Aspects": [
      {
        "Aspect": "디자인",
        "SentimentText": "세련되고 슬림한 디자인이라 예쁩니다~",
        "SentimentWord": "4",
        "SentimentPolarity": "1"
      },
      {
        "Aspect": "사이즈",
        "SentimentText": "식기세척기가 집에 빌트인 하기 좋은 사이즈라 맘에 드네요",
        "SentimentWord": "8",
        "SentimentPolarity": "1"
      }
    ]
  },
  {
    "Index": "29264",
    "RawText": "설치 후 삶이 달라졌어요 항상 하던 설거지 쳇바퀴에서 해방되서 너무 좋아요. 가성비 대박인 상품이네요. 가격 저렴하게 잘샀어요.",
    "Source": "쇼핑몰",
    "Domain": "가전",
    "MainCategory": "주방가전",
    "ProductName": "삼성전자 DW50R4055FS",
    "ReviewScore": "3",
    "Syllable": "71",
    "Word": "17",
    "RDate": "20200713",
    "GeneralPolarity": "1",
    "Aspects": [
      {
        "Aspect": "편의성",
        "SentimentText": "설치 후 삶이 달라졌어요 항상 하던 설거지 쳇바퀴에서 해방되서 너무 좋아요.",
        "SentimentWord": "11",
        "SentimentPolarity": "1"
      },
      {
        "Aspect": "가격",
        "SentimentText": "가성비 대박인 상품이네요. 가격 저렴하게 잘샀어요.",
        "SentimentWord": "6",
        "SentimentPolarity": "1"
      }
    ]
  },
  {
    "Index": "29265",
    "RawText": "기사님께서 친절하게 설치해주시고 가셔서 좋았어요. 디자인도 고급스럽고 깔끔해서 너무 좋아요. 세척기 사이즈가 생각보다 아담해서 좋아요! 그리고 무엇보다 제일중요한 가격대비 훌륭한 제품이라 넘 만족스럽네요.",
    "Source": "쇼핑몰",
    "Domain": "가전",
    "MainCategory": "주방가전",
    "ProductName": "삼성전자 DW50R4055FS",
    "ReviewScore": "5",
    "Syllable": "114",
    "Word": "23",
    "RDate": "20200725",
    "Aspects": [
      {
        "Aspect": "디자인",
        "SentimentText": "디자인도 고급스럽고 깔끔해서 너무 좋아요. ",
        "SentimentWord": "5",
        "SentimentPolarity": "1"
      },
      {
        "Aspect": "사이즈",
        "SentimentText": "세척기 사이즈가 생각보다 아담해서 좋아요! ",
        "SentimentWord": "5",
        "SentimentPolarity": "1"
      },
      {
        "Aspect": "가격",
        "SentimentText": "그리고 무엇보다 제일중요한 가격대비 훌륭한 제품이라 넘 만족스럽네요.",
        "SentimentWord": "8",
        "SentimentPolarity": "1"
      }
    ]
  },
  {
    "Index": "29266",
    "RawText": "8인용 제품을 저렴한 가격에 구입해서 너무 만족해요~ 디자인도 심플해서 마음에 드네요.",
    "Source": "쇼핑몰",
    "Domain": "가전",
    "MainCategory": "주방가전",
    "ProductName": "삼성전자 DW50R4055FS",
    "ReviewScore": "4",
    "Syllable": "48",
    "Word": "11",
    "RDate": "20200628",
    "Aspects": [
      {
        "Aspect": "가격",
        "SentimentText": "8인용 제품을 저렴한 가격에 구입해서 너무 만족해요~ ",
        "SentimentWord": "7",
        "SentimentPolarity": "1"
      },
      {
        "Aspect": "디자인",
        "SentimentText": "디자인도 심플해서 마음에 드네요.",
        "SentimentWord": "4",
        "SentimentPolarity": "1"
      }
    ]
  },
  {
    "Index": "29267",
    "RawText": "디자인도 슬림하고 예쁘네요~^^ 싱크대 하부장에 사이즈가 딱 맞아서 너무 깔끔하게 됐네요. 사이즈 아담해서 좋아요.",
    "Source": "쇼핑몰",
    "Domain": "가전",
    "MainCategory": "주방가전",
    "ProductName": "삼성전자 DW50R4055FS",
    "ReviewScore": "5",
    "Syllable": "64",
    "Word": "14",
    "RDate": "20200925",
    "Aspects": [
      {
        "Aspect": "디자인",
        "SentimentText": "디자인도 슬림하고 예쁘네요~^^",
        "SentimentWord": "3",
        "SentimentPolarity": "1"
      },
      {
        "Aspect": "사이즈",
        "SentimentText": "싱크대 하부장에 사이즈가 딱 맞아서 너무 깔끔하게 됐네요. 사이즈 아담해서 좋아요.",
        "SentimentWord": "11",
        "SentimentPolarity": "1"
      }
    ]
  },
  {
    "Index": "29268",
    "RawText": "세척시간도 너무 길어서 답답하네요ㅠ  그리고 제품자체에서 냄새가 나는데 불쾌하네요.",
    "Source": "쇼핑몰",
    "Domain": "가전",
    "MainCategory": "주방가전",
    "ProductName": "삼성전자 DW50R4055FS",
    "ReviewScore": "3",
    "Syllable": "46",
    "Word": "9",
    "RDate": "20200625",
    "Aspects": [
      {
        "Aspect": "시간/속도",
        "SentimentText": "세척시간도 너무 길어서 답답하네요ㅠ",
        "SentimentWord": "4",
        "SentimentPolarity": "-1"
      },
      {
        "Aspect": "품질",
        "SentimentText": "제품자체에서 냄새가 나는데 불쾌하네요. ",
        "SentimentWord": "4",
        "SentimentPolarity": "-1"
      }
    ]
  },
  {
    "Index": "29269",
    "RawText": "2인가구라 용량이 넉넉해서 좋아요~부모님 댁에 선물로 드렸는데 디자인도 고급스럽고 너무 예쁘다고 만족스러워하세요.",
    "Source": "쇼핑몰",
    "Domain": "가전",
    "MainCategory": "주방가전",
    "ProductName": "삼성전자 DW50R4055FS",
    "ReviewScore": "4",
    "Syllable": "63",
    "Word": "12",
    "RDate": "20200331",
    "Aspects": [
      {
        "Aspect": "용량",
        "SentimentText": "2인가구라 용량이 넉넉해서 좋아요~",
        "SentimentWord": "4",
        "SentimentPolarity": "1"
      },
      {
        "Aspect": "디자인",
        "SentimentText": "부모님 댁에 선물로 드렸는데 디자인도 고급스럽고 너무 예쁘다고 만족스러워하세요.",
        "SentimentWord": "9",
        "SentimentPolarity": "1"
      }
    ]
  },
  {
    "Index": "29271",
    "RawText": "화이트 색상의 주방가구에 포인트로 딱 좋아요!  다만 설치 후 아스콘 냄새가 나서 머리가 아프네요ㅜ 불량인것 같은데... 품질이 의심되요.",
    "Source": "쇼핑몰",
    "Domain": "가전",
    "MainCategory": "주방가전",
    "ProductName": "삼성전자 DW50R4055FS",
    "ReviewScore": "3",
    "Syllable": "77",
    "Word": "18",
    "RDate": "20200302",
    "Aspects": [
      {
        "Aspect": "색상",
        "SentimentText": "화이트 색상의 주방가구에 포인트로 딱 좋아요!",
        "SentimentWord": "6",
        "SentimentPolarity": "1"
      },
      {
        "Aspect": "품질",
        "SentimentText": "다만 설치 후 아스콘 냄새가 나서 머리가 아프네요ㅜ 불량인것 같은데... 품질이 의심되요.",
        "SentimentWord": "12",
        "SentimentPolarity": "-1"
      }
    ]
  },
  {
    "Index": "29274",
    "RawText": "세척기 작동시에 약간의 냄새가 올라와서 불쾌해요. 다른 성능이나 기능은 훌륭해서 만족스러워요.",
    "Source": "쇼핑몰",
    "Domain": "가전",
    "MainCategory": "주방가전",
    "ProductName": "삼성전자 DW50R4055FS",
    "ReviewScore": "5",
    "Syllable": "52",
    "Word": "11",
    "RDate": "20200611",
    "GeneralPolarity": "0",
    "Aspects": [
      {
        "Aspect": "품질",
        "SentimentText": "세척기 작동시에 약간의 냄새가 올라와서 불쾌해요.",
        "SentimentWord": "6",
        "SentimentPolarity": "-1"
      },
      {
        "Aspect": "기능",
        "SentimentText": "다른 성능이나 기능은 훌륭해서 만족스러워요.",
        "SentimentWord": "5",
        "SentimentPolarity": "1"
      }
    ]
  },
  {
    "Index": "29275",
    "RawText": "잘 찍히고 기스나는 재질이라 조심스럽네요... 세척기 제품 자체는 훌륭하네요. 세척도 잘되고 설거지가 걱정없어졌어요.",
    "Source": "쇼핑몰",
    "Domain": "가전",
    "MainCategory": "주방가전",
    "ProductName": "삼성전자 DW50R4055FS",
    "ReviewScore": "4",
    "Syllable": "65",
    "Word": "13",
    "RDate": "20200605",
    "Aspects": [
      {
        "Aspect": "소재",
        "SentimentText": "잘 찍히고 기스나는 재질이라 조심스럽네요...",
        "SentimentWord": "5",
        "SentimentPolarity": "-1"
      },
      {
        "Aspect": "기능",
        "SentimentText": "세척기 제품 자체는 훌륭하네요. 세척도 잘되고 설거지가 걱정없어졌어요.",
        "SentimentWord": "8",
        "SentimentPolarity": "1"
      }
    ]
  },
  {
    "Index": "29276",
    "RawText": "세척력도 자동열림건조 기능도 아주 만족스러워요. 다만 생각한거보다 세척시간이 오래걸려서 짧은 코스도 있었으면 하는 아쉬움이 있네요.",
    "Source": "쇼핑몰",
    "Domain": "가전",
    "MainCategory": "주방가전",
    "ProductName": "삼성전자 DW50R4055FS",
    "ReviewScore": "4",
    "Syllable": "73",
    "Word": "15",
    "RDate": "20200312",
    "GeneralPolarity": "0",
    "Aspects": [
      {
        "Aspect": "기능",
        "SentimentText": "세척력도 자동열림건조 기능도 아주 만족스러워요.",
        "SentimentWord": "5",
        "SentimentPolarity": "1"
      },
      {
        "Aspect": "시간/속도",
        "SentimentText": "다만 생각한거보다 세척시간이 오래걸려서 짧은 코스도 있었으면 하는 아쉬움이 있네요.",
        "SentimentWord": "10",
        "SentimentPolarity": "-1"
      }
    ]
  },
  {
    "Index": "29277",
    "RawText": "세척력은 말할 것도 없이 좋아요 그릇 정말 깨끗이 닦여요! 소음도 적어서 밤에 마구 돌려도 괜찮습니다.",
    "Source": "쇼핑몰",
    "Domain": "가전",
    "MainCategory": "주방가전",
    "ProductName": "삼성전자 DW50R4055FS",
    "ReviewScore": "5",
    "Syllable": "57",
    "Word": "15",
    "RDate": "20210413",
    "GeneralPolarity": "1",
    "Aspects": [
      {
        "Aspect": "기능",
        "SentimentText": "세척력은 말할 것도 없이 좋아요 그릇 정말 깨끗이 닦여요! ",
        "SentimentWord": "9",
        "SentimentPolarity": "1"
      },
      {
        "Aspect": "소음",
        "SentimentText": "소음도 적어서 밤에 마구 돌려도 괜찮습니다.",
        "SentimentWord": "6",
        "SentimentPolarity": "1"
      }
    ]
  },
  {
    "Index": "29278",
    "RawText": "이번에 식구가 늘어나 바꿨는데 용량도 넉넉하니 너무 좋아요! 사이즈도 싱크대 하부장 한칸정도 크기예요 아담하니 좋아요. 가격도 이정도면 합리적으로 구매해서 너무 좋아요.",
    "Source": "쇼핑몰",
    "Domain": "가전",
    "MainCategory": "주방가전",
    "ProductName": "삼성전자 DW50R4055FS",
    "ReviewScore": "5",
    "Syllable": "94",
    "Word": "21",
    "RDate": "20201206",
    "GeneralPolarity": "1",
    "Aspects": [
      {
        "Aspect": "용량",
        "SentimentText": "이번에 식구가 늘어나 바꿨는데 용량도 넉넉하니 너무 좋아요!",
        "SentimentWord": "8",
        "SentimentPolarity": "1"
      },
      {
        "Aspect": "사이즈",
        "SentimentText": "사이즈도 싱크대 하부장 한칸정도 크기예요 아담하니 좋아요.",
        "SentimentWord": "7",
        "SentimentPolarity": "1"
      },
      {
        "Aspect": "가격",
        "SentimentText": "가격도 이정도면 합리적으로 구매해서 너무 좋아요.",
        "SentimentWord": "6",
        "SentimentPolarity": "1"
      }
    ]
  },
  {
    "Index": "29279",
    "RawText": "원하던 8인용이 눈앞에 딱! 바로 구매했네요. 용량도 넉넉하니 좋아요. 세척력도 좋고 자동건조 기능도 아주 훌륭하네요!!",
    "Source": "쇼핑몰",
    "Domain": "가전",
    "MainCategory": "주방가전",
    "ProductName": "삼성전자 DW50R4055FS",
    "ReviewScore": "5",
    "Syllable": "67",
    "Word": "15",
    "RDate": "20200721",
    "Aspects": [
      {
        "Aspect": "용량",
        "SentimentText": "원하던 8인용이 눈앞에 딱! 바로 구매했네요. 용량도 넉넉하니 좋아요.",
        "SentimentWord": "9",
        "SentimentPolarity": "1"
      },
      {
        "Aspect": "기능",
        "SentimentText": "세척력도 좋고 자동건조 기능도 아주 훌륭하네요!!",
        "SentimentWord": "6",
        "SentimentPolarity": "1"
      }
    ]
  },
  {
    "Index": "29280",
    "RawText": "사용해보니 설거지가 아주 뽀득하니 깨끗하게 잘되서 너무 만족스러워요. 소음도 거의 없어서 조용하니 너무 좋네요.",
    "Source": "쇼핑몰",
    "Domain": "가전",
    "MainCategory": "주방가전",
    "ProductName": "삼성전자 DW50R4055FS",
    "ReviewScore": "4",
    "Syllable": "62",
    "Word": "14",
    "RDate": "20200622",
    "GeneralPolarity": "1",
    "Aspects": [
      {
        "Aspect": "기능",
        "SentimentText": "사용해보니 설거지가 아주 뽀득하니 깨끗하게 잘되서 너무 만족스러워요. ",
        "SentimentWord": "8",
        "SentimentPolarity": "1"
      },
      {
        "Aspect": "소음",
        "SentimentText": "소음도 거의 없어서 조용하니 너무 좋네요.",
        "SentimentWord": "6",
        "SentimentPolarity": "1"
      }
    ]
  },
  {
    "Index": "29282",
    "RawText": "일거리 하나가 줄었어요~세척기가 알아서  설거지 해주니  너무 편합니다, 설거지  시간이 없어지니  생활에 여유가 생기네요.^^ 하지만, 세척 시간이 1시간이 넘다니 좀 깁니다..",
    "Source": "쇼핑몰",
    "Domain": "가전",
    "MainCategory": "주방가전",
    "ProductName": "삼성전자 DW50R4055FS",
    "ReviewScore": "4",
    "Syllable": "100",
    "Word": "21",
    "RDate": "20200413",
    "GeneralPolarity": "0",
    "Aspects": [
      {
        "Aspect": "편의성",
        "SentimentText": "세척기가 알아서  설거지 해주니  너무 편합니다",
        "SentimentWord": "6",
        "SentimentPolarity": "1"
      },
      {
        "Aspect": "시간/속도",
        "SentimentText": "세척 시간이 1시간이 넘다니 좀 깁니다.",
        "SentimentWord": "6",
        "SentimentPolarity": "-1"
      }
    ]
  },
  {
    "Index": "29283",
    "RawText": "식기세척기 사이즈가 생각보다 슬림해서 좋아요. 4인가구가 쓸 만큼 안이 깊어서 그릇도 많이 들어가 용량도 넉넉하네요. 디자인도 깔끔하니 예쁩니다. 전체적으로 다 맘에 드나 배송이 너무 느려 짜증났네요.",
    "Source": "쇼핑몰",
    "Domain": "가전",
    "MainCategory": "주방가전",
    "ProductName": "삼성전자 DW50R4055FS",
    "ReviewScore": "4",
    "Syllable": "112",
    "Word": "26",
    "RDate": "20200927",
    "Aspects": [
      {
        "Aspect": "사이즈",
        "SentimentText": "식기세척기 사이즈가 생각보다 슬림해서 좋아요.",
        "SentimentWord": "5",
        "SentimentPolarity": "1"
      },
      {
        "Aspect": "용량",
        "SentimentText": "4인가구가 쓸 만큼 안이 깊어서 그릇도 많이 들어가 용량도 넉넉하네요.",
        "SentimentWord": "10",
        "SentimentPolarity": "1"
      },
      {
        "Aspect": "디자인",
        "SentimentText": "디자인도 깔끔하니 예쁩니다. ",
        "SentimentWord": "3",
        "SentimentPolarity": "1"
      }
    ]
  },
  {
    "Index": "29284",
    "RawText": "식세기 두 번째 사용 중인데 ... 평소 저희 가족 하루 2끼 먹는데 8인용 식기도 한 번에 무리 없이 들어가는 크기입니다. 세척 후 물비린내 나서 세제 와 식초 한방을 넣고 있는데 헹굼 기능이 잘 안되는지 스트레스 받네요",
    "Source": "쇼핑몰",
    "Domain": "가전",
    "MainCategory": "주방가전",
    "ProductName": "삼성전자 DW50R4055FS",
    "ReviewScore": "5",
    "Syllable": "124",
    "Word": "36",
    "RDate": "20200614",
    "GeneralPolarity": "0",
    "Aspects": [
      {
        "Aspect": "용량",
        "SentimentText": " 8인용 식기도 한 번에 무리 없이 들어가는 크기입니다.",
        "SentimentWord": "8",
        "SentimentPolarity": "1"
      },
      {
        "Aspect": "기능",
        "SentimentText": " 세척 후 물비린내 나서 세제 와 식초 한방을 넣고 있는데 헹굼 기능이 잘 안되는지 스트레스 받네요",
        "SentimentWord": "16",
        "SentimentPolarity": "-1"
      }
    ]
  },
  {
    "Index": "29285",
    "RawText": "드디어 설겆이에서 해방되어 굉장히 편해져서 대만족입니다^^ 세척기 기능중에 자동문열림이 제일 좋아요! 건조도 되고 믿고 설거지 할 수 있어요.",
    "Source": "쇼핑몰",
    "Domain": "가전",
    "MainCategory": "주방가전",
    "ProductName": "삼성전자 DW50R4055FS",
    "ReviewScore": "5",
    "Syllable": "79",
    "Word": "18",
    "RDate": "20220430",
    "Aspects": [
      {
        "Aspect": "편의성",
        "SentimentText": "드디어 설겆이에서 해방되어 굉장히 편해져서 대만족입니다^^ ",
        "SentimentWord": "6",
        "SentimentPolarity": "1"
      },
      {
        "Aspect": "기능",
        "SentimentText": "세척기 기능중에 자동문열림이 제일 좋아요! 건조도 되고 믿고 설거지 할 수 있어요.",
        "SentimentWord": "12",
        "SentimentPolarity": "1"
      }
    ]
  },
  {
    "Index": "29286",
    "RawText": "세척도 잘되고 자동문열림 기능까지 아주 맘에 들어요~ 내부 공간도 생각보다 넓어서 그릇 많이 들어가 좋아요.",
    "Source": "쇼핑몰",
    "Domain": "가전",
    "MainCategory": "주방가전",
    "ProductName": "삼성전자 DW50R4055FS",
    "ReviewScore": "4",
    "Syllable": "60",
    "Word": "15",
    "RDate": "20200619",
    "Aspects": [
      {
        "Aspect": "기능",
        "SentimentText": "세척도 잘되고 자동문열림 기능까지 아주 맘에 들어요~",
        "SentimentWord": "7",
        "SentimentPolarity": "1"
      },
      {
        "Aspect": "용량",
        "SentimentText": "내부 공간도 생각보다 넓어서 그릇 많이 들어가 좋아요.",
        "SentimentWord": "8",
        "SentimentPolarity": "1"
      }
    ]
  },
  {
    "Index": "29287",
    "RawText": "싱크대 자리가 애매했는데 기사님께서 깔끔하게 설치해주고 가셔서 좋았어요. 좋은 제품을 저렴한 가격에 구매해서 넘 좋아요. 세척,건조 기능은 말 할것도 없이 좋네요. 소음도 적어서 깔끔합니다.",
    "Source": "쇼핑몰",
    "Domain": "가전",
    "MainCategory": "주방가전",
    "ProductName": "삼성전자 DW50R4055FS",
    "ReviewScore": "5",
    "Syllable": "106",
    "Word": "24",
    "RDate": "20200730",
    "Aspects": [
      {
        "Aspect": "가격",
        "SentimentText": " 좋은 제품을 저렴한 가격에 구매해서 넘 좋아요.",
        "SentimentWord": "7",
        "SentimentPolarity": "1"
      },
      {
        "Aspect": "기능",
        "SentimentText": "세척,건조 기능은 말 할것도 없이 좋네요.",
        "SentimentWord": "6",
        "SentimentPolarity": "1"
      },
      {
        "Aspect": "소음",
        "SentimentText": "소음도 적어서 깔끔합니다.",
        "SentimentWord": "3",
        "SentimentPolarity": "1"
      }
    ]
  },
  {
    "Index": "29289",
    "RawText": "소리도 거의 안나고  조용해서 만족합니다! 설치 후 돌려봤는데 이제 설거지 지옥 끝! 해방되니 넘 행복하네요!",
    "Source": "쇼핑몰",
    "Domain": "가전",
    "MainCategory": "주방가전",
    "ProductName": "삼성전자 DW50R4055FS",
    "ReviewScore": "5",
    "Syllable": "61",
    "Word": "15",
    "RDate": "20210904",
    "Aspects": [
      {
        "Aspect": "소음",
        "SentimentText": "소리도 거의 안나고  조용해서 만족합니다!",
        "SentimentWord": "5",
        "SentimentPolarity": "1"
      },
      {
        "Aspect": "편의성",
        "SentimentText": "설치 후 돌려봤는데 이제 설거지 지옥 끝! 해방되니 넘 행복하네요!",
        "SentimentWord": "10",
        "SentimentPolarity": "1"
      }
    ]
  },
  {
    "Index": "29290",
    "RawText": "추가요금이 발생했지만 너무 깔끔하게 설치해주셔서 돈이 아깝지 않았어요. 사용해보니 소음도 조용하니 밤에 돌려도 안심이예요",
    "Source": "쇼핑몰",
    "Domain": "가전",
    "MainCategory": "주방가전",
    "ProductName": "삼성전자 DW50R4055FS",
    "ReviewScore": "5",
    "Syllable": "67",
    "Word": "14",
    "RDate": "20200718",
    "GeneralPolarity": "1",
    "Aspects": [
      {
        "Aspect": "가격",
        "SentimentText": "추가요금이 발생했지만 너무 깔끔하게 설치해주셔서 돈이 아깝지 않았어요. ",
        "SentimentWord": "8",
        "SentimentPolarity": "1"
      },
      {
        "Aspect": "소음",
        "SentimentText": "사용해보니 소음도 조용하니 밤에 돌려도 안심이예요",
        "SentimentWord": "6",
        "SentimentPolarity": "1"
      }
    ]
  },
  {
    "Index": "29292",
    "RawText": "그냥 저렴한 가격에 저렴한 값으로 식기세척기 쓰실분만 구매하시는게 좋아요 실망스럽습니다. 다른 타사 브랜드랑 비교했을때 기능이나 세척력도 떨어져요. 그냥저냥 쓸께요.",
    "Source": "쇼핑몰",
    "Domain": "가전",
    "MainCategory": "주방가전",
    "ProductName": "삼성전자 DW50R4055FS",
    "ReviewScore": "4",
    "Syllable": "92",
    "Word": "19",
    "RDate": "20200530",
    "GeneralPolarity": "-1",
    "Aspects": [
      {
        "Aspect": "가격",
        "SentimentText": "그냥 저렴한 가격에 저렴한 값으로 식기세척기 쓰실분만 구매하시는게 좋아요 실망스럽습니다.",
        "SentimentWord": "10",
        "SentimentPolarity": "-1"
      },
      {
        "Aspect": "기능",
        "SentimentText": "다른 타사 브랜드랑 비교했을때 기능이나 세척력도 떨어져요. 그냥저냥 쓸께요.",
        "SentimentWord": "9",
        "SentimentPolarity": "-1"
      }
    ]
  },
  {
    "Index": "29293",
    "RawText": "주방 인테리어 새로하면서  식기세척기도 같이 구매했어요 색상이 씽크대색과 잘 어울리고 세척기 사이즈도 잘 맞게 설치되어 너무 깔끔해서 만족스러워요!",
    "Source": "쇼핑몰",
    "Domain": "가전",
    "MainCategory": "주방가전",
    "ProductName": "삼성전자 DW50R4055FS",
    "ReviewScore": "5",
    "Syllable": "82",
    "Word": "18",
    "RDate": "20220603",
    "Aspects": [
      {
        "Aspect": "색상",
        "SentimentText": " 색상이 씽크대색과 잘 어울리고",
        "SentimentWord": "4",
        "SentimentPolarity": "1"
      },
      {
        "Aspect": "사이즈",
        "SentimentText": " 세척기 사이즈도 잘 맞게 설치되어 너무 깔끔해서 만족스러워요!",
        "SentimentWord": "8",
        "SentimentPolarity": "1"
      }
    ]
  },
  {
    "Index": "29295",
    "RawText": "제품 퀄리티가  너무 좋아요 아주 만족스럽습니다^^♡ 세척도 완벽하게 잘 되고 건조까지 잘 되어서 만족해요!",
    "Source": "쇼핑몰",
    "Domain": "가전",
    "MainCategory": "주방가전",
    "ProductName": "삼성전자 DW50R4055FS",
    "ReviewScore": "5",
    "Syllable": "60",
    "Word": "14",
    "RDate": "20210429",
    "Aspects": [
      {
        "Aspect": "품질",
        "SentimentText": "제품 퀄리티가  너무 좋아요 아주 만족스럽습니다^^♡",
        "SentimentWord": "6",
        "SentimentPolarity": "1"
      },
      {
        "Aspect": "기능",
        "SentimentText": "세척도 완벽하게 잘 되고 건조까지 잘 되어서 만족해요!",
        "SentimentWord": "8",
        "SentimentPolarity": "1"
      }
    ]
  },
  {
    "Index": "29297",
    "RawText": "애벌만 하고  식세기에 넣고 돌리고 있는데  깨끗히 세척이 되어 베리 굿! .근데 표준 세척시간 97분.... 헐~ 이건 좀 아닌 듯",
    "Source": "쇼핑몰",
    "Domain": "가전",
    "MainCategory": "주방가전",
    "ProductName": "삼성전자 DW50R4055FS",
    "ReviewScore": "5",
    "Syllable": "74",
    "Word": "20",
    "RDate": "20200414",
    "GeneralPolarity": "0",
    "Aspects": [
      {
        "Aspect": "기능",
        "SentimentText": "애벌만 하고  식세기에 넣고 돌리고 있는데  깨끗히 세척이 되어 베리 굿! ",
        "SentimentWord": "11",
        "SentimentPolarity": "1"
      },
      {
        "Aspect": "시간/속도",
        "SentimentText": "근데 표준 세척시간 97분.... 헐~ 이건 좀 아닌 듯 ",
        "SentimentWord": "9",
        "SentimentPolarity": "-1"
      }
    ]
  },
  {
    "Index": "29298",
    "RawText": "8인용이라 용량이 여유있어서 너무 좋습니다!! 사은품 세제가 따로 배송되어 아쉽네요. 아직 오지 않아서 사용전입니다.",
    "Source": "쇼핑몰",
    "Domain": "가전",
    "MainCategory": "주방가전",
    "ProductName": "삼성전자 DW50R4055FS",
    "ReviewScore": "5",
    "Syllable": "65",
    "Word": "14",
    "RDate": "20200306",
    "Aspects": [
      {
        "Aspect": "용량",
        "SentimentText": "8인용이라 용량이 여유있어서 너무 좋습니다!!",
        "SentimentWord": "5",
        "SentimentPolarity": "1"
      },
      {
        "Aspect": "제품구성",
        "SentimentText": "사은품 세제가 따로 배송되어 아쉽네요.",
        "SentimentWord": "5",
        "SentimentPolarity": "-1"
      }
    ]
  },
  {
    "Index": "29300",
    "RawText": "세척기 내부공간도 넓어서 그릇이 많이 들어가 너무 만족스럽네요!! 디자인도 깔끔하니 심플해서 너무 마음에 들어요 진작 살걸 그랬어요.",
    "Source": "쇼핑몰",
    "Domain": "가전",
    "MainCategory": "주방가전",
    "ProductName": "삼성전자 DW50R4055FS",
    "ReviewScore": "5",
    "Syllable": "74",
    "Word": "17",
    "RDate": "20210218",
    "Aspects": [
      {
        "Aspect": "용량",
        "SentimentText": "세척기 내부공간도 넓어서 그릇이 많이 들어가 너무 만족스럽네요!! ",
        "SentimentWord": "8",
        "SentimentPolarity": "1"
      },
      {
        "Aspect": "디자인",
        "SentimentText": "디자인도 깔끔하니 심플해서 너무 마음에 들어요 진작 살걸 그랬어요.",
        "SentimentWord": "9",
        "SentimentPolarity": "1"
      }
    ]
  },
  {
    "Index": "29301",
    "RawText": "세척시간이 생각보다 너무 길어서 속터지네요ㅠ 집에 손님이 오시면 큰 접시들 쓰는데 몇 개밖에 안 들어 가 그건 좀 아쉬움",
    "Source": "쇼핑몰",
    "Domain": "가전",
    "MainCategory": "주방가전",
    "ProductName": "삼성전자 DW50R4055FS",
    "ReviewScore": "4",
    "Syllable": "67",
    "Word": "19",
    "RDate": "20200411",
    "Aspects": [
      {
        "Aspect": "시간/속도",
        "SentimentText": "세척시간이 생각보다 너무 길어서 속터지네요ㅠ",
        "SentimentWord": "5",
        "SentimentPolarity": "-1"
      },
      {
        "Aspect": "용량",
        "SentimentText": "집에 손님이 오시면 큰 접시들 쓰는데 몇 개밖에 안 들어 가 그건 좀 아쉬움",
        "SentimentWord": "14",
        "SentimentPolarity": "-1"
      }
    ]
  },
  {
    "Index": "29302",
    "RawText": "엄마가 사용하시는걸 보고 구매했어요. 세척 기능이 너무 뛰어나에요 . 사이즈도 너무 크지도 작지도 않고 딱 적당한 사이즈예요^^",
    "Source": "쇼핑몰",
    "Domain": "가전",
    "MainCategory": "주방가전",
    "ProductName": "삼성전자 DW50R4055FS",
    "ReviewScore": "5",
    "Syllable": "71",
    "Word": "17",
    "RDate": "20200624",
    "GeneralPolarity": "1",
    "Aspects": [
      {
        "Aspect": "기능",
        "SentimentText": "세척 기능이 너무 뛰어나에요 .",
        "SentimentWord": "5",
        "SentimentPolarity": "1"
      },
      {
        "Aspect": "사이즈",
        "SentimentText": " 사이즈도 너무 크지도 작지도 않고 딱 적당한 사이즈예요^^",
        "SentimentWord": "8",
        "SentimentPolarity": "1"
      }
    ]
  }
]