[
  {
    "Index": "28539",
    "RawText": "그릇 넣는 공간이 진짜 너무 작아서 실망스럽습니다. 기계를 두 번 돌려야 되지만 편리해서 만족합니다.",
    "Source": "쇼핑몰",
    "Domain": "가전",
    "MainCategory": "주방가전",
    "ProductName": "SK매직 DWA-2800P",
    "ReviewScore": "5",
    "Syllable": "56",
    "Word": "14",
    "RDate": "20210712",
    "GeneralPolarity": "0",
    "Aspects": [
      {
        "Aspect": "용량",
        "SentimentText": "그릇 넣는 공간이 진짜 너무 작아서 실망스럽습니다. ",
        "SentimentWord": "7",
        "SentimentPolarity": "-1"
      },
      {
        "Aspect": "편의성",
        "SentimentText": "기계를 두 번 돌려야 되지만 편리해서 만족합니다.",
        "SentimentWord": "7",
        "SentimentPolarity": "1"
      }
    ]
  },
  {
    "Index": "28541",
    "RawText": "그릇이 깔끔하게 씻기고 자동으로 문이 열리니 좋네요! 습기가 자꾸 차서 사용하기가 불편해요",
    "Source": "쇼핑몰",
    "Domain": "가전",
    "MainCategory": "주방가전",
    "ProductName": "SK매직 DWA-2800P",
    "ReviewScore": "5",
    "Syllable": "50",
    "Word": "12",
    "RDate": "20210213",
    "GeneralPolarity": "0",
    "Aspects": [
      {
        "Aspect": "기능",
        "SentimentText": "그릇이 깔끔하게 씻기고 자동으로 문이 열리니 좋네요!",
        "SentimentWord": "7",
        "SentimentPolarity": "1"
      },
      {
        "Aspect": "편의성",
        "SentimentText": "습기가 자꾸 차서 사용하기가 불편해요",
        "SentimentWord": "5",
        "SentimentPolarity": "-1"
      }
    ]
  },
  {
    "Index": "28542",
    "RawText": "포장이 진짜 꼼꼼하게 잘 되어 왔어요! 세척도 아주 깨끗하게 잘 되네요. 배송도 진짜 빨라서 만족스럽습니다~~ 조작버튼이 너무 많아서 산만하고 쓰기에도 불편하네요.",
    "Source": "쇼핑몰",
    "Domain": "가전",
    "MainCategory": "주방가전",
    "ProductName": "SK매직 DWA-2800P",
    "ReviewScore": "5",
    "Syllable": "91",
    "Word": "21",
    "RDate": "20210630",
    "Aspects": [
      {
        "Aspect": "기능",
        "SentimentText": "세척도 아주 깨끗하게 잘 되네요.",
        "SentimentWord": "5",
        "SentimentPolarity": "1"
      },
      {
        "Aspect": "조작성",
        "SentimentText": "조작버튼이 너무 많아서 산만하고 쓰기에도 불편하네요.",
        "SentimentWord": "6",
        "SentimentPolarity": "-1"
      }
    ]
  },
  {
    "Index": "28543",
    "RawText": "무게가 많이 나가서 들기 힘듭니다. 세척시간도 오래 걸려서 별로에요 ㅠ 소음도 있어서 좀 시끄럽네요. 배송은 진짜 빨라서 만족합니다~",
    "Source": "쇼핑몰",
    "Domain": "가전",
    "MainCategory": "주방가전",
    "ProductName": "SK매직 DWA-2800P",
    "ReviewScore": "5",
    "Syllable": "74",
    "Word": "18",
    "RDate": "20220111",
    "Aspects": [
      {
        "Aspect": "무게",
        "SentimentText": "무게가 많이 나가서 들기 힘듭니다. ",
        "SentimentWord": "5",
        "SentimentPolarity": "-1"
      },
      {
        "Aspect": "시간/속도",
        "SentimentText": "세척시간도 오래 걸려서 별로에요 ㅠ",
        "SentimentWord": "5",
        "SentimentPolarity": "-1"
      },
      {
        "Aspect": "소음",
        "SentimentText": "소음도 있어서 좀 시끄럽네요. ",
        "SentimentWord": "4",
        "SentimentPolarity": "-1"
      }
    ]
  },
  {
    "Index": "28545",
    "RawText": "작은 그릇들 씻기에는 아주 실용적이네요~ 소음이 좀 있어서 시끄러워 아쉽습니다.",
    "Source": "쇼핑몰",
    "Domain": "가전",
    "MainCategory": "주방가전",
    "ProductName": "SK매직 DWA-2800P",
    "ReviewScore": "5",
    "Syllable": "44",
    "Word": "10",
    "RDate": "20210527",
    "GeneralPolarity": "0",
    "Aspects": [
      {
        "Aspect": "편의성",
        "SentimentText": "작은 그릇들 씻기에는 아주 실용적이네요~ ",
        "SentimentWord": "5",
        "SentimentPolarity": "1"
      },
      {
        "Aspect": "소음",
        "SentimentText": "소음이 좀 있어서 시끄러워 아쉽습니다.",
        "SentimentWord": "5",
        "SentimentPolarity": "-1"
      }
    ]
  },
  {
    "Index": "28546",
    "RawText": "셀프로 설치하기 간단하고 쉬워서 좋네요~! 하얀색이라 너무 이쁘고 다른 가구들이랑도 잘 어울려서 만족합니다.",
    "Source": "쇼핑몰",
    "Domain": "가전",
    "MainCategory": "주방가전",
    "ProductName": "SK매직 DWA-2800P",
    "ReviewScore": "4",
    "Syllable": "60",
    "Word": "13",
    "RDate": "20210126",
    "GeneralPolarity": "1",
    "Aspects": [
      {
        "Aspect": "조작성",
        "SentimentText": "셀프로 설치하기 간단하고 쉬워서 좋네요~! ",
        "SentimentWord": "5",
        "SentimentPolarity": "1"
      },
      {
        "Aspect": "색상",
        "SentimentText": "하얀색이라 너무 이쁘고 다른 가구들이랑도 잘 어울려서 만족합니다.",
        "SentimentWord": "8",
        "SentimentPolarity": "1"
      }
    ]
  },
  {
    "Index": "28547",
    "RawText": "용량이 생각보다 큰 거 같아서 만족스러워요~ 그릇도 깨끗이 잘 닦여서 좋습니다!",
    "Source": "쇼핑몰",
    "Domain": "가전",
    "MainCategory": "주방가전",
    "ProductName": "SK매직 DWA-2800P",
    "ReviewScore": "5",
    "Syllable": "44",
    "Word": "11",
    "RDate": "20210514",
    "GeneralPolarity": "1",
    "Aspects": [
      {
        "Aspect": "용량",
        "SentimentText": "용량이 생각보다 큰 거 같아서 만족스러워요~ ",
        "SentimentWord": "6",
        "SentimentPolarity": "1"
      },
      {
        "Aspect": "기능",
        "SentimentText": "그릇도 깨끗이 잘 닦여서 좋습니다!",
        "SentimentWord": "5",
        "SentimentPolarity": "1"
      }
    ]
  },
  {
    "Index": "28553",
    "RawText": "소음이 거의 없어서 좋아요. 그릇도 뽀드득 잘 닦여서 좋네요! 기사님도 너무 친절하셔서 만족스럽네요~",
    "Source": "쇼핑몰",
    "Domain": "가전",
    "MainCategory": "주방가전",
    "ProductName": "SK매직 DWA-2910P",
    "ReviewScore": "5",
    "Syllable": "56",
    "Word": "13",
    "RDate": "20220427",
    "Aspects": [
      {
        "Aspect": "소음",
        "SentimentText": "소음이 거의 없어서 좋아요. ",
        "SentimentWord": "4",
        "SentimentPolarity": "1"
      },
      {
        "Aspect": "기능",
        "SentimentText": "그릇도 뽀드득 잘 닦여서 좋네요!",
        "SentimentWord": "5",
        "SentimentPolarity": "1"
      }
    ]
  },
  {
    "Index": "28554",
    "RawText": "생각보다 많이 들어가서 너무 좋습니다~ 기사님도 완전 친절하셔서 기분이 다 좋네요. 전용세제도 챙겨주셔서 감사해요",
    "Source": "쇼핑몰",
    "Domain": "가전",
    "MainCategory": "주방가전",
    "ProductName": "SK매직 DWA-2910P",
    "ReviewScore": "5",
    "Syllable": "63",
    "Word": "14",
    "RDate": "20220425",
    "Aspects": [
      {
        "Aspect": "용량",
        "SentimentText": "생각보다 많이 들어가서 너무 좋습니다~",
        "SentimentWord": "5",
        "SentimentPolarity": "1"
      },
      {
        "Aspect": "제품구성",
        "SentimentText": "전용세제도 챙겨주셔서 감사해요",
        "SentimentWord": "3",
        "SentimentPolarity": "1"
      }
    ]
  },
  {
    "Index": "28555",
    "RawText": "세척력이 너무 좋습니다 그릇이 깨끗해지네요! 기사분도 짜증 한번 안내시고 진짜 친절하셔요 따봉~ 많은 양의 그릇이 들어가요",
    "Source": "쇼핑몰",
    "Domain": "가전",
    "MainCategory": "주방가전",
    "ProductName": "SK매직 DWA-2910P",
    "ReviewScore": "5",
    "Syllable": "68",
    "Word": "16",
    "RDate": "20220426",
    "Aspects": [
      {
        "Aspect": "기능",
        "SentimentText": "세척력이 너무 좋습니다 그릇이 깨끗해지네요! ",
        "SentimentWord": "5",
        "SentimentPolarity": "1"
      },
      {
        "Aspect": "용량",
        "SentimentText": "많은 양의 그릇이 들어가요",
        "SentimentWord": "4",
        "SentimentPolarity": "1"
      }
    ]
  },
  {
    "Index": "28556",
    "RawText": "용량이 작아서 더 마음에 들어요. 기사님 깔끔하고 친절하게 설치해주셔서 너무 만족스러워요 사이즈도 작아서 작은집에 어울리네요",
    "Source": "쇼핑몰",
    "Domain": "가전",
    "MainCategory": "주방가전",
    "ProductName": "SK매직 DWA-2910P",
    "ReviewScore": "5",
    "Syllable": "69",
    "Word": "15",
    "RDate": "20220818",
    "Aspects": [
      {
        "Aspect": "용량",
        "SentimentText": "용량이 작아서 더 마음에 들어요. ",
        "SentimentWord": "5",
        "SentimentPolarity": "1"
      },
      {
        "Aspect": "사이즈",
        "SentimentText": "사이즈도 작아서 작은집에 어울리네요",
        "SentimentWord": "4",
        "SentimentPolarity": "1"
      }
    ]
  },
  {
    "Index": "28557",
    "RawText": "세척 다 하면 자동으로 문이 열리는 기능이 있어서 좋아요. 대신 소음이 좀 있어서 불편하네요..ㅠㅠ",
    "Source": "쇼핑몰",
    "Domain": "가전",
    "MainCategory": "주방가전",
    "ProductName": "SK매직 DWA-2910P",
    "ReviewScore": "5",
    "Syllable": "55",
    "Word": "14",
    "RDate": "20220611",
    "GeneralPolarity": "0",
    "Aspects": [
      {
        "Aspect": "기능",
        "SentimentText": "세척 다 하면 자동으로 문이 열리는 기능이 있어서 좋아요.",
        "SentimentWord": "9",
        "SentimentPolarity": "1"
      },
      {
        "Aspect": "소음",
        "SentimentText": "소음이 좀 있어서 불편하네요..ㅠㅠ",
        "SentimentWord": "4",
        "SentimentPolarity": "-1"
      }
    ]
  },
  {
    "Index": "28559",
    "RawText": "세척기 크기가 작아서 큰 공간이 필요 없어서 좋네요. 배송도 원하는 날짜에 와서 만족입니다! 작동시에 소음이 느껴지지 않아서 다행이에요",
    "Source": "쇼핑몰",
    "Domain": "가전",
    "MainCategory": "주방가전",
    "ProductName": "SK매직 DWA-2910P",
    "ReviewScore": "5",
    "Syllable": "75",
    "Word": "18",
    "RDate": "20220522",
    "Aspects": [
      {
        "Aspect": "사이즈",
        "SentimentText": "세척기 크기가 작아서 큰 공간이 필요 없어서 좋네요. ",
        "SentimentWord": "8",
        "SentimentPolarity": "1"
      },
      {
        "Aspect": "소음",
        "SentimentText": "작동시에 소음이 느껴지지 않아서 다행이에요",
        "SentimentWord": "5",
        "SentimentPolarity": "1"
      }
    ]
  },
  {
    "Index": "28560",
    "RawText": "그릇이 생각보다 많이 들어가서 마음에 들어요~ 배송은 완전 빨라서 최고에요~ 소음도 1도 없어서 조용하고 좋습니다!",
    "Source": "쇼핑몰",
    "Domain": "가전",
    "MainCategory": "주방가전",
    "ProductName": "SK매직 DWA-2910P",
    "ReviewScore": "5",
    "Syllable": "64",
    "Word": "15",
    "RDate": "20220425",
    "Aspects": [
      {
        "Aspect": "용량",
        "SentimentText": "그릇이 생각보다 많이 들어가서 마음에 들어요~",
        "SentimentWord": "6",
        "SentimentPolarity": "1"
      },
      {
        "Aspect": "소음",
        "SentimentText": "소음도 1도 없어서 조용하고 좋습니다!",
        "SentimentWord": "5",
        "SentimentPolarity": "1"
      }
    ]
  },
  {
    "Index": "28562",
    "RawText": "빠른 배송에 친절한 기사님이 잘 설치해 주셨네요. ^^ 근데 사이즈가 좀 커요ㅜㅜ 작동법이 단순해서 저희집 아이도 다룰수 있네요",
    "Source": "쇼핑몰",
    "Domain": "가전",
    "MainCategory": "주방가전",
    "ProductName": "SK매직 DWA-2910P",
    "ReviewScore": "5",
    "Syllable": "71",
    "Word": "18",
    "RDate": "20220603",
    "Aspects": [
      {
        "Aspect": "조작성",
        "SentimentText": "작동법이 단순해서 저희집 아이도 다룰수 있네요",
        "SentimentWord": "6",
        "SentimentPolarity": "1"
      },
      {
        "Aspect": "사이즈",
        "SentimentText": " 근데 사이즈가 좀 커요ㅜㅜ  ",
        "SentimentWord": "4",
        "SentimentPolarity": "-1"
      }
    ]
  },
  {
    "Index": "28565",
    "RawText": "빠른 배송  친절한 기사님이 잘 해 주셔서 감사합니다. 세척시간 빠른 것 같아요. 근데 기름때가 잘 없어져서 너무 좋네요",
    "Source": "쇼핑몰",
    "Domain": "가전",
    "MainCategory": "주방가전",
    "ProductName": "SK매직 DWA-2910P",
    "ReviewScore": "5",
    "Syllable": "67",
    "Word": "18",
    "RDate": "20220821",
    "Aspects": [
      {
        "Aspect": "시간/속도",
        "SentimentText": " 세척시간 빠른 것 같아요 ",
        "SentimentWord": "4",
        "SentimentPolarity": "1"
      },
      {
        "Aspect": "기능",
        "SentimentText": "기름때가 잘 없어져서 너무 좋네요 ",
        "SentimentWord": "5",
        "SentimentPolarity": "1"
      }
    ]
  },
  {
    "Index": "28568",
    "RawText": "생각 외로 시간이 길지 않은 것 같아 좋네요. 잘 정리해서 넣으면 24cm팬도  넣을 수 있고 2인분 식기양도 충분히 들어가네요",
    "Source": "쇼핑몰",
    "Domain": "가전",
    "MainCategory": "주방가전",
    "ProductName": "SK매직 DWA-2910P",
    "ReviewScore": "5",
    "Syllable": "71",
    "Word": "19",
    "RDate": "20220608",
    "GeneralPolarity": "1",
    "Aspects": [
      {
        "Aspect": "시간/속도",
        "SentimentText": "생각 외로 시간이 길지 않은 것 같아 좋네요",
        "SentimentWord": "8",
        "SentimentPolarity": "1"
      },
      {
        "Aspect": "용량",
        "SentimentText": "잘 정리해서 넣으면 24cm팬도  넣을 수 있고 2인분 식기양도 충분히 들어가네요",
        "SentimentWord": "11",
        "SentimentPolarity": "1"
      }
    ]
  },
  {
    "Index": "28569",
    "RawText": "선물해 드렸는데 기사님한테 설치 잘 받았고 친절하셔다가 연락받았어요 ^^ 근데 사이즈 생각 못 하고 선물 했더니 조리대가 비 좁다고 하네요ㅡㅡ설치방법이 단순해서 손쉽게 설치했어요",
    "Source": "쇼핑몰",
    "Domain": "가전",
    "MainCategory": "주방가전",
    "ProductName": "SK매직 DWA-2910P",
    "ReviewScore": "5",
    "Syllable": "99",
    "Word": "23",
    "RDate": "20220723",
    "Aspects": [
      {
        "Aspect": "조작성",
        "SentimentText": "설치방법이 단순해서 손쉽게 설치했어요",
        "SentimentWord": "4",
        "SentimentPolarity": "1"
      },
      {
        "Aspect": "사이즈",
        "SentimentText": "사이즈 생각 못 하고 선물 했더니 조리대가 비 좁다고 하네요ㅡㅡ ",
        "SentimentWord": "10",
        "SentimentPolarity": "-1"
      }
    ]
  },
  {
    "Index": "28572",
    "RawText": "정말 빠른 배송 이였고 기사님도 대에박 친절 하셨어요!!! 1인가구에서 쓰기 딱 좋은 용량 같아요! 같은 종류의 제품중에서 가장 저렴한 가격에 구매했어요",
    "Source": "쇼핑몰",
    "Domain": "가전",
    "MainCategory": "주방가전",
    "ProductName": "SK매직 DWA-2910P",
    "ReviewScore": "5",
    "Syllable": "85",
    "Word": "21",
    "RDate": "20220603",
    "Aspects": [
      {
        "Aspect": "가격",
        "SentimentText": "같은 종류의 제품중에서 가장 저렴한 가격에 구매했어요",
        "SentimentWord": "7",
        "SentimentPolarity": "1"
      },
      {
        "Aspect": "용량",
        "SentimentText": " 1인가구에서 쓰기 딱 좋은 용량 같아요! ",
        "SentimentWord": "6",
        "SentimentPolarity": "1"
      }
    ]
  },
  {
    "Index": "28573",
    "RawText": "기사님이 친절하셨고 꼼꼼히 설치해 주셔서 참 감사했네요. 식세기 성능도 엄청나게 좋아  그릇들이 깨끗해요! 완전 추천품 용량이 적당해서 1인가구에 적당하네요",
    "Source": "쇼핑몰",
    "Domain": "가전",
    "MainCategory": "주방가전",
    "ProductName": "SK매직 DWA-2910P",
    "ReviewScore": "5",
    "Syllable": "87",
    "Word": "19",
    "RDate": "20220523",
    "Aspects": [
      {
        "Aspect": "용량",
        "SentimentText": "용량이 적당해서 1인가구에 적당하네요",
        "SentimentWord": "4",
        "SentimentPolarity": "1"
      },
      {
        "Aspect": "기능",
        "SentimentText": "식세기 성능도 엄청나게 좋아  그릇들이 깨끗해요! 완전 추천품 ",
        "SentimentWord": "8",
        "SentimentPolarity": "1"
      }
    ]
  },
  {
    "Index": "28574",
    "RawText": "기사님 대박 친절 하셨네요. 디자인도 심플하니 이뻐요~ 그릇 2단으로 넣으면 많은 양  들어가서 딱 쓰기 좋아요",
    "Source": "쇼핑몰",
    "Domain": "가전",
    "MainCategory": "주방가전",
    "ProductName": "SK매직 DWA-2910P",
    "ReviewScore": "5",
    "Syllable": "62",
    "Word": "16",
    "RDate": "20220822",
    "Aspects": [
      {
        "Aspect": "디자인",
        "SentimentText": " 디자인도 심플하니 이뻐요~ ",
        "SentimentWord": "3",
        "SentimentPolarity": "1"
      },
      {
        "Aspect": "용량",
        "SentimentText": "그릇 2단으로 넣으면 많은 양  들어가서 딱 쓰기 좋아요 ",
        "SentimentWord": "9",
        "SentimentPolarity": "1"
      }
    ]
  },
  {
    "Index": "28575",
    "RawText": "성격 급한 신분들께는 비추!!  생각보다  세척 시간이 오래 걸려요.  저도 몰아서 가동하는데 비교적 많은 양이 들어가요. 외관 디자인도 이뻐요",
    "Source": "쇼핑몰",
    "Domain": "가전",
    "MainCategory": "주방가전",
    "ProductName": "SK매직 DWA-2910P",
    "ReviewScore": "4",
    "Syllable": "80",
    "Word": "19",
    "RDate": "20220630",
    "GeneralPolarity": "0",
    "Aspects": [
      {
        "Aspect": "시간/속도",
        "SentimentText": "성격 급한 신분들께는 비추!!  생각보다  세척 시간이 오래 걸려요. ",
        "SentimentWord": "9",
        "SentimentPolarity": "-1"
      },
      {
        "Aspect": "용량",
        "SentimentText": "저도 몰아서 가동하는데 비교적 많은 양이 들어가요",
        "SentimentWord": "7",
        "SentimentPolarity": "1"
      },
      {
        "Aspect": "디자인",
        "SentimentText": "외관 디자인도 이뻐요 ",
        "SentimentWord": "3",
        "SentimentPolarity": "1"
      }
    ]
  },
  {
    "Index": "28576",
    "RawText": "확실히 성능은 좋은 것 같아요. 주방이 좁아서 이 제품 샀지만 사이즈가 더 컸으면 하네요.. 안이 안 보여서 볼 수 없어 답답합니다.",
    "Source": "쇼핑몰",
    "Domain": "가전",
    "MainCategory": "주방가전",
    "ProductName": "SK매직 DWA-2910P",
    "ReviewScore": "3",
    "Syllable": "74",
    "Word": "21",
    "RDate": "20220504",
    "GeneralPolarity": "0",
    "Aspects": [
      {
        "Aspect": "기능",
        "SentimentText": "확실히 성능은 좋은 것 같아요.",
        "SentimentWord": "5",
        "SentimentPolarity": "1"
      },
      {
        "Aspect": "사이즈",
        "SentimentText": "주방이 좁아서 이 제품 샀지만 사이즈가 더 컸으면 하네요..",
        "SentimentWord": "9",
        "SentimentPolarity": "-1"
      },
      {
        "Aspect": "편의성",
        "SentimentText": "안이 안 보여서 볼 수 없어 답답합니다.",
        "SentimentWord": "7",
        "SentimentPolarity": "-1"
      }
    ]
  },
  {
    "Index": "28577",
    "RawText": "요즘 대세 식세기  세척력도 좋아 대 만족!! 사이즈가 그렇게 안 커 자리도 안 차지해요~ 카운터탑 스타일 허리 안 숙여 더 편해서 좋네요",
    "Source": "쇼핑몰",
    "Domain": "가전",
    "MainCategory": "주방가전",
    "ProductName": "SK매직 DWA-2910P",
    "ReviewScore": "5",
    "Syllable": "77",
    "Word": "22",
    "RDate": "20220621",
    "GeneralPolarity": "1",
    "Aspects": [
      {
        "Aspect": "기능",
        "SentimentText": "요즘 대세 식세기  세척력도 좋아 대 만족!!",
        "SentimentWord": "7",
        "SentimentPolarity": "1"
      },
      {
        "Aspect": "사이즈",
        "SentimentText": "사이즈가 그렇게 안 커 자리도 안 차지해요~",
        "SentimentWord": "7",
        "SentimentPolarity": "1"
      },
      {
        "Aspect": "편의성",
        "SentimentText": "카운터탑 스타일 허리 안 숙여 더 편해서 좋네요",
        "SentimentWord": "8",
        "SentimentPolarity": "1"
      }
    ]
  },
  {
    "Index": "28578",
    "RawText": "사이즈가 슬림해서 딱인 것 같아요!! 생각보다는 세척 소리도 안 큰 것 같아요..^^ 설치 또한 정수기 타공 구멍을 해결해 깔끔하네요",
    "Source": "쇼핑몰",
    "Domain": "가전",
    "MainCategory": "주방가전",
    "ProductName": "SK매직 DWA-2910P",
    "ReviewScore": "5",
    "Syllable": "74",
    "Word": "19",
    "RDate": "20220422",
    "Aspects": [
      {
        "Aspect": "사이즈",
        "SentimentText": "사이즈가 슬림해서 딱인 것 같아요!!",
        "SentimentWord": "5",
        "SentimentPolarity": "1"
      },
      {
        "Aspect": "소음",
        "SentimentText": "생각보다는 세척 소리도 안 큰 것 같아요..^^",
        "SentimentWord": "7",
        "SentimentPolarity": "1"
      }
    ]
  },
  {
    "Index": "28582",
    "RawText": "라이브 방송으로 저렴하게 구입 해 좋네요~ 근데 추가 구성품 세제가 한 통뿐이네요ㅜㅜ",
    "Source": "쇼핑몰",
    "Domain": "가전",
    "MainCategory": "주방가전",
    "ProductName": "SK매직 DWA-2910P",
    "ReviewScore": "5",
    "Syllable": "47",
    "Word": "12",
    "RDate": "20220802",
    "GeneralPolarity": "0",
    "Aspects": [
      {
        "Aspect": "가격",
        "SentimentText": "라이브 방송으로 저렴하게 구입 해 좋네요~",
        "SentimentWord": "6",
        "SentimentPolarity": "1"
      },
      {
        "Aspect": "제품구성",
        "SentimentText": "근데 추가 구성품 세제가 한 통뿐이네요ㅜㅜ",
        "SentimentWord": "6",
        "SentimentPolarity": "-1"
      }
    ]
  },
  {
    "Index": "28586",
    "RawText": "세정력 아주 마음에 드네요. 수납 양도 생각 외로 많이 들어가 대박이네요. 디자인 역시 최고",
    "Source": "쇼핑몰",
    "Domain": "가전",
    "MainCategory": "주방가전",
    "ProductName": "SK매직 DWA-2910P",
    "ReviewScore": "5",
    "Syllable": "51",
    "Word": "14",
    "RDate": "20220820",
    "GeneralPolarity": "1",
    "Aspects": [
      {
        "Aspect": "기능",
        "SentimentText": "세정력 아주 마음에 드네요 ",
        "SentimentWord": "4",
        "SentimentPolarity": "1"
      },
      {
        "Aspect": "용량",
        "SentimentText": "수납 양도 생각 외로 많이 들어가 대박이네요 ",
        "SentimentWord": "7",
        "SentimentPolarity": "1"
      },
      {
        "Aspect": "디자인",
        "SentimentText": "디자인 역시 최고 ",
        "SentimentWord": "3",
        "SentimentPolarity": "1"
      }
    ]
  },
  {
    "Index": "28588",
    "RawText": "어머니 댁 설치했는데 사이즈가 괜찮아 자리 차지 안 해요. 디자인도 깔끔해 더욱 좋아 하시네요",
    "Source": "쇼핑몰",
    "Domain": "가전",
    "MainCategory": "주방가전",
    "ProductName": "SK매직 DWA-2910P",
    "ReviewScore": "4",
    "Syllable": "52",
    "Word": "14",
    "RDate": "20220423",
    "GeneralPolarity": "1",
    "Aspects": [
      {
        "Aspect": "사이즈",
        "SentimentText": "어머니 댁 설치했는데 사이즈가 괜찮아 자리 차지 안 해요",
        "SentimentWord": "9",
        "SentimentPolarity": "1"
      },
      {
        "Aspect": "디자인",
        "SentimentText": "디자인도 깔끔해 더욱 좋아 하시네요 ",
        "SentimentWord": "5",
        "SentimentPolarity": "1"
      }
    ]
  },
  {
    "Index": "28589",
    "RawText": "디자인이 심플하니 이쁘네요~세척력도 반짝반짝 아주 끝내줘요~배수할 때만 소리가 좀 나는 것 같아요.세척 후 건조가 안 되는 것 같아 아쉽네요",
    "Source": "쇼핑몰",
    "Domain": "가전",
    "MainCategory": "주방가전",
    "ProductName": "SK매직 DWA-2910P",
    "ReviewScore": "4",
    "Syllable": "78",
    "Word": "19",
    "RDate": "20220429",
    "GeneralPolarity": "0",
    "Aspects": [
      {
        "Aspect": "디자인",
        "SentimentText": "디자인이 심플하니 이쁘네요~",
        "SentimentWord": "3",
        "SentimentPolarity": "1"
      },
      {
        "Aspect": "기능",
        "SentimentText": "세척력도 반짝반짝 아주 끝내줘요~",
        "SentimentWord": "4",
        "SentimentPolarity": "1"
      },
      {
        "Aspect": "소음",
        "SentimentText": "배수할 때만 소리가 좀 나는 것 같아요.",
        "SentimentWord": "7",
        "SentimentPolarity": "0"
      },
      {
        "Aspect": "기능",
        "SentimentText": "세척 후 건조가 안 되는 것 같아 아쉽네요",
        "SentimentWord": "8",
        "SentimentPolarity": "-1"
      }
    ]
  },
  {
    "Index": "28591",
    "RawText": "디자인은 이쁘네요~  생각 외로 사이즈 좋아 많은 양이 들어가 좋아요!!",
    "Source": "쇼핑몰",
    "Domain": "가전",
    "MainCategory": "주방가전",
    "ProductName": "SK매직 DWA-2910P",
    "ReviewScore": "5",
    "Syllable": "40",
    "Word": "10",
    "RDate": "20220427",
    "GeneralPolarity": "1",
    "Aspects": [
      {
        "Aspect": "디자인",
        "SentimentText": "디자인은 이쁘네요~",
        "SentimentWord": "2",
        "SentimentPolarity": "1"
      },
      {
        "Aspect": "용량",
        "SentimentText": "생각 외로 사이즈 좋아 많은 양이 들어가 좋아요!! ",
        "SentimentWord": "8",
        "SentimentPolarity": "1"
      }
    ]
  },
  {
    "Index": "28592",
    "RawText": "지인 추천으로 구매 했는데 디자인 이쁘네요~ 설거지도 깨끗하게 잘 되니깐 너무 좋아요",
    "Source": "쇼핑몰",
    "Domain": "가전",
    "MainCategory": "주방가전",
    "ProductName": "SK매직 DWA-2910P",
    "ReviewScore": "5",
    "Syllable": "47",
    "Word": "12",
    "RDate": "20220511",
    "GeneralPolarity": "1",
    "Aspects": [
      {
        "Aspect": "디자인",
        "SentimentText": "지인 추천으로 구매 했는데 디자인 이쁘네요~",
        "SentimentWord": "6",
        "SentimentPolarity": "1"
      },
      {
        "Aspect": "기능",
        "SentimentText": "설거지도 깨끗하게 잘 되니깐 너무 좋아요",
        "SentimentWord": "6",
        "SentimentPolarity": "1"
      }
    ]
  },
  {
    "Index": "28593",
    "RawText": "일단 디자인 이뻐서 합격!! 간편 기능이 없는게 좀 아쉽네요..  수납공간도 넓어 활용도 놓아  만족 ^^",
    "Source": "쇼핑몰",
    "Domain": "가전",
    "MainCategory": "주방가전",
    "ProductName": "SK매직 DWA-2910P",
    "ReviewScore": "5",
    "Syllable": "59",
    "Word": "15",
    "RDate": "20220430",
    "GeneralPolarity": "1",
    "Aspects": [
      {
        "Aspect": "디자인",
        "SentimentText": "일단 디자인 이뻐서 합격!!",
        "SentimentWord": "4",
        "SentimentPolarity": "1"
      },
      {
        "Aspect": "기능",
        "SentimentText": "간편 기능이 없는게 좀 아쉽네요 ",
        "SentimentWord": "5",
        "SentimentPolarity": "0"
      },
      {
        "Aspect": "용량",
        "SentimentText": " 수납공간도 넓어 활용도 놓아  만족 ^^ ",
        "SentimentWord": "6",
        "SentimentPolarity": "1"
      }
    ]
  },
  {
    "Index": "28594",
    "RawText": "전 모델 보다는 디자인 이뻐져서 좋네요.   소리도 생각보다 크지 않아 잘 사용 하고있어요 ㅎㅎ",
    "Source": "쇼핑몰",
    "Domain": "가전",
    "MainCategory": "주방가전",
    "ProductName": "SK매직 DWA-2910P",
    "ReviewScore": "5",
    "Syllable": "53",
    "Word": "14",
    "RDate": "20220618",
    "GeneralPolarity": "1",
    "Aspects": [
      {
        "Aspect": "디자인",
        "SentimentText": "전 모델 보다는 디자인 이뻐져서 좋네요.  ",
        "SentimentWord": "6",
        "SentimentPolarity": "1"
      },
      {
        "Aspect": "소음",
        "SentimentText": "소리도 생각보다 크지 않아 잘 사용 하고있어요 ㅎㅎ ",
        "SentimentWord": "8",
        "SentimentPolarity": "1"
      }
    ]
  },
  {
    "Index": "28596",
    "RawText": "배송 설치 정말 빠릅니다.  6인용 구매했는데 사이즈 좋아 공간 차지 안 해요. 소리도 아주 조용하네요~ 추천",
    "Source": "쇼핑몰",
    "Domain": "가전",
    "MainCategory": "주방가전",
    "ProductName": "SK매직 DWA-2910P",
    "ReviewScore": "5",
    "Syllable": "61",
    "Word": "16",
    "RDate": "20220423",
    "Aspects": [
      {
        "Aspect": "사이즈",
        "SentimentText": "6인용 구매했는데 사이즈 좋아 공간 차지 안 해요",
        "SentimentWord": "8",
        "SentimentPolarity": "1"
      },
      {
        "Aspect": "소음",
        "SentimentText": " 소리도 아주 조용하네요~ 추천 ",
        "SentimentWord": "4",
        "SentimentPolarity": "1"
      }
    ]
  },
  {
    "Index": "28597",
    "RawText": "기사님께서 친절히 설명후에 설치도 잘 해주셔서 좋았습니다. 내부공간이 생각보다 협소해서 몇개 넣지는 못할거 같아 아쉽네요. 사이즈는 작은 우리집 주방에 딱이에요",
    "Source": "쇼핑몰",
    "Domain": "가전",
    "MainCategory": "주방가전",
    "ProductName": "SK매직 DWA-2910P",
    "ReviewScore": "5",
    "Syllable": "89",
    "Word": "20",
    "RDate": "20220624",
    "Aspects": [
      {
        "Aspect": "사이즈",
        "SentimentText": "사이즈는 작은 우리집 주방에 딱이에요",
        "SentimentWord": "5",
        "SentimentPolarity": "1"
      },
      {
        "Aspect": "용량",
        "SentimentText": "내부공간이 생각보다 협소해서 몇개 넣지는 못할거 같아 아쉽네요.",
        "SentimentWord": "8",
        "SentimentPolarity": "-1"
      }
    ]
  },
  {
    "Index": "28598",
    "RawText": "처음으로 이 브랜드 식기세척기 샀는데 역시 이브랜드네요! 너무 좋아요. 디자인 진짜 깔끔하니 너무 예뻐서 좋아요. 세척기능은 말할 것도 없이 완벽하구요 넘 좋아요!",
    "Source": "쇼핑몰",
    "Domain": "가전",
    "MainCategory": "주방가전",
    "ProductName": "SK매직 DWA-2910P",
    "ReviewScore": "5",
    "Syllable": "91",
    "Word": "22",
    "RDate": "20220601",
    "GeneralPolarity": "1",
    "Aspects": [
      {
        "Aspect": "제조일/제조사",
        "SentimentText": "처음으로 이 브랜드 식기세척기 샀는데 역시 이브랜드네요! 너무 좋아요.",
        "SentimentWord": "9",
        "SentimentPolarity": "1"
      },
      {
        "Aspect": "디자인",
        "SentimentText": "디자인 진짜 깔끔하니 너무 예뻐서 좋아요.",
        "SentimentWord": "6",
        "SentimentPolarity": "1"
      },
      {
        "Aspect": "기능",
        "SentimentText": "세척기능은 말할 것도 없이 완벽하구요 넘 좋아요!",
        "SentimentWord": "7",
        "SentimentPolarity": "1"
      }
    ]
  },
  {
    "Index": "28599",
    "RawText": "타공 안하고 호스 연장으로 설치가 되어 좋아요~ 진작 ㅇㅇㅇ로 설치 할걸 그랬나봐요~소리는 세탁기랑 비교했을 때 비슷해 소리가 나는 편 같아요",
    "Source": "쇼핑몰",
    "Domain": "가전",
    "MainCategory": "주방가전",
    "ProductName": "SK매직 DWA-2910P",
    "ReviewScore": "4",
    "Syllable": "79",
    "Word": "20",
    "RDate": "20220425",
    "Aspects": [
      {
        "Aspect": "제조일/제조사",
        "SentimentText": "진작 ㅇㅇㅇ로 설치 할걸 그랬나봐요~ ",
        "SentimentWord": "5",
        "SentimentPolarity": "1"
      },
      {
        "Aspect": "소음",
        "SentimentText": "소리는 세탁기랑 비교했을 때 비슷해 소리가 나는 편 같아요",
        "SentimentWord": "9",
        "SentimentPolarity": "-1"
      }
    ]
  },
  {
    "Index": "28601",
    "RawText": "배송은 약 3~4일 만에 설치 되었어요^^ 지금 성능 테스트하는 중인데 괜찮은 것 같아서 그냥 씁니다. 품질은 정말로 뛰어나네요",
    "Source": "쇼핑몰",
    "Domain": "가전",
    "MainCategory": "주방가전",
    "ProductName": "SK매직 DWA-2910P",
    "ReviewScore": "4",
    "Syllable": "71",
    "Word": "18",
    "RDate": "20220525",
    "Aspects": [
      {
        "Aspect": "품질",
        "SentimentText": "품질은 정말로 뛰어나네요",
        "SentimentWord": "3",
        "SentimentPolarity": "1"
      },
      {
        "Aspect": "기능",
        "SentimentText": "지금 성능 테스트하는 중인데 괜찮은 것 같아서 그냥 씁니다.",
        "SentimentWord": "9",
        "SentimentPolarity": "0"
      }
    ]
  },
  {
    "Index": "28602",
    "RawText": "한달 사용후기~성능 아직까지 너무 좋아요♡ 설치 기사님도 친절 해서 기분 좋았어요♡♡ 디자인은 시간이 지날수록 더욱 반하게되네요",
    "Source": "쇼핑몰",
    "Domain": "가전",
    "MainCategory": "주방가전",
    "ProductName": "SK매직 DWA-2910P",
    "ReviewScore": "5",
    "Syllable": "71",
    "Word": "16",
    "RDate": "20220824",
    "Aspects": [
      {
        "Aspect": "기능",
        "SentimentText": "한달 사용후기~성능 아직까지 너무 좋아요♡",
        "SentimentWord": "5",
        "SentimentPolarity": "1"
      },
      {
        "Aspect": "디자인",
        "SentimentText": "디자인은 시간이 지날수록 더욱 반하게되네요",
        "SentimentWord": "5",
        "SentimentPolarity": "1"
      }
    ]
  },
  {
    "Index": "28604",
    "RawText": "내 맘대로  설정 할 수 있어 좋아요.  헹굼만도 설정 할 수 있는 기능도 있어  너무 편한것 같아요. 근데 접시를 아래에만 세울 수 있어 사용하기 불편하네요",
    "Source": "쇼핑몰",
    "Domain": "가전",
    "MainCategory": "주방가전",
    "ProductName": "SK매직 트리플케어 DWA-19R1P",
    "ReviewScore": "5",
    "Syllable": "88",
    "Word": "25",
    "RDate": "20220820",
    "GeneralPolarity": "0",
    "Aspects": [
      {
        "Aspect": "조작성",
        "SentimentText": "내 맘대로 설정 할 수 있어 좋아요",
        "SentimentWord": "7",
        "SentimentPolarity": "1"
      },
      {
        "Aspect": "기능",
        "SentimentText": " 헹굼만도 설정 할 수 있는 기능도 있어  너무 편한것 같아요",
        "SentimentWord": "10",
        "SentimentPolarity": "1"
      },
      {
        "Aspect": "편의성",
        "SentimentText": "근데 접시를 아래에만 세울 수 있어 사용하기 불편하네요 ",
        "SentimentWord": "8",
        "SentimentPolarity": "-1"
      }
    ]
  },
  {
    "Index": "28605",
    "RawText": "더 큰 세척기를 설치하려 했으나 공간이 부족해 6인용 식기세척기로 선택했는데 사이즈 아주 맞춘것 처럼 딱 맞아  만족스러워요^^  세척기능도 흘륭하고 완료 후에 자동으로 문도 열려서 너무 좋아요!",
    "Source": "쇼핑몰",
    "Domain": "가전",
    "MainCategory": "주방가전",
    "ProductName": "SK매직 트리플케어 DWA-19R1P",
    "ReviewScore": "5",
    "Syllable": "109",
    "Word": "26",
    "RDate": "20220302",
    "GeneralPolarity": "1",
    "Aspects": [
      {
        "Aspect": "사이즈",
        "SentimentText": "더 큰 세척기를 설치하려 했으나 공간이 부족해 6인용 식기세척기로 선택했는데 사이즈 아주 맞춘것 처럼 딱 맞아  만족스러워요^^",
        "SentimentWord": "17",
        "SentimentPolarity": "1"
      },
      {
        "Aspect": "기능",
        "SentimentText": "세척기능도 흘륭하고 완료 후에 자동으로 문도 열려서 너무 좋아요!",
        "SentimentWord": "9",
        "SentimentPolarity": "1"
      }
    ]
  },
  {
    "Index": "28607",
    "RawText": "설거지 할때 허리굽힐 일이 없어서 너무 좋아요. 식기세척기 사이즈도 적당하니 마음에 들어요.",
    "Source": "쇼핑몰",
    "Domain": "가전",
    "MainCategory": "주방가전",
    "ProductName": "SK매직 트리플케어 DWA-19R1P",
    "ReviewScore": "5",
    "Syllable": "51",
    "Word": "12",
    "RDate": "20220219",
    "GeneralPolarity": "1",
    "Aspects": [
      {
        "Aspect": "편의성",
        "SentimentText": "설거지 할때 허리굽힐 일이 없어서 너무 좋아요.",
        "SentimentWord": "7",
        "SentimentPolarity": "1"
      },
      {
        "Aspect": "사이즈",
        "SentimentText": "식기세척기 사이즈도 적당하니 마음에 들어요.",
        "SentimentWord": "5",
        "SentimentPolarity": "1"
      }
    ]
  },
  {
    "Index": "28608",
    "RawText": "2인가구가 쓰기에는  적당한 크기의 사이즈라서 좋아요. 안에 내부는 접시들 일반 두끼 먹던거 그릇 넣으면 용량이 꽉 차네요. 이정도면 만족스러워요.",
    "Source": "쇼핑몰",
    "Domain": "가전",
    "MainCategory": "주방가전",
    "ProductName": "SK매직 트리플케어 DWA-19R1P",
    "ReviewScore": "5",
    "Syllable": "82",
    "Word": "19",
    "RDate": "20220306",
    "GeneralPolarity": "1",
    "Aspects": [
      {
        "Aspect": "사이즈",
        "SentimentText": "2인가구가 쓰기에는  적당한 크기의 사이즈라서 좋아요.",
        "SentimentWord": "6",
        "SentimentPolarity": "1"
      },
      {
        "Aspect": "용량",
        "SentimentText": "안에 내부는 접시들 일반 두끼 먹던거 그릇 넣으면 용량이 꽉 차네요. 이정도면 만족스러워요.",
        "SentimentWord": "13",
        "SentimentPolarity": "1"
      }
    ]
  },
  {
    "Index": "28609",
    "RawText": "주문 후 4일만에 설치 기사님이 오셔서 말끔히 해주셔서 좋았어요. 퇴근 후에 설거지가 스트레스였는데 해방되서 좋아요. 그리고 생각보다 세척기 사이즈가 커서 공간이 맞지 않을까 걱정했는데 다행히 잘 맞았어요.",
    "Source": "쇼핑몰",
    "Domain": "가전",
    "MainCategory": "주방가전",
    "ProductName": "SK매직 트리플케어 DWA-19R1P",
    "ReviewScore": "5",
    "Syllable": "115",
    "Word": "27",
    "RDate": "20220825",
    "Aspects": [
      {
        "Aspect": "편의성",
        "SentimentText": "퇴근 후에 설거지가 스트레스였는데 해방되서 좋아요.",
        "SentimentWord": "6",
        "SentimentPolarity": "1"
      },
      {
        "Aspect": "사이즈",
        "SentimentText": "생각보다 세척기 사이즈가 커서 공간이 맞지 않을까 걱정했는데 다행히 잘 맞았어요",
        "SentimentWord": "11",
        "SentimentPolarity": "1"
      }
    ]
  },
  {
    "Index": "28610",
    "RawText": "6인용이랑 3인용  크기 차이가 많이 나는 편이며 내부도 넓어 많은 양 들어갑니다.설치 기사님도 아주 친절 했어요~ 무게감이 있어서 안정되고 좋네요",
    "Source": "쇼핑몰",
    "Domain": "가전",
    "MainCategory": "주방가전",
    "ProductName": "SK매직 트리플케어 DWA-19R1P",
    "ReviewScore": "5",
    "Syllable": "82",
    "Word": "20",
    "RDate": "20220224",
    "Aspects": [
      {
        "Aspect": "용량",
        "SentimentText": " 6인용이랑 3인용  크기 차이가 많이 나는 편이며 내부도 넓어 많은 양 들어갑니다.",
        "SentimentWord": "12",
        "SentimentPolarity": "1"
      },
      {
        "Aspect": "무게",
        "SentimentText": "무게감이 있어서 안정되고 좋네요",
        "SentimentWord": "4",
        "SentimentPolarity": "1"
      }
    ]
  },
  {
    "Index": "28611",
    "RawText": "고민 좀 했는데, 세일 기간에 운 좋게 구매 했어요. 배송은 이틀 만에 왔고 기사님도 친절하게 잘 설치 해 주셨네요 세척기능이 탁월해서 맘에들어요",
    "Source": "쇼핑몰",
    "Domain": "가전",
    "MainCategory": "주방가전",
    "ProductName": "SK매직 트리플케어 DWA-19R1P",
    "ReviewScore": "5",
    "Syllable": "81",
    "Word": "22",
    "RDate": "20220217",
    "Aspects": [
      {
        "Aspect": "가격",
        "SentimentText": "고민 좀 했는데, 세일 기간에 운 좋게 구매 했어요. ",
        "SentimentWord": "9",
        "SentimentPolarity": "1"
      },
      {
        "Aspect": "기능",
        "SentimentText": "세척기능이 탁월해서 맘에들어요",
        "SentimentWord": "3",
        "SentimentPolarity": "1"
      }
    ]
  },
  {
    "Index": "28612",
    "RawText": "제품 구성품이 좋아요 . 바구니 같은게 들어 있어 작은 식기들도 넣어 세척 할수 있어 편해요",
    "Source": "쇼핑몰",
    "Domain": "가전",
    "MainCategory": "주방가전",
    "ProductName": "SK매직 트리플케어 DWA-19R1P",
    "ReviewScore": "5",
    "Syllable": "51",
    "Word": "15",
    "RDate": "20220825",
    "GeneralPolarity": "1",
    "Aspects": [
      {
        "Aspect": "제품구성",
        "SentimentText": "제품 구성품이 좋아요 ",
        "SentimentWord": "3",
        "SentimentPolarity": "1"
      },
      {
        "Aspect": "편의성",
        "SentimentText": "바구니 같은게 들어 있어 작은 식기들도 넣어 세척 할수 있어 편해요  ",
        "SentimentWord": "11",
        "SentimentPolarity": "1"
      }
    ]
  },
  {
    "Index": "28614",
    "RawText": "기사님 설치 뿐만 아니라 친절하게 설명도 해 주셔서 감사했습니다.  세척 기능도 깨끗하게 잘 되는 것 같아요 설치후에 여유시간이 생겨서 엄청 편해졌어요",
    "Source": "쇼핑몰",
    "Domain": "가전",
    "MainCategory": "주방가전",
    "ProductName": "SK매직 트리플케어 DWA-19R1P",
    "ReviewScore": "5",
    "Syllable": "84",
    "Word": "21",
    "RDate": "20211121",
    "Aspects": [
      {
        "Aspect": "편의성",
        "SentimentText": "설치후에 여유시간이 생겨서 엄청 편해졌어요",
        "SentimentWord": "5",
        "SentimentPolarity": "1"
      },
      {
        "Aspect": "기능",
        "SentimentText": "세척 기능도 깨끗하게 잘 되는 것 같아요 ",
        "SentimentWord": "7",
        "SentimentPolarity": "1"
      }
    ]
  },
  {
    "Index": "28616",
    "RawText": "컬러도 예뻐서 맘에 쏙 들어요~! 전 제품에 비해 업그레이드 된 헹굼 1회 추가 기능이 사용하기 편해요 ^^!! 기사님도 너무 친절 했답니다",
    "Source": "쇼핑몰",
    "Domain": "가전",
    "MainCategory": "주방가전",
    "ProductName": "SK매직 트리플케어 DWA-19R1P",
    "ReviewScore": "5",
    "Syllable": "78",
    "Word": "21",
    "RDate": "20220506",
    "Aspects": [
      {
        "Aspect": "색상",
        "SentimentText": "컬러도 예뻐서 맘에 쏙 들어요~!",
        "SentimentWord": "5",
        "SentimentPolarity": "1"
      },
      {
        "Aspect": "기능",
        "SentimentText": "전 제품에 비해 업그레이드 된 헹굼 1회 추가 기능이 사용하기 편해요 ^^!!",
        "SentimentWord": "12",
        "SentimentPolarity": "1"
      }
    ]
  },
  {
    "Index": "28617",
    "RawText": "디자인 깔끔하니 좋네요.  아직 조작법이 익숙지 않아 시간이 오래 걸리지만 더 짧아 질 꺼라 생각해요 ^^",
    "Source": "쇼핑몰",
    "Domain": "가전",
    "MainCategory": "주방가전",
    "ProductName": "SK매직 트리플케어 DWA-19R1P",
    "ReviewScore": "5",
    "Syllable": "59",
    "Word": "16",
    "RDate": "20211124",
    "GeneralPolarity": "1",
    "Aspects": [
      {
        "Aspect": "디자인",
        "SentimentText": "디자인 깔끔하니 좋네요.  ",
        "SentimentWord": "3",
        "SentimentPolarity": "1"
      },
      {
        "Aspect": "조작성",
        "SentimentText": "조작법이 익숙지 않아 시간이 오래 걸리지만 더 짧아 질 꺼라 생각해요 ^^",
        "SentimentWord": "12",
        "SentimentPolarity": "0"
      }
    ]
  },
  {
    "Index": "28618",
    "RawText": "식기세척기가 있어 설겆이 시간이 짧아졌네요^^ 애벌 세척 후 세척기가 넣으면 알아서 세척해줘서 너무 편해요~",
    "Source": "쇼핑몰",
    "Domain": "가전",
    "MainCategory": "주방가전",
    "ProductName": "SK매직 트리플케어 DWA-19R1P",
    "ReviewScore": "5",
    "Syllable": "60",
    "Word": "14",
    "RDate": "20211122",
    "GeneralPolarity": "1",
    "Aspects": [
      {
        "Aspect": "시간/속도",
        "SentimentText": "식기세척기가 있어 설겆이 시간이 짧아졌네요^^ ",
        "SentimentWord": "5",
        "SentimentPolarity": "1"
      },
      {
        "Aspect": "편의성",
        "SentimentText": " 애벌 세척 후 세척기가 넣으면 알아서 세척해줘서 너무 편해요~",
        "SentimentWord": "9",
        "SentimentPolarity": "1"
      }
    ]
  },
  {
    "Index": "28619",
    "RawText": "저희집 사용해 보고 좋아 부모님 집에도 설치 해 드렸는데  설겆이 편하시다고 너무 좋아 하세요. 가동 할때 소음이 난다고 하시는데 어쩔 수 없는 상황이라서 그냥저냥 씁니다",
    "Source": "쇼핑몰",
    "Domain": "가전",
    "MainCategory": "주방가전",
    "ProductName": "SK매직 트리플케어 DWA-19R1P",
    "ReviewScore": "5",
    "Syllable": "95",
    "Word": "25",
    "RDate": "20220615",
    "GeneralPolarity": "0",
    "Aspects": [
      {
        "Aspect": "편의성",
        "SentimentText": "설겆이 편하시다고 너무 좋아 하세요. ",
        "SentimentWord": "5",
        "SentimentPolarity": "1"
      },
      {
        "Aspect": "소음",
        "SentimentText": "가동 할때 소음이 난다고 하시는데 어쩔 수 없는 상황이라서 그냥저냥 씁니다 ",
        "SentimentWord": "11",
        "SentimentPolarity": "0"
      }
    ]
  },
  {
    "Index": "28620",
    "RawText": "디자인이 이뻐서 거실에 두고 사용해도 됩니다!^^ 가동할때 소리가 크게 나서 문제 이긴 합니다 ㅡ,,ㅡ",
    "Source": "쇼핑몰",
    "Domain": "가전",
    "MainCategory": "주방가전",
    "ProductName": "SK매직 트리플케어 DWA-19R1P",
    "ReviewScore": "5",
    "Syllable": "57",
    "Word": "14",
    "RDate": "20220521",
    "GeneralPolarity": "0",
    "Aspects": [
      {
        "Aspect": "디자인",
        "SentimentText": "디자인이 이뻐서 거실에 두고 사용해도 됩니다!^^ ",
        "SentimentWord": "6",
        "SentimentPolarity": "1"
      },
      {
        "Aspect": "소음",
        "SentimentText": " 가동할때 소리가 크게 나서 문제 이긴 합니다 ㅡ,,ㅡ",
        "SentimentWord": "8",
        "SentimentPolarity": "-1"
      }
    ]
  },
  {
    "Index": "28621",
    "RawText": "첫 식기세척기인데 성능 좋아 너무 만족스러워요! 배송 기사님도 너무나 친절하게 설명까지 해주셔 섰어요. 세척전용세제를 함께 보내주셔서 감사해요",
    "Source": "쇼핑몰",
    "Domain": "가전",
    "MainCategory": "주방가전",
    "ProductName": "SK매직 트리플케어 DWA-19R1P",
    "ReviewScore": "5",
    "Syllable": "79",
    "Word": "17",
    "RDate": "20220523",
    "Aspects": [
      {
        "Aspect": "기능",
        "SentimentText": "첫 식기세척기인데 성능 좋아 너무 만족스러워요!",
        "SentimentWord": "6",
        "SentimentPolarity": "1"
      },
      {
        "Aspect": "제품구성",
        "SentimentText": "세척전용세제를 함께 보내주셔서 감사해요",
        "SentimentWord": "4",
        "SentimentPolarity": "1"
      }
    ]
  },
  {
    "Index": "28622",
    "RawText": "설거지 하기 싫어서 미루어 두었는데 있으니 너무 편해요. 기사님  설치도 금방 돼서 좋았습니다.한달사용 전기세가 많이 절약되어 좋네요",
    "Source": "쇼핑몰",
    "Domain": "가전",
    "MainCategory": "주방가전",
    "ProductName": "SK매직 트리플케어 DWA-19R1P",
    "ReviewScore": "5",
    "Syllable": "74",
    "Word": "17",
    "RDate": "20211105",
    "Aspects": [
      {
        "Aspect": "편의성",
        "SentimentText": "설거지 하기 싫어서 미루어 두었는데 있으니 너무 편해요 ",
        "SentimentWord": "8",
        "SentimentPolarity": "1"
      },
      {
        "Aspect": "소비전력",
        "SentimentText": "한달사용 전기세가 많이 절약되어 좋네요",
        "SentimentWord": "5",
        "SentimentPolarity": "1"
      }
    ]
  },
  {
    "Index": "28623",
    "RawText": "친절한 방문 기사님 사용법도 설명 잘 해주셨습니다. 타공 막는 부품이 없어서 좀  아쉽네요. 사용방법이 단순해서 편해요",
    "Source": "쇼핑몰",
    "Domain": "가전",
    "MainCategory": "주방가전",
    "ProductName": "SK매직 트리플케어 DWA-19R1P",
    "ReviewScore": "5",
    "Syllable": "66",
    "Word": "16",
    "RDate": "20220524",
    "Aspects": [
      {
        "Aspect": "조작성",
        "SentimentText": "사용방법이 단순해서 편해요",
        "SentimentWord": "3",
        "SentimentPolarity": "1"
      },
      {
        "Aspect": "제품구성",
        "SentimentText": " 타공 막는 부품이 없어서 좀  아쉽네요. ",
        "SentimentWord": "6",
        "SentimentPolarity": "0"
      }
    ]
  },
  {
    "Index": "28624",
    "RawText": "배송 빠르게 설치 잘 받았네요. 생각 외로 세척이 잘 되 놀랬고 좋아요. 디자인이 주방에 어울려서 맘에 드네요",
    "Source": "쇼핑몰",
    "Domain": "가전",
    "MainCategory": "주방가전",
    "ProductName": "SK매직 트리플케어 DWA-19R1P",
    "ReviewScore": "5",
    "Syllable": "61",
    "Word": "17",
    "RDate": "20220317",
    "Aspects": [
      {
        "Aspect": "디자인",
        "SentimentText": "디자인이 주방에 어울려서 맘에 드네요",
        "SentimentWord": "5",
        "SentimentPolarity": "1"
      },
      {
        "Aspect": "기능",
        "SentimentText": "생각 외로 세척이 잘 되 놀랬고 좋아요. ",
        "SentimentWord": "7",
        "SentimentPolarity": "1"
      }
    ]
  },
  {
    "Index": "28625",
    "RawText": "빠른 배송 친절한 기사님 좋네요! 고민 많이 했지만 세척 기능 좋아 너무 만족 중 온라인몰에서 싸게 구매했어요",
    "Source": "쇼핑몰",
    "Domain": "가전",
    "MainCategory": "주방가전",
    "ProductName": "SK매직 트리플케어 DWA-19R1P",
    "ReviewScore": "5",
    "Syllable": "61",
    "Word": "17",
    "RDate": "20220502",
    "Aspects": [
      {
        "Aspect": "가격",
        "SentimentText": "온라인몰에서 싸게 구매했어요",
        "SentimentWord": "3",
        "SentimentPolarity": "1"
      },
      {
        "Aspect": "기능",
        "SentimentText": "고민 많이 했지만 세척 기능 좋아 너무 만족 중",
        "SentimentWord": "9",
        "SentimentPolarity": "1"
      }
    ]
  },
  {
    "Index": "28626",
    "RawText": "배송이 빨랐고 기사님도 친절 했답니다! 설치 후 사용해 보니 식기들이 다 깨끗하게 잘 세척 되었어요~ ~세척법을 따로 배울필요없이 간단해서 좋아요",
    "Source": "쇼핑몰",
    "Domain": "가전",
    "MainCategory": "주방가전",
    "ProductName": "SK매직 트리플케어 DWA-19R1P",
    "ReviewScore": "5",
    "Syllable": "81",
    "Word": "20",
    "RDate": "20220520",
    "Aspects": [
      {
        "Aspect": "조작성",
        "SentimentText": "세척법을 따로 배울필요없이 간단해서 좋아요",
        "SentimentWord": "5",
        "SentimentPolarity": "1"
      },
      {
        "Aspect": "기능",
        "SentimentText": "사용해 보니 식기들이 다 깨끗하게 잘 세척 되었어요~ ~",
        "SentimentWord": "9",
        "SentimentPolarity": "1"
      }
    ]
  },
  {
    "Index": "28627",
    "RawText": "빠른 배송, 기사님도 친절하시고 깔끔한 설치까지 해 주셨네요.용량이 커서 아주 유용하게 잘 사용 할수 있을 것 같아요 무게감이 있는데 설치후 사용할때 안정감이 있어서 좋네요",
    "Source": "쇼핑몰",
    "Domain": "가전",
    "MainCategory": "주방가전",
    "ProductName": "SK매직 트리플케어 DWA-19R1P",
    "ReviewScore": "4",
    "Syllable": "96",
    "Word": "24",
    "RDate": "20220227",
    "Aspects": [
      {
        "Aspect": "무게",
        "SentimentText": "무게감이 있는데 설치후 사용할때 안정감이 있어서 좋네요",
        "SentimentWord": "7",
        "SentimentPolarity": "1"
      },
      {
        "Aspect": "용량",
        "SentimentText": "용량이 커서 아주 유용하게 잘 사용할 수 있을 것 같아요",
        "SentimentWord": "10",
        "SentimentPolarity": "1"
      }
    ]
  },
  {
    "Index": "28628",
    "RawText": "배송 정말 빨라요! 제품 성능도 만족! 설치 기사님까지 친절 하셔서 좋았어요 .근데 용량이 좀 더 컸으면 하는 욕심이 나네요 ^^ ",
    "Source": "쇼핑몰",
    "Domain": "가전",
    "MainCategory": "주방가전",
    "ProductName": "SK매직 트리플케어 DWA-19R1P",
    "ReviewScore": "5",
    "Syllable": "73",
    "Word": "20",
    "RDate": "20220304",
    "Aspects": [
      {
        "Aspect": "기능",
        "SentimentText": "제품 성능도 만족!",
        "SentimentWord": "3",
        "SentimentPolarity": "1"
      },
      {
        "Aspect": "용량",
        "SentimentText": "근데 용량이 좀 더 컸으면 하는 욕심이 나네요 ^^",
        "SentimentWord": "9",
        "SentimentPolarity": "0"
      }
    ]
  },
  {
    "Index": "28629",
    "RawText": "와우~ 빠른배송!! 설치 시간 약속도 칼~ 굿! 3인 가족 식기 충분히 사용 할수 있는 양이라서 좋네요!!!! 색감이 화사해서 마음에 들어요",
    "Source": "쇼핑몰",
    "Domain": "가전",
    "MainCategory": "주방가전",
    "ProductName": "SK매직 트리플케어 DWA-19R1P",
    "ReviewScore": "5",
    "Syllable": "78",
    "Word": "20",
    "RDate": "20220828",
    "Aspects": [
      {
        "Aspect": "색상",
        "SentimentText": "색감이 화사해서 마음에 들어요",
        "SentimentWord": "4",
        "SentimentPolarity": "1"
      },
      {
        "Aspect": "용량",
        "SentimentText": "3인 가족 식기 충분히 사용 할 수 있는 양이라서 좋네요!!!!",
        "SentimentWord": "10",
        "SentimentPolarity": "1"
      }
    ]
  },
  {
    "Index": "28631",
    "RawText": "배송은 빨랐는데 기사님이 친절 하셨지만 바쁘신기 설명을 대충 해주시는 느낌이 났어요 ㅜㅡ 색상을 화이트 색상으로 할걸 하며 후회 중입니다 할인 쿠폰까지 사용했는데 그렇게 싸게 산거 같지는 않아요",
    "Source": "쇼핑몰",
    "Domain": "가전",
    "MainCategory": "주방가전",
    "ProductName": "SK매직 트리플케어 DWA-19R1P",
    "ReviewScore": "5",
    "Syllable": "108",
    "Word": "27",
    "RDate": "20220729",
    "Aspects": [
      {
        "Aspect": "가격",
        "SentimentText": "할인 쿠폰까지 사용했는데 그렇게 싸게 산거 같지는 않아요",
        "SentimentWord": "8",
        "SentimentPolarity": "0"
      },
      {
        "Aspect": "색상",
        "SentimentText": "색상을 화이트 색상으로 할걸 하며 후회 중입니다",
        "SentimentWord": "7",
        "SentimentPolarity": "-1"
      }
    ]
  },
  {
    "Index": "28632",
    "RawText": "배송이 진짜 빨랐어요  제품 성능도  베리 굿^-^ 가격은 동급 최강으로 저렴하게 구매했어요",
    "Source": "쇼핑몰",
    "Domain": "가전",
    "MainCategory": "주방가전",
    "ProductName": "SK매직 트리플케어 DWA-19R1P",
    "ReviewScore": "5",
    "Syllable": "51",
    "Word": "12",
    "RDate": "20220416",
    "Aspects": [
      {
        "Aspect": "가격",
        "SentimentText": "가격은 동급 최강으로 저렴하게 구매했어요",
        "SentimentWord": "5",
        "SentimentPolarity": "1"
      },
      {
        "Aspect": "기능",
        "SentimentText": " 제품 성능도 베리  굿^-^",
        "SentimentWord": "4",
        "SentimentPolarity": "1"
      }
    ]
  },
  {
    "Index": "28633",
    "RawText": "다소 배송이 늦은 것 같고 헌데 기사님은 친절하니 꼼꼼하게 설치 해 주셨네요. 사이즈가 좀 큰편 인 것 같아 주방이 좀 답답해요 기능이 생각보다 반할정도의 대단함은 모르겠네요",
    "Source": "쇼핑몰",
    "Domain": "가전",
    "MainCategory": "주방가전",
    "ProductName": "SK매직 트리플케어 DWA-19R1P",
    "ReviewScore": "5",
    "Syllable": "97",
    "Word": "26",
    "RDate": "20220516",
    "Aspects": [
      {
        "Aspect": "기능",
        "SentimentText": "기능이 생각보다 반할정도의 대단함은 모르겠네요",
        "SentimentWord": "5",
        "SentimentPolarity": "0"
      },
      {
        "Aspect": "사이즈",
        "SentimentText": " 사이즈가 좀 큰편 인 것 같아 주방이 좀 답답해요 ",
        "SentimentWord": "9",
        "SentimentPolarity": "-1"
      }
    ]
  },
  {
    "Index": "28634",
    "RawText": "빠른 배송에 기사님 깔끔하게 설치까지 잘 해주셨습니다. 할인가격으로 살 수 있어 좋네요! 소음이 없는게 최고의 미덕인거 같아요",
    "Source": "쇼핑몰",
    "Domain": "가전",
    "MainCategory": "주방가전",
    "ProductName": "SK매직 트리플케어 DWA-19R1P",
    "ReviewScore": "5",
    "Syllable": "70",
    "Word": "17",
    "RDate": "20220826",
    "Aspects": [
      {
        "Aspect": "소음",
        "SentimentText": "소음이 없는게 최고의 미덕인거 같아요",
        "SentimentWord": "5",
        "SentimentPolarity": "1"
      },
      {
        "Aspect": "가격",
        "SentimentText": " 할인가격으로 살 수 있어 좋네요! ",
        "SentimentWord": "5",
        "SentimentPolarity": "1"
      }
    ]
  },
  {
    "Index": "28635",
    "RawText": "살까 말까 오래 고민 했는데  세척 기능 좋아 사길 잘 한 것 같아 뿌듯합니다. 근데 소리가 좀 커서 주방이 시끄러워요 ㅋ",
    "Source": "쇼핑몰",
    "Domain": "가전",
    "MainCategory": "주방가전",
    "ProductName": "SK매직 트리플케어 DWA-19R1P",
    "ReviewScore": "5",
    "Syllable": "68",
    "Word": "21",
    "RDate": "20220117",
    "GeneralPolarity": "0",
    "Aspects": [
      {
        "Aspect": "기능",
        "SentimentText": " 세척 기능 좋아 사길 잘 한 것 같아 뿌듯합니다. ",
        "SentimentWord": "9",
        "SentimentPolarity": "1"
      },
      {
        "Aspect": "소음",
        "SentimentText": "근데 소리가 좀 커서 주방이 시끄러워요 ㅋ  ",
        "SentimentWord": "7",
        "SentimentPolarity": "-1"
      }
    ]
  },
  {
    "Index": "28636",
    "RawText": "용량이 크고 좋네요 . 집안 일중 설거지가 제일 싫은데 덕분에 생활 질이 높아져서 너무 편해요~",
    "Source": "쇼핑몰",
    "Domain": "가전",
    "MainCategory": "주방가전",
    "ProductName": "SK매직 트리플케어 DWA-19R1P",
    "ReviewScore": "5",
    "Syllable": "53",
    "Word": "15",
    "RDate": "20220611",
    "GeneralPolarity": "1",
    "Aspects": [
      {
        "Aspect": "용량",
        "SentimentText": "용량이 크고 좋네요 ",
        "SentimentWord": "3",
        "SentimentPolarity": "1"
      },
      {
        "Aspect": "편의성",
        "SentimentText": "집안 일중 설거지가 제일 싫은데 덕분에 생활 질이 높아져서 너무 편해요~ ",
        "SentimentWord": "11",
        "SentimentPolarity": "1"
      }
    ]
  },
  {
    "Index": "28637",
    "RawText": "사이즈가 괜찮아 자리 차지 안 하는 것 같아요. 3인 가족 식기도 충분해요.",
    "Source": "쇼핑몰",
    "Domain": "가전",
    "MainCategory": "주방가전",
    "ProductName": "SK매직 트리플케어 DWA-19R1P",
    "ReviewScore": "5",
    "Syllable": "42",
    "Word": "12",
    "RDate": "20220301",
    "GeneralPolarity": "1",
    "Aspects": [
      {
        "Aspect": "사이즈",
        "SentimentText": "사이즈가 괜찮아 자리 차지 안 하는 것 같아요 ",
        "SentimentWord": "8",
        "SentimentPolarity": "1"
      },
      {
        "Aspect": "용량",
        "SentimentText": "3인 가족 식기도 충분해요 ",
        "SentimentWord": "4",
        "SentimentPolarity": "1"
      }
    ]
  },
  {
    "Index": "28638",
    "RawText": "생각 외로 용량이 적어 식기 많이 안 들어가요...세척할 때 소리도 커 잘 사용 안 하고  방치 중입니다",
    "Source": "쇼핑몰",
    "Domain": "가전",
    "MainCategory": "주방가전",
    "ProductName": "SK매직 트리플케어 DWA-19R1P",
    "ReviewScore": "4",
    "Syllable": "58",
    "Word": "17",
    "RDate": "20220322",
    "GeneralPolarity": "-1",
    "Aspects": [
      {
        "Aspect": "용량",
        "SentimentText": "생각 외로 용량이 적어 식기 많이 안 들어가요...",
        "SentimentWord": "8",
        "SentimentPolarity": "-1"
      },
      {
        "Aspect": "소음",
        "SentimentText": "세척할 때 소리도 커 잘 사용 안 하고  방치 중입니다",
        "SentimentWord": "10",
        "SentimentPolarity": "-1"
      }
    ]
  },
  {
    "Index": "28639",
    "RawText": "설치 기사님 참~ 친절 하셨어요~ 세척 성능도 좋아 추천 하고 싶네요~^^ 원하는 색의 제품으로 구매할수 있어서 좋아요",
    "Source": "쇼핑몰",
    "Domain": "가전",
    "MainCategory": "주방가전",
    "ProductName": "SK매직 트리플케어 DWA-19R1P",
    "ReviewScore": "5",
    "Syllable": "66",
    "Word": "17",
    "RDate": "20220503",
    "Aspects": [
      {
        "Aspect": "색상",
        "SentimentText": "원하는 색의 제품으로 구매할수 있어서 좋아요",
        "SentimentWord": "6",
        "SentimentPolarity": "1"
      },
      {
        "Aspect": "기능",
        "SentimentText": "세척 성능도 좋아 추천 하고 싶네요~^^ ",
        "SentimentWord": "6",
        "SentimentPolarity": "1"
      }
    ]
  },
  {
    "Index": "28640",
    "RawText": "빠른 설치에 친절하기까지 했습니다.  소음도 적어서 좋고  설거지도 잘 되어 마음에 쏙 들어요!",
    "Source": "쇼핑몰",
    "Domain": "가전",
    "MainCategory": "주방가전",
    "ProductName": "SK매직 트리플케어 DWA-19R1P",
    "ReviewScore": "5",
    "Syllable": "53",
    "Word": "13",
    "RDate": "20220529",
    "Aspects": [
      {
        "Aspect": "소음",
        "SentimentText": "소음도 적어서 좋고 ",
        "SentimentWord": "3",
        "SentimentPolarity": "1"
      },
      {
        "Aspect": "기능",
        "SentimentText": "설거지도 잘 되어 마음에 쏙 들어요!",
        "SentimentWord": "6",
        "SentimentPolarity": "1"
      }
    ]
  },
  {
    "Index": "28641",
    "RawText": "빠르게 설치 받았고 친절 했습니다! 구성품에 있는 세제도 세척력 좋아요 내부 용량이 넓어서 많이 들어가네요",
    "Source": "쇼핑몰",
    "Domain": "가전",
    "MainCategory": "주방가전",
    "ProductName": "SK매직 트리플케어 DWA-19R1P",
    "ReviewScore": "5",
    "Syllable": "59",
    "Word": "15",
    "RDate": "20220227",
    "Aspects": [
      {
        "Aspect": "용량",
        "SentimentText": "내부 용량이 넓어서 많이 들어가네요",
        "SentimentWord": "5",
        "SentimentPolarity": "1"
      },
      {
        "Aspect": "제품구성",
        "SentimentText": "구성품에 있는 세제도 세척력 좋아요 ",
        "SentimentWord": "5",
        "SentimentPolarity": "1"
      }
    ]
  },
  {
    "Index": "28642",
    "RawText": "설치 받고 싶은 날 설치 받았고 기사님도 친절 했답니다. 세척도 잘 돼 잘 사용 하고 있습니다 세척세제도 함께 주셔서 좋네요",
    "Source": "쇼핑몰",
    "Domain": "가전",
    "MainCategory": "주방가전",
    "ProductName": "SK매직 트리플케어 DWA-19R1P",
    "ReviewScore": "5",
    "Syllable": "69",
    "Word": "20",
    "RDate": "20220616",
    "Aspects": [
      {
        "Aspect": "제품구성",
        "SentimentText": "세척세제도 함께 주셔서 좋네요",
        "SentimentWord": "4",
        "SentimentPolarity": "1"
      },
      {
        "Aspect": "기능",
        "SentimentText": " 세척도 잘 돼 잘 사용 하고 있습니다 ",
        "SentimentWord": "7",
        "SentimentPolarity": "1"
      }
    ]
  },
  {
    "Index": "28643",
    "RawText": "설치 기간은 좀 오래 기달렸어요 ㅠㅠ 그래도 세척력 좋아 마음에 들고 가족 건강을 위해 잘 산 것 같아요^^ 내부용량이 생각보다 작아서 당황했어요",
    "Source": "쇼핑몰",
    "Domain": "가전",
    "MainCategory": "주방가전",
    "ProductName": "SK매직 트리플케어 DWA-19R1P",
    "ReviewScore": "5",
    "Syllable": "81",
    "Word": "22",
    "RDate": "20220801",
    "Aspects": [
      {
        "Aspect": "용량",
        "SentimentText": "내부용량이 생각보다 작아서 당황했어요",
        "SentimentWord": "4",
        "SentimentPolarity": "-1"
      },
      {
        "Aspect": "기능",
        "SentimentText": " 세척력 좋아 마음에 들고 가족 건강을 위해 잘 산 것 같아요^^ ",
        "SentimentWord": "11",
        "SentimentPolarity": "1"
      }
    ]
  },
  {
    "Index": "28644",
    "RawText": "설치하고 나니 디자인 정말 깔끔해서 좋아요. 이제 부담없이 설거지할 수 있어 편하고 좋아요.",
    "Source": "쇼핑몰",
    "Domain": "가전",
    "MainCategory": "주방가전",
    "ProductName": "SK매직 트리플케어 DWA-19R1P",
    "ReviewScore": "5",
    "Syllable": "51",
    "Word": "13",
    "RDate": "20220528",
    "GeneralPolarity": "1",
    "Aspects": [
      {
        "Aspect": "디자인",
        "SentimentText": "설치하고 나니 디자인 정말 깔끔해서 좋아요.",
        "SentimentWord": "6",
        "SentimentPolarity": "1"
      },
      {
        "Aspect": "편의성",
        "SentimentText": "이제 부담없이 설거지할 수 있어 편하고 좋아요.",
        "SentimentWord": "7",
        "SentimentPolarity": "1"
      }
    ]
  },
  {
    "Index": "28645",
    "RawText": "필요해서 고민 중 샀는데 세척 잘 돼 괜히 고민 했네요ㅎ^^ 근데 사이즈가 좀 커서 조리대가 답답해 졌어요.",
    "Source": "쇼핑몰",
    "Domain": "가전",
    "MainCategory": "주방가전",
    "ProductName": "SK매직 트리플케어 DWA-19R1P",
    "ReviewScore": "5",
    "Syllable": "60",
    "Word": "17",
    "RDate": "20220413",
    "GeneralPolarity": "0",
    "Aspects": [
      {
        "Aspect": "기능",
        "SentimentText": "필요해서 고민 중 샀는데 세척 잘 돼 괜히 고민 했네요ㅎ^^ ",
        "SentimentWord": "10",
        "SentimentPolarity": "1"
      },
      {
        "Aspect": "사이즈",
        "SentimentText": "사이즈가 좀 커서 조리대가 답답해 졌어요. ",
        "SentimentWord": "6",
        "SentimentPolarity": "-1"
      }
    ]
  },
  {
    "Index": "28646",
    "RawText": "6인용 식기세척기인데 어떻게 쌓느냐에 따라서 양이 많이 들어가서 좋아요. 넉넉해요. 이제 양념묻은 그릇도 손쉽게 치울 수 있어 설거지에서 해방이네요 너무 좋아요,",
    "Source": "쇼핑몰",
    "Domain": "가전",
    "MainCategory": "주방가전",
    "ProductName": "SK매직 트리플케어 DWA-19R1P",
    "ReviewScore": "5",
    "Syllable": "90",
    "Word": "21",
    "RDate": "20220402",
    "GeneralPolarity": "1",
    "Aspects": [
      {
        "Aspect": "용량",
        "SentimentText": "6인용 식기세척기인데 어떻게 쌓느냐에 따라서 양이 많이 들어가서 좋아요. 넉넉해요",
        "SentimentWord": "10",
        "SentimentPolarity": "1"
      },
      {
        "Aspect": "편의성",
        "SentimentText": "이제 양념묻은 그릇도 손쉽게 치울 수 있어 설거지에서 해방이네요 너무 좋아요,",
        "SentimentWord": "11",
        "SentimentPolarity": "1"
      }
    ]
  },
  {
    "Index": "28648",
    "RawText": "6인용 식기세척기치고는 그릇이 많이 들어가서 좋아요. 그리고 접시가 엄청 깨끗하게 씻겨서 너무 놀랬어요. 이 브랜드 식기세척기 필수로 꼭 사세요!",
    "Source": "쇼핑몰",
    "Domain": "가전",
    "MainCategory": "주방가전",
    "ProductName": "SK매직 트리플케어 DWA-19R1P",
    "ReviewScore": "5",
    "Syllable": "81",
    "Word": "19",
    "RDate": "20220304",
    "GeneralPolarity": "1",
    "Aspects": [
      {
        "Aspect": "용량",
        "SentimentText": "6인용 식기세척기치고는 그릇이 많이 들어가서 좋아요",
        "SentimentWord": "6",
        "SentimentPolarity": "1"
      },
      {
        "Aspect": "기능",
        "SentimentText": "그리고 접시가 엄청 깨끗하게 씻겨서 너무 놀랬어요.",
        "SentimentWord": "7",
        "SentimentPolarity": "1"
      },
      {
        "Aspect": "제조일/제조사",
        "SentimentText": "이 브랜드 식기세척기 필수로 꼭 사세요!",
        "SentimentWord": "6",
        "SentimentPolarity": "1"
      }
    ]
  },
  {
    "Index": "28651",
    "RawText": "10년 쓰던  제품 고장으로 새로 바꿨는데 디자인 심플하니 이뻐요~ 비싸서 고민하고 있었는데 쇼핑몰 빅 행사로 싸게 구입했네요~",
    "Source": "쇼핑몰",
    "Domain": "가전",
    "MainCategory": "주방가전",
    "ProductName": "SK매직 트리플케어 DWA-19R1P",
    "ReviewScore": "5",
    "Syllable": "71",
    "Word": "17",
    "RDate": "20220223",
    "GeneralPolarity": "1",
    "Aspects": [
      {
        "Aspect": "디자인",
        "SentimentText": "10년 쓰던 제품 고장으로 새로 바꿨는데 디자인 심플하니 이뻐요~",
        "SentimentWord": "9",
        "SentimentPolarity": "1"
      },
      {
        "Aspect": "가격",
        "SentimentText": "비싸서 고민하고 있었는데 쇼핑몰 빅 행사로 싸게 구입했네요~",
        "SentimentWord": "8",
        "SentimentPolarity": "1"
      }
    ]
  },
  {
    "Index": "28652",
    "RawText": "오늘 설치하고 작동시켜봤는데 소음도 크지 않고 조용해서 좋습니다. 성능도 아주 최고네요^^ 물에 불리지 않아도 그릇이 엄청 깨끗하게 씻겨서 좋아요.",
    "Source": "쇼핑몰",
    "Domain": "가전",
    "MainCategory": "주방가전",
    "ProductName": "SK매직 트리플케어 DWA-19R1P",
    "ReviewScore": "5",
    "Syllable": "82",
    "Word": "19",
    "RDate": "20220319",
    "GeneralPolarity": "1",
    "Aspects": [
      {
        "Aspect": "소음",
        "SentimentText": "오늘 설치하고 작동시켜봤는데 소음도 크지 않고 조용해서 좋습니다. ",
        "SentimentWord": "8",
        "SentimentPolarity": "1"
      },
      {
        "Aspect": "기능",
        "SentimentText": "성능도 아주 최고네요^^ 물에 불리지 않아도 그릇이 엄청 깨끗하게 씻겨서 좋아요.",
        "SentimentWord": "11",
        "SentimentPolarity": "1"
      }
    ]
  },
  {
    "Index": "28654",
    "RawText": "배송 먼저  받고 설치는 나중에 했는데 무사히 설치 되었습니다.  생각보다 사이즈가 커서 좀 당황 스럽네요ㅜㅜ 내부용량은 엄청 커서 설겆이가 한방에 끝나네요",
    "Source": "쇼핑몰",
    "Domain": "가전",
    "MainCategory": "주방가전",
    "ProductName": "SK매직 트리플케어 DWA-19R1P",
    "ReviewScore": "5",
    "Syllable": "87",
    "Word": "21",
    "RDate": "20220325",
    "Aspects": [
      {
        "Aspect": "용량",
        "SentimentText": "내부용량은 엄청 커서 설겆이가 한방에 끝나네요",
        "SentimentWord": "6",
        "SentimentPolarity": "1"
      },
      {
        "Aspect": "사이즈",
        "SentimentText": "생각보다 사이즈가 커서 좀 당황 스럽네요ㅜㅜ ",
        "SentimentWord": "6",
        "SentimentPolarity": "-1"
      }
    ]
  },
  {
    "Index": "28656",
    "RawText": "주방 사이즈가 좁아 6인용 구매 했는데 사이즈 충분 하네요. 기사님도 딱 맞게 꼼꼼히 설치 해 주셨어요~ 나이드신 어머니도 충분히 사용할 만큼 사용법은 간단하네요",
    "Source": "쇼핑몰",
    "Domain": "가전",
    "MainCategory": "주방가전",
    "ProductName": "SK매직 트리플케어 DWA-19R1P",
    "ReviewScore": "5",
    "Syllable": "90",
    "Word": "23",
    "RDate": "20220219",
    "Aspects": [
      {
        "Aspect": "사이즈",
        "SentimentText": "주방 사이즈가 좁아 6인용 구매 했는데 사이즈 충분 하네요. ",
        "SentimentWord": "9",
        "SentimentPolarity": "1"
      },
      {
        "Aspect": "조작성",
        "SentimentText": "나이드신 어머니도 충분히 사용할 만큼 사용법은 간단하네요",
        "SentimentWord": "7",
        "SentimentPolarity": "1"
      }
    ]
  },
  {
    "Index": "28657",
    "RawText": "배송도 안전하게 잘 받고 설치도 잘해주셔서 너무 좋아요. 디자인도 깔끔하니 너무 심플해서 마음에 들어요. 소음은 적어서 귀가 편안해요.",
    "Source": "쇼핑몰",
    "Domain": "가전",
    "MainCategory": "주방가전",
    "ProductName": "SK매직 트리플케어 DWA-19R1P",
    "ReviewScore": "5",
    "Syllable": "75",
    "Word": "18",
    "RDate": "20220116",
    "Aspects": [
      {
        "Aspect": "소음",
        "SentimentText": "소음은 적어서 귀가 편안해요.",
        "SentimentWord": "4",
        "SentimentPolarity": "1"
      },
      {
        "Aspect": "디자인",
        "SentimentText": " 디자인도 깔끔하니 너무 심플해서 마음에 들어요.",
        "SentimentWord": "6",
        "SentimentPolarity": "1"
      }
    ]
  },
  {
    "Index": "28658",
    "RawText": "할인 가격으로 잘 샀습니다. 배송 역시 빨랐고 친절 했습니다  소음도 크지 않아 사용하는데 불편 하지 않아요",
    "Source": "쇼핑몰",
    "Domain": "가전",
    "MainCategory": "주방가전",
    "ProductName": "SK매직 트리플케어 DWA-19R1P",
    "ReviewScore": "5",
    "Syllable": "60",
    "Word": "16",
    "RDate": "20220426",
    "Aspects": [
      {
        "Aspect": "가격",
        "SentimentText": "할인 가격으로 잘 샀습니다 ",
        "SentimentWord": "4",
        "SentimentPolarity": "1"
      },
      {
        "Aspect": "소음",
        "SentimentText": "소음도 크지 않아 사용하는데 불편 하지 않아요 ",
        "SentimentWord": "7",
        "SentimentPolarity": "1"
      }
    ]
  },
  {
    "Index": "28660",
    "RawText": "설치하고 나서 삶의 질이 달라져서 너무 좋아요. 설거지하는게 즐거워요, 세척은 물론이고 애기들 그릇 소독까지 되니 완벽해서 좋아요.",
    "Source": "쇼핑몰",
    "Domain": "가전",
    "MainCategory": "주방가전",
    "ProductName": "SK매직 트리플케어 DWA-19R1P",
    "ReviewScore": "5",
    "Syllable": "73",
    "Word": "17",
    "RDate": "20220411",
    "GeneralPolarity": "1",
    "Aspects": [
      {
        "Aspect": "편의성",
        "SentimentText": "설치하고 나서 삶의 질이 달라져서 너무 좋아요. 설거지하는게 즐거워요,",
        "SentimentWord": "9",
        "SentimentPolarity": "1"
      },
      {
        "Aspect": "기능",
        "SentimentText": "세척은 물론이고 애기들 그릇 소독까지 되니 완벽해서 좋아요.",
        "SentimentWord": "8",
        "SentimentPolarity": "1"
      }
    ]
  },
  {
    "Index": "28662",
    "RawText": "주방 좁아도 사이즈 크게 차지 하지 않아요^^ 세척 후 자동 도어열림 기능 있어 편해요.",
    "Source": "쇼핑몰",
    "Domain": "가전",
    "MainCategory": "주방가전",
    "ProductName": "SK매직 트리플케어 DWA-19R1P",
    "ReviewScore": "5",
    "Syllable": "49",
    "Word": "14",
    "RDate": "20220218",
    "GeneralPolarity": "1",
    "Aspects": [
      {
        "Aspect": "사이즈",
        "SentimentText": "주방 좁아도 사이즈 크게 차지 하지 않아요^^ ",
        "SentimentWord": "7",
        "SentimentPolarity": "1"
      },
      {
        "Aspect": "기능",
        "SentimentText": "세척 후 자동 도어열림 기능 있어 편해요 ",
        "SentimentWord": "7",
        "SentimentPolarity": "1"
      }
    ]
  },
  {
    "Index": "28664",
    "RawText": "주문하고 난뒤 해피콜 연락 바로 와서 배송도 설치도 차질없이 진행해주셔서 좋았네요. 무엇보다 앞유리가 투명이라 세척되는걸 눈으로 직접 확인할 수 있어서 너무 좋아요. 할인 소식듣고 바로 구매했어요.^^",
    "Source": "쇼핑몰",
    "Domain": "가전",
    "MainCategory": "주방가전",
    "ProductName": "SK매직 트리플케어 DWA-19R1P",
    "ReviewScore": "5",
    "Syllable": "112",
    "Word": "26",
    "RDate": "20220310",
    "Aspects": [
      {
        "Aspect": "가격",
        "SentimentText": "할인 소식듣고 바로 구매했어요.^^",
        "SentimentWord": "4",
        "SentimentPolarity": "1"
      },
      {
        "Aspect": "편의성",
        "SentimentText": "무엇보다 앞유리가 투명이라 세척되는걸 눈으로 직접 확인할 수 있어서 너무 좋아요.",
        "SentimentWord": "11",
        "SentimentPolarity": "1"
      }
    ]
  },
  {
    "Index": "28665",
    "RawText": "주문 후 설치 받기 전까지 기간 소요되지만 설치는 잘 해 주십니다. 어머니가 디지인도 깔끔하다고 좋아 하셔서 다행 입니다 . 구매후 할인행사 소식을 듣고 좀 열받았어요",
    "Source": "쇼핑몰",
    "Domain": "가전",
    "MainCategory": "주방가전",
    "ProductName": "SK매직 트리플케어 DWA-19R1P",
    "ReviewScore": "5",
    "Syllable": "93",
    "Word": "25",
    "RDate": "20211222",
    "Aspects": [
      {
        "Aspect": "가격",
        "SentimentText": "구매후 할인행사 소식을 듣고 좀 열받았어요",
        "SentimentWord": "6",
        "SentimentPolarity": "0"
      },
      {
        "Aspect": "디자인",
        "SentimentText": "어머니가 디지인도 깔끔하다고 좋아 하셔서 다행 입니다 . ",
        "SentimentWord": "8",
        "SentimentPolarity": "1"
      }
    ]
  },
  {
    "Index": "28666",
    "RawText": "일주일 만에 설치를 받았고 정성스럽게 설치해 주셔서 감사합니다. 다 좋은데  세척 할때 소리가 커서 티비 소리가 잘 안 들여요 ㅠ ㅠ 다양한 기능에 만족해요",
    "Source": "쇼핑몰",
    "Domain": "가전",
    "MainCategory": "주방가전",
    "ProductName": "SK매직 트리플케어 DWA-19R1P",
    "ReviewScore": "5",
    "Syllable": "87",
    "Word": "24",
    "RDate": "20220602",
    "Aspects": [
      {
        "Aspect": "기능",
        "SentimentText": "다양한 기능에 만족해요",
        "SentimentWord": "3",
        "SentimentPolarity": "1"
      },
      {
        "Aspect": "소음",
        "SentimentText": "세척 할때 소리가 커서 티비 소리가 잘 안 들여요 ㅠ ㅠ ",
        "SentimentWord": "11",
        "SentimentPolarity": "-1"
      }
    ]
  },
  {
    "Index": "28667",
    "RawText": "예정 날짜에 문자없이 배송해주시고 꼼꼼히 설치해주고 가셔서 좋았어요. 식기세척기 기능을 설명서만 보고 쉽게 따라할 수 있어 좋네요. 소음이 거의 없는게 최고에요",
    "Source": "쇼핑몰",
    "Domain": "가전",
    "MainCategory": "주방가전",
    "ProductName": "SK매직 트리플케어 DWA-19R1P",
    "ReviewScore": "5",
    "Syllable": "89",
    "Word": "21",
    "RDate": "20220623",
    "Aspects": [
      {
        "Aspect": "소음",
        "SentimentText": "소음이 거의 없는게 최고에요",
        "SentimentWord": "4",
        "SentimentPolarity": "1"
      },
      {
        "Aspect": "조작성",
        "SentimentText": "식기세척기 기능을 설명서만 보고 쉽게 따라할 수 있어 좋네요.",
        "SentimentWord": "9",
        "SentimentPolarity": "1"
      }
    ]
  },
  {
    "Index": "28668",
    "RawText": "설치 후에 불량 발견했는데 다시 새 제품으로 바로 교체해주셔서 좋았어요. OOO 서비스 진짜 짱입니다. 색깔이 블랙인데 사진으로 본 컬러보다 좀 더 칙칙해서 별로예요. 가격할인으로 저렴하게 구매했어요",
    "Source": "쇼핑몰",
    "Domain": "가전",
    "MainCategory": "주방가전",
    "ProductName": "SK매직 트리플케어 DWA-19R1P",
    "ReviewScore": "4",
    "Syllable": "111",
    "Word": "26",
    "RDate": "20211121",
    "Aspects": [
      {
        "Aspect": "가격",
        "SentimentText": "가격할인으로 저렴하게 구매했어요",
        "SentimentWord": "3",
        "SentimentPolarity": "1"
      },
      {
        "Aspect": "색상",
        "SentimentText": "색깔이 블랙인데 사진으로 본 컬러보다 좀 더 칙칙해서 별로예요.",
        "SentimentWord": "9",
        "SentimentPolarity": "-1"
      }
    ]
  },
  {
    "Index": "28669",
    "RawText": "사이즈 큰 냄비도 들어가지만 많은 양이 들어 가지는 않습니다 ㅋㅋ 반짝 반짝 깨끗하게 세척도 잘 되네요!!",
    "Source": "쇼핑몰",
    "Domain": "가전",
    "MainCategory": "주방가전",
    "ProductName": "SK매직 트리플케어 DWA-19R1P",
    "ReviewScore": "5",
    "Syllable": "59",
    "Word": "16",
    "RDate": "20220305",
    "GeneralPolarity": "0",
    "Aspects": [
      {
        "Aspect": "용량",
        "SentimentText": "사이즈 큰 냄비도 들어가지만 많은 양이 들어 가지는 않습니다 ㅋㅋ",
        "SentimentWord": "10",
        "SentimentPolarity": "0"
      },
      {
        "Aspect": "기능",
        "SentimentText": "반짝 반짝 깨끗하게 세척도 잘 되네요!!",
        "SentimentWord": "6",
        "SentimentPolarity": "1"
      }
    ]
  },
  {
    "Index": "28670",
    "RawText": "좀 비좁아  테트리스를 잘 해야 합니다!  설거지 하는 시간 또한 절약 할수 있어 좋네요 사은품은 아직 안왔습니다.ㅠㅠ",
    "Source": "쇼핑몰",
    "Domain": "가전",
    "MainCategory": "주방가전",
    "ProductName": "SK매직 트리플케어 DWA-19R1P",
    "ReviewScore": "3",
    "Syllable": "66",
    "Word": "17",
    "RDate": "20220107",
    "GeneralPolarity": "0",
    "Aspects": [
      {
        "Aspect": "용량",
        "SentimentText": "좀 비좁아  테트리스를 잘 해야 합니다! ",
        "SentimentWord": "6",
        "SentimentPolarity": "-1"
      },
      {
        "Aspect": "시간/속도",
        "SentimentText": "설거지 하는 시간 또한 절약 할수 있어 좋네요 ",
        "SentimentWord": "8",
        "SentimentPolarity": "1"
      },
      {
        "Aspect": "제품구성",
        "SentimentText": "사은품은 아직 안왔습니다.ㅠㅠ",
        "SentimentWord": "3",
        "SentimentPolarity": "-1"
      }
    ]
  },
  {
    "Index": "28671",
    "RawText": "설치한지 한달 다되가는데 세척기 돌려놓고 다른 일을 할 수 있어서 너무 편리해요. 세첵력은 말할것도 없고 성능 정말 대박입니다.",
    "Source": "쇼핑몰",
    "Domain": "가전",
    "MainCategory": "주방가전",
    "ProductName": "SK매직 트리플케어 DWA-19R1P",
    "ReviewScore": "5",
    "Syllable": "71",
    "Word": "18",
    "RDate": "20220315",
    "GeneralPolarity": "1",
    "Aspects": [
      {
        "Aspect": "편의성",
        "SentimentText": "설치한지 한달 다되가는데 세척기 돌려놓고 다른 일을 할 수 있어서 너무 편리해요.",
        "SentimentWord": "12",
        "SentimentPolarity": "1"
      },
      {
        "Aspect": "기능",
        "SentimentText": "세첵력은 말할것도 없고 성능 정말 대박입니다.",
        "SentimentWord": "6",
        "SentimentPolarity": "1"
      }
    ]
  },
  {
    "Index": "28672",
    "RawText": "전부터 관심있던  제품 세일 기간으로 가성비 좋게 샀어요! 세일 기간 이라서 그런지 다른 곳은 사은품도 주던데 여긴 안주네요ㅡㅡ+",
    "Source": "쇼핑몰",
    "Domain": "가전",
    "MainCategory": "주방가전",
    "ProductName": "SK매직 트리플케어 DWA-19R1P",
    "ReviewScore": "5",
    "Syllable": "72",
    "Word": "18",
    "RDate": "20220302",
    "GeneralPolarity": "0",
    "Aspects": [
      {
        "Aspect": "가격",
        "SentimentText": "전부터 관심있던  제품 세일 기간으로 가성비 좋게 샀어요!",
        "SentimentWord": "8",
        "SentimentPolarity": "1"
      },
      {
        "Aspect": "제품구성",
        "SentimentText": "세일 기간 이라서 그런지 다른 곳은  사은품도 주던데 여긴 안주네요ㅡㅡ+",
        "SentimentWord": "10",
        "SentimentPolarity": "-1"
      }
    ]
  },
  {
    "Index": "28675",
    "RawText": "주문량이 많아 대기가 길다하더니 생각한거보다 빠르게 배송해주시고 설치해주셔서 좋았어요. 작동 시 초음파 소리가 굉장히 커서 놀랐네요. 좀 많이 시끄러워서 거슬려요. 기능도 다양해지고 성능이 확실히 업그레이드 됐네요!!.",
    "Source": "쇼핑몰",
    "Domain": "가전",
    "MainCategory": "주방가전",
    "ProductName": "디오스 LG전자 스팀 DFB22MA 일반구매",
    "ReviewScore": "5",
    "Syllable": "122",
    "Word": "26",
    "RDate": "20210205",
    "Aspects": [
      {
        "Aspect": "기능",
        "SentimentText": "기능도 다양해지고 성능이 확실히 업그레이드 됐네요!!.",
        "SentimentWord": "6",
        "SentimentPolarity": "1"
      },
      {
        "Aspect": "소음",
        "SentimentText": "작동 시 초음파 소리가 굉장히 커서 놀랐네요. 좀 많이 시끄러워서 거슬려요.",
        "SentimentWord": "11",
        "SentimentPolarity": "-1"
      }
    ]
  },
  {
    "Index": "28676",
    "RawText": "한달이나 걸렸지만 설치기사님께서 신속하게 설치해주시고 가셔서 좋았어요, 6인용이라 해서 내부용량이 좀 클줄 알았는데 생각한거보다 그릇이 얼마 안들어가서 좀 아쉽네요. 디자인도 깔끔하다고 너무 좋아하시네요.",
    "Source": "쇼핑몰",
    "Domain": "가전",
    "MainCategory": "주방가전",
    "ProductName": "디오스 LG전자 스팀 DFB22MA 일반구매",
    "ReviewScore": "5",
    "Syllable": "114",
    "Word": "23",
    "RDate": "20210212",
    "Aspects": [
      {
        "Aspect": "디자인",
        "SentimentText": "디자인도 깔끔하다고 너무 좋아하시네요.",
        "SentimentWord": "4",
        "SentimentPolarity": "1"
      },
      {
        "Aspect": "용량",
        "SentimentText": "6인용이라 해서 내부용량이 좀 클줄 알았는데 생각한거보다 그릇이 얼마 안들어가서 좀 아쉽네요.",
        "SentimentWord": "12",
        "SentimentPolarity": "-1"
      }
    ]
  },
  {
    "Index": "28680",
    "RawText": "ㅇㅇㅇ 식기 세척기 말 할 필요도 없이 좋네요!  설치 기간은 약 2주 걸렸지만 기사님 친절 하셔서 좋았네요^^ 가격도 이정도면 저렴한 편이라 잘 산것같네요",
    "Source": "쇼핑몰",
    "Domain": "가전",
    "MainCategory": "주방가전",
    "ProductName": "디오스 LG전자 스팀 DFB22MA 일반구매",
    "ReviewScore": "5",
    "Syllable": "87",
    "Word": "23",
    "RDate": "20210129",
    "Aspects": [
      {
        "Aspect": "제조일/제조사",
        "SentimentText": "ㅇㅇㅇ 식기 세척기 말 할 필요도 없이 좋네요! ",
        "SentimentWord": "8",
        "SentimentPolarity": "1"
      },
      {
        "Aspect": "가격",
        "SentimentText": "가격도 이정도면 저렴한 편이라 잘 산것같네요",
        "SentimentWord": "6",
        "SentimentPolarity": "0"
      }
    ]
  },
  {
    "Index": "28682",
    "RawText": "제품이랑 같이 보내주신 세제로 사용하고 있는데 기름때 잘지워지고 세척 잘되서 좋아요! 세척 후에 건조기능에서 자동문 열리는 시간까지 처리속도가 생각보다 오래걸려서 아쉬워요",
    "Source": "쇼핑몰",
    "Domain": "가전",
    "MainCategory": "주방가전",
    "ProductName": "디오스 LG전자 스팀 DFB22MA 일반구매",
    "ReviewScore": "5",
    "Syllable": "95",
    "Word": "21",
    "RDate": "20210318",
    "GeneralPolarity": "0",
    "Aspects": [
      {
        "Aspect": "기능",
        "SentimentText": "제품이랑 같이 보내주신 세제로 사용하고 있는데 기름때 잘지워지고 세척 잘되서 좋아요! ",
        "SentimentWord": "11",
        "SentimentPolarity": "1"
      },
      {
        "Aspect": "시간/속도",
        "SentimentText": "세척 후에 건조기능에서 자동문 열리는 시간까지 처리속도가 생각보다 오래걸려서 아쉬워요",
        "SentimentWord": "10",
        "SentimentPolarity": "-1"
      }
    ]
  }
]