[
  {
    "Index": "31571",
    "RawText": "블랙 쓰다가 화이트 색으로 바꿨는데 분위기가 화사해졌어요! 기존 쓰던 제품과 성능은 같고 기능 중 보온 기능이 추가되어 쓰기 더 좋아졌네요",
    "Source": "쇼핑몰",
    "Domain": "가전",
    "MainCategory": "주방가전",
    "ProductName": "삼성전자 MS23K3523 화이트",
    "ReviewScore": "4",
    "Syllable": "77",
    "Word": "20",
    "RDate": "20211230",
    "GeneralPolarity": "1",
    "Aspects": [
      {
        "Aspect": "색상",
        "SentimentText": "블랙 쓰다가 화이트 색으로 바꿨는데 분위기가 화사해졌어요! ",
        "SentimentWord": "7",
        "SentimentPolarity": "1"
      },
      {
        "Aspect": "기능",
        "SentimentText": "기존 쓰던 제품과 성능은 같고 기능 중 보온 기능이 추가되어 쓰기 더 좋아졌네요",
        "SentimentWord": "13",
        "SentimentPolarity": "1"
      }
    ]
  },
  {
    "Index": "31572",
    "RawText": "기존 제품 오래 쓰다가 새로 샀어요. 배송은 빠르고  디자인은 촌스럽지 않고 세련됐어요. 성능도 좋아 음식 데우기  좋네요^^",
    "Source": "쇼핑몰",
    "Domain": "가전",
    "MainCategory": "주방가전",
    "ProductName": "삼성전자 MS23K3523 화이트",
    "ReviewScore": "5",
    "Syllable": "70",
    "Word": "17",
    "RDate": "20220608",
    "GeneralPolarity": "1",
    "Aspects": [
      {
        "Aspect": "디자인",
        "SentimentText": " 디자인은 촌스럽지 않고 세련됐어요.",
        "SentimentWord": "4",
        "SentimentPolarity": "1"
      },
      {
        "Aspect": "기능",
        "SentimentText": "성능도 좋아 음식 데우기  좋네요^^   ",
        "SentimentWord": "5",
        "SentimentPolarity": "1"
      }
    ]
  },
  {
    "Index": "31573",
    "RawText": "직배송이랑 폐가전 처리까지 해주셔서 감사합니다. 도어 여는 방식이 자동기능이 아니라서 마음에 안 들어요. 조리되고 있는 모습도 안 보여서 답답합니다. 검은색 보다 흰색이 관리가 편할 것 같아서 구입했어요.",
    "Source": "쇼핑몰",
    "Domain": "가전",
    "MainCategory": "주방가전",
    "ProductName": "삼성전자 MS23K3523 화이트",
    "ReviewScore": "5",
    "Syllable": "114",
    "Word": "27",
    "RDate": "20220405",
    "GeneralPolarity": "-1",
    "Aspects": [
      {
        "Aspect": "기능",
        "SentimentText": "도어 여는 방식이 자동기능이 아니라서 마음에 안 들어요",
        "SentimentWord": "8",
        "SentimentPolarity": "-1"
      },
      {
        "Aspect": "편의성",
        "SentimentText": "조리되고 있는 모습도 안 보여서 답답합니다.",
        "SentimentWord": "6",
        "SentimentPolarity": "-1"
      },
      {
        "Aspect": "색상",
        "SentimentText": "검은색 보다 흰색이 관리가 편할 것 같아서 구입했어요.",
        "SentimentWord": "8",
        "SentimentPolarity": "1"
      }
    ]
  },
  {
    "Index": "31574",
    "RawText": "상품 성능은 그냥 그냥 기본기능이라서 쓸만한데, 도어창에서 내부 조리 과정을 볼 수 없으니 불편하네요",
    "Source": "쇼핑몰",
    "Domain": "가전",
    "MainCategory": "주방가전",
    "ProductName": "삼성전자 MS23K3523 화이트",
    "ReviewScore": "3",
    "Syllable": "56",
    "Word": "14",
    "RDate": "20220320",
    "GeneralPolarity": "0",
    "Aspects": [
      {
        "Aspect": "기능",
        "SentimentText": "상품 성능은 그냥 그냥 기본기능이라서 쓸만한데, ",
        "SentimentWord": "6",
        "SentimentPolarity": "0"
      },
      {
        "Aspect": "편의성",
        "SentimentText": "도어창에서 내부 조리 과정을 볼 수 없으니 불편하네요  ",
        "SentimentWord": "8",
        "SentimentPolarity": "-1"
      }
    ]
  },
  {
    "Index": "31577",
    "RawText": "선물 받는 사람이 좋아하니 저도 좋아요 ㅎ_ㅎ 디자인은 심플해서 이쁘다고 하는데 디자인에 비해 몸집이 쾌 큰 사이즈라서 좀 답답해 보이나봐요",
    "Source": "쇼핑몰",
    "Domain": "가전",
    "MainCategory": "주방가전",
    "ProductName": "삼성전자 MS23K3523 화이트",
    "ReviewScore": "5",
    "Syllable": "78",
    "Word": "20",
    "RDate": "20220328",
    "GeneralPolarity": "0",
    "Aspects": [
      {
        "Aspect": "디자인",
        "SentimentText": " 디자인은 심플해서 이쁘다고 하는데",
        "SentimentWord": "4",
        "SentimentPolarity": "1"
      },
      {
        "Aspect": "사이즈",
        "SentimentText": "몸집이 쾌 큰 사이즈라서 좀 답답해 보이나봐요 ",
        "SentimentWord": "7",
        "SentimentPolarity": "-1"
      }
    ]
  },
  {
    "Index": "31579",
    "RawText": "제품을 받았는데 손잡이 쪽에 스크래치가 많이 난 상품이왔습니다.  교환이 귀찮아 그냥 쓰지만 ㅇㅇㅇ 관리가 허술 한것 같아 화가납니다",
    "Source": "쇼핑몰",
    "Domain": "가전",
    "MainCategory": "주방가전",
    "ProductName": "삼성전자 MS23K3523 화이트",
    "ReviewScore": "4",
    "Syllable": "74",
    "Word": "18",
    "RDate": "20220506",
    "Aspects": [
      {
        "Aspect": "품질",
        "SentimentText": "손잡이 쪽에 스크래치가 많이 난 상품이왔습니다. ",
        "SentimentWord": "6",
        "SentimentPolarity": "-1"
      },
      {
        "Aspect": "제조일/제조사",
        "SentimentText": "ㅇㅇㅇ 관리가 허술 한것 같아 화가납니다 ",
        "SentimentWord": "6",
        "SentimentPolarity": "-1"
      }
    ]
  },
  {
    "Index": "31581",
    "RawText": "기존 쓰던 같은 제품으로 샀어요 ^^ 사용법이 간편해서 좋고요 품질도 좋아 오래 쓰는 것 같아 마음에 들어요 ㅋ",
    "Source": "쇼핑몰",
    "Domain": "가전",
    "MainCategory": "주방가전",
    "ProductName": "삼성전자 MS23K3523 화이트",
    "ReviewScore": "5",
    "Syllable": "62",
    "Word": "18",
    "RDate": "20211204",
    "GeneralPolarity": "1",
    "Aspects": [
      {
        "Aspect": "조작성",
        "SentimentText": "사용법이 간편해서 좋고요",
        "SentimentWord": "3",
        "SentimentPolarity": "1"
      },
      {
        "Aspect": "품질",
        "SentimentText": "품질도 좋아 오래 쓰는 것 같아 마음에 들어요 ㅋ",
        "SentimentWord": "9",
        "SentimentPolarity": "1"
      }
    ]
  },
  {
    "Index": "31582",
    "RawText": "데워지는 모습이 안 보여서 답답하고 불편합니다. 그래도 디자인은 깔끔해서 마음에 드네요",
    "Source": "쇼핑몰",
    "Domain": "가전",
    "MainCategory": "주방가전",
    "ProductName": "삼성전자 MS23K3523 화이트",
    "ReviewScore": "5",
    "Syllable": "48",
    "Word": "11",
    "RDate": "20220615",
    "GeneralPolarity": "0",
    "Aspects": [
      {
        "Aspect": "편의성",
        "SentimentText": "데워지는 모습이 안 보여서 답답하고 불편합니다. ",
        "SentimentWord": "6",
        "SentimentPolarity": "-1"
      },
      {
        "Aspect": "디자인",
        "SentimentText": "그래도 디자인은 깔끔해서 마음에 드네요 ",
        "SentimentWord": "5",
        "SentimentPolarity": "1"
      }
    ]
  },
  {
    "Index": "31583",
    "RawText": "작동법이 어렵지 않아 어르신들 쓰기에도 어렵지 않아요. 디자인도 무난하고 깔끔합니다.마트에서 가격 비교 후 사이트가 저렴해서 구매했어요",
    "Source": "쇼핑몰",
    "Domain": "가전",
    "MainCategory": "주방가전",
    "ProductName": "삼성전자 MS23K3523 화이트",
    "ReviewScore": "5",
    "Syllable": "75",
    "Word": "16",
    "RDate": "20220809",
    "GeneralPolarity": "1",
    "Aspects": [
      {
        "Aspect": "조작성",
        "SentimentText": "작동법이 어렵지 않아 어르신들 쓰기에도 어렵지 않아요.",
        "SentimentWord": "7",
        "SentimentPolarity": "1"
      },
      {
        "Aspect": "디자인",
        "SentimentText": " 디자인도 무난하고 깔끔합니다.",
        "SentimentWord": "3",
        "SentimentPolarity": "1"
      },
      {
        "Aspect": "가격",
        "SentimentText": "마트에서 가격 비교 후 사이트가 저렴해서 구매했어요",
        "SentimentWord": "7",
        "SentimentPolarity": "1"
      }
    ]
  },
  {
    "Index": "31584",
    "RawText": "어머니댁 선물로 보내 드렸는데 기사님도 친절 했다고 하네요. 가격까지 저렴해서 선물하는데 부담이 없었습니다. 하지만 어머니가 쓰시기에는 화이트색 관리가 어려울 듯 합니다",
    "Source": "쇼핑몰",
    "Domain": "가전",
    "MainCategory": "주방가전",
    "ProductName": "삼성전자 MS23K3523 화이트",
    "ReviewScore": "5",
    "Syllable": "94",
    "Word": "21",
    "RDate": "20211215",
    "GeneralPolarity": "0",
    "Aspects": [
      {
        "Aspect": "가격",
        "SentimentText": " 가격까지 저렴해서 선물하는데 부담이 없었습니다.",
        "SentimentWord": "5",
        "SentimentPolarity": "1"
      },
      {
        "Aspect": "색상",
        "SentimentText": " 하지만 어머니가 쓰시기에는 화이트색 관리가 어려울 듯 합니다 ",
        "SentimentWord": "8",
        "SentimentPolarity": "-1"
      }
    ]
  },
  {
    "Index": "31588",
    "RawText": "마트에서는 판매하지 않아 사이트에서 구매 했는데 조작법도 어렵지 않고  기능이 많아 다양하게 사용하기 좋은것 같아요!",
    "Source": "쇼핑몰",
    "Domain": "가전",
    "MainCategory": "주방가전",
    "ProductName": "삼성전자 MS23K3523 화이트",
    "ReviewScore": "5",
    "Syllable": "65",
    "Word": "15",
    "RDate": "20220421",
    "GeneralPolarity": "1",
    "Aspects": [
      {
        "Aspect": "조작성",
        "SentimentText": " 조작법도 어렵지 않고 ",
        "SentimentWord": "3",
        "SentimentPolarity": "1"
      },
      {
        "Aspect": "기능",
        "SentimentText": "기능이 많아 다양하게 사용하기 좋은것 같아요! ",
        "SentimentWord": "6",
        "SentimentPolarity": "1"
      }
    ]
  },
  {
    "Index": "31590",
    "RawText": "다소 레인지 마감 처리가 엉망이어서 실망이지만 디자인이 깔끔해서 그냥 사용합니다",
    "Source": "쇼핑몰",
    "Domain": "가전",
    "MainCategory": "주방가전",
    "ProductName": "삼성전자 MS23K3523 화이트",
    "ReviewScore": "5",
    "Syllable": "44",
    "Word": "10",
    "RDate": "20211210",
    "GeneralPolarity": "-1",
    "Aspects": [
      {
        "Aspect": "품질",
        "SentimentText": "다소 레인지 마감 처리가 엉망이어서 실망이지만",
        "SentimentWord": "6",
        "SentimentPolarity": "-1"
      },
      {
        "Aspect": "디자인",
        "SentimentText": " 디자인이 깔끔해서 그냥 사용합니다",
        "SentimentWord": "4",
        "SentimentPolarity": "0"
      }
    ]
  },
  {
    "Index": "31593",
    "RawText": "버튼식 조작법이 익숙해 어렵지 않아요. 오래 쓰던 제품이 고장이 나서 바꿨는데 이 제품은 전 모델에 비해 큰 사이즈로 샀는데도 용량이 그렇게 큰지 모르겠어요 ㅠㅠ",
    "Source": "쇼핑몰",
    "Domain": "가전",
    "MainCategory": "주방가전",
    "ProductName": "삼성전자 MS23K3523 화이트",
    "ReviewScore": "5",
    "Syllable": "90",
    "Word": "24",
    "RDate": "20220102",
    "GeneralPolarity": "0",
    "Aspects": [
      {
        "Aspect": "조작성",
        "SentimentText": "버튼식 조작법이 익숙해 어렵지 않아요. ",
        "SentimentWord": "5",
        "SentimentPolarity": "1"
      },
      {
        "Aspect": "용량",
        "SentimentText": "이 제품은 전 모델에 비해 큰 사이즈로 샀는데도 용량이 그렇게 큰지 모르겠어요 ㅠㅠ",
        "SentimentWord": "13",
        "SentimentPolarity": "-1"
      }
    ]
  },
  {
    "Index": "31594",
    "RawText": "용량이 생각보다 그렇게 그리 크지 않아요. 높이도 생각보다 낮아요. 디자인은 아주 깔끔해요 심플하고 세련되서 유행 안탈것 같아요.",
    "Source": "쇼핑몰",
    "Domain": "가전",
    "MainCategory": "주방가전",
    "ProductName": "삼성전자 MS23K3523 화이트",
    "ReviewScore": "5",
    "Syllable": "72",
    "Word": "17",
    "RDate": "20220317",
    "GeneralPolarity": "0",
    "Aspects": [
      {
        "Aspect": "용량",
        "SentimentText": "용량이 생각보다 그렇게 그리 크지 않아요. 높이도 생각보다 낮아요. ",
        "SentimentWord": "9",
        "SentimentPolarity": "-1"
      },
      {
        "Aspect": "디자인",
        "SentimentText": "디자인은 아주 깔끔해요 심플하고 세련되서 유행 안탈것 같아요.",
        "SentimentWord": "8",
        "SentimentPolarity": "1"
      }
    ]
  },
  {
    "Index": "31597",
    "RawText": "기존 제품 쓰던게 망가져서 급하게 구매했는데 가격대비 만족스러운 제품 찾았네요^^ 소음도 거의 없는편이라 작동모드도 굉장히 조용해서 좋아요",
    "Source": "쇼핑몰",
    "Domain": "가전",
    "MainCategory": "주방가전",
    "ProductName": "삼성전자 MS23K3523 화이트",
    "ReviewScore": "5",
    "Syllable": "77",
    "Word": "17",
    "RDate": "20220629",
    "GeneralPolarity": "1",
    "Aspects": [
      {
        "Aspect": "가격",
        "SentimentText": "기존 제품 쓰던게 망가져서 급하게 구매했는데 가격대비 만족스러운 제품 찾았네요^^",
        "SentimentWord": "10",
        "SentimentPolarity": "1"
      },
      {
        "Aspect": "소음",
        "SentimentText": "소음도 거의 없는편이라 작동모드도 굉장히 조용해서 좋아요",
        "SentimentWord": "7",
        "SentimentPolarity": "1"
      }
    ]
  },
  {
    "Index": "31600",
    "RawText": "가격 할인받아 싸게 정말 잘 산 듯합니다. 배송만 되고 폐가전 처리가 안되 아쉽고 전 모델에 비해 소리가 크다는 게 흠입니다",
    "Source": "쇼핑몰",
    "Domain": "가전",
    "MainCategory": "주방가전",
    "ProductName": "삼성전자 MS23K3523 화이트",
    "ReviewScore": "4",
    "Syllable": "69",
    "Word": "20",
    "RDate": "20211218",
    "GeneralPolarity": "0",
    "Aspects": [
      {
        "Aspect": "가격",
        "SentimentText": "가격 할인받아 싸게 정말 잘 산 듯합니다",
        "SentimentWord": "7",
        "SentimentPolarity": "1"
      },
      {
        "Aspect": "소음",
        "SentimentText": " 전 모델에 비해 소리가 크다는 게 흠입니다",
        "SentimentWord": "7",
        "SentimentPolarity": "-1"
      }
    ]
  },
  {
    "Index": "31602",
    "RawText": "전에 쓰던 제품이 소리가 커져서 새로운걸로 제품으로 산건데 전체적인 기계음과 돌아가는 작동소리가 굉장히 요란스러워서 당황스럽네요. 컬러도 생각한거보다 좀 촌시려워요.",
    "Source": "쇼핑몰",
    "Domain": "가전",
    "MainCategory": "주방가전",
    "ProductName": "삼성전자 MS23K3523 화이트",
    "ReviewScore": "3",
    "Syllable": "92",
    "Word": "19",
    "RDate": "20220416",
    "GeneralPolarity": "-1",
    "Aspects": [
      {
        "Aspect": "소음",
        "SentimentText": "전에 쓰던 제품이 소리가 커져서 새로운걸로 제품으로 산건데 전체적인 기계음과 돌아가는 작동소리가 굉장히 요란스러워서 당황스럽네요.",
        "SentimentWord": "15",
        "SentimentPolarity": "-1"
      },
      {
        "Aspect": "색상",
        "SentimentText": "컬러도 생각한거보다 좀 촌시려워요.",
        "SentimentWord": "4",
        "SentimentPolarity": "-1"
      }
    ]
  },
  {
    "Index": "31605",
    "RawText": "이 브랜드 전자레인지 구입한 후 삶의 질이 달라졌어요. 굿입니다. 버튼식 사용법도 굉장히 쉬워서 조리하기가 편해 좋네요",
    "Source": "쇼핑몰",
    "Domain": "가전",
    "MainCategory": "주방가전",
    "ProductName": "삼성전자 MS23K3523 화이트",
    "ReviewScore": "5",
    "Syllable": "66",
    "Word": "16",
    "RDate": "20220311",
    "GeneralPolarity": "1",
    "Aspects": [
      {
        "Aspect": "제조일/제조사",
        "SentimentText": "이 브랜드 전자레인지 구입한 후 삶의 질이 달라졌어요. 굿입니다. ",
        "SentimentWord": "9",
        "SentimentPolarity": "1"
      },
      {
        "Aspect": "조작성",
        "SentimentText": "버튼식 사용법도 굉장히 쉬워서 조리하기가 편해 좋네요",
        "SentimentWord": "7",
        "SentimentPolarity": "1"
      }
    ]
  },
  {
    "Index": "31606",
    "RawText": "핫딜 떠서 저렴한 가격에 구매했는데 득템했습니다 좋아요. 사용법도 굉장히 쉬워서 버튼만 누르면 끝이네요. 그리고 전자파 차단기능까지 있어 안심하고 쓸 수 있어요.",
    "Source": "쇼핑몰",
    "Domain": "가전",
    "MainCategory": "주방가전",
    "ProductName": "삼성전자 MS23K3523 화이트",
    "ReviewScore": "5",
    "Syllable": "90",
    "Word": "21",
    "RDate": "20220104",
    "GeneralPolarity": "1",
    "Aspects": [
      {
        "Aspect": "가격",
        "SentimentText": "핫딜 떠서 저렴한 가격에 구매했는데 득템했습니다 좋아요.",
        "SentimentWord": "7",
        "SentimentPolarity": "1"
      },
      {
        "Aspect": "조작성",
        "SentimentText": "사용법도 굉장히 쉬워서 버튼만 누르면 끝이네요.",
        "SentimentWord": "6",
        "SentimentPolarity": "1"
      },
      {
        "Aspect": "기능",
        "SentimentText": "그리고 전자파 차단기능까지 있어 안심하고 쓸 수 있어요.",
        "SentimentWord": "8",
        "SentimentPolarity": "1"
      }
    ]
  },
  {
    "Index": "31608",
    "RawText": "포장, 배송도 좋았는데 조리 과정이 잘 안보여 답답한 감이 있습니다. 손잡이 재질 부분이 흠집에 취약할 것 같은 재질이네요",
    "Source": "쇼핑몰",
    "Domain": "가전",
    "MainCategory": "주방가전",
    "ProductName": "삼성전자 MS23K3523 화이트",
    "ReviewScore": "5",
    "Syllable": "68",
    "Word": "18",
    "RDate": "20211227",
    "GeneralPolarity": "-1",
    "Aspects": [
      {
        "Aspect": "편의성",
        "SentimentText": "조리 과정이 잘 안보여 답답한 감이 있습니다",
        "SentimentWord": "7",
        "SentimentPolarity": "-1"
      },
      {
        "Aspect": "소재",
        "SentimentText": "손잡이 재질 부분이 흠집에 취약할 것 같은 재질이네요 ",
        "SentimentWord": "8",
        "SentimentPolarity": "-1"
      }
    ]
  },
  {
    "Index": "31612",
    "RawText": "저렴한 가격에 괜찮은 제품 하나 또 찾았네요 너무 맘에 들어요. 내부 소재가 세라믹소재라 스크레치 없이 사용할 수 있어 좋네요.",
    "Source": "쇼핑몰",
    "Domain": "가전",
    "MainCategory": "주방가전",
    "ProductName": "삼성전자 MS23K3523 화이트",
    "ReviewScore": "4",
    "Syllable": "71",
    "Word": "19",
    "RDate": "20220817",
    "GeneralPolarity": "1",
    "Aspects": [
      {
        "Aspect": "가격",
        "SentimentText": "저렴한 가격에 괜찮은 제품 하나 또 찾았네요 너무 맘에 들어요",
        "SentimentWord": "10",
        "SentimentPolarity": "1"
      },
      {
        "Aspect": "소재",
        "SentimentText": "내부 소재가 세라믹소재라 스크레치 없이 사용할 수 있어 좋네요.",
        "SentimentWord": "9",
        "SentimentPolarity": "1"
      }
    ]
  },
  {
    "Index": "31614",
    "RawText": "전자레인지 주요기능을 버튼으로 표기되어있어 어르신들도 손쉽게 사용할 수 있어 좋아요. 가열되는 시간 속도가 생각보다 더뎌 아쉽습니다. ",
    "Source": "쇼핑몰",
    "Domain": "가전",
    "MainCategory": "주방가전",
    "ProductName": "삼성전자 MS23K3523 화이트",
    "ReviewScore": "5",
    "Syllable": "75",
    "Word": "16",
    "RDate": "20220516",
    "GeneralPolarity": "0",
    "Aspects": [
      {
        "Aspect": "조작성",
        "SentimentText": "전자레인지 주요기능을 버튼으로 표기되어있어 어르신들도 손쉽게 사용할 수 있어 좋아요.",
        "SentimentWord": "10",
        "SentimentPolarity": "1"
      },
      {
        "Aspect": "시간/속도",
        "SentimentText": "가열되는 시간 속도가 생각보다 더뎌 아쉽습니다.",
        "SentimentWord": "6",
        "SentimentPolarity": "-1"
      }
    ]
  },
  {
    "Index": "31615",
    "RawText": "지인 집들이 선물로 구매했는데 디자인이 심플해서 너무 마음에 든다 하네요. 기본 레인지 기능 있어서 딱 간단조리하기엔 짱입니다.",
    "Source": "쇼핑몰",
    "Domain": "가전",
    "MainCategory": "주방가전",
    "ProductName": "삼성전자 MS23K3523 화이트",
    "ReviewScore": "5",
    "Syllable": "71",
    "Word": "17",
    "RDate": "20211129",
    "GeneralPolarity": "1",
    "Aspects": [
      {
        "Aspect": "디자인",
        "SentimentText": "지인 집들이 선물로 구매했는데 디자인이 심플해서 너무 마음에 든다 하네요.",
        "SentimentWord": "10",
        "SentimentPolarity": "1"
      },
      {
        "Aspect": "기능",
        "SentimentText": "기본 레인지 기능 있어서 딱 간단조리하기엔 짱입니다.",
        "SentimentWord": "7",
        "SentimentPolarity": "1"
      }
    ]
  },
  {
    "Index": "31618",
    "RawText": "처가집 선물로 보냈는데 직배송 되었다고하네요. 버튼 조작도 간단해 어머니가 사용하는데 어렵지 않다고 합니다. 근데 글씨 사이즈가 작아서 돋보기 없이는 안 보이신다고  불만을 제기하세요",
    "Source": "쇼핑몰",
    "Domain": "가전",
    "MainCategory": "주방가전",
    "ProductName": "삼성전자 MS23K3523 화이트",
    "ReviewScore": "5",
    "Syllable": "102",
    "Word": "23",
    "RDate": "20220511",
    "GeneralPolarity": "0",
    "Aspects": [
      {
        "Aspect": "조작성",
        "SentimentText": " 버튼 조작도 간단해 어머니가 사용하는데 어렵지 않다고 합니다.",
        "SentimentWord": "8",
        "SentimentPolarity": "1"
      },
      {
        "Aspect": "편의성",
        "SentimentText": "근데 글씨 사이즈가 작아서 돋보기 없이는 안 보이신다고  불만을 제기하세요 ",
        "SentimentWord": "10",
        "SentimentPolarity": "-1"
      }
    ]
  },
  {
    "Index": "31620",
    "RawText": "전체적으로 요리를 뎁히는데 시간이 굉장히 오래 소요됩니다. 전기세도 어마무시하게 나올것 같아서 자주 안쓰게 됩니다.",
    "Source": "쇼핑몰",
    "Domain": "가전",
    "MainCategory": "주방가전",
    "ProductName": "삼성전자 MS23K3523 화이트",
    "ReviewScore": "3",
    "Syllable": "64",
    "Word": "14",
    "RDate": "20220405",
    "GeneralPolarity": "-1",
    "Aspects": [
      {
        "Aspect": "시간/속도",
        "SentimentText": "전체적으로 요리를 뎁히는데 시간이 굉장히 오래 소요됩니다. ",
        "SentimentWord": "7",
        "SentimentPolarity": "-1"
      },
      {
        "Aspect": "소비전력",
        "SentimentText": "전기세도 어마무시하게 나올것 같아서 자주 안쓰게 됩니다.",
        "SentimentWord": "7",
        "SentimentPolarity": "-1"
      }
    ]
  },
  {
    "Index": "31621",
    "RawText": "제품 받아서 설치하는데 측면과 윗문에 문이 덜 닫히네요ㅡㅡ 하자 있는 제품을 보내시면 어쩌자는건지; 확인 제대로 해주세요. 사용해보니 전자레인지 기능은 작동되서 그냥저냥 쓸랍니다.",
    "Source": "쇼핑몰",
    "Domain": "가전",
    "MainCategory": "주방가전",
    "ProductName": "삼성전자 MS23K3523 화이트",
    "ReviewScore": "4",
    "Syllable": "100",
    "Word": "22",
    "RDate": "20220604",
    "GeneralPolarity": "-1",
    "Aspects": [
      {
        "Aspect": "품질",
        "SentimentText": "제품 받아서 설치하는데 측면과 윗문에 문이 덜 닫히네요ㅡㅡ 하자 있는 제품을 보내시면 어쩌자는건지; 확인 제대로 해주세요.",
        "SentimentWord": "16",
        "SentimentPolarity": "-1"
      },
      {
        "Aspect": "기능",
        "SentimentText": "사용해보니 전자레인지 기능은 작동되서 그냥저냥 쓸랍니다. ",
        "SentimentWord": "6",
        "SentimentPolarity": "0"
      }
    ]
  },
  {
    "Index": "31622",
    "RawText": "용량이 커서 많은양 들어 간다고 부모님 좋아하십니다.. 작동법도 단순해 어려운 부분이 없나봐요^^ 하지만 가동할 때 내부가 보이지 않아 별로라고 하시네요  배송빨랐어요",
    "Source": "쇼핑몰",
    "Domain": "가전",
    "MainCategory": "주방가전",
    "ProductName": "삼성전자 MS23K3523 화이트",
    "ReviewScore": "5",
    "Syllable": "93",
    "Word": "21",
    "RDate": "20211206",
    "GeneralPolarity": "0",
    "Aspects": [
      {
        "Aspect": "용량",
        "SentimentText": "용량이 커서 많은양 들어 간다고 부모님 좋아하십니다.",
        "SentimentWord": "7",
        "SentimentPolarity": "1"
      },
      {
        "Aspect": "조작성",
        "SentimentText": " 작동법도 단순해 어려운 부분이 없나봐요^^ ",
        "SentimentWord": "5",
        "SentimentPolarity": "1"
      },
      {
        "Aspect": "편의성",
        "SentimentText": "가동할 때 내부가 보이지 않아 별로라고 하시네요  ",
        "SentimentWord": "7",
        "SentimentPolarity": "-1"
      }
    ]
  },
  {
    "Index": "31623",
    "RawText": "제품 받아봤는데 용량도 사용하기에 적당한 사이즈입니다. 그리고 무엇보다 버튼식으로 되어있어 사용하기가 굉장히 편리해요!",
    "Source": "쇼핑몰",
    "Domain": "가전",
    "MainCategory": "주방가전",
    "ProductName": "삼성전자 MS23K3523 화이트",
    "ReviewScore": "4",
    "Syllable": "66",
    "Word": "13",
    "RDate": "20220318",
    "GeneralPolarity": "1",
    "Aspects": [
      {
        "Aspect": "용량",
        "SentimentText": "제품 받아봤는데 용량도 사용하기에 적당한 사이즈입니다",
        "SentimentWord": "6",
        "SentimentPolarity": "1"
      },
      {
        "Aspect": "조작성",
        "SentimentText": "그리고 무엇보다 버튼식으로 되어있어 사용하기가 굉장히 편리해요!",
        "SentimentWord": "7",
        "SentimentPolarity": "1"
      }
    ]
  },
  {
    "Index": "31625",
    "RawText": "사이트에서 할인 쿠폰까지 줘서 싼 가격에 구매했어요. 배송 기사님이 폐가전까지 처리해 주셨고, 구매한 상품 디자인은 심플한데  생각보다 소리가 커서 아쉽네요",
    "Source": "쇼핑몰",
    "Domain": "가전",
    "MainCategory": "주방가전",
    "ProductName": "삼성전자 MS23K3523 화이트",
    "ReviewScore": "5",
    "Syllable": "87",
    "Word": "20",
    "RDate": "20220127",
    "GeneralPolarity": "0",
    "Aspects": [
      {
        "Aspect": "가격",
        "SentimentText": "사이트에서 할인 쿠폰까지 줘서 싼 가격에 구매했어요. ",
        "SentimentWord": "7",
        "SentimentPolarity": "1"
      },
      {
        "Aspect": "디자인",
        "SentimentText": "구매한 상품 디자인은 심플한데 ",
        "SentimentWord": "4",
        "SentimentPolarity": "1"
      },
      {
        "Aspect": "소음",
        "SentimentText": "  생각보다 소리가 커서 아쉽네요",
        "SentimentWord": "4",
        "SentimentPolarity": "-1"
      }
    ]
  },
  {
    "Index": "31626",
    "RawText": "할인받아서 저렴하게 구매해서 좋아요.  가격대비 여러가지 기능이 많고 음식 데우기 성능도 좋아요. 안이 잘 보이게 디자인 되었더라면 좋았을텐더 조금 아쉽네요..",
    "Source": "쇼핑몰",
    "Domain": "가전",
    "MainCategory": "주방가전",
    "ProductName": "삼성전자 MS23K3523 화이트",
    "ReviewScore": "4",
    "Syllable": "89",
    "Word": "20",
    "RDate": "20220625",
    "GeneralPolarity": "1",
    "Aspects": [
      {
        "Aspect": "가격",
        "SentimentText": "할인받아서 저렴하게 구매해서 좋아요.  ",
        "SentimentWord": "4",
        "SentimentPolarity": "1"
      },
      {
        "Aspect": "기능",
        "SentimentText": "가격대비 여러가지 기능이 많고 음식 데우기 성능도 좋아요.",
        "SentimentWord": "8",
        "SentimentPolarity": "1"
      },
      {
        "Aspect": "디자인",
        "SentimentText": "안이 잘 보이게 디자인 되었더라면 좋았을텐더 조금 아쉽네요..",
        "SentimentWord": "8",
        "SentimentPolarity": "0"
      }
    ]
  },
  {
    "Index": "31627",
    "RawText": "2일 만에 배송이 왔어요. 화면처럼 디자인 이뻐요. 자동조리 기능이 숫자로만 나오니 조작이 미숙해  아직 불편해요",
    "Source": "쇼핑몰",
    "Domain": "가전",
    "MainCategory": "주방가전",
    "ProductName": "삼성전자 MS23K3535 화이트",
    "ReviewScore": "5",
    "Syllable": "63",
    "Word": "15",
    "RDate": "20200221",
    "GeneralPolarity": "0",
    "Aspects": [
      {
        "Aspect": "디자인",
        "SentimentText": " 화면처럼 디자인 이뻐요 ",
        "SentimentWord": "3",
        "SentimentPolarity": "1"
      },
      {
        "Aspect": "조작성",
        "SentimentText": "자동조리 기능이 숫자로만 나오니 조작이 미숙해  아직 불편해요",
        "SentimentWord": "8",
        "SentimentPolarity": "-1"
      }
    ]
  },
  {
    "Index": "31628",
    "RawText": "제일 먼저 디자인이 심플해서 좋네요. 소음도 이정도면 거의 없는편이라 조용합니다. 안의 내부도 깔끔해서 청소할때 행주로 쓰윽 닦아주면 편해요.",
    "Source": "쇼핑몰",
    "Domain": "가전",
    "MainCategory": "주방가전",
    "ProductName": "삼성전자 MS23K3535 화이트",
    "ReviewScore": "5",
    "Syllable": "79",
    "Word": "18",
    "RDate": "20200227",
    "GeneralPolarity": "1",
    "Aspects": [
      {
        "Aspect": "디자인",
        "SentimentText": "제일 먼저 디자인이 심플해서 좋네요. ",
        "SentimentWord": "5",
        "SentimentPolarity": "1"
      },
      {
        "Aspect": "소음",
        "SentimentText": "소음도 이정도면 거의 없는편이라 조용합니다",
        "SentimentWord": "5",
        "SentimentPolarity": "1"
      },
      {
        "Aspect": "편의성",
        "SentimentText": "안의 내부도 깔끔해서 청소할때 행주로 쓰윽 닦아주면 편해요.",
        "SentimentWord": "8",
        "SentimentPolarity": "1"
      }
    ]
  },
  {
    "Index": "31629",
    "RawText": "제품 뒷면에 나사 하나가 헐거워져서 고정이 안되고,  본체 아래 쪽이 약간 휘어졌네요. 00제품 믿고 샀는데 실망입니다.",
    "Source": "쇼핑몰",
    "Domain": "가전",
    "MainCategory": "주방가전",
    "ProductName": "삼성전자 MS23K3535 화이트",
    "ReviewScore": "4",
    "Syllable": "67",
    "Word": "16",
    "RDate": "20220105",
    "GeneralPolarity": "-1",
    "Aspects": [
      {
        "Aspect": "품질",
        "SentimentText": "나사 하나가 헐거워져서 고정이 안되고,  본체 아래 쪽이 약간 휘어졌네요",
        "SentimentWord": "10",
        "SentimentPolarity": "-1"
      },
      {
        "Aspect": "제조일/제조사",
        "SentimentText": " 00제품 믿고 샀는데 실망입니다.",
        "SentimentWord": "4",
        "SentimentPolarity": "-1"
      }
    ]
  },
  {
    "Index": "31631",
    "RawText": "친구에게 선물했는데 디자인 깔끔하다고 너무 좋아하네요. 가격도 적당하고 가성비 좋은 제품이네요.",
    "Source": "쇼핑몰",
    "Domain": "가전",
    "MainCategory": "주방가전",
    "ProductName": "삼성전자 MS23K3535 화이트",
    "ReviewScore": "5",
    "Syllable": "53",
    "Word": "11",
    "RDate": "20200803",
    "GeneralPolarity": "1",
    "Aspects": [
      {
        "Aspect": "디자인",
        "SentimentText": "친구에게 선물했는데 디자인 깔끔하다고 너무 좋아하네요. ",
        "SentimentWord": "6",
        "SentimentPolarity": "1"
      },
      {
        "Aspect": "가격",
        "SentimentText": "가격도 적당하고 가성비 좋은 제품이네요.",
        "SentimentWord": "5",
        "SentimentPolarity": "1"
      }
    ]
  },
  {
    "Index": "31636",
    "RawText": "디자인 너무 이뻐요 주방 가전이랑 너무 잘 어울립니다~ 색상도 세련돼서 마음에 듭니다!^^",
    "Source": "쇼핑몰",
    "Domain": "가전",
    "MainCategory": "주방가전",
    "ProductName": "삼성전자 MS23K3535 화이트",
    "ReviewScore": "5",
    "Syllable": "50",
    "Word": "12",
    "RDate": "20200812",
    "GeneralPolarity": "1",
    "Aspects": [
      {
        "Aspect": "디자인",
        "SentimentText": "디자인 너무 이뻐요 주방 가전이랑 너무 잘 어울립니다~",
        "SentimentWord": "8",
        "SentimentPolarity": "1"
      },
      {
        "Aspect": "색상",
        "SentimentText": "색상도 세련돼서 마음에 듭니다!^^",
        "SentimentWord": "4",
        "SentimentPolarity": "1"
      }
    ]
  },
  {
    "Index": "31637",
    "RawText": "버튼이 다이얼 식이라 깔끔하고 사용하기 편합니다~ 가격도 완전 저렴하게 구입해서 너무 좋네요^^",
    "Source": "쇼핑몰",
    "Domain": "가전",
    "MainCategory": "주방가전",
    "ProductName": "삼성전자 MS23K3535 화이트",
    "ReviewScore": "5",
    "Syllable": "53",
    "Word": "12",
    "RDate": "20200827",
    "GeneralPolarity": "1",
    "Aspects": [
      {
        "Aspect": "조작성",
        "SentimentText": "버튼이 다이얼 식이라 깔끔하고 사용하기 편합니다~",
        "SentimentWord": "6",
        "SentimentPolarity": "1"
      },
      {
        "Aspect": "가격",
        "SentimentText": "가격도 완전 저렴하게 구입해서 너무 좋네요^^",
        "SentimentWord": "6",
        "SentimentPolarity": "1"
      }
    ]
  },
  {
    "Index": "31639",
    "RawText": "제품 퀄리티가 상당히 떨어집니다. 별로에요;  가격은 저렴하게 잘 사서 만족하고 있습니다.",
    "Source": "쇼핑몰",
    "Domain": "가전",
    "MainCategory": "주방가전",
    "ProductName": "삼성전자 MS23K3535 화이트",
    "ReviewScore": "5",
    "Syllable": "50",
    "Word": "11",
    "RDate": "20220430",
    "GeneralPolarity": "0",
    "Aspects": [
      {
        "Aspect": "품질",
        "SentimentText": "제품 퀄리티가 상당히 떨어집니다. 별로에요; ",
        "SentimentWord": "5",
        "SentimentPolarity": "-1"
      },
      {
        "Aspect": "가격",
        "SentimentText": "가격은 저렴하게 잘 사서 만족하고 있습니다. ",
        "SentimentWord": "6",
        "SentimentPolarity": "1"
      }
    ]
  },
  {
    "Index": "31640",
    "RawText": "디자인도 너무 이쁘고 마음에 들어요~ 사이즈도 적당해서 싱크대에 올려놔도 공간이 많이 남네요 좋습니다",
    "Source": "쇼핑몰",
    "Domain": "가전",
    "MainCategory": "주방가전",
    "ProductName": "삼성전자 MS23K3535 화이트",
    "ReviewScore": "4",
    "Syllable": "56",
    "Word": "13",
    "RDate": "20200307",
    "GeneralPolarity": "1",
    "Aspects": [
      {
        "Aspect": "디자인",
        "SentimentText": "디자인도 너무 이쁘고 마음에 들어요~ ",
        "SentimentWord": "5",
        "SentimentPolarity": "1"
      },
      {
        "Aspect": "사이즈",
        "SentimentText": "사이즈도 적당해서 싱크대에 올려놔도 공간이 많이 남네요 좋습니다",
        "SentimentWord": "8",
        "SentimentPolarity": "1"
      }
    ]
  },
  {
    "Index": "31641",
    "RawText": "가격은 저렴하게 잘 사서 만족합니다. 기능은 기본 제품보다 못해서 진짜 별로에요; 음식이 잘 데워지지도 않네요",
    "Source": "쇼핑몰",
    "Domain": "가전",
    "MainCategory": "주방가전",
    "ProductName": "삼성전자 MS23K3535 화이트",
    "ReviewScore": "2",
    "Syllable": "61",
    "Word": "15",
    "RDate": "20200403",
    "GeneralPolarity": "0",
    "Aspects": [
      {
        "Aspect": "가격",
        "SentimentText": "가격은 저렴하게 잘 사서 만족합니다. ",
        "SentimentWord": "5",
        "SentimentPolarity": "1"
      },
      {
        "Aspect": "기능",
        "SentimentText": "기능은 기본 제품보다 못해서 진짜 별로에요; 음식이 잘 데워지지도 않네요",
        "SentimentWord": "10",
        "SentimentPolarity": "-1"
      }
    ]
  },
  {
    "Index": "31642",
    "RawText": "색상이 고급 져 보이고 마음에 쏙 듭니다~ 그런데 생각보다 소음이 좀 있어서 사용하기 불편하네요",
    "Source": "쇼핑몰",
    "Domain": "가전",
    "MainCategory": "주방가전",
    "ProductName": "삼성전자 MS23K3535 화이트",
    "ReviewScore": "5",
    "Syllable": "53",
    "Word": "14",
    "RDate": "20220313",
    "GeneralPolarity": "0",
    "Aspects": [
      {
        "Aspect": "색상",
        "SentimentText": "색상이 고급 져 보이고 마음에 쏙 듭니다~ ",
        "SentimentWord": "7",
        "SentimentPolarity": "1"
      },
      {
        "Aspect": "소음",
        "SentimentText": "생각보다 소음이 좀 있어서 사용하기 불편하네요",
        "SentimentWord": "6",
        "SentimentPolarity": "-1"
      }
    ]
  },
  {
    "Index": "31644",
    "RawText": "품질이 너무 떨어져요 받자마자 문이 고장나서 교환했습니다 열받네요. 사용할 때도 소음이 커서 밤에 돌리면 안 될 것 같네요 ㅡㅡ",
    "Source": "쇼핑몰",
    "Domain": "가전",
    "MainCategory": "주방가전",
    "ProductName": "삼성전자 MS23K3535 화이트",
    "ReviewScore": "1",
    "Syllable": "71",
    "Word": "19",
    "RDate": "20220228",
    "GeneralPolarity": "-1",
    "Aspects": [
      {
        "Aspect": "품질",
        "SentimentText": "품질이 너무 떨어져요 받자마자 문이 고장나서 교환했습니다 열받네요",
        "SentimentWord": "8",
        "SentimentPolarity": "-1"
      },
      {
        "Aspect": "소음",
        "SentimentText": "사용할 때도 소음이 커서 밤에 돌리면 안 될 것 같네요 ㅡㅡ",
        "SentimentWord": "11",
        "SentimentPolarity": "-1"
      }
    ]
  },
  {
    "Index": "31645",
    "RawText": "빠르게 배송 왔어요. 깔끔한 디자인이라 보기 좋구요 시간조절 가능해서 사용하기 편합니다~",
    "Source": "쇼핑몰",
    "Domain": "가전",
    "MainCategory": "주방가전",
    "ProductName": "삼성전자 MS23K3535 화이트",
    "ReviewScore": "5",
    "Syllable": "49",
    "Word": "11",
    "RDate": "20200330",
    "GeneralPolarity": "1",
    "Aspects": [
      {
        "Aspect": "디자인",
        "SentimentText": " 깔끔한 디자인이라 보기 좋구요",
        "SentimentWord": "4",
        "SentimentPolarity": "1"
      },
      {
        "Aspect": "편의성",
        "SentimentText": "시간조절 가능해서 사용하기 편합니다~",
        "SentimentWord": "4",
        "SentimentPolarity": "1"
      }
    ]
  },
  {
    "Index": "31646",
    "RawText": "컬러도 깔끔하고 산뜻하니 너무 예쁘네요. 몇번 간편조리 해봤는데 간단하게 사용할 수 있어 너무 좋아요.",
    "Source": "쇼핑몰",
    "Domain": "가전",
    "MainCategory": "주방가전",
    "ProductName": "삼성전자 MS23K3535 화이트",
    "ReviewScore": "5",
    "Syllable": "57",
    "Word": "14",
    "RDate": "20200528",
    "GeneralPolarity": "1",
    "Aspects": [
      {
        "Aspect": "색상",
        "SentimentText": "컬러도 깔끔하고 산뜻하니 너무 예쁘네요.",
        "SentimentWord": "5",
        "SentimentPolarity": "1"
      },
      {
        "Aspect": "편의성",
        "SentimentText": "몇번 간편조리 해봤는데 간단하게 사용할 수 있어 너무 좋아요.",
        "SentimentWord": "9",
        "SentimentPolarity": "1"
      }
    ]
  },
  {
    "Index": "31649",
    "RawText": "디자인이 내부가 전혀 안보여서 답답해요. 사용할 때마다 기계음도 너무 크고 별로입니다.",
    "Source": "쇼핑몰",
    "Domain": "가전",
    "MainCategory": "주방가전",
    "ProductName": "삼성전자 MS23K3535 화이트",
    "ReviewScore": "5",
    "Syllable": "48",
    "Word": "11",
    "RDate": "20200714",
    "GeneralPolarity": "-1",
    "Aspects": [
      {
        "Aspect": "디자인",
        "SentimentText": "디자인이 내부가 전혀 안보여서 답답해요 ",
        "SentimentWord": "5",
        "SentimentPolarity": "-1"
      },
      {
        "Aspect": "소음",
        "SentimentText": "사용할 때마다 기계음도 너무 크고 별로입니다.",
        "SentimentWord": "6",
        "SentimentPolarity": "-1"
      }
    ]
  },
  {
    "Index": "31650",
    "RawText": "다른곳에서 구매 후에 제품하자로 반품처리하고 같은제품을 다시 구매했는데도 동일한 하자가 있네요 도어 하단부가 벌어져있어요ㅡㅡ 제품 품질이 엉망진창이네요. 재질도 굉장히 저렴한 티나고 플라스틱소재라 금방 망가질것 같아요. 별로예요",
    "Source": "쇼핑몰",
    "Domain": "가전",
    "MainCategory": "주방가전",
    "ProductName": "삼성전자 MS23K3535 화이트",
    "ReviewScore": "2",
    "Syllable": "127",
    "Word": "26",
    "RDate": "20220716",
    "GeneralPolarity": "-1",
    "Aspects": [
      {
        "Aspect": "품질",
        "SentimentText": "다른곳에서 구매 후에 제품하자로 반품처리하고 같은제품을 다시 구매했는데도 동일한 하자가 있네요 도어 하단부가 벌어져있어요ㅡㅡ 제품 품질이 엉망진창이네요",
        "SentimentWord": "17",
        "SentimentPolarity": "-1"
      },
      {
        "Aspect": "소재",
        "SentimentText": "재질도 굉장히 저렴한 티나고 플라스틱소재라 금방 망가질것 같아요. 별로예요",
        "SentimentWord": "9",
        "SentimentPolarity": "-1"
      }
    ]
  },
  {
    "Index": "31652",
    "RawText": "디자인은 깔끔해서 마음에 드네요~ 버튼이 다이얼 식이라 시간 조절 하기 불편합니다.",
    "Source": "쇼핑몰",
    "Domain": "가전",
    "MainCategory": "주방가전",
    "ProductName": "삼성전자 MS23K3535 화이트",
    "ReviewScore": "5",
    "Syllable": "46",
    "Word": "11",
    "RDate": "20220608",
    "GeneralPolarity": "0",
    "Aspects": [
      {
        "Aspect": "디자인",
        "SentimentText": "디자인은 깔끔해서 마음에 드네요~",
        "SentimentWord": "4",
        "SentimentPolarity": "1"
      },
      {
        "Aspect": "편의성",
        "SentimentText": "버튼이 다이얼 식이라 시간 조절 하기 불편합니다.",
        "SentimentWord": "7",
        "SentimentPolarity": "-1"
      }
    ]
  },
  {
    "Index": "31654",
    "RawText": "데우기 기능 쓸 때 소리가 많이 커서 별로예요. 그래도 디자인은 깔끔하고 세련돼서 마음에 듭니다.",
    "Source": "쇼핑몰",
    "Domain": "가전",
    "MainCategory": "주방가전",
    "ProductName": "삼성전자 MS23K3535 화이트",
    "ReviewScore": "4",
    "Syllable": "54",
    "Word": "14",
    "RDate": "20201104",
    "GeneralPolarity": "0",
    "Aspects": [
      {
        "Aspect": "소음",
        "SentimentText": "데우기 기능 쓸 때 소리가 많이 커서 별로예요. ",
        "SentimentWord": "8",
        "SentimentPolarity": "-1"
      },
      {
        "Aspect": "디자인",
        "SentimentText": "디자인은 깔끔하고 세련돼서 마음에 듭니다.",
        "SentimentWord": "5",
        "SentimentPolarity": "1"
      }
    ]
  },
  {
    "Index": "31655",
    "RawText": "이번에 주방리모델링하면서 새로 장만했는데 전자레인지 사이즈도 적당해서 좋아요! 선반에 쏙 들어가네요. 조금 아쉬운점이 가열이나 해동할때 열이 쉽게 위쪽으로 쏠리는데 내구성이 좀 의심되네요.",
    "Source": "쇼핑몰",
    "Domain": "가전",
    "MainCategory": "주방가전",
    "ProductName": "삼성전자 MS23K3535 화이트",
    "ReviewScore": "4",
    "Syllable": "105",
    "Word": "22",
    "RDate": "20200127",
    "GeneralPolarity": "0",
    "Aspects": [
      {
        "Aspect": "사이즈",
        "SentimentText": "이번에 주방리모델링하면서 새로 장만했는데 전자레인지 사이즈도 적당해서 좋아요! 선반에 쏙 들어가네요",
        "SentimentWord": "11",
        "SentimentPolarity": "1"
      },
      {
        "Aspect": "내구성",
        "SentimentText": "조금 아쉬운점이 가열이나 해동할때 열이 쉽게 위쪽으로 쏠리는데 내구성이 좀 의심되네요.",
        "SentimentWord": "11",
        "SentimentPolarity": "-1"
      }
    ]
  },
  {
    "Index": "31656",
    "RawText": "세련된 디자인이라 이뻐요~ 기본 성능이 잘되서 좋습니다.  다만 용량이  작아 큰 그릇 안 들어가요  그리구 사용할때  내부 전등의 밝기가 어두워서 요리가 잘 되고 있는지 확인안되서 불편해요.",
    "Source": "쇼핑몰",
    "Domain": "가전",
    "MainCategory": "주방가전",
    "ProductName": "삼성전자 MS23K3535 화이트",
    "ReviewScore": "4",
    "Syllable": "107",
    "Word": "26",
    "RDate": "20210124",
    "GeneralPolarity": "0",
    "Aspects": [
      {
        "Aspect": "디자인",
        "SentimentText": "세련된 디자인이라 이뻐요~",
        "SentimentWord": "3",
        "SentimentPolarity": "1"
      },
      {
        "Aspect": "기능",
        "SentimentText": "기본 성능이 잘되서 좋습니다. ",
        "SentimentWord": "4",
        "SentimentPolarity": "1"
      },
      {
        "Aspect": "용량",
        "SentimentText": "다만 용량이  작아 큰 그릇 안 들어가요",
        "SentimentWord": "7",
        "SentimentPolarity": "-1"
      },
      {
        "Aspect": "편의성",
        "SentimentText": "내부 전등의 밝기가 어두워서 요리가 잘 되고 있는지 확인안되서 불편해요.",
        "SentimentWord": "10",
        "SentimentPolarity": "-1"
      }
    ]
  },
  {
    "Index": "31657",
    "RawText": "오프라인보다 저렴하게 구매해서 완전 만족하고 있습니다~  디자인도 깨끗해서 주방 가전이랑 너무 잘 어울려요 굿",
    "Source": "쇼핑몰",
    "Domain": "가전",
    "MainCategory": "주방가전",
    "ProductName": "삼성전자 MS23K3535 화이트",
    "ReviewScore": "5",
    "Syllable": "61",
    "Word": "14",
    "RDate": "20210120",
    "GeneralPolarity": "1",
    "Aspects": [
      {
        "Aspect": "가격",
        "SentimentText": "오프라인보다 저렴하게 구매해서 완전 만족하고 있습니다~",
        "SentimentWord": "6",
        "SentimentPolarity": "1"
      },
      {
        "Aspect": "디자인",
        "SentimentText": "디자인도 깨끗해서 주방 가전이랑 너무 잘 어울려요 굿",
        "SentimentWord": "8",
        "SentimentPolarity": "1"
      }
    ]
  },
  {
    "Index": "31658",
    "RawText": "디자인 굉장히 쎄련되고 쌈박하네요 예뻐요. 기능도 있을건 다 있어서 다양하게 조리해먹을 수 있어요 최고가 계란찜이네요ㅎㅎ",
    "Source": "쇼핑몰",
    "Domain": "가전",
    "MainCategory": "주방가전",
    "ProductName": "삼성전자 MS23K3535 화이트",
    "ReviewScore": "4",
    "Syllable": "67",
    "Word": "15",
    "RDate": "20220328",
    "GeneralPolarity": "1",
    "Aspects": [
      {
        "Aspect": "디자인",
        "SentimentText": "디자인 굉장히 쎄련되고 쌈박하네요 예뻐요. ",
        "SentimentWord": "5",
        "SentimentPolarity": "1"
      },
      {
        "Aspect": "기능",
        "SentimentText": "기능도 있을건 다 있어서 다양하게 조리해먹을 수 있어요 최고가 계란찜이네요ㅎㅎ",
        "SentimentWord": "10",
        "SentimentPolarity": "1"
      }
    ]
  },
  {
    "Index": "31659",
    "RawText": "너무 저렴하게 구매해서 마음에 쏙 들어요~ 디자인도 곡선 형태라 이쁘네요 ^^",
    "Source": "쇼핑몰",
    "Domain": "가전",
    "MainCategory": "주방가전",
    "ProductName": "삼성전자 MS23K3535 화이트",
    "ReviewScore": "5",
    "Syllable": "43",
    "Word": "11",
    "RDate": "20200228",
    "GeneralPolarity": "1",
    "Aspects": [
      {
        "Aspect": "가격",
        "SentimentText": "너무 저렴하게 구매해서 마음에 쏙 들어요~",
        "SentimentWord": "6",
        "SentimentPolarity": "1"
      },
      {
        "Aspect": "디자인",
        "SentimentText": "디자인도 곡선 형태라 이쁘네요 ^^",
        "SentimentWord": "5",
        "SentimentPolarity": "1"
      }
    ]
  },
  {
    "Index": "31660",
    "RawText": "어머니 선물해드렸는데 디자인 깔끔해서 좋다고 하시네요. 조작버튼도 간단해서 사용하기가 굉장히 쉬워서 좋습니다.",
    "Source": "쇼핑몰",
    "Domain": "가전",
    "MainCategory": "주방가전",
    "ProductName": "삼성전자 MS23K3535 화이트",
    "ReviewScore": "5",
    "Syllable": "61",
    "Word": "12",
    "RDate": "20191217",
    "GeneralPolarity": "1",
    "Aspects": [
      {
        "Aspect": "디자인",
        "SentimentText": "어머니 선물해드렸는데 디자인 깔끔해서 좋다고 하시네요. ",
        "SentimentWord": "6",
        "SentimentPolarity": "1"
      },
      {
        "Aspect": "조작성",
        "SentimentText": "조작버튼도 간단해서 사용하기가 굉장히 쉬워서 좋습니다.",
        "SentimentWord": "6",
        "SentimentPolarity": "1"
      }
    ]
  },
  {
    "Index": "31661",
    "RawText": "외관도 깔끔하니 모양도 예뻐서 좋아요. 조리시간을 다이얼로 할 수 있어서 굉장히 사용하기 편리합니다.",
    "Source": "쇼핑몰",
    "Domain": "가전",
    "MainCategory": "주방가전",
    "ProductName": "삼성전자 MS23K3535 화이트",
    "ReviewScore": "5",
    "Syllable": "56",
    "Word": "13",
    "RDate": "20191210",
    "GeneralPolarity": "1",
    "Aspects": [
      {
        "Aspect": "디자인",
        "SentimentText": "외관도 깔끔하니 모양도 예뻐서 좋아요. ",
        "SentimentWord": "5",
        "SentimentPolarity": "1"
      },
      {
        "Aspect": "조작성",
        "SentimentText": "조리시간을 다이얼로 할 수 있어서 굉장히 사용하기 편리합니다.",
        "SentimentWord": "8",
        "SentimentPolarity": "1"
      }
    ]
  },
  {
    "Index": "31662",
    "RawText": "전자레인지 크기가 적당해서 싱크대 공간 차지를 많이 안 해서 만족해요. 오프라인보다 저렴한 가격에 구매해서 너무 좋습니다",
    "Source": "쇼핑몰",
    "Domain": "가전",
    "MainCategory": "주방가전",
    "ProductName": "삼성전자 MS23K3535 화이트",
    "ReviewScore": "5",
    "Syllable": "67",
    "Word": "16",
    "RDate": "20210322",
    "GeneralPolarity": "1",
    "Aspects": [
      {
        "Aspect": "사이즈",
        "SentimentText": "전자레인지 크기가 적당해서 싱크대 공간 차지를 많이 안 해서 만족해요. ",
        "SentimentWord": "10",
        "SentimentPolarity": "1"
      },
      {
        "Aspect": "가격",
        "SentimentText": "오프라인보다 저렴한 가격에 구매해서 너무 좋습니다",
        "SentimentWord": "6",
        "SentimentPolarity": "1"
      }
    ]
  },
  {
    "Index": "31663",
    "RawText": "제품 받아서 사용해보니 문 이음새가 맞지 않네요ㅡㅡ 제품에 품질 의심됩니다.  안에 있는 유리판도 잘 고정이 안되서 요리할때마다 빠져 불편합니다.",
    "Source": "쇼핑몰",
    "Domain": "가전",
    "MainCategory": "주방가전",
    "ProductName": "삼성전자 MS23K3535 화이트",
    "ReviewScore": "3",
    "Syllable": "81",
    "Word": "19",
    "RDate": "20200213",
    "GeneralPolarity": "-1",
    "Aspects": [
      {
        "Aspect": "품질",
        "SentimentText": "제품 받아서 사용해보니 문 이음새가 맞지 않네요ㅡㅡ 제품에 품질 의심됩니다.",
        "SentimentWord": "10",
        "SentimentPolarity": "-1"
      },
      {
        "Aspect": "편의성",
        "SentimentText": "안에 있는 유리판도 잘 고정이 안되서 요리할때마다 빠져 불편합니다.",
        "SentimentWord": "9",
        "SentimentPolarity": "-1"
      }
    ]
  },
  {
    "Index": "31664",
    "RawText": "제품 자체는 하자 하나 없는  좋은 제품입니다.  배송이 많이 늦어서 판매자분께 문의해도 답이 없어 답답했어요. 소음이 좀 있어서 별로네요..",
    "Source": "쇼핑몰",
    "Domain": "가전",
    "MainCategory": "주방가전",
    "ProductName": "삼성전자 MS23K3535 화이트",
    "ReviewScore": "3",
    "Syllable": "79",
    "Word": "19",
    "RDate": "20191202",
    "GeneralPolarity": "0",
    "Aspects": [
      {
        "Aspect": "품질",
        "SentimentText": "제품 자체는 하자 하나 없는  좋은 제품입니다. ",
        "SentimentWord": "7",
        "SentimentPolarity": "1"
      },
      {
        "Aspect": "소음",
        "SentimentText": "소음이 좀 있어서 별로네요..",
        "SentimentWord": "4",
        "SentimentPolarity": "-1"
      }
    ]
  },
  {
    "Index": "31667",
    "RawText": "포장박스는 문제없고 제품을 열어보니 밑에가 찌그러져 있어서 품질이 최악입니다. 이걸 어찌쓰라고 보내신건지; 무게도 생각보다 많이 나가서 얇은선반에 올리려니 불안해서 식탁위에 쓰려합니다 별로예요",
    "Source": "쇼핑몰",
    "Domain": "가전",
    "MainCategory": "주방가전",
    "ProductName": "삼성전자 MS23K3535 화이트",
    "ReviewScore": "5",
    "Syllable": "107",
    "Word": "22",
    "RDate": "20200822",
    "GeneralPolarity": "-1",
    "Aspects": [
      {
        "Aspect": "품질",
        "SentimentText": "포장박스는 문제없고 제품을 열어보니 밑에가 찌그러져 있어서 품질이 최악입니다. 이걸 어찌쓰라고 보내신건지;",
        "SentimentWord": "12",
        "SentimentPolarity": "-1"
      },
      {
        "Aspect": "무게",
        "SentimentText": "무게도 생각보다 많이 나가서 얇은선반에 올리려니 불안해서 식탁위에 쓰려합니다 별로예요",
        "SentimentWord": "10",
        "SentimentPolarity": "-1"
      }
    ]
  },
  {
    "Index": "31668",
    "RawText": "여러가지 가격비교해서 구매했는데 저렴하게 사서 너무 좋아요! 조금 아쉬운점이 출력와트가 약해서 조리하는데 시간이 조금 걸려서 불편해요",
    "Source": "쇼핑몰",
    "Domain": "가전",
    "MainCategory": "주방가전",
    "ProductName": "삼성전자 MS23K3535 화이트",
    "ReviewScore": "4",
    "Syllable": "74",
    "Word": "16",
    "RDate": "20200806",
    "GeneralPolarity": "0",
    "Aspects": [
      {
        "Aspect": "가격",
        "SentimentText": "여러가지 가격비교해서 구매했는데 저렴하게 사서 너무 좋아요!",
        "SentimentWord": "7",
        "SentimentPolarity": "1"
      },
      {
        "Aspect": "시간/속도",
        "SentimentText": "조금 아쉬운점이 출력와트가 약해서 조리하는데 시간이 조금 걸려서 불편해요",
        "SentimentWord": "9",
        "SentimentPolarity": "-1"
      }
    ]
  },
  {
    "Index": "31672",
    "RawText": "디자인 정말 맘에들어요 깔끔하니 아주 깨끗하네요. 다만 탈취기능을 아무리 사용해도 냄새가 잘 안빠지네요;; 그건 좀 아쉬워요.",
    "Source": "쇼핑몰",
    "Domain": "가전",
    "MainCategory": "주방가전",
    "ProductName": "삼성전자 MS23K3535 화이트",
    "ReviewScore": "4",
    "Syllable": "70",
    "Word": "16",
    "RDate": "20200911",
    "GeneralPolarity": "0",
    "Aspects": [
      {
        "Aspect": "디자인",
        "SentimentText": "디자인 정말 맘에들어요 깔끔하니 아주 깨끗하네요.",
        "SentimentWord": "6",
        "SentimentPolarity": "1"
      },
      {
        "Aspect": "기능",
        "SentimentText": " 다만 탈취기능을 아무리 사용해도 냄새가 잘 안빠지네요;; 그건 좀 아쉬워요.",
        "SentimentWord": "10",
        "SentimentPolarity": "-1"
      }
    ]
  },
  {
    "Index": "31673",
    "RawText": "제일 큰 장점 굉장히 사용하기 쉬운 제품이라서 너무 좋아요! 버튼만 누르면 바로 작동됩니다. 좀 아쉬운 단점은 부피가 생각보다 크지않아서 아쉬워요. 좀만 더 높이가 높았으면 하는 아쉬움이 있네요. 용량이 작아요",
    "Source": "쇼핑몰",
    "Domain": "가전",
    "MainCategory": "주방가전",
    "ProductName": "삼성전자 MS23K3535 화이트",
    "ReviewScore": "5",
    "Syllable": "117",
    "Word": "29",
    "RDate": "20200523",
    "GeneralPolarity": "0",
    "Aspects": [
      {
        "Aspect": "조작성",
        "SentimentText": "제일 큰 장점 굉장히 사용하기 쉬운 제품이라서 너무 좋아요! 버튼만 누르면 바로 작동됩니다.",
        "SentimentWord": "13",
        "SentimentPolarity": "1"
      },
      {
        "Aspect": "용량",
        "SentimentText": "좀 아쉬운 단점은 부피가 생각보다 크지않아서 아쉬워요. 좀만 더 높이가 높았으면 하는 아쉬움이 있네요. 용량이 작아요",
        "SentimentWord": "16",
        "SentimentPolarity": "-1"
      }
    ]
  },
  {
    "Index": "31674",
    "RawText": "제일 기본적인 보온 해동 쾌속해동 기능 너무 마음에 듭니다. 사용해보니 안이 안보인다는 후기를 봤어서 알고있긴 했으나 정말 아쉬워요. 안이 정말 안보여서 불편해요.",
    "Source": "쇼핑몰",
    "Domain": "가전",
    "MainCategory": "주방가전",
    "ProductName": "삼성전자 MS23K3535 화이트",
    "ReviewScore": "4",
    "Syllable": "91",
    "Word": "22",
    "RDate": "20200322",
    "GeneralPolarity": "0",
    "Aspects": [
      {
        "Aspect": "기능",
        "SentimentText": "제일 기본적인 보온 해동 쾌속해동 기능 너무 마음에 듭니다. ",
        "SentimentWord": "9",
        "SentimentPolarity": "1"
      },
      {
        "Aspect": "편의성",
        "SentimentText": "사용해보니 안이 안보인다는 후기를 봤어서 알고있긴 했으나 정말 아쉬워요. 안이 정말 안보여서 불편해요.",
        "SentimentWord": "13",
        "SentimentPolarity": "-1"
      }
    ]
  },
  {
    "Index": "31676",
    "RawText": "굉장히 적당한 크기의 전자레인지예요! 마음에 듭니다. 무엇보다 쾌속해동기능이 추가되어있어서 냉동식품 많이 먹는 저로써는 너무 좋아요.",
    "Source": "쇼핑몰",
    "Domain": "가전",
    "MainCategory": "주방가전",
    "ProductName": "삼성전자 MS23K3535 화이트",
    "ReviewScore": "5",
    "Syllable": "74",
    "Word": "15",
    "RDate": "20200310",
    "GeneralPolarity": "1",
    "Aspects": [
      {
        "Aspect": "용량",
        "SentimentText": "굉장히 적당한 크기의 전자레인지예요! 마음에 듭니다.",
        "SentimentWord": "6",
        "SentimentPolarity": "1"
      },
      {
        "Aspect": "기능",
        "SentimentText": "무엇보다 쾌속해동기능이 추가되어있어서 냉동식품 많이 먹는 저로써는 너무 좋아요. ",
        "SentimentWord": "9",
        "SentimentPolarity": "1"
      }
    ]
  },
  {
    "Index": "31679",
    "RawText": "조작하기도 간단하고 조리하기도 쉬워서 좋아요. 잠금기능 절전모드기능까지 있어서 아이들 안전에도 걱정없어요",
    "Source": "쇼핑몰",
    "Domain": "가전",
    "MainCategory": "주방가전",
    "ProductName": "삼성전자 MS23K3535 화이트",
    "ReviewScore": "4",
    "Syllable": "58",
    "Word": "11",
    "RDate": "20220804",
    "GeneralPolarity": "1",
    "Aspects": [
      {
        "Aspect": "조작성",
        "SentimentText": "조작하기도 간단하고 조리하기도 쉬워서 좋아요. ",
        "SentimentWord": "5",
        "SentimentPolarity": "1"
      },
      {
        "Aspect": "기능",
        "SentimentText": "잠금기능 절전모드기능까지 있어서 아이들 안전에도 걱정없어요",
        "SentimentWord": "6",
        "SentimentPolarity": "1"
      }
    ]
  },
  {
    "Index": "31680",
    "RawText": "일단 디자인은 굉장히 무난해서 괜찮네요. 조금 아쉬운게 전체적인 컬러나 이런것들이 좀 저렴한 티가 나서 아쉽습니다.",
    "Source": "쇼핑몰",
    "Domain": "가전",
    "MainCategory": "주방가전",
    "ProductName": "삼성전자 MS23K3535 화이트",
    "ReviewScore": "5",
    "Syllable": "64",
    "Word": "15",
    "RDate": "20200228",
    "GeneralPolarity": "0",
    "Aspects": [
      {
        "Aspect": "디자인",
        "SentimentText": "일단 디자인은 굉장히 무난해서 괜찮네요.",
        "SentimentWord": "5",
        "SentimentPolarity": "1"
      },
      {
        "Aspect": "색상",
        "SentimentText": "조금 아쉬운게 전체적인 컬러나 이런것들이 좀 저렴한 티가 나서 아쉽습니다.",
        "SentimentWord": "10",
        "SentimentPolarity": "-1"
      }
    ]
  },
  {
    "Index": "31682",
    "RawText": "일부러 싱크대 색상이랑 깔맞춤했는데 같은 라인인거처럼 너무 잘어울려요. 특히 손잡이 부분이 고급스러워서 디자인이 맘에 드네요",
    "Source": "쇼핑몰",
    "Domain": "가전",
    "MainCategory": "주방가전",
    "ProductName": "삼성전자 MS23K3535 화이트",
    "ReviewScore": "5",
    "Syllable": "69",
    "Word": "15",
    "RDate": "20210704",
    "GeneralPolarity": "1",
    "Aspects": [
      {
        "Aspect": "색상",
        "SentimentText": "일부러 싱크대 색상이랑 깔맞춤했는데 같은 라인인거처럼 너무 잘어울려요",
        "SentimentWord": "8",
        "SentimentPolarity": "1"
      },
      {
        "Aspect": "디자인",
        "SentimentText": "특히 손잡이 부분이 고급스러워서 디자인이 맘에 드네요",
        "SentimentWord": "7",
        "SentimentPolarity": "1"
      }
    ]
  },
  {
    "Index": "31688",
    "RawText": "전체적인 색감도 그렇고 도색자체도 깔끔하게 되지 않아서 별로예요. 안에도 열어보니 제대로 품질검사를 안했는지 철가루같은게 묻어나오네요ㅡㅡ",
    "Source": "쇼핑몰",
    "Domain": "가전",
    "MainCategory": "주방가전",
    "ProductName": "삼성전자 MS23K3535 화이트",
    "ReviewScore": "4",
    "Syllable": "76",
    "Word": "15",
    "RDate": "20220427",
    "GeneralPolarity": "-1",
    "Aspects": [
      {
        "Aspect": "색상",
        "SentimentText": "전체적인 색감도 그렇고 도색자체도 깔끔하게 되지 않아서 별로예요.",
        "SentimentWord": "8",
        "SentimentPolarity": "-1"
      },
      {
        "Aspect": "품질",
        "SentimentText": "안에도 열어보니 제대로 품질검사를 안했는지 철가루같은게 묻어나오네요ㅡㅡ",
        "SentimentWord": "7",
        "SentimentPolarity": "-1"
      }
    ]
  },
  {
    "Index": "31690",
    "RawText": "주방 벽이랑  어울리게 흰색을 선택했는데 너무 깔끔해서 좋아요 절약기능이 있고,  시계기능, 성능도 만족합니다",
    "Source": "쇼핑몰",
    "Domain": "가전",
    "MainCategory": "주방가전",
    "ProductName": "삼성전자 MS23K3535 화이트",
    "ReviewScore": "5",
    "Syllable": "61",
    "Word": "13",
    "RDate": "20191125",
    "GeneralPolarity": "1",
    "Aspects": [
      {
        "Aspect": "색상",
        "SentimentText": "흰색을 선택했는데 너무 깔끔해서 좋아요",
        "SentimentWord": "5",
        "SentimentPolarity": "1"
      },
      {
        "Aspect": "기능",
        "SentimentText": "절약기능이 있고,  시계기능, 성능도 만족합니다",
        "SentimentWord": "5",
        "SentimentPolarity": "1"
      }
    ]
  },
  {
    "Index": "31692",
    "RawText": "가격이 굉장히 괜찮길래 부모님댁에 선물해드렸는데 만족스러워하셔서 좋네요. 컬러도 화이트라 화사하다고 좋아해주셔서 뿌듯하네요.",
    "Source": "쇼핑몰",
    "Domain": "가전",
    "MainCategory": "주방가전",
    "ProductName": "삼성전자 MS23K3535 화이트",
    "ReviewScore": "5",
    "Syllable": "69",
    "Word": "12",
    "RDate": "20200209",
    "GeneralPolarity": "1",
    "Aspects": [
      {
        "Aspect": "가격",
        "SentimentText": "가격이 굉장히 괜찮길래 부모님댁에 선물해드렸는데 만족스러워하셔서 좋네요.",
        "SentimentWord": "7",
        "SentimentPolarity": "1"
      },
      {
        "Aspect": "색상",
        "SentimentText": "컬러도 화이트라 화사하다고 좋아해주셔서 뿌듯하네요.",
        "SentimentWord": "5",
        "SentimentPolarity": "1"
      }
    ]
  },
  {
    "Index": "31693",
    "RawText": "할인때문에 아주 저렴하게 좋은 제품 사서 너무 좋아요. 잘쓸께요. 문을 열때 아무생각없이 열다가 전자레인지가 통째로 딸려와서 깜짝놀랬네요. 문 여닫이 할때 항상 잡고 열어야해서 그게 좀 불편해요.",
    "Source": "쇼핑몰",
    "Domain": "가전",
    "MainCategory": "주방가전",
    "ProductName": "삼성전자 MS23K3535 화이트",
    "ReviewScore": "5",
    "Syllable": "109",
    "Word": "26",
    "RDate": "20191109",
    "GeneralPolarity": "0",
    "Aspects": [
      {
        "Aspect": "가격",
        "SentimentText": "할인때문에 아주 저렴하게 좋은 제품 사서 너무 좋아요. 잘쓸께요",
        "SentimentWord": "9",
        "SentimentPolarity": "1"
      },
      {
        "Aspect": "편의성",
        "SentimentText": "문을 열때 아무생각없이 열다가 전자레인지가 통째로 딸려와서 깜짝놀랬네요. 문 여닫이 할때 항상 잡고 열어야해서 그게 좀 불편해요.",
        "SentimentWord": "17",
        "SentimentPolarity": "-1"
      }
    ]
  },
  {
    "Index": "31695",
    "RawText": "빠른배송과 무엇보다 가격이 제일 저렴해서 좋아요~  처음에 사용법 익히는데 어려워서 애먹었어요",
    "Source": "쇼핑몰",
    "Domain": "가전",
    "MainCategory": "주방가전",
    "ProductName": "삼성전자 MS23K3535 화이트",
    "ReviewScore": "5",
    "Syllable": "52",
    "Word": "11",
    "RDate": "20191221",
    "GeneralPolarity": "0",
    "Aspects": [
      {
        "Aspect": "가격",
        "SentimentText": "가격이 제일 저렴해서 좋아요~ ",
        "SentimentWord": "4",
        "SentimentPolarity": "1"
      },
      {
        "Aspect": "조작성",
        "SentimentText": "처음에 사용법 익히는데 어려워서 애먹었어요",
        "SentimentWord": "5",
        "SentimentPolarity": "-1"
      }
    ]
  },
  {
    "Index": "31698",
    "RawText": "사무실에서 간단하게 쓰려고 구입했는데 너무 좋아요. 편리하고 사용법도 간단합니다. 그리고 역시 이 브랜드 제품이라 믿고 씁니다. 좋아요",
    "Source": "쇼핑몰",
    "Domain": "가전",
    "MainCategory": "주방가전",
    "ProductName": "삼성전자 MS23K3535 화이트",
    "ReviewScore": "5",
    "Syllable": "75",
    "Word": "17",
    "RDate": "20201007",
    "GeneralPolarity": "1",
    "Aspects": [
      {
        "Aspect": "편의성",
        "SentimentText": "사무실에서 간단하게 쓰려고 구입했는데 너무 좋아요. 편리하고 사용법도 간단합니다.",
        "SentimentWord": "9",
        "SentimentPolarity": "1"
      },
      {
        "Aspect": "제조일/제조사",
        "SentimentText": "그리고 역시 이 브랜드 제품이라 믿고 씁니다. 좋아요",
        "SentimentWord": "8",
        "SentimentPolarity": "1"
      }
    ]
  },
  {
    "Index": "31700",
    "RawText": "디자인이 깔끔하고 시계로도 사용할 수 있어서 좋아요. 그리고 30초 기본으로 추가가 있어서 조리할때 굉장히 편하네요.",
    "Source": "쇼핑몰",
    "Domain": "가전",
    "MainCategory": "주방가전",
    "ProductName": "삼성전자 MS23K3535 화이트",
    "ReviewScore": "5",
    "Syllable": "65",
    "Word": "15",
    "RDate": "20220608",
    "GeneralPolarity": "1",
    "Aspects": [
      {
        "Aspect": "디자인",
        "SentimentText": "디자인이 깔끔하고 시계로도 사용할 수 있어서 좋아요. ",
        "SentimentWord": "7",
        "SentimentPolarity": "1"
      },
      {
        "Aspect": "조작성",
        "SentimentText": "그리고 30초 기본으로 추가가 있어서 조리할때 굉장히 편하네요.",
        "SentimentWord": "8",
        "SentimentPolarity": "1"
      }
    ]
  },
  {
    "Index": "31702",
    "RawText": "브랜드 제품을 쿠폰적용해서 저렴한 가격에 구매해서  넘 좋습니다~세련된 디자인이라 주방이 깔끔합니다.",
    "Source": "쇼핑몰",
    "Domain": "가전",
    "MainCategory": "주방가전",
    "ProductName": "삼성전자 MS23K3535 화이트",
    "ReviewScore": "5",
    "Syllable": "56",
    "Word": "11",
    "RDate": "20201008",
    "GeneralPolarity": "1",
    "Aspects": [
      {
        "Aspect": "가격",
        "SentimentText": "저렴한 가격에 구매해서  넘 좋습니다~",
        "SentimentWord": "5",
        "SentimentPolarity": "1"
      },
      {
        "Aspect": "디자인",
        "SentimentText": "세련된 디자인이라 주방이 깔끔합니다.",
        "SentimentWord": "4",
        "SentimentPolarity": "1"
      }
    ]
  },
  {
    "Index": "31705",
    "RawText": "자동조리기능이 있어서 편하고 좋아요. 문 열고 닫을 때  간단하게 작동되어서  좋아요. .ㅎㅎ",
    "Source": "쇼핑몰",
    "Domain": "가전",
    "MainCategory": "주방가전",
    "ProductName": "삼성전자 MS23K3535 화이트",
    "ReviewScore": "5",
    "Syllable": "52",
    "Word": "12",
    "RDate": "20220809",
    "GeneralPolarity": "1",
    "Aspects": [
      {
        "Aspect": "기능",
        "SentimentText": "자동조리기능이 있어서 편하고 좋아요.",
        "SentimentWord": "4",
        "SentimentPolarity": "1"
      },
      {
        "Aspect": "조작성",
        "SentimentText": "문 열고 닫을 때  간단하게 작동되어서  좋아요. .ㅎㅎ",
        "SentimentWord": "8",
        "SentimentPolarity": "1"
      }
    ]
  },
  {
    "Index": "31706",
    "RawText": "색상이 하연색이라 역시 어디다 놔도 잘 어울리네요 소재가 세라믹소재라 스크레치가 잘 안난다했는데 잔기스가 꽤 잘 생겨서 속상하네요",
    "Source": "쇼핑몰",
    "Domain": "가전",
    "MainCategory": "주방가전",
    "ProductName": "삼성전자 MS23K3535 화이트",
    "ReviewScore": "5",
    "Syllable": "72",
    "Word": "17",
    "RDate": "20200402",
    "GeneralPolarity": "0",
    "Aspects": [
      {
        "Aspect": "색상",
        "SentimentText": "색상이 하연색이라 역시 어디다 놔도 잘 어울리네요",
        "SentimentWord": "7",
        "SentimentPolarity": "1"
      },
      {
        "Aspect": "소재",
        "SentimentText": "소재가 세라믹소재라 스크레치가 잘 안난다했는데 잔기스가 꽤 잘 생겨서 속상하네요",
        "SentimentWord": "10",
        "SentimentPolarity": "-1"
      }
    ]
  },
  {
    "Index": "31708",
    "RawText": "디자인은 인터넷상으로 본거보다 훨씬 고급스러워서 만족스럽습니다 쾌속해동, 30초 추가기능 별도의 기능들이 많아서 만족해요",
    "Source": "쇼핑몰",
    "Domain": "가전",
    "MainCategory": "주방가전",
    "ProductName": "삼성전자 MS23K3535 화이트",
    "ReviewScore": "4",
    "Syllable": "67",
    "Word": "13",
    "RDate": "20200419",
    "GeneralPolarity": "1",
    "Aspects": [
      {
        "Aspect": "디자인",
        "SentimentText": "디자인은 인터넷상으로 본거보다 훨씬 고급스러워서 만족스럽습니다",
        "SentimentWord": "6",
        "SentimentPolarity": "1"
      },
      {
        "Aspect": "기능",
        "SentimentText": "쾌속해동, 30초 추가기능 별도의 기능들이 많아서 만족해요",
        "SentimentWord": "7",
        "SentimentPolarity": "1"
      }
    ]
  },
  {
    "Index": "31711",
    "RawText": "가격대비 너무 좋은 제품 구매해서 좋아요 싸게 잘 샀어요 디자인도 깔끔하니 주방에 놓으님가 환해졌네요 너무 마음에 들아오",
    "Source": "쇼핑몰",
    "Domain": "가전",
    "MainCategory": "주방가전",
    "ProductName": "삼성전자 MS23K3535 화이트",
    "ReviewScore": "5",
    "Syllable": "67",
    "Word": "17",
    "RDate": "20200409",
    "GeneralPolarity": "1",
    "Aspects": [
      {
        "Aspect": "가격",
        "SentimentText": "가격대비 너무 좋은 제품 구매해서 좋아요 싸게 잘 샀어요",
        "SentimentWord": "9",
        "SentimentPolarity": "1"
      },
      {
        "Aspect": "디자인",
        "SentimentText": "디자인도 깔끔하니 주방에 놓으님가 환해졌네요 너무 마음에 들아오",
        "SentimentWord": "8",
        "SentimentPolarity": "1"
      }
    ]
  },
  {
    "Index": "31712",
    "RawText": "간단하게 조리하는 용으로 굉장히 편리한 제품이예요 좋아요 컬러가 생각한거보다 조금 저렴한 티가 나서 좀 아쉽네요",
    "Source": "쇼핑몰",
    "Domain": "가전",
    "MainCategory": "주방가전",
    "ProductName": "삼성전자 MS23K3535 화이트",
    "ReviewScore": "5",
    "Syllable": "62",
    "Word": "15",
    "RDate": "20210202",
    "Aspects": [
      {
        "Aspect": "편의성",
        "SentimentText": "간단하게 조리하는 용으로 굉장히 편리한 제품이예요 좋아요",
        "SentimentWord": "7",
        "SentimentPolarity": "1"
      },
      {
        "Aspect": "색상",
        "SentimentText": " 컬러가 생각한거보다 조금 저렴한 티가 나서 좀 아쉽네요",
        "SentimentWord": "8",
        "SentimentPolarity": "-1"
      }
    ]
  },
  {
    "Index": "31713",
    "RawText": "전자레인지 작동시 소음이 없어서 너무 좋아요. 그리고 아쉬운게 정말 전면부 유리가 너무 어두워요. 안의 조리모습이 전혀 안보여 끝났는지 몰라서 불편해요",
    "Source": "쇼핑몰",
    "Domain": "가전",
    "MainCategory": "주방가전",
    "ProductName": "삼성전자 MS23K3535 화이트",
    "ReviewScore": "5",
    "Syllable": "84",
    "Word": "20",
    "RDate": "20210409",
    "GeneralPolarity": "0",
    "Aspects": [
      {
        "Aspect": "소음",
        "SentimentText": "전자레인지 작동시 소음이 없어서 너무 좋아요",
        "SentimentWord": "6",
        "SentimentPolarity": "1"
      },
      {
        "Aspect": "편의성",
        "SentimentText": "아쉬운게 정말 전면부 유리가 너무 어두워요. 안의 조리모습이 전혀 안보여 끝났는지 몰라서 불편해요",
        "SentimentWord": "13",
        "SentimentPolarity": "-1"
      }
    ]
  },
  {
    "Index": "31715",
    "RawText": "전자렌지 사용할때 기계음이 너무 커서 불편해요. 그리고 온통 검은색이라 내부가 잘 안보여서 아쉽네요",
    "Source": "쇼핑몰",
    "Domain": "가전",
    "MainCategory": "주방가전",
    "ProductName": "삼성전자 MS23K3535 화이트",
    "ReviewScore": "3",
    "Syllable": "55",
    "Word": "13",
    "RDate": "20200413",
    "GeneralPolarity": "-1",
    "Aspects": [
      {
        "Aspect": "소음",
        "SentimentText": "전자렌지 사용할때 기계음이 너무 커서 불편해요.",
        "SentimentWord": "6",
        "SentimentPolarity": "-1"
      },
      {
        "Aspect": "색상",
        "SentimentText": "온통 검은색이라 내부가 잘 안보여서 아쉽네요",
        "SentimentWord": "6",
        "SentimentPolarity": "-1"
      }
    ]
  },
  {
    "Index": "31716",
    "RawText": "전자레인지 사용할때 무슨 소음이 이렇게 큰지.. 깜짝 놀랬어요 진짜 별로네요. 문 색상도 검은색이라 안에도 안보이고 너무 별로에요",
    "Source": "쇼핑몰",
    "Domain": "가전",
    "MainCategory": "주방가전",
    "ProductName": "삼성전자 MS23K3535 화이트",
    "ReviewScore": "4",
    "Syllable": "72",
    "Word": "17",
    "RDate": "20220108",
    "GeneralPolarity": "-1",
    "Aspects": [
      {
        "Aspect": "소음",
        "SentimentText": "전자레인지 사용할때 무슨 소음이 이렇게 큰지.. 깜짝 놀랬어요 진짜 별로네요. ",
        "SentimentWord": "10",
        "SentimentPolarity": "-1"
      },
      {
        "Aspect": "색상",
        "SentimentText": "문 색상도 검은색이라 안에도 안보이고 너무 별로에요",
        "SentimentWord": "7",
        "SentimentPolarity": "-1"
      }
    ]
  },
  {
    "Index": "31719",
    "RawText": "디자인 깔끔해서 이뻐서 마음에 듭니다. 그런데 문 색상을 왜 이렇게 한 건지..내부가 안보여서 너무 답답하네요",
    "Source": "쇼핑몰",
    "Domain": "가전",
    "MainCategory": "주방가전",
    "ProductName": "삼성전자 MS23K3535 화이트",
    "ReviewScore": "4",
    "Syllable": "61",
    "Word": "15",
    "RDate": "20200327",
    "GeneralPolarity": "0",
    "Aspects": [
      {
        "Aspect": "디자인",
        "SentimentText": "디자인 깔끔해서 이뻐서 마음에 듭니다.",
        "SentimentWord": "5",
        "SentimentPolarity": "1"
      },
      {
        "Aspect": "색상",
        "SentimentText": "문 색상을 왜 이렇게 한 건지..내부가 안보여서 너무 답답하네요",
        "SentimentWord": "9",
        "SentimentPolarity": "-1"
      }
    ]
  },
  {
    "Index": "31720",
    "RawText": "디자인 깔끔하고 예뻐서 만족이요^^ 색상도 예뻐서 주방 가전이랑 잘 어울리고 마음에 듭니다~",
    "Source": "쇼핑몰",
    "Domain": "가전",
    "MainCategory": "주방가전",
    "ProductName": "삼성전자 MS23K3535 화이트",
    "ReviewScore": "5",
    "Syllable": "51",
    "Word": "12",
    "RDate": "20220730",
    "GeneralPolarity": "1",
    "Aspects": [
      {
        "Aspect": "디자인",
        "SentimentText": "디자인 깔끔하고 예뻐서 만족이요^^",
        "SentimentWord": "4",
        "SentimentPolarity": "1"
      },
      {
        "Aspect": "색상",
        "SentimentText": "색상도 예뻐서 주방 가전이랑 잘 어울리고 마음에 듭니다~",
        "SentimentWord": "8",
        "SentimentPolarity": "1"
      }
    ]
  },
  {
    "Index": "31721",
    "RawText": "작동 버튼이 다이얼이라 너무 간편하고 좋아요. 그런데 사용할 때 소음이 너무 커서 너무 불편하네요 ㅠ",
    "Source": "쇼핑몰",
    "Domain": "가전",
    "MainCategory": "주방가전",
    "ProductName": "삼성전자 MS23K3535 화이트",
    "ReviewScore": "5",
    "Syllable": "56",
    "Word": "15",
    "RDate": "20211013",
    "GeneralPolarity": "0",
    "Aspects": [
      {
        "Aspect": "조작성",
        "SentimentText": "작동 버튼이 다이얼이라 너무 간편하고 좋아요. ",
        "SentimentWord": "6",
        "SentimentPolarity": "1"
      },
      {
        "Aspect": "소음",
        "SentimentText": "사용할 때 소음이 너무 커서 너무 불편하네요 ㅠ",
        "SentimentWord": "8",
        "SentimentPolarity": "-1"
      }
    ]
  },
  {
    "Index": "31723",
    "RawText": "디자인 예쁘고 세련돼서 마음에 듭니다~ 그런데 내부가 전혀 안보여서 너무 불편해요 ㅠ",
    "Source": "쇼핑몰",
    "Domain": "가전",
    "MainCategory": "주방가전",
    "ProductName": "삼성전자 MS23K3535 화이트",
    "ReviewScore": "3",
    "Syllable": "47",
    "Word": "12",
    "RDate": "20200120",
    "GeneralPolarity": "0",
    "Aspects": [
      {
        "Aspect": "디자인",
        "SentimentText": "디자인 예쁘고 세련돼서 마음에 듭니다~ ",
        "SentimentWord": "5",
        "SentimentPolarity": "1"
      },
      {
        "Aspect": "편의성",
        "SentimentText": "내부가 전혀 안보여서 너무 불편해요 ㅠ",
        "SentimentWord": "6",
        "SentimentPolarity": "-1"
      }
    ]
  },
  {
    "Index": "31724",
    "RawText": "해동 처리 속도가 다른 제품에 비해 훨씬 많이 걸려서 별로 입니다. 문 유리는 왜 검정색으로 해놓은건지 내부가 전혀 보이지 않아서 답답합니다.",
    "Source": "쇼핑몰",
    "Domain": "가전",
    "MainCategory": "주방가전",
    "ProductName": "삼성전자 MS23K3535 화이트",
    "ReviewScore": "4",
    "Syllable": "79",
    "Word": "21",
    "RDate": "20220708",
    "GeneralPolarity": "-1",
    "Aspects": [
      {
        "Aspect": "시간/속도",
        "SentimentText": "해동 처리 속도가 다른 제품에 비해 훨씬 많이 걸려서 별로 입니다. ",
        "SentimentWord": "11",
        "SentimentPolarity": "-1"
      },
      {
        "Aspect": "색상",
        "SentimentText": " 문 유리는 왜 검정색으로 해놓은건지 내부가 전혀 보이지 않아서 답답합니다.",
        "SentimentWord": "10",
        "SentimentPolarity": "-1"
      }
    ]
  },
  {
    "Index": "31725",
    "RawText": "내부 소재가 세라믹이라 쉽게 청소 할 수 있어서 너무 좋아요. 그런데 제품 사용할때 소음이 너무 커서 밤에 사용하기 힘들어요 ㅠ",
    "Source": "쇼핑몰",
    "Domain": "가전",
    "MainCategory": "주방가전",
    "ProductName": "삼성전자 MS23K3535 화이트",
    "ReviewScore": "5",
    "Syllable": "71",
    "Word": "20",
    "RDate": "20220106",
    "GeneralPolarity": "0",
    "Aspects": [
      {
        "Aspect": "소재",
        "SentimentText": "내부 소재가 세라믹이라 쉽게 청소 할 수 있어서 너무 좋아요.",
        "SentimentWord": "10",
        "SentimentPolarity": "1"
      },
      {
        "Aspect": "소음",
        "SentimentText": "제품 사용할때 소음이 너무 커서 밤에 사용하기 힘들어요 ㅠ",
        "SentimentWord": "9",
        "SentimentPolarity": "-1"
      }
    ]
  },
  {
    "Index": "31726",
    "RawText": "조작 방법이 아주 간단해서 부모님도 좋아하시니 만족이에요~ 그런데 음식 해동하는데 시간이 많이 걸려서 아쉽네요",
    "Source": "쇼핑몰",
    "Domain": "가전",
    "MainCategory": "주방가전",
    "ProductName": "삼성전자 MS23K3535 화이트",
    "ReviewScore": "4",
    "Syllable": "61",
    "Word": "14",
    "RDate": "20200312",
    "GeneralPolarity": "0",
    "Aspects": [
      {
        "Aspect": "조작성",
        "SentimentText": "조작 방법이 아주 간단해서 부모님도 좋아하시니 만족이에요~",
        "SentimentWord": "7",
        "SentimentPolarity": "1"
      },
      {
        "Aspect": "시간/속도",
        "SentimentText": "음식 해동하는데 시간이 많이 걸려서 아쉽네요",
        "SentimentWord": "6",
        "SentimentPolarity": "-1"
      }
    ]
  },
  {
    "Index": "31727",
    "RawText": "계란찜 만들 때 자동 조리 기능이 있어서 너무 좋네요. 다만 기계음이 너무 커서 불편합니다 ㅠ",
    "Source": "쇼핑몰",
    "Domain": "가전",
    "MainCategory": "주방가전",
    "ProductName": "삼성전자 MS23K3535 화이트",
    "ReviewScore": "5",
    "Syllable": "52",
    "Word": "15",
    "RDate": "20200907",
    "GeneralPolarity": "0",
    "Aspects": [
      {
        "Aspect": "기능",
        "SentimentText": "계란찜 만들 때 자동 조리 기능이 있어서 너무 좋네요. ",
        "SentimentWord": "9",
        "SentimentPolarity": "1"
      },
      {
        "Aspect": "소음",
        "SentimentText": "기계음이 너무 커서 불편합니다 ㅠ",
        "SentimentWord": "5",
        "SentimentPolarity": "-1"
      }
    ]
  },
  {
    "Index": "31729",
    "RawText": "디자인 세련되고 깔끔해서 만족스럽습니다~ 색상은 사진보다 어두워서 별로입니다",
    "Source": "쇼핑몰",
    "Domain": "가전",
    "MainCategory": "주방가전",
    "ProductName": "삼성전자 MS23K3535 화이트",
    "ReviewScore": "4",
    "Syllable": "42",
    "Word": "8",
    "RDate": "20210518",
    "GeneralPolarity": "0",
    "Aspects": [
      {
        "Aspect": "디자인",
        "SentimentText": "디자인 세련되고 깔끔해서 만족스럽습니다~ ",
        "SentimentWord": "4",
        "SentimentPolarity": "1"
      },
      {
        "Aspect": "색상",
        "SentimentText": "색상은 사진보다 어두워서 별로입니다",
        "SentimentWord": "4",
        "SentimentPolarity": "-1"
      }
    ]
  },
  {
    "Index": "31730",
    "RawText": "간단한 기능만 있어서 오히려 사용하기 편해서 좋네요. 디자인도 굴곡진 모양이라 이뻐요",
    "Source": "쇼핑몰",
    "Domain": "가전",
    "MainCategory": "주방가전",
    "ProductName": "삼성전자 MS23K3535 화이트",
    "ReviewScore": "5",
    "Syllable": "47",
    "Word": "11",
    "RDate": "20210717",
    "GeneralPolarity": "1",
    "Aspects": [
      {
        "Aspect": "기능",
        "SentimentText": "간단한 기능만 있어서 오히려 사용하기 편해서 좋네요. ",
        "SentimentWord": "7",
        "SentimentPolarity": "1"
      },
      {
        "Aspect": "디자인",
        "SentimentText": "디자인도 굴곡진 모양이라 이뻐요 ",
        "SentimentWord": "4",
        "SentimentPolarity": "1"
      }
    ]
  },
  {
    "Index": "31731",
    "RawText": "디자인도 너무 예쁘고 세련돼서 좋아요~ 사이즈도 1인이 쓰기에 아주 좋은 사이즈입니다.",
    "Source": "쇼핑몰",
    "Domain": "가전",
    "MainCategory": "주방가전",
    "ProductName": "삼성전자 MS23K3535 화이트",
    "ReviewScore": "5",
    "Syllable": "48",
    "Word": "11",
    "RDate": "20220816",
    "GeneralPolarity": "1",
    "Aspects": [
      {
        "Aspect": "디자인",
        "SentimentText": "디자인도 너무 예쁘고 세련돼서 좋아요~ ",
        "SentimentWord": "5",
        "SentimentPolarity": "1"
      },
      {
        "Aspect": "사이즈",
        "SentimentText": "사이즈도 1인이 쓰기에 아주 좋은 사이즈입니다. ",
        "SentimentWord": "6",
        "SentimentPolarity": "1"
      }
    ]
  },
  {
    "Index": "31732",
    "RawText": "가격도 저렴하게 살 수 있어서 너무 만족하고요! 사용법도 아주 간단해서 어르신들 쓰기에도 좋네요~  디자인도 예쁘고 심플해서 마음에 듭니다.",
    "Source": "쇼핑몰",
    "Domain": "가전",
    "MainCategory": "주방가전",
    "ProductName": "삼성전자 MS23K3535 화이트",
    "ReviewScore": "5",
    "Syllable": "78",
    "Word": "18",
    "RDate": "20191107",
    "GeneralPolarity": "1",
    "Aspects": [
      {
        "Aspect": "가격",
        "SentimentText": "가격도 저렴하게 살 수 있어서 너무 만족하고요! ",
        "SentimentWord": "7",
        "SentimentPolarity": "1"
      },
      {
        "Aspect": "편의성",
        "SentimentText": "사용법도 아주 간단해서 어르신들 쓰기에도 좋네요~ ",
        "SentimentWord": "6",
        "SentimentPolarity": "1"
      },
      {
        "Aspect": "디자인",
        "SentimentText": "디자인도 예쁘고 심플해서 마음에 듭니다.",
        "SentimentWord": "5",
        "SentimentPolarity": "1"
      }
    ]
  },
  {
    "Index": "31733",
    "RawText": "디자인 심플하고 예뻐서 마음에 드네요~ 단점은 일반 렌지보다 사이즈가 애매해서 둘 곳이 마땅치 않네요..",
    "Source": "쇼핑몰",
    "Domain": "가전",
    "MainCategory": "주방가전",
    "ProductName": "삼성전자 MS23K3535 화이트",
    "ReviewScore": "4",
    "Syllable": "58",
    "Word": "14",
    "RDate": "20201012",
    "GeneralPolarity": "0",
    "Aspects": [
      {
        "Aspect": "디자인",
        "SentimentText": "디자인 심플하고 예뻐서 마음에 드네요~ ",
        "SentimentWord": "5",
        "SentimentPolarity": "1"
      },
      {
        "Aspect": "사이즈",
        "SentimentText": "단점은 일반 렌지보다 사이즈가 애매해서 둘 곳이 마땅치 않네요.. ",
        "SentimentWord": "9",
        "SentimentPolarity": "-1"
      }
    ]
  },
  {
    "Index": "31734",
    "RawText": "데우기 기능이 너무 약해서 전자레인지 돌려도 음식이 차가워서 별로.. 다른 제품보다 음식 조리하는 시간이 오래 걸리니 별로입니다.",
    "Source": "쇼핑몰",
    "Domain": "가전",
    "MainCategory": "주방가전",
    "ProductName": "삼성전자 MS23K3535 화이트",
    "ReviewScore": "1",
    "Syllable": "72",
    "Word": "17",
    "RDate": "20200403",
    "GeneralPolarity": "-1",
    "Aspects": [
      {
        "Aspect": "기능",
        "SentimentText": "데우기 기능이 너무 약해서 전자레인지 돌려도 음식이 차가워서 별로..",
        "SentimentWord": "9",
        "SentimentPolarity": "-1"
      },
      {
        "Aspect": "시간/속도",
        "SentimentText": "다른 제품보다 음식 조리하는 시간이 오래 걸리니 별로입니다.",
        "SentimentWord": "8",
        "SentimentPolarity": "-1"
      }
    ]
  },
  {
    "Index": "31735",
    "RawText": "제품 사용할 때 소리가 좀 커서 놀랐어요;; 별로예요. 시간 조절 기능도 제대로 안되어 있어서 불편합니다.",
    "Source": "쇼핑몰",
    "Domain": "가전",
    "MainCategory": "주방가전",
    "ProductName": "삼성전자 MS23K3535 화이트",
    "ReviewScore": "5",
    "Syllable": "59",
    "Word": "15",
    "RDate": "20201122",
    "GeneralPolarity": "-1",
    "Aspects": [
      {
        "Aspect": "소음",
        "SentimentText": "제품 사용할 때 소리가 좀 커서 놀랐어요;; 별로예요. ",
        "SentimentWord": "8",
        "SentimentPolarity": "-1"
      },
      {
        "Aspect": "기능",
        "SentimentText": "시간 조절 기능도 제대로 안되어 있어서 불편합니다.",
        "SentimentWord": "7",
        "SentimentPolarity": "-1"
      }
    ]
  },
  {
    "Index": "31736",
    "RawText": "다른 전자레인지보다 비싼 거 같아서 아쉽네요. 음식 돌릴 때 소리는 어찌나 크게 나는지... 별로 입니다",
    "Source": "쇼핑몰",
    "Domain": "가전",
    "MainCategory": "주방가전",
    "ProductName": "삼성전자 MS23K3535 화이트",
    "ReviewScore": "4",
    "Syllable": "58",
    "Word": "15",
    "RDate": "20191219",
    "GeneralPolarity": "-1",
    "Aspects": [
      {
        "Aspect": "가격",
        "SentimentText": "다른 전자레인지보다 비싼 거 같아서 아쉽네요.",
        "SentimentWord": "6",
        "SentimentPolarity": "-1"
      },
      {
        "Aspect": "소음",
        "SentimentText": "음식 돌릴 때 소리는 어찌나 크게 나는지... 별로 입니다",
        "SentimentWord": "9",
        "SentimentPolarity": "-1"
      }
    ]
  },
  {
    "Index": "31737",
    "RawText": "문 유리 색상을 왜 검정색으로 한 건지.. 내부가 보이지 않아서 답답해요. 디자인은 깔끔하고 심플해서 마음에 듭니다.",
    "Source": "쇼핑몰",
    "Domain": "가전",
    "MainCategory": "주방가전",
    "ProductName": "삼성전자 MS23K3535 화이트",
    "ReviewScore": "5",
    "Syllable": "65",
    "Word": "16",
    "RDate": "20220731",
    "GeneralPolarity": "0",
    "Aspects": [
      {
        "Aspect": "색상",
        "SentimentText": "문 유리 색상을 왜 검정색으로 한 건지.. 내부가 보이지 않아서 답답해요.",
        "SentimentWord": "11",
        "SentimentPolarity": "-1"
      },
      {
        "Aspect": "디자인",
        "SentimentText": "디자인은 깔끔하고 심플해서 마음에 듭니다.",
        "SentimentWord": "5",
        "SentimentPolarity": "1"
      }
    ]
  },
  {
    "Index": "31738",
    "RawText": "버튼 식이라 조작하기 편리해서 좋습니다. 다만 제품이 작동할 때 소리가 커서 거슬리네요 ㅠ",
    "Source": "쇼핑몰",
    "Domain": "가전",
    "MainCategory": "주방가전",
    "ProductName": "삼성전자 MS23K3535 화이트",
    "ReviewScore": "5",
    "Syllable": "50",
    "Word": "13",
    "RDate": "20200321",
    "GeneralPolarity": "0",
    "Aspects": [
      {
        "Aspect": "조작성",
        "SentimentText": "버튼 식이라 조작하기 편리해서 좋습니다.",
        "SentimentWord": "5",
        "SentimentPolarity": "1"
      },
      {
        "Aspect": "소음",
        "SentimentText": "제품이 작동할 때 소리가 커서 거슬리네요 ㅠ",
        "SentimentWord": "7",
        "SentimentPolarity": "-1"
      }
    ]
  }
]