[
  {
    "Index": "27494",
    "RawText": "배송이 엄청나게 빨라서 좋았습니다. 최저가로 저렴하게 산 것 같아 기분이 좋습니다. 품질도 소문대로 정말 좋아서 만족해요",
    "Source": "쇼핑몰",
    "Domain": "가전",
    "MainCategory": "주방가전",
    "ProductName": "디오스 LG전자 김치톡톡 K336S141 (2022년형) 일반구매",
    "ReviewScore": "5",
    "Syllable": "67",
    "Word": "16",
    "RDate": "20220617",
    "Aspects": [
      {
        "Aspect": "품질",
        "SentimentText": "품질도 소문대로 정말 좋아서 만족해요",
        "SentimentWord": "5",
        "SentimentPolarity": "1"
      },
      {
        "Aspect": "가격",
        "SentimentText": "최저가로 저렴하게 산 것 같아 기분이 좋습니다.",
        "SentimentWord": "7",
        "SentimentPolarity": "1"
      }
    ]
  },
  {
    "Index": "27495",
    "RawText": "빠르게 배송이 되었고 기사님이 섬세하셔서 너무 만족스러웠습니다. 소음이 없는 줄 알았는데 약간에 소리가 나서 좀 신경쓰여요.  저렴한 금액으로 맘에드는 제품 구매했네요",
    "Source": "쇼핑몰",
    "Domain": "가전",
    "MainCategory": "주방가전",
    "ProductName": "디오스 LG전자 김치톡톡 K336S141 (2022년형) 일반구매",
    "ReviewScore": "5",
    "Syllable": "93",
    "Word": "21",
    "RDate": "20220410",
    "Aspects": [
      {
        "Aspect": "가격",
        "SentimentText": " 저렴한 금액으로 맘에드는 제품 구매했네요",
        "SentimentWord": "5",
        "SentimentPolarity": "1"
      },
      {
        "Aspect": "소음",
        "SentimentText": "소음이 없는 줄 알았는데 약간에 소리가 나서 좀 신경쓰여요.",
        "SentimentWord": "9",
        "SentimentPolarity": "0"
      }
    ]
  },
  {
    "Index": "27496",
    "RawText": "행사할때 저렴한 가격으로 잘 사서 만족합니다. 배송도 이사일에 딱 맞게 해주셔서 감사해요. 기사님께서 안전하고 친절하게 설치 해 주셔서 더욱 만족합니다 내부 용량이 커서 좋네요",
    "Source": "쇼핑몰",
    "Domain": "가전",
    "MainCategory": "주방가전",
    "ProductName": "디오스 LG전자 김치톡톡 K336S141 (2022년형) 일반구매",
    "ReviewScore": "5",
    "Syllable": "98",
    "Word": "24",
    "RDate": "20220728",
    "Aspects": [
      {
        "Aspect": "가격",
        "SentimentText": "행사할때 저렴한 가격으로 잘 사서 만족합니다.",
        "SentimentWord": "6",
        "SentimentPolarity": "1"
      },
      {
        "Aspect": "용량",
        "SentimentText": "내부 용량이 커서 좋네요",
        "SentimentWord": "4",
        "SentimentPolarity": "1"
      }
    ]
  },
  {
    "Index": "27497",
    "RawText": "기사님 꼼꼼하시고 설명도 자세히 친절하게 해주셔서 아주 기분 좋았습니다. ㅇㅇㅇ 제품은 믿고 사는 편이라서 이번에도 만족해요 사용법 간단해서 쉽게 조작할수 있어 부담이 없네요",
    "Source": "쇼핑몰",
    "Domain": "가전",
    "MainCategory": "주방가전",
    "ProductName": "디오스 LG전자 김치톡톡 K411SS141 (2022년형) 일반구매",
    "ReviewScore": "5",
    "Syllable": "97",
    "Word": "23",
    "RDate": "20220806",
    "Aspects": [
      {
        "Aspect": "조작성",
        "SentimentText": "사용법 간단해서 쉽게 조작할수 있어 부담이 없네요",
        "SentimentWord": "7",
        "SentimentPolarity": "1"
      },
      {
        "Aspect": "제조일/제조사",
        "SentimentText": "ㅇㅇㅇ 제품은 믿고 사는 편이라서 이번에도 만족해요",
        "SentimentWord": "7",
        "SentimentPolarity": "1"
      }
    ]
  },
  {
    "Index": "27498",
    "RawText": "장기간 사용한 냉장고를 교체하면서 ㅇㅇㅇ 제품 샀는데 너무 좋네요. 배송 기사님도 친절하시고 빠르게 물건을 받을 수 있어 더욱 좋았습니다. 추천을 안 할 수 없네요 유행하는 색상으로 구매할수 있어서 더욱 맘에 들어요",
    "Source": "쇼핑몰",
    "Domain": "가전",
    "MainCategory": "주방가전",
    "ProductName": "디오스 LG전자 김치톡톡 K411SS141 (2022년형) 일반구매",
    "ReviewScore": "5",
    "Syllable": "120",
    "Word": "31",
    "RDate": "20220305",
    "Aspects": [
      {
        "Aspect": "제조일/제조사",
        "SentimentText": "ㅇㅇㅇ 제품 샀는데 너무 좋네요 ",
        "SentimentWord": "5",
        "SentimentPolarity": "1"
      },
      {
        "Aspect": "색상",
        "SentimentText": "유행하는 색상으로 구매할수 있어서 더욱 맘에 들어요",
        "SentimentWord": "7",
        "SentimentPolarity": "1"
      }
    ]
  },
  {
    "Index": "27499",
    "RawText": "우선 설치가 빠르고 기사님이 친절해서 좋았습니다. 디자인도 심플하고 이뻐서 좋고 수납이 칸칸이 나눠 있어 한눈에 찾기 쉬워 좋네요",
    "Source": "쇼핑몰",
    "Domain": "가전",
    "MainCategory": "주방가전",
    "ProductName": "디오스 LG전자 김치톡톡 K411SS141 (2022년형) 일반구매",
    "ReviewScore": "4",
    "Syllable": "72",
    "Word": "18",
    "RDate": "20220127",
    "Aspects": [
      {
        "Aspect": "디자인",
        "SentimentText": "디자인도 심플하고 이뻐서 좋고 ",
        "SentimentWord": "4",
        "SentimentPolarity": "1"
      },
      {
        "Aspect": "편의성",
        "SentimentText": "수납이 칸칸이 나눠 있어 한눈에 찾기 쉬워 좋네요",
        "SentimentWord": "8",
        "SentimentPolarity": "1"
      }
    ]
  },
  {
    "Index": "27502",
    "RawText": "어제 주문했는데 그 다음날 바로 왔어요.  모던한 디자인이 마음에 들고 배송과 설치도 빠르게 해주셔서 만족합니다~ 아주 아주 싸게 구매한게 최고네요",
    "Source": "쇼핑몰",
    "Domain": "가전",
    "MainCategory": "주방가전",
    "ProductName": "디오스 LG전자 김치톡톡 K411SS141 (2022년형) 일반구매",
    "ReviewScore": "5",
    "Syllable": "82",
    "Word": "20",
    "RDate": "20220520",
    "Aspects": [
      {
        "Aspect": "디자인",
        "SentimentText": "모던한 디자인이 마음에 들고",
        "SentimentWord": "4",
        "SentimentPolarity": "1"
      },
      {
        "Aspect": "가격",
        "SentimentText": "아주 아주 싸게 구매한게 최고네요",
        "SentimentWord": "5",
        "SentimentPolarity": "1"
      }
    ]
  },
  {
    "Index": "27503",
    "RawText": "냉장고 주문 했는데 집에 있는 가전 제품과  높이가 잘 맞아 좋습니다. 근데 제조일을 확인해 보니 작년 제조된 상품이 와서 기분이 별로입니다",
    "Source": "쇼핑몰",
    "Domain": "가전",
    "MainCategory": "주방가전",
    "ProductName": "디오스 LG전자 김치톡톡 K411SS141 (2022년형) 일반구매",
    "ReviewScore": "5",
    "Syllable": "78",
    "Word": "21",
    "RDate": "20220120",
    "GeneralPolarity": "0",
    "Aspects": [
      {
        "Aspect": "사이즈",
        "SentimentText": "집에 있는 가전 제품과 높이가 잘 맞아 좋습니다. ",
        "SentimentWord": "8",
        "SentimentPolarity": "1"
      },
      {
        "Aspect": "제조일/제조사",
        "SentimentText": "제조일을 확인해 보니 작년 제조된 상품이 와서 기분이 별로입니다",
        "SentimentWord": "9",
        "SentimentPolarity": "-1"
      }
    ]
  },
  {
    "Index": "27505",
    "RawText": "가격행사할때 사게 되어서 매우 만족합니다. 주문 다음날 바로 배송와서 놀랐어요. ㅎㅎ  칸칸이 재료에 맞게 온도 설정 할수 있으니 냉장고 참 잘 샀어요. 기사님께서 너무 친절하셔서 설치하는 내내 기분좋았어요. ",
    "Source": "쇼핑몰",
    "Domain": "가전",
    "MainCategory": "주방가전",
    "ProductName": "디오스 LG전자 김치톡톡 K411SS141 (2022년형) 일반구매",
    "ReviewScore": "5",
    "Syllable": "117",
    "Word": "28",
    "RDate": "20220716",
    "Aspects": [
      {
        "Aspect": "가격",
        "SentimentText": "가격행사할때 사게 되어서 매우 만족합니다.",
        "SentimentWord": "5",
        "SentimentPolarity": "1"
      },
      {
        "Aspect": "기능",
        "SentimentText": "칸칸이 재료에 맞게 온도 설정 할수 있으니 냉장고 참 잘 샀어요.",
        "SentimentWord": "11",
        "SentimentPolarity": "1"
      }
    ]
  },
  {
    "Index": "27507",
    "RawText": "배송이 빨랐고 기사님이 친절 하셔서  너무나 좋았습니다. 메탈 소재 손자국이 잘 남아 엄청 불편하네요 받아보니 사이즈도 엄청 크지도 않고 적당해서 좋네요.",
    "Source": "쇼핑몰",
    "Domain": "가전",
    "MainCategory": "주방가전",
    "ProductName": "디오스 LG전자 김치톡톡 K411SS141 (2022년형) 일반구매",
    "ReviewScore": "5",
    "Syllable": "86",
    "Word": "21",
    "RDate": "20220325",
    "Aspects": [
      {
        "Aspect": "사이즈",
        "SentimentText": "받아보니 사이즈도 엄청 크지도 않고 적당해서 좋네요.",
        "SentimentWord": "7",
        "SentimentPolarity": "1"
      },
      {
        "Aspect": "소재",
        "SentimentText": "메탈 소재 손자국이 잘 남아 엄청 불편하네요",
        "SentimentWord": "7",
        "SentimentPolarity": "-1"
      }
    ]
  },
  {
    "Index": "27508",
    "RawText": "배송기사님의 친절함에 감사해요. 빠른 배송도 만족하구요. 아랫칸은 수납이 넉넉한데 상단은 조금 작아 아쉬워요, 그래두 대체적으로 만족합니다 가격도 이정도면 합리적으로 한것 같아 마음에 듭니다. ",
    "Source": "쇼핑몰",
    "Domain": "가전",
    "MainCategory": "주방가전",
    "ProductName": "디오스 LG전자 김치톡톡 K411SS141 (2022년형) 일반구매",
    "ReviewScore": "5",
    "Syllable": "108",
    "Word": "23",
    "RDate": "20220308",
    "Aspects": [
      {
        "Aspect": "가격",
        "SentimentText": "가격도 이정도면 합리적으로 한것 같아 마음에 듭니다.",
        "SentimentWord": "7",
        "SentimentPolarity": "1"
      },
      {
        "Aspect": "용량",
        "SentimentText": "아랫칸은 수납이 넉넉한데 상단은 조금 작아 아쉬워요, ",
        "SentimentWord": "7",
        "SentimentPolarity": "0"
      }
    ]
  },
  {
    "Index": "27509",
    "RawText": "기존 사용하던 내장고 와 다른 재질로 샀는데 손자국이 많이 남아 후회 중 입니다.배송은 단 3일 만에 배송되서 좋았습니다 기능이 빵빵해서 좋네요",
    "Source": "쇼핑몰",
    "Domain": "가전",
    "MainCategory": "주방가전",
    "ProductName": "디오스 LG전자 김치톡톡 K411SS141 (2022년형) 일반구매",
    "ReviewScore": "5",
    "Syllable": "80",
    "Word": "21",
    "RDate": "20220126",
    "Aspects": [
      {
        "Aspect": "소재",
        "SentimentText": "다른 재질로 샀는데 손자국이 많이 남아 후회 중 입니다 ",
        "SentimentWord": "9",
        "SentimentPolarity": "-1"
      },
      {
        "Aspect": "기능",
        "SentimentText": "기능이 빵빵해서 좋네요",
        "SentimentWord": "3",
        "SentimentPolarity": "1"
      }
    ]
  },
  {
    "Index": "27511",
    "RawText": "덮는 방식 제품을 썼는데 여러모로 불편했어요 그래서 최근 신제품으로 구매했더니 기능도 다양하고 맘에 쏙 들어요  베란다에 놓고 쓰기에 딱 사이즈가 좋네요  할인된 가격에 저렴하게  잘 구매했구요 대박 좋습니다 ㅎㅎㅎ",
    "Source": "쇼핑몰",
    "Domain": "가전",
    "MainCategory": "주방가전",
    "ProductName": "디오스 LG전자 김치톡톡 K411SS141 (2022년형) 일반구매",
    "ReviewScore": "5",
    "Syllable": "120",
    "Word": "29",
    "RDate": "20220613",
    "GeneralPolarity": "1",
    "Aspects": [
      {
        "Aspect": "기능",
        "SentimentText": "기능도 다양하고 맘에 쏙 들어요",
        "SentimentWord": "5",
        "SentimentPolarity": "1"
      },
      {
        "Aspect": "사이즈",
        "SentimentText": "베란다에 놓고 쓰기에 딱 사이즈가 좋네요",
        "SentimentWord": "6",
        "SentimentPolarity": "1"
      },
      {
        "Aspect": "가격",
        "SentimentText": "할인된 가격에 저렴하게  잘 구매했구요 대박 좋습니다 ㅎㅎㅎ",
        "SentimentWord": "8",
        "SentimentPolarity": "1"
      }
    ]
  },
  {
    "Index": "27512",
    "RawText": "냉장고 컬러감 이쁘고 고급스러워 너무 좋아요. 성능도 부족함 없이 너무 좋아 대 만족입니다 *^^*",
    "Source": "쇼핑몰",
    "Domain": "가전",
    "MainCategory": "주방가전",
    "ProductName": "디오스 LG전자 김치톡톡 K411SS141 (2022년형) 일반구매",
    "ReviewScore": "5",
    "Syllable": "55",
    "Word": "14",
    "RDate": "20220130",
    "GeneralPolarity": "1",
    "Aspects": [
      {
        "Aspect": "색상",
        "SentimentText": "냉장고 컬러감 이쁘고 고급스러워 너무 좋아요.",
        "SentimentWord": "6",
        "SentimentPolarity": "1"
      },
      {
        "Aspect": "기능",
        "SentimentText": "성능도 부족함 없이 너무 좋아 대 만족입니다 *^^*",
        "SentimentWord": "8",
        "SentimentPolarity": "1"
      }
    ]
  },
  {
    "Index": "27514",
    "RawText": "제가 구매 후 10만원 정도 하락 되서 기분은 상했습니다. 상가건물 3층인데 사다리차 이용해 안전하게 배송 되서 아주 좋습니다 품질도 소문대로 정말 좋아서 만족해요",
    "Source": "쇼핑몰",
    "Domain": "가전",
    "MainCategory": "주방가전",
    "ProductName": "디오스 LG전자 김치톡톡 K411SS141 (2022년형) 일반구매",
    "ReviewScore": "4",
    "Syllable": "91",
    "Word": "23",
    "RDate": "20220201",
    "Aspects": [
      {
        "Aspect": "가격",
        "SentimentText": "제가 구매 후 10만원 정도 하락 되서 기분은 상했습니다 ",
        "SentimentWord": "9",
        "SentimentPolarity": "-1"
      },
      {
        "Aspect": "품질",
        "SentimentText": "품질도 소문대로 정말 좋아서 만족해요",
        "SentimentWord": "5",
        "SentimentPolarity": "1"
      }
    ]
  },
  {
    "Index": "27516",
    "RawText": "사용해보니 000꺼가 실용성이 매우 좋더라구요. 그래서 친정엄마께도 하나 장만해 드렸어요. 넉넉한 수납공간에  맘에 들고, 가격도 저렴하게 잘 샀어요. 친절한 배송에도 손색이 없네요 매우 만족해요",
    "Source": "쇼핑몰",
    "Domain": "가전",
    "MainCategory": "주방가전",
    "ProductName": "디오스 LG전자 김치톡톡 K411SS141 (2022년형) 일반구매",
    "ReviewScore": "5",
    "Syllable": "109",
    "Word": "24",
    "RDate": "20220718",
    "Aspects": [
      {
        "Aspect": "편의성",
        "SentimentText": "사용해보니 000꺼가 실용성이 매우 좋더라구요.",
        "SentimentWord": "5",
        "SentimentPolarity": "1"
      },
      {
        "Aspect": "용량",
        "SentimentText": "넉넉한 수납공간에  맘에 들고",
        "SentimentWord": "4",
        "SentimentPolarity": "1"
      },
      {
        "Aspect": "가격",
        "SentimentText": "가격도 저렴하게 잘 샀어요.",
        "SentimentWord": "4",
        "SentimentPolarity": "1"
      }
    ]
  },
  {
    "Index": "27518",
    "RawText": "냉기 손실 시스템도 있고 냉장,냉동 기능까지 있어 너무나 만족합니다.메탈소재 좋은 줄 알고 샀는데 손자국이 잘 남아 좀 난감하네요",
    "Source": "쇼핑몰",
    "Domain": "가전",
    "MainCategory": "주방가전",
    "ProductName": "디오스 LG전자 김치톡톡 K411SS141 (2022년형) 일반구매",
    "ReviewScore": "5",
    "Syllable": "72",
    "Word": "18",
    "RDate": "20220502",
    "GeneralPolarity": "0",
    "Aspects": [
      {
        "Aspect": "기능",
        "SentimentText": "냉기 손실 시스템도 있고 냉장,냉동 기능까지 있어 너무나 만족합니다.",
        "SentimentWord": "9",
        "SentimentPolarity": "1"
      },
      {
        "Aspect": "소재",
        "SentimentText": "메탈소재 좋은 줄 알고 샀는데 손자국이 잘 남아 좀 난감하네요 ",
        "SentimentWord": "10",
        "SentimentPolarity": "-1"
      }
    ]
  },
  {
    "Index": "27519",
    "RawText": "설치 기사님 설명도 친절 하시고 꼼꼼하게 설치 해 주셔서  좋았습니다. 김치통이 투명하지 않고 불 투명해서 사용하기 좀 불편하네요  다양한 기능들이 다 마음에 들어요 ",
    "Source": "쇼핑몰",
    "Domain": "가전",
    "MainCategory": "주방가전",
    "ProductName": "디오스 LG전자 김치톡톡 K411SS141 (2022년형) 일반구매",
    "ReviewScore": "3",
    "Syllable": "93",
    "Word": "23",
    "RDate": "20220824",
    "Aspects": [
      {
        "Aspect": "기능",
        "SentimentText": "다양한 기능들이 다 마음에 들어요",
        "SentimentWord": "5",
        "SentimentPolarity": "1"
      },
      {
        "Aspect": "제품구성",
        "SentimentText": "김치통이 투명하지 않고 불 투명해서 사용하기 좀 불편하네요 ",
        "SentimentWord": "8",
        "SentimentPolarity": "-1"
      }
    ]
  },
  {
    "Index": "27522",
    "RawText": "김치를 정말 많이 담을 수 있어  너무나 좋네요 .  또 디자인도 심플해서 엄마도 너무 좋아하세요.",
    "Source": "쇼핑몰",
    "Domain": "가전",
    "MainCategory": "주방가전",
    "ProductName": "디오스 LG전자 김치톡톡 K411SS141 (2022년형) 일반구매",
    "ReviewScore": "5",
    "Syllable": "55",
    "Word": "15",
    "RDate": "20220429",
    "GeneralPolarity": "1",
    "Aspects": [
      {
        "Aspect": "용량",
        "SentimentText": "김치를 정말 많이 담을 수 있어  너무나 좋네요 .",
        "SentimentWord": "9",
        "SentimentPolarity": "1"
      },
      {
        "Aspect": "디자인",
        "SentimentText": "디자인도 심플해서 엄마도 너무 좋아하세요.",
        "SentimentWord": "5",
        "SentimentPolarity": "1"
      }
    ]
  },
  {
    "Index": "27525",
    "RawText": "매장에는 우리집 가전과 안 어울리는 오브제뿐이고 넘  가격도 비싸서 걱정했는데  온라인에서 저렴하게 살수 있어 좋았습니다. 기능 면에서도  훌륭한  제품을 구입하게 되어 너무 좋습니다. 김치통 뚜껑은 좀더 투명 했으면 하는 바람이 있네요  암튼 다  좋습니다~",
    "Source": "쇼핑몰",
    "Domain": "가전",
    "MainCategory": "주방가전",
    "ProductName": "디오스 LG전자 김치톡톡 K411SS141 (2022년형) 일반구매",
    "ReviewScore": "5",
    "Syllable": "145",
    "Word": "34",
    "RDate": "20220817",
    "GeneralPolarity": "1",
    "Aspects": [
      {
        "Aspect": "가격",
        "SentimentText": "온라인에서 저렴하게 살 수 있어 좋았습니다",
        "SentimentWord": "6",
        "SentimentPolarity": "1"
      },
      {
        "Aspect": "기능",
        "SentimentText": "기능 면에서도  훌륭한  제품을 구입하게 되어 너무 좋습니다",
        "SentimentWord": "8",
        "SentimentPolarity": "1"
      },
      {
        "Aspect": "제품구성",
        "SentimentText": " 김치통 뚜껑은 좀더 투명 했으면 하는 바람이 있네요  암튼 다  좋습니다~",
        "SentimentWord": "11",
        "SentimentPolarity": "0"
      }
    ]
  },
  {
    "Index": "27526",
    "RawText": "배송이 정말  빠르게 와서 좋았습니다. 감사합니다 기사님 역시 친절 하셔서 대 만족 입니다. 메탈 재질 손자국 티가 잘나서 닦기 엄청 귀찮네요 소비전력이 1등급이라 완전 굿이에요",
    "Source": "쇼핑몰",
    "Domain": "가전",
    "MainCategory": "주방가전",
    "ProductName": "디오스 LG전자 김치톡톡 K411SS141 (2022년형) 일반구매",
    "ReviewScore": "5",
    "Syllable": "99",
    "Word": "25",
    "RDate": "20220214",
    "Aspects": [
      {
        "Aspect": "소비전력",
        "SentimentText": "소비전력이 1등급이라 완전 굿이에요",
        "SentimentWord": "4",
        "SentimentPolarity": "1"
      },
      {
        "Aspect": "소재",
        "SentimentText": "메탈 재질 손자국 티가 잘나서 닦기 엄청 귀찮네요",
        "SentimentWord": "8",
        "SentimentPolarity": "-1"
      }
    ]
  },
  {
    "Index": "27529",
    "RawText": "배송이 정말 빨랐고 기사님들이 매우 친절 해서 좋았습니다  기사님이 사용법도 꼼꼼히 가르켜 주셔서  너무 감사했습니다 .믿고 쓰고 ㅇㅇㅇ가전은 전부ㅇㅇㅇ이라서 만족 합니다^^ 저렴하게 잘 산 내 자신을 칭찬해",
    "Source": "쇼핑몰",
    "Domain": "가전",
    "MainCategory": "주방가전",
    "ProductName": "디오스 LG전자 김치톡톡 K411SS141 (2022년형) 일반구매",
    "ReviewScore": "5",
    "Syllable": "116",
    "Word": "27",
    "RDate": "20220805",
    "Aspects": [
      {
        "Aspect": "가격",
        "SentimentText": "저렴하게 잘 산 내 자신을 칭찬해",
        "SentimentWord": "6",
        "SentimentPolarity": "1"
      },
      {
        "Aspect": "제조일/제조사",
        "SentimentText": "믿고 쓰고 ㅇㅇㅇ가전은 전부ㅇㅇㅇ이라서 만족 합니다^^",
        "SentimentWord": "6",
        "SentimentPolarity": "1"
      }
    ]
  },
  {
    "Index": "27530",
    "RawText": "배송 기사님들 모두 친절 하셔고 안전하게 잘 받아  만족합니다. 김치냉장고 성능도 좋은 것 같아요  친절하게 사용법까지 설명해 주셔서 감사했습니다 사용법이 아주 간단해서 맘에 드네요",
    "Source": "쇼핑몰",
    "Domain": "가전",
    "MainCategory": "주방가전",
    "ProductName": "디오스 LG전자 김치톡톡 K411SS141 (2022년형) 일반구매",
    "ReviewScore": "5",
    "Syllable": "101",
    "Word": "24",
    "RDate": "20220121",
    "Aspects": [
      {
        "Aspect": "기능",
        "SentimentText": "김치냉장고 성능도 좋은 것 같아요",
        "SentimentWord": "5",
        "SentimentPolarity": "1"
      },
      {
        "Aspect": "조작성",
        "SentimentText": "사용법이 아주 간단해서 맘에 드네요",
        "SentimentWord": "5",
        "SentimentPolarity": "1"
      }
    ]
  },
  {
    "Index": "27531",
    "RawText": "배송이 정말  빨라서 좋았습니다.  디자인 역시  이뻐서 만족 합니다  수납 공간이 많아 너무나  맘에드네요. 에너지 소비전력 또한  1등급이라서 더욱 만족 합니다",
    "Source": "쇼핑몰",
    "Domain": "가전",
    "MainCategory": "주방가전",
    "ProductName": "디오스 LG전자 김치톡톡 K411SS141 (2022년형) 일반구매",
    "ReviewScore": "4",
    "Syllable": "91",
    "Word": "21",
    "RDate": "20220803",
    "Aspects": [
      {
        "Aspect": "디자인",
        "SentimentText": "디자인 역시  이뻐서 만족 합니다",
        "SentimentWord": "5",
        "SentimentPolarity": "1"
      },
      {
        "Aspect": "용량",
        "SentimentText": "수납 공간이 많아 너무나  맘에드네요. ",
        "SentimentWord": "5",
        "SentimentPolarity": "1"
      },
      {
        "Aspect": "소비전력",
        "SentimentText": "에너지 소비전력 또한  1등급이라서 더욱 만족 합니다 ",
        "SentimentWord": "7",
        "SentimentPolarity": "1"
      }
    ]
  },
  {
    "Index": "27532",
    "RawText": "배송이 빨랐고 설치 기사님들이  너무 친철 하셔서 좋았습니다. 매장보다 사은품이 없어 좀 아쉽네요 저렴하게 구매해서 마음에 들어요",
    "Source": "쇼핑몰",
    "Domain": "가전",
    "MainCategory": "주방가전",
    "ProductName": "디오스 LG전자 김치톡톡 K411SS141 (2022년형) 일반구매",
    "ReviewScore": "5",
    "Syllable": "72",
    "Word": "17",
    "RDate": "20220713",
    "Aspects": [
      {
        "Aspect": "가격",
        "SentimentText": "저렴하게 구매해서 마음에 들어요",
        "SentimentWord": "4",
        "SentimentPolarity": "1"
      },
      {
        "Aspect": "제품구성",
        "SentimentText": "매장보다 사은품이 없어 좀 아쉽네요 ",
        "SentimentWord": "5",
        "SentimentPolarity": "0"
      }
    ]
  },
  {
    "Index": "27533",
    "RawText": "설치 기사님도 꼼꼼하게 잘 설치해주시고 최고네요. 칸이 다양해서 김치 정리하기 편하네요 좋아요~ 사용법이 간단해서 더욱 편리해요",
    "Source": "쇼핑몰",
    "Domain": "가전",
    "MainCategory": "주방가전",
    "ProductName": "디오스 LG전자 김치톡톡 K411SS141 (2022년형) 일반구매",
    "ReviewScore": "5",
    "Syllable": "71",
    "Word": "16",
    "RDate": "20220206",
    "Aspects": [
      {
        "Aspect": "조작성",
        "SentimentText": "사용법이 간단해서 더욱 편리해요",
        "SentimentWord": "4",
        "SentimentPolarity": "1"
      },
      {
        "Aspect": "편의성",
        "SentimentText": "칸이 다양해서 김치 정리하기 편하네요 좋아요~",
        "SentimentWord": "6",
        "SentimentPolarity": "1"
      }
    ]
  },
  {
    "Index": "27534",
    "RawText": "기능이 다양해서 좋네요! 배송도 완전 빨라서 좋아요! 제품가격이 비교적 저렴해서 행복해요",
    "Source": "쇼핑몰",
    "Domain": "가전",
    "MainCategory": "주방가전",
    "ProductName": "디오스 LG전자 김치톡톡 K411SS141 (2022년형) 일반구매",
    "ReviewScore": "5",
    "Syllable": "49",
    "Word": "11",
    "RDate": "20220221",
    "Aspects": [
      {
        "Aspect": "기능",
        "SentimentText": "기능이 다양해서 좋네요! ",
        "SentimentWord": "3",
        "SentimentPolarity": "1"
      },
      {
        "Aspect": "가격",
        "SentimentText": "제품가격이 비교적 저렴해서 행복해요",
        "SentimentWord": "4",
        "SentimentPolarity": "1"
      }
    ]
  },
  {
    "Index": "27535",
    "RawText": "등급이 좋아서 소비전력이 아주 좋아요. 설치 기사분도 어찌나 친절 하신지~ 최고네요^^ 모터소음이 심하지 않아서 다행이네요",
    "Source": "쇼핑몰",
    "Domain": "가전",
    "MainCategory": "주방가전",
    "ProductName": "디오스 LG전자 김치톡톡 K411SS141 (2022년형) 일반구매",
    "ReviewScore": "5",
    "Syllable": "68",
    "Word": "15",
    "RDate": "20220105",
    "Aspects": [
      {
        "Aspect": "소비전력",
        "SentimentText": "등급이 좋아서 소비전력이 아주 좋아요.",
        "SentimentWord": "5",
        "SentimentPolarity": "1"
      },
      {
        "Aspect": "소음",
        "SentimentText": "모터소음이 심하지 않아서 다행이네요",
        "SentimentWord": "4",
        "SentimentPolarity": "1"
      }
    ]
  },
  {
    "Index": "27536",
    "RawText": "디자인 정말 구린거 아닌가요.ㅠㅠ  에너지효율도 떨어져서 걱정이네요ㅠㅠ",
    "Source": "쇼핑몰",
    "Domain": "가전",
    "MainCategory": "주방가전",
    "ProductName": "디오스 LG전자 김치톡톡 K411SS141 (2022년형) 일반구매",
    "ReviewScore": "5",
    "Syllable": "39",
    "Word": "7",
    "RDate": "20220513",
    "Aspects": [
      {
        "Aspect": "디자인",
        "SentimentText": "디자인 정말 구린거 아닌가요.ㅠㅠ",
        "SentimentWord": "4",
        "SentimentPolarity": "-1"
      },
      {
        "Aspect": "소비전력",
        "SentimentText": "에너지효율도 떨어져서 걱정이네요ㅠㅠ",
        "SentimentWord": "3",
        "SentimentPolarity": "-1"
      }
    ]
  },
  {
    "Index": "27537",
    "RawText": "배송은 진짜 빨라서 좋네요. 제품도 1등급이라 전기세도 절약되고 좋아요! 양품이 제품으로 받았어요. 다행이네요",
    "Source": "쇼핑몰",
    "Domain": "가전",
    "MainCategory": "주방가전",
    "ProductName": "디오스 LG전자 김치톡톡 K411SS141 (2022년형) 일반구매",
    "ReviewScore": "5",
    "Syllable": "61",
    "Word": "13",
    "RDate": "20220610",
    "Aspects": [
      {
        "Aspect": "품질",
        "SentimentText": "양품이 제품으로 받았어요. 다행이네요",
        "SentimentWord": "4",
        "SentimentPolarity": "1"
      },
      {
        "Aspect": "소비전력",
        "SentimentText": " 제품도 1등급이라 전기세도 절약되고 좋아요!",
        "SentimentWord": "5",
        "SentimentPolarity": "1"
      }
    ]
  },
  {
    "Index": "27538",
    "RawText": "빠른 배송에 기사님이 너무 친절하셔서 좋았아요~ 스텐드형이라 사용하기 편해서 좋네요 사이즈가 적당해서 설치하기도 편하고 좋아요",
    "Source": "쇼핑몰",
    "Domain": "가전",
    "MainCategory": "주방가전",
    "ProductName": "디오스 LG전자 김치톡톡 K411SS141 (2022년형) 일반구매",
    "ReviewScore": "5",
    "Syllable": "70",
    "Word": "15",
    "RDate": "20220830",
    "Aspects": [
      {
        "Aspect": "사이즈",
        "SentimentText": "사이즈가 적당해서 설치하기도 편하고 좋아요",
        "SentimentWord": "5",
        "SentimentPolarity": "1"
      },
      {
        "Aspect": "편의성",
        "SentimentText": "스텐드형이라 사용하기 편해서 좋네요",
        "SentimentWord": "4",
        "SentimentPolarity": "1"
      }
    ]
  },
  {
    "Index": "27539",
    "RawText": "냉장고는 역시 oo 보다 oo이 확실히 좋네요. 설치 기사님도 왕친절 너무 감사해요~ 최신의 디자인으로 주방이 화사해지네요",
    "Source": "쇼핑몰",
    "Domain": "가전",
    "MainCategory": "주방가전",
    "ProductName": "디오스 LG전자 김치톡톡 K411SS141 (2022년형) 일반구매",
    "ReviewScore": "5",
    "Syllable": "68",
    "Word": "16",
    "RDate": "20220829",
    "Aspects": [
      {
        "Aspect": "제조일/제조사",
        "SentimentText": "냉장고는 역시 oo 보다 oo이 확실히 좋네요.",
        "SentimentWord": "7",
        "SentimentPolarity": "1"
      },
      {
        "Aspect": "디자인",
        "SentimentText": "최신의 디자인으로 주방이 화사해지네요",
        "SentimentWord": "4",
        "SentimentPolarity": "1"
      }
    ]
  },
  {
    "Index": "27540",
    "RawText": "칸이 기존에 사용하던 거 보다 작아서 불편해요. 그래도 스탠드형 냉장고라 냉동고로 사용하기에는 편하네요.",
    "Source": "쇼핑몰",
    "Domain": "가전",
    "MainCategory": "주방가전",
    "ProductName": "디오스 LG전자 김치톡톡 K411SS141 (2022년형) 일반구매",
    "ReviewScore": "4",
    "Syllable": "58",
    "Word": "13",
    "RDate": "20220806",
    "GeneralPolarity": "0",
    "Aspects": [
      {
        "Aspect": "용량",
        "SentimentText": "칸이 기존에 사용하던 거 보다 작아서 불편해요.",
        "SentimentWord": "7",
        "SentimentPolarity": "-1"
      },
      {
        "Aspect": "편의성",
        "SentimentText": "그래도 스탠드형 냉장고라 냉동고로 사용하기에는 편하네요.",
        "SentimentWord": "6",
        "SentimentPolarity": "1"
      }
    ]
  },
  {
    "Index": "27541",
    "RawText": "디자인이 깔끔해서 마음에 듭니다! 냉장고 크기도 적당해서 좋고요~ 소음도 거의 없어서 귀가 편안하네요.",
    "Source": "쇼핑몰",
    "Domain": "가전",
    "MainCategory": "주방가전",
    "ProductName": "디오스 LG전자 김치톡톡 K411SS141 (2022년형) 일반구매",
    "ReviewScore": "5",
    "Syllable": "57",
    "Word": "13",
    "RDate": "20220829",
    "GeneralPolarity": "1",
    "Aspects": [
      {
        "Aspect": "디자인",
        "SentimentText": "디자인이 깔끔해서 마음에 듭니다!",
        "SentimentWord": "4",
        "SentimentPolarity": "1"
      },
      {
        "Aspect": "용량",
        "SentimentText": "냉장고 크기도 적당해서 좋고요~",
        "SentimentWord": "4",
        "SentimentPolarity": "1"
      },
      {
        "Aspect": "소음",
        "SentimentText": "소음도 거의 없어서 귀가 편안하네요.",
        "SentimentWord": "5",
        "SentimentPolarity": "1"
      }
    ]
  },
  {
    "Index": "27542",
    "RawText": "상칸 기능이 냉동, 냉장, 김치등 기능별로 사용 할 수 너무 만족 합니다. 잔고장도 별로  없고 OOO 브랜드라서  인터넷으로  어츰 구입했는데 좋네요",
    "Source": "쇼핑몰",
    "Domain": "가전",
    "MainCategory": "주방가전",
    "ProductName": "디오스 LG전자 김치톡톡 K411SS141 (2022년형) 일반구매",
    "ReviewScore": "4",
    "Syllable": "84",
    "Word": "21",
    "RDate": "20211227",
    "GeneralPolarity": "1",
    "Aspects": [
      {
        "Aspect": "기능",
        "SentimentText": "상칸 기능이 냉동, 냉장, 김치등 기능별로 사용 할 수 너무 만족 합니다",
        "SentimentWord": "12",
        "SentimentPolarity": "1"
      },
      {
        "Aspect": "제조일/제조사",
        "SentimentText": "OOO 브랜드라서  인터넷으로  어츰 구입했는데 좋네요  ",
        "SentimentWord": "6",
        "SentimentPolarity": "1"
      }
    ]
  },
  {
    "Index": "27543",
    "RawText": "행사하는지 최저가라 바로 주문했어요 역시 백색가전은 ○○○네요",
    "Source": "쇼핑몰",
    "Domain": "가전",
    "MainCategory": "주방가전",
    "ProductName": "디오스 LG전자 김치톡톡 K411SS141 (2022년형) 일반구매",
    "ReviewScore": "3",
    "Syllable": "34",
    "Word": "7",
    "RDate": "20220509",
    "Aspects": [
      {
        "Aspect": "가격",
        "SentimentText": "행사하는지 최저가라 바로 주문했어요 ",
        "SentimentWord": "4",
        "SentimentPolarity": "1"
      },
      {
        "Aspect": "제조일/제조사",
        "SentimentText": "역시 백색가전은 ○○○네요",
        "SentimentWord": "3",
        "SentimentPolarity": "1"
      }
    ]
  },
  {
    "Index": "27544",
    "RawText": "수납 공간이 은근 부족한 거 같아 아쉬워요. 그래도 칸칸이 온도 조절이 가능해서 만족스럽네요",
    "Source": "쇼핑몰",
    "Domain": "가전",
    "MainCategory": "주방가전",
    "ProductName": "디오스 LG전자 김치톡톡 K411SS141 (2022년형) 일반구매",
    "ReviewScore": "4",
    "Syllable": "51",
    "Word": "13",
    "RDate": "20220712",
    "GeneralPolarity": "0",
    "Aspects": [
      {
        "Aspect": "용량",
        "SentimentText": "수납 공간이 은근 부족한 거 같아 아쉬워요. ",
        "SentimentWord": "7",
        "SentimentPolarity": "-1"
      },
      {
        "Aspect": "기능",
        "SentimentText": "그래도 칸칸이 온도 조절이 가능해서 만족스럽네요",
        "SentimentWord": "6",
        "SentimentPolarity": "1"
      }
    ]
  },
  {
    "Index": "27547",
    "RawText": "포인트 적립으로 싸게 좋은 제품 잘 구입해서 너무 좋아요. 어머니께 선물해드렸는데 디자인도 고급스럽다고 매우 만족해하시네요^^",
    "Source": "쇼핑몰",
    "Domain": "가전",
    "MainCategory": "주방가전",
    "ProductName": "디오스 LG전자 김치톡톡 K411SS141 (2022년형) 일반구매",
    "ReviewScore": "5",
    "Syllable": "70",
    "Word": "15",
    "RDate": "20220817",
    "GeneralPolarity": "1",
    "Aspects": [
      {
        "Aspect": "가격",
        "SentimentText": "포인트 적립으로 싸게 좋은 제품 잘 구입해서 너무 좋아요.",
        "SentimentWord": "9",
        "SentimentPolarity": "1"
      },
      {
        "Aspect": "디자인",
        "SentimentText": "어머니께 선물해드렸는데 디자인도 고급스럽다고 매우 만족해하시네요^^",
        "SentimentWord": "6",
        "SentimentPolarity": "1"
      }
    ]
  },
  {
    "Index": "27548",
    "RawText": "쿠폰 사용해서 싸고 저렴하게 구입했는데 너무 마음에 드네요. 배송기사님도 친절하셔서 좋았네요. 사용해보니 김치냉장고 기능 빵빵하니 너무 좋아요.",
    "Source": "쇼핑몰",
    "Domain": "가전",
    "MainCategory": "주방가전",
    "ProductName": "디오스 LG전자 김치톡톡 K411SS141 (2022년형) 일반구매",
    "ReviewScore": "5",
    "Syllable": "80",
    "Word": "17",
    "RDate": "20220627",
    "Aspects": [
      {
        "Aspect": "가격",
        "SentimentText": "쿠폰 사용해서 싸고 저렴하게 구입했는데 너무 마음에 드네요. ",
        "SentimentWord": "8",
        "SentimentPolarity": "1"
      },
      {
        "Aspect": "기능",
        "SentimentText": " 사용해보니 김치냉장고 기능 빵빵하니 너무 좋아요.",
        "SentimentWord": "6",
        "SentimentPolarity": "1"
      }
    ]
  },
  {
    "Index": "27549",
    "RawText": "디자인 깔끔하니 잘 나와서 좋아요. 내부 용량이 생각했던 것 보다 많이 작아서 공간을 다양하게 사용할 수 없어서 좀 아쉽네요.",
    "Source": "쇼핑몰",
    "Domain": "가전",
    "MainCategory": "주방가전",
    "ProductName": "디오스 LG전자 김치톡톡 K411SS141 (2022년형) 일반구매",
    "ReviewScore": "4",
    "Syllable": "70",
    "Word": "19",
    "RDate": "20220614",
    "GeneralPolarity": "0",
    "Aspects": [
      {
        "Aspect": "디자인",
        "SentimentText": "디자인 깔끔하니 잘 나와서 좋아요.",
        "SentimentWord": "5",
        "SentimentPolarity": "1"
      },
      {
        "Aspect": "용량",
        "SentimentText": " 내부 용량이 생각했던 것 보다 많이 작아서 공간을 다양하게 사용할 수 없어서 좀 아쉽네요.",
        "SentimentWord": "14",
        "SentimentPolarity": "-1"
      }
    ]
  },
  {
    "Index": "27561",
    "RawText": "배송기사님께서 배송 빠르게 해주시고 설치도 빠르게 해주셔서 좋았어요. 색상도 회색계열이라 고급스러워서 더 좋네요 용량이 대용량이라 안심이되네요",
    "Source": "쇼핑몰",
    "Domain": "가전",
    "MainCategory": "주방가전",
    "ProductName": "디오스 LG전자 김치톡톡 K411SS141 (2022년형) 일반구매",
    "ReviewScore": "5",
    "Syllable": "79",
    "Word": "16",
    "RDate": "20220214",
    "Aspects": [
      {
        "Aspect": "용량",
        "SentimentText": "용량이 대용량이라 안심이되네요",
        "SentimentWord": "3",
        "SentimentPolarity": "1"
      },
      {
        "Aspect": "색상",
        "SentimentText": "색상도 회색계열이라 고급스러워서 더 좋네요",
        "SentimentWord": "5",
        "SentimentPolarity": "1"
      }
    ]
  },
  {
    "Index": "27564",
    "RawText": "어제 주문했는데 오늘 오후에 도착했어요 정말 빠르게 와서 놀랬어요. 설치도 깔끔하게 잘 해주셨습니다. 매장에서 사는거보다 50만원 이상 저렴하게 사서 너무 좋아요^^ 많이파세요 광고사진속 색상과 동일한 제품을 받아서 안심이네요. 색상이 너무 고급져요.",
    "Source": "쇼핑몰",
    "Domain": "가전",
    "MainCategory": "주방가전",
    "ProductName": "디오스 LG전자 김치톡톡 K411SS141 (2022년형) 일반구매",
    "ReviewScore": "5",
    "Syllable": "140",
    "Word": "31",
    "RDate": "20220521",
    "Aspects": [
      {
        "Aspect": "색상",
        "SentimentText": "광고사진속 색상과 동일한 제품을 받아서 안심이네요. 색상이 너무 고급져요.",
        "SentimentWord": "9",
        "SentimentPolarity": "1"
      },
      {
        "Aspect": "가격",
        "SentimentText": "매장에서 사는거보다 50만원 이상 저렴하게 사서 너무 좋아요^^ 많이파세요",
        "SentimentWord": "9",
        "SentimentPolarity": "1"
      }
    ]
  },
  {
    "Index": "27567",
    "RawText": "오래 걸리 줄 알았는데 생각 외 익일 배송 와서 좋았습니다. 냉동칸도  부족 했었는데 냉동고만 사용할 수도 있어 너무 좋습니다. 소비전력이 1등급이라 완전 굿이에요",
    "Source": "쇼핑몰",
    "Domain": "가전",
    "MainCategory": "주방가전",
    "ProductName": "디오스 LG전자 김치톡톡 K411SS141 (2022년형) 일반구매",
    "ReviewScore": "5",
    "Syllable": "91",
    "Word": "23",
    "RDate": "20220606",
    "Aspects": [
      {
        "Aspect": "소비전력",
        "SentimentText": "소비전력이 1등급이라 완전 굿이에요",
        "SentimentWord": "4",
        "SentimentPolarity": "1"
      },
      {
        "Aspect": "기능",
        "SentimentText": "냉동고만 사용할 수도 있어 너무 좋습니다.",
        "SentimentWord": "6",
        "SentimentPolarity": "1"
      }
    ]
  },
  {
    "Index": "27569",
    "RawText": "와~ 구매 딱 하루만에 척! 총알배송이 와서 너무 좋습니다.ㅎ기사님이 조작법도 너무 친절하게 설명해 주셔서 감사했습니다  착한가격 또한  옴총 좋아  잘 산 것 같아요 조작법 간단해서 부모님도 쉽게 조작해요",
    "Source": "쇼핑몰",
    "Domain": "가전",
    "MainCategory": "주방가전",
    "ProductName": "디오스 LG전자 김치톡톡 K411SS141 (2022년형) 일반구매",
    "ReviewScore": "5",
    "Syllable": "115",
    "Word": "28",
    "RDate": "20220603",
    "Aspects": [
      {
        "Aspect": "조작성",
        "SentimentText": "조작법 간단해서 부모님도 쉽게 조작해요",
        "SentimentWord": "5",
        "SentimentPolarity": "1"
      },
      {
        "Aspect": "가격",
        "SentimentText": "착한가격 또한  옴총 좋아  잘 산 것 같아요",
        "SentimentWord": "8",
        "SentimentPolarity": "1"
      }
    ]
  },
  {
    "Index": "27572",
    "RawText": "제가 요청드린 날짜에 배송해주셔서 너무 좋았어요. 친절하게 설명해주시는건 기본이고 집에 있는 기존 가전세탁기 수평까지 봐주시고 가주셔서 너무 좋았어요. 친절하셨습니다. 생각한거보다 기계음이 약해서 다행이에요 좋은 가격에 잘 구매해서 넘 만족스러워요.",
    "Source": "쇼핑몰",
    "Domain": "가전",
    "MainCategory": "주방가전",
    "ProductName": "디오스 LG전자 김치톡톡 K411SS141 (2022년형) 일반구매",
    "ReviewScore": "5",
    "Syllable": "139",
    "Word": "29",
    "RDate": "20220731",
    "Aspects": [
      {
        "Aspect": "소음",
        "SentimentText": "생각한거보다 기계음이 약해서 다행이에요",
        "SentimentWord": "4",
        "SentimentPolarity": "1"
      },
      {
        "Aspect": "가격",
        "SentimentText": "좋은 가격에 잘 구매해서 넘 만족스러워요.",
        "SentimentWord": "6",
        "SentimentPolarity": "1"
      }
    ]
  },
  {
    "Index": "27574",
    "RawText": "소음이 진짜 거의 없어서 좋아요 너무 조용합니다. 그리고 냉기조절 기능이 조금 불편하긴 한데 제품 보관부분은 완전 퍼펙트합니다. 잘 쓰겠습니다.",
    "Source": "쇼핑몰",
    "Domain": "가전",
    "MainCategory": "주방가전",
    "ProductName": "디오스 LG전자 김치톡톡 K411SS141 (2022년형) 일반구매",
    "ReviewScore": "5",
    "Syllable": "80",
    "Word": "19",
    "RDate": "20220820",
    "Aspects": [
      {
        "Aspect": "소음",
        "SentimentText": "소음이 진짜 거의 없어서 좋아요 너무 조용합니다.",
        "SentimentWord": "7",
        "SentimentPolarity": "1"
      },
      {
        "Aspect": "기능",
        "SentimentText": "그리고 냉기조절 기능이 조금 불편하긴 한데 제품 보관부분은 완전 퍼펙트합니다. 잘 쓰겠습니다.",
        "SentimentWord": "12",
        "SentimentPolarity": "0"
      }
    ]
  },
  {
    "Index": "27577",
    "RawText": "매장에서 가격 비교 하고 구입 하길 잘 한것 같아요.  설치 기사님 친절 하시고 배송 역시  빨라 너무 좋았습니다 ^^ 다양한 기능들이 장착되어있어서 마음에 드네요",
    "Source": "쇼핑몰",
    "Domain": "가전",
    "MainCategory": "주방가전",
    "ProductName": "디오스 LG전자 김치톡톡 K411SS141 (2022년형) 일반구매",
    "ReviewScore": "5",
    "Syllable": "91",
    "Word": "24",
    "RDate": "20220510",
    "Aspects": [
      {
        "Aspect": "가격",
        "SentimentText": "매장에서 가격 비교 하고 구입 하길 잘 한것 같아요.",
        "SentimentWord": "9",
        "SentimentPolarity": "1"
      },
      {
        "Aspect": "기능",
        "SentimentText": "다양한 기능들이 장착되어있어서 마음에 드네요",
        "SentimentWord": "5",
        "SentimentPolarity": "1"
      }
    ]
  },
  {
    "Index": "27580",
    "RawText": "굉장히 빠르게 배송되서 놀랬어요. 그리고 설치랑 안내까지 친절하게 해주셔서 더욱더 좋았네요. 디자인도 깔끔하고 고급스러워서 더 마음에 들어요. 번창하세요 소비등급도 1등급이라 전기세 걱정을 덜어서 좋습니다",
    "Source": "쇼핑몰",
    "Domain": "가전",
    "MainCategory": "주방가전",
    "ProductName": "디오스 LG전자 김치톡톡 K411SS141 (2022년형) 일반구매",
    "ReviewScore": "5",
    "Syllable": "114",
    "Word": "24",
    "RDate": "20220717",
    "Aspects": [
      {
        "Aspect": "소비전력",
        "SentimentText": "소비등급도 1등급이라 전기세 걱정을 덜어서 좋습니다",
        "SentimentWord": "6",
        "SentimentPolarity": "1"
      },
      {
        "Aspect": "디자인",
        "SentimentText": "디자인도 깔끔하고 고급스러워서 더 마음에 들어요. 번창하세요",
        "SentimentWord": "7",
        "SentimentPolarity": "1"
      }
    ]
  },
  {
    "Index": "27581",
    "RawText": "제가 선택한 날짜에 친절하게 오셔서 설치해주시고 가셔서 좋았어요. 재질이 메탈소재라 그런가 아주 고급스러워서 마음에 드네요^^ 양품의 제품으로 받아서 정말 기쁘네요",
    "Source": "쇼핑몰",
    "Domain": "가전",
    "MainCategory": "주방가전",
    "ProductName": "디오스 LG전자 김치톡톡 K411SS141 (2022년형) 일반구매",
    "ReviewScore": "5",
    "Syllable": "91",
    "Word": "20",
    "RDate": "20220820",
    "Aspects": [
      {
        "Aspect": "품질",
        "SentimentText": "양품의 제품으로 받아서 정말 기쁘네요",
        "SentimentWord": "5",
        "SentimentPolarity": "1"
      },
      {
        "Aspect": "소재",
        "SentimentText": "재질이 메탈소재라 그런가 아주 고급스러워서 마음에 드네요^^",
        "SentimentWord": "7",
        "SentimentPolarity": "1"
      }
    ]
  },
  {
    "Index": "27582",
    "RawText": "냉각기능이랑 보관기능 정말 훌륭해서 제품 완전 만족스럽습니다. 기사님께서 희망날짜 맞춰서 설치해주셔서 너무 좋았어요. 색상이 딱 내 취향이네요.",
    "Source": "쇼핑몰",
    "Domain": "가전",
    "MainCategory": "주방가전",
    "ProductName": "디오스 LG전자 김치톡톡 K411SS141 (2022년형) 일반구매",
    "ReviewScore": "5",
    "Syllable": "80",
    "Word": "17",
    "RDate": "20220730",
    "Aspects": [
      {
        "Aspect": "기능",
        "SentimentText": "냉각기능이랑 보관기능 정말 훌륭해서 제품 완전 만족스럽습니다.",
        "SentimentWord": "7",
        "SentimentPolarity": "1"
      },
      {
        "Aspect": "색상",
        "SentimentText": "색상이 딱 내 취향이네요.",
        "SentimentWord": "4",
        "SentimentPolarity": "1"
      }
    ]
  },
  {
    "Index": "27583",
    "RawText": "세일기간 중이여서 싸게 잘 구매했네요. 너무 운이 좋았어요^^ 냉장고가 소음도 안나고 조용해서 너무 좋아요.",
    "Source": "쇼핑몰",
    "Domain": "가전",
    "MainCategory": "주방가전",
    "ProductName": "디오스 LG전자 김치톡톡 K411SS141 (2022년형) 일반구매",
    "ReviewScore": "5",
    "Syllable": "60",
    "Word": "14",
    "RDate": "20220121",
    "GeneralPolarity": "1",
    "Aspects": [
      {
        "Aspect": "가격",
        "SentimentText": "세일기간 중이여서 싸게 잘 구매했네요. 너무 운이 좋았어요^",
        "SentimentWord": "8",
        "SentimentPolarity": "1"
      },
      {
        "Aspect": "소음",
        "SentimentText": "냉장고가 소음도 안나고 조용해서 너무 좋아요.",
        "SentimentWord": "6",
        "SentimentPolarity": "1"
      }
    ]
  },
  {
    "Index": "27585",
    "RawText": "저렴하고 가성비 좋은 상품 구매 해서 좋아요. 베테랑 기사님께서 빠르고 친절하게 설치까지 해주셔서 너무나 만족 합니다 냉장고를 이용한 이후에 김치맛이 단연 최고에요",
    "Source": "쇼핑몰",
    "Domain": "가전",
    "MainCategory": "주방가전",
    "ProductName": "디오스 LG전자 김치톡톡 K411SS141 (2022년형) 일반구매",
    "ReviewScore": "5",
    "Syllable": "91",
    "Word": "22",
    "RDate": "20211115",
    "Aspects": [
      {
        "Aspect": "가격",
        "SentimentText": "저렴하고 가성비 좋은 상품 구매 해서 좋아요. ",
        "SentimentWord": "7",
        "SentimentPolarity": "1"
      },
      {
        "Aspect": "기능",
        "SentimentText": "냉장고를 이용한 이후에 김치맛이 단연 최고에요",
        "SentimentWord": "6",
        "SentimentPolarity": "1"
      }
    ]
  },
  {
    "Index": "27586",
    "RawText": "합리적인 가격에 이런 상품을 구입할 수 있어서 좋네요^^ 제가 말씀드린 날에 오셔서 설치해주시고 친절히 설명해 주시고 가셔서 좋았어요.  2022년도 최신형으로 받아서 좋아요",
    "Source": "쇼핑몰",
    "Domain": "가전",
    "MainCategory": "주방가전",
    "ProductName": "디오스 LG전자 김치톡톡 K411SS141 (2022년형) 일반구매",
    "ReviewScore": "5",
    "Syllable": "97",
    "Word": "22",
    "RDate": "20220724",
    "Aspects": [
      {
        "Aspect": "가격",
        "SentimentText": "합리적인 가격에 이런 상품을 구입할 수 있어서 좋네요^^",
        "SentimentWord": "8",
        "SentimentPolarity": "1"
      },
      {
        "Aspect": "제조일/제조사",
        "SentimentText": " 2022년도 최신형으로 받아서 좋아요",
        "SentimentWord": "4",
        "SentimentPolarity": "1"
      }
    ]
  },
  {
    "Index": "27587",
    "RawText": "배송이 생각보다 빨라서 놀랬어요. 집에 있던 가전도 수거해주셔서 좋았어요. 상품 작동시켜보니 쿨링,숙성,보관 등등 기능 다 월등하네요 마음에들어요 저렴한 제품가격이 만족스럽네요",
    "Source": "쇼핑몰",
    "Domain": "가전",
    "MainCategory": "주방가전",
    "ProductName": "디오스 LG전자 김치톡톡 K411SS141 (2022년형) 일반구매",
    "ReviewScore": "5",
    "Syllable": "98",
    "Word": "20",
    "RDate": "20220722",
    "Aspects": [
      {
        "Aspect": "가격",
        "SentimentText": "저렴한 제품가격이 만족스럽네요",
        "SentimentWord": "3",
        "SentimentPolarity": "1"
      },
      {
        "Aspect": "기능",
        "SentimentText": "상품 작동시켜보니 쿨링,숙성,보관 등등 기능 다 월등하네요 마음에들어요",
        "SentimentWord": "8",
        "SentimentPolarity": "1"
      }
    ]
  },
  {
    "Index": "27588",
    "RawText": "용량 크기가  적당해서 좋습니다 디자인도 심플하니 너무 이쁜 것 같아 아주 만족합니다~^^",
    "Source": "쇼핑몰",
    "Domain": "가전",
    "MainCategory": "주방가전",
    "ProductName": "디오스 LG전자 김치톡톡 K411SS141 (2022년형) 일반구매",
    "ReviewScore": "5",
    "Syllable": "50",
    "Word": "12",
    "RDate": "20220521",
    "GeneralPolarity": "1",
    "Aspects": [
      {
        "Aspect": "용량",
        "SentimentText": "용량 크기가  적당해서 좋습니다",
        "SentimentWord": "4",
        "SentimentPolarity": "1"
      },
      {
        "Aspect": "디자인",
        "SentimentText": " 디자인도 심플하니 너무 이쁜 것 같아 아주 만족합니다~^^",
        "SentimentWord": "8",
        "SentimentPolarity": "1"
      }
    ]
  },
  {
    "Index": "27590",
    "RawText": "주문한지 얼마 안되서 빠르게 배송해주시고 설치도 완벽하게 해주셔서 좋았어요. 무엇보다 집에 있던 기존 사용한 가전도 회수해 가주셔서 너무 좋았어요^^ 감사합니다. 양품의 제품으로 잘 받았습니다. 사이즈가 적당해서 설치할때 편했습니다.",
    "Source": "쇼핑몰",
    "Domain": "가전",
    "MainCategory": "주방가전",
    "ProductName": "디오스 LG전자 김치톡톡 K411SS141 (2022년형) 일반구매",
    "ReviewScore": "5",
    "Syllable": "130",
    "Word": "28",
    "RDate": "20220524",
    "Aspects": [
      {
        "Aspect": "품질",
        "SentimentText": "양품의 제품으로 잘 받았습니다.",
        "SentimentWord": "4",
        "SentimentPolarity": "1"
      },
      {
        "Aspect": "사이즈",
        "SentimentText": "사이즈가 적당해서 설치할때 편했습니다.",
        "SentimentWord": "4",
        "SentimentPolarity": "1"
      }
    ]
  },
  {
    "Index": "27591",
    "RawText": "배송이 정말 빨랐습니다 하루만에 배송해주셔서 놀랐네요ㅎㅎ 설치기사님도 친절하시고 설명도 잘 해주셔서 좋았습니다. 할인 행사하길래 착한 가격으로 구입했어요~ 사이즈 넉넉해서 재료가 많이들어가서 좋아요",
    "Source": "쇼핑몰",
    "Domain": "가전",
    "MainCategory": "주방가전",
    "ProductName": "디오스 LG전자 김치톡톡 K411SS141 (2022년형) 일반구매",
    "ReviewScore": "5",
    "Syllable": "110",
    "Word": "22",
    "RDate": "20211217",
    "Aspects": [
      {
        "Aspect": "가격",
        "SentimentText": "할인 행사하길래 착한 가격으로 구입했어요~",
        "SentimentWord": "5",
        "SentimentPolarity": "1"
      },
      {
        "Aspect": "용량",
        "SentimentText": "사이즈 넉넉해서 재료가 많이들어가서 좋아요",
        "SentimentWord": "5",
        "SentimentPolarity": "1"
      }
    ]
  },
  {
    "Index": "27592",
    "RawText": "구매 2주 만에 늦은 배송을 받았지만 좋습니다. 성능 또한 여러 기능이 되어 만족하고 기사님이 사용법 친절하게 설명까지 해주셔서 감사했습니다. ㅇㅇㅇ 기술력도 너무나 만족합니다.",
    "Source": "쇼핑몰",
    "Domain": "가전",
    "MainCategory": "주방가전",
    "ProductName": "디오스 LG전자 김치톡톡 K411SS141 (2022년형) 일반구매",
    "ReviewScore": "5",
    "Syllable": "99",
    "Word": "23",
    "RDate": "20220510",
    "Aspects": [
      {
        "Aspect": "기능",
        "SentimentText": "성능 또한 여러 기능이 되어 만족하고",
        "SentimentWord": "6",
        "SentimentPolarity": "1"
      },
      {
        "Aspect": "제조일/제조사",
        "SentimentText": "ㅇㅇㅇ 기술력도 너무나 만족합니다",
        "SentimentWord": "4",
        "SentimentPolarity": "1"
      }
    ]
  },
  {
    "Index": "27593",
    "RawText": "미리 말씀드린 날짜에 맞춰서 배송해주셔서 너무 편했어요. 제품 받아보니 디자인도 심플하니 어디다 놔도 잘 어울리네요. 마음에 들어요 올스텐이라 먼지도 잘 묻지않고 좋아요",
    "Source": "쇼핑몰",
    "Domain": "가전",
    "MainCategory": "주방가전",
    "ProductName": "디오스 LG전자 김치톡톡 K411SS141 (2022년형) 일반구매",
    "ReviewScore": "5",
    "Syllable": "94",
    "Word": "22",
    "RDate": "20220610",
    "Aspects": [
      {
        "Aspect": "소재",
        "SentimentText": "올스텐이라 먼지도 잘 묻지않고 좋아요",
        "SentimentWord": "5",
        "SentimentPolarity": "1"
      },
      {
        "Aspect": "디자인",
        "SentimentText": "제품 받아보니 디자인도 심플하니 어디다 놔도 잘 어울리네요. 마음에 들어요",
        "SentimentWord": "10",
        "SentimentPolarity": "1"
      }
    ]
  },
  {
    "Index": "27594",
    "RawText": "원하는 날짜에 배송해줘서 너무 만족스럽습니다. 설치도 깔끔하게 잘 해주시고 가셨어요. 냉장고 설치했는데 정말 너무 조용해서 없는줄 알았네요ㅎㅎ. 많이파세요 디자인이 예쁜데다가  설치후에 인테리어 효과도 있어서 만족스럽습니다.",
    "Source": "쇼핑몰",
    "Domain": "가전",
    "MainCategory": "주방가전",
    "ProductName": "디오스 LG전자 김치톡톡 K411SS141 (2022년형) 일반구매",
    "ReviewScore": "5",
    "Syllable": "125",
    "Word": "25",
    "RDate": "20220731",
    "Aspects": [
      {
        "Aspect": "디자인",
        "SentimentText": "디자인이 예쁜데다가  설치후에 인테리어 효과도 있어서 만족스럽습니다.",
        "SentimentWord": "7",
        "SentimentPolarity": "1"
      },
      {
        "Aspect": "소음",
        "SentimentText": "냉장고 설치했는데 정말 너무 조용해서 없는줄 알았네요ㅎㅎ. 많이파세요",
        "SentimentWord": "8",
        "SentimentPolarity": "1"
      }
    ]
  },
  {
    "Index": "27595",
    "RawText": "총 4칸중에 2칸은 김치냉장고 기능으로 안쓸시에 냉동고로 바꿔서 쓸수 있어서 효율적이고 좋습니다. 소비효율이 1등급이라 믿고 쓸 수 있어 좋아요.",
    "Source": "쇼핑몰",
    "Domain": "가전",
    "MainCategory": "주방가전",
    "ProductName": "디오스 LG전자 김치톡톡 K411SS141 (2022년형) 일반구매",
    "ReviewScore": "5",
    "Syllable": "81",
    "Word": "19",
    "RDate": "20220825",
    "GeneralPolarity": "1",
    "Aspects": [
      {
        "Aspect": "기능",
        "SentimentText": "총 4칸중에 2칸은 김치냉장고 기능으로 안쓸시에 냉동고로 바꿔서 쓸수 있어서 효율적이고 좋습니다.",
        "SentimentWord": "12",
        "SentimentPolarity": "1"
      },
      {
        "Aspect": "소비전력",
        "SentimentText": "소비효율이 1등급이라 믿고 쓸 수 있어 좋아요.",
        "SentimentWord": "7",
        "SentimentPolarity": "1"
      }
    ]
  },
  {
    "Index": "27597",
    "RawText": "하필 제일 날 더운날 설치해주시러 오셨는데 깔끔하게 해주시고 가셔서 좋았어요. 디자인도 고급지고 심플하니 너무 예뻐서 웃음이 나오네요 가격 저렴하게 구매할 수 있어서 아주 만족합니다~",
    "Source": "쇼핑몰",
    "Domain": "가전",
    "MainCategory": "주방가전",
    "ProductName": "디오스 LG전자 김치톡톡 K411SS141 (2022년형) 일반구매",
    "ReviewScore": "5",
    "Syllable": "102",
    "Word": "24",
    "RDate": "20220808",
    "Aspects": [
      {
        "Aspect": "가격",
        "SentimentText": "가격 저렴하게 구매할 수 있어서 아주 만족합니다~",
        "SentimentWord": "7",
        "SentimentPolarity": "1"
      },
      {
        "Aspect": "디자인",
        "SentimentText": "디자인도 고급지고 심플하니 너무 예뻐서 웃음이 나오네요",
        "SentimentWord": "7",
        "SentimentPolarity": "1"
      }
    ]
  },
  {
    "Index": "27598",
    "RawText": "상품 하자가 발생해 기분 나뻤고  교환도 여러번 했는데 해결되지 않아 더 화가 납니다~ 저렴한 가격에 주고 산 것도 아니라서 더 화가 납니다",
    "Source": "쇼핑몰",
    "Domain": "가전",
    "MainCategory": "주방가전",
    "ProductName": "디오스 LG전자 김치톡톡 K411SS141 (2022년형) 일반구매",
    "ReviewScore": "2",
    "Syllable": "78",
    "Word": "22",
    "RDate": "20220113",
    "Aspects": [
      {
        "Aspect": "품질",
        "SentimentText": "상품 하자가 발생해 기분 나뻤고",
        "SentimentWord": "5",
        "SentimentPolarity": "-1"
      },
      {
        "Aspect": "가격",
        "SentimentText": "저렴한 가격에 주고 산 것도 아니라서 더 화가 납니다",
        "SentimentWord": "9",
        "SentimentPolarity": "-1"
      }
    ]
  },
  {
    "Index": "27599",
    "RawText": "한달 내내 고민해서 구입했는데 소음이 기존에 있던 뚜껑형보다 심해서 아쉽습니다. 생각했던것 보다 냉각기능도 약한것 같구요. 후회되네요.",
    "Source": "쇼핑몰",
    "Domain": "가전",
    "MainCategory": "주방가전",
    "ProductName": "디오스 LG전자 김치톡톡 K411SS141 (2022년형) 일반구매",
    "ReviewScore": "2",
    "Syllable": "75",
    "Word": "16",
    "RDate": "20220115",
    "GeneralPolarity": "-1",
    "Aspects": [
      {
        "Aspect": "소음",
        "SentimentText": "한달 내내 고민해서 구입했는데 소음이 기존에 있던 뚜껑형보다 심해서 아쉽습니다. ",
        "SentimentWord": "10",
        "SentimentPolarity": "-1"
      },
      {
        "Aspect": "기능",
        "SentimentText": "생각했던것 보다 냉각기능도 약한것 같구요. 후회되네요.",
        "SentimentWord": "6",
        "SentimentPolarity": "-1"
      }
    ]
  },
  {
    "Index": "27600",
    "RawText": "배송이 원하는 일자에 맞게 왔으며 해피콜도 진행돼서 좋았습니다. 방문 기사님들 두 분 모두 정말 친절하게 설명까지 해주셔서 만족했습니다~ 냉장고 디자인도 생각 외 이뻐 좋습니다!! 착한 가격에 구매할 수 있어서 너무 좋네요~",
    "Source": "쇼핑몰",
    "Domain": "가전",
    "MainCategory": "주방가전",
    "ProductName": "디오스 LG전자 김치톡톡 K416W141 (2022년형)",
    "ReviewScore": "5",
    "Syllable": "125",
    "Word": "31",
    "RDate": "20220722",
    "Aspects": [
      {
        "Aspect": "가격",
        "SentimentText": "착한 가격에 구매할 수 있어서 너무 좋네요~",
        "SentimentWord": "7",
        "SentimentPolarity": "1"
      },
      {
        "Aspect": "디자인",
        "SentimentText": "디자인도 생각 외 이뻐 좋습니다!!",
        "SentimentWord": "5",
        "SentimentPolarity": "1"
      }
    ]
  },
  {
    "Index": "27601",
    "RawText": "윗칸에 냉장과 냉동기능이 다 있어서 구입했는데 전환도 되서 너무 좋네요. 배송도 생각보다 빨리오고 설치도 깔끔해주시고 가셨어요. 적극추천드려요~ 버튼식이라서 조작이 편하네요",
    "Source": "쇼핑몰",
    "Domain": "가전",
    "MainCategory": "주방가전",
    "ProductName": "디오스 LG전자 김치톡톡 K416W141 (2022년형)",
    "ReviewScore": "5",
    "Syllable": "96",
    "Word": "20",
    "RDate": "20220702",
    "Aspects": [
      {
        "Aspect": "기능",
        "SentimentText": "윗칸에 냉장과 냉동기능이 다 있어서 구입했는데 전환도 되서 너무 좋네요.",
        "SentimentWord": "10",
        "SentimentPolarity": "1"
      },
      {
        "Aspect": "조작성",
        "SentimentText": "버튼식이라서 조작이 편하네요",
        "SentimentWord": "3",
        "SentimentPolarity": "1"
      }
    ]
  },
  {
    "Index": "27602",
    "RawText": "받아보자마자 색깔이 너무 깔끔해서 반해버렸네요. 너무 좋아요! 냉장고 안 구성도 효율적으로 사용할 수 있어서 너무 좋아요. 가격대비 완전 만족스러운 상품이네요ㅎㅎ",
    "Source": "쇼핑몰",
    "Domain": "가전",
    "MainCategory": "주방가전",
    "ProductName": "디오스 LG전자 김치톡톡 K416W141 (2022년형)",
    "ReviewScore": "5",
    "Syllable": "90",
    "Word": "20",
    "RDate": "20220505",
    "GeneralPolarity": "1",
    "Aspects": [
      {
        "Aspect": "색상",
        "SentimentText": "받아보자마자 색깔이 너무 깔끔해서 반해버렸네요.",
        "SentimentWord": "5",
        "SentimentPolarity": "1"
      },
      {
        "Aspect": "편의성",
        "SentimentText": "냉장고 안 구성도 효율적으로 사용할 수 있어서 너무 좋아요.",
        "SentimentWord": "9",
        "SentimentPolarity": "1"
      },
      {
        "Aspect": "가격",
        "SentimentText": "가격대비 완전 만족스러운 상품이네요ㅎㅎ",
        "SentimentWord": "4",
        "SentimentPolarity": "1"
      }
    ]
  },
  {
    "Index": "27606",
    "RawText": "어머님댁에 선물로 드렸는데 색상이 너무 깔끔하고 고급스럽다고 좋아하시네요. 배송이 많이 늦어서 아쉬웠는데 좋아하시니 싹 사라지네요. 많이파세요. 기능은 기대한것만큼 최상은 아니지만 적당히 사용할만 합니다.",
    "Source": "쇼핑몰",
    "Domain": "가전",
    "MainCategory": "주방가전",
    "ProductName": "디오스 LG전자 김치톡톡 K416W141 (2022년형)",
    "ReviewScore": "3",
    "Syllable": "114",
    "Word": "23",
    "RDate": "20220514",
    "Aspects": [
      {
        "Aspect": "색상",
        "SentimentText": "어머님댁에 선물로 드렸는데 색상이 너무 깔끔하고 고급스럽다고 좋아하시네요.",
        "SentimentWord": "8",
        "SentimentPolarity": "1"
      },
      {
        "Aspect": "기능",
        "SentimentText": "기능은 기대한것만큼 최상은 아니지만 적당히 사용할만 합니다.",
        "SentimentWord": "7",
        "SentimentPolarity": "0"
      }
    ]
  },
  {
    "Index": "27607",
    "RawText": "기존에 있는 냉장고랑 깔맞춤하고 싶어서 백색으로 주문했는데 너무 마음에 드네요ㅎㅎ. 설치해주시러 오신 기사님도 친절하게 해주셔서 좋았어요. 디자인도 최신형 고급스럽고 맘에 드네요",
    "Source": "쇼핑몰",
    "Domain": "가전",
    "MainCategory": "주방가전",
    "ProductName": "디오스 LG전자 김치톡톡 K416W141 (2022년형)",
    "ReviewScore": "5",
    "Syllable": "99",
    "Word": "21",
    "RDate": "20220227",
    "Aspects": [
      {
        "Aspect": "색상",
        "SentimentText": "기존에 있는 냉장고랑 깔맞춤하고 싶어서 백색으로 주문했는데 너무 마음에 드네요ㅎㅎ.",
        "SentimentWord": "10",
        "SentimentPolarity": "1"
      },
      {
        "Aspect": "디자인",
        "SentimentText": "디자인도 최신형 고급스럽고 맘에 드네요",
        "SentimentWord": "5",
        "SentimentPolarity": "1"
      }
    ]
  },
  {
    "Index": "27608",
    "RawText": "기존 쓰던 김치냉장고가 고장 나서 교체를 했는데.ㅇㅇㅇ 거라서 믿고 사용할 수 있어 좋네요. 가격도 착한 금액으로 잘 산 거 같아서 너무 만족합니다",
    "Source": "쇼핑몰",
    "Domain": "가전",
    "MainCategory": "주방가전",
    "ProductName": "디오스 LG전자 김치톡톡 K416W141 (2022년형)",
    "ReviewScore": "4",
    "Syllable": "82",
    "Word": "22",
    "RDate": "20220830",
    "GeneralPolarity": "1",
    "Aspects": [
      {
        "Aspect": "제조일/제조사",
        "SentimentText": "ㅇㅇㅇ 거라서 믿고 사용할 수 있어 좋네요.",
        "SentimentWord": "7",
        "SentimentPolarity": "1"
      },
      {
        "Aspect": "가격",
        "SentimentText": "착한 금액으로 잘 산 거 같아서 너무 만족합니다",
        "SentimentWord": "8",
        "SentimentPolarity": "1"
      }
    ]
  },
  {
    "Index": "27609",
    "RawText": "정말 주문한지 얼마안되서 바로 배송이 되어서 깜짝 놀랐어요. 빠른배송 좋네요^^. 기존가전이랑 색상 맞추려고 화이트톤으로 주문했는데 너무 잘어울리네요 좋아요! 최신형 제품으로 보내주셔서 감사해요",
    "Source": "쇼핑몰",
    "Domain": "가전",
    "MainCategory": "주방가전",
    "ProductName": "디오스 LG전자 김치톡톡 K416W141 (2022년형)",
    "ReviewScore": "5",
    "Syllable": "108",
    "Word": "22",
    "RDate": "20220719",
    "Aspects": [
      {
        "Aspect": "제조일/제조사",
        "SentimentText": "최신형 제품으로 보내주셔서 감사해요",
        "SentimentWord": "4",
        "SentimentPolarity": "1"
      },
      {
        "Aspect": "색상",
        "SentimentText": "기존가전이랑 색상 맞추려고 화이트톤으로 주문했는데 너무 잘어울리네요 좋아요!",
        "SentimentWord": "8",
        "SentimentPolarity": "1"
      }
    ]
  },
  {
    "Index": "27611",
    "RawText": "배송 정말 빠름빠름..! 생각한거보다 빨리 받아서 좋았어요^^ 재질이 메탈인게 조금 아쉽지만 잘 쓰겠습니다 쿠폰까지 탈탈털어서 아주 싸게 구매했어요",
    "Source": "쇼핑몰",
    "Domain": "가전",
    "MainCategory": "주방가전",
    "ProductName": "디오스 LG전자 김치톡톡 K416W141 (2022년형)",
    "ReviewScore": "5",
    "Syllable": "82",
    "Word": "18",
    "RDate": "20220127",
    "Aspects": [
      {
        "Aspect": "가격",
        "SentimentText": "쿠폰까지 탈탈털어서 아주 싸게 구매했어요",
        "SentimentWord": "5",
        "SentimentPolarity": "1"
      },
      {
        "Aspect": "소재",
        "SentimentText": "재질이 메탈인게 조금 아쉽지만 잘 쓰겠습니다",
        "SentimentWord": "6",
        "SentimentPolarity": "0"
      }
    ]
  },
  {
    "Index": "27612",
    "RawText": "칸을 4칸으로 나눠서 쓸수 있어서 효율적으로 분배할 수 있어 좋아요. 이정도 제품에 이정도 가격이면 너무 잘 산것 같아요. 만족스러워요.",
    "Source": "쇼핑몰",
    "Domain": "가전",
    "MainCategory": "주방가전",
    "ProductName": "디오스 LG전자 김치톡톡 K416W141 (2022년형)",
    "ReviewScore": "5",
    "Syllable": "76",
    "Word": "19",
    "RDate": "20220225",
    "GeneralPolarity": "1",
    "Aspects": [
      {
        "Aspect": "편의성",
        "SentimentText": "칸을 4칸으로 나눠서 쓸수 있어서 효율적으로 분배할 수 있어 좋아요.",
        "SentimentWord": "10",
        "SentimentPolarity": "1"
      },
      {
        "Aspect": "가격",
        "SentimentText": "이정도 제품에 이정도 가격이면 너무 잘 산것 같아요. 만족스러워요.",
        "SentimentWord": "9",
        "SentimentPolarity": "1"
      }
    ]
  },
  {
    "Index": "27613",
    "RawText": "배송이 늦긴 했지만 기사님이 엄청 친절 하셔서 좋았습니다 .색상도 깨끗한 화이트톤이라서 더욱 만족 합니다^^ 디자인이 사진에서 본것처럼 반짝거리지는 않지만 적당히 쓸만하네요",
    "Source": "쇼핑몰",
    "Domain": "가전",
    "MainCategory": "주방가전",
    "ProductName": "디오스 LG전자 김치톡톡 K416W141 (2022년형)",
    "ReviewScore": "4",
    "Syllable": "96",
    "Word": "21",
    "RDate": "20220413",
    "Aspects": [
      {
        "Aspect": "디자인",
        "SentimentText": "디자인이 사진에서 본것처럼 반짝거리지는 않지만 적당히 쓸만하네요",
        "SentimentWord": "7",
        "SentimentPolarity": "0"
      },
      {
        "Aspect": "색상",
        "SentimentText": "색상도 깨끗한 화이트톤이라서 더욱 만족 합니다^^",
        "SentimentWord": "6",
        "SentimentPolarity": "1"
      }
    ]
  },
  {
    "Index": "27615",
    "RawText": "쿨링이며 유산균가드며 냉장 냉동 모드 다 만족스럽습니다. 가전은 역시 이 브랜드 못 따라가는것 같아요. 너무 좋아요",
    "Source": "쇼핑몰",
    "Domain": "가전",
    "MainCategory": "주방가전",
    "ProductName": "디오스 LG전자 김치톡톡 K416W141 (2022년형)",
    "ReviewScore": "4",
    "Syllable": "64",
    "Word": "16",
    "RDate": "20220721",
    "GeneralPolarity": "1",
    "Aspects": [
      {
        "Aspect": "기능",
        "SentimentText": "쿨링이며 유산균가드며 냉장 냉동 모드 다 만족스럽습니다.",
        "SentimentWord": "7",
        "SentimentPolarity": "1"
      },
      {
        "Aspect": "제조일/제조사",
        "SentimentText": "가전은 역시 이 브랜드 못 따라가는것 같아요. 너무 좋아요",
        "SentimentWord": "9",
        "SentimentPolarity": "1"
      }
    ]
  },
  {
    "Index": "27616",
    "RawText": "색깔을 일부러 기존냉장고랑 어울리는 색으로 구매했는데 화이트 톤이 너무 잘 빠져서 좋아요. 문도 4도어라 실용성있어서 더 좋습니다. 제품에 비해 가격도 저렴하게 구입하게 되서 아주 만족스러워요.",
    "Source": "쇼핑몰",
    "Domain": "가전",
    "MainCategory": "주방가전",
    "ProductName": "디오스 LG전자 김치톡톡 K416W141 (2022년형)",
    "ReviewScore": "5",
    "Syllable": "108",
    "Word": "25",
    "RDate": "20220223",
    "GeneralPolarity": "1",
    "Aspects": [
      {
        "Aspect": "색상",
        "SentimentText": "색깔을 일부러 기존냉장고랑 어울리는 색으로 구매했는데 화이트 톤이 너무 잘 빠져서 좋아요.",
        "SentimentWord": "12",
        "SentimentPolarity": "1"
      },
      {
        "Aspect": "편의성",
        "SentimentText": "문도 4도어라 실용성있어서 더 좋습니다.",
        "SentimentWord": "5",
        "SentimentPolarity": "1"
      },
      {
        "Aspect": "가격",
        "SentimentText": "제품에 비해 가격도 저렴하게 구입하게 되서 아주 만족스러워요.",
        "SentimentWord": "8",
        "SentimentPolarity": "1"
      }
    ]
  },
  {
    "Index": "27617",
    "RawText": "생각 외 디자인이  맘에 들어 좋습니다.  설치 기사님들 역시  친절하게 설치까지 해 주셔서 감사했습니다 소재가 매탈이라 튼튼할것 같네요",
    "Source": "쇼핑몰",
    "Domain": "가전",
    "MainCategory": "주방가전",
    "ProductName": "디오스 LG전자 김치톡톡 K416W141 (2022년형)",
    "ReviewScore": "5",
    "Syllable": "76",
    "Word": "18",
    "RDate": "20220725",
    "Aspects": [
      {
        "Aspect": "디자인",
        "SentimentText": "생각 외 디자인이  맘에 들어 좋습니다.",
        "SentimentWord": "6",
        "SentimentPolarity": "1"
      },
      {
        "Aspect": "소재",
        "SentimentText": "소재가 매탈이라 튼튼할것 같네요",
        "SentimentWord": "4",
        "SentimentPolarity": "1"
      }
    ]
  },
  {
    "Index": "27618",
    "RawText": "냉장고 용량은 커서 물건이 많이 들어가니 너무 좋아요. 다만 생각했던거보다 냉장고 크기는 커서 놓으려고 했던 곳에 공간이 모질라서 당황했네요ㅎㅎ",
    "Source": "쇼핑몰",
    "Domain": "가전",
    "MainCategory": "주방가전",
    "ProductName": "디오스 LG전자 김치톡톡 K416W141 (2022년형)",
    "ReviewScore": "4",
    "Syllable": "80",
    "Word": "19",
    "RDate": "20220216",
    "GeneralPolarity": "0",
    "Aspects": [
      {
        "Aspect": "용량",
        "SentimentText": "냉장고 용량은 커서 물건이 많이 들어가니 너무 좋아요",
        "SentimentWord": "8",
        "SentimentPolarity": "1"
      },
      {
        "Aspect": "사이즈",
        "SentimentText": "다만 생각했던거보다 냉장고 크기는 커서 놓으려고 했던 곳에 공간이 모질라서 당황했네요ㅎㅎ",
        "SentimentWord": "11",
        "SentimentPolarity": "0"
      }
    ]
  },
  {
    "Index": "27619",
    "RawText": "지방이라서 그런지 배송은 늦었지만 제조사 기사님께서 배송해 주셔서 좋았습니다. 냉장고도 디자인이 이뻐 너무 만족합니다. 작동후 소음은 살짝 있는데 크게 문제는 안되요",
    "Source": "쇼핑몰",
    "Domain": "가전",
    "MainCategory": "주방가전",
    "ProductName": "디오스 LG전자 김치톡톡 K416W141 (2022년형)",
    "ReviewScore": "5",
    "Syllable": "92",
    "Word": "21",
    "RDate": "20220804",
    "Aspects": [
      {
        "Aspect": "소음",
        "SentimentText": "작동후 소음은 살짝 있는데 크게 문제는 안되요",
        "SentimentWord": "7",
        "SentimentPolarity": "0"
      },
      {
        "Aspect": "디자인",
        "SentimentText": "냉장고도 디자인이 이뻐 너무 만족합니다.",
        "SentimentWord": "5",
        "SentimentPolarity": "1"
      }
    ]
  },
  {
    "Index": "27620",
    "RawText": "집에 있는 냉장고랑 비슷한 계열로 하고 싶어서 화이트색상을 구매했는데 너무 예뻐요^^. 가격도 이정도면 저렴하게 잘 산것 같아 좋네요.",
    "Source": "쇼핑몰",
    "Domain": "가전",
    "MainCategory": "주방가전",
    "ProductName": "디오스 LG전자 김치톡톡 K416W141 (2022년형)",
    "ReviewScore": "5",
    "Syllable": "75",
    "Word": "18",
    "RDate": "20220222",
    "GeneralPolarity": "1",
    "Aspects": [
      {
        "Aspect": "색상",
        "SentimentText": "집에 있는 냉장고랑 비슷한 계열로 하고 싶어서 화이트색상을 구매했는데 너무 예뻐요^^. ",
        "SentimentWord": "11",
        "SentimentPolarity": "1"
      },
      {
        "Aspect": "가격",
        "SentimentText": "가격도 이정도면 저렴하게 잘 산것 같아 좋네요.",
        "SentimentWord": "7",
        "SentimentPolarity": "1"
      }
    ]
  },
  {
    "Index": "27621",
    "RawText": "희망드린 날짜에 맞춰서 배송해주시고 설치해주러 오셔서 너무 좋았어요. 메탈재질이라 그런가 더 고급스럽고 심플하게 빠진거 같아요. 마음에 들어요 사은품까지 챙겨주셔서 너무 감사해요",
    "Source": "쇼핑몰",
    "Domain": "가전",
    "MainCategory": "주방가전",
    "ProductName": "디오스 LG전자 김치톡톡 K416W141 (2022년형)",
    "ReviewScore": "5",
    "Syllable": "99",
    "Word": "21",
    "RDate": "20220624",
    "Aspects": [
      {
        "Aspect": "제품구성",
        "SentimentText": "사은품까지 챙겨주셔서 너무 감사해요",
        "SentimentWord": "4",
        "SentimentPolarity": "1"
      },
      {
        "Aspect": "소재",
        "SentimentText": "메탈재질이라 그런가 더 고급스럽고 심플하게 빠진거 같아요. 마음에 들어요",
        "SentimentWord": "9",
        "SentimentPolarity": "1"
      }
    ]
  },
  {
    "Index": "27622",
    "RawText": "원하는 일자와 시간대에 배송받아 너무 좋았습니다. 쿠폰 할인까지 받아 착한 가격대로 살 수 있어 좋네요~^^ 최고의 제품이라 입소문난 ○○○. 후회없는 선택이네요",
    "Source": "쇼핑몰",
    "Domain": "가전",
    "MainCategory": "주방가전",
    "ProductName": "디오스 LG전자 김치톡톡 K416W141 (2022년형)",
    "ReviewScore": "4",
    "Syllable": "90",
    "Word": "21",
    "RDate": "20220219",
    "Aspects": [
      {
        "Aspect": "제조일/제조사",
        "SentimentText": "최고의 제품이라 입소문난 ○○○. 후회없는 선택이네요",
        "SentimentWord": "6",
        "SentimentPolarity": "1"
      },
      {
        "Aspect": "가격",
        "SentimentText": "쿠폰 할인까지 받아 착한 가격대로 살 수 있어 좋네요~^^",
        "SentimentWord": "9",
        "SentimentPolarity": "1"
      }
    ]
  },
  {
    "Index": "27623",
    "RawText": "안심포장으로 배송 빠르게 받아서 좋았습니다. 합리적인 가격에 저렴히 구입해서 너무 좋아요. 원하는 색상의 제품을 구매해서 만족해요",
    "Source": "쇼핑몰",
    "Domain": "가전",
    "MainCategory": "주방가전",
    "ProductName": "디오스 LG전자 김치톡톡 K416W141 (2022년형)",
    "ReviewScore": "5",
    "Syllable": "72",
    "Word": "16",
    "RDate": "20220312",
    "Aspects": [
      {
        "Aspect": "색상",
        "SentimentText": "원하는 색상의 제품을 구매해서 만족해요",
        "SentimentWord": "5",
        "SentimentPolarity": "1"
      },
      {
        "Aspect": "가격",
        "SentimentText": "합리적인 가격에 저렴히 구입해서 너무 좋아요.",
        "SentimentWord": "6",
        "SentimentPolarity": "1"
      }
    ]
  },
  {
    "Index": "27624",
    "RawText": "무려 4도어 좋은 제품을 저렴한 가격에 구매해서 너무 좋아요. 다만 받아보고나서 재질이 제가 생각했던 유리재질이 아니라 좀 아쉽네요.",
    "Source": "쇼핑몰",
    "Domain": "가전",
    "MainCategory": "주방가전",
    "ProductName": "디오스 LG전자 김치톡톡 K416W141 (2022년형)",
    "ReviewScore": "5",
    "Syllable": "74",
    "Word": "18",
    "RDate": "20220301",
    "GeneralPolarity": "0",
    "Aspects": [
      {
        "Aspect": "가격",
        "SentimentText": "무려 4도어 좋은 제품을 저렴한 가격에 구매해서 너무 좋아요.",
        "SentimentWord": "9",
        "SentimentPolarity": "1"
      },
      {
        "Aspect": "소재",
        "SentimentText": "다만 받아보고나서 재질이 제가 생각했던 유리재질이 아니라 좀 아쉽네요.",
        "SentimentWord": "9",
        "SentimentPolarity": "-1"
      }
    ]
  },
  {
    "Index": "27625",
    "RawText": "주문 후 익일 아침쯤 설치가 와서 당황 했지만 좋았습니다. 근데 설마 했는데 상품에서 사용  흔적을 발견해 기분이 매우 나쁩니다. 그냥 급한대로 쓰고는 있네요 생각보다는 조작법이 쉽지는 않네요. 하루이틀 지나면 편해지겠죠?",
    "Source": "쇼핑몰",
    "Domain": "가전",
    "MainCategory": "주방가전",
    "ProductName": "디오스 LG전자 김치톡톡 K416W141 (2022년형)",
    "ReviewScore": "1",
    "Syllable": "124",
    "Word": "30",
    "RDate": "20220223",
    "Aspects": [
      {
        "Aspect": "조작성",
        "SentimentText": "생각보다는 조작법이 쉽지는 않네요. 하루이틀 지나면 편해지겠죠?",
        "SentimentWord": "7",
        "SentimentPolarity": "0"
      },
      {
        "Aspect": "품질",
        "SentimentText": "사용  흔적을 발견해 기분이 매우 나쁩니다.",
        "SentimentWord": "6",
        "SentimentPolarity": "-1"
      }
    ]
  },
  {
    "Index": "27626",
    "RawText": "할인해서 샀음에도 불구하고 주문하고 하루만에 가격이 떨어져서 좀 씁쓸했지만 나름 잘산것 같아요. 배송도 빨랐고 제품도 빠르게 설치해주셔서 좋았습니다. 작동후에 걱정했던 소음은 전혀 문제가 안되네요",
    "Source": "쇼핑몰",
    "Domain": "가전",
    "MainCategory": "주방가전",
    "ProductName": "디오스 LG전자 김치톡톡 K416W141 (2022년형)",
    "ReviewScore": "4",
    "Syllable": "109",
    "Word": "24",
    "RDate": "20220219",
    "Aspects": [
      {
        "Aspect": "가격",
        "SentimentText": "할인해서 샀음에도 불구하고 주문하고 하루만에 가격이 떨어져서 좀 씁쓸했지만 나름 잘산것 같아요.",
        "SentimentWord": "12",
        "SentimentPolarity": "0"
      },
      {
        "Aspect": "소음",
        "SentimentText": "작동후에 걱정했던 소음은 전혀 문제가 안되네요",
        "SentimentWord": "6",
        "SentimentPolarity": "1"
      }
    ]
  },
  {
    "Index": "27627",
    "RawText": "설치하러 오신 기사분이 기존 폐가전 수거도 해주셔서 너무 좋았어요. 김치냉장고라 그런가 확실히 일반 기존 냉장고보다 사이즈가 작아서 공간이 생겨 보기싫네요. 내부용량은 의외로 커서 김치통들이 많이 들어가요",
    "Source": "쇼핑몰",
    "Domain": "가전",
    "MainCategory": "주방가전",
    "ProductName": "디오스 LG전자 김치톡톡 K416W141 (2022년형)",
    "ReviewScore": "5",
    "Syllable": "114",
    "Word": "26",
    "RDate": "20220304",
    "Aspects": [
      {
        "Aspect": "용량",
        "SentimentText": "내부용량은 의외로 커서 김치통들이 많이 들어가요",
        "SentimentWord": "6",
        "SentimentPolarity": "1"
      },
      {
        "Aspect": "사이즈",
        "SentimentText": "김치냉장고라 그런가 확실히 일반 기존 냉장고보다 사이즈가 작아서 공간이 생겨 보기싫네요.",
        "SentimentWord": "11",
        "SentimentPolarity": "0"
      }
    ]
  },
  {
    "Index": "27628",
    "RawText": "배송도 빠르고 기사님도 친절해서 좋았습니다. 냉장고 안에 용기도 꽉꽉 14개 채워져서 와서 너무 좋았어요^^ 소비전력이 1등급이라 전기세걱정없이 완전 굿이에요",
    "Source": "쇼핑몰",
    "Domain": "가전",
    "MainCategory": "주방가전",
    "ProductName": "딤채 위니아 EDL12GFTRS (2022년형)",
    "ReviewScore": "5",
    "Syllable": "88",
    "Word": "19",
    "RDate": "20211230",
    "Aspects": [
      {
        "Aspect": "소비전력",
        "SentimentText": "소비전력이 1등급이라 전기세걱정없이 완전 굿이에요",
        "SentimentWord": "5",
        "SentimentPolarity": "1"
      },
      {
        "Aspect": "제품구성",
        "SentimentText": "냉장고 안에 용기도 꽉꽉 14개 채워져서 와서 너무 좋았어요^^",
        "SentimentWord": "9",
        "SentimentPolarity": "1"
      }
    ]
  },
  {
    "Index": "27630",
    "RawText": "어머님댁에 추가 김치냉장고 필요해서 구매했는데 받아보니 사이즈도 엄청 크지도 않고 적당해서 좋네요. 가격도 이정도면 합리적으로 한것 같아 마음에 듭니다. 잘 구매했네요.",
    "Source": "쇼핑몰",
    "Domain": "가전",
    "MainCategory": "주방가전",
    "ProductName": "딤채 위니아 EDL12GFTRS (2022년형)",
    "ReviewScore": "5",
    "Syllable": "94",
    "Word": "21",
    "RDate": "20211210",
    "GeneralPolarity": "1",
    "Aspects": [
      {
        "Aspect": "사이즈",
        "SentimentText": "어머님댁에 추가 김치냉장고 필요해서 구매했는데 받아보니 사이즈도 엄청 크지도 않고 적당해서 좋네요.",
        "SentimentWord": "12",
        "SentimentPolarity": "1"
      },
      {
        "Aspect": "가격",
        "SentimentText": "가격도 이정도면 합리적으로 한것 같아 마음에 듭니다. 잘 구매했네요.",
        "SentimentWord": "9",
        "SentimentPolarity": "1"
      }
    ]
  },
  {
    "Index": "27631",
    "RawText": "고민하다가 구입했는데 냉장고 크기도 적절하니 좋네요. 기능은 말할것도 없이 김치맛도 아주 잘 익혀서 맛있게 먹고있네요^^",
    "Source": "쇼핑몰",
    "Domain": "가전",
    "MainCategory": "주방가전",
    "ProductName": "딤채 위니아 EDL12GFTRS (2022년형)",
    "ReviewScore": "5",
    "Syllable": "67",
    "Word": "15",
    "RDate": "20220518",
    "GeneralPolarity": "1",
    "Aspects": [
      {
        "Aspect": "사이즈",
        "SentimentText": "고민하다가 구입했는데 냉장고 크기도 적절하니 좋네요.",
        "SentimentWord": "6",
        "SentimentPolarity": "1"
      },
      {
        "Aspect": "기능",
        "SentimentText": "기능은 말할것도 없이 김치맛도 아주 잘 익혀서 맛있게 먹고있네요^^",
        "SentimentWord": "9",
        "SentimentPolarity": "1"
      }
    ]
  },
  {
    "Index": "27632",
    "RawText": "이 냉장고를 저렴한 가격에 사서 너무 좋아요^^! 원래 배송해주시기로 한 날짜가 있었는데 김치가 익어서 걱정이다 연락드렸더니 원래보다 훨씬 빠르게 땡겨서 배송해주셔서 감동받았습니다! 냉기가 오래도록 지속되는게 기능도 탁월하네요",
    "Source": "쇼핑몰",
    "Domain": "가전",
    "MainCategory": "주방가전",
    "ProductName": "딤채 위니아 EDL12GFTRS (2022년형)",
    "ReviewScore": "5",
    "Syllable": "126",
    "Word": "27",
    "RDate": "20220103",
    "Aspects": [
      {
        "Aspect": "가격",
        "SentimentText": "이 냉장고를 저렴한 가격에 사서 너무 좋아요^^!",
        "SentimentWord": "7",
        "SentimentPolarity": "1"
      },
      {
        "Aspect": "기능",
        "SentimentText": "냉기가 오래도록 지속되는게 기능도 탁월하네요",
        "SentimentWord": "5",
        "SentimentPolarity": "1"
      }
    ]
  },
  {
    "Index": "27635",
    "RawText": "냉장고 사이즈가 크면 어쩌나했는데 사이즈 너무 딱 좋게 나왔어요 예뻐요. 모양도 예쁘게 빠지고 디자인 정말 깔끔하네요. 저렴한 가격에 좋은제품 잘 구입해서 너무 좋아요.",
    "Source": "쇼핑몰",
    "Domain": "가전",
    "MainCategory": "주방가전",
    "ProductName": "딤채 위니아 EDL12GFTRS (2022년형)",
    "ReviewScore": "5",
    "Syllable": "94",
    "Word": "23",
    "RDate": "20211221",
    "GeneralPolarity": "1",
    "Aspects": [
      {
        "Aspect": "사이즈",
        "SentimentText": "냉장고 사이즈가 크면 어쩌나했는데 사이즈 너무 딱 좋게 나왔어요 예뻐요.",
        "SentimentWord": "10",
        "SentimentPolarity": "1"
      },
      {
        "Aspect": "디자인",
        "SentimentText": "모양도 예쁘게 빠지고 디자인 정말 깔끔하네요.",
        "SentimentWord": "6",
        "SentimentPolarity": "1"
      },
      {
        "Aspect": "가격",
        "SentimentText": "저렴한 가격에 좋은제품 잘 구입해서 너무 좋아요.",
        "SentimentWord": "7",
        "SentimentPolarity": "1"
      }
    ]
  },
  {
    "Index": "27637",
    "RawText": "김치를 많이 안 먹는 편이라서 소형 김치냉장고로 바꾸니 용량이 딱!쓰기 좋습니다. 요즘 스텐드형이 가격이 너무 비싼편이라서 망설려는데 적당한 금액 찾아 좋고  사이즈도 크지 않아  덜 부담스러워 아주 만족 합니다 적합한 제품을 찾게 되어 좋습니다.",
    "Source": "쇼핑몰",
    "Domain": "가전",
    "MainCategory": "주방가전",
    "ProductName": "딤채 위니아 EDL12GFTRS (2022년형)",
    "ReviewScore": "4",
    "Syllable": "138",
    "Word": "34",
    "RDate": "20211227",
    "GeneralPolarity": "1",
    "Aspects": [
      {
        "Aspect": "용량",
        "SentimentText": "소형 김치냉장고로 바꾸니 용량이 딱!쓰기  좋습니다.",
        "SentimentWord": "6",
        "SentimentPolarity": "1"
      },
      {
        "Aspect": "가격",
        "SentimentText": "가격이 너무 비싼편이라서 망설려는데 적당한 금액 찾아 좋고   ",
        "SentimentWord": "8",
        "SentimentPolarity": "1"
      },
      {
        "Aspect": "사이즈",
        "SentimentText": "사이즈도 크지 않아  덜 부담스러워 아주 만족 합니다 ",
        "SentimentWord": "8",
        "SentimentPolarity": "1"
      }
    ]
  },
  {
    "Index": "27638",
    "RawText": "디자인이 깜찍하니 너무 좋아요. 잘나왔어요. 생각한거보다 내부가 넓어서 김치가 많이 들어가서 좋네요. 만족스러워요",
    "Source": "쇼핑몰",
    "Domain": "가전",
    "MainCategory": "주방가전",
    "ProductName": "딤채 위니아 EDL12GFTRS (2022년형)",
    "ReviewScore": "5",
    "Syllable": "63",
    "Word": "13",
    "RDate": "20211209",
    "GeneralPolarity": "1",
    "Aspects": [
      {
        "Aspect": "디자인",
        "SentimentText": "디자인이 깜찍하니 너무 좋아요. 잘나왔어요.",
        "SentimentWord": "5",
        "SentimentPolarity": "1"
      },
      {
        "Aspect": "용량",
        "SentimentText": "생각한거보다 내부가 넓어서 김치가 많이 들어가서 좋네요. 만족스러워요",
        "SentimentWord": "8",
        "SentimentPolarity": "1"
      }
    ]
  },
  {
    "Index": "27639",
    "RawText": "냉장고가 크지도 않고 적당해서 너무 좋아요. 디자인도 깔끔하고 심플하게 나와서 좋네요^^",
    "Source": "쇼핑몰",
    "Domain": "가전",
    "MainCategory": "주방가전",
    "ProductName": "딤채 위니아 EDL12GFTRS (2022년형)",
    "ReviewScore": "5",
    "Syllable": "49",
    "Word": "11",
    "RDate": "20220326",
    "GeneralPolarity": "1",
    "Aspects": [
      {
        "Aspect": "사이즈",
        "SentimentText": "냉장고가 크지도 않고 적당해서 너무 좋아요.",
        "SentimentWord": "6",
        "SentimentPolarity": "1"
      },
      {
        "Aspect": "디자인",
        "SentimentText": "디자인도 깔끔하고 심플하게 나와서 좋네요^^",
        "SentimentWord": "5",
        "SentimentPolarity": "1"
      }
    ]
  },
  {
    "Index": "27640",
    "RawText": "엄마집에 선물로 드렸는데 색상이 아주 예쁘다고 좋아하시네요^^. 냉장고 사이즈도 혼자쓰기엔 적당하다고 아담하니 마음에 드신다니 기분이 좋네요.",
    "Source": "쇼핑몰",
    "Domain": "가전",
    "MainCategory": "주방가전",
    "ProductName": "딤채 위니아 EDL12GFTRS (2022년형)",
    "ReviewScore": "5",
    "Syllable": "79",
    "Word": "16",
    "RDate": "20211211",
    "GeneralPolarity": "1",
    "Aspects": [
      {
        "Aspect": "색상",
        "SentimentText": "엄마집에 선물로 드렸는데 색상이 아주 예쁘다고 좋아하시네요^^.",
        "SentimentWord": "7",
        "SentimentPolarity": "1"
      },
      {
        "Aspect": "사이즈",
        "SentimentText": "냉장고 사이즈도 혼자쓰기엔 적당하다고 아담하니 마음에 드신다니 기분이 좋네요.",
        "SentimentWord": "9",
        "SentimentPolarity": "1"
      }
    ]
  },
  {
    "Index": "27644",
    "RawText": "냉장고가 급하게 필요해서 주문했는데 배송이 2주넘어서 도착해서 최악이네요. 배송 지연문제때문에 전화했더니 응대도 전혀 친절하지 않고 불쾌했습니다. 가격이 생각보다 비싸서 한참을 망설였네요.ㅠㅠ 작동후 소음도 참을수 없어 고장 의심중이에요",
    "Source": "쇼핑몰",
    "Domain": "가전",
    "MainCategory": "주방가전",
    "ProductName": "딤채 위니아 EDL12GFTRS (2022년형)",
    "ReviewScore": "1",
    "Syllable": "132",
    "Word": "27",
    "RDate": "20220816",
    "Aspects": [
      {
        "Aspect": "가격",
        "SentimentText": "가격이 생각보다 비싸서 한참을 망설였네요.ㅠㅠ",
        "SentimentWord": "5",
        "SentimentPolarity": "-1"
      },
      {
        "Aspect": "소음",
        "SentimentText": "작동후 소음도 참을수 없어 고장 의심중이에요",
        "SentimentWord": "6",
        "SentimentPolarity": "-1"
      }
    ]
  },
  {
    "Index": "27645",
    "RawText": "배송도 빠르고 설치기사님 정말 친절하게 설치해주시고 가셔서 좋았네요. 냉장고 내부 용량도 생각보다 넓어서 김치 많이 넣을 수 있어 좋아요. 설치할때 사이즈가 커서 든든하네요",
    "Source": "쇼핑몰",
    "Domain": "가전",
    "MainCategory": "주방가전",
    "ProductName": "딤채 위니아 EDL12GFTRS (2022년형)",
    "ReviewScore": "5",
    "Syllable": "96",
    "Word": "23",
    "RDate": "20220621",
    "Aspects": [
      {
        "Aspect": "사이즈",
        "SentimentText": "설치할때 사이즈가 커서 든든하네요",
        "SentimentWord": "4",
        "SentimentPolarity": "1"
      },
      {
        "Aspect": "용량",
        "SentimentText": "냉장고 내부 용량도 생각보다 넓어서 김치 많이 넣을 수 있어 좋아요.",
        "SentimentWord": "11",
        "SentimentPolarity": "1"
      }
    ]
  },
  {
    "Index": "27646",
    "RawText": "배송은 생각한것보다 빨리 와서 좋았어요. 받아서 사용해보는데 자꾸 한쪽 벽에만 성에가 생기는데 그거 말고는 다른건 다 마음에 듭니다. 딱 필요한 기능만 있어서 마음에 드네요",
    "Source": "쇼핑몰",
    "Domain": "가전",
    "MainCategory": "주방가전",
    "ProductName": "딤채 위니아 EDL12GFTRS (2022년형)",
    "ReviewScore": "4",
    "Syllable": "96",
    "Word": "24",
    "RDate": "20211217",
    "Aspects": [
      {
        "Aspect": "기능",
        "SentimentText": "딱 필요한 기능만 있어서 마음에 드네요",
        "SentimentWord": "6",
        "SentimentPolarity": "1"
      },
      {
        "Aspect": "품질",
        "SentimentText": "받아서 사용해보는데 자꾸 한쪽 벽에만 성에가 생기는데 그거 말고는 다른건 다 마음에 듭니다.",
        "SentimentWord": "13",
        "SentimentPolarity": "0"
      }
    ]
  },
  {
    "Index": "27647",
    "RawText": "배송이 엄청 빨랐고 오전 설치까지 해주셔서 좋았습니다. 코드 꼽고 사용해 보니 역시 뚜껑형이 저랑 맞는 것 같아 좋습니다. 일주일 사용해보니 신세계에요. 기능에 반했어요",
    "Source": "쇼핑몰",
    "Domain": "가전",
    "MainCategory": "주방가전",
    "ProductName": "딤채 위니아 EDL12GFTRS (2022년형)",
    "ReviewScore": "5",
    "Syllable": "94",
    "Word": "23",
    "RDate": "20220329",
    "Aspects": [
      {
        "Aspect": "기능",
        "SentimentText": "일주일 사용해보니 신세계에요. 기능에 반했어요",
        "SentimentWord": "5",
        "SentimentPolarity": "1"
      },
      {
        "Aspect": "편의성",
        "SentimentText": "사용해 보니 역시 뚜껑형이 저랑 맞는 것 같아 좋습니다.",
        "SentimentWord": "9",
        "SentimentPolarity": "1"
      }
    ]
  }
]