[
  {
    "Index": "8129",
    "RawText": "회전력이 약하네요 싼맛에 산거지만 좀 효용가치가 떨어지네요",
    "Source": "SNS",
    "Domain": "가전",
    "MainCategory": "주방가전",
    "ProductName": "퀸메이드 쥬시 블랜더",
    "ReviewScore": "60",
    "Syllable": "32",
    "Word": "7",
    "RDate": "20210625",
    "GeneralPolarity": "-1",
    "Aspects": [
      {
        "Aspect": "기능",
        "SentimentText": "회전력이 약하네요",
        "SentimentWord": "2",
        "SentimentPolarity": "-1"
      },
      {
        "Aspect": "가격",
        "SentimentText": "싼맛에 산거지만 좀 효용가치가 떨어지네요",
        "SentimentWord": "5",
        "SentimentPolarity": "-1"
      }
    ]
  },
  {
    "Index": "8130",
    "RawText": "배송빠르고, 원하던 제품을 좋은가격에 살수있어서 좋네요. 거기에 플러스로 잘게 다져주는 기능에 넋이 나갔어요~",
    "Source": "SNS",
    "Domain": "가전",
    "MainCategory": "주방가전",
    "ProductName": "퀸메이드 트위스트킹 다지기",
    "ReviewScore": "100",
    "Syllable": "61",
    "Word": "13",
    "RDate": "20210702",
    "Aspects": [
      {
        "Aspect": "기능",
        "SentimentText": "거기에 플러스로 잘게 다져주는 기능에 넋이 나갔어요~",
        "SentimentWord": "7",
        "SentimentPolarity": "1"
      },
      {
        "Aspect": "가격",
        "SentimentText": "원하던 제품을 좋은가격에 살수있어서 좋네요.",
        "SentimentWord": "5",
        "SentimentPolarity": "1"
      }
    ]
  },
  {
    "Index": "8131",
    "RawText": "쉽고 빠르고 곱게 잘 갈림니다  용기가 유리라 좋은데 원터치가 자동이 아니라 좀 아쉽고 끼워서 하는건지 고정이안되서 조금 불안정",
    "Source": "SNS",
    "Domain": "가전",
    "MainCategory": "주방가전",
    "ProductName": "키친아트 1L 멀티다지기 KAC-1320L 커터 마늘 양념",
    "ReviewScore": "100",
    "Syllable": "71",
    "Word": "18",
    "RDate": "20190323",
    "GeneralPolarity": "0",
    "Aspects": [
      {
        "Aspect": "편의성",
        "SentimentText": "쉽고 빠르고 곱게 잘 갈림니다",
        "SentimentWord": "5",
        "SentimentPolarity": "1"
      },
      {
        "Aspect": "소재",
        "SentimentText": "용기가 유리라 좋은데 원터치가 자동이 아니라 좀 아쉽고",
        "SentimentWord": "8",
        "SentimentPolarity": "0"
      },
      {
        "Aspect": "품질",
        "SentimentText": "끼워서 하는건지 고정이안되서 조금 불안정",
        "SentimentWord": "5",
        "SentimentPolarity": "0"
      }
    ]
  },
  {
    "Index": "8132",
    "RawText": "같은모델 집에서 사용하고있는데 사무실서쓰려고 재구매합니다~ 역시 OO제품 칼라 ㆍ디자인넘좋아요^^",
    "Source": "SNS",
    "Domain": "가전",
    "MainCategory": "주방가전",
    "ProductName": "키친아트 내열방지 무선 전기주전자 1.2L",
    "ReviewScore": "100",
    "Syllable": "54",
    "Word": "9",
    "RDate": "20210926",
    "GeneralPolarity": "1",
    "Aspects": [
      {
        "Aspect": "제조일/제조사",
        "SentimentText": "같은모델 집에서 사용하고있는데 사무실서쓰려고 재구매합니다~ 역시 OO제품",
        "SentimentWord": "7",
        "SentimentPolarity": "1"
      },
      {
        "Aspect": "색상",
        "SentimentText": "칼라 ㆍ디자인넘좋아요^^",
        "SentimentWord": "2",
        "SentimentPolarity": "1"
      },
      {
        "Aspect": "디자인",
        "SentimentText": "디자인넘좋아요^^",
        "SentimentWord": "1",
        "SentimentPolarity": "1"
      }
    ]
  },
  {
    "Index": "8133",
    "RawText": "디자인예뽀고 종아요 조금가볍고 물안어얼마만큼있는지 확인안되어조금아싑네요",
    "Source": "SNS",
    "Domain": "가전",
    "MainCategory": "주방가전",
    "ProductName": "키친아트 드립포트/무선포트/1.2리터/전기주전자 KK-D125W",
    "ReviewScore": "100",
    "Syllable": "39",
    "Word": "5",
    "RDate": "20211226",
    "GeneralPolarity": "0",
    "Aspects": [
      {
        "Aspect": "디자인",
        "SentimentText": "디자인예뽀고 종아요",
        "SentimentWord": "2",
        "SentimentPolarity": "1"
      },
      {
        "Aspect": "무게",
        "SentimentText": "조금가볍고 물안어얼마만큼있는지 확인안되어조금아싑네요",
        "SentimentWord": "3",
        "SentimentPolarity": "0"
      }
    ]
  },
  {
    "Index": "8134",
    "RawText": "색깔과 디자인 만족해요. 특히 주둥이 부분이 날렵해서 예뻐요",
    "Source": "SNS",
    "Domain": "가전",
    "MainCategory": "주방가전",
    "ProductName": "키친아트 드립포트/무선포트/1.2리터/전기주전자 KK-D125W",
    "ReviewScore": "100",
    "Syllable": "33",
    "Word": "8",
    "RDate": "20210716",
    "GeneralPolarity": "1",
    "Aspects": [
      {
        "Aspect": "색상",
        "SentimentText": "색깔과 디자인 만족해요",
        "SentimentWord": "3",
        "SentimentPolarity": "1"
      },
      {
        "Aspect": "디자인",
        "SentimentText": " 디자인 만족해요. 특히 주둥이 부분이 날렵해서 예뻐요",
        "SentimentWord": "7",
        "SentimentPolarity": "1"
      }
    ]
  },
  {
    "Index": "8135",
    "RawText": "우아하게 핸드드립해서 원두커피  분위기있게 마셨네요 ^^ 성능이 넘 맘에 들어요~~ 색도 모양도 맘에 들어요ㅎ",
    "Source": "SNS",
    "Domain": "가전",
    "MainCategory": "주방가전",
    "ProductName": "키친아트 드립포트/무선포트/1.2리터/전기주전자 KK-D125W",
    "ReviewScore": "100",
    "Syllable": "61",
    "Word": "14",
    "RDate": "20200330",
    "GeneralPolarity": "1",
    "Aspects": [
      {
        "Aspect": "기능",
        "SentimentText": "우아하게 핸드드립해서 원두커피  분위기있게 마셨네요 ^^성능이 넘 맘에 들어요~~",
        "SentimentWord": "9",
        "SentimentPolarity": "1"
      },
      {
        "Aspect": "색상",
        "SentimentText": "색도 모양도 맘에 들어요 ㅎ",
        "SentimentWord": "5",
        "SentimentPolarity": "1"
      },
      {
        "Aspect": "디자인",
        "SentimentText": "모양도 맘에 들어요ㅎ",
        "SentimentWord": "3",
        "SentimentPolarity": "1"
      }
    ]
  },
  {
    "Index": "8136",
    "RawText": "중고를 보냈나요? 포트본체와 유리뚜껑 표면에 잔흠집도 여러곳 있고 프라스틱 부분은 사출 이바리 정리 또한 전혀 되어있지를 않네요. 싼 맛에 샀는데 싼게 비지떡이라고... 다시는 이런 싸구려는 사지 않으렵니다.",
    "Source": "SNS",
    "Domain": "가전",
    "MainCategory": "주방가전",
    "ProductName": "키친아트 라면포트/멀티포트/전기포트/블루 KAMP-B600YL",
    "ReviewScore": "20",
    "Syllable": "116",
    "Word": "27",
    "RDate": "20191125",
    "GeneralPolarity": "-1",
    "Aspects": [
      {
        "Aspect": "품질",
        "SentimentText": "포트본체와 유리뚜껑 표면에 잔흠집도 여러곳 있고 프라스틱 부분은 사출 이바리 정리 또한 전혀 되어있지를 않네요.",
        "SentimentWord": "15",
        "SentimentPolarity": "-1"
      },
      {
        "Aspect": "가격",
        "SentimentText": "싼 맛에 샀는데 싼게 비지떡이라고... 다시는 이런 싸구려는 사지 않으렵니다.",
        "SentimentWord": "10",
        "SentimentPolarity": "-1"
      }
    ]
  },
  {
    "Index": "8137",
    "RawText": "가계에서  사용할려고   샀습니다     초록색이  봄을  알려주는것같아  기분도좋고     안이 스텐이라   깔끔합니다",
    "Source": "SNS",
    "Domain": "가전",
    "MainCategory": "주방가전",
    "ProductName": "키친아트 루시아 무선 전기주전자 1.8L KAK-1618 무선포트",
    "ReviewScore": "100",
    "Syllable": "67",
    "Word": "10",
    "RDate": "20200304",
    "GeneralPolarity": "1",
    "Aspects": [
      {
        "Aspect": "색상",
        "SentimentText": "초록색이  봄을  알려주는것같아  기분도좋고 ",
        "SentimentWord": "4",
        "SentimentPolarity": "1"
      },
      {
        "Aspect": "소재",
        "SentimentText": "안이 스텐이라   깔끔합니다",
        "SentimentWord": "3",
        "SentimentPolarity": "1"
      }
    ]
  },
  {
    "Index": "8138",
    "RawText": "라면 2개 충분히 넘치지않고 끓일수 있겠네요 적립금으로 싸게  잘 샀네요",
    "Source": "SNS",
    "Domain": "가전",
    "MainCategory": "주방가전",
    "ProductName": "키친아트 루시아 무선포트 멀티포트 1.8L KT-1688D 라면포트",
    "ReviewScore": "100",
    "Syllable": "40",
    "Word": "10",
    "RDate": "20200201",
    "GeneralPolarity": "1",
    "Aspects": [
      {
        "Aspect": "용량",
        "SentimentText": "라면 2개 충분히 넘치지않고 끓일수 있겠네요",
        "SentimentWord": "6",
        "SentimentPolarity": "1"
      },
      {
        "Aspect": "가격",
        "SentimentText": "적립금으로 싸게  잘 샀네요",
        "SentimentWord": "4",
        "SentimentPolarity": "1"
      }
    ]
  },
  {
    "Index": "8139",
    "RawText": "사이즈가 작은데 달걀이 많이 삶아지네요. 내구성이 떨어질까 염려는 되지만 가격이 워낙 좋아서요.",
    "Source": "SNS",
    "Domain": "가전",
    "MainCategory": "주방가전",
    "ProductName": "키친아트 멀티 스티머 찜기 2단",
    "ReviewScore": "60",
    "Syllable": "53",
    "Word": "12",
    "RDate": "20210811",
    "GeneralPolarity": "1",
    "Aspects": [
      {
        "Aspect": "사이즈",
        "SentimentText": "사이즈가 작은데 달걀이 많이 삶아지네요.",
        "SentimentWord": "5",
        "SentimentPolarity": "1"
      },
      {
        "Aspect": "내구성",
        "SentimentText": "내구성이 떨어질까 염려는 되지만 ",
        "SentimentWord": "4",
        "SentimentPolarity": "0"
      },
      {
        "Aspect": "가격",
        "SentimentText": " 가격이 워낙 좋아서요.",
        "SentimentWord": "3",
        "SentimentPolarity": "1"
      }
    ]
  },
  {
    "Index": "8140",
    "RawText": "작고 OOO이며   디자인이 깔끔해서 구매픽 했어요 역쉬 OOO였어요. 달걀도 양배추찜도 만두도 간편하게 쪄 맛나게 먹었습니다 연휴가 끼여 좀기다렸지만 기다린만큼의 보람 있습니다 최고예요",
    "Source": "SNS",
    "Domain": "가전",
    "MainCategory": "주방가전",
    "ProductName": "키친아트 멀티 스티머 찜기 2단",
    "ReviewScore": "100",
    "Syllable": "104",
    "Word": "22",
    "RDate": "20211010",
    "Aspects": [
      {
        "Aspect": "디자인",
        "SentimentText": "디자인이 깔끔해서 구매픽 했어요",
        "SentimentWord": "4",
        "SentimentPolarity": "1"
      },
      {
        "Aspect": "편의성",
        "SentimentText": "만두도 간편하게 쪄 맛나게 먹었습니다",
        "SentimentWord": "5",
        "SentimentPolarity": "1"
      }
    ]
  },
  {
    "Index": "8141",
    "RawText": "oo 제품은 믿고 구매 하는 상품인데 무선 핸드 블렌더는 정말 좋네요 무게도 가벼워서 쓰기가 편해요 가격도 저렴하고요",
    "Source": "SNS",
    "Domain": "가전",
    "MainCategory": "주방가전",
    "ProductName": "키친아트 무선 핸드블랜더",
    "ReviewScore": "100",
    "Syllable": "65",
    "Word": "17",
    "RDate": "20211215",
    "GeneralPolarity": "1",
    "Aspects": [
      {
        "Aspect": "제조일/제조사",
        "SentimentText": "oo 제품은 믿고 구매 하는 상품인데 무선 핸드 블렌더는 정말 좋네요",
        "SentimentWord": "11",
        "SentimentPolarity": "1"
      },
      {
        "Aspect": "무게",
        "SentimentText": "무게도 가벼워서 쓰기가 편해요",
        "SentimentWord": "4",
        "SentimentPolarity": "1"
      },
      {
        "Aspect": "가격",
        "SentimentText": "가격도 저렴하고요",
        "SentimentWord": "2",
        "SentimentPolarity": "1"
      }
    ]
  },
  {
    "Index": "8142",
    "RawText": "가열시 빛으로 알림을 주니 아이디어가 좋습니다 유리라서 가열상태를 고스라니 볼 수 있어 더욱 좋습니다 잘 쓰고 있습니다 ",
    "Source": "SNS",
    "Domain": "가전",
    "MainCategory": "주방가전",
    "ProductName": "키친아트 무선포트/유리포트/1.7리터 KAEK-C17",
    "ReviewScore": "80",
    "Syllable": "67",
    "Word": "17",
    "RDate": "20210301",
    "GeneralPolarity": "1",
    "Aspects": [
      {
        "Aspect": "소비전력",
        "SentimentText": "가열시 빛으로 알림을 주니 아이디어가 좋습니다",
        "SentimentWord": "6",
        "SentimentPolarity": "1"
      },
      {
        "Aspect": "소재",
        "SentimentText": "유리라서 가열상태를 고스라니 볼 수 있어 더욱 좋습니다",
        "SentimentWord": "8",
        "SentimentPolarity": "1"
      }
    ]
  },
  {
    "Index": "8143",
    "RawText": "작동 잘 돼요 막 끓였을 땐 손잡이가 좀 뜨겁습니다ㅠㅠ",
    "Source": "SNS",
    "Domain": "가전",
    "MainCategory": "주방가전",
    "ProductName": "키친아트 무선포트/전기포트/1.5리터 KAEK-A1500FT",
    "ReviewScore": "100",
    "Syllable": "30",
    "Word": "9",
    "RDate": "20210819",
    "GeneralPolarity": "0",
    "Aspects": [
      {
        "Aspect": "조작성",
        "SentimentText": "작동 잘 돼요",
        "SentimentWord": "3",
        "SentimentPolarity": "1"
      },
      {
        "Aspect": "품질",
        "SentimentText": "막 끓였을 땐 손잡이가 좀 뜨겁습니다ㅠㅠ",
        "SentimentWord": "6",
        "SentimentPolarity": "-1"
      }
    ]
  },
  {
    "Index": "8144",
    "RawText": "디자인,색상,재질,쓰임새 모두 대만족입니다~  아주 잘 사용하고 있어요~~",
    "Source": "SNS",
    "Domain": "가전",
    "MainCategory": "주방가전",
    "ProductName": "키친아트 무선포트/커피포트/1.2리터/전기주전자 KK-121W",
    "ReviewScore": "100",
    "Syllable": "41",
    "Word": "7",
    "RDate": "20190417",
    "GeneralPolarity": "1",
    "Aspects": [
      {
        "Aspect": "디자인",
        "SentimentText": "디자인,색상,재질,쓰임새 모두 대만족입니다~  ",
        "SentimentWord": "3",
        "SentimentPolarity": "1"
      },
      {
        "Aspect": "색상",
        "SentimentText": "색상,재질,쓰임새 모두 대만족입니다~",
        "SentimentWord": "3",
        "SentimentPolarity": "1"
      },
      {
        "Aspect": "소재",
        "SentimentText": "재질,쓰임새 모두 대만족입니다~",
        "SentimentWord": "3",
        "SentimentPolarity": "1"
      },
      {
        "Aspect": "편의성",
        "SentimentText": "쓰임새 모두 대만족입니다~",
        "SentimentWord": "3",
        "SentimentPolarity": "1"
      },
      {
        "Aspect": "편의성",
        "SentimentText": "아주 잘 사용하고 있어요~~",
        "SentimentWord": "4",
        "SentimentPolarity": "1"
      }
    ]
  },
  {
    "Index": "8145",
    "RawText": "모양도 색상도 사진 그대로 귀엽고 이쁩니다. 뚜껑이 일체형 아닌것이 좀...그렇지만 물넣고 뚜껑닫고 한번 돌려줘야 합니다.(잠금) 아님 뜨거운 물 부을때 뚜껑이 빠져 나옵니다. ",
    "Source": "SNS",
    "Domain": "가전",
    "MainCategory": "주방가전",
    "ProductName": "키친아트 무선포트/커피포트/1.2리터/전기주전자 KK-121W",
    "ReviewScore": "100",
    "Syllable": "99",
    "Word": "22",
    "RDate": "20210331",
    "Aspects": [
      {
        "Aspect": "디자인",
        "SentimentText": "모양도 색상도 사진 그대로 귀엽고 이쁩니다.",
        "SentimentWord": "6",
        "SentimentPolarity": "1"
      },
      {
        "Aspect": "제품구성",
        "SentimentText": "뚜껑이 일체형 아닌것이 좀...그렇지만",
        "SentimentWord": "4",
        "SentimentPolarity": "0"
      },
      {
        "Aspect": "색상",
        "SentimentText": "색상도 사진 그대로 귀엽고 이쁩니다.",
        "SentimentWord": "5",
        "SentimentPolarity": "1"
      }
    ]
  },
  {
    "Index": "8146",
    "RawText": "너무크지않아 정수기에서 바로물을받을수도있고 디자인예뻐서 인테리어효과도있어요",
    "Source": "SNS",
    "Domain": "가전",
    "MainCategory": "주방가전",
    "ProductName": "키친아트 무선포트/커피포트/1.2리터/전기주전자 KK-122W",
    "ReviewScore": "100",
    "Syllable": "41",
    "Word": "5",
    "RDate": "20210216",
    "GeneralPolarity": "1",
    "Aspects": [
      {
        "Aspect": "사이즈",
        "SentimentText": "너무크지않아 정수기에서 바로물을받을수도있고 ",
        "SentimentWord": "3",
        "SentimentPolarity": "1"
      },
      {
        "Aspect": "디자인",
        "SentimentText": "디자인예뻐서 인테리어효과도있어요",
        "SentimentWord": "2",
        "SentimentPolarity": "1"
      }
    ]
  },
  {
    "Index": "8147",
    "RawText": "튼튼한 거 같아요. 근데 실수로 고장나서 사용  못하고 있어요 ㅠ",
    "Source": "SNS",
    "Domain": "가전",
    "MainCategory": "주방가전",
    "ProductName": "키친아트 믹서기/티타늄칼날 KABL-A220KJ",
    "ReviewScore": "80",
    "Syllable": "36",
    "Word": "10",
    "RDate": "20210803",
    "GeneralPolarity": "0",
    "Aspects": [
      {
        "Aspect": "품질",
        "SentimentText": "튼튼한 거 같아요.",
        "SentimentWord": "3",
        "SentimentPolarity": "1"
      },
      {
        "Aspect": "품질",
        "SentimentText": "실수로 고장나서 사용  못하고 있어요 ㅠ",
        "SentimentWord": "6",
        "SentimentPolarity": "-1"
      }
    ]
  },
  {
    "Index": "8148",
    "RawText": "급하게 주문 했는데 배송도 빨랐고 편리하게 잘 사용하고 있어요 포인트 레드가 확 시선을 끌어 당겨서 좋으네요",
    "Source": "SNS",
    "Domain": "가전",
    "MainCategory": "주방가전",
    "ProductName": "키친아트 스텐 무선 전기주전자 1.8L",
    "ReviewScore": "100",
    "Syllable": "60",
    "Word": "16",
    "RDate": "20210805",
    "Aspects": [
      {
        "Aspect": "색상",
        "SentimentText": "포인트 레드가 확 시선을 끌어 당겨서 좋으네요",
        "SentimentWord": "7",
        "SentimentPolarity": "1"
      },
      {
        "Aspect": "편의성",
        "SentimentText": "편리하게  잘 사용하고 있어요",
        "SentimentWord": "4",
        "SentimentPolarity": "1"
      }
    ]
  },
  {
    "Index": "8149",
    "RawText": "대추 우려 먹을 요량으로  구매 했는데 넘 만족입니다  받자 마자 대추랑 생강 몇조각  넣구  처음엔 고온으로   한시간  반정도 가열하다  저온으로  서너시간 더 가열하니  진하게 잘 우려  났어요  올겨울 이용 잘할것 같아요",
    "Source": "SNS",
    "Domain": "가전",
    "MainCategory": "주방가전",
    "ProductName": "키친아트 슬로우쿠커/찜기/1.5리터 KASC-B15W",
    "ReviewScore": "100",
    "Syllable": "127",
    "Word": "31",
    "RDate": "20201120",
    "GeneralPolarity": "1",
    "Aspects": [
      {
        "Aspect": "시간/속도",
        "SentimentText": "처음엔 고온으로   한시간  반정도 가열하다  저온으로  서너시간 더 가열하니  진하게 잘 우려  났어요 ",
        "SentimentWord": "13",
        "SentimentPolarity": "1"
      },
      {
        "Aspect": "편의성",
        "SentimentText": " 올겨울 이용 잘할것 같아요",
        "SentimentWord": "4",
        "SentimentPolarity": "1"
      }
    ]
  },
  {
    "Index": "8150",
    "RawText": "디자인도 색상도 예뻐요.  1인가구가 사용하기에 딱 좋아요.",
    "Source": "SNS",
    "Domain": "가전",
    "MainCategory": "주방가전",
    "ProductName": "키친아트 에어프라이어/전기튀김기/이중분리/2리터 HB-812AF",
    "ReviewScore": "90",
    "Syllable": "33",
    "Word": "7",
    "RDate": "20191129",
    "GeneralPolarity": "1",
    "Aspects": [
      {
        "Aspect": "디자인",
        "SentimentText": "디자인도 색상도 예뻐요.",
        "SentimentWord": "3",
        "SentimentPolarity": "1"
      },
      {
        "Aspect": "색상",
        "SentimentText": "색상도 예뻐요. ",
        "SentimentWord": "2",
        "SentimentPolarity": "1"
      },
      {
        "Aspect": "편의성",
        "SentimentText": "1인가구가 사용하기에 딱 좋아요.",
        "SentimentWord": "4",
        "SentimentPolarity": "1"
      }
    ]
  },
  {
    "Index": "8151",
    "RawText": "잘 만들어집니다. 단점은 끄고 켜는 버튼이 없다는 것",
    "Source": "SNS",
    "Domain": "가전",
    "MainCategory": "주방가전",
    "ProductName": "키친아트 와플메이커/와플기 KWF-390W",
    "ReviewScore": "100",
    "Syllable": "29",
    "Word": "8",
    "RDate": "20210813",
    "GeneralPolarity": "0",
    "Aspects": [
      {
        "Aspect": "기능",
        "SentimentText": "잘 만들어집니다. ",
        "SentimentWord": "2",
        "SentimentPolarity": "1"
      },
      {
        "Aspect": "제품구성",
        "SentimentText": " 단점은 끄고 켜는 버튼이 없다는 것",
        "SentimentWord": "6",
        "SentimentPolarity": "-1"
      }
    ]
  },
  {
    "Index": "8152",
    "RawText": "첨 사용해 보려고 구매합니다.  없는 실력에 잘되겟죠 작고 가벼워 부담이 덜 하네요 가성비도 좋고 잘 사용해볼게요 색상도 화이트라 깔끔해 보이고 큐티큐티해요. 예뻐요ㅋㅋㅋ 넘 맘에 들어요",
    "Source": "SNS",
    "Domain": "가전",
    "MainCategory": "주방가전",
    "ProductName": "키친아트 와플메이커/와플기 KWF-390W",
    "ReviewScore": "100",
    "Syllable": "104",
    "Word": "25",
    "RDate": "20210215",
    "GeneralPolarity": "1",
    "Aspects": [
      {
        "Aspect": "사이즈",
        "SentimentText": "작고 가벼워 부담이 덜 하네요",
        "SentimentWord": "5",
        "SentimentPolarity": "1"
      },
      {
        "Aspect": "가격",
        "SentimentText": "가성비도 좋고 잘 사용해볼게요",
        "SentimentWord": "4",
        "SentimentPolarity": "1"
      },
      {
        "Aspect": "색상",
        "SentimentText": "색상도 화이트라 깔끔해 보이고 큐티큐티해요.",
        "SentimentWord": "5",
        "SentimentPolarity": "1"
      }
    ]
  },
  {
    "Index": "8153",
    "RawText": "저당한 사이즈  식탁위에 두고 고기 구워먹기 넘 좋아요^^",
    "Source": "SNS",
    "Domain": "가전",
    "MainCategory": "주방가전",
    "ProductName": "키친아트 전기그릴/미니/불소수지코팅/온도조절 KNG-240",
    "ReviewScore": "100",
    "Syllable": "32",
    "Word": "8",
    "RDate": "20210803",
    "GeneralPolarity": "1",
    "Aspects": [
      {
        "Aspect": "사이즈",
        "SentimentText": "저당한 사이즈  ",
        "SentimentWord": "2",
        "SentimentPolarity": "1"
      },
      {
        "Aspect": "편의성",
        "SentimentText": "식탁위에 두고 고기 구워먹기 넘 좋아요^^",
        "SentimentWord": "6",
        "SentimentPolarity": "1"
      }
    ]
  },
  {
    "Index": "8154",
    "RawText": "받아보니   가격대비  전기그릴이 너무 허접하네요 불판도  약하고   후회합니다",
    "Source": "SNS",
    "Domain": "가전",
    "MainCategory": "주방가전",
    "ProductName": "키친아트 전기그릴/미니/불소수지코팅/온도조절 KNG-240 K",
    "ReviewScore": "100",
    "Syllable": "44",
    "Word": "8",
    "RDate": "20200923",
    "GeneralPolarity": "-1",
    "Aspects": [
      {
        "Aspect": "품질",
        "SentimentText": "가격대비  전기그릴이 너무 허접하네요",
        "SentimentWord": "4",
        "SentimentPolarity": "-1"
      },
      {
        "Aspect": "내구성",
        "SentimentText": "불판도  약하고   후회합니다",
        "SentimentWord": "3",
        "SentimentPolarity": "-1"
      }
    ]
  },
  {
    "Index": "8155",
    "RawText": "중간 중간에 열이 식어 성격급한 사람은 속 터질수도 있습니다만 가격대비 괜찮다고 생각해요",
    "Source": "SNS",
    "Domain": "가전",
    "MainCategory": "주방가전",
    "ProductName": "키친아트 전기그릴/와이드/49cm KG-A15XH",
    "ReviewScore": "100",
    "Syllable": "49",
    "Word": "12",
    "RDate": "20201126",
    "GeneralPolarity": "1",
    "Aspects": [
      {
        "Aspect": "내구성",
        "SentimentText": "중간 중간에 열이 식어 성격급한 사람은 속 터질수도 있습니다만 ",
        "SentimentWord": "9",
        "SentimentPolarity": "0"
      },
      {
        "Aspect": "가격",
        "SentimentText": "가격대비 괜찮다고 생각해요",
        "SentimentWord": "3",
        "SentimentPolarity": "1"
      }
    ]
  },
  {
    "Index": "8156",
    "RawText": "시골에 계신 시어머님께서 쓰시는 전기그릴펜이 오래되서 잘 타길래 새제품으로 사드리려고 알아보다가주로 명절때 쓰셔서 좀더 큰 이제품 으로 주문해서 보내드렸는데 너무 좋아하시네요~ 뚜껑도 있고 크기도 커서 너무 만족해하시네요~",
    "Source": "SNS",
    "Domain": "가전",
    "MainCategory": "주방가전",
    "ProductName": "키친아트 전기그릴/와이드/불소수지코팅/온도조절 KNG-670",
    "ReviewScore": "100",
    "Syllable": "124",
    "Word": "27",
    "RDate": "20211122",
    "GeneralPolarity": "1",
    "Aspects": [
      {
        "Aspect": "편의성",
        "SentimentText": "명절때 쓰셔서 좀더 큰 이제품 으로 주문해서 보내드렸는데 너무 좋아하시네요~ ",
        "SentimentWord": "10",
        "SentimentPolarity": "1"
      },
      {
        "Aspect": "사이즈",
        "SentimentText": "뚜껑도 있고 크기도 커서 너무 만족해하시네요~",
        "SentimentWord": "6",
        "SentimentPolarity": "1"
      }
    ]
  },
  {
    "Index": "8157",
    "RawText": "그릴의 크기가 커서 좋고 튼튼해보여서 좋아요.  내가 원하던 제품이라 맘에 드네요.",
    "Source": "SNS",
    "Domain": "가전",
    "MainCategory": "주방가전",
    "ProductName": "키친아트 전기그릴/와이드/불소수지코팅/온도조절 KNG-670",
    "ReviewScore": "100",
    "Syllable": "46",
    "Word": "11",
    "RDate": "20210324",
    "GeneralPolarity": "1",
    "Aspects": [
      {
        "Aspect": "사이즈",
        "SentimentText": "그릴의 크기가 커서 좋고",
        "SentimentWord": "4",
        "SentimentPolarity": "1"
      },
      {
        "Aspect": "품질",
        "SentimentText": "튼튼해보여서 좋아요. ",
        "SentimentWord": "2",
        "SentimentPolarity": "1"
      },
      {
        "Aspect": "기능",
        "SentimentText": "내가 원하던 제품이라 맘에 드네요.",
        "SentimentWord": "5",
        "SentimentPolarity": "1"
      }
    ]
  },
  {
    "Index": "8158",
    "RawText": "빠른 배송으로 잘 받았습니다. 포장도 꼼꼼해서 좋네요. 아주 요긴하게 잘 사용하겠습니다. 생각보다 사이즈가 커서 요리에 다양하게 이용할것 같아요 무게는 적당해서 혼자 이동도 가능하구요.",
    "Source": "SNS",
    "Domain": "가전",
    "MainCategory": "주방가전",
    "ProductName": "키친아트 전기그릴/투웨이/온도조절 KNG-Y2500",
    "ReviewScore": "100",
    "Syllable": "103",
    "Word": "23",
    "RDate": "20210629",
    "Aspects": [
      {
        "Aspect": "사이즈",
        "SentimentText": "생각보다 사이즈가 커서 요리에 다양하게 이용할것 같아요",
        "SentimentWord": "7",
        "SentimentPolarity": "1"
      },
      {
        "Aspect": "무게",
        "SentimentText": "무게는 적당해서 혼자 이동도 가능하구요.",
        "SentimentWord": "5",
        "SentimentPolarity": "1"
      }
    ]
  },
  {
    "Index": "8159",
    "RawText": "다용도로 활용가능하고 전기로 이용하는거라 편리하네요",
    "Source": "SNS",
    "Domain": "가전",
    "MainCategory": "주방가전",
    "ProductName": "키친아트 콤보팬/로스팬/전골/구이 KNMC-K600",
    "ReviewScore": "100",
    "Syllable": "28",
    "Word": "5",
    "RDate": "20210804",
    "GeneralPolarity": "1",
    "Aspects": [
      {
        "Aspect": "편의성",
        "SentimentText": "다용도로 활용가능하고",
        "SentimentWord": "2",
        "SentimentPolarity": "1"
      },
      {
        "Aspect": "편의성",
        "SentimentText": " 전기로 이용하는거라 편리하네요",
        "SentimentWord": "3",
        "SentimentPolarity": "1"
      }
    ]
  },
  {
    "Index": "8160",
    "RawText": "기능이 너무좋아요 크기도  딱  맞고 아직 안써봣지만  마음에 들에요",
    "Source": "SNS",
    "Domain": "가전",
    "MainCategory": "주방가전",
    "ProductName": "키친아트 튀김기/쾌속가열/3리터 KF-301LS",
    "ReviewScore": "100",
    "Syllable": "38",
    "Word": "9",
    "RDate": "20210805",
    "GeneralPolarity": "1",
    "Aspects": [
      {
        "Aspect": "기능",
        "SentimentText": "기능이 너무좋아요",
        "SentimentWord": "2",
        "SentimentPolarity": "1"
      },
      {
        "Aspect": "사이즈",
        "SentimentText": "크기도  딱  맞고",
        "SentimentWord": "3",
        "SentimentPolarity": "1"
      }
    ]
  },
  {
    "Index": "8161",
    "RawText": "뚜껑에 실리콘패킹 없어요  물을 따를때 뚜껑을 손으로 잡아야 함  물끓는동안 유리에서 쩍쩍소리가 남 ",
    "Source": "SNS",
    "Domain": "가전",
    "MainCategory": "주방가전",
    "ProductName": "키친아트 티포트/무선포트/분유포트/1.5리터 WMEK-A1771GF",
    "ReviewScore": "30",
    "Syllable": "56",
    "Word": "13",
    "RDate": "20211009",
    "GeneralPolarity": "-1",
    "Aspects": [
      {
        "Aspect": "제품구성",
        "SentimentText": "뚜껑에 실리콘패킹 없어요 물을 따를때 뚜껑을 손으로 잡아야 함",
        "SentimentWord": "9",
        "SentimentPolarity": "-1"
      },
      {
        "Aspect": "소음",
        "SentimentText": "물끓는동안 유리에서 쩍쩍소리가 남",
        "SentimentWord": "4",
        "SentimentPolarity": "-1"
      }
    ]
  },
  {
    "Index": "8162",
    "RawText": "크기도 적당하고 드립용으로좋아요 디자인도 이쁘네요",
    "Source": "SNS",
    "Domain": "가전",
    "MainCategory": "주방가전",
    "ProductName": "키친플라워 뉴트로 전기 드립주전자 1.2L (KEK-DJD120)",
    "ReviewScore": "100",
    "Syllable": "27",
    "Word": "5",
    "RDate": "20210515",
    "GeneralPolarity": "1",
    "Aspects": [
      {
        "Aspect": "사이즈",
        "SentimentText": "크기도 적당하고 드립용으로좋아요",
        "SentimentWord": "3",
        "SentimentPolarity": "1"
      },
      {
        "Aspect": "디자인",
        "SentimentText": "디자인도 이쁘네요",
        "SentimentWord": "2",
        "SentimentPolarity": "1"
      }
    ]
  },
  {
    "Index": "8163",
    "RawText": "실행버튼이 다른거랑 틀린데 쓰기 불편해요 원두도 잘안갈림",
    "Source": "SNS",
    "Domain": "가전",
    "MainCategory": "주방가전",
    "ProductName": "키친플라워 믹서기/미니/쥬서기/6중칼날 KEM-SB2500P",
    "ReviewScore": "50",
    "Syllable": "31",
    "Word": "7",
    "RDate": "20210717",
    "GeneralPolarity": "-1",
    "Aspects": [
      {
        "Aspect": "조작성",
        "SentimentText": "실행버튼이 다른거랑 틀린데 쓰기 불편해요",
        "SentimentWord": "5",
        "SentimentPolarity": "-1"
      },
      {
        "Aspect": "기능",
        "SentimentText": "원두도 잘안갈림",
        "SentimentWord": "2",
        "SentimentPolarity": "-1"
      }
    ]
  },
  {
    "Index": "8164",
    "RawText": "지금 껏 쓰던 무선주전자가 수명을 다했네요 이번껀 디자인이 세련되고 고급지네여 무엇 보다 겉이 뜨겁지 않아서 좋아요",
    "Source": "SNS",
    "Domain": "가전",
    "MainCategory": "주방가전",
    "ProductName": "테팔 무선주전자 세이프티 KO-2618KR",
    "ReviewScore": "100",
    "Syllable": "64",
    "Word": "16",
    "RDate": "20211004",
    "GeneralPolarity": "1",
    "Aspects": [
      {
        "Aspect": "디자인",
        "SentimentText": "이번껀 디자인이 세련되고 고급지네여",
        "SentimentWord": "4",
        "SentimentPolarity": "1"
      },
      {
        "Aspect": "내구성",
        "SentimentText": "무엇 보다 겉이 뜨겁지 않아",
        "SentimentWord": "5",
        "SentimentPolarity": "1"
      }
    ]
  },
  {
    "Index": "8165",
    "RawText": "크기도좋고 디자인이 깔끔해서 마음에 듭니다~~^^ 작동도  잘되고 OO이라 좋아요~♡ 추천합니다~~",
    "Source": "SNS",
    "Domain": "가전",
    "MainCategory": "주방가전",
    "ProductName": "테팔 무선주전자 엘리먼트 화이트 KO-2001KR",
    "ReviewScore": "100",
    "Syllable": "55",
    "Word": "10",
    "RDate": "20210727",
    "GeneralPolarity": "1",
    "Aspects": [
      {
        "Aspect": "사이즈",
        "SentimentText": "크기도좋고",
        "SentimentWord": "1",
        "SentimentPolarity": "1"
      },
      {
        "Aspect": "디자인",
        "SentimentText": "디자인이 깔끔해서 마음에 듭니다~~^^",
        "SentimentWord": "4",
        "SentimentPolarity": "1"
      },
      {
        "Aspect": "품질",
        "SentimentText": "작동도  잘되고",
        "SentimentWord": "2",
        "SentimentPolarity": "1"
      }
    ]
  },
  {
    "Index": "8166",
    "RawText": "* 배송은 늦었는데  * 상품은 귀욤귀욤 ㆍ성능은 다똑같고요 ㆍ혼자쓰기엔 거창하지않고 딱좋음",
    "Source": "SNS",
    "Domain": "가전",
    "MainCategory": "주방가전",
    "ProductName": "테팔 미니 전기주전자 BI-81252A [0.8L]",
    "ReviewScore": "80",
    "Syllable": "51",
    "Word": "11",
    "RDate": "20220201",
    "Aspects": [
      {
        "Aspect": "디자인",
        "SentimentText": "* 상품은 귀욤귀욤",
        "SentimentWord": "3",
        "SentimentPolarity": "1"
      },
      {
        "Aspect": "기능",
        "SentimentText": "ㆍ성능은 다똑같고요 ㆍ혼자쓰기엔 거창하지않고 딱좋음",
        "SentimentWord": "5",
        "SentimentPolarity": "1"
      }
    ]
  },
  {
    "Index": "8167",
    "RawText": "사이즈가 작아 맘에 들고 예뻐서 사용하기 좋아요 배송도 빠르구요 잘 사용하겠습니다~~",
    "Source": "SNS",
    "Domain": "가전",
    "MainCategory": "주방가전",
    "ProductName": "테팔 미니 전기주전자 BI-81252A [0.8L]",
    "ReviewScore": "100",
    "Syllable": "47",
    "Word": "11",
    "RDate": "20220119",
    "Aspects": [
      {
        "Aspect": "사이즈",
        "SentimentText": "사이즈가 작아 맘에 들고",
        "SentimentWord": "4",
        "SentimentPolarity": "1"
      },
      {
        "Aspect": "디자인",
        "SentimentText": "예뻐서 사용하기 좋아요",
        "SentimentWord": "3",
        "SentimentPolarity": "1"
      }
    ]
  },
  {
    "Index": "8168",
    "RawText": "작은 믹서기가 필요해서  구매했는데 딱이네요.  잘갈리고 좋아요",
    "Source": "SNS",
    "Domain": "가전",
    "MainCategory": "주방가전",
    "ProductName": "테팔 미니믹서 블러드 앤 고 BL-1B1DKR",
    "ReviewScore": "90",
    "Syllable": "35",
    "Word": "7",
    "RDate": "20210811",
    "GeneralPolarity": "1",
    "Aspects": [
      {
        "Aspect": "사이즈",
        "SentimentText": "작은 믹서기가 필요해서  구매했는데 딱이네요.",
        "SentimentWord": "5",
        "SentimentPolarity": "1"
      },
      {
        "Aspect": "기능",
        "SentimentText": "잘갈리고 좋아요",
        "SentimentWord": "2",
        "SentimentPolarity": "1"
      }
    ]
  },
  {
    "Index": "8169",
    "RawText": "착한가격 잘샀어요 마음에 쏙 들어요~ 작동법 간편하고 좋아요",
    "Source": "SNS",
    "Domain": "가전",
    "MainCategory": "주방가전",
    "ProductName": "테팔 핸드블렌더 퀵쉐프 HB-6538KR",
    "ReviewScore": "10",
    "Syllable": "33",
    "Word": "8",
    "RDate": "20210810",
    "Aspects": [
      {
        "Aspect": "가격",
        "SentimentText": "착한가격 잘샀어요 마음에 쏙 들어요~",
        "SentimentWord": "5",
        "SentimentPolarity": "1"
      },
      {
        "Aspect": "조작성",
        "SentimentText": " 작동법 간편하고 좋아요",
        "SentimentWord": "3",
        "SentimentPolarity": "1"
      }
    ]
  },
  {
    "Index": "8170",
    "RawText": "핸드 블렌더는 첨 사용인데 사용도 편리하고 사용후 관리도 일반 미ㄱ서 보다 좋네요 파워가 강력해 곱게 갈아져 만족합니다",
    "Source": "SNS",
    "Domain": "가전",
    "MainCategory": "주방가전",
    "ProductName": "테팔 핸드블렌더 퀵쉐프 HB-6538KR",
    "ReviewScore": "100",
    "Syllable": "66",
    "Word": "17",
    "RDate": "20211022",
    "GeneralPolarity": "1",
    "Aspects": [
      {
        "Aspect": "편의성",
        "SentimentText": "사용도 편리하고 사용후 관리도 일반 미ㄱ서 보다 좋네요 ",
        "SentimentWord": "8",
        "SentimentPolarity": "1"
      },
      {
        "Aspect": "기능",
        "SentimentText": "파워가 강력해 곱게 갈아져 만족합니다",
        "SentimentWord": "5",
        "SentimentPolarity": "1"
      }
    ]
  },
  {
    "Index": "8171",
    "RawText": "가격대비 서비스가 매우별로에요 제품 표면에 잔기스도 엄청많네요 제품색이 너무 예스러워서 촌스럽네요",
    "Source": "SNS",
    "Domain": "가전",
    "MainCategory": "주방가전",
    "ProductName": "팝업 프라임 토스터기 토스트 데우기 해동 TA8700",
    "ReviewScore": "100",
    "Syllable": "54",
    "Word": "11",
    "RDate": "20210826",
    "Aspects": [
      {
        "Aspect": "품질",
        "SentimentText": "제품 표면에 잔기스도 엄청많네요",
        "SentimentWord": "4",
        "SentimentPolarity": "-1"
      },
      {
        "Aspect": "색상",
        "SentimentText": "제품색이 너무 예스러워서 촌스럽네요",
        "SentimentWord": "4",
        "SentimentPolarity": "-1"
      }
    ]
  },
  {
    "Index": "8172",
    "RawText": "간편하게 사용하기 좋을듯합니다, 모터도 초강력 와트여서 작지만 셀듯합니다.",
    "Source": "SNS",
    "Domain": "가전",
    "MainCategory": "주방가전",
    "ProductName": "풍년 미니 믹서기 소형 블렌더 분리형 믹서컵2개 PMMKA-380",
    "ReviewScore": "100",
    "Syllable": "41",
    "Word": "8",
    "RDate": "20211123",
    "Aspects": [
      {
        "Aspect": "편의성",
        "SentimentText": "간편하게 사용하기 좋을듯합니다, ",
        "SentimentWord": "3",
        "SentimentPolarity": "1"
      },
      {
        "Aspect": "기능",
        "SentimentText": "모터도 초강력 와트여서 작지만 셀듯합니다.",
        "SentimentWord": "5",
        "SentimentPolarity": "1"
      }
    ]
  },
  {
    "Index": "8173",
    "RawText": "기대않했는데 조아요 색상이쁘고 무게감있어요 디자인도 굿 본체가 커서 튼튼해 보이네요",
    "Source": "SNS",
    "Domain": "가전",
    "MainCategory": "주방가전",
    "ProductName": "풍년 미니 믹서기 소형 블렌더 분리형 믹서컵2개 PMMKA-380",
    "ReviewScore": "100",
    "Syllable": "46",
    "Word": "10",
    "RDate": "20210114",
    "GeneralPolarity": "1",
    "Aspects": [
      {
        "Aspect": "색상",
        "SentimentText": "색상이쁘고",
        "SentimentWord": "1",
        "SentimentPolarity": "1"
      },
      {
        "Aspect": "무게",
        "SentimentText": "무게감있어요",
        "SentimentWord": "1",
        "SentimentPolarity": "1"
      },
      {
        "Aspect": "디자인",
        "SentimentText": "디자인도 굿",
        "SentimentWord": "2",
        "SentimentPolarity": "1"
      },
      {
        "Aspect": "내구성",
        "SentimentText": "본체가 커서 튼튼해 보이네요",
        "SentimentWord": "4",
        "SentimentPolarity": "1"
      }
    ]
  },
  {
    "Index": "8174",
    "RawText": "사이즈는 맘에듭니다  칼날도 두개라서 좋아요.",
    "Source": "SNS",
    "Domain": "가전",
    "MainCategory": "주방가전",
    "ProductName": "풍년 미니 믹서기 소형 블렌더 분리형 믹서컵2개 PMMKA-380",
    "ReviewScore": "80",
    "Syllable": "25",
    "Word": "5",
    "RDate": "20211208",
    "GeneralPolarity": "1",
    "Aspects": [
      {
        "Aspect": "사이즈",
        "SentimentText": "사이즈는 맘에듭니다 ",
        "SentimentWord": "2",
        "SentimentPolarity": "1"
      },
      {
        "Aspect": "제품구성",
        "SentimentText": "칼날도 두개라서 좋아요.",
        "SentimentWord": "3",
        "SentimentPolarity": "1"
      }
    ]
  },
  {
    "Index": "8175",
    "RawText": "와 가루로 만드는것도 잘되네요. 버튼한번 누르면 다 갈려서 편해요 단지 좀 시끄러워요ㅎ",
    "Source": "SNS",
    "Domain": "가전",
    "MainCategory": "주방가전",
    "ProductName": "풍년 미니 믹서기 소형 블렌더 분리형 믹서컵2개 PMMKA-380",
    "ReviewScore": "100",
    "Syllable": "48",
    "Word": "12",
    "RDate": "20191224",
    "GeneralPolarity": "1",
    "Aspects": [
      {
        "Aspect": "편의성",
        "SentimentText": "버튼한번 누르면 다 갈려서 편해요 ",
        "SentimentWord": "5",
        "SentimentPolarity": "1"
      },
      {
        "Aspect": "소음",
        "SentimentText": "단지 좀 시끄러워요ㅎ",
        "SentimentWord": "3",
        "SentimentPolarity": "0"
      }
    ]
  },
  {
    "Index": "8176",
    "RawText": "간편하고 좋네요~ 편하게 사용하기 위해 구매했는데 만족^^ 감사합니다",
    "Source": "SNS",
    "Domain": "가전",
    "MainCategory": "주방가전",
    "ProductName": "필립스 1.5L 믹서기 HR2100 [400W/블랙/식기세척기 가능]",
    "ReviewScore": "100",
    "Syllable": "38",
    "Word": "8",
    "RDate": "20220108",
    "GeneralPolarity": "1",
    "Aspects": [
      {
        "Aspect": "편의성",
        "SentimentText": "간편하고 좋네요~",
        "SentimentWord": "2",
        "SentimentPolarity": "1"
      },
      {
        "Aspect": "편의성",
        "SentimentText": "편하게 사용하기 위해 구매했는데 만족^^",
        "SentimentWord": "5",
        "SentimentPolarity": "1"
      }
    ]
  },
  {
    "Index": "8177",
    "RawText": "빵은 큰데 토스터기가 작아요 쓰기 불편하고  뚜껑이  없어요",
    "Source": "SNS",
    "Domain": "가전",
    "MainCategory": "주방가전",
    "ProductName": "필립스 HD4826/90 토스터기 메탈",
    "ReviewScore": "70",
    "Syllable": "33",
    "Word": "8",
    "RDate": "20200114",
    "GeneralPolarity": "-1",
    "Aspects": [
      {
        "Aspect": "사이즈",
        "SentimentText": "토스터기가 작아요",
        "SentimentWord": "2",
        "SentimentPolarity": "-1"
      },
      {
        "Aspect": "조작성",
        "SentimentText": "쓰기 불편하고",
        "SentimentWord": "2",
        "SentimentPolarity": "-1"
      },
      {
        "Aspect": "제품구성",
        "SentimentText": "뚜껑이  없어요",
        "SentimentWord": "2",
        "SentimentPolarity": "-1"
      }
    ]
  },
  {
    "Index": "8178",
    "RawText": "오프라인으로 보고 주문했는데 훨씬 저렴하게 구입했어요. 용량도 사용하기에 적당하고 좋아요.",
    "Source": "SNS",
    "Domain": "가전",
    "MainCategory": "주방가전",
    "ProductName": "필립스 선샤인 미니 무선주전자 HD-9348",
    "ReviewScore": "100",
    "Syllable": "50",
    "Word": "10",
    "RDate": "20211222",
    "GeneralPolarity": "1",
    "Aspects": [
      {
        "Aspect": "가격",
        "SentimentText": "훨씬 저렴하게 구입했어요.",
        "SentimentWord": "3",
        "SentimentPolarity": "1"
      },
      {
        "Aspect": "용량",
        "SentimentText": " 용량도 사용하기에 적당하고 좋아요.",
        "SentimentWord": "4",
        "SentimentPolarity": "1"
      }
    ]
  },
  {
    "Index": "8179",
    "RawText": "품질이 매우 좋습니다  성능도 좋고 디자인도 정말 마음에 듭니다.",
    "Source": "SNS",
    "Domain": "가전",
    "MainCategory": "주방가전",
    "ProductName": "필립스 진공 초고속 블렌더 HR-3752",
    "ReviewScore": "100",
    "Syllable": "36",
    "Word": "9",
    "RDate": "20210621",
    "GeneralPolarity": "1",
    "Aspects": [
      {
        "Aspect": "품질",
        "SentimentText": "품질이 매우 좋습니다",
        "SentimentWord": "3",
        "SentimentPolarity": "1"
      },
      {
        "Aspect": "기능",
        "SentimentText": "성능도 좋고",
        "SentimentWord": "2",
        "SentimentPolarity": "1"
      },
      {
        "Aspect": "디자인",
        "SentimentText": "디자인도 정말 마음에 듭니다.",
        "SentimentWord": "4",
        "SentimentPolarity": "1"
      }
    ]
  },
  {
    "Index": "8180",
    "RawText": "할인받아 저렴하게 구입해서 만족~~  유리라 무겁긴해도  잘갈리고 괜찮아용",
    "Source": "SNS",
    "Domain": "가전",
    "MainCategory": "주방가전",
    "ProductName": "필립스 초고속 파워 블렌더 5000 시리즈 HR-3573",
    "ReviewScore": "100",
    "Syllable": "41",
    "Word": "8",
    "RDate": "20210924",
    "Aspects": [
      {
        "Aspect": "가격",
        "SentimentText": "할인받아 저렴하게 구입해서 만족~~",
        "SentimentWord": "4",
        "SentimentPolarity": "1"
      },
      {
        "Aspect": "기능",
        "SentimentText": "유리라 무겁긴해도  잘갈리고 괜찮아용",
        "SentimentWord": "4",
        "SentimentPolarity": "1"
      }
    ]
  },
  {
    "Index": "8181",
    "RawText": "오늘 딸기 스므디했는데  너무 잘갈려요 그런데 약간 모터타는 냄새가 나서 고장날까 걱정이네요",
    "Source": "SNS",
    "Domain": "가전",
    "MainCategory": "주방가전",
    "ProductName": "필립스 초고속 파워 블렌더 5000 시리즈 HR-3573",
    "ReviewScore": "70",
    "Syllable": "51",
    "Word": "12",
    "RDate": "20210821",
    "GeneralPolarity": "0",
    "Aspects": [
      {
        "Aspect": "기능",
        "SentimentText": "너무 잘갈려요",
        "SentimentWord": "2",
        "SentimentPolarity": "1"
      },
      {
        "Aspect": "내구성",
        "SentimentText": "그런데 약간 모터타는 냄새가 나서 고장날까 걱정이네요",
        "SentimentWord": "7",
        "SentimentPolarity": "0"
      }
    ]
  },
  {
    "Index": "8182",
    "RawText": "받다마자 기분 별로다 했어요! 박스 개봉부분에 \"개봉후반품불가\" 라는 스티커를 붙여 놨더라구요..확인하려면 그 스티커를 뗄수 밖에 없는데..그럼 반품불가라고?? 황당~~ 하면서 개봉했는데..헐~~세우는 받침대 스탠 한쪽이 찌그러져 왔어요!! 품질관리 엉망이네요 귀찮아서 남편이랑 공구로 펴서 겨우 꼈네여 ㅠㅠ  가격도 비싸게 주고 샀는데...  ",
    "Source": "SNS",
    "Domain": "가전",
    "MainCategory": "주방가전",
    "ProductName": "필립스 컴포트터치 플렉스헤드 스티머 스팀다리미 GC-552 [완벽밀착/이지스티밍/안전실리콘]",
    "ReviewScore": "20",
    "Syllable": "193",
    "Word": "38",
    "RDate": "20211208",
    "Aspects": [
      {
        "Aspect": "품질",
        "SentimentText": "헐~~세우는 받침대 스탠 한쪽이 찌그러져 왔어요!! 품질관리 엉망이네요",
        "SentimentWord": "8",
        "SentimentPolarity": "-1"
      },
      {
        "Aspect": "가격",
        "SentimentText": "가격도 비싸게 주고 샀는데...",
        "SentimentWord": "4",
        "SentimentPolarity": "-1"
      }
    ]
  },
  {
    "Index": "8183",
    "RawText": "스팀이 세진 않ㅇㅡㄴ거 같아요 휴대용으로 좋은거같아요",
    "Source": "SNS",
    "Domain": "가전",
    "MainCategory": "주방가전",
    "ProductName": "필립스 핸디형 스팀 다리미 STH-3000",
    "ReviewScore": "100",
    "Syllable": "29",
    "Word": "6",
    "RDate": "20210821",
    "GeneralPolarity": "0",
    "Aspects": [
      {
        "Aspect": "기능",
        "SentimentText": "스팀이 세진 않ㅇㅡㄴ거 같아요",
        "SentimentWord": "4",
        "SentimentPolarity": "0"
      },
      {
        "Aspect": "편의성",
        "SentimentText": "휴대용으로 좋은거같아요",
        "SentimentWord": "2",
        "SentimentPolarity": "1"
      }
    ]
  },
  {
    "Index": "8184",
    "RawText": "양을 좀적게 넣어야 하나봐요 다새고 ㅜㅜ 작동은잘되는데 실용도는 봐야할듯요 와플도그렇고",
    "Source": "SNS",
    "Domain": "가전",
    "MainCategory": "주방가전",
    "ProductName": "한리빙_다올와플메이커_0395",
    "ReviewScore": "100",
    "Syllable": "48",
    "Word": "10",
    "RDate": "20210805",
    "GeneralPolarity": "-1",
    "Aspects": [
      {
        "Aspect": "용량",
        "SentimentText": "양을 좀적게 넣어야 하나봐요 다새고 ㅜㅜ ",
        "SentimentWord": "6",
        "SentimentPolarity": "-1"
      },
      {
        "Aspect": "편의성",
        "SentimentText": "작동은잘되는데 실용도는 봐야할듯요",
        "SentimentWord": "3",
        "SentimentPolarity": "0"
      }
    ]
  },
  {
    "Index": "8185",
    "RawText": "중국제품을 쓰다가 전원이 왔다갔다해서  교체했는데 대만족입니다. 외관도 깔끔하고, 무엇보다 소음이 없는것이 대만족. 건조와 소독 까지 ... 역시 made in Korea 는 다릅니다.",
    "Source": "SNS",
    "Domain": "가전",
    "MainCategory": "주방가전",
    "ProductName": "한일 절전형 8인용 식기살균건조기 HUD-8200 신제품",
    "ReviewScore": "100",
    "Syllable": "103",
    "Word": "22",
    "RDate": "20210508",
    "GeneralPolarity": "1",
    "Aspects": [
      {
        "Aspect": "소음",
        "SentimentText": "외관도 깔끔하고, 무엇보다 소음이 없는것이 대만족. ",
        "SentimentWord": "6",
        "SentimentPolarity": "1"
      },
      {
        "Aspect": "기능",
        "SentimentText": "건조와 소독 까지 ... 역시 made in Korea 는 다릅니다.",
        "SentimentWord": "10",
        "SentimentPolarity": "1"
      }
    ]
  },
  {
    "Index": "8186",
    "RawText": "팬이 작은감은 있지만 실용성은 많을 듯 합니다. ",
    "Source": "SNS",
    "Domain": "가전",
    "MainCategory": "주방가전",
    "ProductName": "허니문 국산 전기 후라이팬 DW-8700",
    "ReviewScore": "60",
    "Syllable": "27",
    "Word": "7",
    "RDate": "20190506",
    "GeneralPolarity": "1",
    "Aspects": [
      {
        "Aspect": "사이즈",
        "SentimentText": "팬이 작은감은 있지만",
        "SentimentWord": "3",
        "SentimentPolarity": "0"
      },
      {
        "Aspect": "기능",
        "SentimentText": "실용성은 많을 듯 합니다",
        "SentimentWord": "4",
        "SentimentPolarity": "1"
      }
    ]
  },
  {
    "Index": "8187",
    "RawText": "생각보다 가볍고 디자인 예쁘고 다양한 요리 해먹어볼수있어서 좋았어요.",
    "Source": "SNS",
    "Domain": "가전",
    "MainCategory": "주방가전",
    "ProductName": "(TV)오디안느로랑 멀티 에어프라이어 10L",
    "ReviewScore": "100",
    "Syllable": "38",
    "Word": "8",
    "RDate": "20190508",
    "GeneralPolarity": "1",
    "Aspects": [
      {
        "Aspect": "무게",
        "SentimentText": "생각보다 가볍고",
        "SentimentWord": "2",
        "SentimentPolarity": "1"
      },
      {
        "Aspect": "디자인",
        "SentimentText": "디자인 예쁘고",
        "SentimentWord": "2",
        "SentimentPolarity": "1"
      },
      {
        "Aspect": "기능",
        "SentimentText": "다양한 요리 해먹어볼수있어서 좋았어요",
        "SentimentWord": "4",
        "SentimentPolarity": "1"
      }
    ]
  },
  {
    "Index": "8188",
    "RawText": "기존에 쓰던게 있는데 용량도 크고 음식을 넣고 꺼낼때도 넘 편리한듯요~ 굿~~ 입니당~^^",
    "Source": "SNS",
    "Domain": "가전",
    "MainCategory": "주방가전",
    "ProductName": "(TV)오디안느로랑 멀티 에어프라이어 10L",
    "ReviewScore": "100",
    "Syllable": "50",
    "Word": "12",
    "RDate": "20190606",
    "GeneralPolarity": "1",
    "Aspects": [
      {
        "Aspect": "사이즈",
        "SentimentText": "용량도 크고",
        "SentimentWord": "2",
        "SentimentPolarity": "1"
      },
      {
        "Aspect": "편의성",
        "SentimentText": "음식을 넣고 꺼낼때도 넘 편리한듯요~ 굿~~ 입니당~^^",
        "SentimentWord": "7",
        "SentimentPolarity": "1"
      }
    ]
  },
  {
    "Index": "8189",
    "RawText": "넘 잘 사용하고있어요 통돌이도 맘에들지만 세척하기가 약간 불편하네요 자주 잘 사용하고 있어요  ",
    "Source": "SNS",
    "Domain": "가전",
    "MainCategory": "주방가전",
    "ProductName": "(TV)오디안느로랑 멀티 에어프라이어 10L",
    "ReviewScore": "100",
    "Syllable": "53",
    "Word": "12",
    "RDate": "20190617",
    "GeneralPolarity": "1",
    "Aspects": [
      {
        "Aspect": "편의성",
        "SentimentText": "넘 잘 사용하고있어요",
        "SentimentWord": "3",
        "SentimentPolarity": "1"
      },
      {
        "Aspect": "편의성",
        "SentimentText": "맘에들지만 세척하기가 약간 불편하네요",
        "SentimentWord": "4",
        "SentimentPolarity": "0"
      },
      {
        "Aspect": "편의성",
        "SentimentText": "자주 잘 사용하고 있어요",
        "SentimentWord": "4",
        "SentimentPolarity": "1"
      }
    ]
  },
  {
    "Index": "8190",
    "RawText": "다 좋은데 통 씻기가 너무 힘드네요 완전 분리형이었으면 좋았을텐데 그리고 생각보다 크기가 커요",
    "Source": "SNS",
    "Domain": "가전",
    "MainCategory": "주방가전",
    "ProductName": "(TV)오디안느로랑 멀티 에어프라이어 10L",
    "ReviewScore": "100",
    "Syllable": "52",
    "Word": "13",
    "RDate": "20190612",
    "GeneralPolarity": "0",
    "Aspects": [
      {
        "Aspect": "편의성",
        "SentimentText": "통 씻기가 너무 힘드네요 완전 분리형이었으면 좋았을텐데",
        "SentimentWord": "7",
        "SentimentPolarity": "-1"
      },
      {
        "Aspect": "사이즈",
        "SentimentText": "그리고 생각보다 크기가 커요",
        "SentimentWord": "4",
        "SentimentPolarity": "0"
      }
    ]
  },
  {
    "Index": "8191",
    "RawText": "디자인은 예뻐요 사용해보니옆면에 미세한 스크레치가 있어서 급 슬퍼지네요 배송은 좀  늦네요 ",
    "Source": "SNS",
    "Domain": "가전",
    "MainCategory": "주방가전",
    "ProductName": "(TV)오디안느로랑 멀티 에어프라이어 10L",
    "ReviewScore": "100",
    "Syllable": "51",
    "Word": "11",
    "RDate": "20190509",
    "Aspects": [
      {
        "Aspect": "디자인",
        "SentimentText": "디자인은 예뻐요",
        "SentimentWord": "2",
        "SentimentPolarity": "1"
      },
      {
        "Aspect": "품질",
        "SentimentText": "사용해보니옆면에 미세한 스크레치가 있어서 급 슬퍼지네요",
        "SentimentWord": "6",
        "SentimentPolarity": "0"
      }
    ]
  },
  {
    "Index": "8192",
    "RawText": "디자인이 세련되고 깔끔해서 어느자리든 잘 어울러지고. 예전에 사용하던 에어플라이어보다  문이 오픈형이라 사용하기도 편리했어요. 간단한 오븐용도로 사용도 편리하고요. 자주애용할듯합니다.",
    "Source": "SNS",
    "Domain": "가전",
    "MainCategory": "주방가전",
    "ProductName": "(TV)오디안느로랑 멀티 에어프라이어 10L",
    "ReviewScore": "100",
    "Syllable": "102",
    "Word": "18",
    "RDate": "20190510",
    "GeneralPolarity": "1",
    "Aspects": [
      {
        "Aspect": "디자인",
        "SentimentText": "디자인이 세련되고 깔끔해서 어느자리든 잘 어울러지고",
        "SentimentWord": "6",
        "SentimentPolarity": "1"
      },
      {
        "Aspect": "편의성",
        "SentimentText": "문이 오픈형이라 사용하기도 편리했어요",
        "SentimentWord": "4",
        "SentimentPolarity": "1"
      },
      {
        "Aspect": "편의성",
        "SentimentText": "간단한 오븐용도로 사용도 편리하고요",
        "SentimentWord": "4",
        "SentimentPolarity": "1"
      }
    ]
  },
  {
    "Index": "8193",
    "RawText": "사용도 편리하고 통닭 해먹었는데 맛있게 잘되요~ 강추!!",
    "Source": "SNS",
    "Domain": "가전",
    "MainCategory": "주방가전",
    "ProductName": "(TV)오디안느로랑 멀티 에어프라이어 10L",
    "ReviewScore": "100",
    "Syllable": "31",
    "Word": "7",
    "RDate": "20190622",
    "GeneralPolarity": "1",
    "Aspects": [
      {
        "Aspect": "편의성",
        "SentimentText": "사용도 편리하고",
        "SentimentWord": "2",
        "SentimentPolarity": "1"
      },
      {
        "Aspect": "기능",
        "SentimentText": "맛있게 잘되요~ 강추!!",
        "SentimentWord": "3",
        "SentimentPolarity": "1"
      }
    ]
  },
  {
    "Index": "8194",
    "RawText": "여러가지 요리에 사용할수 있어서 좋네요.그런데 가열하면 몸통이 뜨거워서 조심해야 할듯",
    "Source": "SNS",
    "Domain": "가전",
    "MainCategory": "주방가전",
    "ProductName": "(TV)오디안느로랑 멀티 에어프라이어 10L",
    "ReviewScore": "80",
    "Syllable": "47",
    "Word": "10",
    "RDate": "20190517",
    "GeneralPolarity": "0",
    "Aspects": [
      {
        "Aspect": "편의성",
        "SentimentText": "여러가지 요리에 사용할수 있어서 좋네요",
        "SentimentWord": "5",
        "SentimentPolarity": "1"
      },
      {
        "Aspect": "편의성",
        "SentimentText": "가열하면 몸통이 뜨거워서 조심해야 할듯",
        "SentimentWord": "5",
        "SentimentPolarity": "0"
      }
    ]
  },
  {
    "Index": "8195",
    "RawText": "연휴에 이것 저것 해먹어봐야 겠다 홈쇼핑보고 주문해서  반가운 마음으로 열어보왔는데 ~~ 내가  가장 선호하는 통도리를 뺄수 있는 집게가 없네요  이룰 어째   돌아가는 소리도 너무 시끄럽고 아이고 너무 실망스럽네요 바로  연락했는데  7일 오후에나 연락준다고 하네요  쓰면 반품도 안된다고 하니 쓸수도 없구 이건 보상해줘야하는거  아닐까요 ?~~~~그림의 떡이네요",
    "Source": "SNS",
    "Domain": "가전",
    "MainCategory": "주방가전",
    "ProductName": "(TV)오디안느로랑 멀티 에어프라이어 10L",
    "ReviewScore": "40",
    "Syllable": "204",
    "Word": "45",
    "RDate": "20190505",
    "Aspects": [
      {
        "Aspect": "제품구성",
        "SentimentText": "통도리를 뺄수 있는 집게가 없네요  이룰 어째",
        "SentimentWord": "7",
        "SentimentPolarity": "-1"
      },
      {
        "Aspect": "소음",
        "SentimentText": "돌아가는 소리도 너무 시끄럽고 아이고 너무 실망스럽네요",
        "SentimentWord": "7",
        "SentimentPolarity": "-1"
      }
    ]
  },
  {
    "Index": "8196",
    "RawText": "오븐겸용 에어프라이어인데 좀 크긴 하네요. 냉동만두 구워먹었는데 편하네요 잘이용하겠네요         ",
    "Source": "SNS",
    "Domain": "가전",
    "MainCategory": "주방가전",
    "ProductName": "(TV)오디안느로랑 멀티 에어프라이어 10L",
    "ReviewScore": "100",
    "Syllable": "57",
    "Word": "9",
    "RDate": "20190513",
    "GeneralPolarity": "1",
    "Aspects": [
      {
        "Aspect": "사이즈",
        "SentimentText": "좀 크긴 하네요",
        "SentimentWord": "3",
        "SentimentPolarity": "0"
      },
      {
        "Aspect": "편의성",
        "SentimentText": "냉동만두 구워먹었는데 편하네요",
        "SentimentWord": "3",
        "SentimentPolarity": "1"
      }
    ]
  },
  {
    "Index": "8197",
    "RawText": "이곳 저곳에서 많이 판매하는데 계속 관심만 갖고 있다 이번 기회에 구매했어요. 용량도 맘에 들고 여러가지 기능들도 그렇고 가전제품 욕심이 먾은데 참 잘 구내했다는 생각이 듭니다 . 레시피 참고로 여러 음식에 도전해 봐야겠어요.",
    "Source": "SNS",
    "Domain": "가전",
    "MainCategory": "주방가전",
    "ProductName": "(TV)오디안느로랑 멀티 에어프라이어 10L",
    "ReviewScore": "100",
    "Syllable": "126",
    "Word": "32",
    "RDate": "20190608",
    "GeneralPolarity": "1",
    "Aspects": [
      {
        "Aspect": "사이즈",
        "SentimentText": "용량도 맘에 들고",
        "SentimentWord": "3",
        "SentimentPolarity": "1"
      },
      {
        "Aspect": "기능",
        "SentimentText": "여러가지 기능들도 그렇고 가전제품 욕심이 먾은데 참 잘 구내했다는 생각이 듭니다",
        "SentimentWord": "11",
        "SentimentPolarity": "1"
      }
    ]
  },
  {
    "Index": "8198",
    "RawText": "전기압력솥 크기로 디자인은 좋아요 목살 구워봤는데 마르지 않게 맛있게 구워지고 고구마도 군고구마처럼 맛있네요 건조기능 있는건 모르고 샀는데 건조기능 있어서 좋아요  식품 건조기 살까말까 했었는데ᆢ",
    "Source": "SNS",
    "Domain": "가전",
    "MainCategory": "주방가전",
    "ProductName": "(TV)오디안느로랑 멀티 에어프라이어 10L",
    "ReviewScore": "100",
    "Syllable": "109",
    "Word": "24",
    "RDate": "20190608",
    "GeneralPolarity": "1",
    "Aspects": [
      {
        "Aspect": "디자인",
        "SentimentText": "디자인은 좋아요",
        "SentimentWord": "2",
        "SentimentPolarity": "1"
      },
      {
        "Aspect": "기능",
        "SentimentText": "목살 구워봤는데 마르지 않게 맛있게 구워지고",
        "SentimentWord": "6",
        "SentimentPolarity": "1"
      },
      {
        "Aspect": "기능",
        "SentimentText": "건조기능 있는건 모르고 샀는데 건조기능 있어서 좋아요",
        "SentimentWord": "7",
        "SentimentPolarity": "1"
      }
    ]
  },
  {
    "Index": "8199",
    "RawText": "집에 광파오븐이 있어서 구매할가 망설이다가 샀는데 만족해요~통돌이가 있어서 삼겹살이나 오리구이를 할때 기름이 사방에 튀지 않아서 좋고 청소할게 적어서 좋아요~근데 통닭구이를 할려면 통이 작아 엄청 작은 작은 닭을 사야할 것 같아요",
    "Source": "SNS",
    "Domain": "가전",
    "MainCategory": "주방가전",
    "ProductName": "(TV)오디안느로랑 멀티 에어프라이어 10L",
    "ReviewScore": "80",
    "Syllable": "128",
    "Word": "30",
    "RDate": "20190708",
    "GeneralPolarity": "1",
    "Aspects": [
      {
        "Aspect": "편의성",
        "SentimentText": "광파오븐이 있어서 구매할가 망설이다가 샀는데 만족해요~",
        "SentimentWord": "6",
        "SentimentPolarity": "1"
      },
      {
        "Aspect": "편의성",
        "SentimentText": "기름이 사방에 튀지 않아서 좋고 청소할게 적어서 좋아요~",
        "SentimentWord": "8",
        "SentimentPolarity": "1"
      },
      {
        "Aspect": "사이즈",
        "SentimentText": "통닭구이를 할려면 통이 작아 엄청 작은 작은 닭을 사야할 것 같아요",
        "SentimentWord": "11",
        "SentimentPolarity": "-1"
      }
    ]
  },
  {
    "Index": "8200",
    "RawText": "통돌이까지 있어서 정말 편하고 좋네요 대신 통이 뜨거워서 화상 입지 않게 조심해야할 듯",
    "Source": "SNS",
    "Domain": "가전",
    "MainCategory": "주방가전",
    "ProductName": "(TV)오디안느로랑 멀티 에어프라이어 10L",
    "ReviewScore": "100",
    "Syllable": "48",
    "Word": "13",
    "RDate": "20190618",
    "GeneralPolarity": "0",
    "Aspects": [
      {
        "Aspect": "기능",
        "SentimentText": "통돌이까지 있어서 정말 편하고 좋네요",
        "SentimentWord": "5",
        "SentimentPolarity": "1"
      },
      {
        "Aspect": "편의성",
        "SentimentText": "대신 통이 뜨거워서 화상 입지 않게 조심해야할 듯",
        "SentimentWord": "8",
        "SentimentPolarity": "0"
      }
    ]
  },
  {
    "Index": "8201",
    "RawText": "제값주고 샀는데 너무 어이 없네요 바스켓 부분 부속품이빠져서 왔어요 홈쇼핑 상품구매하고 이런경우처음입니다  업체라는곳에서 소모품하자 교환처리도 확실히안되고 뒤죽박죽 미루기식 ..이랬다저랬다.누가 전체교환해달랬나!업체에서 그런다고 하고선 상품은안오고 반품기계만받아간다하고 황당! 멀믿고 구매하겠습니까?이러면 홍쇼핑쪽도 욕듣지요~ 업체가 지키지못할걸실수하고 무책임하게 완전 이상품 별하나도아까워요~~배송받고 확인잘해야할듯합니다",
    "Source": "SNS",
    "Domain": "가전",
    "MainCategory": "주방가전",
    "ProductName": "(TV)오디안느로랑 멀티 에어프라이어 10L",
    "ReviewScore": "20",
    "Syllable": "236",
    "Word": "36",
    "RDate": "20190611",
    "Aspects": [
      {
        "Aspect": "품질",
        "SentimentText": "바스켓 부분 부속품이빠져서 왔어요",
        "SentimentWord": "4",
        "SentimentPolarity": "-1"
      },
      {
        "Aspect": "가격",
        "SentimentText": "제값주고 샀는데 너무 어이 없네요",
        "SentimentWord": "5",
        "SentimentPolarity": "-1"
      }
    ]
  },
  {
    "Index": "8202",
    "RawText": "가격이 저렴한  반면 에어 프라이어 본체 뚜껑부위에  누군가 사용한것 같은  기름때 흔적이 있었음. 성능은  나쁘지 않음",
    "Source": "SNS",
    "Domain": "가전",
    "MainCategory": "주방가전",
    "ProductName": "(TV)필립스 에센셜 에어프라이어 HD9228/10",
    "ReviewScore": "60",
    "Syllable": "67",
    "Word": "16",
    "RDate": "20201114",
    "GeneralPolarity": "0",
    "Aspects": [
      {
        "Aspect": "가격",
        "SentimentText": "가격이 저렴한  반면",
        "SentimentWord": "3",
        "SentimentPolarity": "1"
      },
      {
        "Aspect": "품질",
        "SentimentText": "누군가 사용한것 같은  기름때 흔적이 있었음",
        "SentimentWord": "6",
        "SentimentPolarity": "-1"
      },
      {
        "Aspect": "기능",
        "SentimentText": "성능은  나쁘지 않음",
        "SentimentWord": "3",
        "SentimentPolarity": "0"
      }
    ]
  },
  {
    "Index": "8203",
    "RawText": "배송 많이 늦었구요 생각보다 안이 작아요 덩치만 엄청크고 무겁고 조금 실망입니다",
    "Source": "SNS",
    "Domain": "가전",
    "MainCategory": "주방가전",
    "ProductName": "(TV)필립스 에센셜 에어프라이어 HD9228/10",
    "ReviewScore": "50",
    "Syllable": "44",
    "Word": "11",
    "RDate": "20200928",
    "Aspects": [
      {
        "Aspect": "사이즈",
        "SentimentText": "생각보다 안이 작아요",
        "SentimentWord": "3",
        "SentimentPolarity": "-1"
      },
      {
        "Aspect": "사이즈",
        "SentimentText": "덩치만 엄청크고 무겁고 조금 실망입니다",
        "SentimentWord": "5",
        "SentimentPolarity": "-1"
      },
      {
        "Aspect": "무게",
        "SentimentText": "무겁고 조금 실망입니다",
        "SentimentWord": "3",
        "SentimentPolarity": "-1"
      }
    ]
  },
  {
    "Index": "8204",
    "RawText": "좋은 가격에 잘 사서  많이사용하고 있어요~~ 디자인 굿 굿 굿~~~~",
    "Source": "SNS",
    "Domain": "가전",
    "MainCategory": "주방가전",
    "ProductName": "(TV)필립스 에센셜 에어프라이어 HD9228/10",
    "ReviewScore": "100",
    "Syllable": "39",
    "Word": "10",
    "RDate": "20201022",
    "GeneralPolarity": "1",
    "Aspects": [
      {
        "Aspect": "가격",
        "SentimentText": "좋은 가격에 잘 사서  많이사용하고 있어요~~",
        "SentimentWord": "6",
        "SentimentPolarity": "1"
      },
      {
        "Aspect": "디자인",
        "SentimentText": "디자인 굿 굿 굿~~~~",
        "SentimentWord": "4",
        "SentimentPolarity": "1"
      }
    ]
  },
  {
    "Index": "8205",
    "RawText": "드디어 도착한 에어프라이어 요리가 즐거워요  집에 있는 재료를 모두 꺼내 요리 해봐요. 굿~ 감자 돼지고기 만두 고구마 등 계속해놓으니  조작은 아주 쬐금 서툴지만 불편하진 않네요~ 가족들 모두 여러요리를 즐겨먹을수 있어서 행복한 시간 보내요  사진이 안올라가서 아쉬워요",
    "Source": "SNS",
    "Domain": "가전",
    "MainCategory": "주방가전",
    "ProductName": "(TV)해밀턴비치 에어프라이어오븐 9.5L ZD1610R",
    "ReviewScore": "100",
    "Syllable": "151",
    "Word": "36",
    "RDate": "20190415",
    "GeneralPolarity": "1",
    "Aspects": [
      {
        "Aspect": "편의성",
        "SentimentText": "집에 있는 재료를 모두 꺼내 요리 해봐요. 굿~",
        "SentimentWord": "8",
        "SentimentPolarity": "1"
      },
      {
        "Aspect": "조작성",
        "SentimentText": "조작은 아주 쬐금 서툴지만 불편하진 않네요~",
        "SentimentWord": "6",
        "SentimentPolarity": "0"
      }
    ]
  },
  {
    "Index": "8206",
    "RawText": "우선디자인은맘에들어요 내부 사이즈는생각보다작은듯",
    "Source": "SNS",
    "Domain": "가전",
    "MainCategory": "주방가전",
    "ProductName": "(TV)해밀턴비치 에어프라이어오븐 9.5L ZD1610R",
    "ReviewScore": "20",
    "Syllable": "26",
    "Word": "3",
    "RDate": "20190501",
    "GeneralPolarity": "0",
    "Aspects": [
      {
        "Aspect": "디자인",
        "SentimentText": "디자인은맘에들어요",
        "SentimentWord": "1",
        "SentimentPolarity": "1"
      },
      {
        "Aspect": "사이즈",
        "SentimentText": "내부 사이즈는생각보다작은듯",
        "SentimentWord": "2",
        "SentimentPolarity": "-1"
      }
    ]
  },
  {
    "Index": "8207",
    "RawText": "전자렌지는 뎁히기 기능 해동기능만으로 충분한것같아요 비싼거 필요없음매~^^ 가겨도좋고 배송도 좋고 다좋습니다",
    "Source": "SNS",
    "Domain": "가전",
    "MainCategory": "주방가전",
    "ProductName": "(직매입_E)쿠잉 다이얼식 20L 전자레인지 MM720CJ9",
    "ReviewScore": "100",
    "Syllable": "60",
    "Word": "11",
    "RDate": "20180708",
    "Aspects": [
      {
        "Aspect": "기능",
        "SentimentText": "전자렌지는 뎁히기 기능 해동기능만으로 충분한것같아요",
        "SentimentWord": "5",
        "SentimentPolarity": "1"
      },
      {
        "Aspect": "가격",
        "SentimentText": "비싼거 필요없음매~^^ 가겨도좋고",
        "SentimentWord": "3",
        "SentimentPolarity": "1"
      },
      {
        "Aspect": "가격",
        "SentimentText": "가겨도좋고",
        "SentimentWord": "1",
        "SentimentPolarity": "1"
      }
    ]
  },
  {
    "Index": "8208",
    "RawText": "사용하던게 고장나서 구입했어요. 디자인은 예쁜데 버튼을 일일히 눌러서 사용하는게 불편하네요.",
    "Source": "SNS",
    "Domain": "가전",
    "MainCategory": "주방가전",
    "ProductName": "*삼성 BESPOKE 전자레인지 23L MG23A5378CC (스마트 쿡)_",
    "ReviewScore": "100",
    "Syllable": "51",
    "Word": "10",
    "RDate": "20210831",
    "GeneralPolarity": "0",
    "Aspects": [
      {
        "Aspect": "디자인",
        "SentimentText": "디자인은 예쁜데 ",
        "SentimentWord": "2",
        "SentimentPolarity": "1"
      },
      {
        "Aspect": "조작성",
        "SentimentText": "버튼을 일일히 눌러서 사용하는게 불편하네요.",
        "SentimentWord": "5",
        "SentimentPolarity": "-1"
      }
    ]
  },
  {
    "Index": "8209",
    "RawText": "상품 품질은 당연히 만족해요 OOO이면 안봐도 합격 아닌가요? ㅋㅋㅋ 아주 만족합니다 친절한 배송설치 감사드려요~ ^^",
    "Source": "SNS",
    "Domain": "가전",
    "MainCategory": "주방가전",
    "ProductName": "*삼성 전자레인지 MS23K3513AK (23L/블랙)",
    "ReviewScore": "100",
    "Syllable": "66",
    "Word": "15",
    "RDate": "20190131",
    "Aspects": [
      {
        "Aspect": "품질",
        "SentimentText": "상품 품질은 당연히 만족해요",
        "SentimentWord": "4",
        "SentimentPolarity": "1"
      },
      {
        "Aspect": "제조일/제조사",
        "SentimentText": "OOO이면 안봐도 합격 아닌가요? ㅋㅋㅋ 아주 만족합니다",
        "SentimentWord": "7",
        "SentimentPolarity": "1"
      }
    ]
  },
  {
    "Index": "8210",
    "RawText": "작고 디자인 깔끔 한데 기능 쓸만하네요. 가성비갑입니다",
    "Source": "SNS",
    "Domain": "가전",
    "MainCategory": "주방가전",
    "ProductName": "[SK매직] 듀얼다이얼 전자레인지 MWOM8A03",
    "ReviewScore": "100",
    "Syllable": "30",
    "Word": "7",
    "RDate": "20190612",
    "GeneralPolarity": "1",
    "Aspects": [
      {
        "Aspect": "디자인",
        "SentimentText": "작고 디자인 깔끔 한데 기능 쓸만하네요. ",
        "SentimentWord": "6",
        "SentimentPolarity": "1"
      },
      {
        "Aspect": "기능",
        "SentimentText": " 깔끔 한데 기능 쓸만하네요",
        "SentimentWord": "4",
        "SentimentPolarity": "1"
      },
      {
        "Aspect": "가격",
        "SentimentText": "가성비갑입니다",
        "SentimentWord": "1",
        "SentimentPolarity": "1"
      }
    ]
  },
  {
    "Index": "8211",
    "RawText": "가격도 싸고 사이즈도 적당하네요..세척에 편리하게 되어있는점 너무 좋아요..",
    "Source": "SNS",
    "Domain": "가전",
    "MainCategory": "주방가전",
    "ProductName": "[메디하임]에어프라이어 MAF-5585 (블랙실버／화이트골드)",
    "ReviewScore": "100",
    "Syllable": "42",
    "Word": "8",
    "RDate": "20210825",
    "GeneralPolarity": "1",
    "Aspects": [
      {
        "Aspect": "가격",
        "SentimentText": "가격도 싸고 사이즈도 적당하네요.",
        "SentimentWord": "4",
        "SentimentPolarity": "1"
      },
      {
        "Aspect": "사이즈",
        "SentimentText": "사이즈도 적당하네요..",
        "SentimentWord": "2",
        "SentimentPolarity": "1"
      },
      {
        "Aspect": "편의성",
        "SentimentText": "세척에 편리하게 되어있는점 너무 좋아요..",
        "SentimentWord": "5",
        "SentimentPolarity": "1"
      }
    ]
  },
  {
    "Index": "8212",
    "RawText": "가성비  너무 좋내여  기대안햇는대  크기도  적당하고 잘구워지고 디자인도 이쁩니다",
    "Source": "SNS",
    "Domain": "가전",
    "MainCategory": "주방가전",
    "ProductName": "[메디하임]에어프라이어 MAF-5585 (블랙실버／화이트골드)",
    "ReviewScore": "100",
    "Syllable": "46",
    "Word": "9",
    "RDate": "20210821",
    "GeneralPolarity": "1",
    "Aspects": [
      {
        "Aspect": "가격",
        "SentimentText": "가성비  너무 좋내여",
        "SentimentWord": "3",
        "SentimentPolarity": "1"
      },
      {
        "Aspect": "사이즈",
        "SentimentText": "크기도  적당하고",
        "SentimentWord": "2",
        "SentimentPolarity": "1"
      },
      {
        "Aspect": "디자인",
        "SentimentText": "디자인도 이쁩니다",
        "SentimentWord": "2",
        "SentimentPolarity": "1"
      }
    ]
  },
  {
    "Index": "8213",
    "RawText": "간편하게 쓸 수 있어서 좋긴한데  예상보다 기름을 더 넣어야 하는 거 같아서 좀 그러네요.",
    "Source": "SNS",
    "Domain": "가전",
    "MainCategory": "주방가전",
    "ProductName": "[메디하임]에어프라이어 MAF-5585 (블랙실버／화이트골드)",
    "ReviewScore": "70",
    "Syllable": "50",
    "Word": "14",
    "RDate": "20210916",
    "GeneralPolarity": "0",
    "Aspects": [
      {
        "Aspect": "편의성",
        "SentimentText": "간편하게 쓸 수 있어서 좋긴한데 ",
        "SentimentWord": "5",
        "SentimentPolarity": "0"
      },
      {
        "Aspect": "기능",
        "SentimentText": "예상보다 기름을 더 넣어야 하는 거 같아서 좀 그러네요.",
        "SentimentWord": "9",
        "SentimentPolarity": "0"
      }
    ]
  },
  {
    "Index": "8214",
    "RawText": "생각보다 작아요ㅠ~~~ 바스켓도 좀 얇은것 같아요~~~",
    "Source": "SNS",
    "Domain": "가전",
    "MainCategory": "주방가전",
    "ProductName": "[메디하임]에어프라이어 MAF-5585 (블랙실버／화이트골드)",
    "ReviewScore": "60",
    "Syllable": "30",
    "Word": "6",
    "RDate": "20210822",
    "GeneralPolarity": "-1",
    "Aspects": [
      {
        "Aspect": "사이즈",
        "SentimentText": "생각보다 작아요ㅠ~~~",
        "SentimentWord": "2",
        "SentimentPolarity": "-1"
      },
      {
        "Aspect": "사이즈",
        "SentimentText": "바스켓도 좀 얇은것 같아요~~~",
        "SentimentWord": "4",
        "SentimentPolarity": "-1"
      }
    ]
  },
  {
    "Index": "8215",
    "RawText": "00에 올라왔을 때 좋은 가격에 구입. 잘 사용하고 있어요. 온도와 타이머가 다이얼식이라 좀 불편하네요.",
    "Source": "SNS",
    "Domain": "가전",
    "MainCategory": "주방가전",
    "ProductName": "[메디하임]에어프라이어 MAF-5585 (블랙실버／화이트골드)",
    "ReviewScore": "100",
    "Syllable": "58",
    "Word": "14",
    "RDate": "20211118",
    "GeneralPolarity": "0",
    "Aspects": [
      {
        "Aspect": "가격",
        "SentimentText": "좋은 가격에 구입. 잘 사용하고 있어요.",
        "SentimentWord": "6",
        "SentimentPolarity": "1"
      },
      {
        "Aspect": "편의성",
        "SentimentText": "온도와 타이머가 다이얼식이라 좀 불편하네요.",
        "SentimentWord": "5",
        "SentimentPolarity": "-1"
      }
    ]
  },
  {
    "Index": "8216",
    "RawText": "디자인 예쁘네요 적은용량을 원했는데 좋네요 가격도 좋은가격에 구매했어요",
    "Source": "SNS",
    "Domain": "가전",
    "MainCategory": "주방가전",
    "ProductName": "[메디하임]에어프라이어 MAF-5585 (블랙실버／화이트골드)",
    "ReviewScore": "100",
    "Syllable": "39",
    "Word": "8",
    "RDate": "20210820",
    "GeneralPolarity": "1",
    "Aspects": [
      {
        "Aspect": "디자인",
        "SentimentText": "디자인 예쁘네요",
        "SentimentWord": "2",
        "SentimentPolarity": "1"
      },
      {
        "Aspect": "사이즈",
        "SentimentText": "적은용량을 원했는데 좋네요",
        "SentimentWord": "3",
        "SentimentPolarity": "1"
      },
      {
        "Aspect": "가격",
        "SentimentText": "가격도 좋은가격에 구매했어요",
        "SentimentWord": "3",
        "SentimentPolarity": "1"
      }
    ]
  },
  {
    "Index": "8217",
    "RawText": "자취하는 동생 선물로 줬어요~ 크기도 너무 작지 않아 좋고 가격도 와~ 가성비갑이에요!",
    "Source": "SNS",
    "Domain": "가전",
    "MainCategory": "주방가전",
    "ProductName": "[메디하임]에어프라이어 MAF-5585 (블랙실버／화이트골드)",
    "ReviewScore": "100",
    "Syllable": "48",
    "Word": "12",
    "RDate": "20210825",
    "GeneralPolarity": "1",
    "Aspects": [
      {
        "Aspect": "사이즈",
        "SentimentText": "크기도 너무 작지 않아 좋고",
        "SentimentWord": "5",
        "SentimentPolarity": "1"
      },
      {
        "Aspect": "가격",
        "SentimentText": "가격도 와~ 가성비갑이에요!",
        "SentimentWord": "3",
        "SentimentPolarity": "1"
      }
    ]
  },
  {
    "Index": "8218",
    "RawText": "냉동식품 요리할때  잘쓰고 있습니다. 크기가 작지만 한동안 잘 사용할게요",
    "Source": "SNS",
    "Domain": "가전",
    "MainCategory": "주방가전",
    "ProductName": "[메디하임]에어프라이어 MAF-5585 (블랙실버／화이트골드)",
    "ReviewScore": "100",
    "Syllable": "40",
    "Word": "9",
    "RDate": "20210825",
    "GeneralPolarity": "1",
    "Aspects": [
      {
        "Aspect": "기능",
        "SentimentText": "냉동식품 요리할때  잘쓰고 있습니다",
        "SentimentWord": "4",
        "SentimentPolarity": "1"
      },
      {
        "Aspect": "사이즈",
        "SentimentText": "크기가 작지만 한동안 잘 사용할게요",
        "SentimentWord": "5",
        "SentimentPolarity": "0"
      }
    ]
  },
  {
    "Index": "8219",
    "RawText": "화이트를 한 거 같은데 내 손이 삐끗했나 블랙이네여 블랙은 싫은데..내 잘못인데 그냥 씁니다 온도를 다이얼로 조절하는 거네요 디자인적으로 마음에 안듭니다 ",
    "Source": "SNS",
    "Domain": "가전",
    "MainCategory": "주방가전",
    "ProductName": "[메디하임]에어프라이어 MAF-5585 (블랙실버／화이트골드)",
    "ReviewScore": "40",
    "Syllable": "86",
    "Word": "20",
    "RDate": "20210831",
    "Aspects": [
      {
        "Aspect": "색상",
        "SentimentText": "화이트를 한 거 같은데 내 손이 삐끗했나 블랙이네여 블랙은 싫은데.",
        "SentimentWord": "10",
        "SentimentPolarity": "-1"
      },
      {
        "Aspect": "디자인",
        "SentimentText": "온도를 다이얼로 조절하는 거네요 디자인적으로 마음에 안듭니다",
        "SentimentWord": "7",
        "SentimentPolarity": "-1"
      }
    ]
  },
  {
    "Index": "8220",
    "RawText": "색상이 마음에 안듭니다 주문과 다른 색상으로 받았어요~ 그건 그렀다치고 재고 떨이 라도 하는듯이 상품은 반품된것 다시 검수도 안거친듯온갓 이물질이 덕지덕지 반품 귀찮아 그냥 쓰지만  같은 브랜드 다른 상품은 쳐다도 안볼듯....",
    "Source": "SNS",
    "Domain": "가전",
    "MainCategory": "주방가전",
    "ProductName": "[메디하임]에어프라이어 MAF-5585 (블랙실버／화이트골드)",
    "ReviewScore": "20",
    "Syllable": "127",
    "Word": "30",
    "RDate": "20210820",
    "Aspects": [
      {
        "Aspect": "색상",
        "SentimentText": "색상이 마음에 안듭니다 주문과 다른 색상으로 받았어요~",
        "SentimentWord": "7",
        "SentimentPolarity": "-1"
      },
      {
        "Aspect": "품질",
        "SentimentText": "이물질이 덕지덕지 반품 귀찮아 그냥 쓰지만 ",
        "SentimentWord": "6",
        "SentimentPolarity": "-1"
      }
    ]
  },
  {
    "Index": "8221",
    "RawText": "잘 받아서 편리하게 잘 사용하고 있습니다. 성능도 좋은 것 같습니다.",
    "Source": "SNS",
    "Domain": "가전",
    "MainCategory": "주방가전",
    "ProductName": "★삼성 전자레인지 MS23K3523AW (23L/화이트)",
    "ReviewScore": "100",
    "Syllable": "38",
    "Word": "10",
    "RDate": "20180530",
    "GeneralPolarity": "1",
    "Aspects": [
      {
        "Aspect": "편의성",
        "SentimentText": "잘 받아서 편리하게 잘 사용하고 있습니다.",
        "SentimentWord": "6",
        "SentimentPolarity": "1"
      },
      {
        "Aspect": "기능",
        "SentimentText": "성능도 좋은 것 같습니다.",
        "SentimentWord": "4",
        "SentimentPolarity": "1"
      }
    ]
  },
  {
    "Index": "8222",
    "RawText": "넘 만족합니다. 디자인도 성능도 모두 만족합니다.~",
    "Source": "SNS",
    "Domain": "가전",
    "MainCategory": "주방가전",
    "ProductName": "LG 전자레인지 MW22CD9 (22L/블랙)",
    "ReviewScore": "100",
    "Syllable": "28",
    "Word": "6",
    "RDate": "20210908",
    "GeneralPolarity": "1",
    "Aspects": [
      {
        "Aspect": "디자인",
        "SentimentText": "디자인도 성능도 모두 만족합니다.~",
        "SentimentWord": "4",
        "SentimentPolarity": "1"
      },
      {
        "Aspect": "기능",
        "SentimentText": "성능도 모두 만족합니다.~",
        "SentimentWord": "3",
        "SentimentPolarity": "1"
      }
    ]
  },
  {
    "Index": "8223",
    "RawText": "배송도 생각외로 빠르고 내부가 잘 보이니 좋네요 파워풀한 인버터 모터로 조리시간이 빨라져서 자주자주 이용해요 ",
    "Source": "SNS",
    "Domain": "가전",
    "MainCategory": "주방가전",
    "ProductName": "LG 전자레인지 MW22CD9 (22L/블랙)",
    "ReviewScore": "100",
    "Syllable": "61",
    "Word": "14",
    "RDate": "20210429",
    "Aspects": [
      {
        "Aspect": "시간/속도",
        "SentimentText": "파워풀한 인버터 모터로 조리시간이 빨라져서 자주자주 이용해요",
        "SentimentWord": "7",
        "SentimentPolarity": "1"
      },
      {
        "Aspect": "디자인",
        "SentimentText": "내부가 잘 보이니 좋네요",
        "SentimentWord": "4",
        "SentimentPolarity": "1"
      }
    ]
  },
  {
    "Index": "8224",
    "RawText": "생선구이는 확실히 잘되는데, 용량은 생각보다 확 크지는 않음",
    "Source": "SNS",
    "Domain": "가전",
    "MainCategory": "주방가전",
    "ProductName": "미켈란젤로 18L 로티세리 에어프라이어오븐 블랙 ARO-WELL5000OV",
    "ReviewScore": "90",
    "Syllable": "33",
    "Word": "8",
    "RDate": "20220110",
    "GeneralPolarity": "0",
    "Aspects": [
      {
        "Aspect": "기능",
        "SentimentText": "생선구이는 확실히 잘되는데",
        "SentimentWord": "3",
        "SentimentPolarity": "1"
      },
      {
        "Aspect": "사이즈",
        "SentimentText": "용량은 생각보다 확 크지는 않음",
        "SentimentWord": "5",
        "SentimentPolarity": "0"
      }
    ]
  },
  {
    "Index": "8225",
    "RawText": "제품 성능도 좋고 저렴하게 잘 샀습니다  딱 원하는 에어프라이어네요 감사합니다",
    "Source": "SNS",
    "Domain": "가전",
    "MainCategory": "주방가전",
    "ProductName": "미켈란젤로 18L 로티세리 에어프라이어오븐 블랙 ARO-WELL5000OV",
    "ReviewScore": "100",
    "Syllable": "43",
    "Word": "10",
    "RDate": "20220125",
    "GeneralPolarity": "1",
    "Aspects": [
      {
        "Aspect": "기능",
        "SentimentText": "제품 성능도 좋고 저렴하게 잘 샀습니다  딱 원하는 에어프라이어네요",
        "SentimentWord": "9",
        "SentimentPolarity": "1"
      },
      {
        "Aspect": "가격",
        "SentimentText": " 저렴하게 잘 샀습니다 ",
        "SentimentWord": "3",
        "SentimentPolarity": "1"
      }
    ]
  },
  {
    "Index": "8226",
    "RawText": "집에 에어프라이가 있는데 좀 작아서 편하게 려고 주문했습니다. 정말 너무 잘 사용하고 있습니다. 하루에 2.3번은 사용하는것 같습니다. 없으면 안되는 필수템 입니다. 자렴하게 잘 구매했다고 생각합니다.",
    "Source": "SNS",
    "Domain": "가전",
    "MainCategory": "주방가전",
    "ProductName": "미켈란젤로 18L 로티세리 에어프라이어오븐 블랙 ARO-WELL5000OV",
    "ReviewScore": "100",
    "Syllable": "112",
    "Word": "25",
    "RDate": "20220219",
    "GeneralPolarity": "1",
    "Aspects": [
      {
        "Aspect": "사이즈",
        "SentimentText": "집에 에어프라이가 있는데 좀 작아서 편하게 려고 주문했습니다. 정말 너무 잘 사용하고 있습니다.",
        "SentimentWord": "13",
        "SentimentPolarity": "1"
      },
      {
        "Aspect": "편의성",
        "SentimentText": "하루에 2.3번은 사용하는것 같습니다. 없으면 안되는 필수템 입니다.",
        "SentimentWord": "8",
        "SentimentPolarity": "1"
      },
      {
        "Aspect": "가격",
        "SentimentText": "자렴하게 잘 구매했다고 생각합니다.",
        "SentimentWord": "4",
        "SentimentPolarity": "1"
      }
    ]
  },
  {
    "Index": "8227",
    "RawText": "정말 마냥기다리다 배송 받았네요  파스텔 핑크가 너무 예뻐요 디자인이새로워서 좋으네요",
    "Source": "SNS",
    "Domain": "가전",
    "MainCategory": "주방가전",
    "ProductName": "삼성 전자레인지 MG23T5018CP (23L/클린핑크)_",
    "ReviewScore": "100",
    "Syllable": "47",
    "Word": "10",
    "RDate": "20210903",
    "Aspects": [
      {
        "Aspect": "색상",
        "SentimentText": "파스텔 핑크가 너무 예뻐요",
        "SentimentWord": "4",
        "SentimentPolarity": "0"
      },
      {
        "Aspect": "디자인",
        "SentimentText": "디자인이새로워서 좋으네요",
        "SentimentWord": "2",
        "SentimentPolarity": "1"
      }
    ]
  },
  {
    "Index": "8228",
    "RawText": "제품을 잘 쓰고 있습니다 3면 입체가열 방식하 하는데 잘 모르겠어요 일반 전자렌지랑 똑같아요 사용하는데 굉장히 편해서 큰 불만은 없습니다",
    "Source": "SNS",
    "Domain": "가전",
    "MainCategory": "주방가전",
    "ProductName": "삼성전자 전자레인지 MS23K3513AK (23L/블랙)_",
    "ReviewScore": "60",
    "Syllable": "76",
    "Word": "19",
    "RDate": "20210630",
    "Aspects": [
      {
        "Aspect": "기능",
        "SentimentText": "3면 입체가열 방식하 하는데 잘 모르겠어요 일반 전자렌지랑 똑같아요",
        "SentimentWord": "9",
        "SentimentPolarity": "0"
      },
      {
        "Aspect": "편의성",
        "SentimentText": "사용하는데 굉장히 편해서 큰 불만은 없습니다",
        "SentimentWord": "6",
        "SentimentPolarity": "1"
      }
    ]
  }
]