[
  {
    "Index": "32850",
    "RawText": "내 솥 재질이 스테인리스라 세척도 용이하고 좋습니다~ 그런데 생각보다 내 솥 용량이 더 작아서 아쉽네요",
    "Source": "쇼핑몰",
    "Domain": "가전",
    "MainCategory": "주방가전",
    "ProductName": "쿠쿠전자 CRP-DHP0610FD 일반구매",
    "ReviewScore": "5",
    "Syllable": "57",
    "Word": "15",
    "RDate": "20220306",
    "GeneralPolarity": "0",
    "Aspects": [
      {
        "Aspect": "소재",
        "SentimentText": "내 솥 재질이 스테인리스라 세척도 용이하고 좋습니다~",
        "SentimentWord": "7",
        "SentimentPolarity": "1"
      },
      {
        "Aspect": "용량",
        "SentimentText": "생각보다 내 솥 용량이 더 작아서 아쉽네요",
        "SentimentWord": "7",
        "SentimentPolarity": "-1"
      }
    ]
  },
  {
    "Index": "32853",
    "RawText": "디자인이 깔끔해서 아주 마음에 쏙 듭니다~ 잡곡밥도 너무 찰지게 잘 돼서 200%만족입니다^^",
    "Source": "쇼핑몰",
    "Domain": "가전",
    "MainCategory": "주방가전",
    "ProductName": "쿠쿠전자 CRP-DHP0610FD 일반구매",
    "ReviewScore": "5",
    "Syllable": "52",
    "Word": "12",
    "RDate": "20201208",
    "GeneralPolarity": "1",
    "Aspects": [
      {
        "Aspect": "디자인",
        "SentimentText": "디자인이 깔끔해서 아주 마음에 쏙 듭니다~",
        "SentimentWord": "6",
        "SentimentPolarity": "1"
      },
      {
        "Aspect": "기능",
        "SentimentText": "잡곡밥도 너무 찰지게 잘 돼서 200%만족입니다^^",
        "SentimentWord": "6",
        "SentimentPolarity": "1"
      }
    ]
  },
  {
    "Index": "32854",
    "RawText": "잡곡밥을 해도 윤기가 흐르는 게 너무 맛있게 잘 되네요~ 오프라인보다 저렴하게 살 수 있어서 너무 기분이 좋아요",
    "Source": "쇼핑몰",
    "Domain": "가전",
    "MainCategory": "주방가전",
    "ProductName": "쿠쿠전자 CRP-DHP0610FD 일반구매",
    "ReviewScore": "5",
    "Syllable": "62",
    "Word": "17",
    "RDate": "20220118",
    "GeneralPolarity": "1",
    "Aspects": [
      {
        "Aspect": "기능",
        "SentimentText": "잡곡밥을 해도 윤기가 흐르는 게 너무 맛있게 잘 되네요~",
        "SentimentWord": "9",
        "SentimentPolarity": "1"
      },
      {
        "Aspect": "가격",
        "SentimentText": "오프라인보다 저렴하게 살 수 있어서 너무 기분이 좋아요",
        "SentimentWord": "8",
        "SentimentPolarity": "1"
      }
    ]
  },
  {
    "Index": "32855",
    "RawText": "디자인은 살짝 올드해서 별로예요.. 그래도 밥은 찰 지게 잘 지어내서 맛도 좋고 만족합니다",
    "Source": "쇼핑몰",
    "Domain": "가전",
    "MainCategory": "주방가전",
    "ProductName": "쿠쿠전자 CRP-DHP0610FD 일반구매",
    "ReviewScore": "5",
    "Syllable": "50",
    "Word": "13",
    "RDate": "20210106",
    "GeneralPolarity": "0",
    "Aspects": [
      {
        "Aspect": "디자인",
        "SentimentText": "디자인은 살짝 올드해서 별로예요..",
        "SentimentWord": "4",
        "SentimentPolarity": "-1"
      },
      {
        "Aspect": "기능",
        "SentimentText": "밥은 찰 지게 잘 지어내서 맛도 좋고 만족합니다",
        "SentimentWord": "8",
        "SentimentPolarity": "1"
      }
    ]
  },
  {
    "Index": "32857",
    "RawText": "생각보다 밥솥 사이즈가 커서 싱크대가 꽉 차서 별로예요;  그래도 디자인은 심플하니 예뻐서 좋아요.",
    "Source": "쇼핑몰",
    "Domain": "가전",
    "MainCategory": "주방가전",
    "ProductName": "쿠쿠전자 CRP-DHXB0610FS 일반구매",
    "ReviewScore": "5",
    "Syllable": "55",
    "Word": "13",
    "RDate": "20200301",
    "GeneralPolarity": "0",
    "Aspects": [
      {
        "Aspect": "사이즈",
        "SentimentText": "생각보다 밥솥 사이즈가 커서 싱크대가 꽉 차서 별로예요; ",
        "SentimentWord": "8",
        "SentimentPolarity": "-1"
      },
      {
        "Aspect": "디자인",
        "SentimentText": "디자인은 심플하니 예뻐서 좋아요. ",
        "SentimentWord": "4",
        "SentimentPolarity": "1"
      }
    ]
  },
  {
    "Index": "32860",
    "RawText": "쓰던 10인용 고장으로 6인용으로 교체했는데 식구 수가 줄어 6인용이 쓰기 적합하네요. 디자인도 너무 심플하고 이쁩니다",
    "Source": "쇼핑몰",
    "Domain": "가전",
    "MainCategory": "주방가전",
    "ProductName": "쿠쿠전자 CRP-DHXB0610FS 일반구매",
    "ReviewScore": "5",
    "Syllable": "66",
    "Word": "15",
    "RDate": "20200122",
    "GeneralPolarity": "1",
    "Aspects": [
      {
        "Aspect": "용량",
        "SentimentText": " 6인용으로 교체했는데 식구 수가 줄어 6인용이 쓰기 적합하네요. ",
        "SentimentWord": "8",
        "SentimentPolarity": "1"
      },
      {
        "Aspect": "디자인",
        "SentimentText": " 디자인도 너무 심플하고 이쁩니다",
        "SentimentWord": "4",
        "SentimentPolarity": "1"
      }
    ]
  },
  {
    "Index": "32863",
    "RawText": "디자인은 작고 아담해서 예뻐서 마음에 듭니다. 그런데 내 솥 재질이 더 얇아진 거 같아서 아쉽네요",
    "Source": "쇼핑몰",
    "Domain": "가전",
    "MainCategory": "주방가전",
    "ProductName": "쿠쿠전자 CRP-DHXB0610FS 일반구매",
    "ReviewScore": "5",
    "Syllable": "54",
    "Word": "15",
    "RDate": "20190925",
    "GeneralPolarity": "0",
    "Aspects": [
      {
        "Aspect": "디자인",
        "SentimentText": "디자인은 작고 아담해서 예뻐서 마음에 듭니다.",
        "SentimentWord": "6",
        "SentimentPolarity": "1"
      },
      {
        "Aspect": "소재",
        "SentimentText": "내 솥 재질이 더 얇아진 거 같아서 아쉽네요",
        "SentimentWord": "8",
        "SentimentPolarity": "-1"
      }
    ]
  },
  {
    "Index": "32867",
    "RawText": "내 솥 용량이 딱 6인 가구가 먹기 좋은 양입니다. 색상은 사진보다 안 예뻐서 아쉽네요",
    "Source": "쇼핑몰",
    "Domain": "가전",
    "MainCategory": "주방가전",
    "ProductName": "쿠쿠전자 CRP-DHXB0610FS 일반구매",
    "ReviewScore": "5",
    "Syllable": "48",
    "Word": "14",
    "RDate": "20210915",
    "GeneralPolarity": "0",
    "Aspects": [
      {
        "Aspect": "용량",
        "SentimentText": "내 솥 용량이 딱 6인 가구가 먹기 좋은 양입니다.",
        "SentimentWord": "9",
        "SentimentPolarity": "1"
      },
      {
        "Aspect": "색상",
        "SentimentText": "색상은 사진보다 안 예뻐서 아쉽네요",
        "SentimentWord": "5",
        "SentimentPolarity": "-1"
      }
    ]
  },
  {
    "Index": "32870",
    "RawText": "저렴한 가격에 구매 할 수 있어서 너무 좋아요!! 그런데 간혹 터치가 잘 안 먹혀서 애를 먹네요;;",
    "Source": "쇼핑몰",
    "Domain": "가전",
    "MainCategory": "주방가전",
    "ProductName": "쿠쿠전자 CRP-DHXB0610FS 일반구매",
    "ReviewScore": "5",
    "Syllable": "55",
    "Word": "16",
    "RDate": "20201006",
    "GeneralPolarity": "0",
    "Aspects": [
      {
        "Aspect": "가격",
        "SentimentText": "저렴한 가격에 구매 할 수 있어서 너무 좋아요!! ",
        "SentimentWord": "8",
        "SentimentPolarity": "1"
      },
      {
        "Aspect": "조작성",
        "SentimentText": "간혹 터치가 잘 안 먹혀서 애를 먹네요;;",
        "SentimentWord": "7",
        "SentimentPolarity": "-1"
      }
    ]
  },
  {
    "Index": "32875",
    "RawText": "요리할 수 있는 기능도 다양해서 넘 만족이여~ 디자인도 예쁘고 고급 지고 주방이 환해지네요~",
    "Source": "쇼핑몰",
    "Domain": "가전",
    "MainCategory": "주방가전",
    "ProductName": "쿠쿠전자 CRP-DHXB0610FS 일반구매",
    "ReviewScore": "5",
    "Syllable": "51",
    "Word": "13",
    "RDate": "20200101",
    "GeneralPolarity": "1",
    "Aspects": [
      {
        "Aspect": "기능",
        "SentimentText": "요리할 수 있는 기능도 다양해서 넘 만족이여~",
        "SentimentWord": "7",
        "SentimentPolarity": "1"
      },
      {
        "Aspect": "디자인",
        "SentimentText": "디자인도 예쁘고 고급 지고 주방이 환해지네요~",
        "SentimentWord": "6",
        "SentimentPolarity": "1"
      }
    ]
  },
  {
    "Index": "32883",
    "RawText": "색상이 사진보다 훨씬 고급 지니 마음에 쏙 듭니다~ 안에 내 솥 양이 생각보다 작은 거 같아서 아쉽습니다",
    "Source": "쇼핑몰",
    "Domain": "가전",
    "MainCategory": "주방가전",
    "ProductName": "쿠쿠전자 CRP-DHXB0610FS 일반구매",
    "ReviewScore": "5",
    "Syllable": "58",
    "Word": "17",
    "RDate": "20200318",
    "GeneralPolarity": "0",
    "Aspects": [
      {
        "Aspect": "색상",
        "SentimentText": "색상이 사진보다 훨씬 고급 지니 마음에 쏙 듭니다~ ",
        "SentimentWord": "8",
        "SentimentPolarity": "1"
      },
      {
        "Aspect": "용량",
        "SentimentText": "안에 내 솥 양이 생각보다 작은 거 같아서 아쉽습니다",
        "SentimentWord": "9",
        "SentimentPolarity": "-1"
      }
    ]
  },
  {
    "Index": "32887",
    "RawText": "디자인이 깔끔하니 세련됐어요. 매뉴얼이 조금 복잡해 아직은 어렵지만, 백미 기능으로 만 밥해도 밥이 부드럽고 맛있어요",
    "Source": "쇼핑몰",
    "Domain": "가전",
    "MainCategory": "주방가전",
    "ProductName": "쿠쿠전자 CRP-DHXB0610FS 일반구매",
    "ReviewScore": "5",
    "Syllable": "65",
    "Word": "15",
    "RDate": "20191007",
    "GeneralPolarity": "1",
    "Aspects": [
      {
        "Aspect": "디자인",
        "SentimentText": "디자인이 깔끔하니 세련됐어요. ",
        "SentimentWord": "3",
        "SentimentPolarity": "1"
      },
      {
        "Aspect": "조작성",
        "SentimentText": " 매뉴얼이 조금 복잡해 아직은 어렵지만",
        "SentimentWord": "5",
        "SentimentPolarity": "-1"
      },
      {
        "Aspect": "기능",
        "SentimentText": " 백미 기능으로 만 밥해도 밥이 부드럽고 맛있어요",
        "SentimentWord": "7",
        "SentimentPolarity": "1"
      }
    ]
  },
  {
    "Index": "32888",
    "RawText": "기능이 넘 좋아서 밥이 너무 맛있게 잘 돼서 좋아요!  디자인도 심플해서 너무 마음에 듭니다^^",
    "Source": "쇼핑몰",
    "Domain": "가전",
    "MainCategory": "주방가전",
    "ProductName": "쿠쿠전자 CRP-DHXB0610FS 일반구매",
    "ReviewScore": "5",
    "Syllable": "53",
    "Word": "14",
    "RDate": "20190924",
    "GeneralPolarity": "1",
    "Aspects": [
      {
        "Aspect": "기능",
        "SentimentText": "기능이 넘 좋아서 밥이 너무 맛있게 잘 돼서 좋아요! ",
        "SentimentWord": "9",
        "SentimentPolarity": "1"
      },
      {
        "Aspect": "디자인",
        "SentimentText": "디자인도 심플해서 너무 마음에 듭니다^^",
        "SentimentWord": "5",
        "SentimentPolarity": "1"
      }
    ]
  },
  {
    "Index": "32890",
    "RawText": "디자인 무식해 보이지 않고 이쁘네요. 밥이 너무 맛있어요 압력이 잘 되는 것 같아요",
    "Source": "쇼핑몰",
    "Domain": "가전",
    "MainCategory": "주방가전",
    "ProductName": "쿠쿠전자 CRP-DHXB0610FS 일반구매",
    "ReviewScore": "3",
    "Syllable": "46",
    "Word": "13",
    "RDate": "20200101",
    "GeneralPolarity": "1",
    "Aspects": [
      {
        "Aspect": "디자인",
        "SentimentText": "디자인 무식해 보이지 않고 이쁘네요 ",
        "SentimentWord": "5",
        "SentimentPolarity": "1"
      },
      {
        "Aspect": "기능",
        "SentimentText": "밥이 너무 맛있어요 압력이 잘 되는 것 같아요 ",
        "SentimentWord": "8",
        "SentimentPolarity": "1"
      }
    ]
  },
  {
    "Index": "32891",
    "RawText": "사용할 때마다 플라스틱 타는 냄새가 나요.. 고장인 거 같네요;; 디자인은 사진보다 예뻐서 마음에 듭니다.",
    "Source": "쇼핑몰",
    "Domain": "가전",
    "MainCategory": "주방가전",
    "ProductName": "쿠쿠전자 CRP-DHXB0610FS 일반구매",
    "ReviewScore": "3",
    "Syllable": "59",
    "Word": "14",
    "RDate": "20220523",
    "GeneralPolarity": "0",
    "Aspects": [
      {
        "Aspect": "품질",
        "SentimentText": "사용할 때마다 플라스틱 타는 냄새가 나요.. 고장인 거 같네요;; ",
        "SentimentWord": "9",
        "SentimentPolarity": "-1"
      },
      {
        "Aspect": "디자인",
        "SentimentText": "디자인은 사진보다 예뻐서 마음에 듭니다.",
        "SentimentWord": "5",
        "SentimentPolarity": "1"
      }
    ]
  },
  {
    "Index": "32892",
    "RawText": "디자인 세련돼 보이고 너무 예쁩니다~ 밥도 찰 지고 윤기 나게 잘되니 맛도 베리 굿이네요~",
    "Source": "쇼핑몰",
    "Domain": "가전",
    "MainCategory": "주방가전",
    "ProductName": "쿠쿠전자 CRP-DHXB0610FS 일반구매",
    "ReviewScore": "5",
    "Syllable": "50",
    "Word": "14",
    "RDate": "20220711",
    "GeneralPolarity": "1",
    "Aspects": [
      {
        "Aspect": "디자인",
        "SentimentText": "디자인 세련돼 보이고 너무 예쁩니다~ ",
        "SentimentWord": "5",
        "SentimentPolarity": "1"
      },
      {
        "Aspect": "기능",
        "SentimentText": "밥도 찰 지고 윤기 나게 잘되니 맛도 베리 굿이네요~",
        "SentimentWord": "9",
        "SentimentPolarity": "1"
      }
    ]
  },
  {
    "Index": "32893",
    "RawText": "할인 행사 할 때 구매해서 가격 너무 만족 합니다~ 디자인도 깔끔하니 예쁘고 대 만족^^",
    "Source": "쇼핑몰",
    "Domain": "가전",
    "MainCategory": "주방가전",
    "ProductName": "쿠쿠전자 CRP-DHXB0610FS 일반구매",
    "ReviewScore": "5",
    "Syllable": "49",
    "Word": "14",
    "RDate": "20200614",
    "GeneralPolarity": "1",
    "Aspects": [
      {
        "Aspect": "가격",
        "SentimentText": "할인 행사 할 때 구매해서 가격 너무 만족 합니다~",
        "SentimentWord": "9",
        "SentimentPolarity": "1"
      },
      {
        "Aspect": "디자인",
        "SentimentText": "디자인도 깔끔하니 예쁘고 대 만족^^",
        "SentimentWord": "5",
        "SentimentPolarity": "1"
      }
    ]
  },
  {
    "Index": "32899",
    "RawText": "본가 집에 선물 드렸는데 두 분이서 쓰기 적당한 용량이네요. 밥 맛도 좋타고 하시는데 성능이 좋아서 그런가 봐요",
    "Source": "쇼핑몰",
    "Domain": "가전",
    "MainCategory": "주방가전",
    "ProductName": "쿠쿠전자 CRP-DHXB0610FS 일반구매",
    "ReviewScore": "5",
    "Syllable": "62",
    "Word": "17",
    "RDate": "20220716",
    "GeneralPolarity": "1",
    "Aspects": [
      {
        "Aspect": "용량",
        "SentimentText": "본가 집에 선물 드렸는데 두 분이서 쓰기 적당한 용량이네요 ",
        "SentimentWord": "9",
        "SentimentPolarity": "1"
      },
      {
        "Aspect": "기능",
        "SentimentText": " 밥 맛도 좋타고 하시는데 성능이 좋아서 그런가 봐요 ",
        "SentimentWord": "8",
        "SentimentPolarity": "1"
      }
    ]
  },
  {
    "Index": "32900",
    "RawText": "밥이 윤기가 좌르르~ 너무 맛있게 잘됩니다. 밥 솥 무게도 가벼워서 여자들이 들기에도 좋네요~",
    "Source": "쇼핑몰",
    "Domain": "가전",
    "MainCategory": "주방가전",
    "ProductName": "쿠쿠전자 CRP-DHXB0610FS 일반구매",
    "ReviewScore": "5",
    "Syllable": "52",
    "Word": "13",
    "RDate": "20210712",
    "GeneralPolarity": "1",
    "Aspects": [
      {
        "Aspect": "기능",
        "SentimentText": "밥이 윤기가 좌르르~ 너무 맛있게 잘됩니다.",
        "SentimentWord": "6",
        "SentimentPolarity": "1"
      },
      {
        "Aspect": "무게",
        "SentimentText": " 밥 솥 무게도 가벼워서 여자들이 들기에도 좋네요~",
        "SentimentWord": "7",
        "SentimentPolarity": "1"
      }
    ]
  },
  {
    "Index": "32901",
    "RawText": "내 솥도 재질도 견고하게 잘 만들어져서 마음에 쏙 들어요~ 밥도 짓는 기능도 좋아서 맛있게 잘되니 기분이 좋네요^^",
    "Source": "쇼핑몰",
    "Domain": "가전",
    "MainCategory": "주방가전",
    "ProductName": "쿠쿠전자 CRP-DHXB0610FS 일반구매",
    "ReviewScore": "4",
    "Syllable": "64",
    "Word": "17",
    "RDate": "20200305",
    "GeneralPolarity": "1",
    "Aspects": [
      {
        "Aspect": "소재",
        "SentimentText": "내 솥도 재질도 견고하게 잘 만들어져서 마음에 쏙 들어요~",
        "SentimentWord": "9",
        "SentimentPolarity": "1"
      },
      {
        "Aspect": "기능",
        "SentimentText": "밥도 짓는 기능도 좋아서 맛있게 잘되니 기분이 좋네요^^",
        "SentimentWord": "8",
        "SentimentPolarity": "1"
      }
    ]
  },
  {
    "Index": "32902",
    "RawText": "제품에 비해 가격이 좀 비싼 거 같아서 아쉽네요~ 디자인은 깔끔하고 세련돼 보여서 좋습니다",
    "Source": "쇼핑몰",
    "Domain": "가전",
    "MainCategory": "주방가전",
    "ProductName": "쿠쿠전자 CRP-DHXB0610FS 일반구매",
    "ReviewScore": "5",
    "Syllable": "50",
    "Word": "13",
    "RDate": "20200530",
    "GeneralPolarity": "0",
    "Aspects": [
      {
        "Aspect": "가격",
        "SentimentText": "제품에 비해 가격이 좀 비싼 거 같아서 아쉽네요~",
        "SentimentWord": "8",
        "SentimentPolarity": "-1"
      },
      {
        "Aspect": "디자인",
        "SentimentText": "디자인은 깔끔하고 세련돼 보여서 좋습니다",
        "SentimentWord": "5",
        "SentimentPolarity": "1"
      }
    ]
  },
  {
    "Index": "32903",
    "RawText": "색상이 예뻐서 기존에 있던 가전들이랑 잘 어울려서 굿 ~ 잡곡밥 짓는 기능도 좋아서 밥에 윤기가 생기고 좋네요",
    "Source": "쇼핑몰",
    "Domain": "가전",
    "MainCategory": "주방가전",
    "ProductName": "쿠쿠전자 CRP-DHXB0610FS 일반구매",
    "ReviewScore": "5",
    "Syllable": "61",
    "Word": "17",
    "RDate": "20220502",
    "GeneralPolarity": "1",
    "Aspects": [
      {
        "Aspect": "색상",
        "SentimentText": "색상이 예뻐서 기존에 있던 가전들이랑 잘 어울려서 굿 ~ ",
        "SentimentWord": "9",
        "SentimentPolarity": "1"
      },
      {
        "Aspect": "기능",
        "SentimentText": "잡곡밥 짓는 기능도 좋아서 밥에 윤기가 생기고 좋네요 ",
        "SentimentWord": "8",
        "SentimentPolarity": "1"
      }
    ]
  },
  {
    "Index": "32904",
    "RawText": "밥이 정말 맛있게 되고 보온기능 잘 되서 그런지  하루 지나도 밥맛 그대로예요 ^^ 할인까지 받아 아주 저렴하게 구입했네요♡",
    "Source": "쇼핑몰",
    "Domain": "가전",
    "MainCategory": "주방가전",
    "ProductName": "쿠쿠전자 CRP-DHXB0610FS 일반구매",
    "ReviewScore": "5",
    "Syllable": "69",
    "Word": "18",
    "RDate": "20200225",
    "GeneralPolarity": "1",
    "Aspects": [
      {
        "Aspect": "기능",
        "SentimentText": "보온기능 잘 되서 그런지  하루 지나도 밥맛 그대로예요 ^^",
        "SentimentWord": "9",
        "SentimentPolarity": "1"
      },
      {
        "Aspect": "가격",
        "SentimentText": " 할인까지 받아 아주 저렴하게 구입했네요♡",
        "SentimentWord": "5",
        "SentimentPolarity": "1"
      }
    ]
  },
  {
    "Index": "32905",
    "RawText": "디자인이 고급 지고 깔끔해서 마음에 쏙 듭니다. 기능이 좋은 건지 밥 맛도 기가 막히게 맛있네요~",
    "Source": "쇼핑몰",
    "Domain": "가전",
    "MainCategory": "주방가전",
    "ProductName": "쿠쿠전자 CRP-DHXB0610FS 일반구매",
    "ReviewScore": "5",
    "Syllable": "54",
    "Word": "15",
    "RDate": "20200512",
    "GeneralPolarity": "1",
    "Aspects": [
      {
        "Aspect": "디자인",
        "SentimentText": "디자인이 고급 지고 깔끔해서 마음에 쏙 듭니다.",
        "SentimentWord": "7",
        "SentimentPolarity": "1"
      },
      {
        "Aspect": "기능",
        "SentimentText": "기능이 좋은 건지 밥 맛도 기가 막히게 맛있네요~ ",
        "SentimentWord": "8",
        "SentimentPolarity": "1"
      }
    ]
  },
  {
    "Index": "32906",
    "RawText": "밥맛은 당연 좋고 사용 후 청소까지 아주 간편해요. 디자인도 심플 그 자체라서 마음에 들고 가격까지 합리적인으로 구매했습니다.",
    "Source": "쇼핑몰",
    "Domain": "가전",
    "MainCategory": "주방가전",
    "ProductName": "쿠쿠전자 CRP-DHXB0610FS 일반구매",
    "ReviewScore": "4",
    "Syllable": "70",
    "Word": "17",
    "RDate": "20190926",
    "GeneralPolarity": "1",
    "Aspects": [
      {
        "Aspect": "편의성",
        "SentimentText": " 사용 후 청소까지 아주 간편해요.",
        "SentimentWord": "5",
        "SentimentPolarity": "1"
      },
      {
        "Aspect": "디자인",
        "SentimentText": "디자인도 심플 그 자체라서 마음에 들고 ",
        "SentimentWord": "6",
        "SentimentPolarity": "1"
      },
      {
        "Aspect": "가격",
        "SentimentText": "가격까지 합리적인으로 구매했습니다",
        "SentimentWord": "3",
        "SentimentPolarity": "1"
      }
    ]
  },
  {
    "Index": "32907",
    "RawText": "다른 사이트보다 가격도 저렴하게 잘 사서 기분 최고~ 잡곡밥도 너무 맛있게 잘돼서 밥 하는 게 즐겁습니다~",
    "Source": "쇼핑몰",
    "Domain": "가전",
    "MainCategory": "주방가전",
    "ProductName": "쿠쿠전자 CRP-DHXB0610FS 일반구매",
    "ReviewScore": "5",
    "Syllable": "59",
    "Word": "16",
    "RDate": "20220523",
    "GeneralPolarity": "1",
    "Aspects": [
      {
        "Aspect": "가격",
        "SentimentText": "다른 사이트보다 가격도 저렴하게 잘 사서 기분 최고~",
        "SentimentWord": "8",
        "SentimentPolarity": "1"
      },
      {
        "Aspect": "기능",
        "SentimentText": "잡곡밥도 너무 맛있게 잘돼서 밥 하는 게 즐겁습니다~",
        "SentimentWord": "8",
        "SentimentPolarity": "1"
      }
    ]
  },
  {
    "Index": "32908",
    "RawText": "디자인이 예뻐서 주방 가전이랑 잘 어울려서 좋아요~ 아쉬운 건 내 솥 재질이 조금 더 얇아진 거 같아요 ㅠ",
    "Source": "쇼핑몰",
    "Domain": "가전",
    "MainCategory": "주방가전",
    "ProductName": "쿠쿠전자 CRP-DHXB0610FS 일반구매",
    "ReviewScore": "5",
    "Syllable": "59",
    "Word": "18",
    "RDate": "20200428",
    "GeneralPolarity": "0",
    "Aspects": [
      {
        "Aspect": "디자인",
        "SentimentText": "디자인이 예뻐서 주방 가전이랑 잘 어울려서 좋아요~",
        "SentimentWord": "7",
        "SentimentPolarity": "1"
      },
      {
        "Aspect": "소재",
        "SentimentText": "아쉬운 건 내 솥 재질이 조금 더 얇아진 거 같아요 ㅠ",
        "SentimentWord": "11",
        "SentimentPolarity": "-1"
      }
    ]
  },
  {
    "Index": "32911",
    "RawText": "디자인 진짜 예뻐요 ~ 세련, 고급 다 갖추었어요~ 밥을 하면 밑바닥이 자꾸 타요 ㅠㅠ 불량 인건지...",
    "Source": "쇼핑몰",
    "Domain": "가전",
    "MainCategory": "주방가전",
    "ProductName": "쿠쿠전자 CRP-DHXB0610FS 일반구매",
    "ReviewScore": "4",
    "Syllable": "58",
    "Word": "16",
    "RDate": "20220114",
    "GeneralPolarity": "0",
    "Aspects": [
      {
        "Aspect": "디자인",
        "SentimentText": "디자인 진짜 예뻐요 ~ 세련, 고급 다 갖추었어요~",
        "SentimentWord": "8",
        "SentimentPolarity": "1"
      },
      {
        "Aspect": "품질",
        "SentimentText": "밥을 하면 밑바닥이 자꾸 타요 ㅠㅠ 불량 인건지...",
        "SentimentWord": "8",
        "SentimentPolarity": "-1"
      }
    ]
  },
  {
    "Index": "32917",
    "RawText": "배송 괜찮았고! 사용해 보니 역시 ㅇㅇㅇ 답네요 밥이 맛있어요. 디자인도 고급스럽고 이뻐요  최신 신상 아주 착한 가격으로 잘 샀어요~~",
    "Source": "쇼핑몰",
    "Domain": "가전",
    "MainCategory": "주방가전",
    "ProductName": "쿠쿠전자 CRP-DHXB0610FS 일반구매",
    "ReviewScore": "5",
    "Syllable": "76",
    "Word": "19",
    "RDate": "20200106",
    "GeneralPolarity": "1",
    "Aspects": [
      {
        "Aspect": "제조일/제조사",
        "SentimentText": "사용해 보니 역시 ㅇㅇㅇ 답네요 밥이 맛있어요 ",
        "SentimentWord": "7",
        "SentimentPolarity": "1"
      },
      {
        "Aspect": "디자인",
        "SentimentText": "디자인도 고급스럽고 이뻐요 ",
        "SentimentWord": "3",
        "SentimentPolarity": "1"
      },
      {
        "Aspect": "가격",
        "SentimentText": "최신 신상 아주 착한가격으로  잘 샀어요~~",
        "SentimentWord": "6",
        "SentimentPolarity": "1"
      }
    ]
  },
  {
    "Index": "32921",
    "RawText": "다른 사이트보다 저렴하게 구매할 수 있어서 너무 좋아요!! 디자인도 완전 예쁘고 깔끔~ 만족 백프로~",
    "Source": "쇼핑몰",
    "Domain": "가전",
    "MainCategory": "주방가전",
    "ProductName": "쿠쿠전자 CRP-DHXB0610FS 일반구매",
    "ReviewScore": "5",
    "Syllable": "56",
    "Word": "14",
    "RDate": "20191027",
    "GeneralPolarity": "1",
    "Aspects": [
      {
        "Aspect": "가격",
        "SentimentText": "다른 사이트보다 저렴하게 구매할 수 있어서 너무 좋아요!!",
        "SentimentWord": "8",
        "SentimentPolarity": "1"
      },
      {
        "Aspect": "디자인",
        "SentimentText": "디자인도 완전 예쁘고 깔끔~ 만족 백프로~",
        "SentimentWord": "6",
        "SentimentPolarity": "1"
      }
    ]
  },
  {
    "Index": "32922",
    "RawText": "4인 가구에 아주 적당한 용량입니다 굿~ 기능도 좋아서 밥이 아주 맛있고 찰 지게 잘돼서 좋아요",
    "Source": "쇼핑몰",
    "Domain": "가전",
    "MainCategory": "주방가전",
    "ProductName": "쿠쿠전자 CRP-DHXB0610FS 일반구매",
    "ReviewScore": "5",
    "Syllable": "53",
    "Word": "15",
    "RDate": "20210725",
    "GeneralPolarity": "1",
    "Aspects": [
      {
        "Aspect": "용량",
        "SentimentText": "4인 가구에 아주 적당한 용량입니다 굿~",
        "SentimentWord": "6",
        "SentimentPolarity": "1"
      },
      {
        "Aspect": "기능",
        "SentimentText": "기능도 좋아서 밥이 아주 맛있고 찰 지게 잘돼서 좋아요 ",
        "SentimentWord": "9",
        "SentimentPolarity": "1"
      }
    ]
  },
  {
    "Index": "32929",
    "RawText": "복잡하지 않고 필요한 기능만 있어서 마음에 들어요~ 디자인도 깔끔하니 주방이랑 잘 어울립니다 최고~~",
    "Source": "쇼핑몰",
    "Domain": "가전",
    "MainCategory": "주방가전",
    "ProductName": "쿠쿠전자 CRP-DHXB0610FS 일반구매",
    "ReviewScore": "5",
    "Syllable": "56",
    "Word": "13",
    "RDate": "20200313",
    "GeneralPolarity": "1",
    "Aspects": [
      {
        "Aspect": "기능",
        "SentimentText": "복잡하지 않고 필요한 기능만 있어서 마음에 들어요~ ",
        "SentimentWord": "7",
        "SentimentPolarity": "1"
      },
      {
        "Aspect": "디자인",
        "SentimentText": "디자인도 깔끔하니 주방이랑 잘 어울립니다 최고~~",
        "SentimentWord": "6",
        "SentimentPolarity": "1"
      }
    ]
  },
  {
    "Index": "32930",
    "RawText": "부모님 선물 드렸는데  ㅇㅇㅇ라서 좋아 하시네요. 디자인도 선호하는 스타일이라고 좋아해 주셔서 기뻤습니다 . 부모님 선물로 강추!",
    "Source": "쇼핑몰",
    "Domain": "가전",
    "MainCategory": "주방가전",
    "ProductName": "쿠쿠전자 CRP-DHXB0610FS 일반구매",
    "ReviewScore": "5",
    "Syllable": "72",
    "Word": "16",
    "RDate": "20211106",
    "GeneralPolarity": "1",
    "Aspects": [
      {
        "Aspect": "제조일/제조사",
        "SentimentText": "부모님 선물 드렸는데  ㅇㅇㅇ라서 좋아 하시네요 ",
        "SentimentWord": "6",
        "SentimentPolarity": "1"
      },
      {
        "Aspect": "디자인",
        "SentimentText": "디자인도 선호하는 스타일이라고 좋아해 주셔서 기뻤습니다 ",
        "SentimentWord": "6",
        "SentimentPolarity": "1"
      }
    ]
  },
  {
    "Index": "32934",
    "RawText": "기능이 다양해서 여러가지 음식을 만들어 볼 수 있어 좋습니다. 디자인도 심플해서 좋습니다^^",
    "Source": "쇼핑몰",
    "Domain": "가전",
    "MainCategory": "주방가전",
    "ProductName": "쿠쿠전자 CRP-DHXB0610FS 일반구매",
    "ReviewScore": "5",
    "Syllable": "51",
    "Word": "12",
    "RDate": "20191121",
    "GeneralPolarity": "1",
    "Aspects": [
      {
        "Aspect": "기능",
        "SentimentText": "기능이 다양해서 여러가지 음식을 만들어 볼 수 있어 좋습니다. ",
        "SentimentWord": "9",
        "SentimentPolarity": "1"
      },
      {
        "Aspect": "디자인",
        "SentimentText": "디자인도 심플해서 좋습니다^^",
        "SentimentWord": "3",
        "SentimentPolarity": "1"
      }
    ]
  },
  {
    "Index": "32935",
    "RawText": "용량은 3인 가구가 쓰기 딱 적합해요~ 굿굿 조작하는 것도 간단해서 쓰기 편합니다 만족해요",
    "Source": "쇼핑몰",
    "Domain": "가전",
    "MainCategory": "주방가전",
    "ProductName": "쿠쿠전자 CRP-DHXB0610FS 일반구매",
    "ReviewScore": "5",
    "Syllable": "50",
    "Word": "13",
    "RDate": "20191028",
    "GeneralPolarity": "1",
    "Aspects": [
      {
        "Aspect": "용량",
        "SentimentText": "용량은 3인 가구가 쓰기 딱 적합해요~ 굿굿",
        "SentimentWord": "7",
        "SentimentPolarity": "1"
      },
      {
        "Aspect": "조작성",
        "SentimentText": "조작하는 것도 간단해서 쓰기 편합니다 만족해요",
        "SentimentWord": "6",
        "SentimentPolarity": "1"
      }
    ]
  },
  {
    "Index": "32936",
    "RawText": "사용할 때마다 기계 음이 이상하게 나네요.. 거슬립니다. 내 솥 용량은 4인 식구가 쓰기 딱 좋습니다.",
    "Source": "쇼핑몰",
    "Domain": "가전",
    "MainCategory": "주방가전",
    "ProductName": "쿠쿠전자 CRP-DHXB0610FS 일반구매",
    "ReviewScore": "5",
    "Syllable": "57",
    "Word": "15",
    "RDate": "20200329",
    "GeneralPolarity": "0",
    "Aspects": [
      {
        "Aspect": "소음",
        "SentimentText": "사용할 때마다 기계 음이 이상하게 나네요.. 거슬립니다.",
        "SentimentWord": "7",
        "SentimentPolarity": "-1"
      },
      {
        "Aspect": "용량",
        "SentimentText": "내 솥 용량은 4인 식구가 쓰기 딱 좋습니다.",
        "SentimentWord": "8",
        "SentimentPolarity": "1"
      }
    ]
  },
  {
    "Index": "32938",
    "RawText": "기능이 좋아서 밥 맛이 아주 좋습니다~ 너무 맛나네요. 색상은 사진보다 훨씬 예뻐서 마음에 쏙 듭니다.",
    "Source": "쇼핑몰",
    "Domain": "가전",
    "MainCategory": "주방가전",
    "ProductName": "쿠쿠전자 CRP-DHXB0610FS 일반구매",
    "ReviewScore": "5",
    "Syllable": "57",
    "Word": "15",
    "RDate": "20200213",
    "GeneralPolarity": "1",
    "Aspects": [
      {
        "Aspect": "기능",
        "SentimentText": "기능이 좋아서 밥 맛이 아주 좋습니다~ 너무 맛나네요.",
        "SentimentWord": "8",
        "SentimentPolarity": "1"
      },
      {
        "Aspect": "색상",
        "SentimentText": "색상은 사진보다 훨씬 예뻐서 마음에 쏙 듭니다.",
        "SentimentWord": "7",
        "SentimentPolarity": "1"
      }
    ]
  },
  {
    "Index": "32945",
    "RawText": "디자인이 일단 깔끔하고 예뻐서 마음에 쏙 들어요~!!! 기능도 다양해서 여러가지 음식을 만들 수 있어 좋습니다",
    "Source": "쇼핑몰",
    "Domain": "가전",
    "MainCategory": "주방가전",
    "ProductName": "쿠쿠전자 CRP-DHXB0610FS 일반구매",
    "ReviewScore": "5",
    "Syllable": "61",
    "Word": "15",
    "RDate": "20200124",
    "GeneralPolarity": "1",
    "Aspects": [
      {
        "Aspect": "디자인",
        "SentimentText": "디자인이 일단 깔끔하고 예뻐서 마음에 쏙 들어요~!!!",
        "SentimentWord": "7",
        "SentimentPolarity": "1"
      },
      {
        "Aspect": "기능",
        "SentimentText": "기능도 다양해서 여러가지 음식을 만들 수 있어 좋습니다 ",
        "SentimentWord": "8",
        "SentimentPolarity": "1"
      }
    ]
  },
  {
    "Index": "32951",
    "RawText": "디자인은 아주 세련돼 보이고 멋집니다~ 밥이 너무 찰 지고 맛있게 잘돼서 식사 시간이 즐겁습니다",
    "Source": "쇼핑몰",
    "Domain": "가전",
    "MainCategory": "주방가전",
    "ProductName": "쿠쿠전자 CRP-DHXB0610FS 일반구매",
    "ReviewScore": "5",
    "Syllable": "53",
    "Word": "14",
    "RDate": "20200315",
    "GeneralPolarity": "1",
    "Aspects": [
      {
        "Aspect": "디자인",
        "SentimentText": "디자인은 아주 세련돼 보이고 멋집니다~",
        "SentimentWord": "5",
        "SentimentPolarity": "1"
      },
      {
        "Aspect": "기능",
        "SentimentText": "밥이 너무 찰 지고 맛있게 잘돼서 식사 시간이 즐겁습니다 ",
        "SentimentWord": "9",
        "SentimentPolarity": "1"
      }
    ]
  },
  {
    "Index": "32952",
    "RawText": "아기 이유식 기능이 있어서 너무 간편하고 좋네요^^ 그런데 사용할 때마다 이상한 초음파 소리가 나서 불편합니다ㅠㅠ",
    "Source": "쇼핑몰",
    "Domain": "가전",
    "MainCategory": "주방가전",
    "ProductName": "쿠쿠전자 CRP-DHXB0610FS 일반구매",
    "ReviewScore": "5",
    "Syllable": "63",
    "Word": "15",
    "RDate": "20191029",
    "GeneralPolarity": "0",
    "Aspects": [
      {
        "Aspect": "기능",
        "SentimentText": "아기 이유식 기능이 있어서 너무 간편하고 좋네요^^",
        "SentimentWord": "7",
        "SentimentPolarity": "1"
      },
      {
        "Aspect": "소음",
        "SentimentText": "사용할 때마다 이상한 초음파 소리가 나서 불편합니다ㅠㅠ",
        "SentimentWord": "7",
        "SentimentPolarity": "-1"
      }
    ]
  },
  {
    "Index": "32953",
    "RawText": "기능이 많이 업그레이드 돼서 다양한 요리를 할 수 있고 좋네요~ 디자인은 고급스러워 보여서 아주 마음에 쏙 듭니다 ^^",
    "Source": "쇼핑몰",
    "Domain": "가전",
    "MainCategory": "주방가전",
    "ProductName": "쿠쿠전자 CRP-DHXB0610FS 일반구매",
    "ReviewScore": "5",
    "Syllable": "66",
    "Word": "18",
    "RDate": "20200225",
    "GeneralPolarity": "1",
    "Aspects": [
      {
        "Aspect": "기능",
        "SentimentText": "기능이 많이 업그레이드 돼서 다양한 요리를 할 수 있고 좋네요~ ",
        "SentimentWord": "10",
        "SentimentPolarity": "1"
      },
      {
        "Aspect": "디자인",
        "SentimentText": "디자인은 고급스러워 보여서 아주 마음에 쏙 듭니다 ^^",
        "SentimentWord": "8",
        "SentimentPolarity": "1"
      }
    ]
  },
  {
    "Index": "32955",
    "RawText": "기능이 다양해서 일단 너무 마음에 들어요 밥도 맛있게 잘돼요^^ 디자인도 심플해서 집이 환해지는 느낌이네요~",
    "Source": "쇼핑몰",
    "Domain": "가전",
    "MainCategory": "주방가전",
    "ProductName": "쿠쿠전자 CRP-DHXB0610FS 일반구매",
    "ReviewScore": "5",
    "Syllable": "60",
    "Word": "14",
    "RDate": "20200612",
    "GeneralPolarity": "1",
    "Aspects": [
      {
        "Aspect": "기능",
        "SentimentText": "기능이 다양해서 일단 너무 마음에 들어요 밥도 맛있게 잘돼요^^ ",
        "SentimentWord": "9",
        "SentimentPolarity": "1"
      },
      {
        "Aspect": "디자인",
        "SentimentText": "디자인도 심플해서 집이 환해지는 느낌이네요~",
        "SentimentWord": "5",
        "SentimentPolarity": "1"
      }
    ]
  },
  {
    "Index": "32957",
    "RawText": "내부 크기도 딱 적당해서 좋습니다~ 디자인은 사진에서 보는 것 보다 훨씬 예뻐서 마음에 드네요~",
    "Source": "쇼핑몰",
    "Domain": "가전",
    "MainCategory": "주방가전",
    "ProductName": "쿠쿠전자 CRP-DHXB0610FS 일반구매",
    "ReviewScore": "5",
    "Syllable": "53",
    "Word": "14",
    "RDate": "20191223",
    "GeneralPolarity": "1",
    "Aspects": [
      {
        "Aspect": "용량",
        "SentimentText": "내부 크기도 딱 적당해서 좋습니다~",
        "SentimentWord": "5",
        "SentimentPolarity": "1"
      },
      {
        "Aspect": "디자인",
        "SentimentText": "디자인은 사진에서 보는 것 보다 훨씬 예뻐서 마음에 드네요~",
        "SentimentWord": "9",
        "SentimentPolarity": "1"
      }
    ]
  },
  {
    "Index": "32961",
    "RawText": "밥이 고슬고슬 아주 맛있게 잘 돼서 기능적으로 만족^^ 디자인도 사진보다 더 고급스러워 보여요~",
    "Source": "쇼핑몰",
    "Domain": "가전",
    "MainCategory": "주방가전",
    "ProductName": "쿠쿠전자 CRP-DHXB0610FS 일반구매",
    "ReviewScore": "5",
    "Syllable": "53",
    "Word": "13",
    "RDate": "20220709",
    "GeneralPolarity": "1",
    "Aspects": [
      {
        "Aspect": "기능",
        "SentimentText": "밥이 고슬고슬 아주 맛있게 잘 돼서 기능적으로 만족^^",
        "SentimentWord": "8",
        "SentimentPolarity": "1"
      },
      {
        "Aspect": "디자인",
        "SentimentText": "디자인도 사진보다 더 고급스러워 보여요~",
        "SentimentWord": "5",
        "SentimentPolarity": "1"
      }
    ]
  },
  {
    "Index": "32963",
    "RawText": "디자인이 세련돼 보이니 너무 좋아요~ 밥도 찰 지게 잘 만들어 져요~ 역시 기능도 좋네요",
    "Source": "쇼핑몰",
    "Domain": "가전",
    "MainCategory": "주방가전",
    "ProductName": "쿠쿠전자 CRP-DHXB0610FS 일반구매",
    "ReviewScore": "5",
    "Syllable": "49",
    "Word": "14",
    "RDate": "20200204",
    "GeneralPolarity": "1",
    "Aspects": [
      {
        "Aspect": "디자인",
        "SentimentText": "디자인이 세련돼 보이니 너무 좋아요~",
        "SentimentWord": "5",
        "SentimentPolarity": "1"
      },
      {
        "Aspect": "기능",
        "SentimentText": "밥도 찰 지게 잘 만들어 져요~ 역시 기능도 좋네요",
        "SentimentWord": "9",
        "SentimentPolarity": "1"
      }
    ]
  },
  {
    "Index": "32965",
    "RawText": "밥솥은 가격이 항상 너무 비싸서 별로예요. 그래도 기능은 점점 좋아지는지 밥 맛은 확실히 좋네요",
    "Source": "쇼핑몰",
    "Domain": "가전",
    "MainCategory": "주방가전",
    "ProductName": "쿠쿠전자 CRP-DHXB0610FS 일반구매",
    "ReviewScore": "5",
    "Syllable": "53",
    "Word": "14",
    "RDate": "20210704",
    "GeneralPolarity": "0",
    "Aspects": [
      {
        "Aspect": "가격",
        "SentimentText": "밥솥은 가격이 항상 너무 비싸서 별로예요. ",
        "SentimentWord": "6",
        "SentimentPolarity": "-1"
      },
      {
        "Aspect": "기능",
        "SentimentText": "기능은 점점 좋아지는지 밥 맛은 확실히 좋네요",
        "SentimentWord": "7",
        "SentimentPolarity": "1"
      }
    ]
  },
  {
    "Index": "32966",
    "RawText": "역시 밥솥은 ooo가 최고인 거 같습니다~^^ 디자인도 튀지 않고 깔끔하니 너무 예쁘네요~",
    "Source": "쇼핑몰",
    "Domain": "가전",
    "MainCategory": "주방가전",
    "ProductName": "쿠쿠전자 CRP-DHXB0610FS 일반구매",
    "ReviewScore": "5",
    "Syllable": "50",
    "Word": "12",
    "RDate": "20210117",
    "GeneralPolarity": "1",
    "Aspects": [
      {
        "Aspect": "제조일/제조사",
        "SentimentText": "역시 밥솥은 ooo가 최고인 거 같습니다~^^",
        "SentimentWord": "6",
        "SentimentPolarity": "1"
      },
      {
        "Aspect": "디자인",
        "SentimentText": "디자인도 튀지 않고 깔끔하니 너무 예쁘네요~",
        "SentimentWord": "6",
        "SentimentPolarity": "1"
      }
    ]
  },
  {
    "Index": "32970",
    "RawText": "역시 밥 맛은 ooo가 최고네요~ 디자인도 사진보다 훨씬 예뻐서 만족합니다^^",
    "Source": "쇼핑몰",
    "Domain": "가전",
    "MainCategory": "주방가전",
    "ProductName": "쿠쿠전자 CRP-DHXB0610FS 일반구매",
    "ReviewScore": "5",
    "Syllable": "43",
    "Word": "10",
    "RDate": "20210218",
    "GeneralPolarity": "1",
    "Aspects": [
      {
        "Aspect": "제조일/제조사",
        "SentimentText": "역시 밥 맛은 ooo가 최고네요~ ",
        "SentimentWord": "5",
        "SentimentPolarity": "1"
      },
      {
        "Aspect": "디자인",
        "SentimentText": "디자인도 사진보다 훨씬 예뻐서 만족합니다^^",
        "SentimentWord": "5",
        "SentimentPolarity": "1"
      }
    ]
  },
  {
    "Index": "32971",
    "RawText": "색이 아주 고급스러워 보여서 마음에 들어요~ 기능이 더 좋아진 거 같아요 밥이 너무 찰 지고 맛나네요~ :)",
    "Source": "쇼핑몰",
    "Domain": "가전",
    "MainCategory": "주방가전",
    "ProductName": "쿠쿠전자 CRP-DHXB0610FS 일반구매",
    "ReviewScore": "5",
    "Syllable": "60",
    "Word": "17",
    "RDate": "20210526",
    "GeneralPolarity": "1",
    "Aspects": [
      {
        "Aspect": "색상",
        "SentimentText": "색이 아주 고급스러워 보여서 마음에 들어요~",
        "SentimentWord": "6",
        "SentimentPolarity": "1"
      },
      {
        "Aspect": "기능",
        "SentimentText": "기능이 더 좋아진 거 같아요 밥이 너무 찰 지고 맛나네요~ :)",
        "SentimentWord": "11",
        "SentimentPolarity": "1"
      }
    ]
  },
  {
    "Index": "32975",
    "RawText": "색상이 실버라 세련돼 보이고 예뻐요~ 기능이 좋아서 밥을 안 불려도 맛이 너무 좋네요",
    "Source": "쇼핑몰",
    "Domain": "가전",
    "MainCategory": "주방가전",
    "ProductName": "쿠쿠전자 CRP-DHXB0610FS 일반구매",
    "ReviewScore": "5",
    "Syllable": "47",
    "Word": "13",
    "RDate": "20190926",
    "GeneralPolarity": "1",
    "Aspects": [
      {
        "Aspect": "색상",
        "SentimentText": "색상이 실버라 세련돼 보이고 예뻐요~",
        "SentimentWord": "5",
        "SentimentPolarity": "1"
      },
      {
        "Aspect": "기능",
        "SentimentText": "기능이 좋아서 밥을 안 불려도 맛이 너무 좋네요",
        "SentimentWord": "8",
        "SentimentPolarity": "1"
      }
    ]
  },
  {
    "Index": "32976",
    "RawText": "잡곡밥도 윤기 나게 잘 돼서 너무 맛있습니다^^ 디자인은 깔끔하니 주방 가전이랑 잘 어울립니다~",
    "Source": "쇼핑몰",
    "Domain": "가전",
    "MainCategory": "주방가전",
    "ProductName": "쿠쿠전자 CRP-DHXB0610FS 일반구매",
    "ReviewScore": "5",
    "Syllable": "53",
    "Word": "13",
    "RDate": "20191023",
    "GeneralPolarity": "1",
    "Aspects": [
      {
        "Aspect": "기능",
        "SentimentText": "잡곡밥도 윤기 나게 잘 돼서 너무 맛있습니다^^",
        "SentimentWord": "7",
        "SentimentPolarity": "1"
      },
      {
        "Aspect": "디자인",
        "SentimentText": "디자인은 깔끔하니 주방 가전이랑 잘 어울립니다~",
        "SentimentWord": "6",
        "SentimentPolarity": "1"
      }
    ]
  },
  {
    "Index": "32979",
    "RawText": "기능이 업그레이드 된 건지 밥이 너무 찰 지고 맛있어서 만족해요~ 오프라인보다 저렴하게 사서 너무 좋네요^^",
    "Source": "쇼핑몰",
    "Domain": "가전",
    "MainCategory": "주방가전",
    "ProductName": "쿠쿠전자 CRP-DHXB0610FS 일반구매",
    "ReviewScore": "4",
    "Syllable": "60",
    "Word": "15",
    "RDate": "20210730",
    "GeneralPolarity": "1",
    "Aspects": [
      {
        "Aspect": "기능",
        "SentimentText": "기능이 업그레이드 된 건지 밥이 너무 찰 지고 맛있어서 만족해요~",
        "SentimentWord": "10",
        "SentimentPolarity": "1"
      },
      {
        "Aspect": "가격",
        "SentimentText": "오프라인보다 저렴하게 사서 너무 좋네요^^",
        "SentimentWord": "5",
        "SentimentPolarity": "1"
      }
    ]
  },
  {
    "Index": "32980",
    "RawText": "역시 밥솥은 ooo 입니다 ~ 만족해요^^ 자동 세척 기능도 있어서 깔끔하게 쓸 수 있으니 좋고, 가격도 오프라인보다 저렴하게 사서 기분 좋아용~",
    "Source": "쇼핑몰",
    "Domain": "가전",
    "MainCategory": "주방가전",
    "ProductName": "쿠쿠전자 CRP-DHXB0610FS 일반구매",
    "ReviewScore": "5",
    "Syllable": "81",
    "Word": "21",
    "RDate": "20200327",
    "GeneralPolarity": "1",
    "Aspects": [
      {
        "Aspect": "제조일/제조사",
        "SentimentText": "역시 밥솥은 ooo 입니다 ~ 만족해요^^",
        "SentimentWord": "6",
        "SentimentPolarity": "1"
      },
      {
        "Aspect": "기능",
        "SentimentText": "자동 세척 기능도 있어서 깔끔하게 쓸 수 있으니 좋고,",
        "SentimentWord": "9",
        "SentimentPolarity": "1"
      },
      {
        "Aspect": "가격",
        "SentimentText": "가격도 오프라인보다 저렴하게 사서 기분 좋아용~",
        "SentimentWord": "6",
        "SentimentPolarity": "1"
      }
    ]
  },
  {
    "Index": "32981",
    "RawText": "디자인도 예쁘고 세련돼서 마음에 쏙 들어요~~ 그런데 사용할 때 기계음이 좀 있어서 듣기 불편합니다 ㅠ",
    "Source": "쇼핑몰",
    "Domain": "가전",
    "MainCategory": "주방가전",
    "ProductName": "쿠쿠전자 CRP-DHXB0610FS 일반구매",
    "ReviewScore": "5",
    "Syllable": "57",
    "Word": "15",
    "RDate": "20200703",
    "GeneralPolarity": "0",
    "Aspects": [
      {
        "Aspect": "디자인",
        "SentimentText": "디자인도 예쁘고 세련돼서 마음에 쏙 들어요~~ ",
        "SentimentWord": "6",
        "SentimentPolarity": "1"
      },
      {
        "Aspect": "소음",
        "SentimentText": "사용할 때 기계음이 좀 있어서 듣기 불편합니다 ㅠ",
        "SentimentWord": "8",
        "SentimentPolarity": "-1"
      }
    ]
  },
  {
    "Index": "32987",
    "RawText": "기능이 너무 많아서 복잡해요;;  좋은 점은 화면보다 실버 색상이 진해서 예쁘네요",
    "Source": "쇼핑몰",
    "Domain": "가전",
    "MainCategory": "주방가전",
    "ProductName": "쿠쿠전자 CRP-DHXB0610FS 일반구매",
    "ReviewScore": "4",
    "Syllable": "45",
    "Word": "11",
    "RDate": "20200111",
    "GeneralPolarity": "0",
    "Aspects": [
      {
        "Aspect": "기능",
        "SentimentText": "기능이 너무 많아서 복잡해요;;  ",
        "SentimentWord": "4",
        "SentimentPolarity": "-1"
      },
      {
        "Aspect": "색상",
        "SentimentText": "좋은 점은 화면보다 실버 색상이 진해서 예쁘네요 ",
        "SentimentWord": "7",
        "SentimentPolarity": "1"
      }
    ]
  },
  {
    "Index": "32989",
    "RawText": "버튼이 너무 많아서 허둥지둥... 복잡해서 별로 입니다. 그래도 기능은 좋아서 밥은 찰 지고 맛나요",
    "Source": "쇼핑몰",
    "Domain": "가전",
    "MainCategory": "주방가전",
    "ProductName": "쿠쿠전자 CRP-DHXB0610FS 일반구매",
    "ReviewScore": "5",
    "Syllable": "55",
    "Word": "14",
    "RDate": "20200214",
    "GeneralPolarity": "0",
    "Aspects": [
      {
        "Aspect": "조작성",
        "SentimentText": "버튼이 너무 많아서 허둥지둥... 복잡해서 별로 입니다.",
        "SentimentWord": "7",
        "SentimentPolarity": "-1"
      },
      {
        "Aspect": "기능",
        "SentimentText": "기능은 좋아서 밥은 찰 지고 맛나요",
        "SentimentWord": "6",
        "SentimentPolarity": "1"
      }
    ]
  },
  {
    "Index": "32991",
    "RawText": "역시 밥솥은 믿고 사는 ooo가 최고네요!! 디자인도 너무 고급스러워서 만족하고 있습니다",
    "Source": "쇼핑몰",
    "Domain": "가전",
    "MainCategory": "주방가전",
    "ProductName": "쿠쿠전자 CRP-DHXB0610FS 일반구매",
    "ReviewScore": "5",
    "Syllable": "49",
    "Word": "11",
    "RDate": "20200314",
    "GeneralPolarity": "1",
    "Aspects": [
      {
        "Aspect": "제조일/제조사",
        "SentimentText": "역시 밥솥은 믿고 사는 ooo가 최고네요!! ",
        "SentimentWord": "6",
        "SentimentPolarity": "1"
      },
      {
        "Aspect": "디자인",
        "SentimentText": "디자인도 너무 고급스러워서 만족하고 있습니다",
        "SentimentWord": "5",
        "SentimentPolarity": "1"
      }
    ]
  },
  {
    "Index": "32992",
    "RawText": "외관이 세련되고 예뻐서 마음에 쏙 듭니다. 잡곡밥 기능을 쓰면 따로 쌀을 안 불려도 찰 지고 맛있어서 좋네요^^",
    "Source": "쇼핑몰",
    "Domain": "가전",
    "MainCategory": "주방가전",
    "ProductName": "쿠쿠전자 CRP-DHXB0610FS 일반구매",
    "ReviewScore": "5",
    "Syllable": "62",
    "Word": "17",
    "RDate": "20200408",
    "GeneralPolarity": "1",
    "Aspects": [
      {
        "Aspect": "디자인",
        "SentimentText": "외관이 세련되고 예뻐서 마음에 쏙 듭니다. ",
        "SentimentWord": "6",
        "SentimentPolarity": "1"
      },
      {
        "Aspect": "기능",
        "SentimentText": "잡곡밥 기능을 쓰면 따로 쌀을 안 불려도 찰 지고 맛있어서 좋네요^^",
        "SentimentWord": "11",
        "SentimentPolarity": "1"
      }
    ]
  },
  {
    "Index": "32998",
    "RawText": "처음 조작법 몰라 취소할 때 취소 버튼 길게 눌러야 하는지 몰라서 불편했습니다. 그외 다 좋은데  음성 소리가 기존 10인용 보다 작게 들려 아쉽네요",
    "Source": "쇼핑몰",
    "Domain": "가전",
    "MainCategory": "주방가전",
    "ProductName": "쿠쿠전자 CRP-DHXB0610FS 일반구매",
    "ReviewScore": "4",
    "Syllable": "83",
    "Word": "23",
    "RDate": "20220428",
    "GeneralPolarity": "-1",
    "Aspects": [
      {
        "Aspect": "조작성",
        "SentimentText": "처음 조작법 몰라 취소 할때 취소버튼 길게 눌러야 하는지 몰라서 불편했습니다  ",
        "SentimentWord": "11",
        "SentimentPolarity": "-1"
      },
      {
        "Aspect": "소음",
        "SentimentText": "음성 소리가 기존 10인용 보다 작게 들려 아쉽네요  ",
        "SentimentWord": "8",
        "SentimentPolarity": "-1"
      }
    ]
  },
  {
    "Index": "33001",
    "RawText": "ㅇㅇㅇ는 믿고 쓰는 밥솥입니다. 압력 성능이 매우 우수해  밥도 잘 되고 밥맛도 너무 좋아요.디자인까지 깜끔하고 이뻐요",
    "Source": "쇼핑몰",
    "Domain": "가전",
    "MainCategory": "주방가전",
    "ProductName": "쿠쿠전자 CRP-DHXB0610FS 일반구매",
    "ReviewScore": "4",
    "Syllable": "66",
    "Word": "16",
    "RDate": "20191023",
    "GeneralPolarity": "1",
    "Aspects": [
      {
        "Aspect": "제조일/제조사",
        "SentimentText": "ㅇㅇㅇ는 믿고 쓰는 밥솥입니다. ",
        "SentimentWord": "4",
        "SentimentPolarity": "1"
      },
      {
        "Aspect": "기능",
        "SentimentText": "압력 성능이 매우 우수해  밥도 잘 되고 밥맛도 너무 좋아요.",
        "SentimentWord": "10",
        "SentimentPolarity": "1"
      },
      {
        "Aspect": "디자인",
        "SentimentText": "디자인까지 깜끔하고 이뻐요 ",
        "SentimentWord": "3",
        "SentimentPolarity": "1"
      }
    ]
  },
  {
    "Index": "33004",
    "RawText": "10인용 고장으로 6인용으로 바꿨는데  용량이 좀 작긴 한데 그래도 마음에 듭니다 .음성 안내 소리가 다소 작아 좀 불편한 감이 없지 않아 있네요",
    "Source": "쇼핑몰",
    "Domain": "가전",
    "MainCategory": "주방가전",
    "ProductName": "쿠쿠전자 CRP-DHXB0610FS 일반구매",
    "ReviewScore": "5",
    "Syllable": "81",
    "Word": "22",
    "RDate": "20210101",
    "GeneralPolarity": "0",
    "Aspects": [
      {
        "Aspect": "용량",
        "SentimentText": " 용량이 좀 작긴 한데 그래도 마음에 듭니다 ",
        "SentimentWord": "7",
        "SentimentPolarity": "0"
      },
      {
        "Aspect": "소음",
        "SentimentText": "음성 안내 소리가 다소 작아 좀 불편한 감이 없지 않아 있네요",
        "SentimentWord": "11",
        "SentimentPolarity": "0"
      }
    ]
  },
  {
    "Index": "33007",
    "RawText": "많이 할인해 줘서 완전 저렴하게 샀어요! 10인용에서 6인용으로 바꾸니 좀 작아요.  그렇지만 밥맛 좋고 기능도 아주 좋아요",
    "Source": "쇼핑몰",
    "Domain": "가전",
    "MainCategory": "주방가전",
    "ProductName": "쿠쿠전자 CRP-DHXB0610FS 일반구매",
    "ReviewScore": "5",
    "Syllable": "69",
    "Word": "17",
    "RDate": "20191106",
    "GeneralPolarity": "1",
    "Aspects": [
      {
        "Aspect": "가격",
        "SentimentText": "많이 할인해 줘서 완전 저렴하게 샀어요!",
        "SentimentWord": "6",
        "SentimentPolarity": "1"
      },
      {
        "Aspect": "용량",
        "SentimentText": "10인용에서 6인용으로 바꾸니 좀 작아요",
        "SentimentWord": "5",
        "SentimentPolarity": "-1"
      },
      {
        "Aspect": "기능",
        "SentimentText": "그렇지만 밥맛 좋고 기능도 아주 좋아요 ",
        "SentimentWord": "6",
        "SentimentPolarity": "1"
      }
    ]
  },
  {
    "Index": "33008",
    "RawText": "할인 행사기간대  할인받아 싸게 구입했네요 . 조작법도 단순해서 쓰기 간편하고 디자인도 고급스럽고 심플해요!!!",
    "Source": "쇼핑몰",
    "Domain": "가전",
    "MainCategory": "주방가전",
    "ProductName": "쿠쿠전자 CRP-DHXB0610FS 일반구매",
    "ReviewScore": "5",
    "Syllable": "62",
    "Word": "13",
    "RDate": "20220406",
    "GeneralPolarity": "1",
    "Aspects": [
      {
        "Aspect": "가격",
        "SentimentText": "할인 행사기간대  할인받아 싸게 구입했네요 .",
        "SentimentWord": "6",
        "SentimentPolarity": "1"
      },
      {
        "Aspect": "조작성",
        "SentimentText": "조작법도 단순해서 쓰기 간편하고",
        "SentimentWord": "4",
        "SentimentPolarity": "1"
      },
      {
        "Aspect": "디자인",
        "SentimentText": " 디자인도 고급스럽고 심플해요!!! ",
        "SentimentWord": "3",
        "SentimentPolarity": "1"
      }
    ]
  },
  {
    "Index": "33009",
    "RawText": "쇼핑몰에서 행사 이벤트 해서 6인용 싸게 구매했습니다. 디자인 심플해서 아무 곳이나 잘 어울리고 색감도 무난해서 촌스럽지 않네요",
    "Source": "쇼핑몰",
    "Domain": "가전",
    "MainCategory": "주방가전",
    "ProductName": "쿠쿠전자 CRP-DHXB0610FS 일반구매",
    "ReviewScore": "5",
    "Syllable": "71",
    "Word": "17",
    "RDate": "20220617",
    "GeneralPolarity": "1",
    "Aspects": [
      {
        "Aspect": "가격",
        "SentimentText": "쇼핑몰에서 행사 이벤트 해서 6인용 싸게 구매했습니다",
        "SentimentWord": "7",
        "SentimentPolarity": "1"
      },
      {
        "Aspect": "디자인",
        "SentimentText": "디자인 심플해서 아무 곳이나 잘 어울리고 ",
        "SentimentWord": "6",
        "SentimentPolarity": "1"
      },
      {
        "Aspect": "색상",
        "SentimentText": "색감도 무난해서 촌스럽지 않네요",
        "SentimentWord": "4",
        "SentimentPolarity": "1"
      }
    ]
  },
  {
    "Index": "33010",
    "RawText": "현재까지 불량도 없이 잘 사용하는 중입니다. 기능도 많고 밥도 너무 잘 됩니다 . 디자인까지 너무 이뻐요~",
    "Source": "쇼핑몰",
    "Domain": "가전",
    "MainCategory": "주방가전",
    "ProductName": "쿠쿠전자 CRP-DHXB0610FS 일반구매",
    "ReviewScore": "4",
    "Syllable": "59",
    "Word": "16",
    "RDate": "20191011",
    "GeneralPolarity": "1",
    "Aspects": [
      {
        "Aspect": "품질",
        "SentimentText": "현재까지 불량도 없이 잘 사용하는 중입니다 ",
        "SentimentWord": "6",
        "SentimentPolarity": "1"
      },
      {
        "Aspect": "기능",
        "SentimentText": "기능도 많고 밥도 너무 잘 됩니다 .",
        "SentimentWord": "7",
        "SentimentPolarity": "1"
      },
      {
        "Aspect": "디자인",
        "SentimentText": "디자인까지 너무 이뻐요~  ",
        "SentimentWord": "3",
        "SentimentPolarity": "1"
      }
    ]
  },
  {
    "Index": "33011",
    "RawText": "혼수 가전으로 구매 했는데 디자인 촌스럽지 않고 이뻐요. 품질도 좋아 밥까지 너무 잘 되고 맛있네요.",
    "Source": "쇼핑몰",
    "Domain": "가전",
    "MainCategory": "주방가전",
    "ProductName": "쿠쿠전자 CRP-DHXB0610FS 일반구매",
    "ReviewScore": "5",
    "Syllable": "56",
    "Word": "15",
    "RDate": "20210118",
    "GeneralPolarity": "1",
    "Aspects": [
      {
        "Aspect": "디자인",
        "SentimentText": "혼수 가전으로 구매 했는데 디자인 촌스럽지 않고 이뻐요",
        "SentimentWord": "8",
        "SentimentPolarity": "1"
      },
      {
        "Aspect": "품질",
        "SentimentText": "품질도 좋아 밥까지 너무 잘 되고 맛있네요.  ",
        "SentimentWord": "7",
        "SentimentPolarity": "1"
      }
    ]
  },
  {
    "Index": "33015",
    "RawText": "2인가구 이하 사용하기 적합한 용량이네요.  디자인도 귀엽고 깜짝해요. 비싼 제품들 보다는 밥 맛이 좀 떨어지지만 간편히 사용하기에는 최고예요",
    "Source": "쇼핑몰",
    "Domain": "가전",
    "MainCategory": "주방가전",
    "ProductName": "쿠쿠전자 CRP-HQB0310FS 일반구매",
    "ReviewScore": "5",
    "Syllable": "79",
    "Word": "18",
    "RDate": "20220409",
    "GeneralPolarity": "1",
    "Aspects": [
      {
        "Aspect": "용량",
        "SentimentText": "2인가구 이하 사용하기 적합한 용량이네요",
        "SentimentWord": "5",
        "SentimentPolarity": "1"
      },
      {
        "Aspect": "디자인",
        "SentimentText": " 디자인도 귀엽고 깜짝해요",
        "SentimentWord": "3",
        "SentimentPolarity": "1"
      },
      {
        "Aspect": "편의성",
        "SentimentText": "비싼 제품들 보다는 밥 맛이 좀 떨어지지만 간편히 사용하기에는 최고예요 ",
        "SentimentWord": "10",
        "SentimentPolarity": "0"
      }
    ]
  },
  {
    "Index": "33016",
    "RawText": "10인용 쓰다가 작은게 필요해 바꿨는데 찬밥도 안 남고 끼니때 마다 소량씩 사용하기 좋네요. 그런데 출력이 딸려서 취사까지 40분이나 오래 걸려서 별로예요",
    "Source": "쇼핑몰",
    "Domain": "가전",
    "MainCategory": "주방가전",
    "ProductName": "쿠쿠전자 CRP-HQB0310FS 일반구매",
    "ReviewScore": "5",
    "Syllable": "86",
    "Word": "21",
    "RDate": "20201223",
    "GeneralPolarity": "0",
    "Aspects": [
      {
        "Aspect": "용량",
        "SentimentText": "작은게 필요해 바꿨는데 찬밥도 안 남고 끼니때 마다 소량씩 사용하기 좋네요 ",
        "SentimentWord": "11",
        "SentimentPolarity": "1"
      },
      {
        "Aspect": "시간/속도",
        "SentimentText": "출력이 딸려서 취사까지 40분이나 오래 걸려서 별로예요",
        "SentimentWord": "7",
        "SentimentPolarity": "-1"
      }
    ]
  },
  {
    "Index": "33017",
    "RawText": "10인용만 쓰다가 3인용으로 바꾸니 사이즈 너무 작고 귀엽네요. 작아서 끼니마다 소량씩만 밥해서 먹기 좋고, 사용하는데 아무런 문제 없이 밥도 맛있어요",
    "Source": "쇼핑몰",
    "Domain": "가전",
    "MainCategory": "주방가전",
    "ProductName": "쿠쿠전자 CRP-HQB0310FS 일반구매",
    "ReviewScore": "4",
    "Syllable": "84",
    "Word": "20",
    "RDate": "20201203",
    "GeneralPolarity": "1",
    "Aspects": [
      {
        "Aspect": "사이즈",
        "SentimentText": "10인용만 쓰다가 3인용으로 바꾸니 사이즈 너무 작고 귀엽네요 ",
        "SentimentWord": "8",
        "SentimentPolarity": "1"
      },
      {
        "Aspect": "용량",
        "SentimentText": "작아서 끼니마다 소량씩만 밥해서 먹기 좋고",
        "SentimentWord": "6",
        "SentimentPolarity": "1"
      },
      {
        "Aspect": "품질",
        "SentimentText": "사용하는데 아무런 문제 없이 밥도 맛있어요 ",
        "SentimentWord": "6",
        "SentimentPolarity": "1"
      }
    ]
  },
  {
    "Index": "33019",
    "RawText": "압력 솥 기압성능 매우 우수하네요.  부담없는 가격으로 사서 만족 디자인도 깜찍해서 만족!",
    "Source": "쇼핑몰",
    "Domain": "가전",
    "MainCategory": "주방가전",
    "ProductName": "쿠쿠전자 CRP-HQB0310FS 일반구매",
    "ReviewScore": "5",
    "Syllable": "50",
    "Word": "12",
    "RDate": "20200711",
    "GeneralPolarity": "1",
    "Aspects": [
      {
        "Aspect": "기능",
        "SentimentText": "압력 솥 기압성능 매우 우수하네요",
        "SentimentWord": "5",
        "SentimentPolarity": "1"
      },
      {
        "Aspect": "가격",
        "SentimentText": " 부담없는 가격으로 사서 만족",
        "SentimentWord": "4",
        "SentimentPolarity": "1"
      },
      {
        "Aspect": "디자인",
        "SentimentText": "디자인도 깜찍해서 만족! ",
        "SentimentWord": "3",
        "SentimentPolarity": "1"
      }
    ]
  },
  {
    "Index": "33020",
    "RawText": "용량 2~3인가구 사용하기 딱 좋은 양입니다. 실물모양 보니 쪼끔만 한 게 귀엽고 깜찍합니다.",
    "Source": "쇼핑몰",
    "Domain": "가전",
    "MainCategory": "주방가전",
    "ProductName": "쿠쿠전자 CRP-HQB0310FS 일반구매",
    "ReviewScore": "4",
    "Syllable": "52",
    "Word": "13",
    "RDate": "20200508",
    "GeneralPolarity": "1",
    "Aspects": [
      {
        "Aspect": "용량",
        "SentimentText": "용량 2~3인가구 사용하기 딱 좋은 양입니다. ",
        "SentimentWord": "6",
        "SentimentPolarity": "1"
      },
      {
        "Aspect": "디자인",
        "SentimentText": "실물모양 보니 쪼끔만 한 게 귀엽고 깜찍합니다.",
        "SentimentWord": "7",
        "SentimentPolarity": "1"
      }
    ]
  },
  {
    "Index": "33023",
    "RawText": "3인용이지만 4인 ~ 아이 있는 집은 5인까지도 해결할 수 있는 용량입니다. 내솥 사이즈도 작고 너무 귀여워요~ 성능은 너무 좋아 밥맛 아주 최고예요 ^^",
    "Source": "쇼핑몰",
    "Domain": "가전",
    "MainCategory": "주방가전",
    "ProductName": "쿠쿠전자 CRP-HQB0310FS 일반구매",
    "ReviewScore": "5",
    "Syllable": "86",
    "Word": "23",
    "RDate": "20200712",
    "GeneralPolarity": "1",
    "Aspects": [
      {
        "Aspect": "용량",
        "SentimentText": "3인용이지만 4인 ~ 아이 있는 집은 5인까지도 해결할 수 있는 용량입니다. ",
        "SentimentWord": "11",
        "SentimentPolarity": "1"
      },
      {
        "Aspect": "사이즈",
        "SentimentText": "내솥 사이즈도 작고 너무 귀여워요~",
        "SentimentWord": "5",
        "SentimentPolarity": "1"
      },
      {
        "Aspect": "기능",
        "SentimentText": " 성능은 너무 좋아 밥맛 아주 최고예요 ^^",
        "SentimentWord": "7",
        "SentimentPolarity": "1"
      }
    ]
  },
  {
    "Index": "33025",
    "RawText": "3인용 필요해 구입 했는데 사용하기간 너무 간편합니다. 용량은 3인용 이지만 모델 사이즈는 생각보다 좀 커요",
    "Source": "쇼핑몰",
    "Domain": "가전",
    "MainCategory": "주방가전",
    "ProductName": "쿠쿠전자 CRP-HQB0310FS 일반구매",
    "ReviewScore": "5",
    "Syllable": "60",
    "Word": "15",
    "RDate": "20200808",
    "GeneralPolarity": "0",
    "Aspects": [
      {
        "Aspect": "편의성",
        "SentimentText": "3인용 필요해 구입 했는데 사용하기간 너무 간편합니다.",
        "SentimentWord": "7",
        "SentimentPolarity": "1"
      },
      {
        "Aspect": "사이즈",
        "SentimentText": " 용량은 3인용 이지만 모델 사이즈는 생각보다 좀 커요 ",
        "SentimentWord": "8",
        "SentimentPolarity": "-1"
      }
    ]
  },
  {
    "Index": "33026",
    "RawText": "3인용이라서 작지 않을까 걱정했는데 생각보다 용량 괜찮네요. 귀엽고 깜찍한 디자인 보고 반했어요. 품질 좋아 밥까지 맛있어요",
    "Source": "쇼핑몰",
    "Domain": "가전",
    "MainCategory": "주방가전",
    "ProductName": "쿠쿠전자 CRP-HQB0310FS 일반구매",
    "ReviewScore": "4",
    "Syllable": "69",
    "Word": "16",
    "RDate": "20211211",
    "GeneralPolarity": "1",
    "Aspects": [
      {
        "Aspect": "용량",
        "SentimentText": "3인용이라서 작지 않을까 걱정했는데 생각보다 용량 괜찮네요.  ",
        "SentimentWord": "7",
        "SentimentPolarity": "1"
      },
      {
        "Aspect": "디자인",
        "SentimentText": "귀엽고 깜찍한 디자인 보고 반했어요.",
        "SentimentWord": "5",
        "SentimentPolarity": "1"
      },
      {
        "Aspect": "품질",
        "SentimentText": "품질 좋아 밥까지 맛있어요 ",
        "SentimentWord": "4",
        "SentimentPolarity": "1"
      }
    ]
  },
  {
    "Index": "33027",
    "RawText": "3인용 용량  작긴 작네요 ㅜㅜ  가격대도 비쌌는데 쇼핑몰에서 쿠폰줘서 저렴하게 샀더니 괜찮네요",
    "Source": "쇼핑몰",
    "Domain": "가전",
    "MainCategory": "주방가전",
    "ProductName": "쿠쿠전자 CRP-HQB0310FS 일반구매",
    "ReviewScore": "5",
    "Syllable": "53",
    "Word": "12",
    "RDate": "20190716",
    "GeneralPolarity": "0",
    "Aspects": [
      {
        "Aspect": "용량",
        "SentimentText": "3인용 용량  작긴 작네요 ㅜㅜ ",
        "SentimentWord": "5",
        "SentimentPolarity": "-1"
      },
      {
        "Aspect": "가격",
        "SentimentText": "쇼핑몰에서 쿠폰줘서 저렴하게 샀더니 괜찮네요 ",
        "SentimentWord": "5",
        "SentimentPolarity": "1"
      }
    ]
  },
  {
    "Index": "33030",
    "RawText": "밥은 잘 되는데 가격은 좀 비싼편 같아요.ㅜㅜ  혼자쓰기는 좋은 용량입니다.",
    "Source": "쇼핑몰",
    "Domain": "가전",
    "MainCategory": "주방가전",
    "ProductName": "쿠쿠전자 CRP-HQB0310FS 일반구매",
    "ReviewScore": "5",
    "Syllable": "42",
    "Word": "10",
    "RDate": "20200208",
    "GeneralPolarity": "0",
    "Aspects": [
      {
        "Aspect": "가격",
        "SentimentText": "가격은 좀 비싼편 같아요. ㅜㅜ",
        "SentimentWord": "5",
        "SentimentPolarity": "-1"
      },
      {
        "Aspect": "용량",
        "SentimentText": "혼자쓰기는 좋은 용량입니다. ",
        "SentimentWord": "3",
        "SentimentPolarity": "1"
      }
    ]
  },
  {
    "Index": "33035",
    "RawText": "소형 필요해 구입했는데 품질도 나쁘지 않고 밥맛도 나쁘지 않습니다.  착한 가격으로 잘 산 듯합니다 ",
    "Source": "쇼핑몰",
    "Domain": "가전",
    "MainCategory": "주방가전",
    "ProductName": "쿠쿠전자 CRP-HQB0310FS 일반구매",
    "ReviewScore": "3",
    "Syllable": "56",
    "Word": "14",
    "RDate": "20201208",
    "GeneralPolarity": "1",
    "Aspects": [
      {
        "Aspect": "품질",
        "SentimentText": "소형 필요해 구입했는데 품질도 나쁘지 않고 밥맛도 나쁘지 않습니다.   ",
        "SentimentWord": "9",
        "SentimentPolarity": "1"
      },
      {
        "Aspect": "가격",
        "SentimentText": "착한 가격으로 잘 산 듯합니다",
        "SentimentWord": "5",
        "SentimentPolarity": "1"
      }
    ]
  },
  {
    "Index": "33039",
    "RawText": "내솥에 손잡이가 없어 뜨거울 때 꺼내지 불편합니다. 에너지효율 등급이  3등급이나 되네요 헐~",
    "Source": "쇼핑몰",
    "Domain": "가전",
    "MainCategory": "주방가전",
    "ProductName": "쿠쿠전자 CRP-HQB0310FS 일반구매",
    "ReviewScore": "4",
    "Syllable": "52",
    "Word": "12",
    "RDate": "20200322",
    "GeneralPolarity": "-1",
    "Aspects": [
      {
        "Aspect": "편의성",
        "SentimentText": "내솥에 손잡이가 없어 뜨거울 때 꺼내지 불편합니다.  ",
        "SentimentWord": "7",
        "SentimentPolarity": "-1"
      },
      {
        "Aspect": "소비전력",
        "SentimentText": "에너지효율 등급이  3등급이나 되네요 헐~  ",
        "SentimentWord": "5",
        "SentimentPolarity": "-1"
      }
    ]
  },
  {
    "Index": "33040",
    "RawText": "밥솥 아담한 사이즈  넘 귀여워요~ ㅇㅇㅇ 제품 말할 필요 없이 좋쵸!ㅎㅎ",
    "Source": "쇼핑몰",
    "Domain": "가전",
    "MainCategory": "주방가전",
    "ProductName": "쿠쿠전자 CRP-HQB0310FS 일반구매",
    "ReviewScore": "5",
    "Syllable": "41",
    "Word": "11",
    "RDate": "20211203",
    "GeneralPolarity": "1",
    "Aspects": [
      {
        "Aspect": "사이즈",
        "SentimentText": "밥솥 아담한 사이즈  넘 귀여워요~ ",
        "SentimentWord": "5",
        "SentimentPolarity": "1"
      },
      {
        "Aspect": "제조일/제조사",
        "SentimentText": "ㅇㅇㅇ 제품 말할 필요 없이 좋쵸!ㅎㅎ",
        "SentimentWord": "6",
        "SentimentPolarity": "1"
      }
    ]
  },
  {
    "Index": "33041",
    "RawText": "1인가구나 2인가구 사용하기 적당한 용량이라서 추천 드립니다. 품질도 좋은지 밥도 너무 맛있어 완전 마음에 듭니다",
    "Source": "쇼핑몰",
    "Domain": "가전",
    "MainCategory": "주방가전",
    "ProductName": "쿠쿠전자 CRP-HQB0310FS 일반구매",
    "ReviewScore": "5",
    "Syllable": "63",
    "Word": "15",
    "RDate": "20200315",
    "GeneralPolarity": "1",
    "Aspects": [
      {
        "Aspect": "용량",
        "SentimentText": "1인가구나 2인가구 사용하기 적당한 용량이라서 추천 드립니다",
        "SentimentWord": "7",
        "SentimentPolarity": "1"
      },
      {
        "Aspect": "품질",
        "SentimentText": "품질도 좋은지 밥도 너무 맛있어 완전 마음에 듭니다 ",
        "SentimentWord": "8",
        "SentimentPolarity": "1"
      }
    ]
  },
  {
    "Index": "33042",
    "RawText": "디자인 너무너무 깜찍하고 앙증맞아요~ 밥까지 맛있고 근데 예약 기능이 1시간 단위로만  되서 좀 아쉽네요",
    "Source": "쇼핑몰",
    "Domain": "가전",
    "MainCategory": "주방가전",
    "ProductName": "쿠쿠전자 CRP-HQB0310FS 일반구매",
    "ReviewScore": "5",
    "Syllable": "58",
    "Word": "14",
    "RDate": "20211214",
    "GeneralPolarity": "0",
    "Aspects": [
      {
        "Aspect": "디자인",
        "SentimentText": "디자인 너무너무 깜찍하고 앙증맞아요~",
        "SentimentWord": "4",
        "SentimentPolarity": "1"
      },
      {
        "Aspect": "기능",
        "SentimentText": "근데 예약 기능이 1시간 단위로만  되서 좀 아쉽네요 ",
        "SentimentWord": "8",
        "SentimentPolarity": "-1"
      }
    ]
  },
  {
    "Index": "33043",
    "RawText": "디자인 너무나 아담하고 귀여워요. 아들 원룸방에서 사용하는데 밥도 잘 되고 맛있다고 하네요. 성능이 꽤 좋은가봐요!",
    "Source": "쇼핑몰",
    "Domain": "가전",
    "MainCategory": "주방가전",
    "ProductName": "쿠쿠전자 CRP-HQB0310FS 일반구매",
    "ReviewScore": "5",
    "Syllable": "64",
    "Word": "15",
    "RDate": "20220110",
    "GeneralPolarity": "1",
    "Aspects": [
      {
        "Aspect": "디자인",
        "SentimentText": "디자인 너무나 아담하고 귀여워요",
        "SentimentWord": "4",
        "SentimentPolarity": "1"
      },
      {
        "Aspect": "기능",
        "SentimentText": " 밥도 잘 되고 맛있다고 하네요. 성능이 꽤 좋은가봐요! ",
        "SentimentWord": "8",
        "SentimentPolarity": "1"
      }
    ]
  },
  {
    "Index": "33047",
    "RawText": "밥 솥 사이즈가 아담해서 너무 귀엽네요^^ 용량도 2인 가구에 아주 적당하고 좋습니다~",
    "Source": "쇼핑몰",
    "Domain": "가전",
    "MainCategory": "주방가전",
    "ProductName": "쿠쿠전자 CRP-HQB0310FS 일반구매",
    "ReviewScore": "4",
    "Syllable": "48",
    "Word": "12",
    "RDate": "20220512",
    "GeneralPolarity": "1",
    "Aspects": [
      {
        "Aspect": "사이즈",
        "SentimentText": "밥 솥 사이즈가 아담해서 너무 귀엽네요^^",
        "SentimentWord": "6",
        "SentimentPolarity": "1"
      },
      {
        "Aspect": "용량",
        "SentimentText": "용량도 2인 가구에 아주 적당하고 좋습니다~ ",
        "SentimentWord": "6",
        "SentimentPolarity": "1"
      }
    ]
  },
  {
    "Index": "33048",
    "RawText": "2인 가구에 쓰기 아주 적합한 용량입니다~ 기능도 좋아서 밥도 아주 맛있게 잘 돼서 마음에 쏙 듭니다~",
    "Source": "쇼핑몰",
    "Domain": "가전",
    "MainCategory": "주방가전",
    "ProductName": "쿠쿠전자 CRP-HQB0310FS 일반구매",
    "ReviewScore": "5",
    "Syllable": "57",
    "Word": "16",
    "RDate": "20200903",
    "GeneralPolarity": "1",
    "Aspects": [
      {
        "Aspect": "용량",
        "SentimentText": "2인 가구에 쓰기 아주 적합한 용량입니다~",
        "SentimentWord": "6",
        "SentimentPolarity": "1"
      },
      {
        "Aspect": "기능",
        "SentimentText": "기능도 좋아서 밥도 아주 맛있게 잘 돼서 마음에 쏙 듭니다~",
        "SentimentWord": "10",
        "SentimentPolarity": "1"
      }
    ]
  },
  {
    "Index": "33049",
    "RawText": "사이즈가 참 아담하고 귀여워서 자취생이 쓰기 딱 좋아요. 그런데 사용 시 기계음이 좀 나서 불편합니다",
    "Source": "쇼핑몰",
    "Domain": "가전",
    "MainCategory": "주방가전",
    "ProductName": "쿠쿠전자 CRP-HQB0310FS 일반구매",
    "ReviewScore": "5",
    "Syllable": "56",
    "Word": "15",
    "RDate": "20220317",
    "GeneralPolarity": "0",
    "Aspects": [
      {
        "Aspect": "사이즈",
        "SentimentText": "사이즈가 참 아담하고 귀여워서 자취생이 쓰기 딱 좋아요.",
        "SentimentWord": "8",
        "SentimentPolarity": "1"
      },
      {
        "Aspect": "소음",
        "SentimentText": "사용 시 기계음이 좀 나서 불편합니다",
        "SentimentWord": "6",
        "SentimentPolarity": "-1"
      }
    ]
  },
  {
    "Index": "33051",
    "RawText": "뚜껑 열 때 빠지는 거 보니 불량인 것 같아 기분이 상당히 안 좋습니다. 세상에 어떻게 ㅇㅇㅇ는 상품을 판매하죠? 완전별로!",
    "Source": "쇼핑몰",
    "Domain": "가전",
    "MainCategory": "주방가전",
    "ProductName": "쿠쿠전자 CRP-HQB0310FS 일반구매",
    "ReviewScore": "1",
    "Syllable": "69",
    "Word": "19",
    "RDate": "20220525",
    "GeneralPolarity": "-1",
    "Aspects": [
      {
        "Aspect": "품질",
        "SentimentText": "뚜껑 열 때 빠지는 거 보니 불량인 것 같아 기분이 상당히 안 좋습니다.",
        "SentimentWord": "13",
        "SentimentPolarity": "-1"
      },
      {
        "Aspect": "제조일/제조사",
        "SentimentText": "세상에 어떻게 ㅇㅇㅇ는 상품을 판매하죠? 완전별로!",
        "SentimentWord": "6",
        "SentimentPolarity": "-1"
      }
    ]
  },
  {
    "Index": "33053",
    "RawText": "용량이 작아서 1인으로 쓰기 좋습니다. 디자인도 아담하고 심플하니 좋아요~",
    "Source": "쇼핑몰",
    "Domain": "가전",
    "MainCategory": "주방가전",
    "ProductName": "쿠쿠전자 CRP-HQB0310FS 일반구매",
    "ReviewScore": "5",
    "Syllable": "41",
    "Word": "9",
    "RDate": "20220320",
    "GeneralPolarity": "1",
    "Aspects": [
      {
        "Aspect": "용량",
        "SentimentText": "용량이 작아서 1인으로 쓰기 좋습니다. ",
        "SentimentWord": "5",
        "SentimentPolarity": "1"
      },
      {
        "Aspect": "디자인",
        "SentimentText": "디자인도 아담하고 심플하니 좋아요~",
        "SentimentWord": "4",
        "SentimentPolarity": "1"
      }
    ]
  },
  {
    "Index": "33056",
    "RawText": "품질 좋은 제품이라서 밥맛이 최고예요! 다양한 취사기능이 있어 요리하기 좋네요!",
    "Source": "쇼핑몰",
    "Domain": "가전",
    "MainCategory": "주방가전",
    "ProductName": "쿠쿠전자 CRP-HQB0310FS 일반구매",
    "ReviewScore": "5",
    "Syllable": "44",
    "Word": "10",
    "RDate": "20200618",
    "GeneralPolarity": "1",
    "Aspects": [
      {
        "Aspect": "품질",
        "SentimentText": "품질 좋은 제품이라서 밥맛이 최고예요! ",
        "SentimentWord": "5",
        "SentimentPolarity": "1"
      },
      {
        "Aspect": "기능",
        "SentimentText": "다양한 취사기능이 있어 요리하기 좋네요!  ",
        "SentimentWord": "5",
        "SentimentPolarity": "1"
      }
    ]
  },
  {
    "Index": "33058",
    "RawText": "밥솥 사이즈 작고 정말 앙증맞아요  디자인도 귀여워 작은 저희 집에 너무 잘 어울리네요.",
    "Source": "쇼핑몰",
    "Domain": "가전",
    "MainCategory": "주방가전",
    "ProductName": "쿠쿠전자 CRP-HQB0310FS 일반구매",
    "ReviewScore": "5",
    "Syllable": "49",
    "Word": "13",
    "RDate": "20190908",
    "GeneralPolarity": "1",
    "Aspects": [
      {
        "Aspect": "사이즈",
        "SentimentText": "밥솥 사이즈 작고 정말 앙증맞아요  ",
        "SentimentWord": "5",
        "SentimentPolarity": "1"
      },
      {
        "Aspect": "디자인",
        "SentimentText": "디자인도 귀여워 작은 저희 집에 너무 잘 어울리네요.",
        "SentimentWord": "8",
        "SentimentPolarity": "1"
      }
    ]
  },
  {
    "Index": "33061",
    "RawText": "품질 때문 인지 밥맛이 아주 꿀맛이예요~ 원룸에서 1인분 사용하기 딱 좋은  사이즈 용량이예요 ㅎㅎㅎ",
    "Source": "쇼핑몰",
    "Domain": "가전",
    "MainCategory": "주방가전",
    "ProductName": "쿠쿠전자 CRP-HQB0310FS 일반구매",
    "ReviewScore": "5",
    "Syllable": "56",
    "Word": "14",
    "RDate": "20200213",
    "GeneralPolarity": "1",
    "Aspects": [
      {
        "Aspect": "품질",
        "SentimentText": "품질 때문 인지 밥맛이 아주 꿀맛이예요~",
        "SentimentWord": "6",
        "SentimentPolarity": "1"
      },
      {
        "Aspect": "용량",
        "SentimentText": "원룸에서 1인분 사용하기 딱 좋은  사이즈 용량이예요 ㅎㅎㅎ",
        "SentimentWord": "8",
        "SentimentPolarity": "1"
      }
    ]
  },
  {
    "Index": "33063",
    "RawText": "밥솥 디자인  앙증맞고 세상 너무 귀여워요~ 기능도 너무 심플하고 밥도 너무 잘 돼요. 저 혼자 쓰기 딱 정당한 용량 크기이네요",
    "Source": "쇼핑몰",
    "Domain": "가전",
    "MainCategory": "주방가전",
    "ProductName": "쿠쿠전자 CRP-HQB0310FS 일반구매",
    "ReviewScore": "5",
    "Syllable": "71",
    "Word": "20",
    "RDate": "20211027",
    "GeneralPolarity": "1",
    "Aspects": [
      {
        "Aspect": "디자인",
        "SentimentText": "밥솥 디자인  앙증맞고 세상 너무 귀여워요",
        "SentimentWord": "6",
        "SentimentPolarity": "1"
      },
      {
        "Aspect": "기능",
        "SentimentText": "기능도 너무 심플하고 밥도 너무 잘 돼요",
        "SentimentWord": "7",
        "SentimentPolarity": "1"
      },
      {
        "Aspect": "용량",
        "SentimentText": "저 혼자 쓰기 딱 정당한 용량 크기이네요",
        "SentimentWord": "7",
        "SentimentPolarity": "1"
      }
    ]
  },
  {
    "Index": "33064",
    "RawText": "밥솥에 시간 표시 기능이 없어 취사 소요시간을 알 수 없어 답답합니다. 보온 중에도 상태를 알 수 없어 매번 뚜껑 열고 확인해야 하니 사용하기 불편합니다.",
    "Source": "쇼핑몰",
    "Domain": "가전",
    "MainCategory": "주방가전",
    "ProductName": "쿠쿠전자 CRP-HQB0310FS 일반구매",
    "ReviewScore": "3",
    "Syllable": "86",
    "Word": "24",
    "RDate": "20191016",
    "GeneralPolarity": "-1",
    "Aspects": [
      {
        "Aspect": "기능",
        "SentimentText": "밥솥에 시간 표시 기능이 없어 취사 소요시간을 알 수 없어 답답합니다. ",
        "SentimentWord": "11",
        "SentimentPolarity": "-1"
      },
      {
        "Aspect": "편의성",
        "SentimentText": "보온 중에도 상태를 알 수 없어 매번 뚜껑 열고 확인해야 하니 사용하기 불편합니다.",
        "SentimentWord": "13",
        "SentimentPolarity": "-1"
      }
    ]
  },
  {
    "Index": "33065",
    "RawText": "아이가 자취 중인인데 혼자해 먹기  딱 좋은 용량입니다 .싸게 아주 잘 사서 강력추천합니다!",
    "Source": "쇼핑몰",
    "Domain": "가전",
    "MainCategory": "주방가전",
    "ProductName": "쿠쿠전자 CRP-HQB0310FS 일반구매",
    "ReviewScore": "5",
    "Syllable": "51",
    "Word": "13",
    "RDate": "20200311",
    "GeneralPolarity": "1",
    "Aspects": [
      {
        "Aspect": "용량",
        "SentimentText": "아이가 자취 중인인데 혼자해 먹기  딱 좋은 용량입니다 ",
        "SentimentWord": "8",
        "SentimentPolarity": "1"
      },
      {
        "Aspect": "가격",
        "SentimentText": "싸게 아주 잘 사서  강력추천합니다!",
        "SentimentWord": "5",
        "SentimentPolarity": "1"
      }
    ]
  },
  {
    "Index": "33067",
    "RawText": "빠른 배송^^8년만에 새 제품 샀는데 화면 그대로 디자인 귀엽고 이뻐요~ 기능도 단순해 밥하기 좋아요",
    "Source": "쇼핑몰",
    "Domain": "가전",
    "MainCategory": "주방가전",
    "ProductName": "쿠쿠전자 CRP-HQB0310FS 일반구매",
    "ReviewScore": "5",
    "Syllable": "56",
    "Word": "14",
    "RDate": "20200328",
    "GeneralPolarity": "1",
    "Aspects": [
      {
        "Aspect": "디자인",
        "SentimentText": " 화면 그대로 디자인 귀엽고 이뻐요~ ",
        "SentimentWord": "5",
        "SentimentPolarity": "1"
      },
      {
        "Aspect": "기능",
        "SentimentText": "기능도 단순해 밥하기 좋아요 ",
        "SentimentWord": "4",
        "SentimentPolarity": "1"
      }
    ]
  },
  {
    "Index": "33068",
    "RawText": "일단 배송 빨랐는데 에너지 효율 1등급 아니고 3등급이라 실망했어요. 상태 표시등이 없어 취사 남은 시간 등을 알 수 없어 사용하기 불편합니다 . 성능이 딸린지 두 번이나 밥을 했는데 찰기도 없어 맛도 없어요!",
    "Source": "쇼핑몰",
    "Domain": "가전",
    "MainCategory": "주방가전",
    "ProductName": "쿠쿠전자 CRP-HQB0310FS 일반구매",
    "ReviewScore": "4",
    "Syllable": "117",
    "Word": "32",
    "RDate": "20210614",
    "GeneralPolarity": "-1",
    "Aspects": [
      {
        "Aspect": "소비전력",
        "SentimentText": "에너지 효율 1등급 아니고 3등급이라 실망했어요.",
        "SentimentWord": "6",
        "SentimentPolarity": "-1"
      },
      {
        "Aspect": "편의성",
        "SentimentText": "상태 표시등이 없어 취사 남은 시간 등을 알 수 없어 사용하기 불편합니다 ",
        "SentimentWord": "12",
        "SentimentPolarity": "-1"
      },
      {
        "Aspect": "기능",
        "SentimentText": " 성능이 딸린지 두 번이나 밥을 했는데 찰기도 없어 맛도 없어요!",
        "SentimentWord": "10",
        "SentimentPolarity": "-1"
      }
    ]
  },
  {
    "Index": "33077",
    "RawText": "보온 기능이 약해서 그런지 밥상태가 그닥 좋지 않네요. 그래도 용량이 작아 한번 먹을 양만 해서 먹기는 좋아요  가격대비 상품은 좋은 것 같아요",
    "Source": "쇼핑몰",
    "Domain": "가전",
    "MainCategory": "주방가전",
    "ProductName": "쿠쿠전자 CRP-HQB0310FS 일반구매",
    "ReviewScore": "5",
    "Syllable": "80",
    "Word": "22",
    "RDate": "20211228",
    "GeneralPolarity": "0",
    "Aspects": [
      {
        "Aspect": "기능",
        "SentimentText": "보온 기능이 약해서 그런지 밥상태가 그닥 좋지 않네요",
        "SentimentWord": "8",
        "SentimentPolarity": "-1"
      },
      {
        "Aspect": "용량",
        "SentimentText": "그래도 용량이 작아 한번 먹을 양만 해서 먹기는 좋아요 ",
        "SentimentWord": "9",
        "SentimentPolarity": "1"
      },
      {
        "Aspect": "가격",
        "SentimentText": " 가격대비 상품은 좋은 것 같아요  ",
        "SentimentWord": "5",
        "SentimentPolarity": "1"
      }
    ]
  },
  {
    "Index": "33079",
    "RawText": "상품을 받았는데 보온/취소 버튼이 불량으로 왔어요. 검수도 잘 안 하지는 ㅇㅇㅇ 대실망입니다",
    "Source": "쇼핑몰",
    "Domain": "가전",
    "MainCategory": "주방가전",
    "ProductName": "쿠쿠전자 CRP-HQB0310FS 일반구매",
    "ReviewScore": "4",
    "Syllable": "51",
    "Word": "12",
    "RDate": "20211106",
    "GeneralPolarity": "-1",
    "Aspects": [
      {
        "Aspect": "품질",
        "SentimentText": "상품을 받았는데 보온/취소 버튼이 불량으로 왔어요.",
        "SentimentWord": "6",
        "SentimentPolarity": "-1"
      },
      {
        "Aspect": "제조일/제조사",
        "SentimentText": "검수도 잘 안 하지는 ㅇㅇㅇ 대실망입니다",
        "SentimentWord": "6",
        "SentimentPolarity": "-1"
      }
    ]
  },
  {
    "Index": "33081",
    "RawText": "엄마, 아빠 두 분이서 밥해 먹기 좋게 작은 용량으로 사드렸는데 적당하시다고 하네요. 압력도 잘 되 밥까지 맛있다고 칭찬해 줬어요",
    "Source": "쇼핑몰",
    "Domain": "가전",
    "MainCategory": "주방가전",
    "ProductName": "쿠쿠전자 CRP-HQB0310FS 일반구매",
    "ReviewScore": "5",
    "Syllable": "72",
    "Word": "19",
    "RDate": "20200515",
    "GeneralPolarity": "1",
    "Aspects": [
      {
        "Aspect": "용량",
        "SentimentText": "엄마, 아빠 두 분이서 밥해 먹기 좋게 작은 용량으로 사드렸는데 적당하시다고 하네요",
        "SentimentWord": "12",
        "SentimentPolarity": "1"
      },
      {
        "Aspect": "기능",
        "SentimentText": "압력도 잘 되 밥까지 맛있다고 칭찬해 줬어요",
        "SentimentWord": "7",
        "SentimentPolarity": "1"
      }
    ]
  },
  {
    "Index": "33084",
    "RawText": "1인 가구가 충분히 쓰기 좋은 용량사이즈 입니다. 디자인도 너무 귀엽고 장난감 같아요~ㅎㅎ  음성 기능도 있고 짱이예요",
    "Source": "쇼핑몰",
    "Domain": "가전",
    "MainCategory": "주방가전",
    "ProductName": "쿠쿠전자 CRP-HQB0310FS 일반구매",
    "ReviewScore": "4",
    "Syllable": "66",
    "Word": "16",
    "RDate": "20220211",
    "GeneralPolarity": "1",
    "Aspects": [
      {
        "Aspect": "용량",
        "SentimentText": "1인 가구가 충분히 쓰기 좋은 용량사이즈 입니다",
        "SentimentWord": "7",
        "SentimentPolarity": "1"
      },
      {
        "Aspect": "디자인",
        "SentimentText": " 디자인도 너무 귀엽고 장난감 같아요~ㅎㅎ ",
        "SentimentWord": "5",
        "SentimentPolarity": "1"
      },
      {
        "Aspect": "기능",
        "SentimentText": " 음성 기능도 있고 짱이예요",
        "SentimentWord": "4",
        "SentimentPolarity": "1"
      }
    ]
  },
  {
    "Index": "33086",
    "RawText": "어머나 사이즈 너무 귀여워 깜짝 놀랬어요~^^  혼밥하는 1인에게 딱 적합한 용량이예요  그런데 전선이 좀 약해 고장 날것 같아 불안해요",
    "Source": "쇼핑몰",
    "Domain": "가전",
    "MainCategory": "주방가전",
    "ProductName": "쿠쿠전자 CRP-HQB0310FS 일반구매",
    "ReviewScore": "5",
    "Syllable": "76",
    "Word": "19",
    "RDate": "20210601",
    "GeneralPolarity": "0",
    "Aspects": [
      {
        "Aspect": "사이즈",
        "SentimentText": "어머나 사이즈 너무 귀여워 깜짝 놀랬어요~^^ ",
        "SentimentWord": "6",
        "SentimentPolarity": "1"
      },
      {
        "Aspect": "용량",
        "SentimentText": "혼밥하는 1인에게 딱 적합한 용량이예요 ",
        "SentimentWord": "5",
        "SentimentPolarity": "1"
      },
      {
        "Aspect": "품질",
        "SentimentText": " 전선이 좀 약해 고장 날것 같아 불안해요 ",
        "SentimentWord": "7",
        "SentimentPolarity": "-1"
      }
    ]
  }
]