[
  {
    "Index": "7128",
    "RawText": "제가 사용하고 좋아서 지인들에게 추천해 3개나 지인들 샀어요 가격대비 만족",
    "Source": "SNS",
    "Domain": "가전",
    "MainCategory": "주방가전",
    "ProductName": "(TV_직)베스트 하임 THE 건강한 에어프라이어",
    "ReviewScore": "100",
    "Syllable": "41",
    "Word": "10",
    "RDate": "20180809",
    "Aspects": [
      {
        "Aspect": "품질",
        "SentimentText": "제가 사용하고 좋아서 지인들에게 추천해 3개나 지인들 샀어요",
        "SentimentWord": "8",
        "SentimentPolarity": "1"
      },
      {
        "Aspect": "가격",
        "SentimentText": "가격대비 만족",
        "SentimentWord": "2",
        "SentimentPolarity": "1"
      }
    ]
  },
  {
    "Index": "7129",
    "RawText": "첨 구매하는거라 사이즈 생각못했는데 좀 작네요 ㅜ 그래도 사용감은 만족합니다",
    "Source": "SNS",
    "Domain": "가전",
    "MainCategory": "주방가전",
    "ProductName": "(TV_직)베스트 하임 THE 건강한 에어프라이어",
    "ReviewScore": "100",
    "Syllable": "42",
    "Word": "10",
    "RDate": "20181218",
    "GeneralPolarity": "0",
    "Aspects": [
      {
        "Aspect": "사이즈",
        "SentimentText": "첨 구매하는거라 사이즈 생각못했는데 좀 작네요",
        "SentimentWord": "6",
        "SentimentPolarity": "-1"
      },
      {
        "Aspect": "조작성",
        "SentimentText": "그래도 사용감은 만족합니다",
        "SentimentWord": "3",
        "SentimentPolarity": "1"
      }
    ]
  },
  {
    "Index": "7130",
    "RawText": "구매후 테스트겸 훈제오리 구워 먹었어요. 가격대비 괜찮은거 같아요  살짝 눌러붙음 있어요 잘~ 굽고 잘 저어주세요",
    "Source": "SNS",
    "Domain": "가전",
    "MainCategory": "주방가전",
    "ProductName": "(TV_직택배) 리빙아트 디오바코 만능요리팬 (점보그릴) LBGL-500",
    "ReviewScore": "80",
    "Syllable": "63",
    "Word": "15",
    "RDate": "20190909",
    "GeneralPolarity": "0",
    "Aspects": [
      {
        "Aspect": "품질",
        "SentimentText": "가격대비 괜찮은거 같아요 ",
        "SentimentWord": "3",
        "SentimentPolarity": "1"
      },
      {
        "Aspect": "품질",
        "SentimentText": "살짝 눌러붙음 있어요",
        "SentimentWord": "3",
        "SentimentPolarity": "-1"
      }
    ]
  },
  {
    "Index": "7131",
    "RawText": "추석에 사용했는데 크기도 좋고   디자인도  이쁘네요 다양한 요리 가능해서 잘 사용합니다",
    "Source": "SNS",
    "Domain": "가전",
    "MainCategory": "주방가전",
    "ProductName": "(TV_직택배) 리빙아트 디오바코 만능요리팬 (점보그릴) LBGL-500",
    "ReviewScore": "100",
    "Syllable": "49",
    "Word": "11",
    "RDate": "20191006",
    "GeneralPolarity": "1",
    "Aspects": [
      {
        "Aspect": "사이즈",
        "SentimentText": "추석에 사용했는데 크기도 좋고",
        "SentimentWord": "4",
        "SentimentPolarity": "1"
      },
      {
        "Aspect": "디자인",
        "SentimentText": "디자인도  이쁘네요",
        "SentimentWord": "2",
        "SentimentPolarity": "1"
      },
      {
        "Aspect": "편의성",
        "SentimentText": "다양한 요리 가능해서 잘 사용합니다",
        "SentimentWord": "5",
        "SentimentPolarity": "1"
      }
    ]
  },
  {
    "Index": "7132",
    "RawText": "가성비 정말 좋아요. 감자튀김 치킨 해봤는데 기름없이 너무 좋아여!!",
    "Source": "SNS",
    "Domain": "가전",
    "MainCategory": "주방가전",
    "ProductName": "(TV_특)베스트 하임 THE 건강한 에어프라이어",
    "ReviewScore": "100",
    "Syllable": "38",
    "Word": "9",
    "RDate": "20180613",
    "GeneralPolarity": "1",
    "Aspects": [
      {
        "Aspect": "품질",
        "SentimentText": "가성비 정말 좋아요",
        "SentimentWord": "3",
        "SentimentPolarity": "1"
      },
      {
        "Aspect": "기능",
        "SentimentText": "감자튀김 치킨 해봤는데 기름없이 너무 좋아여!",
        "SentimentWord": "6",
        "SentimentPolarity": "1"
      }
    ]
  },
  {
    "Index": "7133",
    "RawText": "제품크기는 적당해요. 안의 내용물 넣는 양이 생각보다 적네요. 바스켓 분리가 좀 힘들었어요. 앞으로 써봐야 알겠죠.",
    "Source": "SNS",
    "Domain": "가전",
    "MainCategory": "주방가전",
    "ProductName": "(TV_특)베스트 하임 THE 건강한 에어프라이어",
    "ReviewScore": "100",
    "Syllable": "64",
    "Word": "15",
    "RDate": "20180604",
    "GeneralPolarity": "0",
    "Aspects": [
      {
        "Aspect": "사이즈",
        "SentimentText": "제품크기는 적당해요",
        "SentimentWord": "2",
        "SentimentPolarity": "0"
      },
      {
        "Aspect": "용량",
        "SentimentText": "안의 내용물 넣는 양이 생각보다 적네요",
        "SentimentWord": "6",
        "SentimentPolarity": "-1"
      },
      {
        "Aspect": "편의성",
        "SentimentText": "바스켓 분리가 좀 힘들었어요",
        "SentimentWord": "4",
        "SentimentPolarity": "-1"
      }
    ]
  },
  {
    "Index": "7134",
    "RawText": "타방송에서 보고 검색했더니 여기가 제일 싸서 구매합니다. 기름을 많이 넣지 않아도 되니 건강하게 먹을 수 있어 안심이 되네요 잘 쓸께요",
    "Source": "SNS",
    "Domain": "가전",
    "MainCategory": "주방가전",
    "ProductName": "(TV_특)베스트 하임 THE 건강한 에어프라이어",
    "ReviewScore": "100",
    "Syllable": "75",
    "Word": "20",
    "RDate": "20180601",
    "Aspects": [
      {
        "Aspect": "가격",
        "SentimentText": "타방송에서 보고 검색했더니 여기가 제일 싸서 구매합니다",
        "SentimentWord": "7",
        "SentimentPolarity": "1"
      },
      {
        "Aspect": "편의성",
        "SentimentText": "기름을 많이 넣지 않아도 되니 건강하게 먹을 수 있어 안심이 되네요",
        "SentimentWord": "11",
        "SentimentPolarity": "1"
      }
    ]
  },
  {
    "Index": "7135",
    "RawText": "튀김요리 간편하게 할수 있어서 좋은데요 3개월정도 썼는데 튀김기  아래가 벗겨져요 ㅠㅠ 왜그럴까요?",
    "Source": "SNS",
    "Domain": "가전",
    "MainCategory": "주방가전",
    "ProductName": "(TV_특)베스트 하임 THE 건강한 에어프라이어",
    "ReviewScore": "60",
    "Syllable": "55",
    "Word": "12",
    "RDate": "20180830",
    "GeneralPolarity": "-1",
    "Aspects": [
      {
        "Aspect": "기능",
        "SentimentText": "튀김요리 간편하게 할수 있어서 좋은데요",
        "SentimentWord": "5",
        "SentimentPolarity": "1"
      },
      {
        "Aspect": "품질",
        "SentimentText": " 3개월정도 썼는데 튀김기  아래가 벗겨져요",
        "SentimentWord": "5",
        "SentimentPolarity": "-1"
      }
    ]
  },
  {
    "Index": "7136",
    "RawText": "생각보다 크기가 크네요 아직은 사용하기가 좀 어설푸네요 집에 두고 진공포장할때 사용하려고 구매했어요 냉동실에 음식보관할때 필요할것같아서  마침 TV방송하길래  지름신이 내렸어요",
    "Source": "SNS",
    "Domain": "가전",
    "MainCategory": "주방가전",
    "ProductName": "(TV_특_방송)아이오 진공 포장기",
    "ReviewScore": "100",
    "Syllable": "98",
    "Word": "19",
    "RDate": "20180221",
    "GeneralPolarity": "0",
    "Aspects": [
      {
        "Aspect": "사이즈",
        "SentimentText": "생각보다 크기가 크네요",
        "SentimentWord": "3",
        "SentimentPolarity": "0"
      },
      {
        "Aspect": "조작성",
        "SentimentText": "아직은 사용하기가 좀 어설푸네요",
        "SentimentWord": "4",
        "SentimentPolarity": "-1"
      }
    ]
  },
  {
    "Index": "7137",
    "RawText": "남편 직장에서 쓰려고 샀는데 빨리 끓고 정말 좋다하네요. 물을 다시 끓여 헹구면 세척도 쉽고 편하대요.",
    "Source": "SNS",
    "Domain": "가전",
    "MainCategory": "주방가전",
    "ProductName": "(TV_특약)오뜨로닉 쁘띠 멀티포트 1+1",
    "ReviewScore": "100",
    "Syllable": "57",
    "Word": "15",
    "RDate": "20200316",
    "GeneralPolarity": "1",
    "Aspects": [
      {
        "Aspect": "기능",
        "SentimentText": " 빨리 끓고 정말 좋다하네요",
        "SentimentWord": "4",
        "SentimentPolarity": "1"
      },
      {
        "Aspect": "편의성",
        "SentimentText": "물을 다시 끓여 헹구면 세척도 쉽고 편하대요",
        "SentimentWord": "7",
        "SentimentPolarity": "1"
      }
    ]
  },
  {
    "Index": "7138",
    "RawText": "정말작고  계란과 라면해먹었는데 편하게 먹었네요 그리고 선이 너무 짧아서 불편하네요",
    "Source": "SNS",
    "Domain": "가전",
    "MainCategory": "주방가전",
    "ProductName": "(TV_특약)오뜨로닉 쁘띠 멀티포트 1+1",
    "ReviewScore": "80",
    "Syllable": "46",
    "Word": "10",
    "RDate": "20200317",
    "GeneralPolarity": "0",
    "Aspects": [
      {
        "Aspect": "편의성",
        "SentimentText": "정말작고  계란과 라면해먹었는데 편하게 먹었네요",
        "SentimentWord": "5",
        "SentimentPolarity": "1"
      },
      {
        "Aspect": "제품구성",
        "SentimentText": "그리고 선이 너무 짧아서 불편하네요",
        "SentimentWord": "5",
        "SentimentPolarity": "-1"
      }
    ]
  },
  {
    "Index": "7139",
    "RawText": "과일먹고 음식쓰레기를 두니 벌레가생겨서구입했습니다. 편리해서는좋지만..일단..시간이너무오래걸리는게  조금단점인것같습니다. 양도  얼마넣지도않았는데..시간이 너무오래걸립니다.",
    "Source": "SNS",
    "Domain": "가전",
    "MainCategory": "주방가전",
    "ProductName": "(알파데이_방송중_위)신일_음식물 처리기 ",
    "ReviewScore": "70",
    "Syllable": "96",
    "Word": "9",
    "RDate": "20210915",
    "GeneralPolarity": "-1",
    "Aspects": [
      {
        "Aspect": "편의성",
        "SentimentText": "편리해서는좋지만..",
        "SentimentWord": "1",
        "SentimentPolarity": "1"
      },
      {
        "Aspect": "시간/속도",
        "SentimentText": "일단..시간이너무오래걸리는게  조금단점인것같습니다",
        "SentimentWord": "2",
        "SentimentPolarity": "-1"
      },
      {
        "Aspect": "용량",
        "SentimentText": "양도  얼마넣지도않았는데..",
        "SentimentWord": "2",
        "SentimentPolarity": "-1"
      },
      {
        "Aspect": "시간/속도",
        "SentimentText": "시간이 너무오래걸립니다",
        "SentimentWord": "2",
        "SentimentPolarity": "-1"
      }
    ]
  },
  {
    "Index": "7140",
    "RawText": "디자인 이쁘고 성능도 괜찮을꺼 같아요 다만 불량제품이 당첨된거 같아요 시작후 전원이 꺼지며 다시 켜지지 않습니다",
    "Source": "SNS",
    "Domain": "가전",
    "MainCategory": "주방가전",
    "ProductName": "(알파데이_방송중_위)신일_음식물 처리기 ",
    "ReviewScore": "60",
    "Syllable": "62",
    "Word": "15",
    "RDate": "20210903",
    "GeneralPolarity": "-1",
    "Aspects": [
      {
        "Aspect": "디자인",
        "SentimentText": "디자인 이쁘고",
        "SentimentWord": "2",
        "SentimentPolarity": "1"
      },
      {
        "Aspect": "기능",
        "SentimentText": "성능도 괜찮을꺼 같아요",
        "SentimentWord": "3",
        "SentimentPolarity": "1"
      },
      {
        "Aspect": "품질",
        "SentimentText": "다만 불량제품이 당첨된거 같아요",
        "SentimentWord": "4",
        "SentimentPolarity": "-1"
      },
      {
        "Aspect": "품질",
        "SentimentText": "시작후 전원이 꺼지며 다시 켜지지 않습니다",
        "SentimentWord": "6",
        "SentimentPolarity": "-1"
      }
    ]
  },
  {
    "Index": "7141",
    "RawText": "소음이 거의 없습니다 음식물 양에 따라 걸리는 시간도 달라요 저는 대체로 만족합니다",
    "Source": "SNS",
    "Domain": "가전",
    "MainCategory": "주방가전",
    "ProductName": "(알파데이_방송중_위)신일_음식물 처리기 ",
    "ReviewScore": "100",
    "Syllable": "46",
    "Word": "12",
    "RDate": "20210911",
    "Aspects": [
      {
        "Aspect": "소음",
        "SentimentText": "소음이 거의 없습니다",
        "SentimentWord": "3",
        "SentimentPolarity": "1"
      },
      {
        "Aspect": "시간/속도",
        "SentimentText": "음식물 양에 따라 걸리는 시간도 달라요",
        "SentimentWord": "6",
        "SentimentPolarity": "0"
      },
      {
        "Aspect": "품질",
        "SentimentText": "저는 대체로 만족합니다",
        "SentimentWord": "3",
        "SentimentPolarity": "1"
      }
    ]
  },
  {
    "Index": "7142",
    "RawText": "제조사에대한 신뢰도가 높은편이라 별5개가야하는데 불량제품을 보내서 교환하느라 불편함과 스트레스가있었기 때문에 2개만갑니다 교환하고 아직 써보질않아  상태가 어떤지, 써보고 후기남길께요 ",
    "Source": "SNS",
    "Domain": "가전",
    "MainCategory": "주방가전",
    "ProductName": "(알파데이_방송중_위)신일_음식물 처리기 ",
    "ReviewScore": "40",
    "Syllable": "103",
    "Word": "18",
    "RDate": "20210927",
    "GeneralPolarity": "-1",
    "Aspects": [
      {
        "Aspect": "제조일/제조사",
        "SentimentText": "제조사에대한 신뢰도가 높은편이라 별5개가야하는데",
        "SentimentWord": "4",
        "SentimentPolarity": "1"
      },
      {
        "Aspect": "품질",
        "SentimentText": "불량제품을 보내서 교환하느라 불편함과 스트레스가있었기 때문에 2개만갑니다",
        "SentimentWord": "7",
        "SentimentPolarity": "-1"
      }
    ]
  },
  {
    "Index": "7143",
    "RawText": "아직 사용은 안해봤는데 색상이 튀지 않고 깔끔하니 이쁘네요. 작동버튼도 간편한거 같고 빨리 사용해봐야겠어요",
    "Source": "SNS",
    "Domain": "가전",
    "MainCategory": "주방가전",
    "ProductName": "(알파데이_방송중_위)신일_음식물 처리기 ",
    "ReviewScore": "100",
    "Syllable": "59",
    "Word": "13",
    "RDate": "20210903",
    "GeneralPolarity": "1",
    "Aspects": [
      {
        "Aspect": "색상",
        "SentimentText": "색상이 튀지 않고 깔끔하니 이쁘네요",
        "SentimentWord": "5",
        "SentimentPolarity": "1"
      },
      {
        "Aspect": "조작성",
        "SentimentText": "작동버튼도 간편한거 같고 빨리 사용해봐야겠어요",
        "SentimentWord": "5",
        "SentimentPolarity": "1"
      }
    ]
  },
  {
    "Index": "7144",
    "RawText": "음식물 분쇄 건조 잘되고 양도적고 냄새도 없어 만족합니다",
    "Source": "SNS",
    "Domain": "가전",
    "MainCategory": "주방가전",
    "ProductName": "(알파데이_방송중_위)신일_음식물 처리기 ",
    "ReviewScore": "100",
    "Syllable": "31",
    "Word": "8",
    "RDate": "20210904",
    "GeneralPolarity": "1",
    "Aspects": [
      {
        "Aspect": "기능",
        "SentimentText": "음식물 분쇄 건조 잘되고",
        "SentimentWord": "4",
        "SentimentPolarity": "1"
      },
      {
        "Aspect": "기능",
        "SentimentText": "양도적고 냄새도 없어 만족합니다",
        "SentimentWord": "4",
        "SentimentPolarity": "1"
      }
    ]
  },
  {
    "Index": "7145",
    "RawText": "요거트 잘만들어져요!! 그러데 요거트 만드는데 걸리는 시간은 많이 기네요 기다림이 필요합니다 포장만 좀 보완했으면 좋겠어요 ",
    "Source": "SNS",
    "Domain": "가전",
    "MainCategory": "주방가전",
    "ProductName": "[셰퍼] 욜로 요거트메이커/저온발효, 수제요거트,컴팩트 사이즈",
    "ReviewScore": "80",
    "Syllable": "69",
    "Word": "15",
    "RDate": "20220204",
    "Aspects": [
      {
        "Aspect": "기능",
        "SentimentText": "요거트 잘만들어져요!",
        "SentimentWord": "2",
        "SentimentPolarity": "1"
      },
      {
        "Aspect": "시간/속도",
        "SentimentText": "그러데 요거트 만드는데 걸리는 시간은 많이 기네요 기다림이 필요합니다",
        "SentimentWord": "9",
        "SentimentPolarity": "0"
      }
    ]
  },
  {
    "Index": "7146",
    "RawText": "배송은 빨라서 좋았는데 상품의 마감 상태는 불량입니다.   손잡이 달린 뚜껑이 잘 닫히지 않고, 스텐 테두리가 딱 맞지않고 거칠어서 플라스틱 입구를 긁게 됩니다. 디자인만 괜찮고 상품성은 별로입니다. 비추천입니다. ",
    "Source": "SNS",
    "Domain": "가전",
    "MainCategory": "주방가전",
    "ProductName": "K_[simeo] 시메오 네로 1.8L 티메이커 DK-700",
    "ReviewScore": "60",
    "Syllable": "120",
    "Word": "27",
    "RDate": "20200318",
    "Aspects": [
      {
        "Aspect": "품질",
        "SentimentText": "상품의 마감 상태는 불량입니다",
        "SentimentWord": "4",
        "SentimentPolarity": "-1"
      },
      {
        "Aspect": "품질",
        "SentimentText": "손잡이 달린 뚜껑이 잘 닫히지 않고, 스텐 테두리가 딱 맞지않고 거칠어서 플라스틱 입구를 긁게 됩니다",
        "SentimentWord": "15",
        "SentimentPolarity": "-1"
      },
      {
        "Aspect": "디자인",
        "SentimentText": "디자인만 괜찮고",
        "SentimentWord": "2",
        "SentimentPolarity": "1"
      },
      {
        "Aspect": "품질",
        "SentimentText": "상품성은 별로입니다",
        "SentimentWord": "2",
        "SentimentPolarity": "-1"
      }
    ]
  },
  {
    "Index": "7147",
    "RawText": "할머니 선물로 사드렸다가  너무 좋아서 울집것도 샀어요  대용량이 좋긴 좋네요  씻기도 편하고 음식도 잘 되고 대만족",
    "Source": "SNS",
    "Domain": "가전",
    "MainCategory": "주방가전",
    "ProductName": "K_[simeo] 시메오 패밀리 6L 에어프라이어 DK-20-1 (디지털)",
    "ReviewScore": "100",
    "Syllable": "65",
    "Word": "16",
    "RDate": "20191207",
    "GeneralPolarity": "1",
    "Aspects": [
      {
        "Aspect": "품질",
        "SentimentText": "할머니 선물로 사드렸다가  너무 좋아서 울집것도 샀어요 ",
        "SentimentWord": "7",
        "SentimentPolarity": "1"
      },
      {
        "Aspect": "용량",
        "SentimentText": "대용량이 좋긴 좋네요 ",
        "SentimentWord": "3",
        "SentimentPolarity": "1"
      },
      {
        "Aspect": "편의성",
        "SentimentText": "씻기도 편하고",
        "SentimentWord": "2",
        "SentimentPolarity": "1"
      },
      {
        "Aspect": "기능",
        "SentimentText": "음식도 잘 되고 대만족",
        "SentimentWord": "4",
        "SentimentPolarity": "1"
      }
    ]
  },
  {
    "Index": "7148",
    "RawText": "가격이 착하지만, 안에 들어있는 내구성이 약해서 용기의 수명이 매우 짧습니다",
    "Source": "SNS",
    "Domain": "가전",
    "MainCategory": "주방가전",
    "ProductName": "K_[Sodastream] 소다스트림 스피릿 탄산수제조기",
    "ReviewScore": "50",
    "Syllable": "42",
    "Word": "10",
    "RDate": "20200904",
    "Aspects": [
      {
        "Aspect": "가격",
        "SentimentText": "가격이 착하지만",
        "SentimentWord": "2",
        "SentimentPolarity": "1"
      },
      {
        "Aspect": "내구성",
        "SentimentText": "안에 들어있는 내구성이 약해서 용기의 수명이 매우 짧습니다",
        "SentimentWord": "8",
        "SentimentPolarity": "-1"
      }
    ]
  },
  {
    "Index": "7149",
    "RawText": "분쇄도  잘되고   양도 많이넣어도되서   좋으나  용도변경할때갈아끼우기가 번거롭네요",
    "Source": "SNS",
    "Domain": "가전",
    "MainCategory": "주방가전",
    "ProductName": "k_한일 대용량 스테인레스 믹서기/분쇄기 SHMF-3080SS/김장믹서기",
    "ReviewScore": "100",
    "Syllable": "47",
    "Word": "7",
    "RDate": "20201227",
    "GeneralPolarity": "0",
    "Aspects": [
      {
        "Aspect": "기능",
        "SentimentText": "분쇄도  잘되고",
        "SentimentWord": "2",
        "SentimentPolarity": "1"
      },
      {
        "Aspect": "용량",
        "SentimentText": "양도 많이넣어도되서   좋으나",
        "SentimentWord": "3",
        "SentimentPolarity": "1"
      },
      {
        "Aspect": "편의성",
        "SentimentText": "용도변경할때갈아끼우기가 번거롭네요",
        "SentimentWord": "2",
        "SentimentPolarity": "-1"
      }
    ]
  },
  {
    "Index": "7150",
    "RawText": "상품은 좋은데 인터넷 최저가보다 비싸게 받으면서 마늘 탈피기는 구성에 빠져 있네요 이럴바엔 최저가로 구매할까했는데 적립금을 써야되서 아까워서 구매했네요 구성에 넣어서 파세요 그래야 팔리죠",
    "Source": "SNS",
    "Domain": "가전",
    "MainCategory": "주방가전",
    "ProductName": "k_한일 대용량 스테인레스 믹서기/분쇄기 SHMF-3080SS/김장믹서기",
    "ReviewScore": "60",
    "Syllable": "104",
    "Word": "23",
    "RDate": "20191220",
    "Aspects": [
      {
        "Aspect": "품질",
        "SentimentText": "상품은 좋은데",
        "SentimentWord": "2",
        "SentimentPolarity": "1"
      },
      {
        "Aspect": "가격",
        "SentimentText": "인터넷 최저가보다 비싸게 받으면서",
        "SentimentWord": "4",
        "SentimentPolarity": "-1"
      },
      {
        "Aspect": "제품구성",
        "SentimentText": "마늘 탈피기는 구성에 빠져 있네요",
        "SentimentWord": "5",
        "SentimentPolarity": "-1"
      },
      {
        "Aspect": "가격",
        "SentimentText": "이럴바엔 최저가로 구매할까했는데 적립금을 써야되서 아까워서 구매했네요",
        "SentimentWord": "7",
        "SentimentPolarity": "0"
      }
    ]
  },
  {
    "Index": "7151",
    "RawText": "약간부실해보여요.조금만돌려도발열도심하고.냄새도너무나요.사용하다보면.조금씩줄어든다고는한던데.그래도찜찜한기분.용량은큰것같아좋아요.고장없이오래오래사용했음좋겠어요.",
    "Source": "SNS",
    "Domain": "가전",
    "MainCategory": "주방가전",
    "ProductName": "k_한일 대용량 스테인레스 믹서기/분쇄기 SHMF-3080SS/김장믹서기",
    "ReviewScore": "30",
    "Syllable": "87",
    "Word": "1",
    "RDate": "20200107",
    "GeneralPolarity": "0",
    "Aspects": [
      {
        "Aspect": "품질",
        "SentimentText": "약간부실해보여요",
        "SentimentWord": "1",
        "SentimentPolarity": "-1"
      },
      {
        "Aspect": "내구성",
        "SentimentText": "조금만돌려도발열도심하고",
        "SentimentWord": "1",
        "SentimentPolarity": "-1"
      },
      {
        "Aspect": "품질",
        "SentimentText": "냄새도너무나요",
        "SentimentWord": "1",
        "SentimentPolarity": "-1"
      },
      {
        "Aspect": "용량",
        "SentimentText": "용량은큰것같아좋아요",
        "SentimentWord": "1",
        "SentimentPolarity": "1"
      },
      {
        "Aspect": "품질",
        "SentimentText": "고장없이오래오래사용했음좋겠어요",
        "SentimentWord": "1",
        "SentimentPolarity": "0"
      }
    ]
  },
  {
    "Index": "7152",
    "RawText": "빠른 배송 감사드리구요 세균 꼼짝마 4단계 방식이 있어서 걱정 없어요  정수기에 간단하게 부착할 수 있어서 좋아요",
    "Source": "SNS",
    "Domain": "가전",
    "MainCategory": "주방가전",
    "ProductName": "국산정품 3단계 한방향 정수기필터 5개세트 호환필터",
    "ReviewScore": "100",
    "Syllable": "63",
    "Word": "16",
    "RDate": "20220122",
    "Aspects": [
      {
        "Aspect": "기능",
        "SentimentText": "세균 꼼짝마 4단계 방식이 있어서 걱정 없어요 ",
        "SentimentWord": "7",
        "SentimentPolarity": "1"
      },
      {
        "Aspect": "편의성",
        "SentimentText": "정수기에 간단하게 부착할 수 있어서 좋아요",
        "SentimentWord": "6",
        "SentimentPolarity": "1"
      }
    ]
  },
  {
    "Index": "7153",
    "RawText": "생각보다 크지않고 적당해요. 설명서  꼼꼼하게 읽느라 한참 걸렸네요. 다양하게 잘 쓸 것 같습니다.",
    "Source": "SNS",
    "Domain": "가전",
    "MainCategory": "주방가전",
    "ProductName": "램프쿡 자동회전냄비 일립스 HS-0020 [베이지]",
    "ReviewScore": "80",
    "Syllable": "55",
    "Word": "13",
    "RDate": "20211014",
    "GeneralPolarity": "1",
    "Aspects": [
      {
        "Aspect": "사이즈",
        "SentimentText": "생각보다 크지않고 적당해요",
        "SentimentWord": "3",
        "SentimentPolarity": "0"
      },
      {
        "Aspect": "기능",
        "SentimentText": "다양하게 잘 쓸 것 같습니다",
        "SentimentWord": "5",
        "SentimentPolarity": "1"
      }
    ]
  },
  {
    "Index": "7154",
    "RawText": "넘 디자인 예쁘고 가볍고 작은공간만 차지해서 왕 짱 강추합니당",
    "Source": "SNS",
    "Domain": "가전",
    "MainCategory": "주방가전",
    "ProductName": "비스카 UV LED 멀티살균 수저살균기 VK-CS290Y",
    "ReviewScore": "100",
    "Syllable": "34",
    "Word": "9",
    "RDate": "20210323",
    "Aspects": [
      {
        "Aspect": "디자인",
        "SentimentText": "넘 디자인 예쁘고",
        "SentimentWord": "3",
        "SentimentPolarity": "1"
      },
      {
        "Aspect": "무게",
        "SentimentText": "가볍고 작은공간만 차지해서 왕 짱 강추합니당",
        "SentimentWord": "6",
        "SentimentPolarity": "1"
      },
      {
        "Aspect": "사이즈",
        "SentimentText": "작은공간만 차지해서 왕 짱 강추합니당",
        "SentimentWord": "5",
        "SentimentPolarity": "1"
      }
    ]
  },
  {
    "Index": "7155",
    "RawText": "진공포장기는잇는데 포장지가없어서 처음 구매해봣는데 사이즈 너무 적당하고 좋네요.  더큰사이즈도구매해야겠어요!!! 작동시 소음은 좀 있지만 잠깐이라 괜찮음.",
    "Source": "SNS",
    "Domain": "가전",
    "MainCategory": "주방가전",
    "ProductName": "솔리스 진공포장기 전용 비닐팩/진공백/밀봉포장지/진공필름 VBS2030",
    "ReviewScore": "100",
    "Syllable": "86",
    "Word": "15",
    "RDate": "20210822",
    "GeneralPolarity": "0",
    "Aspects": [
      {
        "Aspect": "용량",
        "SentimentText": "사이즈 너무 적당하고 좋네요. 더큰사이즈도구매해야겠어요!!! ",
        "SentimentWord": "5",
        "SentimentPolarity": "1"
      },
      {
        "Aspect": "소음",
        "SentimentText": "작동시 소음은 좀 있지만 잠깐이라 괜찮음",
        "SentimentWord": "6",
        "SentimentPolarity": "0"
      }
    ]
  },
  {
    "Index": "7156",
    "RawText": "배송은 2일정도 걸린것 같아요 싹씻어서 토마토 갈아봤는데 잘 갈리네요 본체에 통을 끼우기가 조금 힘들긴한데 좋긴해요",
    "Source": "SNS",
    "Domain": "가전",
    "MainCategory": "주방가전",
    "ProductName": "알로아 블랙홀 대용량 믹서기",
    "ReviewScore": "80",
    "Syllable": "64",
    "Word": "15",
    "RDate": "20180201",
    "GeneralPolarity": "1",
    "Aspects": [
      {
        "Aspect": "기능",
        "SentimentText": "싹씻어서 토마토 갈아봤는데 잘 갈리네요",
        "SentimentWord": "5",
        "SentimentPolarity": "1"
      },
      {
        "Aspect": "조작성",
        "SentimentText": "본체에 통을 끼우기가 조금 힘들긴한데 좋긴해요",
        "SentimentWord": "6",
        "SentimentPolarity": "0"
      }
    ]
  },
  {
    "Index": "7157",
    "RawText": "배송이 너무너무 빨리와서 감사합니다. 높낮이 조절 기능이 있어서 조리하는데 도움이 되네요 사이즈도 마음에 드네요~ 잘 사용하겠습니다",
    "Source": "SNS",
    "Domain": "가전",
    "MainCategory": "주방가전",
    "ProductName": "오쿠 전기그릴/국산/다이아몬드코팅/높낮이조절기능 OCN-G200WS",
    "ReviewScore": "100",
    "Syllable": "73",
    "Word": "16",
    "RDate": "20220217",
    "Aspects": [
      {
        "Aspect": "기능",
        "SentimentText": "높낮이 조절 기능이 있어서 조리하는데 도움이 되네요",
        "SentimentWord": "7",
        "SentimentPolarity": "1"
      },
      {
        "Aspect": "사이즈",
        "SentimentText": "사이즈도 마음에 드네요~",
        "SentimentWord": "3",
        "SentimentPolarity": "1"
      }
    ]
  },
  {
    "Index": "7158",
    "RawText": "가성비 실용적입니다 음식만들때 도움이 됩니다",
    "Source": "SNS",
    "Domain": "가전",
    "MainCategory": "주방가전",
    "ProductName": "코아존 멀티다지기 스텐용기+유리용기",
    "ReviewScore": "80",
    "Syllable": "24",
    "Word": "5",
    "RDate": "20211230",
    "GeneralPolarity": "1",
    "Aspects": [
      {
        "Aspect": "가격",
        "SentimentText": "가성비 실용적입니다",
        "SentimentWord": "2",
        "SentimentPolarity": "1"
      },
      {
        "Aspect": "편의성",
        "SentimentText": "음식만들때 도움이 됩니다",
        "SentimentWord": "3",
        "SentimentPolarity": "1"
      }
    ]
  },
  {
    "Index": "7159",
    "RawText": "비슷한 상품중 제일 저렴하고 쉽게 야채 다지기 마늘다지기를 할 수 있어 너무 편리합니다~^^",
    "Source": "SNS",
    "Domain": "가전",
    "MainCategory": "주방가전",
    "ProductName": "코아존 멀티다지기 스텐용기+유리용기",
    "ReviewScore": "100",
    "Syllable": "51",
    "Word": "13",
    "RDate": "20220109",
    "GeneralPolarity": "1",
    "Aspects": [
      {
        "Aspect": "가격",
        "SentimentText": "비슷한 상품중 제일 저렴하고",
        "SentimentWord": "4",
        "SentimentPolarity": "1"
      },
      {
        "Aspect": "편의성",
        "SentimentText": "쉽게 야채 다지기 마늘다지기를 할 수 있어 너무 편리합니다~^^",
        "SentimentWord": "9",
        "SentimentPolarity": "1"
      }
    ]
  },
  {
    "Index": "7160",
    "RawText": "OO이라 믿고 구매했어요. 에어프라이어 용량도 커서 만족스럽고.  무엇보다 각진 오븐형 디자인이라 마음에 들어요.",
    "Source": "SNS",
    "Domain": "가전",
    "MainCategory": "주방가전",
    "ProductName": "쿠첸 에어프라이어 미니 오븐 COV-N120WC",
    "ReviewScore": "100",
    "Syllable": "63",
    "Word": "13",
    "RDate": "20210803",
    "GeneralPolarity": "1",
    "Aspects": [
      {
        "Aspect": "제조일/제조사",
        "SentimentText": "OO이라 믿고 구매했어요",
        "SentimentWord": "3",
        "SentimentPolarity": "1"
      },
      {
        "Aspect": "용량",
        "SentimentText": "에어프라이어 용량도 커서 만족스럽고",
        "SentimentWord": "4",
        "SentimentPolarity": "1"
      },
      {
        "Aspect": "디자인",
        "SentimentText": "각진 오븐형 디자인이라 마음에 들어요",
        "SentimentWord": "5",
        "SentimentPolarity": "1"
      }
    ]
  },
  {
    "Index": "7161",
    "RawText": "11/28주문  12/3 배송 받았네요... 착한 가격으로 구입했는데 배송 넘 느렸어요.. 포장상태, 포트는 좋아요",
    "Source": "SNS",
    "Domain": "가전",
    "MainCategory": "주방가전",
    "ProductName": "키친아트 드립포트/무선포트/1리터/전기주전자 KAEKD-A15FT",
    "ReviewScore": "10",
    "Syllable": "64",
    "Word": "13",
    "RDate": "20191204",
    "Aspects": [
      {
        "Aspect": "가격",
        "SentimentText": "착한 가격으로 구입했는데",
        "SentimentWord": "3",
        "SentimentPolarity": "1"
      },
      {
        "Aspect": "품질",
        "SentimentText": "포트는 좋아요",
        "SentimentWord": "2",
        "SentimentPolarity": "1"
      }
    ]
  },
  {
    "Index": "7162",
    "RawText": "커피/차 내려먹기에 아주 좋은 주전자예요.  가격도 착하고 좋습니다.",
    "Source": "SNS",
    "Domain": "가전",
    "MainCategory": "주방가전",
    "ProductName": "키친아트 드립포트/무선포트/1리터/전기주전자 KAEKD-A15FT",
    "ReviewScore": "100",
    "Syllable": "38",
    "Word": "8",
    "RDate": "20200203",
    "GeneralPolarity": "1",
    "Aspects": [
      {
        "Aspect": "편의성",
        "SentimentText": "커피/차 내려먹기에 아주 좋은 주전자예요.",
        "SentimentWord": "5",
        "SentimentPolarity": "1"
      },
      {
        "Aspect": "가격",
        "SentimentText": "가격도 착하고 좋습니다.",
        "SentimentWord": "3",
        "SentimentPolarity": "1"
      }
    ]
  },
  {
    "Index": "7163",
    "RawText": "가격 저렴하고 견고하고 다 좋은데...팬 바닥 한가운데에 이런 구멍이 있는데 써야할지? 말아야할지?",
    "Source": "SNS",
    "Domain": "가전",
    "MainCategory": "주방가전",
    "ProductName": "키친아트 시그니처 IH 인덕션용 궁중팬 30cm MW54073_2421327",
    "ReviewScore": "100",
    "Syllable": "55",
    "Word": "12",
    "RDate": "20220210",
    "GeneralPolarity": "0",
    "Aspects": [
      {
        "Aspect": "가격",
        "SentimentText": "가격 저렴하고",
        "SentimentWord": "2",
        "SentimentPolarity": "1"
      },
      {
        "Aspect": "품질",
        "SentimentText": "견고하고 다 좋은데..",
        "SentimentWord": "3",
        "SentimentPolarity": "1"
      },
      {
        "Aspect": "품질",
        "SentimentText": "팬 바닥 한가운데에 이런 구멍이 있는데 써야할지? 말아야할지?",
        "SentimentWord": "8",
        "SentimentPolarity": "-1"
      }
    ]
  },
  {
    "Index": "7164",
    "RawText": "냉장고 구입했네요. . 근데 홈바 문이 너무 빡빡해서 열고 닫기가 좀 그러네요 용량도 사용해보니 작아서 큰 걸 살껄 후회가 되네요",
    "Source": "SNS",
    "Domain": "가전",
    "MainCategory": "주방가전",
    "ProductName": "(TV)삼성 유러피안 양문형 냉장고 815L",
    "ReviewScore": "80",
    "Syllable": "72",
    "Word": "20",
    "RDate": "20170811",
    "Aspects": [
      {
        "Aspect": "품질",
        "SentimentText": "홈바 문이 너무 빡빡해서 열고 닫기가 좀 그러네요",
        "SentimentWord": "8",
        "SentimentPolarity": "-1"
      },
      {
        "Aspect": "용량",
        "SentimentText": "용량도 사용해보니 작아서 큰 걸 살껄 후회가 되네요",
        "SentimentWord": "8",
        "SentimentPolarity": "-1"
      }
    ]
  },
  {
    "Index": "7165",
    "RawText": "무이자할부가 넘 맘에들었구요 싼가격에 이만한 냉장고 없다고 생각됩니다 설치후 모습도 넘 예쁘구요",
    "Source": "SNS",
    "Domain": "가전",
    "MainCategory": "주방가전",
    "ProductName": "(TV)삼성 지펠냉장고 패키지(냉장고_유러피안스타일)_SALE",
    "ReviewScore": "100",
    "Syllable": "53",
    "Word": "12",
    "RDate": "20170318",
    "GeneralPolarity": "1",
    "Aspects": [
      {
        "Aspect": "가격",
        "SentimentText": "무이자할부가 넘 맘에들었구요",
        "SentimentWord": "3",
        "SentimentPolarity": "1"
      },
      {
        "Aspect": "가격",
        "SentimentText": "싼가격에 이만한 냉장고 없다고 생각됩니다",
        "SentimentWord": "5",
        "SentimentPolarity": "1"
      },
      {
        "Aspect": "디자인",
        "SentimentText": "설치후 모습도 넘 예쁘구요",
        "SentimentWord": "4",
        "SentimentPolarity": "1"
      }
    ]
  },
  {
    "Index": "7166",
    "RawText": "사은품도 좋고 이쁘고 성능도 괜츈 비싼게 단점~",
    "Source": "SNS",
    "Domain": "가전",
    "MainCategory": "주방가전",
    "ProductName": "(TV)위니아 딤채 쁘띠 김치냉장고(100L)_18년형",
    "ReviewScore": "100",
    "Syllable": "26",
    "Word": "7",
    "RDate": "20171221",
    "GeneralPolarity": "1",
    "Aspects": [
      {
        "Aspect": "제품구성",
        "SentimentText": "사은품도 좋고",
        "SentimentWord": "2",
        "SentimentPolarity": "1"
      },
      {
        "Aspect": "디자인",
        "SentimentText": "이쁘고 성능도 괜츈",
        "SentimentWord": "3",
        "SentimentPolarity": "1"
      },
      {
        "Aspect": "기능",
        "SentimentText": "성능도 괜츈",
        "SentimentWord": "2",
        "SentimentPolarity": "1"
      },
      {
        "Aspect": "가격",
        "SentimentText": "비싼게 단점~",
        "SentimentWord": "2",
        "SentimentPolarity": "-1"
      }
    ]
  },
  {
    "Index": "7167",
    "RawText": "실물을 한번도 본 적이 없고 방송으로만 봐서 크기가 가늠이 안됐는데 생각보다 크기가 컸어요 그래도 준비해둔 자리에 잘 들어맞아서 만족합니다 색상도 빨간색으로 주문했는데 예쁜 빨강이라 맘에 들어요",
    "Source": "SNS",
    "Domain": "가전",
    "MainCategory": "주방가전",
    "ProductName": "(TV)위니아 딤채 쁘띠 김치냉장고(100L)_18년형",
    "ReviewScore": "100",
    "Syllable": "108",
    "Word": "26",
    "RDate": "20171031",
    "GeneralPolarity": "1",
    "Aspects": [
      {
        "Aspect": "사이즈",
        "SentimentText": "생각보다 크기가 컸어요",
        "SentimentWord": "3",
        "SentimentPolarity": "0"
      },
      {
        "Aspect": "사이즈",
        "SentimentText": "그래도 준비해둔 자리에 잘 들어맞아서 만족합니다",
        "SentimentWord": "6",
        "SentimentPolarity": "1"
      },
      {
        "Aspect": "색상",
        "SentimentText": "예쁜 빨강이라 맘에 들어요",
        "SentimentWord": "4",
        "SentimentPolarity": "1"
      }
    ]
  },
  {
    "Index": "7168",
    "RawText": "주문하고 다음날 바로 배송왔구요 세식구인 저희 집 김치 보관하기에 용량이 딱이에요 카드할인받아 저렴하게 잘산것같아요 잘쓰겠습니다",
    "Source": "SNS",
    "Domain": "가전",
    "MainCategory": "주방가전",
    "ProductName": "(TV)위니아 딤채 쁘띠 김치냉장고(100L)_18년형",
    "ReviewScore": "100",
    "Syllable": "71",
    "Word": "15",
    "RDate": "20171206",
    "GeneralPolarity": "1",
    "Aspects": [
      {
        "Aspect": "용량",
        "SentimentText": "세식구인 저희 집 김치 보관하기에 용량이 딱이에요",
        "SentimentWord": "7",
        "SentimentPolarity": "1"
      },
      {
        "Aspect": "가격",
        "SentimentText": "카드할인받아 저렴하게 잘산것같아요",
        "SentimentWord": "3",
        "SentimentPolarity": "1"
      }
    ]
  },
  {
    "Index": "7169",
    "RawText": "외부 깊이는 이전 냉장고보다 적어졌는데 냉장고 속 깊이는 더 깊어져서 수납하기도 좋네요 냉장고 열면 넓어서 속이 시원해요 메탈이라 손자국이 좀 남아서 닦는게 일이네요 하부쪽은 비닐 안벗기고 사용중인데 손자국이 좀 덜해요",
    "Source": "SNS",
    "Domain": "가전",
    "MainCategory": "주방가전",
    "ProductName": "(TV)위니아 딤채 스탠드형 4룸(457L) 18년형(리뉴얼)",
    "ReviewScore": "100",
    "Syllable": "122",
    "Word": "30",
    "RDate": "20180407",
    "GeneralPolarity": "1",
    "Aspects": [
      {
        "Aspect": "용량",
        "SentimentText": "냉장고 속 깊이는 더 깊어져서 수납하기도 좋네요 냉장고 열면 넓어서 속이 시원해요",
        "SentimentWord": "12",
        "SentimentPolarity": "1"
      },
      {
        "Aspect": "소재",
        "SentimentText": "메탈이라 손자국이 좀 남아서 닦는게 일이네요",
        "SentimentWord": "6",
        "SentimentPolarity": "0"
      }
    ]
  },
  {
    "Index": "7170",
    "RawText": "좋은가격 맏음직한 성능 다자인도 만족^^ 브렌드도 대만족^^",
    "Source": "SNS",
    "Domain": "가전",
    "MainCategory": "주방가전",
    "ProductName": "(TV)위니아 딤채 스탠드형 4룸(457L) 18년형(리뉴얼)",
    "ReviewScore": "100",
    "Syllable": "33",
    "Word": "7",
    "RDate": "20190205",
    "GeneralPolarity": "1",
    "Aspects": [
      {
        "Aspect": "가격",
        "SentimentText": "좋은가격",
        "SentimentWord": "1",
        "SentimentPolarity": "1"
      },
      {
        "Aspect": "기능",
        "SentimentText": "맏음직한 성능",
        "SentimentWord": "2",
        "SentimentPolarity": "1"
      },
      {
        "Aspect": "디자인",
        "SentimentText": "다자인도 만족^^",
        "SentimentWord": "2",
        "SentimentPolarity": "1"
      },
      {
        "Aspect": "제조일/제조사",
        "SentimentText": "브렌드도 대만족^^",
        "SentimentWord": "2",
        "SentimentPolarity": "1"
      }
    ]
  },
  {
    "Index": "7171",
    "RawText": "너무좋아요~ 크기도 적당하고 일반가정용으로 사용하기 최고에요^^",
    "Source": "SNS",
    "Domain": "가전",
    "MainCategory": "주방가전",
    "ProductName": "(TV)위니아 딤채 스탠드형 4룸(457L)_18년형",
    "ReviewScore": "100",
    "Syllable": "35",
    "Word": "6",
    "RDate": "20171010",
    "GeneralPolarity": "1",
    "Aspects": [
      {
        "Aspect": "사이즈",
        "SentimentText": "너무좋아요~크기도 적당하고",
        "SentimentWord": "2",
        "SentimentPolarity": "1"
      },
      {
        "Aspect": "편의성",
        "SentimentText": "일반가정용으로 사용하기 최고에요^^",
        "SentimentWord": "3",
        "SentimentPolarity": "1"
      }
    ]
  },
  {
    "Index": "7172",
    "RawText": "아침에 일찍오셔서 설치해주고 가셨네요.  수납공간이 커서 사용도 편하고 만족합니다 품질이 맘에 쏙 드네용~~",
    "Source": "SNS",
    "Domain": "가전",
    "MainCategory": "주방가전",
    "ProductName": "(TV)위니아 딤채 스탠드형 4룸(457L)_18년형",
    "ReviewScore": "100",
    "Syllable": "60",
    "Word": "13",
    "RDate": "20171114",
    "GeneralPolarity": "1",
    "Aspects": [
      {
        "Aspect": "용량",
        "SentimentText": "수납공간이 커서 사용도 편하고 만족합니다",
        "SentimentWord": "5",
        "SentimentPolarity": "1"
      },
      {
        "Aspect": "품질",
        "SentimentText": "품질이 맘에 쏙 드네용~~",
        "SentimentWord": "4",
        "SentimentPolarity": "1"
      }
    ]
  },
  {
    "Index": "7173",
    "RawText": "배송도 빠르고 좋네요  상품도 품질이 맘에 들어요 그런데 사은품 냉장고 색깔을 선택할 수 있으면 좋은데 베이지라 별로에요",
    "Source": "SNS",
    "Domain": "가전",
    "MainCategory": "주방가전",
    "ProductName": "(TV_직)위니아 딤채 스탠드형 4룸 467L (LDQ48CHRZB)_사은품 위니아 레트로 냉장고",
    "ReviewScore": "100",
    "Syllable": "67",
    "Word": "17",
    "RDate": "20200506",
    "Aspects": [
      {
        "Aspect": "품질",
        "SentimentText": "상품도 품질이 맘에 들어요",
        "SentimentWord": "4",
        "SentimentPolarity": "1"
      },
      {
        "Aspect": "색상",
        "SentimentText": "그런데 사은품 냉장고 색깔을 선택할 수 있으면 좋은데 베이지라 별로에요",
        "SentimentWord": "10",
        "SentimentPolarity": "-1"
      }
    ]
  },
  {
    "Index": "7174",
    "RawText": "용량도 넉넉하고 만족스럽습니다. 맨 아래칸도 뒤까지 김치통을 넣을 수 있어 너무 편하고 좋습니다.",
    "Source": "SNS",
    "Domain": "가전",
    "MainCategory": "주방가전",
    "ProductName": "[2022년형] 1등급 위니아 딤채 스탠드형 4룸 467L (LDQ48GHMXS)",
    "ReviewScore": "100",
    "Syllable": "54",
    "Word": "13",
    "RDate": "20220218",
    "GeneralPolarity": "1",
    "Aspects": [
      {
        "Aspect": "용량",
        "SentimentText": "용량도 넉넉하고 만족스럽습니다.",
        "SentimentWord": "3",
        "SentimentPolarity": "1"
      },
      {
        "Aspect": "편의성",
        "SentimentText": "맨 아래칸도 뒤까지 김치통을 넣을 수 있어 너무 편하고 좋습니다.",
        "SentimentWord": "10",
        "SentimentPolarity": "1"
      }
    ]
  },
  {
    "Index": "7175",
    "RawText": "적립금 써서 저렴하게 구입했어요.  용량도 혼자사는 저에겐 딱 맞아요 배송기사님들도 친절하시고 기존 폐가전수거까지 완벽했어요",
    "Source": "SNS",
    "Domain": "가전",
    "MainCategory": "주방가전",
    "ProductName": "[LG] 모던엣지 냉장고 M459P (462L)",
    "ReviewScore": "100",
    "Syllable": "69",
    "Word": "14",
    "RDate": "20211022",
    "Aspects": [
      {
        "Aspect": "가격",
        "SentimentText": "적립금 써서 저렴하게 구입했어요.",
        "SentimentWord": "4",
        "SentimentPolarity": "1"
      },
      {
        "Aspect": "용량",
        "SentimentText": "용량도 혼자사는 저에겐 딱 맞아요",
        "SentimentWord": "5",
        "SentimentPolarity": "1"
      }
    ]
  },
  {
    "Index": "7176",
    "RawText": "냉동 잘 됩니다 아주 굿이네요 한가지 험이라면 문열때 자꾸 냉동고가 움직여요 왼손으로 위를 잡고 열어야하는 불편함있습니다",
    "Source": "SNS",
    "Domain": "가전",
    "MainCategory": "주방가전",
    "ProductName": "[공식인증점]21년형 위니아 냉동고 155L EFZU15DS 메탈 실버",
    "ReviewScore": "80",
    "Syllable": "67",
    "Word": "16",
    "RDate": "20211204",
    "Aspects": [
      {
        "Aspect": "기능",
        "SentimentText": "냉동 잘 됩니다 아주 굿이네요",
        "SentimentWord": "5",
        "SentimentPolarity": "1"
      },
      {
        "Aspect": "조작성",
        "SentimentText": "한가지 험이라면 문열때 자꾸 냉동고가 움직여요",
        "SentimentWord": "6",
        "SentimentPolarity": "-1"
      },
      {
        "Aspect": "조작성",
        "SentimentText": "왼손으로 위를 잡고 열어야하는 불편함있습니다",
        "SentimentWord": "5",
        "SentimentPolarity": "-1"
      }
    ]
  },
  {
    "Index": "7177",
    "RawText": "빠른배송 과 기사님께서 친절하셔서 너무 기분좋게 배송받았습니다~ ooo 정말 좋아 조하 최고에요. 믿고 쓰는 ooo!!  품질이 가성비굿^^ ",
    "Source": "SNS",
    "Domain": "가전",
    "MainCategory": "주방가전",
    "ProductName": "k_삼성전자 양문형냉장고 RS82M6000S8 (815L)",
    "ReviewScore": "100",
    "Syllable": "79",
    "Word": "17",
    "RDate": "20211111",
    "Aspects": [
      {
        "Aspect": "제조일/제조사",
        "SentimentText": "ooo 정말 좋아 조하 최고에요. 믿고 쓰는 ooo!! ",
        "SentimentWord": "8",
        "SentimentPolarity": "1"
      },
      {
        "Aspect": "품질",
        "SentimentText": "품질이 가성비굿^^",
        "SentimentWord": "2",
        "SentimentPolarity": "1"
      }
    ]
  },
  {
    "Index": "7178",
    "RawText": "생각보다 정말 커서 깜짝 놀람~~품질이 좋아 잘 쓰고 있어요~~설치기사님도  친절합니다~~",
    "Source": "SNS",
    "Domain": "가전",
    "MainCategory": "주방가전",
    "ProductName": "LG 일반냉장고 B501S52.AKOR",
    "ReviewScore": "100",
    "Syllable": "50",
    "Word": "10",
    "RDate": "20210813",
    "Aspects": [
      {
        "Aspect": "사이즈",
        "SentimentText": "생각보다 정말 커서 깜짝 놀람~~",
        "SentimentWord": "5",
        "SentimentPolarity": "1"
      },
      {
        "Aspect": "품질",
        "SentimentText": "품질이 좋아 잘 쓰고 있어요~~",
        "SentimentWord": "5",
        "SentimentPolarity": "1"
      }
    ]
  },
  {
    "Index": "7179",
    "RawText": "5도어  특히 냉동실  서랍식으로 되어 있어서 쓰기 편하고 좋아요  디자인 좋고 성능 다 좋은데 소비전력등급이 3등급인것이 아쉽네요  냉장실 칸칸이 너무 좁아요 주스병 높이만 되도 한칸을 빼야 넣을 수 있는게 좀 아쉬움으로 남아요 그래서 별점 반개 빼요",
    "Source": "SNS",
    "Domain": "가전",
    "MainCategory": "주방가전",
    "ProductName": "LG디오스 5도어 매직스페이스 냉장고(F873S30H)",
    "ReviewScore": "90",
    "Syllable": "141",
    "Word": "36",
    "RDate": "20210829",
    "Aspects": [
      {
        "Aspect": "편의성",
        "SentimentText": "5도어  특히 냉동실  서랍식으로 되어 있어서 쓰기 편하고 좋아요",
        "SentimentWord": "9",
        "SentimentPolarity": "1"
      },
      {
        "Aspect": "디자인",
        "SentimentText": "디자인 좋고",
        "SentimentWord": "2",
        "SentimentPolarity": "1"
      },
      {
        "Aspect": "기능",
        "SentimentText": "성능 다 좋은데",
        "SentimentWord": "3",
        "SentimentPolarity": "1"
      },
      {
        "Aspect": "소비전력",
        "SentimentText": "소비전력등급이 3등급인것이 아쉽네요",
        "SentimentWord": "3",
        "SentimentPolarity": "-1"
      },
      {
        "Aspect": "용량",
        "SentimentText": "냉장실 칸칸이 너무 좁아요 주스병 높이만 되도 한칸을 빼야 넣을 수 있는게 좀 아쉬움으로 남아요",
        "SentimentWord": "15",
        "SentimentPolarity": "-1"
      }
    ]
  },
  {
    "Index": "7180",
    "RawText": "역시 ○○제품이 최고입니다. 가격, 배송까지 모두 좋아요. 강력 추천합니다",
    "Source": "SNS",
    "Domain": "가전",
    "MainCategory": "주방가전",
    "ProductName": "LG디오스 5도어 매직스페이스 냉장고(F873S30H)",
    "ReviewScore": "100",
    "Syllable": "41",
    "Word": "9",
    "RDate": "20210828",
    "Aspects": [
      {
        "Aspect": "가격",
        "SentimentText": "가격, 배송까지 모두 좋아요.",
        "SentimentWord": "4",
        "SentimentPolarity": "1"
      },
      {
        "Aspect": "제조일/제조사",
        "SentimentText": "역시 ○○제품이 최고입니다.",
        "SentimentWord": "3",
        "SentimentPolarity": "1"
      }
    ]
  },
  {
    "Index": "7181",
    "RawText": "이 제품 너무  만족합니다  새거라 그런가 문 여는 게 뻑뻑해서 힘을 줘야 돼요 배송 시간이 오래  걸리는 게 약  10일 정도 설치까지 잘해주시고   ",
    "Source": "SNS",
    "Domain": "가전",
    "MainCategory": "주방가전",
    "ProductName": "LG디오스 매직스페이스 양문형냉장고 821L 메탈퓨어(S831S32)",
    "ReviewScore": "100",
    "Syllable": "85",
    "Word": "23",
    "RDate": "20191005",
    "Aspects": [
      {
        "Aspect": "품질",
        "SentimentText": "이 제품 너무  만족합니다 ",
        "SentimentWord": "4",
        "SentimentPolarity": "1"
      },
      {
        "Aspect": "조작성",
        "SentimentText": "새거라 그런가 문 여는 게 뻑뻑해서 힘을 줘야 돼요",
        "SentimentWord": "9",
        "SentimentPolarity": "-1"
      }
    ]
  },
  {
    "Index": "7182",
    "RawText": "컬러도 이쁘고, 배송도 빠르고, 용량도 충분하고, 가격대비 최고입니다.",
    "Source": "SNS",
    "Domain": "가전",
    "MainCategory": "주방가전",
    "ProductName": "LG디오스 매직스페이스 양문형냉장고 821L 메탈퓨어(S831S32)",
    "ReviewScore": "100",
    "Syllable": "39",
    "Word": "8",
    "RDate": "20190317",
    "Aspects": [
      {
        "Aspect": "색상",
        "SentimentText": "컬러도 이쁘고",
        "SentimentWord": "2",
        "SentimentPolarity": "1"
      },
      {
        "Aspect": "용량",
        "SentimentText": "용량도 충분하고",
        "SentimentWord": "2",
        "SentimentPolarity": "1"
      },
      {
        "Aspect": "품질",
        "SentimentText": "가격대비 최고입니다",
        "SentimentWord": "2",
        "SentimentPolarity": "1"
      }
    ]
  },
  {
    "Index": "7183",
    "RawText": "장기무이자로 잘 구매했어요!! 좋은 제품을 구매하여 넘 좋아요!!",
    "Source": "SNS",
    "Domain": "가전",
    "MainCategory": "주방가전",
    "ProductName": "삼성 3도어 푸드쇼케이스 냉장고 846L(RS84A5041G2)_메탈실버",
    "ReviewScore": "100",
    "Syllable": "36",
    "Word": "8",
    "RDate": "20210806",
    "GeneralPolarity": "1",
    "Aspects": [
      {
        "Aspect": "가격",
        "SentimentText": "장기무이자로 잘 구매했어요!",
        "SentimentWord": "3",
        "SentimentPolarity": "1"
      },
      {
        "Aspect": "품질",
        "SentimentText": " 좋은 제품을 구매하여 넘 좋아요!",
        "SentimentWord": "5",
        "SentimentPolarity": "1"
      }
    ]
  },
  {
    "Index": "7184",
    "RawText": "더 오래써봐야 알겟지만 조금써본상태로는 디자인도 이쁘고 성능도 아주 좋습니다 만족만족^^",
    "Source": "SNS",
    "Domain": "가전",
    "MainCategory": "주방가전",
    "ProductName": "위니아 딤채 뚜껑형 (221L) 18년형(초특가)_8월버전",
    "ReviewScore": "100",
    "Syllable": "49",
    "Word": "10",
    "RDate": "20180830",
    "GeneralPolarity": "1",
    "Aspects": [
      {
        "Aspect": "디자인",
        "SentimentText": "조금써본상태로는 디자인도 이쁘고",
        "SentimentWord": "3",
        "SentimentPolarity": "1"
      },
      {
        "Aspect": "기능",
        "SentimentText": "성능도 아주 좋습니다 만족만족",
        "SentimentWord": "4",
        "SentimentPolarity": "1"
      }
    ]
  },
  {
    "Index": "7185",
    "RawText": "사용하기 좋고 김치도 많이 들어가고 너무너무 좋아요",
    "Source": "SNS",
    "Domain": "가전",
    "MainCategory": "주방가전",
    "ProductName": "위니아 딤채 뚜껑형 (221L) 19년형(특화PGM)",
    "ReviewScore": "100",
    "Syllable": "28",
    "Word": "7",
    "RDate": "20181201",
    "GeneralPolarity": "1",
    "Aspects": [
      {
        "Aspect": "편의성",
        "SentimentText": "사용하기 좋고",
        "SentimentWord": "2",
        "SentimentPolarity": "1"
      },
      {
        "Aspect": "용량",
        "SentimentText": "김치도 많이 들어가고 너무너무 좋아요",
        "SentimentWord": "5",
        "SentimentPolarity": "1"
      }
    ]
  },
  {
    "Index": "7186",
    "RawText": "염려한것보다 작지 않아요 아래 두칸이 작은 뚜껑형 냉장고 하나의 용량이네요 상부칸이 추가로 생긴것 같아 여유롭고 스탠딩형이라 너무 편리해요 좋은 가격과 장기무이자할부로 잘 구매했어요",
    "Source": "SNS",
    "Domain": "가전",
    "MainCategory": "주방가전",
    "ProductName": "위니아 딤채 스탠드형 3룸 330L (LDT33DHRZK)",
    "ReviewScore": "100",
    "Syllable": "101",
    "Word": "23",
    "RDate": "20191128",
    "GeneralPolarity": "1",
    "Aspects": [
      {
        "Aspect": "사이즈",
        "SentimentText": "염려한것보다 작지 않아요",
        "SentimentWord": "3",
        "SentimentPolarity": "0"
      },
      {
        "Aspect": "제품구성",
        "SentimentText": "상부칸이 추가로 생긴것 같아 여유롭고",
        "SentimentWord": "5",
        "SentimentPolarity": "1"
      },
      {
        "Aspect": "편의성",
        "SentimentText": "스탠딩형이라 너무 편리해요",
        "SentimentWord": "3",
        "SentimentPolarity": "1"
      },
      {
        "Aspect": "가격",
        "SentimentText": "좋은 가격과 장기무이자할부로 잘 구매했어요",
        "SentimentWord": "5",
        "SentimentPolarity": "1"
      }
    ]
  },
  {
    "Index": "7187",
    "RawText": "상품은 3일이내로 잘받았고. 친절히 설치도 잘해주셨습니다 스탠드형이라 꺼내기가 편해요 색상도 고급진 그레이라 마음에 들어요",
    "Source": "SNS",
    "Domain": "가전",
    "MainCategory": "주방가전",
    "ProductName": "위니아 딤채 스탠드형 3룸(330L) 19년형",
    "ReviewScore": "100",
    "Syllable": "68",
    "Word": "14",
    "RDate": "20181029",
    "Aspects": [
      {
        "Aspect": "편의성",
        "SentimentText": "스탠드형이라 꺼내기가 편해요",
        "SentimentWord": "3",
        "SentimentPolarity": "1"
      },
      {
        "Aspect": "색상",
        "SentimentText": "색상도 고급진 그레이라 마음에 들어요",
        "SentimentWord": "5",
        "SentimentPolarity": "1"
      }
    ]
  },
  {
    "Index": "7188",
    "RawText": "연휴 끝나고 바로 배송왓어요. 성능 좋고 가격좋고. 배송 친절하고 넘 좋아용. 김냉은 역시 OO",
    "Source": "SNS",
    "Domain": "가전",
    "MainCategory": "주방가전",
    "ProductName": "위니아 딤채 스탠드형 4룸 467L (LDQ48CHRMJ)_역시즌",
    "ReviewScore": "100",
    "Syllable": "53",
    "Word": "14",
    "RDate": "20190917",
    "Aspects": [
      {
        "Aspect": "기능",
        "SentimentText": "성능 좋고 가격좋고",
        "SentimentWord": "3",
        "SentimentPolarity": "1"
      },
      {
        "Aspect": "제조일/제조사",
        "SentimentText": "김냉은 역시 OO",
        "SentimentWord": "3",
        "SentimentPolarity": "1"
      }
    ]
  },
  {
    "Index": "7189",
    "RawText": "사이즈도 커서 좋고 디자인도 이쁘네요 김치를 마구채우고싶네요ㅎㅎ",
    "Source": "SNS",
    "Domain": "가전",
    "MainCategory": "주방가전",
    "ProductName": "위니아 딤채 스탠드형 4룸(457L) 18년형(초특가)_8월버전",
    "ReviewScore": "100",
    "Syllable": "35",
    "Word": "7",
    "RDate": "20180830",
    "GeneralPolarity": "1",
    "Aspects": [
      {
        "Aspect": "사이즈",
        "SentimentText": "사이즈도 커서 좋고",
        "SentimentWord": "3",
        "SentimentPolarity": "1"
      },
      {
        "Aspect": "디자인",
        "SentimentText": "디자인도 이쁘네요",
        "SentimentWord": "2",
        "SentimentPolarity": "1"
      }
    ]
  },
  {
    "Index": "7190",
    "RawText": "너무조용하구소음이전혀없네요 만족스럽습니다 가격도다른상품보다저렴하구 잘구입한것같네요~~",
    "Source": "SNS",
    "Domain": "가전",
    "MainCategory": "주방가전",
    "ProductName": "캐리어 냉동고 100리터 CSC100FDBH(블랙에디션)",
    "ReviewScore": "100",
    "Syllable": "47",
    "Word": "4",
    "RDate": "20211119",
    "GeneralPolarity": "1",
    "Aspects": [
      {
        "Aspect": "소음",
        "SentimentText": "너무조용하구소음이전혀없네요 만족스럽습니다",
        "SentimentWord": "2",
        "SentimentPolarity": "1"
      },
      {
        "Aspect": "가격",
        "SentimentText": "가격도다른상품보다저렴하구 잘구입한것같네요",
        "SentimentWord": "2",
        "SentimentPolarity": "1"
      }
    ]
  },
  {
    "Index": "7191",
    "RawText": "냉동 잘되서 너무 좋고 디자인도 깔끔하고 안에 바스켓처럼 있는데 그게 사용하기 더 좋게 만들어주네요..",
    "Source": "SNS",
    "Domain": "가전",
    "MainCategory": "주방가전",
    "ProductName": "캐리어 냉동고 200리터 CSC200FDBH(블랙에디션)",
    "ReviewScore": "100",
    "Syllable": "57",
    "Word": "14",
    "RDate": "20211201",
    "GeneralPolarity": "1",
    "Aspects": [
      {
        "Aspect": "기능",
        "SentimentText": "냉동 잘되서 너무 좋고",
        "SentimentWord": "4",
        "SentimentPolarity": "1"
      },
      {
        "Aspect": "디자인",
        "SentimentText": "디자인도 깔끔하고",
        "SentimentWord": "2",
        "SentimentPolarity": "1"
      },
      {
        "Aspect": "편의성",
        "SentimentText": "안에 바스켓처럼 있는데 그게 사용하기 더 좋게 만들어주네요..",
        "SentimentWord": "8",
        "SentimentPolarity": "1"
      }
    ]
  },
  {
    "Index": "7192",
    "RawText": "냉동고가 원통이여서 커서 좋아요 상품이 좋아서 담에 또  언니네 이사가면  선물해줄려구요 좋아요 색상은 좀 어두워요",
    "Source": "SNS",
    "Domain": "가전",
    "MainCategory": "주방가전",
    "ProductName": "캐리어 냉동고 200리터 CSC200FDBH(블랙에디션)",
    "ReviewScore": "100",
    "Syllable": "64",
    "Word": "15",
    "RDate": "20211120",
    "Aspects": [
      {
        "Aspect": "용량",
        "SentimentText": "냉동고가 원통이여서 커서 좋아요",
        "SentimentWord": "4",
        "SentimentPolarity": "1"
      },
      {
        "Aspect": "품질",
        "SentimentText": "상품이 좋아서 담에 또  언니네 이사가면  선물해줄려구요",
        "SentimentWord": "7",
        "SentimentPolarity": "1"
      },
      {
        "Aspect": "색상",
        "SentimentText": "색상은 좀 어두워요",
        "SentimentWord": "3",
        "SentimentPolarity": "0"
      }
    ]
  },
  {
    "Index": "7193",
    "RawText": "월요일주문 수요일배송, 제품 표면이 옆 부분 찌그러져서 불량이 없어요~~ 투룸에 설치했답니다 깔끔한 화이트라 질리지 않네요~",
    "Source": "SNS",
    "Domain": "가전",
    "MainCategory": "주방가전",
    "ProductName": "캐리어 클라윈드 슬림형 냉장고 CRF-TD182WDE (182L)",
    "ReviewScore": "100",
    "Syllable": "69",
    "Word": "15",
    "RDate": "20200220",
    "Aspects": [
      {
        "Aspect": "품질",
        "SentimentText": "제품 표면이 옆 부분 찌그러져서 불량이 없어요~~",
        "SentimentWord": "7",
        "SentimentPolarity": "-1"
      },
      {
        "Aspect": "색상",
        "SentimentText": "깔끔한 화이트라 질리지 않네요~",
        "SentimentWord": "4",
        "SentimentPolarity": "1"
      }
    ]
  },
  {
    "Index": "7194",
    "RawText": "고민하다 구입하였는데 소음도 적고 ^^ 사이즈도 적당해서 좋아요 디자인도 깔끔하고 맘에 쏘옥드는 제품입니다~",
    "Source": "SNS",
    "Domain": "가전",
    "MainCategory": "주방가전",
    "ProductName": "캐리어 프리미엄 와인셀러(소형) CSR-37WR (12병)",
    "ReviewScore": "100",
    "Syllable": "60",
    "Word": "13",
    "RDate": "20211017",
    "GeneralPolarity": "1",
    "Aspects": [
      {
        "Aspect": "소음",
        "SentimentText": "소음도 적고 ^^",
        "SentimentWord": "3",
        "SentimentPolarity": "1"
      },
      {
        "Aspect": "사이즈",
        "SentimentText": "사이즈도 적당해서 좋아요",
        "SentimentWord": "3",
        "SentimentPolarity": "1"
      },
      {
        "Aspect": "디자인",
        "SentimentText": "디자인도 깔끔하고 맘에 쏘옥드는 제품입니다~",
        "SentimentWord": "5",
        "SentimentPolarity": "1"
      }
    ]
  },
  {
    "Index": "7195",
    "RawText": "사이즈도 적당하고 가벼워요. 다만 뚜껑이 제일 작은 냄비 하나라 아쉬워요",
    "Source": "SNS",
    "Domain": "가전",
    "MainCategory": "주방가전",
    "ProductName": "테팔 매직핸즈 멀티6P 0482393719 [오렌지 아티산]",
    "ReviewScore": "100",
    "Syllable": "40",
    "Word": "10",
    "RDate": "20211113",
    "GeneralPolarity": "0",
    "Aspects": [
      {
        "Aspect": "사이즈",
        "SentimentText": "사이즈도 적당하고 가벼워요",
        "SentimentWord": "3",
        "SentimentPolarity": "1"
      },
      {
        "Aspect": "제품구성",
        "SentimentText": "다만 뚜껑이 제일 작은 냄비 하나라 아쉬워요",
        "SentimentWord": "7",
        "SentimentPolarity": "-1"
      }
    ]
  },
  {
    "Index": "7196",
    "RawText": "디자인이 고급스럽고 대용량 내열유리라서 좋네요 아이들 과일 넣고 슬러쉬 해주면 넘 좋아할듯^^",
    "Source": "SNS",
    "Domain": "가전",
    "MainCategory": "주방가전",
    "ProductName": "(K쇼핑_특_온라인) 테팔 옵티믹스 초고속블렌더 BL811AKR",
    "ReviewScore": "100",
    "Syllable": "52",
    "Word": "12",
    "RDate": "20190727",
    "GeneralPolarity": "1",
    "Aspects": [
      {
        "Aspect": "디자인",
        "SentimentText": "디자인이 고급스럽고",
        "SentimentWord": "2",
        "SentimentPolarity": "1"
      },
      {
        "Aspect": "소재",
        "SentimentText": "대용량 내열유리라서 좋네요",
        "SentimentWord": "3",
        "SentimentPolarity": "1"
      }
    ]
  },
  {
    "Index": "7197",
    "RawText": "이전에 쓰던 믹서기는 얼음이 잘 안갈려서 스트레스였는데 OO 블렌더는 스무디는 물론 팥빙수까지도 휘리릭 갈아줘서 너무 좋아요! 보통 30~45초면 깔끔하게 갈려서 아주 애정하며 쓰고 있네요: )",
    "Source": "SNS",
    "Domain": "가전",
    "MainCategory": "주방가전",
    "ProductName": "(K쇼핑_특_온라인) 테팔 옵티믹스 초고속블렌더 BL811AKR",
    "ReviewScore": "100",
    "Syllable": "108",
    "Word": "25",
    "RDate": "20190730",
    "GeneralPolarity": "1",
    "Aspects": [
      {
        "Aspect": "기능",
        "SentimentText": "스무디는 물론 팥빙수까지도 휘리릭 갈아줘서 너무 좋아요!",
        "SentimentWord": "7",
        "SentimentPolarity": "1"
      },
      {
        "Aspect": "시간/속도",
        "SentimentText": "보통 30~45초면 깔끔하게 갈려서 아주 애정하며 쓰고 있네요: )",
        "SentimentWord": "9",
        "SentimentPolarity": "1"
      }
    ]
  },
  {
    "Index": "7198",
    "RawText": "1+1인데도 다른 곳과 비교해보니 비싸네요 제뿜은 나쁘지 않네요 좀 신경써서 배송 보내 주세요",
    "Source": "SNS",
    "Domain": "가전",
    "MainCategory": "주방가전",
    "ProductName": "(TV) 2019년형 클레린 티포트 시그니처 플러스 2L CLK-MB680_1+1구성",
    "ReviewScore": "80",
    "Syllable": "52",
    "Word": "13",
    "RDate": "20190214",
    "Aspects": [
      {
        "Aspect": "가격",
        "SentimentText": "1+1인데도 다른 곳과 비교해보니 비싸네요",
        "SentimentWord": "5",
        "SentimentPolarity": "-1"
      },
      {
        "Aspect": "품질",
        "SentimentText": "제뿜은 나쁘지 않네요",
        "SentimentWord": "3",
        "SentimentPolarity": "1"
      }
    ]
  },
  {
    "Index": "7199",
    "RawText": "기존에 사용한 티포트가있는데  더필요해서  구입했어요  디자인도 예쁘고 편리하게 사용하고 있습니다",
    "Source": "SNS",
    "Domain": "가전",
    "MainCategory": "주방가전",
    "ProductName": "(TV) 2019년형 클레린 티포트 시그니처 플러스 2L CLK-MB680_1+1구성",
    "ReviewScore": "100",
    "Syllable": "54",
    "Word": "10",
    "RDate": "20190131",
    "GeneralPolarity": "1",
    "Aspects": [
      {
        "Aspect": "디자인",
        "SentimentText": "디자인도 예쁘고",
        "SentimentWord": "2",
        "SentimentPolarity": "1"
      },
      {
        "Aspect": "편의성",
        "SentimentText": "편리하게 사용하고 있습니다",
        "SentimentWord": "3",
        "SentimentPolarity": "1"
      }
    ]
  },
  {
    "Index": "7200",
    "RawText": "평소 물을 잘 마시지 않던 제가, 사용하기 편해서 집에서 사무실에서 계속  차를 마십니다. 보리차, 옥수수차도 좋습니다. 정수기 물과는 비교가 안 되죠.ㅎㅎ 끓이는 동안 공간 전체가 구수함과 따뜻함으로 꽉 찹니다^^",
    "Source": "SNS",
    "Domain": "가전",
    "MainCategory": "주방가전",
    "ProductName": "(TV) 2019년형 클레린 티포트 시그니처 플러스 2L CLK-MB680_1+1구성",
    "ReviewScore": "100",
    "Syllable": "120",
    "Word": "29",
    "RDate": "20200105",
    "GeneralPolarity": "1",
    "Aspects": [
      {
        "Aspect": "편의성",
        "SentimentText": "사용하기 편해서 집에서 사무실에서 계속  차를 마십니다.",
        "SentimentWord": "7",
        "SentimentPolarity": "1"
      },
      {
        "Aspect": "기능",
        "SentimentText": "끓이는 동안 공간 전체가 구수함과 따뜻함으로 꽉 찹니다^^",
        "SentimentWord": "8",
        "SentimentPolarity": "1"
      }
    ]
  },
  {
    "Index": "7201",
    "RawText": "구성 색감좋고 유리재질 좋긴 하나  곱게 갈아지지는 않는게 조금 아쉽고 바뀌서 칼날을 끼우는게 불편하네요 유리컨테이너에는 칼날이 붙어있고 칼날 하나 더 있었으면 하는 아쉬움이 있긴하지만 재질이  좋아서 잘 쓸것같아요",
    "Source": "SNS",
    "Domain": "가전",
    "MainCategory": "주방가전",
    "ProductName": "(TV) 델첸 텀블러 블렌더",
    "ReviewScore": "80",
    "Syllable": "120",
    "Word": "28",
    "RDate": "20190507",
    "GeneralPolarity": "0",
    "Aspects": [
      {
        "Aspect": "색상",
        "SentimentText": "구성 색감좋고",
        "SentimentWord": "2",
        "SentimentPolarity": "1"
      },
      {
        "Aspect": "소재",
        "SentimentText": "유리재질 좋긴 하나",
        "SentimentWord": "3",
        "SentimentPolarity": "1"
      },
      {
        "Aspect": "기능",
        "SentimentText": "곱게 갈아지지는 않는게 조금 아쉽고",
        "SentimentWord": "5",
        "SentimentPolarity": "-1"
      },
      {
        "Aspect": "편의성",
        "SentimentText": "바뀌서 칼날을 끼우는게 불편하네요",
        "SentimentWord": "4",
        "SentimentPolarity": "-1"
      },
      {
        "Aspect": "제품구성",
        "SentimentText": "칼날 하나 더 있었으면 하는 아쉬움이 있긴하지만",
        "SentimentWord": "7",
        "SentimentPolarity": "-1"
      },
      {
        "Aspect": "소재",
        "SentimentText": "재질이  좋아서 잘 쓸것같아요",
        "SentimentWord": "4",
        "SentimentPolarity": "1"
      }
    ]
  },
  {
    "Index": "7202",
    "RawText": "디자인이 넘예쁘고 몇개의 바틀을 주어서 편리하게 사용할수 있어 좋으네요",
    "Source": "SNS",
    "Domain": "가전",
    "MainCategory": "주방가전",
    "ProductName": "(TV) 델첸 텀블러 블렌더",
    "ReviewScore": "100",
    "Syllable": "39",
    "Word": "9",
    "RDate": "20190316",
    "GeneralPolarity": "1",
    "Aspects": [
      {
        "Aspect": "디자인",
        "SentimentText": "디자인이 넘예쁘고",
        "SentimentWord": "2",
        "SentimentPolarity": "1"
      },
      {
        "Aspect": "제품구성",
        "SentimentText": "몇개의 바틀을 주어서 편리하게 사용할수 있어 좋으네요",
        "SentimentWord": "7",
        "SentimentPolarity": "1"
      }
    ]
  },
  {
    "Index": "7203",
    "RawText": "블렌더에 텀블러자체로도 사용하고 드링킹자도 되고 여러가지로 다사용할수 있어서 너무 편리하고 좋아요~~^^ 나들이 갈때 텀블러에 쥬스 갈아서 나가니 시원하고 다만 텀블러뚜껑이 플라스틱과 분리되어 돌아가네요..ㅡㅡ",
    "Source": "SNS",
    "Domain": "가전",
    "MainCategory": "주방가전",
    "ProductName": "(TV) 델첸 텀블러 블렌더",
    "ReviewScore": "100",
    "Syllable": "117",
    "Word": "23",
    "RDate": "20180517",
    "GeneralPolarity": "0",
    "Aspects": [
      {
        "Aspect": "편의성",
        "SentimentText": " 여러가지로 다사용할수 있어서 너무 편리하고 좋아요~~^^",
        "SentimentWord": "6",
        "SentimentPolarity": "1"
      },
      {
        "Aspect": "품질",
        "SentimentText": "텀블러뚜껑이 플라스틱과 분리되어 돌아가네요..ㅡㅡ",
        "SentimentWord": "4",
        "SentimentPolarity": "-1"
      }
    ]
  },
  {
    "Index": "7204",
    "RawText": "요즘   큰믹서기가 많이 나와서 찾았었는데 이 제품은 사이즈도 적당하고 성능이 생각이상으로 좋습니다^^",
    "Source": "SNS",
    "Domain": "가전",
    "MainCategory": "주방가전",
    "ProductName": "(TV) 델첸 텀블러 블렌더",
    "ReviewScore": "100",
    "Syllable": "57",
    "Word": "12",
    "RDate": "20180505",
    "GeneralPolarity": "1",
    "Aspects": [
      {
        "Aspect": "사이즈",
        "SentimentText": "이 제품은 사이즈도 적당하고",
        "SentimentWord": "4",
        "SentimentPolarity": "1"
      },
      {
        "Aspect": "기능",
        "SentimentText": "성능이 생각이상으로 좋습니다",
        "SentimentWord": "3",
        "SentimentPolarity": "1"
      }
    ]
  },
  {
    "Index": "7205",
    "RawText": "요즘같이 일회용 자제하는 때 사용하기 편하고 딱 맞는 상품입니다  구성품도 마음에 들고 좋아요",
    "Source": "SNS",
    "Domain": "가전",
    "MainCategory": "주방가전",
    "ProductName": "(TV) 델첸 텀블러 블렌더",
    "ReviewScore": "100",
    "Syllable": "52",
    "Word": "13",
    "RDate": "20180809",
    "GeneralPolarity": "1",
    "Aspects": [
      {
        "Aspect": "편의성",
        "SentimentText": "요즘같이 일회용 자제하는 때 사용하기 편하고 딱 맞는 상품입니다 ",
        "SentimentWord": "9",
        "SentimentPolarity": "1"
      },
      {
        "Aspect": "제품구성",
        "SentimentText": "구성품도 마음에 들고 좋아요",
        "SentimentWord": "4",
        "SentimentPolarity": "1"
      }
    ]
  },
  {
    "Index": "7206",
    "RawText": "텀블러랑 그외컵들이많아 다양하게잘쓰고있어요.가격대비 성능짱!!",
    "Source": "SNS",
    "Domain": "가전",
    "MainCategory": "주방가전",
    "ProductName": "(TV) 델첸 텀블러 블렌더",
    "ReviewScore": "100",
    "Syllable": "34",
    "Word": "4",
    "RDate": "20180730",
    "GeneralPolarity": "1",
    "Aspects": [
      {
        "Aspect": "제품구성",
        "SentimentText": "텀블러랑 그외컵들이많아 다양하게잘쓰고있어요.",
        "SentimentWord": "3",
        "SentimentPolarity": "1"
      },
      {
        "Aspect": "품질",
        "SentimentText": "가격대비 성능짱!!",
        "SentimentWord": "2",
        "SentimentPolarity": "1"
      }
    ]
  },
  {
    "Index": "7207",
    "RawText": "날마다 각종요리에 사용하고잇어요. 편리하게 잘쓰고잇습니다.",
    "Source": "SNS",
    "Domain": "가전",
    "MainCategory": "주방가전",
    "ProductName": "(TV) 베스트하임 더 담백한 에어프라이어 팬용량 5.5L (바스켓5L)",
    "ReviewScore": "100",
    "Syllable": "32",
    "Word": "5",
    "RDate": "20190320",
    "GeneralPolarity": "1",
    "Aspects": [
      {
        "Aspect": "기능",
        "SentimentText": "날마다 각종요리에 사용하고잇어요.",
        "SentimentWord": "3",
        "SentimentPolarity": "1"
      },
      {
        "Aspect": "편의성",
        "SentimentText": "편리하게 잘쓰고잇습니다",
        "SentimentWord": "2",
        "SentimentPolarity": "1"
      }
    ]
  },
  {
    "Index": "7208",
    "RawText": "다들 용량 큰걸 선택하라고 해서 했는데 좋아요 기름을 사용하지않아  너무 좋고 깨끗해서 좋네요  잘 사용하고있어요~~",
    "Source": "SNS",
    "Domain": "가전",
    "MainCategory": "주방가전",
    "ProductName": "(TV) 베스트하임 더 담백한 에어프라이어 팬용량 5.5L (바스켓5L)",
    "ReviewScore": "100",
    "Syllable": "65",
    "Word": "15",
    "RDate": "20190418",
    "GeneralPolarity": "1",
    "Aspects": [
      {
        "Aspect": "용량",
        "SentimentText": "다들 용량 큰걸 선택하라고 해서 했는데 좋아요",
        "SentimentWord": "7",
        "SentimentPolarity": "1"
      },
      {
        "Aspect": "편의성",
        "SentimentText": "기름을 사용하지않아  너무 좋고 깨끗해서 좋네요 ",
        "SentimentWord": "6",
        "SentimentPolarity": "1"
      }
    ]
  },
  {
    "Index": "7209",
    "RawText": "대용량이라좋아요. 엄마이사선물로드렸는데좋아하시네요. 그런데잔기스가많이나있네요.",
    "Source": "SNS",
    "Domain": "가전",
    "MainCategory": "주방가전",
    "ProductName": "(TV) 베스트하임 더 담백한 에어프라이어 팬용량 5.5L (바스켓5L)",
    "ReviewScore": "60",
    "Syllable": "43",
    "Word": "3",
    "RDate": "20190330",
    "GeneralPolarity": "0",
    "Aspects": [
      {
        "Aspect": "용량",
        "SentimentText": "대용량이라좋아요",
        "SentimentWord": "1",
        "SentimentPolarity": "1"
      },
      {
        "Aspect": "품질",
        "SentimentText": "엄마이사선물로드렸는데좋아하시네요",
        "SentimentWord": "1",
        "SentimentPolarity": "1"
      },
      {
        "Aspect": "품질",
        "SentimentText": "그런데잔기스가많이나있네요",
        "SentimentWord": "1",
        "SentimentPolarity": "-1"
      }
    ]
  },
  {
    "Index": "7210",
    "RawText": "색상도 이쁘고 받자마자 돈까스 꾸워서 맛나게 먹었네요...내일은 닭....^^",
    "Source": "SNS",
    "Domain": "가전",
    "MainCategory": "주방가전",
    "ProductName": "(TV) 베스트하임 더 담백한 에어프라이어 팬용량 5.5L (바스켓5L)",
    "ReviewScore": "100",
    "Syllable": "43",
    "Word": "8",
    "RDate": "20190405",
    "GeneralPolarity": "1",
    "Aspects": [
      {
        "Aspect": "색상",
        "SentimentText": "색상도 이쁘고",
        "SentimentWord": "2",
        "SentimentPolarity": "1"
      },
      {
        "Aspect": "기능",
        "SentimentText": "받자마자 돈까스 꾸워서 맛나게 먹었네요",
        "SentimentWord": "5",
        "SentimentPolarity": "1"
      }
    ]
  },
  {
    "Index": "7211",
    "RawText": "우선, 생각보다 정말 커서 놀랐구요. 색이 쨍하니 예뻐서 놀랐어요. 통삼겹 2근 한번에 돌렸는데  너무 맛있게 잘 구워져서 만족스러웠습니다^^ ((아쉽게 사진등록이 자꾸 에러나네요))",
    "Source": "SNS",
    "Domain": "가전",
    "MainCategory": "주방가전",
    "ProductName": "(TV) 베스트하임 더 담백한 에어프라이어 팬용량 5.5L (바스켓5L)",
    "ReviewScore": "80",
    "Syllable": "102",
    "Word": "22",
    "RDate": "20190331",
    "GeneralPolarity": "1",
    "Aspects": [
      {
        "Aspect": "사이즈",
        "SentimentText": "우선, 생각보다 정말 커서 놀랐구요",
        "SentimentWord": "5",
        "SentimentPolarity": "0"
      },
      {
        "Aspect": "색상",
        "SentimentText": "색이 쨍하니 예뻐서 놀랐어요",
        "SentimentWord": "4",
        "SentimentPolarity": "1"
      },
      {
        "Aspect": "기능",
        "SentimentText": "통삼겹 2근 한번에 돌렸는데  너무 맛있게 잘 구워져서 만족스러웠습니다",
        "SentimentWord": "9",
        "SentimentPolarity": "1"
      }
    ]
  },
  {
    "Index": "7212",
    "RawText": "사용하기 편해서 잘산거같아요 디자인도 예쁘고요 소리만  좀작았음  더좋을듯  ",
    "Source": "SNS",
    "Domain": "가전",
    "MainCategory": "주방가전",
    "ProductName": "(TV) 베스트하임 더 담백한 에어프라이어 팬용량 5.5L (바스켓5L)",
    "ReviewScore": "80",
    "Syllable": "43",
    "Word": "8",
    "RDate": "20190326",
    "GeneralPolarity": "1",
    "Aspects": [
      {
        "Aspect": "편의성",
        "SentimentText": "사용하기 편해서 잘산거같아요",
        "SentimentWord": "3",
        "SentimentPolarity": "1"
      },
      {
        "Aspect": "디자인",
        "SentimentText": "디자인도 예쁘고요",
        "SentimentWord": "2",
        "SentimentPolarity": "1"
      },
      {
        "Aspect": "소음",
        "SentimentText": "소리만  좀작았음  더좋을듯",
        "SentimentWord": "3",
        "SentimentPolarity": "-1"
      }
    ]
  },
  {
    "Index": "7213",
    "RawText": "팬 코팅이 잘 되서 치즈같은것도 전혀 안눌러붙어요  디자인도 깔끔하고 이쁘고 굳굳",
    "Source": "SNS",
    "Domain": "가전",
    "MainCategory": "주방가전",
    "ProductName": "(TV) 베스트하임 더 담백한 에어프라이어 팬용량 5.5L (바스켓5L)",
    "ReviewScore": "100",
    "Syllable": "45",
    "Word": "11",
    "RDate": "20190227",
    "Aspects": [
      {
        "Aspect": "품질",
        "SentimentText": "팬 코팅이 잘 되서 치즈같은것도 전혀 안눌러붙어요 ",
        "SentimentWord": "7",
        "SentimentPolarity": "1"
      },
      {
        "Aspect": "디자인",
        "SentimentText": "디자인도 깔끔하고 이쁘고 굳굳",
        "SentimentWord": "4",
        "SentimentPolarity": "1"
      }
    ]
  },
  {
    "Index": "7214",
    "RawText": "포트 입구가 넓고 뚜껑이 완전 열려서 세척하기 넘 좋아요. 물도 잘 끓고 보온도 잘되네요",
    "Source": "SNS",
    "Domain": "가전",
    "MainCategory": "주방가전",
    "ProductName": "(TV) 보랄베니스 티포트",
    "ReviewScore": "100",
    "Syllable": "49",
    "Word": "14",
    "RDate": "20171012",
    "GeneralPolarity": "1",
    "Aspects": [
      {
        "Aspect": "편의성",
        "SentimentText": "포트 입구가 넓고 뚜껑이 완전 열려서 세척하기 넘 좋아요.",
        "SentimentWord": "9",
        "SentimentPolarity": "1"
      },
      {
        "Aspect": "기능",
        "SentimentText": "물도 잘 끓고 보온도 잘되네요",
        "SentimentWord": "5",
        "SentimentPolarity": "1"
      }
    ]
  },
  {
    "Index": "7215",
    "RawText": "차 망이 따로 있어서 입자가 작은 차 종류 끓일 때도 좋은거 같아요. 차 망도 넓어서 씻기 좋네요",
    "Source": "SNS",
    "Domain": "가전",
    "MainCategory": "주방가전",
    "ProductName": "(TV) 보랄베니스 티포트",
    "ReviewScore": "100",
    "Syllable": "54",
    "Word": "17",
    "RDate": "20171012",
    "Aspects": [
      {
        "Aspect": "제품구성",
        "SentimentText": "차 망이 따로 있어서 입자가 작은 차 종류 끓일 때도 좋은거 같아요.",
        "SentimentWord": "12",
        "SentimentPolarity": "1"
      },
      {
        "Aspect": "편의성",
        "SentimentText": "차 망도 넓어서 씻기 좋네요",
        "SentimentWord": "5",
        "SentimentPolarity": "1"
      }
    ]
  },
  {
    "Index": "7216",
    "RawText": "구성품들까지 너무 좋네요 으깨기 기능까지 있어서 정말좋아요 계란샐러드하는데 너무편하네요:)  ",
    "Source": "SNS",
    "Domain": "가전",
    "MainCategory": "주방가전",
    "ProductName": "(TV) 테팔 비바시오 핸드블렌더_2만원 세일",
    "ReviewScore": "100",
    "Syllable": "52",
    "Word": "9",
    "RDate": "20190311",
    "GeneralPolarity": "1",
    "Aspects": [
      {
        "Aspect": "제품구성",
        "SentimentText": "구성품들까지 너무 좋네요",
        "SentimentWord": "3",
        "SentimentPolarity": "1"
      },
      {
        "Aspect": "기능",
        "SentimentText": "으깨기 기능까지 있어서 정말좋아요",
        "SentimentWord": "4",
        "SentimentPolarity": "1"
      },
      {
        "Aspect": "편의성",
        "SentimentText": "계란샐러드하는데 너무편하네요:) ",
        "SentimentWord": "2",
        "SentimentPolarity": "1"
      }
    ]
  },
  {
    "Index": "7217",
    "RawText": "2리터 에어후라이기 사용하다 큰게 필요해서 구매했는데, 용량이 넉넉합니다.  하지만 작은거에 비해 요리시간이 꽤 걸리네요",
    "Source": "SNS",
    "Domain": "가전",
    "MainCategory": "주방가전",
    "ProductName": "(TV) 파벡스 특대용량 에어프라이어 6L",
    "ReviewScore": "80",
    "Syllable": "67",
    "Word": "14",
    "RDate": "20190217",
    "Aspects": [
      {
        "Aspect": "용량",
        "SentimentText": "2리터 에어후라이기 사용하다 큰게 필요해서 구매했는데, 용량이 넉넉합니다.",
        "SentimentWord": "8",
        "SentimentPolarity": "1"
      },
      {
        "Aspect": "시간/속도",
        "SentimentText": "하지만 작은거에 비해 요리시간이 꽤 걸리네요",
        "SentimentWord": "6",
        "SentimentPolarity": "-1"
      }
    ]
  },
  {
    "Index": "7218",
    "RawText": "사용하기에 기능이 다 좋은 편입니다.  하지만 시간이 좀 오래 걸려서  급하면 렌지를사용해요ㅋ",
    "Source": "SNS",
    "Domain": "가전",
    "MainCategory": "주방가전",
    "ProductName": "(TV) 파벡스 특대용량 에어프라이어 6L",
    "ReviewScore": "100",
    "Syllable": "52",
    "Word": "12",
    "RDate": "20190622",
    "GeneralPolarity": "0",
    "Aspects": [
      {
        "Aspect": "기능",
        "SentimentText": "사용하기에 기능이 다 좋은 편입니다.",
        "SentimentWord": "5",
        "SentimentPolarity": "1"
      },
      {
        "Aspect": "시간/속도",
        "SentimentText": "하지만 시간이 좀 오래 걸려서  급하면 렌지를사용해요ㅋ",
        "SentimentWord": "7",
        "SentimentPolarity": "-1"
      }
    ]
  },
  {
    "Index": "7219",
    "RawText": "대용량이라좋구요 음식조리할때보여서너무좋네요",
    "Source": "SNS",
    "Domain": "가전",
    "MainCategory": "주방가전",
    "ProductName": "(TV) 파벡스 특대용량 에어프라이어 6L",
    "ReviewScore": "100",
    "Syllable": "23",
    "Word": "2",
    "RDate": "20190217",
    "GeneralPolarity": "1",
    "Aspects": [
      {
        "Aspect": "사이즈",
        "SentimentText": "대용량이라좋구요",
        "SentimentWord": "1",
        "SentimentPolarity": "1"
      },
      {
        "Aspect": "편의성",
        "SentimentText": "음식조리할때보여서너무좋네요",
        "SentimentWord": "1",
        "SentimentPolarity": "1"
      }
    ]
  },
  {
    "Index": "7220",
    "RawText": "생각했던것보다 부피가 커요.  아직 안 먹어봤지만 용량은 커서 맘에 들어요.  내부가 보이는창도 맘에 들어요",
    "Source": "SNS",
    "Domain": "가전",
    "MainCategory": "주방가전",
    "ProductName": "(TV) 파벡스 특대용량 에어프라이어 6L",
    "ReviewScore": "80",
    "Syllable": "60",
    "Word": "14",
    "RDate": "20190209",
    "Aspects": [
      {
        "Aspect": "사이즈",
        "SentimentText": "생각했던것보다 부피가 커요.",
        "SentimentWord": "3",
        "SentimentPolarity": "-1"
      },
      {
        "Aspect": "용량",
        "SentimentText": "용량은 커서 맘에 들어요. ",
        "SentimentWord": "4",
        "SentimentPolarity": "1"
      },
      {
        "Aspect": "편의성",
        "SentimentText": "내부가 보이는창도 맘에 들어요",
        "SentimentWord": "4",
        "SentimentPolarity": "1"
      }
    ]
  },
  {
    "Index": "7221",
    "RawText": "요리별  사용방법도 없네요.  요리를 해도  방송처럼  잘  안되는것같아 구매한 것 정말 후회하는제품입니다  이제품만 그런것인지 다 에어프라이어그런지 모르겠지만  튀김요리 밤을 해도잘안됩니다 닭튀김빼고는  잘 안됩니다 ",
    "Source": "SNS",
    "Domain": "가전",
    "MainCategory": "주방가전",
    "ProductName": "(TV) 파벡스 특대용량 에어프라이어 6L",
    "ReviewScore": "60",
    "Syllable": "122",
    "Word": "23",
    "RDate": "20190313",
    "GeneralPolarity": "-1",
    "Aspects": [
      {
        "Aspect": "제품구성",
        "SentimentText": "요리별  사용방법도 없네요.",
        "SentimentWord": "3",
        "SentimentPolarity": "-1"
      },
      {
        "Aspect": "품질",
        "SentimentText": "요리를 해도  방송처럼  잘  안되는것같아 구매한 것 정말 후회하는제품입니다",
        "SentimentWord": "9",
        "SentimentPolarity": "-1"
      },
      {
        "Aspect": "품질",
        "SentimentText": "튀김요리 밤을 해도잘안됩니다",
        "SentimentWord": "3",
        "SentimentPolarity": "-1"
      }
    ]
  },
  {
    "Index": "7222",
    "RawText": "용량도 크고 안이 보이고 타브랜드 대비 가격도 만족스러워요. 닭고기가 특히 맛있네요. 레서피북이 있었다면 더 좋을듯요^^",
    "Source": "SNS",
    "Domain": "가전",
    "MainCategory": "주방가전",
    "ProductName": "(TV) 파벡스 특대용량 에어프라이어 6L",
    "ReviewScore": "100",
    "Syllable": "67",
    "Word": "15",
    "RDate": "20190215",
    "GeneralPolarity": "1",
    "Aspects": [
      {
        "Aspect": "사이즈",
        "SentimentText": "용량도 크고",
        "SentimentWord": "2",
        "SentimentPolarity": "1"
      },
      {
        "Aspect": "편의성",
        "SentimentText": "안이 보이고",
        "SentimentWord": "2",
        "SentimentPolarity": "1"
      },
      {
        "Aspect": "가격",
        "SentimentText": "타브랜드 대비 가격도 만족스러워요. ",
        "SentimentWord": "4",
        "SentimentPolarity": "1"
      },
      {
        "Aspect": "기능",
        "SentimentText": "닭고기가 특히 맛있네요.",
        "SentimentWord": "3",
        "SentimentPolarity": "1"
      },
      {
        "Aspect": "제품구성",
        "SentimentText": "레서피북이 있었다면 더 좋을듯요^^",
        "SentimentWord": "4",
        "SentimentPolarity": "0"
      }
    ]
  },
  {
    "Index": "7223",
    "RawText": "용량도 크고, 내부에서 음식들 익어가는 모습도 볼 수 있어 좋아요. 삼겹살도 맛있게 구워지고.. 생활이 편리해졌네요. ^^*",
    "Source": "SNS",
    "Domain": "가전",
    "MainCategory": "주방가전",
    "ProductName": "(TV) 파벡스 특대용량 에어프라이어 6L",
    "ReviewScore": "100",
    "Syllable": "69",
    "Word": "16",
    "RDate": "20190220",
    "Aspects": [
      {
        "Aspect": "용량",
        "SentimentText": "용량도 크고",
        "SentimentWord": "2",
        "SentimentPolarity": "1"
      },
      {
        "Aspect": "편의성",
        "SentimentText": "내부에서 음식들 익어가는 모습도 볼 수 있어 좋아요.",
        "SentimentWord": "8",
        "SentimentPolarity": "1"
      },
      {
        "Aspect": "기능",
        "SentimentText": "삼겹살도 맛있게 구워지고.. ",
        "SentimentWord": "3",
        "SentimentPolarity": "1"
      },
      {
        "Aspect": "편의성",
        "SentimentText": "생활이 편리해졌네요. ^^*",
        "SentimentWord": "3",
        "SentimentPolarity": "1"
      }
    ]
  },
  {
    "Index": "7224",
    "RawText": "용량이 커서 넉넉하게 여유있게 사용해요 내부가 보여서 더 좋구요 ! ",
    "Source": "SNS",
    "Domain": "가전",
    "MainCategory": "주방가전",
    "ProductName": "(TV) 파벡스 특대용량 에어프라이어 6L",
    "ReviewScore": "100",
    "Syllable": "38",
    "Word": "10",
    "RDate": "20190214",
    "GeneralPolarity": "1",
    "Aspects": [
      {
        "Aspect": "사이즈",
        "SentimentText": "용량이 커서 넉넉하게 여유있게 사용해요",
        "SentimentWord": "5",
        "SentimentPolarity": "1"
      },
      {
        "Aspect": "편의성",
        "SentimentText": "내부가 보여서 더 좋구요 !",
        "SentimentWord": "5",
        "SentimentPolarity": "1"
      }
    ]
  },
  {
    "Index": "7225",
    "RawText": "우선 밥속처럼 옆으로 넓어서 좋아요. 그리고 창이 있어서 정말 편합니다. 디자인도 맘에 듭니다.",
    "Source": "SNS",
    "Domain": "가전",
    "MainCategory": "주방가전",
    "ProductName": "(TV) 파벡스 특대용량 에어프라이어 6L",
    "ReviewScore": "100",
    "Syllable": "53",
    "Word": "13",
    "RDate": "20190220",
    "GeneralPolarity": "1",
    "Aspects": [
      {
        "Aspect": "사이즈",
        "SentimentText": "밥속처럼 옆으로 넓어서 좋아요.",
        "SentimentWord": "4",
        "SentimentPolarity": "1"
      },
      {
        "Aspect": "편의성",
        "SentimentText": "그리고 창이 있어서 정말 편합니다.",
        "SentimentWord": "5",
        "SentimentPolarity": "1"
      },
      {
        "Aspect": "디자인",
        "SentimentText": "디자인도 맘에 듭니다.",
        "SentimentWord": "3",
        "SentimentPolarity": "1"
      }
    ]
  },
  {
    "Index": "7226",
    "RawText": "잘받았습니다 생각보다 사이즈가 엄청크네요 평균조리시간북 같은게 있었음 좋았을것 같습니다",
    "Source": "SNS",
    "Domain": "가전",
    "MainCategory": "주방가전",
    "ProductName": "(TV) 파벡스 특대용량 에어프라이어 6L",
    "ReviewScore": "100",
    "Syllable": "48",
    "Word": "9",
    "RDate": "20190218",
    "GeneralPolarity": "1",
    "Aspects": [
      {
        "Aspect": "사이즈",
        "SentimentText": "생각보다 사이즈가 엄청크네요",
        "SentimentWord": "3",
        "SentimentPolarity": "1"
      },
      {
        "Aspect": "제품구성",
        "SentimentText": " 평균조리시간북 같은게 있었음 좋았을것 같습니다",
        "SentimentWord": "5",
        "SentimentPolarity": "0"
      }
    ]
  },
  {
    "Index": "7227",
    "RawText": "제품을 착한가격에 구매할 수 있어요 배송 모두 만족합니다 다음에도 또 구매 해야겠어요 품질도 좋아요",
    "Source": "SNS",
    "Domain": "가전",
    "MainCategory": "주방가전",
    "ProductName": "(TV) 파벡스 특대용량 에어프라이어 6L",
    "ReviewScore": "100",
    "Syllable": "55",
    "Word": "14",
    "RDate": "20190329",
    "Aspects": [
      {
        "Aspect": "가격",
        "SentimentText": "제품을 착한가격에 구매할 수 있어요 ",
        "SentimentWord": "5",
        "SentimentPolarity": "1"
      },
      {
        "Aspect": "품질",
        "SentimentText": "품질도 좋아요",
        "SentimentWord": "2",
        "SentimentPolarity": "1"
      }
    ]
  }
]