[
  {
    "Index": "27108",
    "RawText": "가격대비 정말 저렴하게 잘 산것 같아 기분이 좋아요^^. 배송도 빠르게 와서 좋았답니다. 그리고 같이 구성되어있는 김치통이 생각보다 깊어서 내용물이 많이 들어가서 좋아요! 잘쓸께요^^",
    "Source": "쇼핑몰",
    "Domain": "가전",
    "MainCategory": "주방가전",
    "ProductName": "김치플러스 삼성전자 RQ33A71B3S9 (2022년형) 일반구매",
    "ReviewScore": "5",
    "Syllable": "102",
    "Word": "23",
    "RDate": "20220228",
    "Aspects": [
      {
        "Aspect": "가격",
        "SentimentText": "가격대비 정말 저렴하게 잘 산것 같아 기분이 좋아요^^.",
        "SentimentWord": "8",
        "SentimentPolarity": "1"
      },
      {
        "Aspect": "제품구성",
        "SentimentText": "그리고 같이 구성되어있는 김치통이 생각보다 깊어서 내용물이 많이 들어가서 좋아요! 잘쓸께요^^",
        "SentimentWord": "11",
        "SentimentPolarity": "1"
      }
    ]
  },
  {
    "Index": "27109",
    "RawText": "제품 사용해 보니 가성비 대박이네요 너무 좋아요^^ 뚜껑으로 된 냉장고 쓰다가 스탠드로 넘어왔는데 너무 편해서 좋아요^^",
    "Source": "쇼핑몰",
    "Domain": "가전",
    "MainCategory": "주방가전",
    "ProductName": "김치플러스 삼성전자 RQ33A71B3S9 (2022년형) 일반구매",
    "ReviewScore": "5",
    "Syllable": "67",
    "Word": "16",
    "RDate": "20220531",
    "GeneralPolarity": "1",
    "Aspects": [
      {
        "Aspect": "가격",
        "SentimentText": "제품 사용해 보니 가성비 대박이네요 너무 좋아요^^",
        "SentimentWord": "7",
        "SentimentPolarity": "1"
      },
      {
        "Aspect": "편의성",
        "SentimentText": "뚜껑으로 된 냉장고 쓰다가 스탠드로 넘어왔는데 너무 편해서 좋아요^^",
        "SentimentWord": "9",
        "SentimentPolarity": "1"
      }
    ]
  },
  {
    "Index": "27110",
    "RawText": "기사님이 친절 하게 배송해 주셔서 좋았습니다. 생각보다 디자인이 고급져 보이지 않고 싸구려처럼 보여 실망입니다.  소비효율등급도 1등급이라 좋습니다 ",
    "Source": "쇼핑몰",
    "Domain": "가전",
    "MainCategory": "주방가전",
    "ProductName": "김치플러스 삼성전자 RQ33A71B3S9 (2022년형) 일반구매",
    "ReviewScore": "5",
    "Syllable": "83",
    "Word": "17",
    "RDate": "20220527",
    "Aspects": [
      {
        "Aspect": "소비전력",
        "SentimentText": "소비효율등급도 1등급이라 좋습니다",
        "SentimentWord": "3",
        "SentimentPolarity": "1"
      },
      {
        "Aspect": "디자인",
        "SentimentText": "생각보다 디자인이 고급져 보이지 않고 싸구려처럼 보여 실망입니다. ",
        "SentimentWord": "8",
        "SentimentPolarity": "-1"
      }
    ]
  },
  {
    "Index": "27111",
    "RawText": "냉동고로도 사용 할 수 있어 편해 구매 했습니다.  가격도 저렴하게 구입 해서 더욱 만족 스럽습니다",
    "Source": "쇼핑몰",
    "Domain": "가전",
    "MainCategory": "주방가전",
    "ProductName": "김치플러스 삼성전자 RQ33A71B3S9 (2022년형) 일반구매",
    "ReviewScore": "4",
    "Syllable": "55",
    "Word": "15",
    "RDate": "20220526",
    "GeneralPolarity": "1",
    "Aspects": [
      {
        "Aspect": "편의성",
        "SentimentText": "냉동고로도 사용 할 수 있어 편해 구매 했습니다",
        "SentimentWord": "8",
        "SentimentPolarity": "1"
      },
      {
        "Aspect": "가격",
        "SentimentText": "가격도 저렴하게 구입 해서 더욱 만족 스럽습니다 ",
        "SentimentWord": "7",
        "SentimentPolarity": "1"
      }
    ]
  },
  {
    "Index": "27112",
    "RawText": "스탠드로 바꾸니 김치가 한눈에 들어와서 좋아요. 정리하기도 쉽네요^^. 작동해보니 소음도 적어서 좋네요^^",
    "Source": "쇼핑몰",
    "Domain": "가전",
    "MainCategory": "주방가전",
    "ProductName": "김치플러스 삼성전자 RQ33A71B3S9 (2022년형) 일반구매",
    "ReviewScore": "5",
    "Syllable": "59",
    "Word": "12",
    "RDate": "20220523",
    "GeneralPolarity": "1",
    "Aspects": [
      {
        "Aspect": "편의성",
        "SentimentText": "김치가 한눈에 들어와서 좋아요. 정리하기도 쉽네요^^. ",
        "SentimentWord": "6",
        "SentimentPolarity": "1"
      },
      {
        "Aspect": "소음",
        "SentimentText": "작동해보니 소음도 적어서 좋네요^^",
        "SentimentWord": "4",
        "SentimentPolarity": "1"
      }
    ]
  },
  {
    "Index": "27113",
    "RawText": "세일 할때 저렴하게 사서 기분 좋네요. 방문해 주신 기사님도 친절 하셔서 아주 좋았습니다. 냉동실로 호환 가능한 기능이 특히 맘에 들어요",
    "Source": "쇼핑몰",
    "Domain": "가전",
    "MainCategory": "주방가전",
    "ProductName": "김치플러스 삼성전자 RQ33A71B3S9 (2022년형) 일반구매",
    "ReviewScore": "5",
    "Syllable": "76",
    "Word": "20",
    "RDate": "20220330",
    "Aspects": [
      {
        "Aspect": "가격",
        "SentimentText": "세일 할때 저렴하게 사서 기분 좋네요.",
        "SentimentWord": "6",
        "SentimentPolarity": "1"
      },
      {
        "Aspect": "기능",
        "SentimentText": "냉동실로 호환 가능한 기능이 특히 맘에 들어요",
        "SentimentWord": "7",
        "SentimentPolarity": "1"
      }
    ]
  },
  {
    "Index": "27114",
    "RawText": "설치 기사님이 친절하게 설치해 주셔서 좋았습니다. 집에 있는 냉장고 컬러랑  같아서 더 만족 합니다 기존제품보다 사이즈가 커서 너무 좋아요",
    "Source": "쇼핑몰",
    "Domain": "가전",
    "MainCategory": "주방가전",
    "ProductName": "김치플러스 삼성전자 RQ33A71B3S9 (2022년형) 일반구매",
    "ReviewScore": "5",
    "Syllable": "77",
    "Word": "19",
    "RDate": "20220624",
    "Aspects": [
      {
        "Aspect": "사이즈",
        "SentimentText": "기존제품보다 사이즈가 커서 너무 좋아요",
        "SentimentWord": "5",
        "SentimentPolarity": "1"
      },
      {
        "Aspect": "색상",
        "SentimentText": "집에 있는 냉장고 컬러랑  같아서 더 만족 합니다 ",
        "SentimentWord": "8",
        "SentimentPolarity": "1"
      }
    ]
  },
  {
    "Index": "27116",
    "RawText": "배송도 엄청 빠르고 기사님이 친절해서 좋았어요. 작동해보니 김치가 아주 싱싱하니 너무 좋네요. 성능 대박이예요 만족스러워요^^ 소음이 거의 없어서 안심이에요",
    "Source": "쇼핑몰",
    "Domain": "가전",
    "MainCategory": "주방가전",
    "ProductName": "김치플러스 삼성전자 RQ33A71B3S9 (2022년형) 일반구매",
    "ReviewScore": "5",
    "Syllable": "87",
    "Word": "19",
    "RDate": "20220726",
    "Aspects": [
      {
        "Aspect": "소음",
        "SentimentText": "소음이 거의 없어서 안심이에요",
        "SentimentWord": "4",
        "SentimentPolarity": "1"
      },
      {
        "Aspect": "기능",
        "SentimentText": "작동해보니 김치가 아주 싱싱하니 너무 좋네요. 성능 대박이예요 만족스러워요^^",
        "SentimentWord": "9",
        "SentimentPolarity": "1"
      }
    ]
  },
  {
    "Index": "27119",
    "RawText": "기사님도 친절하게 설명도 꼼꼼히 해 주셔서 좋았습니다.  근데 생각보다 사이즈가 커 놀랐으나 사용해보니 만족합니다. 용량이 커서 김치는 물론 쌀과 고기까지도 보관이 가능해요 ",
    "Source": "쇼핑몰",
    "Domain": "가전",
    "MainCategory": "주방가전",
    "ProductName": "김치플러스 삼성전자 RQ33A71B3S9 (2022년형) 일반구매",
    "ReviewScore": "5",
    "Syllable": "97",
    "Word": "22",
    "RDate": "20220818",
    "Aspects": [
      {
        "Aspect": "용량",
        "SentimentText": "용량이 커서 김치는 물론 쌀과 고기까지도 보관이 가능해요",
        "SentimentWord": "8",
        "SentimentPolarity": "1"
      },
      {
        "Aspect": "사이즈",
        "SentimentText": "근데 생각보다 사이즈가 커 놀랐으나 사용해보니 만족합니다.",
        "SentimentWord": "7",
        "SentimentPolarity": "1"
      }
    ]
  },
  {
    "Index": "27120",
    "RawText": "디자인 깔끔해서 너무 좋습니다.  ㅇㅇㅇ 이라서 더 만족 합니다",
    "Source": "쇼핑몰",
    "Domain": "가전",
    "MainCategory": "주방가전",
    "ProductName": "김치플러스 삼성전자 RQ33A71B3S9 (2022년형) 일반구매",
    "ReviewScore": "5",
    "Syllable": "35",
    "Word": "9",
    "RDate": "20220405",
    "GeneralPolarity": "1",
    "Aspects": [
      {
        "Aspect": "디자인",
        "SentimentText": "디자인 깔끔해서 너무 좋습니다",
        "SentimentWord": "4",
        "SentimentPolarity": "1"
      },
      {
        "Aspect": "제조일/제조사",
        "SentimentText": " ㅇㅇㅇ 이라서 더 만족 합니다  ",
        "SentimentWord": "5",
        "SentimentPolarity": "1"
      }
    ]
  },
  {
    "Index": "27121",
    "RawText": "성능도 좋아! 굿~ 디자인도 이쁘게 잘 빠진 것 같아 만족 합니다.  방문 기사님도 친절 하셔서 기분이 아주 좋았습니다",
    "Source": "쇼핑몰",
    "Domain": "가전",
    "MainCategory": "주방가전",
    "ProductName": "김치플러스 삼성전자 RQ33A71B3S9 (2022년형) 일반구매",
    "ReviewScore": "5",
    "Syllable": "66",
    "Word": "18",
    "RDate": "20220120",
    "Aspects": [
      {
        "Aspect": "기능",
        "SentimentText": "성능도 좋아! 굿~",
        "SentimentWord": "3",
        "SentimentPolarity": "1"
      },
      {
        "Aspect": "디자인",
        "SentimentText": "디자인도 이쁘게 잘 빠진 것 같아 만족 합니다. ",
        "SentimentWord": "8",
        "SentimentPolarity": "1"
      }
    ]
  },
  {
    "Index": "27122",
    "RawText": "색상도 너무 고급스럽고 예뻐서 좋아요. 그리고 무엇보다 바나나 감자 모드기능 진짜 최고네요! 이제 과일 남아서 썩힐일 없어서 안심이네요^^",
    "Source": "쇼핑몰",
    "Domain": "가전",
    "MainCategory": "주방가전",
    "ProductName": "김치플러스 삼성전자 RQ33A71B3S9 (2022년형) 일반구매",
    "ReviewScore": "5",
    "Syllable": "77",
    "Word": "18",
    "RDate": "20220514",
    "GeneralPolarity": "1",
    "Aspects": [
      {
        "Aspect": "색상",
        "SentimentText": "색상도 너무 고급스럽고 예뻐서 좋아요.",
        "SentimentWord": "5",
        "SentimentPolarity": "1"
      },
      {
        "Aspect": "기능",
        "SentimentText": "무엇보다 바나나 감자 모드기능 진짜 최고네요! 이제 과일 남아서 썩힐일 없어서 안심이네요^^",
        "SentimentWord": "12",
        "SentimentPolarity": "1"
      }
    ]
  },
  {
    "Index": "27123",
    "RawText": "기존에 쓰던 냉장고가 오래되서 가격 저렴히 올라왔길래 구매했는데 좋아요^^ 다만 색상이 생각보다 너무 튀어서 좀 부담스럽네요ㅎㅎ",
    "Source": "쇼핑몰",
    "Domain": "가전",
    "MainCategory": "주방가전",
    "ProductName": "김치플러스 삼성전자 RQ33A71B3S9 (2022년형) 일반구매",
    "ReviewScore": "5",
    "Syllable": "71",
    "Word": "16",
    "RDate": "20220604",
    "GeneralPolarity": "1",
    "Aspects": [
      {
        "Aspect": "가격",
        "SentimentText": "기존에 쓰던 냉장고가 오래되서 가격 저렴히 올라왔길래 구매했는데 좋아요^^",
        "SentimentWord": "9",
        "SentimentPolarity": "1"
      },
      {
        "Aspect": "색상",
        "SentimentText": " 다만 색상이 생각보다 너무 튀어서 좀 부담스럽네요ㅎㅎ",
        "SentimentWord": "7",
        "SentimentPolarity": "0"
      }
    ]
  },
  {
    "Index": "27124",
    "RawText": "디자인도 심플하니 고급스러워서 좋아요. 색깔도 실버라 훨씬 깔끔해서 너무 예뻐요. 배송기사님도 친절하시고 빨리 받아서 좋았습니다^^",
    "Source": "쇼핑몰",
    "Domain": "가전",
    "MainCategory": "주방가전",
    "ProductName": "김치플러스 삼성전자 RQ33A71B3S9 (2022년형) 일반구매",
    "ReviewScore": "5",
    "Syllable": "73",
    "Word": "15",
    "RDate": "20220817",
    "Aspects": [
      {
        "Aspect": "디자인",
        "SentimentText": "디자인도 심플하니 고급스러워서 좋아요.",
        "SentimentWord": "4",
        "SentimentPolarity": "1"
      },
      {
        "Aspect": "색상",
        "SentimentText": "색깔도 실버라 훨씬 깔끔해서 너무 예뻐요.",
        "SentimentWord": "6",
        "SentimentPolarity": "1"
      }
    ]
  },
  {
    "Index": "27125",
    "RawText": "실버색이 고급스러워서 너무 마음에 들어요. 위에칸은 김치, 중간칸은 야채, 아랫칸은 곡류로 나눠서 사용하니 동선도 편하고 좋네요^^",
    "Source": "쇼핑몰",
    "Domain": "가전",
    "MainCategory": "주방가전",
    "ProductName": "김치플러스 삼성전자 RQ33A71B3S9 (2022년형) 일반구매",
    "ReviewScore": "5",
    "Syllable": "73",
    "Word": "16",
    "RDate": "20220612",
    "GeneralPolarity": "1",
    "Aspects": [
      {
        "Aspect": "색상",
        "SentimentText": "실버색이 고급스러워서 너무 마음에 들어요",
        "SentimentWord": "5",
        "SentimentPolarity": "1"
      },
      {
        "Aspect": "편의성",
        "SentimentText": "위에칸은 김치, 중간칸은 야채, 아랫칸은 곡류로 나눠서 사용하니 동선도 편하고 좋네요^^",
        "SentimentWord": "11",
        "SentimentPolarity": "1"
      }
    ]
  },
  {
    "Index": "27126",
    "RawText": "배송기사분이 친절하게 설명해주시고 갖다주셔서 감사했습니다^^. 시댁에 선물해 드렸는데 디자인이 고급스럽다고 너무 좋아하시네요^^ 겉 표면 소재가 특이해서 그런지 물걸레질하면 떼가 금방 닦여서 편해요",
    "Source": "쇼핑몰",
    "Domain": "가전",
    "MainCategory": "주방가전",
    "ProductName": "김치플러스 삼성전자 RQ33A71B3S9 (2022년형) 일반구매",
    "ReviewScore": "5",
    "Syllable": "110",
    "Word": "22",
    "RDate": "20220518",
    "Aspects": [
      {
        "Aspect": "소재",
        "SentimentText": "겉 표면 소재가 특이해서 그런지 물걸레질하면 떼가 금방 닦여서 편해요",
        "SentimentWord": "10",
        "SentimentPolarity": "1"
      },
      {
        "Aspect": "디자인",
        "SentimentText": "시댁에 선물해 드렸는데 디자인이 고급스럽다고 너무 좋아하시네요^^",
        "SentimentWord": "7",
        "SentimentPolarity": "1"
      }
    ]
  },
  {
    "Index": "27128",
    "RawText": "기사님께서 설치후에 기존 냉장고도 수거해주셔서 정리도 쉽게 되어 좋았어요^^. 색상이 실버라 고급스러워서 주방이 환해졌네요^^ 쇼핑몰 할인행사때 저렴하게 구매했어요",
    "Source": "쇼핑몰",
    "Domain": "가전",
    "MainCategory": "주방가전",
    "ProductName": "김치플러스 삼성전자 RQ33A71B3S9 (2022년형) 일반구매",
    "ReviewScore": "5",
    "Syllable": "91",
    "Word": "18",
    "RDate": "20220825",
    "Aspects": [
      {
        "Aspect": "가격",
        "SentimentText": "쇼핑몰 할인행사때 저렴하게 구매했어요",
        "SentimentWord": "4",
        "SentimentPolarity": "1"
      },
      {
        "Aspect": "색상",
        "SentimentText": "색상이 실버라 고급스러워서 주방이 환해졌네요^^",
        "SentimentWord": "5",
        "SentimentPolarity": "1"
      }
    ]
  },
  {
    "Index": "27129",
    "RawText": "배송 빨라서 너무 좋았어요. 안전하게 잘 받았네요^^. 용량이 커서 좋습니다^^. 한가지 아쉬운 점이 어플 연동이 안되서 핸드폰으로는 사용할 수가 없어 아쉬워요,",
    "Source": "쇼핑몰",
    "Domain": "가전",
    "MainCategory": "주방가전",
    "ProductName": "김치플러스 삼성전자 RQ33A71B3S9 (2022년형) 일반구매",
    "ReviewScore": "4",
    "Syllable": "90",
    "Word": "21",
    "RDate": "20220530",
    "Aspects": [
      {
        "Aspect": "용량",
        "SentimentText": "용량이 커서 좋습니다^^. ",
        "SentimentWord": "3",
        "SentimentPolarity": "1"
      },
      {
        "Aspect": "기능",
        "SentimentText": " 한가지 아쉬운 점이 어플 연동이 안되서 핸드폰으로는 사용할 수가 없어 아쉬워요,",
        "SentimentWord": "11",
        "SentimentPolarity": "0"
      }
    ]
  },
  {
    "Index": "27130",
    "RawText": "기사님께서 너무 친절하시고 설치도 금방해주셨어요. 기존 냉장고도 수거해 가주셔서 너무 좋았습니다^^ 냉장고 안에 들어있는 용기들도 튼튼하고 투명해서 안이 다 보여서 너무 좋아요^^ 용량이 크니 많은 김치통이 콱차서 보기만해도 뿌듯하네요",
    "Source": "쇼핑몰",
    "Domain": "가전",
    "MainCategory": "주방가전",
    "ProductName": "김치플러스 삼성전자 RQ33A71B3S9 (2022년형) 일반구매",
    "ReviewScore": "5",
    "Syllable": "131",
    "Word": "29",
    "RDate": "20220611",
    "Aspects": [
      {
        "Aspect": "용량",
        "SentimentText": "용량이 크니 많은 김치통이 콱차서 보기만해도 뿌듯하네요",
        "SentimentWord": "7",
        "SentimentPolarity": "1"
      },
      {
        "Aspect": "제품구성",
        "SentimentText": "냉장고 안에 들어있는 용기들도 튼튼하고 투명해서 안이 다 보여서 너무 좋아요^^",
        "SentimentWord": "11",
        "SentimentPolarity": "1"
      }
    ]
  },
  {
    "Index": "27131",
    "RawText": "엄마집에 선물을 해드렸는데 배송기사분께서 친절하게 잘 설명해주시고 설치해주셨다고 너무 좋아하시네요. 색상도 너무 고급스럽고 예쁘다고 좋아하셔서 더 기분이 좋네요^^ 에너지효율 1등급으로 구매해서 너무 좋아요.",
    "Source": "쇼핑몰",
    "Domain": "가전",
    "MainCategory": "주방가전",
    "ProductName": "김치플러스 삼성전자 RQ33A71B3S9 (2022년형) 일반구매",
    "ReviewScore": "5",
    "Syllable": "116",
    "Word": "23",
    "RDate": "20220514",
    "Aspects": [
      {
        "Aspect": "소비전력",
        "SentimentText": "에너지효율 1등급으로 구매해서 너무 좋아요.",
        "SentimentWord": "5",
        "SentimentPolarity": "1"
      },
      {
        "Aspect": "색상",
        "SentimentText": "색상도 너무 고급스럽고 예쁘다고 좋아하셔서 더 기분이 좋네요^^",
        "SentimentWord": "8",
        "SentimentPolarity": "1"
      }
    ]
  },
  {
    "Index": "27132",
    "RawText": "저렴한 가격에 구입해서 너무 좋아요. 제품 너무 마음에 드네요. 스탠드형이라 그런가 생각한것 보다 크기가 커서 당황했네요ㅎㅎ",
    "Source": "쇼핑몰",
    "Domain": "가전",
    "MainCategory": "주방가전",
    "ProductName": "김치플러스 삼성전자 RQ33A71B3S9 (2022년형) 일반구매",
    "ReviewScore": "4",
    "Syllable": "69",
    "Word": "16",
    "RDate": "20220524",
    "GeneralPolarity": "1",
    "Aspects": [
      {
        "Aspect": "가격",
        "SentimentText": "저렴한 가격에 구입해서 너무 좋아요. 제품 너무 마음에 드네요. ",
        "SentimentWord": "9",
        "SentimentPolarity": "1"
      },
      {
        "Aspect": "사이즈",
        "SentimentText": "스탠드형이라 그런가 생각한것 보다 크기가 커서 당황했네요ㅎㅎ",
        "SentimentWord": "7",
        "SentimentPolarity": "0"
      }
    ]
  },
  {
    "Index": "27133",
    "RawText": "냉장고 소음이 생각보다 작아서 좋아요! 색도 실버색이라 유행안타고 오래쓸 수 있을 것 같아요 좋아요. 싼 가격에 이렇게 좋은 제품을 사게 되서 너무 좋네요^^ 강추 강추^^",
    "Source": "쇼핑몰",
    "Domain": "가전",
    "MainCategory": "주방가전",
    "ProductName": "김치플러스 삼성전자 RQ33A71B3S9 (2022년형) 일반구매",
    "ReviewScore": "5",
    "Syllable": "96",
    "Word": "25",
    "RDate": "20220522",
    "GeneralPolarity": "1",
    "Aspects": [
      {
        "Aspect": "소음",
        "SentimentText": "냉장고 소음이 생각보다 작아서 좋아요! ",
        "SentimentWord": "5",
        "SentimentPolarity": "1"
      },
      {
        "Aspect": "색상",
        "SentimentText": "색도 실버색이라 유행안타고 오래쓸 수 있을 것 같아요 좋아요. ",
        "SentimentWord": "9",
        "SentimentPolarity": "1"
      },
      {
        "Aspect": "가격",
        "SentimentText": "싼 가격에 이렇게 좋은 제품을 사게 되서 너무 좋네요^^ 강추 강추^^",
        "SentimentWord": "11",
        "SentimentPolarity": "1"
      }
    ]
  },
  {
    "Index": "27135",
    "RawText": "빠른 배송에 기사님까지 친절하게 설명해주시고 가셔서 부모님께서 엄청 만족스러워하셨습니다^^ 받아보시고 디자인도 고급스럽고 깔끔하다며 너무 좋다고 하시네요^^ 세일기간에 쿠폰적용해서 저렴하게 구매했네요",
    "Source": "쇼핑몰",
    "Domain": "가전",
    "MainCategory": "주방가전",
    "ProductName": "김치플러스 삼성전자 RQ33A71B3S9 (2022년형) 일반구매",
    "ReviewScore": "5",
    "Syllable": "111",
    "Word": "20",
    "RDate": "20220321",
    "Aspects": [
      {
        "Aspect": "가격",
        "SentimentText": "세일기간에 쿠폰적용해서 저렴하게 구매했네요",
        "SentimentWord": "4",
        "SentimentPolarity": "1"
      },
      {
        "Aspect": "디자인",
        "SentimentText": "받아보시고 디자인도 고급스럽고 깔끔하다며 너무 좋다고 하시네요^^",
        "SentimentWord": "7",
        "SentimentPolarity": "1"
      }
    ]
  },
  {
    "Index": "27137",
    "RawText": "기사분께서 친절하게 설명하고 설치해주셔서 좋았어요. 냉장고도 실버색상이 아주 예쁘고 고급스럽네요 만족스러워요 사이즈가 자그마한게 기존 설치장소에 잘 맞아 다행이에요",
    "Source": "쇼핑몰",
    "Domain": "가전",
    "MainCategory": "주방가전",
    "ProductName": "김치플러스 삼성전자 RQ33A71B3S9 (2022년형) 일반구매",
    "ReviewScore": "5",
    "Syllable": "91",
    "Word": "18",
    "RDate": "20220828",
    "Aspects": [
      {
        "Aspect": "사이즈",
        "SentimentText": "사이즈가 자그마한게 기존 설치장소에 잘 맞아 다행이에요",
        "SentimentWord": "7",
        "SentimentPolarity": "1"
      },
      {
        "Aspect": "색상",
        "SentimentText": "냉장고도 실버색상이 아주 예쁘고 고급스럽네요 만족스러워요",
        "SentimentWord": "6",
        "SentimentPolarity": "1"
      }
    ]
  },
  {
    "Index": "27139",
    "RawText": "할인 적립금으로 좋은 제품 싸게 잘 구매했어요^^ 가성비 값입니다. 디자인 완전 고급스럽고 깔끔해서 좋아요. 성능은 말할것도 없이 기능 모드 다 좋네요. 기사님도 친절하셔서 너무 좋았어요^^",
    "Source": "쇼핑몰",
    "Domain": "가전",
    "MainCategory": "주방가전",
    "ProductName": "김치플러스 삼성전자 RQ33A71B3S9 (2022년형) 일반구매",
    "ReviewScore": "5",
    "Syllable": "106",
    "Word": "25",
    "RDate": "20220518",
    "Aspects": [
      {
        "Aspect": "가격",
        "SentimentText": "할인 적립금으로 좋은 제품 싸게 잘 구매했어요^^ 가성비 값입니다.",
        "SentimentWord": "9",
        "SentimentPolarity": "1"
      },
      {
        "Aspect": "디자인",
        "SentimentText": "디자인 완전 고급스럽고 깔끔해서 좋아요.",
        "SentimentWord": "5",
        "SentimentPolarity": "1"
      },
      {
        "Aspect": "기능",
        "SentimentText": "성능은 말할것도 없이 기능 모드 다 좋네요.",
        "SentimentWord": "7",
        "SentimentPolarity": "1"
      }
    ]
  },
  {
    "Index": "27141",
    "RawText": "OOO 김치냉장고 배송 빨라서 좋아요! 설치기사분도 친절하세요~ 사용해보니 기능도 훌륭하고 아주 빵빵하니 잘 되네요 적극추천해요~ 친구가 추천해준 OOO. 정말 잘 샀어요",
    "Source": "쇼핑몰",
    "Domain": "가전",
    "MainCategory": "주방가전",
    "ProductName": "김치플러스 삼성전자 RQ33A71B3S9 (2022년형) 일반구매",
    "ReviewScore": "5",
    "Syllable": "95",
    "Word": "21",
    "RDate": "20220310",
    "Aspects": [
      {
        "Aspect": "제조일/제조사",
        "SentimentText": "친구가 추천해준 OOO. 정말 잘 샀어요",
        "SentimentWord": "6",
        "SentimentPolarity": "1"
      },
      {
        "Aspect": "기능",
        "SentimentText": "사용해보니 기능도 훌륭하고 아주 빵빵하니 잘 되네요 적극추천해요~",
        "SentimentWord": "8",
        "SentimentPolarity": "1"
      }
    ]
  },
  {
    "Index": "27142",
    "RawText": "맨윗칸은 냉장 냉동 설정가능하다니 좋네요. 설치하시는 기사님들 여름에 땀 흘리시며 일하시는게 너무 안쓰럽네요. 그래두 친절하시게 잘 설치해주고 가셔서 감사합니다. 김치통을 주셔서 더 만족합니다. 역시 브랜드 이름 값 하네요.",
    "Source": "쇼핑몰",
    "Domain": "가전",
    "MainCategory": "주방가전",
    "ProductName": "김치플러스 삼성전자 RQ33A71B3S9 (2022년형) 일반구매",
    "ReviewScore": "5",
    "Syllable": "125",
    "Word": "28",
    "RDate": "20220816",
    "Aspects": [
      {
        "Aspect": "기능",
        "SentimentText": "맨윗칸은 냉장 냉동 설정가능하다니 좋네요. ",
        "SentimentWord": "5",
        "SentimentPolarity": "1"
      },
      {
        "Aspect": "제품구성",
        "SentimentText": "김치통을 주셔서 더 만족합니다.",
        "SentimentWord": "4",
        "SentimentPolarity": "1"
      },
      {
        "Aspect": "제조일/제조사",
        "SentimentText": "역시 브랜드 이름 값 하네요.",
        "SentimentWord": "5",
        "SentimentPolarity": "1"
      }
    ]
  },
  {
    "Index": "27143",
    "RawText": "큰 맘 먹고 산 김치 냉장고 입니다. 근데 산지 얼마되지 않아 고장이 나니 짜증납니다. 음식도 다 상해서 버려서 서비스센터 전화했더니  나몰라라 하니 더 열받습니다. 반품 신청한지가 언젠데 가져 가지도 않고 서비스 완전 엉망입니다. 온라인제품은 원래 이런가요? 에너지효율 1등급이라더니 의외로 전기세가 많이나와 놀랐어요. ",
    "Source": "쇼핑몰",
    "Domain": "가전",
    "MainCategory": "주방가전",
    "ProductName": "김치플러스 삼성전자 RQ33A71B3S9 (2022년형) 일반구매",
    "ReviewScore": "1",
    "Syllable": "180",
    "Word": "42",
    "RDate": "20220325",
    "Aspects": [
      {
        "Aspect": "품질",
        "SentimentText": "산지 얼마되지 않아 고장이 나니 짜증납니다.",
        "SentimentWord": "6",
        "SentimentPolarity": "-1"
      },
      {
        "Aspect": "소비전력",
        "SentimentText": "에너지효율 1등급이라더니 의외로 전기세가 많이나와 놀랐어요.",
        "SentimentWord": "6",
        "SentimentPolarity": "-1"
      }
    ]
  },
  {
    "Index": "27144",
    "RawText": "갖고 싶었던 신제품을 사게되니  마음이 편안해요 ㅎ배송 기사님들 친절함에 감사합니다 이제 잘쓰긴만 하면되겠죠? ^^ 설치하고 팬돌아가는 소리가 조금 거슬리기는 했지만 이제 괜찮아요. 작동법도 간단해서 다행이에요",
    "Source": "쇼핑몰",
    "Domain": "가전",
    "MainCategory": "주방가전",
    "ProductName": "김치플러스 삼성전자 RQ33A71B3S9 (2022년형) 일반구매",
    "ReviewScore": "5",
    "Syllable": "117",
    "Word": "25",
    "RDate": "20220811",
    "Aspects": [
      {
        "Aspect": "조작성",
        "SentimentText": "작동법도 간단해서 다행이에요",
        "SentimentWord": "3",
        "SentimentPolarity": "1"
      },
      {
        "Aspect": "소음",
        "SentimentText": " 팬돌아가는 소리가 조금 거슬리기는 했지만 이제 괜찮아요.",
        "SentimentWord": "7",
        "SentimentPolarity": "0"
      }
    ]
  },
  {
    "Index": "27146",
    "RawText": "넉넉한 수납공간이 참 실용적 입니다.  도어는 부드럽게 착 닫히니 더욱 만족하구요~ 단, 가격행사로  수시로 가격변동있는게 약간 불만입니다.",
    "Source": "쇼핑몰",
    "Domain": "가전",
    "MainCategory": "주방가전",
    "ProductName": "김치플러스 삼성전자 RQ33A71B3S9 (2022년형) 일반구매",
    "ReviewScore": "5",
    "Syllable": "78",
    "Word": "17",
    "RDate": "20220426",
    "GeneralPolarity": "1",
    "Aspects": [
      {
        "Aspect": "용량",
        "SentimentText": "넉넉한 수납공간이 참 실용적 입니다. ",
        "SentimentWord": "5",
        "SentimentPolarity": "1"
      },
      {
        "Aspect": "조작성",
        "SentimentText": "도어는 부드럽게 착 닫히니 더욱 만족하구요~",
        "SentimentWord": "6",
        "SentimentPolarity": "1"
      },
      {
        "Aspect": "가격",
        "SentimentText": "가격행사로  수시로 가격변동있는게 약간 불만입니다. ",
        "SentimentWord": "5",
        "SentimentPolarity": "-1"
      }
    ]
  },
  {
    "Index": "27147",
    "RawText": "설치도 빠르게 해주시고 기사님들 친절해서 좋습니다. 디자인도 맘에 들고, 수납공간도 많아 만족합니다.  냉장,냉동 설정도 따로 할수있어서 참 실용적이예요. 강력 추천합니다",
    "Source": "쇼핑몰",
    "Domain": "가전",
    "MainCategory": "주방가전",
    "ProductName": "김치플러스 삼성전자 RQ33A71B3S9 (2022년형) 일반구매",
    "ReviewScore": "5",
    "Syllable": "95",
    "Word": "20",
    "RDate": "20220524",
    "Aspects": [
      {
        "Aspect": "디자인",
        "SentimentText": "디자인도 맘에 들고,",
        "SentimentWord": "3",
        "SentimentPolarity": "1"
      },
      {
        "Aspect": "용량",
        "SentimentText": "수납공간도 많아 만족합니다. ",
        "SentimentWord": "3",
        "SentimentPolarity": "1"
      },
      {
        "Aspect": "기능",
        "SentimentText": "냉장,냉동 설정도 따로 할수있어서 참 실용적이예요. 강력 추천합니다",
        "SentimentWord": "8",
        "SentimentPolarity": "1"
      }
    ]
  },
  {
    "Index": "27148",
    "RawText": "심플한 디자인이 가장 마음에 듭니다. 김치 말고도 온도조절이 가능해 다양하게 음식을 보관할수 있다는게 안심됩니다.  소음이 약간 있지만 그럭 저럭 쓸만합니다. 비오는날 배송한다고 애쓰신 기사님들께 너무 죄송해요.",
    "Source": "쇼핑몰",
    "Domain": "가전",
    "MainCategory": "주방가전",
    "ProductName": "김치플러스 삼성전자 RQ33A71B3S9 (2022년형) 일반구매",
    "ReviewScore": "4",
    "Syllable": "118",
    "Word": "26",
    "RDate": "20220716",
    "GeneralPolarity": "1",
    "Aspects": [
      {
        "Aspect": "디자인",
        "SentimentText": "심플한 디자인이 가장 마음에 듭니다. ",
        "SentimentWord": "5",
        "SentimentPolarity": "1"
      },
      {
        "Aspect": "기능",
        "SentimentText": "온도조절이 가능해 다양하게 음식을 보관할수 있다는게 안심됩니다. ",
        "SentimentWord": "7",
        "SentimentPolarity": "1"
      },
      {
        "Aspect": "소음",
        "SentimentText": "소음이 약간 있지만 그럭 저럭 쓸만합니다. ",
        "SentimentWord": "6",
        "SentimentPolarity": "0"
      }
    ]
  },
  {
    "Index": "27149",
    "RawText": "가격도 할인행사로  엄~~ 청 싸게 잘 쌌어요. 주문하고 이틀만에 배송온게 대박입니다.  설치하고 보니 심플한게 주방이 세련되어 보여요.  칸칸이 온도조절 기능에 만족하고, 전기 졀약 할수 있어 더 맘에 들어요.",
    "Source": "쇼핑몰",
    "Domain": "가전",
    "MainCategory": "주방가전",
    "ProductName": "김치플러스 삼성전자 RQ33A71B3S9 (2022년형) 일반구매",
    "ReviewScore": "5",
    "Syllable": "118",
    "Word": "28",
    "RDate": "20220218",
    "Aspects": [
      {
        "Aspect": "가격",
        "SentimentText": "가격도 할인행사로  엄~~ 청 싸게 잘 쌌어요.",
        "SentimentWord": "7",
        "SentimentPolarity": "1"
      },
      {
        "Aspect": "디자인",
        "SentimentText": "설치하고 보니 심플한게 주방이 세련되어 보여요.  ",
        "SentimentWord": "6",
        "SentimentPolarity": "1"
      },
      {
        "Aspect": "기능",
        "SentimentText": "칸칸이 온도조절 기능에 만족하고,",
        "SentimentWord": "4",
        "SentimentPolarity": "1"
      },
      {
        "Aspect": "소비전력",
        "SentimentText": "전기 졀약 할수 있어 더 맘에 들어요.",
        "SentimentWord": "7",
        "SentimentPolarity": "1"
      }
    ]
  },
  {
    "Index": "27151",
    "RawText": "어머니께 선물로 보내드렸더니 무척이나 좋아하세요. 빠른 배송에 만족하고,  배송기사님도 친절하셔서 모두 맘에 들어요. 000 신형이라 더 만족합니다. 구성품으로 김치통도 넉넉히 주시니 참 잘샀어요. ",
    "Source": "쇼핑몰",
    "Domain": "가전",
    "MainCategory": "주방가전",
    "ProductName": "김치플러스 삼성전자 RQ33A71B3S9 (2022년형) 일반구매",
    "ReviewScore": "4",
    "Syllable": "111",
    "Word": "23",
    "RDate": "20220414",
    "Aspects": [
      {
        "Aspect": "제조일/제조사",
        "SentimentText": "000 신형이라 더 만족합니다.",
        "SentimentWord": "4",
        "SentimentPolarity": "1"
      },
      {
        "Aspect": "제품구성",
        "SentimentText": "구성품으로 김치통도 넉넉히 주시니 참 잘샀어요.",
        "SentimentWord": "6",
        "SentimentPolarity": "1"
      }
    ]
  },
  {
    "Index": "27153",
    "RawText": "빠르게 배송해주셔서 감사드려요. 기사님들은 언제나 친절하셔서 너무 좋아요~~  고민끝에 주문했었는데 000브랜드라 믿고 삽니다.  에너지 효율이 1등급이라 좋아요",
    "Source": "쇼핑몰",
    "Domain": "가전",
    "MainCategory": "주방가전",
    "ProductName": "김치플러스 삼성전자 RQ33A71B3S9 (2022년형) 일반구매",
    "ReviewScore": "5",
    "Syllable": "90",
    "Word": "17",
    "RDate": "20220227",
    "Aspects": [
      {
        "Aspect": "소비전력",
        "SentimentText": "에너지 효율이 1등급이라 좋아요",
        "SentimentWord": "4",
        "SentimentPolarity": "1"
      },
      {
        "Aspect": "제조일/제조사",
        "SentimentText": "000브랜드라 믿고 삽니다. ",
        "SentimentWord": "3",
        "SentimentPolarity": "1"
      }
    ]
  },
  {
    "Index": "27154",
    "RawText": "냉장고에 김치통까지 용기도 다양해서 좋아요. 역시 OOO 제품이 예쁘네요^^ 디자인 너무 마음에 들어요.",
    "Source": "쇼핑몰",
    "Domain": "가전",
    "MainCategory": "주방가전",
    "ProductName": "김치플러스 삼성전자 RQ33A71B3S9 (2022년형) 일반구매",
    "ReviewScore": "5",
    "Syllable": "58",
    "Word": "13",
    "RDate": "20220824",
    "GeneralPolarity": "1",
    "Aspects": [
      {
        "Aspect": "제품구성",
        "SentimentText": "냉장고에 김치통까지 용기도 다양해서 좋아요. ",
        "SentimentWord": "5",
        "SentimentPolarity": "1"
      },
      {
        "Aspect": "디자인",
        "SentimentText": "역시 OOO 제품이 예쁘네요^^ 디자인 너무 마음에 들어요.",
        "SentimentWord": "8",
        "SentimentPolarity": "1"
      }
    ]
  },
  {
    "Index": "27155",
    "RawText": "배송 설치 날짜까지 고객한테 맞춰서 친절하게 설치해 주시고 갔네요 좋아요. 그리고 무엇보다 위에 칸을 냉동고로 사용할 수가 있어서 너무 좋네요^^많이 파세요  저렴한 가격에 구매했습니다.",
    "Source": "쇼핑몰",
    "Domain": "가전",
    "MainCategory": "주방가전",
    "ProductName": "김치플러스 삼성전자 RQ33A71B3S9 (2022년형) 일반구매",
    "ReviewScore": "4",
    "Syllable": "104",
    "Word": "24",
    "RDate": "20220803",
    "Aspects": [
      {
        "Aspect": "가격",
        "SentimentText": "저렴한 가격에 구매했습니다.",
        "SentimentWord": "3",
        "SentimentPolarity": "1"
      },
      {
        "Aspect": "편의성",
        "SentimentText": "그리고 무엇보다 위에 칸을 냉동고로 사용할 수가 있어서 너무 좋네요^^ 많이 파세요",
        "SentimentWord": "12",
        "SentimentPolarity": "1"
      }
    ]
  },
  {
    "Index": "27156",
    "RawText": "디자인이 엄청 깔끔해서 마음에 드네요. 냉장고 안에 내부도 넓어서 다양한 음식을 넣을수 있어서 좋습니다. 추천해요~",
    "Source": "쇼핑몰",
    "Domain": "가전",
    "MainCategory": "주방가전",
    "ProductName": "김치플러스 삼성전자 RQ33A71B3S9 (2022년형) 일반구매",
    "ReviewScore": "5",
    "Syllable": "64",
    "Word": "15",
    "RDate": "20220809",
    "GeneralPolarity": "1",
    "Aspects": [
      {
        "Aspect": "디자인",
        "SentimentText": "디자인이 엄청 깔끔해서 마음에 드네요.",
        "SentimentWord": "5",
        "SentimentPolarity": "1"
      },
      {
        "Aspect": "용량",
        "SentimentText": "냉장고 안에 내부도 넓어서 다양한 음식을 넣을수 있어서 좋습니다. 추천해요~",
        "SentimentWord": "10",
        "SentimentPolarity": "1"
      }
    ]
  },
  {
    "Index": "27157",
    "RawText": "친절한 기사님이 희망일자에  배송해 주셔서 대단히 만족스러웠습니다.용량이 큰 줄 알고 구입했는데 생각보다 작아 실망했습니다 다양한 기능 충분히 숙지해서 사용하면 정말 편리해요",
    "Source": "쇼핑몰",
    "Domain": "가전",
    "MainCategory": "주방가전",
    "ProductName": "김치플러스 삼성전자 RQ33A71B3S9 (2022년형) 일반구매",
    "ReviewScore": "5",
    "Syllable": "97",
    "Word": "21",
    "RDate": "20220524",
    "Aspects": [
      {
        "Aspect": "기능",
        "SentimentText": "다양한 기능 충분히 숙지해서 사용하면 정말 편리해요",
        "SentimentWord": "7",
        "SentimentPolarity": "1"
      },
      {
        "Aspect": "용량",
        "SentimentText": "용량이 큰 줄 알고 구입했는데 생각보다 작아 실망했습니다",
        "SentimentWord": "8",
        "SentimentPolarity": "-1"
      }
    ]
  },
  {
    "Index": "27158",
    "RawText": "쿠폰 할인받아 저렴하게 가성비 좋은 상품 구입해서 만족합니다. 소음이 크지 않아 좋고요. 희망일자에 친절한 기사님에 배송까지 해주셔서 좋았습니다.",
    "Source": "쇼핑몰",
    "Domain": "가전",
    "MainCategory": "주방가전",
    "ProductName": "김치플러스 삼성전자 RQ33A71B3S9 (2022년형) 일반구매",
    "ReviewScore": "5",
    "Syllable": "81",
    "Word": "18",
    "RDate": "20220827",
    "Aspects": [
      {
        "Aspect": "가격",
        "SentimentText": "쿠폰 할인받아 저렴하게 가성비 좋은 상품 구입해서 만족합니다. ",
        "SentimentWord": "8",
        "SentimentPolarity": "1"
      },
      {
        "Aspect": "소음",
        "SentimentText": " 소음이 크지 않아 좋고요. ",
        "SentimentWord": "4",
        "SentimentPolarity": "1"
      }
    ]
  },
  {
    "Index": "27159",
    "RawText": "할인 쿠폰으로 싸게 살 수 있어 만족하고, 배송도 빠르게 와서 좋았습니다 기능도 다양해서 정말 편하네요.",
    "Source": "쇼핑몰",
    "Domain": "가전",
    "MainCategory": "주방가전",
    "ProductName": "김치플러스 삼성전자 RQ33A71B3S9 (2022년형) 일반구매",
    "ReviewScore": "5",
    "Syllable": "58",
    "Word": "15",
    "RDate": "20220226",
    "Aspects": [
      {
        "Aspect": "가격",
        "SentimentText": "할인 쿠폰으로  싸게 살 수 있어 만족하고 ",
        "SentimentWord": "7",
        "SentimentPolarity": "1"
      },
      {
        "Aspect": "기능",
        "SentimentText": "기능도 다양해서 정말 편하네요.",
        "SentimentWord": "4",
        "SentimentPolarity": "1"
      }
    ]
  },
  {
    "Index": "27160",
    "RawText": "가격도 할인 혜택받아 잘 사서 좋습니다. 사이즈가 생각보다 큰것 같아서 놀랬고 약간 실망 했습니다. ",
    "Source": "쇼핑몰",
    "Domain": "가전",
    "MainCategory": "주방가전",
    "ProductName": "김치플러스 삼성전자 RQ33A71B3S9 (2022년형) 일반구매",
    "ReviewScore": "5",
    "Syllable": "56",
    "Word": "14",
    "RDate": "20220825",
    "GeneralPolarity": "0",
    "Aspects": [
      {
        "Aspect": "가격",
        "SentimentText": "가격도 할인 혜택받아 잘 사서 좋습니다",
        "SentimentWord": "6",
        "SentimentPolarity": "1"
      },
      {
        "Aspect": "사이즈",
        "SentimentText": "사이즈가 생각보다 큰것 같아서 놀랬고 약간 실망 했습니다.",
        "SentimentWord": "8",
        "SentimentPolarity": "0"
      }
    ]
  },
  {
    "Index": "27161",
    "RawText": "스탠드형이라서 통을 넣고 빼기가 약간 불편할 때도 있지만 그럭저럭 괜찮은 것 같아요. 컬러감도 고급 져 좋고 성능도 아주  만족스럽습니다. 기사님이 고장난 폐가전도 수거 해  주셔서 편했습니다.",
    "Source": "쇼핑몰",
    "Domain": "가전",
    "MainCategory": "주방가전",
    "ProductName": "디오스 LG전자 김치톡톡 K226AE121 (2022년형)",
    "ReviewScore": "5",
    "Syllable": "108",
    "Word": "26",
    "RDate": "20220814",
    "Aspects": [
      {
        "Aspect": "편의성",
        "SentimentText": "통을 넣고 빼기가 약간 불편할 때도 있지만 그럭저럭 괜찮은 것 같아요.",
        "SentimentWord": "11",
        "SentimentPolarity": "0"
      },
      {
        "Aspect": "색상",
        "SentimentText": " 컬러감도 고급 져 좋고",
        "SentimentWord": "4",
        "SentimentPolarity": "1"
      },
      {
        "Aspect": "기능",
        "SentimentText": " 성능도 아주  만족스럽습니다",
        "SentimentWord": "3",
        "SentimentPolarity": "1"
      }
    ]
  },
  {
    "Index": "27162",
    "RawText": "배송 서비스도 빨라 너무나 좋았습니다. 가격도 할인 혜택받아 잘 사서 좋습니다. 믿고 구매한 ○○○. 역시나 최고네요  ",
    "Source": "쇼핑몰",
    "Domain": "가전",
    "MainCategory": "주방가전",
    "ProductName": "디오스 LG전자 김치톡톡 K226AE121 (2022년형)",
    "ReviewScore": "5",
    "Syllable": "67",
    "Word": "16",
    "RDate": "20220521",
    "Aspects": [
      {
        "Aspect": "제조일/제조사",
        "SentimentText": "믿고 구매한 ○○○. 역시나 최고네요",
        "SentimentWord": "5",
        "SentimentPolarity": "1"
      },
      {
        "Aspect": "가격",
        "SentimentText": "가격도 할인 혜택받아 잘 사서 좋습니다.",
        "SentimentWord": "6",
        "SentimentPolarity": "1"
      }
    ]
  },
  {
    "Index": "27164",
    "RawText": "ㅇㅇㅇ 상품 잔고장 없고 오래 사용할 수 있어 좋습니다.디자인은  깔끔하니 이뻐서 마음에 쏙 들어요 ",
    "Source": "쇼핑몰",
    "Domain": "가전",
    "MainCategory": "주방가전",
    "ProductName": "디오스 LG전자 김치톡톡 K226AE121 (2022년형)",
    "ReviewScore": "5",
    "Syllable": "56",
    "Word": "14",
    "RDate": "20220410",
    "GeneralPolarity": "1",
    "Aspects": [
      {
        "Aspect": "제조일/제조사",
        "SentimentText": "ㅇㅇㅇ 상품 잔고장 없고 오래 사용할 수 있어 좋습니다.",
        "SentimentWord": "9",
        "SentimentPolarity": "1"
      },
      {
        "Aspect": "디자인",
        "SentimentText": "디자인은  깔끔하니 이뻐서 마음에 쏙 들어요",
        "SentimentWord": "6",
        "SentimentPolarity": "1"
      }
    ]
  },
  {
    "Index": "27165",
    "RawText": "설치 기사님 두 분 오셔서 빠르고 깔끔하게 설치해 주셔서 만족하고, 소비 전력도 1등급이라서 아주 만족합니다 저렴한 가격에 구매했습니다.",
    "Source": "쇼핑몰",
    "Domain": "가전",
    "MainCategory": "주방가전",
    "ProductName": "디오스 LG전자 김치톡톡 K226AE121 (2022년형)",
    "ReviewScore": "5",
    "Syllable": "76",
    "Word": "18",
    "RDate": "20220419",
    "Aspects": [
      {
        "Aspect": "가격",
        "SentimentText": "저렴한 가격에 구매했습니다.",
        "SentimentWord": "3",
        "SentimentPolarity": "1"
      },
      {
        "Aspect": "소비전력",
        "SentimentText": "소비 전력도 1등급이라서 아주 만족합니다",
        "SentimentWord": "5",
        "SentimentPolarity": "1"
      }
    ]
  },
  {
    "Index": "27166",
    "RawText": "다소 확정 일자가 늦어졌지만 설치는 빨라 그런대로 만족합니다. 생각보다 용량이 크지 않은 것 같아 실망입니다 사이즈가 작아서 걱정했는데 공간활용하기에도 적당해요",
    "Source": "쇼핑몰",
    "Domain": "가전",
    "MainCategory": "주방가전",
    "ProductName": "디오스 LG전자 김치톡톡 K226AE121 (2022년형)",
    "ReviewScore": "5",
    "Syllable": "89",
    "Word": "20",
    "RDate": "20220724",
    "Aspects": [
      {
        "Aspect": "사이즈",
        "SentimentText": "사이즈가 작아서 걱정했는데 공간활용하기에도 적당해요",
        "SentimentWord": "5",
        "SentimentPolarity": "0"
      },
      {
        "Aspect": "용량",
        "SentimentText": "생각보다 용량이 크지 않은 것 같아 실망입니다",
        "SentimentWord": "7",
        "SentimentPolarity": "-1"
      }
    ]
  },
  {
    "Index": "27167",
    "RawText": "배송 서비스 빠르고 친절하게 설치되어 매우 만족합니다. 소비 전력도 1등급이라서 너무 마음에 듭니다   고급스런 디자인이라 마음에 들어요 ",
    "Source": "쇼핑몰",
    "Domain": "가전",
    "MainCategory": "주방가전",
    "ProductName": "디오스 LG전자 김치톡톡 K226AE121 (2022년형)",
    "ReviewScore": "4",
    "Syllable": "77",
    "Word": "17",
    "RDate": "20220419",
    "Aspects": [
      {
        "Aspect": "디자인",
        "SentimentText": "고급스런 디자인이라 마음에 들어요",
        "SentimentWord": "4",
        "SentimentPolarity": "1"
      },
      {
        "Aspect": "소비전력",
        "SentimentText": "소비 전력도 1등급이라서 너무 마음에 듭니다  ",
        "SentimentWord": "6",
        "SentimentPolarity": "1"
      }
    ]
  },
  {
    "Index": "27168",
    "RawText": "배송 설치 받은 후 며칠 만에 물이 새고 제품 이상이 생겨 매우 화가 납니다. 서비스 기사님 방문했는데 이상 없다고 환불도 불가해 너무 화가 납니다 비싸게 산걸 생각하면 너무 화가 납니다",
    "Source": "쇼핑몰",
    "Domain": "가전",
    "MainCategory": "주방가전",
    "ProductName": "디오스 LG전자 김치톡톡 K226AE121 (2022년형)",
    "ReviewScore": "1",
    "Syllable": "104",
    "Word": "30",
    "RDate": "20220714",
    "Aspects": [
      {
        "Aspect": "품질",
        "SentimentText": " 며칠 만에 물이 새고 제품 이상이 생겨 매우 화가 납니다.",
        "SentimentWord": "10",
        "SentimentPolarity": "-1"
      },
      {
        "Aspect": "가격",
        "SentimentText": "비싸게 산걸 생각하면 너무 화가 납니다",
        "SentimentWord": "6",
        "SentimentPolarity": "-1"
      }
    ]
  },
  {
    "Index": "27169",
    "RawText": "빅 세일 기간 파격 할인받아 저렴하게 구매해 너무 좋습니다. 설치 기사님도 친절하고 깔끔히 설치해 주셔서 부모님이 좋아하셨습니다. 성능이 최고인것같아 맘에드네요",
    "Source": "쇼핑몰",
    "Domain": "가전",
    "MainCategory": "주방가전",
    "ProductName": "디오스 LG전자 김치톡톡 K226AE121 (2022년형)",
    "ReviewScore": "5",
    "Syllable": "89",
    "Word": "20",
    "RDate": "20220301",
    "Aspects": [
      {
        "Aspect": "가격",
        "SentimentText": "빅 세일 기간 파격 할인받아 저렴하게 구매해 너무 좋습니다",
        "SentimentWord": "9",
        "SentimentPolarity": "1"
      },
      {
        "Aspect": "기능",
        "SentimentText": "성능이 최고인것같아 맘에드네요",
        "SentimentWord": "3",
        "SentimentPolarity": "1"
      }
    ]
  },
  {
    "Index": "27170",
    "RawText": "가격 대비 가성비 좋은 상품 구매해 좋습니다. 근데 디자인이 옛날 디자인이라서 좀 촌스러워요ㅋㅋ",
    "Source": "쇼핑몰",
    "Domain": "가전",
    "MainCategory": "주방가전",
    "ProductName": "디오스 LG전자 김치톡톡 K226AE121 (2022년형)",
    "ReviewScore": "5",
    "Syllable": "53",
    "Word": "13",
    "RDate": "20220520",
    "GeneralPolarity": "0",
    "Aspects": [
      {
        "Aspect": "가격",
        "SentimentText": "가격 대비 가성비 좋은 상품 구매해 좋습니다",
        "SentimentWord": "7",
        "SentimentPolarity": "1"
      },
      {
        "Aspect": "디자인",
        "SentimentText": "디자인이 옛날 디자인이라서 좀 촌스러워요ㅋㅋ",
        "SentimentWord": "5",
        "SentimentPolarity": "-1"
      }
    ]
  },
  {
    "Index": "27171",
    "RawText": "배송이 빨리와서 좋았습니다. 매장보다 가격이 저렴해서 아주 만족 스럽습니다. 제가 좋아하는 색깔이라 너무 좋았습니다.",
    "Source": "쇼핑몰",
    "Domain": "가전",
    "MainCategory": "주방가전",
    "ProductName": "디오스 LG전자 김치톡톡 K226AE121 (2022년형)",
    "ReviewScore": "5",
    "Syllable": "65",
    "Word": "14",
    "RDate": "20220605",
    "Aspects": [
      {
        "Aspect": "색상",
        "SentimentText": "제가 좋아하는 색깔이라 너무 좋았습니다.",
        "SentimentWord": "5",
        "SentimentPolarity": "1"
      },
      {
        "Aspect": "가격",
        "SentimentText": "매장보다 가격이 저렴해서 아주 만족스럽습니다.",
        "SentimentWord": "5",
        "SentimentPolarity": "1"
      }
    ]
  },
  {
    "Index": "27172",
    "RawText": "제가 구매 이후 가격이 많이 인하되어 기분이 좋지 않습니다. 디자인도 촌스러워 실망ㅠㅠ",
    "Source": "쇼핑몰",
    "Domain": "가전",
    "MainCategory": "주방가전",
    "ProductName": "디오스 LG전자 김치톡톡 K226AE121 (2022년형)",
    "ReviewScore": "4",
    "Syllable": "48",
    "Word": "12",
    "RDate": "20220310",
    "GeneralPolarity": "-1",
    "Aspects": [
      {
        "Aspect": "가격",
        "SentimentText": "제가 구매 이후 가격이 많이 인하되어 기분이 좋지 않습니다",
        "SentimentWord": "9",
        "SentimentPolarity": "-1"
      },
      {
        "Aspect": "디자인",
        "SentimentText": "디자인도 촌스러워 실망ㅠㅠ",
        "SentimentWord": "3",
        "SentimentPolarity": "-1"
      }
    ]
  },
  {
    "Index": "27173",
    "RawText": "부모님 선물해 드렸는데 용량 크다고 만족해하세요. 설치 기사님도 친절하셨다고 해서 기분이 좋습니다 사이즈가 커서 보기만해도 기분이 좋네요",
    "Source": "쇼핑몰",
    "Domain": "가전",
    "MainCategory": "주방가전",
    "ProductName": "디오스 LG전자 김치톡톡 K226AE121 (2022년형)",
    "ReviewScore": "4",
    "Syllable": "76",
    "Word": "17",
    "RDate": "20220524",
    "Aspects": [
      {
        "Aspect": "용량",
        "SentimentText": "용량 크다고 만족해하세요",
        "SentimentWord": "3",
        "SentimentPolarity": "1"
      },
      {
        "Aspect": "사이즈",
        "SentimentText": "사이즈가 커서 보기만해도 기분이 좋네요",
        "SentimentWord": "5",
        "SentimentPolarity": "1"
      }
    ]
  },
  {
    "Index": "27174",
    "RawText": "저렴한 가격에 구매해서 만족 합니다 . 설치 기사님도 친절하셔서 좋았던 것 같아요 용량이 커서 좋네요  ",
    "Source": "쇼핑몰",
    "Domain": "가전",
    "MainCategory": "주방가전",
    "ProductName": "디오스 LG전자 김치톡톡 K226AE121 (2022년형)",
    "ReviewScore": "5",
    "Syllable": "58",
    "Word": "15",
    "RDate": "20220629",
    "Aspects": [
      {
        "Aspect": "가격",
        "SentimentText": "저렴한 가격에 구매해서 만족 합니다",
        "SentimentWord": "5",
        "SentimentPolarity": "1"
      },
      {
        "Aspect": "용량",
        "SentimentText": "용량이 커서 좋네요",
        "SentimentWord": "3",
        "SentimentPolarity": "1"
      }
    ]
  },
  {
    "Index": "27175",
    "RawText": "선물했는데 빠른 배송 깔끔한 설치가 만족스럽습니다. 근데 소음이 있다고 해서 아쉬웠어요 깔끔한 디자인이 정말 마음에 드네요",
    "Source": "쇼핑몰",
    "Domain": "가전",
    "MainCategory": "주방가전",
    "ProductName": "디오스 LG전자 김치톡톡 K226AE121 (2022년형)",
    "ReviewScore": "5",
    "Syllable": "68",
    "Word": "16",
    "RDate": "20220619",
    "Aspects": [
      {
        "Aspect": "디자인",
        "SentimentText": "깔끔한 디자인이 정말 마음에 드네요",
        "SentimentWord": "5",
        "SentimentPolarity": "1"
      },
      {
        "Aspect": "소음",
        "SentimentText": "소음이 있다고 해서 아쉬웠어요 ",
        "SentimentWord": "4",
        "SentimentPolarity": "-1"
      }
    ]
  },
  {
    "Index": "27176",
    "RawText": "저렴한 가격에 구매해서 만족하고, 소비 전력도 1등급 이라서 아주 만족 합니다 . 상품 성능도 너무나 좋습니다",
    "Source": "쇼핑몰",
    "Domain": "가전",
    "MainCategory": "주방가전",
    "ProductName": "디오스 LG전자 김치톡톡 K226AE121 (2022년형)",
    "ReviewScore": "5",
    "Syllable": "61",
    "Word": "16",
    "RDate": "20220424",
    "GeneralPolarity": "1",
    "Aspects": [
      {
        "Aspect": "가격",
        "SentimentText": "저렴한 가격에 구매해서 만족하고,",
        "SentimentWord": "4",
        "SentimentPolarity": "1"
      },
      {
        "Aspect": "소비전력",
        "SentimentText": "소비 전력도 1등급 이라서 아주 만족 합니다  ",
        "SentimentWord": "7",
        "SentimentPolarity": "1"
      },
      {
        "Aspect": "기능",
        "SentimentText": "상품 성능도 너무나 좋습니다 ",
        "SentimentWord": "4",
        "SentimentPolarity": "1"
      }
    ]
  },
  {
    "Index": "27177",
    "RawText": "원래 넣으려고 했던 공간에 사이즈가 잘 맞아 아주 만족스럽습니다. 김치통은 커서 좋았습니다. 하지만 김치통이 좀 무거워서 사용하기 좀 불편합니다 ㅠㅠ",
    "Source": "쇼핑몰",
    "Domain": "가전",
    "MainCategory": "주방가전",
    "ProductName": "디오스 LG전자 김치톡톡 K226AE121 (2022년형)",
    "ReviewScore": "5",
    "Syllable": "83",
    "Word": "20",
    "RDate": "20220607",
    "GeneralPolarity": "0",
    "Aspects": [
      {
        "Aspect": "사이즈",
        "SentimentText": "사이즈가 잘 맞아 아주 만족스럽습니다.",
        "SentimentWord": "5",
        "SentimentPolarity": "1"
      },
      {
        "Aspect": "용량",
        "SentimentText": "김치통은 커서 좋았습니다.",
        "SentimentWord": "3",
        "SentimentPolarity": "-1"
      },
      {
        "Aspect": "무게",
        "SentimentText": "하지만 김치통이 좀 무거워서 사용하기 좀 불편합니다 ㅠㅠ",
        "SentimentWord": "8",
        "SentimentPolarity": "-1"
      }
    ]
  },
  {
    "Index": "27178",
    "RawText": "김치통이 생각보다 크고 무거워 사용하기 불편해요. 디자인도  좀 촌스러운 것 같아 실망입니다.  ",
    "Source": "쇼핑몰",
    "Domain": "가전",
    "MainCategory": "주방가전",
    "ProductName": "디오스 LG전자 김치톡톡 K226AE121 (2022년형)",
    "ReviewScore": "5",
    "Syllable": "54",
    "Word": "12",
    "RDate": "20220421",
    "GeneralPolarity": "-1",
    "Aspects": [
      {
        "Aspect": "무게",
        "SentimentText": "김치통이 생각보다 크고 무거워 사용하기 불편해요",
        "SentimentWord": "6",
        "SentimentPolarity": "-1"
      },
      {
        "Aspect": "디자인",
        "SentimentText": " 디자인도  좀 촌스러운 것 같아 실망입니다. ",
        "SentimentWord": "6",
        "SentimentPolarity": "-1"
      }
    ]
  },
  {
    "Index": "27179",
    "RawText": "가격도 합리적으로 잘 산 것 같아 기분이 좋아요. 배송 서비스  친절하게 설치되어 매우 만족합니다. 소비전력이 1등급이라 완전 굿이에요 ",
    "Source": "쇼핑몰",
    "Domain": "가전",
    "MainCategory": "주방가전",
    "ProductName": "디오스 LG전자 김치톡톡 K226AE121 (2022년형)",
    "ReviewScore": "5",
    "Syllable": "76",
    "Word": "18",
    "RDate": "20220405",
    "Aspects": [
      {
        "Aspect": "가격",
        "SentimentText": "가격도 합리적으로 잘 산 것 같아 기분이 좋아요. ",
        "SentimentWord": "8",
        "SentimentPolarity": "1"
      },
      {
        "Aspect": "소비전력",
        "SentimentText": "소비전력이 1등급이라 완전 굿이에요",
        "SentimentWord": "4",
        "SentimentPolarity": "1"
      }
    ]
  },
  {
    "Index": "27180",
    "RawText": "다소 늦은 배송 및 설치가 기분이 좋지 않네요ㅠㅠ 219리터라고 해서 샀는데 용량이 별로 안 커서 아쉽습니다. 사이즈가 작아서 실망스러워요 ",
    "Source": "쇼핑몰",
    "Domain": "가전",
    "MainCategory": "주방가전",
    "ProductName": "디오스 LG전자 김치톡톡 K226AE121 (2022년형)",
    "ReviewScore": "5",
    "Syllable": "78",
    "Word": "19",
    "RDate": "20220722",
    "Aspects": [
      {
        "Aspect": "사이즈",
        "SentimentText": "사이즈가 작아서 실망스러워요",
        "SentimentWord": "3",
        "SentimentPolarity": "-1"
      },
      {
        "Aspect": "용량",
        "SentimentText": "219리터라고 해서 샀는데 용량이 별로 안 커서 아쉽습니다.",
        "SentimentWord": "8",
        "SentimentPolarity": "-1"
      }
    ]
  },
  {
    "Index": "27181",
    "RawText": "가격도 합리적으로 잘 산 것 같아 기분이 좋아요^^ 구매 후 해피콜 주신다고 했는데 당일 전화 후 당일 설치 되 당황했네요  구매한 제품 표면의 스크래치를 확인하고는 너무 기분나빴어요. ",
    "Source": "쇼핑몰",
    "Domain": "가전",
    "MainCategory": "주방가전",
    "ProductName": "디오스 LG전자 김치톡톡 K226SS121 (2022년형)",
    "ReviewScore": "4",
    "Syllable": "104",
    "Word": "27",
    "RDate": "20220113",
    "Aspects": [
      {
        "Aspect": "가격",
        "SentimentText": "가격도 합리적으로 잘 산 것 같아 기분이 좋아요^^",
        "SentimentWord": "8",
        "SentimentPolarity": "1"
      },
      {
        "Aspect": "품질",
        "SentimentText": "구매한 제품 표면의 스크래치를 확인하고는 너무 기분나빴어요.",
        "SentimentWord": "7",
        "SentimentPolarity": "-1"
      }
    ]
  },
  {
    "Index": "27183",
    "RawText": "제조사에서  직배송 해 주셨고 기사님 친절한 설명 및 깔끔한 설치가 마음에 듭니다. 디자인이 세련되지 않고 촌스러운 감이 있는 것 같아 아쉽습니다 품질과 믿음의 ○○○. 믿고 쓰게 됩니다",
    "Source": "쇼핑몰",
    "Domain": "가전",
    "MainCategory": "주방가전",
    "ProductName": "디오스 LG전자 김치톡톡 K226SS121 (2022년형)",
    "ReviewScore": "5",
    "Syllable": "104",
    "Word": "27",
    "RDate": "20211209",
    "Aspects": [
      {
        "Aspect": "제조일/제조사",
        "SentimentText": "품질과 믿음의 ○○○. 믿고 쓰게 됩니다",
        "SentimentWord": "6",
        "SentimentPolarity": "1"
      },
      {
        "Aspect": "디자인",
        "SentimentText": " 디자인이 세련되지 않고 촌스러운 감이 있는 것 같아 아쉽습니다",
        "SentimentWord": "9",
        "SentimentPolarity": "-1"
      }
    ]
  },
  {
    "Index": "27184",
    "RawText": "매장보다 저렴하게 구입해서 너무 좋습니다. 생각보다 소리 큰 거 같아서 매우 거슬려요 ",
    "Source": "쇼핑몰",
    "Domain": "가전",
    "MainCategory": "주방가전",
    "ProductName": "디오스 LG전자 김치톡톡 K226SS121 (2022년형)",
    "ReviewScore": "5",
    "Syllable": "48",
    "Word": "12",
    "RDate": "20211230",
    "GeneralPolarity": "0",
    "Aspects": [
      {
        "Aspect": "가격",
        "SentimentText": "매장보다 저렴하게 구입해서 너무 좋습니다.",
        "SentimentWord": "5",
        "SentimentPolarity": "1"
      },
      {
        "Aspect": "소음",
        "SentimentText": "생각보다 소리 큰 거 같아서 매우 거슬려요",
        "SentimentWord": "7",
        "SentimentPolarity": "-1"
      }
    ]
  },
  {
    "Index": "27185",
    "RawText": "저희 집 위치 상 이동이 불편 한데 기사님들이 불평불만 없이 친절하게 설치해셔서 감동했습니다. 디자인도 깔끔해서 더욱 마음에 듭니다 . 저렴하게 구매해서 좋아요",
    "Source": "쇼핑몰",
    "Domain": "가전",
    "MainCategory": "주방가전",
    "ProductName": "디오스 LG전자 김치톡톡 K226SS121 (2022년형)",
    "ReviewScore": "5",
    "Syllable": "89",
    "Word": "22",
    "RDate": "20220616",
    "Aspects": [
      {
        "Aspect": "가격",
        "SentimentText": "저렴하게 구매해서 좋아요",
        "SentimentWord": "3",
        "SentimentPolarity": "1"
      },
      {
        "Aspect": "디자인",
        "SentimentText": "디자인도 깔끔해서 더욱 마음에 듭니다 . ",
        "SentimentWord": "6",
        "SentimentPolarity": "1"
      }
    ]
  },
  {
    "Index": "27186",
    "RawText": "김장철 이라서 배송 늦을 까봐 걱정 했는데 빠르게 배송 되어 좋습니다. 구성품에 있는 김치통이 참 좋네요 내부용량이 커서 맘에 들어요",
    "Source": "쇼핑몰",
    "Domain": "가전",
    "MainCategory": "주방가전",
    "ProductName": "디오스 LG전자 김치톡톡 K226SS121 (2022년형)",
    "ReviewScore": "5",
    "Syllable": "74",
    "Word": "20",
    "RDate": "20211228",
    "Aspects": [
      {
        "Aspect": "용량",
        "SentimentText": "내부용량이 커서 맘에 들어요",
        "SentimentWord": "4",
        "SentimentPolarity": "1"
      },
      {
        "Aspect": "제품구성",
        "SentimentText": "구성품에 있는 김치통이 참 좋네요 ",
        "SentimentWord": "5",
        "SentimentPolarity": "1"
      }
    ]
  },
  {
    "Index": "27187",
    "RawText": "디자인도 심플하고 깔끔해서 마음에 들어요.  구성품 김치통도 커서 너무 좋네요  ",
    "Source": "쇼핑몰",
    "Domain": "가전",
    "MainCategory": "주방가전",
    "ProductName": "디오스 LG전자 김치톡톡 K226SS121 (2022년형)",
    "ReviewScore": "5",
    "Syllable": "45",
    "Word": "10",
    "RDate": "20220216",
    "GeneralPolarity": "1",
    "Aspects": [
      {
        "Aspect": "디자인",
        "SentimentText": "디자인도 심플하고 깔끔해서 마음에 들어요.  ",
        "SentimentWord": "5",
        "SentimentPolarity": "1"
      },
      {
        "Aspect": "제품구성",
        "SentimentText": "구성품 김치통도 커서 너무 좋네요 ",
        "SentimentWord": "5",
        "SentimentPolarity": "1"
      }
    ]
  },
  {
    "Index": "27189",
    "RawText": "배송도 빨랐고 폐가전도 깔끔하게 처리해 주셔서 좋았습니다. 용량이 큰 줄 알았는데 생각보다 적은 것 같아 약간 실망입니다. 가격은 아주 저렴해서 좋았어요",
    "Source": "쇼핑몰",
    "Domain": "가전",
    "MainCategory": "주방가전",
    "ProductName": "디오스 LG전자 김치톡톡 K226SS121 (2022년형)",
    "ReviewScore": "5",
    "Syllable": "85",
    "Word": "21",
    "RDate": "20211222",
    "Aspects": [
      {
        "Aspect": "가격",
        "SentimentText": "가격은 아주 저렴해서 좋았어요",
        "SentimentWord": "4",
        "SentimentPolarity": "1"
      },
      {
        "Aspect": "용량",
        "SentimentText": "용량이 큰 줄 알았는데 생각보다 적은 것 같아 약간 실망입니다.",
        "SentimentWord": "10",
        "SentimentPolarity": "0"
      }
    ]
  },
  {
    "Index": "27190",
    "RawText": "부모님 선물 해 드렸는데 방문해 주신 기사님이 친절하셨다고 좋아 합니다. 근데 통속이 깊어서 김치 빼고 넣기가 좀 힘드시다고 하네요. 사이즈가 너무 커서 좋네요",
    "Source": "쇼핑몰",
    "Domain": "가전",
    "MainCategory": "주방가전",
    "ProductName": "디오스 LG전자 김치톡톡 K226SS121 (2022년형)",
    "ReviewScore": "5",
    "Syllable": "89",
    "Word": "23",
    "RDate": "20220825",
    "Aspects": [
      {
        "Aspect": "사이즈",
        "SentimentText": "사이즈가 너무 커서 좋네요",
        "SentimentWord": "4",
        "SentimentPolarity": "1"
      },
      {
        "Aspect": "편의성",
        "SentimentText": "통속이 깊어서 김치 빼고 넣기가 좀 힘드시다고 하네요.",
        "SentimentWord": "8",
        "SentimentPolarity": "-1"
      }
    ]
  },
  {
    "Index": "27191",
    "RawText": "배송도 빠르게 해주시고  폐가전까지 깔끔하게  처리 해 주셔서 만족 합니다. 메탈 재질 이라서 손자국이 잘 보여 좀 아쉽네요  디자인은 제 스타일이라 더욱 정이가요 ",
    "Source": "쇼핑몰",
    "Domain": "가전",
    "MainCategory": "주방가전",
    "ProductName": "디오스 LG전자 김치톡톡 K226SS121 (2022년형)",
    "ReviewScore": "5",
    "Syllable": "92",
    "Word": "23",
    "RDate": "20220129",
    "Aspects": [
      {
        "Aspect": "디자인",
        "SentimentText": "디자인은 제 스타일이라 더욱 정이가요",
        "SentimentWord": "5",
        "SentimentPolarity": "1"
      },
      {
        "Aspect": "소재",
        "SentimentText": "메탈 재질 이라서 손자국이 잘 보여 좀 아쉽네요 ",
        "SentimentWord": "8",
        "SentimentPolarity": "0"
      }
    ]
  },
  {
    "Index": "27192",
    "RawText": "기사님 친절하고 빠르게 배송 해  주셔서 좋았습니다. 디자인도 심플하고 이뻐 마음에 드네요 심플한 색상이 주방을 화사하게 돋보이게 하네요",
    "Source": "쇼핑몰",
    "Domain": "가전",
    "MainCategory": "주방가전",
    "ProductName": "디오스 LG전자 김치톡톡 K226SS121 (2022년형)",
    "ReviewScore": "5",
    "Syllable": "76",
    "Word": "18",
    "RDate": "20220214",
    "Aspects": [
      {
        "Aspect": "색상",
        "SentimentText": "심플한 색상이 주방을 화사하게 돋보이게 하네요",
        "SentimentWord": "6",
        "SentimentPolarity": "1"
      },
      {
        "Aspect": "디자인",
        "SentimentText": "디자인도 심플하고 이뻐 마음에 드네요 ",
        "SentimentWord": "5",
        "SentimentPolarity": "1"
      }
    ]
  },
  {
    "Index": "27193",
    "RawText": "우선 폐가전까지 처리해 주셔서 감사하고 배송도 빠르게 해주셔서 좋았습니다.어머니께서 소리가 좀 난다고 해서 신경 쓰입니다. 어머님 연세의 분이 사용하기에 어렵지 않아서 안심입니다.",
    "Source": "쇼핑몰",
    "Domain": "가전",
    "MainCategory": "주방가전",
    "ProductName": "디오스 LG전자 김치톡톡 K226SS121 (2022년형)",
    "ReviewScore": "5",
    "Syllable": "100",
    "Word": "22",
    "RDate": "20211118",
    "Aspects": [
      {
        "Aspect": "조작성",
        "SentimentText": "어머님 연세의 분이 사용하기에 어렵지 않아서 안심입니다.",
        "SentimentWord": "7",
        "SentimentPolarity": "1"
      },
      {
        "Aspect": "소음",
        "SentimentText": "어머니께서 소리가 좀 난다고 해서 신경 쓰입니다. ",
        "SentimentWord": "7",
        "SentimentPolarity": "-1"
      }
    ]
  },
  {
    "Index": "27194",
    "RawText": "빠른 배송도  친절한 기사님 응대가 기분좋게 했습니다. 허나 용량이 생각보다 크지 않아 실망 했습니다  소음이 거의 없어서 안심이에요 ",
    "Source": "쇼핑몰",
    "Domain": "가전",
    "MainCategory": "주방가전",
    "ProductName": "디오스 LG전자 김치톡톡 K226SS121 (2022년형)",
    "ReviewScore": "5",
    "Syllable": "75",
    "Word": "18",
    "RDate": "20220123",
    "Aspects": [
      {
        "Aspect": "소음",
        "SentimentText": "소음이 거의 없어서 안심이에요",
        "SentimentWord": "4",
        "SentimentPolarity": "1"
      },
      {
        "Aspect": "용량",
        "SentimentText": " 용량이 생각보다 크지 않아 실망 했습니다 ",
        "SentimentWord": "6",
        "SentimentPolarity": "-1"
      }
    ]
  },
  {
    "Index": "27195",
    "RawText": "빠른 배송 친절한 기사님도 만족하고, 용량도 커서 너무나 만족합니다. 조작법도 어렵지 않아 너무 좋네요",
    "Source": "쇼핑몰",
    "Domain": "가전",
    "MainCategory": "주방가전",
    "ProductName": "디오스 LG전자 김치톡톡 K226SS121 (2022년형)",
    "ReviewScore": "5",
    "Syllable": "57",
    "Word": "14",
    "RDate": "20220613",
    "Aspects": [
      {
        "Aspect": "용량",
        "SentimentText": "용량도 커서 너무나 만족합니다.",
        "SentimentWord": "4",
        "SentimentPolarity": "1"
      },
      {
        "Aspect": "조작성",
        "SentimentText": "조작법도 어렵지 않아 너무 좋네요 ",
        "SentimentWord": "5",
        "SentimentPolarity": "1"
      }
    ]
  },
  {
    "Index": "27196",
    "RawText": "컬러감이 심플하니 고급 져서 좋습니다.김치통도 기존 통 보다 단점을 보완해서 더 좋아요",
    "Source": "쇼핑몰",
    "Domain": "가전",
    "MainCategory": "주방가전",
    "ProductName": "디오스 LG전자 김치톡톡 K226SS121 (2022년형)",
    "ReviewScore": "5",
    "Syllable": "48",
    "Word": "12",
    "RDate": "20211118",
    "GeneralPolarity": "1",
    "Aspects": [
      {
        "Aspect": "색상",
        "SentimentText": "컬러감이 심플하니 고급 져서 좋습니다",
        "SentimentWord": "5",
        "SentimentPolarity": "1"
      },
      {
        "Aspect": "제품구성",
        "SentimentText": "김치통도 기존 통 보다 단점을 보완해서 더 좋아요",
        "SentimentWord": "8",
        "SentimentPolarity": "1"
      }
    ]
  },
  {
    "Index": "27197",
    "RawText": "제조사 기사님께서 너무나 친절 하시고 빠르게 배송해 주셔서 매우 좋았습니다. 상품 성능도 굿~ 전부 만족 합니다 표면을 장식하는 소재때문인지 때가 잘 타지않아서 청소하기 편하네요.",
    "Source": "쇼핑몰",
    "Domain": "가전",
    "MainCategory": "주방가전",
    "ProductName": "디오스 LG전자 김치톡톡 K226SS121 (2022년형)",
    "ReviewScore": "5",
    "Syllable": "100",
    "Word": "24",
    "RDate": "20211126",
    "Aspects": [
      {
        "Aspect": "소재",
        "SentimentText": "표면을 장식하는 소재때문인지 때가 잘 타지않아서 청소하기 편하네요.",
        "SentimentWord": "8",
        "SentimentPolarity": "1"
      },
      {
        "Aspect": "기능",
        "SentimentText": "상품 성능도 굿~ 전부 만족 합니다  ",
        "SentimentWord": "6",
        "SentimentPolarity": "1"
      }
    ]
  },
  {
    "Index": "27198",
    "RawText": "친정엄마가 기사님이 친절 하셨고 설명도 잘 해주셨다고 좋아 하셨습니다. 근데 엄마 말씀이 생각보다 용량이 작다고 하셔서 좀 아쉽네요 혼자서도 충분히 사용할수 있다고 하십니다.",
    "Source": "쇼핑몰",
    "Domain": "가전",
    "MainCategory": "주방가전",
    "ProductName": "디오스 LG전자 김치톡톡 K226SS121 (2022년형)",
    "ReviewScore": "5",
    "Syllable": "97",
    "Word": "23",
    "RDate": "20220608",
    "Aspects": [
      {
        "Aspect": "조작성",
        "SentimentText": "혼자서도 충분히 사용할수 있다고 하십니다.",
        "SentimentWord": "5",
        "SentimentPolarity": "1"
      },
      {
        "Aspect": "용량",
        "SentimentText": "용량이 작다고 하셔서 좀 아쉽네요 ",
        "SentimentWord": "5",
        "SentimentPolarity": "-1"
      }
    ]
  },
  {
    "Index": "27199",
    "RawText": "배송 서비스 빨랐고 친절하셔서 너무나 좋았습니다. 색상도 집에 있는 가전이랑 너무 잘 어울려 좋아요  소음이 있다고해서 걱정했는데 전혀 느껴지지 않아요.  ",
    "Source": "쇼핑몰",
    "Domain": "가전",
    "MainCategory": "주방가전",
    "ProductName": "디오스 LG전자 김치톡톡 K226SS121 (2022년형)",
    "ReviewScore": "5",
    "Syllable": "87",
    "Word": "20",
    "RDate": "20220122",
    "Aspects": [
      {
        "Aspect": "소음",
        "SentimentText": "소음이 있다고해서 걱정했는데 전혀 느껴지지 않아요.",
        "SentimentWord": "6",
        "SentimentPolarity": "1"
      },
      {
        "Aspect": "색상",
        "SentimentText": "색상도 집에 있는 가전이랑 너무 잘 어울려 좋아요 ",
        "SentimentWord": "8",
        "SentimentPolarity": "1"
      }
    ]
  },
  {
    "Index": "27200",
    "RawText": "냉장고 성능 너무 좋아 마음에 듭니다. 제조사 기사님께서 기능 설명도 꼼꼼히 해주시고 친절하셔서 매우 좋았습니다. 함께 챙겨준 추가 김치통 너무 감사해요. ",
    "Source": "쇼핑몰",
    "Domain": "가전",
    "MainCategory": "주방가전",
    "ProductName": "디오스 LG전자 김치톡톡 K226SS121 (2022년형)",
    "ReviewScore": "5",
    "Syllable": "87",
    "Word": "21",
    "RDate": "20211208",
    "Aspects": [
      {
        "Aspect": "기능",
        "SentimentText": "냉장고 성능 너무 좋아 마음에 듭니다. ",
        "SentimentWord": "6",
        "SentimentPolarity": "1"
      },
      {
        "Aspect": "제품구성",
        "SentimentText": "함께 챙겨준 추가 김치통 너무 감사해요.",
        "SentimentWord": "6",
        "SentimentPolarity": "1"
      }
    ]
  },
  {
    "Index": "27201",
    "RawText": "소음도 적어서 사용하기 넘 좋고요.  실버 컬러가 너무 고급스워서 만족 합니다. 배송도 빠르게 되어 더욱 좋았습니다",
    "Source": "쇼핑몰",
    "Domain": "가전",
    "MainCategory": "주방가전",
    "ProductName": "디오스 LG전자 김치톡톡 K226SS121 (2022년형)",
    "ReviewScore": "5",
    "Syllable": "64",
    "Word": "16",
    "RDate": "20220727",
    "Aspects": [
      {
        "Aspect": "소음",
        "SentimentText": "소음도 적어서 사용하기 넘 좋고요. ",
        "SentimentWord": "5",
        "SentimentPolarity": "1"
      },
      {
        "Aspect": "색상",
        "SentimentText": "실버 컬러가 너무 고급스워서 만족 합니다",
        "SentimentWord": "6",
        "SentimentPolarity": "1"
      }
    ]
  },
  {
    "Index": "27202",
    "RawText": "엄마가 ㅇㅇㅇ 가전을 좋아 하셔서 구매 했는데 만족 하시네요. 기사님도 친절 하셔서 더욱 좋아 하셨습니다 엄마가 원하는 디자인이라 특히나 좋아하세요",
    "Source": "쇼핑몰",
    "Domain": "가전",
    "MainCategory": "주방가전",
    "ProductName": "디오스 LG전자 김치톡톡 K226SS121 (2022년형)",
    "ReviewScore": "5",
    "Syllable": "82",
    "Word": "20",
    "RDate": "20211121",
    "Aspects": [
      {
        "Aspect": "제조일/제조사",
        "SentimentText": "엄마가 ㅇㅇㅇ 가전을 좋아 하셔서 구매 했는데 만족 하시네요",
        "SentimentWord": "9",
        "SentimentPolarity": "1"
      },
      {
        "Aspect": "디자인",
        "SentimentText": "엄마가 원하는 디자인이라 특히나 좋아하세요",
        "SentimentWord": "5",
        "SentimentPolarity": "1"
      }
    ]
  },
  {
    "Index": "27203",
    "RawText": "폐가전까지 처리해 주셔서 감사하고 배송도 빠르고 친절 하셔서 기분 좋았네요.재질상 메탈 소재 손자국이 잘 보여 그건 좀 불편해요 ㅠㅠ 저렴하게 구매해서 흡족합니다 ",
    "Source": "쇼핑몰",
    "Domain": "가전",
    "MainCategory": "주방가전",
    "ProductName": "디오스 LG전자 김치톡톡 K226SS121 (2022년형)",
    "ReviewScore": "5",
    "Syllable": "91",
    "Word": "22",
    "RDate": "20220723",
    "Aspects": [
      {
        "Aspect": "가격",
        "SentimentText": "저렴하게 구매해서 흡족합니다",
        "SentimentWord": "3",
        "SentimentPolarity": "1"
      },
      {
        "Aspect": "소재",
        "SentimentText": "재질상 메탈 소재 손자국이 잘 보여 그건 좀 불편해요 ㅠㅠ",
        "SentimentWord": "10",
        "SentimentPolarity": "-1"
      }
    ]
  },
  {
    "Index": "27204",
    "RawText": "어머니 선물로 사드렸는데 디자인 심플 하시다고 좋아 하셨고, 성능도 좋다고 만족해하셨습니다. 가격도 저렴하게 구입해서 저도 기분이 좋습니다",
    "Source": "쇼핑몰",
    "Domain": "가전",
    "MainCategory": "주방가전",
    "ProductName": "디오스 LG전자 김치톡톡 K226SS121 (2022년형)",
    "ReviewScore": "5",
    "Syllable": "77",
    "Word": "17",
    "RDate": "20220506",
    "GeneralPolarity": "1",
    "Aspects": [
      {
        "Aspect": "디자인",
        "SentimentText": "디자인 심플 하시다고 좋아 하셨고 ",
        "SentimentWord": "5",
        "SentimentPolarity": "1"
      },
      {
        "Aspect": "기능",
        "SentimentText": "성능도 좋다고 만족해하셨습니다",
        "SentimentWord": "3",
        "SentimentPolarity": "1"
      },
      {
        "Aspect": "가격",
        "SentimentText": "가격도 저렴하게 구입해서 저도 기분이 좋습니다 ",
        "SentimentWord": "6",
        "SentimentPolarity": "1"
      }
    ]
  },
  {
    "Index": "27205",
    "RawText": "선물했는데 빠른 배송 친철한 설치에  만족 하셨습니다. 좀 아쉬운 점은 소리가 난다고 해서 기분이 별로 좋지 않네요  소비효율등급도 1등급이라 좋습니다 ",
    "Source": "쇼핑몰",
    "Domain": "가전",
    "MainCategory": "주방가전",
    "ProductName": "디오스 LG전자 김치톡톡 K226SS121 (2022년형)",
    "ReviewScore": "5",
    "Syllable": "85",
    "Word": "20",
    "RDate": "20220623",
    "Aspects": [
      {
        "Aspect": "소비전력",
        "SentimentText": "소비효율등급도 1등급이라 좋습니다",
        "SentimentWord": "3",
        "SentimentPolarity": "1"
      },
      {
        "Aspect": "소음",
        "SentimentText": "아쉬운 점은 소리가 난다고 해서 기분이 별로 좋지 않네요 ",
        "SentimentWord": "9",
        "SentimentPolarity": "-1"
      }
    ]
  },
  {
    "Index": "27206",
    "RawText": "엄마가 배송해 주신 기사님들이 친절하셨다고 좋아 하시네요^^ 엄마가 사용 하기에는 용량이 좀 적다고 해서 아쉽습니다 추가 김치통까지 함께 보내주셔서 감사해요.",
    "Source": "쇼핑몰",
    "Domain": "가전",
    "MainCategory": "주방가전",
    "ProductName": "디오스 LG전자 김치톡톡 K226SS121 (2022년형)",
    "ReviewScore": "5",
    "Syllable": "88",
    "Word": "20",
    "RDate": "20220525",
    "Aspects": [
      {
        "Aspect": "제품구성",
        "SentimentText": "추가 김치통까지 함께 보내주셔서 감사해요.",
        "SentimentWord": "5",
        "SentimentPolarity": "1"
      },
      {
        "Aspect": "용량",
        "SentimentText": " 사용 하기에는 용량이 좀 적다고 해서 아쉽습니다 ",
        "SentimentWord": "7",
        "SentimentPolarity": "-1"
      }
    ]
  },
  {
    "Index": "27208",
    "RawText": "해피콜이 없어서 기분이 상했지만 빠르게 설치되어 좋았습니다. 용량이 큰 줄 알고 샀는데 별로 크지 않아 좀 실망 했습니다. 기대가 너무 컸나요? 설치후 사용해봤는데 품질은 soso하네요.",
    "Source": "쇼핑몰",
    "Domain": "가전",
    "MainCategory": "주방가전",
    "ProductName": "디오스 LG전자 김치톡톡 K226SS121 (2022년형)",
    "ReviewScore": "4",
    "Syllable": "104",
    "Word": "25",
    "RDate": "20220507",
    "Aspects": [
      {
        "Aspect": "품질",
        "SentimentText": "기대가 너무 컸나요? 설치후 사용해봤는데 품질은 soso하네요.",
        "SentimentWord": "7",
        "SentimentPolarity": "0"
      },
      {
        "Aspect": "용량",
        "SentimentText": "용량이 큰 줄 알고 샀는데 별로 크지 않아 좀 실망 했습니다. ",
        "SentimentWord": "11",
        "SentimentPolarity": "-1"
      }
    ]
  },
  {
    "Index": "27210",
    "RawText": "구매 후 5일 만에 설치가 되었고 기사님이 친절 하셔서 좋았습니다. 제품 성능은 너무 좋아 아주 만족 스럽습니다 한눈에 반한 디자인이에요",
    "Source": "쇼핑몰",
    "Domain": "가전",
    "MainCategory": "주방가전",
    "ProductName": "디오스 LG전자 김치톡톡 K226SS121 (2022년형)",
    "ReviewScore": "5",
    "Syllable": "76",
    "Word": "20",
    "RDate": "20220126",
    "Aspects": [
      {
        "Aspect": "디자인",
        "SentimentText": "한눈에 반한 디자인이에요",
        "SentimentWord": "3",
        "SentimentPolarity": "1"
      },
      {
        "Aspect": "기능",
        "SentimentText": " 제품 성능은 너무 좋아 아주 만족 스럽습니다 ",
        "SentimentWord": "7",
        "SentimentPolarity": "1"
      }
    ]
  },
  {
    "Index": "27211",
    "RawText": "컬러감이 너무나 고급 스러워서 만족 합니다.  다소 배송은 늦어지만 김장철 이라서 이해하고 넘어 갑니다. 설치후 처음에는 약간 버벅거려 불안했는데 이제는 잘 작동해요",
    "Source": "쇼핑몰",
    "Domain": "가전",
    "MainCategory": "주방가전",
    "ProductName": "디오스 LG전자 김치톡톡 K226SS121 (2022년형)",
    "ReviewScore": "5",
    "Syllable": "92",
    "Word": "22",
    "RDate": "20211119",
    "Aspects": [
      {
        "Aspect": "색상",
        "SentimentText": "컬러감이 너무나 고급 스러워서 만족 합니다. ",
        "SentimentWord": "6",
        "SentimentPolarity": "1"
      },
      {
        "Aspect": "기능",
        "SentimentText": "설치후 처음에는 약간 버벅거려 불안했는데 이제는 잘 작동해요",
        "SentimentWord": "8",
        "SentimentPolarity": "0"
      }
    ]
  },
  {
    "Index": "27212",
    "RawText": "배송이 늦다고 해서 걱정했는데 생각보다 빨리 와서 좋았습니다. 소음이 약간 발생되어 신경쓰이는 편입니다.  저렴한 가격에 구매했습니다. ",
    "Source": "쇼핑몰",
    "Domain": "가전",
    "MainCategory": "주방가전",
    "ProductName": "디오스 LG전자 김치톡톡 K226SS121 (2022년형)",
    "ReviewScore": "5",
    "Syllable": "76",
    "Word": "16",
    "RDate": "20211212",
    "Aspects": [
      {
        "Aspect": "가격",
        "SentimentText": "저렴한 가격에 구매했습니다.",
        "SentimentWord": "3",
        "SentimentPolarity": "1"
      },
      {
        "Aspect": "소음",
        "SentimentText": "소음이 약간 발생되어 신경쓰이는 편입니다. ",
        "SentimentWord": "5",
        "SentimentPolarity": "-1"
      }
    ]
  },
  {
    "Index": "27213",
    "RawText": "ㅇㅇㅇ 상품 믿고 사용 하는 제품이라서 만족 합니다 . 배송해 주신 기사님들께서 친절 하시고 일 처리도 빨라서 좋았습니다 설치후 사용하는데 소음도 전혀 없고 잘 작동하네요",
    "Source": "쇼핑몰",
    "Domain": "가전",
    "MainCategory": "주방가전",
    "ProductName": "디오스 LG전자 김치톡톡 K226SS121 (2022년형)",
    "ReviewScore": "5",
    "Syllable": "95",
    "Word": "25",
    "RDate": "20220423",
    "Aspects": [
      {
        "Aspect": "제조일/제조사",
        "SentimentText": "ㅇㅇㅇ 상품 믿고 사용 하는 제품이라서 만족 합니다 ",
        "SentimentWord": "8",
        "SentimentPolarity": "1"
      },
      {
        "Aspect": "소음",
        "SentimentText": "설치후 사용하는데 소음도 전혀 없고 잘 작동하네요",
        "SentimentWord": "7",
        "SentimentPolarity": "1"
      }
    ]
  },
  {
    "Index": "27214",
    "RawText": "배송 소요 기간은 5일 정도 되었지만 기사님이 친절하게 설명까지 해주셔서 너무나 좋았습니다.  심플한 디자인이 너무 좋아요 소비효율등급도 1등급으로 구매해서 좋아요",
    "Source": "쇼핑몰",
    "Domain": "가전",
    "MainCategory": "주방가전",
    "ProductName": "디오스 LG전자 김치톡톡 K226SS121 (2022년형)",
    "ReviewScore": "5",
    "Syllable": "91",
    "Word": "20",
    "RDate": "20220713",
    "Aspects": [
      {
        "Aspect": "소비전력",
        "SentimentText": "소비효율등급도 1등급으로 구매해서 좋아요",
        "SentimentWord": "4",
        "SentimentPolarity": "1"
      },
      {
        "Aspect": "디자인",
        "SentimentText": " 심플한 디자인이 너무 좋아요 ",
        "SentimentWord": "4",
        "SentimentPolarity": "1"
      }
    ]
  },
  {
    "Index": "27216",
    "RawText": "부모님댁에 배송되었는데 엄청 친절하게 응대해 주셔서 다고 너무나 좋아하세요. 어머니가 조작법이 아직 익숙지 않아 좀 불편해 하시네요 사이즈가 커서 그런가 특히나 마음에 들어하시네요",
    "Source": "쇼핑몰",
    "Domain": "가전",
    "MainCategory": "주방가전",
    "ProductName": "디오스 LG전자 김치톡톡 K331W141 (2022년형)",
    "ReviewScore": "5",
    "Syllable": "100",
    "Word": "23",
    "RDate": "20220123",
    "Aspects": [
      {
        "Aspect": "사이즈",
        "SentimentText": "사이즈가 커서 그런가 특히나 마음에 들어하시네요",
        "SentimentWord": "6",
        "SentimentPolarity": "1"
      },
      {
        "Aspect": "조작성",
        "SentimentText": "조작법이 아직 익숙지 않아 좀 불편해하시네요",
        "SentimentWord": "6",
        "SentimentPolarity": "0"
      }
    ]
  },
  {
    "Index": "27217",
    "RawText": "빠르게 배송 설치 및 구매 확정까지 처리가 되어 매우 만족 합니다. 표기된 사이즈보다 살짝 오차가 있어 위치 선정이 힘들었습니다 용량이 엄청 커서 김치보관에 편리해요",
    "Source": "쇼핑몰",
    "Domain": "가전",
    "MainCategory": "주방가전",
    "ProductName": "디오스 LG전자 김치톡톡 K331W141 (2022년형)",
    "ReviewScore": "5",
    "Syllable": "92",
    "Word": "24",
    "RDate": "20220724",
    "Aspects": [
      {
        "Aspect": "용량",
        "SentimentText": "용량이 엄청 커서 김치보관에 편리해요",
        "SentimentWord": "5",
        "SentimentPolarity": "1"
      },
      {
        "Aspect": "사이즈",
        "SentimentText": "표기된 사이즈보다 살짝 오차가 있어 위치 선정이 힘들었습니다",
        "SentimentWord": "8",
        "SentimentPolarity": "0"
      }
    ]
  },
  {
    "Index": "27218",
    "RawText": "구매 후 이틀 만에 설치가 빠르게 와서 완전 마음에 들어요. ^^ 뚜껑 형만 쓰다가 스탠드형으로 바꾸니 너무 편해 좋습니다. 설치후에 사용하는데 소음도 생각보다 적어서 좋네요",
    "Source": "쇼핑몰",
    "Domain": "가전",
    "MainCategory": "주방가전",
    "ProductName": "디오스 LG전자 김치톡톡 K331W141 (2022년형)",
    "ReviewScore": "5",
    "Syllable": "97",
    "Word": "25",
    "RDate": "20220219",
    "Aspects": [
      {
        "Aspect": "소음",
        "SentimentText": "설치후에 사용하는데 소음도 생각보다 적어서 좋네요",
        "SentimentWord": "6",
        "SentimentPolarity": "1"
      },
      {
        "Aspect": "편의성",
        "SentimentText": " 뚜껑 형만 쓰다가 스탠드형으로 바꾸니 너무 편해 좋습니다.",
        "SentimentWord": "8",
        "SentimentPolarity": "1"
      }
    ]
  },
  {
    "Index": "27219",
    "RawText": "제가 생각한 대로 디자인이 너무 이쁘고 깔끔해서 마음에 들어요. 설치 기사님 시간도 잘 지켜 주시고 친절하셔서 더욱 만족했습니다 작동법도 쉬워서 편하네요",
    "Source": "쇼핑몰",
    "Domain": "가전",
    "MainCategory": "주방가전",
    "ProductName": "디오스 LG전자 김치톡톡 K331W141 (2022년형)",
    "ReviewScore": "5",
    "Syllable": "85",
    "Word": "21",
    "RDate": "20220521",
    "Aspects": [
      {
        "Aspect": "디자인",
        "SentimentText": "제가 생각한 대로 디자인이 너무 이쁘고 깔끔해서 마음에 들어요",
        "SentimentWord": "9",
        "SentimentPolarity": "1"
      },
      {
        "Aspect": "조작성",
        "SentimentText": "작동법도 쉬워서 편하네요",
        "SentimentWord": "3",
        "SentimentPolarity": "1"
      }
    ]
  },
  {
    "Index": "27220",
    "RawText": "집에 있는 가전 제품들과 색이  잘 어울려 너무 좋아요. 냉장고 용량도 쓰기 딱 좋아 너무 잘 산 것 같아요 . 기능도 다양해  너무나 만족 스럽습니다",
    "Source": "쇼핑몰",
    "Domain": "가전",
    "MainCategory": "주방가전",
    "ProductName": "디오스 LG전자 김치톡톡 K331W141 (2022년형)",
    "ReviewScore": "5",
    "Syllable": "84",
    "Word": "25",
    "RDate": "20220116",
    "GeneralPolarity": "1",
    "Aspects": [
      {
        "Aspect": "색상",
        "SentimentText": "집에 있는 가전 제품들과 색이  잘 어울려 너무 좋아요 ",
        "SentimentWord": "9",
        "SentimentPolarity": "1"
      },
      {
        "Aspect": "용량",
        "SentimentText": "냉장고 용량도 쓰기 딱 좋아 너무 잘 산것 같아요 ",
        "SentimentWord": "9",
        "SentimentPolarity": "1"
      },
      {
        "Aspect": "기능",
        "SentimentText": "기능도 다양해  너무나 만족 스럽습니다 ",
        "SentimentWord": "5",
        "SentimentPolarity": "1"
      }
    ]
  },
  {
    "Index": "27221",
    "RawText": "기존 사용하던 냉장고와 사이즈가 동일해 너무나 다행 입니다.  여러가지 기능이 있어 너무 좋아요 소음도 크지 않고 적어서 사용하기 베리베리 굿입니다",
    "Source": "쇼핑몰",
    "Domain": "가전",
    "MainCategory": "주방가전",
    "ProductName": "디오스 LG전자 김치톡톡 K331W141 (2022년형)",
    "ReviewScore": "5",
    "Syllable": "82",
    "Word": "20",
    "RDate": "20211122",
    "GeneralPolarity": "1",
    "Aspects": [
      {
        "Aspect": "사이즈",
        "SentimentText": "기존 사용하던 냉장고와 사이즈가 동일해 너무나 다행 입니다",
        "SentimentWord": "8",
        "SentimentPolarity": "1"
      },
      {
        "Aspect": "기능",
        "SentimentText": "여러가지 기능이 있어 너무 좋아요",
        "SentimentWord": "5",
        "SentimentPolarity": "1"
      },
      {
        "Aspect": "소음",
        "SentimentText": "소음도 크지 않고 적어서 사용하기 베리베리 굿입니다",
        "SentimentWord": "7",
        "SentimentPolarity": "1"
      }
    ]
  },
  {
    "Index": "27222",
    "RawText": "해피콜과 달리 배송이 빨리 되어 너무나 좋았습니다.^^ 스탠드형이라서 그런지 용량이 그렇게 크지 않은 것 같아서 아쉬워요ㅠㅜ 급하게 사서 가격이 비쌀까 걱정했는데 생각보다 저렴해서 안심이에요",
    "Source": "쇼핑몰",
    "Domain": "가전",
    "MainCategory": "주방가전",
    "ProductName": "디오스 LG전자 김치톡톡 K331W141 (2022년형)",
    "ReviewScore": "5",
    "Syllable": "106",
    "Word": "24",
    "RDate": "20220603",
    "Aspects": [
      {
        "Aspect": "가격",
        "SentimentText": "급하게 사서 가격이 비쌀까 걱정했는데 생각보다 저렴해서 안심이에요",
        "SentimentWord": "8",
        "SentimentPolarity": "1"
      },
      {
        "Aspect": "용량",
        "SentimentText": "스탠드형이라서 그런지 용량이 그렇게 크지 않은 것 같아서 아쉬워요ㅠㅜ",
        "SentimentWord": "9",
        "SentimentPolarity": "-1"
      }
    ]
  },
  {
    "Index": "27223",
    "RawText": "뚜껑형 쓰다가 스탠드형으로 변경하니 허리가 안 아파 너무 좋습니다.용량은 뚜껑형 보다 적어서 그건 좀 아쉽네요  ",
    "Source": "쇼핑몰",
    "Domain": "가전",
    "MainCategory": "주방가전",
    "ProductName": "디오스 LG전자 김치톡톡 K331W141 (2022년형)",
    "ReviewScore": "5",
    "Syllable": "63",
    "Word": "15",
    "RDate": "20220607",
    "GeneralPolarity": "0",
    "Aspects": [
      {
        "Aspect": "편의성",
        "SentimentText": "뚜껑형 쓰다가 스탠드형으로 변경하니 허리가 안 아파 너무 좋습니다.",
        "SentimentWord": "9",
        "SentimentPolarity": "1"
      },
      {
        "Aspect": "용량",
        "SentimentText": "용량은 뚜껑형 보다 적어서 그건 좀 아쉽네요 ",
        "SentimentWord": "7",
        "SentimentPolarity": "0"
      }
    ]
  },
  {
    "Index": "27224",
    "RawText": "구매 후 2일 만에 배송와서 너무 놀랐고 좋았습니다.매장보다 저렴한 가격에 구입해서 너무 만족 합니다. 추천해요 원하는 색으로 구매하게되어 좋네요",
    "Source": "쇼핑몰",
    "Domain": "가전",
    "MainCategory": "주방가전",
    "ProductName": "디오스 LG전자 김치톡톡 K331W141 (2022년형)",
    "ReviewScore": "5",
    "Syllable": "81",
    "Word": "19",
    "RDate": "20220109",
    "Aspects": [
      {
        "Aspect": "색상",
        "SentimentText": "원하는 색으로 구매하게되어 좋네요",
        "SentimentWord": "4",
        "SentimentPolarity": "1"
      },
      {
        "Aspect": "가격",
        "SentimentText": "매장보다 저렴한 가격에 구입해서 너무 만족 합니다. 추천해요",
        "SentimentWord": "8",
        "SentimentPolarity": "1"
      }
    ]
  }
]