[
  {
    "Index": "30748",
    "RawText": "내부가 생각보다는 넓어서 사용하기 유용합니다. 하지만 색상이 너무 블랙이라서 어두침침해 보여 그게 좀 아쉽네요",
    "Source": "쇼핑몰",
    "Domain": "가전",
    "MainCategory": "주방가전",
    "ProductName": "SK매직 MWO-M8A02",
    "ReviewScore": "5",
    "Syllable": "61",
    "Word": "14",
    "RDate": "20220805",
    "GeneralPolarity": "0",
    "Aspects": [
      {
        "Aspect": "용량",
        "SentimentText": "내부가 생각보다는 넓어서 사용하기 유용합니다.",
        "SentimentWord": "5",
        "SentimentPolarity": "1"
      },
      {
        "Aspect": "색상",
        "SentimentText": "하지만 색상이 너무 블랙이라서 어두침침해 보여 그게 좀 아쉽네요 ",
        "SentimentWord": "9",
        "SentimentPolarity": "-1"
      }
    ]
  },
  {
    "Index": "30749",
    "RawText": "다이얼식 사용하니 마음대로 시간 조절을 할 수 없어 엄청나게 불편합니다. 생각보다 20리터 사이즈가 엄청나게 작아 인스턴트 밥두 개가한 번에 안 돌아 가요",
    "Source": "쇼핑몰",
    "Domain": "가전",
    "MainCategory": "주방가전",
    "ProductName": "SK매직 MWO-M8A02",
    "ReviewScore": "4",
    "Syllable": "86",
    "Word": "22",
    "RDate": "20210914",
    "Aspects": [
      {
        "Aspect": "조작성",
        "SentimentText": "다이얼식 사용하니 마음대로 시간 조절을 할 수 없어 엄청나게 불편합니다. ",
        "SentimentWord": "10",
        "SentimentPolarity": "-1"
      },
      {
        "Aspect": "용량",
        "SentimentText": "20리터 사이즈가 엄청나게 작아 인스턴트 밥두 개가 한 번에 안 돌아 가요",
        "SentimentWord": "12",
        "SentimentPolarity": "-1"
      }
    ]
  },
  {
    "Index": "30750",
    "RawText": "전자레인지 무게가 생각보다는 무겁네요.. 내구성이 튼튼해 보여서 오래 쓸 것 같아요.그런데 소리는 좀 큰 편 같아서 별로입니다",
    "Source": "쇼핑몰",
    "Domain": "가전",
    "MainCategory": "주방가전",
    "ProductName": "SK매직 MWO-M8A02",
    "ReviewScore": "4",
    "Syllable": "70",
    "Word": "17",
    "RDate": "20220523",
    "GeneralPolarity": "0",
    "Aspects": [
      {
        "Aspect": "무게",
        "SentimentText": "전자레인지 무게가 생각보다는 무겁네요.. ",
        "SentimentWord": "4",
        "SentimentPolarity": "-1"
      },
      {
        "Aspect": "내구성",
        "SentimentText": "내구성이 튼튼해 보여서 오래 쓸 것 같아요. ",
        "SentimentWord": "7",
        "SentimentPolarity": "1"
      },
      {
        "Aspect": "소음",
        "SentimentText": "그런데 소리는 좀 큰 편 같아서 별로입니다 ",
        "SentimentWord": "7",
        "SentimentPolarity": "-1"
      }
    ]
  },
  {
    "Index": "30751",
    "RawText": "생각 외로 사이즈 작아 큰 그릇이 들어가지 않아 불편해요. 그뿐만 아니라 회전 링 위에 유리 판이 자꾸만 밀려 사용하기 매우 불편하네요",
    "Source": "쇼핑몰",
    "Domain": "가전",
    "MainCategory": "주방가전",
    "ProductName": "SK매직 MWO-M8A02",
    "ReviewScore": "4",
    "Syllable": "75",
    "Word": "21",
    "RDate": "20220322",
    "GeneralPolarity": "-1",
    "Aspects": [
      {
        "Aspect": "용량",
        "SentimentText": "생각 외로 사이즈 작아 큰 그릇이 들어가지 않아 불편해요.",
        "SentimentWord": "9",
        "SentimentPolarity": "-1"
      },
      {
        "Aspect": "품질",
        "SentimentText": " 그뿐만 아니라 회전 링 위에 유리 판이 자꾸만 밀려 사용하기 매우 불편하네요",
        "SentimentWord": "12",
        "SentimentPolarity": "-1"
      }
    ]
  },
  {
    "Index": "30753",
    "RawText": "성능도 높아서 사용하기 딱 좋아요. 저렴한 가격에 가성비까지 좋네요. 내부 조명이 좀 어두워  밤에 사용하기에는 좀 불편한 감이 있어요",
    "Source": "쇼핑몰",
    "Domain": "가전",
    "MainCategory": "주방가전",
    "ProductName": "SK매직 MWO-M8A02",
    "ReviewScore": "4",
    "Syllable": "75",
    "Word": "19",
    "RDate": "20210905",
    "GeneralPolarity": "0",
    "Aspects": [
      {
        "Aspect": "기능",
        "SentimentText": "성능도 높아서 사용하기 딱 좋아요",
        "SentimentWord": "5",
        "SentimentPolarity": "1"
      },
      {
        "Aspect": "가격",
        "SentimentText": "저렴한 가격에 가성비까지 좋네요",
        "SentimentWord": "4",
        "SentimentPolarity": "1"
      },
      {
        "Aspect": "편의성",
        "SentimentText": "내부 조명이 좀 어두워  밤에 사용하기에는 좀 불편한 감이 있어요 ",
        "SentimentWord": "10",
        "SentimentPolarity": "-1"
      }
    ]
  },
  {
    "Index": "30754",
    "RawText": "딱 필요한 기능만 있어 좋습니다. 5만원대 가격에 이런 전자레인지를 살 수 있다는데 너무 좋습니다.",
    "Source": "쇼핑몰",
    "Domain": "가전",
    "MainCategory": "주방가전",
    "ProductName": "SK매직 MWO-M8A02",
    "ReviewScore": "5",
    "Syllable": "55",
    "Word": "14",
    "RDate": "20210821",
    "GeneralPolarity": "1",
    "Aspects": [
      {
        "Aspect": "기능",
        "SentimentText": "딱 필요한 기능만 있어 좋습니다. ",
        "SentimentWord": "5",
        "SentimentPolarity": "1"
      },
      {
        "Aspect": "가격",
        "SentimentText": "5만원대 가격에 이런 전자레인지를 살 수 있다는데 너무 좋습니다.",
        "SentimentWord": "9",
        "SentimentPolarity": "1"
      }
    ]
  },
  {
    "Index": "30755",
    "RawText": "사무실에서 도시락 등 데워 먹으려고 샀는데 용량이 딱 적당해서 좋습니다. 디자인도 튀지 않고 무난해서 회사용으로 적당합니다,",
    "Source": "쇼핑몰",
    "Domain": "가전",
    "MainCategory": "주방가전",
    "ProductName": "SK매직 MWO-M8A02",
    "ReviewScore": "5",
    "Syllable": "69",
    "Word": "16",
    "RDate": "20200722",
    "GeneralPolarity": "1",
    "Aspects": [
      {
        "Aspect": "용량",
        "SentimentText": "사무실에서 도시락 등 데워 먹으려고 샀는데 용량이 딱 적당해서 좋습니다",
        "SentimentWord": "10",
        "SentimentPolarity": "1"
      },
      {
        "Aspect": "디자인",
        "SentimentText": "디자인도 튀지 않고 무난해서 회사용으로 적당합니다,",
        "SentimentWord": "6",
        "SentimentPolarity": "1"
      }
    ]
  },
  {
    "Index": "30757",
    "RawText": "지방에 계시는 엄마 집에 필요해 구매해 드렸는데. 가격까지 착해 부담이 없었습니다. 디자인도 무난한 스타일이라서 엄마가 마음에 들어 하십니다.",
    "Source": "쇼핑몰",
    "Domain": "가전",
    "MainCategory": "주방가전",
    "ProductName": "SK매직 MWO-M8A02",
    "ReviewScore": "5",
    "Syllable": "79",
    "Word": "18",
    "RDate": "20220302",
    "GeneralPolarity": "1",
    "Aspects": [
      {
        "Aspect": "가격",
        "SentimentText": " 가격까지 착해 부담이 없었습니다",
        "SentimentWord": "4",
        "SentimentPolarity": "1"
      },
      {
        "Aspect": "디자인",
        "SentimentText": "디자인도 무난한 스타일이라서 엄마가 마음에 들어 하십니다.",
        "SentimentWord": "7",
        "SentimentPolarity": "1"
      }
    ]
  },
  {
    "Index": "30758",
    "RawText": "선물해 드렸는데 가격대가 저렴해 선물하는 저도 부담이 없었습니다. 받으시는 분이 나이가 좀 있는데  조작법도 간편해 사용하기 쉽다고 하시네요.",
    "Source": "쇼핑몰",
    "Domain": "가전",
    "MainCategory": "주방가전",
    "ProductName": "SK매직 MWO-M8A02",
    "ReviewScore": "5",
    "Syllable": "79",
    "Word": "18",
    "RDate": "20200711",
    "GeneralPolarity": "1",
    "Aspects": [
      {
        "Aspect": "가격",
        "SentimentText": "선물해 드렸는데 가격대가 저렴해 선물하는 저도 부담이 없었습니다.",
        "SentimentWord": "8",
        "SentimentPolarity": "1"
      },
      {
        "Aspect": "조작성",
        "SentimentText": " 받으시는 분이 나이가 좀 있는데  조작법도 간편해 사용하기 쉽다고 하시네요. ",
        "SentimentWord": "10",
        "SentimentPolarity": "1"
      }
    ]
  },
  {
    "Index": "30761",
    "RawText": "저렴한 가격에 실용적이라 잘 구매했어요 만족스러워요 소음이 굉장히 좀 나는 편입니다. 시끄러워요.",
    "Source": "쇼핑몰",
    "Domain": "가전",
    "MainCategory": "주방가전",
    "ProductName": "SK매직 MWO-M8A02",
    "ReviewScore": "5",
    "Syllable": "54",
    "Word": "12",
    "RDate": "20220224",
    "GeneralPolarity": "0",
    "Aspects": [
      {
        "Aspect": "가격",
        "SentimentText": "저렴한 가격에 실용적이라 잘 구매했어요 만족스러워요",
        "SentimentWord": "6",
        "SentimentPolarity": "1"
      },
      {
        "Aspect": "소음",
        "SentimentText": "소음이 굉장히 좀 나는 편입니다. 시끄러워요.",
        "SentimentWord": "6",
        "SentimentPolarity": "-1"
      }
    ]
  },
  {
    "Index": "30762",
    "RawText": "다이얼이라 사용하기 간단해서 아버님도 잘 쓰시네요 만족해요. 가격대비 완전 최고의 제품이네요 좋아요",
    "Source": "쇼핑몰",
    "Domain": "가전",
    "MainCategory": "주방가전",
    "ProductName": "SK매직 MWO-M8A02",
    "ReviewScore": "5",
    "Syllable": "55",
    "Word": "12",
    "RDate": "20210731",
    "GeneralPolarity": "1",
    "Aspects": [
      {
        "Aspect": "편의성",
        "SentimentText": "다이얼이라 사용하기 간단해서 아버님도 잘 쓰시네요 만족해요",
        "SentimentWord": "7",
        "SentimentPolarity": "1"
      },
      {
        "Aspect": "가격",
        "SentimentText": "가격대비 완전 최고의 제품이네요 좋아요",
        "SentimentWord": "5",
        "SentimentPolarity": "1"
      }
    ]
  },
  {
    "Index": "30763",
    "RawText": "저렴한 금액에 좋은 제품 사서 넘 좋아요! 제일 기본적인 기능을 단순하게 시용 가능해서 좋아요",
    "Source": "쇼핑몰",
    "Domain": "가전",
    "MainCategory": "주방가전",
    "ProductName": "SK매직 MWO-M8A02",
    "ReviewScore": "5",
    "Syllable": "52",
    "Word": "14",
    "RDate": "20200805",
    "GeneralPolarity": "1",
    "Aspects": [
      {
        "Aspect": "가격",
        "SentimentText": "저렴한 금액에 좋은 제품 사서 넘 좋아요!",
        "SentimentWord": "7",
        "SentimentPolarity": "1"
      },
      {
        "Aspect": "기능",
        "SentimentText": "제일 기본적인 기능을 단순하게 시용 가능해서 좋아요",
        "SentimentWord": "7",
        "SentimentPolarity": "1"
      }
    ]
  },
  {
    "Index": "30764",
    "RawText": "디자인 너무 이쁘고 마음에 들어요 그런데 내부가 너무 좁아서 작은 그릇만 사용할 수 있어 아쉽습니다 ㅠ",
    "Source": "쇼핑몰",
    "Domain": "가전",
    "MainCategory": "주방가전",
    "ProductName": "SK매직 MWO-M8A02",
    "ReviewScore": "5",
    "Syllable": "57",
    "Word": "16",
    "RDate": "20220712",
    "GeneralPolarity": "0",
    "Aspects": [
      {
        "Aspect": "디자인",
        "SentimentText": "디자인 너무 이쁘고 마음에 들어요",
        "SentimentWord": "5",
        "SentimentPolarity": "1"
      },
      {
        "Aspect": "용량",
        "SentimentText": "내부가 너무 좁아서 작은 그릇만 사용할 수 있어 아쉽습니다 ㅠ",
        "SentimentWord": "10",
        "SentimentPolarity": "-1"
      }
    ]
  },
  {
    "Index": "30766",
    "RawText": "다이얼 인쇄가 덜 된건지 너무 안보여서 불편해요. 색상은 블랙이라 세련되고 고급져보여 좋습니다",
    "Source": "쇼핑몰",
    "Domain": "가전",
    "MainCategory": "주방가전",
    "ProductName": "SK매직 MWO-M8A02",
    "ReviewScore": "5",
    "Syllable": "52",
    "Word": "12",
    "RDate": "20210811",
    "GeneralPolarity": "0",
    "Aspects": [
      {
        "Aspect": "품질",
        "SentimentText": "다이얼 인쇄가 덜 된건지 너무 안보여서 불편해요.",
        "SentimentWord": "7",
        "SentimentPolarity": "-1"
      },
      {
        "Aspect": "색상",
        "SentimentText": "색상은 블랙이라 세련되고 고급져보여 좋습니다",
        "SentimentWord": "5",
        "SentimentPolarity": "1"
      }
    ]
  },
  {
    "Index": "30767",
    "RawText": "다이얼 숫자가 너무 작아서 보기 불편합니다;; 디자인은 예쁘고 세련되서 마음에 듭니다.",
    "Source": "쇼핑몰",
    "Domain": "가전",
    "MainCategory": "주방가전",
    "ProductName": "SK매직 MWO-M8A02",
    "ReviewScore": "5",
    "Syllable": "48",
    "Word": "11",
    "RDate": "20210202",
    "GeneralPolarity": "0",
    "Aspects": [
      {
        "Aspect": "편의성",
        "SentimentText": "다이얼 숫자가 너무 작아서 보기 불편합니다;; ",
        "SentimentWord": "6",
        "SentimentPolarity": "-1"
      },
      {
        "Aspect": "디자인",
        "SentimentText": "디자인은 예쁘고 세련되서 마음에 듭니다.",
        "SentimentWord": "5",
        "SentimentPolarity": "1"
      }
    ]
  },
  {
    "Index": "30769",
    "RawText": "사이즈가 아담해서 1인용으로 쓰기 아주 적합해서 좋습니다. 디자인도 앞면이 거울같아 보여서 세련되서 만족합니다.",
    "Source": "쇼핑몰",
    "Domain": "가전",
    "MainCategory": "주방가전",
    "ProductName": "SK매직 MWO-M8A02",
    "ReviewScore": "5",
    "Syllable": "62",
    "Word": "13",
    "RDate": "20211011",
    "GeneralPolarity": "1",
    "Aspects": [
      {
        "Aspect": "사이즈",
        "SentimentText": "사이즈가 아담해서 1인용으로 쓰기 아주 적합해서 좋습니다.",
        "SentimentWord": "7",
        "SentimentPolarity": "1"
      },
      {
        "Aspect": "디자인",
        "SentimentText": "디자인도 앞면이 거울같아 보여서 세련되서 만족합니다.",
        "SentimentWord": "6",
        "SentimentPolarity": "1"
      }
    ]
  },
  {
    "Index": "30770",
    "RawText": "디자인 앞면이 거울이라 세련되고 너무 이뻐요. 오프라인에서 본 거 보다 저렴해서 너무 좋습니다.",
    "Source": "쇼핑몰",
    "Domain": "가전",
    "MainCategory": "주방가전",
    "ProductName": "SK매직 MWO-M8A02",
    "ReviewScore": "5",
    "Syllable": "53",
    "Word": "13",
    "RDate": "20200813",
    "GeneralPolarity": "1",
    "Aspects": [
      {
        "Aspect": "디자인",
        "SentimentText": "디자인 앞면이 거울이라 세련되고 너무 이뻐요.",
        "SentimentWord": "6",
        "SentimentPolarity": "1"
      },
      {
        "Aspect": "가격",
        "SentimentText": "오프라인에서 본 거 보다 저렴해서 너무 좋습니다. ",
        "SentimentWord": "7",
        "SentimentPolarity": "1"
      }
    ]
  },
  {
    "Index": "30771",
    "RawText": "색상이 전체적으로 블랙이라 세련되고 이뻐서 마음에 듭니다. 버튼은 글이 제대로 보이지 않아서 사용하기 불편합니다. 용량은 작아서 1인이 쓰기에 딱 좋습니다.",
    "Source": "쇼핑몰",
    "Domain": "가전",
    "MainCategory": "주방가전",
    "ProductName": "SK매직 MWO-M8A02",
    "ReviewScore": "4",
    "Syllable": "87",
    "Word": "20",
    "RDate": "20211227",
    "GeneralPolarity": "0",
    "Aspects": [
      {
        "Aspect": "색상",
        "SentimentText": "색상이 전체적으로 블랙이라 세련되고 이뻐서 마음에 듭니다.",
        "SentimentWord": "7",
        "SentimentPolarity": "1"
      },
      {
        "Aspect": "편의성",
        "SentimentText": "버튼은 글이 제대로 보이지 않아서 사용하기 불편합니다. ",
        "SentimentWord": "7",
        "SentimentPolarity": "-1"
      },
      {
        "Aspect": "용량",
        "SentimentText": "용량은 작아서 1인이 쓰기에 딱 좋습니다.",
        "SentimentWord": "6",
        "SentimentPolarity": "1"
      }
    ]
  },
  {
    "Index": "30773",
    "RawText": "1인용으로 쓰기 딱 좋은 용량입니다. 아주 만족스러워요. 조작법도 다이얼만 돌리면 되니까 간편해서 만족합니다.",
    "Source": "쇼핑몰",
    "Domain": "가전",
    "MainCategory": "주방가전",
    "ProductName": "SK매직 MWO-M8A02",
    "ReviewScore": "5",
    "Syllable": "61",
    "Word": "13",
    "RDate": "20200805",
    "GeneralPolarity": "1",
    "Aspects": [
      {
        "Aspect": "용량",
        "SentimentText": "1인용으로 쓰기 딱 좋은 용량입니다. 아주 만족스러워요. ",
        "SentimentWord": "7",
        "SentimentPolarity": "1"
      },
      {
        "Aspect": "조작성",
        "SentimentText": "조작법도 다이얼만 돌리면 되니까 간편해서 만족합니다.",
        "SentimentWord": "6",
        "SentimentPolarity": "1"
      }
    ]
  },
  {
    "Index": "30774",
    "RawText": "외관이 아주 깔끔하고 세련되서 마음에 듭니다. 내부가 작아서 부피가 작은 음식밖에 못 돌려 아쉽네요.",
    "Source": "쇼핑몰",
    "Domain": "가전",
    "MainCategory": "주방가전",
    "ProductName": "SK매직 MWO-M8A02",
    "ReviewScore": "5",
    "Syllable": "56",
    "Word": "14",
    "RDate": "20210910",
    "GeneralPolarity": "0",
    "Aspects": [
      {
        "Aspect": "디자인",
        "SentimentText": "외관이 아주 깔끔하고 세련되서 마음에 듭니다.",
        "SentimentWord": "6",
        "SentimentPolarity": "1"
      },
      {
        "Aspect": "용량",
        "SentimentText": "내부가 작아서 부피가 작은 음식밖에 못 돌려 아쉽네요.",
        "SentimentWord": "8",
        "SentimentPolarity": "-1"
      }
    ]
  },
  {
    "Index": "30775",
    "RawText": "전자레인지 품질 자체가 별로라 아쉽네요. 내부가 작아서 부피가 작은 음식밖에 못 돌려 별로에요",
    "Source": "쇼핑몰",
    "Domain": "가전",
    "MainCategory": "주방가전",
    "ProductName": "SK매직 MWO-M8A02",
    "ReviewScore": "1",
    "Syllable": "52",
    "Word": "13",
    "RDate": "20200703",
    "GeneralPolarity": "-1",
    "Aspects": [
      {
        "Aspect": "용량",
        "SentimentText": "내부가 작아서 부피가 작은 음식밖에 못 돌려 별로에요",
        "SentimentWord": "8",
        "SentimentPolarity": "-1"
      },
      {
        "Aspect": "품질",
        "SentimentText": "전자레인지 품질 자체가 별로라 아쉽네요.",
        "SentimentWord": "5",
        "SentimentPolarity": "-1"
      }
    ]
  },
  {
    "Index": "30776",
    "RawText": "전자레인지 품질 자체가 별로임 쓰면 안에서 연기가 남;;; 내부도 좁아서 부피 큰 음식은 돌리지도 못하고 짜증남",
    "Source": "쇼핑몰",
    "Domain": "가전",
    "MainCategory": "주방가전",
    "ProductName": "SK매직 MWO-M8A02",
    "ReviewScore": "3",
    "Syllable": "62",
    "Word": "16",
    "RDate": "20220105",
    "GeneralPolarity": "-1",
    "Aspects": [
      {
        "Aspect": "품질",
        "SentimentText": "전자레인지 품질 자체가 별로임 쓰면 안에서 연기가 남;;;",
        "SentimentWord": "8",
        "SentimentPolarity": "-1"
      },
      {
        "Aspect": "용량",
        "SentimentText": "내부도 좁아서 부피 큰 음식은 돌리지도 못하고 짜증남",
        "SentimentWord": "8",
        "SentimentPolarity": "-1"
      }
    ]
  },
  {
    "Index": "30777",
    "RawText": "다행히 해외 상품이 아닌 ㅇㅇㅇ에서 생산한 제품이라서 기분 좋습니다.  중국산 제품도 아닌데 이 가격에 살 수 있어 더욱 좋고, 디자인도 귀여운것 같아 마음에 들어요",
    "Source": "쇼핑몰",
    "Domain": "가전",
    "MainCategory": "주방가전",
    "ProductName": "SK매직 MWO-M8A02",
    "ReviewScore": "5",
    "Syllable": "92",
    "Word": "24",
    "RDate": "20220630",
    "GeneralPolarity": "1",
    "Aspects": [
      {
        "Aspect": "제조일/제조사",
        "SentimentText": "다행히 해외 상품이 아닌 ㅇㅇㅇ에서 생산한 제품이라서 기분 좋습니다. ",
        "SentimentWord": "9",
        "SentimentPolarity": "1"
      },
      {
        "Aspect": "가격",
        "SentimentText": "중국산 제품도 아닌데 이 가격에 살 수 있어 더욱 좋고, ",
        "SentimentWord": "10",
        "SentimentPolarity": "1"
      },
      {
        "Aspect": "디자인",
        "SentimentText": "디자인도 귀여운 것 같아 마음에 들어요  ",
        "SentimentWord": "6",
        "SentimentPolarity": "1"
      }
    ]
  },
  {
    "Index": "30779",
    "RawText": "원룸에서 딱 사용하기 좋은 용량이네요. 밥이랑 닭 가슴살 조리해 먹고 있는데 빠르게 조리됩니다.",
    "Source": "쇼핑몰",
    "Domain": "가전",
    "MainCategory": "주방가전",
    "ProductName": "SK매직 MWO-M8A02",
    "ReviewScore": "5",
    "Syllable": "53",
    "Word": "13",
    "RDate": "20220619",
    "GeneralPolarity": "1",
    "Aspects": [
      {
        "Aspect": "용량",
        "SentimentText": "원룸에서 딱 사용하기 좋은 용량이네요.",
        "SentimentWord": "5",
        "SentimentPolarity": "1"
      },
      {
        "Aspect": "시간/속도",
        "SentimentText": "밥이랑 닭 가슴살 조리해 먹고 있는데 빠르게 조리됩니다.",
        "SentimentWord": "8",
        "SentimentPolarity": "1"
      }
    ]
  },
  {
    "Index": "30780",
    "RawText": "사이즈가 아담해서 자취생이 쓰기 딱 좋아요. 가격도 오프라인보다 저렴해서 만족합니다~",
    "Source": "쇼핑몰",
    "Domain": "가전",
    "MainCategory": "주방가전",
    "ProductName": "SK매직 MWO-M8A02",
    "ReviewScore": "5",
    "Syllable": "47",
    "Word": "10",
    "RDate": "20200529",
    "GeneralPolarity": "1",
    "Aspects": [
      {
        "Aspect": "사이즈",
        "SentimentText": "사이즈가 아담해서 자취생이 쓰기 딱 좋아요.",
        "SentimentWord": "6",
        "SentimentPolarity": "1"
      },
      {
        "Aspect": "가격",
        "SentimentText": "가격도 오프라인보다 저렴해서 만족합니다~",
        "SentimentWord": "4",
        "SentimentPolarity": "1"
      }
    ]
  },
  {
    "Index": "30781",
    "RawText": "다이얼 눈금이 너무 작아서 안보이니까 불편해요. 내부도 너무 좁아서 작은 그릇만 사용할 수 있어서 별로입니다.",
    "Source": "쇼핑몰",
    "Domain": "가전",
    "MainCategory": "주방가전",
    "ProductName": "SK매직 MWO-M8A02",
    "ReviewScore": "4",
    "Syllable": "61",
    "Word": "15",
    "RDate": "20220520",
    "GeneralPolarity": "-1",
    "Aspects": [
      {
        "Aspect": "편의성",
        "SentimentText": "다이얼 눈금이 너무 작아서 안보이니까 불편해요. ",
        "SentimentWord": "6",
        "SentimentPolarity": "-1"
      },
      {
        "Aspect": "용량",
        "SentimentText": "내부도 너무 좁아서 작은 그릇만 사용할 수 있어서 별로입니다.",
        "SentimentWord": "9",
        "SentimentPolarity": "-1"
      }
    ]
  },
  {
    "Index": "30782",
    "RawText": "놓을 장소가 좁아 작은 사이즈 찾다가 구매했는데 그렇게 작지 않네요. 조리 후 본체가 뜨거워져서 무섭습니다.",
    "Source": "쇼핑몰",
    "Domain": "가전",
    "MainCategory": "주방가전",
    "ProductName": "SK매직 MWO-M8A02",
    "ReviewScore": "4",
    "Syllable": "60",
    "Word": "15",
    "RDate": "20201110",
    "GeneralPolarity": "-1",
    "Aspects": [
      {
        "Aspect": "사이즈",
        "SentimentText": "놓을 장소가 좁아 작은 사이즈 찾다가 구매했는데 그렇게 작지 않네요.",
        "SentimentWord": "10",
        "SentimentPolarity": "-1"
      },
      {
        "Aspect": "내구성",
        "SentimentText": "조리 후 본체가 뜨거워져서 무섭습니다.",
        "SentimentWord": "5",
        "SentimentPolarity": "-1"
      }
    ]
  },
  {
    "Index": "30783",
    "RawText": "전자레인지 돌릴때 소리가 시끄러워서 불편합니다. 문을 닫고 열때 부드럽지 않고 뻑뻑하니 품질이 별로입니다.",
    "Source": "쇼핑몰",
    "Domain": "가전",
    "MainCategory": "주방가전",
    "ProductName": "SK매직 MWO-M8A02",
    "ReviewScore": "4",
    "Syllable": "59",
    "Word": "13",
    "RDate": "20220303",
    "GeneralPolarity": "-1",
    "Aspects": [
      {
        "Aspect": "소음",
        "SentimentText": "전자레인지 돌릴때 소리가 시끄러워서 불편합니다.",
        "SentimentWord": "5",
        "SentimentPolarity": "-1"
      },
      {
        "Aspect": "품질",
        "SentimentText": "문을 닫고 열때 부드럽지 않고 뻑뻑하니 품질이 별로입니다.",
        "SentimentWord": "8",
        "SentimentPolarity": "-1"
      }
    ]
  },
  {
    "Index": "30785",
    "RawText": "가동할때 소리가 좀 크지만 일반 레인지랑 비교 했을때 보통 같아서 그냥 쓸려고요.그냥저냥 싼 가격에 쓸만해요  ",
    "Source": "쇼핑몰",
    "Domain": "가전",
    "MainCategory": "주방가전",
    "ProductName": "SK매직 MWO-M8A02",
    "ReviewScore": "4",
    "Syllable": "62",
    "Word": "15",
    "RDate": "20211001",
    "GeneralPolarity": "0",
    "Aspects": [
      {
        "Aspect": "소음",
        "SentimentText": "가동할때 소리가 좀 크지만 일반 레인지랑 비교 했을때 보통 같아서 그냥 쓸려고요",
        "SentimentWord": "12",
        "SentimentPolarity": "0"
      },
      {
        "Aspect": "가격",
        "SentimentText": "그냥저냥 싼 가격에 쓸만해요",
        "SentimentWord": "4",
        "SentimentPolarity": "0"
      }
    ]
  },
  {
    "Index": "30787",
    "RawText": "색상이 블랙이라 너무 이쁘고 세련되 보여 마음에 듭니다. 그런데 내부가 너무 작아서 작은 그릇만 사용 가능. 불편하네요",
    "Source": "쇼핑몰",
    "Domain": "가전",
    "MainCategory": "주방가전",
    "ProductName": "SK매직 MWO-M8A02",
    "ReviewScore": "5",
    "Syllable": "66",
    "Word": "17",
    "RDate": "20210115",
    "GeneralPolarity": "0",
    "Aspects": [
      {
        "Aspect": "색상",
        "SentimentText": "색상이 블랙이라 너무 이쁘고 세련되 보여 마음에 듭니다.",
        "SentimentWord": "8",
        "SentimentPolarity": "1"
      },
      {
        "Aspect": "용량",
        "SentimentText": "내부가 너무 작아서 작은 그릇만 사용 가능. 불편하네요",
        "SentimentWord": "8",
        "SentimentPolarity": "-1"
      }
    ]
  },
  {
    "Index": "30788",
    "RawText": "전자레인지 기능도 간단하니 사용하기 좋습니다. 오프라인보다 저렴하게 잘 사서 기분이 좋네요~",
    "Source": "쇼핑몰",
    "Domain": "가전",
    "MainCategory": "주방가전",
    "ProductName": "SK매직 MWO-M8A02",
    "ReviewScore": "5",
    "Syllable": "51",
    "Word": "11",
    "RDate": "20210510",
    "GeneralPolarity": "1",
    "Aspects": [
      {
        "Aspect": "기능",
        "SentimentText": "전자레인지 기능도 간단하니 사용하기 좋습니다.",
        "SentimentWord": "5",
        "SentimentPolarity": "1"
      },
      {
        "Aspect": "가격",
        "SentimentText": "오프라인보다 저렴하게 잘 사서 기분이 좋네요~",
        "SentimentWord": "6",
        "SentimentPolarity": "1"
      }
    ]
  },
  {
    "Index": "30789",
    "RawText": "디자인 너무 세련되고 고급져 보여서 마음에 들고요. 가격도 다른 사이트보다 저렴하게 구매할 수 있어서 만족입니다. ",
    "Source": "쇼핑몰",
    "Domain": "가전",
    "MainCategory": "주방가전",
    "ProductName": "SK매직 MWO-M8A02",
    "ReviewScore": "5",
    "Syllable": "64",
    "Word": "15",
    "RDate": "20220621",
    "GeneralPolarity": "1",
    "Aspects": [
      {
        "Aspect": "디자인",
        "SentimentText": "디자인 너무 세련되고 고급져 보여서 마음에 들고요. ",
        "SentimentWord": "7",
        "SentimentPolarity": "1"
      },
      {
        "Aspect": "가격",
        "SentimentText": "가격도 다른 사이트보다 저렴하게 구매할 수 있어서 만족입니다.",
        "SentimentWord": "8",
        "SentimentPolarity": "1"
      }
    ]
  },
  {
    "Index": "30791",
    "RawText": "색상이 블랙이라 세련되고 이쁩니다~ 전자레인지 돌릴때 소음이 좀 나서 불편해요 ~",
    "Source": "쇼핑몰",
    "Domain": "가전",
    "MainCategory": "주방가전",
    "ProductName": "SK매직 MWO-M8A02",
    "ReviewScore": "4",
    "Syllable": "45",
    "Word": "11",
    "RDate": "20220526",
    "GeneralPolarity": "0",
    "Aspects": [
      {
        "Aspect": "색상",
        "SentimentText": "색상이 블랙이라 세련되고 이쁩니다~",
        "SentimentWord": "4",
        "SentimentPolarity": "1"
      },
      {
        "Aspect": "소음",
        "SentimentText": "전자레인지 돌릴때 소음이 좀 나서 불편해요 ~",
        "SentimentWord": "7",
        "SentimentPolarity": "-1"
      }
    ]
  },
  {
    "Index": "30792",
    "RawText": "색상이 블랙이라 더 깔끔해 보이고 이뻐요. 그런데 전자레인지 돌아갈 때 소리가 좀 커서 불편합니다.",
    "Source": "쇼핑몰",
    "Domain": "가전",
    "MainCategory": "주방가전",
    "ProductName": "SK매직 MWO-M8A02",
    "ReviewScore": "5",
    "Syllable": "55",
    "Word": "14",
    "RDate": "20220112",
    "GeneralPolarity": "0",
    "Aspects": [
      {
        "Aspect": "색상",
        "SentimentText": "색상이 블랙이라 더 깔끔해 보이고 이뻐요. ",
        "SentimentWord": "6",
        "SentimentPolarity": "1"
      },
      {
        "Aspect": "소음",
        "SentimentText": "전자레인지 돌아갈 때 소리가 좀 커서 불편합니다.",
        "SentimentWord": "7",
        "SentimentPolarity": "-1"
      }
    ]
  },
  {
    "Index": "30793",
    "RawText": "사이즈가 아담해서 1인인 제가 쓰기에 아주 좋습니다~ 디자인도 깔끔하고 세련되서 만족합니다.",
    "Source": "쇼핑몰",
    "Domain": "가전",
    "MainCategory": "주방가전",
    "ProductName": "SK매직 MWO-M8A02",
    "ReviewScore": "5",
    "Syllable": "51",
    "Word": "11",
    "RDate": "20210923",
    "GeneralPolarity": "1",
    "Aspects": [
      {
        "Aspect": "사이즈",
        "SentimentText": "사이즈가 아담해서 1인인 제가 쓰기에 아주 좋습니다~",
        "SentimentWord": "7",
        "SentimentPolarity": "1"
      },
      {
        "Aspect": "디자인",
        "SentimentText": "디자인도 깔끔하고 세련되서 만족합니다.",
        "SentimentWord": "4",
        "SentimentPolarity": "1"
      }
    ]
  },
  {
    "Index": "30795",
    "RawText": "타이머 표시가 없어서 많이 불편합니다. 전자렌지 사용할때 소리도 커서 아쉽네요",
    "Source": "쇼핑몰",
    "Domain": "가전",
    "MainCategory": "주방가전",
    "ProductName": "SK매직 MWO-M8A02",
    "ReviewScore": "4",
    "Syllable": "43",
    "Word": "10",
    "RDate": "20201217",
    "GeneralPolarity": "-1",
    "Aspects": [
      {
        "Aspect": "편의성",
        "SentimentText": "타이머 표시가 없어서 많이 불편합니다. ",
        "SentimentWord": "5",
        "SentimentPolarity": "-1"
      },
      {
        "Aspect": "소음",
        "SentimentText": "전자렌지 사용할때 소리도 커서 아쉽네요",
        "SentimentWord": "5",
        "SentimentPolarity": "-1"
      }
    ]
  },
  {
    "Index": "30796",
    "RawText": "전자레인지 무게가 아주 가볍고 좋습니다. 그런데 내부는 생각보다 훨씬 작아서 쓰기 불편합니다 ㅠ",
    "Source": "쇼핑몰",
    "Domain": "가전",
    "MainCategory": "주방가전",
    "ProductName": "SK매직 MWO-M8A02",
    "ReviewScore": "4",
    "Syllable": "53",
    "Word": "13",
    "RDate": "20220704",
    "GeneralPolarity": "0",
    "Aspects": [
      {
        "Aspect": "무게",
        "SentimentText": "전자레인지 무게가 아주 가볍고 좋습니다. ",
        "SentimentWord": "5",
        "SentimentPolarity": "1"
      },
      {
        "Aspect": "용량",
        "SentimentText": "내부는 생각보다 훨씬 작아서 쓰기 불편합니다 ㅠ",
        "SentimentWord": "7",
        "SentimentPolarity": "-1"
      }
    ]
  },
  {
    "Index": "30797",
    "RawText": "디자인이 심플해서 마음에 듭니다. 색상은 블랙이라 세련되 보여 마음에 듭니다.",
    "Source": "쇼핑몰",
    "Domain": "가전",
    "MainCategory": "주방가전",
    "ProductName": "SK매직 MWO-M8A02",
    "ReviewScore": "4",
    "Syllable": "43",
    "Word": "10",
    "RDate": "20210310",
    "GeneralPolarity": "1",
    "Aspects": [
      {
        "Aspect": "디자인",
        "SentimentText": "디자인이 심플해서 마음에 듭니다. ",
        "SentimentWord": "4",
        "SentimentPolarity": "1"
      },
      {
        "Aspect": "색상",
        "SentimentText": "색상은 블랙이라 세련되 보여 마음에 듭니다.",
        "SentimentWord": "6",
        "SentimentPolarity": "1"
      }
    ]
  },
  {
    "Index": "30799",
    "RawText": "오프라인보다 저렴하게 살 수 있어서 기분이 좋네요~ 1인이 쓰기 딱 좋은 용량인 거 같습니다 만족입니다~",
    "Source": "쇼핑몰",
    "Domain": "가전",
    "MainCategory": "주방가전",
    "ProductName": "SK매직 MWO-M8A02",
    "ReviewScore": "5",
    "Syllable": "58",
    "Word": "15",
    "RDate": "20210624",
    "GeneralPolarity": "1",
    "Aspects": [
      {
        "Aspect": "가격",
        "SentimentText": "오프라인보다 저렴하게 살 수 있어서 기분이 좋네요~",
        "SentimentWord": "7",
        "SentimentPolarity": "1"
      },
      {
        "Aspect": "용량",
        "SentimentText": "1인이 쓰기 딱 좋은 용량인 거 같습니다 만족입니다~",
        "SentimentWord": "8",
        "SentimentPolarity": "1"
      }
    ]
  },
  {
    "Index": "30800",
    "RawText": "디자인도 깔끔하고 세련돼서 마음에 듭니다~ 그래도 전자렌지 자체는 튼튼해 보이고 품질이 좋아보여 만족합니다.",
    "Source": "쇼핑몰",
    "Domain": "가전",
    "MainCategory": "주방가전",
    "ProductName": "SK매직 MWO-M8A02",
    "ReviewScore": "4",
    "Syllable": "60",
    "Word": "13",
    "RDate": "20201013",
    "GeneralPolarity": "1",
    "Aspects": [
      {
        "Aspect": "디자인",
        "SentimentText": "디자인도 깔끔하고 세련돼서 마음에 듭니다~ ",
        "SentimentWord": "5",
        "SentimentPolarity": "1"
      },
      {
        "Aspect": "품질",
        "SentimentText": "전자렌지 자체는 튼튼해 보이고 품질이 좋아보여 만족합니다.",
        "SentimentWord": "7",
        "SentimentPolarity": "1"
      }
    ]
  },
  {
    "Index": "30801",
    "RawText": "음식이 데워지는 속도가 아주 빨라서 만족입니다. 오프라인보다 저렴하게 살 수 있어서 좋습니다~",
    "Source": "쇼핑몰",
    "Domain": "가전",
    "MainCategory": "주방가전",
    "ProductName": "SK매직 MWO-M8A02",
    "ReviewScore": "5",
    "Syllable": "52",
    "Word": "12",
    "RDate": "20210820",
    "GeneralPolarity": "1",
    "Aspects": [
      {
        "Aspect": "시간/속도",
        "SentimentText": "음식이 데워지는 속도가 아주 빨라서 만족입니다. ",
        "SentimentWord": "6",
        "SentimentPolarity": "1"
      },
      {
        "Aspect": "가격",
        "SentimentText": "오프라인보다 저렴하게 살 수 있어서 좋습니다~",
        "SentimentWord": "6",
        "SentimentPolarity": "1"
      }
    ]
  },
  {
    "Index": "30802",
    "RawText": "다른 곳 보다 싸게 살 수 있어서 너무 좋아요~!! 버튼은 터치가 아니라 다이얼이라 불편해여 ㅠ",
    "Source": "쇼핑몰",
    "Domain": "가전",
    "MainCategory": "주방가전",
    "ProductName": "SK매직 MWO-M8A02",
    "ReviewScore": "5",
    "Syllable": "53",
    "Word": "15",
    "RDate": "20210906",
    "GeneralPolarity": "0",
    "Aspects": [
      {
        "Aspect": "가격",
        "SentimentText": "다른 곳 보다 싸게 살 수 있어서 너무 좋아요~!!",
        "SentimentWord": "9",
        "SentimentPolarity": "1"
      },
      {
        "Aspect": "조작성",
        "SentimentText": "버튼은 터치가 아니라 다이얼이라 불편해여 ㅠ",
        "SentimentWord": "6",
        "SentimentPolarity": "-1"
      }
    ]
  },
  {
    "Index": "30804",
    "RawText": "색상이 블랙이라 세련되보여서 마음에 듭니다. 그런데 사용할때 소음이 좀 있어서 불편하네요;",
    "Source": "쇼핑몰",
    "Domain": "가전",
    "MainCategory": "주방가전",
    "ProductName": "SK매직 MWO-M8A02",
    "ReviewScore": "4",
    "Syllable": "50",
    "Word": "11",
    "RDate": "20210827",
    "GeneralPolarity": "0",
    "Aspects": [
      {
        "Aspect": "색상",
        "SentimentText": "색상이 블랙이라 세련되보여서 마음에 듭니다.",
        "SentimentWord": "5",
        "SentimentPolarity": "1"
      },
      {
        "Aspect": "소음",
        "SentimentText": "사용할때 소음이 좀 있어서 불편하네요;",
        "SentimentWord": "5",
        "SentimentPolarity": "-1"
      }
    ]
  },
  {
    "Index": "30806",
    "RawText": "사이즈가 아담해서 마음에 듭니다~ 그런데 전자렌지 사용할때 소리가 좀 크네요;; 밤에 돌리기 불편해요",
    "Source": "쇼핑몰",
    "Domain": "가전",
    "MainCategory": "주방가전",
    "ProductName": "SK매직 MWO-M8A02",
    "ReviewScore": "5",
    "Syllable": "56",
    "Word": "13",
    "RDate": "20211108",
    "GeneralPolarity": "0",
    "Aspects": [
      {
        "Aspect": "사이즈",
        "SentimentText": "사이즈가 아담해서 마음에 듭니다~",
        "SentimentWord": "4",
        "SentimentPolarity": "1"
      },
      {
        "Aspect": "소음",
        "SentimentText": "전자렌지 사용할때 소리가 좀 크네요;; 밤에 돌리기 불편해요",
        "SentimentWord": "8",
        "SentimentPolarity": "-1"
      }
    ]
  },
  {
    "Index": "30808",
    "RawText": "색상이 블랙에 유광이라 고급져 보여 너무 마음에 들어요~ 전자렌지 내부는 1인이 쓰기에 아주 적합한 만족합니다.",
    "Source": "쇼핑몰",
    "Domain": "가전",
    "MainCategory": "주방가전",
    "ProductName": "SK매직 MWO-M8A02",
    "ReviewScore": "5",
    "Syllable": "62",
    "Word": "15",
    "RDate": "20200604",
    "GeneralPolarity": "1",
    "Aspects": [
      {
        "Aspect": "색상",
        "SentimentText": "색상이 블랙에 유광이라 고급져 보여 너무 마음에 들어요~ ",
        "SentimentWord": "8",
        "SentimentPolarity": "1"
      },
      {
        "Aspect": "용량",
        "SentimentText": "전자렌지 내부는 1인이 쓰기에 아주 적합한 만족합니다.",
        "SentimentWord": "7",
        "SentimentPolarity": "1"
      }
    ]
  },
  {
    "Index": "30809",
    "RawText": "사이즈는 아담해서 자리 차지를 많이 안해서 마음에 듭니다. 다만 다이얼 눈금이 너무 흐리게 표시되서 안보입니다. 불편하네요",
    "Source": "쇼핑몰",
    "Domain": "가전",
    "MainCategory": "주방가전",
    "ProductName": "SK매직 MWO-M8A02",
    "ReviewScore": "4",
    "Syllable": "68",
    "Word": "16",
    "RDate": "20210108",
    "GeneralPolarity": "0",
    "Aspects": [
      {
        "Aspect": "사이즈",
        "SentimentText": "사이즈는 아담해서 자리 차지를 많이 안해서 마음에 듭니다.",
        "SentimentWord": "8",
        "SentimentPolarity": "1"
      },
      {
        "Aspect": "편의성",
        "SentimentText": "다이얼 눈금이 너무 흐리게 표시되서 안보입니다. 불편하네요",
        "SentimentWord": "7",
        "SentimentPolarity": "-1"
      }
    ]
  },
  {
    "Index": "30811",
    "RawText": "전자렌지 사용할때 소음이 좀 있어서 아쉬워요. 그래도 사이즈는 아담하니 사무실에서 쓰기 너무 좋네요.",
    "Source": "쇼핑몰",
    "Domain": "가전",
    "MainCategory": "주방가전",
    "ProductName": "SK매직 MWO-M8A02",
    "ReviewScore": "5",
    "Syllable": "56",
    "Word": "13",
    "RDate": "20220511",
    "GeneralPolarity": "0",
    "Aspects": [
      {
        "Aspect": "소음",
        "SentimentText": "전자렌지 사용할때 소음이 좀 있어서 아쉬워요.",
        "SentimentWord": "6",
        "SentimentPolarity": "-1"
      },
      {
        "Aspect": "사이즈",
        "SentimentText": "사이즈는 아담하니 사무실에서 쓰기 너무 좋네요.",
        "SentimentWord": "6",
        "SentimentPolarity": "1"
      }
    ]
  },
  {
    "Index": "30812",
    "RawText": "오프라인보다 저렴하게 구매해서 기분이 좋네요~ 그런데 내부는 너무 좁아서 피자 m사이즈도 돌리기 힘들어 불편해요",
    "Source": "쇼핑몰",
    "Domain": "가전",
    "MainCategory": "주방가전",
    "ProductName": "SK매직 MWO-M8A02",
    "ReviewScore": "3",
    "Syllable": "62",
    "Word": "14",
    "RDate": "20220223",
    "GeneralPolarity": "0",
    "Aspects": [
      {
        "Aspect": "가격",
        "SentimentText": "오프라인보다 저렴하게 구매해서 기분이 좋네요~",
        "SentimentWord": "5",
        "SentimentPolarity": "1"
      },
      {
        "Aspect": "용량",
        "SentimentText": "내부는 너무 좁아서 피자 m사이즈도 돌리기 힘들어 불편해요",
        "SentimentWord": "8",
        "SentimentPolarity": "-1"
      }
    ]
  },
  {
    "Index": "30813",
    "RawText": "1인이 쓰기에 딱 적합한 용량을 가지고 있어서 만족스럽네요. 타이머는 다이얼식이라 사용하기 불편해요;",
    "Source": "쇼핑몰",
    "Domain": "가전",
    "MainCategory": "주방가전",
    "ProductName": "SK매직 MWO-M8A02",
    "ReviewScore": "4",
    "Syllable": "56",
    "Word": "12",
    "RDate": "20210703",
    "GeneralPolarity": "0",
    "Aspects": [
      {
        "Aspect": "용량",
        "SentimentText": "1인이 쓰기에 딱 적합한 용량을 가지고 있어서 만족스럽네요.",
        "SentimentWord": "8",
        "SentimentPolarity": "1"
      },
      {
        "Aspect": "조작성",
        "SentimentText": "타이머는 다이얼식이라 사용하기 불편해요;",
        "SentimentWord": "4",
        "SentimentPolarity": "-1"
      }
    ]
  },
  {
    "Index": "30814",
    "RawText": "타이머 기능이 시간 설정을 할 수 없어서 별로에요; 디자인은 세련되고 이뻐서 마음에 듭니다.",
    "Source": "쇼핑몰",
    "Domain": "가전",
    "MainCategory": "주방가전",
    "ProductName": "SK매직 MWO-M8A02",
    "ReviewScore": "4",
    "Syllable": "51",
    "Word": "13",
    "RDate": "20220614",
    "GeneralPolarity": "0",
    "Aspects": [
      {
        "Aspect": "기능",
        "SentimentText": "타이머 기능이 시간 설정을 할 수 없어서 별로에요; ",
        "SentimentWord": "8",
        "SentimentPolarity": "-1"
      },
      {
        "Aspect": "디자인",
        "SentimentText": "디자인은 세련되고 이뻐서 마음에 듭니다.",
        "SentimentWord": "5",
        "SentimentPolarity": "1"
      }
    ]
  },
  {
    "Index": "30815",
    "RawText": "소리는 밤에 돌리면 너무 크게 들려서 아쉽네요. 디자인도 사진보다 올드해 보여서 별로입니다 ㅠ",
    "Source": "쇼핑몰",
    "Domain": "가전",
    "MainCategory": "주방가전",
    "ProductName": "SK매직 MWO-M8A02",
    "ReviewScore": "5",
    "Syllable": "52",
    "Word": "13",
    "RDate": "20201020",
    "GeneralPolarity": "-1",
    "Aspects": [
      {
        "Aspect": "소음",
        "SentimentText": "소리는 밤에 돌리면 너무 크게 들려서 아쉽네요. ",
        "SentimentWord": "7",
        "SentimentPolarity": "-1"
      },
      {
        "Aspect": "디자인",
        "SentimentText": "디자인도 사진보다 올드해 보여서 별로입니다 ㅠ",
        "SentimentWord": "6",
        "SentimentPolarity": "-1"
      }
    ]
  },
  {
    "Index": "30816",
    "RawText": "전자렌지 사용할때 플라스틱 타는 냄새가 나서 너무 불편합니다.. 전자렌지 사용시 소음도 커서 밤에 못 돌리고 있어요 짜증나요",
    "Source": "쇼핑몰",
    "Domain": "가전",
    "MainCategory": "주방가전",
    "ProductName": "SK매직 MWO-M8A02",
    "ReviewScore": "2",
    "Syllable": "69",
    "Word": "17",
    "RDate": "20220730",
    "GeneralPolarity": "-1",
    "Aspects": [
      {
        "Aspect": "편의성",
        "SentimentText": "전자렌지 사용할때 플라스틱 타는 냄새가 나서 너무 불편합니다.",
        "SentimentWord": "8",
        "SentimentPolarity": "-1"
      },
      {
        "Aspect": "소음",
        "SentimentText": "전자렌지 사용시 소음도 커서 밤에 못 돌리고 있어요 짜증나요",
        "SentimentWord": "9",
        "SentimentPolarity": "-1"
      }
    ]
  },
  {
    "Index": "30818",
    "RawText": "외관도 예쁘고 세련되서 아주 마음에 듭니다. 타 사이트보다 저렴한 가격에 구매 할 수 있어서 기분이 좋네요~",
    "Source": "쇼핑몰",
    "Domain": "가전",
    "MainCategory": "주방가전",
    "ProductName": "SK매직 MWO-M8A02",
    "ReviewScore": "5",
    "Syllable": "60",
    "Word": "16",
    "RDate": "20200901",
    "GeneralPolarity": "1",
    "Aspects": [
      {
        "Aspect": "디자인",
        "SentimentText": "외관도 예쁘고 세련되서 아주 마음에 듭니다.",
        "SentimentWord": "6",
        "SentimentPolarity": "1"
      },
      {
        "Aspect": "가격",
        "SentimentText": "타 사이트보다 저렴한 가격에 구매 할 수 있어서 기분이 좋네요~",
        "SentimentWord": "10",
        "SentimentPolarity": "1"
      }
    ]
  },
  {
    "Index": "30819",
    "RawText": "사이즈가 아담하니 1인이 쓰기 아주 딱 적당해서 좋아요~ 색상은 블랙인데 너무 이쁘고 고급져보여서 마음에 듭니다.  가격도 오프라인보다 훨씬 저렴하게 사서 기분이 매우 좋습니다!",
    "Source": "쇼핑몰",
    "Domain": "가전",
    "MainCategory": "주방가전",
    "ProductName": "SK매직 MWO-M8A02",
    "ReviewScore": "4",
    "Syllable": "99",
    "Word": "23",
    "RDate": "20210607",
    "GeneralPolarity": "1",
    "Aspects": [
      {
        "Aspect": "사이즈",
        "SentimentText": "사이즈가 아담하니 1인이 쓰기 아주 딱 적당해서 좋아요~ ",
        "SentimentWord": "8",
        "SentimentPolarity": "1"
      },
      {
        "Aspect": "색상",
        "SentimentText": "색상은 블랙인데 너무 이쁘고 고급져보여서 마음에 듭니다.",
        "SentimentWord": "7",
        "SentimentPolarity": "1"
      },
      {
        "Aspect": "가격",
        "SentimentText": "가격도 오프라인보다 훨씬 저렴하게 사서 기분이 매우 좋습니다!",
        "SentimentWord": "8",
        "SentimentPolarity": "1"
      }
    ]
  },
  {
    "Index": "30821",
    "RawText": "사이즈가 아담해서 아주 마음에 들어요~!! 버튼도 다이얼로 되어있어서 조작이 간단해서 마음에 듭니다.",
    "Source": "쇼핑몰",
    "Domain": "가전",
    "MainCategory": "주방가전",
    "ProductName": "디오스 LG전자 ML32AW1 일반구매",
    "ReviewScore": "5",
    "Syllable": "56",
    "Word": "12",
    "RDate": "20210406",
    "GeneralPolarity": "1",
    "Aspects": [
      {
        "Aspect": "사이즈",
        "SentimentText": "사이즈가 아담해서 아주 마음에 들어요~!! ",
        "SentimentWord": "5",
        "SentimentPolarity": "1"
      },
      {
        "Aspect": "조작성",
        "SentimentText": "버튼도 다이얼로 되어있어서 조작이 간단해서 마음에 듭니다.",
        "SentimentWord": "7",
        "SentimentPolarity": "1"
      }
    ]
  },
  {
    "Index": "30824",
    "RawText": "색상이 올 블랙으로 너무 깔끔하고 세련되서 마음에 쏙 듭니다. 에어프라이 등 기능이 많아서 너무 만족스러워요^^",
    "Source": "쇼핑몰",
    "Domain": "가전",
    "MainCategory": "주방가전",
    "ProductName": "디오스 LG전자 ML32AW1 일반구매",
    "ReviewScore": "5",
    "Syllable": "62",
    "Word": "15",
    "RDate": "20220522",
    "GeneralPolarity": "1",
    "Aspects": [
      {
        "Aspect": "색상",
        "SentimentText": "색상이 올 블랙으로 너무 깔끔하고 세련되서 마음에 쏙 듭니다",
        "SentimentWord": "9",
        "SentimentPolarity": "1"
      },
      {
        "Aspect": "기능",
        "SentimentText": "에어프라이 등 기능이 많아서 너무 만족스러워요^^",
        "SentimentWord": "6",
        "SentimentPolarity": "1"
      }
    ]
  },
  {
    "Index": "30825",
    "RawText": "용량이 커서 다양한 요리하기 너무 좋아요~ 디자인도 깔끔하고 예뻐서 주방이랑 아주 잘 어울려서 만족입니다^^",
    "Source": "쇼핑몰",
    "Domain": "가전",
    "MainCategory": "주방가전",
    "ProductName": "디오스 LG전자 ML32AW1 일반구매",
    "ReviewScore": "5",
    "Syllable": "60",
    "Word": "14",
    "RDate": "20220611",
    "GeneralPolarity": "1",
    "Aspects": [
      {
        "Aspect": "용량",
        "SentimentText": "용량이 커서 다양한 요리하기 너무 좋아요~ ",
        "SentimentWord": "6",
        "SentimentPolarity": "1"
      },
      {
        "Aspect": "디자인",
        "SentimentText": "디자인도 깔끔하고 예뻐서 주방이랑 아주 잘 어울려서 만족입니다^^",
        "SentimentWord": "8",
        "SentimentPolarity": "1"
      }
    ]
  },
  {
    "Index": "30826",
    "RawText": "디자인이 아주 세련되고 깔끔해서 멋있네요^^ 내부도 넓어서 다양한 요리하기 너무 좋습니다~",
    "Source": "쇼핑몰",
    "Domain": "가전",
    "MainCategory": "주방가전",
    "ProductName": "디오스 LG전자 ML32AW1 일반구매",
    "ReviewScore": "5",
    "Syllable": "50",
    "Word": "11",
    "RDate": "20210325",
    "GeneralPolarity": "1",
    "Aspects": [
      {
        "Aspect": "디자인",
        "SentimentText": "디자인이 아주 세련되고 깔끔해서 멋있네요^^",
        "SentimentWord": "5",
        "SentimentPolarity": "1"
      },
      {
        "Aspect": "용량",
        "SentimentText": "내부도 넓어서 다양한 요리하기 너무 좋습니다~",
        "SentimentWord": "6",
        "SentimentPolarity": "1"
      }
    ]
  },
  {
    "Index": "30827",
    "RawText": "음식할때 기계음이 있어서 살짝 불편합니다. 기능은 전자렌지~ 오븐 등등 다양해서 아주 만족스럽네요.",
    "Source": "쇼핑몰",
    "Domain": "가전",
    "MainCategory": "주방가전",
    "ProductName": "디오스 LG전자 ML32AW1 일반구매",
    "ReviewScore": "4",
    "Syllable": "55",
    "Word": "12",
    "RDate": "20200922",
    "GeneralPolarity": "0",
    "Aspects": [
      {
        "Aspect": "소음",
        "SentimentText": "음식할때 기계음이 있어서 살짝 불편합니다.",
        "SentimentWord": "5",
        "SentimentPolarity": "-1"
      },
      {
        "Aspect": "기능",
        "SentimentText": "기능은 전자렌지~ 오븐 등등 다양해서 아주 만족스럽네요.",
        "SentimentWord": "7",
        "SentimentPolarity": "1"
      }
    ]
  },
  {
    "Index": "30829",
    "RawText": "오프라인보다 저렴하게 구매해서 좋아요^^ 다른 제품보다 소음이 적어서 아주 만족합니다.",
    "Source": "쇼핑몰",
    "Domain": "가전",
    "MainCategory": "주방가전",
    "ProductName": "디오스 LG전자 ML32AW1 일반구매",
    "ReviewScore": "5",
    "Syllable": "48",
    "Word": "10",
    "RDate": "20211129",
    "GeneralPolarity": "1",
    "Aspects": [
      {
        "Aspect": "가격",
        "SentimentText": "오프라인보다 저렴하게 구매해서 좋아요^^ ",
        "SentimentWord": "4",
        "SentimentPolarity": "1"
      },
      {
        "Aspect": "소음",
        "SentimentText": "다른 제품보다 소음이 적어서 아주 만족합니다. ",
        "SentimentWord": "6",
        "SentimentPolarity": "1"
      }
    ]
  },
  {
    "Index": "30832",
    "RawText": "에어프라이기 기능까지 있어서 너무 만족하며 사용중입니다! 다만 무게가 무거워서 여자 혼자는 절대 못 옮겨서 아쉽네요",
    "Source": "쇼핑몰",
    "Domain": "가전",
    "MainCategory": "주방가전",
    "ProductName": "디오스 LG전자 ML32AW1 일반구매",
    "ReviewScore": "4",
    "Syllable": "64",
    "Word": "15",
    "RDate": "20200604",
    "GeneralPolarity": "0",
    "Aspects": [
      {
        "Aspect": "기능",
        "SentimentText": "에어프라이기 기능까지 있어서 너무 만족하며 사용중입니다! ",
        "SentimentWord": "6",
        "SentimentPolarity": "1"
      },
      {
        "Aspect": "무게",
        "SentimentText": "무게가 무거워서 여자 혼자는 절대 못 옮겨서 아쉽네요",
        "SentimentWord": "8",
        "SentimentPolarity": "-1"
      }
    ]
  },
  {
    "Index": "30835",
    "RawText": "기능이 업그레이드가 되서 색다른 요리도 시도해볼 수 있어서 좋아요! 혜택 많이 받고 저렴한 가격에 사서 너무 좋아요~",
    "Source": "쇼핑몰",
    "Domain": "가전",
    "MainCategory": "주방가전",
    "ProductName": "디오스 LG전자 ML32AW1 일반구매",
    "ReviewScore": "5",
    "Syllable": "65",
    "Word": "17",
    "RDate": "20220613",
    "GeneralPolarity": "1",
    "Aspects": [
      {
        "Aspect": "기능",
        "SentimentText": "기능이 업그레이드가 되서 색다른 요리도 시도해볼 수 있어서 좋아요!",
        "SentimentWord": "9",
        "SentimentPolarity": "1"
      },
      {
        "Aspect": "가격",
        "SentimentText": "혜택 많이 받고 저렴한 가격에 사서 너무 좋아요~",
        "SentimentWord": "8",
        "SentimentPolarity": "1"
      }
    ]
  },
  {
    "Index": "30837",
    "RawText": "그냥 고급 전자레인지 샀다고 생각하려고요; 가격이 비싸서 별로네요. 색상은 검정색이라 세련되서 마음에 듭니다~",
    "Source": "쇼핑몰",
    "Domain": "가전",
    "MainCategory": "주방가전",
    "ProductName": "디오스 LG전자 ML32AW1 일반구매",
    "ReviewScore": "3",
    "Syllable": "61",
    "Word": "13",
    "RDate": "20211204",
    "GeneralPolarity": "0",
    "Aspects": [
      {
        "Aspect": "가격",
        "SentimentText": "그냥 고급 전자레인지 샀다고 생각하려고요; 가격이 비싸서 별로네요.",
        "SentimentWord": "8",
        "SentimentPolarity": "-1"
      },
      {
        "Aspect": "색상",
        "SentimentText": "색상은 검정색이라 세련되서 마음에 듭니다~",
        "SentimentWord": "5",
        "SentimentPolarity": "1"
      }
    ]
  },
  {
    "Index": "30840",
    "RawText": "디자인이 세련되서 너무 마음에 듭니다. 쓰다보니 전기사용이 꽤 있어요.. 자주는 못 쓸거 같아 아쉽네요",
    "Source": "쇼핑몰",
    "Domain": "가전",
    "MainCategory": "주방가전",
    "ProductName": "디오스 LG전자 ML32AW1 일반구매",
    "ReviewScore": "5",
    "Syllable": "57",
    "Word": "14",
    "RDate": "20220519",
    "GeneralPolarity": "0",
    "Aspects": [
      {
        "Aspect": "디자인",
        "SentimentText": "디자인이 세련되서 너무 마음에 듭니다.",
        "SentimentWord": "5",
        "SentimentPolarity": "1"
      },
      {
        "Aspect": "소비전력",
        "SentimentText": "전기사용이 꽤 있어요.. 자주는 못 쓸거 같아 아쉽네요 ",
        "SentimentWord": "8",
        "SentimentPolarity": "-1"
      }
    ]
  },
  {
    "Index": "30841",
    "RawText": "기능이 너무 많아서 헷갈려서 별로에요 ㅠ 그리고 제품 사용할때 소음이 조금 있어서 아쉽네요",
    "Source": "쇼핑몰",
    "Domain": "가전",
    "MainCategory": "주방가전",
    "ProductName": "디오스 LG전자 ML32AW1 일반구매",
    "ReviewScore": "4",
    "Syllable": "50",
    "Word": "13",
    "RDate": "20210920",
    "GeneralPolarity": "-1",
    "Aspects": [
      {
        "Aspect": "기능",
        "SentimentText": "기능이 너무 많아서 헷갈려서 별로에요 ㅠ ",
        "SentimentWord": "6",
        "SentimentPolarity": "-1"
      },
      {
        "Aspect": "소음",
        "SentimentText": "제품 사용할때 소음이 조금 있어서 아쉽네요 ",
        "SentimentWord": "6",
        "SentimentPolarity": "-1"
      }
    ]
  },
  {
    "Index": "30842",
    "RawText": "요리 하고 나서 집안에 냄새가 별로 안나고 편리해서 만족합니다. 내부도 커서 부피가 큰 요리 하기 아주 좋습니다~",
    "Source": "쇼핑몰",
    "Domain": "가전",
    "MainCategory": "주방가전",
    "ProductName": "디오스 LG전자 ML32AW1 일반구매",
    "ReviewScore": "5",
    "Syllable": "63",
    "Word": "17",
    "RDate": "20210425",
    "GeneralPolarity": "1",
    "Aspects": [
      {
        "Aspect": "편의성",
        "SentimentText": "요리 하고 나서 집안에 냄새가 별로 안나고 편리해서 만족합니다.",
        "SentimentWord": "9",
        "SentimentPolarity": "1"
      },
      {
        "Aspect": "용량",
        "SentimentText": "내부도 커서 부피가 큰 요리 하기 아주 좋습니다~",
        "SentimentWord": "8",
        "SentimentPolarity": "1"
      }
    ]
  },
  {
    "Index": "30843",
    "RawText": "기능이 많아서 다양한 요리를 할 수 있어 너무 좋아요. 컬러감도 너무 이쁘게 잘 빠져서 주방이랑 잘 어울려서 만족해요~",
    "Source": "쇼핑몰",
    "Domain": "가전",
    "MainCategory": "주방가전",
    "ProductName": "디오스 LG전자 ML32AW1 일반구매",
    "ReviewScore": "5",
    "Syllable": "66",
    "Word": "18",
    "RDate": "20220516",
    "GeneralPolarity": "1",
    "Aspects": [
      {
        "Aspect": "기능",
        "SentimentText": "기능이 많아서 다양한 요리를 할 수 있어 너무 좋아요.",
        "SentimentWord": "9",
        "SentimentPolarity": "1"
      },
      {
        "Aspect": "색상",
        "SentimentText": "컬러감도 너무 이쁘게 잘 빠져서 주방이랑 잘 어울려서 만족해요~",
        "SentimentWord": "9",
        "SentimentPolarity": "1"
      }
    ]
  },
  {
    "Index": "30844",
    "RawText": "제품이 고장난건지 오븐 사용시 전원이 자꾸 꺼지네요 ㅠㅠ 짜증납니다. 그래도 디자인은 세련되고 이뻐서 만족합니다.",
    "Source": "쇼핑몰",
    "Domain": "가전",
    "MainCategory": "주방가전",
    "ProductName": "디오스 LG전자 ML32AW1 일반구매",
    "ReviewScore": "3",
    "Syllable": "63",
    "Word": "14",
    "RDate": "20200820",
    "GeneralPolarity": "0",
    "Aspects": [
      {
        "Aspect": "품질",
        "SentimentText": "제품이 고장난건지 오븐 사용시 전원이 자꾸 꺼지네요 ㅠㅠ 짜증납니다.",
        "SentimentWord": "9",
        "SentimentPolarity": "-1"
      },
      {
        "Aspect": "디자인",
        "SentimentText": "디자인은 세련되고 이뻐서 만족합니다.",
        "SentimentWord": "4",
        "SentimentPolarity": "1"
      }
    ]
  },
  {
    "Index": "30848",
    "RawText": "제품이 튼튼하고 마감처리도 잘 되어 있어서 아주 좋습니다. 무게는 너무 무거워서 여자 혼자 들기 버거워 아쉽네요 ㅠ",
    "Source": "쇼핑몰",
    "Domain": "가전",
    "MainCategory": "주방가전",
    "ProductName": "디오스 LG전자 ML32AW1 일반구매",
    "ReviewScore": "5",
    "Syllable": "64",
    "Word": "17",
    "RDate": "20220328",
    "GeneralPolarity": "0",
    "Aspects": [
      {
        "Aspect": "품질",
        "SentimentText": "제품이 튼튼하고 마감처리도 잘 되어 있어서 아주 좋습니다.",
        "SentimentWord": "8",
        "SentimentPolarity": "1"
      },
      {
        "Aspect": "무게",
        "SentimentText": "무게는 너무 무거워서 여자 혼자 들기 버거워 아쉽네요 ㅠ",
        "SentimentWord": "9",
        "SentimentPolarity": "-1"
      }
    ]
  },
  {
    "Index": "30851",
    "RawText": "기능이 다양해서 여러가지 요리를 할 수 있어 만족합니다~ 다만 제품 사용할때 소음이 조금 있어서 아쉽네요~",
    "Source": "쇼핑몰",
    "Domain": "가전",
    "MainCategory": "주방가전",
    "ProductName": "디오스 LG전자 ML32AW1 일반구매",
    "ReviewScore": "5",
    "Syllable": "59",
    "Word": "15",
    "RDate": "20210428",
    "GeneralPolarity": "0",
    "Aspects": [
      {
        "Aspect": "기능",
        "SentimentText": "기능이 다양해서 여러가지 요리를 할 수 있어 만족합니다~",
        "SentimentWord": "8",
        "SentimentPolarity": "1"
      },
      {
        "Aspect": "소음",
        "SentimentText": "제품 사용할때 소음이 조금 있어서 아쉽네요~",
        "SentimentWord": "6",
        "SentimentPolarity": "-1"
      }
    ]
  },
  {
    "Index": "30854",
    "RawText": "기능이 많아서 다양한 요리를 할 수 있어서 너무 좋아요 !!  디자인도 너무 예뻐서 마음에 쏙 듭니다~",
    "Source": "쇼핑몰",
    "Domain": "가전",
    "MainCategory": "주방가전",
    "ProductName": "디오스 LG전자 ML32AW1 일반구매",
    "ReviewScore": "5",
    "Syllable": "57",
    "Word": "16",
    "RDate": "20220104",
    "GeneralPolarity": "1",
    "Aspects": [
      {
        "Aspect": "기능",
        "SentimentText": "기능이 많아서 다양한 요리를 할 수 있어서 너무 좋아요 !!",
        "SentimentWord": "10",
        "SentimentPolarity": "1"
      },
      {
        "Aspect": "디자인",
        "SentimentText": "디자인도 너무 예뻐서 마음에 쏙 듭니다~ ",
        "SentimentWord": "6",
        "SentimentPolarity": "1"
      }
    ]
  },
  {
    "Index": "30855",
    "RawText": "전자레인지, 에어프라이기 등 다양한 기능이 있어서 너무 좋아요. 제품 사용할 때 소리가 생각보다 커서 아쉬워요~",
    "Source": "쇼핑몰",
    "Domain": "가전",
    "MainCategory": "주방가전",
    "ProductName": "디오스 LG전자 ML32AW1 일반구매",
    "ReviewScore": "5",
    "Syllable": "62",
    "Word": "15",
    "RDate": "20210906",
    "GeneralPolarity": "0",
    "Aspects": [
      {
        "Aspect": "기능",
        "SentimentText": "전자레인지, 에어프라이기 등 다양한 기능이 있어서 너무 좋아요.",
        "SentimentWord": "8",
        "SentimentPolarity": "1"
      },
      {
        "Aspect": "소음",
        "SentimentText": "제품 사용할 때 소리가 생각보다 커서 아쉬워요~ ",
        "SentimentWord": "7",
        "SentimentPolarity": "-1"
      }
    ]
  },
  {
    "Index": "30856",
    "RawText": "다른 사이트보다 저렴하게 구입해서 기분이 좋습니다~ 색상이 올 블랙이라 세련돼 보여서 너무 좋아요~!",
    "Source": "쇼핑몰",
    "Domain": "가전",
    "MainCategory": "주방가전",
    "ProductName": "디오스 LG전자 ML32AW1 일반구매",
    "ReviewScore": "5",
    "Syllable": "56",
    "Word": "13",
    "RDate": "20210312",
    "GeneralPolarity": "1",
    "Aspects": [
      {
        "Aspect": "가격",
        "SentimentText": "다른 사이트보다 저렴하게 구입해서 기분이 좋습니다~",
        "SentimentWord": "6",
        "SentimentPolarity": "1"
      },
      {
        "Aspect": "색상",
        "SentimentText": "색상이 올 블랙이라 세련돼 보여서 너무 좋아요~!",
        "SentimentWord": "7",
        "SentimentPolarity": "1"
      }
    ]
  },
  {
    "Index": "30859",
    "RawText": "깔끔하고 세련된 디자인 너무 마음에 듭니다! 소음이 적어서 사용할때 집안이 조용하니 좋아요~",
    "Source": "쇼핑몰",
    "Domain": "가전",
    "MainCategory": "주방가전",
    "ProductName": "디오스 LG전자 ML32AW1 일반구매",
    "ReviewScore": "5",
    "Syllable": "51",
    "Word": "12",
    "RDate": "20211015",
    "GeneralPolarity": "1",
    "Aspects": [
      {
        "Aspect": "디자인",
        "SentimentText": "깔끔하고 세련된 디자인 너무 마음에 듭니다!",
        "SentimentWord": "6",
        "SentimentPolarity": "1"
      },
      {
        "Aspect": "소음",
        "SentimentText": "소음이 적어서 사용할때 집안이 조용하니 좋아요~ ",
        "SentimentWord": "6",
        "SentimentPolarity": "1"
      }
    ]
  },
  {
    "Index": "30860",
    "RawText": "다양한 기능으로 여러가지 요리를 시도해 볼 수 있어서 너무 좋네요.  제품 사용할 때 소음 좀 커서 별로에요 ~ ㅜㅜ",
    "Source": "쇼핑몰",
    "Domain": "가전",
    "MainCategory": "주방가전",
    "ProductName": "디오스 LG전자 ML32AW1 일반구매",
    "ReviewScore": "5",
    "Syllable": "65",
    "Word": "19",
    "RDate": "20210309",
    "GeneralPolarity": "0",
    "Aspects": [
      {
        "Aspect": "기능",
        "SentimentText": "다양한 기능으로 여러가지 요리를 시도해 볼 수 있어서 너무 좋네요. ",
        "SentimentWord": "10",
        "SentimentPolarity": "1"
      },
      {
        "Aspect": "소음",
        "SentimentText": "제품 사용할 때 소음 좀 커서 별로에요 ~ ㅜㅜ",
        "SentimentWord": "9",
        "SentimentPolarity": "-1"
      }
    ]
  },
  {
    "Index": "30861",
    "RawText": "디자인 세련되고 이쁘고 너무 만족스러워요~ 오븐을 사용하면 열기 식는 시간이 너무 오래 걸려서 아쉬워요",
    "Source": "쇼핑몰",
    "Domain": "가전",
    "MainCategory": "주방가전",
    "ProductName": "디오스 LG전자 ML32AW1 일반구매",
    "ReviewScore": "5",
    "Syllable": "57",
    "Word": "14",
    "RDate": "20211029",
    "GeneralPolarity": "0",
    "Aspects": [
      {
        "Aspect": "디자인",
        "SentimentText": "디자인 세련되고 이쁘고 너무 만족스러워요~ ",
        "SentimentWord": "5",
        "SentimentPolarity": "1"
      },
      {
        "Aspect": "시간/속도",
        "SentimentText": "오븐을 사용하면 열기 식는 시간이 너무 오래 걸려서 아쉬워요 ",
        "SentimentWord": "9",
        "SentimentPolarity": "-1"
      }
    ]
  },
  {
    "Index": "30865",
    "RawText": "기능이 다양해서 그런지 다른 거 보다 온도가 낮아서 아쉽네요. 그래도 색상은 블랙이라 세련돼 보이고 좋습니다",
    "Source": "쇼핑몰",
    "Domain": "가전",
    "MainCategory": "주방가전",
    "ProductName": "디오스 LG전자 ML32AW1 일반구매",
    "ReviewScore": "5",
    "Syllable": "60",
    "Word": "15",
    "RDate": "20210113",
    "GeneralPolarity": "0",
    "Aspects": [
      {
        "Aspect": "기능",
        "SentimentText": "기능이 다양해서 그런지 다른 거 보다 온도가 낮아서 아쉽네요. ",
        "SentimentWord": "9",
        "SentimentPolarity": "-1"
      },
      {
        "Aspect": "색상",
        "SentimentText": "색상은 블랙이라 세련돼 보이고 좋습니다 ",
        "SentimentWord": "5",
        "SentimentPolarity": "1"
      }
    ]
  },
  {
    "Index": "30866",
    "RawText": "할인 쿠폰이 있어서 저렴하게 잘 사서 기분이 좋습니다~ 내부도 넓어서 부피가 큰 요리를 마음껏 할 수 있어서 만족해요",
    "Source": "쇼핑몰",
    "Domain": "가전",
    "MainCategory": "주방가전",
    "ProductName": "디오스 LG전자 ML32AW1 일반구매",
    "ReviewScore": "5",
    "Syllable": "65",
    "Word": "18",
    "RDate": "20220107",
    "GeneralPolarity": "1",
    "Aspects": [
      {
        "Aspect": "가격",
        "SentimentText": "할인 쿠폰이 있어서 저렴하게 잘 사서 기분이 좋습니다~",
        "SentimentWord": "8",
        "SentimentPolarity": "1"
      },
      {
        "Aspect": "용량",
        "SentimentText": "내부도 넓어서 부피가 큰 요리를 마음껏 할 수 있어서 만족해요",
        "SentimentWord": "10",
        "SentimentPolarity": "1"
      }
    ]
  },
  {
    "Index": "30867",
    "RawText": "다른 사이트보다 저렴하게 구매 할 수 있어서 너무 만족해요~ 그런데 사이즈가 너무 커서 싱크대 공간을 많이 차지하네요 ㅠ",
    "Source": "쇼핑몰",
    "Domain": "가전",
    "MainCategory": "주방가전",
    "ProductName": "디오스 LG전자 ML32AW1 일반구매",
    "ReviewScore": "5",
    "Syllable": "67",
    "Word": "18",
    "RDate": "20200715",
    "GeneralPolarity": "0",
    "Aspects": [
      {
        "Aspect": "가격",
        "SentimentText": "다른 사이트보다 저렴하게 구매 할 수 있어서 너무 만족해요~",
        "SentimentWord": "9",
        "SentimentPolarity": "1"
      },
      {
        "Aspect": "사이즈",
        "SentimentText": "사이즈가 너무 커서 싱크대 공간을 많이 차지하네요 ㅠ",
        "SentimentWord": "8",
        "SentimentPolarity": "-1"
      }
    ]
  },
  {
    "Index": "30868",
    "RawText": "다양한 기능이 있어서 여러가지 요리를 할 수 있어 좋네요. 재질도 튼튼해서 오븐 표면이 많이 뜨거워 지지 않아 좋습니다~",
    "Source": "쇼핑몰",
    "Domain": "가전",
    "MainCategory": "주방가전",
    "ProductName": "디오스 LG전자 ML32AW1 일반구매",
    "ReviewScore": "5",
    "Syllable": "67",
    "Word": "18",
    "RDate": "20200924",
    "GeneralPolarity": "1",
    "Aspects": [
      {
        "Aspect": "기능",
        "SentimentText": "다양한 기능이 있어서 여러가지 요리를 할 수 있어 좋네요. ",
        "SentimentWord": "9",
        "SentimentPolarity": "1"
      },
      {
        "Aspect": "소재",
        "SentimentText": "재질도 튼튼해서 오븐 표면이 많이 뜨거워 지지 않아 좋습니다~",
        "SentimentWord": "9",
        "SentimentPolarity": "1"
      }
    ]
  },
  {
    "Index": "30869",
    "RawText": "기능이 여러가지라 이것저것 요리 할 수 있어서 넘 재밌고 좋아요. 디자인도 너무 예쁘고 고급져 보여 만족합니다.",
    "Source": "쇼핑몰",
    "Domain": "가전",
    "MainCategory": "주방가전",
    "ProductName": "디오스 LG전자 ML32AW1 일반구매",
    "ReviewScore": "5",
    "Syllable": "62",
    "Word": "16",
    "RDate": "20210925",
    "GeneralPolarity": "1",
    "Aspects": [
      {
        "Aspect": "기능",
        "SentimentText": "기능이 여러가지라 이것저것 요리 할 수 있어서 넘 재밌고 좋아요.",
        "SentimentWord": "10",
        "SentimentPolarity": "1"
      },
      {
        "Aspect": "디자인",
        "SentimentText": "디자인도 너무 예쁘고 고급져 보여 만족합니다.",
        "SentimentWord": "6",
        "SentimentPolarity": "1"
      }
    ]
  },
  {
    "Index": "30870",
    "RawText": "색상은 올 블랙이라 깔끔하고 예쁘네요. 사이즈는 생각보다 너무 커서 놀랬어요.. 주방에 꽉 차니 별로 안예쁘네요 ㅠ",
    "Source": "쇼핑몰",
    "Domain": "가전",
    "MainCategory": "주방가전",
    "ProductName": "디오스 LG전자 ML32AW1 일반구매",
    "ReviewScore": "4",
    "Syllable": "64",
    "Word": "16",
    "RDate": "20210919",
    "GeneralPolarity": "0",
    "Aspects": [
      {
        "Aspect": "색상",
        "SentimentText": "색상은 올 블랙이라 깔끔하고 예쁘네요.",
        "SentimentWord": "5",
        "SentimentPolarity": "1"
      },
      {
        "Aspect": "사이즈",
        "SentimentText": "사이즈는 생각보다 너무 커서 놀랬어요.. 주방에 꽉 차니 별로 안예쁘네요 ㅠ",
        "SentimentWord": "11",
        "SentimentPolarity": "-1"
      }
    ]
  },
  {
    "Index": "30873",
    "RawText": "사이즈가 너무 커서 싱크대가 많이 좁아 보입니다 ㅠ 재질이 얇은 건지 쓰고 나면 열기가 많이 남아 위험할 거 같아요.",
    "Source": "쇼핑몰",
    "Domain": "가전",
    "MainCategory": "주방가전",
    "ProductName": "디오스 LG전자 ML32AW1 일반구매",
    "ReviewScore": "5",
    "Syllable": "65",
    "Word": "19",
    "RDate": "20210216",
    "GeneralPolarity": "-1",
    "Aspects": [
      {
        "Aspect": "사이즈",
        "SentimentText": "사이즈가 너무 커서 싱크대가 많이 좁아 보입니다 ㅠ",
        "SentimentWord": "8",
        "SentimentPolarity": "-1"
      },
      {
        "Aspect": "소재",
        "SentimentText": "재질이 얇은 건지 쓰고 나면 열기가 많이 남아 위험할 거 같아요.",
        "SentimentWord": "11",
        "SentimentPolarity": "-1"
      }
    ]
  },
  {
    "Index": "30874",
    "RawText": "전자레인지 보다 큰 사이즈 때문에 주방이 너무 좁아 보여 별로에요ㅠ  그래도 사용할 때 소리는 조용해서 좋네요",
    "Source": "쇼핑몰",
    "Domain": "가전",
    "MainCategory": "주방가전",
    "ProductName": "디오스 LG전자 ML32AW1 일반구매",
    "ReviewScore": "4",
    "Syllable": "61",
    "Word": "16",
    "RDate": "20201120",
    "GeneralPolarity": "0",
    "Aspects": [
      {
        "Aspect": "사이즈",
        "SentimentText": "전자레인지 보다 큰 사이즈 때문에 주방이 너무 좁아 보여 별로에요ㅠ",
        "SentimentWord": "10",
        "SentimentPolarity": "-1"
      },
      {
        "Aspect": "소음",
        "SentimentText": "사용할 때 소리는 조용해서 좋네요 ",
        "SentimentWord": "5",
        "SentimentPolarity": "1"
      }
    ]
  },
  {
    "Index": "30876",
    "RawText": "기능이 다양해서 마음에 듭니다~ 디자인도 깔끔하고 예뻐서 마음에 들어요~",
    "Source": "쇼핑몰",
    "Domain": "가전",
    "MainCategory": "주방가전",
    "ProductName": "디오스 LG전자 ML32AW1 일반구매",
    "ReviewScore": "5",
    "Syllable": "40",
    "Word": "9",
    "RDate": "20200111",
    "GeneralPolarity": "1",
    "Aspects": [
      {
        "Aspect": "기능",
        "SentimentText": "기능이 다양해서 마음에 듭니다~",
        "SentimentWord": "4",
        "SentimentPolarity": "1"
      },
      {
        "Aspect": "디자인",
        "SentimentText": "디자인도 깔끔하고 예뻐서 마음에 들어요~",
        "SentimentWord": "5",
        "SentimentPolarity": "1"
      }
    ]
  },
  {
    "Index": "30878",
    "RawText": "기능 엄청 다양해요!! 이것저것 요리 할 수 있어서 너무 좋네요~ 그런데 소재가 얇은 건가.. 열기가 너무 오래 남아서 화상 입을 거 같아요 무서워요ㅠ",
    "Source": "쇼핑몰",
    "Domain": "가전",
    "MainCategory": "주방가전",
    "ProductName": "디오스 LG전자 ML32AW1 일반구매",
    "ReviewScore": "5",
    "Syllable": "84",
    "Word": "23",
    "RDate": "20200814",
    "GeneralPolarity": "0",
    "Aspects": [
      {
        "Aspect": "기능",
        "SentimentText": "기능 엄청 다양해요!! 이것저것 요리 할 수 있어서 너무 좋네요~ ",
        "SentimentWord": "10",
        "SentimentPolarity": "1"
      },
      {
        "Aspect": "소재",
        "SentimentText": "소재가 얇은 건가.. 열기가 너무 오래 남아서 화상 입을 거 같아요 무서워요ㅠ",
        "SentimentWord": "12",
        "SentimentPolarity": "-1"
      }
    ]
  },
  {
    "Index": "30881",
    "RawText": "부모님께 선물로 보내드렸는데 디자인이 너무 예쁘다고 좋아하시네요. 복합형이라 전자레인지 오븐 조리 등등 기능이 다양해서 너무 좋아요.",
    "Source": "쇼핑몰",
    "Domain": "가전",
    "MainCategory": "주방가전",
    "ProductName": "디오스 LG전자 ML32AW1 일반구매",
    "ReviewScore": "5",
    "Syllable": "74",
    "Word": "16",
    "RDate": "20210503",
    "GeneralPolarity": "1",
    "Aspects": [
      {
        "Aspect": "디자인",
        "SentimentText": "부모님께 선물로 보내드렸는데 디자인이 너무 예쁘다고 좋아하시네요.",
        "SentimentWord": "7",
        "SentimentPolarity": "1"
      },
      {
        "Aspect": "기능",
        "SentimentText": "복합형이라 전자레인지 오븐 조리 등등 기능이 다양해서 너무 좋아요.",
        "SentimentWord": "9",
        "SentimentPolarity": "1"
      }
    ]
  },
  {
    "Index": "30882",
    "RawText": "에어프라이어 목적으로 사용하면 일반모드가 없어서 굉장히 불편해요. 그리고 다른 요리를 할때마다 상판에 맞는 그릇을 해야해서 번거로워요. 귀찮습니다.",
    "Source": "쇼핑몰",
    "Domain": "가전",
    "MainCategory": "주방가전",
    "ProductName": "디오스 LG전자 ML32AW1 일반구매",
    "ReviewScore": "4",
    "Syllable": "82",
    "Word": "17",
    "RDate": "20200816",
    "GeneralPolarity": "-1",
    "Aspects": [
      {
        "Aspect": "기능",
        "SentimentText": "에어프라이어 목적으로 사용하면 일반모드가 없어서 굉장히 불편해요.",
        "SentimentWord": "7",
        "SentimentPolarity": "-1"
      },
      {
        "Aspect": "편의성",
        "SentimentText": "그리고 다른 요리를 할때마다 상판에 맞는 그릇을 해야해서 번거로워요. 귀찮습니다.",
        "SentimentWord": "10",
        "SentimentPolarity": "-1"
      }
    ]
  },
  {
    "Index": "30886",
    "RawText": "역시 오븐은 이 브랜드 따라갈 자가 없네요. 믿고쓰는 브랜드입니다. 디자인도 아주 고급스러워서 맘에 들어요.",
    "Source": "쇼핑몰",
    "Domain": "가전",
    "MainCategory": "주방가전",
    "ProductName": "디오스 LG전자 ML32AW1 일반구매",
    "ReviewScore": "5",
    "Syllable": "60",
    "Word": "14",
    "RDate": "20210406",
    "GeneralPolarity": "1",
    "Aspects": [
      {
        "Aspect": "제조일/제조사",
        "SentimentText": "역시 오븐은 이 브랜드 따라갈 자가 없네요. 믿고쓰는 브랜드입니다.",
        "SentimentWord": "9",
        "SentimentPolarity": "1"
      },
      {
        "Aspect": "디자인",
        "SentimentText": "디자인도 아주 고급스러워서 맘에 들어요.",
        "SentimentWord": "5",
        "SentimentPolarity": "1"
      }
    ]
  },
  {
    "Index": "30887",
    "RawText": "오븐인데도 튀김, 레인지, 스팀, 그릴등 여러가지 기능으로 요리를 할 수 있어서 너무 좋아요!  그리고 생각보다 무게가 엄청 나가서 설치할때 깜짝놀랬네요. 선반 얇은데 올리면 주저앉을거 같아요.",
    "Source": "쇼핑몰",
    "Domain": "가전",
    "MainCategory": "주방가전",
    "ProductName": "디오스 LG전자 ML32AW1 일반구매",
    "ReviewScore": "4",
    "Syllable": "108",
    "Word": "25",
    "RDate": "20210225",
    "GeneralPolarity": "0",
    "Aspects": [
      {
        "Aspect": "기능",
        "SentimentText": "오븐인데도 튀김, 레인지, 스팀, 그릴등 여러가지 기능으로 요리를 할 수 있어서 너무 좋아요!",
        "SentimentWord": "13",
        "SentimentPolarity": "1"
      },
      {
        "Aspect": "무게",
        "SentimentText": "그리고 생각보다 무게가 엄청 나가서 설치할때 깜짝놀랬네요. 선반 얇은데 올리면 주저앉을거 같아요.",
        "SentimentWord": "12",
        "SentimentPolarity": "-1"
      }
    ]
  },
  {
    "Index": "30888",
    "RawText": "테스트로 오븐에 식빵을 구워먹어봤는데 너무 바삭하고 맛있네요. 성능 대박입니다. 그리고 다이얼버튼식이라 조작하기도 편해서 좋아요.",
    "Source": "쇼핑몰",
    "Domain": "가전",
    "MainCategory": "주방가전",
    "ProductName": "디오스 LG전자 ML32AW1 일반구매",
    "ReviewScore": "5",
    "Syllable": "72",
    "Word": "14",
    "RDate": "20200925",
    "GeneralPolarity": "1",
    "Aspects": [
      {
        "Aspect": "기능",
        "SentimentText": "테스트로 오븐에 식빵을 구워먹어봤는데 너무 바삭하고 맛있네요. 성능 대박입니다.",
        "SentimentWord": "9",
        "SentimentPolarity": "1"
      },
      {
        "Aspect": "조작성",
        "SentimentText": "그리고 다이얼버튼식이라 조작하기도 편해서 좋아요.",
        "SentimentWord": "5",
        "SentimentPolarity": "1"
      }
    ]
  },
  {
    "Index": "30889",
    "RawText": "복합형레인지라고 하더니만 오븐도, 전자레인지 기능도 모두 훌륭하네요 너무 마음에 들어요!  다만 조금 아쉬운게 많이 무겁습니다 설치하려고 들어봤다가 허리가 나갈뻔했네요;;",
    "Source": "쇼핑몰",
    "Domain": "가전",
    "MainCategory": "주방가전",
    "ProductName": "디오스 LG전자 ML32AW1 일반구매",
    "ReviewScore": "5",
    "Syllable": "95",
    "Word": "19",
    "RDate": "20201002",
    "GeneralPolarity": "0",
    "Aspects": [
      {
        "Aspect": "기능",
        "SentimentText": "복합형레인지라고 하더니만 오븐도, 전자레인지 기능도 모두 훌륭하네요 너무 마음에 들어요! ",
        "SentimentWord": "10",
        "SentimentPolarity": "1"
      },
      {
        "Aspect": "무게",
        "SentimentText": "다만 조금 아쉬운게 많이 무겁습니다 설치하려고 들어봤다가 허리가 나갈뻔했네요;;",
        "SentimentWord": "9",
        "SentimentPolarity": "-1"
      }
    ]
  },
  {
    "Index": "30890",
    "RawText": "기본적으로 오븐으로 할 수있는 요리가 많아서 여러가지 시도를 해보게 되네요. 다양하게 먹을 수 있어 너무 좋아요! 조금 아쉬운점이 모드가 돌아갈때 소음이 생각보다 많이 커서 놀랬습니다; 시끄러운 편이예요. ",
    "Source": "쇼핑몰",
    "Domain": "가전",
    "MainCategory": "주방가전",
    "ProductName": "디오스 LG전자 ML32AW1 일반구매",
    "ReviewScore": "5",
    "Syllable": "115",
    "Word": "27",
    "RDate": "20211214",
    "GeneralPolarity": "0",
    "Aspects": [
      {
        "Aspect": "기능",
        "SentimentText": "기본적으로 오븐으로 할 수있는 요리가 많아서 여러가지 시도를 해보게 되네요. 다양하게 먹을 수 있어 너무 좋아요!",
        "SentimentWord": "16",
        "SentimentPolarity": "1"
      },
      {
        "Aspect": "소음",
        "SentimentText": "조금 아쉬운점이 모드가 돌아갈때 소음이 생각보다 많이 커서 놀랬습니다; 시끄러운 편이예요.",
        "SentimentWord": "11",
        "SentimentPolarity": "-1"
      }
    ]
  },
  {
    "Index": "30891",
    "RawText": "오븐 사이즈 굉장히 커서 놀랬어요. 그래서 원래 놓으려던 위치에 못넣고 그냥 올려놓고 쓰네요;; 조리 후에 열기가 식는 시간이 굉장히 오래걸려서 바로 뭘 쓰기가 불편해요.",
    "Source": "쇼핑몰",
    "Domain": "가전",
    "MainCategory": "주방가전",
    "ProductName": "디오스 LG전자 ML32AW1 일반구매",
    "ReviewScore": "3",
    "Syllable": "95",
    "Word": "24",
    "RDate": "20211027",
    "GeneralPolarity": "-1",
    "Aspects": [
      {
        "Aspect": "사이즈",
        "SentimentText": "오븐 사이즈 굉장히 커서 놀랬어요. 그래서 원래 놓으려던 위치에 못넣고 그냥 올려놓고 쓰네요;;",
        "SentimentWord": "13",
        "SentimentPolarity": "-1"
      },
      {
        "Aspect": "시간/속도",
        "SentimentText": "조리 후에 열기가 식는 시간이 굉장히 오래걸려서 바로 뭘 쓰기가 불편해요.",
        "SentimentWord": "11",
        "SentimentPolarity": "-1"
      }
    ]
  },
  {
    "Index": "30894",
    "RawText": "앱이랑 연동이 잘 안되고 와이파이가 잘 안잡혀서 등록이 안되서 어려웠어요.  출력도 좋아서 빨리 가열되고 음식이 빨리 뎁혀져서 좋아요.",
    "Source": "쇼핑몰",
    "Domain": "가전",
    "MainCategory": "주방가전",
    "ProductName": "디오스 LG전자 ML32AW1 일반구매",
    "ReviewScore": "5",
    "Syllable": "75",
    "Word": "18",
    "RDate": "20211231",
    "GeneralPolarity": "0",
    "Aspects": [
      {
        "Aspect": "조작성",
        "SentimentText": "앱이랑 연동이 잘 안되고 와이파이가 잘 안잡혀서 등록이 안되서 어려웠어요. ",
        "SentimentWord": "10",
        "SentimentPolarity": "-1"
      },
      {
        "Aspect": "기능",
        "SentimentText": "출력도 좋아서 빨리 가열되고 음식이 빨리 뎁혀져서 좋아요.",
        "SentimentWord": "8",
        "SentimentPolarity": "1"
      }
    ]
  },
  {
    "Index": "30896",
    "RawText": "요즘은 복합형으로 나오니까 너무 좋네요. 오븐하나만 사도 레인지,에어프라이어 여러가지 기능을 할수있어 좋습니다. 거기다 청소도 굉장히 쉽게 할 수 있어서 너무 좋네요.",
    "Source": "쇼핑몰",
    "Domain": "가전",
    "MainCategory": "주방가전",
    "ProductName": "디오스 LG전자 ML32AW1 일반구매",
    "ReviewScore": "5",
    "Syllable": "93",
    "Word": "21",
    "RDate": "20220105",
    "GeneralPolarity": "1",
    "Aspects": [
      {
        "Aspect": "기능",
        "SentimentText": "요즘은 복합형으로 나오니까 너무 좋네요. 오븐하나만 사도 레인지,에어프라이어 여러가지 기능을 할수있어 좋습니다.",
        "SentimentWord": "12",
        "SentimentPolarity": "1"
      },
      {
        "Aspect": "편의성",
        "SentimentText": "거기다 청소도 굉장히 쉽게 할 수 있어서 너무 좋네요.",
        "SentimentWord": "9",
        "SentimentPolarity": "1"
      }
    ]
  },
  {
    "Index": "30898",
    "RawText": "손에 조금만 뭐가 묻어도 터치버튼이 잘 먹지 않아 항상 깨끗한 지문으로 해야해서 좀 불편해요. 컬러가 블랙이라 샀는데 생각보다 좀 칙칙한 블랙계열이라 촌시렵네요. ",
    "Source": "쇼핑몰",
    "Domain": "가전",
    "MainCategory": "주방가전",
    "ProductName": "디오스 LG전자 ML32AW1 일반구매",
    "ReviewScore": "4",
    "Syllable": "91",
    "Word": "22",
    "RDate": "20200910",
    "GeneralPolarity": "-1",
    "Aspects": [
      {
        "Aspect": "조작성",
        "SentimentText": "손에 조금만 뭐가 묻어도 터치버튼이 잘 먹지 않아 항상 깨끗한 지문으로 해야해서 좀 불편해요.",
        "SentimentWord": "14",
        "SentimentPolarity": "-1"
      },
      {
        "Aspect": "색상",
        "SentimentText": "컬러가 블랙이라 샀는데 생각보다 좀 칙칙한 블랙계열이라 촌시렵네요.",
        "SentimentWord": "8",
        "SentimentPolarity": "-1"
      }
    ]
  },
  {
    "Index": "30900",
    "RawText": "다양한 요리를 할 수 있는 장점에 비해 가격이 정말정말 착하고 좋은제품 사서 좋습니다. 32L용량 이라고했는데 생각한거보다 깊이만 깊지 넓이는 그렇게 넓지않아요. 생각보다 작습니다.",
    "Source": "쇼핑몰",
    "Domain": "가전",
    "MainCategory": "주방가전",
    "ProductName": "디오스 LG전자 ML32AW1 일반구매",
    "ReviewScore": "5",
    "Syllable": "101",
    "Word": "23",
    "RDate": "20210911",
    "GeneralPolarity": "0",
    "Aspects": [
      {
        "Aspect": "가격",
        "SentimentText": "다양한 요리를 할 수 있는 장점에 비해 가격이 정말정말 착하고 좋은제품 사서 좋습니다.",
        "SentimentWord": "13",
        "SentimentPolarity": "1"
      },
      {
        "Aspect": "용량",
        "SentimentText": "32L용량 이라고했는데 생각한거보다 깊이만 깊지 넓이는 그렇게 넓지않아요. 생각보다 작습니다.",
        "SentimentWord": "10",
        "SentimentPolarity": "-1"
      }
    ]
  },
  {
    "Index": "30901",
    "RawText": "전에 쓰던 오븐이 망가져서 이번에 구입하게 됐는데 저렴한 가격에 구매해서 너무 좋아요! 테스트로 베이킹해봤는데 너무 잘되서 빵 자주 구워먹게 생겼네요 좋아요.",
    "Source": "쇼핑몰",
    "Domain": "가전",
    "MainCategory": "주방가전",
    "ProductName": "디오스 LG전자 ML32AW1 일반구매",
    "ReviewScore": "5",
    "Syllable": "88",
    "Word": "21",
    "RDate": "20210924",
    "GeneralPolarity": "1",
    "Aspects": [
      {
        "Aspect": "가격",
        "SentimentText": "전에 쓰던 오븐이 망가져서 이번에 구입하게 됐는데 저렴한 가격에 구매해서 너무 좋아요!",
        "SentimentWord": "12",
        "SentimentPolarity": "1"
      },
      {
        "Aspect": "기능",
        "SentimentText": "테스트로 베이킹해봤는데 너무 잘되서 빵 자주 구워먹게 생겼네요 좋아요.",
        "SentimentWord": "9",
        "SentimentPolarity": "1"
      }
    ]
  },
  {
    "Index": "30903",
    "RawText": "굉장히 여러기능이 있는데 생각한거보다 조작법이 어려워 사용못하고 있어 무용지물이네요. 전자레인지 기능이 제일 편해서 그것만 사용하고 있네요. 그냥저냥 비싼전자레인지 샀어요.",
    "Source": "쇼핑몰",
    "Domain": "가전",
    "MainCategory": "주방가전",
    "ProductName": "디오스 LG전자 ML32AW1 일반구매",
    "ReviewScore": "5",
    "Syllable": "96",
    "Word": "19",
    "RDate": "20220314",
    "GeneralPolarity": "-1",
    "Aspects": [
      {
        "Aspect": "조작성",
        "SentimentText": "굉장히 여러기능이 있는데 생각한거보다 조작법이 어려워 사용못하고 있어 무용지물이네요.",
        "SentimentWord": "9",
        "SentimentPolarity": "-1"
      },
      {
        "Aspect": "기능",
        "SentimentText": "전자레인지 기능이 제일 편해서 그것만 사용하고 있네요. 그냥저냥 비싼전자레인지 샀어요.",
        "SentimentWord": "10",
        "SentimentPolarity": "0"
      }
    ]
  }
]