[
  {
    "Index": "29051",
    "RawText": "세척을 잘 해서 그릇이 깨끗하게 나와서 만족입니다. 그런데 세척하는 시간이 생각보다 많이 길어서 지루하네요ㅜ",
    "Source": "쇼핑몰",
    "Domain": "가전",
    "MainCategory": "주방가전",
    "ProductName": "디오스 LG전자 스팀 DUB22WA 일반구매",
    "ReviewScore": "4",
    "Syllable": "60",
    "Word": "14",
    "RDate": "20220321",
    "Aspects": [
      {
        "Aspect": "기능",
        "SentimentText": "세척을 잘 해서 그릇이 깨끗하게 나와서 만족입니다.",
        "SentimentWord": "7",
        "SentimentPolarity": "1"
      },
      {
        "Aspect": "시간/속도",
        "SentimentText": "세척하는 시간이 생각보다 많이 길어서 지루하네요ㅜ",
        "SentimentWord": "6",
        "SentimentPolarity": "-1"
      }
    ]
  },
  {
    "Index": "29052",
    "RawText": "일반 그릇류는 깨끗하게 세척되고 건조까지 완벽해서 만족합니다!! 용량을 너무 큰 걸 샀나 자주 돌리기에는 별로에요",
    "Source": "쇼핑몰",
    "Domain": "가전",
    "MainCategory": "주방가전",
    "ProductName": "디오스 LG전자 스팀 DUB22WA 일반구매",
    "ReviewScore": "5",
    "Syllable": "63",
    "Word": "15",
    "RDate": "20220422",
    "Aspects": [
      {
        "Aspect": "기능",
        "SentimentText": "일반 그릇류는 깨끗하게 세척되고 건조까지 완벽해서 만족합니다!! ",
        "SentimentWord": "7",
        "SentimentPolarity": "1"
      },
      {
        "Aspect": "용량",
        "SentimentText": " 용량을 너무 큰 걸 샀나 자주 돌리기에는 별로에요",
        "SentimentWord": "8",
        "SentimentPolarity": "-1"
      }
    ]
  },
  {
    "Index": "29053",
    "RawText": "색상은 너무 이쁘고 마음에 들어요 그런데 소음은 생각보다 너무 커서 신경이 쓰이네요ㅜㅜ",
    "Source": "쇼핑몰",
    "Domain": "가전",
    "MainCategory": "주방가전",
    "ProductName": "디오스 LG전자 스팀 DUB22WA 일반구매",
    "ReviewScore": "4",
    "Syllable": "48",
    "Word": "12",
    "RDate": "20220316",
    "Aspects": [
      {
        "Aspect": "색상",
        "SentimentText": "색상은 너무 이쁘고 마음에 들어요 ",
        "SentimentWord": "5",
        "SentimentPolarity": "1"
      },
      {
        "Aspect": "소음",
        "SentimentText": "소음은 생각보다 너무 커서 신경이 쓰이네요ㅜㅜ",
        "SentimentWord": "6",
        "SentimentPolarity": "-1"
      }
    ]
  },
  {
    "Index": "29054",
    "RawText": "살균건조 기능이 있어서 그릇들을 위생적으로 관리할 수 있어서 정말 좋네요!! 근데 그릇 세척할 때 물 소리가 좀 크게 나는 거 같아서 아쉽습니다~",
    "Source": "쇼핑몰",
    "Domain": "가전",
    "MainCategory": "주방가전",
    "ProductName": "디오스 LG전자 스팀 DUB22WA 일반구매",
    "ReviewScore": "5",
    "Syllable": "81",
    "Word": "22",
    "RDate": "20211022",
    "Aspects": [
      {
        "Aspect": "기능",
        "SentimentText": "살균건조 기능이 있어서 그릇들을 위생적으로 관리할 수 있어서 정말 좋네요!! ",
        "SentimentWord": "10",
        "SentimentPolarity": "1"
      },
      {
        "Aspect": "소음",
        "SentimentText": "그릇 세척할 때 물 소리가 좀 크게 나는 거 같아서 아쉽습니다~ ",
        "SentimentWord": "11",
        "SentimentPolarity": "-1"
      }
    ]
  },
  {
    "Index": "29055",
    "RawText": "배송 너무 느려서 돌기 일 보직적이었네요;; 포장상태도 꼼꼼하지 않아서 별로요 제품이 너무 커서 미련해보이네요. 한번 작동후에 바닥에 물이세는것같이 고여있어요. ㅠㅠ",
    "Source": "쇼핑몰",
    "Domain": "가전",
    "MainCategory": "주방가전",
    "ProductName": "디오스 LG전자 스팀 DUB22WA 일반구매",
    "ReviewScore": "5",
    "Syllable": "92",
    "Word": "20",
    "RDate": "20220601",
    "Aspects": [
      {
        "Aspect": "사이즈",
        "SentimentText": "제품이 너무 커서 미련해보이네요.",
        "SentimentWord": "4",
        "SentimentPolarity": "-1"
      },
      {
        "Aspect": "품질",
        "SentimentText": "한번 작동후에 바닥에 물이세는것같이 고여있어요. ㅠㅠ",
        "SentimentWord": "6",
        "SentimentPolarity": "-1"
      }
    ]
  },
  {
    "Index": "29056",
    "RawText": "성능이 좋아서 그릇이 깨끗해져서 만족입니다~ 기계음이 조금 있는 거 같아 아쉬울뿐..",
    "Source": "쇼핑몰",
    "Domain": "가전",
    "MainCategory": "주방가전",
    "ProductName": "디오스 LG전자 스팀 DUB22WA 일반구매",
    "ReviewScore": "5",
    "Syllable": "47",
    "Word": "11",
    "RDate": "20220607",
    "GeneralPolarity": "0",
    "Aspects": [
      {
        "Aspect": "기능",
        "SentimentText": "성능이 좋아서 그릇이 깨끗해져서 만족입니다~",
        "SentimentWord": "5",
        "SentimentPolarity": "1"
      },
      {
        "Aspect": "소음",
        "SentimentText": "기계음이 조금 있는 거 같아 아쉬울뿐..",
        "SentimentWord": "6",
        "SentimentPolarity": "-1"
      }
    ]
  },
  {
    "Index": "29057",
    "RawText": "추가 설치비용이 너무 많이 들어서 별로였어요. 그래도 제품 품질은 좋아서 맘에 들어요!",
    "Source": "쇼핑몰",
    "Domain": "가전",
    "MainCategory": "주방가전",
    "ProductName": "디오스 LG전자 스팀 DUB22WA 일반구매",
    "ReviewScore": "5",
    "Syllable": "48",
    "Word": "12",
    "RDate": "20220528",
    "Aspects": [
      {
        "Aspect": "가격",
        "SentimentText": "추가 설치비용이 너무 많이 들어서 별로였어요. ",
        "SentimentWord": "6",
        "SentimentPolarity": "-1"
      },
      {
        "Aspect": "품질",
        "SentimentText": "제품 품질은 좋아서 맘에 들어요!",
        "SentimentWord": "5",
        "SentimentPolarity": "1"
      }
    ]
  },
  {
    "Index": "29058",
    "RawText": "그릇을 많이 넣고 세척기 작동하니 세제 자국 같은게 남아 있어서 찝찝하네요...디자인은 예뻐서 마음의 위안을.. 만족스럽습니다",
    "Source": "쇼핑몰",
    "Domain": "가전",
    "MainCategory": "주방가전",
    "ProductName": "디오스 LG전자 스팀 DUB22WA 일반구매",
    "ReviewScore": "3",
    "Syllable": "70",
    "Word": "15",
    "RDate": "20220314",
    "Aspects": [
      {
        "Aspect": "기능",
        "SentimentText": "그릇을 많이 넣고 세척기 작동하니 세제 자국 같은게 남아 있어서 찝찝하네요...",
        "SentimentWord": "11",
        "SentimentPolarity": "-1"
      },
      {
        "Aspect": "디자인",
        "SentimentText": "디자인은 예뻐서 마음의 위안을.. 만족스럽습니다",
        "SentimentWord": "5",
        "SentimentPolarity": "1"
      }
    ]
  },
  {
    "Index": "29060",
    "RawText": "그릇이 뽀드득 잘 닦여서 기능 최고요~ 저렴하게 잘 산거 같아서 기분이 넘 좋습니다~",
    "Source": "쇼핑몰",
    "Domain": "가전",
    "MainCategory": "주방가전",
    "ProductName": "디오스 LG전자 스팀 DUB22WA 일반구매",
    "ReviewScore": "5",
    "Syllable": "47",
    "Word": "13",
    "RDate": "20211119",
    "GeneralPolarity": "1",
    "Aspects": [
      {
        "Aspect": "기능",
        "SentimentText": "그릇이 뽀드득 잘 닦여서 기능 최고요~ ",
        "SentimentWord": "6",
        "SentimentPolarity": "1"
      },
      {
        "Aspect": "가격",
        "SentimentText": "저렴하게 잘 산거 같아서 기분이 넘 좋습니다~",
        "SentimentWord": "7",
        "SentimentPolarity": "1"
      }
    ]
  },
  {
    "Index": "29062",
    "RawText": "세척 소요시간이 좀 오래 걸리는게 단점이네요~ 그릇이나 수저등 깔끔하게 세척이 잘되서 만족합니다^^",
    "Source": "쇼핑몰",
    "Domain": "가전",
    "MainCategory": "주방가전",
    "ProductName": "디오스 LG전자 스팀 DUB22WA 일반구매",
    "ReviewScore": "5",
    "Syllable": "55",
    "Word": "12",
    "RDate": "20220419",
    "Aspects": [
      {
        "Aspect": "시간/속도",
        "SentimentText": "세척 소요시간이 좀 오래 걸리는게 단점이네요~",
        "SentimentWord": "6",
        "SentimentPolarity": "-1"
      },
      {
        "Aspect": "기능",
        "SentimentText": "그릇이나 수저등 깔끔하게 세척이 잘되서 만족합니다^^",
        "SentimentWord": "6",
        "SentimentPolarity": "1"
      }
    ]
  },
  {
    "Index": "29063",
    "RawText": "사은품이 누락되서 못받아서 열받네요;;  세척기 성능은 좋아서 깨끗하게 잘 닦이고 건조도 잘 되서 좋아요~",
    "Source": "쇼핑몰",
    "Domain": "가전",
    "MainCategory": "주방가전",
    "ProductName": "디오스 LG전자 스팀 DUB22WA 일반구매",
    "ReviewScore": "5",
    "Syllable": "59",
    "Word": "14",
    "RDate": "20220312",
    "Aspects": [
      {
        "Aspect": "제품구성",
        "SentimentText": "사은품이 누락되서 못받아서 열받네요;; ",
        "SentimentWord": "4",
        "SentimentPolarity": "-1"
      },
      {
        "Aspect": "기능",
        "SentimentText": " 세척기 성능은 좋아서 깨끗하게 잘 닦이고 건조도 잘 되서 좋아요~",
        "SentimentWord": "10",
        "SentimentPolarity": "1"
      }
    ]
  },
  {
    "Index": "29064",
    "RawText": "그릇이 잘 닦여서 힘도 안들고 넘 좋네요~그런데 구매후 가격이 내려가서 좀 속상하네요...",
    "Source": "쇼핑몰",
    "Domain": "가전",
    "MainCategory": "주방가전",
    "ProductName": "디오스 LG전자 스팀 DUB22WA 일반구매",
    "ReviewScore": "3",
    "Syllable": "50",
    "Word": "12",
    "RDate": "20211125",
    "Aspects": [
      {
        "Aspect": "기능",
        "SentimentText": "그릇이 잘 닦여서 힘도 안들고 넘 좋네요~",
        "SentimentWord": "7",
        "SentimentPolarity": "1"
      },
      {
        "Aspect": "가격",
        "SentimentText": " 구매후 가격이 내려가서 좀 속상하네요...",
        "SentimentWord": "5",
        "SentimentPolarity": "-1"
      }
    ]
  },
  {
    "Index": "29065",
    "RawText": "깔끔한 디자인을 좋아해서 선택했어요^^ 색상은 너무 화이트라 금방 더러워질 거 같아 아쉽네요",
    "Source": "쇼핑몰",
    "Domain": "가전",
    "MainCategory": "주방가전",
    "ProductName": "디오스 LG전자 스팀 DUB22WA 일반구매",
    "ReviewScore": "5",
    "Syllable": "51",
    "Word": "12",
    "RDate": "20220419",
    "Aspects": [
      {
        "Aspect": "디자인",
        "SentimentText": "깔끔한 디자인을 좋아해서 선택했어요^^ ",
        "SentimentWord": "4",
        "SentimentPolarity": "1"
      },
      {
        "Aspect": "색상",
        "SentimentText": "색상은 너무 화이트라 금방 더러워질 거 같아 아쉽네요",
        "SentimentWord": "8",
        "SentimentPolarity": "-1"
      }
    ]
  },
  {
    "Index": "29066",
    "RawText": "세척기 소음이 확 줄어서 너무 조용하게 작동하네요!! 성능도 굿! 그릇이 아주 깨끗해지네요~",
    "Source": "쇼핑몰",
    "Domain": "가전",
    "MainCategory": "주방가전",
    "ProductName": "디오스 LG전자 스팀 DUB22WA 일반구매",
    "ReviewScore": "5",
    "Syllable": "51",
    "Word": "12",
    "RDate": "20220428",
    "Aspects": [
      {
        "Aspect": "소음",
        "SentimentText": "세척기 소음이 확 줄어서 너무 조용하게 작동하네요!!",
        "SentimentWord": "7",
        "SentimentPolarity": "1"
      },
      {
        "Aspect": "기능",
        "SentimentText": "성능도 굿! 그릇이 아주 깨끗해지네요~",
        "SentimentWord": "5",
        "SentimentPolarity": "1"
      }
    ]
  },
  {
    "Index": "29067",
    "RawText": "컬러가 무광이길 바랬는데 유광 화이트라 실망;; 소음도 크진 않지만 조금 있어서 밤에는 못 돌려요 아쉽네요",
    "Source": "쇼핑몰",
    "Domain": "가전",
    "MainCategory": "주방가전",
    "ProductName": "디오스 LG전자 스팀 DUB22WA 일반구매",
    "ReviewScore": "5",
    "Syllable": "59",
    "Word": "15",
    "RDate": "20211103",
    "GeneralPolarity": "-1",
    "Aspects": [
      {
        "Aspect": "색상",
        "SentimentText": "컬러가 무광이길 바랬는데 유광 화이트라 실망;;",
        "SentimentWord": "6",
        "SentimentPolarity": "-1"
      },
      {
        "Aspect": "소음",
        "SentimentText": "소음도 크진 않지만 조금 있어서 밤에는 못 돌려요 아쉽네요",
        "SentimentWord": "9",
        "SentimentPolarity": "-1"
      }
    ]
  },
  {
    "Index": "29068",
    "RawText": "주방 수납장에 맞춰서 설치하려고 하니 비용이 추가되어 아쉽네요.. 세척 기능은 신세계를 경험하게 됩니다 적극 추천합니다!",
    "Source": "쇼핑몰",
    "Domain": "가전",
    "MainCategory": "주방가전",
    "ProductName": "디오스 LG전자 스팀 DUB22WA 일반구매",
    "ReviewScore": "5",
    "Syllable": "67",
    "Word": "15",
    "RDate": "20220523",
    "GeneralPolarity": "0",
    "Aspects": [
      {
        "Aspect": "가격",
        "SentimentText": "주방 수납장에 맞춰서 설치하려고 하니 비용이 추가되어 아쉽네요.. ",
        "SentimentWord": "8",
        "SentimentPolarity": "-1"
      },
      {
        "Aspect": "기능",
        "SentimentText": "세척 기능은 신세계를 경험하게 됩니다 적극 추천합니다!",
        "SentimentWord": "7",
        "SentimentPolarity": "1"
      }
    ]
  },
  {
    "Index": "29069",
    "RawText": "타 브랜드랑 엄청 고민하다 이 브랜드가 최고라는 말 듣고 구입했는데 너무 만족스러워요. 화이트색 컬러도 너무 고급스럽고 잘 쓰겠습니다.",
    "Source": "쇼핑몰",
    "Domain": "가전",
    "MainCategory": "주방가전",
    "ProductName": "디오스 LG전자 스팀 DUB22WA 일반구매",
    "ReviewScore": "5",
    "Syllable": "75",
    "Word": "18",
    "RDate": "20220207",
    "GeneralPolarity": "1",
    "Aspects": [
      {
        "Aspect": "제조일/제조사",
        "SentimentText": "타 브랜드랑 엄청 고민하다 이 브랜드가 최고라는 말 듣고 구입했는데 너무 만족스러워요.",
        "SentimentWord": "12",
        "SentimentPolarity": "1"
      },
      {
        "Aspect": "색상",
        "SentimentText": " 화이트색 컬러도 너무 고급스럽고 잘 쓰겠습니다.",
        "SentimentWord": "6",
        "SentimentPolarity": "1"
      }
    ]
  },
  {
    "Index": "29070",
    "RawText": "제품은 고급스러워 보이고 만족합니다. 씽크장 공사하는 부분에서 너무 힘들었어요ㅠ 설치하고 사용하기전에  제품자체에서 플라스틱 냄새가 많이 났어요.. 점점 냄새 빠지길 바래봅니다",
    "Source": "쇼핑몰",
    "Domain": "가전",
    "MainCategory": "주방가전",
    "ProductName": "디오스 LG전자 스팀 DUB22WA 일반구매",
    "ReviewScore": "5",
    "Syllable": "98",
    "Word": "20",
    "RDate": "20210822",
    "GeneralPolarity": "-1",
    "Aspects": [
      {
        "Aspect": "품질",
        "SentimentText": "제품은 고급스러워 보이고 만족합니다. ",
        "SentimentWord": "4",
        "SentimentPolarity": "1"
      },
      {
        "Aspect": "품질",
        "SentimentText": "제품자체에서 플라스틱 냄새가 많이 났어요..",
        "SentimentWord": "5",
        "SentimentPolarity": "-1"
      }
    ]
  },
  {
    "Index": "29071",
    "RawText": "용량이 생각한거보다 더 넉넉해요. 5인가구인데도 그릇이 많이 들어가서 좋아요. 저소음 전력덕분에 밤에 설거지해도 전혀 문제 없어쇼 너무 좋아요.",
    "Source": "쇼핑몰",
    "Domain": "가전",
    "MainCategory": "주방가전",
    "ProductName": "디오스 LG전자 스팀 DUB22WA 일반구매",
    "ReviewScore": "5",
    "Syllable": "80",
    "Word": "18",
    "RDate": "20211227",
    "GeneralPolarity": "1",
    "Aspects": [
      {
        "Aspect": "용량",
        "SentimentText": "용량이 생각한거보다 더 넉넉해요. 5인가구인데도 그릇이 많이 들어가서 좋아요. ",
        "SentimentWord": "9",
        "SentimentPolarity": "1"
      },
      {
        "Aspect": "소음",
        "SentimentText": " 저소음 전력덕분에 밤에 설거지해도 전혀 문제 없어쇼 너무 좋아요.",
        "SentimentWord": "9",
        "SentimentPolarity": "1"
      }
    ]
  },
  {
    "Index": "29072",
    "RawText": "구입한 세척기 사이즈가 주방에 잘 맞아서 좋아요!! 그리고 기존 식기세척기 사용한 곳에 설치를 했는데 추가비용이 발생해서 당혹스러웠네요.",
    "Source": "쇼핑몰",
    "Domain": "가전",
    "MainCategory": "주방가전",
    "ProductName": "디오스 LG전자 스팀 DUB22WA 일반구매",
    "ReviewScore": "5",
    "Syllable": "76",
    "Word": "17",
    "RDate": "20220427",
    "Aspects": [
      {
        "Aspect": "사이즈",
        "SentimentText": "구입한 세척기 사이즈가 주방에 잘 맞아서 좋아요!!",
        "SentimentWord": "7",
        "SentimentPolarity": "1"
      },
      {
        "Aspect": "가격",
        "SentimentText": "그리고 기존 식기세척기 사용한 곳에 설치를 했는데 추가비용이 발생해서 당혹스러웠네요.",
        "SentimentWord": "10",
        "SentimentPolarity": "-1"
      }
    ]
  },
  {
    "Index": "29074",
    "RawText": "설겆이에서  해방되어 너무 편해지셨다고 부모님께서 만족해하십니다~ 사용법도 간단하고 쉽다고 좋아하시네요.",
    "Source": "쇼핑몰",
    "Domain": "가전",
    "MainCategory": "주방가전",
    "ProductName": "디오스 LG전자 스팀 DUB22WA 일반구매",
    "ReviewScore": "5",
    "Syllable": "58",
    "Word": "10",
    "RDate": "20220504",
    "Aspects": [
      {
        "Aspect": "편의성",
        "SentimentText": "설겆이에서  해방되어 너무 편해지셨다고 부모님께서 만족해하십니다~",
        "SentimentWord": "6",
        "SentimentPolarity": "1"
      },
      {
        "Aspect": "조작성",
        "SentimentText": "사용법도 간단하고 쉽다고 좋아하시네요.",
        "SentimentWord": "4",
        "SentimentPolarity": "1"
      }
    ]
  },
  {
    "Index": "29075",
    "RawText": "할인된 가격에 구매해서 너무 좋습니다!! 설치 후 작동해보니 세척기능 훌륭하네요 설거지 완벽해요.",
    "Source": "쇼핑몰",
    "Domain": "가전",
    "MainCategory": "주방가전",
    "ProductName": "디오스 LG전자 스팀 DUB22WA 일반구매",
    "ReviewScore": "5",
    "Syllable": "54",
    "Word": "12",
    "RDate": "20211219",
    "Aspects": [
      {
        "Aspect": "가격",
        "SentimentText": "할인된 가격에 구매해서 너무 좋습니다!! ",
        "SentimentWord": "5",
        "SentimentPolarity": "1"
      },
      {
        "Aspect": "기능",
        "SentimentText": "설치 후 작동해보니 세척기능 훌륭하네요 설거지 완벽해요.",
        "SentimentWord": "7",
        "SentimentPolarity": "1"
      }
    ]
  },
  {
    "Index": "29076",
    "RawText": "타사이트보다 저렴한 가격으로 구입해서 좋아요~ 주방이 깔끔해져서 너무 보기 좋습니다.  ",
    "Source": "쇼핑몰",
    "Domain": "가전",
    "MainCategory": "주방가전",
    "ProductName": "디오스 LG전자 스팀 DUB22WA 일반구매",
    "ReviewScore": "5",
    "Syllable": "49",
    "Word": "10",
    "RDate": "20210703",
    "Aspects": [
      {
        "Aspect": "가격",
        "SentimentText": "타사이트보다 저렴한 가격으로 구입해서 좋아요~",
        "SentimentWord": "5",
        "SentimentPolarity": "1"
      },
      {
        "Aspect": "디자인",
        "SentimentText": "주방이 깔끔해져서 너무 보기 좋습니다.",
        "SentimentWord": "5",
        "SentimentPolarity": "1"
      }
    ]
  },
  {
    "Index": "29077",
    "RawText": "한번에 많은 그릇을 넣을수 있는 용량이라 마음에 듭니다!  설치 후 작동해보니 용기들이 깨끗해져서 너무 좋네요.",
    "Source": "쇼핑몰",
    "Domain": "가전",
    "MainCategory": "주방가전",
    "ProductName": "디오스 LG전자 스팀 DUB22WA 일반구매",
    "ReviewScore": "5",
    "Syllable": "62",
    "Word": "15",
    "RDate": "20211128",
    "Aspects": [
      {
        "Aspect": "용량",
        "SentimentText": "한번에 많은 그릇을 넣을수 있는 용량이라 마음에 듭니다! ",
        "SentimentWord": "8",
        "SentimentPolarity": "1"
      },
      {
        "Aspect": "기능",
        "SentimentText": "설치 후 작동해보니 용기들이 깨끗해져서 너무 좋네요.",
        "SentimentWord": "7",
        "SentimentPolarity": "1"
      }
    ]
  },
  {
    "Index": "29078",
    "RawText": "완벽한 세척과 건조기능까지 최곱니다!! 다만, 생각 못했는데 도어 무게가 전  좀 버겁네요",
    "Source": "쇼핑몰",
    "Domain": "가전",
    "MainCategory": "주방가전",
    "ProductName": "디오스 LG전자 스팀 DUB22WA 일반구매",
    "ReviewScore": "5",
    "Syllable": "50",
    "Word": "12",
    "RDate": "20220427",
    "Aspects": [
      {
        "Aspect": "기능",
        "SentimentText": "완벽한 세척과 건조기능까지 최곱니다!! ",
        "SentimentWord": "4",
        "SentimentPolarity": "1"
      },
      {
        "Aspect": "무게",
        "SentimentText": "생각 못했는데 도어 무게가 전  좀 버겁네요 ",
        "SentimentWord": "7",
        "SentimentPolarity": "-1"
      }
    ]
  },
  {
    "Index": "29079",
    "RawText": "세척과 건조,자동문열림등의 기능이 가장 맘에 들어요~ 사용하고 보니 왜 이제야 샀는지 후회될정도로 설거지가 너무 편해져서 좋아요!",
    "Source": "쇼핑몰",
    "Domain": "가전",
    "MainCategory": "주방가전",
    "ProductName": "디오스 LG전자 스팀 DUB22WA 일반구매",
    "ReviewScore": "5",
    "Syllable": "72",
    "Word": "16",
    "RDate": "20211123",
    "Aspects": [
      {
        "Aspect": "기능",
        "SentimentText": "세척과 건조,자동문열림등의 기능이 가장 맘에 들어요~",
        "SentimentWord": "6",
        "SentimentPolarity": "1"
      },
      {
        "Aspect": "편의성",
        "SentimentText": "사용하고 보니 왜 이제야 샀는지 후회될정도로 설거지가 너무 편해져서 좋아요!",
        "SentimentWord": "10",
        "SentimentPolarity": "1"
      }
    ]
  },
  {
    "Index": "29080",
    "RawText": "설겆이 스트레스에서 벗어나니 너무 편하고 좋아요. 진작에 살걸 그랬어요^^  55분 세척 시간이 좀 길긴 해요. ㅜㅜ",
    "Source": "쇼핑몰",
    "Domain": "가전",
    "MainCategory": "주방가전",
    "ProductName": "디오스 LG전자 스팀 DUB22WA 일반구매",
    "ReviewScore": "5",
    "Syllable": "65",
    "Word": "16",
    "RDate": "20211119",
    "Aspects": [
      {
        "Aspect": "편의성",
        "SentimentText": "설겆이 스트레스에서 벗어나니 너무 편하고 좋아요. 진작에 살걸 그랬어요^^ ",
        "SentimentWord": "9",
        "SentimentPolarity": "1"
      },
      {
        "Aspect": "시간/속도",
        "SentimentText": "55분 세척 시간이 좀 길긴 해요. ㅜㅜ",
        "SentimentWord": "7",
        "SentimentPolarity": "-1"
      }
    ]
  },
  {
    "Index": "29081",
    "RawText": "자기전까지 설거지가 밀려있지 않아 너무 좋아요! 걱정없이 잡니다. 소음도 적고 조용해서 대만족입니다!!!",
    "Source": "쇼핑몰",
    "Domain": "가전",
    "MainCategory": "주방가전",
    "ProductName": "디오스 LG전자 스팀 DUB22WA 일반구매",
    "ReviewScore": "5",
    "Syllable": "58",
    "Word": "12",
    "RDate": "20220726",
    "Aspects": [
      {
        "Aspect": "편의성",
        "SentimentText": "자기전까지 설거지가 밀려있지 않아 너무 좋아요! 걱정없이 잡니다. ",
        "SentimentWord": "8",
        "SentimentPolarity": "1"
      },
      {
        "Aspect": "소음",
        "SentimentText": "소음도 적고 조용해서 대만족입니다!!!",
        "SentimentWord": "4",
        "SentimentPolarity": "1"
      }
    ]
  },
  {
    "Index": "29082",
    "RawText": "세척도 완벽하게 잘되고 건조까지 잘 되어서 완전 좋아요~ 설치후 작동 바로 해봤는데 그릇을 물에 불리고 번거롭게 하지 않아도 되서 너무 좋아요.",
    "Source": "쇼핑몰",
    "Domain": "가전",
    "MainCategory": "주방가전",
    "ProductName": "디오스 LG전자 스팀 DUB22WA 일반구매",
    "ReviewScore": "5",
    "Syllable": "80",
    "Word": "21",
    "RDate": "20220824",
    "Aspects": [
      {
        "Aspect": "기능",
        "SentimentText": "세척도 완벽하게 잘되고 건조까지 잘 되어서 완전 좋아요~",
        "SentimentWord": "8",
        "SentimentPolarity": "1"
      },
      {
        "Aspect": "편의성",
        "SentimentText": "설치후 작동 바로 해봤는데 그릇을 물에 불리고 번거롭게 하지 않아도 되서 너무 좋아요.",
        "SentimentWord": "13",
        "SentimentPolarity": "1"
      }
    ]
  },
  {
    "Index": "29083",
    "RawText": "라이브 방송 특가로 가격은 저렴하게 잘 샀어요^^근데 구성품에 세제가 없는 게 당황!헐~",
    "Source": "쇼핑몰",
    "Domain": "가전",
    "MainCategory": "주방가전",
    "ProductName": "디오스 LG전자 스팀 DUB22WA 일반구매",
    "ReviewScore": "5",
    "Syllable": "49",
    "Word": "12",
    "RDate": "20210928",
    "Aspects": [
      {
        "Aspect": "가격",
        "SentimentText": "라이브 방송 특가로 가격은 저렴하게 잘 샀어요^^",
        "SentimentWord": "7",
        "SentimentPolarity": "1"
      },
      {
        "Aspect": "제품구성",
        "SentimentText": "근데 구성품에 세제가 없는 게 당황!헐~",
        "SentimentWord": "6",
        "SentimentPolarity": "-1"
      }
    ]
  },
  {
    "Index": "29084",
    "RawText": "세척기 가격이 생각보다 저렴해서 너무 좋았어요~ 어플이랑 연결이 잘 안되는 오작동이 자주 발생해서 불편해요",
    "Source": "쇼핑몰",
    "Domain": "가전",
    "MainCategory": "주방가전",
    "ProductName": "디오스 LG전자 스팀 DUB22WA 일반구매",
    "ReviewScore": "5",
    "Syllable": "59",
    "Word": "14",
    "RDate": "20220209",
    "Aspects": [
      {
        "Aspect": "가격",
        "SentimentText": "세척기 가격이 생각보다 저렴해서 너무 좋았어요~",
        "SentimentWord": "6",
        "SentimentPolarity": "1"
      },
      {
        "Aspect": "조작성",
        "SentimentText": "어플이랑 연결이 잘 안되는 오작동이 자주 발생해서 불편해요 ",
        "SentimentWord": "8",
        "SentimentPolarity": "-1"
      }
    ]
  },
  {
    "Index": "29085",
    "RawText": "세척후 건조가 완벽하지 않아서 좀 아쉽네요ㅜ 제품은 편하고 좋은데 소음이 생각보다 커서 거슬리네요.",
    "Source": "쇼핑몰",
    "Domain": "가전",
    "MainCategory": "주방가전",
    "ProductName": "디오스 LG전자 스팀 DUB22WA 일반구매",
    "ReviewScore": "5",
    "Syllable": "55",
    "Word": "13",
    "RDate": "20210704",
    "Aspects": [
      {
        "Aspect": "기능",
        "SentimentText": "세척후 건조가 완벽하지 않아서 좀 아쉽네요ㅜ ",
        "SentimentWord": "6",
        "SentimentPolarity": "-1"
      },
      {
        "Aspect": "소음",
        "SentimentText": "소음이 생각보다 커서 거슬리네요.",
        "SentimentWord": "4",
        "SentimentPolarity": "-1"
      }
    ]
  },
  {
    "Index": "29086",
    "RawText": "화이트색상이라 주방이 환하고 잘어울려서 마음에 듭니다!  디자인도 깔끔하니 너무 예뻐서 좋아요.",
    "Source": "쇼핑몰",
    "Domain": "가전",
    "MainCategory": "주방가전",
    "ProductName": "디오스 LG전자 스팀 DUB22WA 일반구매",
    "ReviewScore": "5",
    "Syllable": "53",
    "Word": "11",
    "RDate": "20210630",
    "Aspects": [
      {
        "Aspect": "색상",
        "SentimentText": "화이트색상이라 주방이 환하고 잘어울려서 마음에 듭니다! ",
        "SentimentWord": "6",
        "SentimentPolarity": "1"
      },
      {
        "Aspect": "디자인",
        "SentimentText": "디자인도 깔끔하니 너무 예뻐서 좋아요.",
        "SentimentWord": "5",
        "SentimentPolarity": "1"
      }
    ]
  },
  {
    "Index": "29087",
    "RawText": "기사님이 친절하게 설치해주시고 가셔서 좋았습니다. 설치후 세척해봤는데 훌륭하네요. 자동문열림 기능도 최고예요! 디자인은 아주 고급스러움이 철철 넘치네요. 너무 예뻐요.",
    "Source": "쇼핑몰",
    "Domain": "가전",
    "MainCategory": "주방가전",
    "ProductName": "디오스 LG전자 스팀 DUB22WA 일반구매",
    "ReviewScore": "5",
    "Syllable": "93",
    "Word": "18",
    "RDate": "20210801",
    "Aspects": [
      {
        "Aspect": "기능",
        "SentimentText": "설치후 세척해봤는데 훌륭하네요.  자동문열림 기능도 최고예요! ",
        "SentimentWord": "6",
        "SentimentPolarity": "1"
      },
      {
        "Aspect": "디자인",
        "SentimentText": "디자인은 아주 고급스러움이 철철 넘치네요. 너무 예뻐요.",
        "SentimentWord": "7",
        "SentimentPolarity": "1"
      }
    ]
  },
  {
    "Index": "29090",
    "RawText": "예전에 쓰다가 최신형으로 바꿔보니 식기세척기 정말 성능 좋아졌네요. 완벽해요! 색상이 약간 그레이계열인데 사진이랑 좀 많이 달라 아쉬웠어요.",
    "Source": "쇼핑몰",
    "Domain": "가전",
    "MainCategory": "주방가전",
    "ProductName": "디오스 LG전자 스팀 DUB22WA 일반구매",
    "ReviewScore": "5",
    "Syllable": "78",
    "Word": "17",
    "RDate": "20210728",
    "GeneralPolarity": "0",
    "Aspects": [
      {
        "Aspect": "기능",
        "SentimentText": "예전에 쓰다가 최신형으로 바꿔보니 식기세척기 정말 성능 좋아졌네요. 완벽해요! ",
        "SentimentWord": "9",
        "SentimentPolarity": "1"
      },
      {
        "Aspect": "색상",
        "SentimentText": "색상이 약간 그레이계열인데 사진이랑 좀 많이 달라 아쉬웠어요.",
        "SentimentWord": "8",
        "SentimentPolarity": "0"
      }
    ]
  },
  {
    "Index": "29091",
    "RawText": "설거지 걱정이 없어 돌려놓고 그 시간동안 다른 여가시간을 할 수 있어 너무 좋아요! 터치로 조작하는 법도 쉬워서 금방 할 수 있어요.",
    "Source": "쇼핑몰",
    "Domain": "가전",
    "MainCategory": "주방가전",
    "ProductName": "디오스 LG전자 스팀 DUB22WA 일반구매",
    "ReviewScore": "5",
    "Syllable": "74",
    "Word": "21",
    "RDate": "20211218",
    "GeneralPolarity": "1",
    "Aspects": [
      {
        "Aspect": "편의성",
        "SentimentText": "설거지 걱정이 없어 돌려놓고 그 시간동안 다른 여가시간을 할 수 있어 너무 좋아요!",
        "SentimentWord": "13",
        "SentimentPolarity": "1"
      },
      {
        "Aspect": "조작성",
        "SentimentText": "터치로 조작하는 법도 쉬워서 금방 할 수 있어요.",
        "SentimentWord": "8",
        "SentimentPolarity": "1"
      }
    ]
  },
  {
    "Index": "29092",
    "RawText": "세척시 소음은 전자레인즈 돌아가는 정도의 소리라 들을만합니다. 설거지 안 해도 돼서 세상 편해요~적극 추천!",
    "Source": "쇼핑몰",
    "Domain": "가전",
    "MainCategory": "주방가전",
    "ProductName": "디오스 LG전자 스팀 DUB22WA 일반구매",
    "ReviewScore": "5",
    "Syllable": "60",
    "Word": "14",
    "RDate": "20220204",
    "Aspects": [
      {
        "Aspect": "소음",
        "SentimentText": "세척시 소음은 전자레인즈 돌아가는 정도의 소리라 들을만합니다. ",
        "SentimentWord": "7",
        "SentimentPolarity": "0"
      },
      {
        "Aspect": "편의성",
        "SentimentText": "설거지 안 해도 돼서 세상 편해요~적극 추천!",
        "SentimentWord": "7",
        "SentimentPolarity": "1"
      }
    ]
  },
  {
    "Index": "29093",
    "RawText": "식기세척기는 이 브랜드가 정말 제일인것 같아요! 너무 만족스러워요. 색상은 흰색으로 골랐는데 탁월한 선택이였네요 좋아요.",
    "Source": "쇼핑몰",
    "Domain": "가전",
    "MainCategory": "주방가전",
    "ProductName": "디오스 LG전자 스팀 DUB22WA 일반구매",
    "ReviewScore": "5",
    "Syllable": "67",
    "Word": "14",
    "RDate": "20220415",
    "GeneralPolarity": "1",
    "Aspects": [
      {
        "Aspect": "제조일/제조사",
        "SentimentText": "식기세척기는 이 브랜드가 정말 제일인것 같아요! 너무 만족스러워요.",
        "SentimentWord": "8",
        "SentimentPolarity": "1"
      },
      {
        "Aspect": "색상",
        "SentimentText": "색상은 흰색으로 골랐는데 탁월한 선택이였네요 좋아요.",
        "SentimentWord": "6",
        "SentimentPolarity": "1"
      }
    ]
  },
  {
    "Index": "29094",
    "RawText": "식기 세척기 체험해 보고 샀는데 너무 만족스러워요! 삶의 질이 달라졌답니다 설거지가 전혀 걱정안되요! 세척기능도 훌륭하고 건조까지 아주 너무 좋아요,",
    "Source": "쇼핑몰",
    "Domain": "가전",
    "MainCategory": "주방가전",
    "ProductName": "디오스 LG전자 스팀 DUB22WA 일반구매",
    "ReviewScore": "5",
    "Syllable": "83",
    "Word": "19",
    "RDate": "20211219",
    "GeneralPolarity": "1",
    "Aspects": [
      {
        "Aspect": "편의성",
        "SentimentText": "식기 세척기 체험해 보고 샀는데 너무 만족스러워요! 삶의 질이 달라졌답니다 설거지가 전혀 걱정안되요! ",
        "SentimentWord": "13",
        "SentimentPolarity": "1"
      },
      {
        "Aspect": "기능",
        "SentimentText": "세척기능도 훌륭하고 건조까지 아주 너무 좋아요,",
        "SentimentWord": "6",
        "SentimentPolarity": "1"
      }
    ]
  },
  {
    "Index": "29095",
    "RawText": "주방가구랑 화이트 색상이 잘 안맞고 들떠 보여서 별로예요ㅜ 설상가상 설치 후 작동해보니 소음도 너무 커서 최악이네요.",
    "Source": "쇼핑몰",
    "Domain": "가전",
    "MainCategory": "주방가전",
    "ProductName": "디오스 LG전자 스팀 DUB22WA 일반구매",
    "ReviewScore": "3",
    "Syllable": "65",
    "Word": "16",
    "RDate": "20211112",
    "Aspects": [
      {
        "Aspect": "색상",
        "SentimentText": "주방가구랑 화이트 색상이 잘 안맞고 들떠 보여서 별로예요ㅜ",
        "SentimentWord": "8",
        "SentimentPolarity": "-1"
      },
      {
        "Aspect": "소음",
        "SentimentText": " 설상가상 설치 후 작동해보니 소음도 너무 커서 최악이네요.",
        "SentimentWord": "8",
        "SentimentPolarity": "-1"
      }
    ]
  },
  {
    "Index": "29096",
    "RawText": "구매하고 나니 가격이 내려가서 속이 좀 쓰리네요ㅠ 하지만 제품은 마음에 쏙 듭니다 가전은 역시 이 브랜드네요.",
    "Source": "쇼핑몰",
    "Domain": "가전",
    "MainCategory": "주방가전",
    "ProductName": "디오스 LG전자 스팀 DUB22WA 일반구매",
    "ReviewScore": "5",
    "Syllable": "61",
    "Word": "16",
    "RDate": "20211225",
    "Aspects": [
      {
        "Aspect": "가격",
        "SentimentText": "구매하고 나니 가격이 내려가서 속이 좀 쓰리네요ㅠ ",
        "SentimentWord": "7",
        "SentimentPolarity": "-1"
      },
      {
        "Aspect": "제조일/제조사",
        "SentimentText": "하지만 제품은 마음에 쏙 듭니다 가전은 역시 이 브랜드네요.",
        "SentimentWord": "9",
        "SentimentPolarity": "1"
      }
    ]
  },
  {
    "Index": "29097",
    "RawText": "국내 자체생산하는 브랜드라 믿고 구매했네요. 타 브랜드에 비싸긴 해도 가전은 역시 이 브랜드네요^^ 폰으로 연결하는 어플이 있어서 좋은가 했는데 딱히 큰 메리트도 없고 필요성도 못느끼네요 별로네요.",
    "Source": "쇼핑몰",
    "Domain": "가전",
    "MainCategory": "주방가전",
    "ProductName": "디오스 LG전자 스팀 DUB22WA 일반구매",
    "ReviewScore": "5",
    "Syllable": "110",
    "Word": "26",
    "RDate": "20210601",
    "GeneralPolarity": "0",
    "Aspects": [
      {
        "Aspect": "제조일/제조사",
        "SentimentText": "국내 자체생산하는 브랜드라 믿고 구매했네요. 타 브랜드에 비싸긴 해도 가전은 역시 이 브랜드네요^^",
        "SentimentWord": "13",
        "SentimentPolarity": "1"
      },
      {
        "Aspect": "조작성",
        "SentimentText": "폰으로 연결하는 어플이 있어서 좋은가 했는데 딱히 큰 메리트도 없고 필요성도 못느끼네요 별로네요.",
        "SentimentWord": "13",
        "SentimentPolarity": "0"
      }
    ]
  },
  {
    "Index": "29098",
    "RawText": "친정에도 선물 했는데 엄마가  컬러감 깨끗하다고 하세요^^. 깨끗하게 세척도 잘 된다고 하시네요 ㅎ",
    "Source": "쇼핑몰",
    "Domain": "가전",
    "MainCategory": "주방가전",
    "ProductName": "디오스 LG전자 스팀 DUB22WA 일반구매",
    "ReviewScore": "5",
    "Syllable": "55",
    "Word": "13",
    "RDate": "20211223",
    "GeneralPolarity": "1",
    "Aspects": [
      {
        "Aspect": "색상",
        "SentimentText": "친정에도 선물 했는데 엄마가  컬러감 깨끗하다고 하세요^^ ",
        "SentimentWord": "7",
        "SentimentPolarity": "1"
      },
      {
        "Aspect": "기능",
        "SentimentText": "깨끗하게 세척도 잘 된다고 하시네요 ㅎ",
        "SentimentWord": "6",
        "SentimentPolarity": "1"
      }
    ]
  },
  {
    "Index": "29100",
    "RawText": "성능 정말 최고예요! 세척은 말할것도 없고 건조 까지..! 행복합니다. 스테인리스 재질이 좀 아쉽네요.",
    "Source": "쇼핑몰",
    "Domain": "가전",
    "MainCategory": "주방가전",
    "ProductName": "디오스 LG전자 스팀 DUB22WA 일반구매",
    "ReviewScore": "5",
    "Syllable": "57",
    "Word": "13",
    "RDate": "20211026",
    "GeneralPolarity": "0",
    "Aspects": [
      {
        "Aspect": "기능",
        "SentimentText": "성능 정말 최고예요! 세척은 말할것도 없고 건조 까지..! 행복합니다. ",
        "SentimentWord": "9",
        "SentimentPolarity": "1"
      },
      {
        "Aspect": "소재",
        "SentimentText": "스테인리스 재질이 좀 아쉽네요.",
        "SentimentWord": "4",
        "SentimentPolarity": "0"
      }
    ]
  },
  {
    "Index": "29101",
    "RawText": "주문하고 배송 설치까지 일주일도 안걸려서 받았어요 빨라서 좋네요. 설치 후 바로 사용해보니 용기들이 깨끗이 고온살균 되서 뽀득뽀득 해 기능 대박입니다. 훌륭한 제품 저렴한 가격에 구매해서 완전 득템했어요! 좋아요! 거기다 추가 사은픔으로 세제까지 주셔서 너무 좋아요 만족스럽습니다.",
    "Source": "쇼핑몰",
    "Domain": "가전",
    "MainCategory": "주방가전",
    "ProductName": "디오스 LG전자 스팀 DUB22WA 일반구매",
    "ReviewScore": "5",
    "Syllable": "157",
    "Word": "36",
    "RDate": "20210717",
    "Aspects": [
      {
        "Aspect": "기능",
        "SentimentText": "설치 후 바로 사용해보니 용기들이 깨끗이 고온살균 되서 뽀득뽀득 해 기능 대박입니다. ",
        "SentimentWord": "12",
        "SentimentPolarity": "1"
      },
      {
        "Aspect": "가격",
        "SentimentText": "훌륭한 제품 저렴한 가격에 구매해서 완전 득템했어요! 좋아요! ",
        "SentimentWord": "8",
        "SentimentPolarity": "1"
      },
      {
        "Aspect": "제품구성",
        "SentimentText": "거기다 추가 사은픔으로 세제까지 주셔서 너무 좋아요 만족스럽습니다.",
        "SentimentWord": "8",
        "SentimentPolarity": "1"
      }
    ]
  },
  {
    "Index": "29102",
    "RawText": "사은품 세제가 누락되어 좀 속상해요ㅠㅠ 설치 후 사용해보니 그릇이 생각보다 많이 들어가서 용량 대박이네요. ",
    "Source": "쇼핑몰",
    "Domain": "가전",
    "MainCategory": "주방가전",
    "ProductName": "디오스 LG전자 스팀 DUB22WA 일반구매",
    "ReviewScore": "5",
    "Syllable": "60",
    "Word": "14",
    "RDate": "20211030",
    "Aspects": [
      {
        "Aspect": "제품구성",
        "SentimentText": "사은품 세제가 누락되어 좀 속상해요ㅠㅠ",
        "SentimentWord": "5",
        "SentimentPolarity": "-1"
      },
      {
        "Aspect": "용량",
        "SentimentText": "설치 후 사용해보니 그릇이 생각보다 많이 들어가서 용량 대박이네요.",
        "SentimentWord": "9",
        "SentimentPolarity": "1"
      }
    ]
  },
  {
    "Index": "29103",
    "RawText": "기사님들이 더운날에도 설치 깔끔하게 해주셔서 너무 좋아요. 설치후 작동해봤는데 세척 모터기능 너무 좋네요. 디자인도 깔끔해서 너무 마음에 드네요.",
    "Source": "쇼핑몰",
    "Domain": "가전",
    "MainCategory": "주방가전",
    "ProductName": "디오스 LG전자 스팀 DUB22WA 일반구매",
    "ReviewScore": "5",
    "Syllable": "81",
    "Word": "18",
    "RDate": "20210714",
    "Aspects": [
      {
        "Aspect": "기능",
        "SentimentText": "설치후 작동해봤는데 세척 모터기능 너무 좋네요. ",
        "SentimentWord": "6",
        "SentimentPolarity": "1"
      },
      {
        "Aspect": "디자인",
        "SentimentText": " 디자인도 깔끔해서 너무 마음에 드네요.",
        "SentimentWord": "5",
        "SentimentPolarity": "1"
      }
    ]
  },
  {
    "Index": "29104",
    "RawText": "설겆이 부담이 확 줄어서 아주 편해졌어요~^^ 거슬릴 정도는 아니지만, 세척할때 세탁기 소리 비슷한 소리가 나긴합니다",
    "Source": "쇼핑몰",
    "Domain": "가전",
    "MainCategory": "주방가전",
    "ProductName": "디오스 LG전자 스팀 DUB22WA 일반구매",
    "ReviewScore": "4",
    "Syllable": "65",
    "Word": "15",
    "RDate": "20211204",
    "Aspects": [
      {
        "Aspect": "편의성",
        "SentimentText": "설겆이 부담이 확 줄어서 아주 편해졌어요~^^",
        "SentimentWord": "6",
        "SentimentPolarity": "1"
      },
      {
        "Aspect": "소음",
        "SentimentText": "거슬릴 정도는 아니지만, 세척할때 세탁기 소리 비슷한 소리가 나긴합니다",
        "SentimentWord": "9",
        "SentimentPolarity": "0"
      }
    ]
  },
  {
    "Index": "29105",
    "RawText": "설치하고 바로 사용해 봤어요~ 역시 설거지일 없어지니 넘 편합니다. 깔끔한 디자인이라 주방이 확 달라졌어요 매장보다 인터넷으로 구매하니  저렴해게 잘 사서 좋아요",
    "Source": "쇼핑몰",
    "Domain": "가전",
    "MainCategory": "주방가전",
    "ProductName": "디오스 LG전자 스팀 DUB22WA 일반구매",
    "ReviewScore": "5",
    "Syllable": "90",
    "Word": "21",
    "RDate": "20210623",
    "GeneralPolarity": "1",
    "Aspects": [
      {
        "Aspect": "편의성",
        "SentimentText": "역시 설거지일 없어지니 넘 편합니다.",
        "SentimentWord": "5",
        "SentimentPolarity": "1"
      },
      {
        "Aspect": "디자인",
        "SentimentText": "깔끔한 디자인이라 주방이 확 달라졌어요",
        "SentimentWord": "5",
        "SentimentPolarity": "1"
      },
      {
        "Aspect": "가격",
        "SentimentText": " 인터넷으로 구매하니  저렴해게 잘 사서 좋아요",
        "SentimentWord": "6",
        "SentimentPolarity": "1"
      }
    ]
  },
  {
    "Index": "29107",
    "RawText": "우선 세척할때 소음은 적어서 좋습니다! 식기세척기는  아직 2번밖에 사용 안 해봐서 좀 더 써봐야 겠어요 . 린스 보충했지만 그릇에 있는 물기는 잘 건조가 안되네요..",
    "Source": "쇼핑몰",
    "Domain": "가전",
    "MainCategory": "주방가전",
    "ProductName": "디오스 LG전자 스팀 DUB22WA 일반구매",
    "ReviewScore": "5",
    "Syllable": "93",
    "Word": "24",
    "RDate": "20220301",
    "Aspects": [
      {
        "Aspect": "소음",
        "SentimentText": "우선 세척할때 소음은 적어서 좋습니다! ",
        "SentimentWord": "5",
        "SentimentPolarity": "1"
      },
      {
        "Aspect": "기능",
        "SentimentText": " 그릇에 있는 물기는 잘 건조가 안되네요..",
        "SentimentWord": "6",
        "SentimentPolarity": "-1"
      }
    ]
  },
  {
    "Index": "29108",
    "RawText": "정말 좋은 가격으로 저렴하게 구매했어요~원하는 날짜에 배송받았고 설치기사님께서도 꼼꼼히 설치해주셨습니다. 그릇을 많이 넣을때는 세제남은 자국인지 물자국인지  조금 남아있네요",
    "Source": "쇼핑몰",
    "Domain": "가전",
    "MainCategory": "주방가전",
    "ProductName": "디오스 LG전자 스팀 DUB22WA 일반구매",
    "ReviewScore": "5",
    "Syllable": "96",
    "Word": "18",
    "RDate": "20220423",
    "Aspects": [
      {
        "Aspect": "가격",
        "SentimentText": "정말 좋은 가격으로 저렴하게 구매했어요~",
        "SentimentWord": "5",
        "SentimentPolarity": "1"
      },
      {
        "Aspect": "기능",
        "SentimentText": "그릇을 많이 넣을때는 세제남은 자국인지 물자국인지  조금 남아있네요",
        "SentimentWord": "8",
        "SentimentPolarity": "0"
      }
    ]
  },
  {
    "Index": "29109",
    "RawText": "그릇에 물자국도 거의 안남고 세척기능이 너무 좋아요!! 스팀기능 추가하면  40분 더 걸려서 시간이 꽤 걸리네요",
    "Source": "쇼핑몰",
    "Domain": "가전",
    "MainCategory": "주방가전",
    "ProductName": "디오스 LG전자 스팀 DUB22WA 일반구매",
    "ReviewScore": "5",
    "Syllable": "62",
    "Word": "15",
    "RDate": "20220321",
    "Aspects": [
      {
        "Aspect": "기능",
        "SentimentText": "그릇에 물자국도 거의 안남고 세척기능이 너무 좋아요!! ",
        "SentimentWord": "7",
        "SentimentPolarity": "1"
      },
      {
        "Aspect": "시간/속도",
        "SentimentText": "스팀기능 추가하면  40분 더 걸려서 시간이 꽤 걸리네요",
        "SentimentWord": "8",
        "SentimentPolarity": "-1"
      }
    ]
  },
  {
    "Index": "29110",
    "RawText": "안에 그릇이 꽤 많이 들어 갑니다~식기들이 깨끗하게 닦여요~~~설치기사님이 깔끔하고 친절하게 설치해 주셨어요~~너무 맘에 듭니다^^",
    "Source": "쇼핑몰",
    "Domain": "가전",
    "MainCategory": "주방가전",
    "ProductName": "디오스 LG전자 스팀 DUB22WA 일반구매",
    "ReviewScore": "5",
    "Syllable": "73",
    "Word": "14",
    "RDate": "20220321",
    "Aspects": [
      {
        "Aspect": "용량",
        "SentimentText": "안에 그릇이 꽤 많이 들어 갑니다~",
        "SentimentWord": "6",
        "SentimentPolarity": "1"
      },
      {
        "Aspect": "기능",
        "SentimentText": "식기들이 깨끗하게 닦여요~",
        "SentimentWord": "3",
        "SentimentPolarity": "1"
      }
    ]
  },
  {
    "Index": "29111",
    "RawText": "오랜기다림 끝에  설치 완료했습니다.  외관으로 보기에도 딱 좋아 보입니다~^^ 근데, 건조 기능은 살짝 아쉽네요",
    "Source": "쇼핑몰",
    "Domain": "가전",
    "MainCategory": "주방가전",
    "ProductName": "디오스 LG전자 스팀 DUB22WA 일반구매",
    "ReviewScore": "5",
    "Syllable": "63",
    "Word": "14",
    "RDate": "20220122",
    "GeneralPolarity": "0",
    "Aspects": [
      {
        "Aspect": "디자인",
        "SentimentText": "외관으로 보기에도 딱 좋아 보입니다~^^ ",
        "SentimentWord": "5",
        "SentimentPolarity": "1"
      },
      {
        "Aspect": "기능",
        "SentimentText": "건조 기능은 살짝 아쉽네요",
        "SentimentWord": "4",
        "SentimentPolarity": "0"
      }
    ]
  },
  {
    "Index": "29112",
    "RawText": "제품 디자인이 심플하니 마음에 쏙 듭니다!! 작동법이 간단하면 좋을텐데 아직 익숙하지 않네요",
    "Source": "쇼핑몰",
    "Domain": "가전",
    "MainCategory": "주방가전",
    "ProductName": "디오스 LG전자 스팀 DUB22WA 일반구매",
    "ReviewScore": "5",
    "Syllable": "51",
    "Word": "12",
    "RDate": "20211004",
    "Aspects": [
      {
        "Aspect": "디자인",
        "SentimentText": "제품 디자인이 심플하니 마음에 쏙 듭니다!! ",
        "SentimentWord": "6",
        "SentimentPolarity": "1"
      },
      {
        "Aspect": "조작성",
        "SentimentText": "작동법이 간단하면 좋을텐데 아직 익숙하지 않네요",
        "SentimentWord": "6",
        "SentimentPolarity": "-1"
      }
    ]
  },
  {
    "Index": "29113",
    "RawText": "세척과 건조기능이 상당히 좋아서 대만족!! 다만, 세척 시간이 너무 깁니다",
    "Source": "쇼핑몰",
    "Domain": "가전",
    "MainCategory": "주방가전",
    "ProductName": "디오스 LG전자 스팀 DUB22WA 일반구매",
    "ReviewScore": "5",
    "Syllable": "41",
    "Word": "10",
    "RDate": "20220319",
    "Aspects": [
      {
        "Aspect": "기능",
        "SentimentText": "세척과 건조기능이 상당히 좋아서 대만족!! ",
        "SentimentWord": "5",
        "SentimentPolarity": "1"
      },
      {
        "Aspect": "시간/속도",
        "SentimentText": " 세척 시간이 너무 깁니다",
        "SentimentWord": "4",
        "SentimentPolarity": "-1"
      }
    ]
  },
  {
    "Index": "29116",
    "RawText": "오늘 드디어 설치 완료했습니다 ~식세기 왔으니 설거지에서 해방되니 너무 편합니다ㅎㅎ세일기간에 저렴하게  구매해서 좋아요",
    "Source": "쇼핑몰",
    "Domain": "가전",
    "MainCategory": "주방가전",
    "ProductName": "디오스 LG전자 스팀 DUB22WA 일반구매",
    "ReviewScore": "5",
    "Syllable": "66",
    "Word": "13",
    "RDate": "20220322",
    "GeneralPolarity": "1",
    "Aspects": [
      {
        "Aspect": "편의성",
        "SentimentText": "식세기 왔으니 설거지에서 해방되니 너무 편합니다ㅎㅎ",
        "SentimentWord": "6",
        "SentimentPolarity": "1"
      },
      {
        "Aspect": "가격",
        "SentimentText": "세일기간에 저렴하게  구매해서 좋아요",
        "SentimentWord": "4",
        "SentimentPolarity": "1"
      }
    ]
  },
  {
    "Index": "29117",
    "RawText": "크림색 구매하고  싶었는데 워낙 가격이 좋아서 그냥  흰색으로 했어요 ㅎㅎ흰색도 깔끔하니 예뻐요  설치는 빠르고 깔끔하게 마무리 해주셨습니다~",
    "Source": "쇼핑몰",
    "Domain": "가전",
    "MainCategory": "주방가전",
    "ProductName": "디오스 LG전자 스팀 DUB22WA 일반구매",
    "ReviewScore": "5",
    "Syllable": "79",
    "Word": "17",
    "RDate": "20210628",
    "Aspects": [
      {
        "Aspect": "가격",
        "SentimentText": "워낙 가격이 좋아서 ",
        "SentimentWord": "3",
        "SentimentPolarity": "1"
      },
      {
        "Aspect": "색상",
        "SentimentText": "흰색도 깔끔하니 예뻐요",
        "SentimentWord": "3",
        "SentimentPolarity": "1"
      }
    ]
  },
  {
    "Index": "29118",
    "RawText": "아이들 케어로 힘든 올케한테 선물했더니 너무 좋아합니다 . 설겆이 안해도 되니 저녁시간이 여유롭고 편하다고 만족해 합니다!! 가격도 할인받아 저렴하게 사서 감사~  ",
    "Source": "쇼핑몰",
    "Domain": "가전",
    "MainCategory": "주방가전",
    "ProductName": "디오스 LG전자 스팀 DUB22WA 일반구매",
    "ReviewScore": "5",
    "Syllable": "92",
    "Word": "21",
    "RDate": "20210919",
    "Aspects": [
      {
        "Aspect": "편의성",
        "SentimentText": "설겆이 안해도 되니 저녁시간이 여유롭고 편하다고 만족해 합니다!!",
        "SentimentWord": "8",
        "SentimentPolarity": "1"
      },
      {
        "Aspect": "가격",
        "SentimentText": "가격도 할인받아 저렴하게 사서 감사~",
        "SentimentWord": "5",
        "SentimentPolarity": "1"
      }
    ]
  },
  {
    "Index": "29120",
    "RawText": "진작 구매할껄 왜 망설였는지.. 생활이 너무 편리해졌어요 ... 사이즈가 커서   주방수납장에세 살짝 튀어 나오니 아쉽네요 ",
    "Source": "쇼핑몰",
    "Domain": "가전",
    "MainCategory": "주방가전",
    "ProductName": "디오스 LG전자 스팀 DUB22WA 일반구매",
    "ReviewScore": "5",
    "Syllable": "69",
    "Word": "15",
    "RDate": "20220420",
    "Aspects": [
      {
        "Aspect": "편의성",
        "SentimentText": "생활이 너무 편리해졌어요 ...",
        "SentimentWord": "4",
        "SentimentPolarity": "1"
      },
      {
        "Aspect": "사이즈",
        "SentimentText": "사이즈가 커서 주방수납장에세 살짝 튀어 나오니 아쉽네요",
        "SentimentWord": "7",
        "SentimentPolarity": "0"
      }
    ]
  },
  {
    "Index": "29123",
    "RawText": "지정한  날짜에 설치 잘 받았어요  역시 00제품이라 성능이 아주  좋습니다. 저렴한 가격으로 샀는데 추가로 설치 비용도 없어 가성비 좋습니다",
    "Source": "쇼핑몰",
    "Domain": "가전",
    "MainCategory": "주방가전",
    "ProductName": "디오스 LG전자 스팀 DUB22WA 일반구매",
    "ReviewScore": "5",
    "Syllable": "79",
    "Word": "19",
    "RDate": "20220223",
    "GeneralPolarity": "1",
    "Aspects": [
      {
        "Aspect": "제조일/제조사",
        "SentimentText": "역시 00제품이라 성능이 아주  좋습니다",
        "SentimentWord": "5",
        "SentimentPolarity": "1"
      },
      {
        "Aspect": "가격",
        "SentimentText": "추가로 설치 비용도 없어 가성비 좋습니다",
        "SentimentWord": "6",
        "SentimentPolarity": "1"
      }
    ]
  },
  {
    "Index": "29124",
    "RawText": "가격은 할인받고 저렴하게 잘 샀어요~~~실물을 안 보고 샀는데  배송오고  보니까 색상이  80년대 냉장고 흰색이라 실망입니다",
    "Source": "쇼핑몰",
    "Domain": "가전",
    "MainCategory": "주방가전",
    "ProductName": "디오스 LG전자 스팀 DUB22WA 일반구매",
    "ReviewScore": "5",
    "Syllable": "70",
    "Word": "15",
    "RDate": "20211022",
    "Aspects": [
      {
        "Aspect": "가격",
        "SentimentText": "가격은 할인받고 저렴하게 잘 샀어요~~~",
        "SentimentWord": "5",
        "SentimentPolarity": "1"
      },
      {
        "Aspect": "색상",
        "SentimentText": " 색상이  80년대 냉장고 흰색이라 실망입니다",
        "SentimentWord": "5",
        "SentimentPolarity": "-1"
      }
    ]
  },
  {
    "Index": "29125",
    "RawText": "지정한 날짜에 잘 도착했어요~ 제품 가격이 있어서 좀 고민했지만,  빌트인 제품이라 걸레받이 안 잘라도 되고 세척시간이 확인되서  좋습니다!!!",
    "Source": "쇼핑몰",
    "Domain": "가전",
    "MainCategory": "주방가전",
    "ProductName": "디오스 LG전자 스팀 DUB22WA 일반구매",
    "ReviewScore": "5",
    "Syllable": "80",
    "Word": "18",
    "RDate": "20210913",
    "Aspects": [
      {
        "Aspect": "가격",
        "SentimentText": "제품 가격이 있어서 좀 고민했지만",
        "SentimentWord": "5",
        "SentimentPolarity": "0"
      },
      {
        "Aspect": "기능",
        "SentimentText": "세척시간이 확인되서  좋습니다!!!",
        "SentimentWord": "3",
        "SentimentPolarity": "1"
      }
    ]
  },
  {
    "Index": "29126",
    "RawText": "유리하고 스텐 제품은 세척이  탁월하게 잘 됩니다~ 재고가 없어 배송이 한달넘게 오래걸려서 아쉬웠지만, 제품 만큼은 보증받은 최고의 제품입니다.",
    "Source": "쇼핑몰",
    "Domain": "가전",
    "MainCategory": "주방가전",
    "ProductName": "디오스 LG전자 스팀 DUB22WA 일반구매",
    "ReviewScore": "4",
    "Syllable": "80",
    "Word": "18",
    "RDate": "20220328",
    "Aspects": [
      {
        "Aspect": "기능",
        "SentimentText": "유리하고 스텐 제품은 세척이  탁월하게 잘 됩니다~",
        "SentimentWord": "7",
        "SentimentPolarity": "1"
      },
      {
        "Aspect": "품질",
        "SentimentText": "제품 만큼은 보증받은 최고의 제품입니다. ",
        "SentimentWord": "5",
        "SentimentPolarity": "1"
      }
    ]
  },
  {
    "Index": "29128",
    "RawText": "제품은 넉넉한 용량이라서 맘에 들어요!! 하지만 장 설치할때 추가비용이 발생하는 부분을 고지해주셨음 더 좋았을 뻔했네요 추가요금이라하니 당황스러웠어요.",
    "Source": "쇼핑몰",
    "Domain": "가전",
    "MainCategory": "주방가전",
    "ProductName": "디오스 LG전자 스팀 DUB22WA 일반구매",
    "ReviewScore": "5",
    "Syllable": "84",
    "Word": "17",
    "RDate": "20220804",
    "Aspects": [
      {
        "Aspect": "용량",
        "SentimentText": "제품은 넉넉한 용량이라서 맘에 들어요!! ",
        "SentimentWord": "5",
        "SentimentPolarity": "1"
      },
      {
        "Aspect": "가격",
        "SentimentText": "하지만 장 설치할때 추가비용이 발생하는 부분을 고지해주셨음 더 좋았을 뻔했네요 추가요금이라하니 당황스러웠어요.",
        "SentimentWord": "12",
        "SentimentPolarity": "-1"
      }
    ]
  },
  {
    "Index": "29129",
    "RawText": "세척기 싱크대 색상과 맞췄더니 깔끔하고 마음에 드네요~ 다만 생각했던 디자인이랑 조금 달라서 그점은 좀 아쉬워요.",
    "Source": "쇼핑몰",
    "Domain": "가전",
    "MainCategory": "주방가전",
    "ProductName": "디오스 LG전자 스팀 DUB22WA 일반구매",
    "ReviewScore": "4",
    "Syllable": "63",
    "Word": "15",
    "RDate": "20220527",
    "Aspects": [
      {
        "Aspect": "색상",
        "SentimentText": "세척기 싱크대 색상과 맞췄더니 깔끔하고 마음에 드네요~ ",
        "SentimentWord": "7",
        "SentimentPolarity": "1"
      },
      {
        "Aspect": "디자인",
        "SentimentText": " 다만 생각했던 디자인이랑 조금 달라서 그점은 좀 아쉬워요.",
        "SentimentWord": "8",
        "SentimentPolarity": "0"
      }
    ]
  },
  {
    "Index": "29130",
    "RawText": "이사하면서 이번에 큰맘먹고 구매했는데 저렴한 가격에 합리적으로 소비했네요 너무 좋아요. 설치하자마자 써봤는데 그릇이 깨끗하게 씻겨서 나와서 너무 좋습니다.",
    "Source": "쇼핑몰",
    "Domain": "가전",
    "MainCategory": "주방가전",
    "ProductName": "디오스 LG전자 스팀 DUB22WA 일반구매",
    "ReviewScore": "5",
    "Syllable": "86",
    "Word": "18",
    "RDate": "20210621",
    "GeneralPolarity": "1",
    "Aspects": [
      {
        "Aspect": "가격",
        "SentimentText": "이사하면서 이번에 큰맘먹고 구매했는데 저렴한 가격에 합리적으로 소비했네요 너무 좋아요. ",
        "SentimentWord": "10",
        "SentimentPolarity": "1"
      },
      {
        "Aspect": "기능",
        "SentimentText": "설치하자마자 써봤는데 그릇이 깨끗하게 씻겨서 나와서 너무 좋습니다.",
        "SentimentWord": "8",
        "SentimentPolarity": "1"
      }
    ]
  },
  {
    "Index": "29131",
    "RawText": "이번에 이사하면서 산 가전제품중에 제일 마음에 드네요. 품질 퀄리티 대박입니다. 무엇보다 저렴하게 사서 더 기분이 좋아요!",
    "Source": "쇼핑몰",
    "Domain": "가전",
    "MainCategory": "주방가전",
    "ProductName": "디오스 LG전자 스팀 DUB22WA 일반구매",
    "ReviewScore": "5",
    "Syllable": "68",
    "Word": "16",
    "RDate": "20220111",
    "GeneralPolarity": "1",
    "Aspects": [
      {
        "Aspect": "품질",
        "SentimentText": "이번에 이사하면서 산 가전제품중에 제일 마음에 드네요. 품질 퀄리티 대박입니다.",
        "SentimentWord": "10",
        "SentimentPolarity": "1"
      },
      {
        "Aspect": "가격",
        "SentimentText": "무엇보다 저렴하게 사서 더 기분이 좋아요!",
        "SentimentWord": "6",
        "SentimentPolarity": "1"
      }
    ]
  },
  {
    "Index": "29132",
    "RawText": "지금 브랜드의 이전모델을 계속 쓰고있었는데 더 좋아져서 만족스러워요! 사용해보니 훨씬 사용법도 편해져서 쓸모있어졌네요",
    "Source": "쇼핑몰",
    "Domain": "가전",
    "MainCategory": "주방가전",
    "ProductName": "디오스 LG전자 스팀 DUB22WA 일반구매",
    "ReviewScore": "5",
    "Syllable": "65",
    "Word": "13",
    "RDate": "20211214",
    "GeneralPolarity": "1",
    "Aspects": [
      {
        "Aspect": "품질",
        "SentimentText": "지금 브랜드의 이전모델을 계속 쓰고있었는데 더 좋아져서 만족스러워요!",
        "SentimentWord": "8",
        "SentimentPolarity": "1"
      },
      {
        "Aspect": "조작성",
        "SentimentText": "사용해보니 훨씬 사용법도 편해져서 쓸모있어졌네요",
        "SentimentWord": "5",
        "SentimentPolarity": "1"
      }
    ]
  },
  {
    "Index": "29133",
    "RawText": "식세기 들이고 생활이 편리해졌어요~!!  가격이 저렴할때 구입해서 더 만족합니다. 단점은 3인가족인데도  12인용이 작아서 아쉽네요.",
    "Source": "쇼핑몰",
    "Domain": "가전",
    "MainCategory": "주방가전",
    "ProductName": "디오스 LG전자 스팀 DUB22WA 일반구매",
    "ReviewScore": "5",
    "Syllable": "74",
    "Word": "14",
    "RDate": "20211223",
    "GeneralPolarity": "0",
    "Aspects": [
      {
        "Aspect": "편의성",
        "SentimentText": "식세기 들이고 생활이 편리해졌어요~!",
        "SentimentWord": "4",
        "SentimentPolarity": "1"
      },
      {
        "Aspect": "가격",
        "SentimentText": "가격이 저렴할때 구입해서 더 만족합니다",
        "SentimentWord": "5",
        "SentimentPolarity": "1"
      },
      {
        "Aspect": "용량",
        "SentimentText": "단점은 3인가족인데도  12인용이 작아서 아쉽네요. ",
        "SentimentWord": "5",
        "SentimentPolarity": "-1"
      }
    ]
  },
  {
    "Index": "29134",
    "RawText": "저렴한 가격에 훌륭한 제품 구입해서 너무 좋아요! 굿굿! 역시 식기세척기는 이 브랜드 따라갈자없네요 믿고 구매했어요!",
    "Source": "쇼핑몰",
    "Domain": "가전",
    "MainCategory": "주방가전",
    "ProductName": "디오스 LG전자 스팀 DUB22WA 일반구매",
    "ReviewScore": "5",
    "Syllable": "65",
    "Word": "15",
    "RDate": "20220622",
    "GeneralPolarity": "1",
    "Aspects": [
      {
        "Aspect": "가격",
        "SentimentText": "저렴한 가격에 훌륭한 제품 구입해서 너무 좋아요! 굿굿!",
        "SentimentWord": "8",
        "SentimentPolarity": "1"
      },
      {
        "Aspect": "제조일/제조사",
        "SentimentText": " 역시 식기세척기는 이 브랜드 따라갈자없네요 믿고 구매했어요!",
        "SentimentWord": "7",
        "SentimentPolarity": "1"
      }
    ]
  },
  {
    "Index": "29136",
    "RawText": "시간이 얼마나 남았는지 잔여시간이 전면부에 표시되어 있어서 너무 편리해요. 제품 디자인도 깔끔해서 좋습니다!",
    "Source": "쇼핑몰",
    "Domain": "가전",
    "MainCategory": "주방가전",
    "ProductName": "디오스 LG전자 스팀 DUB22WA 일반구매",
    "ReviewScore": "5",
    "Syllable": "60",
    "Word": "13",
    "RDate": "20210626",
    "Aspects": [
      {
        "Aspect": "편의성",
        "SentimentText": "시간이 얼마나 남았는지 잔여시간이 전면부에 표시되어 있어서 너무 편리해요",
        "SentimentWord": "9",
        "SentimentPolarity": "1"
      },
      {
        "Aspect": "디자인",
        "SentimentText": "제품 디자인도 깔끔해서 좋습니다!",
        "SentimentWord": "4",
        "SentimentPolarity": "1"
      }
    ]
  },
  {
    "Index": "29137",
    "RawText": "설치비는 따로 없는데 이 제품  설치가 까다로워서  수납장을 따로 장만하느라 비용이 오버됐네요. ㅠㅠ 성능은 좋아서 잘 사용하고 있습니다 약간의 소음은 감안하셔야 합니다",
    "Source": "쇼핑몰",
    "Domain": "가전",
    "MainCategory": "주방가전",
    "ProductName": "디오스 LG전자 스팀 DUB22WA 일반구매",
    "ReviewScore": "5",
    "Syllable": "94",
    "Word": "22",
    "RDate": "20220605",
    "GeneralPolarity": "0",
    "Aspects": [
      {
        "Aspect": "가격",
        "SentimentText": "설치가 까다로워서  수납장을 따로 장만하느라 비용이 오버됐네요. ㅠㅠ ",
        "SentimentWord": "8",
        "SentimentPolarity": "-1"
      },
      {
        "Aspect": "기능",
        "SentimentText": "성능은 좋아서 잘 사용하고 있습니다",
        "SentimentWord": "5",
        "SentimentPolarity": "1"
      },
      {
        "Aspect": "소음",
        "SentimentText": "약간의 소음은 감안하셔야 합니다",
        "SentimentWord": "4",
        "SentimentPolarity": "0"
      }
    ]
  },
  {
    "Index": "29138",
    "RawText": "세척도 굉장히 잘되고 고온살균 기능이  있어 위생적이라 안심이 되네요!! 작은 사이즈는 그릇이 많이 안들어가서  큰 사이즈로  바꾸니 한번에 많은 식기를 세척해주니  만족스럽습니다.",
    "Source": "쇼핑몰",
    "Domain": "가전",
    "MainCategory": "주방가전",
    "ProductName": "디오스 LG전자 스팀 DUB22WA 일반구매",
    "ReviewScore": "5",
    "Syllable": "101",
    "Word": "22",
    "RDate": "20220301",
    "Aspects": [
      {
        "Aspect": "기능",
        "SentimentText": "세척도 굉장히 잘되고 고온살균 기능이  있어 위생적이라 안심이 되네요!!",
        "SentimentWord": "9",
        "SentimentPolarity": "1"
      },
      {
        "Aspect": "용량",
        "SentimentText": "큰 사이즈로  바꾸니 한번에 많은 식기를 세척해주니  만족스럽습니다.",
        "SentimentWord": "8",
        "SentimentPolarity": "1"
      }
    ]
  },
  {
    "Index": "29139",
    "RawText": "실제로 보니 세련된 화이트색상이 아니여서 실망이예요ㅠㅠ  다만 제품은 너무 좋아요. 성능도 훌륭하고 최고의 제품이예요.",
    "Source": "쇼핑몰",
    "Domain": "가전",
    "MainCategory": "주방가전",
    "ProductName": "디오스 LG전자 스팀 DUB22WA 일반구매",
    "ReviewScore": "5",
    "Syllable": "66",
    "Word": "14",
    "RDate": "20211116",
    "Aspects": [
      {
        "Aspect": "색상",
        "SentimentText": "실제로 보니 세련된 화이트색상이 아니여서 실망이예요ㅠㅠ",
        "SentimentWord": "6",
        "SentimentPolarity": "-1"
      },
      {
        "Aspect": "기능",
        "SentimentText": "다만 제품은 너무 좋아요. 성능도 훌륭하고 최고의 제품이예요.",
        "SentimentWord": "8",
        "SentimentPolarity": "1"
      }
    ]
  },
  {
    "Index": "29140",
    "RawText": "조용하니 소음없이 잘 세척되서 좋아요! 용량이 큰 편이라 생각했는데 생각한거보다 그릇이 얼마 들어가지 않아 아쉽네요.",
    "Source": "쇼핑몰",
    "Domain": "가전",
    "MainCategory": "주방가전",
    "ProductName": "디오스 LG전자 스팀 DUB22WA 일반구매",
    "ReviewScore": "5",
    "Syllable": "65",
    "Word": "15",
    "RDate": "20220324",
    "Aspects": [
      {
        "Aspect": "소음",
        "SentimentText": "조용하니 소음없이 잘 세척되서 좋아요!",
        "SentimentWord": "5",
        "SentimentPolarity": "1"
      },
      {
        "Aspect": "용량",
        "SentimentText": "용량이 큰 편이라 생각했는데 생각한거보다 그릇이 얼마 들어가지 않아 아쉽네요.",
        "SentimentWord": "10",
        "SentimentPolarity": "-1"
      }
    ]
  },
  {
    "Index": "29141",
    "RawText": "세일기간에 저렴하게 잘 구매했어요, 배송도 생각보다 빠르게 와서 너무 좋습니다!  설거지옥해방되니 생활의 질이 달라져서 편합니다~~",
    "Source": "쇼핑몰",
    "Domain": "가전",
    "MainCategory": "주방가전",
    "ProductName": "디오스 LG전자 스팀 DUB22WA 일반구매",
    "ReviewScore": "4",
    "Syllable": "73",
    "Word": "15",
    "RDate": "20220222",
    "GeneralPolarity": "1",
    "Aspects": [
      {
        "Aspect": "가격",
        "SentimentText": "세일기간에 저렴하게 잘 구매했어요",
        "SentimentWord": "4",
        "SentimentPolarity": "1"
      },
      {
        "Aspect": "색상",
        "SentimentText": "배송도 생각보다 빠르게 와서 너무 좋습니다!",
        "SentimentWord": "6",
        "SentimentPolarity": "1"
      },
      {
        "Aspect": "편의성",
        "SentimentText": "설거지옥해방되니 생활의 질이 달라져서 편합니다~~",
        "SentimentWord": "5",
        "SentimentPolarity": "1"
      }
    ]
  },
  {
    "Index": "29142",
    "RawText": "할인받아서 저렴하게 잘 구매했습니다. 오늘 설치해서 사용했는데  세척도 잘되고 건조도 잘되서 성능도 좋습니다!!",
    "Source": "쇼핑몰",
    "Domain": "가전",
    "MainCategory": "주방가전",
    "ProductName": "디오스 LG전자 스팀 DUB22WA 일반구매",
    "ReviewScore": "5",
    "Syllable": "62",
    "Word": "13",
    "RDate": "20220727",
    "Aspects": [
      {
        "Aspect": "가격",
        "SentimentText": "할인받아서 저렴하게 잘 구매했습니다. ",
        "SentimentWord": "4",
        "SentimentPolarity": "1"
      },
      {
        "Aspect": "기능",
        "SentimentText": " 세척도 잘되고 건조도 잘되서 성능도 좋습니다!!",
        "SentimentWord": "6",
        "SentimentPolarity": "1"
      }
    ]
  },
  {
    "Index": "29146",
    "RawText": "퀄리티 좋은 상품입니다.  착한 가격에 샀어요.  설치기사님이 너무  친절하시고  빠르게 설치해 주셨습니다~잘 쓸께요",
    "Source": "쇼핑몰",
    "Domain": "가전",
    "MainCategory": "주방가전",
    "ProductName": "디오스 LG전자 스팀 DUB22WA 일반구매",
    "ReviewScore": "5",
    "Syllable": "65",
    "Word": "13",
    "RDate": "20211229",
    "Aspects": [
      {
        "Aspect": "품질",
        "SentimentText": "퀄리티 좋은 상품입니다.",
        "SentimentWord": "3",
        "SentimentPolarity": "1"
      },
      {
        "Aspect": "가격",
        "SentimentText": " 착한 가격에 샀어요.",
        "SentimentWord": "3",
        "SentimentPolarity": "1"
      }
    ]
  },
  {
    "Index": "29147",
    "RawText": "가격이 이렇게 착할 수가 ^^  배송 날아 왔고   기사님도 친절 했습니다.내부 사이즈도 커서 큰 냄비도 걱정 없네요~",
    "Source": "쇼핑몰",
    "Domain": "가전",
    "MainCategory": "주방가전",
    "ProductName": "디오스 LG전자 스팀 DUB22WA 일반구매",
    "ReviewScore": "5",
    "Syllable": "66",
    "Word": "17",
    "RDate": "20210709",
    "Aspects": [
      {
        "Aspect": "가격",
        "SentimentText": "가격이 이렇게 착할 수가 ^^ ",
        "SentimentWord": "5",
        "SentimentPolarity": "1"
      },
      {
        "Aspect": "용량",
        "SentimentText": "내부 사이즈도 커서 큰 냄비도 걱정 없네요~",
        "SentimentWord": "7",
        "SentimentPolarity": "1"
      }
    ]
  },
  {
    "Index": "29148",
    "RawText": "주문하고 설치하기까지 3일 걸렸어요  기사님들이 너무  친절하십니다.  세척이 깨끗하게 잘되고 무엇보다  조용해서 더욱 좋아요",
    "Source": "쇼핑몰",
    "Domain": "가전",
    "MainCategory": "주방가전",
    "ProductName": "디오스 LG전자 스팀 DUB22WA 일반구매",
    "ReviewScore": "5",
    "Syllable": "70",
    "Word": "14",
    "RDate": "20220527",
    "Aspects": [
      {
        "Aspect": "기능",
        "SentimentText": "세척이 깨끗하게 잘되고",
        "SentimentWord": "3",
        "SentimentPolarity": "1"
      },
      {
        "Aspect": "소음",
        "SentimentText": "무엇보다  조용해서 더욱 좋아요",
        "SentimentWord": "4",
        "SentimentPolarity": "1"
      }
    ]
  },
  {
    "Index": "29149",
    "RawText": "디자인은 깔끔해서 마음에 들어요~하지만 컬러가 제가 사진으로 본 컬러랑 좀 달라서 아쉬워요.",
    "Source": "쇼핑몰",
    "Domain": "가전",
    "MainCategory": "주방가전",
    "ProductName": "디오스 LG전자 스팀 DUB22WA 일반구매",
    "ReviewScore": "5",
    "Syllable": "51",
    "Word": "12",
    "RDate": "20220622",
    "Aspects": [
      {
        "Aspect": "디자인",
        "SentimentText": "디자인은 깔끔해서 마음에 들어요~",
        "SentimentWord": "4",
        "SentimentPolarity": "1"
      },
      {
        "Aspect": "색상",
        "SentimentText": "컬러가 제가 사진으로 본 컬러랑 좀 달라서 아쉬워요.",
        "SentimentWord": "8",
        "SentimentPolarity": "-1"
      }
    ]
  },
  {
    "Index": "29151",
    "RawText": "주방에 있는 장이랑 색깔 맞춰서 주문했는데 너무 예뻐서 마음에 들어요. 제품 사용법도 간단해서 사용하기 편합니다!",
    "Source": "쇼핑몰",
    "Domain": "가전",
    "MainCategory": "주방가전",
    "ProductName": "디오스 LG전자 스팀 DUB22WA 일반구매",
    "ReviewScore": "5",
    "Syllable": "63",
    "Word": "15",
    "RDate": "20210815",
    "Aspects": [
      {
        "Aspect": "색상",
        "SentimentText": "주방에 있는 장이랑 색깔 맞춰서 주문했는데 너무 예뻐서 마음에 들어요",
        "SentimentWord": "10",
        "SentimentPolarity": "1"
      },
      {
        "Aspect": "조작성",
        "SentimentText": "제품 사용법도 간단해서 사용하기 편합니다!",
        "SentimentWord": "5",
        "SentimentPolarity": "1"
      }
    ]
  },
  {
    "Index": "29152",
    "RawText": "주변에서 많이 추천해줘서 이 브랜드 식기세척기로 샀는데 역시나네요! 너무 좋아요. 그리고 할인 기간일때 저렴하게 구매해서 더 좋네요.",
    "Source": "쇼핑몰",
    "Domain": "가전",
    "MainCategory": "주방가전",
    "ProductName": "디오스 LG전자 스팀 DUB22WA 일반구매",
    "ReviewScore": "5",
    "Syllable": "74",
    "Word": "17",
    "RDate": "20211125",
    "GeneralPolarity": "1",
    "Aspects": [
      {
        "Aspect": "제조일/제조사",
        "SentimentText": "주변에서 많이 추천해줘서 이 브랜드 식기세척기로 샀는데 역시나네요! 너무 좋아요.",
        "SentimentWord": "10",
        "SentimentPolarity": "1"
      },
      {
        "Aspect": "가격",
        "SentimentText": " 그리고 할인 기간일때 저렴하게 구매해서 더 좋네요.",
        "SentimentWord": "7",
        "SentimentPolarity": "1"
      }
    ]
  },
  {
    "Index": "29153",
    "RawText": "가격도 할인 혜택이 커서 저렴하게 잘 샀어요~ 디자인이 고급스러워서 주방이 환해졌어요.",
    "Source": "쇼핑몰",
    "Domain": "가전",
    "MainCategory": "주방가전",
    "ProductName": "디오스 LG전자 스팀 DUB22WA 일반구매",
    "ReviewScore": "5",
    "Syllable": "48",
    "Word": "11",
    "RDate": "20220426",
    "Aspects": [
      {
        "Aspect": "가격",
        "SentimentText": "가격도 할인 혜택이 커서 저렴하게 잘 샀어요~",
        "SentimentWord": "7",
        "SentimentPolarity": "1"
      },
      {
        "Aspect": "디자인",
        "SentimentText": " 디자인이 고급스러워서 주방이 환해졌어요.",
        "SentimentWord": "4",
        "SentimentPolarity": "1"
      }
    ]
  },
  {
    "Index": "29154",
    "RawText": "오래고민한게 후회될 정도로 너무 편하게 사용중이예요!! 세정력 별로 일 줄 알았는데 완벽하게 세정됩니다ㅋㅋ기사님들도 너무 친절하셨고 설치도 빠르고, 상세하게  설명까지 해주셨어요^^감사합니다",
    "Source": "쇼핑몰",
    "Domain": "가전",
    "MainCategory": "주방가전",
    "ProductName": "디오스 LG전자 스팀 DUB22WA 일반구매",
    "ReviewScore": "5",
    "Syllable": "106",
    "Word": "20",
    "RDate": "20220417",
    "Aspects": [
      {
        "Aspect": "편의성",
        "SentimentText": "너무 편하게 사용중이예요!! ",
        "SentimentWord": "3",
        "SentimentPolarity": "1"
      },
      {
        "Aspect": "기능",
        "SentimentText": "세정력 별로 일 줄 알았는데 완벽하게 세정됩니다ㅋㅋ",
        "SentimentWord": "7",
        "SentimentPolarity": "1"
      }
    ]
  },
  {
    "Index": "29155",
    "RawText": "세척기 없을때는 서로 설거지를 하기 싫어했는데 사고 난뒤는 서로 하겠다고 난리네요 너무 편해 좋아요. 그리고 사용 조작법도 쉬워서 너무 좋아요.",
    "Source": "쇼핑몰",
    "Domain": "가전",
    "MainCategory": "주방가전",
    "ProductName": "디오스 LG전자 스팀 DUB22WA 일반구매",
    "ReviewScore": "5",
    "Syllable": "80",
    "Word": "20",
    "RDate": "20211108",
    "GeneralPolarity": "1",
    "Aspects": [
      {
        "Aspect": "편의성",
        "SentimentText": "세척기 없을때는 서로 설거지를 하기 싫어했는데 사고 난뒤는 서로 하겠다고 난리네요 너무 편해 좋아요.",
        "SentimentWord": "14",
        "SentimentPolarity": "1"
      },
      {
        "Aspect": "조작성",
        "SentimentText": "그리고 사용 조작법도 쉬워서 너무 좋아요.",
        "SentimentWord": "6",
        "SentimentPolarity": "1"
      }
    ]
  },
  {
    "Index": "29157",
    "RawText": "최신형 제품으로 구매하니 확실히 좋아요. 착한 가격이라 더 만족하고  설치도 깔끔하게 잘 해주셨어요 너무 감사드립니다",
    "Source": "쇼핑몰",
    "Domain": "가전",
    "MainCategory": "주방가전",
    "ProductName": "디오스 LG전자 스팀 DUB22WA 일반구매",
    "ReviewScore": "5",
    "Syllable": "65",
    "Word": "15",
    "RDate": "20210828",
    "Aspects": [
      {
        "Aspect": "제조일/제조사",
        "SentimentText": "최신형 제품으로 구매하니 확실히 좋아요",
        "SentimentWord": "5",
        "SentimentPolarity": "1"
      },
      {
        "Aspect": "가격",
        "SentimentText": "착한 가격이라 더 만족하고",
        "SentimentWord": "4",
        "SentimentPolarity": "1"
      }
    ]
  },
  {
    "Index": "29160",
    "RawText": "설치 기사님 친절하십니다! 세제도 주시고 린스까스   넣어주셔서 감사해요~~ 아이보리톤 주방 화이트랑 다르다고해서 별기대안했는데 나름 올 화이트 색상도 깔끔하고  괜찮아요",
    "Source": "쇼핑몰",
    "Domain": "가전",
    "MainCategory": "주방가전",
    "ProductName": "디오스 LG전자 스팀 DUB22WA 일반구매",
    "ReviewScore": "5",
    "Syllable": "95",
    "Word": "19",
    "RDate": "20211102",
    "GeneralPolarity": "1",
    "Aspects": [
      {
        "Aspect": "제품구성",
        "SentimentText": "세제도 주시고 린스까스   넣어주셔서 감사해요~~",
        "SentimentWord": "5",
        "SentimentPolarity": "1"
      },
      {
        "Aspect": "색상",
        "SentimentText": "올 화이트 색상도 깔끔하고  괜찮아요",
        "SentimentWord": "5",
        "SentimentPolarity": "1"
      }
    ]
  },
  {
    "Index": "29161",
    "RawText": "설거지 스트레스 받다가 드디어 장만했어요 세척 시간은 생각보다 오래 걸리네요..그래도 설거지에서 벗어나니 생활이 편해졌어요  너무 좋아요",
    "Source": "쇼핑몰",
    "Domain": "가전",
    "MainCategory": "주방가전",
    "ProductName": "디오스 LG전자 스팀 DUB22WA 일반구매",
    "ReviewScore": "4",
    "Syllable": "76",
    "Word": "16",
    "RDate": "20210717",
    "GeneralPolarity": "0",
    "Aspects": [
      {
        "Aspect": "시간/속도",
        "SentimentText": "세척 시간은 생각보다 오래 걸리네요..",
        "SentimentWord": "5",
        "SentimentPolarity": "-1"
      },
      {
        "Aspect": "편의성",
        "SentimentText": "설거지에서 벗어나니 생활이 편해졌어요 ",
        "SentimentWord": "4",
        "SentimentPolarity": "1"
      }
    ]
  },
  {
    "Index": "29162",
    "RawText": "버튼 조작법도 손쉽게 되어 있어 좋아요. 설겆이 하는 시간이 줄고 여유롭고 편해져서 매우 만족하며 사용합니다^^",
    "Source": "쇼핑몰",
    "Domain": "가전",
    "MainCategory": "주방가전",
    "ProductName": "디오스 LG전자 스팀 DUB22WA 일반구매",
    "ReviewScore": "5",
    "Syllable": "62",
    "Word": "15",
    "RDate": "20220213",
    "Aspects": [
      {
        "Aspect": "조작성",
        "SentimentText": "버튼 조작법도 손쉽게 되어 있어 좋아요. ",
        "SentimentWord": "6",
        "SentimentPolarity": "1"
      },
      {
        "Aspect": "편의성",
        "SentimentText": "설겆이 하는 시간이 줄고 여유롭고 편해져서 매우 만족하며 사용합니다^^",
        "SentimentWord": "9",
        "SentimentPolarity": "1"
      }
    ]
  },
  {
    "Index": "29163",
    "RawText": "할인받아서 저렴한 가격에 이런 제품을 득템해서 너무 좋아요! 사은품으로 한박스 보내주신 세제도 넘 좋아요 잘쓸께요",
    "Source": "쇼핑몰",
    "Domain": "가전",
    "MainCategory": "주방가전",
    "ProductName": "디오스 LG전자 스팀 DUB22WA 일반구매",
    "ReviewScore": "5",
    "Syllable": "63",
    "Word": "15",
    "RDate": "20210630",
    "GeneralPolarity": "1",
    "Aspects": [
      {
        "Aspect": "가격",
        "SentimentText": "할인받아서 저렴한 가격에 이런 제품을 득템해서 너무 좋아요!",
        "SentimentWord": "8",
        "SentimentPolarity": "1"
      },
      {
        "Aspect": "제품구성",
        "SentimentText": "사은품으로 한박스 보내주신 세제도 넘 좋아요 잘쓸께요",
        "SentimentWord": "7",
        "SentimentPolarity": "1"
      }
    ]
  },
  {
    "Index": "29164",
    "RawText": "핫딜 떠서 얼른 구매했는데 저렴한 가격에 좋은 가전 사서 좋아요! 세척기 작동도 잘되고 세척력도 훌륭해 잘 닦여요!",
    "Source": "쇼핑몰",
    "Domain": "가전",
    "MainCategory": "주방가전",
    "ProductName": "디오스 LG전자 스팀 DUB22WA 일반구매",
    "ReviewScore": "5",
    "Syllable": "64",
    "Word": "17",
    "RDate": "20220308",
    "Aspects": [
      {
        "Aspect": "가격",
        "SentimentText": "핫딜 떠서 얼른 구매했는데 저렴한 가격에 좋은 가전 사서 좋아요!",
        "SentimentWord": "10",
        "SentimentPolarity": "1"
      },
      {
        "Aspect": "기능",
        "SentimentText": "세척기 작동도 잘되고 세척력도 훌륭해 잘 닦여요!",
        "SentimentWord": "7",
        "SentimentPolarity": "1"
      }
    ]
  },
  {
    "Index": "29166",
    "RawText": "색상이 화이트인데 깔끔하니 너무 좋아요 다른 가전들이랑 잘 어울려요. 세척력도 짱이고 살균까지 되니 마음이 놓이네요.",
    "Source": "쇼핑몰",
    "Domain": "가전",
    "MainCategory": "주방가전",
    "ProductName": "디오스 LG전자 스팀 DUB22WA 일반구매",
    "ReviewScore": "4",
    "Syllable": "65",
    "Word": "15",
    "RDate": "20210601",
    "GeneralPolarity": "1",
    "Aspects": [
      {
        "Aspect": "색상",
        "SentimentText": "색상이 화이트인데 깔끔하니 너무 좋아요 다른 가전들이랑 잘 어울려요.",
        "SentimentWord": "9",
        "SentimentPolarity": "1"
      },
      {
        "Aspect": "기능",
        "SentimentText": "세척력도 짱이고 살균까지 되니 마음이 놓이네요.",
        "SentimentWord": "6",
        "SentimentPolarity": "1"
      }
    ]
  },
  {
    "Index": "29167",
    "RawText": "식기세척기 설치하고 나서 시간을 유용하게 쓸수 있어서 너무 좋아요! 소음도 거의 없어 조용해서 돌리는지도 모를정도예요ㅎ 세척기능도 완벽해서 너무 좋아요.",
    "Source": "쇼핑몰",
    "Domain": "가전",
    "MainCategory": "주방가전",
    "ProductName": "디오스 LG전자 스팀 DUB22WA 일반구매",
    "ReviewScore": "5",
    "Syllable": "85",
    "Word": "19",
    "RDate": "20220222",
    "GeneralPolarity": "1",
    "Aspects": [
      {
        "Aspect": "편의성",
        "SentimentText": "식기세척기 설치하고 나서 시간을 유용하게 쓸수 있어서 너무 좋아요! ",
        "SentimentWord": "9",
        "SentimentPolarity": "1"
      },
      {
        "Aspect": "소음",
        "SentimentText": "소음도 거의 없어 조용해서 돌리는지도 모를정도예요ㅎ",
        "SentimentWord": "6",
        "SentimentPolarity": "1"
      },
      {
        "Aspect": "기능",
        "SentimentText": "세척기능도 완벽해서 너무 좋아요.",
        "SentimentWord": "4",
        "SentimentPolarity": "1"
      }
    ]
  },
  {
    "Index": "29168",
    "RawText": "저렴한 가격에 좋은제품이예요!  컬러가 화이트라 그런가 너무 잘어울려서 뿌듯하네요.",
    "Source": "쇼핑몰",
    "Domain": "가전",
    "MainCategory": "주방가전",
    "ProductName": "디오스 LG전자 스팀 DUB22WA 일반구매",
    "ReviewScore": "5",
    "Syllable": "46",
    "Word": "9",
    "RDate": "20210702",
    "Aspects": [
      {
        "Aspect": "가격",
        "SentimentText": "저렴한 가격에 좋은제품이예요!",
        "SentimentWord": "3",
        "SentimentPolarity": "1"
      },
      {
        "Aspect": "색상",
        "SentimentText": "컬러가 화이트라 그런가 너무 잘어울려서 뿌듯하네요.",
        "SentimentWord": "6",
        "SentimentPolarity": "1"
      }
    ]
  },
  {
    "Index": "29169",
    "RawText": "세척이 잘되서 그릇이 빛이 나고 깨끗해서 좋아요~근데 작동시 소음이 조금 요란하게 나는게 아쉽네요. 신경쓰여요",
    "Source": "쇼핑몰",
    "Domain": "가전",
    "MainCategory": "주방가전",
    "ProductName": "디오스 LG전자 스팀 DUB24MS",
    "ReviewScore": "5",
    "Syllable": "61",
    "Word": "14",
    "RDate": "20220713",
    "Aspects": [
      {
        "Aspect": "기능",
        "SentimentText": "세척이 잘되서 그릇이 빛이 나고 깨끗해서 좋아요~",
        "SentimentWord": "7",
        "SentimentPolarity": "1"
      },
      {
        "Aspect": "소음",
        "SentimentText": "작동시 소음이 조금 요란하게 나는게 아쉽네요. 신경쓰여요",
        "SentimentWord": "7",
        "SentimentPolarity": "-1"
      }
    ]
  },
  {
    "Index": "29174",
    "RawText": "최저가로 구매하고 나니  기분이 너무 좋아요.   기사님 빠르게 방문해 주시고  설치까지 마쳤습니다. 생활에 필수품인 식세기가  우리집에 안착되니 생활이 달라집니다~~너무 만족합니다^^",
    "Source": "쇼핑몰",
    "Domain": "가전",
    "MainCategory": "주방가전",
    "ProductName": "디오스 LG전자 스팀 DUB24MS",
    "ReviewScore": "5",
    "Syllable": "103",
    "Word": "20",
    "RDate": "20220522",
    "Aspects": [
      {
        "Aspect": "가격",
        "SentimentText": "최저가로 구매하고 나니  기분이 너무 좋아요. ",
        "SentimentWord": "6",
        "SentimentPolarity": "1"
      },
      {
        "Aspect": "편의성",
        "SentimentText": "식세기가  우리집에 안착되니 생활이 달라집니다~~너무 만족합니다^^",
        "SentimentWord": "6",
        "SentimentPolarity": "1"
      }
    ]
  },
  {
    "Index": "29175",
    "RawText": "기름때 제거하려고 한여름에 온수로 설거지 안해도 되서 너무 좋아요! 용량도 커서 그릇이 다들어가 하루에 한번씩만 돌려도 되서 너무 좋아요.",
    "Source": "쇼핑몰",
    "Domain": "가전",
    "MainCategory": "주방가전",
    "ProductName": "디오스 LG전자 스팀 DUB24MS",
    "ReviewScore": "5",
    "Syllable": "77",
    "Word": "19",
    "RDate": "20220703",
    "GeneralPolarity": "1",
    "Aspects": [
      {
        "Aspect": "편의성",
        "SentimentText": "기름때 제거하려고 한여름에 온수로 설거지 안해도 되서 너무 좋아요!",
        "SentimentWord": "9",
        "SentimentPolarity": "1"
      },
      {
        "Aspect": "용량",
        "SentimentText": "용량도 커서 그릇이 다들어가 하루에 한번씩만 돌려도 되서 너무 좋아요.",
        "SentimentWord": "10",
        "SentimentPolarity": "1"
      }
    ]
  },
  {
    "Index": "29176",
    "RawText": "제품 디자인도 심플하고 고급스러워서 만족스러워요!! 화이트색이라 깔끔하고 너무 예뻐요 잘 산것 같아요.",
    "Source": "쇼핑몰",
    "Domain": "가전",
    "MainCategory": "주방가전",
    "ProductName": "비스포크 삼성전자 DW60A8375LW 빌트인",
    "ReviewScore": "5",
    "Syllable": "57",
    "Word": "12",
    "RDate": "20220614",
    "Aspects": [
      {
        "Aspect": "디자인",
        "SentimentText": "제품 디자인도 심플하고 고급스러워서 만족스러워요!! ",
        "SentimentWord": "5",
        "SentimentPolarity": "1"
      },
      {
        "Aspect": "색상",
        "SentimentText": "화이트색이라 깔끔하고 너무 예뻐요 잘 산것 같아요.",
        "SentimentWord": "7",
        "SentimentPolarity": "1"
      }
    ]
  }
]