[
  {
    "Index": "28401",
    "RawText": "주방 인테리어 효과가 큽니다.   지정한  날짜에 배송 되어 왔고 설치기사님께서  신경써서 꼼꼼하게 설치 해주셔서 감사합니다. 칸칸이 나오는 냉기작동기능까지  있으니  너무 만족합니다",
    "Source": "쇼핑몰",
    "Domain": "가전",
    "MainCategory": "주방가전",
    "ProductName": "비스포크 삼성전자 키친핏 RR40A7905AP + RZ34A7905AP + RZ24A59A0AP 코타",
    "ReviewScore": "5",
    "Syllable": "102",
    "Word": "21",
    "RDate": "20211122",
    "Aspects": [
      {
        "Aspect": "디자인",
        "SentimentText": "주방 인테리어 효과가 큽니다",
        "SentimentWord": "4",
        "SentimentPolarity": "1"
      },
      {
        "Aspect": "기능",
        "SentimentText": "칸칸이 나오는 냉기작동기능까지  있으니  너무 만족합니다",
        "SentimentWord": "6",
        "SentimentPolarity": "1"
      }
    ]
  },
  {
    "Index": "28402",
    "RawText": "제품 자체는  너무 만족스럽습니다. 다만, 배송이 2주 넘게 걸렸어요 .설치기사님은  친철하게 설치, 설명까지 해 주셨어요. 냉장고 설치 다 하고나니 주방이  너무 예뻐졌어요.",
    "Source": "쇼핑몰",
    "Domain": "가전",
    "MainCategory": "주방가전",
    "ProductName": "비스포크 삼성전자 키친핏 RR40A7905AP + RZ34A7905AP + RZ24A59A0AP 코타",
    "ReviewScore": "5",
    "Syllable": "98",
    "Word": "22",
    "RDate": "20220325",
    "Aspects": [
      {
        "Aspect": "품질",
        "SentimentText": "제품 자체는  너무 만족스럽습니다",
        "SentimentWord": "4",
        "SentimentPolarity": "1"
      },
      {
        "Aspect": "디자인",
        "SentimentText": "냉장고 설치 다 하고나니 주방이  너무 예뻐졌어요. ",
        "SentimentWord": "7",
        "SentimentPolarity": "1"
      }
    ]
  },
  {
    "Index": "28403",
    "RawText": "배송은 빠르게 왔고  기사님은  친절해서 만족합니다만, 색상이 그린+화이트로 주문했는데  화이트+화이트 색상으로 왔어요.. 어떻게 하나요? 고급스런 디자인이 마음에 들어요",
    "Source": "쇼핑몰",
    "Domain": "가전",
    "MainCategory": "주방가전",
    "ProductName": "비스포크 삼성전자 키친핏 RR40A7905AP + RZ34A7905AP 코타",
    "ReviewScore": "5",
    "Syllable": "95",
    "Word": "18",
    "RDate": "20211130",
    "Aspects": [
      {
        "Aspect": "디자인",
        "SentimentText": "고급스런 디자인이 마음에 들어요",
        "SentimentWord": "4",
        "SentimentPolarity": "1"
      },
      {
        "Aspect": "색상",
        "SentimentText": "색상이 그린+화이트로 주문했는데  화이트+화이트 색상으로 왔어요",
        "SentimentWord": "6",
        "SentimentPolarity": "0"
      }
    ]
  },
  {
    "Index": "28404",
    "RawText": "지정한 배송일에 맞춰서 배송해주시고 기사님들은 꼼꼼하게  설명해 주심에 감사드려요!!   컬러가 다양해서 좋을줄 알았는데 막상 써보니 그렇치 못해서 아쉽네요 소음발생을 걱정했는데 전혀 걱정할 필요가 없네요.",
    "Source": "쇼핑몰",
    "Domain": "가전",
    "MainCategory": "주방가전",
    "ProductName": "비스포크 삼성전자 키친핏 RR40A7905AP + RZ34A7905AP 코타",
    "ReviewScore": "5",
    "Syllable": "115",
    "Word": "24",
    "RDate": "20220404",
    "Aspects": [
      {
        "Aspect": "소음",
        "SentimentText": "소음발생을 걱정했는데 전혀 걱정할 필요가 없네요.",
        "SentimentWord": "6",
        "SentimentPolarity": "1"
      },
      {
        "Aspect": "색상",
        "SentimentText": "컬러가 다양해서 좋을줄 알았는데 막상 써보니 그렇치 못해서 아쉽네요",
        "SentimentWord": "9",
        "SentimentPolarity": "-1"
      }
    ]
  },
  {
    "Index": "28405",
    "RawText": "상품은 주문하고 바로  배송이 되었어요.. 하지만, 냉장고 문이 안열리네요 ㅜㅜ a/s 대기중입니다 .. 온라인최저가로 구매했어요",
    "Source": "쇼핑몰",
    "Domain": "가전",
    "MainCategory": "주방가전",
    "ProductName": "비스포크 삼성전자 키친핏 RR40A7905AP + RZ34A7905AP 코타",
    "ReviewScore": "5",
    "Syllable": "72",
    "Word": "15",
    "RDate": "20220822",
    "Aspects": [
      {
        "Aspect": "가격",
        "SentimentText": "온라인최저가로 구매했어요",
        "SentimentWord": "2",
        "SentimentPolarity": "1"
      },
      {
        "Aspect": "품질",
        "SentimentText": " 냉장고 문이 안열리네요 ㅜㅜ a/s 대기중입니다 ..",
        "SentimentWord": "7",
        "SentimentPolarity": "-1"
      }
    ]
  },
  {
    "Index": "28406",
    "RawText": "연휴기간에 주문했는데도  배송은 3일만에  빠르게  받았습니다.  키친핏이라 주방가구와 잘 어울려서 예뻐요~ 색감이 원하는 화사한 화이트라 마음에 드네요",
    "Source": "쇼핑몰",
    "Domain": "가전",
    "MainCategory": "주방가전",
    "ProductName": "비스포크 삼성전자 키친핏 RR40A7905AP + RZ34A7905AP 코타",
    "ReviewScore": "5",
    "Syllable": "85",
    "Word": "17",
    "RDate": "20220129",
    "Aspects": [
      {
        "Aspect": "색상",
        "SentimentText": "색감이 원하는 화사한 화이트라 마음에 드네요",
        "SentimentWord": "6",
        "SentimentPolarity": "1"
      },
      {
        "Aspect": "디자인",
        "SentimentText": " 키친핏이라 주방가구와 잘 어울려서 예뻐요~",
        "SentimentWord": "5",
        "SentimentPolarity": "1"
      }
    ]
  },
  {
    "Index": "28407",
    "RawText": "주문한 색상 그대로 못 받아 아쉽지만,  그래도 기능이 정말 좋아서 용서가 되네요",
    "Source": "쇼핑몰",
    "Domain": "가전",
    "MainCategory": "주방가전",
    "ProductName": "비스포크 삼성전자 키친핏 RR40A7905AP + RZ34A7905AP 코타",
    "ReviewScore": "5",
    "Syllable": "45",
    "Word": "12",
    "RDate": "20220416",
    "Aspects": [
      {
        "Aspect": "색상",
        "SentimentText": "주문한 색상 그대로 못 받아 아쉽지만",
        "SentimentWord": "6",
        "SentimentPolarity": "0"
      },
      {
        "Aspect": "기능",
        "SentimentText": "기능이 정말 좋아서 용서가 되네요",
        "SentimentWord": "5",
        "SentimentPolarity": "1"
      }
    ]
  },
  {
    "Index": "28408",
    "RawText": "매장에서 실제 디자인보고 반해서 인터넷으로 구매했어요. 설치하고 보니  더 예뻐요 사용하기에도  편하고 만족합니다.",
    "Source": "쇼핑몰",
    "Domain": "가전",
    "MainCategory": "주방가전",
    "ProductName": "비스포크 삼성전자 키친핏 RR40A7905AP + RZ34A7905AP 코타",
    "ReviewScore": "5",
    "Syllable": "64",
    "Word": "13",
    "RDate": "20220126",
    "GeneralPolarity": "1",
    "Aspects": [
      {
        "Aspect": "디자인",
        "SentimentText": "실제 디자인보고 반해서 인터넷으로 구매했어요. 설치하고 보니  더 예뻐요",
        "SentimentWord": "9",
        "SentimentPolarity": "1"
      },
      {
        "Aspect": "편의성",
        "SentimentText": "사용하기에도  편하고 만족합니다.",
        "SentimentWord": "3",
        "SentimentPolarity": "1"
      }
    ]
  },
  {
    "Index": "28409",
    "RawText": "최신 제품이라 구형 제품과  같은 사이즈인데도 냉장고 내부 용량은 수납이 더  많이 됩니다.  색상은 너무 고급스러워서  만족합니다.",
    "Source": "쇼핑몰",
    "Domain": "가전",
    "MainCategory": "주방가전",
    "ProductName": "비스포크 삼성전자 키친핏 RR40A7905AP + RZ34A7905AP 코타",
    "ReviewScore": "5",
    "Syllable": "74",
    "Word": "17",
    "RDate": "20220120",
    "GeneralPolarity": "1",
    "Aspects": [
      {
        "Aspect": "용량",
        "SentimentText": "냉장고 내부 용량은  수납이 더 많이 됩니다.",
        "SentimentWord": "7",
        "SentimentPolarity": "1"
      },
      {
        "Aspect": "색상",
        "SentimentText": "색상은 너무 고급스러워서  만족합니다.",
        "SentimentWord": "4",
        "SentimentPolarity": "1"
      }
    ]
  },
  {
    "Index": "28412",
    "RawText": "매장에서 보고 왔는데 설치하고 나서보니 더 예뻐요~너무 만족합니다. 설치 기사님들도 친절하셔서 감사했어요. 타사이트와 비교해서 샀는데 제일 저렴하게 잘 샀어요!",
    "Source": "쇼핑몰",
    "Domain": "가전",
    "MainCategory": "주방가전",
    "ProductName": "비스포크 삼성전자 키친핏 RR40A7985AP + RZ24A59E0AP 코타",
    "ReviewScore": "5",
    "Syllable": "89",
    "Word": "19",
    "RDate": "20211025",
    "Aspects": [
      {
        "Aspect": "디자인",
        "SentimentText": " 설치하고 나서보니 더 예뻐요~너무 만족합니다.",
        "SentimentWord": "5",
        "SentimentPolarity": "1"
      },
      {
        "Aspect": "가격",
        "SentimentText": "타사이트와 비교해서 샀는데 제일 저렴하게 잘 샀어요!",
        "SentimentWord": "7",
        "SentimentPolarity": "1"
      }
    ]
  },
  {
    "Index": "28413",
    "RawText": "생각한거보다 빨리 배송해주셔서 좋았고, 본사직원이 직접 설치해주고 가셔서 믿음직했습니다. 다만 사이즈가 생각한거보다 커서 생각한 자리에 설치하지 못해 그게 좀 아쉬워요. 적립금 할인 받아서 가격 저렴하게 구매해서 너무 좋아요.",
    "Source": "쇼핑몰",
    "Domain": "가전",
    "MainCategory": "주방가전",
    "ProductName": "비스포크 삼성전자 키친핏 RR40A7985AP + RZ24A59E0AP 코타",
    "ReviewScore": "5",
    "Syllable": "126",
    "Word": "28",
    "RDate": "20211123",
    "Aspects": [
      {
        "Aspect": "가격",
        "SentimentText": "적립금 할인 받아서 가격 저렴하게 구매해서 너무 좋아요. ",
        "SentimentWord": "8",
        "SentimentPolarity": "1"
      },
      {
        "Aspect": "사이즈",
        "SentimentText": "다만 사이즈가 생각한거보다 커서 생각한 자리에 설치하지 못해 그게 좀 아쉬워요.",
        "SentimentWord": "11",
        "SentimentPolarity": "-1"
      }
    ]
  },
  {
    "Index": "28415",
    "RawText": "냉장고 문이 하자가 있는지 삐그덕 거리면서 열려서 너무 불편해요. 그 부분 불편한거 빼고는 디자인도 심플하고 예뻐서 좋아요.",
    "Source": "쇼핑몰",
    "Domain": "가전",
    "MainCategory": "주방가전",
    "ProductName": "비스포크 삼성전자 키친핏 RR40A7985AP + RZ34A7955AP + RQ34A7915AP 코타",
    "ReviewScore": "5",
    "Syllable": "69",
    "Word": "17",
    "RDate": "20220621",
    "GeneralPolarity": "0",
    "Aspects": [
      {
        "Aspect": "품질",
        "SentimentText": "냉장고 문이 하자가 있는지 삐그덕 거리면서 열려서 너무 불편해요.",
        "SentimentWord": "9",
        "SentimentPolarity": "-1"
      },
      {
        "Aspect": "디자인",
        "SentimentText": "디자인도 심플하고 예뻐서 좋아요.",
        "SentimentWord": "4",
        "SentimentPolarity": "1"
      }
    ]
  },
  {
    "Index": "28416",
    "RawText": "배송도 빠르게 왔고 기사님도 친절히 해주시고 가셔서 좋았습니다. 설치후 작동해보니 냉장고 소음이 생각보다 커서 예민한 사람이 쓰기엔 좀 불편해요. 디자인은 깔끔하다고 너무 좋네요",
    "Source": "쇼핑몰",
    "Domain": "가전",
    "MainCategory": "주방가전",
    "ProductName": "비스포크 삼성전자 키친핏 RR40A7985AP + RZ34A7955AP + RQ34A7915AP 코타",
    "ReviewScore": "5",
    "Syllable": "99",
    "Word": "23",
    "RDate": "20220211",
    "Aspects": [
      {
        "Aspect": "디자인",
        "SentimentText": "디자인은 깔끔하다고 너무 좋네요",
        "SentimentWord": "4",
        "SentimentPolarity": "1"
      },
      {
        "Aspect": "소음",
        "SentimentText": "설치후 작동해보니 냉장고 소음이 생각보다 커서 예민한 사람이 쓰기엔 좀 불편해요. ",
        "SentimentWord": "11",
        "SentimentPolarity": "-1"
      }
    ]
  },
  {
    "Index": "28417",
    "RawText": "제가 희망한 날짜에 배송해주셔서 너무 좋았어요. 색상도 깔끔하니 주방이랑도 잘 어울려서 너무 좋네요 가격도 이정도면 저렴한 편이라 너무 잘 샀다고 뿌듯해하고 있습니다.",
    "Source": "쇼핑몰",
    "Domain": "가전",
    "MainCategory": "주방가전",
    "ProductName": "비스포크 삼성전자 키친핏 RR40A7985AP + RZ34A7955AP + RQ34A7915AP 코타",
    "ReviewScore": "5",
    "Syllable": "93",
    "Word": "22",
    "RDate": "20220303",
    "Aspects": [
      {
        "Aspect": "가격",
        "SentimentText": "가격도 이정도면 저렴한 편이라 너무 잘 샀다고 뿌듯해하고 있습니다.",
        "SentimentWord": "9",
        "SentimentPolarity": "1"
      },
      {
        "Aspect": "색상",
        "SentimentText": "색상도 깔끔하니 주방이랑도 잘 어울려서 너무 좋네요",
        "SentimentWord": "7",
        "SentimentPolarity": "1"
      }
    ]
  },
  {
    "Index": "28422",
    "RawText": "냉장고 디자인이 너무 깔끔하고 예뻐서 주변분들도 예쁘다고 난리네요 너무 좋아요. 다만 수납공간이 생각한거보다 작아서 아쉬워요.",
    "Source": "쇼핑몰",
    "Domain": "가전",
    "MainCategory": "주방가전",
    "ProductName": "비스포크 삼성전자 키친핏 RZ24A5600AP + RZ24A5600AP + RZ24A5600AP 코타",
    "ReviewScore": "5",
    "Syllable": "70",
    "Word": "15",
    "RDate": "20220430",
    "GeneralPolarity": "0",
    "Aspects": [
      {
        "Aspect": "디자인",
        "SentimentText": "냉장고 디자인이 너무 깔끔하고 예뻐서 주변분들도 예쁘다고 난리네요 너무 좋아요.",
        "SentimentWord": "10",
        "SentimentPolarity": "1"
      },
      {
        "Aspect": "용량",
        "SentimentText": "수납공간이 생각한거보다 작아서 아쉬워요.",
        "SentimentWord": "4",
        "SentimentPolarity": "-1"
      }
    ]
  },
  {
    "Index": "28425",
    "RawText": "디자인이 심플해서 붙여놓으니 깔끔하고 예뻐서 좋네요. 컬러도 영롱해서 다양하게 해놓으니 인테리어 효과 있어서 좋아요.",
    "Source": "쇼핑몰",
    "Domain": "가전",
    "MainCategory": "주방가전",
    "ProductName": "비스포크 삼성전자 키친핏 RZ32A7605AP + RR39A7605AP + RQ32A7612AP 코타",
    "ReviewScore": "4",
    "Syllable": "65",
    "Word": "14",
    "RDate": "20220723",
    "GeneralPolarity": "1",
    "Aspects": [
      {
        "Aspect": "디자인",
        "SentimentText": "디자인이 심플해서 붙여놓으니 깔끔하고 예뻐서 좋네요.",
        "SentimentWord": "6",
        "SentimentPolarity": "1"
      },
      {
        "Aspect": "색상",
        "SentimentText": "컬러도 영롱해서 다양하게 해놓으니 인테리어 효과 있어서 좋아요.",
        "SentimentWord": "8",
        "SentimentPolarity": "1"
      }
    ]
  },
  {
    "Index": "28426",
    "RawText": "본사 직원분께서 나오셔서 직접 설치해주시고 설명해주셔서 좋았어요. 소비효율이 등급 외여서 전기세가 많이 나올 것 같아 아쉬워요. 합리적인 가격에 이런 상품을 구입할 수 있어서 좋네요",
    "Source": "쇼핑몰",
    "Domain": "가전",
    "MainCategory": "주방가전",
    "ProductName": "비스포크 삼성전자 키친핏 RZ32A7605AP + RR39A7605AP + RQ32A7612AP 코타",
    "ReviewScore": "4",
    "Syllable": "101",
    "Word": "24",
    "RDate": "20220616",
    "Aspects": [
      {
        "Aspect": "가격",
        "SentimentText": "합리적인 가격에 이런 상품을 구입할 수 있어서 좋네요",
        "SentimentWord": "8",
        "SentimentPolarity": "1"
      },
      {
        "Aspect": "소비전력",
        "SentimentText": "소비효율이 등급 외여서 전기세가 많이 나올 것 같아 아쉬워요.",
        "SentimentWord": "9",
        "SentimentPolarity": "-1"
      }
    ]
  },
  {
    "Index": "28427",
    "RawText": "디자인이 고급스러워서 그런가 주방 분위기가 달라져서 너무 좋아요^^ 설치해주시는 기사분도 신속하게 해주셔서 좋았습니다. 소음이 전혀 없어서 다행이에요",
    "Source": "쇼핑몰",
    "Domain": "가전",
    "MainCategory": "주방가전",
    "ProductName": "비스포크 삼성전자 키친핏 RZ32A7605AP + RR39A7605AP + RQ32A7612AP 코타",
    "ReviewScore": "5",
    "Syllable": "83",
    "Word": "17",
    "RDate": "20220130",
    "Aspects": [
      {
        "Aspect": "디자인",
        "SentimentText": "디자인이 고급스러워서 그런가 주방 분위기가 달라져서 너무 좋아요^^",
        "SentimentWord": "8",
        "SentimentPolarity": "1"
      },
      {
        "Aspect": "소음",
        "SentimentText": "소음이 전혀 없어서 다행이에요",
        "SentimentWord": "4",
        "SentimentPolarity": "1"
      }
    ]
  },
  {
    "Index": "28428",
    "RawText": "냉장고 디자인이 너무 심플하니 이쁘네요. 가격도 저렴하게 너무나 잘 샀어요. 배송도 아주 빨랐습니다.",
    "Source": "쇼핑몰",
    "Domain": "가전",
    "MainCategory": "주방가전",
    "ProductName": "비스포크 삼성전자 키친핏 RZ32A7605AP + RR39A7605AP + RQ32A7612AP 코타",
    "ReviewScore": "5",
    "Syllable": "56",
    "Word": "13",
    "RDate": "20220603",
    "Aspects": [
      {
        "Aspect": "디자인",
        "SentimentText": "냉장고 디자인이 너무 심플하니 이쁘네요 ",
        "SentimentWord": "5",
        "SentimentPolarity": "1"
      },
      {
        "Aspect": "가격",
        "SentimentText": "가격도 저렴하게 너무나 잘 샀어요",
        "SentimentWord": "5",
        "SentimentPolarity": "1"
      }
    ]
  },
  {
    "Index": "28429",
    "RawText": "배송 늦어져서 답답했으나 친절한 기사님이  방문해 설치는 잘 해주셨습니다.  냉장고가 3개 일렬로 있어 그런지 소음이 좀 크네요 기능이 그냥저냥 쓸만해요",
    "Source": "쇼핑몰",
    "Domain": "가전",
    "MainCategory": "주방가전",
    "ProductName": "비스포크 삼성전자 키친핏 RZ32A7605AP + RR39A7605AP + RQ32A7612AP 코타",
    "ReviewScore": "5",
    "Syllable": "85",
    "Word": "20",
    "RDate": "20220419",
    "Aspects": [
      {
        "Aspect": "기능",
        "SentimentText": "기능이 그냥저냥 쓸만해요",
        "SentimentWord": "3",
        "SentimentPolarity": "0"
      },
      {
        "Aspect": "소음",
        "SentimentText": " 냉장고가 3개 일렬로 있어 그런지 소음이 좀 크네요  ",
        "SentimentWord": "8",
        "SentimentPolarity": "-1"
      }
    ]
  },
  {
    "Index": "28430",
    "RawText": "집 인테리어 하면서 냉장고 3대를 일렬로 설치했는데 생각 외로 크기가 크지만 마음에는 듭니다.^^ 함께 배치되어 있어 소리도 큽니다 ㅜㅜ",
    "Source": "쇼핑몰",
    "Domain": "가전",
    "MainCategory": "주방가전",
    "ProductName": "비스포크 삼성전자 키친핏 RZ32A7605AP + RR39A7605AP + RQ32A7612AP 코타",
    "ReviewScore": "3",
    "Syllable": "76",
    "Word": "19",
    "RDate": "20220504",
    "GeneralPolarity": "0",
    "Aspects": [
      {
        "Aspect": "사이즈",
        "SentimentText": "생각 외로 크기가 크지만 마음에는 듭니다.^^",
        "SentimentWord": "6",
        "SentimentPolarity": "1"
      },
      {
        "Aspect": "소음",
        "SentimentText": "함께 배치되어 있어 소리도 큽니다 ㅜㅜ",
        "SentimentWord": "6",
        "SentimentPolarity": "-1"
      }
    ]
  },
  {
    "Index": "28431",
    "RawText": "ㅇㅇㅇ이라서 믿고습니다. 생산 라인 문제 인지.. 부품 중 작은 부품 하나가 안 와서 기사님까지도  당황하셨습니다.",
    "Source": "쇼핑몰",
    "Domain": "가전",
    "MainCategory": "주방가전",
    "ProductName": "비스포크 삼성전자 키친핏 RZ32A7605AP + RR39A7605AP + RQ32A7612AP 코타",
    "ReviewScore": "4",
    "Syllable": "64",
    "Word": "15",
    "RDate": "20211129",
    "GeneralPolarity": "0",
    "Aspects": [
      {
        "Aspect": "제조일/제조사",
        "SentimentText": "ㅇㅇㅇ이라서 믿고습니다. ",
        "SentimentWord": "2",
        "SentimentPolarity": "1"
      },
      {
        "Aspect": "제품구성",
        "SentimentText": "부품 중 작은 부품 하나가 안 와서 기사님까지도  당황하셨습니다.   ",
        "SentimentWord": "9",
        "SentimentPolarity": "-1"
      }
    ]
  },
  {
    "Index": "28432",
    "RawText": "배송 지연 안내가 있어서 오래걸릴거라 생각했는데 엄청 빨리와서 좋았어요. 상품 받아봤는데 색상도 너무 예쁘고 고급스러워서 좋아요. 좋은 제품에 착한 가격이라 더 만족스럽네요.",
    "Source": "쇼핑몰",
    "Domain": "가전",
    "MainCategory": "주방가전",
    "ProductName": "비스포크 삼성전자 키친핏 RZ32A7605AP + RR39A7605AP + RQ32A7612AP 코타",
    "ReviewScore": "5",
    "Syllable": "97",
    "Word": "22",
    "RDate": "20220517",
    "Aspects": [
      {
        "Aspect": "색상",
        "SentimentText": "상품 받아봤는데 색상도 너무 예쁘고 고급스러워서 좋아요.",
        "SentimentWord": "7",
        "SentimentPolarity": "1"
      },
      {
        "Aspect": "가격",
        "SentimentText": "좋은 제품에 착한 가격이라 더 만족스럽네요.",
        "SentimentWord": "6",
        "SentimentPolarity": "1"
      }
    ]
  },
  {
    "Index": "28433",
    "RawText": "배송은 좀 늦었지만 기사분께서 깔끔하게 설치해주시고 가셔서 좋았어요. 생각한거보다 수납이랑 도어수납 칸 용량이 적어서 몇개 들어가지 않아 아쉽네요. 가격은 좀 비쌌지만 품질이 최고네요",
    "Source": "쇼핑몰",
    "Domain": "가전",
    "MainCategory": "주방가전",
    "ProductName": "비스포크 삼성전자 키친핏 RZ32A7605AP + RR39A7605AP + RQ32A7612AP 코타",
    "ReviewScore": "5",
    "Syllable": "102",
    "Word": "23",
    "RDate": "20220126",
    "Aspects": [
      {
        "Aspect": "품질",
        "SentimentText": "가격은 좀 비쌌지만 품질이 최고네요",
        "SentimentWord": "5",
        "SentimentPolarity": "1"
      },
      {
        "Aspect": "용량",
        "SentimentText": "생각한거보다 수납이랑 도어수납 칸 용량이 적어서 몇개 들어가지 않아 아쉽네요.",
        "SentimentWord": "10",
        "SentimentPolarity": "-1"
      }
    ]
  },
  {
    "Index": "28434",
    "RawText": "배송이 늦을까 봐 걱정했는데 시간 약속 잘 지켜 주시고 기사님이  꼼꼼하게 설치해 주셨네요.  소비전력이 냉장, 냉동은 1등급인데 김치냉장고는 2등급이라서 아쉽네요 믿음과 신뢰의 ○○○. 믿고 구매했어요",
    "Source": "쇼핑몰",
    "Domain": "가전",
    "MainCategory": "주방가전",
    "ProductName": "비스포크 삼성전자 키친핏 RZ32A7605AP + RR39A7605AP + RQ32A7612AP 코타",
    "ReviewScore": "5",
    "Syllable": "113",
    "Word": "25",
    "RDate": "20210807",
    "Aspects": [
      {
        "Aspect": "제조일/제조사",
        "SentimentText": "믿음과 신뢰의 ○○○. 믿고 구매했어요",
        "SentimentWord": "5",
        "SentimentPolarity": "1"
      },
      {
        "Aspect": "소비전력",
        "SentimentText": "소비전력이 냉장, 냉동은 1등급인데 김치냉장고는 2등급이라서 아쉽네요",
        "SentimentWord": "7",
        "SentimentPolarity": "-1"
      }
    ]
  },
  {
    "Index": "28435",
    "RawText": "배송이 빨랐고 기사님 세분이 함께 오셔서 잘 설치 해 주셨습니다~ 냉장고 3대가 한번에 배치 되어 그런지 가동소리가 크긴 커서 좀 거슬려요 작동방법은 단순해서 엄청 편했구요",
    "Source": "쇼핑몰",
    "Domain": "가전",
    "MainCategory": "주방가전",
    "ProductName": "비스포크 삼성전자 키친핏 RZ32A7605AP + RR39A7605AP + RQ32A7612AP 코타",
    "ReviewScore": "5",
    "Syllable": "96",
    "Word": "25",
    "RDate": "20220402",
    "Aspects": [
      {
        "Aspect": "조작성",
        "SentimentText": "작동방법은 단순해서 엄청 편했구요",
        "SentimentWord": "4",
        "SentimentPolarity": "1"
      },
      {
        "Aspect": "소음",
        "SentimentText": "냉장고 3대가 한번에 배치 되어 그런지 가동소리가 크긴 커서 좀 거슬려요",
        "SentimentWord": "11",
        "SentimentPolarity": "-1"
      }
    ]
  },
  {
    "Index": "28436",
    "RawText": "사전에 미리 연락주셔서 원하는 날짜에 배송해주셔서 너무 좋았습니다. 메탈 재질이 생각한거보다 좀 싼티가 나서 별로예요. 온라인에서 저렴하게 구매했습니다.",
    "Source": "쇼핑몰",
    "Domain": "가전",
    "MainCategory": "주방가전",
    "ProductName": "비스포크 삼성전자 키친핏 RZ32A7605AP + RR39A7605AP + RQ32A7612AP 코타",
    "ReviewScore": "5",
    "Syllable": "85",
    "Word": "18",
    "RDate": "20210908",
    "Aspects": [
      {
        "Aspect": "가격",
        "SentimentText": "온라인에서 저렴하게 구매했습니다.",
        "SentimentWord": "3",
        "SentimentPolarity": "1"
      },
      {
        "Aspect": "소재",
        "SentimentText": "메탈 재질이 생각한거보다 좀 싼티가 나서 별로예요.",
        "SentimentWord": "7",
        "SentimentPolarity": "-1"
      }
    ]
  },
  {
    "Index": "28437",
    "RawText": "설치기사님 서비스가 너무 좋아서 감사해요~ 제품도 꼼꼼히 포장되어 있어서 마음에 들었어요! 소비전력 2등급이라 전기요금이 꽤 나오네요.ㅠㅠ 전체적으로 너무 커서 설치후에 숨이 턱 막히는 기분이었어요.",
    "Source": "쇼핑몰",
    "Domain": "가전",
    "MainCategory": "주방가전",
    "ProductName": "비스포크 삼성전자 키친핏 RZ32A7605AP + RR39A7605AP + RQ32A7612AP 코타",
    "ReviewScore": "5",
    "Syllable": "111",
    "Word": "24",
    "RDate": "20211129",
    "Aspects": [
      {
        "Aspect": "소비전력",
        "SentimentText": "소비전력 2등급이라 전기요금이 꽤 나오네요.ㅠㅠ",
        "SentimentWord": "5",
        "SentimentPolarity": "-1"
      },
      {
        "Aspect": "사이즈",
        "SentimentText": "전체적으로 너무 커서 설치후에 숨이 턱 막히는 기분이었어요.",
        "SentimentWord": "8",
        "SentimentPolarity": "-1"
      }
    ]
  },
  {
    "Index": "28438",
    "RawText": "컬러 고를때부터 고민이였고 결국 코타 화이트로 골랐는데 너무 만족스러워요! 설치해주시러 온 기사분들도 너무 신속하게 처리해주셔서 좋았어요. 용량이 커서 특히 좋네요",
    "Source": "쇼핑몰",
    "Domain": "가전",
    "MainCategory": "주방가전",
    "ProductName": "비스포크 삼성전자 키친핏 RZ32A7605AP + RR39A7605AP + RQ32A7612AP 코타",
    "ReviewScore": "4",
    "Syllable": "91",
    "Word": "20",
    "RDate": "20220207",
    "Aspects": [
      {
        "Aspect": "색상",
        "SentimentText": "컬러 고를때부터 고민이였고 결국 코타 화이트로 골랐는데 너무 만족스러워요!",
        "SentimentWord": "9",
        "SentimentPolarity": "1"
      },
      {
        "Aspect": "용량",
        "SentimentText": "용량이 커서 특히 좋네요",
        "SentimentWord": "4",
        "SentimentPolarity": "1"
      }
    ]
  },
  {
    "Index": "28439",
    "RawText": "디자인이 너무 예뻐서 마음에 듭니다~ 용량이 커서 술이랑 음료 보관하기 너무 좋아요.",
    "Source": "쇼핑몰",
    "Domain": "가전",
    "MainCategory": "주방가전",
    "ProductName": "비스포크 삼성전자 키친핏 RZ32A7605AP + RR39A7605AP + RQ32A7612AP 코타",
    "ReviewScore": "5",
    "Syllable": "47",
    "Word": "12",
    "RDate": "20211221",
    "GeneralPolarity": "1",
    "Aspects": [
      {
        "Aspect": "디자인",
        "SentimentText": "디자인이 너무 예뻐서 마음에 듭니다~",
        "SentimentWord": "5",
        "SentimentPolarity": "1"
      },
      {
        "Aspect": "용량",
        "SentimentText": "용량이 커서 술이랑 음료 보관하기 너무 좋아요. ",
        "SentimentWord": "7",
        "SentimentPolarity": "1"
      }
    ]
  },
  {
    "Index": "28440",
    "RawText": "배송 빠르게 해주시고 기사님도 친절히 설치해주시고 가셔서 좋았어요. 작동 후 소음이 좀 나고 기계음이 생각보다 커서 거슬려요. 기능이 다양한게 너무 좋네요",
    "Source": "쇼핑몰",
    "Domain": "가전",
    "MainCategory": "주방가전",
    "ProductName": "비스포크 삼성전자 키친핏 RZ32A7605AP + RR39A7605AP + RQ32A7612AP 코타",
    "ReviewScore": "5",
    "Syllable": "86",
    "Word": "21",
    "RDate": "20220807",
    "Aspects": [
      {
        "Aspect": "기능",
        "SentimentText": "기능이 다양한게 너무 좋네요",
        "SentimentWord": "4",
        "SentimentPolarity": "1"
      },
      {
        "Aspect": "소음",
        "SentimentText": "작동 후 소음이 좀 나고 기계음이 생각보다 커서 거슬려요.",
        "SentimentWord": "9",
        "SentimentPolarity": "-1"
      }
    ]
  },
  {
    "Index": "28441",
    "RawText": "배송 빠르게 해주신 것도 좋고, 기사님들 깔끔하게 설치해주고 가셔서 좋아요. 브랜드 믿고 샀는데 역시나 완벽해요. 제품 너무 마음에 들어요 설치후 사용법 간단해요",
    "Source": "쇼핑몰",
    "Domain": "가전",
    "MainCategory": "주방가전",
    "ProductName": "비스포크 삼성전자 키친핏 RZ32A7605AP + RR39A7605AP + RQ32A7612AP 코타",
    "ReviewScore": "4",
    "Syllable": "90",
    "Word": "22",
    "RDate": "20220205",
    "Aspects": [
      {
        "Aspect": "조작성",
        "SentimentText": "설치후 사용법 간단해요",
        "SentimentWord": "3",
        "SentimentPolarity": "1"
      },
      {
        "Aspect": "제조일/제조사",
        "SentimentText": "브랜드 믿고 샀는데 역시나 완벽해요. 제품 너무 마음에 들어요",
        "SentimentWord": "9",
        "SentimentPolarity": "1"
      }
    ]
  },
  {
    "Index": "28442",
    "RawText": "어려운 상황에서도 설치를 꼼꼼하게 해주셔서 감사합니다. 다만 제품 모서리에 기스가 좀 있어서 아쉽습니다. 저렴하게 구매해서 다행이네요",
    "Source": "쇼핑몰",
    "Domain": "가전",
    "MainCategory": "주방가전",
    "ProductName": "비스포크 삼성전자 키친핏 RZ32A7605AP + RR39A7605AP + RQ32A7612AP 코타",
    "ReviewScore": "5",
    "Syllable": "74",
    "Word": "16",
    "RDate": "20220819",
    "Aspects": [
      {
        "Aspect": "가격",
        "SentimentText": "저렴하게 구매해서 다행이네요",
        "SentimentWord": "3",
        "SentimentPolarity": "1"
      },
      {
        "Aspect": "품질",
        "SentimentText": "제품 모서리에 기스가 좀 있어서 아쉽습니다.",
        "SentimentWord": "6",
        "SentimentPolarity": "-1"
      }
    ]
  },
  {
    "Index": "28443",
    "RawText": "기존 가전 처리도 물론 설치까지 완벽하게 해주시고 가셔서 좋았어요. 색상을 고민하다 코랄계열로 했는데 생각한거보다 어두운 코랄이라 아쉬워요. 용량이 넉넉해서 좋네요",
    "Source": "쇼핑몰",
    "Domain": "가전",
    "MainCategory": "주방가전",
    "ProductName": "비스포크 삼성전자 키친핏 RZ32A7605AP + RR39A7605AP + RQ32A7612AP 코타",
    "ReviewScore": "5",
    "Syllable": "91",
    "Word": "20",
    "RDate": "20220311",
    "Aspects": [
      {
        "Aspect": "용량",
        "SentimentText": "용량이 넉넉해서 좋네요",
        "SentimentWord": "3",
        "SentimentPolarity": "1"
      },
      {
        "Aspect": "색상",
        "SentimentText": "색상을 고민하다 코랄계열로 했는데 생각한거보다 어두운 코랄이라 아쉬워요.",
        "SentimentWord": "8",
        "SentimentPolarity": "-1"
      }
    ]
  },
  {
    "Index": "28444",
    "RawText": "배송도 원하는 날짜에 딱 맞춰 와서 좋았어요! 디자인도 예쁘고 좋습니다~색상이 깔끔해서 마음에 들어요",
    "Source": "쇼핑몰",
    "Domain": "가전",
    "MainCategory": "주방가전",
    "ProductName": "비스포크 삼성전자 키친핏 RZ32A7605AP + RR39A7605AP + RQ32A7612AP 코타",
    "ReviewScore": "5",
    "Syllable": "56",
    "Word": "13",
    "RDate": "20220525",
    "Aspects": [
      {
        "Aspect": "색상",
        "SentimentText": "색상이 깔끔해서 마음에 들어요",
        "SentimentWord": "4",
        "SentimentPolarity": "1"
      },
      {
        "Aspect": "디자인",
        "SentimentText": "디자인도 예쁘고 좋습니다~",
        "SentimentWord": "3",
        "SentimentPolarity": "1"
      }
    ]
  },
  {
    "Index": "28445",
    "RawText": "배송 빠르고 설치기사님 신속하게 처리해주셔서 좋았어요. 설치하고 보니 사이즈가 그렇게 크지 않아서 공간도 많이 차지하지 않아 좋네요. 용량이 엄청 커서 김치보관에 편리해요",
    "Source": "쇼핑몰",
    "Domain": "가전",
    "MainCategory": "주방가전",
    "ProductName": "비스포크 삼성전자 키친핏 RZ32A7605AP + RR39A7605AP + RQ32A7612AP 코타",
    "ReviewScore": "5",
    "Syllable": "95",
    "Word": "22",
    "RDate": "20220804",
    "Aspects": [
      {
        "Aspect": "용량",
        "SentimentText": "용량이 엄청 커서 김치보관에 편리해요",
        "SentimentWord": "5",
        "SentimentPolarity": "1"
      },
      {
        "Aspect": "사이즈",
        "SentimentText": "설치하고 보니 사이즈가 그렇게 크지 않아서 공간도 많이 차지하지 않아 좋네요.",
        "SentimentWord": "11",
        "SentimentPolarity": "1"
      }
    ]
  },
  {
    "Index": "28446",
    "RawText": "배송 예정 날짜에 딱 맞춰 배송해주셔서 좋았습니다. 에너지효율 등급이 낮아서 전기세가 어마무시하게 나올 것 같아 걱정이네요. 기능도 다양해서 마음에 들어요",
    "Source": "쇼핑몰",
    "Domain": "가전",
    "MainCategory": "주방가전",
    "ProductName": "비스포크 삼성전자 키친핏 RZ32A7605AP + RR39A7605AP + RQ32A7612AP 코타",
    "ReviewScore": "5",
    "Syllable": "86",
    "Word": "20",
    "RDate": "20220214",
    "Aspects": [
      {
        "Aspect": "기능",
        "SentimentText": "기능도 다양해서 마음에 들어요",
        "SentimentWord": "4",
        "SentimentPolarity": "1"
      },
      {
        "Aspect": "소비전력",
        "SentimentText": "에너지효율 등급이 낮아서 전기세가 어마무시하게 나올 것 같아 걱정이네요.",
        "SentimentWord": "9",
        "SentimentPolarity": "-1"
      }
    ]
  },
  {
    "Index": "28447",
    "RawText": "냉장고 용량이 생각보다 넉넉해서 다양하게 넣을 수 있어요. 이래서 다들 이 브랜드 키친핏 사려고 하나봐요. 배송은 생각보다 너무 늦어서 별로였어요.",
    "Source": "쇼핑몰",
    "Domain": "가전",
    "MainCategory": "주방가전",
    "ProductName": "비스포크 삼성전자 키친핏 RZ32A7605AP + RR39A7605AP + RQ32A7612AP 코타",
    "ReviewScore": "5",
    "Syllable": "82",
    "Word": "20",
    "RDate": "20220425",
    "Aspects": [
      {
        "Aspect": "용량",
        "SentimentText": "냉장고 용량이 생각보다 넉넉해서 다양하게 넣을 수 있어요.",
        "SentimentWord": "8",
        "SentimentPolarity": "1"
      },
      {
        "Aspect": "제조일/제조사",
        "SentimentText": "이래서 다들 이 브랜드 키친핏 사려고 하나봐요.",
        "SentimentWord": "7",
        "SentimentPolarity": "1"
      }
    ]
  },
  {
    "Index": "28448",
    "RawText": "1도어 냉장고 가지고 싶었는데 역시나 디자인 너무 예쁘네요. 설치후 사용해보니 냉각,쿨링기능 훌륭하고 냉장,냉동 잘되서 좋아요.",
    "Source": "쇼핑몰",
    "Domain": "가전",
    "MainCategory": "주방가전",
    "ProductName": "비스포크 삼성전자 키친핏 RZ32A7605AP + RR39A7605AP + RQ32A7612AP 코타",
    "ReviewScore": "5",
    "Syllable": "71",
    "Word": "15",
    "RDate": "20211115",
    "GeneralPolarity": "1",
    "Aspects": [
      {
        "Aspect": "디자인",
        "SentimentText": "1도어 냉장고 가지고 싶었는데 역시나 디자인 너무 예쁘네요.",
        "SentimentWord": "8",
        "SentimentPolarity": "1"
      },
      {
        "Aspect": "기능",
        "SentimentText": "설치후 사용해보니 냉각,쿨링기능 훌륭하고 냉장,냉동 잘되서 좋아요.",
        "SentimentWord": "7",
        "SentimentPolarity": "1"
      }
    ]
  },
  {
    "Index": "28450",
    "RawText": "배송은 빠르게 해주셔서 좋았어요. 다만 내부공간도 그렇고 용량이 생각한거보다 작아서 불편해요. 같이 제품구성으로 온 김치통도 작아서 별로 활용도가 낮아서 별로예요.",
    "Source": "쇼핑몰",
    "Domain": "가전",
    "MainCategory": "주방가전",
    "ProductName": "비스포크 삼성전자 키친핏 RZ32A7605AP + RR39A7605AP + RQ32A7612AP 코타",
    "ReviewScore": "5",
    "Syllable": "91",
    "Word": "20",
    "RDate": "20220826",
    "Aspects": [
      {
        "Aspect": "용량",
        "SentimentText": "다만 내부공간도 그렇고 용량이 생각한거보다 작아서 불편해요.",
        "SentimentWord": "7",
        "SentimentPolarity": "-1"
      },
      {
        "Aspect": "제품구성",
        "SentimentText": "같이 제품구성으로 온 김치통도 작아서 별로 활용도가 낮아서 별로예요.",
        "SentimentWord": "9",
        "SentimentPolarity": "-1"
      }
    ]
  },
  {
    "Index": "28451",
    "RawText": "희망한 날짜에 배송하고 설치해주셔서 좋았습니다. 냉장고 컬러가 사진보다 조금 더 어둡고 칙칙해서 아쉬워요. 그리고 내부용량이 생각보다 작아서 활용도가 낮아 불편해요.",
    "Source": "쇼핑몰",
    "Domain": "가전",
    "MainCategory": "주방가전",
    "ProductName": "비스포크 삼성전자 키친핏 RZ32A7605AP + RR39A7605AP + RQ32A7612AP 코타",
    "ReviewScore": "5",
    "Syllable": "92",
    "Word": "20",
    "RDate": "20220525",
    "Aspects": [
      {
        "Aspect": "색상",
        "SentimentText": "냉장고 컬러가 사진보다 조금 더 어둡고 칙칙해서 아쉬워요. ",
        "SentimentWord": "8",
        "SentimentPolarity": "-1"
      },
      {
        "Aspect": "용량",
        "SentimentText": " 그리고 내부용량이 생각보다 작아서 활용도가 낮아 불편해요.",
        "SentimentWord": "7",
        "SentimentPolarity": "-1"
      }
    ]
  },
  {
    "Index": "28452",
    "RawText": "키친핏으로 하는 이유를 알정도로 너무 디자인도 예쁘고 영롱해서 좋아요. 근데 생각보다 냉장고 소음이 심해서 자꾸 거슬리네요.",
    "Source": "쇼핑몰",
    "Domain": "가전",
    "MainCategory": "주방가전",
    "ProductName": "비스포크 삼성전자 키친핏 RZ32A7605AP + RR39A7605AP + RQ32A7612AP 코타",
    "ReviewScore": "5",
    "Syllable": "69",
    "Word": "16",
    "RDate": "20220311",
    "GeneralPolarity": "0",
    "Aspects": [
      {
        "Aspect": "디자인",
        "SentimentText": "키친핏으로 하는 이유를 알정도로 너무 디자인도 예쁘고 영롱해서 좋아요. ",
        "SentimentWord": "9",
        "SentimentPolarity": "1"
      },
      {
        "Aspect": "소음",
        "SentimentText": "근데 생각보다 냉장고 소음이 심해서 자꾸 거슬리네요. ",
        "SentimentWord": "7",
        "SentimentPolarity": "-1"
      }
    ]
  },
  {
    "Index": "28453",
    "RawText": "기사님께서 빨리 설치해주시고 설명도 잘해주시고 가셔서 좋았어요. 냉각 보관 성능 너무 좋구요. 안에 내부구조도 너무 잘빠져서 정리하기 쉬워 좋아요.",
    "Source": "쇼핑몰",
    "Domain": "가전",
    "MainCategory": "주방가전",
    "ProductName": "비스포크 삼성전자 키친핏 RZ32A7605AP + RR39A7605AP + RQ32A7612AP 코타",
    "ReviewScore": "5",
    "Syllable": "82",
    "Word": "19",
    "RDate": "20220726",
    "Aspects": [
      {
        "Aspect": "기능",
        "SentimentText": "냉각 보관 성능 너무 좋구요.",
        "SentimentWord": "5",
        "SentimentPolarity": "1"
      },
      {
        "Aspect": "편의성",
        "SentimentText": "안에 내부구조도 너무 잘빠져서 정리하기 쉬워 좋아요.",
        "SentimentWord": "7",
        "SentimentPolarity": "1"
      }
    ]
  },
  {
    "Index": "28454",
    "RawText": "생각했던 색상보다 어두워서 별로에요. 겉모습만 괜찮지 냉장고 안 용량은 은근 작아서 별로에요",
    "Source": "쇼핑몰",
    "Domain": "가전",
    "MainCategory": "주방가전",
    "ProductName": "비스포크 삼성전자 키친핏 RZ32A7605AP + RR39A7605AP + RQ32A7612AP 코타",
    "ReviewScore": "4",
    "Syllable": "51",
    "Word": "12",
    "RDate": "20220614",
    "GeneralPolarity": "-1",
    "Aspects": [
      {
        "Aspect": "색상",
        "SentimentText": "생각했던 색상보다 어두워서 별로에요.",
        "SentimentWord": "4",
        "SentimentPolarity": "-1"
      },
      {
        "Aspect": "용량",
        "SentimentText": "겉모습만 괜찮지 냉장고 안 용량은 은근 작아서 별로에요",
        "SentimentWord": "8",
        "SentimentPolarity": "-1"
      }
    ]
  },
  {
    "Index": "28457",
    "RawText": "배송은 정말 빠르게 와서 좋았어요. 냉장고 소음이 정말 커요. 귀가 아플정도로 팬 돌아가는 소리가 커서 시끄럽네요. 검색후 가장 저렴한 금액으로 구매했습니다.",
    "Source": "쇼핑몰",
    "Domain": "가전",
    "MainCategory": "주방가전",
    "ProductName": "비스포크 삼성전자 키친핏 RZ32A7655AP + RR39A7685AP + RQ32A7602AP 코타",
    "ReviewScore": "5",
    "Syllable": "88",
    "Word": "21",
    "RDate": "20220805",
    "Aspects": [
      {
        "Aspect": "가격",
        "SentimentText": "검색후 가장 저렴한 금액으로 구매했습니다.",
        "SentimentWord": "5",
        "SentimentPolarity": "1"
      },
      {
        "Aspect": "소음",
        "SentimentText": "냉장고 소음이 정말 커요. 귀가 아플정도로 팬 돌아가는 소리가 커서 시끄럽네요. ",
        "SentimentWord": "11",
        "SentimentPolarity": "-1"
      }
    ]
  },
  {
    "Index": "28460",
    "RawText": "상품평이 제일 좋아서 구매했는데 가격대비 정말 합리적으로 구매한것 같아 좋아요. 예상한거보다 배송도 빠르게 해주시고 설치도 깔끔하게 해주셔서 마음에 드네요. 무게가 가벼워서 설치하기가 쉬웠네요",
    "Source": "쇼핑몰",
    "Domain": "가전",
    "MainCategory": "주방가전",
    "ProductName": "비스포크 삼성전자 키친핏 RZ32A7655AP + RR39A7685AP + RQ32A7602AP 코타",
    "ReviewScore": "5",
    "Syllable": "107",
    "Word": "23",
    "RDate": "20220815",
    "Aspects": [
      {
        "Aspect": "가격",
        "SentimentText": "상품평이 제일 좋아서 구매했는데 가격대비 정말 합리적으로 구매한것 같아 좋아요. ",
        "SentimentWord": "10",
        "SentimentPolarity": "1"
      },
      {
        "Aspect": "무게",
        "SentimentText": "무게가 가벼워서 설치하기가 쉬웠네요",
        "SentimentWord": "4",
        "SentimentPolarity": "1"
      }
    ]
  },
  {
    "Index": "28461",
    "RawText": "집이 옛날아파트 구조라 폭이 좁은데 거기에 딱 들어가는 사이즈예요. 너무 좋아요. 배송도 본사에서 직접 나와주셔서 해주셔서 믿음갔습니다. 디자인도 우수한게 집안을 화사하게 만드네요",
    "Source": "쇼핑몰",
    "Domain": "가전",
    "MainCategory": "주방가전",
    "ProductName": "오브제컬렉션 LG전자 컨버터블패키지 X320AA + Y320AA 패널별도",
    "ReviewScore": "5",
    "Syllable": "100",
    "Word": "22",
    "RDate": "20210613",
    "Aspects": [
      {
        "Aspect": "사이즈",
        "SentimentText": "집이 옛날아파트 구조라 폭이 좁은데 거기에 딱 들어가는 사이즈예요. 너무 좋아요.",
        "SentimentWord": "11",
        "SentimentPolarity": "1"
      },
      {
        "Aspect": "디자인",
        "SentimentText": "디자인도 우수한게 집안을 화사하게 만드네요",
        "SentimentWord": "5",
        "SentimentPolarity": "1"
      }
    ]
  },
  {
    "Index": "28462",
    "RawText": "설치기사님 너무 친절하셔서 고맙습니다^^ 디자인도 너무 이뻐서 마음에 쏙 들어요~~ 최고입니다 소음도 없어서 작동하는데 부담이 없어요",
    "Source": "쇼핑몰",
    "Domain": "가전",
    "MainCategory": "주방가전",
    "ProductName": "오브제컬렉션 LG전자 컨버터블패키지 XY320 네이처",
    "ReviewScore": "5",
    "Syllable": "74",
    "Word": "16",
    "RDate": "20220304",
    "Aspects": [
      {
        "Aspect": "소음",
        "SentimentText": "소음도 없어서 작동하는데 부담이 없어요",
        "SentimentWord": "5",
        "SentimentPolarity": "1"
      },
      {
        "Aspect": "디자인",
        "SentimentText": "디자인도 너무 이뻐서 마음에 쏙 들어요~~ 최고입니다",
        "SentimentWord": "7",
        "SentimentPolarity": "1"
      }
    ]
  },
  {
    "Index": "28463",
    "RawText": "오프라인보다 저렴하게 구매해서 너무 좋네요! 설치도 완전 꼼꼼하게 잘해주셔서 만족스러워요! 소재가 고급스러워 정말 마음에 들어요",
    "Source": "쇼핑몰",
    "Domain": "가전",
    "MainCategory": "주방가전",
    "ProductName": "오브제컬렉션 LG전자 컨버터블패키지 XY320 네이처",
    "ReviewScore": "5",
    "Syllable": "71",
    "Word": "15",
    "RDate": "20220402",
    "Aspects": [
      {
        "Aspect": "가격",
        "SentimentText": "오프라인보다 저렴하게 구매해서 너무 좋네요!",
        "SentimentWord": "5",
        "SentimentPolarity": "1"
      },
      {
        "Aspect": "소재",
        "SentimentText": "소재가 고급스러워 정말 마음에 들어요",
        "SentimentWord": "5",
        "SentimentPolarity": "1"
      }
    ]
  },
  {
    "Index": "28464",
    "RawText": "배송이 신속해서 만족스러워요. 너무 사고 싶었던 디자인이에요 마음에 쏙 듭니다. 사이즈가 넉넉하게 커서 듬집해요",
    "Source": "쇼핑몰",
    "Domain": "가전",
    "MainCategory": "주방가전",
    "ProductName": "오브제컬렉션 LG전자 컨버터블패키지 XY320 네이처",
    "ReviewScore": "5",
    "Syllable": "62",
    "Word": "14",
    "RDate": "20211206",
    "Aspects": [
      {
        "Aspect": "사이즈",
        "SentimentText": "사이즈가 넉넉하게 커서 듬집해요",
        "SentimentWord": "4",
        "SentimentPolarity": "1"
      },
      {
        "Aspect": "디자인",
        "SentimentText": "너무 사고 싶었던 디자인이에요 마음에 쏙 듭니다.",
        "SentimentWord": "7",
        "SentimentPolarity": "1"
      }
    ]
  },
  {
    "Index": "28467",
    "RawText": "디자인이 깔끔하고 이뻐서 만족스러워요. 배송이 너무 오래걸려서 아쉽네요 ㅠㅠ 너무 비싸서 사고 후회했어요",
    "Source": "쇼핑몰",
    "Domain": "가전",
    "MainCategory": "주방가전",
    "ProductName": "오브제컬렉션 LG전자 컨버터블패키지 XY320 네이처",
    "ReviewScore": "5",
    "Syllable": "58",
    "Word": "13",
    "RDate": "20211211",
    "Aspects": [
      {
        "Aspect": "디자인",
        "SentimentText": "디자인이 깔끔하고 이뻐서 만족스러워요. ",
        "SentimentWord": "4",
        "SentimentPolarity": "1"
      },
      {
        "Aspect": "가격",
        "SentimentText": "너무 비싸서 사고 후회했어요",
        "SentimentWord": "4",
        "SentimentPolarity": "-1"
      }
    ]
  },
  {
    "Index": "28468",
    "RawText": "행사해서 저렴하게 구매해서 기분이 좋네요! 디자인도 진짜 이뻐서 잘 샀다는 생각이 들어요~!!",
    "Source": "쇼핑몰",
    "Domain": "가전",
    "MainCategory": "주방가전",
    "ProductName": "오브제컬렉션 LG전자 컨버터블패키지 XY320 네이처",
    "ReviewScore": "5",
    "Syllable": "52",
    "Word": "12",
    "RDate": "20220311",
    "GeneralPolarity": "1",
    "Aspects": [
      {
        "Aspect": "가격",
        "SentimentText": "행사해서 저렴하게 구매해서 기분이 좋네요!",
        "SentimentWord": "5",
        "SentimentPolarity": "1"
      },
      {
        "Aspect": "디자인",
        "SentimentText": "디자인도 진짜 이뻐서 잘 샀다는 생각이 들어요~!!",
        "SentimentWord": "7",
        "SentimentPolarity": "1"
      }
    ]
  },
  {
    "Index": "28469",
    "RawText": "제품 이상 없이 배송 해주셔서 감사드려요! 집 냉장고장이랑 사이즈가 딱 맞아서 너무 좋네요. 내부용량이 커서 마음에 드네요",
    "Source": "쇼핑몰",
    "Domain": "가전",
    "MainCategory": "주방가전",
    "ProductName": "오브제컬렉션 LG전자 컨버터블패키지 XY320 네이처",
    "ReviewScore": "5",
    "Syllable": "68",
    "Word": "17",
    "RDate": "20220409",
    "Aspects": [
      {
        "Aspect": "용량",
        "SentimentText": "내부용량이 커서 마음에 드네요",
        "SentimentWord": "4",
        "SentimentPolarity": "1"
      },
      {
        "Aspect": "사이즈",
        "SentimentText": "집 냉장고장이랑 사이즈가 딱 맞아서 너무 좋네요.",
        "SentimentWord": "7",
        "SentimentPolarity": "1"
      }
    ]
  },
  {
    "Index": "28470",
    "RawText": "설치기사님들 진짜 정성스럽게 설치해주셔서 감사했어요~ 냉장고 디자인도 마음에 쏙 들어서 행복합니다!! 소음도 없어서 좋네요",
    "Source": "쇼핑몰",
    "Domain": "가전",
    "MainCategory": "주방가전",
    "ProductName": "오브제컬렉션 LG전자 컨버터블패키지 XY320 네이처",
    "ReviewScore": "5",
    "Syllable": "68",
    "Word": "14",
    "RDate": "20220512",
    "Aspects": [
      {
        "Aspect": "소음",
        "SentimentText": "소음도 없어서 좋네요",
        "SentimentWord": "3",
        "SentimentPolarity": "1"
      },
      {
        "Aspect": "디자인",
        "SentimentText": "냉장고 디자인도 마음에 쏙 들어서 행복합니다!!",
        "SentimentWord": "6",
        "SentimentPolarity": "1"
      }
    ]
  },
  {
    "Index": "28471",
    "RawText": "소음이 없어서 집안이 고요한게 마음에 듭니다~ 아쉬운건 색상이 좀 탁해서 별로에요...",
    "Source": "쇼핑몰",
    "Domain": "가전",
    "MainCategory": "주방가전",
    "ProductName": "오브제컬렉션 LG전자 컨버터블패키지 XY320 네이처",
    "ReviewScore": "4",
    "Syllable": "48",
    "Word": "11",
    "RDate": "20220527",
    "GeneralPolarity": "0",
    "Aspects": [
      {
        "Aspect": "소음",
        "SentimentText": "소음이 없어서 집안이 고요한게 마음에 듭니다~",
        "SentimentWord": "6",
        "SentimentPolarity": "1"
      },
      {
        "Aspect": "색상",
        "SentimentText": "아쉬운건 색상이 좀 탁해서 별로에요...",
        "SentimentWord": "5",
        "SentimentPolarity": "-1"
      }
    ]
  },
  {
    "Index": "28472",
    "RawText": "배송은 빨랐으나 설치해주시는 기사님이 불친절해서 매우 불쾌했어요. 포장자체도 부실하고 불안했습니다. 제품엔 문제없지만 포장하실때 꼼꼼히 해서 배송해주셨음 좋겠어요. 모터소리에 조용한 밤 엄청 거슬리네요. 매탈화이트색상 실물로 보니 너무 칙칙해요.",
    "Source": "쇼핑몰",
    "Domain": "가전",
    "MainCategory": "주방가전",
    "ProductName": "오브제컬렉션 LG전자 컨버터블패키지 XY320 네이처",
    "ReviewScore": "5",
    "Syllable": "137",
    "Word": "27",
    "RDate": "20220517",
    "Aspects": [
      {
        "Aspect": "소음",
        "SentimentText": "모터소리에 조용한 밤 엄청 거슬리네요.",
        "SentimentWord": "5",
        "SentimentPolarity": "-1"
      },
      {
        "Aspect": "색상",
        "SentimentText": "매탈화이트색상 실물로 보니 너무 칙칙해요. ",
        "SentimentWord": "5",
        "SentimentPolarity": "-1"
      }
    ]
  },
  {
    "Index": "28473",
    "RawText": "냉장고 안이 넓어서 너무 마음에 듭니다^^ 배송 날짜도 딱 맞춰서 오고 만족스럽습니다~ 나이드신 부모님께서도 편하게 사용하고 있어서 좋네요",
    "Source": "쇼핑몰",
    "Domain": "가전",
    "MainCategory": "주방가전",
    "ProductName": "오브제컬렉션 LG전자 컨버터블패키지 XY320 네이처",
    "ReviewScore": "5",
    "Syllable": "77",
    "Word": "18",
    "RDate": "20220501",
    "Aspects": [
      {
        "Aspect": "용량",
        "SentimentText": "냉장고 안이 넓어서 너무 마음에 듭니다^^",
        "SentimentWord": "6",
        "SentimentPolarity": "1"
      },
      {
        "Aspect": "편의성",
        "SentimentText": "나이드신 부모님께서도 편하게 사용하고 있어서 좋네요",
        "SentimentWord": "6",
        "SentimentPolarity": "1"
      }
    ]
  },
  {
    "Index": "28474",
    "RawText": "오프라인보다 저렴하게 살 수 있어서 너무 좋고요, 배송도 원하는 날짜에 받아서 좋아요. 디자인 진짜 깔끔하고 이뻐서 만족해요~",
    "Source": "쇼핑몰",
    "Domain": "가전",
    "MainCategory": "주방가전",
    "ProductName": "오브제컬렉션 LG전자 컨버터블패키지 XY320 네이처",
    "ReviewScore": "5",
    "Syllable": "70",
    "Word": "17",
    "RDate": "20220514",
    "Aspects": [
      {
        "Aspect": "가격",
        "SentimentText": "오프라인보다 저렴하게 살 수 있어서 너무 좋고요,",
        "SentimentWord": "7",
        "SentimentPolarity": "1"
      },
      {
        "Aspect": "디자인",
        "SentimentText": " 디자인 진짜 깔끔하고 이뻐서 만족해요~ ",
        "SentimentWord": "5",
        "SentimentPolarity": "1"
      }
    ]
  },
  {
    "Index": "28475",
    "RawText": "다른 곳 보다 저렴한 가격에 사서 기분이 좋네요~ 배송도 빨리 해주셔서 최고에요! 디자인 화사하게 이쁘네요",
    "Source": "쇼핑몰",
    "Domain": "가전",
    "MainCategory": "주방가전",
    "ProductName": "오브제컬렉션 LG전자 컨버터블패키지 XY320GBBS",
    "ReviewScore": "5",
    "Syllable": "59",
    "Word": "15",
    "RDate": "20210803",
    "Aspects": [
      {
        "Aspect": "가격",
        "SentimentText": "다른 곳 보다 저렴한 가격에 사서 기분이 좋네요~",
        "SentimentWord": "8",
        "SentimentPolarity": "1"
      },
      {
        "Aspect": "디자인",
        "SentimentText": "디자인 화사하게 이쁘네요",
        "SentimentWord": "3",
        "SentimentPolarity": "1"
      }
    ]
  },
  {
    "Index": "28476",
    "RawText": "냉장고 사이즈가 집이랑 안맞아서 좀 아쉬웠어요. 설치 기사님은 너무 친절하셔서 만족스러웠네요~ 무게는 그다지 무겁지 않아서 이동이 편했구요",
    "Source": "쇼핑몰",
    "Domain": "가전",
    "MainCategory": "주방가전",
    "ProductName": "오브제컬렉션 LG전자 컨버터블패키지 XY320GBBS",
    "ReviewScore": "4",
    "Syllable": "77",
    "Word": "17",
    "RDate": "20210526",
    "Aspects": [
      {
        "Aspect": "사이즈",
        "SentimentText": "냉장고 사이즈가 집이랑 안맞아서 좀 아쉬웠어요.",
        "SentimentWord": "6",
        "SentimentPolarity": "-1"
      },
      {
        "Aspect": "무게",
        "SentimentText": "무게는 그다지 무겁지 않아서 이동이 편했구요",
        "SentimentWord": "6",
        "SentimentPolarity": "1"
      }
    ]
  },
  {
    "Index": "28478",
    "RawText": "다른 브랜드 고민하다 이 브랜드 냉장고를 주문했는데 역시나 너무 만족스러워요. 화이트색상으로 골랐는데 인테리어랑 너무 잘어울려서 더 좋네요.",
    "Source": "쇼핑몰",
    "Domain": "가전",
    "MainCategory": "주방가전",
    "ProductName": "오브제컬렉션 LG전자 컨버터블패키지 XYZ320 네이처",
    "ReviewScore": "5",
    "Syllable": "78",
    "Word": "17",
    "RDate": "20220328",
    "GeneralPolarity": "1",
    "Aspects": [
      {
        "Aspect": "제조일/제조사",
        "SentimentText": "다른 브랜드 고민하다 이 브랜드 냉장고를 주문했는데 역시나 너무 만족스러워요. ",
        "SentimentWord": "10",
        "SentimentPolarity": "1"
      },
      {
        "Aspect": "색상",
        "SentimentText": "화이트색상으로 골랐는데 인테리어랑 너무 잘어울려서 더 좋네요.",
        "SentimentWord": "7",
        "SentimentPolarity": "1"
      }
    ]
  },
  {
    "Index": "28479",
    "RawText": "배송이 생각보다 정말 느려서 별로였어요. 하지만 냉장고 컬러는 너무 예뻐요. 인테리어랑 너무 잘 어울려서 좋아요. 비싸게 사서 내내 후회했어요",
    "Source": "쇼핑몰",
    "Domain": "가전",
    "MainCategory": "주방가전",
    "ProductName": "오브제컬렉션 LG전자 컨버터블패키지 XYZ320 네이처",
    "ReviewScore": "5",
    "Syllable": "79",
    "Word": "19",
    "RDate": "20220715",
    "Aspects": [
      {
        "Aspect": "가격",
        "SentimentText": "비싸게 사서 내내 후회했어요",
        "SentimentWord": "4",
        "SentimentPolarity": "-1"
      },
      {
        "Aspect": "색상",
        "SentimentText": "하지만 냉장고 컬러는 너무 예뻐요. 인테리어랑 너무 잘 어울려서 좋아요.",
        "SentimentWord": "10",
        "SentimentPolarity": "1"
      }
    ]
  },
  {
    "Index": "28480",
    "RawText": "배송이 너무 오래 걸려서 짜증났어요~ 용량은 생각했던 거 보다 커서 만족합니다~ 사이즈 너무 커서 옮기는데 힘들었어요",
    "Source": "쇼핑몰",
    "Domain": "가전",
    "MainCategory": "주방가전",
    "ProductName": "오브제컬렉션 LG전자 컨버터블패키지 XYZ320 네이처",
    "ReviewScore": "4",
    "Syllable": "65",
    "Word": "16",
    "RDate": "20220703",
    "Aspects": [
      {
        "Aspect": "사이즈",
        "SentimentText": "사이즈 너무 커서 옮기는데 힘들었어요",
        "SentimentWord": "5",
        "SentimentPolarity": "-1"
      },
      {
        "Aspect": "용량",
        "SentimentText": "용량은 생각했던 거 보다 커서 만족합니다~",
        "SentimentWord": "6",
        "SentimentPolarity": "1"
      }
    ]
  },
  {
    "Index": "28481",
    "RawText": "설치기사님 진짜 친절하시네요.. 최고입니다. 오프라인보다 많이 저렴하게 사서 만족합니다!  2022년도 최신형으로 받아서 좋아요",
    "Source": "쇼핑몰",
    "Domain": "가전",
    "MainCategory": "주방가전",
    "ProductName": "오브제컬렉션 LG전자 컨버터블패키지 XYZ320GBBBS",
    "ReviewScore": "5",
    "Syllable": "71",
    "Word": "13",
    "RDate": "20210708",
    "Aspects": [
      {
        "Aspect": "제조일/제조사",
        "SentimentText": " 2022년도 최신형으로 받아서 좋아요",
        "SentimentWord": "4",
        "SentimentPolarity": "1"
      },
      {
        "Aspect": "가격",
        "SentimentText": "오프라인보다 많이 저렴하게 사서 만족합니다!",
        "SentimentWord": "5",
        "SentimentPolarity": "1"
      }
    ]
  },
  {
    "Index": "28482",
    "RawText": "설치 기사분들 아주 친절하셔요~ 최고입니다. 색상은 생각했던 거 보다 더 어두워서 아쉬워요 포인트 적립으로 싸게 좋은 제품 잘 구입해서 너무 좋아요.",
    "Source": "쇼핑몰",
    "Domain": "가전",
    "MainCategory": "주방가전",
    "ProductName": "오브제컬렉션 LG전자 컨버터블패키지 XYZ320GBBBS",
    "ReviewScore": "5",
    "Syllable": "83",
    "Word": "21",
    "RDate": "20210802",
    "Aspects": [
      {
        "Aspect": "가격",
        "SentimentText": "포인트 적립으로 싸게 좋은 제품 잘 구입해서 너무 좋아요.",
        "SentimentWord": "9",
        "SentimentPolarity": "1"
      },
      {
        "Aspect": "색상",
        "SentimentText": "색상은 생각했던 거 보다 더 어두워서 아쉬워요",
        "SentimentWord": "7",
        "SentimentPolarity": "-1"
      }
    ]
  },
  {
    "Index": "28483",
    "RawText": "저렴하게 사서 기분이 좋습니다! 용량이 작아서 그릇들이 많이 안 들어가 좀 아쉽네요...",
    "Source": "쇼핑몰",
    "Domain": "가전",
    "MainCategory": "주방가전",
    "ProductName": "SK매직 DWA-2800P",
    "ReviewScore": "5",
    "Syllable": "49",
    "Word": "12",
    "RDate": "20210522",
    "GeneralPolarity": "0",
    "Aspects": [
      {
        "Aspect": "가격",
        "SentimentText": "저렴하게 사서 기분이 좋습니다",
        "SentimentWord": "4",
        "SentimentPolarity": "1"
      },
      {
        "Aspect": "용량",
        "SentimentText": "용량이 작아서 그릇들이 많이 안 들어가 좀 아쉽네요...",
        "SentimentWord": "8",
        "SentimentPolarity": "-1"
      }
    ]
  },
  {
    "Index": "28484",
    "RawText": "가성비 최고의 제품이네요~ 혼자 쓰기 딱 좋은 용량입니다~ 소음도 거의 없고 만족합니다.",
    "Source": "쇼핑몰",
    "Domain": "가전",
    "MainCategory": "주방가전",
    "ProductName": "SK매직 DWA-2800P",
    "ReviewScore": "5",
    "Syllable": "49",
    "Word": "12",
    "RDate": "20220729",
    "GeneralPolarity": "1",
    "Aspects": [
      {
        "Aspect": "가격",
        "SentimentText": "가성비 최고의 제품이네요~",
        "SentimentWord": "3",
        "SentimentPolarity": "1"
      },
      {
        "Aspect": "용량",
        "SentimentText": " 혼자 쓰기 딱 좋은 용량입니다~",
        "SentimentWord": "5",
        "SentimentPolarity": "1"
      },
      {
        "Aspect": "소음",
        "SentimentText": "소음도 거의 없고 만족합니다.",
        "SentimentWord": "4",
        "SentimentPolarity": "1"
      }
    ]
  },
  {
    "Index": "28487",
    "RawText": "그릇 들어가는 공간이 협소해서 별로에요. 그래도 작동 끝나면 자동으로 문이 열려서 아주 간편해서 좋아요~",
    "Source": "쇼핑몰",
    "Domain": "가전",
    "MainCategory": "주방가전",
    "ProductName": "SK매직 DWA-2800P",
    "ReviewScore": "5",
    "Syllable": "58",
    "Word": "14",
    "RDate": "20220810",
    "GeneralPolarity": "0",
    "Aspects": [
      {
        "Aspect": "용량",
        "SentimentText": "그릇 들어가는 공간이 협소해서 별로에요",
        "SentimentWord": "5",
        "SentimentPolarity": "-1"
      },
      {
        "Aspect": "편의성",
        "SentimentText": "작동 끝나면 자동으로 문이 열려서 아주 간편해서 좋아요~ ",
        "SentimentWord": "8",
        "SentimentPolarity": "1"
      }
    ]
  },
  {
    "Index": "28488",
    "RawText": "설거지를 자주 하는 편이라 그릇 들어가는 용량은 딱 알맞아요. 세척기 돌리는 시간은 은근 많이 걸려서 아쉬워요",
    "Source": "쇼핑몰",
    "Domain": "가전",
    "MainCategory": "주방가전",
    "ProductName": "SK매직 DWA-2800P",
    "ReviewScore": "5",
    "Syllable": "61",
    "Word": "16",
    "RDate": "20220426",
    "GeneralPolarity": "0",
    "Aspects": [
      {
        "Aspect": "용량",
        "SentimentText": "설거지를 자주 하는 편이라 그릇 들어가는 용량은 딱 알맞아요.",
        "SentimentWord": "9",
        "SentimentPolarity": "1"
      },
      {
        "Aspect": "시간/속도",
        "SentimentText": "세척기 돌리는 시간은 은근 많이 걸려서 아쉬워요",
        "SentimentWord": "7",
        "SentimentPolarity": "-1"
      }
    ]
  },
  {
    "Index": "28489",
    "RawText": "작동 끝나면 문이 저절로 열려서 너무 편리해요! 가격도 저렴하게 구매해서 좋습니다~",
    "Source": "쇼핑몰",
    "Domain": "가전",
    "MainCategory": "주방가전",
    "ProductName": "SK매직 DWA-2800P",
    "ReviewScore": "4",
    "Syllable": "46",
    "Word": "11",
    "RDate": "20210602",
    "GeneralPolarity": "1",
    "Aspects": [
      {
        "Aspect": "기능",
        "SentimentText": "작동 끝나면 문이 저절로 열려서 너무 편리해요! ",
        "SentimentWord": "7",
        "SentimentPolarity": "1"
      },
      {
        "Aspect": "가격",
        "SentimentText": "가격도 저렴하게 구매해서 좋습니다~",
        "SentimentWord": "4",
        "SentimentPolarity": "1"
      }
    ]
  },
  {
    "Index": "28490",
    "RawText": "소음도 거의 없어서 만족스러워요. 기능도 있을 건 다 있어서 마음에 듭니다. 가격도 저렴하게 잘 구매해서 만족도가 큽니다.",
    "Source": "쇼핑몰",
    "Domain": "가전",
    "MainCategory": "주방가전",
    "ProductName": "SK매직 DWA-2800P",
    "ReviewScore": "5",
    "Syllable": "68",
    "Word": "17",
    "RDate": "20211227",
    "GeneralPolarity": "1",
    "Aspects": [
      {
        "Aspect": "소음",
        "SentimentText": "소음도 거의 없어서 만족스러워요.",
        "SentimentWord": "4",
        "SentimentPolarity": "1"
      },
      {
        "Aspect": "기능",
        "SentimentText": "기능도 있을 건 다 있어서 마음에 듭니다. ",
        "SentimentWord": "7",
        "SentimentPolarity": "1"
      },
      {
        "Aspect": "가격",
        "SentimentText": " 가격도 저렴하게 잘 구매해서 만족도가 큽니다.",
        "SentimentWord": "6",
        "SentimentPolarity": "1"
      }
    ]
  },
  {
    "Index": "28492",
    "RawText": "문이 자동으로 열리는 점이 제일 마음에 들어요~ 아쉬운건 세척 시간이 오래~ 걸려요 ~ ㅠㅠ",
    "Source": "쇼핑몰",
    "Domain": "가전",
    "MainCategory": "주방가전",
    "ProductName": "SK매직 DWA-2800P",
    "ReviewScore": "4",
    "Syllable": "51",
    "Word": "14",
    "RDate": "20210224",
    "GeneralPolarity": "0",
    "Aspects": [
      {
        "Aspect": "기능",
        "SentimentText": "문이 자동으로 열리는 점이 제일 마음에 들어요~",
        "SentimentWord": "7",
        "SentimentPolarity": "1"
      },
      {
        "Aspect": "시간/속도",
        "SentimentText": " 아쉬운건 세척 시간이 오래~ 걸려요 ~ ㅠㅠ",
        "SentimentWord": "7",
        "SentimentPolarity": "-1"
      }
    ]
  },
  {
    "Index": "28496",
    "RawText": "손에 물을 많이 묻히지 않아서 편하고 좋아요. 세척기 안이 생각보다 용량이 작아서 아쉽네요~",
    "Source": "쇼핑몰",
    "Domain": "가전",
    "MainCategory": "주방가전",
    "ProductName": "SK매직 DWA-2800P",
    "ReviewScore": "5",
    "Syllable": "51",
    "Word": "13",
    "RDate": "20210414",
    "GeneralPolarity": "0",
    "Aspects": [
      {
        "Aspect": "편의성",
        "SentimentText": "손에 물을 많이 묻히지 않아서 편하고 좋아요. ",
        "SentimentWord": "7",
        "SentimentPolarity": "1"
      },
      {
        "Aspect": "용량",
        "SentimentText": "세척기 안이 생각보다 용량이 작아서 아쉽네요~",
        "SentimentWord": "6",
        "SentimentPolarity": "-1"
      }
    ]
  },
  {
    "Index": "28497",
    "RawText": "세척기 사이즈가 작아서 싱크대에 놓기 좋습니다~ 세척기용 세제를 따로 구입해야 되서 불편하긴 하네요",
    "Source": "쇼핑몰",
    "Domain": "가전",
    "MainCategory": "주방가전",
    "ProductName": "SK매직 DWA-2800P",
    "ReviewScore": "5",
    "Syllable": "55",
    "Word": "13",
    "RDate": "20220323",
    "GeneralPolarity": "0",
    "Aspects": [
      {
        "Aspect": "사이즈",
        "SentimentText": "세척기 사이즈가 작아서 싱크대에 놓기 좋습니다~",
        "SentimentWord": "6",
        "SentimentPolarity": "1"
      },
      {
        "Aspect": "제품구성",
        "SentimentText": "세척기용 세제를 따로 구입해야 되서 불편하긴 하네요",
        "SentimentWord": "7",
        "SentimentPolarity": "-1"
      }
    ]
  },
  {
    "Index": "28498",
    "RawText": "제품 설명서가 허술해서 별로입니다. 그래도 설치 하는게 쉬워서 개인이 하기 좋아요",
    "Source": "쇼핑몰",
    "Domain": "가전",
    "MainCategory": "주방가전",
    "ProductName": "SK매직 DWA-2800P",
    "ReviewScore": "4",
    "Syllable": "45",
    "Word": "11",
    "RDate": "20210906",
    "GeneralPolarity": "0",
    "Aspects": [
      {
        "Aspect": "제품구성",
        "SentimentText": "제품 설명서가 허술해서 별로입니다. ",
        "SentimentWord": "4",
        "SentimentPolarity": "-1"
      },
      {
        "Aspect": "조작성",
        "SentimentText": "설치 하는게 쉬워서 개인이 하기 좋아요",
        "SentimentWord": "6",
        "SentimentPolarity": "1"
      }
    ]
  },
  {
    "Index": "28502",
    "RawText": "설거지 끝나면 자동으로 문이 열려서 편리해요. 배송도 완전 빨라서 만족스럽습니다~ 할인 쿠폰 사용해서 저렴하게 잘 샀어요~",
    "Source": "쇼핑몰",
    "Domain": "가전",
    "MainCategory": "주방가전",
    "ProductName": "SK매직 DWA-2800P",
    "ReviewScore": "4",
    "Syllable": "68",
    "Word": "16",
    "RDate": "20220507",
    "Aspects": [
      {
        "Aspect": "기능",
        "SentimentText": "설거지 끝나면 자동으로 문이 열려서 편리해요.",
        "SentimentWord": "6",
        "SentimentPolarity": "1"
      },
      {
        "Aspect": "가격",
        "SentimentText": "할인 쿠폰 사용해서 저렴하게 잘 샀어요~ ",
        "SentimentWord": "6",
        "SentimentPolarity": "1"
      }
    ]
  },
  {
    "Index": "28503",
    "RawText": "출장비가 왜 이렇게 비싼거에요... 짜증나네요.. 배송은 빨리 도착해서 좋았어요. 역시 상품은 믿고 쓰는 OOO네요",
    "Source": "쇼핑몰",
    "Domain": "가전",
    "MainCategory": "주방가전",
    "ProductName": "SK매직 DWA-2800P",
    "ReviewScore": "5",
    "Syllable": "64",
    "Word": "14",
    "RDate": "20210909",
    "Aspects": [
      {
        "Aspect": "가격",
        "SentimentText": "출장비가 왜 이렇게 비싼거에요... 짜증나네요..",
        "SentimentWord": "5",
        "SentimentPolarity": "-1"
      },
      {
        "Aspect": "제조일/제조사",
        "SentimentText": "역시 상품은 믿고 쓰는 OOO네요",
        "SentimentWord": "5",
        "SentimentPolarity": "1"
      }
    ]
  },
  {
    "Index": "28504",
    "RawText": "설거지 끝나면 자동 문 열리는게 너무 좋아요!! 배송도 번개처럼 빨라서 최고입니다~ 양품의 제품 하자없이 받아서 좋아요",
    "Source": "쇼핑몰",
    "Domain": "가전",
    "MainCategory": "주방가전",
    "ProductName": "SK매직 DWA-2800P",
    "ReviewScore": "5",
    "Syllable": "66",
    "Word": "16",
    "RDate": "20210406",
    "Aspects": [
      {
        "Aspect": "기능",
        "SentimentText": "설거지 끝나면 자동 문 열리는게 너무 좋아요!!",
        "SentimentWord": "7",
        "SentimentPolarity": "1"
      },
      {
        "Aspect": "품질",
        "SentimentText": "양품의 제품 하자없이 받아서 좋아요 ",
        "SentimentWord": "5",
        "SentimentPolarity": "1"
      }
    ]
  },
  {
    "Index": "28505",
    "RawText": "생각했던 거보다 사이즈가 커서 별로였어요.. 그래도 배송은 진짜 빨라서 좋네요. 설거지 끝나면 자동으로 문열려셔 편하고 좋아요.",
    "Source": "쇼핑몰",
    "Domain": "가전",
    "MainCategory": "주방가전",
    "ProductName": "SK매직 DWA-2800P",
    "ReviewScore": "5",
    "Syllable": "71",
    "Word": "16",
    "RDate": "20210524",
    "Aspects": [
      {
        "Aspect": "사이즈",
        "SentimentText": "생각했던 거보다 사이즈가 커서 별로였어요.. ",
        "SentimentWord": "5",
        "SentimentPolarity": "-1"
      },
      {
        "Aspect": "기능",
        "SentimentText": "설거지 끝나면 자동으로 문열려셔 편하고 좋아요.",
        "SentimentWord": "6",
        "SentimentPolarity": "1"
      }
    ]
  },
  {
    "Index": "28506",
    "RawText": "자동 문열림 기능이 있어서 너무 좋아요! 배송도 진짜 빨라서 너무 만족스럽습니다. 무설치 제품이라 개인이 직접 설치해도 되서 좋네요",
    "Source": "쇼핑몰",
    "Domain": "가전",
    "MainCategory": "주방가전",
    "ProductName": "SK매직 DWA-2800P",
    "ReviewScore": "5",
    "Syllable": "73",
    "Word": "18",
    "RDate": "20210126",
    "Aspects": [
      {
        "Aspect": "기능",
        "SentimentText": "자동 문열림 기능이 있어서 너무 좋아요",
        "SentimentWord": "6",
        "SentimentPolarity": "1"
      },
      {
        "Aspect": "조작성",
        "SentimentText": "무설치 제품이라 개인이 직접 설치해도 되서 좋네요",
        "SentimentWord": "7",
        "SentimentPolarity": "1"
      }
    ]
  },
  {
    "Index": "28507",
    "RawText": "사이즈가 생각했던 거 보다 좀 작아서 아쉬워요~ 배송은 진짜 빨라서 좋았습니다. 전기세가 생각보다 적게나와 다행이네요",
    "Source": "쇼핑몰",
    "Domain": "가전",
    "MainCategory": "주방가전",
    "ProductName": "SK매직 DWA-2800P",
    "ReviewScore": "5",
    "Syllable": "65",
    "Word": "15",
    "RDate": "20220510",
    "Aspects": [
      {
        "Aspect": "사이즈",
        "SentimentText": "사이즈가 생각했던 거 보다 좀 작아서 아쉬워요~ ",
        "SentimentWord": "7",
        "SentimentPolarity": "-1"
      },
      {
        "Aspect": "소비전력",
        "SentimentText": "전기세가 생각보다 적게나와 다행이네요",
        "SentimentWord": "4",
        "SentimentPolarity": "1"
      }
    ]
  },
  {
    "Index": "28508",
    "RawText": "사용법이 너무 간편해서 만족스러워요. 배송도 초스피드로 왔어요~ 최고입니다 !! 디자인이 우리집과 잘 어울리네요",
    "Source": "쇼핑몰",
    "Domain": "가전",
    "MainCategory": "주방가전",
    "ProductName": "SK매직 DWA-2800P",
    "ReviewScore": "5",
    "Syllable": "62",
    "Word": "13",
    "RDate": "20210122",
    "Aspects": [
      {
        "Aspect": "조작성",
        "SentimentText": "사용법이 너무 간편해서 만족스러워요.",
        "SentimentWord": "4",
        "SentimentPolarity": "1"
      },
      {
        "Aspect": "디자인",
        "SentimentText": "디자인이 우리집과 잘 어울리네요",
        "SentimentWord": "4",
        "SentimentPolarity": "1"
      }
    ]
  },
  {
    "Index": "28509",
    "RawText": "그릇들이 뽀득뽀득 너무 잘 닦여서 기분이 좋습니다!  배송도 완전 빠르고 최고에요~~!! 사은품으로 주신 세재들 잘 받았습니다.",
    "Source": "쇼핑몰",
    "Domain": "가전",
    "MainCategory": "주방가전",
    "ProductName": "SK매직 DWA-2800P",
    "ReviewScore": "5",
    "Syllable": "71",
    "Word": "16",
    "RDate": "20210225",
    "Aspects": [
      {
        "Aspect": "기능",
        "SentimentText": "그릇들이 뽀득뽀득 너무 잘 닦여서 기분이 좋습니다!",
        "SentimentWord": "7",
        "SentimentPolarity": "1"
      },
      {
        "Aspect": "제품구성",
        "SentimentText": "사은품으로 주신 세재들 잘 받았습니다.",
        "SentimentWord": "5",
        "SentimentPolarity": "1"
      }
    ]
  },
  {
    "Index": "28510",
    "RawText": "뽀득뽀득 그릇 깨끗하게 잘 닦여서 기분이 좋네요! 배송은 진짜 초스피드로 왔습니다 !! 최고~ 작동하고 소음이 거의 없어서 안심이네요",
    "Source": "쇼핑몰",
    "Domain": "가전",
    "MainCategory": "주방가전",
    "ProductName": "SK매직 DWA-2800P",
    "ReviewScore": "5",
    "Syllable": "74",
    "Word": "18",
    "RDate": "20210125",
    "Aspects": [
      {
        "Aspect": "기능",
        "SentimentText": "뽀득뽀득 그릇 깨끗하게 잘 닦여서 기분이 좋네요!",
        "SentimentWord": "7",
        "SentimentPolarity": "1"
      },
      {
        "Aspect": "소음",
        "SentimentText": "작동하고 소음이 거의 없어서 안심이네요",
        "SentimentWord": "5",
        "SentimentPolarity": "1"
      }
    ]
  },
  {
    "Index": "28512",
    "RawText": "세제를 넣는 부분에 뚜껑이 없어서 불편하네요. 용량이 생각했던 거보다 작아서 더 큰걸로 살걸 후회되네요....",
    "Source": "쇼핑몰",
    "Domain": "가전",
    "MainCategory": "주방가전",
    "ProductName": "SK매직 DWA-2800P",
    "ReviewScore": "5",
    "Syllable": "61",
    "Word": "14",
    "RDate": "20210628",
    "GeneralPolarity": "-1",
    "Aspects": [
      {
        "Aspect": "편의성",
        "SentimentText": "세제를 넣는 부분에 뚜껑이 없어서 불편하네요.",
        "SentimentWord": "6",
        "SentimentPolarity": "-1"
      },
      {
        "Aspect": "용량",
        "SentimentText": "용량이 생각했던 거보다 작아서 더 큰걸로 살걸 후회되네요....",
        "SentimentWord": "8",
        "SentimentPolarity": "-1"
      }
    ]
  },
  {
    "Index": "28513",
    "RawText": "사이즈가 너무 작아서 아쉽습니다. 세척시간도 꽤 많이 걸려서 별로네요",
    "Source": "쇼핑몰",
    "Domain": "가전",
    "MainCategory": "주방가전",
    "ProductName": "SK매직 DWA-2800P",
    "ReviewScore": "5",
    "Syllable": "38",
    "Word": "9",
    "RDate": "20220726",
    "GeneralPolarity": "-1",
    "Aspects": [
      {
        "Aspect": "사이즈",
        "SentimentText": "사이즈가 너무 작아서 아쉽습니다.",
        "SentimentWord": "4",
        "SentimentPolarity": "-1"
      },
      {
        "Aspect": "시간/속도",
        "SentimentText": "세척시간도 꽤 많이 걸려서 별로네요",
        "SentimentWord": "5",
        "SentimentPolarity": "-1"
      }
    ]
  },
  {
    "Index": "28515",
    "RawText": "세척하는데 시간이 좀 오래 걸려서 아쉽네요~ 사이즈가 작아서 쓰는데 편리합니다.",
    "Source": "쇼핑몰",
    "Domain": "가전",
    "MainCategory": "주방가전",
    "ProductName": "SK매직 DWA-2800P",
    "ReviewScore": "5",
    "Syllable": "44",
    "Word": "10",
    "RDate": "20210513",
    "GeneralPolarity": "0",
    "Aspects": [
      {
        "Aspect": "시간/속도",
        "SentimentText": "세척하는데 시간이 좀 오래 걸려서 아쉽네요~ ",
        "SentimentWord": "6",
        "SentimentPolarity": "-1"
      },
      {
        "Aspect": "사이즈",
        "SentimentText": "사이즈가 작아서 쓰는데 편리합니다.",
        "SentimentWord": "4",
        "SentimentPolarity": "1"
      }
    ]
  },
  {
    "Index": "28516",
    "RawText": "저렴한 가격에 잘 사서 만족스러워요~ 생각했던 거 보다 용량이 커서 너무 좋네요!!",
    "Source": "쇼핑몰",
    "Domain": "가전",
    "MainCategory": "주방가전",
    "ProductName": "SK매직 DWA-2800P",
    "ReviewScore": "5",
    "Syllable": "46",
    "Word": "12",
    "RDate": "20210222",
    "GeneralPolarity": "1",
    "Aspects": [
      {
        "Aspect": "가격",
        "SentimentText": "저렴한 가격에 잘 사서 만족스러워요~",
        "SentimentWord": "5",
        "SentimentPolarity": "1"
      },
      {
        "Aspect": "용량",
        "SentimentText": "생각했던 거 보다 용량이 커서 너무 좋네요!! ",
        "SentimentWord": "7",
        "SentimentPolarity": "1"
      }
    ]
  },
  {
    "Index": "28518",
    "RawText": "세척하고 나면 그릇에 검은 무언가가 묻어있어요. 불량품 같아요. 몇번 사용 안했는데 고무도 벌써 변색됐어요.. 별로에요",
    "Source": "쇼핑몰",
    "Domain": "가전",
    "MainCategory": "주방가전",
    "ProductName": "SK매직 DWA-2800P",
    "ReviewScore": "5",
    "Syllable": "66",
    "Word": "15",
    "RDate": "20220813",
    "GeneralPolarity": "-1",
    "Aspects": [
      {
        "Aspect": "품질",
        "SentimentText": "세척하고 나면 그릇에 검은 무언가가 묻어있어요. 불량품 같아요. ",
        "SentimentWord": "8",
        "SentimentPolarity": "-1"
      },
      {
        "Aspect": "제품구성",
        "SentimentText": "몇번 사용 안했는데 고무도 벌써 변색됐어요.. 별로에요",
        "SentimentWord": "7",
        "SentimentPolarity": "-1"
      }
    ]
  },
  {
    "Index": "28520",
    "RawText": "설치하기가 은근 어려워서 불편해요... 크기도 별로 안커서 그릇도 많이 안들어가서 별로에요",
    "Source": "쇼핑몰",
    "Domain": "가전",
    "MainCategory": "주방가전",
    "ProductName": "SK매직 DWA-2800P",
    "ReviewScore": "3",
    "Syllable": "50",
    "Word": "11",
    "RDate": "20220121",
    "GeneralPolarity": "-1",
    "Aspects": [
      {
        "Aspect": "조작성",
        "SentimentText": "설치하기가 은근 어려워서 불편해요... ",
        "SentimentWord": "4",
        "SentimentPolarity": "-1"
      },
      {
        "Aspect": "용량",
        "SentimentText": "크기도 별로 안커서 그릇도 많이 안들어가서 별로에요",
        "SentimentWord": "7",
        "SentimentPolarity": "-1"
      }
    ]
  },
  {
    "Index": "28521",
    "RawText": "수동으로 물을 넣어야 해서 불편합니다. 세척 다 되면 자동으로 문열림 기능이 있어서 만족스럽네요.",
    "Source": "쇼핑몰",
    "Domain": "가전",
    "MainCategory": "주방가전",
    "ProductName": "SK매직 DWA-2800P",
    "ReviewScore": "4",
    "Syllable": "54",
    "Word": "13",
    "RDate": "20220620",
    "GeneralPolarity": "0",
    "Aspects": [
      {
        "Aspect": "조작성",
        "SentimentText": "수동으로 물을 넣어야 해서 불편합니다.",
        "SentimentWord": "5",
        "SentimentPolarity": "-1"
      },
      {
        "Aspect": "기능",
        "SentimentText": "세척 다 되면 자동으로 문열림 기능이 있어서 만족스럽네요.",
        "SentimentWord": "8",
        "SentimentPolarity": "1"
      }
    ]
  },
  {
    "Index": "28523",
    "RawText": "세쳑기 세제를 또 사야되니까 돈이 더 들어가서 별로에요. 세척 시간도 꽤 오래걸려서 아쉽네요.",
    "Source": "쇼핑몰",
    "Domain": "가전",
    "MainCategory": "주방가전",
    "ProductName": "SK매직 DWA-2800P",
    "ReviewScore": "4",
    "Syllable": "52",
    "Word": "13",
    "RDate": "20210226",
    "GeneralPolarity": "-1",
    "Aspects": [
      {
        "Aspect": "가격",
        "SentimentText": "세쳑기 세제를 또 사야되니까 돈이 더 들어가서 별로에요. ",
        "SentimentWord": "8",
        "SentimentPolarity": "-1"
      },
      {
        "Aspect": "시간/속도",
        "SentimentText": "세척 시간도 꽤 오래걸려서 아쉽네요.",
        "SentimentWord": "5",
        "SentimentPolarity": "-1"
      }
    ]
  },
  {
    "Index": "28524",
    "RawText": "기계 소리가 조용해서 너무 좋아요. 용량은 너무 작아서 아쉽네요..",
    "Source": "쇼핑몰",
    "Domain": "가전",
    "MainCategory": "주방가전",
    "ProductName": "SK매직 DWA-2800P",
    "ReviewScore": "5",
    "Syllable": "37",
    "Word": "9",
    "RDate": "20210720",
    "GeneralPolarity": "0",
    "Aspects": [
      {
        "Aspect": "소음",
        "SentimentText": "기계 소리가 조용해서 너무 좋아요. ",
        "SentimentWord": "5",
        "SentimentPolarity": "1"
      },
      {
        "Aspect": "용량",
        "SentimentText": "용량은 너무 작아서 아쉽네요..",
        "SentimentWord": "4",
        "SentimentPolarity": "-1"
      }
    ]
  },
  {
    "Index": "28525",
    "RawText": "뜨거운 물로 세척해주니까 너무 좋네요. 설치도 무설치라 쉽고 만족스럽습니다.",
    "Source": "쇼핑몰",
    "Domain": "가전",
    "MainCategory": "주방가전",
    "ProductName": "SK매직 DWA-2800P",
    "ReviewScore": "5",
    "Syllable": "42",
    "Word": "9",
    "RDate": "20210803",
    "GeneralPolarity": "1",
    "Aspects": [
      {
        "Aspect": "기능",
        "SentimentText": "뜨거운 물로 세척해주니까 너무 좋네요. ",
        "SentimentWord": "5",
        "SentimentPolarity": "1"
      },
      {
        "Aspect": "조작성",
        "SentimentText": "설치도 무설치라 쉽고 만족스럽습니다.",
        "SentimentWord": "4",
        "SentimentPolarity": "1"
      }
    ]
  },
  {
    "Index": "28527",
    "RawText": "자주 설거지 하니깐 용량이 아주 딱입니다.  다만 세척시간이 좀 오래 걸려서 별로입니다",
    "Source": "쇼핑몰",
    "Domain": "가전",
    "MainCategory": "주방가전",
    "ProductName": "SK매직 DWA-2800P",
    "ReviewScore": "4",
    "Syllable": "48",
    "Word": "12",
    "RDate": "20210225",
    "GeneralPolarity": "0",
    "Aspects": [
      {
        "Aspect": "용량",
        "SentimentText": "자주 설거지 하니깐 용량이 아주 딱입니다. ",
        "SentimentWord": "6",
        "SentimentPolarity": "1"
      },
      {
        "Aspect": "시간/속도",
        "SentimentText": "세척시간이 좀 오래 걸려서 별로입니다",
        "SentimentWord": "5",
        "SentimentPolarity": "-1"
      }
    ]
  },
  {
    "Index": "28528",
    "RawText": "포장 상태 완전 꼼꼼해서 마음에 들어요! 그릇이 많이 안 들어가서 좀 아쉬워요~ 사이즈가 적당해서 작은 우리집에 딱이네요",
    "Source": "쇼핑몰",
    "Domain": "가전",
    "MainCategory": "주방가전",
    "ProductName": "SK매직 DWA-2800P",
    "ReviewScore": "5",
    "Syllable": "67",
    "Word": "17",
    "RDate": "20201203",
    "Aspects": [
      {
        "Aspect": "사이즈",
        "SentimentText": "사이즈가 적당해서 작은 우리집에 딱이네요",
        "SentimentWord": "5",
        "SentimentPolarity": "1"
      },
      {
        "Aspect": "용량",
        "SentimentText": "그릇이 많이 안 들어가서 좀 아쉬워요~",
        "SentimentWord": "6",
        "SentimentPolarity": "-1"
      }
    ]
  },
  {
    "Index": "28529",
    "RawText": "디자인 너무 마음에 들어요!! 무게도 가벼워서 혼자 들기 좋고요~ 제품에 비해 가격은 좀 비싼 거 같아 아쉽네요",
    "Source": "쇼핑몰",
    "Domain": "가전",
    "MainCategory": "주방가전",
    "ProductName": "SK매직 DWA-2800P",
    "ReviewScore": "4",
    "Syllable": "62",
    "Word": "17",
    "RDate": "20210925",
    "GeneralPolarity": "0",
    "Aspects": [
      {
        "Aspect": "디자인",
        "SentimentText": "디자인 너무 마음에 들어요!! ",
        "SentimentWord": "4",
        "SentimentPolarity": "1"
      },
      {
        "Aspect": "무게",
        "SentimentText": "무게도 가벼워서 혼자 들기 좋고요~ ",
        "SentimentWord": "5",
        "SentimentPolarity": "1"
      },
      {
        "Aspect": "가격",
        "SentimentText": "제품에 비해 가격은 좀 비싼 거 같아 아쉽네요",
        "SentimentWord": "8",
        "SentimentPolarity": "-1"
      }
    ]
  },
  {
    "Index": "28531",
    "RawText": "다양한 기능이 있어서 너무 좋습니다. 소음은 생각보다 커서 별로네요..",
    "Source": "쇼핑몰",
    "Domain": "가전",
    "MainCategory": "주방가전",
    "ProductName": "SK매직 DWA-2800P",
    "ReviewScore": "4",
    "Syllable": "39",
    "Word": "9",
    "RDate": "20210105",
    "GeneralPolarity": "0",
    "Aspects": [
      {
        "Aspect": "기능",
        "SentimentText": "다양한 기능이 있어서 너무 좋습니다. ",
        "SentimentWord": "5",
        "SentimentPolarity": "1"
      },
      {
        "Aspect": "소음",
        "SentimentText": "소음은 생각보다 커서 별로네요..",
        "SentimentWord": "4",
        "SentimentPolarity": "-1"
      }
    ]
  },
  {
    "Index": "28532",
    "RawText": "그릇이 많이 안들어가서 좀 아쉽습니다~ 그래도 외관은 너무 예뻐서 마음에 쏙 듭니다^^ 소음은 그냥.. 크지도 않고 작지도 않네요~",
    "Source": "쇼핑몰",
    "Domain": "가전",
    "MainCategory": "주방가전",
    "ProductName": "SK매직 DWA-2800P",
    "ReviewScore": "5",
    "Syllable": "73",
    "Word": "18",
    "RDate": "20210218",
    "GeneralPolarity": "0",
    "Aspects": [
      {
        "Aspect": "용량",
        "SentimentText": "그릇이 많이 안들어가서 좀 아쉽습니다~ ",
        "SentimentWord": "5",
        "SentimentPolarity": "-1"
      },
      {
        "Aspect": "디자인",
        "SentimentText": "외관은 너무 예뻐서 마음에 쏙 듭니다^^",
        "SentimentWord": "6",
        "SentimentPolarity": "1"
      },
      {
        "Aspect": "소음",
        "SentimentText": "소음은 그냥.. 크지도 않고 작지도 않네요~",
        "SentimentWord": "6",
        "SentimentPolarity": "0"
      }
    ]
  },
  {
    "Index": "28535",
    "RawText": "급수를 설치해야 하는 번거로움이 있어서 아쉽습니다. 색상은 원하던 색상이라 마음에 듭니다",
    "Source": "쇼핑몰",
    "Domain": "가전",
    "MainCategory": "주방가전",
    "ProductName": "SK매직 DWA-2800P",
    "ReviewScore": "5",
    "Syllable": "49",
    "Word": "11",
    "RDate": "20210827",
    "GeneralPolarity": "0",
    "Aspects": [
      {
        "Aspect": "편의성",
        "SentimentText": "급수를 설치해야 하는 번거로움이 있어서 아쉽습니다. ",
        "SentimentWord": "6",
        "SentimentPolarity": "-1"
      },
      {
        "Aspect": "색상",
        "SentimentText": "색상은 원하던 색상이라 마음에 듭니다",
        "SentimentWord": "5",
        "SentimentPolarity": "1"
      }
    ]
  }
]