[
  {
    "Index": "37760",
    "RawText": "빠른 배송이 마음에 드네요. 조립과 사용방법이 쉬워서 편리해요. 스크래치 없이 깔끔한 마감에 더 만족합니다~~~ ",
    "Source": "쇼핑몰",
    "Domain": "가전",
    "MainCategory": "계절가전",
    "ProductName": "다이슨 AM-07 에어멀티플라이어 일반구매",
    "ReviewScore": "5",
    "Syllable": "63",
    "Word": "14",
    "RDate": "20220529",
    "GeneralPolarity": "1",
    "Aspects": [
      {
        "Aspect": "조작성",
        "SentimentText": "조립과 사용방법이 쉬워서 편리해요.",
        "SentimentWord": "4",
        "SentimentPolarity": "1"
      },
      {
        "Aspect": "품질",
        "SentimentText": "스크래치 없이 깔끔한 마감에 더 만족합니다~~~",
        "SentimentWord": "6",
        "SentimentPolarity": "1"
      }
    ]
  },
  {
    "Index": "37762",
    "RawText": "선풍기라고 생각 못할 만큼 소음이 너무 심해요 최악이예요 ㅠㅠ  색상도 좀 더 다양했으면 좋겠어요",
    "Source": "쇼핑몰",
    "Domain": "가전",
    "MainCategory": "계절가전",
    "ProductName": "다이슨 AM-07 에어멀티플라이어 일반구매",
    "ReviewScore": "5",
    "Syllable": "54",
    "Word": "14",
    "RDate": "20220729",
    "GeneralPolarity": "-1",
    "Aspects": [
      {
        "Aspect": "소음",
        "SentimentText": "선풍기라고 생각 못할 만큼 소음이 너무 심해요 최악이예요 ㅠㅠ",
        "SentimentWord": "9",
        "SentimentPolarity": "-1"
      },
      {
        "Aspect": "색상",
        "SentimentText": "색상도 좀 더 다양했으면 좋겠어요",
        "SentimentWord": "5",
        "SentimentPolarity": "-1"
      }
    ]
  },
  {
    "Index": "37763",
    "RawText": "작동 잘되고 시원한 바람이 솔솔 잘 불어와서 만족해요~ 근데 제조일이 최신이 아니라 좀 아쉽네요 ㅠ",
    "Source": "쇼핑몰",
    "Domain": "가전",
    "MainCategory": "계절가전",
    "ProductName": "다이슨 AM-07 에어멀티플라이어 일반구매",
    "ReviewScore": "5",
    "Syllable": "55",
    "Word": "15",
    "RDate": "20220721",
    "Aspects": [
      {
        "Aspect": "기능",
        "SentimentText": " 작동 잘되고 시원한 바람이 솔솔 잘 불어와서 만족해요~",
        "SentimentWord": "8",
        "SentimentPolarity": "1"
      },
      {
        "Aspect": "제조일/제조사",
        "SentimentText": "근데 제조일이 최신이 아니라 좀 아쉽네요 ㅠ",
        "SentimentWord": "7",
        "SentimentPolarity": "-1"
      }
    ]
  },
  {
    "Index": "37764",
    "RawText": "10단조절이 가능하고 무풍 제품이라는 점이 마음에 듭니다. 소음이 적어 밤에 켜두고 잠 자기에도 좋네요.",
    "Source": "쇼핑몰",
    "Domain": "가전",
    "MainCategory": "계절가전",
    "ProductName": "다이슨 AM-07 에어멀티플라이어 일반구매",
    "ReviewScore": "5",
    "Syllable": "58",
    "Word": "14",
    "RDate": "20210624",
    "GeneralPolarity": "1",
    "Aspects": [
      {
        "Aspect": "기능",
        "SentimentText": "10단조절이 가능하고 무풍 제품이라는 점이 마음에 듭니다.",
        "SentimentWord": "7",
        "SentimentPolarity": "1"
      },
      {
        "Aspect": "소음",
        "SentimentText": "소음이 적어 밤에 켜두고 잠 자기에도 좋네요.",
        "SentimentWord": "7",
        "SentimentPolarity": "1"
      }
    ]
  },
  {
    "Index": "37766",
    "RawText": "바람세기가 커질수록 소음이 심해져요  선풍기 바람이 바닥 쪽으로는 안와서 편히 누워 바람을 쐴 수 없으니 불편해요 ㅠ  회전도 부드럽게 안되네요 ㅠ",
    "Source": "쇼핑몰",
    "Domain": "가전",
    "MainCategory": "계절가전",
    "ProductName": "다이슨 AM-07 에어멀티플라이어 일반구매",
    "ReviewScore": "4",
    "Syllable": "82",
    "Word": "21",
    "RDate": "20170717",
    "GeneralPolarity": "-1",
    "Aspects": [
      {
        "Aspect": "소음",
        "SentimentText": "바람세기가 커질수록 소음이 심해져요",
        "SentimentWord": "4",
        "SentimentPolarity": "-1"
      },
      {
        "Aspect": "기능",
        "SentimentText": "회전도 부드럽게 안되네요 ㅠ",
        "SentimentWord": "4",
        "SentimentPolarity": "-1"
      },
      {
        "Aspect": "편의성",
        "SentimentText": "선풍기 바람이 바닥 쪽으로는 안와서 편히 누워 바람을 쐴 수 없으니 불편해요 ㅠ",
        "SentimentWord": "13",
        "SentimentPolarity": "-1"
      }
    ]
  },
  {
    "Index": "37767",
    "RawText": "소음은 3단까지는 거의 못 느끼는데 4단부터는 소리가 커지는거 같아요ㅜ 3단만 틀어도 소파까지 바람은 오지만 성능이 일반선풍기처럼 에어컨과 같이 사용해야만  시원해서 아쉬워요... 가격대비 가성비 너무 별로네요 기대에 못 미쳐서 실망했어요",
    "Source": "쇼핑몰",
    "Domain": "가전",
    "MainCategory": "계절가전",
    "ProductName": "다이슨 AM-07 에어멀티플라이어 일반구매",
    "ReviewScore": "4",
    "Syllable": "133",
    "Word": "29",
    "RDate": "20170712",
    "GeneralPolarity": "-1",
    "Aspects": [
      {
        "Aspect": "소음",
        "SentimentText": "소음은 3단까지는 거의 못 느끼는데 4단부터는 소리가 커지는거 같아요ㅜ",
        "SentimentWord": "9",
        "SentimentPolarity": "0"
      },
      {
        "Aspect": "기능",
        "SentimentText": "3단만 틀어도 소파까지 바람은 오지만 성능이 일반선풍기처럼 에어컨과 같이 사용해야만  시원해서 아쉬워요... ",
        "SentimentWord": "12",
        "SentimentPolarity": "-1"
      },
      {
        "Aspect": "가격",
        "SentimentText": "가격대비 가성비 너무 별로네요 기대에 못 미쳐서 실망했어요",
        "SentimentWord": "8",
        "SentimentPolarity": "-1"
      }
    ]
  },
  {
    "Index": "37768",
    "RawText": "높은 가격에 구입을 했다는 점이 아쉽습니다. 디자인이 예뻐서 인테리어 효과에 좋아 만족합니다. 하지만 작동시 소음이 상당히 커서 마음에 들지 않아요.",
    "Source": "쇼핑몰",
    "Domain": "가전",
    "MainCategory": "계절가전",
    "ProductName": "다이슨 AM-07 에어멀티플라이어 일반구매",
    "ReviewScore": "5",
    "Syllable": "83",
    "Word": "20",
    "RDate": "20170612",
    "GeneralPolarity": "-1",
    "Aspects": [
      {
        "Aspect": "가격",
        "SentimentText": "높은 가격에 구입을 했다는 점이 아쉽습니다.",
        "SentimentWord": "6",
        "SentimentPolarity": "-1"
      },
      {
        "Aspect": "디자인",
        "SentimentText": "디자인이 예뻐서 인테리어 효과에 좋아 만족합니다.",
        "SentimentWord": "6",
        "SentimentPolarity": "1"
      },
      {
        "Aspect": "소음",
        "SentimentText": "작동시 소음이 상당히 커서 마음에 들지 않아요.",
        "SentimentWord": "7",
        "SentimentPolarity": "-1"
      }
    ]
  },
  {
    "Index": "37770",
    "RawText": "소음이 좀 있어서 아쉽습니다. 날개가 없어 안전하게 사용할 수 있다는 점이 마음에 드네요. 청소가 쉬워서 편리합니다.",
    "Source": "쇼핑몰",
    "Domain": "가전",
    "MainCategory": "계절가전",
    "ProductName": "다이슨 AM-07 에어멀티플라이어 일반구매",
    "ReviewScore": "5",
    "Syllable": "65",
    "Word": "16",
    "RDate": "20180721",
    "GeneralPolarity": "1",
    "Aspects": [
      {
        "Aspect": "소음",
        "SentimentText": "소음이 좀 있어서 아쉽습니다.",
        "SentimentWord": "4",
        "SentimentPolarity": "-1"
      },
      {
        "Aspect": "디자인",
        "SentimentText": "날개가 없어 안전하게 사용할 수 있다는 점이 마음에 드네요.",
        "SentimentWord": "9",
        "SentimentPolarity": "1"
      },
      {
        "Aspect": "편의성",
        "SentimentText": "청소가 쉬워서 편리합니다.",
        "SentimentWord": "3",
        "SentimentPolarity": "1"
      }
    ]
  },
  {
    "Index": "37771",
    "RawText": "단계를 올릴수록 소음이 계속 있고 켤때도 소음이 있어요 ㅠㅠ  제품은 얇아서 무겁지 않고 좋네요",
    "Source": "쇼핑몰",
    "Domain": "가전",
    "MainCategory": "계절가전",
    "ProductName": "다이슨 AM-07 에어멀티플라이어 일반구매",
    "ReviewScore": "3",
    "Syllable": "53",
    "Word": "14",
    "RDate": "20220612",
    "GeneralPolarity": "0",
    "Aspects": [
      {
        "Aspect": "소음",
        "SentimentText": "단계를 올릴수록 소음이 계속 있고 켤때도 소음이 있어요 ㅠㅠ",
        "SentimentWord": "9",
        "SentimentPolarity": "-1"
      },
      {
        "Aspect": "무게",
        "SentimentText": "제품은 얇아서 무겁지 않고 좋네요",
        "SentimentWord": "5",
        "SentimentPolarity": "1"
      }
    ]
  },
  {
    "Index": "37772",
    "RawText": "배송기간이 오래걸려 아쉽습니다. 디자인이 예뻐서 인테리어 효과에 좋아요. 빛 밝기조절이 잘 되어 아주 마음에 듭니다!!!",
    "Source": "쇼핑몰",
    "Domain": "가전",
    "MainCategory": "계절가전",
    "ProductName": "다이슨 AM-07 에어멀티플라이어 일반구매",
    "ReviewScore": "5",
    "Syllable": "67",
    "Word": "15",
    "RDate": "20220527",
    "Aspects": [
      {
        "Aspect": "디자인",
        "SentimentText": "디자인이 예뻐서 인테리어 효과에 좋아요.",
        "SentimentWord": "5",
        "SentimentPolarity": "1"
      },
      {
        "Aspect": "기능",
        "SentimentText": "빛 밝기조절이 잘 되어 아주 마음에 듭니다!!!",
        "SentimentWord": "7",
        "SentimentPolarity": "1"
      }
    ]
  },
  {
    "Index": "37773",
    "RawText": "저렴한 가격에 구입을 해서 만족합니다. 디자인이 깔끔해서 인테리어 효과가 있습니다. 소음도 조용한 편이라 좋네요. 제품보증기간이 긴 편이라 마음에 들어요.",
    "Source": "쇼핑몰",
    "Domain": "가전",
    "MainCategory": "계절가전",
    "ProductName": "다이슨 AM-07 에어멀티플라이어 일반구매",
    "ReviewScore": "5",
    "Syllable": "86",
    "Word": "19",
    "RDate": "20160614",
    "Aspects": [
      {
        "Aspect": "가격",
        "SentimentText": "저렴한 가격에 구입을 해서 만족합니다.",
        "SentimentWord": "5",
        "SentimentPolarity": "1"
      },
      {
        "Aspect": "디자인",
        "SentimentText": "디자인이 깔끔해서 인테리어 효과가 있습니다.",
        "SentimentWord": "5",
        "SentimentPolarity": "1"
      },
      {
        "Aspect": "소음",
        "SentimentText": "소음도 조용한 편이라 좋네요.",
        "SentimentWord": "4",
        "SentimentPolarity": "1"
      }
    ]
  },
  {
    "Index": "37774",
    "RawText": "OO마트에서 80만원대에 판매하는 제품인데 훨씬 저렴한 가격에 득템했어요  디자인이 세련되서 너무 예쁘고 거실에 잘 어울려 인테리어 효과도 있네요^^",
    "Source": "쇼핑몰",
    "Domain": "가전",
    "MainCategory": "계절가전",
    "ProductName": "다이슨 AM-07 에어멀티플라이어 일반구매",
    "ReviewScore": "4",
    "Syllable": "83",
    "Word": "18",
    "RDate": "20160913",
    "Aspects": [
      {
        "Aspect": "가격",
        "SentimentText": "OO마트에서 80만원대에 판매하는 제품인데 훨씬 저렴한 가격에 득템했어요",
        "SentimentWord": "8",
        "SentimentPolarity": "1"
      },
      {
        "Aspect": "디자인",
        "SentimentText": "디자인이 세련되서 너무 예쁘고 거실에 잘 어울려 인테리어 효과도 있네요^^",
        "SentimentWord": "10",
        "SentimentPolarity": "1"
      }
    ]
  },
  {
    "Index": "37776",
    "RawText": "소문대로 역시 선풍기는 000가 최고!  독특한 디자인이 마음에 듭니다.",
    "Source": "쇼핑몰",
    "Domain": "가전",
    "MainCategory": "계절가전",
    "ProductName": "다이슨 AM-07 에어멀티플라이어 일반구매",
    "ReviewScore": "5",
    "Syllable": "40",
    "Word": "9",
    "RDate": "20210612",
    "GeneralPolarity": "1",
    "Aspects": [
      {
        "Aspect": "제조일/제조사",
        "SentimentText": "소문대로 역시 선풍기는 000가 최고!",
        "SentimentWord": "5",
        "SentimentPolarity": "1"
      },
      {
        "Aspect": "디자인",
        "SentimentText": "독특한 디자인이 마음에 듭니다.",
        "SentimentWord": "4",
        "SentimentPolarity": "1"
      }
    ]
  },
  {
    "Index": "37777",
    "RawText": "디자인이 다른 선풍기와는 차별화되어있어 개성있어 좋아요 날개도 없는데 바람은 세게 잘 나와서 만족스러워요 가격이 비싸지만",
    "Source": "쇼핑몰",
    "Domain": "가전",
    "MainCategory": "계절가전",
    "ProductName": "다이슨 AM-07 에어멀티플라이어 일반구매",
    "ReviewScore": "5",
    "Syllable": "67",
    "Word": "15",
    "RDate": "20200208",
    "GeneralPolarity": "0",
    "Aspects": [
      {
        "Aspect": "디자인",
        "SentimentText": "디자인이 다른 선풍기와는 차별화되어있어 개성있어 좋아요",
        "SentimentWord": "6",
        "SentimentPolarity": "1"
      },
      {
        "Aspect": "기능",
        "SentimentText": "날개도 없는데 바람은 세게 잘 나와서 만족스러워요",
        "SentimentWord": "7",
        "SentimentPolarity": "1"
      },
      {
        "Aspect": "가격",
        "SentimentText": "가격이 비싸지만",
        "SentimentWord": "2",
        "SentimentPolarity": "-1"
      }
    ]
  },
  {
    "Index": "37778",
    "RawText": "비싼 가격에 구입을 해서 아쉬워요. 고급스럽지 않은 디자인이 솔직히 아쉽습니다. 자연바람처럼 느껴져 마음에 드네요.",
    "Source": "쇼핑몰",
    "Domain": "가전",
    "MainCategory": "계절가전",
    "ProductName": "다이슨 AM-07 에어멀티플라이어 일반구매",
    "ReviewScore": "4",
    "Syllable": "64",
    "Word": "14",
    "RDate": "20170726",
    "GeneralPolarity": "-1",
    "Aspects": [
      {
        "Aspect": "가격",
        "SentimentText": "비싼 가격에 구입을 해서 아쉬워요.",
        "SentimentWord": "5",
        "SentimentPolarity": "-1"
      },
      {
        "Aspect": "디자인",
        "SentimentText": "고급스럽지 않은 디자인이 솔직히 아쉽습니다.",
        "SentimentWord": "5",
        "SentimentPolarity": "-1"
      },
      {
        "Aspect": "기능",
        "SentimentText": "자연바람처럼 느껴져 마음에 드네요.",
        "SentimentWord": "4",
        "SentimentPolarity": "1"
      }
    ]
  },
  {
    "Index": "37779",
    "RawText": "가격이 너무 비싸서 부담이 커요. 소음은 작은 편은 아니지만 거슬리지 않습니다. 청소는 용이하니 편리합니다.",
    "Source": "쇼핑몰",
    "Domain": "가전",
    "MainCategory": "계절가전",
    "ProductName": "다이슨 AM-07 에어멀티플라이어 일반구매",
    "ReviewScore": "4",
    "Syllable": "60",
    "Word": "14",
    "RDate": "20220605",
    "GeneralPolarity": "0",
    "Aspects": [
      {
        "Aspect": "가격",
        "SentimentText": "가격이 너무 비싸서 부담이 커요.",
        "SentimentWord": "5",
        "SentimentPolarity": "-1"
      },
      {
        "Aspect": "소음",
        "SentimentText": "소음은 작은 편은 아니지만 거슬리지 않습니다.",
        "SentimentWord": "6",
        "SentimentPolarity": "0"
      },
      {
        "Aspect": "편의성",
        "SentimentText": "청소는 용이하니 편리합니다.",
        "SentimentWord": "3",
        "SentimentPolarity": "1"
      }
    ]
  },
  {
    "Index": "37780",
    "RawText": "가격은 비싸서 아쉬워요  그런데 모터 돌아가는 소음이 있어서 아쉽네요",
    "Source": "쇼핑몰",
    "Domain": "가전",
    "MainCategory": "계절가전",
    "ProductName": "다이슨 AM-07 에어멀티플라이어 일반구매",
    "ReviewScore": "4",
    "Syllable": "38",
    "Word": "9",
    "RDate": "20160610",
    "Aspects": [
      {
        "Aspect": "가격",
        "SentimentText": "가격은 비싸서 아쉬워요",
        "SentimentWord": "3",
        "SentimentPolarity": "-1"
      },
      {
        "Aspect": "소음",
        "SentimentText": "그런데 모터 돌아가는 소음이 있어서 아쉽네요",
        "SentimentWord": "6",
        "SentimentPolarity": "-1"
      }
    ]
  },
  {
    "Index": "37781",
    "RawText": "에어컨과 함께 사용하고 있는 중인데 이동이 편리하고 청소관리가 정말 쉽습니다. 소음은 조금 있지만 귀에 거슬리는 편은 아니에요.",
    "Source": "쇼핑몰",
    "Domain": "가전",
    "MainCategory": "계절가전",
    "ProductName": "다이슨 AM-07 에어멀티플라이어 일반구매",
    "ReviewScore": "5",
    "Syllable": "71",
    "Word": "17",
    "RDate": "20220627",
    "GeneralPolarity": "1",
    "Aspects": [
      {
        "Aspect": "편의성",
        "SentimentText": "이동이 편리하고 청소관리가 정말 쉽습니다.",
        "SentimentWord": "5",
        "SentimentPolarity": "1"
      },
      {
        "Aspect": "소음",
        "SentimentText": "소음은 조금 있지만 귀에 거슬리는 편은 아니에요.",
        "SentimentWord": "7",
        "SentimentPolarity": "0"
      }
    ]
  },
  {
    "Index": "37782",
    "RawText": "가격이 비싸서 아쉽네요  작동시 소음이 있어요  시원한 바람은 잘 나와요~  ",
    "Source": "쇼핑몰",
    "Domain": "가전",
    "MainCategory": "계절가전",
    "ProductName": "다이슨 AM-07 에어멀티플라이어 일반구매",
    "ReviewScore": "5",
    "Syllable": "43",
    "Word": "10",
    "RDate": "20210810",
    "GeneralPolarity": "0",
    "Aspects": [
      {
        "Aspect": "가격",
        "SentimentText": "가격이 비싸서 아쉽네요",
        "SentimentWord": "3",
        "SentimentPolarity": "-1"
      },
      {
        "Aspect": "소음",
        "SentimentText": "작동시 소음이 있어요",
        "SentimentWord": "3",
        "SentimentPolarity": "-1"
      },
      {
        "Aspect": "기능",
        "SentimentText": "시원한 바람은 잘 나와요~",
        "SentimentWord": "4",
        "SentimentPolarity": "1"
      }
    ]
  },
  {
    "Index": "37783",
    "RawText": "디자인이 깔끔해서 인테리어 효과 있어요. 가벼운 무게가 마음에 드네요. 10단 바람조절이 가능한 점이 마음에 들어 한대 더 구입해 사용하고 있어요.-",
    "Source": "쇼핑몰",
    "Domain": "가전",
    "MainCategory": "계절가전",
    "ProductName": "다이슨 AM-07 에어멀티플라이어 일반구매",
    "ReviewScore": "5",
    "Syllable": "83",
    "Word": "20",
    "RDate": "20220624",
    "GeneralPolarity": "1",
    "Aspects": [
      {
        "Aspect": "디자인",
        "SentimentText": "디자인이 깔끔해서 인테리어 효과 있어요.",
        "SentimentWord": "5",
        "SentimentPolarity": "1"
      },
      {
        "Aspect": "무게",
        "SentimentText": "가벼운 무게가 마음에 드네요.",
        "SentimentWord": "4",
        "SentimentPolarity": "1"
      },
      {
        "Aspect": "기능",
        "SentimentText": "10단 바람조절이 가능한 점이 마음에 들어 한대 더 구입해 사용하고 있어요.-",
        "SentimentWord": "11",
        "SentimentPolarity": "1"
      }
    ]
  },
  {
    "Index": "37784",
    "RawText": "소음이 적은 편은 아니나 거슬리지 않는 정도입니다. 바람세기도 마음에 들어 추천합니다.",
    "Source": "쇼핑몰",
    "Domain": "가전",
    "MainCategory": "계절가전",
    "ProductName": "다이슨 AM-07 에어멀티플라이어 일반구매",
    "ReviewScore": "5",
    "Syllable": "48",
    "Word": "11",
    "RDate": "20170728",
    "GeneralPolarity": "0",
    "Aspects": [
      {
        "Aspect": "소음",
        "SentimentText": "소음이 적은 편은 아니나 거슬리지 않는 정도입니다.",
        "SentimentWord": "7",
        "SentimentPolarity": "0"
      },
      {
        "Aspect": "기능",
        "SentimentText": "바람세기도 마음에 들어 추천합니다.",
        "SentimentWord": "4",
        "SentimentPolarity": "1"
      }
    ]
  },
  {
    "Index": "37785",
    "RawText": "00브랜드의 깔끔한 디자인이 마음에 듭니다ㅋㅋ 바람세기는 예상대로 조금 약하지만 나쁘지 않아요. 배송이 너무 늦게와서 아쉽네요ㅜㅜ",
    "Source": "쇼핑몰",
    "Domain": "가전",
    "MainCategory": "계절가전",
    "ProductName": "다이슨 AM-07 에어멀티플라이어 일반구매",
    "ReviewScore": "5",
    "Syllable": "72",
    "Word": "15",
    "RDate": "20210524",
    "Aspects": [
      {
        "Aspect": "디자인",
        "SentimentText": "00브랜드의 깔끔한 디자인이 마음에 듭니다ㅋㅋ",
        "SentimentWord": "5",
        "SentimentPolarity": "1"
      },
      {
        "Aspect": "기능",
        "SentimentText": "바람세기는 예상대로 조금 약하지만 나쁘지 않아요.",
        "SentimentWord": "6",
        "SentimentPolarity": "0"
      }
    ]
  },
  {
    "Index": "37787",
    "RawText": "집에 인테리어 하기 좋은 디자인이네요^^  작동시 소음도 작고 만족합니다",
    "Source": "쇼핑몰",
    "Domain": "가전",
    "MainCategory": "계절가전",
    "ProductName": "다이슨 AM-07 에어멀티플라이어 일반구매",
    "ReviewScore": "4",
    "Syllable": "40",
    "Word": "9",
    "RDate": "20210515",
    "GeneralPolarity": "1",
    "Aspects": [
      {
        "Aspect": "디자인",
        "SentimentText": "집에 인테리어 하기 좋은 디자인이네요^^",
        "SentimentWord": "5",
        "SentimentPolarity": "1"
      },
      {
        "Aspect": "소음",
        "SentimentText": "작동시 소음도 작고 만족합니다",
        "SentimentWord": "4",
        "SentimentPolarity": "1"
      }
    ]
  },
  {
    "Index": "37788",
    "RawText": "깔끔한 디자인이 거실 인테리어 효과에 좋아 만족합니다. 더운 날씨에 정말 시원한 바람이 기분을 좋게 해주네요.  ",
    "Source": "쇼핑몰",
    "Domain": "가전",
    "MainCategory": "계절가전",
    "ProductName": "다이슨 AM-07 에어멀티플라이어 일반구매",
    "ReviewScore": "4",
    "Syllable": "63",
    "Word": "15",
    "RDate": "20210719",
    "GeneralPolarity": "1",
    "Aspects": [
      {
        "Aspect": "디자인",
        "SentimentText": "깔끔한 디자인이 거실 인테리어 효과에 좋아 만족합니다.",
        "SentimentWord": "7",
        "SentimentPolarity": "1"
      },
      {
        "Aspect": "기능",
        "SentimentText": "시원한 바람이 기분을 좋게 해주네요.",
        "SentimentWord": "5",
        "SentimentPolarity": "1"
      }
    ]
  },
  {
    "Index": "37789",
    "RawText": "바람 단계조절이 가능해 편리합니다. 구형 제품에 비해 신형 제품의 소음은 아주 큰 편이 아니라 사용하기 괜찮아요.",
    "Source": "쇼핑몰",
    "Domain": "가전",
    "MainCategory": "계절가전",
    "ProductName": "다이슨 AM-07 에어멀티플라이어 일반구매",
    "ReviewScore": "4",
    "Syllable": "63",
    "Word": "16",
    "RDate": "20170724",
    "GeneralPolarity": "0",
    "Aspects": [
      {
        "Aspect": "기능",
        "SentimentText": "바람 단계조절이 가능해 편리합니다.",
        "SentimentWord": "4",
        "SentimentPolarity": "1"
      },
      {
        "Aspect": "소음",
        "SentimentText": "소음은 아주 큰 편이 아니라 사용하기 괜찮아요.",
        "SentimentWord": "7",
        "SentimentPolarity": "0"
      }
    ]
  },
  {
    "Index": "37791",
    "RawText": "검정색이 품절이라 어쩔수없이 흰색 구매했는데 장난감같은 색이라 별로에요. 날개없는 제품을 원했기에 마음에 듭니다.",
    "Source": "쇼핑몰",
    "Domain": "가전",
    "MainCategory": "계절가전",
    "ProductName": "다이슨 AM-07 에어멀티플라이어 일반구매",
    "ReviewScore": "4",
    "Syllable": "63",
    "Word": "13",
    "RDate": "20170721",
    "GeneralPolarity": "0",
    "Aspects": [
      {
        "Aspect": "색상",
        "SentimentText": "검정색이 품절이라 어쩔수없이 흰색 구매했는데 장난감같은 색이라 별로에요.",
        "SentimentWord": "8",
        "SentimentPolarity": "-1"
      },
      {
        "Aspect": "디자인",
        "SentimentText": "날개없는 제품을 원했기에 마음에 듭니다.",
        "SentimentWord": "5",
        "SentimentPolarity": "1"
      }
    ]
  },
  {
    "Index": "37792",
    "RawText": "집에 두니 디자인이 고급스럽고 좋아보이네요^^  엄청 빠른 배송 감사해요~^^  자연 바람같아서 바람세기도 적당해서 좋아요",
    "Source": "쇼핑몰",
    "Domain": "가전",
    "MainCategory": "계절가전",
    "ProductName": "다이슨 AM-07 에어멀티플라이어 일반구매",
    "ReviewScore": "5",
    "Syllable": "68",
    "Word": "14",
    "RDate": "20210303",
    "Aspects": [
      {
        "Aspect": "디자인",
        "SentimentText": "집에 두니 디자인이 고급스럽고 좋아보이네요^^",
        "SentimentWord": "5",
        "SentimentPolarity": "1"
      },
      {
        "Aspect": "기능",
        "SentimentText": "자연 바람같아서 바람세기도 적당해서 좋아요",
        "SentimentWord": "5",
        "SentimentPolarity": "1"
      }
    ]
  },
  {
    "Index": "37794",
    "RawText": "타사 제품과 함께 00제품을 구매 했는데 비싼 가격이 아쉽습니다. 별로 시원하지 않아서 마음에 들지 않네요.",
    "Source": "쇼핑몰",
    "Domain": "가전",
    "MainCategory": "계절가전",
    "ProductName": "다이슨 AM-07 에어멀티플라이어 일반구매",
    "ReviewScore": "3",
    "Syllable": "60",
    "Word": "15",
    "RDate": "20210611",
    "GeneralPolarity": "-1",
    "Aspects": [
      {
        "Aspect": "가격",
        "SentimentText": "비싼 가격이 아쉽습니다.",
        "SentimentWord": "3",
        "SentimentPolarity": "-1"
      },
      {
        "Aspect": "기능",
        "SentimentText": "별로 시원하지 않아서 마음에 들지 않네요.",
        "SentimentWord": "6",
        "SentimentPolarity": "-1"
      }
    ]
  },
  {
    "Index": "37795",
    "RawText": "디자인이 깔끔해서 마음에 듭니다. 소음이 크지만... 그러려니 하고 사용하고 있습니다 ㅎㅎ",
    "Source": "쇼핑몰",
    "Domain": "가전",
    "MainCategory": "계절가전",
    "ProductName": "다이슨 AM-07 에어멀티플라이어 일반구매",
    "ReviewScore": "3",
    "Syllable": "50",
    "Word": "11",
    "RDate": "20200718",
    "GeneralPolarity": "0",
    "Aspects": [
      {
        "Aspect": "디자인",
        "SentimentText": "디자인이 깔끔해서 마음에 듭니다.",
        "SentimentWord": "4",
        "SentimentPolarity": "1"
      },
      {
        "Aspect": "소음",
        "SentimentText": "소음이 크지만... 그러려니 하고 사용하고 있습니다 ㅎㅎ",
        "SentimentWord": "7",
        "SentimentPolarity": "0"
      }
    ]
  },
  {
    "Index": "37796",
    "RawText": "비슷해 보이는 제품보단 가격이 비싸서 맘에 안들고 아쉽네요  크기에 비해 무게가 가벼워 딱히 마음엔 들지 않네요",
    "Source": "쇼핑몰",
    "Domain": "가전",
    "MainCategory": "계절가전",
    "ProductName": "다이슨 AM-07 에어멀티플라이어 일반구매",
    "ReviewScore": "4",
    "Syllable": "62",
    "Word": "16",
    "RDate": "20220624",
    "GeneralPolarity": "-1",
    "Aspects": [
      {
        "Aspect": "가격",
        "SentimentText": "비슷해 보이는 제품보단 가격이 비싸서 맘에 안들고 아쉽네요",
        "SentimentWord": "8",
        "SentimentPolarity": "-1"
      },
      {
        "Aspect": "무게",
        "SentimentText": "크기에 비해 무게가 가벼워 딱히 마음엔 들지 않네요",
        "SentimentWord": "8",
        "SentimentPolarity": "-1"
      }
    ]
  },
  {
    "Index": "37800",
    "RawText": "빠른 배송에 만족합니다. 00브랜드 날개없는 디자인이 집 안 어디에 두어도 깔끔하게 잘 어울립니다. 생각보다 소음이 적은 편이라 마음에 듭니다. 시원한 바람으로 기분이 좋습니다.",
    "Source": "쇼핑몰",
    "Domain": "가전",
    "MainCategory": "계절가전",
    "ProductName": "다이슨 AM-07 에어멀티플라이어 일반구매",
    "ReviewScore": "5",
    "Syllable": "99",
    "Word": "23",
    "RDate": "20160905",
    "GeneralPolarity": "1",
    "Aspects": [
      {
        "Aspect": "디자인",
        "SentimentText": "00브랜드 날개없는 디자인이 집 안 어디에 두어도 깔끔하게 잘 어울립니다.",
        "SentimentWord": "10",
        "SentimentPolarity": "1"
      },
      {
        "Aspect": "소음",
        "SentimentText": "생각보다 소음이 적은 편이라 마음에 듭니다.",
        "SentimentWord": "6",
        "SentimentPolarity": "1"
      }
    ]
  },
  {
    "Index": "37801",
    "RawText": "날개없는 제품하면 000 브랜드라 믿고 구매했는데 역시 실망시키지 않네요~! 아이언 블루 색상이 더 시원해보이고 지금 이 계절과도 잘 어울려요 택배 받았을때 브랜드제품치곤 포장이 허술해서 실망스럽지만 그냥 사용할게요. ",
    "Source": "쇼핑몰",
    "Domain": "가전",
    "MainCategory": "계절가전",
    "ProductName": "다이슨 AM-07 에어멀티플라이어 일반구매",
    "ReviewScore": "5",
    "Syllable": "122",
    "Word": "27",
    "RDate": "20220528",
    "GeneralPolarity": "1",
    "Aspects": [
      {
        "Aspect": "제조일/제조사",
        "SentimentText": "날개없는 제품하면 000 브랜드라 믿고 구매했는데 역시 실망시키지 않네요~!",
        "SentimentWord": "9",
        "SentimentPolarity": "1"
      },
      {
        "Aspect": "색상",
        "SentimentText": "아이언 블루 색상이 더 시원해보이고 지금 이 계절과도 잘 어울려요",
        "SentimentWord": "10",
        "SentimentPolarity": "1"
      }
    ]
  },
  {
    "Index": "37802",
    "RawText": "날개가 없는 디자인이 어린아이에게 안전해보이지만 높은 길이감이 넘어질까 위험해보여요. 000브랜드만 믿고 구매한건데 다른 선풍기와 다를바가 없어 실망이에요.",
    "Source": "쇼핑몰",
    "Domain": "가전",
    "MainCategory": "계절가전",
    "ProductName": "다이슨 AM-07 에어멀티플라이어 일반구매",
    "ReviewScore": "4",
    "Syllable": "87",
    "Word": "17",
    "RDate": "20170713",
    "GeneralPolarity": "0",
    "Aspects": [
      {
        "Aspect": "디자인",
        "SentimentText": "날개가 없는 디자인이 어린아이에게 안전해보이지만 높은 길이감이 넘어질까 위험해보여요.",
        "SentimentWord": "9",
        "SentimentPolarity": "0"
      },
      {
        "Aspect": "제조일/제조사",
        "SentimentText": "000브랜드만 믿고 구매한건데 다른 선풍기와 다를바가 없어 실망이에요.",
        "SentimentWord": "8",
        "SentimentPolarity": "-1"
      }
    ]
  },
  {
    "Index": "37803",
    "RawText": "빠른 배송해주셔서 감사해요~  슬림한 디자인이 예뻐요  바람도 시원하게 잘~~ 나옵니다^^",
    "Source": "쇼핑몰",
    "Domain": "가전",
    "MainCategory": "계절가전",
    "ProductName": "다이슨 AM-07 에어멀티플라이어 일반구매",
    "ReviewScore": "5",
    "Syllable": "50",
    "Word": "10",
    "RDate": "20180725",
    "Aspects": [
      {
        "Aspect": "디자인",
        "SentimentText": "슬림한 디자인이 예뻐요",
        "SentimentWord": "3",
        "SentimentPolarity": "1"
      },
      {
        "Aspect": "기능",
        "SentimentText": "바람도 시원하게 잘~~ 나옵니다^^",
        "SentimentWord": "4",
        "SentimentPolarity": "1"
      }
    ]
  },
  {
    "Index": "37804",
    "RawText": "날개가 없는 제품이라 고양이들 키우는 집에서 사용하기 편리해요. 램프색상이 자동으로 바뀌니 예쁘네요.",
    "Source": "쇼핑몰",
    "Domain": "가전",
    "MainCategory": "계절가전",
    "ProductName": "다이슨 AM-07 에어멀티플라이어 일반구매",
    "ReviewScore": "5",
    "Syllable": "56",
    "Word": "12",
    "RDate": "20170426",
    "GeneralPolarity": "1",
    "Aspects": [
      {
        "Aspect": "편의성",
        "SentimentText": "날개가 없는 제품이라 고양이들 키우는 집에서 사용하기 편리해요.",
        "SentimentWord": "8",
        "SentimentPolarity": "1"
      },
      {
        "Aspect": "기능",
        "SentimentText": "램프색상이 자동으로 바뀌니 예쁘네요.",
        "SentimentWord": "4",
        "SentimentPolarity": "1"
      }
    ]
  },
  {
    "Index": "37805",
    "RawText": "비싼 값만큼 디자인이 고급스럽고 예뻐요  설치도 진짜 쉽고 간편하게 할 수 있어요  소음은 제법 있네요",
    "Source": "쇼핑몰",
    "Domain": "가전",
    "MainCategory": "계절가전",
    "ProductName": "다이슨 AM-07 에어멀티플라이어 일반구매",
    "ReviewScore": "5",
    "Syllable": "57",
    "Word": "15",
    "RDate": "20210613",
    "GeneralPolarity": "1",
    "Aspects": [
      {
        "Aspect": "디자인",
        "SentimentText": "비싼 값만큼 디자인이 고급스럽고 예뻐요",
        "SentimentWord": "5",
        "SentimentPolarity": "1"
      },
      {
        "Aspect": "조작성",
        "SentimentText": "설치도 진짜 쉽고 간편하게 할 수 있어요",
        "SentimentWord": "7",
        "SentimentPolarity": "1"
      },
      {
        "Aspect": "소음",
        "SentimentText": "소음은 제법 있네요",
        "SentimentWord": "3",
        "SentimentPolarity": "-1"
      }
    ]
  },
  {
    "Index": "37806",
    "RawText": "바람이 정말 세고 시원해서 마음에 드네요. 고급스러운 외관이 너무 예뻐요. 역시 000이네요. 다른가전제품 구입할때도 000브랜드제품으로 구입하렵니다.",
    "Source": "쇼핑몰",
    "Domain": "가전",
    "MainCategory": "계절가전",
    "ProductName": "다이슨 AM-07 에어멀티플라이어 일반구매",
    "ReviewScore": "5",
    "Syllable": "84",
    "Word": "16",
    "RDate": "20220608",
    "GeneralPolarity": "1",
    "Aspects": [
      {
        "Aspect": "기능",
        "SentimentText": "바람이 정말 세고 시원해서 마음에 드네요.",
        "SentimentWord": "6",
        "SentimentPolarity": "1"
      },
      {
        "Aspect": "디자인",
        "SentimentText": "고급스러운 외관이 너무 예뻐요.",
        "SentimentWord": "4",
        "SentimentPolarity": "1"
      },
      {
        "Aspect": "제조일/제조사",
        "SentimentText": "역시 000이네요.",
        "SentimentWord": "2",
        "SentimentPolarity": "1"
      }
    ]
  },
  {
    "Index": "37807",
    "RawText": "날개 없어 먼지걱정 없고 좁은공간에서 편리하게 쓸 수 있어 만족스러워요  바람도 단계별로 잘나오고 시원해요~",
    "Source": "쇼핑몰",
    "Domain": "가전",
    "MainCategory": "계절가전",
    "ProductName": "다이슨 AM-07 에어멀티플라이어 일반구매",
    "ReviewScore": "5",
    "Syllable": "60",
    "Word": "14",
    "RDate": "20220617",
    "GeneralPolarity": "1",
    "Aspects": [
      {
        "Aspect": "편의성",
        "SentimentText": "날개 없어 먼지걱정 없고 좁은공간에서 편리하게 쓸 수 있어 만족스러워요",
        "SentimentWord": "10",
        "SentimentPolarity": "1"
      },
      {
        "Aspect": "기능",
        "SentimentText": "바람도 단계별로 잘나오고 시원해요~",
        "SentimentWord": "4",
        "SentimentPolarity": "1"
      }
    ]
  },
  {
    "Index": "37808",
    "RawText": "정말 저렴한 가격에 구입해서 만족합니다. 디자인이 깔끔해서 저희 집 다른 가전제품과 너무 잘 어울리고 최고입니다!",
    "Source": "쇼핑몰",
    "Domain": "가전",
    "MainCategory": "계절가전",
    "ProductName": "다이슨 AM-07 에어멀티플라이어 일반구매",
    "ReviewScore": "5",
    "Syllable": "63",
    "Word": "15",
    "RDate": "20170523",
    "GeneralPolarity": "1",
    "Aspects": [
      {
        "Aspect": "가격",
        "SentimentText": "정말 저렴한 가격에 구입해서 만족합니다.",
        "SentimentWord": "5",
        "SentimentPolarity": "1"
      },
      {
        "Aspect": "디자인",
        "SentimentText": "디자인이 깔끔해서 저희 집 다른 가전제품과 너무 잘 어울리고 최고입니다!",
        "SentimentWord": "10",
        "SentimentPolarity": "1"
      }
    ]
  },
  {
    "Index": "37809",
    "RawText": "심플하고 예뻐요 그자체만으로 디자인 굿!  단계 올릴수록 소음은 커서 아쉬워요",
    "Source": "쇼핑몰",
    "Domain": "가전",
    "MainCategory": "계절가전",
    "ProductName": "다이슨 AM-07 에어멀티플라이어 일반구매",
    "ReviewScore": "5",
    "Syllable": "43",
    "Word": "10",
    "RDate": "20210604",
    "GeneralPolarity": "0",
    "Aspects": [
      {
        "Aspect": "디자인",
        "SentimentText": "심플하고 예뻐요 그자체만으로 디자인 굿!",
        "SentimentWord": "5",
        "SentimentPolarity": "1"
      },
      {
        "Aspect": "소음",
        "SentimentText": "단계 올릴수록 소음은 커서 아쉬워요 ",
        "SentimentWord": "5",
        "SentimentPolarity": "-1"
      }
    ]
  },
  {
    "Index": "37810",
    "RawText": "자체만으로도 인테리어 효과가 있어서 디자인 굿이네요  거실에서 쓰기엔 작은편이라 아쉬워요 방에서 쓰는 걸 추천해요",
    "Source": "쇼핑몰",
    "Domain": "가전",
    "MainCategory": "계절가전",
    "ProductName": "다이슨 AM-07 에어멀티플라이어 일반구매",
    "ReviewScore": "5",
    "Syllable": "63",
    "Word": "14",
    "RDate": "20210512",
    "GeneralPolarity": "1",
    "Aspects": [
      {
        "Aspect": "디자인",
        "SentimentText": "자체만으로도 인테리어 효과가 있어서 디자인 굿이네요",
        "SentimentWord": "6",
        "SentimentPolarity": "1"
      },
      {
        "Aspect": "사이즈",
        "SentimentText": "거실에서 쓰기엔 작은편이라 아쉬워요 방에서 쓰는 걸 추천해요",
        "SentimentWord": "8",
        "SentimentPolarity": "0"
      }
    ]
  },
  {
    "Index": "37811",
    "RawText": "소음이 적어 아기 방에 놓았는데 마음에 드네요. 시원한 바람이 만족스러워서 한대 더 주문했어요.   ",
    "Source": "쇼핑몰",
    "Domain": "가전",
    "MainCategory": "계절가전",
    "ProductName": "다이슨 AM-07 에어멀티플라이어 일반구매",
    "ReviewScore": "5",
    "Syllable": "56",
    "Word": "13",
    "RDate": "20220608",
    "GeneralPolarity": "1",
    "Aspects": [
      {
        "Aspect": "소음",
        "SentimentText": "소음이 적어 아기 방에 놓았는데 마음에 드네요.",
        "SentimentWord": "7",
        "SentimentPolarity": "1"
      },
      {
        "Aspect": "기능",
        "SentimentText": "시원한 바람이 만족스러워서 한대 더 주문했어요.",
        "SentimentWord": "6",
        "SentimentPolarity": "1"
      }
    ]
  },
  {
    "Index": "37812",
    "RawText": "바람세기가 정말 세서 구입하길 잘했다는 생각이 드네요. ㅋㅋㅋ 비싼 가격이 흠이네요. 아이를 키우고 있어 안전하게 사용할수있어 좋아요. 다만 리모컨이 작아서 손에서 놓칠 위험이 있어요. 리모컨 버튼 사용도 너무 불편하네요.",
    "Source": "쇼핑몰",
    "Domain": "가전",
    "MainCategory": "계절가전",
    "ProductName": "다이슨 AM-07 에어멀티플라이어 일반구매",
    "ReviewScore": "5",
    "Syllable": "124",
    "Word": "29",
    "RDate": "20170608",
    "GeneralPolarity": "0",
    "Aspects": [
      {
        "Aspect": "기능",
        "SentimentText": "바람세기가 정말 세서 구입하길 잘했다는 생각이 드네요. ㅋㅋㅋ",
        "SentimentWord": "8",
        "SentimentPolarity": "1"
      },
      {
        "Aspect": "가격",
        "SentimentText": "비싼 가격이 흠이네요.",
        "SentimentWord": "3",
        "SentimentPolarity": "-1"
      },
      {
        "Aspect": "편의성",
        "SentimentText": "아이를 키우고 있어 안전하게 사용할수있어 좋아요.",
        "SentimentWord": "6",
        "SentimentPolarity": "1"
      },
      {
        "Aspect": "사이즈",
        "SentimentText": "다만 리모컨이 작아서 손에서 놓칠 위험이 있어요.",
        "SentimentWord": "7",
        "SentimentPolarity": "-1"
      },
      {
        "Aspect": "조작성",
        "SentimentText": "리모컨 버튼 사용도 너무 불편하네요.",
        "SentimentWord": "5",
        "SentimentPolarity": "-1"
      }
    ]
  },
  {
    "Index": "37813",
    "RawText": "제품이 무겁지 않아서 좋아요  회전반경도 넓지 않아서 바람손실이 적네요  소음도 없어서 좋아요!",
    "Source": "쇼핑몰",
    "Domain": "가전",
    "MainCategory": "계절가전",
    "ProductName": "다이슨 AM-07 에어멀티플라이어 일반구매",
    "ReviewScore": "5",
    "Syllable": "53",
    "Word": "12",
    "RDate": "20220619",
    "GeneralPolarity": "1",
    "Aspects": [
      {
        "Aspect": "무게",
        "SentimentText": "제품이 무겁지 않아서 좋아요",
        "SentimentWord": "4",
        "SentimentPolarity": "1"
      },
      {
        "Aspect": "기능",
        "SentimentText": "회전반경도 넓지 않아서 바람손실이 적네요",
        "SentimentWord": "5",
        "SentimentPolarity": "1"
      },
      {
        "Aspect": "소음",
        "SentimentText": "소음도 없어서 좋아요!",
        "SentimentWord": "3",
        "SentimentPolarity": "1"
      }
    ]
  },
  {
    "Index": "37815",
    "RawText": "저렴한 가격에 구입해서 마음에 듭니다. 가벼운 무게가 만족스럽고.. 바람세기가 세서 사용하기 정말 좋아요.. ^^",
    "Source": "쇼핑몰",
    "Domain": "가전",
    "MainCategory": "계절가전",
    "ProductName": "다이슨 AM-07 에어멀티플라이어 일반구매",
    "ReviewScore": "5",
    "Syllable": "63",
    "Word": "14",
    "RDate": "20210802",
    "GeneralPolarity": "1",
    "Aspects": [
      {
        "Aspect": "가격",
        "SentimentText": "저렴한 가격에 구입해서 마음에 듭니다.",
        "SentimentWord": "5",
        "SentimentPolarity": "1"
      },
      {
        "Aspect": "무게",
        "SentimentText": "가벼운 무게가 만족스럽고..",
        "SentimentWord": "3",
        "SentimentPolarity": "1"
      },
      {
        "Aspect": "기능",
        "SentimentText": "바람세기가 세서 사용하기 정말 좋아요.. ^^",
        "SentimentWord": "6",
        "SentimentPolarity": "1"
      }
    ]
  },
  {
    "Index": "37819",
    "RawText": "OOO믿고 샀는데 생각보다 별로예요  바람 세기도 약하고 회전방향도 맘에 안들어요",
    "Source": "쇼핑몰",
    "Domain": "가전",
    "MainCategory": "계절가전",
    "ProductName": "다이슨 AM-07 에어멀티플라이어 일반구매",
    "ReviewScore": "3",
    "Syllable": "45",
    "Word": "10",
    "RDate": "20180716",
    "GeneralPolarity": "-1",
    "Aspects": [
      {
        "Aspect": "제조일/제조사",
        "SentimentText": "OOO믿고 샀는데 생각보다 별로예요",
        "SentimentWord": "4",
        "SentimentPolarity": "-1"
      },
      {
        "Aspect": "기능",
        "SentimentText": "바람 세기도 약하고 회전방향도 맘에 안들어요",
        "SentimentWord": "6",
        "SentimentPolarity": "-1"
      }
    ]
  },
  {
    "Index": "37821",
    "RawText": "00브랜드는 모양도 정말 예뻐서 마음에 드네요. 가운데만 집중되는 방식과는 다르게 바람이 잘 퍼져서 좋아요.",
    "Source": "쇼핑몰",
    "Domain": "가전",
    "MainCategory": "계절가전",
    "ProductName": "다이슨 AM-07 에어멀티플라이어 일반구매",
    "ReviewScore": "4",
    "Syllable": "60",
    "Word": "14",
    "RDate": "20170630",
    "GeneralPolarity": "1",
    "Aspects": [
      {
        "Aspect": "디자인",
        "SentimentText": "00브랜드는 모양도 정말 예뻐서 마음에 드네요.",
        "SentimentWord": "6",
        "SentimentPolarity": "1"
      },
      {
        "Aspect": "기능",
        "SentimentText": "가운데만 집중되는 방식과는 다르게 바람이 잘 퍼져서 좋아요.",
        "SentimentWord": "8",
        "SentimentPolarity": "1"
      }
    ]
  },
  {
    "Index": "37822",
    "RawText": "OOO브랜드 하나 갖고 싶었는데.. 역시 유명한 제품이라 만족스러워요  작동도 잘 되고 바람이 자연풍처럼 느껴져고 시원해서 좋습니다",
    "Source": "쇼핑몰",
    "Domain": "가전",
    "MainCategory": "계절가전",
    "ProductName": "다이슨 AM-07 에어멀티플라이어 일반구매",
    "ReviewScore": "5",
    "Syllable": "73",
    "Word": "16",
    "RDate": "20160831",
    "Aspects": [
      {
        "Aspect": "제조일/제조사",
        "SentimentText": "OOO브랜드 하나 갖고 싶었는데.. 역시 유명한 제품이라 만족스러워요",
        "SentimentWord": "8",
        "SentimentPolarity": "1"
      },
      {
        "Aspect": "기능",
        "SentimentText": "작동도 잘 되고 바람이 자연풍처럼 느껴져고 시원해서 좋습니다",
        "SentimentWord": "8",
        "SentimentPolarity": "1"
      }
    ]
  },
  {
    "Index": "37825",
    "RawText": "00브랜드 제품은 소음이 거의 없을거라 생각했던 것과 다르게 약간의 소음이 있지만 일반 선풍기보다 적어서 사용하기 괜찮아요. 디자인은 정말 최고로 멋져요. 역시 000 실망시키질 않네요~^^",
    "Source": "쇼핑몰",
    "Domain": "가전",
    "MainCategory": "계절가전",
    "ProductName": "다이슨 AM-07 에어멀티플라이어 일반구매",
    "ReviewScore": "4",
    "Syllable": "106",
    "Word": "24",
    "RDate": "20220713",
    "GeneralPolarity": "1",
    "Aspects": [
      {
        "Aspect": "소음",
        "SentimentText": "약간의 소음이 있지만 일반 선풍기보다 적어서 사용하기 괜찮아요.",
        "SentimentWord": "8",
        "SentimentPolarity": "0"
      },
      {
        "Aspect": "디자인",
        "SentimentText": "디자인은 정말 최고로 멋져요.",
        "SentimentWord": "4",
        "SentimentPolarity": "1"
      },
      {
        "Aspect": "제조일/제조사",
        "SentimentText": "역시 000 실망시키질 않네요~^^",
        "SentimentWord": "4",
        "SentimentPolarity": "1"
      }
    ]
  },
  {
    "Index": "37826",
    "RawText": "소음의 세기가 점점 커져서 시끄러워요 ㅠ  선풍기 외 공기청정기 역할도 하니 일석이조네요",
    "Source": "쇼핑몰",
    "Domain": "가전",
    "MainCategory": "계절가전",
    "ProductName": "다이슨 AM-07 에어멀티플라이어 일반구매",
    "ReviewScore": "5",
    "Syllable": "49",
    "Word": "12",
    "RDate": "20170512",
    "GeneralPolarity": "0",
    "Aspects": [
      {
        "Aspect": "소음",
        "SentimentText": "소음의 세기가 점점 커져서 시끄러워요 ㅠ",
        "SentimentWord": "6",
        "SentimentPolarity": "-1"
      },
      {
        "Aspect": "기능",
        "SentimentText": "선풍기 외 공기청정기 역할도 하니 일석이조네요",
        "SentimentWord": "6",
        "SentimentPolarity": "1"
      }
    ]
  },
  {
    "Index": "37827",
    "RawText": "엄청 시원해서 마음에 드네요. 예쁜 디자인은 최고~^^ 소음도 작아서 아주 만족하고 있어요~~ 리모콘도 있어서 사용이 편리하네요~",
    "Source": "쇼핑몰",
    "Domain": "가전",
    "MainCategory": "계절가전",
    "ProductName": "다이슨 AM-07 에어멀티플라이어 일반구매",
    "ReviewScore": "5",
    "Syllable": "72",
    "Word": "16",
    "RDate": "20210620",
    "GeneralPolarity": "1",
    "Aspects": [
      {
        "Aspect": "기능",
        "SentimentText": "엄청 시원해서 마음에 드네요.",
        "SentimentWord": "4",
        "SentimentPolarity": "1"
      },
      {
        "Aspect": "디자인",
        "SentimentText": "예쁜 디자인은 최고~^^",
        "SentimentWord": "3",
        "SentimentPolarity": "1"
      },
      {
        "Aspect": "소음",
        "SentimentText": "소음도 작아서 아주 만족하고 있어요~~",
        "SentimentWord": "5",
        "SentimentPolarity": "1"
      },
      {
        "Aspect": "제품구성",
        "SentimentText": "리모콘도 있어서 사용이 편리하네요~",
        "SentimentWord": "4",
        "SentimentPolarity": "1"
      }
    ]
  },
  {
    "Index": "37828",
    "RawText": "역시 OOO!! 만족합니다~  고급스러운 디자인도 인테리어에 한몫하네요!  ",
    "Source": "쇼핑몰",
    "Domain": "가전",
    "MainCategory": "계절가전",
    "ProductName": "다이슨 AM-07 에어멀티플라이어 일반구매",
    "ReviewScore": "5",
    "Syllable": "42",
    "Word": "7",
    "RDate": "20210723",
    "GeneralPolarity": "1",
    "Aspects": [
      {
        "Aspect": "제조일/제조사",
        "SentimentText": "역시 OOO!! 만족합니다~",
        "SentimentWord": "3",
        "SentimentPolarity": "1"
      },
      {
        "Aspect": "디자인",
        "SentimentText": "고급스러운 디자인도 인테리어에 한몫하네요!",
        "SentimentWord": "4",
        "SentimentPolarity": "1"
      }
    ]
  },
  {
    "Index": "37830",
    "RawText": "소음은 좀 있지만 괜찮아요~  바람도 은은하게 자연풍처럼 나오는게 기분 좋아지네요^^",
    "Source": "쇼핑몰",
    "Domain": "가전",
    "MainCategory": "계절가전",
    "ProductName": "다이슨 AM-07 에어멀티플라이어 일반구매",
    "ReviewScore": "5",
    "Syllable": "47",
    "Word": "10",
    "RDate": "20170518",
    "GeneralPolarity": "1",
    "Aspects": [
      {
        "Aspect": "소음",
        "SentimentText": "소음은 좀 있지만 괜찮아요~",
        "SentimentWord": "4",
        "SentimentPolarity": "0"
      },
      {
        "Aspect": "기능",
        "SentimentText": "바람도 은은하게 자연풍처럼 나오는게 기분 좋아지네요^^",
        "SentimentWord": "6",
        "SentimentPolarity": "1"
      }
    ]
  },
  {
    "Index": "37831",
    "RawText": "예쁜 디자인에 만족합니다. 소음이 있는 편이지만 거슬리지 않아요.",
    "Source": "쇼핑몰",
    "Domain": "가전",
    "MainCategory": "계절가전",
    "ProductName": "다이슨 AM-07 에어멀티플라이어 일반구매",
    "ReviewScore": "5",
    "Syllable": "36",
    "Word": "8",
    "RDate": "20220603",
    "GeneralPolarity": "1",
    "Aspects": [
      {
        "Aspect": "디자인",
        "SentimentText": "예쁜 디자인에 만족합니다.",
        "SentimentWord": "3",
        "SentimentPolarity": "1"
      },
      {
        "Aspect": "소음",
        "SentimentText": "소음이 있는 편이지만 거슬리지 않아요.",
        "SentimentWord": "5",
        "SentimentPolarity": "0"
      }
    ]
  },
  {
    "Index": "37832",
    "RawText": "디자인이 정말 깔끔해서 마음에 드네요. 하지만 소음이 좀 크고 시끄러워 귀가 아파서 거부감이 드네요.",
    "Source": "쇼핑몰",
    "Domain": "가전",
    "MainCategory": "계절가전",
    "ProductName": "다이슨 AM-07 에어멀티플라이어 일반구매",
    "ReviewScore": "5",
    "Syllable": "56",
    "Word": "14",
    "RDate": "20210523",
    "GeneralPolarity": "0",
    "Aspects": [
      {
        "Aspect": "디자인",
        "SentimentText": "디자인이 정말 깔끔해서 마음에 드네요.",
        "SentimentWord": "5",
        "SentimentPolarity": "1"
      },
      {
        "Aspect": "소음",
        "SentimentText": "소음이 좀 크고 시끄러워 귀가 아파서 거부감이 드네요.",
        "SentimentWord": "8",
        "SentimentPolarity": "-1"
      }
    ]
  },
  {
    "Index": "37834",
    "RawText": "디자인도 시원한 느낌이 들어 마음에 들고요. 자연바람이 너무너무 좋아요♡♡",
    "Source": "쇼핑몰",
    "Domain": "가전",
    "MainCategory": "계절가전",
    "ProductName": "다이슨 AM-07 에어멀티플라이어 일반구매",
    "ReviewScore": "5",
    "Syllable": "41",
    "Word": "9",
    "RDate": "20220604",
    "GeneralPolarity": "1",
    "Aspects": [
      {
        "Aspect": "디자인",
        "SentimentText": "디자인도 시원한 느낌이 들어 마음에 들고요.",
        "SentimentWord": "6",
        "SentimentPolarity": "1"
      },
      {
        "Aspect": "기능",
        "SentimentText": "자연바람이 너무너무 좋아요♡♡",
        "SentimentWord": "3",
        "SentimentPolarity": "1"
      }
    ]
  },
  {
    "Index": "37835",
    "RawText": "예쁜 디자인이 정말 마음에 듭니다. 소음이 적어서 잠잘때 편하네요~~ 바람도 시원하게 잘 나와 좋아요^^",
    "Source": "쇼핑몰",
    "Domain": "가전",
    "MainCategory": "계절가전",
    "ProductName": "다이슨 AM-07 에어멀티플라이어 일반구매",
    "ReviewScore": "5",
    "Syllable": "58",
    "Word": "14",
    "RDate": "20210521",
    "GeneralPolarity": "1",
    "Aspects": [
      {
        "Aspect": "디자인",
        "SentimentText": "예쁜 디자인이 정말 마음에 듭니다.",
        "SentimentWord": "5",
        "SentimentPolarity": "1"
      },
      {
        "Aspect": "소음",
        "SentimentText": "소음이 적어서 잠잘때 편하네요~~",
        "SentimentWord": "4",
        "SentimentPolarity": "1"
      },
      {
        "Aspect": "기능",
        "SentimentText": "바람도 시원하게 잘 나와 좋아요^^",
        "SentimentWord": "5",
        "SentimentPolarity": "1"
      }
    ]
  },
  {
    "Index": "37836",
    "RawText": "날개돌아가는 소음이 없어 조용합니다^^  시원한 바람도 잘 나와요~  그냥 세워두기만 해도 간지 뿜뿜!! 디자인도 만족해요!!",
    "Source": "쇼핑몰",
    "Domain": "가전",
    "MainCategory": "계절가전",
    "ProductName": "다이슨 AM-07 에어멀티플라이어 일반구매",
    "ReviewScore": "5",
    "Syllable": "70",
    "Word": "15",
    "RDate": "20180527",
    "GeneralPolarity": "1",
    "Aspects": [
      {
        "Aspect": "소음",
        "SentimentText": "날개돌아가는 소음이 없어 조용합니다^^",
        "SentimentWord": "4",
        "SentimentPolarity": "1"
      },
      {
        "Aspect": "기능",
        "SentimentText": "시원한 바람도 잘 나와요~",
        "SentimentWord": "4",
        "SentimentPolarity": "1"
      },
      {
        "Aspect": "디자인",
        "SentimentText": "그냥 세워두기만 해도 간지 뿜뿜!! 디자인도 만족해요!!",
        "SentimentWord": "7",
        "SentimentPolarity": "1"
      }
    ]
  },
  {
    "Index": "37837",
    "RawText": "깔끔한 디자인이 마음에 들어요. 리모콘이 있어 그나마 사용하기 편합니다. 높이조절이 안되어... 구매가 후회되네요.",
    "Source": "쇼핑몰",
    "Domain": "가전",
    "MainCategory": "계절가전",
    "ProductName": "다이슨 AM-07 에어멀티플라이어 일반구매",
    "ReviewScore": "2",
    "Syllable": "64",
    "Word": "13",
    "RDate": "20170722",
    "GeneralPolarity": "0",
    "Aspects": [
      {
        "Aspect": "디자인",
        "SentimentText": "깔끔한 디자인이 마음에 들어요.",
        "SentimentWord": "4",
        "SentimentPolarity": "1"
      },
      {
        "Aspect": "제품구성",
        "SentimentText": "리모콘이 있어 그나마 사용하기 편합니다.",
        "SentimentWord": "5",
        "SentimentPolarity": "0"
      },
      {
        "Aspect": "기능",
        "SentimentText": "높이조절이 안되어... 구매가 후회되네요. ",
        "SentimentWord": "4",
        "SentimentPolarity": "-1"
      }
    ]
  },
  {
    "Index": "37839",
    "RawText": "디자인은 예뻐서 맘에 들어요~  다만 모터 돌아가는 소리가 거슬리네요ㅜ",
    "Source": "쇼핑몰",
    "Domain": "가전",
    "MainCategory": "계절가전",
    "ProductName": "다이슨 AM-07 에어멀티플라이어 일반구매",
    "ReviewScore": "5",
    "Syllable": "39",
    "Word": "9",
    "RDate": "20190730",
    "Aspects": [
      {
        "Aspect": "디자인",
        "SentimentText": "디자인은 예뻐서 맘에 들어요~",
        "SentimentWord": "4",
        "SentimentPolarity": "1"
      },
      {
        "Aspect": "소음",
        "SentimentText": "다만 모터 돌아가는 소리가 거슬리네요ㅜ",
        "SentimentWord": "5",
        "SentimentPolarity": "-1"
      }
    ]
  },
  {
    "Index": "37840",
    "RawText": "깔끔한 디자인이 예뻐서 마음에 듭니다.  10단 조절이 가능해서 좋으나바람세기가 생각보다 세지 않아 실망스럽네요.  바람 세기가 7단계부터는 소음이 좀 있는 편이라 별로입니다.  비싼 가격도 아쉬워요.",
    "Source": "쇼핑몰",
    "Domain": "가전",
    "MainCategory": "계절가전",
    "ProductName": "다이슨 AM-07 에어멀티플라이어 일반구매",
    "ReviewScore": "5",
    "Syllable": "112",
    "Word": "24",
    "RDate": "20190809",
    "GeneralPolarity": "-1",
    "Aspects": [
      {
        "Aspect": "디자인",
        "SentimentText": "깔끔한 디자인이 예뻐서 마음에 듭니다.",
        "SentimentWord": "5",
        "SentimentPolarity": "1"
      },
      {
        "Aspect": "기능",
        "SentimentText": "10단 조절이 가능해서 좋으나바람세기가 생각보다 세지 않아 실망스럽네요.",
        "SentimentWord": "8",
        "SentimentPolarity": "0"
      },
      {
        "Aspect": "소음",
        "SentimentText": "바람 세기가 7단계부터는 소음이 좀 있는 편이라 별로입니다.",
        "SentimentWord": "8",
        "SentimentPolarity": "-1"
      },
      {
        "Aspect": "가격",
        "SentimentText": "비싼 가격도 아쉬워요.",
        "SentimentWord": "3",
        "SentimentPolarity": "-1"
      }
    ]
  },
  {
    "Index": "37841",
    "RawText": "다른제품 비교해서 디자인이 월등하게 예뻐요~~  소음은 제법 있어 아쉽네요",
    "Source": "쇼핑몰",
    "Domain": "가전",
    "MainCategory": "계절가전",
    "ProductName": "다이슨 AM-07 에어멀티플라이어 일반구매",
    "ReviewScore": "5",
    "Syllable": "41",
    "Word": "9",
    "RDate": "20210602",
    "GeneralPolarity": "0",
    "Aspects": [
      {
        "Aspect": "디자인",
        "SentimentText": "다른제품 비교해서 디자인이 월등하게 예뻐요~~",
        "SentimentWord": "5",
        "SentimentPolarity": "1"
      },
      {
        "Aspect": "소음",
        "SentimentText": " 소음은 제법 있어 아쉽네요",
        "SentimentWord": "4",
        "SentimentPolarity": "-1"
      }
    ]
  },
  {
    "Index": "37842",
    "RawText": "디자인이 제일 맘에 들어서 구매했어요!  크기에 비해 무겁지도 가볍지도 않은 무게감이 맘에 드네요  사이즈도 거실에 두기에 딱이예요  그런데 단계를 올릴수록 소음이 점점 커져요 ㅠㅠ  적정단계에서 회전기능으로 틀면 시원하고 아주 좋네요~  ",
    "Source": "쇼핑몰",
    "Domain": "가전",
    "MainCategory": "계절가전",
    "ProductName": "다이슨 AM-07 에어멀티플라이어 일반구매",
    "ReviewScore": "5",
    "Syllable": "134",
    "Word": "30",
    "RDate": "20210706",
    "GeneralPolarity": "1",
    "Aspects": [
      {
        "Aspect": "디자인",
        "SentimentText": "디자인이 제일 맘에 들어서 구매했어요!",
        "SentimentWord": "5",
        "SentimentPolarity": "1"
      },
      {
        "Aspect": "무게",
        "SentimentText": "크기에 비해 무겁지도 가볍지도 않은 무게감이 맘에 드네요",
        "SentimentWord": "8",
        "SentimentPolarity": "1"
      },
      {
        "Aspect": "사이즈",
        "SentimentText": "사이즈도 거실에 두기에 딱이예요",
        "SentimentWord": "4",
        "SentimentPolarity": "1"
      },
      {
        "Aspect": "소음",
        "SentimentText": "그런데 단계를 올릴수록 소음이 점점 커져요 ㅠㅠ",
        "SentimentWord": "7",
        "SentimentPolarity": "-1"
      },
      {
        "Aspect": "기능",
        "SentimentText": "적정단계에서 회전기능으로 틀면 시원하고 아주 좋네요~",
        "SentimentWord": "6",
        "SentimentPolarity": "1"
      }
    ]
  },
  {
    "Index": "37844",
    "RawText": "리모컨 밧데리가 작동안해서 당황했어요,, 디자인은 깔끔해서 마음에 들고요, 무게가 가벼워서 좋아요,",
    "Source": "쇼핑몰",
    "Domain": "가전",
    "MainCategory": "계절가전",
    "ProductName": "다이슨 AM-07 에어멀티플라이어 일반구매",
    "ReviewScore": "5",
    "Syllable": "55",
    "Word": "11",
    "RDate": "20210715",
    "GeneralPolarity": "0",
    "Aspects": [
      {
        "Aspect": "품질",
        "SentimentText": "리모컨 밧데리가 작동안해서 당황했어요,,",
        "SentimentWord": "4",
        "SentimentPolarity": "-1"
      },
      {
        "Aspect": "디자인",
        "SentimentText": "디자인은 깔끔해서 마음에 들고요,",
        "SentimentWord": "4",
        "SentimentPolarity": "1"
      },
      {
        "Aspect": "무게",
        "SentimentText": "무게가 가벼워서 좋아요,",
        "SentimentWord": "3",
        "SentimentPolarity": "1"
      }
    ]
  },
  {
    "Index": "37845",
    "RawText": "소음이 나서 조금 거슬려요  부피가 작아서 자리차지 안하고 디자인이 신박하니 좋네요!",
    "Source": "쇼핑몰",
    "Domain": "가전",
    "MainCategory": "계절가전",
    "ProductName": "다이슨 AM-07 에어멀티플라이어 일반구매",
    "ReviewScore": "5",
    "Syllable": "47",
    "Word": "11",
    "RDate": "20210902",
    "GeneralPolarity": "1",
    "Aspects": [
      {
        "Aspect": "소음",
        "SentimentText": "소음이 나서 조금 거슬려요",
        "SentimentWord": "4",
        "SentimentPolarity": "-1"
      },
      {
        "Aspect": "사이즈",
        "SentimentText": "부피가 작아서 자리차지 안하고 ",
        "SentimentWord": "4",
        "SentimentPolarity": "1"
      },
      {
        "Aspect": "디자인",
        "SentimentText": " 디자인이 신박하니 좋네요!",
        "SentimentWord": "3",
        "SentimentPolarity": "1"
      }
    ]
  },
  {
    "Index": "37846",
    "RawText": "고민하다 구매했는데  제품대비 가격이 비싼 느낌이에요. 디자인이 예뻐서 인테리어 효과에 좋아요!",
    "Source": "쇼핑몰",
    "Domain": "가전",
    "MainCategory": "계절가전",
    "ProductName": "다이슨 AM-07 에어멀티플라이어 일반구매",
    "ReviewScore": "4",
    "Syllable": "53",
    "Word": "11",
    "RDate": "20210521",
    "GeneralPolarity": "0",
    "Aspects": [
      {
        "Aspect": "가격",
        "SentimentText": "고민하다 구매했는데  제품대비 가격이 비싼 느낌이에요.",
        "SentimentWord": "6",
        "SentimentPolarity": "-1"
      },
      {
        "Aspect": "디자인",
        "SentimentText": "디자인이 예뻐서 인테리어 효과에 좋아요!",
        "SentimentWord": "5",
        "SentimentPolarity": "1"
      }
    ]
  },
  {
    "Index": "37847",
    "RawText": "가격이 비싸서 아쉽지만 리모콘 보관하기 편리하고 버튼을 누를 때 소리가 나지않고 터치감이 좋네요.",
    "Source": "쇼핑몰",
    "Domain": "가전",
    "MainCategory": "계절가전",
    "ProductName": "다이슨 AM-07 에어멀티플라이어 일반구매",
    "ReviewScore": "4",
    "Syllable": "54",
    "Word": "13",
    "RDate": "20160603",
    "GeneralPolarity": "0",
    "Aspects": [
      {
        "Aspect": "가격",
        "SentimentText": "가격이 비싸서 아쉽지만 ",
        "SentimentWord": "3",
        "SentimentPolarity": "-1"
      },
      {
        "Aspect": "편의성",
        "SentimentText": "리모콘 보관하기 편리하고",
        "SentimentWord": "3",
        "SentimentPolarity": "1"
      },
      {
        "Aspect": "조작성",
        "SentimentText": "버튼을 누를 때 소리가 나지않고 터치감이 좋네요.",
        "SentimentWord": "7",
        "SentimentPolarity": "1"
      }
    ]
  },
  {
    "Index": "37850",
    "RawText": "미세하게 바람 단계조절할 수 있고 회전도 할 수 있어 좋네요^^  잃어버리지 않게 리모컨 자석으로 붙일 수 있어 편해요^^",
    "Source": "쇼핑몰",
    "Domain": "가전",
    "MainCategory": "계절가전",
    "ProductName": "다이슨 AM-07 에어멀티플라이어 일반구매",
    "ReviewScore": "5",
    "Syllable": "68",
    "Word": "18",
    "RDate": "20210525",
    "GeneralPolarity": "1",
    "Aspects": [
      {
        "Aspect": "기능",
        "SentimentText": "미세하게 바람 단계조절할 수 있고 회전도 할 수 있어 좋네요^^",
        "SentimentWord": "10",
        "SentimentPolarity": "1"
      },
      {
        "Aspect": "편의성",
        "SentimentText": "잃어버리지 않게 리모컨 자석으로 붙일 수 있어 편해요^^",
        "SentimentWord": "8",
        "SentimentPolarity": "1"
      }
    ]
  },
  {
    "Index": "37851",
    "RawText": "배송이 총알배송으로 왔어요^^  회전도 되고 단계조절이 많아서 바람세기 미세하게 조절하기 편해요~  청소하기 좋아 관리도 편하네요",
    "Source": "쇼핑몰",
    "Domain": "가전",
    "MainCategory": "계절가전",
    "ProductName": "다이슨 AM-07 에어멀티플라이어 일반구매",
    "ReviewScore": "5",
    "Syllable": "72",
    "Word": "15",
    "RDate": "20180516",
    "Aspects": [
      {
        "Aspect": "기능",
        "SentimentText": "회전도 되고 단계조절이 많아서 바람세기 미세하게 조절하기 편해요~ ",
        "SentimentWord": "8",
        "SentimentPolarity": "1"
      },
      {
        "Aspect": "편의성",
        "SentimentText": "청소하기 좋아 관리도 편하네요",
        "SentimentWord": "4",
        "SentimentPolarity": "1"
      }
    ]
  },
  {
    "Index": "37852",
    "RawText": "너무 강하지 않은 바람이 마음에 드네요~ 상품평 보고 걱정했던 것과 반대로 소음이 약해서 마음에 드네요..",
    "Source": "쇼핑몰",
    "Domain": "가전",
    "MainCategory": "계절가전",
    "ProductName": "다이슨 AM-07 에어멀티플라이어 일반구매",
    "ReviewScore": "4",
    "Syllable": "59",
    "Word": "15",
    "RDate": "20170607",
    "GeneralPolarity": "1",
    "Aspects": [
      {
        "Aspect": "기능",
        "SentimentText": "너무 강하지 않은 바람이 마음에 드네요~",
        "SentimentWord": "6",
        "SentimentPolarity": "1"
      },
      {
        "Aspect": "소음",
        "SentimentText": "소음이 약해서 마음에 드네요..",
        "SentimentWord": "4",
        "SentimentPolarity": "1"
      }
    ]
  },
  {
    "Index": "37853",
    "RawText": "시원한 바람이 부드러워 마음에 드네요. 역시 000 브랜드제품은 확실히 좋네요.",
    "Source": "쇼핑몰",
    "Domain": "가전",
    "MainCategory": "계절가전",
    "ProductName": "다이슨 AM-07 에어멀티플라이어 일반구매",
    "ReviewScore": "4",
    "Syllable": "44",
    "Word": "10",
    "RDate": "20200705",
    "GeneralPolarity": "1",
    "Aspects": [
      {
        "Aspect": "기능",
        "SentimentText": "시원한 바람이 부드러워 마음에 드네요.",
        "SentimentWord": "5",
        "SentimentPolarity": "1"
      },
      {
        "Aspect": "제조일/제조사",
        "SentimentText": "역시 000 브랜드제품은 확실히 좋네요.",
        "SentimentWord": "5",
        "SentimentPolarity": "1"
      }
    ]
  },
  {
    "Index": "37854",
    "RawText": "바람이 퍼져나가지 않아 아쉽네요 단계를 올릴수록 소음이 점점 커져서 시끄러워요 ㅠ",
    "Source": "쇼핑몰",
    "Domain": "가전",
    "MainCategory": "계절가전",
    "ProductName": "다이슨 AM-07 에어멀티플라이어 일반구매",
    "ReviewScore": "5",
    "Syllable": "45",
    "Word": "11",
    "RDate": "20220719",
    "GeneralPolarity": "-1",
    "Aspects": [
      {
        "Aspect": "기능",
        "SentimentText": "바람이 퍼져나가지 않아 아쉽네요",
        "SentimentWord": "4",
        "SentimentPolarity": "-1"
      },
      {
        "Aspect": "소음",
        "SentimentText": "단계를 올릴수록 소음이 점점 커져서 시끄러워요 ㅠ",
        "SentimentWord": "7",
        "SentimentPolarity": "-1"
      }
    ]
  },
  {
    "Index": "37855",
    "RawText": "자연바람이 정말 시원하고 마음에 듭니다. 소음이 있는 편이지만 거슬릴 정도는 아니에요.",
    "Source": "쇼핑몰",
    "Domain": "가전",
    "MainCategory": "계절가전",
    "ProductName": "다이슨 AM-07 에어멀티플라이어 일반구매",
    "ReviewScore": "4",
    "Syllable": "48",
    "Word": "11",
    "RDate": "20170620",
    "GeneralPolarity": "1",
    "Aspects": [
      {
        "Aspect": "기능",
        "SentimentText": "자연바람이 정말 시원하고 마음에 듭니다.",
        "SentimentWord": "5",
        "SentimentPolarity": "1"
      },
      {
        "Aspect": "소음",
        "SentimentText": "소음이 있는 편이지만 거슬릴 정도는 아니에요.",
        "SentimentWord": "6",
        "SentimentPolarity": "0"
      }
    ]
  },
  {
    "Index": "37856",
    "RawText": "바람이 부드럽게 잘 나와서 오래 사용해도 불편하지 않고 좋아요^^  침대 위에서도 사용하기가 편리해서 맘에 드네요",
    "Source": "쇼핑몰",
    "Domain": "가전",
    "MainCategory": "계절가전",
    "ProductName": "다이슨 AM-07 에어멀티플라이어 일반구매",
    "ReviewScore": "5",
    "Syllable": "63",
    "Word": "15",
    "RDate": "20160606",
    "GeneralPolarity": "1",
    "Aspects": [
      {
        "Aspect": "기능",
        "SentimentText": "바람이 부드럽게 잘 나와서 오래 사용해도 불편하지 않고 좋아요^^",
        "SentimentWord": "9",
        "SentimentPolarity": "1"
      },
      {
        "Aspect": "편의성",
        "SentimentText": "침대 위에서도 사용하기가 편리해서 맘에 드네요",
        "SentimentWord": "6",
        "SentimentPolarity": "1"
      }
    ]
  },
  {
    "Index": "37857",
    "RawText": "빠른 배송이 마음에 드네요. 저렴한 가격에 구입해서 만족합니다. 소음은 그런대로 사용할만 해요. 디자인이 예뻐서 인테리어 효과에 좋습니다. ",
    "Source": "쇼핑몰",
    "Domain": "가전",
    "MainCategory": "계절가전",
    "ProductName": "다이슨 AM-07 에어멀티플라이어 일반구매",
    "ReviewScore": "5",
    "Syllable": "78",
    "Word": "17",
    "RDate": "20220521",
    "GeneralPolarity": "1",
    "Aspects": [
      {
        "Aspect": "가격",
        "SentimentText": "저렴한 가격에 구입해서 만족합니다.",
        "SentimentWord": "4",
        "SentimentPolarity": "1"
      },
      {
        "Aspect": "소음",
        "SentimentText": "소음은 그런대로 사용할만 해요.",
        "SentimentWord": "4",
        "SentimentPolarity": "0"
      },
      {
        "Aspect": "디자인",
        "SentimentText": "디자인이 예뻐서 인테리어 효과에 좋습니다.",
        "SentimentWord": "5",
        "SentimentPolarity": "1"
      }
    ]
  },
  {
    "Index": "37859",
    "RawText": "크기에 비해 가벼운 무게감이 아쉬워요  배송은 빠르게 보내주셨어요^^  선풍기 기능을 충실하게 잘 해줘서 만족합니다",
    "Source": "쇼핑몰",
    "Domain": "가전",
    "MainCategory": "계절가전",
    "ProductName": "다이슨 AM-07 에어멀티플라이어 일반구매",
    "ReviewScore": "5",
    "Syllable": "64",
    "Word": "14",
    "RDate": "20220610",
    "Aspects": [
      {
        "Aspect": "무게",
        "SentimentText": "크기에 비해 가벼운 무게감이 아쉬워요",
        "SentimentWord": "5",
        "SentimentPolarity": "-1"
      },
      {
        "Aspect": "기능",
        "SentimentText": "선풍기 기능을 충실하게 잘 해줘서 만족합니다",
        "SentimentWord": "6",
        "SentimentPolarity": "1"
      }
    ]
  },
  {
    "Index": "37860",
    "RawText": "배송기간이 너무 지연되는 바람에 오랜시간 기다려서 정말 최악입니다. 박스 포장도 엉망으로 와서 받자마자 기분이 상했어요. 너무 커서 거실에 설치해놓았는데 흉물스럽습니다. 가격은 왜이렇게 비싼지...구매전에 망설였는데 괜히 샀네요.  ",
    "Source": "쇼핑몰",
    "Domain": "가전",
    "MainCategory": "계절가전",
    "ProductName": "다이슨 AM-07 에어멀티플라이어 일반구매",
    "ReviewScore": "1",
    "Syllable": "130",
    "Word": "26",
    "RDate": "20210705",
    "Aspects": [
      {
        "Aspect": "사이즈",
        "SentimentText": "너무 커서 거실에 설치해놓았는데 흉물스럽습니다.",
        "SentimentWord": "5",
        "SentimentPolarity": "-1"
      },
      {
        "Aspect": "가격",
        "SentimentText": "가격은 왜이렇게 비싼지...구매전에 망설였는데 괜히 샀네요.",
        "SentimentWord": "6",
        "SentimentPolarity": "-1"
      }
    ]
  },
  {
    "Index": "37861",
    "RawText": "비슷한 제품중  디자인이 정말 최고네요!  배송은 엄청 빨리 받아서 만족해요~  소음이 있어서 시끄러워요 ㅠ",
    "Source": "쇼핑몰",
    "Domain": "가전",
    "MainCategory": "계절가전",
    "ProductName": "다이슨 AM-07 에어멀티플라이어 일반구매",
    "ReviewScore": "5",
    "Syllable": "60",
    "Word": "14",
    "RDate": "20210614",
    "Aspects": [
      {
        "Aspect": "디자인",
        "SentimentText": "비슷한 제품중  디자인이 정말 최고네요!",
        "SentimentWord": "5",
        "SentimentPolarity": "1"
      },
      {
        "Aspect": "소음",
        "SentimentText": "소음이 있어서 시끄러워요 ㅠ",
        "SentimentWord": "4",
        "SentimentPolarity": "-1"
      }
    ]
  },
  {
    "Index": "37862",
    "RawText": "화이트 실버 색상이 너무 예쁘고 멋지네요.마음에 들어요!  할인쿠폰 적용으로 저렴한 가격에 구입해서 좋네요.",
    "Source": "쇼핑몰",
    "Domain": "가전",
    "MainCategory": "계절가전",
    "ProductName": "다이슨 AM-07 에어멀티플라이어 일반구매",
    "ReviewScore": "5",
    "Syllable": "60",
    "Word": "13",
    "RDate": "20210614",
    "Aspects": [
      {
        "Aspect": "색상",
        "SentimentText": "화이트 실버 색상이 너무 예쁘고 멋지네요.마음에 들어요! ",
        "SentimentWord": "7",
        "SentimentPolarity": "1"
      },
      {
        "Aspect": "가격",
        "SentimentText": "할인쿠폰 적용으로 저렴한 가격에 구입해서 좋네요.",
        "SentimentWord": "6",
        "SentimentPolarity": "1"
      }
    ]
  },
  {
    "Index": "37864",
    "RawText": "빠른 배송이 마음에 들어요. 포장 상태도 꼼꼼해서 좋네요. 비싼가격에 구입했지만 후회가 되지않는 만족스러운 제품이에요. 소비효율이 떨어져 다음달 전기세 걱정이 앞섭니다.",
    "Source": "쇼핑몰",
    "Domain": "가전",
    "MainCategory": "계절가전",
    "ProductName": "다이슨 AM-07 에어멀티플라이어 일반구매",
    "ReviewScore": "5",
    "Syllable": "94",
    "Word": "20",
    "RDate": "20160616",
    "Aspects": [
      {
        "Aspect": "소비전력",
        "SentimentText": "소비효율이 떨어져 다음달 전기세 걱정이 앞섭니다.",
        "SentimentWord": "6",
        "SentimentPolarity": "-1"
      },
      {
        "Aspect": "품질",
        "SentimentText": "비싼가격에 구입했지만 후회가 되지않는 만족스러운 제품이에요.",
        "SentimentWord": "6",
        "SentimentPolarity": "1"
      }
    ]
  },
  {
    "Index": "37865",
    "RawText": "집에 두니 포인트 되고 분위기가 확사는 디자인~ 좋네요^^  배송도 빨리 보내주셨어요~~^^  시원한 바람도 잘 나와서 만족합니다! ",
    "Source": "쇼핑몰",
    "Domain": "가전",
    "MainCategory": "계절가전",
    "ProductName": "다이슨 AM-07 에어멀티플라이어 일반구매",
    "ReviewScore": "5",
    "Syllable": "74",
    "Word": "16",
    "RDate": "20190517",
    "Aspects": [
      {
        "Aspect": "디자인",
        "SentimentText": "집에 두니 포인트 되고 분위기가 확사는 디자인~ 좋네요^^",
        "SentimentWord": "8",
        "SentimentPolarity": "1"
      },
      {
        "Aspect": "기능",
        "SentimentText": "시원한 바람도 잘 나와서 만족합니다!",
        "SentimentWord": "5",
        "SentimentPolarity": "1"
      }
    ]
  },
  {
    "Index": "37866",
    "RawText": "생각보다 소음이 작아서 괜찮네요^^  바람이 은은하게 잘 나오고 시원해서 너무 좋아요~~~",
    "Source": "쇼핑몰",
    "Domain": "가전",
    "MainCategory": "계절가전",
    "ProductName": "다이슨 AM-07 에어멀티플라이어 일반구매",
    "ReviewScore": "5",
    "Syllable": "50",
    "Word": "11",
    "RDate": "20210619",
    "Aspects": [
      {
        "Aspect": "소음",
        "SentimentText": "생각보다 소음이 작아서 괜찮네요^^",
        "SentimentWord": "4",
        "SentimentPolarity": "0"
      },
      {
        "Aspect": "기능",
        "SentimentText": "바람이 은은하게 잘 나오고 시원해서 너무 좋아요~~~",
        "SentimentWord": "7",
        "SentimentPolarity": "1"
      }
    ]
  },
  {
    "Index": "37867",
    "RawText": "단계가 올라가면 소음이 있어서 좀 아쉬워요  배송은 엄청 빠르게 보내주셨어요~~^^  바람이 은은하게 퍼져서 기분좋게 시원해지네요~",
    "Source": "쇼핑몰",
    "Domain": "가전",
    "MainCategory": "계절가전",
    "ProductName": "다이슨 AM-07 에어멀티플라이어 일반구매",
    "ReviewScore": "5",
    "Syllable": "73",
    "Word": "15",
    "RDate": "20220530",
    "Aspects": [
      {
        "Aspect": "소음",
        "SentimentText": "단계가 올라가면 소음이 있어서 좀 아쉬워요",
        "SentimentWord": "6",
        "SentimentPolarity": "0"
      },
      {
        "Aspect": "기능",
        "SentimentText": "바람이 은은하게 퍼져서 기분좋게 시원해지네요~",
        "SentimentWord": "5",
        "SentimentPolarity": "1"
      }
    ]
  },
  {
    "Index": "37868",
    "RawText": "소음이 약간 있지만 잘 때 사용하는지라 약한 풍속으로 사용해서 소음은 신경쓰일 정도는 아니예요. 디자인은 세련되고 멋져요. 만족합니다!",
    "Source": "쇼핑몰",
    "Domain": "가전",
    "MainCategory": "계절가전",
    "ProductName": "다이슨 AM-07 에어멀티플라이어 일반구매",
    "ReviewScore": "5",
    "Syllable": "75",
    "Word": "17",
    "RDate": "20220707",
    "Aspects": [
      {
        "Aspect": "소음",
        "SentimentText": "소음은 신경쓰일 정도는 아니예요",
        "SentimentWord": "4",
        "SentimentPolarity": "0"
      },
      {
        "Aspect": "디자인",
        "SentimentText": "디자인은 세련되고 멋져요. 만족합니다!",
        "SentimentWord": "4",
        "SentimentPolarity": "1"
      }
    ]
  },
  {
    "Index": "37869",
    "RawText": "소음이 커서 사용하기에 불편해요  제품 디자인은 너무 예쁘고 고급스러워서 만족합니다!   ",
    "Source": "쇼핑몰",
    "Domain": "가전",
    "MainCategory": "계절가전",
    "ProductName": "다이슨 AM-07 에어멀티플라이어 일반구매",
    "ReviewScore": "5",
    "Syllable": "50",
    "Word": "10",
    "RDate": "20210715",
    "Aspects": [
      {
        "Aspect": "소음",
        "SentimentText": "소음이 커서 사용하기에 불편해요",
        "SentimentWord": "4",
        "SentimentPolarity": "-1"
      },
      {
        "Aspect": "디자인",
        "SentimentText": "제품 디자인은 너무 예쁘고 고급스러워서 만족합니다! ",
        "SentimentWord": "6",
        "SentimentPolarity": "1"
      }
    ]
  },
  {
    "Index": "37870",
    "RawText": "비싼 가격만큼 맘에 드는게 없어요  소음은 커서 신경쓰여요 ㅠ  배송은 빠르게 보내주셨어요",
    "Source": "쇼핑몰",
    "Domain": "가전",
    "MainCategory": "계절가전",
    "ProductName": "다이슨 AM-07 에어멀티플라이어 일반구매",
    "ReviewScore": "3",
    "Syllable": "50",
    "Word": "12",
    "RDate": "20170728",
    "Aspects": [
      {
        "Aspect": "가격",
        "SentimentText": "비싼 가격만큼 맘에 드는게 없어요",
        "SentimentWord": "5",
        "SentimentPolarity": "-1"
      },
      {
        "Aspect": "소음",
        "SentimentText": "소음은 커서 신경쓰여요 ㅠ",
        "SentimentWord": "4",
        "SentimentPolarity": "-1"
      }
    ]
  },
  {
    "Index": "37872",
    "RawText": "소음이 아예 없는 편이 아니라서 좀 아쉽네요  바람세기 10단계라 사용하기 괜찮아요   심플하면서도 독특한 디자인이 맘에 드네요!",
    "Source": "쇼핑몰",
    "Domain": "가전",
    "MainCategory": "계절가전",
    "ProductName": "다이슨 AM-07 에어멀티플라이어 일반구매",
    "ReviewScore": "4",
    "Syllable": "72",
    "Word": "16",
    "RDate": "20210729",
    "GeneralPolarity": "0",
    "Aspects": [
      {
        "Aspect": "소음",
        "SentimentText": "소음이 아예 없는 편이 아니라서 좀 아쉽네요",
        "SentimentWord": "7",
        "SentimentPolarity": "-1"
      },
      {
        "Aspect": "기능",
        "SentimentText": "바람세기 10단계라 사용하기 괜찮아요 ",
        "SentimentWord": "4",
        "SentimentPolarity": "0"
      },
      {
        "Aspect": "디자인",
        "SentimentText": "심플하면서도 독특한 디자인이 맘에 드네요! ",
        "SentimentWord": "5",
        "SentimentPolarity": "1"
      }
    ]
  },
  {
    "Index": "37873",
    "RawText": "배송은 빠른 편으로 마음에 드네요. 포장도 안전하게 잘 되어 도착해서 좋아요. 일반 선풍기보다 부드러운 바람이 불어 만족하네요디자인이 예뻐서 인테리어 효과에 도움을 주네요. 소음이 있는 편이라 방에서는 사용하기 불편해요. ",
    "Source": "쇼핑몰",
    "Domain": "가전",
    "MainCategory": "계절가전",
    "ProductName": "다이슨 AM-07 에어멀티플라이어 일반구매",
    "ReviewScore": "4",
    "Syllable": "124",
    "Word": "28",
    "RDate": "20160522",
    "Aspects": [
      {
        "Aspect": "기능",
        "SentimentText": "일반 선풍기보다 부드러운 바람이 불어 만족하네요",
        "SentimentWord": "6",
        "SentimentPolarity": "1"
      },
      {
        "Aspect": "디자인",
        "SentimentText": "디자인이 예뻐서 인테리어 효과에 도움을 주네요.",
        "SentimentWord": "6",
        "SentimentPolarity": "1"
      },
      {
        "Aspect": "소음",
        "SentimentText": "소음이 있는 편이라 방에서는 사용하기 불편해요. ",
        "SentimentWord": "6",
        "SentimentPolarity": "-1"
      }
    ]
  },
  {
    "Index": "37874",
    "RawText": "배송은 2~3일 정도 걸렸고, 포장 꼼꼼해서 마음에 듭니다. 인테리어 효과가 커보입니다. 자연바람으로 편안함을 느낄 수 있습니다. 소음이 있는 편이라 방에서 사용은 못하고 낮시간대에 거실에서 사용하고 있어요.",
    "Source": "쇼핑몰",
    "Domain": "가전",
    "MainCategory": "계절가전",
    "ProductName": "다이슨 AM-07 에어멀티플라이어 일반구매",
    "ReviewScore": "4",
    "Syllable": "116",
    "Word": "26",
    "RDate": "20160522",
    "GeneralPolarity": "1",
    "Aspects": [
      {
        "Aspect": "기능",
        "SentimentText": "자연바람으로 편안함을 느낄 수 있습니다.",
        "SentimentWord": "5",
        "SentimentPolarity": "1"
      },
      {
        "Aspect": "소음",
        "SentimentText": "소음이 있는 편이라 방에서 사용은 못하고 낮시간대에 거실에서 사용하고 있어요.",
        "SentimentWord": "10",
        "SentimentPolarity": "0"
      }
    ]
  },
  {
    "Index": "37875",
    "RawText": "저렴한 가격에 잘 구매했어요^^  그런데 제품 마감 퀄리티가 별로라 아쉽네요",
    "Source": "쇼핑몰",
    "Domain": "가전",
    "MainCategory": "계절가전",
    "ProductName": "다이슨 AM-07 에어멀티플라이어 일반구매",
    "ReviewScore": "4",
    "Syllable": "42",
    "Word": "10",
    "RDate": "20160608",
    "GeneralPolarity": "0",
    "Aspects": [
      {
        "Aspect": "가격",
        "SentimentText": "저렴한 가격에 잘 구매했어요^^",
        "SentimentWord": "4",
        "SentimentPolarity": "1"
      },
      {
        "Aspect": "품질",
        "SentimentText": " 그런데 제품 마감 퀄리티가 별로라 아쉽네요",
        "SentimentWord": "6",
        "SentimentPolarity": "-1"
      }
    ]
  },
  {
    "Index": "37876",
    "RawText": "오프라인 매장보다 훨씬 더 저렴한 가격에 구매해서 아주 만족합니다. 제품이 무겁지 않고 가벼워서 마음에 들어요!",
    "Source": "쇼핑몰",
    "Domain": "가전",
    "MainCategory": "계절가전",
    "ProductName": "다이슨 AM-07 에어멀티플라이어 일반구매",
    "ReviewScore": "5",
    "Syllable": "62",
    "Word": "15",
    "RDate": "20170511",
    "Aspects": [
      {
        "Aspect": "가격",
        "SentimentText": "오프라인 매장보다 훨씬 더 저렴한 가격에 구매해서 아주 만족합니다.",
        "SentimentWord": "9",
        "SentimentPolarity": "1"
      },
      {
        "Aspect": "무게",
        "SentimentText": " 제품이 무겁지 않고 가벼워서 마음에 들어요!",
        "SentimentWord": "6",
        "SentimentPolarity": "1"
      }
    ]
  },
  {
    "Index": "37877",
    "RawText": "OOO보다 저렴한 가격에 득템했어요~  조작법도 간편해서 편하게 사용중이예요~^^",
    "Source": "쇼핑몰",
    "Domain": "가전",
    "MainCategory": "계절가전",
    "ProductName": "다이슨 AM-07 에어멀티플라이어 일반구매",
    "ReviewScore": "5",
    "Syllable": "45",
    "Word": "8",
    "RDate": "20190529",
    "GeneralPolarity": "1",
    "Aspects": [
      {
        "Aspect": "가격",
        "SentimentText": "OOO보다 저렴한 가격에 득템했어요~",
        "SentimentWord": "4",
        "SentimentPolarity": "1"
      },
      {
        "Aspect": "조작성",
        "SentimentText": "조작법도 간편해서 편하게 사용중이예요~^^",
        "SentimentWord": "4",
        "SentimentPolarity": "1"
      }
    ]
  },
  {
    "Index": "37878",
    "RawText": "소음이 생각이상으로 커서 많이 시끄러워 아쉬워요ㅠ  디자인은 심플해서 두기만 해도 맘에 드네요  미세하게  바람세기가 조절되서 원하는만큼 틀 수 있어서 좋아요~",
    "Source": "쇼핑몰",
    "Domain": "가전",
    "MainCategory": "계절가전",
    "ProductName": "다이슨 AM-07 에어멀티플라이어 일반구매",
    "ReviewScore": "3",
    "Syllable": "89",
    "Word": "20",
    "RDate": "20160615",
    "GeneralPolarity": "0",
    "Aspects": [
      {
        "Aspect": "소음",
        "SentimentText": "소음이 생각이상으로 커서 많이 시끄러워 아쉬워요ㅠ",
        "SentimentWord": "6",
        "SentimentPolarity": "-1"
      },
      {
        "Aspect": "디자인",
        "SentimentText": "디자인은 심플해서 두기만 해도 맘에 드네요",
        "SentimentWord": "6",
        "SentimentPolarity": "1"
      },
      {
        "Aspect": "기능",
        "SentimentText": "미세하게  바람세기가 조절되서 원하는만큼 틀 수 있어서 좋아요~  ",
        "SentimentWord": "8",
        "SentimentPolarity": "1"
      }
    ]
  },
  {
    "Index": "37879",
    "RawText": "디자인이 예뻐서 마음에 드나 소음이 너무 심해서 돈아깝습니다. 후회막심ㅠ",
    "Source": "쇼핑몰",
    "Domain": "가전",
    "MainCategory": "계절가전",
    "ProductName": "다이슨 AM-07 에어멀티플라이어 일반구매",
    "ReviewScore": "4",
    "Syllable": "40",
    "Word": "9",
    "RDate": "20170717",
    "GeneralPolarity": "0",
    "Aspects": [
      {
        "Aspect": "디자인",
        "SentimentText": "디자인이 예뻐서 마음에 드나",
        "SentimentWord": "4",
        "SentimentPolarity": "1"
      },
      {
        "Aspect": "소음",
        "SentimentText": "소음이 너무 심해서 돈아깝습니다.",
        "SentimentWord": "4",
        "SentimentPolarity": "-1"
      }
    ]
  },
  {
    "Index": "37880",
    "RawText": "리모콘으로만 제품 작동이 가능하다는 점이 아쉽습니다. 본체는 조절기능이 없어서 사용하기 불편해요ㅠ",
    "Source": "쇼핑몰",
    "Domain": "가전",
    "MainCategory": "계절가전",
    "ProductName": "다이슨 AM-07 에어멀티플라이어 일반구매",
    "ReviewScore": "4",
    "Syllable": "54",
    "Word": "11",
    "RDate": "20170626",
    "GeneralPolarity": "-1",
    "Aspects": [
      {
        "Aspect": "조작성",
        "SentimentText": "리모콘으로만 제품 작동이 가능하다는 점이 아쉽습니다.",
        "SentimentWord": "6",
        "SentimentPolarity": "-1"
      },
      {
        "Aspect": "편의성",
        "SentimentText": "본체는 조절기능이 없어서 사용하기 불편해요ㅠ",
        "SentimentWord": "5",
        "SentimentPolarity": "-1"
      }
    ]
  },
  {
    "Index": "37881",
    "RawText": "당일배송으로 바로 받아서 너무 좋았어요!!  디자인이 심플하고 예뻐서 어디에 두어도 잘 어울리네요!  소음도 없어서 만족합니다^^ ",
    "Source": "쇼핑몰",
    "Domain": "가전",
    "MainCategory": "계절가전",
    "ProductName": "다이슨 AM-07 에어멀티플라이어 일반구매",
    "ReviewScore": "5",
    "Syllable": "73",
    "Word": "15",
    "RDate": "20200512",
    "Aspects": [
      {
        "Aspect": "디자인",
        "SentimentText": "디자인이 심플하고 예뻐서 어디에 두어도 잘 어울리네요!",
        "SentimentWord": "7",
        "SentimentPolarity": "1"
      },
      {
        "Aspect": "소음",
        "SentimentText": "소음도 없어서 만족합니다^^",
        "SentimentWord": "3",
        "SentimentPolarity": "1"
      }
    ]
  },
  {
    "Index": "37884",
    "RawText": "3단계부터 소음이 점점 커져서 별로예요    배송은 빠르게 보내주셨어요 감사해요~  가벼워서 좋아요   성능도 강력해서 마음에 들어요    ",
    "Source": "쇼핑몰",
    "Domain": "가전",
    "MainCategory": "계절가전",
    "ProductName": "다이슨 AM-07 에어멀티플라이어 일반구매",
    "ReviewScore": "5",
    "Syllable": "78",
    "Word": "15",
    "RDate": "20220603",
    "Aspects": [
      {
        "Aspect": "소음",
        "SentimentText": "3단계부터 소음이 점점 커져서 별로예요 ",
        "SentimentWord": "5",
        "SentimentPolarity": "-1"
      },
      {
        "Aspect": "무게",
        "SentimentText": "가벼워서 좋아요 ",
        "SentimentWord": "2",
        "SentimentPolarity": "1"
      },
      {
        "Aspect": "기능",
        "SentimentText": "성능도 강력해서 마음에 들어요 ",
        "SentimentWord": "4",
        "SentimentPolarity": "1"
      }
    ]
  },
  {
    "Index": "37887",
    "RawText": "품질이 정말 좋아요. 다만 비싼 가격이 아쉽네요.",
    "Source": "쇼핑몰",
    "Domain": "가전",
    "MainCategory": "계절가전",
    "ProductName": "다이슨 AM-07 에어멀티플라이어 일반구매",
    "ReviewScore": "5",
    "Syllable": "27",
    "Word": "7",
    "RDate": "20220603",
    "GeneralPolarity": "0",
    "Aspects": [
      {
        "Aspect": "품질",
        "SentimentText": "품질이 정말 좋아요.",
        "SentimentWord": "3",
        "SentimentPolarity": "1"
      },
      {
        "Aspect": "가격",
        "SentimentText": "다만 비싼 가격이 아쉽네요.",
        "SentimentWord": "4",
        "SentimentPolarity": "-1"
      }
    ]
  },
  {
    "Index": "37888",
    "RawText": "상품의 퀄리티는 좋아서 마음에 들어요 00제품이 유명하지만 한철만 사용하기엔 가격이 너무 비싸네요.",
    "Source": "쇼핑몰",
    "Domain": "가전",
    "MainCategory": "계절가전",
    "ProductName": "다이슨 AM-07 에어멀티플라이어 일반구매",
    "ReviewScore": "5",
    "Syllable": "55",
    "Word": "12",
    "RDate": "20220604",
    "GeneralPolarity": "0",
    "Aspects": [
      {
        "Aspect": "품질",
        "SentimentText": "상품의 퀄리티는 좋아서 마음에 들어요",
        "SentimentWord": "5",
        "SentimentPolarity": "1"
      },
      {
        "Aspect": "가격",
        "SentimentText": "한철만 사용하기엔 가격이 너무 비싸네요.",
        "SentimentWord": "5",
        "SentimentPolarity": "-1"
      }
    ]
  },
  {
    "Index": "37890",
    "RawText": "색깔이 정말 예뻐요~ 진한 울트라마린색깔이에요~ 바람세기가 좋은 제품이라 마음에 드네요~ 배송도 엄청 빨리와서 만족합니다~",
    "Source": "쇼핑몰",
    "Domain": "가전",
    "MainCategory": "계절가전",
    "ProductName": "다이슨 AM-07 에어멀티플라이어 일반구매",
    "ReviewScore": "5",
    "Syllable": "68",
    "Word": "14",
    "RDate": "20200516",
    "Aspects": [
      {
        "Aspect": "색상",
        "SentimentText": "색깔이 정말 예뻐요~ 진한 울트라마린색깔이에요~",
        "SentimentWord": "5",
        "SentimentPolarity": "1"
      },
      {
        "Aspect": "기능",
        "SentimentText": "바람세기가 좋은 제품이라 마음에 드네요~",
        "SentimentWord": "5",
        "SentimentPolarity": "1"
      }
    ]
  }
]