[
  {
    "Index": "36814",
    "RawText": "냄새도 많이 나지 않아서 품질이 확실히 좋아요! 디자인도 예쁘고 깔끔해서  마음에 들어요^^",
    "Source": "쇼핑몰",
    "Domain": "가전",
    "MainCategory": "계절가전",
    "ProductName": "토요토미 KS-67H 해외구매",
    "ReviewScore": "5",
    "Syllable": "51",
    "Word": "12",
    "RDate": "20191222",
    "Aspects": [
      {
        "Aspect": "품질",
        "SentimentText": "냄새도 많이 나지 않아서 품질이 확실히 좋아요!",
        "SentimentWord": "7",
        "SentimentPolarity": "1"
      },
      {
        "Aspect": "디자인",
        "SentimentText": "디자인도 예쁘고 깔끔해서  마음에 들어요^^",
        "SentimentWord": "5",
        "SentimentPolarity": "1"
      }
    ]
  },
  {
    "Index": "36815",
    "RawText": "제품 디자인도 너무 예쁘고 마음에 듭니다! 캠핑가서 사용하는데 하자없고 품질도 좋네요 ",
    "Source": "쇼핑몰",
    "Domain": "가전",
    "MainCategory": "계절가전",
    "ProductName": "토요토미 KS-67H 해외구매",
    "ReviewScore": "5",
    "Syllable": "48",
    "Word": "11",
    "RDate": "20210115",
    "Aspects": [
      {
        "Aspect": "디자인",
        "SentimentText": "제품 디자인도 너무 예쁘고 마음에 듭니다!",
        "SentimentWord": "6",
        "SentimentPolarity": "1"
      },
      {
        "Aspect": "품질",
        "SentimentText": "캠핑가서 사용하는데 하자없고 품질도 좋네요",
        "SentimentWord": "5",
        "SentimentPolarity": "1"
      }
    ]
  },
  {
    "Index": "36816",
    "RawText": "사이즈가 생각보다 커서 놀랬어요.!! 큰게 더 맘에 들어요 기름 냄새는 심하지는 않아도 조금 나긴하네요... 성능은 국내산 제품보다 좀더 화력이 쎈것 같고 더 따뜻해요~",
    "Source": "쇼핑몰",
    "Domain": "가전",
    "MainCategory": "계절가전",
    "ProductName": "토요토미 KS-67H 해외구매",
    "ReviewScore": "5",
    "Syllable": "94",
    "Word": "23",
    "RDate": "20171207",
    "GeneralPolarity": "1",
    "Aspects": [
      {
        "Aspect": "사이즈",
        "SentimentText": "사이즈가 생각보다 커서 놀랬어요.!! 큰게 더 맘에 들어요",
        "SentimentWord": "8",
        "SentimentPolarity": "1"
      },
      {
        "Aspect": "품질",
        "SentimentText": "기름 냄새는 심하지는 않아도 조금 나긴하네요... ",
        "SentimentWord": "6",
        "SentimentPolarity": "0"
      },
      {
        "Aspect": "기능",
        "SentimentText": "성능은 국내산 제품보다 좀더 화력이 쎈것 같고 더 따뜻해요~",
        "SentimentWord": "9",
        "SentimentPolarity": "1"
      }
    ]
  },
  {
    "Index": "36818",
    "RawText": "난로 성능은 정말 좋아서 만족해요. 저렴한줄 알고 기분좋게 주문했는데 관세가 정말 비싸서 주문한게 후회되네요...",
    "Source": "쇼핑몰",
    "Domain": "가전",
    "MainCategory": "계절가전",
    "ProductName": "토요토미 KS-67H 해외구매",
    "ReviewScore": "1",
    "Syllable": "63",
    "Word": "14",
    "RDate": "20220112",
    "GeneralPolarity": "0",
    "Aspects": [
      {
        "Aspect": "기능",
        "SentimentText": "난로 성능은 정말 좋아서 만족해요.",
        "SentimentWord": "5",
        "SentimentPolarity": "1"
      },
      {
        "Aspect": "가격",
        "SentimentText": "저렴한줄 알고 기분좋게 주문했는데 관세가 정말 비싸서 주문한게 후회되네요...",
        "SentimentWord": "9",
        "SentimentPolarity": "-1"
      }
    ]
  },
  {
    "Index": "36819",
    "RawText": "상품평이 좋아서 구매했는데 역시 화력도 좋고 따뜻해서 만족스럽네요~!! 사이즈도 생각한데로 적당해서 마음에 드네요.",
    "Source": "쇼핑몰",
    "Domain": "가전",
    "MainCategory": "계절가전",
    "ProductName": "토요토미 KS-67H 해외구매",
    "ReviewScore": "5",
    "Syllable": "64",
    "Word": "13",
    "RDate": "20210904",
    "Aspects": [
      {
        "Aspect": "기능",
        "SentimentText": "상품평이 좋아서 구매했는데 역시 화력도 좋고 따뜻해서 만족스럽네요~!!",
        "SentimentWord": "8",
        "SentimentPolarity": "1"
      },
      {
        "Aspect": "사이즈",
        "SentimentText": "사이즈도 생각한데로 적당해서 마음에 드네요.",
        "SentimentWord": "5",
        "SentimentPolarity": "1"
      }
    ]
  },
  {
    "Index": "36820",
    "RawText": "배송기간이 짧아서 좋아요. 저렴한 가격에 구입해서 만족합니다. 점화할때 냄새도 없어서 마음에 들어요.",
    "Source": "쇼핑몰",
    "Domain": "가전",
    "MainCategory": "계절가전",
    "ProductName": "토요토미 KS-67H 해외구매",
    "ReviewScore": "5",
    "Syllable": "56",
    "Word": "12",
    "RDate": "20180206",
    "Aspects": [
      {
        "Aspect": "가격",
        "SentimentText": "저렴한 가격에 구입해서 만족합니다.",
        "SentimentWord": "4",
        "SentimentPolarity": "1"
      },
      {
        "Aspect": "품질",
        "SentimentText": "점화할때 냄새도 없어서 마음에 들어요.",
        "SentimentWord": "5",
        "SentimentPolarity": "1"
      }
    ]
  },
  {
    "Index": "36821",
    "RawText": "디자인이 고급스럽고 예뻐서 마음에 들어요.  사이즈는 아담할줄 알았는데 실물로 보니 많이 크네요...살짝 아쉬워요",
    "Source": "쇼핑몰",
    "Domain": "가전",
    "MainCategory": "계절가전",
    "ProductName": "토요토미 KS-67H 해외구매",
    "ReviewScore": "5",
    "Syllable": "63",
    "Word": "13",
    "RDate": "20210331",
    "GeneralPolarity": "0",
    "Aspects": [
      {
        "Aspect": "디자인",
        "SentimentText": "디자인이 고급스럽고 예뻐서 마음에 들어요. ",
        "SentimentWord": "5",
        "SentimentPolarity": "1"
      },
      {
        "Aspect": "사이즈",
        "SentimentText": "사이즈는 아담할줄 알았는데 실물로 보니 많이 크네요...살짝 아쉬워요",
        "SentimentWord": "8",
        "SentimentPolarity": "0"
      }
    ]
  },
  {
    "Index": "36823",
    "RawText": "크기도 예상한데로 마음에 들고 사이즈 딱 좋네요~  배송도 문제없이 빠르게 잘 도착했고요^^ 사용하는데 하자있는 부분도 없고 퀄리티 좋은 제품입니다",
    "Source": "쇼핑몰",
    "Domain": "가전",
    "MainCategory": "계절가전",
    "ProductName": "토요토미 KS-67H 해외구매",
    "ReviewScore": "5",
    "Syllable": "82",
    "Word": "19",
    "RDate": "20181117",
    "Aspects": [
      {
        "Aspect": "사이즈",
        "SentimentText": "크기도 예상한데로 마음에 들고 사이즈 딱 좋네요~ ",
        "SentimentWord": "7",
        "SentimentPolarity": "1"
      },
      {
        "Aspect": "품질",
        "SentimentText": "사용하는데 하자있는 부분도 없고 퀄리티 좋은 제품입니다",
        "SentimentWord": "7",
        "SentimentPolarity": "1"
      }
    ]
  },
  {
    "Index": "36824",
    "RawText": "제품에 스크래치 없이 깔끔해서 만족합니다.  디자인도 둥글둥글 예뻐서 좋네요~^^",
    "Source": "쇼핑몰",
    "Domain": "가전",
    "MainCategory": "계절가전",
    "ProductName": "토요토미 KS-67H 해외구매",
    "ReviewScore": "5",
    "Syllable": "45",
    "Word": "9",
    "RDate": "20201125",
    "Aspects": [
      {
        "Aspect": "품질",
        "SentimentText": "제품에 스크래치 없이 깔끔해서 만족합니다.",
        "SentimentWord": "5",
        "SentimentPolarity": "1"
      },
      {
        "Aspect": "디자인",
        "SentimentText": "디자인도 둥글둥글 예뻐서 좋네요~^^",
        "SentimentWord": "4",
        "SentimentPolarity": "1"
      }
    ]
  },
  {
    "Index": "36826",
    "RawText": "사용방법이 쉬워서 작동하기 편해요. 그런데 제품 뒤쪽에 스크러치가 약간 있네요ㅠ",
    "Source": "쇼핑몰",
    "Domain": "가전",
    "MainCategory": "계절가전",
    "ProductName": "토요토미 KS-67H 해외구매",
    "ReviewScore": "5",
    "Syllable": "44",
    "Word": "10",
    "RDate": "20191118",
    "Aspects": [
      {
        "Aspect": "조작성",
        "SentimentText": "사용방법이 쉬워서 작동하기 편해요.",
        "SentimentWord": "4",
        "SentimentPolarity": "1"
      },
      {
        "Aspect": "품질",
        "SentimentText": "그런데 제품 뒤쪽에 스크러치가 약간 있네요ㅠ",
        "SentimentWord": "6",
        "SentimentPolarity": "-1"
      }
    ]
  },
  {
    "Index": "36828",
    "RawText": "일반주택에 난방비가 부담되서 겨울내 사용하는데 화력이 좋고 따듯해서 만족해요~~성능 굿 디자인도 동글해서 예쁘고 좋아요",
    "Source": "쇼핑몰",
    "Domain": "가전",
    "MainCategory": "계절가전",
    "ProductName": "토요토미 KS-67H 해외구매",
    "ReviewScore": "5",
    "Syllable": "66",
    "Word": "14",
    "RDate": "20171213",
    "GeneralPolarity": "1",
    "Aspects": [
      {
        "Aspect": "기능",
        "SentimentText": "일반주택에 난방비가 부담되서 겨울내 사용하는데 화력이 좋고 따듯해서 만족해요~~성능 굿",
        "SentimentWord": "10",
        "SentimentPolarity": "1"
      },
      {
        "Aspect": "디자인",
        "SentimentText": "디자인도 동글해서 예쁘고 좋아요 ",
        "SentimentWord": "4",
        "SentimentPolarity": "1"
      }
    ]
  },
  {
    "Index": "36829",
    "RawText": "수입제품이라 내키진않지만  간절기에 잠깐씩 켜놓으면 훈훈하고 따뜻해서 좋네요. 성능만은 강추!! 다만, 기름냄새 때문에 자주 환기시켜야해서 번거롭고 불편하네요...",
    "Source": "쇼핑몰",
    "Domain": "가전",
    "MainCategory": "계절가전",
    "ProductName": "토요토미 KS-67H 해외구매",
    "ReviewScore": "5",
    "Syllable": "91",
    "Word": "17",
    "RDate": "20180711",
    "Aspects": [
      {
        "Aspect": "기능",
        "SentimentText": "수입제품이라 내키진않지만  간절기에 잠깐씩 켜놓으면 훈훈하고 따뜻해서 좋네요. 성능만은 강추!!",
        "SentimentWord": "10",
        "SentimentPolarity": "0"
      },
      {
        "Aspect": "편의성",
        "SentimentText": "다만, 기름냄새 때문에 자주 환기시켜야해서 번거롭고 불편하네요...",
        "SentimentWord": "7",
        "SentimentPolarity": "-1"
      }
    ]
  },
  {
    "Index": "36830",
    "RawText": "관세미표기 가격이라 추가금액이 있었네요ㅜ 워낙 성능 좋기로 유명한 제품이라 그런지 사용법이 편리해서 매일 사용하고 있는데 정말 마음에 들어요.",
    "Source": "쇼핑몰",
    "Domain": "가전",
    "MainCategory": "계절가전",
    "ProductName": "토요토미 KS-67H 해외구매",
    "ReviewScore": "4",
    "Syllable": "79",
    "Word": "18",
    "RDate": "20210902",
    "Aspects": [
      {
        "Aspect": "가격",
        "SentimentText": "관세미표기 가격이라 추가금액이 있었네요ㅜ",
        "SentimentWord": "4",
        "SentimentPolarity": "-1"
      },
      {
        "Aspect": "조작성",
        "SentimentText": "사용법이 편리해서 매일 사용하고 있는데 정말 마음에 들어요.",
        "SentimentWord": "8",
        "SentimentPolarity": "1"
      }
    ]
  },
  {
    "Index": "36831",
    "RawText": "생각했던 것보다 화력이 쎄요^^따뜻해서 만족스럽고~그런데 소화시 냄새가  심해서 조심히 외부로 옮간후 끄는게 조금 불편해요~",
    "Source": "쇼핑몰",
    "Domain": "가전",
    "MainCategory": "계절가전",
    "ProductName": "토요토미 KS-67H 해외구매",
    "ReviewScore": "5",
    "Syllable": "69",
    "Word": "14",
    "RDate": "20190103",
    "GeneralPolarity": "0",
    "Aspects": [
      {
        "Aspect": "기능",
        "SentimentText": "생각했던 것보다 화력이 쎄요^^따뜻해서 만족스럽고~",
        "SentimentWord": "5",
        "SentimentPolarity": "1"
      },
      {
        "Aspect": "품질",
        "SentimentText": "소화시 냄새가  심해서 조심히 외부로 옮간후 끄는게 조금 불편해요~",
        "SentimentWord": "9",
        "SentimentPolarity": "-1"
      }
    ]
  },
  {
    "Index": "36832",
    "RawText": "배송은 주말포함해서 13일정도 소요되어 안전하게 잘 왔어요!  사이즈가 작은줄 알았는데 생각보다 커서  더 좋고요^^  성능좋고 따뜻해서 매우 좋습니다.",
    "Source": "쇼핑몰",
    "Domain": "가전",
    "MainCategory": "계절가전",
    "ProductName": "토요토미 KS-67H 해외구매",
    "ReviewScore": "5",
    "Syllable": "85",
    "Word": "18",
    "RDate": "20191117",
    "Aspects": [
      {
        "Aspect": "사이즈",
        "SentimentText": "사이즈가 작은줄 알았는데 생각보다 커서  더 좋고요^^",
        "SentimentWord": "7",
        "SentimentPolarity": "1"
      },
      {
        "Aspect": "기능",
        "SentimentText": " 성능좋고 따뜻해서 매우 좋습니다.",
        "SentimentWord": "4",
        "SentimentPolarity": "1"
      }
    ]
  },
  {
    "Index": "36833",
    "RawText": "성능 좋은 제품을 따뜻하게 잘 사용하고 있는데  가격도 저렴하게 구매해서 만족스럽습니다. 배송도 오래 걸릴줄 알았는데 생각보다  빨라서 좋았어요^^",
    "Source": "쇼핑몰",
    "Domain": "가전",
    "MainCategory": "계절가전",
    "ProductName": "토요토미 KS-67H 해외구매",
    "ReviewScore": "5",
    "Syllable": "82",
    "Word": "18",
    "RDate": "20180206",
    "Aspects": [
      {
        "Aspect": "기능",
        "SentimentText": "성능 좋은 제품을 따뜻하게 잘 사용하고 있는데",
        "SentimentWord": "7",
        "SentimentPolarity": "1"
      },
      {
        "Aspect": "가격",
        "SentimentText": " 가격도 저렴하게 구매해서 만족스럽습니다.",
        "SentimentWord": "4",
        "SentimentPolarity": "1"
      }
    ]
  },
  {
    "Index": "36834",
    "RawText": "화력이 좋아서 정말 따뜻하고 훈훈해서 좋습니다. 기름냄새는 점화시  거의 없지만 소화시는 나긴 하는데...  참을만해요",
    "Source": "쇼핑몰",
    "Domain": "가전",
    "MainCategory": "계절가전",
    "ProductName": "토요토미 KS-67H 해외구매",
    "ReviewScore": "5",
    "Syllable": "66",
    "Word": "14",
    "RDate": "20180201",
    "GeneralPolarity": "1",
    "Aspects": [
      {
        "Aspect": "기능",
        "SentimentText": "화력이 좋아서 정말 따뜻하고 훈훈해서 좋습니다.",
        "SentimentWord": "6",
        "SentimentPolarity": "1"
      },
      {
        "Aspect": "품질",
        "SentimentText": "기름냄새는 점화시  거의 없지만 소화시는 나긴 하는데...  참을만해요 ",
        "SentimentWord": "8",
        "SentimentPolarity": "0"
      }
    ]
  },
  {
    "Index": "36835",
    "RawText": "전원을 켰다가 끌때 외에는 냄새가 없어서 만족하며 사용하고 있어요. 아담한 사이즈가 마음에 드네요.",
    "Source": "쇼핑몰",
    "Domain": "가전",
    "MainCategory": "계절가전",
    "ProductName": "토요토미 KS-67H 해외구매",
    "ReviewScore": "5",
    "Syllable": "55",
    "Word": "13",
    "RDate": "20201206",
    "GeneralPolarity": "0",
    "Aspects": [
      {
        "Aspect": "품질",
        "SentimentText": "전원을 켰다가 끌때 외에는 냄새가 없어서 만족하며 사용하고 있어요.",
        "SentimentWord": "9",
        "SentimentPolarity": "0"
      },
      {
        "Aspect": "사이즈",
        "SentimentText": "아담한 사이즈가 마음에 드네요.",
        "SentimentWord": "4",
        "SentimentPolarity": "1"
      }
    ]
  },
  {
    "Index": "36837",
    "RawText": "점화시 석유 냄새는 거의 없는데 소화시 냄새가 조금 나요. 냄새가 좀 아쉽네요~ 캠핑시 불꽃창이 있어서 운치있고 화력이 쎄서 정말 따뜻하니 좋아요^^",
    "Source": "쇼핑몰",
    "Domain": "가전",
    "MainCategory": "계절가전",
    "ProductName": "토요토미 KS-67H 해외구매",
    "ReviewScore": "4",
    "Syllable": "83",
    "Word": "21",
    "RDate": "20200126",
    "GeneralPolarity": "0",
    "Aspects": [
      {
        "Aspect": "품질",
        "SentimentText": "점화시 석유 냄새는 거의 없는데 소화시 냄새가 조금 나요. 냄새가 좀 아쉽네요~",
        "SentimentWord": "12",
        "SentimentPolarity": "0"
      },
      {
        "Aspect": "기능",
        "SentimentText": "캠핑시 불꽃창이 있어서 운치있고 화력이 쎄서 정말 따뜻하니 좋아요^^",
        "SentimentWord": "9",
        "SentimentPolarity": "1"
      }
    ]
  },
  {
    "Index": "36838",
    "RawText": "전원을 키고 끌때 기름 냄새가 나는 불편함이 있지만 자주 환기 시켜주니 코에 별 자극없어 괜찮아요~~ 가성비 좋은 제품으로 구입해서 너무 마음에 드네요~~^^!!",
    "Source": "쇼핑몰",
    "Domain": "가전",
    "MainCategory": "계절가전",
    "ProductName": "토요토미 KS-67H 해외구매",
    "ReviewScore": "5",
    "Syllable": "90",
    "Word": "22",
    "RDate": "20180117",
    "GeneralPolarity": "0",
    "Aspects": [
      {
        "Aspect": "품질",
        "SentimentText": "전원을 키고 끌때 기름 냄새가 나는 불편함이 있지만 자주 환기 시켜주니 코에 별 자극없어 괜찮아요~~",
        "SentimentWord": "15",
        "SentimentPolarity": "0"
      },
      {
        "Aspect": "가격",
        "SentimentText": "가성비 좋은 제품으로 구입해서 너무 마음에 드네요~~^^!!",
        "SentimentWord": "7",
        "SentimentPolarity": "1"
      }
    ]
  },
  {
    "Index": "36839",
    "RawText": "사이즈도 적당하니 너무 좋습니다!! 화력 좋아서 따뜻하게 아주 잘 사용하고 있어요 적극 추천합니다!!!",
    "Source": "쇼핑몰",
    "Domain": "가전",
    "MainCategory": "계절가전",
    "ProductName": "토요토미 KS-67H 해외구매",
    "ReviewScore": "5",
    "Syllable": "57",
    "Word": "13",
    "RDate": "20171211",
    "Aspects": [
      {
        "Aspect": "사이즈",
        "SentimentText": "사이즈도 적당하니 너무 좋습니다!!",
        "SentimentWord": "4",
        "SentimentPolarity": "1"
      },
      {
        "Aspect": "기능",
        "SentimentText": "화력 좋아서 따뜻하게 아주 잘 사용하고 있어요 적극 추천합니다!!!",
        "SentimentWord": "9",
        "SentimentPolarity": "1"
      }
    ]
  },
  {
    "Index": "36843",
    "RawText": "조작법이 어려워 처음엔 제품불량인줄 알고 마음 고생 심하게 했네요.... 점화속도가 빠른 제품이라 추위걱정 없는 캠핑생활을 하고 있어요^^ㅎㅎ",
    "Source": "쇼핑몰",
    "Domain": "가전",
    "MainCategory": "계절가전",
    "ProductName": "토요토미 KS-67H 해외구매",
    "ReviewScore": "5",
    "Syllable": "79",
    "Word": "17",
    "RDate": "20191222",
    "Aspects": [
      {
        "Aspect": "조작성",
        "SentimentText": "조작법이 어려워 처음엔 제품불량인줄 알고 마음 고생 심하게 했네요....",
        "SentimentWord": "9",
        "SentimentPolarity": "-1"
      },
      {
        "Aspect": "시간/속도",
        "SentimentText": "점화속도가 빠른 제품이라 추위걱정 없는 캠핑생활을 하고 있어요^^ㅎㅎ",
        "SentimentWord": "8",
        "SentimentPolarity": "1"
      }
    ]
  },
  {
    "Index": "36844",
    "RawText": "열량이 높아 추위걱정 없어 만족해요. 운모창을 통해 보이는 불꽃이 예뻐서 눈이 더 즐거워진 밤캠핑을 즐기고 있어요.",
    "Source": "쇼핑몰",
    "Domain": "가전",
    "MainCategory": "계절가전",
    "ProductName": "토요토미 KS-67H 해외구매",
    "ReviewScore": "5",
    "Syllable": "64",
    "Word": "16",
    "RDate": "20191122",
    "GeneralPolarity": "1",
    "Aspects": [
      {
        "Aspect": "기능",
        "SentimentText": "열량이 높아 추위걱정 없어 만족해요.",
        "SentimentWord": "5",
        "SentimentPolarity": "1"
      },
      {
        "Aspect": "디자인",
        "SentimentText": "운모창을 통해 보이는 불꽃이 예뻐서 눈이 더 즐거워진 밤캠핑을 즐기고 있어요.",
        "SentimentWord": "11",
        "SentimentPolarity": "1"
      }
    ]
  },
  {
    "Index": "36845",
    "RawText": "배송은 늦게 와서 아쉽지만 따뜻하네요^^ 등유 가득넣고 약한불로 잤더니 금방 꺼져버려 아쉽네요",
    "Source": "쇼핑몰",
    "Domain": "가전",
    "MainCategory": "계절가전",
    "ProductName": "토요토미 KS-67H 해외구매",
    "ReviewScore": "5",
    "Syllable": "52",
    "Word": "12",
    "RDate": "20190203",
    "Aspects": [
      {
        "Aspect": "기능",
        "SentimentText": "따뜻하네요^^",
        "SentimentWord": "1",
        "SentimentPolarity": "1"
      },
      {
        "Aspect": "소비전력",
        "SentimentText": "등유 가득넣고 약한불로 잤더니 금방 꺼져버려 아쉽네요",
        "SentimentWord": "7",
        "SentimentPolarity": "-1"
      }
    ]
  },
  {
    "Index": "36846",
    "RawText": "전원을 천천히 돌려 꺼도 등유냄새가 나서 코가 맵고 불편하지만 보온 유지력이 높아 따뜻한겨울 보내고 있어요~^^",
    "Source": "쇼핑몰",
    "Domain": "가전",
    "MainCategory": "계절가전",
    "ProductName": "토요토미 KS-67H 해외구매",
    "ReviewScore": "5",
    "Syllable": "62",
    "Word": "15",
    "RDate": "20211022",
    "GeneralPolarity": "0",
    "Aspects": [
      {
        "Aspect": "품질",
        "SentimentText": "전원을 천천히 돌려 꺼도 등유냄새가 나서 코가 맵고 불편하지만",
        "SentimentWord": "9",
        "SentimentPolarity": "-1"
      },
      {
        "Aspect": "기능",
        "SentimentText": "보온 유지력이 높아 따뜻한겨울 보내고 있어요~^^",
        "SentimentWord": "6",
        "SentimentPolarity": "1"
      }
    ]
  },
  {
    "Index": "36847",
    "RawText": "난로 켜면 금방 따뜻해져서 너무 좋아요~~ 끌 떄 환기만 잘하면 다른 제품과 냄새가 거의 나지 않아 굿~",
    "Source": "쇼핑몰",
    "Domain": "가전",
    "MainCategory": "계절가전",
    "ProductName": "토요토미 KS-67H 해외구매",
    "ReviewScore": "5",
    "Syllable": "58",
    "Word": "17",
    "RDate": "20180214",
    "GeneralPolarity": "1",
    "Aspects": [
      {
        "Aspect": "기능",
        "SentimentText": "난로 켜면 금방 따뜻해져서 너무 좋아요~~",
        "SentimentWord": "6",
        "SentimentPolarity": "1"
      },
      {
        "Aspect": "품질",
        "SentimentText": "끌 떄 환기만 잘하면 다른 제품과 냄새가 거의 나지 않아 굿~",
        "SentimentWord": "11",
        "SentimentPolarity": "1"
      }
    ]
  },
  {
    "Index": "36848",
    "RawText": "거실이 넓은데도 금방 훈훈해지네요^^  생각보다 효율도 좋아서 기름이 많이 안닳네요^^",
    "Source": "쇼핑몰",
    "Domain": "가전",
    "MainCategory": "계절가전",
    "ProductName": "토요토미 KS-67H 해외구매",
    "ReviewScore": "5",
    "Syllable": "48",
    "Word": "10",
    "RDate": "20220214",
    "GeneralPolarity": "1",
    "Aspects": [
      {
        "Aspect": "기능",
        "SentimentText": "거실이 넓은데도 금방 훈훈해지네요^^",
        "SentimentWord": "4",
        "SentimentPolarity": "1"
      },
      {
        "Aspect": "소비전력",
        "SentimentText": "생각보다 효율도 좋아서 기름이 많이 안닳네요^^",
        "SentimentWord": "6",
        "SentimentPolarity": "1"
      }
    ]
  },
  {
    "Index": "36849",
    "RawText": "영하의  기온에서 사용하는데 역시 000보다  화력이 2배이상 강해 굉장히 따뜻해요!! 쿠폰 사용해서 저렴한 가격에 구매해서 좋아요. 추천합니다~",
    "Source": "쇼핑몰",
    "Domain": "가전",
    "MainCategory": "계절가전",
    "ProductName": "토요토미 KS-67H 해외구매",
    "ReviewScore": "5",
    "Syllable": "81",
    "Word": "17",
    "RDate": "20211213",
    "Aspects": [
      {
        "Aspect": "기능",
        "SentimentText": "영하의  기온에서 사용하는데 역시 000보다  화력이 2배이상 강해 굉장히 따뜻해요!!",
        "SentimentWord": "10",
        "SentimentPolarity": "1"
      },
      {
        "Aspect": "가격",
        "SentimentText": "쿠폰 사용해서 저렴한 가격에 구매해서 좋아요. 추천합니다~",
        "SentimentWord": "7",
        "SentimentPolarity": "1"
      }
    ]
  },
  {
    "Index": "36850",
    "RawText": "저렴한 가격에 잘 구매했어요~ 해외배송인데도 포장 꼼꼼하게 해서 보내주셔서 감사해요~ 난로 상태 모두 굿!",
    "Source": "쇼핑몰",
    "Domain": "가전",
    "MainCategory": "계절가전",
    "ProductName": "토요토미 KS-67H 해외구매",
    "ReviewScore": "5",
    "Syllable": "59",
    "Word": "14",
    "RDate": "20171223",
    "Aspects": [
      {
        "Aspect": "가격",
        "SentimentText": "저렴한 가격에 잘 구매했어요~",
        "SentimentWord": "4",
        "SentimentPolarity": "1"
      },
      {
        "Aspect": "품질",
        "SentimentText": "난로 상태 모두 굿!",
        "SentimentWord": "4",
        "SentimentPolarity": "1"
      }
    ]
  },
  {
    "Index": "36851",
    "RawText": "직구상품이라 배송은 좀 느려서 아쉽지만 포장은 찌그러짐 없이 깨끗하게 왔어요 감사합니다! 이동하기에는 너무 무겁습니다. 가격대비 가성비 쾅이에요",
    "Source": "쇼핑몰",
    "Domain": "가전",
    "MainCategory": "계절가전",
    "ProductName": "토요토미 KS-67H 해외구매",
    "ReviewScore": "5",
    "Syllable": "80",
    "Word": "17",
    "RDate": "20211012",
    "Aspects": [
      {
        "Aspect": "무게",
        "SentimentText": "이동하기에는 너무 무겁습니다.",
        "SentimentWord": "3",
        "SentimentPolarity": "-1"
      },
      {
        "Aspect": "가격",
        "SentimentText": "가격대비 가성비 쾅이에요",
        "SentimentWord": "3",
        "SentimentPolarity": "-1"
      }
    ]
  },
  {
    "Index": "36852",
    "RawText": "이것저것 비용 포함해도 좋은 가격에 잘 구매했어요^^  작동도 잘 되고 만족합니다!  ",
    "Source": "쇼핑몰",
    "Domain": "가전",
    "MainCategory": "계절가전",
    "ProductName": "토요토미 KS-67H 해외구매",
    "ReviewScore": "4",
    "Syllable": "48",
    "Word": "11",
    "RDate": "20211005",
    "Aspects": [
      {
        "Aspect": "가격",
        "SentimentText": "이것저것 비용 포함해도 좋은 가격에 잘 구매했어요^^",
        "SentimentWord": "7",
        "SentimentPolarity": "1"
      },
      {
        "Aspect": "품질",
        "SentimentText": "작동도 잘 되고 만족합니다!",
        "SentimentWord": "4",
        "SentimentPolarity": "1"
      }
    ]
  },
  {
    "Index": "36853",
    "RawText": "디자인이 깔끔하고 너무 좋아요!!  제품은 파손된곳 없이 잘 도착했고 품질이 좋아보여요^^",
    "Source": "쇼핑몰",
    "Domain": "가전",
    "MainCategory": "계절가전",
    "ProductName": "토요토미 KS-67H 해외구매",
    "ReviewScore": "5",
    "Syllable": "50",
    "Word": "11",
    "RDate": "20220123",
    "Aspects": [
      {
        "Aspect": "디자인",
        "SentimentText": "디자인이 깔끔하고 너무 좋아요!! ",
        "SentimentWord": "4",
        "SentimentPolarity": "1"
      },
      {
        "Aspect": "품질",
        "SentimentText": "제품은 파손된곳 없이 잘 도착했고 품질이 좋아보여요^^",
        "SentimentWord": "7",
        "SentimentPolarity": "1"
      }
    ]
  },
  {
    "Index": "36854",
    "RawText": "배송은 정말 너무 오래걸리네요ㅜ  제품은 파손없이 잘 도착했고 모퉁이같은 부분의 마감처리도 깔끔합니다 디자인은 아담해서 예쁘네요~ 6평되는 공간에서 사용해보니 정말 따뜻하고 성능좋습니다",
    "Source": "쇼핑몰",
    "Domain": "가전",
    "MainCategory": "계절가전",
    "ProductName": "토요토미 RS-H291-W 해외구매",
    "ReviewScore": "5",
    "Syllable": "103",
    "Word": "21",
    "RDate": "20210928",
    "Aspects": [
      {
        "Aspect": "품질",
        "SentimentText": "제품은 파손없이 잘 도착했고 모퉁이같은 부분의 마감처리도 깔끔합니다",
        "SentimentWord": "8",
        "SentimentPolarity": "1"
      },
      {
        "Aspect": "디자인",
        "SentimentText": "디자인은 아담해서 예쁘네요~",
        "SentimentWord": "3",
        "SentimentPolarity": "1"
      },
      {
        "Aspect": "기능",
        "SentimentText": "6평되는 공간에서 사용해보니 정말 따뜻하고 성능좋습니다",
        "SentimentWord": "6",
        "SentimentPolarity": "1"
      }
    ]
  },
  {
    "Index": "36855",
    "RawText": "해외배송이라 배송은 많이 늦었어요   제품포장은 꼼꼼하게 포장해주셔서 잘 왔어요~ ^^ 연료탱크의 용량이 작아서 금방 기름이 떨어지네요 그럼에도 불구하고 전체 사이즈가 커서 이동하기 불편합니다.",
    "Source": "쇼핑몰",
    "Domain": "가전",
    "MainCategory": "계절가전",
    "ProductName": "토요토미 RS-H291-W 해외구매",
    "ReviewScore": "5",
    "Syllable": "108",
    "Word": "23",
    "RDate": "20210927",
    "Aspects": [
      {
        "Aspect": "용량",
        "SentimentText": "연료탱크의 용량이 작아서 금방 기름이 떨어지네요",
        "SentimentWord": "6",
        "SentimentPolarity": "-1"
      },
      {
        "Aspect": "사이즈",
        "SentimentText": "그럼에도 불구하고 전체 사이즈가 커서 이동하기 불편합니다.",
        "SentimentWord": "7",
        "SentimentPolarity": "-1"
      }
    ]
  },
  {
    "Index": "36856",
    "RawText": "가격은 저렴해서 너무 좋아요!   제품 유리망에 약간 금이 가있네요 ㅠㅠ  ",
    "Source": "쇼핑몰",
    "Domain": "가전",
    "MainCategory": "계절가전",
    "ProductName": "토요토미 RS-H291-W 해외구매",
    "ReviewScore": "5",
    "Syllable": "42",
    "Word": "10",
    "RDate": "20211025",
    "Aspects": [
      {
        "Aspect": "가격",
        "SentimentText": "가격은 저렴해서 너무 좋아요! ",
        "SentimentWord": "4",
        "SentimentPolarity": "1"
      },
      {
        "Aspect": "품질",
        "SentimentText": "제품 유리망에 약간 금이 가있네요 ㅠㅠ",
        "SentimentWord": "6",
        "SentimentPolarity": "-1"
      }
    ]
  },
  {
    "Index": "36857",
    "RawText": "생각보다 사이즈가 넘 작네요ㅠㅠ  제품마감은 안좋네요 ㅠㅠ 등유통에 녹이 슬어있어요 ㅠ",
    "Source": "쇼핑몰",
    "Domain": "가전",
    "MainCategory": "계절가전",
    "ProductName": "토요토미 RS-H291-W 해외구매",
    "ReviewScore": "3",
    "Syllable": "48",
    "Word": "11",
    "RDate": "20210929",
    "Aspects": [
      {
        "Aspect": "사이즈",
        "SentimentText": "생각보다 사이즈가 넘 작네요ㅠㅠ",
        "SentimentWord": "4",
        "SentimentPolarity": "-1"
      },
      {
        "Aspect": "품질",
        "SentimentText": "제품마감은 안좋네요 ㅠㅠ 등유통에 녹이 슬어있어요 ㅠ",
        "SentimentWord": "7",
        "SentimentPolarity": "-1"
      }
    ]
  },
  {
    "Index": "36858",
    "RawText": "제품 가격 저렴하게 구입해서 좋습니다. ~ 제품 사이즈도 무척 귀엽고 앙증맞네요.. 만족해요 ^^",
    "Source": "쇼핑몰",
    "Domain": "가전",
    "MainCategory": "계절가전",
    "ProductName": "토요토미 RS-H291-W 해외구매",
    "ReviewScore": "5",
    "Syllable": "54",
    "Word": "13",
    "RDate": "20210927",
    "GeneralPolarity": "1",
    "Aspects": [
      {
        "Aspect": "가격",
        "SentimentText": "제품 가격 저렴하게 구입해서 좋습니다. ~",
        "SentimentWord": "6",
        "SentimentPolarity": "1"
      },
      {
        "Aspect": "사이즈",
        "SentimentText": "제품 사이즈도 무척 귀엽고 앙증맞네요.. 만족해요 ^^ ",
        "SentimentWord": "7",
        "SentimentPolarity": "1"
      }
    ]
  },
  {
    "Index": "36859",
    "RawText": "제품 유리관이 깨져 있네요 ㅜ 크기도 생각보다 많이 작아요 ㅜ",
    "Source": "쇼핑몰",
    "Domain": "가전",
    "MainCategory": "계절가전",
    "ProductName": "토요토미 RS-H291-W 해외구매",
    "ReviewScore": "5",
    "Syllable": "34",
    "Word": "10",
    "RDate": "20210927",
    "Aspects": [
      {
        "Aspect": "품질",
        "SentimentText": "제품 유리관이 깨져 있네요 ㅜ",
        "SentimentWord": "5",
        "SentimentPolarity": "-1"
      },
      {
        "Aspect": "사이즈",
        "SentimentText": "크기도 생각보다 많이 작아요 ㅜ",
        "SentimentWord": "5",
        "SentimentPolarity": "-1"
      }
    ]
  },
  {
    "Index": "36862",
    "RawText": "해외배송이라 제품 손상될까 무척 걱정했는데 제품에 하자 없이 안전하게 도착해서 좋네요 제품도 뽁뽁이로 꼼꼼하게 포장 잘해주셔서 만족하고 감사드려요~!. 캠핑용으로 구입했는데 따뜻하지 않아서 화나네요 그럼에도 불구하고 기름은 엄청 먹어요.ㅠㅠ",
    "Source": "쇼핑몰",
    "Domain": "가전",
    "MainCategory": "계절가전",
    "ProductName": "토요토미 RS-H291-W 해외구매",
    "ReviewScore": "5",
    "Syllable": "134",
    "Word": "28",
    "RDate": "20210927",
    "Aspects": [
      {
        "Aspect": "기능",
        "SentimentText": "캠핑용으로 구입했는데 따뜻하지 않아서 화나네요",
        "SentimentWord": "5",
        "SentimentPolarity": "-1"
      },
      {
        "Aspect": "소비전력",
        "SentimentText": "그럼에도 불구하고 기름은 엄청 먹어요.ㅠㅠ",
        "SentimentWord": "5",
        "SentimentPolarity": "-1"
      }
    ]
  },
  {
    "Index": "36864",
    "RawText": "이 제품을 선택한 가장 큰 이유가 디자인이 예뻐서 너무 마음에 들었어요.  화력도 좋고 따뜻해서 만족해요.",
    "Source": "쇼핑몰",
    "Domain": "가전",
    "MainCategory": "계절가전",
    "ProductName": "토요토미 RS-H291-W 해외구매",
    "ReviewScore": "5",
    "Syllable": "59",
    "Word": "15",
    "RDate": "20211025",
    "Aspects": [
      {
        "Aspect": "디자인",
        "SentimentText": "이 제품을 선택한 가장 큰 이유가 디자인이 예뻐서 너무 마음에 들었어요. ",
        "SentimentWord": "11",
        "SentimentPolarity": "1"
      },
      {
        "Aspect": "기능",
        "SentimentText": "화력도 좋고 따뜻해서 만족해요.",
        "SentimentWord": "4",
        "SentimentPolarity": "1"
      }
    ]
  },
  {
    "Index": "36867",
    "RawText": "간절기용으로 구입 실내공기가 따뜻하고 화력이 좋아 매우 만족해요.  제품 사용해보니 아주 견고하고 튼튼해서 고장없이 사용할 수 있을것 같아 좋습니다.",
    "Source": "쇼핑몰",
    "Domain": "가전",
    "MainCategory": "계절가전",
    "ProductName": "토요토미 RSX-230B 해외구매",
    "ReviewScore": "5",
    "Syllable": "83",
    "Word": "19",
    "RDate": "20210617",
    "Aspects": [
      {
        "Aspect": "기능",
        "SentimentText": "실내공기가 따뜻하고 화력이 좋아 매우 만족해요. ",
        "SentimentWord": "6",
        "SentimentPolarity": "1"
      },
      {
        "Aspect": "내구성",
        "SentimentText": "제품 사용해보니 아주 견고하고 튼튼해서 고장없이 사용할 수 있을것 같아 좋습니다. ",
        "SentimentWord": "11",
        "SentimentPolarity": "1"
      }
    ]
  },
  {
    "Index": "36871",
    "RawText": "해외배송이라 걱정했는데 1주일만에 빨리 도착해 만족해요.  제품 포장을 꼼꼼하게 완충작업까지해서인지 찌그러진 곳이 전혀 없이 와서 기분 좋네요. ^^ 이번주 테스트 제대로 해봐야겠어요. 작동을 하면 심한 기름냄새가 나서 머리가 아프네요.  그리고 작은방에서 켜놓았는데도 주변에 온기가 없네요. 하나도 따뜻하지 않아요.",
    "Source": "쇼핑몰",
    "Domain": "가전",
    "MainCategory": "계절가전",
    "ProductName": "토요토미 RSX-230B 해외구매",
    "ReviewScore": "4",
    "Syllable": "177",
    "Word": "38",
    "RDate": "20210915",
    "Aspects": [
      {
        "Aspect": "품질",
        "SentimentText": "작동을 하면 심한 기름냄새가 나서 머리가 아프네요. ",
        "SentimentWord": "7",
        "SentimentPolarity": "-1"
      },
      {
        "Aspect": "기능",
        "SentimentText": "그리고 작은방에서 켜놓았는데도 주변에 온기가 없네요. 하나도 따뜻하지 않아요.",
        "SentimentWord": "9",
        "SentimentPolarity": "-1"
      }
    ]
  },
  {
    "Index": "36872",
    "RawText": "해외 배송이라 느릴거라 생각했는데 주문후 도착까지 8일만에 빨리 와서 만족해요.  다만 제품 박스가 좀 지저분하고 찌그러져 있어서 받았을때 기분이 별로였어요. 포장이 문제였던것 같네요. 정면 바닥이 깨져있어서 반품하고 싶네요.ㅠㅠ 저렴하게 구매하고싶어서 여기저기 조사해서 구매했는데 바가지를 썼네요.",
    "Source": "쇼핑몰",
    "Domain": "가전",
    "MainCategory": "계절가전",
    "ProductName": "토요토미 RSX-230B 해외구매",
    "ReviewScore": "5",
    "Syllable": "167",
    "Word": "35",
    "RDate": "20210616",
    "Aspects": [
      {
        "Aspect": "품질",
        "SentimentText": "정면 바닥이 깨져있어서 반품하고 싶네요.ㅠㅠ",
        "SentimentWord": "5",
        "SentimentPolarity": "-1"
      },
      {
        "Aspect": "가격",
        "SentimentText": "저렴하게 구매하고싶어서 여기저기 조사해서 구매했는데 바가지를 썼네요.",
        "SentimentWord": "7",
        "SentimentPolarity": "-1"
      }
    ]
  },
  {
    "Index": "36873",
    "RawText": "제품 사용하다 5분정도 되면 전원이 나가네요. ㅜ 제품 불량 같아요.  회사에서 사용중인데 전압이 이상하게 부족하네요.. ㅜ 제품 불량인지 걱정입니다.",
    "Source": "쇼핑몰",
    "Domain": "가전",
    "MainCategory": "계절가전",
    "ProductName": "툴스타 TS-FH2K",
    "ReviewScore": "5",
    "Syllable": "84",
    "Word": "19",
    "RDate": "20180125",
    "GeneralPolarity": "-1",
    "Aspects": [
      {
        "Aspect": "품질",
        "SentimentText": "제품 사용하다 5분정도 되면 전원이 나가네요. ㅜ 제품 불량 같아요. ",
        "SentimentWord": "10",
        "SentimentPolarity": "-1"
      },
      {
        "Aspect": "품질",
        "SentimentText": "회사에서 사용중인데 전압이 이상하게 부족하네요.. ㅜ 제품 불량인지 걱정입니다. ",
        "SentimentWord": "9",
        "SentimentPolarity": "-1"
      }
    ]
  },
  {
    "Index": "36874",
    "RawText": "사무실에서 사용인데 제품이 작아 보관이 용이해 좋네요.  또 성능도 좋아서 금새 따듯해져 좋아요.  이 사이즈에 가게 전체를 훈훈하게 해줘서 이정도 성능이면 아주 만족해요.  ",
    "Source": "쇼핑몰",
    "Domain": "가전",
    "MainCategory": "계절가전",
    "ProductName": "툴스타 TS-FH2K",
    "ReviewScore": "5",
    "Syllable": "98",
    "Word": "23",
    "RDate": "20220119",
    "GeneralPolarity": "1",
    "Aspects": [
      {
        "Aspect": "사이즈",
        "SentimentText": "사무실에서 사용인데 제품이 작아 보관이 용이해 좋네요. ",
        "SentimentWord": "7",
        "SentimentPolarity": "1"
      },
      {
        "Aspect": "기능",
        "SentimentText": "또 성능도 좋아서 금새 따듯해져 좋아요. ",
        "SentimentWord": "6",
        "SentimentPolarity": "1"
      },
      {
        "Aspect": "기능",
        "SentimentText": "이 사이즈에 가게 전체를 훈훈하게 해줘서 이정도 성능이면 아주 만족해요. ",
        "SentimentWord": "10",
        "SentimentPolarity": "1"
      }
    ]
  },
  {
    "Index": "36875",
    "RawText": "와 ~ 제품 가격대비 가성비 정말 좋아요. 짱~!  제품 성능이 정말 탁월해서 무척 따뜻해요..  고맙습니다. 구입하길 정말 잘했어요 ~! ,",
    "Source": "쇼핑몰",
    "Domain": "가전",
    "MainCategory": "계절가전",
    "ProductName": "툴스타 TS-FH2K",
    "ReviewScore": "5",
    "Syllable": "79",
    "Word": "20",
    "RDate": "20220206",
    "GeneralPolarity": "1",
    "Aspects": [
      {
        "Aspect": "가격",
        "SentimentText": "와 ~ 제품 가격대비 가성비 정말 좋아요. 짱~! ",
        "SentimentWord": "8",
        "SentimentPolarity": "1"
      },
      {
        "Aspect": "기능",
        "SentimentText": "제품 성능이 정말 탁월해서 무척 따뜻해요..  고맙습니다. 구입하길 정말 잘했어요 ~! , ",
        "SentimentWord": "12",
        "SentimentPolarity": "1"
      }
    ]
  },
  {
    "Index": "36876",
    "RawText": "제품 가격 저렴해서 좋아요.  제품 품질도 만족해요.  제품 성능도 우수해서 다 맘에 듭니다.  특히 A/S센터에 제품 문의 했을때 친절하게 응대해주셔서 감사했어요.",
    "Source": "쇼핑몰",
    "Domain": "가전",
    "MainCategory": "계절가전",
    "ProductName": "툴스타 TS-FH2K",
    "ReviewScore": "5",
    "Syllable": "92",
    "Word": "21",
    "RDate": "20190125",
    "Aspects": [
      {
        "Aspect": "가격",
        "SentimentText": "제품 가격 저렴해서 좋아요. ",
        "SentimentWord": "4",
        "SentimentPolarity": "1"
      },
      {
        "Aspect": "품질",
        "SentimentText": "제품 품질도 만족해요. ",
        "SentimentWord": "3",
        "SentimentPolarity": "1"
      },
      {
        "Aspect": "기능",
        "SentimentText": "제품 성능도 우수해서 다 맘에 듭니다. ",
        "SentimentWord": "6",
        "SentimentPolarity": "1"
      }
    ]
  },
  {
    "Index": "36877",
    "RawText": "제품 가벼워 휴대하기 편리하고 좋네요.  캠핑용으로 집에서도 사이즈가 아담해서 사용이 편리하고 제품 사용해보니 활용도가 커서 만족해요.  와이프도 만족해해요. 다음에 큰걸로 하나 더 구입할거에요.",
    "Source": "쇼핑몰",
    "Domain": "가전",
    "MainCategory": "계절가전",
    "ProductName": "툴스타 TS-FH2K",
    "ReviewScore": "5",
    "Syllable": "109",
    "Word": "23",
    "RDate": "20180220",
    "GeneralPolarity": "1",
    "Aspects": [
      {
        "Aspect": "무게",
        "SentimentText": "제품 가벼워 휴대하기 편리하고 좋네요. ",
        "SentimentWord": "5",
        "SentimentPolarity": "1"
      },
      {
        "Aspect": "사이즈",
        "SentimentText": "캠핑용으로 집에서도 사이즈가 아담해서 사용이 편리하고",
        "SentimentWord": "6",
        "SentimentPolarity": "1"
      },
      {
        "Aspect": "편의성",
        "SentimentText": "제품 사용해보니 활용도가 커서 만족해요. ",
        "SentimentWord": "5",
        "SentimentPolarity": "1"
      }
    ]
  },
  {
    "Index": "36878",
    "RawText": "소음이 없어 좋고 좋은 가격에 잘 샀어요~   풍량은 약한점이 좀 아쉽지만  따뜻한 바람이 무지 잘 나오네요~~  ",
    "Source": "쇼핑몰",
    "Domain": "가전",
    "MainCategory": "계절가전",
    "ProductName": "툴스타 TS-FH2K",
    "ReviewScore": "5",
    "Syllable": "64",
    "Word": "16",
    "RDate": "20210113",
    "GeneralPolarity": "1",
    "Aspects": [
      {
        "Aspect": "소음",
        "SentimentText": "소음이 없어 좋고",
        "SentimentWord": "3",
        "SentimentPolarity": "1"
      },
      {
        "Aspect": "가격",
        "SentimentText": "좋은 가격에 잘 샀어요~ ",
        "SentimentWord": "4",
        "SentimentPolarity": "1"
      },
      {
        "Aspect": "기능",
        "SentimentText": "풍량은 약한점이 좀 아쉽지만",
        "SentimentWord": "4",
        "SentimentPolarity": "-1"
      },
      {
        "Aspect": "기능",
        "SentimentText": " 따뜻한 바람이 무지 잘 나오네요~~",
        "SentimentWord": "5",
        "SentimentPolarity": "1"
      }
    ]
  },
  {
    "Index": "36879",
    "RawText": "적은 전력소비량에 비해 난방면적이 넓어 겨울내내 따뜻하게 보내기 편한 제품이에요. 저렴하게 구입해서 만족해요. ",
    "Source": "쇼핑몰",
    "Domain": "가전",
    "MainCategory": "계절가전",
    "ProductName": "툴스타 TS-FH2K",
    "ReviewScore": "5",
    "Syllable": "62",
    "Word": "13",
    "RDate": "20190122",
    "GeneralPolarity": "1",
    "Aspects": [
      {
        "Aspect": "소비전력",
        "SentimentText": "적은 전력소비량에 비해 난방면적이 넓어 겨울내내 따뜻하게 보내기 편한 제품이에요.",
        "SentimentWord": "10",
        "SentimentPolarity": "1"
      },
      {
        "Aspect": "가격",
        "SentimentText": "저렴하게 구입해서 만족해요.",
        "SentimentWord": "3",
        "SentimentPolarity": "1"
      }
    ]
  },
  {
    "Index": "36882",
    "RawText": "면적대비 에너지효율이 좋아요~!!  따뜻한 바람도 바로 나오니 최고네요!",
    "Source": "쇼핑몰",
    "Domain": "가전",
    "MainCategory": "계절가전",
    "ProductName": "툴스타 TS-FH2K",
    "ReviewScore": "5",
    "Syllable": "40",
    "Word": "8",
    "RDate": "20191216",
    "GeneralPolarity": "1",
    "Aspects": [
      {
        "Aspect": "소비전력",
        "SentimentText": "면적대비 에너지효율이 좋아요~!!",
        "SentimentWord": "3",
        "SentimentPolarity": "1"
      },
      {
        "Aspect": "기능",
        "SentimentText": "따뜻한 바람도 바로 나오니 최고네요!",
        "SentimentWord": "5",
        "SentimentPolarity": "1"
      }
    ]
  },
  {
    "Index": "36883",
    "RawText": "뜨거운 열풍이 잘 나와서 따뜻하고 성능은 너무 좋은데  전력소비량이 생각보다 많네요...다음달 전기세 벌써 걱정입니다 ㅜ",
    "Source": "쇼핑몰",
    "Domain": "가전",
    "MainCategory": "계절가전",
    "ProductName": "툴스타 TS-FH2K",
    "ReviewScore": "5",
    "Syllable": "67",
    "Word": "15",
    "RDate": "20180305",
    "GeneralPolarity": "0",
    "Aspects": [
      {
        "Aspect": "기능",
        "SentimentText": "뜨거운 열풍이 잘 나와서 따뜻하고 성능은 너무 좋은데 ",
        "SentimentWord": "8",
        "SentimentPolarity": "1"
      },
      {
        "Aspect": "소비전력",
        "SentimentText": "전력소비량이 생각보다 많네요...다음달 전기세 벌써 걱정입니다 ㅜ",
        "SentimentWord": "7",
        "SentimentPolarity": "-1"
      }
    ]
  },
  {
    "Index": "36884",
    "RawText": "심지가 과열되지 않고 간단하고 기능은 맘에 드는데  면적대비 효율성이 많이 떨어져요",
    "Source": "쇼핑몰",
    "Domain": "가전",
    "MainCategory": "계절가전",
    "ProductName": "툴스타 TS-FH2K",
    "ReviewScore": "4",
    "Syllable": "46",
    "Word": "11",
    "RDate": "20181120",
    "GeneralPolarity": "0",
    "Aspects": [
      {
        "Aspect": "기능",
        "SentimentText": "심지가 과열되지 않고 간단하고 기능은 맘에 드는데",
        "SentimentWord": "7",
        "SentimentPolarity": "1"
      },
      {
        "Aspect": "소비전력",
        "SentimentText": "면적대비 효율성이 많이 떨어져요",
        "SentimentWord": "4",
        "SentimentPolarity": "-1"
      }
    ]
  },
  {
    "Index": "36885",
    "RawText": "처음틀었는데도 냄새는 없고 뜨거운 열풍으로 실내온도 올리다가 송풍으로 바꾸면 바로 냉각되는 기능이라 좋네요 휴대하기 좋아서 캠핑갈때  편하게 사용하네요^^",
    "Source": "쇼핑몰",
    "Domain": "가전",
    "MainCategory": "계절가전",
    "ProductName": "툴스타 TS-FH2K",
    "ReviewScore": "4",
    "Syllable": "86",
    "Word": "18",
    "RDate": "20181117",
    "GeneralPolarity": "1",
    "Aspects": [
      {
        "Aspect": "기능",
        "SentimentText": "처음틀었는데도 냄새는 없고 뜨거운 열풍으로 실내온도 올리다가 송풍으로 바꾸면 바로 냉각되는 기능이라 좋네요",
        "SentimentWord": "13",
        "SentimentPolarity": "1"
      },
      {
        "Aspect": "편의성",
        "SentimentText": "휴대하기 좋아서 캠핑갈때  편하게 사용하네요^^",
        "SentimentWord": "5",
        "SentimentPolarity": "1"
      }
    ]
  },
  {
    "Index": "36886",
    "RawText": "부피가 작아 공간차지 안하니 좋네요~  안전하고 화력도 좋아서 동파녹이는데 잘 썼어요~^^",
    "Source": "쇼핑몰",
    "Domain": "가전",
    "MainCategory": "계절가전",
    "ProductName": "툴스타 TS-FH2K",
    "ReviewScore": "5",
    "Syllable": "50",
    "Word": "11",
    "RDate": "20210207",
    "GeneralPolarity": "1",
    "Aspects": [
      {
        "Aspect": "사이즈",
        "SentimentText": "부피가 작아 공간차지 안하니 좋네요~",
        "SentimentWord": "5",
        "SentimentPolarity": "1"
      },
      {
        "Aspect": "기능",
        "SentimentText": "화력도 좋아서 동파녹이는데 잘 썼어요~^^",
        "SentimentWord": "5",
        "SentimentPolarity": "1"
      }
    ]
  },
  {
    "Index": "36887",
    "RawText": "받아보니 꺠지고 찌그러지고.... 제품상태가 안좋아요 ㅠ  소음도 많아서 시끄럽네요ㅠ",
    "Source": "쇼핑몰",
    "Domain": "가전",
    "MainCategory": "계절가전",
    "ProductName": "툴스타 TS-FH2K",
    "ReviewScore": "1",
    "Syllable": "47",
    "Word": "9",
    "RDate": "20180209",
    "Aspects": [
      {
        "Aspect": "품질",
        "SentimentText": "받아보니 꺠지고 찌그러지고.... 제품상태가 안좋아요 ㅠ",
        "SentimentWord": "6",
        "SentimentPolarity": "-1"
      },
      {
        "Aspect": "소음",
        "SentimentText": "소음도 많아서 시끄럽네요ㅠ",
        "SentimentWord": "3",
        "SentimentPolarity": "-1"
      }
    ]
  },
  {
    "Index": "36888",
    "RawText": "사무실에서 사용하고 있는데 제품을 작동할 때 잔잔한 기계음이 업무 집중에 도움을 주네요. 최저 온도로 설정해놔도 정말 따뜻해서 만족합니다.",
    "Source": "쇼핑몰",
    "Domain": "가전",
    "MainCategory": "계절가전",
    "ProductName": "툴스타 TS-FH2K",
    "ReviewScore": "5",
    "Syllable": "77",
    "Word": "18",
    "RDate": "20210106",
    "GeneralPolarity": "1",
    "Aspects": [
      {
        "Aspect": "소음",
        "SentimentText": "작동할 때 잔잔한 기계음이 업무 집중에 도움을 주네요.",
        "SentimentWord": "8",
        "SentimentPolarity": "0"
      },
      {
        "Aspect": "기능",
        "SentimentText": "최저 온도로 설정해놔도 정말 따뜻해서 만족합니다.",
        "SentimentWord": "6",
        "SentimentPolarity": "1"
      }
    ]
  },
  {
    "Index": "36889",
    "RawText": "크기가 너무 작아서 아쉬웠지만   따뜻한 바람이 잘 나오니까 맘에 쏙 들어요!",
    "Source": "쇼핑몰",
    "Domain": "가전",
    "MainCategory": "계절가전",
    "ProductName": "툴스타 TS-FH2K",
    "ReviewScore": "5",
    "Syllable": "43",
    "Word": "11",
    "RDate": "20180204",
    "GeneralPolarity": "1",
    "Aspects": [
      {
        "Aspect": "사이즈",
        "SentimentText": "크기가 너무 작아서 아쉬웠지만",
        "SentimentWord": "4",
        "SentimentPolarity": "-1"
      },
      {
        "Aspect": "기능",
        "SentimentText": "따뜻한 바람이 잘 나오니까 맘에 쏙 들어요!",
        "SentimentWord": "7",
        "SentimentPolarity": "1"
      }
    ]
  },
  {
    "Index": "36890",
    "RawText": "주문한지 몇일 지나 이제서야 배송 받았네요...기다리는데 좀 힘들었어요...  기계가 생각보다 더 작은 사이즈라 작동이 잘될까 걱정입니다 ㅜ  성능도 별로겠지 했더니  반전이네요 너무 좋아요 성능 짱!!",
    "Source": "쇼핑몰",
    "Domain": "가전",
    "MainCategory": "계절가전",
    "ProductName": "툴스타 TS-FH2K",
    "ReviewScore": "5",
    "Syllable": "113",
    "Word": "25",
    "RDate": "20181104",
    "Aspects": [
      {
        "Aspect": "사이즈",
        "SentimentText": "기계가 생각보다 더 작은 사이즈라 작동이 잘될까 걱정입니다 ㅜ",
        "SentimentWord": "9",
        "SentimentPolarity": "-1"
      },
      {
        "Aspect": "기능",
        "SentimentText": "성능도 별로겠지 했더니  반전이네요 너무 좋아요 성능 짱!! ",
        "SentimentWord": "8",
        "SentimentPolarity": "1"
      }
    ]
  },
  {
    "Index": "36891",
    "RawText": "소재가 스틸이라 맘에 드는데  높은전력이나 낮은 전력이나 효율이 거기서 거기네요",
    "Source": "쇼핑몰",
    "Domain": "가전",
    "MainCategory": "계절가전",
    "ProductName": "툴스타 TS-FH2K",
    "ReviewScore": "3",
    "Syllable": "44",
    "Word": "10",
    "RDate": "20181108",
    "GeneralPolarity": "0",
    "Aspects": [
      {
        "Aspect": "소재",
        "SentimentText": "소재가 스틸이라 맘에 드는데",
        "SentimentWord": "4",
        "SentimentPolarity": "1"
      },
      {
        "Aspect": "소비전력",
        "SentimentText": "높은전력이나 낮은 전력이나 효율이 거기서 거기네요",
        "SentimentWord": "6",
        "SentimentPolarity": "-1"
      }
    ]
  },
  {
    "Index": "36892",
    "RawText": "디자인이 너무 귀엽고 예쁘네요!!  제조일도 최근에 만들어진 제품으로 와서 만족스러워요",
    "Source": "쇼핑몰",
    "Domain": "가전",
    "MainCategory": "계절가전",
    "ProductName": "툴스타 TS-FH2K",
    "ReviewScore": "5",
    "Syllable": "48",
    "Word": "10",
    "RDate": "20181230",
    "Aspects": [
      {
        "Aspect": "디자인",
        "SentimentText": "디자인이 너무 귀엽고 예쁘네요!!",
        "SentimentWord": "4",
        "SentimentPolarity": "1"
      },
      {
        "Aspect": "제조일/제조사",
        "SentimentText": "제조일도 최근에 만들어진 제품으로 와서 만족스러워요",
        "SentimentWord": "6",
        "SentimentPolarity": "1"
      }
    ]
  },
  {
    "Index": "36893",
    "RawText": "빠른 배송덕분에 빨리 받을 수 있었어요 감사해요!  작아서 귀욤귀욤해요~~^^  강력한 화력이 마음에 드네요",
    "Source": "쇼핑몰",
    "Domain": "가전",
    "MainCategory": "계절가전",
    "ProductName": "툴스타 TS-FH2K",
    "ReviewScore": "5",
    "Syllable": "60",
    "Word": "13",
    "RDate": "20181220",
    "Aspects": [
      {
        "Aspect": "디자인",
        "SentimentText": "작아서 귀욤귀욤해요~~^^",
        "SentimentWord": "2",
        "SentimentPolarity": "1"
      },
      {
        "Aspect": "기능",
        "SentimentText": "강력한 화력이 마음에 드네요",
        "SentimentWord": "4",
        "SentimentPolarity": "1"
      }
    ]
  },
  {
    "Index": "36894",
    "RawText": "배송이 빠른 점은 만족합니다만 전력소비량에 비해 열전도율 3000kw 치고 뜨겁다는 생각이 들지않아 별로네요.  그래도 저렴한 가격에 제품을 구입해서 마음에 드네요.",
    "Source": "쇼핑몰",
    "Domain": "가전",
    "MainCategory": "계절가전",
    "ProductName": "툴스타 TS-FH2K",
    "ReviewScore": "4",
    "Syllable": "92",
    "Word": "20",
    "RDate": "20190107",
    "Aspects": [
      {
        "Aspect": "소비전력",
        "SentimentText": "전력소비량에 비해 열전도율 3000kw 치고 뜨겁다는 생각이 들지않아 별로네요.",
        "SentimentWord": "9",
        "SentimentPolarity": "-1"
      },
      {
        "Aspect": "가격",
        "SentimentText": "저렴한 가격에 제품을 구입해서 마음에 드네요.",
        "SentimentWord": "6",
        "SentimentPolarity": "1"
      }
    ]
  },
  {
    "Index": "36896",
    "RawText": "우와~구매하고 하루도 안되서 총알배송 받았어요^^ 디자인이 귀여워서 마음에 들고, 작은 사이즈라 별기대 안했는데 좋아요. 바람이 엄청 쌔고 따뜻한데 회전이 안되서 좀아쉬워요... ",
    "Source": "쇼핑몰",
    "Domain": "가전",
    "MainCategory": "계절가전",
    "ProductName": "툴스타 TS-FH2K",
    "ReviewScore": "5",
    "Syllable": "100",
    "Word": "21",
    "RDate": "20181015",
    "Aspects": [
      {
        "Aspect": "디자인",
        "SentimentText": "디자인이 귀여워서 마음에 들고,",
        "SentimentWord": "4",
        "SentimentPolarity": "1"
      },
      {
        "Aspect": "사이즈",
        "SentimentText": "작은 사이즈라 별기대 안했는데 좋아요.",
        "SentimentWord": "5",
        "SentimentPolarity": "0"
      },
      {
        "Aspect": "기능",
        "SentimentText": "바람이 엄청 쌔고 따뜻한데 회전이 안되서 좀아쉬워요...",
        "SentimentWord": "7",
        "SentimentPolarity": "0"
      }
    ]
  },
  {
    "Index": "36897",
    "RawText": "화력이 좋아 진짜 따뜻해요  조용해서 좋아요  배송은 엄청 빠르게 왔어요~^^",
    "Source": "쇼핑몰",
    "Domain": "가전",
    "MainCategory": "계절가전",
    "ProductName": "툴스타 TS-FH2K",
    "ReviewScore": "5",
    "Syllable": "43",
    "Word": "10",
    "RDate": "20201209",
    "Aspects": [
      {
        "Aspect": "기능",
        "SentimentText": "화력이 좋아 진짜 따뜻해요",
        "SentimentWord": "4",
        "SentimentPolarity": "1"
      },
      {
        "Aspect": "소음",
        "SentimentText": "조용해서 좋아요",
        "SentimentWord": "2",
        "SentimentPolarity": "1"
      }
    ]
  },
  {
    "Index": "36899",
    "RawText": "사이즈가 작아 아쉽고 더 컸으면 좋겠지만 온풍이 센 편이라 실외에서 사용해도 따뜻해서 마음에 드네요.",
    "Source": "쇼핑몰",
    "Domain": "가전",
    "MainCategory": "계절가전",
    "ProductName": "툴스타 TS-FH2K",
    "ReviewScore": "5",
    "Syllable": "56",
    "Word": "14",
    "RDate": "20180208",
    "GeneralPolarity": "0",
    "Aspects": [
      {
        "Aspect": "사이즈",
        "SentimentText": "사이즈가 작아 아쉽고 더 컸으면 좋겠지만",
        "SentimentWord": "6",
        "SentimentPolarity": "-1"
      },
      {
        "Aspect": "기능",
        "SentimentText": "온풍이 센 편이라 실외에서 사용해도 따뜻해서 마음에 드네요",
        "SentimentWord": "8",
        "SentimentPolarity": "1"
      }
    ]
  },
  {
    "Index": "36900",
    "RawText": "전원차단 기능이 있어서 걱정할 필요가 없어요~~^^  전력소모도 심하지 않아서 전기걱정없이 사용할 수 있어 좋아요~",
    "Source": "쇼핑몰",
    "Domain": "가전",
    "MainCategory": "계절가전",
    "ProductName": "툴스타 TS-FH2K",
    "ReviewScore": "5",
    "Syllable": "64",
    "Word": "14",
    "RDate": "20210105",
    "GeneralPolarity": "1",
    "Aspects": [
      {
        "Aspect": "기능",
        "SentimentText": "전원차단 기능이 있어서 걱정할 필요가 없어요~~^^",
        "SentimentWord": "6",
        "SentimentPolarity": "1"
      },
      {
        "Aspect": "소비전력",
        "SentimentText": "전력소모도 심하지 않아서 전기걱정없이 사용할 수 있어 좋아요~",
        "SentimentWord": "8",
        "SentimentPolarity": "1"
      }
    ]
  },
  {
    "Index": "36901",
    "RawText": "배송은 빠르게 와서 기분 좋았어요~!! 소음은 있는 편이지만 거슬릴정도는 아니라서 괜찮아요~  작동법이 엄청 쉽고 편해서 좋고 따뜻한 바람도 잘나오니  마음에 들어요~^^   마감도 깨끗하게 잘 되었네요^^",
    "Source": "쇼핑몰",
    "Domain": "가전",
    "MainCategory": "계절가전",
    "ProductName": "툴스타 TS-FH2K",
    "ReviewScore": "5",
    "Syllable": "115",
    "Word": "25",
    "RDate": "20210106",
    "Aspects": [
      {
        "Aspect": "소음",
        "SentimentText": "소음은 있는 편이지만 거슬릴정도는 아니라서 괜찮아요~",
        "SentimentWord": "6",
        "SentimentPolarity": "0"
      },
      {
        "Aspect": "조작성",
        "SentimentText": "작동법이 엄청 쉽고 편해서 좋고",
        "SentimentWord": "5",
        "SentimentPolarity": "1"
      },
      {
        "Aspect": "기능",
        "SentimentText": "따뜻한 바람도 잘나오니  마음에 들어요~^^",
        "SentimentWord": "5",
        "SentimentPolarity": "1"
      },
      {
        "Aspect": "품질",
        "SentimentText": "마감도 깨끗하게 잘 되었네요^^",
        "SentimentWord": "4",
        "SentimentPolarity": "1"
      }
    ]
  },
  {
    "Index": "36902",
    "RawText": "작은 사이즈와  가격차가 없어서 선택했어요 .저렴한 가격에  큰 사이즈 구매해서 마음에 드네요~ 잠깐만 돌려도 거실이 훈훈해져서 좋습니다 깔끔하고 귀여운 디자인도 좋네요~",
    "Source": "쇼핑몰",
    "Domain": "가전",
    "MainCategory": "계절가전",
    "ProductName": "툴스타 TS-FH2K",
    "ReviewScore": "5",
    "Syllable": "95",
    "Word": "21",
    "RDate": "20181221",
    "GeneralPolarity": "1",
    "Aspects": [
      {
        "Aspect": "가격",
        "SentimentText": "작은 사이즈와  가격차가 없어서 선택했어요 .저렴한 가격에  큰 사이즈 구매해서 마음에 드네요~",
        "SentimentWord": "12",
        "SentimentPolarity": "1"
      },
      {
        "Aspect": "기능",
        "SentimentText": "잠깐만 돌려도 거실이 훈훈해져서 좋습니다",
        "SentimentWord": "5",
        "SentimentPolarity": "1"
      },
      {
        "Aspect": "디자인",
        "SentimentText": "깔끔하고 귀여운 디자인도 좋네요~",
        "SentimentWord": "4",
        "SentimentPolarity": "1"
      }
    ]
  },
  {
    "Index": "36903",
    "RawText": "따뜻한 바람이 잘 나와서 차량용 텐트에서 사용하기 좋고요. 발열판이 뜨거워지지 않는 소재라 피부 화상을 입을 걱정없이 안심하고 사용하고 있어요~",
    "Source": "쇼핑몰",
    "Domain": "가전",
    "MainCategory": "계절가전",
    "ProductName": "툴스타 TS-FH2K",
    "ReviewScore": "5",
    "Syllable": "80",
    "Word": "19",
    "RDate": "20210113",
    "GeneralPolarity": "1",
    "Aspects": [
      {
        "Aspect": "기능",
        "SentimentText": "따뜻한 바람이 잘 나와서 차량용 텐트에서 사용하기 좋고요.",
        "SentimentWord": "8",
        "SentimentPolarity": "1"
      },
      {
        "Aspect": "소재",
        "SentimentText": "발열판이 뜨거워지지 않는 소재라 피부 화상을 입을 걱정없이 안심하고 사용하고 있어요~",
        "SentimentWord": "11",
        "SentimentPolarity": "1"
      }
    ]
  },
  {
    "Index": "36904",
    "RawText": "크기는 작아서 귀엽고 좋이요  뜨거운 열풍이 느껴지고 성능이 뛰어나요!!",
    "Source": "쇼핑몰",
    "Domain": "가전",
    "MainCategory": "계절가전",
    "ProductName": "툴스타 TS-FH2K",
    "ReviewScore": "5",
    "Syllable": "40",
    "Word": "9",
    "RDate": "20191011",
    "Aspects": [
      {
        "Aspect": "사이즈",
        "SentimentText": "크기는 작아서 귀엽고 좋이요",
        "SentimentWord": "4",
        "SentimentPolarity": "1"
      },
      {
        "Aspect": "기능",
        "SentimentText": "뜨거운 열풍이 느껴지고 성능이 뛰어나요!!",
        "SentimentWord": "5",
        "SentimentPolarity": "1"
      }
    ]
  },
  {
    "Index": "36905",
    "RawText": "생각보다 사이즈가 너무 작아서 별로예요 ㅠㅠ  \u0027팬이 제대로 작동하는건지 원...가까이 있지 않음 따뜻하질 않네요..  전력대비 효율이 떨어져요 ㅠ",
    "Source": "쇼핑몰",
    "Domain": "가전",
    "MainCategory": "계절가전",
    "ProductName": "툴스타 TS-FH2K",
    "ReviewScore": "2",
    "Syllable": "82",
    "Word": "18",
    "RDate": "20220210",
    "GeneralPolarity": "-1",
    "Aspects": [
      {
        "Aspect": "사이즈",
        "SentimentText": "생각보다 사이즈가 너무 작아서 별로예요 ㅠㅠ",
        "SentimentWord": "6",
        "SentimentPolarity": "-1"
      },
      {
        "Aspect": "기능",
        "SentimentText": "팬이 제대로 작동하는건지 원...가까이 있지 않음 따뜻하질 않네요..",
        "SentimentWord": "8",
        "SentimentPolarity": "-1"
      },
      {
        "Aspect": "소비전력",
        "SentimentText": "전력대비 효율이 떨어져요 ㅠ",
        "SentimentWord": "4",
        "SentimentPolarity": "-1"
      }
    ]
  },
  {
    "Index": "36906",
    "RawText": "작은 공간에서 따뜻하게 사용하기에 적합해서 딱 좋아요!!  디자인은 작고 귀여워서 마음에 듭니다 소음은 약간 나지만 거슬릴정도는 아니에요...",
    "Source": "쇼핑몰",
    "Domain": "가전",
    "MainCategory": "계절가전",
    "ProductName": "툴스타 TS-FH2K",
    "ReviewScore": "5",
    "Syllable": "79",
    "Word": "17",
    "RDate": "20191207",
    "GeneralPolarity": "1",
    "Aspects": [
      {
        "Aspect": "기능",
        "SentimentText": "작은 공간에서 따뜻하게 사용하기에 적합해서 딱 좋아요!! ",
        "SentimentWord": "7",
        "SentimentPolarity": "1"
      },
      {
        "Aspect": "디자인",
        "SentimentText": "디자인은 작고 귀여워서 마음에 듭니다",
        "SentimentWord": "5",
        "SentimentPolarity": "1"
      },
      {
        "Aspect": "소음",
        "SentimentText": "소음은 약간 나지만 거슬릴정도는 아니에요...",
        "SentimentWord": "5",
        "SentimentPolarity": "0"
      }
    ]
  },
  {
    "Index": "36907",
    "RawText": "사이즈가 너무너무 작아서 실망했어요  켜봐도 하나도 따뜻하지 않아서 완전 별로예요",
    "Source": "쇼핑몰",
    "Domain": "가전",
    "MainCategory": "계절가전",
    "ProductName": "툴스타 TS-FH2K",
    "ReviewScore": "4",
    "Syllable": "45",
    "Word": "10",
    "RDate": "20211105",
    "GeneralPolarity": "-1",
    "Aspects": [
      {
        "Aspect": "사이즈",
        "SentimentText": "사이즈가 너무너무 작아서 실망했어요",
        "SentimentWord": "4",
        "SentimentPolarity": "-1"
      },
      {
        "Aspect": "기능",
        "SentimentText": "켜봐도 하나도 따뜻하지 않아서 완전 별로예요 ",
        "SentimentWord": "6",
        "SentimentPolarity": "-1"
      }
    ]
  },
  {
    "Index": "36908",
    "RawText": "사이즈가 생각보다 너무 작아서 아쉽네요 소음도 어느정도 있는 것 같아서 별로고 면적대비 효율이 떨어져서 불만족이요",
    "Source": "쇼핑몰",
    "Domain": "가전",
    "MainCategory": "계절가전",
    "ProductName": "툴스타 TS-FH2K",
    "ReviewScore": "3",
    "Syllable": "63",
    "Word": "15",
    "RDate": "20191204",
    "GeneralPolarity": "-1",
    "Aspects": [
      {
        "Aspect": "사이즈",
        "SentimentText": "사이즈가 생각보다 너무 작아서 아쉽네요",
        "SentimentWord": "5",
        "SentimentPolarity": "-1"
      },
      {
        "Aspect": "소음",
        "SentimentText": "소음도 어느정도 있는 것 같아서 별로고",
        "SentimentWord": "6",
        "SentimentPolarity": "-1"
      },
      {
        "Aspect": "소비전력",
        "SentimentText": "면적대비 효율이 떨어져서 불만족이요",
        "SentimentWord": "4",
        "SentimentPolarity": "-1"
      }
    ]
  },
  {
    "Index": "36909",
    "RawText": "온도 조절이 가능하고 온풍이 강하게 배출되는 점이 좋습니다. 밤에 켜놓으면 팬히터 소리가 크게 느껴져 잠잘때는 불편하고 작은 크기가 아쉽습니다",
    "Source": "쇼핑몰",
    "Domain": "가전",
    "MainCategory": "계절가전",
    "ProductName": "툴스타 TS-FH2K",
    "ReviewScore": "4",
    "Syllable": "79",
    "Word": "19",
    "RDate": "20210113",
    "GeneralPolarity": "-1",
    "Aspects": [
      {
        "Aspect": "기능",
        "SentimentText": "온도 조절이 가능하고 온풍이 강하게 배출되는 점이 좋습니다.",
        "SentimentWord": "8",
        "SentimentPolarity": "1"
      },
      {
        "Aspect": "소음",
        "SentimentText": "밤에 켜놓으면 팬히터 소리가 크게 느껴져 잠잘때는 불편하고",
        "SentimentWord": "8",
        "SentimentPolarity": "-1"
      },
      {
        "Aspect": "사이즈",
        "SentimentText": "작은 크기가 아쉽습니다",
        "SentimentWord": "3",
        "SentimentPolarity": "-1"
      }
    ]
  },
  {
    "Index": "36910",
    "RawText": "크기가 작아서 좀 아쉽지만  소리가 조금 더 작았으면 어땟을까 싶어요..아쉽네요  하지만 따뜻해서 좋아요~~ ^^",
    "Source": "쇼핑몰",
    "Domain": "가전",
    "MainCategory": "계절가전",
    "ProductName": "툴스타 TS-FH2K",
    "ReviewScore": "5",
    "Syllable": "63",
    "Word": "14",
    "RDate": "20181130",
    "GeneralPolarity": "0",
    "Aspects": [
      {
        "Aspect": "사이즈",
        "SentimentText": "크기가 작아서 좀 아쉽지만",
        "SentimentWord": "4",
        "SentimentPolarity": "0"
      },
      {
        "Aspect": "소음",
        "SentimentText": "소리가 조금 더 작았으면 어땟을까 싶어요..아쉽네요",
        "SentimentWord": "6",
        "SentimentPolarity": "-1"
      },
      {
        "Aspect": "기능",
        "SentimentText": "하지만 따뜻해서 좋아요~~ ^^",
        "SentimentWord": "4",
        "SentimentPolarity": "1"
      }
    ]
  },
  {
    "Index": "36911",
    "RawText": "예상보다 사이즈가 작아서 아쉽고 걱정되었지만  따뜻한 바람은 엄청 잘 나오네요 좋아요!!",
    "Source": "쇼핑몰",
    "Domain": "가전",
    "MainCategory": "계절가전",
    "ProductName": "툴스타 TS-FH2K",
    "ReviewScore": "5",
    "Syllable": "49",
    "Word": "11",
    "RDate": "20191223",
    "GeneralPolarity": "1",
    "Aspects": [
      {
        "Aspect": "사이즈",
        "SentimentText": "예상보다 사이즈가 작아서 아쉽고 걱정되었지만",
        "SentimentWord": "5",
        "SentimentPolarity": "0"
      },
      {
        "Aspect": "기능",
        "SentimentText": "따뜻한 바람은 엄청 잘 나오네요 좋아요!!",
        "SentimentWord": "6",
        "SentimentPolarity": "1"
      }
    ]
  },
  {
    "Index": "36912",
    "RawText": "잠깐 켜놨는데  따끈한 온풍이 너무 잘 나와요 성능대박입니다^^ 휴대하기 편해서 일할때도 잘 사용해요 올겨울 000덕분에 따뜻해서 만족합니다",
    "Source": "쇼핑몰",
    "Domain": "가전",
    "MainCategory": "계절가전",
    "ProductName": "툴스타 TS-FH2K",
    "ReviewScore": "5",
    "Syllable": "78",
    "Word": "17",
    "RDate": "20200109",
    "GeneralPolarity": "1",
    "Aspects": [
      {
        "Aspect": "기능",
        "SentimentText": "잠깐 켜놨는데  따끈한 온풍이 너무 잘 나와요 성능대박입니다^^",
        "SentimentWord": "8",
        "SentimentPolarity": "1"
      },
      {
        "Aspect": "편의성",
        "SentimentText": "휴대하기 편해서 일할때도 잘 사용해요 올겨울 000덕분에 따뜻해서 만족합니다",
        "SentimentWord": "9",
        "SentimentPolarity": "1"
      }
    ]
  },
  {
    "Index": "36913",
    "RawText": "소리는 조금 있어 아쉽지만 빛 없는 발열이라 눈도 안부셔서 맘에 들고~ 냄새없어 아주 만족합니다.",
    "Source": "쇼핑몰",
    "Domain": "가전",
    "MainCategory": "계절가전",
    "ProductName": "툴스타 TS-FH2K",
    "ReviewScore": "5",
    "Syllable": "54",
    "Word": "14",
    "RDate": "20201217",
    "GeneralPolarity": "1",
    "Aspects": [
      {
        "Aspect": "소음",
        "SentimentText": "소리는 조금 있어 아쉽지만",
        "SentimentWord": "4",
        "SentimentPolarity": "0"
      },
      {
        "Aspect": "품질",
        "SentimentText": "냄새없어 아주 만족합니다.",
        "SentimentWord": "3",
        "SentimentPolarity": "1"
      },
      {
        "Aspect": "기능",
        "SentimentText": "빛 없는 발열이라 눈도 안부셔서 맘에 들고~",
        "SentimentWord": "7",
        "SentimentPolarity": "1"
      }
    ]
  },
  {
    "Index": "36915",
    "RawText": "내가 원하던 블랙색상은 아니라서 조금 맘엔 안들지만 사이즈가 작은 편은 아니라는 점이 좋네요.",
    "Source": "쇼핑몰",
    "Domain": "가전",
    "MainCategory": "계절가전",
    "ProductName": "툴스타 TS-FH2K",
    "ReviewScore": "5",
    "Syllable": "52",
    "Word": "13",
    "RDate": "20191220",
    "GeneralPolarity": "0",
    "Aspects": [
      {
        "Aspect": "색상",
        "SentimentText": "내가 원하던 블랙색상은 아니라서 조금 맘엔 안들지만",
        "SentimentWord": "7",
        "SentimentPolarity": "-1"
      },
      {
        "Aspect": "사이즈",
        "SentimentText": "사이즈가 작은 편은 아니라는 점이 좋네요.",
        "SentimentWord": "6",
        "SentimentPolarity": "1"
      }
    ]
  },
  {
    "Index": "36918",
    "RawText": "전기난로라 아담해서 공간 활용성이 좋구요..  제품 내구성도 좋아 튼튼합니다. ~! 제품 좋네요.~!",
    "Source": "쇼핑몰",
    "Domain": "가전",
    "MainCategory": "계절가전",
    "ProductName": "툴스타 TS-FH2K",
    "ReviewScore": "5",
    "Syllable": "56",
    "Word": "12",
    "RDate": "20200102",
    "GeneralPolarity": "1",
    "Aspects": [
      {
        "Aspect": "사이즈",
        "SentimentText": "전기난로라 아담해서 공간 활용성이 좋구요.. ",
        "SentimentWord": "5",
        "SentimentPolarity": "1"
      },
      {
        "Aspect": "내구성",
        "SentimentText": "제품 내구성도 좋아 튼튼합니다. ~! 제품 좋네요.~! ",
        "SentimentWord": "7",
        "SentimentPolarity": "1"
      }
    ]
  },
  {
    "Index": "36919",
    "RawText": "소음이 조금 있어서 아쉬워요  그래도 따뜻해서 만족합니다.",
    "Source": "쇼핑몰",
    "Domain": "가전",
    "MainCategory": "계절가전",
    "ProductName": "툴스타 TS-FH2K",
    "ReviewScore": "5",
    "Syllable": "32",
    "Word": "7",
    "RDate": "20191215",
    "GeneralPolarity": "0",
    "Aspects": [
      {
        "Aspect": "소음",
        "SentimentText": "소음이 조금 있어서 아쉬워요",
        "SentimentWord": "4",
        "SentimentPolarity": "-1"
      },
      {
        "Aspect": "기능",
        "SentimentText": "그래도 따뜻해서 만족합니다.",
        "SentimentWord": "3",
        "SentimentPolarity": "1"
      }
    ]
  },
  {
    "Index": "36920",
    "RawText": "얼마나 좋을까 긴가민가 했는데 따뜻한 바람이 엄청 잘나와서 너무 만족해요!  소리는 거슬릴 정도는 아니지만 있어서 아쉬워요",
    "Source": "쇼핑몰",
    "Domain": "가전",
    "MainCategory": "계절가전",
    "ProductName": "툴스타 TS-FH2K",
    "ReviewScore": "5",
    "Syllable": "68",
    "Word": "16",
    "RDate": "20181219",
    "GeneralPolarity": "1",
    "Aspects": [
      {
        "Aspect": "기능",
        "SentimentText": "얼마나 좋을까 긴가민가 했는데 따뜻한 바람이 엄청 잘나와서 너무 만족해요!",
        "SentimentWord": "10",
        "SentimentPolarity": "1"
      },
      {
        "Aspect": "소음",
        "SentimentText": "소리는 거슬릴 정도는 아니지만 있어서 아쉬워요",
        "SentimentWord": "6",
        "SentimentPolarity": "0"
      }
    ]
  },
  {
    "Index": "36921",
    "RawText": "작은 크기에 비해 뜨거운 바람이 잘 나와서 정말 마음에 들어요!!! 공간도 마니 차지하지않아... 어느 장소에든 놓고 쓰기 좋아요",
    "Source": "쇼핑몰",
    "Domain": "가전",
    "MainCategory": "계절가전",
    "ProductName": "툴스타 TS-FH2K",
    "ReviewScore": "5",
    "Syllable": "72",
    "Word": "18",
    "RDate": "20180130",
    "GeneralPolarity": "1",
    "Aspects": [
      {
        "Aspect": "기능",
        "SentimentText": "작은 크기에 비해 뜨거운 바람이 잘 나와서 정말 마음에 들어요!!!",
        "SentimentWord": "10",
        "SentimentPolarity": "1"
      },
      {
        "Aspect": "편의성",
        "SentimentText": "공간도 마니 차지하지않아... 어느 장소에든 놓고 쓰기 좋아요",
        "SentimentWord": "8",
        "SentimentPolarity": "1"
      }
    ]
  },
  {
    "Index": "36922",
    "RawText": "사이즈가 작아서 좀 아쉽지만 작다보니 휴대하기도 좋고! 돌아가는 팬 소리도 없어서 괜찮네요 1단으로만 틀어도 따뜻한 바람도 마구마구 잘 나오고 만족해요~^^   ",
    "Source": "쇼핑몰",
    "Domain": "가전",
    "MainCategory": "계절가전",
    "ProductName": "툴스타 TS-FH2K",
    "ReviewScore": "5",
    "Syllable": "90",
    "Word": "20",
    "RDate": "20191212",
    "GeneralPolarity": "1",
    "Aspects": [
      {
        "Aspect": "사이즈",
        "SentimentText": "사이즈가 작아서 좀 아쉽지만",
        "SentimentWord": "4",
        "SentimentPolarity": "0"
      },
      {
        "Aspect": "편의성",
        "SentimentText": "작다보니 휴대하기도 좋고!",
        "SentimentWord": "3",
        "SentimentPolarity": "1"
      },
      {
        "Aspect": "소음",
        "SentimentText": "돌아가는 팬 소리도 없어서 괜찮네요",
        "SentimentWord": "5",
        "SentimentPolarity": "1"
      },
      {
        "Aspect": "기능",
        "SentimentText": "1단으로만 틀어도 따뜻한 바람도 마구마구 잘 나오고 만족해요~^^",
        "SentimentWord": "8",
        "SentimentPolarity": "1"
      }
    ]
  },
  {
    "Index": "36924",
    "RawText": "올겨울 꽃샘 추위 대비해서 구입했고, 사용해보니 성능 좋습니다.  자동 온오프는 되나, 아날로그 방식이라 다이얼 눈금 파악하는게 상당히 불편해요.",
    "Source": "쇼핑몰",
    "Domain": "가전",
    "MainCategory": "계절가전",
    "ProductName": "툴스타 TS-FH2K",
    "ReviewScore": "4",
    "Syllable": "81",
    "Word": "18",
    "RDate": "20180401",
    "GeneralPolarity": "0",
    "Aspects": [
      {
        "Aspect": "기능",
        "SentimentText": "올겨울 꽃샘 추위 대비해서 구입했고, 사용해보니 성능 좋습니다. ",
        "SentimentWord": "8",
        "SentimentPolarity": "1"
      },
      {
        "Aspect": "조작성",
        "SentimentText": "자동 온오프는 되나, 아날로그 방식이라 다이얼 눈금 파악하는게 상당히 불편해요. ",
        "SentimentWord": "10",
        "SentimentPolarity": "-1"
      }
    ]
  },
  {
    "Index": "36926",
    "RawText": "절대 비추 제품~! 캠핑장에서 사용하다 전기 차단기 내려가 쓰지도 못하고 주위분들께 불편만 주고 왔어요. ㅜ 품질 꽝  전기를 얼마나 먹으면 차단기가 내려갈까요. ㅜ 전기소비효율이 꽝입니다.  사지 마세요. 절대~!",
    "Source": "쇼핑몰",
    "Domain": "가전",
    "MainCategory": "계절가전",
    "ProductName": "툴스타 TS-FH2K",
    "ReviewScore": "1",
    "Syllable": "120",
    "Word": "28",
    "RDate": "20200219",
    "GeneralPolarity": "-1",
    "Aspects": [
      {
        "Aspect": "품질",
        "SentimentText": "전기 차단기 내려가 쓰지도 못하고 주위분들께 불편만 주고 왔어요. ㅜ 품질 꽝 ",
        "SentimentWord": "12",
        "SentimentPolarity": "-1"
      },
      {
        "Aspect": "소비전력",
        "SentimentText": "전기를 얼마나 먹으면 차단기가 내려갈까요. ㅜ 전기소비효율이 꽝입니다. ",
        "SentimentWord": "8",
        "SentimentPolarity": "-1"
      }
    ]
  },
  {
    "Index": "36927",
    "RawText": "우선 제품이 견고하고 튼튼해서 좋아요.  작동시 금새 따뜻한 바람이 솔솔 나와서 굿~! 다만 아이들이 사용시 송풍그릴이 무척 뜨거워서 화상 주의 하셔야 해요~!",
    "Source": "쇼핑몰",
    "Domain": "가전",
    "MainCategory": "계절가전",
    "ProductName": "툴스타 TS-FH2K",
    "ReviewScore": "4",
    "Syllable": "89",
    "Word": "22",
    "RDate": "20191021",
    "GeneralPolarity": "0",
    "Aspects": [
      {
        "Aspect": "내구성",
        "SentimentText": "우선 제품이 견고하고 튼튼해서 좋아요. ",
        "SentimentWord": "5",
        "SentimentPolarity": "1"
      },
      {
        "Aspect": "기능",
        "SentimentText": "작동시 금새 따뜻한 바람이 솔솔 나와서 굿~!",
        "SentimentWord": "7",
        "SentimentPolarity": "1"
      },
      {
        "Aspect": "조작성",
        "SentimentText": "아이들이 사용시 송풍그릴이 무척 뜨거워서 화상 주의 하셔야 해요~! ",
        "SentimentWord": "9",
        "SentimentPolarity": "0"
      }
    ]
  },
  {
    "Index": "36928",
    "RawText": "제품 시운전해보니 굉장히 따뜻하네요. 성능 좋아요.  소음은 선풍기 소리보다 약간 큰 정도 살짝 불편해요. 근데 제품 따뜻해서 소음이 용서가 되네요 ^^",
    "Source": "쇼핑몰",
    "Domain": "가전",
    "MainCategory": "계절가전",
    "ProductName": "툴스타 TS-FH2K",
    "ReviewScore": "4",
    "Syllable": "85",
    "Word": "21",
    "RDate": "20181028",
    "GeneralPolarity": "0",
    "Aspects": [
      {
        "Aspect": "기능",
        "SentimentText": "제품 시운전해보니 굉장히 따뜻하네요. 성능 좋아요. ",
        "SentimentWord": "6",
        "SentimentPolarity": "1"
      },
      {
        "Aspect": "소음",
        "SentimentText": "소음은 선풍기 소리보다 약간 큰 정도 살짝 불편해요.",
        "SentimentWord": "8",
        "SentimentPolarity": "-1"
      },
      {
        "Aspect": "기능",
        "SentimentText": "근데 제품 따뜻해서 소음이 용서가 되네요 ^^ ",
        "SentimentWord": "7",
        "SentimentPolarity": "1"
      }
    ]
  },
  {
    "Index": "36930",
    "RawText": "제품 사이즈 아담해서 귀엽고, ^^ 제품 가벼워 이동도 편리하고 활용도가 좋습니다.  제품 크기에 비해 성능은 아주 따뜻하고 좋습니다.  단점이라면 소음이 커서 아쉬워요. ㅜ",
    "Source": "쇼핑몰",
    "Domain": "가전",
    "MainCategory": "계절가전",
    "ProductName": "툴스타 TS-FH2K",
    "ReviewScore": "5",
    "Syllable": "97",
    "Word": "23",
    "RDate": "20180207",
    "GeneralPolarity": "0",
    "Aspects": [
      {
        "Aspect": "사이즈",
        "SentimentText": "제품 사이즈 아담해서 귀엽고, ^^ ",
        "SentimentWord": "5",
        "SentimentPolarity": "1"
      },
      {
        "Aspect": "무게",
        "SentimentText": "제품 가벼워 이동도 편리하고 활용도가 좋습니다. ",
        "SentimentWord": "6",
        "SentimentPolarity": "1"
      },
      {
        "Aspect": "기능",
        "SentimentText": "제품 크기에 비해 성능은 아주 따뜻하고 좋습니다. ",
        "SentimentWord": "7",
        "SentimentPolarity": "1"
      },
      {
        "Aspect": "소음",
        "SentimentText": "단점이라면 소음이 커서 아쉬워요. ㅜ ",
        "SentimentWord": "5",
        "SentimentPolarity": "-1"
      }
    ]
  },
  {
    "Index": "36931",
    "RawText": "제품 사이즈는 아담해서 귀여워요. ^^ 작지만 성능이 좋아 금방 따뜻해져 잘 샀어요.  고요한 곳에서 사용하면 소음이 있나 싶을 수 있지만,  아주 시끄럽다고는 느껴지지 않아. 괜찮습니다.",
    "Source": "쇼핑몰",
    "Domain": "가전",
    "MainCategory": "계절가전",
    "ProductName": "툴스타 TS-FH2K",
    "ReviewScore": "4",
    "Syllable": "105",
    "Word": "25",
    "RDate": "20210115",
    "GeneralPolarity": "1",
    "Aspects": [
      {
        "Aspect": "사이즈",
        "SentimentText": "제품 사이즈는 아담해서 귀여워요. ^^",
        "SentimentWord": "5",
        "SentimentPolarity": "1"
      },
      {
        "Aspect": "기능",
        "SentimentText": "작지만 성능이 좋아 금방 따뜻해져 잘 샀어요. ",
        "SentimentWord": "7",
        "SentimentPolarity": "1"
      },
      {
        "Aspect": "소음",
        "SentimentText": "고요한 곳에서 사용하면 소음이 있나 싶을 수 있지만,  아주 시끄럽다고는 느껴지지 않아. 괜찮습니다. ",
        "SentimentWord": "13",
        "SentimentPolarity": "0"
      }
    ]
  },
  {
    "Index": "36932",
    "RawText": "제품 사용 테스트만 했는데  성능 좋고 잘 작동합니다. ^^ 사이즈가 아담해서 취급하기 편리해서 좋습니다.",
    "Source": "쇼핑몰",
    "Domain": "가전",
    "MainCategory": "계절가전",
    "ProductName": "툴스타 TS-FH2K",
    "ReviewScore": "5",
    "Syllable": "59",
    "Word": "14",
    "RDate": "20181026",
    "GeneralPolarity": "1",
    "Aspects": [
      {
        "Aspect": "기능",
        "SentimentText": "제품 사용 테스트만 했는데  성능 좋고 잘 작동합니다. ^^",
        "SentimentWord": "9",
        "SentimentPolarity": "1"
      },
      {
        "Aspect": "사이즈",
        "SentimentText": "사이즈가 아담해서 취급하기 편리해서 좋습니다. ",
        "SentimentWord": "5",
        "SentimentPolarity": "1"
      }
    ]
  },
  {
    "Index": "36933",
    "RawText": "작지만 제품이 무척 견고하네요. ~!  사용시 소음은 좀 있지만 불편하지 않아서 만족해요.  앞으로 고장없없으면 좋겠어요 ~! ",
    "Source": "쇼핑몰",
    "Domain": "가전",
    "MainCategory": "계절가전",
    "ProductName": "툴스타 TS-FH2K",
    "ReviewScore": "5",
    "Syllable": "71",
    "Word": "16",
    "RDate": "20210106",
    "GeneralPolarity": "0",
    "Aspects": [
      {
        "Aspect": "내구성",
        "SentimentText": "작지만 제품이 무척 견고하네요. ~! ",
        "SentimentWord": "5",
        "SentimentPolarity": "1"
      },
      {
        "Aspect": "소음",
        "SentimentText": "사용시 소음은 좀 있지만 불편하지 않아서 만족해요. ",
        "SentimentWord": "7",
        "SentimentPolarity": "0"
      }
    ]
  },
  {
    "Index": "36934",
    "RawText": "제품 작아도 성능 좋아 금방 따뜻한 바람이 나오네요.  현재로선 저렴해게 구매해서 가성비 최고의 제품입니다. ^^",
    "Source": "쇼핑몰",
    "Domain": "가전",
    "MainCategory": "계절가전",
    "ProductName": "툴스타 TS-FH2K",
    "ReviewScore": "5",
    "Syllable": "63",
    "Word": "15",
    "RDate": "20201203",
    "GeneralPolarity": "1",
    "Aspects": [
      {
        "Aspect": "기능",
        "SentimentText": "제품 작아도 성능 좋아 금방 따뜻한 바람이 나오네요. ",
        "SentimentWord": "8",
        "SentimentPolarity": "1"
      },
      {
        "Aspect": "가격",
        "SentimentText": "현재로선 저렴해게 구매해서 가성비 최고의 제품입니다. ^^",
        "SentimentWord": "7",
        "SentimentPolarity": "1"
      }
    ]
  },
  {
    "Index": "36937",
    "RawText": "전기요금은 아직 확인되지 않아서 연비는 모르겠구요..  예상했던 것보다 제품 소음 적어 좋구요.  제품 켬 금방 따듯한 바람이 나와 방안이 훈훈하네요. 성능 굿~!",
    "Source": "쇼핑몰",
    "Domain": "가전",
    "MainCategory": "계절가전",
    "ProductName": "툴스타 TS-FH2K",
    "ReviewScore": "4",
    "Syllable": "91",
    "Word": "22",
    "RDate": "20220319",
    "GeneralPolarity": "1",
    "Aspects": [
      {
        "Aspect": "소음",
        "SentimentText": "예상했던 것보다 제품 소음 적어 좋구요. ",
        "SentimentWord": "6",
        "SentimentPolarity": "1"
      },
      {
        "Aspect": "기능",
        "SentimentText": "제품 켬 금방 따듯한 바람이 나와 방안이 훈훈하네요. 성능 굿~! ",
        "SentimentWord": "10",
        "SentimentPolarity": "1"
      }
    ]
  },
  {
    "Index": "36938",
    "RawText": "제품 가성비 무척 좋네요 ~!  성능이 우수해서 따뜻한 바람이 강하게 잘 나와요!!",
    "Source": "쇼핑몰",
    "Domain": "가전",
    "MainCategory": "계절가전",
    "ProductName": "툴스타 TS-FH2K",
    "ReviewScore": "4",
    "Syllable": "46",
    "Word": "12",
    "RDate": "20190423",
    "Aspects": [
      {
        "Aspect": "가격",
        "SentimentText": "제품 가성비 무척 좋네요 ~!",
        "SentimentWord": "5",
        "SentimentPolarity": "1"
      },
      {
        "Aspect": "기능",
        "SentimentText": "성능이 우수해서 따뜻한 바람이 강하게 잘 나와요!!",
        "SentimentWord": "7",
        "SentimentPolarity": "1"
      }
    ]
  },
  {
    "Index": "36939",
    "RawText": "작아도 엄청난 성능을 발취하네요. 만족~!   디자인도 무척이나 깜찍하고 예뻐요.  사이즈도 아담해서 이동이 편리해서 좋아요.",
    "Source": "쇼핑몰",
    "Domain": "가전",
    "MainCategory": "계절가전",
    "ProductName": "툴스타 TS-FH2K",
    "ReviewScore": "4",
    "Syllable": "70",
    "Word": "14",
    "RDate": "20210106",
    "GeneralPolarity": "1",
    "Aspects": [
      {
        "Aspect": "기능",
        "SentimentText": "작아도 엄청난 성능을 발취하네요. 만족~!  ",
        "SentimentWord": "5",
        "SentimentPolarity": "1"
      },
      {
        "Aspect": "디자인",
        "SentimentText": "디자인도 무척이나 깜찍하고 예뻐요. ",
        "SentimentWord": "4",
        "SentimentPolarity": "1"
      },
      {
        "Aspect": "사이즈",
        "SentimentText": " 사이즈도 아담해서 이동이 편리해서 좋아요. ",
        "SentimentWord": "5",
        "SentimentPolarity": "1"
      }
    ]
  },
  {
    "Index": "36941",
    "RawText": "제품 사이즈가 생각보다 좀 작네요. ㅜ 큰거 살걸 후회되네요.  다행히 예상보다 제품 성능은 좋아요 ^^",
    "Source": "쇼핑몰",
    "Domain": "가전",
    "MainCategory": "계절가전",
    "ProductName": "툴스타 TS-FH2K",
    "ReviewScore": "5",
    "Syllable": "58",
    "Word": "15",
    "RDate": "20210625",
    "GeneralPolarity": "0",
    "Aspects": [
      {
        "Aspect": "사이즈",
        "SentimentText": "제품 사이즈가 생각보다 좀 작네요. ㅜ 큰거 살걸 후회되네요. ",
        "SentimentWord": "9",
        "SentimentPolarity": "-1"
      },
      {
        "Aspect": "기능",
        "SentimentText": "다행히 예상보다 제품 성능은 좋아요 ^^ ",
        "SentimentWord": "6",
        "SentimentPolarity": "1"
      }
    ]
  },
  {
    "Index": "36942",
    "RawText": "제품이 컴팩트해 자리 차지 않아 좋아요.  제품 성능도 만족해요.  제품 디자인도 딱 제스탈이라 하트 뿅뿅 ~!! 좋네요.  발 시려워서 구입했어유",
    "Source": "쇼핑몰",
    "Domain": "가전",
    "MainCategory": "계절가전",
    "ProductName": "툴스타 TS-FH2K",
    "ReviewScore": "5",
    "Syllable": "82",
    "Word": "20",
    "RDate": "20210112",
    "GeneralPolarity": "1",
    "Aspects": [
      {
        "Aspect": "사이즈",
        "SentimentText": "제품이 컴팩트해 자리 차지 않아 좋아요. ",
        "SentimentWord": "6",
        "SentimentPolarity": "1"
      },
      {
        "Aspect": "기능",
        "SentimentText": "제품 성능도 만족해요. ",
        "SentimentWord": "3",
        "SentimentPolarity": "1"
      },
      {
        "Aspect": "디자인",
        "SentimentText": "제품 디자인도 딱 제스탈이라 하트 뿅뿅 ~!! 좋네요. ",
        "SentimentWord": "8",
        "SentimentPolarity": "1"
      }
    ]
  }
]