[
  {
    "Index": "12645",
    "RawText": "사무실에서 사용하려고 주문했는데 배송도 빨리오고^^ 설치해주시는분도 좋으시고 젤좋은건   시원하네요ㅎㅎ  비오는날은 제습기능도되고 짱좋아요 ㅎ  ○○○ 에어컨 훌륭합니다~^^",
    "Source": "SNS",
    "Domain": "가전",
    "MainCategory": "계절가전",
    "ProductName": "위니아 벽걸이 에어컨(6형)(18.7㎡)",
    "ReviewScore": "100",
    "Syllable": "97",
    "Word": "16",
    "RDate": "20180718",
    "Aspects": [
      {
        "Aspect": "기능",
        "SentimentText": "젤좋은건   시원하네요ㅎㅎ  비오는날은 제습기능도되고 짱좋아요 ㅎ",
        "SentimentWord": "6",
        "SentimentPolarity": "1"
      },
      {
        "Aspect": "제조일/제조사",
        "SentimentText": "○○○ 에어컨 훌륭합니다~^^",
        "SentimentWord": "3",
        "SentimentPolarity": "1"
      }
    ]
  },
  {
    "Index": "12646",
    "RawText": "할인된 가격에 저렴히 샀어요~ 시골 부모님집에 보내 드렸는데 배송도 빠르고 기사님이 친절하게 설치도 잘 해주시고  좋습니다.시운전도 해 주셨는데 너무 시원하다고 좋아해 주셨습니다. 기능 확실하네요~ 올 여름 시원하게 보낼께요~~^^",
    "Source": "SNS",
    "Domain": "가전",
    "MainCategory": "계절가전",
    "ProductName": "위니아 벽걸이 에어컨(6형)(18.7㎡)",
    "ReviewScore": "100",
    "Syllable": "129",
    "Word": "28",
    "RDate": "20180614",
    "Aspects": [
      {
        "Aspect": "가격",
        "SentimentText": "할인된 가격에 저렴히 샀어요~",
        "SentimentWord": "4",
        "SentimentPolarity": "1"
      },
      {
        "Aspect": "기능",
        "SentimentText": "시운전도 해 주셨는데 너무 시원하다고 좋아해 주셨습니다. 기능 확실하네요~",
        "SentimentWord": "9",
        "SentimentPolarity": "1"
      }
    ]
  },
  {
    "Index": "12647",
    "RawText": "분당동 지역 기사님 완전 친절 꼼꼼 다음 구매도 OOO 기사님에게 부탁즈리고 싶어요~ 감사합니다 기사님. 성능도 만족입니다~ 에너지 등급도 1등급이라니~ 전기요금 걱정 덜었어요~^^",
    "Source": "SNS",
    "Domain": "가전",
    "MainCategory": "계절가전",
    "ProductName": "위니아 벽걸이 에어컨(7형) WRW07BSH",
    "ReviewScore": "100",
    "Syllable": "101",
    "Word": "22",
    "RDate": "20190412",
    "Aspects": [
      {
        "Aspect": "기능",
        "SentimentText": "성능도 만족입니다~",
        "SentimentWord": "2",
        "SentimentPolarity": "1"
      },
      {
        "Aspect": "소비전력",
        "SentimentText": "에너지 등급도 1등급이라니~ 전기요금 걱정 덜었어요~^^",
        "SentimentWord": "6",
        "SentimentPolarity": "1"
      }
    ]
  },
  {
    "Index": "12648",
    "RawText": "사무실이 5평인데 꽃샘 추울때  난방기를 가동을해도 실내기 주변에 는 따듯한 오기가 있으나 방전체는 따뜻한 온기가 없어 실망스럽습니다  품질에 비해 가격도 비싼 것 같아 기분이 안 좋습니다",
    "Source": "SNS",
    "Domain": "가전",
    "MainCategory": "계절가전",
    "ProductName": "위니아 벽걸이 에어컨(7형) WRW07BSH",
    "ReviewScore": "60",
    "Syllable": "105",
    "Word": "26",
    "RDate": "20190512",
    "GeneralPolarity": "-1",
    "Aspects": [
      {
        "Aspect": "기능",
        "SentimentText": "방전체는 따뜻한 온기가 없어 실망스럽습니다  ",
        "SentimentWord": "5",
        "SentimentPolarity": "-1"
      },
      {
        "Aspect": "가격",
        "SentimentText": "품질에 비해 가격도 비싼 것 같아 기분이 안 좋습니다",
        "SentimentWord": "9",
        "SentimentPolarity": "-1"
      }
    ]
  },
  {
    "Index": "12649",
    "RawText": "안방에 설치하려고 구매했는데  빠르게 배송 받아 좋았습니다. 벽에 천공작업 하나하고 관 5미터이내라 기본설치로 추가금없이 설치 받았어요 심플한 디자인이 방 분위기와 잘 어울리네요 바람도 시원해 올여름은 더위 걱정 없을것 같아 너무 좋아요  ",
    "Source": "SNS",
    "Domain": "가전",
    "MainCategory": "계절가전",
    "ProductName": "위니아 벽걸이 에어컨(7형) WRW07BSH",
    "ReviewScore": "100",
    "Syllable": "134",
    "Word": "31",
    "RDate": "20190419",
    "Aspects": [
      {
        "Aspect": "디자인",
        "SentimentText": "심플한 디자인이 방 분위기와 잘 어울리네요",
        "SentimentWord": "6",
        "SentimentPolarity": "1"
      },
      {
        "Aspect": "기능",
        "SentimentText": "바람도 시원해 올여름은 더위 걱정 없을것 같아 너무 좋아요 ",
        "SentimentWord": "9",
        "SentimentPolarity": "1"
      }
    ]
  },
  {
    "Index": "12650",
    "RawText": "에어컨 설치 기사님께서 하시는 말씀! 고장나거나 어떠한 문제가 생긴다면 어차피 제가 와야하는데 함부로 할 수 없지요. 문제없도록 잘해드려야지요.. 말씀 한마디, 시공 하나하나 잘해주셔서 감사했습니다. 화이트 색상 문안하구요~ 에어컨 시원하니 잘돌아갑니다!",
    "Source": "SNS",
    "Domain": "가전",
    "MainCategory": "계절가전",
    "ProductName": "위니아 벽걸이 에어컨(7형) WRW07BSH",
    "ReviewScore": "100",
    "Syllable": "142",
    "Word": "30",
    "RDate": "20190501",
    "Aspects": [
      {
        "Aspect": "색상",
        "SentimentText": "화이트 색상 문안하구요~",
        "SentimentWord": "3",
        "SentimentPolarity": "1"
      },
      {
        "Aspect": "기능",
        "SentimentText": "에어컨 시원하니 잘돌아갑니다!",
        "SentimentWord": "3",
        "SentimentPolarity": "1"
      }
    ]
  },
  {
    "Index": "12651",
    "RawText": "7/29일에 주문  방송대로  5일내  해피콜  18일에 설치 완료했어요 9월에나 설치될  줄  알았는데~~  빠르게 배송 및 설치해 주셔서 너무 좋습니다  에어컨 바람도 시원하니 좋구요~ 전기효율 1등급이라 든든합니다~~!!",
    "Source": "SNS",
    "Domain": "가전",
    "MainCategory": "계절가전",
    "ProductName": "위니아 벽걸이 에어컨(7형)_초특가",
    "ReviewScore": "80",
    "Syllable": "126",
    "Word": "26",
    "RDate": "20180823",
    "Aspects": [
      {
        "Aspect": "기능",
        "SentimentText": "에어컨 바람도 시원하니 좋구요~",
        "SentimentWord": "4",
        "SentimentPolarity": "1"
      },
      {
        "Aspect": "소비전력",
        "SentimentText": "전기효율 1등급이라 든든합니다~~!!",
        "SentimentWord": "3",
        "SentimentPolarity": "1"
      }
    ]
  },
  {
    "Index": "12652",
    "RawText": "너~~무 시원하고 좋네요  1등급이라 일단 맘 편하구요 좋아요  잘 쓰겠습니다   사은품으로 오는 제품도 기대되네요 빠른 사은품 배송 부탁드려요~~~^^",
    "Source": "SNS",
    "Domain": "가전",
    "MainCategory": "계절가전",
    "ProductName": "위니아 벽걸이 에어컨(7형)_초특가",
    "ReviewScore": "100",
    "Syllable": "85",
    "Word": "18",
    "RDate": "20180808",
    "GeneralPolarity": "1",
    "Aspects": [
      {
        "Aspect": "기능",
        "SentimentText": "너~~무 시원하고 좋네요 ",
        "SentimentWord": "3",
        "SentimentPolarity": "1"
      },
      {
        "Aspect": "소비전력",
        "SentimentText": "1등급이라 일단 맘 편하구요 좋아요 ",
        "SentimentWord": "5",
        "SentimentPolarity": "1"
      }
    ]
  },
  {
    "Index": "12653",
    "RawText": "000벽걸이 에어컨 상품은 믿음이 가요 너무너무 만족합니다. 설치해주시는 기사님도 친절하셨습니다. 빠르게 꼼꼼하게 해주셨어요. 작동하는 방법도 간단해서 쉽게 사용할 수 있습니다.",
    "Source": "SNS",
    "Domain": "가전",
    "MainCategory": "계절가전",
    "ProductName": "위니아 벽걸이 에어컨(7형)_초특가",
    "ReviewScore": "60",
    "Syllable": "99",
    "Word": "20",
    "RDate": "20180813",
    "Aspects": [
      {
        "Aspect": "제조일/제조사",
        "SentimentText": "000벽걸이 에어컨 상품은 믿음이 가요 너무너무 만족합니다.",
        "SentimentWord": "7",
        "SentimentPolarity": "1"
      },
      {
        "Aspect": "조작성",
        "SentimentText": "작동하는 방법도 간단해서 쉽게 사용할 수 있습니다.",
        "SentimentWord": "7",
        "SentimentPolarity": "1"
      }
    ]
  },
  {
    "Index": "12654",
    "RawText": "가격은 합리적이라고 생각해요 다만 제습 기능은 시원찮네요 잠시만 되는 것 같아서 별로예요",
    "Source": "SNS",
    "Domain": "가전",
    "MainCategory": "계절가전",
    "ProductName": "위니아 벽걸이 에어컨(7형)_초특가",
    "ReviewScore": "60",
    "Syllable": "49",
    "Word": "12",
    "RDate": "20180813",
    "Aspects": [
      {
        "Aspect": "가격",
        "SentimentText": "가격은 합리적이라고 생각해요",
        "SentimentWord": "3",
        "SentimentPolarity": "1"
      },
      {
        "Aspect": "기능",
        "SentimentText": " 제습 기능은 시원찮네요 잠시만 되는 것 같아서 별로예요",
        "SentimentWord": "8",
        "SentimentPolarity": "-1"
      }
    ]
  },
  {
    "Index": "12655",
    "RawText": "냉방 기능이 별로네요 ㅠ 브랜드 믿고 주문했는데 실망이네요",
    "Source": "SNS",
    "Domain": "가전",
    "MainCategory": "계절가전",
    "ProductName": "위니아 벽걸이 에어컨(7형)_초특가",
    "ReviewScore": "100",
    "Syllable": "32",
    "Word": "8",
    "RDate": "20180820",
    "Aspects": [
      {
        "Aspect": "기능",
        "SentimentText": "냉방 기능이 별로네요 ㅠ",
        "SentimentWord": "4",
        "SentimentPolarity": "-1"
      },
      {
        "Aspect": "제조일/제조사",
        "SentimentText": "브랜드 믿고 주문했는데 실망이네요",
        "SentimentWord": "4",
        "SentimentPolarity": "-1"
      }
    ]
  },
  {
    "Index": "12656",
    "RawText": "부모님댁에 선물해 드렸는데 빠른 배송 친절함 모두 만족 스럽고 감사합니다. 폐기수거등 다 만족스러워하셨어요 설치위치를 조금 옆으로 원하셨는데 안된다고하셨나봐요 뭐 그것말고는 다 만속하셨어요 부모님께서 시원하시다고 좋아하셔서 저도 너무 좋습니다. 가성비 최고입니다~!",
    "Source": "SNS",
    "Domain": "가전",
    "MainCategory": "계절가전",
    "ProductName": "위니아 인버터 벽걸이 에어컨(11형) LRV11CHH",
    "ReviewScore": "80",
    "Syllable": "148",
    "Word": "30",
    "RDate": "20190708",
    "Aspects": [
      {
        "Aspect": "기능",
        "SentimentText": "부모님께서 시원하시다고 좋아하셔서 저도 너무 좋습니다",
        "SentimentWord": "6",
        "SentimentPolarity": "1"
      },
      {
        "Aspect": "가격",
        "SentimentText": "가성비 최고입니다~!",
        "SentimentWord": "2",
        "SentimentPolarity": "1"
      }
    ]
  },
  {
    "Index": "12657",
    "RawText": "주문하고 이틀만에 빠른 설치 오셔서 깜짝놀랐네요^^바람세기도 좋고 시원하고 소음도 없어서 좋네요~ 설치후 기사님 사용설명도 잘해주시고 깔끔하니 정리 잘해주시고감^^",
    "Source": "SNS",
    "Domain": "가전",
    "MainCategory": "계절가전",
    "ProductName": "위니아 인버터 벽걸이 에어컨(11형) WRV11CHW",
    "ReviewScore": "100",
    "Syllable": "91",
    "Word": "18",
    "RDate": "20190514",
    "Aspects": [
      {
        "Aspect": "기능",
        "SentimentText": "바람세기도 좋고 시원하고",
        "SentimentWord": "3",
        "SentimentPolarity": "1"
      },
      {
        "Aspect": "소음",
        "SentimentText": "소음도 없어서 좋네요~",
        "SentimentWord": "3",
        "SentimentPolarity": "1"
      }
    ]
  },
  {
    "Index": "12658",
    "RawText": "매장에선 한달은 기다려야한댔는데 주문한지 이틀만에 설치전화오고, 날짜 조정하고 빠르게 설치 해서 너무 좋아요. 말 그대로 파워 냉방이네요~ 또 저렴하게 잘 구매했어요 넘좋아요~~ ",
    "Source": "SNS",
    "Domain": "가전",
    "MainCategory": "계절가전",
    "ProductName": "위니아 인버터 벽걸이 에어컨(11형) WRV11CHW",
    "ReviewScore": "100",
    "Syllable": "100",
    "Word": "22",
    "RDate": "20190529",
    "Aspects": [
      {
        "Aspect": "기능",
        "SentimentText": "말 그대로 파워 냉방이네요~",
        "SentimentWord": "4",
        "SentimentPolarity": "1"
      },
      {
        "Aspect": "가격",
        "SentimentText": "저렴하게 잘 구매했어요 넘좋아요~~",
        "SentimentWord": "4",
        "SentimentPolarity": "1"
      }
    ]
  },
  {
    "Index": "12659",
    "RawText": "생에 첫 에어컨이라 많이 기대가 됩니다 ㅎㅎ 에너지소비효율 등급이 4등급이라 올 여름 전기세가 많이 두렵긴 하지만 괜찮겠죠 뭐 ㅎㅎ 화이트 컬러라 거실 색상이랑 잘 어울립니다 ㅎㅎ 빠르게 설치해 주셔서 감사하고 좋습니다",
    "Source": "SNS",
    "Domain": "가전",
    "MainCategory": "계절가전",
    "ProductName": "위니아 인버터 벽걸이 에어컨(11형) WRV11CHW",
    "ReviewScore": "100",
    "Syllable": "122",
    "Word": "31",
    "RDate": "20190529",
    "Aspects": [
      {
        "Aspect": "소비전력",
        "SentimentText": "에너지소비효율 등급이 4등급이라 올 여름 전기세가 많이 두렵긴 하지만 괜찮겠죠 뭐 ㅎㅎ",
        "SentimentWord": "12",
        "SentimentPolarity": "0"
      },
      {
        "Aspect": "색상",
        "SentimentText": "화이트 컬러라 거실 색상이랑 잘 어울립니다 ㅎㅎ",
        "SentimentWord": "7",
        "SentimentPolarity": "1"
      }
    ]
  },
  {
    "Index": "12660",
    "RawText": "냉방 잘되는 건 좋은데 문이 반듯하게 닫히지 않아요. 식탁에 앉아서바로 눈앞에 보이는데 거슬려요. 제품불량이에요.11평 7평형 2개 구입했는데 두개 다 그래요. 이거 반품해주세요",
    "Source": "SNS",
    "Domain": "가전",
    "MainCategory": "계절가전",
    "ProductName": "위니아 인버터 벽걸이 에어컨(11형) WRV11CHW",
    "ReviewScore": "20",
    "Syllable": "99",
    "Word": "22",
    "RDate": "20190606",
    "Aspects": [
      {
        "Aspect": "기능",
        "SentimentText": "냉방 잘되는 건 좋은데",
        "SentimentWord": "4",
        "SentimentPolarity": "1"
      },
      {
        "Aspect": "품질",
        "SentimentText": "문이 반듯하게 닫히지 않아요. 식탁에 앉아서바로 눈앞에 보이는데 거슬려요. 제품불량이에요.",
        "SentimentWord": "10",
        "SentimentPolarity": "-1"
      }
    ]
  },
  {
    "Index": "12661",
    "RawText": "설치해주신 기사분이 너무 친절하시네요... 설치하고 너무 깨끗하게 정리해주고 가셔서 정말 감사합니다~ 작동해보니 왜 이제야 샀나 싶네요~ 쾌적하고 시원합니다~ 특히 소음이 없어 밤에 에어컨 틀고 숙면을 취하니 삶의 질이 높아지네요~^^",
    "Source": "SNS",
    "Domain": "가전",
    "MainCategory": "계절가전",
    "ProductName": "위니아 인버터 벽걸이 에어컨(7형) LRV07CHH",
    "ReviewScore": "100",
    "Syllable": "131",
    "Word": "29",
    "RDate": "20190531",
    "Aspects": [
      {
        "Aspect": "기능",
        "SentimentText": "쾌적하고 시원합니다~",
        "SentimentWord": "2",
        "SentimentPolarity": "1"
      },
      {
        "Aspect": "소음",
        "SentimentText": "소음이 없어 밤에 에어컨 틀고 숙면을 취하니 삶의 질이 높아지네요~^^",
        "SentimentWord": "10",
        "SentimentPolarity": "1"
      }
    ]
  },
  {
    "Index": "12662",
    "RawText": "혜택가에 저렴히 구매했습니다. 주문하고 이틀뒤에 설치 했어요. 주문이 너무 늦었나 고민고민 했는데  너무 빨리 설치해 주셔서 감사합니다. 제품은 시운전만 해봐도 시원하네요 올여름 잘 사용할께요.",
    "Source": "SNS",
    "Domain": "가전",
    "MainCategory": "계절가전",
    "ProductName": "위니아 인버터 벽걸이 에어컨(7형) LRV07CHH",
    "ReviewScore": "100",
    "Syllable": "108",
    "Word": "24",
    "RDate": "20190626",
    "Aspects": [
      {
        "Aspect": "가격",
        "SentimentText": "혜택가에 저렴히 구매했습니다.",
        "SentimentWord": "3",
        "SentimentPolarity": "1"
      },
      {
        "Aspect": "기능",
        "SentimentText": "제품은 시운전만 해봐도 시원하네요",
        "SentimentWord": "4",
        "SentimentPolarity": "1"
      }
    ]
  },
  {
    "Index": "12663",
    "RawText": "배송이 빨라 너무 좋았어요~ 기사님도 친절하게 잘 설치해 주셨구요~ 깔끔하니  모양도 이뿌고 성능이 좋아 시원해요~ 올여름 잘 지낼수있을것 같아요~^^ 감사합니다~~",
    "Source": "SNS",
    "Domain": "가전",
    "MainCategory": "계절가전",
    "ProductName": "위니아 인버터 벽걸이 에어컨(7형) LRV07CHH",
    "ReviewScore": "100",
    "Syllable": "92",
    "Word": "20",
    "RDate": "20190529",
    "Aspects": [
      {
        "Aspect": "디자인",
        "SentimentText": "깔끔하니  모양도 이뿌고",
        "SentimentWord": "3",
        "SentimentPolarity": "1"
      },
      {
        "Aspect": "기능",
        "SentimentText": "성능이 좋아 시원해요~",
        "SentimentWord": "3",
        "SentimentPolarity": "1"
      }
    ]
  },
  {
    "Index": "12664",
    "RawText": "아들 방이 복층이라 더워서 구맬했는데~~ 생각보다 빨리 설치를 해주셨어요 더운데 고생하면 해주신게 감사했습니다. 디자인 심플한게 보기 좋습니다. 아들이 설치후 소감을 물었더니 시원해서 천국이라네요",
    "Source": "SNS",
    "Domain": "가전",
    "MainCategory": "계절가전",
    "ProductName": "위니아 인버터 벽걸이 에어컨(7형) LRV07CHH",
    "ReviewScore": "100",
    "Syllable": "109",
    "Word": "23",
    "RDate": "20190708",
    "Aspects": [
      {
        "Aspect": "디자인",
        "SentimentText": "디자인 심플한게 보기 좋습니다.",
        "SentimentWord": "4",
        "SentimentPolarity": "1"
      },
      {
        "Aspect": "기능",
        "SentimentText": "아들이 설치후 소감을 물었더니 시원해서 천국이라네요",
        "SentimentWord": "6",
        "SentimentPolarity": "1"
      }
    ]
  },
  {
    "Index": "12665",
    "RawText": "기사님이 3시에서5시 사이에 온다고 해서 기다리고 있었는데 7시반 넘어서 오셔서 화가 머리 끝까지 났는데 친절하게 잘 설치해주셔서 기분이 풀리네요 ㅋ 제품도 시원해서  좋고 디자인 이쁩니다 너무 좋아요~",
    "Source": "SNS",
    "Domain": "가전",
    "MainCategory": "계절가전",
    "ProductName": "위니아 인버터 벽걸이 에어컨(7형) LRV07CHH",
    "ReviewScore": "60",
    "Syllable": "113",
    "Word": "27",
    "RDate": "20190527",
    "Aspects": [
      {
        "Aspect": "기능",
        "SentimentText": "제품도 시원해서  좋고",
        "SentimentWord": "3",
        "SentimentPolarity": "1"
      },
      {
        "Aspect": "디자인",
        "SentimentText": "디자인 이쁩니다 너무 좋아요~ ",
        "SentimentWord": "4",
        "SentimentPolarity": "1"
      }
    ]
  },
  {
    "Index": "12666",
    "RawText": "에어컨 낸방 성능이 매우 좋으며 리모컨 사용이 간편하여 편리하게 이용할 수 있으며 소음을 느낄 수 없는 매우 조용한 에어컨으로 매우 만족합니다 또한 신속한 배송과 설치에 감사합니다.",
    "Source": "SNS",
    "Domain": "가전",
    "MainCategory": "계절가전",
    "ProductName": "위니아 인버터 벽걸이 에어컨(7형) LRV07CHH",
    "ReviewScore": "100",
    "Syllable": "101",
    "Word": "26",
    "RDate": "20190526",
    "Aspects": [
      {
        "Aspect": "기능",
        "SentimentText": "에어컨 낸방 성능이 매우 좋으며",
        "SentimentWord": "5",
        "SentimentPolarity": "1"
      },
      {
        "Aspect": "편의성",
        "SentimentText": "리모컨 사용이 간편하여 편리하게 이용할 수 있으며",
        "SentimentWord": "7",
        "SentimentPolarity": "1"
      },
      {
        "Aspect": "소음",
        "SentimentText": "소음을 느낄 수 없는 매우 조용한 에어컨으로 매우 만족합니다",
        "SentimentWord": "9",
        "SentimentPolarity": "1"
      }
    ]
  },
  {
    "Index": "12667",
    "RawText": "같은  제품을  다른  판매처에서  주문 설치 하려했는데 관리소. 애래층  동의서를   받아오라해서  취소하고 OO쇼핑  주문 .  빠른 배송과 친절한  기사님덕에  안전하고  깔끔하게  설치 완료.  가격도 적당하고 기능도 만족합니다.",
    "Source": "SNS",
    "Domain": "가전",
    "MainCategory": "계절가전",
    "ProductName": "위니아 인버터 벽걸이 에어컨(7형) LRV07CHH",
    "ReviewScore": "100",
    "Syllable": "132",
    "Word": "27",
    "RDate": "20190623",
    "Aspects": [
      {
        "Aspect": "가격",
        "SentimentText": "가격도 적당하고",
        "SentimentWord": "2",
        "SentimentPolarity": "1"
      },
      {
        "Aspect": "기능",
        "SentimentText": "기능도 만족합니다.",
        "SentimentWord": "2",
        "SentimentPolarity": "1"
      }
    ]
  },
  {
    "Index": "12668",
    "RawText": "11평 7평 2개 구입했는데 두개 다 문이 반듯하게 닫히지않고 비스듬히 벌어져 있어요.짜증나요. 환불해주세요 이런 상품 판매한 ㅇㅇㅇ 화가납니다",
    "Source": "SNS",
    "Domain": "가전",
    "MainCategory": "계절가전",
    "ProductName": "위니아 인버터 벽걸이 에어컨(7형) WRV07CHW",
    "ReviewScore": "20",
    "Syllable": "80",
    "Word": "18",
    "RDate": "20190606",
    "GeneralPolarity": "-1",
    "Aspects": [
      {
        "Aspect": "품질",
        "SentimentText": " 문이 반듯하게 닫히지않고 비스듬히 벌어져 있어요.짜증나요.",
        "SentimentWord": "6",
        "SentimentPolarity": "-1"
      },
      {
        "Aspect": "제조일/제조사",
        "SentimentText": "이런 상품 판매한 ㅇㅇㅇ 화가납니다 ",
        "SentimentWord": "5",
        "SentimentPolarity": "-1"
      }
    ]
  },
  {
    "Index": "12669",
    "RawText": "주문 설치까지 5일소요 2~3일딜레이되어 취소할까도 하다가 설치 마지막온 기사님 친절하시고 깔끔한 뒷처리까지 해주셔서 만족하고  감사요 밝은 느낌의 화이트 색상 맘에 듬 에어컨  바람은  너무 시원해서  만족합니다!",
    "Source": "SNS",
    "Domain": "가전",
    "MainCategory": "계절가전",
    "ProductName": "위니아 인버터 벽걸이 에어컨(7형) WRV07CHW",
    "ReviewScore": "100",
    "Syllable": "120",
    "Word": "26",
    "RDate": "20190521",
    "Aspects": [
      {
        "Aspect": "색상",
        "SentimentText": "밝은 느낌의 화이트 색상 맘에 듬",
        "SentimentWord": "6",
        "SentimentPolarity": "1"
      },
      {
        "Aspect": "기능",
        "SentimentText": "에어컨  바람은  너무 시원해서  만족합니다!",
        "SentimentWord": "5",
        "SentimentPolarity": "1"
      }
    ]
  },
  {
    "Index": "12670",
    "RawText": "타제품 대비 가격이 비싸게 산 것 같아 기분이 별로네요  타제품 6평형은 40만원대인데 7평형을 76만원주고 산것이니 제품 성능은 비슷한데 이점이 뒤릉 돌아보게 한다.성능도 그렇게 좋은지 모르겠고 기분이 썩 좋지 않네요        ",
    "Source": "SNS",
    "Domain": "가전",
    "MainCategory": "계절가전",
    "ProductName": "위니아 인버터 벽걸이 에어컨(7형) WRV07CHW",
    "ReviewScore": "100",
    "Syllable": "130",
    "Word": "29",
    "RDate": "20190626",
    "GeneralPolarity": "-1",
    "Aspects": [
      {
        "Aspect": "가격",
        "SentimentText": "타제품 대비 가격이 비싸게 산 것 같아 기분이 별로네요",
        "SentimentWord": "9",
        "SentimentPolarity": "-1"
      },
      {
        "Aspect": "기능",
        "SentimentText": "성능도 그렇게 좋은지 모르겠고 기분이 썩 좋지 않네요 ",
        "SentimentWord": "8",
        "SentimentPolarity": "-1"
      }
    ]
  },
  {
    "Index": "12671",
    "RawText": "날씨 더워지기전에 잘 구매했어요   배송도 빠르게 와서 만족합니다.  냉방 성능 좋아서 덕분에 더위 잘 이겨낼 듯요 ㅋㅋ  설치도 잘해주셨네요 적립금 이벤트도 있어서 좋아요ㅋㅋㅋ 근데 아직 사은품은 안왔네요? 확인부탁드려요",
    "Source": "SNS",
    "Domain": "가전",
    "MainCategory": "계절가전",
    "ProductName": "위니아 인버터 벽걸이 에어컨(7형) WRV07CHW",
    "ReviewScore": "100",
    "Syllable": "124",
    "Word": "28",
    "RDate": "20190423",
    "Aspects": [
      {
        "Aspect": "기능",
        "SentimentText": "냉방 성능 좋아서 덕분에 더위 잘 이겨낼 듯요 ㅋㅋ",
        "SentimentWord": "9",
        "SentimentPolarity": "1"
      },
      {
        "Aspect": "가격",
        "SentimentText": " 적립금 이벤트도 있어서 좋아요ㅋㅋㅋ",
        "SentimentWord": "4",
        "SentimentPolarity": "1"
      }
    ]
  },
  {
    "Index": "12672",
    "RawText": "냉풍기라며 전혀. 하나도. 선풍기보다도 못해 괜히 샀어. 반품 절차 귀찮아ㅠ 나두고 있지만 젤 어쩌냐? 싼 가격도 아닌데 욱~~~돈 . 아. 까. 워.",
    "Source": "SNS",
    "Domain": "가전",
    "MainCategory": "계절가전",
    "ProductName": "이탈리코 대용량 7.6L 가정용냉풍기얼음냉풍기 DRAF02-01A-70A",
    "ReviewScore": "20",
    "Syllable": "84",
    "Word": "22",
    "RDate": "20190818",
    "Aspects": [
      {
        "Aspect": "기능",
        "SentimentText": "냉풍기라며 전혀. 하나도. 선풍기보다도 못해 괜히 샀어",
        "SentimentWord": "7",
        "SentimentPolarity": "-1"
      },
      {
        "Aspect": "가격",
        "SentimentText": "싼 가격도 아닌데 욱~~~돈 . 아. 까. 워.",
        "SentimentWord": "8",
        "SentimentPolarity": "-1"
      }
    ]
  },
  {
    "Index": "12673",
    "RawText": "가격이  저렴해 구입했고 좋아요 ..  말만 이동형이지 반드시 창이 있어서 송풍구를 창문쪽으로 연결 해주어야합니다.  소음은 보통 이지만 크게 불편하지 않아요",
    "Source": "SNS",
    "Domain": "가전",
    "MainCategory": "계절가전",
    "ProductName": "캐리어 미디어 9평형 이동식 에어컨 KPA-Q092PAA (전국무료배송/자가설치)",
    "ReviewScore": "60",
    "Syllable": "88",
    "Word": "20",
    "RDate": "20210809",
    "GeneralPolarity": "0",
    "Aspects": [
      {
        "Aspect": "가격",
        "SentimentText": "가격이  저렴해 구입했고 좋아요 ..",
        "SentimentWord": "5",
        "SentimentPolarity": "1"
      },
      {
        "Aspect": "소음",
        "SentimentText": "소음은 보통 이지만 크게 불편하지 않아요  ",
        "SentimentWord": "6",
        "SentimentPolarity": "0"
      }
    ]
  },
  {
    "Index": "12674",
    "RawText": "적립금으로  저렴하게 장만 해서 좋네요  설치 기사님도 친절히 설치해주셨어요 색깔 깔끔한게  마음에 들어요~홈쇼핑 감사합니다 번창하세요^^",
    "Source": "SNS",
    "Domain": "가전",
    "MainCategory": "계절가전",
    "ProductName": "캐리어 벽걸이 에어컨 6평 ARC061SSE (전국무료배송/기본설치비무료)",
    "ReviewScore": "100",
    "Syllable": "77",
    "Word": "15",
    "RDate": "20210827",
    "Aspects": [
      {
        "Aspect": "가격",
        "SentimentText": "적립금으로  저렴하게 장만 해서 좋네요 ",
        "SentimentWord": "5",
        "SentimentPolarity": "1"
      },
      {
        "Aspect": "색상",
        "SentimentText": "색깔 깔끔한게  마음에 들어요~",
        "SentimentWord": "4",
        "SentimentPolarity": "1"
      }
    ]
  },
  {
    "Index": "12676",
    "RawText": "이미 이 회사 제품을 사용해 본 터라 부담감 없이 주문했읍니다 기능성도 좋고요  싸게 잘 구입 해서 만족했어요  설치도잘해주고가셔서 매우만족합니다",
    "Source": "SNS",
    "Domain": "가전",
    "MainCategory": "계절가전",
    "ProductName": "캐리어 벽걸이 에어컨(6형)",
    "ReviewScore": "100",
    "Syllable": "81",
    "Word": "19",
    "RDate": "20180514",
    "Aspects": [
      {
        "Aspect": "기능",
        "SentimentText": "기능성도 좋고요  ",
        "SentimentWord": "2",
        "SentimentPolarity": "1"
      },
      {
        "Aspect": "가격",
        "SentimentText": "싸게 잘 구입 해서 만족했어요",
        "SentimentWord": "5",
        "SentimentPolarity": "1"
      }
    ]
  },
  {
    "Index": "12677",
    "RawText": "미리 주문해서 이번 불볕더위 너무 잘 견뎌내네요~~ 고3아들이 있어 주문했는데 너무 좋아합니다~~ 시원하고 디자인 이뿌고 완전 만족합니다~~ 감사합니다~~^^",
    "Source": "SNS",
    "Domain": "가전",
    "MainCategory": "계절가전",
    "ProductName": "캐리어 벽걸이 에어컨(6형)",
    "ReviewScore": "100",
    "Syllable": "88",
    "Word": "18",
    "RDate": "20180802",
    "GeneralPolarity": "1",
    "Aspects": [
      {
        "Aspect": "기능",
        "SentimentText": "시원하고 디자인 이뿌고 완전 만족합니다~~ 감사합니다~~^^",
        "SentimentWord": "6",
        "SentimentPolarity": "1"
      },
      {
        "Aspect": "디자인",
        "SentimentText": "디자인 이뿌고 완전 만족합니다~~ 감사합니다~~^^",
        "SentimentWord": "5",
        "SentimentPolarity": "1"
      }
    ]
  },
  {
    "Index": "12678",
    "RawText": "계절이 계절이니만큼 배송은 많~~~이 느렸지만 장마오기전 설치를 마치니 넘 좋습니다~ 너무 시원해서 만족 하구요 디자인도 이뻐 집안 분위기가 확~ 바뀌었습니다^^ 넘 만족합니다~ ",
    "Source": "SNS",
    "Domain": "가전",
    "MainCategory": "계절가전",
    "ProductName": "캐리어 에어로 18단 인버터 스탠드 에어컨(16형)",
    "ReviewScore": "100",
    "Syllable": "100",
    "Word": "22",
    "RDate": "20180621",
    "Aspects": [
      {
        "Aspect": "기능",
        "SentimentText": " 너무 시원해서 만족 하구요",
        "SentimentWord": "4",
        "SentimentPolarity": "1"
      },
      {
        "Aspect": "디자인",
        "SentimentText": "디자인도 이뻐 집안 분위기가 확~ 바뀌었습니다^^ 넘 만족합니다~",
        "SentimentWord": "8",
        "SentimentPolarity": "1"
      }
    ]
  },
  {
    "Index": "12679",
    "RawText": "혜택가에 구매해서 만족합니다. 친절한 기사님 설치 잘해주셨고 기분 좋습니다. 바람도 시원해서 너무 좋아요  잘 사용할게요~^^ 단 방충망 열어놔서 밤에 벌레잡느라 애썼네요.ㅋ",
    "Source": "SNS",
    "Domain": "가전",
    "MainCategory": "계절가전",
    "ProductName": "캐리어 에어로 18단 투인원 인버터 멀티 에어컨(16+6형)",
    "ReviewScore": "100",
    "Syllable": "97",
    "Word": "21",
    "RDate": "20180622",
    "Aspects": [
      {
        "Aspect": "가격",
        "SentimentText": "혜택가에 구매해서 만족합니다.",
        "SentimentWord": "3",
        "SentimentPolarity": "1"
      },
      {
        "Aspect": "기능",
        "SentimentText": "바람도 시원해서 너무 좋아요  잘 사용할게요~^^",
        "SentimentWord": "6",
        "SentimentPolarity": "1"
      }
    ]
  },
  {
    "Index": "12680",
    "RawText": "생각보다 배송이 빠르고 설치해주신 기사님들 넘나 친절하셔서 편안하게 설치해서 좋았구요~ 올여름 유난히 무더운데 정말 시원하게 잘틀고 있어 만족 합니다! 역시 ○○○ 에어컨 믿었다규~! ",
    "Source": "SNS",
    "Domain": "가전",
    "MainCategory": "계절가전",
    "ProductName": "캐리어 에어로 18단 투인원 인버터 멀티 에어컨(16+6형)",
    "ReviewScore": "100",
    "Syllable": "103",
    "Word": "23",
    "RDate": "20180726",
    "Aspects": [
      {
        "Aspect": "기능",
        "SentimentText": "정말 시원하게 잘틀고 있어 만족 합니다!",
        "SentimentWord": "6",
        "SentimentPolarity": "1"
      },
      {
        "Aspect": "제조일/제조사",
        "SentimentText": "역시 ○○○ 에어컨 믿었다규~!",
        "SentimentWord": "4",
        "SentimentPolarity": "1"
      }
    ]
  },
  {
    "Index": "12681",
    "RawText": "에어컨이 고장나서 부랴부랴 주문했는데 예상 시간보다 빨리 도착했고 기사님도 친절 하셔서 좋았어요 벌써 3주 가까이 사용해 봤는데 감각적인 디자인도 좋고 빨리 시원해져서 좋아요 만족합니다~~",
    "Source": "SNS",
    "Domain": "가전",
    "MainCategory": "계절가전",
    "ProductName": "캐리어 에어로 18단 투인원 인버터 멀티 에어컨(16+6형)",
    "ReviewScore": "100",
    "Syllable": "105",
    "Word": "24",
    "RDate": "20180715",
    "Aspects": [
      {
        "Aspect": "디자인",
        "SentimentText": "감각적인 디자인도 좋고",
        "SentimentWord": "3",
        "SentimentPolarity": "1"
      },
      {
        "Aspect": "기능",
        "SentimentText": "빨리 시원해져서 좋아요 만족합니다~~",
        "SentimentWord": "4",
        "SentimentPolarity": "1"
      }
    ]
  },
  {
    "Index": "12682",
    "RawText": "와우~ 스마트폰 제어 기능 대박이에요~ㅋㅋ 사은품까지 챙겨주셔서 감사합니다~ㅋ",
    "Source": "SNS",
    "Domain": "가전",
    "MainCategory": "계절가전",
    "ProductName": "캐리어 에어로 18단 투인원 인버터 멀티 에어컨(16+6형)",
    "ReviewScore": "80",
    "Syllable": "43",
    "Word": "8",
    "RDate": "20180531",
    "Aspects": [
      {
        "Aspect": "기능",
        "SentimentText": "와우~ 스마트폰 제어 기능 대박이에요~ㅋㅋ",
        "SentimentWord": "5",
        "SentimentPolarity": "1"
      },
      {
        "Aspect": "제품구성",
        "SentimentText": "사은품까지 챙겨주셔서 감사합니다~ㅋ",
        "SentimentWord": "3",
        "SentimentPolarity": "1"
      }
    ]
  },
  {
    "Index": "12683",
    "RawText": "저희는 추가비가 3만원 나왔어요~ 기사님께서 꼼꼼히 너무 잘해주셔서 좋았고  추가 선 비용 안받으셧고 물호스도 그냥 해주셨어요~~ 크기가 적당한 게 공간도 많이 안차지해서 좋아요~ 바람도 너무 시원하고 좋으네요",
    "Source": "SNS",
    "Domain": "가전",
    "MainCategory": "계절가전",
    "ProductName": "캐리어 에어로 18단 투인원 인버터 멀티 에어컨(16+6형)",
    "ReviewScore": "100",
    "Syllable": "117",
    "Word": "27",
    "RDate": "20180610",
    "Aspects": [
      {
        "Aspect": "사이즈",
        "SentimentText": "크기가 적당한 게 공간도 많이 안차지해서 좋아요~",
        "SentimentWord": "7",
        "SentimentPolarity": "1"
      },
      {
        "Aspect": "기능",
        "SentimentText": "바람도 너무 시원하고 좋으네요",
        "SentimentWord": "4",
        "SentimentPolarity": "1"
      }
    ]
  },
  {
    "Index": "12684",
    "RawText": "오늘 기다리던 에어컨이 왔어요 전에 쓰던것보다 디자인 깔끔하고 마음에 들어요 솔솔 불어오는 바람이 자연바람 같아요 너무 좋아요 더위 안녕~",
    "Source": "SNS",
    "Domain": "가전",
    "MainCategory": "계절가전",
    "ProductName": "캐리어 에어로 18단 투인원 인버터 멀티 에어컨(16+6형)",
    "ReviewScore": "80",
    "Syllable": "77",
    "Word": "19",
    "RDate": "20180521",
    "Aspects": [
      {
        "Aspect": "디자인",
        "SentimentText": "디자인 깔끔하고 마음에 들어요",
        "SentimentWord": "4",
        "SentimentPolarity": "1"
      },
      {
        "Aspect": "기능",
        "SentimentText": "솔솔 불어오는 바람이 자연바람 같아요 너무 좋아요",
        "SentimentWord": "7",
        "SentimentPolarity": "1"
      }
    ]
  },
  {
    "Index": "12685",
    "RawText": "사용해 보니 작년에도 열대야  때문에  잠못이룬밤이  많은데 올해 구입후 설치후 열대야가  겁나지 않고 수면 잘하고 있습니다 . 올해 구입 설치후  혜택을  많이 보고 있습니다 . 에어콘 가성비  짱입니다. 바람도 너무 시원해서 아주 만족합니다",
    "Source": "SNS",
    "Domain": "가전",
    "MainCategory": "계절가전",
    "ProductName": "캐리어 에어로 18단 투인원 인버터 멀티 에어컨(16+6형)",
    "ReviewScore": "100",
    "Syllable": "136",
    "Word": "33",
    "RDate": "20180809",
    "GeneralPolarity": "1",
    "Aspects": [
      {
        "Aspect": "가격",
        "SentimentText": "에어콘 가성비  짱입니다.",
        "SentimentWord": "3",
        "SentimentPolarity": "1"
      },
      {
        "Aspect": "기능",
        "SentimentText": " 바람도 너무 시원해서 아주 만족합니다 ",
        "SentimentWord": "5",
        "SentimentPolarity": "1"
      }
    ]
  },
  {
    "Index": "12686",
    "RawText": "벽이 가벽이라 설치가 힘든 장소 이지만 생각보다 시원해서 좋아요 물을 수시로 비워줘야하는 번거로움이 있지만 이정도로 만족합니다.",
    "Source": "SNS",
    "Domain": "가전",
    "MainCategory": "계절가전",
    "ProductName": "캐리어 이동식 냉난방 에어컨(CPA-Q092IK)",
    "ReviewScore": "100",
    "Syllable": "71",
    "Word": "16",
    "RDate": "20180804",
    "Aspects": [
      {
        "Aspect": "기능",
        "SentimentText": "생각보다 시원해서 좋아요",
        "SentimentWord": "3",
        "SentimentPolarity": "1"
      },
      {
        "Aspect": "편의성",
        "SentimentText": "물을 수시로 비워줘야하는 번거로움이 있지만 이정도로 만족합니다.",
        "SentimentWord": "7",
        "SentimentPolarity": "0"
      }
    ]
  },
  {
    "Index": "12687",
    "RawText": "여러상품평과블로그보고 구이했는데 바람이 위로나와.시원한줄모르겠어여ㅠ 소음은 역시 나구여ㅠ.에어컨과 선풍기의 중간이에여.우드락사서 설치하는데 애좀먹었네에ㅠ",
    "Source": "SNS",
    "Domain": "가전",
    "MainCategory": "계절가전",
    "ProductName": "캐리어 이동식 냉난방 에어컨(CPA-Q092IK)",
    "ReviewScore": "60",
    "Syllable": "85",
    "Word": "11",
    "RDate": "20180928",
    "GeneralPolarity": "-1",
    "Aspects": [
      {
        "Aspect": "기능",
        "SentimentText": "바람이 위로나와.시원한줄모르겠어여ㅠ",
        "SentimentWord": "2",
        "SentimentPolarity": "-1"
      },
      {
        "Aspect": "소음",
        "SentimentText": "소음은 역시 나구여ㅠ",
        "SentimentWord": "3",
        "SentimentPolarity": "-1"
      },
      {
        "Aspect": "조작성",
        "SentimentText": "우드락사서 설치하는데 애좀먹었네에ㅠ",
        "SentimentWord": "3",
        "SentimentPolarity": "-1"
      }
    ]
  },
  {
    "Index": "12688",
    "RawText": "소음은 걱정했던 것보다 심하지 않아요. 어머니 방에 실외기 설치가 힘들어 이동식 에어컨 구매했는데 만족합니다~",
    "Source": "SNS",
    "Domain": "가전",
    "MainCategory": "계절가전",
    "ProductName": "캐리어 이동식 냉방 에어컨(APA-07JK)",
    "ReviewScore": "80",
    "Syllable": "61",
    "Word": "14",
    "RDate": "20180814",
    "GeneralPolarity": "1",
    "Aspects": [
      {
        "Aspect": "소음",
        "SentimentText": "소음은 걱정했던 것보다 심하지 않아요.",
        "SentimentWord": "5",
        "SentimentPolarity": "0"
      },
      {
        "Aspect": "편의성",
        "SentimentText": "어머니 방에 실외기 설치가 힘들어 이동식 에어컨 구매했는데 만족합니다~",
        "SentimentWord": "9",
        "SentimentPolarity": "1"
      }
    ]
  },
  {
    "Index": "12689",
    "RawText": "이전에 구입해서 애들방에 하나씩  사용하고 있어서  장점을 잘알고 있는데 저희 부부방엔없어서 요번 여름이 너무더워 구입했는데 잘 사용하고 있어요 바람도 너무 시원해서 만족하고 있고요. 이동식이라 넘 편리해요.",
    "Source": "SNS",
    "Domain": "가전",
    "MainCategory": "계절가전",
    "ProductName": "캐리어 이동식 냉방 에어컨(APA-07JK)",
    "ReviewScore": "100",
    "Syllable": "116",
    "Word": "26",
    "RDate": "20180809",
    "Aspects": [
      {
        "Aspect": "기능",
        "SentimentText": "바람도 너무 시원해서 만족하고 있고요",
        "SentimentWord": "5",
        "SentimentPolarity": "1"
      },
      {
        "Aspect": "편의성",
        "SentimentText": "이동식이라 넘 편리해요.",
        "SentimentWord": "3",
        "SentimentPolarity": "1"
      }
    ]
  },
  {
    "Index": "12690",
    "RawText": "요즘 너무 더워 구입했는데 더위는 잡아주기는 하나 소리가 너무 커서 잘때는 가동히기 그래요. 그리고 관을 연결하니 이동식으로의 기능을 전혀 사용할 수가 없어요.",
    "Source": "SNS",
    "Domain": "가전",
    "MainCategory": "계절가전",
    "ProductName": "캐리어 이동식 냉방 에어컨(APA-07JK)",
    "ReviewScore": "60",
    "Syllable": "89",
    "Word": "22",
    "RDate": "20180815",
    "GeneralPolarity": "-1",
    "Aspects": [
      {
        "Aspect": "소음",
        "SentimentText": "더위는 잡아주기는 하나 소리가 너무 커서 잘때는 가동히기 그래요",
        "SentimentWord": "9",
        "SentimentPolarity": "-1"
      },
      {
        "Aspect": "기능",
        "SentimentText": "그리고 관을 연결하니 이동식으로의 기능을 전혀 사용할 수가 없어요.",
        "SentimentWord": "9",
        "SentimentPolarity": "-1"
      }
    ]
  },
  {
    "Index": "12691",
    "RawText": "홈쇼핑 보고 급구매했는데.. 일반 아파트는 창이 커서 설치가 어렵네요.그리고 소음이 너무 커서 별로예요  밤에 틀고 자려니 층간소음으로 오해받을까 조심스러워요. 그래도 에어컨 바람은 시원해서 만족하고 있어요",
    "Source": "SNS",
    "Domain": "가전",
    "MainCategory": "계절가전",
    "ProductName": "캐리어 이동식 냉방 에어컨(APA-07JK)",
    "ReviewScore": "20",
    "Syllable": "115",
    "Word": "25",
    "RDate": "20180812",
    "GeneralPolarity": "0",
    "Aspects": [
      {
        "Aspect": "소음",
        "SentimentText": "소음이 너무 커서 별로예요 ",
        "SentimentWord": "4",
        "SentimentPolarity": "-1"
      },
      {
        "Aspect": "기능",
        "SentimentText": " 에어컨 바람은 시원해서 만족하고 있어요",
        "SentimentWord": "5",
        "SentimentPolarity": "1"
      }
    ]
  },
  {
    "Index": "12692",
    "RawText": "배송이 너무 늦어서 기분이 안 좋았습니다  취소하기 직전이였네요 시댁에 달아드렸는데 디자인은 단조롭고 별로지만 어머님은 시원하다고  좋다고 고맙다고 하시네요",
    "Source": "SNS",
    "Domain": "가전",
    "MainCategory": "계절가전",
    "ProductName": "캐리어 인버터 벽걸이 에어컨(11형) ARC11VBC",
    "ReviewScore": "60",
    "Syllable": "87",
    "Word": "18",
    "RDate": "20190629",
    "Aspects": [
      {
        "Aspect": "디자인",
        "SentimentText": "디자인은 단조롭고 별로지만",
        "SentimentWord": "3",
        "SentimentPolarity": "-1"
      },
      {
        "Aspect": "기능",
        "SentimentText": "시원하다고  좋다고 고맙다고 하시네요",
        "SentimentWord": "4",
        "SentimentPolarity": "1"
      }
    ]
  },
  {
    "Index": "12693",
    "RawText": "더워 지쳤던 이번 여름 왜 빨리 구매하지 않았을까 할 정도로 에어컨 시원하게 잘 사용하고 있습니다 한대 먼저 구매하고 만족해서 바로 2대더 설치했어요.  많은 사람들이 000 브랜드를 찾는 이유가 있네요 만족합니다",
    "Source": "SNS",
    "Domain": "가전",
    "MainCategory": "계절가전",
    "ProductName": "캐리어 인버터 벽걸이 에어컨(6형) ARC061VTA",
    "ReviewScore": "100",
    "Syllable": "119",
    "Word": "30",
    "RDate": "20210805",
    "Aspects": [
      {
        "Aspect": "기능",
        "SentimentText": "에어컨 시원하게 잘 사용하고 있습니다",
        "SentimentWord": "5",
        "SentimentPolarity": "1"
      },
      {
        "Aspect": "제조일/제조사",
        "SentimentText": "많은 사람들이 000 브랜드를 찾는 이유가 있네요 만족합니다",
        "SentimentWord": "8",
        "SentimentPolarity": "1"
      }
    ]
  },
  {
    "Index": "12694",
    "RawText": "주문하고 1주일 후  시공했습니다. 시간 맞춰 기사님 방문해 주시고  꼼꼼히 설명도 잘 해주시네요 만족합니다. 방 크기에 딱 맞는 사이즈네요 바람도 시원해서 너무 좋아요",
    "Source": "SNS",
    "Domain": "가전",
    "MainCategory": "계절가전",
    "ProductName": "캐리어 인버터 벽걸이 에어컨(7형) ARC07VBC",
    "ReviewScore": "100",
    "Syllable": "94",
    "Word": "23",
    "RDate": "20190730",
    "Aspects": [
      {
        "Aspect": "사이즈",
        "SentimentText": "방 크기에 딱 맞는 사이즈네요",
        "SentimentWord": "5",
        "SentimentPolarity": "1"
      },
      {
        "Aspect": "기능",
        "SentimentText": "바람도 시원해서 너무 좋아요 ",
        "SentimentWord": "4",
        "SentimentPolarity": "1"
      }
    ]
  },
  {
    "Index": "12695",
    "RawText": "창문형 에어컨 설치하려고 샀어요. 괜찮은데 가격이 세네요  . 창문형 에어컨이 가동될 때마다 떨림이 있어서 소음을 일으켜 아쉽습니다 . 심하진 않지만 신경이 쓰이네요",
    "Source": "SNS",
    "Domain": "가전",
    "MainCategory": "계절가전",
    "ProductName": "캐리어 창문형 에어컨 연장브라켓 90cm(CW-90BR)",
    "ReviewScore": "70",
    "Syllable": "92",
    "Word": "22",
    "RDate": "20210721",
    "GeneralPolarity": "0",
    "Aspects": [
      {
        "Aspect": "가격",
        "SentimentText": "괜찮은데 가격이 세네요  ",
        "SentimentWord": "3",
        "SentimentPolarity": "0"
      },
      {
        "Aspect": "소음",
        "SentimentText": "가동될 때마다 떨림이 있어서 소음을 일으켜 아쉽습니다",
        "SentimentWord": "7",
        "SentimentPolarity": "0"
      }
    ]
  },
  {
    "Index": "12696",
    "RawText": "2개중 1개의 매트 부분이 한 부분이 뜯어져 있어요.  1개는 괜찮아요.  싱글 사이즈인데 광고에서 본 것보다 더 작네요.",
    "Source": "SNS",
    "Domain": "가전",
    "MainCategory": "계절가전",
    "ProductName": "(TV_정률_20)일월 에어로실버 온열매트_싱글+싱글",
    "ReviewScore": "90",
    "Syllable": "68",
    "Word": "17",
    "RDate": "20201227",
    "Aspects": [
      {
        "Aspect": "품질",
        "SentimentText": "2개중 1개의 매트 부분이 한 부분이 뜯어져 있어요. ",
        "SentimentWord": "8",
        "SentimentPolarity": "-1"
      },
      {
        "Aspect": "사이즈",
        "SentimentText": "싱글 사이즈인데 광고에서 본 것보다 더 작네요.",
        "SentimentWord": "7",
        "SentimentPolarity": "-1"
      }
    ]
  },
  {
    "Index": "12697",
    "RawText": "1+1  가성비 너~~~무좋아요 따뜻하게 잘쓰고 있고 만족하고 있어요 .다시1+1판매계획은 없으신가요? 자녀들한테도 사주고싶은데..",
    "Source": "SNS",
    "Domain": "가전",
    "MainCategory": "계절가전",
    "ProductName": "(단하루)일월 스타일쉬 스마트 카본매트(더블)",
    "ReviewScore": "100",
    "Syllable": "73",
    "Word": "12",
    "RDate": "20211214",
    "GeneralPolarity": "1",
    "Aspects": [
      {
        "Aspect": "가격",
        "SentimentText": "1+1  가성비 너~~~무좋아요",
        "SentimentWord": "3",
        "SentimentPolarity": "1"
      },
      {
        "Aspect": "기능",
        "SentimentText": "따뜻하게 잘쓰고 있고 만족하고 있어요",
        "SentimentWord": "5",
        "SentimentPolarity": "1"
      }
    ]
  },
  {
    "Index": "12698",
    "RawText": "코드연결부위가 안들어가서 기존에 사용하던것과 교체했어요 ㅠ 쿠션감도 별로인게 괜히 샀나봐요 ㅠㅠ",
    "Source": "SNS",
    "Domain": "가전",
    "MainCategory": "계절가전",
    "ProductName": "(온라인) 일월 절전형 양모매트 초특가_싱글",
    "ReviewScore": "80",
    "Syllable": "53",
    "Word": "11",
    "RDate": "20211130",
    "Aspects": [
      {
        "Aspect": "품질",
        "SentimentText": "코드연결부위가 안들어가서 기존에 사용하던것과 교체했어요 ㅠ",
        "SentimentWord": "6",
        "SentimentPolarity": "-1"
      },
      {
        "Aspect": "조작성",
        "SentimentText": "쿠션감도 별로인게 괜히 샀나봐요 ㅠㅠ",
        "SentimentWord": "5",
        "SentimentPolarity": "-1"
      }
    ]
  },
  {
    "Index": "12699",
    "RawText": "전기장판 열선은 손으로 만져질. 정도로 배기고 ㅠ 에어셀 퀼팅공법이란 광고도. 믿지 마세요 전혀 에어셀. 없고 사진하고. 완전 틀리네요 열도 장판에 골고루 퍼지지 않아요 혹시 짝퉁을 갖다파는지 의심되네요.",
    "Source": "SNS",
    "Domain": "가전",
    "MainCategory": "계절가전",
    "ProductName": "[보국]전기요 BAF/EMF인증 전기장판 세탁가능 BKB-1607S(싱글)",
    "ReviewScore": "40",
    "Syllable": "114",
    "Word": "27",
    "RDate": "20210927",
    "Aspects": [
      {
        "Aspect": "품질",
        "SentimentText": "전기장판 열선은 손으로 만져질. 정도로 배기고 ㅠ",
        "SentimentWord": "7",
        "SentimentPolarity": "-1"
      },
      {
        "Aspect": "기능",
        "SentimentText": "열도 장판에 골고루 퍼지지 않아요",
        "SentimentWord": "5",
        "SentimentPolarity": "-1"
      }
    ]
  },
  {
    "Index": "12700",
    "RawText": "거실에서 쓰려고 샀어요. 사용해 보니까 고온이라도 엄청 뜨겁거나 하진 않는거 같아요ㅠ.  켜놓고 이불 덮고 있어니깐 따뜻한게 좋아용. 성능 맘에 들어요",
    "Source": "SNS",
    "Domain": "가전",
    "MainCategory": "계절가전",
    "ProductName": "K_곰표한일 전자파 걱정없는 무자계 안심 전기요 대형(135X180cm)",
    "ReviewScore": "90",
    "Syllable": "84",
    "Word": "20",
    "RDate": "20191129",
    "GeneralPolarity": "1",
    "Aspects": [
      {
        "Aspect": "내구성",
        "SentimentText": "사용해 보니까 고온이라도 엄청 뜨겁거나 하진 않는거 같아요ㅠ",
        "SentimentWord": "8",
        "SentimentPolarity": "0"
      },
      {
        "Aspect": "기능",
        "SentimentText": "켜놓고 이불 덮고 있어니깐 따뜻한게 좋아용. 성능 맘에 들어요",
        "SentimentWord": "9",
        "SentimentPolarity": "1"
      }
    ]
  },
  {
    "Index": "12701",
    "RawText": "따뜻하고 좋습니다 15시간후 자동꺼짐 기능도있어서 깜박잊고 외출해도 걱정이 없어요  가격도 너무 착하구요 강추에요!! ",
    "Source": "SNS",
    "Domain": "가전",
    "MainCategory": "계절가전",
    "ProductName": "K_곰표한일 전자파 걱정없는 무자계 안심 전기요 대형(135X180cm)",
    "ReviewScore": "100",
    "Syllable": "66",
    "Word": "13",
    "RDate": "20200107",
    "GeneralPolarity": "1",
    "Aspects": [
      {
        "Aspect": "기능",
        "SentimentText": "따뜻하고 좋습니다",
        "SentimentWord": "2",
        "SentimentPolarity": "1"
      },
      {
        "Aspect": "기능",
        "SentimentText": "15시간후 자동꺼짐 기능도있어서 깜박잊고 외출해도 걱정이 없어요",
        "SentimentWord": "7",
        "SentimentPolarity": "1"
      },
      {
        "Aspect": "가격",
        "SentimentText": "가격도 너무 착하구요 강추에요!!",
        "SentimentWord": "4",
        "SentimentPolarity": "1"
      }
    ]
  },
  {
    "Index": "12702",
    "RawText": "온도는 그냥 따듯한 정도구요 조절기 줄이 너무 짧아서 멀티탭이 있어야 할거 같아요 원가절감인지는 모르겠지만 조절기 줄이 예전에 샀던거의 2/3정도 밖에 안되서 좀 불편해요",
    "Source": "SNS",
    "Domain": "가전",
    "MainCategory": "계절가전",
    "ProductName": "곰표한일 워셔블 전기요 대형(180x135cm) GP1000",
    "ReviewScore": "80",
    "Syllable": "95",
    "Word": "23",
    "RDate": "20191101",
    "GeneralPolarity": "-1",
    "Aspects": [
      {
        "Aspect": "내구성",
        "SentimentText": "온도는 그냥 따듯한 정도구요",
        "SentimentWord": "4",
        "SentimentPolarity": "0"
      },
      {
        "Aspect": "사이즈",
        "SentimentText": "조절기 줄이 너무 짧아서 멀티탭이 있어야 할거 같아요",
        "SentimentWord": "8",
        "SentimentPolarity": "-1"
      },
      {
        "Aspect": "사이즈",
        "SentimentText": "조절기 줄이 예전에 샀던거의 2/3정도 밖에 안되서 좀 불편해요",
        "SentimentWord": "9",
        "SentimentPolarity": "-1"
      }
    ]
  },
  {
    "Index": "12703",
    "RawText": "배송일3일걸리고 온도조절기두 볼트가없는데 고온에서도 하루종일 틀고 이술덮어놔도 따뜻하지가 않네요..불량인건지ㅠ 사이즈도 중형인데 중형치곤 작은 것 같아요.. 싼가격이라 반품하기 귀차나너 걍씁니다.",
    "Source": "SNS",
    "Domain": "가전",
    "MainCategory": "계절가전",
    "ProductName": "곰표한일 워셔블 전기요 중형(180x100cm) GP1000",
    "ReviewScore": "60",
    "Syllable": "109",
    "Word": "19",
    "RDate": "20191115",
    "Aspects": [
      {
        "Aspect": "품질",
        "SentimentText": "고온에서도 하루종일 틀고 이술덮어놔도 따뜻하지가 않네요..불량인건지ㅠ",
        "SentimentWord": "6",
        "SentimentPolarity": "-1"
      },
      {
        "Aspect": "사이즈",
        "SentimentText": "사이즈도 중형인데 중형치곤 작은 것 같아요..",
        "SentimentWord": "6",
        "SentimentPolarity": "-1"
      }
    ]
  },
  {
    "Index": "12704",
    "RawText": "시어머님이 오신다고 해서 미리 준비했어요. 몸에 전기 흐르는 것도 차단된다고 하고 얇고 편한 것 같아요. 생산년도도 최근이라 좋고 디자인도 예뻐요.",
    "Source": "SNS",
    "Domain": "가전",
    "MainCategory": "계절가전",
    "ProductName": "대원 무전자계 전기요 DW-MBC9114D [더블/9단계/15시간안전타이머/세탁기사용]",
    "ReviewScore": "100",
    "Syllable": "82",
    "Word": "20",
    "RDate": "20220220",
    "GeneralPolarity": "1",
    "Aspects": [
      {
        "Aspect": "사이즈",
        "SentimentText": "얇고 편한 것 같아요",
        "SentimentWord": "4",
        "SentimentPolarity": "1"
      },
      {
        "Aspect": "제조일/제조사",
        "SentimentText": "생산년도도 최근이라 좋고",
        "SentimentWord": "3",
        "SentimentPolarity": "1"
      },
      {
        "Aspect": "디자인",
        "SentimentText": "디자인도 예뻐요.",
        "SentimentWord": "2",
        "SentimentPolarity": "1"
      }
    ]
  },
  {
    "Index": "12705",
    "RawText": "하루 사용했는데, 실같은것들이 하얗게 많이 나왔어요.옷에  붙었는데, 이거뭐죠 ㅠ 잘 털어지지 않아 하나하나 손으로 뗐어요. 불편하네요. 커버를 씌워야 사용가능할것 같네요.",
    "Source": "SNS",
    "Domain": "가전",
    "MainCategory": "계절가전",
    "ProductName": "벨라홈 안심 전기요 체크/스타 (대)",
    "ReviewScore": "20",
    "Syllable": "96",
    "Word": "20",
    "RDate": "20190609",
    "GeneralPolarity": "-1",
    "Aspects": [
      {
        "Aspect": "품질",
        "SentimentText": "실같은것들이 하얗게 많이 나왔어요.옷에  붙었는데, 이거뭐죠 ㅠ",
        "SentimentWord": "7",
        "SentimentPolarity": "-1"
      },
      {
        "Aspect": "편의성",
        "SentimentText": "잘 털어지지 않아 하나하나 손으로 뗐어요. 불편하네요.",
        "SentimentWord": "7",
        "SentimentPolarity": "-1"
      }
    ]
  },
  {
    "Index": "12706",
    "RawText": "별하나도 아까운 상품입니다  초여름에 구입후 3개월가량  쓸일이 없어 그냥 두다 이번에 한달 정도 사용했습니다 매트가 따뜻해질때 까지 시간이 오래 걸립니다 거기다 작동 시 물 끓는 소리가 엄청 크에 나 안 좋습니다 그냥 물끓는 정도가 아닙니다 그래서 당연히 AS보냈더니 착불로 해서 착불요금만 지불했습니다 문제는 AS하고 보름 지나니 또 소리가 납니다 물건을 이따구로 만들어 팔면서 AS 처리도 잘못되었는데 착불 요금을 소비자가 내야 합니까? 매우 화가 납니다 소비자 잘못이 아닌 물건 자체가 하자인데 이건좀 아닌듯 진짜 길거리에 돈을 그냥 버린 느낌 입니다 이런 물건 팔지마세요",
    "Source": "SNS",
    "Domain": "가전",
    "MainCategory": "계절가전",
    "ProductName": "삼원온수매트 블루홀(싱글)",
    "ReviewScore": "20",
    "Syllable": "324",
    "Word": "82",
    "RDate": "20190416",
    "Aspects": [
      {
        "Aspect": "시간/속도",
        "SentimentText": "매트가 따뜻해질때 까지 시간이 오래 걸립니다",
        "SentimentWord": "6",
        "SentimentPolarity": "-1"
      },
      {
        "Aspect": "소음",
        "SentimentText": "작동 시 물 끓는 소리가 엄청 크에 나 안 좋습니다",
        "SentimentWord": "10",
        "SentimentPolarity": "-1"
      }
    ]
  },
  {
    "Index": "12707",
    "RawText": "불량품을 보내주셨네요ㅠ 교환하는것도 힘들었어요. 교환기간이 길었지만 .... ㅠㅠ 기능이 좋아 지금은 제품 잘쓰고 있어요.",
    "Source": "SNS",
    "Domain": "가전",
    "MainCategory": "계절가전",
    "ProductName": "일월 50W 초절전형 전기매트 미니싱글",
    "ReviewScore": "40",
    "Syllable": "68",
    "Word": "14",
    "RDate": "20211121",
    "Aspects": [
      {
        "Aspect": "품질",
        "SentimentText": "불량품을 보내주셨네요ㅠ",
        "SentimentWord": "2",
        "SentimentPolarity": "-1"
      },
      {
        "Aspect": "기능",
        "SentimentText": "기능이 좋아 지금은 제품 잘쓰고 있어요.",
        "SentimentWord": "6",
        "SentimentPolarity": "0"
      }
    ]
  },
  {
    "Index": "12708",
    "RawText": "1인용이지만 너무 작네요  폭과 길이가 20cm쯤   성능은 좋아서 만족스러워요. 우리나라 사람들이 체형이 많이 커졌잖아요",
    "Source": "SNS",
    "Domain": "가전",
    "MainCategory": "계절가전",
    "ProductName": "일월 50W 초절전형 전기매트 미니싱글",
    "ReviewScore": "60",
    "Syllable": "68",
    "Word": "14",
    "RDate": "20211211",
    "GeneralPolarity": "0",
    "Aspects": [
      {
        "Aspect": "사이즈",
        "SentimentText": "1인용이지만 너무 작네요",
        "SentimentWord": "3",
        "SentimentPolarity": "-1"
      },
      {
        "Aspect": "기능",
        "SentimentText": "성능은 좋아서 만족스러워요.",
        "SentimentWord": "3",
        "SentimentPolarity": "1"
      }
    ]
  },
  {
    "Index": "12709",
    "RawText": "전기매트 너무 좋네여. 싸이즈 작은거 알고샀는데 저한테 딱이네요, 딱 그만한 싸이즈(1인용보다는 작고, 휴대용보다는 큰 싸이즈)원했는데 싼 가격에 잘샀어요",
    "Source": "SNS",
    "Domain": "가전",
    "MainCategory": "계절가전",
    "ProductName": "일월 50W 초절전형 전기매트 미니싱글",
    "ReviewScore": "100",
    "Syllable": "86",
    "Word": "18",
    "RDate": "20211115",
    "GeneralPolarity": "1",
    "Aspects": [
      {
        "Aspect": "품질",
        "SentimentText": "전기매트 너무 좋네여.",
        "SentimentWord": "3",
        "SentimentPolarity": "1"
      },
      {
        "Aspect": "사이즈",
        "SentimentText": "싸이즈 작은거 알고샀는데 저한테 딱이네요,",
        "SentimentWord": "5",
        "SentimentPolarity": "1"
      },
      {
        "Aspect": "가격",
        "SentimentText": "싼 가격에 잘샀어요",
        "SentimentWord": "3",
        "SentimentPolarity": "1"
      }
    ]
  },
  {
    "Index": "12710",
    "RawText": "우연히 발견한  전기 매트 ㆍ그동안엔 겨울에 극세사 담요만  덮고 티비봣는데.. 소파에 전기매트 깔아놓음 따뜻하니 넘좋아요 ㆍ 따뜻하게  잘  쓸게요~ 가격대비 좋아요",
    "Source": "SNS",
    "Domain": "가전",
    "MainCategory": "계절가전",
    "ProductName": "일월 50W 초절전형 전기매트 미니싱글",
    "ReviewScore": "80",
    "Syllable": "93",
    "Word": "21",
    "RDate": "20211109",
    "GeneralPolarity": "1",
    "Aspects": [
      {
        "Aspect": "기능",
        "SentimentText": "소파에 전기매트 깔아놓음 따뜻하니 넘좋아요",
        "SentimentWord": "5",
        "SentimentPolarity": "1"
      },
      {
        "Aspect": "가격",
        "SentimentText": "가격대비 좋아요",
        "SentimentWord": "2",
        "SentimentPolarity": "1"
      }
    ]
  },
  {
    "Index": "12711",
    "RawText": "판매자님 미니싱글이라지만 크기가 너무 작아요 ㅠㅠ 그리고   5단으로 해놓고 하루켜놓아도  안따뜻하고 미적지근해요 ㅠㅠ 그니깐 첨부터 교환문의할때 했어야했어요 ㅡㅡ반품까다롭네요",
    "Source": "SNS",
    "Domain": "가전",
    "MainCategory": "계절가전",
    "ProductName": "일월 50W 초절전형 전기매트 미니싱글",
    "ReviewScore": "10",
    "Syllable": "98",
    "Word": "18",
    "RDate": "20211231",
    "Aspects": [
      {
        "Aspect": "사이즈",
        "SentimentText": "미니싱글이라지만 크기가 너무 작아요 ㅠㅠ",
        "SentimentWord": "5",
        "SentimentPolarity": "-1"
      },
      {
        "Aspect": "기능",
        "SentimentText": "5단으로 해놓고 하루켜놓아도  안따뜻하고 미적지근해요 ㅠㅠ",
        "SentimentWord": "6",
        "SentimentPolarity": "-1"
      }
    ]
  },
  {
    "Index": "12712",
    "RawText": "전기매트 깔고 한번 누워봤는데 작네요~ ㅋㅋ 별로 따뜻하지도 않아요~ ㅠ",
    "Source": "SNS",
    "Domain": "가전",
    "MainCategory": "계절가전",
    "ProductName": "일월 50W 초절전형 전기매트 미니싱글",
    "ReviewScore": "10",
    "Syllable": "40",
    "Word": "10",
    "RDate": "20211030",
    "Aspects": [
      {
        "Aspect": "사이즈",
        "SentimentText": "전기매트 깔고 한번 누워봤는데 작네요~ ㅋㅋ",
        "SentimentWord": "6",
        "SentimentPolarity": "-1"
      },
      {
        "Aspect": "기능",
        "SentimentText": "별로 따뜻하지도 않아요~ ㅠ",
        "SentimentWord": "4",
        "SentimentPolarity": "-1"
      }
    ]
  },
  {
    "Index": "12713",
    "RawText": "타사제품하고 비교했는데  금액부담이커서 OOO로 구매했어요~  근데 사용해보니까   가격좋고 엄청 뜨시고 좋네요~  후회안해요~^^",
    "Source": "SNS",
    "Domain": "가전",
    "MainCategory": "계절가전",
    "ProductName": "일월 스타일쉬 스마트 카본매트(더블)",
    "ReviewScore": "100",
    "Syllable": "73",
    "Word": "12",
    "RDate": "20211117",
    "GeneralPolarity": "1",
    "Aspects": [
      {
        "Aspect": "가격",
        "SentimentText": "근데 사용해보니까   가격좋고 엄청 뜨시고 좋네요~  후회안해요~^^",
        "SentimentWord": "7",
        "SentimentPolarity": "1"
      },
      {
        "Aspect": "기능",
        "SentimentText": "엄청 뜨시고 좋네요~  후회안해요~^^",
        "SentimentWord": "4",
        "SentimentPolarity": "1"
      }
    ]
  },
  {
    "Index": "12714",
    "RawText": "여러가지 안전장치가 있어 좋긴한데 생각보다 얇아서 위에 가벼운 매트하나 더 깔아야 될듯합니다.뜨거워요ㅠ 그래도 따뜻 하겠지요.",
    "Source": "SNS",
    "Domain": "가전",
    "MainCategory": "계절가전",
    "ProductName": "일월 스타일쉬 스마트 카본매트(더블)",
    "ReviewScore": "60",
    "Syllable": "70",
    "Word": "15",
    "RDate": "20210926",
    "GeneralPolarity": "0",
    "Aspects": [
      {
        "Aspect": "기능",
        "SentimentText": "여러가지 안전장치가 있어 좋긴한데",
        "SentimentWord": "4",
        "SentimentPolarity": "1"
      },
      {
        "Aspect": "사이즈",
        "SentimentText": "생각보다 얇아서 위에 가벼운 매트하나 더 깔아야 될듯합니다.뜨거워요ㅠ",
        "SentimentWord": "8",
        "SentimentPolarity": "-1"
      }
    ]
  },
  {
    "Index": "12715",
    "RawText": "첨부터 전원콘센트가 잘 안됐었는데 어쩌다보면 또 전원이 켜지기도해서 그냥사용했는데 이젠 아예 전원이 안켜져요.어떻게해야되죠? 추운데미치겠어요ㅠㅠ 품질 실망이에요",
    "Source": "SNS",
    "Domain": "가전",
    "MainCategory": "계절가전",
    "ProductName": "일월 스타일쉬 스마트 카본매트(더블)",
    "ReviewScore": "80",
    "Syllable": "89",
    "Word": "16",
    "RDate": "20211111",
    "GeneralPolarity": "-1",
    "Aspects": [
      {
        "Aspect": "품질",
        "SentimentText": "이젠 아예 전원이 안켜져요.어떻게해야되죠? 추운데미치겠어요ㅠㅠ",
        "SentimentWord": "5",
        "SentimentPolarity": "-1"
      },
      {
        "Aspect": "품질",
        "SentimentText": "품질 실망이에요",
        "SentimentWord": "2",
        "SentimentPolarity": "-1"
      }
    ]
  },
  {
    "Index": "12716",
    "RawText": "구매분들에상품평을보고구매했는데. 디자인은 예뻐서 좋은데 두께가 얇은게 아쉽네요~~ ",
    "Source": "SNS",
    "Domain": "가전",
    "MainCategory": "계절가전",
    "ProductName": "일월 스타일쉬 스마트 카본매트(더블)",
    "ReviewScore": "60",
    "Syllable": "46",
    "Word": "7",
    "RDate": "20211002",
    "Aspects": [
      {
        "Aspect": "디자인",
        "SentimentText": "디자인은 예뻐서 좋은데",
        "SentimentWord": "3",
        "SentimentPolarity": "1"
      },
      {
        "Aspect": "사이즈",
        "SentimentText": "두께가 얇은게 아쉽네요~~",
        "SentimentWord": "3",
        "SentimentPolarity": "-1"
      }
    ]
  },
  {
    "Index": "12717",
    "RawText": "딸아이 싱글매트에는 크지만 캠핑용등 다용도로 사용하려니 더블은 있어야...ㅎ 아이들이 따뜻하다하니 좋아요~기능 만족입니다  물세탁가능하고 전자파수치도 낮아 여러 걱정을 덜었네요ㅋ 잘쓸게요",
    "Source": "SNS",
    "Domain": "가전",
    "MainCategory": "계절가전",
    "ProductName": "일월 스타일쉬 스마트 카본매트(더블)",
    "ReviewScore": "100",
    "Syllable": "104",
    "Word": "19",
    "RDate": "20211027",
    "GeneralPolarity": "1",
    "Aspects": [
      {
        "Aspect": "기능",
        "SentimentText": "아이들이 따뜻하다하니 좋아요~기능 만족입니다",
        "SentimentWord": "4",
        "SentimentPolarity": "1"
      },
      {
        "Aspect": "편의성",
        "SentimentText": "물세탁가능하고 전자파수치도 낮아 여러 걱정을 덜었네요ㅋ",
        "SentimentWord": "6",
        "SentimentPolarity": "1"
      },
      {
        "Aspect": "내구성",
        "SentimentText": "전자파수치도 낮아 여러 걱정을 덜었네요ㅋ",
        "SentimentWord": "5",
        "SentimentPolarity": "1"
      }
    ]
  },
  {
    "Index": "12718",
    "RawText": "디자인도 별로고 분리난방이 안되서 반품하려고하니 싸이트상에서는 안되게되어있고 상담원 힘들게 기다려 전화연결하니  반품부적사유많아서 까다롭고 좀 나쁘네요 바쁜데 이렇게하게 해놨다니 반품절차 어이가없네요",
    "Source": "SNS",
    "Domain": "가전",
    "MainCategory": "계절가전",
    "ProductName": "일월 스타일쉬 스마트 카본매트(더블)",
    "ReviewScore": "10",
    "Syllable": "111",
    "Word": "20",
    "RDate": "20210914",
    "Aspects": [
      {
        "Aspect": "디자인",
        "SentimentText": "디자인도 별로고",
        "SentimentWord": "2",
        "SentimentPolarity": "-1"
      },
      {
        "Aspect": "기능",
        "SentimentText": "분리난방이 안되서 반품하려고하니",
        "SentimentWord": "3",
        "SentimentPolarity": "-1"
      }
    ]
  },
  {
    "Index": "12719",
    "RawText": "상품.받은후 사용안하고 2개월후사용 하려니 전원이 안들어오고따뜻하지않아 고객센터 의뢰한결과도 불량입니다ㅠ 고객 여러분 들이제품 전체 불량 엉터리입니다 돈아깝네요 ㅠ 품질검사 제대로 해주세요",
    "Source": "SNS",
    "Domain": "가전",
    "MainCategory": "계절가전",
    "ProductName": "일월 스타일쉬 스마트 카본매트(더블+더블)",
    "ReviewScore": "10",
    "Syllable": "105",
    "Word": "20",
    "RDate": "20211227",
    "GeneralPolarity": "-1",
    "Aspects": [
      {
        "Aspect": "품질",
        "SentimentText": "전원이 안들어오고따뜻하지않아 고객센터 의뢰한결과도 불량입니다ㅠ",
        "SentimentWord": "5",
        "SentimentPolarity": "-1"
      },
      {
        "Aspect": "품질",
        "SentimentText": "제품 전체 불량 엉터리입니다 돈아깝네요 ㅠ",
        "SentimentWord": "6",
        "SentimentPolarity": "-1"
      }
    ]
  },
  {
    "Index": "12720",
    "RawText": "더블인데 전기 사용이 따로 사용할수 있어 좋구요 매트 닿는부분이 새거라 바스럭 거리는 소리가 나긴하지만 이불패드 안깔고 전기매트만 깔고 자도 좋더라구요 요즘은 혼자 사용할때 반쪽만 켜고 잘수 있어서 좋아요 ",
    "Source": "SNS",
    "Domain": "가전",
    "MainCategory": "계절가전",
    "ProductName": "일월 워셔블 M2 전기매트_더블(140x180)_디지털(투난방)",
    "ReviewScore": "100",
    "Syllable": "115",
    "Word": "28",
    "RDate": "20220124",
    "GeneralPolarity": "1",
    "Aspects": [
      {
        "Aspect": "기능",
        "SentimentText": "더블인데 전기 사용이 따로 사용할수 있어 좋구요",
        "SentimentWord": "7",
        "SentimentPolarity": "1"
      },
      {
        "Aspect": "기능",
        "SentimentText": "혼자 사용할때 반쪽만 켜고 잘수 있어서 좋아요",
        "SentimentWord": "7",
        "SentimentPolarity": "1"
      },
      {
        "Aspect": "편의성",
        "SentimentText": "이불패드 안깔고 전기매트만 깔고 자도 좋더라구요",
        "SentimentWord": "6",
        "SentimentPolarity": "1"
      }
    ]
  },
  {
    "Index": "12721",
    "RawText": "상품평쓴다고 참고좀 재발해주세요 코드연결부분이 머리위쪽이라  돌아누울때 어깨부딧처 불편합니다 전원 켜고 매트 온도 올라갈때까지 시간이 길어요",
    "Source": "SNS",
    "Domain": "가전",
    "MainCategory": "계절가전",
    "ProductName": "일월 워셔블 초절전형 기모극세사 전기매트_더블(140x180)_투난방",
    "ReviewScore": "40",
    "Syllable": "78",
    "Word": "15",
    "RDate": "20211019",
    "Aspects": [
      {
        "Aspect": "편의성",
        "SentimentText": "코드연결부분이 머리위쪽이라  돌아누울때 어깨부딧처 불편합니다 ",
        "SentimentWord": "5",
        "SentimentPolarity": "-1"
      },
      {
        "Aspect": "시간/속도",
        "SentimentText": "전원 켜고 매트 온도 올라갈때까지 시간이 길어요",
        "SentimentWord": "7",
        "SentimentPolarity": "-1"
      }
    ]
  },
  {
    "Index": "12722",
    "RawText": "구입한지 한달됬는데  전원 고장 ㅠ  90어머니 사드렸는데 속상하네요  월요일날 as신청하려하는데 상용후라 교환은 안된다고해서 많이 속상하네요 주위에서 ○○ 전기매트 많이 구매하길래 샀는데 다른거 살걸 그랬네요 ㅠㅠ",
    "Source": "SNS",
    "Domain": "가전",
    "MainCategory": "계절가전",
    "ProductName": "일월 워셔블 초절전형 기모극세사 전기매트_싱글(80x180)_원난방",
    "ReviewScore": "100",
    "Syllable": "120",
    "Word": "25",
    "RDate": "20211218",
    "Aspects": [
      {
        "Aspect": "품질",
        "SentimentText": "구입한지 한달됬는데  전원 고장 ㅠ",
        "SentimentWord": "5",
        "SentimentPolarity": "-1"
      },
      {
        "Aspect": "제조일/제조사",
        "SentimentText": "주위에서 ○○ 전기매트 많이 구매하길래 샀는데 다른거 살걸 그랬네요 ㅠㅠ",
        "SentimentWord": "10",
        "SentimentPolarity": "-1"
      }
    ]
  },
  {
    "Index": "12723",
    "RawText": "전에 타 제품은 열받으면 자동 꺼짐 기능있어서 깜빡하고 안끄고가도 걱정없었는데, 이 제품은 자동꺼짐 기능이없어 불편해요.  사용도 쉽고 기본에 충실한 제품입니다.",
    "Source": "SNS",
    "Domain": "가전",
    "MainCategory": "계절가전",
    "ProductName": "펭수논슬립전기방석(2단조절형)[YNG-001]",
    "ReviewScore": "100",
    "Syllable": "90",
    "Word": "20",
    "RDate": "20220101",
    "GeneralPolarity": "0",
    "Aspects": [
      {
        "Aspect": "기능",
        "SentimentText": "이 제품은 자동꺼짐 기능이없어 불편해요.",
        "SentimentWord": "5",
        "SentimentPolarity": "-1"
      },
      {
        "Aspect": "편의성",
        "SentimentText": "사용도 쉽고 기본에 충실한 제품입니다.",
        "SentimentWord": "5",
        "SentimentPolarity": "1"
      }
    ]
  },
  {
    "Index": "12724",
    "RawText": "대형이라 크고 좋네요. 2022년 모델이라 구입했는데 더 업그레이드 된거 같네요. 전원 연결 코드 위치가 판매 사진과 달라서 조금 걱정했는데 기능은 좋아요.",
    "Source": "SNS",
    "Domain": "가전",
    "MainCategory": "계절가전",
    "ProductName": "한솔 LX 뉴청맥 온돌방 전기장판 특대형(183x240)",
    "ReviewScore": "100",
    "Syllable": "87",
    "Word": "21",
    "RDate": "20220127",
    "GeneralPolarity": "1",
    "Aspects": [
      {
        "Aspect": "사이즈",
        "SentimentText": "대형이라 크고 좋네요.",
        "SentimentWord": "3",
        "SentimentPolarity": "1"
      },
      {
        "Aspect": "기능",
        "SentimentText": "전원 연결 코드 위치가 판매 사진과 달라서 조금 걱정했는데 기능은 좋아요.",
        "SentimentWord": "11",
        "SentimentPolarity": "1"
      }
    ]
  },
  {
    "Index": "12725",
    "RawText": "배송받자마자 사용해봤는데 크기가 보기보다 작네요 작동도 안되고 고장인거 같아요 고객센타로 전화해서 교환신청했습니다. 제대로 확인 안하고 보내는건지 화가나네요.",
    "Source": "SNS",
    "Domain": "가전",
    "MainCategory": "계절가전",
    "ProductName": "한일의료기 전기요 자전거-대/전기장판 HLY-603NK",
    "ReviewScore": "10",
    "Syllable": "88",
    "Word": "17",
    "RDate": "20201225",
    "Aspects": [
      {
        "Aspect": "사이즈",
        "SentimentText": "크기가 보기보다 작네요",
        "SentimentWord": "3",
        "SentimentPolarity": "-1"
      },
      {
        "Aspect": "품질",
        "SentimentText": "작동도 안되고 고장인거 같아요",
        "SentimentWord": "4",
        "SentimentPolarity": "-1"
      }
    ]
  },
  {
    "Index": "12726",
    "RawText": "잘 받았습니다  작동 잘 됩니다 중형이 없어서 소혀므로 구입했는데 사이즈가 조금 컸으면 좋았겠네요 가격은 다른 곳보다 비싼데 적립금 쓰려고 구입",
    "Source": "SNS",
    "Domain": "가전",
    "MainCategory": "계절가전",
    "ProductName": "한일의료기 전기요 자전거-소/전기장판 HLY-601NK",
    "ReviewScore": "70",
    "Syllable": "80",
    "Word": "20",
    "RDate": "20201226",
    "GeneralPolarity": "0",
    "Aspects": [
      {
        "Aspect": "기능",
        "SentimentText": "작동 잘 됩니다",
        "SentimentWord": "3",
        "SentimentPolarity": "1"
      },
      {
        "Aspect": "사이즈",
        "SentimentText": "사이즈가 조금 컸으면 좋았겠네요",
        "SentimentWord": "4",
        "SentimentPolarity": "-1"
      },
      {
        "Aspect": "가격",
        "SentimentText": "가격은 다른 곳보다 비싼데 적립금 쓰려고 구입",
        "SentimentWord": "7",
        "SentimentPolarity": "0"
      }
    ]
  },
  {
    "Index": "12727",
    "RawText": "거실에깔려고 구매했는데 디자인도 맘에 안들고 생각보다 사이즈가 작아서ㅠ 반품하려고 하니 택배비가 20,000원이라네요ㅠ 반품도 못하고 고민중이네요",
    "Source": "SNS",
    "Domain": "가전",
    "MainCategory": "계절가전",
    "ProductName": "핫한일 대청 온돌마루 전기 카페트 매트(183x100)",
    "ReviewScore": "60",
    "Syllable": "81",
    "Word": "15",
    "RDate": "20211111",
    "Aspects": [
      {
        "Aspect": "디자인",
        "SentimentText": "디자인도 맘에 안들고",
        "SentimentWord": "3",
        "SentimentPolarity": "-1"
      },
      {
        "Aspect": "사이즈",
        "SentimentText": "생각보다 사이즈가 작아서ㅠ",
        "SentimentWord": "3",
        "SentimentPolarity": "-1"
      }
    ]
  },
  {
    "Index": "12728",
    "RawText": "2개 샀는데 1개가 안되요ㅠ. 푹신하지도 않고 쿠션감 별로예요ㅠㅠ. 전화했더니 반품이 안된다하는거 같고.연락준다며 주지도 않고 다시는 OO쇼핑 거래하기 싫음",
    "Source": "SNS",
    "Domain": "가전",
    "MainCategory": "계절가전",
    "ProductName": "핫한일 대청마루 전기장판 전기카페트 7T(183x90)_원난방",
    "ReviewScore": "10",
    "Syllable": "87",
    "Word": "18",
    "RDate": "20211227",
    "Aspects": [
      {
        "Aspect": "품질",
        "SentimentText": "2개 샀는데 1개가 안되요ㅠ.",
        "SentimentWord": "4",
        "SentimentPolarity": "-1"
      },
      {
        "Aspect": "조작성",
        "SentimentText": "푹신하지도 않고 쿠션감 별로예요ㅠㅠ.",
        "SentimentWord": "4",
        "SentimentPolarity": "-1"
      }
    ]
  },
  {
    "Index": "12729",
    "RawText": "뽀송하니 성능 좋아요 쓰던 제습기는 딸 한테 넘기고 다시 구매했어요 필요없을 줄 알고 넘겼는데 비가 많이 오는 날이 많아져서 습한것을 어떻게 할 수없어서 구매합니다 내 돈주고 샀지만 제습잘되서 좋아요 잘 쓰겠습니다~",
    "Source": "SNS",
    "Domain": "가전",
    "MainCategory": "계절가전",
    "ProductName": "(TV) 2021년형 위닉스 뽀송 제습기12L (DXTH120-KWK)",
    "ReviewScore": "100",
    "Syllable": "120",
    "Word": "31",
    "RDate": "20210718",
    "GeneralPolarity": "1",
    "Aspects": [
      {
        "Aspect": "기능",
        "SentimentText": "뽀송하니 성능 좋아요",
        "SentimentWord": "3",
        "SentimentPolarity": "1"
      },
      {
        "Aspect": "기능",
        "SentimentText": "내 돈주고 샀지만 제습잘되서 좋아요",
        "SentimentWord": "5",
        "SentimentPolarity": "1"
      }
    ]
  },
  {
    "Index": "12730",
    "RawText": "비싼 금액 주고 구매했는데 제품 상태가 이건 아니지 않나요! 매우 불만족! 상품의 박스가 파손되어있었고 제습기 물통에 눈에 띄는 금이 가 있었어요. 추천하지 않습니다. 첨부 사진 한번 보세요!",
    "Source": "SNS",
    "Domain": "가전",
    "MainCategory": "계절가전",
    "ProductName": "(TV_방송중무24) 2021년형 위닉스 뽀송 제습기 17L (DXSH170-KWK)",
    "ReviewScore": "10",
    "Syllable": "107",
    "Word": "27",
    "RDate": "20210709",
    "Aspects": [
      {
        "Aspect": "가격",
        "SentimentText": "비싼 금액 주고 구매했는데 제품 상태가 이건 아니지 않나요!",
        "SentimentWord": "9",
        "SentimentPolarity": "-1"
      },
      {
        "Aspect": "품질",
        "SentimentText": "제습기 물통에 눈에 띄는 금이 가 있었어요. 추천하지 않습니다.",
        "SentimentWord": "9",
        "SentimentPolarity": "-1"
      }
    ]
  },
  {
    "Index": "12731",
    "RawText": "받자마자 사용해 보았는데 소음도 거의없고 너무 좋으네요 다만 조금 아쉬운게 신발건조 키트가 별도  구매라는점이 조금 아쉽지만 그래도 너무 잘  구매한거같아요~",
    "Source": "SNS",
    "Domain": "가전",
    "MainCategory": "계절가전",
    "ProductName": "(TV_방송중무24) 2021년형 위닉스 뽀송 제습기 17L (DXSH170-KWK)",
    "ReviewScore": "100",
    "Syllable": "88",
    "Word": "20",
    "RDate": "20210616",
    "GeneralPolarity": "1",
    "Aspects": [
      {
        "Aspect": "소음",
        "SentimentText": "받자마자 사용해 보았는데 소음도 거의없고 너무 좋으네요",
        "SentimentWord": "7",
        "SentimentPolarity": "1"
      },
      {
        "Aspect": "제품구성",
        "SentimentText": "다만 조금 아쉬운게 신발건조 키트가 별도  구매라는점이 조금 아쉽지만",
        "SentimentWord": "9",
        "SentimentPolarity": "-1"
      }
    ]
  },
  {
    "Index": "12732",
    "RawText": "5일 주문 후 13일에 수령했습니다 제품 자체는 문제없이 작동 잘 되네요 날씨가 습해서 하루이틀은 둬야 빨래가 마르던데 반나절만에 뽀송^^~~제습 최고네요",
    "Source": "SNS",
    "Domain": "가전",
    "MainCategory": "계절가전",
    "ProductName": "(TV_직배송) 위닉스 뽀송 제습기 DNDE100-HWK",
    "ReviewScore": "80",
    "Syllable": "86",
    "Word": "20",
    "RDate": "20180715",
    "Aspects": [
      {
        "Aspect": "기능",
        "SentimentText": "제품 자체는 문제없이 작동 잘 되네요",
        "SentimentWord": "6",
        "SentimentPolarity": "1"
      },
      {
        "Aspect": "기능",
        "SentimentText": "날씨가 습해서 하루이틀은 둬야 빨래가 마르던데 반나절만에 뽀송^^~~제습 최고네요",
        "SentimentWord": "9",
        "SentimentPolarity": "1"
      }
    ]
  },
  {
    "Index": "12733",
    "RawText": "장마철 습한 옷장안에 잘맞는 제습기로 저렴하게 잘샀습니다. 고맙습니다. 제습기덕분에 옷장안의 옷들이 숨쉬는듯 해서 내속이 다 후련합니다~~%",
    "Source": "SNS",
    "Domain": "가전",
    "MainCategory": "계절가전",
    "ProductName": "[1+1] 말리오 충전식 미니 제습기 TOP-200",
    "ReviewScore": "100",
    "Syllable": "78",
    "Word": "16",
    "RDate": "20200828",
    "GeneralPolarity": "1",
    "Aspects": [
      {
        "Aspect": "가격",
        "SentimentText": "장마철 습한 옷장안에 잘맞는 제습기로 저렴하게 잘샀습니다. 고맙습니다",
        "SentimentWord": "8",
        "SentimentPolarity": "1"
      },
      {
        "Aspect": "기능",
        "SentimentText": "제습기덕분에 옷장안의 옷들이 숨쉬는듯 해서 내속이 다 후련합니다~~%",
        "SentimentWord": "8",
        "SentimentPolarity": "1"
      }
    ]
  },
  {
    "Index": "12734",
    "RawText": "엄마가 구매하신다고해서 사드렸는데 저렴하게 아주 잘 구매한거같아요^^ 제습기 기능 아주 만족해하시네요~~",
    "Source": "SNS",
    "Domain": "가전",
    "MainCategory": "계절가전",
    "ProductName": "[배송지연 1~2주] LG 듀얼 인버터 제습기 DQ200PSAA [20L / 83㎡/ 1등급]",
    "ReviewScore": "100",
    "Syllable": "58",
    "Word": "11",
    "RDate": "20210826",
    "GeneralPolarity": "1",
    "Aspects": [
      {
        "Aspect": "가격",
        "SentimentText": "저렴하게 아주 잘 구매한거같아요^^",
        "SentimentWord": "4",
        "SentimentPolarity": "1"
      },
      {
        "Aspect": "기능",
        "SentimentText": "제습기 기능 아주 만족해하시네요~~",
        "SentimentWord": "4",
        "SentimentPolarity": "1"
      }
    ]
  },
  {
    "Index": "12735",
    "RawText": "쓰고있던거 재구매합니다 성능좋아요 적립금써서 더 저렴하게 구매^^",
    "Source": "SNS",
    "Domain": "가전",
    "MainCategory": "계절가전",
    "ProductName": "직_21년형 인증 위니아 가정용제습기 EDH8ENW 8L",
    "ReviewScore": "100",
    "Syllable": "36",
    "Word": "7",
    "RDate": "20210819",
    "GeneralPolarity": "1",
    "Aspects": [
      {
        "Aspect": "기능",
        "SentimentText": "쓰고있던거 재구매합니다 성능좋아요",
        "SentimentWord": "3",
        "SentimentPolarity": "1"
      },
      {
        "Aspect": "가격",
        "SentimentText": "적립금써서 더 저렴하게 구매^^",
        "SentimentWord": "4",
        "SentimentPolarity": "1"
      }
    ]
  },
  {
    "Index": "12736",
    "RawText": "딸내미 원룸에 선물했더니 디자인깨끗하고 제습성능 좋다고 너무좋아하네요 여름에 빨래에 냄새가 걱정이었는데 이젠  걱정없다고  ㅎㅎ",
    "Source": "SNS",
    "Domain": "가전",
    "MainCategory": "계절가전",
    "ProductName": "직_21년형 인증 위니아 가정용제습기 EDH8ENW 8L",
    "ReviewScore": "100",
    "Syllable": "71",
    "Word": "14",
    "RDate": "20210606",
    "GeneralPolarity": "1",
    "Aspects": [
      {
        "Aspect": "디자인",
        "SentimentText": "디자인깨끗하고 제습성능 좋다고 너무좋아하네요",
        "SentimentWord": "4",
        "SentimentPolarity": "1"
      },
      {
        "Aspect": "기능",
        "SentimentText": "제습성능 좋다고 너무좋아하네요",
        "SentimentWord": "3",
        "SentimentPolarity": "1"
      }
    ]
  },
  {
    "Index": "12737",
    "RawText": "드레스룸에 사용중이에요 첨 사용했는데 물통이 반정도  차네요   일단 쁘띠사이즈라 맘에들고  여기저기  옮기기편해서 좋아요",
    "Source": "SNS",
    "Domain": "가전",
    "MainCategory": "계절가전",
    "ProductName": "직_21년형 인증 위니아 가정용제습기 EDH8ENW 8L",
    "ReviewScore": "80",
    "Syllable": "68",
    "Word": "13",
    "RDate": "20210803",
    "GeneralPolarity": "1",
    "Aspects": [
      {
        "Aspect": "사이즈",
        "SentimentText": "쁘띠사이즈라 맘에들고",
        "SentimentWord": "2",
        "SentimentPolarity": "1"
      },
      {
        "Aspect": "편의성",
        "SentimentText": "여기저기  옮기기편해서 좋아요",
        "SentimentWord": "3",
        "SentimentPolarity": "1"
      }
    ]
  },
  {
    "Index": "12738",
    "RawText": "여름장마 시기에 습도낮춰줘서 잘사용했고 요즘도 습하거나  눅눅하다 느낄때 사용하는데 뽀송뽀송하고 좋습니다. ",
    "Source": "SNS",
    "Domain": "가전",
    "MainCategory": "계절가전",
    "ProductName": "직_21년형 인증 위니아 가정용제습기 EDH8ENW 8L",
    "ReviewScore": "100",
    "Syllable": "60",
    "Word": "11",
    "RDate": "20211005",
    "GeneralPolarity": "1",
    "Aspects": [
      {
        "Aspect": "기능",
        "SentimentText": "여름장마 시기에 습도낮춰줘서 잘사용했고",
        "SentimentWord": "4",
        "SentimentPolarity": "1"
      },
      {
        "Aspect": "기능",
        "SentimentText": "눅눅하다 느낄때 사용하는데 뽀송뽀송하고 좋습니다.",
        "SentimentWord": "5",
        "SentimentPolarity": "1"
      }
    ]
  },
  {
    "Index": "12739",
    "RawText": "3등급이라 전기세 걱정이드네요 이주 자세히 봐야 알수있네요 근데 이제품에 에너지지원사업 받는것처럼(1등급) 혼란스럽게 광고를 해서 그점이 기분 나빴어요 제품은 만족하고 성능도 좋아요",
    "Source": "SNS",
    "Domain": "가전",
    "MainCategory": "계절가전",
    "ProductName": "직_21년형 인증 위니아 가정용제습기 EDH8ENW 8L",
    "ReviewScore": "100",
    "Syllable": "101",
    "Word": "21",
    "RDate": "20211018",
    "Aspects": [
      {
        "Aspect": "소비전력",
        "SentimentText": "3등급이라 전기세 걱정이드네요 ",
        "SentimentWord": "3",
        "SentimentPolarity": "-1"
      },
      {
        "Aspect": "기능",
        "SentimentText": "제품은 만족하고 성능도 좋아요",
        "SentimentWord": "4",
        "SentimentPolarity": "1"
      }
    ]
  },
  {
    "Index": "12740",
    "RawText": "지방에 이모님댁에 사다드렸는데 빨래도 뽀송하게 마르고 손잡이가 있어 이동하는데 편리하다고 하시네요!! 추천합니다!!   ",
    "Source": "SNS",
    "Domain": "가전",
    "MainCategory": "계절가전",
    "ProductName": "캐리어 클라원드 제습기 18L (ACDHMC018LRWW)",
    "ReviewScore": "100",
    "Syllable": "67",
    "Word": "12",
    "RDate": "20190809",
    "Aspects": [
      {
        "Aspect": "기능",
        "SentimentText": "빨래도 뽀송하게 마르고",
        "SentimentWord": "3",
        "SentimentPolarity": "1"
      },
      {
        "Aspect": "편의성",
        "SentimentText": "손잡이가 있어 이동하는데 편리하다고 하시네요!!",
        "SentimentWord": "5",
        "SentimentPolarity": "1"
      }
    ]
  },
  {
    "Index": "12741",
    "RawText": "제습기  가동후 제습량에  너무 놀랐어요 남편은  물 만드는 기계  아니냐며~^^ 뽀송뽀송  진작에 사용할걸 싶어요  대만족입니다",
    "Source": "SNS",
    "Domain": "가전",
    "MainCategory": "계절가전",
    "ProductName": "캐리어 클라윈드 제습기 18L (ACDHMC018LMWB)",
    "ReviewScore": "100",
    "Syllable": "72",
    "Word": "15",
    "RDate": "20200812",
    "GeneralPolarity": "1",
    "Aspects": [
      {
        "Aspect": "기능",
        "SentimentText": "제습기  가동후 제습량에  너무 놀랐어요",
        "SentimentWord": "5",
        "SentimentPolarity": "1"
      },
      {
        "Aspect": "기능",
        "SentimentText": "뽀송뽀송  진작에 사용할걸 싶어요  대만족입니다",
        "SentimentWord": "5",
        "SentimentPolarity": "1"
      }
    ]
  },
  {
    "Index": "12742",
    "RawText": "장롱문 열고 세시간 돌렸더니 물통에 습기가 가득~~~속시원하게 빨아들이니까 땡큐~~~가격이 비싼편이라 아쉽지만 생각하다 구매했는데 잘했다는 생각이 드네요",
    "Source": "SNS",
    "Domain": "가전",
    "MainCategory": "계절가전",
    "ProductName": "캐리어 클라윈드 제습기 18L (ACDHMC018LMWB)",
    "ReviewScore": "100",
    "Syllable": "85",
    "Word": "16",
    "RDate": "20200808",
    "GeneralPolarity": "1",
    "Aspects": [
      {
        "Aspect": "기능",
        "SentimentText": " 세시간 돌렸더니 물통에 습기가 가득~~~속시원하게 빨아들이니까 땡큐~~~",
        "SentimentWord": "7",
        "SentimentPolarity": "1"
      },
      {
        "Aspect": "가격",
        "SentimentText": " 가격이 비싼편이라 아쉽지만",
        "SentimentWord": "3",
        "SentimentPolarity": "-1"
      }
    ]
  },
  {
    "Index": "12743",
    "RawText": "뽀송뽀송 제습 잘되서  만족 크기도 알맞고 바퀴가 있어 이동하기도 좋아요.하지만 물통 꺼내거나 물통 비우고 끼울때 매끄럽지 않아서 사용하기 불편해요 그래서 별하나 뺐어요",
    "Source": "SNS",
    "Domain": "가전",
    "MainCategory": "계절가전",
    "ProductName": "캐리어 클라윈드 제습기 18L (ACDHMC018LRWW)",
    "ReviewScore": "80",
    "Syllable": "94",
    "Word": "22",
    "RDate": "20210727",
    "GeneralPolarity": "1",
    "Aspects": [
      {
        "Aspect": "기능",
        "SentimentText": "뽀송뽀송 제습 잘되서  만족",
        "SentimentWord": "4",
        "SentimentPolarity": "1"
      },
      {
        "Aspect": "사이즈",
        "SentimentText": "크기도 알맞고 ",
        "SentimentWord": "2",
        "SentimentPolarity": "1"
      },
      {
        "Aspect": "편의성",
        "SentimentText": "바퀴가 있어 이동하기도 좋아요.",
        "SentimentWord": "4",
        "SentimentPolarity": "1"
      },
      {
        "Aspect": "편의성",
        "SentimentText": "물통 꺼내거나 물통 비우고 끼울때 매끄럽지 않아서 사용하기 불편해요 그래서 별하나 뺐어요",
        "SentimentWord": "12",
        "SentimentPolarity": "-1"
      }
    ]
  },
  {
    "Index": "12744",
    "RawText": "벌써 3개째 구매입니다. 사용 후 성능 대 만족 집안에 있는 습기는 모두 거두어 들입니다. 집안이 뽀송뽀송 빨래도 뽀송뽀송 아주 좋아욪",
    "Source": "SNS",
    "Domain": "가전",
    "MainCategory": "계절가전",
    "ProductName": "캐리어 클라윈드 제습기 18L (ACDHMC018LRWW)",
    "ReviewScore": "100",
    "Syllable": "75",
    "Word": "20",
    "RDate": "20210704",
    "GeneralPolarity": "1",
    "Aspects": [
      {
        "Aspect": "기능",
        "SentimentText": "벌써 3개째 구매입니다. 사용 후 성능 대 만족",
        "SentimentWord": "8",
        "SentimentPolarity": "1"
      },
      {
        "Aspect": "기능",
        "SentimentText": "집안이 뽀송뽀송 빨래도 뽀송뽀송 아주 좋아욪",
        "SentimentWord": "6",
        "SentimentPolarity": "1"
      }
    ]
  },
  {
    "Index": "12745",
    "RawText": "얼마 쓰지도 않았는데 윗 부분 코팅 벗겨져요;; 난방도 난로 근처만 따뜻해지고 멀리까진 안되네요;;",
    "Source": "SNS",
    "Domain": "가전",
    "MainCategory": "계절가전",
    "ProductName": "(TV) 블랙스타 열판 오방난로 1+1 INT-H2500G",
    "ReviewScore": "10",
    "Syllable": "55",
    "Word": "13",
    "RDate": "20191119",
    "Aspects": [
      {
        "Aspect": "내구성",
        "SentimentText": "얼마 쓰지도 않았는데 윗 부분 코팅 벗겨져요;;",
        "SentimentWord": "7",
        "SentimentPolarity": "-1"
      },
      {
        "Aspect": "기능",
        "SentimentText": "난방도 난로 근처만 따뜻해지고 멀리까진 안되네요;;",
        "SentimentWord": "6",
        "SentimentPolarity": "-1"
      }
    ]
  }
]