[
  {
    "Index": "43088",
    "RawText": "숨쉬기힘든 환자에게 필요해 구매했는데 소리가 너무너무 시끄러워요. 최신제품 구매한건데 실망스러워요",
    "Source": "쇼핑몰",
    "Domain": "가전",
    "MainCategory": "계절가전",
    "ProductName": "뽀송 위닉스 DN3E170-LWK",
    "ReviewScore": "1",
    "Syllable": "54",
    "Word": "10",
    "RDate": "20220817",
    "GeneralPolarity": "-1",
    "Aspects": [
      {
        "Aspect": "소음",
        "SentimentText": "소리가 너무너무 시끄러워요.",
        "SentimentWord": "3",
        "SentimentPolarity": "-1"
      },
      {
        "Aspect": "제조일/제조사",
        "SentimentText": "최신제품 구매한건데 실망스러워요",
        "SentimentWord": "3",
        "SentimentPolarity": "-1"
      }
    ]
  },
  {
    "Index": "43089",
    "RawText": "역시 신형이 와따네요~ 제일 마음에 드는 건 소음이 거의 없고 엄청 조용해요~~ 전력소비량도 낮으면서도 제습효율이 높아서 빨래가 잘 말라서 만족하며 사용중입니다~ 생각한것 보다 무겁긴 하지만, 바퀴가 부드럽게 잘 굴러가고 손잡이 까지 있어서 힘안들이고 편하게 사용할 수 있어 좋네요~",
    "Source": "쇼핑몰",
    "Domain": "가전",
    "MainCategory": "계절가전",
    "ProductName": "뽀송 위닉스 DN3E170-LWK",
    "ReviewScore": "5",
    "Syllable": "158",
    "Word": "38",
    "RDate": "20220708",
    "GeneralPolarity": "1",
    "Aspects": [
      {
        "Aspect": "제조일/제조사",
        "SentimentText": "역시 신형이 와따네요~",
        "SentimentWord": "3",
        "SentimentPolarity": "1"
      },
      {
        "Aspect": "소음",
        "SentimentText": "제일 마음에 드는 건 소음이 거의 없고 엄청 조용해요~~",
        "SentimentWord": "9",
        "SentimentPolarity": "1"
      },
      {
        "Aspect": "소비전력",
        "SentimentText": " 전력소비량도 낮으면서도 제습효율이 높아서 빨래가 잘 말라서 만족하며 사용중입니다~",
        "SentimentWord": "9",
        "SentimentPolarity": "1"
      },
      {
        "Aspect": "무게",
        "SentimentText": "생각한것 보다 무겁긴 하지만,",
        "SentimentWord": "4",
        "SentimentPolarity": "-1"
      },
      {
        "Aspect": "편의성",
        "SentimentText": "바퀴가 부드럽게 잘 굴러가고 손잡이 까지 있어서 힘안들이고 편하게 사용할 수 있어 좋네요~",
        "SentimentWord": "13",
        "SentimentPolarity": "1"
      }
    ]
  },
  {
    "Index": "43090",
    "RawText": "소음은 생각했던 것보다 크지는 않아서 괜찮네요~ 그런데 바람이 더운 바람이 나와서 여름엔 실내온도가 많이 올라가서 그건 아쉽네요..",
    "Source": "쇼핑몰",
    "Domain": "가전",
    "MainCategory": "계절가전",
    "ProductName": "뽀송 위닉스 DN3E170-LWK",
    "ReviewScore": "4",
    "Syllable": "73",
    "Word": "17",
    "RDate": "20220719",
    "GeneralPolarity": "0",
    "Aspects": [
      {
        "Aspect": "소음",
        "SentimentText": "소음은 생각했던 것보다 크지는 않아서 괜찮네요",
        "SentimentWord": "6",
        "SentimentPolarity": "1"
      },
      {
        "Aspect": "기능",
        "SentimentText": "바람이 더운 바람이 나와서 여름엔 실내온도가 많이 올라가서 그건 아쉽네요..",
        "SentimentWord": "10",
        "SentimentPolarity": "-1"
      }
    ]
  },
  {
    "Index": "43091",
    "RawText": "제습이 잘되서 습기와 끈적함을 다 잡아줘서 보송보송 해지고 너무 좋아요~ 물통 크기도 커서 마음에 들어요!  손잡이도 있고 바퀴가 부드러워 이동이 간편해서 사용하기 편하네요^^",
    "Source": "쇼핑몰",
    "Domain": "가전",
    "MainCategory": "계절가전",
    "ProductName": "뽀송 위닉스 DN3E170-LWK",
    "ReviewScore": "5",
    "Syllable": "98",
    "Word": "23",
    "RDate": "20220709",
    "GeneralPolarity": "1",
    "Aspects": [
      {
        "Aspect": "기능",
        "SentimentText": "제습이 잘되서 습기와 끈적함을 다 잡아줘서 보송보송 해지고 너무 좋아요~ ",
        "SentimentWord": "10",
        "SentimentPolarity": "1"
      },
      {
        "Aspect": "사이즈",
        "SentimentText": "물통 크기도 커서 마음에 들어요! ",
        "SentimentWord": "5",
        "SentimentPolarity": "1"
      },
      {
        "Aspect": "편의성",
        "SentimentText": "손잡이도 있고 바퀴가 부드러워 이동이 간편해서 사용하기 편하네요^^",
        "SentimentWord": "8",
        "SentimentPolarity": "1"
      }
    ]
  },
  {
    "Index": "43092",
    "RawText": "청정기도, 제습기도 역시 ooo!! 추천합니다!!!!!! 바퀴도 있어서 이방 저방 들고 옮기지 않아도 되서 편리하고 자동제습조절기능도 갖추고 있고 그외 기능들도 많아서 제습능력은 의심할 필요가 없네요~~",
    "Source": "쇼핑몰",
    "Domain": "가전",
    "MainCategory": "계절가전",
    "ProductName": "뽀송 위닉스 DN3E170-LWK",
    "ReviewScore": "5",
    "Syllable": "113",
    "Word": "24",
    "RDate": "20220604",
    "GeneralPolarity": "1",
    "Aspects": [
      {
        "Aspect": "제조일/제조사",
        "SentimentText": "청정기도, 제습기도 역시 ooo!! 추천합니다!!!!!!",
        "SentimentWord": "5",
        "SentimentPolarity": "1"
      },
      {
        "Aspect": "편의성",
        "SentimentText": "바퀴도 있어서 이방 저방 들고 옮기지 않아도 되서 편리하고",
        "SentimentWord": "9",
        "SentimentPolarity": "1"
      },
      {
        "Aspect": "기능",
        "SentimentText": "자동제습조절기능도 갖추고 있고 그외 기능들도 많아서 제습능력은 의심할 필요가 없네요~~",
        "SentimentWord": "10",
        "SentimentPolarity": "1"
      }
    ]
  },
  {
    "Index": "43094",
    "RawText": "신제품인데도 할인 된 가격으로 저렴하게 구매해서 좋네요~~ 최신제품이라 마음에 쏙 들어요!! 디자인도 심플하면서도 예뻐요~~ 올 여름 제습기로 포근한 여름 보낼게요~~",
    "Source": "쇼핑몰",
    "Domain": "가전",
    "MainCategory": "계절가전",
    "ProductName": "뽀송 위닉스 DN3E170-LWK",
    "ReviewScore": "5",
    "Syllable": "93",
    "Word": "20",
    "RDate": "20220530",
    "GeneralPolarity": "1",
    "Aspects": [
      {
        "Aspect": "가격",
        "SentimentText": " 할인 된 가격으로 저렴하게 구매해서 좋네요~~ ",
        "SentimentWord": "6",
        "SentimentPolarity": "1"
      },
      {
        "Aspect": "디자인",
        "SentimentText": "디자인도 심플하면서도 예뻐요~~",
        "SentimentWord": "3",
        "SentimentPolarity": "1"
      },
      {
        "Aspect": "제조일/제조사",
        "SentimentText": "최신제품이라 마음에 쏙 들어요!!",
        "SentimentWord": "4",
        "SentimentPolarity": "1"
      }
    ]
  },
  {
    "Index": "43095",
    "RawText": "최신제품이라 마음에 쏙 들어요!!    에너지효율 1등급이라 장마철에도 전기걱정 없겠네요~!",
    "Source": "쇼핑몰",
    "Domain": "가전",
    "MainCategory": "계절가전",
    "ProductName": "뽀송 위닉스 DN3E170-LWK",
    "ReviewScore": "5",
    "Syllable": "51",
    "Word": "9",
    "RDate": "20220530",
    "GeneralPolarity": "1",
    "Aspects": [
      {
        "Aspect": "제조일/제조사",
        "SentimentText": " 최신제품이라 마음에 쏙 들어요!! ",
        "SentimentWord": "4",
        "SentimentPolarity": "1"
      },
      {
        "Aspect": "소비전력",
        "SentimentText": "   에너지효율 1등급이라 장마철에도 전기걱정 없겠네요~!",
        "SentimentWord": "5",
        "SentimentPolarity": "1"
      }
    ]
  },
  {
    "Index": "43097",
    "RawText": "소음은 있는데 시끄러울 정도는 아니라 쓸만해요~ 에너지등급도 1등급이라 전기료 걱정 없어요",
    "Source": "쇼핑몰",
    "Domain": "가전",
    "MainCategory": "계절가전",
    "ProductName": "뽀송 위닉스 DN3E170-LWK",
    "ReviewScore": "5",
    "Syllable": "50",
    "Word": "11",
    "RDate": "20220704",
    "GeneralPolarity": "1",
    "Aspects": [
      {
        "Aspect": "소비전력",
        "SentimentText": "에너지등급도 1등급이라 전기료 걱정 없어요",
        "SentimentWord": "5",
        "SentimentPolarity": "1"
      },
      {
        "Aspect": "소음",
        "SentimentText": "소음은 있는데 시끄러울 정도는 아니라 쓸만해요~",
        "SentimentWord": "6",
        "SentimentPolarity": "0"
      }
    ]
  },
  {
    "Index": "43099",
    "RawText": "여기저기서 ooo추천하던데 너무 맘에 드네요~ 소리도 생각했던 것보다 조용하고 기능도 다양하고 제습도 잘 되네요!",
    "Source": "쇼핑몰",
    "Domain": "가전",
    "MainCategory": "계절가전",
    "ProductName": "뽀송 위닉스 DN3E170-LWK",
    "ReviewScore": "5",
    "Syllable": "63",
    "Word": "14",
    "RDate": "20220824",
    "GeneralPolarity": "1",
    "Aspects": [
      {
        "Aspect": "제조일/제조사",
        "SentimentText": "여기저기서 ooo추천하던데 너무 맘에 드네요~",
        "SentimentWord": "5",
        "SentimentPolarity": "1"
      },
      {
        "Aspect": "소음",
        "SentimentText": "소리도 생각했던 것보다 조용하고",
        "SentimentWord": "4",
        "SentimentPolarity": "1"
      },
      {
        "Aspect": "기능",
        "SentimentText": " 기능도 다양하고 제습도 잘 되네요!",
        "SentimentWord": "5",
        "SentimentPolarity": "1"
      }
    ]
  },
  {
    "Index": "43100",
    "RawText": "소음은 생각보다 커서 아쉽지만, 물통용량도 6리터나 되고 좋네요! 잘 쓸께요!",
    "Source": "쇼핑몰",
    "Domain": "가전",
    "MainCategory": "계절가전",
    "ProductName": "뽀송 위닉스 DN3E170-LWK",
    "ReviewScore": "5",
    "Syllable": "43",
    "Word": "10",
    "RDate": "20220818",
    "GeneralPolarity": "0",
    "Aspects": [
      {
        "Aspect": "소음",
        "SentimentText": "소음은 생각보다 커서 아쉽지만, ",
        "SentimentWord": "4",
        "SentimentPolarity": "-1"
      },
      {
        "Aspect": "용량",
        "SentimentText": "물통용량도 6리터나 되고 좋네요!",
        "SentimentWord": "4",
        "SentimentPolarity": "1"
      }
    ]
  },
  {
    "Index": "43101",
    "RawText": "외관 나무랄것없이 심플하고 고급스러운 디자인이예요~~~ 소음은 제습기 17L치고 정말 조용한편이라 맘에 들어요. 뽀송하니 제습효과도 정말 최고예요!! 제습기는 역시 000네요.",
    "Source": "쇼핑몰",
    "Domain": "가전",
    "MainCategory": "계절가전",
    "ProductName": "뽀송 위닉스 DN3E170-LWK",
    "ReviewScore": "5",
    "Syllable": "98",
    "Word": "19",
    "RDate": "20220527",
    "GeneralPolarity": "1",
    "Aspects": [
      {
        "Aspect": "디자인",
        "SentimentText": "외관 나무랄것없이 심플하고 고급스러운 디자인이예요~~~",
        "SentimentWord": "5",
        "SentimentPolarity": "1"
      },
      {
        "Aspect": "소음",
        "SentimentText": "소음은 제습기 17L치고 정말 조용한편이라 맘에 들어요.",
        "SentimentWord": "7",
        "SentimentPolarity": "1"
      },
      {
        "Aspect": "기능",
        "SentimentText": " 뽀송하니 제습효과도 정말 최고예요!! 제습기는 역시 000네요. ",
        "SentimentWord": "7",
        "SentimentPolarity": "1"
      }
    ]
  },
  {
    "Index": "43103",
    "RawText": "에너지소비등급이 1등급이라 좋고, 일일제습용량도 크고 강력해서 습기를 쫘~~악 빨아들이네요",
    "Source": "쇼핑몰",
    "Domain": "가전",
    "MainCategory": "계절가전",
    "ProductName": "뽀송 위닉스 DN3E170-LWK",
    "ReviewScore": "5",
    "Syllable": "50",
    "Word": "9",
    "RDate": "20220615",
    "GeneralPolarity": "1",
    "Aspects": [
      {
        "Aspect": "소비전력",
        "SentimentText": "에너지소비등급이 1등급이라 좋고,",
        "SentimentWord": "3",
        "SentimentPolarity": "1"
      },
      {
        "Aspect": "용량",
        "SentimentText": "일일제습용량도 크고 강력해서 습기를 쫘~~악 빨아들이네요",
        "SentimentWord": "6",
        "SentimentPolarity": "1"
      }
    ]
  },
  {
    "Index": "43104",
    "RawText": "제습이 아주 잘되다 보니 물통도 금방금방 차네요~^^ 어떻게 습기를 빨아들여 물이 되는지.. 신통방통합니다. 에너지등급도 1등급이라 아주 좋네요!!",
    "Source": "쇼핑몰",
    "Domain": "가전",
    "MainCategory": "계절가전",
    "ProductName": "뽀송 위닉스 DN3E170-LWK",
    "ReviewScore": "5",
    "Syllable": "82",
    "Word": "17",
    "RDate": "20220707",
    "GeneralPolarity": "1",
    "Aspects": [
      {
        "Aspect": "기능",
        "SentimentText": "제습이 아주 잘되다 보니 물통도 금방금방 차네요~^^ ",
        "SentimentWord": "7",
        "SentimentPolarity": "1"
      },
      {
        "Aspect": "소비전력",
        "SentimentText": "에너지등급도 1등급이라 아주 좋네요!!",
        "SentimentWord": "4",
        "SentimentPolarity": "1"
      }
    ]
  },
  {
    "Index": "43105",
    "RawText": "쿠폰써서 저렴한 가격에 진짜 잘 샀어요~ 제습도 잘 되고 성능이 정말 마음에 쏙 드네요~~ 물 한바가지씩 나와요",
    "Source": "쇼핑몰",
    "Domain": "가전",
    "MainCategory": "계절가전",
    "ProductName": "뽀송 위닉스 DN3E170-LWK",
    "ReviewScore": "5",
    "Syllable": "62",
    "Word": "17",
    "RDate": "20220801",
    "GeneralPolarity": "1",
    "Aspects": [
      {
        "Aspect": "가격",
        "SentimentText": "쿠폰써서 저렴한 가격에 진짜 잘 샀어요~",
        "SentimentWord": "6",
        "SentimentPolarity": "1"
      },
      {
        "Aspect": "기능",
        "SentimentText": "제습도 잘 되고 성능이 정말 마음에 쏙 드네요~~",
        "SentimentWord": "8",
        "SentimentPolarity": "1"
      }
    ]
  },
  {
    "Index": "43106",
    "RawText": "25평인데 에너지효율도 좋아서 거실에 두어도 방3군데 제습이 다 가능하고 의류집중건조기능이 있어서 드레스룸에 문닫고 두면 진짜 뽀송뽀송하고 신세계네요",
    "Source": "쇼핑몰",
    "Domain": "가전",
    "MainCategory": "계절가전",
    "ProductName": "뽀송 위닉스 DN3E170-LWK",
    "ReviewScore": "5",
    "Syllable": "83",
    "Word": "17",
    "RDate": "20220708",
    "GeneralPolarity": "1",
    "Aspects": [
      {
        "Aspect": "소비전력",
        "SentimentText": "25평인데 에너지효율도 좋아서 거실에 두어도 방3군데 제습이 다 가능하고",
        "SentimentWord": "9",
        "SentimentPolarity": "1"
      },
      {
        "Aspect": "기능",
        "SentimentText": "의류집중건조기능이 있어서 드레스룸에 문닫고 두면 진짜 뽀송뽀송하고 신세계네요",
        "SentimentWord": "8",
        "SentimentPolarity": "1"
      }
    ]
  },
  {
    "Index": "43108",
    "RawText": "드레스룸에 의류집중건조기능으로 틀어두니 금방 물통이 찼어요~ 성능이 최곱니다! 에너지등급1등급이라 전기세 걱정 없이 쓸 수 있어 좋네요!!",
    "Source": "쇼핑몰",
    "Domain": "가전",
    "MainCategory": "계절가전",
    "ProductName": "뽀송 위닉스 DN3E170-LWK",
    "ReviewScore": "5",
    "Syllable": "77",
    "Word": "16",
    "RDate": "20220525",
    "GeneralPolarity": "1",
    "Aspects": [
      {
        "Aspect": "기능",
        "SentimentText": "드레스룸에 의류집중건조기능으로 틀어두니 금방 물통이 찼어요~ 성능이 최곱니다!",
        "SentimentWord": "8",
        "SentimentPolarity": "1"
      },
      {
        "Aspect": "소비전력",
        "SentimentText": "에너지등급1등급이라 전기세 걱정 없이 쓸 수 있어 좋네요!!",
        "SentimentWord": "8",
        "SentimentPolarity": "1"
      }
    ]
  },
  {
    "Index": "43109",
    "RawText": "신상이라 디자인이 너무 예뻐요! 바퀴와 손잡이가 있어서 이동이 편리해서 사용하기 좋아요. 소음은 생활소음 정도라서 딱히 거슬리진 않아요. 성능이 좋아서 틀어둔지 1시간도 안되서 습도가 확 떨어져서 뽀송뽀송 좋아요^^",
    "Source": "쇼핑몰",
    "Domain": "가전",
    "MainCategory": "계절가전",
    "ProductName": "뽀송 위닉스 DN3E170-LWK",
    "ReviewScore": "5",
    "Syllable": "120",
    "Word": "27",
    "RDate": "20220630",
    "GeneralPolarity": "1",
    "Aspects": [
      {
        "Aspect": "디자인",
        "SentimentText": "신상이라 디자인이 너무 예뻐요!",
        "SentimentWord": "4",
        "SentimentPolarity": "1"
      },
      {
        "Aspect": "편의성",
        "SentimentText": "바퀴와 손잡이가 있어서 이동이 편리해서 사용하기 좋아요. ",
        "SentimentWord": "7",
        "SentimentPolarity": "1"
      },
      {
        "Aspect": "소음",
        "SentimentText": "소음은 생활소음 정도라서 딱히 거슬리진 않아요. ",
        "SentimentWord": "6",
        "SentimentPolarity": "1"
      },
      {
        "Aspect": "기능",
        "SentimentText": " 성능이 좋아서 틀어둔지 1시간도 안되서 습도가 확 떨어져서 뽀송뽀송 좋아요^^",
        "SentimentWord": "10",
        "SentimentPolarity": "1"
      }
    ]
  },
  {
    "Index": "43111",
    "RawText": "  용량이 16리터나 되니 제습능력이 뛰어나네요!  게다가 장마철 내내 사용해도 전기료 걱정 따윈 필요없는 에너지효율 1등급~! 여러모로 만족스러운 제품이네요~",
    "Source": "쇼핑몰",
    "Domain": "가전",
    "MainCategory": "계절가전",
    "ProductName": "뽀송 위닉스 DN3E170-LWK",
    "ReviewScore": "5",
    "Syllable": "89",
    "Word": "18",
    "RDate": "20220607",
    "GeneralPolarity": "1",
    "Aspects": [
      {
        "Aspect": "용량",
        "SentimentText": "용량이 16리터나 되니 제습능력이 뛰어나네요!",
        "SentimentWord": "5",
        "SentimentPolarity": "1"
      },
      {
        "Aspect": "소비전력",
        "SentimentText": "장마철 내내 사용해도 전기료 걱정 따윈 필요없는 에너지효율 1등급~!",
        "SentimentWord": "9",
        "SentimentPolarity": "1"
      }
    ]
  },
  {
    "Index": "43112",
    "RawText": "물통용량이 커서 자주 안비워도 되서 좋네요~ 제습기 치고 소리도 조용한 편이라 좋고 1등급이라 전기세 걱정 1도 없어요~ 너무 만족합니다.",
    "Source": "쇼핑몰",
    "Domain": "가전",
    "MainCategory": "계절가전",
    "ProductName": "뽀송 위닉스 DN3E170-LWK",
    "ReviewScore": "5",
    "Syllable": "77",
    "Word": "19",
    "RDate": "20220529",
    "GeneralPolarity": "1",
    "Aspects": [
      {
        "Aspect": "용량",
        "SentimentText": "물통용량이 커서 자주 안비워도 되서 좋네요~ ",
        "SentimentWord": "6",
        "SentimentPolarity": "1"
      },
      {
        "Aspect": "소음",
        "SentimentText": "제습기 치고 소리도 조용한 편이라 좋고",
        "SentimentWord": "6",
        "SentimentPolarity": "1"
      },
      {
        "Aspect": "소비전력",
        "SentimentText": " 1등급이라 전기세 걱정 1도 없어요",
        "SentimentWord": "5",
        "SentimentPolarity": "1"
      }
    ]
  },
  {
    "Index": "43113",
    "RawText": "바퀴가 있어서 이방 저방 옮기면서 쓸 수 있어서 편하고 소비전력대비 제습효율이 뛰어나서 집이 너무 뽀송뽀송합니다!! 10000000% 만족!!!",
    "Source": "쇼핑몰",
    "Domain": "가전",
    "MainCategory": "계절가전",
    "ProductName": "뽀송 위닉스 DN3E170-LWK",
    "ReviewScore": "5",
    "Syllable": "80",
    "Word": "17",
    "RDate": "20220722",
    "GeneralPolarity": "1",
    "Aspects": [
      {
        "Aspect": "편의성",
        "SentimentText": "바퀴가 있어서 이방 저방 옮기면서 쓸 수 있어서 편하고",
        "SentimentWord": "9",
        "SentimentPolarity": "1"
      },
      {
        "Aspect": "소비전력",
        "SentimentText": "소비전력대비 제습효율이 뛰어나서 집이 너무 뽀송뽀송합니다!!",
        "SentimentWord": "6",
        "SentimentPolarity": "1"
      }
    ]
  },
  {
    "Index": "43114",
    "RawText": "여름철 장마기간이기도 하고 렌탈 할 까 하다 구매했어요~ 소음은 생각했던 것만큼 이라서 괜찮네요~~ 가동한지 3시간만에 금방 물이 차고 뽀송뽀송하니 제습이 정말 잘 되네요!!",
    "Source": "쇼핑몰",
    "Domain": "가전",
    "MainCategory": "계절가전",
    "ProductName": "뽀송 위닉스 DN3E170-LWK",
    "ReviewScore": "5",
    "Syllable": "97",
    "Word": "23",
    "RDate": "20220702",
    "GeneralPolarity": "1",
    "Aspects": [
      {
        "Aspect": "소음",
        "SentimentText": "소음은 생각했던 것만큼 이라서 괜찮네요~",
        "SentimentWord": "5",
        "SentimentPolarity": "1"
      },
      {
        "Aspect": "기능",
        "SentimentText": "가동한지 3시간만에 금방 물이 차고 뽀송뽀송하니 제습이 정말 잘 되네요!!",
        "SentimentWord": "10",
        "SentimentPolarity": "1"
      }
    ]
  },
  {
    "Index": "43116",
    "RawText": "틀자마자 제습이 되면서 습도가 바로 잡히네요 성능 좋아요 에너지소비등급이 1등급이라 환급도 되고 정말 좋아요~~",
    "Source": "쇼핑몰",
    "Domain": "가전",
    "MainCategory": "계절가전",
    "ProductName": "뽀송 위닉스 DN3E170-LWK",
    "ReviewScore": "5",
    "Syllable": "62",
    "Word": "14",
    "RDate": "20220527",
    "GeneralPolarity": "1",
    "Aspects": [
      {
        "Aspect": "기능",
        "SentimentText": "틀자마자 제습이 되면서 습도가 바로 잡히네요 성능 좋아요",
        "SentimentWord": "8",
        "SentimentPolarity": "1"
      },
      {
        "Aspect": "소비전력",
        "SentimentText": "에너지소비등급이 1등급이라 환급도 되고 정말 좋아요~~",
        "SentimentWord": "6",
        "SentimentPolarity": "1"
      }
    ]
  },
  {
    "Index": "43117",
    "RawText": "신형이 물통크기도 큼직하니 용량 대만족이고, 드레스룸에 넣고 사용해봤더니 물도 금방 차고 성능이 너무 좋네요!! 가격도 저렴한 가격에 구매했어요 만족합니다",
    "Source": "쇼핑몰",
    "Domain": "가전",
    "MainCategory": "계절가전",
    "ProductName": "뽀송 위닉스 DN3E170-LWK",
    "ReviewScore": "5",
    "Syllable": "86",
    "Word": "19",
    "RDate": "20220604",
    "GeneralPolarity": "1",
    "Aspects": [
      {
        "Aspect": "용량",
        "SentimentText": "용량 대만족이고 ",
        "SentimentWord": "2",
        "SentimentPolarity": "1"
      },
      {
        "Aspect": "기능",
        "SentimentText": "성능이 너무 좋네요!!",
        "SentimentWord": "3",
        "SentimentPolarity": "1"
      },
      {
        "Aspect": "가격",
        "SentimentText": " 가격도 저렴한 가격에 구매했어요",
        "SentimentWord": "4",
        "SentimentPolarity": "1"
      }
    ]
  },
  {
    "Index": "43118",
    "RawText": "디자인이 세련되서 좋아요~작동시 소음도 크지 않아서 좋구요.",
    "Source": "쇼핑몰",
    "Domain": "가전",
    "MainCategory": "계절가전",
    "ProductName": "뽀송 위닉스 DN3E170-LWK",
    "ReviewScore": "4",
    "Syllable": "33",
    "Word": "7",
    "RDate": "20220528",
    "GeneralPolarity": "1",
    "Aspects": [
      {
        "Aspect": "디자인",
        "SentimentText": "디자인이 세련되서 좋아요~",
        "SentimentWord": "3",
        "SentimentPolarity": "1"
      },
      {
        "Aspect": "소음",
        "SentimentText": "작동시 소음도 크지 않아서 좋구요.",
        "SentimentWord": "5",
        "SentimentPolarity": "1"
      }
    ]
  },
  {
    "Index": "43119",
    "RawText": "세일 할 때 저렴한 가격에 구매했어요~ 6리터라 물통용량도 충분하고~ 소음은 너무 시끄러워서 별로지만 문 닫고 쓰면 될 것 같네요.. 습도자동조절도 되고 제습도 금방 되고 성능이 좋네요!!",
    "Source": "쇼핑몰",
    "Domain": "가전",
    "MainCategory": "계절가전",
    "ProductName": "뽀송 위닉스 DN3E170-LWK",
    "ReviewScore": "3",
    "Syllable": "105",
    "Word": "26",
    "RDate": "20220526",
    "GeneralPolarity": "1",
    "Aspects": [
      {
        "Aspect": "가격",
        "SentimentText": "세일 할 때 저렴한 가격에 구매했어요~ ",
        "SentimentWord": "6",
        "SentimentPolarity": "1"
      },
      {
        "Aspect": "용량",
        "SentimentText": "6리터라 물통용량도 충분하고~",
        "SentimentWord": "3",
        "SentimentPolarity": "1"
      },
      {
        "Aspect": "소음",
        "SentimentText": " 소음은 너무 시끄러워서 별로지만",
        "SentimentWord": "4",
        "SentimentPolarity": "-1"
      },
      {
        "Aspect": "기능",
        "SentimentText": "습도자동조절도 되고 제습도 금방 되고 성능이 좋네요!!",
        "SentimentWord": "7",
        "SentimentPolarity": "1"
      }
    ]
  },
  {
    "Index": "43121",
    "RawText": "구성품에 신발제습키트가 빠진게 아쉽네요.. 소리가 시끄럽고 귀에 거슬리네요",
    "Source": "쇼핑몰",
    "Domain": "가전",
    "MainCategory": "계절가전",
    "ProductName": "뽀송 위닉스 DN3E170-LWK",
    "ReviewScore": "4",
    "Syllable": "41",
    "Word": "8",
    "RDate": "20220806",
    "GeneralPolarity": "-1",
    "Aspects": [
      {
        "Aspect": "제품구성",
        "SentimentText": "구성품에 신발제습키트가 빠진게 아쉽네요..",
        "SentimentWord": "4",
        "SentimentPolarity": "-1"
      },
      {
        "Aspect": "소음",
        "SentimentText": "소리가 시끄럽고 귀에 거슬리네요",
        "SentimentWord": "4",
        "SentimentPolarity": "-1"
      }
    ]
  },
  {
    "Index": "43122",
    "RawText": "제습되는 속도가 빨라서 얼마 안되었는데도 물통이 금방 찼어요~~~  삶의 질이 좋아진다더니 그말이 딱이네요~~ 그런데 색상은 아이보리가 아니고 미색에 가까워요",
    "Source": "쇼핑몰",
    "Domain": "가전",
    "MainCategory": "계절가전",
    "ProductName": "뽀송 위닉스 DN3E170-LWK",
    "ReviewScore": "5",
    "Syllable": "88",
    "Word": "19",
    "RDate": "20220702",
    "GeneralPolarity": "0",
    "Aspects": [
      {
        "Aspect": "시간/속도",
        "SentimentText": "제습되는 속도가 빨라서 얼마 안되었는데도 물통이 금방 찼어요~~~ ",
        "SentimentWord": "8",
        "SentimentPolarity": "1"
      },
      {
        "Aspect": "색상",
        "SentimentText": "색상은 아이보리가 아니고 미색에 가까워요",
        "SentimentWord": "5",
        "SentimentPolarity": "-1"
      }
    ]
  },
  {
    "Index": "43123",
    "RawText": "방에 습기가 이렇게 많았나..... 1시간 틀었는데도 60프로,, 제습속도가 좀 느린거 같네요 화장실 문을 가끔 열어둬서 그런가.. 에너지등급은 1등급이라 만족합니다.",
    "Source": "쇼핑몰",
    "Domain": "가전",
    "MainCategory": "계절가전",
    "ProductName": "뽀송 위닉스 DN3E170-LWK",
    "ReviewScore": "4",
    "Syllable": "93",
    "Word": "19",
    "RDate": "20220627",
    "GeneralPolarity": "0",
    "Aspects": [
      {
        "Aspect": "시간/속도",
        "SentimentText": "1시간 틀었는데도 60프로,, 제습속도가 좀 느린거 같네요",
        "SentimentWord": "7",
        "SentimentPolarity": "-1"
      },
      {
        "Aspect": "소비전력",
        "SentimentText": "에너지등급은 1등급이라 만족합니다.",
        "SentimentWord": "3",
        "SentimentPolarity": "1"
      }
    ]
  },
  {
    "Index": "43124",
    "RawText": "급하게 장만했어요~ 소음은 생각했던 것보다 거슬리지 않고 제습도 잘 되고 집중건조 기능이 있어서 다양하게 사용 할수 있어 좋아요",
    "Source": "쇼핑몰",
    "Domain": "가전",
    "MainCategory": "계절가전",
    "ProductName": "뽀송 위닉스 DN3E170-LWK",
    "ReviewScore": "4",
    "Syllable": "71",
    "Word": "18",
    "RDate": "20220706",
    "GeneralPolarity": "1",
    "Aspects": [
      {
        "Aspect": "소음",
        "SentimentText": "소음은 생각했던 것보다 거슬리지 않고",
        "SentimentWord": "5",
        "SentimentPolarity": "1"
      },
      {
        "Aspect": "기능",
        "SentimentText": "제습도 잘 되고 집중건조 기능이 있어서 다양하게 사용 할수 있어 좋아요",
        "SentimentWord": "11",
        "SentimentPolarity": "1"
      }
    ]
  },
  {
    "Index": "43125",
    "RawText": "드레스룸에 놓고 온종일 돌리니 물이 많이 나오네요 제습이 엄청 잘되요 에너지등급1등급이라 전기세 걱정 없이 쓸 수 있어 좋네요!!",
    "Source": "쇼핑몰",
    "Domain": "가전",
    "MainCategory": "계절가전",
    "ProductName": "뽀송 위닉스 DN3E170-LWK",
    "ReviewScore": "5",
    "Syllable": "72",
    "Word": "18",
    "RDate": "20220828",
    "GeneralPolarity": "1",
    "Aspects": [
      {
        "Aspect": "기능",
        "SentimentText": "드레스룸에 놓고 온종일 돌리니 물이 많이 나오네요 제습이 엄청 잘되요",
        "SentimentWord": "10",
        "SentimentPolarity": "1"
      },
      {
        "Aspect": "소비전력",
        "SentimentText": "에너지등급1등급이라 전기세 걱정 없이 쓸 수 있어 좋네요!!",
        "SentimentWord": "8",
        "SentimentPolarity": "1"
      }
    ]
  },
  {
    "Index": "43126",
    "RawText": "물통 용량도 커서 자주 안비워도 되는데 이전 모델보다 소비전력 개선했다는데 전기사용량은 그닥 줄지 않았어요. 참지말고 어서어서 구매하세요~~~ 고민은 배송만 늦출뿐이네요",
    "Source": "쇼핑몰",
    "Domain": "가전",
    "MainCategory": "계절가전",
    "ProductName": "뽀송 위닉스 DN3E170-LWK",
    "ReviewScore": "5",
    "Syllable": "94",
    "Word": "20",
    "RDate": "20220606",
    "GeneralPolarity": "0",
    "Aspects": [
      {
        "Aspect": "용량",
        "SentimentText": "물통 용량도 커서 자주 안비워도 되는데",
        "SentimentWord": "6",
        "SentimentPolarity": "1"
      },
      {
        "Aspect": "소비전력",
        "SentimentText": "전기사용량은 그닥 줄지 않았어요.",
        "SentimentWord": "4",
        "SentimentPolarity": "-1"
      }
    ]
  },
  {
    "Index": "43127",
    "RawText": "4시간만 돌렸는데도 물통이 절반이나 차고 꿉꿉하지 않고 제습이 정말 잘 되네요~  역시OOO 명성이 어디 가지 않는군요",
    "Source": "쇼핑몰",
    "Domain": "가전",
    "MainCategory": "계절가전",
    "ProductName": "뽀송 위닉스 DN3E170-LWK",
    "ReviewScore": "5",
    "Syllable": "66",
    "Word": "16",
    "RDate": "20220602",
    "GeneralPolarity": "1",
    "Aspects": [
      {
        "Aspect": "기능",
        "SentimentText": "4시간만 돌렸는데도 물통이 절반이나 차고 꿉꿉하지 않고 제습이 정말 잘 되네요~ ",
        "SentimentWord": "11",
        "SentimentPolarity": "1"
      },
      {
        "Aspect": "제조일/제조사",
        "SentimentText": "역시OOO 명성이 어디 가지 않는군요",
        "SentimentWord": "5",
        "SentimentPolarity": "1"
      }
    ]
  },
  {
    "Index": "43128",
    "RawText": "집은 뽀송뽀송한데 더운 바람이 나와서 실내온도가 높아지지만 제습은 잘되서 반나절에 물을 한통씩 비우네요 제습 잘되는건 좋은데 물통용량이 작아서 수시로 비우니 그건 좀 귀찮네요..",
    "Source": "쇼핑몰",
    "Domain": "가전",
    "MainCategory": "계절가전",
    "ProductName": "뽀송 위닉스 DN3E170-LWK",
    "ReviewScore": "5",
    "Syllable": "99",
    "Word": "23",
    "RDate": "20220702",
    "GeneralPolarity": "0",
    "Aspects": [
      {
        "Aspect": "기능",
        "SentimentText": "  더운 바람이 나와서 실내온도가 높아지지만 제습은 잘되서 반나절에 물을 한통씩 비우네요",
        "SentimentWord": "11",
        "SentimentPolarity": "0"
      },
      {
        "Aspect": "용량",
        "SentimentText": "물통용량이 작아서 수시로 비우니 그건 좀 귀찮네요..",
        "SentimentWord": "7",
        "SentimentPolarity": "-1"
      }
    ]
  },
  {
    "Index": "43129",
    "RawText": "벼르다가 샀어요~~ 작동하는데 생각했던 것보다 소음이 별로 없어 좋네요~~ 색상은 투톤이라 고급스럽지도 않고 별로예요 ㅠ",
    "Source": "쇼핑몰",
    "Domain": "가전",
    "MainCategory": "계절가전",
    "ProductName": "뽀송 위닉스 DN3E170-LWK",
    "ReviewScore": "5",
    "Syllable": "67",
    "Word": "15",
    "RDate": "20220629",
    "GeneralPolarity": "0",
    "Aspects": [
      {
        "Aspect": "소음",
        "SentimentText": "작동하는데 생각했던 것보다 소음이 별로 없어 좋네요~~",
        "SentimentWord": "7",
        "SentimentPolarity": "1"
      },
      {
        "Aspect": "색상",
        "SentimentText": "색상은 투톤이라 고급스럽지도 않고 별로예요 ㅠ",
        "SentimentWord": "6",
        "SentimentPolarity": "-1"
      }
    ]
  },
  {
    "Index": "43130",
    "RawText": "제습기 쪽에선 ooo인기가 많아서 구매했는데 인기많은 건 이유가 있네요 일일제습량도 17리터에 물통도 6리터라 마음에 들었고 의류집중건조기능도 있어서 젖은 옷이 반나절도 안되서 거의 말라버렸네요",
    "Source": "쇼핑몰",
    "Domain": "가전",
    "MainCategory": "계절가전",
    "ProductName": "뽀송 위닉스 DN3E170-LWK",
    "ReviewScore": "5",
    "Syllable": "108",
    "Word": "23",
    "RDate": "20220811",
    "GeneralPolarity": "1",
    "Aspects": [
      {
        "Aspect": "제조일/제조사",
        "SentimentText": " ooo인기가 많아서 구매했는데 인기많은 건 이유가 있네요",
        "SentimentWord": "7",
        "SentimentPolarity": "1"
      },
      {
        "Aspect": "용량",
        "SentimentText": "일일제습량도 17리터에 물통도 6리터라 마음에 들었고 ",
        "SentimentWord": "6",
        "SentimentPolarity": "1"
      },
      {
        "Aspect": "기능",
        "SentimentText": "의류집중건조기능도 있어서 젖은 옷이 반나절도 안되서 거의 말라버렸네요",
        "SentimentWord": "8",
        "SentimentPolarity": "1"
      }
    ]
  },
  {
    "Index": "43131",
    "RawText": "소리가 크지 않아서 좋네요~~  제습기를 가동시키면 빠르게 습기를 잡아줘서 습도높은 요즘 잘 사용하고 있어요.",
    "Source": "쇼핑몰",
    "Domain": "가전",
    "MainCategory": "계절가전",
    "ProductName": "뽀송 위닉스 DN3E170-LWK",
    "ReviewScore": "5",
    "Syllable": "61",
    "Word": "14",
    "RDate": "20220708",
    "GeneralPolarity": "1",
    "Aspects": [
      {
        "Aspect": "소음",
        "SentimentText": "소리가 크지 않아서 좋네요~~ ",
        "SentimentWord": "4",
        "SentimentPolarity": "1"
      },
      {
        "Aspect": "시간/속도",
        "SentimentText": " 제습기를 가동시키면 빠르게 습기를 잡아줘서 습도높은 요즘 잘 사용하고 있어요.",
        "SentimentWord": "10",
        "SentimentPolarity": "1"
      }
    ]
  },
  {
    "Index": "43132",
    "RawText": "작동시 열감이 좀 있네요.. 그래도 제습이 잘 되서 물도 잘 나오고 물통도 차고 만족합니다!",
    "Source": "쇼핑몰",
    "Domain": "가전",
    "MainCategory": "계절가전",
    "ProductName": "뽀송 위닉스 DN3E170-LWK",
    "ReviewScore": "4",
    "Syllable": "51",
    "Word": "14",
    "RDate": "20220713",
    "GeneralPolarity": "0",
    "Aspects": [
      {
        "Aspect": "내구성",
        "SentimentText": "작동시 열감이 좀 있네요..",
        "SentimentWord": "4",
        "SentimentPolarity": "-1"
      },
      {
        "Aspect": "기능",
        "SentimentText": "제습이 잘 되서 물도 잘 나오고 물통도 차고 만족합니다!",
        "SentimentWord": "9",
        "SentimentPolarity": "1"
      }
    ]
  },
  {
    "Index": "43133",
    "RawText": "제습용량이 17리터라 확실히 제습이 강력하게 되네요!! 제습도 강력하게 되서 빨래도 잘 마르고 좋습니다!",
    "Source": "쇼핑몰",
    "Domain": "가전",
    "MainCategory": "계절가전",
    "ProductName": "뽀송 위닉스 DN3E170-LWK",
    "ReviewScore": "5",
    "Syllable": "58",
    "Word": "13",
    "RDate": "20220628",
    "GeneralPolarity": "1",
    "Aspects": [
      {
        "Aspect": "용량",
        "SentimentText": "제습용량이 17리터라 확실히 제습이 강력하게 되네요!!",
        "SentimentWord": "6",
        "SentimentPolarity": "1"
      },
      {
        "Aspect": "기능",
        "SentimentText": "제습도 강력하게 되서 빨래도 잘 마르고 좋습니다!",
        "SentimentWord": "7",
        "SentimentPolarity": "1"
      }
    ]
  },
  {
    "Index": "43134",
    "RawText": "이 물이 다 어디서 왔는지...습도자동조절되고 습기를 다 흡수해주니 너무 좋네요~!! 에너지등급이 1등급이라서 믿고 구매했어요~",
    "Source": "쇼핑몰",
    "Domain": "가전",
    "MainCategory": "계절가전",
    "ProductName": "뽀송 위닉스 DN3E170-LWK",
    "ReviewScore": "5",
    "Syllable": "71",
    "Word": "14",
    "RDate": "20220629",
    "GeneralPolarity": "1",
    "Aspects": [
      {
        "Aspect": "기능",
        "SentimentText": "습도자동조절되고 습기를 다 흡수해주니 너무 좋네요~!!",
        "SentimentWord": "6",
        "SentimentPolarity": "1"
      },
      {
        "Aspect": "소비전력",
        "SentimentText": "에너지등급이 1등급이라서 믿고 구매했어요~ ",
        "SentimentWord": "4",
        "SentimentPolarity": "1"
      }
    ]
  },
  {
    "Index": "43135",
    "RawText": "용량이 17리터라서 구입했어요~~ 아주 만족합니다 소음은 생각보다 시끄럽지 않아서 괜찮아요",
    "Source": "쇼핑몰",
    "Domain": "가전",
    "MainCategory": "계절가전",
    "ProductName": "뽀송 위닉스 DN3E170-LWK",
    "ReviewScore": "4",
    "Syllable": "50",
    "Word": "10",
    "RDate": "20220816",
    "Aspects": [
      {
        "Aspect": "용량",
        "SentimentText": "용량이 17리터라서 구입했어요~~ 아주 만족합니다",
        "SentimentWord": "5",
        "SentimentPolarity": "1"
      },
      {
        "Aspect": "소음",
        "SentimentText": "소음은 생각보다 시끄럽지 않아서 괜찮아요",
        "SentimentWord": "5",
        "SentimentPolarity": "1"
      }
    ]
  },
  {
    "Index": "43136",
    "RawText": "일일 제습 용량이 17L로 매우 크고 물통 용량도 6L로 대용량이라서 자주 물을 갈아주지 않아도 되니 편리해서 좋아요..  또 제품 밑바닥 면에 360도 회전 바퀴가 달려 있어서 쉽게 이동이 가능해서 좋습니다..  2대 구입해 한대는 작은방, 한대는 드레스룸에 두고 사용해요..  아침에 켜두면 바닥 끈적거리는데 말끔히 사라지고 금방 뽀송해져서 만족감이 큽니다.. 성능 좋네요 ^^  ",
    "Source": "쇼핑몰",
    "Domain": "가전",
    "MainCategory": "계절가전",
    "ProductName": "뽀송 위닉스 DN3E170-LWK",
    "ReviewScore": "5",
    "Syllable": "215",
    "Word": "51",
    "RDate": "20220601",
    "GeneralPolarity": "1",
    "Aspects": [
      {
        "Aspect": "용량",
        "SentimentText": "일일 제습 용량이 17L로 매우 크고 물통 용량도 6L로 대용량이라서 자주 물을 갈아주지 않아도 되니 편리해서 좋아요.. ",
        "SentimentWord": "17",
        "SentimentPolarity": "1"
      },
      {
        "Aspect": "편의성",
        "SentimentText": "또 제품 밑바닥 면에 360도 회전 바퀴가 달려 있어서 쉽게 이동이 가능해서 좋습니다.. ",
        "SentimentWord": "13",
        "SentimentPolarity": "1"
      },
      {
        "Aspect": "기능",
        "SentimentText": "아침에 켜두면 바닥 끈적거리는데 말끔히 사라지고 금방 뽀송해져서 만족감이 큽니다.. 성능 좋네요 ^^ ",
        "SentimentWord": "13",
        "SentimentPolarity": "1"
      }
    ]
  },
  {
    "Index": "43138",
    "RawText": "냉장고 컴프레셔 돌아가는 것처럼 생각보다 소음이 커서 좀... 색상도 투톤이 제 스타일이 아니네요..",
    "Source": "쇼핑몰",
    "Domain": "가전",
    "MainCategory": "계절가전",
    "ProductName": "뽀송 위닉스 DN3E170-LWK",
    "ReviewScore": "3",
    "Syllable": "56",
    "Word": "13",
    "RDate": "20220710",
    "GeneralPolarity": "-1",
    "Aspects": [
      {
        "Aspect": "소음",
        "SentimentText": "생각보다 소음이 커서 좀...",
        "SentimentWord": "4",
        "SentimentPolarity": "-1"
      },
      {
        "Aspect": "색상",
        "SentimentText": "색상도 투톤이 제 스타일이 아니네요..",
        "SentimentWord": "5",
        "SentimentPolarity": "-1"
      }
    ]
  },
  {
    "Index": "43139",
    "RawText": "소리가 시끄러워서 별로예요, 물통용량도 작고.. 습기는 잘 잡아주네요~",
    "Source": "쇼핑몰",
    "Domain": "가전",
    "MainCategory": "계절가전",
    "ProductName": "뽀송 위닉스 DN3E170-LWK",
    "ReviewScore": "4",
    "Syllable": "39",
    "Word": "8",
    "RDate": "20220714",
    "GeneralPolarity": "-1",
    "Aspects": [
      {
        "Aspect": "소음",
        "SentimentText": "소리가 시끄러워서 별로예요",
        "SentimentWord": "3",
        "SentimentPolarity": "-1"
      },
      {
        "Aspect": "용량",
        "SentimentText": "물통용량도 작고..",
        "SentimentWord": "2",
        "SentimentPolarity": "-1"
      }
    ]
  },
  {
    "Index": "43140",
    "RawText": "OOO 17리터로 구매해서 가동중이예요~ 습도 측정이 정확한 것 같아요.. 퀄리티가 좋네요~~ 가동시 소음이 작아서 그것만으로도 너무 좋네요~~ 연속배출호수도 일반 호수처럼 끼울 수 있게 되어있어서 편리하네요~~습도 측정이 정확한 것 같아요. 퀄리티가 좋네요",
    "Source": "쇼핑몰",
    "Domain": "가전",
    "MainCategory": "계절가전",
    "ProductName": "뽀송 위닉스 DN3E170-LWK",
    "ReviewScore": "5",
    "Syllable": "144",
    "Word": "31",
    "RDate": "20220601",
    "GeneralPolarity": "1",
    "Aspects": [
      {
        "Aspect": "소음",
        "SentimentText": "가동시 소음이 작아서 그것만으로도 너무 좋네요~~ ",
        "SentimentWord": "6",
        "SentimentPolarity": "1"
      },
      {
        "Aspect": "편의성",
        "SentimentText": "연속배출호수도 일반 호수처럼 끼울 수 있게 되어있어서 편리하네요~~",
        "SentimentWord": "8",
        "SentimentPolarity": "1"
      },
      {
        "Aspect": "품질",
        "SentimentText": "습도 측정이 정확한 것 같아요. 퀄리티가 좋네요",
        "SentimentWord": "7",
        "SentimentPolarity": "1"
      }
    ]
  },
  {
    "Index": "43141",
    "RawText": " 고민했는데 물통용량이 커서 결정했는데 잘했네요~~ 에어컨 제습하고는 비교가 안될 정도로 수치도 팍팍 떨어지고 제습이 너무 잘되네요 소리도 생각한 것 보다 크지 않아서 좋네요",
    "Source": "쇼핑몰",
    "Domain": "가전",
    "MainCategory": "계절가전",
    "ProductName": "뽀송 위닉스 DN3E170-LWK",
    "ReviewScore": "5",
    "Syllable": "97",
    "Word": "23",
    "RDate": "20220623",
    "GeneralPolarity": "1",
    "Aspects": [
      {
        "Aspect": "용량",
        "SentimentText": "물통용량이 커서 결정했는데 잘했네요~~ ",
        "SentimentWord": "4",
        "SentimentPolarity": "1"
      },
      {
        "Aspect": "기능",
        "SentimentText": "어컨 제습하고는 비교가 안될 정도로 수치도 팍팍 떨어지고 제습이 너무 잘되네요",
        "SentimentWord": "11",
        "SentimentPolarity": "1"
      },
      {
        "Aspect": "소음",
        "SentimentText": "소리도 생각한 것 보다 크지 않아서 좋네요",
        "SentimentWord": "7",
        "SentimentPolarity": "1"
      }
    ]
  },
  {
    "Index": "43142",
    "RawText": "OOO제습기도 역시 좋네요!! 에너지소비효율등급이 1등급이라 전기세 걱정이 하나도 없어요~",
    "Source": "쇼핑몰",
    "Domain": "가전",
    "MainCategory": "계절가전",
    "ProductName": "뽀송 위닉스 DN3E170-LWK",
    "ReviewScore": "5",
    "Syllable": "50",
    "Word": "9",
    "RDate": "20220704",
    "GeneralPolarity": "1",
    "Aspects": [
      {
        "Aspect": "제조일/제조사",
        "SentimentText": "OOO제습기도 역시 좋네요!!",
        "SentimentWord": "3",
        "SentimentPolarity": "1"
      },
      {
        "Aspect": "소비전력",
        "SentimentText": "에너지소비효율등급이 1등급이라 전기세 걱정이 하나도 없어요~",
        "SentimentWord": "6",
        "SentimentPolarity": "1"
      }
    ]
  },
  {
    "Index": "43143",
    "RawText": "소음이 이전 구형제품보다 훨씬 적어서 맘에 듭니다! 디자인이 너무 예뻐요 !! 만족합니다^^",
    "Source": "쇼핑몰",
    "Domain": "가전",
    "MainCategory": "계절가전",
    "ProductName": "뽀송 위닉스 DN3E170-LWK",
    "ReviewScore": "5",
    "Syllable": "51",
    "Word": "12",
    "RDate": "20220528",
    "GeneralPolarity": "1",
    "Aspects": [
      {
        "Aspect": "소음",
        "SentimentText": "소음이 이전 구형제품보다 훨씬 적어서 맘에 듭니다!",
        "SentimentWord": "7",
        "SentimentPolarity": "1"
      },
      {
        "Aspect": "디자인",
        "SentimentText": "디자인이 너무 예뻐요 !! 만족합니다^^",
        "SentimentWord": "5",
        "SentimentPolarity": "1"
      }
    ]
  },
  {
    "Index": "43144",
    "RawText": "디자인이 깔끔해서 어디에 놓든 예쁘게 잘 어울리니 더 마음에 드네요.  지방 거주하고 있는데 주문 이틀만에 도착해서 좋네요.  자동 제습기능이 있어서 습기 제거에 탁월해서 뽀송뽀송함을 느낄 수 있어 최고입니다.  소음이 심해서 너무 시끄러워서 습기 심한 날에만 틀어놓고 있어요......",
    "Source": "쇼핑몰",
    "Domain": "가전",
    "MainCategory": "계절가전",
    "ProductName": "뽀송 위닉스 DN3E170-LWK",
    "ReviewScore": "5",
    "Syllable": "160",
    "Word": "37",
    "RDate": "20220710",
    "GeneralPolarity": "1",
    "Aspects": [
      {
        "Aspect": "디자인",
        "SentimentText": "디자인이 깔끔해서 어디에 놓든 예쁘게 잘 어울리니 더 마음에 드네요.",
        "SentimentWord": "10",
        "SentimentPolarity": "1"
      },
      {
        "Aspect": "기능",
        "SentimentText": "자동 제습기능이 있어서 습기 제거에 탁월해서 뽀송뽀송함을 느낄 수 있어 최고입니다.",
        "SentimentWord": "11",
        "SentimentPolarity": "1"
      },
      {
        "Aspect": "소음",
        "SentimentText": "소음이 심해서 너무 시끄러워서",
        "SentimentWord": "4",
        "SentimentPolarity": "-1"
      }
    ]
  },
  {
    "Index": "43145",
    "RawText": " 역시 신상이 좋으네요~~ 장마철에 필수예요~~ 방에 물기가 이렇게 많을줄이야..소재가 스크래치가 잘 날만한 소재라 좀 아쉽네요",
    "Source": "쇼핑몰",
    "Domain": "가전",
    "MainCategory": "계절가전",
    "ProductName": "뽀송 위닉스 DN3E170-LWK",
    "ReviewScore": "4",
    "Syllable": "71",
    "Word": "15",
    "RDate": "20220705",
    "GeneralPolarity": "0",
    "Aspects": [
      {
        "Aspect": "제조일/제조사",
        "SentimentText": "역시 신상이 좋으네요~~",
        "SentimentWord": "3",
        "SentimentPolarity": "1"
      },
      {
        "Aspect": "소재",
        "SentimentText": "소재가 스크래치가 잘 날만한 소재라 좀 아쉽네요",
        "SentimentWord": "7",
        "SentimentPolarity": "-1"
      }
    ]
  },
  {
    "Index": "43148",
    "RawText": "ooo만 쓰는데 너무 좋아서 재구매했어요~ 제조일도 최근에 만든 제품으로 받아서 기분 좋네요!적극 추천해요~",
    "Source": "쇼핑몰",
    "Domain": "가전",
    "MainCategory": "계절가전",
    "ProductName": "뽀송 위닉스 DN3E170-LWK",
    "ReviewScore": "5",
    "Syllable": "60",
    "Word": "13",
    "RDate": "20220525",
    "GeneralPolarity": "1",
    "Aspects": [
      {
        "Aspect": "제조일/제조사",
        "SentimentText": "ooo만 쓰는데 너무 좋아서 재구매했어요~",
        "SentimentWord": "5",
        "SentimentPolarity": "1"
      },
      {
        "Aspect": "제조일/제조사",
        "SentimentText": "제조일도 최근에 만든 제품으로 받아서 기분 좋네요!",
        "SentimentWord": "7",
        "SentimentPolarity": "1"
      }
    ]
  },
  {
    "Index": "43149",
    "RawText": "디자인이 예쁘고 고급져요  바퀴가 있어서 이동하기도 굉장히 편리합니다~ 좋아요^^",
    "Source": "쇼핑몰",
    "Domain": "가전",
    "MainCategory": "계절가전",
    "ProductName": "뽀송 위닉스 DN3E170-LWK",
    "ReviewScore": "5",
    "Syllable": "45",
    "Word": "9",
    "RDate": "20220612",
    "GeneralPolarity": "1",
    "Aspects": [
      {
        "Aspect": "디자인",
        "SentimentText": "디자인이 예쁘고 고급져요 ",
        "SentimentWord": "3",
        "SentimentPolarity": "1"
      },
      {
        "Aspect": "편의성",
        "SentimentText": "바퀴가 있어서 이동하기도 굉장히 편리합니다~",
        "SentimentWord": "5",
        "SentimentPolarity": "1"
      }
    ]
  },
  {
    "Index": "43150",
    "RawText": "제습 기능은 뽀송하니 좋은데 소음이 너무 커서 점검했는데 불량이라네요..ㅜㅜ 구매하신분들 소음 심하면 000 연락해 점검받아보세요~~~~",
    "Source": "쇼핑몰",
    "Domain": "가전",
    "MainCategory": "계절가전",
    "ProductName": "뽀송 위닉스 DN3E170-LWK",
    "ReviewScore": "5",
    "Syllable": "76",
    "Word": "15",
    "RDate": "20220722",
    "GeneralPolarity": "-1",
    "Aspects": [
      {
        "Aspect": "기능",
        "SentimentText": "제습 기능은 뽀송하니 좋은데",
        "SentimentWord": "4",
        "SentimentPolarity": "1"
      },
      {
        "Aspect": "품질",
        "SentimentText": "소음이 너무 커서 점검했는데 불량이라네요..ㅜㅜ",
        "SentimentWord": "5",
        "SentimentPolarity": "-1"
      }
    ]
  },
  {
    "Index": "43151",
    "RawText": "일일 제습용량이 커서 힘이 엄청 좋네요! 의류말리는 용으로 구입했는데 의류집중건조모드를 쓰니 빨래가 금방 마르고 좋네요!",
    "Source": "쇼핑몰",
    "Domain": "가전",
    "MainCategory": "계절가전",
    "ProductName": "뽀송 위닉스 DN3E170-LWK",
    "ReviewScore": "5",
    "Syllable": "67",
    "Word": "15",
    "RDate": "20220610",
    "GeneralPolarity": "1",
    "Aspects": [
      {
        "Aspect": "용량",
        "SentimentText": "일일 제습용량이 커서 힘이 엄청 좋네요!",
        "SentimentWord": "6",
        "SentimentPolarity": "1"
      },
      {
        "Aspect": "기능",
        "SentimentText": "의류집중건조모드를 쓰니 빨래가 금방 마르고 좋네요!",
        "SentimentWord": "6",
        "SentimentPolarity": "1"
      }
    ]
  },
  {
    "Index": "43152",
    "RawText": "성능이 너무 좋아서 꿉꿉함이 싹 사라지고 제습이 정말 잘되요^^ 소음도 적게 나고 조용합니다~~~ ",
    "Source": "쇼핑몰",
    "Domain": "가전",
    "MainCategory": "계절가전",
    "ProductName": "뽀송 위닉스 DN3E170-LWK",
    "ReviewScore": "5",
    "Syllable": "55",
    "Word": "13",
    "RDate": "20220726",
    "GeneralPolarity": "1",
    "Aspects": [
      {
        "Aspect": "기능",
        "SentimentText": "성능이 너무 좋아서 꿉꿉함이 싹 사라지고 제습이 정말 잘되요^^",
        "SentimentWord": "9",
        "SentimentPolarity": "1"
      },
      {
        "Aspect": "소음",
        "SentimentText": "소음도 적게 나고 조용합니다~~~",
        "SentimentWord": "4",
        "SentimentPolarity": "1"
      }
    ]
  },
  {
    "Index": "43153",
    "RawText": "이게 진짜 맞는건가 싶을 정도로.. 소음이 너무 심해요 심각하네요... 소재도 영... 스크래치에 약한 것 같네요",
    "Source": "쇼핑몰",
    "Domain": "가전",
    "MainCategory": "계절가전",
    "ProductName": "뽀송 위닉스 DN3E170-LWK",
    "ReviewScore": "5",
    "Syllable": "63",
    "Word": "15",
    "RDate": "20220630",
    "GeneralPolarity": "-1",
    "Aspects": [
      {
        "Aspect": "소음",
        "SentimentText": "소음이 너무 심해요 심각하네요...",
        "SentimentWord": "4",
        "SentimentPolarity": "-1"
      },
      {
        "Aspect": "소재",
        "SentimentText": "소재도 영... 스크래치에 약한 것 같네요",
        "SentimentWord": "6",
        "SentimentPolarity": "-1"
      }
    ]
  },
  {
    "Index": "43154",
    "RawText": "사이즈도 엄청 크고 너무 무겁네요 ㅠ 바퀴로 이동가능해서 편리해요~ 첫 작동시 약간 기계냄새 같은게 느껴졌는데 좀 지나니 사라졌어여 1시간도 안되서 습도가 금방 떨어졌어요~ 대만족~ 소리도 작아서 만족합니다.",
    "Source": "쇼핑몰",
    "Domain": "가전",
    "MainCategory": "계절가전",
    "ProductName": "뽀송 위닉스 DN3E170-LWK",
    "ReviewScore": "5",
    "Syllable": "116",
    "Word": "27",
    "RDate": "20220830",
    "GeneralPolarity": "1",
    "Aspects": [
      {
        "Aspect": "사이즈",
        "SentimentText": "사이즈도 엄청 크고",
        "SentimentWord": "3",
        "SentimentPolarity": "-1"
      },
      {
        "Aspect": "편의성",
        "SentimentText": "바퀴로 이동가능해서 편리해요~",
        "SentimentWord": "3",
        "SentimentPolarity": "1"
      },
      {
        "Aspect": "품질",
        "SentimentText": "첫 작동시 약간 기계냄새 같은게 느껴졌는데 좀 지나니 사라졌어여",
        "SentimentWord": "9",
        "SentimentPolarity": "0"
      },
      {
        "Aspect": "시간/속도",
        "SentimentText": "1시간도 안되서 습도가 금방 떨어졌어요~ 대만족",
        "SentimentWord": "6",
        "SentimentPolarity": "1"
      },
      {
        "Aspect": "소음",
        "SentimentText": " 소리도 작아서 만족합니다.",
        "SentimentWord": "3",
        "SentimentPolarity": "1"
      },
      {
        "Aspect": "무게",
        "SentimentText": "너무 무겁네요 ㅠ",
        "SentimentWord": "3",
        "SentimentPolarity": "-1"
      }
    ]
  },
  {
    "Index": "43155",
    "RawText": "가격은 비싸지만 000 제습기 워낙 유명하고 좋아서 구매했어요^^소음이 크다는 후기가 있었지만 적당한 소음이라 만족해요.",
    "Source": "쇼핑몰",
    "Domain": "가전",
    "MainCategory": "계절가전",
    "ProductName": "뽀송 위닉스 DN3E170-LWK",
    "ReviewScore": "5",
    "Syllable": "67",
    "Word": "14",
    "RDate": "20220718",
    "GeneralPolarity": "1",
    "Aspects": [
      {
        "Aspect": "품질",
        "SentimentText": "가격은 비싸지만 000 제습기 워낙 유명하고 좋아서 구매했어요^^",
        "SentimentWord": "8",
        "SentimentPolarity": "1"
      },
      {
        "Aspect": "소음",
        "SentimentText": "소음이 크다는 후기가 있었지만 적당한 소음이라 만족해요.",
        "SentimentWord": "7",
        "SentimentPolarity": "1"
      }
    ]
  },
  {
    "Index": "43156",
    "RawText": "예쁘고 세련된 디자인이 좋고 바퀴도 있어서 이동할 때 너무 편해요 소음은 걱정했던 것보다 선풍기작동소음 정도라서 괜찮네요~~ 어차피 외출할 때 쓸꺼라 신경은 안쓰겠지만.. 소비전력도 1등급이라 전기세 걱정없이 팍팍 사용 할 수 있어요!!! 가성비 최고네요!!",
    "Source": "쇼핑몰",
    "Domain": "가전",
    "MainCategory": "계절가전",
    "ProductName": "뽀송 위닉스 DN3E170-LWK",
    "ReviewScore": "5",
    "Syllable": "144",
    "Word": "33",
    "RDate": "20220530",
    "GeneralPolarity": "1",
    "Aspects": [
      {
        "Aspect": "디자인",
        "SentimentText": "예쁘고 세련된 디자인이 좋고",
        "SentimentWord": "4",
        "SentimentPolarity": "1"
      },
      {
        "Aspect": "편의성",
        "SentimentText": "바퀴도 있어서 이동할 때 너무 편해요",
        "SentimentWord": "6",
        "SentimentPolarity": "1"
      },
      {
        "Aspect": "소음",
        "SentimentText": "소음은 걱정했던 것보다 선풍기작동소음 정도라서 괜찮네요~~",
        "SentimentWord": "6",
        "SentimentPolarity": "1"
      },
      {
        "Aspect": "소비전력",
        "SentimentText": "소비전력도 1등급이라 전기세 걱정없이 팍팍 사용 할 수 있어요!!!",
        "SentimentWord": "9",
        "SentimentPolarity": "1"
      },
      {
        "Aspect": "가격",
        "SentimentText": "가성비 최고네요!!",
        "SentimentWord": "2",
        "SentimentPolarity": "1"
      }
    ]
  },
  {
    "Index": "43157",
    "RawText": "소음이 생각이상이예요 너무 시끄러워요 ㅠ  제습도 잘 안되는거 같아요 뽀송한 느낌은 아직 못받았어요",
    "Source": "쇼핑몰",
    "Domain": "가전",
    "MainCategory": "계절가전",
    "ProductName": "뽀송 위닉스 DN3E170-LWK",
    "ReviewScore": "3",
    "Syllable": "55",
    "Word": "13",
    "RDate": "20220630",
    "GeneralPolarity": "-1",
    "Aspects": [
      {
        "Aspect": "소음",
        "SentimentText": "소음이 생각이상이예요 너무 시끄러워요 ㅠ ",
        "SentimentWord": "5",
        "SentimentPolarity": "-1"
      },
      {
        "Aspect": "기능",
        "SentimentText": "제습도 잘 안되는거 같아요",
        "SentimentWord": "4",
        "SentimentPolarity": "-1"
      }
    ]
  },
  {
    "Index": "43158",
    "RawText": "제습용량이 17리터나 되서 강하고 힘이 좋네요! 작동시 열감이 좀 있네요..",
    "Source": "쇼핑몰",
    "Domain": "가전",
    "MainCategory": "계절가전",
    "ProductName": "뽀송 위닉스 DN3E170-LWK",
    "ReviewScore": "5",
    "Syllable": "42",
    "Word": "10",
    "RDate": "20220528",
    "GeneralPolarity": "0",
    "Aspects": [
      {
        "Aspect": "용량",
        "SentimentText": "제습용량이 17리터나 되서 강하고 힘이 좋네요!",
        "SentimentWord": "6",
        "SentimentPolarity": "1"
      },
      {
        "Aspect": "내구성",
        "SentimentText": "작동시 열감이 좀 있네요..",
        "SentimentWord": "4",
        "SentimentPolarity": "-1"
      }
    ]
  },
  {
    "Index": "43159",
    "RawText": "제습이 잘 되서 집이 꿉꿉하지도 않고 뽀송하고 물도 금방 차요 굿!! 최근에 제조한 제품으로 보내줘서 맘에 듭니다",
    "Source": "쇼핑몰",
    "Domain": "가전",
    "MainCategory": "계절가전",
    "ProductName": "뽀송 위닉스 DN3E170-LWK",
    "ReviewScore": "5",
    "Syllable": "63",
    "Word": "17",
    "RDate": "20220807",
    "GeneralPolarity": "1",
    "Aspects": [
      {
        "Aspect": "기능",
        "SentimentText": "제습이 잘 되서 집이 꿉꿉하지도 않고 뽀송하고 물도 금방 차요 굿!!",
        "SentimentWord": "11",
        "SentimentPolarity": "1"
      },
      {
        "Aspect": "제조일/제조사",
        "SentimentText": "최근에 제조한 제품으로 보내줘서 맘에 듭니다",
        "SentimentWord": "6",
        "SentimentPolarity": "1"
      }
    ]
  },
  {
    "Index": "43164",
    "RawText": "제습이 잘 되요~ 물통에 물받아지는게 보이니 너무 신기하네요! 에너지소비효율등급이 1등급이라 전기세 걱정이 하나도 없어요~",
    "Source": "쇼핑몰",
    "Domain": "가전",
    "MainCategory": "계절가전",
    "ProductName": "뽀송 위닉스 DN3E170-LWK",
    "ReviewScore": "5",
    "Syllable": "68",
    "Word": "14",
    "RDate": "20220818",
    "GeneralPolarity": "1",
    "Aspects": [
      {
        "Aspect": "기능",
        "SentimentText": "제습이 잘 되요~ 물통에 물받아지는게 보이니 너무 신기하네요!",
        "SentimentWord": "8",
        "SentimentPolarity": "1"
      },
      {
        "Aspect": "소비전력",
        "SentimentText": "에너지소비효율등급이 1등급이라 전기세 걱정이 하나도 없어요~",
        "SentimentWord": "6",
        "SentimentPolarity": "1"
      }
    ]
  },
  {
    "Index": "43167",
    "RawText": "장마 전 부모님 선물로 구입.  제품 무게가 예상보다 무거워서 옮길때 불편해서 안좋아요.  최신형 제품이라 소음이 훨씬 적어서 좋네요..   ",
    "Source": "쇼핑몰",
    "Domain": "가전",
    "MainCategory": "계절가전",
    "ProductName": "뽀송 위닉스 DN3E170-LWK",
    "ReviewScore": "5",
    "Syllable": "79",
    "Word": "18",
    "RDate": "20220609",
    "GeneralPolarity": "0",
    "Aspects": [
      {
        "Aspect": "무게",
        "SentimentText": "제품 무게가 예상보다 무거워서 옮길때 불편해서 안좋아요. ",
        "SentimentWord": "7",
        "SentimentPolarity": "-1"
      },
      {
        "Aspect": "소음",
        "SentimentText": "최신형 제품이라 소음이 훨씬 적어서 좋네요.. ",
        "SentimentWord": "6",
        "SentimentPolarity": "1"
      }
    ]
  },
  {
    "Index": "43168",
    "RawText": "새제품이다 보니 냄새가 나서 좀 불편하네요 그래도 다양한 모드로 쓸 수 있고 제습도 잘 되서 물통에 물차는거 보니 뿌듯합니다!",
    "Source": "쇼핑몰",
    "Domain": "가전",
    "MainCategory": "계절가전",
    "ProductName": "뽀송 위닉스 DN3E170-LWK",
    "ReviewScore": "5",
    "Syllable": "70",
    "Word": "19",
    "RDate": "20220704",
    "GeneralPolarity": "0",
    "Aspects": [
      {
        "Aspect": "품질",
        "SentimentText": "새제품이다 보니 냄새가 나서 좀 불편하네요",
        "SentimentWord": "6",
        "SentimentPolarity": "-1"
      },
      {
        "Aspect": "기능",
        "SentimentText": "다양한 모드로 쓸 수 있고 제습도 잘 되서 물통에 물차는거 보니 뿌듯합니다!",
        "SentimentWord": "12",
        "SentimentPolarity": "1"
      }
    ]
  },
  {
    "Index": "43169",
    "RawText": "제습이 잘 되서 물도 금방 차고 물넘침방지기능도 있어서 더 좋네요~ 물통 용량도 6리터라 넉넉해서 좋네요!",
    "Source": "쇼핑몰",
    "Domain": "가전",
    "MainCategory": "계절가전",
    "ProductName": "뽀송 위닉스 DN3E170-LWK",
    "ReviewScore": "5",
    "Syllable": "59",
    "Word": "15",
    "RDate": "20220807",
    "GeneralPolarity": "1",
    "Aspects": [
      {
        "Aspect": "기능",
        "SentimentText": "제습이 잘 되서 물도 금방 차고 물넘침방지기능도 있어서 더 좋네요~",
        "SentimentWord": "10",
        "SentimentPolarity": "1"
      },
      {
        "Aspect": "용량",
        "SentimentText": "물통 용량도 6리터라 넉넉해서 좋네요!",
        "SentimentWord": "5",
        "SentimentPolarity": "1"
      }
    ]
  },
  {
    "Index": "43170",
    "RawText": "성능이 좋고 제습이 잘되서 장마철 끈끈함이 보송해졌네요^^ 바퀴가 달려서 여기저기 이동하며 제습하기도 편해서 잘 사용하고 있어요~~~",
    "Source": "쇼핑몰",
    "Domain": "가전",
    "MainCategory": "계절가전",
    "ProductName": "뽀송 위닉스 DN3E170-LWK",
    "ReviewScore": "4",
    "Syllable": "74",
    "Word": "16",
    "RDate": "20220705",
    "GeneralPolarity": "1",
    "Aspects": [
      {
        "Aspect": "기능",
        "SentimentText": "성능이 좋고 제습이 잘되서 장마철 끈끈함이 보송해졌네요^^",
        "SentimentWord": "7",
        "SentimentPolarity": "1"
      },
      {
        "Aspect": "편의성",
        "SentimentText": " 바퀴가 달려서 여기저기 이동하며 제습하기도 편해서 잘 사용하고 있어요~~~",
        "SentimentWord": "9",
        "SentimentPolarity": "1"
      }
    ]
  },
  {
    "Index": "43171",
    "RawText": "장마가 시작되면서 제습기 추가구입 했어요. 주문 바로 다음 날 빠르게 배송되어 와서 만족합니다.  타사 제품보다 소음이 적어서 조용하게 틀어놓기 좋아요. 깔끔한 디자인이 인테리어에도 한 몫을 하여 만족합니다.  최근에 출시된 에너지 효율등급 1등급 제품이라서 에너지 절약에 좋아서 너무 마음에 들어요.",
    "Source": "쇼핑몰",
    "Domain": "가전",
    "MainCategory": "계절가전",
    "ProductName": "뽀송 위닉스 DN3E170-LWK",
    "ReviewScore": "5",
    "Syllable": "168",
    "Word": "39",
    "RDate": "20220708",
    "GeneralPolarity": "1",
    "Aspects": [
      {
        "Aspect": "소음",
        "SentimentText": "타사 제품보다 소음이 적어서 조용하게 틀어놓기 좋아요.",
        "SentimentWord": "7",
        "SentimentPolarity": "1"
      },
      {
        "Aspect": "디자인",
        "SentimentText": "깔끔한 디자인이 인테리어에도 한 몫을 하여 만족합니다.",
        "SentimentWord": "7",
        "SentimentPolarity": "1"
      },
      {
        "Aspect": "소비전력",
        "SentimentText": "에너지 효율등급 1등급 제품이라서 에너지 절약에 좋아서 너무 마음에 들어요.",
        "SentimentWord": "10",
        "SentimentPolarity": "1"
      }
    ]
  },
  {
    "Index": "43172",
    "RawText": "바람이 뜨거운 바람이 나오는건 맘에 안드네요... 나머지는 다 만족해요~ 물통용량도 넉넉해서 좋아요.. 이 많은 물이 어디에 숨어있었지..",
    "Source": "쇼핑몰",
    "Domain": "가전",
    "MainCategory": "계절가전",
    "ProductName": "뽀송 위닉스 DN3E170-LWK",
    "ReviewScore": "4",
    "Syllable": "77",
    "Word": "17",
    "RDate": "20220713",
    "GeneralPolarity": "1",
    "Aspects": [
      {
        "Aspect": "기능",
        "SentimentText": "바람이 뜨거운 바람이 나오는건 맘에 안드네요... ",
        "SentimentWord": "6",
        "SentimentPolarity": "-1"
      },
      {
        "Aspect": "용량",
        "SentimentText": "물통용량도 넉넉해서 좋아요.. ",
        "SentimentWord": "3",
        "SentimentPolarity": "1"
      }
    ]
  },
  {
    "Index": "43174",
    "RawText": "OOO브랜드 하나 보고 구입했는데 역시나!! 제습기능도 좋고 성능도 뛰어나네요! 만족합니다.",
    "Source": "쇼핑몰",
    "Domain": "가전",
    "MainCategory": "계절가전",
    "ProductName": "뽀송 위닉스 DN3E170-LWK",
    "ReviewScore": "5",
    "Syllable": "51",
    "Word": "10",
    "RDate": "20220713",
    "GeneralPolarity": "1",
    "Aspects": [
      {
        "Aspect": "제조일/제조사",
        "SentimentText": "OOO브랜드 하나 보고 구입했는데 역시나!!",
        "SentimentWord": "5",
        "SentimentPolarity": "1"
      },
      {
        "Aspect": "기능",
        "SentimentText": "제습기능도 좋고 성능도 뛰어나네요! 만족합니다.",
        "SentimentWord": "5",
        "SentimentPolarity": "1"
      }
    ]
  },
  {
    "Index": "43175",
    "RawText": "제습이 잘 되고 습도도 잘 잡아줘서 있고 없고 차이가 확실하게 느껴지네요 에너지효율도 1등급이라 만족합니다.",
    "Source": "쇼핑몰",
    "Domain": "가전",
    "MainCategory": "계절가전",
    "ProductName": "뽀송 위닉스 DN3E170-LWK",
    "ReviewScore": "5",
    "Syllable": "60",
    "Word": "14",
    "RDate": "20220726",
    "GeneralPolarity": "1",
    "Aspects": [
      {
        "Aspect": "기능",
        "SentimentText": "제습이 잘 되고 습도도 잘 잡아줘서 있고 없고 차이가 확실하게 느껴지네요",
        "SentimentWord": "11",
        "SentimentPolarity": "1"
      },
      {
        "Aspect": "소비전력",
        "SentimentText": "에너지효율도 1등급이라 만족합니다.",
        "SentimentWord": "3",
        "SentimentPolarity": "1"
      }
    ]
  },
  {
    "Index": "43176",
    "RawText": "장마철이라 습한데 작동도 잘되고 제습이 잘되서 빨래도 보송보송 좋아요^^ 소음은 적어서 좋습니다.",
    "Source": "쇼핑몰",
    "Domain": "가전",
    "MainCategory": "계절가전",
    "ProductName": "뽀송 위닉스 DN3E170-LWK",
    "ReviewScore": "5",
    "Syllable": "54",
    "Word": "12",
    "RDate": "20220706",
    "GeneralPolarity": "1",
    "Aspects": [
      {
        "Aspect": "기능",
        "SentimentText": "장마철이라 습한데 작동도 잘되고 제습이 잘되서 빨래도 보송보송 좋아요^^ ",
        "SentimentWord": "9",
        "SentimentPolarity": "1"
      },
      {
        "Aspect": "소음",
        "SentimentText": "소음은 적어서 좋습니다.",
        "SentimentWord": "3",
        "SentimentPolarity": "1"
      }
    ]
  },
  {
    "Index": "43177",
    "RawText": "2년전부터 엄청 고민하다가 여름 끝나서야 샀는데 왜 일찍 안샀을까 후회되는 가전이네요 ㅠㅠ 드레스룸에 놓고 쓰는데 의류 집중건조기능이 있어서 제습이 잘 되네요~~ 디자인도 깔끔하면서 예뻐서 만족스러워요 다만, 스마트폰으로 연동은 안되서 아쉽네요 ㅠ",
    "Source": "쇼핑몰",
    "Domain": "가전",
    "MainCategory": "계절가전",
    "ProductName": "뽀송 위닉스 DN3E170-LWK",
    "ReviewScore": "5",
    "Syllable": "138",
    "Word": "31",
    "RDate": "20220823",
    "GeneralPolarity": "1",
    "Aspects": [
      {
        "Aspect": "기능",
        "SentimentText": "드레스룸에 놓고 쓰는데 의류 집중건조기능이 있어서 제습이 잘 되네요~~ ",
        "SentimentWord": "9",
        "SentimentPolarity": "1"
      },
      {
        "Aspect": "디자인",
        "SentimentText": "디자인도 깔끔하면서 예뻐서 만족스러워요",
        "SentimentWord": "4",
        "SentimentPolarity": "1"
      },
      {
        "Aspect": "조작성",
        "SentimentText": "스마트폰으로 연동은 안되서 아쉽네요 ㅠ",
        "SentimentWord": "5",
        "SentimentPolarity": "-1"
      }
    ]
  },
  {
    "Index": "43178",
    "RawText": "저렴한 가격에 구매했어요 잘 샀어요~~ 근데 생각한것보다 소음이 커서 좀 아쉽네요",
    "Source": "쇼핑몰",
    "Domain": "가전",
    "MainCategory": "계절가전",
    "ProductName": "뽀송 위닉스 DN3E170-LWK",
    "ReviewScore": "4",
    "Syllable": "45",
    "Word": "11",
    "RDate": "20220628",
    "GeneralPolarity": "0",
    "Aspects": [
      {
        "Aspect": "가격",
        "SentimentText": "저렴한 가격에 구매했어요 잘 샀어요~~",
        "SentimentWord": "5",
        "SentimentPolarity": "1"
      },
      {
        "Aspect": "소음",
        "SentimentText": "생각한것보다 소음이 커서 좀 아쉽네요",
        "SentimentWord": "5",
        "SentimentPolarity": "-1"
      }
    ]
  },
  {
    "Index": "43179",
    "RawText": "소리가 조용한게 넘 맘에 드네요~~ 배송도 하루만에 오고 에너지등급도 1등급이라 환급가능해서 좋네요~  올 여름 잘 사용할것 같아요",
    "Source": "쇼핑몰",
    "Domain": "가전",
    "MainCategory": "계절가전",
    "ProductName": "뽀송 위닉스 DN3E170-LWK",
    "ReviewScore": "5",
    "Syllable": "73",
    "Word": "17",
    "RDate": "20220525",
    "GeneralPolarity": "1",
    "Aspects": [
      {
        "Aspect": "소음",
        "SentimentText": "소리가 조용한게 넘 맘에 드네요~~",
        "SentimentWord": "5",
        "SentimentPolarity": "1"
      },
      {
        "Aspect": "소비전력",
        "SentimentText": "에너지등급도 1등급이라 환급가능해서 좋네요~",
        "SentimentWord": "4",
        "SentimentPolarity": "1"
      }
    ]
  },
  {
    "Index": "43180",
    "RawText": "제습기 성능좋고 습기 잘 잡혀서 정말 좋아요~~~소음은 좀 나지만 참을만해서 만족해요!!",
    "Source": "쇼핑몰",
    "Domain": "가전",
    "MainCategory": "계절가전",
    "ProductName": "뽀송 위닉스 DN3E170-LWK",
    "ReviewScore": "5",
    "Syllable": "49",
    "Word": "11",
    "RDate": "20220807",
    "GeneralPolarity": "1",
    "Aspects": [
      {
        "Aspect": "기능",
        "SentimentText": "제습기 성능좋고 습기 잘 잡혀서 정말 좋아요~~~",
        "SentimentWord": "7",
        "SentimentPolarity": "1"
      },
      {
        "Aspect": "소음",
        "SentimentText": "소음은 좀 나지만 참을만해서 만족해요!!",
        "SentimentWord": "5",
        "SentimentPolarity": "1"
      }
    ]
  },
  {
    "Index": "43181",
    "RawText": "무게가 생각보다 무거워요 가벼운 제품이 만들어지면 더 좋을것 같아요.. 제습용량이 커서 강력해서 제습도 잘 되네요!!",
    "Source": "쇼핑몰",
    "Domain": "가전",
    "MainCategory": "계절가전",
    "ProductName": "뽀송 위닉스 DN3E170-LWK",
    "ReviewScore": "5",
    "Syllable": "65",
    "Word": "15",
    "RDate": "20220811",
    "GeneralPolarity": "0",
    "Aspects": [
      {
        "Aspect": "무게",
        "SentimentText": "무게가 생각보다 무거워요",
        "SentimentWord": "3",
        "SentimentPolarity": "-1"
      },
      {
        "Aspect": "용량",
        "SentimentText": "제습용량이 커서 강력해서 제습도 잘 되네요!!",
        "SentimentWord": "6",
        "SentimentPolarity": "1"
      }
    ]
  },
  {
    "Index": "43182",
    "RawText": "좋은 가격에 득템했어요!!! 의류건조모드로 드레스룸에 사용하니 습도도 잘 잡히고 좋네요!",
    "Source": "쇼핑몰",
    "Domain": "가전",
    "MainCategory": "계절가전",
    "ProductName": "뽀송 위닉스 DN3E170-LWK",
    "ReviewScore": "5",
    "Syllable": "49",
    "Word": "10",
    "RDate": "20220726",
    "GeneralPolarity": "1",
    "Aspects": [
      {
        "Aspect": "가격",
        "SentimentText": "좋은 가격에 득템했어요!!!",
        "SentimentWord": "3",
        "SentimentPolarity": "1"
      },
      {
        "Aspect": "기능",
        "SentimentText": "의류건조모드로 드레스룸에 사용하니 습도도 잘 잡히고 좋네요!",
        "SentimentWord": "7",
        "SentimentPolarity": "1"
      }
    ]
  },
  {
    "Index": "43183",
    "RawText": "지인추천으로 삶의 질 향상하려고 구매했습니다~~소리 전혀 안시끄럽네요 신경쓰일 정도가 아니네요~ 에너지도 1등급이라 전기료걱정없어 좋아요! 장마철에 제습기 덕좀 봐야겠어요~",
    "Source": "쇼핑몰",
    "Domain": "가전",
    "MainCategory": "계절가전",
    "ProductName": "뽀송 위닉스 DN3E170-LWK",
    "ReviewScore": "5",
    "Syllable": "96",
    "Word": "18",
    "RDate": "20220526",
    "GeneralPolarity": "1",
    "Aspects": [
      {
        "Aspect": "소음",
        "SentimentText": "소리 전혀 안시끄럽네요 신경쓰일 정도가 아니네요~",
        "SentimentWord": "6",
        "SentimentPolarity": "1"
      },
      {
        "Aspect": "소비전력",
        "SentimentText": "에너지도 1등급이라 전기료걱정없어 좋아요!",
        "SentimentWord": "4",
        "SentimentPolarity": "1"
      }
    ]
  },
  {
    "Index": "43184",
    "RawText": "제습기 살까 말까 고민하다 신모델로 주문했는데 하자있는 제품으로 받았어요..생각했던 것보다 소음은 좀 있어서 경우에 따라 거슬려요.. 그래도 올 여름은 뽀송하게 보낼수 있을것 같아 좋네요! ",
    "Source": "쇼핑몰",
    "Domain": "가전",
    "MainCategory": "계절가전",
    "ProductName": "뽀송 위닉스 DN3E170-LWK",
    "ReviewScore": "4",
    "Syllable": "106",
    "Word": "24",
    "RDate": "20220608",
    "GeneralPolarity": "-1",
    "Aspects": [
      {
        "Aspect": "품질",
        "SentimentText": "신모델로 주문했는데 하자있는 제품으로 받았어요..",
        "SentimentWord": "5",
        "SentimentPolarity": "-1"
      },
      {
        "Aspect": "소음",
        "SentimentText": " 생각했던 것보다 소음은 좀 있어서 경우에 따라 거슬려요..",
        "SentimentWord": "8",
        "SentimentPolarity": "-1"
      }
    ]
  },
  {
    "Index": "43185",
    "RawText": "OOO가 제습기중에서 신뢰도 높은 브랜드라 구매했는데 역시 잘했네요~  그런데 색상은 투톤인게 좀 저렴해 보여서 맘에는 안드네요",
    "Source": "쇼핑몰",
    "Domain": "가전",
    "MainCategory": "계절가전",
    "ProductName": "뽀송 위닉스 DN3E170-LWK",
    "ReviewScore": "5",
    "Syllable": "71",
    "Word": "16",
    "RDate": "20220702",
    "GeneralPolarity": "0",
    "Aspects": [
      {
        "Aspect": "제조일/제조사",
        "SentimentText": "OOO가 제습기중에서 신뢰도 높은 브랜드라 구매했는데 역시 잘했네요~",
        "SentimentWord": "8",
        "SentimentPolarity": "1"
      },
      {
        "Aspect": "색상",
        "SentimentText": "색상은 투톤인게 좀 저렴해 보여서 맘에는 안드네요",
        "SentimentWord": "7",
        "SentimentPolarity": "-1"
      }
    ]
  },
  {
    "Index": "43188",
    "RawText": "제습기 소움이 너무 크고 시끄러워서 티비시청이 불가능해요ㅠㅠ  다른방에서 문닫고 자는데도 소음때문에 신경이 너무 거슬리고  불편하네요ㅠㅠ",
    "Source": "쇼핑몰",
    "Domain": "가전",
    "MainCategory": "계절가전",
    "ProductName": "뽀송 위닉스 DN3E170-LWK",
    "ReviewScore": "1",
    "Syllable": "76",
    "Word": "15",
    "RDate": "20220615",
    "GeneralPolarity": "-1",
    "Aspects": [
      {
        "Aspect": "소음",
        "SentimentText": "제습기 소움이 너무 크고 시끄러워서 티비시청이 불가능해요ㅠㅠ ",
        "SentimentWord": "7",
        "SentimentPolarity": "-1"
      },
      {
        "Aspect": "소음",
        "SentimentText": "다른방에서 문닫고 자는데도 소음때문에 신경이 너무 거슬리고  불편하네요ㅠㅠ",
        "SentimentWord": "8",
        "SentimentPolarity": "-1"
      }
    ]
  },
  {
    "Index": "43189",
    "RawText": "디자인이 예쁘면서도 라운딩처리 되서 좋네요! 물통 용량도 커서 자주 비우지 않아도 될 것 같아 만족합니다!",
    "Source": "쇼핑몰",
    "Domain": "가전",
    "MainCategory": "계절가전",
    "ProductName": "뽀송 위닉스 DN3E170-LWK",
    "ReviewScore": "4",
    "Syllable": "59",
    "Word": "15",
    "RDate": "20220602",
    "GeneralPolarity": "1",
    "Aspects": [
      {
        "Aspect": "디자인",
        "SentimentText": "디자인이 예쁘면서도 라운딩처리 되서 좋네요!",
        "SentimentWord": "5",
        "SentimentPolarity": "1"
      },
      {
        "Aspect": "용량",
        "SentimentText": "물통 용량도 커서 자주 비우지 않아도 될 것 같아 만족합니다!",
        "SentimentWord": "10",
        "SentimentPolarity": "1"
      }
    ]
  },
  {
    "Index": "43190",
    "RawText": "에너지등급이 1등급이라 맘에 듭니다 물통용량도 6리터로 커서 좋네요!",
    "Source": "쇼핑몰",
    "Domain": "가전",
    "MainCategory": "계절가전",
    "ProductName": "뽀송 위닉스 DN3E170-LWK",
    "ReviewScore": "5",
    "Syllable": "38",
    "Word": "8",
    "RDate": "20220625",
    "GeneralPolarity": "1",
    "Aspects": [
      {
        "Aspect": "소비전력",
        "SentimentText": "에너지등급이 1등급이라 맘에 듭니다",
        "SentimentWord": "4",
        "SentimentPolarity": "1"
      },
      {
        "Aspect": "용량",
        "SentimentText": "물통용량도 6리터로 커서 좋네요!",
        "SentimentWord": "4",
        "SentimentPolarity": "1"
      }
    ]
  },
  {
    "Index": "43191",
    "RawText": "생각보다 소음이 커서 별로예요...작동시 열감이 좀 있네요..",
    "Source": "쇼핑몰",
    "Domain": "가전",
    "MainCategory": "계절가전",
    "ProductName": "뽀송 위닉스 DN3E170-LWK",
    "ReviewScore": "5",
    "Syllable": "34",
    "Word": "7",
    "RDate": "20220722",
    "GeneralPolarity": "-1",
    "Aspects": [
      {
        "Aspect": "소음",
        "SentimentText": "생각보다 소음이 커서 별로예요...",
        "SentimentWord": "4",
        "SentimentPolarity": "-1"
      },
      {
        "Aspect": "내구성",
        "SentimentText": "작동시 열감이 좀 있네요..",
        "SentimentWord": "4",
        "SentimentPolarity": "-1"
      }
    ]
  },
  {
    "Index": "43192",
    "RawText": "디자인이 예쁘면서도 라운딩처리 된게 깔끔해보이네요! 소리도 제습기치고 적고 조용해서 만족합니다!",
    "Source": "쇼핑몰",
    "Domain": "가전",
    "MainCategory": "계절가전",
    "ProductName": "뽀송 위닉스 DN3E170-LWK",
    "ReviewScore": "5",
    "Syllable": "53",
    "Word": "10",
    "RDate": "20220630",
    "GeneralPolarity": "1",
    "Aspects": [
      {
        "Aspect": "디자인",
        "SentimentText": "디자인이 예쁘면서도 라운딩처리 된게 깔끔해보이네요!",
        "SentimentWord": "5",
        "SentimentPolarity": "1"
      },
      {
        "Aspect": "소음",
        "SentimentText": "소리도 제습기치고 적고 조용해서 만족합니다!",
        "SentimentWord": "5",
        "SentimentPolarity": "1"
      }
    ]
  },
  {
    "Index": "43194",
    "RawText": "oo사용하고 있는데 ooo것도 써보고 싶어서 주문했어요. 합리적인 가격으로 구매해서 좋네요~ 디자인도 심플하고 딱 깔끔하네요~ 그런데 물받이 통에 물이 얼마나 차는지 확인이 어려워서 불편하네요.. 소음도 시끄러워서 별로예요",
    "Source": "쇼핑몰",
    "Domain": "가전",
    "MainCategory": "계절가전",
    "ProductName": "뽀송 위닉스 DN3E170-LWK",
    "ReviewScore": "5",
    "Syllable": "124",
    "Word": "26",
    "RDate": "20220802",
    "GeneralPolarity": "0",
    "Aspects": [
      {
        "Aspect": "가격",
        "SentimentText": "합리적인 가격으로 구매해서 좋네요~",
        "SentimentWord": "4",
        "SentimentPolarity": "1"
      },
      {
        "Aspect": "디자인",
        "SentimentText": "디자인도 심플하고 딱 깔끔하네요~ ",
        "SentimentWord": "4",
        "SentimentPolarity": "1"
      },
      {
        "Aspect": "편의성",
        "SentimentText": " 물받이 통에 물이 얼마나 차는지 확인이 어려워서 불편하네요..",
        "SentimentWord": "8",
        "SentimentPolarity": "-1"
      },
      {
        "Aspect": "소음",
        "SentimentText": "소음도 시끄러워서 별로예요 ",
        "SentimentWord": "3",
        "SentimentPolarity": "-1"
      }
    ]
  },
  {
    "Index": "43196",
    "RawText": "디자인이 너무 예쁘면서도 고급져요!! 스위치가 자동으로 앞으로 나오면서 바람이 나오는거 괜찮네용. 무엇보다 마음에 드는건 6리터의 물통용량 덕택에 장마철에도 물통을 자주 비우지 않아도 된다는거~~",
    "Source": "쇼핑몰",
    "Domain": "가전",
    "MainCategory": "계절가전",
    "ProductName": "뽀송 위닉스 DN3E170-LWK",
    "ReviewScore": "5",
    "Syllable": "109",
    "Word": "23",
    "RDate": "20220704",
    "GeneralPolarity": "1",
    "Aspects": [
      {
        "Aspect": "디자인",
        "SentimentText": "디자인이 너무 예쁘면서도 고급져요!!",
        "SentimentWord": "4",
        "SentimentPolarity": "1"
      },
      {
        "Aspect": "용량",
        "SentimentText": "마음에 드는건 6리터의 물통용량 덕택에 장마철에도 물통을 자주 비우지 않아도 된다는거~~",
        "SentimentWord": "11",
        "SentimentPolarity": "1"
      }
    ]
  },
  {
    "Index": "43197",
    "RawText": "소음이 있어서 시끄럽네요 ㅠㅠ 손으로 잡으면 안떨리고 그냥 두면 제습기가 떨려요 마감이 불량이네요..",
    "Source": "쇼핑몰",
    "Domain": "가전",
    "MainCategory": "계절가전",
    "ProductName": "뽀송 위닉스 DN3E170-LWK",
    "ReviewScore": "4",
    "Syllable": "56",
    "Word": "13",
    "RDate": "20220830",
    "GeneralPolarity": "-1",
    "Aspects": [
      {
        "Aspect": "소음",
        "SentimentText": "소음이 있어서 시끄럽네요 ㅠㅠ",
        "SentimentWord": "4",
        "SentimentPolarity": "-1"
      },
      {
        "Aspect": "품질",
        "SentimentText": "손으로 잡으면 안떨리고 그냥 두면 제습기가 떨려요 마감이 불량이네요..",
        "SentimentWord": "9",
        "SentimentPolarity": "-1"
      }
    ]
  },
  {
    "Index": "43198",
    "RawText": "000 제습기 제습력이 정말 탁월해서 만족해요!! 물차는거 보고 놀랐어요^^ 소음은 조금 있지만 신경은 안쓰여요^^",
    "Source": "쇼핑몰",
    "Domain": "가전",
    "MainCategory": "계절가전",
    "ProductName": "뽀송 위닉스 DN3E170-LWK",
    "ReviewScore": "5",
    "Syllable": "64",
    "Word": "14",
    "RDate": "20220609",
    "GeneralPolarity": "1",
    "Aspects": [
      {
        "Aspect": "기능",
        "SentimentText": "000 제습기 제습력이 정말 탁월해서 만족해요!! 물차는거 보고 놀랐어요^^",
        "SentimentWord": "9",
        "SentimentPolarity": "1"
      },
      {
        "Aspect": "소음",
        "SentimentText": "소음은 조금 있지만 신경은 안쓰여요^^",
        "SentimentWord": "5",
        "SentimentPolarity": "1"
      }
    ]
  },
  {
    "Index": "43199",
    "RawText": "가격이 적당해서 구매했어요^^ 제습이 잘되고 성능이 좋아서 잘 샀어요~",
    "Source": "쇼핑몰",
    "Domain": "가전",
    "MainCategory": "계절가전",
    "ProductName": "뽀송 위닉스 DN3E170-LWK",
    "ReviewScore": "5",
    "Syllable": "39",
    "Word": "9",
    "RDate": "20220823",
    "GeneralPolarity": "1",
    "Aspects": [
      {
        "Aspect": "가격",
        "SentimentText": "가격이 적당해서 구매했어요^^",
        "SentimentWord": "3",
        "SentimentPolarity": "1"
      },
      {
        "Aspect": "기능",
        "SentimentText": "제습이 잘되고 성능이 좋아서 잘 샀어요~",
        "SentimentWord": "6",
        "SentimentPolarity": "1"
      }
    ]
  },
  {
    "Index": "43201",
    "RawText": "제습기 처음 사용하는데 좋네요. 제습속도가 빨라서 금방 보송해져요!! 이왕 사는거 용량이 큰거로 구매해서 맘에 들어요.",
    "Source": "쇼핑몰",
    "Domain": "가전",
    "MainCategory": "계절가전",
    "ProductName": "뽀송 위닉스 DN3E170-LWK",
    "ReviewScore": "5",
    "Syllable": "66",
    "Word": "15",
    "RDate": "20220713",
    "GeneralPolarity": "1",
    "Aspects": [
      {
        "Aspect": "기능",
        "SentimentText": "제습기 처음 사용하는데 좋네요. 제습속도가 빨라서 금방 보송해져요!!",
        "SentimentWord": "8",
        "SentimentPolarity": "1"
      },
      {
        "Aspect": "용량",
        "SentimentText": "이왕 사는거 용량이 큰거로 구매해서 맘에 들어요.",
        "SentimentWord": "7",
        "SentimentPolarity": "1"
      }
    ]
  },
  {
    "Index": "43202",
    "RawText": "잠깐 가동했는데도 보송하니 제습능력이 탁월하네요!! 소음은 꽤 크지만 습기때문에 불편한거에 비하면 참을 수 있어요.",
    "Source": "쇼핑몰",
    "Domain": "가전",
    "MainCategory": "계절가전",
    "ProductName": "뽀송 위닉스 DN3E170-LWK",
    "ReviewScore": "5",
    "Syllable": "64",
    "Word": "14",
    "RDate": "20220627",
    "GeneralPolarity": "1",
    "Aspects": [
      {
        "Aspect": "기능",
        "SentimentText": "잠깐 가동했는데도 보송하니 제습능력이 탁월하네요!! ",
        "SentimentWord": "5",
        "SentimentPolarity": "1"
      },
      {
        "Aspect": "소음",
        "SentimentText": "소음은 꽤 크지만 습기때문에 불편한거에 비하면 참을 수 있어요.",
        "SentimentWord": "9",
        "SentimentPolarity": "1"
      }
    ]
  },
  {
    "Index": "43203",
    "RawText": "제습기 성능이 확실해서 굽굽함도 없고 빨래도 금방 말라서 정말 좋아요.강력추천!! 소음이 좀 크게 나는게 흠이네요ㅜ",
    "Source": "쇼핑몰",
    "Domain": "가전",
    "MainCategory": "계절가전",
    "ProductName": "뽀송 위닉스 DN3E170-LWK",
    "ReviewScore": "4",
    "Syllable": "64",
    "Word": "15",
    "RDate": "20220809",
    "GeneralPolarity": "0",
    "Aspects": [
      {
        "Aspect": "기능",
        "SentimentText": "제습기 성능이 확실해서 굽굽함도 없고 빨래도 금방 말라서 정말 좋아요.강력추천!!",
        "SentimentWord": "10",
        "SentimentPolarity": "1"
      },
      {
        "Aspect": "소음",
        "SentimentText": "소음이 좀 크게 나는게 흠이네요ㅜ ",
        "SentimentWord": "5",
        "SentimentPolarity": "-1"
      }
    ]
  },
  {
    "Index": "43204",
    "RawText": "자동제습기능이 있어서 습기찰때 알아서 제습이 되니 하루종일 뽀송뽀송함을 느낄 수 있어 만족합니다. 소음이 적어서 시끄럽지 않아 좋네요. 이동손잡이가 있어서 옮기기 편해요.  깔끔한 디자인이 어디에 놓든 인테리어 효과에 도움을 주어 마음에 듭니다.",
    "Source": "쇼핑몰",
    "Domain": "가전",
    "MainCategory": "계절가전",
    "ProductName": "뽀송 위닉스 DN3E170-LWK",
    "ReviewScore": "5",
    "Syllable": "137",
    "Word": "31",
    "RDate": "20220826",
    "GeneralPolarity": "1",
    "Aspects": [
      {
        "Aspect": "기능",
        "SentimentText": "자동제습기능이 있어서 습기찰때 알아서 제습이 되니 하루종일 뽀송뽀송함을 느낄 수 있어 만족합니다.",
        "SentimentWord": "12",
        "SentimentPolarity": "1"
      },
      {
        "Aspect": "소음",
        "SentimentText": "소음이 적어서 시끄럽지 않아 좋네요.",
        "SentimentWord": "5",
        "SentimentPolarity": "1"
      },
      {
        "Aspect": "편의성",
        "SentimentText": "이동손잡이가 있어서 옮기기 편해요. ",
        "SentimentWord": "4",
        "SentimentPolarity": "1"
      },
      {
        "Aspect": "디자인",
        "SentimentText": "깔끔한 디자인이 어디에 놓든 인테리어 효과에 도움을 주어 마음에 듭니다.",
        "SentimentWord": "10",
        "SentimentPolarity": "1"
      }
    ]
  },
  {
    "Index": "43205",
    "RawText": "성능좋고 더운 바람으로 집이 후끈해도 제습이 잘되서 만족해요~  소음은 크게 납니다ㅜ",
    "Source": "쇼핑몰",
    "Domain": "가전",
    "MainCategory": "계절가전",
    "ProductName": "뽀송 위닉스 DN3E170-LWK",
    "ReviewScore": "3",
    "Syllable": "47",
    "Word": "11",
    "RDate": "20220708",
    "GeneralPolarity": "0",
    "Aspects": [
      {
        "Aspect": "기능",
        "SentimentText": "성능좋고 더운 바람으로 집이 후끈해도 제습이 잘되서 만족해요~",
        "SentimentWord": "8",
        "SentimentPolarity": "1"
      },
      {
        "Aspect": "소음",
        "SentimentText": "소음은 크게 납니다ㅜ",
        "SentimentWord": "3",
        "SentimentPolarity": "-1"
      }
    ]
  },
  {
    "Index": "43206",
    "RawText": "제습이 잘되서 보송보송 효과가 좋아요!  타이머 세팅이 가능해서 외출시 1-2시간 예약을 해두면  편리한 것 같아요. 소음은 조금 있지만 괜찮네요^^",
    "Source": "쇼핑몰",
    "Domain": "가전",
    "MainCategory": "계절가전",
    "ProductName": "뽀송 위닉스 DN3E170-LWK",
    "ReviewScore": "5",
    "Syllable": "83",
    "Word": "19",
    "RDate": "20220718",
    "GeneralPolarity": "1",
    "Aspects": [
      {
        "Aspect": "기능",
        "SentimentText": "제습이 잘되서 보송보송 효과가 좋아요! ",
        "SentimentWord": "5",
        "SentimentPolarity": "1"
      },
      {
        "Aspect": "편의성",
        "SentimentText": "타이머 세팅이 가능해서 외출시 1-2시간 예약을 해두면  편리한 것 같아요. ",
        "SentimentWord": "10",
        "SentimentPolarity": "1"
      },
      {
        "Aspect": "소음",
        "SentimentText": " 소음은 조금 있지만 괜찮네요^^",
        "SentimentWord": "4",
        "SentimentPolarity": "1"
      }
    ]
  },
  {
    "Index": "43209",
    "RawText": "제품 제습력은 매우 우수해서 마음에 듭니다..  다만 자동배수 사용할때 끼우는 키트를 제가 별도로 비용내고 사야 한다니.. 상당히 불쾌하네요. ㅜ",
    "Source": "쇼핑몰",
    "Domain": "가전",
    "MainCategory": "계절가전",
    "ProductName": "뽀송 위닉스 DN3E170-LWK",
    "ReviewScore": "4",
    "Syllable": "81",
    "Word": "19",
    "RDate": "20220803",
    "GeneralPolarity": "0",
    "Aspects": [
      {
        "Aspect": "기능",
        "SentimentText": "제품 제습력은 매우 우수해서 마음에 듭니다.. ",
        "SentimentWord": "6",
        "SentimentPolarity": "1"
      },
      {
        "Aspect": "제품구성",
        "SentimentText": "다만 자동배수 사용할때 끼우는 키트를 제가 별도로 비용내고 사야 한다니.. 상당히 불쾌하네요. ㅜ ",
        "SentimentWord": "13",
        "SentimentPolarity": "-1"
      }
    ]
  },
  {
    "Index": "43210",
    "RawText": "실망이에요.. 왜케 작동 소리가 큰가요.. ㅜ 안 좋네요.. ㅜ  또 색상도 실물이 훨씬 안 예뻐요.. 화이트가 아니라 누런 아이보리색 ㅜ 슬프네요.",
    "Source": "쇼핑몰",
    "Domain": "가전",
    "MainCategory": "계절가전",
    "ProductName": "뽀송 위닉스 DN3E170-LWK",
    "ReviewScore": "4",
    "Syllable": "83",
    "Word": "21",
    "RDate": "20220622",
    "GeneralPolarity": "-1",
    "Aspects": [
      {
        "Aspect": "소음",
        "SentimentText": "실망이에요.. 왜케 작동 소리가 큰가요.. ㅜ 안 좋네요.. ㅜ ",
        "SentimentWord": "9",
        "SentimentPolarity": "-1"
      },
      {
        "Aspect": "색상",
        "SentimentText": "또 색상도 실물이 훨씬 안 예뻐요.. 화이트가 아니라 누런 아이보리색 ㅜ 슬프네요. ",
        "SentimentWord": "12",
        "SentimentPolarity": "-1"
      }
    ]
  },
  {
    "Index": "43211",
    "RawText": "작동할때 살짝 소음이 느껴지지만 불편하지 않은 정도라 괜찮아요.. 쏘쏘 물이 가득 찼을때 물통 꺼내고 비우는 과정이 쉬워서 만족해요.",
    "Source": "쇼핑몰",
    "Domain": "가전",
    "MainCategory": "계절가전",
    "ProductName": "뽀송 위닉스 DN3E170-LWK",
    "ReviewScore": "5",
    "Syllable": "74",
    "Word": "18",
    "RDate": "20220702",
    "GeneralPolarity": "0",
    "Aspects": [
      {
        "Aspect": "소음",
        "SentimentText": "작동할때 살짝 소음이 느껴지지만 불편하지 않은 정도라 괜찮아요.. 쏘쏘",
        "SentimentWord": "9",
        "SentimentPolarity": "0"
      },
      {
        "Aspect": "조작성",
        "SentimentText": "물이 가득 찼을때 물통 꺼내고 비우는 과정이 쉬워서 만족해요. ",
        "SentimentWord": "9",
        "SentimentPolarity": "1"
      }
    ]
  },
  {
    "Index": "43212",
    "RawText": "본체 윗 부분의 슬라이드 덮개 쪽에서 시끄러운 진동 소음이 발생해서 불편하고 실망스럽네요 ㅜ  또 제품 표면이 거칠거리고 흡집도 몇 군데 발견돼서 반품하고 싶음.  ㅜ 대실망이네요.",
    "Source": "쇼핑몰",
    "Domain": "가전",
    "MainCategory": "계절가전",
    "ProductName": "뽀송 위닉스 DN3E170-LWK",
    "ReviewScore": "4",
    "Syllable": "101",
    "Word": "25",
    "RDate": "20220806",
    "GeneralPolarity": "-1",
    "Aspects": [
      {
        "Aspect": "소음",
        "SentimentText": "본체 윗 부분의 슬라이드 덮개 쪽에서 시끄러운 진동 소음이 발생해서 불편하고 실망스럽네요 ㅜ ",
        "SentimentWord": "13",
        "SentimentPolarity": "-1"
      },
      {
        "Aspect": "품질",
        "SentimentText": "또 제품 표면이 거칠거리고 흡집도 몇 군데 발견돼서 반품하고 싶음.  ㅜ 대실망이네요.",
        "SentimentWord": "12",
        "SentimentPolarity": "-1"
      }
    ]
  }
]