[
  {
    "Index": "3175",
    "RawText": "성능은 좋으나 소음이 좀 심합니다.  그나름 가성비는 좋아요.",
    "Source": "SNS",
    "Domain": "가전",
    "MainCategory": "계절가전",
    "ProductName": "K_스위스밀리터리 에어 서큘레이터 (BEL-10C-A)",
    "ReviewScore": "100",
    "Syllable": "34",
    "Word": "8",
    "RDate": "20190801",
    "GeneralPolarity": "1",
    "Aspects": [
      {
        "Aspect": "기능",
        "SentimentText": "성능은 좋으나",
        "SentimentWord": "2",
        "SentimentPolarity": "1"
      },
      {
        "Aspect": "소음",
        "SentimentText": "소음이 좀 심합니다.",
        "SentimentWord": "3",
        "SentimentPolarity": "-1"
      },
      {
        "Aspect": "가격",
        "SentimentText": "가성비는 좋아요.",
        "SentimentWord": "2",
        "SentimentPolarity": "1"
      }
    ]
  },
  {
    "Index": "3176",
    "RawText": "소리가 큰것 같기도 하지만 회전약으로 틀면 무난합니다. 공기순환도 잘되는것 같고 가격도 좋고. 좋아요!",
    "Source": "SNS",
    "Domain": "가전",
    "MainCategory": "계절가전",
    "ProductName": "K_스위스밀리터리 에어 서큘레이터 (BEL-10C-A)",
    "ReviewScore": "100",
    "Syllable": "57",
    "Word": "13",
    "RDate": "20190721",
    "GeneralPolarity": "1",
    "Aspects": [
      {
        "Aspect": "소음",
        "SentimentText": "소리가 큰것 같기도 하지만 회전약으로 틀면 무난합니다",
        "SentimentWord": "7",
        "SentimentPolarity": "0"
      },
      {
        "Aspect": "기능",
        "SentimentText": "공기순환도 잘되는것 같고",
        "SentimentWord": "3",
        "SentimentPolarity": "1"
      },
      {
        "Aspect": "가격",
        "SentimentText": "가격도 좋고. 좋아요!",
        "SentimentWord": "3",
        "SentimentPolarity": "1"
      }
    ]
  },
  {
    "Index": "3177",
    "RawText": "소음도 작고 시원하니 좋아요~~디자인 귀엽고 굿입니다^^",
    "Source": "SNS",
    "Domain": "가전",
    "MainCategory": "계절가전",
    "ProductName": "K_스위스밀리터리 에어 서큘레이터 (BEL-10C-A)",
    "ReviewScore": "100",
    "Syllable": "31",
    "Word": "6",
    "RDate": "20190709",
    "GeneralPolarity": "1",
    "Aspects": [
      {
        "Aspect": "소음",
        "SentimentText": "소음도 작고",
        "SentimentWord": "2",
        "SentimentPolarity": "1"
      },
      {
        "Aspect": "기능",
        "SentimentText": "시원하니 좋아요~~",
        "SentimentWord": "2",
        "SentimentPolarity": "1"
      },
      {
        "Aspect": "디자인",
        "SentimentText": "디자인 귀엽고 굿입니다^^",
        "SentimentWord": "3",
        "SentimentPolarity": "1"
      }
    ]
  },
  {
    "Index": "3178",
    "RawText": "소음은 조금  발생하지만  그런데로  좋아요  가격대비 굿~",
    "Source": "SNS",
    "Domain": "가전",
    "MainCategory": "계절가전",
    "ProductName": "K_스위스밀리터리 에어 서큘레이터 (BEL-10C-A)",
    "ReviewScore": "80",
    "Syllable": "33",
    "Word": "7",
    "RDate": "20190710",
    "GeneralPolarity": "1",
    "Aspects": [
      {
        "Aspect": "소음",
        "SentimentText": "소음은 조금  발생하지만  그런데로  좋아요",
        "SentimentWord": "5",
        "SentimentPolarity": "0"
      },
      {
        "Aspect": "가격",
        "SentimentText": "가격대비 굿~",
        "SentimentWord": "2",
        "SentimentPolarity": "1"
      }
    ]
  },
  {
    "Index": "3179",
    "RawText": "소음이 상당 하네요ㅠ 1단 해놈 그닥 시원하지 않아서  2,3단 하고 싶어도 소리가 너무 시끄러워서 1단 해놓고 자는데도 시끄럽네요 소리만 조금덜 낫으면 좋았을것 같아요 그래도 이가격에 회전되어서 좋아요~^^ ",
    "Source": "SNS",
    "Domain": "가전",
    "MainCategory": "계절가전",
    "ProductName": "K_스위스밀리터리 에어 서큘레이터 (BEL-10C-A)",
    "ReviewScore": "80",
    "Syllable": "117",
    "Word": "27",
    "RDate": "20190709",
    "GeneralPolarity": "0",
    "Aspects": [
      {
        "Aspect": "소음",
        "SentimentText": "소음이 상당 하네요ㅠ",
        "SentimentWord": "3",
        "SentimentPolarity": "-1"
      },
      {
        "Aspect": "가격",
        "SentimentText": "이가격에 회전되어서 좋아요~^^",
        "SentimentWord": "3",
        "SentimentPolarity": "1"
      },
      {
        "Aspect": "기능",
        "SentimentText": "1단 해놈 그닥 시원하지 않아서  2,3단 하고 싶어도 소리가 너무 시끄러워서 1단 해놓고 자는데도 시끄럽네요",
        "SentimentWord": "15",
        "SentimentPolarity": "-1"
      },
      {
        "Aspect": "소음",
        "SentimentText": "2,3단 하고 싶어도 소리가 너무 시끄러워서 1단 해놓고 자는데도 시끄럽네요",
        "SentimentWord": "10",
        "SentimentPolarity": "-1"
      }
    ]
  },
  {
    "Index": "3180",
    "RawText": "소음이 있어서 조금 불편한데 그래도 마음에 들어요  예쁜 디자인 좋아요  생각보다 작아요 좀더 크면 좋겠네요 그래도 좋아요  잘 쓰겠습니다",
    "Source": "SNS",
    "Domain": "가전",
    "MainCategory": "계절가전",
    "ProductName": "K_스위스밀리터리 에어 서큘레이터 (BEL-10C-A)",
    "ReviewScore": "100",
    "Syllable": "77",
    "Word": "19",
    "RDate": "20190725",
    "GeneralPolarity": "1",
    "Aspects": [
      {
        "Aspect": "소음",
        "SentimentText": "소음이 있어서 조금 불편한데",
        "SentimentWord": "4",
        "SentimentPolarity": "0"
      },
      {
        "Aspect": "디자인",
        "SentimentText": "예쁜 디자인 좋아요",
        "SentimentWord": "3",
        "SentimentPolarity": "1"
      },
      {
        "Aspect": "사이즈",
        "SentimentText": "생각보다 작아요 좀더 크면 좋겠네요  그래도 좋아요 ",
        "SentimentWord": "7",
        "SentimentPolarity": "1"
      }
    ]
  },
  {
    "Index": "3181",
    "RawText": "소음이 좀 있고. 로터리식 동작 방식에 기능 배치가 좀 불편해요 회전중 풍량 조절하기 힘들고. 멈춘 상탸에서 좌우 방향 전환은 안되네요 구입 가격댜비 성능은 만족합니다",
    "Source": "SNS",
    "Domain": "가전",
    "MainCategory": "계절가전",
    "ProductName": "K_스위스밀리터리 에어 서큘레이터 (BEL-10C-A)",
    "ReviewScore": "80",
    "Syllable": "93",
    "Word": "24",
    "RDate": "20190718",
    "Aspects": [
      {
        "Aspect": "소음",
        "SentimentText": "소음이 좀 있고. ",
        "SentimentWord": "3",
        "SentimentPolarity": "-1"
      },
      {
        "Aspect": "편의성",
        "SentimentText": "로터리식 동작 방식에 기능 배치가 좀 불편해요",
        "SentimentWord": "7",
        "SentimentPolarity": "-1"
      },
      {
        "Aspect": "조작성",
        "SentimentText": "회전중 풍량 조절하기 힘들고. 멈춘 상탸에서 좌우 방향 전환은 안되네요",
        "SentimentWord": "10",
        "SentimentPolarity": "-1"
      },
      {
        "Aspect": "가격",
        "SentimentText": "구입 가격댜비 성능은 만족합니다",
        "SentimentWord": "4",
        "SentimentPolarity": "1"
      }
    ]
  },
  {
    "Index": "3182",
    "RawText": "사이즈는 작아 사용하기 딱이예요. 시원하고  일반선풍기에 비해  강하고  좋은데요",
    "Source": "SNS",
    "Domain": "가전",
    "MainCategory": "계절가전",
    "ProductName": "K_스위스밀리터리 에어 서큘레이터 (BEL-10C-A)",
    "ReviewScore": "100",
    "Syllable": "45",
    "Word": "9",
    "RDate": "20190723",
    "GeneralPolarity": "1",
    "Aspects": [
      {
        "Aspect": "기능",
        "SentimentText": "사이즈는 작아 사용하기 딱이예요.",
        "SentimentWord": "4",
        "SentimentPolarity": "1"
      },
      {
        "Aspect": "기능",
        "SentimentText": "시원하고 일반선풍기에 비해  강하고  좋은데요",
        "SentimentWord": "5",
        "SentimentPolarity": "1"
      }
    ]
  },
  {
    "Index": "3183",
    "RawText": "싸기에 구입했으니 이것저것 바라는건 욕심이란거 압니다. 하지만 타이머 기능이 있었음하는 아쉬움은 있습니다. 소음도 좀 있어요. 많이 거슬리지는 않아요. 꼭 옛날 사용하던 벽걸이 선풍기 정도의 기능만 가지고 있네요.",
    "Source": "SNS",
    "Domain": "가전",
    "MainCategory": "계절가전",
    "ProductName": "K_스위스밀리터리 에어 서큘레이터 (BEL-10C-A)",
    "ReviewScore": "60",
    "Syllable": "119",
    "Word": "27",
    "RDate": "20190713",
    "GeneralPolarity": "0",
    "Aspects": [
      {
        "Aspect": "조작성",
        "SentimentText": "타이머 기능이 있었음하는 아쉬움은 있습니다",
        "SentimentWord": "5",
        "SentimentPolarity": "0"
      },
      {
        "Aspect": "소음",
        "SentimentText": " 소음도 좀 있어요. 많이 거슬리지는 않아요. ",
        "SentimentWord": "6",
        "SentimentPolarity": "0"
      },
      {
        "Aspect": "기능",
        "SentimentText": "옛날 사용하던 벽걸이 선풍기 정도의 기능만 가지고 있네요.",
        "SentimentWord": "8",
        "SentimentPolarity": "0"
      }
    ]
  },
  {
    "Index": "3184",
    "RawText": "완전시원하고 좋네요 혼자쓰면 뼈때릴정도로 시원해요 회전하면 그냥저냥 이지만 혼자 쓰면 에어컨필요없을듯",
    "Source": "SNS",
    "Domain": "가전",
    "MainCategory": "계절가전",
    "ProductName": "K_스위스밀리터리 에어 서큘레이터 (BEL-10C-A)",
    "ReviewScore": "100",
    "Syllable": "56",
    "Word": "11",
    "RDate": "20190719",
    "GeneralPolarity": "1",
    "Aspects": [
      {
        "Aspect": "기능",
        "SentimentText": "완전시원하고 좋네요 ",
        "SentimentWord": "2",
        "SentimentPolarity": "1"
      },
      {
        "Aspect": "기능",
        "SentimentText": " 그냥저냥 이지만 혼자 쓰면 에어컨필요없을듯",
        "SentimentWord": "5",
        "SentimentPolarity": "0"
      }
    ]
  },
  {
    "Index": "3185",
    "RawText": "작년에 7만원 주고 산 타사 제품보다 좋아보입니다. 리몬콘 시스템이  안되어서 불편해요 디자인이 귀엽고 성능도 말할필요없어요 짱!. 감사합니다 ^^",
    "Source": "SNS",
    "Domain": "가전",
    "MainCategory": "계절가전",
    "ProductName": "K_스위스밀리터리 에어 서큘레이터 (BEL-10C-A)",
    "ReviewScore": "100",
    "Syllable": "82",
    "Word": "18",
    "RDate": "20190806",
    "GeneralPolarity": "1",
    "Aspects": [
      {
        "Aspect": "편의성",
        "SentimentText": "리몬콘 시스템이  안되어서 불편해요",
        "SentimentWord": "4",
        "SentimentPolarity": "0"
      },
      {
        "Aspect": "디자인",
        "SentimentText": "디자인이 귀엽고 ",
        "SentimentWord": "2",
        "SentimentPolarity": "1"
      },
      {
        "Aspect": "기능",
        "SentimentText": "성능도 말할필요없어요 짱!. ",
        "SentimentWord": "3",
        "SentimentPolarity": "1"
      }
    ]
  },
  {
    "Index": "3186",
    "RawText": "원하던 작은 크기예요. 바람성능은 좋으네요. 소음은 좀 있지만 그리 신경거슬릴정도는 아닙니다. 책상위에 놓고 공부할때 사용하긴 딱 이에요",
    "Source": "SNS",
    "Domain": "가전",
    "MainCategory": "계절가전",
    "ProductName": "K_스위스밀리터리 에어 서큘레이터 (BEL-10C-A)",
    "ReviewScore": "100",
    "Syllable": "76",
    "Word": "17",
    "RDate": "20190702",
    "GeneralPolarity": "1",
    "Aspects": [
      {
        "Aspect": "사이즈",
        "SentimentText": " 원하던 작은 크기예요.",
        "SentimentWord": "3",
        "SentimentPolarity": "1"
      },
      {
        "Aspect": "기능",
        "SentimentText": "바람성능은 좋으네요.",
        "SentimentWord": "2",
        "SentimentPolarity": "0"
      },
      {
        "Aspect": "소음",
        "SentimentText": "소음은 좀 있지만 그리 신경거슬릴정도는 아닙니다.",
        "SentimentWord": "6",
        "SentimentPolarity": "0"
      }
    ]
  },
  {
    "Index": "3187",
    "RawText": "생각보다 작지만 파워짱 바람도 시원 강하고 넘 좋아요~2개째 샀네요",
    "Source": "SNS",
    "Domain": "가전",
    "MainCategory": "계절가전",
    "ProductName": "K_스위스밀리터리 에어 서큘레이터 (BEL-10C-A)",
    "ReviewScore": "80",
    "Syllable": "37",
    "Word": "9",
    "RDate": "20190708",
    "GeneralPolarity": "1",
    "Aspects": [
      {
        "Aspect": "기능",
        "SentimentText": "생각보다 작지만 파워짱",
        "SentimentWord": "3",
        "SentimentPolarity": "1"
      },
      {
        "Aspect": "기능",
        "SentimentText": "바람도 시원 강하고 넘 좋아요~",
        "SentimentWord": "5",
        "SentimentPolarity": "1"
      }
    ]
  },
  {
    "Index": "3188",
    "RawText": "작아서 들고 다니기 편하고 착한가격에 잘 샀어요",
    "Source": "SNS",
    "Domain": "가전",
    "MainCategory": "계절가전",
    "ProductName": "K_스위스밀리터리 에어 서큘레이터 (BEL-10C-A)",
    "ReviewScore": "100",
    "Syllable": "26",
    "Word": "7",
    "RDate": "20190713",
    "GeneralPolarity": "1",
    "Aspects": [
      {
        "Aspect": "편의성",
        "SentimentText": "작아서 들고 다니기 편하고",
        "SentimentWord": "4",
        "SentimentPolarity": "1"
      },
      {
        "Aspect": "가격",
        "SentimentText": "착한가격에 잘 샀어요",
        "SentimentWord": "3",
        "SentimentPolarity": "1"
      }
    ]
  },
  {
    "Index": "3189",
    "RawText": "작아서 조금은 바람 새기가 어떨까 생각했는데 받고보니 작기는 아주 귀엽게 생겼는데 바람은 아주 만족하게 셉니다 잘 샀어요 ᆢ하나 더 구매 할라구요 ~^^",
    "Source": "SNS",
    "Domain": "가전",
    "MainCategory": "계절가전",
    "ProductName": "K_스위스밀리터리 에어 서큘레이터 (BEL-10C-A)",
    "ReviewScore": "100",
    "Syllable": "85",
    "Word": "22",
    "RDate": "20190715",
    "GeneralPolarity": "1",
    "Aspects": [
      {
        "Aspect": "사이즈",
        "SentimentText": "작기는 아주 귀엽게 생겼는데",
        "SentimentWord": "4",
        "SentimentPolarity": "1"
      },
      {
        "Aspect": "기능",
        "SentimentText": "바람은 아주 만족하게 셉니다 잘 샀어요",
        "SentimentWord": "6",
        "SentimentPolarity": "1"
      }
    ]
  },
  {
    "Index": "3190",
    "RawText": "작은게 바람 멀리까지 보내고 좋은데 소음이 심하네요",
    "Source": "SNS",
    "Domain": "가전",
    "MainCategory": "계절가전",
    "ProductName": "K_스위스밀리터리 에어 서큘레이터 (BEL-10C-A)",
    "ReviewScore": "80",
    "Syllable": "28",
    "Word": "7",
    "RDate": "20190717",
    "Aspects": [
      {
        "Aspect": "기능",
        "SentimentText": "작은게 바람 멀리까지 보내고 좋은데",
        "SentimentWord": "5",
        "SentimentPolarity": "1"
      },
      {
        "Aspect": "소음",
        "SentimentText": "소음이 심하네요",
        "SentimentWord": "2",
        "SentimentPolarity": "-1"
      }
    ]
  },
  {
    "Index": "3191",
    "RawText": "생각보다 작지만^^ 바람이 엄청시원하고 좌우로 회전가능해 넘좀다",
    "Source": "SNS",
    "Domain": "가전",
    "MainCategory": "계절가전",
    "ProductName": "K_스위스밀리터리 에어 서큘레이터 (BEL-10C-A)",
    "ReviewScore": "100",
    "Syllable": "35",
    "Word": "7",
    "RDate": "20190722",
    "Aspects": [
      {
        "Aspect": "사이즈",
        "SentimentText": "생각보다 작지만^^",
        "SentimentWord": "2",
        "SentimentPolarity": "1"
      },
      {
        "Aspect": "기능",
        "SentimentText": "바람이 엄청시원하고",
        "SentimentWord": "2",
        "SentimentPolarity": "1"
      },
      {
        "Aspect": "기능",
        "SentimentText": " 좌우로 회전가능해 넘좀다",
        "SentimentWord": "3",
        "SentimentPolarity": "1"
      }
    ]
  },
  {
    "Index": "3192",
    "RawText": "저렴하게 구매했는데 바람이 쎄지는 않아 선풍기대용으로 사용합니다.",
    "Source": "SNS",
    "Domain": "가전",
    "MainCategory": "계절가전",
    "ProductName": "K_스위스밀리터리 에어 서큘레이터 (BEL-10C-A)",
    "ReviewScore": "80",
    "Syllable": "36",
    "Word": "7",
    "RDate": "20190723",
    "GeneralPolarity": "0",
    "Aspects": [
      {
        "Aspect": "가격",
        "SentimentText": "저렴하게 구매했는데",
        "SentimentWord": "2",
        "SentimentPolarity": "1"
      },
      {
        "Aspect": "품질",
        "SentimentText": "바람이 쎄지는 않아 선풍기대용으로 사용합니다.",
        "SentimentWord": "5",
        "SentimentPolarity": "0"
      }
    ]
  },
  {
    "Index": "3193",
    "RawText": "조그마고예펴요 우리딸이 넝수좋아해요 작은데도 힘이엄청좋다며귀여웅션서서 바람의세기가 좋으네요많은권장 하네요가격도착하고요",
    "Source": "SNS",
    "Domain": "가전",
    "MainCategory": "계절가전",
    "ProductName": "K_스위스밀리터리 에어 서큘레이터 (BEL-10C-A)",
    "ReviewScore": "100",
    "Syllable": "65",
    "Word": "8",
    "RDate": "20190719",
    "GeneralPolarity": "1",
    "Aspects": [
      {
        "Aspect": "기능",
        "SentimentText": "바람의세기가 좋으네요",
        "SentimentWord": "2",
        "SentimentPolarity": "1"
      },
      {
        "Aspect": "가격",
        "SentimentText": "가격도착하고요",
        "SentimentWord": "1",
        "SentimentPolarity": "1"
      }
    ]
  },
  {
    "Index": "3194",
    "RawText": "평들을 보고 살짝 걱정스럽긴 했는데 막상 받아서 사용해보니 그 작은 크기로 그만한 바람을 만들기 위해 약간의 소음이 있는것 같아요 가격대비 성능에 저는 만족스럽니다",
    "Source": "SNS",
    "Domain": "가전",
    "MainCategory": "계절가전",
    "ProductName": "K_스위스밀리터리 에어 서큘레이터 (BEL-10C-A)",
    "ReviewScore": "100",
    "Syllable": "91",
    "Word": "23",
    "RDate": "20190713",
    "GeneralPolarity": "1",
    "Aspects": [
      {
        "Aspect": "사이즈",
        "SentimentText": "작은 크기로 그만한 바람을 만들기 위해 약간의 소음이 있는것 같아요",
        "SentimentWord": "10",
        "SentimentPolarity": "1"
      },
      {
        "Aspect": "소음",
        "SentimentText": "바람을 만들기 위해 약간의 소음이 있는것 같아요",
        "SentimentWord": "7",
        "SentimentPolarity": "1"
      },
      {
        "Aspect": "가격",
        "SentimentText": "가격대비 성능에 저는 만족스럽니다",
        "SentimentWord": "4",
        "SentimentPolarity": "1"
      }
    ]
  },
  {
    "Index": "3195",
    "RawText": "2개째 주문했는데~ 자그마한게 아주 당차요~ 주방에서 사용할때나 방바닥에누워 사용할때나~ 딱 눈높이네요♥♥ 저렴한 가격에 아주 맘에들어요~ ",
    "Source": "SNS",
    "Domain": "가전",
    "MainCategory": "계절가전",
    "ProductName": "K_스위스밀리터리 에어 서큘레이터 블랙/화이트 BEL-10C-A",
    "ReviewScore": "100",
    "Syllable": "78",
    "Word": "15",
    "RDate": "20190816",
    "GeneralPolarity": "1",
    "Aspects": [
      {
        "Aspect": "사이즈",
        "SentimentText": "자그마한게 아주 당차요~",
        "SentimentWord": "3",
        "SentimentPolarity": "1"
      },
      {
        "Aspect": "가격",
        "SentimentText": "저렴한 가격에 아주 맘에들어요~",
        "SentimentWord": "4",
        "SentimentPolarity": "1"
      }
    ]
  },
  {
    "Index": "3196",
    "RawText": "다른  사이트보다 많이 싸게사서 아주 만족해요. 그런데 소음은 약간 있음. 모양도 예쁘고 튼튼해 보여 좋아요. 바람도 만족",
    "Source": "SNS",
    "Domain": "가전",
    "MainCategory": "계절가전",
    "ProductName": "K_스위스밀리터리 에어 서큘레이터 블랙/화이트 BEL-10C-A",
    "ReviewScore": "80",
    "Syllable": "68",
    "Word": "17",
    "RDate": "20190806",
    "GeneralPolarity": "1",
    "Aspects": [
      {
        "Aspect": "가격",
        "SentimentText": " 많이 싸게사서 아주 만족해요.",
        "SentimentWord": "4",
        "SentimentPolarity": "1"
      },
      {
        "Aspect": "소음",
        "SentimentText": "그런데 소음은 약간 있음.",
        "SentimentWord": "4",
        "SentimentPolarity": "0"
      },
      {
        "Aspect": "디자인",
        "SentimentText": "모양도 예쁘고 튼튼해 보여 좋아요.",
        "SentimentWord": "5",
        "SentimentPolarity": "1"
      },
      {
        "Aspect": "품질",
        "SentimentText": "바람도 만족",
        "SentimentWord": "2",
        "SentimentPolarity": "1"
      }
    ]
  },
  {
    "Index": "3197",
    "RawText": "말이 써큘 레이터인지 그냥 작은 선풍기예요. 싼게 비지떡 좌우로만 회전하고 상하는 수동이네요",
    "Source": "SNS",
    "Domain": "가전",
    "MainCategory": "계절가전",
    "ProductName": "K_스위스밀리터리 에어 서큘레이터 블랙/화이트 BEL-10C-A",
    "ReviewScore": "80",
    "Syllable": "51",
    "Word": "12",
    "RDate": "20190816",
    "GeneralPolarity": "-1",
    "Aspects": [
      {
        "Aspect": "품질",
        "SentimentText": "말이 써큘 레이터인지 그냥 작은 선풍기예요.",
        "SentimentWord": "6",
        "SentimentPolarity": "-1"
      },
      {
        "Aspect": "조작성",
        "SentimentText": "좌우로만 회전하고 상하는 수동이네요",
        "SentimentWord": "4",
        "SentimentPolarity": "0"
      }
    ]
  },
  {
    "Index": "3198",
    "RawText": "소음은 있지만 성능은 좋으네요^^ 만족합니다!",
    "Source": "SNS",
    "Domain": "가전",
    "MainCategory": "계절가전",
    "ProductName": "K_스위스밀리터리 에어 서큘레이터 블랙/화이트 BEL-10C-A",
    "ReviewScore": "100",
    "Syllable": "25",
    "Word": "5",
    "RDate": "20190812",
    "GeneralPolarity": "1",
    "Aspects": [
      {
        "Aspect": "소음",
        "SentimentText": "소음은 있지만",
        "SentimentWord": "2",
        "SentimentPolarity": "-1"
      },
      {
        "Aspect": "기능",
        "SentimentText": "성능은 좋으네요^^",
        "SentimentWord": "2",
        "SentimentPolarity": "1"
      }
    ]
  },
  {
    "Index": "3199",
    "RawText": "작아도 성능이 아주 좋아요 올여름 예쁜 스큘레이터 두개로 잘보내요^~^",
    "Source": "SNS",
    "Domain": "가전",
    "MainCategory": "계절가전",
    "ProductName": "K_스위스밀리터리 에어 서큘레이터 블랙/화이트 BEL-10C-A",
    "ReviewScore": "100",
    "Syllable": "39",
    "Word": "9",
    "RDate": "20190831",
    "GeneralPolarity": "1",
    "Aspects": [
      {
        "Aspect": "기능",
        "SentimentText": "작아도 성능이 아주 좋아요",
        "SentimentWord": "4",
        "SentimentPolarity": "1"
      },
      {
        "Aspect": "디자인",
        "SentimentText": "올여름 예쁜 스큘레이터 두개로 잘보내요^~^",
        "SentimentWord": "5",
        "SentimentPolarity": "1"
      }
    ]
  },
  {
    "Index": "3200",
    "RawText": "저렴하게 구매했습니다  사이즈가 작아서 자리차지않고 좋아요 많이파세요  배송빠르고 좋아요",
    "Source": "SNS",
    "Domain": "가전",
    "MainCategory": "계절가전",
    "ProductName": "K_스위스밀리터리 에어 서큘레이터 블랙/화이트 BEL-10C-A",
    "ReviewScore": "100",
    "Syllable": "49",
    "Word": "9",
    "RDate": "20190806",
    "Aspects": [
      {
        "Aspect": "가격",
        "SentimentText": "저렴하게 구매했습니다",
        "SentimentWord": "2",
        "SentimentPolarity": "1"
      },
      {
        "Aspect": "사이즈",
        "SentimentText": "사이즈가 작아서 자리차지않고 좋아요",
        "SentimentWord": "4",
        "SentimentPolarity": "1"
      }
    ]
  },
  {
    "Index": "3201",
    "RawText": "생각보다 작으나 성능은 괜찮음 단지 고개 싀는 각도가 크지 않아 설치시 유의바람",
    "Source": "SNS",
    "Domain": "가전",
    "MainCategory": "계절가전",
    "ProductName": "가정용 중소형 벽걸이 선풍기 WF-1616R",
    "ReviewScore": "80",
    "Syllable": "44",
    "Word": "12",
    "RDate": "20190607",
    "GeneralPolarity": "0",
    "Aspects": [
      {
        "Aspect": "기능",
        "SentimentText": "생각보다 작으나 성능은 괜찮음",
        "SentimentWord": "4",
        "SentimentPolarity": "0"
      },
      {
        "Aspect": "기능",
        "SentimentText": "고개 싀는 각도가 크지 않아 설치시 유의바람",
        "SentimentWord": "7",
        "SentimentPolarity": "0"
      }
    ]
  },
  {
    "Index": "3202",
    "RawText": "선풍기가 한 대 더 필요해서 구매했어요. 가볍고 공간을 많이 차지하지 않는다는 장점에 상하조절은 안된다는 단점이 있네요~",
    "Source": "SNS",
    "Domain": "가전",
    "MainCategory": "계절가전",
    "ProductName": "날개없는 선풍기 타워형 선풍기 타워팬 WT-105LT",
    "ReviewScore": "100",
    "Syllable": "67",
    "Word": "16",
    "RDate": "20210805",
    "GeneralPolarity": "0",
    "Aspects": [
      {
        "Aspect": "사이즈",
        "SentimentText": "가볍고 공간을 많이 차지하지 않는다는 장점",
        "SentimentWord": "6",
        "SentimentPolarity": "1"
      },
      {
        "Aspect": "기능",
        "SentimentText": "상하조절은 안된다는 단점이 있네요~",
        "SentimentWord": "4",
        "SentimentPolarity": "-1"
      }
    ]
  },
  {
    "Index": "3203",
    "RawText": "디자인은 심플하고 예쁜데^^ 그리 시원한건 모르겠어요. 소리만 컷지 바람세기는 약하네요.",
    "Source": "SNS",
    "Domain": "가전",
    "MainCategory": "계절가전",
    "ProductName": "날개없는 선풍기 타워형 선풍기 타워팬 WT-107LT",
    "ReviewScore": "60",
    "Syllable": "49",
    "Word": "10",
    "RDate": "20210725",
    "GeneralPolarity": "-1",
    "Aspects": [
      {
        "Aspect": "디자인",
        "SentimentText": "디자인은 심플하고 예쁜데^^",
        "SentimentWord": "3",
        "SentimentPolarity": "1"
      },
      {
        "Aspect": "기능",
        "SentimentText": "그리 시원한건 모르겠어요.",
        "SentimentWord": "3",
        "SentimentPolarity": "-1"
      },
      {
        "Aspect": "기능",
        "SentimentText": "소리만 컷지 바람세기는 약하네요.",
        "SentimentWord": "4",
        "SentimentPolarity": "-1"
      }
    ]
  },
  {
    "Index": "3204",
    "RawText": "빠른배송이라 좋아요 적립굼으러 알뜰하게 구매했어요. 생각보다 실제론 더 크고 그거 좀 별로인데 스탠드형이라 공간적으로 좋내요. 소음 조용하진않아뇨~.",
    "Source": "SNS",
    "Domain": "가전",
    "MainCategory": "계절가전",
    "ProductName": "날개없는 선풍기 타워형 선풍기 타워팬 WT-109LT",
    "ReviewScore": "80",
    "Syllable": "83",
    "Word": "17",
    "RDate": "20210803",
    "Aspects": [
      {
        "Aspect": "가격",
        "SentimentText": "적립굼으러 알뜰하게 구매했어요.",
        "SentimentWord": "3",
        "SentimentPolarity": "1"
      },
      {
        "Aspect": "사이즈",
        "SentimentText": "생각보다 실제론 더 크고 그거 좀 별로인데",
        "SentimentWord": "7",
        "SentimentPolarity": "0"
      },
      {
        "Aspect": "디자인",
        "SentimentText": "스탠드형이라 공간적으로 좋내요.",
        "SentimentWord": "3",
        "SentimentPolarity": "1"
      },
      {
        "Aspect": "소음",
        "SentimentText": "소음 조용하진않아뇨~.",
        "SentimentWord": "2",
        "SentimentPolarity": "-1"
      }
    ]
  },
  {
    "Index": "3205",
    "RawText": "써보니까품질이너무촣아요바람도시원하고좋네요감사하고고맙읍니다앞으로도저렴하고질조흔상품부탁합니자잘쓸께요",
    "Source": "SNS",
    "Domain": "가전",
    "MainCategory": "계절가전",
    "ProductName": "니코 선풍기/가정용/스탠드형/타이머기능 NKF-1485",
    "ReviewScore": "100",
    "Syllable": "53",
    "Word": "1",
    "RDate": "20190608",
    "GeneralPolarity": "1",
    "Aspects": [
      {
        "Aspect": "품질",
        "SentimentText": "써보니까품질이너무촣아요",
        "SentimentWord": "1",
        "SentimentPolarity": "1"
      },
      {
        "Aspect": "기능",
        "SentimentText": "바람도시원하고좋네요",
        "SentimentWord": "1",
        "SentimentPolarity": "1"
      }
    ]
  },
  {
    "Index": "3206",
    "RawText": "요즘에는 선풍기도 조립하기  편하게 나왔던데 이 선풍기는 조립하기 불편하고 연속으로 놓아도 계속 타이머소리가 나요 ㅠㅠ ",
    "Source": "SNS",
    "Domain": "가전",
    "MainCategory": "계절가전",
    "ProductName": "니코 선풍기/가정용/스탠드형/타이머기능 NKF-1485",
    "ReviewScore": "60",
    "Syllable": "67",
    "Word": "15",
    "RDate": "20190530",
    "GeneralPolarity": "-1",
    "Aspects": [
      {
        "Aspect": "조작성",
        "SentimentText": "이 선풍기는 조립하기 불편하고",
        "SentimentWord": "4",
        "SentimentPolarity": "-1"
      },
      {
        "Aspect": "소음",
        "SentimentText": "연속으로 놓아도 계속 타이머소리가 나요 ㅠㅠ",
        "SentimentWord": "6",
        "SentimentPolarity": "-1"
      }
    ]
  },
  {
    "Index": "3207",
    "RawText": "가성비 좋고 특히 초미세풍이있어 선택했는잘 잘 산것걑슷니다!",
    "Source": "SNS",
    "Domain": "가전",
    "MainCategory": "계절가전",
    "ProductName": "니코 선풍기/가정용/초미풍/타이머기능 NKF-C1480",
    "ReviewScore": "100",
    "Syllable": "33",
    "Word": "7",
    "RDate": "20190630",
    "Aspects": [
      {
        "Aspect": "가격",
        "SentimentText": "가성비 좋고",
        "SentimentWord": "2",
        "SentimentPolarity": "1"
      },
      {
        "Aspect": "기능",
        "SentimentText": "초미세풍이있어 선택했는잘 잘 산것걑슷니다!",
        "SentimentWord": "4",
        "SentimentPolarity": "1"
      }
    ]
  },
  {
    "Index": "3208",
    "RawText": "사이즈 앙증맞네요. ^^ 적당한 기후일 때 요긴할 듯해요. 손잡이가 있어 매우 편하구요~ 바람은 핸디선풍기 2단 정도?로 괜찮네요. ^_^",
    "Source": "SNS",
    "Domain": "가전",
    "MainCategory": "계절가전",
    "ProductName": "단미 쿨에어 탁상용 선풍기/USB 저소음 강력 모터/미니 선풍기",
    "ReviewScore": "100",
    "Syllable": "77",
    "Word": "18",
    "RDate": "20200701",
    "GeneralPolarity": "1",
    "Aspects": [
      {
        "Aspect": "사이즈",
        "SentimentText": "사이즈 앙증맞네요. ^^",
        "SentimentWord": "3",
        "SentimentPolarity": "1"
      },
      {
        "Aspect": "편의성",
        "SentimentText": "손잡이가 있어 매우 편하구요~",
        "SentimentWord": "4",
        "SentimentPolarity": "1"
      },
      {
        "Aspect": "기능",
        "SentimentText": "바람은 핸디선풍기 2단 정도?로 괜찮네요. ^_^",
        "SentimentWord": "6",
        "SentimentPolarity": "1"
      }
    ]
  },
  {
    "Index": "3209",
    "RawText": "제가  추위를  잘 타는 중년여성 입니당 목만 따뜻해도  체온이 올라 간다는 사실은 다 아시죠   딸  마중 나갈때 외출할때 쓰려고 샀어요 학원가는 딸아이한테도 하나 줘야겠어요 45도만 해도  충분히 따뜻하고 좋아요 100 % 충전 했으니 한번  사용해보고 좋으면 선물도 하고  부모님도 드리게 더 주문 하려고요 감사합니다 1+1~^^♡♡",
    "Source": "SNS",
    "Domain": "가전",
    "MainCategory": "계절가전",
    "ProductName": "단순생활 넥밴드 워머 1+1세트",
    "ReviewScore": "100",
    "Syllable": "189",
    "Word": "45",
    "RDate": "20220111",
    "GeneralPolarity": "1",
    "Aspects": [
      {
        "Aspect": "기능",
        "SentimentText": "45도만 해도  충분히 따뜻하고 좋아요",
        "SentimentWord": "5",
        "SentimentPolarity": "1"
      },
      {
        "Aspect": "가격",
        "SentimentText": "감사합니다 1+1~^^♡♡",
        "SentimentWord": "2",
        "SentimentPolarity": "1"
      }
    ]
  },
  {
    "Index": "3210",
    "RawText": "세일해서 얼른  구매했는데 가볍고 버튼이 단순해서 편해요.",
    "Source": "SNS",
    "Domain": "가전",
    "MainCategory": "계절가전",
    "ProductName": "대웅 C7 키높이 스탠드선풍기 3in1_CZ-S2790LS",
    "ReviewScore": "100",
    "Syllable": "32",
    "Word": "7",
    "RDate": "20210812",
    "GeneralPolarity": "1",
    "Aspects": [
      {
        "Aspect": "무게",
        "SentimentText": "가볍고",
        "SentimentWord": "1",
        "SentimentPolarity": "1"
      },
      {
        "Aspect": "편의성",
        "SentimentText": "버튼이 단순해서 편해요.",
        "SentimentWord": "3",
        "SentimentPolarity": "1"
      }
    ]
  },
  {
    "Index": "3211",
    "RawText": "내구성이 완전 별로입니다 싸다고 구매하지 마세요 바람도 별로 강풍이 일반 선풍기 약풍보다도 약하고ㅠㅠ  그냥 일반 선풍기 구매하기를 바랍니다 최악입니다",
    "Source": "SNS",
    "Domain": "가전",
    "MainCategory": "계절가전",
    "ProductName": "대웅 C7 키높이 스탠드선풍기 3in1_CZ-S2790LS",
    "ReviewScore": "10",
    "Syllable": "84",
    "Word": "19",
    "RDate": "20210817",
    "GeneralPolarity": "-1",
    "Aspects": [
      {
        "Aspect": "품질",
        "SentimentText": "바람도 별로 강풍이 일반 선풍기 약풍보다도 약하고ㅠㅠ ",
        "SentimentWord": "7",
        "SentimentPolarity": "-1"
      },
      {
        "Aspect": "내구성",
        "SentimentText": "내구성이 완전 별로입니다",
        "SentimentWord": "3",
        "SentimentPolarity": "-1"
      }
    ]
  },
  {
    "Index": "3212",
    "RawText": "키높이가 맘에 들어요 조립은 쉬운데  디자인이 고급스럽지 않다그래야하나 일반적인 선풍기 하곤 좀 달라요",
    "Source": "SNS",
    "Domain": "가전",
    "MainCategory": "계절가전",
    "ProductName": "대웅 C7 키높이 스탠드선풍기 3in1_CZ-S2790LS",
    "ReviewScore": "70",
    "Syllable": "57",
    "Word": "13",
    "RDate": "20210810",
    "GeneralPolarity": "0",
    "Aspects": [
      {
        "Aspect": "사이즈",
        "SentimentText": "키높이가 맘에 들어요",
        "SentimentWord": "3",
        "SentimentPolarity": "1"
      },
      {
        "Aspect": "조작성",
        "SentimentText": "조립은 쉬운데",
        "SentimentWord": "2",
        "SentimentPolarity": "1"
      },
      {
        "Aspect": "디자인",
        "SentimentText": "디자인이 고급스럽지 않다그래야하나",
        "SentimentWord": "3",
        "SentimentPolarity": "-1"
      }
    ]
  },
  {
    "Index": "3213",
    "RawText": "아주좋네요. 조립편하고. 가볍지만 약하지않고 좋아요 간편동작에 리모컨까지..",
    "Source": "SNS",
    "Domain": "가전",
    "MainCategory": "계절가전",
    "ProductName": "대웅 발터치 초미세풍 리모컨 선풍기_CZ-FR207ST",
    "ReviewScore": "100",
    "Syllable": "42",
    "Word": "7",
    "RDate": "20210809",
    "GeneralPolarity": "1",
    "Aspects": [
      {
        "Aspect": "조작성",
        "SentimentText": "아주좋네요. 조립편하고",
        "SentimentWord": "2",
        "SentimentPolarity": "1"
      },
      {
        "Aspect": "내구성",
        "SentimentText": "가볍지만 약하지않고 좋아요",
        "SentimentWord": "3",
        "SentimentPolarity": "1"
      },
      {
        "Aspect": "조작성",
        "SentimentText": "간편동작에 리모컨까지..",
        "SentimentWord": "2",
        "SentimentPolarity": "1"
      }
    ]
  },
  {
    "Index": "3214",
    "RawText": "ㅣ선풍기가 고장나서  급하게 주문했는데 배송도 빠르고  디자인도 깔끔하고   예뻐요 발터치와  리모컨 으로 편하게 사용하고 바람세기는 초미풍으로도 시원하네요 잘쓸께요   감사합니다  ",
    "Source": "SNS",
    "Domain": "가전",
    "MainCategory": "계절가전",
    "ProductName": "대웅 발터치 초미세풍 리모컨 선풍기_CZ-FR207ST",
    "ReviewScore": "100",
    "Syllable": "102",
    "Word": "19",
    "RDate": "20210803",
    "Aspects": [
      {
        "Aspect": "디자인",
        "SentimentText": "디자인도 깔끔하고   예뻐요",
        "SentimentWord": "3",
        "SentimentPolarity": "1"
      },
      {
        "Aspect": "편의성",
        "SentimentText": "발터치와  리모컨 으로 편하게 사용하고",
        "SentimentWord": "5",
        "SentimentPolarity": "1"
      },
      {
        "Aspect": "기능",
        "SentimentText": "바람세기는 초미풍으로도 시원하네요",
        "SentimentWord": "3",
        "SentimentPolarity": "1"
      }
    ]
  },
  {
    "Index": "3215",
    "RawText": "선풍기 1+1이라 좋은데... 하나는 썻던걸 보내주신건지 포장도 풀린듯 보이고 본체에 기스도 있고 그러네요...나머지 하나는 공장에서 막 나온 상태같아요.ㅡ 두개라 더 비교가 잘되네요.ㅡ",
    "Source": "SNS",
    "Domain": "가전",
    "MainCategory": "계절가전",
    "ProductName": "대웅모닝컴 선풍기/리모컨/초미풍/풋터치 DWF-RF5050WS 1+1",
    "ReviewScore": "80",
    "Syllable": "104",
    "Word": "22",
    "RDate": "20190717",
    "Aspects": [
      {
        "Aspect": "품질",
        "SentimentText": "본체에 기스도 있고 그러네요...",
        "SentimentWord": "4",
        "SentimentPolarity": "-1"
      },
      {
        "Aspect": "가격",
        "SentimentText": "선풍기 1+1이라 좋은데...",
        "SentimentWord": "3",
        "SentimentPolarity": "1"
      }
    ]
  },
  {
    "Index": "3216",
    "RawText": "가성비좋고 바람세기가 거실에 거실이나  침대로 향하게  딱좋아요",
    "Source": "SNS",
    "Domain": "가전",
    "MainCategory": "계절가전",
    "ProductName": "대웅모닝컴 선풍기/업소용/스탠드형 DWF-S3617WS",
    "ReviewScore": "100",
    "Syllable": "35",
    "Word": "7",
    "RDate": "20210823",
    "GeneralPolarity": "1",
    "Aspects": [
      {
        "Aspect": "가격",
        "SentimentText": "가성비좋고",
        "SentimentWord": "1",
        "SentimentPolarity": "1"
      },
      {
        "Aspect": "기능",
        "SentimentText": "바람세기가 거실에 거실이나  침대로 향하게  딱좋아요",
        "SentimentWord": "6",
        "SentimentPolarity": "1"
      }
    ]
  },
  {
    "Index": "3217",
    "RawText": "디자인굳!!! 소리가좀크지만 여름잘사용해써요",
    "Source": "SNS",
    "Domain": "가전",
    "MainCategory": "계절가전",
    "ProductName": "대웅모닝컴 써큘레이터/리모컨/3D입체회전 DWF-CX5506WS",
    "ReviewScore": "100",
    "Syllable": "24",
    "Word": "3",
    "RDate": "20191020",
    "GeneralPolarity": "1",
    "Aspects": [
      {
        "Aspect": "디자인",
        "SentimentText": "디자인굳!!!",
        "SentimentWord": "1",
        "SentimentPolarity": "1"
      },
      {
        "Aspect": "소음",
        "SentimentText": "소리가좀크지만 여름잘사용해써요",
        "SentimentWord": "2",
        "SentimentPolarity": "1"
      }
    ]
  },
  {
    "Index": "3218",
    "RawText": "한번에 공기를 바꿀 수 있습니다 성능 아주좋아요 그만큼 소음은 감안하셔야해요",
    "Source": "SNS",
    "Domain": "가전",
    "MainCategory": "계절가전",
    "ProductName": "대웅모닝컴 써큘레이터/업소용/공업용/각도조절 DWF-B2034WS",
    "ReviewScore": "100",
    "Syllable": "42",
    "Word": "10",
    "RDate": "20190720",
    "GeneralPolarity": "1",
    "Aspects": [
      {
        "Aspect": "기능",
        "SentimentText": "한번에 공기를 바꿀 수 있습니다 성능 아주좋아요",
        "SentimentWord": "7",
        "SentimentPolarity": "1"
      },
      {
        "Aspect": "소음",
        "SentimentText": "그만큼 소음은 감안하셔야해요",
        "SentimentWord": "3",
        "SentimentPolarity": "0"
      }
    ]
  },
  {
    "Index": "3219",
    "RawText": "가격 대비 가성비에 만족합니다. 디자인, 기능, 배송도 좋습니다. 올 여름을 대비해서 행복합니다.",
    "Source": "SNS",
    "Domain": "가전",
    "MainCategory": "계절가전",
    "ProductName": "듀플렉스 발터치/리모컨 선풍기 DP-1415RF",
    "ReviewScore": "80",
    "Syllable": "54",
    "Word": "12",
    "RDate": "20190611",
    "Aspects": [
      {
        "Aspect": "품질",
        "SentimentText": "가격 대비 가성비에 만족합니다.",
        "SentimentWord": "4",
        "SentimentPolarity": "1"
      },
      {
        "Aspect": "디자인",
        "SentimentText": "디자인, 기능, 배송도 좋습니다.",
        "SentimentWord": "4",
        "SentimentPolarity": "1"
      },
      {
        "Aspect": "기능",
        "SentimentText": "기능, 배송도 좋습니다.",
        "SentimentWord": "3",
        "SentimentPolarity": "1"
      }
    ]
  },
  {
    "Index": "3220",
    "RawText": "빠른 배송에 좋아요. 조립이 간단하게 뚝딱 완성했어요 리모컨까지 있어서 괜찮네요 올 여름 딸아이 전용선풍기.ㅎ",
    "Source": "SNS",
    "Domain": "가전",
    "MainCategory": "계절가전",
    "ProductName": "듀플렉스 발터치/리모컨 선풍기 DP-1415RF",
    "ReviewScore": "100",
    "Syllable": "61",
    "Word": "14",
    "RDate": "20190601",
    "Aspects": [
      {
        "Aspect": "제품구성",
        "SentimentText": "리모컨까지 있어서 괜찮네요",
        "SentimentWord": "3",
        "SentimentPolarity": "1"
      },
      {
        "Aspect": "조작성",
        "SentimentText": "조립이 간단하게 뚝딱 완성했어요",
        "SentimentWord": "4",
        "SentimentPolarity": "1"
      }
    ]
  },
  {
    "Index": "3221",
    "RawText": "집에서 캠핑용으로 차에 두고 써두 괜찮네요, 휴대도 용이해서 편리해서 품질 만족합니다.",
    "Source": "SNS",
    "Domain": "가전",
    "MainCategory": "계절가전",
    "ProductName": "레오폴디 DC 충전식 폴딩팬 VMK-F0421D",
    "ReviewScore": "100",
    "Syllable": "48",
    "Word": "11",
    "RDate": "20210812",
    "GeneralPolarity": "1",
    "Aspects": [
      {
        "Aspect": "편의성",
        "SentimentText": "휴대도 용이해서 편리해서",
        "SentimentWord": "3",
        "SentimentPolarity": "1"
      },
      {
        "Aspect": "품질",
        "SentimentText": "품질 만족합니다.",
        "SentimentWord": "2",
        "SentimentPolarity": "1"
      }
    ]
  },
  {
    "Index": "3222",
    "RawText": "인테리어효과는좋은데 소음이 크고 생각보다시원하진않네요 그래도 이쁘니까 장식용으로 사용하려구요색다른분위기가 좋은것같아요 색다른 분위기가 좋은 것같아요",
    "Source": "SNS",
    "Domain": "가전",
    "MainCategory": "계절가전",
    "ProductName": "레트로 선풍기 빈티지 탁상용 메탈 WF-1200",
    "ReviewScore": "100",
    "Syllable": "82",
    "Word": "13",
    "RDate": "20190621",
    "GeneralPolarity": "0",
    "Aspects": [
      {
        "Aspect": "디자인",
        "SentimentText": "인테리어효과는좋은데",
        "SentimentWord": "1",
        "SentimentPolarity": "1"
      },
      {
        "Aspect": "소음",
        "SentimentText": "소음이 크고",
        "SentimentWord": "2",
        "SentimentPolarity": "-1"
      },
      {
        "Aspect": "기능",
        "SentimentText": "생각보다시원하진않네요",
        "SentimentWord": "1",
        "SentimentPolarity": "-1"
      },
      {
        "Aspect": "디자인",
        "SentimentText": "이쁘니까 장식용으로 사용하려구요색다른분위기가 좋은것같아요 색다른 분위기가 좋은 것같아요",
        "SentimentWord": "8",
        "SentimentPolarity": "1"
      }
    ]
  },
  {
    "Index": "3223",
    "RawText": "일단 이전에 2개한세트짜리로 주문했다가. 소음때문에 반품하고  다시 주문했습니다. 다른곳보다 가격이 저렴하더라구요. 색상때문인가? 짙은 그레이 생각보다. 깔끔하고 이뿐데. 포인트랑 이것저것 저렴하거 샀네요 위아래로 자동은 안되지만   1단에서 5단까지는 거의 소음이 없구요. 올려도 생각보다 심하지 않은거 같아요. 전 무지 만족합니다. 좋아요",
    "Source": "SNS",
    "Domain": "가전",
    "MainCategory": "계절가전",
    "ProductName": "르젠 35cm BLDC모터 블루투스 리모컨 선풍기 LZEF-DC02 그레이",
    "ReviewScore": "100",
    "Syllable": "191",
    "Word": "38",
    "RDate": "20210501",
    "GeneralPolarity": "1",
    "Aspects": [
      {
        "Aspect": "색상",
        "SentimentText": "짙은 그레이 생각보다. 깔끔하고 이뿐데",
        "SentimentWord": "5",
        "SentimentPolarity": "1"
      },
      {
        "Aspect": "가격",
        "SentimentText": "다른곳보다 가격이 저렴하더라구요.",
        "SentimentWord": "3",
        "SentimentPolarity": "1"
      },
      {
        "Aspect": "소음",
        "SentimentText": "1단에서 5단까지는 거의 소음이 없구요.",
        "SentimentWord": "5",
        "SentimentPolarity": "1"
      },
      {
        "Aspect": "기능",
        "SentimentText": "위아래로 자동은 안되지만",
        "SentimentWord": "3",
        "SentimentPolarity": "-1"
      }
    ]
  },
  {
    "Index": "3224",
    "RawText": "넘 좋아용ㅋ 거실에선 OOO 잘땐 방에서 OOO쓰고 있어용ㅎㅎ 잘때 저는 에어컨틀고 못자서ㅠㅠ 바람이 시원하고 디자인이 이뿌고 좋아용",
    "Source": "SNS",
    "Domain": "가전",
    "MainCategory": "계절가전",
    "ProductName": "르젠 무선 BLDC 선풍기 LZDF-CZ730",
    "ReviewScore": "100",
    "Syllable": "74",
    "Word": "17",
    "RDate": "20210806",
    "Aspects": [
      {
        "Aspect": "기능",
        "SentimentText": "바람이 시원하고",
        "SentimentWord": "2",
        "SentimentPolarity": "1"
      },
      {
        "Aspect": "디자인",
        "SentimentText": "디자인이 이뿌고 좋아용",
        "SentimentWord": "3",
        "SentimentPolarity": "1"
      }
    ]
  },
  {
    "Index": "3225",
    "RawText": "선풍기 잘 사용하고 있습니다 생각보단 소리는 안커요 그런데 24를해도 바람이 아주 쎄다는 생각 안드네요 가격대비는 괜찮은것같아요",
    "Source": "SNS",
    "Domain": "가전",
    "MainCategory": "계절가전",
    "ProductName": "르젠 선풍기 LZDF-TR830(G) [그레이/2020년형/앱연동 + BLDC/상하좌우회전]",
    "ReviewScore": "80",
    "Syllable": "71",
    "Word": "16",
    "RDate": "20210806",
    "GeneralPolarity": "1",
    "Aspects": [
      {
        "Aspect": "소음",
        "SentimentText": "생각보단 소리는 안커요",
        "SentimentWord": "3",
        "SentimentPolarity": "1"
      },
      {
        "Aspect": "품질",
        "SentimentText": "24를해도 바람이 아주 쎄다는 생각 안드네요",
        "SentimentWord": "6",
        "SentimentPolarity": "-1"
      },
      {
        "Aspect": "품질",
        "SentimentText": "가격대비는 괜찮은것같아요",
        "SentimentWord": "2",
        "SentimentPolarity": "1"
      }
    ]
  },
  {
    "Index": "3226",
    "RawText": "가벼워 이동이 좋고 디자인도 단정합니다. 바람도 부드러워 좋고 조립도 쉬운데 조립방법이 물건온거랑은 달라요 그래도 잘보면서 조립하면 어럽진않아요",
    "Source": "SNS",
    "Domain": "가전",
    "MainCategory": "계절가전",
    "ProductName": "르젠 선풍기 LZDF-TR830W [화이트/BLDC+앱연동/상하좌우회전]",
    "ReviewScore": "100",
    "Syllable": "80",
    "Word": "17",
    "RDate": "20210618",
    "GeneralPolarity": "1",
    "Aspects": [
      {
        "Aspect": "무게",
        "SentimentText": "가벼워 이동이 좋고",
        "SentimentWord": "3",
        "SentimentPolarity": "1"
      },
      {
        "Aspect": "디자인",
        "SentimentText": "디자인도 단정합니다.",
        "SentimentWord": "2",
        "SentimentPolarity": "1"
      },
      {
        "Aspect": "기능",
        "SentimentText": "바람도 부드러워 좋고",
        "SentimentWord": "3",
        "SentimentPolarity": "1"
      },
      {
        "Aspect": "조작성",
        "SentimentText": "잘보면서 조립하면 어럽진않아요",
        "SentimentWord": "3",
        "SentimentPolarity": "1"
      }
    ]
  },
  {
    "Index": "3227",
    "RawText": "괜찮은 가격에 구입하기는 했는데 이거 회전할때 오른쪽 부위에서 딸깍 거리는 소리가 나는군요. 기존에 쓰던 같은회사 180모델보다 키가 작고요. 1단 2단 3단 세기 만족하는데 조용한 곳에서 쐬고 있으면 미세한 고주파같은 소음이 살짝 있는데 이건 뭐 사람마다 틀리고 어떻게 듣냐에 따라 이상없을지도.  색깔도 완전 하얗지는 않고 살짝 누런끼가있음. 기존에 쓰던 OOO만 3개인데..",
    "Source": "SNS",
    "Domain": "가전",
    "MainCategory": "계절가전",
    "ProductName": "르젠 선풍기 LZDF-TR830W [화이트/BLDC+앱연동/상하좌우회전]",
    "ReviewScore": "80",
    "Syllable": "212",
    "Word": "50",
    "RDate": "20210716",
    "Aspects": [
      {
        "Aspect": "가격",
        "SentimentText": "괜찮은 가격에 구입하기는 했는데",
        "SentimentWord": "4",
        "SentimentPolarity": "1"
      },
      {
        "Aspect": "품질",
        "SentimentText": "이거 회전할때 오른쪽 부위에서 딸깍 거리는 소리가 나는군요.",
        "SentimentWord": "8",
        "SentimentPolarity": "-1"
      },
      {
        "Aspect": "기능",
        "SentimentText": "1단 2단 3단 세기 만족하는데",
        "SentimentWord": "5",
        "SentimentPolarity": "1"
      },
      {
        "Aspect": "소음",
        "SentimentText": "조용한 곳에서 쐬고 있으면 미세한 고주파같은 소음이 살짝 있는데",
        "SentimentWord": "9",
        "SentimentPolarity": "0"
      },
      {
        "Aspect": "색상",
        "SentimentText": "색깔도 완전 하얗지는 않고 살짝 누런끼가있음",
        "SentimentWord": "6",
        "SentimentPolarity": "0"
      }
    ]
  },
  {
    "Index": "3228",
    "RawText": "○○○ 선풍기 너무 이쁘고 좋네요 다만 리모콘이 헤드 상단부분에 자석식 부착인데 이동시에 자꾸 떨어져요",
    "Source": "SNS",
    "Domain": "가전",
    "MainCategory": "계절가전",
    "ProductName": "르젠 선풍기 LZDF-TR830W [화이트/BLDC+앱연동/상하좌우회전]",
    "ReviewScore": "100",
    "Syllable": "57",
    "Word": "14",
    "RDate": "20210828",
    "Aspects": [
      {
        "Aspect": "디자인",
        "SentimentText": " 너무 이쁘고 좋네요",
        "SentimentWord": "3",
        "SentimentPolarity": "1"
      },
      {
        "Aspect": "품질",
        "SentimentText": " 리모콘이 헤드 상단부분에 자석식 부착인데 이동시에 자꾸 떨어져요",
        "SentimentWord": "8",
        "SentimentPolarity": "-1"
      }
    ]
  },
  {
    "Index": "3229",
    "RawText": "만족합니다 조립도 쉽고 바람 세기도 세세하게 조절할 수 있습니다.",
    "Source": "SNS",
    "Domain": "가전",
    "MainCategory": "계절가전",
    "ProductName": "르젠 선풍기 LZDF-TR830W [화이트/BLDC+앱연동/상하좌우회전]",
    "ReviewScore": "100",
    "Syllable": "36",
    "Word": "9",
    "RDate": "20210803",
    "Aspects": [
      {
        "Aspect": "조작성",
        "SentimentText": " 조립도 쉽고",
        "SentimentWord": "2",
        "SentimentPolarity": "1"
      },
      {
        "Aspect": "기능",
        "SentimentText": "바람 세기도 세세하게 조절할 수 있습니다.",
        "SentimentWord": "6",
        "SentimentPolarity": "1"
      }
    ]
  },
  {
    "Index": "3230",
    "RawText": "맘에 들어요 큰사이즈라 바람도 쎄고 공기 돌리기 좋아요",
    "Source": "SNS",
    "Domain": "가전",
    "MainCategory": "계절가전",
    "ProductName": "르젠 선풍기 LZDF-TR830W [화이트/BLDC+앱연동/상하좌우회전]",
    "ReviewScore": "100",
    "Syllable": "30",
    "Word": "8",
    "RDate": "20210808",
    "GeneralPolarity": "1",
    "Aspects": [
      {
        "Aspect": "사이즈",
        "SentimentText": "맘에 들어요 큰사이즈라 ",
        "SentimentWord": "3",
        "SentimentPolarity": "1"
      },
      {
        "Aspect": "품질",
        "SentimentText": "바람도 쎄고 공기 돌리기 좋아요",
        "SentimentWord": "5",
        "SentimentPolarity": "1"
      }
    ]
  },
  {
    "Index": "3231",
    "RawText": "바람이 시원하고 상하좌우 잘 돌아가고 만족합니다   플라스틱이 고급스헙다는 생각은 못하겠지만  성능 하나만큼은 좋네요",
    "Source": "SNS",
    "Domain": "가전",
    "MainCategory": "계절가전",
    "ProductName": "르젠 선풍기 LZDF-TR830W [화이트/BLDC+앱연동/상하좌우회전]",
    "ReviewScore": "100",
    "Syllable": "65",
    "Word": "13",
    "RDate": "20210803",
    "Aspects": [
      {
        "Aspect": "기능",
        "SentimentText": "바람이 시원하고",
        "SentimentWord": "2",
        "SentimentPolarity": "1"
      },
      {
        "Aspect": "기능",
        "SentimentText": "상하좌우 잘 돌아가고 만족합니다 ",
        "SentimentWord": "4",
        "SentimentPolarity": "1"
      },
      {
        "Aspect": "소재",
        "SentimentText": "플라스틱이 고급스헙다는 생각은 못하겠지만 ",
        "SentimentWord": "4",
        "SentimentPolarity": "-1"
      },
      {
        "Aspect": "기능",
        "SentimentText": "성능 하나만큼은 좋네요",
        "SentimentWord": "3",
        "SentimentPolarity": "1"
      }
    ]
  },
  {
    "Index": "3232",
    "RawText": "선풍기 조용하고 바람 여러단계로 조정할수 있고. 상하좌우 다 되서 더 좋아요. 다만  망이 플라스틱이라 낯설어요. 지금까지 본 선풍기는 다 단단한 쇠로 된거였는데.. 이건 앞뒤 다 플라스틱이라 약해보이는게  아쉽네요.",
    "Source": "SNS",
    "Domain": "가전",
    "MainCategory": "계절가전",
    "ProductName": "르젠 선풍기 LZDF-TR830W [화이트/BLDC+앱연동/상하좌우회전]",
    "ReviewScore": "100",
    "Syllable": "121",
    "Word": "28",
    "RDate": "20210714",
    "Aspects": [
      {
        "Aspect": "기능",
        "SentimentText": "선풍기 조용하고 바람 여러단계로 조정할수 있고. 상하좌우 다 되서 더 좋아요.",
        "SentimentWord": "11",
        "SentimentPolarity": "1"
      },
      {
        "Aspect": "소재",
        "SentimentText": "다만  망이 플라스틱이라 낯설어요.",
        "SentimentWord": "4",
        "SentimentPolarity": "0"
      },
      {
        "Aspect": "소재",
        "SentimentText": "앞뒤 다 플라스틱이라 약해보이는게  아쉽네요.",
        "SentimentWord": "5",
        "SentimentPolarity": "0"
      }
    ]
  },
  {
    "Index": "3233",
    "RawText": "싸게 잘 구매해서 좋고 핸폰으로 작동가능하니 편하네요",
    "Source": "SNS",
    "Domain": "가전",
    "MainCategory": "계절가전",
    "ProductName": "르젠 선풍기 LZDF-TR830W [화이트/BLDC+앱연동/상하좌우회전]",
    "ReviewScore": "100",
    "Syllable": "29",
    "Word": "7",
    "RDate": "20210820",
    "GeneralPolarity": "1",
    "Aspects": [
      {
        "Aspect": "가격",
        "SentimentText": "싸게 잘 구매해서 좋고",
        "SentimentWord": "4",
        "SentimentPolarity": "1"
      },
      {
        "Aspect": "편의성",
        "SentimentText": "핸폰으로 작동가능하니 편하네요",
        "SentimentWord": "3",
        "SentimentPolarity": "1"
      }
    ]
  },
  {
    "Index": "3234",
    "RawText": "저희 집 세번째 선풍기인데 이게 젤 맘에 들어요. 거실에 두고 써큘레이터 용도로 쓰려고 산거라 일단 좌우상하로 움직여서 좋구요. 바람세기를 올려도 흔들거리거나 소음 나지 않고 잘 작동하네요. 컬러는 완전 화이트는 아니고 약간 아이보리빛인데 거실과 더 잘 어울려요.",
    "Source": "SNS",
    "Domain": "가전",
    "MainCategory": "계절가전",
    "ProductName": "르젠 선풍기 LZDF-TR830W [화이트/BLDC+앱연동/상하좌우회전]",
    "ReviewScore": "100",
    "Syllable": "147",
    "Word": "36",
    "RDate": "20210811",
    "GeneralPolarity": "1",
    "Aspects": [
      {
        "Aspect": "기능",
        "SentimentText": "일단 좌우상하로 움직여서 좋구요.",
        "SentimentWord": "4",
        "SentimentPolarity": "1"
      },
      {
        "Aspect": "소음",
        "SentimentText": "소음 나지 않고 잘 작동하네요.",
        "SentimentWord": "5",
        "SentimentPolarity": "1"
      }
    ]
  },
  {
    "Index": "3235",
    "RawText": "주문하고 바로 다음날 받았어요. 입체회전돼서 환기시킬때 좋고 24단까지 조절됩니다. 버튼식이 아니라 조그다이얼로 조절되는게 맘에 드네요",
    "Source": "SNS",
    "Domain": "가전",
    "MainCategory": "계절가전",
    "ProductName": "르젠 선풍기 LZDF-TR830W [화이트/BLDC+앱연동/상하좌우회전]",
    "ReviewScore": "100",
    "Syllable": "75",
    "Word": "15",
    "RDate": "20210803",
    "GeneralPolarity": "1",
    "Aspects": [
      {
        "Aspect": "기능",
        "SentimentText": "입체회전돼서 환기시킬때 좋고 24단까지 조절됩니다.",
        "SentimentWord": "5",
        "SentimentPolarity": "1"
      },
      {
        "Aspect": "조작성",
        "SentimentText": "버튼식이 아니라 조그다이얼로 조절되는게 맘에 드네요",
        "SentimentWord": "6",
        "SentimentPolarity": "1"
      }
    ]
  },
  {
    "Index": "3236",
    "RawText": "탁월한  선택  택배 휴무일이 있어 걱정 했는데 총알배송~~ 딸래미 자취방에 안성맞춤 돌아가는 소리도 조용해서 훌륭하네요 고개를 사방으로 잘 돌린다고 좋아합니다~~^^",
    "Source": "SNS",
    "Domain": "가전",
    "MainCategory": "계절가전",
    "ProductName": "르젠 선풍기 LZDF-TR830W [화이트/BLDC+앱연동/상하좌우회전]",
    "ReviewScore": "100",
    "Syllable": "93",
    "Word": "20",
    "RDate": "20210814",
    "Aspects": [
      {
        "Aspect": "소음",
        "SentimentText": "돌아가는 소리도 조용해서 훌륭하네요",
        "SentimentWord": "4",
        "SentimentPolarity": "1"
      },
      {
        "Aspect": "기능",
        "SentimentText": "고개를 사방으로 잘 돌린다고 좋아합니다~~^^",
        "SentimentWord": "5",
        "SentimentPolarity": "1"
      }
    ]
  },
  {
    "Index": "3237",
    "RawText": "블랙구매하고 맘에 들어서 화이트까지 구매함. 디자인좋고 소음은 정말 조용함. 기능도 좋아요. ",
    "Source": "SNS",
    "Domain": "가전",
    "MainCategory": "계절가전",
    "ProductName": "르젠 선풍기 LZEF-DC130(W) [화이트/2020년형/앱연동 ＋ BLDC/초절전]",
    "ReviewScore": "100",
    "Syllable": "52",
    "Word": "11",
    "RDate": "20210803",
    "GeneralPolarity": "1",
    "Aspects": [
      {
        "Aspect": "디자인",
        "SentimentText": "디자인좋고",
        "SentimentWord": "1",
        "SentimentPolarity": "1"
      },
      {
        "Aspect": "소음",
        "SentimentText": "소음은 정말 조용함.",
        "SentimentWord": "3",
        "SentimentPolarity": "1"
      },
      {
        "Aspect": "기능",
        "SentimentText": "기능도 좋아요.",
        "SentimentWord": "2",
        "SentimentPolarity": "1"
      }
    ]
  },
  {
    "Index": "3238",
    "RawText": "조아요 추워요 ㄷㄷ 멀리까지 바람이 가네여 역시 서큘레이터는 달라요 조립도 쉬웟어요",
    "Source": "SNS",
    "Domain": "가전",
    "MainCategory": "계절가전",
    "ProductName": "르젠 스탠드형 리모컨 써큘레이터 LZEF-AR330",
    "ReviewScore": "100",
    "Syllable": "46",
    "Word": "11",
    "RDate": "20210831",
    "GeneralPolarity": "1",
    "Aspects": [
      {
        "Aspect": "기능",
        "SentimentText": "멀리까지 바람이 가네여 역시 서큘레이터는 달라요",
        "SentimentWord": "6",
        "SentimentPolarity": "1"
      },
      {
        "Aspect": "조작성",
        "SentimentText": "조립도 쉬웟어요",
        "SentimentWord": "2",
        "SentimentPolarity": "1"
      }
    ]
  },
  {
    "Index": "3239",
    "RawText": "바람단계 24단계라서 샀어요. 아이 잘 때 1단계로 하니 안심하고 재워요.  앱으로 조정가능한 것도 굿",
    "Source": "SNS",
    "Domain": "가전",
    "MainCategory": "계절가전",
    "ProductName": "르젠 초절전 선풍기 에코팬 LZEF-DC130 [그레이]",
    "ReviewScore": "100",
    "Syllable": "57",
    "Word": "14",
    "RDate": "20210712",
    "GeneralPolarity": "1",
    "Aspects": [
      {
        "Aspect": "기능",
        "SentimentText": "바람단계 24단계라서 샀어요.",
        "SentimentWord": "3",
        "SentimentPolarity": "1"
      },
      {
        "Aspect": "조작성",
        "SentimentText": "앱으로 조정가능한 것도 굿",
        "SentimentWord": "4",
        "SentimentPolarity": "1"
      }
    ]
  },
  {
    "Index": "3240",
    "RawText": "배송받은지 20일만에 조립합니다. 요즘 일이 바빠서. 블랙이구요. 써보니 좋아서 화이트 하나더 주문했어요. 디자인 이쁘고 가격 맘에 들어서 추가주문했어요.",
    "Source": "SNS",
    "Domain": "가전",
    "MainCategory": "계절가전",
    "ProductName": "르젠 초절전 선풍기 에코팬 LZEF-DC130 [그레이]",
    "ReviewScore": "100",
    "Syllable": "86",
    "Word": "18",
    "RDate": "20210802",
    "GeneralPolarity": "1",
    "Aspects": [
      {
        "Aspect": "품질",
        "SentimentText": "블랙이구요. 써보니 좋아서 화이트 하나더 주문했어요.",
        "SentimentWord": "6",
        "SentimentPolarity": "1"
      },
      {
        "Aspect": "디자인",
        "SentimentText": "디자인 이쁘고",
        "SentimentWord": "2",
        "SentimentPolarity": "1"
      },
      {
        "Aspect": "가격",
        "SentimentText": "가격 맘에 들어서 추가주문했어요.",
        "SentimentWord": "4",
        "SentimentPolarity": "1"
      }
    ]
  },
  {
    "Index": "3241",
    "RawText": "좋아요 목도 부드럽게 회전되고 ~ 스타일도 심플하고 좋네요",
    "Source": "SNS",
    "Domain": "가전",
    "MainCategory": "계절가전",
    "ProductName": "르젠 초절전 선풍기 에코팬 LZEF-DC130 [그레이]",
    "ReviewScore": "100",
    "Syllable": "32",
    "Word": "8",
    "RDate": "20210728",
    "GeneralPolarity": "1",
    "Aspects": [
      {
        "Aspect": "품질",
        "SentimentText": "목도 부드럽게 회전되고 ~ ",
        "SentimentWord": "4",
        "SentimentPolarity": "1"
      },
      {
        "Aspect": "디자인",
        "SentimentText": "스타일도 심플하고 좋네요",
        "SentimentWord": "3",
        "SentimentPolarity": "1"
      }
    ]
  },
  {
    "Index": "3242",
    "RawText": "불안정한 회전으로 진동있고 받침대바닥 수평도 안맞고 시간예약버튼도 어느쪽 누르면 눌려서 안 나옴",
    "Source": "SNS",
    "Domain": "가전",
    "MainCategory": "계절가전",
    "ProductName": "리모컨 선풍기 스탠드 가정용 WA-1700R",
    "ReviewScore": "10",
    "Syllable": "53",
    "Word": "12",
    "RDate": "20210530",
    "GeneralPolarity": "-1",
    "Aspects": [
      {
        "Aspect": "품질",
        "SentimentText": "불안정한 회전으로 진동있고",
        "SentimentWord": "3",
        "SentimentPolarity": "-1"
      },
      {
        "Aspect": "제품구성",
        "SentimentText": "받침대바닥 수평도 안맞고",
        "SentimentWord": "3",
        "SentimentPolarity": "-1"
      },
      {
        "Aspect": "품질",
        "SentimentText": "시간예약버튼도 어느쪽 누르면 눌려서 안 나옴",
        "SentimentWord": "6",
        "SentimentPolarity": "-1"
      }
    ]
  },
  {
    "Index": "3243",
    "RawText": "선풍기 너무편하네요 가정용 스탠드 강추합니다 또구입할정도로 성능좋아요",
    "Source": "SNS",
    "Domain": "가전",
    "MainCategory": "계절가전",
    "ProductName": "리모콘 선풍기 가정용 스탠드 145FR",
    "ReviewScore": "100",
    "Syllable": "38",
    "Word": "7",
    "RDate": "20210811",
    "Aspects": [
      {
        "Aspect": "편의성",
        "SentimentText": "선풍기 너무편하네요",
        "SentimentWord": "2",
        "SentimentPolarity": "1"
      },
      {
        "Aspect": "기능",
        "SentimentText": "성능좋아요",
        "SentimentWord": "1",
        "SentimentPolarity": "1"
      }
    ]
  },
  {
    "Index": "3244",
    "RawText": "수면풍 기능이 있어서 좋아요 발 터치라 편하구요 소음고 별로 없어서 담에 또 재구매 할려구요",
    "Source": "SNS",
    "Domain": "가전",
    "MainCategory": "계절가전",
    "ProductName": "리모콘 선풍기 가정용 스탠드 145FR",
    "ReviewScore": "100",
    "Syllable": "51",
    "Word": "14",
    "RDate": "20210820",
    "GeneralPolarity": "1",
    "Aspects": [
      {
        "Aspect": "기능",
        "SentimentText": "수면풍 기능이 있어서 좋아요",
        "SentimentWord": "4",
        "SentimentPolarity": "1"
      },
      {
        "Aspect": "편의성",
        "SentimentText": "발 터치라 편하구요",
        "SentimentWord": "3",
        "SentimentPolarity": "1"
      },
      {
        "Aspect": "소음",
        "SentimentText": "소음고 별로 없어서",
        "SentimentWord": "3",
        "SentimentPolarity": "1"
      }
    ]
  },
  {
    "Index": "3245",
    "RawText": "전부터 사고싶어서 찜해둔것인데 적립금써서 싸게 사게되니 좋았어요 선풍기바람도 시원하긴한데 소음때문에 오래못쓰겠더라구요 소장품이 되어버렸네요",
    "Source": "SNS",
    "Domain": "가전",
    "MainCategory": "계절가전",
    "ProductName": "마이프랜드 6인치 USB 탁상용 메탈 선풍기(MFU-0606)",
    "ReviewScore": "100",
    "Syllable": "77",
    "Word": "13",
    "RDate": "20190621",
    "Aspects": [
      {
        "Aspect": "가격",
        "SentimentText": "적립금써서 싸게 사게되니 좋았어요",
        "SentimentWord": "4",
        "SentimentPolarity": "1"
      },
      {
        "Aspect": "품질",
        "SentimentText": "선풍기바람도 시원하긴한데",
        "SentimentWord": "2",
        "SentimentPolarity": "1"
      },
      {
        "Aspect": "소음",
        "SentimentText": " 소음때문에 오래못쓰겠더라구요",
        "SentimentWord": "2",
        "SentimentPolarity": "-1"
      }
    ]
  },
  {
    "Index": "3246",
    "RawText": "배송도빠르고 시원하게 잘 사용하고 있어요 강추 입니다 리모콘도 되고 아주좋아요~",
    "Source": "SNS",
    "Domain": "가전",
    "MainCategory": "계절가전",
    "ProductName": "마이프랜드 저소음 DC모터 스탠드 선풍기(MF-1418DC)",
    "ReviewScore": "100",
    "Syllable": "44",
    "Word": "10",
    "RDate": "20190801",
    "Aspects": [
      {
        "Aspect": "품질",
        "SentimentText": "시원하게 잘 사용하고 있어요",
        "SentimentWord": "4",
        "SentimentPolarity": "1"
      },
      {
        "Aspect": "제품구성",
        "SentimentText": "리모콘도 되고 아주좋아요~",
        "SentimentWord": "3",
        "SentimentPolarity": "1"
      }
    ]
  },
  {
    "Index": "3247",
    "RawText": "디자인도 예쁘고 조용하고 좋아요 고급 사양을 특가로 저렴하게 구매해서 대만족입니다. 또 행사하면 구입하고 싶어요",
    "Source": "SNS",
    "Domain": "가전",
    "MainCategory": "계절가전",
    "ProductName": "마이프랜드 저소음 DC모터 스탠드 선풍기(MF-1418DC)",
    "ReviewScore": "100",
    "Syllable": "62",
    "Word": "14",
    "RDate": "20190731",
    "GeneralPolarity": "1",
    "Aspects": [
      {
        "Aspect": "디자인",
        "SentimentText": "디자인도 예쁘고",
        "SentimentWord": "2",
        "SentimentPolarity": "1"
      },
      {
        "Aspect": "소음",
        "SentimentText": " 조용하고 좋아요",
        "SentimentWord": "2",
        "SentimentPolarity": "1"
      },
      {
        "Aspect": "가격",
        "SentimentText": "고급 사양을 특가로 저렴하게 구매해서 대만족입니다.",
        "SentimentWord": "6",
        "SentimentPolarity": "1"
      }
    ]
  },
  {
    "Index": "3248",
    "RawText": "이럼처럼  정말  조용해서  좋아요.  배송도 빠루구요 단계가  많아  조절해서  사용할수있어  좋아요",
    "Source": "SNS",
    "Domain": "가전",
    "MainCategory": "계절가전",
    "ProductName": "마이프랜드 저소음 DC모터 스탠드 선풍기(MF-1418DC)",
    "ReviewScore": "80",
    "Syllable": "57",
    "Word": "11",
    "RDate": "20190824",
    "Aspects": [
      {
        "Aspect": "소음",
        "SentimentText": "조용해서  좋아요.",
        "SentimentWord": "2",
        "SentimentPolarity": "1"
      },
      {
        "Aspect": "기능",
        "SentimentText": "단계가  많아  조절해서  사용할수있어  좋아요",
        "SentimentWord": "5",
        "SentimentPolarity": "1"
      }
    ]
  },
  {
    "Index": "3249",
    "RawText": "바람이 선풍기처럼 넓게 퍼지는건 아닌데 소음은 생각보다 많이 적거 같아서 만족합니다~ 잘 쓸게요",
    "Source": "SNS",
    "Domain": "가전",
    "MainCategory": "계절가전",
    "ProductName": "말랑이 넥밴드 선풍기 DGNF-1000",
    "ReviewScore": "100",
    "Syllable": "53",
    "Word": "13",
    "RDate": "20210825",
    "GeneralPolarity": "0",
    "Aspects": [
      {
        "Aspect": "품질",
        "SentimentText": "바람이 선풍기처럼 넓게 퍼지는건 아닌데 ",
        "SentimentWord": "5",
        "SentimentPolarity": "-1"
      },
      {
        "Aspect": "소음",
        "SentimentText": " 소음은 생각보다 많이 적거 같아서 만족합니다~ ",
        "SentimentWord": "6",
        "SentimentPolarity": "1"
      }
    ]
  },
  {
    "Index": "3250",
    "RawText": "가격은 착한데 성능이 너무 좋이요 사무실 직원들이 단체로 쓰고있습니다",
    "Source": "SNS",
    "Domain": "가전",
    "MainCategory": "계절가전",
    "ProductName": "메디하임 USB 마그넷선풍기 미니선풍기 휴대용 MUF-740 1+3",
    "ReviewScore": "100",
    "Syllable": "38",
    "Word": "9",
    "RDate": "20210804",
    "GeneralPolarity": "1",
    "Aspects": [
      {
        "Aspect": "가격",
        "SentimentText": "가격은 착한데",
        "SentimentWord": "2",
        "SentimentPolarity": "1"
      },
      {
        "Aspect": "품질",
        "SentimentText": "성능이 너무 좋이요",
        "SentimentWord": "3",
        "SentimentPolarity": "1"
      }
    ]
  },
  {
    "Index": "3251",
    "RawText": "품질이 너무 마음에 들어요! 추천합니다.!! 적립금 남아 있던거 쓰고 무료배송에 포장까지 튼튼!!  기대를 너무 안해서인지 넘넘 맘에 들어요~!! 100 만점 99점 ~^^ 충전식이믄 더 좋을듯 정말 잘 쓸게요~  한 세트 또 시킬까 생각중~~",
    "Source": "SNS",
    "Domain": "가전",
    "MainCategory": "계절가전",
    "ProductName": "메디하임 USB 마그넷선풍기 미니선풍기 휴대용 MUF-740 1+3",
    "ReviewScore": "100",
    "Syllable": "136",
    "Word": "33",
    "RDate": "20210522",
    "Aspects": [
      {
        "Aspect": "품질",
        "SentimentText": "품질이 너무 마음에 들어요! 추천합니다.!!",
        "SentimentWord": "5",
        "SentimentPolarity": "1"
      },
      {
        "Aspect": "배터리",
        "SentimentText": "충전식이믄 더 좋을듯",
        "SentimentWord": "3",
        "SentimentPolarity": "-1"
      }
    ]
  },
  {
    "Index": "3252",
    "RawText": "너무 좋아요. 바람도 시원하게 성능도 좋고 소리도 적어  컴하면서 잘 사용하고 있습니다.",
    "Source": "SNS",
    "Domain": "가전",
    "MainCategory": "계절가전",
    "ProductName": "메디하임 USB 마그넷선풍기 미니선풍기 휴대용 MUF-740 1+3",
    "ReviewScore": "100",
    "Syllable": "49",
    "Word": "12",
    "RDate": "20210807",
    "GeneralPolarity": "1",
    "Aspects": [
      {
        "Aspect": "기능",
        "SentimentText": "바람도 시원하게 성능도 좋고",
        "SentimentWord": "4",
        "SentimentPolarity": "1"
      },
      {
        "Aspect": "소음",
        "SentimentText": "소리도 적어 컴하면서 잘 사용하고 있습니다.",
        "SentimentWord": "6",
        "SentimentPolarity": "1"
      }
    ]
  },
  {
    "Index": "3253",
    "RawText": "바람세기도 쎄서 시원하고 가격은 싸고 최고 혜자템요 ",
    "Source": "SNS",
    "Domain": "가전",
    "MainCategory": "계절가전",
    "ProductName": "메디하임 USB 마그넷선풍기 미니선풍기 휴대용 MUF-740 1+3",
    "ReviewScore": "100",
    "Syllable": "29",
    "Word": "7",
    "RDate": "20210930",
    "GeneralPolarity": "1",
    "Aspects": [
      {
        "Aspect": "기능",
        "SentimentText": "바람세기도 쎄서 시원하고",
        "SentimentWord": "3",
        "SentimentPolarity": "1"
      },
      {
        "Aspect": "가격",
        "SentimentText": "가격은 싸고 최고 혜자템요",
        "SentimentWord": "4",
        "SentimentPolarity": "1"
      }
    ]
  },
  {
    "Index": "3254",
    "RawText": "사이즈는 딱 좋은데...예상외로 소리가 꽤 시끄럽네요",
    "Source": "SNS",
    "Domain": "가전",
    "MainCategory": "계절가전",
    "ProductName": "메디하임 USB 마그넷선풍기 미니선풍기 휴대용 MUF-740 1+3",
    "ReviewScore": "80",
    "Syllable": "29",
    "Word": "6",
    "RDate": "20210804",
    "GeneralPolarity": "0",
    "Aspects": [
      {
        "Aspect": "사이즈",
        "SentimentText": "사이즈는 딱 좋은데..",
        "SentimentWord": "3",
        "SentimentPolarity": "1"
      },
      {
        "Aspect": "소음",
        "SentimentText": "예상외로 소리가 꽤 시끄럽네요",
        "SentimentWord": "4",
        "SentimentPolarity": "-1"
      }
    ]
  },
  {
    "Index": "3255",
    "RawText": "생각보다커서 식탁앞에두고 사용하기엔 --; 켜보니 겁나시원하내요ㅎ 잘 쓸께요ㅎ",
    "Source": "SNS",
    "Domain": "가전",
    "MainCategory": "계절가전",
    "ProductName": "메디하임 USB 마그넷선풍기 미니선풍기 휴대용 MUF-740 1+3",
    "ReviewScore": "100",
    "Syllable": "43",
    "Word": "8",
    "RDate": "20210518",
    "Aspects": [
      {
        "Aspect": "사이즈",
        "SentimentText": "생각보다커서 식탁앞에두고 사용하기엔 --;",
        "SentimentWord": "4",
        "SentimentPolarity": "-1"
      },
      {
        "Aspect": "기능",
        "SentimentText": "켜보니 겁나시원하내요ㅎ",
        "SentimentWord": "2",
        "SentimentPolarity": "1"
      }
    ]
  },
  {
    "Index": "3256",
    "RawText": "저렴한 가격으로 구매 했어요  그런데 충전식이 아니라 아쉽네요 소음 적고 제품은 좋은듯",
    "Source": "SNS",
    "Domain": "가전",
    "MainCategory": "계절가전",
    "ProductName": "메디하임 USB 마그넷선풍기 미니선풍기 휴대용 MUF-740 1+3",
    "ReviewScore": "100",
    "Syllable": "48",
    "Word": "12",
    "RDate": "20210523",
    "Aspects": [
      {
        "Aspect": "가격",
        "SentimentText": "저렴한 가격으로 구매 했어요 ",
        "SentimentWord": "4",
        "SentimentPolarity": "1"
      },
      {
        "Aspect": "배터리",
        "SentimentText": "충전식이 아니라 아쉽네요 ",
        "SentimentWord": "3",
        "SentimentPolarity": "-1"
      },
      {
        "Aspect": "소음",
        "SentimentText": "소음 적고 제품은 좋은듯",
        "SentimentWord": "4",
        "SentimentPolarity": "1"
      }
    ]
  },
  {
    "Index": "3257",
    "RawText": "퀄리티가 딱 가격만큼하네요..2단누르면 소음심함...",
    "Source": "SNS",
    "Domain": "가전",
    "MainCategory": "계절가전",
    "ProductName": "메디하임 USB 탁상용 접이식 선풍기 MUF-620 1+3",
    "ReviewScore": "20",
    "Syllable": "29",
    "Word": "4",
    "RDate": "20210707",
    "GeneralPolarity": "-1",
    "Aspects": [
      {
        "Aspect": "품질",
        "SentimentText": "퀄리티가 딱 가격만큼하네요..",
        "SentimentWord": "3",
        "SentimentPolarity": "-1"
      },
      {
        "Aspect": "소음",
        "SentimentText": "2단누르면 소음심함",
        "SentimentWord": "2",
        "SentimentPolarity": "-1"
      }
    ]
  },
  {
    "Index": "3258",
    "RawText": "감사합니다 포장이랑 배송 만족합니다 사업번창하세요 다음에 또 이용할께요 사이즈 아담한게 너무 귀엽고 사랑스럽네요. 1단에서도 주변을 시원하게 만드는게 성능 최고",
    "Source": "SNS",
    "Domain": "가전",
    "MainCategory": "계절가전",
    "ProductName": "메디하임 선풍기 /미니선풍기/휴대용/탁상용/USB MUF-620",
    "ReviewScore": "100",
    "Syllable": "89",
    "Word": "19",
    "RDate": "20190613",
    "Aspects": [
      {
        "Aspect": "사이즈",
        "SentimentText": "사이즈 아담한게 너무 귀엽고 사랑스럽네요.",
        "SentimentWord": "5",
        "SentimentPolarity": "1"
      },
      {
        "Aspect": "기능",
        "SentimentText": "1단에서도 주변을 시원하게 만드는게 성능 최고",
        "SentimentWord": "6",
        "SentimentPolarity": "1"
      }
    ]
  },
  {
    "Index": "3259",
    "RawText": "회전할때 소리는 조용하지만 바람이 약해서 별로 시원하지 않아요",
    "Source": "SNS",
    "Domain": "가전",
    "MainCategory": "계절가전",
    "ProductName": "메디하임 선풍기 /미니선풍기/휴대용/탁상용/USB MUF-720",
    "ReviewScore": "40",
    "Syllable": "34",
    "Word": "8",
    "RDate": "20190507",
    "GeneralPolarity": "0",
    "Aspects": [
      {
        "Aspect": "소음",
        "SentimentText": "회전할때 소리는 조용하지만",
        "SentimentWord": "3",
        "SentimentPolarity": "1"
      },
      {
        "Aspect": "기능",
        "SentimentText": "바람이 약해서 별로 시원하지 않아요",
        "SentimentWord": "5",
        "SentimentPolarity": "-1"
      }
    ]
  },
  {
    "Index": "3260",
    "RawText": "크기는 작지만 바람은센편이여요.그래서 소리도 좀 큰듯하네요~~~^^",
    "Source": "SNS",
    "Domain": "가전",
    "MainCategory": "계절가전",
    "ProductName": "목걸이 선풍기 휴대용 접이식 핸디 충전식 WF-H205",
    "ReviewScore": "80",
    "Syllable": "37",
    "Word": "6",
    "RDate": "20210813",
    "GeneralPolarity": "0",
    "Aspects": [
      {
        "Aspect": "사이즈",
        "SentimentText": "크기는 작지만 바람은센편이여요.",
        "SentimentWord": "3",
        "SentimentPolarity": "1"
      },
      {
        "Aspect": "기능",
        "SentimentText": "바람은센편이여요",
        "SentimentWord": "1",
        "SentimentPolarity": "1"
      },
      {
        "Aspect": "소음",
        "SentimentText": "그래서 소리도 좀 큰듯하네요~~~^^",
        "SentimentWord": "4",
        "SentimentPolarity": "0"
      }
    ]
  },
  {
    "Index": "3261",
    "RawText": "기능이 정말 시원하고   작은사이즈가  장소에 구애받지않는 사이즈라 넘조아요",
    "Source": "SNS",
    "Domain": "가전",
    "MainCategory": "계절가전",
    "ProductName": "무선 선풍기 탁상용 캠핑용 휴대용 WF-KAI",
    "ReviewScore": "100",
    "Syllable": "42",
    "Word": "8",
    "RDate": "20210810",
    "Aspects": [
      {
        "Aspect": "기능",
        "SentimentText": " 기능이 정말 시원하고",
        "SentimentWord": "3",
        "SentimentPolarity": "1"
      },
      {
        "Aspect": "사이즈",
        "SentimentText": "작은사이즈가  장소에 구애받지않는 사이즈라 넘조아요",
        "SentimentWord": "5",
        "SentimentPolarity": "1"
      }
    ]
  },
  {
    "Index": "3262",
    "RawText": "잘 사용하고 있어요. 작아서 책상에 놓고 사용하기 좋아요. 세게틀면 좀 떨리는데 튼튼하진 않네요. ",
    "Source": "SNS",
    "Domain": "가전",
    "MainCategory": "계절가전",
    "ProductName": "무선 선풍기 탁상용 캠핑용 휴대용 WF-KAI",
    "ReviewScore": "100",
    "Syllable": "55",
    "Word": "13",
    "RDate": "20210815",
    "GeneralPolarity": "0",
    "Aspects": [
      {
        "Aspect": "사이즈",
        "SentimentText": "작아서 책상에 놓고 사용하기 좋아요. ",
        "SentimentWord": "5",
        "SentimentPolarity": "1"
      },
      {
        "Aspect": "품질",
        "SentimentText": "세게틀면 좀 떨리는데 튼튼하진 않네요.",
        "SentimentWord": "5",
        "SentimentPolarity": "-1"
      }
    ]
  },
  {
    "Index": "3263",
    "RawText": "가성비 좋은 선풍 추천합니다. 소음도 생활소음정도 입니다",
    "Source": "SNS",
    "Domain": "가전",
    "MainCategory": "계절가전",
    "ProductName": "바겐슈타이거 모토 써큘레이터 BT-SCL01",
    "ReviewScore": "100",
    "Syllable": "31",
    "Word": "7",
    "RDate": "20210721",
    "GeneralPolarity": "1",
    "Aspects": [
      {
        "Aspect": "가격",
        "SentimentText": "가성비 좋은 선풍 추천합니다.",
        "SentimentWord": "4",
        "SentimentPolarity": "1"
      },
      {
        "Aspect": "소음",
        "SentimentText": "소음도 생활소음정도 입니다",
        "SentimentWord": "3",
        "SentimentPolarity": "1"
      }
    ]
  },
  {
    "Index": "3264",
    "RawText": "가성비 좋은 제품입니다 바람이 세지않아서 좋구요",
    "Source": "SNS",
    "Domain": "가전",
    "MainCategory": "계절가전",
    "ProductName": "바겐슈타이거 모토 써큘레이터 BT-SCL01",
    "ReviewScore": "100",
    "Syllable": "26",
    "Word": "6",
    "RDate": "20210803",
    "GeneralPolarity": "1",
    "Aspects": [
      {
        "Aspect": "가격",
        "SentimentText": "가성비 좋은 제품입니다",
        "SentimentWord": "3",
        "SentimentPolarity": "1"
      },
      {
        "Aspect": "기능",
        "SentimentText": " 바람이 세지않아서 좋구요",
        "SentimentWord": "3",
        "SentimentPolarity": "1"
      }
    ]
  },
  {
    "Index": "3265",
    "RawText": "가성비 짱입니다~ 착한 가격에 성능도 좋아서 우리집 거실에서 열 일하고 있네요.... 조립도 간단해서 쉬워요 올 여름 잘 사용하고 있네요~^^",
    "Source": "SNS",
    "Domain": "가전",
    "MainCategory": "계절가전",
    "ProductName": "바겐슈타이거 모토 써큘레이터 BT-SCL01",
    "ReviewScore": "100",
    "Syllable": "79",
    "Word": "19",
    "RDate": "20210805",
    "GeneralPolarity": "1",
    "Aspects": [
      {
        "Aspect": "가격",
        "SentimentText": "가성비 짱입니다~착한 가격에 성능도 좋아서 우리집 거실에서 열 일하고 있네요",
        "SentimentWord": "10",
        "SentimentPolarity": "1"
      },
      {
        "Aspect": "조작성",
        "SentimentText": "조립도 간단해서 쉬워요 올 여름 잘 사용하고 있네요",
        "SentimentWord": "8",
        "SentimentPolarity": "1"
      }
    ]
  },
  {
    "Index": "3266",
    "RawText": "공기순환용도로 써큘 보던중인데  가격 저렴하여 만족해요 괜찮아보여서 주문했어요~ 기능도 아주 딱 기본ㅋ조작도 참 간단해서 편하네요ㅋ 가격만큼인듯하구요 바람 세기 나쁘지않아요 바람 직접 쐬지않고 방향 위쪽으로해서 애들 잘때 해주면 좋아요",
    "Source": "SNS",
    "Domain": "가전",
    "MainCategory": "계절가전",
    "ProductName": "바겐슈타이거 모토 써큘레이터 BT-SCL01",
    "ReviewScore": "100",
    "Syllable": "131",
    "Word": "28",
    "RDate": "20210806",
    "GeneralPolarity": "1",
    "Aspects": [
      {
        "Aspect": "가격",
        "SentimentText": "가격 저렴하여 만족해요",
        "SentimentWord": "3",
        "SentimentPolarity": "1"
      },
      {
        "Aspect": "조작성",
        "SentimentText": "조작도 참 간단해서 편하네요ㅋ",
        "SentimentWord": "4",
        "SentimentPolarity": "1"
      },
      {
        "Aspect": "기능",
        "SentimentText": " 바람 세기 나쁘지않아요",
        "SentimentWord": "3",
        "SentimentPolarity": "1"
      }
    ]
  },
  {
    "Index": "3267",
    "RawText": "높낮이 조절 안됩니다. 타이머 없습니다. 리모컨도 없습니다.",
    "Source": "SNS",
    "Domain": "가전",
    "MainCategory": "계절가전",
    "ProductName": "바겐슈타이거 모토 써큘레이터 BT-SCL01",
    "ReviewScore": "20",
    "Syllable": "33",
    "Word": "7",
    "RDate": "20210517",
    "GeneralPolarity": "-1",
    "Aspects": [
      {
        "Aspect": "기능",
        "SentimentText": "높낮이 조절 안됩니다",
        "SentimentWord": "3",
        "SentimentPolarity": "-1"
      },
      {
        "Aspect": "기능",
        "SentimentText": "타이머 없습니다",
        "SentimentWord": "2",
        "SentimentPolarity": "-1"
      },
      {
        "Aspect": "제품구성",
        "SentimentText": "리모컨도 없습니다.",
        "SentimentWord": "2",
        "SentimentPolarity": "-1"
      }
    ]
  },
  {
    "Index": "3268",
    "RawText": "리모컨이 없어 엄청불편한데 작아도 바람은 엄청쎄고  가성비는 좋아요~^^",
    "Source": "SNS",
    "Domain": "가전",
    "MainCategory": "계절가전",
    "ProductName": "바겐슈타이거 모토 써큘레이터 BT-SCL01",
    "ReviewScore": "100",
    "Syllable": "40",
    "Word": "8",
    "RDate": "20210721",
    "GeneralPolarity": "1",
    "Aspects": [
      {
        "Aspect": "제품구성",
        "SentimentText": "리모컨이 없어 엄청불편한데 ",
        "SentimentWord": "3",
        "SentimentPolarity": "-1"
      },
      {
        "Aspect": "기능",
        "SentimentText": "작아도  바람은 엄청쎄고 ",
        "SentimentWord": "3",
        "SentimentPolarity": "1"
      },
      {
        "Aspect": "가격",
        "SentimentText": "가성비는 좋아요",
        "SentimentWord": "2",
        "SentimentPolarity": "1"
      }
    ]
  },
  {
    "Index": "3269",
    "RawText": "35W라 전기 부담이 없어 좋네요 바람이 매우약하여 비추천 일단, 이단은 바로앞에 얼굴을 대면 느껴지는정도. 삼단틀어도 선풍기 미풍보다약해서 안시원해요. 00쇼핑에서는 단순변임은 반품불가사유라고함. 그리고 00쇼핑에서 업체에 반품상담을 신청하고 업체에서 00쇼핑에 답변을해주면 00쇼핑에서 고객에게 반품문의에 대한 결과를 알려줌 업체는 일단 물건을 반품하라고하고, 이미 한번꺼내서 사용했기때문에 반품이 안될수도 있다고 알려줌 단순변심도 안되고, 바람이 진짜 말도안되게 약해서반품하는데 사용했다고 반품이 안되는게 이해불가.ㅋㅋㅋㅋㅋㅋㅋㅋㅋㅋㅋㅋ",
    "Source": "SNS",
    "Domain": "가전",
    "MainCategory": "계절가전",
    "ProductName": "바겐슈타이거 모토 써큘레이터 BT-SCL01",
    "ReviewScore": "10",
    "Syllable": "303",
    "Word": "56",
    "RDate": "20210715",
    "Aspects": [
      {
        "Aspect": "기능",
        "SentimentText": "바람이 매우약하여 비추천",
        "SentimentWord": "3",
        "SentimentPolarity": "-1"
      },
      {
        "Aspect": "기능",
        "SentimentText": "삼단틀어도 선풍기 미풍보다약해서 안시원해요.",
        "SentimentWord": "4",
        "SentimentPolarity": "-1"
      },
      {
        "Aspect": "소비전력",
        "SentimentText": "35W라 전기 부담이 없어 좋네요",
        "SentimentWord": "5",
        "SentimentPolarity": "1"
      }
    ]
  },
  {
    "Index": "3270",
    "RawText": "생각보다 괜찮아요 엄청 고민했는데 소음조금있지만 견딜만해요.  시원해요 높낮이를 직접 교체하는게 번거롭지만 ㄱㅊㄱㅊ 대신 좌우로는 자동으로 돌아가는데  아래는 안내려가고 위로는 손으로 올리면 그상태로 고정되어 불편하네요 가격대비 만족합니다",
    "Source": "SNS",
    "Domain": "가전",
    "MainCategory": "계절가전",
    "ProductName": "바겐슈타이거 모토 써큘레이터 BT-SCL01",
    "ReviewScore": "100",
    "Syllable": "133",
    "Word": "26",
    "RDate": "20210721",
    "GeneralPolarity": "1",
    "Aspects": [
      {
        "Aspect": "소음",
        "SentimentText": "소음조금있지만 견딜만해요. ",
        "SentimentWord": "2",
        "SentimentPolarity": "1"
      },
      {
        "Aspect": "편의성",
        "SentimentText": "높낮이를 직접 교체하는게 번거롭지만 ㄱㅊㄱㅊ",
        "SentimentWord": "5",
        "SentimentPolarity": "-1"
      },
      {
        "Aspect": "조작성",
        "SentimentText": " 아래는 안내려가고 위로는 손으로 올리면 그상태로 고정되어 불편하네요",
        "SentimentWord": "8",
        "SentimentPolarity": "0"
      },
      {
        "Aspect": "가격",
        "SentimentText": " 가격대비 만족합니다",
        "SentimentWord": "2",
        "SentimentPolarity": "1"
      }
    ]
  },
  {
    "Index": "3271",
    "RawText": "서큘레이터 비슷하게 생긴 저가 선풍기입니다. 그리고 조립하고 나니까 시간설정기능이 없어 황당하네요. 싸구려 선풍기에도 있는 기능인데.  돈 좀 더주고 제대로 된거 사세요. 사진하고 후기에 속았어요 일단 조립했으니원하던 기능이 없어  비추입니다.",
    "Source": "SNS",
    "Domain": "가전",
    "MainCategory": "계절가전",
    "ProductName": "바겐슈타이거 모토 써큘레이터 BT-SCL01",
    "ReviewScore": "40",
    "Syllable": "136",
    "Word": "29",
    "RDate": "20210716",
    "GeneralPolarity": "-1",
    "Aspects": [
      {
        "Aspect": "기능",
        "SentimentText": "시간설정기능이 없어 황당하네요.",
        "SentimentWord": "3",
        "SentimentPolarity": "-1"
      },
      {
        "Aspect": "기능",
        "SentimentText": "일단 조립했으니 원하던 기능이 없어 비추입니다.",
        "SentimentWord": "6",
        "SentimentPolarity": "-1"
      }
    ]
  },
  {
    "Index": "3272",
    "RawText": "소음이 좀 있네요.. 가격이좋아 그런데로 만족합니다",
    "Source": "SNS",
    "Domain": "가전",
    "MainCategory": "계절가전",
    "ProductName": "바겐슈타이거 모토 써큘레이터 BT-SCL01",
    "ReviewScore": "60",
    "Syllable": "28",
    "Word": "6",
    "RDate": "20210708",
    "GeneralPolarity": "1",
    "Aspects": [
      {
        "Aspect": "소음",
        "SentimentText": "소음이 좀 있네요..",
        "SentimentWord": "3",
        "SentimentPolarity": "0"
      },
      {
        "Aspect": "가격",
        "SentimentText": "가격이좋아 그런데로 만족합니다",
        "SentimentWord": "3",
        "SentimentPolarity": "1"
      }
    ]
  },
  {
    "Index": "3273",
    "RawText": "싼 가격에 구입했습니다  바람 멀리까지 가고 본체 높낮이 두가지 스타일  (교체 하려면 조금 번거롭지만) 괜찮아요 그런데 결정적인 타임 선택이 없습니다~ㅠ 여기서 별 두개반 ~",
    "Source": "SNS",
    "Domain": "가전",
    "MainCategory": "계절가전",
    "ProductName": "바겐슈타이거 모토 써큘레이터 BT-SCL01",
    "ReviewScore": "50",
    "Syllable": "98",
    "Word": "24",
    "RDate": "20210603",
    "GeneralPolarity": "0",
    "Aspects": [
      {
        "Aspect": "기능",
        "SentimentText": "바람 멀리까지 가고 본체 높낮이 두가지 스타일  (교체 하려면 조금 번거롭지만) 괜찮아요 ",
        "SentimentWord": "12",
        "SentimentPolarity": "1"
      },
      {
        "Aspect": "가격",
        "SentimentText": "싼 가격에 구입했습니다 ",
        "SentimentWord": "3",
        "SentimentPolarity": "1"
      },
      {
        "Aspect": "기능",
        "SentimentText": "결정적인 타임 선택이 없습니다~ㅠ 여기서 별 두개반 ",
        "SentimentWord": "7",
        "SentimentPolarity": "0"
      }
    ]
  },
  {
    "Index": "3274",
    "RawText": "올여름잘쓰고있어요.근데시간갈수로소음이생기네요.그리고바람이그렇게강하진않아요",
    "Source": "SNS",
    "Domain": "가전",
    "MainCategory": "계절가전",
    "ProductName": "바겐슈타이거 모토 써큘레이터 BT-SCL01",
    "ReviewScore": "100",
    "Syllable": "40",
    "Word": "1",
    "RDate": "20210829",
    "GeneralPolarity": "0",
    "Aspects": [
      {
        "Aspect": "소음",
        "SentimentText": "시간갈수로소음이생기네요.",
        "SentimentWord": "1",
        "SentimentPolarity": "-1"
      },
      {
        "Aspect": "기능",
        "SentimentText": "바람이그렇게강하진않아요",
        "SentimentWord": "1",
        "SentimentPolarity": "0"
      }
    ]
  }
]