[
  {
    "Index": "43992",
    "RawText": "오늘 받아 처음 사용해보니 2시간만에 물이 생겨 신기하네요.. 제습력 짱 좋아요.  제품에 바퀴가 달려 있어서 이방저방 이동이 용이해서 만족해요.",
    "Source": "쇼핑몰",
    "Domain": "가전",
    "MainCategory": "계절가전",
    "ProductName": "뽀송 위닉스 DXSH170-KWK",
    "ReviewScore": "5",
    "Syllable": "81",
    "Word": "19",
    "RDate": "20210618",
    "GeneralPolarity": "1",
    "Aspects": [
      {
        "Aspect": "기능",
        "SentimentText": "오늘 받아 처음 사용해보니 2시간만에 물이 생겨 신기하네요.. 제습력 짱 좋아요. ",
        "SentimentWord": "11",
        "SentimentPolarity": "1"
      },
      {
        "Aspect": "편의성",
        "SentimentText": "제품에 바퀴가 달려 있어서 이방저방 이동이 용이해서 만족해요. ",
        "SentimentWord": "8",
        "SentimentPolarity": "1"
      }
    ]
  },
  {
    "Index": "43993",
    "RawText": "아파트에 베란다가 없어서 거실에 이불 말릴때 사용하면 금방 건조가 되어 마음에 들어요.. 다만 종일 사용하니 본체에서 뜨거운 바람이 조금씩 나와서 불편하고 안좋네요. ㅜ",
    "Source": "쇼핑몰",
    "Domain": "가전",
    "MainCategory": "계절가전",
    "ProductName": "뽀송 위닉스 DXSH170-KWK",
    "ReviewScore": "5",
    "Syllable": "94",
    "Word": "23",
    "RDate": "20211113",
    "GeneralPolarity": "0",
    "Aspects": [
      {
        "Aspect": "기능",
        "SentimentText": "아파트에 베란다가 없어서 거실에 이불 말릴때 사용하면 금방 건조가 되어 마음에 들어요..",
        "SentimentWord": "12",
        "SentimentPolarity": "1"
      },
      {
        "Aspect": "내구성",
        "SentimentText": "다만 종일 사용하니 본체에서 뜨거운 바람이 조금씩 나와서 불편하고 안좋네요. ㅜ ",
        "SentimentWord": "11",
        "SentimentPolarity": "-1"
      }
    ]
  },
  {
    "Index": "43994",
    "RawText": "너무 덥고 습한 요즘 날씨에 꼭 필요한 제품이네요.. 제습력 너무 좋아 끈적함이 사라졌어요. 굿 ^^ 다만 제품 표면에 살짝 스크래치가 나있어서 새제품인데 실망스럽네요. ㅜ",
    "Source": "쇼핑몰",
    "Domain": "가전",
    "MainCategory": "계절가전",
    "ProductName": "뽀송 위닉스 DXSH170-KWK",
    "ReviewScore": "5",
    "Syllable": "96",
    "Word": "24",
    "RDate": "20220821",
    "GeneralPolarity": "0",
    "Aspects": [
      {
        "Aspect": "기능",
        "SentimentText": "너무 덥고 습한 요즘 날씨에 꼭 필요한 제품이네요.. 제습력 너무 좋아 끈적함이 사라졌어요. 굿 ^^",
        "SentimentWord": "15",
        "SentimentPolarity": "1"
      },
      {
        "Aspect": "품질",
        "SentimentText": "다만 제품 표면에 살짝 스크래치가 나있어서 새제품인데 실망스럽네요. ㅜ ",
        "SentimentWord": "9",
        "SentimentPolarity": "-1"
      }
    ]
  },
  {
    "Index": "43995",
    "RawText": "일찍부터 장마철이 다가와 제습기 효과 톡톡히 보고 있어요. 제습력 대박 좋아요.. 다만 베란다에서 사용할때 호스연결하는 부속품을 별도로 구입해야해서 불만족스럽네요. ㅜ",
    "Source": "쇼핑몰",
    "Domain": "가전",
    "MainCategory": "계절가전",
    "ProductName": "뽀송 위닉스 DXSH170-KWK",
    "ReviewScore": "5",
    "Syllable": "93",
    "Word": "20",
    "RDate": "20220705",
    "GeneralPolarity": "0",
    "Aspects": [
      {
        "Aspect": "기능",
        "SentimentText": "일찍부터 장마철이 다가와 제습기 효과 톡톡히 보고 있어요. 제습력 대박 좋아요..",
        "SentimentWord": "11",
        "SentimentPolarity": "1"
      },
      {
        "Aspect": "제품구성",
        "SentimentText": "다만 베란다에서 사용할때 호스연결하는 부속품을 별도로 구입해야해서 불만족스럽네요. ㅜ ",
        "SentimentWord": "9",
        "SentimentPolarity": "-1"
      }
    ]
  },
  {
    "Index": "43996",
    "RawText": "제습력이 우수해서 집안이 늘 쾌적한 상태라 외출하고 돌아오면 기분 좋아져요.. 잘 샀어요.  다만 제품 코드연결선이 짧아서 멀티탭을 연결해 놓으니 볼때마다 지저분해 보여서 마음에 안들어요.",
    "Source": "쇼핑몰",
    "Domain": "가전",
    "MainCategory": "계절가전",
    "ProductName": "뽀송 위닉스 DXSH170-KWK",
    "ReviewScore": "5",
    "Syllable": "105",
    "Word": "24",
    "RDate": "20210625",
    "Aspects": [
      {
        "Aspect": "기능",
        "SentimentText": "제습력이 우수해서 집안이 늘 쾌적한 상태라 외출하고 돌아오면 기분 좋아져요.. 잘 샀어요. ",
        "SentimentWord": "12",
        "SentimentPolarity": "1"
      },
      {
        "Aspect": "사이즈",
        "SentimentText": "다만 제품 코드연결선이 짧아서 멀티탭을 연결해 놓으니 볼때마다 지저분해 보여서 마음에 안들어요. ",
        "SentimentWord": "12",
        "SentimentPolarity": "-1"
      }
    ]
  },
  {
    "Index": "43997",
    "RawText": "3번째 구입.  예전 제품에 비해 훨씬 조용해져서 마음에 듭니다.  하단부에 360도 회전 바퀴도 부드럽게 돌아가서 이동할때 편리해요.. 굿 ~",
    "Source": "쇼핑몰",
    "Domain": "가전",
    "MainCategory": "계절가전",
    "ProductName": "뽀송 위닉스 DXSH170-KWK",
    "ReviewScore": "5",
    "Syllable": "80",
    "Word": "19",
    "RDate": "20220822",
    "GeneralPolarity": "1",
    "Aspects": [
      {
        "Aspect": "소음",
        "SentimentText": "예전 제품에 비해 훨씬 조용해져서 마음에 듭니다. ",
        "SentimentWord": "7",
        "SentimentPolarity": "1"
      },
      {
        "Aspect": "편의성",
        "SentimentText": "하단부에 360도 회전 바퀴도 부드럽게 돌아가서 이동할때 편리해요.. 굿 ~",
        "SentimentWord": "10",
        "SentimentPolarity": "1"
      }
    ]
  },
  {
    "Index": "43999",
    "RawText": "전에 사용하던 제품이 고장없고 품질 우수해서 이번에도 같은 OOO회사 제품으로 픽했어요. 써보니 역시나 굿~! 대용량 제품이라 이틀에 한번정도만 물통 비워내면 돼서 편해서 좋네요.. 제품 외형이 깨끗하고 깔끔해서 마음에 들어요..  작동소음도 적어서 좋고, 제품 사이즈는 많이 커서 별로에요. ㅜ",
    "Source": "쇼핑몰",
    "Domain": "가전",
    "MainCategory": "계절가전",
    "ProductName": "뽀송 위닉스 DXSH170-KWK",
    "ReviewScore": "5",
    "Syllable": "165",
    "Word": "38",
    "RDate": "20211020",
    "Aspects": [
      {
        "Aspect": "품질",
        "SentimentText": "전에 사용하던 제품이 고장없고 품질 우수해서 이번에도 같은 OOO회사 제품으로 픽했어요. 써보니 역시나 굿~!",
        "SentimentWord": "14",
        "SentimentPolarity": "1"
      },
      {
        "Aspect": "용량",
        "SentimentText": "대용량 제품이라 이틀에 한번정도만 물통 비워내면 돼서 편해서 좋네요..",
        "SentimentWord": "9",
        "SentimentPolarity": "1"
      },
      {
        "Aspect": "디자인",
        "SentimentText": "제품 외형이 깨끗하고 깔끔해서 마음에 들어요.. ",
        "SentimentWord": "6",
        "SentimentPolarity": "1"
      },
      {
        "Aspect": "소음",
        "SentimentText": "작동소음도 적어서 좋고",
        "SentimentWord": "3",
        "SentimentPolarity": "1"
      },
      {
        "Aspect": "사이즈",
        "SentimentText": "제품 사이즈는 많이 커서 별로에요. ㅜ ",
        "SentimentWord": "6",
        "SentimentPolarity": "-1"
      }
    ]
  },
  {
    "Index": "44000",
    "RawText": "소비전력효율이 1등급이라 전기세 걱정없이 사용할 수 있어서 좋아요..  물통이 5.8L의 대용량이라 물 비우는 횟수가 적어서 편리해 마음에 듭니다.  제품 작동법이 매우 간편하고 쉬워서 만족해요.  제습능력이 아주 우수해서 집안이 늘 쾌적해 기분 좋아요..",
    "Source": "쇼핑몰",
    "Domain": "가전",
    "MainCategory": "계절가전",
    "ProductName": "뽀송 위닉스 DXSH170-KWK",
    "ReviewScore": "5",
    "Syllable": "143",
    "Word": "32",
    "RDate": "20210610",
    "GeneralPolarity": "1",
    "Aspects": [
      {
        "Aspect": "소비전력",
        "SentimentText": "소비전력효율이 1등급이라 전기세 걱정없이 사용할 수 있어서 좋아요.. ",
        "SentimentWord": "8",
        "SentimentPolarity": "1"
      },
      {
        "Aspect": "용량",
        "SentimentText": "물통이 5.8L의 대용량이라 물 비우는 횟수가 적어서 편리해 마음에 듭니다. ",
        "SentimentWord": "10",
        "SentimentPolarity": "1"
      },
      {
        "Aspect": "조작성",
        "SentimentText": "제품 작동법이 매우 간편하고 쉬워서 만족해요. ",
        "SentimentWord": "6",
        "SentimentPolarity": "1"
      },
      {
        "Aspect": "기능",
        "SentimentText": "제습능력이 아주 우수해서 집안이 늘 쾌적해 기분 좋아요.. ",
        "SentimentWord": "8",
        "SentimentPolarity": "1"
      }
    ]
  },
  {
    "Index": "44001",
    "RawText": "여름철 가전 판매량 1위 OOO회사 제품이라 고민없이 구입했는데 사용해보니 역시나 좋네요.  선물해드렸는데 제품 써보시고 제습능력이 탁월하다고 흡족해하시네요.",
    "Source": "쇼핑몰",
    "Domain": "가전",
    "MainCategory": "계절가전",
    "ProductName": "뽀송 위닉스 DXSH170-KWK",
    "ReviewScore": "5",
    "Syllable": "88",
    "Word": "17",
    "RDate": "20220827",
    "GeneralPolarity": "1",
    "Aspects": [
      {
        "Aspect": "제조일/제조사",
        "SentimentText": "여름철 가전 판매량 1위 OOO회사 제품이라 고민없이 구입했는데 사용해보니 역시나 좋네요. ",
        "SentimentWord": "11",
        "SentimentPolarity": "1"
      },
      {
        "Aspect": "기능",
        "SentimentText": "선물해드렸는데 제품 써보시고 제습능력이 탁월하다고 흡족해하시네요. ",
        "SentimentWord": "6",
        "SentimentPolarity": "1"
      }
    ]
  },
  {
    "Index": "44002",
    "RawText": "물통이 금세 차네요~ 성능이 진짜 좋아요.  ooo 제습기가 역시 최고네요~",
    "Source": "쇼핑몰",
    "Domain": "가전",
    "MainCategory": "계절가전",
    "ProductName": "뽀송 위닉스 DXSH170-KWK",
    "ReviewScore": "5",
    "Syllable": "42",
    "Word": "10",
    "RDate": "20220712",
    "GeneralPolarity": "1",
    "Aspects": [
      {
        "Aspect": "기능",
        "SentimentText": "물통이 금세 차네요~ 성능이 진짜 좋아요.",
        "SentimentWord": "6",
        "SentimentPolarity": "1"
      },
      {
        "Aspect": "제조일/제조사",
        "SentimentText": "ooo 제습기가 역시 최고네요~",
        "SentimentWord": "4",
        "SentimentPolarity": "1"
      }
    ]
  },
  {
    "Index": "44003",
    "RawText": "제품 가동할때 소음이 거의 없고 조용해서 마음에 들어요.  또 제습력이 무척 우수해서 아이들 방을 금방 뽀송하게 만들어줘서 좋습니다.  제품 외관이 심플하고 깔끔해서 만족해요.  타사제품에 비해 물통 조작 방법이 매우 편리해서 흡족해요.",
    "Source": "쇼핑몰",
    "Domain": "가전",
    "MainCategory": "계절가전",
    "ProductName": "뽀송 위닉스 DXSH170-KWK",
    "ReviewScore": "5",
    "Syllable": "132",
    "Word": "31",
    "RDate": "20210824",
    "GeneralPolarity": "1",
    "Aspects": [
      {
        "Aspect": "소음",
        "SentimentText": "제품 가동할때 소음이 거의 없고 조용해서 마음에 들어요. ",
        "SentimentWord": "8",
        "SentimentPolarity": "1"
      },
      {
        "Aspect": "기능",
        "SentimentText": "또 제습력이 무척 우수해서 아이들 방을 금방 뽀송하게 만들어줘서 좋습니다. ",
        "SentimentWord": "10",
        "SentimentPolarity": "1"
      },
      {
        "Aspect": "디자인",
        "SentimentText": "제품 외관이 심플하고 깔끔해서 만족해요. ",
        "SentimentWord": "5",
        "SentimentPolarity": "1"
      },
      {
        "Aspect": "조작성",
        "SentimentText": "타사제품에 비해 물통 조작 방법이 매우 편리해서 흡족해요. ",
        "SentimentWord": "8",
        "SentimentPolarity": "1"
      }
    ]
  },
  {
    "Index": "44004",
    "RawText": "장마철 습도가 너무 높아 추가로 한대 더 구입.  제품이 대용량이라 제습속도도 빨라져서 마음에 듭니다.  다만 공기청정기능 사용하려면 청정키트를 별도로 사라고 해서 실망스러워요. ㅜ  ",
    "Source": "쇼핑몰",
    "Domain": "가전",
    "MainCategory": "계절가전",
    "ProductName": "뽀송 위닉스 DXSH170-KWK",
    "ReviewScore": "5",
    "Syllable": "103",
    "Word": "23",
    "RDate": "20220705",
    "GeneralPolarity": "0",
    "Aspects": [
      {
        "Aspect": "시간/속도",
        "SentimentText": "제품이 대용량이라 제습속도도 빨라져서 마음에 듭니다. ",
        "SentimentWord": "6",
        "SentimentPolarity": "1"
      },
      {
        "Aspect": "제품구성",
        "SentimentText": "다만 공기청정기능 사용하려면 청정키트를 별도로 사라고 해서 실망스러워요. ㅜ ",
        "SentimentWord": "9",
        "SentimentPolarity": "-1"
      }
    ]
  },
  {
    "Index": "44005",
    "RawText": "장마철 가전은 역시 OOO회사가 짱이지요.. 사용해보니 너무 좋아요..  다만 물통을 빼고 넣을때 부드럽지 않고 살짝 걸려서 아쉬워요. ㅜ",
    "Source": "쇼핑몰",
    "Domain": "가전",
    "MainCategory": "계절가전",
    "ProductName": "뽀송 위닉스 DXSH170-KWK",
    "ReviewScore": "5",
    "Syllable": "77",
    "Word": "18",
    "RDate": "20210928",
    "GeneralPolarity": "0",
    "Aspects": [
      {
        "Aspect": "제조일/제조사",
        "SentimentText": "장마철 가전은 역시 OOO회사가 짱이지요.. 사용해보니 너무 좋아요.. ",
        "SentimentWord": "8",
        "SentimentPolarity": "1"
      },
      {
        "Aspect": "조작성",
        "SentimentText": "다만 물통을 빼고 넣을때 부드럽지 않고 살짝 걸려서 아쉬워요. ㅜ ",
        "SentimentWord": "10",
        "SentimentPolarity": "-1"
      }
    ]
  },
  {
    "Index": "44006",
    "RawText": "장마철 습도가 높아 끈적거렸는데 제품 사용후로는 집안이 뽀송하고 쾌적해져서 마음에 들어요.  다만 운동화 말릴때 신발키트 필요한데 개인적으로 구입하라고 해서 실망이에요. ㅜ",
    "Source": "쇼핑몰",
    "Domain": "가전",
    "MainCategory": "계절가전",
    "ProductName": "뽀송 위닉스 DXSH170-KWK",
    "ReviewScore": "5",
    "Syllable": "96",
    "Word": "21",
    "RDate": "20220719",
    "GeneralPolarity": "0",
    "Aspects": [
      {
        "Aspect": "기능",
        "SentimentText": "장마철 습도가 높아 끈적거렸는데 제품 사용후로는 집안이 뽀송하고 쾌적해져서 마음에 들어요. ",
        "SentimentWord": "11",
        "SentimentPolarity": "1"
      },
      {
        "Aspect": "제품구성",
        "SentimentText": "다만 운동화 말릴때 신발키트 필요한데 개인적으로 구입하라고 해서 실망이에요. ㅜ ",
        "SentimentWord": "10",
        "SentimentPolarity": "-1"
      }
    ]
  },
  {
    "Index": "44007",
    "RawText": "장바구니에 늘 넣어놓았던 제품인데 세일들어가서 바로 저렴한 가격에 겟했어요.. 굿 ^^ 제품 외형이 무척 예뻐서 마음에 듭니다.",
    "Source": "쇼핑몰",
    "Domain": "가전",
    "MainCategory": "계절가전",
    "ProductName": "뽀송 위닉스 DXSH170-KWK",
    "ReviewScore": "5",
    "Syllable": "71",
    "Word": "17",
    "RDate": "20220607",
    "GeneralPolarity": "1",
    "Aspects": [
      {
        "Aspect": "가격",
        "SentimentText": "장바구니에 늘 넣어놓았던 제품인데 세일들어가서 바로 저렴한 가격에 겟했어요.. 굿 ^^",
        "SentimentWord": "11",
        "SentimentPolarity": "1"
      },
      {
        "Aspect": "디자인",
        "SentimentText": "제품 외형이 무척 예뻐서 마음에 듭니다. ",
        "SentimentWord": "6",
        "SentimentPolarity": "1"
      }
    ]
  },
  {
    "Index": "44008",
    "RawText": "예전 제품에 비해 대용량이라 물통 가끔 교체해주면 돼서 좋아요..  작동소음도 적은 편이라 불편함 없고 만족해요.",
    "Source": "쇼핑몰",
    "Domain": "가전",
    "MainCategory": "계절가전",
    "ProductName": "뽀송 위닉스 DXSH170-KWK",
    "ReviewScore": "5",
    "Syllable": "63",
    "Word": "15",
    "RDate": "20210706",
    "GeneralPolarity": "1",
    "Aspects": [
      {
        "Aspect": "용량",
        "SentimentText": "예전 제품에 비해 대용량이라 물통 가끔 교체해주면 돼서 좋아요.. ",
        "SentimentWord": "9",
        "SentimentPolarity": "1"
      },
      {
        "Aspect": "소음",
        "SentimentText": "작동소음도 적은 편이라 불편함 없고 만족해요. ",
        "SentimentWord": "6",
        "SentimentPolarity": "1"
      }
    ]
  },
  {
    "Index": "44009",
    "RawText": "제품 작동 후로 방안 습도가 확 내려가서 대만족이에요.  다만 제품 사이즈가 상당히 커서 방안에서 오래 사용하면 답답한 느낌이 들어 안 좋네요. ㅜ",
    "Source": "쇼핑몰",
    "Domain": "가전",
    "MainCategory": "계절가전",
    "ProductName": "뽀송 위닉스 DXSH170-KWK",
    "ReviewScore": "5",
    "Syllable": "82",
    "Word": "22",
    "RDate": "20210716",
    "GeneralPolarity": "0",
    "Aspects": [
      {
        "Aspect": "기능",
        "SentimentText": "제품 작동 후로 방안 습도가 확 내려가서 대만족이에요. ",
        "SentimentWord": "8",
        "SentimentPolarity": "1"
      },
      {
        "Aspect": "사이즈",
        "SentimentText": "다만 제품 사이즈가 상당히 커서 방안에서 오래 사용하면 답답한 느낌이 들어 안 좋네요. ㅜ",
        "SentimentWord": "14",
        "SentimentPolarity": "-1"
      }
    ]
  },
  {
    "Index": "44010",
    "RawText": "먼저 사용해보고 제품 성능이 너무 좋아서 부모님 선물해 드렸어요.  다만 제품 무게가 상당히 무거워서 문턱이 많은 부모님댁에서 이동할 때가 문제네요.. 아쉬워요. ㅜ",
    "Source": "쇼핑몰",
    "Domain": "가전",
    "MainCategory": "계절가전",
    "ProductName": "뽀송 위닉스 DXSH170-KWK",
    "ReviewScore": "5",
    "Syllable": "92",
    "Word": "22",
    "RDate": "20220707",
    "GeneralPolarity": "0",
    "Aspects": [
      {
        "Aspect": "기능",
        "SentimentText": "먼저 사용해보고 제품 성능이 너무 좋아서 부모님 선물해 드렸어요. ",
        "SentimentWord": "9",
        "SentimentPolarity": "1"
      },
      {
        "Aspect": "무게",
        "SentimentText": "다만 제품 무게가 상당히 무거워서 문턱이 많은 부모님댁에서 이동할 때가 문제네요.. 아쉬워요. ㅜ ",
        "SentimentWord": "13",
        "SentimentPolarity": "-1"
      }
    ]
  },
  {
    "Index": "44011",
    "RawText": "처음 사용하는데 물통이 물이 차오르는 거 보니 신기하네요.. 몇시간만에 옷들이 뽀송해져서 만족해요..  다만 터치식 작동 버튼이 한번에 인식이 안될때가 종종 있어서 불편하네요. 안좋아요.",
    "Source": "쇼핑몰",
    "Domain": "가전",
    "MainCategory": "계절가전",
    "ProductName": "뽀송 위닉스 DXSH170-KWK",
    "ReviewScore": "5",
    "Syllable": "104",
    "Word": "23",
    "RDate": "20210713",
    "GeneralPolarity": "0",
    "Aspects": [
      {
        "Aspect": "기능",
        "SentimentText": "처음 사용하는데 물통이 물이 차오르는 거 보니 신기하네요.. 몇시간만에 옷들이 뽀송해져서 만족해요.. ",
        "SentimentWord": "12",
        "SentimentPolarity": "1"
      },
      {
        "Aspect": "조작성",
        "SentimentText": "다만 터치식 작동 버튼이 한번에 인식이 안될때가 종종 있어서 불편하네요. 안좋아요. ",
        "SentimentWord": "11",
        "SentimentPolarity": "-1"
      }
    ]
  },
  {
    "Index": "44012",
    "RawText": "할인 행사로 저렴하게 구매할 수 있어서 기분 좋고요!! 성능도 대박~ 집이 완전 뽀송해집니다",
    "Source": "쇼핑몰",
    "Domain": "가전",
    "MainCategory": "계절가전",
    "ProductName": "뽀송 위닉스 DXSH170-KWK",
    "ReviewScore": "5",
    "Syllable": "51",
    "Word": "13",
    "RDate": "20220711",
    "GeneralPolarity": "1",
    "Aspects": [
      {
        "Aspect": "가격",
        "SentimentText": "할인 행사로 저렴하게 구매할 수 있어서 기분 좋고요!! ",
        "SentimentWord": "8",
        "SentimentPolarity": "1"
      },
      {
        "Aspect": "기능",
        "SentimentText": "성능도 대박~ 집이 완전 뽀송해집니다",
        "SentimentWord": "5",
        "SentimentPolarity": "1"
      }
    ]
  },
  {
    "Index": "44013",
    "RawText": "장마철 실내에서 첨 켜봤는데 와우~ 신세계네요.. 집안의 눅눅함이 금방 사라져서 만족합니다.  다만 반나절 사용했는데도 본체에서 열감이 느껴져 아쉽네요. ㅜ",
    "Source": "쇼핑몰",
    "Domain": "가전",
    "MainCategory": "계절가전",
    "ProductName": "뽀송 위닉스 DXSH170-KWK",
    "ReviewScore": "5",
    "Syllable": "87",
    "Word": "19",
    "RDate": "20210710",
    "GeneralPolarity": "0",
    "Aspects": [
      {
        "Aspect": "기능",
        "SentimentText": "장마철 실내에서 첨 켜봤는데 와우~ 신세계네요.. 집안의 눅눅함이 금방 사라져서 만족합니다. ",
        "SentimentWord": "11",
        "SentimentPolarity": "1"
      },
      {
        "Aspect": "내구성",
        "SentimentText": "다만 반나절 사용했는데도 본체에서 열감이 느껴져 아쉽네요. ㅜ ",
        "SentimentWord": "8",
        "SentimentPolarity": "-1"
      }
    ]
  },
  {
    "Index": "44014",
    "RawText": "소음이 너무 커서 밤에 키고 자기 시끄러워요 ㅠㅠ 제습 성능은 진짜 좋아요 집안이 금방 쾌적해져요",
    "Source": "쇼핑몰",
    "Domain": "가전",
    "MainCategory": "계절가전",
    "ProductName": "뽀송 위닉스 DXSH170-KWK",
    "ReviewScore": "5",
    "Syllable": "54",
    "Word": "15",
    "RDate": "20220820",
    "GeneralPolarity": "0",
    "Aspects": [
      {
        "Aspect": "소음",
        "SentimentText": "소음이 너무 커서 밤에 키고 자기 시끄러워요 ㅠㅠ ",
        "SentimentWord": "8",
        "SentimentPolarity": "-1"
      },
      {
        "Aspect": "기능",
        "SentimentText": "제습 성능은 진짜 좋아요 집안이 금방 쾌적해져요",
        "SentimentWord": "7",
        "SentimentPolarity": "1"
      }
    ]
  },
  {
    "Index": "44015",
    "RawText": "소리가 말도 못하게 크네요... 아기 있는 집은 사지마세요.. 물통 용량도 생각보다 작아서 물 버리기 귀찮네요.",
    "Source": "쇼핑몰",
    "Domain": "가전",
    "MainCategory": "계절가전",
    "ProductName": "뽀송 위닉스 DXSH170-KWK",
    "ReviewScore": "3",
    "Syllable": "62",
    "Word": "15",
    "RDate": "20220706",
    "GeneralPolarity": "-1",
    "Aspects": [
      {
        "Aspect": "소음",
        "SentimentText": "소리가 말도 못하게 크네요... 아기 있는 집은 사지마세요..",
        "SentimentWord": "8",
        "SentimentPolarity": "-1"
      },
      {
        "Aspect": "용량",
        "SentimentText": "물통 용량도 생각보다 작아서 물 버리기 귀찮네요.",
        "SentimentWord": "7",
        "SentimentPolarity": "-1"
      }
    ]
  },
  {
    "Index": "44016",
    "RawText": "제습 성능 진짜 강력하네요~~ 집이 완전 뽀송뽀송해요. 그런데 색상이 사진보다 좀 칙칙한 색상이라 아쉬워요~",
    "Source": "쇼핑몰",
    "Domain": "가전",
    "MainCategory": "계절가전",
    "ProductName": "뽀송 위닉스 DXSH170-KWK",
    "ReviewScore": "5",
    "Syllable": "60",
    "Word": "14",
    "RDate": "20220629",
    "GeneralPolarity": "0",
    "Aspects": [
      {
        "Aspect": "기능",
        "SentimentText": "제습 성능 진짜 강력하네요~~ 집이 완전 뽀송뽀송해요. ",
        "SentimentWord": "7",
        "SentimentPolarity": "1"
      },
      {
        "Aspect": "색상",
        "SentimentText": "그런데 색상이 사진보다 좀 칙칙한 색상이라 아쉬워요~",
        "SentimentWord": "7",
        "SentimentPolarity": "-1"
      }
    ]
  },
  {
    "Index": "44017",
    "RawText": "진짜 저렴한 가격에 구매해서 좋아요~ 그런데 습도가 적당해도 기계가 멈추지 않고 계속 바람이 나오네요.. 소음은 너무 커요 ㅠㅠ.. 불편할 정도..",
    "Source": "쇼핑몰",
    "Domain": "가전",
    "MainCategory": "계절가전",
    "ProductName": "뽀송 위닉스 DXSH170-KWK",
    "ReviewScore": "4",
    "Syllable": "82",
    "Word": "20",
    "RDate": "20220821",
    "GeneralPolarity": "-1",
    "Aspects": [
      {
        "Aspect": "가격",
        "SentimentText": "진짜 저렴한 가격에 구매해서 좋아요~ ",
        "SentimentWord": "5",
        "SentimentPolarity": "1"
      },
      {
        "Aspect": "기능",
        "SentimentText": "습도가 적당해도 기계가 멈추지 않고 계속 바람이 나오네요..",
        "SentimentWord": "8",
        "SentimentPolarity": "-1"
      },
      {
        "Aspect": "소음",
        "SentimentText": "소음은 너무 커요 ㅠㅠ.. 불편할 정도.. ",
        "SentimentWord": "6",
        "SentimentPolarity": "-1"
      }
    ]
  },
  {
    "Index": "44018",
    "RawText": "생각보다 소음이 있는데 크게 신경 쓰이지는 않아요~ 그런데 색상은 사진보다 좀 누래서 별로에요 ㅠ",
    "Source": "쇼핑몰",
    "Domain": "가전",
    "MainCategory": "계절가전",
    "ProductName": "뽀송 위닉스 DXSH170-KWK",
    "ReviewScore": "4",
    "Syllable": "54",
    "Word": "14",
    "RDate": "20220801",
    "Aspects": [
      {
        "Aspect": "소음",
        "SentimentText": "생각보다 소음이 있는데 크게 신경 쓰이지는 않아요~ ",
        "SentimentWord": "7",
        "SentimentPolarity": "0"
      },
      {
        "Aspect": "색상",
        "SentimentText": "그런데 색상은 사진보다 좀 누래서 별로에요 ㅠ",
        "SentimentWord": "7",
        "SentimentPolarity": "-1"
      }
    ]
  },
  {
    "Index": "44019",
    "RawText": "카드 할인 있어서 저렴하게 구매했어요~ 짱~ 물통 용량도 넉넉해서 사용하기 좋네요",
    "Source": "쇼핑몰",
    "Domain": "가전",
    "MainCategory": "계절가전",
    "ProductName": "뽀송 위닉스 DXSH170-KWK",
    "ReviewScore": "5",
    "Syllable": "45",
    "Word": "11",
    "RDate": "20211110",
    "GeneralPolarity": "1",
    "Aspects": [
      {
        "Aspect": "가격",
        "SentimentText": "카드 할인 있어서 저렴하게 구매했어요~",
        "SentimentWord": "5",
        "SentimentPolarity": "1"
      },
      {
        "Aspect": "용량",
        "SentimentText": "물통 용량도 넉넉해서 사용하기 좋네요",
        "SentimentWord": "5",
        "SentimentPolarity": "1"
      }
    ]
  },
  {
    "Index": "44020",
    "RawText": "성능 진짜 최고에요~ 방이 항상 눅눅했는데 작동 시키고 몇 시간 만에 쾌적해졌어요~ 조금 아쉬운 건 색상이 흰색인데 좀 누런 흰색이라.. 안예뻐요ㅠ",
    "Source": "쇼핑몰",
    "Domain": "가전",
    "MainCategory": "계절가전",
    "ProductName": "뽀송 위닉스 DXSH170-KWK",
    "ReviewScore": "5",
    "Syllable": "82",
    "Word": "21",
    "RDate": "20210914",
    "GeneralPolarity": "0",
    "Aspects": [
      {
        "Aspect": "기능",
        "SentimentText": "성능 진짜 최고에요~ 방이 항상 눅눅했는데 작동 시키고 몇 시간 만에 쾌적해졌어요~ ",
        "SentimentWord": "12",
        "SentimentPolarity": "1"
      },
      {
        "Aspect": "색상",
        "SentimentText": "조금 아쉬운 건 색상이 흰색인데 좀 누런 흰색이라.. 안예뻐요ㅠ",
        "SentimentWord": "9",
        "SentimentPolarity": "-1"
      }
    ]
  },
  {
    "Index": "44021",
    "RawText": "성능 만족해요. 집이 금세 쾌적해져요~ 물통 용량도 넉넉해서 하나 더 샀어요 추천해요~",
    "Source": "쇼핑몰",
    "Domain": "가전",
    "MainCategory": "계절가전",
    "ProductName": "뽀송 위닉스 DXSH170-KWK",
    "ReviewScore": "5",
    "Syllable": "48",
    "Word": "12",
    "RDate": "20220627",
    "GeneralPolarity": "1",
    "Aspects": [
      {
        "Aspect": "기능",
        "SentimentText": "성능 만족해요. 집이 금세 쾌적해져요~ ",
        "SentimentWord": "5",
        "SentimentPolarity": "1"
      },
      {
        "Aspect": "용량",
        "SentimentText": "물통 용량도 넉넉해서 하나 더 샀어요 추천해요~",
        "SentimentWord": "7",
        "SentimentPolarity": "1"
      }
    ]
  },
  {
    "Index": "44022",
    "RawText": "쿠폰이 있어서 착한 가격에 모셔왔네요~ 좋아요!! 장마철에 진짜 필수품이에요. 하루 종일 틀어 놔도 전기세 걱정도 없고 좋아요",
    "Source": "쇼핑몰",
    "Domain": "가전",
    "MainCategory": "계절가전",
    "ProductName": "뽀송 위닉스 DXSH170-KWK",
    "ReviewScore": "5",
    "Syllable": "70",
    "Word": "17",
    "RDate": "20220810",
    "GeneralPolarity": "1",
    "Aspects": [
      {
        "Aspect": "가격",
        "SentimentText": "쿠폰이 있어서 착한 가격에 모셔왔네요~ 좋아요!!",
        "SentimentWord": "6",
        "SentimentPolarity": "1"
      },
      {
        "Aspect": "소비전력",
        "SentimentText": "하루 종일 틀어 놔도 전기세 걱정도 없고 좋아요",
        "SentimentWord": "8",
        "SentimentPolarity": "1"
      }
    ]
  },
  {
    "Index": "44023",
    "RawText": "물통 비우기 너무 편리해서 강추 합니다~ 기능도 너무 좋아서 집안이 금세 뽀송뽀송 아주 쾌적해요~",
    "Source": "쇼핑몰",
    "Domain": "가전",
    "MainCategory": "계절가전",
    "ProductName": "뽀송 위닉스 DXSH170-KWK",
    "ReviewScore": "5",
    "Syllable": "54",
    "Word": "14",
    "RDate": "20210805",
    "GeneralPolarity": "1",
    "Aspects": [
      {
        "Aspect": "편의성",
        "SentimentText": "물통 비우기 너무 편리해서 강추 합니다~ 기",
        "SentimentWord": "7",
        "SentimentPolarity": "1"
      },
      {
        "Aspect": "기능",
        "SentimentText": "기능도 너무 좋아서 집안이 금세 뽀송뽀송 아주 쾌적해요~",
        "SentimentWord": "8",
        "SentimentPolarity": "1"
      }
    ]
  },
  {
    "Index": "44024",
    "RawText": "오프라인보다 저렴하게 사서 좋네여~ 받아보니 색상은 별로네요.. 사진이 더 예뻐요~",
    "Source": "쇼핑몰",
    "Domain": "가전",
    "MainCategory": "계절가전",
    "ProductName": "뽀송 위닉스 DXSH170-KWK",
    "ReviewScore": "5",
    "Syllable": "46",
    "Word": "10",
    "RDate": "20210706",
    "GeneralPolarity": "0",
    "Aspects": [
      {
        "Aspect": "가격",
        "SentimentText": "오프라인보다 저렴하게 사서 좋네여~",
        "SentimentWord": "4",
        "SentimentPolarity": "1"
      },
      {
        "Aspect": "색상",
        "SentimentText": "받아보니 색상은 별로네요.. 사진이 더 예뻐요~",
        "SentimentWord": "6",
        "SentimentPolarity": "-1"
      }
    ]
  },
  {
    "Index": "44025",
    "RawText": "타 사이트보다 더 저렴한 가격에 사서 좋네요~ 에너지 효율도 1등급이라 환급 대상이라 더 만족합니다~",
    "Source": "쇼핑몰",
    "Domain": "가전",
    "MainCategory": "계절가전",
    "ProductName": "뽀송 위닉스 DXSH170-KWK",
    "ReviewScore": "4",
    "Syllable": "56",
    "Word": "14",
    "RDate": "20220707",
    "GeneralPolarity": "1",
    "Aspects": [
      {
        "Aspect": "가격",
        "SentimentText": "타 사이트보다 더 저렴한 가격에 사서 좋네요~",
        "SentimentWord": "7",
        "SentimentPolarity": "1"
      },
      {
        "Aspect": "소비전력",
        "SentimentText": "에너지 효율도 1등급이라 환급 대상이라 더 만족합니다~",
        "SentimentWord": "7",
        "SentimentPolarity": "1"
      }
    ]
  },
  {
    "Index": "44026",
    "RawText": "사이즈도 적당해서 공간 차지도 많이 안 해서 좋고요~ 제습 기능도 좋아서 방이 금세 쾌적해지니 몸이 가뿐하네요",
    "Source": "쇼핑몰",
    "Domain": "가전",
    "MainCategory": "계절가전",
    "ProductName": "뽀송 위닉스 DXTD120-KWK 일반구매",
    "ReviewScore": "5",
    "Syllable": "61",
    "Word": "16",
    "RDate": "20220824",
    "GeneralPolarity": "1",
    "Aspects": [
      {
        "Aspect": "사이즈",
        "SentimentText": "사이즈도 적당해서 공간 차지도 많이 안 해서 좋고요~",
        "SentimentWord": "8",
        "SentimentPolarity": "1"
      },
      {
        "Aspect": "기능",
        "SentimentText": "제습 기능도 좋아서 방이 금세 쾌적해지니 몸이 가뿐하네요",
        "SentimentWord": "8",
        "SentimentPolarity": "1"
      }
    ]
  },
  {
    "Index": "44027",
    "RawText": "진짜 저렴한 가격에 잘 사서 기분이 좋네요. 성능은 뭐 최고입니다. 눅눅했던 집안이 쾌적해졌습니다",
    "Source": "쇼핑몰",
    "Domain": "가전",
    "MainCategory": "계절가전",
    "ProductName": "뽀송 위닉스 DXTD120-KWK 일반구매",
    "ReviewScore": "5",
    "Syllable": "54",
    "Word": "13",
    "RDate": "20220627",
    "GeneralPolarity": "1",
    "Aspects": [
      {
        "Aspect": "가격",
        "SentimentText": "진짜 저렴한 가격에 잘 사서 기분이 좋네요. ",
        "SentimentWord": "7",
        "SentimentPolarity": "1"
      },
      {
        "Aspect": "기능",
        "SentimentText": "성능은 뭐 최고입니다. 눅눅했던 집안이 쾌적해졌습니다",
        "SentimentWord": "6",
        "SentimentPolarity": "1"
      }
    ]
  },
  {
    "Index": "44028",
    "RawText": "21년도에 만들어져서 최신 상품이라 구매했어요~! 소음은 좀 큰데 신경 쓰이는 정도는 아닙니다~ 물통 용량도 적당하니 좋습니다~",
    "Source": "쇼핑몰",
    "Domain": "가전",
    "MainCategory": "계절가전",
    "ProductName": "뽀송 위닉스 DXTD120-KWK 일반구매",
    "ReviewScore": "5",
    "Syllable": "71",
    "Word": "16",
    "RDate": "20210527",
    "GeneralPolarity": "1",
    "Aspects": [
      {
        "Aspect": "제조일/제조사",
        "SentimentText": "21년도에 만들어져서 최신 상품이라 구매했어요~!",
        "SentimentWord": "5",
        "SentimentPolarity": "1"
      },
      {
        "Aspect": "소음",
        "SentimentText": "소음은 좀 큰데 신경 쓰이는 정도는 아닙니다~ ",
        "SentimentWord": "7",
        "SentimentPolarity": "0"
      },
      {
        "Aspect": "용량",
        "SentimentText": "물통 용량도 적당하니 좋습니다~",
        "SentimentWord": "4",
        "SentimentPolarity": "1"
      }
    ]
  },
  {
    "Index": "44029",
    "RawText": "성능 좋네요. 빨래가 아주 뽀송하게 잘 마릅니다. 아쉬운 건 실물 색상이 더 칙칙해 보이네요.. ㅠ",
    "Source": "쇼핑몰",
    "Domain": "가전",
    "MainCategory": "계절가전",
    "ProductName": "뽀송 위닉스 DXTD120-KWK 일반구매",
    "ReviewScore": "5",
    "Syllable": "55",
    "Word": "15",
    "RDate": "20220803",
    "GeneralPolarity": "0",
    "Aspects": [
      {
        "Aspect": "기능",
        "SentimentText": "성능 좋네요. 빨래가 아주 뽀송하게 잘 마릅니다.",
        "SentimentWord": "7",
        "SentimentPolarity": "1"
      },
      {
        "Aspect": "색상",
        "SentimentText": "아쉬운 건 실물 색상이 더 칙칙해 보이네요.. ㅠ",
        "SentimentWord": "8",
        "SentimentPolarity": "-1"
      }
    ]
  },
  {
    "Index": "44030",
    "RawText": "에너지 효율이 3등급이라 전기세 걱정이 벌써부터 되네요...ㅠㅠ 물통 용량도 생각보다 작아서 아쉽습니다.",
    "Source": "쇼핑몰",
    "Domain": "가전",
    "MainCategory": "계절가전",
    "ProductName": "뽀송 위닉스 DXTD120-KWK 일반구매",
    "ReviewScore": "5",
    "Syllable": "58",
    "Word": "12",
    "RDate": "20220709",
    "GeneralPolarity": "-1",
    "Aspects": [
      {
        "Aspect": "소비전력",
        "SentimentText": "에너지 효율이 3등급이라 전기세 걱정이 벌써부터 되네요...ㅠㅠ ",
        "SentimentWord": "7",
        "SentimentPolarity": "-1"
      },
      {
        "Aspect": "용량",
        "SentimentText": "물통 용량도 생각보다 작아서 아쉽습니다.",
        "SentimentWord": "5",
        "SentimentPolarity": "-1"
      }
    ]
  },
  {
    "Index": "44031",
    "RawText": "품질이 아주 별로네요. 받자마자 물통이 깨져 있어요. 저렴하게 구매했는데 싼 게 비지떡이네요",
    "Source": "쇼핑몰",
    "Domain": "가전",
    "MainCategory": "계절가전",
    "ProductName": "뽀송 위닉스 DXTD120-KWK 일반구매",
    "ReviewScore": "1",
    "Syllable": "51",
    "Word": "12",
    "RDate": "20220627",
    "GeneralPolarity": "-1",
    "Aspects": [
      {
        "Aspect": "품질",
        "SentimentText": "품질이 아주 별로네요. 받자마자 물통이 깨져 있어요. ",
        "SentimentWord": "7",
        "SentimentPolarity": "-1"
      },
      {
        "Aspect": "가격",
        "SentimentText": "저렴하게 구매했는데 싼 게 비지떡이네요",
        "SentimentWord": "5",
        "SentimentPolarity": "-1"
      }
    ]
  },
  {
    "Index": "44032",
    "RawText": "소음이 적어서 너무 좋아요~ 성능도 좋아서 금세 물이 차서 집도 뽀송해졌어요~",
    "Source": "쇼핑몰",
    "Domain": "가전",
    "MainCategory": "계절가전",
    "ProductName": "뽀송 위닉스 DXTD120-KWK 일반구매",
    "ReviewScore": "5",
    "Syllable": "43",
    "Word": "11",
    "RDate": "20220524",
    "GeneralPolarity": "1",
    "Aspects": [
      {
        "Aspect": "소음",
        "SentimentText": "소음이 적어서 너무 좋아요~",
        "SentimentWord": "4",
        "SentimentPolarity": "1"
      },
      {
        "Aspect": "기능",
        "SentimentText": "성능도 좋아서 금세 물이 차서 집도 뽀송해졌어요~",
        "SentimentWord": "7",
        "SentimentPolarity": "1"
      }
    ]
  },
  {
    "Index": "44033",
    "RawText": "저렴하게 살 수 있어서 너무 좋아요~ 최근에 만들어진 제품이라 더 마음에 드네요~",
    "Source": "쇼핑몰",
    "Domain": "가전",
    "MainCategory": "계절가전",
    "ProductName": "뽀송 위닉스 DXTD120-KWK 일반구매",
    "ReviewScore": "5",
    "Syllable": "45",
    "Word": "12",
    "RDate": "20220514",
    "GeneralPolarity": "1",
    "Aspects": [
      {
        "Aspect": "가격",
        "SentimentText": "저렴하게 살 수 있어서 너무 좋아요~ ",
        "SentimentWord": "6",
        "SentimentPolarity": "1"
      },
      {
        "Aspect": "제조일/제조사",
        "SentimentText": "최근에 만들어진 제품이라 더 마음에 드네요~",
        "SentimentWord": "6",
        "SentimentPolarity": "1"
      }
    ]
  },
  {
    "Index": "44034",
    "RawText": "작은 집에 사용하기 좋은 물통 용량을 가지고 있어요~ 소음은 생각보다 크지 않아서 마음에 듭니다~",
    "Source": "쇼핑몰",
    "Domain": "가전",
    "MainCategory": "계절가전",
    "ProductName": "뽀송 위닉스 DXTD120-KWK 일반구매",
    "ReviewScore": "5",
    "Syllable": "54",
    "Word": "14",
    "RDate": "20220323",
    "GeneralPolarity": "1",
    "Aspects": [
      {
        "Aspect": "용량",
        "SentimentText": "작은 집에 사용하기 좋은 물통 용량을 가지고 있어요~ ",
        "SentimentWord": "8",
        "SentimentPolarity": "1"
      },
      {
        "Aspect": "소음",
        "SentimentText": "소음은 생각보다 크지 않아서 마음에 듭니다~ ",
        "SentimentWord": "6",
        "SentimentPolarity": "1"
      }
    ]
  },
  {
    "Index": "44035",
    "RawText": "소음은 그럭저럭 쓸만합니다. 조용한 편이에요~ 아쉬운 건 에너지 효율이 3등급이라 전기세 걱정돼서 하루 종일 못 틀겠네요",
    "Source": "쇼핑몰",
    "Domain": "가전",
    "MainCategory": "계절가전",
    "ProductName": "뽀송 위닉스 DXTD120-KWK 일반구매",
    "ReviewScore": "5",
    "Syllable": "67",
    "Word": "16",
    "RDate": "20220701",
    "GeneralPolarity": "0",
    "Aspects": [
      {
        "Aspect": "소음",
        "SentimentText": "소음은 그럭저럭 쓸만합니다. 조용한 편이에요~ ",
        "SentimentWord": "5",
        "SentimentPolarity": "1"
      },
      {
        "Aspect": "소비전력",
        "SentimentText": "아쉬운 건 에너지 효율이 3등급이라 전기세 걱정돼서 하루 종일 못 틀겠네요 ",
        "SentimentWord": "11",
        "SentimentPolarity": "-1"
      }
    ]
  },
  {
    "Index": "44036",
    "RawText": "생각보다 소리가 조용하니 좋네요~ 전기세는 많이 나오겠네요... 3등급이니.. ㅠㅠ 아쉽네요",
    "Source": "쇼핑몰",
    "Domain": "가전",
    "MainCategory": "계절가전",
    "ProductName": "뽀송 위닉스 DXTD120-KWK 일반구매",
    "ReviewScore": "5",
    "Syllable": "51",
    "Word": "10",
    "RDate": "20211020",
    "GeneralPolarity": "0",
    "Aspects": [
      {
        "Aspect": "소음",
        "SentimentText": "생각보다 소리가 조용하니 좋네요~",
        "SentimentWord": "4",
        "SentimentPolarity": "1"
      },
      {
        "Aspect": "소비전력",
        "SentimentText": "전기세는 많이 나오겠네요... 3등급이니.. ㅠㅠ 아쉽네요",
        "SentimentWord": "6",
        "SentimentPolarity": "-1"
      }
    ]
  },
  {
    "Index": "44037",
    "RawText": "성능 최고~ 습도가 쭉쭉 떨어집니다. 뽀송뽀송해요 소비 효율 1등급인 줄 알았는데 3등급이라 아쉽네요",
    "Source": "쇼핑몰",
    "Domain": "가전",
    "MainCategory": "계절가전",
    "ProductName": "뽀송 위닉스 DXTD120-KWK 일반구매",
    "ReviewScore": "5",
    "Syllable": "56",
    "Word": "13",
    "RDate": "20210715",
    "GeneralPolarity": "0",
    "Aspects": [
      {
        "Aspect": "기능",
        "SentimentText": "성능 최고~ 습도가 쭉쭉 떨어집니다. 뽀송뽀송해요",
        "SentimentWord": "6",
        "SentimentPolarity": "1"
      },
      {
        "Aspect": "소비전력",
        "SentimentText": "소비 효율 1등급인 줄 알았는데 3등급이라 아쉽네요",
        "SentimentWord": "7",
        "SentimentPolarity": "-1"
      }
    ]
  },
  {
    "Index": "44038",
    "RawText": "디자인 깔끔하고 예뻐서 마음에 드네요~ 그런데 물통이 생각보다 너무 작아서 실망이네요 ㅠ",
    "Source": "쇼핑몰",
    "Domain": "가전",
    "MainCategory": "계절가전",
    "ProductName": "뽀송 위닉스 DXTD120-KWK 일반구매",
    "ReviewScore": "5",
    "Syllable": "49",
    "Word": "12",
    "RDate": "20220509",
    "GeneralPolarity": "0",
    "Aspects": [
      {
        "Aspect": "디자인",
        "SentimentText": "디자인 깔끔하고 예뻐서 마음에 드네요~ ",
        "SentimentWord": "5",
        "SentimentPolarity": "1"
      },
      {
        "Aspect": "용량",
        "SentimentText": "그런데 물통이 생각보다 너무 작아서 실망이네요 ㅠ",
        "SentimentWord": "7",
        "SentimentPolarity": "-1"
      }
    ]
  },
  {
    "Index": "44039",
    "RawText": "디자인 세련되고 예뻐서 마음에 들고요~ 소음도 조용하니 마음에 듭니다~",
    "Source": "쇼핑몰",
    "Domain": "가전",
    "MainCategory": "계절가전",
    "ProductName": "뽀송 위닉스 DXTD120-KWK 일반구매",
    "ReviewScore": "5",
    "Syllable": "39",
    "Word": "9",
    "RDate": "20220707",
    "GeneralPolarity": "1",
    "Aspects": [
      {
        "Aspect": "디자인",
        "SentimentText": "디자인 세련되고 예뻐서 마음에 들고요~",
        "SentimentWord": "5",
        "SentimentPolarity": "1"
      },
      {
        "Aspect": "소음",
        "SentimentText": "소음도 조용하니 마음에 듭니다~",
        "SentimentWord": "4",
        "SentimentPolarity": "1"
      }
    ]
  },
  {
    "Index": "44040",
    "RawText": "제습 성능 대박.. 꿉꿉했던 집이 쾌적해집니다. 하지만 전기세 걱정이 있다는거~~ 에너지 효율이 3등급이라 너무 아쉽네요",
    "Source": "쇼핑몰",
    "Domain": "가전",
    "MainCategory": "계절가전",
    "ProductName": "뽀송 위닉스 DXTD120-KWK 일반구매",
    "ReviewScore": "5",
    "Syllable": "67",
    "Word": "15",
    "RDate": "20220626",
    "GeneralPolarity": "0",
    "Aspects": [
      {
        "Aspect": "기능",
        "SentimentText": "제습 성능 대박.. 꿉꿉했던 집이 쾌적해집니다.",
        "SentimentWord": "6",
        "SentimentPolarity": "1"
      },
      {
        "Aspect": "소비전력",
        "SentimentText": " 하지만 전기세 걱정이 있다는거~~ 에너지 효율이 3등급이라 너무 아쉽네요",
        "SentimentWord": "9",
        "SentimentPolarity": "-1"
      }
    ]
  },
  {
    "Index": "44041",
    "RawText": "소음은 그럭저럭 쓸 만 합니다~ 제습력은 아주 좋습니다. 빨래가 바짝 잘 말라요",
    "Source": "쇼핑몰",
    "Domain": "가전",
    "MainCategory": "계절가전",
    "ProductName": "뽀송 위닉스 DXTD120-KWK 일반구매",
    "ReviewScore": "5",
    "Syllable": "44",
    "Word": "12",
    "RDate": "20220819",
    "GeneralPolarity": "0",
    "Aspects": [
      {
        "Aspect": "소음",
        "SentimentText": "소음은 그럭저럭 쓸 만 합니다~",
        "SentimentWord": "5",
        "SentimentPolarity": "0"
      },
      {
        "Aspect": "기능",
        "SentimentText": "제습력은 아주 좋습니다. 빨래가 바짝 잘 말라요",
        "SentimentWord": "7",
        "SentimentPolarity": "1"
      }
    ]
  },
  {
    "Index": "44042",
    "RawText": "소리가 생각보다 커서 밤에 돌리긴 힘들 거 같습니다~ 물통도 생각보다 작아서 자주 통 비우기 귀찮아요",
    "Source": "쇼핑몰",
    "Domain": "가전",
    "MainCategory": "계절가전",
    "ProductName": "뽀송 위닉스 DXTD120-KWK 일반구매",
    "ReviewScore": "5",
    "Syllable": "56",
    "Word": "15",
    "RDate": "20220522",
    "GeneralPolarity": "-1",
    "Aspects": [
      {
        "Aspect": "소음",
        "SentimentText": "소리가 생각보다 커서 밤에 돌리긴 힘들 거 같습니다~ ",
        "SentimentWord": "8",
        "SentimentPolarity": "-1"
      },
      {
        "Aspect": "용량",
        "SentimentText": "물통도 생각보다 작아서 자주 통 비우기 귀찮아요",
        "SentimentWord": "7",
        "SentimentPolarity": "-1"
      }
    ]
  },
  {
    "Index": "44043",
    "RawText": "ooo는 제습기의 최강 브랜드 입니다 또 구매했어요. 물통 용량은 그럭저럭 적당해서 쓸 만 합니다",
    "Source": "쇼핑몰",
    "Domain": "가전",
    "MainCategory": "계절가전",
    "ProductName": "뽀송 위닉스 DXTD120-KWK 일반구매",
    "ReviewScore": "4",
    "Syllable": "54",
    "Word": "14",
    "RDate": "20210826",
    "GeneralPolarity": "0",
    "Aspects": [
      {
        "Aspect": "제조일/제조사",
        "SentimentText": "ooo는 제습기의 최강 브랜드 입니다 또 구매했어요.",
        "SentimentWord": "7",
        "SentimentPolarity": "1"
      },
      {
        "Aspect": "용량",
        "SentimentText": "물통 용량은 그럭저럭 적당해서 쓸 만 합니다 ",
        "SentimentWord": "7",
        "SentimentPolarity": "0"
      }
    ]
  },
  {
    "Index": "44044",
    "RawText": "디자인 너무 예뻐서 마음에 드네요~ 가격도 진짜 저렴해서 만족입니다~",
    "Source": "쇼핑몰",
    "Domain": "가전",
    "MainCategory": "계절가전",
    "ProductName": "뽀송 위닉스 DXTD120-KWK 일반구매",
    "ReviewScore": "4",
    "Syllable": "38",
    "Word": "9",
    "RDate": "20220713",
    "GeneralPolarity": "1",
    "Aspects": [
      {
        "Aspect": "디자인",
        "SentimentText": "디자인 너무 예뻐서 마음에 드네요~",
        "SentimentWord": "5",
        "SentimentPolarity": "1"
      },
      {
        "Aspect": "가격",
        "SentimentText": "가격도 진짜 저렴해서 만족입니다~",
        "SentimentWord": "4",
        "SentimentPolarity": "1"
      }
    ]
  },
  {
    "Index": "44045",
    "RawText": "제품에 손잡이가 없어서 이동하기 불편하네요. 색상도 화면보다 칙칙하고.. 여러모로 아쉽네요",
    "Source": "쇼핑몰",
    "Domain": "가전",
    "MainCategory": "계절가전",
    "ProductName": "뽀송 위닉스 DXTD120-KWK 일반구매",
    "ReviewScore": "5",
    "Syllable": "50",
    "Word": "10",
    "RDate": "20220514",
    "GeneralPolarity": "-1",
    "Aspects": [
      {
        "Aspect": "편의성",
        "SentimentText": "제품에 손잡이가 없어서 이동하기 불편하네요. ",
        "SentimentWord": "5",
        "SentimentPolarity": "-1"
      },
      {
        "Aspect": "색상",
        "SentimentText": "색상도 화면보다 칙칙하고.. 여러모로 아쉽네요",
        "SentimentWord": "5",
        "SentimentPolarity": "-1"
      }
    ]
  },
  {
    "Index": "44046",
    "RawText": "성능 좋네요~ 빨래가 아주 바짝 잘 마릅니다~ 그런데 전기세가 많이 걱정되네요~ 3등급이라 ㅠㅠㅠ",
    "Source": "쇼핑몰",
    "Domain": "가전",
    "MainCategory": "계절가전",
    "ProductName": "뽀송 위닉스 DXTD120-KWK 일반구매",
    "ReviewScore": "5",
    "Syllable": "54",
    "Word": "13",
    "RDate": "20220713",
    "GeneralPolarity": "0",
    "Aspects": [
      {
        "Aspect": "기능",
        "SentimentText": "성능 좋네요~ 빨래가 아주 바짝 잘 마릅니다~ ",
        "SentimentWord": "7",
        "SentimentPolarity": "1"
      },
      {
        "Aspect": "소비전력",
        "SentimentText": "그런데 전기세가 많이 걱정되네요~ 3등급이라 ㅠㅠㅠ",
        "SentimentWord": "6",
        "SentimentPolarity": "-1"
      }
    ]
  },
  {
    "Index": "44047",
    "RawText": "제조 날짜가 최신은 아니라서 아쉽네요~ 그래도 색상은 올 화이트로 깔끔하고 예뻐요",
    "Source": "쇼핑몰",
    "Domain": "가전",
    "MainCategory": "계절가전",
    "ProductName": "뽀송 위닉스 DXTD120-KWK 일반구매",
    "ReviewScore": "5",
    "Syllable": "45",
    "Word": "11",
    "RDate": "20220725",
    "GeneralPolarity": "0",
    "Aspects": [
      {
        "Aspect": "제조일/제조사",
        "SentimentText": "제조 날짜가 최신은 아니라서 아쉽네요~ ",
        "SentimentWord": "5",
        "SentimentPolarity": "-1"
      },
      {
        "Aspect": "색상",
        "SentimentText": "그래도 색상은 올 화이트로 깔끔하고 예뻐요",
        "SentimentWord": "6",
        "SentimentPolarity": "1"
      }
    ]
  },
  {
    "Index": "44048",
    "RawText": "전기세는 많이 나오겠네요.. 3등급이라서 아쉽네요. 그래도 성능은 좋네요 물통에 물이 금방 차고 집안이 쾌적합니다",
    "Source": "쇼핑몰",
    "Domain": "가전",
    "MainCategory": "계절가전",
    "ProductName": "뽀송 위닉스 DXTD120-KWK 일반구매",
    "ReviewScore": "4",
    "Syllable": "63",
    "Word": "14",
    "RDate": "20210816",
    "GeneralPolarity": "0",
    "Aspects": [
      {
        "Aspect": "소비전력",
        "SentimentText": "전기세는 많이 나오겠네요.. 3등급이라서 아쉽네요. ",
        "SentimentWord": "5",
        "SentimentPolarity": "-1"
      },
      {
        "Aspect": "기능",
        "SentimentText": "그래도 성능은 좋네요 물통에 물이 금방 차고 집안이 쾌적합니다",
        "SentimentWord": "9",
        "SentimentPolarity": "1"
      }
    ]
  },
  {
    "Index": "44049",
    "RawText": "무게가 너무 무거워서 이동 하기 힘드네요...성능은 진짜 좋네요 습한 집이 뽀송해집니다",
    "Source": "쇼핑몰",
    "Domain": "가전",
    "MainCategory": "계절가전",
    "ProductName": "뽀송 위닉스 DXTD120-KWK 일반구매",
    "ReviewScore": "5",
    "Syllable": "48",
    "Word": "11",
    "RDate": "20220626",
    "GeneralPolarity": "0",
    "Aspects": [
      {
        "Aspect": "무게",
        "SentimentText": "무게가 너무 무거워서 이동 하기 힘드네요...",
        "SentimentWord": "6",
        "SentimentPolarity": "-1"
      },
      {
        "Aspect": "기능",
        "SentimentText": "성능은 진짜 좋네요 습한 집이 뽀송해집니다 ",
        "SentimentWord": "6",
        "SentimentPolarity": "1"
      }
    ]
  },
  {
    "Index": "44050",
    "RawText": "소음은 좀 있는 편이라 밤에는 돌리기 힘들어서 아쉽네요. 그래도 좋은 가격에 구매해서 좋습니다. 성능도 좋아서 집안이 쾌적하고 상쾌하네요",
    "Source": "쇼핑몰",
    "Domain": "가전",
    "MainCategory": "계절가전",
    "ProductName": "뽀송 위닉스 DXTD120-KWK 일반구매",
    "ReviewScore": "5",
    "Syllable": "76",
    "Word": "18",
    "RDate": "20220707",
    "GeneralPolarity": "0",
    "Aspects": [
      {
        "Aspect": "소음",
        "SentimentText": "소음은 좀 있는 편이라 밤에는 돌리기 힘들어서 아쉽네요. ",
        "SentimentWord": "8",
        "SentimentPolarity": "-1"
      },
      {
        "Aspect": "가격",
        "SentimentText": "그래도 좋은 가격에 구매해서 좋습니다. ",
        "SentimentWord": "5",
        "SentimentPolarity": "1"
      },
      {
        "Aspect": "기능",
        "SentimentText": "성능도 좋아서 집안이 쾌적하고 상쾌하네요",
        "SentimentWord": "5",
        "SentimentPolarity": "1"
      }
    ]
  },
  {
    "Index": "44051",
    "RawText": "제품이 많이 무거워서 방바닥에 자국이 남아서 아쉽네요.. 그래도 성능은 좋아서 금세 집이 뽀송해지네요. 소음도 그럭저럭 신경 안 쓰이고 쓸만합니다",
    "Source": "쇼핑몰",
    "Domain": "가전",
    "MainCategory": "계절가전",
    "ProductName": "뽀송 위닉스 DXTD120-KWK 일반구매",
    "ReviewScore": "5",
    "Syllable": "81",
    "Word": "19",
    "RDate": "20220630",
    "GeneralPolarity": "0",
    "Aspects": [
      {
        "Aspect": "무게",
        "SentimentText": "제품이 많이 무거워서 방바닥에 자국이 남아서 아쉽네요.. ",
        "SentimentWord": "7",
        "SentimentPolarity": "-1"
      },
      {
        "Aspect": "기능",
        "SentimentText": "그래도 성능은 좋아서 금세 집이 뽀송해지네요.",
        "SentimentWord": "6",
        "SentimentPolarity": "1"
      },
      {
        "Aspect": "소음",
        "SentimentText": "소음도 그럭저럭 신경 안 쓰이고 쓸만합니다",
        "SentimentWord": "6",
        "SentimentPolarity": "0"
      }
    ]
  },
  {
    "Index": "44052",
    "RawText": "저렴한 가격에 구매했어요~ 좋습니다. 받아보니 에너지 효율이 3등급이네요.. 벌써부터 전기세 걱정이되네요",
    "Source": "쇼핑몰",
    "Domain": "가전",
    "MainCategory": "계절가전",
    "ProductName": "뽀송 위닉스 DXTD120-KWK 일반구매",
    "ReviewScore": "5",
    "Syllable": "58",
    "Word": "11",
    "RDate": "20220514",
    "GeneralPolarity": "0",
    "Aspects": [
      {
        "Aspect": "가격",
        "SentimentText": "저렴한 가격에 구매했어요~ 좋습니다. ",
        "SentimentWord": "4",
        "SentimentPolarity": "1"
      },
      {
        "Aspect": "소비전력",
        "SentimentText": "받아보니 에너지 효율이 3등급이네요.. 벌써부터 전기세 걱정이되네요",
        "SentimentWord": "7",
        "SentimentPolarity": "-1"
      }
    ]
  },
  {
    "Index": "44055",
    "RawText": "디자인이 깔끔하고 예뻐서 괜찮네요. 제습기 사이즈도 크지 않아서 공간 차지도 많이 안하고 좋네요",
    "Source": "쇼핑몰",
    "Domain": "가전",
    "MainCategory": "계절가전",
    "ProductName": "뽀송 위닉스 DXTD120-KWK 일반구매",
    "ReviewScore": "5",
    "Syllable": "53",
    "Word": "13",
    "RDate": "20210725",
    "GeneralPolarity": "1",
    "Aspects": [
      {
        "Aspect": "디자인",
        "SentimentText": "디자인이 깔끔하고 예뻐서 괜찮네요. ",
        "SentimentWord": "4",
        "SentimentPolarity": "1"
      },
      {
        "Aspect": "사이즈",
        "SentimentText": "제습기 사이즈도 크지 않아서 공간 차지도 많이 안하고 좋네요",
        "SentimentWord": "9",
        "SentimentPolarity": "1"
      }
    ]
  },
  {
    "Index": "44056",
    "RawText": "습기를 아주 잘 잡아먹습니다. 집이 뽀송뽀송 쾌적해요. 그런데 색상이 두 가지로 되어 있어서 금방 질릴 거 같아요",
    "Source": "쇼핑몰",
    "Domain": "가전",
    "MainCategory": "계절가전",
    "ProductName": "뽀송 위닉스 DXTE100-KWK",
    "ReviewScore": "5",
    "Syllable": "63",
    "Word": "17",
    "RDate": "20210901",
    "GeneralPolarity": "0",
    "Aspects": [
      {
        "Aspect": "기능",
        "SentimentText": "습기를 아주 잘 잡아먹습니다. 집이 뽀송뽀송 쾌적해요. ",
        "SentimentWord": "7",
        "SentimentPolarity": "1"
      },
      {
        "Aspect": "색상",
        "SentimentText": "그런데 색상이 두 가지로 되어 있어서 금방 질릴 거 같아요 ",
        "SentimentWord": "10",
        "SentimentPolarity": "-1"
      }
    ]
  },
  {
    "Index": "44057",
    "RawText": "불량인 건지 작동을 멈추면 덜덜 떨리네요.. 신경 쓰여요. 그래도 제습 성능은 좋습니다. 빨래가 잘 말라요",
    "Source": "쇼핑몰",
    "Domain": "가전",
    "MainCategory": "계절가전",
    "ProductName": "뽀송 위닉스 DXTE100-KWK",
    "ReviewScore": "5",
    "Syllable": "59",
    "Word": "15",
    "RDate": "20220530",
    "GeneralPolarity": "0",
    "Aspects": [
      {
        "Aspect": "품질",
        "SentimentText": "불량인 건지 작동을 멈추면 덜덜 떨리네요.. 신경 쓰여요. ",
        "SentimentWord": "8",
        "SentimentPolarity": "-1"
      },
      {
        "Aspect": "기능",
        "SentimentText": "그래도 제습 성능은 좋습니다. 빨래가 잘 말라요",
        "SentimentWord": "7",
        "SentimentPolarity": "1"
      }
    ]
  },
  {
    "Index": "44058",
    "RawText": "바퀴가 달려서 이동하기도 편해서 좋네요. 성능은 두말 할 것 없이 좋아요 빨래가 잘 말라요. 디자인도 예뻐서 굿입니다",
    "Source": "쇼핑몰",
    "Domain": "가전",
    "MainCategory": "계절가전",
    "ProductName": "뽀송 위닉스 DXTE100-KWK",
    "ReviewScore": "5",
    "Syllable": "65",
    "Word": "17",
    "RDate": "20220728",
    "GeneralPolarity": "1",
    "Aspects": [
      {
        "Aspect": "편의성",
        "SentimentText": "바퀴가 달려서 이동하기도 편해서 좋네요. ",
        "SentimentWord": "5",
        "SentimentPolarity": "1"
      },
      {
        "Aspect": "기능",
        "SentimentText": "성능은 두말 할 것 없이 좋아요 빨래가 잘 말라요",
        "SentimentWord": "9",
        "SentimentPolarity": "1"
      },
      {
        "Aspect": "디자인",
        "SentimentText": "디자인도 예뻐서 굿입니다",
        "SentimentWord": "3",
        "SentimentPolarity": "1"
      }
    ]
  },
  {
    "Index": "44059",
    "RawText": "빨래가 아주 바짝 마르니깐 냄새도 좋네요. 성능 최고~ 그런데 물통이 생각보다 작아서 물 비우기 번거롭네요",
    "Source": "쇼핑몰",
    "Domain": "가전",
    "MainCategory": "계절가전",
    "ProductName": "뽀송 위닉스 DXTE100-KWK",
    "ReviewScore": "5",
    "Syllable": "59",
    "Word": "15",
    "RDate": "20220623",
    "GeneralPolarity": "0",
    "Aspects": [
      {
        "Aspect": "기능",
        "SentimentText": "빨래가 아주 바짝 마르니깐 냄새도 좋네요. 성능 최고~ ",
        "SentimentWord": "8",
        "SentimentPolarity": "1"
      },
      {
        "Aspect": "용량",
        "SentimentText": "그런데 물통이 생각보다 작아서 물 비우기 번거롭네요",
        "SentimentWord": "7",
        "SentimentPolarity": "-1"
      }
    ]
  },
  {
    "Index": "44061",
    "RawText": "시끄러움 1도 없음~ 너무 좋습니다. 물통 비워야하는데 손잡이 없는거 너무 불편합니다.",
    "Source": "쇼핑몰",
    "Domain": "가전",
    "MainCategory": "계절가전",
    "ProductName": "뽀송 위닉스 DXTE100-KWK",
    "ReviewScore": "5",
    "Syllable": "48",
    "Word": "11",
    "RDate": "20220618",
    "GeneralPolarity": "0",
    "Aspects": [
      {
        "Aspect": "소음",
        "SentimentText": "시끄러움 1도 없음~ 너무 좋습니다. ",
        "SentimentWord": "5",
        "SentimentPolarity": "1"
      },
      {
        "Aspect": "편의성",
        "SentimentText": "물통 비워야하는데 손잡이 없는거 너무 불편합니다. ",
        "SentimentWord": "6",
        "SentimentPolarity": "-1"
      }
    ]
  },
  {
    "Index": "44062",
    "RawText": "배송 속도 무엇~ 진짜 빠릅니다. 집에 설치하는데 조립도 간단하고 쉬워 좋네요. 작동 문제 없고 현재 습도 잘 보이는걸 보니 하자 없는 양품~ 만족해요. 모드별 소음이 천차만별~ 최강 모드는 웅~ 하는 울림 소리가 너무 커서 별로예요. 겨울엔 3시간을 작동해도 습기가 많이 남아 제습기능이 아쉽네요.",
    "Source": "쇼핑몰",
    "Domain": "가전",
    "MainCategory": "계절가전",
    "ProductName": "뽀송 위닉스 DXTE100-KWK",
    "ReviewScore": "5",
    "Syllable": "167",
    "Word": "43",
    "RDate": "20211227",
    "GeneralPolarity": "0",
    "Aspects": [
      {
        "Aspect": "조작성",
        "SentimentText": "집에 설치하는데 조립도 간단하고 쉬워 좋네요.",
        "SentimentWord": "6",
        "SentimentPolarity": "1"
      },
      {
        "Aspect": "품질",
        "SentimentText": "작동 문제 없고 현재 습도 잘 보이는걸 보니 하자 없는 양품~ 만족해요. ",
        "SentimentWord": "12",
        "SentimentPolarity": "1"
      },
      {
        "Aspect": "소음",
        "SentimentText": "소음이 천차만별~ 최강 모드는 웅~ 하는 울림 소리가 너무 커서 별로예요.",
        "SentimentWord": "11",
        "SentimentPolarity": "-1"
      },
      {
        "Aspect": "기능",
        "SentimentText": "겨울엔 3시간을 작동해도 습기가 많이 남아 제습기능이 아쉽네요.",
        "SentimentWord": "8",
        "SentimentPolarity": "-1"
      }
    ]
  },
  {
    "Index": "44063",
    "RawText": "디자인이 심플하고 예쁘네요~ 제습이 잘되서 보송해서 좋고 기능이 다양하고 훌륭해요!!",
    "Source": "쇼핑몰",
    "Domain": "가전",
    "MainCategory": "계절가전",
    "ProductName": "뽀송 위닉스 DXTE100-KWK",
    "ReviewScore": "5",
    "Syllable": "47",
    "Word": "10",
    "RDate": "20211106",
    "GeneralPolarity": "1",
    "Aspects": [
      {
        "Aspect": "디자인",
        "SentimentText": "디자인이 심플하고 예쁘네요~ ",
        "SentimentWord": "3",
        "SentimentPolarity": "1"
      },
      {
        "Aspect": "기능",
        "SentimentText": " 제습이 잘되서 보송해서 좋고 기능이 다양하고 훌륭해요!!",
        "SentimentWord": "7",
        "SentimentPolarity": "1"
      }
    ]
  },
  {
    "Index": "44064",
    "RawText": "저렴한 가격에 구매할 수 있어서 너무 좋아요!! 성능도 아주 좋네요 방이 뽀송~ 디자인도 세련돼서 만족합니다",
    "Source": "쇼핑몰",
    "Domain": "가전",
    "MainCategory": "계절가전",
    "ProductName": "뽀송 위닉스 DXTE100-KWK",
    "ReviewScore": "4",
    "Syllable": "60",
    "Word": "15",
    "RDate": "20210715",
    "GeneralPolarity": "1",
    "Aspects": [
      {
        "Aspect": "가격",
        "SentimentText": "저렴한 가격에 구매할 수 있어서 너무 좋아요!!",
        "SentimentWord": "7",
        "SentimentPolarity": "1"
      },
      {
        "Aspect": "기능",
        "SentimentText": "성능도 아주 좋네요 방이 뽀송~ ",
        "SentimentWord": "5",
        "SentimentPolarity": "1"
      },
      {
        "Aspect": "디자인",
        "SentimentText": "디자인도 세련돼서 만족합니다",
        "SentimentWord": "3",
        "SentimentPolarity": "1"
      }
    ]
  },
  {
    "Index": "44065",
    "RawText": "물통 세척은 불편하나 바퀴가 달려서 이곳 저곳 옮기기 편리합니다. 소음은 큰 편이라 밤에 돌리기에는 한계가 있습니다. 그리고 제습이 잘 되고 있는지 잘 모르겠네요",
    "Source": "쇼핑몰",
    "Domain": "가전",
    "MainCategory": "계절가전",
    "ProductName": "뽀송 위닉스 DXTE100-KWK",
    "ReviewScore": "5",
    "Syllable": "90",
    "Word": "23",
    "RDate": "20220329",
    "GeneralPolarity": "0",
    "Aspects": [
      {
        "Aspect": "편의성",
        "SentimentText": "물통 세척은 불편하나 바퀴가 달려서 이곳 저곳 옮기기 편리합니다. ",
        "SentimentWord": "9",
        "SentimentPolarity": "0"
      },
      {
        "Aspect": "소음",
        "SentimentText": "소음은 큰 편이라 밤에 돌리기에는 한계가 있습니다. ",
        "SentimentWord": "7",
        "SentimentPolarity": "-1"
      },
      {
        "Aspect": "기능",
        "SentimentText": "그리고 제습이 잘 되고 있는지 잘 모르겠네요 ",
        "SentimentWord": "7",
        "SentimentPolarity": "-1"
      }
    ]
  },
  {
    "Index": "44066",
    "RawText": "10리터 용량이라 작은방에 두기 좋아요. 3등급이지만 제습도 잘되고 성능이 너무 좋아요 진작에 살걸 후회했어요^^",
    "Source": "쇼핑몰",
    "Domain": "가전",
    "MainCategory": "계절가전",
    "ProductName": "뽀송 위닉스 DXTE100-KWK",
    "ReviewScore": "4",
    "Syllable": "63",
    "Word": "14",
    "RDate": "20220116",
    "GeneralPolarity": "1",
    "Aspects": [
      {
        "Aspect": "용량",
        "SentimentText": "10리터 용량이라 작은방에 두기 좋아요",
        "SentimentWord": "5",
        "SentimentPolarity": "1"
      },
      {
        "Aspect": "기능",
        "SentimentText": "3등급이지만 제습도 잘되고 성능이 너무 좋아요 진작에 살걸 후회했어요^^",
        "SentimentWord": "9",
        "SentimentPolarity": "1"
      }
    ]
  },
  {
    "Index": "44067",
    "RawText": "성능 빵빵하니 좋네요 물통이 금방 차요. 그런데 물통 용량은 작아도 너무 작네요.. -.-",
    "Source": "쇼핑몰",
    "Domain": "가전",
    "MainCategory": "계절가전",
    "ProductName": "뽀송 위닉스 DXTE100-KWK",
    "ReviewScore": "5",
    "Syllable": "50",
    "Word": "13",
    "RDate": "20210726",
    "GeneralPolarity": "0",
    "Aspects": [
      {
        "Aspect": "기능",
        "SentimentText": "성능 빵빵하니 좋네요 물통이 금방 차요.",
        "SentimentWord": "6",
        "SentimentPolarity": "1"
      },
      {
        "Aspect": "용량",
        "SentimentText": "물통 용량은 작아도 너무 작네요.. -.- ",
        "SentimentWord": "6",
        "SentimentPolarity": "-1"
      }
    ]
  },
  {
    "Index": "44068",
    "RawText": "물통 용량이 너무 작아서 수시로 비워내야 해서 아쉽네요. 그래도 성능은 좋아서 방이 금방 쾌적해집니다~",
    "Source": "쇼핑몰",
    "Domain": "가전",
    "MainCategory": "계절가전",
    "ProductName": "뽀송 위닉스 DXTE100-KWK",
    "ReviewScore": "5",
    "Syllable": "57",
    "Word": "14",
    "RDate": "20210729",
    "GeneralPolarity": "0",
    "Aspects": [
      {
        "Aspect": "용량",
        "SentimentText": "물통 용량이 너무 작아서 수시로 비워내야 해서 아쉽네요.",
        "SentimentWord": "8",
        "SentimentPolarity": "-1"
      },
      {
        "Aspect": "기능",
        "SentimentText": "그래도 성능은 좋아서 방이 금방 쾌적해집니다~",
        "SentimentWord": "6",
        "SentimentPolarity": "1"
      }
    ]
  },
  {
    "Index": "44069",
    "RawText": "제습기 물통 용량이 작아서 좁은공간에서 사용하고 있어요^^ 제습이 잘되서 보송하고 터보기능이 빠진대신 습도표시기능이 있어서 좋아요!! 디자인도 슬림하고 예쁩니다^^",
    "Source": "쇼핑몰",
    "Domain": "가전",
    "MainCategory": "계절가전",
    "ProductName": "뽀송 위닉스 DXTE100-KWK",
    "ReviewScore": "5",
    "Syllable": "91",
    "Word": "18",
    "RDate": "20211006",
    "GeneralPolarity": "1",
    "Aspects": [
      {
        "Aspect": "용량",
        "SentimentText": "제습기 물통 용량이 작아서 좁은공간에서 사용하고 있어요^^",
        "SentimentWord": "7",
        "SentimentPolarity": "1"
      },
      {
        "Aspect": "기능",
        "SentimentText": "제습이 잘되서 보송하고 터보기능이 빠진대신 습도표시기능이 있어서 좋아요!! 디자인도 슬림하고 예쁩니다^^",
        "SentimentWord": "11",
        "SentimentPolarity": "1"
      },
      {
        "Aspect": "디자인",
        "SentimentText": "디자인도 슬림하고 예쁩니다^^",
        "SentimentWord": "3",
        "SentimentPolarity": "1"
      }
    ]
  },
  {
    "Index": "44070",
    "RawText": "가성비가 좋아서 마음에 듭니다. 성능도 좋아서 빨래도 잘 마르고, 결로 현상도 없어졌어요~",
    "Source": "쇼핑몰",
    "Domain": "가전",
    "MainCategory": "계절가전",
    "ProductName": "뽀송 위닉스 DXTE100-KWK",
    "ReviewScore": "4",
    "Syllable": "50",
    "Word": "12",
    "RDate": "20210905",
    "GeneralPolarity": "1",
    "Aspects": [
      {
        "Aspect": "가격",
        "SentimentText": "가성비가 좋아서 마음에 듭니다. ",
        "SentimentWord": "4",
        "SentimentPolarity": "1"
      },
      {
        "Aspect": "기능",
        "SentimentText": "성능도 좋아서 빨래도 잘 마르고, 결로 현상도 없어졌어요~ ",
        "SentimentWord": "8",
        "SentimentPolarity": "1"
      }
    ]
  },
  {
    "Index": "44071",
    "RawText": "성능대비 가격이 무척 저렴해서 구입해서 만족해요..  반지하에 살아서 습기가 무척 많은데 제품 켜놓으면 금방 건조가 되어서 성능 마음에 듭니다.  다만 제품 무게가 무거워서 계단으로 옮길때 무척 고생했어요. ㅜ 그 점은 불만족스럽네요.",
    "Source": "쇼핑몰",
    "Domain": "가전",
    "MainCategory": "계절가전",
    "ProductName": "뽀송 위닉스 DXTE100-KWK",
    "ReviewScore": "4",
    "Syllable": "131",
    "Word": "31",
    "RDate": "20211103",
    "GeneralPolarity": "0",
    "Aspects": [
      {
        "Aspect": "가격",
        "SentimentText": "성능대비 가격이 무척 저렴해서 구입해서 만족해요.. ",
        "SentimentWord": "6",
        "SentimentPolarity": "1"
      },
      {
        "Aspect": "기능",
        "SentimentText": "반지하에 살아서 습기가 무척 많은데 제품 켜놓으면 금방 건조가 되어서 성능 마음에 듭니다. ",
        "SentimentWord": "13",
        "SentimentPolarity": "1"
      },
      {
        "Aspect": "무게",
        "SentimentText": "다만 제품 무게가 무거워서 계단으로 옮길때 무척 고생했어요. ㅜ 그 점은 불만족스럽네요. ",
        "SentimentWord": "12",
        "SentimentPolarity": "-1"
      }
    ]
  },
  {
    "Index": "44072",
    "RawText": "물통 용량도 적당해서 사용하는데 문제 없어요. 결로가 심한 집 때문에 걱정이었는데 성능이 좋아서 결로가 안 생겨서 대박입니다.",
    "Source": "쇼핑몰",
    "Domain": "가전",
    "MainCategory": "계절가전",
    "ProductName": "뽀송 위닉스 DXTE100-KWK",
    "ReviewScore": "5",
    "Syllable": "70",
    "Word": "17",
    "RDate": "20220130",
    "GeneralPolarity": "1",
    "Aspects": [
      {
        "Aspect": "용량",
        "SentimentText": "물통 용량도 적당해서 사용하는데 문제 없어요.",
        "SentimentWord": "6",
        "SentimentPolarity": "1"
      },
      {
        "Aspect": "기능",
        "SentimentText": "결로가 심한 집 때문에 걱정이었는데 성능이 좋아서 결로가 안 생겨서 대박입니다.",
        "SentimentWord": "11",
        "SentimentPolarity": "1"
      }
    ]
  },
  {
    "Index": "44073",
    "RawText": "제습 성능 진짜 최고입니다. 집이 뽀송해졌어요~ 소리가 너무 커서 신경쓰이네요",
    "Source": "쇼핑몰",
    "Domain": "가전",
    "MainCategory": "계절가전",
    "ProductName": "뽀송 위닉스 DXTE100-KWK",
    "ReviewScore": "5",
    "Syllable": "43",
    "Word": "10",
    "RDate": "20210823",
    "GeneralPolarity": "0",
    "Aspects": [
      {
        "Aspect": "기능",
        "SentimentText": "제습 성능 진짜 최고입니다. 집이 뽀송해졌어요~",
        "SentimentWord": "6",
        "SentimentPolarity": "1"
      },
      {
        "Aspect": "소음",
        "SentimentText": "소리가 너무 커서 신경쓰이네요",
        "SentimentWord": "4",
        "SentimentPolarity": "-1"
      }
    ]
  },
  {
    "Index": "44074",
    "RawText": "겨울철 배란다 습기로 고생했는데 제습력이 좋아서 많이 보송해져서 좋아요~~~ 소음은 생각보다 크게 나네요...",
    "Source": "쇼핑몰",
    "Domain": "가전",
    "MainCategory": "계절가전",
    "ProductName": "뽀송 위닉스 DXTE100-KWK",
    "ReviewScore": "5",
    "Syllable": "61",
    "Word": "13",
    "RDate": "20220114",
    "GeneralPolarity": "0",
    "Aspects": [
      {
        "Aspect": "기능",
        "SentimentText": "겨울철 배란다 습기로 고생했는데 제습력이 좋아서 많이 보송해져서 좋아요~~~",
        "SentimentWord": "9",
        "SentimentPolarity": "1"
      },
      {
        "Aspect": "소음",
        "SentimentText": "소음은 생각보다 크게 나네요...",
        "SentimentWord": "4",
        "SentimentPolarity": "-1"
      }
    ]
  },
  {
    "Index": "44076",
    "RawText": "소음이 거의 없어서 마음에 듭니다~ 성능도 좋아서 빨래가 아주 바짝 마르고 결로 현상이 없어졌어요~",
    "Source": "쇼핑몰",
    "Domain": "가전",
    "MainCategory": "계절가전",
    "ProductName": "뽀송 위닉스 DXTE100-KWK",
    "ReviewScore": "5",
    "Syllable": "55",
    "Word": "14",
    "RDate": "20220130",
    "GeneralPolarity": "1",
    "Aspects": [
      {
        "Aspect": "소음",
        "SentimentText": "소음이 거의 없어서 마음에 듭니다~",
        "SentimentWord": "5",
        "SentimentPolarity": "1"
      },
      {
        "Aspect": "기능",
        "SentimentText": "성능도 좋아서 빨래가 아주 바짝 마르고 결로 현상이 없어졌어요~",
        "SentimentWord": "9",
        "SentimentPolarity": "1"
      }
    ]
  },
  {
    "Index": "44077",
    "RawText": "무게감이 있어도 하단부에 바퀴와 본체 손잡이가 달려 있어서 옮길때 편리해서 만족해요..  물통의 속뚜껑이 분리가 되어서 청소할때 편리해서 좋네요..  또 버튼 한번 누르면 코드연결선이 쭉 말려들어가서 보관하기 좋아 마음에 듭니다.  필터 교체하는 방법도 매우 쉬워서 좋네요.  홈페이지에 정품등록해서 1년 무상수리 서비스 신청했어요.. 너무 좋네요. ㅎ 드레스방에 눅눅함을 제거하기 위해서 구입한거라 제품 사이즈도 방 크기에 사용하기 딱 알맞아서 대만족입니다.",
    "Source": "쇼핑몰",
    "Domain": "가전",
    "MainCategory": "계절가전",
    "ProductName": "뽀송 위닉스 DXTE100-KWK",
    "ReviewScore": "5",
    "Syllable": "257",
    "Word": "57",
    "RDate": "20211211",
    "GeneralPolarity": "1",
    "Aspects": [
      {
        "Aspect": "편의성",
        "SentimentText": "무게감이 있어도 하단부에 바퀴와 본체 손잡이가 달려 있어서 옮길때 편리해서 만족해요.. ",
        "SentimentWord": "11",
        "SentimentPolarity": "1"
      },
      {
        "Aspect": "조작성",
        "SentimentText": "물통의 속뚜껑이 분리가 되어서 청소할때 편리해서 좋네요.. ",
        "SentimentWord": "7",
        "SentimentPolarity": "1"
      },
      {
        "Aspect": "편의성",
        "SentimentText": "또 버튼 한번 누르면 코드연결선이 쭉 말려들어가서 보관하기 좋아 마음에 듭니다. ",
        "SentimentWord": "11",
        "SentimentPolarity": "1"
      },
      {
        "Aspect": "조작성",
        "SentimentText": "필터 교체하는 방법도 매우 쉬워서 좋네요. ",
        "SentimentWord": "6",
        "SentimentPolarity": "1"
      },
      {
        "Aspect": "사이즈",
        "SentimentText": "드레스방에 눅눅함을 제거하기 위해서 구입한거라 제품 사이즈도 방 크기에 사용하기 딱 알맞아서 대만족입니다. ",
        "SentimentWord": "13",
        "SentimentPolarity": "1"
      }
    ]
  },
  {
    "Index": "44078",
    "RawText": "성능은 그럭저럭. 완전 쾌적해 지지는 않네요. 색상도 화면이 더 예쁘네요~ 실물은 별로에요",
    "Source": "쇼핑몰",
    "Domain": "가전",
    "MainCategory": "계절가전",
    "ProductName": "뽀송 위닉스 DXTE100-KWK",
    "ReviewScore": "4",
    "Syllable": "50",
    "Word": "12",
    "RDate": "20220703",
    "GeneralPolarity": "0",
    "Aspects": [
      {
        "Aspect": "기능",
        "SentimentText": "성능은 그럭저럭. 완전 쾌적해 지지는 않네요.",
        "SentimentWord": "6",
        "SentimentPolarity": "0"
      },
      {
        "Aspect": "색상",
        "SentimentText": "색상도 화면이 더 예쁘네요~ 실물은 별로에요",
        "SentimentWord": "6",
        "SentimentPolarity": "-1"
      }
    ]
  },
  {
    "Index": "44079",
    "RawText": "습기가 가득한 집안인데 사용하고 얼마 안 돼서 뽀송해졌어요~~성능 짱 그런데 아쉽게도 물통 용량은 너무 작아서 짜증나네요",
    "Source": "쇼핑몰",
    "Domain": "가전",
    "MainCategory": "계절가전",
    "ProductName": "뽀송 위닉스 DXTE100-KWK",
    "ReviewScore": "5",
    "Syllable": "67",
    "Word": "16",
    "RDate": "20211001",
    "GeneralPolarity": "0",
    "Aspects": [
      {
        "Aspect": "기능",
        "SentimentText": "습기가 가득한 집안인데 사용하고 얼마 안 돼서 뽀송해졌어요~~ 성능 짱",
        "SentimentWord": "10",
        "SentimentPolarity": "1"
      },
      {
        "Aspect": "용량",
        "SentimentText": "그런데 아쉽게도 물통 용량은 너무 작아서 짜증나네요",
        "SentimentWord": "7",
        "SentimentPolarity": "-1"
      }
    ]
  },
  {
    "Index": "44080",
    "RawText": "날씨가 춥고 습해서 사용하니 제습이 잘되고 보송보송 너무 좋습니다~ 가격도 진짜 저렴하게 잘 구매해서 기분좋네요^^ ",
    "Source": "쇼핑몰",
    "Domain": "가전",
    "MainCategory": "계절가전",
    "ProductName": "뽀송 위닉스 DXTE100-KWK",
    "ReviewScore": "5",
    "Syllable": "65",
    "Word": "15",
    "RDate": "20210922",
    "GeneralPolarity": "1",
    "Aspects": [
      {
        "Aspect": "기능",
        "SentimentText": "날씨가 춥고 습해서 사용하니 제습이 잘되고 보송보송 너무 좋습니다~",
        "SentimentWord": "9",
        "SentimentPolarity": "1"
      },
      {
        "Aspect": "가격",
        "SentimentText": "가격도 진짜 저렴하게 잘 구매해서 기분좋네요^^",
        "SentimentWord": "6",
        "SentimentPolarity": "1"
      }
    ]
  },
  {
    "Index": "44081",
    "RawText": "에너지 효율이 3등급이라.. 전기세가 걱정되네요 ㅠㅠ 색상도 화면이 훨씬 예뻐서 실망스럽네요",
    "Source": "쇼핑몰",
    "Domain": "가전",
    "MainCategory": "계절가전",
    "ProductName": "뽀송 위닉스 DXTE100-KWK",
    "ReviewScore": "5",
    "Syllable": "51",
    "Word": "11",
    "RDate": "20220713",
    "GeneralPolarity": "-1",
    "Aspects": [
      {
        "Aspect": "소비전력",
        "SentimentText": "에너지 효율이 3등급이라.. 전기세가 걱정되네요 ㅠㅠ ",
        "SentimentWord": "6",
        "SentimentPolarity": "-1"
      },
      {
        "Aspect": "색상",
        "SentimentText": "색상도 화면이 훨씬 예뻐서 실망스럽네요",
        "SentimentWord": "5",
        "SentimentPolarity": "-1"
      }
    ]
  },
  {
    "Index": "44082",
    "RawText": "물통 용량이 생각보다 작아서 금세 차네요.. 불편합니다.. 그래도 성능은 좋아서 기숙사가 쾌적해 졌습니다.",
    "Source": "쇼핑몰",
    "Domain": "가전",
    "MainCategory": "계절가전",
    "ProductName": "뽀송 위닉스 DXTE100-KWK",
    "ReviewScore": "5",
    "Syllable": "59",
    "Word": "13",
    "RDate": "20220628",
    "GeneralPolarity": "0",
    "Aspects": [
      {
        "Aspect": "용량",
        "SentimentText": "물통 용량이 생각보다 작아서 금세 차네요.. 불편합니다.. ",
        "SentimentWord": "7",
        "SentimentPolarity": "-1"
      },
      {
        "Aspect": "기능",
        "SentimentText": "그래도 성능은 좋아서 기숙사가 쾌적해 졌습니다.",
        "SentimentWord": "6",
        "SentimentPolarity": "1"
      }
    ]
  },
  {
    "Index": "44084",
    "RawText": "물통이 왜 이리 작은건지 ㅠㅠ 자주 비워줘야 하네요... 그래도 소리는 조용하니 쓸만합니다.",
    "Source": "쇼핑몰",
    "Domain": "가전",
    "MainCategory": "계절가전",
    "ProductName": "뽀송 위닉스 DXTE100-KWK",
    "ReviewScore": "5",
    "Syllable": "51",
    "Word": "12",
    "RDate": "20210820",
    "GeneralPolarity": "0",
    "Aspects": [
      {
        "Aspect": "용량",
        "SentimentText": "물통이 왜 이리 작은건지 ㅠㅠ 자주 비워줘야 하네요...",
        "SentimentWord": "8",
        "SentimentPolarity": "-1"
      },
      {
        "Aspect": "소음",
        "SentimentText": "그래도 소리는 조용하니 쓸만합니다.",
        "SentimentWord": "4",
        "SentimentPolarity": "1"
      }
    ]
  },
  {
    "Index": "44086",
    "RawText": "기존 제품보다 제습 능력이 월등히 좋은거 같아 만족해요. 고장 없이 잘 돌아가서 질 좋은 제품에 기분도 좋습니다.",
    "Source": "쇼핑몰",
    "Domain": "가전",
    "MainCategory": "계절가전",
    "ProductName": "뽀송 위닉스 DXTE100-KWK",
    "ReviewScore": "5",
    "Syllable": "63",
    "Word": "17",
    "RDate": "20220118",
    "GeneralPolarity": "1",
    "Aspects": [
      {
        "Aspect": "기능",
        "SentimentText": "기존 제품보다 제습 능력이 월등히 좋은거 같아 만족해요.",
        "SentimentWord": "8",
        "SentimentPolarity": "1"
      },
      {
        "Aspect": "품질",
        "SentimentText": "고장 없이 잘 돌아가서 질 좋은 제품에 기분도 좋습니다. ",
        "SentimentWord": "9",
        "SentimentPolarity": "1"
      }
    ]
  },
  {
    "Index": "44087",
    "RawText": "드레스룸에 두려고 용량이 작은 제습기로 구매했더니 딱 좋아요!  작동도 잘되고 제습이 잘되서 옷들이 보송보송하네요^^ 약풍으로 작동시 소음이 거의 안나요 ㅎ 우천시 대비해서 저렴한 가격에 잘 구매했어요 ㅎ",
    "Source": "쇼핑몰",
    "Domain": "가전",
    "MainCategory": "계절가전",
    "ProductName": "뽀송 위닉스 DXTE100-KWK",
    "ReviewScore": "5",
    "Syllable": "114",
    "Word": "27",
    "RDate": "20220514",
    "GeneralPolarity": "1",
    "Aspects": [
      {
        "Aspect": "용량",
        "SentimentText": "드레스룸에 두려고 용량이 작은 제습기로 구매했더니 딱 좋아요!",
        "SentimentWord": "8",
        "SentimentPolarity": "1"
      },
      {
        "Aspect": "기능",
        "SentimentText": " 작동도 잘되고 제습이 잘되서 옷들이 보송보송하네요^^ ",
        "SentimentWord": "6",
        "SentimentPolarity": "1"
      },
      {
        "Aspect": "소음",
        "SentimentText": " 약풍으로 작동시 소음이 거의 안나요 ㅎ ",
        "SentimentWord": "6",
        "SentimentPolarity": "1"
      },
      {
        "Aspect": "가격",
        "SentimentText": "우천시 대비해서 저렴한 가격에 잘 구매했어요 ㅎ",
        "SentimentWord": "7",
        "SentimentPolarity": "1"
      }
    ]
  },
  {
    "Index": "44088",
    "RawText": "제습기가 이렇게 조용한건지 처음 알았어요. 소음 없어 흡족해요. 제습력이 좋아 공기가 뽀송 뽀송~ 최고예요.",
    "Source": "쇼핑몰",
    "Domain": "가전",
    "MainCategory": "계절가전",
    "ProductName": "뽀송 위닉스 DXTE100-KWK",
    "ReviewScore": "5",
    "Syllable": "60",
    "Word": "14",
    "RDate": "20220725",
    "GeneralPolarity": "1",
    "Aspects": [
      {
        "Aspect": "소음",
        "SentimentText": "제습기가 이렇게 조용한건지 처음 알았어요. 소음 없어 흡족해요. ",
        "SentimentWord": "8",
        "SentimentPolarity": "1"
      },
      {
        "Aspect": "기능",
        "SentimentText": "제습력이 좋아 공기가 뽀송 뽀송~ 최고예요. ",
        "SentimentWord": "6",
        "SentimentPolarity": "1"
      }
    ]
  },
  {
    "Index": "44089",
    "RawText": "제습 기능이 아주 강력 하네요.. 단점은 물통 용량이 너무 작아서 자주 비워 줘야 해서 짜증나요ㅠ",
    "Source": "쇼핑몰",
    "Domain": "가전",
    "MainCategory": "계절가전",
    "ProductName": "뽀송 위닉스 DXTE100-KWK",
    "ReviewScore": "5",
    "Syllable": "54",
    "Word": "15",
    "RDate": "20210916",
    "GeneralPolarity": "0",
    "Aspects": [
      {
        "Aspect": "기능",
        "SentimentText": "제습 기능이 아주 강력 하네요..",
        "SentimentWord": "5",
        "SentimentPolarity": "1"
      },
      {
        "Aspect": "용량",
        "SentimentText": "단점은 물통 용량이 너무 작아서 자주 비워 줘야 해서 짜증나요ㅠ",
        "SentimentWord": "10",
        "SentimentPolarity": "-1"
      }
    ]
  },
  {
    "Index": "44090",
    "RawText": "습기가 해결되니 너무 좋아요~ 집에 습도가  너무 높아서  매일 사용하는데  전기요금도 얼마 안나와서 만족합니다. 빨래도 잘 말라서 만족해요~",
    "Source": "쇼핑몰",
    "Domain": "가전",
    "MainCategory": "계절가전",
    "ProductName": "뽀송 위닉스 DXTE100-KWK",
    "ReviewScore": "5",
    "Syllable": "79",
    "Word": "18",
    "RDate": "20210718",
    "GeneralPolarity": "1",
    "Aspects": [
      {
        "Aspect": "기능",
        "SentimentText": "습기가 해결되니 너무 좋아요~",
        "SentimentWord": "4",
        "SentimentPolarity": "1"
      },
      {
        "Aspect": "소비전력",
        "SentimentText": "매일 사용하는데  전기요금도 얼마 안나와서 만족합니다.",
        "SentimentWord": "6",
        "SentimentPolarity": "1"
      }
    ]
  },
  {
    "Index": "44091",
    "RawText": "받아보니 색상도 칙칙하고 별로고.. 알람 소리가 너무 시끄러워요.. 끌 수가 없네요..",
    "Source": "쇼핑몰",
    "Domain": "가전",
    "MainCategory": "계절가전",
    "ProductName": "뽀송 위닉스 DXTE100-KWK",
    "ReviewScore": "5",
    "Syllable": "48",
    "Word": "11",
    "RDate": "20220702",
    "GeneralPolarity": "-1",
    "Aspects": [
      {
        "Aspect": "색상",
        "SentimentText": "받아보니 색상도 칙칙하고 별로고.. ",
        "SentimentWord": "4",
        "SentimentPolarity": "-1"
      },
      {
        "Aspect": "소음",
        "SentimentText": "알람 소리가 너무 시끄러워요.. 끌 수가 없네요..",
        "SentimentWord": "7",
        "SentimentPolarity": "-1"
      }
    ]
  },
  {
    "Index": "44092",
    "RawText": "제습기에 물 차는 거 보고 깜짝 놀랐어요. 제습력 최고입니다. 조용한 편이라 소음 걱정 없어서 만족합니다.",
    "Source": "쇼핑몰",
    "Domain": "가전",
    "MainCategory": "계절가전",
    "ProductName": "뽀송 위닉스 DXTE100-KWK",
    "ReviewScore": "5",
    "Syllable": "59",
    "Word": "15",
    "RDate": "20220223",
    "GeneralPolarity": "1",
    "Aspects": [
      {
        "Aspect": "기능",
        "SentimentText": "제습기에 물 차는 거 보고 깜짝 놀랐어요. 제습력 최고입니다.",
        "SentimentWord": "9",
        "SentimentPolarity": "1"
      },
      {
        "Aspect": "소음",
        "SentimentText": "조용한 편이라 소음 걱정 없어서 만족합니다.",
        "SentimentWord": "6",
        "SentimentPolarity": "1"
      }
    ]
  },
  {
    "Index": "44093",
    "RawText": "디자인 세련돼서 마음에 들고~ 성능도 좋아서 빨래도 잘 말라요. 그런데 커버가 없는 게 단점이네요. 먼지 쌓이겠어요",
    "Source": "쇼핑몰",
    "Domain": "가전",
    "MainCategory": "계절가전",
    "ProductName": "뽀송 위닉스 DXTE100-KWK",
    "ReviewScore": "5",
    "Syllable": "64",
    "Word": "16",
    "RDate": "20210720",
    "GeneralPolarity": "1",
    "Aspects": [
      {
        "Aspect": "디자인",
        "SentimentText": "디자인 세련돼서 마음에 들고~",
        "SentimentWord": "4",
        "SentimentPolarity": "1"
      },
      {
        "Aspect": "기능",
        "SentimentText": "성능도 좋아서 빨래도 잘 말라요.",
        "SentimentWord": "5",
        "SentimentPolarity": "1"
      },
      {
        "Aspect": "제품구성",
        "SentimentText": "그런데 커버가 없는 게 단점이네요. 먼지 쌓이겠어요",
        "SentimentWord": "7",
        "SentimentPolarity": "-1"
      }
    ]
  },
  {
    "Index": "44094",
    "RawText": "디자인이 슬림하고 예쁘네요. 제습기의 기본 성능이 좋고 제습기능도 뛰어나서 너무 만족해요!!",
    "Source": "쇼핑몰",
    "Domain": "가전",
    "MainCategory": "계절가전",
    "ProductName": "뽀송 위닉스 DXTE100-KWK",
    "ReviewScore": "5",
    "Syllable": "51",
    "Word": "11",
    "RDate": "20211207",
    "GeneralPolarity": "1",
    "Aspects": [
      {
        "Aspect": "디자인",
        "SentimentText": " 디자인이 슬림하고 예쁘네요.",
        "SentimentWord": "3",
        "SentimentPolarity": "1"
      },
      {
        "Aspect": "기능",
        "SentimentText": " 제습기의 기본 성능이 좋고 제습기능도 뛰어나서 너무 만족해요!!",
        "SentimentWord": "8",
        "SentimentPolarity": "1"
      }
    ]
  },
  {
    "Index": "44095",
    "RawText": "실물로 보니 색상이 촌스럽네요.. 에너지 효율도 3등급이라 전기세가 많이 나올까 봐 벌써부터 걱정입니다",
    "Source": "쇼핑몰",
    "Domain": "가전",
    "MainCategory": "계절가전",
    "ProductName": "뽀송 위닉스 DXTE100-KWK",
    "ReviewScore": "5",
    "Syllable": "57",
    "Word": "13",
    "RDate": "20210810",
    "GeneralPolarity": "-1",
    "Aspects": [
      {
        "Aspect": "색상",
        "SentimentText": "실물로 보니 색상이 촌스럽네요.. ",
        "SentimentWord": "4",
        "SentimentPolarity": "-1"
      },
      {
        "Aspect": "소비전력",
        "SentimentText": "에너지 효율도 3등급이라 전기세가 많이 나올까 봐 벌써부터 걱정입니다",
        "SentimentWord": "9",
        "SentimentPolarity": "-1"
      }
    ]
  },
  {
    "Index": "44096",
    "RawText": "가동 시킨지 1시간 만에 습도율이 쭉 떨어지네요~ 좋습니다. 아쉬운 건 물통 용량이 작아서 수시로 비워내야 합니다..",
    "Source": "쇼핑몰",
    "Domain": "가전",
    "MainCategory": "계절가전",
    "ProductName": "뽀송 위닉스 DXTE100-KWK",
    "ReviewScore": "5",
    "Syllable": "65",
    "Word": "16",
    "RDate": "20211026",
    "GeneralPolarity": "0",
    "Aspects": [
      {
        "Aspect": "시간/속도",
        "SentimentText": "가동 시킨지 1시간 만에 습도율이 쭉 떨어지네요~ 좋습니다.",
        "SentimentWord": "8",
        "SentimentPolarity": "1"
      },
      {
        "Aspect": "용량",
        "SentimentText": "아쉬운 건 물통 용량이 작아서 수시로 비워내야 합니다..",
        "SentimentWord": "8",
        "SentimentPolarity": "-1"
      }
    ]
  },
  {
    "Index": "44097",
    "RawText": "불쾌하고 습했던 공기가 순식간에 쾌적해지는 거 보니 마술같네요. 성능 너무 좋아요. 직접보니 색상이 촌스러워서 실망 ㅠ.ㅠ",
    "Source": "쇼핑몰",
    "Domain": "가전",
    "MainCategory": "계절가전",
    "ProductName": "뽀송 위닉스 DXTE100-KWK",
    "ReviewScore": "5",
    "Syllable": "68",
    "Word": "16",
    "RDate": "20220705",
    "GeneralPolarity": "0",
    "Aspects": [
      {
        "Aspect": "기능",
        "SentimentText": "불쾌하고 습했던 공기가 순식간에 쾌적해지는 거 보니 마술같네요. 성능 너무 좋아요.",
        "SentimentWord": "11",
        "SentimentPolarity": "1"
      },
      {
        "Aspect": "색상",
        "SentimentText": "직접보니 색상이 촌스러워서 실망 ㅠ.ㅠ",
        "SentimentWord": "5",
        "SentimentPolarity": "-1"
      }
    ]
  },
  {
    "Index": "44098",
    "RawText": "제습 기능이 아주 퍼펙트~ 습기를 쫙 빨아들이니 집이 쾌적해요. 단점은 물통이 작아서 물이 금세 찬다는 점...",
    "Source": "쇼핑몰",
    "Domain": "가전",
    "MainCategory": "계절가전",
    "ProductName": "뽀송 위닉스 DXTE100-KWK",
    "ReviewScore": "5",
    "Syllable": "62",
    "Word": "16",
    "RDate": "20220703",
    "GeneralPolarity": "0",
    "Aspects": [
      {
        "Aspect": "기능",
        "SentimentText": "제습 기능이 아주 퍼펙트~ ",
        "SentimentWord": "4",
        "SentimentPolarity": "1"
      },
      {
        "Aspect": "용량",
        "SentimentText": "단점은 물통이 작아서 물이 금세 찬다는 점...",
        "SentimentWord": "7",
        "SentimentPolarity": "-1"
      }
    ]
  }
]