[
  {
    "Index": "43334",
    "RawText": "제습력이 좋아서 실내 습기도 금방 잡히고 성능은 좋아요~~~그런데 보름정도 사용후 고장난적이 있어서 품질이 별로인거 같아요ㅜ",
    "Source": "쇼핑몰",
    "Domain": "가전",
    "MainCategory": "계절가전",
    "ProductName": "뽀송 위닉스 DO2E160-JWK",
    "ReviewScore": "5",
    "Syllable": "69",
    "Word": "15",
    "RDate": "20210815",
    "GeneralPolarity": "0",
    "Aspects": [
      {
        "Aspect": "기능",
        "SentimentText": "제습력이 좋아서 실내 습기도 금방 잡히고 성능은 좋아요~~~",
        "SentimentWord": "8",
        "SentimentPolarity": "1"
      },
      {
        "Aspect": "품질",
        "SentimentText": "그런데 보름정도 사용후 고장난적이 있어서 품질이 별로인거 같아요ㅜ",
        "SentimentWord": "8",
        "SentimentPolarity": "-1"
      }
    ]
  },
  {
    "Index": "43336",
    "RawText": "소음은 생각보다 너무 조용해서 좋습니다~~~ 작동도 잘되고 제습이 잘되서 습했던 방이 보송보송해졌어요^^",
    "Source": "쇼핑몰",
    "Domain": "가전",
    "MainCategory": "계절가전",
    "ProductName": "뽀송 위닉스 DO2E160-JWK",
    "ReviewScore": "5",
    "Syllable": "58",
    "Word": "12",
    "RDate": "20220829",
    "GeneralPolarity": "1",
    "Aspects": [
      {
        "Aspect": "소음",
        "SentimentText": "소음은 생각보다 너무 조용해서 좋습니다~~~ ",
        "SentimentWord": "5",
        "SentimentPolarity": "1"
      },
      {
        "Aspect": "기능",
        "SentimentText": "작동도 잘되고 제습이 잘되서 습했던 방이 보송보송해졌어요^^",
        "SentimentWord": "7",
        "SentimentPolarity": "1"
      }
    ]
  },
  {
    "Index": "43337",
    "RawText": "약간 무겁지만 제품 하단부에 바퀴가 매우 부드러워서 이동이 용이해서 좋네요..  제품 외형도 깔끔하고 세련된 느낌이라 마음에 듭니다..  할인행사로 저렴한 가격에 제품 구입해서 기분 좋네요.. ㅎㅎ",
    "Source": "쇼핑몰",
    "Domain": "가전",
    "MainCategory": "계절가전",
    "ProductName": "뽀송 위닉스 DO2E160-JWK",
    "ReviewScore": "5",
    "Syllable": "110",
    "Word": "25",
    "RDate": "20210924",
    "GeneralPolarity": "1",
    "Aspects": [
      {
        "Aspect": "편의성",
        "SentimentText": "약간 무겁지만 제품 하단부에 바퀴가 매우 부드러워서 이동이 용이해서 좋네요.. ",
        "SentimentWord": "10",
        "SentimentPolarity": "1"
      },
      {
        "Aspect": "디자인",
        "SentimentText": "제품 외형도 깔끔하고 세련된 느낌이라 마음에 듭니다.. ",
        "SentimentWord": "7",
        "SentimentPolarity": "1"
      },
      {
        "Aspect": "가격",
        "SentimentText": "할인행사로 저렴한 가격에 제품 구입해서 기분 좋네요.. ㅎㅎ",
        "SentimentWord": "8",
        "SentimentPolarity": "1"
      }
    ]
  },
  {
    "Index": "43338",
    "RawText": "제습력이 좋아서 실내가 금방 보송해지고 좋아요^^ 소음은 조금 있는편이라서 시끄럽네요ㅠ ",
    "Source": "쇼핑몰",
    "Domain": "가전",
    "MainCategory": "계절가전",
    "ProductName": "뽀송 위닉스 DO2E160-JWK",
    "ReviewScore": "4",
    "Syllable": "49",
    "Word": "10",
    "RDate": "20210904",
    "GeneralPolarity": "0",
    "Aspects": [
      {
        "Aspect": "기능",
        "SentimentText": "제습력이 좋아서 실내가 금방 보송해지고 좋아요^^",
        "SentimentWord": "6",
        "SentimentPolarity": "1"
      },
      {
        "Aspect": "소음",
        "SentimentText": "소음은 조금 있는편이라서 시끄럽네요ㅠ",
        "SentimentWord": "4",
        "SentimentPolarity": "-1"
      }
    ]
  },
  {
    "Index": "43339",
    "RawText": "2시간만 틀어놔도 물차는거 보니 제습력이 뛰어납니다~ 하지만 제습기 돌아가는 소리가 크게 나서 신경이 거슬려요ㅠㅠ",
    "Source": "쇼핑몰",
    "Domain": "가전",
    "MainCategory": "계절가전",
    "ProductName": "뽀송 위닉스 DO2E160-JWK",
    "ReviewScore": "5",
    "Syllable": "63",
    "Word": "14",
    "RDate": "20210908",
    "GeneralPolarity": "0",
    "Aspects": [
      {
        "Aspect": "기능",
        "SentimentText": "2시간만 틀어놔도 물차는거 보니 제습력이 뛰어납니다~ ",
        "SentimentWord": "6",
        "SentimentPolarity": "1"
      },
      {
        "Aspect": "소음",
        "SentimentText": "하지만 제습기 돌아가는 소리가 크게 나서 신경이 거슬려요ㅠㅠ",
        "SentimentWord": "8",
        "SentimentPolarity": "-1"
      }
    ]
  },
  {
    "Index": "43340",
    "RawText": "제습기 튼튼하고 품질이 좋아요. 작동이 잘되고 너무 뜨거운 바람이 안나와서 딱 좋습니다. 소음도 굉장히 조용해서 맘에 들어요!!",
    "Source": "쇼핑몰",
    "Domain": "가전",
    "MainCategory": "계절가전",
    "ProductName": "뽀송 위닉스 DO2E160-JWK",
    "ReviewScore": "5",
    "Syllable": "71",
    "Word": "17",
    "RDate": "20211002",
    "GeneralPolarity": "1",
    "Aspects": [
      {
        "Aspect": "품질",
        "SentimentText": "제습기 튼튼하고 품질이 좋아요. ",
        "SentimentWord": "4",
        "SentimentPolarity": "1"
      },
      {
        "Aspect": "기능",
        "SentimentText": "작동이 잘되고 너무 뜨거운 바람이 안나와서 딱 좋습니다.",
        "SentimentWord": "8",
        "SentimentPolarity": "1"
      },
      {
        "Aspect": "소음",
        "SentimentText": "소음도 굉장히 조용해서 맘에 들어요!!",
        "SentimentWord": "5",
        "SentimentPolarity": "1"
      }
    ]
  },
  {
    "Index": "43341",
    "RawText": "리뷰보고 구매했는데 제습기에서 나오는 바람이 좀 덥긴해도 제습이 잘되서 만족해요. 소리도 작게 나서 조용하네요~",
    "Source": "쇼핑몰",
    "Domain": "가전",
    "MainCategory": "계절가전",
    "ProductName": "뽀송 위닉스 DO2E160-JWK",
    "ReviewScore": "5",
    "Syllable": "62",
    "Word": "14",
    "RDate": "20220713",
    "GeneralPolarity": "1",
    "Aspects": [
      {
        "Aspect": "기능",
        "SentimentText": "리뷰보고 구매했는데 제습기에서 나오는 바람이 좀 덥긴해도 제습이 잘되서 만족해요. ",
        "SentimentWord": "10",
        "SentimentPolarity": "1"
      },
      {
        "Aspect": "소음",
        "SentimentText": "소리도 작게 나서 조용하네요~",
        "SentimentWord": "4",
        "SentimentPolarity": "1"
      }
    ]
  },
  {
    "Index": "43342",
    "RawText": "제습기 무게가 생각보다 더 무겁네요. 다행히 바퀴가 있어서 이동하기 편해요^^ 소음은 크지 않고 적당해서 좋아요.",
    "Source": "쇼핑몰",
    "Domain": "가전",
    "MainCategory": "계절가전",
    "ProductName": "뽀송 위닉스 DO2E160-JWK",
    "ReviewScore": "4",
    "Syllable": "63",
    "Word": "15",
    "RDate": "20220503",
    "GeneralPolarity": "0",
    "Aspects": [
      {
        "Aspect": "무게",
        "SentimentText": "제습기 무게가 생각보다 더 무겁네요. ",
        "SentimentWord": "5",
        "SentimentPolarity": "-1"
      },
      {
        "Aspect": "편의성",
        "SentimentText": "다행히 바퀴가 있어서 이동하기 편해요^^",
        "SentimentWord": "5",
        "SentimentPolarity": "1"
      },
      {
        "Aspect": "소음",
        "SentimentText": "소음은 크지 않고 적당해서 좋아요.",
        "SentimentWord": "5",
        "SentimentPolarity": "1"
      }
    ]
  },
  {
    "Index": "43343",
    "RawText": "선물용으로 구매했는데 가격도 저렴해서 좋습니다. 제습기 퀄리티도 좋고 튼튼해서 만족해요!!",
    "Source": "쇼핑몰",
    "Domain": "가전",
    "MainCategory": "계절가전",
    "ProductName": "뽀송 위닉스 DO2E160-JWK",
    "ReviewScore": "5",
    "Syllable": "50",
    "Word": "10",
    "RDate": "20210901",
    "GeneralPolarity": "1",
    "Aspects": [
      {
        "Aspect": "가격",
        "SentimentText": "선물용으로 구매했는데 가격도 저렴해서 좋습니다.",
        "SentimentWord": "5",
        "SentimentPolarity": "1"
      },
      {
        "Aspect": "품질",
        "SentimentText": "제습기 퀄리티도 좋고 튼튼해서 만족해요!!",
        "SentimentWord": "5",
        "SentimentPolarity": "1"
      }
    ]
  },
  {
    "Index": "43344",
    "RawText": "잘 작동해서 제습도 잘되고 성능이 너무 좋습니다. 다만 소음이 좀 있지만 참을만하고 대체로 만족해요!!",
    "Source": "쇼핑몰",
    "Domain": "가전",
    "MainCategory": "계절가전",
    "ProductName": "뽀송 위닉스 DO2E160-JWK",
    "ReviewScore": "5",
    "Syllable": "57",
    "Word": "14",
    "RDate": "20211120",
    "GeneralPolarity": "1",
    "Aspects": [
      {
        "Aspect": "기능",
        "SentimentText": "잘 작동해서 제습도 잘되고 성능이 너무 좋습니다. ",
        "SentimentWord": "7",
        "SentimentPolarity": "1"
      },
      {
        "Aspect": "소음",
        "SentimentText": " 다만 소음이 좀 있지만 참을만하고 대체로 만족해요!!",
        "SentimentWord": "7",
        "SentimentPolarity": "1"
      }
    ]
  },
  {
    "Index": "43345",
    "RawText": "눅눅하던 실내가 쾌적하고 보송해지니 성능이 엄청 좋습니다!! 작동시 나오는 소리도 작아서 조용해서 너무 좋아요~~~",
    "Source": "쇼핑몰",
    "Domain": "가전",
    "MainCategory": "계절가전",
    "ProductName": "뽀송 위닉스 DO2E160-JWK",
    "ReviewScore": "5",
    "Syllable": "64",
    "Word": "14",
    "RDate": "20210907",
    "GeneralPolarity": "1",
    "Aspects": [
      {
        "Aspect": "기능",
        "SentimentText": "눅눅하던 실내가 쾌적하고 보송해지니 성능이 엄청 좋습니다!!",
        "SentimentWord": "7",
        "SentimentPolarity": "1"
      },
      {
        "Aspect": "소음",
        "SentimentText": "작동시 나오는 소리도 작아서 조용해서 너무 좋아요~~~",
        "SentimentWord": "7",
        "SentimentPolarity": "1"
      }
    ]
  },
  {
    "Index": "43346",
    "RawText": "성능이 좋아서 제습력이 좋고 물통이 앞쪽에 있어서 물차는게 확인되서 좋네요. 소음도 별로 안나서 조용해서 만족해요",
    "Source": "쇼핑몰",
    "Domain": "가전",
    "MainCategory": "계절가전",
    "ProductName": "뽀송 위닉스 DO2E160-JWK",
    "ReviewScore": "4",
    "Syllable": "63",
    "Word": "15",
    "RDate": "20220723",
    "GeneralPolarity": "1",
    "Aspects": [
      {
        "Aspect": "기능",
        "SentimentText": "성능이 좋아서 제습력이 좋고 물통이 앞쪽에 있어서 물차는게 확인되서 좋네요.",
        "SentimentWord": "10",
        "SentimentPolarity": "1"
      },
      {
        "Aspect": "소음",
        "SentimentText": "소음도 별로 안나서 조용해서 만족해요",
        "SentimentWord": "5",
        "SentimentPolarity": "1"
      }
    ]
  },
  {
    "Index": "43347",
    "RawText": "가격은 할인해서 저렴하게 샀어요^^ 제습기 성능이 좋아서 빨래가 보송보송하네요~",
    "Source": "쇼핑몰",
    "Domain": "가전",
    "MainCategory": "계절가전",
    "ProductName": "뽀송 위닉스 DO2E160-JWK",
    "ReviewScore": "5",
    "Syllable": "44",
    "Word": "9",
    "RDate": "20220226",
    "GeneralPolarity": "1",
    "Aspects": [
      {
        "Aspect": "가격",
        "SentimentText": "가격은 할인해서 저렴하게 샀어요^^",
        "SentimentWord": "4",
        "SentimentPolarity": "1"
      },
      {
        "Aspect": "기능",
        "SentimentText": " 제습기 성능이 좋아서 빨래가 보송보송하네요~",
        "SentimentWord": "5",
        "SentimentPolarity": "1"
      }
    ]
  },
  {
    "Index": "43348",
    "RawText": "할인하길래 저렴하게 구매했네요^^ 소음이 조금 나는데 거슬릴정도는 아니라서 괜찮아요~ 제습기에서 나오는 바람이 뜨겁지 않고 미지근한 바람이라서 덥지 않아요.무엇보다 제습력이 너무 좋아요!!",
    "Source": "쇼핑몰",
    "Domain": "가전",
    "MainCategory": "계절가전",
    "ProductName": "뽀송 위닉스 DO2E160-JWK",
    "ReviewScore": "5",
    "Syllable": "105",
    "Word": "21",
    "RDate": "20220828",
    "GeneralPolarity": "1",
    "Aspects": [
      {
        "Aspect": "가격",
        "SentimentText": "할인하길래 저렴하게 구매했네요^^",
        "SentimentWord": "3",
        "SentimentPolarity": "1"
      },
      {
        "Aspect": "소음",
        "SentimentText": "소음이 조금 나는데 거슬릴정도는 아니라서 괜찮아요~",
        "SentimentWord": "6",
        "SentimentPolarity": "0"
      },
      {
        "Aspect": "기능",
        "SentimentText": "제습기에서 나오는 바람이 뜨겁지 않고 미지근한 바람이라서 덥지 않아요.무엇보다 제습력이 너무 좋아요!!",
        "SentimentWord": "12",
        "SentimentPolarity": "1"
      }
    ]
  },
  {
    "Index": "43349",
    "RawText": "할인할때 저렴하게 사서 득템했어요^^ 제습기 조작법도 단순하고 편해요.  제습력도 좋고 실내 공기가 보송보송 해져서 잘 사용합니다.",
    "Source": "쇼핑몰",
    "Domain": "가전",
    "MainCategory": "계절가전",
    "ProductName": "뽀송 위닉스 DO2E160-JWK",
    "ReviewScore": "5",
    "Syllable": "73",
    "Word": "16",
    "RDate": "20220829",
    "GeneralPolarity": "1",
    "Aspects": [
      {
        "Aspect": "가격",
        "SentimentText": "할인할때 저렴하게 사서 득템했어요^^",
        "SentimentWord": "4",
        "SentimentPolarity": "1"
      },
      {
        "Aspect": "조작성",
        "SentimentText": "제습기 조작법도 단순하고 편해요. ",
        "SentimentWord": "4",
        "SentimentPolarity": "1"
      },
      {
        "Aspect": "기능",
        "SentimentText": "제습력도 좋고 실내 공기가 보송보송 해져서 잘 사용합니다.",
        "SentimentWord": "8",
        "SentimentPolarity": "1"
      }
    ]
  },
  {
    "Index": "43350",
    "RawText": "제습기 용량이 크게 나와서 사용하기 좋아요~ 다만,소리가 별로 안난다고 해서 샀는데..소리가 크게 나서 실망했어요ㅜ",
    "Source": "쇼핑몰",
    "Domain": "가전",
    "MainCategory": "계절가전",
    "ProductName": "뽀송 위닉스 DO2E160-JWK",
    "ReviewScore": "5",
    "Syllable": "64",
    "Word": "14",
    "RDate": "20220823",
    "GeneralPolarity": "0",
    "Aspects": [
      {
        "Aspect": "용량",
        "SentimentText": "제습기 용량이 크게 나와서 사용하기 좋아요~ ",
        "SentimentWord": "6",
        "SentimentPolarity": "1"
      },
      {
        "Aspect": "소음",
        "SentimentText": "다만,소리가 별로 안난다고 해서 샀는데..소리가 크게 나서 실망했어요ㅜ",
        "SentimentWord": "8",
        "SentimentPolarity": "-1"
      }
    ]
  },
  {
    "Index": "43351",
    "RawText": "옷방에 틀어두니 제습이 잘되서 습기제거도 잘되고 만족스러워요~ 작동할때 소리가 큰편 이지만 옷방용 제습기라서 상관없어요.",
    "Source": "쇼핑몰",
    "Domain": "가전",
    "MainCategory": "계절가전",
    "ProductName": "뽀송 위닉스 DO2E160-JWK",
    "ReviewScore": "5",
    "Syllable": "67",
    "Word": "14",
    "RDate": "20211103",
    "GeneralPolarity": "1",
    "Aspects": [
      {
        "Aspect": "기능",
        "SentimentText": "옷방에 틀어두니 제습이 잘되서 습기제거도 잘되고 만족스러워요~",
        "SentimentWord": "7",
        "SentimentPolarity": "1"
      },
      {
        "Aspect": "소음",
        "SentimentText": "작동할때 소리가 큰편 이지만 옷방용 제습기라서 상관없어요.",
        "SentimentWord": "7",
        "SentimentPolarity": "1"
      }
    ]
  },
  {
    "Index": "43352",
    "RawText": "제습기 소음이 크지 않고 적당해서 좋아요~ 습기를 잘 빨아들이는 성능이 마음에 들어서 3대째 구매했어요^^",
    "Source": "쇼핑몰",
    "Domain": "가전",
    "MainCategory": "계절가전",
    "ProductName": "뽀송 위닉스 DO2E160-JWK",
    "ReviewScore": "5",
    "Syllable": "59",
    "Word": "14",
    "RDate": "20211027",
    "GeneralPolarity": "1",
    "Aspects": [
      {
        "Aspect": "소음",
        "SentimentText": "제습기 소음이 크지 않고 적당해서 좋아요~",
        "SentimentWord": "6",
        "SentimentPolarity": "1"
      },
      {
        "Aspect": "기능",
        "SentimentText": "습기를 잘 빨아들이는 성능이 마음에 들어서 3대째 구매했어요^^",
        "SentimentWord": "8",
        "SentimentPolarity": "1"
      }
    ]
  },
  {
    "Index": "43353",
    "RawText": "소음은 약간있지만 조용한 편이라서  만족합니다. 하지만 무게가 엄청 무거워서 문턱이 있는곳은 많이 불편해요ㅜ",
    "Source": "쇼핑몰",
    "Domain": "가전",
    "MainCategory": "계절가전",
    "ProductName": "뽀송 위닉스 DO2E160-JWK",
    "ReviewScore": "5",
    "Syllable": "60",
    "Word": "13",
    "RDate": "20210819",
    "GeneralPolarity": "0",
    "Aspects": [
      {
        "Aspect": "소음",
        "SentimentText": "소음은 약간있지만 조용한 편이라서  만족합니다. ",
        "SentimentWord": "5",
        "SentimentPolarity": "1"
      },
      {
        "Aspect": "무게",
        "SentimentText": " 하지만 무게가 엄청 무거워서 문턱이 있는곳은 많이 불편해요ㅜ",
        "SentimentWord": "8",
        "SentimentPolarity": "-1"
      }
    ]
  },
  {
    "Index": "43354",
    "RawText": "물통차는거 보니 신기할정도로 제습이 잘되고 장마철내내 보송보송합니다^^ 소음은 좀 있어서 거슬리네요ㅜ",
    "Source": "쇼핑몰",
    "Domain": "가전",
    "MainCategory": "계절가전",
    "ProductName": "뽀송 위닉스 DO2E160-JWK",
    "ReviewScore": "5",
    "Syllable": "56",
    "Word": "11",
    "RDate": "20220603",
    "GeneralPolarity": "0",
    "Aspects": [
      {
        "Aspect": "기능",
        "SentimentText": "물통차는거 보니 신기할정도로 제습이 잘되고 장마철내내 보송보송합니다^^",
        "SentimentWord": "7",
        "SentimentPolarity": "1"
      },
      {
        "Aspect": "소음",
        "SentimentText": " 소음은 좀 있어서 거슬리네요ㅜ",
        "SentimentWord": "4",
        "SentimentPolarity": "-1"
      }
    ]
  },
  {
    "Index": "43355",
    "RawText": "소움이 좀 있지만 걱정할 정도는 아니네요. 방이 습해서 틀어두었는데 제습력이 좋아서 보송보송 해져서 너무 좋아요!!",
    "Source": "쇼핑몰",
    "Domain": "가전",
    "MainCategory": "계절가전",
    "ProductName": "뽀송 위닉스 DO2E160-JWK",
    "ReviewScore": "5",
    "Syllable": "64",
    "Word": "15",
    "RDate": "20220512",
    "GeneralPolarity": "1",
    "Aspects": [
      {
        "Aspect": "소음",
        "SentimentText": "소움이 좀 있지만 걱정할 정도는 아니네요.",
        "SentimentWord": "6",
        "SentimentPolarity": "1"
      },
      {
        "Aspect": "기능",
        "SentimentText": "방이 습해서 틀어두었는데 제습력이 좋아서 보송보송 해져서 너무 좋아요!!",
        "SentimentWord": "9",
        "SentimentPolarity": "1"
      }
    ]
  },
  {
    "Index": "43356",
    "RawText": "제습은 잘되서 습기도 잘 빨여들이고 보송보송해요~ 그런데..소음이 너무 커서 머리가 아프고 에어프라이기 3대 가동하는 소음이네요..ㅠㅠ",
    "Source": "쇼핑몰",
    "Domain": "가전",
    "MainCategory": "계절가전",
    "ProductName": "뽀송 위닉스 DO2E160-JWK",
    "ReviewScore": "3",
    "Syllable": "75",
    "Word": "15",
    "RDate": "20220724",
    "GeneralPolarity": "0",
    "Aspects": [
      {
        "Aspect": "기능",
        "SentimentText": "제습은 잘되서 습기도 잘 빨여들이고 보송보송해요~",
        "SentimentWord": "6",
        "SentimentPolarity": "1"
      },
      {
        "Aspect": "소음",
        "SentimentText": "그런데..소음이 너무 커서 머리가 아프고 에어프라이기 3대 가동하는 소음이네요..ㅠㅠ",
        "SentimentWord": "9",
        "SentimentPolarity": "-1"
      }
    ]
  },
  {
    "Index": "43357",
    "RawText": "소음은 약간 나지만 당연한거라서 괜찮아요^^ 제습량이 커서 사용하기 편해요.  물통이 큰편이라서 물통을 자주 비우지 않아도 되니 편해서 너무 좋아요.",
    "Source": "쇼핑몰",
    "Domain": "가전",
    "MainCategory": "계절가전",
    "ProductName": "뽀송 위닉스 DO2E160-JWK",
    "ReviewScore": "5",
    "Syllable": "83",
    "Word": "19",
    "RDate": "20220616",
    "GeneralPolarity": "1",
    "Aspects": [
      {
        "Aspect": "소음",
        "SentimentText": "소음은 약간 나지만 당연한거라서 괜찮아요^^",
        "SentimentWord": "5",
        "SentimentPolarity": "1"
      },
      {
        "Aspect": "용량",
        "SentimentText": "제습량이 커서 사용하기 편해요. ",
        "SentimentWord": "4",
        "SentimentPolarity": "1"
      },
      {
        "Aspect": "편의성",
        "SentimentText": "물통이 큰편이라서 물통을 자주 비우지 않아도 되니 편해서 너무 좋아요.",
        "SentimentWord": "10",
        "SentimentPolarity": "1"
      }
    ]
  },
  {
    "Index": "43358",
    "RawText": "장마철 필수아이템 제습기를  가격도 저렴하게 잘 구매해서 좋습니다. 에너지효율 1등급 제품이라 전기요금도 걱정없어요^^",
    "Source": "쇼핑몰",
    "Domain": "가전",
    "MainCategory": "계절가전",
    "ProductName": "뽀송 위닉스 DO2E160-JWK",
    "ReviewScore": "5",
    "Syllable": "66",
    "Word": "13",
    "RDate": "20220627",
    "GeneralPolarity": "1",
    "Aspects": [
      {
        "Aspect": "가격",
        "SentimentText": "장마철 필수아이템 제습기를  가격도 저렴하게 잘 구매해서 좋습니다.",
        "SentimentWord": "8",
        "SentimentPolarity": "1"
      },
      {
        "Aspect": "소비전력",
        "SentimentText": "에너지효율 1등급 제품이라 전기요금도 걱정없어요^^",
        "SentimentWord": "5",
        "SentimentPolarity": "1"
      }
    ]
  },
  {
    "Index": "43359",
    "RawText": "습기로 눅눅했는데 제습이 잘되어  습기도 잘 빨아들여서 너무 좋아요~~~소음도 별로 없고 조용햐네요.",
    "Source": "쇼핑몰",
    "Domain": "가전",
    "MainCategory": "계절가전",
    "ProductName": "뽀송 위닉스 DO2E160-JWK",
    "ReviewScore": "5",
    "Syllable": "56",
    "Word": "12",
    "RDate": "20210903",
    "GeneralPolarity": "1",
    "Aspects": [
      {
        "Aspect": "기능",
        "SentimentText": "습기로 눅눅했는데 제습이 잘되어  습기도 잘 빨아들여서 너무 좋아요~~~",
        "SentimentWord": "9",
        "SentimentPolarity": "1"
      },
      {
        "Aspect": "소음",
        "SentimentText": "소음도 별로 없고 조용햐네요.",
        "SentimentWord": "4",
        "SentimentPolarity": "1"
      }
    ]
  },
  {
    "Index": "43360",
    "RawText": "습도가 높았던 실내가 제습기 한대로 보송보송 해져서 너무 좋네요. 제습력 완전 짱^^ 제습기 디자인도 예쁘고 깔끔해요~~~",
    "Source": "쇼핑몰",
    "Domain": "가전",
    "MainCategory": "계절가전",
    "ProductName": "뽀송 위닉스 DO2E160-JWK",
    "ReviewScore": "5",
    "Syllable": "68",
    "Word": "16",
    "RDate": "20220216",
    "GeneralPolarity": "1",
    "Aspects": [
      {
        "Aspect": "기능",
        "SentimentText": "습도가 높았던 실내가 제습기 한대로 보송보송 해져서 너무 좋네요. 제습력 완전 짱^^",
        "SentimentWord": "12",
        "SentimentPolarity": "1"
      },
      {
        "Aspect": "디자인",
        "SentimentText": "제습기 디자인도 예쁘고 깔끔해요~~~",
        "SentimentWord": "4",
        "SentimentPolarity": "1"
      }
    ]
  },
  {
    "Index": "43361",
    "RawText": "제습이 너무 잘되서 쾌적하고 보송보송하니 너무 좋아요!! 제습기 용량도 커서 넓은 공간에서 사용하기 너무 좋고 마음에 들어요^^",
    "Source": "쇼핑몰",
    "Domain": "가전",
    "MainCategory": "계절가전",
    "ProductName": "뽀송 위닉스 DO2E160-JWK",
    "ReviewScore": "5",
    "Syllable": "71",
    "Word": "17",
    "RDate": "20220624",
    "GeneralPolarity": "1",
    "Aspects": [
      {
        "Aspect": "기능",
        "SentimentText": "제습이 너무 잘되서 쾌적하고 보송보송하니 너무 좋아요!!",
        "SentimentWord": "7",
        "SentimentPolarity": "1"
      },
      {
        "Aspect": "용량",
        "SentimentText": "제습기 용량도 커서 넓은 공간에서 사용하기 너무 좋고 마음에 들어요^^",
        "SentimentWord": "10",
        "SentimentPolarity": "1"
      }
    ]
  },
  {
    "Index": "43362",
    "RawText": "제습기 틀어놓으니 습한 집안 공기가 보송한 느낌이라 좋아요. 물통 크기가 큰편이라서 확실히 편해요~",
    "Source": "쇼핑몰",
    "Domain": "가전",
    "MainCategory": "계절가전",
    "ProductName": "뽀송 위닉스 DO2E160-JWK",
    "ReviewScore": "5",
    "Syllable": "55",
    "Word": "13",
    "RDate": "20220625",
    "GeneralPolarity": "1",
    "Aspects": [
      {
        "Aspect": "기능",
        "SentimentText": "제습기 틀어놓으니 습한 집안 공기가 보송한 느낌이라 좋아요.",
        "SentimentWord": "8",
        "SentimentPolarity": "1"
      },
      {
        "Aspect": "사이즈",
        "SentimentText": "물통 크기가 큰편이라서 확실히 편해요~",
        "SentimentWord": "5",
        "SentimentPolarity": "1"
      }
    ]
  },
  {
    "Index": "43363",
    "RawText": "소리도 별로 안나서 조용해요. 작동도 잘되고 제습력도 좋아서 성능이 너무 만족스럽네요. 물통 사이즈도 커서 편하고 좋아요 강력추천합니다!!",
    "Source": "쇼핑몰",
    "Domain": "가전",
    "MainCategory": "계절가전",
    "ProductName": "뽀송 위닉스 DO2E160-JWK",
    "ReviewScore": "5",
    "Syllable": "77",
    "Word": "17",
    "RDate": "20220726",
    "Aspects": [
      {
        "Aspect": "소음",
        "SentimentText": "소리도 별로 안나서 조용해요. ",
        "SentimentWord": "4",
        "SentimentPolarity": "1"
      },
      {
        "Aspect": "기능",
        "SentimentText": "작동도 잘되고 제습력도 좋아서 성능이 너무 만족스럽네요.",
        "SentimentWord": "7",
        "SentimentPolarity": "1"
      },
      {
        "Aspect": "용량",
        "SentimentText": "물통 사이즈도 커서 편하고 좋아요 강력추천합니다!!",
        "SentimentWord": "6",
        "SentimentPolarity": "1"
      }
    ]
  },
  {
    "Index": "43364",
    "RawText": "제습기 구성품중에 신발 건조호스가 있어서 신발 말릴때 너무 좋네요. 제습도 잘 되어서 집안도 쾌적하고 보송해서 대만족입니다!!",
    "Source": "쇼핑몰",
    "Domain": "가전",
    "MainCategory": "계절가전",
    "ProductName": "뽀송 위닉스 DO2E160-JWK",
    "ReviewScore": "5",
    "Syllable": "70",
    "Word": "16",
    "RDate": "20210904",
    "GeneralPolarity": "1",
    "Aspects": [
      {
        "Aspect": "제품구성",
        "SentimentText": "제습기 구성품중에 신발 건조호스가 있어서 신발 말릴때 너무 좋네요.",
        "SentimentWord": "9",
        "SentimentPolarity": "1"
      },
      {
        "Aspect": "기능",
        "SentimentText": "제습도 잘 되어서 집안도 쾌적하고 보송해서 대만족입니다!!",
        "SentimentWord": "7",
        "SentimentPolarity": "1"
      }
    ]
  },
  {
    "Index": "43366",
    "RawText": "물통 차는거 보고 집안 습기가 심한걸 알았어요. 제습력 좋아서 아주 만족해요!! 작동시 나는 소음도 작아서 만족해요~",
    "Source": "쇼핑몰",
    "Domain": "가전",
    "MainCategory": "계절가전",
    "ProductName": "뽀송 위닉스 DO2E160-JWK",
    "ReviewScore": "5",
    "Syllable": "65",
    "Word": "16",
    "RDate": "20220322",
    "GeneralPolarity": "1",
    "Aspects": [
      {
        "Aspect": "기능",
        "SentimentText": "물통 차는거 보고 집안 습기가 심한걸 알았어요. 제습력 좋아서 아주 만족해요!!",
        "SentimentWord": "11",
        "SentimentPolarity": "1"
      },
      {
        "Aspect": "소음",
        "SentimentText": "작동시 나는 소음도 작아서 만족해요~",
        "SentimentWord": "5",
        "SentimentPolarity": "1"
      }
    ]
  },
  {
    "Index": "43368",
    "RawText": "성능은 좋아서 작동이 잘되고 제습도 잘되요~~~ 그런데 강풍으로 작동시 소음이 없는데 약풍에서는 기계음소리가 나네요ㅜ 왜 그런건가요??",
    "Source": "쇼핑몰",
    "Domain": "가전",
    "MainCategory": "계절가전",
    "ProductName": "뽀송 위닉스 DO2E160-JWK",
    "ReviewScore": "4",
    "Syllable": "75",
    "Word": "16",
    "RDate": "20220819",
    "GeneralPolarity": "0",
    "Aspects": [
      {
        "Aspect": "기능",
        "SentimentText": "성능은 좋아서 작동이 잘되고 제습도 잘되요~~~",
        "SentimentWord": "6",
        "SentimentPolarity": "1"
      },
      {
        "Aspect": "소음",
        "SentimentText": "그런데 강풍으로 작동시 소음이 없는데 약풍에서는 기계음소리가 나네요ㅜ 왜 그런건가요??",
        "SentimentWord": "10",
        "SentimentPolarity": "-1"
      }
    ]
  },
  {
    "Index": "43369",
    "RawText": "제품은 성능도 좋고 제습력도 좋아요~ 그런데,소음이 약풍일때도 크지만 강풍일땐 더 큰 소리가 나서 너무 거슬리는데... 정상인가요???",
    "Source": "쇼핑몰",
    "Domain": "가전",
    "MainCategory": "계절가전",
    "ProductName": "뽀송 위닉스 DO2E160-JWK",
    "ReviewScore": "3",
    "Syllable": "75",
    "Word": "16",
    "RDate": "20220302",
    "GeneralPolarity": "0",
    "Aspects": [
      {
        "Aspect": "기능",
        "SentimentText": "제품은 성능도 좋고 제습력도 좋아요~",
        "SentimentWord": "5",
        "SentimentPolarity": "1"
      },
      {
        "Aspect": "소음",
        "SentimentText": "그런데,소음이 약풍일때도 크지만 강풍일땐 더 큰 소리가 나서 너무 거슬리는데... 정상인가요???",
        "SentimentWord": "11",
        "SentimentPolarity": "-1"
      }
    ]
  },
  {
    "Index": "43371",
    "RawText": "이전제품보다 디자인이 예뻐져서 좋네요~!! 자동습도조절도 있고 의류 집중건조 기능도 있고 제습이 잘 되네요!",
    "Source": "쇼핑몰",
    "Domain": "가전",
    "MainCategory": "계절가전",
    "ProductName": "뽀송 위닉스 DO2E160-JWK",
    "ReviewScore": "5",
    "Syllable": "60",
    "Word": "13",
    "RDate": "20220331",
    "GeneralPolarity": "1",
    "Aspects": [
      {
        "Aspect": "디자인",
        "SentimentText": "이전제품보다 디자인이 예뻐져서 좋네요~!!",
        "SentimentWord": "4",
        "SentimentPolarity": "1"
      },
      {
        "Aspect": "기능",
        "SentimentText": "자동습도조절도 있고 의류 집중건조 기능도 있고 제습이 잘 되네요!",
        "SentimentWord": "9",
        "SentimentPolarity": "1"
      }
    ]
  },
  {
    "Index": "43372",
    "RawText": "어머니댁에 보내드렸는데  제습기 용량이 커서 마음에 들어하세요^^ 비가 오거나 습한날씨에 제습이 잘되서 실내가 보송하고 빨래도 걱정없네요.",
    "Source": "쇼핑몰",
    "Domain": "가전",
    "MainCategory": "계절가전",
    "ProductName": "뽀송 위닉스 DO2E160-JWK",
    "ReviewScore": "5",
    "Syllable": "77",
    "Word": "16",
    "RDate": "20210913",
    "GeneralPolarity": "1",
    "Aspects": [
      {
        "Aspect": "용량",
        "SentimentText": "어머니댁에 보내드렸는데  제습기 용량이 커서 마음에 들어하세요^^",
        "SentimentWord": "7",
        "SentimentPolarity": "1"
      },
      {
        "Aspect": "기능",
        "SentimentText": "비가 오거나 습한날씨에 제습이 잘되서 실내가 보송하고 빨래도 걱정없네요.",
        "SentimentWord": "9",
        "SentimentPolarity": "1"
      }
    ]
  },
  {
    "Index": "43373",
    "RawText": "할인해서 저렴하게 구매해서 좋아요. 물 차는거보니 제습은 확실히 잘되서 좋네요.진작 살걸 그랬어요ㅎ  다만 강풍으로 작동시 소음은 조금 있어서 시끄러워요ㅜ",
    "Source": "쇼핑몰",
    "Domain": "가전",
    "MainCategory": "계절가전",
    "ProductName": "뽀송 위닉스 DO2E160-JWK",
    "ReviewScore": "4",
    "Syllable": "86",
    "Word": "19",
    "RDate": "20210915",
    "GeneralPolarity": "0",
    "Aspects": [
      {
        "Aspect": "가격",
        "SentimentText": "할인해서 저렴하게 구매해서 좋아요. ",
        "SentimentWord": "4",
        "SentimentPolarity": "1"
      },
      {
        "Aspect": "기능",
        "SentimentText": " 물 차는거보니 제습은 확실히 잘되서 좋네요.진작 살걸 그랬어요ㅎ ",
        "SentimentWord": "8",
        "SentimentPolarity": "1"
      },
      {
        "Aspect": "소음",
        "SentimentText": "다만 강풍으로 작동시 소음은 조금 있어서 시끄러워요ㅜ",
        "SentimentWord": "7",
        "SentimentPolarity": "-1"
      }
    ]
  },
  {
    "Index": "43374",
    "RawText": "여름철 대비해서 가격도 저렴하게 구매했어요. 작동도 잘되고 제습력도 너무 좋아서 습한게 없어졌어요^^",
    "Source": "쇼핑몰",
    "Domain": "가전",
    "MainCategory": "계절가전",
    "ProductName": "뽀송 위닉스 DO2E160-JWK",
    "ReviewScore": "5",
    "Syllable": "56",
    "Word": "12",
    "RDate": "20220526",
    "GeneralPolarity": "1",
    "Aspects": [
      {
        "Aspect": "가격",
        "SentimentText": "여름철 대비해서 가격도 저렴하게 구매했어요. ",
        "SentimentWord": "5",
        "SentimentPolarity": "1"
      },
      {
        "Aspect": "기능",
        "SentimentText": " 작동도 잘되고 제습력도 너무 좋아서 습한게 없어졌어요^^",
        "SentimentWord": "7",
        "SentimentPolarity": "1"
      }
    ]
  },
  {
    "Index": "43375",
    "RawText": "실내 습기가 심해서 틀어놨는데 제습이 너무 잘되고 보송보송해져서 너무 기쁘고 좋아요^^ 가격도 다른곳보다 저렴하게 잘 샀어요.",
    "Source": "쇼핑몰",
    "Domain": "가전",
    "MainCategory": "계절가전",
    "ProductName": "뽀송 위닉스 DO2E160-JWK",
    "ReviewScore": "5",
    "Syllable": "70",
    "Word": "16",
    "RDate": "20220727",
    "GeneralPolarity": "1",
    "Aspects": [
      {
        "Aspect": "기능",
        "SentimentText": "실내 습기가 심해서 틀어놨는데 제습이 너무 잘되고 보송보송해져서 너무 기쁘고 좋아요^^",
        "SentimentWord": "11",
        "SentimentPolarity": "1"
      },
      {
        "Aspect": "가격",
        "SentimentText": "가격도 다른곳보다 저렴하게 잘 샀어요.",
        "SentimentWord": "5",
        "SentimentPolarity": "1"
      }
    ]
  },
  {
    "Index": "43376",
    "RawText": "여름철 습도 높은날에 빨래도 잘마르고 실내도 쾌적하니 제습력 완전 좋아요! 바퀴가 달려서 다른방으로 이동하기도 편해서 자주 사용하고 있어서 만족합니다.",
    "Source": "쇼핑몰",
    "Domain": "가전",
    "MainCategory": "계절가전",
    "ProductName": "뽀송 위닉스 DO2E160-JWK",
    "ReviewScore": "5",
    "Syllable": "84",
    "Word": "19",
    "RDate": "20210814",
    "GeneralPolarity": "1",
    "Aspects": [
      {
        "Aspect": "기능",
        "SentimentText": "여름철 습도 높은날에 빨래도 잘마르고 실내도 쾌적하니 제습력 완전 좋아요!",
        "SentimentWord": "10",
        "SentimentPolarity": "1"
      },
      {
        "Aspect": "편의성",
        "SentimentText": "바퀴가 달려서 다른방으로 이동하기도 편해서 자주 사용하고 있어서 만족합니다.",
        "SentimentWord": "9",
        "SentimentPolarity": "1"
      }
    ]
  },
  {
    "Index": "43377",
    "RawText": "여름대비해서 미리 샀더니 가격이 더 내려가서  좀 속상하네요ㅠ 하지만 제습기 성능이 좋아서 든든하고 좋아요~~~",
    "Source": "쇼핑몰",
    "Domain": "가전",
    "MainCategory": "계절가전",
    "ProductName": "뽀송 위닉스 DO2E160-JWK",
    "ReviewScore": "4",
    "Syllable": "62",
    "Word": "14",
    "RDate": "20220527",
    "GeneralPolarity": "0",
    "Aspects": [
      {
        "Aspect": "가격",
        "SentimentText": "여름대비해서 미리 샀더니 가격이 더 내려가서  좀 속상하네요ㅠ",
        "SentimentWord": "8",
        "SentimentPolarity": "-1"
      },
      {
        "Aspect": "기능",
        "SentimentText": "하지만 제습기 성능이 좋아서 든든하고 좋아요~~~",
        "SentimentWord": "6",
        "SentimentPolarity": "1"
      }
    ]
  },
  {
    "Index": "43378",
    "RawText": "꿉꿉한 실내가  제습력이 좋아서 금방 보송해지고 너무 좋아요!! 소음도 작아서 조용하게 돌아가네요.",
    "Source": "쇼핑몰",
    "Domain": "가전",
    "MainCategory": "계절가전",
    "ProductName": "뽀송 위닉스 DO2E160-JWK",
    "ReviewScore": "5",
    "Syllable": "55",
    "Word": "12",
    "RDate": "20220528",
    "GeneralPolarity": "1",
    "Aspects": [
      {
        "Aspect": "기능",
        "SentimentText": "꿉꿉한 실내가  제습력이 좋아서 금방 보송해지고 너무 좋아요!!",
        "SentimentWord": "8",
        "SentimentPolarity": "1"
      },
      {
        "Aspect": "소음",
        "SentimentText": "소음도 작아서 조용하게 돌아가네요.",
        "SentimentWord": "4",
        "SentimentPolarity": "1"
      }
    ]
  },
  {
    "Index": "43379",
    "RawText": "적립금과 쿠폰 사용해서 저렴하게 구매해서 좋아요!  장마철이라 너무 꿉꿉했는데 제습력이 좋아서 완전 보송보송해요^^",
    "Source": "쇼핑몰",
    "Domain": "가전",
    "MainCategory": "계절가전",
    "ProductName": "뽀송 위닉스 DO2E160-JWK",
    "ReviewScore": "4",
    "Syllable": "64",
    "Word": "13",
    "RDate": "20211113",
    "GeneralPolarity": "1",
    "Aspects": [
      {
        "Aspect": "가격",
        "SentimentText": "적립금과 쿠폰 사용해서 저렴하게 구매해서 좋아요! ",
        "SentimentWord": "6",
        "SentimentPolarity": "1"
      },
      {
        "Aspect": "기능",
        "SentimentText": "장마철이라 너무 꿉꿉했는데 제습력이 좋아서 완전 보송보송해요^^",
        "SentimentWord": "7",
        "SentimentPolarity": "1"
      }
    ]
  },
  {
    "Index": "43380",
    "RawText": "방마다 한시간씩 돌리는데 제습이 너무 잘되서 보송하고 좋아요! 작동시 소음이 있긴한데 신경쓰이는 정도는 아니예요.",
    "Source": "쇼핑몰",
    "Domain": "가전",
    "MainCategory": "계절가전",
    "ProductName": "뽀송 위닉스 DO2E160-JWK",
    "ReviewScore": "5",
    "Syllable": "63",
    "Word": "14",
    "RDate": "20220618",
    "GeneralPolarity": "1",
    "Aspects": [
      {
        "Aspect": "기능",
        "SentimentText": "방마다 한시간씩 돌리는데 제습이 너무 잘되서 보송하고 좋아요!",
        "SentimentWord": "8",
        "SentimentPolarity": "1"
      },
      {
        "Aspect": "소음",
        "SentimentText": "작동시 소음이 있긴한데 신경쓰이는 정도는 아니예요.",
        "SentimentWord": "6",
        "SentimentPolarity": "0"
      }
    ]
  },
  {
    "Index": "43381",
    "RawText": "디자인이 깔끔하고 심플해서 집에 두면 인테리어 효과도 있네요~ 바퀴도 360도 회전하고 부드럽게 굴러가서 이동시 편리하고 좋아요!",
    "Source": "쇼핑몰",
    "Domain": "가전",
    "MainCategory": "계절가전",
    "ProductName": "뽀송 위닉스 DO2E160-JWK",
    "ReviewScore": "4",
    "Syllable": "72",
    "Word": "16",
    "RDate": "20210916",
    "GeneralPolarity": "1",
    "Aspects": [
      {
        "Aspect": "디자인",
        "SentimentText": "디자인이 깔끔하고 심플해서 집에 두면 인테리어 효과도 있네요~",
        "SentimentWord": "8",
        "SentimentPolarity": "1"
      },
      {
        "Aspect": "편의성",
        "SentimentText": "바퀴도 360도 회전하고 부드럽게 굴러가서 이동시 편리하고 좋아요!",
        "SentimentWord": "8",
        "SentimentPolarity": "1"
      }
    ]
  },
  {
    "Index": "43382",
    "RawText": "올 여름 비가 많이 와 눅눅해서 구입.  이것 저것 할인에 적립까지 적용해 매우 저렴하게 구매해 기분 좋네요..  신발키트도 사서 운동화 건조시켜 보았더니 와우~~ 금방 건조되어 마음에 듭니다.. 기능 좋네요..  제품 외형도 무척 세련되고 깔끔해서 대만족해요.. 강추!",
    "Source": "쇼핑몰",
    "Domain": "가전",
    "MainCategory": "계절가전",
    "ProductName": "뽀송 위닉스 DO2E160-JWK",
    "ReviewScore": "5",
    "Syllable": "151",
    "Word": "36",
    "RDate": "20220828",
    "GeneralPolarity": "1",
    "Aspects": [
      {
        "Aspect": "가격",
        "SentimentText": "이것 저것 할인에 적립까지 적용해 매우 저렴하게 구매해 기분 좋네요.. ",
        "SentimentWord": "10",
        "SentimentPolarity": "1"
      },
      {
        "Aspect": "기능",
        "SentimentText": "신발키트도 사서 운동화 건조시켜 보았더니 와우~~ 금방 건조되어 마음에 듭니다.. 기능 좋네요.. ",
        "SentimentWord": "12",
        "SentimentPolarity": "1"
      },
      {
        "Aspect": "디자인",
        "SentimentText": "제품 외형도 무척 세련되고 깔끔해서 대만족해요.. 강추! ",
        "SentimentWord": "7",
        "SentimentPolarity": "1"
      }
    ]
  },
  {
    "Index": "43383",
    "RawText": "올여름 습한데 제습이 잘되어서 쾌적하고 좋습니다. 1등급 제품이라서 가격은 좀 비싸네요.",
    "Source": "쇼핑몰",
    "Domain": "가전",
    "MainCategory": "계절가전",
    "ProductName": "뽀송 위닉스 DO2E160-JWK",
    "ReviewScore": "4",
    "Syllable": "49",
    "Word": "11",
    "RDate": "20211114",
    "GeneralPolarity": "0",
    "Aspects": [
      {
        "Aspect": "기능",
        "SentimentText": "올여름 습한데 제습이 잘되어서 쾌적하고 좋습니다.",
        "SentimentWord": "6",
        "SentimentPolarity": "1"
      },
      {
        "Aspect": "가격",
        "SentimentText": "1등급 제품이라서 가격은 좀 비싸네요.",
        "SentimentWord": "5",
        "SentimentPolarity": "-1"
      }
    ]
  },
  {
    "Index": "43384",
    "RawText": "역시 000 네요~제습이 잘되서 습기도 잘 잡아줘서 보송하게 잘 사용합니다~ 바퀴가 있어서 이동하기 좋고 너무 편해요.  소음도 거의 없고 조용해서 만족합니다.",
    "Source": "쇼핑몰",
    "Domain": "가전",
    "MainCategory": "계절가전",
    "ProductName": "뽀송 위닉스 DO2E160-JWK",
    "ReviewScore": "5",
    "Syllable": "89",
    "Word": "21",
    "RDate": "20211001",
    "GeneralPolarity": "1",
    "Aspects": [
      {
        "Aspect": "기능",
        "SentimentText": "역시 000 네요~제습이 잘되서 습기도 잘 잡아줘서 보송하게 잘 사용합니다~",
        "SentimentWord": "10",
        "SentimentPolarity": "1"
      },
      {
        "Aspect": "편의성",
        "SentimentText": "바퀴가 있어서 이동하기 좋고 너무 편해요. ",
        "SentimentWord": "6",
        "SentimentPolarity": "1"
      },
      {
        "Aspect": "소음",
        "SentimentText": "소음도 거의 없고 조용해서 만족합니다.",
        "SentimentWord": "5",
        "SentimentPolarity": "1"
      }
    ]
  },
  {
    "Index": "43385",
    "RawText": "옷방에 틀어놨는데 물통에 물이 엄청나게 차는게 제습력이 너무 좋아요!! 작동시 소음도 거의 없어서 만족해요.",
    "Source": "쇼핑몰",
    "Domain": "가전",
    "MainCategory": "계절가전",
    "ProductName": "뽀송 위닉스 DO2E160-JWK",
    "ReviewScore": "5",
    "Syllable": "60",
    "Word": "14",
    "RDate": "20220703",
    "GeneralPolarity": "1",
    "Aspects": [
      {
        "Aspect": "기능",
        "SentimentText": "옷방에 틀어놨는데 물통에 물이 엄청나게 차는게 제습력이 너무 좋아요!! ",
        "SentimentWord": "9",
        "SentimentPolarity": "1"
      },
      {
        "Aspect": "소음",
        "SentimentText": "작동시 소음도 거의 없어서 만족해요.",
        "SentimentWord": "5",
        "SentimentPolarity": "1"
      }
    ]
  },
  {
    "Index": "43386",
    "RawText": "꿉꿉하고 습할때 제습기 틀어놓으면 제습이 잘되서 쾌적하고 급한 빨래 말릴기도 좋아서 최고예요!! 제습기 소음이 거의 안나고 조용해서 완전 맘에 드네요^^",
    "Source": "쇼핑몰",
    "Domain": "가전",
    "MainCategory": "계절가전",
    "ProductName": "뽀송 위닉스 DO2E160-JWK",
    "ReviewScore": "4",
    "Syllable": "85",
    "Word": "20",
    "RDate": "20210930",
    "GeneralPolarity": "1",
    "Aspects": [
      {
        "Aspect": "기능",
        "SentimentText": "꿉꿉하고 습할때 제습기 틀어놓으면 제습이 잘되서 쾌적하고 급한 빨래 말릴기도 좋아서 최고예요!!",
        "SentimentWord": "12",
        "SentimentPolarity": "1"
      },
      {
        "Aspect": "소음",
        "SentimentText": "제습기 소음이 거의 안나고 조용해서 완전 맘에 드네요^^",
        "SentimentWord": "8",
        "SentimentPolarity": "1"
      }
    ]
  },
  {
    "Index": "43387",
    "RawText": "제습이 너무 잘되서 습한기운이 싹 사라져서 완전 좋습니다!! 16리터라 용량이 커서 사용하기 너무 좋아요~~~",
    "Source": "쇼핑몰",
    "Domain": "가전",
    "MainCategory": "계절가전",
    "ProductName": "뽀송 위닉스 DO2E160-JWK",
    "ReviewScore": "5",
    "Syllable": "61",
    "Word": "14",
    "RDate": "20210820",
    "GeneralPolarity": "1",
    "Aspects": [
      {
        "Aspect": "기능",
        "SentimentText": "제습이 너무 잘되서 습한기운이 싹 사라져서 완전 좋습니다!! ",
        "SentimentWord": "8",
        "SentimentPolarity": "1"
      },
      {
        "Aspect": "용량",
        "SentimentText": "16리터라 용량이 커서 사용하기 너무 좋아요~~~",
        "SentimentWord": "6",
        "SentimentPolarity": "1"
      }
    ]
  },
  {
    "Index": "43388",
    "RawText": "진작에 살걸 너무 좋아요 특히 건조호스로 신발 말릴때 제습이 잘되서 잘 마르고 보송보송 성능 짱이예요!! 그리고 바퀴는 있지만 제습기 무게가 많이 무거워서 살짝 놀랐네요...",
    "Source": "쇼핑몰",
    "Domain": "가전",
    "MainCategory": "계절가전",
    "ProductName": "뽀송 위닉스 DO2E160-JWK",
    "ReviewScore": "5",
    "Syllable": "97",
    "Word": "24",
    "RDate": "20220705",
    "GeneralPolarity": "0",
    "Aspects": [
      {
        "Aspect": "기능",
        "SentimentText": "진작에 살걸 너무 좋아요 특히 건조호스로 신발 말릴때 제습이 잘되서 잘 마르고 보송보송 성능 짱이예요!!",
        "SentimentWord": "15",
        "SentimentPolarity": "1"
      },
      {
        "Aspect": "무게",
        "SentimentText": "그리고 바퀴는 있지만 제습기 무게가 많이 무거워서 살짝 놀랐네요...",
        "SentimentWord": "9",
        "SentimentPolarity": "0"
      }
    ]
  },
  {
    "Index": "43389",
    "RawText": "왜 제습기는 OOO회사가 1등인지 사용해보니 알겠어요.. 너무 좋네요..  제품 외형이 아주 깔끔해서 마음에 듭니다.  거실에 반나절 켜놨는데 공기가 드라이 하니 피부의 끈적임도 확 줄었어요.. 제습력 짱 좋아요.. 굿~ 구입전 소음이 걱정되었는데 사용해보니 전혀 거슬리지 않고 조용해서 만족해요..  ",
    "Source": "쇼핑몰",
    "Domain": "가전",
    "MainCategory": "계절가전",
    "ProductName": "뽀송 위닉스 DO2E160-JWK",
    "ReviewScore": "5",
    "Syllable": "169",
    "Word": "37",
    "RDate": "20220629",
    "GeneralPolarity": "1",
    "Aspects": [
      {
        "Aspect": "제조일/제조사",
        "SentimentText": "왜 제습기는 OOO회사가 1등인지 사용해보니 알겠어요.. 너무 좋네요.. ",
        "SentimentWord": "8",
        "SentimentPolarity": "1"
      },
      {
        "Aspect": "디자인",
        "SentimentText": "제품 외형이 아주 깔끔해서 마음에 듭니다. ",
        "SentimentWord": "6",
        "SentimentPolarity": "1"
      },
      {
        "Aspect": "기능",
        "SentimentText": "거실에 반나절 켜놨는데 공기가 드라이 하니 피부의 끈적임도 확 줄었어요.. 제습력 짱 좋아요.. 굿~",
        "SentimentWord": "14",
        "SentimentPolarity": "1"
      },
      {
        "Aspect": "소음",
        "SentimentText": "구입전 소음이 걱정되었는데 사용해보니 전혀 거슬리지 않고 조용해서 만족해요.. ",
        "SentimentWord": "9",
        "SentimentPolarity": "1"
      }
    ]
  },
  {
    "Index": "43390",
    "RawText": "바퀴가 있어서 방마다 이동해가며 제습하는데 너무 편해요. 제습력이 강하고 좋아서 실내가 보송보송 너무 만족해요.",
    "Source": "쇼핑몰",
    "Domain": "가전",
    "MainCategory": "계절가전",
    "ProductName": "뽀송 위닉스 DO2E160-JWK",
    "ReviewScore": "5",
    "Syllable": "62",
    "Word": "14",
    "RDate": "20210816",
    "GeneralPolarity": "1",
    "Aspects": [
      {
        "Aspect": "편의성",
        "SentimentText": "바퀴가 있어서 방마다 이동해가며 제습하는데 너무 편해요. ",
        "SentimentWord": "7",
        "SentimentPolarity": "1"
      },
      {
        "Aspect": "기능",
        "SentimentText": "제습력이 강하고 좋아서 실내가 보송보송 너무 만족해요.",
        "SentimentWord": "7",
        "SentimentPolarity": "1"
      }
    ]
  },
  {
    "Index": "43391",
    "RawText": "요즘 엄청 습하고 꿉꿉한데 제습기 잘 작동하고 제습도 잘 되서 보송보송 백프로 대만족이예요^^ 작동시 소리도 크지 않고 조용해서 정말 좋아요!!",
    "Source": "쇼핑몰",
    "Domain": "가전",
    "MainCategory": "계절가전",
    "ProductName": "뽀송 위닉스 DO2E160-JWK",
    "ReviewScore": "5",
    "Syllable": "80",
    "Word": "20",
    "RDate": "20220714",
    "GeneralPolarity": "1",
    "Aspects": [
      {
        "Aspect": "기능",
        "SentimentText": "요즘 엄청 습하고 꿉꿉한데 제습기 잘 작동하고 제습도 잘 되서 보송보송 백프로 대만족이예요^^",
        "SentimentWord": "13",
        "SentimentPolarity": "1"
      },
      {
        "Aspect": "소음",
        "SentimentText": "작동시 소리도 크지 않고 조용해서 정말 좋아요!!",
        "SentimentWord": "7",
        "SentimentPolarity": "1"
      }
    ]
  },
  {
    "Index": "43392",
    "RawText": "습한 날씨인데 제습이 너무 잘되서 빨래도 잘 마르고 보송해서 좋고 실내 환경이 쾌적해서 정말 좋아요~~~ 다 좋은데 가격대는 좀 비싼거 같아요. ",
    "Source": "쇼핑몰",
    "Domain": "가전",
    "MainCategory": "계절가전",
    "ProductName": "뽀송 위닉스 DO2E160-JWK",
    "ReviewScore": "5",
    "Syllable": "81",
    "Word": "21",
    "RDate": "20220720",
    "GeneralPolarity": "0",
    "Aspects": [
      {
        "Aspect": "기능",
        "SentimentText": "습한 날씨인데 제습이 너무 잘되서 빨래도 잘 마르고 보송해서 좋고 실내 환경이 쾌적해서 정말 좋아요~~~",
        "SentimentWord": "15",
        "SentimentPolarity": "1"
      },
      {
        "Aspect": "가격",
        "SentimentText": "다 좋은데 가격대는 좀 비싼거 같아요.",
        "SentimentWord": "6",
        "SentimentPolarity": "-1"
      }
    ]
  },
  {
    "Index": "43393",
    "RawText": "000 제습기중에 무게가 젤 무겁네요ㅜㅜ하지만 습기도 잘 빨아들이고 제습력이 좋아서 잘 샀어요.",
    "Source": "쇼핑몰",
    "Domain": "가전",
    "MainCategory": "계절가전",
    "ProductName": "뽀송 위닉스 DO2E160-JWK",
    "ReviewScore": "5",
    "Syllable": "53",
    "Word": "12",
    "RDate": "20220601",
    "GeneralPolarity": "0",
    "Aspects": [
      {
        "Aspect": "무게",
        "SentimentText": "000 제습기중에 무게가 젤 무겁네요ㅜㅜ",
        "SentimentWord": "5",
        "SentimentPolarity": "-1"
      },
      {
        "Aspect": "기능",
        "SentimentText": "하지만 습기도 잘 빨아들이고 제습력이 좋아서 잘 샀어요.",
        "SentimentWord": "8",
        "SentimentPolarity": "1"
      }
    ]
  },
  {
    "Index": "43394",
    "RawText": "에너지효율 1등급이라서 전기절약이 되서 좋아요. 제습도 잘되고 습기가 금방 잡혀서 너무 좋아요~ 소음도 없고 조용해서 맘에 듭니다.",
    "Source": "쇼핑몰",
    "Domain": "가전",
    "MainCategory": "계절가전",
    "ProductName": "뽀송 위닉스 DO2E160-JWK",
    "ReviewScore": "5",
    "Syllable": "73",
    "Word": "17",
    "RDate": "20211006",
    "GeneralPolarity": "1",
    "Aspects": [
      {
        "Aspect": "소비전력",
        "SentimentText": "에너지효율 1등급이라서 전기절약이 되서 좋아요. ",
        "SentimentWord": "5",
        "SentimentPolarity": "1"
      },
      {
        "Aspect": "기능",
        "SentimentText": "제습도 잘되고 습기가 금방 잡혀서 너무 좋아요~ ",
        "SentimentWord": "7",
        "SentimentPolarity": "1"
      },
      {
        "Aspect": "소음",
        "SentimentText": " 소음도 없고 조용해서 맘에 듭니다.",
        "SentimentWord": "5",
        "SentimentPolarity": "1"
      }
    ]
  },
  {
    "Index": "43395",
    "RawText": "국내생산 제품이라 튼튼해보이고 품질이 좋아요. 16리터라 용량이 커서 넉넉해요. 소음도 잘 안나서 너무 좋아요.!!",
    "Source": "쇼핑몰",
    "Domain": "가전",
    "MainCategory": "계절가전",
    "ProductName": "뽀송 위닉스 DO2E160-JWK",
    "ReviewScore": "4",
    "Syllable": "64",
    "Word": "14",
    "RDate": "20220812",
    "Aspects": [
      {
        "Aspect": "품질",
        "SentimentText": "국내생산 제품이라 튼튼해보이고 품질이 좋아요.",
        "SentimentWord": "5",
        "SentimentPolarity": "1"
      },
      {
        "Aspect": "용량",
        "SentimentText": "16리터라 용량이 커서 넉넉해요. ",
        "SentimentWord": "4",
        "SentimentPolarity": "1"
      },
      {
        "Aspect": "소음",
        "SentimentText": "소음도 잘 안나서 너무 좋아요.!!",
        "SentimentWord": "5",
        "SentimentPolarity": "1"
      }
    ]
  },
  {
    "Index": "43396",
    "RawText": "000 제습기 워낙 유명한데 역시 보송보송 제습력이 너무 좋네요^^  근데 소음은 크게 나서 좀 시끄럽네요ㅜ",
    "Source": "쇼핑몰",
    "Domain": "가전",
    "MainCategory": "계절가전",
    "ProductName": "뽀송 위닉스 DO2E160-JWK",
    "ReviewScore": "5",
    "Syllable": "60",
    "Word": "15",
    "RDate": "20220809",
    "GeneralPolarity": "0",
    "Aspects": [
      {
        "Aspect": "기능",
        "SentimentText": "000 제습기 워낙 유명한데 역시 보송보송 제습력이 너무 좋네요^^ ",
        "SentimentWord": "9",
        "SentimentPolarity": "1"
      },
      {
        "Aspect": "소음",
        "SentimentText": "근데 소음은 크게 나서 좀 시끄럽네요ㅜ",
        "SentimentWord": "6",
        "SentimentPolarity": "-1"
      }
    ]
  },
  {
    "Index": "43397",
    "RawText": "제습기 성능이 좋고 제습력이 너무 좋아서 3대나 구매했어요~가격대비 가성비 최고의 제품이예요!!",
    "Source": "쇼핑몰",
    "Domain": "가전",
    "MainCategory": "계절가전",
    "ProductName": "뽀송 위닉스 DO2E160-JWK",
    "ReviewScore": "5",
    "Syllable": "53",
    "Word": "11",
    "RDate": "20220702",
    "GeneralPolarity": "1",
    "Aspects": [
      {
        "Aspect": "기능",
        "SentimentText": "제습기 성능이 좋고 제습력이 너무 좋아서 3대나 구매했어요~",
        "SentimentWord": "8",
        "SentimentPolarity": "1"
      },
      {
        "Aspect": "가격",
        "SentimentText": "가격대비 가성비 최고의 제품이예요!!",
        "SentimentWord": "4",
        "SentimentPolarity": "1"
      }
    ]
  },
  {
    "Index": "43398",
    "RawText": "같은제품 10리터가 작아서 16리터 큰 사이즈로 추가 구매했더니 너무 좋아요. 제습 성능이 너무 좋아서 사무실이 쾌적해서 좋아요~~~",
    "Source": "쇼핑몰",
    "Domain": "가전",
    "MainCategory": "계절가전",
    "ProductName": "뽀송 위닉스 DO2E160-JWK",
    "ReviewScore": "5",
    "Syllable": "74",
    "Word": "17",
    "RDate": "20210913",
    "Aspects": [
      {
        "Aspect": "용량",
        "SentimentText": "같은제품 10리터가 작아서 16리터 큰 사이즈로 추가 구매했더니 너무 좋아요.",
        "SentimentWord": "10",
        "SentimentPolarity": "1"
      },
      {
        "Aspect": "기능",
        "SentimentText": "제습 성능이 너무 좋아서 사무실이 쾌적해서 좋아요~~~",
        "SentimentWord": "7",
        "SentimentPolarity": "1"
      }
    ]
  },
  {
    "Index": "43399",
    "RawText": "소음이 별로 안나고 조용해서 3대째 구매했어요^^ 에너지효율 1등급이라서 10프로 환급도 받을 수 있어서 좋아요~",
    "Source": "쇼핑몰",
    "Domain": "가전",
    "MainCategory": "계절가전",
    "ProductName": "뽀송 위닉스 DO2E160-JWK",
    "ReviewScore": "5",
    "Syllable": "63",
    "Word": "14",
    "RDate": "20210829",
    "GeneralPolarity": "1",
    "Aspects": [
      {
        "Aspect": "소음",
        "SentimentText": "소음이 별로 안나고 조용해서 3대째 구매했어요^^ ",
        "SentimentWord": "6",
        "SentimentPolarity": "1"
      },
      {
        "Aspect": "소비전력",
        "SentimentText": "에너지효율 1등급이라서 10프로 환급도 받을 수 있어서 좋아요~",
        "SentimentWord": "8",
        "SentimentPolarity": "1"
      }
    ]
  },
  {
    "Index": "43400",
    "RawText": "디자인이 깔끔하고 예뻐서 좋아요~ 작동도 잘되고 제습도 잘되서 너무 좋습니다.",
    "Source": "쇼핑몰",
    "Domain": "가전",
    "MainCategory": "계절가전",
    "ProductName": "뽀송 위닉스 DO2E160-JWK",
    "ReviewScore": "5",
    "Syllable": "43",
    "Word": "10",
    "RDate": "20220706",
    "GeneralPolarity": "1",
    "Aspects": [
      {
        "Aspect": "디자인",
        "SentimentText": "디자인이 깔끔하고 예뻐서 좋아요~",
        "SentimentWord": "4",
        "SentimentPolarity": "1"
      },
      {
        "Aspect": "기능",
        "SentimentText": " 작동도 잘되고 제습도 잘되서 너무 좋습니다.",
        "SentimentWord": "6",
        "SentimentPolarity": "1"
      }
    ]
  },
  {
    "Index": "43401",
    "RawText": "제습기 사이즈 고민했는데 16리터 크기로 구매하길 잘했어요~  물통 차는거 보니 제습력이 너무 좋아요!! 가격대비 가성비 짱!입니다. 그런데 물통 뺄때 물이 많이 떨어져서 좀 불편하네요ㅜ",
    "Source": "쇼핑몰",
    "Domain": "가전",
    "MainCategory": "계절가전",
    "ProductName": "뽀송 위닉스 DO2E160-JWK",
    "ReviewScore": "5",
    "Syllable": "104",
    "Word": "24",
    "RDate": "20210914",
    "GeneralPolarity": "0",
    "Aspects": [
      {
        "Aspect": "사이즈",
        "SentimentText": "제습기 사이즈 고민했는데 16리터 크기로 구매하길 잘했어요~ ",
        "SentimentWord": "7",
        "SentimentPolarity": "1"
      },
      {
        "Aspect": "기능",
        "SentimentText": "물통 차는거 보니 제습력이 너무 좋아요!! ",
        "SentimentWord": "6",
        "SentimentPolarity": "1"
      },
      {
        "Aspect": "가격",
        "SentimentText": " 가격대비 가성비 짱!입니다.",
        "SentimentWord": "3",
        "SentimentPolarity": "1"
      },
      {
        "Aspect": "편의성",
        "SentimentText": "그런데 물통 뺄때 물이 많이 떨어져서 좀 불편하네요ㅜ ",
        "SentimentWord": "8",
        "SentimentPolarity": "-1"
      }
    ]
  },
  {
    "Index": "43402",
    "RawText": "장마철 대비로 구매해서 사용하는데 제습력이 좋아서 집안 습기를 잘 잡아줘서 대만족이예요!!  제습기 작동시 약간의 소음이 거슬려서... 아쉽네요ㅜ",
    "Source": "쇼핑몰",
    "Domain": "가전",
    "MainCategory": "계절가전",
    "ProductName": "뽀송 위닉스 DO2E160-JWK",
    "ReviewScore": "5",
    "Syllable": "81",
    "Word": "17",
    "RDate": "20220803",
    "GeneralPolarity": "0",
    "Aspects": [
      {
        "Aspect": "기능",
        "SentimentText": "장마철 대비로 구매해서 사용하는데 제습력이 좋아서 집안 습기를 잘 잡아줘서 대만족이예요!! ",
        "SentimentWord": "11",
        "SentimentPolarity": "1"
      },
      {
        "Aspect": "소음",
        "SentimentText": "제습기 작동시 약간의 소음이 거슬려서... 아쉽네요ㅜ",
        "SentimentWord": "6",
        "SentimentPolarity": "-1"
      }
    ]
  },
  {
    "Index": "43403",
    "RawText": "이전 모델보다 소음이 거의 없고 조용해져서 너무 좋아요!! 가격은 올라서 좀 비싸졌네요ㅜ",
    "Source": "쇼핑몰",
    "Domain": "가전",
    "MainCategory": "계절가전",
    "ProductName": "뽀송 위닉스 DO2E160-JWK",
    "ReviewScore": "5",
    "Syllable": "49",
    "Word": "12",
    "RDate": "20220628",
    "GeneralPolarity": "0",
    "Aspects": [
      {
        "Aspect": "소음",
        "SentimentText": "이전 모델보다 소음이 거의 없고 조용해져서 너무 좋아요!!",
        "SentimentWord": "8",
        "SentimentPolarity": "1"
      },
      {
        "Aspect": "가격",
        "SentimentText": "가격은 올라서 좀 비싸졌네요ㅜ",
        "SentimentWord": "4",
        "SentimentPolarity": "-1"
      }
    ]
  },
  {
    "Index": "43404",
    "RawText": "제품의 품질이 좋고 탄탄해보여요~ 신중하게 고른 제습기인데 제습력이 너무 좋아서 탁월한 선택이예요~",
    "Source": "쇼핑몰",
    "Domain": "가전",
    "MainCategory": "계절가전",
    "ProductName": "뽀송 위닉스 DO2E160-JWK",
    "ReviewScore": "5",
    "Syllable": "55",
    "Word": "12",
    "RDate": "20220624",
    "GeneralPolarity": "1",
    "Aspects": [
      {
        "Aspect": "품질",
        "SentimentText": "제품의 품질이 좋고 탄탄해보여요~ ",
        "SentimentWord": "4",
        "SentimentPolarity": "1"
      },
      {
        "Aspect": "기능",
        "SentimentText": "신중하게 고른 제습기인데 제습력이 너무 좋아서 탁월한 선택이예요~",
        "SentimentWord": "8",
        "SentimentPolarity": "1"
      }
    ]
  },
  {
    "Index": "43405",
    "RawText": "000제습기 성능이 너무 좋고 제습력도 완전 좋아요~~~ 소음이 작게 나서 조용하게 잘 돌아가요.",
    "Source": "쇼핑몰",
    "Domain": "가전",
    "MainCategory": "계절가전",
    "ProductName": "뽀송 위닉스 DO2E160-JWK",
    "ReviewScore": "5",
    "Syllable": "54",
    "Word": "13",
    "RDate": "20211113",
    "GeneralPolarity": "1",
    "Aspects": [
      {
        "Aspect": "기능",
        "SentimentText": "000제습기 성능이 너무 좋고 제습력도 완전 좋아요~~~",
        "SentimentWord": "7",
        "SentimentPolarity": "1"
      },
      {
        "Aspect": "소음",
        "SentimentText": "소음이 작게 나서 조용하게 잘 돌아가요.",
        "SentimentWord": "6",
        "SentimentPolarity": "1"
      }
    ]
  },
  {
    "Index": "43406",
    "RawText": "000 제습기 소문듣고 사용하는데 습도 높은날 제습력 좋은거 보니 아주 좋습니다!! 소음도 적어서 올여름 잘 사용합니다.",
    "Source": "쇼핑몰",
    "Domain": "가전",
    "MainCategory": "계절가전",
    "ProductName": "뽀송 위닉스 DO2E160-JWK",
    "ReviewScore": "5",
    "Syllable": "67",
    "Word": "16",
    "RDate": "20210917",
    "GeneralPolarity": "1",
    "Aspects": [
      {
        "Aspect": "기능",
        "SentimentText": "000 제습기 소문듣고 사용하는데 습도 높은날 제습력 좋은거 보니 아주 좋습니다!! ",
        "SentimentWord": "11",
        "SentimentPolarity": "1"
      },
      {
        "Aspect": "소음",
        "SentimentText": "소음도 적어서 올여름 잘 사용합니다.",
        "SentimentWord": "5",
        "SentimentPolarity": "1"
      }
    ]
  },
  {
    "Index": "43408",
    "RawText": "현재 사용중인 모델보다, 성능이 더 좋아지고 제습도 빨라서 너무 좋아요! 소음도 작아지고 조용해서 만족해요.",
    "Source": "쇼핑몰",
    "Domain": "가전",
    "MainCategory": "계절가전",
    "ProductName": "뽀송 위닉스 DO2E160-JWK",
    "ReviewScore": "5",
    "Syllable": "60",
    "Word": "14",
    "RDate": "20220628",
    "GeneralPolarity": "1",
    "Aspects": [
      {
        "Aspect": "기능",
        "SentimentText": "현재 사용중인 모델보다, 성능이 더 좋아지고 제습도 빨라서 너무 좋아요! ",
        "SentimentWord": "10",
        "SentimentPolarity": "1"
      },
      {
        "Aspect": "소음",
        "SentimentText": "소음도 작아지고 조용해서 만족해요.",
        "SentimentWord": "4",
        "SentimentPolarity": "1"
      }
    ]
  },
  {
    "Index": "43409",
    "RawText": "000 사용해보니 좋아서 언니에게 추천했는데 성능 좋고 제습이 잘되서 너무 좋아합니다. 저렴해서 좋은데 의류건조키트가 포함된 가격이라 너무 좋아요~",
    "Source": "쇼핑몰",
    "Domain": "가전",
    "MainCategory": "계절가전",
    "ProductName": "뽀송 위닉스 DO2E160-JWK",
    "ReviewScore": "5",
    "Syllable": "82",
    "Word": "18",
    "RDate": "20220830",
    "GeneralPolarity": "1",
    "Aspects": [
      {
        "Aspect": "기능",
        "SentimentText": "000 사용해보니 좋아서 언니에게 추천했는데 성능 좋고 제습이 잘되서 너무 좋아합니다.",
        "SentimentWord": "11",
        "SentimentPolarity": "1"
      },
      {
        "Aspect": "가격",
        "SentimentText": "저렴해서 좋은데 의류건조키트가 포함된 가격이라 너무 좋아요~",
        "SentimentWord": "7",
        "SentimentPolarity": "1"
      }
    ]
  },
  {
    "Index": "43410",
    "RawText": "10리터가  작아서 16리터 큰 사이즈로 샀는데 엄청 크고 좋아요^^ 작동도 잘되서 제습력도 너무 좋고 보송보송 만족합니다~",
    "Source": "쇼핑몰",
    "Domain": "가전",
    "MainCategory": "계절가전",
    "ProductName": "뽀송 위닉스 DO2E160-JWK",
    "ReviewScore": "5",
    "Syllable": "69",
    "Word": "16",
    "RDate": "20220120",
    "GeneralPolarity": "1",
    "Aspects": [
      {
        "Aspect": "사이즈",
        "SentimentText": "10리터가  작아서 16리터 큰 사이즈로 샀는데 엄청 크고 좋아요^^",
        "SentimentWord": "9",
        "SentimentPolarity": "1"
      },
      {
        "Aspect": "기능",
        "SentimentText": "작동도 잘되서 제습력도 너무 좋고 보송보송 만족합니다~",
        "SentimentWord": "7",
        "SentimentPolarity": "1"
      }
    ]
  },
  {
    "Index": "43411",
    "RawText": "제습기를 30분정도 틀어놨는데 꿉꿉함이 없어지고 성능이 너무 좋아요!! 소음도 작고 조용해서 기분이 좋아요^^",
    "Source": "쇼핑몰",
    "Domain": "가전",
    "MainCategory": "계절가전",
    "ProductName": "뽀송 위닉스 DO2E160-JWK",
    "ReviewScore": "5",
    "Syllable": "61",
    "Word": "13",
    "RDate": "20220810",
    "GeneralPolarity": "1",
    "Aspects": [
      {
        "Aspect": "기능",
        "SentimentText": "제습기를 30분정도 틀어놨는데 꿉꿉함이 없어지고 성능이 너무 좋아요!! ",
        "SentimentWord": "8",
        "SentimentPolarity": "1"
      },
      {
        "Aspect": "소음",
        "SentimentText": "소음도 작고 조용해서 기분이 좋아요^^",
        "SentimentWord": "5",
        "SentimentPolarity": "1"
      }
    ]
  },
  {
    "Index": "43412",
    "RawText": "1층 집에 습기가 많아서 구입.  제품 색상이 깨끗한 화이트라 제 방과 잘 어울려서 마음에 듭니다.  또 제품 외형이 아주 깔끔하고 예뻐서 흡족해요. 잘샀어요",
    "Source": "쇼핑몰",
    "Domain": "가전",
    "MainCategory": "계절가전",
    "ProductName": "뽀송 위닉스 DO2E160-JWK",
    "ReviewScore": "5",
    "Syllable": "88",
    "Word": "23",
    "RDate": "20210918",
    "GeneralPolarity": "1",
    "Aspects": [
      {
        "Aspect": "색상",
        "SentimentText": "제품 색상이 깨끗한 화이트라 제 방과 잘 어울려서 마음에 듭니다. ",
        "SentimentWord": "10",
        "SentimentPolarity": "1"
      },
      {
        "Aspect": "디자인",
        "SentimentText": "또 제품 외형이 아주 깔끔하고 예뻐서 흡족해요. 잘샀어요 ",
        "SentimentWord": "8",
        "SentimentPolarity": "1"
      }
    ]
  },
  {
    "Index": "43413",
    "RawText": "습하고 곰팡이가 심한데  제습이 잘되서 습기를 잡아주고 보송보송하니 너무 마음에 들어요. 제습기 용량도 커서 사용하기 편합니다.",
    "Source": "쇼핑몰",
    "Domain": "가전",
    "MainCategory": "계절가전",
    "ProductName": "뽀송 위닉스 DO2E160-JWK",
    "ReviewScore": "5",
    "Syllable": "71",
    "Word": "16",
    "RDate": "20211014",
    "GeneralPolarity": "1",
    "Aspects": [
      {
        "Aspect": "기능",
        "SentimentText": "습하고 곰팡이가 심한데  제습이 잘되서 습기를 잡아주고 보송보송하니 너무 마음에 들어요.",
        "SentimentWord": "11",
        "SentimentPolarity": "1"
      },
      {
        "Aspect": "용량",
        "SentimentText": "제습기 용량도 커서 사용하기 편합니다.",
        "SentimentWord": "5",
        "SentimentPolarity": "1"
      }
    ]
  },
  {
    "Index": "43414",
    "RawText": "주변에서 계절가전하면 OOO회사 제품이 제일 좋다고 해서 선택했어요.. 사용해보니 굿~!! 제습력이 무척 훌륭해서 드레스룸 옷들이 금방 뽀송해지고 눅눅함이 사라져서 만족해요.. 걱정했던 소음도 거의 없고 조용해서 매우 마음에 듭니다..  ",
    "Source": "쇼핑몰",
    "Domain": "가전",
    "MainCategory": "계절가전",
    "ProductName": "뽀송 위닉스 DO2E160-JWK",
    "ReviewScore": "5",
    "Syllable": "133",
    "Word": "28",
    "RDate": "20211111",
    "GeneralPolarity": "1",
    "Aspects": [
      {
        "Aspect": "제조일/제조사",
        "SentimentText": "주변에서 계절가전하면 OOO회사 제품이 제일 좋다고 해서 선택했어요.. 사용해보니 굿~!!",
        "SentimentWord": "10",
        "SentimentPolarity": "1"
      },
      {
        "Aspect": "기능",
        "SentimentText": "제습력이 무척 훌륭해서 드레스룸 옷들이 금방 뽀송해지고 눅눅함이 사라져서 만족해요..",
        "SentimentWord": "10",
        "SentimentPolarity": "1"
      },
      {
        "Aspect": "소음",
        "SentimentText": "걱정했던 소음도 거의 없고 조용해서 매우 마음에 듭니다.. ",
        "SentimentWord": "8",
        "SentimentPolarity": "1"
      }
    ]
  },
  {
    "Index": "43415",
    "RawText": "예상보다 작동소음이 훨씬 적어서 대만족입니다.. 다만 제품 전체적인 플라스틱 소재가 약해보이고 허접해서 넘어지면 깨질것 같아 마음에 들지 않아요. ㅜ",
    "Source": "쇼핑몰",
    "Domain": "가전",
    "MainCategory": "계절가전",
    "ProductName": "뽀송 위닉스 DO2E160-JWK",
    "ReviewScore": "5",
    "Syllable": "83",
    "Word": "19",
    "RDate": "20220504",
    "GeneralPolarity": "0",
    "Aspects": [
      {
        "Aspect": "소음",
        "SentimentText": "예상보다 작동소음이 훨씬 적어서 대만족입니다..",
        "SentimentWord": "5",
        "SentimentPolarity": "1"
      },
      {
        "Aspect": "소재",
        "SentimentText": "다만 제품 전체적인 플라스틱 소재가 약해보이고 허접해서 넘어지면 깨질것 같아 마음에 들지 않아요. ㅜ ",
        "SentimentWord": "14",
        "SentimentPolarity": "-1"
      }
    ]
  },
  {
    "Index": "43417",
    "RawText": "작년 제품보다 소음이 훨씬 커서 시끄러워요. 마음에 안들어요. ㅜ  다만 생산일자가 최근날짜가 아니라 속상하고 안 좋네요. ㅜ",
    "Source": "쇼핑몰",
    "Domain": "가전",
    "MainCategory": "계절가전",
    "ProductName": "뽀송 위닉스 DO2E160-JWK",
    "ReviewScore": "3",
    "Syllable": "70",
    "Word": "17",
    "RDate": "20220619",
    "GeneralPolarity": "-1",
    "Aspects": [
      {
        "Aspect": "소음",
        "SentimentText": "작년 제품보다 소음이 훨씬 커서 시끄러워요. 마음에 안들어요. ㅜ ",
        "SentimentWord": "9",
        "SentimentPolarity": "-1"
      },
      {
        "Aspect": "제조일/제조사",
        "SentimentText": "다만 생산일자가 최근날짜가 아니라 속상하고 안 좋네요. ㅜ",
        "SentimentWord": "8",
        "SentimentPolarity": "-1"
      }
    ]
  },
  {
    "Index": "43418",
    "RawText": "제품 사이즈가 거실에 사용하기 딱 적당해서 마음에 들어요..  다만 구입후 일주일만에 제품 가격이 많이 내려서 속상하고 기분이 안 좋네요.. ㅜ",
    "Source": "쇼핑몰",
    "Domain": "가전",
    "MainCategory": "계절가전",
    "ProductName": "뽀송 위닉스 DO2E160-JWK",
    "ReviewScore": "5",
    "Syllable": "80",
    "Word": "20",
    "RDate": "20220712",
    "GeneralPolarity": "0",
    "Aspects": [
      {
        "Aspect": "사이즈",
        "SentimentText": "제품 사이즈가 거실에 사용하기 딱 적당해서 마음에 들어요.. ",
        "SentimentWord": "8",
        "SentimentPolarity": "1"
      },
      {
        "Aspect": "가격",
        "SentimentText": "다만 구입후 일주일만에 제품 가격이 많이 내려서 속상하고 기분이 안 좋네요.. ㅜ ",
        "SentimentWord": "12",
        "SentimentPolarity": "-1"
      }
    ]
  },
  {
    "Index": "43420",
    "RawText": "장마철이라 구입했는데 거실에 빨래며 이불이 반나절만에 뽀송해져서 너무 좋네요..  다만 새제품인데 제품 플라스틱 표면에 작은 흠집들이 보여서 속상하고 실망스럽네요 ㅜ",
    "Source": "쇼핑몰",
    "Domain": "가전",
    "MainCategory": "계절가전",
    "ProductName": "뽀송 위닉스 DO2E160-JWK",
    "ReviewScore": "5",
    "Syllable": "92",
    "Word": "20",
    "RDate": "20220630",
    "GeneralPolarity": "0",
    "Aspects": [
      {
        "Aspect": "기능",
        "SentimentText": "장마철이라 구입했는데 거실에 빨래며 이불이 반나절만에 뽀송해져서 너무 좋네요.. ",
        "SentimentWord": "9",
        "SentimentPolarity": "1"
      },
      {
        "Aspect": "품질",
        "SentimentText": "다만 새제품인데 제품 플라스틱 표면에 작은 흠집들이 보여서 속상하고 실망스럽네요 ㅜ ",
        "SentimentWord": "11",
        "SentimentPolarity": "-1"
      }
    ]
  },
  {
    "Index": "43423",
    "RawText": "장마철 켜보니 집안 습도가 금방 내려가고 끈적함이 사라져 너무 만족합니다.  예상보다 작동소음이 적어서 흡족해요..",
    "Source": "쇼핑몰",
    "Domain": "가전",
    "MainCategory": "계절가전",
    "ProductName": "뽀송 위닉스 DO2E160-JWK",
    "ReviewScore": "5",
    "Syllable": "64",
    "Word": "14",
    "RDate": "20210829",
    "GeneralPolarity": "1",
    "Aspects": [
      {
        "Aspect": "기능",
        "SentimentText": "장마철 켜보니 집안 습도가 금방 내려가고 끈적함이 사라져 너무 만족합니다. ",
        "SentimentWord": "10",
        "SentimentPolarity": "1"
      },
      {
        "Aspect": "소음",
        "SentimentText": "예상보다 작동소음이 적어서 흡족해요.. ",
        "SentimentWord": "4",
        "SentimentPolarity": "1"
      }
    ]
  },
  {
    "Index": "43424",
    "RawText": "장마철 가동시키니 빨래 건조에 아주 큰 도움이 되네요.. 제습력 너무 만족해요.. 다만 슬라이드 덮개가 너무 느리게 열리고 닫혀서 번거롭고 안 좋아요. ㅜ",
    "Source": "쇼핑몰",
    "Domain": "가전",
    "MainCategory": "계절가전",
    "ProductName": "뽀송 위닉스 DO2E160-JWK",
    "ReviewScore": "5",
    "Syllable": "86",
    "Word": "22",
    "RDate": "20210812",
    "GeneralPolarity": "0",
    "Aspects": [
      {
        "Aspect": "기능",
        "SentimentText": "장마철 가동시키니 빨래 건조에 아주 큰 도움이 되네요.. 제습력 너무 만족해요..",
        "SentimentWord": "11",
        "SentimentPolarity": "1"
      },
      {
        "Aspect": "편의성",
        "SentimentText": "다만 슬라이드 덮개가 너무 느리게 열리고 닫혀서 번거롭고 안 좋아요. ㅜ",
        "SentimentWord": "11",
        "SentimentPolarity": "-1"
      }
    ]
  },
  {
    "Index": "43425",
    "RawText": "장마철 꿉꿉해진 드레스룸에 가동시키니 와우~ 하루만에 냄새가 달라졌어요.. 상쾌~!! 너무 좋네요..  다만 제품 하단부 바퀴가 모서리에 부딪히니 쉽게 깨져버려서 너무 속상하네요..  ㅜ 불만족~!!",
    "Source": "쇼핑몰",
    "Domain": "가전",
    "MainCategory": "계절가전",
    "ProductName": "뽀송 위닉스 DO2E160-JWK",
    "ReviewScore": "5",
    "Syllable": "111",
    "Word": "23",
    "RDate": "20211201",
    "GeneralPolarity": "0",
    "Aspects": [
      {
        "Aspect": "기능",
        "SentimentText": "장마철 꿉꿉해진 드레스룸에 가동시키니 와우~ 하루만에 냄새가 달라졌어요.. 상쾌~!! 너무 좋네요.. ",
        "SentimentWord": "11",
        "SentimentPolarity": "1"
      },
      {
        "Aspect": "내구성",
        "SentimentText": "다만 제품 하단부 바퀴가 모서리에 부딪히니 쉽게 깨져버려서 너무 속상하네요..  ㅜ 불만족~!!",
        "SentimentWord": "12",
        "SentimentPolarity": "-1"
      }
    ]
  },
  {
    "Index": "43426",
    "RawText": "장마철 가동시키니 온 집안 끈적함이 사라져서 매우 기분 좋네요..  다만 공기청정기능도 사용하려고 보니 별도로 키트를 구입해야 한다고 해서 실망했어요.ㅜ 안 좋네요.",
    "Source": "쇼핑몰",
    "Domain": "가전",
    "MainCategory": "계절가전",
    "ProductName": "뽀송 위닉스 DO2E160-JWK",
    "ReviewScore": "5",
    "Syllable": "92",
    "Word": "21",
    "RDate": "20211209",
    "GeneralPolarity": "0",
    "Aspects": [
      {
        "Aspect": "기능",
        "SentimentText": "장마철 가동시키니 온 집안 끈적함이 사라져서 매우 기분 좋네요.. ",
        "SentimentWord": "9",
        "SentimentPolarity": "1"
      },
      {
        "Aspect": "제품구성",
        "SentimentText": "다만 공기청정기능도 사용하려고 보니 별도로 키트를 구입해야 한다고 해서 실망했어요.ㅜ 안 좋네요.",
        "SentimentWord": "12",
        "SentimentPolarity": "-1"
      }
    ]
  },
  {
    "Index": "43427",
    "RawText": "여름철 가전 판매 1위 제품 OOO회사.  광고보고 믿고 구입했어요.. 사용해보니 와우~ 대만족 장마철 가동시키니 드레스룸 옷들이 뽀송해져서 매우 마음에 듭니다.",
    "Source": "쇼핑몰",
    "Domain": "가전",
    "MainCategory": "계절가전",
    "ProductName": "뽀송 위닉스 DO2E160-JWK",
    "ReviewScore": "5",
    "Syllable": "90",
    "Word": "20",
    "RDate": "20211008",
    "GeneralPolarity": "1",
    "Aspects": [
      {
        "Aspect": "제조일/제조사",
        "SentimentText": "여름철 가전 판매 1위 제품 OOO회사.  광고보고 믿고 구입했어요.. 사용해보니 와우~ 대만족",
        "SentimentWord": "12",
        "SentimentPolarity": "1"
      },
      {
        "Aspect": "기능",
        "SentimentText": "장마철 가동시키니 드레스룸 옷들이 뽀송해져서 매우 마음에 듭니다. ",
        "SentimentWord": "8",
        "SentimentPolarity": "1"
      }
    ]
  },
  {
    "Index": "43429",
    "RawText": "카드 할인에 포인트 적립까지 받았어요.. 좋은 가격에 구입해서 흡족합니다.  유명해서 구입했는데 와우~~ 역시나 제습력이 매우 훌륭해서 집안 구석구석 뽀송해졌어요.. 대만족",
    "Source": "쇼핑몰",
    "Domain": "가전",
    "MainCategory": "계절가전",
    "ProductName": "뽀송 위닉스 DO2E160-JWK",
    "ReviewScore": "5",
    "Syllable": "96",
    "Word": "20",
    "RDate": "20210823",
    "GeneralPolarity": "1",
    "Aspects": [
      {
        "Aspect": "가격",
        "SentimentText": "카드 할인에 포인트 적립까지 받았어요.. 좋은 가격에 구입해서 흡족합니다. ",
        "SentimentWord": "9",
        "SentimentPolarity": "1"
      },
      {
        "Aspect": "기능",
        "SentimentText": "유명해서 구입했는데 와우~~ 역시나 제습력이 매우 훌륭해서 집안 구석구석 뽀송해졌어요.. 대만족",
        "SentimentWord": "11",
        "SentimentPolarity": "1"
      }
    ]
  },
  {
    "Index": "43430",
    "RawText": "인터넷 최저가에 제품 구입해서 기분 너무 좋아요..  장마철에 사용중인데 집안의 습기를 모두 빨아들여서 집안이 뽀득뽀득 상쾌해졌어요.. 대만족~!",
    "Source": "쇼핑몰",
    "Domain": "가전",
    "MainCategory": "계절가전",
    "ProductName": "뽀송 위닉스 DO2E160-JWK",
    "ReviewScore": "5",
    "Syllable": "81",
    "Word": "17",
    "RDate": "20220704",
    "GeneralPolarity": "1",
    "Aspects": [
      {
        "Aspect": "가격",
        "SentimentText": "인터넷 최저가에 제품 구입해서 기분 너무 좋아요.. ",
        "SentimentWord": "7",
        "SentimentPolarity": "1"
      },
      {
        "Aspect": "기능",
        "SentimentText": "장마철에 사용중인데 집안의 습기를 모두 빨아들여서 집안이 뽀득뽀득 상쾌해졌어요.. 대만족~! ",
        "SentimentWord": "10",
        "SentimentPolarity": "1"
      }
    ]
  },
  {
    "Index": "43431",
    "RawText": "폭우로 집안이 습기로 눅눅했는데 제품 켜두니 빨래 건조도 빠르고 집안이 뽀송해져서 흡족합니다..  다만 본체 열기로 주변 온도도 올라가서 더워요. ㅜ 아쉽네요.",
    "Source": "쇼핑몰",
    "Domain": "가전",
    "MainCategory": "계절가전",
    "ProductName": "뽀송 위닉스 DO2E160-JWK",
    "ReviewScore": "5",
    "Syllable": "89",
    "Word": "21",
    "RDate": "20210903",
    "GeneralPolarity": "0",
    "Aspects": [
      {
        "Aspect": "기능",
        "SentimentText": "폭우로 집안이 습기로 눅눅했는데 제품 켜두니 빨래 건조도 빠르고 집안이 뽀송해져서 흡족합니다.. ",
        "SentimentWord": "12",
        "SentimentPolarity": "1"
      },
      {
        "Aspect": "내구성",
        "SentimentText": "다만 본체 열기로 주변 온도도 올라가서 더워요. ㅜ 아쉽네요. ",
        "SentimentWord": "9",
        "SentimentPolarity": "-1"
      }
    ]
  },
  {
    "Index": "43432",
    "RawText": "오빠 선물용으로 구입.  대용량 제품이라 2틀에 한번정도 물통 비워도 충분해서 마음에 들어요..  다만 제품 색상이 깨끗한 화이트가 아니라서 실물에 실망했어요. ㅜ",
    "Source": "쇼핑몰",
    "Domain": "가전",
    "MainCategory": "계절가전",
    "ProductName": "뽀송 위닉스 DO2E160-JWK",
    "ReviewScore": "5",
    "Syllable": "91",
    "Word": "21",
    "RDate": "20210908",
    "GeneralPolarity": "0",
    "Aspects": [
      {
        "Aspect": "용량",
        "SentimentText": "대용량 제품이라 2틀에 한번정도 물통 비워도 충분해서 마음에 들어요.. ",
        "SentimentWord": "9",
        "SentimentPolarity": "1"
      },
      {
        "Aspect": "색상",
        "SentimentText": "다만 제품 색상이 깨끗한 화이트가 아니라서 실물에 실망했어요. ㅜ ",
        "SentimentWord": "9",
        "SentimentPolarity": "-1"
      }
    ]
  },
  {
    "Index": "43433",
    "RawText": "제품 외관이 아주 깔끔하고 멋져서 마음에 듭니다.  예전 제품과 비교해도 소음이 현저히 줄어서 매우 조용하네요.. 만족해요",
    "Source": "쇼핑몰",
    "Domain": "가전",
    "MainCategory": "계절가전",
    "ProductName": "뽀송 위닉스 DO2E160-JWK",
    "ReviewScore": "5",
    "Syllable": "68",
    "Word": "16",
    "RDate": "20220220",
    "GeneralPolarity": "1",
    "Aspects": [
      {
        "Aspect": "디자인",
        "SentimentText": "제품 외관이 아주 깔끔하고 멋져서 마음에 듭니다. ",
        "SentimentWord": "7",
        "SentimentPolarity": "1"
      },
      {
        "Aspect": "소음",
        "SentimentText": "예전 제품과 비교해도 소음이 현저히 줄어서 매우 조용하네요.. 만족해요 ",
        "SentimentWord": "9",
        "SentimentPolarity": "1"
      }
    ]
  },
  {
    "Index": "43434",
    "RawText": "오~~ 제습력 짱 좋네요. 장마철이라 아이들방 천장 벽지가 들떠 있었는데 며칠 사용했다고 딱 붙어버렸네요.. 너무 좋아요..  소음은 거슬리지 않을 만큼 약한 소음이라 만족해요..",
    "Source": "쇼핑몰",
    "Domain": "가전",
    "MainCategory": "계절가전",
    "ProductName": "뽀송 위닉스 DO2E160-JWK",
    "ReviewScore": "5",
    "Syllable": "100",
    "Word": "23",
    "RDate": "20220303",
    "GeneralPolarity": "1",
    "Aspects": [
      {
        "Aspect": "기능",
        "SentimentText": "오~~ 제습력 짱 좋네요. 장마철이라 아이들방 천장 벽지가 들떠 있었는데 며칠 사용했다고 딱 붙어버렸네요.. 너무 좋아요.. ",
        "SentimentWord": "16",
        "SentimentPolarity": "1"
      },
      {
        "Aspect": "소음",
        "SentimentText": "소음은 거슬리지 않을 만큼 약한 소음이라 만족해요.. ",
        "SentimentWord": "7",
        "SentimentPolarity": "1"
      }
    ]
  },
  {
    "Index": "43435",
    "RawText": "제품 사이즈가 한 덩치해서 안방에 놓으니 답답하네요.. 안 좋아요..  또 오래 사용하니 본체에서 뜨거운 바람이 나와서 불만족스러워요. ㅜ",
    "Source": "쇼핑몰",
    "Domain": "가전",
    "MainCategory": "계절가전",
    "ProductName": "뽀송 위닉스 DO2E160-JWK",
    "ReviewScore": "5",
    "Syllable": "77",
    "Word": "18",
    "RDate": "20220509",
    "GeneralPolarity": "-1",
    "Aspects": [
      {
        "Aspect": "사이즈",
        "SentimentText": "제품 사이즈가 한 덩치해서 안방에 놓으니 답답하네요.. 안 좋아요.. ",
        "SentimentWord": "9",
        "SentimentPolarity": "-1"
      },
      {
        "Aspect": "내구성",
        "SentimentText": "또 오래 사용하니 본체에서 뜨거운 바람이 나와서 불만족스러워요. ㅜ",
        "SentimentWord": "9",
        "SentimentPolarity": "-1"
      }
    ]
  },
  {
    "Index": "43436",
    "RawText": "가전하면 OOO회사 제품이라고 주위에서 하도 얘기해서 구입했어요.. 사용해보니 역시나 좋네요..  생각보다 작동 소음이 적고 조용해서 마음에 들어요..  제습력도 우수해서 끈적거렸던 피부가 뽀송해져서 흡족합니다..  강추~",
    "Source": "쇼핑몰",
    "Domain": "가전",
    "MainCategory": "계절가전",
    "ProductName": "뽀송 위닉스 DO2E160-JWK",
    "ReviewScore": "5",
    "Syllable": "124",
    "Word": "24",
    "RDate": "20211211",
    "GeneralPolarity": "1",
    "Aspects": [
      {
        "Aspect": "제조일/제조사",
        "SentimentText": "가전하면 OOO회사 제품이라고 주위에서 하도 얘기해서 구입했어요.. 사용해보니 역시나 좋네요.. ",
        "SentimentWord": "10",
        "SentimentPolarity": "1"
      },
      {
        "Aspect": "소음",
        "SentimentText": "생각보다 작동 소음이 적고 조용해서 마음에 들어요.. ",
        "SentimentWord": "7",
        "SentimentPolarity": "1"
      },
      {
        "Aspect": "기능",
        "SentimentText": "제습력도 우수해서 끈적거렸던 피부가 뽀송해져서 흡족합니다..  강추~",
        "SentimentWord": "7",
        "SentimentPolarity": "1"
      }
    ]
  },
  {
    "Index": "43437",
    "RawText": "소음에 대한 상품평이 별로라 걱정했어요.. 근데 작동소음이 적어서 마음에 들어요.. ㅎㅎ 물통 비울때 잡으라고 손잡이가 달려 있어서 세척할때 편리합니다.. 굿~!",
    "Source": "쇼핑몰",
    "Domain": "가전",
    "MainCategory": "계절가전",
    "ProductName": "뽀송 위닉스 DO2E160-JWK",
    "ReviewScore": "5",
    "Syllable": "90",
    "Word": "20",
    "RDate": "20220704",
    "GeneralPolarity": "1",
    "Aspects": [
      {
        "Aspect": "소음",
        "SentimentText": "소음에 대한 상품평이 별로라 걱정했어요.. 근데 작동소음이 적어서 마음에 들어요.. ㅎㅎ",
        "SentimentWord": "11",
        "SentimentPolarity": "1"
      },
      {
        "Aspect": "편의성",
        "SentimentText": "물통 비울때 잡으라고 손잡이가 달려 있어서 세척할때 편리합니다.. 굿~! ",
        "SentimentWord": "9",
        "SentimentPolarity": "1"
      }
    ]
  },
  {
    "Index": "43438",
    "RawText": "와~~ 제습기 사용후부터 집안의 공기가 쾌적해졌어요.. 빨리 살걸. ~~ 대만족입니다..  다만 물통이 세척하기에 불편하게 되어 있어서 별 한개 뺍니다.. 안좋아요. ㅜ",
    "Source": "쇼핑몰",
    "Domain": "가전",
    "MainCategory": "계절가전",
    "ProductName": "뽀송 위닉스 DO2E160-JWK",
    "ReviewScore": "5",
    "Syllable": "94",
    "Word": "21",
    "RDate": "20220829",
    "Aspects": [
      {
        "Aspect": "기능",
        "SentimentText": "와~~ 제습기 사용후부터 집안의 공기가 쾌적해졌어요.. 빨리 살걸. ~~ 대만족입니다.. ",
        "SentimentWord": "10",
        "SentimentPolarity": "1"
      },
      {
        "Aspect": "편의성",
        "SentimentText": "다만 물통이 세척하기에 불편하게 되어 있어서 별 한개 뺍니다.. 안좋아요. ㅜ ",
        "SentimentWord": "11",
        "SentimentPolarity": "-1"
      }
    ]
  },
  {
    "Index": "43439",
    "RawText": "제습력이 아주 훌륭해서 꿉꿉함, 끈적거림, 축축함, 다 사라져서 너무 만족해요.  또 걱정했던 작동소음도 거의 없고 조용해서 마음에 쏙 듭니다..",
    "Source": "쇼핑몰",
    "Domain": "가전",
    "MainCategory": "계절가전",
    "ProductName": "뽀송 위닉스 DO2E160-JWK",
    "ReviewScore": "5",
    "Syllable": "81",
    "Word": "19",
    "RDate": "20220620",
    "GeneralPolarity": "1",
    "Aspects": [
      {
        "Aspect": "기능",
        "SentimentText": "제습력이 아주 훌륭해서 꿉꿉함, 끈적거림, 축축함, 다 사라져서 너무 만족해요. ",
        "SentimentWord": "10",
        "SentimentPolarity": "1"
      },
      {
        "Aspect": "소음",
        "SentimentText": "또 걱정했던 작동소음도 거의 없고 조용해서 마음에 쏙 듭니다.. ",
        "SentimentWord": "9",
        "SentimentPolarity": "1"
      }
    ]
  },
  {
    "Index": "43440",
    "RawText": "찜해 두었던 모델이 할인 들어가서 바로 겟했네요.. 기분 아주 좋아요.. ㅎㅎ 다만 새제품인데 제품 표면이 거칠거려서 실망이에요. ㅜ 불량일까요? ㅜ",
    "Source": "쇼핑몰",
    "Domain": "가전",
    "MainCategory": "계절가전",
    "ProductName": "뽀송 위닉스 DO2E160-JWK",
    "ReviewScore": "4",
    "Syllable": "83",
    "Word": "20",
    "RDate": "20211106",
    "GeneralPolarity": "0",
    "Aspects": [
      {
        "Aspect": "가격",
        "SentimentText": "찜해 두었던 모델이 할인 들어가서 바로 겟했네요.. 기분 아주 좋아요.. ㅎㅎ",
        "SentimentWord": "11",
        "SentimentPolarity": "1"
      },
      {
        "Aspect": "품질",
        "SentimentText": "다만 새제품인데 제품 표면이 거칠거려서 실망이에요. ㅜ 불량일까요? ㅜ ",
        "SentimentWord": "9",
        "SentimentPolarity": "-1"
      }
    ]
  },
  {
    "Index": "43441",
    "RawText": "제품 가동해보니 잘때 축축한 느낌이 사라져서 너무 좋네요..  다만 코드연결선이 너무 짧아서 종종 불편함을 느껴요. ㅜ 아쉽네요.",
    "Source": "쇼핑몰",
    "Domain": "가전",
    "MainCategory": "계절가전",
    "ProductName": "뽀송 위닉스 DO2E160-JWK",
    "ReviewScore": "5",
    "Syllable": "72",
    "Word": "17",
    "RDate": "20211026",
    "GeneralPolarity": "0",
    "Aspects": [
      {
        "Aspect": "기능",
        "SentimentText": "제품 가동해보니 잘때 축축한 느낌이 사라져서 너무 좋네요.. ",
        "SentimentWord": "8",
        "SentimentPolarity": "1"
      },
      {
        "Aspect": "편의성",
        "SentimentText": "다만 코드연결선이 너무 짧아서 종종 불편함을 느껴요. ㅜ 아쉽네요. ",
        "SentimentWord": "9",
        "SentimentPolarity": "-1"
      }
    ]
  },
  {
    "Index": "43442",
    "RawText": "장마철 가동시키니 금방 물통에 물이 차올라서 놀랐어요.. 제습력 짱 좋네요.. 굿 다만 오래 사용하면 뜨거운 바람이 나와서 당황스럽고 아쉽네요.",
    "Source": "쇼핑몰",
    "Domain": "가전",
    "MainCategory": "계절가전",
    "ProductName": "뽀송 위닉스 DO2E160-JWK",
    "ReviewScore": "5",
    "Syllable": "80",
    "Word": "19",
    "RDate": "20220624",
    "GeneralPolarity": "0",
    "Aspects": [
      {
        "Aspect": "기능",
        "SentimentText": "장마철 가동시키니 금방 물통에 물이 차올라서 놀랐어요.. 제습력 짱 좋네요.. 굿",
        "SentimentWord": "11",
        "SentimentPolarity": "1"
      },
      {
        "Aspect": "내구성",
        "SentimentText": "다만 오래 사용하면 뜨거운 바람이 나와서 당황스럽고 아쉽네요. ",
        "SentimentWord": "8",
        "SentimentPolarity": "-1"
      }
    ]
  },
  {
    "Index": "43443",
    "RawText": "제품에 인공지능기능이 있어서 습도에 맞춰서 자동제습이 되니 세상 편리하고 좋네요.. 굿^^ 가전분야 1위  ooo회사 제품이라 확실히 독보적으로 좋네요.. 대만족 다만 전워키고 슬라이딩 도어 열리는 로딩시간이 살짝 길어서 아쉬워요",
    "Source": "쇼핑몰",
    "Domain": "가전",
    "MainCategory": "계절가전",
    "ProductName": "뽀송 위닉스 DO2E160-JWK",
    "ReviewScore": "5",
    "Syllable": "128",
    "Word": "28",
    "RDate": "20210904",
    "GeneralPolarity": "0",
    "Aspects": [
      {
        "Aspect": "기능",
        "SentimentText": "제품에 인공지능기능이 있어서 습도에 맞춰서 자동제습이 되니 세상 편리하고 좋네요.. 굿^^",
        "SentimentWord": "11",
        "SentimentPolarity": "1"
      },
      {
        "Aspect": "제조일/제조사",
        "SentimentText": "가전분야 1위  ooo회사 제품이라 확실히 독보적으로 좋네요.. 대만족",
        "SentimentWord": "8",
        "SentimentPolarity": "1"
      },
      {
        "Aspect": "시간/속도",
        "SentimentText": "다만 전워키고 슬라이딩 도어 열리는 로딩시간이 살짝 길어서 아쉬워요",
        "SentimentWord": "9",
        "SentimentPolarity": "-1"
      }
    ]
  }
]