[
  {
    "Index": "37184",
    "RawText": "제품 전원켜면 금새 따뜻해져 좋습니다.  제품 마감도 깔끔하고 품질이 좋아서 만족스러워요! ",
    "Source": "쇼핑몰",
    "Domain": "가전",
    "MainCategory": "계절가전",
    "ProductName": "파세코 P-15000F 일반구매",
    "ReviewScore": "5",
    "Syllable": "51",
    "Word": "11",
    "RDate": "20211229",
    "Aspects": [
      {
        "Aspect": "기능",
        "SentimentText": "제품 전원켜면 금새 따뜻해져 좋습니다. ",
        "SentimentWord": "5",
        "SentimentPolarity": "1"
      },
      {
        "Aspect": "품질",
        "SentimentText": "제품 마감도 깔끔하고 품질이 좋아서 만족스러워요!",
        "SentimentWord": "6",
        "SentimentPolarity": "1"
      }
    ]
  },
  {
    "Index": "37185",
    "RawText": "꽃집하시는 엄마를 위해 주문해드렸는데 엄마께서 무척 따뜻하다고 좋아하세요. ~! 성능 만족 제품 고급스럽고 품질도 좋구요 ^^  하자 없이 오래 사용하고 싶어요!",
    "Source": "쇼핑몰",
    "Domain": "가전",
    "MainCategory": "계절가전",
    "ProductName": "파세코 P-15000F 일반구매",
    "ReviewScore": "5",
    "Syllable": "90",
    "Word": "21",
    "RDate": "20211020",
    "Aspects": [
      {
        "Aspect": "기능",
        "SentimentText": "엄마께서 무척 따뜻하다고 좋아하세요. ~! 성능 만족",
        "SentimentWord": "7",
        "SentimentPolarity": "1"
      },
      {
        "Aspect": "품질",
        "SentimentText": "제품 고급스럽고 품질도 좋구요 ^^",
        "SentimentWord": "5",
        "SentimentPolarity": "1"
      }
    ]
  },
  {
    "Index": "37186",
    "RawText": "전체적으로 제품 품질 괜찮아 만족해요.  사용 다하고 나서 석유 냄새가 무척 심해 불편하고 아쉽네요. ㅜ  열효율은 참 괜찮은 제품입니다.~!  ",
    "Source": "쇼핑몰",
    "Domain": "가전",
    "MainCategory": "계절가전",
    "ProductName": "파세코 P-15000F 일반구매",
    "ReviewScore": "4",
    "Syllable": "81",
    "Word": "19",
    "RDate": "20180327",
    "GeneralPolarity": "0",
    "Aspects": [
      {
        "Aspect": "품질",
        "SentimentText": "전체적으로 제품 품질 괜찮아 만족해요. ",
        "SentimentWord": "5",
        "SentimentPolarity": "1"
      },
      {
        "Aspect": "품질",
        "SentimentText": "사용 다하고 나서 석유 냄새가 무척 심해 불편하고 아쉽네요. ㅜ ",
        "SentimentWord": "10",
        "SentimentPolarity": "-1"
      },
      {
        "Aspect": "소비전력",
        "SentimentText": "열효율은 참 괜찮은 제품입니다.~! ",
        "SentimentWord": "4",
        "SentimentPolarity": "1"
      }
    ]
  },
  {
    "Index": "37187",
    "RawText": "불량이 없으니까 좋네요~~  화력이 좋아 집안 전체가 후끈후끈하네요",
    "Source": "쇼핑몰",
    "Domain": "가전",
    "MainCategory": "계절가전",
    "ProductName": "파세코 P-15000F 일반구매",
    "ReviewScore": "5",
    "Syllable": "37",
    "Word": "8",
    "RDate": "20180210",
    "GeneralPolarity": "1",
    "Aspects": [
      {
        "Aspect": "품질",
        "SentimentText": " 불량이 없으니까 좋네요~~",
        "SentimentWord": "3",
        "SentimentPolarity": "1"
      },
      {
        "Aspect": "기능",
        "SentimentText": "화력이 좋아 집안 전체가 후끈후끈하네요",
        "SentimentWord": "5",
        "SentimentPolarity": "1"
      }
    ]
  },
  {
    "Index": "37189",
    "RawText": "제품 가격이 비싼편이라 부담이 되네요ㅠ 화력은 좋아 금방 따뜻해지네요~~ 만족합니다!!",
    "Source": "쇼핑몰",
    "Domain": "가전",
    "MainCategory": "계절가전",
    "ProductName": "파세코 P-15000F 일반구매",
    "ReviewScore": "5",
    "Syllable": "48",
    "Word": "10",
    "RDate": "20211223",
    "Aspects": [
      {
        "Aspect": "가격",
        "SentimentText": "제품 가격이 비싼편이라 부담이 되네요ㅠ",
        "SentimentWord": "5",
        "SentimentPolarity": "-1"
      },
      {
        "Aspect": "기능",
        "SentimentText": "화력은 좋아 금방 따뜻해지네요~~ 만족합니다!!",
        "SentimentWord": "5",
        "SentimentPolarity": "1"
      }
    ]
  },
  {
    "Index": "37190",
    "RawText": "기름냄새가 조금이라도 나니 별로예요 ㅠ  좋은 가격에 잘 구매했어요~  주변이 금방 따뜻해지니 화력은 최고네요!",
    "Source": "쇼핑몰",
    "Domain": "가전",
    "MainCategory": "계절가전",
    "ProductName": "파세코 P-15000F 일반구매",
    "ReviewScore": "4",
    "Syllable": "62",
    "Word": "14",
    "RDate": "20171221",
    "GeneralPolarity": "1",
    "Aspects": [
      {
        "Aspect": "품질",
        "SentimentText": " 기름냄새가 조금이라도 나니 별로예요 ㅠ",
        "SentimentWord": "5",
        "SentimentPolarity": "-1"
      },
      {
        "Aspect": "가격",
        "SentimentText": "좋은 가격에 잘 구매했어요~",
        "SentimentWord": "4",
        "SentimentPolarity": "1"
      },
      {
        "Aspect": "기능",
        "SentimentText": "주변이 금방 따뜻해지니 화력은 최고네요!",
        "SentimentWord": "5",
        "SentimentPolarity": "1"
      }
    ]
  },
  {
    "Index": "37192",
    "RawText": "제품 사이즈가 큼직해서 넓은 공간에서 사용하기 좋아요!  화력도 좋아 무척 따수워요~~ 잘쓸께요 감사합니다!",
    "Source": "쇼핑몰",
    "Domain": "가전",
    "MainCategory": "계절가전",
    "ProductName": "파세코 P-15000F 일반구매",
    "ReviewScore": "5",
    "Syllable": "60",
    "Word": "13",
    "RDate": "20160425",
    "Aspects": [
      {
        "Aspect": "사이즈",
        "SentimentText": "제품 사이즈가 큼직해서 넓은 공간에서 사용하기 좋아요!",
        "SentimentWord": "7",
        "SentimentPolarity": "1"
      },
      {
        "Aspect": "기능",
        "SentimentText": "화력도 좋아 무척 따수워요~~ 잘쓸께요 감사합니다!",
        "SentimentWord": "6",
        "SentimentPolarity": "1"
      }
    ]
  },
  {
    "Index": "37193",
    "RawText": "화력이 쎄서 겨울을 따뜻하게 보낼수 있어 좋아요^^  디자인도 깔끔하고 고급스러워서 좋습니다!",
    "Source": "쇼핑몰",
    "Domain": "가전",
    "MainCategory": "계절가전",
    "ProductName": "파세코 P-15000F 일반구매",
    "ReviewScore": "5",
    "Syllable": "52",
    "Word": "11",
    "RDate": "20201228",
    "Aspects": [
      {
        "Aspect": "기능",
        "SentimentText": "화력이 쎄서 겨울을 따뜻하게 보낼수 있어 좋아요^^",
        "SentimentWord": "7",
        "SentimentPolarity": "1"
      },
      {
        "Aspect": "디자인",
        "SentimentText": "디자인도 깔끔하고 고급스러워서 좋습니다!",
        "SentimentWord": "4",
        "SentimentPolarity": "1"
      }
    ]
  },
  {
    "Index": "37194",
    "RawText": "생각보다 냄새가 나서 별로예요  하지만 금방 따뜻해지니 그건 좋네요~~  빠른배송 감사합니다^^",
    "Source": "쇼핑몰",
    "Domain": "가전",
    "MainCategory": "계절가전",
    "ProductName": "파세코 P-15000F 일반구매",
    "ReviewScore": "5",
    "Syllable": "53",
    "Word": "11",
    "RDate": "20211120",
    "Aspects": [
      {
        "Aspect": "품질",
        "SentimentText": "생각보다 냄새가 나서 별로예요",
        "SentimentWord": "4",
        "SentimentPolarity": "-1"
      },
      {
        "Aspect": "기능",
        "SentimentText": "하지만 금방 따뜻해지니 그건 좋네요~~",
        "SentimentWord": "5",
        "SentimentPolarity": "1"
      }
    ]
  },
  {
    "Index": "37195",
    "RawText": "사무실 실내온도가 금방 따뜻해지면서  온도가 올라가니까 너무 좋아요~ 좋은제품 가격도 저렴하게 잘 구매해서 만족해요~",
    "Source": "쇼핑몰",
    "Domain": "가전",
    "MainCategory": "계절가전",
    "ProductName": "파세코 P-15000F 일반구매",
    "ReviewScore": "5",
    "Syllable": "65",
    "Word": "14",
    "RDate": "20211029",
    "Aspects": [
      {
        "Aspect": "기능",
        "SentimentText": "사무실 실내온도가 금방 따뜻해지면서  온도가 올라가니까 너무 좋아요~",
        "SentimentWord": "8",
        "SentimentPolarity": "1"
      },
      {
        "Aspect": "가격",
        "SentimentText": "좋은제품 가격도 저렴하게 잘 구매해서 만족해요~",
        "SentimentWord": "6",
        "SentimentPolarity": "1"
      }
    ]
  },
  {
    "Index": "37198",
    "RawText": "엄청 빠르게 배송 받아서 기분 너무 좋았어요^^  포장도 찌그러지지 않게 잘 해서 보내주시고, 연료소비량이 너무 높아서 아쉬워요.  더할나위 없이 따뜻하네요^^",
    "Source": "쇼핑몰",
    "Domain": "가전",
    "MainCategory": "계절가전",
    "ProductName": "파세코 P-15000F 일반구매",
    "ReviewScore": "5",
    "Syllable": "89",
    "Word": "20",
    "RDate": "20170122",
    "Aspects": [
      {
        "Aspect": "소비전력",
        "SentimentText": "연료소비량이 너무 높아서 아쉬워요.",
        "SentimentWord": "4",
        "SentimentPolarity": "-1"
      },
      {
        "Aspect": "기능",
        "SentimentText": "더할나위 없이 따뜻하네요^^",
        "SentimentWord": "3",
        "SentimentPolarity": "1"
      }
    ]
  },
  {
    "Index": "37199",
    "RawText": "OOO회사 제품 정말 맘에 들어요~ 대체 불가예요!!  좋은 가격에 또 재구매해서 기분 좋아요^^  배송도 총알배송으로 보내주셔서 감사합니다! ",
    "Source": "쇼핑몰",
    "Domain": "가전",
    "MainCategory": "계절가전",
    "ProductName": "파세코 P-15000F 일반구매",
    "ReviewScore": "5",
    "Syllable": "80",
    "Word": "17",
    "RDate": "20201202",
    "Aspects": [
      {
        "Aspect": "제조일/제조사",
        "SentimentText": "OOO회사 제품 정말 맘에 들어요~ 대체 불가예요!!",
        "SentimentWord": "7",
        "SentimentPolarity": "1"
      },
      {
        "Aspect": "가격",
        "SentimentText": "좋은 가격에 또 재구매해서 기분 좋아요^^",
        "SentimentWord": "6",
        "SentimentPolarity": "1"
      }
    ]
  },
  {
    "Index": "37201",
    "RawText": "배송은 빠르고 안전하게 잘 도착했어요~~작동후 얼마안되 금방 예열되고 뜨거운 바람 잘 나옵니다. 외관도 튼튼해 보이고 퀄리티  좋은 제품이예요. 잘 산것같아요^^",
    "Source": "쇼핑몰",
    "Domain": "가전",
    "MainCategory": "계절가전",
    "ProductName": "파세코 P-15000F 일반구매",
    "ReviewScore": "5",
    "Syllable": "90",
    "Word": "20",
    "RDate": "20170201",
    "Aspects": [
      {
        "Aspect": "기능",
        "SentimentText": "작동후 얼마안되 금방 예열되고 뜨거운 바람 잘 나옵니다.",
        "SentimentWord": "8",
        "SentimentPolarity": "1"
      },
      {
        "Aspect": "품질",
        "SentimentText": "외관도 튼튼해 보이고 퀄리티  좋은 제품이예요. 잘 산것같아요^^",
        "SentimentWord": "8",
        "SentimentPolarity": "1"
      }
    ]
  },
  {
    "Index": "37202",
    "RawText": "가격대비 가성비 최고예요!! 기대한것보다 너무 따뜻해요~ 화력이 굿굿!! 잘 사용할께요~^^",
    "Source": "쇼핑몰",
    "Domain": "가전",
    "MainCategory": "계절가전",
    "ProductName": "파세코 P-15000F 일반구매",
    "ReviewScore": "5",
    "Syllable": "51",
    "Word": "10",
    "RDate": "20210112",
    "Aspects": [
      {
        "Aspect": "가격",
        "SentimentText": "가격대비 가성비 최고예요!!",
        "SentimentWord": "3",
        "SentimentPolarity": "1"
      },
      {
        "Aspect": "기능",
        "SentimentText": "기대한것보다 너무 따뜻해요~ 화력이 굿굿!! 잘 사용할께요~^^",
        "SentimentWord": "7",
        "SentimentPolarity": "1"
      }
    ]
  },
  {
    "Index": "37203",
    "RawText": "소리가 좀 시끄러운 편이라 실망입니다 ㅜ  하지만 엄청 따뜻하네요~",
    "Source": "쇼핑몰",
    "Domain": "가전",
    "MainCategory": "계절가전",
    "ProductName": "파세코 P-15000F 일반구매",
    "ReviewScore": "5",
    "Syllable": "37",
    "Word": "9",
    "RDate": "20181211",
    "GeneralPolarity": "0",
    "Aspects": [
      {
        "Aspect": "소음",
        "SentimentText": "소리가 좀 시끄러운 편이라 실망입니다 ㅜ",
        "SentimentWord": "6",
        "SentimentPolarity": "-1"
      },
      {
        "Aspect": "기능",
        "SentimentText": "하지만 엄청 따뜻하네요~ ",
        "SentimentWord": "3",
        "SentimentPolarity": "1"
      }
    ]
  },
  {
    "Index": "37204",
    "RawText": "가게가 정말 많이 따뜻해져서 좋네요^^  제조일이 좀 최신이었으면 하는 아쉬움이 있네요 ㅠ",
    "Source": "쇼핑몰",
    "Domain": "가전",
    "MainCategory": "계절가전",
    "ProductName": "파세코 P-15000F 일반구매",
    "ReviewScore": "5",
    "Syllable": "50",
    "Word": "12",
    "RDate": "20190106",
    "GeneralPolarity": "0",
    "Aspects": [
      {
        "Aspect": "기능",
        "SentimentText": "가게가 정말 많이 따뜻해져서 좋네요^^",
        "SentimentWord": "5",
        "SentimentPolarity": "1"
      },
      {
        "Aspect": "제조일/제조사",
        "SentimentText": "제조일이 좀 최신이었으면 하는 아쉬움이 있네요 ㅠ",
        "SentimentWord": "7",
        "SentimentPolarity": "-1"
      }
    ]
  },
  {
    "Index": "37205",
    "RawText": "저렴한 가격에 너무 잘산거 같아  맘에 듭니다!  냄새없는 것도 맘에 들고 점화도 빨리되서 사용하기 편하네요~^^",
    "Source": "쇼핑몰",
    "Domain": "가전",
    "MainCategory": "계절가전",
    "ProductName": "파세코 P-15000F 일반구매",
    "ReviewScore": "5",
    "Syllable": "63",
    "Word": "15",
    "RDate": "20200206",
    "GeneralPolarity": "1",
    "Aspects": [
      {
        "Aspect": "가격",
        "SentimentText": "저렴한 가격에 너무 잘산거 같아 맘에 듭니다!",
        "SentimentWord": "7",
        "SentimentPolarity": "1"
      },
      {
        "Aspect": "품질",
        "SentimentText": "냄새없는 것도 맘에 들고",
        "SentimentWord": "4",
        "SentimentPolarity": "1"
      },
      {
        "Aspect": "시간/속도",
        "SentimentText": "점화도 빨리되서 사용하기 편하네요~^^",
        "SentimentWord": "4",
        "SentimentPolarity": "1"
      }
    ]
  },
  {
    "Index": "37206",
    "RawText": "가성비 훌륭한 제품을 사서 너무 좋아요~~!!  너무 따뜻하고 좋아요. 화력이 매우 좋습니다!",
    "Source": "쇼핑몰",
    "Domain": "가전",
    "MainCategory": "계절가전",
    "ProductName": "파세코 P-15000F 일반구매",
    "ReviewScore": "5",
    "Syllable": "52",
    "Word": "12",
    "RDate": "20181020",
    "Aspects": [
      {
        "Aspect": "가격",
        "SentimentText": "가성비 훌륭한 제품을 사서 너무 좋아요~~!!",
        "SentimentWord": "6",
        "SentimentPolarity": "1"
      },
      {
        "Aspect": "기능",
        "SentimentText": "너무 따뜻하고 좋아요. 화력이 매우 좋습니다!",
        "SentimentWord": "6",
        "SentimentPolarity": "1"
      }
    ]
  },
  {
    "Index": "37207",
    "RawText": "제품 작동시키니 점검표시등 뜨면서 멈췄어요. ㅜ 당황스럽네요.  제품 불량품이 배송되었네요. ㅜ 빨리 확인 및 교환해주세요~!",
    "Source": "쇼핑몰",
    "Domain": "가전",
    "MainCategory": "계절가전",
    "ProductName": "파세코 P-15000F 일반구매",
    "ReviewScore": "1",
    "Syllable": "70",
    "Word": "15",
    "RDate": "20210116",
    "GeneralPolarity": "-1",
    "Aspects": [
      {
        "Aspect": "품질",
        "SentimentText": "제품 작동시키니 점검표시등 뜨면서 멈췄어요. ㅜ 당황스럽네요. ",
        "SentimentWord": "7",
        "SentimentPolarity": "-1"
      },
      {
        "Aspect": "품질",
        "SentimentText": "제품 불량품이 배송되었네요. ㅜ 빨리 확인 및 교환해주세요~! ",
        "SentimentWord": "8",
        "SentimentPolarity": "-1"
      }
    ]
  },
  {
    "Index": "37208",
    "RawText": "제품 가격 저렴하게 잘 구입해서 좋아요 ^^ 40평 사무실에서 사용하는데 금새 전체가 따뜻해지네요. 성능 훌륭하네요.  고장없이 오래 사용하고 싶어요.",
    "Source": "쇼핑몰",
    "Domain": "가전",
    "MainCategory": "계절가전",
    "ProductName": "파세코 P-15000F 일반구매",
    "ReviewScore": "5",
    "Syllable": "84",
    "Word": "19",
    "RDate": "20220121",
    "GeneralPolarity": "1",
    "Aspects": [
      {
        "Aspect": "가격",
        "SentimentText": "제품 가격 저렴하게 잘 구입해서 좋아요 ^^",
        "SentimentWord": "7",
        "SentimentPolarity": "1"
      },
      {
        "Aspect": "기능",
        "SentimentText": "40평 사무실에서 사용하는데 금새 전체가 따뜻해지네요. 성능 훌륭하네요. ",
        "SentimentWord": "8",
        "SentimentPolarity": "1"
      }
    ]
  },
  {
    "Index": "37209",
    "RawText": "제품 성능 탁월해 집의 외풍을 확실히 없애주네요. 만족합니다. ! 난로 사용한 이후로 집안이 더 아늑하고 포근해졌어요. 정말 실용적이네요 잘샀어요",
    "Source": "쇼핑몰",
    "Domain": "가전",
    "MainCategory": "계절가전",
    "ProductName": "파세코 P-15000F 일반구매",
    "ReviewScore": "5",
    "Syllable": "81",
    "Word": "19",
    "RDate": "20210120",
    "GeneralPolarity": "1",
    "Aspects": [
      {
        "Aspect": "기능",
        "SentimentText": "제품 성능 탁월해 집의 외풍을 확실히 없애주네요. 만족합니다. !",
        "SentimentWord": "9",
        "SentimentPolarity": "1"
      },
      {
        "Aspect": "편의성",
        "SentimentText": "난로 사용한 이후로 집안이 더 아늑하고 포근해졌어요. 정말 실용적이네요 잘샀어요 ",
        "SentimentWord": "10",
        "SentimentPolarity": "1"
      }
    ]
  },
  {
    "Index": "37210",
    "RawText": "사무실 용도로 사용하는데 무척 따듯하고 좋습니다. 성능 굿~! 제품 성능이 만족스러워 창고용으로도 하나 더 주문했어요.  ",
    "Source": "쇼핑몰",
    "Domain": "가전",
    "MainCategory": "계절가전",
    "ProductName": "파세코 P-15000F 일반구매",
    "ReviewScore": "5",
    "Syllable": "68",
    "Word": "15",
    "RDate": "20171127",
    "GeneralPolarity": "1",
    "Aspects": [
      {
        "Aspect": "기능",
        "SentimentText": "사무실 용도로 사용하는데 무척 따듯하고 좋습니다. 성능 굿~!",
        "SentimentWord": "8",
        "SentimentPolarity": "1"
      },
      {
        "Aspect": "기능",
        "SentimentText": "제품 성능이 만족스러워 창고용으로도 하나 더 주문했어요. ",
        "SentimentWord": "7",
        "SentimentPolarity": "1"
      }
    ]
  },
  {
    "Index": "37211",
    "RawText": "추위 유난히 많이 타는 스타일이라 올 겨울 걱정이었는데, 제품 사용해보니 넘 따스하고 좋아요. 제품 성능 만족해요~!   석유난로라 사용 중 기름 냄새는 나지만 타 제품에 비교하면 확실히 냄새 적어요. 전 큰 불편함 못느껴서 만족합니다.",
    "Source": "쇼핑몰",
    "Domain": "가전",
    "MainCategory": "계절가전",
    "ProductName": "파세코 P-15000F 일반구매",
    "ReviewScore": "5",
    "Syllable": "132",
    "Word": "33",
    "RDate": "20181014",
    "GeneralPolarity": "1",
    "Aspects": [
      {
        "Aspect": "기능",
        "SentimentText": "제품 사용해보니 넘 따스하고 좋아요. 제품 성능 만족해요~!  ",
        "SentimentWord": "8",
        "SentimentPolarity": "1"
      },
      {
        "Aspect": "품질",
        "SentimentText": "사용 중 기름 냄새는 나지만 타 제품에 비교하면 확실히 냄새 적어요. 전 큰 불편함 못느껴서 만족합니다. ",
        "SentimentWord": "16",
        "SentimentPolarity": "1"
      }
    ]
  },
  {
    "Index": "37212",
    "RawText": "제품 작동할때 팬 소음은 약간 있어서 불편합니다.  다만 제품 화력이 생각보다 상당히 좋아 만족해요. 올 겨울 따뜻하게 보낼 것 같아요.",
    "Source": "쇼핑몰",
    "Domain": "가전",
    "MainCategory": "계절가전",
    "ProductName": "파세코 P-15000F 일반구매",
    "ReviewScore": "4",
    "Syllable": "76",
    "Word": "20",
    "RDate": "20160318",
    "GeneralPolarity": "0",
    "Aspects": [
      {
        "Aspect": "소음",
        "SentimentText": "제품 작동할때 팬 소음은 약간 있어서 불편합니다. ",
        "SentimentWord": "7",
        "SentimentPolarity": "-1"
      },
      {
        "Aspect": "기능",
        "SentimentText": " 제품 화력이 생각보다 상당히 좋아 만족해요. ",
        "SentimentWord": "6",
        "SentimentPolarity": "1"
      }
    ]
  },
  {
    "Index": "37213",
    "RawText": "제품 착한 가격으로 잘 구입해서 기분 좋네요. ^^가격은 상당히 만족해요~!  다만 작동시 팬소리가 살짝 거슬리네요ㅜ ",
    "Source": "쇼핑몰",
    "Domain": "가전",
    "MainCategory": "계절가전",
    "ProductName": "파세코 P-15000F 일반구매",
    "ReviewScore": "5",
    "Syllable": "66",
    "Word": "15",
    "RDate": "20180115",
    "Aspects": [
      {
        "Aspect": "가격",
        "SentimentText": "제품 착한 가격으로 잘 구입해서 기분 좋네요. ^^가격은 상당히 만족해요~! ",
        "SentimentWord": "10",
        "SentimentPolarity": "1"
      },
      {
        "Aspect": "소음",
        "SentimentText": "다만 작동시 팬소리가 살짝 거슬리네요ㅜ",
        "SentimentWord": "5",
        "SentimentPolarity": "-1"
      }
    ]
  },
  {
    "Index": "37216",
    "RawText": "부속품으로 꼭 필요했던 가방이 와서 너무 기분 좋아요.  도착 즉시 사용해보니 냄새 거의 없어서 좋아요.  또 전원 켜면 제품 금새 따듯해져서 성능도 만족해요.",
    "Source": "쇼핑몰",
    "Domain": "가전",
    "MainCategory": "계절가전",
    "ProductName": "파세코 PKH-5100",
    "ReviewScore": "5",
    "Syllable": "89",
    "Word": "23",
    "RDate": "20191115",
    "GeneralPolarity": "1",
    "Aspects": [
      {
        "Aspect": "제품구성",
        "SentimentText": "부속품으로 꼭 필요했던 가방이 와서 너무 기분 좋아요. ",
        "SentimentWord": "8",
        "SentimentPolarity": "1"
      },
      {
        "Aspect": "품질",
        "SentimentText": "도착 즉시 사용해보니 냄새 거의 없어서 좋아요. ",
        "SentimentWord": "7",
        "SentimentPolarity": "1"
      },
      {
        "Aspect": "기능",
        "SentimentText": "전원 켜면 제품 금새 따듯해져서 성능도 만족해요. ",
        "SentimentWord": "7",
        "SentimentPolarity": "1"
      }
    ]
  },
  {
    "Index": "37217",
    "RawText": "냄새가 너무 많이 나서 불편해요ㅠㅠ  용량도 좀 컸으면 좋았을텐데 아쉽네요 ㅠ",
    "Source": "쇼핑몰",
    "Domain": "가전",
    "MainCategory": "계절가전",
    "ProductName": "파세코 PKH-5100",
    "ReviewScore": "5",
    "Syllable": "43",
    "Word": "11",
    "RDate": "20211209",
    "GeneralPolarity": "-1",
    "Aspects": [
      {
        "Aspect": "품질",
        "SentimentText": "냄새가 너무 많이 나서 불편해요ㅠㅠ",
        "SentimentWord": "5",
        "SentimentPolarity": "-1"
      },
      {
        "Aspect": "용량",
        "SentimentText": "용량도 좀 컸으면 좋았을텐데 아쉽네요 ㅠ",
        "SentimentWord": "6",
        "SentimentPolarity": "-1"
      }
    ]
  },
  {
    "Index": "37219",
    "RawText": "겨울 캠핑에 사용하려고 구매했어요 착한 가격에 구매해서 만족스러워요~제품 받아보니 디자인이 너무 예쁩니다^^ 맘에 들어요",
    "Source": "쇼핑몰",
    "Domain": "가전",
    "MainCategory": "계절가전",
    "ProductName": "파세코 PKH-5100",
    "ReviewScore": "5",
    "Syllable": "67",
    "Word": "14",
    "RDate": "20211015",
    "Aspects": [
      {
        "Aspect": "가격",
        "SentimentText": "착한 가격에 구매해서 만족스러워요~",
        "SentimentWord": "4",
        "SentimentPolarity": "1"
      },
      {
        "Aspect": "디자인",
        "SentimentText": "제품 받아보니 디자인이 너무 예쁩니다^^ 맘에 들어요",
        "SentimentWord": "7",
        "SentimentPolarity": "1"
      }
    ]
  },
  {
    "Index": "37220",
    "RawText": "전기난로 쓰다 바꾸니 에너지효율도 훨씬 좋아 다들 만족하네요 냄새는 조금 나서 아쉽지만 잘 쓸께요!",
    "Source": "쇼핑몰",
    "Domain": "가전",
    "MainCategory": "계절가전",
    "ProductName": "파세코 PKH-5100",
    "ReviewScore": "5",
    "Syllable": "55",
    "Word": "14",
    "RDate": "20191122",
    "GeneralPolarity": "1",
    "Aspects": [
      {
        "Aspect": "소비전력",
        "SentimentText": "전기난로 쓰다 바꾸니 에너지효율도 훨씬 좋아 다들 만족하네요",
        "SentimentWord": "8",
        "SentimentPolarity": "1"
      },
      {
        "Aspect": "품질",
        "SentimentText": "냄새는 조금 나서 아쉽지만 잘 쓸께요!",
        "SentimentWord": "6",
        "SentimentPolarity": "0"
      }
    ]
  },
  {
    "Index": "37221",
    "RawText": "물도 데우고 습도도 조절하고 두루두루 활용하면서 써서 만족스러워요   손잡이 소재가 쉽게 뜨거워지는거라 위험해서 아쉽네요.",
    "Source": "쇼핑몰",
    "Domain": "가전",
    "MainCategory": "계절가전",
    "ProductName": "파세코 PKH-5100",
    "ReviewScore": "5",
    "Syllable": "68",
    "Word": "14",
    "RDate": "20211028",
    "GeneralPolarity": "0",
    "Aspects": [
      {
        "Aspect": "편의성",
        "SentimentText": "물도 데우고 습도도 조절하고 두루두루 활용하면서 써서 만족스러워요",
        "SentimentWord": "8",
        "SentimentPolarity": "1"
      },
      {
        "Aspect": "소재",
        "SentimentText": " 손잡이 소재가 쉽게 뜨거워지는거라 위험해서 아쉽네요.",
        "SentimentWord": "6",
        "SentimentPolarity": "-1"
      }
    ]
  },
  {
    "Index": "37222",
    "RawText": "생각했던 것보다 기름 냄새가 안나서 좋네요^^  화력도 세서 이정도면 엄청 따듯하게 겨울 잘 보낼거 같아요 !",
    "Source": "쇼핑몰",
    "Domain": "가전",
    "MainCategory": "계절가전",
    "ProductName": "파세코 PKH-5100",
    "ReviewScore": "4",
    "Syllable": "61",
    "Word": "16",
    "RDate": "20190129",
    "GeneralPolarity": "1",
    "Aspects": [
      {
        "Aspect": "품질",
        "SentimentText": "생각했던 것보다 기름 냄새가 안나서 좋네요^^",
        "SentimentWord": "6",
        "SentimentPolarity": "1"
      },
      {
        "Aspect": "기능",
        "SentimentText": "화력도 세서 이정도면 엄청 따듯하게 겨울 잘 보낼거 같아요 !",
        "SentimentWord": "10",
        "SentimentPolarity": "1"
      }
    ]
  },
  {
    "Index": "37223",
    "RawText": "그을음도 냄새도 심해서 별로예요 ㅠ 점화도 2주도 안되서 벌써 고장났는지 작동이 되지않아요 따뜻하기는 엄청 따뜻해서 만족해요~~ 배송도 엄청 빠르게 도착해서 기분 좋았어요^^",
    "Source": "쇼핑몰",
    "Domain": "가전",
    "MainCategory": "계절가전",
    "ProductName": "파세코 PKH-5100",
    "ReviewScore": "3",
    "Syllable": "97",
    "Word": "22",
    "RDate": "20200304",
    "Aspects": [
      {
        "Aspect": "품질",
        "SentimentText": "그을음도 냄새도 심해서 별로예요 ㅠ 점화도 2주도 안되서 벌써 고장났는지 작동이 되지않아요",
        "SentimentWord": "12",
        "SentimentPolarity": "-1"
      },
      {
        "Aspect": "기능",
        "SentimentText": "따뜻하기는 엄청 따뜻해서 만족해요~~",
        "SentimentWord": "4",
        "SentimentPolarity": "1"
      }
    ]
  },
  {
    "Index": "37224",
    "RawText": "제품이 최상의 상태로 올수 있게 꼼꼼히 포장되어 와서 감사드려요  무엇보다 빠른 배송이 제일 맘에 듭니다! 온도조절이 7단계까지 있는데 조절이 힘드네요 무게가 엄청나서 이동이 불편하구요",
    "Source": "쇼핑몰",
    "Domain": "가전",
    "MainCategory": "계절가전",
    "ProductName": "파세코 PKH-5100",
    "ReviewScore": "5",
    "Syllable": "103",
    "Word": "24",
    "RDate": "20200909",
    "Aspects": [
      {
        "Aspect": "조작성",
        "SentimentText": "온도조절이 7단계까지 있는데 조절이 힘드네요",
        "SentimentWord": "5",
        "SentimentPolarity": "-1"
      },
      {
        "Aspect": "무게",
        "SentimentText": "무게가 엄청나서 이동이 불편하구요",
        "SentimentWord": "4",
        "SentimentPolarity": "-1"
      }
    ]
  },
  {
    "Index": "37225",
    "RawText": "타사제품 비교하다 저렴한 가격에 구매했는데 가성비 좋네요^^  완전히 따뜻해질 때까지는 조금 시간이 걸려 아쉬워요 ㅠ ",
    "Source": "쇼핑몰",
    "Domain": "가전",
    "MainCategory": "계절가전",
    "ProductName": "파세코 PKH-5100",
    "ReviewScore": "5",
    "Syllable": "66",
    "Word": "15",
    "RDate": "20201207",
    "GeneralPolarity": "0",
    "Aspects": [
      {
        "Aspect": "가격",
        "SentimentText": " 가성비 좋네요^^",
        "SentimentWord": "2",
        "SentimentPolarity": "1"
      },
      {
        "Aspect": "시간/속도",
        "SentimentText": " 완전히 따뜻해질 때까지는 조금 시간이 걸려 아쉬워요 ㅠ",
        "SentimentWord": "8",
        "SentimentPolarity": "-1"
      }
    ]
  },
  {
    "Index": "37228",
    "RawText": "바깥에서 사용했는데도 너무 따뜻하게 잘 지냈어요~^^  냄새도 거의없고 만족합니다!",
    "Source": "쇼핑몰",
    "Domain": "가전",
    "MainCategory": "계절가전",
    "ProductName": "파세코 PKH-5100",
    "ReviewScore": "5",
    "Syllable": "46",
    "Word": "9",
    "RDate": "20191201",
    "GeneralPolarity": "1",
    "Aspects": [
      {
        "Aspect": "기능",
        "SentimentText": "바깥에서 사용했는데도 너무 따뜻하게 잘 지냈어요~^^",
        "SentimentWord": "6",
        "SentimentPolarity": "1"
      },
      {
        "Aspect": "품질",
        "SentimentText": " 냄새도 거의없고 만족합니다!",
        "SentimentWord": "3",
        "SentimentPolarity": "1"
      }
    ]
  },
  {
    "Index": "37229",
    "RawText": "제품 파손 없이 꼼꼼하게 포장되어 와서 기분 좋아요~~  제품 보관할 천 보관주머니도 보내주셔서 좋고 첫 작동할때 냄새는 조금 있어 아쉽지만  엄청 따뜻해요^^ 올 겨울 잘 보낼게요^^",
    "Source": "쇼핑몰",
    "Domain": "가전",
    "MainCategory": "계절가전",
    "ProductName": "파세코 PKH-5100",
    "ReviewScore": "5",
    "Syllable": "103",
    "Word": "26",
    "RDate": "20220105",
    "Aspects": [
      {
        "Aspect": "제품구성",
        "SentimentText": "제품 보관할 천 보관주머니도 보내주셔서 좋고",
        "SentimentWord": "6",
        "SentimentPolarity": "1"
      },
      {
        "Aspect": "품질",
        "SentimentText": "첫 작동할때 냄새는 조금 있어 아쉽지만",
        "SentimentWord": "6",
        "SentimentPolarity": "0"
      },
      {
        "Aspect": "기능",
        "SentimentText": "엄청 따뜻해요^^ 올 겨울 잘 보낼게요^^",
        "SentimentWord": "6",
        "SentimentPolarity": "1"
      }
    ]
  },
  {
    "Index": "37231",
    "RawText": "좋은 가격에 구매해서 기분 좋습니다!  배송도 총알처럼 빠르게 도착해서 빨리 받아보니 좋았어요  다만 사은품으로 보내주신 가방은 좀 커서 아쉽네요",
    "Source": "쇼핑몰",
    "Domain": "가전",
    "MainCategory": "계절가전",
    "ProductName": "파세코 PKH-5100",
    "ReviewScore": "4",
    "Syllable": "81",
    "Word": "19",
    "RDate": "20220127",
    "Aspects": [
      {
        "Aspect": "가격",
        "SentimentText": "좋은 가격에 구매해서 기분 좋습니다!",
        "SentimentWord": "5",
        "SentimentPolarity": "1"
      },
      {
        "Aspect": "사이즈",
        "SentimentText": "다만 사은품으로 보내주신 가방은 좀 커서 아쉽네요",
        "SentimentWord": "7",
        "SentimentPolarity": "-1"
      }
    ]
  },
  {
    "Index": "37232",
    "RawText": "쿠폰 사용해서 저렴한 가격에 구매해서 좋습니다~ 다만 제조일이 최신이 아니라 좀 아쉽네요",
    "Source": "쇼핑몰",
    "Domain": "가전",
    "MainCategory": "계절가전",
    "ProductName": "파세코 PKH-5100",
    "ReviewScore": "5",
    "Syllable": "49",
    "Word": "12",
    "RDate": "20211104",
    "Aspects": [
      {
        "Aspect": "가격",
        "SentimentText": "쿠폰 사용해서 저렴한 가격에 구매해서 좋습니다~",
        "SentimentWord": "6",
        "SentimentPolarity": "1"
      },
      {
        "Aspect": "제조일/제조사",
        "SentimentText": "다만 제조일이 최신이 아니라 좀 아쉽네요",
        "SentimentWord": "6",
        "SentimentPolarity": "-1"
      }
    ]
  },
  {
    "Index": "37233",
    "RawText": "OOO 믿고 주문했는데 역시 실망시키지 않았네요^^  화력이 엄청납니다!! 너무 따뜻해서 대만족~",
    "Source": "쇼핑몰",
    "Domain": "가전",
    "MainCategory": "계절가전",
    "ProductName": "파세코 PKH-5100",
    "ReviewScore": "5",
    "Syllable": "54",
    "Word": "11",
    "RDate": "20210915",
    "Aspects": [
      {
        "Aspect": "제조일/제조사",
        "SentimentText": "OOO 믿고 주문했는데 역시 실망시키지 않았네요^^",
        "SentimentWord": "6",
        "SentimentPolarity": "1"
      },
      {
        "Aspect": "기능",
        "SentimentText": "화력이 엄청납니다!! 너무 따뜻해서 대만족~",
        "SentimentWord": "5",
        "SentimentPolarity": "1"
      }
    ]
  },
  {
    "Index": "37234",
    "RawText": "사려던 제품이 없어서 구입한건데 성능이 좋아 후끈해지네요   다만 제조일이 오래된점이 아쉽네요",
    "Source": "쇼핑몰",
    "Domain": "가전",
    "MainCategory": "계절가전",
    "ProductName": "파세코 PKH-5100",
    "ReviewScore": "5",
    "Syllable": "52",
    "Word": "11",
    "RDate": "20201117",
    "GeneralPolarity": "0",
    "Aspects": [
      {
        "Aspect": "기능",
        "SentimentText": "성능이 좋아 후끈해지네요",
        "SentimentWord": "3",
        "SentimentPolarity": "1"
      },
      {
        "Aspect": "제조일/제조사",
        "SentimentText": "다만 제조일이 오래된점이 아쉽네요",
        "SentimentWord": "4",
        "SentimentPolarity": "-1"
      }
    ]
  },
  {
    "Index": "37238",
    "RawText": "oo쇼핑에서 저렴한 가격에 득템해서 기분 좋아요  사이즈도 잘 맞아서 만족해요~",
    "Source": "쇼핑몰",
    "Domain": "가전",
    "MainCategory": "계절가전",
    "ProductName": "팬코일 그릴",
    "ReviewScore": "5",
    "Syllable": "44",
    "Word": "10",
    "RDate": "20160328",
    "Aspects": [
      {
        "Aspect": "가격",
        "SentimentText": "저렴한 가격에 득템해서 기분 좋아요",
        "SentimentWord": "5",
        "SentimentPolarity": "1"
      },
      {
        "Aspect": "사이즈",
        "SentimentText": "사이즈도 잘 맞아서 만족해요~",
        "SentimentWord": "4",
        "SentimentPolarity": "1"
      }
    ]
  },
  {
    "Index": "37239",
    "RawText": "기존제품에 사이즈가 잘 맞아서 괜찮네요  저렴한 가격에 득템해서 기분좋아요  배송도 빨리 와서 만족합니다!",
    "Source": "쇼핑몰",
    "Domain": "가전",
    "MainCategory": "계절가전",
    "ProductName": "팬코일 그릴",
    "ReviewScore": "5",
    "Syllable": "59",
    "Word": "13",
    "RDate": "20200606",
    "Aspects": [
      {
        "Aspect": "사이즈",
        "SentimentText": "기존제품에 사이즈가 잘 맞아서 괜찮네요",
        "SentimentWord": "5",
        "SentimentPolarity": "1"
      },
      {
        "Aspect": "가격",
        "SentimentText": "저렴한 가격에 득템해서 기분좋아요",
        "SentimentWord": "4",
        "SentimentPolarity": "1"
      }
    ]
  },
  {
    "Index": "37243",
    "RawText": "가장 세게 틀어야만 뜨거워서 아쉽네요  작아서 화력이 약해 큰방 사용은 비추해요 ",
    "Source": "쇼핑몰",
    "Domain": "가전",
    "MainCategory": "계절가전",
    "ProductName": "한양테크 HY-W500M",
    "ReviewScore": "5",
    "Syllable": "45",
    "Word": "11",
    "RDate": "20220331",
    "GeneralPolarity": "-1",
    "Aspects": [
      {
        "Aspect": "품질",
        "SentimentText": "가장 세게 틀어야만 뜨거워서 아쉽네요",
        "SentimentWord": "5",
        "SentimentPolarity": "-1"
      },
      {
        "Aspect": "기능",
        "SentimentText": "작아서 화력이 약해 큰방 사용은 비추해요",
        "SentimentWord": "6",
        "SentimentPolarity": "-1"
      }
    ]
  },
  {
    "Index": "37244",
    "RawText": "적은 전력으로 사용할 용도로 구매했는데 전력소모가 적어 정말 만족해요. 오랜시간 따뜻함이 유지되어 마음에 드네요.",
    "Source": "쇼핑몰",
    "Domain": "가전",
    "MainCategory": "계절가전",
    "ProductName": "한양테크 HY-W500M",
    "ReviewScore": "5",
    "Syllable": "63",
    "Word": "14",
    "RDate": "20211008",
    "GeneralPolarity": "1",
    "Aspects": [
      {
        "Aspect": "소비전력",
        "SentimentText": "적은 전력으로 사용할 용도로 구매했는데 전력소모가 적어 정말 만족해요. ",
        "SentimentWord": "9",
        "SentimentPolarity": "1"
      },
      {
        "Aspect": "품질",
        "SentimentText": "오랜시간 따뜻함이 유지되어 마음에 드네요.",
        "SentimentWord": "5",
        "SentimentPolarity": "1"
      }
    ]
  },
  {
    "Index": "37245",
    "RawText": "제품 크기가 작아서 좁은 공간에 두고 사용하기 좋네요! 실내 전체가 따뜻해서 사용하기 좋아요. ",
    "Source": "쇼핑몰",
    "Domain": "가전",
    "MainCategory": "계절가전",
    "ProductName": "한양테크 HY-W500M",
    "ReviewScore": "5",
    "Syllable": "53",
    "Word": "13",
    "RDate": "20211227",
    "Aspects": [
      {
        "Aspect": "사이즈",
        "SentimentText": "제품 크기가 작아서 좁은 공간에 두고 사용하기 좋네요!",
        "SentimentWord": "8",
        "SentimentPolarity": "1"
      },
      {
        "Aspect": "기능",
        "SentimentText": "실내 전체가 따뜻해서 사용하기 좋아요.",
        "SentimentWord": "5",
        "SentimentPolarity": "1"
      }
    ]
  },
  {
    "Index": "37248",
    "RawText": "화력이 좋아 방이 금방 훈훈해지네요  그런데 컬러감은 좀 더 다양한 색이 없어 아쉽네요.. ",
    "Source": "쇼핑몰",
    "Domain": "가전",
    "MainCategory": "계절가전",
    "ProductName": "한일전기 HEF-2280R 1개",
    "ReviewScore": "5",
    "Syllable": "51",
    "Word": "13",
    "RDate": "20211205",
    "GeneralPolarity": "0",
    "Aspects": [
      {
        "Aspect": "기능",
        "SentimentText": "화력이 좋아 방이 금방 훈훈해지네요",
        "SentimentWord": "5",
        "SentimentPolarity": "1"
      },
      {
        "Aspect": "색상",
        "SentimentText": "그런데 컬러감은 좀 더 다양한 색이 없어 아쉽네요..",
        "SentimentWord": "8",
        "SentimentPolarity": "-1"
      }
    ]
  },
  {
    "Index": "37249",
    "RawText": "디자인이 깔끔하니 마음에 듭니다. 배송도 빠른 편으로 만족해요. 따뜻한 바람의 세기가 좀 약해서 가끔은 춥네요.",
    "Source": "쇼핑몰",
    "Domain": "가전",
    "MainCategory": "계절가전",
    "ProductName": "한일전기 HEF-2280R 1개",
    "ReviewScore": "4",
    "Syllable": "62",
    "Word": "15",
    "RDate": "20211110",
    "Aspects": [
      {
        "Aspect": "디자인",
        "SentimentText": "디자인이 깔끔하니 마음에 듭니다.",
        "SentimentWord": "4",
        "SentimentPolarity": "1"
      },
      {
        "Aspect": "기능",
        "SentimentText": "따뜻한 바람의 세기가 좀 약해서 가끔은 춥네요.",
        "SentimentWord": "7",
        "SentimentPolarity": "-1"
      }
    ]
  },
  {
    "Index": "37250",
    "RawText": "배송이 빨라서 마음에 듭니다. 아담한 사이즈가 참 예뻐요. 소음이 작아 사용하는데 불편함 없이 만족하고요. 발열이 빨라서 좋네요.",
    "Source": "쇼핑몰",
    "Domain": "가전",
    "MainCategory": "계절가전",
    "ProductName": "한일전기 HEF-2280R 1개",
    "ReviewScore": "4",
    "Syllable": "72",
    "Word": "17",
    "RDate": "20211124",
    "Aspects": [
      {
        "Aspect": "사이즈",
        "SentimentText": "아담한 사이즈가 참 예뻐요.",
        "SentimentWord": "4",
        "SentimentPolarity": "1"
      },
      {
        "Aspect": "소음",
        "SentimentText": "소음이 작아 사용하는데 불편함 없이 만족하고요.",
        "SentimentWord": "6",
        "SentimentPolarity": "1"
      },
      {
        "Aspect": "기능",
        "SentimentText": "발열이 빨라서 좋네요.",
        "SentimentWord": "3",
        "SentimentPolarity": "1"
      }
    ]
  },
  {
    "Index": "37252",
    "RawText": "소음이 있지만 자기 전에 사용하면 사용하는데 불편함 없어요. 다만 냄새가 나서 잠 잘때 숨쉬기 힘들지만 따뜻함이 오래 지속되어 마음에 들어요.",
    "Source": "쇼핑몰",
    "Domain": "가전",
    "MainCategory": "계절가전",
    "ProductName": "한일전기 HEF-2280R 1개",
    "ReviewScore": "3",
    "Syllable": "79",
    "Word": "20",
    "RDate": "20211129",
    "GeneralPolarity": "0",
    "Aspects": [
      {
        "Aspect": "소음",
        "SentimentText": "소음이 있지만 자기 전에 사용하면 사용하는데 불편함 없어요.",
        "SentimentWord": "8",
        "SentimentPolarity": "0"
      },
      {
        "Aspect": "품질",
        "SentimentText": "냄새가 나서 잠 잘때 숨쉬기 힘들지만",
        "SentimentWord": "6",
        "SentimentPolarity": "-1"
      },
      {
        "Aspect": "기능",
        "SentimentText": "따뜻함이 오래 지속되어 마음에 들어요. ",
        "SentimentWord": "5",
        "SentimentPolarity": "1"
      }
    ]
  },
  {
    "Index": "37253",
    "RawText": "따뜻한 바람이 바로 나와 훈훈해지니 좋네요~^^  냄새는 좀 있지만 바로 사라지니 괜찮네요",
    "Source": "쇼핑몰",
    "Domain": "가전",
    "MainCategory": "계절가전",
    "ProductName": "한일전기 HEF-2280R 1개",
    "ReviewScore": "4",
    "Syllable": "50",
    "Word": "12",
    "RDate": "20211201",
    "GeneralPolarity": "1",
    "Aspects": [
      {
        "Aspect": "기능",
        "SentimentText": "따뜻한 바람이 바로 나와 훈훈해지니 좋네요~^^",
        "SentimentWord": "6",
        "SentimentPolarity": "1"
      },
      {
        "Aspect": "품질",
        "SentimentText": "냄새는 좀 있지만 바로 사라지니 괜찮네요",
        "SentimentWord": "6",
        "SentimentPolarity": "0"
      }
    ]
  },
  {
    "Index": "37254",
    "RawText": "냄새는 조금 있어서 아쉽지만  회전기능도 있어서 바람이 곳곳에 퍼져 좋아요  소음도 없이 조용해서 만족합니다",
    "Source": "쇼핑몰",
    "Domain": "가전",
    "MainCategory": "계절가전",
    "ProductName": "한일전기 HEF-2280R 1개",
    "ReviewScore": "5",
    "Syllable": "60",
    "Word": "14",
    "RDate": "20220111",
    "GeneralPolarity": "1",
    "Aspects": [
      {
        "Aspect": "품질",
        "SentimentText": "냄새는 조금 있어서 아쉽지만",
        "SentimentWord": "4",
        "SentimentPolarity": "0"
      },
      {
        "Aspect": "기능",
        "SentimentText": "회전기능도 있어서 바람이 곳곳에 퍼져 좋아요",
        "SentimentWord": "6",
        "SentimentPolarity": "1"
      },
      {
        "Aspect": "소음",
        "SentimentText": "소음도 없이 조용해서 만족합니다",
        "SentimentWord": "4",
        "SentimentPolarity": "1"
      }
    ]
  },
  {
    "Index": "37255",
    "RawText": "발열이 잘 되서 마음에 들어요. 전원을 켜면 소음이 커서 이웃들에게 피해가 갈까 걱정이 되요. ",
    "Source": "쇼핑몰",
    "Domain": "가전",
    "MainCategory": "계절가전",
    "ProductName": "한일전기 HEF-605 일반구매",
    "ReviewScore": "5",
    "Syllable": "53",
    "Word": "14",
    "RDate": "20200129",
    "GeneralPolarity": "0",
    "Aspects": [
      {
        "Aspect": "기능",
        "SentimentText": "발열이 잘 되서 마음에 들어요.",
        "SentimentWord": "5",
        "SentimentPolarity": "1"
      },
      {
        "Aspect": "소음",
        "SentimentText": "전원을 켜면 소음이 커서 이웃들에게 피해가 갈까 걱정이 되요.",
        "SentimentWord": "9",
        "SentimentPolarity": "-1"
      }
    ]
  },
  {
    "Index": "37256",
    "RawText": "가격대비 무난해요~  풍량 조절하는 기능이 있었으면 더 좋았을걸... 아쉽네요 ㅠ",
    "Source": "쇼핑몰",
    "Domain": "가전",
    "MainCategory": "계절가전",
    "ProductName": "한일전기 HEF-605 일반구매",
    "ReviewScore": "4",
    "Syllable": "45",
    "Word": "10",
    "RDate": "20201216",
    "GeneralPolarity": "0",
    "Aspects": [
      {
        "Aspect": "가격",
        "SentimentText": "가격대비 무난해요~",
        "SentimentWord": "2",
        "SentimentPolarity": "0"
      },
      {
        "Aspect": "기능",
        "SentimentText": "풍량 조절하는 기능이 있었으면 더 좋았을걸... 아쉽네요 ㅠ",
        "SentimentWord": "8",
        "SentimentPolarity": "0"
      }
    ]
  },
  {
    "Index": "37257",
    "RawText": "제품 가격 저렴해서 좋아요.  제품 크기에 비해 엄청 따뜻해 잘 샀어요.. 성능 굿~!  예상보다 제품 배송도 엄청 빨라서 만족합니다.",
    "Source": "쇼핑몰",
    "Domain": "가전",
    "MainCategory": "계절가전",
    "ProductName": "한일전기 HEF-605 일반구매",
    "ReviewScore": "5",
    "Syllable": "75",
    "Word": "19",
    "RDate": "20211215",
    "Aspects": [
      {
        "Aspect": "가격",
        "SentimentText": "제품 가격 저렴해서 좋아요. ",
        "SentimentWord": "4",
        "SentimentPolarity": "1"
      },
      {
        "Aspect": "기능",
        "SentimentText": "제품 크기에 비해 엄청 따뜻해 잘 샀어요.. 성능 굿~! ",
        "SentimentWord": "9",
        "SentimentPolarity": "1"
      }
    ]
  },
  {
    "Index": "37258",
    "RawText": "제품 가성비 무척 좋네요.  캠핑할때 이너텐트용으로 구입했는데 예상보다 성능이 좋아 만족해요. 잘 사용할게요. ~!",
    "Source": "쇼핑몰",
    "Domain": "가전",
    "MainCategory": "계절가전",
    "ProductName": "한일전기 HEF-605 일반구매",
    "ReviewScore": "5",
    "Syllable": "64",
    "Word": "14",
    "RDate": "20211111",
    "GeneralPolarity": "1",
    "Aspects": [
      {
        "Aspect": "가격",
        "SentimentText": "제품 가성비 무척 좋네요. ",
        "SentimentWord": "4",
        "SentimentPolarity": "1"
      },
      {
        "Aspect": "기능",
        "SentimentText": "캠핑할때 이너텐트용으로 구입했는데 예상보다 성능이 좋아 만족해요. 잘 사용할게요. ~! ",
        "SentimentWord": "10",
        "SentimentPolarity": "1"
      }
    ]
  },
  {
    "Index": "37259",
    "RawText": "제품 온도 강약 조절이 안되니 사용할때 참 불편합니다. ㅜ  그 외에는 전체적인 제품 품질은 만족합니다.",
    "Source": "쇼핑몰",
    "Domain": "가전",
    "MainCategory": "계절가전",
    "ProductName": "한일전기 HEF-605 일반구매",
    "ReviewScore": "5",
    "Syllable": "58",
    "Word": "15",
    "RDate": "20210127",
    "GeneralPolarity": "0",
    "Aspects": [
      {
        "Aspect": "조작성",
        "SentimentText": "제품 온도 강약 조절이 안되니 사용할때 참 불편합니다. ㅜ ",
        "SentimentWord": "9",
        "SentimentPolarity": "-1"
      },
      {
        "Aspect": "품질",
        "SentimentText": "그 외에는 전체적인 제품 품질은 만족합니다. ",
        "SentimentWord": "6",
        "SentimentPolarity": "1"
      }
    ]
  },
  {
    "Index": "37260",
    "RawText": "강아지 사용하라고 구입했는데 제품 작동시키면 자꾸 짖어대서 제가 써요.  제품 성능은 무척 따뜻하고 좋습니다.  또 제품이 옆으로 기울어지면 바로 꺼지는 기능이 있어 무척 안전하고 만족스러워요^^",
    "Source": "쇼핑몰",
    "Domain": "가전",
    "MainCategory": "계절가전",
    "ProductName": "한일전기 HEF-605 일반구매",
    "ReviewScore": "5",
    "Syllable": "109",
    "Word": "25",
    "RDate": "20191215",
    "GeneralPolarity": "1",
    "Aspects": [
      {
        "Aspect": "기능",
        "SentimentText": "제품 성능은 무척 따뜻하고 좋습니다. ",
        "SentimentWord": "5",
        "SentimentPolarity": "1"
      },
      {
        "Aspect": "기능",
        "SentimentText": "제품이 옆으로 기울어지면 바로 꺼지는 기능이 있어 무척 안전하고 만족스러워요^^ ",
        "SentimentWord": "10",
        "SentimentPolarity": "1"
      }
    ]
  },
  {
    "Index": "37262",
    "RawText": "제품 성능 좋아서 굉장히 따뜻하고 좋고 전원 누르면 금새 방안이 따뜻해져요. ~! ^^ 다만 온도 강/약 조절이 안되어서 사용시 불편합니다. ㅜ",
    "Source": "쇼핑몰",
    "Domain": "가전",
    "MainCategory": "계절가전",
    "ProductName": "한일전기 HEF-605 일반구매",
    "ReviewScore": "5",
    "Syllable": "80",
    "Word": "21",
    "RDate": "20191204",
    "GeneralPolarity": "0",
    "Aspects": [
      {
        "Aspect": "기능",
        "SentimentText": "제품 성능 좋아서 굉장히 따뜻하고 좋고 전원 누르면 금새 방안이 따뜻해져요. ~! ^^",
        "SentimentWord": "13",
        "SentimentPolarity": "1"
      },
      {
        "Aspect": "조작성",
        "SentimentText": "다만 온도 강/약 조절이 안되어서 사용시 불편합니다. ㅜ ",
        "SentimentWord": "8",
        "SentimentPolarity": "-1"
      }
    ]
  },
  {
    "Index": "37264",
    "RawText": "책상아래에 제품 두고 사용하는데 다리가 따뜻해지고 좋네요. 성능 굿~ 다만 온도 조절이 안되는게 불편해요.  제품 사용시 소음은 약간 나서 거슬려요. ㅜ  가격 저렴하게 구입해서 만족해요.",
    "Source": "쇼핑몰",
    "Domain": "가전",
    "MainCategory": "계절가전",
    "ProductName": "한일전기 HEF-605 일반구매",
    "ReviewScore": "4",
    "Syllable": "105",
    "Word": "25",
    "RDate": "20191107",
    "GeneralPolarity": "0",
    "Aspects": [
      {
        "Aspect": "기능",
        "SentimentText": "책상아래에 제품 두고 사용하는데 다리가 따뜻해지고 좋네요. 성능 굿~",
        "SentimentWord": "9",
        "SentimentPolarity": "1"
      },
      {
        "Aspect": "조작성",
        "SentimentText": "다만 온도 조절이 안되는게 불편해요. ",
        "SentimentWord": "5",
        "SentimentPolarity": "-1"
      },
      {
        "Aspect": "소음",
        "SentimentText": "제품 사용시 소음은 약간 나서 거슬려요. ㅜ ",
        "SentimentWord": "7",
        "SentimentPolarity": "-1"
      },
      {
        "Aspect": "가격",
        "SentimentText": "가격 저렴하게 구입해서 만족해요. ",
        "SentimentWord": "4",
        "SentimentPolarity": "1"
      }
    ]
  },
  {
    "Index": "37265",
    "RawText": "제품 강약 조절 기능이 없어서 사용시 불편합니다. ㅜ  제품 디자인은 아담하고 앙증맞아 예뻐요. ~ 굿~! 제품 소리는 조용한 편이라 만족합니다.  소비전력 600W라 전기세 부담도 없어 좋네요.  ",
    "Source": "쇼핑몰",
    "Domain": "가전",
    "MainCategory": "계절가전",
    "ProductName": "한일전기 HEF-605 일반구매",
    "ReviewScore": "4",
    "Syllable": "111",
    "Word": "26",
    "RDate": "20201224",
    "GeneralPolarity": "0",
    "Aspects": [
      {
        "Aspect": "기능",
        "SentimentText": "제품 강약 조절 기능이 없어서 사용시 불편합니다. ㅜ ",
        "SentimentWord": "8",
        "SentimentPolarity": "-1"
      },
      {
        "Aspect": "디자인",
        "SentimentText": "제품 디자인은 아담하고 앙증맞아 예뻐요. ~ 굿~!",
        "SentimentWord": "7",
        "SentimentPolarity": "1"
      },
      {
        "Aspect": "소음",
        "SentimentText": "제품 소리는 조용한 편이라 만족합니다. ",
        "SentimentWord": "5",
        "SentimentPolarity": "1"
      },
      {
        "Aspect": "소비전력",
        "SentimentText": "소비전력 600W라 전기세 부담도 없어 좋네요. ",
        "SentimentWord": "6",
        "SentimentPolarity": "1"
      }
    ]
  },
  {
    "Index": "37266",
    "RawText": "제품 전원켜면 금새 따뜻한 바람이 나와 좋습니다. 성능 굿 다만 타이머 기능이 없어서 사용할때 불편하네요.  개인적인 바램은 가격을 조금 올리더라도 타이머 기능이 추가되었으면 좋겠네요.  깜박하고 켜 놓은채 외출할 수 있어서요.",
    "Source": "쇼핑몰",
    "Domain": "가전",
    "MainCategory": "계절가전",
    "ProductName": "한일전기 HEF-605 일반구매",
    "ReviewScore": "4",
    "Syllable": "127",
    "Word": "30",
    "RDate": "20211024",
    "GeneralPolarity": "0",
    "Aspects": [
      {
        "Aspect": "기능",
        "SentimentText": "제품 전원켜면 금새 따뜻한 바람이 나와 좋습니다. 성능 굿",
        "SentimentWord": "9",
        "SentimentPolarity": "1"
      },
      {
        "Aspect": "기능",
        "SentimentText": "타이머 기능이 없어서 사용할때 불편하네요. ",
        "SentimentWord": "5",
        "SentimentPolarity": "-1"
      }
    ]
  },
  {
    "Index": "37267",
    "RawText": "제품 온도조절 기능이 없어서 아쉽네요ㅠ  소음은 없어서 좋아요^^",
    "Source": "쇼핑몰",
    "Domain": "가전",
    "MainCategory": "계절가전",
    "ProductName": "한일전기 HEF-605 일반구매",
    "ReviewScore": "4",
    "Syllable": "36",
    "Word": "8",
    "RDate": "20220115",
    "Aspects": [
      {
        "Aspect": "기능",
        "SentimentText": "제품 온도조절 기능이 없어서 아쉽네요ㅠ",
        "SentimentWord": "5",
        "SentimentPolarity": "-1"
      },
      {
        "Aspect": "소음",
        "SentimentText": "소음은 없어서 좋아요^^",
        "SentimentWord": "3",
        "SentimentPolarity": "1"
      }
    ]
  },
  {
    "Index": "37268",
    "RawText": "처음 작동시 탄냄새가 나서 별로예요ㅠ 사이즈는 작은 편으로 적당히 쓸만 합니다.",
    "Source": "쇼핑몰",
    "Domain": "가전",
    "MainCategory": "계절가전",
    "ProductName": "한일전기 HEF-605 일반구매",
    "ReviewScore": "3",
    "Syllable": "44",
    "Word": "11",
    "RDate": "20211015",
    "Aspects": [
      {
        "Aspect": "품질",
        "SentimentText": "처음 작동시 탄냄새가 나서 별로예요ㅠ ",
        "SentimentWord": "5",
        "SentimentPolarity": "-1"
      },
      {
        "Aspect": "사이즈",
        "SentimentText": "사이즈는 작은 편으로 적당히 쓸만 합니다.",
        "SentimentWord": "6",
        "SentimentPolarity": "0"
      }
    ]
  },
  {
    "Index": "37269",
    "RawText": "사무실 공기가 따뜻해져서 만족합니다!  제품 디자인도 귀엽고 예쁘네요~^^",
    "Source": "쇼핑몰",
    "Domain": "가전",
    "MainCategory": "계절가전",
    "ProductName": "한일전기 HEF-605 일반구매",
    "ReviewScore": "5",
    "Syllable": "41",
    "Word": "8",
    "RDate": "20210405",
    "Aspects": [
      {
        "Aspect": "기능",
        "SentimentText": "사무실 공기가 따뜻해져서 만족합니다!",
        "SentimentWord": "4",
        "SentimentPolarity": "1"
      },
      {
        "Aspect": "디자인",
        "SentimentText": "제품 디자인도 귀엽고 예쁘네요~^^",
        "SentimentWord": "4",
        "SentimentPolarity": "1"
      }
    ]
  },
  {
    "Index": "37270",
    "RawText": "엄청 빠른 배송에 만족해요. 포장 상태가 너무 부실해요... ㅜㅜ 그래도 제품은 아무이상 없이 잘 작동하네요. 이동용 손잡이가 있는데 많이 부실해서 금방 떨어질것 같네요",
    "Source": "쇼핑몰",
    "Domain": "가전",
    "MainCategory": "계절가전",
    "ProductName": "한일전기 HEF-605 일반구매",
    "ReviewScore": "4",
    "Syllable": "94",
    "Word": "23",
    "RDate": "20191204",
    "Aspects": [
      {
        "Aspect": "내구성",
        "SentimentText": "이동용 손잡이가 있는데 많이 부실해서 금방 떨어질것 같네요",
        "SentimentWord": "8",
        "SentimentPolarity": "-1"
      },
      {
        "Aspect": "품질",
        "SentimentText": "제품은 아무이상 없이 잘 작동하네요.",
        "SentimentWord": "5",
        "SentimentPolarity": "1"
      }
    ]
  },
  {
    "Index": "37271",
    "RawText": "배송이 정말 빨라서 마음에 드네요. 제품도 생각보다 조용해서 굿~ 자동차 같은 좁은 공간에서 활용하기 편리합니다.",
    "Source": "쇼핑몰",
    "Domain": "가전",
    "MainCategory": "계절가전",
    "ProductName": "한일전기 HEF-605 일반구매",
    "ReviewScore": "5",
    "Syllable": "63",
    "Word": "15",
    "RDate": "20220104",
    "Aspects": [
      {
        "Aspect": "소음",
        "SentimentText": " 생각보다 조용해서 굿~",
        "SentimentWord": "3",
        "SentimentPolarity": "1"
      },
      {
        "Aspect": "편의성",
        "SentimentText": "좁은 공간에서 활용하기 편리합니다.",
        "SentimentWord": "4",
        "SentimentPolarity": "1"
      }
    ]
  },
  {
    "Index": "37273",
    "RawText": "생각보다 따뜻하지 않아서 실망했어요ㅠ 사용법도 어려워서 쓰기 싫어지네요 .....",
    "Source": "쇼핑몰",
    "Domain": "가전",
    "MainCategory": "계절가전",
    "ProductName": "한일전기 HEF-605 일반구매",
    "ReviewScore": "2",
    "Syllable": "45",
    "Word": "9",
    "RDate": "20201201",
    "Aspects": [
      {
        "Aspect": "기능",
        "SentimentText": "생각보다 따뜻하지 않아서 실망했어요ㅠ ",
        "SentimentWord": "4",
        "SentimentPolarity": "-1"
      },
      {
        "Aspect": "조작성",
        "SentimentText": "사용법도 어려워서 쓰기 싫어지네요 .....",
        "SentimentWord": "5",
        "SentimentPolarity": "-1"
      }
    ]
  },
  {
    "Index": "37274",
    "RawText": "소음은 보통이나 소리에 대한 거슬림은 별로 없습니다. 테이블 밑에서 사용하기 편리한 작은 사이즈라 맘에 듭니다. 전원은 발로 톡 키면 금방 훈훈해져서 좋아요.",
    "Source": "쇼핑몰",
    "Domain": "가전",
    "MainCategory": "계절가전",
    "ProductName": "한일전기 HEF-605 일반구매",
    "ReviewScore": "5",
    "Syllable": "88",
    "Word": "22",
    "RDate": "20191129",
    "GeneralPolarity": "1",
    "Aspects": [
      {
        "Aspect": "소음",
        "SentimentText": "소음은 보통이나 소리에 대한 거슬림은 별로 없습니다.",
        "SentimentWord": "7",
        "SentimentPolarity": "0"
      },
      {
        "Aspect": "사이즈",
        "SentimentText": "테이블 밑에서 사용하기 편리한 작은 사이즈라 맘에 듭니다.",
        "SentimentWord": "8",
        "SentimentPolarity": "1"
      },
      {
        "Aspect": "기능",
        "SentimentText": "전원은 발로 톡 키면 금방 훈훈해져서 좋아요.",
        "SentimentWord": "7",
        "SentimentPolarity": "1"
      }
    ]
  },
  {
    "Index": "37275",
    "RawText": "보온성이 탁월해서 사무실 책상밑에 놓고 사용하기에 좋습니다.. 소음이 적은편이라 귀에 거슬림 없어요~~",
    "Source": "쇼핑몰",
    "Domain": "가전",
    "MainCategory": "계절가전",
    "ProductName": "한일전기 HEF-605 일반구매",
    "ReviewScore": "5",
    "Syllable": "57",
    "Word": "12",
    "RDate": "20201101",
    "GeneralPolarity": "1",
    "Aspects": [
      {
        "Aspect": "기능",
        "SentimentText": "보온성이 탁월해서 사무실 책상밑에 놓고 사용하기에 좋습니다..",
        "SentimentWord": "7",
        "SentimentPolarity": "1"
      },
      {
        "Aspect": "소음",
        "SentimentText": "소음이 적은편이라 귀에 거슬림 없어요~~",
        "SentimentWord": "5",
        "SentimentPolarity": "1"
      }
    ]
  },
  {
    "Index": "37276",
    "RawText": "전원을 켜자마자 바로 따뜻한 바람이 나와서 사무실에 출근해서 사용하기 편리해요~ 책상 아래 발치에 놓고 사용하기에 전원을 켜고 끄는 것도 편리하네요~~",
    "Source": "쇼핑몰",
    "Domain": "가전",
    "MainCategory": "계절가전",
    "ProductName": "한일전기 HEF-605 일반구매",
    "ReviewScore": "5",
    "Syllable": "84",
    "Word": "20",
    "RDate": "20210104",
    "GeneralPolarity": "1",
    "Aspects": [
      {
        "Aspect": "시간/속도",
        "SentimentText": "전원을 켜자마자 바로 따뜻한 바람이 나와서 사무실에 출근해서 사용하기 편리해요~",
        "SentimentWord": "10",
        "SentimentPolarity": "1"
      },
      {
        "Aspect": "조작성",
        "SentimentText": "책상 아래 발치에 놓고 사용하기에 전원을 켜고 끄는 것도 편리하네요~~",
        "SentimentWord": "10",
        "SentimentPolarity": "1"
      }
    ]
  },
  {
    "Index": "37277",
    "RawText": "아담한 사이즈가 마음에 꼭 들어요. 이동시 운반이 편리해서 캠핑 즐기기 정말 좋아요.",
    "Source": "쇼핑몰",
    "Domain": "가전",
    "MainCategory": "계절가전",
    "ProductName": "한일전기 HEF-605 일반구매",
    "ReviewScore": "5",
    "Syllable": "47",
    "Word": "12",
    "RDate": "20201116",
    "GeneralPolarity": "1",
    "Aspects": [
      {
        "Aspect": "사이즈",
        "SentimentText": "아담한 사이즈가 마음에 꼭 들어요.",
        "SentimentWord": "5",
        "SentimentPolarity": "1"
      },
      {
        "Aspect": "편의성",
        "SentimentText": "이동시 운반이 편리해서 캠핑 즐기기 정말 좋아요.",
        "SentimentWord": "7",
        "SentimentPolarity": "1"
      }
    ]
  },
  {
    "Index": "37279",
    "RawText": "크기가 생각보단 더 작지만 깜찍해서 귀여워요.  열전도율이 높아서 사용하기 좋아요.",
    "Source": "쇼핑몰",
    "Domain": "가전",
    "MainCategory": "계절가전",
    "ProductName": "한일전기 HEF-605 일반구매",
    "ReviewScore": "5",
    "Syllable": "46",
    "Word": "10",
    "RDate": "20211028",
    "GeneralPolarity": "1",
    "Aspects": [
      {
        "Aspect": "사이즈",
        "SentimentText": "크기가 생각보단 더 작지만 깜찍해서 귀여워요.",
        "SentimentWord": "6",
        "SentimentPolarity": "1"
      },
      {
        "Aspect": "기능",
        "SentimentText": " 열전도율이 높아서 사용하기 좋아요.",
        "SentimentWord": "4",
        "SentimentPolarity": "1"
      }
    ]
  },
  {
    "Index": "37280",
    "RawText": "냄새가 살짝 나서 숨쉬기가 힘들어요. 전원을 켜자마자 따뜻한 바람이 나와서 빠르게 공기를 데울 수 있어요.",
    "Source": "쇼핑몰",
    "Domain": "가전",
    "MainCategory": "계절가전",
    "ProductName": "한일전기 HEF-605 일반구매",
    "ReviewScore": "5",
    "Syllable": "59",
    "Word": "15",
    "RDate": "20210117",
    "GeneralPolarity": "0",
    "Aspects": [
      {
        "Aspect": "품질",
        "SentimentText": "냄새가 살짝 나서 숨쉬기가 힘들어요.",
        "SentimentWord": "5",
        "SentimentPolarity": "-1"
      },
      {
        "Aspect": "시간/속도",
        "SentimentText": "전원을 켜자마자 따뜻한 바람이 나와서 빠르게 공기를 데울 수 있어요.",
        "SentimentWord": "10",
        "SentimentPolarity": "1"
      }
    ]
  },
  {
    "Index": "37281",
    "RawText": "사용법이 편리해서 항상 사용하고 있는 제품이라 만족하며 재구매 했어요. 가격은 올랐지만 쿠폰 사용해서 저렴하게 구입해서 뿌듯하네요.",
    "Source": "쇼핑몰",
    "Domain": "가전",
    "MainCategory": "계절가전",
    "ProductName": "한일전기 HEF-605 일반구매",
    "ReviewScore": "5",
    "Syllable": "73",
    "Word": "16",
    "RDate": "20201123",
    "GeneralPolarity": "1",
    "Aspects": [
      {
        "Aspect": "조작성",
        "SentimentText": "사용법이 편리해서 항상 사용하고 있는 제품이라 만족하며 재구매 했어요.",
        "SentimentWord": "9",
        "SentimentPolarity": "1"
      },
      {
        "Aspect": "가격",
        "SentimentText": "쿠폰 사용해서 저렴하게 구입해서 뿌듯하네요.",
        "SentimentWord": "5",
        "SentimentPolarity": "1"
      }
    ]
  },
  {
    "Index": "37282",
    "RawText": "발열감이 생각했던 것 보다 많이 약해서 구입한게 후회되네요. 전기세가 정말 많이 나와서 앞으로가 걱정이네요.",
    "Source": "쇼핑몰",
    "Domain": "가전",
    "MainCategory": "계절가전",
    "ProductName": "한일전기 HEF-605 일반구매",
    "ReviewScore": "3",
    "Syllable": "60",
    "Word": "14",
    "RDate": "20201209",
    "GeneralPolarity": "-1",
    "Aspects": [
      {
        "Aspect": "기능",
        "SentimentText": "발열감이 생각했던 것 보다 많이 약해서 구입한게 후회되네요.",
        "SentimentWord": "8",
        "SentimentPolarity": "-1"
      },
      {
        "Aspect": "소비전력",
        "SentimentText": "전기세가 정말 많이 나와서 앞으로가 걱정이네요.",
        "SentimentWord": "6",
        "SentimentPolarity": "-1"
      }
    ]
  },
  {
    "Index": "37283",
    "RawText": "생각했던 것보다 작아서 당황했지만 욕실이 추운데 켜두니 따뜻한 바람이 잘 나와서 잘 쓰고 있습니다.",
    "Source": "쇼핑몰",
    "Domain": "가전",
    "MainCategory": "계절가전",
    "ProductName": "한일전기 HEF-605 일반구매",
    "ReviewScore": "4",
    "Syllable": "55",
    "Word": "14",
    "RDate": "20220109",
    "GeneralPolarity": "0",
    "Aspects": [
      {
        "Aspect": "사이즈",
        "SentimentText": "생각했던 것보다 작아서 당황했지만 ",
        "SentimentWord": "4",
        "SentimentPolarity": "-1"
      },
      {
        "Aspect": "기능",
        "SentimentText": "욕실이 추운데 켜두니 따뜻한 바람이 잘 나와서 잘 쓰고 있습니다",
        "SentimentWord": "10",
        "SentimentPolarity": "1"
      }
    ]
  },
  {
    "Index": "37284",
    "RawText": "욕실 공기가 따뜻해서 춥지않게 잘 사용하고 있어요. 전원을 켜면 온풍이 바로 나와서 아주 만족합니다.",
    "Source": "쇼핑몰",
    "Domain": "가전",
    "MainCategory": "계절가전",
    "ProductName": "한일전기 HEF-605 일반구매",
    "ReviewScore": "5",
    "Syllable": "56",
    "Word": "14",
    "RDate": "20191226",
    "GeneralPolarity": "1",
    "Aspects": [
      {
        "Aspect": "기능",
        "SentimentText": "욕실 공기가 따뜻해서 춥지않게 잘 사용하고 있어요.",
        "SentimentWord": "7",
        "SentimentPolarity": "1"
      },
      {
        "Aspect": "시간/속도",
        "SentimentText": "전원을 켜면 온풍이 바로 나와서 아주 만족합니다.",
        "SentimentWord": "7",
        "SentimentPolarity": "1"
      }
    ]
  },
  {
    "Index": "37285",
    "RawText": "발은 따뜻하나 온도 조절 기능이 없어서 아쉽네요. 소음이 작은 점은 마음에 듭니다. 크기도 적당해서 만족합니다.",
    "Source": "쇼핑몰",
    "Domain": "가전",
    "MainCategory": "계절가전",
    "ProductName": "한일전기 HEF-605 일반구매",
    "ReviewScore": "4",
    "Syllable": "62",
    "Word": "15",
    "RDate": "20210106",
    "GeneralPolarity": "0",
    "Aspects": [
      {
        "Aspect": "기능",
        "SentimentText": "온도 조절 기능이 없어서 아쉽네요.",
        "SentimentWord": "5",
        "SentimentPolarity": "-1"
      },
      {
        "Aspect": "소음",
        "SentimentText": "소음이 작은 점은 마음에 듭니다.",
        "SentimentWord": "5",
        "SentimentPolarity": "1"
      },
      {
        "Aspect": "사이즈",
        "SentimentText": "크기도 적당해서 만족합니다.",
        "SentimentWord": "3",
        "SentimentPolarity": "1"
      }
    ]
  },
  {
    "Index": "37286",
    "RawText": "뜨거운 바람은 잘 나오나 바람 세기가 약한지 따뜻한 바람이 먼 곳까지 전달되지 않아서 그 부분이 아쉽네요. 소음은 보통이라 크게 거슬리지 않아요.",
    "Source": "쇼핑몰",
    "Domain": "가전",
    "MainCategory": "계절가전",
    "ProductName": "한일전기 HEF-605 일반구매",
    "ReviewScore": "4",
    "Syllable": "81",
    "Word": "21",
    "RDate": "20200121",
    "GeneralPolarity": "0",
    "Aspects": [
      {
        "Aspect": "기능",
        "SentimentText": "뜨거운 바람은 잘 나오나 바람 세기가 약한지 따뜻한 바람이 먼 곳까지 전달되지 않아서 그 부분이 아쉽네요.",
        "SentimentWord": "16",
        "SentimentPolarity": "0"
      },
      {
        "Aspect": "소음",
        "SentimentText": "소음은 보통이라 크게 거슬리지 않아요.",
        "SentimentWord": "5",
        "SentimentPolarity": "0"
      }
    ]
  },
  {
    "Index": "37287",
    "RawText": "제품 사용시 소음이 있는 편이라 좀 불편합니다. ㅜ 제품도 가까이 있어야 따뜻한 정도라 성능에 대한 만족도는 보통이에요.  다만 가격이 무척 저렴한 편이라 가성비 부분은 좋습니다.. ~!",
    "Source": "쇼핑몰",
    "Domain": "가전",
    "MainCategory": "계절가전",
    "ProductName": "한일전기 HEF-605 일반구매",
    "ReviewScore": "4",
    "Syllable": "104",
    "Word": "26",
    "RDate": "20210321",
    "GeneralPolarity": "0",
    "Aspects": [
      {
        "Aspect": "소음",
        "SentimentText": "제품 사용시 소음이 있는 편이라 좀 불편합니다. ㅜ",
        "SentimentWord": "8",
        "SentimentPolarity": "-1"
      },
      {
        "Aspect": "기능",
        "SentimentText": "제품도 가까이 있어야 따뜻한 정도라 성능에 대한 만족도는 보통이에요. ",
        "SentimentWord": "9",
        "SentimentPolarity": "0"
      },
      {
        "Aspect": "가격",
        "SentimentText": "다만 가격이 무척 저렴한 편이라 가성비 부분은 좋습니다.. ~! ",
        "SentimentWord": "9",
        "SentimentPolarity": "1"
      }
    ]
  },
  {
    "Index": "37288",
    "RawText": "제품 소음이 큰편이라 조용한 사무실이나 함께 일하는 직원이 예민하다면 추천하지 않습니다. 소음은 아쉬워요. ㅜ  제품 사이즈가 무척 작아서 책상아래 두고 사용하면 따뜻하니 좋아요.. 만족해요~",
    "Source": "쇼핑몰",
    "Domain": "가전",
    "MainCategory": "계절가전",
    "ProductName": "한일전기 HEF-605 일반구매",
    "ReviewScore": "5",
    "Syllable": "107",
    "Word": "24",
    "RDate": "20191216",
    "GeneralPolarity": "0",
    "Aspects": [
      {
        "Aspect": "소음",
        "SentimentText": "제품 소음이 큰편이라 조용한 사무실이나 함께 일하는 직원이 예민하다면 추천하지 않습니다. 소음은 아쉬워요. ㅜ ",
        "SentimentWord": "14",
        "SentimentPolarity": "-1"
      },
      {
        "Aspect": "사이즈",
        "SentimentText": "제품 사이즈가 무척 작아서 책상아래 두고 사용하면 따뜻하니 좋아요.. 만족해요~",
        "SentimentWord": "10",
        "SentimentPolarity": "1"
      }
    ]
  },
  {
    "Index": "37289",
    "RawText": "제품 소음이 약간 있지만, 생활하며 신경쓰일정도는 아니라 괜찮습니다.  제품 켜면 금새 따뜻해져서 좋아요.  다만 온도조절이 안되는 점이 불편하고 아쉬워요. ㅜ   제품박스 자체로 배송되었는데 박스 안 포장이 우수해서 파손없이 잘 도착해 좋았어요. . 함께 온 제품수납가방도 아주 편리하고 좋아요.~! 굿~!",
    "Source": "쇼핑몰",
    "Domain": "가전",
    "MainCategory": "계절가전",
    "ProductName": "한일전기 HEF-605 일반구매",
    "ReviewScore": "4",
    "Syllable": "172",
    "Word": "39",
    "RDate": "20211109",
    "Aspects": [
      {
        "Aspect": "소음",
        "SentimentText": "제품 소음이 약간 있지만, 생활하며 신경쓰일정도는 아니라 괜찮습니다. ",
        "SentimentWord": "8",
        "SentimentPolarity": "0"
      },
      {
        "Aspect": "기능",
        "SentimentText": "제품 켜면 금새 따뜻해져서 좋아요. ",
        "SentimentWord": "5",
        "SentimentPolarity": "1"
      },
      {
        "Aspect": "조작성",
        "SentimentText": "다만 온도조절이 안되는 점이 불편하고 아쉬워요. ㅜ  ",
        "SentimentWord": "7",
        "SentimentPolarity": "-1"
      },
      {
        "Aspect": "제품구성",
        "SentimentText": "함께 온 제품수납가방도 아주 편리하고 좋아요.~! 굿~! ",
        "SentimentWord": "7",
        "SentimentPolarity": "1"
      }
    ]
  },
  {
    "Index": "37290",
    "RawText": "걱정했던 제품 소음이 사용해보니 크지 않아서 제일 만족하는 부분이에요. ^^  딸방에서 사용해보니 작지만 성능이 우수해 방 전체가 아주 훈훈해져 좋네요... 잘샀어요~",
    "Source": "쇼핑몰",
    "Domain": "가전",
    "MainCategory": "계절가전",
    "ProductName": "한일전기 HEF-605 일반구매",
    "ReviewScore": "5",
    "Syllable": "93",
    "Word": "21",
    "RDate": "20211026",
    "GeneralPolarity": "1",
    "Aspects": [
      {
        "Aspect": "소음",
        "SentimentText": "걱정했던 제품 소음이 사용해보니 크지 않아서 제일 만족하는 부분이에요. ^^ ",
        "SentimentWord": "10",
        "SentimentPolarity": "1"
      },
      {
        "Aspect": "기능",
        "SentimentText": "딸방에서 사용해보니 작지만 성능이 우수해 방 전체가 아주 훈훈해져 좋네요... 잘샀어요~ ",
        "SentimentWord": "11",
        "SentimentPolarity": "1"
      }
    ]
  },
  {
    "Index": "37293",
    "RawText": "아기 목욕할때 욕실용으로 구입.  사용해보니 제품 켜면 따뜻한 바람이 금방 나오는 점은 만족해요..  다만 화력이 세지 않아서 공기가 전체적으로 따뜻한 느낌은 없어서 아쉬워요. ㅜ",
    "Source": "쇼핑몰",
    "Domain": "가전",
    "MainCategory": "계절가전",
    "ProductName": "한일전기 HEF-605 일반구매",
    "ReviewScore": "3",
    "Syllable": "100",
    "Word": "24",
    "RDate": "20210102",
    "GeneralPolarity": "0",
    "Aspects": [
      {
        "Aspect": "기능",
        "SentimentText": "사용해보니 제품 켜면 따뜻한 바람이 금방 나오는 점은 만족해요.. ",
        "SentimentWord": "9",
        "SentimentPolarity": "1"
      },
      {
        "Aspect": "기능",
        "SentimentText": " 화력이 세지 않아서 공기가 전체적으로 따뜻한 느낌은 없어서 아쉬워요. ㅜ ",
        "SentimentWord": "10",
        "SentimentPolarity": "-1"
      }
    ]
  },
  {
    "Index": "37295",
    "RawText": "오~ 작지만 안전장치기능도 있고 제품 좋네요 ~마음에 들어요~^^  제품은 사용하기 편리해서 좋은데,  제품구성에 보관 파우치가 없어서 제품 수납이 불편하고 아쉽네요. ㅜㅜ",
    "Source": "쇼핑몰",
    "Domain": "가전",
    "MainCategory": "계절가전",
    "ProductName": "한일전기 HEF-605 일반구매",
    "ReviewScore": "5",
    "Syllable": "96",
    "Word": "21",
    "RDate": "20191107",
    "GeneralPolarity": "0",
    "Aspects": [
      {
        "Aspect": "기능",
        "SentimentText": "오~ 작지만 안전장치기능도 있고 제품 좋네요 ~마음에 들어요~^^ ",
        "SentimentWord": "8",
        "SentimentPolarity": "1"
      },
      {
        "Aspect": "편의성",
        "SentimentText": "제품은 사용하기 편리해서 좋은데,  ",
        "SentimentWord": "4",
        "SentimentPolarity": "1"
      },
      {
        "Aspect": "제품구성",
        "SentimentText": "제품구성에 보관 파우치가 없어서 제품 수납이 불편하고 아쉽네요. ㅜㅜ",
        "SentimentWord": "9",
        "SentimentPolarity": "-1"
      }
    ]
  },
  {
    "Index": "37296",
    "RawText": "날씨 추울때  보일러 난방보다 이제품 켜는게 떠 훈훈하니 좋습니다. ~ 성능 굿~!  다만 제품 수납에 필요한 파우치가방이 없어서 보관할때 먼지 낄까 염려되고 아쉽네요. ㅜ",
    "Source": "쇼핑몰",
    "Domain": "가전",
    "MainCategory": "계절가전",
    "ProductName": "한일전기 HEF-605 일반구매",
    "ReviewScore": "5",
    "Syllable": "96",
    "Word": "24",
    "RDate": "20220505",
    "GeneralPolarity": "0",
    "Aspects": [
      {
        "Aspect": "기능",
        "SentimentText": "날씨 추울때  보일러 난방보다 이제품 켜는게 떠 훈훈하니 좋습니다. ~ 성능 굿~! ",
        "SentimentWord": "12",
        "SentimentPolarity": "1"
      },
      {
        "Aspect": "제품구성",
        "SentimentText": " 제품 수납에 필요한 파우치가방이 없어서 보관할때 먼지 낄까 염려되고 아쉽네요. ㅜ ",
        "SentimentWord": "11",
        "SentimentPolarity": "-1"
      }
    ]
  },
  {
    "Index": "37297",
    "RawText": "생각대로 제품 소음은 약간 있으나 타 제품도 이정도 소음은 있어서 전 만족합니다.  작지만 제품 성능이 우수해 방이 훈훈해서 좋네요.  주말에 텐트에서 사용할거에요~",
    "Source": "쇼핑몰",
    "Domain": "가전",
    "MainCategory": "계절가전",
    "ProductName": "한일전기 HEF-605 일반구매",
    "ReviewScore": "4",
    "Syllable": "92",
    "Word": "22",
    "RDate": "20211026",
    "GeneralPolarity": "1",
    "Aspects": [
      {
        "Aspect": "소음",
        "SentimentText": "생각대로 제품 소음은 약간 있으나 타 제품도 이정도 소음은 있어서 전 만족합니다. ",
        "SentimentWord": "12",
        "SentimentPolarity": "1"
      },
      {
        "Aspect": "기능",
        "SentimentText": "작지만 제품 성능이 우수해 방이 훈훈해서 좋네요. ",
        "SentimentWord": "7",
        "SentimentPolarity": "1"
      }
    ]
  },
  {
    "Index": "37298",
    "RawText": "부모님 선물해드렸는데 제품 따뜻하니 좋다고 하시네요.. 다행이에요. ~ 저도 기분 좋습니다.  제품 가격도 저렴해서 만족스럽고 잘 산 것 같아요.~ 감사드려요",
    "Source": "쇼핑몰",
    "Domain": "가전",
    "MainCategory": "계절가전",
    "ProductName": "한일전기 HEF-605 일반구매",
    "ReviewScore": "5",
    "Syllable": "88",
    "Word": "20",
    "RDate": "20191212",
    "GeneralPolarity": "1",
    "Aspects": [
      {
        "Aspect": "기능",
        "SentimentText": "부모님 선물해드렸는데 제품 따뜻하니 좋다고 하시네요.. 다행이에요. ~ 저도 기분 좋습니다. ",
        "SentimentWord": "11",
        "SentimentPolarity": "1"
      },
      {
        "Aspect": "가격",
        "SentimentText": "제품 가격도 저렴해서 만족스럽고 잘 산 것 같아요.~ 감사드려요 ",
        "SentimentWord": "9",
        "SentimentPolarity": "1"
      }
    ]
  },
  {
    "Index": "37299",
    "RawText": "제품 무게도 가벼워서 좋아요!! 제품 사이즈가 무척 아담한게 귀여워 마음에 듭니다. 잘 쓸게요~",
    "Source": "쇼핑몰",
    "Domain": "가전",
    "MainCategory": "계절가전",
    "ProductName": "한일전기 HEF-605 일반구매",
    "ReviewScore": "5",
    "Syllable": "53",
    "Word": "13",
    "RDate": "20211202",
    "Aspects": [
      {
        "Aspect": "무게",
        "SentimentText": " 제품 무게도 가벼워서 좋아요!!",
        "SentimentWord": "4",
        "SentimentPolarity": "1"
      },
      {
        "Aspect": "사이즈",
        "SentimentText": "제품 사이즈가 무척 아담한게 귀여워 마음에 듭니다. 잘 쓸게요~",
        "SentimentWord": "9",
        "SentimentPolarity": "1"
      }
    ]
  },
  {
    "Index": "37300",
    "RawText": "처음 켤때 냄새가 좀 났지만 시간이 지나니 없어져서 만족합니다.  사용해보니 금방 훈훈한 바람이 많이 나와 좋네요.. 마음에 들어요.",
    "Source": "쇼핑몰",
    "Domain": "가전",
    "MainCategory": "계절가전",
    "ProductName": "한일전기 HEF-605 일반구매",
    "ReviewScore": "5",
    "Syllable": "74",
    "Word": "18",
    "RDate": "20211101",
    "GeneralPolarity": "1",
    "Aspects": [
      {
        "Aspect": "품질",
        "SentimentText": "처음 켤때 냄새가 좀 났지만 시간이 지나니 없어져서 만족합니다. ",
        "SentimentWord": "9",
        "SentimentPolarity": "0"
      },
      {
        "Aspect": "기능",
        "SentimentText": "사용해보니 금방 훈훈한 바람이 많이 나와 좋네요.. 마음에 들어요. ",
        "SentimentWord": "9",
        "SentimentPolarity": "1"
      }
    ]
  },
  {
    "Index": "37301",
    "RawText": "제품 기능이 심플해서 전원버튼 하나면 끝이네요.. ㅋ 단순해서 혼자 사용하기엔 딱 좋아요.  사무실 개인책상용으로 구입했는데 사이즈가 생각보단 너무 작아서 약간 아쉬워요,.ㅜ  추운날에 잘썼어요..",
    "Source": "쇼핑몰",
    "Domain": "가전",
    "MainCategory": "계절가전",
    "ProductName": "한일전기 HEF-605 일반구매",
    "ReviewScore": "3",
    "Syllable": "110",
    "Word": "23",
    "RDate": "20210113",
    "GeneralPolarity": "0",
    "Aspects": [
      {
        "Aspect": "기능",
        "SentimentText": "제품 기능이 심플해서 전원버튼 하나면 끝이네요.. ㅋ 단순해서 혼자 사용하기엔 딱 좋아요.",
        "SentimentWord": "12",
        "SentimentPolarity": "1"
      },
      {
        "Aspect": "사이즈",
        "SentimentText": "사이즈가 생각보단 너무 작아서 약간 아쉬워요,.ㅜ ",
        "SentimentWord": "6",
        "SentimentPolarity": "-1"
      }
    ]
  },
  {
    "Index": "37302",
    "RawText": "와  이 제품 화력 진짜 쎄네요.. 뜨거워요. ㅋㅋ 성능 좋습니다.  야외에서 사용하는 거 아니라면 다들 만족할 것 같아요..  다만 열기가 너무 쎄니 눈이 다 건조해져서 약간 불편해요. ;;",
    "Source": "쇼핑몰",
    "Domain": "가전",
    "MainCategory": "계절가전",
    "ProductName": "한일전기 HEF-605 일반구매",
    "ReviewScore": "5",
    "Syllable": "107",
    "Word": "28",
    "RDate": "20210128",
    "GeneralPolarity": "0",
    "Aspects": [
      {
        "Aspect": "기능",
        "SentimentText": "와  이 제품 화력 진짜 쎄네요.. 뜨거워요. ㅋㅋ 성능 좋습니다. ",
        "SentimentWord": "10",
        "SentimentPolarity": "1"
      },
      {
        "Aspect": "편의성",
        "SentimentText": "열기가 너무 쎄니 눈이 다 건조해져서 약간 불편해요. ;;",
        "SentimentWord": "9",
        "SentimentPolarity": "-1"
      }
    ]
  },
  {
    "Index": "37304",
    "RawText": "추운 겨울 캠핑용으로 급 주문 이너텐트에서 사용해보니 성능도 우수해 공기가 훈훈하니 좋네요.. 마음에 듭니다.  제품 소음도 없어서 사용이 편리해 좋아요.",
    "Source": "쇼핑몰",
    "Domain": "가전",
    "MainCategory": "계절가전",
    "ProductName": "한일전기 HEF-605 일반구매",
    "ReviewScore": "5",
    "Syllable": "86",
    "Word": "20",
    "RDate": "20211016",
    "GeneralPolarity": "1",
    "Aspects": [
      {
        "Aspect": "기능",
        "SentimentText": "이너텐트에서 사용해보니 성능도 우수해 공기가 훈훈하니 좋네요.. 마음에 듭니다. ",
        "SentimentWord": "9",
        "SentimentPolarity": "1"
      },
      {
        "Aspect": "소음",
        "SentimentText": "제품 소음도 없어서 사용이 편리해 좋아요.",
        "SentimentWord": "6",
        "SentimentPolarity": "1"
      }
    ]
  },
  {
    "Index": "37305",
    "RawText": "제품이 인기가 있어 배송이 좀 늦어 기다리느라 힘들었어요. ㅜ  제품 포장은 튼튼하고 꼼꼼하게 되어 있어서 만족했어요.  제품 사이즈도 아담하니 작아서 보관이 편리해 좋습니다. 추운 겨울에 사용하기에는 열기가 부족합니다",
    "Source": "쇼핑몰",
    "Domain": "가전",
    "MainCategory": "계절가전",
    "ProductName": "한일전기 HEF-605 일반구매",
    "ReviewScore": "5",
    "Syllable": "122",
    "Word": "28",
    "RDate": "20211119",
    "Aspects": [
      {
        "Aspect": "기능",
        "SentimentText": "추운 겨울에 사용하기에는 열기가 부족합니다",
        "SentimentWord": "5",
        "SentimentPolarity": "-1"
      },
      {
        "Aspect": "사이즈",
        "SentimentText": "제품 사이즈도 아담하니 작아서 보관이 편리해 좋습니다. ",
        "SentimentWord": "7",
        "SentimentPolarity": "1"
      }
    ]
  },
  {
    "Index": "37306",
    "RawText": "우선 제품 사이즈가 작아 귀여워 좋아요.  와 근데 작지만 성능이 좋아 금새 방을 따뜻하게 해주네요~!. 마음에 들어요. 잘샀어요.",
    "Source": "쇼핑몰",
    "Domain": "가전",
    "MainCategory": "계절가전",
    "ProductName": "한일전기 HEF-605 일반구매",
    "ReviewScore": "5",
    "Syllable": "73",
    "Word": "18",
    "RDate": "20191104",
    "GeneralPolarity": "1",
    "Aspects": [
      {
        "Aspect": "사이즈",
        "SentimentText": "우선 제품 사이즈가 작아 귀여워 좋아요. ",
        "SentimentWord": "6",
        "SentimentPolarity": "1"
      },
      {
        "Aspect": "기능",
        "SentimentText": "와 근데 작지만 성능이 좋아 금새 방을 따뜻하게 해주네요~!. 마음에 들어요. 잘샀어요. ",
        "SentimentWord": "12",
        "SentimentPolarity": "1"
      }
    ]
  },
  {
    "Index": "37307",
    "RawText": "주택 욕실이 추워서 아이 목욕할때 욕실 데우려고 구입했어요.  사용해보니 충분히 욕실안을 따뜻하게 해줘서 제품 성능에 만족합니다.  다만 제품 전체적인 퀄리티는 (소재, 마감, 내구성등..) 좋지않아서 실망스러워요..  ㅜ 담엔 좀 고급사양으로 구입해야겠어요..",
    "Source": "쇼핑몰",
    "Domain": "가전",
    "MainCategory": "계절가전",
    "ProductName": "한일전기 HEF-605 일반구매",
    "ReviewScore": "5",
    "Syllable": "146",
    "Word": "30",
    "RDate": "20211115",
    "GeneralPolarity": "0",
    "Aspects": [
      {
        "Aspect": "기능",
        "SentimentText": "사용해보니 충분히 욕실안을 따뜻하게 해줘서 제품 성능에 만족합니다. ",
        "SentimentWord": "8",
        "SentimentPolarity": "1"
      },
      {
        "Aspect": "품질",
        "SentimentText": "제품 전체적인 퀄리티는 (소재, 마감, 내구성등..) 좋지않아서 실망스러워요..  ㅜ 담엔 좀 고급사양으로 구입해야겠어요.. ",
        "SentimentWord": "13",
        "SentimentPolarity": "-1"
      }
    ]
  },
  {
    "Index": "37308",
    "RawText": "제품이 아담한 사이즈라 귀엽고 마음에 들어요.  제품 사용할때 생각보다 소음 없어서 만족해요.  제품 전원켜면 금새 사무실 안이 따듯해져서 좋네요.  성능 우수해요~!.  ",
    "Source": "쇼핑몰",
    "Domain": "가전",
    "MainCategory": "계절가전",
    "ProductName": "한일전기 HEF-605 일반구매",
    "ReviewScore": "5",
    "Syllable": "96",
    "Word": "21",
    "RDate": "20211021",
    "GeneralPolarity": "1",
    "Aspects": [
      {
        "Aspect": "사이즈",
        "SentimentText": "제품이 아담한 사이즈라 귀엽고 마음에 들어요. ",
        "SentimentWord": "6",
        "SentimentPolarity": "1"
      },
      {
        "Aspect": "소음",
        "SentimentText": "제품 사용할때 생각보다 소음 없어서 만족해요. ",
        "SentimentWord": "6",
        "SentimentPolarity": "1"
      },
      {
        "Aspect": "기능",
        "SentimentText": "제품 전원켜면 금새 사무실 안이 따듯해져서 좋네요.  성능 우수해요~!. ",
        "SentimentWord": "9",
        "SentimentPolarity": "1"
      }
    ]
  },
  {
    "Index": "37309",
    "RawText": "제품 사이즈 작아서 공간 차지하지 않고 좋네요.  제품 소음은 약간 있지만, 거슬리지 않고 좋아요.  1개 더 주문들어갑니다. ㅋ",
    "Source": "쇼핑몰",
    "Domain": "가전",
    "MainCategory": "계절가전",
    "ProductName": "한일전기 HEF-605 일반구매",
    "ReviewScore": "5",
    "Syllable": "72",
    "Word": "18",
    "RDate": "20191207",
    "GeneralPolarity": "0",
    "Aspects": [
      {
        "Aspect": "사이즈",
        "SentimentText": "제품 사이즈 작아서 공간 차지하지 않고 좋네요. ",
        "SentimentWord": "7",
        "SentimentPolarity": "1"
      },
      {
        "Aspect": "소음",
        "SentimentText": "제품 소음은 약간 있지만, 거슬리지 않고 좋아요.  1개 더 주문들어갑니다. ㅋ",
        "SentimentWord": "11",
        "SentimentPolarity": "0"
      }
    ]
  },
  {
    "Index": "37310",
    "RawText": "제품 사이즈가 작아 사무실 책상 아래 두고 사용하기 편리하고 좋아요.  제품 화력도 엄청 강해 엉덩이까지 금새 따뜻해지네요. 만족합니다.",
    "Source": "쇼핑몰",
    "Domain": "가전",
    "MainCategory": "계절가전",
    "ProductName": "한일전기 HEF-605 일반구매",
    "ReviewScore": "5",
    "Syllable": "76",
    "Word": "18",
    "RDate": "20210428",
    "GeneralPolarity": "1",
    "Aspects": [
      {
        "Aspect": "사이즈",
        "SentimentText": "제품 사이즈가 작아 사무실 책상 아래 두고 사용하기 편리하고 좋아요. ",
        "SentimentWord": "10",
        "SentimentPolarity": "1"
      },
      {
        "Aspect": "기능",
        "SentimentText": "제품 화력도 엄청 강해 엉덩이까지 금새 따뜻해지네요. 만족합니다. ",
        "SentimentWord": "8",
        "SentimentPolarity": "1"
      }
    ]
  },
  {
    "Index": "37311",
    "RawText": "제품 사이즈가 아담해서 귀엽네요 ^^ 보관하기 편리해서 좋아요.  제품 소음이 좀 큰편이라 좀 거슬리고 불편해요.. ㅜ 제품 화력이 세지않아서  20분 정도 작동시켜야 작은방이 훈훈해지는데 예상했던터라 전 만족합니다.",
    "Source": "쇼핑몰",
    "Domain": "가전",
    "MainCategory": "계절가전",
    "ProductName": "한일전기 HEF-605 일반구매",
    "ReviewScore": "5",
    "Syllable": "121",
    "Word": "27",
    "RDate": "20191202",
    "GeneralPolarity": "0",
    "Aspects": [
      {
        "Aspect": "사이즈",
        "SentimentText": "제품 사이즈가 아담해서 귀엽네요 ^^ 보관하기 편리해서 좋아요. ",
        "SentimentWord": "8",
        "SentimentPolarity": "1"
      },
      {
        "Aspect": "소음",
        "SentimentText": "제품 소음이 좀 큰편이라 좀 거슬리고 불편해요.. ㅜ",
        "SentimentWord": "8",
        "SentimentPolarity": "-1"
      },
      {
        "Aspect": "시간/속도",
        "SentimentText": "제품 화력이 세지않아서  20분 정도 작동시켜야 작은방이 훈훈해지는데 예상했던터라 전 만족합니다. ",
        "SentimentWord": "11",
        "SentimentPolarity": "1"
      }
    ]
  }
]