[
  {
    "Index": "39219",
    "RawText": "원 플러스 원 행사할때 제품 주문해서 완전 저렴하게 득템했어요. 기뻐요 ^^ 바람세기도 시원하고 1-24단까지 다양한 풍향 조절도 가능해 제품 성능에 만족합니다.",
    "Source": "쇼핑몰",
    "Domain": "가전",
    "MainCategory": "계절가전",
    "ProductName": "르젠 LZEF-DC180",
    "ReviewScore": "5",
    "Syllable": "90",
    "Word": "21",
    "RDate": "20200804",
    "GeneralPolarity": "1",
    "Aspects": [
      {
        "Aspect": "가격",
        "SentimentText": "원 플러스 원 행사할때 제품 주문해서 완전 저렴하게 득템했어요. 기뻐요 ^^",
        "SentimentWord": "11",
        "SentimentPolarity": "1"
      },
      {
        "Aspect": "기능",
        "SentimentText": "바람세기도 시원하고 1-24단까지 다양한 풍향 조절도 가능해 제품 성능에 만족합니다. ",
        "SentimentWord": "10",
        "SentimentPolarity": "1"
      }
    ]
  },
  {
    "Index": "39220",
    "RawText": "바람이 무척 시원하고 세기도 강력해서 제품 성능은 아주 만족해요.  할인행사 할때 싼 가격으로 제품 구입해서 더 흡족해요 ^^  ",
    "Source": "쇼핑몰",
    "Domain": "가전",
    "MainCategory": "계절가전",
    "ProductName": "르젠 LZEF-DC180",
    "ReviewScore": "5",
    "Syllable": "72",
    "Word": "18",
    "RDate": "20220706",
    "GeneralPolarity": "1",
    "Aspects": [
      {
        "Aspect": "기능",
        "SentimentText": "바람이 무척 시원하고 세기도 강력해서 제품 성능은 아주 만족해요. ",
        "SentimentWord": "9",
        "SentimentPolarity": "1"
      },
      {
        "Aspect": "가격",
        "SentimentText": "할인행사 할때 싼 가격으로 제품 구입해서 더 흡족해요 ^^ ",
        "SentimentWord": "9",
        "SentimentPolarity": "1"
      }
    ]
  },
  {
    "Index": "39221",
    "RawText": "가격이 저렴한데 기능들이 우수해 ( 풍량 단계 조절이나 리모컨등) 가성비 너무 좋아 만족해요.  다만 배터리 한번 충전하면 하루도 못가 방전되니 넘 불편하고 실망스러워요. ㅜ",
    "Source": "쇼핑몰",
    "Domain": "가전",
    "MainCategory": "계절가전",
    "ProductName": "르젠 LZEF-DC180",
    "ReviewScore": "5",
    "Syllable": "97",
    "Word": "24",
    "RDate": "20190717",
    "GeneralPolarity": "0",
    "Aspects": [
      {
        "Aspect": "가격",
        "SentimentText": "가격이 저렴한데 기능들이 우수해 ( 풍량 단계 조절이나 리모컨등) 가성비 너무 좋아 만족해요. ",
        "SentimentWord": "13",
        "SentimentPolarity": "1"
      },
      {
        "Aspect": "배터리",
        "SentimentText": "다만 배터리 한번 충전하면 하루도 못가 방전되니 넘 불편하고 실망스러워요. ㅜ",
        "SentimentWord": "11",
        "SentimentPolarity": "-1"
      }
    ]
  },
  {
    "Index": "39222",
    "RawText": "제품 가격이 늘 일정하지 않고 볼때마다 달라져서 불만족스러워요.  제품 사용해보니 바람이 시원해서 1대 더 구입했어요..  신제품은 기능들이 업그레이드 되어 편의성이 더 좋아졌네요.. 잘샀어요 ^^",
    "Source": "쇼핑몰",
    "Domain": "가전",
    "MainCategory": "계절가전",
    "ProductName": "르젠 LZEF-DC180",
    "ReviewScore": "5",
    "Syllable": "110",
    "Word": "24",
    "RDate": "20210624",
    "GeneralPolarity": "0",
    "Aspects": [
      {
        "Aspect": "가격",
        "SentimentText": "제품 가격이 늘 일정하지 않고 볼때마다 달라져서 불만족스러워요. ",
        "SentimentWord": "8",
        "SentimentPolarity": "-1"
      },
      {
        "Aspect": "기능",
        "SentimentText": "제품 사용해보니 바람이 시원해서 1대 더 구입했어요..  ",
        "SentimentWord": "7",
        "SentimentPolarity": "1"
      },
      {
        "Aspect": "편의성",
        "SentimentText": " 신제품은 기능들이 업그레이드 되어 편의성이 더 좋아졌네요.. 잘샀어요 ^^ ",
        "SentimentWord": "9",
        "SentimentPolarity": "1"
      }
    ]
  },
  {
    "Index": "39223",
    "RawText": "늘 빨래 건조할때 제품 틀어놓고 말리는데 무게가 가벼워서 옮기기 편해서 좋네요.  소음이 없고 사용중에도 조용해서 아주 만족해요.  다만 전체적으로 견고하고 튼튼해보이지 않아서 아쉬워요. ㅜ 제품 디자인도 깔끔해서 좋네요.",
    "Source": "쇼핑몰",
    "Domain": "가전",
    "MainCategory": "계절가전",
    "ProductName": "르젠 LZEF-DC180",
    "ReviewScore": "4",
    "Syllable": "124",
    "Word": "28",
    "RDate": "20220721",
    "GeneralPolarity": "0",
    "Aspects": [
      {
        "Aspect": "무게",
        "SentimentText": "늘 빨래 건조할때 제품 틀어놓고 말리는데 무게가 가벼워서 옮기기 편해서 좋네요. ",
        "SentimentWord": "11",
        "SentimentPolarity": "1"
      },
      {
        "Aspect": "소음",
        "SentimentText": "소음이 없고 사용중에도 조용해서 아주 만족해요. ",
        "SentimentWord": "6",
        "SentimentPolarity": "1"
      },
      {
        "Aspect": "내구성",
        "SentimentText": "다만 전체적으로 견고하고 튼튼해보이지 않아서 아쉬워요. ㅜ",
        "SentimentWord": "7",
        "SentimentPolarity": "-1"
      },
      {
        "Aspect": "디자인",
        "SentimentText": "제품 디자인도 깔끔해서 좋네요. ",
        "SentimentWord": "4",
        "SentimentPolarity": "1"
      }
    ]
  },
  {
    "Index": "39224",
    "RawText": "제품 가벼워서 이동이 편리해서 만족해요.  색상도 크림톤 흰색이라 은은하고 고급진 느낌이라서 아주 마음에 들어요.  설명서 보고 조립하기 무척 쉬워서 좋구요..  1-24단까지 풍향 미세 조절이 가능해서 사용할떄 편리해요.. 굿~^^ 또 사용할때 팬 소음이 전혀 없어서 돌아가는지 확인할때도 있어요.. ㅋ 너무 잘샀어요 ^^  ",
    "Source": "쇼핑몰",
    "Domain": "가전",
    "MainCategory": "계절가전",
    "ProductName": "르젠 LZEF-DC180",
    "ReviewScore": "5",
    "Syllable": "183",
    "Word": "41",
    "RDate": "20200901",
    "GeneralPolarity": "1",
    "Aspects": [
      {
        "Aspect": "무게",
        "SentimentText": "제품 가벼워서 이동이 편리해서 만족해요. ",
        "SentimentWord": "5",
        "SentimentPolarity": "1"
      },
      {
        "Aspect": "색상",
        "SentimentText": "색상도 크림톤 흰색이라 은은하고 고급진 느낌이라서 아주 마음에 들어요. ",
        "SentimentWord": "9",
        "SentimentPolarity": "1"
      },
      {
        "Aspect": "조작성",
        "SentimentText": "설명서 보고 조립하기 무척 쉬워서 좋구요.. ",
        "SentimentWord": "6",
        "SentimentPolarity": "1"
      },
      {
        "Aspect": "편의성",
        "SentimentText": "1-24단까지 풍향 미세 조절이 가능해서 사용할떄 편리해요.. 굿~^^",
        "SentimentWord": "8",
        "SentimentPolarity": "1"
      },
      {
        "Aspect": "소음",
        "SentimentText": "또 사용할때 팬 소음이 전혀 없어서 돌아가는지 확인할때도 있어요.. ㅋ 너무 잘샀어요 ^^ ",
        "SentimentWord": "13",
        "SentimentPolarity": "1"
      }
    ]
  },
  {
    "Index": "39225",
    "RawText": "제품 가성비가 갑이라 너무 좋아요.  우선 제품이 작동중일때 소음이 없고 조용해서 만족해요.  ",
    "Source": "쇼핑몰",
    "Domain": "가전",
    "MainCategory": "계절가전",
    "ProductName": "르젠 LZEF-DC180",
    "ReviewScore": "5",
    "Syllable": "53",
    "Word": "12",
    "RDate": "20220722",
    "GeneralPolarity": "1",
    "Aspects": [
      {
        "Aspect": "가격",
        "SentimentText": "제품 가성비가 갑이라 너무 좋아요. ",
        "SentimentWord": "5",
        "SentimentPolarity": "1"
      },
      {
        "Aspect": "소음",
        "SentimentText": "우선 제품이 작동중일때 소음이 없고 조용해서 만족해요. ",
        "SentimentWord": "7",
        "SentimentPolarity": "1"
      }
    ]
  },
  {
    "Index": "39226",
    "RawText": "제품 가성비가 아주 좋아서 만족해요. 가성비 생각하면 무조건 구입해야 합니다.  사용할때 소음 없이 무척 조용해서 마음에 들어요.  제품 외형도 심플 모던한 느낌이라 저희집 인테리어용으로도 아주 좋습니다.  또 무게가 가벼워서 이방 저방 필요할때마다 옮겨다니기 쉬워서 너무 흡족해요~^^",
    "Source": "쇼핑몰",
    "Domain": "가전",
    "MainCategory": "계절가전",
    "ProductName": "르젠 LZEF-DC180",
    "ReviewScore": "5",
    "Syllable": "160",
    "Word": "36",
    "RDate": "20210906",
    "GeneralPolarity": "1",
    "Aspects": [
      {
        "Aspect": "가격",
        "SentimentText": "제품 가성비가 아주 좋아서 만족해요. 가성비 생각하면 무조건 구입해야 합니다. ",
        "SentimentWord": "10",
        "SentimentPolarity": "1"
      },
      {
        "Aspect": "소음",
        "SentimentText": "사용할때 소음 없이 무척 조용해서 마음에 들어요. ",
        "SentimentWord": "7",
        "SentimentPolarity": "1"
      },
      {
        "Aspect": "디자인",
        "SentimentText": "제품 외형도 심플 모던한 느낌이라 저희집 인테리어용으로도 아주 좋습니다. ",
        "SentimentWord": "9",
        "SentimentPolarity": "1"
      },
      {
        "Aspect": "무게",
        "SentimentText": "또 무게가 가벼워서 이방 저방 필요할때마다 옮겨다니기 쉬워서 너무 흡족해요~^^ ",
        "SentimentWord": "10",
        "SentimentPolarity": "1"
      }
    ]
  },
  {
    "Index": "39227",
    "RawText": "제품 성능대비 가격이 싸서 무척 만족합니다.  바람세기도 24단까지 있어서 풍량 미세조절이 가능해 취침할때 가장 약풍으로 설정하면 밤새 은은하게 시원해서 마음에 듭니다.  리모콘이 있어서 먼 거리에서도 작동이 가능해 세상 편리해서 좋습니다.  또 사용중에 거의 작동소음 없고 조용해서 흡족해요.. 잘샀어요 ^^",
    "Source": "쇼핑몰",
    "Domain": "가전",
    "MainCategory": "계절가전",
    "ProductName": "르젠 LZEF-DC180",
    "ReviewScore": "4",
    "Syllable": "173",
    "Word": "39",
    "RDate": "20190617",
    "GeneralPolarity": "1",
    "Aspects": [
      {
        "Aspect": "가격",
        "SentimentText": "제품 성능대비 가격이 싸서 무척 만족합니다. ",
        "SentimentWord": "6",
        "SentimentPolarity": "1"
      },
      {
        "Aspect": "조작성",
        "SentimentText": "바람세기도 24단까지 있어서 풍량 미세조절이 가능해 취침할때 가장 약풍으로 설정하면 밤새 은은하게 시원해서 마음에 듭니다. ",
        "SentimentWord": "15",
        "SentimentPolarity": "1"
      },
      {
        "Aspect": "편의성",
        "SentimentText": "리모콘이 있어서 먼 거리에서도 작동이 가능해 세상 편리해서 좋습니다. ",
        "SentimentWord": "9",
        "SentimentPolarity": "1"
      },
      {
        "Aspect": "소음",
        "SentimentText": "또 사용중에 거의 작동소음 없고 조용해서 흡족해요.. 잘샀어요 ^^ ",
        "SentimentWord": "9",
        "SentimentPolarity": "1"
      }
    ]
  },
  {
    "Index": "39228",
    "RawText": "가성비 우수한 제품이라 마음에 들고 주변에 추천하고 있어요.  1,2단으로 사용할때 헤드부분에서 달그락~~ 미세한 소음이 있어 불편하고 신경쓰이네요. ㅜ 불만족~!",
    "Source": "쇼핑몰",
    "Domain": "가전",
    "MainCategory": "계절가전",
    "ProductName": "르젠 LZEF-DC180",
    "ReviewScore": "4",
    "Syllable": "91",
    "Word": "19",
    "RDate": "20220602",
    "GeneralPolarity": "0",
    "Aspects": [
      {
        "Aspect": "가격",
        "SentimentText": "가성비 우수한 제품이라 마음에 들고 주변에 추천하고 있어요. ",
        "SentimentWord": "8",
        "SentimentPolarity": "1"
      },
      {
        "Aspect": "소음",
        "SentimentText": "1,2단으로 사용할때 헤드부분에서 달그락~~ 미세한 소음이 있어 불편하고 신경쓰이네요. ㅜ 불만족~! ",
        "SentimentWord": "11",
        "SentimentPolarity": "-1"
      }
    ]
  },
  {
    "Index": "39229",
    "RawText": "가성비가 훌륭한 제품이라 만족하고 잘 샀어요..  생소한 브랜드여서 구입 망설였는데, 사용해보니 유명 가전보다도 성능이 우수해 마음에 들고 적극 추천해요~!.  ",
    "Source": "쇼핑몰",
    "Domain": "가전",
    "MainCategory": "계절가전",
    "ProductName": "르젠 LZEF-DC180",
    "ReviewScore": "5",
    "Syllable": "90",
    "Word": "19",
    "RDate": "20190718",
    "GeneralPolarity": "1",
    "Aspects": [
      {
        "Aspect": "가격",
        "SentimentText": "가성비가 훌륭한 제품이라 만족하고 잘 샀어요.. ",
        "SentimentWord": "6",
        "SentimentPolarity": "1"
      },
      {
        "Aspect": "기능",
        "SentimentText": "사용해보니 유명 가전보다도 성능이 우수해 마음에 들고 적극 추천해요~!. ",
        "SentimentWord": "9",
        "SentimentPolarity": "1"
      }
    ]
  },
  {
    "Index": "39230",
    "RawText": "성능대비 가격이 무척 저렴해서 구입 만족합니다.  제품이 업그레이드 되어 BLDC 모터, 24단 써쿨레이터 기능까지 사용이 훨씬 편리해져서 마음에 들어요.",
    "Source": "쇼핑몰",
    "Domain": "가전",
    "MainCategory": "계절가전",
    "ProductName": "르젠 LZEF-DC180",
    "ReviewScore": "5",
    "Syllable": "86",
    "Word": "19",
    "RDate": "20220801",
    "GeneralPolarity": "1",
    "Aspects": [
      {
        "Aspect": "가격",
        "SentimentText": "성능대비 가격이 무척 저렴해서 구입 만족합니다. ",
        "SentimentWord": "6",
        "SentimentPolarity": "1"
      },
      {
        "Aspect": "편의성",
        "SentimentText": "제품이 업그레이드 되어 BLDC 모터, 24단 써쿨레이터 기능까지 사용이 훨씬 편리해져서 마음에 들어요. ",
        "SentimentWord": "13",
        "SentimentPolarity": "1"
      }
    ]
  },
  {
    "Index": "39231",
    "RawText": "제품 가성비가 우수해서 마음에 들어요..~! 특히 제품 작동중일때 소음없이 조용해서 만족합니다.  ",
    "Source": "쇼핑몰",
    "Domain": "가전",
    "MainCategory": "계절가전",
    "ProductName": "르젠 LZEF-DC180",
    "ReviewScore": "5",
    "Syllable": "55",
    "Word": "11",
    "RDate": "20210706",
    "GeneralPolarity": "1",
    "Aspects": [
      {
        "Aspect": "가격",
        "SentimentText": "제품 가성비가 우수해서 마음에 들어요..~!",
        "SentimentWord": "5",
        "SentimentPolarity": "1"
      },
      {
        "Aspect": "소음",
        "SentimentText": "특히 제품 작동중일때 소음없이 조용해서 만족합니다. ",
        "SentimentWord": "6",
        "SentimentPolarity": "1"
      }
    ]
  },
  {
    "Index": "39232",
    "RawText": "디자인은 심플해서 예쁘네요~ 소음은 약간 나지만 참을만해요.신경안쓰면 거슬리진 않아서 대체로 만족스러운 제품이예요. ",
    "Source": "쇼핑몰",
    "Domain": "가전",
    "MainCategory": "계절가전",
    "ProductName": "르젠 LZEF-DC180",
    "ReviewScore": "5",
    "Syllable": "65",
    "Word": "12",
    "RDate": "20220803",
    "GeneralPolarity": "1",
    "Aspects": [
      {
        "Aspect": "디자인",
        "SentimentText": "디자인은 심플해서 예쁘네요~",
        "SentimentWord": "3",
        "SentimentPolarity": "1"
      },
      {
        "Aspect": "소음",
        "SentimentText": "소음은 약간 나지만 참을만해요.신경안쓰면 거슬리진 않아서 대체로 만족스러운 제품이예요.",
        "SentimentWord": "9",
        "SentimentPolarity": "1"
      }
    ]
  },
  {
    "Index": "39233",
    "RawText": "고급스럽지는 않아도 가격대비 가성비가 좋아서 만족해요~바람도 잘 나오고 시원해서 좋아요.",
    "Source": "쇼핑몰",
    "Domain": "가전",
    "MainCategory": "계절가전",
    "ProductName": "르젠 LZEF-DC180",
    "ReviewScore": "5",
    "Syllable": "49",
    "Word": "10",
    "RDate": "20180812",
    "GeneralPolarity": "1",
    "Aspects": [
      {
        "Aspect": "가격",
        "SentimentText": "고급스럽지는 않아도 가격대비 가성비가 좋아서 만족해요~",
        "SentimentWord": "6",
        "SentimentPolarity": "1"
      },
      {
        "Aspect": "기능",
        "SentimentText": "바람도 잘 나오고 시원해서 좋아요.",
        "SentimentWord": "5",
        "SentimentPolarity": "1"
      }
    ]
  },
  {
    "Index": "39234",
    "RawText": "선풍기 바람이 부드럽고 시원해서  좋아요~쇼파나 식탁에 있어도 리모컨만 있으면 편하게 사용할 수 있어서 아주 좋아요!",
    "Source": "쇼핑몰",
    "Domain": "가전",
    "MainCategory": "계절가전",
    "ProductName": "르젠 LZEF-DC180",
    "ReviewScore": "5",
    "Syllable": "65",
    "Word": "15",
    "RDate": "20220713",
    "GeneralPolarity": "1",
    "Aspects": [
      {
        "Aspect": "기능",
        "SentimentText": "선풍기 바람이 부드럽고 시원해서  좋아요~",
        "SentimentWord": "5",
        "SentimentPolarity": "1"
      },
      {
        "Aspect": "편의성",
        "SentimentText": "쇼파나 식탁에 있어도 리모컨만 있으면 편하게 사용할 수 있어서 아주 좋아요!",
        "SentimentWord": "11",
        "SentimentPolarity": "1"
      }
    ]
  },
  {
    "Index": "39239",
    "RawText": "디자인은 깔끔해서  맘에 듭니다.  하지만 제품이 가벼워보이고 내구성이  약한것 같아요.",
    "Source": "쇼핑몰",
    "Domain": "가전",
    "MainCategory": "계절가전",
    "ProductName": "르젠 LZEF-DC180",
    "ReviewScore": "2",
    "Syllable": "49",
    "Word": "10",
    "RDate": "20200813",
    "GeneralPolarity": "0",
    "Aspects": [
      {
        "Aspect": "디자인",
        "SentimentText": "디자인은 깔끔해서  맘에 듭니다.",
        "SentimentWord": "4",
        "SentimentPolarity": "1"
      },
      {
        "Aspect": "내구성",
        "SentimentText": " 하지만 제품이 가벼워보이고 내구성이  약한것 같아요.",
        "SentimentWord": "6",
        "SentimentPolarity": "-1"
      }
    ]
  },
  {
    "Index": "39240",
    "RawText": "가격은 저렴하게 잘 구매했어요~제품의 조립도 간편하고 사용법도 쉬워서 만족스럽네요^^",
    "Source": "쇼핑몰",
    "Domain": "가전",
    "MainCategory": "계절가전",
    "ProductName": "르젠 LZEF-DC180",
    "ReviewScore": "5",
    "Syllable": "47",
    "Word": "9",
    "RDate": "20190713",
    "GeneralPolarity": "1",
    "Aspects": [
      {
        "Aspect": "가격",
        "SentimentText": "가격은 저렴하게 잘 구매했어요~",
        "SentimentWord": "4",
        "SentimentPolarity": "1"
      },
      {
        "Aspect": "조작성",
        "SentimentText": "제품의 조립도 간편하고 사용법도 쉬워서 만족스럽네요^^",
        "SentimentWord": "6",
        "SentimentPolarity": "1"
      }
    ]
  },
  {
    "Index": "39241",
    "RawText": "급하게  필요해서 샀는데 너무 잘 샀어요.선풍기 바람도 강하고 시원하니 성능이 좋아요!! 디자인도 심플해서 예뻐요^^",
    "Source": "쇼핑몰",
    "Domain": "가전",
    "MainCategory": "계절가전",
    "ProductName": "르젠 LZEF-DC180",
    "ReviewScore": "5",
    "Syllable": "65",
    "Word": "14",
    "RDate": "20220817",
    "GeneralPolarity": "1",
    "Aspects": [
      {
        "Aspect": "기능",
        "SentimentText": "급하게  필요해서 샀는데 너무 잘 샀어요.선풍기 바람도 강하고 시원하니 성능이 좋아요!!",
        "SentimentWord": "11",
        "SentimentPolarity": "1"
      },
      {
        "Aspect": "디자인",
        "SentimentText": "디자인도 심플해서 예뻐요^^",
        "SentimentWord": "3",
        "SentimentPolarity": "1"
      }
    ]
  },
  {
    "Index": "39242",
    "RawText": "플라스틱 재질이 약간 싼티가 나서 고급스럽지 않네요. 그런데 선풍기는 시원하고 풍속조절, 회전등  기능이 다양하고 좋아요~ 가격대비 가성비 좋은 제품이라 만족해요~",
    "Source": "쇼핑몰",
    "Domain": "가전",
    "MainCategory": "계절가전",
    "ProductName": "르젠 LZEF-DC180",
    "ReviewScore": "5",
    "Syllable": "91",
    "Word": "20",
    "RDate": "20210619",
    "GeneralPolarity": "0",
    "Aspects": [
      {
        "Aspect": "소재",
        "SentimentText": "플라스틱 재질이 약간 싼티가 나서 고급스럽지 않네요.",
        "SentimentWord": "7",
        "SentimentPolarity": "-1"
      },
      {
        "Aspect": "기능",
        "SentimentText": "그런데 선풍기는 시원하고 풍속조절, 회전등  기능이 다양하고 좋아요~",
        "SentimentWord": "8",
        "SentimentPolarity": "1"
      },
      {
        "Aspect": "가격",
        "SentimentText": "가격대비 가성비 좋은 제품이라 만족해요~",
        "SentimentWord": "5",
        "SentimentPolarity": "1"
      }
    ]
  },
  {
    "Index": "39243",
    "RawText": "색상이 매트한 느낌의 아이보리 색이라 은은하니  예뻐요^^디자인도 깔끔하고 세련되서 훌륭하네요~ 선풍기 바람도 시원하고  회전,풍속,높이조절등 다양한 기능도 마음에 들어요.",
    "Source": "쇼핑몰",
    "Domain": "가전",
    "MainCategory": "계절가전",
    "ProductName": "르젠 LZEF-DC180",
    "ReviewScore": "5",
    "Syllable": "96",
    "Word": "18",
    "RDate": "20210622",
    "GeneralPolarity": "1",
    "Aspects": [
      {
        "Aspect": "색상",
        "SentimentText": "색상이 매트한 느낌의 아이보리 색이라 은은하니  예뻐요^^",
        "SentimentWord": "7",
        "SentimentPolarity": "1"
      },
      {
        "Aspect": "디자인",
        "SentimentText": "디자인도 깔끔하고 세련되서 훌륭하네요~",
        "SentimentWord": "4",
        "SentimentPolarity": "1"
      },
      {
        "Aspect": "기능",
        "SentimentText": "선풍기 바람도 시원하고  회전,풍속,높이조절등 다양한 기능도 마음에 들어요.",
        "SentimentWord": "8",
        "SentimentPolarity": "1"
      }
    ]
  },
  {
    "Index": "39244",
    "RawText": "선풍기 재질이 고급스럽지 않네요...약간 싼티가 나요. 바람은 잘 나와서 시원하고 성능은 좋아요~",
    "Source": "쇼핑몰",
    "Domain": "가전",
    "MainCategory": "계절가전",
    "ProductName": "르젠 LZEF-DC180",
    "ReviewScore": "5",
    "Syllable": "54",
    "Word": "12",
    "RDate": "20220702",
    "GeneralPolarity": "0",
    "Aspects": [
      {
        "Aspect": "소재",
        "SentimentText": "선풍기 재질이 고급스럽지 않네요...약간 싼티가 나요.",
        "SentimentWord": "6",
        "SentimentPolarity": "-1"
      },
      {
        "Aspect": "기능",
        "SentimentText": "바람은 잘 나와서 시원하고 성능은 좋아요~",
        "SentimentWord": "6",
        "SentimentPolarity": "1"
      }
    ]
  },
  {
    "Index": "39245",
    "RawText": "생각보다 바람이 시원하지 않아서 틀어놓아도 실내온도가 내려가지 않네요. 성능이 너무 안좋아요 ㅜ 등급이 낮은 선풍기와 성능이 비슷한 수준이라 바꾼 보람이 없네요.",
    "Source": "쇼핑몰",
    "Domain": "가전",
    "MainCategory": "계절가전",
    "ProductName": "르젠 LZEF-DC180",
    "ReviewScore": "3",
    "Syllable": "90",
    "Word": "21",
    "RDate": "20180530",
    "GeneralPolarity": "-1",
    "Aspects": [
      {
        "Aspect": "기능",
        "SentimentText": "생각보다 바람이 시원하지 않아서 틀어놓아도 실내온도가 내려가지 않네요. 성능이 너무 안좋아요 ㅜ",
        "SentimentWord": "12",
        "SentimentPolarity": "-1"
      },
      {
        "Aspect": "기능",
        "SentimentText": "등급이 낮은 선풍기와 성능이 비슷한 수준이라 바꾼 보람이 없네요.",
        "SentimentWord": "9",
        "SentimentPolarity": "-1"
      }
    ]
  },
  {
    "Index": "39246",
    "RawText": "바람이 부드럽게 잘 나오고 풍속조절도 미세하게 되어서 좋습니다. 소음도 생각보다 없는편이라 조용하고요. 가격은 적립금과 할인쿠폰으로 저렴하게 구매했어요^^ ",
    "Source": "쇼핑몰",
    "Domain": "가전",
    "MainCategory": "계절가전",
    "ProductName": "르젠 LZEF-DC180",
    "ReviewScore": "5",
    "Syllable": "87",
    "Word": "17",
    "RDate": "20220808",
    "GeneralPolarity": "1",
    "Aspects": [
      {
        "Aspect": "기능",
        "SentimentText": "바람이 부드럽게 잘 나오고 풍속조절도 미세하게 되어서 좋습니다. ",
        "SentimentWord": "8",
        "SentimentPolarity": "1"
      },
      {
        "Aspect": "소음",
        "SentimentText": "소음도 생각보다 없는편이라 조용하고요.",
        "SentimentWord": "4",
        "SentimentPolarity": "1"
      },
      {
        "Aspect": "가격",
        "SentimentText": "가격은 적립금과 할인쿠폰으로 저렴하게 구매했어요^^",
        "SentimentWord": "5",
        "SentimentPolarity": "1"
      }
    ]
  },
  {
    "Index": "39247",
    "RawText": "화이트 컬러로 구매했는데 깔끔해서 예뻐요.선풍기 조립도 간편하고 조작법도 쉬워요~ ",
    "Source": "쇼핑몰",
    "Domain": "가전",
    "MainCategory": "계절가전",
    "ProductName": "르젠 LZEF-DC180",
    "ReviewScore": "5",
    "Syllable": "46",
    "Word": "9",
    "RDate": "20190523",
    "GeneralPolarity": "1",
    "Aspects": [
      {
        "Aspect": "색상",
        "SentimentText": "화이트 컬러로 구매했는데 깔끔해서 예뻐요.",
        "SentimentWord": "5",
        "SentimentPolarity": "1"
      },
      {
        "Aspect": "조작성",
        "SentimentText": "선풍기 조립도 간편하고 조작법도 쉬워요~",
        "SentimentWord": "5",
        "SentimentPolarity": "1"
      }
    ]
  },
  {
    "Index": "39248",
    "RawText": "가격은 할인 받아서 저렴하게 잘 구매해서 좋아요~디자인은 깔끔해서 마음에 드네요.",
    "Source": "쇼핑몰",
    "Domain": "가전",
    "MainCategory": "계절가전",
    "ProductName": "르젠 LZEF-DC180",
    "ReviewScore": "5",
    "Syllable": "45",
    "Word": "10",
    "RDate": "20190523",
    "GeneralPolarity": "1",
    "Aspects": [
      {
        "Aspect": "가격",
        "SentimentText": "가격은 할인 받아서 저렴하게 잘 구매해서 좋아요~",
        "SentimentWord": "7",
        "SentimentPolarity": "1"
      },
      {
        "Aspect": "디자인",
        "SentimentText": "디자인은 깔끔해서 마음에 드네요. ",
        "SentimentWord": "4",
        "SentimentPolarity": "1"
      }
    ]
  },
  {
    "Index": "39250",
    "RawText": "7엽 날개라 바람이 시원하고 부드러워서 좋아요~소음은 저속모드시 아주 조용한데 고속모드에는 바람소리가 나서 약간 시끄럽네요.",
    "Source": "쇼핑몰",
    "Domain": "가전",
    "MainCategory": "계절가전",
    "ProductName": "르젠 LZEF-DC180",
    "ReviewScore": "5",
    "Syllable": "69",
    "Word": "14",
    "RDate": "20180822",
    "GeneralPolarity": "0",
    "Aspects": [
      {
        "Aspect": "기능",
        "SentimentText": "7엽 날개라 바람이 시원하고 부드러워서 좋아요~",
        "SentimentWord": "6",
        "SentimentPolarity": "1"
      },
      {
        "Aspect": "소음",
        "SentimentText": "소음은 저속모드시 아주 조용한데 고속모드에는 바람소리가 나서 약간 시끄럽네요.",
        "SentimentWord": "9",
        "SentimentPolarity": "0"
      }
    ]
  },
  {
    "Index": "39251",
    "RawText": "날개  컬러가 약간 아이보리색이라 좋아요~무게는 굉장히 가벼워서 들기에 무리가 없어 좋구요. 바람세기 단계도 많고 기능도 다양하고 바람이 시원해서 만족합니다.",
    "Source": "쇼핑몰",
    "Domain": "가전",
    "MainCategory": "계절가전",
    "ProductName": "르젠 LZEF-DC180",
    "ReviewScore": "5",
    "Syllable": "88",
    "Word": "19",
    "RDate": "20220719",
    "GeneralPolarity": "1",
    "Aspects": [
      {
        "Aspect": "색상",
        "SentimentText": "날개  컬러가 약간 아이보리색이라 좋아요~",
        "SentimentWord": "5",
        "SentimentPolarity": "1"
      },
      {
        "Aspect": "무게",
        "SentimentText": "무게는 굉장히 가벼워서 들기에 무리가 없어 좋구요.",
        "SentimentWord": "7",
        "SentimentPolarity": "1"
      },
      {
        "Aspect": "기능",
        "SentimentText": "바람세기 단계도 많고 기능도 다양하고 바람이 시원해서 만족합니다.",
        "SentimentWord": "8",
        "SentimentPolarity": "1"
      }
    ]
  },
  {
    "Index": "39252",
    "RawText": "저속모드로 작동시 소음은 거의 없고 조용해서 좋아요~ 그런데 콘센트에 전원선 꼽을때 매번 스파크가 나서 불안해요. 금방 고장날것 같아요...",
    "Source": "쇼핑몰",
    "Domain": "가전",
    "MainCategory": "계절가전",
    "ProductName": "르젠 LZEF-DC180",
    "ReviewScore": "5",
    "Syllable": "78",
    "Word": "18",
    "RDate": "20220728",
    "GeneralPolarity": "0",
    "Aspects": [
      {
        "Aspect": "소음",
        "SentimentText": "저속모드로 작동시 소음은 거의 없고 조용해서 좋아요~",
        "SentimentWord": "7",
        "SentimentPolarity": "1"
      },
      {
        "Aspect": "품질",
        "SentimentText": "그런데 콘센트에 전원선 꼽을때 매번 스파크가 나서 불안해요. 금방 고장날것 같아요...",
        "SentimentWord": "11",
        "SentimentPolarity": "-1"
      }
    ]
  },
  {
    "Index": "39253",
    "RawText": "소음이 거의 없어서 조용해서 너무 좋아요~ 선풍기 회전시 상하각도조절도 리모컨으로 되면  더 편할것같아요.직접 해줘야하니 번거로워요.",
    "Source": "쇼핑몰",
    "Domain": "가전",
    "MainCategory": "계절가전",
    "ProductName": "르젠 LZEF-DC180",
    "ReviewScore": "5",
    "Syllable": "74",
    "Word": "15",
    "RDate": "20200918",
    "GeneralPolarity": "0",
    "Aspects": [
      {
        "Aspect": "소음",
        "SentimentText": "소음이 거의 없어서 조용해서 너무 좋아요~",
        "SentimentWord": "6",
        "SentimentPolarity": "1"
      },
      {
        "Aspect": "기능",
        "SentimentText": "선풍기 회전시 상하각도조절도 리모컨으로 되면  더 편할것같아요.직접 해줘야하니 번거로워요.",
        "SentimentWord": "9",
        "SentimentPolarity": "-1"
      }
    ]
  },
  {
    "Index": "39254",
    "RawText": "무게가 가벼워서 옮겨다니며 사용하기에 괜찮네요. 1단계 바람세기도 강한편이라 약풍기능이 없는것같아서 조금 아쉽네요. ",
    "Source": "쇼핑몰",
    "Domain": "가전",
    "MainCategory": "계절가전",
    "ProductName": "르젠 LZEF-DC180",
    "ReviewScore": "4",
    "Syllable": "65",
    "Word": "12",
    "RDate": "20220605",
    "GeneralPolarity": "0",
    "Aspects": [
      {
        "Aspect": "무게",
        "SentimentText": "무게가 가벼워서 옮겨다니며 사용하기에 괜찮네요.",
        "SentimentWord": "5",
        "SentimentPolarity": "1"
      },
      {
        "Aspect": "기능",
        "SentimentText": "1단계 바람세기도 강한편이라 약풍기능이 없는것같아서 조금 아쉽네요.",
        "SentimentWord": "7",
        "SentimentPolarity": "-1"
      }
    ]
  },
  {
    "Index": "39255",
    "RawText": "바람도 시원해서 좋고 선풍기 키가 높아서 편하고 만족스러워요~ 소음은 약간 나지만 조용한편이라 거슬리는 정도는 아니어서 괜찮아요. 그런데 색상이 선명한 화이트색이 아니라 어중간해서 아쉬워요ㅜ",
    "Source": "쇼핑몰",
    "Domain": "가전",
    "MainCategory": "계절가전",
    "ProductName": "르젠 LZEF-DC180",
    "ReviewScore": "5",
    "Syllable": "106",
    "Word": "23",
    "RDate": "20190511",
    "GeneralPolarity": "0",
    "Aspects": [
      {
        "Aspect": "기능",
        "SentimentText": "바람도 시원해서 좋고 선풍기 키가 높아서 편하고 만족스러워요~",
        "SentimentWord": "8",
        "SentimentPolarity": "1"
      },
      {
        "Aspect": "소음",
        "SentimentText": "소음은 약간 나지만 조용한편이라 거슬리는 정도는 아니어서 괜찮아요.",
        "SentimentWord": "8",
        "SentimentPolarity": "0"
      },
      {
        "Aspect": "색상",
        "SentimentText": "그런데 색상이 선명한 화이트색이 아니라 어중간해서 아쉬워요ㅜ",
        "SentimentWord": "7",
        "SentimentPolarity": "-1"
      }
    ]
  },
  {
    "Index": "39256",
    "RawText": "올여름 구매한 선풍기 성능이 너무 좋아요. 바람이 너무 시원하고 키높이가 있어서 더 시원하게 느껴져요^^ 특히 소리가 크게 나지 않아서 소음 스트레스가 없어 너무 좋아요!!",
    "Source": "쇼핑몰",
    "Domain": "가전",
    "MainCategory": "계절가전",
    "ProductName": "르젠 LZEF-DC180",
    "ReviewScore": "5",
    "Syllable": "96",
    "Word": "24",
    "RDate": "20190508",
    "GeneralPolarity": "1",
    "Aspects": [
      {
        "Aspect": "기능",
        "SentimentText": "올여름 구매한 선풍기 성능이 너무 좋아요. 바람이 너무 시원하고 키높이가 있어서 더 시원하게 느껴져요^^",
        "SentimentWord": "14",
        "SentimentPolarity": "1"
      },
      {
        "Aspect": "소음",
        "SentimentText": "특히 소리가 크게 나지 않아서 소음 스트레스가 없어 너무 좋아요!!",
        "SentimentWord": "10",
        "SentimentPolarity": "1"
      }
    ]
  },
  {
    "Index": "39258",
    "RawText": "사용하던 선풍기인데 바람이  잘 나오고 성능이 좋아서 재구매했어요. 소음도 거의 느껴지지 않고 조용해서 좋습니다. ",
    "Source": "쇼핑몰",
    "Domain": "가전",
    "MainCategory": "계절가전",
    "ProductName": "르젠 LZEF-DC180",
    "ReviewScore": "5",
    "Syllable": "64",
    "Word": "14",
    "RDate": "20210611",
    "GeneralPolarity": "1",
    "Aspects": [
      {
        "Aspect": "기능",
        "SentimentText": "사용하던 선풍기인데 바람이  잘 나오고 성능이 좋아서 재구매했어요.",
        "SentimentWord": "8",
        "SentimentPolarity": "1"
      },
      {
        "Aspect": "소음",
        "SentimentText": "소음도 거의 느껴지지 않고 조용해서 좋습니다.",
        "SentimentWord": "6",
        "SentimentPolarity": "1"
      }
    ]
  },
  {
    "Index": "39259",
    "RawText": "가격이 저렴해서 좋아요~디자인도 깔끔해서 마음에 들고요^^ 그런데 선풍기 프로펠러 균형이 잘 안맞아서 작동시 살짝 흔들거리는데 고장인것 같아요 ㅜ 풍속조절도 6에서 7단계로 넘어가면 갑자기 쎄져서 놀라는게 다반사예요 ㅜ",
    "Source": "쇼핑몰",
    "Domain": "가전",
    "MainCategory": "계절가전",
    "ProductName": "르젠 LZEF-DC180",
    "ReviewScore": "5",
    "Syllable": "122",
    "Word": "27",
    "RDate": "20180614",
    "GeneralPolarity": "0",
    "Aspects": [
      {
        "Aspect": "가격",
        "SentimentText": "가격이 저렴해서 좋아요~",
        "SentimentWord": "3",
        "SentimentPolarity": "1"
      },
      {
        "Aspect": "디자인",
        "SentimentText": "디자인도 깔끔해서 마음에 들고요^^",
        "SentimentWord": "4",
        "SentimentPolarity": "1"
      },
      {
        "Aspect": "품질",
        "SentimentText": "그런데 선풍기 프로펠러 균형이 잘 안맞아서 작동시 살짝 흔들거리는데 고장인것 같아요 ㅜ",
        "SentimentWord": "12",
        "SentimentPolarity": "-1"
      },
      {
        "Aspect": "기능",
        "SentimentText": "풍속조절도 6에서 7단계로 넘어가면 갑자기 쎄져서 놀라는게 다반사예요 ㅜ",
        "SentimentWord": "9",
        "SentimentPolarity": "-1"
      }
    ]
  },
  {
    "Index": "39260",
    "RawText": "선풍기 색상이 깨끗한 화이트색이라서 마음에 듭니다^^ 디자인도 깔끔해서 너무 예뻐요!!",
    "Source": "쇼핑몰",
    "Domain": "가전",
    "MainCategory": "계절가전",
    "ProductName": "르젠 LZEF-DC180",
    "ReviewScore": "5",
    "Syllable": "48",
    "Word": "10",
    "RDate": "20190521",
    "GeneralPolarity": "1",
    "Aspects": [
      {
        "Aspect": "색상",
        "SentimentText": "선풍기 색상이 깨끗한 화이트색이라서 마음에 듭니다^^ ",
        "SentimentWord": "6",
        "SentimentPolarity": "1"
      },
      {
        "Aspect": "디자인",
        "SentimentText": "디자인도 깔끔해서 너무 예뻐요!!",
        "SentimentWord": "4",
        "SentimentPolarity": "1"
      }
    ]
  },
  {
    "Index": "39261",
    "RawText": "디자인이 깔끔해서 마음에 드네요~ 색상은 블랙이라기 보다 차콜색에 가까운데 더 예쁘네요. 바람도 굉장히 강하고 시원해서 아주 좋아요~",
    "Source": "쇼핑몰",
    "Domain": "가전",
    "MainCategory": "계절가전",
    "ProductName": "르젠 LZEF-DC180",
    "ReviewScore": "5",
    "Syllable": "74",
    "Word": "17",
    "RDate": "20220623",
    "GeneralPolarity": "1",
    "Aspects": [
      {
        "Aspect": "디자인",
        "SentimentText": "디자인이 깔끔해서 마음에 드네요~ ",
        "SentimentWord": "4",
        "SentimentPolarity": "1"
      },
      {
        "Aspect": "색상",
        "SentimentText": " 색상은 블랙이라기 보다 차콜색에 가까운데 더 예쁘네요.",
        "SentimentWord": "7",
        "SentimentPolarity": "1"
      },
      {
        "Aspect": "기능",
        "SentimentText": "바람도 굉장히 강하고 시원해서 아주 좋아요~",
        "SentimentWord": "6",
        "SentimentPolarity": "1"
      }
    ]
  },
  {
    "Index": "39262",
    "RawText": "디자인이 너무 깔끔해서 좋습니다~선풍기 소음도 확실히 적어서 조용해요. 바람도 강하고 시원해서 강력추천합니다!!",
    "Source": "쇼핑몰",
    "Domain": "가전",
    "MainCategory": "계절가전",
    "ProductName": "르젠 LZEF-DC180",
    "ReviewScore": "5",
    "Syllable": "62",
    "Word": "12",
    "RDate": "20180531",
    "GeneralPolarity": "1",
    "Aspects": [
      {
        "Aspect": "디자인",
        "SentimentText": "디자인이 너무 깔끔해서 좋습니다~",
        "SentimentWord": "4",
        "SentimentPolarity": "1"
      },
      {
        "Aspect": "소음",
        "SentimentText": "선풍기 소음도 확실히 적어서 조용해요. ",
        "SentimentWord": "5",
        "SentimentPolarity": "1"
      },
      {
        "Aspect": "기능",
        "SentimentText": "바람도 강하고 시원해서 강력추천합니다!!",
        "SentimentWord": "4",
        "SentimentPolarity": "1"
      }
    ]
  },
  {
    "Index": "39263",
    "RawText": "저속모드에서도 풍량이 상당히 강해서 시원하고 좋아요!! 소음도 거의 없어서 만족합니다.디자인도 깔끔해서 좋습니다^^",
    "Source": "쇼핑몰",
    "Domain": "가전",
    "MainCategory": "계절가전",
    "ProductName": "르젠 LZEF-DC180",
    "ReviewScore": "5",
    "Syllable": "64",
    "Word": "12",
    "RDate": "20220719",
    "GeneralPolarity": "1",
    "Aspects": [
      {
        "Aspect": "기능",
        "SentimentText": "저속모드에서도 풍량이 상당히 강해서 시원하고 좋아요!! ",
        "SentimentWord": "6",
        "SentimentPolarity": "1"
      },
      {
        "Aspect": "소음",
        "SentimentText": "소음도 거의 없어서 만족합니다.",
        "SentimentWord": "4",
        "SentimentPolarity": "1"
      },
      {
        "Aspect": "디자인",
        "SentimentText": "디자인도 깔끔해서 좋습니다^^",
        "SentimentWord": "3",
        "SentimentPolarity": "1"
      }
    ]
  },
  {
    "Index": "39264",
    "RawText": "선풍기 디자인이 정말 세련되고 예뻐요~색상도  깨끗한 화이트 색상이라 환해서 좋네요. 바람세기도 단계별로 있고 시원해서 만족스러워요~",
    "Source": "쇼핑몰",
    "Domain": "가전",
    "MainCategory": "계절가전",
    "ProductName": "르젠 LZEF-DC180",
    "ReviewScore": "5",
    "Syllable": "74",
    "Word": "15",
    "RDate": "20180623",
    "GeneralPolarity": "1",
    "Aspects": [
      {
        "Aspect": "디자인",
        "SentimentText": "선풍기 디자인이 정말 세련되고 예뻐요~",
        "SentimentWord": "5",
        "SentimentPolarity": "1"
      },
      {
        "Aspect": "색상",
        "SentimentText": "색상도  깨끗한 화이트 색상이라 환해서 좋네요.",
        "SentimentWord": "6",
        "SentimentPolarity": "1"
      },
      {
        "Aspect": "기능",
        "SentimentText": "바람세기도 단계별로 있고 시원해서 만족스러워요~",
        "SentimentWord": "5",
        "SentimentPolarity": "1"
      }
    ]
  },
  {
    "Index": "39265",
    "RawText": "디자인이 1세대보다 훨씬 깔끔해서 예뻐요~가격도 적당해서 부담없이 구매했어요.선풍기 바람도 부드럽고 시원하고 성능좋습니다!",
    "Source": "쇼핑몰",
    "Domain": "가전",
    "MainCategory": "계절가전",
    "ProductName": "르젠 LZEF-DC180",
    "ReviewScore": "5",
    "Syllable": "68",
    "Word": "12",
    "RDate": "20210701",
    "GeneralPolarity": "1",
    "Aspects": [
      {
        "Aspect": "디자인",
        "SentimentText": "디자인이 1세대보다 훨씬 깔끔해서 예뻐요~",
        "SentimentWord": "5",
        "SentimentPolarity": "1"
      },
      {
        "Aspect": "가격",
        "SentimentText": "가격도 적당해서 부담없이 구매했어요.",
        "SentimentWord": "4",
        "SentimentPolarity": "1"
      },
      {
        "Aspect": "기능",
        "SentimentText": "선풍기 바람도 부드럽고 시원하고 성능좋습니다!",
        "SentimentWord": "5",
        "SentimentPolarity": "1"
      }
    ]
  },
  {
    "Index": "39266",
    "RawText": "디자인이 예뻐서 마음에 쏙 듭니다. 속도 조절도 가능해서 사용하기 좋아요. 가성비 좋은 제품으로 아주 만족하며 사용하고 있습니다.",
    "Source": "쇼핑몰",
    "Domain": "가전",
    "MainCategory": "계절가전",
    "ProductName": "르젠 LZEF-DC180",
    "ReviewScore": "5",
    "Syllable": "72",
    "Word": "17",
    "RDate": "20220619",
    "GeneralPolarity": "1",
    "Aspects": [
      {
        "Aspect": "디자인",
        "SentimentText": "디자인이 예뻐서 마음에 쏙 듭니다.",
        "SentimentWord": "5",
        "SentimentPolarity": "1"
      },
      {
        "Aspect": "기능",
        "SentimentText": "속도 조절도 가능해서 사용하기 좋아요.",
        "SentimentWord": "5",
        "SentimentPolarity": "1"
      },
      {
        "Aspect": "가격",
        "SentimentText": "가성비 좋은 제품으로 아주 만족하며 사용하고 있습니다.",
        "SentimentWord": "7",
        "SentimentPolarity": "1"
      }
    ]
  },
  {
    "Index": "39267",
    "RawText": "슬림한 디자인이  맘에 들어요~바람세기 조절단계를 자세하게 구분 해놔서 조절하기 좋습니다.적극추천! ",
    "Source": "쇼핑몰",
    "Domain": "가전",
    "MainCategory": "계절가전",
    "ProductName": "르젠 LZEF-DC180",
    "ReviewScore": "5",
    "Syllable": "56",
    "Word": "10",
    "RDate": "20180703",
    "GeneralPolarity": "1",
    "Aspects": [
      {
        "Aspect": "디자인",
        "SentimentText": "슬림한 디자인이  맘에 들어요~",
        "SentimentWord": "4",
        "SentimentPolarity": "1"
      },
      {
        "Aspect": "조작성",
        "SentimentText": "바람세기 조절단계를 자세하게 구분 해놔서 조절하기 좋습니다.적극추천!",
        "SentimentWord": "7",
        "SentimentPolarity": "1"
      }
    ]
  },
  {
    "Index": "39268",
    "RawText": "디자인은 심플해서 마음에 들어요~ 그런데 자연풍, 초미풍, 수면풍은 거의 별차이가 없어요... 초미풍도 바람이 강해서 거슬리고 별로네요ㅜㅜ",
    "Source": "쇼핑몰",
    "Domain": "가전",
    "MainCategory": "계절가전",
    "ProductName": "르젠 LZEF-DC180",
    "ReviewScore": "4",
    "Syllable": "77",
    "Word": "16",
    "RDate": "20210629",
    "GeneralPolarity": "0",
    "Aspects": [
      {
        "Aspect": "디자인",
        "SentimentText": "디자인은 심플해서 마음에 들어요~",
        "SentimentWord": "4",
        "SentimentPolarity": "1"
      },
      {
        "Aspect": "기능",
        "SentimentText": "자연풍, 초미풍, 수면풍은 거의 별차이가 없어요... 초미풍도 바람이 강해서 거슬리고 별로네요ㅜㅜ",
        "SentimentWord": "11",
        "SentimentPolarity": "-1"
      }
    ]
  },
  {
    "Index": "39269",
    "RawText": "바람이 좀 약하지만 사용할만 합니다. 배터리가 생각보다 오래가지 않아 아쉬워요.",
    "Source": "쇼핑몰",
    "Domain": "가전",
    "MainCategory": "계절가전",
    "ProductName": "르젠 LZEF-DC180",
    "ReviewScore": "5",
    "Syllable": "44",
    "Word": "10",
    "RDate": "20190313",
    "GeneralPolarity": "0",
    "Aspects": [
      {
        "Aspect": "기능",
        "SentimentText": "바람이 좀 약하지만 사용할만 합니다.",
        "SentimentWord": "5",
        "SentimentPolarity": "0"
      },
      {
        "Aspect": "배터리",
        "SentimentText": "배터리가 생각보다 오래가지 않아 아쉬워요.",
        "SentimentWord": "5",
        "SentimentPolarity": "-1"
      }
    ]
  },
  {
    "Index": "39270",
    "RawText": "00 제품 추가구매 했는데 회전기능도 불편하고 버튼도 잘 눌리지 않아서 정말 별로네요.",
    "Source": "쇼핑몰",
    "Domain": "가전",
    "MainCategory": "계절가전",
    "ProductName": "르젠 LZEF-DC180",
    "ReviewScore": "2",
    "Syllable": "48",
    "Word": "12",
    "RDate": "20220808",
    "GeneralPolarity": "-1",
    "Aspects": [
      {
        "Aspect": "기능",
        "SentimentText": "회전기능도 불편하고",
        "SentimentWord": "2",
        "SentimentPolarity": "-1"
      },
      {
        "Aspect": "조작성",
        "SentimentText": "버튼도 잘 눌리지 않아서 정말 별로네요.",
        "SentimentWord": "6",
        "SentimentPolarity": "-1"
      }
    ]
  },
  {
    "Index": "39271",
    "RawText": "바람이 부드럽고 바람세기 조절이 자세하게 세분화 되어있어서 아이들 재울때 너무 좋아요~ 소음도 거의 없고 조용해서 두번째 주문했네요^^ ",
    "Source": "쇼핑몰",
    "Domain": "가전",
    "MainCategory": "계절가전",
    "ProductName": "르젠 LZEF-DC180",
    "ReviewScore": "5",
    "Syllable": "76",
    "Word": "17",
    "RDate": "20210620",
    "GeneralPolarity": "1",
    "Aspects": [
      {
        "Aspect": "기능",
        "SentimentText": "바람이 부드럽고 바람세기 조절이 자세하게 세분화 되어있어서 아이들 재울때 너무 좋아요~",
        "SentimentWord": "11",
        "SentimentPolarity": "1"
      },
      {
        "Aspect": "소음",
        "SentimentText": "소음도 거의 없고 조용해서 두번째 주문했네요^^",
        "SentimentWord": "6",
        "SentimentPolarity": "1"
      }
    ]
  },
  {
    "Index": "39273",
    "RawText": "00 제품들 중에서 버튼 배치가 가장 깔끔하게 되어있는 디자인이 정말 마음에 듭니다. 리모컨이 자석식으로 부착되어 있어서 분실걱정 덜었네요. 리모컨 보호 커버도 있어서 만족합니다.",
    "Source": "쇼핑몰",
    "Domain": "가전",
    "MainCategory": "계절가전",
    "ProductName": "르젠 LZEF-DC180",
    "ReviewScore": "5",
    "Syllable": "100",
    "Word": "23",
    "RDate": "20210618",
    "GeneralPolarity": "1",
    "Aspects": [
      {
        "Aspect": "디자인",
        "SentimentText": "버튼 배치가 가장 깔끔하게 되어있는 디자인이 정말 마음에 듭니다.",
        "SentimentWord": "9",
        "SentimentPolarity": "1"
      },
      {
        "Aspect": "편의성",
        "SentimentText": "리모컨이 자석식으로 부착되어 있어서 분실걱정 덜었네요.",
        "SentimentWord": "6",
        "SentimentPolarity": "1"
      },
      {
        "Aspect": "제품구성",
        "SentimentText": "리모컨 보호 커버도 있어서 만족합니다.",
        "SentimentWord": "5",
        "SentimentPolarity": "1"
      }
    ]
  },
  {
    "Index": "39274",
    "RawText": "어제 주문했는데 빨리 왔네요~ 조립도 간단하게 할 수 있어 좋네요 소음도 없고 조용해서 좋아요~ 바람도 시원한게 만족합니다.",
    "Source": "쇼핑몰",
    "Domain": "가전",
    "MainCategory": "계절가전",
    "ProductName": "르젠 LZEF-DC180",
    "ReviewScore": "5",
    "Syllable": "69",
    "Word": "17",
    "RDate": "20190521",
    "GeneralPolarity": "1",
    "Aspects": [
      {
        "Aspect": "조작성",
        "SentimentText": "조립도 간단하게 할 수 있어 좋네요",
        "SentimentWord": "6",
        "SentimentPolarity": "1"
      },
      {
        "Aspect": "소음",
        "SentimentText": "소음도 없고 조용해서 좋아요~",
        "SentimentWord": "4",
        "SentimentPolarity": "1"
      }
    ]
  },
  {
    "Index": "39275",
    "RawText": "00선풍기 정말 강추해요!!!! 소음이 엄청 없어서 밤마다 꿀잠자고 있습니다. 이번에 추가로 구매했는데 할인된 가격에 저렴하게 구입해서 정말 좋네요!!!!",
    "Source": "쇼핑몰",
    "Domain": "가전",
    "MainCategory": "계절가전",
    "ProductName": "르젠 LZEF-DC180",
    "ReviewScore": "5",
    "Syllable": "86",
    "Word": "18",
    "RDate": "20200731",
    "GeneralPolarity": "1",
    "Aspects": [
      {
        "Aspect": "제조일/제조사",
        "SentimentText": "00선풍기 정말 강추해요!!!!",
        "SentimentWord": "3",
        "SentimentPolarity": "1"
      },
      {
        "Aspect": "소음",
        "SentimentText": "소음이 엄청 없어서 밤마다 꿀잠자고 있습니다. ",
        "SentimentWord": "6",
        "SentimentPolarity": "1"
      },
      {
        "Aspect": "가격",
        "SentimentText": "할인된 가격에 저렴하게 구입해서 정말 좋네요!!!! ",
        "SentimentWord": "6",
        "SentimentPolarity": "1"
      }
    ]
  },
  {
    "Index": "39276",
    "RawText": "모기장 안에서도 밖으로 나가지 않아도 리모콘으로 작동되서 편하고 좋아요 소음도 없어서 좋아요 바람세기조절도 미세하게 조절 되서 좋아요",
    "Source": "쇼핑몰",
    "Domain": "가전",
    "MainCategory": "계절가전",
    "ProductName": "르젠 LZEF-DC180",
    "ReviewScore": "4",
    "Syllable": "74",
    "Word": "17",
    "RDate": "20220626",
    "GeneralPolarity": "1",
    "Aspects": [
      {
        "Aspect": "편의성",
        "SentimentText": "리모콘으로 작동되서 편하고 좋아요",
        "SentimentWord": "4",
        "SentimentPolarity": "1"
      },
      {
        "Aspect": "소음",
        "SentimentText": "소음도 없어서 좋아요",
        "SentimentWord": "3",
        "SentimentPolarity": "1"
      },
      {
        "Aspect": "기능",
        "SentimentText": "바람세기조절도 미세하게 조절 되서 좋아요",
        "SentimentWord": "5",
        "SentimentPolarity": "1"
      }
    ]
  },
  {
    "Index": "39277",
    "RawText": "후기를 보면서 고민을 살짝 하다 구입했는데 무선기능과 부드러운 자연바람이 아주 만족스러워요. 깔끔한 디자인이 정말 마음에 듭니다~~~",
    "Source": "쇼핑몰",
    "Domain": "가전",
    "MainCategory": "계절가전",
    "ProductName": "르젠 LZEF-DC180",
    "ReviewScore": "5",
    "Syllable": "74",
    "Word": "16",
    "RDate": "20210601",
    "GeneralPolarity": "1",
    "Aspects": [
      {
        "Aspect": "기능",
        "SentimentText": "무선기능과 부드러운 자연바람이 아주 만족스러워요.",
        "SentimentWord": "5",
        "SentimentPolarity": "1"
      },
      {
        "Aspect": "디자인",
        "SentimentText": "깔끔한 디자인이 정말 마음에 듭니다~~~",
        "SentimentWord": "5",
        "SentimentPolarity": "1"
      }
    ]
  },
  {
    "Index": "39278",
    "RawText": "전부 다 화이트라 깔끔하고 인테리어 효과도 있고 좋네요~ 바람세기도 미세하게 조절할 수 있어서 약하게 틀어도 시원하고 좋네요",
    "Source": "쇼핑몰",
    "Domain": "가전",
    "MainCategory": "계절가전",
    "ProductName": "르젠 LZEF-DC180",
    "ReviewScore": "5",
    "Syllable": "69",
    "Word": "17",
    "RDate": "20201121",
    "GeneralPolarity": "1",
    "Aspects": [
      {
        "Aspect": "색상",
        "SentimentText": "전부 다 화이트라 깔끔하고 인테리어 효과도 있고 좋네요~",
        "SentimentWord": "8",
        "SentimentPolarity": "1"
      },
      {
        "Aspect": "기능",
        "SentimentText": "바람세기도 미세하게 조절할 수 있어서 약하게 틀어도 시원하고 좋네요",
        "SentimentWord": "9",
        "SentimentPolarity": "1"
      }
    ]
  },
  {
    "Index": "39279",
    "RawText": "말이 필요없는 제품~ 바람세기 조절이 잘 되고 시원해서 정말 마음에 들어요. 소음이 없어서 잠 자기 좋네요^^ 리모컨도 포함되어 있어 맘에 쏙 들어요~",
    "Source": "쇼핑몰",
    "Domain": "가전",
    "MainCategory": "계절가전",
    "ProductName": "르젠 LZEF-DC180",
    "ReviewScore": "5",
    "Syllable": "84",
    "Word": "22",
    "RDate": "20220704",
    "GeneralPolarity": "1",
    "Aspects": [
      {
        "Aspect": "기능",
        "SentimentText": "바람세기 조절이 잘 되고 시원해서 정말 마음에 들어요.",
        "SentimentWord": "8",
        "SentimentPolarity": "1"
      },
      {
        "Aspect": "소음",
        "SentimentText": "소음이 없어서 잠 자기 좋네요^^",
        "SentimentWord": "5",
        "SentimentPolarity": "1"
      },
      {
        "Aspect": "제품구성",
        "SentimentText": "리모컨도 포함되어 있어 맘에 쏙 들어요~",
        "SentimentWord": "6",
        "SentimentPolarity": "1"
      }
    ]
  },
  {
    "Index": "39281",
    "RawText": "거실에서 사용하고 있는데 무선기능이 있어서 정말 편하네요. 높이 조절이 되지 않아 좀 불만입니다.",
    "Source": "쇼핑몰",
    "Domain": "가전",
    "MainCategory": "계절가전",
    "ProductName": "르젠 LZEF-DC180",
    "ReviewScore": "5",
    "Syllable": "54",
    "Word": "13",
    "RDate": "20190616",
    "GeneralPolarity": "0",
    "Aspects": [
      {
        "Aspect": "편의성",
        "SentimentText": "무선기능이 있어서 정말 편하네요.",
        "SentimentWord": "4",
        "SentimentPolarity": "1"
      },
      {
        "Aspect": "조작성",
        "SentimentText": "높이 조절이 되지 않아 좀 불만입니다.",
        "SentimentWord": "6",
        "SentimentPolarity": "-1"
      }
    ]
  },
  {
    "Index": "39282",
    "RawText": "계속 틀어놔도 소음이 없어서 정말 좋아요~~ 화이트 색상이 누랗게 변색된 느낌의 아이보리라 별로네요",
    "Source": "쇼핑몰",
    "Domain": "가전",
    "MainCategory": "계절가전",
    "ProductName": "르젠 LZEF-DC180",
    "ReviewScore": "4",
    "Syllable": "55",
    "Word": "13",
    "RDate": "20220628",
    "GeneralPolarity": "0",
    "Aspects": [
      {
        "Aspect": "소음",
        "SentimentText": "소음이 없어서 정말 좋아요~~",
        "SentimentWord": "4",
        "SentimentPolarity": "1"
      },
      {
        "Aspect": "색상",
        "SentimentText": "  화이트 색상이 누랗게 변색된 느낌의 아이보리라 별로네요",
        "SentimentWord": "7",
        "SentimentPolarity": "-1"
      }
    ]
  },
  {
    "Index": "39283",
    "RawText": "BLCD모터 사용으로 바람이 부드럽네요~~ 회전시키면 자연바람 같아 숲 속에 있는 느낌이예요 ^^ 제품 퀄리티도 굿이예요! ",
    "Source": "쇼핑몰",
    "Domain": "가전",
    "MainCategory": "계절가전",
    "ProductName": "르젠 LZEF-DC180",
    "ReviewScore": "5",
    "Syllable": "69",
    "Word": "15",
    "RDate": "20190528",
    "GeneralPolarity": "1",
    "Aspects": [
      {
        "Aspect": "기능",
        "SentimentText": "BLCD모터 사용으로 바람이 부드럽네요~~ 회전시키면 자연바람 같아 숲 속에 있는 느낌이예요 ^^",
        "SentimentWord": "12",
        "SentimentPolarity": "1"
      },
      {
        "Aspect": "품질",
        "SentimentText": "제품 퀄리티도 굿이예요!",
        "SentimentWord": "3",
        "SentimentPolarity": "1"
      }
    ]
  },
  {
    "Index": "39284",
    "RawText": "화이트 색상이 누런 아이보리빛이라 실망스럽네요. 제품이 작동을 하지 않아서 정말 화가 납니다.",
    "Source": "쇼핑몰",
    "Domain": "가전",
    "MainCategory": "계절가전",
    "ProductName": "르젠 LZEF-DC180",
    "ReviewScore": "1",
    "Syllable": "52",
    "Word": "12",
    "RDate": "20220713",
    "GeneralPolarity": "-1",
    "Aspects": [
      {
        "Aspect": "색상",
        "SentimentText": "화이트 색상이 누런 아이보리빛이라 실망스럽네요.",
        "SentimentWord": "5",
        "SentimentPolarity": "-1"
      },
      {
        "Aspect": "품질",
        "SentimentText": "제품이 작동을 하지 않아서 정말 화가 납니다.",
        "SentimentWord": "7",
        "SentimentPolarity": "-1"
      }
    ]
  },
  {
    "Index": "39285",
    "RawText": "불만이라고는 찾아 볼 수가 없네요~~ 풍량조절이 무려 24단계나 되서 너무 좋네요! 소음도 느껴지지 않을정도로 조용해서 가장 맘에 듭니다. 무게도 가벼워서 좋아요~~ 디자인도 깔끔하고 군더더기 없어 맘에 들어요 리모콘도 본체에 붙여 쓸수 있어 잃어버리지 않아 편하고 좋네요",
    "Source": "쇼핑몰",
    "Domain": "가전",
    "MainCategory": "계절가전",
    "ProductName": "르젠 LZEF-DC180",
    "ReviewScore": "5",
    "Syllable": "152",
    "Word": "36",
    "RDate": "20220713",
    "GeneralPolarity": "1",
    "Aspects": [
      {
        "Aspect": "기능",
        "SentimentText": "풍량조절이 무려 24단계나 되서 너무 좋네요!",
        "SentimentWord": "6",
        "SentimentPolarity": "1"
      },
      {
        "Aspect": "소음",
        "SentimentText": "소음도 느껴지지 않을정도로 조용해서 가장 맘에 듭니다.",
        "SentimentWord": "7",
        "SentimentPolarity": "1"
      },
      {
        "Aspect": "무게",
        "SentimentText": "무게도 가벼워서 좋아요~~",
        "SentimentWord": "3",
        "SentimentPolarity": "1"
      },
      {
        "Aspect": "디자인",
        "SentimentText": "디자인도 깔끔하고 군더더기 없어 맘에 들어요",
        "SentimentWord": "6",
        "SentimentPolarity": "1"
      },
      {
        "Aspect": "편의성",
        "SentimentText": "리모콘도 본체에 붙여 쓸수 있어 잃어버리지 않아 편하고 좋네요",
        "SentimentWord": "9",
        "SentimentPolarity": "1"
      }
    ]
  },
  {
    "Index": "39286",
    "RawText": "바람조절 단계가 정말 많아서 시원하게 쓰기 좋아요. 5단계까지 올려도 소음이 없어서 엄청 놀랐네요. 가격또한 저렴해서 완전 추천합니다.",
    "Source": "쇼핑몰",
    "Domain": "가전",
    "MainCategory": "계절가전",
    "ProductName": "르젠 LZEF-DC180",
    "ReviewScore": "5",
    "Syllable": "75",
    "Word": "17",
    "RDate": "20190718",
    "GeneralPolarity": "1",
    "Aspects": [
      {
        "Aspect": "기능",
        "SentimentText": "바람조절 단계가 정말 많아서 시원하게 쓰기 좋아요.",
        "SentimentWord": "7",
        "SentimentPolarity": "1"
      },
      {
        "Aspect": "소음",
        "SentimentText": "5단계까지 올려도 소음이 없어서 엄청 놀랐네요.",
        "SentimentWord": "6",
        "SentimentPolarity": "1"
      },
      {
        "Aspect": "가격",
        "SentimentText": "가격또한 저렴해서 완전 추천합니다.",
        "SentimentWord": "4",
        "SentimentPolarity": "1"
      }
    ]
  },
  {
    "Index": "39287",
    "RawText": "세기조절이 27단계!! 정말 미세하게 할 수 있어 맘에 들어요~~  잘때 틀어도 거슬리는 소음이 하나도 없어서 너무 좋네요",
    "Source": "쇼핑몰",
    "Domain": "가전",
    "MainCategory": "계절가전",
    "ProductName": "르젠 LZEF-DC180",
    "ReviewScore": "5",
    "Syllable": "68",
    "Word": "17",
    "RDate": "20180620",
    "GeneralPolarity": "1",
    "Aspects": [
      {
        "Aspect": "기능",
        "SentimentText": "세기조절이 27단계!! 정말 미세하게 할 수 있어 맘에 들어요~~",
        "SentimentWord": "9",
        "SentimentPolarity": "1"
      },
      {
        "Aspect": "소음",
        "SentimentText": "잘때 틀어도 거슬리는 소음이 하나도 없어서 너무 좋네요",
        "SentimentWord": "8",
        "SentimentPolarity": "1"
      }
    ]
  },
  {
    "Index": "39288",
    "RawText": "디자인도 깔끔해서 마음에 들고요.. 리모컨 뒤쪽에 자석이 붙어있어서 편해요..",
    "Source": "쇼핑몰",
    "Domain": "가전",
    "MainCategory": "계절가전",
    "ProductName": "르젠 LZEF-DC180",
    "ReviewScore": "5",
    "Syllable": "43",
    "Word": "9",
    "RDate": "20190626",
    "GeneralPolarity": "1",
    "Aspects": [
      {
        "Aspect": "디자인",
        "SentimentText": "디자인도 깔끔해서 마음에 들고요..",
        "SentimentWord": "4",
        "SentimentPolarity": "1"
      },
      {
        "Aspect": "편의성",
        "SentimentText": "리모컨 뒤쪽에 자석이 붙어있어서 편해요..",
        "SentimentWord": "5",
        "SentimentPolarity": "1"
      }
    ]
  },
  {
    "Index": "39290",
    "RawText": "바람세기가 아주 많아 미세하게 바람을 조절할수 있어 좋아요 무게도 무겁지 않고 가벼워서 좋네요! 디자인이 심플해서 어디에 두어도 다 어울려 좋네요 ",
    "Source": "쇼핑몰",
    "Domain": "가전",
    "MainCategory": "계절가전",
    "ProductName": "르젠 LZEF-DC180",
    "ReviewScore": "5",
    "Syllable": "82",
    "Word": "20",
    "RDate": "20210704",
    "GeneralPolarity": "1",
    "Aspects": [
      {
        "Aspect": "기능",
        "SentimentText": "바람세기가 아주 많아 미세하게 바람을 조절할수 있어 좋아요",
        "SentimentWord": "8",
        "SentimentPolarity": "1"
      },
      {
        "Aspect": "무게",
        "SentimentText": "무게도 무겁지 않고 가벼워서 좋네요!",
        "SentimentWord": "5",
        "SentimentPolarity": "1"
      },
      {
        "Aspect": "디자인",
        "SentimentText": "디자인이 심플해서 어디에 두어도 다 어울려 좋네요",
        "SentimentWord": "7",
        "SentimentPolarity": "1"
      }
    ]
  },
  {
    "Index": "39291",
    "RawText": "할인 행사때 저렴한 금액에 구입해서 뿌듯합니다. 단계가 높은 바람 세기 조절이 정말 좋고요.... 소음이 크지않아 만족해요.",
    "Source": "쇼핑몰",
    "Domain": "가전",
    "MainCategory": "계절가전",
    "ProductName": "르젠 LZEF-DC180",
    "ReviewScore": "5",
    "Syllable": "69",
    "Word": "16",
    "RDate": "20190522",
    "GeneralPolarity": "1",
    "Aspects": [
      {
        "Aspect": "가격",
        "SentimentText": "할인 행사때 저렴한 금액에 구입해서 뿌듯합니다.",
        "SentimentWord": "6",
        "SentimentPolarity": "1"
      },
      {
        "Aspect": "기능",
        "SentimentText": "단계가 높은 바람 세기 조절이 정말 좋고요....",
        "SentimentWord": "7",
        "SentimentPolarity": "1"
      },
      {
        "Aspect": "소음",
        "SentimentText": "소음이 크지않아 만족해요.",
        "SentimentWord": "3",
        "SentimentPolarity": "1"
      }
    ]
  },
  {
    "Index": "39292",
    "RawText": "바람세기 단계가 엄청 많아서 좋아요~~  소음도 조용해서 만족합니다~~  무게도 가벼워서 쓰기 좋네요",
    "Source": "쇼핑몰",
    "Domain": "가전",
    "MainCategory": "계절가전",
    "ProductName": "르젠 LZEF-DC180",
    "ReviewScore": "4",
    "Syllable": "56",
    "Word": "12",
    "RDate": "20200812",
    "GeneralPolarity": "1",
    "Aspects": [
      {
        "Aspect": "기능",
        "SentimentText": "바람세기 단계가 엄청 많아서 좋아요~~",
        "SentimentWord": "5",
        "SentimentPolarity": "1"
      },
      {
        "Aspect": "소음",
        "SentimentText": "소음도 조용해서 만족합니다~~",
        "SentimentWord": "3",
        "SentimentPolarity": "1"
      },
      {
        "Aspect": "무게",
        "SentimentText": "무게도 가벼워서 쓰기 좋네요",
        "SentimentWord": "4",
        "SentimentPolarity": "1"
      }
    ]
  },
  {
    "Index": "39293",
    "RawText": "가성비 좋은 제품 구입해서 아주 마음에 들어요~ 바람이 아주 부드러워서 만족스러워요. 헤드 부분이 살짝 흔들려서 사용이 좀 조심스럽습니다.",
    "Source": "쇼핑몰",
    "Domain": "가전",
    "MainCategory": "계절가전",
    "ProductName": "르젠 LZEF-DC180",
    "ReviewScore": "5",
    "Syllable": "77",
    "Word": "18",
    "RDate": "20180608",
    "GeneralPolarity": "0",
    "Aspects": [
      {
        "Aspect": "가격",
        "SentimentText": "가성비 좋은 제품 구입해서 아주 마음에 들어요~",
        "SentimentWord": "7",
        "SentimentPolarity": "1"
      },
      {
        "Aspect": "품질",
        "SentimentText": "헤드 부분이 살짝 흔들려서 사용이 좀 조심스럽습니다.",
        "SentimentWord": "7",
        "SentimentPolarity": "-1"
      }
    ]
  },
  {
    "Index": "39295",
    "RawText": "풍량조절도 많이 되고, 리모콘 사용, 앱기능도 있어 좋아요  리모콘, 앱으로도 사용 할 수 있어 편리합니다",
    "Source": "쇼핑몰",
    "Domain": "가전",
    "MainCategory": "계절가전",
    "ProductName": "르젠 LZEF-DC180",
    "ReviewScore": "5",
    "Syllable": "59",
    "Word": "15",
    "RDate": "20220710",
    "GeneralPolarity": "1",
    "Aspects": [
      {
        "Aspect": "기능",
        "SentimentText": "풍량조절도 많이 되고, 리모콘 사용, 앱기능도 있어 좋아요",
        "SentimentWord": "8",
        "SentimentPolarity": "1"
      },
      {
        "Aspect": "편의성",
        "SentimentText": "리모콘, 앱으로도 사용 할 수 있어 편리합니다",
        "SentimentWord": "7",
        "SentimentPolarity": "1"
      }
    ]
  },
  {
    "Index": "39297",
    "RawText": "작동이 잘되고 시원해요. 배터리가 생각보다 빨리 줄어서 아쉬워요.",
    "Source": "쇼핑몰",
    "Domain": "가전",
    "MainCategory": "계절가전",
    "ProductName": "르젠 LZEF-DC180",
    "ReviewScore": "4",
    "Syllable": "36",
    "Word": "8",
    "RDate": "20180518",
    "GeneralPolarity": "0",
    "Aspects": [
      {
        "Aspect": "품질",
        "SentimentText": "작동이 잘되고 시원해요.",
        "SentimentWord": "3",
        "SentimentPolarity": "1"
      },
      {
        "Aspect": "배터리",
        "SentimentText": "배터리가 생각보다 빨리 줄어서 아쉬워요.",
        "SentimentWord": "5",
        "SentimentPolarity": "-1"
      }
    ]
  },
  {
    "Index": "39298",
    "RawText": "전원부의 LED가 작동불량이라 반품했네요... 게다가 제품 바닥에 거무잡잡한게 있어 마감도 별로고..  소재도 싸구려재질이라 별로네요",
    "Source": "쇼핑몰",
    "Domain": "가전",
    "MainCategory": "계절가전",
    "ProductName": "르젠 LZEF-DC180",
    "ReviewScore": "1",
    "Syllable": "74",
    "Word": "14",
    "RDate": "20210617",
    "GeneralPolarity": "-1",
    "Aspects": [
      {
        "Aspect": "품질",
        "SentimentText": "전원부의 LED가 작동불량이라 반품했네요... 게다가 제품 바닥에 거무잡잡한게 있어 마감도 별로고.. ",
        "SentimentWord": "11",
        "SentimentPolarity": "-1"
      },
      {
        "Aspect": "소재",
        "SentimentText": "소재도 싸구려재질이라 별로네요",
        "SentimentWord": "3",
        "SentimentPolarity": "-1"
      }
    ]
  },
  {
    "Index": "39299",
    "RawText": "아무 이상없이 작동이 잘 되네요. 깔끔한 디자인이 예뻐요. 소음도 비교적 적은 편이라 만족합니다.",
    "Source": "쇼핑몰",
    "Domain": "가전",
    "MainCategory": "계절가전",
    "ProductName": "르젠 LZEF-DC180",
    "ReviewScore": "5",
    "Syllable": "54",
    "Word": "13",
    "RDate": "20190521",
    "GeneralPolarity": "1",
    "Aspects": [
      {
        "Aspect": "품질",
        "SentimentText": "아무 이상없이 작동이 잘 되네요.",
        "SentimentWord": "5",
        "SentimentPolarity": "1"
      },
      {
        "Aspect": "디자인",
        "SentimentText": "깔끔한 디자인이 예뻐요.",
        "SentimentWord": "3",
        "SentimentPolarity": "1"
      },
      {
        "Aspect": "소음",
        "SentimentText": "소음도 비교적 적은 편이라 만족합니다.",
        "SentimentWord": "5",
        "SentimentPolarity": "1"
      }
    ]
  },
  {
    "Index": "39300",
    "RawText": "제품 퀄리티는 만족스럽네요. 다만 제조일이 한참 지난 제품이 와서 기분이 안 좋았어요.",
    "Source": "쇼핑몰",
    "Domain": "가전",
    "MainCategory": "계절가전",
    "ProductName": "르젠 LZEF-DC180",
    "ReviewScore": "5",
    "Syllable": "48",
    "Word": "12",
    "RDate": "20190617",
    "GeneralPolarity": "0",
    "Aspects": [
      {
        "Aspect": "품질",
        "SentimentText": "제품 퀄리티는 만족스럽네요.",
        "SentimentWord": "3",
        "SentimentPolarity": "1"
      },
      {
        "Aspect": "제조일/제조사",
        "SentimentText": "다만 제조일이 한참 지난 제품이 와서 기분이 안 좋았어요.",
        "SentimentWord": "9",
        "SentimentPolarity": "-1"
      }
    ]
  },
  {
    "Index": "39301",
    "RawText": "바람은 잘 나오는데 바람모드 차이는 솔직히 잘 모르겠네요. 디자인이 깔끔하니 마음에 들어요.",
    "Source": "쇼핑몰",
    "Domain": "가전",
    "MainCategory": "계절가전",
    "ProductName": "르젠 LZEF-DC180",
    "ReviewScore": "5",
    "Syllable": "51",
    "Word": "12",
    "RDate": "20190717",
    "GeneralPolarity": "0",
    "Aspects": [
      {
        "Aspect": "기능",
        "SentimentText": "바람은 잘 나오는데 바람모드 차이는 솔직히 잘 모르겠네요.",
        "SentimentWord": "8",
        "SentimentPolarity": "0"
      },
      {
        "Aspect": "디자인",
        "SentimentText": "디자인이 깔끔하니 마음에 들어요.",
        "SentimentWord": "4",
        "SentimentPolarity": "1"
      }
    ]
  },
  {
    "Index": "39302",
    "RawText": "역시 00은 최고네요. 이번에 추가구매 했는데 가성비가 정말 훌륭한 제품입니다.",
    "Source": "쇼핑몰",
    "Domain": "가전",
    "MainCategory": "계절가전",
    "ProductName": "르젠 LZEF-DC180",
    "ReviewScore": "5",
    "Syllable": "44",
    "Word": "10",
    "RDate": "20220627",
    "GeneralPolarity": "1",
    "Aspects": [
      {
        "Aspect": "제조일/제조사",
        "SentimentText": "역시 00은 최고네요.",
        "SentimentWord": "3",
        "SentimentPolarity": "1"
      },
      {
        "Aspect": "가격",
        "SentimentText": "가성비가 정말 훌륭한 제품입니다.",
        "SentimentWord": "4",
        "SentimentPolarity": "1"
      }
    ]
  },
  {
    "Index": "39303",
    "RawText": "바람세기 단계를 높일수록 엄청 시원한 바람이 느껴져서 정말 마음에 들어요. 오랜시간 가동해도 발열이 없어 만족합니다.",
    "Source": "쇼핑몰",
    "Domain": "가전",
    "MainCategory": "계절가전",
    "ProductName": "르젠 LZEF-DC180",
    "ReviewScore": "5",
    "Syllable": "65",
    "Word": "15",
    "RDate": "20200822",
    "GeneralPolarity": "1",
    "Aspects": [
      {
        "Aspect": "기능",
        "SentimentText": "바람세기 단계를 높일수록 엄청 시원한 바람이 느껴져서 정말 마음에 들어요.",
        "SentimentWord": "10",
        "SentimentPolarity": "1"
      },
      {
        "Aspect": "내구성",
        "SentimentText": "오랜시간 가동해도 발열이 없어 만족합니다.",
        "SentimentWord": "5",
        "SentimentPolarity": "1"
      }
    ]
  },
  {
    "Index": "39305",
    "RawText": "풍량조절도 많고 기능도 다양하게 있어서 정말 좋아요  회전각도가 무려 360도 돌아가서 편리하게 사용할 수 있어 좋습니다 배송도 빨라요~^^ ",
    "Source": "쇼핑몰",
    "Domain": "가전",
    "MainCategory": "계절가전",
    "ProductName": "르젠 LZEF-DC180",
    "ReviewScore": "5",
    "Syllable": "79",
    "Word": "18",
    "RDate": "20210630",
    "GeneralPolarity": "1",
    "Aspects": [
      {
        "Aspect": "기능",
        "SentimentText": "풍량조절도 많고 기능도 다양하게 있어서 정말 좋아요",
        "SentimentWord": "7",
        "SentimentPolarity": "1"
      },
      {
        "Aspect": "편의성",
        "SentimentText": "회전각도가 무려 360도 돌아가서 편리하게 사용할 수 있어 좋습니다",
        "SentimentWord": "9",
        "SentimentPolarity": "1"
      }
    ]
  },
  {
    "Index": "39306",
    "RawText": "가성비 제품이 좋아 만족합니다.  디자인도 깔끔하고 무난해서 맘에 듭니다. 바람세기조절을 다이얼로 하니까 정말 편하네요!",
    "Source": "쇼핑몰",
    "Domain": "가전",
    "MainCategory": "계절가전",
    "ProductName": "르젠 LZEF-DC180",
    "ReviewScore": "5",
    "Syllable": "67",
    "Word": "14",
    "RDate": "20210619",
    "GeneralPolarity": "1",
    "Aspects": [
      {
        "Aspect": "가격",
        "SentimentText": "가성비 제품이 좋아 만족합니다.",
        "SentimentWord": "4",
        "SentimentPolarity": "1"
      },
      {
        "Aspect": "디자인",
        "SentimentText": "디자인도 깔끔하고 무난해서 맘에 듭니다.",
        "SentimentWord": "5",
        "SentimentPolarity": "1"
      },
      {
        "Aspect": "편의성",
        "SentimentText": "바람세기조절을 다이얼로 하니까 정말 편하네요!",
        "SentimentWord": "5",
        "SentimentPolarity": "1"
      }
    ]
  },
  {
    "Index": "39307",
    "RawText": "조립이 쉽고 간단해서 좋네요~ 리모콘도 작동이 잘 됩니다. 온도에 따라 바람이 강약조절되는 기능이 정말 좋아요! 깔끔하고 고급스러운 디자인도 좋네요",
    "Source": "쇼핑몰",
    "Domain": "가전",
    "MainCategory": "계절가전",
    "ProductName": "르젠 LZEF-DC180",
    "ReviewScore": "5",
    "Syllable": "82",
    "Word": "19",
    "RDate": "20200627",
    "GeneralPolarity": "1",
    "Aspects": [
      {
        "Aspect": "조작성",
        "SentimentText": "조립이 쉽고 간단해서 좋네요~",
        "SentimentWord": "4",
        "SentimentPolarity": "1"
      },
      {
        "Aspect": "기능",
        "SentimentText": "온도에 따라 바람이 강약조절되는 기능이 정말 좋아요!",
        "SentimentWord": "7",
        "SentimentPolarity": "1"
      },
      {
        "Aspect": "디자인",
        "SentimentText": "깔끔하고 고급스러운 디자인도 좋네요",
        "SentimentWord": "4",
        "SentimentPolarity": "1"
      }
    ]
  },
  {
    "Index": "39308",
    "RawText": "소음이 정말 적어서 좋네요~ 90도 상하 각도조절이 가능해서 바람이 많이 시원하네요~~",
    "Source": "쇼핑몰",
    "Domain": "가전",
    "MainCategory": "계절가전",
    "ProductName": "르젠 LZEF-DC180",
    "ReviewScore": "5",
    "Syllable": "48",
    "Word": "11",
    "RDate": "20210522",
    "GeneralPolarity": "1",
    "Aspects": [
      {
        "Aspect": "소음",
        "SentimentText": "소음이 정말 적어서 좋네요~",
        "SentimentWord": "4",
        "SentimentPolarity": "1"
      },
      {
        "Aspect": "기능",
        "SentimentText": "90도 상하 각도조절이 가능해서 바람이 많이 시원하네요~~",
        "SentimentWord": "7",
        "SentimentPolarity": "1"
      }
    ]
  },
  {
    "Index": "39309",
    "RawText": "조립이 생각했던 것보다 쉬워서 잘 했어요~^^ 무게도 무겁지 않아서 좋아요! 소음도 없고 조용해서 만족스러워요~ 디자인도 예뻐서 집에서 매치가 잘 되네요~",
    "Source": "쇼핑몰",
    "Domain": "가전",
    "MainCategory": "계절가전",
    "ProductName": "르젠 LZEF-DC180",
    "ReviewScore": "5",
    "Syllable": "86",
    "Word": "20",
    "RDate": "20200806",
    "GeneralPolarity": "1",
    "Aspects": [
      {
        "Aspect": "조작성",
        "SentimentText": "조립이 생각했던 것보다 쉬워서 잘 했어요~^^",
        "SentimentWord": "6",
        "SentimentPolarity": "1"
      },
      {
        "Aspect": "무게",
        "SentimentText": "무게도 무겁지 않아서 좋아요!",
        "SentimentWord": "4",
        "SentimentPolarity": "1"
      },
      {
        "Aspect": "소음",
        "SentimentText": "소음도 없고 조용해서 만족스러워요~",
        "SentimentWord": "4",
        "SentimentPolarity": "1"
      },
      {
        "Aspect": "디자인",
        "SentimentText": "디자인도 예뻐서 집에서 매치가 잘 되네요~",
        "SentimentWord": "6",
        "SentimentPolarity": "1"
      }
    ]
  },
  {
    "Index": "39310",
    "RawText": "조립이 정말 쉬워요. 기존에 사용하던 제품보다 소음이 작고 조용해서 만족합니다.",
    "Source": "쇼핑몰",
    "Domain": "가전",
    "MainCategory": "계절가전",
    "ProductName": "르젠 LZEF-DC180",
    "ReviewScore": "5",
    "Syllable": "44",
    "Word": "10",
    "RDate": "20200818",
    "GeneralPolarity": "1",
    "Aspects": [
      {
        "Aspect": "조작성",
        "SentimentText": "조립이 정말 쉬워요.",
        "SentimentWord": "3",
        "SentimentPolarity": "1"
      },
      {
        "Aspect": "소음",
        "SentimentText": "소음이 작고 조용해서 만족합니다.",
        "SentimentWord": "4",
        "SentimentPolarity": "1"
      }
    ]
  },
  {
    "Index": "39311",
    "RawText": "조립이 쉽고 간편해서 좋아요~!!!  리모콘이 있어서 움직이지 않아도 쓸 수 있어 편리해 좋네요~",
    "Source": "쇼핑몰",
    "Domain": "가전",
    "MainCategory": "계절가전",
    "ProductName": "르젠 LZEF-DC180",
    "ReviewScore": "5",
    "Syllable": "54",
    "Word": "13",
    "RDate": "20190701",
    "GeneralPolarity": "1",
    "Aspects": [
      {
        "Aspect": "조작성",
        "SentimentText": "조립이 쉽고 간편해서 좋아요~!!!",
        "SentimentWord": "4",
        "SentimentPolarity": "1"
      },
      {
        "Aspect": "편의성",
        "SentimentText": "리모콘이 있어서 움직이지 않아도 쓸 수 있어 편리해 좋네요~",
        "SentimentWord": "9",
        "SentimentPolarity": "1"
      }
    ]
  },
  {
    "Index": "39312",
    "RawText": "조립법이 정말 쉬워요. 소음이 적어서 만족합니다!!",
    "Source": "쇼핑몰",
    "Domain": "가전",
    "MainCategory": "계절가전",
    "ProductName": "르젠 LZEF-DC180",
    "ReviewScore": "5",
    "Syllable": "28",
    "Word": "6",
    "RDate": "20220709",
    "GeneralPolarity": "1",
    "Aspects": [
      {
        "Aspect": "조작성",
        "SentimentText": "조립법이 정말 쉬워요.",
        "SentimentWord": "3",
        "SentimentPolarity": "1"
      },
      {
        "Aspect": "소음",
        "SentimentText": "소음이 적어서 만족합니다!! ",
        "SentimentWord": "3",
        "SentimentPolarity": "1"
      }
    ]
  },
  {
    "Index": "39313",
    "RawText": "이전 사용 했던 선풍기보다 소음이 없고 조용해서 너무 좋아요~~  마감도 좋고 품질도 확실히 좋네요!!",
    "Source": "쇼핑몰",
    "Domain": "가전",
    "MainCategory": "계절가전",
    "ProductName": "르젠 LZEF-DC180",
    "ReviewScore": "5",
    "Syllable": "57",
    "Word": "14",
    "RDate": "20180613",
    "GeneralPolarity": "1",
    "Aspects": [
      {
        "Aspect": "소음",
        "SentimentText": "이전 사용 했던 선풍기보다 소음이 없고 조용해서 너무 좋아요~~",
        "SentimentWord": "9",
        "SentimentPolarity": "1"
      },
      {
        "Aspect": "품질",
        "SentimentText": " 마감도 좋고 품질도 확실히 좋네요!!",
        "SentimentWord": "5",
        "SentimentPolarity": "1"
      }
    ]
  },
  {
    "Index": "39314",
    "RawText": "디자인은 깔끔하고 무난해서 괜찮네요~바람세기 단계를 올리면   소리가 시끄러워서 거슬려요 ㅜ",
    "Source": "쇼핑몰",
    "Domain": "가전",
    "MainCategory": "계절가전",
    "ProductName": "르젠 LZEF-DC180",
    "ReviewScore": "3",
    "Syllable": "51",
    "Word": "10",
    "RDate": "20200619",
    "GeneralPolarity": "-1",
    "Aspects": [
      {
        "Aspect": "디자인",
        "SentimentText": "디자인은 깔끔하고 무난해서 괜찮네요~",
        "SentimentWord": "4",
        "SentimentPolarity": "0"
      },
      {
        "Aspect": "소음",
        "SentimentText": "바람세기 단계를 올리면   소리가 시끄러워서 거슬려요 ㅜ",
        "SentimentWord": "7",
        "SentimentPolarity": "-1"
      }
    ]
  },
  {
    "Index": "39315",
    "RawText": "심플한 디자인이 마음에 드네요. 리모컨에 자석을 붙여서 제품에 부착시킬 수 있어 편하네요.",
    "Source": "쇼핑몰",
    "Domain": "가전",
    "MainCategory": "계절가전",
    "ProductName": "르젠 LZEF-DC180",
    "ReviewScore": "5",
    "Syllable": "50",
    "Word": "12",
    "RDate": "20210317",
    "GeneralPolarity": "1",
    "Aspects": [
      {
        "Aspect": "디자인",
        "SentimentText": "심플한 디자인이 마음에 드네요.",
        "SentimentWord": "4",
        "SentimentPolarity": "1"
      },
      {
        "Aspect": "편의성",
        "SentimentText": "리모컨에 자석을 붙여서 제품에 부착시킬 수 있어 편하네요.",
        "SentimentWord": "8",
        "SentimentPolarity": "1"
      }
    ]
  },
  {
    "Index": "39316",
    "RawText": "소재가 장난감같은 플라스틱소재라 저렴해보여요. 소음이 적어서 만족합니다.",
    "Source": "쇼핑몰",
    "Domain": "가전",
    "MainCategory": "계절가전",
    "ProductName": "르젠 LZEF-DC180",
    "ReviewScore": "5",
    "Syllable": "40",
    "Word": "7",
    "RDate": "20220706",
    "GeneralPolarity": "0",
    "Aspects": [
      {
        "Aspect": "소재",
        "SentimentText": "소재가 장난감같은 플라스틱소재라 저렴해보여요.",
        "SentimentWord": "4",
        "SentimentPolarity": "-1"
      },
      {
        "Aspect": "소음",
        "SentimentText": "소음이 적어서 만족합니다.",
        "SentimentWord": "3",
        "SentimentPolarity": "1"
      }
    ]
  },
  {
    "Index": "39317",
    "RawText": "사용법은 쉽고 간단하나 제품 하단부 마감이 허술하게 되어있어 실망스럽습니다.",
    "Source": "쇼핑몰",
    "Domain": "가전",
    "MainCategory": "계절가전",
    "ProductName": "르젠 LZEF-DC180",
    "ReviewScore": "5",
    "Syllable": "42",
    "Word": "9",
    "RDate": "20220822",
    "GeneralPolarity": "0",
    "Aspects": [
      {
        "Aspect": "조작성",
        "SentimentText": "사용법은 쉽고 간단하나",
        "SentimentWord": "3",
        "SentimentPolarity": "1"
      },
      {
        "Aspect": "품질",
        "SentimentText": "제품 하단부 마감이 허술하게 되어있어 실망스럽습니다.",
        "SentimentWord": "6",
        "SentimentPolarity": "-1"
      }
    ]
  },
  {
    "Index": "39318",
    "RawText": "품질 마감이나 퀄리티가 별로예요  역시 OOO.. 중국브랜드 답네요",
    "Source": "쇼핑몰",
    "Domain": "가전",
    "MainCategory": "계절가전",
    "ProductName": "르젠 LZEF-DC180",
    "ReviewScore": "3",
    "Syllable": "37",
    "Word": "8",
    "RDate": "20220713",
    "GeneralPolarity": "-1",
    "Aspects": [
      {
        "Aspect": "품질",
        "SentimentText": "품질 마감이나 퀄리티가 별로예요",
        "SentimentWord": "4",
        "SentimentPolarity": "-1"
      },
      {
        "Aspect": "제조일/제조사",
        "SentimentText": "역시 OOO.. 중국브랜드 답네요",
        "SentimentWord": "4",
        "SentimentPolarity": "-1"
      }
    ]
  },
  {
    "Index": "39319",
    "RawText": "조립하는게 쉬워서 금방 했어요~^^ 색상도 전부 화이트라 깔끔하고 좋네요 선풍기 팬 사이즈도 커서 좋아요~",
    "Source": "쇼핑몰",
    "Domain": "가전",
    "MainCategory": "계절가전",
    "ProductName": "르젠 LZEF-DC180",
    "ReviewScore": "5",
    "Syllable": "59",
    "Word": "14",
    "RDate": "20220603",
    "GeneralPolarity": "1",
    "Aspects": [
      {
        "Aspect": "조작성",
        "SentimentText": "조립하는게 쉬워서 금방 했어요~^^",
        "SentimentWord": "4",
        "SentimentPolarity": "1"
      },
      {
        "Aspect": "색상",
        "SentimentText": "색상도 전부 화이트라 깔끔하고 좋네요",
        "SentimentWord": "5",
        "SentimentPolarity": "1"
      },
      {
        "Aspect": "사이즈",
        "SentimentText": "선풍기 팬 사이즈도 커서 좋아요~",
        "SentimentWord": "5",
        "SentimentPolarity": "1"
      }
    ]
  },
  {
    "Index": "39320",
    "RawText": "선풍기 바람도 잘 나와서 시원하고 바람세기 조절기능이 다양해서 좋아요. 그런데 생각했던것보다  소음이 크게 나요ㅜ 시끄럽고 거슬려요...",
    "Source": "쇼핑몰",
    "Domain": "가전",
    "MainCategory": "계절가전",
    "ProductName": "르젠 LZEF-DC180",
    "ReviewScore": "5",
    "Syllable": "76",
    "Word": "16",
    "RDate": "20220719",
    "GeneralPolarity": "0",
    "Aspects": [
      {
        "Aspect": "기능",
        "SentimentText": "선풍기 바람도 잘 나와서 시원하고 바람세기 조절기능이 다양해서 좋아요.",
        "SentimentWord": "9",
        "SentimentPolarity": "1"
      },
      {
        "Aspect": "소음",
        "SentimentText": "그런데 생각했던것보다  소음이 크게 나요ㅜ 시끄럽고 거슬려요...",
        "SentimentWord": "7",
        "SentimentPolarity": "-1"
      }
    ]
  },
  {
    "Index": "39321",
    "RawText": "리모콘이 너무 작아서 별로예요  생각보다 가벼워서 무게감이 없어 별로네요",
    "Source": "쇼핑몰",
    "Domain": "가전",
    "MainCategory": "계절가전",
    "ProductName": "르젠 LZEF-DC180",
    "ReviewScore": "5",
    "Syllable": "40",
    "Word": "9",
    "RDate": "20190603",
    "GeneralPolarity": "-1",
    "Aspects": [
      {
        "Aspect": "사이즈",
        "SentimentText": "리모콘이 너무 작아서 별로예요",
        "SentimentWord": "4",
        "SentimentPolarity": "-1"
      },
      {
        "Aspect": "무게",
        "SentimentText": "생각보다 가벼워서 무게감이 없어 별로네요",
        "SentimentWord": "5",
        "SentimentPolarity": "-1"
      }
    ]
  },
  {
    "Index": "39322",
    "RawText": "고속으로 높이면 소리가 커지는 점이 아쉽지만 바람이 강해서 만족합니다.",
    "Source": "쇼핑몰",
    "Domain": "가전",
    "MainCategory": "계절가전",
    "ProductName": "르젠 LZEF-DC180",
    "ReviewScore": "5",
    "Syllable": "39",
    "Word": "9",
    "RDate": "20200625",
    "GeneralPolarity": "0",
    "Aspects": [
      {
        "Aspect": "소음",
        "SentimentText": "고속으로 높이면 소리가 커지는 점이 아쉽지만",
        "SentimentWord": "6",
        "SentimentPolarity": "-1"
      },
      {
        "Aspect": "기능",
        "SentimentText": "바람이 강해서 만족합니다.",
        "SentimentWord": "3",
        "SentimentPolarity": "1"
      }
    ]
  },
  {
    "Index": "39323",
    "RawText": "벌써 4개째 사용 하고 있어요~~ BLDC 모터라서 24단계로 세심하게 풍량조절 가능하고, 소음도 거의 없어서 추천합니다!( 소음도 없고 정말 조용하네요^^",
    "Source": "쇼핑몰",
    "Domain": "가전",
    "MainCategory": "계절가전",
    "ProductName": "르젠 LZEF-DC180",
    "ReviewScore": "5",
    "Syllable": "87",
    "Word": "19",
    "RDate": "20220805",
    "GeneralPolarity": "1",
    "Aspects": [
      {
        "Aspect": "기능",
        "SentimentText": "BLDC 모터라서 24단계로 세심하게 풍량조절 가능하고, 소음도 거의 없어서 추천합니다!(",
        "SentimentWord": "10",
        "SentimentPolarity": "1"
      },
      {
        "Aspect": "소음",
        "SentimentText": "소음도 없고 정말 조용하네요^^",
        "SentimentWord": "4",
        "SentimentPolarity": "1"
      }
    ]
  },
  {
    "Index": "39325",
    "RawText": "처음 봤을땐 그냥 그래 보였는데 마감도 잘 되있고 퀄리티 좋아 만족합니다 타이머기능도 있고 어플 연동기능도 있어 만족합니다.",
    "Source": "쇼핑몰",
    "Domain": "가전",
    "MainCategory": "계절가전",
    "ProductName": "르젠 LZEF-DC180",
    "ReviewScore": "5",
    "Syllable": "69",
    "Word": "17",
    "RDate": "20220619",
    "GeneralPolarity": "1",
    "Aspects": [
      {
        "Aspect": "품질",
        "SentimentText": "마감도 잘 되있고 퀄리티 좋아 만족합니다",
        "SentimentWord": "6",
        "SentimentPolarity": "1"
      },
      {
        "Aspect": "기능",
        "SentimentText": "타이머기능도 있고 어플 연동기능도 있어 만족합니다.",
        "SentimentWord": "6",
        "SentimentPolarity": "1"
      }
    ]
  },
  {
    "Index": "39327",
    "RawText": "소음이 없어서 마음에 듭니다. 24단계 풍속조절이 되서 산건데 1단계도 미풍치고는 좀 세게 느껴지네요.",
    "Source": "쇼핑몰",
    "Domain": "가전",
    "MainCategory": "계절가전",
    "ProductName": "르젠 LZEF-DC180",
    "ReviewScore": "4",
    "Syllable": "57",
    "Word": "13",
    "RDate": "20220611",
    "GeneralPolarity": "0",
    "Aspects": [
      {
        "Aspect": "소음",
        "SentimentText": "소음이 없어서 마음에 듭니다.",
        "SentimentWord": "4",
        "SentimentPolarity": "1"
      },
      {
        "Aspect": "기능",
        "SentimentText": "24단계 풍속조절이 되서 산건데 1단계도 미풍치고는 좀 세게 느껴지네요.",
        "SentimentWord": "9",
        "SentimentPolarity": "-1"
      }
    ]
  },
  {
    "Index": "39328",
    "RawText": "선풍기 조립도 간단하고 사용법이 쉬워서 좋아요~작동시 바람이 강해서 시원하고  좋네요^^",
    "Source": "쇼핑몰",
    "Domain": "가전",
    "MainCategory": "계절가전",
    "ProductName": "르젠 LZEF-DC180",
    "ReviewScore": "5",
    "Syllable": "49",
    "Word": "10",
    "RDate": "20220412",
    "GeneralPolarity": "1",
    "Aspects": [
      {
        "Aspect": "조작성",
        "SentimentText": "선풍기 조립도 간단하고 사용법이 쉬워서 좋아요~",
        "SentimentWord": "6",
        "SentimentPolarity": "1"
      },
      {
        "Aspect": "기능",
        "SentimentText": "작동시 바람이 강해서 시원하고  좋네요^^",
        "SentimentWord": "5",
        "SentimentPolarity": "1"
      }
    ]
  },
  {
    "Index": "39329",
    "RawText": "리모콘에 넣는 건전지도 보내주셔서 맘에 들어요~ 선풍기로 기능도 충실하고 성능도 이상없이 만족합니다",
    "Source": "쇼핑몰",
    "Domain": "가전",
    "MainCategory": "계절가전",
    "ProductName": "르젠 LZEF-DC180",
    "ReviewScore": "5",
    "Syllable": "55",
    "Word": "12",
    "RDate": "20200831",
    "GeneralPolarity": "1",
    "Aspects": [
      {
        "Aspect": "제품구성",
        "SentimentText": "리모콘에 넣는 건전지도 보내주셔서 맘에 들어요~",
        "SentimentWord": "6",
        "SentimentPolarity": "1"
      },
      {
        "Aspect": "기능",
        "SentimentText": "선풍기로 기능도 충실하고 성능도 이상없이 만족합니다",
        "SentimentWord": "6",
        "SentimentPolarity": "1"
      }
    ]
  },
  {
    "Index": "39332",
    "RawText": "저렴한 가격에 구입해서 좋아요. 24단계 바람세기 조절 가능하고 리모컨 작동 잘되어 만족합니다.",
    "Source": "쇼핑몰",
    "Domain": "가전",
    "MainCategory": "계절가전",
    "ProductName": "르젠 LZEF-DC180",
    "ReviewScore": "5",
    "Syllable": "53",
    "Word": "12",
    "RDate": "20180909",
    "GeneralPolarity": "1",
    "Aspects": [
      {
        "Aspect": "가격",
        "SentimentText": "저렴한 가격에 구입해서 좋아요.",
        "SentimentWord": "4",
        "SentimentPolarity": "1"
      },
      {
        "Aspect": "기능",
        "SentimentText": "24단계 바람세기 조절 가능하고 리모컨 작동 잘되어 만족합니다.",
        "SentimentWord": "8",
        "SentimentPolarity": "1"
      }
    ]
  },
  {
    "Index": "39334",
    "RawText": "가성비 좋은 제품을 구입해서 만족합니다. 에쁜 디자인이 마음에 들어요.",
    "Source": "쇼핑몰",
    "Domain": "가전",
    "MainCategory": "계절가전",
    "ProductName": "르젠 LZEF-DC180",
    "ReviewScore": "5",
    "Syllable": "39",
    "Word": "9",
    "RDate": "20210625",
    "GeneralPolarity": "1",
    "Aspects": [
      {
        "Aspect": "가격",
        "SentimentText": "가성비 좋은 제품을 구입해서 만족합니다.",
        "SentimentWord": "5",
        "SentimentPolarity": "1"
      },
      {
        "Aspect": "디자인",
        "SentimentText": "에쁜 디자인이 마음에 들어요.",
        "SentimentWord": "4",
        "SentimentPolarity": "1"
      }
    ]
  },
  {
    "Index": "39335",
    "RawText": "40단계 바람조절이라니~ 대박! 무게는 생각보다 가벼워서 그럭저럭이예요.. 장난감같고.... 소음은 정말 하나도 안들려서 좋아요~~ ",
    "Source": "쇼핑몰",
    "Domain": "가전",
    "MainCategory": "계절가전",
    "ProductName": "르젠 LZEF-DC180",
    "ReviewScore": "5",
    "Syllable": "74",
    "Word": "13",
    "RDate": "20220730",
    "GeneralPolarity": "1",
    "Aspects": [
      {
        "Aspect": "기능",
        "SentimentText": "40단계 바람조절이라니~ 대박!",
        "SentimentWord": "3",
        "SentimentPolarity": "1"
      },
      {
        "Aspect": "무게",
        "SentimentText": "무게는 생각보다 가벼워서 그럭저럭이예요.. 장난감같고....",
        "SentimentWord": "5",
        "SentimentPolarity": "-1"
      },
      {
        "Aspect": "소음",
        "SentimentText": "소음은 정말 하나도 안들려서 좋아요~~",
        "SentimentWord": "5",
        "SentimentPolarity": "1"
      }
    ]
  }
]