[
  {
    "Index": "8628",
    "RawText": "혼자쓰기 사이즈 넉넉하고  온도조절기도  간단하니 좋아요.",
    "Source": "SNS",
    "Domain": "가전",
    "MainCategory": "계절가전",
    "ProductName": "(온라인) 일월 절전형 양모매트 초특가_싱글",
    "ReviewScore": "100",
    "Syllable": "32",
    "Word": "6",
    "RDate": "20220112",
    "GeneralPolarity": "1",
    "Aspects": [
      {
        "Aspect": "사이즈",
        "SentimentText": "혼자쓰기 사이즈 넉넉하고  온도조절기도  간단하니 좋아요.",
        "SentimentWord": "6",
        "SentimentPolarity": "1"
      },
      {
        "Aspect": "조작성",
        "SentimentText": "  온도조절기도  간단하니 좋아요.",
        "SentimentWord": "3",
        "SentimentPolarity": "1"
      }
    ]
  },
  {
    "Index": "8629",
    "RawText": "소형이라 사무실에서 사용하는데 따뜻하고 좋아요.",
    "Source": "SNS",
    "Domain": "가전",
    "MainCategory": "계절가전",
    "ProductName": "K_EVAYO 카본 섬유 전기 온열 무릎 담요_베이지/ 캠핑 차박 아이템",
    "ReviewScore": "100",
    "Syllable": "26",
    "Word": "5",
    "RDate": "20220205",
    "GeneralPolarity": "1",
    "Aspects": [
      {
        "Aspect": "사이즈",
        "SentimentText": "소형이라 사무실에서 사용하는데 따뜻하고 좋아요.",
        "SentimentWord": "5",
        "SentimentPolarity": "1"
      },
      {
        "Aspect": "기능",
        "SentimentText": "따뜻하고 좋아요.",
        "SentimentWord": "2",
        "SentimentPolarity": "1"
      }
    ]
  },
  {
    "Index": "8630",
    "RawText": "장판은 따뜻하니 좋은것같아요 근데 온도 조절기가 불량이네요",
    "Source": "SNS",
    "Domain": "가전",
    "MainCategory": "계절가전",
    "ProductName": "K_곰표한일 전자파 걱정없는 무자계 안심 전기요 대형(135X180cm)",
    "ReviewScore": "60",
    "Syllable": "32",
    "Word": "7",
    "RDate": "20200219",
    "GeneralPolarity": "0",
    "Aspects": [
      {
        "Aspect": "기능",
        "SentimentText": "장판은 따뜻하니 좋은것같아요 ",
        "SentimentWord": "3",
        "SentimentPolarity": "1"
      },
      {
        "Aspect": "품질",
        "SentimentText": "근데 온도 조절기가 불량이네요",
        "SentimentWord": "4",
        "SentimentPolarity": "-1"
      }
    ]
  },
  {
    "Index": "8631",
    "RawText": "쇼파에 깔고 잇으니 따틋하고 휴일엔 울신랑 일어나질 않아요~  덕분에 보일러 트는 시간이 줄엇어요 잘쓸께요",
    "Source": "SNS",
    "Domain": "가전",
    "MainCategory": "계절가전",
    "ProductName": "곰표한일 워셔블 전기요 소형(180x67.5cm) GP1000",
    "ReviewScore": "100",
    "Syllable": "59",
    "Word": "14",
    "RDate": "20191220",
    "GeneralPolarity": "1",
    "Aspects": [
      {
        "Aspect": "기능",
        "SentimentText": "쇼파에 깔고 잇으니 따틋하고  휴일엔 울신랑 일어나질 않아요~ ",
        "SentimentWord": "8",
        "SentimentPolarity": "1"
      },
      {
        "Aspect": "소비전력",
        "SentimentText": "덕분에 보일러 트는 시간이 줄엇어요 잘쓸께요",
        "SentimentWord": "6",
        "SentimentPolarity": "1"
      }
    ]
  },
  {
    "Index": "8632",
    "RawText": "배송이 너무 느려서 별하나 뺐습니다. 지금도 따뜻하게 잘 사용하고 있어요~~ 물세탁이 가능하다고 하는데 아무래도 전기가 .. 안심은 되지 않네요",
    "Source": "SNS",
    "Domain": "가전",
    "MainCategory": "계절가전",
    "ProductName": "곰표한일 워셔블 전기요 중형(180x100cm) GP1000",
    "ReviewScore": "80",
    "Syllable": "80",
    "Word": "19",
    "RDate": "20191125",
    "Aspects": [
      {
        "Aspect": "편의성",
        "SentimentText": "물세탁이 가능하다고 하는데 아무래도 전기가 .. 안심은 되지 않네요",
        "SentimentWord": "9",
        "SentimentPolarity": "-1"
      },
      {
        "Aspect": "기능",
        "SentimentText": "지금도 따뜻하게 잘 사용하고 있어요~~",
        "SentimentWord": "5",
        "SentimentPolarity": "1"
      }
    ]
  },
  {
    "Index": "8633",
    "RawText": "사이즈는 작지만 저온에서도 따뜻하고 넘 좋아요..  저는 체크를 시켰는데 스타(소)가 왔어요..  배송할때 꼭 확인하시고 보내주셨으면 해요..^^ 저는 제가 도착하자마자 사용해서 교환 신청을 하진 못했어요..",
    "Source": "SNS",
    "Domain": "가전",
    "MainCategory": "계절가전",
    "ProductName": "벨라홈 안심 전기요 체크/스타 (소)",
    "ReviewScore": "100",
    "Syllable": "116",
    "Word": "24",
    "RDate": "20190921",
    "GeneralPolarity": "1",
    "Aspects": [
      {
        "Aspect": "사이즈",
        "SentimentText": "사이즈는 작지만 저온에서도 따뜻하고 넘 좋아요.",
        "SentimentWord": "6",
        "SentimentPolarity": "0"
      },
      {
        "Aspect": "기능",
        "SentimentText": "저온에서도 따뜻하고 넘 좋아요..",
        "SentimentWord": "4",
        "SentimentPolarity": "1"
      }
    ]
  },
  {
    "Index": "8634",
    "RawText": "빠른 배송 감사합니다  적립금으로 저렴하게 구입해서 좋았구요  ooo제품이라 더 믿음이 갑니다~",
    "Source": "SNS",
    "Domain": "가전",
    "MainCategory": "계절가전",
    "ProductName": "벨라홈 안심 전기요 체크/스타 (중)",
    "ReviewScore": "100",
    "Syllable": "53",
    "Word": "11",
    "RDate": "20190502",
    "Aspects": [
      {
        "Aspect": "제조일/제조사",
        "SentimentText": "ooo제품이라 더 믿음이 갑니다~",
        "SentimentWord": "4",
        "SentimentPolarity": "1"
      },
      {
        "Aspect": "가격",
        "SentimentText": "적립금으로 저렴하게 구입해서 좋았구요 ",
        "SentimentWord": "4",
        "SentimentPolarity": "1"
      }
    ]
  },
  {
    "Index": "8635",
    "RawText": "3인용  쇼파에  전기장판 딱이고요 1인사용도 좋아요.",
    "Source": "SNS",
    "Domain": "가전",
    "MainCategory": "계절가전",
    "ProductName": "일월 50W 초절전형 전기매트 미니싱글",
    "ReviewScore": "100",
    "Syllable": "30",
    "Word": "6",
    "RDate": "20211118",
    "GeneralPolarity": "1",
    "Aspects": [
      {
        "Aspect": "사이즈",
        "SentimentText": "3인용  쇼파에  전기장판 딱이고요",
        "SentimentWord": "4",
        "SentimentPolarity": "1"
      },
      {
        "Aspect": "편의성",
        "SentimentText": "1인사용도 좋아요.",
        "SentimentWord": "2",
        "SentimentPolarity": "1"
      }
    ]
  },
  {
    "Index": "8636",
    "RawText": "소파형이나 겨울방석대용사이즈입니다 초미니쁘띠사이즈  ㅎ 온기는 후끈",
    "Source": "SNS",
    "Domain": "가전",
    "MainCategory": "계절가전",
    "ProductName": "일월 50W 초절전형 전기매트 미니싱글",
    "ReviewScore": "80",
    "Syllable": "37",
    "Word": "6",
    "RDate": "20220109",
    "GeneralPolarity": "1",
    "Aspects": [
      {
        "Aspect": "사이즈",
        "SentimentText": "소파형이나 겨울방석대용사이즈입니다 초미니쁘띠사이즈",
        "SentimentWord": "3",
        "SentimentPolarity": "1"
      },
      {
        "Aspect": "기능",
        "SentimentText": " 온기는 후끈",
        "SentimentWord": "2",
        "SentimentPolarity": "1"
      }
    ]
  },
  {
    "Index": "8637",
    "RawText": "이 브랜드는 여전히 믿을 만하다! 단지 자신의 사이즈가 작아졌을 뿐이다! ! 매우 따뜻하다",
    "Source": "SNS",
    "Domain": "가전",
    "MainCategory": "계절가전",
    "ProductName": "일월 나노알러크린 온수매트 싱글",
    "ReviewScore": "100",
    "Syllable": "50",
    "Word": "13",
    "RDate": "20211025",
    "GeneralPolarity": "1",
    "Aspects": [
      {
        "Aspect": "제조일/제조사",
        "SentimentText": "이 브랜드는 여전히 믿을 만하다! ",
        "SentimentWord": "5",
        "SentimentPolarity": "1"
      },
      {
        "Aspect": "사이즈",
        "SentimentText": "단지 자신의 사이즈가 작아졌을 뿐이다!",
        "SentimentWord": "5",
        "SentimentPolarity": "0"
      },
      {
        "Aspect": "기능",
        "SentimentText": "매우 따뜻하다",
        "SentimentWord": "2",
        "SentimentPolarity": "1"
      }
    ]
  },
  {
    "Index": "8638",
    "RawText": "잘받았습니다 ~ 디자인도맘에들고 너무따뜻해요 올겨울따뜻하게보내겠어요^^",
    "Source": "SNS",
    "Domain": "가전",
    "MainCategory": "계절가전",
    "ProductName": "일월 나노알러크린 온수매트 퀸",
    "ReviewScore": "100",
    "Syllable": "39",
    "Word": "5",
    "RDate": "20211209",
    "GeneralPolarity": "1",
    "Aspects": [
      {
        "Aspect": "디자인",
        "SentimentText": "디자인도맘에들고",
        "SentimentWord": "1",
        "SentimentPolarity": "1"
      },
      {
        "Aspect": "기능",
        "SentimentText": "너무따뜻해요올겨울따뜻하게보내겠어요^^",
        "SentimentWord": "1",
        "SentimentPolarity": "1"
      }
    ]
  },
  {
    "Index": "8639",
    "RawText": "두꺼운 장판은 좋은데  대신 온도가 오르는 시간이 쪼금 오래걸려요",
    "Source": "SNS",
    "Domain": "가전",
    "MainCategory": "계절가전",
    "ProductName": "일월 더마루 골드에디션 카페트 매트(중형)",
    "ReviewScore": "90",
    "Syllable": "36",
    "Word": "9",
    "RDate": "20220101",
    "GeneralPolarity": "1",
    "Aspects": [
      {
        "Aspect": "소재",
        "SentimentText": "두꺼운 장판은 좋은데",
        "SentimentWord": "3",
        "SentimentPolarity": "1"
      },
      {
        "Aspect": "시간/속도",
        "SentimentText": "대신 온도가 오르는 시간이 쪼금 오래걸려요",
        "SentimentWord": "6",
        "SentimentPolarity": "0"
      }
    ]
  },
  {
    "Index": "8640",
    "RawText": "너무작네요..조금만 더 컸으면, 하지만 가격생각하면 만족합니다",
    "Source": "SNS",
    "Domain": "가전",
    "MainCategory": "계절가전",
    "ProductName": "일월 미니싱글 원목무늬 전기매트(45x135)",
    "ReviewScore": "100",
    "Syllable": "34",
    "Word": "6",
    "RDate": "20211118",
    "GeneralPolarity": "1",
    "Aspects": [
      {
        "Aspect": "사이즈",
        "SentimentText": "너무작네요.. 조금만 더 컸으면,",
        "SentimentWord": "4",
        "SentimentPolarity": "0"
      },
      {
        "Aspect": "가격",
        "SentimentText": "하지만 가격생각하면 만족합니다",
        "SentimentWord": "3",
        "SentimentPolarity": "1"
      }
    ]
  },
  {
    "Index": "8641",
    "RawText": "갑자기 추워져 고를새도없이 급하게 홈쇼핑나오길래 바로 주문했네요 00전기매트 전부터 알아보고있던찰나 디자인이 맘에드는게 품절되서 기다리다가 추워져서 급하게 주문했어요 어차피 이불안에 숨겨질텐데  디자인 예뻐서 뭐하나 합리화해보면서요ㅎㅎ 전기매트치고 저렴한가격은 아니지만 카본이라니상품은 만족하는데  어쨌든 좋겠지하고 주문! 별탈없이 하루잘쓰고 상품평써요  포장상태가 너무부실해서  너무성의가없는거아닌가싶어요  비닐에 넣고 밀봉조차안되있더라구요 공장에서 막찍어내서 대충보낸느낌이랄까 찝찝했지만 믿고그냥썼네요 깨끗하고 따뜻하고 안전하면되니까뭐.. ",
    "Source": "SNS",
    "Domain": "가전",
    "MainCategory": "계절가전",
    "ProductName": "일월 스타일쉬 스마트 카본매트(더블)",
    "ReviewScore": "80",
    "Syllable": "304",
    "Word": "49",
    "RDate": "20211112",
    "Aspects": [
      {
        "Aspect": "가격",
        "SentimentText": "전기매트치고 저렴한가격은 아니지만 ",
        "SentimentWord": "3",
        "SentimentPolarity": "0"
      },
      {
        "Aspect": "소재",
        "SentimentText": "카본이라니 상품은 만족하는데",
        "SentimentWord": "3",
        "SentimentPolarity": "1"
      }
    ]
  },
  {
    "Index": "8642",
    "RawText": "너무 얇아서 열선이 등에 배기네요. 반품하려하다가 전자파 없다하니까 그냥 쓰려 합니다",
    "Source": "SNS",
    "Domain": "가전",
    "MainCategory": "계절가전",
    "ProductName": "일월 스타일쉬 스마트 카본매트(더블)",
    "ReviewScore": "70",
    "Syllable": "47",
    "Word": "11",
    "RDate": "20210923",
    "Aspects": [
      {
        "Aspect": "사이즈",
        "SentimentText": "너무 얇아서 열선이 등에 배기네요. ",
        "SentimentWord": "5",
        "SentimentPolarity": "-1"
      },
      {
        "Aspect": "기능",
        "SentimentText": "반품하려하다가 전자파 없다하니까 그냥 쓰려 합니다",
        "SentimentWord": "6",
        "SentimentPolarity": "1"
      }
    ]
  },
  {
    "Index": "8643",
    "RawText": "배송진짜빨라요 스타일리쉬한 디자인은 좋은데  그레이 톤의 색상은 그다지 이쁘지 않은 것 같고 아직써보진않았지만 따뜻하리라생각합니다",
    "Source": "SNS",
    "Domain": "가전",
    "MainCategory": "계절가전",
    "ProductName": "일월 스타일쉬 스마트 카본매트(더블)",
    "ReviewScore": "50",
    "Syllable": "72",
    "Word": "14",
    "RDate": "20210927",
    "Aspects": [
      {
        "Aspect": "디자인",
        "SentimentText": "스타일리쉬한 디자인은 좋은데",
        "SentimentWord": "3",
        "SentimentPolarity": "1"
      },
      {
        "Aspect": "색상",
        "SentimentText": " 그레이 톤의 색상은 그다지 이쁘지 않은 것 같고",
        "SentimentWord": "8",
        "SentimentPolarity": "-1"
      }
    ]
  },
  {
    "Index": "8644",
    "RawText": "시중에 전기매트 종류는 많은데 색상이 넘~ 단순하고 예쁜 제품이 없더라고요.근데 때마침 우연히 체널 돌리다가 스마트 카본매트를 접하게 되었는데 색이 넘~마음에 들고 디자인이 예뻐서 구매하게 되었답니다. 예쁘게 잘~쓰겠습니다 ^^",
    "Source": "SNS",
    "Domain": "가전",
    "MainCategory": "계절가전",
    "ProductName": "일월 스타일쉬 스마트 카본매트(더블)",
    "ReviewScore": "100",
    "Syllable": "127",
    "Word": "28",
    "RDate": "20211016",
    "GeneralPolarity": "1",
    "Aspects": [
      {
        "Aspect": "색상",
        "SentimentText": "색이 넘~마음에 들고",
        "SentimentWord": "3",
        "SentimentPolarity": "1"
      },
      {
        "Aspect": "디자인",
        "SentimentText": "디자인이 예뻐서 구매하게 되었답니다",
        "SentimentWord": "4",
        "SentimentPolarity": "1"
      }
    ]
  },
  {
    "Index": "8645",
    "RawText": "싼가격에좋았고.디자인또한굿엄청따뜻해서좋아요.",
    "Source": "SNS",
    "Domain": "가전",
    "MainCategory": "계절가전",
    "ProductName": "일월 스타일쉬 스마트 카본매트(더블)",
    "ReviewScore": "100",
    "Syllable": "24",
    "Word": "1",
    "RDate": "20211006",
    "GeneralPolarity": "1",
    "Aspects": [
      {
        "Aspect": "가격",
        "SentimentText": "싼가격에좋았고.",
        "SentimentWord": "1",
        "SentimentPolarity": "1"
      },
      {
        "Aspect": "디자인",
        "SentimentText": "디자인또한굿",
        "SentimentWord": "1",
        "SentimentPolarity": "1"
      },
      {
        "Aspect": "기능",
        "SentimentText": "엄청따뜻해서좋아요.",
        "SentimentWord": "1",
        "SentimentPolarity": "1"
      }
    ]
  },
  {
    "Index": "8646",
    "RawText": "어머님이 00 세라믹 매트 사용하셨는데 고장나   방송보다 주문해드렸는데  가격대비 너무얇아요. 제품이 별로라 비싼듯ㅠㅠ 보기엔  일반 전기요 같은데... 다른점은 뭔지 질 살펴봐야겠네요 ",
    "Source": "SNS",
    "Domain": "가전",
    "MainCategory": "계절가전",
    "ProductName": "일월 스타일쉬 스마트 카본매트(더블)",
    "ReviewScore": "70",
    "Syllable": "105",
    "Word": "21",
    "RDate": "20210904",
    "GeneralPolarity": "-1",
    "Aspects": [
      {
        "Aspect": "품질",
        "SentimentText": "가격대비 너무얇아요.",
        "SentimentWord": "2",
        "SentimentPolarity": "-1"
      },
      {
        "Aspect": "가격",
        "SentimentText": "제품이 별로라 비싼듯ㅠㅠ",
        "SentimentWord": "3",
        "SentimentPolarity": "-1"
      }
    ]
  },
  {
    "Index": "8647",
    "RawText": "예전에 쓰던 자기성 매트에 비해 엄청 가벼워서 좋아요. 세팅되어진 상태로 테스트해보니 온도가 적당한 시간에 올라가는것 같아요. 다만 키가 장신이인분에게는 좀 작을것 같아요. 사이즈를 확인하세요.",
    "Source": "SNS",
    "Domain": "가전",
    "MainCategory": "계절가전",
    "ProductName": "일월 스타일쉬 스마트 카본매트(더블)",
    "ReviewScore": "80",
    "Syllable": "108",
    "Word": "24",
    "RDate": "20210928",
    "GeneralPolarity": "1",
    "Aspects": [
      {
        "Aspect": "무게",
        "SentimentText": "예전에 쓰던 자기성 매트에 비해 엄청 가벼워서 좋아요. ",
        "SentimentWord": "8",
        "SentimentPolarity": "1"
      },
      {
        "Aspect": "시간/속도",
        "SentimentText": " 온도가 적당한 시간에 올라가는것 같아요",
        "SentimentWord": "5",
        "SentimentPolarity": "1"
      },
      {
        "Aspect": "사이즈",
        "SentimentText": "다만 키가 장신이인분에게는 좀 작을것 같아요. 사이즈를 확인하세요.",
        "SentimentWord": "8",
        "SentimentPolarity": "-1"
      }
    ]
  },
  {
    "Index": "8648",
    "RawText": "상품은 빠르게 잘받았습니다. 색깔은 좀 촌스러워서 깜짝 놀랐어요~ 인공지능 조절기아 있어서 알아서 따뜻하게 해줘서 좋으네요  어머님이 만족해 하셔요",
    "Source": "SNS",
    "Domain": "가전",
    "MainCategory": "계절가전",
    "ProductName": "일월 스타일쉬 스마트 카본매트(더블)",
    "ReviewScore": "100",
    "Syllable": "82",
    "Word": "18",
    "RDate": "20211024",
    "Aspects": [
      {
        "Aspect": "색상",
        "SentimentText": "색깔은 좀 촌스러워서 깜짝 놀랐어요~",
        "SentimentWord": "5",
        "SentimentPolarity": "1"
      },
      {
        "Aspect": "기능",
        "SentimentText": "인공지능 조절기아 있어서 알아서 따뜻하게 해줘서 좋으네요",
        "SentimentWord": "7",
        "SentimentPolarity": "1"
      }
    ]
  },
  {
    "Index": "8649",
    "RawText": "전자파가 거의없고 물이 필요없어 좋아요~ 크기가  더블인데도 작아요ㅠㅠ",
    "Source": "SNS",
    "Domain": "가전",
    "MainCategory": "계절가전",
    "ProductName": "일월 스타일쉬 스마트 카본매트(더블)",
    "ReviewScore": "80",
    "Syllable": "39",
    "Word": "8",
    "RDate": "20211027",
    "GeneralPolarity": "0",
    "Aspects": [
      {
        "Aspect": "내구성",
        "SentimentText": "전자파가 거의없고 물이 필요없어 좋아요~",
        "SentimentWord": "5",
        "SentimentPolarity": "1"
      },
      {
        "Aspect": "편의성",
        "SentimentText": "물이 필요없어 좋아요~",
        "SentimentWord": "3",
        "SentimentPolarity": "1"
      },
      {
        "Aspect": "사이즈",
        "SentimentText": "크기가  더블인데도 작아요ㅠㅠ",
        "SentimentWord": "3",
        "SentimentPolarity": "-1"
      }
    ]
  },
  {
    "Index": "8650",
    "RawText": "품질 좋은 상품 구매해서 기분이 좋습니다~ 가격은 적정선이네요 싸지도 비싸지도 않고요",
    "Source": "SNS",
    "Domain": "가전",
    "MainCategory": "계절가전",
    "ProductName": "일월 스타일쉬 스마트 카본매트(더블)",
    "ReviewScore": "100",
    "Syllable": "47",
    "Word": "11",
    "RDate": "20211024",
    "Aspects": [
      {
        "Aspect": "품질",
        "SentimentText": "품질 좋은 상품 구매해서 기분이 좋습니다~",
        "SentimentWord": "6",
        "SentimentPolarity": "1"
      },
      {
        "Aspect": "가격",
        "SentimentText": "가격은 적정선이네요 싸지도 비싸지도 않고요",
        "SentimentWord": "5",
        "SentimentPolarity": "0"
      }
    ]
  },
  {
    "Index": "8651",
    "RawText": "가볍고 이불처럼 접어서 농장에 넣을수 있네요 부모님이 너무 좋아하세요",
    "Source": "SNS",
    "Domain": "가전",
    "MainCategory": "계절가전",
    "ProductName": "일월 스타일쉬 스마트 카본매트(더블+더블)",
    "ReviewScore": "100",
    "Syllable": "38",
    "Word": "9",
    "RDate": "20210912",
    "GeneralPolarity": "1",
    "Aspects": [
      {
        "Aspect": "무게",
        "SentimentText": "가볍고 이불처럼 접어서 농장에 넣을수 있네요",
        "SentimentWord": "6",
        "SentimentPolarity": "1"
      },
      {
        "Aspect": "편의성",
        "SentimentText": "이불처럼 접어서 농장에 넣을수 있네요 ",
        "SentimentWord": "5",
        "SentimentPolarity": "1"
      }
    ]
  },
  {
    "Index": "8652",
    "RawText": "매우좋아여~^^ 하자도없고 두개에 이가격 좋아요#~",
    "Source": "SNS",
    "Domain": "가전",
    "MainCategory": "계절가전",
    "ProductName": "일월 스타일쉬 스마트 카본매트(더블+더블)",
    "ReviewScore": "100",
    "Syllable": "28",
    "Word": "5",
    "RDate": "20211025",
    "GeneralPolarity": "1",
    "Aspects": [
      {
        "Aspect": "품질",
        "SentimentText": "매우좋아여~^^ 하자도없고 ",
        "SentimentWord": "2",
        "SentimentPolarity": "1"
      },
      {
        "Aspect": "가격",
        "SentimentText": " 두개에 이가격 좋아요#~",
        "SentimentWord": "3",
        "SentimentPolarity": "1"
      }
    ]
  },
  {
    "Index": "8653",
    "RawText": "배송도 빠르니 만족합니다   더블 구성으로 구입해서 저렴해서 좋아요 따뜻하니 좋네요 성능 좋아요 추천해요.  온식구 쓰려고 한세트 더 구입했어요",
    "Source": "SNS",
    "Domain": "가전",
    "MainCategory": "계절가전",
    "ProductName": "일월 스타일쉬 스마트 카본매트(더블+더블)",
    "ReviewScore": "100",
    "Syllable": "80",
    "Word": "18",
    "RDate": "20211004",
    "Aspects": [
      {
        "Aspect": "가격",
        "SentimentText": "더블 구성으로 구입해서 저렴해서 좋아요",
        "SentimentWord": "5",
        "SentimentPolarity": "1"
      },
      {
        "Aspect": "기능",
        "SentimentText": "따뜻하니 좋네요 성능 좋아요 추천해요.",
        "SentimentWord": "5",
        "SentimentPolarity": "1"
      }
    ]
  },
  {
    "Index": "8654",
    "RawText": "온도조절기에 전기흐르는소리때문에 잠을못자겠어요 거슬려죽겠네요 진짜  지지지지지ㅣ치지지지직 주파수같은소리ㅡㅡ 바꿔주던지 환불해주세요 매트깔고 잤는데 따뜻한지 모르겠어요. 여행다녀와서 뒤늦게알았네요",
    "Source": "SNS",
    "Domain": "가전",
    "MainCategory": "계절가전",
    "ProductName": "일월 스타일쉬 스마트 카본매트(더블+더블)",
    "ReviewScore": "20",
    "Syllable": "108",
    "Word": "15",
    "RDate": "20211108",
    "GeneralPolarity": "-1",
    "Aspects": [
      {
        "Aspect": "소음",
        "SentimentText": "온도조절기에 전기흐르는소리때문에 잠을못자겠어요 거슬려죽겠네요 ",
        "SentimentWord": "4",
        "SentimentPolarity": "-1"
      },
      {
        "Aspect": "기능",
        "SentimentText": "매트깔고 잤는데 따뜻한지 모르겠어요. ",
        "SentimentWord": "4",
        "SentimentPolarity": "-1"
      }
    ]
  },
  {
    "Index": "8655",
    "RawText": "00 온수매트  사용했는데 고장나서 교체했는데 일단 조용하고 따뜻해서 추천해요.",
    "Source": "SNS",
    "Domain": "가전",
    "MainCategory": "계절가전",
    "ProductName": "일월 스타일쉬 스마트 카본매트(더블+더블)",
    "ReviewScore": "100",
    "Syllable": "44",
    "Word": "9",
    "RDate": "20210914",
    "GeneralPolarity": "1",
    "Aspects": [
      {
        "Aspect": "소음",
        "SentimentText": "조용하고 따뜻해서 추천해요.",
        "SentimentWord": "3",
        "SentimentPolarity": "1"
      },
      {
        "Aspect": "기능",
        "SentimentText": "따뜻해서 추천해요.",
        "SentimentWord": "2",
        "SentimentPolarity": "1"
      }
    ]
  },
  {
    "Index": "8656",
    "RawText": "광고는 사람이 전원을끄지안아도시간이지나면 자동으로커진다고광고해서 일부러 이제품구밉했는데 실망스럽습니다. 디자인도 옛날 디자인 촌스려워 부모닙께 드렸네요 광고와는 다르게 모르고전원안끄고나갔다가 저녁 늦게 돌아와 보니 그대로 켜저 있어요 편리함이 하나도 없네요 제발과대광고하지마세요.",
    "Source": "SNS",
    "Domain": "가전",
    "MainCategory": "계절가전",
    "ProductName": "일월 스타일쉬 스마트 카본매트(싱글)",
    "ReviewScore": "10",
    "Syllable": "156",
    "Word": "27",
    "RDate": "20211024",
    "Aspects": [
      {
        "Aspect": "디자인",
        "SentimentText": "디자인도 옛날 디자인 촌스려워 부모닙께 드렸네요",
        "SentimentWord": "6",
        "SentimentPolarity": "-1"
      },
      {
        "Aspect": "편의성",
        "SentimentText": "광고와는 다르게 모르고전원안끄고나갔다가 저녁 늦게 돌아와 보니 그대로 켜저 있어요 편리함이 하나도 없네요",
        "SentimentWord": "13",
        "SentimentPolarity": "-1"
      }
    ]
  },
  {
    "Index": "8657",
    "RawText": "색상 디자인 광고랑 똑같네요 두께가 정말 얇아요 보관할때 너무좋을것같아요",
    "Source": "SNS",
    "Domain": "가전",
    "MainCategory": "계절가전",
    "ProductName": "일월 스타일쉬 스마트 카본매트(싱글)",
    "ReviewScore": "100",
    "Syllable": "40",
    "Word": "9",
    "RDate": "20211026",
    "GeneralPolarity": "1",
    "Aspects": [
      {
        "Aspect": "색상",
        "SentimentText": "색상 디자인 광고랑 똑같네요",
        "SentimentWord": "4",
        "SentimentPolarity": "1"
      },
      {
        "Aspect": "디자인",
        "SentimentText": "디자인 광고랑 똑같네요",
        "SentimentWord": "3",
        "SentimentPolarity": "1"
      },
      {
        "Aspect": "무게",
        "SentimentText": "두께가 정말 얇아요보관할때 너무좋을것같아요",
        "SentimentWord": "4",
        "SentimentPolarity": "1"
      }
    ]
  },
  {
    "Index": "8658",
    "RawText": "온도 조절기에서 귀뚜라미 소리같은 미세한 소리가 납니다. 이거 불량인건지..원래 이 제품이 그런건지 모르겠네요. 가습기 소리도 거슬려서 끄고 자는데..  한 겨울에는 좀 걱정이 되네요..",
    "Source": "SNS",
    "Domain": "가전",
    "MainCategory": "계절가전",
    "ProductName": "일월 스타일쉬 스마트 카본매트(싱글)",
    "ReviewScore": "50",
    "Syllable": "104",
    "Word": "23",
    "RDate": "20210905",
    "GeneralPolarity": "-1",
    "Aspects": [
      {
        "Aspect": "소음",
        "SentimentText": "온도 조절기에서 귀뚜라미 소리같은 미세한 소리가 납니다.",
        "SentimentWord": "7",
        "SentimentPolarity": "-1"
      },
      {
        "Aspect": "품질",
        "SentimentText": "이거 불량인건지..원래 이 제품이 그런건지 모르겠네요.",
        "SentimentWord": "6",
        "SentimentPolarity": "-1"
      }
    ]
  },
  {
    "Index": "8659",
    "RawText": "몸에 닿는 부분은 부드럽고 좋아요 바닥에 미끄럼방지는 좀 덜 되네요 냉각보다 가벼워요",
    "Source": "SNS",
    "Domain": "가전",
    "MainCategory": "계절가전",
    "ProductName": "일월 워셔블 초절전형 기모극세사 전기매트_더블(140x180)_투난방",
    "ReviewScore": "100",
    "Syllable": "47",
    "Word": "12",
    "RDate": "20211128",
    "GeneralPolarity": "1",
    "Aspects": [
      {
        "Aspect": "소재",
        "SentimentText": "몸에 닿는 부분은 부드럽고 좋아요",
        "SentimentWord": "5",
        "SentimentPolarity": "1"
      },
      {
        "Aspect": "기능",
        "SentimentText": "바닥에 미끄럼방지는 좀 덜 되네요",
        "SentimentWord": "5",
        "SentimentPolarity": "0"
      },
      {
        "Aspect": "무게",
        "SentimentText": "냉각보다 가벼워요",
        "SentimentWord": "2",
        "SentimentPolarity": "1"
      }
    ]
  },
  {
    "Index": "8660",
    "RawText": "금방 따뜻해지고   온수매트처럼 수시로 물 안부어도 되서 편리합니다",
    "Source": "SNS",
    "Domain": "가전",
    "MainCategory": "계절가전",
    "ProductName": "일월 워셔블 초절전형 기모극세사 전기매트_싱글(80x180)_원난방",
    "ReviewScore": "100",
    "Syllable": "37",
    "Word": "8",
    "RDate": "20211108",
    "GeneralPolarity": "1",
    "Aspects": [
      {
        "Aspect": "시간/속도",
        "SentimentText": "금방 따뜻해지고   온수매트처럼 수시로 물 안부어도 되서 편리합니다",
        "SentimentWord": "8",
        "SentimentPolarity": "1"
      },
      {
        "Aspect": "편의성",
        "SentimentText": "수시로 물 안부어도 되서 편리합니다",
        "SentimentWord": "5",
        "SentimentPolarity": "1"
      }
    ]
  },
  {
    "Index": "8661",
    "RawText": "배송후 정상으로 작동하는지 사용해보는데 열이 너무 천천히 약하게 올라오네요. 따뜻하기까지 오래걸려 추워요",
    "Source": "SNS",
    "Domain": "가전",
    "MainCategory": "계절가전",
    "ProductName": "일월 절전형 양모 전기매트_싱글+싱글(70x170)",
    "ReviewScore": "70",
    "Syllable": "58",
    "Word": "12",
    "RDate": "20211015",
    "Aspects": [
      {
        "Aspect": "기능",
        "SentimentText": "열이 너무 천천히 약하게 올라오네요.",
        "SentimentWord": "5",
        "SentimentPolarity": "-1"
      },
      {
        "Aspect": "시간/속도",
        "SentimentText": "따뜻하기까지 오래걸려 추워요",
        "SentimentWord": "3",
        "SentimentPolarity": "-1"
      }
    ]
  },
  {
    "Index": "8662",
    "RawText": "디자인이 이쁘고 좋아요 1인용이라 소파위에서도 사용가능해서 좋네요",
    "Source": "SNS",
    "Domain": "가전",
    "MainCategory": "계절가전",
    "ProductName": "펭수논슬립EMF전기요(싱글)[YG-700]",
    "ReviewScore": "100",
    "Syllable": "36",
    "Word": "7",
    "RDate": "20220105",
    "GeneralPolarity": "1",
    "Aspects": [
      {
        "Aspect": "디자인",
        "SentimentText": "디자인이 이쁘고 좋아요 ",
        "SentimentWord": "3",
        "SentimentPolarity": "1"
      },
      {
        "Aspect": "사이즈",
        "SentimentText": "1인용이라 소파위에서도 사용가능해서 좋네요",
        "SentimentWord": "4",
        "SentimentPolarity": "1"
      }
    ]
  },
  {
    "Index": "8663",
    "RawText": "저온이 고온같은 온도조절이 조금 아싑지만 디자인이 이쁘고 맘에 들어요 따끈한 겨울 보내게 되었네요",
    "Source": "SNS",
    "Domain": "가전",
    "MainCategory": "계절가전",
    "ProductName": "펭수논슬립전기방석(2단조절형)[YNG-001]",
    "ReviewScore": "80",
    "Syllable": "54",
    "Word": "13",
    "RDate": "20220117",
    "GeneralPolarity": "1",
    "Aspects": [
      {
        "Aspect": "조작성",
        "SentimentText": "저온이 고온같은 온도조절이 조금 아싑지만",
        "SentimentWord": "5",
        "SentimentPolarity": "0"
      },
      {
        "Aspect": "디자인",
        "SentimentText": "디자인이 이쁘고 맘에 들어요",
        "SentimentWord": "4",
        "SentimentPolarity": "1"
      }
    ]
  },
  {
    "Index": "8664",
    "RawText": "책상 의자에 두었더니 따뜻하니 좋습니다 다자인도 색도 이쁘고 마음에 듭니다",
    "Source": "SNS",
    "Domain": "가전",
    "MainCategory": "계절가전",
    "ProductName": "펭수논슬립전기방석(2단조절형)[YNG-001]",
    "ReviewScore": "100",
    "Syllable": "41",
    "Word": "10",
    "RDate": "20211221",
    "GeneralPolarity": "1",
    "Aspects": [
      {
        "Aspect": "기능",
        "SentimentText": "책상 의자에 두었더니 따뜻하니 좋습니다",
        "SentimentWord": "5",
        "SentimentPolarity": "1"
      },
      {
        "Aspect": "디자인",
        "SentimentText": " 다자인도 색도 이쁘고 마음에 듭니다",
        "SentimentWord": "5",
        "SentimentPolarity": "1"
      },
      {
        "Aspect": "색상",
        "SentimentText": " 색도 이쁘고 마음에 듭니다",
        "SentimentWord": "4",
        "SentimentPolarity": "1"
      }
    ]
  },
  {
    "Index": "8665",
    "RawText": "혼자앉을때  좋아요  전기도절전되고 가게서  잘쓰고있어요",
    "Source": "SNS",
    "Domain": "가전",
    "MainCategory": "계절가전",
    "ProductName": "펭수논슬립전기방석(2단조절형)[YNG-001]",
    "ReviewScore": "100",
    "Syllable": "31",
    "Word": "5",
    "RDate": "20220107",
    "GeneralPolarity": "1",
    "Aspects": [
      {
        "Aspect": "사이즈",
        "SentimentText": "혼자앉을때  좋아요 ",
        "SentimentWord": "2",
        "SentimentPolarity": "1"
      },
      {
        "Aspect": "소비전력",
        "SentimentText": " 전기도절전되고 가게서  잘쓰고있어요",
        "SentimentWord": "3",
        "SentimentPolarity": "1"
      }
    ]
  },
  {
    "Index": "8666",
    "RawText": "두번째구매입니다 ○○○전기방석 온도조절기가 있어편하고 빨리따뜻해서 좋아요",
    "Source": "SNS",
    "Domain": "가전",
    "MainCategory": "계절가전",
    "ProductName": "펭수논슬립전기방석[YK-V018]",
    "ReviewScore": "100",
    "Syllable": "40",
    "Word": "6",
    "RDate": "20211109",
    "Aspects": [
      {
        "Aspect": "편의성",
        "SentimentText": "두번째구매입니다 ○○○전기방석 온도조절기가 있어편하고 빨리따뜻해서 좋아요",
        "SentimentWord": "6",
        "SentimentPolarity": "1"
      },
      {
        "Aspect": "시간/속도",
        "SentimentText": "빨리따뜻해서 좋아요",
        "SentimentWord": "2",
        "SentimentPolarity": "1"
      }
    ]
  },
  {
    "Index": "8667",
    "RawText": "온도조절단계별로있어 좋네요  쿠션감있지만 바닥은 딱딱한편 불편합니다,",
    "Source": "SNS",
    "Domain": "가전",
    "MainCategory": "계절가전",
    "ProductName": "펭수논슬립전기방석[YK-V018]",
    "ReviewScore": "100",
    "Syllable": "38",
    "Word": "6",
    "RDate": "20210924",
    "GeneralPolarity": "0",
    "Aspects": [
      {
        "Aspect": "기능",
        "SentimentText": "온도조절단계별로있어 좋네요 ",
        "SentimentWord": "2",
        "SentimentPolarity": "1"
      },
      {
        "Aspect": "소재",
        "SentimentText": "쿠션감있지만 바닥은 딱딱한편 불편합니다,",
        "SentimentWord": "4",
        "SentimentPolarity": "-1"
      }
    ]
  },
  {
    "Index": "8668",
    "RawText": "잘 쓰고 있습니다 따뜻하고 온도 조절할 수 있어 좋아요",
    "Source": "SNS",
    "Domain": "가전",
    "MainCategory": "계절가전",
    "ProductName": "펭수논슬립전기방석[YK-V018]",
    "ReviewScore": "100",
    "Syllable": "30",
    "Word": "9",
    "RDate": "20211205",
    "GeneralPolarity": "1",
    "Aspects": [
      {
        "Aspect": "기능",
        "SentimentText": "잘 쓰고 있습니다 따뜻하고 온도 조절할 수 있어 좋아요",
        "SentimentWord": "9",
        "SentimentPolarity": "1"
      },
      {
        "Aspect": "조작성",
        "SentimentText": " 온도 조절할 수 있어 좋아요",
        "SentimentWord": "5",
        "SentimentPolarity": "1"
      }
    ]
  },
  {
    "Index": "8669",
    "RawText": "팽수도 귀엽고  전원올리면 근방따뜻해지네요",
    "Source": "SNS",
    "Domain": "가전",
    "MainCategory": "계절가전",
    "ProductName": "펭수논슬립전기방석[YK-V018]",
    "ReviewScore": "100",
    "Syllable": "23",
    "Word": "4",
    "RDate": "20211102",
    "GeneralPolarity": "1",
    "Aspects": [
      {
        "Aspect": "디자인",
        "SentimentText": "팽수도 귀엽고  전원올리면 근방따뜻해지네요",
        "SentimentWord": "4",
        "SentimentPolarity": "1"
      },
      {
        "Aspect": "시간/속도",
        "SentimentText": "전원올리면 근방따뜻해지네요",
        "SentimentWord": "2",
        "SentimentPolarity": "1"
      }
    ]
  },
  {
    "Index": "8670",
    "RawText": "크기도 적당하고 따뜻하고 좋아요 가격대비 만족합니다",
    "Source": "SNS",
    "Domain": "가전",
    "MainCategory": "계절가전",
    "ProductName": "펭수세이프타이머EMF전기요(슈퍼싱글)[CK-100]",
    "ReviewScore": "100",
    "Syllable": "28",
    "Word": "6",
    "RDate": "20211210",
    "GeneralPolarity": "1",
    "Aspects": [
      {
        "Aspect": "사이즈",
        "SentimentText": "크기도 적당하고 따뜻하고 좋아요",
        "SentimentWord": "4",
        "SentimentPolarity": "1"
      },
      {
        "Aspect": "기능",
        "SentimentText": "따뜻하고 좋아요",
        "SentimentWord": "2",
        "SentimentPolarity": "1"
      },
      {
        "Aspect": "가격",
        "SentimentText": "가격대비 만족합니다",
        "SentimentWord": "2",
        "SentimentPolarity": "1"
      }
    ]
  },
  {
    "Index": "8671",
    "RawText": "좋은 가격에 참잘구매한거 같아요.거실에 깔앟는데 완전 편하고 좋아요.올겨울에는 따뜻하게 지낼수있을거 같아요",
    "Source": "SNS",
    "Domain": "가전",
    "MainCategory": "계절가전",
    "ProductName": "한일의료기 전기매트/온돌마루300/점보/분리난방/전기장판 K",
    "ReviewScore": "100",
    "Syllable": "59",
    "Word": "11",
    "RDate": "20210826",
    "GeneralPolarity": "1",
    "Aspects": [
      {
        "Aspect": "가격",
        "SentimentText": "좋은 가격에 참잘구매한거 같아요",
        "SentimentWord": "4",
        "SentimentPolarity": "1"
      },
      {
        "Aspect": "편의성",
        "SentimentText": "거실에 깔앟는데 완전 편하고 좋아요.",
        "SentimentWord": "5",
        "SentimentPolarity": "1"
      }
    ]
  },
  {
    "Index": "8672",
    "RawText": "가격대비 따뜻하고 편하게 잘 사용힙니다...넘 좋아요",
    "Source": "SNS",
    "Domain": "가전",
    "MainCategory": "계절가전",
    "ProductName": "한일의료기 전기요 강아지-대/전기장판 HLY-503NK",
    "ReviewScore": "100",
    "Syllable": "29",
    "Word": "6",
    "RDate": "20211213",
    "Aspects": [
      {
        "Aspect": "기능",
        "SentimentText": "가격대비 따뜻하고 편하게 잘 사용힙니다...넘 좋아요",
        "SentimentWord": "6",
        "SentimentPolarity": "1"
      },
      {
        "Aspect": "편의성",
        "SentimentText": "편하게 잘 사용힙니다...넘 좋아요",
        "SentimentWord": "4",
        "SentimentPolarity": "1"
      }
    ]
  },
  {
    "Index": "8673",
    "RawText": "색상도 넘 이쁘고  천도 좋네요  침대위에 사이즈도 맞고  잘쓸거같아요",
    "Source": "SNS",
    "Domain": "가전",
    "MainCategory": "계절가전",
    "ProductName": "한일의료기 전기요 자전거-대/전기장판 HLY-603NK",
    "ReviewScore": "100",
    "Syllable": "39",
    "Word": "9",
    "RDate": "20210907",
    "GeneralPolarity": "1",
    "Aspects": [
      {
        "Aspect": "색상",
        "SentimentText": "색상도 넘 이쁘고 천도 좋네요",
        "SentimentWord": "5",
        "SentimentPolarity": "1"
      },
      {
        "Aspect": "소재",
        "SentimentText": "천도 좋네요",
        "SentimentWord": "2",
        "SentimentPolarity": "1"
      },
      {
        "Aspect": "사이즈",
        "SentimentText": " 침대위에 사이즈도 맞고  잘쓸거같아요",
        "SentimentWord": "4",
        "SentimentPolarity": "1"
      }
    ]
  },
  {
    "Index": "8674",
    "RawText": "아직 사용은 안해봤지만 사이즈도 적당하고 가볍고 공간 차지 별로 안해서 마음에 듭니다.",
    "Source": "SNS",
    "Domain": "가전",
    "MainCategory": "계절가전",
    "ProductName": "한일의료기 전기요 자전거-중/전기장판 HLY-602NK",
    "ReviewScore": "100",
    "Syllable": "48",
    "Word": "12",
    "RDate": "20211001",
    "GeneralPolarity": "1",
    "Aspects": [
      {
        "Aspect": "사이즈",
        "SentimentText": "사이즈도 적당하고",
        "SentimentWord": "2",
        "SentimentPolarity": "1"
      },
      {
        "Aspect": "무게",
        "SentimentText": "가볍고 공간 차지 별로 안해서 마음에 듭니다.",
        "SentimentWord": "7",
        "SentimentPolarity": "1"
      },
      {
        "Aspect": "사이즈",
        "SentimentText": "공간 차지 별로 안해서 마음에 듭니다.",
        "SentimentWord": "6",
        "SentimentPolarity": "1"
      }
    ]
  },
  {
    "Index": "8675",
    "RawText": "거실에 설치했어요 아주 따슷해요 까스비 너무비싸서 구매했는데 성능에 아주 만족합니다.",
    "Source": "SNS",
    "Domain": "가전",
    "MainCategory": "계절가전",
    "ProductName": "핫한일 EMF 세미극세사 진그레이 온수매트_퀸(143x200)_투난방",
    "ReviewScore": "100",
    "Syllable": "47",
    "Word": "10",
    "RDate": "20220104",
    "GeneralPolarity": "1",
    "Aspects": [
      {
        "Aspect": "기능",
        "SentimentText": "거실에 설치했어요 아주 따슷해요",
        "SentimentWord": "4",
        "SentimentPolarity": "1"
      },
      {
        "Aspect": "기능",
        "SentimentText": "까스비 너무비싸서 구매했는데 성능에 아주 만족합니다. ",
        "SentimentWord": "6",
        "SentimentPolarity": "1"
      }
    ]
  },
  {
    "Index": "8676",
    "RawText": "빠른배송감솨함다~~ 대청마루 느낌의 디자인이라 거북하지 않고 좋아요 최적의 숙면기능이 있어 푹신하고 따뜻하고 넘 좋아요, 올겨울따뜻하게나겠어요",
    "Source": "SNS",
    "Domain": "가전",
    "MainCategory": "계절가전",
    "ProductName": "핫한일 대청마루 전기장판 전기카페트 7T(183x140)_원난방",
    "ReviewScore": "100",
    "Syllable": "79",
    "Word": "15",
    "RDate": "20211109",
    "Aspects": [
      {
        "Aspect": "디자인",
        "SentimentText": "대청마루 느낌의 디자인이라 거북하지 않고 좋아요",
        "SentimentWord": "6",
        "SentimentPolarity": "1"
      },
      {
        "Aspect": "기능",
        "SentimentText": "최적의 숙면기능이 있어 푹신하고 따뜻하고 넘 좋아요, 올겨울따뜻하게나겠어요",
        "SentimentWord": "8",
        "SentimentPolarity": "1"
      }
    ]
  },
  {
    "Index": "8677",
    "RawText": "결론부터 말하자면 다른제품은 어떤지 확인 후 비교 구매하세요.  1번 사진에 보시면 좌측 끝에서 열선코일까지열선이 약30cm는 없습니다.  최소한 2번 사진처럼 코일이 끝선에서 15cm는 되어야 하는데 좌측은 횡~하네요!",
    "Source": "SNS",
    "Domain": "가전",
    "MainCategory": "계절가전",
    "ProductName": "핫한일 대청마루 전기장판 전기카페트 7T(183x250)_투난방",
    "ReviewScore": "20",
    "Syllable": "123",
    "Word": "26",
    "RDate": "20211211",
    "GeneralPolarity": "-1",
    "Aspects": [
      {
        "Aspect": "품질",
        "SentimentText": "1번 사진에 보시면 좌측 끝에서 열선코일까지열선이 약30cm는 없습니다. ",
        "SentimentWord": "8",
        "SentimentPolarity": "-1"
      },
      {
        "Aspect": "품질",
        "SentimentText": "최소한 2번 사진처럼 코일이 끝선에서 15cm는 되어야 하는데 좌측은 횡~하네요!",
        "SentimentWord": "10",
        "SentimentPolarity": "-1"
      }
    ]
  },
  {
    "Index": "8678",
    "RawText": "잘쓰고있읍니다  물이 너무 잘받아지네요  그런데 물받이가 좀  불편 하네요",
    "Source": "SNS",
    "Domain": "가전",
    "MainCategory": "계절가전",
    "ProductName": "(TV) 2021년형 위닉스 뽀송 제습기12L (DXTH120-KWK)",
    "ReviewScore": "70",
    "Syllable": "41",
    "Word": "9",
    "RDate": "20210824",
    "GeneralPolarity": "0",
    "Aspects": [
      {
        "Aspect": "기능",
        "SentimentText": "잘쓰고있읍니다  물이 너무 잘받아지네요",
        "SentimentWord": "4",
        "SentimentPolarity": "1"
      },
      {
        "Aspect": "편의성",
        "SentimentText": " 그런데 물받이가 좀  불편 하네요",
        "SentimentWord": "5",
        "SentimentPolarity": "-1"
      }
    ]
  },
  {
    "Index": "8679",
    "RawText": "1등급이라 전기세 걱정 안 하구 사용해요. 나중엔 더 큰 걸로 사야겠어요. 물이 넘쳐요ㅋ",
    "Source": "SNS",
    "Domain": "가전",
    "MainCategory": "계절가전",
    "ProductName": "(TV_방송중무24) 2021년형 위닉스 뽀송 제습기 17L (DXSH170-KWK)",
    "ReviewScore": "100",
    "Syllable": "49",
    "Word": "13",
    "RDate": "20210902",
    "GeneralPolarity": "0",
    "Aspects": [
      {
        "Aspect": "소비전력",
        "SentimentText": "1등급이라 전기세 걱정 안 하구 사용해요. ",
        "SentimentWord": "6",
        "SentimentPolarity": "1"
      },
      {
        "Aspect": "사이즈",
        "SentimentText": " 나중엔 더 큰 걸로 사야겠어요. 물이 넘쳐요ㅋ",
        "SentimentWord": "7",
        "SentimentPolarity": "0"
      }
    ]
  },
  {
    "Index": "8680",
    "RawText": "꼼꼼하게포장되어왔고 에너지 효율 1등금이라 든든합니다 역시 강력해요 물차는거보면 진짜 신기방기  뽀송한 여름 보냈어요",
    "Source": "SNS",
    "Domain": "가전",
    "MainCategory": "계절가전",
    "ProductName": "(TV_방송중무24) 2021년형 위닉스 뽀송 제습기 17L (DXSH170-KWK)",
    "ReviewScore": "100",
    "Syllable": "65",
    "Word": "13",
    "RDate": "20210816",
    "Aspects": [
      {
        "Aspect": "소비전력",
        "SentimentText": "에너지 효율 1등금이라 든든합니다",
        "SentimentWord": "4",
        "SentimentPolarity": "1"
      },
      {
        "Aspect": "기능",
        "SentimentText": "역시 강력해요 물차는거보면 진짜 신기방기  뽀송한 여름 보냈어요",
        "SentimentWord": "8",
        "SentimentPolarity": "1"
      }
    ]
  },
  {
    "Index": "8681",
    "RawText": "물통 용량도 크고 디자인도 예뻐 아주 만족하며  어제부터 장마 대비에 잘 쓰고 있습니다",
    "Source": "SNS",
    "Domain": "가전",
    "MainCategory": "계절가전",
    "ProductName": "(TV_방송중무24) 2021년형 위닉스 뽀송 제습기 17L (DXSH170-KWK)",
    "ReviewScore": "100",
    "Syllable": "48",
    "Word": "13",
    "RDate": "20210705",
    "GeneralPolarity": "1",
    "Aspects": [
      {
        "Aspect": "사이즈",
        "SentimentText": "물통 용량도 크고",
        "SentimentWord": "3",
        "SentimentPolarity": "1"
      },
      {
        "Aspect": "디자인",
        "SentimentText": "디자인도 예뻐 아주 만족하며 ",
        "SentimentWord": "4",
        "SentimentPolarity": "1"
      }
    ]
  },
  {
    "Index": "8682",
    "RawText": "소리는 어쩔 수 없네요ㅠ 또 일단 키면 더운열기가 장난 아니네요",
    "Source": "SNS",
    "Domain": "가전",
    "MainCategory": "계절가전",
    "ProductName": "(TV_방송중무24) 2021년형 위닉스 뽀송 제습기 17L (DXSH170-KWK)",
    "ReviewScore": "80",
    "Syllable": "35",
    "Word": "10",
    "RDate": "20210828",
    "GeneralPolarity": "-1",
    "Aspects": [
      {
        "Aspect": "소음",
        "SentimentText": "소리는 어쩔 수 없네요ㅠ",
        "SentimentWord": "4",
        "SentimentPolarity": "-1"
      },
      {
        "Aspect": "내구성",
        "SentimentText": " 또 일단 키면 더운열기가 장난 아니네요",
        "SentimentWord": "6",
        "SentimentPolarity": "-1"
      }
    ]
  },
  {
    "Index": "8683",
    "RawText": "가격 착하고 성능 좋습니다 다만 좀 크다는게 흠이랄까요 ooo라서 믿고 구매하십시요",
    "Source": "SNS",
    "Domain": "가전",
    "MainCategory": "계절가전",
    "ProductName": "(TV_상시) 2021년형 위닉스 뽀송 제습기 17L (DXSH170-KWK)",
    "ReviewScore": "100",
    "Syllable": "46",
    "Word": "11",
    "RDate": "20210831",
    "GeneralPolarity": "0",
    "Aspects": [
      {
        "Aspect": "가격",
        "SentimentText": "가격 착하고 ",
        "SentimentWord": "2",
        "SentimentPolarity": "1"
      },
      {
        "Aspect": "기능",
        "SentimentText": "성능 좋습니다 ",
        "SentimentWord": "2",
        "SentimentPolarity": "1"
      },
      {
        "Aspect": "사이즈",
        "SentimentText": "다만 좀 크다는게 흠이랄까요",
        "SentimentWord": "4",
        "SentimentPolarity": "-1"
      }
    ]
  },
  {
    "Index": "8684",
    "RawText": "소음도 기존 16리터 제품보다 훨씬 적고 제습력이 참 좋아졌네요. 크기도 생각보다 커서 마음에 듭니다.",
    "Source": "SNS",
    "Domain": "가전",
    "MainCategory": "계절가전",
    "ProductName": "(TV_상시) 2021년형 위닉스 뽀송 제습기 17L (DXSH170-KWK)",
    "ReviewScore": "100",
    "Syllable": "57",
    "Word": "14",
    "RDate": "20210628",
    "GeneralPolarity": "1",
    "Aspects": [
      {
        "Aspect": "소음",
        "SentimentText": "소음도 기존 16리터 제품보다 훨씬 적고 ",
        "SentimentWord": "6",
        "SentimentPolarity": "1"
      },
      {
        "Aspect": "기능",
        "SentimentText": " 제습력이 참 좋아졌네요. ",
        "SentimentWord": "3",
        "SentimentPolarity": "1"
      },
      {
        "Aspect": "사이즈",
        "SentimentText": "크기도 생각보다 커서 마음에 듭니다.",
        "SentimentWord": "5",
        "SentimentPolarity": "1"
      }
    ]
  },
  {
    "Index": "8685",
    "RawText": "정말 좋은 가격에 꿉꿉함 날렸어요 소가구라면 품질 좋은 이 제품 강추 입니다",
    "Source": "SNS",
    "Domain": "가전",
    "MainCategory": "계절가전",
    "ProductName": "(TV_위) 2020년형 위닉스 뽀송 제습기10L DXTH100-JWK",
    "ReviewScore": "100",
    "Syllable": "42",
    "Word": "12",
    "RDate": "20200907",
    "GeneralPolarity": "1",
    "Aspects": [
      {
        "Aspect": "가격",
        "SentimentText": "정말 좋은 가격에 꿉꿉함 날렸어요",
        "SentimentWord": "5",
        "SentimentPolarity": "1"
      },
      {
        "Aspect": "품질",
        "SentimentText": "소가구라면 품질 좋은 이 제품 강추 입니다",
        "SentimentWord": "7",
        "SentimentPolarity": "1"
      }
    ]
  },
  {
    "Index": "8686",
    "RawText": "제습력좋고  모양도 이쁘고 ~ 다만 생각보다는 무거워요~",
    "Source": "SNS",
    "Domain": "가전",
    "MainCategory": "계절가전",
    "ProductName": "(TV_위) 2020년형 위닉스 뽀송 제습기10L DXTH100-JWK",
    "ReviewScore": "100",
    "Syllable": "31",
    "Word": "7",
    "RDate": "20200815",
    "GeneralPolarity": "0",
    "Aspects": [
      {
        "Aspect": "기능",
        "SentimentText": "제습력좋고 ",
        "SentimentWord": "1",
        "SentimentPolarity": "1"
      },
      {
        "Aspect": "디자인",
        "SentimentText": "모양도 이쁘고 ~",
        "SentimentWord": "3",
        "SentimentPolarity": "1"
      },
      {
        "Aspect": "무게",
        "SentimentText": "다만 생각보다는 무거워요~",
        "SentimentWord": "3",
        "SentimentPolarity": "-1"
      }
    ]
  },
  {
    "Index": "8687",
    "RawText": "o쇼핑 행사해서 저렴하게 제습시 구매  아담하고 잘되요 저는 세탁할때매 쓰고 있어요",
    "Source": "SNS",
    "Domain": "가전",
    "MainCategory": "계절가전",
    "ProductName": "(행사)직_인증 위니아 가정용제습기 EDH8ENW 8L",
    "ReviewScore": "100",
    "Syllable": "46",
    "Word": "11",
    "RDate": "20210809",
    "GeneralPolarity": "1",
    "Aspects": [
      {
        "Aspect": "가격",
        "SentimentText": "o쇼핑 행사해서 저렴하게 제습시 구매",
        "SentimentWord": "5",
        "SentimentPolarity": "1"
      },
      {
        "Aspect": "사이즈",
        "SentimentText": "아담하고 잘되요",
        "SentimentWord": "2",
        "SentimentPolarity": "1"
      }
    ]
  },
  {
    "Index": "8688",
    "RawText": "비오는날 빨레말릴때 필수품!!! 사이즈도좋고 바퀴달려서이동도편해요",
    "Source": "SNS",
    "Domain": "가전",
    "MainCategory": "계절가전",
    "ProductName": "(행사)직_인증 위니아 가정용제습기 EDH8ENW 8L",
    "ReviewScore": "100",
    "Syllable": "36",
    "Word": "5",
    "RDate": "20210826",
    "GeneralPolarity": "1",
    "Aspects": [
      {
        "Aspect": "사이즈",
        "SentimentText": "사이즈도좋고",
        "SentimentWord": "1",
        "SentimentPolarity": "1"
      },
      {
        "Aspect": "편의성",
        "SentimentText": "바퀴달려서이동도편해요",
        "SentimentWord": "1",
        "SentimentPolarity": "1"
      }
    ]
  },
  {
    "Index": "8689",
    "RawText": "옷방용으로 구매했는데 용량은 작지만 만족한 편입니다  제습 잘 잡아주는것 같아요",
    "Source": "SNS",
    "Domain": "가전",
    "MainCategory": "계절가전",
    "ProductName": "(행사)직_인증 위니아 가정용제습기 EDH8ENW 8L",
    "ReviewScore": "100",
    "Syllable": "44",
    "Word": "10",
    "RDate": "20210821",
    "GeneralPolarity": "1",
    "Aspects": [
      {
        "Aspect": "사이즈",
        "SentimentText": "용량은 작지만 만족한 편입니다 ",
        "SentimentWord": "4",
        "SentimentPolarity": "0"
      },
      {
        "Aspect": "기능",
        "SentimentText": "제습 잘 잡아주는것 같아요",
        "SentimentWord": "4",
        "SentimentPolarity": "1"
      }
    ]
  },
  {
    "Index": "8690",
    "RawText": "이벤트 기간중에 구매해서 적립금도 많이 받았어요.. 제습기능도 좋고 조용하네요..옷방이나 작은방에 딱입니다..",
    "Source": "SNS",
    "Domain": "가전",
    "MainCategory": "계절가전",
    "ProductName": "(행사)직_인증 위니아 가정용제습기 EDH8ENW 8L",
    "ReviewScore": "100",
    "Syllable": "61",
    "Word": "11",
    "RDate": "20210811",
    "GeneralPolarity": "1",
    "Aspects": [
      {
        "Aspect": "가격",
        "SentimentText": "이벤트 기간중에 구매해서 적립금도 많이 받았어요..",
        "SentimentWord": "6",
        "SentimentPolarity": "1"
      },
      {
        "Aspect": "기능",
        "SentimentText": "제습기능도 좋고",
        "SentimentWord": "2",
        "SentimentPolarity": "1"
      },
      {
        "Aspect": "소음",
        "SentimentText": "조용하네요..옷방이나 작은방에 딱입니다..",
        "SentimentWord": "3",
        "SentimentPolarity": "1"
      }
    ]
  },
  {
    "Index": "8691",
    "RawText": "충전식이라 좋아요.색변화있을때 건조하니 편해요",
    "Source": "SNS",
    "Domain": "가전",
    "MainCategory": "계절가전",
    "ProductName": "[1+1] 말리오 충전식 미니 제습기 TOP-200",
    "ReviewScore": "100",
    "Syllable": "25",
    "Word": "4",
    "RDate": "20210804",
    "GeneralPolarity": "1",
    "Aspects": [
      {
        "Aspect": "편의성",
        "SentimentText": "충전식이라 좋아요.",
        "SentimentWord": "2",
        "SentimentPolarity": "1"
      },
      {
        "Aspect": "편의성",
        "SentimentText": "색변화있을때 건조하니 편해요",
        "SentimentWord": "3",
        "SentimentPolarity": "1"
      }
    ]
  },
  {
    "Index": "8692",
    "RawText": "편리하게 잘 사용하고 있어요. 용량이 적은게 조금 아쉽네요. 조금만한 원룸에 사용하기 적합한  것 같네요.",
    "Source": "SNS",
    "Domain": "가전",
    "MainCategory": "계절가전",
    "ProductName": "오감 제습기 1+1",
    "ReviewScore": "80",
    "Syllable": "59",
    "Word": "14",
    "RDate": "20211009",
    "Aspects": [
      {
        "Aspect": "편의성",
        "SentimentText": "편리하게 잘 사용하고 있어요.",
        "SentimentWord": "4",
        "SentimentPolarity": "1"
      },
      {
        "Aspect": "용량",
        "SentimentText": " 용량이 적은게 조금 아쉽네요. ",
        "SentimentWord": "4",
        "SentimentPolarity": "-1"
      }
    ]
  },
  {
    "Index": "8693",
    "RawText": "좋은 제품 저렴하게 구매했습니다. 바로 사용했습니다. 더운 바람이 위로 나오는 것이 아쉽긴 하나 성능 좋습니다.",
    "Source": "SNS",
    "Domain": "가전",
    "MainCategory": "계절가전",
    "ProductName": "위닉스 뽀송 제습기 DXTD120-KWK",
    "ReviewScore": "100",
    "Syllable": "62",
    "Word": "15",
    "RDate": "20210714",
    "GeneralPolarity": "0",
    "Aspects": [
      {
        "Aspect": "가격",
        "SentimentText": "좋은 제품 저렴하게 구매했습니다. ",
        "SentimentWord": "4",
        "SentimentPolarity": "1"
      },
      {
        "Aspect": "내구성",
        "SentimentText": " 더운 바람이 위로 나오는 것이 아쉽긴 하나",
        "SentimentWord": "7",
        "SentimentPolarity": "-1"
      },
      {
        "Aspect": "기능",
        "SentimentText": "성능 좋습니다.",
        "SentimentWord": "2",
        "SentimentPolarity": "1"
      }
    ]
  },
  {
    "Index": "8694",
    "RawText": "가성비 짱!!! 적당한 사이즈, 무게, 등 좋고~ 제습성능도 좋고~ 강추합니다.",
    "Source": "SNS",
    "Domain": "가전",
    "MainCategory": "계절가전",
    "ProductName": "직_21년형 인증 위니아 가정용제습기 EDH8ENW 8L",
    "ReviewScore": "100",
    "Syllable": "44",
    "Word": "10",
    "RDate": "20210717",
    "GeneralPolarity": "1",
    "Aspects": [
      {
        "Aspect": "가격",
        "SentimentText": "가성비 짱!!!",
        "SentimentWord": "2",
        "SentimentPolarity": "1"
      },
      {
        "Aspect": "사이즈",
        "SentimentText": "적당한 사이즈, 무게, 등 좋고~",
        "SentimentWord": "5",
        "SentimentPolarity": "1"
      },
      {
        "Aspect": "무게",
        "SentimentText": "무게, 등 좋고~",
        "SentimentWord": "3",
        "SentimentPolarity": "1"
      },
      {
        "Aspect": "기능",
        "SentimentText": "제습성능도 좋고~ 강추합니다.",
        "SentimentWord": "3",
        "SentimentPolarity": "1"
      }
    ]
  },
  {
    "Index": "8695",
    "RawText": "배송 빠르고  가격은 좋으나 물받이 그릇의 용량이 적은게 아쉽습니다.에너지효율등급 3등급",
    "Source": "SNS",
    "Domain": "가전",
    "MainCategory": "계절가전",
    "ProductName": "직_21년형 인증 위니아 가정용제습기 EDH8ENW 8L",
    "ReviewScore": "70",
    "Syllable": "49",
    "Word": "10",
    "RDate": "20210716",
    "Aspects": [
      {
        "Aspect": "가격",
        "SentimentText": "가격은 좋으나",
        "SentimentWord": "2",
        "SentimentPolarity": "1"
      },
      {
        "Aspect": "사이즈",
        "SentimentText": "물받이 그릇의 용량이 적은게 아쉽습니다.",
        "SentimentWord": "5",
        "SentimentPolarity": "-1"
      },
      {
        "Aspect": "소비전력",
        "SentimentText": "에너지효율등급 3등급",
        "SentimentWord": "2",
        "SentimentPolarity": "0"
      }
    ]
  },
  {
    "Index": "8696",
    "RawText": "에너지효율 등급을 확인못해서 좀 실망이지만 디자인과 효과는 좋아요",
    "Source": "SNS",
    "Domain": "가전",
    "MainCategory": "계절가전",
    "ProductName": "직_21년형 인증 위니아 가정용제습기 EDH8ENW 8L",
    "ReviewScore": "100",
    "Syllable": "36",
    "Word": "8",
    "RDate": "20211003",
    "GeneralPolarity": "0",
    "Aspects": [
      {
        "Aspect": "소비전력",
        "SentimentText": "에너지효율 등급을 확인못해서 좀 실망이지만",
        "SentimentWord": "5",
        "SentimentPolarity": "-1"
      },
      {
        "Aspect": "디자인",
        "SentimentText": "디자인과 효과는 좋아요",
        "SentimentWord": "3",
        "SentimentPolarity": "1"
      },
      {
        "Aspect": "기능",
        "SentimentText": " 효과는 좋아요",
        "SentimentWord": "2",
        "SentimentPolarity": "1"
      }
    ]
  },
  {
    "Index": "8697",
    "RawText": "여름 내내 제습기 하나 살까 말깡 망설이다가 담주에 또 장마라길래 구경하다가 하나 장만하게 댔습니다. 아직 작동잘대는시 켜보기만 했는대 잘쓰도록 하겠습니다. 추가로 제습 때 빼곤 습도랑 시간 조정 못하는건 좀 아쉽네요. 에너지효율등급도 3등급이라 살짝 아쉽습니다.",
    "Source": "SNS",
    "Domain": "가전",
    "MainCategory": "계절가전",
    "ProductName": "직_21년형 인증 위니아 가정용제습기 EDH8ENW 8L",
    "ReviewScore": "100",
    "Syllable": "147",
    "Word": "34",
    "RDate": "20210821",
    "GeneralPolarity": "-1",
    "Aspects": [
      {
        "Aspect": "기능",
        "SentimentText": " 제습 때 빼곤 습도랑 시간 조정 못하는건 좀 아쉽네요.",
        "SentimentWord": "9",
        "SentimentPolarity": "-1"
      },
      {
        "Aspect": "소비전력",
        "SentimentText": "에너지효율등급도 3등급이라 살짝 아쉽습니다. ",
        "SentimentWord": "4",
        "SentimentPolarity": "-1"
      }
    ]
  },
  {
    "Index": "8698",
    "RawText": "작고 귀여운데  요거 물건이네요  아주  제습효과  짱~~",
    "Source": "SNS",
    "Domain": "가전",
    "MainCategory": "계절가전",
    "ProductName": "직_21년형 인증 위니아 가정용제습기 EDH8ENW 8L",
    "ReviewScore": "100",
    "Syllable": "32",
    "Word": "7",
    "RDate": "20210908",
    "GeneralPolarity": "1",
    "Aspects": [
      {
        "Aspect": "사이즈",
        "SentimentText": "작고 귀여운데  요거 물건이네요  ",
        "SentimentWord": "4",
        "SentimentPolarity": "1"
      },
      {
        "Aspect": "기능",
        "SentimentText": "아주  제습효과  짱~~",
        "SentimentWord": "3",
        "SentimentPolarity": "1"
      }
    ]
  },
  {
    "Index": "8699",
    "RawText": "배송 빠르게 잘받았습니다. 가격대비 잘 구매한것 같네요. 제조일이 최근 거라 만족하며 쓰고 있습니다~",
    "Source": "SNS",
    "Domain": "가전",
    "MainCategory": "계절가전",
    "ProductName": "직_21년형 인증 위니아 가정용제습기 EDH8ENW 8L",
    "ReviewScore": "100",
    "Syllable": "56",
    "Word": "13",
    "RDate": "20210908",
    "Aspects": [
      {
        "Aspect": "제조일/제조사",
        "SentimentText": "제조일이 최근 거라 만족하며 쓰고 있습니다~",
        "SentimentWord": "6",
        "SentimentPolarity": "1"
      },
      {
        "Aspect": "가격",
        "SentimentText": "가격대비 잘 구매한것 같네요.",
        "SentimentWord": "4",
        "SentimentPolarity": "1"
      }
    ]
  },
  {
    "Index": "8700",
    "RawText": "절전1등급이아니여서아쉽지만 사이즈가방에두기아담해요",
    "Source": "SNS",
    "Domain": "가전",
    "MainCategory": "계절가전",
    "ProductName": "직_21년형 인증 위니아 가정용제습기 EDH8ENW 8L",
    "ReviewScore": "100",
    "Syllable": "27",
    "Word": "2",
    "RDate": "20211004",
    "GeneralPolarity": "0",
    "Aspects": [
      {
        "Aspect": "소비전력",
        "SentimentText": "절전1등급이아니여서아쉽지만",
        "SentimentWord": "1",
        "SentimentPolarity": "-1"
      },
      {
        "Aspect": "사이즈",
        "SentimentText": "사이즈가방에두기아담해요",
        "SentimentWord": "1",
        "SentimentPolarity": "0"
      }
    ]
  },
  {
    "Index": "8701",
    "RawText": "제습기 성능이 좋아 너무 잘 사용하고있습니다 소리도조용하고 바뀌도 달려 이동도 쉽고  저가에 고급스럽게 아주좋아용",
    "Source": "SNS",
    "Domain": "가전",
    "MainCategory": "계절가전",
    "ProductName": "직_21년형 인증 위니아 가정용제습기 EDH8ENW 8L",
    "ReviewScore": "100",
    "Syllable": "63",
    "Word": "14",
    "RDate": "20210628",
    "GeneralPolarity": "1",
    "Aspects": [
      {
        "Aspect": "기능",
        "SentimentText": "제습기 성능이 좋아 너무 잘 사용하고있습니다",
        "SentimentWord": "6",
        "SentimentPolarity": "1"
      },
      {
        "Aspect": "소음",
        "SentimentText": "소리도조용하고 ",
        "SentimentWord": "1",
        "SentimentPolarity": "1"
      },
      {
        "Aspect": "편의성",
        "SentimentText": "바뀌도 달려 이동도 쉽고 ",
        "SentimentWord": "4",
        "SentimentPolarity": "1"
      },
      {
        "Aspect": "가격",
        "SentimentText": "저가에 고급스럽게 아주좋아용",
        "SentimentWord": "3",
        "SentimentPolarity": "1"
      },
      {
        "Aspect": "디자인",
        "SentimentText": "고급스럽게 아주좋아용",
        "SentimentWord": "2",
        "SentimentPolarity": "1"
      }
    ]
  },
  {
    "Index": "8702",
    "RawText": "제습기 작고 성능 좋습니다. 뽀송뽀송한 빨래를 만들어줘서 좋아요 추천하는 제품입니다 굿굿",
    "Source": "SNS",
    "Domain": "가전",
    "MainCategory": "계절가전",
    "ProductName": "직_21년형 인증 위니아 가정용제습기 EDH8ENW 8L",
    "ReviewScore": "100",
    "Syllable": "49",
    "Word": "11",
    "RDate": "20210807",
    "GeneralPolarity": "1",
    "Aspects": [
      {
        "Aspect": "사이즈",
        "SentimentText": "제습기 작고 성능 좋습니다.",
        "SentimentWord": "4",
        "SentimentPolarity": "1"
      },
      {
        "Aspect": "기능",
        "SentimentText": "성능 좋습니다.",
        "SentimentWord": "2",
        "SentimentPolarity": "1"
      },
      {
        "Aspect": "품질",
        "SentimentText": "뽀송뽀송한 빨래를 만들어줘서 좋아요",
        "SentimentWord": "4",
        "SentimentPolarity": "1"
      }
    ]
  },
  {
    "Index": "8703",
    "RawText": "제습력이 아주 탁월합니다. 그런데 용기가 생각보다 작아서 호스를 연결했습니다. 올여름 습기가 무섭지 않아요~",
    "Source": "SNS",
    "Domain": "가전",
    "MainCategory": "계절가전",
    "ProductName": "직_21년형 인증 위니아 가정용제습기 EDH8ENW 8L",
    "ReviewScore": "100",
    "Syllable": "60",
    "Word": "13",
    "RDate": "20210721",
    "GeneralPolarity": "0",
    "Aspects": [
      {
        "Aspect": "기능",
        "SentimentText": "제습력이 아주 탁월합니다",
        "SentimentWord": "3",
        "SentimentPolarity": "1"
      },
      {
        "Aspect": "사이즈",
        "SentimentText": "그런데 용기가 생각보다 작아서 호스를 연결했습니다.",
        "SentimentWord": "6",
        "SentimentPolarity": "-1"
      }
    ]
  },
  {
    "Index": "8704",
    "RawText": "크기도 적당하고 디자인도 굿입니다. 이동하기도 좋네요. 잘 산것같아요",
    "Source": "SNS",
    "Domain": "가전",
    "MainCategory": "계절가전",
    "ProductName": "직_21년형 인증 위니아 가정용제습기 EDH8ENW 8L",
    "ReviewScore": "100",
    "Syllable": "38",
    "Word": "8",
    "RDate": "20210705",
    "GeneralPolarity": "1",
    "Aspects": [
      {
        "Aspect": "사이즈",
        "SentimentText": "크기도 적당하고 ",
        "SentimentWord": "2",
        "SentimentPolarity": "1"
      },
      {
        "Aspect": "디자인",
        "SentimentText": " 디자인도 굿입니다.",
        "SentimentWord": "2",
        "SentimentPolarity": "1"
      },
      {
        "Aspect": "편의성",
        "SentimentText": "이동하기도 좋네요. 잘 산것같아요",
        "SentimentWord": "4",
        "SentimentPolarity": "1"
      }
    ]
  },
  {
    "Index": "8705",
    "RawText": "크기도 적당하고 외형도 예쁩니다. 원룸의 필수  가전입니다",
    "Source": "SNS",
    "Domain": "가전",
    "MainCategory": "계절가전",
    "ProductName": "직_21년형 인증 위니아 가정용제습기 EDH8ENW 8L",
    "ReviewScore": "100",
    "Syllable": "32",
    "Word": "7",
    "RDate": "20210928",
    "GeneralPolarity": "1",
    "Aspects": [
      {
        "Aspect": "사이즈",
        "SentimentText": "크기도 적당하고 외형도 예쁩니다.",
        "SentimentWord": "4",
        "SentimentPolarity": "1"
      },
      {
        "Aspect": "디자인",
        "SentimentText": "외형도 예쁩니다.",
        "SentimentWord": "2",
        "SentimentPolarity": "1"
      }
    ]
  },
  {
    "Index": "8706",
    "RawText": "헐~~이거  어디 누가  반품한거 보냈나요? 제품 표면이 깨져있네요.ㅠㅠ 누더기박스에  달랑 제품만  들어있네요 완충제도 없이 전자제품을 이렇게 보내는경우는 첨이네요 설명서도 없고 너무  기가차서 박스열자마자 반품처리했네요",
    "Source": "SNS",
    "Domain": "가전",
    "MainCategory": "계절가전",
    "ProductName": "직_21년형 인증 위니아 가정용제습기 EDH8ENW 8L",
    "ReviewScore": "10",
    "Syllable": "124",
    "Word": "24",
    "RDate": "20210518",
    "Aspects": [
      {
        "Aspect": "품질",
        "SentimentText": "헐~~이거  어디 누가  반품한거 보냈나요? 제품 표면이 깨져있네요.ㅠㅠ",
        "SentimentWord": "8",
        "SentimentPolarity": "-1"
      },
      {
        "Aspect": "제품구성",
        "SentimentText": "설명서도 없고 너무  기가차서 박스열자마자 반품처리했네요",
        "SentimentWord": "6",
        "SentimentPolarity": "-1"
      }
    ]
  },
  {
    "Index": "8707",
    "RawText": "일단 디자인은 만족합니다 근데 상당히 무겁네요 성능은 일단 써봐야 알수 있겠네요",
    "Source": "SNS",
    "Domain": "가전",
    "MainCategory": "계절가전",
    "ProductName": "캐리어 클라원드 제습기 18L (ACDHMC018LRWW)",
    "ReviewScore": "80",
    "Syllable": "44",
    "Word": "11",
    "RDate": "20190714",
    "GeneralPolarity": "0",
    "Aspects": [
      {
        "Aspect": "디자인",
        "SentimentText": "일단 디자인은 만족합니다",
        "SentimentWord": "3",
        "SentimentPolarity": "1"
      },
      {
        "Aspect": "무게",
        "SentimentText": "근데 상당히 무겁네요",
        "SentimentWord": "3",
        "SentimentPolarity": "-1"
      },
      {
        "Aspect": "기능",
        "SentimentText": "성능은 일단 써봐야 알수 있겠네요",
        "SentimentWord": "5",
        "SentimentPolarity": "0"
      }
    ]
  },
  {
    "Index": "8708",
    "RawText": "크기도 맘에들어요   제습력이 너무 좋아서 여름 습할때 옷방에  서 잘사용했어요~^^",
    "Source": "SNS",
    "Domain": "가전",
    "MainCategory": "계절가전",
    "ProductName": "캐리어 클라원드 제습기 18L (ACDHMC018LRWW)",
    "ReviewScore": "80",
    "Syllable": "47",
    "Word": "10",
    "RDate": "20190825",
    "GeneralPolarity": "1",
    "Aspects": [
      {
        "Aspect": "사이즈",
        "SentimentText": "크기도 맘에들어요   ",
        "SentimentWord": "2",
        "SentimentPolarity": "1"
      },
      {
        "Aspect": "기능",
        "SentimentText": " 제습력이 너무 좋아서 여름 습할때 옷방에  서 잘사용했어요~^^",
        "SentimentWord": "8",
        "SentimentPolarity": "1"
      }
    ]
  },
  {
    "Index": "8709",
    "RawText": "제품이 너무 시끄럽고 가격대비 별로예요. 다시는 OOO 제품은 구매하고 싶지 않네요. 주위에서 구매의사가 있으면 말리겠읍니다. 같은 가격대비 타회사제품과 너무 차이가 나네요. 너무 실망입니다.",
    "Source": "SNS",
    "Domain": "가전",
    "MainCategory": "계절가전",
    "ProductName": "캐리어 클라윈드 제습기 16L (ACDHMC016LRWW)",
    "ReviewScore": "10",
    "Syllable": "107",
    "Word": "23",
    "RDate": "20210717",
    "Aspects": [
      {
        "Aspect": "소음",
        "SentimentText": "제품이 너무 시끄럽고 가격대비 별로예요.",
        "SentimentWord": "5",
        "SentimentPolarity": "-1"
      },
      {
        "Aspect": "가격",
        "SentimentText": "같은 가격대비 타회사제품과 너무 차이가 나네요. 너무 실망입니다.",
        "SentimentWord": "8",
        "SentimentPolarity": "-1"
      }
    ]
  },
  {
    "Index": "8710",
    "RawText": "배송 빠르고  용량이 살짝 작어서 그 부분이 아쉽네요~ 습기제거 곰팡냄새 제거 옷장 뽀송, 신장 등등 성능에 대 만족입니다.",
    "Source": "SNS",
    "Domain": "가전",
    "MainCategory": "계절가전",
    "ProductName": "캐리어 클라윈드 제습기 18L (ACDHMC018LMWB)",
    "ReviewScore": "100",
    "Syllable": "69",
    "Word": "18",
    "RDate": "20200819",
    "Aspects": [
      {
        "Aspect": "용량",
        "SentimentText": "용량이 살짝 작어서 그 부분이 아쉽네요~",
        "SentimentWord": "6",
        "SentimentPolarity": "0"
      },
      {
        "Aspect": "기능",
        "SentimentText": "습기제거 곰팡냄새 제거 옷장 뽀송, 신장 등등 성능에 대 만족입니다.",
        "SentimentWord": "10",
        "SentimentPolarity": "1"
      }
    ]
  },
  {
    "Index": "8711",
    "RawText": "배송 빠르게 잘 받았습니다. 바람 방향도 조절가능해서 기능이 좋습니다 긴 장마에 집안이 많이 습했는데 ooo 제습기 덕분에 잘 이용하고 있어요",
    "Source": "SNS",
    "Domain": "가전",
    "MainCategory": "계절가전",
    "ProductName": "캐리어 클라윈드 제습기 18L (ACDHMC018LMWB)",
    "ReviewScore": "100",
    "Syllable": "79",
    "Word": "20",
    "RDate": "20200810",
    "Aspects": [
      {
        "Aspect": "기능",
        "SentimentText": "바람 방향도 조절가능해서 기능이 좋습니다",
        "SentimentWord": "5",
        "SentimentPolarity": "1"
      },
      {
        "Aspect": "제조일/제조사",
        "SentimentText": "긴 장마에 집안이 많이 습했는데 ooo 제습기 덕분에 잘 이용하고 있어요",
        "SentimentWord": "11",
        "SentimentPolarity": "1"
      }
    ]
  },
  {
    "Index": "8712",
    "RawText": "정말 편하게 잘  쓰고 있어요. 덕분에 강력한 제습으로 보송보송합니다.",
    "Source": "SNS",
    "Domain": "가전",
    "MainCategory": "계절가전",
    "ProductName": "캐리어 클라윈드 제습기 18L (ACDHMC018LMWB)",
    "ReviewScore": "100",
    "Syllable": "39",
    "Word": "9",
    "RDate": "20201027",
    "GeneralPolarity": "1",
    "Aspects": [
      {
        "Aspect": "편의성",
        "SentimentText": "정말 편하게 잘  쓰고 있어요.",
        "SentimentWord": "5",
        "SentimentPolarity": "1"
      },
      {
        "Aspect": "기능",
        "SentimentText": "덕분에 강력한 제습으로 보송보송합니다.",
        "SentimentWord": "4",
        "SentimentPolarity": "1"
      }
    ]
  },
  {
    "Index": "8713",
    "RawText": "크고 이동이 쉽고 장마때 아주 유용하게 사용했어요 방이 뽀송뽀송 합니다",
    "Source": "SNS",
    "Domain": "가전",
    "MainCategory": "계절가전",
    "ProductName": "캐리어 클라윈드 제습기 18L (ACDHMC018LMWB)",
    "ReviewScore": "100",
    "Syllable": "39",
    "Word": "10",
    "RDate": "20210803",
    "GeneralPolarity": "1",
    "Aspects": [
      {
        "Aspect": "사이즈",
        "SentimentText": "크고 이동이 쉽고 장마때 아주 유용하게 사용했어요",
        "SentimentWord": "7",
        "SentimentPolarity": "1"
      },
      {
        "Aspect": "편의성",
        "SentimentText": "이동이 쉽고 장마때 아주 유용하게 사용했어요",
        "SentimentWord": "6",
        "SentimentPolarity": "1"
      }
    ]
  },
  {
    "Index": "8714",
    "RawText": "가격 좋고 제습 기능 정말 굿이고요~ 바퀴 있어 이동도 편해요~~~",
    "Source": "SNS",
    "Domain": "가전",
    "MainCategory": "계절가전",
    "ProductName": "캐리어 클라윈드 제습기 18L (ACDHMC018LRWW)",
    "ReviewScore": "100",
    "Syllable": "37",
    "Word": "10",
    "RDate": "20210706",
    "GeneralPolarity": "1",
    "Aspects": [
      {
        "Aspect": "가격",
        "SentimentText": "가격 좋고",
        "SentimentWord": "2",
        "SentimentPolarity": "1"
      },
      {
        "Aspect": "기능",
        "SentimentText": "제습 기능 정말 굿이고요~",
        "SentimentWord": "4",
        "SentimentPolarity": "1"
      },
      {
        "Aspect": "편의성",
        "SentimentText": "바퀴 있어 이동도 편해요~~~",
        "SentimentWord": "4",
        "SentimentPolarity": "1"
      }
    ]
  },
  {
    "Index": "8715",
    "RawText": "가성비 갑입니다~ 디자인도 마음에 들어요 ",
    "Source": "SNS",
    "Domain": "가전",
    "MainCategory": "계절가전",
    "ProductName": "캐리어 클라윈드 제습기 18L (ACDHMC018LRWW)",
    "ReviewScore": "100",
    "Syllable": "23",
    "Word": "5",
    "RDate": "20210709",
    "GeneralPolarity": "1",
    "Aspects": [
      {
        "Aspect": "가격",
        "SentimentText": "가성비 갑입니다~",
        "SentimentWord": "2",
        "SentimentPolarity": "1"
      },
      {
        "Aspect": "디자인",
        "SentimentText": "디자인도 마음에 들어요",
        "SentimentWord": "3",
        "SentimentPolarity": "1"
      }
    ]
  },
  {
    "Index": "8716",
    "RawText": "사용이 편하고 외관도 참 예뻐요. 좋은 가격에 성능 좋은 제품 구입했어요. 잘 쓰고 있어요.",
    "Source": "SNS",
    "Domain": "가전",
    "MainCategory": "계절가전",
    "ProductName": "캐리어 클라윈드 제습기 18L (ACDHMC018LRWW)",
    "ReviewScore": "100",
    "Syllable": "51",
    "Word": "14",
    "RDate": "20210717",
    "GeneralPolarity": "1",
    "Aspects": [
      {
        "Aspect": "편의성",
        "SentimentText": "사용이 편하고 외관도 참 예뻐요.",
        "SentimentWord": "5",
        "SentimentPolarity": "1"
      },
      {
        "Aspect": "디자인",
        "SentimentText": "외관도 참 예뻐요.",
        "SentimentWord": "3",
        "SentimentPolarity": "1"
      },
      {
        "Aspect": "가격",
        "SentimentText": "좋은 가격에 성능 좋은 제품 구입했어요.",
        "SentimentWord": "6",
        "SentimentPolarity": "1"
      },
      {
        "Aspect": "기능",
        "SentimentText": " 성능 좋은 제품 구입했어요.",
        "SentimentWord": "4",
        "SentimentPolarity": "1"
      }
    ]
  },
  {
    "Index": "8717",
    "RawText": "상품 잘받았어요 디자인도 예쁘고 다좋은데 물통 빼기가 넘 불편해요 새로나온것 쉽게빼서 물붓기가좋은데 ㅠㅠ",
    "Source": "SNS",
    "Domain": "가전",
    "MainCategory": "계절가전",
    "ProductName": "캐리어 클라윈드 제습기 18L (ACDHMC018LRWW)",
    "ReviewScore": "100",
    "Syllable": "58",
    "Word": "13",
    "RDate": "20210709",
    "Aspects": [
      {
        "Aspect": "디자인",
        "SentimentText": "디자인도 예쁘고 다좋은데",
        "SentimentWord": "3",
        "SentimentPolarity": "1"
      },
      {
        "Aspect": "편의성",
        "SentimentText": "물통 빼기가 넘 불편해요",
        "SentimentWord": "4",
        "SentimentPolarity": "-1"
      }
    ]
  },
  {
    "Index": "8718",
    "RawText": "생각보다 흡수력이 좋네요. 제습엄청잘됩니다. 추천합니다",
    "Source": "SNS",
    "Domain": "가전",
    "MainCategory": "계절가전",
    "ProductName": "캐리어 클라윈드 제습기 18L (ACDHMC018LRWW)",
    "ReviewScore": "100",
    "Syllable": "30",
    "Word": "5",
    "RDate": "20210824",
    "GeneralPolarity": "1",
    "Aspects": [
      {
        "Aspect": "기능",
        "SentimentText": "생각보다 흡수력이 좋네요.",
        "SentimentWord": "3",
        "SentimentPolarity": "1"
      },
      {
        "Aspect": "기능",
        "SentimentText": "제습엄청잘됩니다.",
        "SentimentWord": "1",
        "SentimentPolarity": "1"
      }
    ]
  },
  {
    "Index": "8719",
    "RawText": "제습기 없인 이젠 못살죠성능 좋구 디자인좋구",
    "Source": "SNS",
    "Domain": "가전",
    "MainCategory": "계절가전",
    "ProductName": "캐리어 클라윈드 제습기 18L (ACDHMC018LRWW)",
    "ReviewScore": "100",
    "Syllable": "24",
    "Word": "6",
    "RDate": "20210925",
    "GeneralPolarity": "1",
    "Aspects": [
      {
        "Aspect": "기능",
        "SentimentText": "제습기 없인 이젠 못살죠성능 좋구",
        "SentimentWord": "5",
        "SentimentPolarity": "1"
      },
      {
        "Aspect": "디자인",
        "SentimentText": "디자인좋구",
        "SentimentWord": "1",
        "SentimentPolarity": "1"
      }
    ]
  },
  {
    "Index": "8720",
    "RawText": "제습능력 좋고, 가격도 저렴하게 구입했어요.  다른 방송보다도 마트보다도 자렴했어요~",
    "Source": "SNS",
    "Domain": "가전",
    "MainCategory": "계절가전",
    "ProductName": "캐리어 클라윈드 제습기 18L (ACDHMC018LRWW)",
    "ReviewScore": "100",
    "Syllable": "47",
    "Word": "9",
    "RDate": "20210813",
    "GeneralPolarity": "1",
    "Aspects": [
      {
        "Aspect": "기능",
        "SentimentText": "제습능력 좋고, 가격도 저렴하게 구입했어요. ",
        "SentimentWord": "5",
        "SentimentPolarity": "1"
      },
      {
        "Aspect": "가격",
        "SentimentText": "가격도 저렴하게 구입했어요.  다른 방송보다도 마트보다도 자렴했어요~",
        "SentimentWord": "7",
        "SentimentPolarity": "1"
      }
    ]
  },
  {
    "Index": "8721",
    "RawText": "크기도 작지도 않고 적당하고 작은방에 딱좋네요 가격면에서도 좋아요",
    "Source": "SNS",
    "Domain": "가전",
    "MainCategory": "계절가전",
    "ProductName": "캐리어 클라윈드 제습기 18L (ACDHMC018LRWW)",
    "ReviewScore": "100",
    "Syllable": "36",
    "Word": "8",
    "RDate": "20210809",
    "GeneralPolarity": "1",
    "Aspects": [
      {
        "Aspect": "사이즈",
        "SentimentText": "크기도 작지도 않고 적당하고 작은방에 딱좋네요 ",
        "SentimentWord": "6",
        "SentimentPolarity": "1"
      },
      {
        "Aspect": "가격",
        "SentimentText": "가격면에서도 좋아요",
        "SentimentWord": "2",
        "SentimentPolarity": "1"
      }
    ]
  },
  {
    "Index": "8722",
    "RawText": "전기사용료가 걱정되긴하지만 편리하긴 하네요 생각보다 슬림하고 가벼워요",
    "Source": "SNS",
    "Domain": "가전",
    "MainCategory": "계절가전",
    "ProductName": "(TV) 블랙스타 열판 오방난로 INT-H2500G",
    "ReviewScore": "100",
    "Syllable": "38",
    "Word": "7",
    "RDate": "20191114",
    "Aspects": [
      {
        "Aspect": "소비전력",
        "SentimentText": "전기사용료가 걱정되긴하지만 ",
        "SentimentWord": "2",
        "SentimentPolarity": "-1"
      },
      {
        "Aspect": "편의성",
        "SentimentText": "편리하긴 하네요",
        "SentimentWord": "2",
        "SentimentPolarity": "1"
      },
      {
        "Aspect": "사이즈",
        "SentimentText": "생각보다 슬림하고 가벼워요",
        "SentimentWord": "3",
        "SentimentPolarity": "0"
      },
      {
        "Aspect": "무게",
        "SentimentText": "가벼워요",
        "SentimentWord": "1",
        "SentimentPolarity": "0"
      }
    ]
  },
  {
    "Index": "8723",
    "RawText": "소리가조금나고가까이는따뜻한데공간이넓은데는...",
    "Source": "SNS",
    "Domain": "가전",
    "MainCategory": "계절가전",
    "ProductName": "(TV)2018 신일 하이브리드 파워히터",
    "ReviewScore": "80",
    "Syllable": "25",
    "Word": "1",
    "RDate": "20171219",
    "GeneralPolarity": "0",
    "Aspects": [
      {
        "Aspect": "소음",
        "SentimentText": "소리가조금나고가까이는따뜻한데공간이넓은데는...",
        "SentimentWord": "1",
        "SentimentPolarity": "0"
      },
      {
        "Aspect": "기능",
        "SentimentText": "가까이는따뜻한데공간이넓은데는...",
        "SentimentWord": "1",
        "SentimentPolarity": "0"
      }
    ]
  },
  {
    "Index": "8724",
    "RawText": "친정엄마선물해드렷어요 위풍이 잇는시골집이라 작은방에서 쓰기엔 사이즈가 딱좋아요..큰방애서 쓸려니 앞쪽만 따뜻하고 전체적으로 방을 데우지는 못하더라구요 그래도 나름 만족하시고 잘쓰신답니다^^",
    "Source": "SNS",
    "Domain": "가전",
    "MainCategory": "계절가전",
    "ProductName": "(TV)2018 신일 하이브리드 파워히터",
    "ReviewScore": "100",
    "Syllable": "105",
    "Word": "18",
    "RDate": "20171226",
    "GeneralPolarity": "0",
    "Aspects": [
      {
        "Aspect": "사이즈",
        "SentimentText": "작은방에서 쓰기엔 사이즈가 딱좋아요..",
        "SentimentWord": "4",
        "SentimentPolarity": "1"
      },
      {
        "Aspect": "기능",
        "SentimentText": "큰방애서 쓸려니 앞쪽만 따뜻하고 전체적으로 방을 데우지는 못하더라구요",
        "SentimentWord": "8",
        "SentimentPolarity": "0"
      }
    ]
  },
  {
    "Index": "8725",
    "RawText": "1+1구성이라 저렴해서 o쇼핑 믿고했는데  이 상품은 절대 구매하시지 말길... 전 원래 이런 상품평 잘 안다는데 이 제품을 사는 다른 분들이 저처럼 피해를 보시질 않기를 바라고 씁니다. 전원한번 연결했다고 반품도 안되는데다 o쇼핑의 소비자 응대 수준이 타 홈쇼핑이랑 너무 비교됩니다. 바람도 약하고 전혀 따뜻하지가 않아요. 바로 앞에서만 조금 따뜻한게 헤어드라이기 정도 수준이라고 보심 될듯 합니다. 제가 살때 상품평이 없어서 저는 속았지만 다른 분들은 신중히 구매하시길... 그리고 방송중에 전원한번 연결하면 반품 안된다고 자막이 나왔다는데 전 못봤거든요. 전원을 연결해야 성능을 확인할 수 있는데 요즘도 이런식으로 물건을 파는지 생각할수록 화가 납니다.",
    "Source": "SNS",
    "Domain": "가전",
    "MainCategory": "계절가전",
    "ProductName": "(TV)베스트하임 파워히터몬 1+1 더블구성",
    "ReviewScore": "20",
    "Syllable": "368",
    "Word": "86",
    "RDate": "20171108",
    "Aspects": [
      {
        "Aspect": "기능",
        "SentimentText": "바람도 약하고 전혀 따뜻하지가 않아요.",
        "SentimentWord": "5",
        "SentimentPolarity": "-1"
      },
      {
        "Aspect": "기능",
        "SentimentText": "바로 앞에서만 조금 따뜻한게 헤어드라이기 정도 수준이라고 보심 될듯 합니다.",
        "SentimentWord": "10",
        "SentimentPolarity": "-1"
      },
      {
        "Aspect": "가격",
        "SentimentText": "1+1구성이라 저렴해서 ",
        "SentimentWord": "2",
        "SentimentPolarity": "1"
      }
    ]
  },
  {
    "Index": "8726",
    "RawText": "개인차가 있겠지만 기대치가 컸는지 생각보다 따뜻하지 않네요. 글구 소음이 좀 큽니다. ",
    "Source": "SNS",
    "Domain": "가전",
    "MainCategory": "계절가전",
    "ProductName": "(TV)베스트하임 파워히터몬 1+1 더블구성",
    "ReviewScore": "60",
    "Syllable": "48",
    "Word": "11",
    "RDate": "20171107",
    "GeneralPolarity": "-1",
    "Aspects": [
      {
        "Aspect": "기능",
        "SentimentText": " 생각보다 따뜻하지 않네요.",
        "SentimentWord": "3",
        "SentimentPolarity": "-1"
      },
      {
        "Aspect": "소음",
        "SentimentText": "글구 소음이 좀 큽니다.",
        "SentimentWord": "4",
        "SentimentPolarity": "-1"
      }
    ]
  },
  {
    "Index": "8727",
    "RawText": "그렇게 따스하다는  아니구요!  좀 괜찮네 정도! 업그레이드가 많이 필요한제품 입니다. 일단은 무선조종  리모컨이 필요하구, 또 타이머가 설치되어야 할거같아요! 제조자님 참고 바랍니다. 참  휀소리가  의외로 되게  큽니다",
    "Source": "SNS",
    "Domain": "가전",
    "MainCategory": "계절가전",
    "ProductName": "(TV)베스트하임 파워히터몬 1+1 더블구성",
    "ReviewScore": "60",
    "Syllable": "124",
    "Word": "26",
    "RDate": "20171109",
    "GeneralPolarity": "-1",
    "Aspects": [
      {
        "Aspect": "제품구성",
        "SentimentText": "일단은 무선조종  리모컨이 필요하구, 또 타이머가 설치되어야 할거같아요!",
        "SentimentWord": "8",
        "SentimentPolarity": "0"
      },
      {
        "Aspect": "소음",
        "SentimentText": "참  휀소리가  의외로 되게  큽니다",
        "SentimentWord": "5",
        "SentimentPolarity": "-1"
      }
    ]
  }
]