[
  {
    "Index": "44980",
    "RawText": "시중 매장 보다 싸게 사서 좋습니다. 디자인도 깔끔하고 이쁩니다",
    "Source": "쇼핑몰",
    "Domain": "가전",
    "MainCategory": "계절가전",
    "ProductName": "휘센 LG전자 DQ160PPBC",
    "ReviewScore": "5",
    "Syllable": "35",
    "Word": "9",
    "RDate": "20211109",
    "GeneralPolarity": "1",
    "Aspects": [
      {
        "Aspect": "가격",
        "SentimentText": "시중 매장 보다 싸게 사서 좋습니다",
        "SentimentWord": "6",
        "SentimentPolarity": "1"
      },
      {
        "Aspect": "디자인",
        "SentimentText": "디자인도 깔끔하고 이쁩니다 ",
        "SentimentWord": "3",
        "SentimentPolarity": "1"
      }
    ]
  },
  {
    "Index": "44981",
    "RawText": "작년부터 사고 싶었던 제품을  할인된 가격으로 구매해서 너무 좋아요~~~ 제습기 잘 작동되서 좋고 제습도 너무 잘되서 올여름 보송보송하게 보냅니다~~~^^",
    "Source": "쇼핑몰",
    "Domain": "가전",
    "MainCategory": "계절가전",
    "ProductName": "휘센 LG전자 DQ160PPBC",
    "ReviewScore": "5",
    "Syllable": "86",
    "Word": "19",
    "RDate": "20210201",
    "GeneralPolarity": "1",
    "Aspects": [
      {
        "Aspect": "가격",
        "SentimentText": "작년부터 사고 싶었던 제품을  할인된 가격으로 구매해서 너무 좋아요~~~",
        "SentimentWord": "9",
        "SentimentPolarity": "1"
      },
      {
        "Aspect": "기능",
        "SentimentText": "제습기 잘 작동되서 좋고 제습도 너무 잘되서 올여름 보송보송하게 보냅니다~~~^^",
        "SentimentWord": "10",
        "SentimentPolarity": "1"
      }
    ]
  },
  {
    "Index": "44982",
    "RawText": "제습 성능은  너무  뛰어나 좋은데, 제품이 무거워 옮기려면 팔이 아파요.   그래도 타사 제품 보다ㅇㅇㅇ  제품이 좋습니다",
    "Source": "쇼핑몰",
    "Domain": "가전",
    "MainCategory": "계절가전",
    "ProductName": "휘센 LG전자 DQ160PPBC",
    "ReviewScore": "5",
    "Syllable": "69",
    "Word": "16",
    "RDate": "20200509",
    "GeneralPolarity": "0",
    "Aspects": [
      {
        "Aspect": "기능",
        "SentimentText": "제습 성능은  너무  뛰어나 좋은데,",
        "SentimentWord": "5",
        "SentimentPolarity": "1"
      },
      {
        "Aspect": "무게",
        "SentimentText": "제품이 무거워 옮기려면 팔이 아파요.",
        "SentimentWord": "5",
        "SentimentPolarity": "-1"
      },
      {
        "Aspect": "제조일/제조사",
        "SentimentText": "  그래도 타사 제품 보다ㅇㅇㅇ  제품이 좋습니다  ",
        "SentimentWord": "6",
        "SentimentPolarity": "1"
      }
    ]
  },
  {
    "Index": "44983",
    "RawText": "역시 가전제품은 ooo가 최고입니다~ 물받이 물 버리는 것도 편하니 좋네요~",
    "Source": "쇼핑몰",
    "Domain": "가전",
    "MainCategory": "계절가전",
    "ProductName": "휘센 LG전자 DQ160PPBC",
    "ReviewScore": "5",
    "Syllable": "42",
    "Word": "10",
    "RDate": "20210215",
    "GeneralPolarity": "1",
    "Aspects": [
      {
        "Aspect": "제조일/제조사",
        "SentimentText": "역시 가전제품은 ooo가 최고입니다~",
        "SentimentWord": "4",
        "SentimentPolarity": "1"
      },
      {
        "Aspect": "편의성",
        "SentimentText": "물받이 물 버리는 것도 편하니 좋네요~",
        "SentimentWord": "6",
        "SentimentPolarity": "1"
      }
    ]
  },
  {
    "Index": "44984",
    "RawText": "제습 성능 아주 훌륭하네요. 조용해서 좋고   바퀴가 있어 이동도 편해요",
    "Source": "쇼핑몰",
    "Domain": "가전",
    "MainCategory": "계절가전",
    "ProductName": "휘센 LG전자 DQ160PPBC",
    "ReviewScore": "5",
    "Syllable": "40",
    "Word": "10",
    "RDate": "20210624",
    "GeneralPolarity": "1",
    "Aspects": [
      {
        "Aspect": "기능",
        "SentimentText": "제습 성능 아주 훌륭하네요.",
        "SentimentWord": "4",
        "SentimentPolarity": "1"
      },
      {
        "Aspect": "소음",
        "SentimentText": "조용해서 좋고  ",
        "SentimentWord": "2",
        "SentimentPolarity": "1"
      },
      {
        "Aspect": "편의성",
        "SentimentText": "바퀴가 있어 이동도 편해요 ",
        "SentimentWord": "4",
        "SentimentPolarity": "1"
      }
    ]
  },
  {
    "Index": "44985",
    "RawText": "믿고 사용하는 000 제습기~ 디자인도 세련되서 예뻐요!! 타사 제품보다 가격은 비싸도 잘 선택한것 같아 후회는 없어요^^",
    "Source": "쇼핑몰",
    "Domain": "가전",
    "MainCategory": "계절가전",
    "ProductName": "휘센 LG전자 DQ160PPBC",
    "ReviewScore": "5",
    "Syllable": "68",
    "Word": "16",
    "RDate": "20220509",
    "GeneralPolarity": "1",
    "Aspects": [
      {
        "Aspect": "디자인",
        "SentimentText": "믿고 사용하는 000 제습기~ 디자인도 세련되서 예뻐요!!",
        "SentimentWord": "7",
        "SentimentPolarity": "1"
      },
      {
        "Aspect": "품질",
        "SentimentText": "타사 제품보다 가격은 비싸도 잘 선택한것 같아 후회는 없어요^^",
        "SentimentWord": "9",
        "SentimentPolarity": "1"
      }
    ]
  },
  {
    "Index": "44987",
    "RawText": "습기도 무척 잘뽑아내고 성능이 아주 좋습니다. 디자인도 예쁘고 심플해서 마음에 들어요",
    "Source": "쇼핑몰",
    "Domain": "가전",
    "MainCategory": "계절가전",
    "ProductName": "휘센 LG전자 DQ160PPBC",
    "ReviewScore": "5",
    "Syllable": "47",
    "Word": "11",
    "RDate": "20200723",
    "GeneralPolarity": "1",
    "Aspects": [
      {
        "Aspect": "기능",
        "SentimentText": "습기도 무척 잘뽑아내고 성능이 아주 좋습니다",
        "SentimentWord": "6",
        "SentimentPolarity": "1"
      },
      {
        "Aspect": "디자인",
        "SentimentText": "디자인도 예쁘고 심플해서 마음에 들어요",
        "SentimentWord": "5",
        "SentimentPolarity": "1"
      }
    ]
  },
  {
    "Index": "44988",
    "RawText": "제품에 검은 뾰족한게 있고 하자문제가 있어서 슬프네요 ㅜ 장마철에 물도 잘빨아들이고 성능은 뛰어난것같아서 좋습니다.",
    "Source": "쇼핑몰",
    "Domain": "가전",
    "MainCategory": "계절가전",
    "ProductName": "휘센 LG전자 DQ160PPBC",
    "ReviewScore": "4",
    "Syllable": "64",
    "Word": "14",
    "RDate": "20200810",
    "GeneralPolarity": "0",
    "Aspects": [
      {
        "Aspect": "품질",
        "SentimentText": "제품에 검은 뾰족한게 있고 하자문제가 있어서 슬프네요 ㅜ ",
        "SentimentWord": "8",
        "SentimentPolarity": "-1"
      },
      {
        "Aspect": "기능",
        "SentimentText": "장마철에 물도 잘빨아들이고 성능은 뛰어난것같아서 좋습니다.",
        "SentimentWord": "6",
        "SentimentPolarity": "1"
      }
    ]
  },
  {
    "Index": "44989",
    "RawText": "후기가 조용하다고 해서 샀는데  저한테는 소리가 시끄럽네요ㅜㅜ   제습 성능은 좋아 금방 물이 생기고  뽀송해집니다. 물통 비우는 것도  편해요",
    "Source": "쇼핑몰",
    "Domain": "가전",
    "MainCategory": "계절가전",
    "ProductName": "휘센 LG전자 DQ160PPBC",
    "ReviewScore": "4",
    "Syllable": "80",
    "Word": "18",
    "RDate": "20201217",
    "GeneralPolarity": "0",
    "Aspects": [
      {
        "Aspect": "소음",
        "SentimentText": "후기가 조용하다고 해서 샀는데  저한테는 소리가 시끄럽네요ㅜㅜ  ",
        "SentimentWord": "7",
        "SentimentPolarity": "-1"
      },
      {
        "Aspect": "기능",
        "SentimentText": " 제습 성능은 좋아 금방 물이 생기고  뽀송해집니다.",
        "SentimentWord": "7",
        "SentimentPolarity": "1"
      },
      {
        "Aspect": "편의성",
        "SentimentText": "물통 비우는 것도  편해요 ",
        "SentimentWord": "4",
        "SentimentPolarity": "1"
      }
    ]
  },
  {
    "Index": "44990",
    "RawText": "예쁜 디자인이 너무 맘에 들어요~~ 제습기 작동도 잘되고 제습성능도 너무 좋아서 잘 사용해요!!",
    "Source": "쇼핑몰",
    "Domain": "가전",
    "MainCategory": "계절가전",
    "ProductName": "휘센 LG전자 DQ160PPBC",
    "ReviewScore": "5",
    "Syllable": "53",
    "Word": "13",
    "RDate": "20220507",
    "GeneralPolarity": "1",
    "Aspects": [
      {
        "Aspect": "디자인",
        "SentimentText": "예쁜 디자인이 너무 맘에 들어요~~",
        "SentimentWord": "5",
        "SentimentPolarity": "1"
      },
      {
        "Aspect": "기능",
        "SentimentText": " 제습기 작동도 잘되고 제습성능도 너무 좋아서 잘 사용해요!!",
        "SentimentWord": "8",
        "SentimentPolarity": "1"
      }
    ]
  },
  {
    "Index": "44991",
    "RawText": "가전제품의 탑오브탑은 000죠~ 이번에도 믿고 구매합니다. 아쉬운 건 무게가 상당하네요.. 들고 옮기기는 힘듭니다",
    "Source": "쇼핑몰",
    "Domain": "가전",
    "MainCategory": "계절가전",
    "ProductName": "휘센 LG전자 DQ160PPBC",
    "ReviewScore": "5",
    "Syllable": "63",
    "Word": "13",
    "RDate": "20210721",
    "GeneralPolarity": "0",
    "Aspects": [
      {
        "Aspect": "제조일/제조사",
        "SentimentText": "가전제품의 탑오브탑은 000죠~ 이번에도 믿고 구매합니다.",
        "SentimentWord": "6",
        "SentimentPolarity": "1"
      },
      {
        "Aspect": "무게",
        "SentimentText": "아쉬운 건 무게가 상당하네요.. 들고 옮기기는 힘듭니다",
        "SentimentWord": "7",
        "SentimentPolarity": "-1"
      }
    ]
  },
  {
    "Index": "44992",
    "RawText": "새 상품인데 제품에 스크래치가 있어서 아쉽네요. 그리고 색상도 사진보다 칙칙하니 별로네요.",
    "Source": "쇼핑몰",
    "Domain": "가전",
    "MainCategory": "계절가전",
    "ProductName": "휘센 LG전자 DQ160PPBC",
    "ReviewScore": "4",
    "Syllable": "50",
    "Word": "11",
    "RDate": "20200330",
    "GeneralPolarity": "-1",
    "Aspects": [
      {
        "Aspect": "품질",
        "SentimentText": "새 상품인데 제품에 스크래치가 있어서 아쉽네요.",
        "SentimentWord": "6",
        "SentimentPolarity": "-1"
      },
      {
        "Aspect": "색상",
        "SentimentText": "그리고 색상도 사진보다 칙칙하니 별로네요.",
        "SentimentWord": "5",
        "SentimentPolarity": "-1"
      }
    ]
  },
  {
    "Index": "44993",
    "RawText": "바람세기 조절이 가능하고 제습이 잘되서 보송하니 정말 좋아요. 제습기 조작이 간단하고 쉬워서 좋아요~  바퀴가 달려서 이방저방 이동하기도 편리해요.",
    "Source": "쇼핑몰",
    "Domain": "가전",
    "MainCategory": "계절가전",
    "ProductName": "휘센 LG전자 DQ160PPBC",
    "ReviewScore": "5",
    "Syllable": "82",
    "Word": "18",
    "RDate": "20201007",
    "GeneralPolarity": "1",
    "Aspects": [
      {
        "Aspect": "기능",
        "SentimentText": "바람세기 조절이 가능하고 제습이 잘되서 보송하니 정말 좋아요.",
        "SentimentWord": "8",
        "SentimentPolarity": "1"
      },
      {
        "Aspect": "조작성",
        "SentimentText": "제습기 조작이 간단하고 쉬워서 좋아요~",
        "SentimentWord": "5",
        "SentimentPolarity": "1"
      },
      {
        "Aspect": "편의성",
        "SentimentText": "바퀴가 달려서 이방저방 이동하기도 편리해요.",
        "SentimentWord": "5",
        "SentimentPolarity": "1"
      }
    ]
  },
  {
    "Index": "44994",
    "RawText": "1등급인점이 마음에 들어서 구매했어요 그리고 색상도 핑크색이라 유니크하고 좋습니다.",
    "Source": "쇼핑몰",
    "Domain": "가전",
    "MainCategory": "계절가전",
    "ProductName": "휘센 LG전자 DQ160PPBC",
    "ReviewScore": "5",
    "Syllable": "46",
    "Word": "9",
    "RDate": "20220625",
    "GeneralPolarity": "1",
    "Aspects": [
      {
        "Aspect": "소비전력",
        "SentimentText": "1등급인점이 마음에 들어서 구매했어요",
        "SentimentWord": "4",
        "SentimentPolarity": "1"
      },
      {
        "Aspect": "색상",
        "SentimentText": "그리고 색상도 핑크색이라 유니크하고 좋습니다.",
        "SentimentWord": "5",
        "SentimentPolarity": "1"
      }
    ]
  },
  {
    "Index": "44995",
    "RawText": "가전제품은 역시 ooo 따라 갈 브랜드가 없네요~ 그리고 스마트기능이 있어서 너무 만족스럽네요^^",
    "Source": "쇼핑몰",
    "Domain": "가전",
    "MainCategory": "계절가전",
    "ProductName": "휘센 LG전자 DQ160PPBC",
    "ReviewScore": "5",
    "Syllable": "54",
    "Word": "12",
    "RDate": "20210317",
    "GeneralPolarity": "1",
    "Aspects": [
      {
        "Aspect": "제조일/제조사",
        "SentimentText": "가전제품은 역시 ooo 따라 갈 브랜드가 없네요~",
        "SentimentWord": "7",
        "SentimentPolarity": "1"
      },
      {
        "Aspect": "기능",
        "SentimentText": "그리고 스마트기능이 있어서 너무 만족스럽네요^^",
        "SentimentWord": "5",
        "SentimentPolarity": "1"
      }
    ]
  },
  {
    "Index": "44996",
    "RawText": "제습도 아주 잘되고 성능이 뛰어나서 좋아요 핑크색상이 장난감같아서 별로예요",
    "Source": "쇼핑몰",
    "Domain": "가전",
    "MainCategory": "계절가전",
    "ProductName": "휘센 LG전자 DQ160PPBC",
    "ReviewScore": "5",
    "Syllable": "41",
    "Word": "9",
    "RDate": "20211013",
    "GeneralPolarity": "0",
    "Aspects": [
      {
        "Aspect": "기능",
        "SentimentText": "제습도 아주 잘되고 성능이 뛰어나서 좋아요 ",
        "SentimentWord": "6",
        "SentimentPolarity": "1"
      },
      {
        "Aspect": "색상",
        "SentimentText": "핑크색상이 장난감같아서 별로예요",
        "SentimentWord": "3",
        "SentimentPolarity": "-1"
      }
    ]
  },
  {
    "Index": "44997",
    "RawText": "제품도 마감도 깔끔하고 하자없어서 만족해요 제습도 잘되고 성능이 좋았습니다.",
    "Source": "쇼핑몰",
    "Domain": "가전",
    "MainCategory": "계절가전",
    "ProductName": "휘센 LG전자 DQ160PPBC",
    "ReviewScore": "5",
    "Syllable": "42",
    "Word": "9",
    "RDate": "20210228",
    "GeneralPolarity": "1",
    "Aspects": [
      {
        "Aspect": "품질",
        "SentimentText": "제품도 마감도 깔끔하고 하자없어서 만족해요",
        "SentimentWord": "5",
        "SentimentPolarity": "1"
      },
      {
        "Aspect": "기능",
        "SentimentText": "제습도 잘되고 성능이 좋았습니다.",
        "SentimentWord": "4",
        "SentimentPolarity": "1"
      }
    ]
  },
  {
    "Index": "44998",
    "RawText": "사용하기 쉽고 편리해서 마음에 듭니다. 다만 무게가 있어서 바퀴가 있어도 이동이 쉽지 않아서 아쉽네요",
    "Source": "쇼핑몰",
    "Domain": "가전",
    "MainCategory": "계절가전",
    "ProductName": "휘센 LG전자 DQ160PPBC",
    "ReviewScore": "5",
    "Syllable": "56",
    "Word": "14",
    "RDate": "20210721",
    "GeneralPolarity": "0",
    "Aspects": [
      {
        "Aspect": "편의성",
        "SentimentText": "사용하기 쉽고 편리해서 마음에 듭니다.",
        "SentimentWord": "5",
        "SentimentPolarity": "1"
      },
      {
        "Aspect": "무게",
        "SentimentText": "다만 무게가 있어서 바퀴가 있어도 이동이 쉽지 않아서 아쉽네요",
        "SentimentWord": "9",
        "SentimentPolarity": "-1"
      }
    ]
  },
  {
    "Index": "44999",
    "RawText": "단점은 다른 제품들 보다 비싸다는거... 그래도 소음이 없어서 너무 좋고요. 성능도 진짜 최고네요~ 물통도 금방 차고 집도 뽀송해집니다.",
    "Source": "쇼핑몰",
    "Domain": "가전",
    "MainCategory": "계절가전",
    "ProductName": "휘센 LG전자 DQ160PPBC",
    "ReviewScore": "5",
    "Syllable": "76",
    "Word": "18",
    "RDate": "20200714",
    "GeneralPolarity": "0",
    "Aspects": [
      {
        "Aspect": "가격",
        "SentimentText": "단점은 다른 제품들 보다 비싸다는거... ",
        "SentimentWord": "5",
        "SentimentPolarity": "-1"
      },
      {
        "Aspect": "소음",
        "SentimentText": "그래도 소음이 없어서 너무 좋고요",
        "SentimentWord": "5",
        "SentimentPolarity": "1"
      },
      {
        "Aspect": "기능",
        "SentimentText": "성능도 진짜 최고네요~ 물통도 금방 차고 집도 뽀송해집니다.",
        "SentimentWord": "8",
        "SentimentPolarity": "1"
      }
    ]
  },
  {
    "Index": "45000",
    "RawText": "디자인도 심플하고 깔끔한 부분이 마음에 들었어요 제습도 잘되고 건조도 잘되어 아주 좋아요",
    "Source": "쇼핑몰",
    "Domain": "가전",
    "MainCategory": "계절가전",
    "ProductName": "휘센 LG전자 DQ160PPBC",
    "ReviewScore": "5",
    "Syllable": "49",
    "Word": "12",
    "RDate": "20210720",
    "GeneralPolarity": "1",
    "Aspects": [
      {
        "Aspect": "디자인",
        "SentimentText": "디자인도 심플하고 깔끔한 부분이 마음에 들었어요 ",
        "SentimentWord": "6",
        "SentimentPolarity": "1"
      },
      {
        "Aspect": "기능",
        "SentimentText": "제습도 잘되고 건조도 잘되어 아주 좋아요",
        "SentimentWord": "6",
        "SentimentPolarity": "1"
      }
    ]
  },
  {
    "Index": "45002",
    "RawText": "제습기 작동도 잘되서 좋고 제습성능이 만족스러워요~ 그런데 소음이 좀 있어서 밤에는 시끄럽게 느껴져요ㅜ",
    "Source": "쇼핑몰",
    "Domain": "가전",
    "MainCategory": "계절가전",
    "ProductName": "휘센 LG전자 DQ160PPBC",
    "ReviewScore": "4",
    "Syllable": "57",
    "Word": "13",
    "RDate": "20200603",
    "GeneralPolarity": "0",
    "Aspects": [
      {
        "Aspect": "기능",
        "SentimentText": "제습기 작동도 잘되서 좋고 제습성능이 만족스러워요~ ",
        "SentimentWord": "6",
        "SentimentPolarity": "1"
      },
      {
        "Aspect": "소음",
        "SentimentText": "그런데 소음이 좀 있어서 밤에는 시끄럽게 느껴져요ㅜ",
        "SentimentWord": "7",
        "SentimentPolarity": "-1"
      }
    ]
  },
  {
    "Index": "45003",
    "RawText": "디자인 정말 깔끔하고 예뻐요 ^^ 기능도 많고 다양한게 마음에 듭니다.",
    "Source": "쇼핑몰",
    "Domain": "가전",
    "MainCategory": "계절가전",
    "ProductName": "휘센 LG전자 DQ160PPBC",
    "ReviewScore": "5",
    "Syllable": "39",
    "Word": "10",
    "RDate": "20210703",
    "GeneralPolarity": "1",
    "Aspects": [
      {
        "Aspect": "디자인",
        "SentimentText": "디자인 정말 깔끔하고 예뻐요 ^^ ",
        "SentimentWord": "5",
        "SentimentPolarity": "1"
      },
      {
        "Aspect": "기능",
        "SentimentText": "기능도 많고 다양한게 마음에 듭니다. ",
        "SentimentWord": "5",
        "SentimentPolarity": "1"
      }
    ]
  },
  {
    "Index": "45004",
    "RawText": "물도 잘모으고 제습이 아주 잘되어 만족해요 다만 제습시간이 오래걸리는 것같아서 오랜시간 사용해야하는점이 아쉽네요",
    "Source": "쇼핑몰",
    "Domain": "가전",
    "MainCategory": "계절가전",
    "ProductName": "휘센 LG전자 DQ160PPBC",
    "ReviewScore": "4",
    "Syllable": "62",
    "Word": "13",
    "RDate": "20210623",
    "GeneralPolarity": "0",
    "Aspects": [
      {
        "Aspect": "기능",
        "SentimentText": "물도 잘모으고 제습이 아주 잘되어 만족해요",
        "SentimentWord": "6",
        "SentimentPolarity": "1"
      },
      {
        "Aspect": "시간/속도",
        "SentimentText": "다만 제습시간이 오래걸리는 것같아서 오랜시간 사용해야하는점이 아쉽네요",
        "SentimentWord": "7",
        "SentimentPolarity": "-1"
      }
    ]
  },
  {
    "Index": "45005",
    "RawText": "저소음이여서 조용하게 사용하기 좋았습니다. 제습이나 건조도 잘 작동해서 만족해요 다만 사진보다 커서 당황했어요;;; 크니까 물통을 자주갈지 않아도 되서 편리하네요 ㅎㅎ",
    "Source": "쇼핑몰",
    "Domain": "가전",
    "MainCategory": "계절가전",
    "ProductName": "휘센 LG전자 DQ160PPBC",
    "ReviewScore": "5",
    "Syllable": "93",
    "Word": "20",
    "RDate": "20211009",
    "GeneralPolarity": "1",
    "Aspects": [
      {
        "Aspect": "소음",
        "SentimentText": "저소음이여서 조용하게 사용하기 좋았습니다.",
        "SentimentWord": "4",
        "SentimentPolarity": "1"
      },
      {
        "Aspect": "기능",
        "SentimentText": "제습이나 건조도 잘 작동해서 만족해요",
        "SentimentWord": "5",
        "SentimentPolarity": "1"
      },
      {
        "Aspect": "사이즈",
        "SentimentText": "다만 사진보다 커서 당황했어요;;;",
        "SentimentWord": "4",
        "SentimentPolarity": "-1"
      },
      {
        "Aspect": "편의성",
        "SentimentText": "크니까 물통을 자주갈지 않아도 되서 편리하네요 ㅎㅎ  ",
        "SentimentWord": "7",
        "SentimentPolarity": "1"
      }
    ]
  },
  {
    "Index": "45006",
    "RawText": "소리가 진짜 조용해서 너무 좋고요. 성능도 좋아서 습도가 금방 떨어지네요~~ ooo는 역시 진짜 가전제품 최고의 브랜드입니다.",
    "Source": "쇼핑몰",
    "Domain": "가전",
    "MainCategory": "계절가전",
    "ProductName": "휘센 LG전자 DQ160PPBC",
    "ReviewScore": "5",
    "Syllable": "70",
    "Word": "16",
    "RDate": "20210625",
    "GeneralPolarity": "1",
    "Aspects": [
      {
        "Aspect": "소음",
        "SentimentText": "소리가 진짜 조용해서 너무 좋고요.",
        "SentimentWord": "5",
        "SentimentPolarity": "1"
      },
      {
        "Aspect": "기능",
        "SentimentText": "성능도 좋아서 습도가 금방 떨어지네요~~ ",
        "SentimentWord": "5",
        "SentimentPolarity": "1"
      },
      {
        "Aspect": "제조일/제조사",
        "SentimentText": "ooo는 역시 진짜 가전제품 최고의 브랜드입니다.",
        "SentimentWord": "6",
        "SentimentPolarity": "1"
      }
    ]
  },
  {
    "Index": "45007",
    "RawText": "확실히 이 제품은 기존에 쓰던 제품보다 조용해서 좋아요.  제습 성능이 우수해 습도도  빠르게  떨어집니다.  에너지 효율 1등급 넘 좋아요",
    "Source": "쇼핑몰",
    "Domain": "가전",
    "MainCategory": "계절가전",
    "ProductName": "휘센 LG전자 DQ160PPBC",
    "ReviewScore": "5",
    "Syllable": "78",
    "Word": "19",
    "RDate": "20210623",
    "GeneralPolarity": "1",
    "Aspects": [
      {
        "Aspect": "소음",
        "SentimentText": "확실히 이 제품은 기존에 쓰던 제품보다 조용해서 좋아요",
        "SentimentWord": "8",
        "SentimentPolarity": "1"
      },
      {
        "Aspect": "기능",
        "SentimentText": "제습 성능이 우수해 습도도  빠르게  떨어집니다",
        "SentimentWord": "6",
        "SentimentPolarity": "1"
      },
      {
        "Aspect": "소비전력",
        "SentimentText": "에너지 효율 1등급 넘 좋아요 ",
        "SentimentWord": "5",
        "SentimentPolarity": "1"
      }
    ]
  },
  {
    "Index": "45008",
    "RawText": "작동시 온열이 게속나와서 실내가 더워지네요ㅜ 소음도 있는편이라 신경이 거슬리고...후회되네요",
    "Source": "쇼핑몰",
    "Domain": "가전",
    "MainCategory": "계절가전",
    "ProductName": "휘센 LG전자 DQ160PPBC",
    "ReviewScore": "4",
    "Syllable": "51",
    "Word": "9",
    "RDate": "20210703",
    "GeneralPolarity": "-1",
    "Aspects": [
      {
        "Aspect": "기능",
        "SentimentText": "작동시 온열이 게속나와서 실내가 더워지네요ㅜ ",
        "SentimentWord": "5",
        "SentimentPolarity": "-1"
      },
      {
        "Aspect": "소음",
        "SentimentText": "소음도 있는편이라 신경이 거슬리고...후회되네요",
        "SentimentWord": "4",
        "SentimentPolarity": "-1"
      }
    ]
  },
  {
    "Index": "45009",
    "RawText": "성능 진짜 좋네요~ 집안이 쾌적해집니다. 무게가 무거워서 들고 옮기기에는 벅차네요",
    "Source": "쇼핑몰",
    "Domain": "가전",
    "MainCategory": "계절가전",
    "ProductName": "휘센 LG전자 DQ160PPBC",
    "ReviewScore": "4",
    "Syllable": "45",
    "Word": "10",
    "RDate": "20210623",
    "GeneralPolarity": "0",
    "Aspects": [
      {
        "Aspect": "기능",
        "SentimentText": "성능 진짜 좋네요~ 집안이 쾌적해집니다. ",
        "SentimentWord": "5",
        "SentimentPolarity": "1"
      },
      {
        "Aspect": "무게",
        "SentimentText": "무게가 무거워서 들고 옮기기에는 벅차네요",
        "SentimentWord": "5",
        "SentimentPolarity": "-1"
      }
    ]
  },
  {
    "Index": "45010",
    "RawText": "받자마자 제품에 스크래치가 있어서 별로네요.. 색상도 사진이 더 예뻐서 실망스러워요 ㅠ",
    "Source": "쇼핑몰",
    "Domain": "가전",
    "MainCategory": "계절가전",
    "ProductName": "휘센 LG전자 DQ160PPBC",
    "ReviewScore": "4",
    "Syllable": "48",
    "Word": "11",
    "RDate": "20200717",
    "GeneralPolarity": "-1",
    "Aspects": [
      {
        "Aspect": "품질",
        "SentimentText": "받자마자 제품에 스크래치가 있어서 별로네요.. ",
        "SentimentWord": "5",
        "SentimentPolarity": "-1"
      },
      {
        "Aspect": "색상",
        "SentimentText": "색상도 사진이 더 예뻐서 실망스러워요 ㅠ",
        "SentimentWord": "6",
        "SentimentPolarity": "-1"
      }
    ]
  },
  {
    "Index": "45011",
    "RawText": "보기보다 커서 자리차지도 많이하고 아쉽네요 색깔은 예쁘고 이질감이 없어 좋구요 제습도 잘되고 잘 작동해서 만족합니다^^",
    "Source": "쇼핑몰",
    "Domain": "가전",
    "MainCategory": "계절가전",
    "ProductName": "휘센 LG전자 DQ160PPBC",
    "ReviewScore": "4",
    "Syllable": "66",
    "Word": "15",
    "RDate": "20220324",
    "GeneralPolarity": "1",
    "Aspects": [
      {
        "Aspect": "사이즈",
        "SentimentText": "보기보다 커서 자리차지도 많이하고 아쉽네요",
        "SentimentWord": "5",
        "SentimentPolarity": "-1"
      },
      {
        "Aspect": "색상",
        "SentimentText": "색깔은 예쁘고 이질감이 없어 좋구요 ",
        "SentimentWord": "5",
        "SentimentPolarity": "1"
      },
      {
        "Aspect": "기능",
        "SentimentText": "제습도 잘되고 잘 작동해서 만족합니다^^",
        "SentimentWord": "5",
        "SentimentPolarity": "1"
      }
    ]
  },
  {
    "Index": "45013",
    "RawText": "제품 구성이 별로네요.. 있어야 부속품들이 없고 따로 구매해야 되니 별로네요. 제품 출시일도 2년이나 지난 제품이라 후회돼요",
    "Source": "쇼핑몰",
    "Domain": "가전",
    "MainCategory": "계절가전",
    "ProductName": "휘센 LG전자 DQ160PPBC",
    "ReviewScore": "5",
    "Syllable": "69",
    "Word": "16",
    "RDate": "20200910",
    "GeneralPolarity": "-1",
    "Aspects": [
      {
        "Aspect": "제품구성",
        "SentimentText": "제품 구성이 별로네요.. 있어야 부속품들이 없고 따로 구매해야 되니 별로네요. ",
        "SentimentWord": "10",
        "SentimentPolarity": "-1"
      },
      {
        "Aspect": "제조일/제조사",
        "SentimentText": "제품 출시일도 2년이나 지난 제품이라 후회돼요",
        "SentimentWord": "6",
        "SentimentPolarity": "-1"
      }
    ]
  },
  {
    "Index": "45014",
    "RawText": "물이 금방 차네요 습기 제거 기능 최강입니다^^ 그리고 물보관함 용량이 꽤 넉넉해서 좋아요 ",
    "Source": "쇼핑몰",
    "Domain": "가전",
    "MainCategory": "계절가전",
    "ProductName": "휘센 LG전자 DQ160PPBC",
    "ReviewScore": "5",
    "Syllable": "51",
    "Word": "13",
    "RDate": "20200724",
    "GeneralPolarity": "1",
    "Aspects": [
      {
        "Aspect": "기능",
        "SentimentText": "물이 금방 차네요 습기 제거 기능 최강입니다^^",
        "SentimentWord": "7",
        "SentimentPolarity": "1"
      },
      {
        "Aspect": "용량",
        "SentimentText": "그리고 물보관함 용량이 꽤 넉넉해서 좋아요",
        "SentimentWord": "6",
        "SentimentPolarity": "1"
      }
    ]
  },
  {
    "Index": "45016",
    "RawText": "습기도 잘 빨아당기고 성능이 좋아요 다만 바퀴가 없어서 이동하는데 어려움이 있고 불편해요 ㅜ",
    "Source": "쇼핑몰",
    "Domain": "가전",
    "MainCategory": "계절가전",
    "ProductName": "휘센 LG전자 DQ160PPBC",
    "ReviewScore": "5",
    "Syllable": "51",
    "Word": "13",
    "RDate": "20210628",
    "GeneralPolarity": "0",
    "Aspects": [
      {
        "Aspect": "기능",
        "SentimentText": "습기도 잘 빨아당기고 성능이 좋아요",
        "SentimentWord": "5",
        "SentimentPolarity": "1"
      },
      {
        "Aspect": "편의성",
        "SentimentText": "다만 바퀴가 없어서 이동하는데 어려움이 있고 불편해요 ㅜ",
        "SentimentWord": "8",
        "SentimentPolarity": "-1"
      }
    ]
  },
  {
    "Index": "45017",
    "RawText": "뽀송뽀송 쾌적하게 잘 작동해서 만족해요 다만 바퀴가 우레탄이라면 소리가 덜날텐데 거슬리네요ㅜ",
    "Source": "쇼핑몰",
    "Domain": "가전",
    "MainCategory": "계절가전",
    "ProductName": "휘센 LG전자 DQ160PPBC",
    "ReviewScore": "5",
    "Syllable": "51",
    "Word": "11",
    "RDate": "20200809",
    "Aspects": [
      {
        "Aspect": "기능",
        "SentimentText": "뽀송뽀송 쾌적하게 잘 작동해서 만족해요",
        "SentimentWord": "5",
        "SentimentPolarity": "1"
      },
      {
        "Aspect": "소음",
        "SentimentText": "다만 바퀴가 우레탄이라면 소리가 덜날텐데 거슬리네요ㅜ",
        "SentimentWord": "6",
        "SentimentPolarity": "-1"
      }
    ]
  },
  {
    "Index": "45018",
    "RawText": "제습기 색상이 핑크색만 있어서 좀 아쉽네요.  성능이 좋고 제습도 잘되서 000로 선택하길 잘했어요.",
    "Source": "쇼핑몰",
    "Domain": "가전",
    "MainCategory": "계절가전",
    "ProductName": "휘센 LG전자 DQ160PPBC",
    "ReviewScore": "5",
    "Syllable": "56",
    "Word": "13",
    "RDate": "20200318",
    "GeneralPolarity": "1",
    "Aspects": [
      {
        "Aspect": "색상",
        "SentimentText": "제습기 색상이 핑크색만 있어서 좀 아쉽네요.",
        "SentimentWord": "6",
        "SentimentPolarity": "0"
      },
      {
        "Aspect": "기능",
        "SentimentText": "성능이 좋고 제습도 잘되서 000로 선택하길 잘했어요.",
        "SentimentWord": "7",
        "SentimentPolarity": "1"
      }
    ]
  },
  {
    "Index": "45019",
    "RawText": "제습이 너무 잘되서 만족해요 저소음모드로 엄청 조용하니 맘에 들어요 ㅎㅎ",
    "Source": "쇼핑몰",
    "Domain": "가전",
    "MainCategory": "계절가전",
    "ProductName": "휘센 LG전자 DQ160PPBC",
    "ReviewScore": "5",
    "Syllable": "40",
    "Word": "10",
    "RDate": "20210629",
    "GeneralPolarity": "1",
    "Aspects": [
      {
        "Aspect": "기능",
        "SentimentText": "제습이 너무 잘되서 만족해요",
        "SentimentWord": "4",
        "SentimentPolarity": "1"
      },
      {
        "Aspect": "소음",
        "SentimentText": "저소음모드로 엄청 조용하니 맘에 들어요 ㅎㅎ",
        "SentimentWord": "6",
        "SentimentPolarity": "1"
      }
    ]
  },
  {
    "Index": "45020",
    "RawText": "생각보다 사이즈가 커서 자리차지 많이 합니다. 아쉽구요 소음도 없이 조용한점은 마음에 드네요 그리고 여러가지 모드가 있고 활용도가 좋아서 만족해요^^",
    "Source": "쇼핑몰",
    "Domain": "가전",
    "MainCategory": "계절가전",
    "ProductName": "휘센 LG전자 DQ160PPBC",
    "ReviewScore": "4",
    "Syllable": "83",
    "Word": "19",
    "RDate": "20200729",
    "GeneralPolarity": "1",
    "Aspects": [
      {
        "Aspect": "사이즈",
        "SentimentText": "생각보다 사이즈가 커서 자리차지 많이 합니다. 아쉽구요",
        "SentimentWord": "7",
        "SentimentPolarity": "-1"
      },
      {
        "Aspect": "소음",
        "SentimentText": "소음도 없이 조용한점은 마음에 드네요 ",
        "SentimentWord": "5",
        "SentimentPolarity": "1"
      },
      {
        "Aspect": "기능",
        "SentimentText": "그리고 여러가지 모드가 있고 활용도가 좋아서 만족해요^^",
        "SentimentWord": "7",
        "SentimentPolarity": "1"
      }
    ]
  },
  {
    "Index": "45021",
    "RawText": "사이즈도 너무 커서 공간 차지를 많이 하고, 소음도 생각보다 커서 밤에는 못 돌려요.. 그래도 성능은 좋아서 제습효과가 좋습니다~ 1등급이라 전기세 걱정도 없어서 추천합니다~",
    "Source": "쇼핑몰",
    "Domain": "가전",
    "MainCategory": "계절가전",
    "ProductName": "휘센 LG전자 DQ160PPBC",
    "ReviewScore": "5",
    "Syllable": "97",
    "Word": "23",
    "RDate": "20200402",
    "GeneralPolarity": "0",
    "Aspects": [
      {
        "Aspect": "사이즈",
        "SentimentText": "사이즈도 너무 커서 공간 차지를 많이 하고,",
        "SentimentWord": "7",
        "SentimentPolarity": "-1"
      },
      {
        "Aspect": "소음",
        "SentimentText": "소음도 생각보다 커서 밤에는 못 돌려요.. ",
        "SentimentWord": "6",
        "SentimentPolarity": "-1"
      },
      {
        "Aspect": "기능",
        "SentimentText": "그래도 성능은 좋아서 제습효과가 좋습니다~ ",
        "SentimentWord": "5",
        "SentimentPolarity": "1"
      },
      {
        "Aspect": "소비전력",
        "SentimentText": "1등급이라 전기세 걱정도 없어서 추천합니다~",
        "SentimentWord": "5",
        "SentimentPolarity": "1"
      }
    ]
  },
  {
    "Index": "45022",
    "RawText": "실내 제습 효과가 월등히 좋네요^^ 1등급소비전력 제품이라 너무 만족해요",
    "Source": "쇼핑몰",
    "Domain": "가전",
    "MainCategory": "계절가전",
    "ProductName": "휘센 LG전자 DQ160PPBC",
    "ReviewScore": "5",
    "Syllable": "40",
    "Word": "9",
    "RDate": "20200512",
    "GeneralPolarity": "1",
    "Aspects": [
      {
        "Aspect": "기능",
        "SentimentText": "실내 제습 효과가 월등히 좋네요^^",
        "SentimentWord": "5",
        "SentimentPolarity": "1"
      },
      {
        "Aspect": "소비전력",
        "SentimentText": "1등급소비전력 제품이라 너무 만족해요",
        "SentimentWord": "4",
        "SentimentPolarity": "1"
      }
    ]
  },
  {
    "Index": "45023",
    "RawText": "부속품이 별도구매이군요.. 아쉽네요ㅜ 그래도 스마트한 제습기능이 아주 유용합니다^^",
    "Source": "쇼핑몰",
    "Domain": "가전",
    "MainCategory": "계절가전",
    "ProductName": "휘센 LG전자 DQ160PPBC",
    "ReviewScore": "4",
    "Syllable": "46",
    "Word": "8",
    "RDate": "20200720",
    "GeneralPolarity": "0",
    "Aspects": [
      {
        "Aspect": "제품구성",
        "SentimentText": "부속품이 별도구매이군요.. 아쉽네요ㅜ",
        "SentimentWord": "3",
        "SentimentPolarity": "-1"
      },
      {
        "Aspect": "기능",
        "SentimentText": "그래도 스마트한 제습기능이 아주 유용합니다^^",
        "SentimentWord": "5",
        "SentimentPolarity": "1"
      }
    ]
  },
  {
    "Index": "45024",
    "RawText": "외관에도 오염이나 망가짐없이 품질이 좋아서 만족해요 가격도 저렴하게 구매해서 기쁩니다^^",
    "Source": "쇼핑몰",
    "Domain": "가전",
    "MainCategory": "계절가전",
    "ProductName": "휘센 LG전자 DQ160PPBC",
    "ReviewScore": "5",
    "Syllable": "49",
    "Word": "10",
    "RDate": "20200607",
    "GeneralPolarity": "1",
    "Aspects": [
      {
        "Aspect": "품질",
        "SentimentText": "외관에도 오염이나 망가짐없이 품질이 좋아서 만족해요 ",
        "SentimentWord": "6",
        "SentimentPolarity": "1"
      },
      {
        "Aspect": "가격",
        "SentimentText": "가격도 저렴하게 구매해서 기쁩니다^^",
        "SentimentWord": "4",
        "SentimentPolarity": "1"
      }
    ]
  },
  {
    "Index": "45025",
    "RawText": "무게가 너무 무거워서 단점이긴 한데.. 제습 효과는 아주 뛰어나네요. 빨래가 뽀송해져요..",
    "Source": "쇼핑몰",
    "Domain": "가전",
    "MainCategory": "계절가전",
    "ProductName": "휘센 LG전자 DQ160PPBC",
    "ReviewScore": "5",
    "Syllable": "50",
    "Word": "11",
    "RDate": "20210709",
    "GeneralPolarity": "0",
    "Aspects": [
      {
        "Aspect": "무게",
        "SentimentText": "무게가 너무 무거워서 단점이긴 한데.. ",
        "SentimentWord": "5",
        "SentimentPolarity": "-1"
      },
      {
        "Aspect": "기능",
        "SentimentText": "제습 효과는 아주 뛰어나네요. 빨래가 뽀송해져요.. ",
        "SentimentWord": "6",
        "SentimentPolarity": "1"
      }
    ]
  },
  {
    "Index": "45026",
    "RawText": "물 차는거 보면 정말 제습기능 위력 놀랍습니다 ㅎㅎ 물때 잘 안끼고 배수가 쉬워서 엄청 간편합니다^^",
    "Source": "쇼핑몰",
    "Domain": "가전",
    "MainCategory": "계절가전",
    "ProductName": "휘센 LG전자 DQ160PPBC",
    "ReviewScore": "5",
    "Syllable": "56",
    "Word": "15",
    "RDate": "20201209",
    "GeneralPolarity": "1",
    "Aspects": [
      {
        "Aspect": "기능",
        "SentimentText": "물 차는거 보면 정말 제습기능 위력 놀랍습니다 ㅎㅎ",
        "SentimentWord": "8",
        "SentimentPolarity": "1"
      },
      {
        "Aspect": "편의성",
        "SentimentText": "물때 잘 안끼고 배수가 쉬워서 엄청 간편합니다^^",
        "SentimentWord": "7",
        "SentimentPolarity": "1"
      }
    ]
  },
  {
    "Index": "45027",
    "RawText": "제습이나 다양한 기능들이 잘 작동해서 좋습니다. 소음도 없이 조용해서 좋구요 크기도 딱 적당해서 집에서 쓰기 아주 좋아요 다만 다른곳보다 비싸게 구매한것같아서 아쉽네요 ㅜ ",
    "Source": "쇼핑몰",
    "Domain": "가전",
    "MainCategory": "계절가전",
    "ProductName": "휘센 LG전자 DQ160PPBC",
    "ReviewScore": "5",
    "Syllable": "96",
    "Word": "23",
    "RDate": "20200801",
    "GeneralPolarity": "0",
    "Aspects": [
      {
        "Aspect": "기능",
        "SentimentText": "제습이나 다양한 기능들이 잘 작동해서 좋습니다.",
        "SentimentWord": "6",
        "SentimentPolarity": "1"
      },
      {
        "Aspect": "소음",
        "SentimentText": "소음도 없이 조용해서 좋구요",
        "SentimentWord": "4",
        "SentimentPolarity": "1"
      },
      {
        "Aspect": "사이즈",
        "SentimentText": "크기도 딱 적당해서 집에서 쓰기 아주 좋아요 ",
        "SentimentWord": "7",
        "SentimentPolarity": "1"
      },
      {
        "Aspect": "가격",
        "SentimentText": "다만 다른곳보다 비싸게 구매한것같아서 아쉽네요 ㅜ",
        "SentimentWord": "6",
        "SentimentPolarity": "-1"
      }
    ]
  },
  {
    "Index": "45028",
    "RawText": "소음없이 조용해서 밤에 안깨요 굿굿 제습력이 엄청 강력하네요^^대박 디자인도 심플하니 예쁘네요~ 이동도 간편하고 아주 좋아요",
    "Source": "쇼핑몰",
    "Domain": "가전",
    "MainCategory": "계절가전",
    "ProductName": "휘센 LG전자 DQ160PPBC",
    "ReviewScore": "4",
    "Syllable": "69",
    "Word": "15",
    "RDate": "20210629",
    "GeneralPolarity": "1",
    "Aspects": [
      {
        "Aspect": "소음",
        "SentimentText": "소음없이 조용해서 밤에 안깨요 굿굿",
        "SentimentWord": "5",
        "SentimentPolarity": "1"
      },
      {
        "Aspect": "기능",
        "SentimentText": "제습력이 엄청 강력하네요^^대박",
        "SentimentWord": "3",
        "SentimentPolarity": "1"
      },
      {
        "Aspect": "디자인",
        "SentimentText": "디자인도 심플하니 예쁘네요~",
        "SentimentWord": "3",
        "SentimentPolarity": "1"
      },
      {
        "Aspect": "편의성",
        "SentimentText": "이동도 간편하고 아주 좋아요",
        "SentimentWord": "4",
        "SentimentPolarity": "1"
      }
    ]
  },
  {
    "Index": "45029",
    "RawText": "흐리고 비내리날 습해서 사용하는데 제습도 잘되서 실내가 보송하니 쾌적해져서 너무 좋습니다~ 작동시 소음이 적고 조용해서 만족스러워요^^",
    "Source": "쇼핑몰",
    "Domain": "가전",
    "MainCategory": "계절가전",
    "ProductName": "휘센 LG전자 DQ160PPBC",
    "ReviewScore": "5",
    "Syllable": "75",
    "Word": "16",
    "RDate": "20210522",
    "GeneralPolarity": "1",
    "Aspects": [
      {
        "Aspect": "기능",
        "SentimentText": "흐리고 비내리날 습해서 사용하는데 제습도 잘되서 실내가 보송하니 쾌적해져서 너무 좋습니다~",
        "SentimentWord": "11",
        "SentimentPolarity": "1"
      },
      {
        "Aspect": "소음",
        "SentimentText": "작동시 소음이 적고 조용해서 만족스러워요^^",
        "SentimentWord": "5",
        "SentimentPolarity": "1"
      }
    ]
  },
  {
    "Index": "45030",
    "RawText": "제습기 처음 사용해봤는데 일단 외관도 깔끔하고 하자도 없이 퀄리티가 좋아요 그리고 제습이 잘되는지 습기가 싹!!! 없어져서 아주 만족해요 ",
    "Source": "쇼핑몰",
    "Domain": "가전",
    "MainCategory": "계절가전",
    "ProductName": "휘센 LG전자 DQ160PPBC",
    "ReviewScore": "5",
    "Syllable": "77",
    "Word": "18",
    "RDate": "20200711",
    "GeneralPolarity": "1",
    "Aspects": [
      {
        "Aspect": "품질",
        "SentimentText": "제습기 처음 사용해봤는데 일단 외관도 깔끔하고 하자도 없이 퀄리티가 좋아요 ",
        "SentimentWord": "10",
        "SentimentPolarity": "1"
      },
      {
        "Aspect": "기능",
        "SentimentText": "그리고 제습이 잘되는지 습기가 싹!!! 없어져서 아주 만족해요",
        "SentimentWord": "8",
        "SentimentPolarity": "1"
      }
    ]
  },
  {
    "Index": "45031",
    "RawText": "저소음 모드일때는 소음이 거의 안들려서 취침시 좋네요^^ 앱으로 조작가능해서 엄청 유용합니다^^",
    "Source": "쇼핑몰",
    "Domain": "가전",
    "MainCategory": "계절가전",
    "ProductName": "휘센 LG전자 DQ160PPBC",
    "ReviewScore": "5",
    "Syllable": "53",
    "Word": "11",
    "RDate": "20220402",
    "GeneralPolarity": "1",
    "Aspects": [
      {
        "Aspect": "소음",
        "SentimentText": "저소음 모드일때는 소음이 거의 안들려서 취침시 좋네요^^",
        "SentimentWord": "7",
        "SentimentPolarity": "1"
      },
      {
        "Aspect": "기능",
        "SentimentText": "앱으로 조작가능해서 엄청 유용합니다^^",
        "SentimentWord": "4",
        "SentimentPolarity": "1"
      }
    ]
  },
  {
    "Index": "45032",
    "RawText": "스마트폰으로 제어를 할 수있어서 조작하기 간편해요^^ 사용한 전력량도 화면으로 확인가능한 점이 아주 편리합니다",
    "Source": "쇼핑몰",
    "Domain": "가전",
    "MainCategory": "계절가전",
    "ProductName": "휘센 LG전자 DQ160PPBC",
    "ReviewScore": "5",
    "Syllable": "61",
    "Word": "13",
    "RDate": "20200827",
    "GeneralPolarity": "1",
    "Aspects": [
      {
        "Aspect": "조작성",
        "SentimentText": "스마트폰으로 제어를 할 수있어서 조작하기 간편해요^^",
        "SentimentWord": "6",
        "SentimentPolarity": "1"
      },
      {
        "Aspect": "편의성",
        "SentimentText": "사용한 전력량도 화면으로 확인가능한 점이 아주 편리합니다",
        "SentimentWord": "7",
        "SentimentPolarity": "1"
      }
    ]
  },
  {
    "Index": "45033",
    "RawText": "부속품이 따로 없어서 아쉬워요 ㅠ 그래도 디자인이 심플하고 이쁘네요ㅎㅎ",
    "Source": "쇼핑몰",
    "Domain": "가전",
    "MainCategory": "계절가전",
    "ProductName": "휘센 LG전자 DQ160PPBC",
    "ReviewScore": "5",
    "Syllable": "39",
    "Word": "9",
    "RDate": "20210314",
    "GeneralPolarity": "0",
    "Aspects": [
      {
        "Aspect": "제품구성",
        "SentimentText": "부속품이 따로 없어서 아쉬워요 ㅠ",
        "SentimentWord": "5",
        "SentimentPolarity": "-1"
      },
      {
        "Aspect": "디자인",
        "SentimentText": "그래도 디자인이 심플하고 이쁘네요ㅎㅎ",
        "SentimentWord": "4",
        "SentimentPolarity": "1"
      }
    ]
  },
  {
    "Index": "45035",
    "RawText": "저렴한 가격에 구매할 수있어서 좋았어요 기능도 많고 다양하니 활용도가 높고 추천합니다^^",
    "Source": "쇼핑몰",
    "Domain": "가전",
    "MainCategory": "계절가전",
    "ProductName": "휘센 LG전자 DQ160PPBC",
    "ReviewScore": "5",
    "Syllable": "49",
    "Word": "11",
    "RDate": "20210324",
    "GeneralPolarity": "1",
    "Aspects": [
      {
        "Aspect": "가격",
        "SentimentText": "저렴한 가격에 구매할 수있어서 좋았어요",
        "SentimentWord": "5",
        "SentimentPolarity": "1"
      },
      {
        "Aspect": "기능",
        "SentimentText": "기능도 많고 다양하니 활용도가 높고 추천합니다^^",
        "SentimentWord": "6",
        "SentimentPolarity": "1"
      }
    ]
  },
  {
    "Index": "45036",
    "RawText": "사진에서 봤던 색상이 아니라서 실망입니다. 촌스러운 분홍색이에요... 소음이 아예 없는 건 아니라 밤에 사용은 못해서 아쉽네요.",
    "Source": "쇼핑몰",
    "Domain": "가전",
    "MainCategory": "계절가전",
    "ProductName": "휘센 LG전자 DQ160PPBC",
    "ReviewScore": "5",
    "Syllable": "71",
    "Word": "16",
    "RDate": "20210115",
    "GeneralPolarity": "-1",
    "Aspects": [
      {
        "Aspect": "색상",
        "SentimentText": "사진에서 봤던 색상이 아니라서 실망입니다. 촌스러운 분홍색이에요...",
        "SentimentWord": "7",
        "SentimentPolarity": "-1"
      },
      {
        "Aspect": "소음",
        "SentimentText": "소음이 아예 없는 건 아니라 밤에 사용은 못해서 아쉽네요. ",
        "SentimentWord": "9",
        "SentimentPolarity": "-1"
      }
    ]
  },
  {
    "Index": "45038",
    "RawText": "밑에 발통부분이 자연스럽지 못하고 뻑뻑해서 불편합니다. ㅜ 그리고 가격도 참 많이 비싸서 부담스러웠네요",
    "Source": "쇼핑몰",
    "Domain": "가전",
    "MainCategory": "계절가전",
    "ProductName": "휘센 LG전자 DQ160PPBC",
    "ReviewScore": "3",
    "Syllable": "57",
    "Word": "13",
    "RDate": "20201218",
    "GeneralPolarity": "-1",
    "Aspects": [
      {
        "Aspect": "편의성",
        "SentimentText": "밑에 발통부분이 자연스럽지 못하고 뻑뻑해서 불편합니다. ㅜ ",
        "SentimentWord": "7",
        "SentimentPolarity": "-1"
      },
      {
        "Aspect": "가격",
        "SentimentText": "그리고 가격도 참 많이 비싸서 부담스러웠네요",
        "SentimentWord": "6",
        "SentimentPolarity": "-1"
      }
    ]
  },
  {
    "Index": "45039",
    "RawText": "ooo이라서 이번에도 브랜드 이름 보고 믿고 구매합니다. 소음은 크지도 작지도 않고 평범합니다. 물통 빼기가 편리해서 물 비우기에는 너무 좋네요.",
    "Source": "쇼핑몰",
    "Domain": "가전",
    "MainCategory": "계절가전",
    "ProductName": "휘센 LG전자 DQ160PPBC",
    "ReviewScore": "4",
    "Syllable": "81",
    "Word": "19",
    "RDate": "20200803",
    "GeneralPolarity": "0",
    "Aspects": [
      {
        "Aspect": "제조일/제조사",
        "SentimentText": "ooo이라서 이번에도 브랜드 이름 보고 믿고 구매합니다.",
        "SentimentWord": "7",
        "SentimentPolarity": "1"
      },
      {
        "Aspect": "소음",
        "SentimentText": "소음은 크지도 작지도 않고 평범합니다.",
        "SentimentWord": "5",
        "SentimentPolarity": "0"
      },
      {
        "Aspect": "편의성",
        "SentimentText": "물통 빼기가 편리해서 물 비우기에는 너무 좋네요.",
        "SentimentWord": "7",
        "SentimentPolarity": "1"
      }
    ]
  },
  {
    "Index": "45040",
    "RawText": "저렴한 가격에 구매해서 좋습니다. 소리도 크지 않아 소음걱정없어서 좋구요",
    "Source": "쇼핑몰",
    "Domain": "가전",
    "MainCategory": "계절가전",
    "ProductName": "휘센 LG전자 DQ160PPBC",
    "ReviewScore": "4",
    "Syllable": "40",
    "Word": "9",
    "RDate": "20210309",
    "GeneralPolarity": "1",
    "Aspects": [
      {
        "Aspect": "가격",
        "SentimentText": "저렴한 가격에 구매해서 좋습니다. ",
        "SentimentWord": "4",
        "SentimentPolarity": "1"
      },
      {
        "Aspect": "소음",
        "SentimentText": "소리도 크지 않아 소음걱정없어서 좋구요",
        "SentimentWord": "5",
        "SentimentPolarity": "1"
      }
    ]
  },
  {
    "Index": "45041",
    "RawText": "기능이 많고 잘 작동해서 좋으네요 다만 무게감이 상당히 있는듯해서 좀 작은걸로 살껄하는 아쉬움이 남아요 ㅜ",
    "Source": "쇼핑몰",
    "Domain": "가전",
    "MainCategory": "계절가전",
    "ProductName": "휘센 LG전자 DQ160PPBC",
    "ReviewScore": "5",
    "Syllable": "59",
    "Word": "15",
    "RDate": "20201017",
    "GeneralPolarity": "0",
    "Aspects": [
      {
        "Aspect": "기능",
        "SentimentText": "기능이 많고 잘 작동해서 좋으네요 ",
        "SentimentWord": "5",
        "SentimentPolarity": "1"
      },
      {
        "Aspect": "무게",
        "SentimentText": "다만 무게감이 상당히 있는듯해서 좀 작은걸로 살껄하는 아쉬움이 남아요 ㅜ ",
        "SentimentWord": "10",
        "SentimentPolarity": "-1"
      }
    ]
  },
  {
    "Index": "45043",
    "RawText": "제습이 잘되어 에어컨을 안 틀고도 비교적 쾌적하게 지낼 수 있어서 좋아요 다만 색상은 왜 화이트만 있을까요? 먼지가 묻어서 아쉽네요",
    "Source": "쇼핑몰",
    "Domain": "가전",
    "MainCategory": "계절가전",
    "ProductName": "휘센 LG전자 DQ160PPBC",
    "ReviewScore": "5",
    "Syllable": "73",
    "Word": "19",
    "RDate": "20200610",
    "GeneralPolarity": "0",
    "Aspects": [
      {
        "Aspect": "기능",
        "SentimentText": "제습이 잘되어 에어컨을 안 틀고도 비교적 쾌적하게 지낼 수 있어서 좋아요",
        "SentimentWord": "11",
        "SentimentPolarity": "1"
      },
      {
        "Aspect": "색상",
        "SentimentText": "다만 색상은 왜 화이트만 있을까요? 먼지가 묻어서 아쉽네요",
        "SentimentWord": "8",
        "SentimentPolarity": "-1"
      }
    ]
  },
  {
    "Index": "45044",
    "RawText": "다른 제품보다 비싸서 조금 아쉽네요. 11등급이지만 전력을 많이 써서 전기세가 많이 나오네요. 성능은 좋아서 집안이 금방 뽀송해지는 느낌입니다.",
    "Source": "쇼핑몰",
    "Domain": "가전",
    "MainCategory": "계절가전",
    "ProductName": "휘센 LG전자 DQ160PPBC",
    "ReviewScore": "5",
    "Syllable": "80",
    "Word": "18",
    "RDate": "20201029",
    "GeneralPolarity": "0",
    "Aspects": [
      {
        "Aspect": "가격",
        "SentimentText": "다른 제품보다 비싸서 조금 아쉽네요. ",
        "SentimentWord": "5",
        "SentimentPolarity": "-1"
      },
      {
        "Aspect": "소비전력",
        "SentimentText": "1등급이지만 전력을 많이 써서 전기세가 많이 나오네요.",
        "SentimentWord": "7",
        "SentimentPolarity": "-1"
      },
      {
        "Aspect": "기능",
        "SentimentText": "성능은 좋아서 집안이 금방 뽀송해지는 느낌입니다.",
        "SentimentWord": "6",
        "SentimentPolarity": "1"
      }
    ]
  },
  {
    "Index": "45045",
    "RawText": "소음이 거의 없어서 밤에도 사용하고 있어요~ 아쉬운 건 실물 색상이 조금 촌스럽습니다.",
    "Source": "쇼핑몰",
    "Domain": "가전",
    "MainCategory": "계절가전",
    "ProductName": "휘센 LG전자 DQ160PPBC",
    "ReviewScore": "5",
    "Syllable": "48",
    "Word": "12",
    "RDate": "20210625",
    "GeneralPolarity": "0",
    "Aspects": [
      {
        "Aspect": "소음",
        "SentimentText": "소음이 거의 없어서 밤에도 사용하고 있어요~ ",
        "SentimentWord": "6",
        "SentimentPolarity": "1"
      },
      {
        "Aspect": "색상",
        "SentimentText": "아쉬운 건 실물 색상이 조금 촌스럽습니다.",
        "SentimentWord": "6",
        "SentimentPolarity": "-1"
      }
    ]
  },
  {
    "Index": "45046",
    "RawText": "제습이 잘되어 장마철에 아주 잘 씁니다^^ 다만 사용하다보면 발열감이 있어서 별로예요",
    "Source": "쇼핑몰",
    "Domain": "가전",
    "MainCategory": "계절가전",
    "ProductName": "휘센 LG전자 DQ160PPBC",
    "ReviewScore": "5",
    "Syllable": "47",
    "Word": "11",
    "RDate": "20210227",
    "GeneralPolarity": "0",
    "Aspects": [
      {
        "Aspect": "기능",
        "SentimentText": "제습이 잘되어 장마철에 아주 잘 씁니다^^ ",
        "SentimentWord": "6",
        "SentimentPolarity": "1"
      },
      {
        "Aspect": "내구성",
        "SentimentText": "다만 사용하다보면 발열감이 있어서 별로예요",
        "SentimentWord": "5",
        "SentimentPolarity": "-1"
      }
    ]
  },
  {
    "Index": "45047",
    "RawText": "올해 제조된 제품이라 믿고 구매했습니다~ 받아보니 무게가 상당해요.. 여자가 옮기기는 너무 무겁네요.",
    "Source": "쇼핑몰",
    "Domain": "가전",
    "MainCategory": "계절가전",
    "ProductName": "휘센 LG전자 DQ160PPBC",
    "ReviewScore": "5",
    "Syllable": "56",
    "Word": "12",
    "RDate": "20200917",
    "GeneralPolarity": "0",
    "Aspects": [
      {
        "Aspect": "제조일/제조사",
        "SentimentText": "올해 제조된 제품이라 믿고 구매했습니다~",
        "SentimentWord": "5",
        "SentimentPolarity": "1"
      },
      {
        "Aspect": "무게",
        "SentimentText": "받아보니 무게가 상당해요.. 여자가 옮기기는 너무 무겁네요.",
        "SentimentWord": "7",
        "SentimentPolarity": "-1"
      }
    ]
  },
  {
    "Index": "45048",
    "RawText": "장마가 있어서 인지 건조가 상당히 오랜시간이 걸려서 별로입니다. 그렇다보니 발열도 심하고 열감이 느껴지는게 아쉽네요",
    "Source": "쇼핑몰",
    "Domain": "가전",
    "MainCategory": "계절가전",
    "ProductName": "휘센 LG전자 DQ160PPBC",
    "ReviewScore": "5",
    "Syllable": "64",
    "Word": "14",
    "RDate": "20200911",
    "GeneralPolarity": "-1",
    "Aspects": [
      {
        "Aspect": "시간/속도",
        "SentimentText": "장마가 있어서 인지 건조가 상당히 오랜시간이 걸려서 별로입니다. ",
        "SentimentWord": "8",
        "SentimentPolarity": "-1"
      },
      {
        "Aspect": "내구성",
        "SentimentText": "그렇다보니 발열도 심하고 열감이 느껴지는게 아쉽네요",
        "SentimentWord": "6",
        "SentimentPolarity": "-1"
      }
    ]
  },
  {
    "Index": "45049",
    "RawText": "1등급, 인버터라 전기세 걱정 덜해서 좋네요. 성능도 좋아서 옷이 뽀송뽀송해지니 만족입니다.",
    "Source": "쇼핑몰",
    "Domain": "가전",
    "MainCategory": "계절가전",
    "ProductName": "휘센 LG전자 DQ160PPBC",
    "ReviewScore": "5",
    "Syllable": "51",
    "Word": "11",
    "RDate": "20210105",
    "GeneralPolarity": "1",
    "Aspects": [
      {
        "Aspect": "소비전력",
        "SentimentText": "1등급, 인버터라 전기세 걱정 덜해서 좋네요.",
        "SentimentWord": "6",
        "SentimentPolarity": "1"
      },
      {
        "Aspect": "기능",
        "SentimentText": "성능도 좋아서 옷이 뽀송뽀송해지니 만족입니다.",
        "SentimentWord": "5",
        "SentimentPolarity": "1"
      }
    ]
  },
  {
    "Index": "45050",
    "RawText": "비오는 날에도 집안이 뽀송뽀송해요 성능 참 만족스럽습니다. 아쉬운 건 실물 색상이 더 칙칙해보여요~",
    "Source": "쇼핑몰",
    "Domain": "가전",
    "MainCategory": "계절가전",
    "ProductName": "휘센 LG전자 DQ160PPBC",
    "ReviewScore": "5",
    "Syllable": "55",
    "Word": "13",
    "RDate": "20200806",
    "GeneralPolarity": "0",
    "Aspects": [
      {
        "Aspect": "기능",
        "SentimentText": "비오는 날에도 집안이 뽀송뽀송해요 성능 참 만족스럽습니다",
        "SentimentWord": "7",
        "SentimentPolarity": "1"
      },
      {
        "Aspect": "색상",
        "SentimentText": "아쉬운 건 실물 색상이 더 칙칙해보여요~",
        "SentimentWord": "6",
        "SentimentPolarity": "-1"
      }
    ]
  },
  {
    "Index": "45053",
    "RawText": "용량도 적당해서 사용하기 나쁘지 않습니다. 제습도 잘되고 성능이 좋은것같아서 만족해요",
    "Source": "쇼핑몰",
    "Domain": "가전",
    "MainCategory": "계절가전",
    "ProductName": "휘센 LG전자 DQ160PPBC",
    "ReviewScore": "5",
    "Syllable": "47",
    "Word": "10",
    "RDate": "20210729",
    "GeneralPolarity": "1",
    "Aspects": [
      {
        "Aspect": "용량",
        "SentimentText": "용량도 적당해서 사용하기 나쁘지 않습니다.",
        "SentimentWord": "5",
        "SentimentPolarity": "1"
      },
      {
        "Aspect": "기능",
        "SentimentText": "제습도 잘되고 성능이 좋은것같아서 만족해요",
        "SentimentWord": "5",
        "SentimentPolarity": "1"
      }
    ]
  },
  {
    "Index": "45054",
    "RawText": "색상이 파스텔 톤이라 더 예쁜 거 같아요. 제습 기능도 너무 좋아서 빨래도 잘 마르네요. 역시 가전제품은 ooo이 최고입니다~ 단점은 타 제품보다 비싸다는 점~ㅠ",
    "Source": "쇼핑몰",
    "Domain": "가전",
    "MainCategory": "계절가전",
    "ProductName": "휘센 LG전자 DQ160PPBC",
    "ReviewScore": "5",
    "Syllable": "90",
    "Word": "23",
    "RDate": "20200728",
    "GeneralPolarity": "0",
    "Aspects": [
      {
        "Aspect": "색상",
        "SentimentText": "색상이 파스텔 톤이라 더 예쁜 거 같아요. ",
        "SentimentWord": "7",
        "SentimentPolarity": "1"
      },
      {
        "Aspect": "기능",
        "SentimentText": "제습 기능도 너무 좋아서 빨래도 잘 마르네요",
        "SentimentWord": "7",
        "SentimentPolarity": "1"
      },
      {
        "Aspect": "제조일/제조사",
        "SentimentText": "역시 가전제품은 ooo이 최고입니다~",
        "SentimentWord": "4",
        "SentimentPolarity": "1"
      },
      {
        "Aspect": "가격",
        "SentimentText": "단점은 타 제품보다 비싸다는 점~ㅠ",
        "SentimentWord": "5",
        "SentimentPolarity": "-1"
      }
    ]
  },
  {
    "Index": "45055",
    "RawText": "소음이 없고 조용해서 좋습니다 그리고 기능중 저소음모드 확실히 조용하고 성능이 만족스러워요",
    "Source": "쇼핑몰",
    "Domain": "가전",
    "MainCategory": "계절가전",
    "ProductName": "휘센 LG전자 DQ160PPBC",
    "ReviewScore": "5",
    "Syllable": "50",
    "Word": "11",
    "RDate": "20211228",
    "GeneralPolarity": "1",
    "Aspects": [
      {
        "Aspect": "소음",
        "SentimentText": "소음이 없고 조용해서 좋습니다 ",
        "SentimentWord": "4",
        "SentimentPolarity": "1"
      },
      {
        "Aspect": "기능",
        "SentimentText": "그리고 기능중 저소음모드 확실히 조용하고 성능이 만족스러워요",
        "SentimentWord": "7",
        "SentimentPolarity": "1"
      }
    ]
  },
  {
    "Index": "45056",
    "RawText": "가전제품은 역시 ooo 따라 올 브랜드가 없어요 만족합니다. 디자인도 예쁘고, 소음도 거의 없어서 아주 마음에 듭니다.",
    "Source": "쇼핑몰",
    "Domain": "가전",
    "MainCategory": "계절가전",
    "ProductName": "휘센 LG전자 DQ160PPBC",
    "ReviewScore": "5",
    "Syllable": "66",
    "Word": "16",
    "RDate": "20200325",
    "GeneralPolarity": "1",
    "Aspects": [
      {
        "Aspect": "제조일/제조사",
        "SentimentText": "가전제품은 역시 ooo 따라 올 브랜드가 없어요 만족합니다.",
        "SentimentWord": "8",
        "SentimentPolarity": "1"
      },
      {
        "Aspect": "디자인",
        "SentimentText": "디자인도 예쁘고, ",
        "SentimentWord": "2",
        "SentimentPolarity": "1"
      },
      {
        "Aspect": "소음",
        "SentimentText": "소음도 거의 없어서 아주 마음에 듭니다.",
        "SentimentWord": "6",
        "SentimentPolarity": "1"
      }
    ]
  },
  {
    "Index": "45057",
    "RawText": "일단 소음이 작고 조용한편이라 만족해요 그리고 물통 비우기도 상당히 편리합니다. 굿^^",
    "Source": "쇼핑몰",
    "Domain": "가전",
    "MainCategory": "계절가전",
    "ProductName": "휘센 LG전자 DQ160PPBC",
    "ReviewScore": "4",
    "Syllable": "48",
    "Word": "11",
    "RDate": "20220725",
    "GeneralPolarity": "1",
    "Aspects": [
      {
        "Aspect": "소음",
        "SentimentText": "일단 소음이 작고 조용한편이라 만족해요",
        "SentimentWord": "5",
        "SentimentPolarity": "1"
      },
      {
        "Aspect": "편의성",
        "SentimentText": "그리고 물통 비우기도 상당히 편리합니다. 굿^^",
        "SentimentWord": "6",
        "SentimentPolarity": "1"
      }
    ]
  },
  {
    "Index": "45058",
    "RawText": "소음이 생각보다 조용해서 쓰기 좋네요. 성능도 좋아서 빨래가 아주 바짝 말라서 만족합니다~",
    "Source": "쇼핑몰",
    "Domain": "가전",
    "MainCategory": "계절가전",
    "ProductName": "휘센 LG전자 DQ160PPBC",
    "ReviewScore": "5",
    "Syllable": "50",
    "Word": "12",
    "RDate": "20200922",
    "GeneralPolarity": "1",
    "Aspects": [
      {
        "Aspect": "소음",
        "SentimentText": "소음이 생각보다 조용해서 쓰기 좋네요.",
        "SentimentWord": "5",
        "SentimentPolarity": "1"
      },
      {
        "Aspect": "기능",
        "SentimentText": "성능도 좋아서 빨래가 아주 바짝 말라서 만족합니다~",
        "SentimentWord": "7",
        "SentimentPolarity": "1"
      }
    ]
  },
  {
    "Index": "45059",
    "RawText": "인버터 방식이라 조용하고 소음도 없어서 좋습니다. 단지 저소음모드로 가동하면 거슬리는 소음이 나서 그냥 일반모드랑 잘작동하는 기능인지는 모르겠어서 아쉽네요 디자인은 깔끔하고 무난해서 만족합니다. 생각보다 크기도 커서 당황했어요 ㅜ 바퀴는 잘굴러가서 이동이 편해서 좋아요",
    "Source": "쇼핑몰",
    "Domain": "가전",
    "MainCategory": "계절가전",
    "ProductName": "휘센 LG전자 DQ160PPBC",
    "ReviewScore": "4",
    "Syllable": "150",
    "Word": "32",
    "RDate": "20200601",
    "GeneralPolarity": "0",
    "Aspects": [
      {
        "Aspect": "소음",
        "SentimentText": "인버터 방식이라 조용하고 소음도 없어서 좋습니다. ",
        "SentimentWord": "6",
        "SentimentPolarity": "1"
      },
      {
        "Aspect": "기능",
        "SentimentText": "단지 저소음모드로 가동하면 거슬리는 소음이 나서 그냥 일반모드랑 잘작동하는 기능인지는 모르겠어서 아쉽네요",
        "SentimentWord": "12",
        "SentimentPolarity": "-1"
      },
      {
        "Aspect": "디자인",
        "SentimentText": "디자인은 깔끔하고 무난해서 만족합니다",
        "SentimentWord": "4",
        "SentimentPolarity": "1"
      },
      {
        "Aspect": "사이즈",
        "SentimentText": "생각보다 크기도 커서 당황했어요 ㅜ ",
        "SentimentWord": "5",
        "SentimentPolarity": "-1"
      },
      {
        "Aspect": "편의성",
        "SentimentText": "바퀴는 잘굴러가서 이동이 편해서 좋아요",
        "SentimentWord": "5",
        "SentimentPolarity": "1"
      }
    ]
  },
  {
    "Index": "45060",
    "RawText": "모터부분은 역시 000 ~ 성능이 너무 좋고 제습력도 매우 뛰어나서 대만족입니다~~ 디자인도 깔끔해서 너무 예쁩니다.",
    "Source": "쇼핑몰",
    "Domain": "가전",
    "MainCategory": "계절가전",
    "ProductName": "휘센 LG전자 DQ160PPBC",
    "ReviewScore": "5",
    "Syllable": "65",
    "Word": "15",
    "RDate": "20220514",
    "GeneralPolarity": "1",
    "Aspects": [
      {
        "Aspect": "기능",
        "SentimentText": "모터부분은 역시 000 ~ 성능이 너무 좋고 제습력도 매우 뛰어나서 대만족입니다~~ ",
        "SentimentWord": "11",
        "SentimentPolarity": "1"
      },
      {
        "Aspect": "디자인",
        "SentimentText": "디자인도 깔끔해서 너무 예쁩니다.",
        "SentimentWord": "4",
        "SentimentPolarity": "1"
      }
    ]
  },
  {
    "Index": "45061",
    "RawText": "비싸고 할인도 없어서 사고나니 후회스러워요 ㅜ 건조시간도 전것에 비해 좀 더 걸리는 느낌이라 별로입니다.",
    "Source": "쇼핑몰",
    "Domain": "가전",
    "MainCategory": "계절가전",
    "ProductName": "휘센 LG전자 DQ160PPBC",
    "ReviewScore": "5",
    "Syllable": "58",
    "Word": "14",
    "RDate": "20200708",
    "GeneralPolarity": "-1",
    "Aspects": [
      {
        "Aspect": "가격",
        "SentimentText": "비싸고 할인도 없어서 사고나니 후회스러워요 ㅜ",
        "SentimentWord": "6",
        "SentimentPolarity": "-1"
      },
      {
        "Aspect": "시간/속도",
        "SentimentText": "건조시간도 전것에 비해 좀 더 걸리는 느낌이라 별로입니다.",
        "SentimentWord": "8",
        "SentimentPolarity": "-1"
      }
    ]
  },
  {
    "Index": "45062",
    "RawText": "습도 높을 때 스마트제습 모드로하고 빨래널고 의류건조 모드로 주로 사용하니 습도조절도 되고 성능이 아주 좋습니다. 디자인도 제가 원한 깔끔과 예쁨이 마음에 들어요 그리고 에너지소비효율1등급이라 으뜸효율 환급도 신청해서 10%환급 받아서 좋습니다.",
    "Source": "쇼핑몰",
    "Domain": "가전",
    "MainCategory": "계절가전",
    "ProductName": "휘센 LG전자 DQ160PPBC",
    "ReviewScore": "5",
    "Syllable": "137",
    "Word": "30",
    "RDate": "20200705",
    "GeneralPolarity": "1",
    "Aspects": [
      {
        "Aspect": "기능",
        "SentimentText": "습도 높을 때 스마트제습 모드로하고 빨래널고 의류건조 모드로 주로 사용하니 습도조절도 되고 성능이 아주 좋습니다.",
        "SentimentWord": "15",
        "SentimentPolarity": "1"
      },
      {
        "Aspect": "디자인",
        "SentimentText": "디자인도 제가 원한 깔끔과 예쁨이 마음에 들어요 ",
        "SentimentWord": "7",
        "SentimentPolarity": "1"
      },
      {
        "Aspect": "소비전력",
        "SentimentText": "그리고 에너지소비효율1등급이라 으뜸효율 환급도 신청해서 10%환급 받아서 좋습니다.",
        "SentimentWord": "8",
        "SentimentPolarity": "1"
      }
    ]
  },
  {
    "Index": "45063",
    "RawText": "대용량인점이 아주 마음에 들었어요 다만 커서그런지 열감도 느껴져서 아쉽네요",
    "Source": "쇼핑몰",
    "Domain": "가전",
    "MainCategory": "계절가전",
    "ProductName": "휘센 LG전자 DQ160PPBC",
    "ReviewScore": "5",
    "Syllable": "41",
    "Word": "9",
    "RDate": "20210520",
    "GeneralPolarity": "0",
    "Aspects": [
      {
        "Aspect": "용량",
        "SentimentText": "대용량인점이 아주 마음에 들었어요 ",
        "SentimentWord": "4",
        "SentimentPolarity": "1"
      },
      {
        "Aspect": "내구성",
        "SentimentText": "다만 커서그런지 열감도 느껴져서 아쉽네요",
        "SentimentWord": "5",
        "SentimentPolarity": "-1"
      }
    ]
  },
  {
    "Index": "45064",
    "RawText": "제습기 작동시 소음이 적고 부드러워서 너무 좋습니다!!! 구매후 얼마안되어 가격이 내려갔네요...너무해요ㅠ",
    "Source": "쇼핑몰",
    "Domain": "가전",
    "MainCategory": "계절가전",
    "ProductName": "휘센 LG전자 DQ160PPBC",
    "ReviewScore": "5",
    "Syllable": "59",
    "Word": "11",
    "RDate": "20210523",
    "GeneralPolarity": "0",
    "Aspects": [
      {
        "Aspect": "소음",
        "SentimentText": "제습기 작동시 소음이 적고 부드러워서 너무 좋습니다!!!",
        "SentimentWord": "7",
        "SentimentPolarity": "1"
      },
      {
        "Aspect": "가격",
        "SentimentText": "구매후 얼마안되어 가격이 내려갔네요...너무해요ㅠ",
        "SentimentWord": "4",
        "SentimentPolarity": "-1"
      }
    ]
  },
  {
    "Index": "45065",
    "RawText": "높이가 조금 낮았으면 하는 약간의 아쉬움이 남아요 그래도 기능도 다양하고 작동도 잘되어서 만족합니다.",
    "Source": "쇼핑몰",
    "Domain": "가전",
    "MainCategory": "계절가전",
    "ProductName": "휘센 LG전자 DQ160PPBC",
    "ReviewScore": "4",
    "Syllable": "56",
    "Word": "13",
    "RDate": "20201119",
    "GeneralPolarity": "0",
    "Aspects": [
      {
        "Aspect": "사이즈",
        "SentimentText": "높이가 조금 낮았으면 하는 약간의 아쉬움이 남아요 ",
        "SentimentWord": "7",
        "SentimentPolarity": "-1"
      },
      {
        "Aspect": "기능",
        "SentimentText": "그래도 기능도 다양하고 작동도 잘되어서 만족합니다.",
        "SentimentWord": "6",
        "SentimentPolarity": "1"
      }
    ]
  },
  {
    "Index": "45067",
    "RawText": "선물했는데 기능도 다양하니까 좋아하시네요 그리고 가격오르기전에 미리 구매해서 좋았어요",
    "Source": "쇼핑몰",
    "Domain": "가전",
    "MainCategory": "계절가전",
    "ProductName": "휘센 LG전자 DQ160PPBC",
    "ReviewScore": "5",
    "Syllable": "47",
    "Word": "9",
    "RDate": "20200808",
    "GeneralPolarity": "1",
    "Aspects": [
      {
        "Aspect": "기능",
        "SentimentText": "선물했는데 기능도 다양하니까 좋아하시네요 ",
        "SentimentWord": "4",
        "SentimentPolarity": "1"
      },
      {
        "Aspect": "가격",
        "SentimentText": "그리고 가격오르기전에 미리 구매해서 좋았어요 ",
        "SentimentWord": "5",
        "SentimentPolarity": "1"
      }
    ]
  },
  {
    "Index": "45068",
    "RawText": "장마철 제습효과가 아주 뛰어나고 휴대폰 연동도 잘되어 만족합니다. 다만 장말철이라 그런제 뽀송해지기까지 시간이 좀 오래걸리는것같아서 아쉽네요",
    "Source": "쇼핑몰",
    "Domain": "가전",
    "MainCategory": "계절가전",
    "ProductName": "휘센 LG전자 DQ160PPBC",
    "ReviewScore": "5",
    "Syllable": "78",
    "Word": "16",
    "RDate": "20210728",
    "GeneralPolarity": "0",
    "Aspects": [
      {
        "Aspect": "기능",
        "SentimentText": "장마철 제습효과가 아주 뛰어나고 휴대폰 연동도 잘되어 만족합니다. ",
        "SentimentWord": "8",
        "SentimentPolarity": "1"
      },
      {
        "Aspect": "시간/속도",
        "SentimentText": "다만 장말철이라 그런제 뽀송해지기까지 시간이 좀 오래걸리는것같아서 아쉽네요",
        "SentimentWord": "8",
        "SentimentPolarity": "-1"
      }
    ]
  },
  {
    "Index": "45069",
    "RawText": "에너지 효율이 1등급인데 전력 소모량은 많아서 전기세가 걱정돼요. 색상도 칙칙하니 안 예뻐요..",
    "Source": "쇼핑몰",
    "Domain": "가전",
    "MainCategory": "계절가전",
    "ProductName": "휘센 LG전자 DQ160PPBC",
    "ReviewScore": "5",
    "Syllable": "53",
    "Word": "12",
    "RDate": "20200701",
    "GeneralPolarity": "-1",
    "Aspects": [
      {
        "Aspect": "소비전력",
        "SentimentText": "에너지 효율이 1등급인데 전력 소모량은 많아서 전기세가 걱정돼요. ",
        "SentimentWord": "8",
        "SentimentPolarity": "-1"
      },
      {
        "Aspect": "색상",
        "SentimentText": "색상도 칙칙하니 안 예뻐요 ",
        "SentimentWord": "4",
        "SentimentPolarity": "-1"
      }
    ]
  },
  {
    "Index": "45070",
    "RawText": "디자인도 예쁘고 깔끔해서 좋아요 그리고 제습효과도 아주 성능이 좋습니다.",
    "Source": "쇼핑몰",
    "Domain": "가전",
    "MainCategory": "계절가전",
    "ProductName": "휘센 LG전자 DQ160PPBC",
    "ReviewScore": "5",
    "Syllable": "40",
    "Word": "9",
    "RDate": "20210221",
    "GeneralPolarity": "1",
    "Aspects": [
      {
        "Aspect": "디자인",
        "SentimentText": "디자인도 예쁘고 깔끔해서 좋아요",
        "SentimentWord": "4",
        "SentimentPolarity": "1"
      },
      {
        "Aspect": "기능",
        "SentimentText": "그리고 제습효과도 아주 성능이 좋습니다.",
        "SentimentWord": "5",
        "SentimentPolarity": "1"
      }
    ]
  },
  {
    "Index": "45071",
    "RawText": "제습기 이동시 바퀴와 손잡이가 있어서 사용하기 너무 편리해요. 기존 제습기 소음보다 확실히 소음이 줄어서 조용해요. 그런데 물통 크기가 생각보다 좀 작아서 별로네요 ㅜ ",
    "Source": "쇼핑몰",
    "Domain": "가전",
    "MainCategory": "계절가전",
    "ProductName": "휘센 LG전자 DQ160PPBC",
    "ReviewScore": "5",
    "Syllable": "94",
    "Word": "23",
    "RDate": "20200710",
    "Aspects": [
      {
        "Aspect": "편의성",
        "SentimentText": "제습기 이동시 바퀴와 손잡이가 있어서 사용하기 너무 편리해요. ",
        "SentimentWord": "8",
        "SentimentPolarity": "1"
      },
      {
        "Aspect": "소음",
        "SentimentText": "기존 제습기 소음보다 확실히 소음이 줄어서 조용해요.",
        "SentimentWord": "7",
        "SentimentPolarity": "1"
      },
      {
        "Aspect": "용량",
        "SentimentText": "그런데 물통 크기가 생각보다 좀 작아서 별로네요 ㅜ",
        "SentimentWord": "8",
        "SentimentPolarity": "-1"
      }
    ]
  },
  {
    "Index": "45073",
    "RawText": "작동도 아주 잘되고 기능도 많아서 만족합니다. 품질도 이상이 없고 불량없이 퀄리티가 좋아요",
    "Source": "쇼핑몰",
    "Domain": "가전",
    "MainCategory": "계절가전",
    "ProductName": "휘센 LG전자 DQ160PPBC",
    "ReviewScore": "5",
    "Syllable": "50",
    "Word": "12",
    "RDate": "20210726",
    "GeneralPolarity": "1",
    "Aspects": [
      {
        "Aspect": "기능",
        "SentimentText": "작동도 아주 잘되고 기능도 많아서 만족합니다. ",
        "SentimentWord": "6",
        "SentimentPolarity": "1"
      },
      {
        "Aspect": "품질",
        "SentimentText": "품질도 이상이 없고 불량없이 퀄리티가 좋아요 ",
        "SentimentWord": "6",
        "SentimentPolarity": "1"
      }
    ]
  },
  {
    "Index": "45074",
    "RawText": "소음없이 소리가 조용한게 제일 좋았어요 다만 좀 더 큰걸살껄 용량이 생각보다 작아서 아쉽네요",
    "Source": "쇼핑몰",
    "Domain": "가전",
    "MainCategory": "계절가전",
    "ProductName": "휘센 LG전자 DQ160PPBC",
    "ReviewScore": "5",
    "Syllable": "51",
    "Word": "13",
    "RDate": "20210528",
    "GeneralPolarity": "0",
    "Aspects": [
      {
        "Aspect": "소음",
        "SentimentText": "소음없이 소리가 조용한게 제일 좋았어요 ",
        "SentimentWord": "5",
        "SentimentPolarity": "1"
      },
      {
        "Aspect": "용량",
        "SentimentText": "다만 좀 더 큰걸살껄 용량이 생각보다 작아서 아쉽네요",
        "SentimentWord": "8",
        "SentimentPolarity": "-1"
      }
    ]
  },
  {
    "Index": "45075",
    "RawText": "무게가 상당합니다.. 엄청 무겁네요. 그래도 바퀴가 달려 있어서 이동은 편리하고요. 소음은 거의 없어서 좋네요.",
    "Source": "쇼핑몰",
    "Domain": "가전",
    "MainCategory": "계절가전",
    "ProductName": "휘센 LG전자 DQ160PPBC",
    "ReviewScore": "5",
    "Syllable": "62",
    "Word": "14",
    "RDate": "20210226",
    "GeneralPolarity": "0",
    "Aspects": [
      {
        "Aspect": "무게",
        "SentimentText": "무게가 상당합니다.. 엄청 무겁네요. ",
        "SentimentWord": "4",
        "SentimentPolarity": "-1"
      },
      {
        "Aspect": "편의성",
        "SentimentText": "그래도 바퀴가 달려 있어서 이동은 편리하고요.",
        "SentimentWord": "6",
        "SentimentPolarity": "1"
      },
      {
        "Aspect": "소음",
        "SentimentText": "소음은 거의 없어서 좋네요.",
        "SentimentWord": "4",
        "SentimentPolarity": "1"
      }
    ]
  },
  {
    "Index": "45076",
    "RawText": "모양도 이쁘고 깔끔해서 아주 좋아요 물이 차는걸 보니 성능이 상당히 좋은것같아서 마음에 들어요",
    "Source": "쇼핑몰",
    "Domain": "가전",
    "MainCategory": "계절가전",
    "ProductName": "휘센 LG전자 DQ160PPBC",
    "ReviewScore": "5",
    "Syllable": "52",
    "Word": "13",
    "RDate": "20200905",
    "GeneralPolarity": "1",
    "Aspects": [
      {
        "Aspect": "디자인",
        "SentimentText": "모양도 이쁘고 깔끔해서 아주 좋아요",
        "SentimentWord": "5",
        "SentimentPolarity": "1"
      },
      {
        "Aspect": "기능",
        "SentimentText": "물이 차는걸 보니 성능이 상당히 좋은것같아서 마음에 들어요 ",
        "SentimentWord": "8",
        "SentimentPolarity": "1"
      }
    ]
  },
  {
    "Index": "45077",
    "RawText": "ooo 제습기가 제일 좋아요~ 선물도 했습니다. 아쉬운 건 무게가 너무 무겁네요~",
    "Source": "쇼핑몰",
    "Domain": "가전",
    "MainCategory": "계절가전",
    "ProductName": "휘센 LG전자 DQ160PPBC",
    "ReviewScore": "5",
    "Syllable": "45",
    "Word": "11",
    "RDate": "20200806",
    "GeneralPolarity": "0",
    "Aspects": [
      {
        "Aspect": "제조일/제조사",
        "SentimentText": "ooo 제습기가 제일 좋아요~ 선물도 했습니다.",
        "SentimentWord": "6",
        "SentimentPolarity": "1"
      },
      {
        "Aspect": "무게",
        "SentimentText": "아쉬운 건 무게가 너무 무겁네요~",
        "SentimentWord": "5",
        "SentimentPolarity": "-1"
      }
    ]
  },
  {
    "Index": "45078",
    "RawText": "조용하고 소음이 약해서 아주 만족합니다. 다만 물빼는 곳이 퍽퍽해서 좀 불편하네요 그리고 물받는곳이 플라스틱이라 잘 깨질것같은 느낌이라 아쉽네요",
    "Source": "쇼핑몰",
    "Domain": "가전",
    "MainCategory": "계절가전",
    "ProductName": "휘센 LG전자 DQ160PPBC",
    "ReviewScore": "5",
    "Syllable": "80",
    "Word": "18",
    "RDate": "20210118",
    "GeneralPolarity": "-1",
    "Aspects": [
      {
        "Aspect": "소음",
        "SentimentText": "조용하고 소음이 약해서 아주 만족합니다.",
        "SentimentWord": "5",
        "SentimentPolarity": "1"
      },
      {
        "Aspect": "편의성",
        "SentimentText": "다만 물빼는 곳이 퍽퍽해서 좀 불편하네요 ",
        "SentimentWord": "6",
        "SentimentPolarity": "-1"
      },
      {
        "Aspect": "소재",
        "SentimentText": "그리고 물받는곳이 플라스틱이라 잘 깨질것같은 느낌이라 아쉽네요 ",
        "SentimentWord": "7",
        "SentimentPolarity": "-1"
      }
    ]
  },
  {
    "Index": "45079",
    "RawText": "가격이 많이 비싸서 아쉬워요. 그래도 바퀴가 있어서 이동하기 편리해서 좋아요. 주변에서 왜 ooo 가전이 제일 좋다고 하는지 알 것 같아요 최고~",
    "Source": "쇼핑몰",
    "Domain": "가전",
    "MainCategory": "계절가전",
    "ProductName": "휘센 LG전자 DQ160PPBC",
    "ReviewScore": "5",
    "Syllable": "81",
    "Word": "21",
    "RDate": "20210609",
    "GeneralPolarity": "0",
    "Aspects": [
      {
        "Aspect": "가격",
        "SentimentText": "가격이 많이 비싸서 아쉬워요. ",
        "SentimentWord": "4",
        "SentimentPolarity": "-1"
      },
      {
        "Aspect": "편의성",
        "SentimentText": "그래도 바퀴가 있어서 이동하기 편리해서 좋아요. ",
        "SentimentWord": "6",
        "SentimentPolarity": "1"
      },
      {
        "Aspect": "제조일/제조사",
        "SentimentText": "주변에서 왜 ooo 가전이 제일 좋다고 하는지 알 것 같아요 최고~",
        "SentimentWord": "11",
        "SentimentPolarity": "1"
      }
    ]
  },
  {
    "Index": "45080",
    "RawText": "물도 빨리차고 성능이 진짜 좋은것같아요 제품도 깔끔하고 기스하나 없이 아주 좋아요",
    "Source": "쇼핑몰",
    "Domain": "가전",
    "MainCategory": "계절가전",
    "ProductName": "휘센 LG전자 DQ160PPBC",
    "ReviewScore": "5",
    "Syllable": "45",
    "Word": "11",
    "RDate": "20210723",
    "GeneralPolarity": "1",
    "Aspects": [
      {
        "Aspect": "기능",
        "SentimentText": "물도 빨리차고 성능이 진짜 좋은것같아요",
        "SentimentWord": "5",
        "SentimentPolarity": "1"
      },
      {
        "Aspect": "품질",
        "SentimentText": "제품도 깔끔하고 기스하나 없이 아주 좋아요",
        "SentimentWord": "6",
        "SentimentPolarity": "1"
      }
    ]
  },
  {
    "Index": "45081",
    "RawText": "달달 거리는 소리가 너무 신경이 쓰입니다.. 에너지 효율은 1등급이라 전기세 걱정은 덜었습니다.",
    "Source": "쇼핑몰",
    "Domain": "가전",
    "MainCategory": "계절가전",
    "ProductName": "휘센 LG전자 DQ160PPBC",
    "ReviewScore": "5",
    "Syllable": "53",
    "Word": "12",
    "RDate": "20200721",
    "GeneralPolarity": "0",
    "Aspects": [
      {
        "Aspect": "소음",
        "SentimentText": "달달 거리는 소리가 너무 신경이 쓰입니다..",
        "SentimentWord": "6",
        "SentimentPolarity": "-1"
      },
      {
        "Aspect": "소비전력",
        "SentimentText": "에너지 효율은 1등급이라 전기세 걱정은 덜었습니다.",
        "SentimentWord": "6",
        "SentimentPolarity": "1"
      }
    ]
  },
  {
    "Index": "45082",
    "RawText": "바퀴와 손잡이가 있어 제습기 이동이 엄청 편리해서 좋아요~ 물통 사이즈도 적당하고 빼고 끼는게 단순해서 좋네요.",
    "Source": "쇼핑몰",
    "Domain": "가전",
    "MainCategory": "계절가전",
    "ProductName": "휘센 LG전자 DQ160PPBC",
    "ReviewScore": "5",
    "Syllable": "62",
    "Word": "15",
    "RDate": "20210728",
    "GeneralPolarity": "1",
    "Aspects": [
      {
        "Aspect": "편의성",
        "SentimentText": "바퀴와 손잡이가 있어 제습기 이동이 엄청 편리해서 좋아요~ ",
        "SentimentWord": "8",
        "SentimentPolarity": "1"
      },
      {
        "Aspect": "사이즈",
        "SentimentText": " 물통 사이즈도 적당하고 빼고 끼는게 단순해서 좋네요.",
        "SentimentWord": "7",
        "SentimentPolarity": "1"
      }
    ]
  },
  {
    "Index": "45083",
    "RawText": "가격이 다른곳에 비해 비싸서 좀 아쉬웠어요 그래도 디자인은 깔끔하고 심플해서 좋았어요 제습도 잘되고 여러기능들도 이상없이 잘 작동하고 성능은 좋은것같습니다^^",
    "Source": "쇼핑몰",
    "Domain": "가전",
    "MainCategory": "계절가전",
    "ProductName": "휘센 LG전자 DQ160PPBC",
    "ReviewScore": "5",
    "Syllable": "88",
    "Word": "19",
    "RDate": "20200711",
    "GeneralPolarity": "1",
    "Aspects": [
      {
        "Aspect": "가격",
        "SentimentText": "가격이 다른곳에 비해 비싸서 좀 아쉬웠어요",
        "SentimentWord": "6",
        "SentimentPolarity": "-1"
      },
      {
        "Aspect": "디자인",
        "SentimentText": "그래도 디자인은 깔끔하고 심플해서 좋았어요",
        "SentimentWord": "5",
        "SentimentPolarity": "1"
      },
      {
        "Aspect": "기능",
        "SentimentText": "제습도 잘되고 여러기능들도 이상없이 잘 작동하고 성능은 좋은것같습니다^^ ",
        "SentimentWord": "8",
        "SentimentPolarity": "1"
      }
    ]
  },
  {
    "Index": "45084",
    "RawText": "소음은 그럭저럭 그냥 쓸만해요. 성능은 최고에요~ 집이 금방 쾌적해지네요~",
    "Source": "쇼핑몰",
    "Domain": "가전",
    "MainCategory": "계절가전",
    "ProductName": "휘센 LG전자 DQ160PPBC",
    "ReviewScore": "5",
    "Syllable": "41",
    "Word": "9",
    "RDate": "20220627",
    "GeneralPolarity": "0",
    "Aspects": [
      {
        "Aspect": "소음",
        "SentimentText": "소음은 그럭저럭 그냥 쓸만해요. ",
        "SentimentWord": "4",
        "SentimentPolarity": "0"
      },
      {
        "Aspect": "기능",
        "SentimentText": "성능은 최고에요~ 집이 금방 쾌적해지네요~",
        "SentimentWord": "5",
        "SentimentPolarity": "1"
      }
    ]
  },
  {
    "Index": "45085",
    "RawText": "제습효과가 정말 좋은듯해요 금방 뽀송해지네요 ㅎㅎ 소리도 많이 안나고 조용하니 거슬리지도 않고 만족합니다^^",
    "Source": "쇼핑몰",
    "Domain": "가전",
    "MainCategory": "계절가전",
    "ProductName": "휘센 LG전자 DQ160PPBC",
    "ReviewScore": "5",
    "Syllable": "60",
    "Word": "13",
    "RDate": "20210628",
    "GeneralPolarity": "1",
    "Aspects": [
      {
        "Aspect": "기능",
        "SentimentText": "제습효과가 정말 좋은듯해요 금방 뽀송해지네요 ㅎㅎ",
        "SentimentWord": "6",
        "SentimentPolarity": "1"
      },
      {
        "Aspect": "소음",
        "SentimentText": "소리도 많이 안나고 조용하니 거슬리지도 않고 만족합니다^^",
        "SentimentWord": "7",
        "SentimentPolarity": "1"
      }
    ]
  },
  {
    "Index": "45086",
    "RawText": "소음이 거의 없어서 아주 만족합니다~ 디자인도 너무 예뻐서 추천해요~",
    "Source": "쇼핑몰",
    "Domain": "가전",
    "MainCategory": "계절가전",
    "ProductName": "휘센 LG전자 DQ160PPBC",
    "ReviewScore": "5",
    "Syllable": "38",
    "Word": "9",
    "RDate": "20220624",
    "GeneralPolarity": "1",
    "Aspects": [
      {
        "Aspect": "소음",
        "SentimentText": "소음이 거의 없어서 아주 만족합니다~ ",
        "SentimentWord": "5",
        "SentimentPolarity": "1"
      },
      {
        "Aspect": "디자인",
        "SentimentText": "디자인도 너무 예뻐서 추천해요~",
        "SentimentWord": "4",
        "SentimentPolarity": "1"
      }
    ]
  },
  {
    "Index": "45087",
    "RawText": "스마트 기능이 있어서 제습기랑 떨어져 있어도 작동 시킬 수 있고 좋고, 소음도 거의 없어서 좋습니다~ 단점은 물통이 생각보다 작아서 아쉽네요~",
    "Source": "쇼핑몰",
    "Domain": "가전",
    "MainCategory": "계절가전",
    "ProductName": "휘센 LG전자 DQ160PPBC",
    "ReviewScore": "4",
    "Syllable": "79",
    "Word": "20",
    "RDate": "20200724",
    "GeneralPolarity": "0",
    "Aspects": [
      {
        "Aspect": "기능",
        "SentimentText": "스마트 기능이 있어서 제습기랑 떨어져 있어도 작동 시킬 수 있고 좋고,",
        "SentimentWord": "11",
        "SentimentPolarity": "1"
      },
      {
        "Aspect": "소음",
        "SentimentText": "소음도 거의 없어서 좋습니다~ ",
        "SentimentWord": "4",
        "SentimentPolarity": "1"
      },
      {
        "Aspect": "용량",
        "SentimentText": "단점은 물통이 생각보다 작아서 아쉽네요~",
        "SentimentWord": "5",
        "SentimentPolarity": "-1"
      }
    ]
  },
  {
    "Index": "45088",
    "RawText": "제품이 예뻐요 정말 인테리어에도 손색이 없어 좋네요 그리고 기능들이 필요한 기능에 맞춰 사용하면 되니 정말 편리해서 좋아요",
    "Source": "쇼핑몰",
    "Domain": "가전",
    "MainCategory": "계절가전",
    "ProductName": "휘센 LG전자 DQ160PPBC",
    "ReviewScore": "5",
    "Syllable": "68",
    "Word": "17",
    "RDate": "20210627",
    "GeneralPolarity": "1",
    "Aspects": [
      {
        "Aspect": "디자인",
        "SentimentText": "제품이 예뻐요 정말 인테리어에도 손색이 없어 좋네요",
        "SentimentWord": "7",
        "SentimentPolarity": "1"
      },
      {
        "Aspect": "편의성",
        "SentimentText": "그리고 기능들이 필요한 기능에 맞춰 사용하면 되니 정말 편리해서 좋아요",
        "SentimentWord": "10",
        "SentimentPolarity": "1"
      }
    ]
  },
  {
    "Index": "45089",
    "RawText": "소리가 거의 없어요~ 완전 만족이에요. 성능도 좋아서 빨래가 아주 바짝 마릅니다",
    "Source": "쇼핑몰",
    "Domain": "가전",
    "MainCategory": "계절가전",
    "ProductName": "휘센 LG전자 DQ160PPBC",
    "ReviewScore": "5",
    "Syllable": "44",
    "Word": "11",
    "RDate": "20200524",
    "GeneralPolarity": "1",
    "Aspects": [
      {
        "Aspect": "소음",
        "SentimentText": "소리가 거의 없어요~ 완전 만족이에요.",
        "SentimentWord": "5",
        "SentimentPolarity": "1"
      },
      {
        "Aspect": "기능",
        "SentimentText": "성능도 좋아서 빨래가 아주 바짝 마릅니다",
        "SentimentWord": "6",
        "SentimentPolarity": "1"
      }
    ]
  },
  {
    "Index": "45090",
    "RawText": "바퀴가 있어서 이동에 편리함이 좋습니다. 여름이 아닌데도 물이 엄청나오니 성능이 좋은가봐요 ^^",
    "Source": "쇼핑몰",
    "Domain": "가전",
    "MainCategory": "계절가전",
    "ProductName": "휘센 LG전자 DQ160PPBC",
    "ReviewScore": "5",
    "Syllable": "53",
    "Word": "12",
    "RDate": "20200417",
    "GeneralPolarity": "1",
    "Aspects": [
      {
        "Aspect": "편의성",
        "SentimentText": "바퀴가 있어서 이동에 편리함이 좋습니다. ",
        "SentimentWord": "5",
        "SentimentPolarity": "1"
      },
      {
        "Aspect": "기능",
        "SentimentText": "여름이 아닌데도 물이 엄청나오니 성능이 좋은가봐요 ^^ ",
        "SentimentWord": "7",
        "SentimentPolarity": "1"
      }
    ]
  }
]