[
  {
    "Index": "43668",
    "RawText": "물통 용량이 작은데 쓰기에는 무난하네요. 제습 기능도 좋아서 집안이 뽀송해지네요.",
    "Source": "쇼핑몰",
    "Domain": "가전",
    "MainCategory": "계절가전",
    "ProductName": "뽀송 위닉스 DXAE100-JWK",
    "ReviewScore": "5",
    "Syllable": "45",
    "Word": "10",
    "RDate": "20210707",
    "GeneralPolarity": "0",
    "Aspects": [
      {
        "Aspect": "용량",
        "SentimentText": "물통 용량이 작은데 쓰기에는 무난하네요.",
        "SentimentWord": "5",
        "SentimentPolarity": "0"
      },
      {
        "Aspect": "기능",
        "SentimentText": "제습 기능도 좋아서 집안이 뽀송해지네요.",
        "SentimentWord": "5",
        "SentimentPolarity": "1"
      }
    ]
  },
  {
    "Index": "43669",
    "RawText": "최근에 만들어진 제품이라 좋네요~ 타이머 기능이 있어서 작동하고 나가면 되니까 좋습니다.",
    "Source": "쇼핑몰",
    "Domain": "가전",
    "MainCategory": "계절가전",
    "ProductName": "뽀송 위닉스 DXAE100-JWK",
    "ReviewScore": "5",
    "Syllable": "49",
    "Word": "11",
    "RDate": "20200804",
    "GeneralPolarity": "1",
    "Aspects": [
      {
        "Aspect": "제조일/제조사",
        "SentimentText": "최근에 만들어진 제품이라 좋네요~",
        "SentimentWord": "4",
        "SentimentPolarity": "1"
      },
      {
        "Aspect": "기능",
        "SentimentText": "타이머 기능이 있어서 작동하고 나가면 되니까 좋습니다. ",
        "SentimentWord": "7",
        "SentimentPolarity": "1"
      }
    ]
  },
  {
    "Index": "43670",
    "RawText": "무게가 무거운 만큼 제습력도 강해서 습한 거실이 금방 뽀송해져서 만족해요..  또 사이즈가 아담해서 보관하기 편리해서 만족스러워요..",
    "Source": "쇼핑몰",
    "Domain": "가전",
    "MainCategory": "계절가전",
    "ProductName": "뽀송 위닉스 DXAE100-JWK",
    "ReviewScore": "5",
    "Syllable": "74",
    "Word": "16",
    "RDate": "20200609",
    "GeneralPolarity": "1",
    "Aspects": [
      {
        "Aspect": "기능",
        "SentimentText": "무게가 무거운 만큼 제습력도 강해서 습한 거실이 금방 뽀송해져서 만족해요.. ",
        "SentimentWord": "10",
        "SentimentPolarity": "1"
      },
      {
        "Aspect": "사이즈",
        "SentimentText": "또 사이즈가 아담해서 보관하기 편리해서 만족스러워요.. ",
        "SentimentWord": "6",
        "SentimentPolarity": "1"
      }
    ]
  },
  {
    "Index": "43671",
    "RawText": "바퀴가 달려서 옮기기 편하네요~ 기능도 다양해서 상황에 맞춰 쓰면 되니까 좋아요",
    "Source": "쇼핑몰",
    "Domain": "가전",
    "MainCategory": "계절가전",
    "ProductName": "뽀송 위닉스 DXAE100-JWK",
    "ReviewScore": "5",
    "Syllable": "44",
    "Word": "11",
    "RDate": "20210705",
    "GeneralPolarity": "1",
    "Aspects": [
      {
        "Aspect": "편의성",
        "SentimentText": "바퀴가 달려서 옮기기 편하네요~",
        "SentimentWord": "4",
        "SentimentPolarity": "1"
      },
      {
        "Aspect": "기능",
        "SentimentText": "기능도 다양해서 상황에 맞춰 쓰면 되니까 좋아요 ",
        "SentimentWord": "7",
        "SentimentPolarity": "1"
      }
    ]
  },
  {
    "Index": "43673",
    "RawText": "가격이 착해서 아주 마음에 듭니다~ ooo는 제품이 좋아서 믿고 구매해요~",
    "Source": "쇼핑몰",
    "Domain": "가전",
    "MainCategory": "계절가전",
    "ProductName": "뽀송 위닉스 DXAE100-JWK",
    "ReviewScore": "5",
    "Syllable": "41",
    "Word": "10",
    "RDate": "20210620",
    "GeneralPolarity": "1",
    "Aspects": [
      {
        "Aspect": "가격",
        "SentimentText": "가격이 착해서 아주 마음에 듭니다~",
        "SentimentWord": "5",
        "SentimentPolarity": "1"
      },
      {
        "Aspect": "제조일/제조사",
        "SentimentText": "ooo는 제품이 좋아서 믿고 구매해요~",
        "SentimentWord": "5",
        "SentimentPolarity": "1"
      }
    ]
  },
  {
    "Index": "43674",
    "RawText": "예전 모델도 지금까지 잘 사용 중입니다~ 그때 OOO제품에 대한 신뢰가 생겨서 이번 모델도 구입했는데 넘 만족해요^^ 그리고 할인 덕분에 싼 가격에 사서 더욱 좋았네요~",
    "Source": "쇼핑몰",
    "Domain": "가전",
    "MainCategory": "계절가전",
    "ProductName": "뽀송 위닉스 DXAE100-JWK",
    "ReviewScore": "5",
    "Syllable": "94",
    "Word": "24",
    "RDate": "20220628",
    "GeneralPolarity": "1",
    "Aspects": [
      {
        "Aspect": "제조일/제조사",
        "SentimentText": "예전 모델도 지금까지 잘 사용 중입니다~ 그때 OOO제품에 대한 신뢰가 생겨서 이번 모델도 구입했는데 넘 만족해요^^ ",
        "SentimentWord": "16",
        "SentimentPolarity": "1"
      },
      {
        "Aspect": "가격",
        "SentimentText": "그리고 할인 덕분에 싼 가격에 사서 더욱 좋았네요~",
        "SentimentWord": "8",
        "SentimentPolarity": "1"
      }
    ]
  },
  {
    "Index": "43675",
    "RawText": "착한 가격에 구매할 수 있어서 기분이 좋네요~ 색상은 칙칙해서 아쉽습니다.",
    "Source": "쇼핑몰",
    "Domain": "가전",
    "MainCategory": "계절가전",
    "ProductName": "뽀송 위닉스 DXAE100-JWK",
    "ReviewScore": "4",
    "Syllable": "41",
    "Word": "10",
    "RDate": "20210106",
    "GeneralPolarity": "0",
    "Aspects": [
      {
        "Aspect": "가격",
        "SentimentText": "착한 가격에 구매할 수 있어서 기분이 좋네요~",
        "SentimentWord": "7",
        "SentimentPolarity": "1"
      },
      {
        "Aspect": "색상",
        "SentimentText": "색상은 칙칙해서 아쉽습니다.",
        "SentimentWord": "3",
        "SentimentPolarity": "-1"
      }
    ]
  },
  {
    "Index": "43676",
    "RawText": "성능이 좋아서 물이 금방 차고, 뽀송해져서 기분이 좋아요~! 역시 oo제습기 유명한 이유가 있었네요~!!",
    "Source": "쇼핑몰",
    "Domain": "가전",
    "MainCategory": "계절가전",
    "ProductName": "뽀송 위닉스 DXAE100-JWK",
    "ReviewScore": "5",
    "Syllable": "58",
    "Word": "13",
    "RDate": "20210815",
    "GeneralPolarity": "1",
    "Aspects": [
      {
        "Aspect": "기능",
        "SentimentText": "성능이 좋아서 물이 금방 차고, 뽀송해져서 기분이 좋아요~!",
        "SentimentWord": "8",
        "SentimentPolarity": "1"
      },
      {
        "Aspect": "제조일/제조사",
        "SentimentText": "역시 oo제습기 유명한 이유가 있었네요~!!",
        "SentimentWord": "5",
        "SentimentPolarity": "1"
      }
    ]
  },
  {
    "Index": "43677",
    "RawText": "성능 진짜 좋아요. 습도가 쭉쭉 떨어지네요~ 단점은 에너지 효율이 3등급이라 하루 종일 틀어 놔서 전기세가 걱정되네요~",
    "Source": "쇼핑몰",
    "Domain": "가전",
    "MainCategory": "계절가전",
    "ProductName": "뽀송 위닉스 DXAE100-JWK",
    "ReviewScore": "5",
    "Syllable": "66",
    "Word": "16",
    "RDate": "20210609",
    "GeneralPolarity": "0",
    "Aspects": [
      {
        "Aspect": "기능",
        "SentimentText": "성능 진짜 좋아요. 습도가 쭉쭉 떨어지네요~",
        "SentimentWord": "6",
        "SentimentPolarity": "1"
      },
      {
        "Aspect": "소비전력",
        "SentimentText": "단점은 에너지 효율이 3등급이라 하루 종일 틀어 놔서 전기세가 걱정되네요~",
        "SentimentWord": "10",
        "SentimentPolarity": "-1"
      }
    ]
  },
  {
    "Index": "43678",
    "RawText": "기능 좋아요. 집이 진짜 습한데 이거 쓰고 뽀송해졌어요. 색상도 흰색이라 집안 분위기랑 잘 어울립니다",
    "Source": "쇼핑몰",
    "Domain": "가전",
    "MainCategory": "계절가전",
    "ProductName": "뽀송 위닉스 DXAE100-JWK",
    "ReviewScore": "5",
    "Syllable": "56",
    "Word": "14",
    "RDate": "20201002",
    "GeneralPolarity": "1",
    "Aspects": [
      {
        "Aspect": "기능",
        "SentimentText": "기능 좋아요. 집이 진짜 습한데 이거 쓰고 뽀송해졌어요.",
        "SentimentWord": "8",
        "SentimentPolarity": "1"
      },
      {
        "Aspect": "색상",
        "SentimentText": "색상도 흰색이라 집안 분위기랑 잘 어울립니다",
        "SentimentWord": "6",
        "SentimentPolarity": "1"
      }
    ]
  },
  {
    "Index": "43679",
    "RawText": "제습 기능 마음에 들어요 집이 엄청 습한데 뽀송해져서 좋아요 ~~ ooo는 믿고 구매하는 브랜드입니다",
    "Source": "쇼핑몰",
    "Domain": "가전",
    "MainCategory": "계절가전",
    "ProductName": "뽀송 위닉스 DXAE100-JWK",
    "ReviewScore": "5",
    "Syllable": "56",
    "Word": "14",
    "RDate": "20210929",
    "GeneralPolarity": "1",
    "Aspects": [
      {
        "Aspect": "기능",
        "SentimentText": "제습 기능 마음에 들어요 ",
        "SentimentWord": "4",
        "SentimentPolarity": "1"
      },
      {
        "Aspect": "제조일/제조사",
        "SentimentText": "ooo는 믿고 구매하는 브랜드입니다",
        "SentimentWord": "4",
        "SentimentPolarity": "1"
      }
    ]
  },
  {
    "Index": "43680",
    "RawText": "그저 선풍기 한대 틀어놓은 정도의 소음이라 만족해요. 무거워서 들때 힘을 많이 써야해서 조금 힘들어요. 바퀴가 있어서 이동은 편리합니다.",
    "Source": "쇼핑몰",
    "Domain": "가전",
    "MainCategory": "계절가전",
    "ProductName": "뽀송 위닉스 DXAE100-JWK",
    "ReviewScore": "5",
    "Syllable": "76",
    "Word": "18",
    "RDate": "20210521",
    "GeneralPolarity": "1",
    "Aspects": [
      {
        "Aspect": "소음",
        "SentimentText": "그저 선풍기 한대 틀어놓은 정도의 소음이라 만족해요. ",
        "SentimentWord": "7",
        "SentimentPolarity": "1"
      },
      {
        "Aspect": "무게",
        "SentimentText": "무거워서 들때 힘을 많이 써야해서 조금 힘들어요.",
        "SentimentWord": "7",
        "SentimentPolarity": "-1"
      },
      {
        "Aspect": "편의성",
        "SentimentText": "바퀴가 있어서 이동은 편리합니다.",
        "SentimentWord": "4",
        "SentimentPolarity": "1"
      }
    ]
  },
  {
    "Index": "43681",
    "RawText": "에너지 효율이 3등급이라 전기세 많이 나올까봐 걱정되네요. 그래도 성능은 좋아서 빨래가 바짝 잘 말라요.",
    "Source": "쇼핑몰",
    "Domain": "가전",
    "MainCategory": "계절가전",
    "ProductName": "뽀송 위닉스 DXAE100-JWK",
    "ReviewScore": "5",
    "Syllable": "58",
    "Word": "14",
    "RDate": "20220313",
    "GeneralPolarity": "0",
    "Aspects": [
      {
        "Aspect": "소비전력",
        "SentimentText": "에너지 효율이 3등급이라 전기세 많이 나올까봐 걱정되네요.",
        "SentimentWord": "7",
        "SentimentPolarity": "-1"
      },
      {
        "Aspect": "기능",
        "SentimentText": "그래도 성능은 좋아서 빨래가 바짝 잘 말라요.",
        "SentimentWord": "7",
        "SentimentPolarity": "1"
      }
    ]
  },
  {
    "Index": "43683",
    "RawText": "물통 비우기 편하게 되어 있어서 좋아요. 만수 되면 저절로 꺼지는 기능도 아주 마음에 듭니다.",
    "Source": "쇼핑몰",
    "Domain": "가전",
    "MainCategory": "계절가전",
    "ProductName": "뽀송 위닉스 DXAE100-JWK",
    "ReviewScore": "5",
    "Syllable": "52",
    "Word": "14",
    "RDate": "20210728",
    "GeneralPolarity": "1",
    "Aspects": [
      {
        "Aspect": "편의성",
        "SentimentText": "물통 비우기 편하게 되어 있어서 좋아요. ",
        "SentimentWord": "6",
        "SentimentPolarity": "1"
      },
      {
        "Aspect": "기능",
        "SentimentText": "만수 되면 저절로 꺼지는 기능도 아주 마음에 듭니다.",
        "SentimentWord": "8",
        "SentimentPolarity": "1"
      }
    ]
  },
  {
    "Index": "43684",
    "RawText": "오래된 아이보리 색상이 촌스럽습니다. 그래도 물통 용량이 커서 쓰기 아주 좋습니다.",
    "Source": "쇼핑몰",
    "Domain": "가전",
    "MainCategory": "계절가전",
    "ProductName": "뽀송 위닉스 DXAE100-JWK",
    "ReviewScore": "5",
    "Syllable": "46",
    "Word": "11",
    "RDate": "20210412",
    "GeneralPolarity": "0",
    "Aspects": [
      {
        "Aspect": "색상",
        "SentimentText": "오래된 아이보리 색상이 촌스럽습니다.",
        "SentimentWord": "4",
        "SentimentPolarity": "-1"
      },
      {
        "Aspect": "용량",
        "SentimentText": "물통 용량이 커서 쓰기 아주 좋습니다.",
        "SentimentWord": "6",
        "SentimentPolarity": "1"
      }
    ]
  },
  {
    "Index": "43685",
    "RawText": "소음이 커서 조금 신경 쓰이네요~ 물통 용량은 생각보다 작아서 금방 차서 버려야 돼서 귀찮네요.. 큰 걸로 살걸..",
    "Source": "쇼핑몰",
    "Domain": "가전",
    "MainCategory": "계절가전",
    "ProductName": "뽀송 위닉스 DXAE100-JWK",
    "ReviewScore": "5",
    "Syllable": "64",
    "Word": "17",
    "RDate": "20210316",
    "GeneralPolarity": "-1",
    "Aspects": [
      {
        "Aspect": "소음",
        "SentimentText": "소음이 커서 조금 신경 쓰이네요~",
        "SentimentWord": "5",
        "SentimentPolarity": "-1"
      },
      {
        "Aspect": "용량",
        "SentimentText": "물통 용량은 생각보다 작아서 금방 차서 버려야 돼서 귀찮네요.. 큰 걸로 살걸..",
        "SentimentWord": "12",
        "SentimentPolarity": "-1"
      }
    ]
  },
  {
    "Index": "43686",
    "RawText": "디자인이 귀엽고 예쁘네요. 작동할 때 소음도 거의 없어서 만족하며 쓰고 있습니다^^",
    "Source": "쇼핑몰",
    "Domain": "가전",
    "MainCategory": "계절가전",
    "ProductName": "뽀송 위닉스 DXAE100-JWK",
    "ReviewScore": "5",
    "Syllable": "46",
    "Word": "11",
    "RDate": "20210702",
    "GeneralPolarity": "1",
    "Aspects": [
      {
        "Aspect": "디자인",
        "SentimentText": "디자인이 귀엽고 예쁘네요. ",
        "SentimentWord": "3",
        "SentimentPolarity": "1"
      },
      {
        "Aspect": "소음",
        "SentimentText": "작동할 때 소음도 거의 없어서 만족하며 쓰고 있습니다^^",
        "SentimentWord": "8",
        "SentimentPolarity": "1"
      }
    ]
  },
  {
    "Index": "43687",
    "RawText": "사이즈가 조그마해서 방에 쏙 들어갑니다^^ 제습 효과가 뛰어나서 비오는 날 세탁건조가 정말 잘 되네요ㅎㅎ",
    "Source": "쇼핑몰",
    "Domain": "가전",
    "MainCategory": "계절가전",
    "ProductName": "뽀송 위닉스 DXAE100-JWK",
    "ReviewScore": "5",
    "Syllable": "58",
    "Word": "14",
    "RDate": "20210604",
    "GeneralPolarity": "1",
    "Aspects": [
      {
        "Aspect": "사이즈",
        "SentimentText": "사이즈가 조그마해서 방에 쏙 들어갑니다^^ ",
        "SentimentWord": "5",
        "SentimentPolarity": "1"
      },
      {
        "Aspect": "기능",
        "SentimentText": " 제습 효과가 뛰어나서 비오는 날 세탁건조가 정말 잘 되네요ㅎㅎ",
        "SentimentWord": "9",
        "SentimentPolarity": "1"
      }
    ]
  },
  {
    "Index": "43688",
    "RawText": "빨래 건조시킬때 제품 켜놓으면 빨래도 베란다도 금방 뽀송해져서 만족스러워요..  적은 용량의 제품이라 제품 무게가 가벼워서 휴대하기 매우 편리해서 마음에 들어요..",
    "Source": "쇼핑몰",
    "Domain": "가전",
    "MainCategory": "계절가전",
    "ProductName": "뽀송 위닉스 DXAE100-JWK",
    "ReviewScore": "5",
    "Syllable": "91",
    "Word": "20",
    "RDate": "20210524",
    "GeneralPolarity": "1",
    "Aspects": [
      {
        "Aspect": "기능",
        "SentimentText": "빨래 건조시킬때 제품 켜놓으면 빨래도 베란다도 금방 뽀송해져서 만족스러워요.. ",
        "SentimentWord": "9",
        "SentimentPolarity": "1"
      },
      {
        "Aspect": "무게",
        "SentimentText": "적은 용량의 제품이라 제품 무게가 가벼워서 휴대하기 매우 편리해서 마음에 들어요.. ",
        "SentimentWord": "11",
        "SentimentPolarity": "1"
      }
    ]
  },
  {
    "Index": "43689",
    "RawText": "사용한지 한 달 차인데 갑자기 제습이 안 되어서 실망했어요..ㅠ 여기말고 대기업 제품 살 걸 하고 후회 중입니다..",
    "Source": "쇼핑몰",
    "Domain": "가전",
    "MainCategory": "계절가전",
    "ProductName": "뽀송 위닉스 DXAE100-JWK",
    "ReviewScore": "5",
    "Syllable": "64",
    "Word": "17",
    "RDate": "20211214",
    "GeneralPolarity": "-1",
    "Aspects": [
      {
        "Aspect": "기능",
        "SentimentText": "사용한지 한 달 차인데 갑자기 제습이 안 되어서 실망했어요..ㅠ ",
        "SentimentWord": "9",
        "SentimentPolarity": "-1"
      },
      {
        "Aspect": "제조일/제조사",
        "SentimentText": " 여기말고 대기업 제품 살 걸 하고 후회 중입니다..",
        "SentimentWord": "8",
        "SentimentPolarity": "-1"
      }
    ]
  },
  {
    "Index": "43690",
    "RawText": "불량 없는 제품으로 잘 받아서 안심했어요^^ 제습력도 훌륭해서 아주 만족스런 소비였어요~",
    "Source": "쇼핑몰",
    "Domain": "가전",
    "MainCategory": "계절가전",
    "ProductName": "뽀송 위닉스 DXAE100-JWK",
    "ReviewScore": "5",
    "Syllable": "49",
    "Word": "11",
    "RDate": "20220508",
    "GeneralPolarity": "1",
    "Aspects": [
      {
        "Aspect": "품질",
        "SentimentText": "불량 없는 제품으로 잘 받아서 안심했어요^^",
        "SentimentWord": "6",
        "SentimentPolarity": "1"
      },
      {
        "Aspect": "기능",
        "SentimentText": " 제습력도 훌륭해서 아주 만족스런 소비였어요~",
        "SentimentWord": "5",
        "SentimentPolarity": "1"
      }
    ]
  },
  {
    "Index": "43691",
    "RawText": "워낙 컴팩트한 사이즈라 장롱 안에도 넣을 수 있어 좋았네요. 뛰어난 제습 능력 덕분에 드레스룸이 뽀송해졌어요^^",
    "Source": "쇼핑몰",
    "Domain": "가전",
    "MainCategory": "계절가전",
    "ProductName": "뽀송 위닉스 DXAE100-JWK",
    "ReviewScore": "5",
    "Syllable": "62",
    "Word": "15",
    "RDate": "20210621",
    "GeneralPolarity": "1",
    "Aspects": [
      {
        "Aspect": "사이즈",
        "SentimentText": "워낙 컴팩트한 사이즈라 장롱 안에도 넣을 수 있어 좋았네요. ",
        "SentimentWord": "9",
        "SentimentPolarity": "1"
      },
      {
        "Aspect": "기능",
        "SentimentText": "뛰어난 제습 능력 덕분에 드레스룸이 뽀송해졌어요^^",
        "SentimentWord": "6",
        "SentimentPolarity": "1"
      }
    ]
  },
  {
    "Index": "43692",
    "RawText": "소음이 생각보다 크지 않아서 편하게 사용하고 있어요~ 사이즈도 적당해서 공간 차지도 거의 안 해서 좋습니다",
    "Source": "쇼핑몰",
    "Domain": "가전",
    "MainCategory": "계절가전",
    "ProductName": "뽀송 위닉스 DXAE100-JWK",
    "ReviewScore": "5",
    "Syllable": "59",
    "Word": "15",
    "RDate": "20210626",
    "GeneralPolarity": "1",
    "Aspects": [
      {
        "Aspect": "소음",
        "SentimentText": "소음이 생각보다 크지 않아서 편하게 사용하고 있어요~",
        "SentimentWord": "7",
        "SentimentPolarity": "1"
      },
      {
        "Aspect": "사이즈",
        "SentimentText": "사이즈도 적당해서 공간 차지도 거의 안 해서 좋습니다",
        "SentimentWord": "8",
        "SentimentPolarity": "1"
      }
    ]
  },
  {
    "Index": "43693",
    "RawText": "장마철임에도 제습기 덕에 상쾌한 생활을 할 수 있었습니다~ 용량이 작아서 금방금방 물이 차는 건 좀 아쉽네요",
    "Source": "쇼핑몰",
    "Domain": "가전",
    "MainCategory": "계절가전",
    "ProductName": "뽀송 위닉스 DXAE100-JWK",
    "ReviewScore": "5",
    "Syllable": "60",
    "Word": "16",
    "RDate": "20210605",
    "GeneralPolarity": "0",
    "Aspects": [
      {
        "Aspect": "편의성",
        "SentimentText": "장마철임에도 제습기 덕에 상쾌한 생활을 할 수 있었습니다~",
        "SentimentWord": "8",
        "SentimentPolarity": "1"
      },
      {
        "Aspect": "용량",
        "SentimentText": "용량이 작아서 금방금방 물이 차는 건 좀 아쉽네요",
        "SentimentWord": "8",
        "SentimentPolarity": "-1"
      }
    ]
  },
  {
    "Index": "43696",
    "RawText": "성능이 진짜 좋네요. 물통이 금세 차고 방이 뽀송뽀송해져요~ 물통 용량이 작아서 수시로 비워야 해서 큰 걸로 살걸 조금 후회됩니다.",
    "Source": "쇼핑몰",
    "Domain": "가전",
    "MainCategory": "계절가전",
    "ProductName": "뽀송 위닉스 DXAE100-JWK",
    "ReviewScore": "5",
    "Syllable": "73",
    "Word": "19",
    "RDate": "20220627",
    "GeneralPolarity": "0",
    "Aspects": [
      {
        "Aspect": "기능",
        "SentimentText": "성능이 진짜 좋네요. 물통이 금세 차고 방이 뽀송뽀송해져요~",
        "SentimentWord": "8",
        "SentimentPolarity": "1"
      },
      {
        "Aspect": "용량",
        "SentimentText": "물통 용량이 작아서 수시로 비워야 해서 큰 걸로 살걸 조금 후회됩니다.",
        "SentimentWord": "11",
        "SentimentPolarity": "-1"
      }
    ]
  },
  {
    "Index": "43697",
    "RawText": "사이즈가 크지 않아 매우 맘에 듭니다. 가격도 싸서 득템한거 같아 좋아요.",
    "Source": "쇼핑몰",
    "Domain": "가전",
    "MainCategory": "계절가전",
    "ProductName": "뽀송 위닉스 DXAE100-JWK",
    "ReviewScore": "5",
    "Syllable": "41",
    "Word": "11",
    "RDate": "20210417",
    "GeneralPolarity": "1",
    "Aspects": [
      {
        "Aspect": "사이즈",
        "SentimentText": "사이즈가 크지 않아 매우 맘에 듭니다.",
        "SentimentWord": "6",
        "SentimentPolarity": "1"
      },
      {
        "Aspect": "가격",
        "SentimentText": "가격도 싸서 득템한거 같아 좋아요. ",
        "SentimentWord": "5",
        "SentimentPolarity": "1"
      }
    ]
  },
  {
    "Index": "43698",
    "RawText": "확실히 다른 제품보다 가격이 저렴하네요~^^ 사용해보니 켜둔 걸 까먹을만큼 소음이 없어요!! 제습 기능이야 말해뭐해 당연히 잘 되고요~~",
    "Source": "쇼핑몰",
    "Domain": "가전",
    "MainCategory": "계절가전",
    "ProductName": "뽀송 위닉스 DXAE100-JWK",
    "ReviewScore": "5",
    "Syllable": "76",
    "Word": "17",
    "RDate": "20210523",
    "GeneralPolarity": "1",
    "Aspects": [
      {
        "Aspect": "가격",
        "SentimentText": "확실히 다른 제품보다 가격이 저렴하네요~^^",
        "SentimentWord": "5",
        "SentimentPolarity": "1"
      },
      {
        "Aspect": "소음",
        "SentimentText": "사용해보니 켜둔 걸 까먹을만큼 소음이 없어요!!",
        "SentimentWord": "6",
        "SentimentPolarity": "1"
      },
      {
        "Aspect": "기능",
        "SentimentText": "제습 기능이야 말해뭐해 당연히 잘 되고요~~",
        "SentimentWord": "6",
        "SentimentPolarity": "1"
      }
    ]
  },
  {
    "Index": "43700",
    "RawText": "요거 요거 기능이~~~ 빨래가 아주 잘 말라서 좋습니다~ 화이트 색상은 뭐 그냥저냥 무난하네요.",
    "Source": "쇼핑몰",
    "Domain": "가전",
    "MainCategory": "계절가전",
    "ProductName": "뽀송 위닉스 DXAE100-JWK",
    "ReviewScore": "3",
    "Syllable": "53",
    "Word": "13",
    "RDate": "20211130",
    "GeneralPolarity": "1",
    "Aspects": [
      {
        "Aspect": "기능",
        "SentimentText": "요거 요거 기능이~~~",
        "SentimentWord": "3",
        "SentimentPolarity": "1"
      },
      {
        "Aspect": "색상",
        "SentimentText": "화이트 색상은 뭐 그냥저냥 무난하네요.",
        "SentimentWord": "5",
        "SentimentPolarity": "0"
      }
    ]
  },
  {
    "Index": "43701",
    "RawText": "방바닥이 눅눅했는데 작동 시키면 금세 뽀송해져서 좋아요. 물통 용량도 방에서 쓰기에는 아주 적당합니다.",
    "Source": "쇼핑몰",
    "Domain": "가전",
    "MainCategory": "계절가전",
    "ProductName": "뽀송 위닉스 DXAE100-JWK",
    "ReviewScore": "5",
    "Syllable": "57",
    "Word": "13",
    "RDate": "20210712",
    "GeneralPolarity": "1",
    "Aspects": [
      {
        "Aspect": "기능",
        "SentimentText": "방바닥이 눅눅했는데 작동 시키면 금세 뽀송해져서 좋아요.",
        "SentimentWord": "7",
        "SentimentPolarity": "1"
      },
      {
        "Aspect": "용량",
        "SentimentText": "물통 용량도 방에서 쓰기에는 아주 적당합니다.",
        "SentimentWord": "6",
        "SentimentPolarity": "1"
      }
    ]
  },
  {
    "Index": "43702",
    "RawText": "크기가 방에서 쓰기 딱입니다! 너무 크지도 작지도 않은~ 소음은 꽤 있지만요..ㅠㅠ 그래도 제습기 덕에 여름이 한결 쾌적해졌네요~ㅎㅎ",
    "Source": "쇼핑몰",
    "Domain": "가전",
    "MainCategory": "계절가전",
    "ProductName": "뽀송 위닉스 DXAE100-JWK",
    "ReviewScore": "5",
    "Syllable": "74",
    "Word": "17",
    "RDate": "20210406",
    "GeneralPolarity": "0",
    "Aspects": [
      {
        "Aspect": "사이즈",
        "SentimentText": "크기가 방에서 쓰기 딱입니다! 너무 크지도 작지도 않은~ ",
        "SentimentWord": "8",
        "SentimentPolarity": "1"
      },
      {
        "Aspect": "소음",
        "SentimentText": "소음은 꽤 있지만요..ㅠㅠ ",
        "SentimentWord": "3",
        "SentimentPolarity": "-1"
      },
      {
        "Aspect": "편의성",
        "SentimentText": "그래도 제습기 덕에 여름이 한결 쾌적해졌네요~ㅎㅎ",
        "SentimentWord": "6",
        "SentimentPolarity": "1"
      }
    ]
  },
  {
    "Index": "43703",
    "RawText": "고민하다가 가전은 OOO 따라올 제품이 없는 것 같아서 샀는데 만족도 최상이네요~ 하루만에 빨래가 말라서 기다릴 필요도 없고요^^",
    "Source": "쇼핑몰",
    "Domain": "가전",
    "MainCategory": "계절가전",
    "ProductName": "뽀송 위닉스 DXAE100-JWK",
    "ReviewScore": "5",
    "Syllable": "72",
    "Word": "17",
    "RDate": "20210303",
    "GeneralPolarity": "1",
    "Aspects": [
      {
        "Aspect": "제조일/제조사",
        "SentimentText": "고민하다가 가전은 OOO 따라올 제품이 없는 것 같아서 샀는데 만족도 최상이네요~",
        "SentimentWord": "11",
        "SentimentPolarity": "1"
      },
      {
        "Aspect": "편의성",
        "SentimentText": "하루만에 빨래가 말라서 기다릴 필요도 없고요^^",
        "SentimentWord": "6",
        "SentimentPolarity": "1"
      }
    ]
  },
  {
    "Index": "43704",
    "RawText": "충분할 줄 알고 10리터 구매했는데 용량이 부족한 탓인지 물을 계속 버려주는 게 넘 귀찮아요ㅠ 그리고 뚜껑을 한번에 닫기 어려워서 불편합니다.. 그래도 제습 기능은 무난해서 쓸만합니다~",
    "Source": "쇼핑몰",
    "Domain": "가전",
    "MainCategory": "계절가전",
    "ProductName": "뽀송 위닉스 DXAE100-JWK",
    "ReviewScore": "5",
    "Syllable": "103",
    "Word": "25",
    "RDate": "20220628",
    "GeneralPolarity": "-1",
    "Aspects": [
      {
        "Aspect": "용량",
        "SentimentText": "충분할 줄 알고 10리터 구매했는데 용량이 부족한 탓인지 물을 계속 버려주는 게 넘 귀찮아요ㅠ",
        "SentimentWord": "14",
        "SentimentPolarity": "-1"
      },
      {
        "Aspect": "편의성",
        "SentimentText": "그리고 뚜껑을 한번에 닫기 어려워서 불편합니다..",
        "SentimentWord": "6",
        "SentimentPolarity": "-1"
      },
      {
        "Aspect": "기능",
        "SentimentText": "그래도 제습 기능은 무난해서 쓸만합니다~",
        "SentimentWord": "5",
        "SentimentPolarity": "0"
      }
    ]
  },
  {
    "Index": "43705",
    "RawText": "소음이 적어서 사용하기 좋습니다~ 10리터짜리 샀더니 수시로 물을 비워내야 하니 불편하네요",
    "Source": "쇼핑몰",
    "Domain": "가전",
    "MainCategory": "계절가전",
    "ProductName": "뽀송 위닉스 DXAE100-JWK",
    "ReviewScore": "5",
    "Syllable": "50",
    "Word": "11",
    "RDate": "20201029",
    "GeneralPolarity": "0",
    "Aspects": [
      {
        "Aspect": "소음",
        "SentimentText": "소음이 적어서 사용하기 좋습니다~ ",
        "SentimentWord": "4",
        "SentimentPolarity": "1"
      },
      {
        "Aspect": "편의성",
        "SentimentText": "10리터짜리 샀더니 수시로 물을 비워내야 하니 불편하네요",
        "SentimentWord": "7",
        "SentimentPolarity": "-1"
      }
    ]
  },
  {
    "Index": "43706",
    "RawText": "뭐니 뭐니 해도 제습기는 ooo가 최고인 듯 합니다~ 색상도 깔끔, 예쁘고 마음에 들어요",
    "Source": "쇼핑몰",
    "Domain": "가전",
    "MainCategory": "계절가전",
    "ProductName": "뽀송 위닉스 DXAE100-JWK",
    "ReviewScore": "5",
    "Syllable": "49",
    "Word": "13",
    "RDate": "20210520",
    "GeneralPolarity": "1",
    "Aspects": [
      {
        "Aspect": "제조일/제조사",
        "SentimentText": "뭐니 뭐니 해도 제습기는 ooo가 최고인 듯 합니다~ ",
        "SentimentWord": "8",
        "SentimentPolarity": "1"
      },
      {
        "Aspect": "색상",
        "SentimentText": "색상도 깔끔, 예쁘고 마음에 들어요",
        "SentimentWord": "5",
        "SentimentPolarity": "1"
      }
    ]
  },
  {
    "Index": "43707",
    "RawText": "성능이 강력해서 잠깐만 써도 뽀송해져요~ 역시 제습기는 000 따라갈 브랜드가 없네요~",
    "Source": "쇼핑몰",
    "Domain": "가전",
    "MainCategory": "계절가전",
    "ProductName": "뽀송 위닉스 DXAE100-JWK",
    "ReviewScore": "5",
    "Syllable": "48",
    "Word": "11",
    "RDate": "20220708",
    "GeneralPolarity": "1",
    "Aspects": [
      {
        "Aspect": "기능",
        "SentimentText": "성능이 강력해서 잠깐만 써도 뽀송해져요~ ",
        "SentimentWord": "5",
        "SentimentPolarity": "1"
      },
      {
        "Aspect": "제조일/제조사",
        "SentimentText": "역시 제습기는 000 따라갈 브랜드가 없네요~",
        "SentimentWord": "6",
        "SentimentPolarity": "1"
      }
    ]
  },
  {
    "Index": "43708",
    "RawText": "흰색 색상으로 구입했는데 밝은 흰색이 아니라 누래 보여서 별로 입니다. 물통 용량도 작아서 물을 금세 버려야되고 별로네요",
    "Source": "쇼핑몰",
    "Domain": "가전",
    "MainCategory": "계절가전",
    "ProductName": "뽀송 위닉스 DXAE100-JWK",
    "ReviewScore": "5",
    "Syllable": "67",
    "Word": "17",
    "RDate": "20200801",
    "GeneralPolarity": "-1",
    "Aspects": [
      {
        "Aspect": "색상",
        "SentimentText": "밝은 흰색이 아니라 누래 보여서 별로 입니다. ",
        "SentimentWord": "7",
        "SentimentPolarity": "-1"
      },
      {
        "Aspect": "용량",
        "SentimentText": "물통 용량도 작아서 물을 금세 버려야되고 별로네요",
        "SentimentWord": "7",
        "SentimentPolarity": "-1"
      }
    ]
  },
  {
    "Index": "43709",
    "RawText": "성능 굿굿!! 집이 엄청 습했는지 물통이 금세 차요. 에너지 효율이 3등급이라 전기세는 걱정되네요",
    "Source": "쇼핑몰",
    "Domain": "가전",
    "MainCategory": "계절가전",
    "ProductName": "뽀송 위닉스 DXAE100-JWK",
    "ReviewScore": "5",
    "Syllable": "54",
    "Word": "13",
    "RDate": "20200619",
    "Aspects": [
      {
        "Aspect": "기능",
        "SentimentText": "성능 굿굿!! 집이 엄청 습했는지 물통이 금세 차요.",
        "SentimentWord": "8",
        "SentimentPolarity": "1"
      },
      {
        "Aspect": "소비전력",
        "SentimentText": "에너지 효율이 3등급이라 전기세는 걱정되네요",
        "SentimentWord": "5",
        "SentimentPolarity": "-1"
      }
    ]
  },
  {
    "Index": "43710",
    "RawText": "일단 제습 기능 뛰어납니다~ 기존에 쓰던 것보다 용량이 커서 물이 많이 차니 좋네요!",
    "Source": "쇼핑몰",
    "Domain": "가전",
    "MainCategory": "계절가전",
    "ProductName": "뽀송 위닉스 DXAE100-JWK",
    "ReviewScore": "5",
    "Syllable": "47",
    "Word": "13",
    "RDate": "20210323",
    "GeneralPolarity": "1",
    "Aspects": [
      {
        "Aspect": "기능",
        "SentimentText": "일단 제습 기능 뛰어납니다~",
        "SentimentWord": "4",
        "SentimentPolarity": "1"
      },
      {
        "Aspect": "용량",
        "SentimentText": " 기존에 쓰던 것보다 용량이 커서 물이 많이 차니 좋네요!",
        "SentimentWord": "9",
        "SentimentPolarity": "1"
      }
    ]
  },
  {
    "Index": "43711",
    "RawText": "소음이 있어서 신경 쓰입니다. 그래도 제습 성능은 좋아서 빨래가 잘 말라요",
    "Source": "쇼핑몰",
    "Domain": "가전",
    "MainCategory": "계절가전",
    "ProductName": "뽀송 위닉스 DXAE100-JWK",
    "ReviewScore": "5",
    "Syllable": "41",
    "Word": "11",
    "RDate": "20220521",
    "GeneralPolarity": "0",
    "Aspects": [
      {
        "Aspect": "소음",
        "SentimentText": "소음이 있어서 신경 쓰입니다. ",
        "SentimentWord": "4",
        "SentimentPolarity": "-1"
      },
      {
        "Aspect": "기능",
        "SentimentText": "그래도 제습 성능은 좋아서 빨래가 잘 말라요",
        "SentimentWord": "7",
        "SentimentPolarity": "1"
      }
    ]
  },
  {
    "Index": "43712",
    "RawText": "역시 제습기는 ooo가 최고네요~ 저렴한 가격에 구매할 수 있어서 좋네요. 물통 용량이 작아서 불편하긴 합니다. 그리고 만수가 되면 작동을 멈추는 기능이 있어서 좋네요.",
    "Source": "쇼핑몰",
    "Domain": "가전",
    "MainCategory": "계절가전",
    "ProductName": "뽀송 위닉스 DXAE100-JWK",
    "ReviewScore": "5",
    "Syllable": "94",
    "Word": "23",
    "RDate": "20210725",
    "GeneralPolarity": "0",
    "Aspects": [
      {
        "Aspect": "제조일/제조사",
        "SentimentText": "역시 제습기는 ooo가 최고네요~",
        "SentimentWord": "4",
        "SentimentPolarity": "1"
      },
      {
        "Aspect": "가격",
        "SentimentText": "저렴한 가격에 구매할 수 있어서 좋네요.",
        "SentimentWord": "6",
        "SentimentPolarity": "1"
      },
      {
        "Aspect": "용량",
        "SentimentText": "물통 용량이 작아서 불편하긴 합니다. ",
        "SentimentWord": "5",
        "SentimentPolarity": "-1"
      },
      {
        "Aspect": "기능",
        "SentimentText": "그리고 만수가 되면 작동을 멈추는 기능이 있어서 좋네요. ",
        "SentimentWord": "8",
        "SentimentPolarity": "1"
      }
    ]
  },
  {
    "Index": "43713",
    "RawText": "장마철에 사용하려고 구입.  제습기로 제일 유명한 OOO회사라 고민하지 않고 구입했어요.. 사용해보니 역시나 너무 좋네요.  제품 외형이 군더더기 없고 전체가 아주 깔끔해서 만족스러워요.  사용해보니 제습력이 우수해 거실의 눅눅함이 금방 사라져서 마음에 듭니다.",
    "Source": "쇼핑몰",
    "Domain": "가전",
    "MainCategory": "계절가전",
    "ProductName": "뽀송 위닉스 DXAE100-JWK",
    "ReviewScore": "5",
    "Syllable": "146",
    "Word": "31",
    "RDate": "20210528",
    "GeneralPolarity": "1",
    "Aspects": [
      {
        "Aspect": "제조일/제조사",
        "SentimentText": "제습기로 제일 유명한 OOO회사라 고민하지 않고 구입했어요.. 사용해보니 역시나 너무 좋네요. ",
        "SentimentWord": "11",
        "SentimentPolarity": "1"
      },
      {
        "Aspect": "디자인",
        "SentimentText": "제품 외형이 군더더기 없고 전체가 아주 깔끔해서 만족스러워요. ",
        "SentimentWord": "8",
        "SentimentPolarity": "1"
      },
      {
        "Aspect": "기능",
        "SentimentText": "사용해보니 제습력이 우수해 거실의 눅눅함이 금방 사라져서 마음에 듭니다. ",
        "SentimentWord": "9",
        "SentimentPolarity": "1"
      }
    ]
  },
  {
    "Index": "43714",
    "RawText": "소음은 조용한 편이라 잘 사용하고 있어요~ 집이 눅눅해서 항상 켜놔야 하는데 에너지 효율이 3등급이라 전기세가 걱정되네요.",
    "Source": "쇼핑몰",
    "Domain": "가전",
    "MainCategory": "계절가전",
    "ProductName": "뽀송 위닉스 DXAE100-JWK",
    "ReviewScore": "5",
    "Syllable": "68",
    "Word": "16",
    "RDate": "20210207",
    "GeneralPolarity": "0",
    "Aspects": [
      {
        "Aspect": "소음",
        "SentimentText": "소음은 조용한 편이라 잘 사용하고 있어요~",
        "SentimentWord": "6",
        "SentimentPolarity": "1"
      },
      {
        "Aspect": "소비전력",
        "SentimentText": "집이 눅눅해서 항상 켜놔야 하는데 에너지 효율이 3등급이라 전기세가 걱정되네요.",
        "SentimentWord": "10",
        "SentimentPolarity": "-1"
      }
    ]
  },
  {
    "Index": "43715",
    "RawText": "물통 용량이 작아서 물이 금방 차요~ 버리는데 번거롭네요. 그래도 색상은 흰색이라 깔끔하고 마음에 드네요",
    "Source": "쇼핑몰",
    "Domain": "가전",
    "MainCategory": "계절가전",
    "ProductName": "뽀송 위닉스 DXAE100-JWK",
    "ReviewScore": "5",
    "Syllable": "58",
    "Word": "14",
    "RDate": "20210522",
    "GeneralPolarity": "0",
    "Aspects": [
      {
        "Aspect": "용량",
        "SentimentText": "물통 용량이 작아서 물이 금방 차요~ 버리는데 번거롭네요",
        "SentimentWord": "8",
        "SentimentPolarity": "-1"
      },
      {
        "Aspect": "색상",
        "SentimentText": "그래도 색상은 흰색이라 깔끔하고 마음에 드네요",
        "SentimentWord": "6",
        "SentimentPolarity": "1"
      }
    ]
  },
  {
    "Index": "43716",
    "RawText": "놀라운 제습기능을 보여주네요~~ 빨래가 아주 잘 마릅니다~ 아쉬운 건 색상이 누런 흰색이라 안 예뻐요 ㅠ",
    "Source": "쇼핑몰",
    "Domain": "가전",
    "MainCategory": "계절가전",
    "ProductName": "뽀송 위닉스 DXAE100-JWK",
    "ReviewScore": "5",
    "Syllable": "58",
    "Word": "15",
    "RDate": "20200928",
    "GeneralPolarity": "0",
    "Aspects": [
      {
        "Aspect": "기능",
        "SentimentText": "놀라운 제습기능을 보여주네요~~",
        "SentimentWord": "3",
        "SentimentPolarity": "1"
      },
      {
        "Aspect": "색상",
        "SentimentText": "아쉬운 건 색상이 누런 흰색이라 안 예뻐요 ㅠ",
        "SentimentWord": "8",
        "SentimentPolarity": "-1"
      }
    ]
  },
  {
    "Index": "43717",
    "RawText": "제습기 하면 OOO 최고라 생각해요. 시끄럽다더니 그럭저럭 조용한편~ 괜찮아요.",
    "Source": "쇼핑몰",
    "Domain": "가전",
    "MainCategory": "계절가전",
    "ProductName": "뽀송 위닉스 DXAE100-JWK",
    "ReviewScore": "5",
    "Syllable": "44",
    "Word": "9",
    "RDate": "20210508",
    "GeneralPolarity": "1",
    "Aspects": [
      {
        "Aspect": "제조일/제조사",
        "SentimentText": "제습기 하면 OOO 최고라 생각해요.",
        "SentimentWord": "5",
        "SentimentPolarity": "1"
      },
      {
        "Aspect": "소음",
        "SentimentText": "시끄럽다더니 그럭저럭 조용한편~ 괜찮아요. ",
        "SentimentWord": "4",
        "SentimentPolarity": "0"
      }
    ]
  },
  {
    "Index": "43718",
    "RawText": "소음이 생각보다 조용해서 마음에 들어요~ 제습기는 ooo가 진짜 최고에요~",
    "Source": "쇼핑몰",
    "Domain": "가전",
    "MainCategory": "계절가전",
    "ProductName": "뽀송 위닉스 DXAE100-JWK",
    "ReviewScore": "5",
    "Syllable": "41",
    "Word": "9",
    "RDate": "20210602",
    "GeneralPolarity": "1",
    "Aspects": [
      {
        "Aspect": "소음",
        "SentimentText": "소음이 생각보다 조용해서 마음에 들어요~",
        "SentimentWord": "5",
        "SentimentPolarity": "1"
      },
      {
        "Aspect": "제조일/제조사",
        "SentimentText": "제습기는 ooo가 진짜 최고에요~ ",
        "SentimentWord": "4",
        "SentimentPolarity": "1"
      }
    ]
  },
  {
    "Index": "43719",
    "RawText": "물통 용량이 커서 아주 만족하며 쓰고 있습니다. 가성비가 아주 좋은 제품입니다~",
    "Source": "쇼핑몰",
    "Domain": "가전",
    "MainCategory": "계절가전",
    "ProductName": "뽀송 위닉스 DXAE100-JWK",
    "ReviewScore": "5",
    "Syllable": "44",
    "Word": "11",
    "RDate": "20220806",
    "GeneralPolarity": "1",
    "Aspects": [
      {
        "Aspect": "용량",
        "SentimentText": "물통 용량이 커서 아주 만족하며 쓰고 있습니다. ",
        "SentimentWord": "7",
        "SentimentPolarity": "1"
      },
      {
        "Aspect": "가격",
        "SentimentText": "가성비가 아주 좋은 제품입니다~",
        "SentimentWord": "4",
        "SentimentPolarity": "1"
      }
    ]
  },
  {
    "Index": "43720",
    "RawText": "일일 제습 용량 10L 샀는데 적당해서 만족합니다. 소리가 없다면 거짓말이죠. 소음은 조금 있는데 견딜만해요. ^^",
    "Source": "쇼핑몰",
    "Domain": "가전",
    "MainCategory": "계절가전",
    "ProductName": "뽀송 위닉스 DXAE100-JWK",
    "ReviewScore": "5",
    "Syllable": "64",
    "Word": "15",
    "RDate": "20210711",
    "GeneralPolarity": "1",
    "Aspects": [
      {
        "Aspect": "용량",
        "SentimentText": "일일 제습 용량 10L 샀는데 적당해서 만족합니다. ",
        "SentimentWord": "7",
        "SentimentPolarity": "1"
      },
      {
        "Aspect": "소음",
        "SentimentText": "소리가 없다면 거짓말이죠. 소음은 조금 있는데 견딜만해요. ^^ ",
        "SentimentWord": "8",
        "SentimentPolarity": "0"
      }
    ]
  },
  {
    "Index": "43721",
    "RawText": "소음이 너무 시끄러워서 깜짝 놀랄 정도네요. 제습 성능은 좋은데 수면 모드와 잠금장치 기능이 없어서 아쉽네요.",
    "Source": "쇼핑몰",
    "Domain": "가전",
    "MainCategory": "계절가전",
    "ProductName": "뽀송 위닉스 DXAE100-JWK",
    "ReviewScore": "5",
    "Syllable": "61",
    "Word": "15",
    "RDate": "20210317",
    "GeneralPolarity": "-1",
    "Aspects": [
      {
        "Aspect": "소음",
        "SentimentText": "소음이 너무 시끄러워서 깜짝 놀랄 정도네요.",
        "SentimentWord": "6",
        "SentimentPolarity": "-1"
      },
      {
        "Aspect": "기능",
        "SentimentText": "제습 성능은 좋은데 수면 모드와 잠금장치 기능이 없어서 아쉽네요.",
        "SentimentWord": "9",
        "SentimentPolarity": "0"
      }
    ]
  },
  {
    "Index": "43722",
    "RawText": "물통 용량은 작지만 전혀 불편함 없이 사용하고 있어서 좋아요. 습도 표시 기능도 있고 성능도 좋아서 눅눅했던 방이 쾌적해집니다~ 좋아요",
    "Source": "쇼핑몰",
    "Domain": "가전",
    "MainCategory": "계절가전",
    "ProductName": "뽀송 위닉스 DXAE100-JWK",
    "ReviewScore": "5",
    "Syllable": "75",
    "Word": "19",
    "RDate": "20210708",
    "GeneralPolarity": "0",
    "Aspects": [
      {
        "Aspect": "용량",
        "SentimentText": "물통 용량은 작지만 전혀 불편함 없이 사용하고 있어서 좋아요.",
        "SentimentWord": "9",
        "SentimentPolarity": "0"
      },
      {
        "Aspect": "기능",
        "SentimentText": "습도 표시 기능도 있고 성능도 좋아서 눅눅했던 방이 쾌적해집니다~ 좋아요",
        "SentimentWord": "10",
        "SentimentPolarity": "1"
      }
    ]
  },
  {
    "Index": "43723",
    "RawText": "주기적으로 기계음이 있어서 신경 쓰여요... 에너지 효율도 3등급라 여름철에 계속 써야 되는데 전기세 많이 나올까 봐 걱정이네요.",
    "Source": "쇼핑몰",
    "Domain": "가전",
    "MainCategory": "계절가전",
    "ProductName": "뽀송 위닉스 DXAE100-JWK",
    "ReviewScore": "1",
    "Syllable": "72",
    "Word": "17",
    "RDate": "20220722",
    "GeneralPolarity": "-1",
    "Aspects": [
      {
        "Aspect": "소음",
        "SentimentText": "주기적으로 기계음이 있어서 신경 쓰여요...",
        "SentimentWord": "5",
        "SentimentPolarity": "-1"
      },
      {
        "Aspect": "소비전력",
        "SentimentText": "에너지 효율도 3등급라 여름철에 계속 써야 되는데 전기세 많이 나올까 봐 걱정이네요.",
        "SentimentWord": "12",
        "SentimentPolarity": "-1"
      }
    ]
  },
  {
    "Index": "43725",
    "RawText": "성능 진짜 좋네요 꿉꿉한 냄새도 사라지니깐 살 거 같아요~ 소음도 거의 없어서 밤에 돌려도 문제 없습니다. 그런데 무게가 무거워서 조금 아쉬워요.",
    "Source": "쇼핑몰",
    "Domain": "가전",
    "MainCategory": "계절가전",
    "ProductName": "뽀송 위닉스 DXAE100-JWK",
    "ReviewScore": "5",
    "Syllable": "81",
    "Word": "21",
    "RDate": "20201229",
    "GeneralPolarity": "0",
    "Aspects": [
      {
        "Aspect": "기능",
        "SentimentText": "성능 진짜 좋네요 꿉꿉한 냄새도 사라지니깐 살 거 같아요~",
        "SentimentWord": "9",
        "SentimentPolarity": "1"
      },
      {
        "Aspect": "소음",
        "SentimentText": "소음도 거의 없어서 밤에 돌려도 문제 없습니다.",
        "SentimentWord": "7",
        "SentimentPolarity": "1"
      },
      {
        "Aspect": "무게",
        "SentimentText": "그런데 무게가 무거워서 조금 아쉬워요.",
        "SentimentWord": "5",
        "SentimentPolarity": "-1"
      }
    ]
  },
  {
    "Index": "43727",
    "RawText": "작은방에서는 소리가 안나고 거실에서만 소음이 좀 크네요 그냥 쓸만 합니다. 성능도 좋아서 집안의 습기를 다 먹어버리네요 최고입니다.",
    "Source": "쇼핑몰",
    "Domain": "가전",
    "MainCategory": "계절가전",
    "ProductName": "뽀송 위닉스 DXAE100-JWK",
    "ReviewScore": "5",
    "Syllable": "73",
    "Word": "17",
    "RDate": "20201219",
    "GeneralPolarity": "0",
    "Aspects": [
      {
        "Aspect": "소음",
        "SentimentText": "작은방에서는 소리가 안나고 거실에서만 소음이 좀 크네요 그냥 쓸만 합니다.",
        "SentimentWord": "10",
        "SentimentPolarity": "0"
      },
      {
        "Aspect": "기능",
        "SentimentText": "성능도 좋아서 집안의 습기를 다 먹어버리네요 최고입니다.",
        "SentimentWord": "7",
        "SentimentPolarity": "1"
      }
    ]
  },
  {
    "Index": "43728",
    "RawText": "성능 좋아요. 꿉꿉했던 방이 금세 뽀송해져서 좋습니다~ 하루 종일 켜놔야 하는 날이면 전기세가 걱정돼요 에너지 효율이 3등급이라..",
    "Source": "쇼핑몰",
    "Domain": "가전",
    "MainCategory": "계절가전",
    "ProductName": "뽀송 위닉스 DXAE100-JWK",
    "ReviewScore": "5",
    "Syllable": "73",
    "Word": "17",
    "RDate": "20220628",
    "GeneralPolarity": "0",
    "Aspects": [
      {
        "Aspect": "기능",
        "SentimentText": "성능 좋아요. 꿉꿉했던 방이 금세 뽀송해져서 좋습니다~",
        "SentimentWord": "7",
        "SentimentPolarity": "1"
      },
      {
        "Aspect": "소비전력",
        "SentimentText": "하루 종일 켜놔야 하는 날이면 전기세가 걱정돼요 에너지 효율이 3등급이라..",
        "SentimentWord": "10",
        "SentimentPolarity": "-1"
      }
    ]
  },
  {
    "Index": "43729",
    "RawText": "시간 설정 기능이 있으니 외출할 때 틀고 나가도 걱정이 없네요. 그런데 쓰고 나면 열감이 좀 많아서 터질 까봐 무섭긴 하네요 ㅠㅠ",
    "Source": "쇼핑몰",
    "Domain": "가전",
    "MainCategory": "계절가전",
    "ProductName": "뽀송 위닉스 DXAE100-JWK",
    "ReviewScore": "5",
    "Syllable": "72",
    "Word": "21",
    "RDate": "20210730",
    "GeneralPolarity": "0",
    "Aspects": [
      {
        "Aspect": "기능",
        "SentimentText": "시간 설정 기능이 있으니 외출할 때 틀고 나가도 걱정이 없네요.",
        "SentimentWord": "10",
        "SentimentPolarity": "1"
      },
      {
        "Aspect": "내구성",
        "SentimentText": "그런데 쓰고 나면 열감이 좀 많아서 터질 까봐 무섭긴 하네요 ㅠㅠ",
        "SentimentWord": "11",
        "SentimentPolarity": "-1"
      }
    ]
  },
  {
    "Index": "43730",
    "RawText": "소음이 거의 없어서 쓰기 좋습니다~ 성능도 좋아요 물이 진짜 순식간에 채워지네요~ 집안이 쾌적해졌어요",
    "Source": "쇼핑몰",
    "Domain": "가전",
    "MainCategory": "계절가전",
    "ProductName": "뽀송 위닉스 DXAE100-JWK",
    "ReviewScore": "5",
    "Syllable": "56",
    "Word": "13",
    "RDate": "20210508",
    "GeneralPolarity": "1",
    "Aspects": [
      {
        "Aspect": "소음",
        "SentimentText": "소음이 거의 없어서 쓰기 좋습니다~",
        "SentimentWord": "5",
        "SentimentPolarity": "1"
      },
      {
        "Aspect": "기능",
        "SentimentText": "성능도 좋아요 물이 진짜 순식간에 채워지네요~ 집안이 쾌적해졌어요",
        "SentimentWord": "8",
        "SentimentPolarity": "1"
      }
    ]
  },
  {
    "Index": "43731",
    "RawText": "바퀴가있어 이동이 쉽고 편해요. 자동 제습기능으로 습도가 잘 조절되어 좋습니다. 가격이 싸서 기분 최고~",
    "Source": "쇼핑몰",
    "Domain": "가전",
    "MainCategory": "계절가전",
    "ProductName": "뽀송 위닉스 DXAE100-JWK",
    "ReviewScore": "5",
    "Syllable": "58",
    "Word": "14",
    "RDate": "20201020",
    "GeneralPolarity": "1",
    "Aspects": [
      {
        "Aspect": "편의성",
        "SentimentText": "바퀴가있어 이동이 쉽고 편해요.",
        "SentimentWord": "4",
        "SentimentPolarity": "1"
      },
      {
        "Aspect": "기능",
        "SentimentText": "자동 제습기능으로 습도가 잘 조절되어 좋습니다.",
        "SentimentWord": "6",
        "SentimentPolarity": "1"
      },
      {
        "Aspect": "가격",
        "SentimentText": "가격이 싸서 기분 최고~",
        "SentimentWord": "4",
        "SentimentPolarity": "1"
      }
    ]
  },
  {
    "Index": "43732",
    "RawText": "물통 용량이 진짜 10리터는 아니라서 실망했습니다..ㅠㅠ 그래도 제습 잘 되니 만족하며 사용 중입니당",
    "Source": "쇼핑몰",
    "Domain": "가전",
    "MainCategory": "계절가전",
    "ProductName": "뽀송 위닉스 DXAE100-JWK",
    "ReviewScore": "5",
    "Syllable": "56",
    "Word": "13",
    "RDate": "20201021",
    "GeneralPolarity": "0",
    "Aspects": [
      {
        "Aspect": "용량",
        "SentimentText": "물통 용량이 진짜 10리터는 아니라서 실망했습니다..ㅠㅠ ",
        "SentimentWord": "6",
        "SentimentPolarity": "-1"
      },
      {
        "Aspect": "기능",
        "SentimentText": "그래도 제습 잘 되니 만족하며 사용 중입니당 ",
        "SentimentWord": "7",
        "SentimentPolarity": "1"
      }
    ]
  },
  {
    "Index": "43734",
    "RawText": "디자인이 많이 이뻐져서 훨씬 좋아용~ 용량도 10L라 방에서 사용하기 딱 적당하네요! 저렴한 가격에 잘 구매했습니다^^",
    "Source": "쇼핑몰",
    "Domain": "가전",
    "MainCategory": "계절가전",
    "ProductName": "뽀송 위닉스 DXAE100-JWK",
    "ReviewScore": "5",
    "Syllable": "66",
    "Word": "15",
    "RDate": "20210527",
    "GeneralPolarity": "1",
    "Aspects": [
      {
        "Aspect": "디자인",
        "SentimentText": "디자인이 많이 이뻐져서 훨씬 좋아용~ ",
        "SentimentWord": "5",
        "SentimentPolarity": "1"
      },
      {
        "Aspect": "용량",
        "SentimentText": "용량도 10L라 방에서 사용하기 딱 적당하네요! ",
        "SentimentWord": "6",
        "SentimentPolarity": "1"
      },
      {
        "Aspect": "가격",
        "SentimentText": "저렴한 가격에 잘 구매했습니다^^ ",
        "SentimentWord": "4",
        "SentimentPolarity": "1"
      }
    ]
  },
  {
    "Index": "43735",
    "RawText": "저렴한 가격에 구매해서 너무 만족합니다~ 그런데 받아보니 색상이 좀 칙칙해서 아쉬웠어요~",
    "Source": "쇼핑몰",
    "Domain": "가전",
    "MainCategory": "계절가전",
    "ProductName": "뽀송 위닉스 DXAE100-JWK",
    "ReviewScore": "5",
    "Syllable": "49",
    "Word": "11",
    "RDate": "20210610",
    "GeneralPolarity": "0",
    "Aspects": [
      {
        "Aspect": "가격",
        "SentimentText": "저렴한 가격에 구매해서 너무 만족합니다~ ",
        "SentimentWord": "5",
        "SentimentPolarity": "1"
      },
      {
        "Aspect": "색상",
        "SentimentText": "그런데 받아보니 색상이 좀 칙칙해서 아쉬웠어요~",
        "SentimentWord": "6",
        "SentimentPolarity": "-1"
      }
    ]
  },
  {
    "Index": "43736",
    "RawText": "할인 행사로 저렴한 가격에 구매해서 좋아요~ 단점은 에너지 효율이 3등급이라 전기세가 많이 걱정되네요 ㅠ",
    "Source": "쇼핑몰",
    "Domain": "가전",
    "MainCategory": "계절가전",
    "ProductName": "뽀송 위닉스 DXAE100-JWK",
    "ReviewScore": "5",
    "Syllable": "58",
    "Word": "14",
    "RDate": "20210613",
    "GeneralPolarity": "0",
    "Aspects": [
      {
        "Aspect": "가격",
        "SentimentText": "할인 행사로 저렴한 가격에 구매해서 좋아요~ ",
        "SentimentWord": "6",
        "SentimentPolarity": "1"
      },
      {
        "Aspect": "소비전력",
        "SentimentText": "단점은 에너지 효율이 3등급이라 전기세가 많이 걱정되네요 ㅠ",
        "SentimentWord": "8",
        "SentimentPolarity": "-1"
      }
    ]
  },
  {
    "Index": "43737",
    "RawText": "값이 많이 싸요. 룰루랄라~ 짱이예요. 작동 시간 짧은데도 습도가 빠르게 내려가서 좋아요. 온풍이 나와 여름엔 많이 더워 별로예요. 무거운데 바퀴가 있어서 이동이 쉬워 편리해요. 사이즈 작은거 적당해서 너무 만족합니다.",
    "Source": "쇼핑몰",
    "Domain": "가전",
    "MainCategory": "계절가전",
    "ProductName": "뽀송 위닉스 DXAE100-JWK",
    "ReviewScore": "5",
    "Syllable": "122",
    "Word": "29",
    "RDate": "20210607",
    "GeneralPolarity": "1",
    "Aspects": [
      {
        "Aspect": "가격",
        "SentimentText": "값이 많이 싸요. 룰루랄라~ 짱이예요.",
        "SentimentWord": "5",
        "SentimentPolarity": "1"
      },
      {
        "Aspect": "시간/속도",
        "SentimentText": "작동 시간 짧은데도 습도가 빠르게 내려가서 좋아요.",
        "SentimentWord": "7",
        "SentimentPolarity": "1"
      },
      {
        "Aspect": "기능",
        "SentimentText": "온풍이 나와 여름엔 많이 더워 별로예요. ",
        "SentimentWord": "6",
        "SentimentPolarity": "-1"
      },
      {
        "Aspect": "편의성",
        "SentimentText": "무거운데 바퀴가 있어서 이동이 쉬워 편리해요.",
        "SentimentWord": "6",
        "SentimentPolarity": "1"
      },
      {
        "Aspect": "사이즈",
        "SentimentText": "사이즈 작은거 적당해서 너무 만족합니다. ",
        "SentimentWord": "5",
        "SentimentPolarity": "1"
      }
    ]
  },
  {
    "Index": "43738",
    "RawText": "제습기의 명가 000 역시 최고입니다~ 저렴한 가격에 구매해서 아주 마음에 들고요. 성능도 좋아서 빨래가 아주 뽀송해집니다~",
    "Source": "쇼핑몰",
    "Domain": "가전",
    "MainCategory": "계절가전",
    "ProductName": "뽀송 위닉스 DXAE100-JWK",
    "ReviewScore": "5",
    "Syllable": "69",
    "Word": "16",
    "RDate": "20210709",
    "GeneralPolarity": "1",
    "Aspects": [
      {
        "Aspect": "제조일/제조사",
        "SentimentText": "제습기의 명가 000 역시 최고입니다~ ",
        "SentimentWord": "5",
        "SentimentPolarity": "1"
      },
      {
        "Aspect": "가격",
        "SentimentText": "저렴한 가격에 구매해서 아주 마음에 들고요.",
        "SentimentWord": "6",
        "SentimentPolarity": "1"
      },
      {
        "Aspect": "기능",
        "SentimentText": "성능도 좋아서 빨래가 아주 뽀송해집니다~",
        "SentimentWord": "5",
        "SentimentPolarity": "1"
      }
    ]
  },
  {
    "Index": "43739",
    "RawText": "이 친구 덕분에 장마철을 뽀송하게 보냅니다~ 꿉꿉함이 싹 사라졌어요ㅎㅎ 가격도 착해서 만족도 최상이구요!!",
    "Source": "쇼핑몰",
    "Domain": "가전",
    "MainCategory": "계절가전",
    "ProductName": "뽀송 위닉스 DXAE100-JWK",
    "ReviewScore": "5",
    "Syllable": "59",
    "Word": "13",
    "RDate": "20220811",
    "GeneralPolarity": "1",
    "Aspects": [
      {
        "Aspect": "편의성",
        "SentimentText": "이 친구 덕분에 장마철을 뽀송하게 보냅니다~ 꿉꿉함이 싹 사라졌어요ㅎㅎ",
        "SentimentWord": "9",
        "SentimentPolarity": "1"
      },
      {
        "Aspect": "가격",
        "SentimentText": "가격도 착해서 만족도 최상이구요!!",
        "SentimentWord": "4",
        "SentimentPolarity": "1"
      }
    ]
  },
  {
    "Index": "43740",
    "RawText": "소음이 너무 커서 머리가 다 아프네요.. 색상도 사진보다 칙칙해서 예쁘지 않네요",
    "Source": "쇼핑몰",
    "Domain": "가전",
    "MainCategory": "계절가전",
    "ProductName": "뽀송 위닉스 DXAE100-JWK",
    "ReviewScore": "5",
    "Syllable": "44",
    "Word": "11",
    "RDate": "20210616",
    "GeneralPolarity": "-1",
    "Aspects": [
      {
        "Aspect": "소음",
        "SentimentText": "소음이 너무 커서 머리가 다 아프네요.. ",
        "SentimentWord": "6",
        "SentimentPolarity": "-1"
      },
      {
        "Aspect": "색상",
        "SentimentText": "색상도 사진보다 칙칙해서 예쁘지 않네요 ",
        "SentimentWord": "5",
        "SentimentPolarity": "-1"
      }
    ]
  },
  {
    "Index": "43741",
    "RawText": "배송이 빠릅니다. 용량이 원룸에서나 쓸 크기네요. 많이 아쉬워요. 의류 건조기능은 얇은 옷 잘 말라 좋아요. 물통이 작아 수시로 물을 비워야해서 너무 번거롭고 불편합니다. 소음은 거의 없는편에 속하는거 같아 흡족해요.",
    "Source": "쇼핑몰",
    "Domain": "가전",
    "MainCategory": "계절가전",
    "ProductName": "뽀송 위닉스 DXAE100-JWK",
    "ReviewScore": "5",
    "Syllable": "121",
    "Word": "29",
    "RDate": "20210704",
    "GeneralPolarity": "0",
    "Aspects": [
      {
        "Aspect": "용량",
        "SentimentText": "용량이 원룸에서나 쓸 크기네요. 많이 아쉬워요. ",
        "SentimentWord": "6",
        "SentimentPolarity": "-1"
      },
      {
        "Aspect": "기능",
        "SentimentText": "의류 건조기능은 얇은 옷 잘 말라 좋아요.",
        "SentimentWord": "7",
        "SentimentPolarity": "1"
      },
      {
        "Aspect": "편의성",
        "SentimentText": "물통이 작아 수시로 물을 비워야해서 너무 번거롭고 불편합니다. ",
        "SentimentWord": "8",
        "SentimentPolarity": "-1"
      },
      {
        "Aspect": "소음",
        "SentimentText": "소음은 거의 없는편에 속하는거 같아 흡족해요. ",
        "SentimentWord": "6",
        "SentimentPolarity": "1"
      }
    ]
  },
  {
    "Index": "43742",
    "RawText": "저렴한 가격에 구매할 수 있어서 너무 만족합니다~ 에너지 효율이 3등급이라 전기세가 많이 나올까 찝찝하네요",
    "Source": "쇼핑몰",
    "Domain": "가전",
    "MainCategory": "계절가전",
    "ProductName": "뽀송 위닉스 DXAE100-JWK",
    "ReviewScore": "5",
    "Syllable": "59",
    "Word": "14",
    "RDate": "20200716",
    "GeneralPolarity": "0",
    "Aspects": [
      {
        "Aspect": "가격",
        "SentimentText": "저렴한 가격에 구매할 수 있어서 너무 만족합니다~",
        "SentimentWord": "7",
        "SentimentPolarity": "1"
      },
      {
        "Aspect": "소비전력",
        "SentimentText": "에너지 효율이 3등급이라 전기세가 많이 나올까 찝찝하네요",
        "SentimentWord": "7",
        "SentimentPolarity": "-1"
      }
    ]
  },
  {
    "Index": "43743",
    "RawText": "배송이 오래걸렸어요. 제습은 잘하지만 더운 바람이 나와 아쉽습니다. 용량도 작아 생각보다 별로네요.",
    "Source": "쇼핑몰",
    "Domain": "가전",
    "MainCategory": "계절가전",
    "ProductName": "뽀송 위닉스 DXAE100-JWK",
    "ReviewScore": "5",
    "Syllable": "55",
    "Word": "12",
    "RDate": "20200829",
    "GeneralPolarity": "-1",
    "Aspects": [
      {
        "Aspect": "기능",
        "SentimentText": "제습은 잘하지만 더운 바람이 나와 아쉽습니다. ",
        "SentimentWord": "6",
        "SentimentPolarity": "0"
      },
      {
        "Aspect": "용량",
        "SentimentText": "용량도 작아 생각보다 별로네요. ",
        "SentimentWord": "4",
        "SentimentPolarity": "-1"
      }
    ]
  },
  {
    "Index": "43744",
    "RawText": "물통 비우기, 선 정리 보관까지 편리하게 되어있어 마음에 들어요. 그런데 쓰고 나면 열감이 장난 아니라서 고장 날까봐 걱정돼요",
    "Source": "쇼핑몰",
    "Domain": "가전",
    "MainCategory": "계절가전",
    "ProductName": "뽀송 위닉스 DXAE100-JWK",
    "ReviewScore": "5",
    "Syllable": "70",
    "Word": "18",
    "RDate": "20201017",
    "GeneralPolarity": "0",
    "Aspects": [
      {
        "Aspect": "편의성",
        "SentimentText": "물통 비우기, 선 정리 보관까지 편리하게 되어있어 마음에 들어요.",
        "SentimentWord": "9",
        "SentimentPolarity": "1"
      },
      {
        "Aspect": "내구성",
        "SentimentText": "그런데 쓰고 나면 열감이 장난 아니라서 고장 날까봐 걱정돼요",
        "SentimentWord": "9",
        "SentimentPolarity": "-1"
      }
    ]
  },
  {
    "Index": "43745",
    "RawText": "물통 비우기 쉽게 작은 용량으로 구매했는데 만족합니다. 제습속도가 느려 시간이 다소 오래걸려 아쉬워요.",
    "Source": "쇼핑몰",
    "Domain": "가전",
    "MainCategory": "계절가전",
    "ProductName": "뽀송 위닉스 DXAE100-JWK",
    "ReviewScore": "5",
    "Syllable": "57",
    "Word": "13",
    "RDate": "20220217",
    "GeneralPolarity": "0",
    "Aspects": [
      {
        "Aspect": "용량",
        "SentimentText": "물통 비우기 쉽게 작은 용량으로 구매했는데 만족합니다.",
        "SentimentWord": "7",
        "SentimentPolarity": "1"
      },
      {
        "Aspect": "시간/속도",
        "SentimentText": "제습속도가 느려 시간이 다소 오래걸려 아쉬워요. ",
        "SentimentWord": "6",
        "SentimentPolarity": "-1"
      }
    ]
  },
  {
    "Index": "43746",
    "RawText": "훌륭한 성능에 감동했어요~눅눅했던 집안이 쾌적해집니다~ 그런데 에너지효율은 역시나.. ㅜㅜ 전기세 폭탄 ㅠㅠ",
    "Source": "쇼핑몰",
    "Domain": "가전",
    "MainCategory": "계절가전",
    "ProductName": "뽀송 위닉스 DXAE100-JWK",
    "ReviewScore": "5",
    "Syllable": "60",
    "Word": "12",
    "RDate": "20220705",
    "GeneralPolarity": "0",
    "Aspects": [
      {
        "Aspect": "기능",
        "SentimentText": "훌륭한 성능에 감동했어요~",
        "SentimentWord": "3",
        "SentimentPolarity": "1"
      },
      {
        "Aspect": "소비전력",
        "SentimentText": "에너지효율은 역시나.. ㅜㅜ 전기세 폭탄 ㅠㅠ",
        "SentimentWord": "6",
        "SentimentPolarity": "-1"
      }
    ]
  },
  {
    "Index": "43747",
    "RawText": "성능 좋아서 습기를 쭉쭉 빨아들여 집이 뽀송해져요~ 디자인도 깔끔해서 예쁘고요~ 역시 믿고 쓰는 000~!!!! 최고네요",
    "Source": "쇼핑몰",
    "Domain": "가전",
    "MainCategory": "계절가전",
    "ProductName": "뽀송 위닉스 DXAE100-JWK",
    "ReviewScore": "5",
    "Syllable": "67",
    "Word": "15",
    "RDate": "20200911",
    "GeneralPolarity": "1",
    "Aspects": [
      {
        "Aspect": "기능",
        "SentimentText": "성능 좋아서 습기를 쭉쭉 빨아들여 집이 뽀송해져요~",
        "SentimentWord": "7",
        "SentimentPolarity": "1"
      },
      {
        "Aspect": "디자인",
        "SentimentText": "디자인도 깔끔해서 예쁘고요~ ",
        "SentimentWord": "3",
        "SentimentPolarity": "1"
      },
      {
        "Aspect": "제조일/제조사",
        "SentimentText": "역시 믿고 쓰는 000~!!!! 최고네요",
        "SentimentWord": "5",
        "SentimentPolarity": "1"
      }
    ]
  },
  {
    "Index": "43748",
    "RawText": "에너지 효율이 3등급이라 전기세 많이 나올까 봐 벌써부터 걱정돼요. 성능은 좋아서 방이 쾌적하네요. 저렴한 가격 또한 만족스럽네요",
    "Source": "쇼핑몰",
    "Domain": "가전",
    "MainCategory": "계절가전",
    "ProductName": "뽀송 위닉스 DXAE100-JWK",
    "ReviewScore": "4",
    "Syllable": "72",
    "Word": "17",
    "RDate": "20200728",
    "GeneralPolarity": "0",
    "Aspects": [
      {
        "Aspect": "소비전력",
        "SentimentText": "에너지 효율이 3등급이라 전기세 많이 나올까 봐 벌써부터 걱정돼요.",
        "SentimentWord": "9",
        "SentimentPolarity": "-1"
      },
      {
        "Aspect": "기능",
        "SentimentText": "성능은 좋아서 방이 쾌적하네요",
        "SentimentWord": "4",
        "SentimentPolarity": "1"
      },
      {
        "Aspect": "가격",
        "SentimentText": "저렴한 가격 또한 만족스럽네요",
        "SentimentWord": "4",
        "SentimentPolarity": "1"
      }
    ]
  },
  {
    "Index": "43749",
    "RawText": "성능 진짜 좋아요 결로 현상이 없어졌어요~ 색상은 사진에서 본 거 보다 칙칙해서 아쉬워요~",
    "Source": "쇼핑몰",
    "Domain": "가전",
    "MainCategory": "계절가전",
    "ProductName": "뽀송 위닉스 DXAE100-JWK",
    "ReviewScore": "5",
    "Syllable": "50",
    "Word": "13",
    "RDate": "20210203",
    "GeneralPolarity": "0",
    "Aspects": [
      {
        "Aspect": "기능",
        "SentimentText": "성능 진짜 좋아요 결로 현상이 없어졌어요~",
        "SentimentWord": "6",
        "SentimentPolarity": "1"
      },
      {
        "Aspect": "색상",
        "SentimentText": "색상은 사진에서 본 거 보다 칙칙해서 아쉬워요~",
        "SentimentWord": "7",
        "SentimentPolarity": "-1"
      }
    ]
  },
  {
    "Index": "43750",
    "RawText": "처음부터 불량품을 받았는지 모터만 작동되고 물통에 물도 안 찹니다.. 진짜 짜증 나네요. 소비전력 까지 3등급이라 전기세도 많이 나오겠어요 휴..",
    "Source": "쇼핑몰",
    "Domain": "가전",
    "MainCategory": "계절가전",
    "ProductName": "뽀송 위닉스 DXAE100-JWK",
    "ReviewScore": "1",
    "Syllable": "81",
    "Word": "19",
    "RDate": "20210120",
    "GeneralPolarity": "-1",
    "Aspects": [
      {
        "Aspect": "품질",
        "SentimentText": "처음부터 불량품을 받았는지 모터만 작동되고 물통에 물도 안 찹니다.. 진짜 짜증 나네요",
        "SentimentWord": "12",
        "SentimentPolarity": "-1"
      },
      {
        "Aspect": "소비전력",
        "SentimentText": "소비전력 까지 3등급이라 전기세도 많이 나오겠어요 휴..",
        "SentimentWord": "7",
        "SentimentPolarity": "-1"
      }
    ]
  },
  {
    "Index": "43751",
    "RawText": "전 제품보다 겉 크기가 줄어 공간 차지 덜하니 만족~ 그런데 같은 용량 샀는데 물통용량도 줄어서 속상해요. 커버는 별도 구매라 별로네요.",
    "Source": "쇼핑몰",
    "Domain": "가전",
    "MainCategory": "계절가전",
    "ProductName": "뽀송 위닉스 DXAE100-JWK",
    "ReviewScore": "5",
    "Syllable": "76",
    "Word": "20",
    "RDate": "20220628",
    "GeneralPolarity": "0",
    "Aspects": [
      {
        "Aspect": "사이즈",
        "SentimentText": "전 제품보다 겉 크기가 줄어 공간 차지 덜하니 만족~ ",
        "SentimentWord": "9",
        "SentimentPolarity": "1"
      },
      {
        "Aspect": "용량",
        "SentimentText": "같은 용량 샀는데 물통용량도 줄어서 속상해요.",
        "SentimentWord": "6",
        "SentimentPolarity": "-1"
      },
      {
        "Aspect": "제품구성",
        "SentimentText": "커버는 별도 구매라 별로네요. ",
        "SentimentWord": "4",
        "SentimentPolarity": "-1"
      }
    ]
  },
  {
    "Index": "43752",
    "RawText": "ooo항상 믿고 구매하는 제습기 브랜드입니다~ 좋아요. 디자인도 깔끔하니 예쁘고 성능도 좋아서 집안이 쾌적합니다~",
    "Source": "쇼핑몰",
    "Domain": "가전",
    "MainCategory": "계절가전",
    "ProductName": "뽀송 위닉스 DXAE100-JWK",
    "ReviewScore": "4",
    "Syllable": "63",
    "Word": "13",
    "RDate": "20200701",
    "GeneralPolarity": "1",
    "Aspects": [
      {
        "Aspect": "제조일/제조사",
        "SentimentText": "ooo항상 믿고 구매하는 제습기 브랜드입니다~ 좋아요. ",
        "SentimentWord": "6",
        "SentimentPolarity": "1"
      },
      {
        "Aspect": "디자인",
        "SentimentText": "디자인도 깔끔하니 예쁘고",
        "SentimentWord": "3",
        "SentimentPolarity": "1"
      },
      {
        "Aspect": "기능",
        "SentimentText": "성능도 좋아서 집안이 쾌적합니다~",
        "SentimentWord": "4",
        "SentimentPolarity": "1"
      }
    ]
  },
  {
    "Index": "43753",
    "RawText": "생각보다 저렴한 가격에 구매해서 마음에 듭니다. 디자인까지 너무 예뻐서 마음에 쏙 드네요~",
    "Source": "쇼핑몰",
    "Domain": "가전",
    "MainCategory": "계절가전",
    "ProductName": "뽀송 위닉스 DXAE100-JWK",
    "ReviewScore": "5",
    "Syllable": "50",
    "Word": "12",
    "RDate": "20210224",
    "GeneralPolarity": "1",
    "Aspects": [
      {
        "Aspect": "가격",
        "SentimentText": "생각보다 저렴한 가격에 구매해서 마음에 듭니다. ",
        "SentimentWord": "6",
        "SentimentPolarity": "1"
      },
      {
        "Aspect": "디자인",
        "SentimentText": "디자인까지 너무 예뻐서 마음에 쏙 드네요~",
        "SentimentWord": "6",
        "SentimentPolarity": "1"
      }
    ]
  },
  {
    "Index": "43754",
    "RawText": "제품 무게가 무거워서 옮기기도 힘들고 안 좋네요..  물통 용량이 6리터라 장마철에는 금세 가득차서 수시로 비워내야 하는 번거로움이 있어요..ㅜ 용량이 아쉽네요..  ",
    "Source": "쇼핑몰",
    "Domain": "가전",
    "MainCategory": "계절가전",
    "ProductName": "뽀송 위닉스 DXAE100-JWK",
    "ReviewScore": "1",
    "Syllable": "93",
    "Word": "20",
    "RDate": "20210227",
    "GeneralPolarity": "-1",
    "Aspects": [
      {
        "Aspect": "무게",
        "SentimentText": "제품 무게가 무거워서 옮기기도 힘들고 안 좋네요.. ",
        "SentimentWord": "7",
        "SentimentPolarity": "-1"
      },
      {
        "Aspect": "용량",
        "SentimentText": "물통 용량이 6리터라 장마철에는 금세 가득차서 수시로 비워내야 하는 번거로움이 있어요..ㅜ 용량이 아쉽네요.. ",
        "SentimentWord": "13",
        "SentimentPolarity": "-1"
      }
    ]
  },
  {
    "Index": "43756",
    "RawText": "소음이 거의 없어서 만족하며 쓰고 있어요. 제습기 사이즈도 적당하고요~ 바퀴가 달려있어서 끌고 다니기도 편하네요~",
    "Source": "쇼핑몰",
    "Domain": "가전",
    "MainCategory": "계절가전",
    "ProductName": "뽀송 위닉스 DXAE100-JWK",
    "ReviewScore": "5",
    "Syllable": "63",
    "Word": "14",
    "RDate": "20220622",
    "GeneralPolarity": "1",
    "Aspects": [
      {
        "Aspect": "소음",
        "SentimentText": "소음이 거의 없어서 만족하며 쓰고 있어요.",
        "SentimentWord": "6",
        "SentimentPolarity": "1"
      },
      {
        "Aspect": "사이즈",
        "SentimentText": "제습기 사이즈도 적당하고요~ ",
        "SentimentWord": "3",
        "SentimentPolarity": "1"
      },
      {
        "Aspect": "편의성",
        "SentimentText": "바퀴가 달려있어서 끌고 다니기도 편하네요~",
        "SentimentWord": "5",
        "SentimentPolarity": "1"
      }
    ]
  },
  {
    "Index": "43757",
    "RawText": "성능 진짜 좋아요 빨래가 뽀송뽀송해집니다~ 다만, 에너지 효율이 3등급이라 전기세는 많이 걱정되네요 ㅜㅜ",
    "Source": "쇼핑몰",
    "Domain": "가전",
    "MainCategory": "계절가전",
    "ProductName": "뽀송 위닉스 DXAE100-JWK",
    "ReviewScore": "5",
    "Syllable": "58",
    "Word": "13",
    "RDate": "20210515",
    "GeneralPolarity": "0",
    "Aspects": [
      {
        "Aspect": "기능",
        "SentimentText": "성능 진짜 좋아요 빨래가 뽀송뽀송해집니다~",
        "SentimentWord": "5",
        "SentimentPolarity": "1"
      },
      {
        "Aspect": "소비전력",
        "SentimentText": "다만, 에너지 효율이 3등급이라 전기세는 많이 걱정되네요 ㅜㅜ",
        "SentimentWord": "8",
        "SentimentPolarity": "-1"
      }
    ]
  },
  {
    "Index": "43758",
    "RawText": "소음이 조금 있네요~ 신경 쓰입니다...  그래도 제습 기능은 좋네요 물통에 물도 잘 고이고 빨래도 잘 마릅니다~",
    "Source": "쇼핑몰",
    "Domain": "가전",
    "MainCategory": "계절가전",
    "ProductName": "뽀송 위닉스 DXAE100-JWK",
    "ReviewScore": "5",
    "Syllable": "63",
    "Word": "16",
    "RDate": "20210529",
    "GeneralPolarity": "0",
    "Aspects": [
      {
        "Aspect": "소음",
        "SentimentText": "소음이 조금 있네요~ 신경 쓰입니다... ",
        "SentimentWord": "5",
        "SentimentPolarity": "-1"
      },
      {
        "Aspect": "기능",
        "SentimentText": "그래도 제습 기능은 좋네요 물통에 물도 잘 고이고 빨래도 잘 마릅니다~",
        "SentimentWord": "11",
        "SentimentPolarity": "1"
      }
    ]
  },
  {
    "Index": "43759",
    "RawText": "예약 설정 기능이 있어 외출후 돌아오면 습도가 적당해서 맘에 들어요. 계속 틀고 싶지만 에너지효율 3등급이라 아쉽습니다.",
    "Source": "쇼핑몰",
    "Domain": "가전",
    "MainCategory": "계절가전",
    "ProductName": "뽀송 위닉스 DXAE100-JWK",
    "ReviewScore": "5",
    "Syllable": "67",
    "Word": "16",
    "RDate": "20201030",
    "GeneralPolarity": "0",
    "Aspects": [
      {
        "Aspect": "기능",
        "SentimentText": "예약 설정 기능이 있어 외출후 돌아오면 습도가 적당해서 맘에 들어요.",
        "SentimentWord": "10",
        "SentimentPolarity": "1"
      },
      {
        "Aspect": "소비전력",
        "SentimentText": "계속 틀고 싶지만 에너지효율 3등급이라 아쉽습니다. ",
        "SentimentWord": "6",
        "SentimentPolarity": "-1"
      }
    ]
  },
  {
    "Index": "43760",
    "RawText": "성능은 그럭저럭 괜찮은 거 같습니다. 다른 사이트를 비교해도 가격대는 비슷해서 아쉽네요",
    "Source": "쇼핑몰",
    "Domain": "가전",
    "MainCategory": "계절가전",
    "ProductName": "뽀송 위닉스 DXAE100-JWK",
    "ReviewScore": "5",
    "Syllable": "48",
    "Word": "11",
    "RDate": "20210612",
    "GeneralPolarity": "0",
    "Aspects": [
      {
        "Aspect": "기능",
        "SentimentText": "성능은 그럭저럭 괜찮은 거 같습니다",
        "SentimentWord": "5",
        "SentimentPolarity": "0"
      },
      {
        "Aspect": "가격",
        "SentimentText": "다른 사이트를 비교해도 가격대는 비슷해서 아쉽네요",
        "SentimentWord": "6",
        "SentimentPolarity": "-1"
      }
    ]
  },
  {
    "Index": "43761",
    "RawText": "성능 괜찮아요~ 눅눅했던 집안이 뽀송해져서 너무 좋습니다. 그런데 무게가 무거워서 들기에는 힘듭니다.",
    "Source": "쇼핑몰",
    "Domain": "가전",
    "MainCategory": "계절가전",
    "ProductName": "뽀송 위닉스 DXAE100-JWK",
    "ReviewScore": "5",
    "Syllable": "56",
    "Word": "12",
    "RDate": "20200807",
    "GeneralPolarity": "0",
    "Aspects": [
      {
        "Aspect": "기능",
        "SentimentText": "성능 괜찮아요~ 눅눅했던 집안이 뽀송해져서 너무 좋습니다",
        "SentimentWord": "7",
        "SentimentPolarity": "1"
      },
      {
        "Aspect": "무게",
        "SentimentText": "무게가 무거워서 들기에는 힘듭니다.",
        "SentimentWord": "4",
        "SentimentPolarity": "-1"
      }
    ]
  },
  {
    "Index": "43762",
    "RawText": "집이 습해서 곰팡이도 많았는데 제습 효과가 좋아서 곰팡이가 사라졌어요 넘 좋아요^^ 오래 사용하면 발열감이 좀 생겨서 아쉽긴 합니다",
    "Source": "쇼핑몰",
    "Domain": "가전",
    "MainCategory": "계절가전",
    "ProductName": "뽀송 위닉스 DXAE100-JWK",
    "ReviewScore": "5",
    "Syllable": "73",
    "Word": "18",
    "RDate": "20210325",
    "GeneralPolarity": "0",
    "Aspects": [
      {
        "Aspect": "기능",
        "SentimentText": "집이 습해서 곰팡이도 많았는데 제습 효과가 좋아서 곰팡이가 사라졌어요 넘 좋아요^^",
        "SentimentWord": "11",
        "SentimentPolarity": "1"
      },
      {
        "Aspect": "내구성",
        "SentimentText": "오래 사용하면 발열감이 좀 생겨서 아쉽긴 합니다",
        "SentimentWord": "7",
        "SentimentPolarity": "-1"
      }
    ]
  },
  {
    "Index": "43763",
    "RawText": "OOO 제습이 없었으면 어쩔뻔~ 진짜 좋은 회사예요. 제습기능 좋아서 공기가 쾌적~ 뽀송 합니다. ^^",
    "Source": "쇼핑몰",
    "Domain": "가전",
    "MainCategory": "계절가전",
    "ProductName": "뽀송 위닉스 DXJE193-LMK",
    "ReviewScore": "5",
    "Syllable": "57",
    "Word": "14",
    "RDate": "20220608",
    "GeneralPolarity": "1",
    "Aspects": [
      {
        "Aspect": "제조일/제조사",
        "SentimentText": "OOO 제습이 없었으면 어쩔뻔~ 진짜 좋은 회사예요. ",
        "SentimentWord": "7",
        "SentimentPolarity": "1"
      },
      {
        "Aspect": "기능",
        "SentimentText": "제습기능 좋아서 공기가 쾌적~ 뽀송 합니다. ^^ ",
        "SentimentWord": "7",
        "SentimentPolarity": "1"
      }
    ]
  },
  {
    "Index": "43764",
    "RawText": "사용 방법도 간단해서 사용하기 좋고, 만수감지 기능이 있어서 물이 차도 걱정없고요~ 색상도 민트 색상으로 너무 예쁘네요. 다만 물통 용량이 작아도 너무 작네요..;;  제습기가 자주 멈춰요..",
    "Source": "쇼핑몰",
    "Domain": "가전",
    "MainCategory": "계절가전",
    "ProductName": "뽀송 위닉스 DXJE193-LMK",
    "ReviewScore": "5",
    "Syllable": "107",
    "Word": "25",
    "RDate": "20220803",
    "GeneralPolarity": "0",
    "Aspects": [
      {
        "Aspect": "조작성",
        "SentimentText": "사용 방법도 간단해서 사용하기 좋고, ",
        "SentimentWord": "5",
        "SentimentPolarity": "1"
      },
      {
        "Aspect": "기능",
        "SentimentText": "만수감지 기능이 있어서 물이 차도 걱정없고요~ ",
        "SentimentWord": "6",
        "SentimentPolarity": "1"
      },
      {
        "Aspect": "색상",
        "SentimentText": "색상도 민트 색상으로 너무 예쁘네요.",
        "SentimentWord": "5",
        "SentimentPolarity": "1"
      },
      {
        "Aspect": "용량",
        "SentimentText": "물통 용량이 작아도 너무 작네요..;; ",
        "SentimentWord": "5",
        "SentimentPolarity": "-1"
      }
    ]
  },
  {
    "Index": "43765",
    "RawText": "값이 싸서 대만족~ 배송은 번개같았어요. 기스하나 없이 마감 잘된 상품이 와서 좋아합니다.",
    "Source": "쇼핑몰",
    "Domain": "가전",
    "MainCategory": "계절가전",
    "ProductName": "뽀송 위닉스 DXJE193-LMK",
    "ReviewScore": "5",
    "Syllable": "50",
    "Word": "12",
    "RDate": "20220529",
    "GeneralPolarity": "1",
    "Aspects": [
      {
        "Aspect": "가격",
        "SentimentText": "값이 싸서 대만족~",
        "SentimentWord": "3",
        "SentimentPolarity": "1"
      },
      {
        "Aspect": "품질",
        "SentimentText": "기스하나 없이 마감 잘된 상품이 와서 좋아합니다. ",
        "SentimentWord": "7",
        "SentimentPolarity": "1"
      }
    ]
  },
  {
    "Index": "43766",
    "RawText": "소음이 별로 없어서 일단 아주 만족합니다. 제습 기능도 좋아서 금세 뽀송해집니다. 디자인도 깨끗해 보여서 마음에 들어요~",
    "Source": "쇼핑몰",
    "Domain": "가전",
    "MainCategory": "계절가전",
    "ProductName": "뽀송 위닉스 DXJE193-LMK",
    "ReviewScore": "5",
    "Syllable": "67",
    "Word": "16",
    "RDate": "20220627",
    "GeneralPolarity": "1",
    "Aspects": [
      {
        "Aspect": "소음",
        "SentimentText": "소음이 별로 없어서 일단 아주 만족합니다. ",
        "SentimentWord": "6",
        "SentimentPolarity": "1"
      },
      {
        "Aspect": "기능",
        "SentimentText": "제습 기능도 좋아서 금세 뽀송해집니다.",
        "SentimentWord": "5",
        "SentimentPolarity": "1"
      },
      {
        "Aspect": "디자인",
        "SentimentText": "디자인도 깨끗해 보여서 마음에 들어요~",
        "SentimentWord": "5",
        "SentimentPolarity": "1"
      }
    ]
  },
  {
    "Index": "43767",
    "RawText": "ooo제습기는 최고의 브랜드 입니다~ 제품이 좋아요 ㅎㅎ 성능도 좋아서 눅눅한 방안이 뽀송해지네요",
    "Source": "쇼핑몰",
    "Domain": "가전",
    "MainCategory": "계절가전",
    "ProductName": "뽀송 위닉스 DXJE193-LMK",
    "ReviewScore": "4",
    "Syllable": "54",
    "Word": "12",
    "RDate": "20220627",
    "GeneralPolarity": "1",
    "Aspects": [
      {
        "Aspect": "제조일/제조사",
        "SentimentText": "ooo제습기는 최고의 브랜드 입니다~",
        "SentimentWord": "4",
        "SentimentPolarity": "1"
      },
      {
        "Aspect": "기능",
        "SentimentText": "성능도 좋아서 눅눅한 방안이 뽀송해지네요",
        "SentimentWord": "5",
        "SentimentPolarity": "1"
      }
    ]
  },
  {
    "Index": "43768",
    "RawText": "전원 버튼도 부드럽게 눌러져서 만족합니다. 하나도 안시끄러워요. 소음 없어서 좋아요. ㅋㅋ 세련된 바디를 자랑하는 제습기 예뻐요. 사이즈도 적당해서 부피감 없어 흡족해요. 역시 OOO 신뢰감 최고입니다.",
    "Source": "쇼핑몰",
    "Domain": "가전",
    "MainCategory": "계절가전",
    "ProductName": "뽀송 위닉스 DXJE193-LMK",
    "ReviewScore": "5",
    "Syllable": "113",
    "Word": "25",
    "RDate": "20220608",
    "GeneralPolarity": "1",
    "Aspects": [
      {
        "Aspect": "조작성",
        "SentimentText": "전원 버튼도 부드럽게 눌러져서 만족합니다.",
        "SentimentWord": "5",
        "SentimentPolarity": "1"
      },
      {
        "Aspect": "소음",
        "SentimentText": "하나도 안시끄러워요. 소음 없어서 좋아요. ㅋㅋ",
        "SentimentWord": "6",
        "SentimentPolarity": "1"
      },
      {
        "Aspect": "디자인",
        "SentimentText": "세련된 바디를 자랑하는 제습기 예뻐요. ",
        "SentimentWord": "5",
        "SentimentPolarity": "1"
      },
      {
        "Aspect": "사이즈",
        "SentimentText": "사이즈도 적당해서 부피감 없어 흡족해요.",
        "SentimentWord": "5",
        "SentimentPolarity": "1"
      },
      {
        "Aspect": "제조일/제조사",
        "SentimentText": "역시 OOO 신뢰감 최고입니다. ",
        "SentimentWord": "4",
        "SentimentPolarity": "1"
      }
    ]
  },
  {
    "Index": "43769",
    "RawText": "깔끔하고 세련된 디자인은 만족 그 자체~ 요거 요거 성능이~~ 눅눅한 옷이 뽀송해지는 마법~ 마음 안 드는 구석이 없네요~",
    "Source": "쇼핑몰",
    "Domain": "가전",
    "MainCategory": "계절가전",
    "ProductName": "뽀송 위닉스 DXJE193-LMK",
    "ReviewScore": "5",
    "Syllable": "68",
    "Word": "18",
    "RDate": "20220727",
    "GeneralPolarity": "1",
    "Aspects": [
      {
        "Aspect": "디자인",
        "SentimentText": "깔끔하고 세련된 디자인은 만족 그 자체~ ",
        "SentimentWord": "6",
        "SentimentPolarity": "1"
      },
      {
        "Aspect": "기능",
        "SentimentText": "요거 요거 성능이~~ 눅눅한 옷이 뽀송 해지는 마법~",
        "SentimentWord": "8",
        "SentimentPolarity": "1"
      }
    ]
  },
  {
    "Index": "43770",
    "RawText": "소음은 그리 크지도 작지도 않아서 쓸만합니다. 디자인은 심플하고 예뻐서 마음에 들고~ 성능도 좋아서 집안이 금방 쾌적해져서 좋아요~",
    "Source": "쇼핑몰",
    "Domain": "가전",
    "MainCategory": "계절가전",
    "ProductName": "뽀송 위닉스 DXJE193-LMK",
    "ReviewScore": "5",
    "Syllable": "73",
    "Word": "17",
    "RDate": "20220622",
    "GeneralPolarity": "0",
    "Aspects": [
      {
        "Aspect": "소음",
        "SentimentText": "소음은 그리 크지도 작지도 않아서 쓸만합니다. ",
        "SentimentWord": "6",
        "SentimentPolarity": "0"
      },
      {
        "Aspect": "디자인",
        "SentimentText": "디자인은 심플하고 예뻐서 마음에 들고~",
        "SentimentWord": "5",
        "SentimentPolarity": "1"
      },
      {
        "Aspect": "기능",
        "SentimentText": "성능도 좋아서 집안이 금방 쾌적해져서 좋아요~",
        "SentimentWord": "6",
        "SentimentPolarity": "1"
      }
    ]
  },
  {
    "Index": "43771",
    "RawText": "디자인 심플해서 마음에 들어요~ 바퀴와 손잡이가 있어 이동도 편리하네요. 소리가 조용해서 만족하고요. 물통이 예상보다 너무 작지만 자주 비워내면 되는거라 그냥 써요 근데 물통 소재가 별로네요 금방 깨질 꺼 같아요.",
    "Source": "쇼핑몰",
    "Domain": "가전",
    "MainCategory": "계절가전",
    "ProductName": "뽀송 위닉스 DXJE193-LMK",
    "ReviewScore": "5",
    "Syllable": "119",
    "Word": "29",
    "RDate": "20220715",
    "GeneralPolarity": "0",
    "Aspects": [
      {
        "Aspect": "디자인",
        "SentimentText": "디자인 심플해서 마음에 들어요~",
        "SentimentWord": "4",
        "SentimentPolarity": "1"
      },
      {
        "Aspect": "편의성",
        "SentimentText": "바퀴와 손잡이가 있어 이동도 편리하네요. ",
        "SentimentWord": "5",
        "SentimentPolarity": "1"
      },
      {
        "Aspect": "소음",
        "SentimentText": "소리가 조용해서 만족하고요.",
        "SentimentWord": "3",
        "SentimentPolarity": "1"
      },
      {
        "Aspect": "용량",
        "SentimentText": "물통이 예상보다 너무 작지만 자주 비워내면 되는거라 그냥 써요",
        "SentimentWord": "9",
        "SentimentPolarity": "0"
      },
      {
        "Aspect": "소재",
        "SentimentText": "근데 물통 소재가 별로네요 금방 깨질 꺼 같아요. ",
        "SentimentWord": "8",
        "SentimentPolarity": "-1"
      }
    ]
  },
  {
    "Index": "43772",
    "RawText": "디자인 넘 세련되서 맘에 들어요! 장마철인데도 성능 좋은 이 제품 덕에 뽀송한 여름 보냈네요~ 가격도 착해서 넘 좋구요ㅎㅎ",
    "Source": "쇼핑몰",
    "Domain": "가전",
    "MainCategory": "계절가전",
    "ProductName": "뽀송 위닉스 DXJE193-LMK",
    "ReviewScore": "5",
    "Syllable": "68",
    "Word": "18",
    "RDate": "20220621",
    "GeneralPolarity": "1",
    "Aspects": [
      {
        "Aspect": "디자인",
        "SentimentText": "디자인 넘 세련되서 맘에 들어요! ",
        "SentimentWord": "5",
        "SentimentPolarity": "1"
      },
      {
        "Aspect": "기능",
        "SentimentText": "장마철인데도 성능 좋은 이 제품 덕에 뽀송한 여름 보냈네요~",
        "SentimentWord": "9",
        "SentimentPolarity": "1"
      },
      {
        "Aspect": "가격",
        "SentimentText": " 가격도 착해서 넘 좋구요ㅎㅎ",
        "SentimentWord": "4",
        "SentimentPolarity": "1"
      }
    ]
  },
  {
    "Index": "43773",
    "RawText": "단정한 디자인이라 질리지 않아 좋아요. 배송은 빨랐습니다. 제 기준 소음은 굉장히 큰편인거 같아 예민해져요. 제습기가 열일 해서 눅눅함 없는 여름을 보낼듯~ 만족합니다.",
    "Source": "쇼핑몰",
    "Domain": "가전",
    "MainCategory": "계절가전",
    "ProductName": "뽀송 위닉스 DXJE193-LMK",
    "ReviewScore": "5",
    "Syllable": "94",
    "Word": "22",
    "RDate": "20220706",
    "GeneralPolarity": "1",
    "Aspects": [
      {
        "Aspect": "디자인",
        "SentimentText": "단정한 디자인이라 질리지 않아 좋아요. ",
        "SentimentWord": "5",
        "SentimentPolarity": "1"
      },
      {
        "Aspect": "소음",
        "SentimentText": "제 기준 소음은 굉장히 큰편인거 같아 예민해져요. ",
        "SentimentWord": "7",
        "SentimentPolarity": "-1"
      },
      {
        "Aspect": "기능",
        "SentimentText": "제습기가 열일 해서 눅눅함 없는 여름을 보낼듯~ 만족합니다. ",
        "SentimentWord": "8",
        "SentimentPolarity": "1"
      }
    ]
  },
  {
    "Index": "43774",
    "RawText": "디자인 깔끔하고 예뻐서 너무 마음에 들어요~ 소음도 걱정했는데 조용하니 좋습니다~",
    "Source": "쇼핑몰",
    "Domain": "가전",
    "MainCategory": "계절가전",
    "ProductName": "뽀송 위닉스 DXJE193-LMK",
    "ReviewScore": "5",
    "Syllable": "45",
    "Word": "10",
    "RDate": "20220524",
    "GeneralPolarity": "1",
    "Aspects": [
      {
        "Aspect": "디자인",
        "SentimentText": "디자인 깔끔하고 예뻐서 너무 마음에 들어요~ ",
        "SentimentWord": "6",
        "SentimentPolarity": "1"
      },
      {
        "Aspect": "소음",
        "SentimentText": "소음도 걱정했는데 조용하니 좋습니다~ ",
        "SentimentWord": "4",
        "SentimentPolarity": "1"
      }
    ]
  },
  {
    "Index": "43775",
    "RawText": "ooo는 항상 믿고 구매하는 브랜드에요~  아쉬운 건 신발 건조기가 포함인 줄 알았는데 별도 구매였네요...",
    "Source": "쇼핑몰",
    "Domain": "가전",
    "MainCategory": "계절가전",
    "ProductName": "뽀송 위닉스 DXJE193-LMK",
    "ReviewScore": "5",
    "Syllable": "60",
    "Word": "14",
    "RDate": "20220717",
    "GeneralPolarity": "0",
    "Aspects": [
      {
        "Aspect": "제조일/제조사",
        "SentimentText": "ooo는 항상 믿고 구매하는 브랜드에요~",
        "SentimentWord": "5",
        "SentimentPolarity": "1"
      },
      {
        "Aspect": "제품구성",
        "SentimentText": "아쉬운 건 신발 건조기가 포함인 줄 알았는데 별도 구매였네요...",
        "SentimentWord": "9",
        "SentimentPolarity": "-1"
      }
    ]
  },
  {
    "Index": "43776",
    "RawText": "제품은 퀄리티가 좋아 만족합니다. 와이파이 연결이 쉽지 않아 별로네요.",
    "Source": "쇼핑몰",
    "Domain": "가전",
    "MainCategory": "계절가전",
    "ProductName": "뽀송 위닉스 DXJE193-LMK",
    "ReviewScore": "4",
    "Syllable": "39",
    "Word": "9",
    "RDate": "20220607",
    "GeneralPolarity": "0",
    "Aspects": [
      {
        "Aspect": "품질",
        "SentimentText": "제품은 퀄리티가 좋아 만족합니다. ",
        "SentimentWord": "4",
        "SentimentPolarity": "1"
      },
      {
        "Aspect": "조작성",
        "SentimentText": "와이파이 연결이 쉽지 않아 별로네요. ",
        "SentimentWord": "5",
        "SentimentPolarity": "-1"
      }
    ]
  }
]