[
  {
    "Index": "35847",
    "RawText": "완전완전 감사합니다!! 배송도 초스피드로 왔고 포장도 너무 잘 되어 와서 완전 좋아요~!! 실버샀는데 아이보리가 왔지만 이 색도 괜찮네요. 기름을 너무 많이 먹어서 유지비가 만만치 않네요.",
    "Source": "쇼핑몰",
    "Domain": "가전",
    "MainCategory": "계절가전",
    "ProductName": "신일전자 SFH-1200SV",
    "ReviewScore": "5",
    "Syllable": "105",
    "Word": "25",
    "RDate": "20220117",
    "Aspects": [
      {
        "Aspect": "가격",
        "SentimentText": "기름을 너무 많이 먹어서 유지비가 만만치 않네요.",
        "SentimentWord": "7",
        "SentimentPolarity": "-1"
      },
      {
        "Aspect": "색상",
        "SentimentText": "실버샀는데 아이보리가 왔지만 이 색도 괜찮네요.",
        "SentimentWord": "6",
        "SentimentPolarity": "1"
      }
    ]
  },
  {
    "Index": "35848",
    "RawText": "가격대는 저렴하게 잘 구매해서 좋아요. 상품 배송도 완전 빨라서  좋았고요,  작동하면 뜨거운 바람이 막 나와서 너무 좋습니다. ",
    "Source": "쇼핑몰",
    "Domain": "가전",
    "MainCategory": "계절가전",
    "ProductName": "신일전자 SFH-1200SV",
    "ReviewScore": "5",
    "Syllable": "72",
    "Word": "17",
    "RDate": "20211225",
    "Aspects": [
      {
        "Aspect": "가격",
        "SentimentText": "가격대는 저렴하게 잘 구매해서 좋아요. ",
        "SentimentWord": "5",
        "SentimentPolarity": "1"
      },
      {
        "Aspect": "기능",
        "SentimentText": "작동하면 뜨거운 바람이 막 나와서 너무 좋습니다.",
        "SentimentWord": "7",
        "SentimentPolarity": "1"
      }
    ]
  },
  {
    "Index": "35849",
    "RawText": "최신 생산품이라 작동이 빵빵하게 되는 것 같아 좋네요 이동링도 있네요. 이제품도 이동링이 같이 온다는 글이없어 기대안했는데 이동이 편해 완전 좋네요.많이파세요",
    "Source": "쇼핑몰",
    "Domain": "가전",
    "MainCategory": "계절가전",
    "ProductName": "신일전자 SFH-1200SV",
    "ReviewScore": "5",
    "Syllable": "88",
    "Word": "20",
    "RDate": "20191015",
    "Aspects": [
      {
        "Aspect": "제조일/제조사",
        "SentimentText": " 최신 생산품이라 작동이 빵빵하게 되는 것 같아 좋네요",
        "SentimentWord": "8",
        "SentimentPolarity": "1"
      },
      {
        "Aspect": "편의성",
        "SentimentText": " 이제품도 이동링이 같이 온다는 글이없어 기대안했는데 이동이 편해 완전 좋네요.",
        "SentimentWord": "10",
        "SentimentPolarity": "1"
      }
    ]
  },
  {
    "Index": "35853",
    "RawText": "300*330 카라반텐트에 써봤는데 이 정도면 용량이 넘쳐서 반팔만 입을 정도로 금새 덥습니다.^^ 너무 따뜻해서 좋아요 그 큰텐트도 무난하게 따뜻할듯요",
    "Source": "쇼핑몰",
    "Domain": "가전",
    "MainCategory": "계절가전",
    "ProductName": "신일전자 SFH-1200SV",
    "ReviewScore": "5",
    "Syllable": "85",
    "Word": "19",
    "RDate": "20211111",
    "GeneralPolarity": "1",
    "Aspects": [
      {
        "Aspect": "용량",
        "SentimentText": "이 정도면 용량이 넘쳐서 반팔만 입을 정도로 금새 덥습니다.^^ ",
        "SentimentWord": "9",
        "SentimentPolarity": "1"
      },
      {
        "Aspect": "시간/속도",
        "SentimentText": "반팔만 입을 정도로 금새 덥습니다.^^ ",
        "SentimentWord": "5",
        "SentimentPolarity": "1"
      },
      {
        "Aspect": "기능",
        "SentimentText": "너무 따뜻해서 좋아요 ",
        "SentimentWord": "3",
        "SentimentPolarity": "1"
      }
    ]
  },
  {
    "Index": "35854",
    "RawText": "큰게 가장 할인을 많이 해서 젤 큰거로 구입했지만 가성비 좋아요. 올거울 낸방비 아끼려구 샀는데... 금새 따뜻해지고 이동도 편해서 자주 사용해 만족스럽습니다.",
    "Source": "쇼핑몰",
    "Domain": "가전",
    "MainCategory": "계절가전",
    "ProductName": "신일전자 SFH-1200SV",
    "ReviewScore": "5",
    "Syllable": "89",
    "Word": "21",
    "RDate": "20191105",
    "GeneralPolarity": "1",
    "Aspects": [
      {
        "Aspect": "가격",
        "SentimentText": "큰게 가장 할인을 많이 해서 젤 큰거로 구입했지만 가성비 좋아요.",
        "SentimentWord": "10",
        "SentimentPolarity": "1"
      },
      {
        "Aspect": "시간/속도",
        "SentimentText": "금새 따뜻해지고 이동도 편해서 자주 사용해 만족스럽습니다. ",
        "SentimentWord": "7",
        "SentimentPolarity": "1"
      },
      {
        "Aspect": "편의성",
        "SentimentText": "이동도 편해서 자주 사용해 만족스럽습니다. ",
        "SentimentWord": "5",
        "SentimentPolarity": "1"
      }
    ]
  },
  {
    "Index": "35855",
    "RawText": "비교적 대형 평수 아파트 거실에서 쓰는데 21도~23도 까지 약 10분정도도 안 걸려 깜짝 놀랐네요. 켤때는 냄새가 가까이 에서만 느껴지지만, 기기를 끌 때는 확실히 연료 냄새가 확 나니까 좀 별로네요.",
    "Source": "쇼핑몰",
    "Domain": "가전",
    "MainCategory": "계절가전",
    "ProductName": "신일전자 SFH-1200SV",
    "ReviewScore": "5",
    "Syllable": "113",
    "Word": "29",
    "RDate": "20191110",
    "Aspects": [
      {
        "Aspect": "시간/속도",
        "SentimentText": "비교적 대형 평수 아파트 거실에서 쓰는데 21도~23도 까지 약 10분정도도 안 걸려 깜짝 놀랐네요.",
        "SentimentWord": "14",
        "SentimentPolarity": "1"
      },
      {
        "Aspect": "품질",
        "SentimentText": "기기를 끌 때는 확실히 연료 냄새가 확 나니까 좀 별로네요.",
        "SentimentWord": "10",
        "SentimentPolarity": "-1"
      }
    ]
  },
  {
    "Index": "35856",
    "RawText": "다음 버전으로 업글 했는데 역시 성능은 만족스럽습니다. 사이즈도 적당해서 좋아요!",
    "Source": "쇼핑몰",
    "Domain": "가전",
    "MainCategory": "계절가전",
    "ProductName": "신일전자 SFH-1200SV",
    "ReviewScore": "5",
    "Syllable": "45",
    "Word": "10",
    "RDate": "20211207",
    "Aspects": [
      {
        "Aspect": "기능",
        "SentimentText": "다음 버전으로 업글 했는데 역시 성능은 만족스럽습니다. ",
        "SentimentWord": "7",
        "SentimentPolarity": "1"
      },
      {
        "Aspect": "사이즈",
        "SentimentText": " 사이즈도 적당해서 좋아요!",
        "SentimentWord": "3",
        "SentimentPolarity": "1"
      }
    ]
  },
  {
    "Index": "35857",
    "RawText": "최신 버전으로 구매했는데 캠핑할때 발열량이 충분해서 만족스러워요, 사용중에 오일 알람이 떠서 확인해보니 오일 거름망이 파손되어 당황스러웠어요.",
    "Source": "쇼핑몰",
    "Domain": "가전",
    "MainCategory": "계절가전",
    "ProductName": "신일전자 SFH-1200SV",
    "ReviewScore": "5",
    "Syllable": "79",
    "Word": "16",
    "RDate": "20191203",
    "GeneralPolarity": "0",
    "Aspects": [
      {
        "Aspect": "품질",
        "SentimentText": "캠핑할때 발열량이 충분해서 만족스러워요,",
        "SentimentWord": "4",
        "SentimentPolarity": "1"
      },
      {
        "Aspect": "내구성",
        "SentimentText": "오일 알람이 떠서 확인해보니 오일 거름망이 파손되어 당황스러웠어요.",
        "SentimentWord": "8",
        "SentimentPolarity": "-1"
      }
    ]
  },
  {
    "Index": "35859",
    "RawText": "가격이 내려가서 구매했는데..정말 가성비 갑이네요. 이 색상만 세일을 했지만 전 이 색상을 더  만족합니다",
    "Source": "쇼핑몰",
    "Domain": "가전",
    "MainCategory": "계절가전",
    "ProductName": "신일전자 SFH-1200SV",
    "ReviewScore": "5",
    "Syllable": "59",
    "Word": "14",
    "RDate": "20220221",
    "GeneralPolarity": "1",
    "Aspects": [
      {
        "Aspect": "가격",
        "SentimentText": "가격이 내려가서 구매했는데..정말 가성비 갑이네요. ",
        "SentimentWord": "5",
        "SentimentPolarity": "1"
      },
      {
        "Aspect": "색상",
        "SentimentText": " 이 색상만 세일을 했지만 전 이 색상을 더  만족합니다",
        "SentimentWord": "9",
        "SentimentPolarity": "1"
      }
    ]
  },
  {
    "Index": "35860",
    "RawText": "제품 가성비 최고네요 ^^ 현 시점으로 제일 싸게 구입했어요 굿~! 실버 주문했는데 원했던 아이보리 색상이 와서 더욱 만족해요 ~.  고민중인 분들은 바로 구입하시길요~!",
    "Source": "쇼핑몰",
    "Domain": "가전",
    "MainCategory": "계절가전",
    "ProductName": "신일전자 SFH-1200SV",
    "ReviewScore": "5",
    "Syllable": "95",
    "Word": "23",
    "RDate": "20200913",
    "GeneralPolarity": "1",
    "Aspects": [
      {
        "Aspect": "가격",
        "SentimentText": "제품 가성비 최고네요 ^^ 현 시점으로 제일 싸게 구입했어요 굿~!",
        "SentimentWord": "10",
        "SentimentPolarity": "1"
      },
      {
        "Aspect": "색상",
        "SentimentText": "실버 주문했는데 원했던 아이보리 색상이 와서 더욱 만족해요 ~. ",
        "SentimentWord": "9",
        "SentimentPolarity": "1"
      }
    ]
  },
  {
    "Index": "35861",
    "RawText": "기름 연비 좋아서 가스난방비 확 줄어 좋아요. ^^ 원하던 아이보리 색상이라 더 좋아요. ㅎㅎ 감사해요 ~!",
    "Source": "쇼핑몰",
    "Domain": "가전",
    "MainCategory": "계절가전",
    "ProductName": "신일전자 SFH-1200SV",
    "ReviewScore": "5",
    "Syllable": "60",
    "Word": "16",
    "RDate": "20211216",
    "GeneralPolarity": "1",
    "Aspects": [
      {
        "Aspect": "소비전력",
        "SentimentText": "기름 연비 좋아서 가스난방비 확 줄어 좋아요. ^^",
        "SentimentWord": "8",
        "SentimentPolarity": "1"
      },
      {
        "Aspect": "색상",
        "SentimentText": "원하던 아이보리 색상이라 더 좋아요. ㅎㅎ",
        "SentimentWord": "6",
        "SentimentPolarity": "1"
      }
    ]
  },
  {
    "Index": "35862",
    "RawText": "제품 저렴하게 구입해서 무척 좋습니다.  그리고 아이보리 색상 너무 예뻐요.  굿!!",
    "Source": "쇼핑몰",
    "Domain": "가전",
    "MainCategory": "계절가전",
    "ProductName": "신일전자 SFH-1200SV",
    "ReviewScore": "5",
    "Syllable": "47",
    "Word": "11",
    "RDate": "20211222",
    "GeneralPolarity": "1",
    "Aspects": [
      {
        "Aspect": "가격",
        "SentimentText": "제품 저렴하게 구입해서 무척 좋습니다. ",
        "SentimentWord": "5",
        "SentimentPolarity": "1"
      },
      {
        "Aspect": "색상",
        "SentimentText": " 아이보리 색상 너무 예뻐요.  굿!!",
        "SentimentWord": "5",
        "SentimentPolarity": "1"
      }
    ]
  },
  {
    "Index": "35863",
    "RawText": "제품 사용하면 공기가 너무 건조해서 불편합니다. ㅜ  또 냄새도 많이 나서 아파트 안에서 사용 못하겠어요. ㅜ 실망  또 바로구매 누르고 구입해야 청구 할인됩니다. 저는 모르고 주문해서 비싸게 주문했어요. 아쉬워요. ㅜ",
    "Source": "쇼핑몰",
    "Domain": "가전",
    "MainCategory": "계절가전",
    "ProductName": "신일전자 SFH-1200SV",
    "ReviewScore": "2",
    "Syllable": "122",
    "Word": "30",
    "RDate": "20201213",
    "GeneralPolarity": "-1",
    "Aspects": [
      {
        "Aspect": "편의성",
        "SentimentText": "제품 사용하면 공기가 너무 건조해서 불편합니다. ㅜ ",
        "SentimentWord": "7",
        "SentimentPolarity": "-1"
      },
      {
        "Aspect": "품질",
        "SentimentText": "또 냄새도 많이 나서 아파트 안에서 사용 못하겠어요. ㅜ 실망 ",
        "SentimentWord": "10",
        "SentimentPolarity": "-1"
      },
      {
        "Aspect": "가격",
        "SentimentText": "바로구매 누르고 구입해야 청구 할인됩니다. 저는 모르고 주문해서 비싸게 주문했어요. 아쉬워요. ㅜ ",
        "SentimentWord": "12",
        "SentimentPolarity": "-1"
      }
    ]
  },
  {
    "Index": "35866",
    "RawText": "겨울철 성수기라 제품 가격이 갑자기 올라서 비싸게 구입했어요. ㅜ 슬프네요.  제품 성능은 좋아서 한파에 동계캠핑용으로 잘 사용했습니다. ~!",
    "Source": "쇼핑몰",
    "Domain": "가전",
    "MainCategory": "계절가전",
    "ProductName": "신일전자 SFH-1200SV",
    "ReviewScore": "4",
    "Syllable": "79",
    "Word": "18",
    "RDate": "20201229",
    "GeneralPolarity": "0",
    "Aspects": [
      {
        "Aspect": "가격",
        "SentimentText": "겨울철 성수기라 제품 가격이 갑자기 올라서 비싸게 구입했어요. ㅜ 슬프네요. ",
        "SentimentWord": "10",
        "SentimentPolarity": "-1"
      },
      {
        "Aspect": "기능",
        "SentimentText": "제품 성능은 좋아서 한파에 동계캠핑용으로 잘 사용했습니다. ~!",
        "SentimentWord": "8",
        "SentimentPolarity": "1"
      }
    ]
  },
  {
    "Index": "35867",
    "RawText": "눈 여겨 보던 제품 할인할때 득템했습니다 사이즈가 생각보다 크지만 그래도 맘에 듭니다",
    "Source": "쇼핑몰",
    "Domain": "가전",
    "MainCategory": "계절가전",
    "ProductName": "신일전자 SFH-1200SV",
    "ReviewScore": "5",
    "Syllable": "47",
    "Word": "12",
    "RDate": "20200401",
    "Aspects": [
      {
        "Aspect": "가격",
        "SentimentText": "눈 여겨 보던 제품 할인할때 득템했습니다",
        "SentimentWord": "6",
        "SentimentPolarity": "1"
      },
      {
        "Aspect": "사이즈",
        "SentimentText": "사이즈가 생각보다 크지만 그래도 맘에 듭니다",
        "SentimentWord": "6",
        "SentimentPolarity": "0"
      }
    ]
  },
  {
    "Index": "35868",
    "RawText": "제품 비싸지만 그래도 다른곳에 비해 저렴하게 구입해 만족합니다.  화력도 좋고 공기가 금방 따뜻해져서 대만족입니다!!!",
    "Source": "쇼핑몰",
    "Domain": "가전",
    "MainCategory": "계절가전",
    "ProductName": "신일전자 SFH-1200SV",
    "ReviewScore": "5",
    "Syllable": "66",
    "Word": "14",
    "RDate": "20211008",
    "Aspects": [
      {
        "Aspect": "가격",
        "SentimentText": "제품 비싸지만 그래도 다른곳에 비해 저렴하게 구입해 만족합니다. ",
        "SentimentWord": "8",
        "SentimentPolarity": "0"
      },
      {
        "Aspect": "기능",
        "SentimentText": "화력도 좋고 공기가 금방 따뜻해져서 대만족입니다!!!",
        "SentimentWord": "6",
        "SentimentPolarity": "1"
      }
    ]
  },
  {
    "Index": "35869",
    "RawText": "고민 중에 제품 특가로 나와 급 구입했어요.  만족^^ 제품 하자 없이 깨끗한 제품 보내주셔서 감사합니다.    ",
    "Source": "쇼핑몰",
    "Domain": "가전",
    "MainCategory": "계절가전",
    "ProductName": "신일전자 SFH-1200SV",
    "ReviewScore": "5",
    "Syllable": "63",
    "Word": "15",
    "RDate": "20211205",
    "GeneralPolarity": "1",
    "Aspects": [
      {
        "Aspect": "가격",
        "SentimentText": "고민 중에 제품 특가로 나와 급 구입했어요.  만족^^",
        "SentimentWord": "8",
        "SentimentPolarity": "1"
      },
      {
        "Aspect": "품질",
        "SentimentText": "제품 하자 없이 깨끗한 제품 보내주셔서 감사합니다.  ",
        "SentimentWord": "7",
        "SentimentPolarity": "1"
      }
    ]
  },
  {
    "Index": "35870",
    "RawText": "주문 하루만에 총알 배송 ~! 좋아요 ^^ 색상 아이보리로!!!!!  와우~^^ 20년 8월 제조제품!!!!  대박 ^^ 감사해요.  아직 사용전이지만 좋은 제품이기를~!.",
    "Source": "쇼핑몰",
    "Domain": "가전",
    "MainCategory": "계절가전",
    "ProductName": "신일전자 SFH-1200SV",
    "ReviewScore": "5",
    "Syllable": "96",
    "Word": "20",
    "RDate": "20200918",
    "Aspects": [
      {
        "Aspect": "색상",
        "SentimentText": "색상 아이보리로!!!!!  와우~^^",
        "SentimentWord": "3",
        "SentimentPolarity": "1"
      },
      {
        "Aspect": "제조일/제조사",
        "SentimentText": "20년 8월 제조제품!!!!  대박 ^^ 감사해요. ",
        "SentimentWord": "6",
        "SentimentPolarity": "1"
      }
    ]
  },
  {
    "Index": "35871",
    "RawText": "가격이 저렴하니 너무 좋아서 잘산것같아요 다만 상당히 뜨거워져서 고장나지 않을까 걱정스럽네요 ㅜ ",
    "Source": "쇼핑몰",
    "Domain": "가전",
    "MainCategory": "계절가전",
    "ProductName": "신일전자 SFH-1200SV",
    "ReviewScore": "5",
    "Syllable": "54",
    "Word": "12",
    "RDate": "20220113",
    "GeneralPolarity": "0",
    "Aspects": [
      {
        "Aspect": "가격",
        "SentimentText": "가격이 저렴하니 너무 좋아서 잘산것같아요 ",
        "SentimentWord": "5",
        "SentimentPolarity": "1"
      },
      {
        "Aspect": "내구성",
        "SentimentText": "다만 상당히 뜨거워져서 고장나지 않을까 걱정스럽네요 ㅜ",
        "SentimentWord": "7",
        "SentimentPolarity": "-1"
      }
    ]
  },
  {
    "Index": "35872",
    "RawText": "구형제품으로 예상했는데,  와우~! 최신형 제품으로 배송해주셔서 감사해요 ^^ 부속품 구성에 누유방지캡도 포함이네요. 만원 절약 ㅎㅎ  신형 제품은 제품 박스 디자인도 새롭게 업그레이드 되어 멋지네요",
    "Source": "쇼핑몰",
    "Domain": "가전",
    "MainCategory": "계절가전",
    "ProductName": "신일전자 SFH-1200SV",
    "ReviewScore": "5",
    "Syllable": "111",
    "Word": "24",
    "RDate": "20191018",
    "GeneralPolarity": "1",
    "Aspects": [
      {
        "Aspect": "제조일/제조사",
        "SentimentText": "와우~! 최신형 제품으로 배송해주셔서 감사해요 ^^",
        "SentimentWord": "6",
        "SentimentPolarity": "1"
      },
      {
        "Aspect": "제품구성",
        "SentimentText": "부속품 구성에 누유방지캡도 포함이네요. 만원 절약 ㅎㅎ ",
        "SentimentWord": "7",
        "SentimentPolarity": "1"
      },
      {
        "Aspect": "디자인",
        "SentimentText": "신형 제품은 제품 박스 디자인도 새롭게 업그레이드 되어 멋지네요 ",
        "SentimentWord": "9",
        "SentimentPolarity": "1"
      }
    ]
  },
  {
    "Index": "35873",
    "RawText": "그레이 주문,  아이보리가 도착. 색상은 저에게 문제되지 않아서 괜찮습니다.  거실 전체를 커버하는 화력성능이 매우 좋습니다!",
    "Source": "쇼핑몰",
    "Domain": "가전",
    "MainCategory": "계절가전",
    "ProductName": "신일전자 SFH-1200SV",
    "ReviewScore": "5",
    "Syllable": "70",
    "Word": "15",
    "RDate": "20220111",
    "Aspects": [
      {
        "Aspect": "색상",
        "SentimentText": "그레이 주문,  아이보리가 도착. 색상은 저에게 문제되지 않아서 괜찮습니다. ",
        "SentimentWord": "9",
        "SentimentPolarity": "0"
      },
      {
        "Aspect": "기능",
        "SentimentText": "거실 전체를 커버하는 화력성능이 매우 좋습니다!",
        "SentimentWord": "6",
        "SentimentPolarity": "1"
      }
    ]
  },
  {
    "Index": "35874",
    "RawText": "이거 뭐죠? 아이보리 색상 ? 행복하네요 ㅋㅋ  잘 작동되고 더운바람이 잘 나와서 아주 따뜻해요^^  이번주 따뜻하게 지내겠어요.  많이 판매하십시오. ~@ 판매자님 굿~!",
    "Source": "쇼핑몰",
    "Domain": "가전",
    "MainCategory": "계절가전",
    "ProductName": "신일전자 SFH-1200SV",
    "ReviewScore": "5",
    "Syllable": "96",
    "Word": "22",
    "RDate": "20220104",
    "Aspects": [
      {
        "Aspect": "색상",
        "SentimentText": "이거 뭐죠? 아이보리 색상 ? 행복하네요 ㅋㅋ ",
        "SentimentWord": "7",
        "SentimentPolarity": "1"
      },
      {
        "Aspect": "기능",
        "SentimentText": "잘 작동되고 더운바람이 잘 나와서 아주 따뜻해요^^ ",
        "SentimentWord": "7",
        "SentimentPolarity": "1"
      }
    ]
  },
  {
    "Index": "35875",
    "RawText": "제품 성능 좋아 금새 따뜻해지네요.  제품 소음도 없어서 좋구요.  걱정했던 냄새는 아주 조금 나서 아쉬워요. 환기는 필수입니다.",
    "Source": "쇼핑몰",
    "Domain": "가전",
    "MainCategory": "계절가전",
    "ProductName": "신일전자 SFH-1200SV",
    "ReviewScore": "5",
    "Syllable": "72",
    "Word": "17",
    "RDate": "20211114",
    "GeneralPolarity": "0",
    "Aspects": [
      {
        "Aspect": "기능",
        "SentimentText": "제품 성능 좋아 금새 따뜻해지네요. ",
        "SentimentWord": "5",
        "SentimentPolarity": "1"
      },
      {
        "Aspect": "소음",
        "SentimentText": "제품 소음도 없어서 좋구요. ",
        "SentimentWord": "4",
        "SentimentPolarity": "1"
      },
      {
        "Aspect": "품질",
        "SentimentText": "걱정했던 냄새는 아주 조금 나서 아쉬워요. 환기는 필수입니다. ",
        "SentimentWord": "8",
        "SentimentPolarity": "-1"
      }
    ]
  },
  {
    "Index": "35876",
    "RawText": "사용 면적이 큰 1200으로 구매했는데  넓은공간도 금방 따뜻해지니 성능은 확실히 좋아요 디자인도 군더더기없이  깔끔해서 맘에 들어요 ",
    "Source": "쇼핑몰",
    "Domain": "가전",
    "MainCategory": "계절가전",
    "ProductName": "신일전자 SFH-1200SV",
    "ReviewScore": "4",
    "Syllable": "75",
    "Word": "16",
    "RDate": "20211007",
    "GeneralPolarity": "1",
    "Aspects": [
      {
        "Aspect": "기능",
        "SentimentText": "사용 면적이 큰 1200으로 구매했는데  넓은공간도 금방 따뜻해지니 성능은 확실히 좋아요",
        "SentimentWord": "11",
        "SentimentPolarity": "1"
      },
      {
        "Aspect": "디자인",
        "SentimentText": "디자인도 군더더기없이  깔끔해서 맘에 들어요",
        "SentimentWord": "5",
        "SentimentPolarity": "1"
      }
    ]
  },
  {
    "Index": "35877",
    "RawText": "기존 제품은 크고 공간만 많이 차지해서 별로 였는데 이거는 사이즈가 절반정도라 컴팩트해서 좋네요 근데 디자인이 좀 구식이네요",
    "Source": "쇼핑몰",
    "Domain": "가전",
    "MainCategory": "계절가전",
    "ProductName": "신일전자 SFH-1200SV",
    "ReviewScore": "5",
    "Syllable": "69",
    "Word": "17",
    "RDate": "20200529",
    "GeneralPolarity": "0",
    "Aspects": [
      {
        "Aspect": "사이즈",
        "SentimentText": "사이즈가 절반정도라 컴팩트해서 좋네요",
        "SentimentWord": "4",
        "SentimentPolarity": "1"
      },
      {
        "Aspect": "디자인",
        "SentimentText": "근데 디자인이 좀 구식이네요 ",
        "SentimentWord": "4",
        "SentimentPolarity": "-1"
      }
    ]
  },
  {
    "Index": "35878",
    "RawText": "금방 더운바람이 잘 나오니까 너무 따뜻해서 좋아요 설정온도 올릴때까지는 소리가 커서 놀랬지만  곧 괜찮아지구요",
    "Source": "쇼핑몰",
    "Domain": "가전",
    "MainCategory": "계절가전",
    "ProductName": "신일전자 SFH-1200SV",
    "ReviewScore": "5",
    "Syllable": "61",
    "Word": "14",
    "RDate": "20211210",
    "GeneralPolarity": "1",
    "Aspects": [
      {
        "Aspect": "기능",
        "SentimentText": "금방 더운바람이 잘 나오니까 너무 따뜻해서 좋아요",
        "SentimentWord": "7",
        "SentimentPolarity": "1"
      },
      {
        "Aspect": "소음",
        "SentimentText": "설정온도 올릴때까지는 소리가 커서 놀랬지만 곧 괜찮아지구요",
        "SentimentWord": "7",
        "SentimentPolarity": "0"
      }
    ]
  },
  {
    "Index": "35882",
    "RawText": "다른제품보다 가격대는 비싸지만  성능이 좋은건 최고예요 실버컬러로 주문했는데 아이보리로 와서 넘 좋습니다!! 배송도  완전 빠르게 도착했어요^^",
    "Source": "쇼핑몰",
    "Domain": "가전",
    "MainCategory": "계절가전",
    "ProductName": "신일전자 SFH-1200SV",
    "ReviewScore": "3",
    "Syllable": "80",
    "Word": "16",
    "RDate": "20200826",
    "Aspects": [
      {
        "Aspect": "가격",
        "SentimentText": "다른제품보다 가격대는 비싸지만  ",
        "SentimentWord": "3",
        "SentimentPolarity": "1"
      },
      {
        "Aspect": "색상",
        "SentimentText": "실버컬러로 주문했는데 아이보리로 와서 넘 좋습니다!!",
        "SentimentWord": "6",
        "SentimentPolarity": "1"
      },
      {
        "Aspect": "기능",
        "SentimentText": "성능이 좋은건 최고예요",
        "SentimentWord": "3",
        "SentimentPolarity": "1"
      }
    ]
  },
  {
    "Index": "35883",
    "RawText": "생각보다 사이즈가 작아 따뜻할까 걱정이에요  사용해보니 더운바람이 잘 나와서 너무 좋습니다 아주 잘쌌어요^^다른데보다 가격도 저렴해서 잘 구매했고  배송도 완전 빨라서 넘 만족해요",
    "Source": "쇼핑몰",
    "Domain": "가전",
    "MainCategory": "계절가전",
    "ProductName": "신일전자 SFH-1200SV",
    "ReviewScore": "5",
    "Syllable": "100",
    "Word": "22",
    "RDate": "20211007",
    "Aspects": [
      {
        "Aspect": "사이즈",
        "SentimentText": "생각보다 사이즈가 작아 따뜻할까 걱정이에요",
        "SentimentWord": "5",
        "SentimentPolarity": "0"
      },
      {
        "Aspect": "기능",
        "SentimentText": "사용해보니 더운바람이 잘 나와서 너무 좋습니다 아주 잘쌌어요^^",
        "SentimentWord": "8",
        "SentimentPolarity": "1"
      },
      {
        "Aspect": "가격",
        "SentimentText": "다른데보다 가격도 저렴해서 잘 구매했고 ",
        "SentimentWord": "5",
        "SentimentPolarity": "1"
      }
    ]
  },
  {
    "Index": "35884",
    "RawText": "정확한 실버색이라 촌스러운것같아서 아쉬워요 그리고 제조일이 작년이라 최신제조였음하는 아쉬움이 남네요  ",
    "Source": "쇼핑몰",
    "Domain": "가전",
    "MainCategory": "계절가전",
    "ProductName": "신일전자 SFH-1200SV",
    "ReviewScore": "5",
    "Syllable": "57",
    "Word": "10",
    "RDate": "20201019",
    "GeneralPolarity": "-1",
    "Aspects": [
      {
        "Aspect": "색상",
        "SentimentText": "정확한 실버색이라 촌스러운것같아서 아쉬워요",
        "SentimentWord": "4",
        "SentimentPolarity": "-1"
      },
      {
        "Aspect": "제조일/제조사",
        "SentimentText": "그리고 제조일이 작년이라 최신제조였음하는 아쉬움이 남네요",
        "SentimentWord": "6",
        "SentimentPolarity": "-1"
      }
    ]
  },
  {
    "Index": "35885",
    "RawText": "성능은 무난해서 사용하는데 불편하진 않아요  이동용 캡이 포함되어 있어서  따로 링 구매는 할필요없구요 색상은 질리지 않는 무난한 실버컬러로 왔네요",
    "Source": "쇼핑몰",
    "Domain": "가전",
    "MainCategory": "계절가전",
    "ProductName": "신일전자 SFH-1200SV",
    "ReviewScore": "5",
    "Syllable": "82",
    "Word": "19",
    "RDate": "20200103",
    "GeneralPolarity": "0",
    "Aspects": [
      {
        "Aspect": "기능",
        "SentimentText": "성능은 무난해서 사용하는데 불편하진 않아요 ",
        "SentimentWord": "5",
        "SentimentPolarity": "0"
      },
      {
        "Aspect": "제품구성",
        "SentimentText": "이동용 캡이 포함되어 있어서  따로 링 구매는 할필요없구요",
        "SentimentWord": "8",
        "SentimentPolarity": "1"
      },
      {
        "Aspect": "색상",
        "SentimentText": "색상은 질리지 않는 무난한 실버컬러로 왔네요",
        "SentimentWord": "6",
        "SentimentPolarity": "0"
      }
    ]
  },
  {
    "Index": "35886",
    "RawText": "시중가보다 엄청 저렴한 가격으로 구매해 만족해요  덕분에 깔끔한 아이보리색으로 겟했네요 선물 받았는데 넘 좋아요 감사해요",
    "Source": "쇼핑몰",
    "Domain": "가전",
    "MainCategory": "계절가전",
    "ProductName": "신일전자 SFH-1200SV",
    "ReviewScore": "5",
    "Syllable": "67",
    "Word": "15",
    "RDate": "20200917",
    "GeneralPolarity": "1",
    "Aspects": [
      {
        "Aspect": "가격",
        "SentimentText": "시중가보다 엄청 저렴한 가격으로 구매해 만족해요",
        "SentimentWord": "6",
        "SentimentPolarity": "1"
      },
      {
        "Aspect": "색상",
        "SentimentText": "깔끔한 아이보리색으로 겟했네요",
        "SentimentWord": "3",
        "SentimentPolarity": "1"
      }
    ]
  },
  {
    "Index": "35887",
    "RawText": "지인들이 ooo을 추천할만 했네요.~ 제품 품질 좋아요.  캠핑용으로 구입했지만 거실에서 조금만 틀어놔도 금방 따뜻해지네요. 구입하길 정말 잘했어요. ~  ",
    "Source": "쇼핑몰",
    "Domain": "가전",
    "MainCategory": "계절가전",
    "ProductName": "신일전자 SFH-1200SV",
    "ReviewScore": "5",
    "Syllable": "87",
    "Word": "18",
    "RDate": "20210122",
    "GeneralPolarity": "1",
    "Aspects": [
      {
        "Aspect": "품질",
        "SentimentText": "지인들이 ooo을 추천할만 했네요.~ 제품 품질 좋아요. ",
        "SentimentWord": "7",
        "SentimentPolarity": "1"
      },
      {
        "Aspect": "기능",
        "SentimentText": "거실에서 조금만 틀어놔도 금방 따뜻해지네요. 구입하길 정말 잘했어요. ~ ",
        "SentimentWord": "9",
        "SentimentPolarity": "1"
      }
    ]
  },
  {
    "Index": "35888",
    "RawText": "이곳 저곳 비교해보고 가장 저렴한 곳에서 구입해서 좋네요   21.3월 제조한 제품이라 더욱 만족합니다.  빠르게 제품 배송해주셔서 감사합니다. ^^",
    "Source": "쇼핑몰",
    "Domain": "가전",
    "MainCategory": "계절가전",
    "ProductName": "신일전자 SFH-1200SV",
    "ReviewScore": "5",
    "Syllable": "83",
    "Word": "18",
    "RDate": "20211002",
    "Aspects": [
      {
        "Aspect": "가격",
        "SentimentText": "이곳 저곳 비교해보고 가장 저렴한 곳에서 구입해서 좋네요 ",
        "SentimentWord": "8",
        "SentimentPolarity": "1"
      },
      {
        "Aspect": "제조일/제조사",
        "SentimentText": " 21.3월 제조한 제품이라 더욱 만족합니다. ",
        "SentimentWord": "5",
        "SentimentPolarity": "1"
      }
    ]
  },
  {
    "Index": "35889",
    "RawText": "비교해보고 가장 가격 저렴한 곳에서 득템했어요. ^^ 제품 사이즈는 엄청 커서 놀랐어요.  좀 아쉽네요. ㅜ  ",
    "Source": "쇼핑몰",
    "Domain": "가전",
    "MainCategory": "계절가전",
    "ProductName": "신일전자 SFH-1200SV",
    "ReviewScore": "5",
    "Syllable": "62",
    "Word": "15",
    "RDate": "20210131",
    "GeneralPolarity": "0",
    "Aspects": [
      {
        "Aspect": "가격",
        "SentimentText": "비교해보고 가장 가격 저렴한 곳에서 득템했어요. ^^",
        "SentimentWord": "7",
        "SentimentPolarity": "1"
      },
      {
        "Aspect": "사이즈",
        "SentimentText": "제품 사이즈는 엄청 커서 놀랐어요.  좀 아쉽네요. ㅜ ",
        "SentimentWord": "8",
        "SentimentPolarity": "-1"
      }
    ]
  },
  {
    "Index": "35890",
    "RawText": "강추위에 단독주택에서 사용하는데 ,성능이 무척 좋아 1,2층 모두 온기를 전해주네요.  다만 제품에 바퀴가 달려있지 않아 이동할때 불편해요. ㅜ  저는 바퀴달린 상을 구입해서 위에 올려놓고 이동하고 있어요.",
    "Source": "쇼핑몰",
    "Domain": "가전",
    "MainCategory": "계절가전",
    "ProductName": "신일전자 SFH-1200SV",
    "ReviewScore": "5",
    "Syllable": "115",
    "Word": "26",
    "RDate": "20210111",
    "GeneralPolarity": "0",
    "Aspects": [
      {
        "Aspect": "기능",
        "SentimentText": "성능이 무척 좋아 1,2층 모두 온기를 전해주네요. ",
        "SentimentWord": "7",
        "SentimentPolarity": "1"
      },
      {
        "Aspect": "편의성",
        "SentimentText": "제품에 바퀴가 달려있지 않아 이동할때 불편해요. ㅜ ",
        "SentimentWord": "7",
        "SentimentPolarity": "-1"
      }
    ]
  },
  {
    "Index": "35891",
    "RawText": "금방 따뜻해지고 따뜻함이 지속되니 성능이 아주 좋아요 다만 촌스러운 실버색상이 조금 아쉽네요  ",
    "Source": "쇼핑몰",
    "Domain": "가전",
    "MainCategory": "계절가전",
    "ProductName": "신일전자 SFH-1200SV",
    "ReviewScore": "5",
    "Syllable": "53",
    "Word": "12",
    "RDate": "20200923",
    "GeneralPolarity": "0",
    "Aspects": [
      {
        "Aspect": "기능",
        "SentimentText": "금방 따뜻해지고 따뜻함이 지속되니 성능이 아주 좋아요",
        "SentimentWord": "7",
        "SentimentPolarity": "1"
      },
      {
        "Aspect": "색상",
        "SentimentText": "다만 촌스러운 실버색상이 조금 아쉽네요 ",
        "SentimentWord": "5",
        "SentimentPolarity": "-1"
      }
    ]
  },
  {
    "Index": "35892",
    "RawText": "대박..상품 제품 저렴한 가격에 만족합니다.  상품 품질도 좋아요. 원했던 아이보리색으로 배송되었어요. 운이 좋았어요 ^^  \u003d",
    "Source": "쇼핑몰",
    "Domain": "가전",
    "MainCategory": "계절가전",
    "ProductName": "신일전자 SFH-1200SV",
    "ReviewScore": "5",
    "Syllable": "71",
    "Word": "15",
    "RDate": "20211216",
    "GeneralPolarity": "1",
    "Aspects": [
      {
        "Aspect": "가격",
        "SentimentText": "제품 저렴한 가격에 만족합니다. ",
        "SentimentWord": "4",
        "SentimentPolarity": "1"
      },
      {
        "Aspect": "품질",
        "SentimentText": "상품 품질도 좋아요.",
        "SentimentWord": "3",
        "SentimentPolarity": "1"
      },
      {
        "Aspect": "색상",
        "SentimentText": "원했던 아이보리색으로 배송되었어요. 운이 좋았어요 ^^  \u003d",
        "SentimentWord": "7",
        "SentimentPolarity": "1"
      }
    ]
  },
  {
    "Index": "35893",
    "RawText": "배송되자마자 제품 테스트했는데 소문대로 거의 냄새 없네요.  제품 화력도 무척 좋아요.  할인받아 제품 싸게 잘샀어요. ^^  올 겨울 따뜻하게 잘 보낼 것 같아요.",
    "Source": "쇼핑몰",
    "Domain": "가전",
    "MainCategory": "계절가전",
    "ProductName": "신일전자 SFH-1200SV",
    "ReviewScore": "5",
    "Syllable": "92",
    "Word": "23",
    "RDate": "20210911",
    "GeneralPolarity": "1",
    "Aspects": [
      {
        "Aspect": "품질",
        "SentimentText": "배송되자마자 제품 테스트했는데 소문대로 거의 냄새 없네요. ",
        "SentimentWord": "7",
        "SentimentPolarity": "1"
      },
      {
        "Aspect": "품질",
        "SentimentText": "제품 화력도 무척 좋아요. ",
        "SentimentWord": "4",
        "SentimentPolarity": "1"
      },
      {
        "Aspect": "가격",
        "SentimentText": "할인받아 제품 싸게 잘샀어요. ^^",
        "SentimentWord": "5",
        "SentimentPolarity": "1"
      }
    ]
  },
  {
    "Index": "35894",
    "RawText": "동계캠핑용으로 구입했어요.. 배송오고 바로 사용해보았는데 성능 대박입니다. ㅋㅋ 더워요. 너무 더워서 잘때 반팔입으려구요..  작동 소음도 거의 없어서 정말 좋네요 ㅎ",
    "Source": "쇼핑몰",
    "Domain": "가전",
    "MainCategory": "계절가전",
    "ProductName": "신일전자 SFH-1200SV",
    "ReviewScore": "5",
    "Syllable": "93",
    "Word": "20",
    "RDate": "20201204",
    "Aspects": [
      {
        "Aspect": "기능",
        "SentimentText": "배송오고 바로 사용해보았는데 성능 대박입니다. ㅋㅋ 더워요. 너무 더워서 잘때 반팔입으려구요.. ",
        "SentimentWord": "11",
        "SentimentPolarity": "1"
      },
      {
        "Aspect": "소음",
        "SentimentText": "작동 소음도 거의 없어서 정말 좋네요 ㅎ",
        "SentimentWord": "7",
        "SentimentPolarity": "1"
      }
    ]
  },
  {
    "Index": "35895",
    "RawText": "동계캠핑에서 이제품 하나 사용했는데 성능이 좋아 텐트에서 반팔입고 지냈어요. ㅎㅎ 다만 사용중에 냄새가 좀 나기 때문에 목이 칼칼했고 수시로 환기도 필요했어요.  ㅜ  ",
    "Source": "쇼핑몰",
    "Domain": "가전",
    "MainCategory": "계절가전",
    "ProductName": "신일전자 SFH-1200SV",
    "ReviewScore": "5",
    "Syllable": "94",
    "Word": "22",
    "RDate": "20220207",
    "GeneralPolarity": "0",
    "Aspects": [
      {
        "Aspect": "기능",
        "SentimentText": "동계캠핑에서 이제품 하나 사용했는데 성능이 좋아 텐트에서 반팔입고 지냈어요. ㅎㅎ",
        "SentimentWord": "10",
        "SentimentPolarity": "1"
      },
      {
        "Aspect": "품질",
        "SentimentText": "사용중에 냄새가 좀 나기 때문에 목이 칼칼했고 수시로 환기도 필요했어요.  ㅜ ",
        "SentimentWord": "11",
        "SentimentPolarity": "-1"
      }
    ]
  },
  {
    "Index": "35896",
    "RawText": "실버컬러 좋아해서 주문했는데 아이보리색이 왔어요ㅠ 제품 가격이 너무 고가라 집 보일러보다 비싸네요.  가격이 부담되었어요. ㅜ   값비싼 히터 잘 사용할게요 ~!",
    "Source": "쇼핑몰",
    "Domain": "가전",
    "MainCategory": "계절가전",
    "ProductName": "신일전자 SFH-1200SV",
    "ReviewScore": "5",
    "Syllable": "90",
    "Word": "20",
    "RDate": "20211206",
    "Aspects": [
      {
        "Aspect": "색상",
        "SentimentText": "실버컬러 좋아해서 주문했는데 아이보리색이 왔어요ㅠ",
        "SentimentWord": "5",
        "SentimentPolarity": "-1"
      },
      {
        "Aspect": "가격",
        "SentimentText": "제품 가격이 너무 고가라 집 보일러보다 비싸네요.  가격이 부담되었어요. ㅜ  ",
        "SentimentWord": "10",
        "SentimentPolarity": "-1"
      }
    ]
  },
  {
    "Index": "35897",
    "RawText": "실내에서 사용해보니 기름냄새가 많이 나서 머리가 어지럽네요. ㅜ 야외에서만 사용해야겠어요.  그래도 제품은 켜면 금방 따뜻해지고 화력도 좋아 만족해요.",
    "Source": "쇼핑몰",
    "Domain": "가전",
    "MainCategory": "계절가전",
    "ProductName": "신일전자 SFH-1200SV",
    "ReviewScore": "4",
    "Syllable": "84",
    "Word": "18",
    "RDate": "20220130",
    "GeneralPolarity": "0",
    "Aspects": [
      {
        "Aspect": "품질",
        "SentimentText": "실내에서 사용해보니 기름냄새가 많이 나서 머리가 어지럽네요. ㅜ",
        "SentimentWord": "8",
        "SentimentPolarity": "-1"
      },
      {
        "Aspect": "기능",
        "SentimentText": "그래도 제품은 켜면 금방 따뜻해지고 화력도 좋아 만족해요. ",
        "SentimentWord": "8",
        "SentimentPolarity": "1"
      }
    ]
  },
  {
    "Index": "35899",
    "RawText": "제품 마음에 들어요.  제품 온오프시 냄새가 조금 나는데 그외에는 괜찮아서 불편함 없어요.  가격도 이것저것 할인 많이 받아 저렴하게 구입 잘했어요 ^^",
    "Source": "쇼핑몰",
    "Domain": "가전",
    "MainCategory": "계절가전",
    "ProductName": "신일전자 SFH-1200SV",
    "ReviewScore": "5",
    "Syllable": "85",
    "Word": "21",
    "RDate": "20201114",
    "GeneralPolarity": "1",
    "Aspects": [
      {
        "Aspect": "품질",
        "SentimentText": "제품 온오프시 냄새가 조금 나는데 그외에는 괜찮아서 불편함 없어요. ",
        "SentimentWord": "9",
        "SentimentPolarity": "1"
      },
      {
        "Aspect": "가격",
        "SentimentText": "가격도 이것저것 할인 많이 받아 저렴하게 구입 잘했어요 ^^",
        "SentimentWord": "9",
        "SentimentPolarity": "1"
      },
      {
        "Aspect": "품질",
        "SentimentText": "제품 마음에 들어요",
        "SentimentWord": "3",
        "SentimentPolarity": "1"
      }
    ]
  },
  {
    "Index": "35900",
    "RawText": "작동이 잘되고 따뜻하니 성능이 우수한것같아서 잘 산것같아요 다만 색상이 실버색상 한가지라 아쉽네요  ",
    "Source": "쇼핑몰",
    "Domain": "가전",
    "MainCategory": "계절가전",
    "ProductName": "신일전자 SFH-1200SV",
    "ReviewScore": "5",
    "Syllable": "56",
    "Word": "12",
    "RDate": "20220223",
    "GeneralPolarity": "0",
    "Aspects": [
      {
        "Aspect": "기능",
        "SentimentText": "작동이 잘되고 따뜻하니 성능이 우수한것같아서 잘 산것같아요",
        "SentimentWord": "7",
        "SentimentPolarity": "1"
      },
      {
        "Aspect": "색상",
        "SentimentText": "다만 색상이 실버색상 한가지라 아쉽네요 ",
        "SentimentWord": "5",
        "SentimentPolarity": "-1"
      }
    ]
  },
  {
    "Index": "35901",
    "RawText": "주문한 상품이 불량품이 와서 반품처리 후 새로 급히 주문했어요ㅜ 제품 검수 꼼꼼하게 안하시나요. 너무 번거로웠습니다. ㅜ 금요일날 꼭 필요해서 다시 새제품 주문했는데 이번 배송은 금요일 오전에 딱 맞춰 배송해주셔서 만족했어요.  배송 포장도 깨끗해서 좋았어요. 기름 냄새가 좀 나서 처음에 신경쓰였지만, 그건 검수과정에서 품질테스트 하느라 기름넣어 나는 거라고 해서 넘어가려구요.. ㅋ 괜찮아요.  캠핑 3일동안 10L의 등유만 사용해서 기름 연비 효율 좋다고 느꼈고 만족해요.  또 에코모드 기능으로 설정하니 오래가고 따듯해서 정말 좋았네요. 강추~!",
    "Source": "쇼핑몰",
    "Domain": "가전",
    "MainCategory": "계절가전",
    "ProductName": "신일전자 SFH-1200SV",
    "ReviewScore": "5",
    "Syllable": "309",
    "Word": "71",
    "RDate": "20211214",
    "Aspects": [
      {
        "Aspect": "품질",
        "SentimentText": "주문한 상품이 불량품이 와서 반품처리 후 새로 급히 주문했어요ㅜ 제품 검수 꼼꼼하게 안하시나요. 너무 번거로웠습니다. ㅜ",
        "SentimentWord": "16",
        "SentimentPolarity": "-1"
      },
      {
        "Aspect": "품질",
        "SentimentText": "기름 냄새가 좀 나서 처음에 신경쓰였지만,",
        "SentimentWord": "6",
        "SentimentPolarity": "-1"
      },
      {
        "Aspect": "소비전력",
        "SentimentText": "캠핑 3일동안 10L의 등유만 사용해서 기름 연비 효율 좋다고 느꼈고 만족해요. ",
        "SentimentWord": "11",
        "SentimentPolarity": "1"
      },
      {
        "Aspect": "기능",
        "SentimentText": "또 에코모드 기능으로 설정하니 오래가고 따듯해서 정말 좋았네요. 강추~! ",
        "SentimentWord": "9",
        "SentimentPolarity": "1"
      }
    ]
  },
  {
    "Index": "35902",
    "RawText": "가격이 너무 고가여서 많이 고민하고 구매했어요... 다행히 사용해보니 작동 잘되고 성능 좋네요. ~!^^   다음주 캠핑에서 잘 사용할게요~!",
    "Source": "쇼핑몰",
    "Domain": "가전",
    "MainCategory": "계절가전",
    "ProductName": "신일전자 SFH-1200SV",
    "ReviewScore": "5",
    "Syllable": "79",
    "Word": "17",
    "RDate": "20211030",
    "Aspects": [
      {
        "Aspect": "가격",
        "SentimentText": "가격이 너무 고가여서 많이 고민하고 구매했어요...",
        "SentimentWord": "6",
        "SentimentPolarity": "-1"
      },
      {
        "Aspect": "기능",
        "SentimentText": "다행히 사용해보니 작동 잘되고 성능 좋네요. ~!^^  ",
        "SentimentWord": "7",
        "SentimentPolarity": "1"
      }
    ]
  },
  {
    "Index": "35903",
    "RawText": "실버 주문하고 아이보리 원했는데 딱 아이보리 색상이 배송되었어요. 와우~!^^ 제품 성능은 소문대로 아주 좋습니다",
    "Source": "쇼핑몰",
    "Domain": "가전",
    "MainCategory": "계절가전",
    "ProductName": "신일전자 SFH-1200SV",
    "ReviewScore": "5",
    "Syllable": "63",
    "Word": "14",
    "RDate": "20200924",
    "GeneralPolarity": "1",
    "Aspects": [
      {
        "Aspect": "색상",
        "SentimentText": "실버 주문하고 아이보리 원했는데 딱 아이보리 색상이 배송되었어요. 와우~!^^",
        "SentimentWord": "9",
        "SentimentPolarity": "1"
      },
      {
        "Aspect": "기능",
        "SentimentText": "제품 성능은 소문대로 아주 좋습니다",
        "SentimentWord": "5",
        "SentimentPolarity": "1"
      }
    ]
  },
  {
    "Index": "35904",
    "RawText": "제품 도착하자마자 켜보았는데 품질이 좋네요.  10분만 작동시켜도 내부 공기가 훈훈해집니다. 성능 좋네요. ^^",
    "Source": "쇼핑몰",
    "Domain": "가전",
    "MainCategory": "계절가전",
    "ProductName": "신일전자 SFH-1200SV",
    "ReviewScore": "5",
    "Syllable": "62",
    "Word": "13",
    "RDate": "20211222",
    "GeneralPolarity": "1",
    "Aspects": [
      {
        "Aspect": "품질",
        "SentimentText": "제품 도착하자마자 켜보았는데 품질이 좋네요. ",
        "SentimentWord": "5",
        "SentimentPolarity": "1"
      },
      {
        "Aspect": "기능",
        "SentimentText": "10분만 작동시켜도 내부 공기가 훈훈해집니다. 성능 좋네요. ^^ ",
        "SentimentWord": "8",
        "SentimentPolarity": "1"
      }
    ]
  },
  {
    "Index": "35905",
    "RawText": "저렴한 가격에 구매해서 기분좋네요^^ 실버 주문했는데 아이보리 색상이 왔고 색상 아주 만족합니다.",
    "Source": "쇼핑몰",
    "Domain": "가전",
    "MainCategory": "계절가전",
    "ProductName": "신일전자 SFH-1200SV",
    "ReviewScore": "5",
    "Syllable": "54",
    "Word": "12",
    "RDate": "20210720",
    "Aspects": [
      {
        "Aspect": "가격",
        "SentimentText": "저렴한 가격에 구매해서 기분좋네요^^",
        "SentimentWord": "4",
        "SentimentPolarity": "1"
      },
      {
        "Aspect": "색상",
        "SentimentText": "실버 주문했는데 아이보리 색상이 왔고 색상 아주 만족합니다. ",
        "SentimentWord": "8",
        "SentimentPolarity": "1"
      }
    ]
  },
  {
    "Index": "35907",
    "RawText": "제품 배송 빨라 좋구요.  제품 포장을 뽁뽁이로 꼼꼼하게 해주셔서  찌그런진곳 없이 깨끗하게 배송되었어요.   모양이 너무 촌스러워서 인테리어 효과는 없네요. 거실에서 틀었는데 그다지 따뜻하지 않아요",
    "Source": "쇼핑몰",
    "Domain": "가전",
    "MainCategory": "계절가전",
    "ProductName": "신일전자 SFH-1200SV",
    "ReviewScore": "5",
    "Syllable": "111",
    "Word": "24",
    "RDate": "20200922",
    "Aspects": [
      {
        "Aspect": "디자인",
        "SentimentText": "모양이 너무 촌스러워서 인테리어 효과는 없네요.",
        "SentimentWord": "6",
        "SentimentPolarity": "-1"
      },
      {
        "Aspect": "기능",
        "SentimentText": "거실에서 틀었는데 그다지 따뜻하지 않아요",
        "SentimentWord": "5",
        "SentimentPolarity": "-1"
      }
    ]
  },
  {
    "Index": "35908",
    "RawText": "배송 무척 빨라요 ^^ 예전 사용하던 제품에 비해 가벼워서 휴대하기 편리해요.  제품 화력도 무척 만족합니다. ~",
    "Source": "쇼핑몰",
    "Domain": "가전",
    "MainCategory": "계절가전",
    "ProductName": "신일전자 SFH-1200SV",
    "ReviewScore": "5",
    "Syllable": "63",
    "Word": "16",
    "RDate": "20210101",
    "Aspects": [
      {
        "Aspect": "무게",
        "SentimentText": "예전 사용하던 제품에 비해 가벼워서 휴대하기 편리해요. ",
        "SentimentWord": "7",
        "SentimentPolarity": "1"
      },
      {
        "Aspect": "기능",
        "SentimentText": "제품 화력도 무척 만족합니다. ~ ",
        "SentimentWord": "5",
        "SentimentPolarity": "1"
      }
    ]
  },
  {
    "Index": "35909",
    "RawText": "제품 배송 빨라서 좋아요.  제품 포장도 꼼꼼하게 해주셔서 흠집없이 안전하게 도착했어요.  ^^ 제품 박스 왜케 커요\u003e? ㅋㅋ 택새박스가 문앞을 막고 있네요. ㅋㅋㅋ 가격도 저렴하게 잘 구입해서 만족합니다. 두번 사용하고 작동이 안되네요. 반품하고 싶어요.ㅠㅠ",
    "Source": "쇼핑몰",
    "Domain": "가전",
    "MainCategory": "계절가전",
    "ProductName": "신일전자 SFH-1200SV",
    "ReviewScore": "5",
    "Syllable": "145",
    "Word": "33",
    "RDate": "20220322",
    "Aspects": [
      {
        "Aspect": "품질",
        "SentimentText": "두번 사용하고 작동이 안되네요. 반품하고 싶어요.ㅠㅠ",
        "SentimentWord": "6",
        "SentimentPolarity": "-1"
      },
      {
        "Aspect": "가격",
        "SentimentText": "가격도 저렴하게 잘 구입해서 만족합니다. ",
        "SentimentWord": "5",
        "SentimentPolarity": "1"
      }
    ]
  },
  {
    "Index": "35910",
    "RawText": "배송이 진짜 빨라 좋았어요. 찍힌자국도 긁힌자국도 없이 포장도 잘 되어 왔구요 근데 새상품인데 기름 냄새가 조금나던데 원래그런건가요? 우찌됐든 잘쓸께요 배송받은 실버 색상이 촌스럽고 올드하네요. 사용하면서 소음이 생각보다 많이 나네요.",
    "Source": "쇼핑몰",
    "Domain": "가전",
    "MainCategory": "계절가전",
    "ProductName": "신일전자 SFH-1200SV",
    "ReviewScore": "5",
    "Syllable": "131",
    "Word": "29",
    "RDate": "20220521",
    "Aspects": [
      {
        "Aspect": "색상",
        "SentimentText": "배송받은 실버 색상이 촌스럽고 올드하네요.",
        "SentimentWord": "5",
        "SentimentPolarity": "-1"
      },
      {
        "Aspect": "소음",
        "SentimentText": "사용하면서 소음이 생각보다 많이 나네요.",
        "SentimentWord": "5",
        "SentimentPolarity": "-1"
      }
    ]
  },
  {
    "Index": "35911",
    "RawText": "제조일이 최근 생산된 제품이라 더욱 좋습니다~^^ 추운날 실내 온도를 빠르게 올려주니 넘  따뜻해서 만족스럽네요",
    "Source": "쇼핑몰",
    "Domain": "가전",
    "MainCategory": "계절가전",
    "ProductName": "신일전자 SFH-1200SV",
    "ReviewScore": "5",
    "Syllable": "62",
    "Word": "14",
    "RDate": "20220104",
    "Aspects": [
      {
        "Aspect": "제조일/제조사",
        "SentimentText": "제조일이 최근 생산된 제품이라 더욱 좋습니다~^^",
        "SentimentWord": "6",
        "SentimentPolarity": "1"
      },
      {
        "Aspect": "기능",
        "SentimentText": "추운날 실내 온도를 빠르게 올려주니 넘  따뜻해서 만족스럽네요",
        "SentimentWord": "8",
        "SentimentPolarity": "1"
      }
    ]
  },
  {
    "Index": "35912",
    "RawText": "쿠폰 사용해서 가격도 저렴하게 잘 샀어요^^ 실버 주문했는데 아이보리 보내주셔서 더욱 감사합니다 ^^",
    "Source": "쇼핑몰",
    "Domain": "가전",
    "MainCategory": "계절가전",
    "ProductName": "신일전자 SFH-1200SV",
    "ReviewScore": "5",
    "Syllable": "56",
    "Word": "13",
    "RDate": "20211202",
    "Aspects": [
      {
        "Aspect": "가격",
        "SentimentText": "쿠폰 사용해서 가격도 저렴하게 잘 샀어요^^",
        "SentimentWord": "6",
        "SentimentPolarity": "1"
      },
      {
        "Aspect": "색상",
        "SentimentText": "실버 주문했는데 아이보리 보내주셔서 더욱 감사합니다 ^^",
        "SentimentWord": "7",
        "SentimentPolarity": "0"
      }
    ]
  },
  {
    "Index": "35913",
    "RawText": "배송도 빠르게 받아서 좋았어요. 생산된지 오래되지 않은 제품이라 믿음이 가더라구요,가격도 최저가라 넘 좋네요!!ㅎㅎ",
    "Source": "쇼핑몰",
    "Domain": "가전",
    "MainCategory": "계절가전",
    "ProductName": "신일전자 SFH-1200SV",
    "ReviewScore": "5",
    "Syllable": "64",
    "Word": "13",
    "RDate": "20191020",
    "Aspects": [
      {
        "Aspect": "제조일/제조사",
        "SentimentText": "생산된지 오래되지 않은 제품이라 믿음이 가더라구요,",
        "SentimentWord": "6",
        "SentimentPolarity": "1"
      },
      {
        "Aspect": "가격",
        "SentimentText": "가격도 최저가라 넘 좋네요!!ㅎㅎ",
        "SentimentWord": "4",
        "SentimentPolarity": "1"
      }
    ]
  },
  {
    "Index": "35915",
    "RawText": "우선 배송이 엄청 빨라 좋았고 키면 금방 따뜻해 지니 맘에 드네요. 작은 비닐하우스의 온도가 30분도 채 안되어서 10도 높아졌네요~",
    "Source": "쇼핑몰",
    "Domain": "가전",
    "MainCategory": "계절가전",
    "ProductName": "신일전자 SFH-1200SV",
    "ReviewScore": "5",
    "Syllable": "74",
    "Word": "19",
    "RDate": "20211113",
    "Aspects": [
      {
        "Aspect": "기능",
        "SentimentText": "키면 금방 따뜻해 지니 맘에 드네요. ",
        "SentimentWord": "6",
        "SentimentPolarity": "1"
      },
      {
        "Aspect": "시간/속도",
        "SentimentText": "작은 비닐하우스의 온도가 30분도 채 안되어서 10도 높아졌네요~",
        "SentimentWord": "8",
        "SentimentPolarity": "1"
      }
    ]
  },
  {
    "Index": "35916",
    "RawText": "디자인이 고급스러워 인테리어 효과도 있어서 좋아요!! 시운전도 했는데 빠르게 난방이 잘 됩니다. 켜고 끌때 냄새는 어쩔수없겠죠ㅠ",
    "Source": "쇼핑몰",
    "Domain": "가전",
    "MainCategory": "계절가전",
    "ProductName": "신일전자 SFH-1200SV",
    "ReviewScore": "5",
    "Syllable": "71",
    "Word": "16",
    "RDate": "20210408",
    "Aspects": [
      {
        "Aspect": "디자인",
        "SentimentText": "디자인이 고급스러워 인테리어 효과도 있어서 좋아요!! ",
        "SentimentWord": "6",
        "SentimentPolarity": "1"
      },
      {
        "Aspect": "시간/속도",
        "SentimentText": "시운전도 했는데 빠르게 난방이 잘 됩니다. ",
        "SentimentWord": "6",
        "SentimentPolarity": "1"
      }
    ]
  },
  {
    "Index": "35917",
    "RawText": "실버 색상 주문했는데 아이보리색으로 와서 당황했지만 나쁘진 않네요 가격대가 있었지만 나름 저렴하게 구메해서 좋았구요, 배송은 굉장히 빨리 와서 아주 좋네요.",
    "Source": "쇼핑몰",
    "Domain": "가전",
    "MainCategory": "계절가전",
    "ProductName": "신일전자 SFH-1200SV",
    "ReviewScore": "4",
    "Syllable": "87",
    "Word": "20",
    "RDate": "20210930",
    "Aspects": [
      {
        "Aspect": "색상",
        "SentimentText": "실버 색상 주문했는데 아이보리색으로 와서 당황했지만 나쁘진 않네요",
        "SentimentWord": "8",
        "SentimentPolarity": "0"
      },
      {
        "Aspect": "가격",
        "SentimentText": "가격대가 있었지만 나름 저렴하게 구메해서 좋았구요,",
        "SentimentWord": "6",
        "SentimentPolarity": "1"
      }
    ]
  },
  {
    "Index": "35918",
    "RawText": "배송도 굉장히  빠르게 잘 도착했고  포장상태도 찌그러진곳 하나 없이 깔끔해서 좋아요.  실버컬러 주문했는데  아이보리로  왔지만  맘에 들어요 ^^ 새로운 제품이라 그런가 작동 방식이 어려워서 좌절하는 중이에요",
    "Source": "쇼핑몰",
    "Domain": "가전",
    "MainCategory": "계절가전",
    "ProductName": "신일전자 SFH-1200SV",
    "ReviewScore": "5",
    "Syllable": "118",
    "Word": "26",
    "RDate": "20200923",
    "Aspects": [
      {
        "Aspect": "조작성",
        "SentimentText": "새로운 제품이라 그런가 작동 방식이 어려워서 좌절하는 중이에요",
        "SentimentWord": "8",
        "SentimentPolarity": "-1"
      },
      {
        "Aspect": "색상",
        "SentimentText": "실버컬러 주문했는데  아이보리로  왔지만  맘에 들어요 ^^ ",
        "SentimentWord": "7",
        "SentimentPolarity": "1"
      }
    ]
  },
  {
    "Index": "35919",
    "RawText": "실버컬러가 고급스럽고 예쁘네요~^^ 추운날씨 집안과 캠핑장에서  따뜻하고 편리하게 사용하려고 구매했는데 만족해요",
    "Source": "쇼핑몰",
    "Domain": "가전",
    "MainCategory": "계절가전",
    "ProductName": "신일전자 SFH-1200SV",
    "ReviewScore": "4",
    "Syllable": "62",
    "Word": "11",
    "RDate": "20191013",
    "Aspects": [
      {
        "Aspect": "색상",
        "SentimentText": "실버컬러가 고급스럽고 예쁘네요~^^",
        "SentimentWord": "3",
        "SentimentPolarity": "1"
      },
      {
        "Aspect": "편의성",
        "SentimentText": "추운날씨 집안과 캠핑장에서  따뜻하고 편리하게 사용하려고 구매했는데 만족해요",
        "SentimentWord": "8",
        "SentimentPolarity": "1"
      }
    ]
  },
  {
    "Index": "35920",
    "RawText": "팬 소음이 좀 있어서 신경쓰이네요ㅠ 배송 받자마자 테스트 작동했는데 기능은 아주 잘되네요..  박스 젖은게 빼고는 만족해요.",
    "Source": "쇼핑몰",
    "Domain": "가전",
    "MainCategory": "계절가전",
    "ProductName": "신일전자 SFH-1200SV",
    "ReviewScore": "4",
    "Syllable": "69",
    "Word": "16",
    "RDate": "20211026",
    "Aspects": [
      {
        "Aspect": "소음",
        "SentimentText": "팬 소음이 좀 있어서 신경쓰이네요ㅠ",
        "SentimentWord": "5",
        "SentimentPolarity": "-1"
      },
      {
        "Aspect": "기능",
        "SentimentText": "배송 받자마자 테스트 작동했는데 기능은 아주 잘되네요.. ",
        "SentimentWord": "7",
        "SentimentPolarity": "1"
      }
    ]
  },
  {
    "Index": "35921",
    "RawText": "사이즈가 마음에 들어서 샀는데 실물보니 커서 좋아요~ 아직 사용전이나 믿고 사용하는 oo 기대가 되네요 ~!  적극추천해요~! 살짝 아쉬운 점은 사은품 구성인데요.. 좀 허접해 보여서요 ㅜ",
    "Source": "쇼핑몰",
    "Domain": "가전",
    "MainCategory": "계절가전",
    "ProductName": "신일전자 SFH-1200SV",
    "ReviewScore": "5",
    "Syllable": "105",
    "Word": "25",
    "RDate": "20220325",
    "Aspects": [
      {
        "Aspect": "사이즈",
        "SentimentText": "사이즈가 마음에 들어서 샀는데 실물보니 커서 좋아요~",
        "SentimentWord": "7",
        "SentimentPolarity": "1"
      },
      {
        "Aspect": "제품구성",
        "SentimentText": "살짝 아쉬운 점은 사은품 구성인데요.. 좀 허접해 보여서요 ㅜ",
        "SentimentWord": "9",
        "SentimentPolarity": "-1"
      }
    ]
  },
  {
    "Index": "35922",
    "RawText": "제품 빠르게 배송되었고, 제품 성능도 좋습니다.  색상이 실버 대신 갖고 싶었던 아이보리가 배송되어 더욱 좋습니다. 잘 사용할게요.~!",
    "Source": "쇼핑몰",
    "Domain": "가전",
    "MainCategory": "계절가전",
    "ProductName": "신일전자 SFH-1200SV",
    "ReviewScore": "5",
    "Syllable": "75",
    "Word": "17",
    "RDate": "20211228",
    "Aspects": [
      {
        "Aspect": "기능",
        "SentimentText": "제품 성능도 좋습니다. ",
        "SentimentWord": "3",
        "SentimentPolarity": "1"
      },
      {
        "Aspect": "색상",
        "SentimentText": "색상이 실버 대신 갖고 싶었던 아이보리가 배송되어 더욱 좋습니다. 잘 사용할게요.~!",
        "SentimentWord": "11",
        "SentimentPolarity": "1"
      }
    ]
  },
  {
    "Index": "35923",
    "RawText": "작동시 팬 소음도 적어서 조용하고~ 제품 품질 좋아요. 따뜻하네요.  ",
    "Source": "쇼핑몰",
    "Domain": "가전",
    "MainCategory": "계절가전",
    "ProductName": "신일전자 SFH-1200SV",
    "ReviewScore": "5",
    "Syllable": "39",
    "Word": "9",
    "RDate": "20211025",
    "Aspects": [
      {
        "Aspect": "소음",
        "SentimentText": "작동시 팬 소음도 적어서 조용하고~",
        "SentimentWord": "5",
        "SentimentPolarity": "1"
      },
      {
        "Aspect": "품질",
        "SentimentText": "제품 품질 좋아요. 따뜻하네요. ",
        "SentimentWord": "4",
        "SentimentPolarity": "1"
      }
    ]
  },
  {
    "Index": "35924",
    "RawText": "제품 사이즈가 있어서 사용면적도 크고 좋아요. 근데 기름이 샜는지 냄새도 심하고 잔기스도 여러군데 나 있어서 품질은 별로 안좋네요ㅠ 주말에 사용해야 하는데 짜증납니다.",
    "Source": "쇼핑몰",
    "Domain": "가전",
    "MainCategory": "계절가전",
    "ProductName": "신일전자 SFH-1200SV",
    "ReviewScore": "5",
    "Syllable": "93",
    "Word": "22",
    "RDate": "20220330",
    "Aspects": [
      {
        "Aspect": "사이즈",
        "SentimentText": "제품 사이즈가 있어서 사용면적도 크고 좋아요.",
        "SentimentWord": "6",
        "SentimentPolarity": "1"
      },
      {
        "Aspect": "품질",
        "SentimentText": "근데 기름이 샜는지 냄새도 심하고 잔기스도 여러군데 나 있어서 품질은 별로 안좋네요ㅠ",
        "SentimentWord": "12",
        "SentimentPolarity": "-1"
      }
    ]
  },
  {
    "Index": "35925",
    "RawText": "실버색상 주문했는데 아이보리 색상으로 와서 너무 좋아요!! 아직 사용전인데 제품 외관은 무척 예뻐 마음에 듭니다.  빨리 등유 구입해서 가동해보고 싶네요 ~^^",
    "Source": "쇼핑몰",
    "Domain": "가전",
    "MainCategory": "계절가전",
    "ProductName": "신일전자 SFH-1200SV",
    "ReviewScore": "5",
    "Syllable": "89",
    "Word": "21",
    "RDate": "20220105",
    "Aspects": [
      {
        "Aspect": "색상",
        "SentimentText": "실버색상 주문했는데 아이보리 색상으로 와서 너무 좋아요!!",
        "SentimentWord": "7",
        "SentimentPolarity": "1"
      },
      {
        "Aspect": "디자인",
        "SentimentText": "제품 외관은 무척 예뻐 마음에 듭니다. ",
        "SentimentWord": "6",
        "SentimentPolarity": "1"
      }
    ]
  },
  {
    "Index": "35927",
    "RawText": "심플하고 예쁜 디자인이 맘에 들어요~ 제품 실버로 주문했으나, 더 예쁜 아이보리색이 배송되어 기쁩니다. ^^ 잘 사용할게요. ~!",
    "Source": "쇼핑몰",
    "Domain": "가전",
    "MainCategory": "계절가전",
    "ProductName": "신일전자 SFH-1200SV",
    "ReviewScore": "5",
    "Syllable": "72",
    "Word": "17",
    "RDate": "20211222",
    "Aspects": [
      {
        "Aspect": "디자인",
        "SentimentText": "심플하고 예쁜 디자인이 맘에 들어요~",
        "SentimentWord": "5",
        "SentimentPolarity": "1"
      },
      {
        "Aspect": "색상",
        "SentimentText": "제품 실버로 주문했으나, 더 예쁜 아이보리색이 배송되어 기쁩니다. ^^",
        "SentimentWord": "9",
        "SentimentPolarity": "1"
      }
    ]
  },
  {
    "Index": "35928",
    "RawText": "화력이 좋아서 집이 후끈후끈 성능 완전 좋습니다!! 작은거 사려다 이왕 사는거 빅사이즈로 선택했는데 잘샀어요. 만족~! 캠핑할때 유용하겠어요~",
    "Source": "쇼핑몰",
    "Domain": "가전",
    "MainCategory": "계절가전",
    "ProductName": "신일전자 SFH-1200SV",
    "ReviewScore": "5",
    "Syllable": "79",
    "Word": "17",
    "RDate": "20211016",
    "Aspects": [
      {
        "Aspect": "기능",
        "SentimentText": "화력이 좋아서 집이 후끈후끈 성능 완전 좋습니다!!",
        "SentimentWord": "7",
        "SentimentPolarity": "1"
      },
      {
        "Aspect": "사이즈",
        "SentimentText": "작은거 사려다 이왕 사는거 빅사이즈로 선택했는데 잘샀어요. 만족~! ",
        "SentimentWord": "8",
        "SentimentPolarity": "1"
      }
    ]
  },
  {
    "Index": "35930",
    "RawText": "배송일이 자주 바뀌어 불편하고 걱정 많이 했어요.  ㅜ 그래도 제 날짜에 배송와서 안심했습니다.  제품 저렴한 가격에 구입해서 좋습니다.  ,2021년9월 생산제품이고 최신상이라 더 믿음이 가요.  따뜻하게 동계 캠핑 다닐 수 있겠어요~! 감사해요♥",
    "Source": "쇼핑몰",
    "Domain": "가전",
    "MainCategory": "계절가전",
    "ProductName": "신일전자 SFH-1200SV",
    "ReviewScore": "5",
    "Syllable": "139",
    "Word": "31",
    "RDate": "20211029",
    "Aspects": [
      {
        "Aspect": "가격",
        "SentimentText": "제품 저렴한 가격에 구입해서 좋습니다. ",
        "SentimentWord": "5",
        "SentimentPolarity": "1"
      },
      {
        "Aspect": "제조일/제조사",
        "SentimentText": ",2021년9월 생산제품이고 최신상이라 더 믿음이 가요. ",
        "SentimentWord": "6",
        "SentimentPolarity": "1"
      }
    ]
  },
  {
    "Index": "35932",
    "RawText": "부모님댁에 구입해드렸는데 기능 좋고 따뜻하다고 만족해 하시네요. ^^ 석유냉새도 거의 없어 집안에서 사용해도 문제없다고 하십니다. ~!",
    "Source": "쇼핑몰",
    "Domain": "가전",
    "MainCategory": "계절가전",
    "ProductName": "신일전자 SFH-1200SV",
    "ReviewScore": "5",
    "Syllable": "75",
    "Word": "16",
    "RDate": "20220115",
    "GeneralPolarity": "1",
    "Aspects": [
      {
        "Aspect": "기능",
        "SentimentText": "기능 좋고 따뜻하다고 만족해 하시네요. ^^",
        "SentimentWord": "6",
        "SentimentPolarity": "1"
      },
      {
        "Aspect": "품질",
        "SentimentText": "석유냉새도 거의 없어 집안에서 사용해도 문제없다고 하십니다. ~!",
        "SentimentWord": "8",
        "SentimentPolarity": "1"
      }
    ]
  },
  {
    "Index": "35933",
    "RawText": "빅스마일 할인 행사로 ooo 제품가격으로 ,ooo 제품을 샀습니다. 득템! 제품 성능은 명불허전이구요. ^^ 필드에서 사용할 날만 고대하고 있어요.  제품 색상은 은색으로 모던한 느낌이라 만족합니다.",
    "Source": "쇼핑몰",
    "Domain": "가전",
    "MainCategory": "계절가전",
    "ProductName": "신일전자 SFH-1200SV",
    "ReviewScore": "5",
    "Syllable": "111",
    "Word": "24",
    "RDate": "20220115",
    "GeneralPolarity": "1",
    "Aspects": [
      {
        "Aspect": "가격",
        "SentimentText": "빅스마일 할인 행사로 ooo 제품가격으로 ,ooo 제품을 샀습니다. 득템!",
        "SentimentWord": "9",
        "SentimentPolarity": "1"
      },
      {
        "Aspect": "기능",
        "SentimentText": "제품 성능은 명불허전이구요. ^^",
        "SentimentWord": "4",
        "SentimentPolarity": "1"
      },
      {
        "Aspect": "색상",
        "SentimentText": "제품 색상은 은색으로 모던한 느낌이라 만족합니다. ",
        "SentimentWord": "6",
        "SentimentPolarity": "1"
      }
    ]
  },
  {
    "Index": "35934",
    "RawText": "가성비 좋은 제품이라 만족스러워요!! 실사용 해보니 제품 품질 좋네요.  많이 파십시오~!",
    "Source": "쇼핑몰",
    "Domain": "가전",
    "MainCategory": "계절가전",
    "ProductName": "신일전자 SFH-1200SV",
    "ReviewScore": "5",
    "Syllable": "50",
    "Word": "11",
    "RDate": "20201116",
    "Aspects": [
      {
        "Aspect": "가격",
        "SentimentText": "가성비 좋은 제품이라 만족스러워요!!",
        "SentimentWord": "4",
        "SentimentPolarity": "1"
      },
      {
        "Aspect": "품질",
        "SentimentText": "실사용 해보니 제품 품질 좋네요.  많이 파십시오~!",
        "SentimentWord": "7",
        "SentimentPolarity": "1"
      }
    ]
  },
  {
    "Index": "35935",
    "RawText": "거실처럼 넓은 공간까지 따뜻하게 커버하는 화력이라 매우 만족해요~ ooo 브랜드 제조사가 워낙 기술력으로 유명하니 제품 믿음이 가고 걱정없습니다. ~ 역시 ooo브랜드네요.",
    "Source": "쇼핑몰",
    "Domain": "가전",
    "MainCategory": "계절가전",
    "ProductName": "신일전자 SFH-1200SV",
    "ReviewScore": "5",
    "Syllable": "96",
    "Word": "21",
    "RDate": "20191023",
    "Aspects": [
      {
        "Aspect": "기능",
        "SentimentText": "거실처럼 넓은 공간까지 따뜻하게 커버하는 화력이라 매우 만족해요~",
        "SentimentWord": "8",
        "SentimentPolarity": "1"
      },
      {
        "Aspect": "제조일/제조사",
        "SentimentText": "ooo 브랜드 제조사가 워낙 기술력으로 유명하니 제품 믿음이 가고 걱정없습니다. ~ 역시 ooo브랜드네요. ",
        "SentimentWord": "13",
        "SentimentPolarity": "1"
      }
    ]
  },
  {
    "Index": "35936",
    "RawText": "제품 빠르게 배송되어 좋구요.  실버 색상 품절이라 아이보리로 배송된건 신의한수 같아요. 색상 너무 맘에 듭니다. ㅋㅋㅋ  판매자님 감사해요~!",
    "Source": "쇼핑몰",
    "Domain": "가전",
    "MainCategory": "계절가전",
    "ProductName": "신일전자 SFH-1200SV",
    "ReviewScore": "5",
    "Syllable": "80",
    "Word": "18",
    "RDate": "20211222",
    "GeneralPolarity": "1",
    "Aspects": [
      {
        "Aspect": "소비전력",
        "SentimentText": "제품 빠르게 배송되어 좋구요. ",
        "SentimentWord": "4",
        "SentimentPolarity": "1"
      },
      {
        "Aspect": "색상",
        "SentimentText": "실버 색상 품절이라 아이보리로 배송된건 신의한수 같아요. 색상 너무 맘에 듭니다. ㅋㅋㅋ ",
        "SentimentWord": "12",
        "SentimentPolarity": "1"
      }
    ]
  },
  {
    "Index": "35938",
    "RawText": "상품 품질 무척 좋네요. 마음에 쏙 드네요.! 주문한 실버색이 예쁘지 않으면 어쩌지 걱정 많이했는데 실물로 보니 색상 고급지고 예쁘네요.~! 오래오래 잔고장 없기를 바래봅니다. ~!",
    "Source": "쇼핑몰",
    "Domain": "가전",
    "MainCategory": "계절가전",
    "ProductName": "신일전자 SFH-1200SV",
    "ReviewScore": "5",
    "Syllable": "101",
    "Word": "24",
    "RDate": "20211014",
    "GeneralPolarity": "1",
    "Aspects": [
      {
        "Aspect": "품질",
        "SentimentText": "상품 품질 무척 좋네요. 마음에 쏙 드네요.!",
        "SentimentWord": "7",
        "SentimentPolarity": "1"
      },
      {
        "Aspect": "색상",
        "SentimentText": "주문한 실버색이 예쁘지 않으면 어쩌지 걱정 많이했는데 실물로 보니 색상 고급지고 예쁘네요.~!",
        "SentimentWord": "12",
        "SentimentPolarity": "1"
      }
    ]
  },
  {
    "Index": "35939",
    "RawText": "제품 디자인이 깔끔해서 좋습니다!  색상도 실버라 고급스럽고 예쁘네요~",
    "Source": "쇼핑몰",
    "Domain": "가전",
    "MainCategory": "계절가전",
    "ProductName": "신일전자 SFH-1200SV",
    "ReviewScore": "5",
    "Syllable": "39",
    "Word": "8",
    "RDate": "20210217",
    "Aspects": [
      {
        "Aspect": "디자인",
        "SentimentText": "제품 디자인이 깔끔해서 좋습니다! ",
        "SentimentWord": "4",
        "SentimentPolarity": "1"
      },
      {
        "Aspect": "색상",
        "SentimentText": "색상도 실버라 고급스럽고 예쁘네요~",
        "SentimentWord": "4",
        "SentimentPolarity": "1"
      }
    ]
  },
  {
    "Index": "35940",
    "RawText": "제품 주문한 색상과 다르게 와서 실망했어요. ㅜ   잔기스도 많이 있어서 품질도 영 별로예요ㅠ",
    "Source": "쇼핑몰",
    "Domain": "가전",
    "MainCategory": "계절가전",
    "ProductName": "신일전자 SFH-1200SV",
    "ReviewScore": "4",
    "Syllable": "52",
    "Word": "13",
    "RDate": "20191024",
    "Aspects": [
      {
        "Aspect": "색상",
        "SentimentText": "제품 주문한 색상과 다르게 와서 실망했어요. ㅜ  ",
        "SentimentWord": "7",
        "SentimentPolarity": "-1"
      },
      {
        "Aspect": "품질",
        "SentimentText": "잔기스도 많이 있어서 품질도 영 별로예요ㅠ",
        "SentimentWord": "6",
        "SentimentPolarity": "-1"
      }
    ]
  },
  {
    "Index": "35941",
    "RawText": "예상치 못했는데 이쁜 색상으로 배송해 주셔서 무척 감사해요.   제품도 굉장히 따뜻하고 좋습니다. 성능 탁월해요~!",
    "Source": "쇼핑몰",
    "Domain": "가전",
    "MainCategory": "계절가전",
    "ProductName": "신일전자 SFH-1200SV",
    "ReviewScore": "5",
    "Syllable": "64",
    "Word": "14",
    "RDate": "20211225",
    "GeneralPolarity": "1",
    "Aspects": [
      {
        "Aspect": "색상",
        "SentimentText": "예상치 못했는데 이쁜 색상으로 배송해 주셔서 무척 감사해요.  ",
        "SentimentWord": "8",
        "SentimentPolarity": "1"
      },
      {
        "Aspect": "기능",
        "SentimentText": "제품도 굉장히 따뜻하고 좋습니다. 성능 탁월해요~!",
        "SentimentWord": "6",
        "SentimentPolarity": "1"
      }
    ]
  },
  {
    "Index": "35942",
    "RawText": "생각보다 제품 사이즈가 작아 효율 걱정했어요. ㅜ   기우였나요? 제품 작동시키니 금새 더운바람 나와 굉장히 따뜻해지네요. 성능 와우~!",
    "Source": "쇼핑몰",
    "Domain": "가전",
    "MainCategory": "계절가전",
    "ProductName": "신일전자 SFH-1200SV",
    "ReviewScore": "5",
    "Syllable": "76",
    "Word": "17",
    "RDate": "20191114",
    "GeneralPolarity": "0",
    "Aspects": [
      {
        "Aspect": "사이즈",
        "SentimentText": "생각보다 제품 사이즈가 작아 효율 걱정했어요. ㅜ  ",
        "SentimentWord": "7",
        "SentimentPolarity": "-1"
      },
      {
        "Aspect": "기능",
        "SentimentText": "제품 작동시키니 금새 더운바람 나와 굉장히 따뜻해지네요. 성능 와우~!",
        "SentimentWord": "9",
        "SentimentPolarity": "1"
      }
    ]
  },
  {
    "Index": "35943",
    "RawText": "예상보다  엄청 사이즈가 큽니다. ㅜ 아쉬워요.  제품 색상도 아이보리색 은근 기대했는데 주문한 실버색이 왔네요. ㅜ  ",
    "Source": "쇼핑몰",
    "Domain": "가전",
    "MainCategory": "계절가전",
    "ProductName": "신일전자 SFH-1200SV",
    "ReviewScore": "5",
    "Syllable": "67",
    "Word": "15",
    "RDate": "20210715",
    "GeneralPolarity": "-1",
    "Aspects": [
      {
        "Aspect": "사이즈",
        "SentimentText": "예상보다  엄청 사이즈가 큽니다. ㅜ 아쉬워요. ",
        "SentimentWord": "6",
        "SentimentPolarity": "-1"
      },
      {
        "Aspect": "색상",
        "SentimentText": "제품 색상도 아이보리색 은근 기대했는데 주문한 실버색이 왔네요. ㅜ ",
        "SentimentWord": "9",
        "SentimentPolarity": "-1"
      }
    ]
  },
  {
    "Index": "35944",
    "RawText": "생산 일자가 2018 11월 ㅜ 오래된 재고품이 왔네요. 속상해요.  제품 싸게 구입했으니 제조일자는 용서할까봅니다.  제품 작동은 잘되고 만족해요.",
    "Source": "쇼핑몰",
    "Domain": "가전",
    "MainCategory": "계절가전",
    "ProductName": "신일전자 SFH-1200SV",
    "ReviewScore": "4",
    "Syllable": "83",
    "Word": "18",
    "RDate": "20191117",
    "GeneralPolarity": "0",
    "Aspects": [
      {
        "Aspect": "제조일/제조사",
        "SentimentText": "생산 일자가 2018 11월 ㅜ 오래된 재고품이 왔네요. 속상해요. ",
        "SentimentWord": "9",
        "SentimentPolarity": "-1"
      },
      {
        "Aspect": "가격",
        "SentimentText": "제품 싸게 구입했으니 제조일자는 용서할까봅니다. ",
        "SentimentWord": "5",
        "SentimentPolarity": "1"
      },
      {
        "Aspect": "기능",
        "SentimentText": "제품 작동은 잘되고 만족해요. ",
        "SentimentWord": "4",
        "SentimentPolarity": "1"
      }
    ]
  },
  {
    "Index": "35945",
    "RawText": "석유냄새에 아주 예민하신분들만 아니면 정말 이 제품 대박입니다.  10분만에 거실이 후끈후끈하고 실내온도가 막 올라가는게 보이네요. 성능 너무 좋아요  제품 기름 연비가 좋아서 작동시간은 길고 기름소모량도 아주 적네요. 굿`!",
    "Source": "쇼핑몰",
    "Domain": "가전",
    "MainCategory": "계절가전",
    "ProductName": "신일전자 SFH-1200SV",
    "ReviewScore": "5",
    "Syllable": "126",
    "Word": "28",
    "RDate": "20201208",
    "GeneralPolarity": "1",
    "Aspects": [
      {
        "Aspect": "기능",
        "SentimentText": "10분만에 거실이 후끈후끈하고 실내온도가 막 올라가는게 보이네요. 성능 너무 좋아요 ",
        "SentimentWord": "10",
        "SentimentPolarity": "1"
      },
      {
        "Aspect": "소비전력",
        "SentimentText": "제품 기름 연비가 좋아서 작동시간은 길고 기름소모량도 아주 적네요. 굿`!",
        "SentimentWord": "10",
        "SentimentPolarity": "1"
      }
    ]
  },
  {
    "Index": "35946",
    "RawText": "기대했던 아이보리 색상 제품이 딱 배송되었어요. 와우^^!  제품 할인 받아서 저렴하게 사서 기분 좋아요. 다음날 하나 더 주문했느데 원하던 아이보리로 또 배송되어서 좋았습니다. 아이보리 색상이 제일 예쁜 거 같아요.  ㅎㅎ 번창하시길 바래요~!",
    "Source": "쇼핑몰",
    "Domain": "가전",
    "MainCategory": "계절가전",
    "ProductName": "신일전자 SFH-1200SV",
    "ReviewScore": "5",
    "Syllable": "137",
    "Word": "32",
    "RDate": "20210722",
    "GeneralPolarity": "1",
    "Aspects": [
      {
        "Aspect": "색상",
        "SentimentText": "기대했던 아이보리 색상 제품이 딱 배송되었어요. 와우^^! ",
        "SentimentWord": "7",
        "SentimentPolarity": "1"
      },
      {
        "Aspect": "가격",
        "SentimentText": "제품 할인 받아서 저렴하게 사서 기분 좋아요.",
        "SentimentWord": "7",
        "SentimentPolarity": "1"
      },
      {
        "Aspect": "색상",
        "SentimentText": "다음날 하나 더 주문했느데 원하던 아이보리로 또 배송되어서 좋았습니다. 아이보리 색상이 제일 예쁜 거 같아요. ",
        "SentimentWord": "15",
        "SentimentPolarity": "1"
      }
    ]
  },
  {
    "Index": "35947",
    "RawText": "제품 성능 빵빵하니 좋습니다.  아이보리로 배송 받은 사람도 많던데 저는 실버가 와서  아쉬움이 크네요. ㅜ  제품은 방송중 할인 혜택으로 아주 저렴하게 구입해서 만족해요~",
    "Source": "쇼핑몰",
    "Domain": "가전",
    "MainCategory": "계절가전",
    "ProductName": "신일전자 SFH-1200SV",
    "ReviewScore": "4",
    "Syllable": "96",
    "Word": "23",
    "RDate": "20220224",
    "GeneralPolarity": "0",
    "Aspects": [
      {
        "Aspect": "기능",
        "SentimentText": "제품 성능 빵빵하니 좋습니다. ",
        "SentimentWord": "4",
        "SentimentPolarity": "1"
      },
      {
        "Aspect": "색상",
        "SentimentText": "아이보리로 배송 받은 사람도 많던데 저는 실버가 와서  아쉬움이 크네요. ㅜ ",
        "SentimentWord": "11",
        "SentimentPolarity": "-1"
      },
      {
        "Aspect": "가격",
        "SentimentText": "제품은 방송중 할인 혜택으로 아주 저렴하게 구입해서 만족해요~ ",
        "SentimentWord": "8",
        "SentimentPolarity": "1"
      }
    ]
  },
  {
    "Index": "35948",
    "RawText": "제품 가격이 비싸도 너무 비쌉니다. 울며 겨자먹기로 구매해요. ㅜ 제품 무게는 또 왜 이렇게 무거운지 이동이 불편해요. ~! ",
    "Source": "쇼핑몰",
    "Domain": "가전",
    "MainCategory": "계절가전",
    "ProductName": "신일전자 SFH-1200SV",
    "ReviewScore": "1",
    "Syllable": "70",
    "Word": "18",
    "RDate": "20201215",
    "GeneralPolarity": "-1",
    "Aspects": [
      {
        "Aspect": "가격",
        "SentimentText": "제품 가격이 비싸도 너무 비쌉니다. 울며 겨자먹기로 구매해요. ㅜ",
        "SentimentWord": "9",
        "SentimentPolarity": "-1"
      },
      {
        "Aspect": "무게",
        "SentimentText": "제품 무게는 또 왜 이렇게 무거운지 이동이 불편해요. ~!",
        "SentimentWord": "9",
        "SentimentPolarity": "-1"
      }
    ]
  },
  {
    "Index": "35949",
    "RawText": "배송에 시간이 다소 소요되었지만 문자로 미리 안내받은 날짜에 정확하게 배송되어 괜찮아요.  다만 포장상태가 깔끔하지 않고 기분이 좋지 않아요.  별 2개 뺍니다. ㅜ 작동하면서 기름을 너무 많이 먹어 소비효율이 떨어집니다. 사이즈가 생각보다 커서 자리를 많이 차지하네요",
    "Source": "쇼핑몰",
    "Domain": "가전",
    "MainCategory": "계절가전",
    "ProductName": "신일전자 SFH-1200SV",
    "ReviewScore": "4",
    "Syllable": "150",
    "Word": "35",
    "RDate": "20211030",
    "Aspects": [
      {
        "Aspect": "소비전력",
        "SentimentText": "작동하면서 기름을 너무 많이 먹어 소비효율이 떨어집니다.",
        "SentimentWord": "7",
        "SentimentPolarity": "-1"
      },
      {
        "Aspect": "사이즈",
        "SentimentText": "사이즈가 생각보다 커서 자리를 많이 차지하네요",
        "SentimentWord": "6",
        "SentimentPolarity": "-1"
      }
    ]
  },
  {
    "Index": "35950",
    "RawText": "안방에서 사용할건데  적당한 사이즈라 만족합니다~ 할인 혜택 적용되어 가격도 거의 최저가로 구입해 좋습니다 ~!",
    "Source": "쇼핑몰",
    "Domain": "가전",
    "MainCategory": "계절가전",
    "ProductName": "신일전자 SFH-1200SV",
    "ReviewScore": "5",
    "Syllable": "62",
    "Word": "14",
    "RDate": "20210809",
    "Aspects": [
      {
        "Aspect": "사이즈",
        "SentimentText": "안방에서 사용할건데  적당한 사이즈라 만족합니다~",
        "SentimentWord": "5",
        "SentimentPolarity": "1"
      },
      {
        "Aspect": "가격",
        "SentimentText": "할인 혜택 적용되어 가격도 거의 최저가로 구입해 좋습니다 ~!",
        "SentimentWord": "9",
        "SentimentPolarity": "1"
      }
    ]
  },
  {
    "Index": "35951",
    "RawText": "신랑이 구입해서 제품 품질 좋다고 아주 맘에 들어 했는데 역시나 좋네요.  저는 저렴하게 구입해서 마음에 들고요. 둘에게 동시 합격한 제품 ~!",
    "Source": "쇼핑몰",
    "Domain": "가전",
    "MainCategory": "계절가전",
    "ProductName": "신일전자 SFH-1200SV",
    "ReviewScore": "5",
    "Syllable": "80",
    "Word": "21",
    "RDate": "20210827",
    "GeneralPolarity": "1",
    "Aspects": [
      {
        "Aspect": "품질",
        "SentimentText": "신랑이 구입해서 제품 품질 좋다고 아주 맘에 들어 했는데 역시나 좋네요. ",
        "SentimentWord": "11",
        "SentimentPolarity": "1"
      },
      {
        "Aspect": "가격",
        "SentimentText": "저는 저렴하게 구입해서 마음에 들고요. 둘에게 동시 합격한 제품 ~! ",
        "SentimentWord": "10",
        "SentimentPolarity": "1"
      }
    ]
  },
  {
    "Index": "35952",
    "RawText": "제품 화력 좋습니다. ^^ 조금만 가격이 저렴하면 좋겠네요. 저에겐 부담되는 가격 ㅜ",
    "Source": "쇼핑몰",
    "Domain": "가전",
    "MainCategory": "계절가전",
    "ProductName": "신일전자 SFH-1200SV",
    "ReviewScore": "5",
    "Syllable": "47",
    "Word": "12",
    "RDate": "20190118",
    "GeneralPolarity": "0",
    "Aspects": [
      {
        "Aspect": "기능",
        "SentimentText": "제품 화력 좋습니다. ^^",
        "SentimentWord": "4",
        "SentimentPolarity": "1"
      },
      {
        "Aspect": "가격",
        "SentimentText": "조금만 가격이 저렴하면 좋겠네요. 저에겐 부담되는 가격 ㅜ ",
        "SentimentWord": "8",
        "SentimentPolarity": "-1"
      }
    ]
  },
  {
    "Index": "35953",
    "RawText": "이미 구매하긴했지만 ooo 제품 가격대가 있어 그점이 조금 아쉽습니다.  근데 열효율이 넘사벽이네요. 성능 최고~! 굉장히 따뜻하고 좋습니다. ㅎㅎ  제품 아주 만족합니다.",
    "Source": "쇼핑몰",
    "Domain": "가전",
    "MainCategory": "계절가전",
    "ProductName": "신일전자 SFH-1200SV",
    "ReviewScore": "5",
    "Syllable": "96",
    "Word": "21",
    "RDate": "20211204",
    "GeneralPolarity": "0",
    "Aspects": [
      {
        "Aspect": "가격",
        "SentimentText": "이미 구매하긴했지만 ooo 제품 가격대가 있어 그점이 조금 아쉽습니다. ",
        "SentimentWord": "9",
        "SentimentPolarity": "-1"
      },
      {
        "Aspect": "소비전력",
        "SentimentText": "근데 열효율이 넘사벽이네요.",
        "SentimentWord": "3",
        "SentimentPolarity": "1"
      },
      {
        "Aspect": "기능",
        "SentimentText": "성능 최고~! 굉장히 따뜻하고 좋습니다. ㅎㅎ ",
        "SentimentWord": "6",
        "SentimentPolarity": "1"
      }
    ]
  },
  {
    "Index": "35954",
    "RawText": "ooo 제품 정말 잘 선택했어요.  제품 생산년도 2020년 8월 최신제품으로 배송되어 아주 만족스러워요.  아직 작동전인데 제품 외형도 맘에 쏙 들어 좋아요.",
    "Source": "쇼핑몰",
    "Domain": "가전",
    "MainCategory": "계절가전",
    "ProductName": "신일전자 SFH-1200SV",
    "ReviewScore": "5",
    "Syllable": "89",
    "Word": "21",
    "RDate": "20200925",
    "GeneralPolarity": "1",
    "Aspects": [
      {
        "Aspect": "제조일/제조사",
        "SentimentText": "제품 생산년도 2020년 8월 최신제품으로 배송되어 아주 만족스러워요. ",
        "SentimentWord": "8",
        "SentimentPolarity": "1"
      },
      {
        "Aspect": "디자인",
        "SentimentText": "아직 작동전인데 제품 외형도 맘에 쏙 들어 좋아요. ",
        "SentimentWord": "8",
        "SentimentPolarity": "1"
      }
    ]
  },
  {
    "Index": "35955",
    "RawText": "ooo 제품 최고에요~~ 코로나로 실내 생활하며 1달간 사용했어요.  와~~ 제품 성능 탁월해서 30분만에 실내 온도가 4~5도 올라가네요.  상품 후기에 냄새 얘기 있어서 걱정했는데 냄새도 없고요....굉장히 만족해요~!",
    "Source": "쇼핑몰",
    "Domain": "가전",
    "MainCategory": "계절가전",
    "ProductName": "신일전자 SFH-1200SV",
    "ReviewScore": "5",
    "Syllable": "124",
    "Word": "26",
    "RDate": "20201223",
    "GeneralPolarity": "1",
    "Aspects": [
      {
        "Aspect": "기능",
        "SentimentText": "와~~ 제품 성능 탁월해서 30분만에 실내 온도가 4~5도 올라가네요. ",
        "SentimentWord": "9",
        "SentimentPolarity": "1"
      },
      {
        "Aspect": "품질",
        "SentimentText": "상품 후기에 냄새 얘기 있어서 걱정했는데 냄새도 없고요....굉장히 만족해요~! ",
        "SentimentWord": "9",
        "SentimentPolarity": "1"
      }
    ]
  },
  {
    "Index": "35956",
    "RawText": "실버 색상 주문했는데 더 예쁜 아이보리로 보내주셔서 감사합니다. ~! 굿^^ 작동도 잘되고 발열기능이 좋아 금방 따뜻해져요. 잘 사용할게요~!",
    "Source": "쇼핑몰",
    "Domain": "가전",
    "MainCategory": "계절가전",
    "ProductName": "신일전자 SFH-1200SV",
    "ReviewScore": "5",
    "Syllable": "79",
    "Word": "18",
    "RDate": "20211203",
    "Aspects": [
      {
        "Aspect": "색상",
        "SentimentText": "실버 색상 주문했는데 더 예쁜 아이보리로 보내주셔서 감사합니다. ~! 굿^^",
        "SentimentWord": "10",
        "SentimentPolarity": "1"
      },
      {
        "Aspect": "기능",
        "SentimentText": "작동도 잘되고 발열기능이 좋아 금방 따뜻해져요. 잘 사용할게요~!",
        "SentimentWord": "8",
        "SentimentPolarity": "1"
      }
    ]
  },
  {
    "Index": "35957",
    "RawText": "실내와 캠핑에서 사용하려고 구입했어요. 워낙 oo제품 좋다고 유명해서 믿고 구입했어요. 역시 제품 너무 좋네요.  제품은 저렴한 가격으로 잘 구입했어요. 만족합니다. ~",
    "Source": "쇼핑몰",
    "Domain": "가전",
    "MainCategory": "계절가전",
    "ProductName": "신일전자 SFH-1200SV",
    "ReviewScore": "5",
    "Syllable": "94",
    "Word": "21",
    "RDate": "20220124",
    "GeneralPolarity": "1",
    "Aspects": [
      {
        "Aspect": "제조일/제조사",
        "SentimentText": "워낙 oo제품 좋다고 유명해서 믿고 구입했어요. 역시 제품 너무 좋네요. ",
        "SentimentWord": "10",
        "SentimentPolarity": "1"
      },
      {
        "Aspect": "가격",
        "SentimentText": "제품은 저렴한 가격으로 잘 구입했어요. 만족합니다. ~",
        "SentimentWord": "7",
        "SentimentPolarity": "1"
      }
    ]
  },
  {
    "Index": "35958",
    "RawText": "실버 구입했으나 아이보리 색상 제품이 배송되어 정말 기분이 좋습니다.~~  근데 함께 보내주신 사은품은 너무 조잡하고 좀 별로에요. ㅜ 플라스틱 소재나 마감이 영 허접해보입니다 ~",
    "Source": "쇼핑몰",
    "Domain": "가전",
    "MainCategory": "계절가전",
    "ProductName": "신일전자 SFH-1200SV",
    "ReviewScore": "5",
    "Syllable": "100",
    "Word": "24",
    "RDate": "20211222",
    "GeneralPolarity": "0",
    "Aspects": [
      {
        "Aspect": "색상",
        "SentimentText": "실버 구입했으나 아이보리 색상 제품이 배송되어 정말 기분이 좋습니다.~~ ",
        "SentimentWord": "9",
        "SentimentPolarity": "1"
      },
      {
        "Aspect": "제품구성",
        "SentimentText": "함께 보내주신 사은품은 너무 조잡하고 좀 별로에요. ㅜ ",
        "SentimentWord": "8",
        "SentimentPolarity": "-1"
      }
    ]
  },
  {
    "Index": "35959",
    "RawText": "실버 주문했으나 아이보리가 도착. 색상 더 예쁘고 좋아요 ㅎㅎ  12평 방이 생각보다 넓은데 금새 따뜻해지네요. 성능 만족해요.  온도조절기능도 있어서 원하는 온도로 설정하면 자동으로 조절되어 편리해요.  다만 제품 사용할때 소음은 좀 있어 불편해요.   그래도 제품 본연의 임무인 (보조난방) 성능으로 평가한다면 전체적으로 만족해요.  ^^",
    "Source": "쇼핑몰",
    "Domain": "가전",
    "MainCategory": "계절가전",
    "ProductName": "신일전자 SFH-1200SV",
    "ReviewScore": "5",
    "Syllable": "191",
    "Word": "42",
    "RDate": "20201014",
    "GeneralPolarity": "0",
    "Aspects": [
      {
        "Aspect": "색상",
        "SentimentText": "실버 주문했으나 아이보리가 도착. 색상 더 예쁘고 좋아요 ㅎㅎ ",
        "SentimentWord": "9",
        "SentimentPolarity": "1"
      },
      {
        "Aspect": "기능",
        "SentimentText": "12평 방이 생각보다 넓은데 금새 따뜻해지네요. 성능 만족해요. ",
        "SentimentWord": "8",
        "SentimentPolarity": "1"
      },
      {
        "Aspect": "조작성",
        "SentimentText": "온도조절기능도 있어서 원하는 온도로 설정하면 자동으로 조절되어 편리해요. ",
        "SentimentWord": "8",
        "SentimentPolarity": "1"
      },
      {
        "Aspect": "소음",
        "SentimentText": "다만 제품 사용할때 소음은 좀 있어 불편해요. ",
        "SentimentWord": "7",
        "SentimentPolarity": "-1"
      },
      {
        "Aspect": "기능",
        "SentimentText": "제품 본연의 임무인 (보조난방) 성능으로 평가한다면 전체적으로 만족해요.  ^^",
        "SentimentWord": "9",
        "SentimentPolarity": "1"
      }
    ]
  },
  {
    "Index": "35960",
    "RawText": "실버 주문하고 아이보리 색상 제품이 배송되어 두배로 기뻐요 ^^ .제조일자 202년12월...^^ 최신날짜라 아주 기뻐요~ 이번주 사용할 예정인데 무척 기대되네요. 사업 번창하시길요~!",
    "Source": "쇼핑몰",
    "Domain": "가전",
    "MainCategory": "계절가전",
    "ProductName": "신일전자 SFH-1200SV",
    "ReviewScore": "5",
    "Syllable": "103",
    "Word": "21",
    "RDate": "20210216",
    "GeneralPolarity": "1",
    "Aspects": [
      {
        "Aspect": "색상",
        "SentimentText": "실버 주문하고 아이보리 색상 제품이 배송되어 두배로 기뻐요 ^^",
        "SentimentWord": "9",
        "SentimentPolarity": "1"
      },
      {
        "Aspect": "제조일/제조사",
        "SentimentText": ".제조일자 202년12월...^^ 최신날짜라 아주 기뻐요~",
        "SentimentWord": "5",
        "SentimentPolarity": "1"
      }
    ]
  },
  {
    "Index": "35961",
    "RawText": "실버 주문했는데 원했던 색상이 와서 기분 좋습니다. ~^^ 구입하고 나서 가격할인이 더 되길래 아쉬워 결제 취소한뒤 더 저렴한 곳에서 구매했어요~! 기분좋은 득템~!",
    "Source": "쇼핑몰",
    "Domain": "가전",
    "MainCategory": "계절가전",
    "ProductName": "신일전자 SFH-1200SV",
    "ReviewScore": "5",
    "Syllable": "92",
    "Word": "22",
    "RDate": "20220115",
    "GeneralPolarity": "1",
    "Aspects": [
      {
        "Aspect": "색상",
        "SentimentText": "실버 주문했는데 원했던 색상이 와서 기분 좋습니다. ~^^",
        "SentimentWord": "8",
        "SentimentPolarity": "1"
      },
      {
        "Aspect": "가격",
        "SentimentText": "구입하고 나서 가격할인이 더 되길래 아쉬워 결제 취소한뒤 더 저렴한 곳에서 구매했어요~! 기분좋은 득템~! ",
        "SentimentWord": "14",
        "SentimentPolarity": "1"
      }
    ]
  },
  {
    "Index": "35962",
    "RawText": "실버도 좋다했는데 막상 실물보니 아이보리가 ㅎㅎ예쁩니다. ^^ 20년8월제조  따끈한 신상이라 기분 좋아요.",
    "Source": "쇼핑몰",
    "Domain": "가전",
    "MainCategory": "계절가전",
    "ProductName": "신일전자 SFH-1200SV",
    "ReviewScore": "5",
    "Syllable": "60",
    "Word": "12",
    "RDate": "20200917",
    "GeneralPolarity": "1",
    "Aspects": [
      {
        "Aspect": "색상",
        "SentimentText": "실버도 좋다했는데 막상 실물보니 아이보리가 ㅎㅎ예쁩니다. ^^",
        "SentimentWord": "7",
        "SentimentPolarity": "1"
      },
      {
        "Aspect": "제조일/제조사",
        "SentimentText": "20년8월제조  따끈한 신상이라 기분 좋아요. ",
        "SentimentWord": "5",
        "SentimentPolarity": "1"
      }
    ]
  }
]