[
  {
    "Index": "8728",
    "RawText": "배송은 빠르고 공간 절약 디자인이라서 좋은대 성능 열효율성은 좀 떨어지네요.",
    "Source": "SNS",
    "Domain": "가전",
    "MainCategory": "계절가전",
    "ProductName": "(TV)베스트하임 파워히터몬 1+1 더블구성",
    "ReviewScore": "60",
    "Syllable": "42",
    "Word": "10",
    "RDate": "20171203",
    "Aspects": [
      {
        "Aspect": "디자인",
        "SentimentText": "공간 절약 디자인이라서 좋은대",
        "SentimentWord": "4",
        "SentimentPolarity": "1"
      },
      {
        "Aspect": "기능",
        "SentimentText": "성능 열효율성은 좀 떨어지네요.",
        "SentimentWord": "4",
        "SentimentPolarity": "-1"
      }
    ]
  },
  {
    "Index": "8729",
    "RawText": "원하는 강도로 화력온도 기능이 있어서 구입했어요 물이들어가는 제품도 아닌대 왜 교환이 안되나요? 취침가능 하다는 호스트 멘트 때문 구매신청 받아서 5분도 안틀어봄 소음싱함   취침불가~ 소음 아ㄴ나오는거로 교환해주거나 환불원함",
    "Source": "SNS",
    "Domain": "가전",
    "MainCategory": "계절가전",
    "ProductName": "(TV)베스트하임 파워히터몬 1+1 더블구성",
    "ReviewScore": "20",
    "Syllable": "126",
    "Word": "27",
    "RDate": "20171201",
    "Aspects": [
      {
        "Aspect": "기능",
        "SentimentText": "원하는 강도로 화력온도 기능이 있어서 구입했어요",
        "SentimentWord": "6",
        "SentimentPolarity": "1"
      },
      {
        "Aspect": "소음",
        "SentimentText": "받아서 5분도 안틀어봄 소음싱함   취침불가~",
        "SentimentWord": "5",
        "SentimentPolarity": "-1"
      }
    ]
  },
  {
    "Index": "8730",
    "RawText": "받자마자 욕실에 두고 사용했어요. 정말 공기가 따뜻해요. 근데 전기세가 약간 걱정 되긴 하네요~.",
    "Source": "SNS",
    "Domain": "가전",
    "MainCategory": "계절가전",
    "ProductName": "(TV)베스트하임 파워히터몬 1+1 더블구성",
    "ReviewScore": "100",
    "Syllable": "54",
    "Word": "13",
    "RDate": "20171109",
    "GeneralPolarity": "0",
    "Aspects": [
      {
        "Aspect": "편의성",
        "SentimentText": "받자마자 욕실에 두고 사용했어요. 정말 공기가 따뜻해요.",
        "SentimentWord": "7",
        "SentimentPolarity": "1"
      },
      {
        "Aspect": "소비전력",
        "SentimentText": "근데 전기세가 약간 걱정 되긴 하네요~.",
        "SentimentWord": "6",
        "SentimentPolarity": "0"
      }
    ]
  },
  {
    "Index": "8731",
    "RawText": "방송에서  이야기 했던것처럼 성능이 쎄지 않아서 따뜻하지않음   또한 소음도 너무 너무 심해서 켜기가 두렵네요 박스 개봉해서 반품 못함",
    "Source": "SNS",
    "Domain": "가전",
    "MainCategory": "계절가전",
    "ProductName": "(TV)베스트하임 파워히터몬 1+1 더블구성",
    "ReviewScore": "80",
    "Syllable": "75",
    "Word": "18",
    "RDate": "20171110",
    "Aspects": [
      {
        "Aspect": "기능",
        "SentimentText": "방송에서  이야기 했던것처럼 성능이 쎄지 않아서 따뜻하지않음  ",
        "SentimentWord": "7",
        "SentimentPolarity": "-1"
      },
      {
        "Aspect": "소음",
        "SentimentText": "또한 소음도 너무 너무 심해서 켜기가 두렵네요",
        "SentimentWord": "7",
        "SentimentPolarity": "-1"
      }
    ]
  },
  {
    "Index": "8732",
    "RawText": "생각보다 성능이 조금 약하네요. 원룸정도에서는 괜찮겠네요. 전기세 많이 나올까 오래는 못 틀겠네요.",
    "Source": "SNS",
    "Domain": "가전",
    "MainCategory": "계절가전",
    "ProductName": "(TV)베스트하임 파워히터몬 1+1 더블구성",
    "ReviewScore": "100",
    "Syllable": "55",
    "Word": "12",
    "RDate": "20171130",
    "GeneralPolarity": "-1",
    "Aspects": [
      {
        "Aspect": "기능",
        "SentimentText": "생각보다 성능이 조금 약하네요. ",
        "SentimentWord": "4",
        "SentimentPolarity": "-1"
      },
      {
        "Aspect": "소비전력",
        "SentimentText": "전기세 많이 나올까 오래는 못 틀겠네요.",
        "SentimentWord": "6",
        "SentimentPolarity": "-1"
      }
    ]
  },
  {
    "Index": "8733",
    "RawText": "에너지 효율등급이 낮아서 걱정했는데 역시.. 자주 사용하지 못하겠네요 역시나 시끄럽네요 배송받아 5분정도 틀었는데 소음이 장난아님 반품도 네가지없이 안된다네요 그리하시면 아니되오~~",
    "Source": "SNS",
    "Domain": "가전",
    "MainCategory": "계절가전",
    "ProductName": "(TV)베스트하임 파워히터몬 1+1 더블구성",
    "ReviewScore": "100",
    "Syllable": "101",
    "Word": "20",
    "RDate": "20171127",
    "Aspects": [
      {
        "Aspect": "소음",
        "SentimentText": "역시나 시끄럽네요 배송받아 5분정도 틀었는데 소음이 장난아님",
        "SentimentWord": "7",
        "SentimentPolarity": "-1"
      },
      {
        "Aspect": "소비전력",
        "SentimentText": "에너지 효율등급이 낮아서 걱정했는데 역시.. 자주 사용하지 못하겠네요",
        "SentimentWord": "8",
        "SentimentPolarity": "-1"
      }
    ]
  },
  {
    "Index": "8734",
    "RawText": "일반 히터가 3000W라 새로 구매했는데, 너무 작아서 기대도 안 했는데 엄청 따뜻해요.",
    "Source": "SNS",
    "Domain": "가전",
    "MainCategory": "계절가전",
    "ProductName": "(TV)베스트하임 파워히터몬 1+1 더블구성",
    "ReviewScore": "100",
    "Syllable": "49",
    "Word": "12",
    "RDate": "20171211",
    "GeneralPolarity": "1",
    "Aspects": [
      {
        "Aspect": "사이즈",
        "SentimentText": "너무 작아서 기대도 안 했는데 엄청 따뜻해요.",
        "SentimentWord": "7",
        "SentimentPolarity": "1"
      },
      {
        "Aspect": "기능",
        "SentimentText": "엄청 따뜻해요.",
        "SentimentWord": "2",
        "SentimentPolarity": "1"
      }
    ]
  },
  {
    "Index": "8735",
    "RawText": "작은만큼 따뜻하네요 소리에 민감하신분은 패스~^",
    "Source": "SNS",
    "Domain": "가전",
    "MainCategory": "계절가전",
    "ProductName": "(TV)베스트하임 파워히터몬 1+1 더블구성",
    "ReviewScore": "100",
    "Syllable": "26",
    "Word": "5",
    "RDate": "20171202",
    "GeneralPolarity": "0",
    "Aspects": [
      {
        "Aspect": "사이즈",
        "SentimentText": "작은만큼 따뜻하네요",
        "SentimentWord": "2",
        "SentimentPolarity": "1"
      },
      {
        "Aspect": "소음",
        "SentimentText": "소리에 민감하신분은 패스~^",
        "SentimentWord": "3",
        "SentimentPolarity": "0"
      }
    ]
  },
  {
    "Index": "8736",
    "RawText": "생각보다 컴팩트하고 편리하네요. 보조난방용으로 딱 좋은 것 같습니다.",
    "Source": "SNS",
    "Domain": "가전",
    "MainCategory": "계절가전",
    "ProductName": "(TV_2만원할인) 신일 하이브리드 PTC 파워히터 (블랙)",
    "ReviewScore": "100",
    "Syllable": "38",
    "Word": "8",
    "RDate": "20181219",
    "GeneralPolarity": "1",
    "Aspects": [
      {
        "Aspect": "사이즈",
        "SentimentText": "생각보다 컴팩트하고 편리하네요. ",
        "SentimentWord": "3",
        "SentimentPolarity": "1"
      },
      {
        "Aspect": "편의성",
        "SentimentText": "보조난방용으로 딱 좋은 것 같습니다.",
        "SentimentWord": "5",
        "SentimentPolarity": "1"
      }
    ]
  },
  {
    "Index": "8737",
    "RawText": "역시 특허받은 리플리터가 있어서 따뜻하고  디자인이 심플해서 좋은데  다만 배송기간이 너무 오래걸리네요.올겨울 잘쓸께요",
    "Source": "SNS",
    "Domain": "가전",
    "MainCategory": "계절가전",
    "ProductName": "(TV_공유배송) 신일 프리미엄 에코히터 블랙",
    "ReviewScore": "100",
    "Syllable": "66",
    "Word": "13",
    "RDate": "20181121",
    "Aspects": [
      {
        "Aspect": "디자인",
        "SentimentText": "디자인이 심플해서 좋은데 ",
        "SentimentWord": "3",
        "SentimentPolarity": "0"
      },
      {
        "Aspect": "기능",
        "SentimentText": "역시 특허받은 리플리터가 있어서 따뜻하고 ",
        "SentimentWord": "5",
        "SentimentPolarity": "1"
      }
    ]
  },
  {
    "Index": "8738",
    "RawText": "올겨울에는.따뜻하게보낼수있을것같네요.조금걱정되는것이. 소비전력이 높아 걱정되지만.파워기능으로 따뜻하게보내게 되서 좋습니다. 대상받은상품이여서.전기세도.많이소모가안될것을.예상하면서",
    "Source": "SNS",
    "Domain": "가전",
    "MainCategory": "계절가전",
    "ProductName": "(TV_공유배송) 신일 프리미엄 에코히터 블랙",
    "ReviewScore": "100",
    "Syllable": "99",
    "Word": "8",
    "RDate": "20181120",
    "GeneralPolarity": "1",
    "Aspects": [
      {
        "Aspect": "소비전력",
        "SentimentText": "조금걱정되는것이. 소비전력이 높아 걱정되지만.",
        "SentimentWord": "4",
        "SentimentPolarity": "-1"
      },
      {
        "Aspect": "기능",
        "SentimentText": "파워기능으로 따뜻하게보내게 되서 좋습니다. ",
        "SentimentWord": "4",
        "SentimentPolarity": "1"
      }
    ]
  },
  {
    "Index": "8739",
    "RawText": "생각보다 주위가 후끈후끈하고 따뜻하니 참 좋은것같아요.  만약 원룸에 사용하게되면 사이즈가 딱이지 않을까 생각되네요. 올 겨울 이 깜찍하고 따뜻한 히터기 덕분에 보일러는 약하게 틀어야 할것같아요. ",
    "Source": "SNS",
    "Domain": "가전",
    "MainCategory": "계절가전",
    "ProductName": "(TV_공유배송) 신일 프리미엄 에코히터 화이트",
    "ReviewScore": "100",
    "Syllable": "110",
    "Word": "24",
    "RDate": "20181205",
    "GeneralPolarity": "1",
    "Aspects": [
      {
        "Aspect": "기능",
        "SentimentText": "생각보다 주위가 후끈후끈하고 따뜻하니 참 좋은것같아요. ",
        "SentimentWord": "6",
        "SentimentPolarity": "1"
      },
      {
        "Aspect": "사이즈",
        "SentimentText": "만약 원룸에 사용하게되면 사이즈가 딱이지 않을까 생각되네요.",
        "SentimentWord": "7",
        "SentimentPolarity": "1"
      }
    ]
  },
  {
    "Index": "8740",
    "RawText": "원룸에 사용하기 좋은 사이즈에요 굿^^  제품의 좌우회전 기능도 정말 마음에 드네요",
    "Source": "SNS",
    "Domain": "가전",
    "MainCategory": "계절가전",
    "ProductName": "(TV_공유배송) 신일 프리미엄 에코히터 화이트",
    "ReviewScore": "100",
    "Syllable": "46",
    "Word": "11",
    "RDate": "20181206",
    "Aspects": [
      {
        "Aspect": "사이즈",
        "SentimentText": " 원룸에 사용하기 좋은 사이즈에요 굿^^",
        "SentimentWord": "5",
        "SentimentPolarity": "1"
      },
      {
        "Aspect": "기능",
        "SentimentText": "제품의 좌우회전 기능도 정말 마음에 드네요",
        "SentimentWord": "6",
        "SentimentPolarity": "1"
      }
    ]
  },
  {
    "Index": "8741",
    "RawText": "싸이즈가 작아서 실망 이었고 소음이 약간 나네요 그런데 따뜻해서 좋아요 디자인도 좋아요 리모컨이 있어서 편리 하고 좋답니다",
    "Source": "SNS",
    "Domain": "가전",
    "MainCategory": "계절가전",
    "ProductName": "(TV_공유배송) 신일 하이브리드 PTC 파워히터",
    "ReviewScore": "60",
    "Syllable": "68",
    "Word": "17",
    "RDate": "20181211",
    "GeneralPolarity": "0",
    "Aspects": [
      {
        "Aspect": "사이즈",
        "SentimentText": "싸이즈가 작아서 실망 이었고",
        "SentimentWord": "4",
        "SentimentPolarity": "-1"
      },
      {
        "Aspect": "소음",
        "SentimentText": "소음이 약간 나네요",
        "SentimentWord": "3",
        "SentimentPolarity": "-1"
      },
      {
        "Aspect": "기능",
        "SentimentText": "그런데 따뜻해서 좋아요",
        "SentimentWord": "3",
        "SentimentPolarity": "1"
      },
      {
        "Aspect": "디자인",
        "SentimentText": "디자인도 좋아요",
        "SentimentWord": "2",
        "SentimentPolarity": "1"
      },
      {
        "Aspect": "편의성",
        "SentimentText": "리모컨이 있어서 편리 하고 좋답니다",
        "SentimentWord": "5",
        "SentimentPolarity": "1"
      }
    ]
  },
  {
    "Index": "8742",
    "RawText": "생각보다 작은사이즈라.. 1인1난로?정도로. 기존온풍기있고 보조로구입했어요. 주전자에물넣어서올려놨는데 부글부글끓진않네요. 그냥뜨거운물정도.하루종일올려놨어요. ",
    "Source": "SNS",
    "Domain": "가전",
    "MainCategory": "계절가전",
    "ProductName": "(TV_무료체험) 블랙스타 열판 오방난로 INT-H2500G",
    "ReviewScore": "100",
    "Syllable": "88",
    "Word": "8",
    "RDate": "20201222",
    "GeneralPolarity": "-1",
    "Aspects": [
      {
        "Aspect": "사이즈",
        "SentimentText": "생각보다 작은사이즈라.. 1인1난로?정도로.",
        "SentimentWord": "3",
        "SentimentPolarity": "-1"
      },
      {
        "Aspect": "기능",
        "SentimentText": "주전자에물넣어서올려놨는데 부글부글끓진않네요. 그냥뜨거운물정도.",
        "SentimentWord": "3",
        "SentimentPolarity": "-1"
      }
    ]
  },
  {
    "Index": "8743",
    "RawText": "방송처럼 따뜻하고 활용도 높은 제품 oo이라서 더 믿음직 합니다",
    "Source": "SNS",
    "Domain": "가전",
    "MainCategory": "계절가전",
    "ProductName": "(TV_센터배송) 신일 프리미엄 에코히터 블랙",
    "ReviewScore": "100",
    "Syllable": "35",
    "Word": "9",
    "RDate": "20190205",
    "GeneralPolarity": "1",
    "Aspects": [
      {
        "Aspect": "기능",
        "SentimentText": "방송처럼 따뜻하고 활용도 높은 제품",
        "SentimentWord": "5",
        "SentimentPolarity": "1"
      },
      {
        "Aspect": "편의성",
        "SentimentText": " 활용도 높은 제품",
        "SentimentWord": "3",
        "SentimentPolarity": "1"
      }
    ]
  },
  {
    "Index": "8744",
    "RawText": "에너지 효율이 좋은 거 같아서 샀는데 OOO하면 다들 사잖아요 믿고 구입했는데 역시 좋네요 잘 쓸게요!!",
    "Source": "SNS",
    "Domain": "가전",
    "MainCategory": "계절가전",
    "ProductName": "(TV_센터배송)신일 프리미엄 에코히터_화이트 ",
    "ReviewScore": "100",
    "Syllable": "58",
    "Word": "15",
    "RDate": "20171127",
    "Aspects": [
      {
        "Aspect": "소비전력",
        "SentimentText": "에너지 효율이 좋은 거 같아서 샀는데",
        "SentimentWord": "6",
        "SentimentPolarity": "1"
      },
      {
        "Aspect": "제조일/제조사",
        "SentimentText": "OOO하면 다들 사잖아요 믿고 구입했는데 역시 좋네요",
        "SentimentWord": "7",
        "SentimentPolarity": "1"
      }
    ]
  },
  {
    "Index": "8745",
    "RawText": "거실에서 사용해 보았는데 회전기능이 있어서 따뜻하고 괞찬네요. 무엇보다 에코 절전형이라서 에너지효율이 좋네요",
    "Source": "SNS",
    "Domain": "가전",
    "MainCategory": "계절가전",
    "ProductName": "(TV_센터배송_2만원할인)신일 프리미엄 에코히터 ",
    "ReviewScore": "100",
    "Syllable": "60",
    "Word": "12",
    "RDate": "20171217",
    "Aspects": [
      {
        "Aspect": "기능",
        "SentimentText": "거실에서 사용해 보았는데 회전기능이 있어서 따뜻하고 괞찬네요.",
        "SentimentWord": "7",
        "SentimentPolarity": "1"
      },
      {
        "Aspect": "소비전력",
        "SentimentText": "무엇보다 에코 절전형이라서 에너지효율이 좋네요",
        "SentimentWord": "5",
        "SentimentPolarity": "1"
      }
    ]
  },
  {
    "Index": "8746",
    "RawText": "심플한 디자인도 만족스럽지만 따뜻해서 좋습니다^^*",
    "Source": "SNS",
    "Domain": "가전",
    "MainCategory": "계절가전",
    "ProductName": "(TV_센터배송_2만원할인)신일 프리미엄 에코히터 ",
    "ReviewScore": "100",
    "Syllable": "28",
    "Word": "5",
    "RDate": "20171223",
    "GeneralPolarity": "1",
    "Aspects": [
      {
        "Aspect": "디자인",
        "SentimentText": "심플한 디자인도 만족스럽지만 따뜻해서 좋습니다^^*",
        "SentimentWord": "5",
        "SentimentPolarity": "1"
      },
      {
        "Aspect": "기능",
        "SentimentText": "따뜻해서 좋습니다^^*",
        "SentimentWord": "2",
        "SentimentPolarity": "1"
      }
    ]
  },
  {
    "Index": "8747",
    "RawText": "싸이즈도 깜찍하고.. 너무 따듯하네요. 모양도 너무 이뻐요^^ 득템한거 같아요^^",
    "Source": "SNS",
    "Domain": "가전",
    "MainCategory": "계절가전",
    "ProductName": "(TV_센터배송_2만원할인)신일 프리미엄 에코히터 ",
    "ReviewScore": "100",
    "Syllable": "45",
    "Word": "9",
    "RDate": "20180114",
    "GeneralPolarity": "1",
    "Aspects": [
      {
        "Aspect": "사이즈",
        "SentimentText": "싸이즈도 깜찍하고.. ",
        "SentimentWord": "2",
        "SentimentPolarity": "1"
      },
      {
        "Aspect": "기능",
        "SentimentText": "너무 따듯하네요.",
        "SentimentWord": "2",
        "SentimentPolarity": "1"
      },
      {
        "Aspect": "디자인",
        "SentimentText": "모양도 너무 이뻐요^^ ",
        "SentimentWord": "3",
        "SentimentPolarity": "1"
      }
    ]
  },
  {
    "Index": "8748",
    "RawText": "안정적이면서도 인테리어 효과도 있어서 좋아요.따뜻한 겨울나기가 될것같아요",
    "Source": "SNS",
    "Domain": "가전",
    "MainCategory": "계절가전",
    "ProductName": "(TV_센터배송_2만원할인)신일 프리미엄 에코히터 ",
    "ReviewScore": "100",
    "Syllable": "40",
    "Word": "7",
    "RDate": "20171221",
    "GeneralPolarity": "1",
    "Aspects": [
      {
        "Aspect": "디자인",
        "SentimentText": "안정적이면서도 인테리어 효과도 있어서 좋아요.",
        "SentimentWord": "5",
        "SentimentPolarity": "1"
      },
      {
        "Aspect": "편의성",
        "SentimentText": "따뜻한 겨울나기가 될것같아요",
        "SentimentWord": "3",
        "SentimentPolarity": "1"
      }
    ]
  },
  {
    "Index": "8749",
    "RawText": "작지만 따뜻하고 좋네요~ 리모컨이 있어서 편해요",
    "Source": "SNS",
    "Domain": "가전",
    "MainCategory": "계절가전",
    "ProductName": "(TV_센터배송_2만원할인)신일 프리미엄 에코히터 ",
    "ReviewScore": "60",
    "Syllable": "26",
    "Word": "6",
    "RDate": "20171211",
    "GeneralPolarity": "1",
    "Aspects": [
      {
        "Aspect": "사이즈",
        "SentimentText": "작지만 따뜻하고 좋네요~ ",
        "SentimentWord": "3",
        "SentimentPolarity": "0"
      },
      {
        "Aspect": "기능",
        "SentimentText": " 따뜻하고 좋네요~ ",
        "SentimentWord": "2",
        "SentimentPolarity": "1"
      },
      {
        "Aspect": "제품구성",
        "SentimentText": "리모컨이 있어서 편해요",
        "SentimentWord": "3",
        "SentimentPolarity": "1"
      }
    ]
  },
  {
    "Index": "8750",
    "RawText": "작지만 성능은 최고 따뜻하게 잘 사용하고 있습니다.  겨울에 하나쯤 있으면 난방비도 절약되고 좋습니다.",
    "Source": "SNS",
    "Domain": "가전",
    "MainCategory": "계절가전",
    "ProductName": "(TV_센터배송_2만원할인)신일 프리미엄 에코히터 ",
    "ReviewScore": "100",
    "Syllable": "57",
    "Word": "13",
    "RDate": "20180101",
    "GeneralPolarity": "1",
    "Aspects": [
      {
        "Aspect": "기능",
        "SentimentText": "작지만 성능은 최고 따뜻하게 잘 사용하고 있습니다. ",
        "SentimentWord": "7",
        "SentimentPolarity": "1"
      },
      {
        "Aspect": "가격",
        "SentimentText": "겨울에 하나쯤 있으면 난방비도 절약되고 좋습니다.",
        "SentimentWord": "6",
        "SentimentPolarity": "1"
      }
    ]
  },
  {
    "Index": "8751",
    "RawText": "전기요금 걱정되지만 실용적으로 잘 사용하고 있습니다",
    "Source": "SNS",
    "Domain": "가전",
    "MainCategory": "계절가전",
    "ProductName": "(TV_센터배송_2만원할인)신일 프리미엄 에코히터 ",
    "ReviewScore": "80",
    "Syllable": "28",
    "Word": "6",
    "RDate": "20180118",
    "GeneralPolarity": "0",
    "Aspects": [
      {
        "Aspect": "소비전력",
        "SentimentText": "전기요금 걱정되지만",
        "SentimentWord": "2",
        "SentimentPolarity": "-1"
      },
      {
        "Aspect": "편의성",
        "SentimentText": "실용적으로 잘 사용하고 있습니다",
        "SentimentWord": "4",
        "SentimentPolarity": "1"
      }
    ]
  },
  {
    "Index": "8752",
    "RawText": "처으으로 귀 사이트에서 주문했는데 기대이상입니다. 저렴한 가격 좋아요~ 하자 없이 품질은 기본...감사합니다.",
    "Source": "SNS",
    "Domain": "가전",
    "MainCategory": "계절가전",
    "ProductName": "(TV_센터배송_2만원할인)신일 프리미엄 에코히터 ",
    "ReviewScore": "100",
    "Syllable": "61",
    "Word": "12",
    "RDate": "20171208",
    "Aspects": [
      {
        "Aspect": "가격",
        "SentimentText": "저렴한 가격 좋아요~",
        "SentimentWord": "3",
        "SentimentPolarity": "1"
      },
      {
        "Aspect": "품질",
        "SentimentText": "하자 없이 품질은 기본...감사합니다.",
        "SentimentWord": "4",
        "SentimentPolarity": "1"
      }
    ]
  },
  {
    "Index": "8753",
    "RawText": "히터 맘에 드네요. 예쁘고 작아서 두기도 좋고 성능도 만족스러워요.  리모컨은 버튼 눌리는게 맘에 안 들어서 봉인.",
    "Source": "SNS",
    "Domain": "가전",
    "MainCategory": "계절가전",
    "ProductName": "(TV_센터배송_2만원할인)신일 프리미엄 에코히터 ",
    "ReviewScore": "100",
    "Syllable": "64",
    "Word": "16",
    "RDate": "20171208",
    "GeneralPolarity": "0",
    "Aspects": [
      {
        "Aspect": "디자인",
        "SentimentText": "히터 맘에 드네요. 예쁘고",
        "SentimentWord": "4",
        "SentimentPolarity": "1"
      },
      {
        "Aspect": "사이즈",
        "SentimentText": " 작아서 두기도 좋고 ",
        "SentimentWord": "3",
        "SentimentPolarity": "1"
      },
      {
        "Aspect": "기능",
        "SentimentText": "성능도 만족스러워요. ",
        "SentimentWord": "2",
        "SentimentPolarity": "1"
      },
      {
        "Aspect": "품질",
        "SentimentText": "리모컨은 버튼 눌리는게 맘에 안 들어서 봉인.",
        "SentimentWord": "7",
        "SentimentPolarity": "-1"
      }
    ]
  },
  {
    "Index": "8754",
    "RawText": "크기 적당하고 타이머 기능 요긴하고...다만 에코모드는 뜨신것도 안뜨신것도 아니여~~~ㅎㅎ",
    "Source": "SNS",
    "Domain": "가전",
    "MainCategory": "계절가전",
    "ProductName": "(TV_직매입) 신일 프리미엄 에코히터 블랙 1+1",
    "ReviewScore": "80",
    "Syllable": "50",
    "Word": "9",
    "RDate": "20181212",
    "GeneralPolarity": "0",
    "Aspects": [
      {
        "Aspect": "사이즈",
        "SentimentText": "크기 적당하고",
        "SentimentWord": "2",
        "SentimentPolarity": "0"
      },
      {
        "Aspect": "기능",
        "SentimentText": "타이머 기능 요긴하고...",
        "SentimentWord": "3",
        "SentimentPolarity": "1"
      },
      {
        "Aspect": "기능",
        "SentimentText": "다만 에코모드는 뜨신것도 안뜨신것도 아니여~~~ㅎㅎ",
        "SentimentWord": "5",
        "SentimentPolarity": "-1"
      }
    ]
  },
  {
    "Index": "8755",
    "RawText": "가성비 좋고 작아서 사무실 책상 밑에서 잘사용하고 있습니다",
    "Source": "SNS",
    "Domain": "가전",
    "MainCategory": "계절가전",
    "ProductName": "(TV_직매입) 히팅맘 PTC히터 1+1 RN1018HT",
    "ReviewScore": "100",
    "Syllable": "32",
    "Word": "8",
    "RDate": "20210219",
    "GeneralPolarity": "1",
    "Aspects": [
      {
        "Aspect": "가격",
        "SentimentText": "가성비 좋고 작아서 사무실 책상 밑에서 잘사용하고 있습니다",
        "SentimentWord": "8",
        "SentimentPolarity": "1"
      },
      {
        "Aspect": "사이즈",
        "SentimentText": "작아서 사무실 책상 밑에서 잘사용하고 있습니다",
        "SentimentWord": "6",
        "SentimentPolarity": "1"
      }
    ]
  },
  {
    "Index": "8756",
    "RawText": "따듯합니다ㆍ편리합니다ㆍ이동사용도 작아서 좋습니다",
    "Source": "SNS",
    "Domain": "가전",
    "MainCategory": "계절가전",
    "ProductName": "(TV_직매입) 히팅맘 PTC히터 1+1 RN1018HT",
    "ReviewScore": "100",
    "Syllable": "26",
    "Word": "3",
    "RDate": "20191226",
    "GeneralPolarity": "1",
    "Aspects": [
      {
        "Aspect": "기능",
        "SentimentText": "따듯합니다ㆍ편리합니다ㆍ이동사용도 작아서 좋습니다",
        "SentimentWord": "3",
        "SentimentPolarity": "1"
      },
      {
        "Aspect": "편의성",
        "SentimentText": "편리합니다ㆍ이동사용도 작아서 좋습니다",
        "SentimentWord": "3",
        "SentimentPolarity": "1"
      }
    ]
  },
  {
    "Index": "8757",
    "RawText": "따뜻하고 좋은데  그 범위는 좁네요  1+1 너무 저렴한  좋은 가격에 구입을해서  만족합니다~",
    "Source": "SNS",
    "Domain": "가전",
    "MainCategory": "계절가전",
    "ProductName": "(TV_직매입) 히팅맘 PTC히터 1+1 RN1018HT",
    "ReviewScore": "100",
    "Syllable": "53",
    "Word": "12",
    "RDate": "20210713",
    "GeneralPolarity": "0",
    "Aspects": [
      {
        "Aspect": "기능",
        "SentimentText": "따뜻하고 좋은데  그 범위는 좁네요",
        "SentimentWord": "5",
        "SentimentPolarity": "0"
      },
      {
        "Aspect": "가격",
        "SentimentText": " 1+1 너무 저렴한  좋은 가격에 구입을해서  만족합니다~",
        "SentimentWord": "7",
        "SentimentPolarity": "1"
      }
    ]
  },
  {
    "Index": "8758",
    "RawText": "따뜻하고 좋은데 히터본체가 자유롭게 움직일수 있으면 좋을듯 합니다",
    "Source": "SNS",
    "Domain": "가전",
    "MainCategory": "계절가전",
    "ProductName": "(TV_직매입) 히팅맘 PTC히터 1+1 RN1018HT",
    "ReviewScore": "100",
    "Syllable": "36",
    "Word": "8",
    "RDate": "20200319",
    "GeneralPolarity": "0",
    "Aspects": [
      {
        "Aspect": "기능",
        "SentimentText": "따뜻하고 좋은데 ",
        "SentimentWord": "2",
        "SentimentPolarity": "1"
      },
      {
        "Aspect": "편의성",
        "SentimentText": "히터본체가 자유롭게 움직일수 있으면 좋을듯 합니다",
        "SentimentWord": "6",
        "SentimentPolarity": "-1"
      }
    ]
  },
  {
    "Index": "8759",
    "RawText": "빠른 배송 감사합니다   !+!구성이라 가격젹으로 저렴하게 구입해서 좋았어요 한개만 테스트 함 거치대  밑에  금이 갔음ㅠㅠㅠ",
    "Source": "SNS",
    "Domain": "가전",
    "MainCategory": "계절가전",
    "ProductName": "(TV_직매입) 히팅맘 PTC히터 1+1 RN1018HT",
    "ReviewScore": "100",
    "Syllable": "70",
    "Word": "15",
    "RDate": "20210708",
    "Aspects": [
      {
        "Aspect": "가격",
        "SentimentText": "!+!구성이라 가격젹으로 저렴하게 구입해서 좋았어요",
        "SentimentWord": "5",
        "SentimentPolarity": "1"
      },
      {
        "Aspect": "품질",
        "SentimentText": "한개만 테스트 함 거치대  밑에  금이 갔음ㅠㅠㅠ",
        "SentimentWord": "7",
        "SentimentPolarity": "-1"
      }
    ]
  },
  {
    "Index": "8760",
    "RawText": "사이즈는작아도 성능은 좋아 아주 만족하게 필요할때마다 잘 쓰고있어요",
    "Source": "SNS",
    "Domain": "가전",
    "MainCategory": "계절가전",
    "ProductName": "(TV_직매입) 히팅맘 PTC히터 1+1 RN1018HT",
    "ReviewScore": "100",
    "Syllable": "37",
    "Word": "8",
    "RDate": "20211223",
    "GeneralPolarity": "1",
    "Aspects": [
      {
        "Aspect": "사이즈",
        "SentimentText": "사이즈는작아도 성능은 좋아 아주 만족하게 필요할때마다 잘 쓰고있어요",
        "SentimentWord": "8",
        "SentimentPolarity": "0"
      },
      {
        "Aspect": "기능",
        "SentimentText": "성능은 좋아 아주 만족하게 필요할때마다 잘 쓰고있어요",
        "SentimentWord": "7",
        "SentimentPolarity": "1"
      }
    ]
  },
  {
    "Index": "8761",
    "RawText": "소리가 좀나요..! 작아서 많이 따뜻하지는 않아요.. 조금 커야할것 같아요",
    "Source": "SNS",
    "Domain": "가전",
    "MainCategory": "계절가전",
    "ProductName": "(TV_직매입) 히팅맘 PTC히터 1+1 RN1018HT",
    "ReviewScore": "70",
    "Syllable": "41",
    "Word": "9",
    "RDate": "20200621",
    "GeneralPolarity": "-1",
    "Aspects": [
      {
        "Aspect": "소음",
        "SentimentText": "소리가 좀나요..! ",
        "SentimentWord": "2",
        "SentimentPolarity": "-1"
      },
      {
        "Aspect": "사이즈",
        "SentimentText": " 작아서 많이 따뜻하지는 않아요.. 조금 커야할것 같아요",
        "SentimentWord": "7",
        "SentimentPolarity": "-1"
      }
    ]
  },
  {
    "Index": "8762",
    "RawText": "실제 사이즈가 더 아담하네요 너무 작네요ㅠㅠ   기능이 딸려서 히터기쓰면서 보조용도로 쓸정도인것같아요  배송빠르게 잘받았어요",
    "Source": "SNS",
    "Domain": "가전",
    "MainCategory": "계절가전",
    "ProductName": "(TV_직매입) 히팅맘 PTC히터 1+1 RN1018HT",
    "ReviewScore": "100",
    "Syllable": "69",
    "Word": "13",
    "RDate": "20191209",
    "Aspects": [
      {
        "Aspect": "사이즈",
        "SentimentText": "실제 사이즈가 더 아담하네요 너무 작네요ㅠㅠ",
        "SentimentWord": "6",
        "SentimentPolarity": "-1"
      },
      {
        "Aspect": "기능",
        "SentimentText": " 기능이 딸려서 히터기쓰면서 보조용도로 쓸정도인것같아요 ",
        "SentimentWord": "5",
        "SentimentPolarity": "-1"
      }
    ]
  },
  {
    "Index": "8763",
    "RawText": "이거 물건이네요 시운전해봤는데 온도 상당히 만족스럽네요 이 가격에 이 크기에 이 구성품에 또한번 만족합니다",
    "Source": "SNS",
    "Domain": "가전",
    "MainCategory": "계절가전",
    "ProductName": "(TV_직매입) 히팅맘 PTC히터 1+1 RN1018HT",
    "ReviewScore": "100",
    "Syllable": "59",
    "Word": "14",
    "RDate": "20210708",
    "GeneralPolarity": "1",
    "Aspects": [
      {
        "Aspect": "기능",
        "SentimentText": "시운전해봤는데 온도 상당히 만족스럽네요",
        "SentimentWord": "4",
        "SentimentPolarity": "1"
      },
      {
        "Aspect": "가격",
        "SentimentText": "이 가격에 이 크기에 이 구성품에 또한번 만족합니다",
        "SentimentWord": "8",
        "SentimentPolarity": "1"
      },
      {
        "Aspect": "사이즈",
        "SentimentText": "이 크기에 이 구성품에 또한번 만족합니다",
        "SentimentWord": "6",
        "SentimentPolarity": "1"
      },
      {
        "Aspect": "제품구성",
        "SentimentText": "이 구성품에 또한번 만족합니다",
        "SentimentWord": "4",
        "SentimentPolarity": "1"
      }
    ]
  },
  {
    "Index": "8764",
    "RawText": "정말 잘 산것 같아요 작은데도 파워가 좋네요 게다가 무선리모컨이 있어 멀리서도 간편하게 조작할 수 있어서 더 좋아요~ 겨울에 유용하게 잘 이용할수 있을것 같아요 ",
    "Source": "SNS",
    "Domain": "가전",
    "MainCategory": "계절가전",
    "ProductName": "(TV_직매입) 히팅맘 PTC히터 1+1 RN1018HT",
    "ReviewScore": "100",
    "Syllable": "90",
    "Word": "23",
    "RDate": "20210803",
    "GeneralPolarity": "1",
    "Aspects": [
      {
        "Aspect": "기능",
        "SentimentText": "정말 잘 산것 같아요 작은데도 파워가 좋네요",
        "SentimentWord": "7",
        "SentimentPolarity": "1"
      },
      {
        "Aspect": "제품구성",
        "SentimentText": "무선리모컨이 있어 멀리서도 간편하게 조작할 수 있어서 더 좋아요~",
        "SentimentWord": "9",
        "SentimentPolarity": "1"
      }
    ]
  },
  {
    "Index": "8765",
    "RawText": "기능도 다양하고 디자인도 이뻐요. 리모콘까지 있어 타이머사용할 때, 콘셴트에 바로 꽂아서 사용할 때도 편리할 것 같아요.",
    "Source": "SNS",
    "Domain": "가전",
    "MainCategory": "계절가전",
    "ProductName": "(TV_직매입) 히팅맘 PTC히터 RN1018HT ",
    "ReviewScore": "100",
    "Syllable": "67",
    "Word": "16",
    "RDate": "20210420",
    "GeneralPolarity": "1",
    "Aspects": [
      {
        "Aspect": "기능",
        "SentimentText": "기능도 다양하고 ",
        "SentimentWord": "2",
        "SentimentPolarity": "1"
      },
      {
        "Aspect": "디자인",
        "SentimentText": "디자인도 이뻐요.",
        "SentimentWord": "2",
        "SentimentPolarity": "1"
      },
      {
        "Aspect": "편의성",
        "SentimentText": "리모콘까지 있어 타이머사용할 때, 콘셴트에 바로 꽂아서 사용할 때도 편리할 것 같아요.",
        "SentimentWord": "12",
        "SentimentPolarity": "1"
      }
    ]
  },
  {
    "Index": "8766",
    "RawText": "자강서  공간 크게 필요하지 않아좋네요.  겨울  화장실 샤워시 아이들이  추운데  아동도 간편해  자주 사용할듯해요",
    "Source": "SNS",
    "Domain": "가전",
    "MainCategory": "계절가전",
    "ProductName": "(TV_직매입_초특가) 히팅맘 PTC히터 RN1018HT",
    "ReviewScore": "100",
    "Syllable": "65",
    "Word": "14",
    "RDate": "20210812",
    "GeneralPolarity": "1",
    "Aspects": [
      {
        "Aspect": "사이즈",
        "SentimentText": "자강서  공간 크게 필요하지 않아좋네요.  ",
        "SentimentWord": "5",
        "SentimentPolarity": "1"
      },
      {
        "Aspect": "편의성",
        "SentimentText": " 아동도 간편해  자주 사용할듯해요",
        "SentimentWord": "4",
        "SentimentPolarity": "1"
      }
    ]
  },
  {
    "Index": "8767",
    "RawText": "일단 사이즈는 생각했던것보다 작고 아담해요 방에서 쓰기 딱 좋네요. 디자인도 이쁘고요 틀어두면 따뜻하고요. 두가지 아쉬운건 전원 선이 화이트 였으면 좋겠고, 온도조절도 되면 좋을듯해요 ",
    "Source": "SNS",
    "Domain": "가전",
    "MainCategory": "계절가전",
    "ProductName": "(TV_직배송) 보국 레트로 카본히터 화이트 BKH-6082CW",
    "ReviewScore": "100",
    "Syllable": "103",
    "Word": "23",
    "RDate": "20181125",
    "GeneralPolarity": "0",
    "Aspects": [
      {
        "Aspect": "사이즈",
        "SentimentText": "일단 사이즈는 생각했던것보다 작고 아담해요 방에서 쓰기 딱 좋네요",
        "SentimentWord": "9",
        "SentimentPolarity": "1"
      },
      {
        "Aspect": "디자인",
        "SentimentText": "디자인도 이쁘고요",
        "SentimentWord": "2",
        "SentimentPolarity": "1"
      },
      {
        "Aspect": "기능",
        "SentimentText": "틀어두면 따뜻하고요.",
        "SentimentWord": "2",
        "SentimentPolarity": "1"
      },
      {
        "Aspect": "색상",
        "SentimentText": " 아쉬운건 전원 선이 화이트 였으면 좋겠고,",
        "SentimentWord": "6",
        "SentimentPolarity": "-1"
      },
      {
        "Aspect": "기능",
        "SentimentText": "온도조절도 되면 좋을듯해요",
        "SentimentWord": "3",
        "SentimentPolarity": "-1"
      }
    ]
  },
  {
    "Index": "8768",
    "RawText": "좋아요이뿌고깔끔하고좋아요ㅎㅎ하나는 부모님한테선물해드릴려고요  소리도안나고 냄세도안남ㅎㅎ와전좋네요",
    "Source": "SNS",
    "Domain": "가전",
    "MainCategory": "계절가전",
    "ProductName": "(TV_직배송) 보국 에코글라스 컨벡션 히터 1+1 BKH-1463VG",
    "ReviewScore": "100",
    "Syllable": "53",
    "Word": "4",
    "RDate": "20181107",
    "GeneralPolarity": "1",
    "Aspects": [
      {
        "Aspect": "디자인",
        "SentimentText": "좋아요이뿌고깔끔하고좋아요ㅎㅎ",
        "SentimentWord": "1",
        "SentimentPolarity": "1"
      },
      {
        "Aspect": "소음",
        "SentimentText": "소리도안나고 냄세도안남ㅎㅎ와전좋네요",
        "SentimentWord": "2",
        "SentimentPolarity": "1"
      }
    ]
  },
  {
    "Index": "8769",
    "RawText": "받아보니 가볍구 인테리어 소품처럼 디자인이 아주 맘에들어여^^",
    "Source": "SNS",
    "Domain": "가전",
    "MainCategory": "계절가전",
    "ProductName": "(TV_직배송) 보국 에코글라스 컨벡션 히터 BKH-1463VG",
    "ReviewScore": "100",
    "Syllable": "34",
    "Word": "7",
    "RDate": "20181112",
    "GeneralPolarity": "1",
    "Aspects": [
      {
        "Aspect": "무게",
        "SentimentText": "받아보니 가볍구 인테리어 소품처럼 디자인이 아주 맘에들어여^^",
        "SentimentWord": "7",
        "SentimentPolarity": "1"
      },
      {
        "Aspect": "디자인",
        "SentimentText": "인테리어 소품처럼 디자인이 아주 맘에들어여^^",
        "SentimentWord": "5",
        "SentimentPolarity": "1"
      }
    ]
  },
  {
    "Index": "8770",
    "RawText": "크기가 작아서 자리차지를 많이 하지않아 좋긴한데ᆢ별로 따뜻하지 않네요",
    "Source": "SNS",
    "Domain": "가전",
    "MainCategory": "계절가전",
    "ProductName": "(TV_직택배_위) 히팅맘 PTC히터 1+1 RN1018HT",
    "ReviewScore": "60",
    "Syllable": "38",
    "Word": "8",
    "RDate": "20201223",
    "Aspects": [
      {
        "Aspect": "사이즈",
        "SentimentText": "크기가 작아서 자리차지를 많이 하지않아 좋긴한데ᆢ",
        "SentimentWord": "6",
        "SentimentPolarity": "0"
      },
      {
        "Aspect": "기능",
        "SentimentText": "별로 따뜻하지 않네요",
        "SentimentWord": "3",
        "SentimentPolarity": "0"
      }
    ]
  },
  {
    "Index": "8771",
    "RawText": "빠른배송 디자인 멋있고요 상능좋내요 잘 쓸께요",
    "Source": "SNS",
    "Domain": "가전",
    "MainCategory": "계절가전",
    "ProductName": "(미주) 신일 에코히터 더 마스터 블랙 단품 SEH-ECO2000",
    "ReviewScore": "100",
    "Syllable": "25",
    "Word": "6",
    "RDate": "20210112",
    "Aspects": [
      {
        "Aspect": "디자인",
        "SentimentText": "디자인 멋있고요 ",
        "SentimentWord": "2",
        "SentimentPolarity": "1"
      },
      {
        "Aspect": "기능",
        "SentimentText": "상능좋내요 잘 쓸께요",
        "SentimentWord": "3",
        "SentimentPolarity": "1"
      }
    ]
  },
  {
    "Index": "8772",
    "RawText": "진짜 조용함...   근데 틈이 좁아서 그런지 온기가 약한편임...",
    "Source": "SNS",
    "Domain": "가전",
    "MainCategory": "계절가전",
    "ProductName": "[대웅모닝컴] 컨벡션전기히터 온풍기 CZ-VN0016CVH",
    "ReviewScore": "70",
    "Syllable": "37",
    "Word": "8",
    "RDate": "20220114",
    "GeneralPolarity": "0",
    "Aspects": [
      {
        "Aspect": "소음",
        "SentimentText": "진짜 조용함... ",
        "SentimentWord": "2",
        "SentimentPolarity": "1"
      },
      {
        "Aspect": "기능",
        "SentimentText": "근데 틈이 좁아서 그런지 온기가 약한편임...",
        "SentimentWord": "6",
        "SentimentPolarity": "-1"
      }
    ]
  },
  {
    "Index": "8773",
    "RawText": "금방 따뜻해져서 좋아요  레드가 약간 화사한 딥핑크 느낌이네요",
    "Source": "SNS",
    "Domain": "가전",
    "MainCategory": "계절가전",
    "ProductName": "TV앱_윈드피아 미니 접이식 2단WINDPIA-600HS 전기히터 전기난로 ",
    "ReviewScore": "80",
    "Syllable": "34",
    "Word": "8",
    "RDate": "20211231",
    "GeneralPolarity": "1",
    "Aspects": [
      {
        "Aspect": "기능",
        "SentimentText": "금방 따뜻해져서 좋아요",
        "SentimentWord": "3",
        "SentimentPolarity": "1"
      },
      {
        "Aspect": "색상",
        "SentimentText": "레드가 약간 화사한 딥핑크 느낌이네요",
        "SentimentWord": "5",
        "SentimentPolarity": "1"
      }
    ]
  },
  {
    "Index": "8774",
    "RawText": "배송도빠르고제품도귀엽고작지만 무지따뜻합니다 가성비굿입니다 감사히 잘쓰겠습니다",
    "Source": "SNS",
    "Domain": "가전",
    "MainCategory": "계절가전",
    "ProductName": "TV앱_윈드피아 미니 접이식 2단WINDPIA-600HS 전기히터 전기난로 ",
    "ReviewScore": "100",
    "Syllable": "42",
    "Word": "5",
    "RDate": "20220107",
    "Aspects": [
      {
        "Aspect": "사이즈",
        "SentimentText": "제품도귀엽고작지만 무지따뜻합니다",
        "SentimentWord": "2",
        "SentimentPolarity": "1"
      },
      {
        "Aspect": "기능",
        "SentimentText": "무지따뜻합니다",
        "SentimentWord": "1",
        "SentimentPolarity": "1"
      },
      {
        "Aspect": "가격",
        "SentimentText": "가성비굿입니다 ",
        "SentimentWord": "1",
        "SentimentPolarity": "1"
      }
    ]
  },
  {
    "Index": "8775",
    "RawText": "작아도 강하네요 디자인도 귀엽고 가격대비 완전 만족합니다~",
    "Source": "SNS",
    "Domain": "가전",
    "MainCategory": "계절가전",
    "ProductName": "TV앱_윈드피아 미니 접이식 2단WINDPIA-600HS 전기히터 전기난로 ",
    "ReviewScore": "100",
    "Syllable": "32",
    "Word": "7",
    "RDate": "20211229",
    "GeneralPolarity": "1",
    "Aspects": [
      {
        "Aspect": "디자인",
        "SentimentText": "디자인도 귀엽고 가격대비 완전 만족합니다~",
        "SentimentWord": "5",
        "SentimentPolarity": "1"
      },
      {
        "Aspect": "가격",
        "SentimentText": "가격대비 완전 만족합니다~",
        "SentimentWord": "3",
        "SentimentPolarity": "1"
      }
    ]
  },
  {
    "Index": "8776",
    "RawText": "조그만게 의외로 엄청 뜨겁네요 열이넘뜨거워 오래 틀어도 괜찬을지... 좀 걱정 되네요. 고장안나고 오래사용할수있음좋겠네요",
    "Source": "SNS",
    "Domain": "가전",
    "MainCategory": "계절가전",
    "ProductName": "TV앱_윈드피아 미니 접이식 2단WINDPIA-600HS 전기히터 전기난로 ",
    "ReviewScore": "80",
    "Syllable": "67",
    "Word": "13",
    "RDate": "20191022",
    "GeneralPolarity": "0",
    "Aspects": [
      {
        "Aspect": "기능",
        "SentimentText": "조그만게 의외로 엄청 뜨겁네요",
        "SentimentWord": "4",
        "SentimentPolarity": "1"
      },
      {
        "Aspect": "기능",
        "SentimentText": "열이넘뜨거워 오래 틀어도 괜찬을지... 좀 걱정 되네요.",
        "SentimentWord": "7",
        "SentimentPolarity": "0"
      }
    ]
  },
  {
    "Index": "8777",
    "RawText": "사이즈가 자리 차지 않아서 좁은 공간에 쓰려고 샀습니다  안 깨지고 잘 왔어요 디자인이 귀엽습니다~",
    "Source": "SNS",
    "Domain": "가전",
    "MainCategory": "계절가전",
    "ProductName": "TV앱_윈드피아 미니 접이식 2단WINDPIA-600HS 전기히터 전기난로 ",
    "ReviewScore": "100",
    "Syllable": "55",
    "Word": "14",
    "RDate": "20211208",
    "Aspects": [
      {
        "Aspect": "사이즈",
        "SentimentText": "사이즈가 자리 차지 않아서 좁은 공간에 쓰려고 샀습니다 ",
        "SentimentWord": "8",
        "SentimentPolarity": "1"
      },
      {
        "Aspect": "디자인",
        "SentimentText": "디자인이 귀엽습니다~",
        "SentimentWord": "2",
        "SentimentPolarity": "1"
      }
    ]
  },
  {
    "Index": "8778",
    "RawText": "가벼워서 어디든 들고 다닐수 있어서 좋았습니다. 가격도 저렴하고, 빨리 따뜻해져서 잠깐잠깐 사용하기 좋은것 같아요",
    "Source": "SNS",
    "Domain": "가전",
    "MainCategory": "계절가전",
    "ProductName": "대웅 사방팔방 전기히터/CZ-5060H",
    "ReviewScore": "100",
    "Syllable": "63",
    "Word": "14",
    "RDate": "20220111",
    "GeneralPolarity": "1",
    "Aspects": [
      {
        "Aspect": "편의성",
        "SentimentText": "가벼워서 어디든 들고 다닐수 있어서 좋았습니다.",
        "SentimentWord": "6",
        "SentimentPolarity": "1"
      },
      {
        "Aspect": "가격",
        "SentimentText": "가격도 저렴하고, 빨리 따뜻해져서 잠깐잠깐 사용하기 좋은것 같아요",
        "SentimentWord": "8",
        "SentimentPolarity": "1"
      }
    ]
  },
  {
    "Index": "8779",
    "RawText": "오방향이라 세기를 조절 할 수 있어요 상단에 주전자라도 놓으면 좋을듯 한데  불가하네요 가볍워요",
    "Source": "SNS",
    "Domain": "가전",
    "MainCategory": "계절가전",
    "ProductName": "대웅 타워형 오방향 전기히터/CZ-H0798N",
    "ReviewScore": "70",
    "Syllable": "53",
    "Word": "13",
    "RDate": "20211220",
    "GeneralPolarity": "0",
    "Aspects": [
      {
        "Aspect": "조작성",
        "SentimentText": "오방향이라 세기를 조절 할 수 있어요",
        "SentimentWord": "6",
        "SentimentPolarity": "1"
      },
      {
        "Aspect": "무게",
        "SentimentText": "상단에 주전자라도 놓으면 좋을듯 한데  불가하네요 가볍워요",
        "SentimentWord": "7",
        "SentimentPolarity": "0"
      }
    ]
  },
  {
    "Index": "8780",
    "RawText": "배송은 조금 느렸지만 난로 받고 품질은 너무 맘에 드네요.  올 겨울 따뜻하게 보낼 것 같아요 가장 걱정이 크게 되는 부분은 에너지 효율 등급이 낮은 부분이네요~",
    "Source": "SNS",
    "Domain": "가전",
    "MainCategory": "계절가전",
    "ProductName": "오방난로 사각히터 전기히터 전기난로 난방기 WH-K555",
    "ReviewScore": "100",
    "Syllable": "90",
    "Word": "25",
    "RDate": "20200102",
    "Aspects": [
      {
        "Aspect": "소비전력",
        "SentimentText": "가장 걱정이 크게 되는 부분은 에너지 효율 등급이 낮은 부분이네요~",
        "SentimentWord": "10",
        "SentimentPolarity": "-1"
      },
      {
        "Aspect": "품질",
        "SentimentText": "난로 받고 품질은 너무 맘에 드네요. ",
        "SentimentWord": "6",
        "SentimentPolarity": "1"
      }
    ]
  },
  {
    "Index": "8781",
    "RawText": "파워난방으로 따뜻하니 좋아요. 작고 아담하니 무겁지도 않고 좋아용.",
    "Source": "SNS",
    "Domain": "가전",
    "MainCategory": "계절가전",
    "ProductName": "오방히터 사각히터 전기히터 오방난로 UMH-2010KQB",
    "ReviewScore": "100",
    "Syllable": "37",
    "Word": "8",
    "RDate": "20201222",
    "GeneralPolarity": "1",
    "Aspects": [
      {
        "Aspect": "기능",
        "SentimentText": "파워난방으로 따뜻하니 좋아요. ",
        "SentimentWord": "3",
        "SentimentPolarity": "1"
      },
      {
        "Aspect": "사이즈",
        "SentimentText": "작고 아담하니 무겁지도 않고 좋아용.",
        "SentimentWord": "5",
        "SentimentPolarity": "1"
      },
      {
        "Aspect": "무게",
        "SentimentText": "무겁지도 않고 좋아용.",
        "SentimentWord": "3",
        "SentimentPolarity": "1"
      }
    ]
  },
  {
    "Index": "8782",
    "RawText": "아담 사이즈, 성능 좋네요 가성비 아주 좋네요~",
    "Source": "SNS",
    "Domain": "가전",
    "MainCategory": "계절가전",
    "ProductName": "오방히터 사각히터 전기히터 오방난로 UMH-2010KQB",
    "ReviewScore": "100",
    "Syllable": "26",
    "Word": "7",
    "RDate": "20201113",
    "GeneralPolarity": "1",
    "Aspects": [
      {
        "Aspect": "사이즈",
        "SentimentText": "아담 사이즈, 성능 좋네요",
        "SentimentWord": "4",
        "SentimentPolarity": "1"
      },
      {
        "Aspect": "기능",
        "SentimentText": "성능 좋네요",
        "SentimentWord": "2",
        "SentimentPolarity": "1"
      },
      {
        "Aspect": "가격",
        "SentimentText": "가성비 아주 좋네요~",
        "SentimentWord": "3",
        "SentimentPolarity": "1"
      }
    ]
  },
  {
    "Index": "8783",
    "RawText": "가격대비 좋고 따뜻함대비 사용전력량이 작아 좋아요",
    "Source": "SNS",
    "Domain": "가전",
    "MainCategory": "계절가전",
    "ProductName": "윈드피아 35cm콤비히터WINDPIA-1490H",
    "ReviewScore": "100",
    "Syllable": "27",
    "Word": "6",
    "RDate": "20211112",
    "GeneralPolarity": "1",
    "Aspects": [
      {
        "Aspect": "가격",
        "SentimentText": "가격대비 좋고",
        "SentimentWord": "2",
        "SentimentPolarity": "1"
      },
      {
        "Aspect": "소비전력",
        "SentimentText": "따뜻함대비 사용전력량이 작아 좋아요",
        "SentimentWord": "4",
        "SentimentPolarity": "1"
      }
    ]
  },
  {
    "Index": "8784",
    "RawText": "리모컨으로 조정하니까 넘 편하네요 디자인도 예쁘고 성능도 좋아요 엄마 드리려고  하나 더 재구매했어요~^^",
    "Source": "SNS",
    "Domain": "가전",
    "MainCategory": "계절가전",
    "ProductName": "윈드피아 35cm퓨어 리모컨 카본 히터WH-7510RC 14형 리모콘형 카본  전기히터 전기난로",
    "ReviewScore": "100",
    "Syllable": "59",
    "Word": "13",
    "RDate": "20211227",
    "GeneralPolarity": "1",
    "Aspects": [
      {
        "Aspect": "제품구성",
        "SentimentText": "리모컨으로 조정하니까 넘 편하네요",
        "SentimentWord": "4",
        "SentimentPolarity": "1"
      },
      {
        "Aspect": "디자인",
        "SentimentText": "디자인도 예쁘고 성능도 좋아요",
        "SentimentWord": "4",
        "SentimentPolarity": "1"
      },
      {
        "Aspect": "기능",
        "SentimentText": "성능도 좋아요 엄마 드리려고  하나 더 재구매했어요~^^",
        "SentimentWord": "7",
        "SentimentPolarity": "1"
      }
    ]
  },
  {
    "Index": "8785",
    "RawText": "OOO 석영관 온열기  작지만 따듯하네요~~가성비가 좋습니다...디자인도 이쁘고  오래 사용했으면~~~",
    "Source": "SNS",
    "Domain": "가전",
    "MainCategory": "계절가전",
    "ProductName": "윈드피아 3단석영관JMS-005",
    "ReviewScore": "100",
    "Syllable": "57",
    "Word": "9",
    "RDate": "20220115",
    "Aspects": [
      {
        "Aspect": "사이즈",
        "SentimentText": "OOO 석영관 온열기  작지만 따듯하네요~~",
        "SentimentWord": "5",
        "SentimentPolarity": "1"
      },
      {
        "Aspect": "가격",
        "SentimentText": "가성비가 좋습니다...",
        "SentimentWord": "2",
        "SentimentPolarity": "1"
      },
      {
        "Aspect": "디자인",
        "SentimentText": "디자인도 이쁘고  오래 사용했으면~~~",
        "SentimentWord": "4",
        "SentimentPolarity": "1"
      }
    ]
  },
  {
    "Index": "8786",
    "RawText": "가격은 만족하나 바닥이 평평하지 않으면 작동이 안되더라구요",
    "Source": "SNS",
    "Domain": "가전",
    "MainCategory": "계절가전",
    "ProductName": "윈드피아 슬림형 타워 온풍기WP-S110 전기히터 전기난로 타워온풍기",
    "ReviewScore": "50",
    "Syllable": "32",
    "Word": "7",
    "RDate": "20220106",
    "Aspects": [
      {
        "Aspect": "가격",
        "SentimentText": "가격은 만족하나",
        "SentimentWord": "2",
        "SentimentPolarity": "1"
      },
      {
        "Aspect": "기능",
        "SentimentText": "바닥이 평평하지 않으면 작동이 안되더라구요",
        "SentimentWord": "5",
        "SentimentPolarity": "-1"
      }
    ]
  },
  {
    "Index": "8787",
    "RawText": "일단 으로만 켜 놔도  금방 따뜻해져서 좋네요 가볍고  넘어져도 자동으로 전원이 꺼지니 안심되네요 아들방이 따뜻해요",
    "Source": "SNS",
    "Domain": "가전",
    "MainCategory": "계절가전",
    "ProductName": "윈드피아 울트라 할로겐 히터WINDPIA-HAW10 할로겐 전기히터 전기난로",
    "ReviewScore": "100",
    "Syllable": "64",
    "Word": "15",
    "RDate": "20211118",
    "GeneralPolarity": "1",
    "Aspects": [
      {
        "Aspect": "기능",
        "SentimentText": "일단 으로만 켜 놔도  금방 따뜻해져서 좋네요",
        "SentimentWord": "7",
        "SentimentPolarity": "1"
      },
      {
        "Aspect": "무게",
        "SentimentText": "가볍고  넘어져도 자동으로 전원이 꺼지니 안심되네요 ",
        "SentimentWord": "6",
        "SentimentPolarity": "1"
      }
    ]
  },
  {
    "Index": "8788",
    "RawText": "착한가격에 만족합니다~그리고 넘 따뜻해서 보람되네요  가볍기까지 해서 더 감사합니다~~^^ 올 겨울 따뜻하게 잘 보내겠어요...",
    "Source": "SNS",
    "Domain": "가전",
    "MainCategory": "계절가전",
    "ProductName": "윈드피아 울트라 할로겐 히터WINDPIA-HAW10 할로겐 전기히터 전기난로",
    "ReviewScore": "100",
    "Syllable": "71",
    "Word": "14",
    "RDate": "20191129",
    "GeneralPolarity": "1",
    "Aspects": [
      {
        "Aspect": "가격",
        "SentimentText": "착한가격에 만족합니다~",
        "SentimentWord": "2",
        "SentimentPolarity": "1"
      },
      {
        "Aspect": "기능",
        "SentimentText": "넘 따뜻해서 보람되네요 ",
        "SentimentWord": "3",
        "SentimentPolarity": "1"
      },
      {
        "Aspect": "무게",
        "SentimentText": "가볍기까지 해서 더 감사합니다~~^^",
        "SentimentWord": "4",
        "SentimentPolarity": "1"
      }
    ]
  },
  {
    "Index": "8789",
    "RawText": "크기가 딱 좋아 아이들 방에 놓기가최적입니다 바람도 좋아 금방 따뜻해지네요^^",
    "Source": "SNS",
    "Domain": "가전",
    "MainCategory": "계절가전",
    "ProductName": "윈드피아 유러피안 타워형 리모콘 온풍기WP-EU185 ",
    "ReviewScore": "100",
    "Syllable": "43",
    "Word": "10",
    "RDate": "20210110",
    "GeneralPolarity": "1",
    "Aspects": [
      {
        "Aspect": "사이즈",
        "SentimentText": "크기가 딱 좋아 아이들 방에 놓기가최적입니다",
        "SentimentWord": "6",
        "SentimentPolarity": "1"
      },
      {
        "Aspect": "기능",
        "SentimentText": "바람도 좋아 금방 따뜻해지네요^^",
        "SentimentWord": "4",
        "SentimentPolarity": "1"
      }
    ]
  },
  {
    "Index": "8790",
    "RawText": "혼자 원룸에서 지는데 윗풍이 너무심해서 구입하게 되었습니다. 처음에는 작은모습에 실망했지만 사용해보니  만족 스럽게 성능이 너무 좋더라구요  따듯하게 이번 겨울 보낼수 있어서 만족 합니다.",
    "Source": "SNS",
    "Domain": "가전",
    "MainCategory": "계절가전",
    "ProductName": "윈드피아 유러피안 타워형 리모콘 온풍기WP-EU185 ",
    "ReviewScore": "90",
    "Syllable": "105",
    "Word": "23",
    "RDate": "20211208",
    "GeneralPolarity": "1",
    "Aspects": [
      {
        "Aspect": "기능",
        "SentimentText": "사용해보니  만족 스럽게 성능이 너무 좋더라구요 ",
        "SentimentWord": "6",
        "SentimentPolarity": "1"
      },
      {
        "Aspect": "편의성",
        "SentimentText": "따듯하게 이번 겨울 보낼수 있어서 만족 합니다.",
        "SentimentWord": "7",
        "SentimentPolarity": "1"
      }
    ]
  },
  {
    "Index": "8791",
    "RawText": "미니라도 귀엽게 작네요  간편하게 사용할수 있겠어요  넘작다보니  그렇게 따뜻하지는않네요",
    "Source": "SNS",
    "Domain": "가전",
    "MainCategory": "계절가전",
    "ProductName": "윈드피아 초미니스윙히터WH-S200",
    "ReviewScore": "100",
    "Syllable": "49",
    "Word": "9",
    "RDate": "20211125",
    "GeneralPolarity": "0",
    "Aspects": [
      {
        "Aspect": "사이즈",
        "SentimentText": "미니라도 귀엽게 작네요  ",
        "SentimentWord": "3",
        "SentimentPolarity": "1"
      },
      {
        "Aspect": "편의성",
        "SentimentText": "간편하게 사용할수 있겠어요 넘작다보니  그렇게 따뜻하지는않네요",
        "SentimentWord": "6",
        "SentimentPolarity": "0"
      }
    ]
  },
  {
    "Index": "12301",
    "RawText": "나참 어이가없네..  핑크 주문했는데 화이트가 오고 색상이 맘에 들지 않네요 그냥 쓰려니 스프링도 없고.. 사용하라는 건가요? 교환해주세요 빨리요..",
    "Source": "SNS",
    "Domain": "가전",
    "MainCategory": "계절가전",
    "ProductName": "(K쇼핑) 단순생활 무선 가습기 780M",
    "ReviewScore": "10",
    "Syllable": "83",
    "Word": "18",
    "RDate": "20210522",
    "Aspects": [
      {
        "Aspect": "색상",
        "SentimentText": "나참 어이가없네.. 핑크 주문했는데 화이트가 오고 색상이 맘에 들지 않네요",
        "SentimentWord": "10",
        "SentimentPolarity": "-1"
      },
      {
        "Aspect": "제품구성",
        "SentimentText": "그냥 쓰려니 스프링도 없고.. 사용하라는 건가요?",
        "SentimentWord": "6",
        "SentimentPolarity": "-1"
      }
    ]
  },
  {
    "Index": "12302",
    "RawText": "하나를 먼저 꺼내서  사용했는데 분사될때 소리가 사람 코 고나? 할 정도로 시끄러움  3일쓰고 고장 버렸음 별로임",
    "Source": "SNS",
    "Domain": "가전",
    "MainCategory": "계절가전",
    "ProductName": "(TV_방송중) 단순생활 무선 가습기 패밀리세트",
    "ReviewScore": "40",
    "Syllable": "63",
    "Word": "16",
    "RDate": "20201210",
    "GeneralPolarity": "-1",
    "Aspects": [
      {
        "Aspect": "소음",
        "SentimentText": "분사될때 소리가 사람 코 고나? 할 정도로 시끄러움",
        "SentimentWord": "8",
        "SentimentPolarity": "-1"
      },
      {
        "Aspect": "품질",
        "SentimentText": " 3일쓰고 고장 버렸음 별로임",
        "SentimentWord": "4",
        "SentimentPolarity": "-1"
      }
    ]
  },
  {
    "Index": "12303",
    "RawText": "무선이라 좋네요, 아쉬운점은 급속 충전하면 위험할수도 있다고 경고 하네요, 막대 필터는 추가로 구매는 어디서 할수 있나요?",
    "Source": "SNS",
    "Domain": "가전",
    "MainCategory": "계절가전",
    "ProductName": "(TV_방송중) 단순생활 무선 가습기 패밀리세트",
    "ReviewScore": "100",
    "Syllable": "68",
    "Word": "16",
    "RDate": "20201106",
    "Aspects": [
      {
        "Aspect": "제품구성",
        "SentimentText": "무선이라 좋네요",
        "SentimentWord": "2",
        "SentimentPolarity": "1"
      },
      {
        "Aspect": "편의성",
        "SentimentText": "아쉬운점은 급속 충전하면 위험할수도 있다고 경고 하네요",
        "SentimentWord": "7",
        "SentimentPolarity": "-1"
      }
    ]
  },
  {
    "Index": "12304",
    "RawText": "하나는 정상적인데 하나는 사방이 물바다네요..가습이 충분하지 않아요..이쁘고 붕이 들어오는거 말고는~ㅠㅠ",
    "Source": "SNS",
    "Domain": "가전",
    "MainCategory": "계절가전",
    "ProductName": "(TV_방송중) 단순생활 무선 가습기 패밀리세트",
    "ReviewScore": "100",
    "Syllable": "58",
    "Word": "10",
    "RDate": "20201107",
    "GeneralPolarity": "-1",
    "Aspects": [
      {
        "Aspect": "품질",
        "SentimentText": "하나는 정상적인데 하나는 사방이 물바다네요",
        "SentimentWord": "5",
        "SentimentPolarity": "-1"
      },
      {
        "Aspect": "기능",
        "SentimentText": "가습이 충분하지 않아요..이쁘고 붕이 들어오는거 말고는~ㅠㅠ",
        "SentimentWord": "6",
        "SentimentPolarity": "-1"
      }
    ]
  },
  {
    "Index": "12305",
    "RawText": "생각보다 분사가 쌔지 않아요. 퍼지지도 않고 위로만 직선으로 조금 나오다 바로 떨어집니다. 뚜껑에만 물방울이 많이 맺혀있네요.",
    "Source": "SNS",
    "Domain": "가전",
    "MainCategory": "계절가전",
    "ProductName": "(TV_방송중) 단순생활 무선 가습기 패밀리세트",
    "ReviewScore": "60",
    "Syllable": "70",
    "Word": "16",
    "RDate": "20201105",
    "GeneralPolarity": "-1",
    "Aspects": [
      {
        "Aspect": "기능",
        "SentimentText": "생각보다 분사가 쌔지 않아요",
        "SentimentWord": "4",
        "SentimentPolarity": "-1"
      },
      {
        "Aspect": "품질",
        "SentimentText": "퍼지지도 않고 위로만 직선으로 조금 나오다 바로 떨어집니다.",
        "SentimentWord": "8",
        "SentimentPolarity": "-1"
      }
    ]
  },
  {
    "Index": "12306",
    "RawText": "하루종일 충전해도 4시가도 못가요? 충전도 제대로 안돼요  제가 3일동안 테스트해봤는데 충전도 잘 안될뿐더러 몇시간 가지를 않네요 불량인듯요",
    "Source": "SNS",
    "Domain": "가전",
    "MainCategory": "계절가전",
    "ProductName": "(TV_방송중) 단순생활 무선 가습기 패밀리세트",
    "ReviewScore": "10",
    "Syllable": "78",
    "Word": "17",
    "RDate": "20201213",
    "Aspects": [
      {
        "Aspect": "배터리",
        "SentimentText": "하루종일 충전해도 4시가도 못가요? 충전도 제대로 안돼요",
        "SentimentWord": "7",
        "SentimentPolarity": "-1"
      },
      {
        "Aspect": "품질",
        "SentimentText": "몇시간 가지를 않네요 불량인듯요",
        "SentimentWord": "4",
        "SentimentPolarity": "-1"
      }
    ]
  },
  {
    "Index": "12307",
    "RawText": "배송후 바로 사용해봤어요~그런데 아마래도 하자제품 같아요~어제 고객센터에 문의드렸는데 아직도 답변이 없어 이곳에 사진과 함께 첨부합니다~저녁에 작동시키고 다음날 보니 주변이 다 젖어있고 분사기부분을 심할정도로 물이 가득했어요~가습기사용하면 어느 정도 물이 고일거라고는 생각했지만 가습기밑에 손수건이 물이 나올정도로 젖고 그 주변은 물바다가 되었어요~원래 이런 제품인건가요~?하자 인가요~?어제 문의드리고 혹시 몰라 다른제품도 사용해 보니 이것또한 다음날 주변이 다 젖어있어 당황했네요~ 3물건중 오직 1개만이 제대로 작동하는것 같아요~",
    "Source": "SNS",
    "Domain": "가전",
    "MainCategory": "계절가전",
    "ProductName": "(TV_방송중) 단순생활 무선 가습기 패밀리세트",
    "ReviewScore": "10",
    "Syllable": "299",
    "Word": "60",
    "RDate": "20201106",
    "Aspects": [
      {
        "Aspect": "기능",
        "SentimentText": "작동시키고 다음날 보니 주변이 다 젖어있고 분사기부분을 심할정도로 물이 가득했어요",
        "SentimentWord": "10",
        "SentimentPolarity": "-1"
      },
      {
        "Aspect": "품질",
        "SentimentText": "습기밑에 손수건이 물이 나올정도로 젖고 그 주변은 물바다가 되었어요",
        "SentimentWord": "9",
        "SentimentPolarity": "-1"
      },
      {
        "Aspect": "품질",
        "SentimentText": "3물건중 오직 1개만이 제대로 작동하는것 같아요~",
        "SentimentWord": "6",
        "SentimentPolarity": "-1"
      }
    ]
  },
  {
    "Index": "12308",
    "RawText": "지인이 추천해서 구매했는데  스텐이라 너무 좋아요 가격도 초특가 구매 ☺️",
    "Source": "SNS",
    "Domain": "가전",
    "MainCategory": "계절가전",
    "ProductName": "(TV_세일) 케어팟 스테인레스 가습기 MS031S2",
    "ReviewScore": "100",
    "Syllable": "41",
    "Word": "10",
    "RDate": "20211216",
    "GeneralPolarity": "1",
    "Aspects": [
      {
        "Aspect": "소재",
        "SentimentText": "스텐이라 너무 좋아요",
        "SentimentWord": "3",
        "SentimentPolarity": "1"
      },
      {
        "Aspect": "가격",
        "SentimentText": "가격도 초특가 구매 ☺️",
        "SentimentWord": "4",
        "SentimentPolarity": "1"
      }
    ]
  },
  {
    "Index": "12309",
    "RawText": "두개짜리 구매했는데 하나가 불량인지 가습이 안되네요. 다른 하나는 분무량이 약한거같아요. 너무 실망입니다.",
    "Source": "SNS",
    "Domain": "가전",
    "MainCategory": "계절가전",
    "ProductName": "(TV_지원) 블루필 클린 가습기 스와다 1+1",
    "ReviewScore": "10",
    "Syllable": "59",
    "Word": "12",
    "RDate": "20201208",
    "GeneralPolarity": "-1",
    "Aspects": [
      {
        "Aspect": "품질",
        "SentimentText": "두개짜리 구매했는데 하나가 불량인지 가습이 안되네요",
        "SentimentWord": "6",
        "SentimentPolarity": "-1"
      },
      {
        "Aspect": "기능",
        "SentimentText": "다른 하나는 분무량이 약한거같아요. 너무 실망입니다.",
        "SentimentWord": "6",
        "SentimentPolarity": "-1"
      }
    ]
  },
  {
    "Index": "12310",
    "RawText": "가습기 녹는게 말이된다고 생각하세요? 속이 메스꺼롭고 머리아프다 생각했는데 이것때문이였네요 ㅡㅡ",
    "Source": "SNS",
    "Domain": "가전",
    "MainCategory": "계절가전",
    "ProductName": "(TV_지원) 블루필 클린 가습기 스와다 1+1+1",
    "ReviewScore": "10",
    "Syllable": "53",
    "Word": "10",
    "RDate": "20201208",
    "GeneralPolarity": "-1",
    "Aspects": [
      {
        "Aspect": "품질",
        "SentimentText": "가습기 녹는게 말이된다고 생각하세요?",
        "SentimentWord": "4",
        "SentimentPolarity": "-1"
      },
      {
        "Aspect": "품질",
        "SentimentText": "속이 메스꺼롭고 머리아프다 생각했는데 이것때문이였네요 ㅡㅡ",
        "SentimentWord": "6",
        "SentimentPolarity": "-1"
      }
    ]
  },
  {
    "Index": "12311",
    "RawText": "가습기가 이상해요.. 제일 약하게 틀었는데도 사진처럼 가습기에  물방울이 생겨요.. 두번째 단계로 틀었을때는 주위가 흥건하게 젖어요ㅜㅜ 반품이나 교환가능한가요? 각 방에 전부 하나씩 두었는데..난감하네요 돈만 낭비했어요",
    "Source": "SNS",
    "Domain": "가전",
    "MainCategory": "계절가전",
    "ProductName": "(TV_지원) 블루필 클린 가습기 스와다 1+1+1",
    "ReviewScore": "20",
    "Syllable": "122",
    "Word": "24",
    "RDate": "20201206",
    "GeneralPolarity": "-1",
    "Aspects": [
      {
        "Aspect": "기능",
        "SentimentText": "제일 약하게 틀었는데도 사진처럼 가습기에  물방울이 생겨요..",
        "SentimentWord": "7",
        "SentimentPolarity": "-1"
      },
      {
        "Aspect": "품질",
        "SentimentText": "두번째 단계로 틀었을때는 주위가 흥건하게 젖어요ㅜㅜ",
        "SentimentWord": "6",
        "SentimentPolarity": "-1"
      }
    ]
  },
  {
    "Index": "12312",
    "RawText": "10일정도 사용했는데 3개중 2개가 고장남 .비슷한 가격의 중국산 살려다가 그래도 가전제품인데 우리나라에서 만든게 안전할거같아 선택했는데 매우 실망함. 작년에 산 중국제품 아직 이상없고 퀄리티도 훨씬 좋음. 일단 AS 보내는데  제발 좋은제품좀 만들어주세요   made in  korea 답게",
    "Source": "SNS",
    "Domain": "가전",
    "MainCategory": "계절가전",
    "ProductName": "(TV_지원) 블루필 클린 가습기 스와다 1+1+1",
    "ReviewScore": "40",
    "Syllable": "163",
    "Word": "35",
    "RDate": "20201219",
    "GeneralPolarity": "-1",
    "Aspects": [
      {
        "Aspect": "품질",
        "SentimentText": "10일정도 사용했는데 3개중 2개가 고장남 .",
        "SentimentWord": "6",
        "SentimentPolarity": "-1"
      },
      {
        "Aspect": "제조일/제조사",
        "SentimentText": "그래도 가전제품인데 우리나라에서 만든게 안전할거같아 선택했는데 매우 실망함",
        "SentimentWord": "8",
        "SentimentPolarity": "-1"
      }
    ]
  },
  {
    "Index": "12313",
    "RawText": "진짜 고민많이 하고 구매했어요 . 가습기는 필요한데 청소가 귀찮으니 . 정단점 다 따져서 결정한건대 청소 쉽고 최고네요 . 일단 수증기 나오는 구멍이 스텐이라 넘 좋아요!",
    "Source": "SNS",
    "Domain": "가전",
    "MainCategory": "계절가전",
    "ProductName": "(TV_직송) 케어팟 스테인레스 가습기 MS031S",
    "ReviewScore": "100",
    "Syllable": "95",
    "Word": "25",
    "RDate": "20200113",
    "GeneralPolarity": "1",
    "Aspects": [
      {
        "Aspect": "편의성",
        "SentimentText": "청소 쉽고 최고네요",
        "SentimentWord": "3",
        "SentimentPolarity": "1"
      },
      {
        "Aspect": "제품구성",
        "SentimentText": "일단 수증기 나오는 구멍이 스텐이라 넘 좋아요!",
        "SentimentWord": "7",
        "SentimentPolarity": "1"
      }
    ]
  },
  {
    "Index": "12314",
    "RawText": "제품기능은 아주 만족합니다.. 보기보다는 무거워요.. 아침에 다행히 배송기사님이 전화가 왔더라고요.동호수가 없어 연락드렸다고... 전 제가 실수한거 같아 주문서 다시보니 제대로 주문한게 맞더군요...기분이 안좋네요 배송 똑바로 보내 주시길...아침부터 바보된 기분이네요. ",
    "Source": "SNS",
    "Domain": "가전",
    "MainCategory": "계절가전",
    "ProductName": "(TV_직송) 케어팟 스테인레스 가습기 MS031S",
    "ReviewScore": "100",
    "Syllable": "152",
    "Word": "28",
    "RDate": "20200105",
    "Aspects": [
      {
        "Aspect": "기능",
        "SentimentText": "제품기능은 아주 만족합니다..",
        "SentimentWord": "3",
        "SentimentPolarity": "1"
      },
      {
        "Aspect": "무게",
        "SentimentText": "보기보다는 무거워요..",
        "SentimentWord": "2",
        "SentimentPolarity": "-1"
      }
    ]
  },
  {
    "Index": "12315",
    "RawText": "이렇게 뭔가가 나오네요 이거 몸에 유해한거 아닌가요?! 당연히 뻔한 대답으로 유해하지 않다고 하시겠지만 내솥에 코팅이 벗겨지는 것 같기도 해서 별로에요ㅠㅠ 잘못봤나 싶어 몇일 사용했는데 계속 이러네요ㅠㅠ 아이가 있어 예민해 지네요 내솥 바꿔봐 주실 수 있나요??  쓰다보니 위 가습 나오는 부분 닦으려보니 이렇게 벗겨지고 있더라고요ㅠㅠ",
    "Source": "SNS",
    "Domain": "가전",
    "MainCategory": "계절가전",
    "ProductName": "(TV_혼) 리빈치 가열식 스팀가습기 (Livinchi Steam Humidifier)",
    "ReviewScore": "60",
    "Syllable": "187",
    "Word": "44",
    "RDate": "20211206",
    "Aspects": [
      {
        "Aspect": "내구성",
        "SentimentText": "내솥에 코팅이 벗겨지는 것 같기도 해서 별로에요ㅠㅠ",
        "SentimentWord": "7",
        "SentimentPolarity": "-1"
      },
      {
        "Aspect": "품질",
        "SentimentText": "쓰다보니 위 가습 나오는 부분 닦으려보니 이렇게 벗겨지고 있더라고요ㅠㅠ",
        "SentimentWord": "9",
        "SentimentPolarity": "-1"
      }
    ]
  },
  {
    "Index": "12316",
    "RawText": "저소음상품이라는 광고와 다르게 소음이 좀 거슬리네요  잠잘려고 조용히 누워있는데 신경쓰여요 가열식 가습기라 온도는 따뜻하게 해줘서 좋아요 ",
    "Source": "SNS",
    "Domain": "가전",
    "MainCategory": "계절가전",
    "ProductName": "(TV_혼) 리빈치 가열식 스팀가습기 (Livinchi Steam Humidifier) 1+1",
    "ReviewScore": "60",
    "Syllable": "77",
    "Word": "16",
    "RDate": "20211129",
    "Aspects": [
      {
        "Aspect": "소음",
        "SentimentText": "저소음상품이라는 광고와 다르게 소음이 좀 거슬리네요",
        "SentimentWord": "6",
        "SentimentPolarity": "-1"
      },
      {
        "Aspect": "기능",
        "SentimentText": "가열식 가습기라 온도는 따뜻하게 해줘서 좋아요",
        "SentimentWord": "6",
        "SentimentPolarity": "1"
      }
    ]
  },
  {
    "Index": "12317",
    "RawText": "사용한지..일주일도 채 되지않아...청소하느랴...분무구 열어보니..표면이 일어나는 중!!  실망입니다 하자상품을 보내주다니 반품 신청합니다",
    "Source": "SNS",
    "Domain": "가전",
    "MainCategory": "계절가전",
    "ProductName": "(미주) 리빈치 가열식 스팀가습기 (Livinchi Steam Humidifier)",
    "ReviewScore": "10",
    "Syllable": "78",
    "Word": "11",
    "RDate": "20211220",
    "GeneralPolarity": "-1",
    "Aspects": [
      {
        "Aspect": "품질",
        "SentimentText": "분무구 열어보니..표면이 일어나는 중!! 실망입니다",
        "SentimentWord": "5",
        "SentimentPolarity": "-1"
      },
      {
        "Aspect": "품질",
        "SentimentText": " 하자상품을 보내주다니 반품 신청합니다",
        "SentimentWord": "4",
        "SentimentPolarity": "-1"
      }
    ]
  },
  {
    "Index": "12318",
    "RawText": "물건에 이상이 있는 제품 같아요. 가습하는 동안 소리가 납니다 예민한 저에게는 안맞는 상품 같아요ㅠ ",
    "Source": "SNS",
    "Domain": "가전",
    "MainCategory": "계절가전",
    "ProductName": "K 앤쓰리 애니휴미 미니 가습기/탁상용/휴대용/초음파",
    "ReviewScore": "20",
    "Syllable": "56",
    "Word": "14",
    "RDate": "20191129",
    "Aspects": [
      {
        "Aspect": "품질",
        "SentimentText": "물건에 이상이 있는 제품 같아요.",
        "SentimentWord": "5",
        "SentimentPolarity": "-1"
      },
      {
        "Aspect": "소음",
        "SentimentText": "가습하는 동안 소리가 납니다 예민한 저에게는 안맞는 상품 같아요ㅠ",
        "SentimentWord": "9",
        "SentimentPolarity": "-1"
      }
    ]
  },
  {
    "Index": "12319",
    "RawText": "배송이 일주일이나 넘게 걸려서 왔는데 리모콘  안되다가  리모콘 기존 누룬  움직임대로 맘대로 움직이다 멈춥니다ㆍ배송비 아까워서 쓰긴합니다ㆍ같은 000 기존 홈페이지에서 구매할때 하루 만에 올때랑 너무 차이납니다.왜 일주일 기다렸다싶네요ᆢ",
    "Source": "SNS",
    "Domain": "가전",
    "MainCategory": "계절가전",
    "ProductName": "K 오아 네이처800 가습기 초음파 무드등",
    "ReviewScore": "10",
    "Syllable": "133",
    "Word": "27",
    "RDate": "20191124",
    "Aspects": [
      {
        "Aspect": "조작성",
        "SentimentText": "리모콘  안되다가",
        "SentimentWord": "2",
        "SentimentPolarity": "-1"
      },
      {
        "Aspect": "기능",
        "SentimentText": "리모콘 기존 누룬  움직임대로 맘대로 움직이다 멈춥니다",
        "SentimentWord": "7",
        "SentimentPolarity": "-1"
      }
    ]
  },
  {
    "Index": "12320",
    "RawText": "가습은 정상적으로 작동하나 불이 계속 버튼이 눌러지는 소리와 함께 변하고,  그런데 문제는 이 건에 대해서 as를 신청하려 하였는데 회사 규정이라는 말만 반복하며 소비자 입장에서 사용 중에 버튼은 아예 먹통이 되어 전원을 강제로 끄는 것이 아니면 사용할 수 없어 불편합니다. 부실로 인해 일어난 제품의 하자가 아닌 자체 제품의 문제를 가지고, 책임지려 하지않고 소비자에게 책임을 전가하네요.",
    "Source": "SNS",
    "Domain": "가전",
    "MainCategory": "계절가전",
    "ProductName": "K 오아 무드가습기1000 간편세척 미니 가습기",
    "ReviewScore": "0",
    "Syllable": "218",
    "Word": "54",
    "RDate": "20191107",
    "Aspects": [
      {
        "Aspect": "품질",
        "SentimentText": "버튼은 아예 먹통이 되어 전원을 강제로 끄는 것이 아니면 사용할 수 없어 불편합니다.",
        "SentimentWord": "13",
        "SentimentPolarity": "-1"
      },
      {
        "Aspect": "기능",
        "SentimentText": "가습은 정상적으로 작동하나 ",
        "SentimentWord": "3",
        "SentimentPolarity": "1"
      },
      {
        "Aspect": "품질",
        "SentimentText": "불이 계속 버튼이 눌러지는 소리와 함께 변하고",
        "SentimentWord": "7",
        "SentimentPolarity": "-1"
      }
    ]
  },
  {
    "Index": "12321",
    "RawText": "가격이 나쁘지 않아서 구입했는데 성능이 역시 못따라가네요 ㅠㅠ",
    "Source": "SNS",
    "Domain": "가전",
    "MainCategory": "계절가전",
    "ProductName": "K 오아 안개가습기 1000 간편세척 초음파 무드등 가습기",
    "ReviewScore": "10",
    "Syllable": "34",
    "Word": "8",
    "RDate": "20191119",
    "Aspects": [
      {
        "Aspect": "가격",
        "SentimentText": "가격이 나쁘지 않아서 구입했는데",
        "SentimentWord": "4",
        "SentimentPolarity": "0"
      },
      {
        "Aspect": "기능",
        "SentimentText": "성능이 역시 못따라가네요 ㅠㅠ",
        "SentimentWord": "4",
        "SentimentPolarity": "-1"
      }
    ]
  },
  {
    "Index": "12322",
    "RawText": "바닥에 물이새요... 왜 물이 새는지 모르겠어요... 소리도 시끄러운게 수면에 방해됩니다! ㅠ",
    "Source": "SNS",
    "Domain": "가전",
    "MainCategory": "계절가전",
    "ProductName": "K 오아 안개가습기 1000 간편세척 초음파 무드등 가습기",
    "ReviewScore": "10",
    "Syllable": "52",
    "Word": "11",
    "RDate": "20200102",
    "Aspects": [
      {
        "Aspect": "내구성",
        "SentimentText": "바닥에 물이새요...",
        "SentimentWord": "2",
        "SentimentPolarity": "-1"
      },
      {
        "Aspect": "소음",
        "SentimentText": "소리도 시끄러운게 수면에 방해됩니다! ㅠ",
        "SentimentWord": "5",
        "SentimentPolarity": "-1"
      }
    ]
  },
  {
    "Index": "12323",
    "RawText": "완전 충전하고 6시간을 못 써요 자다보면 방전 3개 다 똑같이 그런걸보면 고장은 아닌것 같아요ㅠ뭐가 문제일까요 그리고 큰거 한개는 유독 수증기가 많이 나와요ㅠ ",
    "Source": "SNS",
    "Domain": "가전",
    "MainCategory": "계절가전",
    "ProductName": "단순생활 듀얼 가습기 패밀리세트",
    "ReviewScore": "10",
    "Syllable": "89",
    "Word": "22",
    "RDate": "20211104",
    "GeneralPolarity": "-1",
    "Aspects": [
      {
        "Aspect": "배터리",
        "SentimentText": "완전 충전하고 6시간을 못 써요 자다보면 방전",
        "SentimentWord": "7",
        "SentimentPolarity": "-1"
      },
      {
        "Aspect": "품질",
        "SentimentText": "3개 다 똑같이 그런걸보면 고장은 아닌것 같아요ㅠ뭐가 문제일까요 ",
        "SentimentWord": "8",
        "SentimentPolarity": "-1"
      },
      {
        "Aspect": "품질",
        "SentimentText": "그리고 큰거 한개는 유독 수증기가 많이 나와요ㅠ",
        "SentimentWord": "7",
        "SentimentPolarity": "-1"
      }
    ]
  },
  {
    "Index": "12324",
    "RawText": "1. 왜 박스 스티커가 개봉이 되어서 도착하나요??  2. 4리터 대용량이라고 했는데. 2리터물병으로 1번넣고 더 들어가지가 않습니다.  4리터는 커녕 3리터도 안들어가네여ㅠ. 이러면 과장광고 아닌가여??  내 맘대로 가습량을 조절할수있어서 신기하네요.  위탁판매라며 환불접수하라고 해서 환불접수햇습니다.",
    "Source": "SNS",
    "Domain": "가전",
    "MainCategory": "계절가전",
    "ProductName": "사무실 가습기 초음파식 탁상용 원룸 4L UMH-1406",
    "ReviewScore": "10",
    "Syllable": "170",
    "Word": "32",
    "RDate": "20201125",
    "Aspects": [
      {
        "Aspect": "용량",
        "SentimentText": "2리터물병으로 1번넣고 더 들어가지가 않습니다.  4리터는 커녕 3리터도 안들어가네여ㅠ.",
        "SentimentWord": "9",
        "SentimentPolarity": "-1"
      },
      {
        "Aspect": "기능",
        "SentimentText": "내 맘대로 가습량을 조절할수있어서 신기하네요.",
        "SentimentWord": "5",
        "SentimentPolarity": "1"
      }
    ]
  },
  {
    "Index": "12325",
    "RawText": "상품 설명 그대로의 장점이 있는 성능 좋은 가습기예요 특가 나와 저렴해서 얼른 구매했어요 2개 살걸 후회되네요 다시 재구매 했습니다",
    "Source": "SNS",
    "Domain": "가전",
    "MainCategory": "계절가전",
    "ProductName": "코흐위버 프리베이션 미스트 무선 초음파가습기 KC-H1004",
    "ReviewScore": "100",
    "Syllable": "73",
    "Word": "19",
    "RDate": "20211218",
    "Aspects": [
      {
        "Aspect": "기능",
        "SentimentText": "상품 설명 그대로의 장점이 있는 성능 좋은 가습기예요",
        "SentimentWord": "8",
        "SentimentPolarity": "1"
      },
      {
        "Aspect": "가격",
        "SentimentText": "특가 나와 저렴해서 얼른 구매했어요 2개 살걸 후회되네요",
        "SentimentWord": "8",
        "SentimentPolarity": "1"
      }
    ]
  },
  {
    "Index": "12326",
    "RawText": "어머님 댁에 선물로 드렸어요  성능 좋다고 너무 좋아하시네요  이제 집에서는 숨  쉬시겠다며 ㅋ 다른 공청기에 센서없다는 말을 들으시곤  꼭 제대로 센서 기능 있고 좋은 걸로 골라달라고 신신당부를 하셨는데 완전 만족입니다  감사합니다.",
    "Source": "SNS",
    "Domain": "가전",
    "MainCategory": "계절가전",
    "ProductName": "(18형)LG 퓨리케어 360 공기청정기 싱글 클린부스터(AS181DAW)",
    "ReviewScore": "100",
    "Syllable": "131",
    "Word": "31",
    "RDate": "20190201",
    "GeneralPolarity": "1",
    "Aspects": [
      {
        "Aspect": "기능",
        "SentimentText": "성능 좋다고 너무 좋아하시네요  이제 집에서는 숨  쉬시겠다며 ㅋ",
        "SentimentWord": "9",
        "SentimentPolarity": "1"
      },
      {
        "Aspect": "기능",
        "SentimentText": "꼭 제대로 센서 기능 있고 좋은 걸로 골라달라고 신신당부를 하셨는데 완전 만족입니다",
        "SentimentWord": "12",
        "SentimentPolarity": "1"
      }
    ]
  },
  {
    "Index": "12327",
    "RawText": "상품 잘받았어요 기능 좋고 잘쓰고 있습니다 잘사다고 생각합니다 구성에 필터두개가 없어서 아쉽네요",
    "Source": "SNS",
    "Domain": "가전",
    "MainCategory": "계절가전",
    "ProductName": "(28형)LG 퓨리케어 360 공기청정기 듀얼 클린부스터(AS280DWFCM)_무빙휠포함",
    "ReviewScore": "100",
    "Syllable": "53",
    "Word": "12",
    "RDate": "20210120",
    "Aspects": [
      {
        "Aspect": "기능",
        "SentimentText": "기능 좋고 잘쓰고 있습니다",
        "SentimentWord": "4",
        "SentimentPolarity": "1"
      },
      {
        "Aspect": "제품구성",
        "SentimentText": "구성에 필터두개가 없어서 아쉽네요",
        "SentimentWord": "4",
        "SentimentPolarity": "0"
      }
    ]
  },
  {
    "Index": "12328",
    "RawText": "집에 들어오면 산에서 느끼던 그느낌이 확~~~ 공기청정기의 효과를 전혀 믿지 않았었는데 너무 잘 산거같아요 ",
    "Source": "SNS",
    "Domain": "가전",
    "MainCategory": "계절가전",
    "ProductName": "(28형)LG 퓨리케어 360 공기청정기 듀얼 클린부스터(AS281DAW)",
    "ReviewScore": "100",
    "Syllable": "60",
    "Word": "14",
    "RDate": "20190207",
    "GeneralPolarity": "1",
    "Aspects": [
      {
        "Aspect": "기능",
        "SentimentText": "집에 들어오면 산에서 느끼던 그느낌이 확~~~",
        "SentimentWord": "6",
        "SentimentPolarity": "1"
      },
      {
        "Aspect": "품질",
        "SentimentText": "공기청정기의 효과를 전혀 믿지 않았었는데 너무 잘 산거같아요",
        "SentimentWord": "8",
        "SentimentPolarity": "1"
      }
    ]
  },
  {
    "Index": "12329",
    "RawText": "OO홈쇼핑 보다 10마넌 비싼이유는 사은품으로 구성이 다양한게 많지 않아서 비추네요 OO쇼핑 이제 이용안한다 ",
    "Source": "SNS",
    "Domain": "가전",
    "MainCategory": "계절가전",
    "ProductName": "(28형)LG 퓨리케어 360 공기청정기 듀얼 클린부스터(AS281DAW)",
    "ReviewScore": "20",
    "Syllable": "61",
    "Word": "13",
    "RDate": "20190219",
    "Aspects": [
      {
        "Aspect": "가격",
        "SentimentText": "OO홈쇼핑 보다 10마넌 비싼이유는",
        "SentimentWord": "4",
        "SentimentPolarity": "-1"
      },
      {
        "Aspect": "제품구성",
        "SentimentText": "사은품으로 구성이 다양한게 많지 않아서 비추네요",
        "SentimentWord": "6",
        "SentimentPolarity": "-1"
      }
    ]
  },
  {
    "Index": "12330",
    "RawText": "디자인이 멋지고 내구성도 든든 합니다.. 가격도 적당한 가격에 샀어요~ 감사히 잘사용 하겠습니다 ",
    "Source": "SNS",
    "Domain": "가전",
    "MainCategory": "계절가전",
    "ProductName": "(28형)LG 퓨리케어 360 공기청정기 듀얼 클린부스터(AS281DAW)",
    "ReviewScore": "100",
    "Syllable": "54",
    "Word": "12",
    "RDate": "20190410",
    "Aspects": [
      {
        "Aspect": "가격",
        "SentimentText": "가격도 적당한 가격에 샀어요~",
        "SentimentWord": "4",
        "SentimentPolarity": "0"
      },
      {
        "Aspect": "디자인",
        "SentimentText": "디자인이 멋지고 ",
        "SentimentWord": "2",
        "SentimentPolarity": "1"
      },
      {
        "Aspect": "내구성",
        "SentimentText": "내구성도 든든 합니다..",
        "SentimentWord": "3",
        "SentimentPolarity": "1"
      }
    ]
  },
  {
    "Index": "12331",
    "RawText": "비교도 안하고 질렸는데 엄 텅 후회함 OO쇼핑에서 살껄 OOO체크카드로 샀는데 할인금액 입금될줄 알았더니 안들어옴 가격도 훨씬 비쌈 성능도 별로고ㅠ 완전 속은 기분",
    "Source": "SNS",
    "Domain": "가전",
    "MainCategory": "계절가전",
    "ProductName": "(28형)LG 퓨리케어 360 공기청정기 듀얼 클린부스터(AS281DAW)",
    "ReviewScore": "60",
    "Syllable": "91",
    "Word": "22",
    "RDate": "20190312",
    "GeneralPolarity": "-1",
    "Aspects": [
      {
        "Aspect": "가격",
        "SentimentText": "OOO체크카드로 샀는데 할인금액 입금될줄 알았더니 안들어옴 가격도 훨씬 비쌈",
        "SentimentWord": "9",
        "SentimentPolarity": "-1"
      },
      {
        "Aspect": "기능",
        "SentimentText": "성능도 별로고ㅠ 완전 속은 기분",
        "SentimentWord": "5",
        "SentimentPolarity": "-1"
      }
    ]
  },
  {
    "Index": "12332",
    "RawText": "비싸게 구매했는데 아직 써보진 않았지만 일단 사이즈는 겁나 크네요",
    "Source": "SNS",
    "Domain": "가전",
    "MainCategory": "계절가전",
    "ProductName": "(28형)LG 퓨리케어 360 공기청정기 듀얼 클린부스터(AS281DAW)",
    "ReviewScore": "40",
    "Syllable": "36",
    "Word": "9",
    "RDate": "20190410",
    "Aspects": [
      {
        "Aspect": "가격",
        "SentimentText": "비싸게 구매했는데",
        "SentimentWord": "2",
        "SentimentPolarity": "-1"
      },
      {
        "Aspect": "사이즈",
        "SentimentText": "사이즈는 겁나 크네요",
        "SentimentWord": "3",
        "SentimentPolarity": "-1"
      }
    ]
  },
  {
    "Index": "12333",
    "RawText": "전자담박 땜에 늘운행중 문을열었는데 지금은 공기정화기 기능덕분에 가끔 문열고 운행합니다 공기 짱~ 너무 좋고 전자담배 하시는분들에게 성능좋은 공기정화기 강추합니다",
    "Source": "SNS",
    "Domain": "가전",
    "MainCategory": "계절가전",
    "ProductName": "(TV) 불스원 에어테라피 스마트액션 공기정화기 단품",
    "ReviewScore": "100",
    "Syllable": "90",
    "Word": "19",
    "RDate": "20190504",
    "GeneralPolarity": "1",
    "Aspects": [
      {
        "Aspect": "기능",
        "SentimentText": "지금은 공기정화기 기능덕분에 가끔 문열고 운행합니다 공기 짱~",
        "SentimentWord": "8",
        "SentimentPolarity": "1"
      },
      {
        "Aspect": "기능",
        "SentimentText": "너무 좋고 전자담배 하시는분들에게 성능좋은 공기정화기 강추합니다",
        "SentimentWord": "7",
        "SentimentPolarity": "1"
      }
    ]
  },
  {
    "Index": "12334",
    "RawText": "저렴한 가격에 두대를 구입하게 되서 너무 좋습니다. 부모님 댁 거실하고 한방에 각각 설치했는데 시원해서 너무 좋아하시네요.",
    "Source": "SNS",
    "Domain": "가전",
    "MainCategory": "계절가전",
    "ProductName": "(TV)삼성공기청정기 블루스카이3000 (12형) 2대",
    "ReviewScore": "100",
    "Syllable": "68",
    "Word": "16",
    "RDate": "20180410",
    "GeneralPolarity": "1",
    "Aspects": [
      {
        "Aspect": "가격",
        "SentimentText": "저렴한 가격에 두대를 구입하게 되서 너무 좋습니다.",
        "SentimentWord": "7",
        "SentimentPolarity": "1"
      },
      {
        "Aspect": "기능",
        "SentimentText": "부모님 댁 거실하고 한방에 각각 설치했는데 시원해서 너무 좋아하시네요.",
        "SentimentWord": "9",
        "SentimentPolarity": "1"
      }
    ]
  },
  {
    "Index": "12335",
    "RawText": "친정에 선물했는데 좋아하시네요. 미세먼지나 황사가 와도 환기 안시키고 좋은 공기 마실 수 있어서 좋네요.",
    "Source": "SNS",
    "Domain": "가전",
    "MainCategory": "계절가전",
    "ProductName": "(TV_특)(1등급)캐리어 클라윈드 공기청정기 25형 ACAPSF082HREWE ",
    "ReviewScore": "80",
    "Syllable": "58",
    "Word": "14",
    "RDate": "20200501",
    "GeneralPolarity": "1",
    "Aspects": [
      {
        "Aspect": "기능",
        "SentimentText": "친정에 선물했는데 좋아하시네요.",
        "SentimentWord": "3",
        "SentimentPolarity": "1"
      },
      {
        "Aspect": "기능",
        "SentimentText": "미세먼지나 황사가 와도 환기 안시키고 좋은 공기 마실 수 있어서 좋네요.",
        "SentimentWord": "11",
        "SentimentPolarity": "1"
      }
    ]
  },
  {
    "Index": "12336",
    "RawText": "상품은 가격대비 아주 마음에 듭니다. 근데 쇼호스트는 리모컨 쓰길래 원래 있는건줄 알았는데 일반형이라 없다고 하네요. 돈주고 사라네요. 선택사항에 그런건 없었는데...  암튼 필터는 14일 안에 온다고 하니까 기다려볼랍니다.",
    "Source": "SNS",
    "Domain": "가전",
    "MainCategory": "계절가전",
    "ProductName": "(TV_특)(1등급)캐리어 클라윈드 공기청정기 25형 ACAPSF082HREWE ",
    "ReviewScore": "100",
    "Syllable": "125",
    "Word": "27",
    "RDate": "20200326",
    "Aspects": [
      {
        "Aspect": "품질",
        "SentimentText": "상품은 가격대비 아주 마음에 듭니다. ",
        "SentimentWord": "5",
        "SentimentPolarity": "1"
      },
      {
        "Aspect": "제품구성",
        "SentimentText": "호스트는 리모컨 쓰길래 원래 있는건줄 알았는데 일반형이라 없다고 하네요. 돈주고 사라네요. ",
        "SentimentWord": "11",
        "SentimentPolarity": "-1"
      },
      {
        "Aspect": "제품구성",
        "SentimentText": "필터는 14일 안에 온다고 하니까 기다려볼랍니다.",
        "SentimentWord": "6",
        "SentimentPolarity": "0"
      }
    ]
  }
]