[
  {
    "Index": "44099",
    "RawText": "만수후 물이 넘치고 물통 뺄때도 새고...물넘침 방지 기능이 별 소용없네요 ㅠ 소음도 크게 나서 시끄럽고 거슬리네요ㅠ",
    "Source": "쇼핑몰",
    "Domain": "가전",
    "MainCategory": "계절가전",
    "ProductName": "뽀송 위닉스 DXTE100-KWK",
    "ReviewScore": "3",
    "Syllable": "65",
    "Word": "16",
    "RDate": "20210720",
    "GeneralPolarity": "-1",
    "Aspects": [
      {
        "Aspect": "기능",
        "SentimentText": "만수후 물이 넘치고 물통 뺄때도 새고...물넘침 방지 기능이 별 소용없네요 ㅠ",
        "SentimentWord": "11",
        "SentimentPolarity": "-1"
      },
      {
        "Aspect": "소음",
        "SentimentText": "소음도 크게 나서 시끄럽고 거슬리네요ㅠ",
        "SentimentWord": "5",
        "SentimentPolarity": "-1"
      }
    ]
  },
  {
    "Index": "44101",
    "RawText": "타회사 제품 사용하가 불량문제로 이 제품을 구입했어요. 소음이 크지 않고 딱 적당하고 제습도 잘되서 집안이 뽀송해서 너무 좋아요.",
    "Source": "쇼핑몰",
    "Domain": "가전",
    "MainCategory": "계절가전",
    "ProductName": "뽀송 위닉스 DXTE100-KWK",
    "ReviewScore": "5",
    "Syllable": "72",
    "Word": "18",
    "RDate": "20210807",
    "GeneralPolarity": "1",
    "Aspects": [
      {
        "Aspect": "소음",
        "SentimentText": "소음이 크지 않고 딱 적당하고",
        "SentimentWord": "5",
        "SentimentPolarity": "1"
      },
      {
        "Aspect": "기능",
        "SentimentText": " 제습도 잘되서 집안이 뽀송해서 너무 좋아요.",
        "SentimentWord": "6",
        "SentimentPolarity": "1"
      }
    ]
  },
  {
    "Index": "44102",
    "RawText": "모양이 심플해서 예쁜 디자인이네요~ 사용법도 쉽고 전기코드만 연결하면 되요^^",
    "Source": "쇼핑몰",
    "Domain": "가전",
    "MainCategory": "계절가전",
    "ProductName": "뽀송 위닉스 DXTE100-KWK",
    "ReviewScore": "4",
    "Syllable": "43",
    "Word": "9",
    "RDate": "20210731",
    "GeneralPolarity": "1",
    "Aspects": [
      {
        "Aspect": "디자인",
        "SentimentText": "모양이 심플해서 예쁜 디자인이네요~ ",
        "SentimentWord": "4",
        "SentimentPolarity": "1"
      },
      {
        "Aspect": "조작성",
        "SentimentText": "사용법도 쉽고 전기코드만 연결하면 되요^^",
        "SentimentWord": "5",
        "SentimentPolarity": "1"
      }
    ]
  },
  {
    "Index": "44103",
    "RawText": "물넘침 방지 기능이 작동을 제대로 안해 마구 넘쳐서 대실망 ㅠ.ㅠ 용량이 생각 보다 작아서 별로네요.",
    "Source": "쇼핑몰",
    "Domain": "가전",
    "MainCategory": "계절가전",
    "ProductName": "뽀송 위닉스 DXTE100-KWK",
    "ReviewScore": "3",
    "Syllable": "56",
    "Word": "15",
    "RDate": "20210905",
    "GeneralPolarity": "-1",
    "Aspects": [
      {
        "Aspect": "기능",
        "SentimentText": "물넘침 방지 기능이 작동을 제대로 안해 마구 넘쳐서 대실망 ㅠ.ㅠ",
        "SentimentWord": "10",
        "SentimentPolarity": "-1"
      },
      {
        "Aspect": "용량",
        "SentimentText": "용량이 생각 보다 작아서 별로네요. ",
        "SentimentWord": "5",
        "SentimentPolarity": "-1"
      }
    ]
  },
  {
    "Index": "44104",
    "RawText": "제습이 너무 너무 잘되서 물통이 금새 차네요^^ 디자인도 깔끔하고 예뻐서 맘에 들어요~",
    "Source": "쇼핑몰",
    "Domain": "가전",
    "MainCategory": "계절가전",
    "ProductName": "뽀송 위닉스 DXTE100-KWK",
    "ReviewScore": "5",
    "Syllable": "48",
    "Word": "12",
    "RDate": "20220729",
    "GeneralPolarity": "1",
    "Aspects": [
      {
        "Aspect": "기능",
        "SentimentText": "제습이 너무 너무 잘되서 물통이 금새 차네요^^",
        "SentimentWord": "7",
        "SentimentPolarity": "1"
      },
      {
        "Aspect": "디자인",
        "SentimentText": " 디자인도 깔끔하고 예뻐서 맘에 들어요~",
        "SentimentWord": "5",
        "SentimentPolarity": "1"
      }
    ]
  },
  {
    "Index": "44105",
    "RawText": "물통에 손잡이가 없어 불편하네요 크기가 작아서 조금 불편하네요. 그외는 제습 잘 되서 뽀송하고  디자인이 깔끔해서 마음에 듭니다",
    "Source": "쇼핑몰",
    "Domain": "가전",
    "MainCategory": "계절가전",
    "ProductName": "뽀송 위닉스 DXTE100-KWK",
    "ReviewScore": "5",
    "Syllable": "71",
    "Word": "17",
    "RDate": "20210819",
    "GeneralPolarity": "0",
    "Aspects": [
      {
        "Aspect": "제품구성",
        "SentimentText": "물통에 손잡이가 없어 불편하네요",
        "SentimentWord": "4",
        "SentimentPolarity": "-1"
      },
      {
        "Aspect": "용량",
        "SentimentText": "크기가 작아서 조금 불편하네요",
        "SentimentWord": "4",
        "SentimentPolarity": "-1"
      },
      {
        "Aspect": "기능",
        "SentimentText": " 제습 잘 되서 뽀송하고  ",
        "SentimentWord": "4",
        "SentimentPolarity": "1"
      },
      {
        "Aspect": "디자인",
        "SentimentText": " 디자인이 깔끔해서 마음에 듭니다",
        "SentimentWord": "4",
        "SentimentPolarity": "1"
      }
    ]
  },
  {
    "Index": "44106",
    "RawText": "물통 색상이 흰색이 아니라서 변색 걱정과 물때 걱정없어서 마음에 들어요!! 성능도 좋고 제습력도 너무 좋아요!!",
    "Source": "쇼핑몰",
    "Domain": "가전",
    "MainCategory": "계절가전",
    "ProductName": "뽀송 위닉스 DXTE100-KWK",
    "ReviewScore": "4",
    "Syllable": "62",
    "Word": "15",
    "RDate": "20211230",
    "GeneralPolarity": "1",
    "Aspects": [
      {
        "Aspect": "색상",
        "SentimentText": "물통 색상이 흰색이 아니라서 변색 걱정과 물때 걱정없어서 마음에 들어요!!",
        "SentimentWord": "10",
        "SentimentPolarity": "1"
      },
      {
        "Aspect": "기능",
        "SentimentText": "성능도 좋고 제습력도 너무 좋아요!!",
        "SentimentWord": "5",
        "SentimentPolarity": "1"
      }
    ]
  },
  {
    "Index": "44107",
    "RawText": "용량이 커서 습기 많은 곳에 두고 쓰기 적당합니다. 큰걸 좋아하지만 커도 너무 커서  조금 아쉬워요.",
    "Source": "쇼핑몰",
    "Domain": "가전",
    "MainCategory": "계절가전",
    "ProductName": "뽀송 위닉스 DXTE100-KWK",
    "ReviewScore": "5",
    "Syllable": "56",
    "Word": "15",
    "RDate": "20220207",
    "GeneralPolarity": "1",
    "Aspects": [
      {
        "Aspect": "용량",
        "SentimentText": "용량이 커서 습기 많은 곳에 두고 쓰기 적당합니다. ",
        "SentimentWord": "8",
        "SentimentPolarity": "1"
      },
      {
        "Aspect": "사이즈",
        "SentimentText": "큰걸 좋아하지만 커도 너무 커서  조금 아쉬워요. ",
        "SentimentWord": "7",
        "SentimentPolarity": "0"
      }
    ]
  },
  {
    "Index": "44110",
    "RawText": "작동 빠르게 시작되고 작동 시간 짧아도 제습이 되니 좋습니다. 숨어 있는 습기 까지 싸악~ 자동 제습 기능 정말 좋습니다.",
    "Source": "쇼핑몰",
    "Domain": "가전",
    "MainCategory": "계절가전",
    "ProductName": "뽀송 위닉스 DXTE100-KWK",
    "ReviewScore": "5",
    "Syllable": "68",
    "Word": "19",
    "RDate": "20220630",
    "GeneralPolarity": "1",
    "Aspects": [
      {
        "Aspect": "시간/속도",
        "SentimentText": "작동 빠르게 시작되고 작동 시간 짧아도 제습이 되니 좋습니다.",
        "SentimentWord": "9",
        "SentimentPolarity": "1"
      },
      {
        "Aspect": "기능",
        "SentimentText": "숨어 있는 습기 까지 싸악~ 자동 제습 기능 정말 좋습니다. ",
        "SentimentWord": "10",
        "SentimentPolarity": "1"
      }
    ]
  },
  {
    "Index": "44111",
    "RawText": "받자마자 사용해 봤어요 집안에 습기가 많은 줄 이제야 알게 되었네요 물이 계속 나옵니다 성능 굿 너무 좋습니다! 다만, 냉장고 돌아가는 소리만큼 소음이 있긴 하네요",
    "Source": "쇼핑몰",
    "Domain": "가전",
    "MainCategory": "계절가전",
    "ProductName": "뽀송 위닉스 DXTE100-KWK",
    "ReviewScore": "5",
    "Syllable": "91",
    "Word": "24",
    "RDate": "20210810",
    "GeneralPolarity": "0",
    "Aspects": [
      {
        "Aspect": "기능",
        "SentimentText": " 물이 계속 나옵니다 성능 굿 너무 좋습니다!",
        "SentimentWord": "7",
        "SentimentPolarity": "1"
      },
      {
        "Aspect": "소음",
        "SentimentText": " 냉장고 돌아가는 소리만큼 소음이 있긴 하네요",
        "SentimentWord": "6",
        "SentimentPolarity": "-1"
      }
    ]
  },
  {
    "Index": "44112",
    "RawText": "성능 좋아요 이불들이 뽀송해집니다~ 그런데 에너지 효율이 3등급이네요.. 전기세 걱정이 되네요 ㅠ",
    "Source": "쇼핑몰",
    "Domain": "가전",
    "MainCategory": "계절가전",
    "ProductName": "뽀송 위닉스 DXTE100-KWK",
    "ReviewScore": "5",
    "Syllable": "54",
    "Word": "12",
    "RDate": "20220607",
    "GeneralPolarity": "0",
    "Aspects": [
      {
        "Aspect": "기능",
        "SentimentText": "성능 좋아요 이불들이 뽀송해집니다~ ",
        "SentimentWord": "4",
        "SentimentPolarity": "1"
      },
      {
        "Aspect": "소비전력",
        "SentimentText": "그런데 에너지 효율이 3등급이네요.. 전기세 걱정이 되네요 ㅠ",
        "SentimentWord": "8",
        "SentimentPolarity": "-1"
      }
    ]
  },
  {
    "Index": "44113",
    "RawText": "습한 실내에 한시간만 작동시켜놔도 제습이 잘되서 물통이 가득차요^^ 제습기는 역시 000가 최고!! 디자인은 슬림하고 깔끔합니다~",
    "Source": "쇼핑몰",
    "Domain": "가전",
    "MainCategory": "계절가전",
    "ProductName": "뽀송 위닉스 DXTE100-KWK",
    "ReviewScore": "5",
    "Syllable": "72",
    "Word": "15",
    "RDate": "20211011",
    "Aspects": [
      {
        "Aspect": "기능",
        "SentimentText": "습한 실내에 한시간만 작동시켜놔도 제습이 잘되서 물통이 가득차요^^ ",
        "SentimentWord": "8",
        "SentimentPolarity": "1"
      },
      {
        "Aspect": "디자인",
        "SentimentText": "디자인은 슬림하고 깔끔합니다~",
        "SentimentWord": "3",
        "SentimentPolarity": "1"
      },
      {
        "Aspect": "제조일/제조사",
        "SentimentText": "제습기는 역시 000가 최고!!",
        "SentimentWord": "4",
        "SentimentPolarity": "1"
      }
    ]
  },
  {
    "Index": "44114",
    "RawText": "원룸에서 사용하기에는 물통 용량이 적당합니다~ 행사 가격으로 저렴하게 사서 기분이 좋네요.",
    "Source": "쇼핑몰",
    "Domain": "가전",
    "MainCategory": "계절가전",
    "ProductName": "뽀송 위닉스 DXTE100-KWK",
    "ReviewScore": "5",
    "Syllable": "50",
    "Word": "11",
    "RDate": "20220722",
    "GeneralPolarity": "1",
    "Aspects": [
      {
        "Aspect": "용량",
        "SentimentText": "원룸에서 사용하기에는 물통 용량이 적당합니다~ ",
        "SentimentWord": "5",
        "SentimentPolarity": "1"
      },
      {
        "Aspect": "가격",
        "SentimentText": "행사 가격으로 저렴하게 사서 기분이 좋네요.",
        "SentimentWord": "6",
        "SentimentPolarity": "1"
      }
    ]
  },
  {
    "Index": "44115",
    "RawText": "제습기 용량이 적당해서 맘에 듭니다~ 묵직해서 들기에는 좀 무겁네요...",
    "Source": "쇼핑몰",
    "Domain": "가전",
    "MainCategory": "계절가전",
    "ProductName": "뽀송 위닉스 DXTE100-KWK",
    "ReviewScore": "5",
    "Syllable": "40",
    "Word": "9",
    "RDate": "20220413",
    "GeneralPolarity": "0",
    "Aspects": [
      {
        "Aspect": "기능",
        "SentimentText": "제습기 용량이 적당해서 맘에 듭니다~ ",
        "SentimentWord": "5",
        "SentimentPolarity": "1"
      },
      {
        "Aspect": "무게",
        "SentimentText": "묵직해서 들기에는 좀 무겁네요...",
        "SentimentWord": "4",
        "SentimentPolarity": "-1"
      }
    ]
  },
  {
    "Index": "44117",
    "RawText": "성능이 강력해서 집이 뽀송해짐. 소음 생각보다 괜찮아서 쓸 만함. 단점은 물통 용량이 너무 작아서 수시로 비워 줘야 됨.  공기가 위로 나오는데 커버도 없이 뻥 뚫린 모양이라 먼지가 들어가게 생겨서 아쉬워요. 배수호스 없음... 따로 구매하려니 짜증남.",
    "Source": "쇼핑몰",
    "Domain": "가전",
    "MainCategory": "계절가전",
    "ProductName": "뽀송 위닉스 DXTE100-KWK",
    "ReviewScore": "5",
    "Syllable": "141",
    "Word": "35",
    "RDate": "20220512",
    "GeneralPolarity": "0",
    "Aspects": [
      {
        "Aspect": "기능",
        "SentimentText": "성능이 강력해서 집이 뽀송해짐. ",
        "SentimentWord": "4",
        "SentimentPolarity": "1"
      },
      {
        "Aspect": "소음",
        "SentimentText": "소음 생각보다 괜찮아서 쓸 만함. ",
        "SentimentWord": "5",
        "SentimentPolarity": "1"
      },
      {
        "Aspect": "용량",
        "SentimentText": "단점은 물통 용량이 너무 작아서 수시로 비워 줘야 됨.",
        "SentimentWord": "9",
        "SentimentPolarity": "-1"
      },
      {
        "Aspect": "디자인",
        "SentimentText": "공기가 위로 나오는데 커버도 없이 뻥 뚫린 모양이라 먼지가 들어가게 생겨서 아쉬워요",
        "SentimentWord": "12",
        "SentimentPolarity": "-1"
      },
      {
        "Aspect": "제품구성",
        "SentimentText": "배수호스 없음... 따로 구매하려니 짜증남.",
        "SentimentWord": "5",
        "SentimentPolarity": "-1"
      }
    ]
  },
  {
    "Index": "44119",
    "RawText": "성능 대박~ 빨래가 아주 뽀송뽀송하게 마릅니다. 단점은 색상이 별로임.. 칙칙해보여요",
    "Source": "쇼핑몰",
    "Domain": "가전",
    "MainCategory": "계절가전",
    "ProductName": "뽀송 위닉스 DXTE100-KWK",
    "ReviewScore": "5",
    "Syllable": "47",
    "Word": "10",
    "RDate": "20220507",
    "GeneralPolarity": "0",
    "Aspects": [
      {
        "Aspect": "기능",
        "SentimentText": "성능 대박~ 빨래가 아주 뽀송뽀송하게 마릅니다.",
        "SentimentWord": "6",
        "SentimentPolarity": "1"
      },
      {
        "Aspect": "색상",
        "SentimentText": "단점은 색상이 별로임.. 칙칙해보여요",
        "SentimentWord": "4",
        "SentimentPolarity": "-1"
      }
    ]
  },
  {
    "Index": "44120",
    "RawText": "제습이 잘되서 보송보송 너무 좋습니다. 제습기 용량도 적당해서 좋아요~~",
    "Source": "쇼핑몰",
    "Domain": "가전",
    "MainCategory": "계절가전",
    "ProductName": "뽀송 위닉스 DXTE100-KWK",
    "ReviewScore": "4",
    "Syllable": "40",
    "Word": "9",
    "RDate": "20211106",
    "GeneralPolarity": "1",
    "Aspects": [
      {
        "Aspect": "기능",
        "SentimentText": "제습이 잘되서 보송보송 너무 좋습니다.",
        "SentimentWord": "5",
        "SentimentPolarity": "1"
      },
      {
        "Aspect": "용량",
        "SentimentText": "제습기 용량도 적당해서 좋아요~~",
        "SentimentWord": "4",
        "SentimentPolarity": "1"
      }
    ]
  },
  {
    "Index": "44121",
    "RawText": "배송 빨리 도착해 좋습니다. 할인 혜택으로 제일 싸게 산듯~ 기분 최고예요. 소음은 머 당연한 거죠. 약간 나는데 괜찮아요. 제습기능이 좋아 끈적함이 사라지니 대만족입니다. 무거워서 꺼내느라 애먹었어요. 무게는 살짝 가벼웠으면 싶네요. 바퀴가 있어서 이동 다니기 너무 편해 좋습니다.",
    "Source": "쇼핑몰",
    "Domain": "가전",
    "MainCategory": "계절가전",
    "ProductName": "뽀송 위닉스 DXTE100-KWK",
    "ReviewScore": "5",
    "Syllable": "158",
    "Word": "37",
    "RDate": "20220524",
    "GeneralPolarity": "1",
    "Aspects": [
      {
        "Aspect": "가격",
        "SentimentText": "할인 혜택으로 제일 싸게 산듯~ 기분 최고예요.",
        "SentimentWord": "7",
        "SentimentPolarity": "1"
      },
      {
        "Aspect": "소음",
        "SentimentText": "소음은 머 당연한 거죠. 약간 나는데 괜찮아요.",
        "SentimentWord": "7",
        "SentimentPolarity": "0"
      },
      {
        "Aspect": "기능",
        "SentimentText": "제습기능이 좋아 끈적함이 사라지니 대만족입니다.",
        "SentimentWord": "5",
        "SentimentPolarity": "1"
      },
      {
        "Aspect": "무게",
        "SentimentText": "무거워서 꺼내느라 애먹었어요. 무게는 살짝 가벼웠으면 싶네요. ",
        "SentimentWord": "7",
        "SentimentPolarity": "0"
      },
      {
        "Aspect": "편의성",
        "SentimentText": "바퀴가 있어서 이동 다니기 너무 편해 좋습니다. ",
        "SentimentWord": "7",
        "SentimentPolarity": "1"
      }
    ]
  },
  {
    "Index": "44122",
    "RawText": "소음이 거의 없어서 쓰기 너무 좋아요~ 아쉬운 건 에너지 효율이 3등급이라 전기세가 걱정되네요",
    "Source": "쇼핑몰",
    "Domain": "가전",
    "MainCategory": "계절가전",
    "ProductName": "뽀송 위닉스 DXTE100-KWK",
    "ReviewScore": "5",
    "Syllable": "52",
    "Word": "13",
    "RDate": "20220705",
    "GeneralPolarity": "0",
    "Aspects": [
      {
        "Aspect": "소음",
        "SentimentText": "소음이 거의 없어서 쓰기 너무 좋아요~",
        "SentimentWord": "6",
        "SentimentPolarity": "1"
      },
      {
        "Aspect": "소비전력",
        "SentimentText": "아쉬운 건 에너지 효율이 3등급이라 전기세가 걱정되네요",
        "SentimentWord": "7",
        "SentimentPolarity": "-1"
      }
    ]
  },
  {
    "Index": "44123",
    "RawText": "소음은 약간 있지만 그럭저럭 쓸 만합니다. 30분 만에 물통이 가득 차고 습도가 내려갑니다 좋습니다",
    "Source": "쇼핑몰",
    "Domain": "가전",
    "MainCategory": "계절가전",
    "ProductName": "뽀송 위닉스 DXTE100-KWK",
    "ReviewScore": "5",
    "Syllable": "55",
    "Word": "14",
    "RDate": "20220731",
    "GeneralPolarity": "1",
    "Aspects": [
      {
        "Aspect": "소음",
        "SentimentText": "소음은 약간 있지만 그럭저럭 쓸 만합니다. ",
        "SentimentWord": "6",
        "SentimentPolarity": "0"
      },
      {
        "Aspect": "시간/속도",
        "SentimentText": "30분 만에 물통이 가득 차고 습도가 내려갑니다 좋습니다",
        "SentimentWord": "8",
        "SentimentPolarity": "1"
      }
    ]
  },
  {
    "Index": "44124",
    "RawText": "제습기 치고 소음이 큰 편이 아니라서 좋아요~ 에너지등급이 3등급이라 장마때 틀기가 무섭네요",
    "Source": "쇼핑몰",
    "Domain": "가전",
    "MainCategory": "계절가전",
    "ProductName": "뽀송 위닉스 DXTE100-KWK",
    "ReviewScore": "5",
    "Syllable": "51",
    "Word": "12",
    "RDate": "20220514",
    "GeneralPolarity": "0",
    "Aspects": [
      {
        "Aspect": "소음",
        "SentimentText": "제습기 치고 소음이 큰 편이 아니라서 좋아요~ ",
        "SentimentWord": "7",
        "SentimentPolarity": "1"
      },
      {
        "Aspect": "소비전력",
        "SentimentText": "에너지등급이 3등급이라 장마때 틀기가 무섭네요",
        "SentimentWord": "5",
        "SentimentPolarity": "-1"
      }
    ]
  },
  {
    "Index": "44125",
    "RawText": "제습기 성능도 좋고 제습력도 강해서 세턱물 건조가 너무 잘됩니다! 하지만 소음은 크게 나서 신경이 약간 거슬리네요ㅜ",
    "Source": "쇼핑몰",
    "Domain": "가전",
    "MainCategory": "계절가전",
    "ProductName": "뽀송 위닉스 DXTE100-KWK",
    "ReviewScore": "5",
    "Syllable": "64",
    "Word": "16",
    "RDate": "20211013",
    "GeneralPolarity": "0",
    "Aspects": [
      {
        "Aspect": "기능",
        "SentimentText": "제습기 성능도 좋고 제습력도 강해서 세턱물 건조가 너무 잘됩니다!",
        "SentimentWord": "9",
        "SentimentPolarity": "1"
      },
      {
        "Aspect": "소음",
        "SentimentText": "하지만 소음은 크게 나서 신경이 약간 거슬리네요ㅜ",
        "SentimentWord": "7",
        "SentimentPolarity": "-1"
      }
    ]
  },
  {
    "Index": "44126",
    "RawText": "쿠폰이 있어서 착한 가격에 구매했네요! 에너지 효율이 3등급인 걸 물건 받고 알았네요.. ㅠㅠ 아쉽네요",
    "Source": "쇼핑몰",
    "Domain": "가전",
    "MainCategory": "계절가전",
    "ProductName": "뽀송 위닉스 DXTE100-KWK",
    "ReviewScore": "5",
    "Syllable": "57",
    "Word": "14",
    "RDate": "20220521",
    "GeneralPolarity": "0",
    "Aspects": [
      {
        "Aspect": "가격",
        "SentimentText": "쿠폰이 있어서 착한 가격에 구매했네요!",
        "SentimentWord": "5",
        "SentimentPolarity": "1"
      },
      {
        "Aspect": "소비전력",
        "SentimentText": "에너지 효율이 3등급인 걸 물건 받고 알았네요.. ㅠㅠ 아쉽네요",
        "SentimentWord": "9",
        "SentimentPolarity": "-1"
      }
    ]
  },
  {
    "Index": "44127",
    "RawText": "제습기 소리도 크지 않고 습도도 잘 잡아줘서 물통이 금방 차네요~",
    "Source": "쇼핑몰",
    "Domain": "가전",
    "MainCategory": "계절가전",
    "ProductName": "뽀송 위닉스 DXTE100-KWK",
    "ReviewScore": "5",
    "Syllable": "36",
    "Word": "10",
    "RDate": "20211008",
    "GeneralPolarity": "1",
    "Aspects": [
      {
        "Aspect": "소음",
        "SentimentText": "제습기 소리도 크지 않고",
        "SentimentWord": "4",
        "SentimentPolarity": "1"
      },
      {
        "Aspect": "기능",
        "SentimentText": "습도도 잘 잡아줘서 물통이 금방 차네요~",
        "SentimentWord": "6",
        "SentimentPolarity": "1"
      }
    ]
  },
  {
    "Index": "44128",
    "RawText": "단점은 에너지 효율 3등급이라... 전기세가 걱정이고, 색상도 실물 보다 화면이 더 예쁘네요.. ㅠㅠ",
    "Source": "쇼핑몰",
    "Domain": "가전",
    "MainCategory": "계절가전",
    "ProductName": "뽀송 위닉스 DXTE100-KWK",
    "ReviewScore": "3",
    "Syllable": "56",
    "Word": "13",
    "RDate": "20220330",
    "GeneralPolarity": "-1",
    "Aspects": [
      {
        "Aspect": "소비전력",
        "SentimentText": "에너지 효율 3등급이라... 전기세가 걱정이고, ",
        "SentimentWord": "5",
        "SentimentPolarity": "-1"
      },
      {
        "Aspect": "색상",
        "SentimentText": "색상도 실물 보다 화면이 더 예쁘네요.. ㅠㅠ",
        "SentimentWord": "7",
        "SentimentPolarity": "-1"
      }
    ]
  },
  {
    "Index": "44129",
    "RawText": "배송이 빨랐습니다. 부드러운 라운드 디자인이 내 마음에 쏘옥 들어요. 소리는 좀 나는 편이지만 일상에 지장을 주진 않을 정도라 괜찮네요.",
    "Source": "쇼핑몰",
    "Domain": "가전",
    "MainCategory": "계절가전",
    "ProductName": "뽀송 위닉스 DXTE100-KWK",
    "ReviewScore": "5",
    "Syllable": "76",
    "Word": "19",
    "RDate": "20220704",
    "GeneralPolarity": "1",
    "Aspects": [
      {
        "Aspect": "디자인",
        "SentimentText": "부드러운 라운드 디자인이 내 마음에 쏘옥 들어요.",
        "SentimentWord": "7",
        "SentimentPolarity": "1"
      },
      {
        "Aspect": "소음",
        "SentimentText": "소리는 좀 나는 편이지만 일상에 지장을 주진 않을 정도라 괜찮네요. ",
        "SentimentWord": "10",
        "SentimentPolarity": "1"
      }
    ]
  },
  {
    "Index": "44133",
    "RawText": "부모님댁이 습해서 보내드렸는데 제습력이 너무 좋고 쾌적해서 좋아하세요!! 제습기 사용하기도 간편하고 편해서 추천드립니다.",
    "Source": "쇼핑몰",
    "Domain": "가전",
    "MainCategory": "계절가전",
    "ProductName": "뽀송 위닉스 DXTE100-KWK",
    "ReviewScore": "5",
    "Syllable": "67",
    "Word": "13",
    "RDate": "20210807",
    "GeneralPolarity": "1",
    "Aspects": [
      {
        "Aspect": "기능",
        "SentimentText": "부모님댁이 습해서 보내드렸는데 제습력이 너무 좋고 쾌적해서 좋아하세요!! ",
        "SentimentWord": "8",
        "SentimentPolarity": "1"
      },
      {
        "Aspect": "편의성",
        "SentimentText": " 제습기 사용하기도 간편하고 편해서 추천드립니다.",
        "SentimentWord": "5",
        "SentimentPolarity": "1"
      }
    ]
  },
  {
    "Index": "44134",
    "RawText": "가족들 다 이 제품 사용하는데 에너지 효율이 3등급이라 전기세가 왕창 나오겠네요;;ㅠㅠ 제조일도 받고 보니 작년이라 아쉽네요",
    "Source": "쇼핑몰",
    "Domain": "가전",
    "MainCategory": "계절가전",
    "ProductName": "뽀송 위닉스 DXTE100-KWK",
    "ReviewScore": "5",
    "Syllable": "69",
    "Word": "16",
    "RDate": "20220726",
    "GeneralPolarity": "-1",
    "Aspects": [
      {
        "Aspect": "소비전력",
        "SentimentText": "가족들 다 이 제품 사용하는데 에너지 효율이 3등급이라 전기세가 왕창 나오겠네요;;ㅠㅠ",
        "SentimentWord": "11",
        "SentimentPolarity": "-1"
      },
      {
        "Aspect": "제조일/제조사",
        "SentimentText": "제조일도 받고 보니 작년이라 아쉽네요",
        "SentimentWord": "5",
        "SentimentPolarity": "-1"
      }
    ]
  },
  {
    "Index": "44135",
    "RawText": "연속제습으로 계속 돌릴수도 있고 물통도 빨리 차고 곰팡이 걱정 없어 좋네요~ 에너지가 3등급이라 자주 틀진 못할것 같아요",
    "Source": "쇼핑몰",
    "Domain": "가전",
    "MainCategory": "계절가전",
    "ProductName": "뽀송 위닉스 DXTE100-KWK",
    "ReviewScore": "5",
    "Syllable": "67",
    "Word": "17",
    "RDate": "20220726",
    "GeneralPolarity": "0",
    "Aspects": [
      {
        "Aspect": "기능",
        "SentimentText": "연속제습으로 계속 돌릴수도 있고 물통도 빨리 차고 곰팡이 걱정 없어 좋네요~",
        "SentimentWord": "11",
        "SentimentPolarity": "1"
      },
      {
        "Aspect": "소비전력",
        "SentimentText": "에너지가 3등급이라 자주 틀진 못할것 같아요 ",
        "SentimentWord": "6",
        "SentimentPolarity": "-1"
      }
    ]
  },
  {
    "Index": "44136",
    "RawText": "생활소음에 묻혀 소음은 크게 신경쓰이지 않아 만족합니다. 물통에 물이 금새 불어서 신기!!! 물넘침 방지 기능으로 만수되면 자동 꺼짐~ 대만족",
    "Source": "쇼핑몰",
    "Domain": "가전",
    "MainCategory": "계절가전",
    "ProductName": "뽀송 위닉스 DXTE100-KWK",
    "ReviewScore": "5",
    "Syllable": "79",
    "Word": "19",
    "RDate": "20210716",
    "GeneralPolarity": "1",
    "Aspects": [
      {
        "Aspect": "소음",
        "SentimentText": "생활소음에 묻혀 소음은 크게 신경쓰이지 않아 만족합니다.",
        "SentimentWord": "7",
        "SentimentPolarity": "1"
      },
      {
        "Aspect": "기능",
        "SentimentText": "물통에 물이 금새 불어서 신기!!! 물넘침 방지 기능으로 만수되면 자동 꺼짐~ 대만족",
        "SentimentWord": "12",
        "SentimentPolarity": "1"
      }
    ]
  },
  {
    "Index": "44137",
    "RawText": "소음이 거의 없어서 마음에 들고요~ 제습 성능도 강력해서 방이 뽀송해요~ 디자인도 깔끔하니 예뻐서 좋네요~",
    "Source": "쇼핑몰",
    "Domain": "가전",
    "MainCategory": "계절가전",
    "ProductName": "뽀송 위닉스 DXTE100-KWK",
    "ReviewScore": "5",
    "Syllable": "59",
    "Word": "14",
    "RDate": "20220818",
    "GeneralPolarity": "1",
    "Aspects": [
      {
        "Aspect": "소음",
        "SentimentText": "소음이 거의 없어서 마음에 들고요~",
        "SentimentWord": "5",
        "SentimentPolarity": "1"
      },
      {
        "Aspect": "기능",
        "SentimentText": "제습 성능도 강력해서 방이 뽀송해요~",
        "SentimentWord": "5",
        "SentimentPolarity": "1"
      },
      {
        "Aspect": "디자인",
        "SentimentText": "디자인도 깔끔하니 예뻐서 좋네요~",
        "SentimentWord": "4",
        "SentimentPolarity": "1"
      }
    ]
  },
  {
    "Index": "44138",
    "RawText": "소음이 좀 있어서 신경 쓰이긴 합니다.. 그래도 제습 기능이 좋아 집안이 뽀송해지니 만족하며 쓰고 있습니다.",
    "Source": "쇼핑몰",
    "Domain": "가전",
    "MainCategory": "계절가전",
    "ProductName": "뽀송 위닉스 DXTE100-KWK",
    "ReviewScore": "5",
    "Syllable": "60",
    "Word": "15",
    "RDate": "20220819",
    "GeneralPolarity": "0",
    "Aspects": [
      {
        "Aspect": "소음",
        "SentimentText": "소음이 좀 있어서 신경 쓰이긴 합니다.. ",
        "SentimentWord": "6",
        "SentimentPolarity": "-1"
      },
      {
        "Aspect": "기능",
        "SentimentText": "그래도 제습 기능이 좋아 집안이 뽀송해지니 만족하며 쓰고 있습니다.",
        "SentimentWord": "9",
        "SentimentPolarity": "1"
      }
    ]
  },
  {
    "Index": "44139",
    "RawText": "소음이 많이 크네요.. 밤에는 신경 쓰여 사용을 못하고 있습니다. 물통도 생각보다 너무 작아서 물 비우는게 일이네요.. 연속 제습 기능 쓰려면 호스가 필요한데 배수 호스는 별도로 구매 해야 해서 아쉽네요",
    "Source": "쇼핑몰",
    "Domain": "가전",
    "MainCategory": "계절가전",
    "ProductName": "뽀송 위닉스 DXTE100-KWK",
    "ReviewScore": "4",
    "Syllable": "113",
    "Word": "29",
    "RDate": "20210803",
    "GeneralPolarity": "-1",
    "Aspects": [
      {
        "Aspect": "소음",
        "SentimentText": "소음이 많이 크네요.. 밤에는 신경 쓰여 사용을 못하고 있습니다. ",
        "SentimentWord": "9",
        "SentimentPolarity": "-1"
      },
      {
        "Aspect": "용량",
        "SentimentText": "물통도 생각보다 너무 작아서 물 비우는게 일이네요..",
        "SentimentWord": "7",
        "SentimentPolarity": "-1"
      },
      {
        "Aspect": "제품구성",
        "SentimentText": "연속 제습 기능 쓰려면 호스가 필요한데 배수 호스는 별도로 구매 해야 해서 아쉽네요",
        "SentimentWord": "13",
        "SentimentPolarity": "-1"
      }
    ]
  },
  {
    "Index": "44141",
    "RawText": "단시간에 습도가 잡혀서 바닥이 금새 뽀송뽀송해졌네요~ 바퀴도 있어서 이방저방 옮기면서 사용하기 편리하네요",
    "Source": "쇼핑몰",
    "Domain": "가전",
    "MainCategory": "계절가전",
    "ProductName": "뽀송 위닉스 DXTE100-KWK",
    "ReviewScore": "5",
    "Syllable": "58",
    "Word": "12",
    "RDate": "20210804",
    "Aspects": [
      {
        "Aspect": "시간/속도",
        "SentimentText": "단시간에 습도가 잡혀서 바닥이 금새 뽀송뽀송해졌네요~",
        "SentimentWord": "6",
        "SentimentPolarity": "1"
      },
      {
        "Aspect": "편의성",
        "SentimentText": "바퀴도 있어서 이방저방 옮기면서 사용하기 편리하네요",
        "SentimentWord": "6",
        "SentimentPolarity": "1"
      }
    ]
  },
  {
    "Index": "44142",
    "RawText": "소음이 클까봐 걱정했는데 생각한 것보다 조용하네요~^^ 그런데 물통용량이 3L는 너무...작아요..",
    "Source": "쇼핑몰",
    "Domain": "가전",
    "MainCategory": "계절가전",
    "ProductName": "뽀송 위닉스 DXTE100-KWK",
    "ReviewScore": "5",
    "Syllable": "55",
    "Word": "10",
    "RDate": "20210718",
    "GeneralPolarity": "0",
    "Aspects": [
      {
        "Aspect": "소음",
        "SentimentText": "생각한 것보다 조용하네요~^^",
        "SentimentWord": "3",
        "SentimentPolarity": "1"
      },
      {
        "Aspect": "용량",
        "SentimentText": "물통용량이 3L는 너무...작아요..",
        "SentimentWord": "3",
        "SentimentPolarity": "-1"
      }
    ]
  },
  {
    "Index": "44143",
    "RawText": "불량없는 상품으로 받아 만족합니다! 빅세일 기간에 저렴하게 샀어요.",
    "Source": "쇼핑몰",
    "Domain": "가전",
    "MainCategory": "계절가전",
    "ProductName": "뽀송 위닉스 DXTE100-KWK",
    "ReviewScore": "5",
    "Syllable": "37",
    "Word": "8",
    "RDate": "20220115",
    "GeneralPolarity": "1",
    "Aspects": [
      {
        "Aspect": "품질",
        "SentimentText": "불량없는 상품으로 받아 만족합니다! ",
        "SentimentWord": "4",
        "SentimentPolarity": "1"
      },
      {
        "Aspect": "가격",
        "SentimentText": "빅세일 기간에 저렴하게 샀어요.",
        "SentimentWord": "4",
        "SentimentPolarity": "1"
      }
    ]
  },
  {
    "Index": "44144",
    "RawText": "저렴한 가격에 구매할 수 있어서 기분이 좋네요~ 아쉬운 게 있다면 물통이 너무 작아서 수시로 물통을 비워줘야 합니다.",
    "Source": "쇼핑몰",
    "Domain": "가전",
    "MainCategory": "계절가전",
    "ProductName": "뽀송 위닉스 DXTE100-KWK",
    "ReviewScore": "5",
    "Syllable": "65",
    "Word": "17",
    "RDate": "20211115",
    "GeneralPolarity": "0",
    "Aspects": [
      {
        "Aspect": "가격",
        "SentimentText": "저렴한 가격에 구매할 수 있어서 기분이 좋네요~ ",
        "SentimentWord": "7",
        "SentimentPolarity": "1"
      },
      {
        "Aspect": "용량",
        "SentimentText": "아쉬운 게 있다면 물통이 너무 작아서 수시로 물통을 비워줘야 합니다.",
        "SentimentWord": "10",
        "SentimentPolarity": "-1"
      }
    ]
  },
  {
    "Index": "44145",
    "RawText": "연속제거모드로 틀면 빨래가 잘 마르고 좋네요^^ 그런데 제품 바람나오는 쪽을 날개로 해서 오프시 닫히는 디자인이었음 더 좋았을것 같아요",
    "Source": "쇼핑몰",
    "Domain": "가전",
    "MainCategory": "계절가전",
    "ProductName": "뽀송 위닉스 DXTE100-KWK",
    "ReviewScore": "4",
    "Syllable": "75",
    "Word": "18",
    "RDate": "20210716",
    "GeneralPolarity": "0",
    "Aspects": [
      {
        "Aspect": "기능",
        "SentimentText": "연속제거모드로 틀면 빨래가 잘 마르고 좋네요^^ ",
        "SentimentWord": "6",
        "SentimentPolarity": "1"
      },
      {
        "Aspect": "디자인",
        "SentimentText": "바람나오는 쪽을 날개로 해서 오프시 닫히는 디자인이었음 더 좋았을것 같아요",
        "SentimentWord": "10",
        "SentimentPolarity": "-1"
      }
    ]
  },
  {
    "Index": "44146",
    "RawText": "소리는 생각보다 조용해서 쓸 만합니다~ 제품 제조일은 최신이 아니라서 좀 아쉽네요.",
    "Source": "쇼핑몰",
    "Domain": "가전",
    "MainCategory": "계절가전",
    "ProductName": "뽀송 위닉스 DXTE100-KWK",
    "ReviewScore": "5",
    "Syllable": "46",
    "Word": "11",
    "RDate": "20220512",
    "GeneralPolarity": "0",
    "Aspects": [
      {
        "Aspect": "소음",
        "SentimentText": "소리는 생각보다 조용해서 쓸 만합니다~",
        "SentimentWord": "5",
        "SentimentPolarity": "1"
      },
      {
        "Aspect": "제조일/제조사",
        "SentimentText": "제품 제조일은 최신이 아니라서 좀 아쉽네요.",
        "SentimentWord": "6",
        "SentimentPolarity": "-1"
      }
    ]
  },
  {
    "Index": "44147",
    "RawText": "소음이 거의 없어서 만족하며 쓰고 있습니다. 색상은 화면과 달리 좀 칙칙해서 별로네요",
    "Source": "쇼핑몰",
    "Domain": "가전",
    "MainCategory": "계절가전",
    "ProductName": "뽀송 위닉스 DXTE100-KWK",
    "ReviewScore": "5",
    "Syllable": "47",
    "Word": "12",
    "RDate": "20220708",
    "GeneralPolarity": "0",
    "Aspects": [
      {
        "Aspect": "소음",
        "SentimentText": "소음이 거의 없어서 만족하며 쓰고 있습니다. ",
        "SentimentWord": "6",
        "SentimentPolarity": "1"
      },
      {
        "Aspect": "색상",
        "SentimentText": "색상은 화면과 달리 좀 칙칙해서 별로네요",
        "SentimentWord": "6",
        "SentimentPolarity": "-1"
      }
    ]
  },
  {
    "Index": "44149",
    "RawText": "제습 기능 좋습니다~ 집안이 뽀송해집니다~ 단점은 소리가 커서 좀 시끄럽네요",
    "Source": "쇼핑몰",
    "Domain": "가전",
    "MainCategory": "계절가전",
    "ProductName": "뽀송 위닉스 DXTE100-KWK",
    "ReviewScore": "5",
    "Syllable": "42",
    "Word": "10",
    "RDate": "20210722",
    "GeneralPolarity": "0",
    "Aspects": [
      {
        "Aspect": "기능",
        "SentimentText": "제습 기능 좋습니다~ 집안이 뽀송해집니다~ ",
        "SentimentWord": "5",
        "SentimentPolarity": "1"
      },
      {
        "Aspect": "소음",
        "SentimentText": "단점은 소리가 커서 좀 시끄럽네요",
        "SentimentWord": "5",
        "SentimentPolarity": "-1"
      }
    ]
  },
  {
    "Index": "44150",
    "RawText": "예전보다 가격이 많이 내려가서 선물용으로 저렴한 가격에 잘 구매했어요~  그런데 본체와 물통 뚜껑에 유격이 있어서 별로네요",
    "Source": "쇼핑몰",
    "Domain": "가전",
    "MainCategory": "계절가전",
    "ProductName": "뽀송 위닉스 DXTE100-KWK",
    "ReviewScore": "4",
    "Syllable": "68",
    "Word": "16",
    "RDate": "20211023",
    "GeneralPolarity": "0",
    "Aspects": [
      {
        "Aspect": "가격",
        "SentimentText": "저렴한 가격에 잘 구매했어요~",
        "SentimentWord": "4",
        "SentimentPolarity": "1"
      },
      {
        "Aspect": "품질",
        "SentimentText": "본체와 물통 뚜껑에 유격이 있어서 별로네요 ",
        "SentimentWord": "6",
        "SentimentPolarity": "-1"
      }
    ]
  },
  {
    "Index": "44152",
    "RawText": "집안이 금세 뽀송뽀송해집니다 성능 최고네요. 단점은 물통이 좀 작아서 호수를 연결해야 되나 싶네요..ㅠㅠ",
    "Source": "쇼핑몰",
    "Domain": "가전",
    "MainCategory": "계절가전",
    "ProductName": "뽀송 위닉스 DXTE100-KWK",
    "ReviewScore": "5",
    "Syllable": "58",
    "Word": "13",
    "RDate": "20220730",
    "GeneralPolarity": "0",
    "Aspects": [
      {
        "Aspect": "기능",
        "SentimentText": "집안이 금세 뽀송뽀송해집니다 성능 최고네요. ",
        "SentimentWord": "5",
        "SentimentPolarity": "1"
      },
      {
        "Aspect": "용량",
        "SentimentText": "단점은 물통이 좀 작아서 호수를 연결해야 되나 싶네요..ㅠㅠ",
        "SentimentWord": "8",
        "SentimentPolarity": "-1"
      }
    ]
  },
  {
    "Index": "44153",
    "RawText": "상품 성능은  좋아 뽀송뽀송 한데 , 소리는 에어컨 실외기 소리만큼 시끄러워요.",
    "Source": "쇼핑몰",
    "Domain": "가전",
    "MainCategory": "계절가전",
    "ProductName": "뽀송 위닉스 DXTE100-KWK",
    "ReviewScore": "4",
    "Syllable": "44",
    "Word": "11",
    "RDate": "20210715",
    "GeneralPolarity": "0",
    "Aspects": [
      {
        "Aspect": "기능",
        "SentimentText": "상품 성능은  좋아 뽀송뽀송 한데 ",
        "SentimentWord": "5",
        "SentimentPolarity": "1"
      },
      {
        "Aspect": "소음",
        "SentimentText": " 소리는 에어컨 실외기 소리만큼 시끄러워요.",
        "SentimentWord": "5",
        "SentimentPolarity": "-1"
      }
    ]
  },
  {
    "Index": "44154",
    "RawText": "사진보다 실물디자인이 훨~~씬 예뻐요! 제습도 잘되고 집 바닥이 뽀송한게 성능대만족!! 소리도 생각보다 조용하니 좋아요!",
    "Source": "쇼핑몰",
    "Domain": "가전",
    "MainCategory": "계절가전",
    "ProductName": "뽀송 위닉스 DXTE100-KWK",
    "ReviewScore": "5",
    "Syllable": "67",
    "Word": "14",
    "RDate": "20220118",
    "GeneralPolarity": "1",
    "Aspects": [
      {
        "Aspect": "디자인",
        "SentimentText": "실물디자인이 훨~~씬 예뻐요! ",
        "SentimentWord": "3",
        "SentimentPolarity": "1"
      },
      {
        "Aspect": "기능",
        "SentimentText": " 제습도 잘되고 집 바닥이 뽀송한게 성능대만족!",
        "SentimentWord": "6",
        "SentimentPolarity": "1"
      },
      {
        "Aspect": "소음",
        "SentimentText": " 소리도 생각보다 조용하니 좋아요!",
        "SentimentWord": "4",
        "SentimentPolarity": "1"
      }
    ]
  },
  {
    "Index": "44155",
    "RawText": "소음은 조용한 편이라 사용하기 좋습니다. 아쉬운 건 공기 나오는 부분에 덮개가 없어서 먼지가 들어갈 거 같고 양옆에 손잡이라 이동하는데 불편하네요.",
    "Source": "쇼핑몰",
    "Domain": "가전",
    "MainCategory": "계절가전",
    "ProductName": "뽀송 위닉스 DXTE100-KWK",
    "ReviewScore": "5",
    "Syllable": "82",
    "Word": "20",
    "RDate": "20220515",
    "GeneralPolarity": "-1",
    "Aspects": [
      {
        "Aspect": "소음",
        "SentimentText": "소음은 조용한 편이라 사용하기 좋습니다. ",
        "SentimentWord": "5",
        "SentimentPolarity": "1"
      },
      {
        "Aspect": "디자인",
        "SentimentText": "아쉬운 건 공기 나오는 부분에 덮개가 없어서 먼지가 들어갈 거 같고 ",
        "SentimentWord": "11",
        "SentimentPolarity": "-1"
      },
      {
        "Aspect": "편의성",
        "SentimentText": "양옆에 손잡이라 이동하는데 불편하네요.",
        "SentimentWord": "4",
        "SentimentPolarity": "-1"
      }
    ]
  },
  {
    "Index": "44156",
    "RawText": "부피가 생각보다 너무 커요....ㅜㅜ  스크래치도 군데군데 있고 재질이 영....",
    "Source": "쇼핑몰",
    "Domain": "가전",
    "MainCategory": "계절가전",
    "ProductName": "뽀송 위닉스 DXTE100-KWK",
    "ReviewScore": "3",
    "Syllable": "45",
    "Word": "9",
    "RDate": "20211127",
    "GeneralPolarity": "-1",
    "Aspects": [
      {
        "Aspect": "사이즈",
        "SentimentText": "부피가 생각보다 너무 커요....ㅜㅜ",
        "SentimentWord": "4",
        "SentimentPolarity": "-1"
      },
      {
        "Aspect": "소재",
        "SentimentText": "스크래치도 군데군데 있고 재질이 영....",
        "SentimentWord": "5",
        "SentimentPolarity": "-1"
      }
    ]
  },
  {
    "Index": "44157",
    "RawText": "무게가 생각보다 무거워서 별로에요. 다행이 바퀴가 달려있으니 이동하면서 쓰기에는 좋네요",
    "Source": "쇼핑몰",
    "Domain": "가전",
    "MainCategory": "계절가전",
    "ProductName": "뽀송 위닉스 DXTE100-KWK",
    "ReviewScore": "5",
    "Syllable": "48",
    "Word": "10",
    "RDate": "20211017",
    "GeneralPolarity": "0",
    "Aspects": [
      {
        "Aspect": "무게",
        "SentimentText": "무게가 생각보다 무거워서 별로에요. ",
        "SentimentWord": "4",
        "SentimentPolarity": "-1"
      },
      {
        "Aspect": "편의성",
        "SentimentText": "다행이 바퀴가 달려있으니 이동하면서 쓰기에는 좋네요",
        "SentimentWord": "6",
        "SentimentPolarity": "1"
      }
    ]
  },
  {
    "Index": "44158",
    "RawText": "가성비가 아주 좋습니다. 소음도 거의 없어서 사용하기 좋네요~",
    "Source": "쇼핑몰",
    "Domain": "가전",
    "MainCategory": "계절가전",
    "ProductName": "뽀송 위닉스 DXTE100-KWK",
    "ReviewScore": "5",
    "Syllable": "34",
    "Word": "8",
    "RDate": "20210806",
    "GeneralPolarity": "1",
    "Aspects": [
      {
        "Aspect": "가격",
        "SentimentText": "가성비가 아주 좋습니다.",
        "SentimentWord": "3",
        "SentimentPolarity": "1"
      },
      {
        "Aspect": "소음",
        "SentimentText": "소음도 거의 없어서 사용하기 좋네요~",
        "SentimentWord": "5",
        "SentimentPolarity": "1"
      }
    ]
  },
  {
    "Index": "44159",
    "RawText": "제품 어딘가에 유격이 있는지 수평이 안맞으면 작동시 소음이 있어요 .제대로 놓기만 하면 제습기 작동소리는 세게 틀어도 조~~용하네요   제습량 10리터라 제습효과 만점이네요. 좋아요",
    "Source": "쇼핑몰",
    "Domain": "가전",
    "MainCategory": "계절가전",
    "ProductName": "뽀송 위닉스 DXTE100-KWK",
    "ReviewScore": "5",
    "Syllable": "101",
    "Word": "22",
    "RDate": "20220405",
    "GeneralPolarity": "1",
    "Aspects": [
      {
        "Aspect": "품질",
        "SentimentText": "제품 어딘가에 유격이 있는지 수평이 안맞으면 작동시 소음이 있어요 ",
        "SentimentWord": "9",
        "SentimentPolarity": "-1"
      },
      {
        "Aspect": "소음",
        "SentimentText": "제습기 작동소리는 세게 틀어도 조~~용하네요",
        "SentimentWord": "5",
        "SentimentPolarity": "1"
      },
      {
        "Aspect": "기능",
        "SentimentText": "  제습량 10리터라 제습효과 만점이네요. 좋아요",
        "SentimentWord": "5",
        "SentimentPolarity": "1"
      }
    ]
  },
  {
    "Index": "44160",
    "RawText": "물통이 작아서 물을 금세 비워줘야 하니 귀찮네요. 그래도 성능은 괜찮네요 집안이 뽀송뽀송해요~",
    "Source": "쇼핑몰",
    "Domain": "가전",
    "MainCategory": "계절가전",
    "ProductName": "뽀송 위닉스 DXTE100-KWK",
    "ReviewScore": "5",
    "Syllable": "52",
    "Word": "12",
    "RDate": "20210729",
    "GeneralPolarity": "0",
    "Aspects": [
      {
        "Aspect": "용량",
        "SentimentText": "물통이 작아서 물을 금세 비워줘야 하니 귀찮네요.",
        "SentimentWord": "7",
        "SentimentPolarity": "-1"
      },
      {
        "Aspect": "기능",
        "SentimentText": "그래도 성능은 괜찮네요 집안이 뽀송뽀송해요~",
        "SentimentWord": "5",
        "SentimentPolarity": "1"
      }
    ]
  },
  {
    "Index": "44161",
    "RawText": "빨래 널고 제습기 돌렸는데 빨래가 금방 마르정도로 제습효과가 좋아요. 물통 용량도 커서 너무 좋습니다 ㅋㅋ",
    "Source": "쇼핑몰",
    "Domain": "가전",
    "MainCategory": "계절가전",
    "ProductName": "뽀송 위닉스 DXTE100-KWK",
    "ReviewScore": "5",
    "Syllable": "59",
    "Word": "15",
    "RDate": "20211229",
    "GeneralPolarity": "1",
    "Aspects": [
      {
        "Aspect": "기능",
        "SentimentText": "빨래 널고 제습기 돌렸는데 빨래가 금방 마르정도로 제습효과가 좋아요 ",
        "SentimentWord": "9",
        "SentimentPolarity": "1"
      },
      {
        "Aspect": "용량",
        "SentimentText": " 물통 용량도 커서 너무 좋습니다 ㅋㅋ ",
        "SentimentWord": "6",
        "SentimentPolarity": "1"
      }
    ]
  },
  {
    "Index": "44162",
    "RawText": "성능은 좋아요 빨래가 바짝 말라서 냄새도 좋네요. 소리는 조용하지 않아요 밤에 사용하기에는 별로입니다.",
    "Source": "쇼핑몰",
    "Domain": "가전",
    "MainCategory": "계절가전",
    "ProductName": "뽀송 위닉스 DXTE100-KWK",
    "ReviewScore": "4",
    "Syllable": "57",
    "Word": "13",
    "RDate": "20211102",
    "GeneralPolarity": "0",
    "Aspects": [
      {
        "Aspect": "기능",
        "SentimentText": "성능은 좋아요 빨래가 바짝 말라서 냄새도 좋네요.",
        "SentimentWord": "7",
        "SentimentPolarity": "1"
      },
      {
        "Aspect": "소음",
        "SentimentText": "소리는 조용하지 않아요 밤에 사용하기에는 별로입니다.",
        "SentimentWord": "6",
        "SentimentPolarity": "-1"
      }
    ]
  },
  {
    "Index": "44163",
    "RawText": "할인 행사할 때 구매해서 저렴한 가격에 잘 샀어요. 제습기 제품은 역시 ooo가 최고에요~",
    "Source": "쇼핑몰",
    "Domain": "가전",
    "MainCategory": "계절가전",
    "ProductName": "뽀송 위닉스 DXTE100-KWK",
    "ReviewScore": "5",
    "Syllable": "50",
    "Word": "13",
    "RDate": "20220602",
    "GeneralPolarity": "1",
    "Aspects": [
      {
        "Aspect": "가격",
        "SentimentText": "할인 행사할 때 구매해서 저렴한 가격에 잘 샀어요.",
        "SentimentWord": "8",
        "SentimentPolarity": "1"
      },
      {
        "Aspect": "제조일/제조사",
        "SentimentText": "제습기 제품은 역시 ooo가 최고에요~",
        "SentimentWord": "5",
        "SentimentPolarity": "1"
      }
    ]
  },
  {
    "Index": "44164",
    "RawText": "소음도 꽤 크고 진동이 너무 심해요 ㅠ 아랫집에서 올라올거 같은 ㅠㅠ 그거 빼곤 습도도 단시간에 빨리 잡히고 좋아요",
    "Source": "쇼핑몰",
    "Domain": "가전",
    "MainCategory": "계절가전",
    "ProductName": "뽀송 위닉스 DXTE100-KWK",
    "ReviewScore": "4",
    "Syllable": "64",
    "Word": "18",
    "RDate": "20220518",
    "GeneralPolarity": "0",
    "Aspects": [
      {
        "Aspect": "소음",
        "SentimentText": "소음도 꽤 크고",
        "SentimentWord": "3",
        "SentimentPolarity": "-1"
      },
      {
        "Aspect": "품질",
        "SentimentText": "진동이 너무 심해요 ㅠ ",
        "SentimentWord": "4",
        "SentimentPolarity": "-1"
      },
      {
        "Aspect": "시간/속도",
        "SentimentText": "습도도 단시간에 빨리 잡히고 좋아요",
        "SentimentWord": "5",
        "SentimentPolarity": "1"
      }
    ]
  },
  {
    "Index": "44165",
    "RawText": "물통 용량이 거실에서 쓰기에는 작아서 아쉽네요. 소리는 조용해서 괜찮아요~",
    "Source": "쇼핑몰",
    "Domain": "가전",
    "MainCategory": "계절가전",
    "ProductName": "뽀송 위닉스 DXTE100-KWK",
    "ReviewScore": "5",
    "Syllable": "41",
    "Word": "9",
    "RDate": "20211201",
    "GeneralPolarity": "0",
    "Aspects": [
      {
        "Aspect": "용량",
        "SentimentText": "물통 용량이 거실에서 쓰기에는 작아서 아쉽네요.",
        "SentimentWord": "6",
        "SentimentPolarity": "-1"
      },
      {
        "Aspect": "소음",
        "SentimentText": "소리는 조용해서 괜찮아요~",
        "SentimentWord": "3",
        "SentimentPolarity": "1"
      }
    ]
  },
  {
    "Index": "44166",
    "RawText": "소음은 크지도 작지도 않아서 괜찮아요. 색상은 실물보다 사진이 더 예뻐서 아쉽네요",
    "Source": "쇼핑몰",
    "Domain": "가전",
    "MainCategory": "계절가전",
    "ProductName": "뽀송 위닉스 DXTE100-KWK",
    "ReviewScore": "5",
    "Syllable": "45",
    "Word": "11",
    "RDate": "20220509",
    "GeneralPolarity": "0",
    "Aspects": [
      {
        "Aspect": "소음",
        "SentimentText": "소음은 크지도 작지도 않아서 괜찮아요. ",
        "SentimentWord": "5",
        "SentimentPolarity": "0"
      },
      {
        "Aspect": "색상",
        "SentimentText": "색상은 실물보다 사진이 더 예뻐서 아쉽네요",
        "SentimentWord": "6",
        "SentimentPolarity": "-1"
      }
    ]
  },
  {
    "Index": "44167",
    "RawText": "소리는 있는데 신경 쓰일 정도는 아니라 괜찮아요. 단점이라면 에너지 효율이 3등급이라 전기세 폭탄 맞을까 걱정이네요",
    "Source": "쇼핑몰",
    "Domain": "가전",
    "MainCategory": "계절가전",
    "ProductName": "뽀송 위닉스 DXTE100-KWK",
    "ReviewScore": "5",
    "Syllable": "64",
    "Word": "15",
    "RDate": "20210804",
    "GeneralPolarity": "0",
    "Aspects": [
      {
        "Aspect": "소음",
        "SentimentText": "소리는 있는데 신경 쓰일 정도는 아니라 괜찮아요. ",
        "SentimentWord": "7",
        "SentimentPolarity": "0"
      },
      {
        "Aspect": "소비전력",
        "SentimentText": "단점이라면 에너지 효율이 3등급이라 전기세 폭탄 맞을까 걱정이네요",
        "SentimentWord": "8",
        "SentimentPolarity": "-1"
      }
    ]
  },
  {
    "Index": "44168",
    "RawText": "제습기 치고 소리는 크지 않아 거슬리지 않아요 사이즈도 딱 알맞아요 습기를 잘 잡아줘서 습도조절도 잘 되고 좋네요",
    "Source": "쇼핑몰",
    "Domain": "가전",
    "MainCategory": "계절가전",
    "ProductName": "뽀송 위닉스 DXTE100-KWK",
    "ReviewScore": "5",
    "Syllable": "63",
    "Word": "17",
    "RDate": "20220714",
    "GeneralPolarity": "1",
    "Aspects": [
      {
        "Aspect": "소음",
        "SentimentText": "소리는 크지 않아 거슬리지 않아요",
        "SentimentWord": "5",
        "SentimentPolarity": "1"
      },
      {
        "Aspect": "사이즈",
        "SentimentText": "사이즈도 딱 알맞아요",
        "SentimentWord": "3",
        "SentimentPolarity": "1"
      },
      {
        "Aspect": "기능",
        "SentimentText": "습기를 잘 잡아줘서 습도조절도 잘 되고 좋네요",
        "SentimentWord": "7",
        "SentimentPolarity": "1"
      }
    ]
  },
  {
    "Index": "44169",
    "RawText": "제습 기능 좋습니다~ 방이 쾌적해 집니다. 소음도 거의 없어서 사용하는데 문제 없네요~",
    "Source": "쇼핑몰",
    "Domain": "가전",
    "MainCategory": "계절가전",
    "ProductName": "뽀송 위닉스 DXTE100-KWK",
    "ReviewScore": "4",
    "Syllable": "48",
    "Word": "12",
    "RDate": "20210726",
    "GeneralPolarity": "1",
    "Aspects": [
      {
        "Aspect": "기능",
        "SentimentText": "제습 기능 좋습니다~ 방이 쾌적해 집니다. ",
        "SentimentWord": "6",
        "SentimentPolarity": "1"
      },
      {
        "Aspect": "소음",
        "SentimentText": "소음도 거의 없어서 사용하는데 문제 없네요~",
        "SentimentWord": "6",
        "SentimentPolarity": "1"
      }
    ]
  },
  {
    "Index": "44170",
    "RawText": "소음은 작아서 좋아요. 제습이 잘되서 좋고 기본 기능에 충실한 제품이예요~ 가격도 저렴해서 부담없네요.",
    "Source": "쇼핑몰",
    "Domain": "가전",
    "MainCategory": "계절가전",
    "ProductName": "뽀송 위닉스 DXTE100-KWK",
    "ReviewScore": "5",
    "Syllable": "57",
    "Word": "13",
    "RDate": "20220711",
    "GeneralPolarity": "1",
    "Aspects": [
      {
        "Aspect": "소음",
        "SentimentText": "소음은 작아서 좋아요",
        "SentimentWord": "3",
        "SentimentPolarity": "1"
      },
      {
        "Aspect": "기능",
        "SentimentText": " 제습이 잘되서 좋고 기본 기능에 충실한 제품이예요~ ",
        "SentimentWord": "7",
        "SentimentPolarity": "1"
      },
      {
        "Aspect": "가격",
        "SentimentText": " 가격도 저렴해서 부담없네요.",
        "SentimentWord": "3",
        "SentimentPolarity": "1"
      }
    ]
  },
  {
    "Index": "44171",
    "RawText": "소음이 거슬릴 정도로 커 신경 쓰여요 . 제습 효과 좋아 집도 뽀송해요",
    "Source": "쇼핑몰",
    "Domain": "가전",
    "MainCategory": "계절가전",
    "ProductName": "뽀송 위닉스 DXTE100-KWK",
    "ReviewScore": "4",
    "Syllable": "39",
    "Word": "12",
    "RDate": "20220412",
    "Aspects": [
      {
        "Aspect": "소음",
        "SentimentText": "소음이 거슬릴 정도로 커 신경 쓰여요 ",
        "SentimentWord": "6",
        "SentimentPolarity": "-1"
      },
      {
        "Aspect": "기능",
        "SentimentText": "제습 효과 좋아 집도 뽀송해요",
        "SentimentWord": "5",
        "SentimentPolarity": "1"
      }
    ]
  },
  {
    "Index": "44172",
    "RawText": "그냥 소리는 생활 소음 정도라 그럭저럭 쓸만해요. 생각보다 물통이 좀 작아서 아쉽네요",
    "Source": "쇼핑몰",
    "Domain": "가전",
    "MainCategory": "계절가전",
    "ProductName": "뽀송 위닉스 DXTE100-KWK",
    "ReviewScore": "4",
    "Syllable": "47",
    "Word": "12",
    "RDate": "20211231",
    "GeneralPolarity": "0",
    "Aspects": [
      {
        "Aspect": "소음",
        "SentimentText": "그냥 소리는 생활 소음 정도라 그럭저럭 쓸만해요.",
        "SentimentWord": "7",
        "SentimentPolarity": "0"
      },
      {
        "Aspect": "용량",
        "SentimentText": "생각보다 물통이 좀 작아서 아쉽네요",
        "SentimentWord": "5",
        "SentimentPolarity": "-1"
      }
    ]
  },
  {
    "Index": "44173",
    "RawText": "소옴은 기대도 안했는데 생각보다 조용하네요~ 습도 높은 욕실에서 작동시켜봤는데 제습이 잘 되서 습도도 잘 잡히고 물통에 물이... 대박.. 그런데 한가지 아쉬운건 물통에 찍힌 자국이 있어 별로네요",
    "Source": "쇼핑몰",
    "Domain": "가전",
    "MainCategory": "계절가전",
    "ProductName": "뽀송 위닉스 DXTE100-KWK",
    "ReviewScore": "5",
    "Syllable": "109",
    "Word": "26",
    "RDate": "20220509",
    "GeneralPolarity": "1",
    "Aspects": [
      {
        "Aspect": "소음",
        "SentimentText": " 생각보다 조용하네요~",
        "SentimentWord": "2",
        "SentimentPolarity": "1"
      },
      {
        "Aspect": "기능",
        "SentimentText": "제습이 잘 되서 습도도 잘 잡히고 물통에 물이... 대박..",
        "SentimentWord": "9",
        "SentimentPolarity": "1"
      },
      {
        "Aspect": "품질",
        "SentimentText": " 한가지 아쉬운건 물통에 찍힌 자국이 있어 별로네요",
        "SentimentWord": "7",
        "SentimentPolarity": "-1"
      }
    ]
  },
  {
    "Index": "44174",
    "RawText": "휴.. 소음이 진짜 크네요 신경 쓰여서 머리까지 아파요. 에너지 효율도 3등급에.. 벌써부터 전기세 걱정입니다.",
    "Source": "쇼핑몰",
    "Domain": "가전",
    "MainCategory": "계절가전",
    "ProductName": "뽀송 위닉스 DXTE100-KWK",
    "ReviewScore": "3",
    "Syllable": "62",
    "Word": "14",
    "RDate": "20211230",
    "GeneralPolarity": "-1",
    "Aspects": [
      {
        "Aspect": "소음",
        "SentimentText": "휴.. 소음이 진짜 크네요 신경 쓰여서 머리까지 아파요. ",
        "SentimentWord": "8",
        "SentimentPolarity": "-1"
      },
      {
        "Aspect": "소비전력",
        "SentimentText": "에너지 효율도 3등급에.. 벌써부터 전기세 걱정입니다.",
        "SentimentWord": "6",
        "SentimentPolarity": "-1"
      }
    ]
  },
  {
    "Index": "44175",
    "RawText": "손잡이가 불편하게 만들어져 있어서 아쉽네요. 그래도 디자인은 올해 모델이 더 예뻐서 마음에 들어요",
    "Source": "쇼핑몰",
    "Domain": "가전",
    "MainCategory": "계절가전",
    "ProductName": "뽀송 위닉스 DXTE100-KWK",
    "ReviewScore": "5",
    "Syllable": "54",
    "Word": "13",
    "RDate": "20210914",
    "GeneralPolarity": "0",
    "Aspects": [
      {
        "Aspect": "편의성",
        "SentimentText": "손잡이가 불편하게 만들어져 있어서 아쉽네요.",
        "SentimentWord": "5",
        "SentimentPolarity": "-1"
      },
      {
        "Aspect": "디자인",
        "SentimentText": "그래도 디자인은 올해 모델이 더 예뻐서 마음에 들어요",
        "SentimentWord": "8",
        "SentimentPolarity": "1"
      }
    ]
  },
  {
    "Index": "44176",
    "RawText": "소음이 신경 쓰여서 집에 사람 있을때는 사용 안하고 있습니다. 가성비는 참 좋아요~",
    "Source": "쇼핑몰",
    "Domain": "가전",
    "MainCategory": "계절가전",
    "ProductName": "뽀송 위닉스 DXTE100-KWK",
    "ReviewScore": "5",
    "Syllable": "46",
    "Word": "12",
    "RDate": "20220729",
    "GeneralPolarity": "0",
    "Aspects": [
      {
        "Aspect": "소음",
        "SentimentText": "소음이 신경 쓰여서 집에 사람 있을때는 사용 안하고 있습니다. ",
        "SentimentWord": "9",
        "SentimentPolarity": "-1"
      },
      {
        "Aspect": "가격",
        "SentimentText": "가성비는 참 좋아요~",
        "SentimentWord": "3",
        "SentimentPolarity": "1"
      }
    ]
  },
  {
    "Index": "44177",
    "RawText": "받아보니 색상이 사진보다 칙칙해서 별로입니다.. 거기다가 에너지 효율은 3등급!! 전기세 많이 나오겠네요.. 후회돼요ㅜㅜ",
    "Source": "쇼핑몰",
    "Domain": "가전",
    "MainCategory": "계절가전",
    "ProductName": "뽀송 위닉스 DXTE100-KWK",
    "ReviewScore": "2",
    "Syllable": "67",
    "Word": "13",
    "RDate": "20210720",
    "GeneralPolarity": "-1",
    "Aspects": [
      {
        "Aspect": "색상",
        "SentimentText": "받아보니 색상이 사진보다 칙칙해서 별로입니다.. ",
        "SentimentWord": "5",
        "SentimentPolarity": "-1"
      },
      {
        "Aspect": "소비전력",
        "SentimentText": "거기다가 에너지 효율은 3등급!! 전기세 많이 나오겠네요.. 후회돼요ㅜㅜ",
        "SentimentWord": "8",
        "SentimentPolarity": "-1"
      }
    ]
  },
  {
    "Index": "44178",
    "RawText": "통에 물은 차는데 습도가 빠르게 내려가진 않네요. 텁텁하고 더운 바람이 나와 불쾌하네요.",
    "Source": "쇼핑몰",
    "Domain": "가전",
    "MainCategory": "계절가전",
    "ProductName": "뽀송 위닉스 DXTE100-KWK",
    "ReviewScore": "5",
    "Syllable": "49",
    "Word": "12",
    "RDate": "20210921",
    "GeneralPolarity": "-1",
    "Aspects": [
      {
        "Aspect": "시간/속도",
        "SentimentText": "습도가 빠르게 내려가진 않네요. ",
        "SentimentWord": "4",
        "SentimentPolarity": "-1"
      },
      {
        "Aspect": "기능",
        "SentimentText": "텁텁하고 더운 바람이 나와 불쾌하네요.",
        "SentimentWord": "5",
        "SentimentPolarity": "-1"
      }
    ]
  },
  {
    "Index": "44179",
    "RawText": "에너지 효율이 3등급이라 너무 아쉽네요. 받아보니 물통 용량도 생각보다 작아서 별로입니다.......",
    "Source": "쇼핑몰",
    "Domain": "가전",
    "MainCategory": "계절가전",
    "ProductName": "뽀송 위닉스 DXTE100-KWK",
    "ReviewScore": "5",
    "Syllable": "56",
    "Word": "11",
    "RDate": "20220527",
    "GeneralPolarity": "-1",
    "Aspects": [
      {
        "Aspect": "소비전력",
        "SentimentText": "에너지 효율이 3등급이라 너무 아쉽네요. ",
        "SentimentWord": "5",
        "SentimentPolarity": "-1"
      },
      {
        "Aspect": "용량",
        "SentimentText": "받아보니 물통 용량도 생각보다 작아서 별로입니다.......",
        "SentimentWord": "6",
        "SentimentPolarity": "-1"
      }
    ]
  },
  {
    "Index": "44180",
    "RawText": "습한 여름철 습기도 완전 잘 잡아 집이 뽀송해요. 근데 물통이 작아 자주 비워줘야 해서 귀찮아요",
    "Source": "쇼핑몰",
    "Domain": "가전",
    "MainCategory": "계절가전",
    "ProductName": "뽀송 위닉스 DXTE100-KWK",
    "ReviewScore": "5",
    "Syllable": "53",
    "Word": "15",
    "RDate": "20210721",
    "GeneralPolarity": "0",
    "Aspects": [
      {
        "Aspect": "기능",
        "SentimentText": "습한 여름철 습기도 완전 잘 잡아 집이 뽀송해요.",
        "SentimentWord": "8",
        "SentimentPolarity": "1"
      },
      {
        "Aspect": "용량",
        "SentimentText": "근데 물통이 작아 자주 비워줘 야해서 귀찮아요",
        "SentimentWord": "7",
        "SentimentPolarity": "-1"
      }
    ]
  },
  {
    "Index": "44181",
    "RawText": "작은 집에서 쓰기에는 물통 용량이 아주 제격이네요. 단점은 발열감이 심해서 금방 고장 날 거 같아요...",
    "Source": "쇼핑몰",
    "Domain": "가전",
    "MainCategory": "계절가전",
    "ProductName": "뽀송 위닉스 DXTE100-KWK",
    "ReviewScore": "5",
    "Syllable": "58",
    "Word": "15",
    "RDate": "20220630",
    "GeneralPolarity": "0",
    "Aspects": [
      {
        "Aspect": "용량",
        "SentimentText": "작은 집에서 쓰기에는 물통 용량이 아주 제격이네요. ",
        "SentimentWord": "7",
        "SentimentPolarity": "1"
      },
      {
        "Aspect": "내구성",
        "SentimentText": "단점은 발열감이 심해서 금방 고장 날 거 같아요...",
        "SentimentWord": "8",
        "SentimentPolarity": "-1"
      }
    ]
  },
  {
    "Index": "44182",
    "RawText": "화면에서 보던 거와 달리 색상이 밝은 흰색은 아니라 아쉽네요. 긴 시간 사용하면 전기세가 많이 나올까봐 걱정입니다",
    "Source": "쇼핑몰",
    "Domain": "가전",
    "MainCategory": "계절가전",
    "ProductName": "뽀송 위닉스 DXTE100-KWK",
    "ReviewScore": "5",
    "Syllable": "63",
    "Word": "16",
    "RDate": "20211015",
    "GeneralPolarity": "-1",
    "Aspects": [
      {
        "Aspect": "색상",
        "SentimentText": "화면에서 보던 거와 달리 색상이 밝은 흰색은 아니라 아쉽네요. ",
        "SentimentWord": "9",
        "SentimentPolarity": "-1"
      },
      {
        "Aspect": "소비전력",
        "SentimentText": "긴 시간 사용하면 전기세가 많이 나올까봐 걱정입니다",
        "SentimentWord": "7",
        "SentimentPolarity": "-1"
      }
    ]
  },
  {
    "Index": "44183",
    "RawText": "예약 기능이 있어서 나갔다 오면 집이 쾌적해서 좋네요. 단점은 물통 용량이 작아서 조금 물을 자주 비워내야 해서 귀찮습니다",
    "Source": "쇼핑몰",
    "Domain": "가전",
    "MainCategory": "계절가전",
    "ProductName": "뽀송 위닉스 DXTE100-KWK",
    "ReviewScore": "5",
    "Syllable": "68",
    "Word": "18",
    "RDate": "20220819",
    "GeneralPolarity": "0",
    "Aspects": [
      {
        "Aspect": "내구성",
        "SentimentText": "예약 기능이 있어서 나갔다 오면 집이 쾌적해서 좋네요. ",
        "SentimentWord": "8",
        "SentimentPolarity": "1"
      },
      {
        "Aspect": "용량",
        "SentimentText": "단점은 물통 용량이 작아서 조금 물을 자주 비워내야 해서 귀찮습니다",
        "SentimentWord": "10",
        "SentimentPolarity": "-1"
      }
    ]
  },
  {
    "Index": "44184",
    "RawText": "신기할 정도로 집이 뽀송해요 제습효과 짱이예요~~~~!ㅇㅇㅇ 제품 두세번 살 정도로 좋아요 ~~^^",
    "Source": "쇼핑몰",
    "Domain": "가전",
    "MainCategory": "계절가전",
    "ProductName": "뽀송 위닉스 DXTE100-KWK",
    "ReviewScore": "5",
    "Syllable": "55",
    "Word": "12",
    "RDate": "20220707",
    "GeneralPolarity": "1",
    "Aspects": [
      {
        "Aspect": "기능",
        "SentimentText": "신기할 정도로 집이 뽀송해요 제습효과 짱이예요~~~~!",
        "SentimentWord": "6",
        "SentimentPolarity": "1"
      },
      {
        "Aspect": "제조일/제조사",
        "SentimentText": "ㅇㅇㅇ 제품 두세번 살 정도로 좋아요 ~~^^",
        "SentimentWord": "7",
        "SentimentPolarity": "1"
      }
    ]
  },
  {
    "Index": "44185",
    "RawText": "소음은 조용해서 사용하는데 전혀 문제 없습니다 좋아요. 성능도 좋아서 눅눅했던 집이 뽀송해져서 너무 마음에 들어요",
    "Source": "쇼핑몰",
    "Domain": "가전",
    "MainCategory": "계절가전",
    "ProductName": "뽀송 위닉스 DXTE100-KWK",
    "ReviewScore": "5",
    "Syllable": "63",
    "Word": "15",
    "RDate": "20211222",
    "GeneralPolarity": "1",
    "Aspects": [
      {
        "Aspect": "소음",
        "SentimentText": "소음은 조용해서 사용하는데 전혀 문제 없습니다 좋아요.",
        "SentimentWord": "7",
        "SentimentPolarity": "1"
      },
      {
        "Aspect": "기능",
        "SentimentText": "성능도 좋아서 눅눅했던 집이 뽀송해져서 너무 마음에 들어요",
        "SentimentWord": "8",
        "SentimentPolarity": "1"
      }
    ]
  },
  {
    "Index": "44186",
    "RawText": "ooo 브랜드 제습기가 역시 최고네요. 아쉬운 게 있다면 물통 용량이 너무 작아요",
    "Source": "쇼핑몰",
    "Domain": "가전",
    "MainCategory": "계절가전",
    "ProductName": "뽀송 위닉스 DXTE100-KWK",
    "ReviewScore": "5",
    "Syllable": "45",
    "Word": "12",
    "RDate": "20220530",
    "GeneralPolarity": "0",
    "Aspects": [
      {
        "Aspect": "제조일/제조사",
        "SentimentText": "ooo 브랜드 제습기가 역시 최고네요. ",
        "SentimentWord": "5",
        "SentimentPolarity": "1"
      },
      {
        "Aspect": "용량",
        "SentimentText": "아쉬운 게 있다면 물통 용량이 너무 작아요",
        "SentimentWord": "7",
        "SentimentPolarity": "-1"
      }
    ]
  },
  {
    "Index": "44187",
    "RawText": "생각보다 소리가 커서 밤에는 사용 안하고 있어요.. 그래도 성능은 좋네요 눅눅했던 집이 쾌적해집니다 추천해요~",
    "Source": "쇼핑몰",
    "Domain": "가전",
    "MainCategory": "계절가전",
    "ProductName": "뽀송 위닉스 DXTE100-KWK",
    "ReviewScore": "5",
    "Syllable": "61",
    "Word": "14",
    "RDate": "20210819",
    "GeneralPolarity": "0",
    "Aspects": [
      {
        "Aspect": "소음",
        "SentimentText": "생각보다 소리가 커서 밤에는 사용 안하고 있어요.. ",
        "SentimentWord": "7",
        "SentimentPolarity": "-1"
      },
      {
        "Aspect": "기능",
        "SentimentText": "그래도 성능은 좋네요 눅눅했던 집이 쾌적해집니다 추천해요~",
        "SentimentWord": "7",
        "SentimentPolarity": "1"
      }
    ]
  },
  {
    "Index": "44188",
    "RawText": "소음은 거의 없어서 밤에 쓰기에도 좋네요. 물통 용량은 작아서 금방 물을 비워내야 하니 귀찮네요. 더운 바람이 나와서 아쉽지만 집안이 뽀송해져서 맘에 쏙 들어요.",
    "Source": "쇼핑몰",
    "Domain": "가전",
    "MainCategory": "계절가전",
    "ProductName": "뽀송 위닉스 DXTE100-KWK",
    "ReviewScore": "5",
    "Syllable": "90",
    "Word": "23",
    "RDate": "20220713",
    "GeneralPolarity": "0",
    "Aspects": [
      {
        "Aspect": "소음",
        "SentimentText": "소음은 거의 없어서 밤에 쓰기에도 좋네요. ",
        "SentimentWord": "6",
        "SentimentPolarity": "1"
      },
      {
        "Aspect": "용량",
        "SentimentText": "물통 용량은 작아서 금방 물을 비워내야 하니 귀찮네요",
        "SentimentWord": "8",
        "SentimentPolarity": "-1"
      },
      {
        "Aspect": "기능",
        "SentimentText": "더운 바람이 나와서 아쉽지만 집안이 뽀송해져서 맘에 쏙 들어요.",
        "SentimentWord": "9",
        "SentimentPolarity": "0"
      }
    ]
  },
  {
    "Index": "44190",
    "RawText": "사이즈가 아이방에서 쓰기 딱 적당한 크기네요. 소리도 생각보다 작아  아주 좋습니다.",
    "Source": "쇼핑몰",
    "Domain": "가전",
    "MainCategory": "계절가전",
    "ProductName": "뽀송 위닉스 DXTE100-KWK",
    "ReviewScore": "5",
    "Syllable": "47",
    "Word": "11",
    "RDate": "20220116",
    "GeneralPolarity": "1",
    "Aspects": [
      {
        "Aspect": "사이즈",
        "SentimentText": "사이즈가 아이방에서 쓰기 딱 적당한 크기네요",
        "SentimentWord": "6",
        "SentimentPolarity": "1"
      },
      {
        "Aspect": "소음",
        "SentimentText": "소리도 생각보다 작아  아주 좋습니다. ",
        "SentimentWord": "5",
        "SentimentPolarity": "1"
      }
    ]
  },
  {
    "Index": "44191",
    "RawText": "착한 가격에 구매했어요!~ 품질도 아주 좋아서 마음에 들고요",
    "Source": "쇼핑몰",
    "Domain": "가전",
    "MainCategory": "계절가전",
    "ProductName": "뽀송 위닉스 DXTE100-KWK",
    "ReviewScore": "5",
    "Syllable": "33",
    "Word": "8",
    "RDate": "20210830",
    "GeneralPolarity": "1",
    "Aspects": [
      {
        "Aspect": "가격",
        "SentimentText": "착한 가격에 구매했어요!~",
        "SentimentWord": "3",
        "SentimentPolarity": "1"
      },
      {
        "Aspect": "품질",
        "SentimentText": "품질도 아주 좋아서 마음에 들고요 ",
        "SentimentWord": "5",
        "SentimentPolarity": "1"
      }
    ]
  },
  {
    "Index": "44192",
    "RawText": "에너지 효율이 3등급이지만 전기세가 많이 나오지는 않아서 만족합니다. 그런데 색상은 사진이 더 예뻐서 아쉽네요 ;;",
    "Source": "쇼핑몰",
    "Domain": "가전",
    "MainCategory": "계절가전",
    "ProductName": "뽀송 위닉스 DXTE100-KWK",
    "ReviewScore": "5",
    "Syllable": "64",
    "Word": "15",
    "RDate": "20211109",
    "GeneralPolarity": "0",
    "Aspects": [
      {
        "Aspect": "소비전력",
        "SentimentText": "에너지 효율이 3등급이지만 전기세가 많이 나오지는 않아서 만족합니다.",
        "SentimentWord": "8",
        "SentimentPolarity": "1"
      },
      {
        "Aspect": "색상",
        "SentimentText": "그런데 색상은 사진이 더 예뻐서 아쉽네요 ;;",
        "SentimentWord": "7",
        "SentimentPolarity": "-1"
      }
    ]
  },
  {
    "Index": "44193",
    "RawText": "제품 제조일이 최신이 아니고 작년 제품이라 좀 아쉽네요. 색상도 실물로 보니 별로에요;",
    "Source": "쇼핑몰",
    "Domain": "가전",
    "MainCategory": "계절가전",
    "ProductName": "뽀송 위닉스 DXTE100-KWK",
    "ReviewScore": "4",
    "Syllable": "48",
    "Word": "12",
    "RDate": "20210802",
    "GeneralPolarity": "-1",
    "Aspects": [
      {
        "Aspect": "제조일/제조사",
        "SentimentText": "제품 제조일이 최신이 아니고 작년 제품이라 좀 아쉽네요.",
        "SentimentWord": "8",
        "SentimentPolarity": "-1"
      },
      {
        "Aspect": "색상",
        "SentimentText": "색상도 실물로 보니 별로에요;",
        "SentimentWord": "4",
        "SentimentPolarity": "-1"
      }
    ]
  },
  {
    "Index": "44194",
    "RawText": "말이 필요없는 성능~빨래도 단시간에 바짝 잘 마릅니다.  빨래도 단시간에 바짝 잘 마릅니다. 소음도 있는 듯~ 없는 듯~~ 밤에도 사용 가능~~",
    "Source": "쇼핑몰",
    "Domain": "가전",
    "MainCategory": "계절가전",
    "ProductName": "뽀송 위닉스 DXTE100-KWK",
    "ReviewScore": "5",
    "Syllable": "80",
    "Word": "20",
    "RDate": "20211020",
    "GeneralPolarity": "1",
    "Aspects": [
      {
        "Aspect": "기능",
        "SentimentText": "말이 필요없는 성능~빨래도 단시간에 바짝 잘 마릅니다. ",
        "SentimentWord": "7",
        "SentimentPolarity": "1"
      },
      {
        "Aspect": "소음",
        "SentimentText": "소음도 있는 듯~ 없는 듯~~ 밤에도 사용 가능~",
        "SentimentWord": "8",
        "SentimentPolarity": "1"
      }
    ]
  },
  {
    "Index": "44195",
    "RawText": "기존 제품보다 전체적으로 업그레이드가 되서 더 좋습니다. 가동소리가 생각보다 커 티비소리가 안 들려요.",
    "Source": "쇼핑몰",
    "Domain": "가전",
    "MainCategory": "계절가전",
    "ProductName": "뽀송 위닉스 DXTE100-KWK",
    "ReviewScore": "5",
    "Syllable": "57",
    "Word": "13",
    "RDate": "20220609",
    "GeneralPolarity": "0",
    "Aspects": [
      {
        "Aspect": "기능",
        "SentimentText": "기존 제품보다 전체적으로 업그레이드가 되서 더 좋습니다.",
        "SentimentWord": "7",
        "SentimentPolarity": "1"
      },
      {
        "Aspect": "소음",
        "SentimentText": "가동소리가 생각보다 커 티비소리가 안 들려요.",
        "SentimentWord": "6",
        "SentimentPolarity": "-1"
      }
    ]
  },
  {
    "Index": "44196",
    "RawText": "가성비가 좋아서 아주 만족하고 있습니다. 소음이 좀 있어서 신경은 쓰이네요~",
    "Source": "쇼핑몰",
    "Domain": "가전",
    "MainCategory": "계절가전",
    "ProductName": "뽀송 위닉스 DXTE100-KWK",
    "ReviewScore": "4",
    "Syllable": "42",
    "Word": "10",
    "RDate": "20220324",
    "GeneralPolarity": "0",
    "Aspects": [
      {
        "Aspect": "가격",
        "SentimentText": "가성비가 좋아서 아주 만족하고 있습니다. ",
        "SentimentWord": "5",
        "SentimentPolarity": "1"
      },
      {
        "Aspect": "소음",
        "SentimentText": "소음이 좀 있어서 신경은 쓰이네요~",
        "SentimentWord": "5",
        "SentimentPolarity": "-1"
      }
    ]
  },
  {
    "Index": "44197",
    "RawText": "바퀴가 달려있어서 이리 저리 이동하기에는 편하네요. 습기가 많은 집인데 물통 용량이 작아서 아쉽네요",
    "Source": "쇼핑몰",
    "Domain": "가전",
    "MainCategory": "계절가전",
    "ProductName": "뽀송 위닉스 DXTE100-KWK",
    "ReviewScore": "5",
    "Syllable": "55",
    "Word": "13",
    "RDate": "20210730",
    "GeneralPolarity": "0",
    "Aspects": [
      {
        "Aspect": "편의성",
        "SentimentText": "바퀴가 달려있어서 이리 저리 이동하기에는 편하네요.",
        "SentimentWord": "6",
        "SentimentPolarity": "1"
      },
      {
        "Aspect": "용량",
        "SentimentText": "습기가 많은 집인데 물통 용량이 작아서 아쉽네요",
        "SentimentWord": "7",
        "SentimentPolarity": "-1"
      }
    ]
  },
  {
    "Index": "44198",
    "RawText": "이 많은 물이 습기로 우리집에 있었네요 제습기능 제대로 돌아가는거같아서 넘 좋아요. 용량도 꽤 커서 밤새 켜놓구 자요. 만수되고 딱 한번 비웠네요. 요즘날씨 필수템이에요.",
    "Source": "쇼핑몰",
    "Domain": "가전",
    "MainCategory": "계절가전",
    "ProductName": "뽀송 위닉스 DXTE100-KWK",
    "ReviewScore": "5",
    "Syllable": "95",
    "Word": "23",
    "RDate": "20220630",
    "GeneralPolarity": "1",
    "Aspects": [
      {
        "Aspect": "기능",
        "SentimentText": "이 많은 물이 습기로 우리집에 있었네요 제습기능 제대로 돌아가는거같아서 넘 좋아요",
        "SentimentWord": "11",
        "SentimentPolarity": "1"
      },
      {
        "Aspect": "용량",
        "SentimentText": "용량도 꽤 커서 밤새 켜놓구 자요. 만수되고 딱 한번 비웠네요. 요즘날씨 필수템이에요. ",
        "SentimentWord": "12",
        "SentimentPolarity": "1"
      }
    ]
  },
  {
    "Index": "44199",
    "RawText": "가동시키면 빠르게 물이 차올라서 쾌적해지네요. 에너지 효율이 3등급이라 전기세 걱정은 됩니다..",
    "Source": "쇼핑몰",
    "Domain": "가전",
    "MainCategory": "계절가전",
    "ProductName": "뽀송 위닉스 DXTE100-KWK",
    "ReviewScore": "5",
    "Syllable": "53",
    "Word": "11",
    "RDate": "20210810",
    "GeneralPolarity": "0",
    "Aspects": [
      {
        "Aspect": "시간/속도",
        "SentimentText": "가동시키면 빠르게 물이 차올라서 쾌적해지네요.",
        "SentimentWord": "5",
        "SentimentPolarity": "1"
      },
      {
        "Aspect": "소비전력",
        "SentimentText": "에너지 효율이 3등급이라 전기세 걱정은 됩니다..",
        "SentimentWord": "6",
        "SentimentPolarity": "-1"
      }
    ]
  },
  {
    "Index": "44200",
    "RawText": "처음 사용해 봤는데 소음이 생각보다 커 실망했습니다. 제품 불량인지 제습기 진동도 엄청 심해요",
    "Source": "쇼핑몰",
    "Domain": "가전",
    "MainCategory": "계절가전",
    "ProductName": "뽀송 위닉스 DXTE100-KWK",
    "ReviewScore": "1",
    "Syllable": "52",
    "Word": "13",
    "RDate": "20211128",
    "GeneralPolarity": "-1",
    "Aspects": [
      {
        "Aspect": "소음",
        "SentimentText": "처음 사용해 봤는데 소음이 생각보다 커 실망했습니다. ",
        "SentimentWord": "7",
        "SentimentPolarity": "-1"
      },
      {
        "Aspect": "품질",
        "SentimentText": "제품 불량인지 제습기 진동도 엄청 심해요",
        "SentimentWord": "6",
        "SentimentPolarity": "-1"
      }
    ]
  },
  {
    "Index": "44201",
    "RawText": "착한 가격에 구매할 수 있어서 너무 좋고요!! 성능도 진짜 좋아요~ 집이 아주 쾌적해 집니다",
    "Source": "쇼핑몰",
    "Domain": "가전",
    "MainCategory": "계절가전",
    "ProductName": "뽀송 위닉스 DXTE100-KWK",
    "ReviewScore": "5",
    "Syllable": "51",
    "Word": "14",
    "RDate": "20220503",
    "GeneralPolarity": "1",
    "Aspects": [
      {
        "Aspect": "가격",
        "SentimentText": "착한 가격에 구매할 수 있어서 너무 좋고요!!",
        "SentimentWord": "7",
        "SentimentPolarity": "1"
      },
      {
        "Aspect": "기능",
        "SentimentText": "성능도 진짜 좋아요~ 집이 아주 쾌적해 집니다 ",
        "SentimentWord": "7",
        "SentimentPolarity": "1"
      }
    ]
  },
  {
    "Index": "44202",
    "RawText": "디자인 너무 예뻐서 마음에 들고~ 제습기 사이즈도 적당해서 공간을 많이 차지 안 해서 좋네요.",
    "Source": "쇼핑몰",
    "Domain": "가전",
    "MainCategory": "계절가전",
    "ProductName": "뽀송 위닉스 DXTE100-KWK",
    "ReviewScore": "5",
    "Syllable": "52",
    "Word": "14",
    "RDate": "20220823",
    "GeneralPolarity": "1",
    "Aspects": [
      {
        "Aspect": "디자인",
        "SentimentText": "디자인 너무 예뻐서 마음에 들고~",
        "SentimentWord": "5",
        "SentimentPolarity": "1"
      },
      {
        "Aspect": "사이즈",
        "SentimentText": "제습기 사이즈도 적당해서 공간을 많이 차지 안 해서 좋네요.",
        "SentimentWord": "9",
        "SentimentPolarity": "1"
      }
    ]
  },
  {
    "Index": "44203",
    "RawText": "너무 무거워서 여자 혼자 들기에는 무리가 있네요. 소리도 생각보다 너무 시끄러워서 신경쓰이고요... 그래도 성능은 좋아서 습기는 잘 빨아드립니다.",
    "Source": "쇼핑몰",
    "Domain": "가전",
    "MainCategory": "계절가전",
    "ProductName": "뽀송 위닉스 DXTE100-KWK",
    "ReviewScore": "3",
    "Syllable": "81",
    "Word": "18",
    "RDate": "20211216",
    "GeneralPolarity": "0",
    "Aspects": [
      {
        "Aspect": "무게",
        "SentimentText": "너무 무거워서 여자 혼자 들기에는 무리가 있네요. ",
        "SentimentWord": "7",
        "SentimentPolarity": "-1"
      },
      {
        "Aspect": "소음",
        "SentimentText": "소리도 생각보다 너무 시끄러워서 신경쓰이고요... ",
        "SentimentWord": "5",
        "SentimentPolarity": "-1"
      },
      {
        "Aspect": "기능",
        "SentimentText": "그래도 성능은 좋아서 습기는 잘 빨아드립니다.",
        "SentimentWord": "6",
        "SentimentPolarity": "1"
      }
    ]
  },
  {
    "Index": "44205",
    "RawText": "연속 제습기능이 있어 구매했는데 너무 좋네요. 가동 소리는 낡은 냉장고 돌아가는 소리만큼 커요",
    "Source": "쇼핑몰",
    "Domain": "가전",
    "MainCategory": "계절가전",
    "ProductName": "뽀송 위닉스 DXTE100-KWK",
    "ReviewScore": "5",
    "Syllable": "52",
    "Word": "13",
    "RDate": "20211219",
    "GeneralPolarity": "0",
    "Aspects": [
      {
        "Aspect": "기능",
        "SentimentText": "연속 제습기능이 있어 구매했는데 너무 좋네요.",
        "SentimentWord": "6",
        "SentimentPolarity": "1"
      },
      {
        "Aspect": "소음",
        "SentimentText": "가동 소리는 낡은 냉장고 돌아가는 소리만큼 커요",
        "SentimentWord": "7",
        "SentimentPolarity": "-1"
      }
    ]
  },
  {
    "Index": "44206",
    "RawText": "습기 제거가 탁월해 여름철 필수 제품이네요.^^ 소리는 에어컨 제습보다 커서 별로예요",
    "Source": "쇼핑몰",
    "Domain": "가전",
    "MainCategory": "계절가전",
    "ProductName": "뽀송 위닉스 DXTE100-KWK",
    "ReviewScore": "5",
    "Syllable": "47",
    "Word": "11",
    "RDate": "20220817",
    "GeneralPolarity": "0",
    "Aspects": [
      {
        "Aspect": "기능",
        "SentimentText": "습기 제거가 탁월해 여름철 필수 제품이네요.^^",
        "SentimentWord": "6",
        "SentimentPolarity": "1"
      },
      {
        "Aspect": "소음",
        "SentimentText": "소리는 에어컨 제습보다 커서 별로예요 ",
        "SentimentWord": "5",
        "SentimentPolarity": "-1"
      }
    ]
  },
  {
    "Index": "44207",
    "RawText": "제습 역할도 톡톡해 집이 뽀송뽀송해요. 소음이 있어도 외출시 타이머 켜놓고 나가면 되니 편해요",
    "Source": "쇼핑몰",
    "Domain": "가전",
    "MainCategory": "계절가전",
    "ProductName": "뽀송 위닉스 DXTE100-KWK",
    "ReviewScore": "5",
    "Syllable": "52",
    "Word": "13",
    "RDate": "20210811",
    "GeneralPolarity": "0",
    "Aspects": [
      {
        "Aspect": "기능",
        "SentimentText": "제습 역할도 톡톡해 집이 뽀송뽀송해요. ",
        "SentimentWord": "5",
        "SentimentPolarity": "1"
      },
      {
        "Aspect": "편의성",
        "SentimentText": "소음이 있어도 외출시 타이머 켜놓고 나가면 되니 편해요",
        "SentimentWord": "8",
        "SentimentPolarity": "0"
      }
    ]
  },
  {
    "Index": "44208",
    "RawText": "여름철 꿉꿉한 냄새때문에 불편했는데 제습이 잘되서 보송하고 쾌적해서 너무 좋아요!! 소음이 약간 나지만 참을만하네요.",
    "Source": "쇼핑몰",
    "Domain": "가전",
    "MainCategory": "계절가전",
    "ProductName": "뽀송 위닉스 DXTE100-KWK",
    "ReviewScore": "5",
    "Syllable": "65",
    "Word": "14",
    "RDate": "20210719",
    "GeneralPolarity": "1",
    "Aspects": [
      {
        "Aspect": "기능",
        "SentimentText": "여름철 꿉꿉한 냄새때문에 불편했는데 제습이 잘되서 보송하고 쾌적해서 너무 좋아요!! ",
        "SentimentWord": "10",
        "SentimentPolarity": "1"
      },
      {
        "Aspect": "소음",
        "SentimentText": " 소음이 약간 나지만 참을만하네요.",
        "SentimentWord": "4",
        "SentimentPolarity": "0"
      }
    ]
  },
  {
    "Index": "44209",
    "RawText": "ㅇㅇㅇ제품 여름철 완전 효자템입니다ㅎㅎ.제습 기능으로 가동하니 빨래도 뽀송뽀송하게  잘 마르고 습기도 확 잡아 주네요.",
    "Source": "쇼핑몰",
    "Domain": "가전",
    "MainCategory": "계절가전",
    "ProductName": "뽀송 위닉스 DXTE100-KWK",
    "ReviewScore": "5",
    "Syllable": "66",
    "Word": "14",
    "RDate": "20211123",
    "GeneralPolarity": "1",
    "Aspects": [
      {
        "Aspect": "제조일/제조사",
        "SentimentText": "ㅇㅇㅇ제품 여름철 완전 효자템입니다ㅎㅎ",
        "SentimentWord": "4",
        "SentimentPolarity": "1"
      },
      {
        "Aspect": "기능",
        "SentimentText": "제습 기능으로 가동하니 빨래도 뽀송뽀송하게  잘 마르고 습기도 확 잡아 주네요.",
        "SentimentWord": "11",
        "SentimentPolarity": "1"
      }
    ]
  },
  {
    "Index": "44210",
    "RawText": "가동하면 더운바람이 나와 실내온도가 2~3도까지 올라가 여름철 사용하기 어렵습니다. 소리도 시끄러울 정도로 커요",
    "Source": "쇼핑몰",
    "Domain": "가전",
    "MainCategory": "계절가전",
    "ProductName": "뽀송 위닉스 DXTE100-KWK",
    "ReviewScore": "3",
    "Syllable": "62",
    "Word": "13",
    "RDate": "20210831",
    "GeneralPolarity": "-1",
    "Aspects": [
      {
        "Aspect": "편의성",
        "SentimentText": "가동하면 더운바람이 나와 실내온도가 2~3도까지 올라가 여름철 사용하기 어렵습니다. ",
        "SentimentWord": "9",
        "SentimentPolarity": "-1"
      },
      {
        "Aspect": "소음",
        "SentimentText": "소리도 시끄러울 정도로 커요",
        "SentimentWord": "4",
        "SentimentPolarity": "-1"
      }
    ]
  },
  {
    "Index": "44211",
    "RawText": "ㅇㅇㅇ 제습기 믿고 구매할 만큼 좋아요. 물통이 반투명이라 물 비울때를 바로 알 수 있어 편해요",
    "Source": "쇼핑몰",
    "Domain": "가전",
    "MainCategory": "계절가전",
    "ProductName": "뽀송 위닉스 DXTE100-KWK",
    "ReviewScore": "5",
    "Syllable": "53",
    "Word": "15",
    "RDate": "20210722",
    "GeneralPolarity": "1",
    "Aspects": [
      {
        "Aspect": "제조일/제조사",
        "SentimentText": "ㅇㅇㅇ 제습기 믿고 구매할 만큼 좋아요. ",
        "SentimentWord": "6",
        "SentimentPolarity": "1"
      },
      {
        "Aspect": "편의성",
        "SentimentText": "물통이 반투명이라 물 비울때를 바로 알 수 있어 편해요 ",
        "SentimentWord": "9",
        "SentimentPolarity": "1"
      }
    ]
  }
]