[
  {
    "Index": "8428",
    "RawText": "소리가 좀 커지만 바람도세고  리모컨이있어 잘 사용하고있어요.",
    "Source": "SNS",
    "Domain": "가전",
    "MainCategory": "계절가전",
    "ProductName": "[대웅모닝컴] 리모컨 스탠드 에어써큘레이터 CZ-YK6062R",
    "ReviewScore": "100",
    "Syllable": "34",
    "Word": "7",
    "RDate": "20210816",
    "GeneralPolarity": "1",
    "Aspects": [
      {
        "Aspect": "소음",
        "SentimentText": "소리가 좀 커지만",
        "SentimentWord": "3",
        "SentimentPolarity": "-1"
      },
      {
        "Aspect": "기능",
        "SentimentText": "바람도세고  리모컨이있어 잘 사용하고있어요.",
        "SentimentWord": "4",
        "SentimentPolarity": "1"
      },
      {
        "Aspect": "제품구성",
        "SentimentText": "리모컨이있어 잘 사용하고있어요.",
        "SentimentWord": "3",
        "SentimentPolarity": "1"
      }
    ]
  },
  {
    "Index": "8429",
    "RawText": "소리가 좀 크고 지지대가 부실하긴해요  서브용이라 그냥 씁니다",
    "Source": "SNS",
    "Domain": "가전",
    "MainCategory": "계절가전",
    "ProductName": "[대웅모닝컴] 리모컨 스탠드 에어써큘레이터 CZ-YK6062R",
    "ReviewScore": "90",
    "Syllable": "34",
    "Word": "8",
    "RDate": "20210908",
    "GeneralPolarity": "-1",
    "Aspects": [
      {
        "Aspect": "소음",
        "SentimentText": "소리가 좀 크고",
        "SentimentWord": "3",
        "SentimentPolarity": "-1"
      },
      {
        "Aspect": "품질",
        "SentimentText": "지지대가 부실하긴해요 ",
        "SentimentWord": "2",
        "SentimentPolarity": "-1"
      }
    ]
  },
  {
    "Index": "8430",
    "RawText": "소리도 작고 시원하고 좋아요 3대 주문했는데 또 한대 주문하려구요",
    "Source": "SNS",
    "Domain": "가전",
    "MainCategory": "계절가전",
    "ProductName": "[대웅모닝컴] 리모컨 스탠드 에어써큘레이터 CZ-YK6062R",
    "ReviewScore": "100",
    "Syllable": "36",
    "Word": "9",
    "RDate": "20210804",
    "GeneralPolarity": "1",
    "Aspects": [
      {
        "Aspect": "소음",
        "SentimentText": "소리도 작고 시원하고 좋아요",
        "SentimentWord": "4",
        "SentimentPolarity": "1"
      },
      {
        "Aspect": "기능",
        "SentimentText": "시원하고 좋아요",
        "SentimentWord": "2",
        "SentimentPolarity": "1"
      }
    ]
  },
  {
    "Index": "8431",
    "RawText": "소리도 조용하고 좋아요 시원하고 괜찮았아요 리모컨이라 편해요 리모컨걸이기 있으면 좋겠어요 또 위아래 조절이 되면 더 좋겠네요",
    "Source": "SNS",
    "Domain": "가전",
    "MainCategory": "계절가전",
    "ProductName": "[대웅모닝컴] 리모컨 스탠드 에어써큘레이터 CZ-YK6062R",
    "ReviewScore": "80",
    "Syllable": "69",
    "Word": "16",
    "RDate": "20210609",
    "GeneralPolarity": "1",
    "Aspects": [
      {
        "Aspect": "소음",
        "SentimentText": "소리도 조용하고 좋아요",
        "SentimentWord": "3",
        "SentimentPolarity": "1"
      },
      {
        "Aspect": "기능",
        "SentimentText": "시원하고 괜찮았아요",
        "SentimentWord": "2",
        "SentimentPolarity": "1"
      },
      {
        "Aspect": "편의성",
        "SentimentText": "리모컨이라 편해요",
        "SentimentWord": "2",
        "SentimentPolarity": "1"
      },
      {
        "Aspect": "제품구성",
        "SentimentText": "리모컨걸이기 있으면 좋겠어요",
        "SentimentWord": "3",
        "SentimentPolarity": "0"
      },
      {
        "Aspect": "조작성",
        "SentimentText": "위아래 조절이 되면 더 좋겠네요",
        "SentimentWord": "5",
        "SentimentPolarity": "0"
      }
    ]
  },
  {
    "Index": "8432",
    "RawText": "디자인이 슬림하면서 시원하고 바람이 머리까서  완전 짱입니다",
    "Source": "SNS",
    "Domain": "가전",
    "MainCategory": "계절가전",
    "ProductName": "[대웅모닝컴] 리모컨 스탠드 에어써큘레이터 CZ-YK6062R",
    "ReviewScore": "100",
    "Syllable": "33",
    "Word": "7",
    "RDate": "20210804",
    "GeneralPolarity": "1",
    "Aspects": [
      {
        "Aspect": "디자인",
        "SentimentText": "디자인이 슬림하면서 시원하고 바람이 머리까서  완전 짱입니다",
        "SentimentWord": "7",
        "SentimentPolarity": "1"
      },
      {
        "Aspect": "기능",
        "SentimentText": "시원하고 바람이 머리까서  완전 짱입니다",
        "SentimentWord": "5",
        "SentimentPolarity": "1"
      }
    ]
  },
  {
    "Index": "8433",
    "RawText": "디자인이 아주 심플하고 바람소리도 조용하고 좋아요 매우 시원하네요 가성비도 좋네요",
    "Source": "SNS",
    "Domain": "가전",
    "MainCategory": "계절가전",
    "ProductName": "[대웅모닝컴] 리모컨 스탠드 에어써큘레이터 CZ-YK6062R",
    "ReviewScore": "100",
    "Syllable": "45",
    "Word": "10",
    "RDate": "20210603",
    "GeneralPolarity": "1",
    "Aspects": [
      {
        "Aspect": "디자인",
        "SentimentText": "디자인이 아주 심플하고 ",
        "SentimentWord": "3",
        "SentimentPolarity": "1"
      },
      {
        "Aspect": "소음",
        "SentimentText": "바람소리도 조용하고 좋아요",
        "SentimentWord": "3",
        "SentimentPolarity": "1"
      },
      {
        "Aspect": "가격",
        "SentimentText": "가성비도 좋네요",
        "SentimentWord": "2",
        "SentimentPolarity": "1"
      }
    ]
  },
  {
    "Index": "8434",
    "RawText": "약간 안정성이 떨어지네요.그래도 디자인은 나름 괜찮구요 성능도 괜찮은거 같아요.가격대비 그럭저럭",
    "Source": "SNS",
    "Domain": "가전",
    "MainCategory": "계절가전",
    "ProductName": "[대웅모닝컴] 리모컨 스탠드 에어써큘레이터 CZ-YK6062R",
    "ReviewScore": "60",
    "Syllable": "53",
    "Word": "10",
    "RDate": "20211119",
    "GeneralPolarity": "0",
    "Aspects": [
      {
        "Aspect": "내구성",
        "SentimentText": "약간 안정성이 떨어지네요.",
        "SentimentWord": "3",
        "SentimentPolarity": "-1"
      },
      {
        "Aspect": "디자인",
        "SentimentText": "디자인은 나름 괜찮구요",
        "SentimentWord": "3",
        "SentimentPolarity": "1"
      },
      {
        "Aspect": "기능",
        "SentimentText": "성능도 괜찮은거 같아요.",
        "SentimentWord": "3",
        "SentimentPolarity": "1"
      },
      {
        "Aspect": "가격",
        "SentimentText": "가격대비 그럭저럭",
        "SentimentWord": "2",
        "SentimentPolarity": "0"
      }
    ]
  },
  {
    "Index": "8435",
    "RawText": "음... 1.기둥과 밑판이 완정하게 조여도 유격이 있어 흔들리고, 2. 마무리가 칼로 자른듯 엉망...ㅜㅜ 3. 가격도 뭐 그리 싸지도 않음…",
    "Source": "SNS",
    "Domain": "가전",
    "MainCategory": "계절가전",
    "ProductName": "[대웅모닝컴] 리모컨 스탠드 에어써큘레이터 CZ-YK6062R",
    "ReviewScore": "50",
    "Syllable": "79",
    "Word": "19",
    "RDate": "20210803",
    "GeneralPolarity": "-1",
    "Aspects": [
      {
        "Aspect": "품질",
        "SentimentText": "기둥과 밑판이 완정하게 조여도 유격이 있어 흔들리고,",
        "SentimentWord": "7",
        "SentimentPolarity": "-1"
      },
      {
        "Aspect": "품질",
        "SentimentText": "마무리가 칼로 자른듯 엉망...ㅜㅜ",
        "SentimentWord": "4",
        "SentimentPolarity": "-1"
      },
      {
        "Aspect": "가격",
        "SentimentText": "가격도 뭐 그리 싸지도 않음…",
        "SentimentWord": "5",
        "SentimentPolarity": "-1"
      }
    ]
  },
  {
    "Index": "8436",
    "RawText": "작아도 바람세기도 괜찮고 리모컨이 있어서 사용하기 편해요",
    "Source": "SNS",
    "Domain": "가전",
    "MainCategory": "계절가전",
    "ProductName": "[대웅모닝컴] 리모컨 스탠드 에어써큘레이터 CZ-YK6062R",
    "ReviewScore": "100",
    "Syllable": "31",
    "Word": "7",
    "RDate": "20210817",
    "GeneralPolarity": "1",
    "Aspects": [
      {
        "Aspect": "기능",
        "SentimentText": "작아도 바람세기도 괜찮고 ",
        "SentimentWord": "3",
        "SentimentPolarity": "1"
      },
      {
        "Aspect": "편의성",
        "SentimentText": "리모컨이 있어서 사용하기 편해요",
        "SentimentWord": "4",
        "SentimentPolarity": "1"
      }
    ]
  },
  {
    "Index": "8437",
    "RawText": "작지만 시원하고 좋아요 가격은 왜 이리 착한지!! 동생집으로 하나더 구매해서 보냈어요",
    "Source": "SNS",
    "Domain": "가전",
    "MainCategory": "계절가전",
    "ProductName": "[대웅모닝컴] 리모컨 스탠드 에어써큘레이터 CZ-YK6062R",
    "ReviewScore": "100",
    "Syllable": "47",
    "Word": "11",
    "RDate": "20210807",
    "Aspects": [
      {
        "Aspect": "기능",
        "SentimentText": "작지만 시원하고 좋아요",
        "SentimentWord": "3",
        "SentimentPolarity": "1"
      },
      {
        "Aspect": "가격",
        "SentimentText": "가격은 왜 이리 착한지!!",
        "SentimentWord": "4",
        "SentimentPolarity": "1"
      }
    ]
  },
  {
    "Index": "8438",
    "RawText": "저렴하가격에 구매했어요. 소음이조금있지만 사용하는데ㅈ불편함은없어요",
    "Source": "SNS",
    "Domain": "가전",
    "MainCategory": "계절가전",
    "ProductName": "[대웅모닝컴] 리모컨 스탠드 에어써큘레이터 CZ-YK6062R",
    "ReviewScore": "60",
    "Syllable": "36",
    "Word": "4",
    "RDate": "20210807",
    "GeneralPolarity": "1",
    "Aspects": [
      {
        "Aspect": "가격",
        "SentimentText": "저렴하가격에 구매했어요.",
        "SentimentWord": "2",
        "SentimentPolarity": "1"
      },
      {
        "Aspect": "소음",
        "SentimentText": "소음이조금있지만 사용하는데ㅈ불편함은없어요",
        "SentimentWord": "2",
        "SentimentPolarity": "1"
      }
    ]
  },
  {
    "Index": "8439",
    "RawText": "저렴하게 구입했지만 아래 받침이 부실해서 아이있는 집은 조심하셔야 해요.",
    "Source": "SNS",
    "Domain": "가전",
    "MainCategory": "계절가전",
    "ProductName": "[대웅모닝컴] 리모컨 스탠드 에어써큘레이터 CZ-YK6062R",
    "ReviewScore": "70",
    "Syllable": "40",
    "Word": "9",
    "RDate": "20210807",
    "GeneralPolarity": "0",
    "Aspects": [
      {
        "Aspect": "가격",
        "SentimentText": "저렴하게 구입했지만 아래 받침이 부실해서 아이있는 집은 조심하셔야 해요.",
        "SentimentWord": "9",
        "SentimentPolarity": "0"
      },
      {
        "Aspect": "품질",
        "SentimentText": "아래 받침이 부실해서 아이있는 집은 조심하셔야 해요.",
        "SentimentWord": "7",
        "SentimentPolarity": "-1"
      }
    ]
  },
  {
    "Index": "8440",
    "RawText": "저렴해서 구매했었는데 생각보다 바람이 약해서 별로에요. 한여름에 사용하기엔 한계가 있었습니다",
    "Source": "SNS",
    "Domain": "가전",
    "MainCategory": "계절가전",
    "ProductName": "[대웅모닝컴] 리모컨 스탠드 에어써큘레이터 CZ-YK6062R",
    "ReviewScore": "60",
    "Syllable": "51",
    "Word": "10",
    "RDate": "20211020",
    "GeneralPolarity": "-1",
    "Aspects": [
      {
        "Aspect": "가격",
        "SentimentText": "저렴해서 구매했었는데 생각보다 바람이 약해서 별로에요.",
        "SentimentWord": "6",
        "SentimentPolarity": "1"
      },
      {
        "Aspect": "기능",
        "SentimentText": "생각보다 바람이 약해서 별로에요. ",
        "SentimentWord": "4",
        "SentimentPolarity": "-1"
      },
      {
        "Aspect": "기능",
        "SentimentText": "한여름에 사용하기엔 한계가 있었습니다",
        "SentimentWord": "4",
        "SentimentPolarity": "-1"
      }
    ]
  },
  {
    "Index": "8441",
    "RawText": "조금 시끄러운것 빼고는 맘에들어요 가격대비 만족합니다",
    "Source": "SNS",
    "Domain": "가전",
    "MainCategory": "계절가전",
    "ProductName": "[대웅모닝컴] 리모컨 스탠드 에어써큘레이터 CZ-YK6062R",
    "ReviewScore": "60",
    "Syllable": "29",
    "Word": "6",
    "RDate": "20210616",
    "GeneralPolarity": "1",
    "Aspects": [
      {
        "Aspect": "소음",
        "SentimentText": "조금 시끄러운것 빼고는 맘에들어요",
        "SentimentWord": "4",
        "SentimentPolarity": "0"
      },
      {
        "Aspect": "가격",
        "SentimentText": "가격대비 만족합니다",
        "SentimentWord": "2",
        "SentimentPolarity": "1"
      }
    ]
  },
  {
    "Index": "8442",
    "RawText": "조립도 간단하고 기능이나 바람세기나 마음에 쏙듭니다",
    "Source": "SNS",
    "Domain": "가전",
    "MainCategory": "계절가전",
    "ProductName": "[대웅모닝컴] 리모컨 스탠드 에어써큘레이터 CZ-YK6062R",
    "ReviewScore": "100",
    "Syllable": "28",
    "Word": "6",
    "RDate": "20210629",
    "GeneralPolarity": "1",
    "Aspects": [
      {
        "Aspect": "조작성",
        "SentimentText": "조립도 간단하고 기능이나 바람세기나 마음에 쏙듭니다",
        "SentimentWord": "6",
        "SentimentPolarity": "1"
      },
      {
        "Aspect": "기능",
        "SentimentText": "기능이나 바람세기나 마음에 쏙듭니다",
        "SentimentWord": "4",
        "SentimentPolarity": "1"
      }
    ]
  },
  {
    "Index": "8443",
    "RawText": "조립하기도ᆢ어렵지않고ᆢ리모콘이 있어ㆍ조작하기가ㆍ편리해요 그런데 가격은 그리 착하지가 않네요",
    "Source": "SNS",
    "Domain": "가전",
    "MainCategory": "계절가전",
    "ProductName": "[대웅모닝컴] 리모컨 스탠드 에어써큘레이터 CZ-YK6062R",
    "ReviewScore": "100",
    "Syllable": "50",
    "Word": "7",
    "RDate": "20210713",
    "GeneralPolarity": "0",
    "Aspects": [
      {
        "Aspect": "조작성",
        "SentimentText": "조립하기도ᆢ어렵지않고ᆢ리모콘이 있어ㆍ조작하기가ㆍ편리해요",
        "SentimentWord": "2",
        "SentimentPolarity": "1"
      },
      {
        "Aspect": "가격",
        "SentimentText": "가격은 그리 착하지가 않네요",
        "SentimentWord": "4",
        "SentimentPolarity": "-1"
      }
    ]
  },
  {
    "Index": "8444",
    "RawText": "조립할때 아래판이 작아서 걱정했는데 넘어지지않네요 바람도 시원합니다",
    "Source": "SNS",
    "Domain": "가전",
    "MainCategory": "계절가전",
    "ProductName": "[대웅모닝컴] 리모컨 스탠드 에어써큘레이터 CZ-YK6062R",
    "ReviewScore": "100",
    "Syllable": "37",
    "Word": "7",
    "RDate": "20210804",
    "GeneralPolarity": "1",
    "Aspects": [
      {
        "Aspect": "사이즈",
        "SentimentText": "조립할때 아래판이 작아서 걱정했는데 넘어지지않네요",
        "SentimentWord": "5",
        "SentimentPolarity": "0"
      },
      {
        "Aspect": "기능",
        "SentimentText": "바람도 시원합니다",
        "SentimentWord": "2",
        "SentimentPolarity": "1"
      }
    ]
  },
  {
    "Index": "8445",
    "RawText": "조작이 간편해서 좋으나 소음이 조금 있어서 별로에요",
    "Source": "SNS",
    "Domain": "가전",
    "MainCategory": "계절가전",
    "ProductName": "[대웅모닝컴] 리모컨 스탠드 에어써큘레이터 CZ-YK6062R",
    "ReviewScore": "80",
    "Syllable": "28",
    "Word": "7",
    "RDate": "20210804",
    "GeneralPolarity": "0",
    "Aspects": [
      {
        "Aspect": "조작성",
        "SentimentText": "조작이 간편해서 좋으나",
        "SentimentWord": "3",
        "SentimentPolarity": "1"
      },
      {
        "Aspect": "소음",
        "SentimentText": "소음이 조금 있어서 별로에요",
        "SentimentWord": "4",
        "SentimentPolarity": "0"
      }
    ]
  },
  {
    "Index": "8446",
    "RawText": "좋은가격에 잘 구매했어요 시끄러울까봐 걱정했는데 생각보다 조용하고 시원해서 좋아요 올여름 잘사용할께요~~",
    "Source": "SNS",
    "Domain": "가전",
    "MainCategory": "계절가전",
    "ProductName": "[대웅모닝컴] 리모컨 스탠드 에어써큘레이터 CZ-YK6062R",
    "ReviewScore": "100",
    "Syllable": "58",
    "Word": "11",
    "RDate": "20210622",
    "GeneralPolarity": "1",
    "Aspects": [
      {
        "Aspect": "가격",
        "SentimentText": "좋은가격에 잘 구매했어요",
        "SentimentWord": "3",
        "SentimentPolarity": "1"
      },
      {
        "Aspect": "소음",
        "SentimentText": "시끄러울까봐 걱정했는데 생각보다 조용하고 시원해서 좋아요",
        "SentimentWord": "6",
        "SentimentPolarity": "0"
      },
      {
        "Aspect": "기능",
        "SentimentText": "시원해서 좋아요",
        "SentimentWord": "2",
        "SentimentPolarity": "1"
      }
    ]
  },
  {
    "Index": "8447",
    "RawText": "좋은제품 좋은가격에 성능 괜찮고 디자인도 괜찮고 잘 사용하고 있어요.여름을 날려버려~",
    "Source": "SNS",
    "Domain": "가전",
    "MainCategory": "계절가전",
    "ProductName": "[대웅모닝컴] 리모컨 스탠드 에어써큘레이터 CZ-YK6062R",
    "ReviewScore": "80",
    "Syllable": "47",
    "Word": "10",
    "RDate": "20210715",
    "GeneralPolarity": "1",
    "Aspects": [
      {
        "Aspect": "품질",
        "SentimentText": "좋은제품 좋은가격에 성능 괜찮고 디자인도 괜찮고 잘 사용하고 있어요.",
        "SentimentWord": "9",
        "SentimentPolarity": "1"
      },
      {
        "Aspect": "가격",
        "SentimentText": "좋은가격에 성능 괜찮고 디자인도 괜찮고 잘 사용하고 있어요.",
        "SentimentWord": "8",
        "SentimentPolarity": "1"
      },
      {
        "Aspect": "기능",
        "SentimentText": "성능 괜찮고 디자인도 괜찮고 잘 사용하고 있어요.",
        "SentimentWord": "7",
        "SentimentPolarity": "1"
      },
      {
        "Aspect": "디자인",
        "SentimentText": "디자인도 괜찮고 잘 사용하고 있어요.",
        "SentimentWord": "5",
        "SentimentPolarity": "1"
      }
    ]
  },
  {
    "Index": "8448",
    "RawText": "첨에는 작동할때 끼익거렸는데 쓰다보니 괜찮아졌어요 가격대비만족합니다",
    "Source": "SNS",
    "Domain": "가전",
    "MainCategory": "계절가전",
    "ProductName": "[대웅모닝컴] 리모컨 스탠드 에어써큘레이터 CZ-YK6062R",
    "ReviewScore": "100",
    "Syllable": "37",
    "Word": "6",
    "RDate": "20210818",
    "GeneralPolarity": "1",
    "Aspects": [
      {
        "Aspect": "소음",
        "SentimentText": "첨에는 작동할때 끼익거렸는데 쓰다보니 괜찮아졌어요",
        "SentimentWord": "5",
        "SentimentPolarity": "1"
      },
      {
        "Aspect": "가격",
        "SentimentText": "가격대비만족합니다",
        "SentimentWord": "1",
        "SentimentPolarity": "1"
      }
    ]
  },
  {
    "Index": "8449",
    "RawText": "최고예요 시원하고 싸고 가볍고 리모컨까지 안사면 후회 합니다. 적립금 나오면 사려고 장바구니에 킵 ㅎ",
    "Source": "SNS",
    "Domain": "가전",
    "MainCategory": "계절가전",
    "ProductName": "[대웅모닝컴] 리모컨 스탠드 에어써큘레이터 CZ-YK6062R",
    "ReviewScore": "100",
    "Syllable": "56",
    "Word": "14",
    "RDate": "20210703",
    "GeneralPolarity": "1",
    "Aspects": [
      {
        "Aspect": "기능",
        "SentimentText": "최고예요 시원하고 싸고 가볍고 리모컨까지 안사면 후회 합니다.",
        "SentimentWord": "8",
        "SentimentPolarity": "1"
      },
      {
        "Aspect": "가격",
        "SentimentText": "싸고 가볍고 리모컨까지 안사면 후회 합니다.",
        "SentimentWord": "6",
        "SentimentPolarity": "1"
      },
      {
        "Aspect": "무게",
        "SentimentText": "가볍고 리모컨까지 안사면 후회 합니다.",
        "SentimentWord": "5",
        "SentimentPolarity": "1"
      },
      {
        "Aspect": "제품구성",
        "SentimentText": "리모컨까지 안사면 후회 합니다.",
        "SentimentWord": "4",
        "SentimentPolarity": "1"
      }
    ]
  },
  {
    "Index": "8450",
    "RawText": "크기가 컴팩트 하고 리모콘이 함께 있어서 너무 가성비가 좋은 상품입니다",
    "Source": "SNS",
    "Domain": "가전",
    "MainCategory": "계절가전",
    "ProductName": "[대웅모닝컴] 리모컨 스탠드 에어써큘레이터 CZ-YK6062R",
    "ReviewScore": "100",
    "Syllable": "39",
    "Word": "10",
    "RDate": "20210812",
    "GeneralPolarity": "1",
    "Aspects": [
      {
        "Aspect": "사이즈",
        "SentimentText": "크기가 컴팩트 하고 리모콘이 함께 있어서 너무 가성비가 좋은 상품입니다",
        "SentimentWord": "10",
        "SentimentPolarity": "1"
      },
      {
        "Aspect": "제품구성",
        "SentimentText": "리모콘이 함께 있어서 너무 가성비가 좋은 상품입니다",
        "SentimentWord": "7",
        "SentimentPolarity": "1"
      },
      {
        "Aspect": "가격",
        "SentimentText": "너무 가성비가 좋은 상품입니다",
        "SentimentWord": "4",
        "SentimentPolarity": "1"
      }
    ]
  },
  {
    "Index": "8451",
    "RawText": "크기는 작지만 바람은 아주 시원해요~자리도 덜 차지하고 좁은 집에는 아주 유용합니다^^",
    "Source": "SNS",
    "Domain": "가전",
    "MainCategory": "계절가전",
    "ProductName": "[대웅모닝컴] 리모컨 스탠드 에어써큘레이터 CZ-YK6062R",
    "ReviewScore": "100",
    "Syllable": "48",
    "Word": "11",
    "RDate": "20210816",
    "GeneralPolarity": "1",
    "Aspects": [
      {
        "Aspect": "사이즈",
        "SentimentText": "크기는 작지만",
        "SentimentWord": "2",
        "SentimentPolarity": "0"
      },
      {
        "Aspect": "기능",
        "SentimentText": "바람은 아주 시원해요~ ",
        "SentimentWord": "3",
        "SentimentPolarity": "1"
      },
      {
        "Aspect": "사이즈",
        "SentimentText": "자리도 덜 차지하고 좁은 집에는 아주 유용합니다^^",
        "SentimentWord": "7",
        "SentimentPolarity": "1"
      }
    ]
  },
  {
    "Index": "8452",
    "RawText": "팬 사이즈가 생각보단 작지만 서큘레이터 특성에 맞게 바람이 강해서 마음에 듭니다~",
    "Source": "SNS",
    "Domain": "가전",
    "MainCategory": "계절가전",
    "ProductName": "[대웅모닝컴] 리모컨 스탠드 에어써큘레이터 CZ-YK6062R",
    "ReviewScore": "100",
    "Syllable": "45",
    "Word": "11",
    "RDate": "20210815",
    "GeneralPolarity": "1",
    "Aspects": [
      {
        "Aspect": "사이즈",
        "SentimentText": "팬 사이즈가 생각보단 작지만",
        "SentimentWord": "4",
        "SentimentPolarity": "0"
      },
      {
        "Aspect": "기능",
        "SentimentText": "바람이 강해서 마음에 듭니다~",
        "SentimentWord": "4",
        "SentimentPolarity": "1"
      }
    ]
  },
  {
    "Index": "8453",
    "RawText": "품질이 현저히 떨어지네요 상품ㅁ평에 소리가 난다했늠데 소리 뿐 아니라 강 약도 지 멋대로 돌아가네요  비 추합니다",
    "Source": "SNS",
    "Domain": "가전",
    "MainCategory": "계절가전",
    "ProductName": "[대웅모닝컴] 리모컨 스탠드 에어써큘레이터 CZ-YK6062R",
    "ReviewScore": "30",
    "Syllable": "63",
    "Word": "16",
    "RDate": "20210626",
    "GeneralPolarity": "-1",
    "Aspects": [
      {
        "Aspect": "소음",
        "SentimentText": "소리 뿐 아니라 강 약도 지 멋대로 돌아가네요  비 추합니다",
        "SentimentWord": "10",
        "SentimentPolarity": "-1"
      },
      {
        "Aspect": "조작성",
        "SentimentText": "강 약도 지 멋대로 돌아가네요  비 추합니다",
        "SentimentWord": "7",
        "SentimentPolarity": "-1"
      },
      {
        "Aspect": "품질",
        "SentimentText": "품질이 현저히 떨어지네요",
        "SentimentWord": "3",
        "SentimentPolarity": "-1"
      }
    ]
  },
  {
    "Index": "8454",
    "RawText": "회전하는 선풍기가 너무 작아 바람이 약하고 소리도 나고 불편해요",
    "Source": "SNS",
    "Domain": "가전",
    "MainCategory": "계절가전",
    "ProductName": "[대웅모닝컴] 리모컨 스탠드 에어써큘레이터 CZ-YK6062R",
    "ReviewScore": "20",
    "Syllable": "35",
    "Word": "9",
    "RDate": "20210924",
    "GeneralPolarity": "-1",
    "Aspects": [
      {
        "Aspect": "사이즈",
        "SentimentText": "회전하는 선풍기가 너무 작아 바람이 약하고",
        "SentimentWord": "6",
        "SentimentPolarity": "-1"
      },
      {
        "Aspect": "기능",
        "SentimentText": "바람이 약하고 ",
        "SentimentWord": "2",
        "SentimentPolarity": "-1"
      },
      {
        "Aspect": "소음",
        "SentimentText": "소리도 나고 불편해요",
        "SentimentWord": "3",
        "SentimentPolarity": "-1"
      }
    ]
  },
  {
    "Index": "8455",
    "RawText": "가격 만큼 하네요.리모컨도 없고 타이머도 없고  여러모로 불편하네요.",
    "Source": "SNS",
    "Domain": "가전",
    "MainCategory": "계절가전",
    "ProductName": "[대웅모닝컴] 스탠드 에어써큘레이터_CZ-RSC7911",
    "ReviewScore": "60",
    "Syllable": "38",
    "Word": "8",
    "RDate": "20210803",
    "GeneralPolarity": "-1",
    "Aspects": [
      {
        "Aspect": "제품구성",
        "SentimentText": "가격 만큼 하네요.리모컨도 없고 ",
        "SentimentWord": "4",
        "SentimentPolarity": "-1"
      },
      {
        "Aspect": "편의성",
        "SentimentText": "타이머도 없고  여러모로 불편하네요.",
        "SentimentWord": "4",
        "SentimentPolarity": "-1"
      }
    ]
  },
  {
    "Index": "8456",
    "RawText": "가격만큼만 하는것 같아요ㅜㅜ 너무 제품 외형이 약한느낌 그래도 바람은 쎄네요",
    "Source": "SNS",
    "Domain": "가전",
    "MainCategory": "계절가전",
    "ProductName": "[대웅모닝컴] 스탠드 에어써큘레이터_CZ-RSC7911",
    "ReviewScore": "40",
    "Syllable": "42",
    "Word": "10",
    "RDate": "20210521",
    "GeneralPolarity": "0",
    "Aspects": [
      {
        "Aspect": "디자인",
        "SentimentText": "가격만큼만 하는것 같아요ㅜㅜ 너무 제품 외형이 약한느낌",
        "SentimentWord": "7",
        "SentimentPolarity": "-1"
      },
      {
        "Aspect": "기능",
        "SentimentText": "그래도 바람은 쎄네요",
        "SentimentWord": "3",
        "SentimentPolarity": "1"
      }
    ]
  },
  {
    "Index": "8457",
    "RawText": "가성비대비 나쁘진 않네요 바람은 풍성하나 조용하다는 광고문구는 빼야할듯요~",
    "Source": "SNS",
    "Domain": "가전",
    "MainCategory": "계절가전",
    "ProductName": "[대웅모닝컴] 스탠드 에어써큘레이터_CZ-RSC7911",
    "ReviewScore": "70",
    "Syllable": "41",
    "Word": "8",
    "RDate": "20210522",
    "GeneralPolarity": "-1",
    "Aspects": [
      {
        "Aspect": "가격",
        "SentimentText": "가성비대비 나쁘진 않네요",
        "SentimentWord": "3",
        "SentimentPolarity": "0"
      },
      {
        "Aspect": "소음",
        "SentimentText": "바람은 풍성하나 조용하다는 광고문구는 빼야할듯요~",
        "SentimentWord": "5",
        "SentimentPolarity": "-1"
      }
    ]
  },
  {
    "Index": "8458",
    "RawText": "만족합니다.. 리모콘이 없어 다소불편한점 있으나 가격대비 성능에 만족합니다",
    "Source": "SNS",
    "Domain": "가전",
    "MainCategory": "계절가전",
    "ProductName": "[대웅모닝컴] 스탠드 에어써큘레이터_CZ-RSC7911",
    "ReviewScore": "100",
    "Syllable": "41",
    "Word": "8",
    "RDate": "20210810",
    "GeneralPolarity": "0",
    "Aspects": [
      {
        "Aspect": "제품구성",
        "SentimentText": " 리모콘이 없어 다소불편한점 있으나",
        "SentimentWord": "4",
        "SentimentPolarity": "-1"
      },
      {
        "Aspect": "기능",
        "SentimentText": "가격대비 성능에 만족합니다",
        "SentimentWord": "3",
        "SentimentPolarity": "1"
      }
    ]
  },
  {
    "Index": "8459",
    "RawText": "상품 배송은 빠르게 잘받았습니다  딱 고 가격 만큼이네요ㅠㅠ 가격  만큼 싼티 나고 품질이 별로 입니다",
    "Source": "SNS",
    "Domain": "가전",
    "MainCategory": "계절가전",
    "ProductName": "[대웅모닝컴] 스탠드 에어써큘레이터_CZ-RSC7911",
    "ReviewScore": "50",
    "Syllable": "57",
    "Word": "15",
    "RDate": "20210527",
    "Aspects": [
      {
        "Aspect": "가격",
        "SentimentText": "딱 고 가격 만큼이네요ㅠㅠ",
        "SentimentWord": "4",
        "SentimentPolarity": "-1"
      },
      {
        "Aspect": "품질",
        "SentimentText": "가격  만큼 싼티 나고 품질이 별로 입니다",
        "SentimentWord": "7",
        "SentimentPolarity": "-1"
      }
    ]
  },
  {
    "Index": "8460",
    "RawText": "생각보다 스텐드  키가 작네요 제품 외형이 맘에 들지 않아 반품할까 생각중입니다",
    "Source": "SNS",
    "Domain": "가전",
    "MainCategory": "계절가전",
    "ProductName": "[대웅모닝컴] 스탠드 에어써큘레이터_CZ-RSC7911",
    "ReviewScore": "70",
    "Syllable": "44",
    "Word": "11",
    "RDate": "20210521",
    "Aspects": [
      {
        "Aspect": "디자인",
        "SentimentText": "생각보다 스텐드  키가 작네요",
        "SentimentWord": "4",
        "SentimentPolarity": "-1"
      },
      {
        "Aspect": "디자인",
        "SentimentText": "제품 외형이 맘에 들지 않아 반품할까 생각중입니다",
        "SentimentWord": "7",
        "SentimentPolarity": "-1"
      }
    ]
  },
  {
    "Index": "8461",
    "RawText": "선풍기가 고장나서 구매했는데 시원하네요  선풍기 모양도 심플하니 좋습니다.  근데 날개 청소를 해야 하는데 어떻게 분리를 해야할지....... ",
    "Source": "SNS",
    "Domain": "가전",
    "MainCategory": "계절가전",
    "ProductName": "[대웅모닝컴] 스탠드 에어써큘레이터_CZ-RSC7911",
    "ReviewScore": "100",
    "Syllable": "80",
    "Word": "16",
    "RDate": "20210803",
    "GeneralPolarity": "1",
    "Aspects": [
      {
        "Aspect": "기능",
        "SentimentText": "선풍기가 고장나서 구매했는데 시원하네요 ",
        "SentimentWord": "4",
        "SentimentPolarity": "1"
      },
      {
        "Aspect": "디자인",
        "SentimentText": "선풍기 모양도 심플하니 좋습니다. ",
        "SentimentWord": "4",
        "SentimentPolarity": "1"
      }
    ]
  },
  {
    "Index": "8462",
    "RawText": "오늘받았는데 헐 날개가작아서 걱정~~ 헐 대박  바람도 좋고 디자인도 귀요미 추천합니다",
    "Source": "SNS",
    "Domain": "가전",
    "MainCategory": "계절가전",
    "ProductName": "[대웅모닝컴] 스탠드 에어써큘레이터_CZ-RSC7911",
    "ReviewScore": "100",
    "Syllable": "48",
    "Word": "11",
    "RDate": "20210520",
    "GeneralPolarity": "1",
    "Aspects": [
      {
        "Aspect": "디자인",
        "SentimentText": "오늘받았는데 헐 날개가작아서 걱정~~",
        "SentimentWord": "4",
        "SentimentPolarity": "0"
      },
      {
        "Aspect": "기능",
        "SentimentText": "헐 대박  바람도 좋고",
        "SentimentWord": "4",
        "SentimentPolarity": "1"
      },
      {
        "Aspect": "디자인",
        "SentimentText": "디자인도 귀요미 추천합니다",
        "SentimentWord": "3",
        "SentimentPolarity": "1"
      }
    ]
  },
  {
    "Index": "8463",
    "RawText": "저렴하게 잘구입한것 같습니다. 수평만 잘맞으면 소음도 적네요. 타이머 기능만 있었더라면 최고였을듯",
    "Source": "SNS",
    "Domain": "가전",
    "MainCategory": "계절가전",
    "ProductName": "[대웅모닝컴] 스탠드 에어써큘레이터_CZ-RSC7911",
    "ReviewScore": "100",
    "Syllable": "54",
    "Word": "11",
    "RDate": "20210810",
    "GeneralPolarity": "0",
    "Aspects": [
      {
        "Aspect": "가격",
        "SentimentText": "저렴하게 잘구입한것 같습니다.",
        "SentimentWord": "3",
        "SentimentPolarity": "1"
      },
      {
        "Aspect": "소음",
        "SentimentText": "수평만 잘맞으면 소음도 적네요.",
        "SentimentWord": "4",
        "SentimentPolarity": "0"
      },
      {
        "Aspect": "기능",
        "SentimentText": "타이머 기능만 있었더라면 최고였을듯",
        "SentimentWord": "4",
        "SentimentPolarity": "-1"
      }
    ]
  },
  {
    "Index": "8464",
    "RawText": "짱짱  작고  예뻐요  큰장날에  저렴하게 구입  이득 짱입니다",
    "Source": "SNS",
    "Domain": "가전",
    "MainCategory": "계절가전",
    "ProductName": "[대웅모닝컴] 스탠드 에어써큘레이터_CZ-RSC7911",
    "ReviewScore": "100",
    "Syllable": "35",
    "Word": "8",
    "RDate": "20210519",
    "GeneralPolarity": "1",
    "Aspects": [
      {
        "Aspect": "디자인",
        "SentimentText": "짱짱  작고  예뻐요 ",
        "SentimentWord": "3",
        "SentimentPolarity": "1"
      },
      {
        "Aspect": "가격",
        "SentimentText": "큰장날에  저렴하게 구입  이득 짱입니다",
        "SentimentWord": "5",
        "SentimentPolarity": "1"
      }
    ]
  },
  {
    "Index": "8465",
    "RawText": "작지만 좋아요  다만 위로 올리면 천천히 내려감 이것빼고는 전반적으로 기능에 만족합니다",
    "Source": "SNS",
    "Domain": "가전",
    "MainCategory": "계절가전",
    "ProductName": "[대웅모닝컴] 에어써큘레이터 선풍기_DWF-C912AC",
    "ReviewScore": "100",
    "Syllable": "48",
    "Word": "11",
    "RDate": "20210814",
    "GeneralPolarity": "0",
    "Aspects": [
      {
        "Aspect": "사이즈",
        "SentimentText": "작지만 좋아요 ",
        "SentimentWord": "2",
        "SentimentPolarity": "1"
      },
      {
        "Aspect": "편의성",
        "SentimentText": "다만 위로 올리면 천천히 내려감",
        "SentimentWord": "5",
        "SentimentPolarity": "-1"
      },
      {
        "Aspect": "기능",
        "SentimentText": "이것빼고는 전반적으로 기능에 만족합니다",
        "SentimentWord": "4",
        "SentimentPolarity": "1"
      }
    ]
  },
  {
    "Index": "8466",
    "RawText": "날개가 없어서 좋긴한데 바닥엔 전혀 바람이 가지않아 누워서 사용하기엔 부적합하네요 소리도 심하게 나네요",
    "Source": "SNS",
    "Domain": "가전",
    "MainCategory": "계절가전",
    "ProductName": "[셰퍼] 벤토 타워팬 날개없는 선풍기/ JSK-21028",
    "ReviewScore": "10",
    "Syllable": "57",
    "Word": "13",
    "RDate": "20210803",
    "GeneralPolarity": "-1",
    "Aspects": [
      {
        "Aspect": "편의성",
        "SentimentText": "날개가 없어서 좋긴한데 바닥엔 전혀 바람이 가지않아 누워서 사용하기엔 부적합하네요",
        "SentimentWord": "10",
        "SentimentPolarity": "-1"
      },
      {
        "Aspect": "소음",
        "SentimentText": "소리도 심하게 나네요",
        "SentimentWord": "3",
        "SentimentPolarity": "-1"
      }
    ]
  },
  {
    "Index": "8467",
    "RawText": "크기도 적당하고 무지 가벼워요. 바람도 굉장히 세고 조작법도 간단하니 너무 좋구요.구매하길 잘한듯 합니다^^",
    "Source": "SNS",
    "Domain": "가전",
    "MainCategory": "계절가전",
    "ProductName": "[셰퍼] 벤토 타워팬 날개없는 선풍기/ JSK-21028",
    "ReviewScore": "100",
    "Syllable": "60",
    "Word": "13",
    "RDate": "20210806",
    "GeneralPolarity": "1",
    "Aspects": [
      {
        "Aspect": "사이즈",
        "SentimentText": "크기도 적당하고",
        "SentimentWord": "2",
        "SentimentPolarity": "1"
      },
      {
        "Aspect": "무게",
        "SentimentText": "무지 가벼워요.",
        "SentimentWord": "2",
        "SentimentPolarity": "1"
      },
      {
        "Aspect": "기능",
        "SentimentText": "바람도 굉장히 세고 조작법도 간단하니 너무 좋구요",
        "SentimentWord": "7",
        "SentimentPolarity": "1"
      },
      {
        "Aspect": "조작성",
        "SentimentText": "조작법도 간단하니 너무 좋구요",
        "SentimentWord": "4",
        "SentimentPolarity": "1"
      }
    ]
  },
  {
    "Index": "8468",
    "RawText": "타이머없는 선풍기는 생각도 못해봤네요 ㅋ 서큘레이터처럼 소리납니다",
    "Source": "SNS",
    "Domain": "가전",
    "MainCategory": "계절가전",
    "ProductName": "[셰퍼] 벤토 타워팬 날개없는 선풍기/ JSK-21028",
    "ReviewScore": "10",
    "Syllable": "36",
    "Word": "7",
    "RDate": "20210717",
    "GeneralPolarity": "-1",
    "Aspects": [
      {
        "Aspect": "기능",
        "SentimentText": "타이머없는 선풍기는 생각도 못해봤네요 ㅋ",
        "SentimentWord": "5",
        "SentimentPolarity": "-1"
      },
      {
        "Aspect": "소음",
        "SentimentText": "서큘레이터처럼 소리납니다",
        "SentimentWord": "2",
        "SentimentPolarity": "-1"
      }
    ]
  },
  {
    "Index": "8469",
    "RawText": "가격이 저렴해서 긴가민가 했는데 이쁘고 작동잘되고 서큘치고 소음 괜찮고요.dc모터라 더욱 만족",
    "Source": "SNS",
    "Domain": "가전",
    "MainCategory": "계절가전",
    "ProductName": "[스위스밀리터리] DC 에어 서큘레이터 SMA-10DR 화이트",
    "ReviewScore": "100",
    "Syllable": "52",
    "Word": "11",
    "RDate": "20190822",
    "GeneralPolarity": "1",
    "Aspects": [
      {
        "Aspect": "디자인",
        "SentimentText": "가격이 저렴해서 긴가민가 했는데 이쁘고",
        "SentimentWord": "5",
        "SentimentPolarity": "1"
      },
      {
        "Aspect": "기능",
        "SentimentText": "작동잘되고",
        "SentimentWord": "1",
        "SentimentPolarity": "1"
      },
      {
        "Aspect": "소음",
        "SentimentText": "서큘치고 소음 괜찮고요",
        "SentimentWord": "3",
        "SentimentPolarity": "1"
      },
      {
        "Aspect": "품질",
        "SentimentText": "dc모터라 더욱 만족",
        "SentimentWord": "3",
        "SentimentPolarity": "1"
      }
    ]
  },
  {
    "Index": "8470",
    "RawText": "정말 올 여름 유용하게 잘 사용했네요. 이쁘고 성능도 좋고~~ 보관커버까지~. 감사해요.",
    "Source": "SNS",
    "Domain": "가전",
    "MainCategory": "계절가전",
    "ProductName": "[스위스밀리터리] DC 에어 서큘레이터 SMA-10DR 화이트",
    "ReviewScore": "100",
    "Syllable": "49",
    "Word": "11",
    "RDate": "20191126",
    "GeneralPolarity": "1",
    "Aspects": [
      {
        "Aspect": "디자인",
        "SentimentText": "정말 올 여름 유용하게 잘 사용했네요. 이쁘고 ",
        "SentimentWord": "7",
        "SentimentPolarity": "1"
      },
      {
        "Aspect": "기능",
        "SentimentText": "성능도 좋고~~",
        "SentimentWord": "2",
        "SentimentPolarity": "1"
      },
      {
        "Aspect": "제품구성",
        "SentimentText": "보관커버까지~. 감사해요.",
        "SentimentWord": "2",
        "SentimentPolarity": "1"
      }
    ]
  },
  {
    "Index": "8471",
    "RawText": "배송도 빠르고 설치도 너무 꼼꼼하게  잘해 주셔서 너무  맘에 들었어요~~날씨가 더운데 요즘  너무 잘쓰고 있어요~ 또한  무풍으로 하면   정말   조용하면서 시원해서   다른곳에 와 있는 느낌입니다~~^^",
    "Source": "SNS",
    "Domain": "가전",
    "MainCategory": "계절가전",
    "ProductName": "[알파데이](19+6형)삼성 비스포크 무풍 에어컨 클래식 멀티형",
    "ReviewScore": "100",
    "Syllable": "116",
    "Word": "25",
    "RDate": "20210806",
    "Aspects": [
      {
        "Aspect": "소음",
        "SentimentText": " 또한  무풍으로 하면   정말   조용하면서 시원해서  ",
        "SentimentWord": "6",
        "SentimentPolarity": "1"
      },
      {
        "Aspect": "기능",
        "SentimentText": "시원해서   다른곳에 와 있는 느낌입니다~~^^",
        "SentimentWord": "5",
        "SentimentPolarity": "1"
      }
    ]
  },
  {
    "Index": "8472",
    "RawText": "사인품도 좋고 생각보다 설치날짜도 빠르게 잡아주셔서 금방 설치한거같아요 디자인도 예쁘고 바람도 시원시원하네요",
    "Source": "SNS",
    "Domain": "가전",
    "MainCategory": "계절가전",
    "ProductName": "[알파데이](19+6형)삼성 비스포크 무풍 에어컨 클래식 멀티형",
    "ReviewScore": "100",
    "Syllable": "60",
    "Word": "12",
    "RDate": "20210809",
    "Aspects": [
      {
        "Aspect": "제품구성",
        "SentimentText": "사인품도 좋고 ",
        "SentimentWord": "2",
        "SentimentPolarity": "1"
      },
      {
        "Aspect": "디자인",
        "SentimentText": "디자인도 예쁘고",
        "SentimentWord": "2",
        "SentimentPolarity": "1"
      },
      {
        "Aspect": "기능",
        "SentimentText": " 바람도 시원시원하네요",
        "SentimentWord": "2",
        "SentimentPolarity": "1"
      }
    ]
  },
  {
    "Index": "8473",
    "RawText": "좁은 평수에  좋습니다 바람도  강력하고 디자인 심플합니다",
    "Source": "SNS",
    "Domain": "가전",
    "MainCategory": "계절가전",
    "ProductName": "[알파데이](19+6형)삼성 비스포크 무풍 에어컨 클래식 멀티형",
    "ReviewScore": "100",
    "Syllable": "32",
    "Word": "7",
    "RDate": "20210810",
    "GeneralPolarity": "1",
    "Aspects": [
      {
        "Aspect": "기능",
        "SentimentText": "바람도  강력하고",
        "SentimentWord": "2",
        "SentimentPolarity": "1"
      },
      {
        "Aspect": "디자인",
        "SentimentText": "디자인 심플합니다",
        "SentimentWord": "2",
        "SentimentPolarity": "1"
      }
    ]
  },
  {
    "Index": "8474",
    "RawText": "시원하고 너무 좋으네요~끌때도 알아서 건조시켜주고 너무 똑똑한 녀석!굿^^  평소 눈여겨보던 심플무풍이라 구입했는데 디자인도 만족합니다",
    "Source": "SNS",
    "Domain": "가전",
    "MainCategory": "계절가전",
    "ProductName": "[알파데이](19+6형)삼성 비스포크 무풍 에어컨 클래식 멀티형",
    "ReviewScore": "100",
    "Syllable": "75",
    "Word": "14",
    "RDate": "20210803",
    "Aspects": [
      {
        "Aspect": "기능",
        "SentimentText": "시원하고 너무 좋으네요~끌때도 알아서 건조시켜주고 너무 똑똑한 녀석!굿^^",
        "SentimentWord": "8",
        "SentimentPolarity": "1"
      },
      {
        "Aspect": "디자인",
        "SentimentText": "평소 눈여겨보던 심플무풍이라 구입했는데 디자인도 만족합니다",
        "SentimentWord": "6",
        "SentimentPolarity": "1"
      }
    ]
  },
  {
    "Index": "8475",
    "RawText": "아직 아트패널은 도착하지 않았지만 용량이 커서 시원하고 좋네요 세척기능이 있다고 해서 구매했네요",
    "Source": "SNS",
    "Domain": "가전",
    "MainCategory": "계절가전",
    "ProductName": "[알파데이](19형)삼성 비스포크 무풍 에어컨 클래식 스탠드형",
    "ReviewScore": "100",
    "Syllable": "53",
    "Word": "12",
    "RDate": "20210805",
    "GeneralPolarity": "1",
    "Aspects": [
      {
        "Aspect": "사이즈",
        "SentimentText": "용량이 커서 시원하고 좋네요",
        "SentimentWord": "4",
        "SentimentPolarity": "1"
      },
      {
        "Aspect": "기능",
        "SentimentText": " 시원하고 좋네요",
        "SentimentWord": "2",
        "SentimentPolarity": "1"
      },
      {
        "Aspect": "기능",
        "SentimentText": "세척기능이 있다고 해서 구매했네요",
        "SentimentWord": "4",
        "SentimentPolarity": "1"
      }
    ]
  },
  {
    "Index": "8476",
    "RawText": "일반인도 뚝딱 설치할 수 있다고 하여 시도해봤는데 너무 너무 설치하느라  애를 먹었어요ㅠㅠ 소음도 생각보다 너무 시끄러워서 틀기가 부담스럽네요",
    "Source": "SNS",
    "Domain": "가전",
    "MainCategory": "계절가전",
    "ProductName": "[알파데이](1등급)캐리어 울트라 인버터 창문형 에어컨(AWC07VULW)",
    "ReviewScore": "20",
    "Syllable": "79",
    "Word": "18",
    "RDate": "20210816",
    "Aspects": [
      {
        "Aspect": "조작성",
        "SentimentText": "일반인도 뚝딱 설치할 수 있다고 하여 시도해봤는데 너무 너무 설치하느라  애를 먹었어요ㅠㅠ",
        "SentimentWord": "12",
        "SentimentPolarity": "-1"
      },
      {
        "Aspect": "소음",
        "SentimentText": "소음도 생각보다 너무 시끄러워서 틀기가 부담스럽네요",
        "SentimentWord": "6",
        "SentimentPolarity": "-1"
      }
    ]
  },
  {
    "Index": "8477",
    "RawText": "금방 시원하고 좋습니다 생각보다 꽤 무거워서 약간 높은 창틀에는 혼자 장착하기에는 무리입니다",
    "Source": "SNS",
    "Domain": "가전",
    "MainCategory": "계절가전",
    "ProductName": "[알파데이](1등급)캐리어 울트라 인버터 창문형 에어컨(AWC07VULW)",
    "ReviewScore": "100",
    "Syllable": "51",
    "Word": "12",
    "RDate": "20210715",
    "GeneralPolarity": "1",
    "Aspects": [
      {
        "Aspect": "시간/속도",
        "SentimentText": "금방 시원하고 좋습니다",
        "SentimentWord": "3",
        "SentimentPolarity": "1"
      },
      {
        "Aspect": "무게",
        "SentimentText": "생각보다 꽤 무거워서 약간 높은 창틀에는 혼자 장착하기에는 무리입니다",
        "SentimentWord": "9",
        "SentimentPolarity": "-1"
      }
    ]
  },
  {
    "Index": "8478",
    "RawText": "소리도 작고 바람 방향 설정하기가 편해서 좋아요~ 조용히 시원하니 너무 좋네용",
    "Source": "SNS",
    "Domain": "가전",
    "MainCategory": "계절가전",
    "ProductName": "[알파데이](1등급)캐리어 울트라 인버터 창문형 에어컨(AWC07VULW)",
    "ReviewScore": "100",
    "Syllable": "43",
    "Word": "11",
    "RDate": "20210726",
    "GeneralPolarity": "1",
    "Aspects": [
      {
        "Aspect": "소음",
        "SentimentText": "소리도 작고 바람 방향 설정하기가 편해서 좋아요~",
        "SentimentWord": "7",
        "SentimentPolarity": "1"
      },
      {
        "Aspect": "편의성",
        "SentimentText": "바람 방향 설정하기가 편해서 좋아요~",
        "SentimentWord": "5",
        "SentimentPolarity": "1"
      },
      {
        "Aspect": "기능",
        "SentimentText": "조용히 시원하니 너무 좋네용",
        "SentimentWord": "4",
        "SentimentPolarity": "1"
      }
    ]
  },
  {
    "Index": "8479",
    "RawText": "소음도 안심하고 진짜 시원합니다 왜진작 안샀을까해요~^^  에어컨은 ooo죠~~",
    "Source": "SNS",
    "Domain": "가전",
    "MainCategory": "계절가전",
    "ProductName": "[알파데이](1등급)캐리어 울트라 인버터 창문형 에어컨(AWC07VULW)",
    "ReviewScore": "100",
    "Syllable": "44",
    "Word": "8",
    "RDate": "20210806",
    "GeneralPolarity": "1",
    "Aspects": [
      {
        "Aspect": "소음",
        "SentimentText": "소음도 안심하고 진짜 시원합니다",
        "SentimentWord": "4",
        "SentimentPolarity": "1"
      },
      {
        "Aspect": "기능",
        "SentimentText": "진짜 시원합니다",
        "SentimentWord": "2",
        "SentimentPolarity": "1"
      }
    ]
  },
  {
    "Index": "8480",
    "RawText": "자가 설치라.. 옛날 나무창틀이라서..조금 우왕좌왕  그래도 튼튼히 고정설치..ㅋㅋ 성능이 좋은지 시원합니다. 생각보다는 조용합니다. 소음 걱정은 안해도 됩니다.. 필요하신분 구매해도 좋을듯합니다.",
    "Source": "SNS",
    "Domain": "가전",
    "MainCategory": "계절가전",
    "ProductName": "[알파데이](1등급)캐리어 울트라 인버터 창문형 에어컨(AWC07VULW)",
    "ReviewScore": "100",
    "Syllable": "110",
    "Word": "20",
    "RDate": "20210723",
    "Aspects": [
      {
        "Aspect": "기능",
        "SentimentText": "성능이 좋은지 시원합니다.",
        "SentimentWord": "3",
        "SentimentPolarity": "1"
      },
      {
        "Aspect": "소음",
        "SentimentText": "생각보다는 조용합니다. 소음 걱정은 안해도 됩니다..",
        "SentimentWord": "6",
        "SentimentPolarity": "1"
      }
    ]
  },
  {
    "Index": "8481",
    "RawText": "창문이 2m가 넘어 설치하기가 너무 힘드네요 . 어렵게 설치했는데 만족합니다. 성능 좋은것 같습니다",
    "Source": "SNS",
    "Domain": "가전",
    "MainCategory": "계절가전",
    "ProductName": "[알파데이](1등급)캐리어 울트라 인버터 창문형 에어컨(AWC07VULW)",
    "ReviewScore": "100",
    "Syllable": "55",
    "Word": "13",
    "RDate": "20210720",
    "GeneralPolarity": "0",
    "Aspects": [
      {
        "Aspect": "조작성",
        "SentimentText": "창문이 2m가 넘어 설치하기가 너무 힘드네요 .",
        "SentimentWord": "7",
        "SentimentPolarity": "-1"
      },
      {
        "Aspect": "기능",
        "SentimentText": "어렵게 설치했는데 만족합니다. 성능 좋은것 같습니다",
        "SentimentWord": "6",
        "SentimentPolarity": "1"
      }
    ]
  },
  {
    "Index": "8482",
    "RawText": "제품 성능은 너무 좋네요  싸게 샀다고 좋아했는데 주변을 보니 더 저렴하게 구입해서 쓰고 있으니 열이 받네요 그러나 에어컨은 진짜 설치기사들이 양아치네요",
    "Source": "SNS",
    "Domain": "가전",
    "MainCategory": "계절가전",
    "ProductName": "LG 멀티형 에어컨 FQ17V8WWF2 기본설치무료 서울경기(지역별배송비확인)",
    "ReviewScore": "100",
    "Syllable": "85",
    "Word": "21",
    "RDate": "20190514",
    "Aspects": [
      {
        "Aspect": "기능",
        "SentimentText": "제품 성능은 너무 좋네요 ",
        "SentimentWord": "4",
        "SentimentPolarity": "1"
      },
      {
        "Aspect": "가격",
        "SentimentText": "싸게 샀다고 좋아했는데 주변을 보니 더 저렴하게 구입해서 쓰고 있으니 열이 받네요",
        "SentimentWord": "12",
        "SentimentPolarity": "-1"
      }
    ]
  },
  {
    "Index": "8483",
    "RawText": "가격이너무싸서별기대없이샀는데 생각보다시원하고조용하네요~~ 적립금사용해서1900원으로 저렴하게 샀어요~~^^",
    "Source": "SNS",
    "Domain": "가전",
    "MainCategory": "계절가전",
    "ProductName": "길리 에어 서큘레이터 (BEL-10CT-A) 화이트",
    "ReviewScore": "100",
    "Syllable": "59",
    "Word": "5",
    "RDate": "20190519",
    "GeneralPolarity": "1",
    "Aspects": [
      {
        "Aspect": "기능",
        "SentimentText": "생각보다시원하고조용하네요~~",
        "SentimentWord": "1",
        "SentimentPolarity": "1"
      },
      {
        "Aspect": "소음",
        "SentimentText": "조용하네요~~",
        "SentimentWord": "1",
        "SentimentPolarity": "1"
      },
      {
        "Aspect": "가격",
        "SentimentText": "적립금사용해서1900원으로 저렴하게 샀어요~~^^",
        "SentimentWord": "3",
        "SentimentPolarity": "1"
      }
    ]
  },
  {
    "Index": "8484",
    "RawText": "디자인이 간편하고 괜찮아요. 심플하니 괜찮아요. 촤저가로 산거같아요. ㅎㅎ 너무 감사합니다.",
    "Source": "SNS",
    "Domain": "가전",
    "MainCategory": "계절가전",
    "ProductName": "길리 에어 서큘레이터 (BEL-10CT-A) 화이트",
    "ReviewScore": "100",
    "Syllable": "51",
    "Word": "10",
    "RDate": "20190521",
    "GeneralPolarity": "1",
    "Aspects": [
      {
        "Aspect": "디자인",
        "SentimentText": "디자인이 간편하고 괜찮아요. 심플하니 괜찮아요.",
        "SentimentWord": "5",
        "SentimentPolarity": "1"
      },
      {
        "Aspect": "가격",
        "SentimentText": "촤저가로 산거같아요. ㅎㅎ 너무 감사합니다.",
        "SentimentWord": "5",
        "SentimentPolarity": "1"
      }
    ]
  },
  {
    "Index": "8485",
    "RawText": "생각보단 작은싸이즈인디 바람이 쎄네요 바람이직진이라 성능좋아요",
    "Source": "SNS",
    "Domain": "가전",
    "MainCategory": "계절가전",
    "ProductName": "길리 에어 서큘레이터 (BEL-10CT-A) 화이트",
    "ReviewScore": "100",
    "Syllable": "34",
    "Word": "6",
    "RDate": "20190521",
    "GeneralPolarity": "1",
    "Aspects": [
      {
        "Aspect": "기능",
        "SentimentText": "생각보단 작은싸이즈인디 바람이 쎄네요",
        "SentimentWord": "4",
        "SentimentPolarity": "1"
      },
      {
        "Aspect": "기능",
        "SentimentText": "바람이직진이라 성능좋아요",
        "SentimentWord": "2",
        "SentimentPolarity": "1"
      }
    ]
  },
  {
    "Index": "8486",
    "RawText": "시원하고 편리해서 아주좋아요 공간도 많이차지않아서~~",
    "Source": "SNS",
    "Domain": "가전",
    "MainCategory": "계절가전",
    "ProductName": "길리 에어 서큘레이터 (BEL-10CT-A) 화이트",
    "ReviewScore": "100",
    "Syllable": "29",
    "Word": "5",
    "RDate": "20190630",
    "GeneralPolarity": "1",
    "Aspects": [
      {
        "Aspect": "기능",
        "SentimentText": "시원하고 편리해서 아주좋아요",
        "SentimentWord": "3",
        "SentimentPolarity": "1"
      },
      {
        "Aspect": "편의성",
        "SentimentText": "편리해서 아주좋아요",
        "SentimentWord": "2",
        "SentimentPolarity": "1"
      },
      {
        "Aspect": "사이즈",
        "SentimentText": "공간도 많이차지않아서~~",
        "SentimentWord": "2",
        "SentimentPolarity": "1"
      }
    ]
  },
  {
    "Index": "8487",
    "RawText": "아이들방에둘거라크기도적당하고바람도쎄서좋아요~근데한가지타이머가없네요~고거하나빼고다맘에들어요~^^",
    "Source": "SNS",
    "Domain": "가전",
    "MainCategory": "계절가전",
    "ProductName": "길리 에어 서큘레이터 (BEL-10CT-A) 화이트",
    "ReviewScore": "100",
    "Syllable": "52",
    "Word": "1",
    "RDate": "20190522",
    "GeneralPolarity": "1",
    "Aspects": [
      {
        "Aspect": "사이즈",
        "SentimentText": "아이들방에둘거라크기도적당하고",
        "SentimentWord": "1",
        "SentimentPolarity": "1"
      },
      {
        "Aspect": "기능",
        "SentimentText": "바람도쎄서좋아요~",
        "SentimentWord": "1",
        "SentimentPolarity": "1"
      },
      {
        "Aspect": "기능",
        "SentimentText": "근데한가지타이머가없네요~고거하나빼고다맘에들어요~^^",
        "SentimentWord": "1",
        "SentimentPolarity": "-1"
      }
    ]
  },
  {
    "Index": "8488",
    "RawText": "사이즈가 작아서 주방에서 편하게 쓰고있어요 단점은 수동이라서 좀아쉽네요",
    "Source": "SNS",
    "Domain": "가전",
    "MainCategory": "계절가전",
    "ProductName": "길리 에어 서큘레이터 (BEL-10CT-A) 화이트",
    "ReviewScore": "100",
    "Syllable": "39",
    "Word": "8",
    "RDate": "20190627",
    "GeneralPolarity": "0",
    "Aspects": [
      {
        "Aspect": "사이즈",
        "SentimentText": "사이즈가 작아서 주방에서 편하게 쓰고있어요 ",
        "SentimentWord": "5",
        "SentimentPolarity": "1"
      },
      {
        "Aspect": "편의성",
        "SentimentText": "단점은 수동이라서 좀아쉽네요",
        "SentimentWord": "3",
        "SentimentPolarity": "-1"
      }
    ]
  },
  {
    "Index": "8489",
    "RawText": "작지만 세네요. 생각보다 바람이 세고 멀리 가요. 가성비 굿굿~ 같은거 하나 더 사서 쓸까 생각중입니다. 핫딜 또 해주세요~",
    "Source": "SNS",
    "Domain": "가전",
    "MainCategory": "계절가전",
    "ProductName": "길리 에어 서큘레이터 (BEL-10CT-A) 화이트",
    "ReviewScore": "100",
    "Syllable": "69",
    "Word": "18",
    "RDate": "20190612",
    "GeneralPolarity": "1",
    "Aspects": [
      {
        "Aspect": "기능",
        "SentimentText": "생각보다 바람이 세고 멀리 가요. ",
        "SentimentWord": "5",
        "SentimentPolarity": "1"
      },
      {
        "Aspect": "가격",
        "SentimentText": "가성비 굿굿~ ",
        "SentimentWord": "2",
        "SentimentPolarity": "1"
      }
    ]
  },
  {
    "Index": "8490",
    "RawText": "저렴한 가격에 구매했어요. 단점은 2단에서 소음이 크게 나요.1단은 조용합니다.",
    "Source": "SNS",
    "Domain": "가전",
    "MainCategory": "계절가전",
    "ProductName": "길리 에어 서큘레이터 (BEL-10CT-A) 화이트",
    "ReviewScore": "80",
    "Syllable": "44",
    "Word": "9",
    "RDate": "20190523",
    "GeneralPolarity": "0",
    "Aspects": [
      {
        "Aspect": "가격",
        "SentimentText": "저렴한 가격에 구매했어요. ",
        "SentimentWord": "3",
        "SentimentPolarity": "1"
      },
      {
        "Aspect": "소음",
        "SentimentText": "단점은 2단에서 소음이 크게 나요.",
        "SentimentWord": "5",
        "SentimentPolarity": "-1"
      }
    ]
  },
  {
    "Index": "8491",
    "RawText": "착한가격에 구매했네요. 단점은 수동이에요.        ",
    "Source": "SNS",
    "Domain": "가전",
    "MainCategory": "계절가전",
    "ProductName": "길리 에어 서큘레이터 (BEL-10CT-A) 화이트",
    "ReviewScore": "100",
    "Syllable": "31",
    "Word": "4",
    "RDate": "20190522",
    "GeneralPolarity": "0",
    "Aspects": [
      {
        "Aspect": "가격",
        "SentimentText": "착한가격에 구매했네요.",
        "SentimentWord": "2",
        "SentimentPolarity": "1"
      },
      {
        "Aspect": "편의성",
        "SentimentText": "단점은 수동이에요.",
        "SentimentWord": "2",
        "SentimentPolarity": "-1"
      }
    ]
  },
  {
    "Index": "8492",
    "RawText": "크기 바람세기 일단이단 있고  아주만족합니다 회전안되는게  쬐금 아쉽긴하지만 ㅡㅡ",
    "Source": "SNS",
    "Domain": "가전",
    "MainCategory": "계절가전",
    "ProductName": "길리 에어 서큘레이터 (BEL-10CT-A) 화이트",
    "ReviewScore": "100",
    "Syllable": "45",
    "Word": "9",
    "RDate": "20190601",
    "GeneralPolarity": "0",
    "Aspects": [
      {
        "Aspect": "사이즈",
        "SentimentText": "크기 바람세기 일단이단 있고  아주만족합니다",
        "SentimentWord": "5",
        "SentimentPolarity": "1"
      },
      {
        "Aspect": "기능",
        "SentimentText": "바람세기 일단이단 있고  아주만족합니다",
        "SentimentWord": "4",
        "SentimentPolarity": "1"
      },
      {
        "Aspect": "편의성",
        "SentimentText": "회전안되는게  쬐금 아쉽긴하지만 ㅡㅡ",
        "SentimentWord": "4",
        "SentimentPolarity": "-1"
      }
    ]
  },
  {
    "Index": "8493",
    "RawText": "설치 배송도 친절하게 깔끔하게 잘되었다 .  ooo회사 유명하니 믿고 구입했어요~ 성능이 좋아서 올여름 시원하게 잘 보낼수 있게 될것같다",
    "Source": "SNS",
    "Domain": "가전",
    "MainCategory": "계절가전",
    "ProductName": "대우 클라쎄 벽걸이 에어컨 (10형) TDOZ-S10JK",
    "ReviewScore": "100",
    "Syllable": "76",
    "Word": "18",
    "RDate": "20190516",
    "Aspects": [
      {
        "Aspect": "제조일/제조사",
        "SentimentText": "ooo회사 유명하니 믿고 구입했어요~",
        "SentimentWord": "4",
        "SentimentPolarity": "1"
      },
      {
        "Aspect": "기능",
        "SentimentText": " 성능이 좋아서 올여름 시원하게 잘 보낼수 있게 될것같다",
        "SentimentWord": "8",
        "SentimentPolarity": "1"
      }
    ]
  },
  {
    "Index": "8494",
    "RawText": "기사님 친절하시고 설치도 빨리 받았습니다 추가비용없이 설치했네요 포인트 되는 하늘색이 더 쉬원하게 보여서 좋네요 쾌적 기능이 있어 말 그대로 쾌적하게 여름을 보내고 있어요",
    "Source": "SNS",
    "Domain": "가전",
    "MainCategory": "계절가전",
    "ProductName": "대우 클라쎄 벽걸이 에어컨 (6형) DOZ-S06JK",
    "ReviewScore": "100",
    "Syllable": "95",
    "Word": "23",
    "RDate": "20190604",
    "Aspects": [
      {
        "Aspect": "색상",
        "SentimentText": "포인트 되는 하늘색이 더 쉬원하게 보여서 좋네요",
        "SentimentWord": "7",
        "SentimentPolarity": "1"
      },
      {
        "Aspect": "기능",
        "SentimentText": "쾌적 기능이 있어 말 그대로 쾌적하게 여름을 보내고 있어요",
        "SentimentWord": "9",
        "SentimentPolarity": "1"
      }
    ]
  },
  {
    "Index": "8495",
    "RawText": "배송도 생각보다 빠르구 설치 기사님도 친절하시구 좋아요~ 화이트와 시원하 블루의 데코레이션이 절묘하게 어울려서 색상이 예쁩니다~ 6평형이라 사이즈가 조금 아쉽네요 좀 더 큰걸 살걸",
    "Source": "SNS",
    "Domain": "가전",
    "MainCategory": "계절가전",
    "ProductName": "대우 클라쎄 벽걸이 에어컨 (6형) DOZ-S06JK",
    "ReviewScore": "100",
    "Syllable": "100",
    "Word": "23",
    "RDate": "20190515",
    "Aspects": [
      {
        "Aspect": "색상",
        "SentimentText": "화이트와 시원하 블루의 데코레이션이 절묘하게 어울려서 색상이 예쁩니다~",
        "SentimentWord": "8",
        "SentimentPolarity": "1"
      },
      {
        "Aspect": "사이즈",
        "SentimentText": "6평형이라 사이즈가 조금 아쉽네요 좀 더 큰걸 살걸",
        "SentimentWord": "8",
        "SentimentPolarity": "-1"
      }
    ]
  },
  {
    "Index": "8496",
    "RawText": "설치 빠르고 좋았어요 에어컨 정상적으로 작동도 잘 되네요  에어컨 온도에 따라 led 빛이 보이는 기능이 있어서 실내온도를 바로 알 수 있어서 좋네요",
    "Source": "SNS",
    "Domain": "가전",
    "MainCategory": "계절가전",
    "ProductName": "대우 클라쎄 벽걸이 에어컨 (6형) DOZ-S06JK",
    "ReviewScore": "100",
    "Syllable": "83",
    "Word": "22",
    "RDate": "20190522",
    "Aspects": [
      {
        "Aspect": "품질",
        "SentimentText": "에어컨 정상적으로 작동도 잘 되네요 ",
        "SentimentWord": "5",
        "SentimentPolarity": "1"
      },
      {
        "Aspect": "기능",
        "SentimentText": "에어컨 온도에 따라 led 빛이 보이는 기능이 있어서 실내온도를 바로 알 수 있어서 좋네요",
        "SentimentWord": "14",
        "SentimentPolarity": "1"
      }
    ]
  },
  {
    "Index": "8497",
    "RawText": "에어컨 이주 빵빵 만족합니다.  사은품이 에어써큐레이터라서 좋아요.",
    "Source": "SNS",
    "Domain": "가전",
    "MainCategory": "계절가전",
    "ProductName": "대우 클라쎄 벽걸이 에어컨 (6형) DOZ-S06JK",
    "ReviewScore": "100",
    "Syllable": "37",
    "Word": "7",
    "RDate": "20190606",
    "GeneralPolarity": "1",
    "Aspects": [
      {
        "Aspect": "기능",
        "SentimentText": "에어컨 이주 빵빵 만족합니다.  ",
        "SentimentWord": "4",
        "SentimentPolarity": "1"
      },
      {
        "Aspect": "제품구성",
        "SentimentText": "사은품이 에어써큐레이터라서 좋아요.",
        "SentimentWord": "3",
        "SentimentPolarity": "1"
      }
    ]
  },
  {
    "Index": "8498",
    "RawText": "가격대비 가성비 좋아요 성능도 월등히 좋아요 덕분에 올여름 시원하게 지내고 있어요",
    "Source": "SNS",
    "Domain": "가전",
    "MainCategory": "계절가전",
    "ProductName": "대웅 3D 입체회전 스탠드 리모컨  써큘레이터(고급형)_CZ-SC4467R",
    "ReviewScore": "100",
    "Syllable": "45",
    "Word": "11",
    "RDate": "20210810",
    "Aspects": [
      {
        "Aspect": "가격",
        "SentimentText": "가격대비 가성비 좋아요",
        "SentimentWord": "3",
        "SentimentPolarity": "1"
      },
      {
        "Aspect": "기능",
        "SentimentText": "성능도 월등히 좋아요",
        "SentimentWord": "3",
        "SentimentPolarity": "1"
      }
    ]
  },
  {
    "Index": "8499",
    "RawText": "봉이 2개 있어 높이 조절이 가능하고 작지만 바람이 시원하고 무겁지 않아서 좋아요~~ 디자인도 세련되고 귀엽네요~~^^ 작아서 바람이 약하지 않을까 걱정했는데 3단계 조절 가능해서 만족합니다~~",
    "Source": "SNS",
    "Domain": "가전",
    "MainCategory": "계절가전",
    "ProductName": "대웅 3D 입체회전 스탠드 리모컨  써큘레이터(고급형)_CZ-SC4467R",
    "ReviewScore": "100",
    "Syllable": "108",
    "Word": "24",
    "RDate": "20210803",
    "GeneralPolarity": "1",
    "Aspects": [
      {
        "Aspect": "편의성",
        "SentimentText": "봉이 2개 있어 높이 조절이 가능하고",
        "SentimentWord": "6",
        "SentimentPolarity": "1"
      },
      {
        "Aspect": "사이즈",
        "SentimentText": "작지만 바람이 시원하고 ",
        "SentimentWord": "3",
        "SentimentPolarity": "1"
      },
      {
        "Aspect": "기능",
        "SentimentText": "바람이 시원하고",
        "SentimentWord": "2",
        "SentimentPolarity": "1"
      },
      {
        "Aspect": "무게",
        "SentimentText": "무겁지 않아서 좋아요~~",
        "SentimentWord": "3",
        "SentimentPolarity": "1"
      },
      {
        "Aspect": "디자인",
        "SentimentText": "디자인도 세련되고 귀엽네요~~^^",
        "SentimentWord": "3",
        "SentimentPolarity": "1"
      },
      {
        "Aspect": "기능",
        "SentimentText": "3단계 조절 가능해서 만족합니다~~",
        "SentimentWord": "4",
        "SentimentPolarity": "1"
      }
    ]
  },
  {
    "Index": "8500",
    "RawText": "빠른 배송과 긴편한 조립, 리모콘, 3단 높이 조절 등에 있어서는 만족한 편이였으나, 3단계로 풍속을 높였을 경우  날개회전음이 너무 큰 단점이 있습니다. 그래도 가성비 대비 별4개는 줄 수 있을듯 싶네요",
    "Source": "SNS",
    "Domain": "가전",
    "MainCategory": "계절가전",
    "ProductName": "대웅 3D 입체회전 스탠드 리모컨  써큘레이터(고급형)_CZ-SC4467R",
    "ReviewScore": "80",
    "Syllable": "114",
    "Word": "29",
    "RDate": "20210624",
    "Aspects": [
      {
        "Aspect": "조작성",
        "SentimentText": "긴편한 조립, ",
        "SentimentWord": "2",
        "SentimentPolarity": "1"
      },
      {
        "Aspect": "편의성",
        "SentimentText": " 리모콘, 3단 높이 조절 등에 있어서는 만족한 편이였으나, ",
        "SentimentWord": "8",
        "SentimentPolarity": "1"
      },
      {
        "Aspect": "소음",
        "SentimentText": "단계로 풍속을 높였을 경우  날개회전음이 너무 큰 단점이 있습니다. ",
        "SentimentWord": "9",
        "SentimentPolarity": "-1"
      },
      {
        "Aspect": "가격",
        "SentimentText": "그래도 가성비 대비 별4개는 줄 수 있을듯 싶네요",
        "SentimentWord": "8",
        "SentimentPolarity": "1"
      }
    ]
  },
  {
    "Index": "8501",
    "RawText": "정말조용합니다 스텐드스틱을빼고쓰니까바닥에서잘때 넘좋아요",
    "Source": "SNS",
    "Domain": "가전",
    "MainCategory": "계절가전",
    "ProductName": "대웅 3D 입체회전 스탠드 리모컨  써큘레이터(고급형)_CZ-SC4467R",
    "ReviewScore": "80",
    "Syllable": "30",
    "Word": "3",
    "RDate": "20210713",
    "GeneralPolarity": "1",
    "Aspects": [
      {
        "Aspect": "소음",
        "SentimentText": "정말조용합니다 ",
        "SentimentWord": "1",
        "SentimentPolarity": "1"
      },
      {
        "Aspect": "편의성",
        "SentimentText": "스텐드스틱을빼고쓰니까바닥에서잘때 넘좋아요",
        "SentimentWord": "2",
        "SentimentPolarity": "1"
      }
    ]
  },
  {
    "Index": "8502",
    "RawText": "헤드에 그을린듯한 자국도 있고요 회전해서 끝까지 갔을때 드르륵 하는 소리도 나고 박스 상태가 반품한걸 다시 보낸것같은 느낌이 드네요  덥고 귀찮아서 그냥 씁니다 이래서 비싸도 브랜드를 쓰나봅니다",
    "Source": "SNS",
    "Domain": "가전",
    "MainCategory": "계절가전",
    "ProductName": "대웅 3D 입체회전 스탠드 리모컨  써큘레이터(고급형)_CZ-SC4467R",
    "ReviewScore": "20",
    "Syllable": "108",
    "Word": "26",
    "RDate": "20210623",
    "Aspects": [
      {
        "Aspect": "품질",
        "SentimentText": "헤드에 그을린듯한 자국도 있고요 ",
        "SentimentWord": "4",
        "SentimentPolarity": "-1"
      },
      {
        "Aspect": "소음",
        "SentimentText": "회전해서 끝까지 갔을때 드르륵 하는 소리도 나고",
        "SentimentWord": "7",
        "SentimentPolarity": "-1"
      }
    ]
  },
  {
    "Index": "8503",
    "RawText": "가격이  너무 착해 불안했는데 사용해보니 가성비 갑! 갑!! 비싼거 살필요없네요 기능이 최고입니다.",
    "Source": "SNS",
    "Domain": "가전",
    "MainCategory": "계절가전",
    "ProductName": "대웅 3D 입체회전 스탠드 리모컨  써큘레이터/CZ-A09C",
    "ReviewScore": "100",
    "Syllable": "55",
    "Word": "12",
    "RDate": "20210730",
    "GeneralPolarity": "1",
    "Aspects": [
      {
        "Aspect": "가격",
        "SentimentText": "가격이  너무 착해 불안했는데 사용해보니 가성비 갑! 갑!!",
        "SentimentWord": "8",
        "SentimentPolarity": "1"
      },
      {
        "Aspect": "기능",
        "SentimentText": "비싼거 살필요없네요 기능이 최고입니다. ",
        "SentimentWord": "4",
        "SentimentPolarity": "1"
      }
    ]
  },
  {
    "Index": "8504",
    "RawText": "가성비 정말 좋아요.너무 좋아요. 동일제품 최저가네요. 추가구매..  추천합니다.",
    "Source": "SNS",
    "Domain": "가전",
    "MainCategory": "계절가전",
    "ProductName": "대웅 3D 입체회전 스탠드 리모컨  써큘레이터/CZ-A09C",
    "ReviewScore": "100",
    "Syllable": "45",
    "Word": "8",
    "RDate": "20210720",
    "GeneralPolarity": "1",
    "Aspects": [
      {
        "Aspect": "가격",
        "SentimentText": "가성비 정말 좋아요.",
        "SentimentWord": "3",
        "SentimentPolarity": "1"
      },
      {
        "Aspect": "가격",
        "SentimentText": "너무 좋아요. 동일제품 최저가네요. ",
        "SentimentWord": "4",
        "SentimentPolarity": "1"
      }
    ]
  },
  {
    "Index": "8505",
    "RawText": "바람이 시원하고 좋습니다. 공기 순환도 잘 되는 것 같습니다. 쾌적하게 잘 쓰고 있어요.",
    "Source": "SNS",
    "Domain": "가전",
    "MainCategory": "계절가전",
    "ProductName": "대웅 3D 입체회전 스탠드 리모컨  써큘레이터/CZ-A09C",
    "ReviewScore": "100",
    "Syllable": "49",
    "Word": "13",
    "RDate": "20210803",
    "GeneralPolarity": "1",
    "Aspects": [
      {
        "Aspect": "기능",
        "SentimentText": "바람이 시원하고 좋습니다. ",
        "SentimentWord": "3",
        "SentimentPolarity": "1"
      },
      {
        "Aspect": "기능",
        "SentimentText": "공기 순환도 잘 되는 것 같습니다",
        "SentimentWord": "6",
        "SentimentPolarity": "1"
      }
    ]
  },
  {
    "Index": "8506",
    "RawText": "소음이 생각보다 작게나고 사이즈 대비 바람세기도 만족해요  회전반경이 좋아 기존 선풍기보다 넓게 시원해져좋아요",
    "Source": "SNS",
    "Domain": "가전",
    "MainCategory": "계절가전",
    "ProductName": "대웅 3D 입체회전 스탠드 리모컨  써큘레이터/CZ-A09C",
    "ReviewScore": "100",
    "Syllable": "61",
    "Word": "13",
    "RDate": "20210813",
    "GeneralPolarity": "1",
    "Aspects": [
      {
        "Aspect": "소음",
        "SentimentText": "소음이 생각보다 작게나고",
        "SentimentWord": "3",
        "SentimentPolarity": "1"
      },
      {
        "Aspect": "기능",
        "SentimentText": "사이즈 대비 바람세기도 만족해요",
        "SentimentWord": "4",
        "SentimentPolarity": "1"
      },
      {
        "Aspect": "기능",
        "SentimentText": "회전반경이 좋아 기존 선풍기보다 넓게 시원해져좋아요",
        "SentimentWord": "6",
        "SentimentPolarity": "1"
      }
    ]
  },
  {
    "Index": "8507",
    "RawText": "선풍기보다 시원하고 좋아요! 배송도 빠르고요 거실에 사용중인데 크기가 작지만 훨씬 시원해요!",
    "Source": "SNS",
    "Domain": "가전",
    "MainCategory": "계절가전",
    "ProductName": "대웅 3D 입체회전 스탠드 리모컨  써큘레이터/CZ-A09C",
    "ReviewScore": "100",
    "Syllable": "51",
    "Word": "11",
    "RDate": "20210729",
    "Aspects": [
      {
        "Aspect": "기능",
        "SentimentText": "선풍기보다 시원하고 좋아요!",
        "SentimentWord": "3",
        "SentimentPolarity": "1"
      },
      {
        "Aspect": "사이즈",
        "SentimentText": "거실에 사용중인데 크기가 작지만 훨씬 시원해요!",
        "SentimentWord": "6",
        "SentimentPolarity": "1"
      }
    ]
  },
  {
    "Index": "8508",
    "RawText": "일반선풍기와는달리 같은1단이라도 바람이강하고 일단360도회전이되어 너무좋내요ㅎ 디자인도깔끔하고 크기도적당하고 높이도조절할수있어 참좋아요~^^",
    "Source": "SNS",
    "Domain": "가전",
    "MainCategory": "계절가전",
    "ProductName": "대웅 3D 입체회전 스탠드 리모컨  써큘레이터/CZ-A09C",
    "ReviewScore": "100",
    "Syllable": "78",
    "Word": "9",
    "RDate": "20210803",
    "GeneralPolarity": "1",
    "Aspects": [
      {
        "Aspect": "기능",
        "SentimentText": "일반선풍기와는달리 같은1단이라도 바람이강하고",
        "SentimentWord": "3",
        "SentimentPolarity": "1"
      },
      {
        "Aspect": "기능",
        "SentimentText": "일단360도회전이되어 너무좋내요ㅎ",
        "SentimentWord": "2",
        "SentimentPolarity": "1"
      },
      {
        "Aspect": "디자인",
        "SentimentText": "디자인도깔끔하고 ",
        "SentimentWord": "1",
        "SentimentPolarity": "1"
      },
      {
        "Aspect": "사이즈",
        "SentimentText": "크기도적당하고 ",
        "SentimentWord": "1",
        "SentimentPolarity": "1"
      },
      {
        "Aspect": "편의성",
        "SentimentText": "높이도조절할수있어 참좋아요~^^",
        "SentimentWord": "2",
        "SentimentPolarity": "1"
      }
    ]
  },
  {
    "Index": "8509",
    "RawText": "확실히 시원해요 다소 시끄럽지만 리모컨과 바람세기 3단조절  상하좌우회전기능 넘나 편리해요",
    "Source": "SNS",
    "Domain": "가전",
    "MainCategory": "계절가전",
    "ProductName": "대웅 3D 입체회전 스탠드 리모컨  써큘레이터/CZ-A09C",
    "ReviewScore": "100",
    "Syllable": "50",
    "Word": "10",
    "RDate": "20210816",
    "GeneralPolarity": "1",
    "Aspects": [
      {
        "Aspect": "기능",
        "SentimentText": "확실히 시원해요",
        "SentimentWord": "2",
        "SentimentPolarity": "1"
      },
      {
        "Aspect": "소음",
        "SentimentText": "다소 시끄럽지만",
        "SentimentWord": "2",
        "SentimentPolarity": "-1"
      },
      {
        "Aspect": "편의성",
        "SentimentText": "리모컨과 바람세기 3단조절  상하좌우회전기능 넘나 편리해요",
        "SentimentWord": "6",
        "SentimentPolarity": "1"
      }
    ]
  },
  {
    "Index": "8510",
    "RawText": "1,2단은 조용 3단 소음꽤큼. 360도회전아닙니다.  상하 좌우되긴하는데 폭이좁음. 같은OOO5만원짜리랑 비교해서  날개가 작고  높낮이 조절수동 타이머안돼 너무 불편합니다. 참고하세요.",
    "Source": "SNS",
    "Domain": "가전",
    "MainCategory": "계절가전",
    "ProductName": "대웅 3D입체회전 써큘레이터 선풍기CZ-C4002M",
    "ReviewScore": "40",
    "Syllable": "105",
    "Word": "18",
    "RDate": "20210807",
    "Aspects": [
      {
        "Aspect": "소음",
        "SentimentText": "1,2단은 조용 3단 소음꽤큼.",
        "SentimentWord": "4",
        "SentimentPolarity": "-1"
      },
      {
        "Aspect": "편의성",
        "SentimentText": "360도회전아닙니다. ",
        "SentimentWord": "1",
        "SentimentPolarity": "-1"
      },
      {
        "Aspect": "사이즈",
        "SentimentText": "날개가 작고",
        "SentimentWord": "2",
        "SentimentPolarity": "0"
      },
      {
        "Aspect": "편의성",
        "SentimentText": "높낮이 조절수동 타이머안돼 너무 불편합니다",
        "SentimentWord": "5",
        "SentimentPolarity": "-1"
      }
    ]
  },
  {
    "Index": "8511",
    "RawText": "교환이든 반품이든 해주세요  산지 얼마 안됐는데 벌써부터 전선 불량이면 어떻해요 회전운하면 선풍기가 꺼지고 그러네요",
    "Source": "SNS",
    "Domain": "가전",
    "MainCategory": "계절가전",
    "ProductName": "대웅 3D입체회전 써큘레이터 선풍기CZ-C4002M",
    "ReviewScore": "10",
    "Syllable": "64",
    "Word": "14",
    "RDate": "20210804",
    "GeneralPolarity": "-1",
    "Aspects": [
      {
        "Aspect": "품질",
        "SentimentText": "교환이든 반품이든 해주세요  산지 얼마 안됐는데 벌써부터 전선 불량이면 어떻해요",
        "SentimentWord": "10",
        "SentimentPolarity": "-1"
      },
      {
        "Aspect": "품질",
        "SentimentText": "회전운하면 선풍기가 꺼지고 그러네요",
        "SentimentWord": "4",
        "SentimentPolarity": "-1"
      }
    ]
  },
  {
    "Index": "8512",
    "RawText": "다른셔큘레이터보다 바람이 좀더쎄고 시원해요  하지만소음이 좀있는편이라 별하나빼요",
    "Source": "SNS",
    "Domain": "가전",
    "MainCategory": "계절가전",
    "ProductName": "대웅 3D입체회전 써큘레이터 선풍기CZ-C4002M",
    "ReviewScore": "80",
    "Syllable": "44",
    "Word": "7",
    "RDate": "20210810",
    "GeneralPolarity": "0",
    "Aspects": [
      {
        "Aspect": "기능",
        "SentimentText": "다른셔큘레이터보다 바람이 좀더쎄고 시원해요",
        "SentimentWord": "4",
        "SentimentPolarity": "1"
      },
      {
        "Aspect": "소음",
        "SentimentText": " 하지만소음이 좀있는편이라 별하나빼요",
        "SentimentWord": "3",
        "SentimentPolarity": "-1"
      }
    ]
  },
  {
    "Index": "8513",
    "RawText": "반품요청했습니다. 제품 불량인듯합니다. 축이 기울져 잇어서 수평이 맞지않음",
    "Source": "SNS",
    "Domain": "가전",
    "MainCategory": "계절가전",
    "ProductName": "대웅 3D입체회전 써큘레이터 선풍기CZ-C4002M",
    "ReviewScore": "10",
    "Syllable": "41",
    "Word": "8",
    "RDate": "20210807",
    "GeneralPolarity": "-1",
    "Aspects": [
      {
        "Aspect": "품질",
        "SentimentText": "반품요청했습니다. 제품 불량인듯합니다. ",
        "SentimentWord": "3",
        "SentimentPolarity": "-1"
      },
      {
        "Aspect": "품질",
        "SentimentText": "축이 기울져 잇어서 수평이 맞지않음",
        "SentimentWord": "5",
        "SentimentPolarity": "-1"
      }
    ]
  },
  {
    "Index": "8514",
    "RawText": "요리 시 환기때도 좋지만 그냥 선풍기로 써도 기능이 좋아요ㅋㅋㅋ 제품 디자인도 만족합니다.",
    "Source": "SNS",
    "Domain": "가전",
    "MainCategory": "계절가전",
    "ProductName": "대웅 3D입체회전 써큘레이터 선풍기CZ-C4002M",
    "ReviewScore": "100",
    "Syllable": "50",
    "Word": "12",
    "RDate": "20210803",
    "GeneralPolarity": "1",
    "Aspects": [
      {
        "Aspect": "기능",
        "SentimentText": "요리 시 환기때도 좋지만 그냥 선풍기로 써도 기능이 좋아요ㅋㅋㅋ",
        "SentimentWord": "9",
        "SentimentPolarity": "1"
      },
      {
        "Aspect": "디자인",
        "SentimentText": "제품 디자인도 만족합니다. ",
        "SentimentWord": "3",
        "SentimentPolarity": "1"
      }
    ]
  },
  {
    "Index": "8515",
    "RawText": "이거 가격 만큼이네요.ㅡㅡ 실망입니다.  설명서가 너무 허접하네요",
    "Source": "SNS",
    "Domain": "가전",
    "MainCategory": "계절가전",
    "ProductName": "메디하임 8L 대용량 냉풍기 에어쿨러 이동식 에어컨 MAC-85",
    "ReviewScore": "50",
    "Syllable": "36",
    "Word": "7",
    "RDate": "20210520",
    "GeneralPolarity": "-1",
    "Aspects": [
      {
        "Aspect": "가격",
        "SentimentText": "이거 가격 만큼이네요.ㅡㅡ 실망입니다. ",
        "SentimentWord": "4",
        "SentimentPolarity": "-1"
      },
      {
        "Aspect": "제품구성",
        "SentimentText": "설명서가 너무 허접하네요",
        "SentimentWord": "3",
        "SentimentPolarity": "-1"
      }
    ]
  },
  {
    "Index": "8516",
    "RawText": "소리는 큰데 바람은 적게 나오는 기대보다 실망 사용해서 반품도 못하고 그냥 넣어놓은 상태   ",
    "Source": "SNS",
    "Domain": "가전",
    "MainCategory": "계절가전",
    "ProductName": "미니 에어컨 냉풍기 에어쿨러 선풍기 WAM-A500T",
    "ReviewScore": "60",
    "Syllable": "52",
    "Word": "13",
    "RDate": "20190901",
    "Aspects": [
      {
        "Aspect": "소음",
        "SentimentText": "소리는 큰데 바람은 적게 나오는 기대보다 실망",
        "SentimentWord": "7",
        "SentimentPolarity": "-1"
      },
      {
        "Aspect": "기능",
        "SentimentText": "바람은 적게 나오는 기대보다 실망",
        "SentimentWord": "5",
        "SentimentPolarity": "-1"
      }
    ]
  },
  {
    "Index": "8517",
    "RawText": "작 고깜찍하고 따뜻한데  아주사용학 편해서좋네요",
    "Source": "SNS",
    "Domain": "가전",
    "MainCategory": "계절가전",
    "ProductName": "바툼 핫큘레이터T(블랙) 1+1세트",
    "ReviewScore": "100",
    "Syllable": "26",
    "Word": "5",
    "RDate": "20220124",
    "GeneralPolarity": "1",
    "Aspects": [
      {
        "Aspect": "사이즈",
        "SentimentText": "작 고깜찍하고 따뜻한데 ",
        "SentimentWord": "3",
        "SentimentPolarity": "1"
      },
      {
        "Aspect": "기능",
        "SentimentText": "따뜻한데  아주사용학 편해서좋네요",
        "SentimentWord": "3",
        "SentimentPolarity": "1"
      },
      {
        "Aspect": "편의성",
        "SentimentText": "아주사용학 편해서좋네요",
        "SentimentWord": "2",
        "SentimentPolarity": "1"
      }
    ]
  },
  {
    "Index": "8518",
    "RawText": "배송이 빠르고  냉매 팩을 더 장착하면 좀 더 쉬원할 거 같은데 그 부분이 아쉽네요  품질 좋은 상품 감사합니다 많이 파시고 번창하세요",
    "Source": "SNS",
    "Domain": "가전",
    "MainCategory": "계절가전",
    "ProductName": "보국 리모컨 냉풍기 에어쿨러 이동식 BKCF-19R01",
    "ReviewScore": "100",
    "Syllable": "75",
    "Word": "21",
    "RDate": "20190529",
    "Aspects": [
      {
        "Aspect": "기능",
        "SentimentText": "냉매 팩을 더 장착하면 좀 더 쉬원할 거 같은데 그 부분이 아쉽네요 ",
        "SentimentWord": "12",
        "SentimentPolarity": "0"
      },
      {
        "Aspect": "품질",
        "SentimentText": " 품질 좋은 상품 감사합니다 ",
        "SentimentWord": "4",
        "SentimentPolarity": "1"
      }
    ]
  },
  {
    "Index": "8519",
    "RawText": "방이 작아서 작은걸 샀기에 크기는 만족합니다. 바람 1,2단계는 여름에는 잘 안쓸것 같고, 3단계, 터보 바람은 시원해요.   밤에 불끄고 보면 표시등이 좀 밝은 편이고, 리모컨을 뒷쪽에 보관할 수 있어서 좋아요.   ",
    "Source": "SNS",
    "Domain": "가전",
    "MainCategory": "계절가전",
    "ProductName": "보국 에어써큘레이터(리모컨형)_BKF-1552CB",
    "ReviewScore": "90",
    "Syllable": "122",
    "Word": "29",
    "RDate": "20210806",
    "GeneralPolarity": "1",
    "Aspects": [
      {
        "Aspect": "사이즈",
        "SentimentText": "방이 작아서 작은걸 샀기에 크기는 만족합니다. ",
        "SentimentWord": "6",
        "SentimentPolarity": "1"
      },
      {
        "Aspect": "기능",
        "SentimentText": "바람 1,2단계는 여름에는 잘 안쓸것 같고, 3단계, 터보 바람은 시원해요.",
        "SentimentWord": "10",
        "SentimentPolarity": "0"
      },
      {
        "Aspect": "편의성",
        "SentimentText": "밤에 불끄고 보면 표시등이 좀 밝은 편이고, 리모컨을 뒷쪽에 보관할 수 있어서 좋아요. ",
        "SentimentWord": "13",
        "SentimentPolarity": "1"
      }
    ]
  },
  {
    "Index": "8520",
    "RawText": "배송 빠른데 리모콘이 있어서 먼 거리에서도 편리하게 켜고 끌수 있어 굿이에요 상품 품질... 회전시 삐그덕 소리가 나는",
    "Source": "SNS",
    "Domain": "가전",
    "MainCategory": "계절가전",
    "ProductName": "보국 에어써큘레이터(리모컨형)_BKF-1552CB",
    "ReviewScore": "20",
    "Syllable": "66",
    "Word": "17",
    "RDate": "20210731",
    "Aspects": [
      {
        "Aspect": "편의성",
        "SentimentText": "리모콘이 있어서 먼 거리에서도 편리하게 켜고 끌수 있어 굿이에요",
        "SentimentWord": "9",
        "SentimentPolarity": "1"
      },
      {
        "Aspect": "품질",
        "SentimentText": "상품 품질... 회전시 삐그덕 소리가 나는",
        "SentimentWord": "6",
        "SentimentPolarity": "-1"
      }
    ]
  },
  {
    "Index": "8521",
    "RawText": "디자인이 너무 이쁘네요 바람도 잘나오고 작동잘되네요",
    "Source": "SNS",
    "Domain": "가전",
    "MainCategory": "계절가전",
    "ProductName": "보국 에어젯 핸디선풍기 휴대용 선풍기_BKF-1088H",
    "ReviewScore": "100",
    "Syllable": "28",
    "Word": "6",
    "RDate": "20210804",
    "GeneralPolarity": "1",
    "Aspects": [
      {
        "Aspect": "디자인",
        "SentimentText": "디자인이 너무 이쁘네요 ",
        "SentimentWord": "3",
        "SentimentPolarity": "1"
      },
      {
        "Aspect": "기능",
        "SentimentText": "바람도 잘나오고 작동잘되네요",
        "SentimentWord": "3",
        "SentimentPolarity": "1"
      }
    ]
  },
  {
    "Index": "8522",
    "RawText": "충전도 오래가고  세워서도 편한게 이용할 수 있어서 사용할 수 있어서 좋아요 배송도 빠르게와서 너무 좋아요!",
    "Source": "SNS",
    "Domain": "가전",
    "MainCategory": "계절가전",
    "ProductName": "보국 에어젯 핸디선풍기 휴대용 선풍기_BKF-1088H",
    "ReviewScore": "100",
    "Syllable": "60",
    "Word": "15",
    "RDate": "20210628",
    "Aspects": [
      {
        "Aspect": "배터리",
        "SentimentText": "충전도 오래가고",
        "SentimentWord": "2",
        "SentimentPolarity": "1"
      },
      {
        "Aspect": "편의성",
        "SentimentText": "세워서도 편한게 이용할 수 있어서 사용할 수 있어서 좋아요",
        "SentimentWord": "9",
        "SentimentPolarity": "1"
      }
    ]
  },
  {
    "Index": "8523",
    "RawText": "충전하면 사용시간은 굉장히 긴데 너무 시끄러워요ㅠ",
    "Source": "SNS",
    "Domain": "가전",
    "MainCategory": "계절가전",
    "ProductName": "보국 에어젯 핸디선풍기 휴대용 선풍기_BKF-1088H",
    "ReviewScore": "60",
    "Syllable": "27",
    "Word": "6",
    "RDate": "20210822",
    "GeneralPolarity": "-1",
    "Aspects": [
      {
        "Aspect": "배터리",
        "SentimentText": "충전하면 사용시간은 굉장히 긴데 ",
        "SentimentWord": "4",
        "SentimentPolarity": "1"
      },
      {
        "Aspect": "소음",
        "SentimentText": "너무 시끄러워요ㅠ",
        "SentimentWord": "2",
        "SentimentPolarity": "-1"
      }
    ]
  },
  {
    "Index": "8524",
    "RawText": "일요일날 설치했고, 설치기사님도 정말 친절하게 설치해 주셨어요 방에 설치했는데 사이즈가 딱 좋아요 에어컨 바람도 시원해서 좋아요 ",
    "Source": "SNS",
    "Domain": "가전",
    "MainCategory": "계절가전",
    "ProductName": "삼성 무풍 벽걸이 에어컨(11형)",
    "ReviewScore": "100",
    "Syllable": "72",
    "Word": "16",
    "RDate": "20180610",
    "Aspects": [
      {
        "Aspect": "사이즈",
        "SentimentText": "방에 설치했는데 사이즈가 딱 좋아요",
        "SentimentWord": "5",
        "SentimentPolarity": "1"
      },
      {
        "Aspect": "기능",
        "SentimentText": "에어컨 바람도 시원해서 좋아요",
        "SentimentWord": "4",
        "SentimentPolarity": "1"
      }
    ]
  },
  {
    "Index": "8525",
    "RawText": "설치하는데...쫌 오래걸렸지만...설치하시는분도 친절하게 잘설치해주시고... 강력 냉방으로 돌리면 빨리 시원해질 줄 알았는데 그래도 시간이 꽤 걸리네요 제품 성능에 매우 만족합니다...",
    "Source": "SNS",
    "Domain": "가전",
    "MainCategory": "계절가전",
    "ProductName": "삼성 무풍 벽걸이 에어컨(7형)",
    "ReviewScore": "100",
    "Syllable": "103",
    "Word": "19",
    "RDate": "20180820",
    "Aspects": [
      {
        "Aspect": "시간/속도",
        "SentimentText": "강력 냉방으로 돌리면 빨리 시원해질 줄 알았는데 그래도 시간이 꽤 걸리네요",
        "SentimentWord": "11",
        "SentimentPolarity": "0"
      },
      {
        "Aspect": "기능",
        "SentimentText": "제품 성능에 매우 만족합니다...",
        "SentimentWord": "4",
        "SentimentPolarity": "1"
      }
    ]
  },
  {
    "Index": "8526",
    "RawText": "가격 제품 설치기사분 배송된일자 다 맘에 들엇어요! 무풍기능이 있어서 쎈 바람이 안나와서 쾌적해요",
    "Source": "SNS",
    "Domain": "가전",
    "MainCategory": "계절가전",
    "ProductName": "삼성 무풍 에어컨 벽걸이형 AR07M5170HZ (24.4㎡/화이트)",
    "ReviewScore": "100",
    "Syllable": "54",
    "Word": "13",
    "RDate": "20170801",
    "Aspects": [
      {
        "Aspect": "가격",
        "SentimentText": "가격 제품 설치기사분 배송된일자 다 맘에 들엇어요!",
        "SentimentWord": "7",
        "SentimentPolarity": "1"
      },
      {
        "Aspect": "기능",
        "SentimentText": "무풍기능이 있어서 쎈 바람이 안나와서 쾌적해요",
        "SentimentWord": "6",
        "SentimentPolarity": "1"
      }
    ]
  },
  {
    "Index": "8527",
    "RawText": "구입한 이후에 마트에도 가격 비슷하더라고요. 그치만 만족합니다. 배송은 7월 말에 주문해서 8월 7일에 받았고요. 상담원 문의에서 실외기 1개면 된다고 하셨는데, 그럴경우 위치 제한이 있습니다. 무풍냉방 무풍제습 기능이 있어 좋아요.",
    "Source": "SNS",
    "Domain": "가전",
    "MainCategory": "계절가전",
    "ProductName": "삼성 무풍에어컨 슬림 멀티형(16+6형)_방송최저가",
    "ReviewScore": "100",
    "Syllable": "130",
    "Word": "29",
    "RDate": "20180808",
    "GeneralPolarity": "1",
    "Aspects": [
      {
        "Aspect": "가격",
        "SentimentText": "마트에도 가격 비슷하더라고요. 그치만 만족합니다. ",
        "SentimentWord": "5",
        "SentimentPolarity": "1"
      },
      {
        "Aspect": "기능",
        "SentimentText": "무풍냉방 무풍제습 기능이 있어 좋아요.",
        "SentimentWord": "5",
        "SentimentPolarity": "1"
      }
    ]
  }
]