[
  {
    "Index": "38136",
    "RawText": "환풍기 외관 덥개 부분이 부러져서 와서 속상하네요ㅜ 약하게 만들어진거 같아요 반품하고 싶지만 귀찮아서 그냥 설치하고 사용하는데 흡입력이 너무 약한게 성능도 별로네요ㅜ",
    "Source": "쇼핑몰",
    "Domain": "가전",
    "MainCategory": "계절가전",
    "ProductName": "도리도리 동우산업 DWV-11DRB",
    "ReviewScore": "3",
    "Syllable": "92",
    "Word": "21",
    "RDate": "20220419",
    "GeneralPolarity": "-1",
    "Aspects": [
      {
        "Aspect": "품질",
        "SentimentText": "환풍기 외관 덥개 부분이 부러져서 와서 속상하네요ㅜ 약하게 만들어진거 같아요",
        "SentimentWord": "10",
        "SentimentPolarity": "-1"
      },
      {
        "Aspect": "기능",
        "SentimentText": "반품하고 싶지만 귀찮아서 그냥 설치하고 사용하는데 흡입력이 너무 약한게 성능도 별로네요ㅜ",
        "SentimentWord": "11",
        "SentimentPolarity": "-1"
      }
    ]
  },
  {
    "Index": "38137",
    "RawText": "욕실 환풍기 교체해서 사용하는데 환기도 잘되고 성능 좋아요~ 소음도 작아서 조용하고 괜찮아요. 가격대비 가성비 굿이네요^^",
    "Source": "쇼핑몰",
    "Domain": "가전",
    "MainCategory": "계절가전",
    "ProductName": "도리도리 동우산업 DWV-11DRB",
    "ReviewScore": "5",
    "Syllable": "68",
    "Word": "15",
    "RDate": "20211204",
    "GeneralPolarity": "1",
    "Aspects": [
      {
        "Aspect": "기능",
        "SentimentText": "욕실 환풍기 교체해서 사용하는데 환기도 잘되고 성능 좋아요~",
        "SentimentWord": "8",
        "SentimentPolarity": "1"
      },
      {
        "Aspect": "소음",
        "SentimentText": "소음도 작아서 조용하고 괜찮아요",
        "SentimentWord": "4",
        "SentimentPolarity": "1"
      },
      {
        "Aspect": "가격",
        "SentimentText": "가격대비 가성비 굿이네요^^",
        "SentimentWord": "3",
        "SentimentPolarity": "1"
      }
    ]
  },
  {
    "Index": "38138",
    "RawText": "욕실 환풍기가 고장나서 교체해서 사용하는데 흡입력이 좋아요~ 조용해서 소음도 신경쓰지 않아서 좋네요. 제품 배송도 빨라서 만족스럽습니다.",
    "Source": "쇼핑몰",
    "Domain": "가전",
    "MainCategory": "계절가전",
    "ProductName": "도리도리 동우산업 DWV-11DRB",
    "ReviewScore": "4",
    "Syllable": "76",
    "Word": "16",
    "RDate": "20201218",
    "Aspects": [
      {
        "Aspect": "기능",
        "SentimentText": "욕실 환풍기가 고장나서 교체해서 사용하는데 흡입력이 좋아요~",
        "SentimentWord": "7",
        "SentimentPolarity": "1"
      },
      {
        "Aspect": "소음",
        "SentimentText": "조용해서 소음도 신경쓰지 않아서 좋네요. ",
        "SentimentWord": "5",
        "SentimentPolarity": "1"
      }
    ]
  },
  {
    "Index": "38139",
    "RawText": "기존에 설치된 환풍기보다 사이즈가 좀 커서 설치할때 시간이 더 걸려 힘들었어요 간신히 설치했네요 ㅜ 잘 사용하고 있는데 작동 잘되구 환기도 잘되서 너무 좋네요~^^",
    "Source": "쇼핑몰",
    "Domain": "가전",
    "MainCategory": "계절가전",
    "ProductName": "도리도리 동우산업 DWV-11DRB",
    "ReviewScore": "4",
    "Syllable": "91",
    "Word": "23",
    "RDate": "20210526",
    "GeneralPolarity": "0",
    "Aspects": [
      {
        "Aspect": "사이즈",
        "SentimentText": "기존에 설치된 환풍기보다 사이즈가 좀 커서 설치할때 시간이 더 걸려 힘들었어요 간신히 설치했네요 ㅜ",
        "SentimentWord": "14",
        "SentimentPolarity": "-1"
      },
      {
        "Aspect": "기능",
        "SentimentText": "잘 사용하고 있는데 작동 잘되구 환기도 잘되서 너무 좋네요~^^",
        "SentimentWord": "9",
        "SentimentPolarity": "1"
      }
    ]
  },
  {
    "Index": "38141",
    "RawText": "오래된 욕실 환풍기를 교체하니 환기도 더 잘되고 성능도 좋아요 배송도 빠르게 도착해서 좋았고 가격도 저렴해서 만족해요.",
    "Source": "쇼핑몰",
    "Domain": "가전",
    "MainCategory": "계절가전",
    "ProductName": "도리도리 동우산업 DWV-11DRB",
    "ReviewScore": "5",
    "Syllable": "66",
    "Word": "16",
    "RDate": "20190319",
    "Aspects": [
      {
        "Aspect": "기능",
        "SentimentText": "오래된 욕실 환풍기를 교체하니 환기도 더 잘되고 성능도 좋아요",
        "SentimentWord": "9",
        "SentimentPolarity": "1"
      },
      {
        "Aspect": "가격",
        "SentimentText": "가격도 저렴해서 만족해요.",
        "SentimentWord": "3",
        "SentimentPolarity": "1"
      }
    ]
  },
  {
    "Index": "38143",
    "RawText": "배송은 정말 빨라서 좋아요~  원룸 환기팬으로 가성비 좋은 제품으로 구매해서 좋네요. 작동 잘되고 소음이 많이 없어서 조용합니다.",
    "Source": "쇼핑몰",
    "Domain": "가전",
    "MainCategory": "계절가전",
    "ProductName": "도리도리 동우산업 DWV-11DRB",
    "ReviewScore": "5",
    "Syllable": "72",
    "Word": "17",
    "RDate": "20220526",
    "Aspects": [
      {
        "Aspect": "가격",
        "SentimentText": "원룸 환기팬으로 가성비 좋은 제품으로 구매해서 좋네요. ",
        "SentimentWord": "7",
        "SentimentPolarity": "1"
      },
      {
        "Aspect": "소음",
        "SentimentText": "작동 잘되고 소음이 많이 없어서 조용합니다.",
        "SentimentWord": "6",
        "SentimentPolarity": "1"
      }
    ]
  },
  {
    "Index": "38144",
    "RawText": "환풍기 기능을 잘 하는거 같아 만족합니다  사이즈는 안내해준 사이즈보다 작게 왔네요",
    "Source": "쇼핑몰",
    "Domain": "가전",
    "MainCategory": "계절가전",
    "ProductName": "도리도리 동우산업 DWV-11DRB",
    "ReviewScore": "4",
    "Syllable": "46",
    "Word": "11",
    "RDate": "20190615",
    "GeneralPolarity": "0",
    "Aspects": [
      {
        "Aspect": "기능",
        "SentimentText": "환풍기 기능을 잘 하는거 같아 만족합니다",
        "SentimentWord": "6",
        "SentimentPolarity": "1"
      },
      {
        "Aspect": "사이즈",
        "SentimentText": "사이즈는 안내해준 사이즈보다 작게 왔네요",
        "SentimentWord": "5",
        "SentimentPolarity": "-1"
      }
    ]
  },
  {
    "Index": "38145",
    "RawText": "빨아 들이이는 힘이 너무 약해서 불만족스러워요  소음도 굉장해서 아쉽네요",
    "Source": "쇼핑몰",
    "Domain": "가전",
    "MainCategory": "계절가전",
    "ProductName": "도리도리 동우산업 DWV-11DRB",
    "ReviewScore": "4",
    "Syllable": "40",
    "Word": "9",
    "RDate": "20210930",
    "GeneralPolarity": "-1",
    "Aspects": [
      {
        "Aspect": "기능",
        "SentimentText": "빨아 들이이는 힘이 너무 약해서 불만족스러워요",
        "SentimentWord": "6",
        "SentimentPolarity": "-1"
      },
      {
        "Aspect": "소음",
        "SentimentText": "소음도 굉장해서 아쉽네요",
        "SentimentWord": "3",
        "SentimentPolarity": "-1"
      }
    ]
  },
  {
    "Index": "38147",
    "RawText": "다른제품보다는 소음이 조용해서 괜찮아요  가격도 저렴해서 좋네요~  교체하기도 편리해서 만족스럽네요",
    "Source": "쇼핑몰",
    "Domain": "가전",
    "MainCategory": "계절가전",
    "ProductName": "도리도리 동우산업 DWV-11DRB",
    "ReviewScore": "5",
    "Syllable": "55",
    "Word": "10",
    "RDate": "20190110",
    "GeneralPolarity": "1",
    "Aspects": [
      {
        "Aspect": "소음",
        "SentimentText": "다른제품보다는 소음이 조용해서 괜찮아요",
        "SentimentWord": "4",
        "SentimentPolarity": "1"
      },
      {
        "Aspect": "가격",
        "SentimentText": "가격도 저렴해서 좋네요~",
        "SentimentWord": "3",
        "SentimentPolarity": "1"
      },
      {
        "Aspect": "조작성",
        "SentimentText": "교체하기도 편리해서 만족스럽네요",
        "SentimentWord": "3",
        "SentimentPolarity": "1"
      }
    ]
  },
  {
    "Index": "38148",
    "RawText": "커버 조립부가 부러져서 왔어요  매번 그러는데 포장좀 꼼꼼하게 했으면 아쉬움이 있네요 연기가 잘 올라 가지 못하고 빨아 당기는 힘이 너무 약해요",
    "Source": "쇼핑몰",
    "Domain": "가전",
    "MainCategory": "계절가전",
    "ProductName": "도리도리 동우산업 DWV-11DRB",
    "ReviewScore": "3",
    "Syllable": "80",
    "Word": "21",
    "RDate": "20190213",
    "GeneralPolarity": "-1",
    "Aspects": [
      {
        "Aspect": "품질",
        "SentimentText": "커버 조립부가 부러져서 왔어요",
        "SentimentWord": "4",
        "SentimentPolarity": "-1"
      },
      {
        "Aspect": "기능",
        "SentimentText": "연기가 잘 올라 가지 못하고 빨아 당기는 힘이 너무 약해요",
        "SentimentWord": "10",
        "SentimentPolarity": "-1"
      }
    ]
  },
  {
    "Index": "38149",
    "RawText": "사이즈가 딱 맞게 와서 바로 교체했어요  설치도 간편해서 편리해요~  소음도 없어 만족합니다.",
    "Source": "쇼핑몰",
    "Domain": "가전",
    "MainCategory": "계절가전",
    "ProductName": "도리도리 동우산업 DWV-11DRB",
    "ReviewScore": "5",
    "Syllable": "52",
    "Word": "12",
    "RDate": "20170629",
    "GeneralPolarity": "1",
    "Aspects": [
      {
        "Aspect": "사이즈",
        "SentimentText": "사이즈가 딱 맞게 와서 바로 교체했어요",
        "SentimentWord": "6",
        "SentimentPolarity": "1"
      },
      {
        "Aspect": "조작성",
        "SentimentText": "설치도 간편해서 편리해요~",
        "SentimentWord": "3",
        "SentimentPolarity": "1"
      },
      {
        "Aspect": "소음",
        "SentimentText": "소음도 없어 만족합니다.",
        "SentimentWord": "3",
        "SentimentPolarity": "1"
      }
    ]
  },
  {
    "Index": "38150",
    "RawText": "제품의 크기가 맞지않아 사용을 못하겠네요  그래도 제품 품질은 좋습니다.",
    "Source": "쇼핑몰",
    "Domain": "가전",
    "MainCategory": "계절가전",
    "ProductName": "도리도리 동우산업 DWV-11DRB",
    "ReviewScore": "4",
    "Syllable": "40",
    "Word": "9",
    "RDate": "20191107",
    "GeneralPolarity": "0",
    "Aspects": [
      {
        "Aspect": "사이즈",
        "SentimentText": "제품의 크기가 맞지않아 사용을 못하겠네요",
        "SentimentWord": "5",
        "SentimentPolarity": "-1"
      },
      {
        "Aspect": "품질",
        "SentimentText": "그래도 제품 품질은 좋습니다.",
        "SentimentWord": "4",
        "SentimentPolarity": "1"
      }
    ]
  },
  {
    "Index": "38151",
    "RawText": "소음이 없어서 만족합니다!  제조일이 최신제품이 아니라 좀 아쉽네요",
    "Source": "쇼핑몰",
    "Domain": "가전",
    "MainCategory": "계절가전",
    "ProductName": "도리도리 동우산업 DWV-11DRB",
    "ReviewScore": "5",
    "Syllable": "37",
    "Word": "8",
    "RDate": "20211220",
    "GeneralPolarity": "0",
    "Aspects": [
      {
        "Aspect": "소음",
        "SentimentText": "소음이 없어서 만족합니다!",
        "SentimentWord": "3",
        "SentimentPolarity": "1"
      },
      {
        "Aspect": "제조일/제조사",
        "SentimentText": " 제조일이 최신제품이 아니라 좀 아쉽네요",
        "SentimentWord": "5",
        "SentimentPolarity": "-1"
      }
    ]
  },
  {
    "Index": "38154",
    "RawText": "환풍기능이 충실해서 만족합니다!  택배기사님도 친절하셨어요 감사합니다!  작동시 소음도 없이 조용해서 좋습니다.",
    "Source": "쇼핑몰",
    "Domain": "가전",
    "MainCategory": "계절가전",
    "ProductName": "도리도리 동우산업 DWV-11DRB",
    "ReviewScore": "5",
    "Syllable": "62",
    "Word": "11",
    "RDate": "20180809",
    "GeneralPolarity": "1",
    "Aspects": [
      {
        "Aspect": "기능",
        "SentimentText": "환풍기능이 충실해서 만족합니다!",
        "SentimentWord": "3",
        "SentimentPolarity": "1"
      },
      {
        "Aspect": "소음",
        "SentimentText": " 작동시 소음도 없이 조용해서 좋습니다.",
        "SentimentWord": "5",
        "SentimentPolarity": "1"
      }
    ]
  },
  {
    "Index": "38155",
    "RawText": "가격도 저렴하고  소음이 적어서 만족스럽습니다.  환풍기 바람세기는 강하나 흡입력은 약해서 아쉽습니다.",
    "Source": "쇼핑몰",
    "Domain": "가전",
    "MainCategory": "계절가전",
    "ProductName": "도리도리 동우산업 DWV-11DRB",
    "ReviewScore": "5",
    "Syllable": "57",
    "Word": "11",
    "RDate": "20220109",
    "GeneralPolarity": "0",
    "Aspects": [
      {
        "Aspect": "가격",
        "SentimentText": "가격도 저렴하고",
        "SentimentWord": "2",
        "SentimentPolarity": "1"
      },
      {
        "Aspect": "소음",
        "SentimentText": "소음이 적어서 만족스럽습니다",
        "SentimentWord": "3",
        "SentimentPolarity": "1"
      },
      {
        "Aspect": "기능",
        "SentimentText": "환풍기 바람세기는 강하나 흡입력은 약해서 아쉽습니다.",
        "SentimentWord": "6",
        "SentimentPolarity": "-1"
      }
    ]
  },
  {
    "Index": "38156",
    "RawText": "가격 저렴하게 잘 구입했는데  고정하는 플라스틱 부분이 꺠져서 왔어요   ",
    "Source": "쇼핑몰",
    "Domain": "가전",
    "MainCategory": "계절가전",
    "ProductName": "도리도리 동우산업 DWV-11DRB",
    "ReviewScore": "5",
    "Syllable": "41",
    "Word": "9",
    "RDate": "20220315",
    "GeneralPolarity": "0",
    "Aspects": [
      {
        "Aspect": "가격",
        "SentimentText": "가격 저렴하게 잘 구입했는데",
        "SentimentWord": "4",
        "SentimentPolarity": "1"
      },
      {
        "Aspect": "품질",
        "SentimentText": "고정하는 플라스틱 부분이 꺠져서 왔어요 ",
        "SentimentWord": "5",
        "SentimentPolarity": "-1"
      }
    ]
  },
  {
    "Index": "38157",
    "RawText": "저렴한 가격으로 좋은 제품 구매했어요~  배송도 빠르게 와서 좋네요  디자인도 튀지않고 무난해서 좋네요",
    "Source": "쇼핑몰",
    "Domain": "가전",
    "MainCategory": "계절가전",
    "ProductName": "도리도리 동우산업 DWV-11DRB",
    "ReviewScore": "5",
    "Syllable": "57",
    "Word": "13",
    "RDate": "20160319",
    "GeneralPolarity": "1",
    "Aspects": [
      {
        "Aspect": "가격",
        "SentimentText": "저렴한 가격으로 좋은 제품 구매했어요~",
        "SentimentWord": "5",
        "SentimentPolarity": "1"
      },
      {
        "Aspect": "디자인",
        "SentimentText": "디자인도 튀지않고 무난해서 좋네요",
        "SentimentWord": "4",
        "SentimentPolarity": "1"
      }
    ]
  },
  {
    "Index": "38159",
    "RawText": "환풍기에 역풍방지기능이 있어서 너무 좋아요  저렴한 가격에 좋은 제품 구매해서 만족합니다.",
    "Source": "쇼핑몰",
    "Domain": "가전",
    "MainCategory": "계절가전",
    "ProductName": "도리도리 동우산업 DWV-11DRB",
    "ReviewScore": "5",
    "Syllable": "50",
    "Word": "11",
    "RDate": "20210204",
    "GeneralPolarity": "1",
    "Aspects": [
      {
        "Aspect": "기능",
        "SentimentText": "환풍기에 역풍방지기능이 있어서 너무 좋아요",
        "SentimentWord": "5",
        "SentimentPolarity": "1"
      },
      {
        "Aspect": "가격",
        "SentimentText": "저렴한 가격에 좋은 제품 구매해서 만족합니다.",
        "SentimentWord": "6",
        "SentimentPolarity": "1"
      }
    ]
  },
  {
    "Index": "38161",
    "RawText": "소음이 없어서 너무 만족해요!  배송도 엄청 빠르게 보내주셔서 좋아요  설치가 쉬워서 편리해요  가격대비 제품이 가성비 갑이예요!",
    "Source": "쇼핑몰",
    "Domain": "가전",
    "MainCategory": "계절가전",
    "ProductName": "도리도리 동우산업 DWV-11DRB",
    "ReviewScore": "5",
    "Syllable": "72",
    "Word": "16",
    "RDate": "20210227",
    "GeneralPolarity": "1",
    "Aspects": [
      {
        "Aspect": "소음",
        "SentimentText": "소음이 없어서 너무 만족해요!",
        "SentimentWord": "4",
        "SentimentPolarity": "1"
      },
      {
        "Aspect": "조작성",
        "SentimentText": "설치가 쉬워서 편리해요",
        "SentimentWord": "3",
        "SentimentPolarity": "1"
      },
      {
        "Aspect": "가격",
        "SentimentText": "가격대비 제품이 가성비 갑이예요!",
        "SentimentWord": "4",
        "SentimentPolarity": "1"
      }
    ]
  },
  {
    "Index": "38162",
    "RawText": "환풍기 기능은 맘에들고 만족합니다!  택배서비스는 좀 아쉬워요 신경 써주세요 화장실 설치하고 작동을 하는데 엄청난 굉음을 내서 놀랐습니다.ㅠㅠ",
    "Source": "쇼핑몰",
    "Domain": "가전",
    "MainCategory": "계절가전",
    "ProductName": "도리도리 동우산업 DWV-11DRB",
    "ReviewScore": "3",
    "Syllable": "79",
    "Word": "17",
    "RDate": "20170824",
    "GeneralPolarity": "0",
    "Aspects": [
      {
        "Aspect": "기능",
        "SentimentText": "환풍기 기능은 맘에들고 만족합니다!",
        "SentimentWord": "4",
        "SentimentPolarity": "1"
      },
      {
        "Aspect": "소음",
        "SentimentText": "화장실 설치하고 작동을 하는데 엄청난 굉음을 내서 놀랐습니다.ㅠㅠ",
        "SentimentWord": "8",
        "SentimentPolarity": "-1"
      }
    ]
  },
  {
    "Index": "38164",
    "RawText": "환풍기 기능은 만족합니다.  소음도 크지 않아서 괜찮아요  설치도 편리하게 할 수 있어 더 좋네요^^",
    "Source": "쇼핑몰",
    "Domain": "가전",
    "MainCategory": "계절가전",
    "ProductName": "도리도리 동우산업 DWV-11DRB",
    "ReviewScore": "5",
    "Syllable": "56",
    "Word": "14",
    "RDate": "20201213",
    "GeneralPolarity": "1",
    "Aspects": [
      {
        "Aspect": "기능",
        "SentimentText": "환풍기 기능은 만족합니다.",
        "SentimentWord": "3",
        "SentimentPolarity": "1"
      },
      {
        "Aspect": "소음",
        "SentimentText": "소음도 크지 않아서 괜찮아요",
        "SentimentWord": "4",
        "SentimentPolarity": "1"
      },
      {
        "Aspect": "조작성",
        "SentimentText": "설치도 편리하게 할 수 있어 더 좋네요^^",
        "SentimentWord": "7",
        "SentimentPolarity": "1"
      }
    ]
  },
  {
    "Index": "38165",
    "RawText": "커버 마감이 너무 불량해요 한번 열었다 닫았는데 깨졌어요  저렴한 가격에 구매해서 만족해요",
    "Source": "쇼핑몰",
    "Domain": "가전",
    "MainCategory": "계절가전",
    "ProductName": "도리도리 동우산업 DWV-11DRB",
    "ReviewScore": "3",
    "Syllable": "50",
    "Word": "12",
    "RDate": "20170706",
    "GeneralPolarity": "0",
    "Aspects": [
      {
        "Aspect": "품질",
        "SentimentText": "커버 마감이 너무 불량해요",
        "SentimentWord": "4",
        "SentimentPolarity": "-1"
      },
      {
        "Aspect": "가격",
        "SentimentText": "저렴한 가격에 구매해서 만족해요",
        "SentimentWord": "4",
        "SentimentPolarity": "1"
      }
    ]
  },
  {
    "Index": "38166",
    "RawText": "생각보다 제품이 커서 아쉽네요 환풍기 돌아가는 소리도 조용하고 좋네요",
    "Source": "쇼핑몰",
    "Domain": "가전",
    "MainCategory": "계절가전",
    "ProductName": "도리도리 동우산업 DWV-11DRB",
    "ReviewScore": "5",
    "Syllable": "38",
    "Word": "9",
    "RDate": "20210501",
    "GeneralPolarity": "0",
    "Aspects": [
      {
        "Aspect": "사이즈",
        "SentimentText": "생각보다 제품이 커서 아쉽네요",
        "SentimentWord": "4",
        "SentimentPolarity": "-1"
      },
      {
        "Aspect": "소음",
        "SentimentText": "환풍기 돌아가는 소리도 조용하고 좋네요",
        "SentimentWord": "5",
        "SentimentPolarity": "1"
      }
    ]
  },
  {
    "Index": "38167",
    "RawText": "환풍기 돌아가는 소리가 조용조용해요 ^^  냄새도 빠르게 사라져요~~  디자인이 심플해서 조명설치하니 예쁘네요^^ ",
    "Source": "쇼핑몰",
    "Domain": "가전",
    "MainCategory": "계절가전",
    "ProductName": "도리도리 동우산업 DWV-11DRB",
    "ReviewScore": "5",
    "Syllable": "64",
    "Word": "12",
    "RDate": "20220411",
    "GeneralPolarity": "1",
    "Aspects": [
      {
        "Aspect": "소음",
        "SentimentText": "환풍기 돌아가는 소리가 조용조용해요 ^^",
        "SentimentWord": "5",
        "SentimentPolarity": "1"
      },
      {
        "Aspect": "기능",
        "SentimentText": "냄새도 빠르게 사라져요~~",
        "SentimentWord": "3",
        "SentimentPolarity": "1"
      },
      {
        "Aspect": "디자인",
        "SentimentText": "디자인이 심플해서 조명 설치하니 예쁘네요^^",
        "SentimentWord": "5",
        "SentimentPolarity": "1"
      }
    ]
  },
  {
    "Index": "38168",
    "RawText": "사이즈가 작아서 딱이예요 만족합니다.  소음도 없어서 만족해요~^^",
    "Source": "쇼핑몰",
    "Domain": "가전",
    "MainCategory": "계절가전",
    "ProductName": "도리도리 동우산업 DWV-11DRB",
    "ReviewScore": "5",
    "Syllable": "37",
    "Word": "7",
    "RDate": "20171228",
    "GeneralPolarity": "1",
    "Aspects": [
      {
        "Aspect": "사이즈",
        "SentimentText": "사이즈가 작아서 딱이예요 만족합니다.",
        "SentimentWord": "4",
        "SentimentPolarity": "1"
      },
      {
        "Aspect": "소음",
        "SentimentText": "소음도 없어서 만족해요~^^",
        "SentimentWord": "3",
        "SentimentPolarity": "1"
      }
    ]
  },
  {
    "Index": "38170",
    "RawText": "색상도 화이트라 깔끔하고 예뻐요~  가성비 제품이 좋아 만족합니다!  배송도 친절하고 빠르게 보내주셨어요",
    "Source": "쇼핑몰",
    "Domain": "가전",
    "MainCategory": "계절가전",
    "ProductName": "도리도리 동우산업 DWV-11DRB",
    "ReviewScore": "4",
    "Syllable": "58",
    "Word": "12",
    "RDate": "20160607",
    "GeneralPolarity": "1",
    "Aspects": [
      {
        "Aspect": "색상",
        "SentimentText": "색상도 화이트라 깔끔하고 예뻐요~",
        "SentimentWord": "4",
        "SentimentPolarity": "1"
      },
      {
        "Aspect": "가격",
        "SentimentText": "가성비 제품이 좋아 만족합니다!",
        "SentimentWord": "4",
        "SentimentPolarity": "1"
      }
    ]
  },
  {
    "Index": "38171",
    "RawText": "바람이 세서 환풍기능이 잘되고 좋네요!  전선 연결도 쉽고 편하게 설치했어요",
    "Source": "쇼핑몰",
    "Domain": "가전",
    "MainCategory": "계절가전",
    "ProductName": "도리도리 동우산업 DWV-11DRB",
    "ReviewScore": "5",
    "Syllable": "42",
    "Word": "10",
    "RDate": "20200507",
    "GeneralPolarity": "1",
    "Aspects": [
      {
        "Aspect": "기능",
        "SentimentText": "바람이 세서 환풍기능이 잘되고 좋네요!",
        "SentimentWord": "5",
        "SentimentPolarity": "1"
      },
      {
        "Aspect": "조작성",
        "SentimentText": "전선 연결도 쉽고 편하게 설치했어요",
        "SentimentWord": "5",
        "SentimentPolarity": "1"
      }
    ]
  },
  {
    "Index": "38174",
    "RawText": "설치 하는 것도 쉽고 편리해서 좋아요!  소음도 적어서 만족해요  환풍도 잘되고 제품도 만족합니다. ",
    "Source": "쇼핑몰",
    "Domain": "가전",
    "MainCategory": "계절가전",
    "ProductName": "도리도리 동우산업 DWV-11DRB",
    "ReviewScore": "5",
    "Syllable": "56",
    "Word": "13",
    "RDate": "20210206",
    "GeneralPolarity": "1",
    "Aspects": [
      {
        "Aspect": "조작성",
        "SentimentText": "설치 하는 것도 쉽고 편리해서 좋아요!",
        "SentimentWord": "6",
        "SentimentPolarity": "1"
      },
      {
        "Aspect": "소음",
        "SentimentText": "소음도 적어서 만족해요",
        "SentimentWord": "3",
        "SentimentPolarity": "1"
      },
      {
        "Aspect": "기능",
        "SentimentText": "환풍도 잘되고 제품도 만족합니다",
        "SentimentWord": "4",
        "SentimentPolarity": "1"
      }
    ]
  },
  {
    "Index": "38176",
    "RawText": "환풍이 잘 되네요 좋은 제품 구매해서 만족합니다!  배송도 빠르게 보내주셔서 감사해요~ 저렴하게 가성비 좋은 제품으로 구입했습니다.",
    "Source": "쇼핑몰",
    "Domain": "가전",
    "MainCategory": "계절가전",
    "ProductName": "도리도리 동우산업 DWV-11DRB",
    "ReviewScore": "5",
    "Syllable": "73",
    "Word": "16",
    "RDate": "20211125",
    "GeneralPolarity": "1",
    "Aspects": [
      {
        "Aspect": "기능",
        "SentimentText": "환풍이 잘 되네요 좋은 제품 구매해서 만족합니다!",
        "SentimentWord": "7",
        "SentimentPolarity": "1"
      },
      {
        "Aspect": "가격",
        "SentimentText": "저렴하게 가성비 좋은 제품으로 구입했습니다.",
        "SentimentWord": "5",
        "SentimentPolarity": "1"
      }
    ]
  },
  {
    "Index": "38177",
    "RawText": "저렴한가격에 좋은 제품 구매했어요^^  타사대비 환풍이 잘되네요!  냄새 차단하는 기능도 있어서 좋네요!",
    "Source": "쇼핑몰",
    "Domain": "가전",
    "MainCategory": "계절가전",
    "ProductName": "도리도리 동우산업 DWV-11DRB",
    "ReviewScore": "4",
    "Syllable": "58",
    "Word": "12",
    "RDate": "20200806",
    "GeneralPolarity": "1",
    "Aspects": [
      {
        "Aspect": "가격",
        "SentimentText": "저렴한가격에 좋은 제품 구매했어요^^",
        "SentimentWord": "4",
        "SentimentPolarity": "1"
      },
      {
        "Aspect": "기능",
        "SentimentText": "타사대비 환풍이 잘되네요!",
        "SentimentWord": "3",
        "SentimentPolarity": "1"
      },
      {
        "Aspect": "기능",
        "SentimentText": "냄새 차단하는 기능도 있어서 좋네요!",
        "SentimentWord": "5",
        "SentimentPolarity": "1"
      }
    ]
  },
  {
    "Index": "38180",
    "RawText": "배송이 생각보다 늦게와서 좀  아쉽네요  플라스틱 소재도 싸구려 같아서 아쉽네요 기대한만큼 성능이 강력하지는 않습니다.",
    "Source": "쇼핑몰",
    "Domain": "가전",
    "MainCategory": "계절가전",
    "ProductName": "도리도리 동우산업 DWV-11DRB",
    "ReviewScore": "4",
    "Syllable": "66",
    "Word": "14",
    "RDate": "20180903",
    "GeneralPolarity": "-1",
    "Aspects": [
      {
        "Aspect": "소재",
        "SentimentText": "플라스틱 소재도 싸구려 같아서 아쉽네요",
        "SentimentWord": "5",
        "SentimentPolarity": "-1"
      },
      {
        "Aspect": "기능",
        "SentimentText": "기대한만큼 성능이 강력하지는 않습니다.",
        "SentimentWord": "4",
        "SentimentPolarity": "-1"
      }
    ]
  },
  {
    "Index": "38181",
    "RawText": "설치가 쉽고 편리해서 만족해요~  소음도 적어서 만족합니다!",
    "Source": "쇼핑몰",
    "Domain": "가전",
    "MainCategory": "계절가전",
    "ProductName": "도리도리 동우산업 DWV-11DRB",
    "ReviewScore": "5",
    "Syllable": "33",
    "Word": "7",
    "RDate": "20180412",
    "GeneralPolarity": "1",
    "Aspects": [
      {
        "Aspect": "조작성",
        "SentimentText": "설치가 쉽고 편리해서 만족해요~",
        "SentimentWord": "4",
        "SentimentPolarity": "1"
      },
      {
        "Aspect": "소음",
        "SentimentText": " 소음도 적어서 만족합니다!",
        "SentimentWord": "3",
        "SentimentPolarity": "1"
      }
    ]
  },
  {
    "Index": "38182",
    "RawText": "휀이 작동하다 자꾸 내려앉아서 꺼지는 현상이 발생하니 화가나요  환풍되는 속도도 매우 느리게 되니까 아쉽네요",
    "Source": "쇼핑몰",
    "Domain": "가전",
    "MainCategory": "계절가전",
    "ProductName": "도리도리 동우산업 DWV-11DRB",
    "ReviewScore": "1",
    "Syllable": "60",
    "Word": "14",
    "RDate": "20211115",
    "GeneralPolarity": "-1",
    "Aspects": [
      {
        "Aspect": "품질",
        "SentimentText": "휀이 작동하다 자꾸 내려앉아서 꺼지는 현상이 발생하니 화가나요",
        "SentimentWord": "8",
        "SentimentPolarity": "-1"
      },
      {
        "Aspect": "시간/속도",
        "SentimentText": " 환풍되는 속도도 매우 느리게 되니까 아쉽네요 ",
        "SentimentWord": "6",
        "SentimentPolarity": "-1"
      }
    ]
  },
  {
    "Index": "38183",
    "RawText": "흡기기능이 잘 되서 공기가 깨끗해요~  소음도 크지 않아 만족합니다.",
    "Source": "쇼핑몰",
    "Domain": "가전",
    "MainCategory": "계절가전",
    "ProductName": "도리도리 동우산업 DWV-11DRB",
    "ReviewScore": "5",
    "Syllable": "38",
    "Word": "9",
    "RDate": "20170717",
    "GeneralPolarity": "1",
    "Aspects": [
      {
        "Aspect": "기능",
        "SentimentText": "흡기기능이 잘 되서 공기가 깨끗해요~",
        "SentimentWord": "5",
        "SentimentPolarity": "1"
      },
      {
        "Aspect": "소음",
        "SentimentText": "소음도 크지 않아 만족합니다.",
        "SentimentWord": "4",
        "SentimentPolarity": "1"
      }
    ]
  },
  {
    "Index": "38184",
    "RawText": " 너무 조용하니까 좋네요  환풍기능도 잘되서 만족합니다",
    "Source": "쇼핑몰",
    "Domain": "가전",
    "MainCategory": "계절가전",
    "ProductName": "도리도리 동우산업 DWV-11DRB",
    "ReviewScore": "5",
    "Syllable": "30",
    "Word": "6",
    "RDate": "20170214",
    "GeneralPolarity": "1",
    "Aspects": [
      {
        "Aspect": "소음",
        "SentimentText": "너무 조용하니까 좋네요",
        "SentimentWord": "3",
        "SentimentPolarity": "1"
      },
      {
        "Aspect": "기능",
        "SentimentText": "환풍기능도 잘되서 만족합니다",
        "SentimentWord": "3",
        "SentimentPolarity": "1"
      }
    ]
  },
  {
    "Index": "38186",
    "RawText": "파손 된 제품을 받았네요 ㅠ  포장좀 꼼꼼하게 검수해서 꼭 보내주세요 흡입력이 약해서 조리시 발생하는 연기가 잘 안빠짐.",
    "Source": "쇼핑몰",
    "Domain": "가전",
    "MainCategory": "계절가전",
    "ProductName": "도리도리 동우산업 DWV-11DRB",
    "ReviewScore": "1",
    "Syllable": "67",
    "Word": "17",
    "RDate": "20190415",
    "GeneralPolarity": "-1",
    "Aspects": [
      {
        "Aspect": "품질",
        "SentimentText": "파손 된 제품을 받았네요 ㅠ",
        "SentimentWord": "5",
        "SentimentPolarity": "-1"
      },
      {
        "Aspect": "기능",
        "SentimentText": "흡입력이 약해서 조리시 발생하는 연기가 잘 안빠짐.",
        "SentimentWord": "7",
        "SentimentPolarity": "-1"
      }
    ]
  },
  {
    "Index": "38187",
    "RawText": "전선 연결형인데도 설치가 전혀 어렵지 않고 간편하게 할 수 있어 좋아요!  포장도 꼼꼼하게 잘해서 보내주셨어요  저렴한 가격에 구매해 기분 좋네요  ",
    "Source": "쇼핑몰",
    "Domain": "가전",
    "MainCategory": "계절가전",
    "ProductName": "도리도리 동우산업 DWV-11DRB",
    "ReviewScore": "5",
    "Syllable": "83",
    "Word": "20",
    "RDate": "20201117",
    "GeneralPolarity": "1",
    "Aspects": [
      {
        "Aspect": "조작성",
        "SentimentText": "전선 연결형인데도 설치가 전혀 어렵지 않고 간편하게 할 수 있어 좋아요!",
        "SentimentWord": "11",
        "SentimentPolarity": "1"
      },
      {
        "Aspect": "가격",
        "SentimentText": "저렴한 가격에 구매해 기분 좋네요",
        "SentimentWord": "5",
        "SentimentPolarity": "1"
      }
    ]
  },
  {
    "Index": "38188",
    "RawText": "제구매할 정도로 환풍품질이 좋아요  가격도 좋은 가격에 구매해서 좋네요  배송도 친절하고 빠르게 보내주셨어요",
    "Source": "쇼핑몰",
    "Domain": "가전",
    "MainCategory": "계절가전",
    "ProductName": "도리도리 동우산업 DWV-11DRB",
    "ReviewScore": "5",
    "Syllable": "60",
    "Word": "13",
    "RDate": "20220119",
    "GeneralPolarity": "1",
    "Aspects": [
      {
        "Aspect": "품질",
        "SentimentText": "제구매할 정도로 환풍품질이 좋아요",
        "SentimentWord": "4",
        "SentimentPolarity": "1"
      },
      {
        "Aspect": "가격",
        "SentimentText": "가격도 좋은 가격에 구매해서 좋네요",
        "SentimentWord": "5",
        "SentimentPolarity": "1"
      }
    ]
  },
  {
    "Index": "38189",
    "RawText": "바람이 세서 좋네요  뒤에 댐퍼까지 제품구성으로  포함되어있어 만족스러워요",
    "Source": "쇼핑몰",
    "Domain": "가전",
    "MainCategory": "계절가전",
    "ProductName": "도리도리 동우산업 DWV-11DRB",
    "ReviewScore": "5",
    "Syllable": "41",
    "Word": "8",
    "RDate": "20190422",
    "GeneralPolarity": "1",
    "Aspects": [
      {
        "Aspect": "기능",
        "SentimentText": "바람이 세서 좋네요",
        "SentimentWord": "3",
        "SentimentPolarity": "1"
      },
      {
        "Aspect": "제품구성",
        "SentimentText": "뒤에 댐퍼까지 제품구성으로  포함되어있어 만족스러워요",
        "SentimentWord": "5",
        "SentimentPolarity": "1"
      }
    ]
  },
  {
    "Index": "38190",
    "RawText": "덮개커버가 부러져 있어요ㅜ 고장난 제품을 보내다니 최악이네요  소음이 발생되어 시끄럽네요",
    "Source": "쇼핑몰",
    "Domain": "가전",
    "MainCategory": "계절가전",
    "ProductName": "도리도리 동우산업 DWV-11DRB",
    "ReviewScore": "1",
    "Syllable": "49",
    "Word": "10",
    "RDate": "20180111",
    "GeneralPolarity": "-1",
    "Aspects": [
      {
        "Aspect": "품질",
        "SentimentText": "덮개커버가 부러져 있어요ㅜ 고장난 제품을 보내다니 최악이네요",
        "SentimentWord": "7",
        "SentimentPolarity": "-1"
      },
      {
        "Aspect": "소음",
        "SentimentText": "소음이 발생되어 시끄럽네요",
        "SentimentWord": "3",
        "SentimentPolarity": "-1"
      }
    ]
  },
  {
    "Index": "38192",
    "RawText": "빠르게 제품 보내주셔서 감사해요~  제품의 품질도 좋아서 만족스러워요 제품 작동시에 소음이 하나도 안나서 좋네요.",
    "Source": "쇼핑몰",
    "Domain": "가전",
    "MainCategory": "계절가전",
    "ProductName": "도리도리 동우산업 DWV-11DRB",
    "ReviewScore": "5",
    "Syllable": "63",
    "Word": "14",
    "RDate": "20160625",
    "GeneralPolarity": "1",
    "Aspects": [
      {
        "Aspect": "품질",
        "SentimentText": "제품의 품질도 좋아서 만족스러워요",
        "SentimentWord": "4",
        "SentimentPolarity": "1"
      },
      {
        "Aspect": "소음",
        "SentimentText": "제품 작동시에 소음이 하나도 안나서 좋네요.",
        "SentimentWord": "6",
        "SentimentPolarity": "1"
      }
    ]
  },
  {
    "Index": "38193",
    "RawText": "가성비 제품은 좋아요 만족합니다!  높이 길이가 맞지 않는것도 있었어요....",
    "Source": "쇼핑몰",
    "Domain": "가전",
    "MainCategory": "계절가전",
    "ProductName": "도리도리 동우산업 DWV-11DRB",
    "ReviewScore": "5",
    "Syllable": "43",
    "Word": "9",
    "RDate": "20211025",
    "GeneralPolarity": "0",
    "Aspects": [
      {
        "Aspect": "가격",
        "SentimentText": "가성비 제품은 좋아요 만족합니다!",
        "SentimentWord": "4",
        "SentimentPolarity": "1"
      },
      {
        "Aspect": "사이즈",
        "SentimentText": "높이 길이가 맞지 않는것도 있었어요....",
        "SentimentWord": "5",
        "SentimentPolarity": "-1"
      }
    ]
  },
  {
    "Index": "38194",
    "RawText": "저렴한 가격에 잘 구매했어요^^  플라스틱소재가 저렴해서 싸구려틱해 보여 아쉽네요",
    "Source": "쇼핑몰",
    "Domain": "가전",
    "MainCategory": "계절가전",
    "ProductName": "도리도리 동우산업 DWV-11DRB",
    "ReviewScore": "5",
    "Syllable": "45",
    "Word": "9",
    "RDate": "20180314",
    "GeneralPolarity": "0",
    "Aspects": [
      {
        "Aspect": "가격",
        "SentimentText": "저렴한 가격에 잘 구매했어요^^",
        "SentimentWord": "4",
        "SentimentPolarity": "1"
      },
      {
        "Aspect": "소재",
        "SentimentText": " 플라스틱소재가 저렴해서 싸구려틱해 보여 아쉽네요",
        "SentimentWord": "5",
        "SentimentPolarity": "-1"
      }
    ]
  },
  {
    "Index": "38196",
    "RawText": "환풍기능이 좋아 공기순환이 잘되요^^  설치도 쉽고 편리해서 만족합니다",
    "Source": "쇼핑몰",
    "Domain": "가전",
    "MainCategory": "계절가전",
    "ProductName": "도리도리 동우산업 DWV-11DRB",
    "ReviewScore": "5",
    "Syllable": "39",
    "Word": "8",
    "RDate": "20180326",
    "GeneralPolarity": "1",
    "Aspects": [
      {
        "Aspect": "기능",
        "SentimentText": "환풍기능이 좋아 공기순환이 잘되요^^",
        "SentimentWord": "4",
        "SentimentPolarity": "1"
      },
      {
        "Aspect": "조작성",
        "SentimentText": "설치도 쉽고 편리해서 만족합니다",
        "SentimentWord": "4",
        "SentimentPolarity": "1"
      }
    ]
  },
  {
    "Index": "38198",
    "RawText": "역류방지기능이 있어서 공기가 깨끗해서 좋아요~ 소음도 없어서 만족합니다.    ",
    "Source": "쇼핑몰",
    "Domain": "가전",
    "MainCategory": "계절가전",
    "ProductName": "도리도리 동우산업 DWV-11DRB",
    "ReviewScore": "5",
    "Syllable": "44",
    "Word": "8",
    "RDate": "20171220",
    "GeneralPolarity": "1",
    "Aspects": [
      {
        "Aspect": "기능",
        "SentimentText": "역류방지기능이 있어서 공기가 깨끗해서 좋아요~",
        "SentimentWord": "5",
        "SentimentPolarity": "1"
      },
      {
        "Aspect": "소음",
        "SentimentText": "소음도 없어서 만족합니다.",
        "SentimentWord": "3",
        "SentimentPolarity": "1"
      }
    ]
  },
  {
    "Index": "38200",
    "RawText": "흡입력이 강력해서 좋았어요  전선설치인데도 쉽고 간편해서 좋았어요!  소리도 조용해서  만족스러워요",
    "Source": "쇼핑몰",
    "Domain": "가전",
    "MainCategory": "계절가전",
    "ProductName": "도리도리 동우산업 DWV-11DRB",
    "ReviewScore": "5",
    "Syllable": "55",
    "Word": "10",
    "RDate": "20201219",
    "GeneralPolarity": "1",
    "Aspects": [
      {
        "Aspect": "기능",
        "SentimentText": "흡입력이 강력해서 좋았어요",
        "SentimentWord": "3",
        "SentimentPolarity": "1"
      },
      {
        "Aspect": "조작성",
        "SentimentText": "전선설치인데도 쉽고 간편해서 좋았어요!",
        "SentimentWord": "4",
        "SentimentPolarity": "1"
      },
      {
        "Aspect": "소음",
        "SentimentText": "소리도 조용해서  만족스러워요",
        "SentimentWord": "3",
        "SentimentPolarity": "1"
      }
    ]
  },
  {
    "Index": "38202",
    "RawText": "환풍기 틀자마자 마찰이 생기면서 고장났어요......화나요  소음도 꽤 커서 만족스럽지 않아요",
    "Source": "쇼핑몰",
    "Domain": "가전",
    "MainCategory": "계절가전",
    "ProductName": "도리도리 동우산업 DWV-11DRB",
    "ReviewScore": "2",
    "Syllable": "52",
    "Word": "10",
    "RDate": "20170518",
    "GeneralPolarity": "-1",
    "Aspects": [
      {
        "Aspect": "품질",
        "SentimentText": "환풍기 틀자마자 마찰이 생기면서 고장났어요......화나요",
        "SentimentWord": "5",
        "SentimentPolarity": "-1"
      },
      {
        "Aspect": "소음",
        "SentimentText": "소음도 꽤 커서 만족스럽지 않아요",
        "SentimentWord": "5",
        "SentimentPolarity": "-1"
      }
    ]
  },
  {
    "Index": "38204",
    "RawText": "공기순환기능이 좋아 만족해요!  소음은 좀 있어서 아쉽네요",
    "Source": "쇼핑몰",
    "Domain": "가전",
    "MainCategory": "계절가전",
    "ProductName": "도리도리 동우산업 DWV-11DRB",
    "ReviewScore": "5",
    "Syllable": "32",
    "Word": "7",
    "RDate": "20190829",
    "GeneralPolarity": "1",
    "Aspects": [
      {
        "Aspect": "기능",
        "SentimentText": "공기순환기능이 좋아 만족해요!",
        "SentimentWord": "3",
        "SentimentPolarity": "1"
      },
      {
        "Aspect": "소음",
        "SentimentText": "소음은 좀 있어서 아쉽네요",
        "SentimentWord": "4",
        "SentimentPolarity": "-1"
      }
    ]
  },
  {
    "Index": "38206",
    "RawText": "외부 공기 유입 차단 기능이 있어서 만족해요!  저렴한 가격에 맘에 들어요!  조용해서 좋네요",
    "Source": "쇼핑몰",
    "Domain": "가전",
    "MainCategory": "계절가전",
    "ProductName": "도리도리 동우산업 DWV-11DRB",
    "ReviewScore": "5",
    "Syllable": "52",
    "Word": "13",
    "RDate": "20180221",
    "GeneralPolarity": "1",
    "Aspects": [
      {
        "Aspect": "기능",
        "SentimentText": "외부 공기 유입 차단 기능이 있어서 만족해요!",
        "SentimentWord": "7",
        "SentimentPolarity": "1"
      },
      {
        "Aspect": "가격",
        "SentimentText": "저렴한 가격에 맘에 들어요!",
        "SentimentWord": "4",
        "SentimentPolarity": "1"
      },
      {
        "Aspect": "소음",
        "SentimentText": "조용해서 좋네요",
        "SentimentWord": "2",
        "SentimentPolarity": "1"
      }
    ]
  },
  {
    "Index": "38207",
    "RawText": "환풍기가 제대로 작동은 하는건지.....가까이가면 바람은 조금 느껴지네요..  환풍기 자체도 튼튼하지 않아요",
    "Source": "쇼핑몰",
    "Domain": "가전",
    "MainCategory": "계절가전",
    "ProductName": "도리도리 동우산업 DWV-11DRB",
    "ReviewScore": "5",
    "Syllable": "60",
    "Word": "11",
    "RDate": "20190623",
    "GeneralPolarity": "-1",
    "Aspects": [
      {
        "Aspect": "기능",
        "SentimentText": "환풍기가 제대로 작동은 하는건지.....가까이가면 바람은 조금 느껴지네요..",
        "SentimentWord": "7",
        "SentimentPolarity": "-1"
      },
      {
        "Aspect": "내구성",
        "SentimentText": "환풍기 자체도 튼튼하지 않아요",
        "SentimentWord": "4",
        "SentimentPolarity": "-1"
      }
    ]
  },
  {
    "Index": "38208",
    "RawText": "저렴한 가격으로 잘 사서 만족해요~!!   공기순환 속도는 좀 느려서 아쉽네요   ",
    "Source": "쇼핑몰",
    "Domain": "가전",
    "MainCategory": "계절가전",
    "ProductName": "도리도리 동우산업 DWV-11DRB",
    "ReviewScore": "5",
    "Syllable": "46",
    "Word": "10",
    "RDate": "20211206",
    "GeneralPolarity": "0",
    "Aspects": [
      {
        "Aspect": "가격",
        "SentimentText": "저렴한 가격으로 잘 사서 만족해요~!!",
        "SentimentWord": "5",
        "SentimentPolarity": "1"
      },
      {
        "Aspect": "시간/속도",
        "SentimentText": "공기순환 속도는 좀 느려서 아쉽네요",
        "SentimentWord": "5",
        "SentimentPolarity": "-1"
      }
    ]
  },
  {
    "Index": "38210",
    "RawText": "선풍기와 써큘레이터 두개 구성인줄 알았는데 한개만 왔어요 실망스러워요  제품 상단에 스크레치도 있고 기분이 나쁘네요ㅜ",
    "Source": "쇼핑몰",
    "Domain": "가전",
    "MainCategory": "계절가전",
    "ProductName": "루메나 오난코리아 FAN PRIME 2+ 1개",
    "ReviewScore": "5",
    "Syllable": "65",
    "Word": "14",
    "RDate": "20220714",
    "Aspects": [
      {
        "Aspect": "제품구성",
        "SentimentText": "선풍기와 써큘레이터 두개 구성인줄 알았는데 한개만 왔어요 실망스러워요",
        "SentimentWord": "8",
        "SentimentPolarity": "-1"
      },
      {
        "Aspect": "품질",
        "SentimentText": "제품 상단에 스크레치도 있고 기분이 나쁘네요ㅜ",
        "SentimentWord": "6",
        "SentimentPolarity": "-1"
      }
    ]
  },
  {
    "Index": "38211",
    "RawText": "거실에서 사용하기에는 사이즈가 생각보다 엄청 작아요...조금만 더 컸으면 괜찮았을것 같은데 아쉽네요. 하지만 바람은 무척 강하고 시원해서 좋아요~ 디자인도 귀엽고 예뻐서 잘 사용합니다.",
    "Source": "쇼핑몰",
    "Domain": "가전",
    "MainCategory": "계절가전",
    "ProductName": "루메나 오난코리아 FAN PRIME 2+ 1개",
    "ReviewScore": "5",
    "Syllable": "103",
    "Word": "22",
    "RDate": "20220629",
    "GeneralPolarity": "0",
    "Aspects": [
      {
        "Aspect": "사이즈",
        "SentimentText": "거실에서 사용하기에는 사이즈가 생각보다 엄청 작아요...조금만 더 컸으면 괜찮았을것 같은데 아쉽네요.",
        "SentimentWord": "11",
        "SentimentPolarity": "-1"
      },
      {
        "Aspect": "기능",
        "SentimentText": "하지만 바람은 무척 강하고 시원해서 좋아요~",
        "SentimentWord": "6",
        "SentimentPolarity": "1"
      },
      {
        "Aspect": "디자인",
        "SentimentText": " 디자인도 귀엽고 예뻐서 잘 사용합니다.",
        "SentimentWord": "5",
        "SentimentPolarity": "1"
      }
    ]
  },
  {
    "Index": "38212",
    "RawText": "사이즈가 큰것보다 작은 크기의 선풍기가 좋아서 구매했는데 좋습니다. 작아도 바람도 강하고 무척 시원하게 잘 나와서 만족합니다. ",
    "Source": "쇼핑몰",
    "Domain": "가전",
    "MainCategory": "계절가전",
    "ProductName": "루메나 오난코리아 FAN PRIME 2+ 1개",
    "ReviewScore": "5",
    "Syllable": "71",
    "Word": "16",
    "RDate": "20220525",
    "GeneralPolarity": "1",
    "Aspects": [
      {
        "Aspect": "사이즈",
        "SentimentText": "사이즈가 큰것보다 작은 크기의 선풍기가 좋아서 구매했는데 좋습니다.",
        "SentimentWord": "8",
        "SentimentPolarity": "1"
      },
      {
        "Aspect": "기능",
        "SentimentText": "작아도 바람도 강하고 무척 시원하게 잘 나와서 만족합니다.",
        "SentimentWord": "8",
        "SentimentPolarity": "1"
      }
    ]
  },
  {
    "Index": "38214",
    "RawText": "소음이 살짝 있으나 신경쓰일 정도는 아니예요. 크기는 손바닥만하게 작아서 귀여워요. 4단 풍속조절이 가능해서 바람이 정말 시원해서 마음에 듭니다.",
    "Source": "쇼핑몰",
    "Domain": "가전",
    "MainCategory": "계절가전",
    "ProductName": "루메나 오난코리아 FAN PRIME 2+ 1개",
    "ReviewScore": "5",
    "Syllable": "81",
    "Word": "18",
    "RDate": "20220629",
    "GeneralPolarity": "1",
    "Aspects": [
      {
        "Aspect": "소음",
        "SentimentText": "소음이 살짝 있으나 신경쓰일 정도는 아니예요.",
        "SentimentWord": "6",
        "SentimentPolarity": "0"
      },
      {
        "Aspect": "사이즈",
        "SentimentText": "크기는 손바닥만하게 작아서 귀여워요.",
        "SentimentWord": "4",
        "SentimentPolarity": "1"
      },
      {
        "Aspect": "기능",
        "SentimentText": "4단 풍속조절이 가능해서 바람이 정말 시원해서 마음에 듭니다.",
        "SentimentWord": "8",
        "SentimentPolarity": "1"
      }
    ]
  },
  {
    "Index": "38215",
    "RawText": "낮은 단계는 조용하지만 단계를 올릴수록 소음이 커져서 시끄러워요. 리모컨도 있어서 편하게 사용할 수 있고 타이머 설정과 회전기능이 있어서 잠잘때 켜놓고 쓰기 좋아요. 깔끔한 디자인이 마음에 쏙 들어요.",
    "Source": "쇼핑몰",
    "Domain": "가전",
    "MainCategory": "계절가전",
    "ProductName": "루메나 오난코리아 FAN PRIME 2+ 1개",
    "ReviewScore": "5",
    "Syllable": "112",
    "Word": "27",
    "RDate": "20220707",
    "GeneralPolarity": "1",
    "Aspects": [
      {
        "Aspect": "소음",
        "SentimentText": "낮은 단계는 조용하지만 단계를 올릴수록 소음이 커져서 시끄러워요.",
        "SentimentWord": "8",
        "SentimentPolarity": "-1"
      },
      {
        "Aspect": "편의성",
        "SentimentText": "리모컨도 있어서 편하게 사용할 수 있고",
        "SentimentWord": "6",
        "SentimentPolarity": "1"
      },
      {
        "Aspect": "기능",
        "SentimentText": "타이머 설정과 회전기능이 있어서 잠잘때 켜놓고 쓰기 좋아요.",
        "SentimentWord": "8",
        "SentimentPolarity": "1"
      },
      {
        "Aspect": "디자인",
        "SentimentText": "깔끔한 디자인이 마음에 쏙 들어요.",
        "SentimentWord": "5",
        "SentimentPolarity": "1"
      }
    ]
  },
  {
    "Index": "38216",
    "RawText": "바람은 시원하게 불고 만족합니다!  저렴한 가격에 구입했어요 만족합니다.",
    "Source": "쇼핑몰",
    "Domain": "가전",
    "MainCategory": "계절가전",
    "ProductName": "루메나 오난코리아 FAN PRIME 2+ 1개",
    "ReviewScore": "5",
    "Syllable": "40",
    "Word": "8",
    "RDate": "20220710",
    "GeneralPolarity": "1",
    "Aspects": [
      {
        "Aspect": "기능",
        "SentimentText": "바람은 시원하게 불고 만족합니다!",
        "SentimentWord": "4",
        "SentimentPolarity": "1"
      },
      {
        "Aspect": "가격",
        "SentimentText": "저렴한 가격에 구입했어요 만족합니다.",
        "SentimentWord": "4",
        "SentimentPolarity": "1"
      }
    ]
  },
  {
    "Index": "38218",
    "RawText": "이전 모델보다 떨림도 덜해 좋아요   바람도 시원하고 좋네요!  AS도 바로바로 해주셔서 만족합니다.",
    "Source": "쇼핑몰",
    "Domain": "가전",
    "MainCategory": "계절가전",
    "ProductName": "루메나 오난코리아 FAN PRIME 2+ 1개",
    "ReviewScore": "5",
    "Syllable": "56",
    "Word": "12",
    "RDate": "20220704",
    "Aspects": [
      {
        "Aspect": "품질",
        "SentimentText": "이전 모델보다 떨림도 덜해 좋아요",
        "SentimentWord": "5",
        "SentimentPolarity": "1"
      },
      {
        "Aspect": "기능",
        "SentimentText": "바람도 시원하고 좋네요!",
        "SentimentWord": "3",
        "SentimentPolarity": "1"
      }
    ]
  },
  {
    "Index": "38220",
    "RawText": "할인되서 저렴한 가격에 잘 구매했어요  타프걸이까지 있어 좋아요 ",
    "Source": "쇼핑몰",
    "Domain": "가전",
    "MainCategory": "계절가전",
    "ProductName": "루메나 오난코리아 FAN PRIME 2+ 1개",
    "ReviewScore": "5",
    "Syllable": "36",
    "Word": "8",
    "RDate": "20220608",
    "GeneralPolarity": "1",
    "Aspects": [
      {
        "Aspect": "가격",
        "SentimentText": "할인되서 저렴한 가격에 잘 구매했어요",
        "SentimentWord": "5",
        "SentimentPolarity": "1"
      },
      {
        "Aspect": "제품구성",
        "SentimentText": "타프걸이까지 있어 좋아요",
        "SentimentWord": "3",
        "SentimentPolarity": "1"
      }
    ]
  },
  {
    "Index": "38222",
    "RawText": "제품 품질이 좋아 재구매했어요  그런데 날개가 분리가 안되서 청소가 너무 불편하네요",
    "Source": "쇼핑몰",
    "Domain": "가전",
    "MainCategory": "계절가전",
    "ProductName": "루메나 오난코리아 FAN PRIME 2+ 1개",
    "ReviewScore": "4",
    "Syllable": "46",
    "Word": "11",
    "RDate": "20220608",
    "GeneralPolarity": "0",
    "Aspects": [
      {
        "Aspect": "품질",
        "SentimentText": "제품 품질이 좋아 재구매했어요",
        "SentimentWord": "4",
        "SentimentPolarity": "1"
      },
      {
        "Aspect": "편의성",
        "SentimentText": "그런데 날개가 분리가 안되서 청소가 너무 불편하네요",
        "SentimentWord": "7",
        "SentimentPolarity": "-1"
      }
    ]
  },
  {
    "Index": "38223",
    "RawText": "단계를 높이면 소음이 있어서 아쉽네요  하지만 바람은 정말 강해서 만족해요 ",
    "Source": "쇼핑몰",
    "Domain": "가전",
    "MainCategory": "계절가전",
    "ProductName": "루메나 오난코리아 FAN PRIME 2+ 1개",
    "ReviewScore": "5",
    "Syllable": "42",
    "Word": "10",
    "RDate": "20220614",
    "GeneralPolarity": "0",
    "Aspects": [
      {
        "Aspect": "소음",
        "SentimentText": "단계를 높이면 소음이 있어서 아쉽네요",
        "SentimentWord": "5",
        "SentimentPolarity": "-1"
      },
      {
        "Aspect": "기능",
        "SentimentText": "하지만 바람은 정말 강해서 만족해요",
        "SentimentWord": "5",
        "SentimentPolarity": "1"
      }
    ]
  },
  {
    "Index": "38224",
    "RawText": "이전 제품보다 바람도 세고 튼튼하고 성능이 좋네요  팬도 커서 좋네요  색감도 고급스러워요  퀄리티가 남달라서 좋아요!  무게도 묵직해서 만족합니다! ",
    "Source": "쇼핑몰",
    "Domain": "가전",
    "MainCategory": "계절가전",
    "ProductName": "루메나 오난코리아 FAN PRIME 2+ 1개",
    "ReviewScore": "5",
    "Syllable": "84",
    "Word": "18",
    "RDate": "20220709",
    "GeneralPolarity": "1",
    "Aspects": [
      {
        "Aspect": "기능",
        "SentimentText": "이전 제품보다 바람도 세고 튼튼하고 성능이 좋네요",
        "SentimentWord": "7",
        "SentimentPolarity": "1"
      },
      {
        "Aspect": "사이즈",
        "SentimentText": "팬도 커서 좋네요",
        "SentimentWord": "3",
        "SentimentPolarity": "1"
      },
      {
        "Aspect": "색상",
        "SentimentText": "색감도 고급스러워요",
        "SentimentWord": "2",
        "SentimentPolarity": "1"
      },
      {
        "Aspect": "무게",
        "SentimentText": " 무게도 묵직해서 만족합니다!",
        "SentimentWord": "3",
        "SentimentPolarity": "1"
      },
      {
        "Aspect": "품질",
        "SentimentText": "퀄리티가 남달라서 좋아요!",
        "SentimentWord": "3",
        "SentimentPolarity": "1"
      }
    ]
  },
  {
    "Index": "38225",
    "RawText": "최고단계로 틀면 시끄러운데 1~3단은 조용하니 사용하기 좋아요.(  회전기능도 있어서 만족해요~음식하거나 화장할 때 쓰기 편해요~  ",
    "Source": "쇼핑몰",
    "Domain": "가전",
    "MainCategory": "계절가전",
    "ProductName": "루메나 오난코리아 FAN PRIME 2+ 1개",
    "ReviewScore": "5",
    "Syllable": "74",
    "Word": "14",
    "RDate": "20220719",
    "GeneralPolarity": "0",
    "Aspects": [
      {
        "Aspect": "소음",
        "SentimentText": "최고단계로 틀면 시끄러운데 1~3단은 조용하니 사용하기 좋아요.(",
        "SentimentWord": "7",
        "SentimentPolarity": "0"
      },
      {
        "Aspect": "기능",
        "SentimentText": " 회전기능도 있어서 만족해요~",
        "SentimentWord": "3",
        "SentimentPolarity": "1"
      },
      {
        "Aspect": "편의성",
        "SentimentText": "음식하거나 화장할 때 쓰기 편해요~",
        "SentimentWord": "5",
        "SentimentPolarity": "0"
      }
    ]
  },
  {
    "Index": "38228",
    "RawText": "할인까지 받아 저렴하게 구입해서 만족해요  리모콘도 구성품으로 있어서 좋아요  회전기능도 있어서 만족합니다",
    "Source": "쇼핑몰",
    "Domain": "가전",
    "MainCategory": "계절가전",
    "ProductName": "루메나 오난코리아 FAN PRIME 2+ 1개",
    "ReviewScore": "5",
    "Syllable": "59",
    "Word": "12",
    "RDate": "20220709",
    "GeneralPolarity": "1",
    "Aspects": [
      {
        "Aspect": "가격",
        "SentimentText": "할인까지 받아 저렴하게 구입해서 만족해요",
        "SentimentWord": "5",
        "SentimentPolarity": "1"
      },
      {
        "Aspect": "제품구성",
        "SentimentText": "리모콘도 구성품으로 있어서 좋아요",
        "SentimentWord": "4",
        "SentimentPolarity": "1"
      },
      {
        "Aspect": "기능",
        "SentimentText": "회전기능도 있어서 만족합니다",
        "SentimentWord": "3",
        "SentimentPolarity": "1"
      }
    ]
  },
  {
    "Index": "38229",
    "RawText": "가격이 비싸지만  바람이 시원하게 잘나와 성능도 좋네요  사용하기도 편리해서 만족합니다.",
    "Source": "쇼핑몰",
    "Domain": "가전",
    "MainCategory": "계절가전",
    "ProductName": "루메나 오난코리아 FAN PRIME 2+ 1개",
    "ReviewScore": "5",
    "Syllable": "49",
    "Word": "10",
    "RDate": "20220821",
    "GeneralPolarity": "1",
    "Aspects": [
      {
        "Aspect": "가격",
        "SentimentText": "가격이 비싸지만",
        "SentimentWord": "2",
        "SentimentPolarity": "-1"
      },
      {
        "Aspect": "기능",
        "SentimentText": "바람이 시원하게 잘나와 성능도 좋네요",
        "SentimentWord": "5",
        "SentimentPolarity": "1"
      },
      {
        "Aspect": "편의성",
        "SentimentText": "사용하기도 편리해서 만족합니다.",
        "SentimentWord": "3",
        "SentimentPolarity": "1"
      }
    ]
  },
  {
    "Index": "38230",
    "RawText": "시원한 바람이 잘 나와서 만족해요  가격대비 최고예요 만족합니다.",
    "Source": "쇼핑몰",
    "Domain": "가전",
    "MainCategory": "계절가전",
    "ProductName": "루메나 오난코리아 FAN PRIME 2+ 1개",
    "ReviewScore": "5",
    "Syllable": "36",
    "Word": "8",
    "RDate": "20220609",
    "GeneralPolarity": "1",
    "Aspects": [
      {
        "Aspect": "기능",
        "SentimentText": "시원한 바람이 잘 나와서 만족해요",
        "SentimentWord": "5",
        "SentimentPolarity": "1"
      },
      {
        "Aspect": "가격",
        "SentimentText": "가격대비 최고예요 만족합니다.",
        "SentimentWord": "3",
        "SentimentPolarity": "1"
      }
    ]
  },
  {
    "Index": "38231",
    "RawText": "가격 대비 최고예요!  타 선풍기에 비해 힘이 좋아 바람도 세서 좋네요!",
    "Source": "쇼핑몰",
    "Domain": "가전",
    "MainCategory": "계절가전",
    "ProductName": "루메나 오난코리아 FAN PRIME 2+ 1개",
    "ReviewScore": "5",
    "Syllable": "40",
    "Word": "11",
    "RDate": "20220614",
    "GeneralPolarity": "1",
    "Aspects": [
      {
        "Aspect": "가격",
        "SentimentText": "가격 대비 최고예요!",
        "SentimentWord": "3",
        "SentimentPolarity": "1"
      },
      {
        "Aspect": "기능",
        "SentimentText": "타 선풍기에 비해 힘이 좋아 바람도 세서 좋네요!",
        "SentimentWord": "8",
        "SentimentPolarity": "1"
      }
    ]
  },
  {
    "Index": "38232",
    "RawText": "가격은 비싸지만  제품 퀄리티가 좋아 튼튼하네요",
    "Source": "쇼핑몰",
    "Domain": "가전",
    "MainCategory": "계절가전",
    "ProductName": "루메나 오난코리아 FAN PRIME 2+ 1개",
    "ReviewScore": "5",
    "Syllable": "26",
    "Word": "6",
    "RDate": "20220627",
    "GeneralPolarity": "1",
    "Aspects": [
      {
        "Aspect": "가격",
        "SentimentText": "가격은 비싸지만",
        "SentimentWord": "2",
        "SentimentPolarity": "-1"
      },
      {
        "Aspect": "품질",
        "SentimentText": "제품 퀄리티가 좋아 튼튼하네요",
        "SentimentWord": "4",
        "SentimentPolarity": "1"
      }
    ]
  },
  {
    "Index": "38233",
    "RawText": "비싼 가격이 아쉽지만 품질이 정말 만족스럽습니다. 바람세기도 세고 회전기능이 있어 시원하게 잘 사용하고 있어요.",
    "Source": "쇼핑몰",
    "Domain": "가전",
    "MainCategory": "계절가전",
    "ProductName": "루메나 오난코리아 FAN PRIME 2+ 1개",
    "ReviewScore": "5",
    "Syllable": "62",
    "Word": "14",
    "RDate": "20220608",
    "GeneralPolarity": "1",
    "Aspects": [
      {
        "Aspect": "가격",
        "SentimentText": "비싼 가격이 아쉽지만",
        "SentimentWord": "3",
        "SentimentPolarity": "-1"
      },
      {
        "Aspect": "품질",
        "SentimentText": "품질이 정말 만족스럽습니다.",
        "SentimentWord": "3",
        "SentimentPolarity": "1"
      },
      {
        "Aspect": "기능",
        "SentimentText": "바람세기도 세고 회전기능이 있어 시원하게 잘 사용하고 있어요.",
        "SentimentWord": "8",
        "SentimentPolarity": "1"
      }
    ]
  },
  {
    "Index": "38234",
    "RawText": "무게가 가벼워서 좋네요!!  들고다니기 편리해서 만족해요~  바람도 강해서  멀리까지 시원해져서 만족합니다",
    "Source": "쇼핑몰",
    "Domain": "가전",
    "MainCategory": "계절가전",
    "ProductName": "루메나 오난코리아 FAN PRIME 2+ 1개",
    "ReviewScore": "5",
    "Syllable": "59",
    "Word": "11",
    "RDate": "20220725",
    "GeneralPolarity": "1",
    "Aspects": [
      {
        "Aspect": "무게",
        "SentimentText": "무게가 가벼워서 좋네요!!",
        "SentimentWord": "3",
        "SentimentPolarity": "1"
      },
      {
        "Aspect": "편의성",
        "SentimentText": "들고다니기 편리해서 만족해요~",
        "SentimentWord": "3",
        "SentimentPolarity": "1"
      },
      {
        "Aspect": "기능",
        "SentimentText": "바람도 강해서  멀리까지 시원해져서 만족합니다",
        "SentimentWord": "5",
        "SentimentPolarity": "1"
      }
    ]
  },
  {
    "Index": "38235",
    "RawText": "할인까지 쓰고 저렴한 가격에 구입해서 만족해요!  소음도 조용해서 좋네요!  한번 충전으로 오래사용할 수 있어 좋네요 ",
    "Source": "쇼핑몰",
    "Domain": "가전",
    "MainCategory": "계절가전",
    "ProductName": "루메나 오난코리아 FAN PRIME 2+ 1개",
    "ReviewScore": "5",
    "Syllable": "66",
    "Word": "15",
    "RDate": "20220711",
    "GeneralPolarity": "1",
    "Aspects": [
      {
        "Aspect": "가격",
        "SentimentText": "할인까지 쓰고 저렴한 가격에 구입해서 만족해요!",
        "SentimentWord": "6",
        "SentimentPolarity": "1"
      },
      {
        "Aspect": "소음",
        "SentimentText": " 소음도 조용해서 좋네요!",
        "SentimentWord": "3",
        "SentimentPolarity": "1"
      },
      {
        "Aspect": "배터리",
        "SentimentText": "한번 충전으로 오래사용할 수 있어 좋네요",
        "SentimentWord": "6",
        "SentimentPolarity": "1"
      }
    ]
  },
  {
    "Index": "38236",
    "RawText": "고급스러운 디자인이 멋져요. 무게가 있는 편이라 넘어질 걱정 없어 좋아요. 가격이 비싼 건 아쉽지만, 역시 000 이름값을 하네요. 추천해요.",
    "Source": "쇼핑몰",
    "Domain": "가전",
    "MainCategory": "계절가전",
    "ProductName": "루메나 오난코리아 FAN PRIME 2+ 1개",
    "ReviewScore": "5",
    "Syllable": "79",
    "Word": "19",
    "RDate": "20220608",
    "GeneralPolarity": "1",
    "Aspects": [
      {
        "Aspect": "디자인",
        "SentimentText": "고급스러운 디자인이 멋져요.",
        "SentimentWord": "3",
        "SentimentPolarity": "1"
      },
      {
        "Aspect": "무게",
        "SentimentText": "무게가 있는 편이라 넘어질 걱정 없어 좋아요.",
        "SentimentWord": "7",
        "SentimentPolarity": "1"
      },
      {
        "Aspect": "가격",
        "SentimentText": "가격이 비싼 건 아쉽지만",
        "SentimentWord": "4",
        "SentimentPolarity": "-1"
      },
      {
        "Aspect": "제조일/제조사",
        "SentimentText": "역시 000 이름값을 하네요.",
        "SentimentWord": "4",
        "SentimentPolarity": "1"
      }
    ]
  },
  {
    "Index": "38237",
    "RawText": "리모컨 불량으로 기분이 나빴어요ㅜ  바람도 쎄서 시원하고 선풍기도 맘에 드네요.",
    "Source": "쇼핑몰",
    "Domain": "가전",
    "MainCategory": "계절가전",
    "ProductName": "루메나 오난코리아 FAN PRIME 2+ 1개",
    "ReviewScore": "4",
    "Syllable": "44",
    "Word": "10",
    "RDate": "20220711",
    "Aspects": [
      {
        "Aspect": "품질",
        "SentimentText": "리모컨 불량으로 기분이 나빴어요ㅜ",
        "SentimentWord": "4",
        "SentimentPolarity": "-1"
      },
      {
        "Aspect": "기능",
        "SentimentText": "바람도 쎄서 시원하고 선풍기도 맘에 드네요.",
        "SentimentWord": "6",
        "SentimentPolarity": "1"
      }
    ]
  },
  {
    "Index": "38241",
    "RawText": "엄청 시원하고 기능도 다양해서 만족합니다!  디자인도 심플하고 예뻐요^^  소음도 조용해서 만족합니다.",
    "Source": "쇼핑몰",
    "Domain": "가전",
    "MainCategory": "계절가전",
    "ProductName": "루메나 오난코리아 FAN PRIME 2+ 1개",
    "ReviewScore": "5",
    "Syllable": "57",
    "Word": "11",
    "RDate": "20220705",
    "GeneralPolarity": "1",
    "Aspects": [
      {
        "Aspect": "기능",
        "SentimentText": "엄청 시원하고 기능도 다양해서 만족합니다!",
        "SentimentWord": "5",
        "SentimentPolarity": "1"
      },
      {
        "Aspect": "디자인",
        "SentimentText": "디자인도 심플하고 예뻐요^^",
        "SentimentWord": "3",
        "SentimentPolarity": "1"
      },
      {
        "Aspect": "소음",
        "SentimentText": "소음도 조용해서 만족합니다.",
        "SentimentWord": "3",
        "SentimentPolarity": "1"
      }
    ]
  },
  {
    "Index": "38243",
    "RawText": "이전에 사용하던 제품은 기능이 적어 사용하기 불편했는데, 이 제품은 회전모드가 있고 높낮이 조절이 되어 만족해요. 리모컨이 있어 사용이 편리해서 재구매 합니다.",
    "Source": "쇼핑몰",
    "Domain": "가전",
    "MainCategory": "계절가전",
    "ProductName": "루메나 오난코리아 FAN PRIME 2+ 1개",
    "ReviewScore": "5",
    "Syllable": "89",
    "Word": "21",
    "RDate": "20220706",
    "GeneralPolarity": "1",
    "Aspects": [
      {
        "Aspect": "기능",
        "SentimentText": "회전모드가 있고 높낮이 조절이 되어 만족해요.",
        "SentimentWord": "6",
        "SentimentPolarity": "1"
      },
      {
        "Aspect": "편의성",
        "SentimentText": "리모컨이 있어 사용이 편리해서 재구매 합니다.",
        "SentimentWord": "6",
        "SentimentPolarity": "1"
      }
    ]
  },
  {
    "Index": "38247",
    "RawText": "소음이 없어서 조용해서 만족해요  깜빡거림으로 완충여부를 알수있어 편리해요",
    "Source": "쇼핑몰",
    "Domain": "가전",
    "MainCategory": "계절가전",
    "ProductName": "루메나 오난코리아 FAN PRIME 2+ 1개",
    "ReviewScore": "5",
    "Syllable": "41",
    "Word": "8",
    "RDate": "20220803",
    "GeneralPolarity": "1",
    "Aspects": [
      {
        "Aspect": "소음",
        "SentimentText": "소음이 없어서 조용해서 만족해요",
        "SentimentWord": "4",
        "SentimentPolarity": "1"
      },
      {
        "Aspect": "편의성",
        "SentimentText": "깜빡거림으로 완충여부를 알수있어 편리해요",
        "SentimentWord": "4",
        "SentimentPolarity": "1"
      }
    ]
  },
  {
    "Index": "38248",
    "RawText": "디자인이 너무 예쁘고 카키색상 정말 고급스럽고 마음에 들어요. 무게가 있는 편이라 넘어지지 않아 편하고 바람세기도 강해서 캠핑장에서 잘 사용하고 있어요. 카드할인 받아서 저렴하게 구입해서 만족합니다.",
    "Source": "쇼핑몰",
    "Domain": "가전",
    "MainCategory": "계절가전",
    "ProductName": "루메나 오난코리아 FAN PRIME 2+ 1개",
    "ReviewScore": "5",
    "Syllable": "111",
    "Word": "25",
    "RDate": "20220705",
    "GeneralPolarity": "1",
    "Aspects": [
      {
        "Aspect": "디자인",
        "SentimentText": "디자인이 너무 예쁘고",
        "SentimentWord": "3",
        "SentimentPolarity": "1"
      },
      {
        "Aspect": "색상",
        "SentimentText": "카키색상 정말 고급스럽고 마음에 들어요.",
        "SentimentWord": "5",
        "SentimentPolarity": "1"
      },
      {
        "Aspect": "무게",
        "SentimentText": "무게가 있는 편이라 넘어지지 않아 편하고",
        "SentimentWord": "6",
        "SentimentPolarity": "1"
      },
      {
        "Aspect": "기능",
        "SentimentText": "바람세기도 강해서 캠핑장에서 잘 사용하고 있어요.",
        "SentimentWord": "6",
        "SentimentPolarity": "1"
      },
      {
        "Aspect": "가격",
        "SentimentText": "카드할인 받아서 저렴하게 구입해서 만족합니다.",
        "SentimentWord": "5",
        "SentimentPolarity": "1"
      }
    ]
  },
  {
    "Index": "38249",
    "RawText": "리모콘도 있어 좋네요!! 시원한 바람이 정말 만족스러워요 타이머 기능도 있어서 굿이예요! ",
    "Source": "쇼핑몰",
    "Domain": "가전",
    "MainCategory": "계절가전",
    "ProductName": "루메나 오난코리아 FAN PRIME 2+ 1개",
    "ReviewScore": "5",
    "Syllable": "50",
    "Word": "11",
    "RDate": "20220617",
    "GeneralPolarity": "1",
    "Aspects": [
      {
        "Aspect": "제품구성",
        "SentimentText": "리모콘도 있어 좋네요!!",
        "SentimentWord": "3",
        "SentimentPolarity": "1"
      },
      {
        "Aspect": "기능",
        "SentimentText": "시원한 바람이 정말 만족스러워요 타이머 기능도 있어서 굿이예요!",
        "SentimentWord": "8",
        "SentimentPolarity": "1"
      }
    ]
  },
  {
    "Index": "38251",
    "RawText": "바람도 시원하고 너무 좋네요!!  ooo브랜드 믿고 구매했는데 만족해요!",
    "Source": "쇼핑몰",
    "Domain": "가전",
    "MainCategory": "계절가전",
    "ProductName": "루메나 오난코리아 FAN PRIME 2+ 1개",
    "ReviewScore": "5",
    "Syllable": "40",
    "Word": "8",
    "RDate": "20220714",
    "GeneralPolarity": "1",
    "Aspects": [
      {
        "Aspect": "기능",
        "SentimentText": "바람도 시원하고 너무 좋네요!!",
        "SentimentWord": "4",
        "SentimentPolarity": "1"
      },
      {
        "Aspect": "제조일/제조사",
        "SentimentText": "ooo브랜드 믿고 구매했는데 만족해요!",
        "SentimentWord": "4",
        "SentimentPolarity": "1"
      }
    ]
  },
  {
    "Index": "38252",
    "RawText": "바람이 시원해서 너무 만족해요!  리모콘도 구성품에 있어서 너무 좋네요!  ",
    "Source": "쇼핑몰",
    "Domain": "가전",
    "MainCategory": "계절가전",
    "ProductName": "루메나 오난코리아 FAN PRIME 2+ 1개",
    "ReviewScore": "4",
    "Syllable": "42",
    "Word": "9",
    "RDate": "20220817",
    "GeneralPolarity": "1",
    "Aspects": [
      {
        "Aspect": "기능",
        "SentimentText": "바람이 시원해서 너무 만족해요!",
        "SentimentWord": "4",
        "SentimentPolarity": "1"
      },
      {
        "Aspect": "제품구성",
        "SentimentText": " 리모콘도 구성품에 있어서 너무 좋네요!",
        "SentimentWord": "5",
        "SentimentPolarity": "1"
      }
    ]
  },
  {
    "Index": "38253",
    "RawText": "네이비블루.화이트 두가지 색상다 너무 맘에 들어요  ooo브랜드 역시나 너무 좋네요!!",
    "Source": "쇼핑몰",
    "Domain": "가전",
    "MainCategory": "계절가전",
    "ProductName": "루메나 오난코리아 FAN PRIME 2+ 1개",
    "ReviewScore": "5",
    "Syllable": "48",
    "Word": "10",
    "RDate": "20220712",
    "GeneralPolarity": "1",
    "Aspects": [
      {
        "Aspect": "색상",
        "SentimentText": "네이비블루.화이트 두가지 색상다 너무 맘에 들어요",
        "SentimentWord": "6",
        "SentimentPolarity": "1"
      },
      {
        "Aspect": "제조일/제조사",
        "SentimentText": "ooo브랜드 역시나 너무 좋네요!!",
        "SentimentWord": "4",
        "SentimentPolarity": "1"
      }
    ]
  },
  {
    "Index": "38254",
    "RawText": "높이조절 가능하며 회전기능도 되며 바람도 세서 마음에 들어요. 충전잔량 표시가 자세히 되어있지 않아 아쉬워요.",
    "Source": "쇼핑몰",
    "Domain": "가전",
    "MainCategory": "계절가전",
    "ProductName": "루메나 오난코리아 FAN PRIME 2+ 1개",
    "ReviewScore": "4",
    "Syllable": "61",
    "Word": "14",
    "RDate": "20220702",
    "GeneralPolarity": "0",
    "Aspects": [
      {
        "Aspect": "기능",
        "SentimentText": "높이조절 가능하며 회전기능도 되며 바람도 세서 마음에 들어요.",
        "SentimentWord": "8",
        "SentimentPolarity": "1"
      },
      {
        "Aspect": "배터리",
        "SentimentText": "충전잔량 표시가 자세히 되어있지 않아 아쉬워요.",
        "SentimentWord": "6",
        "SentimentPolarity": "-1"
      }
    ]
  },
  {
    "Index": "38255",
    "RawText": "단계를 올리니 소음이 있어 아쉽네요  타이머, 바람단계 조절 기능이 있어서 만족해요!",
    "Source": "쇼핑몰",
    "Domain": "가전",
    "MainCategory": "계절가전",
    "ProductName": "루메나 오난코리아 FAN PRIME 2+ 1개",
    "ReviewScore": "5",
    "Syllable": "47",
    "Word": "11",
    "RDate": "20220611",
    "GeneralPolarity": "0",
    "Aspects": [
      {
        "Aspect": "소음",
        "SentimentText": "단계를 올리니 소음이 있어 아쉽네요",
        "SentimentWord": "5",
        "SentimentPolarity": "-1"
      },
      {
        "Aspect": "기능",
        "SentimentText": "타이머, 바람단계 조절 기능이 있어서 만족해요!",
        "SentimentWord": "6",
        "SentimentPolarity": "1"
      }
    ]
  },
  {
    "Index": "38256",
    "RawText": "소음없어요 시원한바람 좋아요 좌우고정이 안되서 불편합니다",
    "Source": "쇼핑몰",
    "Domain": "가전",
    "MainCategory": "계절가전",
    "ProductName": "루메나 오난코리아 FAN PRIME 2+ 1개",
    "ReviewScore": "4",
    "Syllable": "31",
    "Word": "6",
    "RDate": "20220611",
    "Aspects": [
      {
        "Aspect": "소음",
        "SentimentText": "소음없어요",
        "SentimentWord": "1",
        "SentimentPolarity": "1"
      },
      {
        "Aspect": "기능",
        "SentimentText": "시원한바람 좋아요",
        "SentimentWord": "2",
        "SentimentPolarity": "1"
      },
      {
        "Aspect": "편의성",
        "SentimentText": "좌우고정이 안되서 불편합니다",
        "SentimentWord": "3",
        "SentimentPolarity": "-1"
      }
    ]
  },
  {
    "Index": "38257",
    "RawText": "일반 선풍기인줄 알고 구입했는데 탁상용 선풍기처럼 작은 사이즈여서 아쉬웠어요. 그래도 무선기능이 있어서 만족해요. 휴대가 편리하여 유용하게 사용할수 있어요.",
    "Source": "쇼핑몰",
    "Domain": "가전",
    "MainCategory": "계절가전",
    "ProductName": "루메나 오난코리아 FAN PRIME 2+ 1개",
    "ReviewScore": "5",
    "Syllable": "87",
    "Word": "18",
    "RDate": "20220714",
    "GeneralPolarity": "0",
    "Aspects": [
      {
        "Aspect": "사이즈",
        "SentimentText": "탁상용 선풍기처럼 작은 사이즈여서 아쉬웠어요.",
        "SentimentWord": "5",
        "SentimentPolarity": "-1"
      },
      {
        "Aspect": "기능",
        "SentimentText": "무선기능이 있어서 만족해요.",
        "SentimentWord": "3",
        "SentimentPolarity": "1"
      },
      {
        "Aspect": "편의성",
        "SentimentText": "휴대가 편리하여 유용하게 사용할수 있어요.",
        "SentimentWord": "5",
        "SentimentPolarity": "1"
      }
    ]
  },
  {
    "Index": "38258",
    "RawText": "높이조절이 많이 조절되었음 좋을텐데 아쉬워요   밤에 자는동안 계속 틀어놓기에는 배터리가 부족하네요.",
    "Source": "쇼핑몰",
    "Domain": "가전",
    "MainCategory": "계절가전",
    "ProductName": "루메나 오난코리아 FAN PRIME 2+ 1개",
    "ReviewScore": "5",
    "Syllable": "56",
    "Word": "11",
    "RDate": "20220702",
    "Aspects": [
      {
        "Aspect": "조작성",
        "SentimentText": "높이조절이 많이 조절되었음 좋을텐데 아쉬워요",
        "SentimentWord": "5",
        "SentimentPolarity": "-1"
      },
      {
        "Aspect": "배터리",
        "SentimentText": " 밤에 자는동안 계속 틀어놓기에는 배터리가 부족하네요.",
        "SentimentWord": "6",
        "SentimentPolarity": "-1"
      }
    ]
  },
  {
    "Index": "38260",
    "RawText": "미니 사이즈가 너무 귀엽고 디자인도 예뻐서 마음에 들어요. 바람이 세서 만족하며 잘 쓰고 있었는데 구매한지 한달도 되지않아 고장이 났네요......",
    "Source": "쇼핑몰",
    "Domain": "가전",
    "MainCategory": "계절가전",
    "ProductName": "루메나 오난코리아 FAN PRIME 2+ 1개",
    "ReviewScore": "1",
    "Syllable": "82",
    "Word": "19",
    "RDate": "20220630",
    "GeneralPolarity": "0",
    "Aspects": [
      {
        "Aspect": "사이즈",
        "SentimentText": "미니 사이즈가 너무 귀엽고",
        "SentimentWord": "4",
        "SentimentPolarity": "1"
      },
      {
        "Aspect": "디자인",
        "SentimentText": "디자인도 예뻐서 마음에 들어요.",
        "SentimentWord": "4",
        "SentimentPolarity": "1"
      },
      {
        "Aspect": "기능",
        "SentimentText": "바람이 세서 만족하며 잘 쓰고 있었는데",
        "SentimentWord": "6",
        "SentimentPolarity": "1"
      },
      {
        "Aspect": "품질",
        "SentimentText": "구매한지 한달도 되지않아 고장이 났네요......",
        "SentimentWord": "5",
        "SentimentPolarity": "-1"
      }
    ]
  },
  {
    "Index": "38261",
    "RawText": "디자인이 심플하고 예뻐요!  소음도 없어 좋네요  바람은 에어컨처럼 시원하게 나와 만족합니다!",
    "Source": "쇼핑몰",
    "Domain": "가전",
    "MainCategory": "계절가전",
    "ProductName": "루메나 오난코리아 FAN PRIME 2+ 1개",
    "ReviewScore": "4",
    "Syllable": "52",
    "Word": "11",
    "RDate": "20220621",
    "GeneralPolarity": "1",
    "Aspects": [
      {
        "Aspect": "디자인",
        "SentimentText": "디자인이 심플하고 예뻐요!",
        "SentimentWord": "3",
        "SentimentPolarity": "1"
      },
      {
        "Aspect": "소음",
        "SentimentText": " 소음도 없어 좋네요",
        "SentimentWord": "3",
        "SentimentPolarity": "1"
      },
      {
        "Aspect": "기능",
        "SentimentText": "바람은 에어컨처럼 시원하게 나와 만족합니다!",
        "SentimentWord": "5",
        "SentimentPolarity": "1"
      }
    ]
  },
  {
    "Index": "38262",
    "RawText": "디자인이 예뻐서 좋아요. 무선 제품이라 휴대가 편하고요. 저속으로 작동하면 소음이 적어서 만족해요.",
    "Source": "쇼핑몰",
    "Domain": "가전",
    "MainCategory": "계절가전",
    "ProductName": "루메나 오난코리아 FAN PRIME 2+ 1개",
    "ReviewScore": "5",
    "Syllable": "55",
    "Word": "12",
    "RDate": "20220522",
    "GeneralPolarity": "1",
    "Aspects": [
      {
        "Aspect": "디자인",
        "SentimentText": "디자인이 예뻐서 좋아요.",
        "SentimentWord": "3",
        "SentimentPolarity": "1"
      },
      {
        "Aspect": "편의성",
        "SentimentText": "무선 제품이라 휴대가 편하고요.",
        "SentimentWord": "4",
        "SentimentPolarity": "1"
      },
      {
        "Aspect": "소음",
        "SentimentText": "저속으로 작동하면 소음이 적어서 만족해요.",
        "SentimentWord": "5",
        "SentimentPolarity": "1"
      }
    ]
  },
  {
    "Index": "38263",
    "RawText": "생각보다 바람이 쎄서 정말 마음에 들어요~~^^ 예쁜 디자인이 만족스러워요.",
    "Source": "쇼핑몰",
    "Domain": "가전",
    "MainCategory": "계절가전",
    "ProductName": "루메나 오난코리아 FAN PRIME 2+ 1개",
    "ReviewScore": "4",
    "Syllable": "42",
    "Word": "9",
    "RDate": "20220610",
    "GeneralPolarity": "1",
    "Aspects": [
      {
        "Aspect": "기능",
        "SentimentText": "생각보다 바람이 쎄서 정말 마음에 들어요~~^^",
        "SentimentWord": "6",
        "SentimentPolarity": "1"
      },
      {
        "Aspect": "디자인",
        "SentimentText": "예쁜 디자인이 만족스러워요.",
        "SentimentWord": "3",
        "SentimentPolarity": "1"
      }
    ]
  },
  {
    "Index": "38264",
    "RawText": "디자인이 예뻐서 마음에 들어요. 최대풍속으로 설정하면 소음이 조금 있지만 타사제품과 별 차이 없어 만족해요.",
    "Source": "쇼핑몰",
    "Domain": "가전",
    "MainCategory": "계절가전",
    "ProductName": "루메나 오난코리아 FAN PRIME 2+ 1개",
    "ReviewScore": "5",
    "Syllable": "60",
    "Word": "14",
    "RDate": "20220710",
    "GeneralPolarity": "0",
    "Aspects": [
      {
        "Aspect": "디자인",
        "SentimentText": "디자인이 예뻐서 마음에 들어요.",
        "SentimentWord": "4",
        "SentimentPolarity": "1"
      },
      {
        "Aspect": "소음",
        "SentimentText": "최대풍속으로 설정하면 소음이 조금 있지만 타사제품과 별 차이 없어 만족해요.",
        "SentimentWord": "10",
        "SentimentPolarity": "0"
      }
    ]
  },
  {
    "Index": "38265",
    "RawText": "디자인이 예뻐서 마음에 들어요. 높이조절도 가능해서 만족하며 사용하고 있어요.",
    "Source": "쇼핑몰",
    "Domain": "가전",
    "MainCategory": "계절가전",
    "ProductName": "루메나 오난코리아 FAN PRIME 2+ 1개",
    "ReviewScore": "5",
    "Syllable": "43",
    "Word": "9",
    "RDate": "20220715",
    "GeneralPolarity": "1",
    "Aspects": [
      {
        "Aspect": "디자인",
        "SentimentText": "디자인이 예뻐서 마음에 들어요.",
        "SentimentWord": "4",
        "SentimentPolarity": "1"
      },
      {
        "Aspect": "기능",
        "SentimentText": "높이조절도 가능해서 만족하며 사용하고 있어요.",
        "SentimentWord": "5",
        "SentimentPolarity": "1"
      }
    ]
  },
  {
    "Index": "38266",
    "RawText": "가격은 저렴하게 샀어요. 제품 떨림 증상은 교환을 받았어도 여전하네요.... ㅠ",
    "Source": "쇼핑몰",
    "Domain": "가전",
    "MainCategory": "계절가전",
    "ProductName": "루메나 오난코리아 FAN PRIME 2+ 1개",
    "ReviewScore": "4",
    "Syllable": "44",
    "Word": "10",
    "RDate": "20220616",
    "GeneralPolarity": "0",
    "Aspects": [
      {
        "Aspect": "가격",
        "SentimentText": "가격은 저렴하게 샀어요.",
        "SentimentWord": "3",
        "SentimentPolarity": "1"
      },
      {
        "Aspect": "품질",
        "SentimentText": "제품 떨림 증상은 교환을 받았어도 여전하네요.... ㅠ",
        "SentimentWord": "7",
        "SentimentPolarity": "-1"
      }
    ]
  },
  {
    "Index": "38267",
    "RawText": "재구매할 정도로 믿음이 가는 000! 품질 또한 정말 최고에요.",
    "Source": "쇼핑몰",
    "Domain": "가전",
    "MainCategory": "계절가전",
    "ProductName": "루메나 오난코리아 FAN PRIME 2+ 1개",
    "ReviewScore": "5",
    "Syllable": "35",
    "Word": "9",
    "RDate": "20220706",
    "GeneralPolarity": "1",
    "Aspects": [
      {
        "Aspect": "제조일/제조사",
        "SentimentText": "재구매할 정도로 믿음이 가는 000!",
        "SentimentWord": "5",
        "SentimentPolarity": "1"
      },
      {
        "Aspect": "품질",
        "SentimentText": "품질 또한 정말 최고에요.",
        "SentimentWord": "4",
        "SentimentPolarity": "1"
      }
    ]
  },
  {
    "Index": "38268",
    "RawText": "할인 쿠폰 적용해서 저렴한 가격에 구입했어요. 디자인도 예뻐서 좋고 풍량이 마음에 드네요. 단계 조절시 소음이 있는 편이라 아쉽습니다.",
    "Source": "쇼핑몰",
    "Domain": "가전",
    "MainCategory": "계절가전",
    "ProductName": "루메나 오난코리아 FAN PRIME 2+ 1개",
    "ReviewScore": "4",
    "Syllable": "75",
    "Word": "18",
    "RDate": "20220610",
    "GeneralPolarity": "1",
    "Aspects": [
      {
        "Aspect": "가격",
        "SentimentText": "할인 쿠폰 적용해서 저렴한 가격에 구입했어요.",
        "SentimentWord": "6",
        "SentimentPolarity": "1"
      },
      {
        "Aspect": "디자인",
        "SentimentText": "디자인도 예뻐서 좋고",
        "SentimentWord": "3",
        "SentimentPolarity": "1"
      },
      {
        "Aspect": "기능",
        "SentimentText": "풍량이 마음에 드네요.",
        "SentimentWord": "3",
        "SentimentPolarity": "1"
      },
      {
        "Aspect": "소음",
        "SentimentText": "소음이 있는 편이라 아쉽습니다.",
        "SentimentWord": "4",
        "SentimentPolarity": "-1"
      }
    ]
  },
  {
    "Index": "38270",
    "RawText": "아담한 사이즈가 참 예뻐서 마음에 들고 바람세기도 좋아서 만족하며 사용하고 있습니다. 선물용으로 재구매했습니다. 배송이 정말 빠르네요. 포장도  꼼꼼하게 되어있어 좋아요. 000 브랜드 만족하면서 사용하고 있어요",
    "Source": "쇼핑몰",
    "Domain": "가전",
    "MainCategory": "계절가전",
    "ProductName": "루메나 오난코리아 FAN PRIME 2+ 1개",
    "ReviewScore": "5",
    "Syllable": "118",
    "Word": "25",
    "RDate": "20220814",
    "GeneralPolarity": "1",
    "Aspects": [
      {
        "Aspect": "사이즈",
        "SentimentText": "아담한 사이즈가 참 예뻐서 마음에 들고",
        "SentimentWord": "6",
        "SentimentPolarity": "1"
      },
      {
        "Aspect": "기능",
        "SentimentText": "바람세기도 좋아서 만족하며 사용하고 있습니다.",
        "SentimentWord": "5",
        "SentimentPolarity": "1"
      },
      {
        "Aspect": "제조일/제조사",
        "SentimentText": "000 브랜드 만족하면서 사용하고 있어요",
        "SentimentWord": "5",
        "SentimentPolarity": "1"
      }
    ]
  },
  {
    "Index": "38271",
    "RawText": "000제품 정말 만족하며 사용하는 중이여서 재구매했어요. 이전 제품보다 크기가 조금 더 커져서 너무 마음에 들어요 바람도 강해서 만족합니다.",
    "Source": "쇼핑몰",
    "Domain": "가전",
    "MainCategory": "계절가전",
    "ProductName": "루메나 오난코리아 FAN PRIME 2+ 1개",
    "ReviewScore": "4",
    "Syllable": "78",
    "Word": "18",
    "RDate": "20220709",
    "GeneralPolarity": "1",
    "Aspects": [
      {
        "Aspect": "제조일/제조사",
        "SentimentText": "000제품 정말 만족하며 사용하는 중이여서 재구매했어요.",
        "SentimentWord": "6",
        "SentimentPolarity": "1"
      },
      {
        "Aspect": "사이즈",
        "SentimentText": "이전 제품보다 크기가 조금 더 커져서 너무 마음에 들어요",
        "SentimentWord": "9",
        "SentimentPolarity": "1"
      },
      {
        "Aspect": "기능",
        "SentimentText": "바람도 강해서 만족합니다. ",
        "SentimentWord": "3",
        "SentimentPolarity": "1"
      }
    ]
  },
  {
    "Index": "38272",
    "RawText": "제품을 불량으로 보내주셔서 화가나요  가격은 세일할 때 싸게 구입했어요",
    "Source": "쇼핑몰",
    "Domain": "가전",
    "MainCategory": "계절가전",
    "ProductName": "루메나 오난코리아 FAN PRIME 2+ 1개",
    "ReviewScore": "1",
    "Syllable": "39",
    "Word": "9",
    "RDate": "20220617",
    "GeneralPolarity": "-1",
    "Aspects": [
      {
        "Aspect": "품질",
        "SentimentText": "제품을 불량으로 보내주셔서 화가나요",
        "SentimentWord": "4",
        "SentimentPolarity": "-1"
      },
      {
        "Aspect": "가격",
        "SentimentText": "가격은 세일할 때 싸게 구입했어요",
        "SentimentWord": "5",
        "SentimentPolarity": "1"
      }
    ]
  },
  {
    "Index": "38273",
    "RawText": "000 선풍기가 너무 좋아서 이번에 써큘레이터도 구매했어요. 성능도 좋고 바람이 너무 시원하게 잘 나와서 만족합니다.",
    "Source": "쇼핑몰",
    "Domain": "가전",
    "MainCategory": "계절가전",
    "ProductName": "루메나 오난코리아 FAN PRIME 2+ 1개",
    "ReviewScore": "5",
    "Syllable": "65",
    "Word": "15",
    "RDate": "20220714",
    "Aspects": [
      {
        "Aspect": "제조일/제조사",
        "SentimentText": "000 선풍기가 너무 좋아서 이번에 써큘레이터도 구매했어요.",
        "SentimentWord": "7",
        "SentimentPolarity": "1"
      },
      {
        "Aspect": "기능",
        "SentimentText": "성능도 좋고 바람이 너무 시원하게 잘 나와서 만족합니다.",
        "SentimentWord": "8",
        "SentimentPolarity": "1"
      }
    ]
  },
  {
    "Index": "38275",
    "RawText": "가족들 모두 한대씩 사용하고 있을 정도로 디자인이 정말 예뻐요. 저렴한 가격에 구입을 해서 좋아요. 배송도 빠르게 왔고요.  성능은 말로 표현하지 못할 정도로 최고~ 000는 사랑입니다~~",
    "Source": "쇼핑몰",
    "Domain": "가전",
    "MainCategory": "계절가전",
    "ProductName": "루메나 오난코리아 FAN PRIME 2+ 1개",
    "ReviewScore": "5",
    "Syllable": "105",
    "Word": "25",
    "RDate": "20220708",
    "Aspects": [
      {
        "Aspect": "디자인",
        "SentimentText": "디자인이 정말 예뻐요.",
        "SentimentWord": "3",
        "SentimentPolarity": "1"
      },
      {
        "Aspect": "가격",
        "SentimentText": "저렴한 가격에 구입을 해서 좋아요.",
        "SentimentWord": "5",
        "SentimentPolarity": "1"
      },
      {
        "Aspect": "기능",
        "SentimentText": "성능은 말로 표현하지 못할 정도로 최고~",
        "SentimentWord": "6",
        "SentimentPolarity": "1"
      },
      {
        "Aspect": "제조일/제조사",
        "SentimentText": "000는 사랑입니다~~",
        "SentimentWord": "2",
        "SentimentPolarity": "1"
      }
    ]
  }
]