[
  {
    "Index": "36684",
    "RawText": "차박 캠핑용으로 구입해서 아담한 사이즈 원했느데 실물이 딱 원했던 크기에요. 만족 제품 발열기능이 좋아서 선택했어요. ^^ 부속품으로 함께온 수납가방도 무척 활용도가 좋네요.. 감사합니다.",
    "Source": "쇼핑몰",
    "Domain": "가전",
    "MainCategory": "계절가전",
    "ProductName": "알파카 태서전기 TS-77A",
    "ReviewScore": "5",
    "Syllable": "105",
    "Word": "23",
    "RDate": "20211025",
    "GeneralPolarity": "1",
    "Aspects": [
      {
        "Aspect": "사이즈",
        "SentimentText": "차박 캠핑용으로 구입해서 아담한 사이즈 원했느데 실물이 딱 원했던 크기에요. 만족",
        "SentimentWord": "11",
        "SentimentPolarity": "1"
      },
      {
        "Aspect": "기능",
        "SentimentText": "제품 발열기능이 좋아서 선택했어요. ^^",
        "SentimentWord": "5",
        "SentimentPolarity": "1"
      },
      {
        "Aspect": "제품구성",
        "SentimentText": "부속품으로 함께온 수납가방도 무척 활용도가 좋네요..",
        "SentimentWord": "6",
        "SentimentPolarity": "1"
      }
    ]
  },
  {
    "Index": "36685",
    "RawText": "콤팩트한 사이즈라서 마음에 쏙 들고 좋습니다. 추운날엔 화력이 살짝 약하게 느껴져서 조금 아쉽네요...",
    "Source": "쇼핑몰",
    "Domain": "가전",
    "MainCategory": "계절가전",
    "ProductName": "알파카 태서전기 TS-77A",
    "ReviewScore": "4",
    "Syllable": "57",
    "Word": "13",
    "RDate": "20211016",
    "GeneralPolarity": "0",
    "Aspects": [
      {
        "Aspect": "사이즈",
        "SentimentText": "콤팩트한 사이즈라서 마음에 쏙 들고 좋습니다.",
        "SentimentWord": "6",
        "SentimentPolarity": "1"
      },
      {
        "Aspect": "기능",
        "SentimentText": "추운날엔 화력이 살짝 약하게 느껴져서 조금 아쉽네요...",
        "SentimentWord": "7",
        "SentimentPolarity": "0"
      }
    ]
  },
  {
    "Index": "36686",
    "RawText": "사이즈가 적당해서  마음에 쏙 들고요~  작아도 발열량은 비슷한 제품들중에 제일 좋아요!",
    "Source": "쇼핑몰",
    "Domain": "가전",
    "MainCategory": "계절가전",
    "ProductName": "알파카 태서전기 TS-77A",
    "ReviewScore": "5",
    "Syllable": "49",
    "Word": "11",
    "RDate": "20190303",
    "GeneralPolarity": "1",
    "Aspects": [
      {
        "Aspect": "사이즈",
        "SentimentText": "사이즈가 적당해서  마음에 쏙 들고요~ ",
        "SentimentWord": "5",
        "SentimentPolarity": "1"
      },
      {
        "Aspect": "기능",
        "SentimentText": "작아도 발열량은 비슷한 제품들중에 제일 좋아요!",
        "SentimentWord": "6",
        "SentimentPolarity": "1"
      }
    ]
  },
  {
    "Index": "36687",
    "RawText": "배송받은 제품이 파손된채로 왔네요ㅜㅜ 사이즈도 생각했던 크기보다  작아서 실망이예요ㅠ ",
    "Source": "쇼핑몰",
    "Domain": "가전",
    "MainCategory": "계절가전",
    "ProductName": "알파카 태서전기 TS-77A",
    "ReviewScore": "3",
    "Syllable": "48",
    "Word": "9",
    "RDate": "20211006",
    "Aspects": [
      {
        "Aspect": "품질",
        "SentimentText": "배송받은 제품이 파손된채로 왔네요ㅜㅜ ",
        "SentimentWord": "4",
        "SentimentPolarity": "-1"
      },
      {
        "Aspect": "사이즈",
        "SentimentText": "사이즈도 생각했던 크기보다  작아서 실망이예요ㅠ",
        "SentimentWord": "5",
        "SentimentPolarity": "-1"
      }
    ]
  },
  {
    "Index": "36688",
    "RawText": "제품  화력이 쎄서 굉장히 따뜻하네요! 그런데 설명서에 상판 분리방법이 상세히 나오지 않아 상당히 불편합니다",
    "Source": "쇼핑몰",
    "Domain": "가전",
    "MainCategory": "계절가전",
    "ProductName": "알파카 태서전기 TS-77A",
    "ReviewScore": "1",
    "Syllable": "60",
    "Word": "14",
    "RDate": "20220219",
    "Aspects": [
      {
        "Aspect": "기능",
        "SentimentText": "제품  화력이 쎄서 굉장히 따뜻하네요!",
        "SentimentWord": "5",
        "SentimentPolarity": "1"
      },
      {
        "Aspect": "제품구성",
        "SentimentText": "그런데 설명서에 상판 분리방법이 상세히 나오지 않아 상당히 불편합니다 ",
        "SentimentWord": "9",
        "SentimentPolarity": "-1"
      }
    ]
  },
  {
    "Index": "36689",
    "RawText": "국내제조상품이라 수입품과는 퀄리티가 다르네요!  품질이 너무 좋아서 대만족입니다 기름 냄새도 잠깐 나다말고  아주 좋아요!!",
    "Source": "쇼핑몰",
    "Domain": "가전",
    "MainCategory": "계절가전",
    "ProductName": "알파카 태서전기 TS-77A",
    "ReviewScore": "5",
    "Syllable": "69",
    "Word": "14",
    "RDate": "20211204",
    "GeneralPolarity": "1",
    "Aspects": [
      {
        "Aspect": "품질",
        "SentimentText": "국내제조상품이라 수입품과는 퀄리티가 다르네요!  품질이 너무 좋아서 대만족입니다",
        "SentimentWord": "8",
        "SentimentPolarity": "1"
      },
      {
        "Aspect": "품질",
        "SentimentText": "기름 냄새도 잠깐 나다말고  아주 좋아요!!",
        "SentimentWord": "6",
        "SentimentPolarity": "1"
      }
    ]
  },
  {
    "Index": "36690",
    "RawText": "콤팩트사이즈로 했는데 사이즈가 좀 커서 실망했어요 하지만 따듯해서 맘에 들어요~",
    "Source": "쇼핑몰",
    "Domain": "가전",
    "MainCategory": "계절가전",
    "ProductName": "알파카 태서전기 TS-77A",
    "ReviewScore": "5",
    "Syllable": "44",
    "Word": "10",
    "RDate": "20211029",
    "GeneralPolarity": "0",
    "Aspects": [
      {
        "Aspect": "사이즈",
        "SentimentText": "콤팩트사이즈로 했는데 사이즈가 좀 커서 실망했어요",
        "SentimentWord": "6",
        "SentimentPolarity": "-1"
      },
      {
        "Aspect": "기능",
        "SentimentText": "하지만 따듯해서 맘에 들어요~",
        "SentimentWord": "4",
        "SentimentPolarity": "1"
      }
    ]
  },
  {
    "Index": "36691",
    "RawText": "석유 넣고 심지 적시고 켜고 끄는 방법이 설명서에 자세히 써있어서 좋아요~  냄새도 안나고 자주 사용할께요~~",
    "Source": "쇼핑몰",
    "Domain": "가전",
    "MainCategory": "계절가전",
    "ProductName": "알파카 태서전기 TS-77A",
    "ReviewScore": "5",
    "Syllable": "61",
    "Word": "15",
    "RDate": "20210201",
    "GeneralPolarity": "1",
    "Aspects": [
      {
        "Aspect": "제품구성",
        "SentimentText": "석유 넣고 심지 적시고 켜고 끄는 방법이 설명서에 자세히 써있어서 좋아요~",
        "SentimentWord": "11",
        "SentimentPolarity": "1"
      },
      {
        "Aspect": "품질",
        "SentimentText": "냄새도 안나고 자주 사용할께요~~",
        "SentimentWord": "4",
        "SentimentPolarity": "1"
      }
    ]
  },
  {
    "Index": "36692",
    "RawText": "가격대비 가성비 좋은걸로 구매했는데 좋네요~  사은품으로 준 가방도 좋고 따뜻해서 맘에 들어요~~ 연소시 냄새가 나서 좀 그런데...",
    "Source": "쇼핑몰",
    "Domain": "가전",
    "MainCategory": "계절가전",
    "ProductName": "알파카 태서전기 TS-77A",
    "ReviewScore": "4",
    "Syllable": "74",
    "Word": "17",
    "RDate": "20211116",
    "GeneralPolarity": "1",
    "Aspects": [
      {
        "Aspect": "가격",
        "SentimentText": "가격대비 가성비 좋은걸로 구매했는데 좋네요~",
        "SentimentWord": "5",
        "SentimentPolarity": "1"
      },
      {
        "Aspect": "제품구성",
        "SentimentText": "사은품으로 준 가방도 좋고",
        "SentimentWord": "4",
        "SentimentPolarity": "1"
      },
      {
        "Aspect": "기능",
        "SentimentText": " 따뜻해서 맘에 들어요~~",
        "SentimentWord": "3",
        "SentimentPolarity": "1"
      },
      {
        "Aspect": "품질",
        "SentimentText": "연소시 냄새가 나서 좀 그런데...",
        "SentimentWord": "5",
        "SentimentPolarity": "-1"
      }
    ]
  },
  {
    "Index": "36693",
    "RawText": "실내에서 사용해도 석유 냄새가 거의 나지 않아서 좋아요  000대체품으로 샀는데 공기가 금방 훈훈해져서 너무 좋고 따뜻하게 사용해서 만족스러워요",
    "Source": "쇼핑몰",
    "Domain": "가전",
    "MainCategory": "계절가전",
    "ProductName": "알파카 태서전기 TS-77A",
    "ReviewScore": "4",
    "Syllable": "80",
    "Word": "18",
    "RDate": "20210927",
    "GeneralPolarity": "1",
    "Aspects": [
      {
        "Aspect": "품질",
        "SentimentText": "실내에서 사용해도 석유 냄새가 거의 나지 않아서 좋아요 ",
        "SentimentWord": "8",
        "SentimentPolarity": "1"
      },
      {
        "Aspect": "기능",
        "SentimentText": "000대체품으로 샀는데 공기가 금방 훈훈해져서 너무 좋고 따뜻하게 사용해서 만족스러워요",
        "SentimentWord": "10",
        "SentimentPolarity": "1"
      }
    ]
  },
  {
    "Index": "36694",
    "RawText": "크기도 귀욤귀욤한게 예뻐요~ 튼튼하고 품질도 좋아요!! ",
    "Source": "쇼핑몰",
    "Domain": "가전",
    "MainCategory": "계절가전",
    "ProductName": "알파카 태서전기 TS-77A",
    "ReviewScore": "5",
    "Syllable": "31",
    "Word": "6",
    "RDate": "20211209",
    "Aspects": [
      {
        "Aspect": "사이즈",
        "SentimentText": "크기도 귀욤귀욤한게 예뻐요~ ",
        "SentimentWord": "3",
        "SentimentPolarity": "1"
      },
      {
        "Aspect": "품질",
        "SentimentText": "튼튼하고 품질도 좋아요!!",
        "SentimentWord": "3",
        "SentimentPolarity": "1"
      }
    ]
  },
  {
    "Index": "36695",
    "RawText": "화력이 정말 좋아요~너무 따뜻해서 좋은데 잘때는 일산화탄소중독 위험이 있으니 조심해야할 거 같아요. 환기는 필수고요 냄새는 약간 있지만 금방 없어지니까 괜찮아요",
    "Source": "쇼핑몰",
    "Domain": "가전",
    "MainCategory": "계절가전",
    "ProductName": "알파카 태서전기 TS-77A",
    "ReviewScore": "5",
    "Syllable": "89",
    "Word": "20",
    "RDate": "20201027",
    "GeneralPolarity": "0",
    "Aspects": [
      {
        "Aspect": "기능",
        "SentimentText": "화력이 정말 좋아요~너무 따뜻해서 좋은데 ",
        "SentimentWord": "5",
        "SentimentPolarity": "1"
      },
      {
        "Aspect": "품질",
        "SentimentText": "잘때는 일산화탄소중독 위험이 있으니 조심해야할 거 같아요. 환기는 필수고요",
        "SentimentWord": "9",
        "SentimentPolarity": "-1"
      },
      {
        "Aspect": "품질",
        "SentimentText": "냄새는 약간 있지만 금방 없어지니까 괜찮아요",
        "SentimentWord": "6",
        "SentimentPolarity": "0"
      }
    ]
  },
  {
    "Index": "36696",
    "RawText": "주변 공기가 따뜻해지니 좋아요~ 설치도 쉽고 간편해서 좋아요",
    "Source": "쇼핑몰",
    "Domain": "가전",
    "MainCategory": "계절가전",
    "ProductName": "알파카 태서전기 TS-77A",
    "ReviewScore": "4",
    "Syllable": "33",
    "Word": "8",
    "RDate": "20211110",
    "GeneralPolarity": "1",
    "Aspects": [
      {
        "Aspect": "기능",
        "SentimentText": "주변 공기가 따뜻해지니 좋아요~",
        "SentimentWord": "4",
        "SentimentPolarity": "1"
      },
      {
        "Aspect": "조작성",
        "SentimentText": "설치도 쉽고 간편해서 좋아요",
        "SentimentWord": "4",
        "SentimentPolarity": "1"
      }
    ]
  },
  {
    "Index": "36697",
    "RawText": "생각보다 빨리 받아볼 수 있어서 좋았어요~ 포장도 꼼꼼하게 해서 잘 왔어요~ 캠핑떄 잘 사용할 수 있을 것 같아요~~^^ 기름을 너무 많이 먹어서 소비전력 꽝입니다 화력도 그다지 세지가 않아서 켜놓고도 춥네요",
    "Source": "쇼핑몰",
    "Domain": "가전",
    "MainCategory": "계절가전",
    "ProductName": "알파카 태서전기 TS-77A",
    "ReviewScore": "5",
    "Syllable": "116",
    "Word": "30",
    "RDate": "20201108",
    "Aspects": [
      {
        "Aspect": "소비전력",
        "SentimentText": "기름을 너무 많이 먹어서 소비전력 꽝입니다",
        "SentimentWord": "6",
        "SentimentPolarity": "-1"
      },
      {
        "Aspect": "기능",
        "SentimentText": "화력도 그다지 세지가 않아서 켜놓고도 춥네요",
        "SentimentWord": "6",
        "SentimentPolarity": "-1"
      }
    ]
  },
  {
    "Index": "36704",
    "RawText": "제품에 안전장치가 내장되어 있어 잘 사용 할 것 같아요~~   화력좋고 너무 따뜻해서  좋네요~^^",
    "Source": "쇼핑몰",
    "Domain": "가전",
    "MainCategory": "계절가전",
    "ProductName": "알파카 태서전기 TS-77A",
    "ReviewScore": "5",
    "Syllable": "55",
    "Word": "13",
    "RDate": "20211122",
    "Aspects": [
      {
        "Aspect": "제품구성",
        "SentimentText": "제품에 안전장치가 내장되어 있어 잘 사용 할 것 같아요~~ ",
        "SentimentWord": "9",
        "SentimentPolarity": "1"
      },
      {
        "Aspect": "기능",
        "SentimentText": "화력좋고 너무 따뜻해서 좋네요~^^",
        "SentimentWord": "4",
        "SentimentPolarity": "1"
      }
    ]
  },
  {
    "Index": "36706",
    "RawText": "고민하다 구매했는데 많이 크지 않은데도 금방 훈훈해져서 좋아요~ 크기도 캠핑떄 가지고 다니기 무난해요",
    "Source": "쇼핑몰",
    "Domain": "가전",
    "MainCategory": "계절가전",
    "ProductName": "알파카 태서전기 TS-77A",
    "ReviewScore": "5",
    "Syllable": "56",
    "Word": "13",
    "RDate": "20211110",
    "GeneralPolarity": "1",
    "Aspects": [
      {
        "Aspect": "기능",
        "SentimentText": " 금방 훈훈해져서 좋아요~",
        "SentimentWord": "3",
        "SentimentPolarity": "1"
      },
      {
        "Aspect": "사이즈",
        "SentimentText": "크기도 캠핑떄 가지고 다니기 무난해요",
        "SentimentWord": "5",
        "SentimentPolarity": "1"
      }
    ]
  },
  {
    "Index": "36707",
    "RawText": "생각보다 연료통 사이즈가 좀 작아요.. 그 점이 아쉽네요ㅜ 사용하는데는 별 문제없이 따뜻하고 성능이 좋아요! 다만  안전상 약간의 충격에도 심지가 내려가는게 불안해요ㅜ",
    "Source": "쇼핑몰",
    "Domain": "가전",
    "MainCategory": "계절가전",
    "ProductName": "알파카 태서전기 TS-77A",
    "ReviewScore": "5",
    "Syllable": "93",
    "Word": "21",
    "RDate": "20180121",
    "GeneralPolarity": "0",
    "Aspects": [
      {
        "Aspect": "사이즈",
        "SentimentText": "생각보다 연료통 사이즈가 좀 작아요.. 그 점이 아쉽네요ㅜ",
        "SentimentWord": "8",
        "SentimentPolarity": "-1"
      },
      {
        "Aspect": "기능",
        "SentimentText": "사용하는데는 별 문제없이 따뜻하고 성능이 좋아요!",
        "SentimentWord": "6",
        "SentimentPolarity": "1"
      },
      {
        "Aspect": "품질",
        "SentimentText": "다만  안전상 약간의 충격에도 심지가 내려가는게 불안해요ㅜ",
        "SentimentWord": "7",
        "SentimentPolarity": "-1"
      }
    ]
  },
  {
    "Index": "36708",
    "RawText": "기름 냄새는 약간 있지만 신경쓰일정도는 아니여서 좋네요~ 실내도  훈훈해지고 자동소화 장치가 있어서 안전해서 더 좋아요",
    "Source": "쇼핑몰",
    "Domain": "가전",
    "MainCategory": "계절가전",
    "ProductName": "알파카 태서전기 TS-77A",
    "ReviewScore": "5",
    "Syllable": "66",
    "Word": "15",
    "RDate": "20181206",
    "GeneralPolarity": "1",
    "Aspects": [
      {
        "Aspect": "품질",
        "SentimentText": "기름 냄새는 약간 있지만 신경쓰일정도는 아니여서 좋네요~",
        "SentimentWord": "7",
        "SentimentPolarity": "0"
      },
      {
        "Aspect": "기능",
        "SentimentText": "실내도  훈훈해지고 자동소화 장치가 있어서 안전해서 더 좋아요",
        "SentimentWord": "8",
        "SentimentPolarity": "1"
      }
    ]
  },
  {
    "Index": "36709",
    "RawText": "난로에 음식도 구워 먹을수 있고 실용적이라 좋네요~~ 냄새는 처음에만 있다가 안나고 금방 따뜻해지니 좋아요~~",
    "Source": "쇼핑몰",
    "Domain": "가전",
    "MainCategory": "계절가전",
    "ProductName": "알파카 태서전기 TS-77A",
    "ReviewScore": "5",
    "Syllable": "61",
    "Word": "14",
    "RDate": "20211219",
    "GeneralPolarity": "1",
    "Aspects": [
      {
        "Aspect": "편의성",
        "SentimentText": "난로에 음식도 구워 먹을수 있고 실용적이라 좋네요~~",
        "SentimentWord": "7",
        "SentimentPolarity": "1"
      },
      {
        "Aspect": "품질",
        "SentimentText": "냄새는 처음에만 있다가 안나고",
        "SentimentWord": "4",
        "SentimentPolarity": "0"
      },
      {
        "Aspect": "기능",
        "SentimentText": "금방 따뜻해지니 좋아요~~",
        "SentimentWord": "3",
        "SentimentPolarity": "1"
      }
    ]
  },
  {
    "Index": "36710",
    "RawText": "우선 배송이 총알배송이라 좋았어요^^ 제품도 파손된곳 없이 안전하게 도착해서 캠핑때 잘 사용중입니다. 한 가지 아쉬운 점은 기름 담는 통이 작아요ㅠ",
    "Source": "쇼핑몰",
    "Domain": "가전",
    "MainCategory": "계절가전",
    "ProductName": "알파카 태서전기 TS-77A",
    "ReviewScore": "5",
    "Syllable": "82",
    "Word": "20",
    "RDate": "20211028",
    "Aspects": [
      {
        "Aspect": "품질",
        "SentimentText": "제품도 파손된곳 없이 안전하게 도착해서 캠핑때 잘 사용중입니다.",
        "SentimentWord": "8",
        "SentimentPolarity": "1"
      },
      {
        "Aspect": "용량",
        "SentimentText": "한 가지 아쉬운 점은 기름 담는 통이 작아요ㅠ",
        "SentimentWord": "8",
        "SentimentPolarity": "-1"
      }
    ]
  },
  {
    "Index": "36712",
    "RawText": "사이즈가 작아서 차 안에 수납하기가 좋네요~~ 지금처럼 덜추운 간절기에 사용하면 딱 좋을 것 같고 타사에 비해 착한 가격에 구매해서 좋네요",
    "Source": "쇼핑몰",
    "Domain": "가전",
    "MainCategory": "계절가전",
    "ProductName": "알파카 태서전기 TS-77A",
    "ReviewScore": "5",
    "Syllable": "77",
    "Word": "20",
    "RDate": "20210910",
    "GeneralPolarity": "1",
    "Aspects": [
      {
        "Aspect": "사이즈",
        "SentimentText": "사이즈가 작아서 차 안에 수납하기가 좋네요~~",
        "SentimentWord": "6",
        "SentimentPolarity": "1"
      },
      {
        "Aspect": "가격",
        "SentimentText": "타사에 비해 착한 가격에 구매해서 좋네요 ",
        "SentimentWord": "6",
        "SentimentPolarity": "1"
      }
    ]
  },
  {
    "Index": "36714",
    "RawText": "기름 냄새가 없어 코가 맵지 않은 국산제품이에요. 화력이 높아 난로 위에 물 주전자 올려놓고 끓이면 가습 효과가 있어서 호흡이 편해요.",
    "Source": "쇼핑몰",
    "Domain": "가전",
    "MainCategory": "계절가전",
    "ProductName": "알파카 태서전기 TS-77A",
    "ReviewScore": "5",
    "Syllable": "75",
    "Word": "20",
    "RDate": "20201015",
    "GeneralPolarity": "1",
    "Aspects": [
      {
        "Aspect": "품질",
        "SentimentText": "기름 냄새가 없어 코가 맵지 않은 국산제품이에요.",
        "SentimentWord": "7",
        "SentimentPolarity": "1"
      },
      {
        "Aspect": "기능",
        "SentimentText": "화력이 높아 난로 위에 물 주전자 올려놓고 끓이면 가습 효과가 있어서 호흡이 편해요.",
        "SentimentWord": "13",
        "SentimentPolarity": "1"
      }
    ]
  },
  {
    "Index": "36715",
    "RawText": "사이즈가 크지도 작지도 않고 딱 좋네요~~  제품 화력도 아주 좋습니다! 대만족!",
    "Source": "쇼핑몰",
    "Domain": "가전",
    "MainCategory": "계절가전",
    "ProductName": "알파카 태서전기 TS-77A",
    "ReviewScore": "4",
    "Syllable": "45",
    "Word": "11",
    "RDate": "20210207",
    "Aspects": [
      {
        "Aspect": "사이즈",
        "SentimentText": "사이즈가 크지도 작지도 않고 딱 좋네요~~",
        "SentimentWord": "6",
        "SentimentPolarity": "1"
      },
      {
        "Aspect": "기능",
        "SentimentText": "제품 화력도 아주 좋습니다! 대만족!",
        "SentimentWord": "5",
        "SentimentPolarity": "1"
      }
    ]
  },
  {
    "Index": "36716",
    "RawText": "배송은 빠르게 잘 도착했어요, 총알배송 짱이네요~~ 생각보다  화력이 쎄서 올겨울 따뜻하게 잘 사용해서 만족해요  국내생산된 제품이라 역시 퀄리티도 좋습니다^^",
    "Source": "쇼핑몰",
    "Domain": "가전",
    "MainCategory": "계절가전",
    "ProductName": "알파카 태서전기 TS-77A",
    "ReviewScore": "5",
    "Syllable": "89",
    "Word": "19",
    "RDate": "20211104",
    "Aspects": [
      {
        "Aspect": "기능",
        "SentimentText": "생각보다  화력이 쎄서 올겨울 따뜻하게 잘 사용해서 만족해요 ",
        "SentimentWord": "8",
        "SentimentPolarity": "1"
      },
      {
        "Aspect": "품질",
        "SentimentText": "국내생산된 제품이라 역시 퀄리티도 좋습니다^^",
        "SentimentWord": "5",
        "SentimentPolarity": "1"
      }
    ]
  },
  {
    "Index": "36717",
    "RawText": "가격 대비 제품이 좋네요^^ 사은품으로 주신 가방도 하루 전에 딱 도착하고 잘 쓸께요~^^",
    "Source": "쇼핑몰",
    "Domain": "가전",
    "MainCategory": "계절가전",
    "ProductName": "알파카 태서전기 TS-77A",
    "ReviewScore": "5",
    "Syllable": "50",
    "Word": "13",
    "RDate": "20201108",
    "Aspects": [
      {
        "Aspect": "품질",
        "SentimentText": "가격 대비 제품이 좋네요^^",
        "SentimentWord": "4",
        "SentimentPolarity": "1"
      },
      {
        "Aspect": "제품구성",
        "SentimentText": "사은품으로 주신 가방도 하루 전에 딱 도착하고 잘 쓸께요~^^",
        "SentimentWord": "9",
        "SentimentPolarity": "1"
      }
    ]
  },
  {
    "Index": "36718",
    "RawText": "이전 제품과 같은 등유 사용했는데 이전제품보다 냄새가 심하게 많이 나요~ 손잡이도 계속 빠지고 휴.... 싼가격에 산걸로 위안삼을께요.",
    "Source": "쇼핑몰",
    "Domain": "가전",
    "MainCategory": "계절가전",
    "ProductName": "알파카 태서전기 TS-77A",
    "ReviewScore": "3",
    "Syllable": "75",
    "Word": "17",
    "RDate": "20220331",
    "GeneralPolarity": "-1",
    "Aspects": [
      {
        "Aspect": "품질",
        "SentimentText": "이전 제품과 같은 등유 사용했는데 이전제품보다 냄새가 심하게 많이 나요~손잡이도 계속 빠지고",
        "SentimentWord": "12",
        "SentimentPolarity": "-1"
      },
      {
        "Aspect": "가격",
        "SentimentText": " 싼가격에 산걸로 위안삼을께요",
        "SentimentWord": "3",
        "SentimentPolarity": "0"
      },
      {
        "Aspect": "품질",
        "SentimentText": "손잡이도 계속 빠지고 휴....",
        "SentimentWord": "4",
        "SentimentPolarity": "-1"
      }
    ]
  },
  {
    "Index": "36719",
    "RawText": "전용 가방이 있어 캠핑이나 차박할 때 사용하기 좋고 클래식한 디자인으로 집안 분위기가 따뜻해지는 느낌이 들고 마음에 들어요. ㅎㅎ",
    "Source": "쇼핑몰",
    "Domain": "가전",
    "MainCategory": "계절가전",
    "ProductName": "알파카 태서전기 TS-77A",
    "ReviewScore": "5",
    "Syllable": "72",
    "Word": "18",
    "RDate": "20220101",
    "GeneralPolarity": "1",
    "Aspects": [
      {
        "Aspect": "제품구성",
        "SentimentText": "전용 가방이 있어 캠핑이나 차박할 때 사용하기 좋고",
        "SentimentWord": "8",
        "SentimentPolarity": "1"
      },
      {
        "Aspect": "디자인",
        "SentimentText": "클래식한 디자인으로 집안 분위기가 따뜻해지는 느낌이 들고 마음에 들어요. ㅎㅎ",
        "SentimentWord": "10",
        "SentimentPolarity": "1"
      }
    ]
  },
  {
    "Index": "36720",
    "RawText": "크기가 적당해서 정말 좋네요~ 제조일도 최근으로 된게 와서 맘에 드네요",
    "Source": "쇼핑몰",
    "Domain": "가전",
    "MainCategory": "계절가전",
    "ProductName": "알파카 태서전기 TS-77A",
    "ReviewScore": "5",
    "Syllable": "39",
    "Word": "10",
    "RDate": "20211122",
    "Aspects": [
      {
        "Aspect": "사이즈",
        "SentimentText": "크기가 적당해서 정말 좋네요~",
        "SentimentWord": "4",
        "SentimentPolarity": "1"
      },
      {
        "Aspect": "제조일/제조사",
        "SentimentText": " 제조일도 최근으로 된게 와서 맘에 드네요",
        "SentimentWord": "6",
        "SentimentPolarity": "1"
      }
    ]
  },
  {
    "Index": "36721",
    "RawText": "타사보다 저렴한 가격에 구매해서 좋아요~~ 색상도 원하던 검은색이라 좋네요^^",
    "Source": "쇼핑몰",
    "Domain": "가전",
    "MainCategory": "계절가전",
    "ProductName": "알파카 태서전기 TS-77A",
    "ReviewScore": "5",
    "Syllable": "43",
    "Word": "9",
    "RDate": "20211207",
    "GeneralPolarity": "1",
    "Aspects": [
      {
        "Aspect": "가격",
        "SentimentText": "타사보다 저렴한 가격에 구매해서 좋아요~~",
        "SentimentWord": "5",
        "SentimentPolarity": "1"
      },
      {
        "Aspect": "색상",
        "SentimentText": " 색상도 원하던 검은색이라 좋네요^^",
        "SentimentWord": "4",
        "SentimentPolarity": "1"
      }
    ]
  },
  {
    "Index": "36722",
    "RawText": "디자인도 깔끔하고 예뻐요~ 금방 따뜻해지고 화력성능이 매우 좋습니다!",
    "Source": "쇼핑몰",
    "Domain": "가전",
    "MainCategory": "계절가전",
    "ProductName": "알파카 태서전기 TS-77A",
    "ReviewScore": "4",
    "Syllable": "38",
    "Word": "8",
    "RDate": "20220124",
    "Aspects": [
      {
        "Aspect": "디자인",
        "SentimentText": "디자인도 깔끔하고 예뻐요~",
        "SentimentWord": "3",
        "SentimentPolarity": "1"
      },
      {
        "Aspect": "기능",
        "SentimentText": "금방 따뜻해지고 화력성능이 매우 좋습니다!",
        "SentimentWord": "5",
        "SentimentPolarity": "1"
      }
    ]
  },
  {
    "Index": "36723",
    "RawText": "깨끗하게 포장되서 왔어요~ 크기가 작아 사용하기 쉽고 이동하면서 쓰기 편리하네요~",
    "Source": "쇼핑몰",
    "Domain": "가전",
    "MainCategory": "계절가전",
    "ProductName": "알파카 태서전기 TS-77A",
    "ReviewScore": "5",
    "Syllable": "45",
    "Word": "10",
    "RDate": "20181214",
    "Aspects": [
      {
        "Aspect": "사이즈",
        "SentimentText": "크기가 작아 사용하기 쉽고",
        "SentimentWord": "4",
        "SentimentPolarity": "1"
      },
      {
        "Aspect": "편의성",
        "SentimentText": "이동하면서 쓰기 편리하네요~",
        "SentimentWord": "3",
        "SentimentPolarity": "1"
      }
    ]
  },
  {
    "Index": "36726",
    "RawText": "처음 작동할때 그을음이 있었지만 금방 없어져서 그럭저럭 쓸만해요 냄새는 심하지 않고 좋아요~~ 캠핑가서 사용하려고 구매했는데 쉽고 간편하게 이용가능해서 자주 씁니다~^^",
    "Source": "쇼핑몰",
    "Domain": "가전",
    "MainCategory": "계절가전",
    "ProductName": "알파카 태서전기 TS-77A",
    "ReviewScore": "5",
    "Syllable": "94",
    "Word": "20",
    "RDate": "20211220",
    "Aspects": [
      {
        "Aspect": "품질",
        "SentimentText": "처음 작동할때 그을음이 있었지만 금방 없어져서 그럭저럭 쓸만해요",
        "SentimentWord": "8",
        "SentimentPolarity": "0"
      },
      {
        "Aspect": "품질",
        "SentimentText": "냄새는 심하지 않고 좋아요~~",
        "SentimentWord": "4",
        "SentimentPolarity": "1"
      },
      {
        "Aspect": "편의성",
        "SentimentText": "캠핑가서 사용하려고 구매했는데 쉽고 간편하게 이용가능해서 자주 씁니다~^^",
        "SentimentWord": "8",
        "SentimentPolarity": "1"
      }
    ]
  },
  {
    "Index": "36728",
    "RawText": "불량문제로 교환받은 제품 상판에 브랜드 로고가 없어 실망스럽지만... 탱크 용량이 커서 마음에 들어요.",
    "Source": "쇼핑몰",
    "Domain": "가전",
    "MainCategory": "계절가전",
    "ProductName": "알파카 태서전기 TS-77A",
    "ReviewScore": "3",
    "Syllable": "57",
    "Word": "13",
    "RDate": "20201108",
    "GeneralPolarity": "0",
    "Aspects": [
      {
        "Aspect": "디자인",
        "SentimentText": "불량문제로 교환받은 제품 상판에 브랜드 로고가 없어 실망스럽지만...",
        "SentimentWord": "8",
        "SentimentPolarity": "-1"
      },
      {
        "Aspect": "용량",
        "SentimentText": "탱크 용량이 커서 마음에 들어요.",
        "SentimentWord": "5",
        "SentimentPolarity": "1"
      }
    ]
  },
  {
    "Index": "36729",
    "RawText": "첫 작동할 떈 냄새가 났는데 외부에서 사용하니 냄새는 안나네요~~  디자인도 맘에 들고 잘 쓰겠습니다!",
    "Source": "쇼핑몰",
    "Domain": "가전",
    "MainCategory": "계절가전",
    "ProductName": "알파카 태서전기 TS-77A",
    "ReviewScore": "5",
    "Syllable": "57",
    "Word": "14",
    "RDate": "20201019",
    "GeneralPolarity": "1",
    "Aspects": [
      {
        "Aspect": "품질",
        "SentimentText": "외부에서 사용하니 냄새는 안나네요~~",
        "SentimentWord": "4",
        "SentimentPolarity": "0"
      },
      {
        "Aspect": "디자인",
        "SentimentText": "디자인도 맘에 들고 잘 쓰겠습니다!",
        "SentimentWord": "5",
        "SentimentPolarity": "1"
      }
    ]
  },
  {
    "Index": "36730",
    "RawText": "첫 작동시 냄새난다고 해서 외부에서 켜고 들어오니 괜찮아요~~ 물도 끓이고 음식도 해먹고 활용하기 좋네요~^^",
    "Source": "쇼핑몰",
    "Domain": "가전",
    "MainCategory": "계절가전",
    "ProductName": "알파카 태서전기 TS-77A",
    "ReviewScore": "5",
    "Syllable": "61",
    "Word": "14",
    "RDate": "20210313",
    "GeneralPolarity": "1",
    "Aspects": [
      {
        "Aspect": "품질",
        "SentimentText": "첫 작동시 냄새난다고 해서 외부에서 켜고 들어오니 괜찮아요~~",
        "SentimentWord": "8",
        "SentimentPolarity": "1"
      },
      {
        "Aspect": "편의성",
        "SentimentText": "물도 끓이고 음식도 해먹고 활용하기 좋네요~^^",
        "SentimentWord": "6",
        "SentimentPolarity": "1"
      }
    ]
  },
  {
    "Index": "36731",
    "RawText": "기름냄새가 날까봐 걱정했는데 걱정한것 치고는 냄새 안나서 좋아요~  디자인은 깔끔하고 무난하기 맘에 듭니다!",
    "Source": "쇼핑몰",
    "Domain": "가전",
    "MainCategory": "계절가전",
    "ProductName": "알파카 태서전기 TS-77A",
    "ReviewScore": "5",
    "Syllable": "60",
    "Word": "13",
    "RDate": "20191209",
    "GeneralPolarity": "1",
    "Aspects": [
      {
        "Aspect": "품질",
        "SentimentText": "기름냄새가 날까봐 걱정했는데 걱정한것 치고는 냄새 안나서 좋아요~",
        "SentimentWord": "8",
        "SentimentPolarity": "1"
      },
      {
        "Aspect": "디자인",
        "SentimentText": "디자인은 깔끔하고 무난하기 맘에 듭니다!",
        "SentimentWord": "5",
        "SentimentPolarity": "1"
      }
    ]
  },
  {
    "Index": "36733",
    "RawText": "크기가 너무 작지도 크지도 않아 딱 좋네요~ 냄새도 없고 따뜻하고 좋아요~ 감자 고구마도 구워먹을수 있어 좋네요",
    "Source": "쇼핑몰",
    "Domain": "가전",
    "MainCategory": "계절가전",
    "ProductName": "알파카 태서전기 TS-77A",
    "ReviewScore": "5",
    "Syllable": "62",
    "Word": "16",
    "RDate": "20220105",
    "GeneralPolarity": "1",
    "Aspects": [
      {
        "Aspect": "사이즈",
        "SentimentText": "크기가 너무 작지도 크지도 않아 딱 좋네요~",
        "SentimentWord": "7",
        "SentimentPolarity": "1"
      },
      {
        "Aspect": "품질",
        "SentimentText": "냄새도 없고 따뜻하고 좋아요~",
        "SentimentWord": "4",
        "SentimentPolarity": "1"
      },
      {
        "Aspect": "편의성",
        "SentimentText": "감자 고구마도 구워먹을수 있어 좋네요",
        "SentimentWord": "5",
        "SentimentPolarity": "1"
      }
    ]
  },
  {
    "Index": "36734",
    "RawText": "2L 미니 생수통과 비슷한 크기로 아담하고 예뻐요. 3~4인용 차박 텐트에서 사용하고 있는데 기름을 넉넉하게 넣을 수 있어 밤새도록 차박하기 좋아요.",
    "Source": "쇼핑몰",
    "Domain": "가전",
    "MainCategory": "계절가전",
    "ProductName": "알파카 태서전기 TS-77A",
    "ReviewScore": "4",
    "Syllable": "83",
    "Word": "20",
    "RDate": "20211008",
    "GeneralPolarity": "1",
    "Aspects": [
      {
        "Aspect": "사이즈",
        "SentimentText": "2L 미니 생수통과 비슷한 크기로 아담하고 예뻐요.",
        "SentimentWord": "7",
        "SentimentPolarity": "1"
      },
      {
        "Aspect": "용량",
        "SentimentText": "기름을 넉넉하게 넣을 수 있어 밤새도록 차박하기 좋아요.",
        "SentimentWord": "8",
        "SentimentPolarity": "1"
      }
    ]
  },
  {
    "Index": "36735",
    "RawText": "아담한 사이즈가 깜찍해서 마음에 듭니다. 열전도율이 높아 차박할 때 춥지않고 따뜻해서 마음에 들어요! 가성비 좋은 제품 구매해서 만족합니다 ^^",
    "Source": "쇼핑몰",
    "Domain": "가전",
    "MainCategory": "계절가전",
    "ProductName": "알파카 태서전기 TS-77A",
    "ReviewScore": "5",
    "Syllable": "80",
    "Word": "19",
    "RDate": "20220107",
    "GeneralPolarity": "1",
    "Aspects": [
      {
        "Aspect": "사이즈",
        "SentimentText": "아담한 사이즈가 깜찍해서 마음에 듭니다.",
        "SentimentWord": "5",
        "SentimentPolarity": "1"
      },
      {
        "Aspect": "기능",
        "SentimentText": "열전도율이 높아 차박할 때 춥지않고 따뜻해서 마음에 들어요!",
        "SentimentWord": "8",
        "SentimentPolarity": "1"
      },
      {
        "Aspect": "가격",
        "SentimentText": "가성비 좋은 제품 구매해서 만족합니다 ^^",
        "SentimentWord": "6",
        "SentimentPolarity": "1"
      }
    ]
  },
  {
    "Index": "36736",
    "RawText": "캠핑 가기에 딱 적당한 사이즈라 좋네요~  금방 따뜻해지니 좋아요  배송도 빠르게 받아서 기분 좋네요~^^",
    "Source": "쇼핑몰",
    "Domain": "가전",
    "MainCategory": "계절가전",
    "ProductName": "알파카 태서전기 TS-77A",
    "ReviewScore": "5",
    "Syllable": "59",
    "Word": "14",
    "RDate": "20220827",
    "Aspects": [
      {
        "Aspect": "사이즈",
        "SentimentText": "캠핑 가기에 딱 적당한 사이즈라 좋네요~",
        "SentimentWord": "6",
        "SentimentPolarity": "1"
      },
      {
        "Aspect": "기능",
        "SentimentText": "금방 따뜻해지니 좋아요 ",
        "SentimentWord": "3",
        "SentimentPolarity": "1"
      }
    ]
  },
  {
    "Index": "36737",
    "RawText": "거실에 놓아두었는데 부피가 생각보다 크지 않아 괜찮아요 적은 전력으로 금방 따뜻해져서 좋아요~^^",
    "Source": "쇼핑몰",
    "Domain": "가전",
    "MainCategory": "계절가전",
    "ProductName": "알파카 태서전기 TS-77A",
    "ReviewScore": "5",
    "Syllable": "54",
    "Word": "12",
    "RDate": "20211227",
    "GeneralPolarity": "1",
    "Aspects": [
      {
        "Aspect": "사이즈",
        "SentimentText": " 거실에 놓아두었는데 부피가 생각보다 크지 않아 괜찮아요",
        "SentimentWord": "7",
        "SentimentPolarity": "0"
      },
      {
        "Aspect": "소비전력",
        "SentimentText": "적은 전력으로 금방 따뜻해져서 좋아요~^^",
        "SentimentWord": "5",
        "SentimentPolarity": "1"
      }
    ]
  },
  {
    "Index": "36738",
    "RawText": "아이 무릎 위 정도까지 오는 아담한 크기라 장소에 구애받을 필요가 없고요. 카드할인 받아 저렴하게 구입해서 너무 만족합니다.",
    "Source": "쇼핑몰",
    "Domain": "가전",
    "MainCategory": "계절가전",
    "ProductName": "알파카 태서전기 TS-77A",
    "ReviewScore": "5",
    "Syllable": "69",
    "Word": "17",
    "RDate": "20220106",
    "GeneralPolarity": "1",
    "Aspects": [
      {
        "Aspect": "사이즈",
        "SentimentText": "아이 무릎 위 정도까지 오는 아담한 크기라 장소에 구애받을 필요가 없고요",
        "SentimentWord": "11",
        "SentimentPolarity": "1"
      },
      {
        "Aspect": "가격",
        "SentimentText": "카드할인 받아 저렴하게 구입해서 너무 만족합니다.",
        "SentimentWord": "6",
        "SentimentPolarity": "1"
      }
    ]
  },
  {
    "Index": "36740",
    "RawText": "그으름이나 냄새가 안나서 만족스럽습니다. 엄청 따뜻하고 좋네요~~!! 급유 할때 방심은 금물!!^^",
    "Source": "쇼핑몰",
    "Domain": "가전",
    "MainCategory": "계절가전",
    "ProductName": "알파카 태서전기 TS-77A",
    "ReviewScore": "5",
    "Syllable": "55",
    "Word": "11",
    "RDate": "20211130",
    "GeneralPolarity": "1",
    "Aspects": [
      {
        "Aspect": "품질",
        "SentimentText": "그으름이나 냄새가 안나서 만족스럽습니다.",
        "SentimentWord": "4",
        "SentimentPolarity": "1"
      },
      {
        "Aspect": "기능",
        "SentimentText": "엄청 따뜻하고 좋네요~~!!",
        "SentimentWord": "3",
        "SentimentPolarity": "1"
      }
    ]
  },
  {
    "Index": "36742",
    "RawText": "좋은 가격에 구매했어요~ 원하는 색상이 있어서 골랐고 배송도 빨랐어요~ ",
    "Source": "쇼핑몰",
    "Domain": "가전",
    "MainCategory": "계절가전",
    "ProductName": "코베아 KGH-1310 (KN6HT0101) 기가썬",
    "ReviewScore": "5",
    "Syllable": "40",
    "Word": "9",
    "RDate": "20160331",
    "Aspects": [
      {
        "Aspect": "가격",
        "SentimentText": "좋은 가격에 구매했어요~",
        "SentimentWord": "3",
        "SentimentPolarity": "1"
      },
      {
        "Aspect": "색상",
        "SentimentText": "원하는 색상이 있어서 골랐고",
        "SentimentWord": "4",
        "SentimentPolarity": "1"
      }
    ]
  },
  {
    "Index": "36743",
    "RawText": "다른곳보다 가격이 많이 저렴해서 좋아요^^ 제품 배송도 원하는 날짜에  맞춰 도착해서 너무 좋고요,  흠집없는 좋은 물건을 보내주셔서 대~ 만족!!",
    "Source": "쇼핑몰",
    "Domain": "가전",
    "MainCategory": "계절가전",
    "ProductName": "코베아 KGH-1310 (KN6HT0101) 기가썬",
    "ReviewScore": "5",
    "Syllable": "82",
    "Word": "19",
    "RDate": "20161117",
    "Aspects": [
      {
        "Aspect": "가격",
        "SentimentText": "다른곳보다 가격이 많이 저렴해서 좋아요^^",
        "SentimentWord": "5",
        "SentimentPolarity": "1"
      },
      {
        "Aspect": "품질",
        "SentimentText": "흠집없는 좋은 물건을 보내주셔서 대~ 만족!!",
        "SentimentWord": "6",
        "SentimentPolarity": "1"
      }
    ]
  },
  {
    "Index": "36745",
    "RawText": "LPG 가스통에 스크래치가 많아서 중고제품 구입한 기분이 들어 실망스럽지만 수납이 가능한 폴딩형 다리로 어디서나 사용이 가능해서 만족합니다.",
    "Source": "쇼핑몰",
    "Domain": "가전",
    "MainCategory": "계절가전",
    "ProductName": "코베아 KGH-1310 (KN6HT0101) 기가썬",
    "ReviewScore": "5",
    "Syllable": "78",
    "Word": "17",
    "RDate": "20171218",
    "GeneralPolarity": "0",
    "Aspects": [
      {
        "Aspect": "품질",
        "SentimentText": "LPG 가스통에 스크래치가 많아서 중고제품 구입한 기분이 들어 실망스럽지만",
        "SentimentWord": "9",
        "SentimentPolarity": "-1"
      },
      {
        "Aspect": "편의성",
        "SentimentText": "수납이 가능한 폴딩형 다리로 어디서나 사용이 가능해서 만족합니다.",
        "SentimentWord": "8",
        "SentimentPolarity": "1"
      }
    ]
  },
  {
    "Index": "36746",
    "RawText": "디자인이 깔끔해서 맘에 들어요 부피도 작아 공간차지도 많이 하지 않아 너무 좋네요~ 냄새도 없고 타사대비 품질이 좋아요!!",
    "Source": "쇼핑몰",
    "Domain": "가전",
    "MainCategory": "계절가전",
    "ProductName": "코베아 KGH-1310 (KN6HT0101) 기가썬",
    "ReviewScore": "5",
    "Syllable": "68",
    "Word": "17",
    "RDate": "20191125",
    "GeneralPolarity": "1",
    "Aspects": [
      {
        "Aspect": "디자인",
        "SentimentText": "디자인이 깔끔해서 맘에 들어요",
        "SentimentWord": "4",
        "SentimentPolarity": "1"
      },
      {
        "Aspect": "사이즈",
        "SentimentText": " 부피도 작아 공간차지도 많이 하지 않아 너무 좋네요~",
        "SentimentWord": "8",
        "SentimentPolarity": "1"
      },
      {
        "Aspect": "품질",
        "SentimentText": "냄새도 없고 타사대비 품질이 좋아요!!",
        "SentimentWord": "5",
        "SentimentPolarity": "1"
      }
    ]
  },
  {
    "Index": "36749",
    "RawText": "디자인도 깔끔해서 좋고 휴대하기에 간편한 사이즈라 좋네요! 배송도 빠르게 받아서 좋습니다!",
    "Source": "쇼핑몰",
    "Domain": "가전",
    "MainCategory": "계절가전",
    "ProductName": "코베아 KGH-1310 (KN6HT0101) 기가썬",
    "ReviewScore": "4",
    "Syllable": "50",
    "Word": "11",
    "RDate": "20161002",
    "Aspects": [
      {
        "Aspect": "디자인",
        "SentimentText": "디자인도 깔끔해서 좋고",
        "SentimentWord": "3",
        "SentimentPolarity": "1"
      },
      {
        "Aspect": "사이즈",
        "SentimentText": " 휴대하기에 간편한 사이즈라 좋네요!",
        "SentimentWord": "4",
        "SentimentPolarity": "1"
      }
    ]
  },
  {
    "Index": "36750",
    "RawText": "디자인이 독특해서 너무 좋습니다^^  가격도 저렴하게 구매해서 너무  만족해요~",
    "Source": "쇼핑몰",
    "Domain": "가전",
    "MainCategory": "계절가전",
    "ProductName": "코베아 KGH-1310 (KN6HT0101) 기가썬",
    "ReviewScore": "5",
    "Syllable": "44",
    "Word": "9",
    "RDate": "20171123",
    "Aspects": [
      {
        "Aspect": "디자인",
        "SentimentText": "디자인이 독특해서 너무 좋습니다^^ ",
        "SentimentWord": "4",
        "SentimentPolarity": "1"
      },
      {
        "Aspect": "가격",
        "SentimentText": "가격도 저렴하게 구매해서 너무  만족해요~",
        "SentimentWord": "5",
        "SentimentPolarity": "1"
      }
    ]
  },
  {
    "Index": "36751",
    "RawText": "배송은 빠르고 안전하게 잘 받았어요~ 야외에서 일할때  잘 사용하고 있는데 엄청 따뜻해서 좋아요  그런데 가스소비량이 많은편이네요 ㅜ",
    "Source": "쇼핑몰",
    "Domain": "가전",
    "MainCategory": "계절가전",
    "ProductName": "코베아 KGH-1310 (KN6HT0101) 기가썬",
    "ReviewScore": "5",
    "Syllable": "74",
    "Word": "17",
    "RDate": "20171208",
    "Aspects": [
      {
        "Aspect": "기능",
        "SentimentText": "야외에서 일할때  잘 사용하고 있는데 엄청 따뜻해서 좋아요  ",
        "SentimentWord": "8",
        "SentimentPolarity": "1"
      },
      {
        "Aspect": "소비전력",
        "SentimentText": "그런데 가스소비량이 많은편이네요 ㅜ",
        "SentimentWord": "4",
        "SentimentPolarity": "-1"
      }
    ]
  },
  {
    "Index": "36752",
    "RawText": "가격대비 좋은 제품 잘 구입했습니다^^ 크기도 생각보다 작고 마음에 들어요~",
    "Source": "쇼핑몰",
    "Domain": "가전",
    "MainCategory": "계절가전",
    "ProductName": "코베아 KGH-1310 (KN6HT0101) 기가썬",
    "ReviewScore": "4",
    "Syllable": "42",
    "Word": "10",
    "RDate": "20190126",
    "Aspects": [
      {
        "Aspect": "가격",
        "SentimentText": "가격대비 좋은 제품 잘 구입했습니다^^",
        "SentimentWord": "5",
        "SentimentPolarity": "1"
      },
      {
        "Aspect": "사이즈",
        "SentimentText": "크기도 생각보다 작고 마음에 들어요~",
        "SentimentWord": "5",
        "SentimentPolarity": "1"
      }
    ]
  },
  {
    "Index": "36753",
    "RawText": "제품 사용법은 간단해서 좋아요! 시험작동해보니 금새 제품겉면이 뜨거워지는데 불날거같아요.. 안전한건지 모르겠네요....",
    "Source": "쇼핑몰",
    "Domain": "가전",
    "MainCategory": "계절가전",
    "ProductName": "코베아 KGH-1310 (KN6HT0101) 기가썬",
    "ReviewScore": "5",
    "Syllable": "66",
    "Word": "11",
    "RDate": "20211220",
    "Aspects": [
      {
        "Aspect": "조작성",
        "SentimentText": "제품 사용법은 간단해서 좋아요!",
        "SentimentWord": "4",
        "SentimentPolarity": "1"
      },
      {
        "Aspect": "내구성",
        "SentimentText": "시험작동해보니 금새 제품겉면이 뜨거워지는데 불날거같아요.. 안전한건지 모르겠네요....",
        "SentimentWord": "7",
        "SentimentPolarity": "-1"
      }
    ]
  },
  {
    "Index": "36757",
    "RawText": "제품 기능은 전체적으로 만족합니다~~  다만 구성품은 저렴하게 판매하면 좋을 것 같아요",
    "Source": "쇼핑몰",
    "Domain": "가전",
    "MainCategory": "계절가전",
    "ProductName": "코베아 KGH-2006BK",
    "ReviewScore": "5",
    "Syllable": "48",
    "Word": "11",
    "RDate": "20201123",
    "GeneralPolarity": "0",
    "Aspects": [
      {
        "Aspect": "기능",
        "SentimentText": "제품 기능은 전체적으로 만족합니다~~",
        "SentimentWord": "4",
        "SentimentPolarity": "1"
      },
      {
        "Aspect": "가격",
        "SentimentText": "다만 구성품은 저렴하게 판매하면 좋을 것 같아요",
        "SentimentWord": "7",
        "SentimentPolarity": "-1"
      }
    ]
  },
  {
    "Index": "36758",
    "RawText": "디자인이 깔끔하고 심플하니 마음에 들어요~  버너의 특성을 잘못이해한거지만 강으로 했을때 열손실이 나는건 조금 좋지 않네요  배송도 빠르게 와서 만족합니다. ",
    "Source": "쇼핑몰",
    "Domain": "가전",
    "MainCategory": "계절가전",
    "ProductName": "코베아 KGH-2006BK",
    "ReviewScore": "5",
    "Syllable": "88",
    "Word": "19",
    "RDate": "20201202",
    "Aspects": [
      {
        "Aspect": "디자인",
        "SentimentText": "디자인이 깔끔하고 심플하니 마음에 들어요~",
        "SentimentWord": "5",
        "SentimentPolarity": "1"
      },
      {
        "Aspect": "품질",
        "SentimentText": "버너의 특성을 잘못이해한거지만 강으로 했을때 열손실이 나는건 조금 좋지 않네요",
        "SentimentWord": "10",
        "SentimentPolarity": "-1"
      }
    ]
  },
  {
    "Index": "36759",
    "RawText": "반품받은 포장박스에 테이프만 덧붙여서  아주 엉망이네요ㅜㅜ 색상도 별로고 무엇보다 반사판에 수많은 지문은 먼가요??  상당히 찜찜하고 열받네요 가스 덮개는 너덜거리는데 사장님은 그냥 연결고리  구부려 쓰라하시네요. 헐~정말 기분 나쁘네요.내돈내산 인데...",
    "Source": "쇼핑몰",
    "Domain": "가전",
    "MainCategory": "계절가전",
    "ProductName": "코베아 KGH-2006BK",
    "ReviewScore": "3",
    "Syllable": "143",
    "Word": "28",
    "RDate": "20201103",
    "Aspects": [
      {
        "Aspect": "색상",
        "SentimentText": "색상도 별로고",
        "SentimentWord": "2",
        "SentimentPolarity": "-1"
      },
      {
        "Aspect": "품질",
        "SentimentText": "반사판에 수많은 지문은 먼가요??  상당히 찜찜하고 열받네요",
        "SentimentWord": "7",
        "SentimentPolarity": "-1"
      }
    ]
  },
  {
    "Index": "36760",
    "RawText": "배송도  완전 빠르게 도착해서 좋네요!   품질좋은 제품  받아서  기분도 좋고 사용하는데 화력이 쎄서 정말 따뜻하고 좋아요!^^",
    "Source": "쇼핑몰",
    "Domain": "가전",
    "MainCategory": "계절가전",
    "ProductName": "코베아 KGH-2006BK",
    "ReviewScore": "5",
    "Syllable": "72",
    "Word": "16",
    "RDate": "20201202",
    "Aspects": [
      {
        "Aspect": "품질",
        "SentimentText": "품질좋은 제품  받아서  기분도 좋고",
        "SentimentWord": "5",
        "SentimentPolarity": "1"
      },
      {
        "Aspect": "기능",
        "SentimentText": "사용하는데 화력이 쎄서 정말 따뜻하고 좋아요!^^",
        "SentimentWord": "6",
        "SentimentPolarity": "1"
      }
    ]
  },
  {
    "Index": "36761",
    "RawText": "아담한 사이즈라 맘에 들어요! 큰난로와 같이 사용하는데  따뜻함이 두배라서 유용해서 좋아요",
    "Source": "쇼핑몰",
    "Domain": "가전",
    "MainCategory": "계절가전",
    "ProductName": "코베아 KGH-2006BK",
    "ReviewScore": "5",
    "Syllable": "50",
    "Word": "11",
    "RDate": "20211011",
    "Aspects": [
      {
        "Aspect": "사이즈",
        "SentimentText": "아담한 사이즈라 맘에 들어요!",
        "SentimentWord": "4",
        "SentimentPolarity": "1"
      },
      {
        "Aspect": "기능",
        "SentimentText": "큰난로와 같이 사용하는데  따뜻함이 두배라서 유용해서 좋아요",
        "SentimentWord": "7",
        "SentimentPolarity": "1"
      }
    ]
  },
  {
    "Index": "36762",
    "RawText": "빠른 배송이 만족스러워요. 아담한 사이즈가 적당하게 느껴져서 마음에 들고 보온성이 좋아서 편안한 캠핑을 보내고 있어요.",
    "Source": "쇼핑몰",
    "Domain": "가전",
    "MainCategory": "계절가전",
    "ProductName": "코베아 KGH-2006BK",
    "ReviewScore": "5",
    "Syllable": "66",
    "Word": "15",
    "RDate": "20211203",
    "Aspects": [
      {
        "Aspect": "사이즈",
        "SentimentText": "아담한 사이즈가 적당하게 느껴져서 마음에 들고",
        "SentimentWord": "6",
        "SentimentPolarity": "1"
      },
      {
        "Aspect": "기능",
        "SentimentText": "보온성이 좋아서 편안한 캠핑을 보내고 있어요.",
        "SentimentWord": "6",
        "SentimentPolarity": "1"
      }
    ]
  },
  {
    "Index": "36763",
    "RawText": "빠른 배송 만족합니다. 디자인이 예뻐서 마음에 쏙 들어요. 블랙색상이 깔끔해서 어디서나 잘 어울립니다.",
    "Source": "쇼핑몰",
    "Domain": "가전",
    "MainCategory": "계절가전",
    "ProductName": "코베아 KGH-2006BK",
    "ReviewScore": "5",
    "Syllable": "57",
    "Word": "13",
    "RDate": "20201126",
    "Aspects": [
      {
        "Aspect": "디자인",
        "SentimentText": "디자인이 예뻐서 마음에 쏙 들어요.",
        "SentimentWord": "5",
        "SentimentPolarity": "1"
      },
      {
        "Aspect": "색상",
        "SentimentText": "블랙색상이 깔끔해서 어디서나 잘 어울립니다.",
        "SentimentWord": "5",
        "SentimentPolarity": "1"
      }
    ]
  },
  {
    "Index": "36764",
    "RawText": "좋은 가격으로 구입해서 좋습니다!! 화력이 높아 공기가 따뜻해서 만족해요~",
    "Source": "쇼핑몰",
    "Domain": "가전",
    "MainCategory": "계절가전",
    "ProductName": "코베아 KGH-2006BK",
    "ReviewScore": "5",
    "Syllable": "41",
    "Word": "9",
    "RDate": "20211224",
    "Aspects": [
      {
        "Aspect": "가격",
        "SentimentText": "좋은 가격으로 구입해서 좋습니다!! ",
        "SentimentWord": "4",
        "SentimentPolarity": "1"
      },
      {
        "Aspect": "기능",
        "SentimentText": "화력이 높아 공기가 따뜻해서 만족해요~",
        "SentimentWord": "5",
        "SentimentPolarity": "1"
      }
    ]
  },
  {
    "Index": "36765",
    "RawText": "배송이 빨라서 만족합니다. 깔끔하게 포장이 되어있어 정말 마음에 들어요. 빨강과 검정의 조화가 촌스럽네요 생각보다 무거워 이동이 불편합니다",
    "Source": "쇼핑몰",
    "Domain": "가전",
    "MainCategory": "계절가전",
    "ProductName": "코베아 KGH-2006BK",
    "ReviewScore": "5",
    "Syllable": "77",
    "Word": "17",
    "RDate": "20210924",
    "Aspects": [
      {
        "Aspect": "색상",
        "SentimentText": "빨강과 검정의 조화가 촌스럽네요",
        "SentimentWord": "4",
        "SentimentPolarity": "-1"
      },
      {
        "Aspect": "무게",
        "SentimentText": "생각보다 무거워 이동이 불편합니다",
        "SentimentWord": "4",
        "SentimentPolarity": "-1"
      }
    ]
  },
  {
    "Index": "36766",
    "RawText": "책상 밑에 놓고 사용하기 적당한 아담한 크기가 만족스러워요. 적당한 발열감으로 발이 따뜻하고 공부할 때 집중이 잘 되네요. 착한가격 마음에 들어요.",
    "Source": "쇼핑몰",
    "Domain": "가전",
    "MainCategory": "계절가전",
    "ProductName": "코베아 KGH-2006BK",
    "ReviewScore": "5",
    "Syllable": "82",
    "Word": "20",
    "RDate": "20211127",
    "GeneralPolarity": "1",
    "Aspects": [
      {
        "Aspect": "사이즈",
        "SentimentText": "책상 밑에 놓고 사용하기 적당한 아담한 크기가 만족스러워요.",
        "SentimentWord": "8",
        "SentimentPolarity": "1"
      },
      {
        "Aspect": "기능",
        "SentimentText": "적당한 발열감으로 발이 따뜻하고 공부할 때 집중이 잘 되네요.",
        "SentimentWord": "9",
        "SentimentPolarity": "1"
      },
      {
        "Aspect": "가격",
        "SentimentText": "착한가격 마음에 들어요.",
        "SentimentWord": "3",
        "SentimentPolarity": "1"
      }
    ]
  },
  {
    "Index": "36767",
    "RawText": "부모님이 새벽에 일하실때 추워하셔서 구매했는데 따뜻하니 좋네요~  디자인도 앙증맞고 예뻐요^^  ",
    "Source": "쇼핑몰",
    "Domain": "가전",
    "MainCategory": "계절가전",
    "ProductName": "코베아 KGH-2006BK",
    "ReviewScore": "5",
    "Syllable": "54",
    "Word": "10",
    "RDate": "20210503",
    "GeneralPolarity": "1",
    "Aspects": [
      {
        "Aspect": "기능",
        "SentimentText": "부모님이 새벽에 일하실때 추워하셔서 구매했는데 따뜻하니 좋네요~",
        "SentimentWord": "7",
        "SentimentPolarity": "1"
      },
      {
        "Aspect": "디자인",
        "SentimentText": "디자인도 앙증맞고 예뻐요^^",
        "SentimentWord": "3",
        "SentimentPolarity": "1"
      }
    ]
  },
  {
    "Index": "36769",
    "RawText": "고급스러운 디자인이 마음에 들어요. 겨울철에 딱 어울리는 깔끔한 블랙색상이 제 취향입니다.",
    "Source": "쇼핑몰",
    "Domain": "가전",
    "MainCategory": "계절가전",
    "ProductName": "코베아 KGH-2006BK",
    "ReviewScore": "4",
    "Syllable": "50",
    "Word": "11",
    "RDate": "20210925",
    "GeneralPolarity": "1",
    "Aspects": [
      {
        "Aspect": "디자인",
        "SentimentText": "고급스러운 디자인이 마음에 들어요.",
        "SentimentWord": "4",
        "SentimentPolarity": "1"
      },
      {
        "Aspect": "색상",
        "SentimentText": "겨울철에 딱 어울리는 깔끔한 블랙색상이 제 취향입니다.",
        "SentimentWord": "7",
        "SentimentPolarity": "1"
      }
    ]
  },
  {
    "Index": "36770",
    "RawText": "발열감이 높아 밤낚시 할 때 따뜻해서 마음에 들어요. 예쁘고 앙증맞은 디자인이 제 만족감을 더 높여주네요.",
    "Source": "쇼핑몰",
    "Domain": "가전",
    "MainCategory": "계절가전",
    "ProductName": "코베아 KGH-2006BK",
    "ReviewScore": "5",
    "Syllable": "59",
    "Word": "15",
    "RDate": "20211110",
    "GeneralPolarity": "1",
    "Aspects": [
      {
        "Aspect": "기능",
        "SentimentText": "발열감이 높아 밤낚시 할 때 따뜻해서 마음에 들어요.",
        "SentimentWord": "8",
        "SentimentPolarity": "1"
      },
      {
        "Aspect": "디자인",
        "SentimentText": "예쁘고 앙증맞은 디자인이 제 만족감을 더 높여주네요.",
        "SentimentWord": "7",
        "SentimentPolarity": "1"
      }
    ]
  },
  {
    "Index": "36771",
    "RawText": "믿고 구매하는 ooo 히터!! 최고예요~  색상도 원하는 색상이라 맘에 듭니다^^",
    "Source": "쇼핑몰",
    "Domain": "가전",
    "MainCategory": "계절가전",
    "ProductName": "코베아 KGH-2006BK",
    "ReviewScore": "5",
    "Syllable": "45",
    "Word": "10",
    "RDate": "20210516",
    "GeneralPolarity": "1",
    "Aspects": [
      {
        "Aspect": "제조일/제조사",
        "SentimentText": "믿고 구매하는 ooo 히터!! 최고예요~",
        "SentimentWord": "5",
        "SentimentPolarity": "1"
      },
      {
        "Aspect": "색상",
        "SentimentText": "색상도 원하는 색상이라 맘에 듭니다^^",
        "SentimentWord": "5",
        "SentimentPolarity": "1"
      }
    ]
  },
  {
    "Index": "36772",
    "RawText": "3단 화력조절이 가능해서 오랜시간 만족하며 사용하다 재구매 했어요. 이번에 새로 바뀐 색상도 정말 예쁘네요.",
    "Source": "쇼핑몰",
    "Domain": "가전",
    "MainCategory": "계절가전",
    "ProductName": "코베아 KGH-2006BK",
    "ReviewScore": "5",
    "Syllable": "60",
    "Word": "14",
    "RDate": "20211024",
    "GeneralPolarity": "1",
    "Aspects": [
      {
        "Aspect": "기능",
        "SentimentText": "3단 화력조절이 가능해서 오랜시간 만족하며 사용하다 재구매 했어요.",
        "SentimentWord": "8",
        "SentimentPolarity": "1"
      },
      {
        "Aspect": "색상",
        "SentimentText": "이번에 새로 바뀐 색상도 정말 예쁘네요.",
        "SentimentWord": "6",
        "SentimentPolarity": "1"
      }
    ]
  },
  {
    "Index": "36773",
    "RawText": "사이즈가 작고 아담해서 휴대하기 간편하고 여기저기 필요한 곳에서 사용이 편리해서 좋아요~ 생각보다 화력도 좋아서 틀어놓으면 따뜻하서  만족해요~^^",
    "Source": "쇼핑몰",
    "Domain": "가전",
    "MainCategory": "계절가전",
    "ProductName": "코베아 KGH-2006BK",
    "ReviewScore": "5",
    "Syllable": "82",
    "Word": "17",
    "RDate": "20210207",
    "GeneralPolarity": "1",
    "Aspects": [
      {
        "Aspect": "사이즈",
        "SentimentText": "사이즈가 작고 아담해서 휴대하기 간편하고 ",
        "SentimentWord": "5",
        "SentimentPolarity": "1"
      },
      {
        "Aspect": "편의성",
        "SentimentText": "휴대하기 간편하고 여기저기 필요한 곳에서 사용이 편리해서 좋아요~",
        "SentimentWord": "8",
        "SentimentPolarity": "1"
      },
      {
        "Aspect": "기능",
        "SentimentText": "생각보다 화력도 좋아서 틀어놓으면 따뜻하서  만족해요~^^",
        "SentimentWord": "6",
        "SentimentPolarity": "1"
      }
    ]
  },
  {
    "Index": "36774",
    "RawText": " 작지만 화력도 좋아 금방 따뜻해지니 맘에 드네요 부탄가스 넣는 것도 쉽게 할 수 있어 맘에 들어요~ 무게도 가벼워서 좋습니다!",
    "Source": "쇼핑몰",
    "Domain": "가전",
    "MainCategory": "계절가전",
    "ProductName": "코베아 KGH-2006BK",
    "ReviewScore": "5",
    "Syllable": "71",
    "Word": "19",
    "RDate": "20211021",
    "GeneralPolarity": "1",
    "Aspects": [
      {
        "Aspect": "기능",
        "SentimentText": "작지만 화력도 좋아 금방 따뜻해지니 맘에 드네요",
        "SentimentWord": "7",
        "SentimentPolarity": "1"
      },
      {
        "Aspect": "조작성",
        "SentimentText": "부탄가스 넣는 것도 쉽게 할 수 있어 맘에 들어요~ ",
        "SentimentWord": "9",
        "SentimentPolarity": "1"
      },
      {
        "Aspect": "무게",
        "SentimentText": "무게도 가벼워서 좋습니다!",
        "SentimentWord": "3",
        "SentimentPolarity": "1"
      }
    ]
  },
  {
    "Index": "36775",
    "RawText": "화력이 높아서 마음에 들어요~^^ 3단모드 설정시 2시간 정도 짧게 쓸 수 있다는 점이 별로네요. 방열판이 함께 구성되지 않아 좀 아쉽습니다.",
    "Source": "쇼핑몰",
    "Domain": "가전",
    "MainCategory": "계절가전",
    "ProductName": "코베아 KGH-2006BK",
    "ReviewScore": "5",
    "Syllable": "79",
    "Word": "20",
    "RDate": "20201129",
    "GeneralPolarity": "0",
    "Aspects": [
      {
        "Aspect": "기능",
        "SentimentText": "화력이 높아서 마음에 들어요~^^",
        "SentimentWord": "4",
        "SentimentPolarity": "1"
      },
      {
        "Aspect": "시간/속도",
        "SentimentText": "3단모드 설정시 2시간 정도 짧게 쓸 수 있다는 점이 별로네요.",
        "SentimentWord": "10",
        "SentimentPolarity": "-1"
      },
      {
        "Aspect": "제품구성",
        "SentimentText": "방열판이 함께 구성되지 않아 좀 아쉽습니다.",
        "SentimentWord": "6",
        "SentimentPolarity": "-1"
      }
    ]
  },
  {
    "Index": "36776",
    "RawText": "화력도 세서 금방 따뜻해지고 너무 좋아요. 가성비 좋은 제품을 구입하게 되어 만족합니다.",
    "Source": "쇼핑몰",
    "Domain": "가전",
    "MainCategory": "계절가전",
    "ProductName": "코베아 KGH-2006BK",
    "ReviewScore": "5",
    "Syllable": "49",
    "Word": "12",
    "RDate": "20220210",
    "Aspects": [
      {
        "Aspect": "기능",
        "SentimentText": "화력도 세서 금방 따뜻해지고 너무 좋아요.",
        "SentimentWord": "6",
        "SentimentPolarity": "1"
      },
      {
        "Aspect": "가격",
        "SentimentText": "가성비 좋은 제품을 구입하게 되어 만족합니다.",
        "SentimentWord": "6",
        "SentimentPolarity": "1"
      }
    ]
  },
  {
    "Index": "36778",
    "RawText": "이번엔 원하는 검정색으로 구입했는데 마음에 쏙 드네요~ 포장도 충격방지 될수 있게 꼼꼼히 싸주셨어요~~ 배송해주시는 분도 친절하셔서 서비스도 만족해요~ 저렴한 가격에 정말 잘 산것 같아요!",
    "Source": "쇼핑몰",
    "Domain": "가전",
    "MainCategory": "계절가전",
    "ProductName": "코베아 KGH-2006BK",
    "ReviewScore": "5",
    "Syllable": "105",
    "Word": "24",
    "RDate": "20220126",
    "Aspects": [
      {
        "Aspect": "색상",
        "SentimentText": "이번엔 원하는 검정색으로 구입했는데 마음에 쏙 드네요~",
        "SentimentWord": "7",
        "SentimentPolarity": "1"
      },
      {
        "Aspect": "가격",
        "SentimentText": "저렴한 가격에 정말 잘 산것 같아요!",
        "SentimentWord": "6",
        "SentimentPolarity": "1"
      }
    ]
  },
  {
    "Index": "36779",
    "RawText": "이번에 재구매 했는데 디자인 차이는 거의 없는 것 같아서 익숙한 느낌이에요. 블랙색상이 생각보다 귀엽네요. 발열감이 높아 캠핑할때나 가정에서 추울 때 사용하기 정말 좋아요.",
    "Source": "쇼핑몰",
    "Domain": "가전",
    "MainCategory": "계절가전",
    "ProductName": "코베아 KGH-2006BK",
    "ReviewScore": "4",
    "Syllable": "96",
    "Word": "23",
    "RDate": "20211212",
    "GeneralPolarity": "1",
    "Aspects": [
      {
        "Aspect": "디자인",
        "SentimentText": "이번에 재구매 했는데 디자인 차이는 거의 없는 것 같아서 익숙한 느낌이에요.",
        "SentimentWord": "11",
        "SentimentPolarity": "0"
      },
      {
        "Aspect": "색상",
        "SentimentText": "블랙색상이 생각보다 귀엽네요.",
        "SentimentWord": "3",
        "SentimentPolarity": "1"
      },
      {
        "Aspect": "기능",
        "SentimentText": "발열감이 높아 캠핑할때나 가정에서 추울 때 사용하기 정말 좋아요.",
        "SentimentWord": "9",
        "SentimentPolarity": "1"
      }
    ]
  },
  {
    "Index": "36780",
    "RawText": "작은 거에 비해서 따뜻해서 매우 만족합니다. 추운겨울엔 4개짜리 부탄가스 구비하면 충분할만큼 열효율이 좋아요!",
    "Source": "쇼핑몰",
    "Domain": "가전",
    "MainCategory": "계절가전",
    "ProductName": "코베아 KGH-2006BK",
    "ReviewScore": "4",
    "Syllable": "61",
    "Word": "13",
    "RDate": "20211128",
    "GeneralPolarity": "1",
    "Aspects": [
      {
        "Aspect": "기능",
        "SentimentText": "작은 거에 비해서 따뜻해서 매우 만족합니다.",
        "SentimentWord": "6",
        "SentimentPolarity": "1"
      },
      {
        "Aspect": "소비전력",
        "SentimentText": "추운겨울엔 4개짜리 부탄가스 구비하면 충분할만큼 열효율이 좋아요!",
        "SentimentWord": "7",
        "SentimentPolarity": "1"
      }
    ]
  },
  {
    "Index": "36781",
    "RawText": "가스 난로 치고는 디자인도 무난하고 좋네요~~  지인들이 추천해서 구매했는데 따뜻하니 맘에 들어요~  다른 사람들에게도 입소문 많이 내겠습니다!^^",
    "Source": "쇼핑몰",
    "Domain": "가전",
    "MainCategory": "계절가전",
    "ProductName": "코베아 KGH-2006BK",
    "ReviewScore": "5",
    "Syllable": "82",
    "Word": "17",
    "RDate": "20211026",
    "GeneralPolarity": "1",
    "Aspects": [
      {
        "Aspect": "디자인",
        "SentimentText": "가스 난로 치고는 디자인도 무난하고 좋네요~~",
        "SentimentWord": "6",
        "SentimentPolarity": "1"
      },
      {
        "Aspect": "기능",
        "SentimentText": "지인들이 추천해서 구매했는데 따뜻하니 맘에 들어요~",
        "SentimentWord": "6",
        "SentimentPolarity": "1"
      }
    ]
  },
  {
    "Index": "36782",
    "RawText": "차 내부 공기가 후끈후끈하니 정말 마음에 드네요. 화력을 최대로 올릴수록 가스냄새가 심해서 머리가 아파요.",
    "Source": "쇼핑몰",
    "Domain": "가전",
    "MainCategory": "계절가전",
    "ProductName": "코베아 KGH-2006BK",
    "ReviewScore": "5",
    "Syllable": "59",
    "Word": "14",
    "RDate": "20201224",
    "GeneralPolarity": "0",
    "Aspects": [
      {
        "Aspect": "기능",
        "SentimentText": " 차 내부 공기가 후끈후끈하니 정말 마음에 드네요.",
        "SentimentWord": "7",
        "SentimentPolarity": "1"
      },
      {
        "Aspect": "품질",
        "SentimentText": "화력을 최대로 올릴수록 가스냄새가 심해서 머리가 아파요.",
        "SentimentWord": "7",
        "SentimentPolarity": "-1"
      }
    ]
  },
  {
    "Index": "36783",
    "RawText": "제품 기능이 좋아 추운줄 모르고 밤낚시 즐겨서 상당히 만족했어요. ^^ 이 제품은 부탄가스잔여량이 전혀 남지 않아 좋습니다. ~!",
    "Source": "쇼핑몰",
    "Domain": "가전",
    "MainCategory": "계절가전",
    "ProductName": "코베아 KGH-2006BK",
    "ReviewScore": "5",
    "Syllable": "72",
    "Word": "18",
    "RDate": "20211227",
    "GeneralPolarity": "1",
    "Aspects": [
      {
        "Aspect": "기능",
        "SentimentText": "제품 기능이 좋아 추운줄 모르고 밤낚시 즐겨서 상당히 만족했어요. ^^",
        "SentimentWord": "10",
        "SentimentPolarity": "1"
      },
      {
        "Aspect": "품질",
        "SentimentText": "이 제품은 부탄가스잔여량이 전혀 남지 않아 좋습니다. ~! ",
        "SentimentWord": "8",
        "SentimentPolarity": "1"
      }
    ]
  },
  {
    "Index": "36784",
    "RawText": "000 빨간색 사용하다가 이번엔 불랙색상 구매해서 사용하는데 실물 예뻐서 마음에 들어요 디자인도 깔끔하고 귀여워요~  생각했던것보다 화력이 굉장히  좋고 따뜻헤요^^ 안전하고  빠른 배송도 감사드립니다!!",
    "Source": "쇼핑몰",
    "Domain": "가전",
    "MainCategory": "계절가전",
    "ProductName": "코베아 KGH-2006BK",
    "ReviewScore": "5",
    "Syllable": "114",
    "Word": "23",
    "RDate": "20220629",
    "Aspects": [
      {
        "Aspect": "색상",
        "SentimentText": "000 빨간색 사용하다가 이번엔 불랙색상 구매해서 사용하는데 실물 예뻐서 마음에 들어요 ",
        "SentimentWord": "11",
        "SentimentPolarity": "1"
      },
      {
        "Aspect": "디자인",
        "SentimentText": "디자인도 깔끔하고 귀여워요~ ",
        "SentimentWord": "3",
        "SentimentPolarity": "1"
      },
      {
        "Aspect": "기능",
        "SentimentText": "생각했던것보다 화력이 굉장히  좋고 따뜻헤요^^",
        "SentimentWord": "5",
        "SentimentPolarity": "1"
      }
    ]
  },
  {
    "Index": "36786",
    "RawText": "실제로 보니 제품 사이즈가 진짜 많이  작아요~ 살짝 아쉽지만 화력조절도 가능해서 편하고  화력도 세고 금방 따뜻해져서 좋아요!!",
    "Source": "쇼핑몰",
    "Domain": "가전",
    "MainCategory": "계절가전",
    "ProductName": "코베아 KGH-2006BK",
    "ReviewScore": "5",
    "Syllable": "72",
    "Word": "17",
    "RDate": "20210115",
    "GeneralPolarity": "0",
    "Aspects": [
      {
        "Aspect": "사이즈",
        "SentimentText": "실제로 보니 제품 사이즈가 진짜 많이  작아요~ 살짝 아쉽지만",
        "SentimentWord": "9",
        "SentimentPolarity": "0"
      },
      {
        "Aspect": "기능",
        "SentimentText": "화력조절도 가능해서 편하고  화력도 세고 금방 따뜻해져서 좋아요!! ",
        "SentimentWord": "8",
        "SentimentPolarity": "1"
      }
    ]
  },
  {
    "Index": "36787",
    "RawText": "배송은 해외배송이라  열흘만에  제품 잘 받았습니다. 생각보다 오래걸리지 않아 만족합니다  디자인이 동글동글 넘 예쁘네요~  켜놓으니 주변이 금방  따뜻해져요 역시 기다린 보람이 있네요^^ 올겨울  0000 제품 덕분에 따뜻하고 편하게 지낼 수 있어서 정말 좋아요ㅎㅎ",
    "Source": "쇼핑몰",
    "Domain": "가전",
    "MainCategory": "계절가전",
    "ProductName": "토요토미 KS-67H 해외구매",
    "ReviewScore": "5",
    "Syllable": "149",
    "Word": "33",
    "RDate": "20181209",
    "Aspects": [
      {
        "Aspect": "디자인",
        "SentimentText": "디자인이 동글동글 넘 예쁘네요~ ",
        "SentimentWord": "4",
        "SentimentPolarity": "1"
      },
      {
        "Aspect": "기능",
        "SentimentText": "켜놓으니 주변이 금방  따뜻해져요 역시 기다린 보람이 있네요^^",
        "SentimentWord": "8",
        "SentimentPolarity": "1"
      },
      {
        "Aspect": "편의성",
        "SentimentText": "올겨울  0000 제품 덕분에 따뜻하고 편하게 지낼 수 있어서 정말 좋아요ㅎㅎ",
        "SentimentWord": "11",
        "SentimentPolarity": "1"
      }
    ]
  },
  {
    "Index": "36789",
    "RawText": "재고처리제품을 마치 할인행사한것처럼 가격을 속여 판것같아요. 구형 제품이라 실망스럽네요. 배송기간이 한달 넘게 걸려 짜증납니다. 점화되는 속도가 느려서 빠르게 따뜻해지지 않아요.",
    "Source": "쇼핑몰",
    "Domain": "가전",
    "MainCategory": "계절가전",
    "ProductName": "토요토미 KS-67H 해외구매",
    "ReviewScore": "1",
    "Syllable": "99",
    "Word": "20",
    "RDate": "20211011",
    "GeneralPolarity": "-1",
    "Aspects": [
      {
        "Aspect": "제조일/제조사",
        "SentimentText": "구형 제품이라 실망스럽네요.",
        "SentimentWord": "3",
        "SentimentPolarity": "-1"
      },
      {
        "Aspect": "시간/속도",
        "SentimentText": "점화되는 속도가 느려서 빠르게 따뜻해지지 않아요.",
        "SentimentWord": "6",
        "SentimentPolarity": "-1"
      }
    ]
  },
  {
    "Index": "36790",
    "RawText": "가격대비 만족하고 사용하고 있는 제품입니다. 그런데 받침대가 약간 찌그러짐이 있어 아쉬워요ㅜ",
    "Source": "쇼핑몰",
    "Domain": "가전",
    "MainCategory": "계절가전",
    "ProductName": "토요토미 KS-67H 해외구매",
    "ReviewScore": "4",
    "Syllable": "51",
    "Word": "11",
    "RDate": "20211026",
    "Aspects": [
      {
        "Aspect": "가격",
        "SentimentText": "가격대비 만족하고 사용하고 있는 제품입니다.",
        "SentimentWord": "5",
        "SentimentPolarity": "1"
      },
      {
        "Aspect": "품질",
        "SentimentText": "그런데 받침대가 약간 찌그러짐이 있어 아쉬워요ㅜ",
        "SentimentWord": "6",
        "SentimentPolarity": "-1"
      }
    ]
  },
  {
    "Index": "36792",
    "RawText": "관세가 생각보다 비싸서 부담이 좀 되네요. 기름냄새로 주기적으로 환기시켜야해서 사용하기 너무 불편하네요ㅜ",
    "Source": "쇼핑몰",
    "Domain": "가전",
    "MainCategory": "계절가전",
    "ProductName": "토요토미 KS-67H 해외구매",
    "ReviewScore": "5",
    "Syllable": "58",
    "Word": "12",
    "RDate": "20211110",
    "Aspects": [
      {
        "Aspect": "가격",
        "SentimentText": "관세가 생각보다 비싸서 부담이 좀 되네요.",
        "SentimentWord": "6",
        "SentimentPolarity": "-1"
      },
      {
        "Aspect": "편의성",
        "SentimentText": "기름냄새로 주기적으로 환기시켜야해서 사용하기 너무 불편하네요ㅜ",
        "SentimentWord": "6",
        "SentimentPolarity": "-1"
      }
    ]
  },
  {
    "Index": "36793",
    "RawText": "제품 가격에 관세까지 추가되니 가격이 부담스럽네요... 색상도 생각했던 느낌보다는 달라서 실망스러워요.",
    "Source": "쇼핑몰",
    "Domain": "가전",
    "MainCategory": "계절가전",
    "ProductName": "토요토미 KS-67H 해외구매",
    "ReviewScore": "4",
    "Syllable": "57",
    "Word": "11",
    "RDate": "20181229",
    "GeneralPolarity": "-1",
    "Aspects": [
      {
        "Aspect": "가격",
        "SentimentText": "제품 가격에 관세까지 추가되니 가격이 부담스럽네요...",
        "SentimentWord": "6",
        "SentimentPolarity": "-1"
      },
      {
        "Aspect": "색상",
        "SentimentText": "색상도 생각했던 느낌보다는 달라서 실망스러워요",
        "SentimentWord": "5",
        "SentimentPolarity": "-1"
      }
    ]
  },
  {
    "Index": "36794",
    "RawText": "국내정식입품과 달리 가방과 상부망이 미포함인 점은 아쉬우나, 해외직구만의 메리트가 있어 구매했습니다.  관세가 따로 붙어서 추가로 지불하니 가격이 결코 저렴한건 아니네요ㅜ",
    "Source": "쇼핑몰",
    "Domain": "가전",
    "MainCategory": "계절가전",
    "ProductName": "토요토미 KS-67H 해외구매",
    "ReviewScore": "5",
    "Syllable": "95",
    "Word": "20",
    "RDate": "20190927",
    "Aspects": [
      {
        "Aspect": "제품구성",
        "SentimentText": "가방과 상부망이 미포함인 점은 아쉬우나",
        "SentimentWord": "5",
        "SentimentPolarity": "-1"
      },
      {
        "Aspect": "가격",
        "SentimentText": "관세가 따로 붙어서 추가로 지불하니 가격이 결코 저렴한건 아니네요ㅜ",
        "SentimentWord": "9",
        "SentimentPolarity": "-1"
      }
    ]
  },
  {
    "Index": "36796",
    "RawText": "화력이 높아서 만족합니다. 냄새가 조금 나서 머리가 아파서 환기를 자주 시켜주게 되네요.",
    "Source": "쇼핑몰",
    "Domain": "가전",
    "MainCategory": "계절가전",
    "ProductName": "토요토미 KS-67H 해외구매",
    "ReviewScore": "4",
    "Syllable": "49",
    "Word": "12",
    "RDate": "20191109",
    "GeneralPolarity": "0",
    "Aspects": [
      {
        "Aspect": "기능",
        "SentimentText": "화력이 높아서 만족합니다.",
        "SentimentWord": "3",
        "SentimentPolarity": "1"
      },
      {
        "Aspect": "품질",
        "SentimentText": "냄새가  조금 나서 머리가 아파서 환기를 자주 시켜주게 되네요.",
        "SentimentWord": "9",
        "SentimentPolarity": "-1"
      }
    ]
  },
  {
    "Index": "36797",
    "RawText": "배송기간은 살짝 오래걸려 아쉽고 화력이 좋지만 연료를 많이 먹어서 지출이 부담스럽네요.",
    "Source": "쇼핑몰",
    "Domain": "가전",
    "MainCategory": "계절가전",
    "ProductName": "토요토미 KS-67H 해외구매",
    "ReviewScore": "5",
    "Syllable": "48",
    "Word": "11",
    "RDate": "20180118",
    "Aspects": [
      {
        "Aspect": "기능",
        "SentimentText": "화력이 좋지만",
        "SentimentWord": "2",
        "SentimentPolarity": "0"
      },
      {
        "Aspect": "소비전력",
        "SentimentText": "연료를 많이 먹어서 지출이 부담스럽네요.",
        "SentimentWord": "5",
        "SentimentPolarity": "-1"
      }
    ]
  },
  {
    "Index": "36799",
    "RawText": "포장박스도 깔끔하고 제품도 안전하게 잘왔어요~ 배송은 11월에 주문한게 12월에 거의 한달만에 도착ㅜㅜ아무리 해외배송아라지만 너무 느리네요... 너무 퇴색한 희색이라 촌스럽습니다. 보관용 전용가방이 사이즈가 너무 작아서 별로네요",
    "Source": "쇼핑몰",
    "Domain": "가전",
    "MainCategory": "계절가전",
    "ProductName": "토요토미 KS-67H 해외구매",
    "ReviewScore": "4",
    "Syllable": "127",
    "Word": "25",
    "RDate": "20201217",
    "Aspects": [
      {
        "Aspect": "색상",
        "SentimentText": "너무 퇴색한 희색이라 촌스럽습니다.",
        "SentimentWord": "4",
        "SentimentPolarity": "-1"
      },
      {
        "Aspect": "사이즈",
        "SentimentText": "보관용 전용가방이 사이즈가 너무 작아서 별로네요",
        "SentimentWord": "6",
        "SentimentPolarity": "-1"
      }
    ]
  },
  {
    "Index": "36800",
    "RawText": "00브랜드 믿고 구매했는데 실망스럽네요 그으름도 심하고 불꽃도  고르지 못해 불안정해서 불량같아요ㅠ",
    "Source": "쇼핑몰",
    "Domain": "가전",
    "MainCategory": "계절가전",
    "ProductName": "토요토미 KS-67H 해외구매",
    "ReviewScore": "1",
    "Syllable": "55",
    "Word": "11",
    "RDate": "20181225",
    "Aspects": [
      {
        "Aspect": "제조일/제조사",
        "SentimentText": "00브랜드 믿고 구매했는데 실망스럽네요",
        "SentimentWord": "4",
        "SentimentPolarity": "-1"
      },
      {
        "Aspect": "품질",
        "SentimentText": "그으름도 심하고 불꽃도  고르지 못해 불안정해서 불량같아요ㅠ",
        "SentimentWord": "7",
        "SentimentPolarity": "-1"
      }
    ]
  },
  {
    "Index": "36801",
    "RawText": "생각지도 않았는데  배송이 빨리 와서 너무 좋아요!!   캠핑장에서 사용해보니 후끈후끈 엄청 따뜻해서 대만족이예요^^ 걱정했던 석유냄새도 거의없고  따뜻하고 품질 좋네요 ~~~",
    "Source": "쇼핑몰",
    "Domain": "가전",
    "MainCategory": "계절가전",
    "ProductName": "토요토미 KS-67H 해외구매",
    "ReviewScore": "5",
    "Syllable": "98",
    "Word": "20",
    "RDate": "20211101",
    "Aspects": [
      {
        "Aspect": "기능",
        "SentimentText": "캠핑장에서 사용해보니 후끈후끈 엄청 따뜻해서 대만족이예요^^",
        "SentimentWord": "6",
        "SentimentPolarity": "1"
      },
      {
        "Aspect": "품질",
        "SentimentText": "걱정했던 석유냄새도 거의없고  따뜻하고 품질 좋네요 ~~~",
        "SentimentWord": "7",
        "SentimentPolarity": "1"
      }
    ]
  },
  {
    "Index": "36803",
    "RawText": "배송은 해외직구라 2주정도 무난하게  걸려서 잘 도착했어요~ 틀면 금방 따시고 훈훈해서 너무 좋고 다  좋은데 점화할때와 소화시 그을음이 있어 아쉽네요...",
    "Source": "쇼핑몰",
    "Domain": "가전",
    "MainCategory": "계절가전",
    "ProductName": "토요토미 KS-67H 해외구매",
    "ReviewScore": "5",
    "Syllable": "87",
    "Word": "20",
    "RDate": "20190129",
    "Aspects": [
      {
        "Aspect": "기능",
        "SentimentText": "틀면 금방 따시고 훈훈해서 너무 좋고 다 좋은데",
        "SentimentWord": "8",
        "SentimentPolarity": "1"
      },
      {
        "Aspect": "품질",
        "SentimentText": "점화할때와 소화시 그을음이 있어 아쉽네요...",
        "SentimentWord": "5",
        "SentimentPolarity": "0"
      }
    ]
  },
  {
    "Index": "36804",
    "RawText": "화력이 굉장히 좋아서 너무 따뜻해요! 냄새도 거의 느껴지지 않아서 만족합니다.",
    "Source": "쇼핑몰",
    "Domain": "가전",
    "MainCategory": "계절가전",
    "ProductName": "토요토미 KS-67H 해외구매",
    "ReviewScore": "5",
    "Syllable": "43",
    "Word": "10",
    "RDate": "20220123",
    "Aspects": [
      {
        "Aspect": "기능",
        "SentimentText": "화력이 굉장히 좋아서 너무 따뜻해요! ",
        "SentimentWord": "5",
        "SentimentPolarity": "1"
      },
      {
        "Aspect": "품질",
        "SentimentText": "냄새도 거의 느껴지지 않아서 만족합니다.",
        "SentimentWord": "5",
        "SentimentPolarity": "1"
      }
    ]
  },
  {
    "Index": "36805",
    "RawText": "제품 가격도 저렴하게 잘 사서 좋습니다! 품질 좋은 제품 파손없이 안전하게 보내주셔서  만족해요. ",
    "Source": "쇼핑몰",
    "Domain": "가전",
    "MainCategory": "계절가전",
    "ProductName": "토요토미 KS-67H 해외구매",
    "ReviewScore": "5",
    "Syllable": "55",
    "Word": "13",
    "RDate": "20191126",
    "Aspects": [
      {
        "Aspect": "가격",
        "SentimentText": "제품 가격도 저렴하게 잘 사서 좋습니다!",
        "SentimentWord": "6",
        "SentimentPolarity": "1"
      },
      {
        "Aspect": "품질",
        "SentimentText": "품질 좋은 제품 파손없이 안전하게 보내주셔서  만족해요.",
        "SentimentWord": "7",
        "SentimentPolarity": "1"
      }
    ]
  },
  {
    "Index": "36806",
    "RawText": "배송이 너무 오래 걸려서 취소할까 말까... 맘고생했는데 제품받아보고 품질 좋아서 기다린 보람을 느꼈네요^^ 역시 화력좋고 더울정도로 제대로 만든것 같아  맘에 들어요. 우리 기술력도 굉장히 대단하지만 역시 000도 괜찮네요.",
    "Source": "쇼핑몰",
    "Domain": "가전",
    "MainCategory": "계절가전",
    "ProductName": "토요토미 KS-67H 해외구매",
    "ReviewScore": "5",
    "Syllable": "126",
    "Word": "28",
    "RDate": "20181113",
    "Aspects": [
      {
        "Aspect": "품질",
        "SentimentText": "제품받아보고 품질 좋아서 기다린 보람을 느꼈네요^^",
        "SentimentWord": "6",
        "SentimentPolarity": "1"
      },
      {
        "Aspect": "기능",
        "SentimentText": "역시 화력좋고 더울정도로 제대로 만든것 같아  맘에 들어요.",
        "SentimentWord": "8",
        "SentimentPolarity": "1"
      }
    ]
  },
  {
    "Index": "36807",
    "RawText": "불꽃 안정화도 안되고 그을음이 엄청 심한걸 보니 쓰기 싫어지네요. 제조일도 한참 지난 제품으로 오래된 제품을 받은 기분이라 별로에요.",
    "Source": "쇼핑몰",
    "Domain": "가전",
    "MainCategory": "계절가전",
    "ProductName": "토요토미 KS-67H 해외구매",
    "ReviewScore": "1",
    "Syllable": "74",
    "Word": "18",
    "RDate": "20200115",
    "GeneralPolarity": "-1",
    "Aspects": [
      {
        "Aspect": "품질",
        "SentimentText": "불꽃 안정화도 안되고 그을음이 엄청 심한걸 보니 쓰기 싫어지네요.",
        "SentimentWord": "9",
        "SentimentPolarity": "-1"
      },
      {
        "Aspect": "제조일/제조사",
        "SentimentText": "제조일도 한참 지난 제품으로 오래된 제품을 받은 기분이라 별로에요.",
        "SentimentWord": "9",
        "SentimentPolarity": "-1"
      }
    ]
  },
  {
    "Index": "36808",
    "RawText": "00쇼핑몰 할인 이벤트로 저렴한 가격에 구매해서 좋아요. 제품 크기도 작지 않고 큼직해서 좋습니다~",
    "Source": "쇼핑몰",
    "Domain": "가전",
    "MainCategory": "계절가전",
    "ProductName": "토요토미 KS-67H 해외구매",
    "ReviewScore": "5",
    "Syllable": "55",
    "Word": "13",
    "RDate": "20211002",
    "Aspects": [
      {
        "Aspect": "가격",
        "SentimentText": "저렴한 가격에 구매해서 좋아요.",
        "SentimentWord": "4",
        "SentimentPolarity": "1"
      },
      {
        "Aspect": "사이즈",
        "SentimentText": "제품 크기도 작지 않고 큼직해서 좋습니다~",
        "SentimentWord": "6",
        "SentimentPolarity": "1"
      }
    ]
  },
  {
    "Index": "36809",
    "RawText": "디자인이 예뻐서 마음에 드네요~^^ 주말에 사용하는데 따뜻하고 성능 좋습니다.",
    "Source": "쇼핑몰",
    "Domain": "가전",
    "MainCategory": "계절가전",
    "ProductName": "토요토미 KS-67H 해외구매",
    "ReviewScore": "5",
    "Syllable": "43",
    "Word": "9",
    "RDate": "20191031",
    "Aspects": [
      {
        "Aspect": "디자인",
        "SentimentText": "디자인이 예뻐서 마음에 드네요~^^",
        "SentimentWord": "4",
        "SentimentPolarity": "1"
      },
      {
        "Aspect": "기능",
        "SentimentText": "주말에 사용하는데 따뜻하고 성능 좋습니다.",
        "SentimentWord": "5",
        "SentimentPolarity": "1"
      }
    ]
  },
  {
    "Index": "36811",
    "RawText": "할인쿠폰 찬스로 저렴한 가격에 주문했어요. 최신 인기 유행 제품이라 마음에 드네요ㅎㅎ",
    "Source": "쇼핑몰",
    "Domain": "가전",
    "MainCategory": "계절가전",
    "ProductName": "토요토미 KS-67H 해외구매",
    "ReviewScore": "5",
    "Syllable": "47",
    "Word": "11",
    "RDate": "20201218",
    "GeneralPolarity": "1",
    "Aspects": [
      {
        "Aspect": "가격",
        "SentimentText": "할인쿠폰 찬스로 저렴한 가격에 주문했어요.",
        "SentimentWord": "5",
        "SentimentPolarity": "1"
      },
      {
        "Aspect": "제조일/제조사",
        "SentimentText": "최신 인기 유행 제품이라 마음에 드네요ㅎㅎ",
        "SentimentWord": "6",
        "SentimentPolarity": "1"
      }
    ]
  },
  {
    "Index": "36812",
    "RawText": "제품은 품질좋고 마음에 들어요 그런데 배송이 한달 가까이 너무 오래 걸렸네요ㅠ 가격도 20만원 이상이라  관세가 붙으니 차라리 가격을 내리고 배송비를 올려서 관세를  아끼는게 나을듯해요",
    "Source": "쇼핑몰",
    "Domain": "가전",
    "MainCategory": "계절가전",
    "ProductName": "토요토미 KS-67H 해외구매",
    "ReviewScore": "1",
    "Syllable": "103",
    "Word": "24",
    "RDate": "20191010",
    "Aspects": [
      {
        "Aspect": "품질",
        "SentimentText": "제품은 품질좋고 마음에 들어요 ",
        "SentimentWord": "4",
        "SentimentPolarity": "1"
      },
      {
        "Aspect": "가격",
        "SentimentText": "가격도 20만원 이상이라  관세가 붙으니 차라리 가격을 내리고 배송비를 올려서 관세를  아끼는게 나을듯해요",
        "SentimentWord": "13",
        "SentimentPolarity": "-1"
      }
    ]
  },
  {
    "Index": "36813",
    "RawText": "제품 성능은 너무 좋아서 만족하는데 ,관세가 꽤 나와서 가격이 비싸게 느껴지네요ㅜ",
    "Source": "쇼핑몰",
    "Domain": "가전",
    "MainCategory": "계절가전",
    "ProductName": "토요토미 KS-67H 해외구매",
    "ReviewScore": "5",
    "Syllable": "45",
    "Word": "11",
    "RDate": "20181111",
    "Aspects": [
      {
        "Aspect": "기능",
        "SentimentText": "제품 성능은 너무 좋아서 만족하는데 ,",
        "SentimentWord": "6",
        "SentimentPolarity": "1"
      },
      {
        "Aspect": "가격",
        "SentimentText": "관세가 꽤 나와서 가격이 비싸게 느껴지네요ㅜ",
        "SentimentWord": "6",
        "SentimentPolarity": "-1"
      }
    ]
  }
]