[
  {
    "Index": "36327",
    "RawText": "집에서 사용해보니 정말 따뜻해요. 빨리 캠핑가서 사용해보고 싶은 마음이 드는 제품이나 가격이 조금 비싼 편입니다.",
    "Source": "쇼핑몰",
    "Domain": "가전",
    "MainCategory": "계절가전",
    "ProductName": "신일전자 SFH-C909MVP 일반구매",
    "ReviewScore": "3",
    "Syllable": "63",
    "Word": "15",
    "RDate": "20161021",
    "Aspects": [
      {
        "Aspect": "기능",
        "SentimentText": "집에서 사용해보니 정말 따뜻해요.",
        "SentimentWord": "4",
        "SentimentPolarity": "1"
      },
      {
        "Aspect": "가격",
        "SentimentText": "가격이 조금 비싼 편입니다.",
        "SentimentWord": "4",
        "SentimentPolarity": "-1"
      }
    ]
  },
  {
    "Index": "36328",
    "RawText": "다른제품과는 비교가 안될만큼 좋아요.   거실에서 사용하는데 기름냄새 거의 없고 실내온도 빨리 오르니 너무 따뜻하고 화력 짱 좋아요!! 사이즈도 아담해서 마음에 들어요^^",
    "Source": "쇼핑몰",
    "Domain": "가전",
    "MainCategory": "계절가전",
    "ProductName": "신일전자 SFH-C909MVP 일반구매",
    "ReviewScore": "5",
    "Syllable": "95",
    "Word": "21",
    "RDate": "20180115",
    "GeneralPolarity": "1",
    "Aspects": [
      {
        "Aspect": "기능",
        "SentimentText": "기름냄새 거의 없고 실내온도 빨리 오르니 너무 따뜻하고 화력 짱 좋아요!!",
        "SentimentWord": "11",
        "SentimentPolarity": "1"
      },
      {
        "Aspect": "사이즈",
        "SentimentText": "사이즈도 아담해서 마음에 들어요^^",
        "SentimentWord": "4",
        "SentimentPolarity": "1"
      }
    ]
  },
  {
    "Index": "36329",
    "RawText": "날씨가 추워서 구입했는데 빠르게 따뜻해지고 너무 좋네요~ 기름 냄새도 없어서 만족합니다.",
    "Source": "쇼핑몰",
    "Domain": "가전",
    "MainCategory": "계절가전",
    "ProductName": "신일전자 SFH-C909MVP 일반구매",
    "ReviewScore": "5",
    "Syllable": "49",
    "Word": "11",
    "RDate": "20171219",
    "GeneralPolarity": "1",
    "Aspects": [
      {
        "Aspect": "시간/속도",
        "SentimentText": " 빠르게 따뜻해지고 너무 좋네요~",
        "SentimentWord": "4",
        "SentimentPolarity": "1"
      },
      {
        "Aspect": "품질",
        "SentimentText": "기름 냄새도 없어서 만족합니다.",
        "SentimentWord": "4",
        "SentimentPolarity": "1"
      }
    ]
  },
  {
    "Index": "36330",
    "RawText": "사용해보니 따뜻하고 좋아요. 저렴한 가격에 잘 구입했어요~~ 많이 파세요!",
    "Source": "쇼핑몰",
    "Domain": "가전",
    "MainCategory": "계절가전",
    "ProductName": "신일전자 SFH-C909MVP 일반구매",
    "ReviewScore": "5",
    "Syllable": "41",
    "Word": "9",
    "RDate": "20171211",
    "GeneralPolarity": "1",
    "Aspects": [
      {
        "Aspect": "기능",
        "SentimentText": "따뜻하고 좋아요.",
        "SentimentWord": "2",
        "SentimentPolarity": "1"
      },
      {
        "Aspect": "가격",
        "SentimentText": "저렴한 가격에 잘 구입했어요~~",
        "SentimentWord": "4",
        "SentimentPolarity": "1"
      }
    ]
  },
  {
    "Index": "36331",
    "RawText": "기름탱크용량 충분해서 좋아요~~ 5L넣고 운행해도 1주일은 충분히 작동할 수 있어 좋습니다.",
    "Source": "쇼핑몰",
    "Domain": "가전",
    "MainCategory": "계절가전",
    "ProductName": "신일전자 SFH-C909MVP 일반구매",
    "ReviewScore": "4",
    "Syllable": "51",
    "Word": "11",
    "RDate": "20170215",
    "Aspects": [
      {
        "Aspect": "용량",
        "SentimentText": "기름탱크용량 충분해서 좋아요~",
        "SentimentWord": "3",
        "SentimentPolarity": "1"
      },
      {
        "Aspect": "용량",
        "SentimentText": "5L넣고 운행해도 1주일은 충분히 작동할 수 있어 좋습니다.",
        "SentimentWord": "8",
        "SentimentPolarity": "1"
      }
    ]
  },
  {
    "Index": "36332",
    "RawText": "부모님께 선물로 보내드렸는데, 너무 따뜻하다고 좋아하시네요~ 소리도 별로 안나고 조용해서 만족해하세요!!",
    "Source": "쇼핑몰",
    "Domain": "가전",
    "MainCategory": "계절가전",
    "ProductName": "신일전자 SFH-C909MVP 일반구매",
    "ReviewScore": "5",
    "Syllable": "58",
    "Word": "11",
    "RDate": "20201204",
    "Aspects": [
      {
        "Aspect": "기능",
        "SentimentText": "너무 따뜻하다고 좋아하시네요~",
        "SentimentWord": "3",
        "SentimentPolarity": "1"
      },
      {
        "Aspect": "소음",
        "SentimentText": "소리도 별로 안나고 조용해서 만족해하세요!!",
        "SentimentWord": "5",
        "SentimentPolarity": "1"
      }
    ]
  },
  {
    "Index": "36333",
    "RawText": "배송은 굉장히 빠르게 잘 받았어요~~~가격도 저렴하게 구매해서 좋아요!! 켜고 끌때 기름냄새가 조금 나고 ㅜ 팬소음이 살짝있는데 신경쓰이네요...",
    "Source": "쇼핑몰",
    "Domain": "가전",
    "MainCategory": "계절가전",
    "ProductName": "신일전자 SFH-C909MVP 일반구매",
    "ReviewScore": "5",
    "Syllable": "81",
    "Word": "17",
    "RDate": "20171220",
    "Aspects": [
      {
        "Aspect": "가격",
        "SentimentText": "가격도 저렴하게 구매해서 좋아요!!",
        "SentimentWord": "4",
        "SentimentPolarity": "1"
      },
      {
        "Aspect": "소음",
        "SentimentText": " 팬소음이 살짝있는데 신경쓰이네요...",
        "SentimentWord": "3",
        "SentimentPolarity": "-1"
      },
      {
        "Aspect": "품질",
        "SentimentText": "켜고 끌때 기름냄새가 조금 나고 ㅜ",
        "SentimentWord": "6",
        "SentimentPolarity": "0"
      }
    ]
  },
  {
    "Index": "36334",
    "RawText": "캠퍼들이 많이 사용한다는 후기를 보고 구매 했는데 기름냄새 많이 나지 않고 히터기능 잘되서 마음에 드네요~~ 실버색상 구매 했는데 생각보다 이쁘고 크기는 생각보다 작아요.... 배송은 빨랐어요.",
    "Source": "쇼핑몰",
    "Domain": "가전",
    "MainCategory": "계절가전",
    "ProductName": "신일전자 SFH-C909MVP 일반구매",
    "ReviewScore": "4",
    "Syllable": "108",
    "Word": "25",
    "RDate": "20191120",
    "Aspects": [
      {
        "Aspect": "품질",
        "SentimentText": "기름냄새 많이 나지 않고",
        "SentimentWord": "4",
        "SentimentPolarity": "1"
      },
      {
        "Aspect": "기능",
        "SentimentText": "히터기능 잘되서 마음에 드네요~~",
        "SentimentWord": "4",
        "SentimentPolarity": "1"
      },
      {
        "Aspect": "색상",
        "SentimentText": "실버색상 구매 했는데 생각보다 이쁘고",
        "SentimentWord": "5",
        "SentimentPolarity": "1"
      },
      {
        "Aspect": "사이즈",
        "SentimentText": "크기는 생각보다 작아요....",
        "SentimentWord": "3",
        "SentimentPolarity": "-1"
      }
    ]
  },
  {
    "Index": "36336",
    "RawText": "배송이 엄청 빨라서 놀랐지만 너무 좋아요!! 제품의 제조일도  뜨끈뜨끈한 신형이  와서 짱 좋아요!!! 기름탱크 누유방지캡도 너무 너무 만족해요~^^",
    "Source": "쇼핑몰",
    "Domain": "가전",
    "MainCategory": "계절가전",
    "ProductName": "신일전자 SFH-C909MVP 일반구매",
    "ReviewScore": "5",
    "Syllable": "83",
    "Word": "18",
    "RDate": "20201030",
    "Aspects": [
      {
        "Aspect": "제조일/제조사",
        "SentimentText": "제품의 제조일도  뜨끈뜨끈한 신형이  와서 짱 좋아요!!!",
        "SentimentWord": "7",
        "SentimentPolarity": "1"
      },
      {
        "Aspect": "제품구성",
        "SentimentText": "기름탱크 누유방지캡도 너무 너무 만족해요~^^",
        "SentimentWord": "5",
        "SentimentPolarity": "1"
      }
    ]
  },
  {
    "Index": "36337",
    "RawText": "생각보다 저렴하게 구입했습니다~ 배송도 엄청 빠르게 왔어요~ 고민하다가 주문했는데 소음은 있지만~빠르게 따듯해지고 만족합니다~",
    "Source": "쇼핑몰",
    "Domain": "가전",
    "MainCategory": "계절가전",
    "ProductName": "신일전자 SFH-C909MVP 일반구매",
    "ReviewScore": "5",
    "Syllable": "70",
    "Word": "13",
    "RDate": "20201224",
    "Aspects": [
      {
        "Aspect": "가격",
        "SentimentText": "생각보다 저렴하게 구입했습니다~ ",
        "SentimentWord": "3",
        "SentimentPolarity": "1"
      },
      {
        "Aspect": "소음",
        "SentimentText": "고민하다가 주문했는데 소음은 있지만~",
        "SentimentWord": "4",
        "SentimentPolarity": "-1"
      },
      {
        "Aspect": "시간/속도",
        "SentimentText": "빠르게 따듯해지고 만족합니다~",
        "SentimentWord": "3",
        "SentimentPolarity": "1"
      }
    ]
  },
  {
    "Index": "36338",
    "RawText": "최저가 검색해서 가격도 저렴하게 잘 구입했어요! 시간세팅도 잘되고 작동도 잘되고 기능면에서도 만족합니다. ",
    "Source": "쇼핑몰",
    "Domain": "가전",
    "MainCategory": "계절가전",
    "ProductName": "신일전자 SFH-C909MVP 일반구매",
    "ReviewScore": "5",
    "Syllable": "59",
    "Word": "12",
    "RDate": "20191227",
    "Aspects": [
      {
        "Aspect": "가격",
        "SentimentText": "최저가 검색해서 가격도 저렴하게 잘 구입했어요! ",
        "SentimentWord": "6",
        "SentimentPolarity": "1"
      },
      {
        "Aspect": "기능",
        "SentimentText": "시간세팅도 잘되고 작동도 잘되고 기능면에서도 만족합니다.",
        "SentimentWord": "6",
        "SentimentPolarity": "1"
      }
    ]
  },
  {
    "Index": "36339",
    "RawText": "배송도 굉장히  빠르게 잘 도착해서 좋구요^^ 가격도 다른곳보다  저렴하게 잘 사서 만족~ 그리고 원했던 최신기종 모델이어서 매우 좋습니다 대만족!!",
    "Source": "쇼핑몰",
    "Domain": "가전",
    "MainCategory": "계절가전",
    "ProductName": "신일전자 SFH-C909MVP 일반구매",
    "ReviewScore": "5",
    "Syllable": "83",
    "Word": "19",
    "RDate": "20201015",
    "Aspects": [
      {
        "Aspect": "가격",
        "SentimentText": "가격도 다른곳보다  저렴하게 잘 사서 만족~ ",
        "SentimentWord": "6",
        "SentimentPolarity": "1"
      },
      {
        "Aspect": "제조일/제조사",
        "SentimentText": " 원했던 최신기종 모델이어서 매우 좋습니다 대만족!!",
        "SentimentWord": "6",
        "SentimentPolarity": "1"
      }
    ]
  },
  {
    "Index": "36340",
    "RawText": "사무실에서 사용할 용도로 구매했는데 사이즈가 크지않고 적당해서 좋네요!! 올해는 전기세 걱정 없이 잘 쓸 것 같아 만족합니다.",
    "Source": "쇼핑몰",
    "Domain": "가전",
    "MainCategory": "계절가전",
    "ProductName": "신일전자 SFH-C909MVP 일반구매",
    "ReviewScore": "5",
    "Syllable": "70",
    "Word": "17",
    "RDate": "20201029",
    "Aspects": [
      {
        "Aspect": "사이즈",
        "SentimentText": "사무실에서 사용할 용도로 구매했는데  사이즈가 크지않고 적당해서 좋네요!!",
        "SentimentWord": "8",
        "SentimentPolarity": "1"
      },
      {
        "Aspect": "소비전력",
        "SentimentText": "올해는 전기세 걱정 없이 잘 쓸 것 같아 만족합니다.",
        "SentimentWord": "9",
        "SentimentPolarity": "1"
      }
    ]
  },
  {
    "Index": "36341",
    "RawText": "배송도 엄청 빨라서 좋아요!! 쿠폰쓰고 할인 받아서  엄청 싸게 구입해서 더 좋구요, 하자없는 품질 좋은 제품으로 잘 도착해서 만족스럽네요^^",
    "Source": "쇼핑몰",
    "Domain": "가전",
    "MainCategory": "계절가전",
    "ProductName": "신일전자 SFH-C909MVP 일반구매",
    "ReviewScore": "5",
    "Syllable": "79",
    "Word": "19",
    "RDate": "20201113",
    "Aspects": [
      {
        "Aspect": "가격",
        "SentimentText": "쿠폰쓰고 할인 받아서  엄청 싸게 구입해서 더 좋구요, ",
        "SentimentWord": "8",
        "SentimentPolarity": "1"
      },
      {
        "Aspect": "품질",
        "SentimentText": "하자없는 품질 좋은 제품으로 잘 도착해서 만족스럽네요^^",
        "SentimentWord": "7",
        "SentimentPolarity": "1"
      }
    ]
  },
  {
    "Index": "36342",
    "RawText": "최저가 검색해서 구입했어요. 제품 성능이 너무 좋아요~따뜻해서 대만족!!!",
    "Source": "쇼핑몰",
    "Domain": "가전",
    "MainCategory": "계절가전",
    "ProductName": "신일전자 SFH-C909MVP 일반구매",
    "ReviewScore": "5",
    "Syllable": "41",
    "Word": "8",
    "RDate": "20201101",
    "Aspects": [
      {
        "Aspect": "가격",
        "SentimentText": "최저가 검색해서 구입했어요. ",
        "SentimentWord": "3",
        "SentimentPolarity": "1"
      },
      {
        "Aspect": "기능",
        "SentimentText": "제품 성능이 너무 좋아요~따뜻해서 대만족!!!",
        "SentimentWord": "5",
        "SentimentPolarity": "1"
      }
    ]
  },
  {
    "Index": "36343",
    "RawText": "하자 없는 제품으로 배송도 빠르게 잘 받았습니다. 냄새는 좀 나지만 전기방식보다 장점이 많아 구매했습니다.",
    "Source": "쇼핑몰",
    "Domain": "가전",
    "MainCategory": "계절가전",
    "ProductName": "신일전자 SFH-C909MVP 일반구매",
    "ReviewScore": "4",
    "Syllable": "59",
    "Word": "14",
    "RDate": "20181227",
    "Aspects": [
      {
        "Aspect": "소재",
        "SentimentText": "냄새는 좀 나지만 ",
        "SentimentWord": "3",
        "SentimentPolarity": "-1"
      },
      {
        "Aspect": "기능",
        "SentimentText": " 전기방식보다 장점이 많아 구매했습니다.",
        "SentimentWord": "4",
        "SentimentPolarity": "1"
      }
    ]
  },
  {
    "Index": "36344",
    "RawText": "빠른 배송이 정말 마음에 들어요. 몇일 사용해봤는데 바람이 따뜻해서 사용하기 편리하고 냄새가 적어 만족합니다",
    "Source": "쇼핑몰",
    "Domain": "가전",
    "MainCategory": "계절가전",
    "ProductName": "신일전자 SFH-C909MVP 일반구매",
    "ReviewScore": "5",
    "Syllable": "60",
    "Word": "14",
    "RDate": "20201117",
    "Aspects": [
      {
        "Aspect": "기능",
        "SentimentText": "바람이 따뜻해서 사용하기 편리하고",
        "SentimentWord": "4",
        "SentimentPolarity": "1"
      },
      {
        "Aspect": "품질",
        "SentimentText": "냄새가 적어 만족합니다",
        "SentimentWord": "3",
        "SentimentPolarity": "1"
      }
    ]
  },
  {
    "Index": "36345",
    "RawText": "빠른배송으로  상품 잘 받아서 좋습니다~  방안에 실내온도도 빨리 오르고 훈훈해서 좋아요^^ 올겨울 따뜻해서 편하게  잘 사용하고 있어요",
    "Source": "쇼핑몰",
    "Domain": "가전",
    "MainCategory": "계절가전",
    "ProductName": "신일전자 SFH-C909MVP 일반구매",
    "ReviewScore": "4",
    "Syllable": "76",
    "Word": "17",
    "RDate": "20171204",
    "Aspects": [
      {
        "Aspect": "기능",
        "SentimentText": "방안에 실내온도도 빨리 오르고 훈훈해서 좋아요^^ ",
        "SentimentWord": "6",
        "SentimentPolarity": "1"
      },
      {
        "Aspect": "편의성",
        "SentimentText": " 올겨울 따뜻해서 편하게  잘 사용하고 있어요 ",
        "SentimentWord": "6",
        "SentimentPolarity": "1"
      }
    ]
  },
  {
    "Index": "36346",
    "RawText": "배송도 엄청 빠르고 좋아요~ 틀자마자 순식간에 뜨거운 바람이 솔솔 너무 좋네요!! 근데 처음 켤때와 끌때 기름 냄새가 나는건 어쩔수 없네요 ㅜ",
    "Source": "쇼핑몰",
    "Domain": "가전",
    "MainCategory": "계절가전",
    "ProductName": "신일전자 SFH-C909MVP 일반구매",
    "ReviewScore": "5",
    "Syllable": "79",
    "Word": "21",
    "RDate": "20180127",
    "Aspects": [
      {
        "Aspect": "기능",
        "SentimentText": "틀자마자 순식간에 뜨거운 바람이 솔솔 너무 좋네요!!",
        "SentimentWord": "7",
        "SentimentPolarity": "1"
      },
      {
        "Aspect": "품질",
        "SentimentText": "처음 켤때와 끌때 기름 냄새가 나는건 어쩔수 없네요 ㅜ",
        "SentimentWord": "9",
        "SentimentPolarity": "-1"
      }
    ]
  },
  {
    "Index": "36347",
    "RawText": "배송은 다음날 빠르게 잘 도착했어요~ 덩치가 있어서 무거울줄 알았는데  생각보다 무겁지 않아서 좋아요~ 크기도 크지않고 적당해서 마음에 들어요~ 이번연휴때  따뜻하게 잘 사용해서 만족해요~",
    "Source": "쇼핑몰",
    "Domain": "가전",
    "MainCategory": "계절가전",
    "ProductName": "신일전자 SFH-C909MVP 일반구매",
    "ReviewScore": "5",
    "Syllable": "105",
    "Word": "23",
    "RDate": "20191001",
    "Aspects": [
      {
        "Aspect": "무게",
        "SentimentText": " 덩치가 있어서 무거울줄 알았는데  생각보다 무겁지 않아서 좋아요~",
        "SentimentWord": "8",
        "SentimentPolarity": "0"
      },
      {
        "Aspect": "사이즈",
        "SentimentText": "크기도 크지않고 적당해서 마음에 들어요~ ",
        "SentimentWord": "5",
        "SentimentPolarity": "1"
      }
    ]
  },
  {
    "Index": "36348",
    "RawText": "배송은 택배사 문제로 며칠 늦어져서 좀 기다렸어요 ㅜ  할인행사 하자마자 구매해서 가성비 있게 구매해서 너무 좋고 성능은 따뜻해서 매우 만족해요^^ 한가지 아쉬운점은 배송중 흡집이  약하게 생긴 것 같아 속상해요 ㅜㅜ",
    "Source": "쇼핑몰",
    "Domain": "가전",
    "MainCategory": "계절가전",
    "ProductName": "신일전자 SFH-C909MVP 일반구매",
    "ReviewScore": "4",
    "Syllable": "121",
    "Word": "30",
    "RDate": "20201011",
    "Aspects": [
      {
        "Aspect": "가격",
        "SentimentText": "할인행사 하자마자 구매해서 가성비 있게 구매해서 너무 좋고",
        "SentimentWord": "8",
        "SentimentPolarity": "1"
      },
      {
        "Aspect": "기능",
        "SentimentText": "성능은 따뜻해서 매우 만족해요^^",
        "SentimentWord": "4",
        "SentimentPolarity": "1"
      },
      {
        "Aspect": "품질",
        "SentimentText": "아쉬운점은 배송중 흡집이  약하게 생긴 것 같아 속상해요 ㅜㅜ",
        "SentimentWord": "9",
        "SentimentPolarity": "-1"
      }
    ]
  },
  {
    "Index": "36349",
    "RawText": "배송이 너무 느려서 조금 걱정했어요ㅜ ㅜ  시골 부모님이 따뜻하고  훈훈해서 너무 좋으시데요~ 생각도 못했는데  최근 생산된 제품으로  도착해서 정말 좋습니다~",
    "Source": "쇼핑몰",
    "Domain": "가전",
    "MainCategory": "계절가전",
    "ProductName": "신일전자 SFH-C909MVP 일반구매",
    "ReviewScore": "4",
    "Syllable": "89",
    "Word": "20",
    "RDate": "20201214",
    "Aspects": [
      {
        "Aspect": "기능",
        "SentimentText": "시골 부모님이 따뜻하고  훈훈해서 너무 좋으시데요~",
        "SentimentWord": "6",
        "SentimentPolarity": "1"
      },
      {
        "Aspect": "제조일/제조사",
        "SentimentText": "최근 생산된 제품으로  도착해서 정말 좋습니다~",
        "SentimentWord": "6",
        "SentimentPolarity": "1"
      }
    ]
  },
  {
    "Index": "36350",
    "RawText": "배송이 조금 느려서 한참 기다렸네요ㅠㅠ  제품의 성능이나 다른건 다 만족한는데~ 진한갈색인줄 알았는데 생각보다 진하지 않아요 ㅜ",
    "Source": "쇼핑몰",
    "Domain": "가전",
    "MainCategory": "계절가전",
    "ProductName": "신일전자 SFH-C909MVP 일반구매",
    "ReviewScore": "5",
    "Syllable": "71",
    "Word": "16",
    "RDate": "20201015",
    "Aspects": [
      {
        "Aspect": "기능",
        "SentimentText": "제품의 성능이나 다른건 다 만족한는데~",
        "SentimentWord": "5",
        "SentimentPolarity": "1"
      },
      {
        "Aspect": "색상",
        "SentimentText": "진한갈색인줄 알았는데 생각보다 진하지 않아요 ㅜ",
        "SentimentWord": "6",
        "SentimentPolarity": "-1"
      }
    ]
  },
  {
    "Index": "36351",
    "RawText": "소비자 입장을 배려해주는 배송이면 더 좋았을텐데... 아쉽네요 제품의 퀄리티도 상당히 좋은편이고 비용도 저렴하게 구매해서 잘 선택한거 같아 만족해요",
    "Source": "쇼핑몰",
    "Domain": "가전",
    "MainCategory": "계절가전",
    "ProductName": "신일전자 SFH-C909MVP 일반구매",
    "ReviewScore": "5",
    "Syllable": "82",
    "Word": "18",
    "RDate": "20161109",
    "Aspects": [
      {
        "Aspect": "품질",
        "SentimentText": "제품의 퀄리티도 상당히 좋은편이고",
        "SentimentWord": "4",
        "SentimentPolarity": "1"
      },
      {
        "Aspect": "가격",
        "SentimentText": "비용도 저렴하게 구매해서 잘 선택한거 같아 만족해요",
        "SentimentWord": "7",
        "SentimentPolarity": "1"
      }
    ]
  },
  {
    "Index": "36353",
    "RawText": "썰렁했던 집안이 훈훈하고 따뜻해요 성능이 너무 좋아요! 단점은 켤때랑 끌때는 기름냄새가 조금 있어서 환기시켜야되요",
    "Source": "쇼핑몰",
    "Domain": "가전",
    "MainCategory": "계절가전",
    "ProductName": "신일전자 SFH-C909MVP 일반구매",
    "ReviewScore": "5",
    "Syllable": "63",
    "Word": "14",
    "RDate": "20171220",
    "GeneralPolarity": "0",
    "Aspects": [
      {
        "Aspect": "기능",
        "SentimentText": "썰렁했던 집안이 훈훈하고 따뜻해요 성능이 너무 좋아요!",
        "SentimentWord": "7",
        "SentimentPolarity": "1"
      },
      {
        "Aspect": "품질",
        "SentimentText": "단점은 켤때랑 끌때는 기름냄새가 조금 있어서 환기시켜야되요",
        "SentimentWord": "7",
        "SentimentPolarity": "0"
      }
    ]
  },
  {
    "Index": "36354",
    "RawText": "주문했던 디자인이 아닌  비슷한 외형의 제품으로 사전동의없이 보내왔네요ㅠㅠ 황당함 . . 다른제품으로 대처했는데  같은 기종이라도 2018년산 제품도아니고 기분 나쁘고 찝찝하네요 .",
    "Source": "쇼핑몰",
    "Domain": "가전",
    "MainCategory": "계절가전",
    "ProductName": "신일전자 SFH-C909MVP 일반구매",
    "ReviewScore": "3",
    "Syllable": "101",
    "Word": "21",
    "RDate": "20180108",
    "Aspects": [
      {
        "Aspect": "디자인",
        "SentimentText": "주문했던 디자인이 아닌  비슷한 외형의 제품으로 사전동의없이 보내왔네요ㅠㅠ 황당함 . . ",
        "SentimentWord": "11",
        "SentimentPolarity": "-1"
      },
      {
        "Aspect": "제조일/제조사",
        "SentimentText": "다른제품으로 대처했는데  같은 기종이라도 2018년산 제품도아니고 기분 나쁘고 찝찝하네요 .",
        "SentimentWord": "10",
        "SentimentPolarity": "-1"
      }
    ]
  },
  {
    "Index": "36355",
    "RawText": "집안 실내온도를 빠르게 올려줘서  너무 따뜻하고 정말 좋아요 ~ 켤때 기름냄새는 좀 나지만 연소시엔 거의 없네요~",
    "Source": "쇼핑몰",
    "Domain": "가전",
    "MainCategory": "계절가전",
    "ProductName": "신일전자 SFH-C909MVP 일반구매",
    "ReviewScore": "5",
    "Syllable": "63",
    "Word": "16",
    "RDate": "20171204",
    "GeneralPolarity": "1",
    "Aspects": [
      {
        "Aspect": "기능",
        "SentimentText": "집안 실내온도를 빠르게 올려줘서  너무 따뜻하고 정말 좋아요 ~",
        "SentimentWord": "9",
        "SentimentPolarity": "1"
      },
      {
        "Aspect": "품질",
        "SentimentText": "켤때 기름냄새는 좀 나지만 연소시엔 거의 없네요~",
        "SentimentWord": "7",
        "SentimentPolarity": "0"
      }
    ]
  },
  {
    "Index": "36356",
    "RawText": "사이즈 크지 않아서 공간도  많이 차지 안하고, 디자인은  이쁘고 귀여워요~ 제품도 튼튼해서  품질 좋고요 ^^ 실내공기를 금방 데워주니 따뜻해서 참 좋은데  등유타는 냄새가 미약하게 나는게 좀 신경쓰이네요 ㅜ",
    "Source": "쇼핑몰",
    "Domain": "가전",
    "MainCategory": "계절가전",
    "ProductName": "신일전자 SFH-C909MVP 일반구매",
    "ReviewScore": "4",
    "Syllable": "117",
    "Word": "28",
    "RDate": "20170227",
    "GeneralPolarity": "1",
    "Aspects": [
      {
        "Aspect": "사이즈",
        "SentimentText": "사이즈 크지 않아서 공간도  많이 차지 안하고,",
        "SentimentWord": "7",
        "SentimentPolarity": "1"
      },
      {
        "Aspect": "디자인",
        "SentimentText": "디자인은  이쁘고 귀여워요~",
        "SentimentWord": "3",
        "SentimentPolarity": "1"
      },
      {
        "Aspect": "품질",
        "SentimentText": "제품도 튼튼해서  품질 좋고요 ^^",
        "SentimentWord": "5",
        "SentimentPolarity": "1"
      },
      {
        "Aspect": "기능",
        "SentimentText": "실내공기를 금방 데워주니 따뜻해서 참 좋은데 ",
        "SentimentWord": "6",
        "SentimentPolarity": "1"
      },
      {
        "Aspect": "품질",
        "SentimentText": "등유타는 냄새가 미약하게 나는게 좀 신경쓰이네요 ㅜ",
        "SentimentWord": "7",
        "SentimentPolarity": "0"
      }
    ]
  },
  {
    "Index": "36357",
    "RawText": "가격이 비싼편이긴 하네요...그래도 빨리 따뜻해져서 좋아요~온도 유지하려니 기름소비가 많아 걱정이긴 하네요",
    "Source": "쇼핑몰",
    "Domain": "가전",
    "MainCategory": "계절가전",
    "ProductName": "신일전자 SFH-C909MVP 일반구매",
    "ReviewScore": "4",
    "Syllable": "59",
    "Word": "11",
    "RDate": "20171127",
    "GeneralPolarity": "-1",
    "Aspects": [
      {
        "Aspect": "가격",
        "SentimentText": "가격이 비싼편이긴 하네요...",
        "SentimentWord": "3",
        "SentimentPolarity": "-1"
      },
      {
        "Aspect": "기능",
        "SentimentText": "그래도 빨리 따뜻해져서 좋아요~",
        "SentimentWord": "4",
        "SentimentPolarity": "1"
      },
      {
        "Aspect": "소비전력",
        "SentimentText": "온도 유지하려니 기름소비가 많아 걱정이긴 하네요",
        "SentimentWord": "6",
        "SentimentPolarity": "-1"
      }
    ]
  },
  {
    "Index": "36358",
    "RawText": "가격은 비싼 편이나 금방 따뜻해져서 만족합니다. 기름 냄새는 몇 번 사용하니 줄어들었어요.",
    "Source": "쇼핑몰",
    "Domain": "가전",
    "MainCategory": "계절가전",
    "ProductName": "신일전자 SFH-C909MVP 일반구매",
    "ReviewScore": "4",
    "Syllable": "50",
    "Word": "12",
    "RDate": "20171220",
    "GeneralPolarity": "0",
    "Aspects": [
      {
        "Aspect": "가격",
        "SentimentText": "가격은 비싼 편이나",
        "SentimentWord": "3",
        "SentimentPolarity": "-1"
      },
      {
        "Aspect": "기능",
        "SentimentText": "금방 따뜻해져서 만족합니다.",
        "SentimentWord": "3",
        "SentimentPolarity": "1"
      },
      {
        "Aspect": "품질",
        "SentimentText": "기름 냄새는 몇 번 사용하니 줄어들었어요.",
        "SentimentWord": "6",
        "SentimentPolarity": "0"
      }
    ]
  },
  {
    "Index": "36359",
    "RawText": "쿠폰 적립금 사용하여 저렴한 가격에 구입했어요~ 온풍기 디자인이 이쁘고 마음에 들어요.",
    "Source": "쇼핑몰",
    "Domain": "가전",
    "MainCategory": "계절가전",
    "ProductName": "신일전자 SFH-C909MVP 일반구매",
    "ReviewScore": "5",
    "Syllable": "48",
    "Word": "11",
    "RDate": "20210904",
    "GeneralPolarity": "1",
    "Aspects": [
      {
        "Aspect": "가격",
        "SentimentText": "쿠폰 적립금 사용하여 저렴한 가격에 구입했어요~",
        "SentimentWord": "6",
        "SentimentPolarity": "1"
      },
      {
        "Aspect": "디자인",
        "SentimentText": "온풍기 디자인이 이쁘고 마음에 들어요.",
        "SentimentWord": "5",
        "SentimentPolarity": "1"
      }
    ]
  },
  {
    "Index": "36360",
    "RawText": "빠르게 배송되서 너무 좋아요.  받자마자 가동해보니 생각보다 기름냄새는 나지않아서 너무 좋은데  소음은 조금 있어서 살짝 시끄럽네요. 아무튼 올겨울은 따뜻하게 잘 사용하고있어 너무 좋고 편해요.",
    "Source": "쇼핑몰",
    "Domain": "가전",
    "MainCategory": "계절가전",
    "ProductName": "신일전자 SFH-C909MVP 일반구매",
    "ReviewScore": "4",
    "Syllable": "108",
    "Word": "24",
    "RDate": "20181109",
    "Aspects": [
      {
        "Aspect": "품질",
        "SentimentText": "생각보다 기름냄새는 나지않아서 너무 좋은데 ",
        "SentimentWord": "5",
        "SentimentPolarity": "1"
      },
      {
        "Aspect": "소음",
        "SentimentText": "소음은 조금 있어서 살짝 시끄럽네요. ",
        "SentimentWord": "5",
        "SentimentPolarity": "0"
      },
      {
        "Aspect": "편의성",
        "SentimentText": "올겨울은 따뜻하게 잘 사용하고있어 너무 좋고 편해요.",
        "SentimentWord": "7",
        "SentimentPolarity": "1"
      }
    ]
  },
  {
    "Index": "36361",
    "RawText": "2018년에 제조된 상품이라는 점이 아쉽지만 온풍기가 따뜻하게 잘 작동되어 마음에 들어요. 배송도 빨랐습니다.",
    "Source": "쇼핑몰",
    "Domain": "가전",
    "MainCategory": "계절가전",
    "ProductName": "신일전자 SFH-C909MVP 일반구매",
    "ReviewScore": "5",
    "Syllable": "61",
    "Word": "13",
    "RDate": "20200905",
    "Aspects": [
      {
        "Aspect": "제조일/제조사",
        "SentimentText": "2018년에 제조된 상품이라는 점이 아쉽지만",
        "SentimentWord": "5",
        "SentimentPolarity": "-1"
      },
      {
        "Aspect": "품질",
        "SentimentText": "온풍기가 따뜻하게 잘 작동되어 마음에 들어요.",
        "SentimentWord": "6",
        "SentimentPolarity": "1"
      }
    ]
  },
  {
    "Index": "36362",
    "RawText": "더운바람이 잘 나와서 너무 따뜻해요.성능이 아주 좋습니다!! 가격도 다른곳보다 최저가로 구매해서 너무 좋고 정말 만족합니다.",
    "Source": "쇼핑몰",
    "Domain": "가전",
    "MainCategory": "계절가전",
    "ProductName": "신일전자 SFH-C909MVP 일반구매",
    "ReviewScore": "5",
    "Syllable": "69",
    "Word": "15",
    "RDate": "20190909",
    "Aspects": [
      {
        "Aspect": "기능",
        "SentimentText": "더운바람이 잘 나와서 너무 따뜻해요.성능이 아주 좋습니다!!",
        "SentimentWord": "7",
        "SentimentPolarity": "1"
      },
      {
        "Aspect": "가격",
        "SentimentText": "가격도 다른곳보다 최저가로 구매해서 너무 좋고 정말 만족합니다.",
        "SentimentWord": "8",
        "SentimentPolarity": "1"
      }
    ]
  },
  {
    "Index": "36363",
    "RawText": "제품 사이즈도 작아서 자리차지 안해서 좋아요~ 온도조절이 가능해 집에서 따뜻한 겨울을 보낼 수 있어 편리해요.",
    "Source": "쇼핑몰",
    "Domain": "가전",
    "MainCategory": "계절가전",
    "ProductName": "신일전자 SFH-C909MVP 일반구매",
    "ReviewScore": "5",
    "Syllable": "61",
    "Word": "15",
    "RDate": "20201030",
    "Aspects": [
      {
        "Aspect": "사이즈",
        "SentimentText": "제품 사이즈도 작아서 자리차지 안해서 좋아요~ ",
        "SentimentWord": "6",
        "SentimentPolarity": "1"
      },
      {
        "Aspect": "편의성",
        "SentimentText": "온도조절이 가능해 집에서 따뜻한 겨울을 보낼 수 있어 편리해요.",
        "SentimentWord": "9",
        "SentimentPolarity": "1"
      }
    ]
  },
  {
    "Index": "36364",
    "RawText": "크기가 작아서 공간차지도 많이 안해서 만족해요~ 동계캠핑에 사용하는데 틀자마자 뜨거운바람 잘 나오고 따뜻하니 좋아요^^  역시 000이네요",
    "Source": "쇼핑몰",
    "Domain": "가전",
    "MainCategory": "계절가전",
    "ProductName": "신일전자 SFH-C909MVP 일반구매",
    "ReviewScore": "5",
    "Syllable": "77",
    "Word": "16",
    "RDate": "20191024",
    "Aspects": [
      {
        "Aspect": "사이즈",
        "SentimentText": "크기가 작아서 공간차지도 많이 안해서 만족해요~",
        "SentimentWord": "6",
        "SentimentPolarity": "1"
      },
      {
        "Aspect": "기능",
        "SentimentText": "동계캠핑에 사용하는데 틀자마자 뜨거운바람 잘 나오고 따뜻하니 좋아요^^ ",
        "SentimentWord": "8",
        "SentimentPolarity": "1"
      }
    ]
  },
  {
    "Index": "36366",
    "RawText": "배송중 문제인지 제품 한쪽이  찌그러져 있네요ㅜㅜ 속상해요... 교환하고싶지만 한번 사용해서 교환도 못하고 아쉽지만 그냥 사용하려고요 스티커 붙이고 사용하는데 찝찝하네요...",
    "Source": "쇼핑몰",
    "Domain": "가전",
    "MainCategory": "계절가전",
    "ProductName": "신일전자 SFH-C909MVP 일반구매",
    "ReviewScore": "5",
    "Syllable": "97",
    "Word": "19",
    "RDate": "20211222",
    "Aspects": [
      {
        "Aspect": "품질",
        "SentimentText": "제품 한쪽이  찌그러져 있네요ㅜㅜ 속상해요...",
        "SentimentWord": "5",
        "SentimentPolarity": "-1"
      },
      {
        "Aspect": "편의성",
        "SentimentText": "스티커 붙이고 사용하는데 찝찝하네요...",
        "SentimentWord": "4",
        "SentimentPolarity": "-1"
      }
    ]
  },
  {
    "Index": "36369",
    "RawText": "성능이 좋고 금방 훈훈해져서 올겨울이 따뜻하니 너무 좋아요!!! 그런데 처음 켰을때 기름냄새가 조금 나네요...순간 머스꺼워요. ",
    "Source": "쇼핑몰",
    "Domain": "가전",
    "MainCategory": "계절가전",
    "ProductName": "신일전자 SFH-C909MVP 일반구매",
    "ReviewScore": "5",
    "Syllable": "72",
    "Word": "15",
    "RDate": "20161113",
    "GeneralPolarity": "0",
    "Aspects": [
      {
        "Aspect": "기능",
        "SentimentText": "성능이 좋고 금방 훈훈해져서 올겨울이 따뜻하니 너무 좋아요!!!",
        "SentimentWord": "8",
        "SentimentPolarity": "1"
      },
      {
        "Aspect": "품질",
        "SentimentText": "그런데 처음 켰을때 기름냄새가 조금 나네요...순간 머스꺼워요.",
        "SentimentWord": "7",
        "SentimentPolarity": "-1"
      }
    ]
  },
  {
    "Index": "36370",
    "RawText": "바람도 잘 나와서  금방 따뜻해지고 너무 좋습니다.  가격은 할인받았는데도 조금 비싸긴 하지만  제품의 품질도 좋고 모든게 기대이상이라 만족해요.",
    "Source": "쇼핑몰",
    "Domain": "가전",
    "MainCategory": "계절가전",
    "ProductName": "신일전자 SFH-C909MVP 일반구매",
    "ReviewScore": "5",
    "Syllable": "81",
    "Word": "18",
    "RDate": "20161214",
    "GeneralPolarity": "1",
    "Aspects": [
      {
        "Aspect": "기능",
        "SentimentText": "바람도 잘 나와서  금방 따뜻해지고 너무 좋습니다. ",
        "SentimentWord": "7",
        "SentimentPolarity": "1"
      },
      {
        "Aspect": "가격",
        "SentimentText": "가격은 할인받았는데도 조금 비싸긴 하지만",
        "SentimentWord": "5",
        "SentimentPolarity": "0"
      },
      {
        "Aspect": "품질",
        "SentimentText": "제품의 품질도 좋고 모든게 기대이상이라 만족해요.",
        "SentimentWord": "6",
        "SentimentPolarity": "1"
      }
    ]
  },
  {
    "Index": "36371",
    "RawText": "작은 사이즈라 따뜻할까 싶었는데 금방 따뜻해져서 신기하고 좋습니다. 오히려 작아서 휴대하기도 편하네요 켤때랑 끌때  생각보다 냄새도 거의  안나서  좋구요. 올겨울 정말 따뜻하고 편하게 잘 사용하고 있어서 만족스러워요.",
    "Source": "쇼핑몰",
    "Domain": "가전",
    "MainCategory": "계절가전",
    "ProductName": "신일전자 SFH-C909MVP 일반구매",
    "ReviewScore": "4",
    "Syllable": "122",
    "Word": "27",
    "RDate": "20171109",
    "GeneralPolarity": "1",
    "Aspects": [
      {
        "Aspect": "사이즈",
        "SentimentText": "작은 사이즈라 따뜻할까 싶었는데 금방 따뜻해져서 신기하고 좋습니다. 오히려 작아서 휴대하기도 편하네요",
        "SentimentWord": "12",
        "SentimentPolarity": "1"
      },
      {
        "Aspect": "품질",
        "SentimentText": "켤때랑 끌때  생각보다 냄새도 거의  안나서  좋구요.",
        "SentimentWord": "7",
        "SentimentPolarity": "1"
      },
      {
        "Aspect": "편의성",
        "SentimentText": "올겨울 정말 따뜻하고 편하게 잘 사용하고 있어서 만족스러워요.",
        "SentimentWord": "8",
        "SentimentPolarity": "1"
      }
    ]
  },
  {
    "Index": "36373",
    "RawText": "제품 크기가 제법 큰데도 자리도 많이 차지하지 않고 좋아요! 최저가로 산 것도 만족합니다.",
    "Source": "쇼핑몰",
    "Domain": "가전",
    "MainCategory": "계절가전",
    "ProductName": "신일전자 SFH-C909MVP 일반구매",
    "ReviewScore": "5",
    "Syllable": "50",
    "Word": "13",
    "RDate": "20190925",
    "Aspects": [
      {
        "Aspect": "사이즈",
        "SentimentText": "제품 크기가 제법 큰데도 자리도 많이 차지하지 않고 좋아요!",
        "SentimentWord": "9",
        "SentimentPolarity": "1"
      },
      {
        "Aspect": "가격",
        "SentimentText": "최저가로 산 것도 만족합니다.",
        "SentimentWord": "4",
        "SentimentPolarity": "1"
      }
    ]
  },
  {
    "Index": "36374",
    "RawText": "후기보고 걱정했는데 다행히 흠집 하나 없는 깨끗한 상품으로 도착되서 좋아요 근데 작동시 팬 소음이 약간 거슬리네요ㅠ",
    "Source": "쇼핑몰",
    "Domain": "가전",
    "MainCategory": "계절가전",
    "ProductName": "신일전자 SFH-C909MVP 일반구매",
    "ReviewScore": "5",
    "Syllable": "64",
    "Word": "16",
    "RDate": "20201107",
    "Aspects": [
      {
        "Aspect": "품질",
        "SentimentText": "다행히 흠집 하나 없는 깨끗한 상품으로 도착되서 좋아요",
        "SentimentWord": "8",
        "SentimentPolarity": "0"
      },
      {
        "Aspect": "소음",
        "SentimentText": "작동시 팬 소음이 약간 거슬리네요ㅠ",
        "SentimentWord": "5",
        "SentimentPolarity": "-1"
      }
    ]
  },
  {
    "Index": "36375",
    "RawText": "배송은 빠르게 도착해서 만족합니다. 처음에 냄새가 나서 아쉽지만 생각보다 빠르게 따듯해져서 너무 좋네요~^^",
    "Source": "쇼핑몰",
    "Domain": "가전",
    "MainCategory": "계절가전",
    "ProductName": "신일전자 SFH-C909MVP 일반구매",
    "ReviewScore": "5",
    "Syllable": "60",
    "Word": "13",
    "RDate": "20180116",
    "Aspects": [
      {
        "Aspect": "품질",
        "SentimentText": "처음에 냄새가 나서 아쉽지만",
        "SentimentWord": "4",
        "SentimentPolarity": "-1"
      },
      {
        "Aspect": "기능",
        "SentimentText": "생각보다 빠르게 따듯해져서 너무 좋네요~^^",
        "SentimentWord": "5",
        "SentimentPolarity": "1"
      }
    ]
  },
  {
    "Index": "36376",
    "RawText": "사용하려는데 고장이 난건지 전원이 켜지지않네요...당황스럽군요ㅠㅠ  사이즈도 생각보다 크고 별로네요...ㅠㅠ",
    "Source": "쇼핑몰",
    "Domain": "가전",
    "MainCategory": "계절가전",
    "ProductName": "신일전자 SFH-C909MVP 일반구매",
    "ReviewScore": "4",
    "Syllable": "60",
    "Word": "9",
    "RDate": "20201109",
    "Aspects": [
      {
        "Aspect": "품질",
        "SentimentText": "사용하려는데 고장이 난건지 전원이 켜지지않네요...당황스럽군요ㅠㅠ ",
        "SentimentWord": "5",
        "SentimentPolarity": "-1"
      },
      {
        "Aspect": "사이즈",
        "SentimentText": "사이즈도 생각보다 크고 별로네요...ㅠㅠ",
        "SentimentWord": "4",
        "SentimentPolarity": "-1"
      }
    ]
  },
  {
    "Index": "36377",
    "RawText": "제품이 너무 무거워서 힘들게 들고 올라왔지만 좋은 가격에 잘 구매했습니다.",
    "Source": "쇼핑몰",
    "Domain": "가전",
    "MainCategory": "계절가전",
    "ProductName": "신일전자 SFH-C909MVP 일반구매",
    "ReviewScore": "5",
    "Syllable": "41",
    "Word": "10",
    "RDate": "20220303",
    "GeneralPolarity": "1",
    "Aspects": [
      {
        "Aspect": "무게",
        "SentimentText": "제품이 너무 무거워서 힘들게 들고 올라왔지만",
        "SentimentWord": "6",
        "SentimentPolarity": "-1"
      },
      {
        "Aspect": "가격",
        "SentimentText": "좋은 가격에 잘 구매했습니다.",
        "SentimentWord": "4",
        "SentimentPolarity": "1"
      }
    ]
  },
  {
    "Index": "36378",
    "RawText": "제품 특성상 석유를 사용하는 제품 중 석유 냄새가 나지 않아서 맘에 드네요~ 방도 빠르게 따뜻해지고 좋아요",
    "Source": "쇼핑몰",
    "Domain": "가전",
    "MainCategory": "계절가전",
    "ProductName": "신일전자 SFH-C909MVP 일반구매",
    "ReviewScore": "5",
    "Syllable": "59",
    "Word": "16",
    "RDate": "20180126",
    "GeneralPolarity": "1",
    "Aspects": [
      {
        "Aspect": "품질",
        "SentimentText": "제품 특성상 석유를 사용하는 제품 중 석유 냄새가 나지 않아서 맘에 드네요~",
        "SentimentWord": "12",
        "SentimentPolarity": "1"
      },
      {
        "Aspect": "기능",
        "SentimentText": "방도 빠르게 따뜻해지고 좋아요",
        "SentimentWord": "4",
        "SentimentPolarity": "1"
      }
    ]
  },
  {
    "Index": "36379",
    "RawText": "빨리 따뜻해져서 성능이 너무 좋아요!  근데 크진않지만 소음은 조금 있네요...점화할때 냄새도 조금 나구요... ",
    "Source": "쇼핑몰",
    "Domain": "가전",
    "MainCategory": "계절가전",
    "ProductName": "신일전자 SFH-C909MVP 일반구매",
    "ReviewScore": "4",
    "Syllable": "63",
    "Word": "13",
    "RDate": "20181214",
    "GeneralPolarity": "0",
    "Aspects": [
      {
        "Aspect": "기능",
        "SentimentText": "빨리 따뜻해져서 성능이 너무 좋아요! ",
        "SentimentWord": "5",
        "SentimentPolarity": "1"
      },
      {
        "Aspect": "소음",
        "SentimentText": "크진않지만 소음은 조금 있네요...",
        "SentimentWord": "4",
        "SentimentPolarity": "0"
      },
      {
        "Aspect": "품질",
        "SentimentText": "점화할때 냄새도 조금 나구요...",
        "SentimentWord": "4",
        "SentimentPolarity": "0"
      }
    ]
  },
  {
    "Index": "36380",
    "RawText": "제품 작동후 소음이 조금 있고 냄새도 나지만 빠르게 따듯해지는게 만족합니다. 구성품에 이동식바퀴가 잘 굴러가지 않아서 이동하는데 번거롭네요 가격은 저렴하지 않아 아쉽습니다.",
    "Source": "쇼핑몰",
    "Domain": "가전",
    "MainCategory": "계절가전",
    "ProductName": "신일전자 SFH-C909MVP 일반구매",
    "ReviewScore": "4",
    "Syllable": "96",
    "Word": "21",
    "RDate": "20181018",
    "Aspects": [
      {
        "Aspect": "소음",
        "SentimentText": "제품 작동후 소음이 조금 있고",
        "SentimentWord": "5",
        "SentimentPolarity": "-1"
      },
      {
        "Aspect": "품질",
        "SentimentText": "냄새도 나지만",
        "SentimentWord": "2",
        "SentimentPolarity": "-1"
      },
      {
        "Aspect": "시간/속도",
        "SentimentText": "빠르게 따듯해지는게 만족합니다.",
        "SentimentWord": "3",
        "SentimentPolarity": "1"
      },
      {
        "Aspect": "편의성",
        "SentimentText": "구성품에 이동식바퀴가 잘 굴러가지 않아서 이동하는데 번거롭네요",
        "SentimentWord": "7",
        "SentimentPolarity": "-1"
      },
      {
        "Aspect": "가격",
        "SentimentText": "가격은 저렴하지 않아 아쉽습니다.",
        "SentimentWord": "4",
        "SentimentPolarity": "-1"
      }
    ]
  },
  {
    "Index": "36381",
    "RawText": "파격 할인에 구매~!!!!!  아쉬운 것은 딱 한가지..그레이가 고급진게 아니라 실제로 보니 완전 구닥다리네요..",
    "Source": "쇼핑몰",
    "Domain": "가전",
    "MainCategory": "계절가전",
    "ProductName": "신일전자 SFH-C909MVP 일반구매",
    "ReviewScore": "5",
    "Syllable": "63",
    "Word": "13",
    "RDate": "20201106",
    "GeneralPolarity": "0",
    "Aspects": [
      {
        "Aspect": "가격",
        "SentimentText": "파격 할인에 구매~!!!!! ",
        "SentimentWord": "3",
        "SentimentPolarity": "1"
      },
      {
        "Aspect": "색상",
        "SentimentText": "아쉬운 것은 딱 한가지..그레이가 고급진게 아니라 실제로 보니 완전 구닥다리네요..",
        "SentimentWord": "10",
        "SentimentPolarity": "-1"
      }
    ]
  },
  {
    "Index": "36382",
    "RawText": "엄청 저렴하게 구입하게 되서 넘 만족합니다 소음이 약간 있어 귀에 거슬리네요",
    "Source": "쇼핑몰",
    "Domain": "가전",
    "MainCategory": "계절가전",
    "ProductName": "신일전자 SFH-C909MVP 일반구매",
    "ReviewScore": "5",
    "Syllable": "42",
    "Word": "11",
    "RDate": "20210906",
    "GeneralPolarity": "0",
    "Aspects": [
      {
        "Aspect": "가격",
        "SentimentText": "엄청 저렴하게 구입하게 되서 넘 만족합니다",
        "SentimentWord": "6",
        "SentimentPolarity": "1"
      },
      {
        "Aspect": "소음",
        "SentimentText": "소음이 약간 있어 귀에 거슬리네요",
        "SentimentWord": "5",
        "SentimentPolarity": "-1"
      }
    ]
  },
  {
    "Index": "36383",
    "RawText": "가성비 좋은 제품 구매했네요~ 따뜻한 바람이 너무 잘 나와서 성능이 좋고 더워요^^",
    "Source": "쇼핑몰",
    "Domain": "가전",
    "MainCategory": "계절가전",
    "ProductName": "신일전자 SFH-C909MVP 일반구매",
    "ReviewScore": "4",
    "Syllable": "46",
    "Word": "12",
    "RDate": "20171129",
    "Aspects": [
      {
        "Aspect": "가격",
        "SentimentText": "가성비 좋은 제품 구매했네요~",
        "SentimentWord": "4",
        "SentimentPolarity": "1"
      },
      {
        "Aspect": "기능",
        "SentimentText": " 따뜻한 바람이 너무 잘 나와서 성능이 좋고 더워요^^",
        "SentimentWord": "8",
        "SentimentPolarity": "1"
      }
    ]
  },
  {
    "Index": "36384",
    "RawText": "사용해보니 생각보다 빠르게 따듯해지고 소음도 없네요~ 온오프 시 냄새는 좀 났지만 좋은 가격에 잘 구매했습니다.",
    "Source": "쇼핑몰",
    "Domain": "가전",
    "MainCategory": "계절가전",
    "ProductName": "신일전자 SFH-C909MVP 일반구매",
    "ReviewScore": "5",
    "Syllable": "62",
    "Word": "15",
    "RDate": "20210909",
    "GeneralPolarity": "1",
    "Aspects": [
      {
        "Aspect": "시간/속도",
        "SentimentText": "사용해보니 생각보다 빠르게 따듯해지고",
        "SentimentWord": "4",
        "SentimentPolarity": "1"
      },
      {
        "Aspect": "소음",
        "SentimentText": "소음도 없네요~",
        "SentimentWord": "2",
        "SentimentPolarity": "1"
      },
      {
        "Aspect": "품질",
        "SentimentText": "온오프 시 냄새는 좀 났지만",
        "SentimentWord": "5",
        "SentimentPolarity": "-1"
      },
      {
        "Aspect": "가격",
        "SentimentText": "좋은 가격에 잘 구매했습니다.",
        "SentimentWord": "4",
        "SentimentPolarity": "1"
      }
    ]
  },
  {
    "Index": "36385",
    "RawText": "금방 따뜻해지니 방에서 사용하기도 아주 좋아요 다만 블랙색상이 있었으면 방분위기가  더 깔끔했을껄.. 아쉽네요",
    "Source": "쇼핑몰",
    "Domain": "가전",
    "MainCategory": "계절가전",
    "ProductName": "신일전자 SFH-C909MVP 일반구매",
    "ReviewScore": "5",
    "Syllable": "61",
    "Word": "13",
    "RDate": "20191017",
    "GeneralPolarity": "0",
    "Aspects": [
      {
        "Aspect": "기능",
        "SentimentText": "금방 따뜻해지니 방에서 사용하기도 아주 좋아요 ",
        "SentimentWord": "6",
        "SentimentPolarity": "1"
      },
      {
        "Aspect": "색상",
        "SentimentText": "다만 블랙색상이 있었으면 방분위기가  더 깔끔했을껄.. 아쉽네요 ",
        "SentimentWord": "7",
        "SentimentPolarity": "-1"
      }
    ]
  },
  {
    "Index": "36386",
    "RawText": "실내공기가 금방 훈훈해져서 따뜻해요 엄마가 너무 좋아하시네요^^ 기름냄새는 걱정했는데 다행히 거의 안나서 좋아요",
    "Source": "쇼핑몰",
    "Domain": "가전",
    "MainCategory": "계절가전",
    "ProductName": "신일전자 SFH-C909MVP 일반구매",
    "ReviewScore": "5",
    "Syllable": "62",
    "Word": "13",
    "RDate": "20180126",
    "GeneralPolarity": "1",
    "Aspects": [
      {
        "Aspect": "기능",
        "SentimentText": "실내공기가 금방 훈훈해져서 따뜻해요 엄마가 너무 좋아하시네요^^",
        "SentimentWord": "7",
        "SentimentPolarity": "1"
      },
      {
        "Aspect": "품질",
        "SentimentText": "기름냄새는 걱정했는데 다행히 거의 안나서 좋아요",
        "SentimentWord": "6",
        "SentimentPolarity": "1"
      }
    ]
  },
  {
    "Index": "36387",
    "RawText": "제품 디자인 화면보다 실물이 더 깔끔하니 예뻐서 맘에 쏙 듭니다. 색상은 아이보리 선택했는데 화사해서 좋아서 적극추천합니다!!",
    "Source": "쇼핑몰",
    "Domain": "가전",
    "MainCategory": "계절가전",
    "ProductName": "신일전자 SFH-C909MVP 일반구매",
    "ReviewScore": "5",
    "Syllable": "70",
    "Word": "16",
    "RDate": "20171219",
    "GeneralPolarity": "1",
    "Aspects": [
      {
        "Aspect": "디자인",
        "SentimentText": "화면보다 실물이 더 깔끔하니 예뻐서 맘에 쏙 듭니다.",
        "SentimentWord": "8",
        "SentimentPolarity": "1"
      },
      {
        "Aspect": "색상",
        "SentimentText": "색상은 아이보리 선택했는데 화사해서 좋아서 적극추천합니다!!",
        "SentimentWord": "6",
        "SentimentPolarity": "1"
      }
    ]
  },
  {
    "Index": "36388",
    "RawText": "기름 냄새가 너무 많이 나서 환기 자주 시켜야겠어요. 색상도 칙칙하니 별로네요",
    "Source": "쇼핑몰",
    "Domain": "가전",
    "MainCategory": "계절가전",
    "ProductName": "신일전자 SFH-C909MVP 일반구매",
    "ReviewScore": "4",
    "Syllable": "43",
    "Word": "11",
    "RDate": "20200214",
    "GeneralPolarity": "-1",
    "Aspects": [
      {
        "Aspect": "품질",
        "SentimentText": "기름 냄새가 너무 많이 나서 환기 자주 시켜야겠어요",
        "SentimentWord": "8",
        "SentimentPolarity": "-1"
      },
      {
        "Aspect": "색상",
        "SentimentText": "색상도 칙칙하니 별로네요",
        "SentimentWord": "3",
        "SentimentPolarity": "-1"
      }
    ]
  },
  {
    "Index": "36390",
    "RawText": "그레이 컬러로 할까하다 아이보리로  선택했는데  색상 예쁘고 고급스러워요  사이즈도 크지않고 아담해서 귀여워요^^",
    "Source": "쇼핑몰",
    "Domain": "가전",
    "MainCategory": "계절가전",
    "ProductName": "신일전자 SFH-C909MVP 일반구매",
    "ReviewScore": "5",
    "Syllable": "63",
    "Word": "12",
    "RDate": "20161109",
    "GeneralPolarity": "1",
    "Aspects": [
      {
        "Aspect": "색상",
        "SentimentText": "그레이 컬러로 할까하다 아이보리로  선택했는데  색상 예쁘고 고급스러워요 ",
        "SentimentWord": "8",
        "SentimentPolarity": "1"
      },
      {
        "Aspect": "사이즈",
        "SentimentText": "사이즈도 크지않고 아담해서 귀여워요^^",
        "SentimentWord": "4",
        "SentimentPolarity": "1"
      }
    ]
  },
  {
    "Index": "36392",
    "RawText": "비싼만큼 실내온도도 금방 데워주고 따뜻하니 성능도 확실히 좋아요. 디자인도 심플하고  귀여워요^^ 무게도 생각보다 가벼워서 좋아요  캠핑가서 사용하는데 기능이 안좋을까봐 걱정이 조금 되긴해요...",
    "Source": "쇼핑몰",
    "Domain": "가전",
    "MainCategory": "계절가전",
    "ProductName": "신일전자 SFH-C909MVP 일반구매",
    "ReviewScore": "5",
    "Syllable": "109",
    "Word": "22",
    "RDate": "20220118",
    "GeneralPolarity": "1",
    "Aspects": [
      {
        "Aspect": "기능",
        "SentimentText": "비싼만큼 실내온도도 금방 데워주고 따뜻하니 성능도 확실히 좋아요.",
        "SentimentWord": "8",
        "SentimentPolarity": "1"
      },
      {
        "Aspect": "디자인",
        "SentimentText": "디자인도 심플하고  귀여워요^^",
        "SentimentWord": "3",
        "SentimentPolarity": "1"
      },
      {
        "Aspect": "무게",
        "SentimentText": "무게도 생각보다 가벼워서 좋아요 ",
        "SentimentWord": "4",
        "SentimentPolarity": "1"
      }
    ]
  },
  {
    "Index": "36395",
    "RawText": "사이즈가 크지않아 공간차지 안해서 좋고, 틀자마자 뜨거운 바람 잘 나오니 따뜻해서 엄마가 무척 좋아하세요~",
    "Source": "쇼핑몰",
    "Domain": "가전",
    "MainCategory": "계절가전",
    "ProductName": "신일전자 SFH-C909MVP 일반구매",
    "ReviewScore": "5",
    "Syllable": "59",
    "Word": "14",
    "RDate": "20190209",
    "GeneralPolarity": "1",
    "Aspects": [
      {
        "Aspect": "사이즈",
        "SentimentText": "사이즈가 크지않아 공간차지 안해서 좋고,",
        "SentimentWord": "5",
        "SentimentPolarity": "1"
      },
      {
        "Aspect": "기능",
        "SentimentText": "틀자마자 뜨거운 바람 잘 나오니 따뜻해서 엄마가 무척 좋아하세요~",
        "SentimentWord": "9",
        "SentimentPolarity": "1"
      }
    ]
  },
  {
    "Index": "36396",
    "RawText": "아이보리 색상 심플하고 마음에 드네요. 너무 따뜻하고 좋아요ㅎㅎㅎ",
    "Source": "쇼핑몰",
    "Domain": "가전",
    "MainCategory": "계절가전",
    "ProductName": "신일전자 SFH-C909MVP 일반구매",
    "ReviewScore": "5",
    "Syllable": "36",
    "Word": "8",
    "RDate": "20190106",
    "GeneralPolarity": "1",
    "Aspects": [
      {
        "Aspect": "색상",
        "SentimentText": "아이보리 색상 심플하고 마음에 드네요.",
        "SentimentWord": "5",
        "SentimentPolarity": "1"
      },
      {
        "Aspect": "기능",
        "SentimentText": "너무 따뜻하고 좋아요ㅎㅎㅎ",
        "SentimentWord": "3",
        "SentimentPolarity": "1"
      }
    ]
  },
  {
    "Index": "36397",
    "RawText": "캠핑가서  4~5인 텐트에서 사용하는데 따뜻하다못해 더울지경이네요 성능 너무 좋아서 적극 추천해요! 불편한건 처음 켜고 끌때  기름냄새가 있으니 환기필요하네요... ",
    "Source": "쇼핑몰",
    "Domain": "가전",
    "MainCategory": "계절가전",
    "ProductName": "신일전자 SFH-C909MVP 일반구매",
    "ReviewScore": "5",
    "Syllable": "92",
    "Word": "18",
    "RDate": "20201030",
    "GeneralPolarity": "0",
    "Aspects": [
      {
        "Aspect": "기능",
        "SentimentText": "텐트에서 사용하는데 따뜻하다못해 더울지경이네요 성능 너무 좋아서 적극 추천해요!",
        "SentimentWord": "9",
        "SentimentPolarity": "1"
      },
      {
        "Aspect": "품질",
        "SentimentText": "처음 켜고 끌때  기름냄새가 있으니 환기필요하네요...",
        "SentimentWord": "6",
        "SentimentPolarity": "0"
      }
    ]
  },
  {
    "Index": "36399",
    "RawText": "역시 000 제품이네요. 다만 처음 전원을 켰을 때 기름 냄새가 조금 나요. 아이들이 있는 집에서 쓸 만큼 안전해요.",
    "Source": "쇼핑몰",
    "Domain": "가전",
    "MainCategory": "계절가전",
    "ProductName": "신일전자 SFH-C909MVP 일반구매",
    "ReviewScore": "5",
    "Syllable": "65",
    "Word": "18",
    "RDate": "20161118",
    "GeneralPolarity": "1",
    "Aspects": [
      {
        "Aspect": "제조일/제조사",
        "SentimentText": "역시 000 제품이네요.",
        "SentimentWord": "3",
        "SentimentPolarity": "1"
      },
      {
        "Aspect": "품질",
        "SentimentText": "다만 처음 전원을 켰을 때 기름 냄새가 조금 나요.",
        "SentimentWord": "9",
        "SentimentPolarity": "-1"
      },
      {
        "Aspect": "내구성",
        "SentimentText": "아이들이 있는 집에서 쓸 만큼 안전해요.",
        "SentimentWord": "6",
        "SentimentPolarity": "1"
      }
    ]
  },
  {
    "Index": "36400",
    "RawText": "박스포장 상태가 괜찮은거보니 배송상 문제는 없어보이는데 제품 옆면에 찌그러짐이 있네요ㅜㅜ 사용후 반품제품을 보낸건지 연료통에서 기름냄새가 심하게 나고 불쾌하네요. 가격이 한두푼하는것도 아닌데 정말 너무 하네요ㅜㅜ제품검수 제대로 하시고 당장 새상품으로 교환해주세요",
    "Source": "쇼핑몰",
    "Domain": "가전",
    "MainCategory": "계절가전",
    "ProductName": "신일전자 SFH-C909MVP 일반구매",
    "ReviewScore": "3",
    "Syllable": "146",
    "Word": "29",
    "RDate": "20200930",
    "Aspects": [
      {
        "Aspect": "품질",
        "SentimentText": "제품 옆면에 찌그러짐이 있네요ㅜㅜ",
        "SentimentWord": "4",
        "SentimentPolarity": "-1"
      },
      {
        "Aspect": "품질",
        "SentimentText": "반품제품을 보낸건지 연료통에서 기름냄새가 심하게 나고 불쾌하네요. ",
        "SentimentWord": "7",
        "SentimentPolarity": "-1"
      },
      {
        "Aspect": "가격",
        "SentimentText": "가격이 한두푼하는것도 아닌데 정말 너무 하네요ㅜㅜ",
        "SentimentWord": "6",
        "SentimentPolarity": "-1"
      }
    ]
  },
  {
    "Index": "36401",
    "RawText": "제품의 화력은 좋아서 굉장히 따뜻하고 좋아요! 그런데 새제품에 약간의 찍힘이 있지만 그냥 사용하려 해요.",
    "Source": "쇼핑몰",
    "Domain": "가전",
    "MainCategory": "계절가전",
    "ProductName": "신일전자 SFH-C909MVP 일반구매",
    "ReviewScore": "4",
    "Syllable": "58",
    "Word": "14",
    "RDate": "20210520",
    "Aspects": [
      {
        "Aspect": "기능",
        "SentimentText": "제품의 화력은 좋아서 굉장히 따뜻하고 좋아요!",
        "SentimentWord": "6",
        "SentimentPolarity": "1"
      },
      {
        "Aspect": "품질",
        "SentimentText": "그런데 새제품에 약간의 찍힘이 있지만 그냥 사용하려 해요.",
        "SentimentWord": "8",
        "SentimentPolarity": "0"
      }
    ]
  },
  {
    "Index": "36403",
    "RawText": "작동하자마자 뜨건 바람 나와서 금방따뜻해지고 좋아요~ 환기가 잘 안되는데 기름냄새가 나서 조금 걱정이네요...",
    "Source": "쇼핑몰",
    "Domain": "가전",
    "MainCategory": "계절가전",
    "ProductName": "신일전자 SFH-C909MVP 일반구매",
    "ReviewScore": "4",
    "Syllable": "61",
    "Word": "13",
    "RDate": "20191109",
    "GeneralPolarity": "0",
    "Aspects": [
      {
        "Aspect": "기능",
        "SentimentText": "작동하자마자 뜨건 바람 나와서 금방따뜻해지고 좋아요~",
        "SentimentWord": "6",
        "SentimentPolarity": "1"
      },
      {
        "Aspect": "품질",
        "SentimentText": "환기가 잘 안되는데 기름냄새가 나서 조금 걱정이네요...",
        "SentimentWord": "7",
        "SentimentPolarity": "-1"
      }
    ]
  },
  {
    "Index": "36404",
    "RawText": "크기는 생각보다 작긴해도  화력은 진짜 좋습니다!!  휴대하기 간편해서 올겨울은 따뜻하게 보낼수있어서 좋아요~ 감사합니다.",
    "Source": "쇼핑몰",
    "Domain": "가전",
    "MainCategory": "계절가전",
    "ProductName": "신일전자 SFH-C909MVP 일반구매",
    "ReviewScore": "5",
    "Syllable": "68",
    "Word": "13",
    "RDate": "20211022",
    "GeneralPolarity": "1",
    "Aspects": [
      {
        "Aspect": "기능",
        "SentimentText": "크기는 생각보다 작긴해도  화력은 진짜 좋습니다!! ",
        "SentimentWord": "6",
        "SentimentPolarity": "1"
      },
      {
        "Aspect": "편의성",
        "SentimentText": "휴대하기 간편해서 올겨울은 따뜻하게 보낼수있어서 좋아요~",
        "SentimentWord": "6",
        "SentimentPolarity": "1"
      }
    ]
  },
  {
    "Index": "36405",
    "RawText": "생각보다 크기가 작아서 아쉽네요. 아주 꼼꼼하게 포장되어 있어 만족스럽고 빠른 배송 또한 맘에듭니다. 버튼이 작아서 그런가 조작하기가 너무 힘드네요",
    "Source": "쇼핑몰",
    "Domain": "가전",
    "MainCategory": "계절가전",
    "ProductName": "신일전자 SFH-C909MVP 일반구매",
    "ReviewScore": "5",
    "Syllable": "82",
    "Word": "19",
    "RDate": "20210918",
    "Aspects": [
      {
        "Aspect": "사이즈",
        "SentimentText": "생각보다 크기가 작아서 아쉽네요.",
        "SentimentWord": "4",
        "SentimentPolarity": "-1"
      },
      {
        "Aspect": "조작성",
        "SentimentText": "버튼이 작아서 그런가 조작하기가 너무 힘드네요",
        "SentimentWord": "6",
        "SentimentPolarity": "-1"
      }
    ]
  },
  {
    "Index": "36406",
    "RawText": "제품 포장박스도 너덜거리고 스크러치까지... 완전 불량상태로 배송왔네요 ㅠ ㅠ 새상품으로 교환 요청했는데 답변이 없어 기분나쁘네요 정말... 너무 무거워서 혼자 옮기는건 불가능할듯 내가 선택한 색이지만 너무 촌스러워서 돌아버리겠네요.ㅠㅠ",
    "Source": "쇼핑몰",
    "Domain": "가전",
    "MainCategory": "계절가전",
    "ProductName": "신일전자 SFH-C909MVP 일반구매",
    "ReviewScore": "1",
    "Syllable": "132",
    "Word": "27",
    "RDate": "20191109",
    "Aspects": [
      {
        "Aspect": "무게",
        "SentimentText": "너무 무거워서 혼자 옮기는건 불가능할듯",
        "SentimentWord": "5",
        "SentimentPolarity": "-1"
      },
      {
        "Aspect": "색상",
        "SentimentText": "내가 선택한 색이지만 너무 촌스러워서 돌아버리겠네요.ㅠㅠ",
        "SentimentWord": "6",
        "SentimentPolarity": "-1"
      }
    ]
  },
  {
    "Index": "36407",
    "RawText": "소음이 있어서  신경이 거슬리네요... 기름 냄새도 나서 머리도 지끈지끈거려요ㅠㅠ",
    "Source": "쇼핑몰",
    "Domain": "가전",
    "MainCategory": "계절가전",
    "ProductName": "신일전자 SFH-C909MVP 일반구매",
    "ReviewScore": "5",
    "Syllable": "45",
    "Word": "9",
    "RDate": "20190118",
    "GeneralPolarity": "-1",
    "Aspects": [
      {
        "Aspect": "소음",
        "SentimentText": "소음이 있어서  신경이 거슬리네요... ",
        "SentimentWord": "4",
        "SentimentPolarity": "-1"
      },
      {
        "Aspect": "품질",
        "SentimentText": "기름 냄새도 나서 머리도 지끈지끈거려요ㅠㅠ ",
        "SentimentWord": "5",
        "SentimentPolarity": "-1"
      }
    ]
  },
  {
    "Index": "36408",
    "RawText": "연료탱크 용량이 크니까 파워가 쎄서 화력이 너무 좋아요^^ 제품의 사이즈도 커서 기름을 자주 넣지 않아도 되니 편해요",
    "Source": "쇼핑몰",
    "Domain": "가전",
    "MainCategory": "계절가전",
    "ProductName": "신일전자 SFH-C909MVP 일반구매",
    "ReviewScore": "5",
    "Syllable": "65",
    "Word": "17",
    "RDate": "20171114",
    "GeneralPolarity": "1",
    "Aspects": [
      {
        "Aspect": "용량",
        "SentimentText": "연료탱크 용량이 크니까 파워가 쎄서",
        "SentimentWord": "5",
        "SentimentPolarity": "1"
      },
      {
        "Aspect": "기능",
        "SentimentText": "파워가 쎄서 화력이 너무 좋아요^^",
        "SentimentWord": "5",
        "SentimentPolarity": "1"
      },
      {
        "Aspect": "사이즈",
        "SentimentText": "제품의 사이즈도 커서 기름을 자주 넣지 않아도 되니 편해요",
        "SentimentWord": "9",
        "SentimentPolarity": "1"
      }
    ]
  },
  {
    "Index": "36409",
    "RawText": "올겨울 실내온도 빠르게 데워줘서 따뜻하게 잘 사용하고 있어 만족해요~  처음 켤때와 끌때 기름냄새가 좀 나서 머리가 아플수도 있으니 환기는 필수!!",
    "Source": "쇼핑몰",
    "Domain": "가전",
    "MainCategory": "계절가전",
    "ProductName": "신일전자 SFH-C909MVP 일반구매",
    "ReviewScore": "5",
    "Syllable": "82",
    "Word": "20",
    "RDate": "20170410",
    "GeneralPolarity": "0",
    "Aspects": [
      {
        "Aspect": "기능",
        "SentimentText": "실내온도 빠르게 데워줘서 따뜻하게 잘 사용하고 있어 만족해요~ ",
        "SentimentWord": "8",
        "SentimentPolarity": "1"
      },
      {
        "Aspect": "품질",
        "SentimentText": "처음 켤때와 끌때 기름냄새가 좀 나서 머리가 아플수도 있으니 환기는 필수!!",
        "SentimentWord": "11",
        "SentimentPolarity": "0"
      }
    ]
  },
  {
    "Index": "36410",
    "RawText": "우선 소음이 거의 없어서 좋고,  점화할때와 꺼질때  살짝 냄새가 나는데 환기시키면 괜찮아져요.  화력도 쎄서 아주 따뜻해서 흡족해요^^",
    "Source": "쇼핑몰",
    "Domain": "가전",
    "MainCategory": "계절가전",
    "ProductName": "신일전자 SFH-C909MVP 일반구매",
    "ReviewScore": "5",
    "Syllable": "76",
    "Word": "17",
    "RDate": "20201112",
    "GeneralPolarity": "0",
    "Aspects": [
      {
        "Aspect": "소음",
        "SentimentText": "소음이 거의 없어서 좋고, ",
        "SentimentWord": "4",
        "SentimentPolarity": "1"
      },
      {
        "Aspect": "품질",
        "SentimentText": "점화할때와 꺼질때  살짝 냄새가 나는데 환기시키면 괜찮아져요. ",
        "SentimentWord": "7",
        "SentimentPolarity": "0"
      },
      {
        "Aspect": "기능",
        "SentimentText": "화력도 쎄서 아주 따뜻해서 흡족해요^^",
        "SentimentWord": "5",
        "SentimentPolarity": "1"
      }
    ]
  },
  {
    "Index": "36411",
    "RawText": "할인된 가격으로 싸게 잘 사서 넘 좋아요~  900번대 주문했는데 최신형 1000번대로 보내주셔서 너무 좋아요!! 색상도 실버보다 아이보리가 확실히 고급지고 좋네요~~",
    "Source": "쇼핑몰",
    "Domain": "가전",
    "MainCategory": "계절가전",
    "ProductName": "신일전자 SFH-C909MVP 일반구매",
    "ReviewScore": "5",
    "Syllable": "93",
    "Word": "20",
    "RDate": "20220124",
    "GeneralPolarity": "1",
    "Aspects": [
      {
        "Aspect": "가격",
        "SentimentText": "할인된 가격으로 싸게 잘 사서 넘 좋아요~ ",
        "SentimentWord": "7",
        "SentimentPolarity": "1"
      },
      {
        "Aspect": "제조일/제조사",
        "SentimentText": "900번대 주문했는데 최신형 1000번대로 보내주셔서 너무 좋아요!!",
        "SentimentWord": "7",
        "SentimentPolarity": "1"
      },
      {
        "Aspect": "색상",
        "SentimentText": "색상도 실버보다 아이보리가 확실히 고급지고 좋네요~~ ",
        "SentimentWord": "6",
        "SentimentPolarity": "1"
      }
    ]
  },
  {
    "Index": "36412",
    "RawText": "전원켜니 금방 따뜻해져서 집안이 훈훈합니다. 잘 샀어요 ^^ 제품 소음도 없어서 집안이 조용해서 좋네요. ~!",
    "Source": "쇼핑몰",
    "Domain": "가전",
    "MainCategory": "계절가전",
    "ProductName": "신일전자 SFH-C909MVP 일반구매",
    "ReviewScore": "5",
    "Syllable": "61",
    "Word": "15",
    "RDate": "20170912",
    "GeneralPolarity": "1",
    "Aspects": [
      {
        "Aspect": "기능",
        "SentimentText": "전원켜니 금방 따뜻해져서 집안이 훈훈합니다. 잘 샀어요 ^^",
        "SentimentWord": "8",
        "SentimentPolarity": "1"
      },
      {
        "Aspect": "소음",
        "SentimentText": "제품 소음도 없어서 집안이 조용해서 좋네요. ~! ",
        "SentimentWord": "7",
        "SentimentPolarity": "1"
      }
    ]
  },
  {
    "Index": "36414",
    "RawText": "배송 빠르게 잘 받아 좋아요. ^^   제품 포장은 깔끔해서 기분 좋게 열었는데,,   제품 표면이 2군데나 흠집이 있어서 실망이 커요.ㅜ 작동을 시작하는데 왜이렇게 시끄러운 모터소리가 나는지 얼른 꺼버렸네요",
    "Source": "쇼핑몰",
    "Domain": "가전",
    "MainCategory": "계절가전",
    "ProductName": "신일전자 SFH-C909MVP 일반구매",
    "ReviewScore": "3",
    "Syllable": "116",
    "Word": "27",
    "RDate": "20191017",
    "Aspects": [
      {
        "Aspect": "소음",
        "SentimentText": "작동을 시작하는데 왜이렇게 시끄러운 모터소리가 나는지 얼른 꺼버렸네요",
        "SentimentWord": "8",
        "SentimentPolarity": "-1"
      },
      {
        "Aspect": "품질",
        "SentimentText": "제품 표면이 2군데나 흠집이 있어서 실망이 커요.ㅜ ",
        "SentimentWord": "7",
        "SentimentPolarity": "-1"
      }
    ]
  },
  {
    "Index": "36416",
    "RawText": "배송 제품 빠르게 잘 왔어요 ^^ 예상보다 제품이 커서 아쉬웠어요.ㅜ 또 얼마나 무겁던지 제품 옮길때 걱정입니다. ㅜ  이제 기름 넣어 사용해봐야겠어요.",
    "Source": "쇼핑몰",
    "Domain": "가전",
    "MainCategory": "계절가전",
    "ProductName": "신일전자 SFH-C909MVP 일반구매",
    "ReviewScore": "4",
    "Syllable": "85",
    "Word": "21",
    "RDate": "20170926",
    "Aspects": [
      {
        "Aspect": "사이즈",
        "SentimentText": "예상보다 제품이 커서 아쉬웠어요.ㅜ",
        "SentimentWord": "4",
        "SentimentPolarity": "-1"
      },
      {
        "Aspect": "무게",
        "SentimentText": "또 얼마나 무겁던지 제품 옮길때 걱정입니다. ㅜ ",
        "SentimentWord": "7",
        "SentimentPolarity": "-1"
      }
    ]
  },
  {
    "Index": "36417",
    "RawText": "제품 저렴한 가격으로 구입해서 만족해요.  다만 무게가 상당하네요. ㅜ 혼자 옮기기 불편하겠어요.. ㅜ",
    "Source": "쇼핑몰",
    "Domain": "가전",
    "MainCategory": "계절가전",
    "ProductName": "신일전자 SFH-C909MVP 일반구매",
    "ReviewScore": "5",
    "Syllable": "57",
    "Word": "13",
    "RDate": "20171116",
    "GeneralPolarity": "0",
    "Aspects": [
      {
        "Aspect": "가격",
        "SentimentText": "제품 저렴한 가격으로 구입해서 만족해요. ",
        "SentimentWord": "5",
        "SentimentPolarity": "1"
      },
      {
        "Aspect": "무게",
        "SentimentText": "다만 무게가 상당하네요. ㅜ 혼자 옮기기 불편하겠어요.. ㅜ",
        "SentimentWord": "8",
        "SentimentPolarity": "-1"
      }
    ]
  },
  {
    "Index": "36418",
    "RawText": "제품 저렴하게 잘 사서 좋아요. ^^  다만 제조년도 2018년08월 2년전 재고품이 배송되어 실망했어요. ㅜ  사용하는덴 문제없겠죠?",
    "Source": "쇼핑몰",
    "Domain": "가전",
    "MainCategory": "계절가전",
    "ProductName": "신일전자 SFH-C909MVP 일반구매",
    "ReviewScore": "5",
    "Syllable": "75",
    "Word": "16",
    "RDate": "20191009",
    "GeneralPolarity": "0",
    "Aspects": [
      {
        "Aspect": "가격",
        "SentimentText": "제품 저렴하게 잘 사서 좋아요. ^^ ",
        "SentimentWord": "6",
        "SentimentPolarity": "1"
      },
      {
        "Aspect": "제조일/제조사",
        "SentimentText": "다만 제조년도 2018년08월 2년전 재고품이 배송되어 실망했어요. ㅜ ",
        "SentimentWord": "8",
        "SentimentPolarity": "-1"
      }
    ]
  },
  {
    "Index": "36420",
    "RawText": "제품 가격 저렴해서 좋아요..  배송 또한 무척 빨라서 기분 좋아요..  사용해보니 금새 따뜻해져서 성능도 만족합니다. ~^^",
    "Source": "쇼핑몰",
    "Domain": "가전",
    "MainCategory": "계절가전",
    "ProductName": "신일전자 SFH-C909MVP 일반구매",
    "ReviewScore": "5",
    "Syllable": "70",
    "Word": "16",
    "RDate": "20211122",
    "Aspects": [
      {
        "Aspect": "가격",
        "SentimentText": "제품 가격 저렴해서 좋아요.. ",
        "SentimentWord": "4",
        "SentimentPolarity": "1"
      },
      {
        "Aspect": "기능",
        "SentimentText": "사용해보니 금새 따뜻해져서 성능도 만족합니다. ~^^",
        "SentimentWord": "6",
        "SentimentPolarity": "1"
      }
    ]
  },
  {
    "Index": "36421",
    "RawText": "이 제품 성능 좋아 적극 추천해요 ~!  15평은 집은 따로 난방 안하고 이제품 하나로 난방 충분합니다.. 기름도 조금 소모되니 난방비 걱정이 확 줄었어요.  기름효율 아주 좋네요.  ooo 제조사를 신뢰해서 벌써 2번째 구입했어요. ^^",
    "Source": "쇼핑몰",
    "Domain": "가전",
    "MainCategory": "계절가전",
    "ProductName": "신일전자 SFH-C909MVP 일반구매",
    "ReviewScore": "5",
    "Syllable": "133",
    "Word": "33",
    "RDate": "20211203",
    "GeneralPolarity": "1",
    "Aspects": [
      {
        "Aspect": "기능",
        "SentimentText": "이 제품 성능 좋아 적극 추천해요 ~!  15평은 집은 따로 난방 안하고 이제품 하나로 난방 충분합니다..",
        "SentimentWord": "16",
        "SentimentPolarity": "1"
      },
      {
        "Aspect": "소비전력",
        "SentimentText": "기름도 조금 소모되니 난방비 걱정이 확 줄었어요.  기름효율 아주 좋네요. ",
        "SentimentWord": "10",
        "SentimentPolarity": "1"
      },
      {
        "Aspect": "제조일/제조사",
        "SentimentText": "ooo 제조사를 신뢰해서 벌써 2번째 구입했어요. ^^",
        "SentimentWord": "7",
        "SentimentPolarity": "1"
      }
    ]
  },
  {
    "Index": "36422",
    "RawText": "제품 켤때 약간 냄새가 있지만 그외에는 냄새 안나서 만족해요.  집안 추울때 전원키면 금방 집안 온도를 올려줘서 성능 최고입니다. ~!^^",
    "Source": "쇼핑몰",
    "Domain": "가전",
    "MainCategory": "계절가전",
    "ProductName": "신일전자 SFH-C909MVP 일반구매",
    "ReviewScore": "4",
    "Syllable": "77",
    "Word": "19",
    "RDate": "20190924",
    "Aspects": [
      {
        "Aspect": "품질",
        "SentimentText": "제품 켤때 약간 냄새가 있지만 그외에는 냄새 안나서 만족해요. ",
        "SentimentWord": "9",
        "SentimentPolarity": "0"
      },
      {
        "Aspect": "기능",
        "SentimentText": "집안 추울때 전원키면 금방 집안 온도를 올려줘서 성능 최고입니다. ~!^^",
        "SentimentWord": "10",
        "SentimentPolarity": "1"
      }
    ]
  },
  {
    "Index": "36424",
    "RawText": "주변 지인 2명이 계절 가전에는 ooo제품이 좋다하여 구입했어요. 보일러 사용할때는 1-2시간 걸려야 바닥과 집안이 따뜻해졌는데, 이제품으로 바꾸고 30분만에 집이 따뜻해져요. 성능 대박 만족~! 처음 켤때 살짝 기름 냄새 나고 그 후에는 전혀 냄새나지 않아서 좋아요 흠이라면 가격이 고가라 부담되는 점이 아쉬워요. ㅜ  그래도 기름연비가 좋아 1-2년 사용하면 겨울철 난방비가 더 절약될 듯해요.  강추~!",
    "Source": "쇼핑몰",
    "Domain": "가전",
    "MainCategory": "계절가전",
    "ProductName": "신일전자 SFH-C909MVP 일반구매",
    "ReviewScore": "5",
    "Syllable": "228",
    "Word": "53",
    "RDate": "20170224",
    "Aspects": [
      {
        "Aspect": "기능",
        "SentimentText": " 이제품으로 바꾸고 30분만에 집이 따뜻해져요. 성능 대박 만족~!",
        "SentimentWord": "8",
        "SentimentPolarity": "1"
      },
      {
        "Aspect": "품질",
        "SentimentText": "처음 켤때 살짝 기름 냄새 나고 그 후에는 전혀 냄새나지 않아서 좋아요",
        "SentimentWord": "12",
        "SentimentPolarity": "0"
      },
      {
        "Aspect": "가격",
        "SentimentText": "흠이라면 가격이 고가라 부담되는 점이 아쉬워요. ㅜ ",
        "SentimentWord": "7",
        "SentimentPolarity": "-1"
      },
      {
        "Aspect": "소비전력",
        "SentimentText": "기름연비가 좋아 1-2년 사용하면 겨울철 난방비가 더 절약될 듯해요.  강추~! ",
        "SentimentWord": "10",
        "SentimentPolarity": "1"
      }
    ]
  },
  {
    "Index": "36425",
    "RawText": "제품 성능 무척 좋습니다.  올겨울 따뜻하게 잘 보낼것 같아요. 색상도 고급스럽고 너무 좋네요. 굿굿~! ^^",
    "Source": "쇼핑몰",
    "Domain": "가전",
    "MainCategory": "계절가전",
    "ProductName": "신일전자 SFH-C909MVP 일반구매",
    "ReviewScore": "3",
    "Syllable": "61",
    "Word": "15",
    "RDate": "20211224",
    "Aspects": [
      {
        "Aspect": "기능",
        "SentimentText": "제품 성능 무척 좋습니다.  올겨울 따뜻하게 잘 보낼것 같아요.",
        "SentimentWord": "9",
        "SentimentPolarity": "1"
      },
      {
        "Aspect": "색상",
        "SentimentText": "색상도 고급스럽고 너무 좋네요. 굿굿~! ^^",
        "SentimentWord": "6",
        "SentimentPolarity": "1"
      }
    ]
  },
  {
    "Index": "36426",
    "RawText": "성능 빵빵해요 금방 따뜻해집니다!! 받아보니 컬러감은 촌스럽네요..",
    "Source": "쇼핑몰",
    "Domain": "가전",
    "MainCategory": "계절가전",
    "ProductName": "신일전자 SFH-C909MVP 일반구매",
    "ReviewScore": "4",
    "Syllable": "37",
    "Word": "7",
    "RDate": "20211125",
    "GeneralPolarity": "0",
    "Aspects": [
      {
        "Aspect": "기능",
        "SentimentText": "성능 빵빵해요 금방 따뜻해집니다!!",
        "SentimentWord": "4",
        "SentimentPolarity": "1"
      },
      {
        "Aspect": "색상",
        "SentimentText": "받아보니 컬러감은 촌스럽네요..",
        "SentimentWord": "3",
        "SentimentPolarity": "-1"
      }
    ]
  },
  {
    "Index": "36427",
    "RawText": "초도불량으로 제품 교환 받는 과정이 불편했어요. ㅜ  다행히 교환받은 새제품은 잘 작동해 좋아요.  판매하시는 분도 친절하게 응대해주셔서 만족해요. ~!",
    "Source": "쇼핑몰",
    "Domain": "가전",
    "MainCategory": "계절가전",
    "ProductName": "신일전자 SFH-C909MVP 일반구매",
    "ReviewScore": "5",
    "Syllable": "85",
    "Word": "19",
    "RDate": "20190112",
    "Aspects": [
      {
        "Aspect": "품질",
        "SentimentText": "초도불량으로 제품 교환 받는 과정이 불편했어요. ㅜ ",
        "SentimentWord": "7",
        "SentimentPolarity": "-1"
      },
      {
        "Aspect": "기능",
        "SentimentText": "다행히 교환받은 새제품은 잘 작동해 좋아요. ",
        "SentimentWord": "6",
        "SentimentPolarity": "1"
      }
    ]
  },
  {
    "Index": "36428",
    "RawText": "제품 품질 좋네요.. 하자 없는 제품으로 받았어요. ^^ 제품 성능 또한 좋아 우리집 아이들 올 겨울 따뜻하다고 좋아합니다. ^^",
    "Source": "쇼핑몰",
    "Domain": "가전",
    "MainCategory": "계절가전",
    "ProductName": "신일전자 SFH-C909MVP 일반구매",
    "ReviewScore": "5",
    "Syllable": "72",
    "Word": "19",
    "RDate": "20191112",
    "GeneralPolarity": "1",
    "Aspects": [
      {
        "Aspect": "품질",
        "SentimentText": "제품 품질 좋네요.. 하자 없는 제품으로 받았어요. ^^",
        "SentimentWord": "8",
        "SentimentPolarity": "1"
      },
      {
        "Aspect": "기능",
        "SentimentText": "제품 성능 또한 좋아 우리집 아이들 올 겨울 따뜻하다고 좋아합니다. ^^",
        "SentimentWord": "11",
        "SentimentPolarity": "1"
      }
    ]
  },
  {
    "Index": "36429",
    "RawText": "제품 품질 만족~! 제품 배송 점수 보통 ~! 제품 가성비는 최상~!  제품 기름 연비 및 전기소비효율 굿 ~!  등유 소모적고 전기세 절약됨. 울트라 킹왕짱~! 구입 대만족~!",
    "Source": "쇼핑몰",
    "Domain": "가전",
    "MainCategory": "계절가전",
    "ProductName": "신일전자 SFH-C909MVP 일반구매",
    "ReviewScore": "5",
    "Syllable": "99",
    "Word": "26",
    "RDate": "20201219",
    "Aspects": [
      {
        "Aspect": "품질",
        "SentimentText": "제품 품질 만족~!",
        "SentimentWord": "3",
        "SentimentPolarity": "1"
      },
      {
        "Aspect": "가격",
        "SentimentText": "제품 가성비는 최상~! ",
        "SentimentWord": "3",
        "SentimentPolarity": "1"
      },
      {
        "Aspect": "소비전력",
        "SentimentText": "제품 기름 연비 및 전기소비효율 굿 ~!  등유 소모적고 전기세 절약됨. ",
        "SentimentWord": "11",
        "SentimentPolarity": "1"
      }
    ]
  },
  {
    "Index": "36430",
    "RawText": "제품은 빠른 배송해주셔서 만족합니다.  다만 윗부분 철판에 흠집이 있어요. ㅜ 스테인레스 소재가 너무 얇아서 찍힘에 취약하네요. ㅜ  급하게 사용해야 하니 그냥 사용하기로 했어요 ㅜ 검수 및 품질향상에  좀더 신경써주세요 ~",
    "Source": "쇼핑몰",
    "Domain": "가전",
    "MainCategory": "계절가전",
    "ProductName": "신일전자 SFH-C909MVP 일반구매",
    "ReviewScore": "5",
    "Syllable": "125",
    "Word": "30",
    "RDate": "20201106",
    "Aspects": [
      {
        "Aspect": "소재",
        "SentimentText": " 윗부분 철판에 흠집이 있어요. ㅜ 스테인레스 소재가 너무 얇아서 찍힘에 취약하네요. ㅜ ",
        "SentimentWord": "12",
        "SentimentPolarity": "-1"
      },
      {
        "Aspect": "품질",
        "SentimentText": "검수 및 품질향상에  좀더 신경써주세요 ~ ",
        "SentimentWord": "6",
        "SentimentPolarity": "-1"
      }
    ]
  },
  {
    "Index": "36431",
    "RawText": "제품은 가격이 저렴해서 좋습니다.  다만,팬 소음이 약간 있는데 예민해서 거슬리네요ㅠ ",
    "Source": "쇼핑몰",
    "Domain": "가전",
    "MainCategory": "계절가전",
    "ProductName": "신일전자 SFH-C909MVP 일반구매",
    "ReviewScore": "4",
    "Syllable": "48",
    "Word": "10",
    "RDate": "20181109",
    "Aspects": [
      {
        "Aspect": "가격",
        "SentimentText": "제품은 가격이 저렴해서 좋습니다. ",
        "SentimentWord": "4",
        "SentimentPolarity": "1"
      },
      {
        "Aspect": "소음",
        "SentimentText": "다만,팬 소음이 약간 있는데 예민해서 거슬리네요ㅠ",
        "SentimentWord": "6",
        "SentimentPolarity": "-1"
      }
    ]
  },
  {
    "Index": "36432",
    "RawText": "제품 불량이 왔네요. ㅜ 철판 윗부분이 들떠 있어요.  사이즈도 생각보다 너무 작아서 별로예요ㅠ  ",
    "Source": "쇼핑몰",
    "Domain": "가전",
    "MainCategory": "계절가전",
    "ProductName": "신일전자 SFH-C909MVP 일반구매",
    "ReviewScore": "3",
    "Syllable": "55",
    "Word": "13",
    "RDate": "20211220",
    "Aspects": [
      {
        "Aspect": "품질",
        "SentimentText": "제품 불량이 왔네요. ㅜ 철판 윗부분이 들떠 있어요. ",
        "SentimentWord": "8",
        "SentimentPolarity": "-1"
      },
      {
        "Aspect": "사이즈",
        "SentimentText": " 사이즈도 생각보다 너무 작아서 별로예요ㅠ",
        "SentimentWord": "5",
        "SentimentPolarity": "-1"
      }
    ]
  },
  {
    "Index": "36433",
    "RawText": "제품의 마감처리가  잘되있고  품질이 좋네요! 약간의 소음이 있어서 살짝 신경쓰이네요...",
    "Source": "쇼핑몰",
    "Domain": "가전",
    "MainCategory": "계절가전",
    "ProductName": "신일전자 SFH-C909MVP 일반구매",
    "ReviewScore": "5",
    "Syllable": "50",
    "Word": "10",
    "RDate": "20180109",
    "GeneralPolarity": "0",
    "Aspects": [
      {
        "Aspect": "품질",
        "SentimentText": "제품의 마감처리가  잘되있고  품질이 좋네요!",
        "SentimentWord": "5",
        "SentimentPolarity": "1"
      },
      {
        "Aspect": "소음",
        "SentimentText": "약간의 소음이 있어서 살짝 신경쓰이네요...",
        "SentimentWord": "5",
        "SentimentPolarity": "0"
      }
    ]
  },
  {
    "Index": "36434",
    "RawText": "제품제조일은 2020년12월 제작년이라 아쉽네요  그리고 색상도 화이트였으면 더욱 깔끔하고 좋았을것같아요^^",
    "Source": "쇼핑몰",
    "Domain": "가전",
    "MainCategory": "계절가전",
    "ProductName": "신일전자 SFH-C909MVP 일반구매",
    "ReviewScore": "5",
    "Syllable": "60",
    "Word": "10",
    "RDate": "20210729",
    "GeneralPolarity": "-1",
    "Aspects": [
      {
        "Aspect": "제조일/제조사",
        "SentimentText": "제품제조일은 2020년12월 제작년이라 아쉽네요",
        "SentimentWord": "4",
        "SentimentPolarity": "-1"
      },
      {
        "Aspect": "색상",
        "SentimentText": "그리고 색상도 화이트였으면 더욱 깔끔하고 좋았을것같아요^^",
        "SentimentWord": "6",
        "SentimentPolarity": "-1"
      }
    ]
  },
  {
    "Index": "36435",
    "RawText": "제품 성능 좋아요 ^^ 다만 처음 켤때 냄개가 나 불편하네요. ㅜ 새제품이라 더 한것 같기도 하구요.  자기 전 환기 한번 시켰더니 자면서는 불편함없이 따뜻하게 잘 잤어요.",
    "Source": "쇼핑몰",
    "Domain": "가전",
    "MainCategory": "계절가전",
    "ProductName": "신일전자 SFH-C909MVP 일반구매",
    "ReviewScore": "5",
    "Syllable": "96",
    "Word": "26",
    "RDate": "20191227",
    "GeneralPolarity": "0",
    "Aspects": [
      {
        "Aspect": "기능",
        "SentimentText": "제품 성능 좋아요 ^^",
        "SentimentWord": "4",
        "SentimentPolarity": "1"
      },
      {
        "Aspect": "품질",
        "SentimentText": "처음 켤때 냄개가 나 불편하네요. ㅜ 새제품이라 더 한것 같기도 하구요. ",
        "SentimentWord": "11",
        "SentimentPolarity": "-1"
      }
    ]
  },
  {
    "Index": "36436",
    "RawText": "제품 성능 좋아요.^^ 다만 실내가 훈훈해지는 만큼 금새 건조해져서 목이 칼칼하니 불편해요. ㅜ  집에서 말고 야외 캠핑용으로만 사용해야겠어요~",
    "Source": "쇼핑몰",
    "Domain": "가전",
    "MainCategory": "계절가전",
    "ProductName": "신일전자 SFH-C909MVP 일반구매",
    "ReviewScore": "5",
    "Syllable": "80",
    "Word": "18",
    "RDate": "20201031",
    "GeneralPolarity": "0",
    "Aspects": [
      {
        "Aspect": "기능",
        "SentimentText": "제품 성능 좋아요.^^",
        "SentimentWord": "3",
        "SentimentPolarity": "1"
      },
      {
        "Aspect": "편의성",
        "SentimentText": "다만 실내가 훈훈해지는 만큼 금새 건조해져서 목이 칼칼하니 불편해요. ㅜ ",
        "SentimentWord": "10",
        "SentimentPolarity": "-1"
      }
    ]
  },
  {
    "Index": "36437",
    "RawText": "주문 후 보니 할인쿠폰이 떴네요. ㅜ 할인 전 가격으로 구입해서 좀 속상해요. ㅜ  그래도 제품 품질은 상당히 좋아 만족해요 ~  생각했던 것보다 기름을 많이 먹어서 난방비 많이 나오겠어요.ㅜ 기름연비효율이 별로네요. ㅜ",
    "Source": "쇼핑몰",
    "Domain": "가전",
    "MainCategory": "계절가전",
    "ProductName": "신일전자 SFH-C909MVP 일반구매",
    "ReviewScore": "5",
    "Syllable": "123",
    "Word": "31",
    "RDate": "20191205",
    "GeneralPolarity": "-1",
    "Aspects": [
      {
        "Aspect": "가격",
        "SentimentText": "주문 후 보니 할인쿠폰이 떴네요. ㅜ 할인 전 가격으로 구입해서 좀 속상해요. ㅜ ",
        "SentimentWord": "13",
        "SentimentPolarity": "-1"
      },
      {
        "Aspect": "품질",
        "SentimentText": "그래도 제품 품질은 상당히 좋아 만족해요 ~ ",
        "SentimentWord": "7",
        "SentimentPolarity": "1"
      },
      {
        "Aspect": "소비전력",
        "SentimentText": "기름을 많이 먹어서 난방비 많이 나오겠어요.ㅜ 기름연비효율이 별로네요. ㅜ",
        "SentimentWord": "9",
        "SentimentPolarity": "-1"
      }
    ]
  },
  {
    "Index": "36439",
    "RawText": "빨리 구입했으면 따뜻하게 겨울을 보내왔을텐데 ㅜㅜ  올해부턴 성능 좋은 이제품 덕분에 아침을 따뜻하게 눈뜨네요. 적극추천합니다. ^^ 기름도 적게 들어가 연비효율이 아주 좋네요. 만족~!",
    "Source": "쇼핑몰",
    "Domain": "가전",
    "MainCategory": "계절가전",
    "ProductName": "신일전자 SFH-C909MVP 일반구매",
    "ReviewScore": "5",
    "Syllable": "104",
    "Word": "23",
    "RDate": "20171127",
    "GeneralPolarity": "1",
    "Aspects": [
      {
        "Aspect": "기능",
        "SentimentText": "올해부턴 성능 좋은 이제품 덕분에 아침을 따뜻하게 눈뜨네요. 적극추천합니다. ^^",
        "SentimentWord": "10",
        "SentimentPolarity": "1"
      },
      {
        "Aspect": "소비전력",
        "SentimentText": "기름도 적게 들어가 연비효율이 아주 좋네요. 만족~! ",
        "SentimentWord": "7",
        "SentimentPolarity": "1"
      }
    ]
  },
  {
    "Index": "36440",
    "RawText": "인기상품이라 정말 어렵게 구했어요.  제품 정말 따뜻해서 성능 좋아요.  타 제품에 비해 소음도 크지 않아서 전 만족합니다. ^^",
    "Source": "쇼핑몰",
    "Domain": "가전",
    "MainCategory": "계절가전",
    "ProductName": "신일전자 SFH-C909MVP 일반구매",
    "ReviewScore": "5",
    "Syllable": "72",
    "Word": "18",
    "RDate": "20201030",
    "GeneralPolarity": "1",
    "Aspects": [
      {
        "Aspect": "기능",
        "SentimentText": "제품 정말 따뜻해서 성능 좋아요. ",
        "SentimentWord": "5",
        "SentimentPolarity": "1"
      },
      {
        "Aspect": "소음",
        "SentimentText": "타 제품에 비해 소음도 크지 않아서 전 만족합니다. ^^ ",
        "SentimentWord": "9",
        "SentimentPolarity": "1"
      }
    ]
  },
  {
    "Index": "36441",
    "RawText": "이제품 사용하고 집안에 온기가 돌아요. 성능 굿 ~! 사용할때 냄새가 많이 나서 머리가 좀 아파요. ㅜ 환기 필수 입니다~!",
    "Source": "쇼핑몰",
    "Domain": "가전",
    "MainCategory": "계절가전",
    "ProductName": "신일전자 SFH-C909MVP 일반구매",
    "ReviewScore": "5",
    "Syllable": "69",
    "Word": "19",
    "RDate": "20181216",
    "GeneralPolarity": "0",
    "Aspects": [
      {
        "Aspect": "기능",
        "SentimentText": "이제품 사용하고 집안에 온기가 돌아요. 성능 굿 ~!",
        "SentimentWord": "8",
        "SentimentPolarity": "1"
      },
      {
        "Aspect": "품질",
        "SentimentText": "사용할때 냄새가 많이 나서 머리가 좀 아파요. ㅜ 환기 필수 입니다~!",
        "SentimentWord": "11",
        "SentimentPolarity": "-1"
      }
    ]
  },
  {
    "Index": "36442",
    "RawText": "온풍기가 집에 필요해 검색 많이 했어요. 여러 제품 살펴보다 이 제품으로 최종 택했네요.  사용중 등유 냄새 거의 안나서 전 만족합니다.  제품 성능도 좋아서 집안이 금새 따뜻해지고 좋습니다.  제품 크기도 집에서 사용하기 딱 적당한 크기라 편리하고 잘샀어요 ^^",
    "Source": "쇼핑몰",
    "Domain": "가전",
    "MainCategory": "계절가전",
    "ProductName": "신일전자 SFH-C909MVP 일반구매",
    "ReviewScore": "5",
    "Syllable": "147",
    "Word": "37",
    "RDate": "20170105",
    "GeneralPolarity": "1",
    "Aspects": [
      {
        "Aspect": "품질",
        "SentimentText": "사용중 등유 냄새 거의 안나서 전 만족합니다. ",
        "SentimentWord": "7",
        "SentimentPolarity": "1"
      },
      {
        "Aspect": "기능",
        "SentimentText": "제품 성능도 좋아서 집안이 금새 따뜻해지고 좋습니다. ",
        "SentimentWord": "7",
        "SentimentPolarity": "1"
      },
      {
        "Aspect": "사이즈",
        "SentimentText": "제품 크기도 집에서 사용하기 딱 적당한 크기라 편리하고 잘샀어요 ^^  ",
        "SentimentWord": "10",
        "SentimentPolarity": "1"
      }
    ]
  },
  {
    "Index": "36443",
    "RawText": "누나가 사용했던 이 제품이 괜찮아 보여 구입했어요 . 집이 추웠는데 이 제품 사고 나서 참 따뜻해졌어요. 성능 좋네요  난방비도 줄어서 상당히 경제적인 제품입니다. 기름 연비가 좋아요. ^^ 아쉬운점은 제품구성에 기금통이 포함되어 있지 않아 개별 구매해야 하는 점은 좀 아쉽네요. ㅜ",
    "Source": "쇼핑몰",
    "Domain": "가전",
    "MainCategory": "계절가전",
    "ProductName": "신일전자 SFH-C909MVP 일반구매",
    "ReviewScore": "5",
    "Syllable": "158",
    "Word": "40",
    "RDate": "20181104",
    "GeneralPolarity": "0",
    "Aspects": [
      {
        "Aspect": "기능",
        "SentimentText": "집이 추웠는데 이 제품 사고 나서 참 따뜻해졌어요. 성능 좋네요 ",
        "SentimentWord": "10",
        "SentimentPolarity": "1"
      },
      {
        "Aspect": "소비전력",
        "SentimentText": "난방비도 줄어서 상당히 경제적인 제품입니다. 기름 연비가 좋아요. ^^",
        "SentimentWord": "9",
        "SentimentPolarity": "1"
      },
      {
        "Aspect": "제품구성",
        "SentimentText": "아쉬운점은 제품구성에 기금통이 포함되어 있지 않아 개별 구매해야 하는 점은 좀 아쉽네요. ㅜ ",
        "SentimentWord": "13",
        "SentimentPolarity": "-1"
      }
    ]
  }
]