[
  {
    "Index": "39336",
    "RawText": "마감이 허술해서 마음에 들지 않습니다. 화이트 색상도 깔끔하지 않아 실망입니다. 회전각도가 넓지않아 아쉽네요. 소음이 적어 시끄럽지 않습니다.",
    "Source": "쇼핑몰",
    "Domain": "가전",
    "MainCategory": "계절가전",
    "ProductName": "르젠 LZEF-DC180",
    "ReviewScore": "4",
    "Syllable": "79",
    "Word": "17",
    "RDate": "20210527",
    "GeneralPolarity": "0",
    "Aspects": [
      {
        "Aspect": "품질",
        "SentimentText": "마감이 허술해서 마음에 들지 않습니다.",
        "SentimentWord": "5",
        "SentimentPolarity": "-1"
      },
      {
        "Aspect": "색상",
        "SentimentText": "화이트 색상도 깔끔하지 않아 실망입니다.",
        "SentimentWord": "5",
        "SentimentPolarity": "-1"
      },
      {
        "Aspect": "기능",
        "SentimentText": "회전각도가 넓지않아 아쉽네요.",
        "SentimentWord": "3",
        "SentimentPolarity": "-1"
      },
      {
        "Aspect": "소음",
        "SentimentText": "소음이 적어 시끄럽지 않습니다.",
        "SentimentWord": "4",
        "SentimentPolarity": "1"
      }
    ]
  },
  {
    "Index": "39337",
    "RawText": "선풍기 바람이 부드러우면서 시원해서 좋습니다. 소음도 거의 나지 않아서 조용해서 마음에 듭니다.",
    "Source": "쇼핑몰",
    "Domain": "가전",
    "MainCategory": "계절가전",
    "ProductName": "르젠 LZEF-DC180",
    "ReviewScore": "5",
    "Syllable": "53",
    "Word": "12",
    "RDate": "20220813",
    "GeneralPolarity": "1",
    "Aspects": [
      {
        "Aspect": "기능",
        "SentimentText": "선풍기 바람이 부드러우면서 시원해서 좋습니다. ",
        "SentimentWord": "5",
        "SentimentPolarity": "1"
      },
      {
        "Aspect": "소음",
        "SentimentText": "소음도 거의 나지 않아서 조용해서 마음에 듭니다.",
        "SentimentWord": "7",
        "SentimentPolarity": "1"
      }
    ]
  },
  {
    "Index": "39338",
    "RawText": "색상이 깔끔해서 예뻐요. 제품 마감상태 훌륭합니다. 바람세기 다양하게 조절 가능하고 소음이 없어 시끄럽지 않아요.",
    "Source": "쇼핑몰",
    "Domain": "가전",
    "MainCategory": "계절가전",
    "ProductName": "르젠 LZEF-DC180",
    "ReviewScore": "5",
    "Syllable": "63",
    "Word": "14",
    "RDate": "20220706",
    "GeneralPolarity": "1",
    "Aspects": [
      {
        "Aspect": "색상",
        "SentimentText": "색상이 깔끔해서 예뻐요.",
        "SentimentWord": "3",
        "SentimentPolarity": "1"
      },
      {
        "Aspect": "품질",
        "SentimentText": "제품 마감상태 훌륭합니다.",
        "SentimentWord": "3",
        "SentimentPolarity": "1"
      },
      {
        "Aspect": "기능",
        "SentimentText": "바람세기 다양하게 조절 가능하고",
        "SentimentWord": "4",
        "SentimentPolarity": "1"
      },
      {
        "Aspect": "소음",
        "SentimentText": "소음이 없어 시끄럽지 않아요.",
        "SentimentWord": "4",
        "SentimentPolarity": "1"
      }
    ]
  },
  {
    "Index": "39339",
    "RawText": "디자인이 너무 깔끔하고 예뻐요~ 10단까지는 소음이 없어서 조용하니 책 읽을때 집중이 잘되요^^",
    "Source": "쇼핑몰",
    "Domain": "가전",
    "MainCategory": "계절가전",
    "ProductName": "르젠 LZEF-DC180",
    "ReviewScore": "4",
    "Syllable": "53",
    "Word": "12",
    "RDate": "20220809",
    "GeneralPolarity": "1",
    "Aspects": [
      {
        "Aspect": "디자인",
        "SentimentText": "디자인이 너무 깔끔하고 예뻐요~",
        "SentimentWord": "4",
        "SentimentPolarity": "1"
      },
      {
        "Aspect": "소음",
        "SentimentText": "10단까지는 소음이 없어서 조용하니 책 읽을때 집중이 잘되요^^",
        "SentimentWord": "8",
        "SentimentPolarity": "1"
      }
    ]
  },
  {
    "Index": "39340",
    "RawText": "여자가 하는데도 조립이 쉽고 금방 할 수 있어 좋아요 바람도 시원하고 멀리멀리 퍼져서 좋아요~~ 소리도 조용하고 미세하게 거슬리는 소음도 없어 좋아요",
    "Source": "쇼핑몰",
    "Domain": "가전",
    "MainCategory": "계절가전",
    "ProductName": "르젠 LZEF-DC180",
    "ReviewScore": "5",
    "Syllable": "83",
    "Word": "21",
    "RDate": "20210621",
    "GeneralPolarity": "1",
    "Aspects": [
      {
        "Aspect": "조작성",
        "SentimentText": "여자가 하는데도 조립이 쉽고 금방 할 수 있어 좋아요",
        "SentimentWord": "9",
        "SentimentPolarity": "1"
      },
      {
        "Aspect": "기능",
        "SentimentText": "바람도 시원하고 멀리멀리 퍼져서 좋아요~~",
        "SentimentWord": "5",
        "SentimentPolarity": "1"
      },
      {
        "Aspect": "소음",
        "SentimentText": "소리도 조용하고 미세하게 거슬리는 소음도 없어 좋아요",
        "SentimentWord": "7",
        "SentimentPolarity": "1"
      }
    ]
  },
  {
    "Index": "39341",
    "RawText": "소음이 적은 편이지만 단계를 높일수록 소음이 심해져서 거슬립니다. 색상이 깔끔하지 않아 아쉽네요.",
    "Source": "쇼핑몰",
    "Domain": "가전",
    "MainCategory": "계절가전",
    "ProductName": "르젠 LZEF-DC180",
    "ReviewScore": "4",
    "Syllable": "54",
    "Word": "12",
    "RDate": "20220803",
    "GeneralPolarity": "0",
    "Aspects": [
      {
        "Aspect": "소음",
        "SentimentText": "소음이 적은 편이지만 단계를 높일수록 소음이 심해져서 거슬립니다.",
        "SentimentWord": "8",
        "SentimentPolarity": "0"
      },
      {
        "Aspect": "색상",
        "SentimentText": "색상이 깔끔하지 않아 아쉽네요.",
        "SentimentWord": "4",
        "SentimentPolarity": "-1"
      }
    ]
  },
  {
    "Index": "39343",
    "RawText": "색상이 고급스러운 느낌의 그레이라 분위기 있고 좋네요 진짜 너무너무 조용해서 맘에 들어요~",
    "Source": "쇼핑몰",
    "Domain": "가전",
    "MainCategory": "계절가전",
    "ProductName": "르젠 LZEF-DC180",
    "ReviewScore": "5",
    "Syllable": "50",
    "Word": "12",
    "RDate": "20210506",
    "GeneralPolarity": "1",
    "Aspects": [
      {
        "Aspect": "색상",
        "SentimentText": "색상이 고급스러운 느낌의 그레이라 분위기 있고 좋네요",
        "SentimentWord": "7",
        "SentimentPolarity": "1"
      },
      {
        "Aspect": "소음",
        "SentimentText": "진짜 너무너무 조용해서 맘에 들어요~",
        "SentimentWord": "5",
        "SentimentPolarity": "1"
      }
    ]
  },
  {
    "Index": "39346",
    "RawText": "선풍기 바람이 부드럽고 시원해서 좋고 다양한 바람세기 기능도 있어서 너무 좋아요~ 반면에 플라스틱 재질이 싼티나서 좀 아쉽네요ㅜ",
    "Source": "쇼핑몰",
    "Domain": "가전",
    "MainCategory": "계절가전",
    "ProductName": "르젠 LZEF-DC180",
    "ReviewScore": "5",
    "Syllable": "71",
    "Word": "17",
    "RDate": "20180709",
    "GeneralPolarity": "0",
    "Aspects": [
      {
        "Aspect": "기능",
        "SentimentText": "선풍기 바람이 부드럽고 시원해서 좋고 다양한 바람세기 기능도 있어서 너무 좋아요~",
        "SentimentWord": "11",
        "SentimentPolarity": "1"
      },
      {
        "Aspect": "소재",
        "SentimentText": "반면에 플라스틱 재질이 싼티나서 좀 아쉽네요ㅜ",
        "SentimentWord": "6",
        "SentimentPolarity": "-1"
      }
    ]
  },
  {
    "Index": "39347",
    "RawText": "풍량을 세게 틀어야만 시원한게 느껴져서 별로예요  소음도 6단계까지만 괜찮고 그 이상은 시끄러워서 맘에 안듭니다.",
    "Source": "쇼핑몰",
    "Domain": "가전",
    "MainCategory": "계절가전",
    "ProductName": "르젠 LZEF-DC180",
    "ReviewScore": "4",
    "Syllable": "63",
    "Word": "14",
    "RDate": "20190517",
    "GeneralPolarity": "-1",
    "Aspects": [
      {
        "Aspect": "기능",
        "SentimentText": "풍량을 세게 틀어야만 시원한게 느껴져서 별로예요",
        "SentimentWord": "6",
        "SentimentPolarity": "-1"
      },
      {
        "Aspect": "소음",
        "SentimentText": " 소음도 6단계까지만 괜찮고 그 이상은 시끄러워서 맘에 안듭니다.",
        "SentimentWord": "8",
        "SentimentPolarity": "-1"
      }
    ]
  },
  {
    "Index": "39348",
    "RawText": "세일 할 때 저렴한 가격에 구매해서 만족해요~~ 키 크고 깔끔한 디자인은 딱 제 취향~~",
    "Source": "쇼핑몰",
    "Domain": "가전",
    "MainCategory": "계절가전",
    "ProductName": "르젠 LZEF-DC180",
    "ReviewScore": "5",
    "Syllable": "49",
    "Word": "14",
    "RDate": "20210525",
    "GeneralPolarity": "1",
    "Aspects": [
      {
        "Aspect": "가격",
        "SentimentText": "세일 할 때 저렴한 가격에 구매해서 만족해요~~",
        "SentimentWord": "7",
        "SentimentPolarity": "1"
      },
      {
        "Aspect": "디자인",
        "SentimentText": "키 크고 깔끔한 디자인은 딱 제 취향~~",
        "SentimentWord": "7",
        "SentimentPolarity": "1"
      }
    ]
  },
  {
    "Index": "39349",
    "RawText": "소음이 거의 없어서 만족해요. 조립도 쉽고 무엇보다 휴대폰 어플을 깔면 사용이 더 편리해요.",
    "Source": "쇼핑몰",
    "Domain": "가전",
    "MainCategory": "계절가전",
    "ProductName": "르젠 LZEF-DC180",
    "ReviewScore": "5",
    "Syllable": "51",
    "Word": "13",
    "RDate": "20220729",
    "GeneralPolarity": "1",
    "Aspects": [
      {
        "Aspect": "소음",
        "SentimentText": "소음이 거의 없어서 만족해요.",
        "SentimentWord": "4",
        "SentimentPolarity": "1"
      },
      {
        "Aspect": "조작성",
        "SentimentText": "조립도 쉽고",
        "SentimentWord": "2",
        "SentimentPolarity": "1"
      },
      {
        "Aspect": "편의성",
        "SentimentText": "휴대폰 어플을 깔면 사용이 더 편리해요.",
        "SentimentWord": "6",
        "SentimentPolarity": "1"
      }
    ]
  },
  {
    "Index": "39350",
    "RawText": "소리가 조용해요 하나도 안들려서 좋아요! 시원하는거는 모터가 힘이 좋아서 두말할 것 없이 최고예요~ 앱으로도 사용 할 수 있어서 편리합니다",
    "Source": "쇼핑몰",
    "Domain": "가전",
    "MainCategory": "계절가전",
    "ProductName": "르젠 LZEF-DC180",
    "ReviewScore": "5",
    "Syllable": "77",
    "Word": "19",
    "RDate": "20220614",
    "GeneralPolarity": "1",
    "Aspects": [
      {
        "Aspect": "소음",
        "SentimentText": "소리가 조용해요 하나도 안들려서 좋아요!",
        "SentimentWord": "5",
        "SentimentPolarity": "1"
      },
      {
        "Aspect": "기능",
        "SentimentText": "시원하는거는 모터가 힘이 좋아서 두말할 것 없이 최고예요~",
        "SentimentWord": "8",
        "SentimentPolarity": "1"
      },
      {
        "Aspect": "편의성",
        "SentimentText": "앱으로도 사용 할 수 있어서 편리합니다",
        "SentimentWord": "6",
        "SentimentPolarity": "1"
      }
    ]
  },
  {
    "Index": "39352",
    "RawText": "선풍기 소음은 좀 나는데 거슬리는 정도는 아니라서 괜찮아요. 조립도 간편하고 조작법도 쉬워서 편해요~",
    "Source": "쇼핑몰",
    "Domain": "가전",
    "MainCategory": "계절가전",
    "ProductName": "르젠 LZEF-DC180",
    "ReviewScore": "5",
    "Syllable": "56",
    "Word": "13",
    "RDate": "20220524",
    "GeneralPolarity": "1",
    "Aspects": [
      {
        "Aspect": "소음",
        "SentimentText": "선풍기 소음은 좀 나는데 거슬리는 정도는 아니라서 괜찮아요.",
        "SentimentWord": "8",
        "SentimentPolarity": "0"
      },
      {
        "Aspect": "조작성",
        "SentimentText": "조립도 간편하고 조작법도 쉬워서 편해요~",
        "SentimentWord": "5",
        "SentimentPolarity": "1"
      }
    ]
  },
  {
    "Index": "39353",
    "RawText": "작동하면 소음이 하나도 안들려요 조용해서 좋아요 디자인도 군더더기 없이 깔끔해서 좋네요! 침대에서 사용하기 높이가 높아서 편리해요",
    "Source": "쇼핑몰",
    "Domain": "가전",
    "MainCategory": "계절가전",
    "ProductName": "르젠 LZEF-DC180",
    "ReviewScore": "5",
    "Syllable": "72",
    "Word": "16",
    "RDate": "20220805",
    "GeneralPolarity": "1",
    "Aspects": [
      {
        "Aspect": "소음",
        "SentimentText": "작동하면 소음이 하나도 안들려요 조용해서 좋아요",
        "SentimentWord": "6",
        "SentimentPolarity": "1"
      },
      {
        "Aspect": "디자인",
        "SentimentText": "디자인도 군더더기 없이 깔끔해서 좋네요!",
        "SentimentWord": "5",
        "SentimentPolarity": "1"
      },
      {
        "Aspect": "편의성",
        "SentimentText": "침대에서 사용하기 높이가 높아서 편리해요 ",
        "SentimentWord": "5",
        "SentimentPolarity": "1"
      }
    ]
  },
  {
    "Index": "39354",
    "RawText": "올 화이트 인줄 알았는데 날개와 헤드만 크림색상이라 별로예요 소음도 생각보다 없어서 괜찮네요",
    "Source": "쇼핑몰",
    "Domain": "가전",
    "MainCategory": "계절가전",
    "ProductName": "르젠 LZEF-DC180",
    "ReviewScore": "5",
    "Syllable": "51",
    "Word": "12",
    "RDate": "20210617",
    "GeneralPolarity": "0",
    "Aspects": [
      {
        "Aspect": "색상",
        "SentimentText": "올 화이트 인줄 알았는데 날개와 헤드만 크림색상이라 별로예요",
        "SentimentWord": "8",
        "SentimentPolarity": "-1"
      },
      {
        "Aspect": "소음",
        "SentimentText": "소음도 생각보다 없어서 괜찮네요",
        "SentimentWord": "4",
        "SentimentPolarity": "1"
      }
    ]
  },
  {
    "Index": "39355",
    "RawText": "소음은 바람세기가 높을때 좀 나는데  신경쓰일 정도는 아니예요. 선풍기 고장없이 잘 사용하고 있어서 만족해요~",
    "Source": "쇼핑몰",
    "Domain": "가전",
    "MainCategory": "계절가전",
    "ProductName": "르젠 LZEF-DC180",
    "ReviewScore": "4",
    "Syllable": "61",
    "Word": "14",
    "RDate": "20220812",
    "GeneralPolarity": "1",
    "Aspects": [
      {
        "Aspect": "소음",
        "SentimentText": "소음은 바람세기가 높을때 좀 나는데 신경쓰일 정도는 아니예요.",
        "SentimentWord": "8",
        "SentimentPolarity": "0"
      },
      {
        "Aspect": "품질",
        "SentimentText": "선풍기 고장없이 잘 사용하고 있어서 만족해요~",
        "SentimentWord": "6",
        "SentimentPolarity": "1"
      }
    ]
  },
  {
    "Index": "39356",
    "RawText": "마감이 그렇게 썩 좋진 않지만 제품은 만족합니다~ 소재도 고급스러운 느낌은 없어서 아쉽네요 세게 틀 것도 없이 1단으로 틀어도 시원하고 딱이예요",
    "Source": "쇼핑몰",
    "Domain": "가전",
    "MainCategory": "계절가전",
    "ProductName": "르젠 LZEF-DC180",
    "ReviewScore": "5",
    "Syllable": "80",
    "Word": "20",
    "RDate": "20220622",
    "GeneralPolarity": "0",
    "Aspects": [
      {
        "Aspect": "품질",
        "SentimentText": "마감이 그렇게 썩 좋진 않지만",
        "SentimentWord": "5",
        "SentimentPolarity": "0"
      },
      {
        "Aspect": "기능",
        "SentimentText": "세게 틀 것도 없이 1단으로 틀어도 시원하고 딱이예요",
        "SentimentWord": "8",
        "SentimentPolarity": "1"
      },
      {
        "Aspect": "소재",
        "SentimentText": "소재도 고급스러운 느낌은 없어서 아쉽네요",
        "SentimentWord": "5",
        "SentimentPolarity": "-1"
      }
    ]
  },
  {
    "Index": "39357",
    "RawText": "속도 조절이 되지 않고 리모컨도 불량이네요. 색상도 블랙인데 챠콜같은 빛바랜 느낌이네요 별로에요...",
    "Source": "쇼핑몰",
    "Domain": "가전",
    "MainCategory": "계절가전",
    "ProductName": "르젠 LZEF-DC180",
    "ReviewScore": "1",
    "Syllable": "56",
    "Word": "12",
    "RDate": "20190701",
    "GeneralPolarity": "-1",
    "Aspects": [
      {
        "Aspect": "품질",
        "SentimentText": "속도 조절이 되지 않고 리모컨도 불량이네요.",
        "SentimentWord": "6",
        "SentimentPolarity": "-1"
      },
      {
        "Aspect": "색상",
        "SentimentText": "색상도 블랙인데 챠콜같은 빛바랜 느낌이네요 별로에요...",
        "SentimentWord": "6",
        "SentimentPolarity": "-1"
      }
    ]
  },
  {
    "Index": "39358",
    "RawText": "디자인이 심플하고 예쁩니다~소음도 없는편이라서 조용하니 마음에 드네요. 1단계는 초미풍 바람이라  미세하게 불어서 잠잘때 맞춰놓으면 좋습니다.",
    "Source": "쇼핑몰",
    "Domain": "가전",
    "MainCategory": "계절가전",
    "ProductName": "르젠 LZEF-DC180",
    "ReviewScore": "5",
    "Syllable": "79",
    "Word": "15",
    "RDate": "20210514",
    "GeneralPolarity": "1",
    "Aspects": [
      {
        "Aspect": "디자인",
        "SentimentText": "디자인이 심플하고 예쁩니다~",
        "SentimentWord": "3",
        "SentimentPolarity": "1"
      },
      {
        "Aspect": "소음",
        "SentimentText": "소음도 없는편이라서 조용하니 마음에 드네요.",
        "SentimentWord": "5",
        "SentimentPolarity": "1"
      },
      {
        "Aspect": "기능",
        "SentimentText": "1단계는 초미풍 바람이라  미세하게 불어서 잠잘때 맞춰놓으면 좋습니다.",
        "SentimentWord": "8",
        "SentimentPolarity": "1"
      }
    ]
  },
  {
    "Index": "39359",
    "RawText": "선풍기 소음은 거의 없어서 정말 조용하고 좋습니다. 스마트폰과 연동해서 편리하게 사용할 수 있어서 너무 편합니다~",
    "Source": "쇼핑몰",
    "Domain": "가전",
    "MainCategory": "계절가전",
    "ProductName": "르젠 LZEF-DC180",
    "ReviewScore": "5",
    "Syllable": "63",
    "Word": "15",
    "RDate": "20220629",
    "GeneralPolarity": "1",
    "Aspects": [
      {
        "Aspect": "소음",
        "SentimentText": "선풍기 소음은 거의 없어서 정말 조용하고 좋습니다. ",
        "SentimentWord": "7",
        "SentimentPolarity": "1"
      },
      {
        "Aspect": "편의성",
        "SentimentText": "스마트폰과 연동해서 편리하게 사용할 수 있어서 너무 편합니다~",
        "SentimentWord": "8",
        "SentimentPolarity": "1"
      }
    ]
  },
  {
    "Index": "39360",
    "RawText": "디자인이 깔끔하니 예뻐요~선풍기 바람도 시원하면서 부드러워요^^",
    "Source": "쇼핑몰",
    "Domain": "가전",
    "MainCategory": "계절가전",
    "ProductName": "르젠 LZEF-DC180",
    "ReviewScore": "5",
    "Syllable": "35",
    "Word": "6",
    "RDate": "20210524",
    "GeneralPolarity": "1",
    "Aspects": [
      {
        "Aspect": "디자인",
        "SentimentText": "디자인이 깔끔하니 예뻐요~",
        "SentimentWord": "3",
        "SentimentPolarity": "1"
      },
      {
        "Aspect": "기능",
        "SentimentText": "선풍기 바람도 시원하면서 부드러워요^^",
        "SentimentWord": "4",
        "SentimentPolarity": "1"
      }
    ]
  },
  {
    "Index": "39361",
    "RawText": "헤드도 흔들리고 높이조절할때 뻑뻑하고 사용할때 너무 불편해요 색상도 화이트가 아니라 누런색같아 보여요",
    "Source": "쇼핑몰",
    "Domain": "가전",
    "MainCategory": "계절가전",
    "ProductName": "르젠 LZEF-DC180",
    "ReviewScore": "5",
    "Syllable": "56",
    "Word": "12",
    "RDate": "20180623",
    "GeneralPolarity": "-1",
    "Aspects": [
      {
        "Aspect": "편의성",
        "SentimentText": "헤드도 흔들리고 높이조절할때 뻑뻑하고 사용할때 너무 불편해요",
        "SentimentWord": "7",
        "SentimentPolarity": "-1"
      },
      {
        "Aspect": "색상",
        "SentimentText": "색상도 화이트가 아니라 누런색같아 보여요",
        "SentimentWord": "5",
        "SentimentPolarity": "-1"
      }
    ]
  },
  {
    "Index": "39362",
    "RawText": "잠잘때 1~2단에 맞춰놓으니 소음도 없고 조용해서 아기 있는 집에는 필수인 것 같아요 ㅎ 바람도 잘 나오고 강하지 않아 부드러워서 참 좋아요^^",
    "Source": "쇼핑몰",
    "Domain": "가전",
    "MainCategory": "계절가전",
    "ProductName": "르젠 LZEF-DC180",
    "ReviewScore": "5",
    "Syllable": "80",
    "Word": "21",
    "RDate": "20180625",
    "GeneralPolarity": "1",
    "Aspects": [
      {
        "Aspect": "소음",
        "SentimentText": "잠잘때 1~2단에 맞춰놓으니 소음도 없고 조용해서 아기 있는 집에는 필수인 것 같아요 ㅎ",
        "SentimentWord": "13",
        "SentimentPolarity": "1"
      },
      {
        "Aspect": "기능",
        "SentimentText": "바람도 잘 나오고 강하지 않아 부드러워서 참 좋아요^^",
        "SentimentWord": "8",
        "SentimentPolarity": "1"
      }
    ]
  },
  {
    "Index": "39363",
    "RawText": "바람세기가 미세해서 약한 단계에서도 자연풍처럼 시원하고 좋네요 소음도 안들릴정도로 조용해서 만족해요",
    "Source": "쇼핑몰",
    "Domain": "가전",
    "MainCategory": "계절가전",
    "ProductName": "르젠 LZEF-DC180",
    "ReviewScore": "5",
    "Syllable": "55",
    "Word": "11",
    "RDate": "20180703",
    "GeneralPolarity": "1",
    "Aspects": [
      {
        "Aspect": "기능",
        "SentimentText": "바람세기가 미세해서 약한 단계에서도 자연풍처럼 시원하고 좋네요",
        "SentimentWord": "7",
        "SentimentPolarity": "1"
      },
      {
        "Aspect": "소음",
        "SentimentText": "소음도 안들릴정도로 조용해서 만족해요",
        "SentimentWord": "4",
        "SentimentPolarity": "1"
      }
    ]
  },
  {
    "Index": "39364",
    "RawText": "소음이 없이 조용해서 좋네요~~ 재질은 고급스럽지 않고 싸구려틱해서 별로예요 ",
    "Source": "쇼핑몰",
    "Domain": "가전",
    "MainCategory": "계절가전",
    "ProductName": "르젠 LZEF-DC180",
    "ReviewScore": "5",
    "Syllable": "43",
    "Word": "9",
    "RDate": "20220711",
    "GeneralPolarity": "0",
    "Aspects": [
      {
        "Aspect": "소음",
        "SentimentText": "소음이 없이 조용해서 좋네요~~",
        "SentimentWord": "4",
        "SentimentPolarity": "1"
      },
      {
        "Aspect": "소재",
        "SentimentText": "재질은 고급스럽지 않고 싸구려틱해서 별로예요",
        "SentimentWord": "5",
        "SentimentPolarity": "-1"
      }
    ]
  },
  {
    "Index": "39365",
    "RawText": "바람이 부드럽고 바람세기가 세분화되어 있는 기능이 좋아요~ 선풍기 무게도 가벼워서 옮기기도 좋구요^^",
    "Source": "쇼핑몰",
    "Domain": "가전",
    "MainCategory": "계절가전",
    "ProductName": "르젠 LZEF-DC180",
    "ReviewScore": "5",
    "Syllable": "56",
    "Word": "12",
    "RDate": "20210513",
    "GeneralPolarity": "1",
    "Aspects": [
      {
        "Aspect": "기능",
        "SentimentText": "바람이 부드럽고 바람세기가 세분화되어 있는 기능이 좋아요~ ",
        "SentimentWord": "7",
        "SentimentPolarity": "1"
      },
      {
        "Aspect": "무게",
        "SentimentText": " 선풍기 무게도 가벼워서 옮기기도 좋구요^^",
        "SentimentWord": "5",
        "SentimentPolarity": "1"
      }
    ]
  },
  {
    "Index": "39367",
    "RawText": "수면풍으로 취침시에도 시원하게 잘 사용합니다 진짜 조용해요~ 대박!!!",
    "Source": "쇼핑몰",
    "Domain": "가전",
    "MainCategory": "계절가전",
    "ProductName": "르젠 LZEF-DC180",
    "ReviewScore": "5",
    "Syllable": "39",
    "Word": "8",
    "RDate": "20210617",
    "GeneralPolarity": "1",
    "Aspects": [
      {
        "Aspect": "기능",
        "SentimentText": "수면풍으로 취침시에도 시원하게 잘 사용합니다",
        "SentimentWord": "5",
        "SentimentPolarity": "1"
      },
      {
        "Aspect": "소음",
        "SentimentText": "진짜 조용해요~ 대박!!!",
        "SentimentWord": "3",
        "SentimentPolarity": "1"
      }
    ]
  },
  {
    "Index": "39368",
    "RawText": "깔끔한 디자인이 어디서든 잘 어울려서 좋아요. 소음이 없어서 정말 마음에 드네요~~ 세기 조절도 다양하게 할 수 있어 만족합니다.",
    "Source": "쇼핑몰",
    "Domain": "가전",
    "MainCategory": "계절가전",
    "ProductName": "르젠 LZEF-DC180",
    "ReviewScore": "5",
    "Syllable": "72",
    "Word": "18",
    "RDate": "20210519",
    "GeneralPolarity": "1",
    "Aspects": [
      {
        "Aspect": "디자인",
        "SentimentText": "깔끔한 디자인이 어디서든 잘 어울려서 좋아요.",
        "SentimentWord": "6",
        "SentimentPolarity": "1"
      },
      {
        "Aspect": "소음",
        "SentimentText": "소음이 없어서 정말 마음에 드네요~~",
        "SentimentWord": "5",
        "SentimentPolarity": "1"
      },
      {
        "Aspect": "기능",
        "SentimentText": "세기 조절도 다양하게 할 수 있어 만족합니다.",
        "SentimentWord": "7",
        "SentimentPolarity": "1"
      }
    ]
  },
  {
    "Index": "39369",
    "RawText": "디자인이 예뻐서 어디든 깔끔하게 잘 어울려서 마음에 들어요. 상하 회전 기능이 없는 제품이라는 점이 아쉽네요.",
    "Source": "쇼핑몰",
    "Domain": "가전",
    "MainCategory": "계절가전",
    "ProductName": "르젠 LZEF-DC180",
    "ReviewScore": "5",
    "Syllable": "61",
    "Word": "15",
    "RDate": "20220716",
    "GeneralPolarity": "0",
    "Aspects": [
      {
        "Aspect": "디자인",
        "SentimentText": "디자인이 예뻐서 어디든 깔끔하게 잘 어울려서 마음에 들어요.",
        "SentimentWord": "8",
        "SentimentPolarity": "1"
      },
      {
        "Aspect": "기능",
        "SentimentText": "상하 회전 기능이 없는 제품이라는 점이 아쉽네요.",
        "SentimentWord": "7",
        "SentimentPolarity": "-1"
      }
    ]
  },
  {
    "Index": "39370",
    "RawText": "깔끔한 디자인 마음에 드네요. 바람세기를 높여도 소음이 큰 편이 아니라 좋아요.",
    "Source": "쇼핑몰",
    "Domain": "가전",
    "MainCategory": "계절가전",
    "ProductName": "르젠 LZEF-DC180",
    "ReviewScore": "5",
    "Syllable": "44",
    "Word": "11",
    "RDate": "20220612",
    "GeneralPolarity": "1",
    "Aspects": [
      {
        "Aspect": "디자인",
        "SentimentText": "깔끔한 디자인 마음에 드네요.",
        "SentimentWord": "4",
        "SentimentPolarity": "1"
      },
      {
        "Aspect": "소음",
        "SentimentText": "바람세기를 높여도 소음이 큰 편이 아니라 좋아요.",
        "SentimentWord": "7",
        "SentimentPolarity": "1"
      }
    ]
  },
  {
    "Index": "39372",
    "RawText": "소재가 플라스틱으로 되어 있어 아이들이 쓰기에 안전하고 좋아요   바람도 잘 나오고 어디 하나 빠진 기능 없이 잘 되서 좋아요",
    "Source": "쇼핑몰",
    "Domain": "가전",
    "MainCategory": "계절가전",
    "ProductName": "르젠 LZEF-DC180",
    "ReviewScore": "5",
    "Syllable": "70",
    "Word": "19",
    "RDate": "20200623",
    "GeneralPolarity": "1",
    "Aspects": [
      {
        "Aspect": "소재",
        "SentimentText": "소재가 플라스틱으로 되어 있어 아이들이 쓰기에 안전하고 좋아요 ",
        "SentimentWord": "8",
        "SentimentPolarity": "1"
      },
      {
        "Aspect": "기능",
        "SentimentText": "바람도 잘 나오고 어디 하나 빠진 기능 없이 잘 되서 좋아요",
        "SentimentWord": "11",
        "SentimentPolarity": "1"
      }
    ]
  },
  {
    "Index": "39373",
    "RawText": "앱으로 선풍기 바람세기 조절이 안되요 ㅜ 무게가 가벼워서 작동할때 떨림이 있어 별로네요",
    "Source": "쇼핑몰",
    "Domain": "가전",
    "MainCategory": "계절가전",
    "ProductName": "르젠 LZEF-DC180",
    "ReviewScore": "4",
    "Syllable": "48",
    "Word": "12",
    "RDate": "20220718",
    "GeneralPolarity": "-1",
    "Aspects": [
      {
        "Aspect": "기능",
        "SentimentText": "앱으로 선풍기 바람세기 조절이 안되요 ㅜ",
        "SentimentWord": "6",
        "SentimentPolarity": "-1"
      },
      {
        "Aspect": "무게",
        "SentimentText": "무게가 가벼워서 작동할때 떨림이 있어 별로네요",
        "SentimentWord": "6",
        "SentimentPolarity": "-1"
      }
    ]
  },
  {
    "Index": "39374",
    "RawText": "설명서를 봐도 앱 연동이 어렵고 90도로 꺾여야하는데 꺾이지 않는 불량 제품이 왔네요. 실망이에요. ",
    "Source": "쇼핑몰",
    "Domain": "가전",
    "MainCategory": "계절가전",
    "ProductName": "르젠 LZEF-DC180",
    "ReviewScore": "3",
    "Syllable": "56",
    "Word": "13",
    "RDate": "20200619",
    "GeneralPolarity": "-1",
    "Aspects": [
      {
        "Aspect": "조작성",
        "SentimentText": "설명서를 봐도 앱 연동이 어렵고",
        "SentimentWord": "5",
        "SentimentPolarity": "-1"
      },
      {
        "Aspect": "품질",
        "SentimentText": "90도로 꺾여야하는데 꺾이지 않는 불량 제품이 왔네요. 실망이에요.",
        "SentimentWord": "8",
        "SentimentPolarity": "-1"
      }
    ]
  },
  {
    "Index": "39377",
    "RawText": "디자인이 정말 예뻐요. 무엇보다 가벼운 무게에 만족합니다.",
    "Source": "쇼핑몰",
    "Domain": "가전",
    "MainCategory": "계절가전",
    "ProductName": "르젠 LZEF-DC180",
    "ReviewScore": "4",
    "Syllable": "32",
    "Word": "7",
    "RDate": "20180510",
    "GeneralPolarity": "1",
    "Aspects": [
      {
        "Aspect": "디자인",
        "SentimentText": "디자인이 정말 예뻐요.",
        "SentimentWord": "3",
        "SentimentPolarity": "1"
      },
      {
        "Aspect": "무게",
        "SentimentText": "가벼운 무게에 만족합니다.",
        "SentimentWord": "3",
        "SentimentPolarity": "1"
      }
    ]
  },
  {
    "Index": "39378",
    "RawText": "깔끔한 디자인이 마음에 들고 24단 조절이 가능해서 좋아요. 가성비 좋은 제품 구입해서 만족합니다.",
    "Source": "쇼핑몰",
    "Domain": "가전",
    "MainCategory": "계절가전",
    "ProductName": "르젠 LZEF-DC180",
    "ReviewScore": "5",
    "Syllable": "55",
    "Word": "13",
    "RDate": "20190601",
    "GeneralPolarity": "1",
    "Aspects": [
      {
        "Aspect": "디자인",
        "SentimentText": "깔끔한 디자인이 마음에 들고",
        "SentimentWord": "4",
        "SentimentPolarity": "1"
      },
      {
        "Aspect": "기능",
        "SentimentText": "24단 조절이 가능해서 좋아요.",
        "SentimentWord": "4",
        "SentimentPolarity": "1"
      },
      {
        "Aspect": "가격",
        "SentimentText": "가성비 좋은 제품 구입해서 만족합니다.",
        "SentimentWord": "5",
        "SentimentPolarity": "1"
      }
    ]
  },
  {
    "Index": "39379",
    "RawText": "색상이 전체 통일감이 없어서 아쉽네요..   제품 퀄리티가 별로예요~ 너무 약해보입니다",
    "Source": "쇼핑몰",
    "Domain": "가전",
    "MainCategory": "계절가전",
    "ProductName": "르젠 LZEF-DC180",
    "ReviewScore": "3",
    "Syllable": "48",
    "Word": "10",
    "RDate": "20220624",
    "GeneralPolarity": "-1",
    "Aspects": [
      {
        "Aspect": "색상",
        "SentimentText": "색상이 전체 통일감이 없어서 아쉽네요.. ",
        "SentimentWord": "5",
        "SentimentPolarity": "-1"
      },
      {
        "Aspect": "품질",
        "SentimentText": "제품 퀄리티가 별로예요~ 너무 약해보입니다 ",
        "SentimentWord": "5",
        "SentimentPolarity": "-1"
      }
    ]
  },
  {
    "Index": "39380",
    "RawText": "선풍기 날개마감이 별로라 작동하면 머리가 떨리네요 올 화이트라 색상은 예뻐요~  가성비 좋아요",
    "Source": "쇼핑몰",
    "Domain": "가전",
    "MainCategory": "계절가전",
    "ProductName": "르젠 LZEF-DC180",
    "ReviewScore": "4",
    "Syllable": "52",
    "Word": "12",
    "RDate": "20190720",
    "GeneralPolarity": "0",
    "Aspects": [
      {
        "Aspect": "품질",
        "SentimentText": "선풍기 날개마감이 별로라 작동하면 머리가 떨리네요",
        "SentimentWord": "6",
        "SentimentPolarity": "-1"
      },
      {
        "Aspect": "색상",
        "SentimentText": "올 화이트라 색상은 예뻐요~",
        "SentimentWord": "4",
        "SentimentPolarity": "1"
      },
      {
        "Aspect": "가격",
        "SentimentText": "가성비 좋아요",
        "SentimentWord": "2",
        "SentimentPolarity": "1"
      }
    ]
  },
  {
    "Index": "39381",
    "RawText": "저렴한 가격에 구입했어요 :) 소음이 정말 적네요! 풍량이 좋아서 특히 만족합니다.",
    "Source": "쇼핑몰",
    "Domain": "가전",
    "MainCategory": "계절가전",
    "ProductName": "르젠 LZEF-DC180",
    "ReviewScore": "5",
    "Syllable": "46",
    "Word": "11",
    "RDate": "20220428",
    "GeneralPolarity": "1",
    "Aspects": [
      {
        "Aspect": "가격",
        "SentimentText": "저렴한 가격에 구입했어요 :)",
        "SentimentWord": "4",
        "SentimentPolarity": "1"
      },
      {
        "Aspect": "소음",
        "SentimentText": "소음이 정말 적네요!",
        "SentimentWord": "3",
        "SentimentPolarity": "1"
      },
      {
        "Aspect": "기능",
        "SentimentText": "풍량이 좋아서 특히 만족합니다.",
        "SentimentWord": "4",
        "SentimentPolarity": "1"
      }
    ]
  },
  {
    "Index": "39382",
    "RawText": "저렴한 가격에 구매해서 만족해요~~ 바람도 잘나오고 회전도 잘되고 성능이 좋네요!",
    "Source": "쇼핑몰",
    "Domain": "가전",
    "MainCategory": "계절가전",
    "ProductName": "르젠 LZEF-DC180",
    "ReviewScore": "5",
    "Syllable": "45",
    "Word": "10",
    "RDate": "20190523",
    "GeneralPolarity": "1",
    "Aspects": [
      {
        "Aspect": "가격",
        "SentimentText": "저렴한 가격에 구매해서 만족해요~~",
        "SentimentWord": "4",
        "SentimentPolarity": "1"
      },
      {
        "Aspect": "기능",
        "SentimentText": "바람도 잘나오고 회전도 잘되고 성능이 좋네요!",
        "SentimentWord": "6",
        "SentimentPolarity": "1"
      }
    ]
  },
  {
    "Index": "39383",
    "RawText": "소음이 적어서 시끄럽지 않아요. 바람세기가 시원해서 만족합니다.",
    "Source": "쇼핑몰",
    "Domain": "가전",
    "MainCategory": "계절가전",
    "ProductName": "르젠 LZEF-DC180",
    "ReviewScore": "5",
    "Syllable": "35",
    "Word": "7",
    "RDate": "20210515",
    "GeneralPolarity": "1",
    "Aspects": [
      {
        "Aspect": "소음",
        "SentimentText": "소음이 적어서 시끄럽지 않아요.",
        "SentimentWord": "4",
        "SentimentPolarity": "1"
      },
      {
        "Aspect": "기능",
        "SentimentText": "바람세기가 시원해서 만족합니다.",
        "SentimentWord": "3",
        "SentimentPolarity": "1"
      }
    ]
  },
  {
    "Index": "39384",
    "RawText": "디자인이 화면보다 훨씬 고급지고 세련되어 맘에 들어요~~ 리모콘도 되고 앱으로도 사용 할 수 있어 편리합니다~~ 소음도 없이 조용하고 만족합니다.",
    "Source": "쇼핑몰",
    "Domain": "가전",
    "MainCategory": "계절가전",
    "ProductName": "르젠 LZEF-DC180",
    "ReviewScore": "5",
    "Syllable": "81",
    "Word": "19",
    "RDate": "20220719",
    "GeneralPolarity": "1",
    "Aspects": [
      {
        "Aspect": "디자인",
        "SentimentText": "디자인이 화면보다 훨씬 고급지고 세련되어 맘에 들어요~~",
        "SentimentWord": "7",
        "SentimentPolarity": "1"
      },
      {
        "Aspect": "편의성",
        "SentimentText": "리모콘도 되고 앱으로도 사용 할 수 있어 편리합니다~~",
        "SentimentWord": "8",
        "SentimentPolarity": "1"
      },
      {
        "Aspect": "소음",
        "SentimentText": "소음도 없이 조용하고 만족합니다.",
        "SentimentWord": "4",
        "SentimentPolarity": "1"
      }
    ]
  },
  {
    "Index": "39385",
    "RawText": "속도도 조절하기가 쉽고 회전기능도 있어서 좋아요~~ 일단 소음이 없어 매우 만족합니다.",
    "Source": "쇼핑몰",
    "Domain": "가전",
    "MainCategory": "계절가전",
    "ProductName": "르젠 LZEF-DC180",
    "ReviewScore": "5",
    "Syllable": "48",
    "Word": "11",
    "RDate": "20220829",
    "GeneralPolarity": "1",
    "Aspects": [
      {
        "Aspect": "기능",
        "SentimentText": "속도도 조절하기가 쉽고 회전기능도 있어서 좋아요~~",
        "SentimentWord": "6",
        "SentimentPolarity": "1"
      },
      {
        "Aspect": "소음",
        "SentimentText": "소음이 없어 매우 만족합니다.",
        "SentimentWord": "4",
        "SentimentPolarity": "1"
      }
    ]
  },
  {
    "Index": "39387",
    "RawText": "높이조절도 높고, 바람도 은은하게 불고 360도 회전 기능도 있어서 좋아요~ 1~3단계에서는 무소음이라고 할 정도로 소음이 없어좋아요 ",
    "Source": "쇼핑몰",
    "Domain": "가전",
    "MainCategory": "계절가전",
    "ProductName": "르젠 LZEF-DC180",
    "ReviewScore": "5",
    "Syllable": "75",
    "Word": "16",
    "RDate": "20220704",
    "GeneralPolarity": "1",
    "Aspects": [
      {
        "Aspect": "기능",
        "SentimentText": "높이조절도 높고, 바람도 은은하게 불고 360도 회전 기능도 있어서 좋아요~",
        "SentimentWord": "10",
        "SentimentPolarity": "1"
      },
      {
        "Aspect": "소음",
        "SentimentText": "1~3단계에서는 무소음이라고 할 정도로 소음이 없어좋아요",
        "SentimentWord": "6",
        "SentimentPolarity": "1"
      }
    ]
  },
  {
    "Index": "39388",
    "RawText": "상품평이 좋아서 다른거 사려다 구매했는데 완전 좋네요~~다른 것도 바꾸고 싶은 마음이 들 정도로 좋아요 바람이 은은하면서도 세게 불어 좋아요~~ 색상도 화이트라 예뻐요~~ 소음도 무소음에 가까울 정도로 없어 좋네요",
    "Source": "쇼핑몰",
    "Domain": "가전",
    "MainCategory": "계절가전",
    "ProductName": "르젠 LZEF-DC180",
    "ReviewScore": "5",
    "Syllable": "119",
    "Word": "28",
    "RDate": "20210629",
    "GeneralPolarity": "1",
    "Aspects": [
      {
        "Aspect": "기능",
        "SentimentText": "바람이 은은하면서도 세게 불어 좋아요~~",
        "SentimentWord": "5",
        "SentimentPolarity": "1"
      },
      {
        "Aspect": "색상",
        "SentimentText": "색상도 화이트라 예뻐요~~",
        "SentimentWord": "3",
        "SentimentPolarity": "1"
      },
      {
        "Aspect": "소음",
        "SentimentText": "소음도 무소음에 가까울 정도로 없어 좋네요",
        "SentimentWord": "6",
        "SentimentPolarity": "1"
      }
    ]
  },
  {
    "Index": "39389",
    "RawText": "어플로 작동이 되니 신기하고 편리하네요~ 화이트 색상을 선호하는데 딱이예요!! 맘에 듭니다. 아무 소리도 안들릴정도로 조용해서 좋습니다.",
    "Source": "쇼핑몰",
    "Domain": "가전",
    "MainCategory": "계절가전",
    "ProductName": "르젠 LZEF-DC180",
    "ReviewScore": "5",
    "Syllable": "76",
    "Word": "16",
    "RDate": "20200616",
    "GeneralPolarity": "1",
    "Aspects": [
      {
        "Aspect": "편의성",
        "SentimentText": "어플로 작동이 되니 신기하고 편리하네요~",
        "SentimentWord": "5",
        "SentimentPolarity": "1"
      },
      {
        "Aspect": "색상",
        "SentimentText": "화이트 색상을 선호하는데 딱이예요!! 맘에 듭니다.",
        "SentimentWord": "6",
        "SentimentPolarity": "1"
      },
      {
        "Aspect": "소음",
        "SentimentText": "아무 소리도 안들릴정도로 조용해서 좋습니다.",
        "SentimentWord": "5",
        "SentimentPolarity": "1"
      }
    ]
  },
  {
    "Index": "39390",
    "RawText": "유투브에서 상품 비교하면서 구매했어요~ 소음이 정말 없어서 만족해요~ 바람도 시원한데 멀리까지 퍼져서 너무 좋네요",
    "Source": "쇼핑몰",
    "Domain": "가전",
    "MainCategory": "계절가전",
    "ProductName": "르젠 LZEF-DC180",
    "ReviewScore": "5",
    "Syllable": "63",
    "Word": "14",
    "RDate": "20220711",
    "GeneralPolarity": "1",
    "Aspects": [
      {
        "Aspect": "소음",
        "SentimentText": "소음이 정말 없어서 만족해요~",
        "SentimentWord": "4",
        "SentimentPolarity": "1"
      },
      {
        "Aspect": "기능",
        "SentimentText": "바람도 시원한데 멀리까지 퍼져서 너무 좋네요",
        "SentimentWord": "6",
        "SentimentPolarity": "1"
      }
    ]
  },
  {
    "Index": "39391",
    "RawText": "마감이 싼티 팍팍 나고 흔들거리고 약해요.... 별로예요.. 바람도  튼건지 안튼건지 모를정도로 약해서 맘에 안들어요",
    "Source": "쇼핑몰",
    "Domain": "가전",
    "MainCategory": "계절가전",
    "ProductName": "르젠 LZEF-DC180",
    "ReviewScore": "3",
    "Syllable": "65",
    "Word": "14",
    "RDate": "20220420",
    "GeneralPolarity": "-1",
    "Aspects": [
      {
        "Aspect": "품질",
        "SentimentText": "마감이 싼티 팍팍 나고 흔들거리고 약해요.... 별로예요..",
        "SentimentWord": "7",
        "SentimentPolarity": "-1"
      },
      {
        "Aspect": "기능",
        "SentimentText": "바람도  튼건지 안튼건지 모를정도로 약해서 맘에 안들어요",
        "SentimentWord": "7",
        "SentimentPolarity": "-1"
      }
    ]
  },
  {
    "Index": "39392",
    "RawText": "모터도 BLDC고.. 품질은 만족합니다! 디자인도 깔끔해서 여기저기 매치하기 좋아 만족해요~ 바람도 시원하면서 여러단계로 조절되서 좋아요 재질은 좀 비싼값 못하게 싸구려같아 아쉬워요",
    "Source": "쇼핑몰",
    "Domain": "가전",
    "MainCategory": "계절가전",
    "ProductName": "르젠 LZEF-DC180",
    "ReviewScore": "5",
    "Syllable": "101",
    "Word": "21",
    "RDate": "20220701",
    "GeneralPolarity": "1",
    "Aspects": [
      {
        "Aspect": "품질",
        "SentimentText": "모터도 BLDC고.. 품질은 만족합니다!",
        "SentimentWord": "4",
        "SentimentPolarity": "1"
      },
      {
        "Aspect": "디자인",
        "SentimentText": "디자인도 깔끔해서 여기저기 매치하기 좋아 만족해요~",
        "SentimentWord": "6",
        "SentimentPolarity": "1"
      },
      {
        "Aspect": "기능",
        "SentimentText": "바람도 시원하면서 여러단계로 조절되서 좋아요",
        "SentimentWord": "5",
        "SentimentPolarity": "1"
      },
      {
        "Aspect": "소재",
        "SentimentText": "재질은 좀 비싼값 못하게 싸구려같아 아쉬워요",
        "SentimentWord": "6",
        "SentimentPolarity": "-1"
      }
    ]
  },
  {
    "Index": "39393",
    "RawText": "풍량 조절이 미세해서 아기 풍도 있어서 좋아요~ 소음도 없고 조용해서 만족합니다.",
    "Source": "쇼핑몰",
    "Domain": "가전",
    "MainCategory": "계절가전",
    "ProductName": "르젠 LZEF-DC180",
    "ReviewScore": "5",
    "Syllable": "45",
    "Word": "11",
    "RDate": "20220611",
    "GeneralPolarity": "1",
    "Aspects": [
      {
        "Aspect": "기능",
        "SentimentText": "풍량 조절이 미세해서 아기 풍도 있어서 좋아요~",
        "SentimentWord": "7",
        "SentimentPolarity": "1"
      },
      {
        "Aspect": "소음",
        "SentimentText": "소음도 없고 조용해서 만족합니다.",
        "SentimentWord": "4",
        "SentimentPolarity": "1"
      }
    ]
  },
  {
    "Index": "39394",
    "RawText": "선풍기의 바람세기 조절 단계가 세분화 되어 있어서 사용하기 좋아요! 소음도 별로 없어서 조용하게 느껴져서 만족해요.",
    "Source": "쇼핑몰",
    "Domain": "가전",
    "MainCategory": "계절가전",
    "ProductName": "르젠 LZEF-DC180",
    "ReviewScore": "5",
    "Syllable": "64",
    "Word": "15",
    "RDate": "20210829",
    "GeneralPolarity": "1",
    "Aspects": [
      {
        "Aspect": "기능",
        "SentimentText": "선풍기의 바람세기 조절 단계가 세분화 되어 있어서 사용하기 좋아요!",
        "SentimentWord": "9",
        "SentimentPolarity": "1"
      },
      {
        "Aspect": "소음",
        "SentimentText": "소음도 별로 없어서 조용하게 느껴져서 만족해요.",
        "SentimentWord": "6",
        "SentimentPolarity": "1"
      }
    ]
  },
  {
    "Index": "39395",
    "RawText": "조립이 너무 쉬워서 금방 뚝딱했어요~ 청소도 쉽게 할 수 있어서 편리해요~~ 조용해서 만족스러워요",
    "Source": "쇼핑몰",
    "Domain": "가전",
    "MainCategory": "계절가전",
    "ProductName": "르젠 LZEF-DC180",
    "ReviewScore": "5",
    "Syllable": "54",
    "Word": "13",
    "RDate": "20220721",
    "GeneralPolarity": "1",
    "Aspects": [
      {
        "Aspect": "조작성",
        "SentimentText": "조립이 너무 쉬워서 금방 뚝딱했어요~",
        "SentimentWord": "5",
        "SentimentPolarity": "1"
      },
      {
        "Aspect": "편의성",
        "SentimentText": "청소도 쉽게 할 수 있어서 편리해요~~",
        "SentimentWord": "6",
        "SentimentPolarity": "1"
      },
      {
        "Aspect": "소음",
        "SentimentText": "조용해서 만족스러워요",
        "SentimentWord": "2",
        "SentimentPolarity": "1"
      }
    ]
  },
  {
    "Index": "39396",
    "RawText": "색상도 올 화이트라 심플하고 예뻐요~~ 소음도 없고 조용해서 만족해요~~ 그런데 온오프하면 설정했던 기록이 없어져서 불편해요",
    "Source": "쇼핑몰",
    "Domain": "가전",
    "MainCategory": "계절가전",
    "ProductName": "르젠 LZEF-DC180",
    "ReviewScore": "5",
    "Syllable": "69",
    "Word": "15",
    "RDate": "20180703",
    "GeneralPolarity": "1",
    "Aspects": [
      {
        "Aspect": "색상",
        "SentimentText": "색상도 올 화이트라 심플하고 예뻐요~~",
        "SentimentWord": "5",
        "SentimentPolarity": "1"
      },
      {
        "Aspect": "소음",
        "SentimentText": "소음도 없고 조용해서 만족해요~~",
        "SentimentWord": "4",
        "SentimentPolarity": "1"
      },
      {
        "Aspect": "편의성",
        "SentimentText": "온오프하면 설정했던 기록이 없어져서 불편해요",
        "SentimentWord": "5",
        "SentimentPolarity": "-1"
      }
    ]
  },
  {
    "Index": "39397",
    "RawText": "바람이 시원하게 잘 나와서 좋고 미세한 바람세기 조절도 가능해서  좋아요. 그런데 선풍기 작동중에 머리를 숙이면 날개가 틀에 닿는데 여유공간이 없어서 그런것 같아요. 고장날뻔 했어요...",
    "Source": "쇼핑몰",
    "Domain": "가전",
    "MainCategory": "계절가전",
    "ProductName": "르젠 LZEF-DC180",
    "ReviewScore": "5",
    "Syllable": "104",
    "Word": "24",
    "RDate": "20220823",
    "GeneralPolarity": "0",
    "Aspects": [
      {
        "Aspect": "기능",
        "SentimentText": "바람이 시원하게 잘 나와서 좋고 미세한 바람세기 조절도 가능해서  좋아요.",
        "SentimentWord": "10",
        "SentimentPolarity": "1"
      },
      {
        "Aspect": "품질",
        "SentimentText": "선풍기 작동중에 머리를 숙이면 날개가 틀에 닿는데 여유공간이 없어서 그런것 같아요. 고장날뻔 했어요...",
        "SentimentWord": "13",
        "SentimentPolarity": "-1"
      }
    ]
  },
  {
    "Index": "39398",
    "RawText": "24단 풍속조절에 주변 온도에 따른 자동풍속조절까지 있어 타사 제품에 비해 바람이 더 시원해서 만족하며 추가로 구입했어요.  예쁜 디자인이 인테리어 효과에 도움을 줍니다.",
    "Source": "쇼핑몰",
    "Domain": "가전",
    "MainCategory": "계절가전",
    "ProductName": "르젠 LZEF-DC180",
    "ReviewScore": "5",
    "Syllable": "95",
    "Word": "22",
    "RDate": "20220608",
    "GeneralPolarity": "1",
    "Aspects": [
      {
        "Aspect": "기능",
        "SentimentText": "24단 풍속조절에 주변 온도에 따른 자동풍속조절까지 있어 타사 제품에 비해 바람이 더 시원해서 만족하며 추가로 구입했어요.",
        "SentimentWord": "16",
        "SentimentPolarity": "1"
      },
      {
        "Aspect": "디자인",
        "SentimentText": "예쁜 디자인이 인테리어 효과에 도움을 줍니다.",
        "SentimentWord": "6",
        "SentimentPolarity": "1"
      }
    ]
  },
  {
    "Index": "39399",
    "RawText": "디자인이 깔끔해서 마음에 들어요. 모터 소음이 없어 만족합니다. 24단 속도조절 가능해서 좋아요.",
    "Source": "쇼핑몰",
    "Domain": "가전",
    "MainCategory": "계절가전",
    "ProductName": "르젠 LZEF-DC180",
    "ReviewScore": "5",
    "Syllable": "54",
    "Word": "12",
    "RDate": "20190528",
    "GeneralPolarity": "1",
    "Aspects": [
      {
        "Aspect": "디자인",
        "SentimentText": "디자인이 깔끔해서 마음에 들어요.",
        "SentimentWord": "4",
        "SentimentPolarity": "1"
      },
      {
        "Aspect": "소음",
        "SentimentText": "모터 소음이 없어 만족합니다.",
        "SentimentWord": "4",
        "SentimentPolarity": "1"
      },
      {
        "Aspect": "기능",
        "SentimentText": "24단 속도조절 가능해서 좋아요.",
        "SentimentWord": "4",
        "SentimentPolarity": "1"
      }
    ]
  },
  {
    "Index": "39400",
    "RawText": "풍량이 낮아도 바람이 은은하게 나오니  좋네요~~ 소음도 없어서 애기 잘 때 사용하기 좋아요~",
    "Source": "쇼핑몰",
    "Domain": "가전",
    "MainCategory": "계절가전",
    "ProductName": "르젠 LZEF-DC180",
    "ReviewScore": "5",
    "Syllable": "52",
    "Word": "13",
    "RDate": "20200620",
    "GeneralPolarity": "1",
    "Aspects": [
      {
        "Aspect": "기능",
        "SentimentText": "풍량이 낮아도 바람이 은은하게 나오니  좋네요~~",
        "SentimentWord": "6",
        "SentimentPolarity": "1"
      },
      {
        "Aspect": "소음",
        "SentimentText": "소음도 없어서 애기 잘 때 사용하기 좋아요~",
        "SentimentWord": "7",
        "SentimentPolarity": "1"
      }
    ]
  },
  {
    "Index": "39402",
    "RawText": "24단계 바람세기 조절 가능하며 리모컨 작동 잘되어 성능에 만족합니다. 제품 마감 퀄리티가 깔끔하지 않아 아쉽습니다.",
    "Source": "쇼핑몰",
    "Domain": "가전",
    "MainCategory": "계절가전",
    "ProductName": "르젠 LZEF-DC180",
    "ReviewScore": "5",
    "Syllable": "65",
    "Word": "15",
    "RDate": "20190521",
    "GeneralPolarity": "0",
    "Aspects": [
      {
        "Aspect": "기능",
        "SentimentText": "24단계 바람세기 조절 가능하며 리모컨 작동 잘되어 성능에 만족합니다.",
        "SentimentWord": "9",
        "SentimentPolarity": "1"
      },
      {
        "Aspect": "품질",
        "SentimentText": "제품 마감 퀄리티가 깔끔하지 않아 아쉽습니다.",
        "SentimentWord": "6",
        "SentimentPolarity": "-1"
      }
    ]
  },
  {
    "Index": "39403",
    "RawText": "조립을 하고 마무리 단계에 나사 끼우기가 힘드네요. 화이트색상을 구입 했는데 깔끔하지 않고 누리끼리 하네요.",
    "Source": "쇼핑몰",
    "Domain": "가전",
    "MainCategory": "계절가전",
    "ProductName": "르젠 LZEF-DC180",
    "ReviewScore": "4",
    "Syllable": "60",
    "Word": "14",
    "RDate": "20220615",
    "GeneralPolarity": "-1",
    "Aspects": [
      {
        "Aspect": "조작성",
        "SentimentText": "조립을 하고 마무리 단계에 나사 끼우기가 힘드네요.",
        "SentimentWord": "7",
        "SentimentPolarity": "-1"
      },
      {
        "Aspect": "색상",
        "SentimentText": "화이트색상을 구입 했는데 깔끔하지 않고 누리끼리 하네요.",
        "SentimentWord": "7",
        "SentimentPolarity": "-1"
      }
    ]
  },
  {
    "Index": "39404",
    "RawText": "소리가 작아 조용하고 휴대폰 어플로 사용할 수 있어서 편리해요.",
    "Source": "쇼핑몰",
    "Domain": "가전",
    "MainCategory": "계절가전",
    "ProductName": "르젠 LZEF-DC180",
    "ReviewScore": "5",
    "Syllable": "35",
    "Word": "9",
    "RDate": "20210612",
    "GeneralPolarity": "1",
    "Aspects": [
      {
        "Aspect": "소음",
        "SentimentText": "소리가 작아 조용하고",
        "SentimentWord": "3",
        "SentimentPolarity": "1"
      },
      {
        "Aspect": "편의성",
        "SentimentText": "휴대폰 어플로 사용할 수 있어서 편리해요.",
        "SentimentWord": "6",
        "SentimentPolarity": "1"
      }
    ]
  },
  {
    "Index": "39406",
    "RawText": "다른 선풍기보다 높이가 길어서 좋네요~!! 소음도 없고 조용해서 만족해요~",
    "Source": "쇼핑몰",
    "Domain": "가전",
    "MainCategory": "계절가전",
    "ProductName": "르젠 LZEF-DC180",
    "ReviewScore": "5",
    "Syllable": "41",
    "Word": "9",
    "RDate": "20190702",
    "Aspects": [
      {
        "Aspect": "사이즈",
        "SentimentText": "다른 선풍기보다 높이가 길어서 좋네요~!!",
        "SentimentWord": "5",
        "SentimentPolarity": "1"
      },
      {
        "Aspect": "소음",
        "SentimentText": "소음도 없고 조용해서 만족해요~",
        "SentimentWord": "4",
        "SentimentPolarity": "1"
      }
    ]
  },
  {
    "Index": "39407",
    "RawText": "타사 제품보다 조금 더 커서 마음에 듭니다. 바람 세기 조절이 가능하고 소리가 작아서 조용해서 밤에 잘때 편해요^^",
    "Source": "쇼핑몰",
    "Domain": "가전",
    "MainCategory": "계절가전",
    "ProductName": "르젠 LZEF-DC180",
    "ReviewScore": "5",
    "Syllable": "64",
    "Word": "17",
    "RDate": "20210625",
    "GeneralPolarity": "1",
    "Aspects": [
      {
        "Aspect": "사이즈",
        "SentimentText": "타사 제품보다 조금 더 커서 마음에 듭니다.",
        "SentimentWord": "7",
        "SentimentPolarity": "1"
      },
      {
        "Aspect": "기능",
        "SentimentText": "바람 세기 조절이 가능하고",
        "SentimentWord": "4",
        "SentimentPolarity": "1"
      },
      {
        "Aspect": "소음",
        "SentimentText": "소리가 작아서 조용해서 밤에 잘때 편해요^^",
        "SentimentWord": "6",
        "SentimentPolarity": "1"
      }
    ]
  },
  {
    "Index": "39408",
    "RawText": "저렴한 가격에 구매해서 만족합니다. 선풍기 기본 기능에 충실한 모델이라 마음에 들어요.",
    "Source": "쇼핑몰",
    "Domain": "가전",
    "MainCategory": "계절가전",
    "ProductName": "르젠 LZEF-DC180",
    "ReviewScore": "5",
    "Syllable": "48",
    "Word": "11",
    "RDate": "20190708",
    "GeneralPolarity": "1",
    "Aspects": [
      {
        "Aspect": "가격",
        "SentimentText": "저렴한 가격에 구매해서 만족합니다.",
        "SentimentWord": "4",
        "SentimentPolarity": "1"
      },
      {
        "Aspect": "기능",
        "SentimentText": "선풍기 기본 기능에 충실한 모델이라 마음에 들어요.",
        "SentimentWord": "7",
        "SentimentPolarity": "1"
      }
    ]
  },
  {
    "Index": "39409",
    "RawText": "소재가 가격값 만큼 하네요. 싸구려 같아 아쉬워요. 소리가 조용해서 좋아요~~~",
    "Source": "쇼핑몰",
    "Domain": "가전",
    "MainCategory": "계절가전",
    "ProductName": "르젠 LZEF-DC180",
    "ReviewScore": "5",
    "Syllable": "44",
    "Word": "10",
    "RDate": "20220711",
    "GeneralPolarity": "0",
    "Aspects": [
      {
        "Aspect": "소재",
        "SentimentText": "소재가 가격값 만큼 하네요. 싸구려 같아 아쉬워요.",
        "SentimentWord": "7",
        "SentimentPolarity": "-1"
      },
      {
        "Aspect": "소음",
        "SentimentText": "소리가 조용해서 좋아요~~~",
        "SentimentWord": "3",
        "SentimentPolarity": "1"
      }
    ]
  },
  {
    "Index": "39410",
    "RawText": "마음에 들어서 재구매했어요~!!! 깔끔하고 심풀한 디자인이 만족스럽네요 바람도 시원하고 멀리 퍼져서 좋네요",
    "Source": "쇼핑몰",
    "Domain": "가전",
    "MainCategory": "계절가전",
    "ProductName": "르젠 LZEF-DC180",
    "ReviewScore": "5",
    "Syllable": "59",
    "Word": "12",
    "RDate": "20220715",
    "GeneralPolarity": "1",
    "Aspects": [
      {
        "Aspect": "디자인",
        "SentimentText": "깔끔하고 심풀한 디자인이 만족스럽네요",
        "SentimentWord": "4",
        "SentimentPolarity": "1"
      },
      {
        "Aspect": "기능",
        "SentimentText": "바람도 시원하고 멀리 퍼져서 좋네요",
        "SentimentWord": "5",
        "SentimentPolarity": "1"
      }
    ]
  },
  {
    "Index": "39411",
    "RawText": "조립방법이 정말 쉬워서 빨리 했어요. 소음이 없어서 밤에도 사용하기 좋아요. 디자인이 예쁘고 깔끔해서 마음에 듭니다. 헤드 고정력이 약해서 아쉬워요.",
    "Source": "쇼핑몰",
    "Domain": "가전",
    "MainCategory": "계절가전",
    "ProductName": "르젠 LZEF-DC180",
    "ReviewScore": "5",
    "Syllable": "83",
    "Word": "19",
    "RDate": "20210620",
    "GeneralPolarity": "0",
    "Aspects": [
      {
        "Aspect": "조작성",
        "SentimentText": "조립방법이 정말 쉬워서 빨리 했어요.",
        "SentimentWord": "5",
        "SentimentPolarity": "1"
      },
      {
        "Aspect": "소음",
        "SentimentText": "소음이 없어서 밤에도 사용하기 좋아요.",
        "SentimentWord": "5",
        "SentimentPolarity": "1"
      },
      {
        "Aspect": "디자인",
        "SentimentText": "디자인이 예쁘고 깔끔해서 마음에 듭니다.",
        "SentimentWord": "5",
        "SentimentPolarity": "1"
      },
      {
        "Aspect": "품질",
        "SentimentText": "헤드 고정력이 약해서 아쉬워요.",
        "SentimentWord": "4",
        "SentimentPolarity": "-1"
      }
    ]
  },
  {
    "Index": "39413",
    "RawText": "작은 단계로도 시원해서 작은방 에서도 충분히 사용하기 좋아요! 무게도 가벼워서 맘에 들어요~ 소음도 없어서 좋아요 강추!!",
    "Source": "쇼핑몰",
    "Domain": "가전",
    "MainCategory": "계절가전",
    "ProductName": "르젠 LZEF-DC180",
    "ReviewScore": "5",
    "Syllable": "68",
    "Word": "16",
    "RDate": "20220415",
    "GeneralPolarity": "1",
    "Aspects": [
      {
        "Aspect": "기능",
        "SentimentText": "작은 단계로도 시원해서 작은방 에서도 충분히 사용하기 좋아요!",
        "SentimentWord": "8",
        "SentimentPolarity": "1"
      },
      {
        "Aspect": "무게",
        "SentimentText": "무게도 가벼워서 맘에 들어요~",
        "SentimentWord": "4",
        "SentimentPolarity": "1"
      },
      {
        "Aspect": "소음",
        "SentimentText": "소음도 없어서 좋아요 강추!!",
        "SentimentWord": "4",
        "SentimentPolarity": "1"
      }
    ]
  },
  {
    "Index": "39415",
    "RawText": "소리에 민감한 편인데 조용해서 잠 잘때 좋아요. 찍힘없이 마감이 깔끔한 제품이라 만족스러워요.",
    "Source": "쇼핑몰",
    "Domain": "가전",
    "MainCategory": "계절가전",
    "ProductName": "르젠 LZEF-DC180",
    "ReviewScore": "5",
    "Syllable": "52",
    "Word": "12",
    "RDate": "20210521",
    "GeneralPolarity": "1",
    "Aspects": [
      {
        "Aspect": "소음",
        "SentimentText": "소리에 민감한 편인데 조용해서 잠 잘때 좋아요.",
        "SentimentWord": "7",
        "SentimentPolarity": "1"
      },
      {
        "Aspect": "품질",
        "SentimentText": "찍힘없이 마감이 깔끔한 제품이라 만족스러워요.",
        "SentimentWord": "5",
        "SentimentPolarity": "1"
      }
    ]
  },
  {
    "Index": "39417",
    "RawText": "풍량조절이 다양해서 정말 좋네요. 저속으로 작동시 소음이 거의 없어서 만족합니다.",
    "Source": "쇼핑몰",
    "Domain": "가전",
    "MainCategory": "계절가전",
    "ProductName": "르젠 LZEF-DC180",
    "ReviewScore": "4",
    "Syllable": "45",
    "Word": "10",
    "RDate": "20210617",
    "GeneralPolarity": "1",
    "Aspects": [
      {
        "Aspect": "기능",
        "SentimentText": "풍량조절이 다양해서 정말 좋네요.",
        "SentimentWord": "4",
        "SentimentPolarity": "1"
      },
      {
        "Aspect": "소음",
        "SentimentText": "저속으로 작동시 소음이 거의 없어서 만족합니다.",
        "SentimentWord": "6",
        "SentimentPolarity": "1"
      }
    ]
  },
  {
    "Index": "39418",
    "RawText": "업글된 리모콘으로 왔습니다.~~ ^^ 그런데 색깔이 흰색이 아닌 베이지네요.... ",
    "Source": "쇼핑몰",
    "Domain": "가전",
    "MainCategory": "계절가전",
    "ProductName": "르젠 LZEF-DC180",
    "ReviewScore": "4",
    "Syllable": "46",
    "Word": "9",
    "RDate": "20220627",
    "Aspects": [
      {
        "Aspect": "제품구성",
        "SentimentText": "업글된 리모콘으로 왔습니다.~~ ^^",
        "SentimentWord": "4",
        "SentimentPolarity": "1"
      },
      {
        "Aspect": "색상",
        "SentimentText": "색깔이 흰색이 아닌 베이지네요....",
        "SentimentWord": "4",
        "SentimentPolarity": "-1"
      }
    ]
  },
  {
    "Index": "39419",
    "RawText": "소리가 적어 조용해요. 깔끔한 디자인이 마음에 듭니다.",
    "Source": "쇼핑몰",
    "Domain": "가전",
    "MainCategory": "계절가전",
    "ProductName": "르젠 LZEF-DC180",
    "ReviewScore": "5",
    "Syllable": "30",
    "Word": "7",
    "RDate": "20200827",
    "GeneralPolarity": "1",
    "Aspects": [
      {
        "Aspect": "소음",
        "SentimentText": "소리가 적어 조용해요.",
        "SentimentWord": "3",
        "SentimentPolarity": "1"
      },
      {
        "Aspect": "디자인",
        "SentimentText": "깔끔한 디자인이 마음에 듭니다.",
        "SentimentWord": "4",
        "SentimentPolarity": "1"
      }
    ]
  },
  {
    "Index": "39420",
    "RawText": "저렴한 가격에 구입해서 만족합니다ㅎㅎ 선풍기 디자인이 깔끔해서 정말 마음에 드네요ㅎ",
    "Source": "쇼핑몰",
    "Domain": "가전",
    "MainCategory": "계절가전",
    "ProductName": "르젠 LZEF-DC180",
    "ReviewScore": "5",
    "Syllable": "46",
    "Word": "10",
    "RDate": "20220727",
    "GeneralPolarity": "1",
    "Aspects": [
      {
        "Aspect": "가격",
        "SentimentText": "저렴한 가격에 구입해서 만족합니다ㅎㅎ",
        "SentimentWord": "4",
        "SentimentPolarity": "1"
      },
      {
        "Aspect": "디자인",
        "SentimentText": "선풍기 디자인이 깔끔해서 정말 마음에 드네요ㅎ",
        "SentimentWord": "6",
        "SentimentPolarity": "1"
      }
    ]
  },
  {
    "Index": "39421",
    "RawText": "가성비 좋은 제품으로 구입했어요^^!!! 무선이 아니라서 사용하기 불편하네요.",
    "Source": "쇼핑몰",
    "Domain": "가전",
    "MainCategory": "계절가전",
    "ProductName": "르젠 LZEF-DC180",
    "ReviewScore": "4",
    "Syllable": "43",
    "Word": "8",
    "RDate": "20220517",
    "GeneralPolarity": "0",
    "Aspects": [
      {
        "Aspect": "가격",
        "SentimentText": "가성비 좋은 제품으로 구입했어요^^!!!",
        "SentimentWord": "4",
        "SentimentPolarity": "1"
      },
      {
        "Aspect": "편의성",
        "SentimentText": "무선이 아니라서 사용하기 불편하네요.",
        "SentimentWord": "4",
        "SentimentPolarity": "-1"
      }
    ]
  },
  {
    "Index": "39422",
    "RawText": "가성비 좋은 제품으로 구입해서 만족합니다. 바람이 정말 쎄서 마음에 들어요. 소리도 조용해서 좋습니다.",
    "Source": "쇼핑몰",
    "Domain": "가전",
    "MainCategory": "계절가전",
    "ProductName": "르젠 LZEF-DC180",
    "ReviewScore": "5",
    "Syllable": "57",
    "Word": "13",
    "RDate": "20200823",
    "GeneralPolarity": "1",
    "Aspects": [
      {
        "Aspect": "가격",
        "SentimentText": "가성비 좋은 제품으로 구입해서 만족합니다.",
        "SentimentWord": "5",
        "SentimentPolarity": "1"
      },
      {
        "Aspect": "기능",
        "SentimentText": "바람이 정말 쎄서 마음에 들어요.",
        "SentimentWord": "5",
        "SentimentPolarity": "1"
      },
      {
        "Aspect": "소음",
        "SentimentText": "소리도 조용해서 좋습니다.",
        "SentimentWord": "3",
        "SentimentPolarity": "1"
      }
    ]
  },
  {
    "Index": "39424",
    "RawText": "설치가 쉬워서 좋아요. 소음이 적어서 조용해서 마음에 들어요ㅎㅎ",
    "Source": "쇼핑몰",
    "Domain": "가전",
    "MainCategory": "계절가전",
    "ProductName": "르젠 LZEF-DC180",
    "ReviewScore": "4",
    "Syllable": "35",
    "Word": "8",
    "RDate": "20220623",
    "GeneralPolarity": "1",
    "Aspects": [
      {
        "Aspect": "조작성",
        "SentimentText": "설치가 쉬워서 좋아요.",
        "SentimentWord": "3",
        "SentimentPolarity": "1"
      },
      {
        "Aspect": "소음",
        "SentimentText": "소음이 적어서 조용해서 마음에 들어요ㅎㅎ",
        "SentimentWord": "5",
        "SentimentPolarity": "1"
      }
    ]
  },
  {
    "Index": "39426",
    "RawText": "소음은 적은 편이라 숙면 취하기 좋아요. 발열이 좀 있어서 아쉽네요.",
    "Source": "쇼핑몰",
    "Domain": "가전",
    "MainCategory": "계절가전",
    "ProductName": "르젠 LZEF-DC180",
    "ReviewScore": "5",
    "Syllable": "38",
    "Word": "10",
    "RDate": "20220810",
    "GeneralPolarity": "0",
    "Aspects": [
      {
        "Aspect": "소음",
        "SentimentText": "소음은 적은 편이라 숙면 취하기 좋아요.",
        "SentimentWord": "6",
        "SentimentPolarity": "1"
      },
      {
        "Aspect": "내구성",
        "SentimentText": "발열이 좀 있어서 아쉽네요.",
        "SentimentWord": "4",
        "SentimentPolarity": "-1"
      }
    ]
  },
  {
    "Index": "39427",
    "RawText": "예전에 구입하고 오래 사용해보니 여러면에서 다 만족스러워 또 재구매버튼 눌렀어요. ㅋ 제품 외형이 훨씬 심플하고 모던한 느낌이라 고급스러워 마음에 듭니다.  제품 바람세기도 훨씬 다양해져서 만족해요. ^^",
    "Source": "쇼핑몰",
    "Domain": "가전",
    "MainCategory": "계절가전",
    "ProductName": "르젠 LZEF-DC180",
    "ReviewScore": "5",
    "Syllable": "114",
    "Word": "26",
    "RDate": "20220713",
    "GeneralPolarity": "1",
    "Aspects": [
      {
        "Aspect": "디자인",
        "SentimentText": "제품 외형이 훨씬 심플하고 모던한 느낌이라 고급스러워 마음에 듭니다. ",
        "SentimentWord": "9",
        "SentimentPolarity": "1"
      },
      {
        "Aspect": "기능",
        "SentimentText": "제품 바람세기도 훨씬 다양해져서 만족해요. ^^  ",
        "SentimentWord": "6",
        "SentimentPolarity": "1"
      }
    ]
  },
  {
    "Index": "39428",
    "RawText": "전체적인 제품 소재가 플라스틱 재질이여서 좀 허접해보여서 별 2개뺍니다. 아쉽네요. ㅜ 다만 풍향이 여러단계(24단)로 다양하고 예상보다 훨씬 시원해서 만족해요.  제품 외형도 심플하고 깔끔해서 제 방과 잘 어울려서 마음에 듭니다.",
    "Source": "쇼핑몰",
    "Domain": "가전",
    "MainCategory": "계절가전",
    "ProductName": "르젠 LZEF-DC180",
    "ReviewScore": "5",
    "Syllable": "129",
    "Word": "29",
    "RDate": "20210619",
    "GeneralPolarity": "0",
    "Aspects": [
      {
        "Aspect": "소재",
        "SentimentText": "전체적인 제품 소재가 플라스틱 재질이여서 좀 허접해보여서 별 2개뺍니다. 아쉽네요. ㅜ",
        "SentimentWord": "11",
        "SentimentPolarity": "-1"
      },
      {
        "Aspect": "기능",
        "SentimentText": "풍향이 여러단계(24단)로 다양하고 예상보다 훨씬 시원해서 만족해요. ",
        "SentimentWord": "7",
        "SentimentPolarity": "1"
      },
      {
        "Aspect": "디자인",
        "SentimentText": "제품 외형도 심플하고 깔끔해서 제 방과 잘 어울려서 마음에 듭니다. ",
        "SentimentWord": "10",
        "SentimentPolarity": "1"
      }
    ]
  },
  {
    "Index": "39429",
    "RawText": "제품이 손가락 몇개로 들어도 될만큼 가벼워서 이동이 편리해 만족해요..  바람은 말할 것도 없이 아주 시원해서 마음에 들어요  제품 소음은 아예 없는 건 아니지만 동종 타제품 대비 아주 조용해서 좋습니다.",
    "Source": "쇼핑몰",
    "Domain": "가전",
    "MainCategory": "계절가전",
    "ProductName": "르젠 LZEF-DC180",
    "ReviewScore": "4",
    "Syllable": "114",
    "Word": "29",
    "RDate": "20220801",
    "GeneralPolarity": "1",
    "Aspects": [
      {
        "Aspect": "무게",
        "SentimentText": "제품이 손가락 몇개로 들어도 될만큼 가벼워서 이동이 편리해 만족해요.. ",
        "SentimentWord": "9",
        "SentimentPolarity": "1"
      },
      {
        "Aspect": "기능",
        "SentimentText": "바람은 말할 것도 없이 아주 시원해서 마음에 들어요 ",
        "SentimentWord": "8",
        "SentimentPolarity": "1"
      },
      {
        "Aspect": "소음",
        "SentimentText": "제품 소음은 아예 없는 건 아니지만 동종 타제품 대비 아주 조용해서 좋습니다.",
        "SentimentWord": "12",
        "SentimentPolarity": "1"
      }
    ]
  },
  {
    "Index": "39431",
    "RawText": "제품 사용할때 상당히 조용해서 만족합니다.  또 무게가 가벼워 집안에서 옮겨다닐때 손에 무리가 가지 않아서 마음에 듭니다.  ",
    "Source": "쇼핑몰",
    "Domain": "가전",
    "MainCategory": "계절가전",
    "ProductName": "르젠 LZEF-DC180",
    "ReviewScore": "5",
    "Syllable": "70",
    "Word": "16",
    "RDate": "20210620",
    "GeneralPolarity": "1",
    "Aspects": [
      {
        "Aspect": "소음",
        "SentimentText": "제품 사용할때 상당히 조용해서 만족합니다. ",
        "SentimentWord": "5",
        "SentimentPolarity": "1"
      },
      {
        "Aspect": "무게",
        "SentimentText": "또 무게가 가벼워 집안에서 옮겨다닐때 손에 무리가 가지 않아서 마음에 듭니다. ",
        "SentimentWord": "11",
        "SentimentPolarity": "1"
      }
    ]
  },
  {
    "Index": "39432",
    "RawText": "제품이 저가 모델이라 전반적으로 튼튼하거나 안정적이지 않아 실망입니다. ㅜ 또 조립 설명서가 변경된 부품을 반영하지 않은 구버전이라 당황스럽고 조립하기 힘드네요..ㅜ 다만, 제품 가성비는 우수해서 마음에 듭니다.  제품 하부에 리모컨 수납공간이 헐거워 리모컨이 고정이 안되는 점이 불편하고 불만족스럽네요.",
    "Source": "쇼핑몰",
    "Domain": "가전",
    "MainCategory": "계절가전",
    "ProductName": "르젠 LZEF-DC180",
    "ReviewScore": "4",
    "Syllable": "170",
    "Word": "37",
    "RDate": "20210623",
    "GeneralPolarity": "-1",
    "Aspects": [
      {
        "Aspect": "내구성",
        "SentimentText": "제품이 저가 모델이라 전반적으로 튼튼하거나 안정적이지 않아 실망입니다. ㅜ",
        "SentimentWord": "9",
        "SentimentPolarity": "-1"
      },
      {
        "Aspect": "조작성",
        "SentimentText": " 조립 설명서가 변경된 부품을 반영하지 않은 구버전이라 당황스럽고 조립하기 힘드네요..ㅜ",
        "SentimentWord": "10",
        "SentimentPolarity": "-1"
      },
      {
        "Aspect": "가격",
        "SentimentText": "제품 가성비는 우수해서 마음에 듭니다. ",
        "SentimentWord": "5",
        "SentimentPolarity": "1"
      },
      {
        "Aspect": "편의성",
        "SentimentText": "제품 하부에 리모컨 수납공간이 헐거워 리모컨이 고정이 안되는 점이 불편하고 불만족스럽네요. ",
        "SentimentWord": "11",
        "SentimentPolarity": "-1"
      }
    ]
  },
  {
    "Index": "39435",
    "RawText": "제품 외형이 예쁘고 깔끔해서 마음에 듭니다.  제품 가격은 동종 타제품들에 비해 살짝 비싸지만, 돈을 지불한게 아깝지 않을만큼 제품이 좋아 만족합니다.",
    "Source": "쇼핑몰",
    "Domain": "가전",
    "MainCategory": "계절가전",
    "ProductName": "르젠 LZEF-DC180",
    "ReviewScore": "5",
    "Syllable": "84",
    "Word": "20",
    "RDate": "20180822",
    "GeneralPolarity": "1",
    "Aspects": [
      {
        "Aspect": "디자인",
        "SentimentText": "제품 외형이 예쁘고 깔끔해서 마음에 듭니다. ",
        "SentimentWord": "6",
        "SentimentPolarity": "1"
      },
      {
        "Aspect": "품질",
        "SentimentText": "제품 가격은 동종 타제품들에 비해 살짝 비싸지만, 돈을 지불한게 아깝지 않을만큼 제품이 좋아 만족합니다. ",
        "SentimentWord": "14",
        "SentimentPolarity": "1"
      }
    ]
  },
  {
    "Index": "39436",
    "RawText": "조립이 쉽고 간편해서 몇분만에 조립 완료해서 기쁩니다. ^^  조립하고 제품 켜보니 바람이 아주 시원하고 작동이 잘 되는데 눈으로 보여 마음에 쏙 듭니다. ~! 잘샀어요.",
    "Source": "쇼핑몰",
    "Domain": "가전",
    "MainCategory": "계절가전",
    "ProductName": "르젠 LZEF-DC180",
    "ReviewScore": "4",
    "Syllable": "95",
    "Word": "24",
    "RDate": "20190528",
    "GeneralPolarity": "1",
    "Aspects": [
      {
        "Aspect": "조작성",
        "SentimentText": "조립이 쉽고 간편해서 몇분만에 조립 완료해서 기쁩니다. ^^ ",
        "SentimentWord": "8",
        "SentimentPolarity": "1"
      },
      {
        "Aspect": "기능",
        "SentimentText": "조립하고 제품 켜보니 바람이 아주 시원하고 작동이 잘 되는데 눈으로 보여 마음에 쏙 듭니다. ~! 잘샀어요. ",
        "SentimentWord": "16",
        "SentimentPolarity": "1"
      }
    ]
  },
  {
    "Index": "39437",
    "RawText": "와우, 조립이 쉬워서 10분만에 제품 조립 완성~! 간편해서 너무 좋아요. 바람도 시원하고 잘 작동되어 마음에 드네요..  제품 가성비가 무척 훌륭해서 구입에 만족해요..  ",
    "Source": "쇼핑몰",
    "Domain": "가전",
    "MainCategory": "계절가전",
    "ProductName": "르젠 LZEF-DC180",
    "ReviewScore": "5",
    "Syllable": "97",
    "Word": "22",
    "RDate": "20190720",
    "GeneralPolarity": "1",
    "Aspects": [
      {
        "Aspect": "조작성",
        "SentimentText": "와우, 조립이 쉬워서 10분만에 제품 조립 완성~! 간편해서 너무 좋아요.",
        "SentimentWord": "10",
        "SentimentPolarity": "1"
      },
      {
        "Aspect": "기능",
        "SentimentText": "바람도 시원하고 잘 작동되어 마음에 드네요.. ",
        "SentimentWord": "6",
        "SentimentPolarity": "1"
      },
      {
        "Aspect": "가격",
        "SentimentText": "제품 가성비가 무척 훌륭해서 구입에 만족해요.. ",
        "SentimentWord": "6",
        "SentimentPolarity": "1"
      }
    ]
  },
  {
    "Index": "39438",
    "RawText": "설명서에 조립순서가 간편하게 기재되어 있어 혼자서도 금방 제품 조립해서 만족해요.  풍향이 1-24단까지 있는데 24단으로 올려보니 바람이 엄청나게 강력해서 마음에 듭니다.   ",
    "Source": "쇼핑몰",
    "Domain": "가전",
    "MainCategory": "계절가전",
    "ProductName": "르젠 LZEF-DC180",
    "ReviewScore": "5",
    "Syllable": "99",
    "Word": "20",
    "RDate": "20220713",
    "GeneralPolarity": "1",
    "Aspects": [
      {
        "Aspect": "조작성",
        "SentimentText": "설명서에 조립순서가 간편하게 기재되어 있어 혼자서도 금방 제품 조립해서 만족해요. ",
        "SentimentWord": "10",
        "SentimentPolarity": "1"
      },
      {
        "Aspect": "기능",
        "SentimentText": "풍향이 1-24단까지 있는데 24단으로 올려보니 바람이 엄청나게 강력해서 마음에 듭니다.  ",
        "SentimentWord": "10",
        "SentimentPolarity": "1"
      }
    ]
  },
  {
    "Index": "39439",
    "RawText": "제품 설명서 보고 혼자 조립하기 쉬워서 좋습니다.  상품후기에 제품 후기가 좋아 주문했는데, 역시나 사용해보니 바람세기가 24단까지 다양해서 제품 기능에 만족해요..  특히 제품 외형이 모던하고 예뻐서 아주 마음에 듭니다.",
    "Source": "쇼핑몰",
    "Domain": "가전",
    "MainCategory": "계절가전",
    "ProductName": "르젠 LZEF-DC180",
    "ReviewScore": "5",
    "Syllable": "124",
    "Word": "28",
    "RDate": "20200619",
    "Aspects": [
      {
        "Aspect": "조작성",
        "SentimentText": "제품 설명서 보고 혼자 조립하기 쉬워서 좋습니다. ",
        "SentimentWord": "7",
        "SentimentPolarity": "1"
      },
      {
        "Aspect": "기능",
        "SentimentText": "역시나 사용해보니 바람세기가 24단까지 다양해서 제품 기능에 만족해요.. ",
        "SentimentWord": "8",
        "SentimentPolarity": "1"
      },
      {
        "Aspect": "디자인",
        "SentimentText": "특히 제품 외형이 모던하고 예뻐서 아주 마음에 듭니다.",
        "SentimentWord": "8",
        "SentimentPolarity": "1"
      }
    ]
  },
  {
    "Index": "39441",
    "RawText": "설명서가 쉽게 되어 있어서 조립을 쉽게 했어요~~ 자연풍모드로 트니까 소음도 없고 너무 좋아요~ 앱도 있어서 누워서 휴대폰으로 제어할 수 있어서 편리하고 좋아요",
    "Source": "쇼핑몰",
    "Domain": "가전",
    "MainCategory": "계절가전",
    "ProductName": "르젠 LZEF-DC180",
    "ReviewScore": "5",
    "Syllable": "89",
    "Word": "22",
    "RDate": "20220819",
    "GeneralPolarity": "1",
    "Aspects": [
      {
        "Aspect": "조작성",
        "SentimentText": "설명서가 쉽게 되어 있어서 조립을 쉽게 했어요~~",
        "SentimentWord": "7",
        "SentimentPolarity": "1"
      },
      {
        "Aspect": "소음",
        "SentimentText": "자연풍모드로 트니까 소음도 없고 너무 좋아요~",
        "SentimentWord": "6",
        "SentimentPolarity": "1"
      },
      {
        "Aspect": "편의성",
        "SentimentText": "앱도 있어서 누워서 휴대폰으로 제어할 수 있어서 편리하고 좋아요",
        "SentimentWord": "9",
        "SentimentPolarity": "1"
      }
    ]
  },
  {
    "Index": "39442",
    "RawText": "조립하는건 어렵지 않게 잘 할 수 있어 좋아요~ 그런데 선풍기 헤드가 힘이 없어서 언제 고장날지 모를만큼 메가리가 없네요",
    "Source": "쇼핑몰",
    "Domain": "가전",
    "MainCategory": "계절가전",
    "ProductName": "르젠 LZEF-DC180",
    "ReviewScore": "4",
    "Syllable": "67",
    "Word": "18",
    "RDate": "20190528",
    "GeneralPolarity": "0",
    "Aspects": [
      {
        "Aspect": "조작성",
        "SentimentText": "조립하는건 어렵지 않게 잘 할 수 있어 좋아요~",
        "SentimentWord": "8",
        "SentimentPolarity": "1"
      },
      {
        "Aspect": "품질",
        "SentimentText": "선풍기 헤드가 힘이 없어서 언제 고장날지 모를만큼 메가리가 없네요",
        "SentimentWord": "9",
        "SentimentPolarity": "-1"
      }
    ]
  },
  {
    "Index": "39443",
    "RawText": "선풍기 조립을 굉장히 쉽게 할 수 있어 좋아요~ 무게도 무겁지 않아서 좋아요~ 디자인도 심플하면서 간결해서 예쁘네요~!! ",
    "Source": "쇼핑몰",
    "Domain": "가전",
    "MainCategory": "계절가전",
    "ProductName": "르젠 LZEF-DC180",
    "ReviewScore": "5",
    "Syllable": "68",
    "Word": "16",
    "RDate": "20210621",
    "GeneralPolarity": "1",
    "Aspects": [
      {
        "Aspect": "조작성",
        "SentimentText": "선풍기 조립을 굉장히 쉽게 할 수 있어 좋아요~",
        "SentimentWord": "8",
        "SentimentPolarity": "1"
      },
      {
        "Aspect": "무게",
        "SentimentText": "무게도 무겁지 않아서 좋아요~",
        "SentimentWord": "4",
        "SentimentPolarity": "1"
      },
      {
        "Aspect": "디자인",
        "SentimentText": "디자인도 심플하면서 간결해서 예쁘네요~!!",
        "SentimentWord": "4",
        "SentimentPolarity": "1"
      }
    ]
  },
  {
    "Index": "39444",
    "RawText": "조립이 쉬워서 여자들도 하기 좋아요! 소음도 귀기울여야 들릴 정도로 굉장히 작아 좋네요~ ",
    "Source": "쇼핑몰",
    "Domain": "가전",
    "MainCategory": "계절가전",
    "ProductName": "르젠 LZEF-DC180",
    "ReviewScore": "5",
    "Syllable": "50",
    "Word": "12",
    "RDate": "20220720",
    "GeneralPolarity": "1",
    "Aspects": [
      {
        "Aspect": "조작성",
        "SentimentText": "조립이 쉬워서 여자들도 하기 좋아요!",
        "SentimentWord": "5",
        "SentimentPolarity": "1"
      },
      {
        "Aspect": "소음",
        "SentimentText": "소음도 귀기울여야 들릴 정도로 굉장히 작아 좋네요~",
        "SentimentWord": "7",
        "SentimentPolarity": "1"
      }
    ]
  },
  {
    "Index": "39445",
    "RawText": "선풍기 재질 자체가 별로라 부실해보여요ㅜㅜ 작동할때 날개에서 소음이 없고 굉장히 조용해서 좋네요 ",
    "Source": "쇼핑몰",
    "Domain": "가전",
    "MainCategory": "계절가전",
    "ProductName": "르젠 LZEF-DC180",
    "ReviewScore": "5",
    "Syllable": "54",
    "Word": "12",
    "RDate": "20210619",
    "GeneralPolarity": "1",
    "Aspects": [
      {
        "Aspect": "소재",
        "SentimentText": "선풍기 재질 자체가 별로라 부실해보여요ㅜㅜ",
        "SentimentWord": "5",
        "SentimentPolarity": "-1"
      },
      {
        "Aspect": "소음",
        "SentimentText": "작동할때 날개에서 소음이 없고 굉장히 조용해서 좋네요",
        "SentimentWord": "7",
        "SentimentPolarity": "1"
      }
    ]
  },
  {
    "Index": "39446",
    "RawText": "조립할때 부속이랑 설명서랑 제대로 매치가 안되서 헤맸어요 별로예요 ㅠ 일반풍,자연풍,수면풍은 뭐하러 구분해놨는지... 차이가 없네요.. 바람세기조절은 쓸만하네요. 소음도 많이 크지 않아서 괜찮아요 디자인도 화면과 달라서 고급스러운 느낌도 없어 아쉽네요",
    "Source": "쇼핑몰",
    "Domain": "가전",
    "MainCategory": "계절가전",
    "ProductName": "르젠 LZEF-DC180",
    "ReviewScore": "4",
    "Syllable": "140",
    "Word": "28",
    "RDate": "20210617",
    "GeneralPolarity": "0",
    "Aspects": [
      {
        "Aspect": "조작성",
        "SentimentText": "조립할때 부속이랑 설명서랑 제대로 매치가 안되서 헤맸어요 별로예요 ㅠ",
        "SentimentWord": "9",
        "SentimentPolarity": "-1"
      },
      {
        "Aspect": "기능",
        "SentimentText": "일반풍,자연풍,수면풍은 뭐하러 구분해놨는지... 차이가 없네요.. 바람세기조절은 쓸만하네요.",
        "SentimentWord": "7",
        "SentimentPolarity": "0"
      },
      {
        "Aspect": "소음",
        "SentimentText": "소음도 많이 크지 않아서 괜찮아요",
        "SentimentWord": "5",
        "SentimentPolarity": "1"
      },
      {
        "Aspect": "디자인",
        "SentimentText": "디자인도 화면과 달라서 고급스러운 느낌도 없어 아쉽네요",
        "SentimentWord": "7",
        "SentimentPolarity": "-1"
      }
    ]
  },
  {
    "Index": "39447",
    "RawText": "소음이 없고 조용해서 사용하기 좋아요~ 높이가 생각보다 높아서 조금 더 조절이 되었으면.. 아쉽네요",
    "Source": "쇼핑몰",
    "Domain": "가전",
    "MainCategory": "계절가전",
    "ProductName": "르젠 LZEF-DC180",
    "ReviewScore": "5",
    "Syllable": "55",
    "Word": "13",
    "RDate": "20190521",
    "Aspects": [
      {
        "Aspect": "소음",
        "SentimentText": "소음이 없고 조용해서 사용하기 좋아요~",
        "SentimentWord": "5",
        "SentimentPolarity": "1"
      },
      {
        "Aspect": "조작성",
        "SentimentText": "높이가 생각보다 높아서 조금 더 조절이 되었으면.. 아쉽네요",
        "SentimentWord": "8",
        "SentimentPolarity": "-1"
      }
    ]
  },
  {
    "Index": "39448",
    "RawText": "내구성이 약하게 생겼어요 별로예요..  아이있는 집에선 주의가 필요할것 같아요 소음도 없고 조용해서 좋아요~ 풍량도 단계조절이 많아서 미세하게 틀 수 있어 좋네요 ",
    "Source": "쇼핑몰",
    "Domain": "가전",
    "MainCategory": "계절가전",
    "ProductName": "르젠 LZEF-DC180",
    "ReviewScore": "4",
    "Syllable": "91",
    "Word": "21",
    "RDate": "20210708",
    "GeneralPolarity": "0",
    "Aspects": [
      {
        "Aspect": "내구성",
        "SentimentText": "내구성이 약하게 생겼어요 별로예요..",
        "SentimentWord": "4",
        "SentimentPolarity": "-1"
      },
      {
        "Aspect": "소음",
        "SentimentText": "소음도 없고 조용해서 좋아요~",
        "SentimentWord": "4",
        "SentimentPolarity": "1"
      },
      {
        "Aspect": "기능",
        "SentimentText": "풍량도 단계조절이 많아서 미세하게 틀 수 있어 좋네요",
        "SentimentWord": "8",
        "SentimentPolarity": "1"
      }
    ]
  },
  {
    "Index": "39449",
    "RawText": "제품에 스크래치가 있어요.. 포장좀 꼼꼼히 해주세요 소음은 가까이대야 들릴 정도로 조용해서 맘에 듭니다! 무게도 가벼워서 사용하기 좋네요 제품에 스크래치가 있어요..",
    "Source": "쇼핑몰",
    "Domain": "가전",
    "MainCategory": "계절가전",
    "ProductName": "르젠 LZEF-DC180",
    "ReviewScore": "5",
    "Syllable": "92",
    "Word": "20",
    "RDate": "20190531",
    "GeneralPolarity": "0",
    "Aspects": [
      {
        "Aspect": "소음",
        "SentimentText": "소음은 가까이대야 들릴 정도로 조용해서 맘에 듭니다!",
        "SentimentWord": "7",
        "SentimentPolarity": "1"
      },
      {
        "Aspect": "무게",
        "SentimentText": "무게도 가벼워서 사용하기 좋네요",
        "SentimentWord": "4",
        "SentimentPolarity": "1"
      },
      {
        "Aspect": "품질",
        "SentimentText": "제품에 스크래치가 있어요.. ",
        "SentimentWord": "3",
        "SentimentPolarity": "-1"
      }
    ]
  },
  {
    "Index": "39450",
    "RawText": "소음은 조용해서 사용하기 좋아요~~ 조립도 쉽고 간편해서 좋네요 그런데 블루투스 연결하는게 너무 어렵고 불편해요 포기했어요",
    "Source": "쇼핑몰",
    "Domain": "가전",
    "MainCategory": "계절가전",
    "ProductName": "르젠 LZEF-DC180",
    "ReviewScore": "4",
    "Syllable": "68",
    "Word": "15",
    "RDate": "20220819",
    "GeneralPolarity": "0",
    "Aspects": [
      {
        "Aspect": "소음",
        "SentimentText": "소음은 조용해서 사용하기 좋아요~~",
        "SentimentWord": "4",
        "SentimentPolarity": "1"
      },
      {
        "Aspect": "조작성",
        "SentimentText": "조립도 쉽고 간편해서 좋네요",
        "SentimentWord": "4",
        "SentimentPolarity": "1"
      },
      {
        "Aspect": "편의성",
        "SentimentText": " 블루투스 연결하는게 너무 어렵고 불편해요",
        "SentimentWord": "5",
        "SentimentPolarity": "-1"
      }
    ]
  },
  {
    "Index": "39451",
    "RawText": "풍량 단계조절이 많아 미세한 바람으로 사용 가능해서 좋네요~!! 디자인도 예쁘고 깔끔해서 집에서 인테리어 효과로도 만점이예요~ 소음이 없어 조용하고 사용하기 좋네요",
    "Source": "쇼핑몰",
    "Domain": "가전",
    "MainCategory": "계절가전",
    "ProductName": "르젠 LZEF-DC180",
    "ReviewScore": "4",
    "Syllable": "91",
    "Word": "20",
    "RDate": "20210523",
    "GeneralPolarity": "1",
    "Aspects": [
      {
        "Aspect": "기능",
        "SentimentText": "풍량 단계조절이 많아 미세한 바람으로 사용 가능해서 좋네요~!!",
        "SentimentWord": "8",
        "SentimentPolarity": "1"
      },
      {
        "Aspect": "디자인",
        "SentimentText": "디자인도 예쁘고 깔끔해서 집에서 인테리어 효과로도 만점이예요~",
        "SentimentWord": "7",
        "SentimentPolarity": "1"
      },
      {
        "Aspect": "소음",
        "SentimentText": "소음이 없어 조용하고 사용하기 좋네요",
        "SentimentWord": "5",
        "SentimentPolarity": "1"
      }
    ]
  },
  {
    "Index": "39452",
    "RawText": "풍량조절이 24단계까지 있어 바람세기를 미세하게 조절할 수 있어 너무 만족합니다~ 약하게 해도 너무 시원해요~ 소음도 느껴지지 않을 정도로 조용해서 너무 만족합니다. 디자인도 군더더기 없이 깔끔하게 포인트로 딱입니다",
    "Source": "쇼핑몰",
    "Domain": "가전",
    "MainCategory": "계절가전",
    "ProductName": "르젠 LZEF-DC180",
    "ReviewScore": "5",
    "Syllable": "120",
    "Word": "27",
    "RDate": "20220716",
    "GeneralPolarity": "1",
    "Aspects": [
      {
        "Aspect": "기능",
        "SentimentText": "풍량조절이 24단계까지 있어 바람세기를 미세하게 조절할 수 있어 너무 만족합니다~ 약하게 해도 너무 시원해요~",
        "SentimentWord": "14",
        "SentimentPolarity": "1"
      },
      {
        "Aspect": "소음",
        "SentimentText": "소음도 느껴지지 않을 정도로 조용해서 너무 만족합니다.",
        "SentimentWord": "7",
        "SentimentPolarity": "1"
      },
      {
        "Aspect": "디자인",
        "SentimentText": "디자인도 군더더기 없이 깔끔하게 포인트로 딱입니다",
        "SentimentWord": "6",
        "SentimentPolarity": "1"
      }
    ]
  },
  {
    "Index": "39453",
    "RawText": "선풍기 날개가 많아서 바람이 부드럽게 시원해서 좋아요~~ 잘때 틀면 딱이네요 소음도 엄청 조용해서 좋네요 작동시 발열도 없어 만족합니다",
    "Source": "쇼핑몰",
    "Domain": "가전",
    "MainCategory": "계절가전",
    "ProductName": "르젠 LZEF-DC180",
    "ReviewScore": "5",
    "Syllable": "75",
    "Word": "18",
    "RDate": "20200826",
    "GeneralPolarity": "1",
    "Aspects": [
      {
        "Aspect": "기능",
        "SentimentText": "선풍기 날개가 많아서 바람이 부드럽게 시원해서 좋아요~~",
        "SentimentWord": "7",
        "SentimentPolarity": "1"
      },
      {
        "Aspect": "소음",
        "SentimentText": "소음도 엄청 조용해서 좋네요",
        "SentimentWord": "4",
        "SentimentPolarity": "1"
      },
      {
        "Aspect": "내구성",
        "SentimentText": "작동시 발열도 없어 만족합니다",
        "SentimentWord": "4",
        "SentimentPolarity": "1"
      }
    ]
  },
  {
    "Index": "39454",
    "RawText": "소음이 없고 조용해서 아기 잘때 틀면 굿이네요! 수면풍으로 틀어도 시원하고 좋아요~ ",
    "Source": "쇼핑몰",
    "Domain": "가전",
    "MainCategory": "계절가전",
    "ProductName": "르젠 LZEF-DC180",
    "ReviewScore": "5",
    "Syllable": "47",
    "Word": "11",
    "RDate": "20220820",
    "GeneralPolarity": "1",
    "Aspects": [
      {
        "Aspect": "소음",
        "SentimentText": "소음이 없고 조용해서 아기 잘때 틀면 굿이네요!",
        "SentimentWord": "7",
        "SentimentPolarity": "1"
      },
      {
        "Aspect": "기능",
        "SentimentText": "수면풍으로 틀어도 시원하고 좋아요~",
        "SentimentWord": "4",
        "SentimentPolarity": "1"
      }
    ]
  },
  {
    "Index": "39455",
    "RawText": "가성비 훌륭한 선풍기네요!! 조용해서 일 할때 방해 안되서 좋네요 ",
    "Source": "쇼핑몰",
    "Domain": "가전",
    "MainCategory": "계절가전",
    "ProductName": "르젠 LZEF-DC180",
    "ReviewScore": "5",
    "Syllable": "37",
    "Word": "9",
    "RDate": "20220718",
    "GeneralPolarity": "1",
    "Aspects": [
      {
        "Aspect": "가격",
        "SentimentText": "가성비 훌륭한 선풍기네요!!",
        "SentimentWord": "3",
        "SentimentPolarity": "1"
      },
      {
        "Aspect": "소음",
        "SentimentText": "조용해서 일 할때 방해 안되서 좋네요",
        "SentimentWord": "6",
        "SentimentPolarity": "1"
      }
    ]
  }
]