[
  {
    "Index": "38006",
    "RawText": "설치가 간편해서 좋아요!  자연바람처럼 시원해서 좋고 작동도 아주 잘되요!!",
    "Source": "쇼핑몰",
    "Domain": "가전",
    "MainCategory": "계절가전",
    "ProductName": "다이슨 AM-07 에어멀티플라이어 일반구매",
    "ReviewScore": "5",
    "Syllable": "42",
    "Word": "9",
    "RDate": "20170621",
    "Aspects": [
      {
        "Aspect": "조작성",
        "SentimentText": "설치가 간편해서 좋아요!",
        "SentimentWord": "3",
        "SentimentPolarity": "1"
      },
      {
        "Aspect": "기능",
        "SentimentText": "자연바람처럼 시원해서 좋고 작동도 아주 잘되요!!",
        "SentimentWord": "6",
        "SentimentPolarity": "1"
      }
    ]
  },
  {
    "Index": "38007",
    "RawText": "소음이 없어 만족해요~ 색상이 조금 더 다양했음 좋았을걸 아쉽네요",
    "Source": "쇼핑몰",
    "Domain": "가전",
    "MainCategory": "계절가전",
    "ProductName": "다이슨 AM-07 에어멀티플라이어 일반구매",
    "ReviewScore": "5",
    "Syllable": "36",
    "Word": "9",
    "RDate": "20160629",
    "GeneralPolarity": "0",
    "Aspects": [
      {
        "Aspect": "소음",
        "SentimentText": "소음이 없어 만족해요~",
        "SentimentWord": "3",
        "SentimentPolarity": "1"
      },
      {
        "Aspect": "색상",
        "SentimentText": "색상이 조금 더 다양했음 좋았을걸 아쉽네요",
        "SentimentWord": "6",
        "SentimentPolarity": "-1"
      }
    ]
  },
  {
    "Index": "38008",
    "RawText": "00브랜드 믿고 주문했는데 불만족스럽네요. 생각보다 소음이 너무 커서 시끄럽네요ㅜㅜ",
    "Source": "쇼핑몰",
    "Domain": "가전",
    "MainCategory": "계절가전",
    "ProductName": "다이슨 AM-07 에어멀티플라이어 일반구매",
    "ReviewScore": "1",
    "Syllable": "46",
    "Word": "9",
    "RDate": "20200612",
    "Aspects": [
      {
        "Aspect": "제조일/제조사",
        "SentimentText": "00브랜드 믿고 주문했는데 불만족스럽네요.",
        "SentimentWord": "4",
        "SentimentPolarity": "-1"
      },
      {
        "Aspect": "소음",
        "SentimentText": "생각보다 소음이 너무 커서 시끄럽네요ㅜㅜ",
        "SentimentWord": "5",
        "SentimentPolarity": "-1"
      }
    ]
  },
  {
    "Index": "38009",
    "RawText": "디자인이 예뻐서 집안 인테리어 효과도 탁월하고요, 000만큼 기능적인면에서도 좋은 제품이 없어서 부담없이 선물 했어요.",
    "Source": "쇼핑몰",
    "Domain": "가전",
    "MainCategory": "계절가전",
    "ProductName": "다이슨 AM-07 에어멀티플라이어 일반구매",
    "ReviewScore": "5",
    "Syllable": "66",
    "Word": "14",
    "RDate": "20180624",
    "GeneralPolarity": "1",
    "Aspects": [
      {
        "Aspect": "디자인",
        "SentimentText": "디자인이 예뻐서 집안 인테리어 효과도 탁월하고요,",
        "SentimentWord": "6",
        "SentimentPolarity": "1"
      },
      {
        "Aspect": "제조일/제조사",
        "SentimentText": "000만큼 기능적인면에서도 좋은 제품이 없어서 부담없이 선물 했어요.",
        "SentimentWord": "8",
        "SentimentPolarity": "1"
      }
    ]
  },
  {
    "Index": "38010",
    "RawText": "아기 키우는 집에서는 000제품이 좋다고 해서 구매했는데 만족합니다 ㅋ소음은 있지만 아주 큰편은 아니라 괜찮아요 ㅋ아기가 다칠걱정 없이 안전하게 사용하기 좋습니다 ㅋ",
    "Source": "쇼핑몰",
    "Domain": "가전",
    "MainCategory": "계절가전",
    "ProductName": "다이슨 AM-07 에어멀티플라이어 일반구매",
    "ReviewScore": "5",
    "Syllable": "92",
    "Word": "21",
    "RDate": "20180907",
    "GeneralPolarity": "1",
    "Aspects": [
      {
        "Aspect": "제조일/제조사",
        "SentimentText": "아기 키우는 집에서는 000제품이 좋다고 해서 구매했는데 만족합니다 ㅋ",
        "SentimentWord": "9",
        "SentimentPolarity": "1"
      },
      {
        "Aspect": "소음",
        "SentimentText": "소음은 있지만 아주 큰편은 아니라 괜찮아요 ㅋ",
        "SentimentWord": "7",
        "SentimentPolarity": "0"
      },
      {
        "Aspect": "편의성",
        "SentimentText": "아기가 다칠걱정 없이 안전하게 사용하기 좋습니다 ㅋ",
        "SentimentWord": "7",
        "SentimentPolarity": "1"
      }
    ]
  },
  {
    "Index": "38011",
    "RawText": "아이가 만져도 다칠염려 없이 안전해서 사용이 편리하네요. 날개없는 깔끔한 디자인이 인테리어 효과에도 도움을 주어 만족합니다^^",
    "Source": "쇼핑몰",
    "Domain": "가전",
    "MainCategory": "계절가전",
    "ProductName": "다이슨 AM-07 에어멀티플라이어 일반구매",
    "ReviewScore": "4",
    "Syllable": "70",
    "Word": "15",
    "RDate": "20190522",
    "GeneralPolarity": "1",
    "Aspects": [
      {
        "Aspect": "편의성",
        "SentimentText": "아이가 만져도 다칠염려 없이 안전해서 사용이 편리하네요.",
        "SentimentWord": "7",
        "SentimentPolarity": "1"
      },
      {
        "Aspect": "디자인",
        "SentimentText": "날개없는 깔끔한 디자인이 인테리어 효과에도 도움을 주어 만족합니다^^",
        "SentimentWord": "8",
        "SentimentPolarity": "1"
      }
    ]
  },
  {
    "Index": "38012",
    "RawText": "일반 선풍기보다 바람이 덜 시원하고 성능도 약한것 같아 실망스러워요ㅠ  바람이 세질수록 소음이 커져서 불편해요.",
    "Source": "쇼핑몰",
    "Domain": "가전",
    "MainCategory": "계절가전",
    "ProductName": "다이슨 AM-07 에어멀티플라이어 일반구매",
    "ReviewScore": "3",
    "Syllable": "62",
    "Word": "14",
    "RDate": "20170609",
    "Aspects": [
      {
        "Aspect": "기능",
        "SentimentText": "일반 선풍기보다 바람이 덜 시원하고 성능도 약한것 같아 실망스러워요ㅠ ",
        "SentimentWord": "9",
        "SentimentPolarity": "-1"
      },
      {
        "Aspect": "소음",
        "SentimentText": "바람이 세질수록 소음이 커져서 불편해요.",
        "SentimentWord": "5",
        "SentimentPolarity": "-1"
      }
    ]
  },
  {
    "Index": "38013",
    "RawText": "최저가로 사서 기분 최고! 무게가 가벼워서 잘 넘어져 사용이 조심스럽습니다.",
    "Source": "쇼핑몰",
    "Domain": "가전",
    "MainCategory": "계절가전",
    "ProductName": "다이슨 AM-07 에어멀티플라이어 일반구매",
    "ReviewScore": "5",
    "Syllable": "42",
    "Word": "10",
    "RDate": "20190609",
    "GeneralPolarity": "0",
    "Aspects": [
      {
        "Aspect": "가격",
        "SentimentText": "최저가로 사서 기분 최고!",
        "SentimentWord": "4",
        "SentimentPolarity": "1"
      },
      {
        "Aspect": "무게",
        "SentimentText": "무게가 가벼워서 잘 넘어져 사용이 조심스럽습니다.",
        "SentimentWord": "6",
        "SentimentPolarity": "-1"
      }
    ]
  },
  {
    "Index": "38015",
    "RawText": "블랙색상 친구 결혼선물로사줬는데 고급스럽고 예뻐서 만족합니다. 다만 모터 돌아가는 소리가 좀 커서 아쉽다고 하네요.",
    "Source": "쇼핑몰",
    "Domain": "가전",
    "MainCategory": "계절가전",
    "ProductName": "다이슨 AM-07 에어멀티플라이어 일반구매",
    "ReviewScore": "4",
    "Syllable": "64",
    "Word": "14",
    "RDate": "20160628",
    "Aspects": [
      {
        "Aspect": "색상",
        "SentimentText": "블랙색상 친구 결혼선물로사줬는데 고급스럽고 예뻐서 만족합니다.",
        "SentimentWord": "6",
        "SentimentPolarity": "1"
      },
      {
        "Aspect": "소음",
        "SentimentText": "다만 모터 돌아가는 소리가 좀 커서 아쉽다고 하네요.",
        "SentimentWord": "8",
        "SentimentPolarity": "-1"
      }
    ]
  },
  {
    "Index": "38017",
    "RawText": "친정 부모님께 선물로 드렸어요. 자연바람처럼 느껴지는 제품이라 만족합니다. 밝은색상이 예뻐서 좋아하시네요.",
    "Source": "쇼핑몰",
    "Domain": "가전",
    "MainCategory": "계절가전",
    "ProductName": "다이슨 AM-07 에어멀티플라이어 일반구매",
    "ReviewScore": "5",
    "Syllable": "59",
    "Word": "11",
    "RDate": "20180511",
    "GeneralPolarity": "1",
    "Aspects": [
      {
        "Aspect": "기능",
        "SentimentText": "자연바람처럼 느껴지는 제품이라 만족합니다.",
        "SentimentWord": "4",
        "SentimentPolarity": "1"
      },
      {
        "Aspect": "색상",
        "SentimentText": "밝은색상이 예뻐서 좋아하시네요.",
        "SentimentWord": "3",
        "SentimentPolarity": "1"
      }
    ]
  },
  {
    "Index": "38018",
    "RawText": "카드할인 적용해서 저렴한 가격에 구입해서 만족합니다. 포장상태 깔끔하게 잘 왔고 배송이 빨라서 좋네요. 000제품 최고네요! 블랙 샀는데 너무 예뻐요.",
    "Source": "쇼핑몰",
    "Domain": "가전",
    "MainCategory": "계절가전",
    "ProductName": "다이슨 AM-07 에어멀티플라이어 일반구매",
    "ReviewScore": "4",
    "Syllable": "84",
    "Word": "19",
    "RDate": "20160702",
    "Aspects": [
      {
        "Aspect": "가격",
        "SentimentText": "카드할인 적용해서 저렴한 가격에 구입해서 만족합니다.",
        "SentimentWord": "6",
        "SentimentPolarity": "1"
      },
      {
        "Aspect": "제조일/제조사",
        "SentimentText": "000제품 최고네요!",
        "SentimentWord": "2",
        "SentimentPolarity": "1"
      },
      {
        "Aspect": "색상",
        "SentimentText": "블랙 샀는데 너무 예뻐요.",
        "SentimentWord": "4",
        "SentimentPolarity": "1"
      }
    ]
  },
  {
    "Index": "38020",
    "RawText": "필터교환없이 사용가능해서 사용법이 간단해서 좋습니다. 저렴하게 구입해서 마음에 들어요.",
    "Source": "쇼핑몰",
    "Domain": "가전",
    "MainCategory": "계절가전",
    "ProductName": "다이슨 AM-07 에어멀티플라이어 일반구매",
    "ReviewScore": "5",
    "Syllable": "48",
    "Word": "9",
    "RDate": "20220612",
    "GeneralPolarity": "1",
    "Aspects": [
      {
        "Aspect": "조작성",
        "SentimentText": "필터교환없이 사용가능해서 사용법이 간단해서 좋습니다.",
        "SentimentWord": "5",
        "SentimentPolarity": "1"
      },
      {
        "Aspect": "가격",
        "SentimentText": "저렴하게 구입해서 마음에 들어요.",
        "SentimentWord": "4",
        "SentimentPolarity": "1"
      }
    ]
  },
  {
    "Index": "38023",
    "RawText": "화이트 색상은 정말 깔끔해서 사람들이 정말 좋아할 수 밖에 없네요~ 예쁜디자인도 만족합니다. 무게가 가벼워서 좋고 사용설명서 보면서 조립하니 쉽네요. 다만 공기청정기능이 없어 아쉽지만 시원한 자연바람이 마음에 들어요.",
    "Source": "쇼핑몰",
    "Domain": "가전",
    "MainCategory": "계절가전",
    "ProductName": "다이슨 AM-07 에어멀티플라이어 일반구매",
    "ReviewScore": "5",
    "Syllable": "121",
    "Word": "27",
    "RDate": "20210827",
    "GeneralPolarity": "1",
    "Aspects": [
      {
        "Aspect": "색상",
        "SentimentText": "화이트 색상은 정말 깔끔해서 사람들이 정말 좋아할 수 밖에 없네요~",
        "SentimentWord": "10",
        "SentimentPolarity": "1"
      },
      {
        "Aspect": "디자인",
        "SentimentText": "예쁜디자인도 만족합니다.",
        "SentimentWord": "2",
        "SentimentPolarity": "1"
      },
      {
        "Aspect": "무게",
        "SentimentText": "무게가 가벼워서 좋고",
        "SentimentWord": "3",
        "SentimentPolarity": "1"
      },
      {
        "Aspect": "조작성",
        "SentimentText": "사용설명서 보면서 조립하니 쉽네요.",
        "SentimentWord": "4",
        "SentimentPolarity": "1"
      },
      {
        "Aspect": "기능",
        "SentimentText": "공기청정기능이 없어 아쉽지만 시원한 자연바람이 마음에 들어요. ",
        "SentimentWord": "7",
        "SentimentPolarity": "0"
      }
    ]
  },
  {
    "Index": "38025",
    "RawText": "회전안되는 불량품이 도착해서 짜증이 나네요. 작동시 소음도 꽤 커서 거슬리고 마음에 안드네요ㅠ",
    "Source": "쇼핑몰",
    "Domain": "가전",
    "MainCategory": "계절가전",
    "ProductName": "다이슨 AM-07 에어멀티플라이어 일반구매",
    "ReviewScore": "1",
    "Syllable": "52",
    "Word": "12",
    "RDate": "20170623",
    "Aspects": [
      {
        "Aspect": "품질",
        "SentimentText": "회전안되는 불량품이 도착해서 짜증이 나네요.",
        "SentimentWord": "5",
        "SentimentPolarity": "-1"
      },
      {
        "Aspect": "소음",
        "SentimentText": "작동시 소음도 꽤 커서 거슬리고 마음에 안드네요ㅠ",
        "SentimentWord": "7",
        "SentimentPolarity": "-1"
      }
    ]
  },
  {
    "Index": "38027",
    "RawText": "스크래치 하나 없는 깨끗한 상품이 도착해서 정말 좋아요! 제품 디자인도 깔끔하고 너무 멋져요!!",
    "Source": "쇼핑몰",
    "Domain": "가전",
    "MainCategory": "계절가전",
    "ProductName": "다이슨 AM-07 에어멀티플라이어 일반구매",
    "ReviewScore": "5",
    "Syllable": "53",
    "Word": "13",
    "RDate": "20220603",
    "Aspects": [
      {
        "Aspect": "품질",
        "SentimentText": "스크래치 하나 없는 깨끗한 상품이 도착해서 정말 좋아요!",
        "SentimentWord": "8",
        "SentimentPolarity": "1"
      },
      {
        "Aspect": "디자인",
        "SentimentText": "제품 디자인도 깔끔하고 너무 멋져요!!",
        "SentimentWord": "5",
        "SentimentPolarity": "1"
      }
    ]
  },
  {
    "Index": "38028",
    "RawText": "기존제품보다 사이즈가 약간 커서 잘 안맞네요ㅠ 콘센트가 달려있지 않아서 아쉬워요.",
    "Source": "쇼핑몰",
    "Domain": "가전",
    "MainCategory": "계절가전",
    "ProductName": "도리도리 동우산업 DWV-11DRB",
    "ReviewScore": "4",
    "Syllable": "45",
    "Word": "10",
    "RDate": "20171122",
    "Aspects": [
      {
        "Aspect": "사이즈",
        "SentimentText": "기존제품보다 사이즈가 약간 커서 잘 안맞네요ㅠ",
        "SentimentWord": "6",
        "SentimentPolarity": "-1"
      },
      {
        "Aspect": "제품구성",
        "SentimentText": "콘센트가 달려있지 않아서 아쉬워요.",
        "SentimentWord": "4",
        "SentimentPolarity": "-1"
      }
    ]
  },
  {
    "Index": "38029",
    "RawText": "작동도 잘되서 만족해요!! 소음이 없어 좋아요.",
    "Source": "쇼핑몰",
    "Domain": "가전",
    "MainCategory": "계절가전",
    "ProductName": "도리도리 동우산업 DWV-11DRB",
    "ReviewScore": "5",
    "Syllable": "26",
    "Word": "6",
    "RDate": "20210110",
    "Aspects": [
      {
        "Aspect": "기능",
        "SentimentText": "작동도 잘되서 만족해요!!",
        "SentimentWord": "3",
        "SentimentPolarity": "1"
      },
      {
        "Aspect": "소음",
        "SentimentText": "소음이 없어 좋아요.",
        "SentimentWord": "3",
        "SentimentPolarity": "1"
      }
    ]
  },
  {
    "Index": "38032",
    "RawText": "5개월 사용했는데 소리가 많이 나서 마음에 들지않지만 재구매서 사용하고 있습니다. 오래 사용하지 못하고 금방 고장나서 아쉬워요.",
    "Source": "쇼핑몰",
    "Domain": "가전",
    "MainCategory": "계절가전",
    "ProductName": "도리도리 동우산업 DWV-11DRB",
    "ReviewScore": "5",
    "Syllable": "71",
    "Word": "16",
    "RDate": "20220214",
    "GeneralPolarity": "-1",
    "Aspects": [
      {
        "Aspect": "소음",
        "SentimentText": "5개월 사용했는데 소리가 많이 나서 마음에 들지않지만",
        "SentimentWord": "7",
        "SentimentPolarity": "-1"
      },
      {
        "Aspect": "품질",
        "SentimentText": "오래 사용하지 못하고 금방 고장나서 아쉬워요.",
        "SentimentWord": "6",
        "SentimentPolarity": "-1"
      }
    ]
  },
  {
    "Index": "38034",
    "RawText": "저소음 제품이라 시끄럽지 않고 조용해요. 전력소모도 작아서 마음에 드네요....",
    "Source": "쇼핑몰",
    "Domain": "가전",
    "MainCategory": "계절가전",
    "ProductName": "도리도리 동우산업 DWV-11DRB",
    "ReviewScore": "5",
    "Syllable": "44",
    "Word": "9",
    "RDate": "20211012",
    "GeneralPolarity": "1",
    "Aspects": [
      {
        "Aspect": "소음",
        "SentimentText": "저소음 제품이라 시끄럽지 않고 조용해요.",
        "SentimentWord": "5",
        "SentimentPolarity": "1"
      },
      {
        "Aspect": "소비전력",
        "SentimentText": "전력소모도 작아서 마음에 드네요....",
        "SentimentWord": "4",
        "SentimentPolarity": "1"
      }
    ]
  },
  {
    "Index": "38035",
    "RawText": "ㄱ자로 꺽여있어 연결방법이 많이 어려워요. 포장도 허술하게 와서 기분이 좋지 않아요.. 크기도 생각보다 너무크니까 설치에 부담스럽네요.ㅠㅠ",
    "Source": "쇼핑몰",
    "Domain": "가전",
    "MainCategory": "계절가전",
    "ProductName": "도리도리 동우산업 DWV-11DRB",
    "ReviewScore": "4",
    "Syllable": "77",
    "Word": "16",
    "RDate": "20201025",
    "GeneralPolarity": "-1",
    "Aspects": [
      {
        "Aspect": "조작성",
        "SentimentText": "ㄱ자로 꺽여있어 연결방법이 많이 어려워요.",
        "SentimentWord": "5",
        "SentimentPolarity": "-1"
      },
      {
        "Aspect": "사이즈",
        "SentimentText": "크기도 생각보다 너무크니까 설치에 부담스럽네요.ㅠㅠ",
        "SentimentWord": "5",
        "SentimentPolarity": "-1"
      }
    ]
  },
  {
    "Index": "38036",
    "RawText": "저렴한 가격에 구입을 해서 좋습니다. 연결부분이 배선으로되어있는데 클립을 해두었더라면 더좋았을텐데 이점이 아쉽네요.",
    "Source": "쇼핑몰",
    "Domain": "가전",
    "MainCategory": "계절가전",
    "ProductName": "도리도리 동우산업 DWV-11DRB",
    "ReviewScore": "4",
    "Syllable": "64",
    "Word": "12",
    "RDate": "20201209",
    "GeneralPolarity": "0",
    "Aspects": [
      {
        "Aspect": "가격",
        "SentimentText": "저렴한 가격에 구입을 해서 좋습니다.",
        "SentimentWord": "5",
        "SentimentPolarity": "1"
      },
      {
        "Aspect": "제품구성",
        "SentimentText": "연결부분이 배선으로되어있는데 클립을 해두었더라면 더좋았을텐데 이점이 아쉽네요.",
        "SentimentWord": "7",
        "SentimentPolarity": "-1"
      }
    ]
  },
  {
    "Index": "38037",
    "RawText": "가격대에 딱 맞게 만족스러운 제품입니다. 전기 인입이 전선으로 되어있어 좀 불편하지만, 기존 철거제품에 코드가 있어 별다른 문제 없이 연결했습니다.",
    "Source": "쇼핑몰",
    "Domain": "가전",
    "MainCategory": "계절가전",
    "ProductName": "도리도리 동우산업 DWV-11DRB",
    "ReviewScore": "4",
    "Syllable": "82",
    "Word": "19",
    "RDate": "20181223",
    "GeneralPolarity": "0",
    "Aspects": [
      {
        "Aspect": "가격",
        "SentimentText": "가격대에 딱 맞게 만족스러운 제품입니다.",
        "SentimentWord": "5",
        "SentimentPolarity": "1"
      },
      {
        "Aspect": "제품구성",
        "SentimentText": "전기 인입이 전선으로 되어있어 좀 불편하지만,",
        "SentimentWord": "6",
        "SentimentPolarity": "-1"
      },
      {
        "Aspect": "조작성",
        "SentimentText": "별다른 문제 없이 연결했습니다.",
        "SentimentWord": "4",
        "SentimentPolarity": "1"
      }
    ]
  },
  {
    "Index": "38038",
    "RawText": "가성비 정말 짱이네요. 댐펴기능이 있어서 담배냄세나 등의 다른집 냄새가 역류되지 않게 막아 주니 마음에 드네요. 소리도 아주 작아서 좋아요.",
    "Source": "쇼핑몰",
    "Domain": "가전",
    "MainCategory": "계절가전",
    "ProductName": "도리도리 동우산업 DWV-11DRB",
    "ReviewScore": "5",
    "Syllable": "78",
    "Word": "19",
    "RDate": "20200821",
    "GeneralPolarity": "1",
    "Aspects": [
      {
        "Aspect": "가격",
        "SentimentText": "가성비 정말 짱이네요.",
        "SentimentWord": "3",
        "SentimentPolarity": "1"
      },
      {
        "Aspect": "기능",
        "SentimentText": "댐펴기능이 있어서 담배냄세나 등의 다른집 냄새가 역류되지 않게 막아 주니 마음에 드네요.",
        "SentimentWord": "12",
        "SentimentPolarity": "1"
      },
      {
        "Aspect": "소음",
        "SentimentText": "소리도 아주 작아서 좋아요.",
        "SentimentWord": "4",
        "SentimentPolarity": "1"
      }
    ]
  },
  {
    "Index": "38039",
    "RawText": "가성비는.. 좋은데, 모터 소음이 지지직거려 별로에요.. ㅡㅡ;;;",
    "Source": "쇼핑몰",
    "Domain": "가전",
    "MainCategory": "계절가전",
    "ProductName": "도리도리 동우산업 DWV-11DRB",
    "ReviewScore": "3",
    "Syllable": "37",
    "Word": "7",
    "RDate": "20170213",
    "GeneralPolarity": "0",
    "Aspects": [
      {
        "Aspect": "가격",
        "SentimentText": "가성비는.. 좋은데,",
        "SentimentWord": "2",
        "SentimentPolarity": "1"
      },
      {
        "Aspect": "소음",
        "SentimentText": "모터 소음이 지지직거려 별로에요.. ㅡㅡ;;;",
        "SentimentWord": "5",
        "SentimentPolarity": "-1"
      }
    ]
  },
  {
    "Index": "38040",
    "RawText": "타사이트에 비해 저렴한 가격에 구입을 해서 좋아요. 배송도 정말 빨라서 만족합니다. 간편한 설치법이 마음에 드네요.",
    "Source": "쇼핑몰",
    "Domain": "가전",
    "MainCategory": "계절가전",
    "ProductName": "도리도리 동우산업 DWV-11DRB",
    "ReviewScore": "5",
    "Syllable": "64",
    "Word": "15",
    "RDate": "20160702",
    "GeneralPolarity": "1",
    "Aspects": [
      {
        "Aspect": "가격",
        "SentimentText": "타사이트에 비해 저렴한 가격에 구입을 해서 좋아요.",
        "SentimentWord": "7",
        "SentimentPolarity": "1"
      },
      {
        "Aspect": "조작성",
        "SentimentText": "간편한 설치법이 마음에 드네요.",
        "SentimentWord": "4",
        "SentimentPolarity": "1"
      }
    ]
  },
  {
    "Index": "38041",
    "RawText": "착한 가격에 구입해서 좋아요. 빠른 배송에도 정말 만족합니다. 확실히 소음이 적어서 귀가 편하네요. 환기도 잘되어 냄새가 나지않아 마음에 듭니다!",
    "Source": "쇼핑몰",
    "Domain": "가전",
    "MainCategory": "계절가전",
    "ProductName": "도리도리 동우산업 DWV-11DRB",
    "ReviewScore": "5",
    "Syllable": "81",
    "Word": "19",
    "RDate": "20220825",
    "GeneralPolarity": "1",
    "Aspects": [
      {
        "Aspect": "가격",
        "SentimentText": "착한 가격에 구입해서 좋아요.",
        "SentimentWord": "4",
        "SentimentPolarity": "1"
      },
      {
        "Aspect": "소음",
        "SentimentText": "확실히 소음이 적어서 귀가 편하네요.",
        "SentimentWord": "5",
        "SentimentPolarity": "1"
      },
      {
        "Aspect": "기능",
        "SentimentText": "환기도 잘되어 냄새가 나지않아 마음에 듭니다!",
        "SentimentWord": "6",
        "SentimentPolarity": "1"
      }
    ]
  },
  {
    "Index": "38042",
    "RawText": "저렴한 가격에 구입해서 마음에 드네요. 배송도 빨리와서 만족합니다. 제품의 품질도 아주 좋습니다.",
    "Source": "쇼핑몰",
    "Domain": "가전",
    "MainCategory": "계절가전",
    "ProductName": "도리도리 동우산업 DWV-11DRB",
    "ReviewScore": "5",
    "Syllable": "54",
    "Word": "12",
    "RDate": "20170913",
    "GeneralPolarity": "1",
    "Aspects": [
      {
        "Aspect": "가격",
        "SentimentText": "저렴한 가격에 구입해서 마음에 드네요.",
        "SentimentWord": "5",
        "SentimentPolarity": "1"
      },
      {
        "Aspect": "품질",
        "SentimentText": "제품의 품질도 아주 좋습니다.",
        "SentimentWord": "4",
        "SentimentPolarity": "1"
      }
    ]
  },
  {
    "Index": "38043",
    "RawText": "배송이 매우빨라서 마음에 드네요. 환기가 잘되어 만족스럽고 가성비가 매우 좋은 제품입니다.",
    "Source": "쇼핑몰",
    "Domain": "가전",
    "MainCategory": "계절가전",
    "ProductName": "도리도리 동우산업 DWV-11DRB",
    "ReviewScore": "5",
    "Syllable": "50",
    "Word": "11",
    "RDate": "20181227",
    "GeneralPolarity": "1",
    "Aspects": [
      {
        "Aspect": "기능",
        "SentimentText": "환기가 잘되어 만족스럽고",
        "SentimentWord": "3",
        "SentimentPolarity": "1"
      },
      {
        "Aspect": "가격",
        "SentimentText": "가성비가 매우 좋은 제품입니다.",
        "SentimentWord": "4",
        "SentimentPolarity": "1"
      }
    ]
  },
  {
    "Index": "38044",
    "RawText": "가성비 좋은 제품으로 추천합니다. 작동이 되는 줄도 모를 정도로 소음이 없어서 마음에 들어요. 환기도 잘되어 만족하며 사용하고 있어요.",
    "Source": "쇼핑몰",
    "Domain": "가전",
    "MainCategory": "계절가전",
    "ProductName": "도리도리 동우산업 DWV-11DRB",
    "ReviewScore": "5",
    "Syllable": "75",
    "Word": "18",
    "RDate": "20210513",
    "GeneralPolarity": "1",
    "Aspects": [
      {
        "Aspect": "가격",
        "SentimentText": "가성비 좋은 제품으로 추천합니다.",
        "SentimentWord": "4",
        "SentimentPolarity": "1"
      },
      {
        "Aspect": "소음",
        "SentimentText": "작동이 되는 줄도 모를 정도로 소음이 없어서 마음에 들어요.",
        "SentimentWord": "9",
        "SentimentPolarity": "1"
      },
      {
        "Aspect": "기능",
        "SentimentText": "환기도 잘되어 만족하며 사용하고 있어요.",
        "SentimentWord": "5",
        "SentimentPolarity": "1"
      }
    ]
  },
  {
    "Index": "38045",
    "RawText": "가격대비 제품이 만족스러워요  배송도 빠르게 보내주셔서 좋아요  포장도 뽁뽁이로 꼼꼼하게 보내주셔서 파손이 없었네요 감사합니다 촌스럽지 않고 깔끔한 디자인 마음에 듭니다..",
    "Source": "쇼핑몰",
    "Domain": "가전",
    "MainCategory": "계절가전",
    "ProductName": "도리도리 동우산업 DWV-11DRB",
    "ReviewScore": "5",
    "Syllable": "96",
    "Word": "20",
    "RDate": "20171027",
    "GeneralPolarity": "1",
    "Aspects": [
      {
        "Aspect": "가격",
        "SentimentText": "가격대비 제품이 만족스러워요",
        "SentimentWord": "3",
        "SentimentPolarity": "1"
      },
      {
        "Aspect": "디자인",
        "SentimentText": "촌스럽지 않고 깔끔한 디자인 마음에 듭니다.. ",
        "SentimentWord": "6",
        "SentimentPolarity": "1"
      }
    ]
  },
  {
    "Index": "38046",
    "RawText": "기존 제품과 비슷한걸로 구매했는데 사이즈가 잘 맞지 않아요 ㅠㅠ 환풍이 잘 되지않아 마음에 들지 않네요..",
    "Source": "쇼핑몰",
    "Domain": "가전",
    "MainCategory": "계절가전",
    "ProductName": "도리도리 동우산업 DWV-11DRB",
    "ReviewScore": "3",
    "Syllable": "59",
    "Word": "15",
    "RDate": "20210428",
    "GeneralPolarity": "-1",
    "Aspects": [
      {
        "Aspect": "사이즈",
        "SentimentText": "사이즈가 잘 맞지 않아요 ㅠㅠ",
        "SentimentWord": "5",
        "SentimentPolarity": "-1"
      },
      {
        "Aspect": "기능",
        "SentimentText": "환풍이 잘 되지않아 마음에 들지 않네요..",
        "SentimentWord": "6",
        "SentimentPolarity": "-1"
      }
    ]
  },
  {
    "Index": "38047",
    "RawText": "사용하다보면 소음은 점점 커져서 시끄러워서 불만이예요  제조일도 최근에 만들어진 제품이 아니어서 아쉽네요",
    "Source": "쇼핑몰",
    "Domain": "가전",
    "MainCategory": "계절가전",
    "ProductName": "도리도리 동우산업 DWV-11DRB",
    "ReviewScore": "4",
    "Syllable": "58",
    "Word": "12",
    "RDate": "20170925",
    "GeneralPolarity": "-1",
    "Aspects": [
      {
        "Aspect": "소음",
        "SentimentText": "사용하다보면 소음은 점점 커져서 시끄러워서 불만이예요",
        "SentimentWord": "6",
        "SentimentPolarity": "-1"
      },
      {
        "Aspect": "제조일/제조사",
        "SentimentText": "제조일도 최근에 만들어진 제품이 아니어서 아쉽네요",
        "SentimentWord": "6",
        "SentimentPolarity": "-1"
      }
    ]
  },
  {
    "Index": "38048",
    "RawText": "환풍기능을 제대로 못해서 불만이예요  그런데 소음은 크지 않아서 괜찮아요",
    "Source": "쇼핑몰",
    "Domain": "가전",
    "MainCategory": "계절가전",
    "ProductName": "도리도리 동우산업 DWV-11DRB",
    "ReviewScore": "4",
    "Syllable": "40",
    "Word": "9",
    "RDate": "20210417",
    "GeneralPolarity": "-1",
    "Aspects": [
      {
        "Aspect": "기능",
        "SentimentText": "환풍기능을 제대로 못해서 불만이예요",
        "SentimentWord": "4",
        "SentimentPolarity": "-1"
      },
      {
        "Aspect": "소음",
        "SentimentText": "그런데 소음은 크지 않아서 괜찮아요",
        "SentimentWord": "5",
        "SentimentPolarity": "0"
      }
    ]
  },
  {
    "Index": "38049",
    "RawText": "나사랑 환풍기, 설명서 다 포함된 구성으로 빠짐없이 와서 좋아요. 환풍이 잘 되어 만족합니다.",
    "Source": "쇼핑몰",
    "Domain": "가전",
    "MainCategory": "계절가전",
    "ProductName": "도리도리 동우산업 DWV-11DRB",
    "ReviewScore": "4",
    "Syllable": "52",
    "Word": "13",
    "RDate": "20180331",
    "GeneralPolarity": "1",
    "Aspects": [
      {
        "Aspect": "제품구성",
        "SentimentText": "나사랑 환풍기, 설명서 다 포함된 구성으로 빠짐없이 와서 좋아요.",
        "SentimentWord": "9",
        "SentimentPolarity": "1"
      },
      {
        "Aspect": "기능",
        "SentimentText": "환풍이 잘 되어 만족합니다.",
        "SentimentWord": "4",
        "SentimentPolarity": "1"
      }
    ]
  },
  {
    "Index": "38050",
    "RawText": "2주만에 배송되어 기다리면서 고객센터 통화연결도 거의 되지않고 답변도 늦어서 짜증남. 포장도 대충되어 와서 마음에 안들어요. 일단 상품자체는 하자없이 괜찮아서 만족합니다. 설치후 사용했는데 소음도 없고...잘 사용하겠습니다.",
    "Source": "쇼핑몰",
    "Domain": "가전",
    "MainCategory": "계절가전",
    "ProductName": "도리도리 동우산업 DWV-11DRB",
    "ReviewScore": "1",
    "Syllable": "125",
    "Word": "25",
    "RDate": "20170915",
    "GeneralPolarity": "1",
    "Aspects": [
      {
        "Aspect": "품질",
        "SentimentText": "일단 상품자체는 하자없이 괜찮아서 만족합니다.",
        "SentimentWord": "5",
        "SentimentPolarity": "1"
      },
      {
        "Aspect": "소음",
        "SentimentText": "설치후 사용했는데 소음도 없고...잘 사용하겠습니다.",
        "SentimentWord": "5",
        "SentimentPolarity": "1"
      }
    ]
  },
  {
    "Index": "38051",
    "RawText": "제조일이 오래지난 제품이라 실망스럽습니다. 안쪽 부분은 검은색에서 흰색으로 바뀌어 마음에 들지 않습니다...",
    "Source": "쇼핑몰",
    "Domain": "가전",
    "MainCategory": "계절가전",
    "ProductName": "도리도리 동우산업 DWV-11DRB",
    "ReviewScore": "5",
    "Syllable": "60",
    "Word": "12",
    "RDate": "20191216",
    "GeneralPolarity": "-1",
    "Aspects": [
      {
        "Aspect": "제조일/제조사",
        "SentimentText": "제조일이 오래지난 제품이라 실망스럽습니다.",
        "SentimentWord": "4",
        "SentimentPolarity": "-1"
      },
      {
        "Aspect": "색상",
        "SentimentText": "안쪽 부분은 검은색에서 흰색으로 바뀌어 마음에 들지 않습니다...",
        "SentimentWord": "8",
        "SentimentPolarity": "-1"
      }
    ]
  },
  {
    "Index": "38052",
    "RawText": "이전 사용하던 제품과 호환되지 않아 설치가 어렵고 힘들었지만 2개를 아주 저렴한 가격에 구입하여 만족합니다. 환풍기능도 잘 되어 냄새가 나지않아 좋고 소음없이 조용해서 마음에 들어요.",
    "Source": "쇼핑몰",
    "Domain": "가전",
    "MainCategory": "계절가전",
    "ProductName": "도리도리 동우산업 DWV-11DRB",
    "ReviewScore": "5",
    "Syllable": "102",
    "Word": "24",
    "RDate": "20190118",
    "GeneralPolarity": "1",
    "Aspects": [
      {
        "Aspect": "조작성",
        "SentimentText": "이전 사용하던 제품과 호환되지 않아 설치가 어렵고 힘들었지만",
        "SentimentWord": "8",
        "SentimentPolarity": "-1"
      },
      {
        "Aspect": "가격",
        "SentimentText": "2개를 아주 저렴한 가격에 구입하여 만족합니다.",
        "SentimentWord": "6",
        "SentimentPolarity": "1"
      },
      {
        "Aspect": "기능",
        "SentimentText": "환풍기능도 잘 되어 냄새가 나지않아 좋고",
        "SentimentWord": "6",
        "SentimentPolarity": "1"
      },
      {
        "Aspect": "소음",
        "SentimentText": "소음없이 조용해서 마음에 들어요.",
        "SentimentWord": "4",
        "SentimentPolarity": "1"
      }
    ]
  },
  {
    "Index": "38053",
    "RawText": "이전에 사용하던 제품에 비해 소음이 확실히 적어서 마음에 드네요. 환기도 잘되어 냄새가 나지 않아 좋아요. 저렴한 가격에 구입을 해서 더더욱 만족합니다.",
    "Source": "쇼핑몰",
    "Domain": "가전",
    "MainCategory": "계절가전",
    "ProductName": "도리도리 동우산업 DWV-11DRB",
    "ReviewScore": "5",
    "Syllable": "85",
    "Word": "21",
    "RDate": "20211108",
    "GeneralPolarity": "1",
    "Aspects": [
      {
        "Aspect": "소음",
        "SentimentText": "소음이 확실히 적어서 마음에 드네요.",
        "SentimentWord": "5",
        "SentimentPolarity": "1"
      },
      {
        "Aspect": "기능",
        "SentimentText": "환기도 잘되어 냄새가 나지 않아 좋아요.",
        "SentimentWord": "6",
        "SentimentPolarity": "1"
      },
      {
        "Aspect": "가격",
        "SentimentText": "저렴한 가격에 구입을 해서 더더욱 만족합니다.",
        "SentimentWord": "6",
        "SentimentPolarity": "1"
      }
    ]
  },
  {
    "Index": "38054",
    "RawText": "소음이 작아 만족합니다.  작동시 진동이 없어 좋네요",
    "Source": "쇼핑몰",
    "Domain": "가전",
    "MainCategory": "계절가전",
    "ProductName": "도리도리 동우산업 DWV-11DRB",
    "ReviewScore": "5",
    "Syllable": "29",
    "Word": "7",
    "RDate": "20181024",
    "GeneralPolarity": "1",
    "Aspects": [
      {
        "Aspect": "소음",
        "SentimentText": "소음이 작아 만족합니다.",
        "SentimentWord": "3",
        "SentimentPolarity": "1"
      },
      {
        "Aspect": "기능",
        "SentimentText": "작동시 진동이 없어 좋네요",
        "SentimentWord": "4",
        "SentimentPolarity": "1"
      }
    ]
  },
  {
    "Index": "38055",
    "RawText": "소음이 없어 조용하네요. 냄새 흡입력은 별로네요.",
    "Source": "쇼핑몰",
    "Domain": "가전",
    "MainCategory": "계절가전",
    "ProductName": "도리도리 동우산업 DWV-11DRB",
    "ReviewScore": "1",
    "Syllable": "27",
    "Word": "6",
    "RDate": "20160929",
    "GeneralPolarity": "0",
    "Aspects": [
      {
        "Aspect": "소음",
        "SentimentText": "소음이 없어 조용하네요.",
        "SentimentWord": "3",
        "SentimentPolarity": "1"
      },
      {
        "Aspect": "기능",
        "SentimentText": "냄새 흡입력은 별로네요.",
        "SentimentWord": "3",
        "SentimentPolarity": "-1"
      }
    ]
  },
  {
    "Index": "38056",
    "RawText": "소음은 살짝 있지만 쓸만해요     제조된지 한참 지난 제품이 와서 기분이 별로네요.",
    "Source": "쇼핑몰",
    "Domain": "가전",
    "MainCategory": "계절가전",
    "ProductName": "도리도리 동우산업 DWV-11DRB",
    "ReviewScore": "5",
    "Syllable": "47",
    "Word": "11",
    "RDate": "20220405",
    "GeneralPolarity": "0",
    "Aspects": [
      {
        "Aspect": "소음",
        "SentimentText": "소음은 살짝 있지만 쓸만해요 ",
        "SentimentWord": "4",
        "SentimentPolarity": "0"
      },
      {
        "Aspect": "제조일/제조사",
        "SentimentText": "  제조된지 한참 지난 제품이 와서 기분이 별로네요.",
        "SentimentWord": "7",
        "SentimentPolarity": "-1"
      }
    ]
  },
  {
    "Index": "38060",
    "RawText": "흡입력이 약해서 맘에 들지 않지만 소음이 없어서 조용하니 편하네요.",
    "Source": "쇼핑몰",
    "Domain": "가전",
    "MainCategory": "계절가전",
    "ProductName": "도리도리 동우산업 DWV-11DRB",
    "ReviewScore": "3",
    "Syllable": "37",
    "Word": "9",
    "RDate": "20210415",
    "GeneralPolarity": "0",
    "Aspects": [
      {
        "Aspect": "기능",
        "SentimentText": "흡입력이 약해서 맘에 들지 않지만",
        "SentimentWord": "5",
        "SentimentPolarity": "-1"
      },
      {
        "Aspect": "소음",
        "SentimentText": "소음이 없어서 조용하니 편하네요.",
        "SentimentWord": "4",
        "SentimentPolarity": "1"
      }
    ]
  },
  {
    "Index": "38062",
    "RawText": "소음이 없어 조용해요  환풍기 기능을 제대로 못하는 것 같아 불만족스러워요",
    "Source": "쇼핑몰",
    "Domain": "가전",
    "MainCategory": "계절가전",
    "ProductName": "도리도리 동우산업 DWV-11DRB",
    "ReviewScore": "3",
    "Syllable": "41",
    "Word": "10",
    "RDate": "20170308",
    "GeneralPolarity": "0",
    "Aspects": [
      {
        "Aspect": "소음",
        "SentimentText": "소음이 없어 조용해요",
        "SentimentWord": "3",
        "SentimentPolarity": "1"
      },
      {
        "Aspect": "기능",
        "SentimentText": "환풍기 기능을 제대로 못하는 것 같아 불만족스러워요",
        "SentimentWord": "7",
        "SentimentPolarity": "-1"
      }
    ]
  },
  {
    "Index": "38064",
    "RawText": "OOO에서 할인받아 저렴한 가격에 구매해서 좋아요  배송도 빠르게 잘 받았습니다 설치후에 바로 사용해봤는데 성능 대박이네요.",
    "Source": "쇼핑몰",
    "Domain": "가전",
    "MainCategory": "계절가전",
    "ProductName": "도리도리 동우산업 DWV-11DRB",
    "ReviewScore": "5",
    "Syllable": "69",
    "Word": "15",
    "RDate": "20180713",
    "GeneralPolarity": "1",
    "Aspects": [
      {
        "Aspect": "가격",
        "SentimentText": "OOO에서 할인받아 저렴한 가격에 구매해서 좋아요",
        "SentimentWord": "6",
        "SentimentPolarity": "1"
      },
      {
        "Aspect": "기능",
        "SentimentText": "설치후에 바로 사용해봤는데 성능 대박이네요.",
        "SentimentWord": "5",
        "SentimentPolarity": "1"
      }
    ]
  },
  {
    "Index": "38065",
    "RawText": "댐퍼가 고장난 물건을 보내셨어요 ㅠ  포장을 좀 더 꼼꼼하게 해서 보내주세요 색깔은 왜이렇게 칙칙해요? 설치도 전에 애정이 식네요.ㅠㅠ",
    "Source": "쇼핑몰",
    "Domain": "가전",
    "MainCategory": "계절가전",
    "ProductName": "도리도리 동우산업 DWV-11DRB",
    "ReviewScore": "4",
    "Syllable": "75",
    "Word": "18",
    "RDate": "20220227",
    "GeneralPolarity": "-1",
    "Aspects": [
      {
        "Aspect": "품질",
        "SentimentText": "댐퍼가 고장난 물건을 보내셨어요 ㅠ",
        "SentimentWord": "5",
        "SentimentPolarity": "-1"
      },
      {
        "Aspect": "색상",
        "SentimentText": "색깔은 왜이렇게 칙칙해요? 설치도 전에 애정이 식네요.ㅠㅠ",
        "SentimentWord": "7",
        "SentimentPolarity": "-1"
      }
    ]
  },
  {
    "Index": "38066",
    "RawText": "저렴한 가격에 구입해서 마음에 들어요. 빠른 배송이 만족스러웠지만 반품 과정은 까다로워 불편하네요. 값싼 프라스틱으로 제작해서 그런가요...싼티가 풀풀나네요.",
    "Source": "쇼핑몰",
    "Domain": "가전",
    "MainCategory": "계절가전",
    "ProductName": "도리도리 동우산업 DWV-11DRB",
    "ReviewScore": "5",
    "Syllable": "88",
    "Word": "17",
    "RDate": "20170307",
    "GeneralPolarity": "0",
    "Aspects": [
      {
        "Aspect": "가격",
        "SentimentText": "저렴한 가격에 구입해서 마음에 들어요.",
        "SentimentWord": "5",
        "SentimentPolarity": "1"
      },
      {
        "Aspect": "소재",
        "SentimentText": "값싼 프라스틱으로 제작해서 그런가요...싼티가 풀풀나네요.",
        "SentimentWord": "5",
        "SentimentPolarity": "-1"
      }
    ]
  },
  {
    "Index": "38067",
    "RawText": "구매전에 고민을 많이 하다가 구입했는데 소음이 작아서 만족합니다. 제품을 이용해 공기청정기 만들정도로 흡입력이 강력해서 좋아요.",
    "Source": "쇼핑몰",
    "Domain": "가전",
    "MainCategory": "계절가전",
    "ProductName": "도리도리 동우산업 DWV-11DRB",
    "ReviewScore": "5",
    "Syllable": "71",
    "Word": "15",
    "RDate": "20190308",
    "GeneralPolarity": "1",
    "Aspects": [
      {
        "Aspect": "소음",
        "SentimentText": "소음이 작아서 만족합니다.",
        "SentimentWord": "3",
        "SentimentPolarity": "1"
      },
      {
        "Aspect": "기능",
        "SentimentText": "흡입력이 강력해서 좋아요.",
        "SentimentWord": "3",
        "SentimentPolarity": "1"
      }
    ]
  },
  {
    "Index": "38069",
    "RawText": "이 사이트에서 가장 저렴하게 판매해서 만족하며 구매했어요. 소음이 없어서 귀에 거슬리지 않아 좋아요.",
    "Source": "쇼핑몰",
    "Domain": "가전",
    "MainCategory": "계절가전",
    "ProductName": "도리도리 동우산업 DWV-11DRB",
    "ReviewScore": "5",
    "Syllable": "56",
    "Word": "13",
    "RDate": "20190226",
    "GeneralPolarity": "1",
    "Aspects": [
      {
        "Aspect": "가격",
        "SentimentText": "이 사이트에서 가장 저렴하게 판매해서 만족하며 구매했어요.",
        "SentimentWord": "7",
        "SentimentPolarity": "1"
      },
      {
        "Aspect": "소음",
        "SentimentText": "소음이 없어서 귀에 거슬리지 않아 좋아요.",
        "SentimentWord": "6",
        "SentimentPolarity": "1"
      }
    ]
  },
  {
    "Index": "38071",
    "RawText": "소음은 적어서 좋아요  디자인도 심플하고 예뻐요  환풍기 흡입력은 약해서 별로네요   ",
    "Source": "쇼핑몰",
    "Domain": "가전",
    "MainCategory": "계절가전",
    "ProductName": "도리도리 동우산업 DWV-11DRB",
    "ReviewScore": "4",
    "Syllable": "48",
    "Word": "10",
    "RDate": "20170609",
    "GeneralPolarity": "1",
    "Aspects": [
      {
        "Aspect": "소음",
        "SentimentText": "소음은 적어서 좋아요",
        "SentimentWord": "3",
        "SentimentPolarity": "1"
      },
      {
        "Aspect": "디자인",
        "SentimentText": "디자인도 심플하고 예뻐요",
        "SentimentWord": "3",
        "SentimentPolarity": "1"
      },
      {
        "Aspect": "기능",
        "SentimentText": "환풍기 흡입력은 약해서 별로네요",
        "SentimentWord": "4",
        "SentimentPolarity": "-1"
      }
    ]
  },
  {
    "Index": "38074",
    "RawText": "가격대비 최고인 제품이예요! 만족합니다. 흡입력도 강력해서 마음에 드네요 설치는 조금 힘들었어요..",
    "Source": "쇼핑몰",
    "Domain": "가전",
    "MainCategory": "계절가전",
    "ProductName": "도리도리 동우산업 DWV-11DRB",
    "ReviewScore": "5",
    "Syllable": "55",
    "Word": "11",
    "RDate": "20190410",
    "GeneralPolarity": "1",
    "Aspects": [
      {
        "Aspect": "가격",
        "SentimentText": "가격대비 최고인 제품이예요! 만족합니다.",
        "SentimentWord": "4",
        "SentimentPolarity": "1"
      },
      {
        "Aspect": "조작성",
        "SentimentText": "설치는 조금 힘들었어요..",
        "SentimentWord": "3",
        "SentimentPolarity": "-1"
      }
    ]
  },
  {
    "Index": "38075",
    "RawText": "빠른 배송 감사해요~  상품구성이 더 많았으면 좋겠어요 아쉽네요 너무나 저렴하게 구매해 그점은 맘에 드네요.",
    "Source": "쇼핑몰",
    "Domain": "가전",
    "MainCategory": "계절가전",
    "ProductName": "도리도리 동우산업 DWV-11DRB",
    "ReviewScore": "5",
    "Syllable": "60",
    "Word": "14",
    "RDate": "20211106",
    "GeneralPolarity": "0",
    "Aspects": [
      {
        "Aspect": "제품구성",
        "SentimentText": "상품구성이 더 많았으면 좋겠어요 아쉽네요",
        "SentimentWord": "5",
        "SentimentPolarity": "-1"
      },
      {
        "Aspect": "가격",
        "SentimentText": "너무나 저렴하게 구매해 그점은 맘에 드네요.",
        "SentimentWord": "6",
        "SentimentPolarity": "1"
      }
    ]
  },
  {
    "Index": "38076",
    "RawText": "모터 덮개 파손되고 커버 가운데도 파손되어 왔네요... 포장도 허술하게 다 찌그러져서 왔네요.. 소음도 너무나 심해 함부로 작동버튼 누르기가 겁나네요.ㅠㅠ",
    "Source": "쇼핑몰",
    "Domain": "가전",
    "MainCategory": "계절가전",
    "ProductName": "도리도리 동우산업 DWV-11DRB",
    "ReviewScore": "1",
    "Syllable": "86",
    "Word": "19",
    "RDate": "20200326",
    "GeneralPolarity": "-1",
    "Aspects": [
      {
        "Aspect": "품질",
        "SentimentText": "모터 덮개 파손되고 커버 가운데도 파손되어 왔네요...",
        "SentimentWord": "7",
        "SentimentPolarity": "-1"
      },
      {
        "Aspect": "소음",
        "SentimentText": "소음도 너무나 심해 함부로 작동버튼 누르기가 겁나네요.ㅠㅠ",
        "SentimentWord": "7",
        "SentimentPolarity": "-1"
      }
    ]
  },
  {
    "Index": "38077",
    "RawText": "화장실용으로 사용하기에 성능이 딱이네요  소음도 없어 만족합니다.",
    "Source": "쇼핑몰",
    "Domain": "가전",
    "MainCategory": "계절가전",
    "ProductName": "도리도리 동우산업 DWV-11DRB",
    "ReviewScore": "5",
    "Syllable": "36",
    "Word": "7",
    "RDate": "20170214",
    "GeneralPolarity": "1",
    "Aspects": [
      {
        "Aspect": "기능",
        "SentimentText": "화장실용으로 사용하기에 성능이 딱이네요",
        "SentimentWord": "4",
        "SentimentPolarity": "1"
      },
      {
        "Aspect": "소음",
        "SentimentText": "소음도 없어 만족합니다.",
        "SentimentWord": "3",
        "SentimentPolarity": "1"
      }
    ]
  },
  {
    "Index": "38078",
    "RawText": "저렴하게 좋은 가격에 잘 구매했어요~  배송이 빠르게 와서 만족스럽습니다 제품 디자인이 무척 깔끔하고 간결해서 마음에 듭니다..",
    "Source": "쇼핑몰",
    "Domain": "가전",
    "MainCategory": "계절가전",
    "ProductName": "도리도리 동우산업 DWV-11DRB",
    "ReviewScore": "5",
    "Syllable": "71",
    "Word": "16",
    "RDate": "20170304",
    "GeneralPolarity": "1",
    "Aspects": [
      {
        "Aspect": "가격",
        "SentimentText": "저렴하게 좋은 가격에 잘 구매했어요~",
        "SentimentWord": "5",
        "SentimentPolarity": "1"
      },
      {
        "Aspect": "디자인",
        "SentimentText": "제품 디자인이 무척 깔끔하고 간결해서 마음에 듭니다..",
        "SentimentWord": "7",
        "SentimentPolarity": "1"
      }
    ]
  },
  {
    "Index": "38079",
    "RawText": "재품 사이즈도 생각보다 커서 잘 안맞아서 실망ㅠ  본체와 커버결합 프라스틱? 모두 깨져 있네요...",
    "Source": "쇼핑몰",
    "Domain": "가전",
    "MainCategory": "계절가전",
    "ProductName": "도리도리 동우산업 DWV-11DRB",
    "ReviewScore": "5",
    "Syllable": "55",
    "Word": "13",
    "RDate": "20191213",
    "Aspects": [
      {
        "Aspect": "사이즈",
        "SentimentText": "재품 사이즈도 생각보다 커서 잘 안맞아서 실망ㅠ",
        "SentimentWord": "7",
        "SentimentPolarity": "-1"
      },
      {
        "Aspect": "품질",
        "SentimentText": "본체와 커버결합 프라스틱? 모두 깨져 있네요...",
        "SentimentWord": "6",
        "SentimentPolarity": "-1"
      }
    ]
  },
  {
    "Index": "38080",
    "RawText": "OOO쇼핑 배송서비스가 엉망이예요   가격 저렴하다고 주문했는데 실망했어요 설치후에 사용해봤는데 왜이렇게 시끄럽조?",
    "Source": "쇼핑몰",
    "Domain": "가전",
    "MainCategory": "계절가전",
    "ProductName": "도리도리 동우산업 DWV-11DRB",
    "ReviewScore": "1",
    "Syllable": "64",
    "Word": "11",
    "RDate": "20200921",
    "GeneralPolarity": "-1",
    "Aspects": [
      {
        "Aspect": "가격",
        "SentimentText": "가격 저렴하다고 주문했는데 실망했어요",
        "SentimentWord": "4",
        "SentimentPolarity": "-1"
      },
      {
        "Aspect": "소음",
        "SentimentText": "설치후에 사용해봤는데 왜이렇게 시끄럽조?",
        "SentimentWord": "4",
        "SentimentPolarity": "-1"
      }
    ]
  },
  {
    "Index": "38081",
    "RawText": "배송이 빨라서 마음에 드네요. 기존에 사용하던 제품과 사이즈가 같아서 마음에 듭니다.. 디자인도 설치후에 거슬리지 않아 맘에 들어요.",
    "Source": "쇼핑몰",
    "Domain": "가전",
    "MainCategory": "계절가전",
    "ProductName": "도리도리 동우산업 DWV-11DRB",
    "ReviewScore": "5",
    "Syllable": "74",
    "Word": "17",
    "RDate": "20210330",
    "GeneralPolarity": "1",
    "Aspects": [
      {
        "Aspect": "사이즈",
        "SentimentText": "기존에 사용하던 제품과 사이즈가 같아서 마음에 듭니다..",
        "SentimentWord": "7",
        "SentimentPolarity": "1"
      },
      {
        "Aspect": "디자인",
        "SentimentText": "디자인도 설치후에 거슬리지 않아 맘에 들어요.",
        "SentimentWord": "6",
        "SentimentPolarity": "1"
      }
    ]
  },
  {
    "Index": "38082",
    "RawText": "제품을 저렴한 가격에 잘 구입했습니다. 부자재도 합배송을 해주셨고 배송이 정말 빨라서 만족합니다. 제품 흡입력이 높아 활용성이 좋아 만족해요.",
    "Source": "쇼핑몰",
    "Domain": "가전",
    "MainCategory": "계절가전",
    "ProductName": "도리도리 동우산업 DWV-11DRB",
    "ReviewScore": "5",
    "Syllable": "79",
    "Word": "18",
    "RDate": "20211223",
    "GeneralPolarity": "1",
    "Aspects": [
      {
        "Aspect": "가격",
        "SentimentText": "저렴한 가격에 잘 구입했습니다.",
        "SentimentWord": "4",
        "SentimentPolarity": "1"
      },
      {
        "Aspect": "편의성",
        "SentimentText": "제품 흡입력이 높아 활용성이 좋아 만족해요. ",
        "SentimentWord": "6",
        "SentimentPolarity": "1"
      }
    ]
  },
  {
    "Index": "38084",
    "RawText": "저렴한 가격에 잘 구매했어요~^^  배송도 빠르게 보내주셨어요^^  제품도 고장없이 품질이 좋아 만족스럽네요.",
    "Source": "쇼핑몰",
    "Domain": "가전",
    "MainCategory": "계절가전",
    "ProductName": "도리도리 동우산업 DWV-11DRB",
    "ReviewScore": "5",
    "Syllable": "61",
    "Word": "12",
    "RDate": "20170425",
    "GeneralPolarity": "1",
    "Aspects": [
      {
        "Aspect": "가격",
        "SentimentText": "저렴한 가격에 잘 구매했어요~^^",
        "SentimentWord": "4",
        "SentimentPolarity": "1"
      },
      {
        "Aspect": "품질",
        "SentimentText": "제품도 고장없이 품질이 좋아 만족스럽네요.",
        "SentimentWord": "5",
        "SentimentPolarity": "1"
      }
    ]
  },
  {
    "Index": "38085",
    "RawText": "뚜껑 고정부분 마감이 불량이라 사용하는데 너무 불편해요  다음엔 포장 꼼꼼하게 검수 잘 해서 보내주세요 모양은 크게 모나지않고 그럭저럭 쓸만해요",
    "Source": "쇼핑몰",
    "Domain": "가전",
    "MainCategory": "계절가전",
    "ProductName": "도리도리 동우산업 DWV-11DRB",
    "ReviewScore": "3",
    "Syllable": "80",
    "Word": "19",
    "RDate": "20200730",
    "GeneralPolarity": "-1",
    "Aspects": [
      {
        "Aspect": "품질",
        "SentimentText": "뚜껑 고정부분 마감이 불량이라 사용하는데 너무 불편해요",
        "SentimentWord": "7",
        "SentimentPolarity": "-1"
      },
      {
        "Aspect": "디자인",
        "SentimentText": "모양은 크게 모나지않고 그럭저럭 쓸만해요",
        "SentimentWord": "5",
        "SentimentPolarity": "0"
      }
    ]
  },
  {
    "Index": "38086",
    "RawText": "빠른배송이 정말 마음에 드네요. 제품이 싼티가 나서 구매가 후회됩니다. 연기 흡입이 약해서 요리한번 하고나면 주방에 연기가 가득해요.",
    "Source": "쇼핑몰",
    "Domain": "가전",
    "MainCategory": "계절가전",
    "ProductName": "도리도리 동우산업 DWV-11DRB",
    "ReviewScore": "1",
    "Syllable": "74",
    "Word": "17",
    "RDate": "20170304",
    "GeneralPolarity": "-1",
    "Aspects": [
      {
        "Aspect": "디자인",
        "SentimentText": "싼티가 나서 구매가 후회됩니다.",
        "SentimentWord": "4",
        "SentimentPolarity": "-1"
      },
      {
        "Aspect": "기능",
        "SentimentText": "연기 흡입이 약해서 요리한번 하고나면 주방에 연기가 가득해요.",
        "SentimentWord": "8",
        "SentimentPolarity": "-1"
      }
    ]
  },
  {
    "Index": "38087",
    "RawText": "파손된 제품을 보내주셔서 황당해요  포장좀 꼼꼼하게 검수해서 보내주세요  소음은 조용한 편이라 괜찮아요  공기흡입력은 그럭저럭 이네요",
    "Source": "쇼핑몰",
    "Domain": "가전",
    "MainCategory": "계절가전",
    "ProductName": "도리도리 동우산업 DWV-11DRB",
    "ReviewScore": "2",
    "Syllable": "74",
    "Word": "15",
    "RDate": "20190110",
    "GeneralPolarity": "-1",
    "Aspects": [
      {
        "Aspect": "품질",
        "SentimentText": "파손된 제품을 보내주셔서 황당해요",
        "SentimentWord": "4",
        "SentimentPolarity": "-1"
      },
      {
        "Aspect": "소음",
        "SentimentText": "소음은 조용한 편이라 괜찮아요",
        "SentimentWord": "4",
        "SentimentPolarity": "1"
      },
      {
        "Aspect": "기능",
        "SentimentText": "공기흡입력은 그럭저럭 이네요",
        "SentimentWord": "3",
        "SentimentPolarity": "0"
      }
    ]
  },
  {
    "Index": "38088",
    "RawText": "빠른 배송 감사해요~^^  소음도 없어 만족합니다!  국산이라 품질도 믿고 사용할수있어 좋아요",
    "Source": "쇼핑몰",
    "Domain": "가전",
    "MainCategory": "계절가전",
    "ProductName": "도리도리 동우산업 DWV-11DRB",
    "ReviewScore": "5",
    "Syllable": "52",
    "Word": "11",
    "RDate": "20210727",
    "GeneralPolarity": "1",
    "Aspects": [
      {
        "Aspect": "소음",
        "SentimentText": " 소음도 없어 만족합니다!",
        "SentimentWord": "3",
        "SentimentPolarity": "1"
      },
      {
        "Aspect": "품질",
        "SentimentText": "국산이라 품질도 믿고 사용할수있어 좋아요",
        "SentimentWord": "5",
        "SentimentPolarity": "1"
      }
    ]
  },
  {
    "Index": "38089",
    "RawText": "가격대비 괜찮은 제품 구매해서 좋네요~^^   작년에 2개 구매했는데 1개가 벌써 고장이 났어요 품질은 조금 별로에요",
    "Source": "쇼핑몰",
    "Domain": "가전",
    "MainCategory": "계절가전",
    "ProductName": "도리도리 동우산업 DWV-11DRB",
    "ReviewScore": "5",
    "Syllable": "65",
    "Word": "15",
    "RDate": "20180531",
    "GeneralPolarity": "0",
    "Aspects": [
      {
        "Aspect": "가격",
        "SentimentText": "가격대비 괜찮은 제품 구매해서 좋네요~^^",
        "SentimentWord": "5",
        "SentimentPolarity": "1"
      },
      {
        "Aspect": "품질",
        "SentimentText": " 작년에 2개 구매했는데 1개가 벌써 고장이 났어요 품질은 조금 별로에요",
        "SentimentWord": "10",
        "SentimentPolarity": "-1"
      }
    ]
  },
  {
    "Index": "38090",
    "RawText": "제품이 부서진 상태로 와서 기분 별로예요  포장을 좀 더 꼼꼼하게 신경써주세요 가격정보 꼼꼼하게 따져서 저렴하게 구매했어요..",
    "Source": "쇼핑몰",
    "Domain": "가전",
    "MainCategory": "계절가전",
    "ProductName": "도리도리 동우산업 DWV-11DRB",
    "ReviewScore": "2",
    "Syllable": "70",
    "Word": "16",
    "RDate": "20191115",
    "GeneralPolarity": "0",
    "Aspects": [
      {
        "Aspect": "품질",
        "SentimentText": "제품이 부서진 상태로 와서 기분 별로예요",
        "SentimentWord": "6",
        "SentimentPolarity": "-1"
      },
      {
        "Aspect": "가격",
        "SentimentText": "가격정보 꼼꼼하게 따져서 저렴하게 구매했어요.",
        "SentimentWord": "5",
        "SentimentPolarity": "1"
      }
    ]
  },
  {
    "Index": "38092",
    "RawText": "빠른 배송으로 보내주셔서 감사합니다  제품 결합쪽 마감 퀄리티가 좋지 않네요  디자인은 너무 투박해서 아쉬워요",
    "Source": "쇼핑몰",
    "Domain": "가전",
    "MainCategory": "계절가전",
    "ProductName": "도리도리 동우산업 DWV-11DRB",
    "ReviewScore": "4",
    "Syllable": "61",
    "Word": "14",
    "RDate": "20180322",
    "GeneralPolarity": "0",
    "Aspects": [
      {
        "Aspect": "품질",
        "SentimentText": "제품 결합쪽 마감 퀄리티가 좋지 않네요",
        "SentimentWord": "6",
        "SentimentPolarity": "-1"
      },
      {
        "Aspect": "디자인",
        "SentimentText": "디자인은 너무 투박해서 아쉬워요",
        "SentimentWord": "4",
        "SentimentPolarity": "-1"
      }
    ]
  },
  {
    "Index": "38093",
    "RawText": "배송은  빠르게 보내주셨어요~^^ 그런데 구성품 중 커버케이스 다리하나가 부러져 왔어요. 환풍기 돌아가는 소리는 없네요 ^^    흡입력은 그럭저럭 보통이에요",
    "Source": "쇼핑몰",
    "Domain": "가전",
    "MainCategory": "계절가전",
    "ProductName": "도리도리 동우산업 DWV-11DRB",
    "ReviewScore": "4",
    "Syllable": "88",
    "Word": "18",
    "RDate": "20170326",
    "GeneralPolarity": "0",
    "Aspects": [
      {
        "Aspect": "품질",
        "SentimentText": "구성품중 커버케이스 다리하나가 부러져 왔어요",
        "SentimentWord": "5",
        "SentimentPolarity": "-1"
      },
      {
        "Aspect": "소음",
        "SentimentText": "환풍기 돌아가는 소리는 없네요 ^^  ",
        "SentimentWord": "5",
        "SentimentPolarity": "1"
      },
      {
        "Aspect": "기능",
        "SentimentText": "흡입력은 그럭저럭 보통이에요",
        "SentimentWord": "3",
        "SentimentPolarity": "0"
      }
    ]
  },
  {
    "Index": "38096",
    "RawText": "오차도 없이 사이즈가 딱 맞아 너무 좋아요  소음도 없어서 만족합니다.",
    "Source": "쇼핑몰",
    "Domain": "가전",
    "MainCategory": "계절가전",
    "ProductName": "도리도리 동우산업 DWV-11DRB",
    "ReviewScore": "4",
    "Syllable": "39",
    "Word": "10",
    "RDate": "20200516",
    "GeneralPolarity": "1",
    "Aspects": [
      {
        "Aspect": "사이즈",
        "SentimentText": "오차도 없이 사이즈가 딱 맞아 너무 좋아요",
        "SentimentWord": "7",
        "SentimentPolarity": "1"
      },
      {
        "Aspect": "소음",
        "SentimentText": "소음도 없어서 만족합니다.",
        "SentimentWord": "3",
        "SentimentPolarity": "1"
      }
    ]
  },
  {
    "Index": "38097",
    "RawText": "사이즈가 생각보다 커서 겨우 장착했어요  소음도 없어 좋아요~",
    "Source": "쇼핑몰",
    "Domain": "가전",
    "MainCategory": "계절가전",
    "ProductName": "도리도리 동우산업 DWV-11DRB",
    "ReviewScore": "5",
    "Syllable": "34",
    "Word": "8",
    "RDate": "20210414",
    "GeneralPolarity": "0",
    "Aspects": [
      {
        "Aspect": "사이즈",
        "SentimentText": "사이즈가 생각보다 커서 겨우 장착했어요",
        "SentimentWord": "5",
        "SentimentPolarity": "0"
      },
      {
        "Aspect": "소음",
        "SentimentText": "소음도 없어 좋아요~",
        "SentimentWord": "3",
        "SentimentPolarity": "1"
      }
    ]
  },
  {
    "Index": "38098",
    "RawText": "팬 사이즈가 커서 냄새를 빨리 빼줘서 좋네요  환풍기 사이즈는 기존보다 커서 아쉬워요.",
    "Source": "쇼핑몰",
    "Domain": "가전",
    "MainCategory": "계절가전",
    "ProductName": "도리도리 동우산업 DWV-11DRB",
    "ReviewScore": "5",
    "Syllable": "48",
    "Word": "12",
    "RDate": "20200610",
    "GeneralPolarity": "0",
    "Aspects": [
      {
        "Aspect": "기능",
        "SentimentText": "팬 사이즈가 커서 냄새를 빨리 빼줘서 좋네요",
        "SentimentWord": "7",
        "SentimentPolarity": "1"
      },
      {
        "Aspect": "사이즈",
        "SentimentText": "환풍기 사이즈는 기존보다 커서 아쉬워요.",
        "SentimentWord": "5",
        "SentimentPolarity": "-1"
      }
    ]
  },
  {
    "Index": "38099",
    "RawText": "소음이 적어 마음에 드나 사이즈가 맞지않아 임시로 사용하고 있다는 점이 아쉽네요.",
    "Source": "쇼핑몰",
    "Domain": "가전",
    "MainCategory": "계절가전",
    "ProductName": "도리도리 동우산업 DWV-11DRB",
    "ReviewScore": "5",
    "Syllable": "45",
    "Word": "11",
    "RDate": "20170406",
    "GeneralPolarity": "0",
    "Aspects": [
      {
        "Aspect": "소음",
        "SentimentText": "소음이 적어 마음에 드나",
        "SentimentWord": "4",
        "SentimentPolarity": "1"
      },
      {
        "Aspect": "사이즈",
        "SentimentText": "사이즈가 맞지않아 임시로 사용하고 있다는 점이 아쉽네요.",
        "SentimentWord": "7",
        "SentimentPolarity": "-1"
      }
    ]
  },
  {
    "Index": "38100",
    "RawText": "실물이 사진과 같은 디자인이라 마음에 드네요. 빠른 배송이 만족스럽습니다. 소음 하나도 없이 잘 작동해서 만족합니다.",
    "Source": "쇼핑몰",
    "Domain": "가전",
    "MainCategory": "계절가전",
    "ProductName": "도리도리 동우산업 DWV-11DRB",
    "ReviewScore": "4",
    "Syllable": "65",
    "Word": "15",
    "RDate": "20170117",
    "GeneralPolarity": "1",
    "Aspects": [
      {
        "Aspect": "디자인",
        "SentimentText": "실물이 사진과 같은 디자인이라 마음에 드네요.",
        "SentimentWord": "6",
        "SentimentPolarity": "1"
      },
      {
        "Aspect": "소음",
        "SentimentText": "소음 하나도 없이 잘 작동해서 만족합니다.",
        "SentimentWord": "6",
        "SentimentPolarity": "1"
      }
    ]
  },
  {
    "Index": "38101",
    "RawText": "디자인이 깔끔해서 마음에 들고~~ 재질도 고급스러워서 만족합니다. 소음이 없어서 사용하기 좋네요~~ ^^ 빠른 배송 감사합니다.",
    "Source": "쇼핑몰",
    "Domain": "가전",
    "MainCategory": "계절가전",
    "ProductName": "도리도리 동우산업 DWV-11DRB",
    "ReviewScore": "4",
    "Syllable": "71",
    "Word": "15",
    "RDate": "20220719",
    "GeneralPolarity": "1",
    "Aspects": [
      {
        "Aspect": "디자인",
        "SentimentText": "디자인이 깔끔해서 마음에 들고~~",
        "SentimentWord": "4",
        "SentimentPolarity": "1"
      },
      {
        "Aspect": "소재",
        "SentimentText": "재질도 고급스러워서 만족합니다.",
        "SentimentWord": "3",
        "SentimentPolarity": "1"
      },
      {
        "Aspect": "소음",
        "SentimentText": "소음이 없어서 사용하기 좋네요~~ ^^",
        "SentimentWord": "5",
        "SentimentPolarity": "1"
      }
    ]
  },
  {
    "Index": "38102",
    "RawText": "제품 가격은 아주 저렴하고 좋아요!! 받고보니 생각보다 제품도 튼튼하지도 않아서 마음에 안드네요ㅠ",
    "Source": "쇼핑몰",
    "Domain": "가전",
    "MainCategory": "계절가전",
    "ProductName": "도리도리 동우산업 DWV-11DRB",
    "ReviewScore": "2",
    "Syllable": "54",
    "Word": "12",
    "RDate": "20190307",
    "Aspects": [
      {
        "Aspect": "가격",
        "SentimentText": "제품 가격은 아주 저렴하고 좋아요!!",
        "SentimentWord": "5",
        "SentimentPolarity": "-1"
      },
      {
        "Aspect": "품질",
        "SentimentText": "받고보니 생각보다 제품도 튼튼하지도 않아서 마음에 안드네요ㅠ",
        "SentimentWord": "7",
        "SentimentPolarity": "-1"
      }
    ]
  },
  {
    "Index": "38103",
    "RawText": "제품의 포장상태는 멀쩡한데 제품이 약간손상되어 도착했어요...왜 그런건지 알수가 없어 답답하네요ㅜ 잘 작동되는거 보면 성능에는 별문제 없어보여 그냥 사용하는데 왜 손상이 된건지 좀 찝찝하네요...",
    "Source": "쇼핑몰",
    "Domain": "가전",
    "MainCategory": "계절가전",
    "ProductName": "도리도리 동우산업 DWV-11DRB",
    "ReviewScore": "2",
    "Syllable": "109",
    "Word": "23",
    "RDate": "20211203",
    "GeneralPolarity": "-1",
    "Aspects": [
      {
        "Aspect": "품질",
        "SentimentText": "제품의 포장상태는 멀쩡한데 제품이 약간손상되어 도착했어요... 왜 그런건지 알수가 없어 답답하네요ㅜ",
        "SentimentWord": "11",
        "SentimentPolarity": "-1"
      },
      {
        "Aspect": "기능",
        "SentimentText": "잘 작동되는거 보면 성능에는 별문제 없어보여 그냥 사용하는데 왜 손상이 된건지 좀 찝찝하네요...",
        "SentimentWord": "13",
        "SentimentPolarity": "-1"
      }
    ]
  },
  {
    "Index": "38104",
    "RawText": "상품은 튼튼하고 품질 좋아요!!  환풍기 흡입력은 약한것 같네요ㅜ ",
    "Source": "쇼핑몰",
    "Domain": "가전",
    "MainCategory": "계절가전",
    "ProductName": "도리도리 동우산업 DWV-11DRB",
    "ReviewScore": "4",
    "Syllable": "37",
    "Word": "8",
    "RDate": "20171206",
    "Aspects": [
      {
        "Aspect": "품질",
        "SentimentText": "상품은 튼튼하고 품질 좋아요!! ",
        "SentimentWord": "4",
        "SentimentPolarity": "1"
      },
      {
        "Aspect": "기능",
        "SentimentText": " 환풍기 흡입력은 약한것 같네요ㅜ",
        "SentimentWord": "4",
        "SentimentPolarity": "-1"
      }
    ]
  },
  {
    "Index": "38105",
    "RawText": "환풍기 가격도 저렴해서 좋아요! 잘 작동되고 소음이 거의 없어 조용해서  괜찮은거 같은데 좀 더 사용해봐야겠네요",
    "Source": "쇼핑몰",
    "Domain": "가전",
    "MainCategory": "계절가전",
    "ProductName": "도리도리 동우산업 DWV-11DRB",
    "ReviewScore": "4",
    "Syllable": "62",
    "Word": "15",
    "RDate": "20171123",
    "Aspects": [
      {
        "Aspect": "가격",
        "SentimentText": "환풍기 가격도 저렴해서 좋아요!",
        "SentimentWord": "4",
        "SentimentPolarity": "1"
      },
      {
        "Aspect": "소음",
        "SentimentText": "잘 작동되고 소음이 거의 없어 조용해서  괜찮은거 같은데 좀 더 사용해봐야겠네요",
        "SentimentWord": "11",
        "SentimentPolarity": "0"
      }
    ]
  },
  {
    "Index": "38106",
    "RawText": "환풍기 설치할때 필요한 후크가 2군데나 손상되어서 뚜껑이 덜 닫혀서 황당하네요 환풍기 흡입력이 약해서 냄새가 잘 안빠지고 별로예요ㅜ",
    "Source": "쇼핑몰",
    "Domain": "가전",
    "MainCategory": "계절가전",
    "ProductName": "도리도리 동우산업 DWV-11DRB",
    "ReviewScore": "5",
    "Syllable": "73",
    "Word": "17",
    "RDate": "20160903",
    "Aspects": [
      {
        "Aspect": "품질",
        "SentimentText": "환풍기 설치할때 필요한 후크가 2군데나 손상되어서 뚜껑이 덜 닫혀서 황당하네요",
        "SentimentWord": "10",
        "SentimentPolarity": "-1"
      },
      {
        "Aspect": "기능",
        "SentimentText": "환풍기 흡입력이 약해서 냄새가 잘 안빠지고 별로예요ㅜ",
        "SentimentWord": "7",
        "SentimentPolarity": "-1"
      }
    ]
  },
  {
    "Index": "38107",
    "RawText": "사이즈 체크를 잘못했는지 생각보다 너무 커요ㅜ 기존제품보다 커서 구멍 뚜는데 고생좀 했지만 잘 설치됐고 환기도 잘되서 성능좋아요~ 소음도 정말 조용해서 괜찮아요 만족해요^^",
    "Source": "쇼핑몰",
    "Domain": "가전",
    "MainCategory": "계절가전",
    "ProductName": "도리도리 동우산업 DWV-11DRB",
    "ReviewScore": "5",
    "Syllable": "96",
    "Word": "22",
    "RDate": "20210810",
    "GeneralPolarity": "0",
    "Aspects": [
      {
        "Aspect": "사이즈",
        "SentimentText": "사이즈 체크를 잘못했는지 생각보다 너무 커요ㅜ",
        "SentimentWord": "6",
        "SentimentPolarity": "-1"
      },
      {
        "Aspect": "기능",
        "SentimentText": "기존제품보다 커서 구멍 뚜는데 고생좀 했지만 잘 설치됐고 환기도 잘되서 성능좋아요~",
        "SentimentWord": "11",
        "SentimentPolarity": "0"
      },
      {
        "Aspect": "소음",
        "SentimentText": "소음도 정말 조용해서 괜찮아요 만족해요^^",
        "SentimentWord": "5",
        "SentimentPolarity": "1"
      }
    ]
  },
  {
    "Index": "38108",
    "RawText": "제품설치를 직접하는거라 어려우면 어쩌나 걱정했는데  설치하고 연결하는 방법이 쉬워서 다행이예요~ 기존에 사용했던 환풍기보다 바람이 쎄서 만족해요~^^",
    "Source": "쇼핑몰",
    "Domain": "가전",
    "MainCategory": "계절가전",
    "ProductName": "도리도리 동우산업 DWV-11DRB",
    "ReviewScore": "5",
    "Syllable": "83",
    "Word": "16",
    "RDate": "20170715",
    "Aspects": [
      {
        "Aspect": "조작성",
        "SentimentText": "설치하고 연결하는 방법이 쉬워서 다행이예요~",
        "SentimentWord": "5",
        "SentimentPolarity": "1"
      },
      {
        "Aspect": "기능",
        "SentimentText": "기존에 사용했던 환풍기보다 바람이 쎄서 만족해요~^^",
        "SentimentWord": "6",
        "SentimentPolarity": "1"
      }
    ]
  },
  {
    "Index": "38109",
    "RawText": "배송은 빨라서 너무 좋아요~가격대비 역풍 방지 댐퍼의 제품구성이 아주 훌륭해요 가성비 굿! 그런데 작동시 역풍 방지 댐퍼 기능이 부실한거 같네요ㅜ생각보다 별로예요... ",
    "Source": "쇼핑몰",
    "Domain": "가전",
    "MainCategory": "계절가전",
    "ProductName": "도리도리 동우산업 DWV-11DRB",
    "ReviewScore": "5",
    "Syllable": "94",
    "Word": "21",
    "RDate": "20180525",
    "Aspects": [
      {
        "Aspect": "제품구성",
        "SentimentText": "가격대비 역풍 방지 댐퍼의 제품구성이 아주 훌륭해요 가성비 굿!",
        "SentimentWord": "9",
        "SentimentPolarity": "1"
      },
      {
        "Aspect": "기능",
        "SentimentText": "그런데 작동시 역풍 방지 댐퍼 기능이 부실한거 같네요ㅜ생각보다 별로예요...",
        "SentimentWord": "9",
        "SentimentPolarity": "-1"
      }
    ]
  },
  {
    "Index": "38110",
    "RawText": "생각했던 사이즈보다 좀 더 커서 설치할때 힘들었어요...실측사이즈 잘 봐야해요. 설치후 작동시켜보니 소리가 거의 안나서 조용해서 마음에  듭니다.",
    "Source": "쇼핑몰",
    "Domain": "가전",
    "MainCategory": "계절가전",
    "ProductName": "도리도리 동우산업 DWV-11DRB",
    "ReviewScore": "5",
    "Syllable": "81",
    "Word": "17",
    "RDate": "20220512",
    "GeneralPolarity": "0",
    "Aspects": [
      {
        "Aspect": "사이즈",
        "SentimentText": "생각했던 사이즈보다 좀 더 커서 설치할때 힘들었어요...실측사이즈 잘 봐야해요.",
        "SentimentWord": "9",
        "SentimentPolarity": "-1"
      },
      {
        "Aspect": "소음",
        "SentimentText": "설치후 작동시켜보니 소리가 거의 안나서 조용해서 마음에  듭니다.",
        "SentimentWord": "8",
        "SentimentPolarity": "1"
      }
    ]
  },
  {
    "Index": "38111",
    "RawText": "생각했던 사이즈보다 더 커서 별로예요ㅜ 설치하고 작동해보니 흡입력도 약하고 영 별로네요ㅜㅜ 가격이 저렴한만큼 성능도 약한것 같아요...",
    "Source": "쇼핑몰",
    "Domain": "가전",
    "MainCategory": "계절가전",
    "ProductName": "도리도리 동우산업 DWV-11DRB",
    "ReviewScore": "5",
    "Syllable": "75",
    "Word": "16",
    "RDate": "20190509",
    "GeneralPolarity": "-1",
    "Aspects": [
      {
        "Aspect": "사이즈",
        "SentimentText": "생각했던 사이즈보다 더 커서 별로예요ㅜ ",
        "SentimentWord": "5",
        "SentimentPolarity": "-1"
      },
      {
        "Aspect": "기능",
        "SentimentText": "설치하고 작동해보니 흡입력도 약하고 영 별로네요ㅜㅜ",
        "SentimentWord": "6",
        "SentimentPolarity": "-1"
      },
      {
        "Aspect": "기능",
        "SentimentText": "가격이 저렴한만큼 성능도 약한것 같아요...",
        "SentimentWord": "5",
        "SentimentPolarity": "-1"
      }
    ]
  },
  {
    "Index": "38112",
    "RawText": "제품도착후 직접 설치했는데  생각보다 쉬워요~ 작동시켜보니  흡입력이 조금 약한 느낌이네요... 조금만 더 쎄면 좋을거 같은데 아쉽네요. ",
    "Source": "쇼핑몰",
    "Domain": "가전",
    "MainCategory": "계절가전",
    "ProductName": "도리도리 동우산업 DWV-11DRB",
    "ReviewScore": "5",
    "Syllable": "77",
    "Word": "16",
    "RDate": "20190128",
    "GeneralPolarity": "0",
    "Aspects": [
      {
        "Aspect": "조작성",
        "SentimentText": "제품도착후 직접 설치했는데  생각보다 쉬워요~",
        "SentimentWord": "5",
        "SentimentPolarity": "1"
      },
      {
        "Aspect": "기능",
        "SentimentText": "작동시켜보니  흡입력이 조금 약한 느낌이네요... 조금만 더 쎄면 좋을거 같은데 아쉽네요.",
        "SentimentWord": "11",
        "SentimentPolarity": "-1"
      }
    ]
  },
  {
    "Index": "38113",
    "RawText": "제품 설치가 너무 간단하고 쉬워서 좋아요! 소음도 거의 없고 조용해서 작동하고 있는건지 자꾸 확인하게 되네요^^",
    "Source": "쇼핑몰",
    "Domain": "가전",
    "MainCategory": "계절가전",
    "ProductName": "도리도리 동우산업 DWV-11DRB",
    "ReviewScore": "5",
    "Syllable": "62",
    "Word": "15",
    "RDate": "20220221",
    "GeneralPolarity": "1",
    "Aspects": [
      {
        "Aspect": "조작성",
        "SentimentText": "제품 설치가 너무 간단하고 쉬워서 좋아요!",
        "SentimentWord": "6",
        "SentimentPolarity": "1"
      },
      {
        "Aspect": "소음",
        "SentimentText": "소음도 거의 없고 조용해서 작동하고 있는건지 자꾸 확인하게 되네요^^",
        "SentimentWord": "9",
        "SentimentPolarity": "1"
      }
    ]
  },
  {
    "Index": "38114",
    "RawText": "설치하는게  걱정이었는데 의외로 너무 간단하고 쉬웠어요~ 기존 환풍기는 소리가 너무 커서 시끄러웠는데 이번에 바꾼 환풍기는 소음이 거의 없어서 조용해요^^",
    "Source": "쇼핑몰",
    "Domain": "가전",
    "MainCategory": "계절가전",
    "ProductName": "도리도리 동우산업 DWV-11DRB",
    "ReviewScore": "5",
    "Syllable": "86",
    "Word": "19",
    "RDate": "20180407",
    "GeneralPolarity": "1",
    "Aspects": [
      {
        "Aspect": "조작성",
        "SentimentText": "설치하는게  걱정이었는데 의외로 너무 간단하고 쉬웠어요~",
        "SentimentWord": "6",
        "SentimentPolarity": "1"
      },
      {
        "Aspect": "소음",
        "SentimentText": "기존 환풍기는 소리가 너무 커서 시끄러웠는데 이번에 바꾼 환풍기는 소음이 거의 없어서 조용해요^^",
        "SentimentWord": "13",
        "SentimentPolarity": "1"
      }
    ]
  },
  {
    "Index": "38115",
    "RawText": "제품 설치는 별로 어렵지 않고 간단해요!  환풍기 소리도 적은편이라 소음 걱정없어서 좋아요~ 가격도 저렴하게 구매해서 만족합니다^^",
    "Source": "쇼핑몰",
    "Domain": "가전",
    "MainCategory": "계절가전",
    "ProductName": "도리도리 동우산업 DWV-11DRB",
    "ReviewScore": "5",
    "Syllable": "73",
    "Word": "16",
    "RDate": "20171113",
    "GeneralPolarity": "1",
    "Aspects": [
      {
        "Aspect": "조작성",
        "SentimentText": "제품 설치는 별로 어렵지 않고 간단해요! ",
        "SentimentWord": "6",
        "SentimentPolarity": "1"
      },
      {
        "Aspect": "소음",
        "SentimentText": "환풍기 소리도 적은편이라 소음 걱정없어서 좋아요~",
        "SentimentWord": "6",
        "SentimentPolarity": "1"
      },
      {
        "Aspect": "가격",
        "SentimentText": "가격도 저렴하게 구매해서 만족합니다^^",
        "SentimentWord": "4",
        "SentimentPolarity": "1"
      }
    ]
  },
  {
    "Index": "38116",
    "RawText": "작동시 흡입력이 약해서 아쉽지만  기존에 설치되있던 환풍기보다 소리가  조용해서 맘에 들어요!",
    "Source": "쇼핑몰",
    "Domain": "가전",
    "MainCategory": "계절가전",
    "ProductName": "도리도리 동우산업 DWV-11DRB",
    "ReviewScore": "5",
    "Syllable": "52",
    "Word": "11",
    "RDate": "20190922",
    "GeneralPolarity": "0",
    "Aspects": [
      {
        "Aspect": "기능",
        "SentimentText": "작동시 흡입력이 약해서 아쉽지만",
        "SentimentWord": "4",
        "SentimentPolarity": "-1"
      },
      {
        "Aspect": "소음",
        "SentimentText": "기존에 설치되있던 환풍기보다 소리가  조용해서 맘에 들어요! ",
        "SentimentWord": "7",
        "SentimentPolarity": "1"
      }
    ]
  },
  {
    "Index": "38117",
    "RawText": "작동시 소음이 거의 느껴지지 않아 조용해서 너무 좋아요~ 제품 사이즈가 기존꺼보다 작아서인지 흡입력은 좀 약하네요...",
    "Source": "쇼핑몰",
    "Domain": "가전",
    "MainCategory": "계절가전",
    "ProductName": "도리도리 동우산업 DWV-11DRB",
    "ReviewScore": "5",
    "Syllable": "66",
    "Word": "15",
    "RDate": "20170803",
    "Aspects": [
      {
        "Aspect": "소음",
        "SentimentText": "작동시 소음이 거의 느껴지지 않아 조용해서 너무 좋아요~",
        "SentimentWord": "8",
        "SentimentPolarity": "1"
      },
      {
        "Aspect": "사이즈",
        "SentimentText": "제품 사이즈가 기존꺼보다 작아서인지 흡입력은 좀 약하네요...",
        "SentimentWord": "7",
        "SentimentPolarity": "-1"
      }
    ]
  },
  {
    "Index": "38118",
    "RawText": "소음은 거의 없어서 조용하고 좋아요~  제품 설치도 간편해서 쉬운데 전선이 짧아서 플러그에 연결하기 힘들어서 아쉬워요ㅜ",
    "Source": "쇼핑몰",
    "Domain": "가전",
    "MainCategory": "계절가전",
    "ProductName": "도리도리 동우산업 DWV-11DRB",
    "ReviewScore": "5",
    "Syllable": "66",
    "Word": "15",
    "RDate": "20200615",
    "GeneralPolarity": "0",
    "Aspects": [
      {
        "Aspect": "소음",
        "SentimentText": "소음은 거의 없어서 조용하고 좋아요~ ",
        "SentimentWord": "5",
        "SentimentPolarity": "1"
      },
      {
        "Aspect": "조작성",
        "SentimentText": "제품 설치도 간편해서 쉬운데 전선이 짧아서 플러그에 연결하기 힘들어서 아쉬워요ㅜ",
        "SentimentWord": "10",
        "SentimentPolarity": "0"
      }
    ]
  },
  {
    "Index": "38119",
    "RawText": "소리가 거의 안나서 잘 작동되는건지 모를 정도로 소음은 없어서 좋아요!  환풍기가 조용히 돌아가서 그런가  흡입력이 너무 약한느낌이네요...성능이 아쉬워요",
    "Source": "쇼핑몰",
    "Domain": "가전",
    "MainCategory": "계절가전",
    "ProductName": "도리도리 동우산업 DWV-11DRB",
    "ReviewScore": "4",
    "Syllable": "86",
    "Word": "18",
    "RDate": "20180206",
    "GeneralPolarity": "0",
    "Aspects": [
      {
        "Aspect": "소음",
        "SentimentText": "소리가 거의 안나서 잘 작동되는건지 모를 정도로 소음은 없어서 좋아요! ",
        "SentimentWord": "10",
        "SentimentPolarity": "1"
      },
      {
        "Aspect": "기능",
        "SentimentText": "환풍기가 조용히 돌아가서 그런가  흡입력이 너무 약한느낌이네요...성능이 아쉬워요",
        "SentimentWord": "8",
        "SentimentPolarity": "-1"
      }
    ]
  },
  {
    "Index": "38120",
    "RawText": "환풍기를 켜도 소리가  적어서 조용하니 소음걱정없어서 좋아요~ 조금 아쉬운점은 풍량이 약한것 같아서 환풍이 잘될지 걱정이예요...",
    "Source": "쇼핑몰",
    "Domain": "가전",
    "MainCategory": "계절가전",
    "ProductName": "도리도리 동우산업 DWV-11DRB",
    "ReviewScore": "4",
    "Syllable": "72",
    "Word": "15",
    "RDate": "20211104",
    "GeneralPolarity": "0",
    "Aspects": [
      {
        "Aspect": "소음",
        "SentimentText": "환풍기를 켜도 소리가  적어서 조용하니 소음걱정없어서 좋아요~",
        "SentimentWord": "7",
        "SentimentPolarity": "1"
      },
      {
        "Aspect": "기능",
        "SentimentText": "조금 아쉬운점은 풍량이 약한것 같아서 환풍이 잘될지 걱정이예요...",
        "SentimentWord": "8",
        "SentimentPolarity": "-1"
      }
    ]
  },
  {
    "Index": "38121",
    "RawText": "소음이 적어서 조용해서 좋네요~  흡입력이 강한 성능좋은 제품을 원했는데 생각보다 너무 약하네요.ㅜㅜ",
    "Source": "쇼핑몰",
    "Domain": "가전",
    "MainCategory": "계절가전",
    "ProductName": "도리도리 동우산업 DWV-11DRB",
    "ReviewScore": "2",
    "Syllable": "56",
    "Word": "12",
    "RDate": "20191130",
    "GeneralPolarity": "0",
    "Aspects": [
      {
        "Aspect": "소음",
        "SentimentText": "소음이 적어서 조용해서 좋네요~  ",
        "SentimentWord": "4",
        "SentimentPolarity": "1"
      },
      {
        "Aspect": "기능",
        "SentimentText": "흡입력이 강한 성능좋은 제품을 원했는데 생각보다 너무 약하네요.ㅜㅜ",
        "SentimentWord": "8",
        "SentimentPolarity": "-1"
      }
    ]
  },
  {
    "Index": "38122",
    "RawText": "환풍기 소음이 적어서 너무 좋아요!  흡입력이 좋아서  환기도 잘 되서 만족해요~  판매업체에서 빠트렸던 뚜껑 부속품을 확인후에 바로 보내줘서 고맙긴하지만 어이는 없네요.",
    "Source": "쇼핑몰",
    "Domain": "가전",
    "MainCategory": "계절가전",
    "ProductName": "도리도리 동우산업 DWV-11DRB",
    "ReviewScore": "5",
    "Syllable": "95",
    "Word": "21",
    "RDate": "20170905",
    "GeneralPolarity": "0",
    "Aspects": [
      {
        "Aspect": "소음",
        "SentimentText": "환풍기 소음이 적어서 너무 좋아요! ",
        "SentimentWord": "5",
        "SentimentPolarity": "1"
      },
      {
        "Aspect": "기능",
        "SentimentText": " 흡입력이 좋아서  환기도 잘 되서 만족해요~ ",
        "SentimentWord": "6",
        "SentimentPolarity": "1"
      },
      {
        "Aspect": "제품구성",
        "SentimentText": "판매업체에서 빠트렸던 뚜껑 부속품을 확인후에 바로 보내줘서 고맙긴하지만 어이는 없네요.",
        "SentimentWord": "10",
        "SentimentPolarity": "0"
      }
    ]
  },
  {
    "Index": "38124",
    "RawText": "배송은 굉장히 빠르게  잘 도착했어요~ 환풍기 작동시 소리도 거의없어서 조용해서 좋고요^^ 댐퍼작동도 잘되고 강력한 배기 기능도 마음에 듭니다~",
    "Source": "쇼핑몰",
    "Domain": "가전",
    "MainCategory": "계절가전",
    "ProductName": "도리도리 동우산업 DWV-11DRB",
    "ReviewScore": "4",
    "Syllable": "80",
    "Word": "18",
    "RDate": "20200924",
    "Aspects": [
      {
        "Aspect": "소음",
        "SentimentText": "환풍기 작동시 소리도 거의없어서 조용해서 좋고요^^",
        "SentimentWord": "6",
        "SentimentPolarity": "1"
      },
      {
        "Aspect": "기능",
        "SentimentText": "댐퍼작동도 잘되고 강력한 배기 기능도 마음에 듭니다~",
        "SentimentWord": "7",
        "SentimentPolarity": "1"
      }
    ]
  },
  {
    "Index": "38125",
    "RawText": "환풍기 설치하는곳에 사이즈가 잘 맞아 유용하게 쓰던 기억이 있어서 기존에 사용하던 똑같은 제품으로 재구매했어요 가격도 저렴해서 좋습니다 다만, 흡입력이 강한편은 아니라서 아쉬워요",
    "Source": "쇼핑몰",
    "Domain": "가전",
    "MainCategory": "계절가전",
    "ProductName": "도리도리 동우산업 DWV-11DRB",
    "ReviewScore": "4",
    "Syllable": "99",
    "Word": "22",
    "RDate": "20200210",
    "Aspects": [
      {
        "Aspect": "사이즈",
        "SentimentText": "환풍기 설치하는곳에 사이즈가 잘 맞아 유용하게 쓰던 기억이 있어서 기존에 사용하던 똑같은 제품으로 재구매했어요",
        "SentimentWord": "14",
        "SentimentPolarity": "1"
      },
      {
        "Aspect": "가격",
        "SentimentText": "가격도 저렴해서 좋습니다",
        "SentimentWord": "3",
        "SentimentPolarity": "1"
      },
      {
        "Aspect": "기능",
        "SentimentText": "다만, 흡입력이 강한편은 아니라서 아쉬워요 ",
        "SentimentWord": "5",
        "SentimentPolarity": "0"
      }
    ]
  },
  {
    "Index": "38126",
    "RawText": "소음이 없어서 너무 좋네요!! 설치해서 사용하는데 환풍기 작동 잘되고 흡입력도 좋아요~",
    "Source": "쇼핑몰",
    "Domain": "가전",
    "MainCategory": "계절가전",
    "ProductName": "도리도리 동우산업 DWV-11DRB",
    "ReviewScore": "5",
    "Syllable": "48",
    "Word": "11",
    "RDate": "20211229",
    "Aspects": [
      {
        "Aspect": "소음",
        "SentimentText": "소음이 없어서 너무 좋네요!!",
        "SentimentWord": "4",
        "SentimentPolarity": "1"
      },
      {
        "Aspect": "기능",
        "SentimentText": "설치해서 사용하는데 환풍기 작동 잘되고 흡입력도 좋아요~",
        "SentimentWord": "7",
        "SentimentPolarity": "1"
      }
    ]
  },
  {
    "Index": "38133",
    "RawText": "기존에 잘 사용했었던 환풍기라 재구매했는데 생각보다 환기가 잘 안되는것 같아요.새제품인데 성능이 별로예요ㅜ 작동할때  소음은 흡입력이 약해서 그런지 소리가 거의 없어서 조용합니다.",
    "Source": "쇼핑몰",
    "Domain": "가전",
    "MainCategory": "계절가전",
    "ProductName": "도리도리 동우산업 DWV-11DRB",
    "ReviewScore": "3",
    "Syllable": "100",
    "Word": "21",
    "RDate": "20190820",
    "GeneralPolarity": "0",
    "Aspects": [
      {
        "Aspect": "기능",
        "SentimentText": "기존에 잘 사용했었던 환풍기라 재구매했는데 생각보다 환기가 잘 안되는것 같아요.새제품인데 성능이 별로예요ㅜ",
        "SentimentWord": "12",
        "SentimentPolarity": "-1"
      },
      {
        "Aspect": "소음",
        "SentimentText": "작동할때  소음은 흡입력이 약해서 그런지 소리가 거의 없어서 조용합니다.",
        "SentimentWord": "9",
        "SentimentPolarity": "0"
      }
    ]
  },
  {
    "Index": "38134",
    "RawText": "환풍기 작동도 잘되고 환기도 잘되서 완전 만족합니다!! 가격대비 가성비 최곱니다~적극추천합니다",
    "Source": "쇼핑몰",
    "Domain": "가전",
    "MainCategory": "계절가전",
    "ProductName": "도리도리 동우산업 DWV-11DRB",
    "ReviewScore": "5",
    "Syllable": "52",
    "Word": "10",
    "RDate": "20190626",
    "GeneralPolarity": "1",
    "Aspects": [
      {
        "Aspect": "기능",
        "SentimentText": "환풍기 작동도 잘되고 환기도 잘되서 완전 만족합니다!!",
        "SentimentWord": "7",
        "SentimentPolarity": "1"
      },
      {
        "Aspect": "가격",
        "SentimentText": "가격대비 가성비 최곱니다~적극추천합니다",
        "SentimentWord": "3",
        "SentimentPolarity": "1"
      }
    ]
  },
  {
    "Index": "38135",
    "RawText": "작동할때 소음은 굉장히 조용해서 좋아요! 환풍기가 완전 밀폐되는줄 알았는데 날개 옆으로 틈이 좀 있어서 미관상 깔끔하지 않아요...",
    "Source": "쇼핑몰",
    "Domain": "가전",
    "MainCategory": "계절가전",
    "ProductName": "도리도리 동우산업 DWV-11DRB",
    "ReviewScore": "3",
    "Syllable": "73",
    "Word": "17",
    "RDate": "20161205",
    "Aspects": [
      {
        "Aspect": "소음",
        "SentimentText": "작동할때 소음은 굉장히 조용해서 좋아요!",
        "SentimentWord": "5",
        "SentimentPolarity": "1"
      },
      {
        "Aspect": "품질",
        "SentimentText": "환풍기가 완전 밀폐되는줄 알았는데 날개 옆으로 틈이 좀 있어서 미관상 깔끔하지 않아요...",
        "SentimentWord": "12",
        "SentimentPolarity": "-1"
      }
    ]
  }
]