[
  {
    "Index": "8528",
    "RawText": "더운날씨에잘 설치해주셨습니다 방송 최저가로 구매해서 너무 기분이 좋습니다~ 설치 기사님들께서 너무 친절하고 깔끔하게 설치해 주셨습니다  사용해보니 기능도 많고 성능이 좋습니다",
    "Source": "SNS",
    "Domain": "가전",
    "MainCategory": "계절가전",
    "ProductName": "삼성 무풍에어컨 슬림 멀티형(16+6형)_방송최저가",
    "ReviewScore": "100",
    "Syllable": "97",
    "Word": "20",
    "RDate": "20180731",
    "Aspects": [
      {
        "Aspect": "가격",
        "SentimentText": "방송 최저가로 구매해서 너무 기분이 좋습니다~",
        "SentimentWord": "6",
        "SentimentPolarity": "1"
      },
      {
        "Aspect": "기능",
        "SentimentText": "기능도 많고 성능이 좋습니다",
        "SentimentWord": "4",
        "SentimentPolarity": "1"
      }
    ]
  },
  {
    "Index": "8529",
    "RawText": "주문 후 배송이 늦여 고생 좀 했지만 기사님 친절하시고 설치도 깔끔하게 해주셨어요. 배송과정에서 OO쇼핑 상담사분들은 문의 후 연락 주신다고 하고 하루반나절 지나 연락하는 경우는 좀 개선 해야할거 같아요.  리모콘이 있는데 누르기 뻑뻑해요~ 그래도 성능은 마음에 듭니다.",
    "Source": "SNS",
    "Domain": "가전",
    "MainCategory": "계절가전",
    "ProductName": "삼성 무풍에어컨 슬림 멀티형(16+6형)_방송최저가",
    "ReviewScore": "60",
    "Syllable": "151",
    "Word": "36",
    "RDate": "20180803",
    "Aspects": [
      {
        "Aspect": "기능",
        "SentimentText": "성능은 마음에 듭니다.",
        "SentimentWord": "3",
        "SentimentPolarity": "1"
      },
      {
        "Aspect": "조작성",
        "SentimentText": "리모콘이 있는데 누르기 뻑뻑해요~",
        "SentimentWord": "4",
        "SentimentPolarity": "-1"
      }
    ]
  },
  {
    "Index": "8530",
    "RawText": "예상보다 일찍 설치가되서 기분도 좋고 흰색 색상으로 들여놨더니 집이 더 넓어보이는 효과가 ㅋㅋㅋ 너무 시원해서 좋고 다 좋습니다.",
    "Source": "SNS",
    "Domain": "가전",
    "MainCategory": "계절가전",
    "ProductName": "삼성 무풍에어컨 슬림 멀티형(18+6형)_방송최저가",
    "ReviewScore": "100",
    "Syllable": "72",
    "Word": "18",
    "RDate": "20180730",
    "Aspects": [
      {
        "Aspect": "색상",
        "SentimentText": "흰색 색상으로 들여놨더니 집이 더 넓어보이는 효과가 ㅋㅋㅋ",
        "SentimentWord": "8",
        "SentimentPolarity": "1"
      },
      {
        "Aspect": "기능",
        "SentimentText": "너무 시원해서 좋고",
        "SentimentWord": "3",
        "SentimentPolarity": "1"
      }
    ]
  },
  {
    "Index": "8531",
    "RawText": "저희집이 제일 마지막에 오셨나봅니다. 1일신청 - 18일설치 19일안에 온신다더니 19일은 일요일이니 18일에 오신듯한... 주말에 잠깐 사용해보았는데 디자인도 슬림하고 너무 시원해서 좋네요. 이젠 마지막 폭염에 사용할 수 있음 해야겠어요.",
    "Source": "SNS",
    "Domain": "가전",
    "MainCategory": "계절가전",
    "ProductName": "삼성 무풍에어컨 슬림 멀티형(18+6형)_방송최저가",
    "ReviewScore": "60",
    "Syllable": "134",
    "Word": "28",
    "RDate": "20180820",
    "GeneralPolarity": "1",
    "Aspects": [
      {
        "Aspect": "디자인",
        "SentimentText": "디자인도 슬림하고 ",
        "SentimentWord": "2",
        "SentimentPolarity": "1"
      },
      {
        "Aspect": "기능",
        "SentimentText": "너무 시원해서 좋네요. ",
        "SentimentWord": "3",
        "SentimentPolarity": "1"
      }
    ]
  },
  {
    "Index": "8532",
    "RawText": "너무나 좋은 에어콘을 빨리배송하고 깔끔하게 설치와 찬절한 안내깢 너무나 좋아요~^^* 열대야 수면기능이 있어서 쾌적하게 숙면을 취해요~ 사이즈도 집 거실에 안성맞춤이에요~",
    "Source": "SNS",
    "Domain": "가전",
    "MainCategory": "계절가전",
    "ProductName": "삼성 무풍에어컨 슬림 스탠드형(18형)_방송최저가",
    "ReviewScore": "100",
    "Syllable": "95",
    "Word": "20",
    "RDate": "20180805",
    "Aspects": [
      {
        "Aspect": "기능",
        "SentimentText": "열대야 수면기능이 있어서 쾌적하게 숙면을 취해요~",
        "SentimentWord": "6",
        "SentimentPolarity": "1"
      },
      {
        "Aspect": "사이즈",
        "SentimentText": "사이즈도 집 거실에 안성맞춤이에요~",
        "SentimentWord": "4",
        "SentimentPolarity": "1"
      }
    ]
  },
  {
    "Index": "8533",
    "RawText": "시원하고조아요근데조금더큰모델이였으면좋았을거같아용",
    "Source": "SNS",
    "Domain": "가전",
    "MainCategory": "계절가전",
    "ProductName": "삼성 무풍에어컨 슬림 스탠드형(18형)_방송최저가",
    "ReviewScore": "100",
    "Syllable": "26",
    "Word": "1",
    "RDate": "20180815",
    "GeneralPolarity": "1",
    "Aspects": [
      {
        "Aspect": "기능",
        "SentimentText": "시원하고조아요",
        "SentimentWord": "1",
        "SentimentPolarity": "1"
      },
      {
        "Aspect": "사이즈",
        "SentimentText": "조금더큰모델이였으면좋았을거같아용",
        "SentimentWord": "1",
        "SentimentPolarity": "0"
      }
    ]
  },
  {
    "Index": "8534",
    "RawText": "너무 허접하게 만들었네요  실망입니다  돈이 아깝네요",
    "Source": "SNS",
    "Domain": "가전",
    "MainCategory": "계절가전",
    "ProductName": "삼성 윈도우핏 에어컨 길이 연장키트 60cm(AW-EW61D)",
    "ReviewScore": "20",
    "Syllable": "29",
    "Word": "6",
    "RDate": "20210601",
    "GeneralPolarity": "-1",
    "Aspects": [
      {
        "Aspect": "품질",
        "SentimentText": "너무 허접하게 만들었네요",
        "SentimentWord": "3",
        "SentimentPolarity": "-1"
      },
      {
        "Aspect": "가격",
        "SentimentText": "실망입니다  돈이 아깝네요",
        "SentimentWord": "3",
        "SentimentPolarity": "-1"
      }
    ]
  },
  {
    "Index": "8535",
    "RawText": "아담하지만 바람은 센 편인데 소음이 있네요 ㅡㅜㅡ 디자인이 좋아요 가격은 저렴한 느낌보다는 적당한 느낌.",
    "Source": "SNS",
    "Domain": "가전",
    "MainCategory": "계절가전",
    "ProductName": "스위스밀리터리 에어 서큘레이터 (BEL-10C-A)",
    "ReviewScore": "80",
    "Syllable": "58",
    "Word": "14",
    "RDate": "20190629",
    "GeneralPolarity": "1",
    "Aspects": [
      {
        "Aspect": "소음",
        "SentimentText": "소음이 있네요 ㅡㅜㅡ",
        "SentimentWord": "3",
        "SentimentPolarity": "-1"
      },
      {
        "Aspect": "디자인",
        "SentimentText": "디자인이 좋아요",
        "SentimentWord": "2",
        "SentimentPolarity": "1"
      },
      {
        "Aspect": "가격",
        "SentimentText": "가격은 저렴한 느낌보다는 적당한 느낌.",
        "SentimentWord": "5",
        "SentimentPolarity": "0"
      }
    ]
  },
  {
    "Index": "8536",
    "RawText": "작으만하고 혼자 쓰기에 좋아요 자리도 많이 차지 하지않고 바람은 세고 시원 하구요",
    "Source": "SNS",
    "Domain": "가전",
    "MainCategory": "계절가전",
    "ProductName": "스위스밀리터리 에어 서큘레이터 (BEL-10C-A)",
    "ReviewScore": "100",
    "Syllable": "45",
    "Word": "12",
    "RDate": "20190608",
    "GeneralPolarity": "1",
    "Aspects": [
      {
        "Aspect": "사이즈",
        "SentimentText": "작으만하고 혼자 쓰기에 좋아요 자리도 많이 차지 하지않고",
        "SentimentWord": "8",
        "SentimentPolarity": "1"
      },
      {
        "Aspect": "기능",
        "SentimentText": "바람은 세고 시원 하구요",
        "SentimentWord": "4",
        "SentimentPolarity": "1"
      }
    ]
  },
  {
    "Index": "8537",
    "RawText": "작지만  예쁘고 좋아요    쓰기가  편해서 좋은데  타임기능이 없어서  아쉬워요",
    "Source": "SNS",
    "Domain": "가전",
    "MainCategory": "계절가전",
    "ProductName": "스위스밀리터리 에어 서큘레이터 (BEL-10C-A)",
    "ReviewScore": "100",
    "Syllable": "45",
    "Word": "9",
    "RDate": "20190519",
    "GeneralPolarity": "1",
    "Aspects": [
      {
        "Aspect": "디자인",
        "SentimentText": "예쁘고 좋아요",
        "SentimentWord": "2",
        "SentimentPolarity": "1"
      },
      {
        "Aspect": "편의성",
        "SentimentText": "쓰기가  편해서 좋은데 ",
        "SentimentWord": "3",
        "SentimentPolarity": "1"
      },
      {
        "Aspect": "기능",
        "SentimentText": "타임기능이 없어서  아쉬워요",
        "SentimentWord": "3",
        "SentimentPolarity": "-1"
      }
    ]
  },
  {
    "Index": "8538",
    "RawText": "작지만 강력한 바람 위쪽으로도 방향을 바꿀수있어 공기 순환에도 너무 좋습니다.",
    "Source": "SNS",
    "Domain": "가전",
    "MainCategory": "계절가전",
    "ProductName": "스위스밀리터리 에어 서큘레이터 (BEL-10C-A)",
    "ReviewScore": "100",
    "Syllable": "43",
    "Word": "10",
    "RDate": "20190621",
    "GeneralPolarity": "1",
    "Aspects": [
      {
        "Aspect": "기능",
        "SentimentText": "작지만 강력한 바람 위쪽으로도 방향을 바꿀수있어 공기 순환에도 너무 좋습니다.",
        "SentimentWord": "10",
        "SentimentPolarity": "1"
      },
      {
        "Aspect": "조작성",
        "SentimentText": "위쪽으로도 방향을 바꿀수있어 공기 순환에도 너무 좋습니다.",
        "SentimentWord": "7",
        "SentimentPolarity": "1"
      }
    ]
  },
  {
    "Index": "8539",
    "RawText": "시원하고 다 좋은데 설명서와 리모콘이 오지 않았습니다 배송부탁드립니다",
    "Source": "SNS",
    "Domain": "가전",
    "MainCategory": "계절가전",
    "ProductName": "신일산업 에어컨/이동식/타이머/취침모드 SMA-C12000N",
    "ReviewScore": "80",
    "Syllable": "38",
    "Word": "8",
    "RDate": "20210720",
    "GeneralPolarity": "1",
    "Aspects": [
      {
        "Aspect": "기능",
        "SentimentText": "시원하고 다 좋은데",
        "SentimentWord": "3",
        "SentimentPolarity": "1"
      },
      {
        "Aspect": "제품구성",
        "SentimentText": "설명서와 리모콘이 오지 않았습니다 배송부탁드립니다",
        "SentimentWord": "5",
        "SentimentPolarity": "-1"
      }
    ]
  },
  {
    "Index": "8540",
    "RawText": "주문하고 다음날 확인전화오고 구 다음날 설치해주신다했는데 비가와서 다음날 했네요 거의 모든게 3일안에 처리되어 무척빠르고 부모님댁에 설치해드렸는데 매우 만족하십니다 쿠폰과 카드할인 적용으로 저렴하게 구입했네요 OOO은 어디에서나 다 알아주는 브랜드로 믿고 구입했어요~",
    "Source": "SNS",
    "Domain": "가전",
    "MainCategory": "계절가전",
    "ProductName": "위니아 벽걸이 에어컨(11형) ERW11BSF",
    "ReviewScore": "100",
    "Syllable": "149",
    "Word": "30",
    "RDate": "20190421",
    "Aspects": [
      {
        "Aspect": "제조일/제조사",
        "SentimentText": "OOO은 어디에서나 다 알아주는 브랜드로 믿고 구입했어요~",
        "SentimentWord": "7",
        "SentimentPolarity": "1"
      },
      {
        "Aspect": "가격",
        "SentimentText": "쿠폰과 카드할인 적용으로 저렴하게 구입했네요",
        "SentimentWord": "5",
        "SentimentPolarity": "1"
      }
    ]
  },
  {
    "Index": "8541",
    "RawText": "방송에서는 당장 되는것처럼 하길래 샀더니  이래저래 해서 2주 넘게 걸렸네요  그래도 어제 휴일인데도 불구하고  설치하러 와주신 기사님이 너무 친절하게 잘 해주셔서 마음이 다 풀어졌네요  초특가로 급하게 질렀어요 싸게 사서 기분이 더욱 업됩니다~ 그래서 어제 밤에는 쾌적취침 기능으로 시원하게 잘 잤습니다",
    "Source": "SNS",
    "Domain": "가전",
    "MainCategory": "계절가전",
    "ProductName": "위니아 벽걸이 에어컨(11형)_초특가",
    "ReviewScore": "100",
    "Syllable": "170",
    "Word": "40",
    "RDate": "20180816",
    "Aspects": [
      {
        "Aspect": "가격",
        "SentimentText": "초특가로 급하게 질렀어요 싸게 사서 기분이 더욱 업됩니다~",
        "SentimentWord": "8",
        "SentimentPolarity": "1"
      },
      {
        "Aspect": "기능",
        "SentimentText": "그래서 어제 밤에는 쾌적취침 기능으로 시원하게 잘 잤습니다",
        "SentimentWord": "8",
        "SentimentPolarity": "1"
      }
    ]
  },
  {
    "Index": "8542",
    "RawText": "설치기사님도 친절하시고 상품도  마음에  들어요~ 금방시원해지고 너무좋습니다~저렴하게 잘산거같아요^^",
    "Source": "SNS",
    "Domain": "가전",
    "MainCategory": "계절가전",
    "ProductName": "위니아 벽걸이 에어컨(11형)_초특가",
    "ReviewScore": "100",
    "Syllable": "56",
    "Word": "8",
    "RDate": "20180824",
    "Aspects": [
      {
        "Aspect": "기능",
        "SentimentText": "상품도  마음에  들어요~ 금방시원해지고 너무좋습니다~",
        "SentimentWord": "5",
        "SentimentPolarity": "1"
      },
      {
        "Aspect": "가격",
        "SentimentText": "저렴하게 잘산거같아요^^ ",
        "SentimentWord": "2",
        "SentimentPolarity": "1"
      }
    ]
  },
  {
    "Index": "8543",
    "RawText": "OOO 브랜드로 믿고 구입했건만 성능이 영~ 시원하지가 않아요 ㅠㅠ 여러 모로 짜증나서 취소하려다 그냥 한거에요 상품 판매도 좋지만 소비자 만족도 우선 이라고 생각합니다.",
    "Source": "SNS",
    "Domain": "가전",
    "MainCategory": "계절가전",
    "ProductName": "위니아 벽걸이 에어컨(11형)_초특가",
    "ReviewScore": "60",
    "Syllable": "95",
    "Word": "23",
    "RDate": "20180906",
    "Aspects": [
      {
        "Aspect": "제조일/제조사",
        "SentimentText": "OOO 브랜드로 믿고 구입했건만",
        "SentimentWord": "4",
        "SentimentPolarity": "-1"
      },
      {
        "Aspect": "기능",
        "SentimentText": "성능이 영~ 시원하지가 않아요 ㅠㅠ",
        "SentimentWord": "5",
        "SentimentPolarity": "-1"
      }
    ]
  },
  {
    "Index": "8544",
    "RawText": "꿉꿉한 날 제습기능을 이용하니 뽀송뽀송해지네요 에너지 효율등급도 좋아서 자주 사용을 하게 됩니다 설치완료비율을보면서 방송판매를 해주셨으면하고 꼭 당부드립니다!",
    "Source": "SNS",
    "Domain": "가전",
    "MainCategory": "계절가전",
    "ProductName": "위니아 벽걸이 에어컨(11형)_초특가",
    "ReviewScore": "80",
    "Syllable": "88",
    "Word": "17",
    "RDate": "20180820",
    "Aspects": [
      {
        "Aspect": "기능",
        "SentimentText": "꿉꿉한 날 제습기능을 이용하니 뽀송뽀송해지네요",
        "SentimentWord": "5",
        "SentimentPolarity": "1"
      },
      {
        "Aspect": "소비전력",
        "SentimentText": "에너지 효율등급도 좋아서 자주 사용을 하게 됩니다",
        "SentimentWord": "7",
        "SentimentPolarity": "1"
      }
    ]
  },
  {
    "Index": "8545",
    "RawText": "기사님들 친절하시고 시원해요~  기능도 냉방기능이 후덜덜 합니다~^^ 써큘레이터도 작지만 그래도 이만하면 6형이 적당해요.잘쓸께요~~^^",
    "Source": "SNS",
    "Domain": "가전",
    "MainCategory": "계절가전",
    "ProductName": "위니아 벽걸이 에어컨(6형)(18.7㎡)",
    "ReviewScore": "100",
    "Syllable": "76",
    "Word": "13",
    "RDate": "20180618",
    "Aspects": [
      {
        "Aspect": "기능",
        "SentimentText": "기능도 냉방기능이 후덜덜 합니다~^^",
        "SentimentWord": "4",
        "SentimentPolarity": "1"
      },
      {
        "Aspect": "사이즈",
        "SentimentText": "써큘레이터도 작지만 그래도 이만하면 6형이 적당해요.",
        "SentimentWord": "6",
        "SentimentPolarity": "1"
      }
    ]
  },
  {
    "Index": "8546",
    "RawText": "배송도 빠르고 설치 기사님도 친절해요.  사이즈는 작지만 우리집에는 딱 맞아요 디자인도 사각 깔끔한 디자인이라 싫증이 안나네요 엄마가 좋아 하시네요. 올 여름은 시원하게~|  ",
    "Source": "SNS",
    "Domain": "가전",
    "MainCategory": "계절가전",
    "ProductName": "위니아 벽걸이 에어컨(6형)(18.7㎡)",
    "ReviewScore": "100",
    "Syllable": "98",
    "Word": "22",
    "RDate": "20180621",
    "Aspects": [
      {
        "Aspect": "사이즈",
        "SentimentText": "사이즈는 작지만 우리집에는 딱 맞아요",
        "SentimentWord": "5",
        "SentimentPolarity": "1"
      },
      {
        "Aspect": "디자인",
        "SentimentText": "디자인도 사각 깔끔한 디자인이라 싫증이 안나네요",
        "SentimentWord": "6",
        "SentimentPolarity": "1"
      }
    ]
  },
  {
    "Index": "8547",
    "RawText": "상품 배송설치 기사님 친절도 매우 만족합니다 저렴하게 에어컨 전문업체 제품 구입해서  만족해요 추천합니다  ",
    "Source": "SNS",
    "Domain": "가전",
    "MainCategory": "계절가전",
    "ProductName": "위니아 벽걸이 에어컨(6형)(18.7㎡)",
    "ReviewScore": "100",
    "Syllable": "60",
    "Word": "13",
    "RDate": "20180606",
    "Aspects": [
      {
        "Aspect": "가격",
        "SentimentText": "저렴하게 에어컨 전문업체 제품 구입해서  만족해요",
        "SentimentWord": "6",
        "SentimentPolarity": "1"
      },
      {
        "Aspect": "제조일/제조사",
        "SentimentText": "에어컨 전문업체 제품 구입해서  만족해요",
        "SentimentWord": "5",
        "SentimentPolarity": "1"
      }
    ]
  },
  {
    "Index": "8548",
    "RawText": "시원하고다좋은데  에너지소비효율등급이5인줄 모르고 샀네요ㅠㅠ",
    "Source": "SNS",
    "Domain": "가전",
    "MainCategory": "계절가전",
    "ProductName": "위니아 벽걸이 에어컨(6형)(18.7㎡)",
    "ReviewScore": "80",
    "Syllable": "33",
    "Word": "4",
    "RDate": "20180618",
    "GeneralPolarity": "0",
    "Aspects": [
      {
        "Aspect": "기능",
        "SentimentText": "시원하고다좋은데 ",
        "SentimentWord": "1",
        "SentimentPolarity": "1"
      },
      {
        "Aspect": "소비전력",
        "SentimentText": "에너지소비효율등급이5인줄 모르고 샀네요ㅠㅠ",
        "SentimentWord": "3",
        "SentimentPolarity": "-1"
      }
    ]
  },
  {
    "Index": "8549",
    "RawText": "신속한 배송과  설치까지 감사합니다ㆍ시골 어르신께 설치하는거 매우만족합니다 가동하는 소리가 크지 않아서 만족~ 냉방기능 성능도 좋아 아주 시원하게 여름을 보내고 있어요",
    "Source": "SNS",
    "Domain": "가전",
    "MainCategory": "계절가전",
    "ProductName": "위니아 벽걸이 에어컨(6형)(18.7㎡)",
    "ReviewScore": "100",
    "Syllable": "93",
    "Word": "20",
    "RDate": "20180618",
    "Aspects": [
      {
        "Aspect": "소음",
        "SentimentText": "가동하는 소리가 크지 않아서 만족~",
        "SentimentWord": "5",
        "SentimentPolarity": "1"
      },
      {
        "Aspect": "기능",
        "SentimentText": "냉방기능 성능도 좋아 아주 시원하게 여름을 보내고 있어요",
        "SentimentWord": "8",
        "SentimentPolarity": "1"
      }
    ]
  },
  {
    "Index": "8550",
    "RawText": "역시 OOO 에어컨 시원합니다.배송 도 빠르구용 만족합니다  제품도 이상없이 잘 작동해요~  올 여름시원하게 보낼듯합니다  감사합니다",
    "Source": "SNS",
    "Domain": "가전",
    "MainCategory": "계절가전",
    "ProductName": "위니아 벽걸이 에어컨(6형)(18.7㎡)",
    "ReviewScore": "100",
    "Syllable": "74",
    "Word": "15",
    "RDate": "20180818",
    "Aspects": [
      {
        "Aspect": "기능",
        "SentimentText": "역시 OOO 에어컨 시원합니다.",
        "SentimentWord": "4",
        "SentimentPolarity": "1"
      },
      {
        "Aspect": "품질",
        "SentimentText": "제품도 이상없이 잘 작동해요~ ",
        "SentimentWord": "4",
        "SentimentPolarity": "1"
      }
    ]
  },
  {
    "Index": "8551",
    "RawText": "작은매장에서 사용하려고 구입했는데 시원하고 좋네요 사은품도 잘 받았습니당~~^^",
    "Source": "SNS",
    "Domain": "가전",
    "MainCategory": "계절가전",
    "ProductName": "위니아 벽걸이 에어컨(6형)(18.7㎡)",
    "ReviewScore": "100",
    "Syllable": "44",
    "Word": "8",
    "RDate": "20180702",
    "GeneralPolarity": "1",
    "Aspects": [
      {
        "Aspect": "기능",
        "SentimentText": "시원하고 좋네요",
        "SentimentWord": "2",
        "SentimentPolarity": "1"
      },
      {
        "Aspect": "제품구성",
        "SentimentText": "사은품도 잘 받았습니당~~^^",
        "SentimentWord": "3",
        "SentimentPolarity": "1"
      }
    ]
  },
  {
    "Index": "8552",
    "RawText": "이상없이 잘 작동하고  별다른 디자인 없이 로고만 깔끔하게 박혀있어서 마음에 듭니다~ 깔끔하게 잘 설치해주시고 갔습니다.",
    "Source": "SNS",
    "Domain": "가전",
    "MainCategory": "계절가전",
    "ProductName": "위니아 벽걸이 에어컨(6형)(18.7㎡)",
    "ReviewScore": "100",
    "Syllable": "67",
    "Word": "15",
    "RDate": "20180616",
    "Aspects": [
      {
        "Aspect": "품질",
        "SentimentText": "이상없이 잘 작동하고",
        "SentimentWord": "3",
        "SentimentPolarity": "1"
      },
      {
        "Aspect": "디자인",
        "SentimentText": "별다른 디자인 없이 로고만 깔끔하게 박혀있어서 마음에 듭니다~",
        "SentimentWord": "8",
        "SentimentPolarity": "1"
      }
    ]
  },
  {
    "Index": "8553",
    "RawText": "정알 빠른 설치가 될까 했는데 설치 빠르게 되어좋구요. 평수대비 가성비와 제품의 퀄리티의 만족도는 좋습니다",
    "Source": "SNS",
    "Domain": "가전",
    "MainCategory": "계절가전",
    "ProductName": "위니아 벽걸이 에어컨(6형)(18.7㎡)",
    "ReviewScore": "100",
    "Syllable": "59",
    "Word": "14",
    "RDate": "20180724",
    "Aspects": [
      {
        "Aspect": "가격",
        "SentimentText": "평수대비 가성비와 제품의 퀄리티의 만족도는 좋습니다",
        "SentimentWord": "6",
        "SentimentPolarity": "1"
      },
      {
        "Aspect": "품질",
        "SentimentText": "제품의 퀄리티의 만족도는 좋습니다",
        "SentimentWord": "4",
        "SentimentPolarity": "1"
      }
    ]
  },
  {
    "Index": "8554",
    "RawText": "가격이저렴하지만냉난방이다되고^^. 올여름은전기료걱정없이 방에서 시원하게잘수있을꺼같아요",
    "Source": "SNS",
    "Domain": "가전",
    "MainCategory": "계절가전",
    "ProductName": "위니아 벽걸이 에어컨(7형) WRW07BSH",
    "ReviewScore": "100",
    "Syllable": "47",
    "Word": "4",
    "RDate": "20190409",
    "GeneralPolarity": "1",
    "Aspects": [
      {
        "Aspect": "가격",
        "SentimentText": "가격이저렴하지만냉난방이다되고^^ ",
        "SentimentWord": "1",
        "SentimentPolarity": "1"
      },
      {
        "Aspect": "기능",
        "SentimentText": "냉난방이다되고^^",
        "SentimentWord": "1",
        "SentimentPolarity": "1"
      }
    ]
  },
  {
    "Index": "8555",
    "RawText": "딱 좋으네요.. 디자인도 심플하고.. 배송설치도 불과 며칠 만에 이루어지고 시운전을 해보니 냉.난방 모두 마음에 듭니다.",
    "Source": "SNS",
    "Domain": "가전",
    "MainCategory": "계절가전",
    "ProductName": "위니아 벽걸이 에어컨(7형) WRW07BSH",
    "ReviewScore": "100",
    "Syllable": "67",
    "Word": "15",
    "RDate": "20190426",
    "Aspects": [
      {
        "Aspect": "디자인",
        "SentimentText": "딱 좋으네요.. 디자인도 심플하고..",
        "SentimentWord": "4",
        "SentimentPolarity": "1"
      },
      {
        "Aspect": "기능",
        "SentimentText": "냉.난방 모두 마음에 듭니다.",
        "SentimentWord": "4",
        "SentimentPolarity": "1"
      }
    ]
  },
  {
    "Index": "8556",
    "RawText": "빠르게 설치했구. 완전무료는 아니네여.거치대 10만원 설치기사님 드렸어요. 인버터라 팬이 크네여. 설치했는데 덜덜거려서 이틀후 새걸로 교체설치했네요. 아직 사용하진 않았는데 써봐야알듯.",
    "Source": "SNS",
    "Domain": "가전",
    "MainCategory": "계절가전",
    "ProductName": "위니아 벽걸이 에어컨(7형) WRW07BSH",
    "ReviewScore": "80",
    "Syllable": "103",
    "Word": "19",
    "RDate": "20190409",
    "Aspects": [
      {
        "Aspect": "가격",
        "SentimentText": "완전무료는 아니네여.거치대 10만원 설치기사님 드렸어요.",
        "SentimentWord": "5",
        "SentimentPolarity": "-1"
      },
      {
        "Aspect": "품질",
        "SentimentText": "설치했는데 덜덜거려서 이틀후 새걸로 교체설치했네요.",
        "SentimentWord": "5",
        "SentimentPolarity": "-1"
      }
    ]
  },
  {
    "Index": "8557",
    "RawText": "빠른 설치와 난방이 겸용 이라  잘쓰고 있습니다 너무 좋아여 저렴하게 구입해서 가격적으로도 부담이 없어서 좋네요`",
    "Source": "SNS",
    "Domain": "가전",
    "MainCategory": "계절가전",
    "ProductName": "위니아 벽걸이 에어컨(7형) WRW07BSH",
    "ReviewScore": "100",
    "Syllable": "63",
    "Word": "15",
    "RDate": "20190328",
    "Aspects": [
      {
        "Aspect": "가격",
        "SentimentText": "저렴하게 구입해서 가격적으로도 부담이 없어서 좋네요`",
        "SentimentWord": "6",
        "SentimentPolarity": "1"
      },
      {
        "Aspect": "기능",
        "SentimentText": "난방이 겸용 이라  잘쓰고 있습니다 너무 좋아여",
        "SentimentWord": "7",
        "SentimentPolarity": "1"
      }
    ]
  },
  {
    "Index": "8558",
    "RawText": "쾌적 취침 모드가 있어서 열대야에 걱정없는 우리 집입니다~ 다행 설치완료 했습니다.  에너지 효율등급도 걱정없이 사용하려고 했는데 예상이 빗나갔네요 ㅠㅠ",
    "Source": "SNS",
    "Domain": "가전",
    "MainCategory": "계절가전",
    "ProductName": "위니아 벽걸이 에어컨(7형)_초특가",
    "ReviewScore": "40",
    "Syllable": "85",
    "Word": "19",
    "RDate": "20180818",
    "Aspects": [
      {
        "Aspect": "기능",
        "SentimentText": "쾌적 취침 모드가 있어서 열대야에 걱정없는 우리 집입니다~",
        "SentimentWord": "8",
        "SentimentPolarity": "1"
      },
      {
        "Aspect": "소비전력",
        "SentimentText": "에너지 효율등급도 걱정없이 사용하려고 했는데 예상이 빗나갔네요 ㅠㅠ",
        "SentimentWord": "8",
        "SentimentPolarity": "-1"
      }
    ]
  },
  {
    "Index": "8559",
    "RawText": "배송이 약간늦었지만ㅠㅠ 설치기사님이 설치잘해줬네요 에어프리 필터가 있다는데 눈으로 안보이니까 불안해요 다른데 비교해봐도 여기만한 데가 없네요 저렴해서 좋아요~ ",
    "Source": "SNS",
    "Domain": "가전",
    "MainCategory": "계절가전",
    "ProductName": "위니아 벽걸이 에어컨(7형)_초특가",
    "ReviewScore": "60",
    "Syllable": "89",
    "Word": "17",
    "RDate": "20180820",
    "Aspects": [
      {
        "Aspect": "편의성",
        "SentimentText": "에어프리 필터가 있다는데 눈으로 안보이니까 불안해요",
        "SentimentWord": "6",
        "SentimentPolarity": "-1"
      },
      {
        "Aspect": "가격",
        "SentimentText": "다른데 비교해봐도 여기만한 데가 없네요 저렴해서 좋아요~",
        "SentimentWord": "7",
        "SentimentPolarity": "1"
      }
    ]
  },
  {
    "Index": "8560",
    "RawText": "제습기능은 뽀송해지니 기분이 좋아요 그런데 냉매가 불량인지 안 시원해요!!!",
    "Source": "SNS",
    "Domain": "가전",
    "MainCategory": "계절가전",
    "ProductName": "위니아 벽걸이 에어컨(7형)_초특가",
    "ReviewScore": "20",
    "Syllable": "42",
    "Word": "9",
    "RDate": "20180829",
    "Aspects": [
      {
        "Aspect": "기능",
        "SentimentText": "제습기능은 뽀송해지니 기분이 좋아요",
        "SentimentWord": "4",
        "SentimentPolarity": "1"
      },
      {
        "Aspect": "품질",
        "SentimentText": "냉매가 불량인지 안 시원해요!!!",
        "SentimentWord": "4",
        "SentimentPolarity": "-1"
      }
    ]
  },
  {
    "Index": "8561",
    "RawText": "양질의 제품, 빠른 설치 대단히 만족합니다. 감사합니다. 다른 제품보다 2배로 배관이 길어서 더 시원하네요~",
    "Source": "SNS",
    "Domain": "가전",
    "MainCategory": "계절가전",
    "ProductName": "위니아 벽걸이 에어컨(7형)_초특가",
    "ReviewScore": "100",
    "Syllable": "60",
    "Word": "14",
    "RDate": "20180731",
    "Aspects": [
      {
        "Aspect": "품질",
        "SentimentText": "양질의 제품, 빠른 설치 대단히 만족합니다.",
        "SentimentWord": "6",
        "SentimentPolarity": "1"
      },
      {
        "Aspect": "사이즈",
        "SentimentText": "다른 제품보다 2배로 배관이 길어서 더 시원하네요~",
        "SentimentWord": "7",
        "SentimentPolarity": "1"
      }
    ]
  },
  {
    "Index": "8562",
    "RawText": "제품의 퀄리티는 괜찮으나, 방 사이즈에 맞춰 작은 사이즈를 샀는데 너무 작아요 후회가 밀려오네요 ",
    "Source": "SNS",
    "Domain": "가전",
    "MainCategory": "계절가전",
    "ProductName": "위니아 벽걸이 에어컨(7형)_초특가",
    "ReviewScore": "20",
    "Syllable": "54",
    "Word": "13",
    "RDate": "20180917",
    "Aspects": [
      {
        "Aspect": "품질",
        "SentimentText": "제품의 퀄리티는 괜찮으나,",
        "SentimentWord": "3",
        "SentimentPolarity": "1"
      },
      {
        "Aspect": "사이즈",
        "SentimentText": "방 사이즈에 맞춰 작은 사이즈를 샀는데 너무 작아요 후회가 밀려오네요",
        "SentimentWord": "10",
        "SentimentPolarity": "-1"
      }
    ]
  },
  {
    "Index": "8563",
    "RawText": "제품은 작지만 강하네요  전원버튼을 누르면 작동하다 멈추면서 덮개가 안닫히는 경우가 있어요 ㅠㅠ",
    "Source": "SNS",
    "Domain": "가전",
    "MainCategory": "계절가전",
    "ProductName": "위니아 벽걸이 에어컨(7형)_초특가",
    "ReviewScore": "100",
    "Syllable": "53",
    "Word": "12",
    "RDate": "20180809",
    "Aspects": [
      {
        "Aspect": "기능",
        "SentimentText": "제품은 작지만 강하네요",
        "SentimentWord": "3",
        "SentimentPolarity": "1"
      },
      {
        "Aspect": "품질",
        "SentimentText": "전원버튼을 누르면 작동하다 멈추면서 덮개가 안닫히는 경우가 있어요 ㅠㅠ",
        "SentimentWord": "9",
        "SentimentPolarity": "-1"
      }
    ]
  },
  {
    "Index": "8564",
    "RawText": "지금 에어컨 설치가 계속밀리고 설치를 원하는 사람이 굉장히 많다라는것을 알고있어요  근데 방송에서는 그런것과 상관없이 배송설치를 해준다고 해서 믿고 구매했지요  해피콜은 5일이내로 왔지요 근데 여기서부터 문제였어요  18일에 설치를 해준다네요??? 해피콜후 10이내 그것도 토요일포함...... 지난주 금 토 중에는 받아야하는데 이번주 화요일에 설치를 했어요  그것도 제가 홈쇼핑에 전화를해서 한두번한게 아니였지요... 제가 원한건 단 하나였어요 방송에 나왔던 배송날짜를 지키라는거!!! 이렇게 실갱이 하고 받았더니 하얀색 제품인데 흠집이 여기저기 사이즈도 너무 작아서 제구실을 못해요 ㅠ",
    "Source": "SNS",
    "Domain": "가전",
    "MainCategory": "계절가전",
    "ProductName": "위니아 벽걸이 에어컨(7형)_초특가",
    "ReviewScore": "20",
    "Syllable": "329",
    "Word": "69",
    "RDate": "20180817",
    "Aspects": [
      {
        "Aspect": "품질",
        "SentimentText": "이렇게 실갱이 하고 받았더니 하얀색 제품인데 흠집이 여기저기",
        "SentimentWord": "8",
        "SentimentPolarity": "-1"
      },
      {
        "Aspect": "사이즈",
        "SentimentText": "사이즈도 너무 작아서 제구실을 못해요 ㅠ",
        "SentimentWord": "6",
        "SentimentPolarity": "-1"
      }
    ]
  },
  {
    "Index": "8565",
    "RawText": "적립금과 할인쿠폰으로 잘 샀어요!!!! 며칠전에 진짜로어렵게 어렵게에컨설치가끝났는데요!!!! ! 실외기를 바닥에 놧는데 비올 때 물 들어갈까봐 노심초사해하며 점검해야 하니 너무 불편합니다~",
    "Source": "SNS",
    "Domain": "가전",
    "MainCategory": "계절가전",
    "ProductName": "위니아 벽걸이 에어컨(7형)_초특가",
    "ReviewScore": "80",
    "Syllable": "105",
    "Word": "20",
    "RDate": "20180829",
    "Aspects": [
      {
        "Aspect": "가격",
        "SentimentText": "적립금과 할인쿠폰으로 잘 샀어요!!!!",
        "SentimentWord": "4",
        "SentimentPolarity": "1"
      },
      {
        "Aspect": "편의성",
        "SentimentText": "실외기를 바닥에 놧는데 비올 때 물 들어갈까봐 노심초사해하며 점검해야 하니 너무 불편합니다~",
        "SentimentWord": "12",
        "SentimentPolarity": "-1"
      }
    ]
  },
  {
    "Index": "8566",
    "RawText": "깨끗하고 이쁘네요!.. 올여름 냉방 기능이 빵빵해서 덕분에 시원하게 잘 보내겠습니다.  빠른 배송감사합니다.",
    "Source": "SNS",
    "Domain": "가전",
    "MainCategory": "계절가전",
    "ProductName": "위니아 인버터 벽걸이 에어컨(11형) LRV11CHH",
    "ReviewScore": "80",
    "Syllable": "60",
    "Word": "12",
    "RDate": "20190715",
    "Aspects": [
      {
        "Aspect": "디자인",
        "SentimentText": "깨끗하고 이쁘네요!..",
        "SentimentWord": "2",
        "SentimentPolarity": "1"
      },
      {
        "Aspect": "기능",
        "SentimentText": "올여름 냉방 기능이 빵빵해서 덕분에 시원하게 잘 보내겠습니다. ",
        "SentimentWord": "8",
        "SentimentPolarity": "1"
      }
    ]
  },
  {
    "Index": "8567",
    "RawText": "부모님 집에 오래된 에어컨이 있었는데요 기사님이 친절하게 말씀도 잘해주시고 설치도 깔끔하게 해주셨어요 에어컨 바람이 1단계도 세서 아주 시원했어요 바람 방향(풍향)을 조절할 수 있는게 가장 좋았어요",
    "Source": "SNS",
    "Domain": "가전",
    "MainCategory": "계절가전",
    "ProductName": "위니아 인버터 벽걸이 에어컨(11형) LRV11CHH",
    "ReviewScore": "100",
    "Syllable": "110",
    "Word": "25",
    "RDate": "20190604",
    "Aspects": [
      {
        "Aspect": "기능",
        "SentimentText": "에어컨 바람이 1단계도 세서 아주 시원했어요",
        "SentimentWord": "6",
        "SentimentPolarity": "1"
      },
      {
        "Aspect": "조작성",
        "SentimentText": "바람 방향(풍향)을 조절할 수 있는게 가장 좋았어요",
        "SentimentWord": "7",
        "SentimentPolarity": "1"
      }
    ]
  },
  {
    "Index": "8568",
    "RawText": "사무실에 11평 설치했는데 너무너무 시원해요 시원한데도 조용해서 더 좋아요",
    "Source": "SNS",
    "Domain": "가전",
    "MainCategory": "계절가전",
    "ProductName": "위니아 인버터 벽걸이 에어컨(11형) LRV11CHH",
    "ReviewScore": "100",
    "Syllable": "41",
    "Word": "9",
    "RDate": "20190529",
    "GeneralPolarity": "1",
    "Aspects": [
      {
        "Aspect": "기능",
        "SentimentText": "사무실에 11평 설치했는데 너무너무 시원해요",
        "SentimentWord": "5",
        "SentimentPolarity": "1"
      },
      {
        "Aspect": "소음",
        "SentimentText": "조용해서 더 좋아요",
        "SentimentWord": "3",
        "SentimentPolarity": "1"
      }
    ]
  },
  {
    "Index": "8569",
    "RawText": "설치도 빠르고 매우 친젌히 꼼꼼하게 잘 해주시고 가셨습니다 더울 때 파워냉방하나이면 걱정없이 보내게 해주네요~ 사이즈도  저희집에 적당해서 아주 좋아요",
    "Source": "SNS",
    "Domain": "가전",
    "MainCategory": "계절가전",
    "ProductName": "위니아 인버터 벽걸이 에어컨(11형) LRV11CHH",
    "ReviewScore": "100",
    "Syllable": "84",
    "Word": "19",
    "RDate": "20190709",
    "Aspects": [
      {
        "Aspect": "기능",
        "SentimentText": "더울 때 파워냉방하나이면 걱정없이 보내게 해주네요~",
        "SentimentWord": "6",
        "SentimentPolarity": "1"
      },
      {
        "Aspect": "사이즈",
        "SentimentText": "사이즈도  저희집에 적당해서 아주 좋아요",
        "SentimentWord": "5",
        "SentimentPolarity": "1"
      }
    ]
  },
  {
    "Index": "8570",
    "RawText": "안방에 설치 후 동작 시험 결과 바로 시원한 바람이 온방에 가득~  사이즈를  큰평수 선택을 잘 한듯.. 설치기사님 친절!!  역시 OOO",
    "Source": "SNS",
    "Domain": "가전",
    "MainCategory": "계절가전",
    "ProductName": "위니아 인버터 벽걸이 에어컨(11형) LRV11CHH",
    "ReviewScore": "100",
    "Syllable": "77",
    "Word": "20",
    "RDate": "20190609",
    "Aspects": [
      {
        "Aspect": "기능",
        "SentimentText": "시원한 바람이 온방에 가득~",
        "SentimentWord": "4",
        "SentimentPolarity": "1"
      },
      {
        "Aspect": "사이즈",
        "SentimentText": "사이즈를  큰평수 선택을 잘 한듯..",
        "SentimentWord": "5",
        "SentimentPolarity": "1"
      }
    ]
  },
  {
    "Index": "8571",
    "RawText": "오셔서 먼지 안날리게 설치도 잘해주시고,  에너지 소비효율등급이 4등급이라 그 부분은 불만입니다 시원하고 좋습니다^^",
    "Source": "SNS",
    "Domain": "가전",
    "MainCategory": "계절가전",
    "ProductName": "위니아 인버터 벽걸이 에어컨(11형) LRV11CHH",
    "ReviewScore": "100",
    "Syllable": "65",
    "Word": "13",
    "RDate": "20190623",
    "Aspects": [
      {
        "Aspect": "시간/속도",
        "SentimentText": "에너지 소비효율등급이 4등급이라 그 부분은 불만입니다",
        "SentimentWord": "6",
        "SentimentPolarity": "-1"
      },
      {
        "Aspect": "기능",
        "SentimentText": "시원하고 좋습니다^^",
        "SentimentWord": "2",
        "SentimentPolarity": "1"
      }
    ]
  },
  {
    "Index": "8572",
    "RawText": "의외로 빠른설치와 쾌적한 냉방. 가성비 대비 최고인듯",
    "Source": "SNS",
    "Domain": "가전",
    "MainCategory": "계절가전",
    "ProductName": "위니아 인버터 벽걸이 에어컨(11형) LRV11CHH",
    "ReviewScore": "100",
    "Syllable": "29",
    "Word": "7",
    "RDate": "20190708",
    "Aspects": [
      {
        "Aspect": "기능",
        "SentimentText": "쾌적한 냉방. 가성비 대비 최고인듯",
        "SentimentWord": "5",
        "SentimentPolarity": "1"
      },
      {
        "Aspect": "가격",
        "SentimentText": "가성비 대비 최고인듯",
        "SentimentWord": "3",
        "SentimentPolarity": "1"
      }
    ]
  },
  {
    "Index": "8573",
    "RawText": "코어 뚫어서 캡 쒸워 있고 마감이 깔끔해서 품질에 만족해요 제품은 시원하게 잘 사용하고 있습니다.",
    "Source": "SNS",
    "Domain": "가전",
    "MainCategory": "계절가전",
    "ProductName": "위니아 인버터 벽걸이 에어컨(11형) LRV11CHH",
    "ReviewScore": "80",
    "Syllable": "54",
    "Word": "14",
    "RDate": "20190809",
    "Aspects": [
      {
        "Aspect": "품질",
        "SentimentText": "마감이 깔끔해서 품질에 만족해요",
        "SentimentWord": "4",
        "SentimentPolarity": "1"
      },
      {
        "Aspect": "기능",
        "SentimentText": "제품은 시원하게 잘 사용하고 있습니다.",
        "SentimentWord": "5",
        "SentimentPolarity": "1"
      }
    ]
  },
  {
    "Index": "8574",
    "RawText": "깔끔하게 설치해주시고, 신속한 배송 만족했습니다. 자동 내부 건조 기능이 있어서 곰팡이 걱정안해도 되겠네요 가격적인 면도 초초 저렴하게 구입해서 만족스럽네요",
    "Source": "SNS",
    "Domain": "가전",
    "MainCategory": "계절가전",
    "ProductName": "위니아 인버터 벽걸이 에어컨(11형) WRV11CHW",
    "ReviewScore": "100",
    "Syllable": "87",
    "Word": "19",
    "RDate": "20190502",
    "Aspects": [
      {
        "Aspect": "기능",
        "SentimentText": "자동 내부 건조 기능이 있어서 곰팡이 걱정안해도 되겠네요",
        "SentimentWord": "8",
        "SentimentPolarity": "1"
      },
      {
        "Aspect": "가격",
        "SentimentText": "가격적인 면도 초초 저렴하게 구입해서 만족스럽네요",
        "SentimentWord": "6",
        "SentimentPolarity": "1"
      }
    ]
  },
  {
    "Index": "8575",
    "RawText": "설치도 빠르고 가격도 싸고 사용해보니 조용하고 좋아요",
    "Source": "SNS",
    "Domain": "가전",
    "MainCategory": "계절가전",
    "ProductName": "위니아 인버터 벽걸이 에어컨(7형) LRV07CHH",
    "ReviewScore": "100",
    "Syllable": "29",
    "Word": "7",
    "RDate": "20190616",
    "Aspects": [
      {
        "Aspect": "가격",
        "SentimentText": "가격도 싸고 사용해보니 조용하고 좋아요",
        "SentimentWord": "5",
        "SentimentPolarity": "1"
      },
      {
        "Aspect": "소음",
        "SentimentText": "조용하고 좋아요",
        "SentimentWord": "2",
        "SentimentPolarity": "1"
      }
    ]
  },
  {
    "Index": "8576",
    "RawText": "기사님들 너무 시원시원하게 설치 잘 해주셨습니다 토욜오후 기다리셨다가 오셨구요 거치대 10만 외부에  설치했습니다  취침모드가 있어서 열대야도 극복할 수 있어요 설명들은 대로 1등급은 아니구3등급ㅠㅠ   설치는 대만족~^^",
    "Source": "SNS",
    "Domain": "가전",
    "MainCategory": "계절가전",
    "ProductName": "위니아 인버터 벽걸이 에어컨(7형) LRV07CHH",
    "ReviewScore": "100",
    "Syllable": "124",
    "Word": "25",
    "RDate": "20190603",
    "Aspects": [
      {
        "Aspect": "기능",
        "SentimentText": "취침모드가 있어서 열대야도 극복할 수 있어요",
        "SentimentWord": "6",
        "SentimentPolarity": "1"
      },
      {
        "Aspect": "소비전력",
        "SentimentText": "설명들은 대로 1등급은 아니구3등급 ㅠㅠ",
        "SentimentWord": "5",
        "SentimentPolarity": "-1"
      }
    ]
  },
  {
    "Index": "8577",
    "RawText": "디자인은 깔끔하고 좋습니다.  배송도 일찍오고 오신 기사분들도 친절하게 설치해주시고 설명도 잘 해주시네요 생각보다 소음도 적으니 너무 기분이 좋네요",
    "Source": "SNS",
    "Domain": "가전",
    "MainCategory": "계절가전",
    "ProductName": "위니아 인버터 벽걸이 에어컨(7형) LRV07CHH",
    "ReviewScore": "100",
    "Syllable": "82",
    "Word": "18",
    "RDate": "20190602",
    "Aspects": [
      {
        "Aspect": "디자인",
        "SentimentText": "디자인은 깔끔하고 좋습니다.",
        "SentimentWord": "3",
        "SentimentPolarity": "1"
      },
      {
        "Aspect": "소음",
        "SentimentText": "생각보다 소음도 적으니 너무 기분이 좋네요",
        "SentimentWord": "6",
        "SentimentPolarity": "1"
      }
    ]
  },
  {
    "Index": "8578",
    "RawText": "상품도 하자없이 만족하고요 디자인 심플 그자체네요 ㅎㅎ",
    "Source": "SNS",
    "Domain": "가전",
    "MainCategory": "계절가전",
    "ProductName": "위니아 인버터 벽걸이 에어컨(7형) LRV07CHH",
    "ReviewScore": "100",
    "Syllable": "30",
    "Word": "7",
    "RDate": "20190523",
    "Aspects": [
      {
        "Aspect": "품질",
        "SentimentText": "상품도 하자없이 만족하고요 ",
        "SentimentWord": "3",
        "SentimentPolarity": "1"
      },
      {
        "Aspect": "디자인",
        "SentimentText": "디자인 심플 그자체네요 ㅎㅎ",
        "SentimentWord": "4",
        "SentimentPolarity": "1"
      }
    ]
  },
  {
    "Index": "8579",
    "RawText": "상품도 품질도 만족하고요  리모콘이 있어서 먼곳에서도 편리하게 작동해서 좋아요 기사님이 매우 친절하셔서 더 만족 합니당  강추해요",
    "Source": "SNS",
    "Domain": "가전",
    "MainCategory": "계절가전",
    "ProductName": "위니아 인버터 벽걸이 에어컨(7형) LRV07CHH",
    "ReviewScore": "100",
    "Syllable": "72",
    "Word": "16",
    "RDate": "20190627",
    "Aspects": [
      {
        "Aspect": "품질",
        "SentimentText": "상품도 품질도 만족하고요",
        "SentimentWord": "3",
        "SentimentPolarity": "1"
      },
      {
        "Aspect": "편의성",
        "SentimentText": "리모콘이 있어서 먼곳에서도 편리하게 작동해서 좋아요",
        "SentimentWord": "6",
        "SentimentPolarity": "1"
      }
    ]
  },
  {
    "Index": "8580",
    "RawText": "안방에 설치했어요 냉방기능이시원하고^^괜찮아요 기사분들도 친절하셨네요 생활먼지를 걸저주는 극세사 필터도 있어서 아이가 있는 저희집도 안심이네요",
    "Source": "SNS",
    "Domain": "가전",
    "MainCategory": "계절가전",
    "ProductName": "위니아 인버터 벽걸이 에어컨(7형) LRV07CHH",
    "ReviewScore": "100",
    "Syllable": "79",
    "Word": "14",
    "RDate": "20190614",
    "Aspects": [
      {
        "Aspect": "기능",
        "SentimentText": "냉방기능이시원하고^^괜찮아요 ",
        "SentimentWord": "1",
        "SentimentPolarity": "1"
      },
      {
        "Aspect": "편의성",
        "SentimentText": "생활먼지를 걸저주는 극세사 필터도 있어서 아이가 있는 저희집도 안심이네요",
        "SentimentWord": "9",
        "SentimentPolarity": "1"
      }
    ]
  },
  {
    "Index": "8581",
    "RawText": "친정에 에어컨이 없어서 홈쇼핑으로 주문했어요!  주문 완료 후 주말 제외하고 4일만에 설치 되었어요 ^^  에어컨도 디자인도 넘 이쁘고 에너지 효율도 좋아서  친정에 전기세 걱정없이 빵빵하게 틀으시라고 생색냈네요 ㅋㅋ 감사합니다 ^^",
    "Source": "SNS",
    "Domain": "가전",
    "MainCategory": "계절가전",
    "ProductName": "위니아 인버터 벽걸이 에어컨(7형) LRV07CHH",
    "ReviewScore": "100",
    "Syllable": "130",
    "Word": "30",
    "RDate": "20190614",
    "Aspects": [
      {
        "Aspect": "디자인",
        "SentimentText": "에어컨도 디자인도 넘 이쁘고",
        "SentimentWord": "4",
        "SentimentPolarity": "1"
      },
      {
        "Aspect": "소비전력",
        "SentimentText": "에너지 효율도 좋아서 친정에 전기세 걱정없이 빵빵하게 틀으시라고 생색냈네요 ㅋㅋ",
        "SentimentWord": "10",
        "SentimentPolarity": "1"
      }
    ]
  },
  {
    "Index": "8582",
    "RawText": "매우빠른 배송과 설치 잘 해주셔서 올 여름  파워 냉방 기능으로 무더위 시원하게 보낼수있을것 같습니다. 디자인도 군더더기 없이 가운데 깔끔하게 로고만 박혀 있어서 좋아요 많이파세요",
    "Source": "SNS",
    "Domain": "가전",
    "MainCategory": "계절가전",
    "ProductName": "위니아 인버터 벽걸이 에어컨(7형) WRV07CHW",
    "ReviewScore": "100",
    "Syllable": "100",
    "Word": "24",
    "RDate": "20190601",
    "Aspects": [
      {
        "Aspect": "기능",
        "SentimentText": "올 여름  파워 냉방 기능으로 무더위 시원하게 보낼수있을것 같습니다.",
        "SentimentWord": "9",
        "SentimentPolarity": "1"
      },
      {
        "Aspect": "디자인",
        "SentimentText": "디자인도 군더더기 없이 가운데 깔끔하게 로고만 박혀 있어서 좋아요",
        "SentimentWord": "9",
        "SentimentPolarity": "1"
      }
    ]
  },
  {
    "Index": "8583",
    "RawText": "배송이빨라서 좋았구요^ 설치기사분도 좋았어요  설치시 먼지없이깔끔하게 해주셔서 넘 만족합니다~^^^ ooo 제품은 실패한 적이 없죠 역시 강추네요~ 파워냉방 틀자 마다 바로 집안이 시원하고 쾌적해져서 굿굿이에요",
    "Source": "SNS",
    "Domain": "가전",
    "MainCategory": "계절가전",
    "ProductName": "위니아 인버터 벽걸이 에어컨(7형) WRV07CHW",
    "ReviewScore": "100",
    "Syllable": "117",
    "Word": "24",
    "RDate": "20190609",
    "Aspects": [
      {
        "Aspect": "제조일/제조사",
        "SentimentText": "ooo 제품은 실패한 적이 없죠 역시 강추네요~",
        "SentimentWord": "7",
        "SentimentPolarity": "1"
      },
      {
        "Aspect": "시간/속도",
        "SentimentText": "파워냉방 틀자 마다 바로 집안이 시원하고 쾌적해져서 굿굿이에요",
        "SentimentWord": "8",
        "SentimentPolarity": "1"
      }
    ]
  },
  {
    "Index": "8584",
    "RawText": "설치도 잘해주시고   행사로 저렴하게 구입해서 횡재한 기분이네요~ 에어컨도 시원한바람  빵빵 나옵니다",
    "Source": "SNS",
    "Domain": "가전",
    "MainCategory": "계절가전",
    "ProductName": "위니아 인버터 벽걸이 에어컨(7형) WRV07CHW",
    "ReviewScore": "100",
    "Syllable": "56",
    "Word": "11",
    "RDate": "20190517",
    "Aspects": [
      {
        "Aspect": "가격",
        "SentimentText": "행사로 저렴하게 구입해서 횡재한 기분이네요~",
        "SentimentWord": "5",
        "SentimentPolarity": "1"
      },
      {
        "Aspect": "기능",
        "SentimentText": "에어컨도 시원한바람  빵빵 나옵니다",
        "SentimentWord": "4",
        "SentimentPolarity": "1"
      }
    ]
  },
  {
    "Index": "8585",
    "RawText": "설치받고 시운전도 해보고 시원해서 마음에 드네요 다른 부수적인 거에 설치비가 들어가서 좀그렇긴했는데  상품은 만족합니다 ",
    "Source": "SNS",
    "Domain": "가전",
    "MainCategory": "계절가전",
    "ProductName": "위니아 인버터 벽걸이 에어컨(7형) WRV07CHW",
    "ReviewScore": "100",
    "Syllable": "67",
    "Word": "14",
    "RDate": "20190524",
    "GeneralPolarity": "1",
    "Aspects": [
      {
        "Aspect": "기능",
        "SentimentText": "시원해서 마음에 드네요",
        "SentimentWord": "3",
        "SentimentPolarity": "1"
      },
      {
        "Aspect": "가격",
        "SentimentText": "다른 부수적인 거에 설치비가 들어가서 좀그렇긴했는데",
        "SentimentWord": "6",
        "SentimentPolarity": "-1"
      },
      {
        "Aspect": "품질",
        "SentimentText": "상품은 만족합니다",
        "SentimentWord": "2",
        "SentimentPolarity": "1"
      }
    ]
  },
  {
    "Index": "8586",
    "RawText": "원래 리모컨 걸이가 없는건가요? 에어컨은 시원하고 디쟈인도 이뿌네요~~ ",
    "Source": "SNS",
    "Domain": "가전",
    "MainCategory": "계절가전",
    "ProductName": "위니아 인버터 벽걸이 에어컨(7형) WRV07CHW",
    "ReviewScore": "100",
    "Syllable": "40",
    "Word": "8",
    "RDate": "20190503",
    "GeneralPolarity": "1",
    "Aspects": [
      {
        "Aspect": "기능",
        "SentimentText": "에어컨은 시원하고 디쟈인도 이뿌네요~~",
        "SentimentWord": "4",
        "SentimentPolarity": "1"
      },
      {
        "Aspect": "디자인",
        "SentimentText": "디쟈인도 이뿌네요~~",
        "SentimentWord": "2",
        "SentimentPolarity": "1"
      }
    ]
  },
  {
    "Index": "8587",
    "RawText": "작년에 너무 더워서 고생하고 주문하고 입금까지 하고도 설치를 못해서 올해는 일찍 그것도 제가 선호하는 OOO를 설치했어요 디자인도 예쁘고 인버터 방식이라전기세 걱정도 던하게 되어서 너무 좋아요",
    "Source": "SNS",
    "Domain": "가전",
    "MainCategory": "계절가전",
    "ProductName": "위니아 인버터 벽걸이 에어컨(7형) WRV07CHW",
    "ReviewScore": "100",
    "Syllable": "107",
    "Word": "25",
    "RDate": "20190423",
    "GeneralPolarity": "1",
    "Aspects": [
      {
        "Aspect": "디자인",
        "SentimentText": "디자인도 예쁘고 인버터 방식이라전기세 걱정도 던하게 되어서 너무 좋아요",
        "SentimentWord": "9",
        "SentimentPolarity": "1"
      },
      {
        "Aspect": "소비전력",
        "SentimentText": "인버터 방식이라전기세 걱정도 던하게 되어서 너무 좋아요",
        "SentimentWord": "7",
        "SentimentPolarity": "1"
      }
    ]
  },
  {
    "Index": "8588",
    "RawText": "주문하고 몇일 지나지않아 도착했어요 외관도 깔끔하니 아주 맘에 들어요 그리고 설치하고 바로 시운전도 해봤는데 무척 시원하고 좋네요 특히 실외기가 정말 조용하게 돌아가네요 완전 맘에 들어요~^^",
    "Source": "SNS",
    "Domain": "가전",
    "MainCategory": "계절가전",
    "ProductName": "위니아 인버터 벽걸이 에어컨(7형) WRV07CHW",
    "ReviewScore": "80",
    "Syllable": "107",
    "Word": "25",
    "RDate": "20190510",
    "GeneralPolarity": "1",
    "Aspects": [
      {
        "Aspect": "디자인",
        "SentimentText": "외관도 깔끔하니 아주 맘에 들어요 ",
        "SentimentWord": "5",
        "SentimentPolarity": "1"
      },
      {
        "Aspect": "기능",
        "SentimentText": "무척 시원하고 좋네요",
        "SentimentWord": "3",
        "SentimentPolarity": "1"
      },
      {
        "Aspect": "소음",
        "SentimentText": "특히 실외기가 정말 조용하게 돌아가네요 완전 맘에 들어요~^^",
        "SentimentWord": "8",
        "SentimentPolarity": "1"
      }
    ]
  },
  {
    "Index": "8589",
    "RawText": "한군데가 펑크가 났다고 빨리 설치 해 주셔서 감사하다고 합니다. 제습 운전기능도 있어서 장마철에도 꿉꿉한 없이 지낼수 있어요 군더더기 없이 디자인이 심플하고 깔끔하네요",
    "Source": "SNS",
    "Domain": "가전",
    "MainCategory": "계절가전",
    "ProductName": "위니아 인버터 벽걸이 에어컨(7형) WRV07CHW",
    "ReviewScore": "100",
    "Syllable": "93",
    "Word": "22",
    "RDate": "20190523",
    "Aspects": [
      {
        "Aspect": "기능",
        "SentimentText": "제습 운전기능도 있어서 장마철에도 꿉꿉한 없이 지낼수 있어요",
        "SentimentWord": "8",
        "SentimentPolarity": "1"
      },
      {
        "Aspect": "디자인",
        "SentimentText": "군더더기 없이 디자인이 심플하고 깔끔하네요",
        "SentimentWord": "5",
        "SentimentPolarity": "1"
      }
    ]
  },
  {
    "Index": "8590",
    "RawText": "모양도 예쁘고  바람도 시원하니 좋네요  가격대비  만족합니다",
    "Source": "SNS",
    "Domain": "가전",
    "MainCategory": "계절가전",
    "ProductName": "제너스 14인치 스탠드형 써큘레이터 JNF-1520G",
    "ReviewScore": "100",
    "Syllable": "34",
    "Word": "7",
    "RDate": "20210805",
    "GeneralPolarity": "1",
    "Aspects": [
      {
        "Aspect": "디자인",
        "SentimentText": "모양도 예쁘고  바람도 시원하니 좋네요",
        "SentimentWord": "5",
        "SentimentPolarity": "1"
      },
      {
        "Aspect": "기능",
        "SentimentText": "바람도 시원하니 좋네요",
        "SentimentWord": "3",
        "SentimentPolarity": "1"
      },
      {
        "Aspect": "가격",
        "SentimentText": "가격대비  만족합니다",
        "SentimentWord": "2",
        "SentimentPolarity": "1"
      }
    ]
  },
  {
    "Index": "8591",
    "RawText": "같은 제품이 있어 와이드 냉방에 빨리 시원해져서 구입했어요 배달 받고 설치했습니다... 이제나 저제나... 찬바람 나오기를 기다리지만... 설치후 작동 8시간이 지나는 현재까지 찬바람도 안나오고 당연히 방의 온도는 30도를 기록합니다... 몇주전 OOO창문형 에어컨을 사서 설치하고 마음에 들어 또 하나를 주문했는데... 이건 뭐 불량품이 왔네요... 수리를 신청했는데 언제 올지 아직 모르겠습니다... 기분이 안좋네요... 새상품 구입했는데 시작부터 말썽이라니... 빨리 수리해주시지 않으면... 새 상품으로 교체해세요...  어제 드디어 A/S를 받았습니다. 초기 불량이기에 교환을 받았습니다. 더운와중에 최선을 다해준 현장 AS기사님께 감사드립니다..  좀 더 빠른 AS를 기대했었지만... 그 와중에 최선을 다해 도와주신  OO 서비스센터팀에 감사드립니다.    ",
    "Source": "SNS",
    "Domain": "가전",
    "MainCategory": "계절가전",
    "ProductName": "캐리어 7평형 창문형 에어컨 AWA07VOOS (전국무료배송)",
    "ReviewScore": "80",
    "Syllable": "431",
    "Word": "87",
    "RDate": "20210729",
    "Aspects": [
      {
        "Aspect": "품질",
        "SentimentText": "설치후 작동 8시간이 지나는 현재까지 찬바람도 안나오고 당연히 방의 온도는 30도를 기록합니다...",
        "SentimentWord": "12",
        "SentimentPolarity": "-1"
      },
      {
        "Aspect": "품질",
        "SentimentText": "이건 뭐 불량품이 왔네요... 수리를 신청했는데 언제 올지 아직 모르겠습니다... 기분이 안좋네요... 새상품 구입했는데 시작부터 말썽이라니...",
        "SentimentWord": "16",
        "SentimentPolarity": "-1"
      },
      {
        "Aspect": "기능",
        "SentimentText": "같은 제품이 있어 와이드 냉방에 빨리 시원해져서 구입했어요",
        "SentimentWord": "8",
        "SentimentPolarity": "1"
      }
    ]
  },
  {
    "Index": "8592",
    "RawText": "대학교 다니는 아이들을 위해 소형 아파트 20평을 임대했는데, 거실겸 부엌에 설치했습니다. 배송 및 설치 친절 정확했습니다.  자가운전 진단 기능이 있어서 문제가 바로 알여줘서 편리하네요 평수에 비해 용량이 작긴 하지만, 선풍기 등을 활용하여 경제적으로 잘 사용하고 있습니다.",
    "Source": "SNS",
    "Domain": "가전",
    "MainCategory": "계절가전",
    "ProductName": "캐리어 벽걸이 에어컨 6평 ARC061SSE (전국무료배송/기본설치비무료)",
    "ReviewScore": "100",
    "Syllable": "154",
    "Word": "36",
    "RDate": "20211208",
    "Aspects": [
      {
        "Aspect": "기능",
        "SentimentText": "자가운전 진단 기능이 있어서 문제가 바로 알여줘서 편리하네요",
        "SentimentWord": "8",
        "SentimentPolarity": "1"
      },
      {
        "Aspect": "용량",
        "SentimentText": "평수에 비해 용량이 작긴 하지만, 선풍기 등을 활용하여 경제적으로 잘 사용하고 있습니다.",
        "SentimentWord": "12",
        "SentimentPolarity": "1"
      }
    ]
  },
  {
    "Index": "8593",
    "RawText": "무더위 딸내미 방에 설치 했는데 리모콘을 잃어버려도 자동 운전기능이 있어서 더위를 피할 수 있어요 ㅋㅋ 빠른 배송과 깔끔한 설치 감사합니다 가격도 이정도면 아주 만족스럽게 구입했어요 싸요 다들 사세요~ ",
    "Source": "SNS",
    "Domain": "가전",
    "MainCategory": "계절가전",
    "ProductName": "캐리어 벽걸이 에어컨(6형)",
    "ReviewScore": "100",
    "Syllable": "113",
    "Word": "28",
    "RDate": "20180807",
    "Aspects": [
      {
        "Aspect": "기능",
        "SentimentText": "리모콘을 잃어버려도 자동 운전기능이 있어서 더위를 피할 수 있어요 ㅋㅋ",
        "SentimentWord": "10",
        "SentimentPolarity": "1"
      },
      {
        "Aspect": "가격",
        "SentimentText": "가격도 이정도면 아주 만족스럽게 구입했어요 싸요 다들 사세요~",
        "SentimentWord": "8",
        "SentimentPolarity": "1"
      }
    ]
  },
  {
    "Index": "8594",
    "RawText": "배송 생각보다 빨리왔고 추가 설치비 없이  잘설치하고 잘 사용하고 있습니다. 저소음 설계로 조용하게 운전하니 아이가 수면중에 틀어도 안심입니다 대형액정 리모콘이 그립감이 아주 좋아요",
    "Source": "SNS",
    "Domain": "가전",
    "MainCategory": "계절가전",
    "ProductName": "캐리어 벽걸이 에어컨(6형)",
    "ReviewScore": "100",
    "Syllable": "101",
    "Word": "23",
    "RDate": "20180801",
    "Aspects": [
      {
        "Aspect": "소음",
        "SentimentText": "저소음 설계로 조용하게 운전하니 아이가 수면중에 틀어도 안심입니다",
        "SentimentWord": "8",
        "SentimentPolarity": "1"
      },
      {
        "Aspect": "조작성",
        "SentimentText": "대형액정 리모콘이 그립감이 아주 좋아요",
        "SentimentWord": "5",
        "SentimentPolarity": "1"
      }
    ]
  },
  {
    "Index": "8595",
    "RawText": "설치기사분이 초보라 오래 걸린건데 3만원 더 받아가셨어요. 적립금  빨리 쓰게 해주세요.ㅠㅠ날짜 되 갑니다.  ",
    "Source": "SNS",
    "Domain": "가전",
    "MainCategory": "계절가전",
    "ProductName": "캐리어 벽걸이 에어컨(6형)",
    "ReviewScore": "60",
    "Syllable": "62",
    "Word": "13",
    "RDate": "20180523",
    "GeneralPolarity": "-1",
    "Aspects": [
      {
        "Aspect": "가격",
        "SentimentText": "설치기사분이 초보라 오래 걸린건데 3만원 더 받아가셨어요.",
        "SentimentWord": "7",
        "SentimentPolarity": "-1"
      },
      {
        "Aspect": "가격",
        "SentimentText": "적립금  빨리 쓰게 해주세요.ㅠㅠ날짜 되 갑니다.",
        "SentimentWord": "6",
        "SentimentPolarity": "-1"
      }
    ]
  },
  {
    "Index": "8596",
    "RawText": "배송이 조금 걸렸고 시간이 서로 맞지 않아 몇번씩 조율햇음에도 친절히 응대해 주셔서 무사히 설치 하였읍니다. 에어컨이 션하고 성능이  좋네요~ OOO의 명성답게 구입했는데 역시나 좋아용 올여름 더위를 피할수 있어서 다행입니다. ",
    "Source": "SNS",
    "Domain": "가전",
    "MainCategory": "계절가전",
    "ProductName": "캐리어 에어로 18단 인버터 스탠드 에어컨(16형)",
    "ReviewScore": "100",
    "Syllable": "127",
    "Word": "29",
    "RDate": "20180609",
    "Aspects": [
      {
        "Aspect": "기능",
        "SentimentText": "에어컨이 션하고 성능이  좋네요~",
        "SentimentWord": "4",
        "SentimentPolarity": "1"
      },
      {
        "Aspect": "제조일/제조사",
        "SentimentText": "OOO의 명성답게 구입했는데 역시나 좋아용",
        "SentimentWord": "5",
        "SentimentPolarity": "1"
      }
    ]
  },
  {
    "Index": "8597",
    "RawText": "배송이 좀 느린 편이고 기사님 친절 하시고 사은품 선풍기 품질이 넘 싼티 나요. 가격 대비 성능은 만족합니다",
    "Source": "SNS",
    "Domain": "가전",
    "MainCategory": "계절가전",
    "ProductName": "캐리어 에어로 18단 인버터 스탠드 에어컨(16형)",
    "ReviewScore": "100",
    "Syllable": "60",
    "Word": "17",
    "RDate": "20180708",
    "Aspects": [
      {
        "Aspect": "품질",
        "SentimentText": "사은품 선풍기 품질이 넘 싼티 나요.",
        "SentimentWord": "6",
        "SentimentPolarity": "-1"
      },
      {
        "Aspect": "기능",
        "SentimentText": "가격 대비 성능은 만족합니다",
        "SentimentWord": "4",
        "SentimentPolarity": "1"
      }
    ]
  },
  {
    "Index": "8598",
    "RawText": "날도 더운대 기사님 오셔서 아주 친절하게 설치해 주셔서 감사 했으며  깨끗하고 흠집없는 제품으로 와서 기분이 좋네요 제일 더울때 빵빵한 바람으로 시원하게 잘 썼습니다.",
    "Source": "SNS",
    "Domain": "가전",
    "MainCategory": "계절가전",
    "ProductName": "캐리어 에어로 18단 투인원 인버터 멀티 에어컨(16+6형)",
    "ReviewScore": "100",
    "Syllable": "93",
    "Word": "23",
    "RDate": "20180824",
    "Aspects": [
      {
        "Aspect": "품질",
        "SentimentText": "깨끗하고 흠집없는 제품으로 와서 기분이 좋네요",
        "SentimentWord": "6",
        "SentimentPolarity": "1"
      },
      {
        "Aspect": "기능",
        "SentimentText": "제일 더울때 빵빵한 바람으로 시원하게 잘 썼습니다.",
        "SentimentWord": "7",
        "SentimentPolarity": "1"
      }
    ]
  },
  {
    "Index": "8599",
    "RawText": "배송완료라고 하는데 해피콜한번왔구여 언제 설치되냐구물었더니 상담자도 순차대로해준다고그냥끊더군여 ㅠ 그후연락안와서 마냥기다리고 있었더니 홈쇼핑홈피에는  배송완료라고 뜨네여 빠른답글부탁드립니다  써큘레이터 줘서 좋긴 한데 품질이 영.. 이왕이면 좋을 걸로 주시지 몇일 지난 후에 다시 알아보니 가격이 떨어져 있네요 비싸게 사서 속상합니다",
    "Source": "SNS",
    "Domain": "가전",
    "MainCategory": "계절가전",
    "ProductName": "캐리어 에어로 18단 투인원 인버터 멀티 에어컨(16+6형)",
    "ReviewScore": "40",
    "Syllable": "186",
    "Word": "36",
    "RDate": "20180403",
    "Aspects": [
      {
        "Aspect": "품질",
        "SentimentText": "써큘레이터 줘서 좋긴 한데 품질이 영.. 이왕이면 좋을 걸로 주시지",
        "SentimentWord": "10",
        "SentimentPolarity": "-1"
      },
      {
        "Aspect": "가격",
        "SentimentText": "몇일 지난 후에 다시 알아보니 가격이 떨어져 있네요 비싸게 사서 속상합니다",
        "SentimentWord": "11",
        "SentimentPolarity": "-1"
      }
    ]
  },
  {
    "Index": "8600",
    "RawText": "배송은 생각만큼 빨리 안됐지만 바람 세기가 18단계라는데 전 차이점을 잘 모르겠어요 ㅠ 비싸지도 싸지도 않은 적당한 가격대라 만족합니다",
    "Source": "SNS",
    "Domain": "가전",
    "MainCategory": "계절가전",
    "ProductName": "캐리어 에어로 18단 투인원 인버터 멀티 에어컨(16+6형)",
    "ReviewScore": "100",
    "Syllable": "75",
    "Word": "18",
    "RDate": "20180613",
    "Aspects": [
      {
        "Aspect": "기능",
        "SentimentText": "바람 세기가 18단계라는데 전 차이점을 잘 모르겠어요 ㅠ",
        "SentimentWord": "8",
        "SentimentPolarity": "-1"
      },
      {
        "Aspect": "가격",
        "SentimentText": "비싸지도 싸지도 않은 적당한 가격대라 만족합니다",
        "SentimentWord": "6",
        "SentimentPolarity": "1"
      }
    ]
  },
  {
    "Index": "8601",
    "RawText": " 스마트 폰과 연동이 잘 되어서 편리하게 이용해요 근데 쎠큘레이터는 기능이 시원하지 않아요",
    "Source": "SNS",
    "Domain": "가전",
    "MainCategory": "계절가전",
    "ProductName": "캐리어 에어로 18단 투인원 인버터 멀티 에어컨(16+6형)",
    "ReviewScore": "100",
    "Syllable": "50",
    "Word": "12",
    "RDate": "20180723",
    "Aspects": [
      {
        "Aspect": "편의성",
        "SentimentText": "스마트 폰과 연동이 잘 되어서 편리하게 이용해요",
        "SentimentWord": "7",
        "SentimentPolarity": "1"
      },
      {
        "Aspect": "기능",
        "SentimentText": "근데 쎠큘레이터는 기능이 시원하지 않아요",
        "SentimentWord": "5",
        "SentimentPolarity": "-1"
      }
    ]
  },
  {
    "Index": "8602",
    "RawText": "에어컨도 오래되고 마침 고장도나서 주문했어요  색상은 하얀색이라서 어디에나 다 잘어울려요 모델형이 2016년이라서 그게 좀 아쉽네요 다만 다조은데 뒤처리를 하나도안하고가셨다는게 쫌 불편하셨다고 하더라구요",
    "Source": "SNS",
    "Domain": "가전",
    "MainCategory": "계절가전",
    "ProductName": "캐리어 에어로 18단 투인원 인버터 멀티 에어컨(16+6형)",
    "ReviewScore": "100",
    "Syllable": "113",
    "Word": "22",
    "RDate": "20180724",
    "Aspects": [
      {
        "Aspect": "색상",
        "SentimentText": "색상은 하얀색이라서 어디에나 다 잘어울려요",
        "SentimentWord": "5",
        "SentimentPolarity": "1"
      },
      {
        "Aspect": "제조일/제조사",
        "SentimentText": "모델형이 2016년이라서 그게 좀 아쉽네요",
        "SentimentWord": "5",
        "SentimentPolarity": "-1"
      }
    ]
  },
  {
    "Index": "8603",
    "RawText": "지방이라서 그런지 3주정도 걸렸네요 설치도 금방끝나고  필터교체하는 부분이 바짝 붙어 있어서 너무 불편해요 에어컨도 기능이 좋아서 시원하게 잘나오네요  ",
    "Source": "SNS",
    "Domain": "가전",
    "MainCategory": "계절가전",
    "ProductName": "캐리어 에어로 18단 투인원 인버터 멀티 에어컨(16+6형)",
    "ReviewScore": "100",
    "Syllable": "85",
    "Word": "18",
    "RDate": "20180611",
    "Aspects": [
      {
        "Aspect": "편의성",
        "SentimentText": "필터교체하는 부분이 바짝 붙어 있어서 너무 불편해요",
        "SentimentWord": "7",
        "SentimentPolarity": "-1"
      },
      {
        "Aspect": "기능",
        "SentimentText": "어컨도 기능이 좋아서 시원하게 잘나오네요 ",
        "SentimentWord": "5",
        "SentimentPolarity": "1"
      }
    ]
  },
  {
    "Index": "8604",
    "RawText": "장소가 창문이랑 거리가 있어서 직접 설치하기가 쉽지는 않네요 소음은 있어요 참을만해요 상하 자동 풍향으로 시원함에 참고 사용 합니다.",
    "Source": "SNS",
    "Domain": "가전",
    "MainCategory": "계절가전",
    "ProductName": "캐리어 이동식 냉난방 에어컨(CPA-Q092IK)",
    "ReviewScore": "100",
    "Syllable": "74",
    "Word": "18",
    "RDate": "20180729",
    "Aspects": [
      {
        "Aspect": "조작성",
        "SentimentText": "장소가 창문이랑 거리가 있어서 직접 설치하기가 쉽지는 않네요",
        "SentimentWord": "8",
        "SentimentPolarity": "0"
      },
      {
        "Aspect": "소음",
        "SentimentText": "소음은 있어요 참을만해요",
        "SentimentWord": "3",
        "SentimentPolarity": "0"
      },
      {
        "Aspect": "기능",
        "SentimentText": "상하 자동 풍향으로 시원함에 참고 사용 합니다.",
        "SentimentWord": "7",
        "SentimentPolarity": "1"
      }
    ]
  },
  {
    "Index": "8605",
    "RawText": "소리가 좀 크긴하지만 바람이 시원해서 좋습니다 온풍은 어떨지 모르겠네요",
    "Source": "SNS",
    "Domain": "가전",
    "MainCategory": "계절가전",
    "ProductName": "캐리어 이동식 냉난방 에어컨(CPA-Q092IK)",
    "ReviewScore": "100",
    "Syllable": "39",
    "Word": "9",
    "RDate": "20180729",
    "GeneralPolarity": "1",
    "Aspects": [
      {
        "Aspect": "소음",
        "SentimentText": "소리가 좀 크긴하지만",
        "SentimentWord": "3",
        "SentimentPolarity": "-1"
      },
      {
        "Aspect": "기능",
        "SentimentText": "바람이 시원해서 좋습니다",
        "SentimentWord": "3",
        "SentimentPolarity": "1"
      }
    ]
  },
  {
    "Index": "8606",
    "RawText": "꽤산뢰하는홈쇼핑~  요상품으로 완전무너지네여 이동식,,아닙니다!! 불편해요 퀄리티가 허접함,,그자체입니다                          ",
    "Source": "SNS",
    "Domain": "가전",
    "MainCategory": "계절가전",
    "ProductName": "캐리어 이동식 냉방 에어컨(APA-07JK)",
    "ReviewScore": "20",
    "Syllable": "84",
    "Word": "7",
    "RDate": "20180813",
    "Aspects": [
      {
        "Aspect": "편의성",
        "SentimentText": "이동식,,아닙니다!! 불편해요",
        "SentimentWord": "2",
        "SentimentPolarity": "-1"
      },
      {
        "Aspect": "품질",
        "SentimentText": "퀄리티가 허접함,,그자체입니다",
        "SentimentWord": "2",
        "SentimentPolarity": "-1"
      }
    ]
  },
  {
    "Index": "8607",
    "RawText": "딱 7평형 설치가 어려웠지만 찬환경이라 안심하고 씁니다 냉방효과는 좋네요 ",
    "Source": "SNS",
    "Domain": "가전",
    "MainCategory": "계절가전",
    "ProductName": "캐리어 이동식 냉방 에어컨(APA-07JK)",
    "ReviewScore": "80",
    "Syllable": "41",
    "Word": "9",
    "RDate": "20180813",
    "GeneralPolarity": "1",
    "Aspects": [
      {
        "Aspect": "조작성",
        "SentimentText": "설치가 어려웠지만 ",
        "SentimentWord": "2",
        "SentimentPolarity": "-1"
      },
      {
        "Aspect": "소재",
        "SentimentText": "찬환경이라 안심하고 씁니다",
        "SentimentWord": "3",
        "SentimentPolarity": "1"
      },
      {
        "Aspect": "기능",
        "SentimentText": "냉방효과는 좋네요",
        "SentimentWord": "2",
        "SentimentPolarity": "1"
      }
    ]
  },
  {
    "Index": "8608",
    "RawText": "유난히더운 이번여름 OOO이동식에어컨으로 시원하게 보낼거같네요 배송빨라서 너무좋고요 일단 직접 설치하는게 좀 시간걸리긴햇지만  생각만큼 소음이 크진 않더라고요   소비전력이 1450W라 조금 걱정이되네요ㅜ.     ",
    "Source": "SNS",
    "Domain": "가전",
    "MainCategory": "계절가전",
    "ProductName": "캐리어 이동식 냉방 에어컨(APA-07JK)",
    "ReviewScore": "100",
    "Syllable": "120",
    "Word": "20",
    "RDate": "20180811",
    "Aspects": [
      {
        "Aspect": "조작성",
        "SentimentText": "일단 직접 설치하는게 좀 시간걸리긴햇지만 ",
        "SentimentWord": "5",
        "SentimentPolarity": "0"
      },
      {
        "Aspect": "소음",
        "SentimentText": "생각만큼 소음이 크진 않더라고요  ",
        "SentimentWord": "4",
        "SentimentPolarity": "1"
      },
      {
        "Aspect": "소비전력",
        "SentimentText": "소비전력이 1450W라 조금 걱정이되네요ㅜ.",
        "SentimentWord": "4",
        "SentimentPolarity": "0"
      }
    ]
  },
  {
    "Index": "8609",
    "RawText": "에어컨 이 풍량 풍속기능이 있어서 바람도 세고  깔끔 사각 디자인도 안정감있어서 좋습니다~ 에어컨 설치도 잘해주셔서 올여름 잘보낼수 있을꺼 같습니다 ",
    "Source": "SNS",
    "Domain": "가전",
    "MainCategory": "계절가전",
    "ProductName": "캐리어 인버터 벽걸이 에어컨(11형) ARC11VBC",
    "ReviewScore": "80",
    "Syllable": "83",
    "Word": "19",
    "RDate": "20190625",
    "Aspects": [
      {
        "Aspect": "기능",
        "SentimentText": "풍량 풍속기능이 있어서 바람도 세고 ",
        "SentimentWord": "5",
        "SentimentPolarity": "1"
      },
      {
        "Aspect": "디자인",
        "SentimentText": "깔끔 사각 디자인도 안정감있어서 좋습니다~",
        "SentimentWord": "5",
        "SentimentPolarity": "1"
      }
    ]
  },
  {
    "Index": "8610",
    "RawText": "이주안에 설치해주시고 설명도 잘해주시고 가셨어요  오자마자 가동하고 있는데 이상없이 잘 잘동합니다 사용해보니 냉방 기능이 시원하고 만족합니다  ",
    "Source": "SNS",
    "Domain": "가전",
    "MainCategory": "계절가전",
    "ProductName": "캐리어 인버터 벽걸이 에어컨(11형) ARC11VBC",
    "ReviewScore": "100",
    "Syllable": "80",
    "Word": "16",
    "RDate": "20190618",
    "Aspects": [
      {
        "Aspect": "품질",
        "SentimentText": "오자마자 가동하고 있는데 이상없이 잘 잘동합니다",
        "SentimentWord": "6",
        "SentimentPolarity": "1"
      },
      {
        "Aspect": "기능",
        "SentimentText": "사용해보니 냉방 기능이 시원하고 만족합니다 ",
        "SentimentWord": "5",
        "SentimentPolarity": "1"
      }
    ]
  },
  {
    "Index": "8611",
    "RawText": "무료배송 무료설치한 친절한 기사님들 덕분에 터보 모드 기능이 있어서 시원한 여름 보내고 있답니다. 이상없이 작동도 잘되어 감사합니다",
    "Source": "SNS",
    "Domain": "가전",
    "MainCategory": "계절가전",
    "ProductName": "캐리어 인버터 벽걸이 에어컨(13형) ARC131VTA",
    "ReviewScore": "100",
    "Syllable": "73",
    "Word": "17",
    "RDate": "20210703",
    "Aspects": [
      {
        "Aspect": "기능",
        "SentimentText": "터보 모드 기능이 있어서 시원한 여름 보내고 있답니다.",
        "SentimentWord": "8",
        "SentimentPolarity": "1"
      },
      {
        "Aspect": "품질",
        "SentimentText": "이상없이 작동도 잘되어 감사합니다",
        "SentimentWord": "4",
        "SentimentPolarity": "1"
      }
    ]
  },
  {
    "Index": "8612",
    "RawText": "고2아들이 곧 수험생되니 장만했어요. 작동잘되고 만족스럽고 디자인이 심플하니 좋아요.",
    "Source": "SNS",
    "Domain": "가전",
    "MainCategory": "계절가전",
    "ProductName": "캐리어 인버터 벽걸이 에어컨(7형) ARC07VBC",
    "ReviewScore": "100",
    "Syllable": "47",
    "Word": "9",
    "RDate": "20190615",
    "GeneralPolarity": "1",
    "Aspects": [
      {
        "Aspect": "품질",
        "SentimentText": "작동잘되고 만족스럽고",
        "SentimentWord": "2",
        "SentimentPolarity": "1"
      },
      {
        "Aspect": "디자인",
        "SentimentText": "디자인이 심플하니 좋아요.",
        "SentimentWord": "3",
        "SentimentPolarity": "1"
      }
    ]
  },
  {
    "Index": "8613",
    "RawText": "좀덜덜거리긴해요 벽걸이보단훨씬시끄러워요 그냥00꺼살껄그랬어요ㅠㅠ",
    "Source": "SNS",
    "Domain": "가전",
    "MainCategory": "계절가전",
    "ProductName": "캐리어 창문형 에어컨 연장브라켓 60cm(CW-60BR)",
    "ReviewScore": "100",
    "Syllable": "35",
    "Word": "3",
    "RDate": "20210803",
    "GeneralPolarity": "-1",
    "Aspects": [
      {
        "Aspect": "소음",
        "SentimentText": "좀덜덜거리긴해요 벽걸이보단훨씬시끄러워요",
        "SentimentWord": "2",
        "SentimentPolarity": "-1"
      },
      {
        "Aspect": "제조일/제조사",
        "SentimentText": "그냥00꺼살껄그랬어요ㅠㅠ",
        "SentimentWord": "1",
        "SentimentPolarity": "-1"
      }
    ]
  },
  {
    "Index": "8614",
    "RawText": "Tv쇼핑보고 주문 사용해보니 빨리 따뜻해져서 매우 유익하고 원터치로 온오프 가능해서  편리함",
    "Source": "SNS",
    "Domain": "가전",
    "MainCategory": "계절가전",
    "ProductName": "(온라인) 일월 절전형 양모매트 초특가_싱글",
    "ReviewScore": "100",
    "Syllable": "51",
    "Word": "11",
    "RDate": "20211219",
    "GeneralPolarity": "1",
    "Aspects": [
      {
        "Aspect": "기능",
        "SentimentText": "사용해보니 빨리 따뜻해져서 매우 유익하고",
        "SentimentWord": "5",
        "SentimentPolarity": "1"
      },
      {
        "Aspect": "조작성",
        "SentimentText": "원터치로 온오프 가능해서 편리함",
        "SentimentWord": "4",
        "SentimentPolarity": "1"
      }
    ]
  },
  {
    "Index": "8615",
    "RawText": "가격이 대박 가성비 괜찮아요 사이즈 작은 걸 샀지만 생각보다 작아서 더 큰 걸 살걸 후회하고 있어요 그런데 00쇼핑 배송이 늦어도 너무 늦어요",
    "Source": "SNS",
    "Domain": "가전",
    "MainCategory": "계절가전",
    "ProductName": "(온라인) 일월 절전형 양모매트 초특가_싱글",
    "ReviewScore": "70",
    "Syllable": "79",
    "Word": "22",
    "RDate": "20211013",
    "Aspects": [
      {
        "Aspect": "가격",
        "SentimentText": "가격이 대박 가성비 괜찮아요",
        "SentimentWord": "4",
        "SentimentPolarity": "1"
      },
      {
        "Aspect": "사이즈",
        "SentimentText": "사이즈 작은 걸 샀지만 생각보다 작아서 더 큰 걸 살걸 후회하고 있어요",
        "SentimentWord": "12",
        "SentimentPolarity": "-1"
      }
    ]
  },
  {
    "Index": "8616",
    "RawText": "온도 조절 기능이 있어서 금방 뜨거워지고 가로 사이즈도 넉넉해요 적립금 이용해 잘 샀어요 따뜻한 겨울 보내세요!",
    "Source": "SNS",
    "Domain": "가전",
    "MainCategory": "계절가전",
    "ProductName": "(온라인) 일월 절전형 양모매트 초특가_싱글",
    "ReviewScore": "100",
    "Syllable": "62",
    "Word": "16",
    "RDate": "20211107",
    "Aspects": [
      {
        "Aspect": "기능",
        "SentimentText": "온도 조절 기능이 있어서 금방 뜨거워지고",
        "SentimentWord": "6",
        "SentimentPolarity": "1"
      },
      {
        "Aspect": "사이즈",
        "SentimentText": "가로 사이즈도 넉넉해요",
        "SentimentWord": "3",
        "SentimentPolarity": "1"
      },
      {
        "Aspect": "가격",
        "SentimentText": "적립금 이용해 잘 샀어요",
        "SentimentWord": "4",
        "SentimentPolarity": "1"
      }
    ]
  },
  {
    "Index": "8617",
    "RawText": "따뜻하게 잘쓰고잇어요 작동잘되고 금방 따뜻해지네요",
    "Source": "SNS",
    "Domain": "가전",
    "MainCategory": "계절가전",
    "ProductName": "(온라인) 일월 절전형 양모매트 초특가_싱글",
    "ReviewScore": "100",
    "Syllable": "27",
    "Word": "5",
    "RDate": "20211022",
    "GeneralPolarity": "1",
    "Aspects": [
      {
        "Aspect": "기능",
        "SentimentText": "따뜻하게 잘쓰고잇어요 ",
        "SentimentWord": "2",
        "SentimentPolarity": "1"
      },
      {
        "Aspect": "시간/속도",
        "SentimentText": "작동잘되고 금방 따뜻해지네요",
        "SentimentWord": "3",
        "SentimentPolarity": "1"
      }
    ]
  },
  {
    "Index": "8618",
    "RawText": "좌우 분리 난방기능이 있네요 절전형이어서 생활에 도움이 됩니다 취침할 때는 추워도 1단계 하는게 좋아요.  저온화상 예방.  배송 빠르고 좋아요.",
    "Source": "SNS",
    "Domain": "가전",
    "MainCategory": "계절가전",
    "ProductName": "(온라인) 일월 절전형 양모매트 초특가_싱글",
    "ReviewScore": "100",
    "Syllable": "81",
    "Word": "19",
    "RDate": "20211205",
    "Aspects": [
      {
        "Aspect": "소비전력",
        "SentimentText": "좌우 분리 난방기능이 있네요 절전형이어서 생활에 도움이 됩니다",
        "SentimentWord": "8",
        "SentimentPolarity": "1"
      },
      {
        "Aspect": "기능",
        "SentimentText": "취침할 때는 추워도 1단계 하는게 좋아요.  저온화상 예방. ",
        "SentimentWord": "8",
        "SentimentPolarity": "1"
      }
    ]
  },
  {
    "Index": "8619",
    "RawText": "배송은 느리지만 제품 품질은 그럭저럭 만족합니다. 온도 조절 유지 기능이 있어서 따뜻하네요 역시 00이네요",
    "Source": "SNS",
    "Domain": "가전",
    "MainCategory": "계절가전",
    "ProductName": "(온라인) 일월 절전형 양모매트 초특가_싱글",
    "ReviewScore": "100",
    "Syllable": "59",
    "Word": "14",
    "RDate": "20211026",
    "Aspects": [
      {
        "Aspect": "품질",
        "SentimentText": "제품 품질은 그럭저럭 만족합니다.",
        "SentimentWord": "4",
        "SentimentPolarity": "0"
      },
      {
        "Aspect": "기능",
        "SentimentText": "온도 조절 유지 기능이 있어서 따뜻하네요",
        "SentimentWord": "6",
        "SentimentPolarity": "1"
      },
      {
        "Aspect": "제조일/제조사",
        "SentimentText": " 역시 00이네요",
        "SentimentWord": "2",
        "SentimentPolarity": "1"
      }
    ]
  },
  {
    "Index": "8620",
    "RawText": "빠른 배송 감사합니다.  이상없이 제품이 작동도 잘되고 열선 과열방지 기능이 없어서 걱정없네요 잘 사용하겠습니다.",
    "Source": "SNS",
    "Domain": "가전",
    "MainCategory": "계절가전",
    "ProductName": "(온라인) 일월 절전형 양모매트 초특가_싱글",
    "ReviewScore": "80",
    "Syllable": "63",
    "Word": "14",
    "RDate": "20220118",
    "Aspects": [
      {
        "Aspect": "품질",
        "SentimentText": "이상없이 제품이 작동도 잘되고",
        "SentimentWord": "4",
        "SentimentPolarity": "1"
      },
      {
        "Aspect": "기능",
        "SentimentText": "열선 과열방지 기능이 없어서 걱정없네요",
        "SentimentWord": "5",
        "SentimentPolarity": "1"
      }
    ]
  },
  {
    "Index": "8621",
    "RawText": "싱글침대에 놓으니 잘 맞고요 착한가격에 맘껏 잘 쓸것 같아요 따뜻하고 시간조절이 되어 자동꺼짐 더욱 좋네요. 맘 편히 쓰는게 최고인것 같아요. 전자파차단 된다 하니 좋습니다.",
    "Source": "SNS",
    "Domain": "가전",
    "MainCategory": "계절가전",
    "ProductName": "(온라인) 일월 절전형 양모매트 초특가_싱글",
    "ReviewScore": "100",
    "Syllable": "97",
    "Word": "24",
    "RDate": "20210911",
    "GeneralPolarity": "1",
    "Aspects": [
      {
        "Aspect": "사이즈",
        "SentimentText": "싱글침대에 놓으니 잘 맞고요",
        "SentimentWord": "4",
        "SentimentPolarity": "1"
      },
      {
        "Aspect": "가격",
        "SentimentText": "착한가격에 맘껏 잘 쓸것 같아요",
        "SentimentWord": "5",
        "SentimentPolarity": "1"
      },
      {
        "Aspect": "기능",
        "SentimentText": "따뜻하고 시간조절이 되어 자동꺼짐더욱 좋네요.",
        "SentimentWord": "5",
        "SentimentPolarity": "1"
      },
      {
        "Aspect": "기능",
        "SentimentText": " 전자파차단 된다 하니 좋습니다.",
        "SentimentWord": "4",
        "SentimentPolarity": "1"
      }
    ]
  },
  {
    "Index": "8622",
    "RawText": "아들 자취방에 필요해서  구입했어요  이상유무확인차  5분정도  켜보니 순식간에 따뜻해지네요   소재가 따뜻한 양모 함유 포함이 되어 있어서 따뜻해요 잘사용할게요",
    "Source": "SNS",
    "Domain": "가전",
    "MainCategory": "계절가전",
    "ProductName": "(온라인) 일월 절전형 양모매트 초특가_싱글",
    "ReviewScore": "100",
    "Syllable": "90",
    "Word": "18",
    "RDate": "20210928",
    "Aspects": [
      {
        "Aspect": "시간/속도",
        "SentimentText": "5분정도  켜보니 순식간에 따뜻해지네요",
        "SentimentWord": "4",
        "SentimentPolarity": "1"
      },
      {
        "Aspect": "소재",
        "SentimentText": "소재가 따뜻한 양모 함유 포함이 되어 있어서 따뜻해요",
        "SentimentWord": "8",
        "SentimentPolarity": "1"
      }
    ]
  },
  {
    "Index": "8623",
    "RawText": "온도조절후 원터치 방식으로 켜고끌수있어서 편리한것 같아요 소재가 안전할것 같아요. 사이즈등 전체적으로 맘에들어요.",
    "Source": "SNS",
    "Domain": "가전",
    "MainCategory": "계절가전",
    "ProductName": "(온라인) 일월 절전형 양모매트 초특가_싱글",
    "ReviewScore": "100",
    "Syllable": "63",
    "Word": "12",
    "RDate": "20211120",
    "GeneralPolarity": "1",
    "Aspects": [
      {
        "Aspect": "편의성",
        "SentimentText": "온도조절후 원터치 방식으로 켜고끌수있어서 편리한것 같아요",
        "SentimentWord": "6",
        "SentimentPolarity": "1"
      },
      {
        "Aspect": "소재",
        "SentimentText": "소재가 안전할것 같아요.",
        "SentimentWord": "3",
        "SentimentPolarity": "1"
      },
      {
        "Aspect": "사이즈",
        "SentimentText": "사이즈등 전체적으로 맘에들어요.",
        "SentimentWord": "3",
        "SentimentPolarity": "1"
      }
    ]
  },
  {
    "Index": "8624",
    "RawText": "소재가 양모 함유 원단을 사용하여 따뜻해요 초특가 저렴하게 구입해서 더  신나네요~ 00쇼핑에서 두번째 구매하네요 포장도 맘에들고 좋습니다 강추",
    "Source": "SNS",
    "Domain": "가전",
    "MainCategory": "계절가전",
    "ProductName": "(온라인) 일월 절전형 양모매트 초특가_싱글",
    "ReviewScore": "100",
    "Syllable": "80",
    "Word": "18",
    "RDate": "20220122",
    "Aspects": [
      {
        "Aspect": "소재",
        "SentimentText": "소재가 양모 함유 원단을 사용하여 따뜻해요",
        "SentimentWord": "6",
        "SentimentPolarity": "1"
      },
      {
        "Aspect": "가격",
        "SentimentText": "초특가 저렴하게 구입해서 더  신나네요~",
        "SentimentWord": "5",
        "SentimentPolarity": "1"
      }
    ]
  },
  {
    "Index": "8625",
    "RawText": "잘 받았습니다. 배송도 빠르고 실용성 뛰어난 제품 퀄리티가 좋네요 싸게 잘 샀습니다.  따스하고 크기도 딱 좋습니다. 감사합니다.",
    "Source": "SNS",
    "Domain": "가전",
    "MainCategory": "계절가전",
    "ProductName": "(온라인) 일월 절전형 양모매트 초특가_싱글",
    "ReviewScore": "100",
    "Syllable": "72",
    "Word": "17",
    "RDate": "20211109",
    "Aspects": [
      {
        "Aspect": "품질",
        "SentimentText": "실용성 뛰어난 제품 퀄리티가 좋네요",
        "SentimentWord": "5",
        "SentimentPolarity": "1"
      },
      {
        "Aspect": "가격",
        "SentimentText": "싸게 잘 샀습니다. ",
        "SentimentWord": "3",
        "SentimentPolarity": "1"
      },
      {
        "Aspect": "사이즈",
        "SentimentText": "따스하고 크기도 딱 좋습니다.",
        "SentimentWord": "4",
        "SentimentPolarity": "1"
      }
    ]
  },
  {
    "Index": "8626",
    "RawText": "침대밑에 놓으려고 구입했는데 넘 좋아요 생각보다 두툼하고 푹신해요 따뜻해서 좋아요.",
    "Source": "SNS",
    "Domain": "가전",
    "MainCategory": "계절가전",
    "ProductName": "(온라인) 일월 절전형 양모매트 초특가_싱글",
    "ReviewScore": "100",
    "Syllable": "46",
    "Word": "10",
    "RDate": "20211112",
    "GeneralPolarity": "1",
    "Aspects": [
      {
        "Aspect": "소재",
        "SentimentText": "생각보다 두툼하고 푹신해요",
        "SentimentWord": "3",
        "SentimentPolarity": "1"
      },
      {
        "Aspect": "기능",
        "SentimentText": "따뜻해서 좋아요.",
        "SentimentWord": "2",
        "SentimentPolarity": "1"
      }
    ]
  },
  {
    "Index": "8627",
    "RawText": "폭신하고 좋아요 따뜻하고 가격도 좋아요",
    "Source": "SNS",
    "Domain": "가전",
    "MainCategory": "계절가전",
    "ProductName": "(온라인) 일월 절전형 양모매트 초특가_싱글",
    "ReviewScore": "100",
    "Syllable": "21",
    "Word": "5",
    "RDate": "20210923",
    "GeneralPolarity": "1",
    "Aspects": [
      {
        "Aspect": "소재",
        "SentimentText": "폭신하고 좋아요",
        "SentimentWord": "2",
        "SentimentPolarity": "1"
      },
      {
        "Aspect": "기능",
        "SentimentText": "따뜻하고 가격도 좋아요",
        "SentimentWord": "3",
        "SentimentPolarity": "1"
      },
      {
        "Aspect": "가격",
        "SentimentText": "가격도 좋아요",
        "SentimentWord": "2",
        "SentimentPolarity": "1"
      }
    ]
  }
]