[
  {
    "Index": "45215",
    "RawText": "물이 아주 쭉쭉 차는거 보면 제습능력 짱입니다. 물통 용량도 넉넉하니 넘 좋아요. 이동시에 바퀴가 있긴 하나 전원 줄이 걸려 잘 안굴러가는 불편함이 있어요.",
    "Source": "쇼핑몰",
    "Domain": "가전",
    "MainCategory": "계절가전",
    "ProductName": "휘센 LG전자 DQ200PBBC",
    "ReviewScore": "5",
    "Syllable": "87",
    "Word": "23",
    "RDate": "20220427",
    "GeneralPolarity": "0",
    "Aspects": [
      {
        "Aspect": "기능",
        "SentimentText": "물이 아주 쭉쭉 차는거 보면 제습능력 짱입니다. ",
        "SentimentWord": "7",
        "SentimentPolarity": "1"
      },
      {
        "Aspect": "용량",
        "SentimentText": "물통 용량도 넉넉하니 넘 좋아요",
        "SentimentWord": "5",
        "SentimentPolarity": "1"
      },
      {
        "Aspect": "편의성",
        "SentimentText": "이동시에 바퀴가 있긴 하나 전원 줄이 걸려 잘 안굴러가는 불편함이 있어요.",
        "SentimentWord": "11",
        "SentimentPolarity": "-1"
      }
    ]
  },
  {
    "Index": "45216",
    "RawText": "바퀴 부드럽게 잘 움직여서 이동성이 좋네요^^ 전원작동시 소음도 적고요^^ 굿굿 소비전력1등급이라 전기요금도 적게 나와요~",
    "Source": "쇼핑몰",
    "Domain": "가전",
    "MainCategory": "계절가전",
    "ProductName": "휘센 LG전자 DQ200PBBC",
    "ReviewScore": "5",
    "Syllable": "68",
    "Word": "14",
    "RDate": "20210926",
    "GeneralPolarity": "1",
    "Aspects": [
      {
        "Aspect": "편의성",
        "SentimentText": "바퀴 부드럽게 잘 움직여서 이동성이 좋네요^^",
        "SentimentWord": "6",
        "SentimentPolarity": "1"
      },
      {
        "Aspect": "소음",
        "SentimentText": "전원작동시 소음도 적고요^^ 굿굿",
        "SentimentWord": "4",
        "SentimentPolarity": "1"
      },
      {
        "Aspect": "소비전력",
        "SentimentText": "소비전력1등급이라 전기요금도 적게 나와요~",
        "SentimentWord": "4",
        "SentimentPolarity": "1"
      }
    ]
  },
  {
    "Index": "45218",
    "RawText": "저렴하게 구매해서 넘 만족스러워요. 사용해봤는데 굉장히 큰 소음이 나서 깜짝놀랬네요. 시끄러워서 아쉽습니다.",
    "Source": "쇼핑몰",
    "Domain": "가전",
    "MainCategory": "계절가전",
    "ProductName": "휘센 LG전자 DQ200PBBC",
    "ReviewScore": "5",
    "Syllable": "60",
    "Word": "12",
    "RDate": "20220524",
    "GeneralPolarity": "0",
    "Aspects": [
      {
        "Aspect": "가격",
        "SentimentText": "저렴하게 구매해서 넘 만족스러워요.",
        "SentimentWord": "4",
        "SentimentPolarity": "1"
      },
      {
        "Aspect": "소음",
        "SentimentText": " 사용해봤는데 굉장히 큰 소음이 나서 깜짝놀랬네요. 시끄러워서 아쉽습니다.",
        "SentimentWord": "8",
        "SentimentPolarity": "-1"
      }
    ]
  },
  {
    "Index": "45219",
    "RawText": "사용하기 굉장히 편리하게 만들어져서 넘 좋아요. 소음도 거의 없는편이라 넘 좋습니다.",
    "Source": "쇼핑몰",
    "Domain": "가전",
    "MainCategory": "계절가전",
    "ProductName": "휘센 LG전자 DQ200PBBC",
    "ReviewScore": "4",
    "Syllable": "47",
    "Word": "11",
    "RDate": "20220608",
    "GeneralPolarity": "1",
    "Aspects": [
      {
        "Aspect": "편의성",
        "SentimentText": "사용하기 굉장히 편리하게 만들어져서 넘 좋아요. ",
        "SentimentWord": "6",
        "SentimentPolarity": "1"
      },
      {
        "Aspect": "소음",
        "SentimentText": "소음도 거의 없는편이라 넘 좋습니다.",
        "SentimentWord": "5",
        "SentimentPolarity": "1"
      }
    ]
  },
  {
    "Index": "45220",
    "RawText": "할인가로 저렴하게 잘샀어요 굿굿 색상이 차분해서 분위기있어요^^",
    "Source": "쇼핑몰",
    "Domain": "가전",
    "MainCategory": "계절가전",
    "ProductName": "휘센 LG전자 DQ200PBBC",
    "ReviewScore": "5",
    "Syllable": "35",
    "Word": "7",
    "RDate": "20211017",
    "GeneralPolarity": "1",
    "Aspects": [
      {
        "Aspect": "가격",
        "SentimentText": "할인가로 저렴하게 잘샀어요 굿굿",
        "SentimentWord": "4",
        "SentimentPolarity": "1"
      },
      {
        "Aspect": "색상",
        "SentimentText": "색상이 차분해서 분위기있어요^^",
        "SentimentWord": "3",
        "SentimentPolarity": "1"
      }
    ]
  },
  {
    "Index": "45221",
    "RawText": "할인받아서 저렴하게 사서 넘 만족스러워요. 물통 용량이 생각보다 작아서 금방금방 물이 차서 아쉬워요.",
    "Source": "쇼핑몰",
    "Domain": "가전",
    "MainCategory": "계절가전",
    "ProductName": "휘센 LG전자 DQ200PBBC",
    "ReviewScore": "4",
    "Syllable": "56",
    "Word": "13",
    "RDate": "20220319",
    "GeneralPolarity": "0",
    "Aspects": [
      {
        "Aspect": "가격",
        "SentimentText": "할인받아서 저렴하게 사서 넘 만족스러워요.",
        "SentimentWord": "5",
        "SentimentPolarity": "1"
      },
      {
        "Aspect": "용량",
        "SentimentText": "물통 용량이 생각보다 작아서 금방금방 물이 차서 아쉬워요.",
        "SentimentWord": "8",
        "SentimentPolarity": "-1"
      }
    ]
  },
  {
    "Index": "45222",
    "RawText": "19리터 제습기 써보고 좋아서 업그레이드 용량 샀는데 아주 넉넉해서 좋아요 쿠폰할인 받아서 저렴하게 구매했어요 굿굿",
    "Source": "쇼핑몰",
    "Domain": "가전",
    "MainCategory": "계절가전",
    "ProductName": "휘센 LG전자 DQ200PBBC",
    "ReviewScore": "5",
    "Syllable": "64",
    "Word": "15",
    "RDate": "20220328",
    "GeneralPolarity": "1",
    "Aspects": [
      {
        "Aspect": "용량",
        "SentimentText": "19리터 제습기 써보고 좋아서 업그레이드 용량 샀는데 아주 넉넉해서 좋아요",
        "SentimentWord": "10",
        "SentimentPolarity": "1"
      },
      {
        "Aspect": "가격",
        "SentimentText": "쿠폰할인 받아서 저렴하게 구매했어요 굿굿",
        "SentimentWord": "5",
        "SentimentPolarity": "1"
      }
    ]
  },
  {
    "Index": "45223",
    "RawText": "작동시켜놓으면 집안이 뽀송해져서 만족스러워요. 사이즈가 생각보다 커서 자리공간 차지 많이 합니다 아쉬워요.",
    "Source": "쇼핑몰",
    "Domain": "가전",
    "MainCategory": "계절가전",
    "ProductName": "휘센 LG전자 DQ200PBBC",
    "ReviewScore": "5",
    "Syllable": "59",
    "Word": "12",
    "RDate": "20211002",
    "GeneralPolarity": "0",
    "Aspects": [
      {
        "Aspect": "기능",
        "SentimentText": "작동시켜놓으면 집안이 뽀송해져서 만족스러워요.",
        "SentimentWord": "4",
        "SentimentPolarity": "1"
      },
      {
        "Aspect": "사이즈",
        "SentimentText": "사이즈가 생각보다 커서 자리공간 차지 많이 합니다 아쉬워요.",
        "SentimentWord": "8",
        "SentimentPolarity": "-1"
      }
    ]
  },
  {
    "Index": "45224",
    "RawText": "22년도 생산 최신제조로 받았어요 감사합니다 제습 성능 강력하니 아주 짱입니다^^",
    "Source": "쇼핑몰",
    "Domain": "가전",
    "MainCategory": "계절가전",
    "ProductName": "휘센 LG전자 DQ200PBBC",
    "ReviewScore": "5",
    "Syllable": "45",
    "Word": "10",
    "RDate": "20220620",
    "GeneralPolarity": "1",
    "Aspects": [
      {
        "Aspect": "제조일/제조사",
        "SentimentText": "22년도 생산 최신제조로 받았어요 감사합니다",
        "SentimentWord": "5",
        "SentimentPolarity": "1"
      },
      {
        "Aspect": "기능",
        "SentimentText": "제습 성능 강력하니 아주 짱입니다^^",
        "SentimentWord": "5",
        "SentimentPolarity": "1"
      }
    ]
  },
  {
    "Index": "45226",
    "RawText": "소음이 있긴한데 엄청 신경쓰일 정도는 아니예요. 무난합니다. 물통 탈착이 원할하게 잘 안되서 답답해요 짜증납니다.",
    "Source": "쇼핑몰",
    "Domain": "가전",
    "MainCategory": "계절가전",
    "ProductName": "휘센 LG전자 DQ200PBBC",
    "ReviewScore": "5",
    "Syllable": "63",
    "Word": "14",
    "RDate": "20220529",
    "GeneralPolarity": "-1",
    "Aspects": [
      {
        "Aspect": "소음",
        "SentimentText": "소음이 있긴한데 엄청 신경쓰일 정도는 아니예요. 무난합니다. ",
        "SentimentWord": "7",
        "SentimentPolarity": "0"
      },
      {
        "Aspect": "조작성",
        "SentimentText": "물통 탈착이 원할하게 잘 안되서 답답해요 짜증납니다.",
        "SentimentWord": "7",
        "SentimentPolarity": "-1"
      }
    ]
  },
  {
    "Index": "45227",
    "RawText": "집안이 뽀송뽀송해서 너무 만족해요 휴대폰에 앱만 설치 하면 밖에서도 컨트롤 가능하니 엄청 편리하네요^^",
    "Source": "쇼핑몰",
    "Domain": "가전",
    "MainCategory": "계절가전",
    "ProductName": "휘센 LG전자 DQ200PBBC",
    "ReviewScore": "5",
    "Syllable": "57",
    "Word": "13",
    "RDate": "20220527",
    "GeneralPolarity": "1",
    "Aspects": [
      {
        "Aspect": "기능",
        "SentimentText": "집안이 뽀송뽀송해서 너무 만족해요",
        "SentimentWord": "4",
        "SentimentPolarity": "1"
      },
      {
        "Aspect": "편의성",
        "SentimentText": "휴대폰에 앱만 설치 하면 밖에서도 컨트롤 가능하니 엄청 편리하네요^^",
        "SentimentWord": "9",
        "SentimentPolarity": "1"
      }
    ]
  },
  {
    "Index": "45229",
    "RawText": "습기 제거가 완벽해서 만족해요 고급스럽고 귀여운 디자인이라 시선강탈입니다^^",
    "Source": "쇼핑몰",
    "Domain": "가전",
    "MainCategory": "계절가전",
    "ProductName": "휘센 LG전자 DQ200PBBC",
    "ReviewScore": "5",
    "Syllable": "42",
    "Word": "8",
    "RDate": "20220201",
    "GeneralPolarity": "1",
    "Aspects": [
      {
        "Aspect": "기능",
        "SentimentText": "습기 제거가 완벽해서 만족해요",
        "SentimentWord": "4",
        "SentimentPolarity": "1"
      },
      {
        "Aspect": "디자인",
        "SentimentText": "고급스럽고 귀여운 디자인이라 시선강탈입니다^^",
        "SentimentWord": "4",
        "SentimentPolarity": "1"
      }
    ]
  },
  {
    "Index": "45230",
    "RawText": "역시 디자인이 깔끔하고 예뻐서 좋아요. 소음이 거의 없는편입니다 정말 조용해서 좋아요.",
    "Source": "쇼핑몰",
    "Domain": "가전",
    "MainCategory": "계절가전",
    "ProductName": "휘센 LG전자 DQ200PBBC",
    "ReviewScore": "5",
    "Syllable": "48",
    "Word": "11",
    "RDate": "20220331",
    "GeneralPolarity": "1",
    "Aspects": [
      {
        "Aspect": "디자인",
        "SentimentText": "역시 디자인이 깔끔하고 예뻐서 좋아요.",
        "SentimentWord": "5",
        "SentimentPolarity": "1"
      },
      {
        "Aspect": "소음",
        "SentimentText": "소음이 거의 없는편입니다 정말 조용해서 좋아요.",
        "SentimentWord": "6",
        "SentimentPolarity": "1"
      }
    ]
  },
  {
    "Index": "45231",
    "RawText": "물통이 투명이라 보여서 너무 좋아요. 소음은 선택조절이 가능해서 시끄럽지 않게 할 수 있네요 넘좋습니다.",
    "Source": "쇼핑몰",
    "Domain": "가전",
    "MainCategory": "계절가전",
    "ProductName": "휘센 LG전자 DQ200PBBC",
    "ReviewScore": "5",
    "Syllable": "58",
    "Word": "14",
    "RDate": "20220526",
    "GeneralPolarity": "1",
    "Aspects": [
      {
        "Aspect": "편의성",
        "SentimentText": "물통이 투명이라 보여서 너무 좋아요",
        "SentimentWord": "5",
        "SentimentPolarity": "1"
      },
      {
        "Aspect": "소음",
        "SentimentText": "소음은 선택조절이 가능해서 시끄럽지 않게 할 수 있네요 넘좋습니다.",
        "SentimentWord": "9",
        "SentimentPolarity": "1"
      }
    ]
  },
  {
    "Index": "45232",
    "RawText": "OOO제품 역시 기대충족시켜주네요 기능도 품질도 굿 구매잘했네요  색상도 컬러풀해서 맘에 들어요",
    "Source": "쇼핑몰",
    "Domain": "가전",
    "MainCategory": "계절가전",
    "ProductName": "휘센 LG전자 DQ200PBBC",
    "ReviewScore": "5",
    "Syllable": "53",
    "Word": "11",
    "RDate": "20220623",
    "GeneralPolarity": "1",
    "Aspects": [
      {
        "Aspect": "제조일/제조사",
        "SentimentText": "OOO제품 역시 기대충족시켜주네요 기능도 품질도 굿 구매잘했네요 ",
        "SentimentWord": "7",
        "SentimentPolarity": "1"
      },
      {
        "Aspect": "색상",
        "SentimentText": "색상도 컬러풀해서 맘에 들어요",
        "SentimentWord": "4",
        "SentimentPolarity": "1"
      }
    ]
  },
  {
    "Index": "45233",
    "RawText": "가격이 좀 비싼편이긴 하나 브랜드 값하니 아깝지 않아요^^ 소음도 거의 없는편이라 좋구요. 제품이 바퀴가 달려있어 이동이 편리하게 되서 넘 좋아요.",
    "Source": "쇼핑몰",
    "Domain": "가전",
    "MainCategory": "계절가전",
    "ProductName": "휘센 LG전자 DQ200PBBC",
    "ReviewScore": "4",
    "Syllable": "82",
    "Word": "20",
    "RDate": "20220811",
    "GeneralPolarity": "1",
    "Aspects": [
      {
        "Aspect": "품질",
        "SentimentText": "가격이 좀 비싼편이긴 하나 브랜드 값하니 아깝지 않아요^^ ",
        "SentimentWord": "8",
        "SentimentPolarity": "1"
      },
      {
        "Aspect": "소음",
        "SentimentText": " 소음도 거의 없는편이라 좋구요.",
        "SentimentWord": "4",
        "SentimentPolarity": "1"
      },
      {
        "Aspect": "편의성",
        "SentimentText": "제품이 바퀴가 달려있어 이동이 편리하게 되서 넘 좋아요.",
        "SentimentWord": "8",
        "SentimentPolarity": "1"
      }
    ]
  },
  {
    "Index": "45234",
    "RawText": "그동안 써봤던 제품들 중에 소음이 가장 적어요 조용해서 좋아요. 그리고 바퀴가 넘 부드러워요. 부드러워서 이동시킬때 굉장히 편하네요!! 강추합니다.",
    "Source": "쇼핑몰",
    "Domain": "가전",
    "MainCategory": "계절가전",
    "ProductName": "휘센 LG전자 DQ200PBBC",
    "ReviewScore": "5",
    "Syllable": "82",
    "Word": "18",
    "RDate": "20220527",
    "GeneralPolarity": "1",
    "Aspects": [
      {
        "Aspect": "소음",
        "SentimentText": "그동안 써봤던 제품들 중에 소음이 가장 적어요 조용해서 좋아요.",
        "SentimentWord": "9",
        "SentimentPolarity": "1"
      },
      {
        "Aspect": "편의성",
        "SentimentText": "그리고 바퀴가 넘 부드러워요. 부드러워서 이동시킬때 굉장히 편하네요!! 강추합니다.",
        "SentimentWord": "9",
        "SentimentPolarity": "1"
      }
    ]
  },
  {
    "Index": "45235",
    "RawText": "소리가 생각보다 조용해서 좋아요. 요즘 비때문에 습했는데 물나오는거보니 제습 잘되고있는것 같아 맘놓입니다!^^ 거기에다 제조일이 21.09 이라서 더 맘에 듭니다 ^^",
    "Source": "쇼핑몰",
    "Domain": "가전",
    "MainCategory": "계절가전",
    "ProductName": "휘센 LG전자 DQ200PBBC",
    "ReviewScore": "4",
    "Syllable": "93",
    "Word": "20",
    "RDate": "20211008",
    "GeneralPolarity": "1",
    "Aspects": [
      {
        "Aspect": "소음",
        "SentimentText": "소리가 생각보다 조용해서 좋아요.",
        "SentimentWord": "4",
        "SentimentPolarity": "1"
      },
      {
        "Aspect": "기능",
        "SentimentText": "요즘 비때문에 습했는데 물나오는거보니 제습 잘되고있는것 같아 맘놓입니다!^^",
        "SentimentWord": "8",
        "SentimentPolarity": "1"
      },
      {
        "Aspect": "제조일/제조사",
        "SentimentText": "거기에다 제조일이 21.09 이라서 더 맘에 듭니다 ^^",
        "SentimentWord": "8",
        "SentimentPolarity": "1"
      }
    ]
  },
  {
    "Index": "45236",
    "RawText": "건조기는 쭈글쭈글해져서 싫고 그냥말리는건 오래걸려 싫고 제습기 켜놓으니 금새 마르네요!! 대박~ 만족입니다!! 한가지, 아쉬운점은 전원키고 제습시작할때까지 시간이 저한태는 좀 오래걸리는것처럼 느껴집니다",
    "Source": "쇼핑몰",
    "Domain": "가전",
    "MainCategory": "계절가전",
    "ProductName": "휘센 LG전자 DQ200PBBC",
    "ReviewScore": "5",
    "Syllable": "112",
    "Word": "21",
    "RDate": "20210926",
    "GeneralPolarity": "0",
    "Aspects": [
      {
        "Aspect": "기능",
        "SentimentText": "건조기는 쭈글쭈글해져서 싫고 그냥말리는건 오래걸려 싫고 제습기 켜놓으니 금새 마르네요!! 대박~ 만족입니다!!",
        "SentimentWord": "12",
        "SentimentPolarity": "1"
      },
      {
        "Aspect": "시간/속도",
        "SentimentText": "한가지, 아쉬운점은 전원키고 제습시작할때까지 시간이 저한태는 좀 오래걸리는것처럼 느껴집니다 ",
        "SentimentWord": "9",
        "SentimentPolarity": "-1"
      }
    ]
  },
  {
    "Index": "45237",
    "RawText": "예전에 쓰던거에 비하면 소음도 거의 없어서 만족합니다. 의류 건조기능 어쩜 이런 기특한 생각을 빨래 잘말라 최고입니다.",
    "Source": "쇼핑몰",
    "Domain": "가전",
    "MainCategory": "계절가전",
    "ProductName": "휘센 LG전자 DQ200PBBC",
    "ReviewScore": "5",
    "Syllable": "66",
    "Word": "16",
    "RDate": "20220512",
    "GeneralPolarity": "1",
    "Aspects": [
      {
        "Aspect": "소음",
        "SentimentText": "예전에 쓰던거에 비하면 소음도 거의 없어서 만족합니다. ",
        "SentimentWord": "7",
        "SentimentPolarity": "1"
      },
      {
        "Aspect": "기능",
        "SentimentText": "의류 건조기능 어쩜 이런 기특한 생각을 빨래 잘말라 최고입니다. ",
        "SentimentWord": "9",
        "SentimentPolarity": "1"
      }
    ]
  },
  {
    "Index": "45238",
    "RawText": "배송 빠른편입니다. 하자 없이 작동도 잘되어 매우 좋습니다. 카드할인으로 엄청 싸게 사서 대만족!!!!",
    "Source": "쇼핑몰",
    "Domain": "가전",
    "MainCategory": "계절가전",
    "ProductName": "휘센 LG전자 DQ200PBBC",
    "ReviewScore": "5",
    "Syllable": "57",
    "Word": "13",
    "RDate": "20220405",
    "GeneralPolarity": "1",
    "Aspects": [
      {
        "Aspect": "품질",
        "SentimentText": "하자 없이 작동도 잘되어 매우 좋습니다. ",
        "SentimentWord": "6",
        "SentimentPolarity": "1"
      },
      {
        "Aspect": "가격",
        "SentimentText": "카드할인으로 엄청 싸게 사서 대만족!!!!",
        "SentimentWord": "5",
        "SentimentPolarity": "1"
      }
    ]
  },
  {
    "Index": "45239",
    "RawText": "오랜시간 고민끝에 주문했습니다. 제습기는 처음인데 장마철에도 산뜻해서 넘 잘산거같아요. 다만 튼튼해보이지가 않아서 불안하네요ㅠ 옮길때마다 조심스러워요",
    "Source": "쇼핑몰",
    "Domain": "가전",
    "MainCategory": "계절가전",
    "ProductName": "휘센 LG전자 DQ200PBBC",
    "ReviewScore": "5",
    "Syllable": "83",
    "Word": "15",
    "RDate": "20220529",
    "GeneralPolarity": "0",
    "Aspects": [
      {
        "Aspect": "기능",
        "SentimentText": "오랜시간 고민끝에 주문했습니다. 제습기는 처음인데 장마철에도 산뜻해서 넘 잘산거같아요",
        "SentimentWord": "9",
        "SentimentPolarity": "1"
      },
      {
        "Aspect": "내구성",
        "SentimentText": "다만 튼튼해보이지가 않아서 불안하네요ㅠ 옮길때마다 조심스러워요",
        "SentimentWord": "6",
        "SentimentPolarity": "-1"
      }
    ]
  },
  {
    "Index": "45240",
    "RawText": "에너지1등급 환급 혜택이 선별로 바뀌어 아쉽습니다. ㅠ.ㅠ 전체색상이 흰색이 아니라서 지저분해 보여 별로입니다.",
    "Source": "쇼핑몰",
    "Domain": "가전",
    "MainCategory": "계절가전",
    "ProductName": "휘센 LG전자 DQ200PBBC",
    "ReviewScore": "4",
    "Syllable": "62",
    "Word": "13",
    "RDate": "20211006",
    "GeneralPolarity": "-1",
    "Aspects": [
      {
        "Aspect": "가격",
        "SentimentText": "에너지1등급 환급 혜택이 선별로 바뀌어 아쉽습니다. ㅠ.ㅠ",
        "SentimentWord": "7",
        "SentimentPolarity": "-1"
      },
      {
        "Aspect": "색상",
        "SentimentText": "전체색상이 흰색이 아니라서 지저분해 보여 별로입니다. ",
        "SentimentWord": "6",
        "SentimentPolarity": "-1"
      }
    ]
  },
  {
    "Index": "45241",
    "RawText": "소음이 작아서 쓰기 좋네요. 제습 성능도 좋아서 방이 뽀송뽀송하고요. 물통 용량도 충분해서 잘 사용하고 있어요~",
    "Source": "쇼핑몰",
    "Domain": "가전",
    "MainCategory": "계절가전",
    "ProductName": "휘센 LG전자 DQ200PBBC",
    "ReviewScore": "5",
    "Syllable": "62",
    "Word": "15",
    "RDate": "20211026",
    "GeneralPolarity": "1",
    "Aspects": [
      {
        "Aspect": "소음",
        "SentimentText": "소음이 작아서 쓰기 좋네요.",
        "SentimentWord": "4",
        "SentimentPolarity": "1"
      },
      {
        "Aspect": "기능",
        "SentimentText": "제습 성능도 좋아서 방이 뽀송뽀송하고요. ",
        "SentimentWord": "5",
        "SentimentPolarity": "1"
      },
      {
        "Aspect": "용량",
        "SentimentText": "물통 용량도 충분해서 잘 사용하고 있어요~",
        "SentimentWord": "6",
        "SentimentPolarity": "1"
      }
    ]
  },
  {
    "Index": "45242",
    "RawText": "핑크 색상으로 받았는데 색이 촌스럽네요. 최신형인줄 알았더니 이미 단종 된 모델이네요..",
    "Source": "쇼핑몰",
    "Domain": "가전",
    "MainCategory": "계절가전",
    "ProductName": "휘센 LG전자 DQ200PBBC",
    "ReviewScore": "5",
    "Syllable": "49",
    "Word": "11",
    "RDate": "20220625",
    "GeneralPolarity": "-1",
    "Aspects": [
      {
        "Aspect": "색상",
        "SentimentText": "핑크 색상으로 받았는데 색이 촌스럽네요.",
        "SentimentWord": "5",
        "SentimentPolarity": "-1"
      },
      {
        "Aspect": "제조일/제조사",
        "SentimentText": "최신형인줄 알았더니 이미 단종 된 모델이네요..",
        "SentimentWord": "6",
        "SentimentPolarity": "-1"
      }
    ]
  },
  {
    "Index": "45243",
    "RawText": "한달사용후기에요. 먼저 소음! 거의 없습니다 조용해서 좋아요. 제습기능도 훌륭해요.켜놓은날은 뽀송함이 다릅니다. 세척기 물통 분리도 걱정했는데 굉장히 쉬워서 좋아요. 금액때문에 비교도 많이 하고 검색도 많이 했는데 만족스럽습니다. 많은 제품중에 OOO 제습기로 선택한 나 자신 칭찬합니다 ㅎㅎ",
    "Source": "쇼핑몰",
    "Domain": "가전",
    "MainCategory": "계절가전",
    "ProductName": "휘센 LG전자 DQ200PBBC",
    "ReviewScore": "5",
    "Syllable": "163",
    "Word": "35",
    "RDate": "20211005",
    "GeneralPolarity": "1",
    "Aspects": [
      {
        "Aspect": "소음",
        "SentimentText": "한달사용후기에요. 먼저 소음! 거의 없습니다 조용해서 좋아요",
        "SentimentWord": "7",
        "SentimentPolarity": "1"
      },
      {
        "Aspect": "기능",
        "SentimentText": "제습기능도 훌륭해요.켜놓은날은 뽀송함이 다릅니다.",
        "SentimentWord": "4",
        "SentimentPolarity": "1"
      },
      {
        "Aspect": "편의성",
        "SentimentText": "세척기 물통 분리도 걱정했는데 굉장히 쉬워서 좋아요",
        "SentimentWord": "7",
        "SentimentPolarity": "1"
      },
      {
        "Aspect": "가격",
        "SentimentText": "금액때문에 비교도 많이 하고 검색도 많이 했는데 만족스럽습니다.",
        "SentimentWord": "8",
        "SentimentPolarity": "1"
      },
      {
        "Aspect": "제조일/제조사",
        "SentimentText": "많은 제품중에 OOO 제습기로 선택한 나 자신 칭찬합니다 ㅎㅎ",
        "SentimentWord": "9",
        "SentimentPolarity": "1"
      }
    ]
  },
  {
    "Index": "45245",
    "RawText": "가격은 비싸서 아쉬워요. 디자인이 예뻐서 마음에 들어요~ 제습 효율 높은 고사양 제품이라 만족하며 쓰는 중이에요.",
    "Source": "쇼핑몰",
    "Domain": "가전",
    "MainCategory": "계절가전",
    "ProductName": "휘센 LG전자 DQ200PBBC",
    "ReviewScore": "5",
    "Syllable": "63",
    "Word": "15",
    "RDate": "20210927",
    "GeneralPolarity": "0",
    "Aspects": [
      {
        "Aspect": "가격",
        "SentimentText": "가격은 비싸서 아쉬워요.",
        "SentimentWord": "3",
        "SentimentPolarity": "-1"
      },
      {
        "Aspect": "디자인",
        "SentimentText": "디자인이 예뻐서 마음에 들어요~ ",
        "SentimentWord": "4",
        "SentimentPolarity": "1"
      },
      {
        "Aspect": "기능",
        "SentimentText": "제습 효율 높은 고사양 제품이라 만족하며 쓰는 중이에요.",
        "SentimentWord": "8",
        "SentimentPolarity": "1"
      }
    ]
  },
  {
    "Index": "45246",
    "RawText": "소음이 없어서 만족하며 쓰고 있어요~ 가격도 착해서 마음에 듭니다 그런데 손잡이만 왜 하늘색이죠? 흰색이면 더 깔끔했을텐데요.",
    "Source": "쇼핑몰",
    "Domain": "가전",
    "MainCategory": "계절가전",
    "ProductName": "휘센 LG전자 DQ200PBBC",
    "ReviewScore": "5",
    "Syllable": "70",
    "Word": "16",
    "RDate": "20220618",
    "GeneralPolarity": "0",
    "Aspects": [
      {
        "Aspect": "소음",
        "SentimentText": "소음이 없어서 만족하며 쓰고 있어요~",
        "SentimentWord": "5",
        "SentimentPolarity": "1"
      },
      {
        "Aspect": "가격",
        "SentimentText": "가격도 착해서 마음에 듭니다 ",
        "SentimentWord": "4",
        "SentimentPolarity": "1"
      },
      {
        "Aspect": "색상",
        "SentimentText": "손잡이만 왜 하늘색이죠? 흰색이면 더 깔끔했을텐데요.",
        "SentimentWord": "6",
        "SentimentPolarity": "-1"
      }
    ]
  },
  {
    "Index": "45247",
    "RawText": "이동도 편하고 물 비우는 게 너무 편리해서 마음에 듭니다. 성능도 좋아서 집안이 확실히 쾌적해집니다.",
    "Source": "쇼핑몰",
    "Domain": "가전",
    "MainCategory": "계절가전",
    "ProductName": "휘센 LG전자 DQ200PBBC",
    "ReviewScore": "5",
    "Syllable": "56",
    "Word": "14",
    "RDate": "20220501",
    "GeneralPolarity": "1",
    "Aspects": [
      {
        "Aspect": "편의성",
        "SentimentText": "이동도 편하고 물 비우는 게 너무 편리해서 마음에 듭니다. ",
        "SentimentWord": "9",
        "SentimentPolarity": "1"
      },
      {
        "Aspect": "기능",
        "SentimentText": "성능도 좋아서 집안이 확실히 쾌적해집니다. ",
        "SentimentWord": "5",
        "SentimentPolarity": "1"
      }
    ]
  },
  {
    "Index": "45248",
    "RawText": "제조일 21년 12월 제조일을 보니 오래 된것 같아 아쉬워요. 엄청 할인을 한탓에 가격은 대만족입니다.",
    "Source": "쇼핑몰",
    "Domain": "가전",
    "MainCategory": "계절가전",
    "ProductName": "휘센 LG전자 DQ200PBBC",
    "ReviewScore": "4",
    "Syllable": "57",
    "Word": "14",
    "RDate": "20220526",
    "GeneralPolarity": "0",
    "Aspects": [
      {
        "Aspect": "제조일/제조사",
        "SentimentText": "제조일 21년 12월 제조일을 보니 오래 된것 같아 아쉬워요. ",
        "SentimentWord": "9",
        "SentimentPolarity": "-1"
      },
      {
        "Aspect": "가격",
        "SentimentText": "엄청 할인을 한탓에 가격은 대만족입니다. ",
        "SentimentWord": "5",
        "SentimentPolarity": "1"
      }
    ]
  },
  {
    "Index": "45249",
    "RawText": "쾌적한 공기를 뿜어 내는 제습력~ 진짜 만족해요. 소음이 적어서 진짜 조용한편~ 좋습니다. 에너지 소비효율 1등급이라 매우 만족하며 씁니다. 디자인도 유니크해서 맘에 쏙 듭니다. 물통 넣고 빼기가 쉽고 편해서 좋습니다. 용량도 5L라 작은방에 쓰기 좋습니다.",
    "Source": "쇼핑몰",
    "Domain": "가전",
    "MainCategory": "계절가전",
    "ProductName": "휘센 LG전자 DQ200PBBC",
    "ReviewScore": "5",
    "Syllable": "144",
    "Word": "34",
    "RDate": "20211102",
    "GeneralPolarity": "1",
    "Aspects": [
      {
        "Aspect": "기능",
        "SentimentText": "쾌적한 공기를 뿜어 내는 제습력~ 진짜 만족해요. ",
        "SentimentWord": "7",
        "SentimentPolarity": "1"
      },
      {
        "Aspect": "소음",
        "SentimentText": "소음이 적어서 진짜 조용한편~ 좋습니다. ",
        "SentimentWord": "5",
        "SentimentPolarity": "1"
      },
      {
        "Aspect": "소비전력",
        "SentimentText": "에너지 소비효율 1등급이라 매우 만족하며 씁니다.",
        "SentimentWord": "6",
        "SentimentPolarity": "1"
      },
      {
        "Aspect": "디자인",
        "SentimentText": "디자인도 유니크해서 맘에 쏙 듭니다.",
        "SentimentWord": "5",
        "SentimentPolarity": "1"
      },
      {
        "Aspect": "편의성",
        "SentimentText": "물통 넣고 빼기가 쉽고 편해서 좋습니다.",
        "SentimentWord": "6",
        "SentimentPolarity": "1"
      },
      {
        "Aspect": "용량",
        "SentimentText": "용량도 5L라 작은방에 쓰기 좋습니다. ",
        "SentimentWord": "5",
        "SentimentPolarity": "1"
      }
    ]
  },
  {
    "Index": "45251",
    "RawText": "저렴한 가격에 구매할 수 있어서 너무 좋네요~ 물통이 5리터라는 데 이것도 부족해요. 비우는게 일이에요 ㅠㅠ",
    "Source": "쇼핑몰",
    "Domain": "가전",
    "MainCategory": "계절가전",
    "ProductName": "휘센 LG전자 DQ200PBBC",
    "ReviewScore": "5",
    "Syllable": "60",
    "Word": "15",
    "RDate": "20220223",
    "GeneralPolarity": "0",
    "Aspects": [
      {
        "Aspect": "가격",
        "SentimentText": "저렴한 가격에 구매할 수 있어서 너무 좋네요~ ",
        "SentimentWord": "7",
        "SentimentPolarity": "1"
      },
      {
        "Aspect": "용량",
        "SentimentText": "물통이 5리터라는 데 이것도 부족해요. 비우는게 일이에요 ㅠㅠ",
        "SentimentWord": "8",
        "SentimentPolarity": "-1"
      }
    ]
  },
  {
    "Index": "45252",
    "RawText": "제습기는 000가 넘사벽~❤ 소음이 하나도 없네요! 아주 마음에 들어요. 바퀴도 부드러워서 이동하기 편해요.",
    "Source": "쇼핑몰",
    "Domain": "가전",
    "MainCategory": "계절가전",
    "ProductName": "휘센 LG전자 DQ200PBBC",
    "ReviewScore": "5",
    "Syllable": "60",
    "Word": "13",
    "RDate": "20210930",
    "GeneralPolarity": "1",
    "Aspects": [
      {
        "Aspect": "제조일/제조사",
        "SentimentText": "제습기는 000가 넘사벽~❤",
        "SentimentWord": "3",
        "SentimentPolarity": "1"
      },
      {
        "Aspect": "소음",
        "SentimentText": "소음이 하나도 없네요! 아주 마음에 들어요.",
        "SentimentWord": "6",
        "SentimentPolarity": "1"
      },
      {
        "Aspect": "편의성",
        "SentimentText": "바퀴도 부드러워서 이동하기 편해요. ",
        "SentimentWord": "4",
        "SentimentPolarity": "1"
      }
    ]
  },
  {
    "Index": "45253",
    "RawText": "스마트기능이 있어서 너무 좋습니다. 소리도 조용하니 만족하며 사용 중이에요^^",
    "Source": "쇼핑몰",
    "Domain": "가전",
    "MainCategory": "계절가전",
    "ProductName": "휘센 LG전자 DQ200PBBC",
    "ReviewScore": "5",
    "Syllable": "43",
    "Word": "9",
    "RDate": "20220430",
    "GeneralPolarity": "1",
    "Aspects": [
      {
        "Aspect": "기능",
        "SentimentText": "스마트기능이 있어서 너무 좋습니다.",
        "SentimentWord": "4",
        "SentimentPolarity": "1"
      },
      {
        "Aspect": "소음",
        "SentimentText": "소리도 조용하니 만족하며 사용 중이에요^^",
        "SentimentWord": "5",
        "SentimentPolarity": "1"
      }
    ]
  },
  {
    "Index": "45254",
    "RawText": "가격이 조금 비싸서 아쉬워요. 그래도 소음도 거의 없어서 좋고요~ 제습 기능도 강력해서 좋네요^^",
    "Source": "쇼핑몰",
    "Domain": "가전",
    "MainCategory": "계절가전",
    "ProductName": "휘센 LG전자 DQ200PBBC",
    "ReviewScore": "5",
    "Syllable": "54",
    "Word": "13",
    "RDate": "20210917",
    "GeneralPolarity": "0",
    "Aspects": [
      {
        "Aspect": "가격",
        "SentimentText": "가격이 조금 비싸서 아쉬워요. ",
        "SentimentWord": "4",
        "SentimentPolarity": "-1"
      },
      {
        "Aspect": "소음",
        "SentimentText": "그래도 소음도 거의 없어서 좋고요~ ",
        "SentimentWord": "5",
        "SentimentPolarity": "1"
      },
      {
        "Aspect": "기능",
        "SentimentText": "제습 기능도 강력해서 좋네요^^",
        "SentimentWord": "4",
        "SentimentPolarity": "1"
      }
    ]
  },
  {
    "Index": "45255",
    "RawText": "기존 쓰던 제습기는 용량작아 물통 자주비워야해서ㅠ 용량 큰 이 제품으로 갈아탔어요. 물통 커서 대만족입니다. 제습도 넘 잘되고 실내건조 특히 맘에 들어요 널어놓은 옷들 금방 마릅니다. 강추해요 ^^",
    "Source": "쇼핑몰",
    "Domain": "가전",
    "MainCategory": "계절가전",
    "ProductName": "휘센 LG전자 DQ200PBBC",
    "ReviewScore": "5",
    "Syllable": "110",
    "Word": "27",
    "RDate": "20220519",
    "GeneralPolarity": "1",
    "Aspects": [
      {
        "Aspect": "용량",
        "SentimentText": "기존 쓰던 제습기는 용량작아 물통 자주비워야해서ㅠ 용량 큰 이 제품으로 갈아탔어요. 물통 커서 대만족입니다",
        "SentimentWord": "14",
        "SentimentPolarity": "1"
      },
      {
        "Aspect": "기능",
        "SentimentText": "제습도 넘 잘되고 실내건조 특히 맘에 들어요 널어놓은 옷들 금방 마릅니다. 강추해요 ^^",
        "SentimentWord": "13",
        "SentimentPolarity": "1"
      }
    ]
  },
  {
    "Index": "45256",
    "RawText": "전에 쓰던게 용량이 적어서 더 큰 용량으로 샀는데 아주 좋습니다. 소음도 작아서 거슬리지 않아 만족합니다.",
    "Source": "쇼핑몰",
    "Domain": "가전",
    "MainCategory": "계절가전",
    "ProductName": "휘센 LG전자 DQ200PBBC",
    "ReviewScore": "5",
    "Syllable": "59",
    "Word": "15",
    "RDate": "20220227",
    "GeneralPolarity": "1",
    "Aspects": [
      {
        "Aspect": "용량",
        "SentimentText": "전에 쓰던게 용량이 적어서 더 큰 용량으로 샀는데 아주 좋습니다. ",
        "SentimentWord": "10",
        "SentimentPolarity": "1"
      },
      {
        "Aspect": "소음",
        "SentimentText": "소음도 작아서 거슬리지 않아 만족합니다. ",
        "SentimentWord": "5",
        "SentimentPolarity": "1"
      }
    ]
  },
  {
    "Index": "45257",
    "RawText": "소리가 진짜 너무 조용해서 마음에 듭니다~ 역시 가전제품은 ooo가 최고인 이유가 있습니다~",
    "Source": "쇼핑몰",
    "Domain": "가전",
    "MainCategory": "계절가전",
    "ProductName": "휘센 LG전자 DQ200PBBC",
    "ReviewScore": "5",
    "Syllable": "51",
    "Word": "12",
    "RDate": "20220524",
    "GeneralPolarity": "1",
    "Aspects": [
      {
        "Aspect": "소음",
        "SentimentText": "소리가 진짜 너무 조용해서 마음에 듭니다~",
        "SentimentWord": "6",
        "SentimentPolarity": "1"
      },
      {
        "Aspect": "제조일/제조사",
        "SentimentText": "역시 가전제품은 ooo가 최고인 이유가 있습니다~",
        "SentimentWord": "6",
        "SentimentPolarity": "1"
      }
    ]
  },
  {
    "Index": "45258",
    "RawText": "깔끔한 디자인도 최고! 빨래를 빠짝빠짝 말리니 성능도 최고! 소리도 조용하니 밤에 써도 문제가 없네요!",
    "Source": "쇼핑몰",
    "Domain": "가전",
    "MainCategory": "계절가전",
    "ProductName": "휘센 LG전자 DQ200PBBC",
    "ReviewScore": "5",
    "Syllable": "57",
    "Word": "14",
    "RDate": "20211027",
    "GeneralPolarity": "1",
    "Aspects": [
      {
        "Aspect": "디자인",
        "SentimentText": "깔끔한 디자인도 최고!",
        "SentimentWord": "3",
        "SentimentPolarity": "1"
      },
      {
        "Aspect": "기능",
        "SentimentText": "빨래를 빠짝빠짝 말리니 성능도 최고!",
        "SentimentWord": "5",
        "SentimentPolarity": "1"
      },
      {
        "Aspect": "소음",
        "SentimentText": "소리도 조용하니 밤에 써도 문제가 없네요!",
        "SentimentWord": "6",
        "SentimentPolarity": "1"
      }
    ]
  },
  {
    "Index": "45259",
    "RawText": "소리가 조용하니 신경 쓰이지도 않고 너무 좋네요.. ooo는 진짜 가전제품을 잘 만드는 브랜드인 거 같아요",
    "Source": "쇼핑몰",
    "Domain": "가전",
    "MainCategory": "계절가전",
    "ProductName": "휘센 LG전자 DQ200PBBC",
    "ReviewScore": "5",
    "Syllable": "59",
    "Word": "15",
    "RDate": "20211004",
    "GeneralPolarity": "1",
    "Aspects": [
      {
        "Aspect": "소음",
        "SentimentText": "소리가 조용하니 신경 쓰이지도 않고 너무 좋네요.. ",
        "SentimentWord": "7",
        "SentimentPolarity": "1"
      },
      {
        "Aspect": "제조일/제조사",
        "SentimentText": "ooo는 진짜 가전제품을 잘 만드는 브랜드인 거 같아요 ",
        "SentimentWord": "8",
        "SentimentPolarity": "1"
      }
    ]
  },
  {
    "Index": "45260",
    "RawText": "색상은 칙칙해서 마음에 안 들지만.. 화장실 물기가 금방 말라서 너무 좋습니다 성능 좋아요.",
    "Source": "쇼핑몰",
    "Domain": "가전",
    "MainCategory": "계절가전",
    "ProductName": "휘센 LG전자 DQ200PBBC",
    "ReviewScore": "5",
    "Syllable": "51",
    "Word": "13",
    "RDate": "20220518",
    "GeneralPolarity": "0",
    "Aspects": [
      {
        "Aspect": "색상",
        "SentimentText": "색상은 칙칙해서 마음에 안 들지만..",
        "SentimentWord": "5",
        "SentimentPolarity": "-1"
      },
      {
        "Aspect": "기능",
        "SentimentText": "화장실 물기가 금방 말라서 너무 좋습니다 성능 좋아요.",
        "SentimentWord": "8",
        "SentimentPolarity": "1"
      }
    ]
  },
  {
    "Index": "45261",
    "RawText": "물통 용량이 생각보다 작아서 아쉽고요, 습도율이 낮아 지는 속도가 늦어서 별로입니다.",
    "Source": "쇼핑몰",
    "Domain": "가전",
    "MainCategory": "계절가전",
    "ProductName": "휘센 LG전자 DQ200PBBC",
    "ReviewScore": "5",
    "Syllable": "47",
    "Word": "11",
    "RDate": "20211104",
    "GeneralPolarity": "-1",
    "Aspects": [
      {
        "Aspect": "용량",
        "SentimentText": "물통 용량이 생각보다 작아서 아쉽고요,",
        "SentimentWord": "5",
        "SentimentPolarity": "-1"
      },
      {
        "Aspect": "시간/속도",
        "SentimentText": "습도율이 낮아 지는 속도가 늦어서 별로입니다.",
        "SentimentWord": "6",
        "SentimentPolarity": "-1"
      }
    ]
  },
  {
    "Index": "45262",
    "RawText": "사이즈가 좁은 집에 적당하고 좋네요. 성능도 좋아서 눅눅했던 집이 상쾌해졌어요",
    "Source": "쇼핑몰",
    "Domain": "가전",
    "MainCategory": "계절가전",
    "ProductName": "휘센 LG전자 DQ200PBBC",
    "ReviewScore": "5",
    "Syllable": "43",
    "Word": "10",
    "RDate": "20220519",
    "GeneralPolarity": "1",
    "Aspects": [
      {
        "Aspect": "사이즈",
        "SentimentText": "사이즈가 좁은 집에 적당하고 좋네요. ",
        "SentimentWord": "5",
        "SentimentPolarity": "1"
      },
      {
        "Aspect": "기능",
        "SentimentText": "성능도 좋아서 눅눅했던 집이 상쾌해졌어요",
        "SentimentWord": "5",
        "SentimentPolarity": "1"
      }
    ]
  },
  {
    "Index": "45263",
    "RawText": "진짜 소음이 적어서 마음에 들고요. 바퀴가 달려서 이동도 편리하고 좋네요",
    "Source": "쇼핑몰",
    "Domain": "가전",
    "MainCategory": "계절가전",
    "ProductName": "휘센 LG전자 DQ200PBBC",
    "ReviewScore": "5",
    "Syllable": "40",
    "Word": "10",
    "RDate": "20210920",
    "GeneralPolarity": "1",
    "Aspects": [
      {
        "Aspect": "소음",
        "SentimentText": "진짜 소음이 적어서 마음에 들고요. ",
        "SentimentWord": "5",
        "SentimentPolarity": "1"
      },
      {
        "Aspect": "편의성",
        "SentimentText": "바퀴가 달려서 이동도 편리하고 좋네요",
        "SentimentWord": "5",
        "SentimentPolarity": "1"
      }
    ]
  },
  {
    "Index": "45264",
    "RawText": "용량에 한맺혔었는데 ㅎㅎ 대용량인거 진짜 넘 맘에 들어요. 근데 무게도 한몫하네요 ㅠ 생각보다 좀 무겁습니다 ㅠ 사실분들 참고하세요",
    "Source": "쇼핑몰",
    "Domain": "가전",
    "MainCategory": "계절가전",
    "ProductName": "휘센 LG전자 DQ200PBBC",
    "ReviewScore": "5",
    "Syllable": "73",
    "Word": "18",
    "RDate": "20210930",
    "GeneralPolarity": "0",
    "Aspects": [
      {
        "Aspect": "용량",
        "SentimentText": "용량에 한맺혔었는데 ㅎㅎ 대용량인거 진짜 넘 맘에 들어요",
        "SentimentWord": "8",
        "SentimentPolarity": "1"
      },
      {
        "Aspect": "무게",
        "SentimentText": "근데 무게도 한몫하네요 ㅠ 생각보다 좀 무겁습니다 ㅠ 사실분들 참고하세요",
        "SentimentWord": "10",
        "SentimentPolarity": "-1"
      }
    ]
  },
  {
    "Index": "45265",
    "RawText": "장마철 필수템이라 샀어요 듀얼 인버터라 성능이 더 좋은거 같아요!! 무엇보다 소비전력이 만족스럽습니다 에너지등급 1등급이라 좋아요",
    "Source": "쇼핑몰",
    "Domain": "가전",
    "MainCategory": "계절가전",
    "ProductName": "휘센 LG전자 DQ200PBBC",
    "ReviewScore": "5",
    "Syllable": "72",
    "Word": "15",
    "RDate": "20220429",
    "GeneralPolarity": "1",
    "Aspects": [
      {
        "Aspect": "기능",
        "SentimentText": "장마철 필수템이라 샀어요 듀얼 인버터라 성능이 더 좋은거 같아요!!",
        "SentimentWord": "9",
        "SentimentPolarity": "1"
      },
      {
        "Aspect": "소비전력",
        "SentimentText": "무엇보다 소비전력이 만족스럽습니다 에너지등급 1등급이라 좋아요",
        "SentimentWord": "6",
        "SentimentPolarity": "1"
      }
    ]
  },
  {
    "Index": "45266",
    "RawText": "왜 제습기 좋다고 하는지 이제야 알았어요 제방에 습기가 이렇게 많았다니요. 제습기능 대만족입니다. 빨래도 건조기 따로 안해도 되서 얼마나 편한지 몰라요. 제습기 덕분에 생활이 편해지네요.",
    "Source": "쇼핑몰",
    "Domain": "가전",
    "MainCategory": "계절가전",
    "ProductName": "휘센 LG전자 DQ200PBBC",
    "ReviewScore": "5",
    "Syllable": "104",
    "Word": "24",
    "RDate": "20220515",
    "GeneralPolarity": "1",
    "Aspects": [
      {
        "Aspect": "기능",
        "SentimentText": "왜 제습기 좋다고 하는지 이제야 알았어요 제방에 습기가 이렇게 많았다니요. 제습기능 대만족입니다.",
        "SentimentWord": "12",
        "SentimentPolarity": "1"
      },
      {
        "Aspect": "편의성",
        "SentimentText": "빨래도 건조기 따로 안해도 되서 얼마나 편한지 몰라요. 제습기 덕분에 생활이 편해지네요.",
        "SentimentWord": "12",
        "SentimentPolarity": "1"
      }
    ]
  },
  {
    "Index": "45267",
    "RawText": "진작에 대용량으로 살걸 그랬어요. 물통 자주 안비워도 되서 넘 좋네요. 스마트한 운전모드 기능도 사용할수록 매력적이구요. 밤에는 소리에 예민한 편인데 저소음이라 조용해서 아주 만족스럽습니다.  제습기찾으시는 분들 강추요!!!",
    "Source": "쇼핑몰",
    "Domain": "가전",
    "MainCategory": "계절가전",
    "ProductName": "휘센 LG전자 DQ200PBBC",
    "ReviewScore": "5",
    "Syllable": "125",
    "Word": "26",
    "RDate": "20220530",
    "GeneralPolarity": "1",
    "Aspects": [
      {
        "Aspect": "용량",
        "SentimentText": "진작에 대용량으로 살걸 그랬어요. 물통 자주 안비워도 되서 넘 좋네요",
        "SentimentWord": "10",
        "SentimentPolarity": "1"
      },
      {
        "Aspect": "기능",
        "SentimentText": "스마트한 운전모드 기능도 사용할수록 매력적이구요.",
        "SentimentWord": "5",
        "SentimentPolarity": "1"
      },
      {
        "Aspect": "소음",
        "SentimentText": "밤에는 소리에 예민한 편인데 저소음이라 조용해서 아주 만족스럽습니다.",
        "SentimentWord": "8",
        "SentimentPolarity": "1"
      }
    ]
  },
  {
    "Index": "45268",
    "RawText": "용량이 매우 큰 제품이라 무게감은 있으나 하단부에 360도 회전되는 부드러운 바퀴가 있어서 이동이 용이해서 만족해요..  또 작동시켜도 모터소음이 적어서 좋고, 버튼 조작이 터치식이라 매우 편리해서 마음에 쏙 들어요..",
    "Source": "쇼핑몰",
    "Domain": "가전",
    "MainCategory": "계절가전",
    "ProductName": "휘센 LG전자 DQ200PBBC",
    "ReviewScore": "5",
    "Syllable": "122",
    "Word": "28",
    "RDate": "20211027",
    "GeneralPolarity": "1",
    "Aspects": [
      {
        "Aspect": "편의성",
        "SentimentText": "용량이 매우 큰 제품이라 무게감은 있으나 하단부에 360도 회전되는 부드러운 바퀴가 있어서 이동이 용이해서 만족해요.. ",
        "SentimentWord": "15",
        "SentimentPolarity": "1"
      },
      {
        "Aspect": "소음",
        "SentimentText": "또 작동시켜도 모터소음이 적어서 좋고, ",
        "SentimentWord": "5",
        "SentimentPolarity": "1"
      },
      {
        "Aspect": "조작성",
        "SentimentText": "버튼 조작이 터치식이라 매우 편리해서 마음에 쏙 들어요.. ",
        "SentimentWord": "8",
        "SentimentPolarity": "1"
      }
    ]
  },
  {
    "Index": "45269",
    "RawText": "용량큰거 산거 백천 천번 잘한듯~ 정말 만족해요. 에너지효율도 좋아 전기세 절약도 되고 좋습니다.",
    "Source": "쇼핑몰",
    "Domain": "가전",
    "MainCategory": "계절가전",
    "ProductName": "휘센 LG전자 DQ200PBBC",
    "ReviewScore": "5",
    "Syllable": "54",
    "Word": "13",
    "RDate": "20211107",
    "GeneralPolarity": "1",
    "Aspects": [
      {
        "Aspect": "용량",
        "SentimentText": "용량큰거 산거 백천 천번 잘한듯~ 정말 만족해요. ",
        "SentimentWord": "7",
        "SentimentPolarity": "1"
      },
      {
        "Aspect": "소비전력",
        "SentimentText": "에너지효율도 좋아 전기세 절약도 되고 좋습니다. ",
        "SentimentWord": "6",
        "SentimentPolarity": "1"
      }
    ]
  },
  {
    "Index": "45270",
    "RawText": "제품 하자 없이 작동잘 되고 퀄리티도 좋아 만족합니다. 용량을 너무 큰거 산거 같아 후회가 됩니다. ㅠ.ㅠ",
    "Source": "쇼핑몰",
    "Domain": "가전",
    "MainCategory": "계절가전",
    "ProductName": "휘센 LG전자 DQ200PBBC",
    "ReviewScore": "5",
    "Syllable": "59",
    "Word": "16",
    "RDate": "20220621",
    "GeneralPolarity": "0",
    "Aspects": [
      {
        "Aspect": "품질",
        "SentimentText": "제품 하자 없이 작동잘 되고 퀄리티도 좋아 만족합니다.",
        "SentimentWord": "8",
        "SentimentPolarity": "1"
      },
      {
        "Aspect": "용량",
        "SentimentText": "용량을 너무 큰거 산거 같아 후회가 됩니다. ㅠ.ㅠ",
        "SentimentWord": "8",
        "SentimentPolarity": "-1"
      }
    ]
  },
  {
    "Index": "45271",
    "RawText": "드레스룸에 15분정도 작동시키니 바로 물이 고이는게 제습력 짱입니다!!  무엇보다 제습기 용량이 넉넉해서 마음에 들어요.",
    "Source": "쇼핑몰",
    "Domain": "가전",
    "MainCategory": "계절가전",
    "ProductName": "휘센 LG전자 DQ200PBBC",
    "ReviewScore": "5",
    "Syllable": "67",
    "Word": "14",
    "RDate": "20220615",
    "GeneralPolarity": "1",
    "Aspects": [
      {
        "Aspect": "기능",
        "SentimentText": "드레스룸에 15분정도 작동시키니 바로 물이 고이는게 제습력 짱입니다!! ",
        "SentimentWord": "8",
        "SentimentPolarity": "1"
      },
      {
        "Aspect": "용량",
        "SentimentText": "무엇보다 제습기 용량이 넉넉해서 마음에 들어요.",
        "SentimentWord": "6",
        "SentimentPolarity": "1"
      }
    ]
  },
  {
    "Index": "45272",
    "RawText": "심플한 디자인이 튀지 않아 어디에 둬도 잘 어울려 좋고 바퀴도 잘 움직여 이동시킬때 편합니다. 습기도 왕창 흡입해줘서 공기가 보송해져서 좋습니다.",
    "Source": "쇼핑몰",
    "Domain": "가전",
    "MainCategory": "계절가전",
    "ProductName": "휘센 LG전자 DQ200PBBC",
    "ReviewScore": "5",
    "Syllable": "81",
    "Word": "20",
    "RDate": "20211001",
    "GeneralPolarity": "1",
    "Aspects": [
      {
        "Aspect": "디자인",
        "SentimentText": "심플한 디자인이 튀지 않아 어디에 둬도 잘 어울려 좋고",
        "SentimentWord": "9",
        "SentimentPolarity": "1"
      },
      {
        "Aspect": "편의성",
        "SentimentText": "바퀴도 잘 움직여 이동시킬때 편합니다. ",
        "SentimentWord": "5",
        "SentimentPolarity": "1"
      },
      {
        "Aspect": "기능",
        "SentimentText": "습기도 왕창 흡입해줘서 공기가 보송해져서 좋습니다. ",
        "SentimentWord": "6",
        "SentimentPolarity": "1"
      }
    ]
  },
  {
    "Index": "45273",
    "RawText": "디자인이 유니크해서 톡톡 튀고 좋네요. 소음도 거의 없어서 잘때 켤수 있어 만족합니다.",
    "Source": "쇼핑몰",
    "Domain": "가전",
    "MainCategory": "계절가전",
    "ProductName": "휘센 LG전자 DQ200PBBC",
    "ReviewScore": "5",
    "Syllable": "48",
    "Word": "12",
    "RDate": "20220519",
    "GeneralPolarity": "1",
    "Aspects": [
      {
        "Aspect": "디자인",
        "SentimentText": "디자인이 유니크해서 톡톡 튀고 좋네요.",
        "SentimentWord": "5",
        "SentimentPolarity": "1"
      },
      {
        "Aspect": "소음",
        "SentimentText": "소음도 거의 없어서 잘때 켤수 있어 만족합니다. ",
        "SentimentWord": "7",
        "SentimentPolarity": "1"
      }
    ]
  },
  {
    "Index": "45274",
    "RawText": "디자인은 고급스럽고 예뻐서 맘에 들어요~ 작동시 소음이 너무 크네요ㅜ 그리고 진동이 울리면서 돌아가는게 제품하자 같은데 품질이 왜 이런가요??",
    "Source": "쇼핑몰",
    "Domain": "가전",
    "MainCategory": "계절가전",
    "ProductName": "휘센 LG전자 DQ200PBBC",
    "ReviewScore": "3",
    "Syllable": "79",
    "Word": "18",
    "RDate": "20220618",
    "Aspects": [
      {
        "Aspect": "디자인",
        "SentimentText": "디자인은 고급스럽고 예뻐서 맘에 들어요~",
        "SentimentWord": "5",
        "SentimentPolarity": "1"
      },
      {
        "Aspect": "소음",
        "SentimentText": "작동시 소음이 너무 크네요ㅜ ",
        "SentimentWord": "4",
        "SentimentPolarity": "-1"
      },
      {
        "Aspect": "품질",
        "SentimentText": "그리고 진동이 울리면서 돌아가는게 제품하자 같은데 품질이 왜 이런가요??",
        "SentimentWord": "9",
        "SentimentPolarity": "-1"
      }
    ]
  },
  {
    "Index": "45275",
    "RawText": "깔끔한 바디에 손잡이 엣지~ 디자인 맛집이네요. ^^ 가벼워서 이동하기 편해 좋습니다. 집안 습기 다 먹어준건지 공기가 산뜻해서 넘 맘에 들어요.",
    "Source": "쇼핑몰",
    "Domain": "가전",
    "MainCategory": "계절가전",
    "ProductName": "휘센 LG전자 DQ200PBBC",
    "ReviewScore": "4",
    "Syllable": "81",
    "Word": "20",
    "RDate": "20211013",
    "GeneralPolarity": "1",
    "Aspects": [
      {
        "Aspect": "디자인",
        "SentimentText": "깔끔한 바디에 손잡이 엣지~ 디자인 맛집이네요. ^^ ",
        "SentimentWord": "7",
        "SentimentPolarity": "1"
      },
      {
        "Aspect": "편의성",
        "SentimentText": "가벼워서 이동하기 편해 좋습니다.",
        "SentimentWord": "4",
        "SentimentPolarity": "1"
      },
      {
        "Aspect": "기능",
        "SentimentText": "집안 습기 다 먹어준건지 공기가 산뜻해서 넘 맘에 들어요. ",
        "SentimentWord": "9",
        "SentimentPolarity": "1"
      }
    ]
  },
  {
    "Index": "45276",
    "RawText": "타임세일때 운 좋게 아주 저렴하게 구매했어요. 기분 좋았습니다 ㅎㅎ. 실제로 받아보니 생각했던것보다 너무 커서 당황했습니다ㅠ. 모양도 네모거나 쓰레기통 처럼 생긴거 안좋아하는데 이제품은 납작원형 스타일이라 아주 맘에 듭니다. 성능도 듀얼 인버터라 제습기능이 일반제습기에 비해 월등히 좋은거 같아요.",
    "Source": "쇼핑몰",
    "Domain": "가전",
    "MainCategory": "계절가전",
    "ProductName": "휘센 LG전자 DQ200PBBC",
    "ReviewScore": "5",
    "Syllable": "166",
    "Word": "36",
    "RDate": "20220513",
    "GeneralPolarity": "0",
    "Aspects": [
      {
        "Aspect": "가격",
        "SentimentText": "타임세일때 운 좋게 아주 저렴하게 구매했어요. 기분 좋았습니다 ㅎㅎ",
        "SentimentWord": "9",
        "SentimentPolarity": "1"
      },
      {
        "Aspect": "사이즈",
        "SentimentText": "실제로 받아보니 생각했던것보다 너무 커서 당황했습니다ㅠ.",
        "SentimentWord": "6",
        "SentimentPolarity": "-1"
      },
      {
        "Aspect": "디자인",
        "SentimentText": "모양도 네모거나 쓰레기통 처럼 생긴거 안좋아하는데 이제품은 납작원형 스타일이라 아주 맘에 듭니다",
        "SentimentWord": "12",
        "SentimentPolarity": "1"
      },
      {
        "Aspect": "기능",
        "SentimentText": "성능도 듀얼 인버터라 제습기능이 일반제습기에 비해 월등히 좋은거 같아요.",
        "SentimentWord": "9",
        "SentimentPolarity": "1"
      }
    ]
  },
  {
    "Index": "45277",
    "RawText": "세일할때 바로 겟~ 가격 싸서 좋아요. 소음도 조용해서 만족합니다. 물통용량도 대빵 커서 물 많이 담기니 최고~",
    "Source": "쇼핑몰",
    "Domain": "가전",
    "MainCategory": "계절가전",
    "ProductName": "휘센 LG전자 DQ200PBBC",
    "ReviewScore": "5",
    "Syllable": "62",
    "Word": "16",
    "RDate": "20220505",
    "GeneralPolarity": "1",
    "Aspects": [
      {
        "Aspect": "가격",
        "SentimentText": "세일할때 바로 겟~ 가격 싸서 좋아요.",
        "SentimentWord": "6",
        "SentimentPolarity": "1"
      },
      {
        "Aspect": "소음",
        "SentimentText": "소음도 조용해서 만족합니다.",
        "SentimentWord": "3",
        "SentimentPolarity": "1"
      },
      {
        "Aspect": "용량",
        "SentimentText": "물통용량도 대빵 커서 물 많이 담기니 최고~ ",
        "SentimentWord": "7",
        "SentimentPolarity": "1"
      }
    ]
  },
  {
    "Index": "45278",
    "RawText": "결로가 심해서 틀어놓으니 물통에 물이 가득차네요!!제습력이 너무 좋아요. 근데 작동할때 소음이 엄청 커서 시끄러울정도예요ㅜ",
    "Source": "쇼핑몰",
    "Domain": "가전",
    "MainCategory": "계절가전",
    "ProductName": "휘센 LG전자 DQ200PBBC",
    "ReviewScore": "5",
    "Syllable": "68",
    "Word": "14",
    "RDate": "20220312",
    "GeneralPolarity": "0",
    "Aspects": [
      {
        "Aspect": "기능",
        "SentimentText": "결로가 심해서 틀어놓으니 물통에 물이 가득차네요!!제습력이 너무 좋아요",
        "SentimentWord": "8",
        "SentimentPolarity": "1"
      },
      {
        "Aspect": "소음",
        "SentimentText": "근데 작동할때 소음이 엄청 커서 시끄러울정도예요ㅜ",
        "SentimentWord": "6",
        "SentimentPolarity": "-1"
      }
    ]
  },
  {
    "Index": "45280",
    "RawText": "제품 품질이 좋아서 같은거 또 샀습니다. 품질 굿!!!! 듀얼 인버터 기능으로 확실하게 제습을 똬악~ 해줘서 너무 만족합니다. 소음도 어찌나 조용한지 진짜 좋아요.",
    "Source": "쇼핑몰",
    "Domain": "가전",
    "MainCategory": "계절가전",
    "ProductName": "휘센 LG전자 DQ200PBBC",
    "ReviewScore": "5",
    "Syllable": "91",
    "Word": "22",
    "RDate": "20220505",
    "GeneralPolarity": "1",
    "Aspects": [
      {
        "Aspect": "품질",
        "SentimentText": "제품 품질이 좋아서 같은거 또 샀습니다. 품질 굿!!!!",
        "SentimentWord": "8",
        "SentimentPolarity": "1"
      },
      {
        "Aspect": "기능",
        "SentimentText": "듀얼 인버터 기능으로 확실하게 제습을 똬악~ 해줘서 너무 만족합니다. ",
        "SentimentWord": "9",
        "SentimentPolarity": "1"
      },
      {
        "Aspect": "소음",
        "SentimentText": "소음도 어찌나 조용한지 진짜 좋아요. ",
        "SentimentWord": "5",
        "SentimentPolarity": "1"
      }
    ]
  },
  {
    "Index": "45281",
    "RawText": "괜히 고민했어요^^ 20리터 대용량이라 너무 좋습니다!! 다양한 모드에 기능도 훌륭해서 상황에 맞게 기능선택하니 언제나 뽀송뽀송 대만족이에요.  그중에 저소음모드 해놓고 밤에 조용히 잘수있어서 얼마나 다행인지요. 정말 조용하더라구요. 제일 중요한 소비전력!! 절전에 고효율이라 환급도 받고 좋아요.",
    "Source": "쇼핑몰",
    "Domain": "가전",
    "MainCategory": "계절가전",
    "ProductName": "휘센 LG전자 DQ200PBBC",
    "ReviewScore": "5",
    "Syllable": "166",
    "Word": "34",
    "RDate": "20220520",
    "GeneralPolarity": "1",
    "Aspects": [
      {
        "Aspect": "용량",
        "SentimentText": "괜히 고민했어요^^ 20리터 대용량이라 너무 좋습니다!!",
        "SentimentWord": "6",
        "SentimentPolarity": "1"
      },
      {
        "Aspect": "기능",
        "SentimentText": "다양한 모드에 기능도 훌륭해서 상황에 맞게 기능선택하니 언제나 뽀송뽀송 대만족이에요",
        "SentimentWord": "10",
        "SentimentPolarity": "1"
      },
      {
        "Aspect": "소음",
        "SentimentText": "그중에 저소음모드 해놓고 밤에 조용히 잘수있어서 얼마나 다행인지요. 정말 조용하더라구요.",
        "SentimentWord": "10",
        "SentimentPolarity": "1"
      },
      {
        "Aspect": "소비전력",
        "SentimentText": "제일 중요한 소비전력!! 절전에 고효율이라 환급도 받고 좋아요.",
        "SentimentWord": "8",
        "SentimentPolarity": "1"
      }
    ]
  },
  {
    "Index": "45282",
    "RawText": "제습력 보소~ 물통에 물이 계속 늘어요. ^^ 눅눅함도 사라져 좋아요. 역시 OOO 믿고 쓰는 브랜드입니다.",
    "Source": "쇼핑몰",
    "Domain": "가전",
    "MainCategory": "계절가전",
    "ProductName": "휘센 LG전자 DQ200PBBC",
    "ReviewScore": "5",
    "Syllable": "60",
    "Word": "15",
    "RDate": "20220531",
    "GeneralPolarity": "1",
    "Aspects": [
      {
        "Aspect": "기능",
        "SentimentText": "제습력 보소~ 물통에 물이 계속 늘어요. ^^ 눅눅함도 사라져 좋아요.",
        "SentimentWord": "10",
        "SentimentPolarity": "1"
      },
      {
        "Aspect": "제조일/제조사",
        "SentimentText": "역시 OOO 믿고 쓰는 브랜드입니다. ",
        "SentimentWord": "5",
        "SentimentPolarity": "1"
      }
    ]
  },
  {
    "Index": "45283",
    "RawText": "디자인이 고급스럽고 예쁩니다^^ 작동이 너무 잘되고 제습도 아주 잘되서 대만족입니다~~~",
    "Source": "쇼핑몰",
    "Domain": "가전",
    "MainCategory": "계절가전",
    "ProductName": "휘센 LG전자 DQ200PBBC",
    "ReviewScore": "5",
    "Syllable": "49",
    "Word": "10",
    "RDate": "20220301",
    "GeneralPolarity": "1",
    "Aspects": [
      {
        "Aspect": "디자인",
        "SentimentText": "디자인이 고급스럽고 예쁩니다^^ ",
        "SentimentWord": "3",
        "SentimentPolarity": "1"
      },
      {
        "Aspect": "기능",
        "SentimentText": "작동이 너무 잘되고 제습도 아주 잘되서 대만족입니다~~~",
        "SentimentWord": "7",
        "SentimentPolarity": "1"
      }
    ]
  },
  {
    "Index": "45284",
    "RawText": "배송 빠름~ 제습기 고장 없이 작동 잘 되고 좋습니다. 역시 OOO 신뢰가 가는 인증된 브랜드 !!!",
    "Source": "쇼핑몰",
    "Domain": "가전",
    "MainCategory": "계절가전",
    "ProductName": "휘센 LG전자 DQ200PBBC",
    "ReviewScore": "5",
    "Syllable": "56",
    "Word": "16",
    "RDate": "20220427",
    "GeneralPolarity": "1",
    "Aspects": [
      {
        "Aspect": "품질",
        "SentimentText": "제습기 고장 없이 작동 잘 되고 좋습니다.",
        "SentimentWord": "7",
        "SentimentPolarity": "1"
      },
      {
        "Aspect": "제조일/제조사",
        "SentimentText": "역시 OOO 신뢰가 가는 인증된 브랜드 !!!",
        "SentimentWord": "7",
        "SentimentPolarity": "1"
      }
    ]
  },
  {
    "Index": "45285",
    "RawText": "가격이 다른곳보다 저렴하고  좋아서 한대 더 구매했어요. 제습기 조작법도 쉬워서 주의할점도 없고 좋아요.",
    "Source": "쇼핑몰",
    "Domain": "가전",
    "MainCategory": "계절가전",
    "ProductName": "휘센 LG전자 DQ200PBBC",
    "ReviewScore": "5",
    "Syllable": "58",
    "Word": "13",
    "RDate": "20211226",
    "GeneralPolarity": "1",
    "Aspects": [
      {
        "Aspect": "가격",
        "SentimentText": "가격이 다른곳보다 저렴하고  좋아서 한대 더 구매했어요. ",
        "SentimentWord": "7",
        "SentimentPolarity": "1"
      },
      {
        "Aspect": "조작성",
        "SentimentText": "제습기 조작법도 쉬워서 주의할점도 없고 좋아요.",
        "SentimentWord": "6",
        "SentimentPolarity": "1"
      }
    ]
  },
  {
    "Index": "45286",
    "RawText": "제습기는 성능도 좋고 제습력도 우수해요. 근데 타임딜 가격보다 더 싸게 판매해서 기분이 영 별로예요ㅠ",
    "Source": "쇼핑몰",
    "Domain": "가전",
    "MainCategory": "계절가전",
    "ProductName": "휘센 LG전자 DQ200PBBC",
    "ReviewScore": "5",
    "Syllable": "56",
    "Word": "14",
    "RDate": "20220512",
    "GeneralPolarity": "0",
    "Aspects": [
      {
        "Aspect": "기능",
        "SentimentText": "제습기는 성능도 좋고 제습력도 우수해요.",
        "SentimentWord": "5",
        "SentimentPolarity": "1"
      },
      {
        "Aspect": "가격",
        "SentimentText": "근데 타임딜 가격보다 더 싸게 판매해서 기분이 영 별로예요ㅠ",
        "SentimentWord": "9",
        "SentimentPolarity": "-1"
      }
    ]
  },
  {
    "Index": "45288",
    "RawText": "받자마자 품질 테스트 했는데 하자없고 이상없이 잘 작동되서 만족했습니다.  다만, 구성품 중에 연장호스, 신발건조키트가 빠져서 왔어요 ㅠ 잘 좀 챙겨주세요ㅠ",
    "Source": "쇼핑몰",
    "Domain": "가전",
    "MainCategory": "계절가전",
    "ProductName": "휘센 LG전자 DQ200PBBC",
    "ReviewScore": "4",
    "Syllable": "87",
    "Word": "20",
    "RDate": "20220621",
    "GeneralPolarity": "0",
    "Aspects": [
      {
        "Aspect": "품질",
        "SentimentText": "받자마자 품질 테스트 했는데 하자없고 이상없이 잘 작동되서 만족했습니다",
        "SentimentWord": "9",
        "SentimentPolarity": "1"
      },
      {
        "Aspect": "제품구성",
        "SentimentText": "다만, 구성품 중에 연장호스, 신발건조키트가 빠져서 왔어요 ㅠ 잘 좀 챙겨주세요ㅠ",
        "SentimentWord": "11",
        "SentimentPolarity": "-1"
      }
    ]
  },
  {
    "Index": "45289",
    "RawText": "제습력이 너무 좋은지 물이 엄청 많이 가득차네요 대박!!  제습이 잘되는만큼  작동시 소음은 큰편이지만 참을만하네요.",
    "Source": "쇼핑몰",
    "Domain": "가전",
    "MainCategory": "계절가전",
    "ProductName": "휘센 LG전자 DQ200PBBC",
    "ReviewScore": "5",
    "Syllable": "65",
    "Word": "14",
    "RDate": "20210917",
    "GeneralPolarity": "1",
    "Aspects": [
      {
        "Aspect": "기능",
        "SentimentText": "제습력이 너무 좋은지 물이 엄청 많이 가득차네요 대박!!  ",
        "SentimentWord": "8",
        "SentimentPolarity": "1"
      },
      {
        "Aspect": "소음",
        "SentimentText": " 제습이 잘되는만큼  작동시 소음은 큰편이지만 참을만하네요.",
        "SentimentWord": "6",
        "SentimentPolarity": "0"
      }
    ]
  },
  {
    "Index": "45290",
    "RawText": "24시간 풀로 가동중인데 물통이 하루에 한번만 차네요ㅠ 장마철에ㅠ 하자인걸까봐 좀 불안불안합니다ㅠ 그런데 성능은 좋아요 실내 습도유지 잘되고 뽀송뽀송해요. 만족스럽습니다",
    "Source": "쇼핑몰",
    "Domain": "가전",
    "MainCategory": "계절가전",
    "ProductName": "휘센 LG전자 DQ200PBBC",
    "ReviewScore": "5",
    "Syllable": "94",
    "Word": "19",
    "RDate": "20220620",
    "GeneralPolarity": "0",
    "Aspects": [
      {
        "Aspect": "품질",
        "SentimentText": "24시간 풀로 가동중인데 물통이 하루에 한번만 차네요ㅠ 장마철에ㅠ 하자인걸까봐 좀 불안불안합니다ㅠ",
        "SentimentWord": "11",
        "SentimentPolarity": "-1"
      },
      {
        "Aspect": "기능",
        "SentimentText": "그런데 성능은 좋아요 실내 습도유지 잘되고 뽀송뽀송해요. 만족스럽습니다 ",
        "SentimentWord": "8",
        "SentimentPolarity": "1"
      }
    ]
  },
  {
    "Index": "45291",
    "RawText": "사이즈가 엄청 커서 당황스럽긴 하지만 나쁘지 않아요. 쾌속제습 모드가 있어 습기 한방에 휙~ 좋네요.",
    "Source": "쇼핑몰",
    "Domain": "가전",
    "MainCategory": "계절가전",
    "ProductName": "휘센 LG전자 DQ200PBBC",
    "ReviewScore": "4",
    "Syllable": "56",
    "Word": "14",
    "RDate": "20220531",
    "GeneralPolarity": "1",
    "Aspects": [
      {
        "Aspect": "사이즈",
        "SentimentText": "사이즈가 엄청 커서 당황스럽긴 하지만 나쁘지 않아요.",
        "SentimentWord": "7",
        "SentimentPolarity": "0"
      },
      {
        "Aspect": "기능",
        "SentimentText": "쾌속제습 모드가 있어 습기 한방에 휙~ 좋네요. ",
        "SentimentWord": "7",
        "SentimentPolarity": "1"
      }
    ]
  },
  {
    "Index": "45292",
    "RawText": "제습기 사이즈가 생각보다 더 크고 좋아요^^ 소음도 크지 않고 적당해서 좋네요.",
    "Source": "쇼핑몰",
    "Domain": "가전",
    "MainCategory": "계절가전",
    "ProductName": "휘센 LG전자 DQ200PBBC",
    "ReviewScore": "5",
    "Syllable": "44",
    "Word": "11",
    "RDate": "20220522",
    "GeneralPolarity": "1",
    "Aspects": [
      {
        "Aspect": "사이즈",
        "SentimentText": "제습기 사이즈가 생각보다 더 크고 좋아요^^ ",
        "SentimentWord": "6",
        "SentimentPolarity": "1"
      },
      {
        "Aspect": "소음",
        "SentimentText": "소음도 크지 않고 적당해서 좋네요.",
        "SentimentWord": "5",
        "SentimentPolarity": "1"
      }
    ]
  },
  {
    "Index": "45293",
    "RawText": "작동시 나오는 바람이 많이 뜨겁지 않고 제습이 잘되서 너무 좋아요. 소음도 적당해서 괜찮아요~",
    "Source": "쇼핑몰",
    "Domain": "가전",
    "MainCategory": "계절가전",
    "ProductName": "휘센 LG전자 DQ200PBBC",
    "ReviewScore": "4",
    "Syllable": "52",
    "Word": "13",
    "RDate": "20210928",
    "GeneralPolarity": "1",
    "Aspects": [
      {
        "Aspect": "기능",
        "SentimentText": "작동시 나오는 바람이 많이 뜨겁지 않고 제습이 잘되서 너무 좋아요.",
        "SentimentWord": "10",
        "SentimentPolarity": "1"
      },
      {
        "Aspect": "소음",
        "SentimentText": "소음도 적당해서 괜찮아요~",
        "SentimentWord": "3",
        "SentimentPolarity": "1"
      }
    ]
  },
  {
    "Index": "45294",
    "RawText": "바퀴가 데굴데굴 잘 굴러가서 무거워도 이동이 편합니다. 물통 용량도 커서 가장 맘에 듭니다. 소음도 예전에 쓰던거에 비하면 없는 수준~ 조용해서 만족합니다.",
    "Source": "쇼핑몰",
    "Domain": "가전",
    "MainCategory": "계절가전",
    "ProductName": "휘센 LG전자 DQ200PBBC",
    "ReviewScore": "5",
    "Syllable": "87",
    "Word": "21",
    "RDate": "20211102",
    "GeneralPolarity": "1",
    "Aspects": [
      {
        "Aspect": "편의성",
        "SentimentText": "바퀴가 데굴데굴 잘 굴러가서 무거워도 이동이 편합니다.",
        "SentimentWord": "7",
        "SentimentPolarity": "1"
      },
      {
        "Aspect": "용량",
        "SentimentText": "물통 용량도 커서 가장 맘에 듭니다.",
        "SentimentWord": "6",
        "SentimentPolarity": "1"
      },
      {
        "Aspect": "소음",
        "SentimentText": "소음도 예전에 쓰던거에 비하면 없는 수준~ 조용해서 만족합니다. ",
        "SentimentWord": "8",
        "SentimentPolarity": "1"
      }
    ]
  },
  {
    "Index": "45295",
    "RawText": "바퀴가 부드러워서 이동해서 사용하기 너무 편리해요. 제습기 용량이 크고 좋아서 만족해요.",
    "Source": "쇼핑몰",
    "Domain": "가전",
    "MainCategory": "계절가전",
    "ProductName": "휘센 LG전자 DQ200PBBC",
    "ReviewScore": "5",
    "Syllable": "49",
    "Word": "11",
    "RDate": "20220623",
    "GeneralPolarity": "1",
    "Aspects": [
      {
        "Aspect": "편의성",
        "SentimentText": "바퀴가 부드러워서 이동해서 사용하기 너무 편리해요.",
        "SentimentWord": "6",
        "SentimentPolarity": "1"
      },
      {
        "Aspect": "용량",
        "SentimentText": "제습기 용량이 크고 좋아서 만족해요.",
        "SentimentWord": "5",
        "SentimentPolarity": "1"
      }
    ]
  },
  {
    "Index": "45296",
    "RawText": "습기 많은 집이라 오자마자 작동~ 물이 엄청 나오네요. 제습기 성능 짱~ 무소음이라더니 역시 조용합니다. ^^",
    "Source": "쇼핑몰",
    "Domain": "가전",
    "MainCategory": "계절가전",
    "ProductName": "휘센 LG전자 DQ200PBBC",
    "ReviewScore": "5",
    "Syllable": "61",
    "Word": "15",
    "RDate": "20211005",
    "GeneralPolarity": "1",
    "Aspects": [
      {
        "Aspect": "기능",
        "SentimentText": "습기 많은 집이라 오자마자 작동~ 물이 엄청 나오네요. 제습기 성능 짱~ ",
        "SentimentWord": "11",
        "SentimentPolarity": "1"
      },
      {
        "Aspect": "소음",
        "SentimentText": "무소음이라더니 역시 조용합니다. ^^",
        "SentimentWord": "4",
        "SentimentPolarity": "1"
      }
    ]
  },
  {
    "Index": "45297",
    "RawText": "배송은 빠르게 왔어요. 확인해보니 고장 없고 스크래치도 없고~ 제품 좋네요. 소비전력 1등급이라더니 전기 절약되는거 실감 안나 별로네요.",
    "Source": "쇼핑몰",
    "Domain": "가전",
    "MainCategory": "계절가전",
    "ProductName": "휘센 LG전자 DQ200PBBC",
    "ReviewScore": "5",
    "Syllable": "76",
    "Word": "17",
    "RDate": "20220507",
    "GeneralPolarity": "0",
    "Aspects": [
      {
        "Aspect": "품질",
        "SentimentText": "확인해보니 고장 없고 스크래치도 없고~ 제품 좋네요. ",
        "SentimentWord": "7",
        "SentimentPolarity": "1"
      },
      {
        "Aspect": "소비전력",
        "SentimentText": "소비전력 1등급이라더니 전기 절약되는거 실감 안나 별로네요. ",
        "SentimentWord": "7",
        "SentimentPolarity": "-1"
      }
    ]
  },
  {
    "Index": "45298",
    "RawText": "디자인 예뻐서 마음에 드네요. 1시간 작동시켰는데 물 한방울 안 생기네요. 제습 속도가 너무 느린게 별로네요",
    "Source": "쇼핑몰",
    "Domain": "가전",
    "MainCategory": "계절가전",
    "ProductName": "휘센 LG전자 DQ200PBBC",
    "ReviewScore": "5",
    "Syllable": "60",
    "Word": "15",
    "RDate": "20220526",
    "GeneralPolarity": "0",
    "Aspects": [
      {
        "Aspect": "디자인",
        "SentimentText": "디자인 예뻐서 마음에 드네요. ",
        "SentimentWord": "4",
        "SentimentPolarity": "1"
      },
      {
        "Aspect": "시간/속도",
        "SentimentText": "1시간 작동시켰는데 물 한방울 안 생기네요. 제습 속도가 너무 느린게 별로네요",
        "SentimentWord": "11",
        "SentimentPolarity": "-1"
      }
    ]
  },
  {
    "Index": "45299",
    "RawText": "받았는데 예상보다 너무 커서 잘못 시킨 줄 알았어요.. 그래도 성능 좋네요. 물이 금방 차고 집이 쾌적해집니다.",
    "Source": "쇼핑몰",
    "Domain": "가전",
    "MainCategory": "계절가전",
    "ProductName": "휘센 LG전자 DQ200PBBC",
    "ReviewScore": "5",
    "Syllable": "62",
    "Word": "16",
    "RDate": "20220618",
    "GeneralPolarity": "0",
    "Aspects": [
      {
        "Aspect": "사이즈",
        "SentimentText": "받았는데 예상보다 너무 커서 잘못 시킨 줄 알았어요.. ",
        "SentimentWord": "8",
        "SentimentPolarity": "-1"
      },
      {
        "Aspect": "기능",
        "SentimentText": "성능 좋네요. 물이 금방 차고 집이 쾌적해집니다. ",
        "SentimentWord": "7",
        "SentimentPolarity": "1"
      }
    ]
  },
  {
    "Index": "45300",
    "RawText": "저소음이라 구입했습니다 조용해서 좋아요. 제습도 듀얼인버터라 더 강력해져서 너무 맘에 들어요. 만족스러운 제품 저렴한가격에 사서 뿌듯합니다",
    "Source": "쇼핑몰",
    "Domain": "가전",
    "MainCategory": "계절가전",
    "ProductName": "휘센 LG전자 DQ200PBBC",
    "ReviewScore": "5",
    "Syllable": "77",
    "Word": "16",
    "RDate": "20220513",
    "GeneralPolarity": "1",
    "Aspects": [
      {
        "Aspect": "소음",
        "SentimentText": "저소음이라 구입했습니다 조용해서 좋아요",
        "SentimentWord": "4",
        "SentimentPolarity": "1"
      },
      {
        "Aspect": "기능",
        "SentimentText": "제습도 듀얼인버터라 더 강력해져서 너무 맘에 들어요",
        "SentimentWord": "7",
        "SentimentPolarity": "1"
      },
      {
        "Aspect": "가격",
        "SentimentText": "만족스러운 제품 저렴한가격에 사서 뿌듯합니다 ",
        "SentimentWord": "5",
        "SentimentPolarity": "1"
      }
    ]
  },
  {
    "Index": "45301",
    "RawText": "아직 여름 전이라 할인 받고 싸게 구입했어요. 그런데 색상이 칙칙한 흰색이라 별로네요",
    "Source": "쇼핑몰",
    "Domain": "가전",
    "MainCategory": "계절가전",
    "ProductName": "휘센 LG전자 DQ200PBBC",
    "ReviewScore": "5",
    "Syllable": "47",
    "Word": "12",
    "RDate": "20220424",
    "GeneralPolarity": "0",
    "Aspects": [
      {
        "Aspect": "가격",
        "SentimentText": "아직 여름 전이라 할인 받고 싸게 구입했어요",
        "SentimentWord": "7",
        "SentimentPolarity": "1"
      },
      {
        "Aspect": "색상",
        "SentimentText": "색상이 칙칙한 흰색이라 별로네요",
        "SentimentWord": "4",
        "SentimentPolarity": "-1"
      }
    ]
  },
  {
    "Index": "45302",
    "RawText": "소리가 조용하니 사용하기 좋네요. 제습 효과도 좋아서 빨래가 뽀송하게 잘 마릅니다.",
    "Source": "쇼핑몰",
    "Domain": "가전",
    "MainCategory": "계절가전",
    "ProductName": "휘센 LG전자 DQ200PBBC",
    "ReviewScore": "5",
    "Syllable": "46",
    "Word": "11",
    "RDate": "20220430",
    "GeneralPolarity": "1",
    "Aspects": [
      {
        "Aspect": "소음",
        "SentimentText": "소리가 조용하니 사용하기 좋네요.",
        "SentimentWord": "4",
        "SentimentPolarity": "1"
      },
      {
        "Aspect": "기능",
        "SentimentText": "제습 효과도 좋아서 빨래가 뽀송하게 잘 마릅니다.",
        "SentimentWord": "7",
        "SentimentPolarity": "1"
      }
    ]
  },
  {
    "Index": "45304",
    "RawText": "소음이 별로 안 커서 아주 마음에 듭니다. 조금만 틀어도 눅눅했던 바닥이 뽀송해집니다 성능 좋아요",
    "Source": "쇼핑몰",
    "Domain": "가전",
    "MainCategory": "계절가전",
    "ProductName": "휘센 LG전자 DQ200PBBC",
    "ReviewScore": "5",
    "Syllable": "54",
    "Word": "14",
    "RDate": "20220611",
    "GeneralPolarity": "1",
    "Aspects": [
      {
        "Aspect": "소음",
        "SentimentText": "소음이 별로 안 커서 아주 마음에 듭니다. ",
        "SentimentWord": "7",
        "SentimentPolarity": "1"
      },
      {
        "Aspect": "기능",
        "SentimentText": "조금만 틀어도 눅눅했던 바닥이 뽀송해집니다 성능 좋아요 ",
        "SentimentWord": "7",
        "SentimentPolarity": "1"
      }
    ]
  },
  {
    "Index": "45305",
    "RawText": "디자인 슬림하니 진짜 마음에 드네요. 소음도 거의 없어서 아주 만족하며 쓰고 있습니다.",
    "Source": "쇼핑몰",
    "Domain": "가전",
    "MainCategory": "계절가전",
    "ProductName": "휘센 LG전자 DQ200PBBC",
    "ReviewScore": "5",
    "Syllable": "48",
    "Word": "12",
    "RDate": "20211116",
    "GeneralPolarity": "1",
    "Aspects": [
      {
        "Aspect": "디자인",
        "SentimentText": "디자인 슬림하니 진짜 마음에 드네요. ",
        "SentimentWord": "5",
        "SentimentPolarity": "1"
      },
      {
        "Aspect": "소음",
        "SentimentText": "소음도 거의 없어서 아주 만족하며 쓰고 있습니다. ",
        "SentimentWord": "7",
        "SentimentPolarity": "1"
      }
    ]
  },
  {
    "Index": "45306",
    "RawText": "먼저 쓰던것보다 훨씬 조용하네요. 소음이 거의 없어요! 맘에 듭니다. 바퀴가 부드러워서 아동기에 끌기 편해서 넘 좋아요",
    "Source": "쇼핑몰",
    "Domain": "가전",
    "MainCategory": "계절가전",
    "ProductName": "휘센 LG전자 DQ200PBBC",
    "ReviewScore": "5",
    "Syllable": "66",
    "Word": "16",
    "RDate": "20220507",
    "GeneralPolarity": "1",
    "Aspects": [
      {
        "Aspect": "소음",
        "SentimentText": "먼저 쓰던것보다 훨씬 조용하네요. 소음이 거의 없어요! 맘에 듭니다.",
        "SentimentWord": "9",
        "SentimentPolarity": "1"
      },
      {
        "Aspect": "편의성",
        "SentimentText": "바퀴가 부드러워서 아동기에 끌기 편해서 넘 좋아요",
        "SentimentWord": "7",
        "SentimentPolarity": "1"
      }
    ]
  },
  {
    "Index": "45307",
    "RawText": "마감상태도 깔끔하고 제품 퀄리티가 생각보다 너무 좋아서 정말 만족스럽네요. 좋은기회에 예산보다 훨씬 싸게 살수있어서 좋았습니다",
    "Source": "쇼핑몰",
    "Domain": "가전",
    "MainCategory": "계절가전",
    "ProductName": "휘센 LG전자 DQ200PBBC",
    "ReviewScore": "5",
    "Syllable": "70",
    "Word": "15",
    "RDate": "20211201",
    "GeneralPolarity": "1",
    "Aspects": [
      {
        "Aspect": "품질",
        "SentimentText": "마감상태도 깔끔하고 제품 퀄리티가 생각보다 너무 좋아서 정말 만족스럽네요",
        "SentimentWord": "9",
        "SentimentPolarity": "1"
      },
      {
        "Aspect": "가격",
        "SentimentText": "좋은기회에 예산보다 훨씬 싸게 살수있어서 좋았습니다",
        "SentimentWord": "6",
        "SentimentPolarity": "1"
      }
    ]
  },
  {
    "Index": "45308",
    "RawText": "에너지 효율이 1등급인데 전력 소모가 꽤 많이 돼서 전기세는 많이 나오겠네요. 그래도 소음이 진짜 적어서 너무 마음에 들어요",
    "Source": "쇼핑몰",
    "Domain": "가전",
    "MainCategory": "계절가전",
    "ProductName": "휘센 LG전자 DQ200PBBC",
    "ReviewScore": "5",
    "Syllable": "69",
    "Word": "18",
    "RDate": "20211019",
    "GeneralPolarity": "0",
    "Aspects": [
      {
        "Aspect": "소비전력",
        "SentimentText": "에너지 효율이 1등급인데 전력 소모가 꽤 많이 돼서 전기세는 많이 나오겠네요.",
        "SentimentWord": "11",
        "SentimentPolarity": "-1"
      },
      {
        "Aspect": "소음",
        "SentimentText": "그래도 소음이 진짜 적어서 너무 마음에 들어요 ",
        "SentimentWord": "7",
        "SentimentPolarity": "1"
      }
    ]
  },
  {
    "Index": "45309",
    "RawText": "작동 시키는데 소리가 진짜 작네요 마음에 듭니다. 아쉬운 건 물통 소재가 조금 약한 거 같아요 금방 깨질 거 같네요",
    "Source": "쇼핑몰",
    "Domain": "가전",
    "MainCategory": "계절가전",
    "ProductName": "휘센 LG전자 DQ200PBBC",
    "ReviewScore": "5",
    "Syllable": "64",
    "Word": "19",
    "RDate": "20220328",
    "GeneralPolarity": "0",
    "Aspects": [
      {
        "Aspect": "소음",
        "SentimentText": "작동 시키는데 소리가 진짜 작네요 마음에 듭니다.",
        "SentimentWord": "7",
        "SentimentPolarity": "1"
      },
      {
        "Aspect": "소재",
        "SentimentText": "아쉬운 건 물통 소재가 조금 약한 거 같아요 금방 깨질 거 같네요",
        "SentimentWord": "12",
        "SentimentPolarity": "-1"
      }
    ]
  },
  {
    "Index": "45310",
    "RawText": "아기있어서 소음 신경쓰였는데 정말 조용합니다 아주 맘에 들어요. 요즘 빨래를 실내건조 많이 하는데 제습기 켜놓으면 금새 말라요^^. 신기했습니다. 물통이 대용량이라 넉넉하니 자주 비워지 않아도 되서 만족합니다",
    "Source": "쇼핑몰",
    "Domain": "가전",
    "MainCategory": "계절가전",
    "ProductName": "휘센 LG전자 DQ200PBBC",
    "ReviewScore": "5",
    "Syllable": "116",
    "Word": "26",
    "RDate": "20220520",
    "GeneralPolarity": "1",
    "Aspects": [
      {
        "Aspect": "소음",
        "SentimentText": "아기있어서 소음 신경쓰였는데 정말 조용합니다 아주 맘에 들어요.",
        "SentimentWord": "8",
        "SentimentPolarity": "1"
      },
      {
        "Aspect": "기능",
        "SentimentText": "요즘 빨래를 실내건조 많이 하는데 제습기 켜놓으면 금새 말라요^^. 신기했습니다",
        "SentimentWord": "10",
        "SentimentPolarity": "1"
      },
      {
        "Aspect": "용량",
        "SentimentText": "물통이 대용량이라 넉넉하니 자주 비워지 않아도 되서 만족합니다",
        "SentimentWord": "8",
        "SentimentPolarity": "1"
      }
    ]
  },
  {
    "Index": "45311",
    "RawText": "착한 가격에 구매할 수 있어서 너무 좋습니다. 단점은 물통 용량이 적어서 조금 아쉽네요.",
    "Source": "쇼핑몰",
    "Domain": "가전",
    "MainCategory": "계절가전",
    "ProductName": "휘센 LG전자 DQ200PBBC",
    "ReviewScore": "5",
    "Syllable": "49",
    "Word": "13",
    "RDate": "20211011",
    "GeneralPolarity": "0",
    "Aspects": [
      {
        "Aspect": "가격",
        "SentimentText": "착한 가격에 구매할 수 있어서 너무 좋습니다. ",
        "SentimentWord": "7",
        "SentimentPolarity": "1"
      },
      {
        "Aspect": "용량",
        "SentimentText": "단점은 물통 용량이 적어서 조금 아쉽네요.",
        "SentimentWord": "6",
        "SentimentPolarity": "-1"
      }
    ]
  },
  {
    "Index": "45312",
    "RawText": "제가 제일 저렴하게 산거같아요 ㅎㅎ 싸게 사서 기분 좋아요. 근데 색상은 왜 시크한 블랙은 없는거죠ㅠ 색상이 다양하면 좋겠어요ㅠ",
    "Source": "쇼핑몰",
    "Domain": "가전",
    "MainCategory": "계절가전",
    "ProductName": "휘센 LG전자 DQ200PBBC",
    "ReviewScore": "5",
    "Syllable": "71",
    "Word": "18",
    "RDate": "20211026",
    "GeneralPolarity": "0",
    "Aspects": [
      {
        "Aspect": "가격",
        "SentimentText": "제가 제일 저렴하게 산거같아요 ㅎㅎ 싸게 사서 기분 좋아요. ",
        "SentimentWord": "9",
        "SentimentPolarity": "1"
      },
      {
        "Aspect": "색상",
        "SentimentText": "근데 색상은 왜 시크한 블랙은 없는거죠ㅠ 색상이 다양하면 좋겠어요ㅠ",
        "SentimentWord": "9",
        "SentimentPolarity": "-1"
      }
    ]
  },
  {
    "Index": "45313",
    "RawText": "새 제품인데 품질이 조금 아쉽네요 이물질이 묻어있네요.. 물통이 깨끗한 투명색 통이면 좋았을 걸 누런빛 색상이 바래보여요",
    "Source": "쇼핑몰",
    "Domain": "가전",
    "MainCategory": "계절가전",
    "ProductName": "휘센 LG전자 DQ200PBBC",
    "ReviewScore": "4",
    "Syllable": "67",
    "Word": "16",
    "RDate": "20220530",
    "GeneralPolarity": "-1",
    "Aspects": [
      {
        "Aspect": "품질",
        "SentimentText": "새 제품인데 품질이 조금 아쉽네요 이물질이 묻어있네요..",
        "SentimentWord": "7",
        "SentimentPolarity": "-1"
      },
      {
        "Aspect": "색상",
        "SentimentText": "물통이 깨끗한 투명색 통이면 좋았을 걸 누런빛 색상이 바래보여요",
        "SentimentWord": "9",
        "SentimentPolarity": "-1"
      }
    ]
  },
  {
    "Index": "45314",
    "RawText": "성능 좋아서 빨래가 빨리 마르고 좋네요. 가격도 착해서 아주 잘 샀습니다. 인버터라 전기세 절약까지 되니 너무 좋네요",
    "Source": "쇼핑몰",
    "Domain": "가전",
    "MainCategory": "계절가전",
    "ProductName": "휘센 LG전자 DQ200PBBC",
    "ReviewScore": "5",
    "Syllable": "65",
    "Word": "17",
    "RDate": "20220621",
    "GeneralPolarity": "1",
    "Aspects": [
      {
        "Aspect": "기능",
        "SentimentText": "성능 좋아서 빨래가 빨리 마르고 좋네요. ",
        "SentimentWord": "6",
        "SentimentPolarity": "1"
      },
      {
        "Aspect": "가격",
        "SentimentText": "가격도 착해서 아주 잘 샀습니다. ",
        "SentimentWord": "5",
        "SentimentPolarity": "1"
      },
      {
        "Aspect": "소비전력",
        "SentimentText": "인버터라 전기세 절약까지 되니 너무 좋네요",
        "SentimentWord": "6",
        "SentimentPolarity": "1"
      }
    ]
  },
  {
    "Index": "45315",
    "RawText": "할인 받아서 저렴한 가격에 잘 샀습니다. 그런데 물통 플라스틱이 너무 얇아서 금방 깨질 거 같아 아쉽네요",
    "Source": "쇼핑몰",
    "Domain": "가전",
    "MainCategory": "계절가전",
    "ProductName": "휘센 LG전자 DQ200PBBC",
    "ReviewScore": "5",
    "Syllable": "58",
    "Word": "16",
    "RDate": "20220531",
    "GeneralPolarity": "0",
    "Aspects": [
      {
        "Aspect": "가격",
        "SentimentText": "할인 받아서 저렴한 가격에 잘 샀습니다.",
        "SentimentWord": "6",
        "SentimentPolarity": "1"
      },
      {
        "Aspect": "소재",
        "SentimentText": "그런데 물통 플라스틱이 너무 얇아서 금방 깨질 거 같아 아쉽네요",
        "SentimentWord": "10",
        "SentimentPolarity": "-1"
      }
    ]
  },
  {
    "Index": "45316",
    "RawText": "소음이 있긴 해요 그런데 크지 않아서 쓸만합니다.  가전제품은 역시 ooo가 최고인 듯 합니다. 또 어플로 연결해서 사용하니 너무 편하고 좋네요~",
    "Source": "쇼핑몰",
    "Domain": "가전",
    "MainCategory": "계절가전",
    "ProductName": "휘센 LG전자 DQ200PBBC",
    "ReviewScore": "5",
    "Syllable": "81",
    "Word": "20",
    "RDate": "20220528",
    "GeneralPolarity": "0",
    "Aspects": [
      {
        "Aspect": "소음",
        "SentimentText": "소음이 있긴 해요 그런데 크지 않아서 쓸만합니다. ",
        "SentimentWord": "7",
        "SentimentPolarity": "0"
      },
      {
        "Aspect": "제조일/제조사",
        "SentimentText": "가전제품은 역시 ooo가 최고인 듯 합니다.",
        "SentimentWord": "6",
        "SentimentPolarity": "1"
      },
      {
        "Aspect": "편의성",
        "SentimentText": "어플로 연결해서 사용하니 너무 편하고 좋네요~",
        "SentimentWord": "6",
        "SentimentPolarity": "1"
      }
    ]
  },
  {
    "Index": "45317",
    "RawText": "제습성능이 제가 써본 제습기 중에 최고에요. 아주 만족스러워 3개개 구매합니다. 아, 한가지 단점은 소음이에요. 개인차가 있겠지만 조용한 밤에는 저소음이어도 숙면을 방해하더라구요.",
    "Source": "쇼핑몰",
    "Domain": "가전",
    "MainCategory": "계절가전",
    "ProductName": "휘센 LG전자 DQ200PBBC",
    "ReviewScore": "5",
    "Syllable": "100",
    "Word": "21",
    "RDate": "20220512",
    "GeneralPolarity": "0",
    "Aspects": [
      {
        "Aspect": "기능",
        "SentimentText": "제습성능이 제가 써본 제습기 중에 최고에요. 아주 만족스러워 3개개 구매합니다",
        "SentimentWord": "10",
        "SentimentPolarity": "1"
      },
      {
        "Aspect": "소음",
        "SentimentText": "아, 한가지 단점은 소음이에요. 개인차가 있겠지만 조용한 밤에는 저소음이어도 숙면을 방해하더라구요.",
        "SentimentWord": "11",
        "SentimentPolarity": "-1"
      }
    ]
  },
  {
    "Index": "45318",
    "RawText": "배송은 적당합니다. 저렴한 가격이 매력 포인트 최고예요. 핑크색 고를껄 받고 나니 색상이 맘에 안들어요.",
    "Source": "쇼핑몰",
    "Domain": "가전",
    "MainCategory": "계절가전",
    "ProductName": "휘센 LG전자 DQ200PBBC",
    "ReviewScore": "5",
    "Syllable": "58",
    "Word": "14",
    "RDate": "20211018",
    "GeneralPolarity": "0",
    "Aspects": [
      {
        "Aspect": "가격",
        "SentimentText": "저렴한 가격이 매력 포인트 최고예요.",
        "SentimentWord": "5",
        "SentimentPolarity": "1"
      },
      {
        "Aspect": "색상",
        "SentimentText": "핑크색 고를껄 받고 나니 색상이 맘에 안들어요. ",
        "SentimentWord": "7",
        "SentimentPolarity": "-1"
      }
    ]
  },
  {
    "Index": "45319",
    "RawText": "바퀴가 달려있어서 이동하기 편리해서 좋네요. 제습 기능이 좋아서 물통에 금방 물이 차네요. 가격도 착하고 아주 잘 샀네요",
    "Source": "쇼핑몰",
    "Domain": "가전",
    "MainCategory": "계절가전",
    "ProductName": "휘센 LG전자 DQ200PBBC",
    "ReviewScore": "5",
    "Syllable": "67",
    "Word": "17",
    "RDate": "20220621",
    "GeneralPolarity": "1",
    "Aspects": [
      {
        "Aspect": "편의성",
        "SentimentText": "바퀴가 달려있어서 이동하기 편리해서 좋네요.",
        "SentimentWord": "5",
        "SentimentPolarity": "1"
      },
      {
        "Aspect": "기능",
        "SentimentText": "제습 기능이 좋아서 물통에 금방 물이 차네요. ",
        "SentimentWord": "7",
        "SentimentPolarity": "1"
      },
      {
        "Aspect": "가격",
        "SentimentText": "가격도 착하고 아주 잘 샀네요",
        "SentimentWord": "5",
        "SentimentPolarity": "1"
      }
    ]
  },
  {
    "Index": "45320",
    "RawText": "할인 받아서 저렴하게 구매해서 기분이 좋아요. 다만 물통 소재가 너무 약한 거 같아요",
    "Source": "쇼핑몰",
    "Domain": "가전",
    "MainCategory": "계절가전",
    "ProductName": "휘센 LG전자 DQ200PBBC",
    "ReviewScore": "5",
    "Syllable": "47",
    "Word": "13",
    "RDate": "20210924",
    "GeneralPolarity": "0",
    "Aspects": [
      {
        "Aspect": "가격",
        "SentimentText": "할인 받아서 저렴하게 구매해서 기분이 좋아요. ",
        "SentimentWord": "6",
        "SentimentPolarity": "1"
      },
      {
        "Aspect": "소재",
        "SentimentText": "다만 물통 소재가 너무 약한 거 같아요 ",
        "SentimentWord": "7",
        "SentimentPolarity": "-1"
      }
    ]
  },
  {
    "Index": "45321",
    "RawText": "최신 기능인 uv나노와 자동 건조가 없는 스펙이 좀 딸리는 모델이였네요 구형모델이라 제조된지 한참 지난 제품이 왔어요 실망스러워요..",
    "Source": "쇼핑몰",
    "Domain": "가전",
    "MainCategory": "계절가전",
    "ProductName": "휘센 LG전자 DQ200PBBC",
    "ReviewScore": "4",
    "Syllable": "74",
    "Word": "17",
    "RDate": "20220629",
    "GeneralPolarity": "-1",
    "Aspects": [
      {
        "Aspect": "제품구성",
        "SentimentText": "최신 기능인 uv나노와 자동 건조가 없는 스펙이 좀 딸리는 모델이였네요",
        "SentimentWord": "10",
        "SentimentPolarity": "-1"
      },
      {
        "Aspect": "제조일/제조사",
        "SentimentText": "구형모델이라 제조된지 한참 지난 제품이 왔어요 실망스러워요..",
        "SentimentWord": "7",
        "SentimentPolarity": "-1"
      }
    ]
  },
  {
    "Index": "45324",
    "RawText": "소음 진짜 조용하니 너무 마음에 들고 디자인도 예뻐서 백프로 만족합니다.",
    "Source": "쇼핑몰",
    "Domain": "가전",
    "MainCategory": "계절가전",
    "ProductName": "휘센 LG전자 DQ200PBBC",
    "ReviewScore": "5",
    "Syllable": "40",
    "Word": "10",
    "RDate": "20220401",
    "GeneralPolarity": "1",
    "Aspects": [
      {
        "Aspect": "소음",
        "SentimentText": "소음 진짜 조용하니 너무 마음에 들고 ",
        "SentimentWord": "6",
        "SentimentPolarity": "1"
      },
      {
        "Aspect": "디자인",
        "SentimentText": "디자인도 예뻐서 백프로 만족합니다.",
        "SentimentWord": "4",
        "SentimentPolarity": "1"
      }
    ]
  }
]