[
  {
    "Index": "37467",
    "RawText": "난방이 잘 되어서 따뜻하고 성능이 상당히 좋아요! 제품 제조일도 가장 최근에 나온거라 만족해요.",
    "Source": "쇼핑몰",
    "Domain": "가전",
    "MainCategory": "계절가전",
    "ProductName": "경동나비엔 NCB353-18K 일반판매점",
    "ReviewScore": "5",
    "Syllable": "53",
    "Word": "13",
    "RDate": "20210407",
    "Aspects": [
      {
        "Aspect": "기능",
        "SentimentText": "난방이 잘 되어서 따뜻하고 성능이 상당히 좋아요!",
        "SentimentWord": "7",
        "SentimentPolarity": "1"
      },
      {
        "Aspect": "제조일/제조사",
        "SentimentText": " 제품 제조일도 가장 최근에 나온거라 만족해요.",
        "SentimentWord": "6",
        "SentimentPolarity": "1"
      }
    ]
  },
  {
    "Index": "37468",
    "RawText": "좋은 가격대로 구매해서 좋아요~ 작동 소음도 부드럽고 조용해서 만족스럽네요~^^",
    "Source": "쇼핑몰",
    "Domain": "가전",
    "MainCategory": "계절가전",
    "ProductName": "경동나비엔 NCB353-18K 일반판매점",
    "ReviewScore": "5",
    "Syllable": "44",
    "Word": "9",
    "RDate": "20210703",
    "Aspects": [
      {
        "Aspect": "가격",
        "SentimentText": "좋은 가격대로 구매해서 좋아요~",
        "SentimentWord": "4",
        "SentimentPolarity": "1"
      },
      {
        "Aspect": "소음",
        "SentimentText": " 작동 소음도 부드럽고 조용해서 만족스럽네요~^^",
        "SentimentWord": "5",
        "SentimentPolarity": "1"
      }
    ]
  },
  {
    "Index": "37469",
    "RawText": "제품 성능 좋아서 정말 너무 맘에 들어요.  보일러 돌아가는 소리도 작고 부드러워서 좋아요.",
    "Source": "쇼핑몰",
    "Domain": "가전",
    "MainCategory": "계절가전",
    "ProductName": "경동나비엔 NCB353-18K 일반판매점",
    "ReviewScore": "5",
    "Syllable": "51",
    "Word": "13",
    "RDate": "20220414",
    "Aspects": [
      {
        "Aspect": "기능",
        "SentimentText": "제품 성능 좋아서 정말 너무 맘에 들어요. ",
        "SentimentWord": "7",
        "SentimentPolarity": "1"
      },
      {
        "Aspect": "소음",
        "SentimentText": "보일러 돌아가는 소리도 작고 부드러워서 좋아요.",
        "SentimentWord": "6",
        "SentimentPolarity": "1"
      }
    ]
  },
  {
    "Index": "37471",
    "RawText": "예전 제품에 비해 사용시 소음이 거의 없어 좋습니다.  제품 가격도 저렴하게 구입해서 만족해요~!",
    "Source": "쇼핑몰",
    "Domain": "가전",
    "MainCategory": "계절가전",
    "ProductName": "경동나비엔 NCB353-18K 일반판매점",
    "ReviewScore": "4",
    "Syllable": "54",
    "Word": "13",
    "RDate": "20220109",
    "GeneralPolarity": "1",
    "Aspects": [
      {
        "Aspect": "소음",
        "SentimentText": "예전 제품에 비해 사용시 소음이 거의 없어 좋습니다. ",
        "SentimentWord": "8",
        "SentimentPolarity": "1"
      },
      {
        "Aspect": "가격",
        "SentimentText": "제품 가격도 저렴하게 구입해서 만족해요~! ",
        "SentimentWord": "5",
        "SentimentPolarity": "1"
      }
    ]
  },
  {
    "Index": "37473",
    "RawText": "성능이 너무 너무 좋네요. 온수도 바로 나오고 너무 따뜻해요~ 가격대비 가성비 좋아요. 굿!",
    "Source": "쇼핑몰",
    "Domain": "가전",
    "MainCategory": "계절가전",
    "ProductName": "경동나비엔 NCB353-18K 일반판매점",
    "ReviewScore": "5",
    "Syllable": "51",
    "Word": "13",
    "RDate": "20201013",
    "Aspects": [
      {
        "Aspect": "기능",
        "SentimentText": "성능이 너무 너무 좋네요. 온수도 바로 나오고 너무 따뜻해요~",
        "SentimentWord": "9",
        "SentimentPolarity": "1"
      },
      {
        "Aspect": "가격",
        "SentimentText": " 가격대비 가성비 좋아요. 굿!",
        "SentimentWord": "4",
        "SentimentPolarity": "1"
      }
    ]
  },
  {
    "Index": "37474",
    "RawText": "좋은 가격으로 저렴하게 잘 구입해서 만족해요. 성능도 아주 좋아서 정말 따뜻해서 만족합니다.",
    "Source": "쇼핑몰",
    "Domain": "가전",
    "MainCategory": "계절가전",
    "ProductName": "경동나비엔 NCB353-18K 일반판매점",
    "ReviewScore": "5",
    "Syllable": "51",
    "Word": "12",
    "RDate": "20220204",
    "Aspects": [
      {
        "Aspect": "가격",
        "SentimentText": "좋은 가격으로 저렴하게 잘 구입해서 만족해요. ",
        "SentimentWord": "6",
        "SentimentPolarity": "1"
      },
      {
        "Aspect": "기능",
        "SentimentText": "성능도 아주 좋아서 정말 따뜻해서 만족합니다.",
        "SentimentWord": "6",
        "SentimentPolarity": "1"
      }
    ]
  },
  {
    "Index": "37476",
    "RawText": "보일러 작동 소음도 거의 없어서 정말 좋네요! 제품 성능도 좋아서 작동도 잘되고 현재까지 잘 사용하고 있어요~! 구매 추천~!",
    "Source": "쇼핑몰",
    "Domain": "가전",
    "MainCategory": "계절가전",
    "ProductName": "경동나비엔 NCB353-18K 일반판매점",
    "ReviewScore": "5",
    "Syllable": "70",
    "Word": "18",
    "RDate": "20200929",
    "Aspects": [
      {
        "Aspect": "소음",
        "SentimentText": "보일러 작동 소음도 거의 없어서 정말 좋네요!",
        "SentimentWord": "7",
        "SentimentPolarity": "1"
      },
      {
        "Aspect": "기능",
        "SentimentText": "제품 성능도 좋아서 작동도 잘되고 현재까지 잘 사용하고 있어요~! 구매 추천~! ",
        "SentimentWord": "11",
        "SentimentPolarity": "1"
      }
    ]
  },
  {
    "Index": "37477",
    "RawText": "생각보다 가격도 저렴해서 만족해요 ~! 성능좋고 잘 작동 되어서 적극추천합니다~^^",
    "Source": "쇼핑몰",
    "Domain": "가전",
    "MainCategory": "계절가전",
    "ProductName": "경동나비엔 NCB353-18K 일반판매점",
    "ReviewScore": "5",
    "Syllable": "46",
    "Word": "10",
    "RDate": "20211218",
    "Aspects": [
      {
        "Aspect": "가격",
        "SentimentText": "생각보다 가격도 저렴해서 만족해요 ~!",
        "SentimentWord": "5",
        "SentimentPolarity": "1"
      },
      {
        "Aspect": "기능",
        "SentimentText": "성능좋고 잘 작동 되어서 적극추천합니다~^^",
        "SentimentWord": "5",
        "SentimentPolarity": "1"
      }
    ]
  },
  {
    "Index": "37478",
    "RawText": "OOO제품 설치 완료.  사용해보니 제품 소음 적어서 좋구요. 제품 성능도 좋아져 온수 나온는 속도도 빨라져 편리하네요 ~!^^ 상담사님 설치기사님 모두 친절하시고 설치도 잘해주셔서 대단히 만족해요 ~!",
    "Source": "쇼핑몰",
    "Domain": "가전",
    "MainCategory": "계절가전",
    "ProductName": "경동나비엔 NCB353-18K 일반판매점",
    "ReviewScore": "5",
    "Syllable": "113",
    "Word": "26",
    "RDate": "20210419",
    "Aspects": [
      {
        "Aspect": "소음",
        "SentimentText": "사용해보니 제품 소음 적어서 좋구요.",
        "SentimentWord": "5",
        "SentimentPolarity": "1"
      },
      {
        "Aspect": "기능",
        "SentimentText": "제품 성능도 좋아져 온수 나온는 속도도 빨라져 편리하네요 ~!^^",
        "SentimentWord": "9",
        "SentimentPolarity": "1"
      }
    ]
  },
  {
    "Index": "37479",
    "RawText": "보일러는 돌아가는데 방바닥이 별로 안따뜻해져요.. 생각보다 소음도 커서 실망입니다ㅠ",
    "Source": "쇼핑몰",
    "Domain": "가전",
    "MainCategory": "계절가전",
    "ProductName": "경동나비엔 NCB353-18K 일반판매점",
    "ReviewScore": "1",
    "Syllable": "46",
    "Word": "9",
    "RDate": "20211107",
    "Aspects": [
      {
        "Aspect": "기능",
        "SentimentText": "보일러는 돌아가는데 방바닥이 별로 안따뜻해져요..",
        "SentimentWord": "5",
        "SentimentPolarity": "-1"
      },
      {
        "Aspect": "소음",
        "SentimentText": "생각보다 소음도 커서 실망입니다ㅠ",
        "SentimentWord": "4",
        "SentimentPolarity": "-1"
      }
    ]
  },
  {
    "Index": "37480",
    "RawText": "제품 가격 저렴하게 구입해서 좋구요.  보일러 성능도 좋아 작동도 잘되고 따뜻합니다 구매추천합니다~^^ ",
    "Source": "쇼핑몰",
    "Domain": "가전",
    "MainCategory": "계절가전",
    "ProductName": "경동나비엔 NCB353-22K 일반판매점",
    "ReviewScore": "5",
    "Syllable": "58",
    "Word": "12",
    "RDate": "20220809",
    "Aspects": [
      {
        "Aspect": "가격",
        "SentimentText": "제품 가격 저렴하게 구입해서 좋구요. ",
        "SentimentWord": "5",
        "SentimentPolarity": "1"
      },
      {
        "Aspect": "기능",
        "SentimentText": "보일러 성능도 좋아 작동도 잘되고 따뜻합니다 구매추천합니다~^^",
        "SentimentWord": "7",
        "SentimentPolarity": "1"
      }
    ]
  },
  {
    "Index": "37481",
    "RawText": "사용하던 제품이 작동을 하지 않아 걱정하며 급 주문했어요.  제품 제조일이 가장 최근이라서 기분이 너무 좋아요~ 성능도 상당히 좋아서 만족해요!",
    "Source": "쇼핑몰",
    "Domain": "가전",
    "MainCategory": "계절가전",
    "ProductName": "경동나비엔 NCB353-22K 일반판매점",
    "ReviewScore": "5",
    "Syllable": "80",
    "Word": "19",
    "RDate": "20201217",
    "Aspects": [
      {
        "Aspect": "제조일/제조사",
        "SentimentText": "제품 제조일이 가장 최근이라서 기분이 너무 좋아요~ ",
        "SentimentWord": "7",
        "SentimentPolarity": "1"
      },
      {
        "Aspect": "기능",
        "SentimentText": " 성능도 상당히 좋아서 만족해요!",
        "SentimentWord": "4",
        "SentimentPolarity": "1"
      }
    ]
  },
  {
    "Index": "37482",
    "RawText": "사용하던 제품이 갑자기 고장이나서 수소문끝에 간신히 구입했어요.  제품 가격도 저렴하게 구입해서 좋구요.   사용해보니 성능도 엄청 좋고 너무 따뜻하고 좋아요.",
    "Source": "쇼핑몰",
    "Domain": "가전",
    "MainCategory": "계절가전",
    "ProductName": "경동나비엔 NCB353-22K 일반판매점",
    "ReviewScore": "5",
    "Syllable": "89",
    "Word": "19",
    "RDate": "20220824",
    "Aspects": [
      {
        "Aspect": "가격",
        "SentimentText": "제품 가격도 저렴하게 구입해서 좋구요.  ",
        "SentimentWord": "5",
        "SentimentPolarity": "1"
      },
      {
        "Aspect": "기능",
        "SentimentText": "사용해보니 성능도 엄청 좋고 너무 따뜻하고 좋아요.",
        "SentimentWord": "7",
        "SentimentPolarity": "1"
      }
    ]
  },
  {
    "Index": "37484",
    "RawText": "저렴한 가격에 구입해서 너무 좋아요! 집안도 따뜻해져서 좋고 온수도 잘나오고 성능 완전 좋습니다~",
    "Source": "쇼핑몰",
    "Domain": "가전",
    "MainCategory": "계절가전",
    "ProductName": "경동나비엔 NCB353-22K 일반판매점",
    "ReviewScore": "5",
    "Syllable": "54",
    "Word": "13",
    "RDate": "20210310",
    "Aspects": [
      {
        "Aspect": "가격",
        "SentimentText": "저렴한 가격에 구입해서 너무 좋아요!",
        "SentimentWord": "5",
        "SentimentPolarity": "1"
      },
      {
        "Aspect": "기능",
        "SentimentText": " 집안도 따뜻해져서 좋고 온수도 잘나오고 성능 완전 좋습니다~",
        "SentimentWord": "8",
        "SentimentPolarity": "1"
      }
    ]
  },
  {
    "Index": "37485",
    "RawText": "추가 금액없이 저렴한 가격이라 만족해요~ 금방 따뜻해지고 온수물도 바로 나와서 아주 좋습니다!!",
    "Source": "쇼핑몰",
    "Domain": "가전",
    "MainCategory": "계절가전",
    "ProductName": "경동나비엔 NCB353-22K 일반판매점",
    "ReviewScore": "5",
    "Syllable": "53",
    "Word": "12",
    "RDate": "20220402",
    "Aspects": [
      {
        "Aspect": "가격",
        "SentimentText": "추가 금액없이 저렴한 가격이라 만족해요~ ",
        "SentimentWord": "5",
        "SentimentPolarity": "1"
      },
      {
        "Aspect": "기능",
        "SentimentText": " 금방 따뜻해지고 온수물도 바로 나와서 아주 좋습니다!!",
        "SentimentWord": "7",
        "SentimentPolarity": "1"
      }
    ]
  },
  {
    "Index": "37487",
    "RawText": "성능이 뛰어나 온수가 바로 잘 나오고 아주 따뜻하네요~ 소리도 작아서 조용히 잘 돌아가고 만족스러워요~",
    "Source": "쇼핑몰",
    "Domain": "가전",
    "MainCategory": "계절가전",
    "ProductName": "경동나비엔 NCB353-22K 일반판매점",
    "ReviewScore": "5",
    "Syllable": "57",
    "Word": "14",
    "RDate": "20220602",
    "Aspects": [
      {
        "Aspect": "기능",
        "SentimentText": "성능이 뛰어나 온수가 바로 잘 나오고 아주 따뜻하네요~",
        "SentimentWord": "8",
        "SentimentPolarity": "1"
      },
      {
        "Aspect": "소음",
        "SentimentText": "소리도 작아서 조용히 잘 돌아가고 만족스러워요~",
        "SentimentWord": "6",
        "SentimentPolarity": "1"
      }
    ]
  },
  {
    "Index": "37488",
    "RawText": "작동 잘되고 온수도 빠르게 나오고 성능 참 좋습니다! 또 명성에 알맞게 OOO 제품 무척 좋아요~! 추천합니다. ~!",
    "Source": "쇼핑몰",
    "Domain": "가전",
    "MainCategory": "계절가전",
    "ProductName": "경동나비엔 NCB353-22K 일반판매점",
    "ReviewScore": "5",
    "Syllable": "65",
    "Word": "17",
    "RDate": "20201016",
    "Aspects": [
      {
        "Aspect": "기능",
        "SentimentText": "작동 잘되고 온수도 빠르게 나오고 성능 참 좋습니다!",
        "SentimentWord": "8",
        "SentimentPolarity": "1"
      },
      {
        "Aspect": "제조일/제조사",
        "SentimentText": "또 명성에 알맞게 OOO 제품 무척 좋아요~! 추천합니다. ~! ",
        "SentimentWord": "9",
        "SentimentPolarity": "1"
      }
    ]
  },
  {
    "Index": "37489",
    "RawText": "사용하던 보일러가 20년된 오래된 제품이라 추가 비용(배관, 연통 교체)이 좀 많이 나와 부담되고 아쉬웠어요. ㅜ 그래도 따뜻한 물도 잘 나오고 성능은 굉장히 좋아서 만족합니다! ",
    "Source": "쇼핑몰",
    "Domain": "가전",
    "MainCategory": "계절가전",
    "ProductName": "경동나비엔 NCB353-22K 일반판매점",
    "ReviewScore": "5",
    "Syllable": "100",
    "Word": "24",
    "RDate": "20220709",
    "Aspects": [
      {
        "Aspect": "가격",
        "SentimentText": "오래된 제품이라 추가 비용(배관, 연통 교체)이 좀 많이 나와 부담되고 아쉬웠어요. ㅜ",
        "SentimentWord": "12",
        "SentimentPolarity": "-1"
      },
      {
        "Aspect": "기능",
        "SentimentText": " 그래도 따뜻한 물도 잘 나오고 성능은 굉장히 좋아서 만족합니다!",
        "SentimentWord": "9",
        "SentimentPolarity": "1"
      }
    ]
  },
  {
    "Index": "37490",
    "RawText": "대리점보다 훨씬 저렴한 가격에 구입해서 좋아요!! 온수도 잘 나오고 난방도 잘 되어서 따뜻해요~",
    "Source": "쇼핑몰",
    "Domain": "가전",
    "MainCategory": "계절가전",
    "ProductName": "경동나비엔 NCB353-22K 일반판매점",
    "ReviewScore": "5",
    "Syllable": "53",
    "Word": "13",
    "RDate": "20201114",
    "Aspects": [
      {
        "Aspect": "가격",
        "SentimentText": "대리점보다 훨씬 저렴한 가격에 구입해서 좋아요!! ",
        "SentimentWord": "6",
        "SentimentPolarity": "1"
      },
      {
        "Aspect": "기능",
        "SentimentText": " 온수도 잘 나오고 난방도 잘 되어서 따뜻해요~",
        "SentimentWord": "7",
        "SentimentPolarity": "1"
      }
    ]
  },
  {
    "Index": "37491",
    "RawText": "설치 기사분께서 깔끔하게 설치 잘해주셔서 좋았어요.  다만, 약속시간보다 늦게 오셔서 제가 회사를 한시간 지각해서 속상했어요. ㅜㅜ 기존제품 철거비랑 설치비 포함해 8만원 비용이 추가되어 좀 비싸다고 느꼈어요. 아쉽네요.  제품은 성능이 좋아 잘 사용하고 있어 만족합니다.",
    "Source": "쇼핑몰",
    "Domain": "가전",
    "MainCategory": "계절가전",
    "ProductName": "경동나비엔 NCB353-22K 일반판매점",
    "ReviewScore": "4",
    "Syllable": "152",
    "Word": "34",
    "RDate": "20210204",
    "Aspects": [
      {
        "Aspect": "가격",
        "SentimentText": "기존제품 철거비랑 설치비 포함해 8만원 비용이 추가되어 좀 비싸다고 느꼈어요. 아쉽네요. ",
        "SentimentWord": "11",
        "SentimentPolarity": "-1"
      },
      {
        "Aspect": "기능",
        "SentimentText": "제품은 성능이 좋아 잘 사용하고 있어 만족합니다. ",
        "SentimentWord": "7",
        "SentimentPolarity": "1"
      }
    ]
  },
  {
    "Index": "37492",
    "RawText": "다른곳보다 가격은 저렴하게 구매해서 좋습니다. 새제품으로 설치후 훨신 따뜻해졌고 성능이 아주 훌륭합니다!",
    "Source": "쇼핑몰",
    "Domain": "가전",
    "MainCategory": "계절가전",
    "ProductName": "경동나비엔 NCB353-22K 일반판매점",
    "ReviewScore": "5",
    "Syllable": "58",
    "Word": "12",
    "RDate": "20220210",
    "Aspects": [
      {
        "Aspect": "가격",
        "SentimentText": "다른곳보다 가격은 저렴하게 구매해서 좋습니다.",
        "SentimentWord": "5",
        "SentimentPolarity": "1"
      },
      {
        "Aspect": "기능",
        "SentimentText": " 새제품으로 설치후 훨신 따뜻해졌고 성능이 아주 훌륭합니다!",
        "SentimentWord": "7",
        "SentimentPolarity": "1"
      }
    ]
  },
  {
    "Index": "37493",
    "RawText": "에너지효율이 1등급인 점이 맘에 드네요. 설치기사님께서 꼼꼼하고 견고하게 설치잘 해주셔서 좋았어요. 설치 비용도 기본 설치비 외에 경보기추가금만 발생해서 만족합니다.  새제품이라 기능도 좋아 금새 방 온도가 올라가고 순간온수라 엄청 빨리 따듯한 물이 나와 좋네요. 잘샀어요~!  ",
    "Source": "쇼핑몰",
    "Domain": "가전",
    "MainCategory": "계절가전",
    "ProductName": "경동나비엔 NCB353-22K 일반판매점",
    "ReviewScore": "5",
    "Syllable": "156",
    "Word": "34",
    "RDate": "20220223",
    "Aspects": [
      {
        "Aspect": "소비전력",
        "SentimentText": "에너지효율이 1등급인 점이 맘에 드네요.",
        "SentimentWord": "5",
        "SentimentPolarity": "1"
      },
      {
        "Aspect": "기능",
        "SentimentText": "새제품이라 기능도 좋아 금새 방 온도가 올라가고 순간온수라 엄청 빨리 따듯한 물이 나와 좋네요. 잘샀어요~! ",
        "SentimentWord": "15",
        "SentimentPolarity": "1"
      }
    ]
  },
  {
    "Index": "37494",
    "RawText": "설치후 작동도 잘되고 굉장히 따뜻해져서 만족해요. 소음도 정말 작고 너무 좋아요.",
    "Source": "쇼핑몰",
    "Domain": "가전",
    "MainCategory": "계절가전",
    "ProductName": "경동나비엔 NCB353-22K 일반판매점",
    "ReviewScore": "4",
    "Syllable": "45",
    "Word": "11",
    "RDate": "20210301",
    "Aspects": [
      {
        "Aspect": "기능",
        "SentimentText": "설치후 작동도 잘되고 굉장히 따뜻해져서 만족해요. ",
        "SentimentWord": "6",
        "SentimentPolarity": "1"
      },
      {
        "Aspect": "소음",
        "SentimentText": "소음도 정말 작고 너무 좋아요.",
        "SentimentWord": "5",
        "SentimentPolarity": "1"
      }
    ]
  },
  {
    "Index": "37496",
    "RawText": "성능이 좋아 온수가 빠르게 잘 나와서 너무 편하고 좋아요! 제품 온도 조절도 잘되어 편리해 상당히 만족합니다.",
    "Source": "쇼핑몰",
    "Domain": "가전",
    "MainCategory": "계절가전",
    "ProductName": "경동나비엔 NCB353-22K 일반판매점",
    "ReviewScore": "5",
    "Syllable": "61",
    "Word": "16",
    "RDate": "20200606",
    "Aspects": [
      {
        "Aspect": "기능",
        "SentimentText": "성능이 좋아 온수가 빠르게 잘 나와서 너무 편하고 좋아요!",
        "SentimentWord": "9",
        "SentimentPolarity": "1"
      },
      {
        "Aspect": "조작성",
        "SentimentText": "제품 온도 조절도 잘되어 편리해 상당히 만족합니다. ",
        "SentimentWord": "7",
        "SentimentPolarity": "1"
      }
    ]
  },
  {
    "Index": "37497",
    "RawText": "보일러 새로 설치후 금방 따뜻해져서 성능이 너무 좋네요!! 작동시 소리도 작아서 매우 만족스럽고요~",
    "Source": "쇼핑몰",
    "Domain": "가전",
    "MainCategory": "계절가전",
    "ProductName": "경동나비엔 NCB353-22K 일반판매점",
    "ReviewScore": "5",
    "Syllable": "55",
    "Word": "13",
    "RDate": "20220113",
    "Aspects": [
      {
        "Aspect": "기능",
        "SentimentText": "보일러 새로 설치후 금방 따뜻해져서 성능이 너무 좋네요!!",
        "SentimentWord": "8",
        "SentimentPolarity": "1"
      },
      {
        "Aspect": "소음",
        "SentimentText": " 작동시 소리도 작아서 매우 만족스럽고요~",
        "SentimentWord": "5",
        "SentimentPolarity": "1"
      }
    ]
  },
  {
    "Index": "37498",
    "RawText": "제품 가격도 아주 저렴하게 구입해서 만족해요. 제품 성능이 좋아서 예전보다 온수도 빠르게 나오고 작동 또한 아주 잘 되네요. 만족합니다. ~!^^",
    "Source": "쇼핑몰",
    "Domain": "가전",
    "MainCategory": "계절가전",
    "ProductName": "경동나비엔 NCB353-22K 일반판매점",
    "ReviewScore": "5",
    "Syllable": "81",
    "Word": "20",
    "RDate": "20200225",
    "Aspects": [
      {
        "Aspect": "가격",
        "SentimentText": "제품 가격도 아주 저렴하게 구입해서 만족해요.",
        "SentimentWord": "6",
        "SentimentPolarity": "1"
      },
      {
        "Aspect": "기능",
        "SentimentText": "제품 성능이 좋아서 예전보다 온수도 빠르게 나오고 작동 또한 아주 잘 되네요. 만족합니다. ~!^^  ",
        "SentimentWord": "14",
        "SentimentPolarity": "1"
      }
    ]
  },
  {
    "Index": "37499",
    "RawText": "제품 성능이 좋아서 따뜻한 물이 아주 잘 나오고 작동도 잘 됩니다.만족합니다!! 1등급 제품이라 전기요금도 부담없고 너무 좋아요~",
    "Source": "쇼핑몰",
    "Domain": "가전",
    "MainCategory": "계절가전",
    "ProductName": "경동나비엔 NCB353-22K 일반판매점",
    "ReviewScore": "5",
    "Syllable": "72",
    "Word": "17",
    "RDate": "20220322",
    "Aspects": [
      {
        "Aspect": "기능",
        "SentimentText": "제품 성능이 좋아서 따뜻한 물이 아주 잘 나오고 작동도 잘 됩니다.만족합니다!!",
        "SentimentWord": "11",
        "SentimentPolarity": "1"
      },
      {
        "Aspect": "소비전력",
        "SentimentText": "1등급 제품이라 전기요금도 부담없고 너무 좋아요~",
        "SentimentWord": "6",
        "SentimentPolarity": "1"
      }
    ]
  },
  {
    "Index": "37500",
    "RawText": "작동 잘 되어서 온수가 바로 나오고 너무 좋네요~!! 무엇보다 소음이 거의 안나서 정말 좋아요.",
    "Source": "쇼핑몰",
    "Domain": "가전",
    "MainCategory": "계절가전",
    "ProductName": "경동나비엔 NCB353-22K 일반판매점",
    "ReviewScore": "5",
    "Syllable": "53",
    "Word": "14",
    "RDate": "20220727",
    "Aspects": [
      {
        "Aspect": "기능",
        "SentimentText": "작동 잘 되어서 온수가 바로 나오고 너무 좋네요~!!",
        "SentimentWord": "8",
        "SentimentPolarity": "1"
      },
      {
        "Aspect": "소음",
        "SentimentText": "무엇보다 소음이 거의 안나서 정말 좋아요.",
        "SentimentWord": "6",
        "SentimentPolarity": "1"
      }
    ]
  },
  {
    "Index": "37502",
    "RawText": "제품 가격은 다른곳보다 저렴해서 좋아요.  설치기사분께서 온도조절기 설명서를 누락하고 안주셔서 조작하기 불편하네요. ㅜ  홈페이지에서 설명서 찾아서 봐야겠어요. ㅜ",
    "Source": "쇼핑몰",
    "Domain": "가전",
    "MainCategory": "계절가전",
    "ProductName": "경동나비엔 NCB353-22K 일반판매점",
    "ReviewScore": "3",
    "Syllable": "91",
    "Word": "18",
    "RDate": "20220721",
    "Aspects": [
      {
        "Aspect": "가격",
        "SentimentText": "제품 가격은 다른곳보다 저렴해서 좋아요.",
        "SentimentWord": "5",
        "SentimentPolarity": "1"
      },
      {
        "Aspect": "조작성",
        "SentimentText": " 설치기사분께서 온도조절기 설명서를 누락하고 안주셔서 조작하기 불편하네요. ㅜ ",
        "SentimentWord": "8",
        "SentimentPolarity": "-1"
      }
    ]
  },
  {
    "Index": "37503",
    "RawText": "보일러 성능도 좋고 작동도 잘되어서 현재까지 잘 사용하고 있네요~^^ 작동시 소음은 거의 안나고 조용한편이라 만족합니다.",
    "Source": "쇼핑몰",
    "Domain": "가전",
    "MainCategory": "계절가전",
    "ProductName": "경동나비엔 NCB353-22K 일반판매점",
    "ReviewScore": "5",
    "Syllable": "67",
    "Word": "15",
    "RDate": "20220413",
    "Aspects": [
      {
        "Aspect": "기능",
        "SentimentText": "보일러 성능도 좋고 작동도 잘되어서 현재까지 잘 사용하고 있네요~^^",
        "SentimentWord": "9",
        "SentimentPolarity": "1"
      },
      {
        "Aspect": "소음",
        "SentimentText": "작동시 소음은 거의 안나고 조용한편이라 만족합니다.",
        "SentimentWord": "6",
        "SentimentPolarity": "1"
      }
    ]
  },
  {
    "Index": "37504",
    "RawText": "설치후 온수도 바로 나와서 너무 좋고 성능도 매우 좋아서 만족해요. 보일러는 역시 000 믿음이 가서 추천합니다!!",
    "Source": "쇼핑몰",
    "Domain": "가전",
    "MainCategory": "계절가전",
    "ProductName": "경동나비엔 NCB353-22K 일반판매점",
    "ReviewScore": "5",
    "Syllable": "64",
    "Word": "16",
    "RDate": "20200905",
    "Aspects": [
      {
        "Aspect": "기능",
        "SentimentText": "설치후 온수도 바로 나와서 너무 좋고 성능도 매우 좋아서 만족해요. ",
        "SentimentWord": "10",
        "SentimentPolarity": "1"
      },
      {
        "Aspect": "제조일/제조사",
        "SentimentText": " 보일러는 역시 000 믿음이 가서 추천합니다!!",
        "SentimentWord": "6",
        "SentimentPolarity": "1"
      }
    ]
  },
  {
    "Index": "37505",
    "RawText": "배관과 연통추가 가격이 생각보다 비싸게 나와서 아쉽네요ㅜ  설치후 작동은 잘되고 온수도 콸콸 잘 나와서 좋아요~",
    "Source": "쇼핑몰",
    "Domain": "가전",
    "MainCategory": "계절가전",
    "ProductName": "경동나비엔 NCB353-22K 일반판매점",
    "ReviewScore": "4",
    "Syllable": "62",
    "Word": "15",
    "RDate": "20220501",
    "Aspects": [
      {
        "Aspect": "가격",
        "SentimentText": "배관과 연통추가 가격이 생각보다 비싸게 나와서 아쉽네요ㅜ ",
        "SentimentWord": "7",
        "SentimentPolarity": "-1"
      },
      {
        "Aspect": "기능",
        "SentimentText": "설치후 작동은 잘되고 온수도 콸콸 잘 나와서 좋아요~",
        "SentimentWord": "8",
        "SentimentPolarity": "1"
      }
    ]
  },
  {
    "Index": "37506",
    "RawText": "작동도 너무 잘되고 성능이 완전 좋습니다~ 동네 대리점보다 설치비용도 훨씬 저렴해서 만족합니다. ^^",
    "Source": "쇼핑몰",
    "Domain": "가전",
    "MainCategory": "계절가전",
    "ProductName": "경동나비엔 NCB353-22K 일반판매점",
    "ReviewScore": "5",
    "Syllable": "56",
    "Word": "13",
    "RDate": "20210704",
    "Aspects": [
      {
        "Aspect": "기능",
        "SentimentText": "작동도 너무 잘되고 성능이 완전 좋습니다~",
        "SentimentWord": "6",
        "SentimentPolarity": "1"
      },
      {
        "Aspect": "가격",
        "SentimentText": "동네 대리점보다 설치비용도 훨씬 저렴해서 만족합니다. ^^ ",
        "SentimentWord": "7",
        "SentimentPolarity": "1"
      }
    ]
  },
  {
    "Index": "37507",
    "RawText": "보일러 교체후 예전보다 실내가 훨씬 따뜻해져서 만족스럽네요!! 소음이 조용해서 마음에 듭니다.",
    "Source": "쇼핑몰",
    "Domain": "가전",
    "MainCategory": "계절가전",
    "ProductName": "경동나비엔 NCB353-22K 일반판매점",
    "ReviewScore": "4",
    "Syllable": "52",
    "Word": "11",
    "RDate": "20220626",
    "Aspects": [
      {
        "Aspect": "기능",
        "SentimentText": "보일러 교체후 예전보다 실내가 훨씬 따뜻해져서 만족스럽네요!! ",
        "SentimentWord": "7",
        "SentimentPolarity": "1"
      },
      {
        "Aspect": "소음",
        "SentimentText": " 소음이 조용해서 마음에 듭니다.",
        "SentimentWord": "4",
        "SentimentPolarity": "1"
      }
    ]
  },
  {
    "Index": "37508",
    "RawText": "오래된 집이라 추웠는데 보일러 교체한후 전체적으로 훈훈해져서 성능이 매우 좋네요~^^ 작동할때 소음도 없는편이라 너무 만족스러워요~",
    "Source": "쇼핑몰",
    "Domain": "가전",
    "MainCategory": "계절가전",
    "ProductName": "경동나비엔 NCB353-22K 일반판매점",
    "ReviewScore": "5",
    "Syllable": "73",
    "Word": "15",
    "RDate": "20211012",
    "Aspects": [
      {
        "Aspect": "기능",
        "SentimentText": "오래된 집이라 추웠는데 보일러 교체한후 전체적으로 훈훈해져서 성능이 매우 좋네요~^^",
        "SentimentWord": "10",
        "SentimentPolarity": "1"
      },
      {
        "Aspect": "소음",
        "SentimentText": "작동할때 소음도 없는편이라 너무 만족스러워요~",
        "SentimentWord": "5",
        "SentimentPolarity": "1"
      }
    ]
  },
  {
    "Index": "37509",
    "RawText": "보일러 성능이 너무 좋아서 집안에 굉장히 따뜻해져서 좋아요. 제품 가격도 저렴해서 좋고 잘샀어요. ^^",
    "Source": "쇼핑몰",
    "Domain": "가전",
    "MainCategory": "계절가전",
    "ProductName": "경동나비엔 NCB353-22K 일반판매점",
    "ReviewScore": "5",
    "Syllable": "57",
    "Word": "14",
    "RDate": "20200821",
    "Aspects": [
      {
        "Aspect": "기능",
        "SentimentText": "보일러 성능이 너무 좋아서 집안에 굉장히 따뜻해져서 좋아요.",
        "SentimentWord": "8",
        "SentimentPolarity": "1"
      },
      {
        "Aspect": "가격",
        "SentimentText": "제품 가격도 저렴해서 좋고 잘샀어요. ^^ ",
        "SentimentWord": "6",
        "SentimentPolarity": "1"
      }
    ]
  },
  {
    "Index": "37510",
    "RawText": "보일러 가격도 저렴해서 너무 좋습니다!!! 성능도 좋고 잘 작동해서 만족합니다.",
    "Source": "쇼핑몰",
    "Domain": "가전",
    "MainCategory": "계절가전",
    "ProductName": "경동나비엔 NCB353-22K 일반판매점",
    "ReviewScore": "5",
    "Syllable": "44",
    "Word": "10",
    "RDate": "20201028",
    "Aspects": [
      {
        "Aspect": "가격",
        "SentimentText": "보일러 가격도 저렴해서 너무 좋습니다!!! ",
        "SentimentWord": "5",
        "SentimentPolarity": "1"
      },
      {
        "Aspect": "기능",
        "SentimentText": "성능도 좋고 잘 작동해서 만족합니다.",
        "SentimentWord": "5",
        "SentimentPolarity": "1"
      }
    ]
  },
  {
    "Index": "37511",
    "RawText": "제품이 생산일자가 13년식이라 보조금을 못받아서 아쉬웠어요. ㅜ  보일러 작동은 잘되어서  따뜻하고 좋습니다~",
    "Source": "쇼핑몰",
    "Domain": "가전",
    "MainCategory": "계절가전",
    "ProductName": "경동나비엔 NCB353-22K 일반판매점",
    "ReviewScore": "5",
    "Syllable": "61",
    "Word": "12",
    "RDate": "20220723",
    "Aspects": [
      {
        "Aspect": "제조일/제조사",
        "SentimentText": "제품이 생산일자가 13년식이라 보조금을 못받아서 아쉬웠어요. ㅜ ",
        "SentimentWord": "7",
        "SentimentPolarity": "-1"
      },
      {
        "Aspect": "기능",
        "SentimentText": "보일러 작동은 잘되어서  따뜻하고 좋습니다~",
        "SentimentWord": "5",
        "SentimentPolarity": "1"
      }
    ]
  },
  {
    "Index": "37516",
    "RawText": "제품 가격이 저렴해서 좋고 너무 잘샀어요~^^ 따뜻한 물이 바로 콸콸~ 잘 나오고 보일러 성능도 최고예요!!",
    "Source": "쇼핑몰",
    "Domain": "가전",
    "MainCategory": "계절가전",
    "ProductName": "경동나비엔 NCB353-22K 일반판매점",
    "ReviewScore": "5",
    "Syllable": "60",
    "Word": "15",
    "RDate": "20201013",
    "Aspects": [
      {
        "Aspect": "가격",
        "SentimentText": "제품 가격이 저렴해서 좋고 너무 잘샀어요~^^",
        "SentimentWord": "6",
        "SentimentPolarity": "1"
      },
      {
        "Aspect": "기능",
        "SentimentText": "따뜻한 물이 바로 콸콸~ 잘 나오고 보일러 성능도 최고예요!!",
        "SentimentWord": "9",
        "SentimentPolarity": "1"
      }
    ]
  },
  {
    "Index": "37521",
    "RawText": "깔끔하고 고급스럽고 제품의 퀄리티가 다르네요~역시 000입니다. 기사님도 친절하시고 설치작업도 아주 꼼꼼하게 해주셔서 만족스러워요.  배송비가 추가되긴 했지만 가격도 다른데보다 저렴해서 좋아요 강력추천!  ",
    "Source": "쇼핑몰",
    "Domain": "가전",
    "MainCategory": "계절가전",
    "ProductName": "경동나비엔 NCB353-22K 일반판매점",
    "ReviewScore": "5",
    "Syllable": "115",
    "Word": "21",
    "RDate": "20220518",
    "Aspects": [
      {
        "Aspect": "품질",
        "SentimentText": "깔끔하고 고급스럽고 제품의 퀄리티가 다르네요~역시 000입니다.",
        "SentimentWord": "6",
        "SentimentPolarity": "1"
      },
      {
        "Aspect": "가격",
        "SentimentText": "배송비가 추가되긴 했지만 가격도 다른데보다 저렴해서 좋아요 강력추천!",
        "SentimentWord": "8",
        "SentimentPolarity": "1"
      }
    ]
  },
  {
    "Index": "37522",
    "RawText": "대리점보다 설치비용이 저렴해서 만족스러워요~ 설치하고 보니 품질도 좋고 고급스럽네요^^마음에 들어요.",
    "Source": "쇼핑몰",
    "Domain": "가전",
    "MainCategory": "계절가전",
    "ProductName": "경동나비엔 NCB353-22K 일반판매점",
    "ReviewScore": "5",
    "Syllable": "56",
    "Word": "10",
    "RDate": "20200928",
    "Aspects": [
      {
        "Aspect": "가격",
        "SentimentText": "대리점보다 설치비용이 저렴해서 만족스러워요~",
        "SentimentWord": "4",
        "SentimentPolarity": "1"
      },
      {
        "Aspect": "품질",
        "SentimentText": "설치하고 보니 품질도 좋고 고급스럽네요^^마음에 들어요.",
        "SentimentWord": "6",
        "SentimentPolarity": "1"
      }
    ]
  },
  {
    "Index": "37524",
    "RawText": "난방도 잘되서 따뜻하고 온수도 바로 나와서  너무 좋습니다~ 별도의 추가요금도 없고 가격도 저렴하게 잘 구매해서 좋아요.",
    "Source": "쇼핑몰",
    "Domain": "가전",
    "MainCategory": "계절가전",
    "ProductName": "경동나비엔 NCB353-22K 일반판매점",
    "ReviewScore": "5",
    "Syllable": "67",
    "Word": "16",
    "RDate": "20220819",
    "Aspects": [
      {
        "Aspect": "기능",
        "SentimentText": "난방도 잘되서 따뜻하고 온수도 바로 나와서  너무 좋습니다~",
        "SentimentWord": "8",
        "SentimentPolarity": "1"
      },
      {
        "Aspect": "가격",
        "SentimentText": "별도의 추가요금도 없고 가격도 저렴하게 잘 구매해서 좋아요.",
        "SentimentWord": "8",
        "SentimentPolarity": "1"
      }
    ]
  },
  {
    "Index": "37525",
    "RawText": "온수도 빠르게 잘 나오고 작동도 아주 잘됩니다. 대만족! 가격도 대리점보다 저렴해서 좋네요~",
    "Source": "쇼핑몰",
    "Domain": "가전",
    "MainCategory": "계절가전",
    "ProductName": "경동나비엔 NCB353-22K 일반판매점",
    "ReviewScore": "5",
    "Syllable": "51",
    "Word": "12",
    "RDate": "20210302",
    "Aspects": [
      {
        "Aspect": "기능",
        "SentimentText": "온수도 빠르게 잘 나오고 작동도 아주 잘됩니다. 대만족!",
        "SentimentWord": "8",
        "SentimentPolarity": "1"
      },
      {
        "Aspect": "가격",
        "SentimentText": "가격도 대리점보다 저렴해서 좋네요~",
        "SentimentWord": "4",
        "SentimentPolarity": "1"
      }
    ]
  },
  {
    "Index": "37526",
    "RawText": "작동도 잘되고 온수가 펑펑~너무 따뜻해서 대만족!! 보일러 가격도 대리점보다 저렴해서 너무 좋아요!",
    "Source": "쇼핑몰",
    "Domain": "가전",
    "MainCategory": "계절가전",
    "ProductName": "경동나비엔 NCB353-22K 일반판매점",
    "ReviewScore": "5",
    "Syllable": "55",
    "Word": "12",
    "RDate": "20211011",
    "Aspects": [
      {
        "Aspect": "기능",
        "SentimentText": "작동도 잘되고 온수가 펑펑~너무 따뜻해서 대만족!!",
        "SentimentWord": "6",
        "SentimentPolarity": "1"
      },
      {
        "Aspect": "가격",
        "SentimentText": "보일러 가격도 대리점보다 저렴해서 너무 좋아요!",
        "SentimentWord": "6",
        "SentimentPolarity": "1"
      }
    ]
  },
  {
    "Index": "37528",
    "RawText": "추가비용까지 생각하면 가격이 저렴하지는 않네요ㅠ 소음도 생각보다 커서 시끄럽네요ㅠ",
    "Source": "쇼핑몰",
    "Domain": "가전",
    "MainCategory": "계절가전",
    "ProductName": "경동나비엔 NCB353-22K 일반판매점",
    "ReviewScore": "1",
    "Syllable": "45",
    "Word": "9",
    "RDate": "20210623",
    "Aspects": [
      {
        "Aspect": "가격",
        "SentimentText": "추가비용까지 생각하면 가격이 저렴하지는 않네요ㅠ",
        "SentimentWord": "5",
        "SentimentPolarity": "-1"
      },
      {
        "Aspect": "소음",
        "SentimentText": " 소음도 생각보다 커서 시끄럽네요ㅠ",
        "SentimentWord": "4",
        "SentimentPolarity": "-1"
      }
    ]
  },
  {
    "Index": "37531",
    "RawText": "보일러 교체후 너무 따뜻해진 집안 공기와 제품성능에 만족합니다!  000보일러 품질도 좋아서 적극추천해요!!",
    "Source": "쇼핑몰",
    "Domain": "가전",
    "MainCategory": "계절가전",
    "ProductName": "경동나비엔 NCB353-33K 일반판매점",
    "ReviewScore": "5",
    "Syllable": "60",
    "Word": "12",
    "RDate": "20220520",
    "Aspects": [
      {
        "Aspect": "기능",
        "SentimentText": "보일러 교체후 너무 따뜻해진 집안 공기와 제품성능에 만족합니다! ",
        "SentimentWord": "8",
        "SentimentPolarity": "1"
      },
      {
        "Aspect": "품질",
        "SentimentText": "000보일러 품질도 좋아서 적극추천해요!!",
        "SentimentWord": "4",
        "SentimentPolarity": "1"
      }
    ]
  },
  {
    "Index": "37532",
    "RawText": "성능이 매우 좋고 온수도 바로 나와서 정말 좋아요~제품도 튼튼하고 품질도 완전 대만족이에요~~",
    "Source": "쇼핑몰",
    "Domain": "가전",
    "MainCategory": "계절가전",
    "ProductName": "경동나비엔 NCB353-33K 일반판매점",
    "ReviewScore": "5",
    "Syllable": "52",
    "Word": "12",
    "RDate": "20220210",
    "Aspects": [
      {
        "Aspect": "기능",
        "SentimentText": "성능이 매우 좋고 온수도 바로 나와서 정말 좋아요~",
        "SentimentWord": "8",
        "SentimentPolarity": "1"
      },
      {
        "Aspect": "품질",
        "SentimentText": "제품도 튼튼하고 품질도 완전 대만족이에요~~",
        "SentimentWord": "5",
        "SentimentPolarity": "1"
      }
    ]
  },
  {
    "Index": "37533",
    "RawText": "성능좋은 보일러 너무 따뜻해서 만족해요~ 진작에 교체할걸 그랬어요^^ 가격도 저렴하게 잘 구매했어요 적극 추천합니다^^",
    "Source": "쇼핑몰",
    "Domain": "가전",
    "MainCategory": "계절가전",
    "ProductName": "경동나비엔 NCB353-33K 일반판매점",
    "ReviewScore": "5",
    "Syllable": "66",
    "Word": "14",
    "RDate": "20210220",
    "Aspects": [
      {
        "Aspect": "기능",
        "SentimentText": "성능좋은 보일러 너무 따뜻해서 만족해요~ 진작에 교체할걸 그랬어요^^",
        "SentimentWord": "8",
        "SentimentPolarity": "1"
      },
      {
        "Aspect": "가격",
        "SentimentText": "가격도 저렴하게 잘 구매했어요 적극 추천합니다^^",
        "SentimentWord": "6",
        "SentimentPolarity": "1"
      }
    ]
  },
  {
    "Index": "37534",
    "RawText": "추가비용 없이 저렴한 가격에 구매해서 만족해요~ 에너지소비효율 1등급 제품이라 전기세 걱정도 덜어서 좋습니다! ",
    "Source": "쇼핑몰",
    "Domain": "가전",
    "MainCategory": "계절가전",
    "ProductName": "경동나비엔 NCB552-22K 일반판매점",
    "ReviewScore": "5",
    "Syllable": "62",
    "Word": "13",
    "RDate": "20201024",
    "Aspects": [
      {
        "Aspect": "가격",
        "SentimentText": "추가비용 없이 저렴한 가격에 구매해서 만족해요~ ",
        "SentimentWord": "6",
        "SentimentPolarity": "1"
      },
      {
        "Aspect": "소비전력",
        "SentimentText": " 에너지소비효율 1등급 제품이라 전기세 걱정도 덜어서 좋습니다!",
        "SentimentWord": "7",
        "SentimentPolarity": "1"
      }
    ]
  },
  {
    "Index": "37535",
    "RawText": "제품 가격도 저렴해서 좋습니다~ 성능이 좋고 난방도 잘되어서 무척 따뜻해서 만족스러워요!",
    "Source": "쇼핑몰",
    "Domain": "가전",
    "MainCategory": "계절가전",
    "ProductName": "경동나비엔 NCB552-22K 일반판매점",
    "ReviewScore": "5",
    "Syllable": "49",
    "Word": "11",
    "RDate": "20210413",
    "Aspects": [
      {
        "Aspect": "가격",
        "SentimentText": "제품 가격도 저렴해서 좋습니다~",
        "SentimentWord": "4",
        "SentimentPolarity": "1"
      },
      {
        "Aspect": "기능",
        "SentimentText": "성능이 좋고 난방도 잘되어서 무척 따뜻해서 만족스러워요!",
        "SentimentWord": "7",
        "SentimentPolarity": "1"
      }
    ]
  },
  {
    "Index": "37536",
    "RawText": "교체후 성능이 좋아 예전보다 더 따뜻해져서 완전 만족합니다~ 작동 소음도 작아서 더욱 좋아요.",
    "Source": "쇼핑몰",
    "Domain": "가전",
    "MainCategory": "계절가전",
    "ProductName": "경동나비엔 NCB552-22K 일반판매점",
    "ReviewScore": "5",
    "Syllable": "52",
    "Word": "13",
    "RDate": "20210119",
    "Aspects": [
      {
        "Aspect": "기능",
        "SentimentText": "교체후 성능이 좋아 예전보다 더 따뜻해져서 완전 만족합니다~",
        "SentimentWord": "8",
        "SentimentPolarity": "1"
      },
      {
        "Aspect": "소음",
        "SentimentText": " 작동 소음도 작아서 더욱 좋아요.",
        "SentimentWord": "5",
        "SentimentPolarity": "1"
      }
    ]
  },
  {
    "Index": "37538",
    "RawText": "일반 대리점보다 가격이 저렴해서 만족합니다. 설치후 제품 품질도 좋고 고급스럽네요.",
    "Source": "쇼핑몰",
    "Domain": "가전",
    "MainCategory": "계절가전",
    "ProductName": "경동나비엔 NCB552-22K 일반판매점",
    "ReviewScore": "5",
    "Syllable": "46",
    "Word": "10",
    "RDate": "20201126",
    "Aspects": [
      {
        "Aspect": "가격",
        "SentimentText": "일반 대리점보다 가격이 저렴해서 만족합니다.",
        "SentimentWord": "5",
        "SentimentPolarity": "1"
      },
      {
        "Aspect": "품질",
        "SentimentText": "설치후 제품 품질도 좋고 고급스럽네요.",
        "SentimentWord": "5",
        "SentimentPolarity": "1"
      }
    ]
  },
  {
    "Index": "37539",
    "RawText": "브랜드 인지도가 있는만큼 제품의 품질은 좋아요 둘러보니 가격을 비싸게 주고 샀어요ㅠㅠ",
    "Source": "쇼핑몰",
    "Domain": "가전",
    "MainCategory": "계절가전",
    "ProductName": "경동나비엔 NCB562-22K 일반판매점",
    "ReviewScore": "2",
    "Syllable": "47",
    "Word": "11",
    "RDate": "20200110",
    "Aspects": [
      {
        "Aspect": "품질",
        "SentimentText": "브랜드 인지도가 있는만큼 제품의 품질은 좋아요",
        "SentimentWord": "6",
        "SentimentPolarity": "1"
      },
      {
        "Aspect": "가격",
        "SentimentText": "둘러보니 가격을 비싸게 주고 샀어요ㅠㅠ",
        "SentimentWord": "5",
        "SentimentPolarity": "-1"
      }
    ]
  },
  {
    "Index": "37540",
    "RawText": "작동도 잘되고 성능이 최곱니다!! 다만 기존보다 룸콘트롤러 사이즈가 무척 커서 문틀에 걸쳐 설치되어 좀 불편하고 아쉬워요. ㅜ  그거빼곤 다 좋습니다.  ",
    "Source": "쇼핑몰",
    "Domain": "가전",
    "MainCategory": "계절가전",
    "ProductName": "경동나비엔 NGB550-13K",
    "ReviewScore": "5",
    "Syllable": "86",
    "Word": "20",
    "RDate": "20170331",
    "Aspects": [
      {
        "Aspect": "기능",
        "SentimentText": "작동도 잘되고 성능이 최곱니다!!",
        "SentimentWord": "4",
        "SentimentPolarity": "1"
      },
      {
        "Aspect": "사이즈",
        "SentimentText": "기존보다 룸콘트롤러 사이즈가 무척 커서 문틀에 걸쳐 설치되어 좀 불편하고 아쉬워요. ㅜ ",
        "SentimentWord": "12",
        "SentimentPolarity": "-1"
      }
    ]
  },
  {
    "Index": "37541",
    "RawText": "제품 성능이 무척 좋아서 따뜻하게 지내고 있어요. 만족해요. 가격도 저렴하게 아주 잘 샀어요~^^ ",
    "Source": "쇼핑몰",
    "Domain": "가전",
    "MainCategory": "계절가전",
    "ProductName": "경동나비엔 NGB550-13K",
    "ReviewScore": "5",
    "Syllable": "55",
    "Word": "13",
    "RDate": "20210201",
    "Aspects": [
      {
        "Aspect": "기능",
        "SentimentText": "제품 성능이 무척 좋아서 따뜻하게 지내고 있어요. 만족해요. ",
        "SentimentWord": "8",
        "SentimentPolarity": "1"
      },
      {
        "Aspect": "가격",
        "SentimentText": "가격도 저렴하게 아주 잘 샀어요~^^",
        "SentimentWord": "5",
        "SentimentPolarity": "1"
      }
    ]
  },
  {
    "Index": "37542",
    "RawText": "오래된 보일러가 갑자기 고장나서 새로 000 브랜드로 구매후 설치했는데 품질이 너무 좋네요~ 성능도 무척 좋아서 굉장히 따뜻하고 좋아요!!",
    "Source": "쇼핑몰",
    "Domain": "가전",
    "MainCategory": "계절가전",
    "ProductName": "경동나비엔 NGB550-13K",
    "ReviewScore": "5",
    "Syllable": "77",
    "Word": "18",
    "RDate": "20180618",
    "Aspects": [
      {
        "Aspect": "품질",
        "SentimentText": "오래된 보일러가 갑자기 고장나서 새로 000 브랜드로 구매후 설치했는데 품질이 너무 좋네요~",
        "SentimentWord": "12",
        "SentimentPolarity": "1"
      },
      {
        "Aspect": "기능",
        "SentimentText": "성능도 무척 좋아서 굉장히 따뜻하고 좋아요!!",
        "SentimentWord": "6",
        "SentimentPolarity": "1"
      }
    ]
  },
  {
    "Index": "37544",
    "RawText": "제품 성능이 굉장히 좋아서 따뜻하게 지냅니다.구매추천합니다~~^^ 이벤트가로 저렴하게 구매하고 제품도 가성비 좋은 제품이라 마음에 듭니다",
    "Source": "쇼핑몰",
    "Domain": "가전",
    "MainCategory": "계절가전",
    "ProductName": "경동나비엔 NGB550-13K",
    "ReviewScore": "5",
    "Syllable": "76",
    "Word": "15",
    "RDate": "20200507",
    "Aspects": [
      {
        "Aspect": "기능",
        "SentimentText": "제품 성능이 굉장히 좋아서 따뜻하게 지냅니다.구매추천합니다~~^^",
        "SentimentWord": "6",
        "SentimentPolarity": "1"
      },
      {
        "Aspect": "가격",
        "SentimentText": " 이벤트가로 저렴하게 구매하고 제품도 가성비 좋은 제품이라 마음에 듭니다",
        "SentimentWord": "9",
        "SentimentPolarity": "1"
      }
    ]
  },
  {
    "Index": "37547",
    "RawText": "제품 디자인이 예쁘고 깔끔해서 마음에 들어요. 다만 생각지도 못했던 굴둑 비용이 추가로 발생해서 아쉬웠어요...",
    "Source": "쇼핑몰",
    "Domain": "가전",
    "MainCategory": "계절가전",
    "ProductName": "경동나비엔 NGB550-13K",
    "ReviewScore": "4",
    "Syllable": "62",
    "Word": "14",
    "RDate": "20181101",
    "Aspects": [
      {
        "Aspect": "디자인",
        "SentimentText": "제품 디자인이 예쁘고 깔끔해서 마음에 들어요.",
        "SentimentWord": "6",
        "SentimentPolarity": "1"
      },
      {
        "Aspect": "가격",
        "SentimentText": "다만 생각지도 못했던 굴둑 비용이 추가로 발생해서 아쉬웠어요...",
        "SentimentWord": "8",
        "SentimentPolarity": "-1"
      }
    ]
  },
  {
    "Index": "37548",
    "RawText": "역시 000 브랜드 후기가 좋은 이유가 있네요 직접 사용해보니 좋다는걸 바로 느껴 만족중입니다~ 제품 가격도 저렴하게 잘 사서 너무 좋네요. ",
    "Source": "쇼핑몰",
    "Domain": "가전",
    "MainCategory": "계절가전",
    "ProductName": "경동나비엔 NGB550-13K",
    "ReviewScore": "5",
    "Syllable": "79",
    "Word": "20",
    "RDate": "20200320",
    "Aspects": [
      {
        "Aspect": "제조일/제조사",
        "SentimentText": "역시 000 브랜드 후기가 좋은 이유가 있네요 직접 사용해보니 좋다는걸 바로 느껴 만족중입니다~",
        "SentimentWord": "13",
        "SentimentPolarity": "1"
      },
      {
        "Aspect": "가격",
        "SentimentText": "제품 가격도 저렴하게 잘 사서 너무 좋네요.",
        "SentimentWord": "7",
        "SentimentPolarity": "1"
      }
    ]
  },
  {
    "Index": "37551",
    "RawText": "보일러 성능도 좋아서 작동도 잘되고 잘 사용하고 있습니다! 소음도 조용한편이여서 만족스러워요~",
    "Source": "쇼핑몰",
    "Domain": "가전",
    "MainCategory": "계절가전",
    "ProductName": "경동나비엔 NGB550-13K",
    "ReviewScore": "5",
    "Syllable": "52",
    "Word": "11",
    "RDate": "20200130",
    "Aspects": [
      {
        "Aspect": "기능",
        "SentimentText": "보일러 성능도 좋아서 작동도 잘되고 잘 사용하고 있습니다! ",
        "SentimentWord": "8",
        "SentimentPolarity": "1"
      },
      {
        "Aspect": "소음",
        "SentimentText": " 소음도 조용한편이여서 만족스러워요~",
        "SentimentWord": "3",
        "SentimentPolarity": "1"
      }
    ]
  },
  {
    "Index": "37552",
    "RawText": "성능이 너무 좋아 더울지경이예요^^ ㅎㅎ 작동시 소리도 거의 안들려서 귀가 편안해요~",
    "Source": "쇼핑몰",
    "Domain": "가전",
    "MainCategory": "계절가전",
    "ProductName": "경동나비엔 NGB550-13K",
    "ReviewScore": "5",
    "Syllable": "47",
    "Word": "11",
    "RDate": "20170815",
    "Aspects": [
      {
        "Aspect": "기능",
        "SentimentText": "성능이 너무 좋아 더울지경이예요^^ ㅎㅎ",
        "SentimentWord": "5",
        "SentimentPolarity": "1"
      },
      {
        "Aspect": "소음",
        "SentimentText": " 작동시 소리도 거의 안들려서 귀가 편안해요~",
        "SentimentWord": "6",
        "SentimentPolarity": "1"
      }
    ]
  },
  {
    "Index": "37554",
    "RawText": "착한 가격으로 구입해서 정말 좋아요. 오래된 보일러 사용하다가 새제품으로 교체하니 성능이 더 좋네요!!",
    "Source": "쇼핑몰",
    "Domain": "가전",
    "MainCategory": "계절가전",
    "ProductName": "경동나비엔 NGB550-13K",
    "ReviewScore": "5",
    "Syllable": "57",
    "Word": "13",
    "RDate": "20180421",
    "Aspects": [
      {
        "Aspect": "가격",
        "SentimentText": "착한 가격으로 구입해서 정말 좋아요.",
        "SentimentWord": "5",
        "SentimentPolarity": "1"
      },
      {
        "Aspect": "기능",
        "SentimentText": "오래된 보일러 사용하다가 새제품으로 교체하니 성능이 더 좋네요!!",
        "SentimentWord": "8",
        "SentimentPolarity": "1"
      }
    ]
  },
  {
    "Index": "37555",
    "RawText": "다른곳보다 가격이 저렴해서 만족스러워요. 기존에 사용한 보일러가 오래된거라  000 브랜드로 바꿨는데 사용해보니 성능 너무 좋고 마음에 쏙 들어요!",
    "Source": "쇼핑몰",
    "Domain": "가전",
    "MainCategory": "계절가전",
    "ProductName": "경동나비엔 NGB550-13K",
    "ReviewScore": "5",
    "Syllable": "82",
    "Word": "18",
    "RDate": "20190810",
    "Aspects": [
      {
        "Aspect": "가격",
        "SentimentText": "다른곳보다 가격이 저렴해서 만족스러워요.",
        "SentimentWord": "4",
        "SentimentPolarity": "1"
      },
      {
        "Aspect": "기능",
        "SentimentText": "기존에 사용한 보일러가 오래된거라  000 브랜드로 바꿨는데 사용해보니 성능 너무 좋고 마음에 쏙 들어요!",
        "SentimentWord": "14",
        "SentimentPolarity": "1"
      }
    ]
  },
  {
    "Index": "37556",
    "RawText": "후기처럼 제품 성능이 정말 너무 좋아서 만족합니다.너무 따뜻해졌어요^^ 품질도 좋아서 제품이 더 맘에 드네요~",
    "Source": "쇼핑몰",
    "Domain": "가전",
    "MainCategory": "계절가전",
    "ProductName": "경동나비엔 NGB550-13K",
    "ReviewScore": "5",
    "Syllable": "61",
    "Word": "14",
    "RDate": "20180423",
    "Aspects": [
      {
        "Aspect": "기능",
        "SentimentText": "후기처럼 제품 성능이 정말 너무 좋아서 만족합니다.너무 따뜻해졌어요^^",
        "SentimentWord": "8",
        "SentimentPolarity": "1"
      },
      {
        "Aspect": "품질",
        "SentimentText": "품질도 좋아서 제품이 더 맘에 드네요~",
        "SentimentWord": "6",
        "SentimentPolarity": "1"
      }
    ]
  },
  {
    "Index": "37558",
    "RawText": "추가비용 하나도 없고 저렴한 가격이라 맘에 들어요~성능도 우수하고 온수도 금방 잘 나와요.강력추천해요~~~",
    "Source": "쇼핑몰",
    "Domain": "가전",
    "MainCategory": "계절가전",
    "ProductName": "경동나비엔 NGB553-16K 일반판매점",
    "ReviewScore": "5",
    "Syllable": "59",
    "Word": "12",
    "RDate": "20201203",
    "Aspects": [
      {
        "Aspect": "가격",
        "SentimentText": "추가비용 하나도 없고 저렴한 가격이라 맘에 들어요~",
        "SentimentWord": "7",
        "SentimentPolarity": "1"
      },
      {
        "Aspect": "기능",
        "SentimentText": "성능도 우수하고 온수도 금방 잘 나와요.강력추천해요~~~",
        "SentimentWord": "6",
        "SentimentPolarity": "1"
      }
    ]
  },
  {
    "Index": "37559",
    "RawText": "제품 가격도 좋고 설치 비용도 저렴하고 좋았어요. 오래된 보일러보다 따뜻해서 성능이  참 좋습니다!",
    "Source": "쇼핑몰",
    "Domain": "가전",
    "MainCategory": "계절가전",
    "ProductName": "경동나비엔 NGB553-20K 일반판매점",
    "ReviewScore": "5",
    "Syllable": "55",
    "Word": "13",
    "RDate": "20220828",
    "Aspects": [
      {
        "Aspect": "가격",
        "SentimentText": "제품 가격도 좋고 설치 비용도 저렴하고 좋았어요.",
        "SentimentWord": "7",
        "SentimentPolarity": "1"
      },
      {
        "Aspect": "기능",
        "SentimentText": "오래된 보일러보다 따뜻해서 성능이  참 좋습니다!",
        "SentimentWord": "6",
        "SentimentPolarity": "1"
      }
    ]
  },
  {
    "Index": "37560",
    "RawText": "새로 교체하는 000 기계도 좋고 품질이 좋네요~ 휴일인데도 기사님께서  꼼꼼하게 설치 해 주시고 감동입니다 ^^ 역시 000 성능이 좋아서 따뜻하게 잘 사용합니다",
    "Source": "쇼핑몰",
    "Domain": "가전",
    "MainCategory": "계절가전",
    "ProductName": "경동나비엔 NGB553-20K 일반판매점",
    "ReviewScore": "5",
    "Syllable": "91",
    "Word": "22",
    "RDate": "20210105",
    "Aspects": [
      {
        "Aspect": "품질",
        "SentimentText": "새로 교체하는 000 기계도 좋고 품질이 좋네요~ ",
        "SentimentWord": "7",
        "SentimentPolarity": "1"
      },
      {
        "Aspect": "기능",
        "SentimentText": "역시 000 성능이 좋아서 따뜻하게 잘 사용합니다",
        "SentimentWord": "7",
        "SentimentPolarity": "1"
      }
    ]
  },
  {
    "Index": "37561",
    "RawText": "설치하는데 추가비용이 조금 더 들어서 기분이 별로였어요... 그래도 성능은 우수하고 따뜻해서 매우 만족합니다~ ",
    "Source": "쇼핑몰",
    "Domain": "가전",
    "MainCategory": "계절가전",
    "ProductName": "귀뚜라미 거꾸로 ECO 콘덴싱-15H 일반판매점",
    "ReviewScore": "4",
    "Syllable": "62",
    "Word": "13",
    "RDate": "20210125",
    "Aspects": [
      {
        "Aspect": "가격",
        "SentimentText": "설치하는데 추가비용이 조금 더 들어서 기분이 별로였어요...",
        "SentimentWord": "7",
        "SentimentPolarity": "-1"
      },
      {
        "Aspect": "기능",
        "SentimentText": "그래도 성능은 우수하고 따뜻해서 매우 만족합니다~",
        "SentimentWord": "6",
        "SentimentPolarity": "1"
      }
    ]
  },
  {
    "Index": "37562",
    "RawText": "추가 설치비용없이 저렴한 가격이라 기분 좋습니다~^^ 잘 작동 되고 성능도 너무 좋아요!",
    "Source": "쇼핑몰",
    "Domain": "가전",
    "MainCategory": "계절가전",
    "ProductName": "귀뚜라미 거꾸로 ECO 콘덴싱-15H 일반판매점",
    "ReviewScore": "5",
    "Syllable": "49",
    "Word": "12",
    "RDate": "20220113",
    "Aspects": [
      {
        "Aspect": "가격",
        "SentimentText": "추가 설치비용없이 저렴한 가격이라 기분 좋습니다~^^",
        "SentimentWord": "6",
        "SentimentPolarity": "1"
      },
      {
        "Aspect": "기능",
        "SentimentText": "잘 작동 되고 성능도 너무 좋아요!",
        "SentimentWord": "6",
        "SentimentPolarity": "1"
      }
    ]
  },
  {
    "Index": "37563",
    "RawText": "제품의 품질은 이주 좋고 마음에 들어요~ 그런데 사용해보니 소음이 커서 좀 실망했어요...광고와는 달라서 실망입니다",
    "Source": "쇼핑몰",
    "Domain": "가전",
    "MainCategory": "계절가전",
    "ProductName": "귀뚜라미 거꾸로 ECO 콘덴싱-15H 일반판매점",
    "ReviewScore": "4",
    "Syllable": "64",
    "Word": "14",
    "RDate": "20220618",
    "Aspects": [
      {
        "Aspect": "품질",
        "SentimentText": "제품의 품질은 이주 좋고 마음에 들어요~",
        "SentimentWord": "6",
        "SentimentPolarity": "1"
      },
      {
        "Aspect": "소음",
        "SentimentText": "그런데 사용해보니 소음이 커서 좀 실망했어요...광고와는 달라서 실망입니다",
        "SentimentWord": "8",
        "SentimentPolarity": "-1"
      }
    ]
  },
  {
    "Index": "37564",
    "RawText": "새제품으로 교체했더니 온수도 잘 나오고 난방도 잘 되서 좋아요 매우 만족해요~  특히 000 보일러 신뢰가 가고 좋았어요.",
    "Source": "쇼핑몰",
    "Domain": "가전",
    "MainCategory": "계절가전",
    "ProductName": "귀뚜라미 거꾸로 ECO 콘덴싱-15H 일반판매점",
    "ReviewScore": "5",
    "Syllable": "68",
    "Word": "17",
    "RDate": "20211105",
    "Aspects": [
      {
        "Aspect": "기능",
        "SentimentText": "새제품으로 교체했더니 온수도 잘 나오고 난방도 잘 되서 좋아요 매우 만족해요~ ",
        "SentimentWord": "11",
        "SentimentPolarity": "1"
      },
      {
        "Aspect": "제조일/제조사",
        "SentimentText": "특히 000 보일러 신뢰가 가고 좋았어요.",
        "SentimentWord": "6",
        "SentimentPolarity": "1"
      }
    ]
  },
  {
    "Index": "37565",
    "RawText": "저렴한 가격으로 구입해서 너무 좋아요~ 새제품이라 잘 작동되서 따뜻하고 좋네요~ ",
    "Source": "쇼핑몰",
    "Domain": "가전",
    "MainCategory": "계절가전",
    "ProductName": "귀뚜라미 거꾸로 ECO 콘덴싱-15H 일반판매점",
    "ReviewScore": "5",
    "Syllable": "45",
    "Word": "10",
    "RDate": "20220305",
    "Aspects": [
      {
        "Aspect": "가격",
        "SentimentText": "저렴한 가격으로 구입해서 너무 좋아요~",
        "SentimentWord": "5",
        "SentimentPolarity": "1"
      },
      {
        "Aspect": "기능",
        "SentimentText": "새제품이라 잘 작동되서 따뜻하고 좋네요~",
        "SentimentWord": "5",
        "SentimentPolarity": "1"
      }
    ]
  },
  {
    "Index": "37566",
    "RawText": "제품은 소문대로 따뜻하고 성능이 좋아서  만족합니다. 다만 생각지도 못한 추가비용이 많이 나와서 부담스러웠어요ㅠ",
    "Source": "쇼핑몰",
    "Domain": "가전",
    "MainCategory": "계절가전",
    "ProductName": "귀뚜라미 거꾸로 ECO 콘덴싱-18H 일반판매점",
    "ReviewScore": "3",
    "Syllable": "62",
    "Word": "13",
    "RDate": "20201022",
    "Aspects": [
      {
        "Aspect": "기능",
        "SentimentText": "제품은 소문대로 따뜻하고 성능이 좋아서  만족합니다.",
        "SentimentWord": "6",
        "SentimentPolarity": "1"
      },
      {
        "Aspect": "가격",
        "SentimentText": "다만 생각지도 못한 추가비용이 많이 나와서 부담스러웠어요ㅠ",
        "SentimentWord": "7",
        "SentimentPolarity": "-1"
      }
    ]
  },
  {
    "Index": "37568",
    "RawText": "1등급 제품이라 전기요금 부담없어서 만족합니다~ 제품 바로 사용해보니 성능도 문제없이 잘되고 너무 잘산 거 같아요!",
    "Source": "쇼핑몰",
    "Domain": "가전",
    "MainCategory": "계절가전",
    "ProductName": "귀뚜라미 거꾸로 NEW 콘덴싱 플러스 보일러-21HW 일반판매점",
    "ReviewScore": "5",
    "Syllable": "64",
    "Word": "15",
    "RDate": "20211208",
    "Aspects": [
      {
        "Aspect": "소비전력",
        "SentimentText": "1등급 제품이라 전기요금 부담없어서 만족합니다~",
        "SentimentWord": "5",
        "SentimentPolarity": "1"
      },
      {
        "Aspect": "기능",
        "SentimentText": "제품 바로 사용해보니 성능도 문제없이 잘되고 너무 잘산 거 같아요!",
        "SentimentWord": "10",
        "SentimentPolarity": "1"
      }
    ]
  },
  {
    "Index": "37569",
    "RawText": "생각보다 제품 가격이 저렴해서 마음에 들었어요~^^ 뜨거운 물도 잘 나오고 너무 좋습니다~바꾸길 잘했네요",
    "Source": "쇼핑몰",
    "Domain": "가전",
    "MainCategory": "계절가전",
    "ProductName": "귀뚜라미 거꾸로 NEW 콘덴싱 플러스 보일러-21HW 일반판매점",
    "ReviewScore": "5",
    "Syllable": "58",
    "Word": "13",
    "RDate": "20211117",
    "Aspects": [
      {
        "Aspect": "가격",
        "SentimentText": "생각보다 제품 가격이 저렴해서 마음에 들었어요~^^ ",
        "SentimentWord": "6",
        "SentimentPolarity": "1"
      },
      {
        "Aspect": "기능",
        "SentimentText": "뜨거운 물도 잘 나오고 너무 좋습니다~바꾸길 잘했네요",
        "SentimentWord": "7",
        "SentimentPolarity": "1"
      }
    ]
  },
  {
    "Index": "37572",
    "RawText": "결코 저렴한 가격이 아니네요... 추가비용 나와서 열받네요ㅜ 제품 소음도 은근 심하고 너무 별로예요ㅠㅠ ",
    "Source": "쇼핑몰",
    "Domain": "가전",
    "MainCategory": "계절가전",
    "ProductName": "린나이 R324-16KF",
    "ReviewScore": "2",
    "Syllable": "58",
    "Word": "13",
    "RDate": "20171219",
    "Aspects": [
      {
        "Aspect": "가격",
        "SentimentText": "결코 저렴한 가격이 아니네요... 추가비용 나와서 열받네요ㅜ",
        "SentimentWord": "7",
        "SentimentPolarity": "-1"
      },
      {
        "Aspect": "소음",
        "SentimentText": "제품 소음도 은근 심하고 너무 별로예요ㅠㅠ",
        "SentimentWord": "6",
        "SentimentPolarity": "-1"
      }
    ]
  },
  {
    "Index": "37575",
    "RawText": "새 보일러로 교체하니 빠르게 따뜻해지고 성능좋아서 어디하나 흠잡을데가 없어요 매우 만족해요! 보일러는 역시 000가  최고예요!!",
    "Source": "쇼핑몰",
    "Domain": "가전",
    "MainCategory": "계절가전",
    "ProductName": "린나이 R324-16KF",
    "ReviewScore": "5",
    "Syllable": "72",
    "Word": "15",
    "RDate": "20181028",
    "Aspects": [
      {
        "Aspect": "기능",
        "SentimentText": "새 보일러로 교체하니 빠르게 따뜻해지고 성능좋아서 어디하나 흠잡을데가 없어요 매우 만족해요!",
        "SentimentWord": "11",
        "SentimentPolarity": "1"
      },
      {
        "Aspect": "제조일/제조사",
        "SentimentText": "보일러는 역시 000가  최고예요!!",
        "SentimentWord": "4",
        "SentimentPolarity": "1"
      }
    ]
  },
  {
    "Index": "37576",
    "RawText": "제품은 품질도 좋고 깔끔해서 너무 좋습니다. 근데 교체할곳이 많아 처음에 구매한 금액보다 추가비용이 꽤 나와서 저렴하게 산 느낌은 안들어서 좀 아쉬워요 ㅜ",
    "Source": "쇼핑몰",
    "Domain": "가전",
    "MainCategory": "계절가전",
    "ProductName": "린나이 R324-16KF",
    "ReviewScore": "4",
    "Syllable": "86",
    "Word": "22",
    "RDate": "20171120",
    "Aspects": [
      {
        "Aspect": "품질",
        "SentimentText": "제품은 품질도 좋고 깔끔해서 너무 좋습니다.",
        "SentimentWord": "6",
        "SentimentPolarity": "1"
      },
      {
        "Aspect": "가격",
        "SentimentText": "교체할곳이 많아 처음에 구매한 금액보다 추가비용이 꽤 나와서 저렴하게 산 느낌은 안들어서 좀 아쉬워요 ㅜ",
        "SentimentWord": "15",
        "SentimentPolarity": "-1"
      }
    ]
  },
  {
    "Index": "37578",
    "RawText": "보일러 작동도 너무 잘되서 집안이 빠르게 따뜻해져서 대만족입니다!! 가격도 아주 저렴하게  구입했네요~~^^",
    "Source": "쇼핑몰",
    "Domain": "가전",
    "MainCategory": "계절가전",
    "ProductName": "린나이 R324-16KF",
    "ReviewScore": "4",
    "Syllable": "60",
    "Word": "12",
    "RDate": "20180330",
    "Aspects": [
      {
        "Aspect": "기능",
        "SentimentText": "보일러 작동도 너무 잘되서 집안이 빠르게 따뜻해져서 대만족입니다!! ",
        "SentimentWord": "8",
        "SentimentPolarity": "1"
      },
      {
        "Aspect": "가격",
        "SentimentText": "가격도 아주 저렴하게  구입했네요~~^^",
        "SentimentWord": "4",
        "SentimentPolarity": "1"
      }
    ]
  },
  {
    "Index": "37580",
    "RawText": "품질 좋은 제품을 빠르게 설치받아서 너무 좋습니다~ 제품 성능도 무척 좋고 따뜻해서 만족해요.",
    "Source": "쇼핑몰",
    "Domain": "가전",
    "MainCategory": "계절가전",
    "ProductName": "린나이 R331S-16KF 일반판매점",
    "ReviewScore": "5",
    "Syllable": "52",
    "Word": "13",
    "RDate": "20211115",
    "Aspects": [
      {
        "Aspect": "품질",
        "SentimentText": "품질 좋은 제품을 빠르게 설치받아서 너무 좋습니다~",
        "SentimentWord": "7",
        "SentimentPolarity": "1"
      },
      {
        "Aspect": "기능",
        "SentimentText": "제품 성능도 무척 좋고 따뜻해서 만족해요.",
        "SentimentWord": "6",
        "SentimentPolarity": "1"
      }
    ]
  },
  {
    "Index": "37581",
    "RawText": "온수도 잘 나오고 난방도 잘되어 성능 완전 좋아요~ 제품 가격도 할인쿠폰 사용해서 저렴하게 잘 구입해 기쁘네요 ^^",
    "Source": "쇼핑몰",
    "Domain": "가전",
    "MainCategory": "계절가전",
    "ProductName": "린나이 R331S-16KF 일반판매점",
    "ReviewScore": "5",
    "Syllable": "64",
    "Word": "17",
    "RDate": "20211107",
    "Aspects": [
      {
        "Aspect": "기능",
        "SentimentText": "온수도 잘 나오고 난방도 잘되어 성능 완전 좋아요~",
        "SentimentWord": "8",
        "SentimentPolarity": "1"
      },
      {
        "Aspect": "가격",
        "SentimentText": "제품 가격도 할인쿠폰 사용해서 저렴하게 잘 구입해 기쁘네요 ^^ ",
        "SentimentWord": "9",
        "SentimentPolarity": "1"
      }
    ]
  },
  {
    "Index": "37582",
    "RawText": "보일러 오래되어서 새제품으로 바꿨더니 성능이 더욱 좋습니다!! 제품 가격도 대리점보다는  저렴하고 좋아요.",
    "Source": "쇼핑몰",
    "Domain": "가전",
    "MainCategory": "계절가전",
    "ProductName": "린나이 R331S-16KF 일반판매점",
    "ReviewScore": "5",
    "Syllable": "59",
    "Word": "12",
    "RDate": "20210707",
    "Aspects": [
      {
        "Aspect": "기능",
        "SentimentText": "보일러 오래되어서 새제품으로 바꿨더니 성능이 더욱 좋습니다!!",
        "SentimentWord": "7",
        "SentimentPolarity": "1"
      },
      {
        "Aspect": "가격",
        "SentimentText": "제품 가격도 대리점보다는  저렴하고 좋아요.",
        "SentimentWord": "5",
        "SentimentPolarity": "1"
      }
    ]
  },
  {
    "Index": "37583",
    "RawText": "제품 가격도 저렴하고 추가요금도 없어 아주 좋네요.  난방도 너무 잘되어서 더울정도예요.완전 만족합니다!!",
    "Source": "쇼핑몰",
    "Domain": "가전",
    "MainCategory": "계절가전",
    "ProductName": "린나이 R331S-16KF 일반판매점",
    "ReviewScore": "5",
    "Syllable": "59",
    "Word": "12",
    "RDate": "20211114",
    "Aspects": [
      {
        "Aspect": "가격",
        "SentimentText": "제품 가격도 저렴하고 추가요금도 없어 아주 좋네요. ",
        "SentimentWord": "7",
        "SentimentPolarity": "1"
      },
      {
        "Aspect": "기능",
        "SentimentText": "난방도 너무 잘되어서 더울정도예요.완전 만족합니다!!",
        "SentimentWord": "5",
        "SentimentPolarity": "1"
      }
    ]
  },
  {
    "Index": "37585",
    "RawText": "설치후 사용해보니 성능 너무 좋고 마음에 듭니다. 가격도 저렴하고 추기비용도 발생하지 않아서 무척 만족합니다.",
    "Source": "쇼핑몰",
    "Domain": "가전",
    "MainCategory": "계절가전",
    "ProductName": "린나이 R331S-20KF 일반판매점",
    "ReviewScore": "5",
    "Syllable": "61",
    "Word": "14",
    "RDate": "20211129",
    "Aspects": [
      {
        "Aspect": "기능",
        "SentimentText": "설치후 사용해보니 성능 너무 좋고 마음에 듭니다.",
        "SentimentWord": "7",
        "SentimentPolarity": "1"
      },
      {
        "Aspect": "가격",
        "SentimentText": "가격도 저렴하고 추기비용도 발생하지 않아서 무척 만족합니다.",
        "SentimentWord": "7",
        "SentimentPolarity": "1"
      }
    ]
  },
  {
    "Index": "37588",
    "RawText": "설치후 잘 돌아가고 제품 품질도 상당히 좋고 고급스러워요~ 제품 가격도 할인 많이해주셔서 저렴하게 구입해 만족합니다.",
    "Source": "쇼핑몰",
    "Domain": "가전",
    "MainCategory": "계절가전",
    "ProductName": "린나이 R331S-20KF 일반판매점",
    "ReviewScore": "5",
    "Syllable": "65",
    "Word": "15",
    "RDate": "20210617",
    "Aspects": [
      {
        "Aspect": "품질",
        "SentimentText": "설치후 잘 돌아가고 제품 품질도 상당히 좋고 고급스러워요~",
        "SentimentWord": "8",
        "SentimentPolarity": "1"
      },
      {
        "Aspect": "가격",
        "SentimentText": "제품 가격도 할인 많이해주셔서 저렴하게 구입해 만족합니다. ",
        "SentimentWord": "7",
        "SentimentPolarity": "1"
      }
    ]
  },
  {
    "Index": "37589",
    "RawText": "소음없고 조용하게 작동 되어서 만족해요.  딱 맞춰 빅세일기간에 구입하게 되어 할인 듬뿍 받아 저렴하게 구입해서 기뻤어요.",
    "Source": "쇼핑몰",
    "Domain": "가전",
    "MainCategory": "계절가전",
    "ProductName": "린나이 R331S-20KF 일반판매점",
    "ReviewScore": "4",
    "Syllable": "68",
    "Word": "16",
    "RDate": "20211105",
    "Aspects": [
      {
        "Aspect": "소음",
        "SentimentText": "소음없고 조용하게 작동 되어서 만족해요. ",
        "SentimentWord": "5",
        "SentimentPolarity": "1"
      },
      {
        "Aspect": "가격",
        "SentimentText": "딱 맞춰 빅세일기간에 구입하게 되어 할인 듬뿍 받아 저렴하게 구입해서 기뻤어요. ",
        "SentimentWord": "11",
        "SentimentPolarity": "1"
      }
    ]
  },
  {
    "Index": "37590",
    "RawText": "예전 사용하던 제품보다 사이즈가 작아서 공간 차지 않아 너무 좋네요.  제품 소음도 거의 없어 만족합니다.  제품 퀄리티도 업그레이드 되어 급탕/난방도 잘 되어 굿~!  소비전력효율이 1등급이라 가스비 절약될 것 같아 벌써부터 기분이 좋아집니다. ^^",
    "Source": "쇼핑몰",
    "Domain": "가전",
    "MainCategory": "계절가전",
    "ProductName": "린나이 R331S-20KF 일반판매점",
    "ReviewScore": "5",
    "Syllable": "140",
    "Word": "33",
    "RDate": "20211111",
    "GeneralPolarity": "1",
    "Aspects": [
      {
        "Aspect": "사이즈",
        "SentimentText": "예전 사용하던 제품보다 사이즈가 작아서 공간 차지 않아 너무 좋네요. ",
        "SentimentWord": "10",
        "SentimentPolarity": "1"
      },
      {
        "Aspect": "소음",
        "SentimentText": "제품 소음도 거의 없어 만족합니다. ",
        "SentimentWord": "5",
        "SentimentPolarity": "1"
      },
      {
        "Aspect": "품질",
        "SentimentText": "제품 퀄리티도 업그레이드 되어 급탕/난방도 잘 되어 굿~! ",
        "SentimentWord": "8",
        "SentimentPolarity": "1"
      },
      {
        "Aspect": "소비전력",
        "SentimentText": "소비전력효율이 1등급이라 가스비 절약될 것 같아 벌써부터 기분이 좋아집니다. ^^ ",
        "SentimentWord": "10",
        "SentimentPolarity": "1"
      }
    ]
  },
  {
    "Index": "37591",
    "RawText": "20년된 보일러 새제품으로 교체하니 성능이 확실히 더 좋아져서 대만족입니다!!  다만 제품 설치비용(교체비용 포함)이 예상보다 너무 비싸서(18만원) 너무 부담되고 당황스러웠어요. ㅜ",
    "Source": "쇼핑몰",
    "Domain": "가전",
    "MainCategory": "계절가전",
    "ProductName": "린나이 RC300-22KF",
    "ReviewScore": "4",
    "Syllable": "102",
    "Word": "20",
    "RDate": "20170907",
    "Aspects": [
      {
        "Aspect": "기능",
        "SentimentText": "20년된 보일러 새제품으로 교체하니 성능이 확실히 더 좋아져서 대만족입니다!! ",
        "SentimentWord": "9",
        "SentimentPolarity": "1"
      },
      {
        "Aspect": "가격",
        "SentimentText": "제품 설치비용(교체비용 포함)이 예상보다 너무 비싸서(18만원) 너무 부담되고 당황스러웠어요. ㅜ ",
        "SentimentWord": "10",
        "SentimentPolarity": "-1"
      }
    ]
  },
  {
    "Index": "37592",
    "RawText": "좋은 제품 저렴한 가격에 구입해서 너무 좋습니다!! 제품 성능도 탁월해서 집이 금새 따뜻해져서 만족합니다.  나중에 제품 교체전과 가스비만 비교해보려구요..",
    "Source": "쇼핑몰",
    "Domain": "가전",
    "MainCategory": "계절가전",
    "ProductName": "린나이 RC300-22KF",
    "ReviewScore": "5",
    "Syllable": "87",
    "Word": "19",
    "RDate": "20181207",
    "Aspects": [
      {
        "Aspect": "가격",
        "SentimentText": "좋은 제품 저렴한 가격에 구입해서 너무 좋습니다!!",
        "SentimentWord": "7",
        "SentimentPolarity": "1"
      },
      {
        "Aspect": "기능",
        "SentimentText": "제품 성능도 탁월해서 집이 금새 따뜻해져서 만족합니다. ",
        "SentimentWord": "7",
        "SentimentPolarity": "1"
      }
    ]
  },
  {
    "Index": "37593",
    "RawText": "인터넷에서 주문/ 설치했더니 설치기사님이 설치비 19만원 청구하심. ㅜ 너무 비싸 화나네요.ㅜ 사용해보니 소음도 큰편이고 실망이네요ㅠ ",
    "Source": "쇼핑몰",
    "Domain": "가전",
    "MainCategory": "계절가전",
    "ProductName": "린나이 RC300-22KF",
    "ReviewScore": "1",
    "Syllable": "75",
    "Word": "15",
    "RDate": "20180823",
    "Aspects": [
      {
        "Aspect": "가격",
        "SentimentText": "인터넷에서 주문/ 설치했더니 설치기사님이 설치비 19만원 청구하심. ㅜ 너무 비싸 화나네요.ㅜ",
        "SentimentWord": "11",
        "SentimentPolarity": "-1"
      },
      {
        "Aspect": "소음",
        "SentimentText": "사용해보니 소음도 큰편이고 실망이네요ㅠ",
        "SentimentWord": "4",
        "SentimentPolarity": "-1"
      }
    ]
  },
  {
    "Index": "37594",
    "RawText": "성능은 탁월해서 따뜻한 온수도 바로 나오고 아주 만족스러워요. 다만 제품 소비전련효율 등급이 1등급이 아니라는 점은 좀 실망스럽네요.. ㅜ 전기세 좀 나오겠어요.",
    "Source": "쇼핑몰",
    "Domain": "가전",
    "MainCategory": "계절가전",
    "ProductName": "린나이 RC300-22KF",
    "ReviewScore": "5",
    "Syllable": "90",
    "Word": "21",
    "RDate": "20201028",
    "Aspects": [
      {
        "Aspect": "기능",
        "SentimentText": "성능은 탁월해서 따뜻한 온수도 바로 나오고 아주 만족스러워요.",
        "SentimentWord": "8",
        "SentimentPolarity": "1"
      },
      {
        "Aspect": "소비전력",
        "SentimentText": "제품 소비전련효율 등급이 1등급이 아니라는 점은 좀 실망스럽네요.. ㅜ 전기세 좀 나오겠어요. ",
        "SentimentWord": "12",
        "SentimentPolarity": "-1"
      }
    ]
  },
  {
    "Index": "37595",
    "RawText": "작동도 잘되고 금방 따뜻해져서 성능굿~!^^ 생각보다 소음도 작아서 마음에 드네요.",
    "Source": "쇼핑몰",
    "Domain": "가전",
    "MainCategory": "계절가전",
    "ProductName": "린나이 RC300-22KF",
    "ReviewScore": "5",
    "Syllable": "46",
    "Word": "10",
    "RDate": "20180119",
    "Aspects": [
      {
        "Aspect": "기능",
        "SentimentText": "작동도 잘되고 금방 따뜻해져서 성능굿~!^^",
        "SentimentWord": "5",
        "SentimentPolarity": "1"
      },
      {
        "Aspect": "소음",
        "SentimentText": "생각보다 소음도 작아서 마음에 드네요.",
        "SentimentWord": "5",
        "SentimentPolarity": "1"
      }
    ]
  },
  {
    "Index": "37596",
    "RawText": "이제품 절대 구입 비추합니다. ~! 최악~ ㅜㅜ 설치기사가 설치비외에 15만원이나 추가비용 더 청구하네요. ~! 사전에 안내도 없고 결국 비싸게 구매한 기분이라 기분이 안좋네요 자세한 문의와 여러상황 모두 체크해서 구매 절대 하지 마십시오.  소비자를 우습게 보는 이런 OOO회사가 요즘도 있다는게 믿어지지 않네요. 화납니다. ~!",
    "Source": "쇼핑몰",
    "Domain": "가전",
    "MainCategory": "계절가전",
    "ProductName": "린나이 RC300-22KF",
    "ReviewScore": "1",
    "Syllable": "185",
    "Word": "43",
    "RDate": "20171216",
    "GeneralPolarity": "-1",
    "Aspects": [
      {
        "Aspect": "가격",
        "SentimentText": "설치기사가 설치비외에 15만원이나 추가비용 더 청구하네요. ~! 사전에 안내도 없고 결국 비싸게 구매한 기분이라 기분이 안좋네요",
        "SentimentWord": "16",
        "SentimentPolarity": "-1"
      },
      {
        "Aspect": "제조일/제조사",
        "SentimentText": "소비자를 우습게 보는 이런 OOO회사가 요즘도 있다는게 믿어지지 않네요. 화납니다. ~! ",
        "SentimentWord": "11",
        "SentimentPolarity": "-1"
      }
    ]
  },
  {
    "Index": "37597",
    "RawText": "제품 디자인이 심플해서 마음에 듭니다. 설치후 작동 잘되고 온수도 콸콸 잘 나와서 만족합니다.",
    "Source": "쇼핑몰",
    "Domain": "가전",
    "MainCategory": "계절가전",
    "ProductName": "린나이 RC600-15KF 일반판매점",
    "ReviewScore": "5",
    "Syllable": "52",
    "Word": "13",
    "RDate": "20200906",
    "Aspects": [
      {
        "Aspect": "디자인",
        "SentimentText": "제품 디자인이 심플해서 마음에 듭니다. ",
        "SentimentWord": "5",
        "SentimentPolarity": "1"
      },
      {
        "Aspect": "기능",
        "SentimentText": "설치후 작동 잘되고 온수도 콸콸 잘 나와서 만족합니다.",
        "SentimentWord": "8",
        "SentimentPolarity": "1"
      }
    ]
  },
  {
    "Index": "37599",
    "RawText": "판매자님 덕분에  제품 가격 저렴하게 구매해서 기뻐요~! 온수도 빠르게 잘나오고 성능이 너무 좋아 만족합니다.",
    "Source": "쇼핑몰",
    "Domain": "가전",
    "MainCategory": "계절가전",
    "ProductName": "린나이 RC600-15KF 일반판매점",
    "ReviewScore": "5",
    "Syllable": "61",
    "Word": "14",
    "RDate": "20220105",
    "Aspects": [
      {
        "Aspect": "가격",
        "SentimentText": "판매자님 덕분에  제품 가격 저렴하게 구매해서 기뻐요~!",
        "SentimentWord": "7",
        "SentimentPolarity": "1"
      },
      {
        "Aspect": "기능",
        "SentimentText": "온수도 빠르게 잘나오고 성능이 너무 좋아 만족합니다.",
        "SentimentWord": "7",
        "SentimentPolarity": "1"
      }
    ]
  },
  {
    "Index": "37601",
    "RawText": "설치비 포함해 가격은 저렴하게 잘 구매했어요. 다만 작동시 소음이 불안정한것 같아 신경이 쓰이네요 ㅜ",
    "Source": "쇼핑몰",
    "Domain": "가전",
    "MainCategory": "계절가전",
    "ProductName": "린나이 RC600-15KF 일반판매점",
    "ReviewScore": "4",
    "Syllable": "56",
    "Word": "14",
    "RDate": "20210311",
    "Aspects": [
      {
        "Aspect": "가격",
        "SentimentText": "설치비 포함해 가격은 저렴하게 잘 구매했어요.",
        "SentimentWord": "6",
        "SentimentPolarity": "1"
      },
      {
        "Aspect": "소음",
        "SentimentText": "다만 작동시 소음이 불안정한것 같아 신경이 쓰이네요 ㅜ",
        "SentimentWord": "8",
        "SentimentPolarity": "-1"
      }
    ]
  },
  {
    "Index": "37602",
    "RawText": "보일러 작동시 소리도 별로 안나서 너무 만족해요.   제품 성능 아주 좋아서 제 방이 따끈따끈합니다. ~! ^^",
    "Source": "쇼핑몰",
    "Domain": "가전",
    "MainCategory": "계절가전",
    "ProductName": "린나이 RC600-15KF 일반판매점",
    "ReviewScore": "5",
    "Syllable": "62",
    "Word": "16",
    "RDate": "20220217",
    "Aspects": [
      {
        "Aspect": "소음",
        "SentimentText": "보일러 작동시 소리도 별로 안나서 너무 만족해요.  ",
        "SentimentWord": "7",
        "SentimentPolarity": "1"
      },
      {
        "Aspect": "기능",
        "SentimentText": "제품 성능 아주 좋아서 제 방이 따끈따끈합니다. ~! ^^",
        "SentimentWord": "9",
        "SentimentPolarity": "1"
      }
    ]
  },
  {
    "Index": "37603",
    "RawText": "보일러 작동도 무난하게 너무 잘되고 뜨거운 물도 바로 나와서 편하고 좋아요. 제품 품질도 좋아 아주 마음에 듭니다.  ",
    "Source": "쇼핑몰",
    "Domain": "가전",
    "MainCategory": "계절가전",
    "ProductName": "린나이 RC600-15KF 일반판매점",
    "ReviewScore": "5",
    "Syllable": "66",
    "Word": "17",
    "RDate": "20210115",
    "Aspects": [
      {
        "Aspect": "기능",
        "SentimentText": "보일러 작동도 무난하게 너무 잘되고 뜨거운 물도 바로 나와서 편하고 좋아요.",
        "SentimentWord": "11",
        "SentimentPolarity": "1"
      },
      {
        "Aspect": "품질",
        "SentimentText": "제품 품질도 좋아 아주 마음에 듭니다. ",
        "SentimentWord": "6",
        "SentimentPolarity": "1"
      }
    ]
  },
  {
    "Index": "37605",
    "RawText": "제품 품질이 좋아 무척 만족해요.  에너지 소비효율 1등급 제품인것도 아주 마음에 듭니다.",
    "Source": "쇼핑몰",
    "Domain": "가전",
    "MainCategory": "계절가전",
    "ProductName": "린나이 RC600-15KF 일반판매점",
    "ReviewScore": "5",
    "Syllable": "50",
    "Word": "12",
    "RDate": "20210630",
    "Aspects": [
      {
        "Aspect": "품질",
        "SentimentText": "제품 품질이 좋아 무척 만족해요. ",
        "SentimentWord": "5",
        "SentimentPolarity": "1"
      },
      {
        "Aspect": "소비전력",
        "SentimentText": "에너지 소비효율 1등급 제품인것도 아주 마음에 듭니다.",
        "SentimentWord": "7",
        "SentimentPolarity": "1"
      }
    ]
  },
  {
    "Index": "37608",
    "RawText": "보일러가 오래되어 000로 바꿨는데 성능도 너무 좋아서 마음에 드네요. 제품 가격도 저렴하고 불필요한 추가비용도 들지않아서 너무 만족스러워요.",
    "Source": "쇼핑몰",
    "Domain": "가전",
    "MainCategory": "계절가전",
    "ProductName": "린나이 RC600-15KF 일반판매점",
    "ReviewScore": "5",
    "Syllable": "79",
    "Word": "17",
    "RDate": "20220609",
    "Aspects": [
      {
        "Aspect": "기능",
        "SentimentText": "보일러가 오래되어 000로 바꿨는데 성능도 너무 좋아서 마음에 드네요. ",
        "SentimentWord": "9",
        "SentimentPolarity": "1"
      },
      {
        "Aspect": "가격",
        "SentimentText": " 제품 가격도 저렴하고 불필요한 추가비용도 들지않아서 너무 만",
        "SentimentWord": "8",
        "SentimentPolarity": "1"
      }
    ]
  }
]