[
  {
    "Index": "45091",
    "RawText": "제습기사용중인지 모를 조용함이 좋았어요 그리고 제습이 잘되는지 옷장에 있던 옷들도 뽀송해져서 좋네요 디자인도 예쁘고 심플하니 더 좋습니다^^",
    "Source": "쇼핑몰",
    "Domain": "가전",
    "MainCategory": "계절가전",
    "ProductName": "휘센 LG전자 DQ160PPBC",
    "ReviewScore": "5",
    "Syllable": "78",
    "Word": "17",
    "RDate": "20200722",
    "GeneralPolarity": "1",
    "Aspects": [
      {
        "Aspect": "소음",
        "SentimentText": "제습기사용중인지 모를 조용함이 좋았어요",
        "SentimentWord": "4",
        "SentimentPolarity": "1"
      },
      {
        "Aspect": "기능",
        "SentimentText": "그리고 제습이 잘되는지 옷장에 있던 옷들도 뽀송해져서 좋네요",
        "SentimentWord": "8",
        "SentimentPolarity": "1"
      },
      {
        "Aspect": "디자인",
        "SentimentText": "디자인도 예쁘고 심플하니 더 좋습니다^^ ",
        "SentimentWord": "5",
        "SentimentPolarity": "1"
      }
    ]
  },
  {
    "Index": "45092",
    "RawText": "만수되면 알아서 작동이 멈추는 기능이 있어서 좋아요~ 그런데 실물로 받아보니 분홍색 색상이 촌스러워 보입니다",
    "Source": "쇼핑몰",
    "Domain": "가전",
    "MainCategory": "계절가전",
    "ProductName": "휘센 LG전자 DQ160PPBC",
    "ReviewScore": "5",
    "Syllable": "60",
    "Word": "14",
    "RDate": "20210621",
    "GeneralPolarity": "0",
    "Aspects": [
      {
        "Aspect": "기능",
        "SentimentText": "만수되면 알아서 작동이 멈추는 기능이 있어서 좋아요~",
        "SentimentWord": "7",
        "SentimentPolarity": "1"
      },
      {
        "Aspect": "색상",
        "SentimentText": "그런데 실물로 받아보니 분홍색 색상이 촌스러워 보입니다 ",
        "SentimentWord": "7",
        "SentimentPolarity": "-1"
      }
    ]
  },
  {
    "Index": "45093",
    "RawText": "바퀴가 달려서 이방저방 옮겨다니며 사용하기 너무 편해요^^ 작동도 잘되고 제습효과가 뛰어나서 너무 만족해요!!",
    "Source": "쇼핑몰",
    "Domain": "가전",
    "MainCategory": "계절가전",
    "ProductName": "휘센 LG전자 DQ160PPBC",
    "ReviewScore": "5",
    "Syllable": "61",
    "Word": "13",
    "RDate": "20210628",
    "GeneralPolarity": "1",
    "Aspects": [
      {
        "Aspect": "편의성",
        "SentimentText": "바퀴가 달려서 이방저방 옮겨다니며 사용하기 너무 편해요^^ ",
        "SentimentWord": "7",
        "SentimentPolarity": "1"
      },
      {
        "Aspect": "기능",
        "SentimentText": " 작동도 잘되고 제습효과가 뛰어나서 너무 만족해요!!",
        "SentimentWord": "6",
        "SentimentPolarity": "1"
      }
    ]
  },
  {
    "Index": "45094",
    "RawText": "카드 할인에 적립금까지 사용해서 좋은 가격에 구입해서 만족스러워요.  제품 색상이 파스텔 핑크라 아주 예뻐서 좋아요..  제품 외형이 심플해서 마음에 들고, 저소음 제품이라 선택했는데 작동음이 거의 없고 조용해서 좋아요..  다만, 신발 건조시킬때 별도로 신발건조키트를 개인이 구입해야 하는 점이 불편하고 안좋네요  무게감이 있어도 하단부에 바퀴가, 또 본체 뒷면엔 손잡이가 달려 있어서 이동이 무척 편리합니다. 굿~!  인버터 기능도 있어서 전기료 절감되어 좋고, 만수 알림 기능도 있어서 물이 넘치는 걸 방지해줘요.. 기능들도 좋아서 흡족하네요..",
    "Source": "쇼핑몰",
    "Domain": "가전",
    "MainCategory": "계절가전",
    "ProductName": "휘센 LG전자 DQ160PPBC",
    "ReviewScore": "5",
    "Syllable": "308",
    "Word": "70",
    "RDate": "20210303",
    "GeneralPolarity": "0",
    "Aspects": [
      {
        "Aspect": "가격",
        "SentimentText": "카드 할인에 적립금까지 사용해서 좋은 가격에 구입해서 만족스러워요. ",
        "SentimentWord": "8",
        "SentimentPolarity": "1"
      },
      {
        "Aspect": "색상",
        "SentimentText": "제품 색상이 파스텔 핑크라 아주 예뻐서 좋아요.. ",
        "SentimentWord": "7",
        "SentimentPolarity": "1"
      },
      {
        "Aspect": "디자인",
        "SentimentText": "제품 외형이 심플해서 마음에 들고,",
        "SentimentWord": "5",
        "SentimentPolarity": "1"
      },
      {
        "Aspect": "소음",
        "SentimentText": " 저소음 제품이라 선택했는데 작동음이 거의 없고 조용해서 좋아요.. ",
        "SentimentWord": "8",
        "SentimentPolarity": "1"
      },
      {
        "Aspect": "제품구성",
        "SentimentText": "다만, 신발 건조시킬때 별도로 신발건조키트를 개인이 구입해야 하는 점이 불편하고 안좋네요 ",
        "SentimentWord": "11",
        "SentimentPolarity": "-1"
      },
      {
        "Aspect": "편의성",
        "SentimentText": "무게감이 있어도 하단부에 바퀴가, 또 본체 뒷면엔 손잡이가 달려 있어서 이동이 무척 편리합니다. 굿~! ",
        "SentimentWord": "14",
        "SentimentPolarity": "1"
      },
      {
        "Aspect": "기능",
        "SentimentText": "인버터 기능도 있어서 전기료 절감되어 좋고, 만수 알림 기능도 있어서 물이 넘치는 걸 방지해줘요.. 기능들도 좋아서 흡족하네요.. ",
        "SentimentWord": "17",
        "SentimentPolarity": "1"
      }
    ]
  },
  {
    "Index": "45095",
    "RawText": "실물이 훨씬 예뻐서 더더 좋아요 ㅎㅎ 그리고 물이 생기는게 신기하네요 작동이 잘되고있구나 싶어 만족합니다^^",
    "Source": "쇼핑몰",
    "Domain": "가전",
    "MainCategory": "계절가전",
    "ProductName": "휘센 LG전자 DQ160PPBC",
    "ReviewScore": "5",
    "Syllable": "60",
    "Word": "14",
    "RDate": "20220411",
    "GeneralPolarity": "1",
    "Aspects": [
      {
        "Aspect": "디자인",
        "SentimentText": "실물이 훨씬 예뻐서 더더 좋아요 ㅎㅎ ",
        "SentimentWord": "6",
        "SentimentPolarity": "1"
      },
      {
        "Aspect": "기능",
        "SentimentText": "그리고 물이 생기는게 신기하네요 작동이 잘되고있구나 싶어 만족합니다^^",
        "SentimentWord": "8",
        "SentimentPolarity": "1"
      }
    ]
  },
  {
    "Index": "45096",
    "RawText": "기대했던 만큼 제습도 잘되고 잘작동해서 좋았어요 디자인도 예쁘고 흔하지 않아서 좋습니다. 이동도 어렵지 않고 편리한점이 마음에 드네요",
    "Source": "쇼핑몰",
    "Domain": "가전",
    "MainCategory": "계절가전",
    "ProductName": "휘센 LG전자 DQ160PPBC",
    "ReviewScore": "5",
    "Syllable": "74",
    "Word": "17",
    "RDate": "20210823",
    "GeneralPolarity": "1",
    "Aspects": [
      {
        "Aspect": "기능",
        "SentimentText": "기대했던 만큼 제습도 잘되고 잘작동해서 좋았어요",
        "SentimentWord": "6",
        "SentimentPolarity": "1"
      },
      {
        "Aspect": "디자인",
        "SentimentText": "디자인도 예쁘고 흔하지 않아서 좋습니다",
        "SentimentWord": "5",
        "SentimentPolarity": "1"
      },
      {
        "Aspect": "편의성",
        "SentimentText": "이동도 어렵지 않고 편리한점이 마음에 드네요 ",
        "SentimentWord": "6",
        "SentimentPolarity": "1"
      }
    ]
  },
  {
    "Index": "45097",
    "RawText": "조금만 더 저렴했으면 하는 아쉬움이.... 비싼감이 있어서 부담이 되었어요 그래도 인버터운전이있어 조용하고 소음없이니 만족해요",
    "Source": "쇼핑몰",
    "Domain": "가전",
    "MainCategory": "계절가전",
    "ProductName": "휘센 LG전자 DQ160PPBC",
    "ReviewScore": "5",
    "Syllable": "70",
    "Word": "14",
    "RDate": "20210313",
    "GeneralPolarity": "0",
    "Aspects": [
      {
        "Aspect": "가격",
        "SentimentText": "조금만 더 저렴했으면 하는 아쉬움이.... 비싼감이 있어서 부담이 되었어요",
        "SentimentWord": "9",
        "SentimentPolarity": "-1"
      },
      {
        "Aspect": "소음",
        "SentimentText": "그래도 인버터운전이있어 조용하고 소음없이니 만족해요 ",
        "SentimentWord": "5",
        "SentimentPolarity": "1"
      }
    ]
  },
  {
    "Index": "45099",
    "RawText": "가격이 오르기전에 할인된 가격으로 구매해서 좋아요. 성능이 좋고 제습력도 강해서 습기가 사라졌다고 엄마께서 만족해하십니다.",
    "Source": "쇼핑몰",
    "Domain": "가전",
    "MainCategory": "계절가전",
    "ProductName": "휘센 LG전자 DQ160PPBC",
    "ReviewScore": "5",
    "Syllable": "68",
    "Word": "14",
    "RDate": "20200809",
    "GeneralPolarity": "1",
    "Aspects": [
      {
        "Aspect": "가격",
        "SentimentText": "가격이 오르기전에 할인된 가격으로 구매해서 좋아요. ",
        "SentimentWord": "6",
        "SentimentPolarity": "1"
      },
      {
        "Aspect": "기능",
        "SentimentText": "성능이 좋고 제습력도 강해서 습기가 사라졌다고 엄마께서 만족해하십니다.",
        "SentimentWord": "8",
        "SentimentPolarity": "1"
      }
    ]
  },
  {
    "Index": "45100",
    "RawText": "개인적으로 소음이 시끄럽게 느껴져서 아쉽네요 다만 성능이 좋아서 효과는 제대로 보는것같아서 좋습니다",
    "Source": "쇼핑몰",
    "Domain": "가전",
    "MainCategory": "계절가전",
    "ProductName": "휘센 LG전자 DQ160PPBC",
    "ReviewScore": "4",
    "Syllable": "55",
    "Word": "12",
    "RDate": "20210603",
    "GeneralPolarity": "0",
    "Aspects": [
      {
        "Aspect": "소음",
        "SentimentText": "개인적으로 소음이 시끄럽게 느껴져서 아쉽네요",
        "SentimentWord": "5",
        "SentimentPolarity": "-1"
      },
      {
        "Aspect": "기능",
        "SentimentText": "다만 성능이 좋아서 효과는 제대로 보는것같아서 좋습니다",
        "SentimentWord": "7",
        "SentimentPolarity": "1"
      }
    ]
  },
  {
    "Index": "45101",
    "RawText": "헉 쿠폰으로 저렴하게 구입한줄 알았는데 가격이 더 떨어져서 아쉽군요 ... 그래도 기능도 많고 다양하니 믿고 잘 쓸수 있어서 좋습니다.",
    "Source": "쇼핑몰",
    "Domain": "가전",
    "MainCategory": "계절가전",
    "ProductName": "휘센 LG전자 DQ160PPBC",
    "ReviewScore": "4",
    "Syllable": "75",
    "Word": "19",
    "RDate": "20210207",
    "GeneralPolarity": "0",
    "Aspects": [
      {
        "Aspect": "가격",
        "SentimentText": "헉 쿠폰으로 저렴하게 구입한줄 알았는데 가격이 더 떨어져서 아쉽군요 ... ",
        "SentimentWord": "10",
        "SentimentPolarity": "-1"
      },
      {
        "Aspect": "기능",
        "SentimentText": "그래도 기능도 많고 다양하니 믿고 잘 쓸수 있어서 좋습니다. ",
        "SentimentWord": "9",
        "SentimentPolarity": "1"
      }
    ]
  },
  {
    "Index": "45102",
    "RawText": "손잡이 컬러로 가격이 더 비싼게 아쉬웠네요 그래도 기능도 많고 활용도가 높아서 만족합니다.",
    "Source": "쇼핑몰",
    "Domain": "가전",
    "MainCategory": "계절가전",
    "ProductName": "휘센 LG전자 DQ160PPBC",
    "ReviewScore": "5",
    "Syllable": "50",
    "Word": "12",
    "RDate": "20210727",
    "GeneralPolarity": "0",
    "Aspects": [
      {
        "Aspect": "가격",
        "SentimentText": "손잡이 컬러로 가격이 더 비싼게 아쉬웠네요 ",
        "SentimentWord": "6",
        "SentimentPolarity": "-1"
      },
      {
        "Aspect": "기능",
        "SentimentText": "그래도 기능도 많고 활용도가 높아서 만족합니다. ",
        "SentimentWord": "6",
        "SentimentPolarity": "1"
      }
    ]
  },
  {
    "Index": "45103",
    "RawText": "빅세일 기간에 구매해서 좋고요~ 스마트폰으로도 조작할 수 있어서 좋고 디자인도 예뻐서 좋아요^^",
    "Source": "쇼핑몰",
    "Domain": "가전",
    "MainCategory": "계절가전",
    "ProductName": "휘센 LG전자 DQ160PPBC",
    "ReviewScore": "5",
    "Syllable": "53",
    "Word": "12",
    "RDate": "20210218",
    "GeneralPolarity": "1",
    "Aspects": [
      {
        "Aspect": "가격",
        "SentimentText": "빅세일 기간에 구매해서 좋고요~ ",
        "SentimentWord": "4",
        "SentimentPolarity": "1"
      },
      {
        "Aspect": "조작성",
        "SentimentText": "스마트폰으로도 조작할 수 있어서 좋고",
        "SentimentWord": "5",
        "SentimentPolarity": "1"
      },
      {
        "Aspect": "디자인",
        "SentimentText": "디자인도 예뻐서 좋아요^^",
        "SentimentWord": "3",
        "SentimentPolarity": "1"
      }
    ]
  },
  {
    "Index": "45104",
    "RawText": "제습이 정말 빨리 되는것같아서 만족해요 소음도 거의없고 조용하니 참 좋습니다.",
    "Source": "쇼핑몰",
    "Domain": "가전",
    "MainCategory": "계절가전",
    "ProductName": "휘센 LG전자 DQ162PBBC",
    "ReviewScore": "5",
    "Syllable": "43",
    "Word": "10",
    "RDate": "20220811",
    "GeneralPolarity": "1",
    "Aspects": [
      {
        "Aspect": "시간/속도",
        "SentimentText": "제습이 정말 빨리 되는것같아서 만족해요",
        "SentimentWord": "5",
        "SentimentPolarity": "1"
      },
      {
        "Aspect": "소음",
        "SentimentText": "소음도 거의없고 조용하니 참 좋습니다. ",
        "SentimentWord": "5",
        "SentimentPolarity": "1"
      }
    ]
  },
  {
    "Index": "45105",
    "RawText": "외관상의 하자도 없고 마감도 깔끔하니 너무 좋으네요 물도 엄청나오는걸보니 성능이 좋은것같아서 만족해요",
    "Source": "쇼핑몰",
    "Domain": "가전",
    "MainCategory": "계절가전",
    "ProductName": "휘센 LG전자 DQ162PBBC",
    "ReviewScore": "5",
    "Syllable": "56",
    "Word": "12",
    "RDate": "20220711",
    "GeneralPolarity": "1",
    "Aspects": [
      {
        "Aspect": "품질",
        "SentimentText": "외관상의 하자도 없고 마감도 깔끔하니 너무 좋으네요",
        "SentimentWord": "7",
        "SentimentPolarity": "1"
      },
      {
        "Aspect": "기능",
        "SentimentText": "물도 엄청나오는걸보니 성능이 좋은것같아서 만족해요 ",
        "SentimentWord": "5",
        "SentimentPolarity": "1"
      }
    ]
  },
  {
    "Index": "45106",
    "RawText": "스마튼폰으로 조작할 수 있어서 너무 좋네요. 소음도 거의 없어서 좋고요~ 디자인도 슬림해서 너무 마음에 듭니다~",
    "Source": "쇼핑몰",
    "Domain": "가전",
    "MainCategory": "계절가전",
    "ProductName": "휘센 LG전자 DQ162PBBC",
    "ReviewScore": "5",
    "Syllable": "62",
    "Word": "15",
    "RDate": "20220819",
    "GeneralPolarity": "1",
    "Aspects": [
      {
        "Aspect": "조작성",
        "SentimentText": "스마튼폰으로 조작할 수 있어서 너무 좋네요. ",
        "SentimentWord": "6",
        "SentimentPolarity": "1"
      },
      {
        "Aspect": "소음",
        "SentimentText": "소음도 거의 없어서 좋고요~",
        "SentimentWord": "4",
        "SentimentPolarity": "1"
      },
      {
        "Aspect": "디자인",
        "SentimentText": "디자인도 슬림해서 너무 마음에 듭니다~",
        "SentimentWord": "5",
        "SentimentPolarity": "1"
      }
    ]
  },
  {
    "Index": "45107",
    "RawText": "신발,옷장,연속배수호스는 별도로 구매해야 하다니... 황당하네요ㅜ 가격이 너무 비싸네요ㅠ 빠진게 한두가지도 아닌데 너무해요ㅠ 물통 크기도 생각보다 작아서 실망이예요ㅠㅠ",
    "Source": "쇼핑몰",
    "Domain": "가전",
    "MainCategory": "계절가전",
    "ProductName": "휘센 LG전자 DQ162PBBC",
    "ReviewScore": "3",
    "Syllable": "93",
    "Word": "17",
    "RDate": "20220713",
    "GeneralPolarity": "-1",
    "Aspects": [
      {
        "Aspect": "제품구성",
        "SentimentText": "신발,옷장,연속배수호스는 별도로 구매해야 하다니... 황당하네요ㅜ",
        "SentimentWord": "5",
        "SentimentPolarity": "-1"
      },
      {
        "Aspect": "가격",
        "SentimentText": "가격이 너무 비싸네요ㅠ 빠진게 한두가지도 아닌데 너무해요ㅠ",
        "SentimentWord": "7",
        "SentimentPolarity": "-1"
      },
      {
        "Aspect": "용량",
        "SentimentText": "물통 크기도 생각보다 작아서 실망이예요ㅠㅠ",
        "SentimentWord": "5",
        "SentimentPolarity": "-1"
      }
    ]
  },
  {
    "Index": "45108",
    "RawText": "가격이 좋게 나와서 얼른 구매하길 잘했어요 조용해서 밤에도 거슬리지 않고 좋습니다. 그리고 기능도 많은데 제습도 빨라서 아주 최고예요",
    "Source": "쇼핑몰",
    "Domain": "가전",
    "MainCategory": "계절가전",
    "ProductName": "휘센 LG전자 DQ162PBBC",
    "ReviewScore": "5",
    "Syllable": "74",
    "Word": "18",
    "RDate": "20220728",
    "GeneralPolarity": "1",
    "Aspects": [
      {
        "Aspect": "가격",
        "SentimentText": "가격이 좋게 나와서 얼른 구매하길 잘했어요",
        "SentimentWord": "6",
        "SentimentPolarity": "1"
      },
      {
        "Aspect": "소음",
        "SentimentText": "조용해서 밤에도 거슬리지 않고 좋습니다.",
        "SentimentWord": "5",
        "SentimentPolarity": "1"
      },
      {
        "Aspect": "기능",
        "SentimentText": "그리고 기능도 많은데 제습도 빨라서 아주 최고예요 ",
        "SentimentWord": "7",
        "SentimentPolarity": "1"
      }
    ]
  },
  {
    "Index": "45109",
    "RawText": "선물했는데 기능이 다양해서 활용도가 높으니 잘 사용하고 계시네요~ 단, 오래사용하면 열감이 느껴지는건 아쉽네요",
    "Source": "쇼핑몰",
    "Domain": "가전",
    "MainCategory": "계절가전",
    "ProductName": "휘센 LG전자 DQ162PBBC",
    "ReviewScore": "5",
    "Syllable": "61",
    "Word": "13",
    "RDate": "20220809",
    "GeneralPolarity": "0",
    "Aspects": [
      {
        "Aspect": "기능",
        "SentimentText": "선물했는데 기능이 다양해서 활용도가 높으니 잘 사용하고 계시네요~",
        "SentimentWord": "8",
        "SentimentPolarity": "1"
      },
      {
        "Aspect": "내구성",
        "SentimentText": "단, 오래사용하면 열감이 느껴지는건 아쉽네요",
        "SentimentWord": "5",
        "SentimentPolarity": "-1"
      }
    ]
  },
  {
    "Index": "45110",
    "RawText": "역시 제습기는 ooo~ 최고에요 후회 없습니다~ 성능 진짜 좋아요, 눅눅했던 집이 살아납니다",
    "Source": "쇼핑몰",
    "Domain": "가전",
    "MainCategory": "계절가전",
    "ProductName": "휘센 LG전자 DQ162PBBC",
    "ReviewScore": "5",
    "Syllable": "51",
    "Word": "12",
    "RDate": "20220714",
    "GeneralPolarity": "1",
    "Aspects": [
      {
        "Aspect": "제조일/제조사",
        "SentimentText": "역시 제습기는 ooo~ 최고에요 ",
        "SentimentWord": "4",
        "SentimentPolarity": "1"
      },
      {
        "Aspect": "기능",
        "SentimentText": "성능 진짜 좋아요, 눅눅했던 집이 살아납니다",
        "SentimentWord": "6",
        "SentimentPolarity": "1"
      }
    ]
  },
  {
    "Index": "45111",
    "RawText": "품질이 기스 하나 없이 퀄리티가 아주 만족스러워요 그리고 저렴한 가격에 구매할 수있어서 만족합니다.",
    "Source": "쇼핑몰",
    "Domain": "가전",
    "MainCategory": "계절가전",
    "ProductName": "휘센 LG전자 DQ162PBBC",
    "ReviewScore": "5",
    "Syllable": "55",
    "Word": "13",
    "RDate": "20220719",
    "GeneralPolarity": "1",
    "Aspects": [
      {
        "Aspect": "품질",
        "SentimentText": "품질이 기스 하나 없이 퀄리티가 아주 만족스러워요 ",
        "SentimentWord": "7",
        "SentimentPolarity": "1"
      },
      {
        "Aspect": "가격",
        "SentimentText": "그리고 저렴한 가격에 구매할 수있어서 만족합니다. ",
        "SentimentWord": "6",
        "SentimentPolarity": "1"
      }
    ]
  },
  {
    "Index": "45112",
    "RawText": "세일 기간에 구매해서 저렴하게 샀어요!! ooo는 뭐 하나 빠지는 거 없이 좋네요~!! 소리도 조용하고 아주 마음에 듭니다.",
    "Source": "쇼핑몰",
    "Domain": "가전",
    "MainCategory": "계절가전",
    "ProductName": "휘센 LG전자 DQ162PBBC",
    "ReviewScore": "5",
    "Syllable": "69",
    "Word": "17",
    "RDate": "20220712",
    "GeneralPolarity": "1",
    "Aspects": [
      {
        "Aspect": "가격",
        "SentimentText": "세일 기간에 구매해서 저렴하게 샀어요!! ",
        "SentimentWord": "5",
        "SentimentPolarity": "1"
      },
      {
        "Aspect": "제조일/제조사",
        "SentimentText": "ooo는 뭐 하나 빠지는 거 없이 좋네요~!!",
        "SentimentWord": "7",
        "SentimentPolarity": "1"
      },
      {
        "Aspect": "소음",
        "SentimentText": "소리도 조용하고 아주 마음에 듭니다.",
        "SentimentWord": "5",
        "SentimentPolarity": "1"
      }
    ]
  },
  {
    "Index": "45115",
    "RawText": "진~~~~짜 모양도 예뻐서 좋습니다. 그리고 습한고통에 있었는데 집이 뽀송하고 아주 좋네요",
    "Source": "쇼핑몰",
    "Domain": "가전",
    "MainCategory": "계절가전",
    "ProductName": "휘센 LG전자 DQ162PBBC",
    "ReviewScore": "5",
    "Syllable": "50",
    "Word": "11",
    "RDate": "20220805",
    "GeneralPolarity": "1",
    "Aspects": [
      {
        "Aspect": "디자인",
        "SentimentText": "진~~~~짜 모양도 예뻐서 좋습니다. ",
        "SentimentWord": "4",
        "SentimentPolarity": "1"
      },
      {
        "Aspect": "기능",
        "SentimentText": "그리고 습한고통에 있었는데 집이 뽀송하고 아주 좋네요",
        "SentimentWord": "7",
        "SentimentPolarity": "1"
      }
    ]
  },
  {
    "Index": "45116",
    "RawText": "자동 건조 기능이 있어서 만족하고 있고요~ 손잡이 부분 색상이 사진보다 안 예쁘네요..",
    "Source": "쇼핑몰",
    "Domain": "가전",
    "MainCategory": "계절가전",
    "ProductName": "휘센 LG전자 DQ162PGUA",
    "ReviewScore": "4",
    "Syllable": "48",
    "Word": "12",
    "RDate": "20220822",
    "GeneralPolarity": "0",
    "Aspects": [
      {
        "Aspect": "기능",
        "SentimentText": "자동 건조 기능이 있어서 만족하고 있고요~",
        "SentimentWord": "6",
        "SentimentPolarity": "1"
      },
      {
        "Aspect": "색상",
        "SentimentText": "손잡이 부분 색상이 사진보다 안 예쁘네요..",
        "SentimentWord": "6",
        "SentimentPolarity": "-1"
      }
    ]
  },
  {
    "Index": "45117",
    "RawText": "물통 용량도 적당하고 쓰기 좋네요. 무게는 상당합니다.. 들었는데 너무 무겁네요",
    "Source": "쇼핑몰",
    "Domain": "가전",
    "MainCategory": "계절가전",
    "ProductName": "휘센 LG전자 DQ162PGUA",
    "ReviewScore": "5",
    "Syllable": "44",
    "Word": "10",
    "RDate": "20220622",
    "GeneralPolarity": "0",
    "Aspects": [
      {
        "Aspect": "용량",
        "SentimentText": "물통 용량도 적당하고 쓰기 좋네요. ",
        "SentimentWord": "5",
        "SentimentPolarity": "1"
      },
      {
        "Aspect": "무게",
        "SentimentText": "무게는 상당합니다.. 들었는데 너무 무겁네요",
        "SentimentWord": "5",
        "SentimentPolarity": "-1"
      }
    ]
  },
  {
    "Index": "45118",
    "RawText": "소음이 적어서 평온하고 좋습니다. 그리고  원격제어가능함과 연속배수, 자동건조기능까지 탑재되어 있는점이 활용도가 좋았습니다. 또한 넉넉한 물통용량이 아주 좋네요  인버터1등급효율로 전기세절감이 아주 만족스러워요",
    "Source": "쇼핑몰",
    "Domain": "가전",
    "MainCategory": "계절가전",
    "ProductName": "휘센 LG전자 DQ162PGUA",
    "ReviewScore": "5",
    "Syllable": "117",
    "Word": "21",
    "RDate": "20220825",
    "GeneralPolarity": "1",
    "Aspects": [
      {
        "Aspect": "소음",
        "SentimentText": "소음이 적어서 평온하고 좋습니다. ",
        "SentimentWord": "4",
        "SentimentPolarity": "1"
      },
      {
        "Aspect": "기능",
        "SentimentText": "그리고 원격제어가능함과 연속배수, 자동건조기능까지 탑재되어 있는점이 활용도가 좋았습니다. ",
        "SentimentWord": "8",
        "SentimentPolarity": "1"
      },
      {
        "Aspect": "용량",
        "SentimentText": "또한 넉넉한 물통용량이 아주 좋네요 ",
        "SentimentWord": "5",
        "SentimentPolarity": "1"
      },
      {
        "Aspect": "소비전력",
        "SentimentText": "인버터1등급효율로 전기세절감이 아주 만족스러워요",
        "SentimentWord": "4",
        "SentimentPolarity": "1"
      }
    ]
  },
  {
    "Index": "45120",
    "RawText": "진짜 소음이 거의 없어요! 완전 추천합니다. 역시 가전 제품은 ooo가 최고에요 강추~",
    "Source": "쇼핑몰",
    "Domain": "가전",
    "MainCategory": "계절가전",
    "ProductName": "휘센 LG전자 DQ162PGUA",
    "ReviewScore": "5",
    "Syllable": "48",
    "Word": "12",
    "RDate": "20220705",
    "GeneralPolarity": "1",
    "Aspects": [
      {
        "Aspect": "소음",
        "SentimentText": "진짜 소음이 거의 없어요! 완전 추천합니다. ",
        "SentimentWord": "6",
        "SentimentPolarity": "1"
      },
      {
        "Aspect": "제조일/제조사",
        "SentimentText": "역시 가전 제품은 ooo가 최고에요 강추~",
        "SentimentWord": "6",
        "SentimentPolarity": "1"
      }
    ]
  },
  {
    "Index": "45121",
    "RawText": "건조 기능이 있어서 아주 좋아요. 스마트폰으로도 조작할 수 있어서 만족하며 쓰고 있습니다~",
    "Source": "쇼핑몰",
    "Domain": "가전",
    "MainCategory": "계절가전",
    "ProductName": "휘센 LG전자 DQ162PGUA",
    "ReviewScore": "5",
    "Syllable": "50",
    "Word": "12",
    "RDate": "20220705",
    "GeneralPolarity": "1",
    "Aspects": [
      {
        "Aspect": "기능",
        "SentimentText": "건조 기능이 있어서 아주 좋아요. ",
        "SentimentWord": "5",
        "SentimentPolarity": "1"
      },
      {
        "Aspect": "조작성",
        "SentimentText": "스마트폰으로도 조작할 수 있어서 만족하며 쓰고 있습니다~",
        "SentimentWord": "7",
        "SentimentPolarity": "1"
      }
    ]
  },
  {
    "Index": "45122",
    "RawText": "바퀴가 있어서 이동하기 편합니다. 살균 기능이 있어서 소독 되는 기분이라 좋네요~",
    "Source": "쇼핑몰",
    "Domain": "가전",
    "MainCategory": "계절가전",
    "ProductName": "휘센 LG전자 DQ162PGUA",
    "ReviewScore": "5",
    "Syllable": "45",
    "Word": "11",
    "RDate": "20220813",
    "GeneralPolarity": "1",
    "Aspects": [
      {
        "Aspect": "편의성",
        "SentimentText": "바퀴가 있어서 이동하기 편합니다. ",
        "SentimentWord": "4",
        "SentimentPolarity": "1"
      },
      {
        "Aspect": "기능",
        "SentimentText": "살균 기능이 있어서 소독 되는 기분이라 좋네요~",
        "SentimentWord": "7",
        "SentimentPolarity": "1"
      }
    ]
  },
  {
    "Index": "45123",
    "RawText": "마감도 깔끔한 것이 품질이 아주 좋네요. 가격은 비싸서 조금 내렸으면 하는 바람입니다..",
    "Source": "쇼핑몰",
    "Domain": "가전",
    "MainCategory": "계절가전",
    "ProductName": "휘센 LG전자 DQ162PGUA",
    "ReviewScore": "5",
    "Syllable": "49",
    "Word": "12",
    "RDate": "20220725",
    "GeneralPolarity": "0",
    "Aspects": [
      {
        "Aspect": "품질",
        "SentimentText": "마감도 깔끔한 것이 품질이 아주 좋네요.",
        "SentimentWord": "6",
        "SentimentPolarity": "1"
      },
      {
        "Aspect": "가격",
        "SentimentText": "가격은 비싸서 조금 내렸으면 하는 바람입니다..",
        "SentimentWord": "6",
        "SentimentPolarity": "-1"
      }
    ]
  },
  {
    "Index": "45124",
    "RawText": "가격이 비싸요 좀 저렴했으면 하는 아쉬움이 남네요 그리고 물통이 플라스틱 소재라 부딪히면 깨질까하는 걱정스러움이 있네요 ㅠ",
    "Source": "쇼핑몰",
    "Domain": "가전",
    "MainCategory": "계절가전",
    "ProductName": "휘센 LG전자 DQ162PGUA",
    "ReviewScore": "5",
    "Syllable": "68",
    "Word": "16",
    "RDate": "20220718",
    "GeneralPolarity": "-1",
    "Aspects": [
      {
        "Aspect": "가격",
        "SentimentText": "가격이 비싸요 좀 저렴했으면 하는 아쉬움이 남네요 ",
        "SentimentWord": "7",
        "SentimentPolarity": "-1"
      },
      {
        "Aspect": "소재",
        "SentimentText": "그리고 물통이 플라스틱 소재라 부딪히면 깨질까하는 걱정스러움이 있네요 ㅠ",
        "SentimentWord": "9",
        "SentimentPolarity": "-1"
      }
    ]
  },
  {
    "Index": "45127",
    "RawText": "물통이 생각보다 작아서 물을 수시로 비워내야 하니 번거롭네요.. 그래도 제습기능은 아주 강력해서 집이 쾌적하고, 소리도 거의 안나서 밤에 돌려도 문제없어서 좋고요, 전기세도 1등급이라 덜 나가니 좋네요",
    "Source": "쇼핑몰",
    "Domain": "가전",
    "MainCategory": "계절가전",
    "ProductName": "휘센 LG전자 DQ162PGUA",
    "ReviewScore": "4",
    "Syllable": "112",
    "Word": "26",
    "RDate": "20220825",
    "GeneralPolarity": "0",
    "Aspects": [
      {
        "Aspect": "용량",
        "SentimentText": "물통이 생각보다 작아서 물을 수시로 비워내야 하니 번거롭네요.. ",
        "SentimentWord": "8",
        "SentimentPolarity": "-1"
      },
      {
        "Aspect": "기능",
        "SentimentText": "그래도 제습기능은 아주 강력해서 집이 쾌적하고, ",
        "SentimentWord": "6",
        "SentimentPolarity": "1"
      },
      {
        "Aspect": "소음",
        "SentimentText": "소리도 거의 안나서 밤에 돌려도 문제없어서 좋고요,",
        "SentimentWord": "7",
        "SentimentPolarity": "1"
      },
      {
        "Aspect": "소비전력",
        "SentimentText": "전기세도 1등급이라 덜 나가니 좋네요",
        "SentimentWord": "5",
        "SentimentPolarity": "1"
      }
    ]
  },
  {
    "Index": "45129",
    "RawText": "디자인도 예쁘고 심플해서 제가 원하는 스타일로 마음에 들어요 그리고 간단한 기능들이 아주 사용하기 편리해서 만족해요",
    "Source": "쇼핑몰",
    "Domain": "가전",
    "MainCategory": "계절가전",
    "ProductName": "휘센 LG전자 DQ162PGUA",
    "ReviewScore": "5",
    "Syllable": "64",
    "Word": "15",
    "RDate": "20220814",
    "GeneralPolarity": "1",
    "Aspects": [
      {
        "Aspect": "디자인",
        "SentimentText": "디자인도 예쁘고 심플해서 제가 원하는 스타일로 마음에 들어요",
        "SentimentWord": "8",
        "SentimentPolarity": "1"
      },
      {
        "Aspect": "편의성",
        "SentimentText": "그리고 간단한 기능들이 아주 사용하기 편리해서 만족해요 ",
        "SentimentWord": "7",
        "SentimentPolarity": "1"
      }
    ]
  },
  {
    "Index": "45130",
    "RawText": "소음이 적어서 조용하니까 좋아요 오래 사용해도 뜨거워지지 않아서 좋네요 배수통도 크니까 연속배수도 되니까 아주 좋음요 신발건조용 키트도 구성되어있어서 아주 만족합니다.^^",
    "Source": "쇼핑몰",
    "Domain": "가전",
    "MainCategory": "계절가전",
    "ProductName": "휘센 LG전자 DQ162PGUA",
    "ReviewScore": "5",
    "Syllable": "95",
    "Word": "20",
    "RDate": "20220822",
    "GeneralPolarity": "1",
    "Aspects": [
      {
        "Aspect": "소음",
        "SentimentText": "소음이 적어서 조용하니까 좋아요",
        "SentimentWord": "4",
        "SentimentPolarity": "1"
      },
      {
        "Aspect": "내구성",
        "SentimentText": "오래 사용해도 뜨거워지지 않아서 좋네요",
        "SentimentWord": "5",
        "SentimentPolarity": "1"
      },
      {
        "Aspect": "용량",
        "SentimentText": "배수통도 크니까 연속배수도 되니까 아주 좋음요",
        "SentimentWord": "6",
        "SentimentPolarity": "1"
      },
      {
        "Aspect": "제품구성",
        "SentimentText": "신발건조용 키트도 구성되어있어서 아주 만족합니다.^^",
        "SentimentWord": "5",
        "SentimentPolarity": "1"
      }
    ]
  },
  {
    "Index": "45131",
    "RawText": "제습기 소음이 크지 않아서 다행입니다. 제습도 잘되서 보송보송 너무 만족해요~~~ ",
    "Source": "쇼핑몰",
    "Domain": "가전",
    "MainCategory": "계절가전",
    "ProductName": "휘센 LG전자 DQ162PGUA",
    "ReviewScore": "5",
    "Syllable": "46",
    "Word": "10",
    "RDate": "20220704",
    "GeneralPolarity": "1",
    "Aspects": [
      {
        "Aspect": "소음",
        "SentimentText": "제습기 소음이 크지 않아서 다행입니다. ",
        "SentimentWord": "5",
        "SentimentPolarity": "1"
      },
      {
        "Aspect": "기능",
        "SentimentText": "제습도 잘되서 보송보송 너무 만족해요~~~",
        "SentimentWord": "5",
        "SentimentPolarity": "1"
      }
    ]
  },
  {
    "Index": "45133",
    "RawText": "스마트폰으로 조작 할 수 있어서 너무 좋네요. 소리도 조용하니 마음 까지 편안해 집니다.",
    "Source": "쇼핑몰",
    "Domain": "가전",
    "MainCategory": "계절가전",
    "ProductName": "휘센 LG전자 DQ162PGUA",
    "ReviewScore": "5",
    "Syllable": "49",
    "Word": "13",
    "RDate": "20220622",
    "GeneralPolarity": "1",
    "Aspects": [
      {
        "Aspect": "조작성",
        "SentimentText": "스마트폰으로 조작 할 수 있어서 너무 좋네요.",
        "SentimentWord": "7",
        "SentimentPolarity": "1"
      },
      {
        "Aspect": "소음",
        "SentimentText": "소리도 조용하니 마음 까지 편안해 집니다.",
        "SentimentWord": "6",
        "SentimentPolarity": "1"
      }
    ]
  },
  {
    "Index": "45134",
    "RawText": "건조기능이 있어서 빨래가 아주 잘 마르고요. 스마트폰으로 조작 가능하니까 좋네요^^",
    "Source": "쇼핑몰",
    "Domain": "가전",
    "MainCategory": "계절가전",
    "ProductName": "휘센 LG전자 DQ162PGUA",
    "ReviewScore": "5",
    "Syllable": "46",
    "Word": "10",
    "RDate": "20220609",
    "GeneralPolarity": "1",
    "Aspects": [
      {
        "Aspect": "기능",
        "SentimentText": "건조기능이 있어서 빨래가 아주 잘 마르고요. ",
        "SentimentWord": "6",
        "SentimentPolarity": "1"
      },
      {
        "Aspect": "조작성",
        "SentimentText": "스마트폰으로 조작 가능하니까 좋네요^^",
        "SentimentWord": "4",
        "SentimentPolarity": "1"
      }
    ]
  },
  {
    "Index": "45137",
    "RawText": "물통을 넣고 빼는것도 불편하고 옆으로 물이 흐리기도 해서 별로예요 ㅠㅜ 다른건 기능도 많고 잘 작동해서 좋습니다.  ",
    "Source": "쇼핑몰",
    "Domain": "가전",
    "MainCategory": "계절가전",
    "ProductName": "휘센 LG전자 DQ162PGUA",
    "ReviewScore": "5",
    "Syllable": "65",
    "Word": "16",
    "RDate": "20220817",
    "GeneralPolarity": "0",
    "Aspects": [
      {
        "Aspect": "편의성",
        "SentimentText": "물통을 넣고 빼는것도 불편하고 옆으로 물이 흐리기도 해서 별로예요 ㅠㅜ",
        "SentimentWord": "10",
        "SentimentPolarity": "-1"
      },
      {
        "Aspect": "기능",
        "SentimentText": "다른건 기능도 많고 잘 작동해서 좋습니다. ",
        "SentimentWord": "6",
        "SentimentPolarity": "1"
      }
    ]
  },
  {
    "Index": "45138",
    "RawText": "1등급이라 전기세 걱정을 덜 할 수 있어서 좋고요. 성능이 좋아서 물통이 아주 금방 차고 집이 뽀송해지네요~",
    "Source": "쇼핑몰",
    "Domain": "가전",
    "MainCategory": "계절가전",
    "ProductName": "휘센 LG전자 DQ162PGUA",
    "ReviewScore": "5",
    "Syllable": "60",
    "Word": "16",
    "RDate": "20220630",
    "GeneralPolarity": "1",
    "Aspects": [
      {
        "Aspect": "소비전력",
        "SentimentText": "1등급이라 전기세 걱정을 덜 할 수 있어서 좋고요",
        "SentimentWord": "8",
        "SentimentPolarity": "1"
      },
      {
        "Aspect": "기능",
        "SentimentText": "성능이 좋아서 물통이 아주 금방 차고 집이 뽀송해지네요~",
        "SentimentWord": "8",
        "SentimentPolarity": "1"
      }
    ]
  },
  {
    "Index": "45139",
    "RawText": "제습기 용량은 적당해서 맘에 들어요. 제습도 잘되고 성능이 좋아요. 소음도 적고 조용해서 만족해요 역시 000제습기네요^^",
    "Source": "쇼핑몰",
    "Domain": "가전",
    "MainCategory": "계절가전",
    "ProductName": "휘센 LG전자 DQ162PGUA",
    "ReviewScore": "5",
    "Syllable": "68",
    "Word": "15",
    "RDate": "20220623",
    "GeneralPolarity": "1",
    "Aspects": [
      {
        "Aspect": "용량",
        "SentimentText": "제습기 용량은 적당해서 맘에 들어요.",
        "SentimentWord": "5",
        "SentimentPolarity": "1"
      },
      {
        "Aspect": "기능",
        "SentimentText": "제습도 잘되고 성능이 좋아요.",
        "SentimentWord": "4",
        "SentimentPolarity": "1"
      },
      {
        "Aspect": "소음",
        "SentimentText": "소음도 적고 조용해서 만족해요 역시 000제습기네요^^",
        "SentimentWord": "6",
        "SentimentPolarity": "1"
      }
    ]
  },
  {
    "Index": "45141",
    "RawText": "물이 고여 떨어지니 성능이 좋은것같아서 만족합니다. 다만 뜨겁게 열감이 느껴져서 불안했어요 ㅜ",
    "Source": "쇼핑몰",
    "Domain": "가전",
    "MainCategory": "계절가전",
    "ProductName": "휘센 LG전자 DQ162PGUA",
    "ReviewScore": "5",
    "Syllable": "52",
    "Word": "12",
    "RDate": "20220810",
    "GeneralPolarity": "0",
    "Aspects": [
      {
        "Aspect": "기능",
        "SentimentText": " 물이 고여 떨어지니 성능이 좋은것같아서 만족합니다. ",
        "SentimentWord": "6",
        "SentimentPolarity": "1"
      },
      {
        "Aspect": "내구성",
        "SentimentText": "다만 뜨겁게 열감이 느껴져서 불안했어요 ㅜ",
        "SentimentWord": "6",
        "SentimentPolarity": "-1"
      }
    ]
  },
  {
    "Index": "45143",
    "RawText": "제습기 작동 잘되어 금방 건조해지는게 맘에 드네요. 손잡이 컬러가 골드핑크컬러라 세련됬어요^^신발건조키트도 함께 보내주셔서 감사해요.",
    "Source": "쇼핑몰",
    "Domain": "가전",
    "MainCategory": "계절가전",
    "ProductName": "휘센 LG전자 DQ162PGUA",
    "ReviewScore": "5",
    "Syllable": "74",
    "Word": "14",
    "RDate": "20220622",
    "GeneralPolarity": "1",
    "Aspects": [
      {
        "Aspect": "기능",
        "SentimentText": "제습기 작동 잘되어 금방 건조해지는게 맘에 드네요.",
        "SentimentWord": "7",
        "SentimentPolarity": "1"
      },
      {
        "Aspect": "색상",
        "SentimentText": "손잡이 컬러가 골드핑크컬러라 세련됬어요^^",
        "SentimentWord": "4",
        "SentimentPolarity": "1"
      },
      {
        "Aspect": "제품구성",
        "SentimentText": "신발건조키트도 함께 보내주셔서 감사해요.",
        "SentimentWord": "4",
        "SentimentPolarity": "1"
      }
    ]
  },
  {
    "Index": "45145",
    "RawText": "제습기 성능이 아주 좋아요 뽀송뽀송해지네요 ^^ 그리고 신발건조 부속도 있는점이 마음에 들었습니다~",
    "Source": "쇼핑몰",
    "Domain": "가전",
    "MainCategory": "계절가전",
    "ProductName": "휘센 LG전자 DQ162PGUA",
    "ReviewScore": "5",
    "Syllable": "55",
    "Word": "12",
    "RDate": "20220811",
    "GeneralPolarity": "1",
    "Aspects": [
      {
        "Aspect": "기능",
        "SentimentText": "제습기 성능이 아주 좋아요 뽀송뽀송해지네요 ^^ ",
        "SentimentWord": "6",
        "SentimentPolarity": "1"
      },
      {
        "Aspect": "제품구성",
        "SentimentText": "그리고 신발건조 부속도 있는점이 마음에 들었습니다~",
        "SentimentWord": "6",
        "SentimentPolarity": "1"
      }
    ]
  },
  {
    "Index": "45146",
    "RawText": "제품의 외관도 깔끔하고 하자없이 받아서 너무 좋았어요 그리고 가격도 이정도면 적당해서 만족한답니다^^",
    "Source": "쇼핑몰",
    "Domain": "가전",
    "MainCategory": "계절가전",
    "ProductName": "휘센 LG전자 DQ162PGUA",
    "ReviewScore": "5",
    "Syllable": "56",
    "Word": "12",
    "RDate": "20220727",
    "GeneralPolarity": "1",
    "Aspects": [
      {
        "Aspect": "품질",
        "SentimentText": "제품의 외관도 깔끔하고 하자없이 받아서 너무 좋았어요",
        "SentimentWord": "7",
        "SentimentPolarity": "1"
      },
      {
        "Aspect": "가격",
        "SentimentText": "그리고 가격도 이정도면 적당해서 만족한답니다^^",
        "SentimentWord": "5",
        "SentimentPolarity": "1"
      }
    ]
  },
  {
    "Index": "45147",
    "RawText": "소음이 있어서 조금 거슬리기는 합니다.. 물이 금방 차는 거 보니 성능은 좋은 거 같아요",
    "Source": "쇼핑몰",
    "Domain": "가전",
    "MainCategory": "계절가전",
    "ProductName": "휘센 LG전자 DQ162PGUA",
    "ReviewScore": "5",
    "Syllable": "49",
    "Word": "14",
    "RDate": "20220820",
    "GeneralPolarity": "0",
    "Aspects": [
      {
        "Aspect": "소음",
        "SentimentText": "소음이 있어서 조금 거슬리기는 합니다.. ",
        "SentimentWord": "5",
        "SentimentPolarity": "-1"
      },
      {
        "Aspect": "기능",
        "SentimentText": "물이 금방 차는 거 보니 성능은 좋은 거 같아요 ",
        "SentimentWord": "9",
        "SentimentPolarity": "1"
      }
    ]
  },
  {
    "Index": "45149",
    "RawText": "소리가 조용해서 밤에도 사용하기 아주 좋습니다. 제습력도 좋아서 빨래가 아주 바짝 잘 마르네요",
    "Source": "쇼핑몰",
    "Domain": "가전",
    "MainCategory": "계절가전",
    "ProductName": "휘센 LG전자 DQ162PGUA",
    "ReviewScore": "5",
    "Syllable": "52",
    "Word": "13",
    "RDate": "20220728",
    "GeneralPolarity": "1",
    "Aspects": [
      {
        "Aspect": "소음",
        "SentimentText": "소리가 조용해서 밤에도 사용하기 아주 좋습니다",
        "SentimentWord": "6",
        "SentimentPolarity": "1"
      },
      {
        "Aspect": "기능",
        "SentimentText": "제습력도 좋아서 빨래가 아주 바짝 잘 마르네요",
        "SentimentWord": "7",
        "SentimentPolarity": "1"
      }
    ]
  },
  {
    "Index": "45150",
    "RawText": "구형 타사제품보다 소리가 조용해서 시끄럽지 않아 만족해요. 뜨거운 바람도 생각했던 것 보다 적게 나와서 마음에 쏙~~~ 드네요.",
    "Source": "쇼핑몰",
    "Domain": "가전",
    "MainCategory": "계절가전",
    "ProductName": "휘센 LG전자 DQ162PGUA",
    "ReviewScore": "4",
    "Syllable": "71",
    "Word": "17",
    "RDate": "20220820",
    "GeneralPolarity": "1",
    "Aspects": [
      {
        "Aspect": "소음",
        "SentimentText": "소리가 조용해서 시끄럽지 않아 만족해요.",
        "SentimentWord": "5",
        "SentimentPolarity": "1"
      },
      {
        "Aspect": "기능",
        "SentimentText": "뜨거운 바람도 생각했던 것 보다 적게 나와서 마음에 쏙~~~ 드네요.",
        "SentimentWord": "10",
        "SentimentPolarity": "1"
      }
    ]
  },
  {
    "Index": "45151",
    "RawText": "송풍 기능도 따로 있어서 너무 만족스럽네요. 그런데 물통 용량이 생각보다 작아서 아쉬워요",
    "Source": "쇼핑몰",
    "Domain": "가전",
    "MainCategory": "계절가전",
    "ProductName": "휘센 LG전자 DQ162PGUA",
    "ReviewScore": "5",
    "Syllable": "49",
    "Word": "12",
    "RDate": "20220827",
    "GeneralPolarity": "0",
    "Aspects": [
      {
        "Aspect": "기능",
        "SentimentText": "송풍 기능도 따로 있어서 너무 만족스럽네요. ",
        "SentimentWord": "6",
        "SentimentPolarity": "1"
      },
      {
        "Aspect": "용량",
        "SentimentText": "그런데 물통 용량이 생각보다 작아서 아쉬워요",
        "SentimentWord": "6",
        "SentimentPolarity": "-1"
      }
    ]
  },
  {
    "Index": "45153",
    "RawText": "디자인이 상당히 예뻐요 실물로보니 더 그래서 만족해요 그리고 바퀴가 달려있기도해서 이동이 참 편리한점이 좋았습니다. 다만 물통비우고 다시 끼울때 뻑뻑하고 집중키트 호수길이가 짧아서 불편합니다 ㅜ",
    "Source": "쇼핑몰",
    "Domain": "가전",
    "MainCategory": "계절가전",
    "ProductName": "휘센 LG전자 DQ162PGUA",
    "ReviewScore": "4",
    "Syllable": "108",
    "Word": "24",
    "RDate": "20220802",
    "GeneralPolarity": "0",
    "Aspects": [
      {
        "Aspect": "디자인",
        "SentimentText": "디자인이 상당히 예뻐요 실물로보니 더 그래서 만족해요",
        "SentimentWord": "7",
        "SentimentPolarity": "1"
      },
      {
        "Aspect": "편의성",
        "SentimentText": "그리고 바퀴가 달려있기도해서 이동이 참 편리한점이 좋았습니다.",
        "SentimentWord": "7",
        "SentimentPolarity": "1"
      },
      {
        "Aspect": "편의성",
        "SentimentText": "다만 물통비우고 다시 끼울때 뻑뻑하고 집중키트 호수길이가 짧아서 불편합니다 ㅜ",
        "SentimentWord": "10",
        "SentimentPolarity": "-1"
      }
    ]
  },
  {
    "Index": "45154",
    "RawText": "가전은 역시 000!! 작동도 잘되고 제습기능이 훌륭해서 보송보송 정말 좋네요!! 제습기 작동시 나는 소음도 적어서 조용하고 좋아요.",
    "Source": "쇼핑몰",
    "Domain": "가전",
    "MainCategory": "계절가전",
    "ProductName": "휘센 LG전자 DQ162PGUA",
    "ReviewScore": "4",
    "Syllable": "74",
    "Word": "17",
    "RDate": "20220819",
    "GeneralPolarity": "1",
    "Aspects": [
      {
        "Aspect": "기능",
        "SentimentText": "가전은 역시 000!! 작동도 잘되고 제습기능이 훌륭해서 보송보송 정말 좋네요!!",
        "SentimentWord": "10",
        "SentimentPolarity": "1"
      },
      {
        "Aspect": "소음",
        "SentimentText": "제습기 작동시 나는 소음도 적어서 조용하고 좋아요.",
        "SentimentWord": "7",
        "SentimentPolarity": "1"
      }
    ]
  },
  {
    "Index": "45155",
    "RawText": "가격은 타 제품보다 비싸서 좀 아쉽네요~ 그래도 믿고 사는 ooo~ 역시 이번에도 후회 없어요. 제습 기능도 좋아서 아이들 이불이 아주 뽀송합니다~",
    "Source": "쇼핑몰",
    "Domain": "가전",
    "MainCategory": "계절가전",
    "ProductName": "휘센 LG전자 DQ162PGUA",
    "ReviewScore": "5",
    "Syllable": "82",
    "Word": "21",
    "RDate": "20220702",
    "GeneralPolarity": "0",
    "Aspects": [
      {
        "Aspect": "가격",
        "SentimentText": "가격은 타 제품보다 비싸서 좀 아쉽네요~ ",
        "SentimentWord": "6",
        "SentimentPolarity": "-1"
      },
      {
        "Aspect": "제조일/제조사",
        "SentimentText": "그래도 믿고 사는 ooo~ 역시 이번에도 후회 없어요.",
        "SentimentWord": "8",
        "SentimentPolarity": "1"
      },
      {
        "Aspect": "기능",
        "SentimentText": "제습 기능도 좋아서 아이들 이불이 아주 뽀송합니다~",
        "SentimentWord": "7",
        "SentimentPolarity": "1"
      }
    ]
  },
  {
    "Index": "45156",
    "RawText": "사용해보니 성능도 뛰어나고 기능도 많아서 아주 좋아요 다만 오래사용하면 뜨거워집니다. 이점이 살짝 아쉽네요",
    "Source": "쇼핑몰",
    "Domain": "가전",
    "MainCategory": "계절가전",
    "ProductName": "휘센 LG전자 DQ162PGUA",
    "ReviewScore": "1",
    "Syllable": "59",
    "Word": "13",
    "RDate": "20220804",
    "GeneralPolarity": "0",
    "Aspects": [
      {
        "Aspect": "기능",
        "SentimentText": "사용해보니 성능도 뛰어나고 기능도 많아서 아주 좋아요 ",
        "SentimentWord": "7",
        "SentimentPolarity": "1"
      },
      {
        "Aspect": "내구성",
        "SentimentText": "다만 오래사용하면 뜨거워집니다. 이점이 살짝 아쉽네요 ",
        "SentimentWord": "6",
        "SentimentPolarity": "-1"
      }
    ]
  },
  {
    "Index": "45157",
    "RawText": "외관상 문제도 없고 퀄리티가 상당해서 좋은제품이라 생각되어 아주 만족합니다. 그리고 최저가로 구매한듯해서 기뻐요 ㅎㅎ",
    "Source": "쇼핑몰",
    "Domain": "가전",
    "MainCategory": "계절가전",
    "ProductName": "휘센 LG전자 DQ162PGUA",
    "ReviewScore": "5",
    "Syllable": "65",
    "Word": "14",
    "RDate": "20220711",
    "GeneralPolarity": "1",
    "Aspects": [
      {
        "Aspect": "품질",
        "SentimentText": "외관상 문제도 없고 퀄리티가 상당해서 좋은제품이라 생각되어 아주 만족합니다",
        "SentimentWord": "9",
        "SentimentPolarity": "1"
      },
      {
        "Aspect": "가격",
        "SentimentText": "그리고 최저가로 구매한듯해서 기뻐요 ㅎㅎ ",
        "SentimentWord": "5",
        "SentimentPolarity": "1"
      }
    ]
  },
  {
    "Index": "45159",
    "RawText": "습하고 더운날 제습이 잘되요 그리고 물통에 물이 금방차는걸보니 성능이 매우 뛰어난것같아서 좋습니다. 디자인도 심플하고 예쁘니 진작살껄 아주 좋아요~",
    "Source": "쇼핑몰",
    "Domain": "가전",
    "MainCategory": "계절가전",
    "ProductName": "휘센 LG전자 DQ162PGUA",
    "ReviewScore": "5",
    "Syllable": "82",
    "Word": "18",
    "RDate": "20220825",
    "GeneralPolarity": "1",
    "Aspects": [
      {
        "Aspect": "기능",
        "SentimentText": "습하고 더운날 제습이 잘되요 그리고 물통에 물이 금방차는걸보니 성능이 매우 뛰어난것같아서 좋습니다.",
        "SentimentWord": "12",
        "SentimentPolarity": "1"
      },
      {
        "Aspect": "디자인",
        "SentimentText": "디자인도 심플하고 예쁘니 진작살껄 아주 좋아요~",
        "SentimentWord": "6",
        "SentimentPolarity": "1"
      }
    ]
  },
  {
    "Index": "45160",
    "RawText": "디자인이 심플하니까 질리지 않고 좋아요 크기도 적당해서 이방저방 아무곳에 두기 좋네요 ㅎㅎ",
    "Source": "쇼핑몰",
    "Domain": "가전",
    "MainCategory": "계절가전",
    "ProductName": "휘센 LG전자 DQ162PGUA",
    "ReviewScore": "4",
    "Syllable": "50",
    "Word": "12",
    "RDate": "20220706",
    "GeneralPolarity": "1",
    "Aspects": [
      {
        "Aspect": "디자인",
        "SentimentText": "디자인이 심플하니까 질리지 않고 좋아요",
        "SentimentWord": "5",
        "SentimentPolarity": "1"
      },
      {
        "Aspect": "사이즈",
        "SentimentText": "크기도 적당해서 이방저방 아무곳에 두기 좋네요 ㅎㅎ",
        "SentimentWord": "7",
        "SentimentPolarity": "1"
      }
    ]
  },
  {
    "Index": "45161",
    "RawText": "습기가 이리도 많다니 성능이 좋아서 아주 습기킬러인것같아서 좋습니다. 외관도 문제없고 하자없이 깔끔해서 진짜 만족해요^^",
    "Source": "쇼핑몰",
    "Domain": "가전",
    "MainCategory": "계절가전",
    "ProductName": "휘센 LG전자 DQ162PGUA",
    "ReviewScore": "5",
    "Syllable": "67",
    "Word": "14",
    "RDate": "20220701",
    "GeneralPolarity": "1",
    "Aspects": [
      {
        "Aspect": "기능",
        "SentimentText": "습기가 이리도 많다니 성능이 좋아서 아주 습기킬러인것같아서 좋습니다",
        "SentimentWord": "8",
        "SentimentPolarity": "1"
      },
      {
        "Aspect": "품질",
        "SentimentText": "외관도 문제없고 하자없이 깔끔해서 진짜 만족해요^^",
        "SentimentWord": "6",
        "SentimentPolarity": "1"
      }
    ]
  },
  {
    "Index": "45162",
    "RawText": "작동 잘되고 제습이 잘되서 부모님께서 좋아하세요. 제습기 소음도 적고 조용해요.  물통 빼고 끼우기도 쉽고 편해서 사용하시기 좋으시대요^^",
    "Source": "쇼핑몰",
    "Domain": "가전",
    "MainCategory": "계절가전",
    "ProductName": "휘센 LG전자 DQ162PGUA",
    "ReviewScore": "5",
    "Syllable": "77",
    "Word": "17",
    "RDate": "20220602",
    "GeneralPolarity": "1",
    "Aspects": [
      {
        "Aspect": "기능",
        "SentimentText": "작동 잘되고 제습이 잘되서 부모님께서 좋아하세요. ",
        "SentimentWord": "6",
        "SentimentPolarity": "1"
      },
      {
        "Aspect": "소음",
        "SentimentText": " 제습기 소음도 적고 조용해요. ",
        "SentimentWord": "4",
        "SentimentPolarity": "1"
      },
      {
        "Aspect": "편의성",
        "SentimentText": "물통 빼고 끼우기도 쉽고 편해서 사용하시기 좋으시대요^^",
        "SentimentWord": "7",
        "SentimentPolarity": "1"
      }
    ]
  },
  {
    "Index": "45163",
    "RawText": "제습기 기능이 많아서 활용도도 높은점이 아주 만족스러워요 그리고 물을 흡수하는 속도가 상당히 빠른것같아서 만족합니다.",
    "Source": "쇼핑몰",
    "Domain": "가전",
    "MainCategory": "계절가전",
    "ProductName": "휘센 LG전자 DQ162PGUA",
    "ReviewScore": "5",
    "Syllable": "65",
    "Word": "14",
    "RDate": "20220808",
    "GeneralPolarity": "1",
    "Aspects": [
      {
        "Aspect": "기능",
        "SentimentText": "제습기 기능이 많아서 활용도도 높은점이 아주 만족스러워요",
        "SentimentWord": "7",
        "SentimentPolarity": "1"
      },
      {
        "Aspect": "시간/속도",
        "SentimentText": "그리고 물을 흡수하는 속도가 상당히 빠른것같아서 만족합니다. ",
        "SentimentWord": "7",
        "SentimentPolarity": "1"
      }
    ]
  },
  {
    "Index": "45164",
    "RawText": "상품 자체는 스크레치 하나없이 깔끔해서 만족해요 단 습도 절정이 5% 단위로 되어 있어 세밀한 설정이 안되는점이 아쉽네요",
    "Source": "쇼핑몰",
    "Domain": "가전",
    "MainCategory": "계절가전",
    "ProductName": "휘센 LG전자 DQ162PGUA",
    "ReviewScore": "1",
    "Syllable": "67",
    "Word": "17",
    "RDate": "20220721",
    "GeneralPolarity": "0",
    "Aspects": [
      {
        "Aspect": "품질",
        "SentimentText": "상품 자체는 스크레치 하나없이 깔끔해서 만족해요 ",
        "SentimentWord": "6",
        "SentimentPolarity": "1"
      },
      {
        "Aspect": "기능",
        "SentimentText": "단 습도 절정이 5% 단위로 되어 있어 세밀한 설정이 안되는점이 아쉽네요 ",
        "SentimentWord": "11",
        "SentimentPolarity": "-1"
      }
    ]
  },
  {
    "Index": "45165",
    "RawText": "상품 품질이 마감도 깔끔하고 퀄리티가 아주 좋습니다. 바퀴가 있어서 끌고 다니기 편리해서 좋아요  그리고 디자인도 심플하면서도 상당히 예쁩니다 좋아요",
    "Source": "쇼핑몰",
    "Domain": "가전",
    "MainCategory": "계절가전",
    "ProductName": "휘센 LG전자 DQ162PGUA",
    "ReviewScore": "5",
    "Syllable": "83",
    "Word": "19",
    "RDate": "20220617",
    "GeneralPolarity": "1",
    "Aspects": [
      {
        "Aspect": "품질",
        "SentimentText": "상품 품질이 마감도 깔끔하고 퀄리티가 아주 좋습니다. ",
        "SentimentWord": "7",
        "SentimentPolarity": "1"
      },
      {
        "Aspect": "편의성",
        "SentimentText": "바퀴가 있어서 끌고 다니기 편리해서 좋아요 ",
        "SentimentWord": "6",
        "SentimentPolarity": "1"
      },
      {
        "Aspect": "디자인",
        "SentimentText": "그리고 디자인도 심플하면서도 상당히 예쁩니다 좋아요",
        "SentimentWord": "6",
        "SentimentPolarity": "1"
      }
    ]
  },
  {
    "Index": "45166",
    "RawText": "제품 표면이 매우 매끄럽고마감이 우수하네요..  품질 만족해요.  가전은 늘 OOO회사라고 주위에서 늘 말했던터라 이제품 선택했는데,, 역시나 사용해보니 너무 좋네요..  예전 제품에 비해서 무게가 많이 가벼워져서 흡족합니다.",
    "Source": "쇼핑몰",
    "Domain": "가전",
    "MainCategory": "계절가전",
    "ProductName": "휘센 LG전자 DQ162PGUA",
    "ReviewScore": "5",
    "Syllable": "126",
    "Word": "26",
    "RDate": "20220825",
    "GeneralPolarity": "1",
    "Aspects": [
      {
        "Aspect": "품질",
        "SentimentText": "제품 표면이 매우 매끄럽고마감이 우수하네요..  품질 만족해요.  ",
        "SentimentWord": "7",
        "SentimentPolarity": "1"
      },
      {
        "Aspect": "제조일/제조사",
        "SentimentText": "가전은 늘 OOO회사라고 주위에서 늘 말했던터라 이제품 선택했는데,, 역시나 사용해보니 너무 좋네요.. ",
        "SentimentWord": "12",
        "SentimentPolarity": "1"
      },
      {
        "Aspect": "무게",
        "SentimentText": "예전 제품에 비해서 무게가 많이 가벼워져서 흡족합니다. ",
        "SentimentWord": "7",
        "SentimentPolarity": "1"
      }
    ]
  },
  {
    "Index": "45167",
    "RawText": "제품 무게가 예상했던것보다 상당히 무거워서 이동하는데 고생했어요.. 마음에 안 들어요..  다만 사용할때 소음이 거의 없어서 만족합니다.",
    "Source": "쇼핑몰",
    "Domain": "가전",
    "MainCategory": "계절가전",
    "ProductName": "휘센 LG전자 DQ162PGUA",
    "ReviewScore": "5",
    "Syllable": "76",
    "Word": "16",
    "RDate": "20220713",
    "GeneralPolarity": "0",
    "Aspects": [
      {
        "Aspect": "무게",
        "SentimentText": "제품 무게가 예상했던것보다 상당히 무거워서 이동하는데 고생했어요.. 마음에 안 들어요.. ",
        "SentimentWord": "10",
        "SentimentPolarity": "-1"
      },
      {
        "Aspect": "소음",
        "SentimentText": "다만 사용할때 소음이 거의 없어서 만족합니다. ",
        "SentimentWord": "6",
        "SentimentPolarity": "1"
      }
    ]
  },
  {
    "Index": "45168",
    "RawText": "소음이 적어서 거슬리지 않고 밤에도 사용가능한 점이 좋았어요 그리고 약풍으로도 뽀송함을 느낄 수있어서 좋지만 여름엔 따뜻한 바람, 겨울에는 서늘한 바람이 나오는건 아쉽네요  ",
    "Source": "쇼핑몰",
    "Domain": "가전",
    "MainCategory": "계절가전",
    "ProductName": "휘센 LG전자 DQ162PGUA",
    "ReviewScore": "5",
    "Syllable": "97",
    "Word": "22",
    "RDate": "20220708",
    "GeneralPolarity": "1",
    "Aspects": [
      {
        "Aspect": "소음",
        "SentimentText": "소음이 적어서 거슬리지 않고 밤에도 사용가능한 점이 좋았어요 ",
        "SentimentWord": "8",
        "SentimentPolarity": "1"
      },
      {
        "Aspect": "기능",
        "SentimentText": "그리고 약풍으로도 뽀송함을 느낄 수있어서 좋지만 여름엔 따뜻한 바람, 겨울에는 서늘한 바람이 나오는건 아쉽네요 ",
        "SentimentWord": "14",
        "SentimentPolarity": "0"
      }
    ]
  },
  {
    "Index": "45169",
    "RawText": "물통에 물차는게 보일정도로 제습이 진짜 잘되요.  좋은제품을 가격도 저렴하게 구매해서 기분도 좋아요!",
    "Source": "쇼핑몰",
    "Domain": "가전",
    "MainCategory": "계절가전",
    "ProductName": "휘센 LG전자 DQ162PGUA",
    "ReviewScore": "4",
    "Syllable": "56",
    "Word": "12",
    "RDate": "20220703",
    "GeneralPolarity": "1",
    "Aspects": [
      {
        "Aspect": "기능",
        "SentimentText": "물통에 물차는게 보일정도로 제습이 진짜 잘되요.  ",
        "SentimentWord": "6",
        "SentimentPolarity": "1"
      },
      {
        "Aspect": "가격",
        "SentimentText": " 좋은제품을 가격도 저렴하게 구매해서 기분도 좋아요!",
        "SentimentWord": "6",
        "SentimentPolarity": "1"
      }
    ]
  },
  {
    "Index": "45170",
    "RawText": "요즘같이 습한날씨에 제습이 너무 잘되서 보송하니 참 좋네요. 제습기 디자인도 생각보다 너무 예쁘고 맘에 들어요^^",
    "Source": "쇼핑몰",
    "Domain": "가전",
    "MainCategory": "계절가전",
    "ProductName": "휘센 LG전자 DQ162PGUA",
    "ReviewScore": "5",
    "Syllable": "63",
    "Word": "15",
    "RDate": "20220718",
    "GeneralPolarity": "1",
    "Aspects": [
      {
        "Aspect": "기능",
        "SentimentText": "요즘같이 습한날씨에 제습이 너무 잘되서 보송하니 참 좋네요. ",
        "SentimentWord": "8",
        "SentimentPolarity": "1"
      },
      {
        "Aspect": "디자인",
        "SentimentText": " 제습기 디자인도 생각보다 너무 예쁘고 맘에 들어요^^",
        "SentimentWord": "7",
        "SentimentPolarity": "1"
      }
    ]
  },
  {
    "Index": "45171",
    "RawText": "성능이 매우 좋고 제습력도 완전 좋아서 만족하며 사용해요. 작동시 소리도 없어서 조용하네요.",
    "Source": "쇼핑몰",
    "Domain": "가전",
    "MainCategory": "계절가전",
    "ProductName": "휘센 LG전자 DQ162PGUA",
    "ReviewScore": "5",
    "Syllable": "51",
    "Word": "12",
    "RDate": "20220630",
    "GeneralPolarity": "1",
    "Aspects": [
      {
        "Aspect": "기능",
        "SentimentText": "성능이 매우 좋고 제습력도 완전 좋아서 만족하며 사용해요. ",
        "SentimentWord": "8",
        "SentimentPolarity": "1"
      },
      {
        "Aspect": "소음",
        "SentimentText": "작동시 소리도 없어서 조용하네요.",
        "SentimentWord": "4",
        "SentimentPolarity": "1"
      }
    ]
  },
  {
    "Index": "45172",
    "RawText": "물이 나오는거 보니 신기하고 집안이 보송해져서 너무 좋아요. 제습기 작동하는 소리도 별로 안나서 조용합니다.",
    "Source": "쇼핑몰",
    "Domain": "가전",
    "MainCategory": "계절가전",
    "ProductName": "휘센 LG전자 DQ162PGUA",
    "ReviewScore": "5",
    "Syllable": "60",
    "Word": "14",
    "RDate": "20220722",
    "GeneralPolarity": "1",
    "Aspects": [
      {
        "Aspect": "기능",
        "SentimentText": "물이 나오는거 보니 신기하고 집안이 보송해져서 너무 좋아요.",
        "SentimentWord": "8",
        "SentimentPolarity": "1"
      },
      {
        "Aspect": "소음",
        "SentimentText": "제습기 작동하는 소리도 별로 안나서 조용합니다.",
        "SentimentWord": "6",
        "SentimentPolarity": "1"
      }
    ]
  },
  {
    "Index": "45173",
    "RawText": "디자인이 너무 예뻐서 마음에 들어요~ 성능도 좋아서 쾌적하게 지낼 수 있어 좋고요~ 오프라인보다 저렴한 가격에 구매할 수 있어서 좋네요",
    "Source": "쇼핑몰",
    "Domain": "가전",
    "MainCategory": "계절가전",
    "ProductName": "휘센 LG전자 DQ162PGUA",
    "ReviewScore": "5",
    "Syllable": "75",
    "Word": "19",
    "RDate": "20220630",
    "GeneralPolarity": "1",
    "Aspects": [
      {
        "Aspect": "디자인",
        "SentimentText": "디자인이 너무 예뻐서 마음에 들어요~",
        "SentimentWord": "5",
        "SentimentPolarity": "1"
      },
      {
        "Aspect": "기능",
        "SentimentText": "성능도 좋아서 쾌적하게 지낼 수 있어 좋고요~",
        "SentimentWord": "7",
        "SentimentPolarity": "1"
      },
      {
        "Aspect": "가격",
        "SentimentText": "오프라인보다 저렴한 가격에 구매할 수 있어서 좋네요",
        "SentimentWord": "7",
        "SentimentPolarity": "1"
      }
    ]
  },
  {
    "Index": "45174",
    "RawText": "디자인은 굉장히 심플해서 좋아요. 타브랜드보다 비싸게 주고샀는데 가격이 굉장히 돈 아깝네요.",
    "Source": "쇼핑몰",
    "Domain": "가전",
    "MainCategory": "계절가전",
    "ProductName": "휘센 LG전자 DQ162PGUA",
    "ReviewScore": "3",
    "Syllable": "51",
    "Word": "11",
    "RDate": "20220601",
    "GeneralPolarity": "0",
    "Aspects": [
      {
        "Aspect": "디자인",
        "SentimentText": "디자인은 굉장히 심플해서 좋아요",
        "SentimentWord": "4",
        "SentimentPolarity": "1"
      },
      {
        "Aspect": "가격",
        "SentimentText": "타브랜드보다 비싸게 주고샀는데 가격이 굉장히 돈 아깝네요.",
        "SentimentWord": "7",
        "SentimentPolarity": "-1"
      }
    ]
  },
  {
    "Index": "45175",
    "RawText": "기능이 여러가지라서 마음에  들어요~ 아쉬운 건 무게가 너무 무거워서 들기에는 힘드네요",
    "Source": "쇼핑몰",
    "Domain": "가전",
    "MainCategory": "계절가전",
    "ProductName": "휘센 LG전자 DQ162PGUA",
    "ReviewScore": "5",
    "Syllable": "48",
    "Word": "11",
    "RDate": "20220624",
    "GeneralPolarity": "0",
    "Aspects": [
      {
        "Aspect": "기능",
        "SentimentText": "기능이 여러가지라서 마음에  들어요~ ",
        "SentimentWord": "4",
        "SentimentPolarity": "1"
      },
      {
        "Aspect": "무게",
        "SentimentText": " 아쉬운 건 무게가 너무 무거워서 들기에는 힘드네요 ",
        "SentimentWord": "7",
        "SentimentPolarity": "-1"
      }
    ]
  },
  {
    "Index": "45179",
    "RawText": "사진보다 색상이 칙칙한 흰색이라 별로에요. 그래도 비 오는 날에도 빨래가 뽀송뽀송하게 말라서 너무 좋아요.",
    "Source": "쇼핑몰",
    "Domain": "가전",
    "MainCategory": "계절가전",
    "ProductName": "휘센 LG전자 DQ162PGUA",
    "ReviewScore": "5",
    "Syllable": "59",
    "Word": "14",
    "RDate": "20220721",
    "GeneralPolarity": "0",
    "Aspects": [
      {
        "Aspect": "색상",
        "SentimentText": "사진보다 색상이 칙칙한 흰색이라 별로에요. ",
        "SentimentWord": "5",
        "SentimentPolarity": "-1"
      },
      {
        "Aspect": "기능",
        "SentimentText": "그래도 비 오는 날에도 빨래가 뽀송뽀송하게 말라서 너무 좋아요. ",
        "SentimentWord": "9",
        "SentimentPolarity": "1"
      }
    ]
  },
  {
    "Index": "45180",
    "RawText": "다른 제품보다 가격대가 있어서 조금 아쉽네요. 에너지 효율은 1등급이지만 전력 소모가 많이되서 전기세 걱정이 되네요",
    "Source": "쇼핑몰",
    "Domain": "가전",
    "MainCategory": "계절가전",
    "ProductName": "휘센 LG전자 DQ162PGUA",
    "ReviewScore": "5",
    "Syllable": "64",
    "Word": "15",
    "RDate": "20220812",
    "GeneralPolarity": "-1",
    "Aspects": [
      {
        "Aspect": "가격",
        "SentimentText": "다른 제품보다 가격대가 있어서 조금 아쉽네요. ",
        "SentimentWord": "6",
        "SentimentPolarity": "-1"
      },
      {
        "Aspect": "소비전력",
        "SentimentText": "에너지 효율은 1등급이지만 전력 소모가 많이되서 전기세 걱정이 되네요",
        "SentimentWord": "9",
        "SentimentPolarity": "-1"
      }
    ]
  },
  {
    "Index": "45182",
    "RawText": "디자인이 굉장히 예뻐서 좋아요. 색상이 화이트톤인데 생각한거보다 칙칙해서 아쉬워요.",
    "Source": "쇼핑몰",
    "Domain": "가전",
    "MainCategory": "계절가전",
    "ProductName": "휘센 LG전자 DQ162PGUA",
    "ReviewScore": "4",
    "Syllable": "46",
    "Word": "9",
    "RDate": "20220723",
    "GeneralPolarity": "0",
    "Aspects": [
      {
        "Aspect": "디자인",
        "SentimentText": "디자인이 굉장히 예뻐서 좋아요. ",
        "SentimentWord": "4",
        "SentimentPolarity": "1"
      },
      {
        "Aspect": "색상",
        "SentimentText": "색상이 화이트톤인데 생각한거보다 칙칙해서 아쉬워요.",
        "SentimentWord": "5",
        "SentimentPolarity": "-1"
      }
    ]
  },
  {
    "Index": "45183",
    "RawText": "바퀴가 달려있어서 이동하기가 굉장히 편리해 좋습니다. 다만 굉장히 무게가 무거워서 옮길때 애먹었습니다 허리조심하세요",
    "Source": "쇼핑몰",
    "Domain": "가전",
    "MainCategory": "계절가전",
    "ProductName": "휘센 LG전자 DQ162PGUA",
    "ReviewScore": "5",
    "Syllable": "64",
    "Word": "13",
    "RDate": "20220702",
    "GeneralPolarity": "0",
    "Aspects": [
      {
        "Aspect": "편의성",
        "SentimentText": "바퀴가 달려있어서 이동하기가 굉장히 편리해 좋습니다.",
        "SentimentWord": "6",
        "SentimentPolarity": "1"
      },
      {
        "Aspect": "무게",
        "SentimentText": "다만 굉장히 무게가 무거워서 옮길때 애먹었습니다 허리조심하세요",
        "SentimentWord": "7",
        "SentimentPolarity": "-1"
      }
    ]
  },
  {
    "Index": "45184",
    "RawText": "물이 금방 금방 차네요..  성능은 좋네요. 색상은 조금 칙칙해서 아쉽네요",
    "Source": "쇼핑몰",
    "Domain": "가전",
    "MainCategory": "계절가전",
    "ProductName": "휘센 LG전자 DQ162PGUA",
    "ReviewScore": "5",
    "Syllable": "41",
    "Word": "10",
    "RDate": "20220824",
    "GeneralPolarity": "0",
    "Aspects": [
      {
        "Aspect": "기능",
        "SentimentText": "물이 금방 금방 차네요..  성능은 좋네요. ",
        "SentimentWord": "6",
        "SentimentPolarity": "1"
      },
      {
        "Aspect": "색상",
        "SentimentText": "색상은 조금 칙칙해서 아쉽네요",
        "SentimentWord": "4",
        "SentimentPolarity": "-1"
      }
    ]
  },
  {
    "Index": "45185",
    "RawText": "역시 제조일자가 신형인게 좋긴 좋네요 훌륭합니다. 사용시 소음이 조금 있는편이라 아쉬워요.",
    "Source": "쇼핑몰",
    "Domain": "가전",
    "MainCategory": "계절가전",
    "ProductName": "휘센 LG전자 DQ162PGUA",
    "ReviewScore": "5",
    "Syllable": "50",
    "Word": "11",
    "RDate": "20220821",
    "GeneralPolarity": "0",
    "Aspects": [
      {
        "Aspect": "제조일/제조사",
        "SentimentText": "역시 제조일자가 신형인게 좋긴 좋네요 훌륭합니다.",
        "SentimentWord": "6",
        "SentimentPolarity": "1"
      },
      {
        "Aspect": "소음",
        "SentimentText": "사용시 소음이 조금 있는편이라 아쉬워요. ",
        "SentimentWord": "5",
        "SentimentPolarity": "-1"
      }
    ]
  },
  {
    "Index": "45186",
    "RawText": "가전제품은 ooo 따라갈 수가 없죠~ 최고입니다. 가격도 저렴하게 잘 샀어요.",
    "Source": "쇼핑몰",
    "Domain": "가전",
    "MainCategory": "계절가전",
    "ProductName": "휘센 LG전자 DQ162PGUA",
    "ReviewScore": "4",
    "Syllable": "43",
    "Word": "10",
    "RDate": "20220726",
    "GeneralPolarity": "1",
    "Aspects": [
      {
        "Aspect": "제조일/제조사",
        "SentimentText": "가전제품은 ooo 따라갈 수가 없죠~ 최고입니다.",
        "SentimentWord": "6",
        "SentimentPolarity": "1"
      },
      {
        "Aspect": "가격",
        "SentimentText": "가격도 저렴하게 잘 샀어요.",
        "SentimentWord": "4",
        "SentimentPolarity": "1"
      }
    ]
  },
  {
    "Index": "45187",
    "RawText": "사용법이 굉장히 간단해서 좋아요. 디자인도 예뻐서 만족스럽습니다.",
    "Source": "쇼핑몰",
    "Domain": "가전",
    "MainCategory": "계절가전",
    "ProductName": "휘센 LG전자 DQ162PGUA",
    "ReviewScore": "5",
    "Syllable": "36",
    "Word": "7",
    "RDate": "20220819",
    "GeneralPolarity": "1",
    "Aspects": [
      {
        "Aspect": "조작성",
        "SentimentText": "사용법이 굉장히 간단해서 좋아요.",
        "SentimentWord": "4",
        "SentimentPolarity": "1"
      },
      {
        "Aspect": "디자인",
        "SentimentText": "디자인도 예뻐서 만족스럽습니다.",
        "SentimentWord": "3",
        "SentimentPolarity": "1"
      }
    ]
  },
  {
    "Index": "45188",
    "RawText": "가격이 착해서 아주 마음에 들고요~ 소음도 조용해서 아주 좋습니다. 에너지 효율도 1등급이라 전기세 걱정이 덜 돼요~",
    "Source": "쇼핑몰",
    "Domain": "가전",
    "MainCategory": "계절가전",
    "ProductName": "휘센 LG전자 DQ162PGUA",
    "ReviewScore": "5",
    "Syllable": "65",
    "Word": "16",
    "RDate": "20220626",
    "GeneralPolarity": "1",
    "Aspects": [
      {
        "Aspect": "가격",
        "SentimentText": "가격이 착해서 아주 마음에 들고요~",
        "SentimentWord": "5",
        "SentimentPolarity": "1"
      },
      {
        "Aspect": "소음",
        "SentimentText": "소음도 조용해서 아주 좋습니다. ",
        "SentimentWord": "4",
        "SentimentPolarity": "1"
      },
      {
        "Aspect": "소비전력",
        "SentimentText": "에너지 효율도 1등급이라 전기세 걱정이 덜 돼요~",
        "SentimentWord": "7",
        "SentimentPolarity": "1"
      }
    ]
  },
  {
    "Index": "45190",
    "RawText": "제습기 받자마자 틀었는데 한시간만에 물이 가득찼네요 성능 대박입니다. 물통이 별도로 분리말고 자동배수로 해야해서 좀 번거로워요.",
    "Source": "쇼핑몰",
    "Domain": "가전",
    "MainCategory": "계절가전",
    "ProductName": "휘센 LG전자 DQ162PGUA",
    "ReviewScore": "5",
    "Syllable": "71",
    "Word": "15",
    "RDate": "20220824",
    "GeneralPolarity": "0",
    "Aspects": [
      {
        "Aspect": "기능",
        "SentimentText": "제습기 받자마자 틀었는데 한시간만에 물이 가득찼네요 성능 대박입니다.",
        "SentimentWord": "8",
        "SentimentPolarity": "1"
      },
      {
        "Aspect": "편의성",
        "SentimentText": "물통이 별도로 분리말고 자동배수로 해야해서 좀 번거로워요.",
        "SentimentWord": "7",
        "SentimentPolarity": "-1"
      }
    ]
  },
  {
    "Index": "45191",
    "RawText": "1등급 제품이라 환급 대상이라 좋네요~ 그런데 손잡이 골드 색상이 약간 촌스러워서 아쉽네요",
    "Source": "쇼핑몰",
    "Domain": "가전",
    "MainCategory": "계절가전",
    "ProductName": "휘센 LG전자 DQ162PGUA",
    "ReviewScore": "3",
    "Syllable": "50",
    "Word": "12",
    "RDate": "20220728",
    "GeneralPolarity": "0",
    "Aspects": [
      {
        "Aspect": "소비전력",
        "SentimentText": "1등급 제품이라 환급 대상이라 좋네요~",
        "SentimentWord": "5",
        "SentimentPolarity": "1"
      },
      {
        "Aspect": "색상",
        "SentimentText": "그런데 손잡이 골드 색상이 약간 촌스러워서 아쉽네요",
        "SentimentWord": "7",
        "SentimentPolarity": "-1"
      }
    ]
  },
  {
    "Index": "45192",
    "RawText": "제습능력 정말 훌륭합니다. 습했는데 금방 물통에 물이 가득차버리네요 뽀송해서 좋아요. 생각한거보다 사이즈가 굉장히 커서 자리 차지를 많이 해서 아쉬워요.",
    "Source": "쇼핑몰",
    "Domain": "가전",
    "MainCategory": "계절가전",
    "ProductName": "휘센 LG전자 DQ162PGUA",
    "ReviewScore": "5",
    "Syllable": "85",
    "Word": "19",
    "RDate": "20220704",
    "GeneralPolarity": "0",
    "Aspects": [
      {
        "Aspect": "기능",
        "SentimentText": "제습능력 정말 훌륭합니다. 습했는데 금방 물통에 물이 가득차버리네요 뽀송해서 좋아요.",
        "SentimentWord": "10",
        "SentimentPolarity": "1"
      },
      {
        "Aspect": "사이즈",
        "SentimentText": "생각한거보다 사이즈가 굉장히 커서 자리 차지를 많이 해서 아쉬워요.",
        "SentimentWord": "9",
        "SentimentPolarity": "-1"
      }
    ]
  },
  {
    "Index": "45193",
    "RawText": "손잡이 색상이 사진보다 촌스럽고, 무게는 너무 무거워서 아쉽습니다.",
    "Source": "쇼핑몰",
    "Domain": "가전",
    "MainCategory": "계절가전",
    "ProductName": "휘센 LG전자 DQ162PGUA",
    "ReviewScore": "5",
    "Syllable": "37",
    "Word": "8",
    "RDate": "20220810",
    "GeneralPolarity": "-1",
    "Aspects": [
      {
        "Aspect": "색상",
        "SentimentText": "손잡이 색상이 사진보다 촌스럽고,",
        "SentimentWord": "4",
        "SentimentPolarity": "-1"
      },
      {
        "Aspect": "무게",
        "SentimentText": "무게는 너무 무거워서 아쉽습니다.",
        "SentimentWord": "4",
        "SentimentPolarity": "-1"
      }
    ]
  },
  {
    "Index": "45194",
    "RawText": "오프라인보다 저렴하게 구입할 수 있어서 좋고요~ 기능도 다양해서 아주 마음에 들어요~",
    "Source": "쇼핑몰",
    "Domain": "가전",
    "MainCategory": "계절가전",
    "ProductName": "휘센 LG전자 DQ162PGUA",
    "ReviewScore": "5",
    "Syllable": "47",
    "Word": "11",
    "RDate": "20220621",
    "GeneralPolarity": "1",
    "Aspects": [
      {
        "Aspect": "가격",
        "SentimentText": "오프라인보다 저렴하게 구입할 수 있어서 좋고요~",
        "SentimentWord": "6",
        "SentimentPolarity": "1"
      },
      {
        "Aspect": "기능",
        "SentimentText": "기능도 다양해서 아주 마음에 들어요~",
        "SentimentWord": "5",
        "SentimentPolarity": "1"
      }
    ]
  },
  {
    "Index": "45195",
    "RawText": "디자인 세련돼서 마음에 듭니다~ 저렴한 가격에 구입할 수 있어서 좋고, 소음도 거의 없어서 밤에 쓰기에도 좋네요.",
    "Source": "쇼핑몰",
    "Domain": "가전",
    "MainCategory": "계절가전",
    "ProductName": "휘센 LG전자 DQ162PGUA",
    "ReviewScore": "5",
    "Syllable": "63",
    "Word": "16",
    "RDate": "20220710",
    "GeneralPolarity": "1",
    "Aspects": [
      {
        "Aspect": "디자인",
        "SentimentText": "디자인 세련돼서 마음에 듭니다~ ",
        "SentimentWord": "4",
        "SentimentPolarity": "1"
      },
      {
        "Aspect": "가격",
        "SentimentText": "저렴한 가격에 구입할 수 있어서 좋고, ",
        "SentimentWord": "6",
        "SentimentPolarity": "1"
      },
      {
        "Aspect": "소음",
        "SentimentText": "소음도 거의 없어서 밤에 쓰기에도 좋네요.",
        "SentimentWord": "6",
        "SentimentPolarity": "1"
      }
    ]
  },
  {
    "Index": "45196",
    "RawText": "ooo제습기가 진짜 최고입니다 지인들한테 추천했어요. 손잡이 색상은 약간 촌스러워요~",
    "Source": "쇼핑몰",
    "Domain": "가전",
    "MainCategory": "계절가전",
    "ProductName": "휘센 LG전자 DQ162PGUA",
    "ReviewScore": "5",
    "Syllable": "47",
    "Word": "9",
    "RDate": "20220624",
    "GeneralPolarity": "0",
    "Aspects": [
      {
        "Aspect": "제조일/제조사",
        "SentimentText": "ooo제습기가 진짜 최고입니다 지인들한테 추천했어요. ",
        "SentimentWord": "5",
        "SentimentPolarity": "1"
      },
      {
        "Aspect": "색상",
        "SentimentText": "손잡이 색상은 약간 촌스러워요~",
        "SentimentWord": "4",
        "SentimentPolarity": "-1"
      }
    ]
  },
  {
    "Index": "45197",
    "RawText": "제습 기능 진짜 좋네요. 빨래가 바짝바짝 마릅니다. 소리도 조용해서 아주 마음에 쏙 듭니다. 역시 가전제품은 ooo 따라갈 브랜드가 없네요",
    "Source": "쇼핑몰",
    "Domain": "가전",
    "MainCategory": "계절가전",
    "ProductName": "휘센 LG전자 DQ162PGUA",
    "ReviewScore": "5",
    "Syllable": "77",
    "Word": "19",
    "RDate": "20220804",
    "GeneralPolarity": "1",
    "Aspects": [
      {
        "Aspect": "기능",
        "SentimentText": "제습 기능 진짜 좋네요. 빨래가 바짝바짝 마릅니다.",
        "SentimentWord": "7",
        "SentimentPolarity": "1"
      },
      {
        "Aspect": "소음",
        "SentimentText": "소리도 조용해서 아주 마음에 쏙 듭니다. ",
        "SentimentWord": "6",
        "SentimentPolarity": "1"
      },
      {
        "Aspect": "제조일/제조사",
        "SentimentText": "역시 가전제품은 ooo 따라갈 브랜드가 없네요",
        "SentimentWord": "6",
        "SentimentPolarity": "1"
      }
    ]
  },
  {
    "Index": "45198",
    "RawText": "제품 받아 사용해봤는데 효과 너무 좋아요 집이 금방 뽀송해졌어요! 제품 구성이 신발건조 호스밖에 없어서 아쉬워요. 옷건조나 필터는 별도구매네요.",
    "Source": "쇼핑몰",
    "Domain": "가전",
    "MainCategory": "계절가전",
    "ProductName": "휘센 LG전자 DQ162PGUA",
    "ReviewScore": "5",
    "Syllable": "80",
    "Word": "18",
    "RDate": "20220727",
    "GeneralPolarity": "0",
    "Aspects": [
      {
        "Aspect": "기능",
        "SentimentText": "제품 받아 사용해봤는데 효과 너무 좋아요 집이 금방 뽀송해졌어요!",
        "SentimentWord": "9",
        "SentimentPolarity": "1"
      },
      {
        "Aspect": "제품구성",
        "SentimentText": "제품 구성이 신발건조 호스밖에 없어서 아쉬워요. 옷건조나 필터는 별도구매네요.",
        "SentimentWord": "9",
        "SentimentPolarity": "-1"
      }
    ]
  },
  {
    "Index": "45199",
    "RawText": "소음 진짜 적어서 사용하기 너무 좋고요. 제습력도 짱~ 눅눅했던 방이 쾌적해지네요.",
    "Source": "쇼핑몰",
    "Domain": "가전",
    "MainCategory": "계절가전",
    "ProductName": "휘센 LG전자 DQ162PGUA",
    "ReviewScore": "5",
    "Syllable": "46",
    "Word": "11",
    "RDate": "20220823",
    "GeneralPolarity": "1",
    "Aspects": [
      {
        "Aspect": "소음",
        "SentimentText": "소음 진짜 적어서 사용하기 너무 좋고요. ",
        "SentimentWord": "6",
        "SentimentPolarity": "1"
      },
      {
        "Aspect": "기능",
        "SentimentText": "제습력도 짱~ 눅눅했던 방이 쾌적해지네요.",
        "SentimentWord": "5",
        "SentimentPolarity": "1"
      }
    ]
  },
  {
    "Index": "45200",
    "RawText": "에너지 효율이 1등급이라 전기세 걱정을 덜 할 수 있어서 좋아요, 다만 색상은 사진에서 본 거보다 칙칙해서 별로에요",
    "Source": "쇼핑몰",
    "Domain": "가전",
    "MainCategory": "계절가전",
    "ProductName": "휘센 LG전자 DQ162PGUA",
    "ReviewScore": "2",
    "Syllable": "64",
    "Word": "17",
    "RDate": "20220724",
    "GeneralPolarity": "0",
    "Aspects": [
      {
        "Aspect": "소비전력",
        "SentimentText": "에너지 효율이 1등급이라 전기세 걱정을 덜 할 수 있어서 좋아요, ",
        "SentimentWord": "10",
        "SentimentPolarity": "1"
      },
      {
        "Aspect": "색상",
        "SentimentText": "다만 색상은 사진에서 본 거보다 칙칙해서 별로에요",
        "SentimentWord": "7",
        "SentimentPolarity": "-1"
      }
    ]
  },
  {
    "Index": "45201",
    "RawText": "소음이 굉장히 조용합니다. 제습기 안돌리는 줄알았어요. 그리고 제습능력도 굉장히 훌륭합니다. 와이파이로 앱 연동해서 사용하면 작동법이 아주 간단해서 좋아요.",
    "Source": "쇼핑몰",
    "Domain": "가전",
    "MainCategory": "계절가전",
    "ProductName": "휘센 LG전자 DQ162PGUA",
    "ReviewScore": "5",
    "Syllable": "87",
    "Word": "18",
    "RDate": "20220724",
    "GeneralPolarity": "1",
    "Aspects": [
      {
        "Aspect": "소음",
        "SentimentText": "소음이 굉장히 조용합니다. 제습기 안돌리는 줄알았어요.",
        "SentimentWord": "6",
        "SentimentPolarity": "1"
      },
      {
        "Aspect": "기능",
        "SentimentText": " 그리고 제습능력도 굉장히 훌륭합니다. ",
        "SentimentWord": "4",
        "SentimentPolarity": "1"
      },
      {
        "Aspect": "조작성",
        "SentimentText": "와이파이로 앱 연동해서 사용하면 작동법이 아주 간단해서 좋아요.",
        "SentimentWord": "8",
        "SentimentPolarity": "1"
      }
    ]
  },
  {
    "Index": "45202",
    "RawText": "배수 라인 연결하면 물 비우는 것도 편리해져서 좋네요. 제습력 진짜 좋네요. 습도가 쭉 내려갑니다.",
    "Source": "쇼핑몰",
    "Domain": "가전",
    "MainCategory": "계절가전",
    "ProductName": "휘센 LG전자 DQ162PGUA",
    "ReviewScore": "5",
    "Syllable": "55",
    "Word": "14",
    "RDate": "20220711",
    "GeneralPolarity": "1",
    "Aspects": [
      {
        "Aspect": "편의성",
        "SentimentText": "배수 라인 연결하면 물 비우는 것도 편리해져서 좋네요.",
        "SentimentWord": "8",
        "SentimentPolarity": "1"
      },
      {
        "Aspect": "기능",
        "SentimentText": "제습력 진짜 좋네요. 습도가 쭉 내려갑니다. ",
        "SentimentWord": "6",
        "SentimentPolarity": "1"
      }
    ]
  },
  {
    "Index": "45203",
    "RawText": "좋은가격에 제품 잘 구입해서 넘 좋아요. 다만 작동시에 소음이 생각한거보다 커서 시끄러워요 웅웅거립니다.",
    "Source": "쇼핑몰",
    "Domain": "가전",
    "MainCategory": "계절가전",
    "ProductName": "휘센 LG전자 DQ162PGUA",
    "ReviewScore": "5",
    "Syllable": "58",
    "Word": "13",
    "RDate": "20220815",
    "GeneralPolarity": "0",
    "Aspects": [
      {
        "Aspect": "가격",
        "SentimentText": "좋은가격에 제품 잘 구입해서 넘 좋아요.",
        "SentimentWord": "6",
        "SentimentPolarity": "1"
      },
      {
        "Aspect": "소음",
        "SentimentText": "다만 작동시에 소음이 생각한거보다 커서 시끄러워요 웅웅거립니다.",
        "SentimentWord": "7",
        "SentimentPolarity": "-1"
      }
    ]
  },
  {
    "Index": "45205",
    "RawText": "제품은 역시 이 브랜드 따라갈자 없네요. 믿고 샀는데 만족스러워요. 물통이 분리가 따로 되지 않는게 좀 아쉽네요.",
    "Source": "쇼핑몰",
    "Domain": "가전",
    "MainCategory": "계절가전",
    "ProductName": "휘센 LG전자 DQ162PGUA",
    "ReviewScore": "5",
    "Syllable": "63",
    "Word": "16",
    "RDate": "20220808",
    "GeneralPolarity": "0",
    "Aspects": [
      {
        "Aspect": "제조일/제조사",
        "SentimentText": "제품은 역시 이 브랜드 따라갈자 없네요. 믿고 샀는데 만족스러워요.",
        "SentimentWord": "9",
        "SentimentPolarity": "1"
      },
      {
        "Aspect": "편의성",
        "SentimentText": "물통이 분리가 따로 되지 않는게 좀 아쉽네요.",
        "SentimentWord": "7",
        "SentimentPolarity": "-1"
      }
    ]
  },
  {
    "Index": "45206",
    "RawText": "가격이 너무 비싸서 망설여졌지만 샀네요. 조금만 저렴해졌음 좋겠어요.. 그래도 제습력은 좋아서 끈적였던 바닥이 뽀송해집니다",
    "Source": "쇼핑몰",
    "Domain": "가전",
    "MainCategory": "계절가전",
    "ProductName": "휘센 LG전자 DQ162PGUA",
    "ReviewScore": "5",
    "Syllable": "68",
    "Word": "14",
    "RDate": "20220803",
    "GeneralPolarity": "0",
    "Aspects": [
      {
        "Aspect": "가격",
        "SentimentText": "가격이 너무 비싸서 망설여졌지만 샀네요. 조금만 저렴해졌음 좋겠어요.. ",
        "SentimentWord": "8",
        "SentimentPolarity": "-1"
      },
      {
        "Aspect": "기능",
        "SentimentText": "그래도 제습력은 좋아서 끈적였던 바닥이 뽀송해집니다",
        "SentimentWord": "6",
        "SentimentPolarity": "1"
      }
    ]
  },
  {
    "Index": "45207",
    "RawText": "제품 구입후 돌려봤는데 생각보다 물이 금방차셔 놀랬어요. 제습능력 짱입니다. 조금 아쉬운게 물통 용량이 작아서 금방 차서 자주 빼줘야하는 번거로움이 있어요.",
    "Source": "쇼핑몰",
    "Domain": "가전",
    "MainCategory": "계절가전",
    "ProductName": "휘센 LG전자 DQ162PGUA",
    "ReviewScore": "5",
    "Syllable": "87",
    "Word": "20",
    "RDate": "20220628",
    "GeneralPolarity": "0",
    "Aspects": [
      {
        "Aspect": "기능",
        "SentimentText": "제품 구입후 돌려봤는데 생각보다 물이 금방차셔 놀랬어요. 제습능력 짱입니다. ",
        "SentimentWord": "9",
        "SentimentPolarity": "1"
      },
      {
        "Aspect": "용량",
        "SentimentText": "조금 아쉬운게 물통 용량이 작아서 금방 차서 자주 빼줘야하는 번거로움이 있어요.",
        "SentimentWord": "11",
        "SentimentPolarity": "-1"
      }
    ]
  },
  {
    "Index": "45208",
    "RawText": "상품 마감도 깔끔하고 퀄리티도 훌륭하게 왔어요. 품질 좋습니다. 20리터 제품이랑 고민했는데 용량 큰 차이 없어서 넘 만족스러워요. 거기다 1등급이라 전기소모도 걱정없어 좋습니다. 사이즈가 커서 좀 공간차지를 많이 해서 아쉬워요. 이동시에 바퀴랑 손잡이가 있어 편리하게 이동할 수 있어 좋아요.",
    "Source": "쇼핑몰",
    "Domain": "가전",
    "MainCategory": "계절가전",
    "ProductName": "휘센 LG전자 DQ162PGUA",
    "ReviewScore": "5",
    "Syllable": "164",
    "Word": "38",
    "RDate": "20220810",
    "GeneralPolarity": "1",
    "Aspects": [
      {
        "Aspect": "품질",
        "SentimentText": "상품 마감도 깔끔하고 퀄리티도 훌륭하게 왔어요. 품질 좋습니다.",
        "SentimentWord": "8",
        "SentimentPolarity": "1"
      },
      {
        "Aspect": "용량",
        "SentimentText": "20리터 제품이랑 고민했는데 용량 큰 차이 없어서 넘 만족스러워요. ",
        "SentimentWord": "9",
        "SentimentPolarity": "1"
      },
      {
        "Aspect": "소비전력",
        "SentimentText": " 거기다 1등급이라 전기소모도 걱정없어 좋습니다",
        "SentimentWord": "5",
        "SentimentPolarity": "1"
      },
      {
        "Aspect": "사이즈",
        "SentimentText": "사이즈가 커서 좀 공간차지를 많이 해서 아쉬워요. ",
        "SentimentWord": "7",
        "SentimentPolarity": "-1"
      },
      {
        "Aspect": "편의성",
        "SentimentText": "이동시에 바퀴랑 손잡이가 있어 편리하게 이동할 수 있어 좋아요.",
        "SentimentWord": "9",
        "SentimentPolarity": "1"
      }
    ]
  },
  {
    "Index": "45210",
    "RawText": "소음은 크지도 작지도 않고 쓸만합니다. 성능은 좋네요 비 오는 날에도 빨래가 아주 잘 말라요",
    "Source": "쇼핑몰",
    "Domain": "가전",
    "MainCategory": "계절가전",
    "ProductName": "휘센 LG전자 DQ162PGUA",
    "ReviewScore": "5",
    "Syllable": "51",
    "Word": "14",
    "RDate": "20220805",
    "GeneralPolarity": "0",
    "Aspects": [
      {
        "Aspect": "소음",
        "SentimentText": "소음은 크지도 작지도 않고 쓸만합니다. ",
        "SentimentWord": "5",
        "SentimentPolarity": "0"
      },
      {
        "Aspect": "기능",
        "SentimentText": "성능은 좋네요 비 오는 날에도 빨래가 아주 잘 말라요",
        "SentimentWord": "9",
        "SentimentPolarity": "1"
      }
    ]
  },
  {
    "Index": "45212",
    "RawText": "스마트폰으로 조작 할 수 있어서 좋네요. 성능도 좋아서 눅눅했던 집안이 뽀송해져서 만족해요~",
    "Source": "쇼핑몰",
    "Domain": "가전",
    "MainCategory": "계절가전",
    "ProductName": "휘센 LG전자 DQ162PGUA",
    "ReviewScore": "5",
    "Syllable": "51",
    "Word": "12",
    "RDate": "20220718",
    "GeneralPolarity": "1",
    "Aspects": [
      {
        "Aspect": "조작성",
        "SentimentText": "스마트폰으로 조작 할 수 있어서 좋네요. ",
        "SentimentWord": "6",
        "SentimentPolarity": "1"
      },
      {
        "Aspect": "기능",
        "SentimentText": "성능도 좋아서 눅눅했던 집안이 뽀송해져서 만족해요~",
        "SentimentWord": "6",
        "SentimentPolarity": "1"
      }
    ]
  },
  {
    "Index": "45213",
    "RawText": "핸드폰이랑 앱이 연동되서 조작이 가능해 너무 좋아요. 거기다 건조기능까지 있으니 뽀송하게 사용할 수 있어 좋아요.",
    "Source": "쇼핑몰",
    "Domain": "가전",
    "MainCategory": "계절가전",
    "ProductName": "휘센 LG전자 DQ162PGUA",
    "ReviewScore": "5",
    "Syllable": "63",
    "Word": "15",
    "RDate": "20220819",
    "GeneralPolarity": "1",
    "Aspects": [
      {
        "Aspect": "조작성",
        "SentimentText": "핸드폰이랑 앱이 연동되서 조작이 가능해 너무 좋아요. ",
        "SentimentWord": "7",
        "SentimentPolarity": "1"
      },
      {
        "Aspect": "기능",
        "SentimentText": "거기다 건조기능까지 있으니 뽀송하게 사용할 수 있어 좋아요.",
        "SentimentWord": "8",
        "SentimentPolarity": "1"
      }
    ]
  },
  {
    "Index": "45214",
    "RawText": "30평에서 쓰기에는 물통 용량이 모자라서 아쉽습니다. 무게도 생각보다 무거워서 들기에는 힘에 부칩니다.",
    "Source": "쇼핑몰",
    "Domain": "가전",
    "MainCategory": "계절가전",
    "ProductName": "휘센 LG전자 DQ162PGUA",
    "ReviewScore": "5",
    "Syllable": "57",
    "Word": "12",
    "RDate": "20220621",
    "GeneralPolarity": "-1",
    "Aspects": [
      {
        "Aspect": "용량",
        "SentimentText": "30평에서 쓰기에는 물통 용량이 모자라서 아쉽습니다.",
        "SentimentWord": "6",
        "SentimentPolarity": "-1"
      },
      {
        "Aspect": "무게",
        "SentimentText": "무게도 생각보다 무거워서 들기에는 힘에 부칩니다. ",
        "SentimentWord": "6",
        "SentimentPolarity": "-1"
      }
    ]
  }
]