[
  {
    "Index": "37609",
    "RawText": "성능이 너무 좋아서 예전보다 뜨거운 물도 빠르게 나오고 작동도 아주 잘되어 만족해요! 경보기는 필수라 구입했는데 저렴하게 해주셔서 감사했어요.",
    "Source": "쇼핑몰",
    "Domain": "가전",
    "MainCategory": "계절가전",
    "ProductName": "린나이 RC600-15KF 일반판매점",
    "ReviewScore": "5",
    "Syllable": "79",
    "Word": "18",
    "RDate": "20210131",
    "Aspects": [
      {
        "Aspect": "기능",
        "SentimentText": "성능이 너무 좋아서 예전보다 뜨거운 물도 빠르게 나오고 작동도 아주 잘되어 만족해요!",
        "SentimentWord": "12",
        "SentimentPolarity": "1"
      },
      {
        "Aspect": "가격",
        "SentimentText": "경보기는 필수라 구입했는데 저렴하게 해주셔서 감사했어요. ",
        "SentimentWord": "6",
        "SentimentPolarity": "1"
      }
    ]
  },
  {
    "Index": "37610",
    "RawText": "보일러 정상적으로 작동 잘하고 집안이 금새 따뜻해져서 아주 좋습니다! 추가요금 없어 가격도 저렴해서 좋아요~~~ ",
    "Source": "쇼핑몰",
    "Domain": "가전",
    "MainCategory": "계절가전",
    "ProductName": "린나이 RC600-15KF 일반판매점",
    "ReviewScore": "5",
    "Syllable": "63",
    "Word": "14",
    "RDate": "20200907",
    "Aspects": [
      {
        "Aspect": "기능",
        "SentimentText": "보일러 정상적으로 작동 잘하고 집안이 금새 따뜻해져서 아주 좋습니다!",
        "SentimentWord": "9",
        "SentimentPolarity": "1"
      },
      {
        "Aspect": "가격",
        "SentimentText": "추가요금 없어 가격도 저렴해서 좋아요~~~",
        "SentimentWord": "5",
        "SentimentPolarity": "1"
      }
    ]
  },
  {
    "Index": "37611",
    "RawText": "제품 가격은 저렴하게 구입해서 너무 좋구요~ 다만 제품 사이즈가 무척 커서 공간을 많이 차지해서 좀 아쉽네요. ㅜ",
    "Source": "쇼핑몰",
    "Domain": "가전",
    "MainCategory": "계절가전",
    "ProductName": "린나이 RC600-15KF 일반판매점",
    "ReviewScore": "5",
    "Syllable": "63",
    "Word": "17",
    "RDate": "20220221",
    "Aspects": [
      {
        "Aspect": "가격",
        "SentimentText": "제품 가격은 저렴하게 구입해서 너무 좋구요~",
        "SentimentWord": "6",
        "SentimentPolarity": "1"
      },
      {
        "Aspect": "사이즈",
        "SentimentText": "제품 사이즈가 무척 커서 공간을 많이 차지해서 좀 아쉽네요. ㅜ ",
        "SentimentWord": "10",
        "SentimentPolarity": "-1"
      }
    ]
  },
  {
    "Index": "37612",
    "RawText": "제품 디자인 심플하고 깔끔해서 좋아요.  제품 작동도 아주 잘되어 성능 만족해요.  설치기사님께서 친절하시고 깔끔하게 설치도 잘해주셔서 굉장히 맘에 들어요. 감사해요~!  수고 많으셨습니다. !",
    "Source": "쇼핑몰",
    "Domain": "가전",
    "MainCategory": "계절가전",
    "ProductName": "린나이 RC600-15KF 일반판매점",
    "ReviewScore": "4",
    "Syllable": "108",
    "Word": "23",
    "RDate": "20201021",
    "Aspects": [
      {
        "Aspect": "디자인",
        "SentimentText": "제품 디자인 심플하고 깔끔해서 좋아요. ",
        "SentimentWord": "5",
        "SentimentPolarity": "1"
      },
      {
        "Aspect": "기능",
        "SentimentText": "제품 작동도 아주 잘되어 성능 만족해요. ",
        "SentimentWord": "6",
        "SentimentPolarity": "1"
      }
    ]
  },
  {
    "Index": "37613",
    "RawText": "동네 대리점 가격보다 저렴해서 만족해요~! 제품 작동시켜보니 집안이 무척 따뜻하고 좋네요.  성능 굿~!",
    "Source": "쇼핑몰",
    "Domain": "가전",
    "MainCategory": "계절가전",
    "ProductName": "린나이 RC600-15KF 일반판매점",
    "ReviewScore": "4",
    "Syllable": "58",
    "Word": "13",
    "RDate": "20210131",
    "Aspects": [
      {
        "Aspect": "가격",
        "SentimentText": "동네 대리점 가격보다 저렴해서 만족해요~!",
        "SentimentWord": "5",
        "SentimentPolarity": "1"
      },
      {
        "Aspect": "기능",
        "SentimentText": "제품 작동시켜보니 집안이 무척 따뜻하고 좋네요.  성능 굿~!  ",
        "SentimentWord": "8",
        "SentimentPolarity": "1"
      }
    ]
  },
  {
    "Index": "37614",
    "RawText": "작동할때 조용하고 소음이 적어서 좋네요!! 제품 성능도 좋아 다음번에도 꼭 이 제품 구입할겁니다. 만족~!^^",
    "Source": "쇼핑몰",
    "Domain": "가전",
    "MainCategory": "계절가전",
    "ProductName": "린나이 RC600-15KF 일반판매점",
    "ReviewScore": "5",
    "Syllable": "61",
    "Word": "14",
    "RDate": "20210415",
    "Aspects": [
      {
        "Aspect": "소음",
        "SentimentText": "작동할때 조용하고 소음이 적어서 좋네요!!",
        "SentimentWord": "5",
        "SentimentPolarity": "1"
      },
      {
        "Aspect": "기능",
        "SentimentText": "제품 성능도 좋아 다음번에도 꼭 이 제품 구입할겁니다. 만족~!^^ ",
        "SentimentWord": "9",
        "SentimentPolarity": "1"
      }
    ]
  },
  {
    "Index": "37616",
    "RawText": "추가비용 없이  저렴한 가격에 만족합니다.  다만 제품 가동시간 조정기능이 별도로 없어서 불편하고 불만족스럽네요. ㅜ",
    "Source": "쇼핑몰",
    "Domain": "가전",
    "MainCategory": "계절가전",
    "ProductName": "린나이 RC600-15KF 일반판매점",
    "ReviewScore": "3",
    "Syllable": "65",
    "Word": "14",
    "RDate": "20211228",
    "Aspects": [
      {
        "Aspect": "가격",
        "SentimentText": "추가비용 없이  저렴한 가격에 만족합니다. ",
        "SentimentWord": "5",
        "SentimentPolarity": "1"
      },
      {
        "Aspect": "편의성",
        "SentimentText": "제품 가동시간 조정기능이 별도로 없어서 불편하고 불만족스럽네요. ㅜ ",
        "SentimentWord": "8",
        "SentimentPolarity": "-1"
      }
    ]
  },
  {
    "Index": "37617",
    "RawText": "작동도 잘되고 30초이내 뜨거운 물이 나와서 성능도 매우 좋습니다!! 소음도 적고 안정적이라 만족스럽네요. ",
    "Source": "쇼핑몰",
    "Domain": "가전",
    "MainCategory": "계절가전",
    "ProductName": "린나이 RC600-15KF 일반판매점",
    "ReviewScore": "5",
    "Syllable": "60",
    "Word": "13",
    "RDate": "20210216",
    "Aspects": [
      {
        "Aspect": "기능",
        "SentimentText": "작동도 잘되고 30초이내 뜨거운 물이 나와서 성능도 매우 좋습니다!!",
        "SentimentWord": "9",
        "SentimentPolarity": "1"
      },
      {
        "Aspect": "소음",
        "SentimentText": "소음도 적고 안정적이라 만족스럽네요.",
        "SentimentWord": "4",
        "SentimentPolarity": "1"
      }
    ]
  },
  {
    "Index": "37618",
    "RawText": "새제품으로 교체하니 성능이 엄청 좋아서 너무 따뜻하고 좋습니다. 다만 경보기가 필수라 하시는데 경보기 가격은 좀 비싸서 아쉽습니다. ㅜ",
    "Source": "쇼핑몰",
    "Domain": "가전",
    "MainCategory": "계절가전",
    "ProductName": "린나이 RC600-15KF 일반판매점",
    "ReviewScore": "4",
    "Syllable": "75",
    "Word": "18",
    "RDate": "20201027",
    "Aspects": [
      {
        "Aspect": "기능",
        "SentimentText": "새제품으로 교체하니 성능이 엄청 좋아서 너무 따뜻하고 좋습니다.",
        "SentimentWord": "8",
        "SentimentPolarity": "1"
      },
      {
        "Aspect": "가격",
        "SentimentText": "경보기가 필수라 하시는데 경보기 가격은 좀 비싸서 아쉽습니다. ㅜ ",
        "SentimentWord": "9",
        "SentimentPolarity": "-1"
      }
    ]
  },
  {
    "Index": "37619",
    "RawText": "제품 설치후 작동시켜보니 부드럽게 잘 돌아가고 온수도 팡팡~너무 잘나와서 기분좋네요!! 설치 비용도 얼마나 저렴한지 (정부지원금 20만원 경보기3만원) 전반적으로 다 만족합니다.",
    "Source": "쇼핑몰",
    "Domain": "가전",
    "MainCategory": "계절가전",
    "ProductName": "린나이 RC600-15KF 일반판매점",
    "ReviewScore": "5",
    "Syllable": "99",
    "Word": "20",
    "RDate": "20211012",
    "Aspects": [
      {
        "Aspect": "기능",
        "SentimentText": "제품 설치후 작동시켜보니 부드럽게 잘 돌아가고 온수도 팡팡~너무 잘나와서 기분좋네요!!",
        "SentimentWord": "10",
        "SentimentPolarity": "1"
      },
      {
        "Aspect": "가격",
        "SentimentText": "설치 비용도 얼마나 저렴한지 (정부지원금 20만원 경보기3만원) 전반적으로 다 만족합니다. ",
        "SentimentWord": "10",
        "SentimentPolarity": "1"
      }
    ]
  },
  {
    "Index": "37622",
    "RawText": "제품 온열, 온수기능이 탁월해 만족해요~!  다만 설치 비용이 예상보다 너무 비싸서 아쉽습니다ㅠ",
    "Source": "쇼핑몰",
    "Domain": "가전",
    "MainCategory": "계절가전",
    "ProductName": "린나이 RC600-15KF 일반판매점",
    "ReviewScore": "4",
    "Syllable": "53",
    "Word": "12",
    "RDate": "20210212",
    "Aspects": [
      {
        "Aspect": "기능",
        "SentimentText": "제품 온열, 온수기능이 탁월해 만족해요~! ",
        "SentimentWord": "5",
        "SentimentPolarity": "1"
      },
      {
        "Aspect": "가격",
        "SentimentText": "다만 설치 비용이 예상보다 너무 비싸서 아쉽습니다ㅠ",
        "SentimentWord": "7",
        "SentimentPolarity": "-1"
      }
    ]
  },
  {
    "Index": "37623",
    "RawText": "좋은 가격에 구매할 수 있어서 너무 좋네요!! 제품 품질도 좋고 깔끔해서 마음에 쏙 들어요~ ",
    "Source": "쇼핑몰",
    "Domain": "가전",
    "MainCategory": "계절가전",
    "ProductName": "린나이 RC600-15KF 일반판매점",
    "ReviewScore": "5",
    "Syllable": "52",
    "Word": "14",
    "RDate": "20201010",
    "Aspects": [
      {
        "Aspect": "가격",
        "SentimentText": "좋은 가격에 구매할 수 있어서 너무 좋네요!!",
        "SentimentWord": "7",
        "SentimentPolarity": "1"
      },
      {
        "Aspect": "품질",
        "SentimentText": "제품 품질도 좋고 깔끔해서 마음에 쏙 들어요~",
        "SentimentWord": "7",
        "SentimentPolarity": "1"
      }
    ]
  },
  {
    "Index": "37624",
    "RawText": "사기치는 OOO 회사 제품 구매 절대로 하지 마십시오~!. 품질이 엉망입니다. ~! 화나네요.  터무니 없는 설치비용 따져보니 가격이 저렴한것도 아니네요ㅜ",
    "Source": "쇼핑몰",
    "Domain": "가전",
    "MainCategory": "계절가전",
    "ProductName": "린나이 RC600-15KF 일반판매점",
    "ReviewScore": "1",
    "Syllable": "86",
    "Word": "19",
    "RDate": "20210831",
    "Aspects": [
      {
        "Aspect": "품질",
        "SentimentText": "사기치는 OOO 회사 제품 구매 절대로 하지 마십시오~!. 품질이 엉망입니다. ~! 화나네요. ",
        "SentimentWord": "12",
        "SentimentPolarity": "-1"
      },
      {
        "Aspect": "가격",
        "SentimentText": "터무니 없는 설치비용 따져보니 가격이 저렴한것도 아니네요ㅜ",
        "SentimentWord": "7",
        "SentimentPolarity": "-1"
      }
    ]
  },
  {
    "Index": "37625",
    "RawText": "설치비 포함해도 저렴한 가격이라 만족해요.~!   작동도 정상적으로 잘되고 성능도 무척 좋네요~!",
    "Source": "쇼핑몰",
    "Domain": "가전",
    "MainCategory": "계절가전",
    "ProductName": "린나이 RC600-15KF 일반판매점",
    "ReviewScore": "5",
    "Syllable": "54",
    "Word": "11",
    "RDate": "20220219",
    "Aspects": [
      {
        "Aspect": "가격",
        "SentimentText": " 설치비 포함해도 저렴한 가격이라 만족해요.~! ",
        "SentimentWord": "5",
        "SentimentPolarity": "1"
      },
      {
        "Aspect": "기능",
        "SentimentText": "작동도 정상적으로 잘되고 성능도 무척 좋네요~!",
        "SentimentWord": "6",
        "SentimentPolarity": "1"
      }
    ]
  },
  {
    "Index": "37628",
    "RawText": "제품 품질 좋아서 잘샀어요 ^^  제품 성능도 탁월해 온수도 빠르게 잘나와서 만족해요. 모두 다 굿~!",
    "Source": "쇼핑몰",
    "Domain": "가전",
    "MainCategory": "계절가전",
    "ProductName": "린나이 RC600-15KF 일반판매점",
    "ReviewScore": "4",
    "Syllable": "57",
    "Word": "15",
    "RDate": "20220102",
    "Aspects": [
      {
        "Aspect": "품질",
        "SentimentText": "제품 품질 좋아서 잘샀어요 ^^ ",
        "SentimentWord": "5",
        "SentimentPolarity": "1"
      },
      {
        "Aspect": "기능",
        "SentimentText": "제품 성능도 탁월해 온수도 빠르게 잘나와서 만족해요. 모두 다 굿~!",
        "SentimentWord": "10",
        "SentimentPolarity": "1"
      }
    ]
  },
  {
    "Index": "37630",
    "RawText": "제품 설치비용이 저렴하게 청구되어 만족합니다.  다만 작동 소음이 큰것 같아  별로예요. ㅜ  ",
    "Source": "쇼핑몰",
    "Domain": "가전",
    "MainCategory": "계절가전",
    "ProductName": "린나이 RC600-15KF 일반판매점",
    "ReviewScore": "5",
    "Syllable": "53",
    "Word": "12",
    "RDate": "20210420",
    "Aspects": [
      {
        "Aspect": "가격",
        "SentimentText": "제품 설치비용이 저렴하게 청구되어 만족합니다. ",
        "SentimentWord": "5",
        "SentimentPolarity": "1"
      },
      {
        "Aspect": "소음",
        "SentimentText": "다만 작동 소음이 큰것 같아  별로예요. ㅜ ",
        "SentimentWord": "7",
        "SentimentPolarity": "-1"
      }
    ]
  },
  {
    "Index": "37633",
    "RawText": "성능이 무척 좋아 따뜻하게 지낼 수 있어서 만족합니다!! 제품 가격도 저렴하게 잘 구입해서 만족해요~!",
    "Source": "쇼핑몰",
    "Domain": "가전",
    "MainCategory": "계절가전",
    "ProductName": "린나이 RC600-15KF 일반판매점",
    "ReviewScore": "5",
    "Syllable": "57",
    "Word": "14",
    "RDate": "20220303",
    "Aspects": [
      {
        "Aspect": "기능",
        "SentimentText": "성능이 무척 좋아 따뜻하게 지낼 수 있어서 만족합니다!!",
        "SentimentWord": "8",
        "SentimentPolarity": "1"
      },
      {
        "Aspect": "가격",
        "SentimentText": "제품 가격도 저렴하게 잘 구입해서 만족해요~!",
        "SentimentWord": "6",
        "SentimentPolarity": "1"
      }
    ]
  },
  {
    "Index": "37634",
    "RawText": "설치기사님께서 날씨 추운날에도 상냥하게 응대해주시고 꼼꼼히 설치해주셔서 너무 만족합니다.  제품 가격도 최저가로 구입해서 남편이 잘샀다고 칭찬해줬어요~! ^^  성능 좋은 제품 덕분에 올 겨울 따뜻하게 지낼 것 같아 기분 좋습니다.",
    "Source": "쇼핑몰",
    "Domain": "가전",
    "MainCategory": "계절가전",
    "ProductName": "린나이 RC600-15KF 일반판매점",
    "ReviewScore": "5",
    "Syllable": "129",
    "Word": "29",
    "RDate": "20211224",
    "Aspects": [
      {
        "Aspect": "가격",
        "SentimentText": "제품 가격도 최저가로 구입해서 남편이 잘샀다고 칭찬해줬어요~! ^^ ",
        "SentimentWord": "8",
        "SentimentPolarity": "1"
      },
      {
        "Aspect": "기능",
        "SentimentText": "성능 좋은 제품 덕분에 올 겨울 따뜻하게 지낼 것 같아 기분 좋습니다. ",
        "SentimentWord": "12",
        "SentimentPolarity": "1"
      }
    ]
  },
  {
    "Index": "37635",
    "RawText": "새 보일러라 성능이 매우 좋고 빠르게 따뜻해져서 무척 좋아요!! 기본 설치비 가격외에는 추가금액도 없어서 저렴하네요.추천해요 ^^",
    "Source": "쇼핑몰",
    "Domain": "가전",
    "MainCategory": "계절가전",
    "ProductName": "린나이 RC600-15KF 일반판매점",
    "ReviewScore": "5",
    "Syllable": "72",
    "Word": "16",
    "RDate": "20210707",
    "Aspects": [
      {
        "Aspect": "기능",
        "SentimentText": "새 보일러라 성능이 매우 좋고 빠르게 따뜻해져서 무척 좋아요!!",
        "SentimentWord": "9",
        "SentimentPolarity": "1"
      },
      {
        "Aspect": "가격",
        "SentimentText": "기본 설치비 가격외에는 추가금액도 없어서 저렴하네요.추천해요 ^^",
        "SentimentWord": "7",
        "SentimentPolarity": "1"
      }
    ]
  },
  {
    "Index": "37637",
    "RawText": "10년만에 새 보일러로 교체하니 성능이 엄청나게 좋네요.굉장히 따뜻해져서 대만족입니다!!! 제품 품질도 상당히 좋아서 매우 만족스럽네요~",
    "Source": "쇼핑몰",
    "Domain": "가전",
    "MainCategory": "계절가전",
    "ProductName": "린나이 RC600-18KF 일반판매점",
    "ReviewScore": "5",
    "Syllable": "76",
    "Word": "15",
    "RDate": "20210520",
    "Aspects": [
      {
        "Aspect": "기능",
        "SentimentText": "성능이 엄청나게 좋네요.굉장히 따뜻해져서 대만족입니다!!!",
        "SentimentWord": "5",
        "SentimentPolarity": "1"
      },
      {
        "Aspect": "품질",
        "SentimentText": "제품 품질도 상당히 좋아서 매우 만족스럽네요~",
        "SentimentWord": "6",
        "SentimentPolarity": "1"
      }
    ]
  },
  {
    "Index": "37638",
    "RawText": "오래사용한 보일러 교체하니 성능이 더 좋아 금새 따뜻해지고 좋습니다. 설치비 추가비용도 저렴해서  아주 만족합니다. ^^",
    "Source": "쇼핑몰",
    "Domain": "가전",
    "MainCategory": "계절가전",
    "ProductName": "린나이 RC600-18KF 일반판매점",
    "ReviewScore": "5",
    "Syllable": "67",
    "Word": "15",
    "RDate": "20200725",
    "Aspects": [
      {
        "Aspect": "기능",
        "SentimentText": "오래사용한 보일러 교체하니 성능이 더 좋아 금새 따뜻해지고 좋습니다.",
        "SentimentWord": "9",
        "SentimentPolarity": "1"
      },
      {
        "Aspect": "가격",
        "SentimentText": "설치비 추가비용도 저렴해서  아주 만족합니다. ^^",
        "SentimentWord": "6",
        "SentimentPolarity": "1"
      }
    ]
  },
  {
    "Index": "37639",
    "RawText": "오래된 보일러 000로 바꿨는데 사용해보니 성능좋아서 아주 만족해요~!  일산화탄소 경보기 비용도 적게 들고 제품 가격도 저렴하고 좋았습니다.",
    "Source": "쇼핑몰",
    "Domain": "가전",
    "MainCategory": "계절가전",
    "ProductName": "린나이 RC600-18KF 일반판매점",
    "ReviewScore": "5",
    "Syllable": "79",
    "Word": "17",
    "RDate": "20201122",
    "Aspects": [
      {
        "Aspect": "기능",
        "SentimentText": "오래된 보일러 000로 바꿨는데 사용해보니 성능좋아서 아주 만족해요~! ",
        "SentimentWord": "8",
        "SentimentPolarity": "1"
      },
      {
        "Aspect": "가격",
        "SentimentText": "일산화탄소 경보기 비용도 적게 들고 제품 가격도 저렴하고 좋았습니다.",
        "SentimentWord": "9",
        "SentimentPolarity": "1"
      }
    ]
  },
  {
    "Index": "37640",
    "RawText": "추가비용 없어 가격이 저렴해서 좋네요~  OOO 제품 품질이 아주 만족스럽네요.  ",
    "Source": "쇼핑몰",
    "Domain": "가전",
    "MainCategory": "계절가전",
    "ProductName": "린나이 RC600-18KF 일반판매점",
    "ReviewScore": "5",
    "Syllable": "46",
    "Word": "10",
    "RDate": "20220118",
    "Aspects": [
      {
        "Aspect": "가격",
        "SentimentText": "추가비용 없어 가격이 저렴해서 좋네요~",
        "SentimentWord": "5",
        "SentimentPolarity": "1"
      },
      {
        "Aspect": "품질",
        "SentimentText": " OOO 제품 품질이 아주 만족스럽네요. ",
        "SentimentWord": "5",
        "SentimentPolarity": "1"
      }
    ]
  },
  {
    "Index": "37642",
    "RawText": "설치후 작동시켜보니 성능은 확실해 좋아서 아주 만족스럽네요.  20년 오래된 아파트라 설치가 복잡해서 할인해서 샀어도 추가로 비용이 더 발생되어 저렴하게 산 느낌은 안드네요.. 좀 아쉽네요..  새제품 쓰니 좋네요.  ",
    "Source": "쇼핑몰",
    "Domain": "가전",
    "MainCategory": "계절가전",
    "ProductName": "린나이 RC600-18KF 일반판매점",
    "ReviewScore": "5",
    "Syllable": "122",
    "Word": "27",
    "RDate": "20210305",
    "Aspects": [
      {
        "Aspect": "기능",
        "SentimentText": "설치후 작동시켜보니 성능은 확실해 좋아서 아주 만족스럽네요. ",
        "SentimentWord": "7",
        "SentimentPolarity": "1"
      },
      {
        "Aspect": "가격",
        "SentimentText": "20년 오래된 아파트라 설치가 복잡해서 할인해서 샀어도 추가로 비용이 더 발생되어 저렴하게 산 느낌은 안드네요.. 좀 아쉽네요.. ",
        "SentimentWord": "17",
        "SentimentPolarity": "-1"
      }
    ]
  },
  {
    "Index": "37644",
    "RawText": "집안이 아주 따뜻해져서 성능은 정말 좋네요. 적극추천합니다!! 별도의 추가요금도 없어 가격도 저렴하고 좋아요.",
    "Source": "쇼핑몰",
    "Domain": "가전",
    "MainCategory": "계절가전",
    "ProductName": "린나이 RC600-18KF 일반판매점",
    "ReviewScore": "5",
    "Syllable": "61",
    "Word": "13",
    "RDate": "20210107",
    "Aspects": [
      {
        "Aspect": "기능",
        "SentimentText": " 집안이 아주 따뜻해져서 성능은 정말 좋네요. 적극추천합니다!! ",
        "SentimentWord": "7",
        "SentimentPolarity": "1"
      },
      {
        "Aspect": "가격",
        "SentimentText": "별도의 추가요금도 없어 가격도 저렴하고 좋아요.",
        "SentimentWord": "6",
        "SentimentPolarity": "1"
      }
    ]
  },
  {
    "Index": "37645",
    "RawText": "설치후 작동 잘 되어서 뜨거운 물이 바로 나오니 신기하고 너무 좋아요. 다만 설치 완료후에 일산화탄소 감지기 현금 3만원 추가된다고 말씀하셔서 당황스럽고 기분이 별로 안좋았어요. 싸게산줄 알았는데 아니네요. ㅜ",
    "Source": "쇼핑몰",
    "Domain": "가전",
    "MainCategory": "계절가전",
    "ProductName": "린나이 RC600-18KF 일반판매점",
    "ReviewScore": "3",
    "Syllable": "117",
    "Word": "28",
    "RDate": "20201109",
    "Aspects": [
      {
        "Aspect": "기능",
        "SentimentText": "설치후 작동 잘 되어서 뜨거운 물이 바로 나오니 신기하고 너무 좋아요.",
        "SentimentWord": "11",
        "SentimentPolarity": "1"
      },
      {
        "Aspect": "가격",
        "SentimentText": "설치 완료후에 일산화탄소 감지기 현금 3만원 추가된다고 말씀하셔서 당황스럽고 기분이 별로 안좋았어요. 싸게산줄 알았는데 아니네요. ㅜ ",
        "SentimentWord": "16",
        "SentimentPolarity": "-1"
      }
    ]
  },
  {
    "Index": "37646",
    "RawText": "쿠폰 사용해서 저렴한 가격에 보일러 교체했어요~~~^^ 작동도 너무 잘되고 성능이 완전 좋습니다.적극추천 합니다!!^^",
    "Source": "쇼핑몰",
    "Domain": "가전",
    "MainCategory": "계절가전",
    "ProductName": "린나이 RC600-18KF 일반판매점",
    "ReviewScore": "5",
    "Syllable": "66",
    "Word": "13",
    "RDate": "20220210",
    "Aspects": [
      {
        "Aspect": "가격",
        "SentimentText": "쿠폰 사용해서 저렴한 가격에 보일러 교체했어요~~~^^",
        "SentimentWord": "6",
        "SentimentPolarity": "1"
      },
      {
        "Aspect": "기능",
        "SentimentText": " 작동도 너무 잘되고 성능이 완전 좋습니다.적극추천 합니다!!^^",
        "SentimentWord": "7",
        "SentimentPolarity": "1"
      }
    ]
  },
  {
    "Index": "37649",
    "RawText": "제품 성능은 매우 좋아서 굉장히 따뜻하고 좋아요. 별도 추가 비용( 연통추가2만원, 가스밸브교환 3만원, 경보기 3만원) 이 들어서 좀 부담스럽고 아쉽습니다. ㅜ  ",
    "Source": "쇼핑몰",
    "Domain": "가전",
    "MainCategory": "계절가전",
    "ProductName": "린나이 RC600-18KF 일반판매점",
    "ReviewScore": "5",
    "Syllable": "92",
    "Word": "21",
    "RDate": "20210811",
    "Aspects": [
      {
        "Aspect": "기능",
        "SentimentText": "제품 성능은 매우 좋아서 굉장히 따뜻하고 좋아요.",
        "SentimentWord": "7",
        "SentimentPolarity": "1"
      },
      {
        "Aspect": "가격",
        "SentimentText": "별도 추가 비용( 연통추가2만원, 가스밸브교환 3만원, 경보기 3만원) 이 들어서 좀 부담스럽고 아쉽습니다. ㅜ ",
        "SentimentWord": "14",
        "SentimentPolarity": "-1"
      }
    ]
  },
  {
    "Index": "37650",
    "RawText": "새제품으로 교체하니 너무 따뜻하고 성능이 역시~ 너무 좋네요!! 다만, 기본 설치비용 외에 추가적인 비용도 청구하셔서 좀 부담스럽고 당황스러웠어요. ㅜ 가격 생각하면 그렇게 저렴하게 구매한 느낌도 안 들더라고요.",
    "Source": "쇼핑몰",
    "Domain": "가전",
    "MainCategory": "계절가전",
    "ProductName": "린나이 RC600-18KF 일반판매점",
    "ReviewScore": "5",
    "Syllable": "118",
    "Word": "27",
    "RDate": "20210820",
    "Aspects": [
      {
        "Aspect": "기능",
        "SentimentText": "새제품으로 교체하니 너무 따뜻하고 성능이 역시~ 너무 좋네요!!",
        "SentimentWord": "8",
        "SentimentPolarity": "1"
      },
      {
        "Aspect": "가격",
        "SentimentText": "기본 설치비용 외에 추가적인 비용도 청구하셔서 좀 부담스럽고 당황스러웠어요. ㅜ 가격 생각하면 그렇게 저렴하게 구매한 느낌도 안 들더라고요. ",
        "SentimentWord": "18",
        "SentimentPolarity": "-1"
      }
    ]
  },
  {
    "Index": "37651",
    "RawText": "실내가 후끈후끈 성능이 엄청 좋아서 만족해요~! 소음도 별로 없어서 아주 좋습니다. ~!",
    "Source": "쇼핑몰",
    "Domain": "가전",
    "MainCategory": "계절가전",
    "ProductName": "린나이 RC600-18KF 일반판매점",
    "ReviewScore": "5",
    "Syllable": "49",
    "Word": "12",
    "RDate": "20220208",
    "Aspects": [
      {
        "Aspect": "기능",
        "SentimentText": "실내가 후끈후끈 성능이 엄청 좋아서 만족해요~!",
        "SentimentWord": "6",
        "SentimentPolarity": "1"
      },
      {
        "Aspect": "소음",
        "SentimentText": " 소음도 별로 없어서 아주 좋습니다. ~!",
        "SentimentWord": "6",
        "SentimentPolarity": "1"
      }
    ]
  },
  {
    "Index": "37652",
    "RawText": "제품 가격이 대리점보다 저렴하고 좋아요~^^ 제품 켜보니 성능 좋아 집안이 훈훈해서 좋네요. 잘샀어요.",
    "Source": "쇼핑몰",
    "Domain": "가전",
    "MainCategory": "계절가전",
    "ProductName": "린나이 RC600-18KF 일반판매점",
    "ReviewScore": "5",
    "Syllable": "57",
    "Word": "13",
    "RDate": "20210204",
    "Aspects": [
      {
        "Aspect": "가격",
        "SentimentText": "제품 가격이 대리점보다 저렴하고 좋아요~^^ ",
        "SentimentWord": "5",
        "SentimentPolarity": "1"
      },
      {
        "Aspect": "기능",
        "SentimentText": "제품 켜보니 성능 좋아 집안이 훈훈해서 좋네요. 잘샀어요. ",
        "SentimentWord": "8",
        "SentimentPolarity": "1"
      }
    ]
  },
  {
    "Index": "37653",
    "RawText": "제품 성능이 탁월해서 집안 온도를 20도로 설정했는데도 무척 따듯해서 좋아요~! 역시 1등 OOO 제품이라 신뢰가 가서 믿고 구입했는데 역시 너무 좋네요. 잘 샀어요 ^^",
    "Source": "쇼핑몰",
    "Domain": "가전",
    "MainCategory": "계절가전",
    "ProductName": "린나이 RC600-18KF 일반판매점",
    "ReviewScore": "5",
    "Syllable": "95",
    "Word": "24",
    "RDate": "20220121",
    "GeneralPolarity": "1",
    "Aspects": [
      {
        "Aspect": "기능",
        "SentimentText": "제품 성능이 탁월해서 집안 온도를 20도로 설정했는데도 무척 따듯해서 좋아요~!",
        "SentimentWord": "10",
        "SentimentPolarity": "1"
      },
      {
        "Aspect": "제조일/제조사",
        "SentimentText": "역시 1등 OOO 제품이라 신뢰가 가서 믿고 구입했는데 역시 너무 좋네요. 잘 샀어요 ^^ ",
        "SentimentWord": "14",
        "SentimentPolarity": "1"
      }
    ]
  },
  {
    "Index": "37654",
    "RawText": "제품 구매하려고 이곳 저곳 문의하다 가격 제일 저렴한 곳에서 구입해서 좋습니다.  성능도 좋아서 집안 전체가 무척 훈훈해서 만족스러워요~",
    "Source": "쇼핑몰",
    "Domain": "가전",
    "MainCategory": "계절가전",
    "ProductName": "린나이 RC600-18KF 일반판매점",
    "ReviewScore": "5",
    "Syllable": "76",
    "Word": "18",
    "RDate": "20220215",
    "Aspects": [
      {
        "Aspect": "가격",
        "SentimentText": "제품 구매하려고 이곳 저곳 문의하다 가격 제일 저렴한 곳에서 구입해서 좋습니다. ",
        "SentimentWord": "11",
        "SentimentPolarity": "1"
      },
      {
        "Aspect": "기능",
        "SentimentText": "성능도 좋아서 집안 전체가 무척 훈훈해서 만족스러워요~",
        "SentimentWord": "7",
        "SentimentPolarity": "1"
      }
    ]
  },
  {
    "Index": "37657",
    "RawText": "주문하고 이틀째 되는날 설치기사님께서 깔끔하게 설치해주셔서 좋았어요~ 따뜻하고 뜨거운물도 잘나오는거 보면 성능은 참 좋은 거 같아요. 다만 보일러 작동할때마다  이상한 소리가 나서 소음문제로 신경이 좀 쓰이네요...",
    "Source": "쇼핑몰",
    "Domain": "가전",
    "MainCategory": "계절가전",
    "ProductName": "린나이 RC600-18KF 일반판매점",
    "ReviewScore": "3",
    "Syllable": "120",
    "Word": "26",
    "RDate": "20220218",
    "Aspects": [
      {
        "Aspect": "기능",
        "SentimentText": "따뜻하고 뜨거운물도 잘나오는거 보면 성능은 참 좋은 거 같아요.",
        "SentimentWord": "9",
        "SentimentPolarity": "1"
      },
      {
        "Aspect": "소음",
        "SentimentText": "다만 보일러 작동할때마다  이상한 소리가 나서 소음문제로 신경이 좀 쓰이네요... ",
        "SentimentWord": "10",
        "SentimentPolarity": "-1"
      }
    ]
  },
  {
    "Index": "37660",
    "RawText": "작동시켜보니  온수가 빠르게 너무 잘 나와요. 성능최고!! 추가 설치비용도 없고  제품 가격도 저렴하게 구매해서 만족합니다",
    "Source": "쇼핑몰",
    "Domain": "가전",
    "MainCategory": "계절가전",
    "ProductName": "린나이 RC600-18KF 일반판매점",
    "ReviewScore": "5",
    "Syllable": "68",
    "Word": "15",
    "RDate": "20210218",
    "Aspects": [
      {
        "Aspect": "기능",
        "SentimentText": "작동시켜보니  온수가 빠르게 너무 잘 나와요. 성능최고!!",
        "SentimentWord": "7",
        "SentimentPolarity": "1"
      },
      {
        "Aspect": "가격",
        "SentimentText": "추가 설치비용도 없고  제품 가격도 저렴하게 구매해서 만족합니다",
        "SentimentWord": "8",
        "SentimentPolarity": "1"
      }
    ]
  },
  {
    "Index": "37661",
    "RawText": "제품 품질이 너무 좋고 고급스러워서 맘에 듭니다~ 다른곳보다 가격도 최저가격이라 너무 만족스러워요",
    "Source": "쇼핑몰",
    "Domain": "가전",
    "MainCategory": "계절가전",
    "ProductName": "린나이 RC600-18KF 일반판매점",
    "ReviewScore": "5",
    "Syllable": "54",
    "Word": "12",
    "RDate": "20200730",
    "Aspects": [
      {
        "Aspect": "품질",
        "SentimentText": "제품 품질이 너무 좋고 고급스러워서 맘에 듭니다~",
        "SentimentWord": "7",
        "SentimentPolarity": "1"
      },
      {
        "Aspect": "가격",
        "SentimentText": "다른곳보다 가격도 최저가격이라 너무 만족스러워요",
        "SentimentWord": "5",
        "SentimentPolarity": "1"
      }
    ]
  },
  {
    "Index": "37662",
    "RawText": "추가비용 없이 지원금도 미리 적용시켜서 저렴하게 구매해서 좋습니다 제품 성능도 뛰어나 따뜻해서 만족스럽고 재구매의사100%입니다",
    "Source": "쇼핑몰",
    "Domain": "가전",
    "MainCategory": "계절가전",
    "ProductName": "린나이 RC600-18KF 일반판매점",
    "ReviewScore": "5",
    "Syllable": "71",
    "Word": "14",
    "RDate": "20220426",
    "Aspects": [
      {
        "Aspect": "가격",
        "SentimentText": "추가비용 없이 지원금도 미리 적용시켜서 저렴하게 구매해서 좋습니다",
        "SentimentWord": "8",
        "SentimentPolarity": "1"
      },
      {
        "Aspect": "기능",
        "SentimentText": "제품 성능도 뛰어나 따뜻해서 만족스럽고 재구매의사100%입니다",
        "SentimentWord": "6",
        "SentimentPolarity": "1"
      }
    ]
  },
  {
    "Index": "37664",
    "RawText": "기존 사용하던 보일러의 잦은 오류발생으로 교체할 새제품을 알아보던중 000 공식대리점이 믿음도 가고 좋다고 들어서 구매했는데 소문만큼 정말 좋아서 마음에 드네요~ 배송부터 제품 설치까지 빠르게 진행되어서 너무 좋았어요!! 가격도 다른데보다 제일 저렴한것 같아서 만족합니다. ",
    "Source": "쇼핑몰",
    "Domain": "가전",
    "MainCategory": "계절가전",
    "ProductName": "린나이 RC600-22KF 공식대리점",
    "ReviewScore": "5",
    "Syllable": "153",
    "Word": "33",
    "RDate": "20220819",
    "Aspects": [
      {
        "Aspect": "제조일/제조사",
        "SentimentText": "기존 사용하던 보일러의 잦은 오류발생으로 교체할 새제품을 알아보던중 000 공식대리점이 믿음도 가고 좋다고 들어서 구매했는데 소문만큼 정말 좋아서 마음에 드네요~",
        "SentimentWord": "20",
        "SentimentPolarity": "1"
      },
      {
        "Aspect": "가격",
        "SentimentText": "가격도 다른데보다 제일 저렴한것 같아서 만족합니다.",
        "SentimentWord": "6",
        "SentimentPolarity": "1"
      }
    ]
  },
  {
    "Index": "37665",
    "RawText": "다른곳보다 가격도 제일 저렴하고 좋아요!! 제품 성능이 너무 좋아서 실내가 굉장히 따뜻해요~",
    "Source": "쇼핑몰",
    "Domain": "가전",
    "MainCategory": "계절가전",
    "ProductName": "린나이 RC600-22KF 공식대리점",
    "ReviewScore": "5",
    "Syllable": "51",
    "Word": "12",
    "RDate": "20220818",
    "Aspects": [
      {
        "Aspect": "가격",
        "SentimentText": "다른곳보다 가격도 제일 저렴하고 좋아요!! ",
        "SentimentWord": "5",
        "SentimentPolarity": "1"
      },
      {
        "Aspect": "기능",
        "SentimentText": "제품 성능이 너무 좋아서 실내가 굉장히 따뜻해요~",
        "SentimentWord": "7",
        "SentimentPolarity": "1"
      }
    ]
  },
  {
    "Index": "37666",
    "RawText": "보일러 작동도 너무 잘되고 뜨거운 물도 아주 잘나와요 성능짱!! 추가비 없는 저렴한 가격이라 만족합니다^^",
    "Source": "쇼핑몰",
    "Domain": "가전",
    "MainCategory": "계절가전",
    "ProductName": "린나이 RC600-22KF 공식대리점",
    "ReviewScore": "5",
    "Syllable": "59",
    "Word": "14",
    "RDate": "20220823",
    "Aspects": [
      {
        "Aspect": "기능",
        "SentimentText": "보일러 작동도 너무 잘되고 뜨거운 물도 아주 잘나와요 성능짱!!",
        "SentimentWord": "9",
        "SentimentPolarity": "1"
      },
      {
        "Aspect": "가격",
        "SentimentText": "추가비 없는 저렴한 가격이라 만족합니다^^",
        "SentimentWord": "5",
        "SentimentPolarity": "1"
      }
    ]
  },
  {
    "Index": "37668",
    "RawText": "000 믿고 구매했는데 역시 성능이 확실히 좋습니다!! 가격도 최저가격이라 만족해요! ",
    "Source": "쇼핑몰",
    "Domain": "가전",
    "MainCategory": "계절가전",
    "ProductName": "린나이 RC600-27KF 일반판매점",
    "ReviewScore": "5",
    "Syllable": "48",
    "Word": "10",
    "RDate": "20211127",
    "Aspects": [
      {
        "Aspect": "기능",
        "SentimentText": "000 믿고 구매했는데 역시 성능이 확실히 좋습니다!!",
        "SentimentWord": "7",
        "SentimentPolarity": "1"
      },
      {
        "Aspect": "가격",
        "SentimentText": "가격도 최저가격이라 만족해요!",
        "SentimentWord": "3",
        "SentimentPolarity": "1"
      }
    ]
  },
  {
    "Index": "37669",
    "RawText": "별도의 추가요금이 생각보다 많이 나와서 가격이 비싼편이네요ㅜ 보일러 돌아가는 소리도 꽤 커서 듣기 불편하네요ㅠ",
    "Source": "쇼핑몰",
    "Domain": "가전",
    "MainCategory": "계절가전",
    "ProductName": "린나이 RC600-27KF 일반판매점",
    "ReviewScore": "5",
    "Syllable": "61",
    "Word": "14",
    "RDate": "20210115",
    "Aspects": [
      {
        "Aspect": "가격",
        "SentimentText": "별도의 추가요금이 생각보다 많이 나와서 가격이 비싼편이네요ㅜ ",
        "SentimentWord": "7",
        "SentimentPolarity": "-1"
      },
      {
        "Aspect": "소음",
        "SentimentText": " 보일러 돌아가는 소리도 꽤 커서 듣기 불편하네요ㅠ",
        "SentimentWord": "7",
        "SentimentPolarity": "-1"
      }
    ]
  },
  {
    "Index": "37670",
    "RawText": "보일러 교체했더니 온수도 더 잘 나오고 성능이 상당히 좋아요~!! 가격도 비교후 저렴하게 구입해서 너무 좋습니다.",
    "Source": "쇼핑몰",
    "Domain": "가전",
    "MainCategory": "계절가전",
    "ProductName": "린나이 RC600-27KF 일반판매점",
    "ReviewScore": "5",
    "Syllable": "63",
    "Word": "15",
    "RDate": "20220210",
    "Aspects": [
      {
        "Aspect": "기능",
        "SentimentText": "보일러 교체했더니 온수도 더 잘 나오고 성능이 상당히 좋아요~!!",
        "SentimentWord": "9",
        "SentimentPolarity": "1"
      },
      {
        "Aspect": "가격",
        "SentimentText": " 가격도 비교후 저렴하게 구입해서 너무 좋습니다.",
        "SentimentWord": "6",
        "SentimentPolarity": "1"
      }
    ]
  },
  {
    "Index": "37672",
    "RawText": "제품 가격은 다른곳보다  저렴해서 만족스러워요. 그런데 보일러가 작동하다가 가끔 꺼지는 증상이 있어요. 정확한 원인은 파악해봐야 하지만 제품 품질에 문제가 있는거 같아 사용하는데 찝찝하네요.",
    "Source": "쇼핑몰",
    "Domain": "가전",
    "MainCategory": "계절가전",
    "ProductName": "린나이 RC600-27KF 일반판매점",
    "ReviewScore": "3",
    "Syllable": "106",
    "Word": "23",
    "RDate": "20211114",
    "Aspects": [
      {
        "Aspect": "가격",
        "SentimentText": "제품 가격은 다른곳보다  저렴해서 만족스러워요.",
        "SentimentWord": "5",
        "SentimentPolarity": "1"
      },
      {
        "Aspect": "품질",
        "SentimentText": "그런데 보일러가 작동하다가 가끔 꺼지는 증상이  있어요. 정확한 원인은 파악해봐야 하지만 제품 품질에 문제가 있는거 같아 사용하는데 찝찝하네요.",
        "SentimentWord": "18",
        "SentimentPolarity": "-1"
      }
    ]
  },
  {
    "Index": "37673",
    "RawText": "성능이 무척 좋아서  따뜻하게 지낼수 있어 아주 좋습니다~^^ 추가발생된 비용도 없고 가격도 저렴하네요^^",
    "Source": "쇼핑몰",
    "Domain": "가전",
    "MainCategory": "계절가전",
    "ProductName": "린나이 RC600-27KF 일반판매점",
    "ReviewScore": "5",
    "Syllable": "59",
    "Word": "13",
    "RDate": "20220221",
    "Aspects": [
      {
        "Aspect": "기능",
        "SentimentText": "성능이 무척 좋아서  따뜻하게 지낼수 있어 아주 좋습니다~^^ ",
        "SentimentWord": "8",
        "SentimentPolarity": "1"
      },
      {
        "Aspect": "가격",
        "SentimentText": "추가발생된 비용도 없고 가격도 저렴하네요^^",
        "SentimentWord": "5",
        "SentimentPolarity": "1"
      }
    ]
  },
  {
    "Index": "37675",
    "RawText": "보일러 정상적으로 작동이 잘 되고 방바닥도 따뜻해져서 좋네요 성능은 역시 좋아요~!! 다만 추가 비용이 너무 비싸서 가격 부담이 되네요ㅜ",
    "Source": "쇼핑몰",
    "Domain": "가전",
    "MainCategory": "계절가전",
    "ProductName": "린나이 RC600-27KF 일반판매점",
    "ReviewScore": "4",
    "Syllable": "76",
    "Word": "19",
    "RDate": "20201023",
    "Aspects": [
      {
        "Aspect": "기능",
        "SentimentText": "보일러 정상적으로 작동이 잘 되고 방바닥도 따뜻해져서 좋네요 성능은 역시 좋아요~!!",
        "SentimentWord": "11",
        "SentimentPolarity": "1"
      },
      {
        "Aspect": "가격",
        "SentimentText": "다만 추가 비용이 너무 비싸서 가격 부담이 되네요ㅜ",
        "SentimentWord": "8",
        "SentimentPolarity": "-1"
      }
    ]
  },
  {
    "Index": "37676",
    "RawText": "작동이 잘되고 성능도 굉장히 좋아서 만족스럽네요~!! 다른곳보다 가격도 좋아서 만족해요.",
    "Source": "쇼핑몰",
    "Domain": "가전",
    "MainCategory": "계절가전",
    "ProductName": "린나이 RC600-27KF 일반판매점",
    "ReviewScore": "5",
    "Syllable": "49",
    "Word": "10",
    "RDate": "20220424",
    "Aspects": [
      {
        "Aspect": "기능",
        "SentimentText": "작동이 잘되고 성능도 굉장히 좋아서 만족스럽네요~!! ",
        "SentimentWord": "6",
        "SentimentPolarity": "1"
      },
      {
        "Aspect": "가격",
        "SentimentText": "다른곳보다 가격도 좋아서 만족해요.",
        "SentimentWord": "4",
        "SentimentPolarity": "1"
      }
    ]
  },
  {
    "Index": "37679",
    "RawText": "제품 가격은 비슷한 용량의 제품과 비교했을때 비싸서 좀 아쉬워요. ㅜ  제품 디자인이 무척 심플해서 맘에 드네요. 제품 소재가 스테인레스가 튼튼해서 잔 고장 없을 것 같아 무척 안심됩니다.  제품 사용해보니 성능이 뛰어나 아주 좋네요 . 잘샀어요. ^^",
    "Source": "쇼핑몰",
    "Domain": "가전",
    "MainCategory": "계절가전",
    "ProductName": "린나이 REW-SA30W",
    "ReviewScore": "5",
    "Syllable": "141",
    "Word": "36",
    "RDate": "20170605",
    "GeneralPolarity": "0",
    "Aspects": [
      {
        "Aspect": "가격",
        "SentimentText": "제품 가격은 비슷한 용량의 제품과 비교했을때 비싸서 좀 아쉬워요. ㅜ ",
        "SentimentWord": "10",
        "SentimentPolarity": "-1"
      },
      {
        "Aspect": "디자인",
        "SentimentText": "제품 디자인이 무척 심플해서 맘에 드네요.",
        "SentimentWord": "6",
        "SentimentPolarity": "1"
      },
      {
        "Aspect": "소재",
        "SentimentText": "제품 소재가 스테인레스가 튼튼해서 잔 고장 없을 것 같아 무척 안심됩니다. ",
        "SentimentWord": "11",
        "SentimentPolarity": "1"
      },
      {
        "Aspect": "기능",
        "SentimentText": "제품 사용해보니 성능이 뛰어나 아주 좋네요 . 잘샀어요. ^^ ",
        "SentimentWord": "9",
        "SentimentPolarity": "1"
      }
    ]
  },
  {
    "Index": "37681",
    "RawText": "스테인레스 소재 제품 구입했는데 탁월한 선택이네요. 만족합니다.  주름관이 스테인레스 소재라 아주 견고해서 세는 걱정 없이 오래 사용할 것 같아요. 추천",
    "Source": "쇼핑몰",
    "Domain": "가전",
    "MainCategory": "계절가전",
    "ProductName": "린나이 REW-SA30W",
    "ReviewScore": "5",
    "Syllable": "85",
    "Word": "20",
    "RDate": "20200108",
    "GeneralPolarity": "1",
    "Aspects": [
      {
        "Aspect": "소재",
        "SentimentText": "스테인레스 소재 제품 구입했는데 탁월한 선택이네요. 만족합니다. ",
        "SentimentWord": "7",
        "SentimentPolarity": "1"
      },
      {
        "Aspect": "소재",
        "SentimentText": "주름관이 스테인레스 소재라 아주 견고해서 세는 걱정 없이 오래 사용할 것 같아요. 추천 ",
        "SentimentWord": "13",
        "SentimentPolarity": "1"
      }
    ]
  },
  {
    "Index": "37682",
    "RawText": "제품 가격 저렴하게 구입해서 기분 좋아요  설치 기사님께서 신속하게 설치해주셔서 감사했어요.  최신상 제품이라 온도조절이 가능해 훨씬 사용이 편리해져 좋아요.  추가 설치비용이 좀 많이 발생했지만 워낙 저렴하게 제품 구매했던터라 전 설치서비스 만족해요~^^",
    "Source": "쇼핑몰",
    "Domain": "가전",
    "MainCategory": "계절가전",
    "ProductName": "린나이 REW-SA30W",
    "ReviewScore": "5",
    "Syllable": "143",
    "Word": "31",
    "RDate": "20160507",
    "Aspects": [
      {
        "Aspect": "가격",
        "SentimentText": "제품 가격 저렴하게 구입해서 기분 좋아요 ",
        "SentimentWord": "6",
        "SentimentPolarity": "1"
      },
      {
        "Aspect": "조작성",
        "SentimentText": "최신상 제품이라 온도조절이 가능해 훨씬 사용이 편리해져 좋아요. ",
        "SentimentWord": "8",
        "SentimentPolarity": "1"
      }
    ]
  },
  {
    "Index": "37687",
    "RawText": "온수기 성능이 좋고 뜨거운 물이 콸콸~잘 나와서 너무 좋아요! 가격도 너무 저렴하고 좋습니다~",
    "Source": "쇼핑몰",
    "Domain": "가전",
    "MainCategory": "계절가전",
    "ProductName": "린나이 REW-TA30W",
    "ReviewScore": "5",
    "Syllable": "52",
    "Word": "13",
    "RDate": "20211231",
    "Aspects": [
      {
        "Aspect": "기능",
        "SentimentText": "온수기 성능이 좋고 뜨거운 물이 콸콸~잘 나와서 너무 좋아요! ",
        "SentimentWord": "9",
        "SentimentPolarity": "1"
      },
      {
        "Aspect": "가격",
        "SentimentText": "가격도 너무 저렴하고 좋습니다~",
        "SentimentWord": "4",
        "SentimentPolarity": "1"
      }
    ]
  },
  {
    "Index": "37688",
    "RawText": "헐. 배송받고 물건 보니 깨져있네요.. 문의하니 배송중에 제품 깨진 것 같다 하셔서 너무 당황스럽네요. ㅜ  저렴한 가격의 제품도 아닌데 어이없고 화나네요ㅠ",
    "Source": "쇼핑몰",
    "Domain": "가전",
    "MainCategory": "계절가전",
    "ProductName": "린나이 REW-TA30W",
    "ReviewScore": "5",
    "Syllable": "87",
    "Word": "21",
    "RDate": "20211005",
    "Aspects": [
      {
        "Aspect": "품질",
        "SentimentText": "헐. 배송받고 물건 보니 깨져있네요.. 문의하니 배송중에 제품 깨진 것 같다 하셔서 너무 당황스럽네요. ㅜ ",
        "SentimentWord": "15",
        "SentimentPolarity": "-1"
      },
      {
        "Aspect": "가격",
        "SentimentText": "저렴한 가격의 제품도 아닌데 어이없고 화나네요ㅠ",
        "SentimentWord": "6",
        "SentimentPolarity": "-1"
      }
    ]
  },
  {
    "Index": "37689",
    "RawText": "온수기 뜨거운 물도 잘 나오고 성능이 매우 좋습니다~!! 다만 제품 용량(50리터)이 너무 커서 후회되네요.. 저희는 2인가구라 더 작은 용량도 충분할걸 그랬어요. ㅜ",
    "Source": "쇼핑몰",
    "Domain": "가전",
    "MainCategory": "계절가전",
    "ProductName": "린나이 REW-TA30W",
    "ReviewScore": "5",
    "Syllable": "93",
    "Word": "22",
    "RDate": "20211016",
    "Aspects": [
      {
        "Aspect": "기능",
        "SentimentText": "온수기 뜨거운 물도 잘 나오고 성능이 매우 좋습니다~!!",
        "SentimentWord": "8",
        "SentimentPolarity": "1"
      },
      {
        "Aspect": "용량",
        "SentimentText": " 제품 용량(50리터)이 너무 커서 후회되네요.. 저희는 2인가구라 더 작은 용량도 충분할걸 그랬어요. ㅜ ",
        "SentimentWord": "13",
        "SentimentPolarity": "-1"
      }
    ]
  },
  {
    "Index": "37690",
    "RawText": "10년 사용하던 제품이 고장나서 이번에 같은 제품으로 재주문했어요.  회사 명성에 알맞게 제품도 업그레이드 되어 성능이 더 좋아졌네요. 아주 만족합니다. ^^  제품 가격도 저렴하게 구입 잘해서 좋아요~^^ 감사",
    "Source": "쇼핑몰",
    "Domain": "가전",
    "MainCategory": "계절가전",
    "ProductName": "린나이 REW-TA30W",
    "ReviewScore": "5",
    "Syllable": "118",
    "Word": "27",
    "RDate": "20170711",
    "GeneralPolarity": "1",
    "Aspects": [
      {
        "Aspect": "기능",
        "SentimentText": "회사 명성에 알맞게 제품도 업그레이드 되어 성능이 더 좋아졌네요. 아주 만족합니다. ^^ ",
        "SentimentWord": "12",
        "SentimentPolarity": "1"
      },
      {
        "Aspect": "가격",
        "SentimentText": "제품 가격도 저렴하게 구입 잘해서 좋아요~^^ 감사",
        "SentimentWord": "7",
        "SentimentPolarity": "1"
      }
    ]
  },
  {
    "Index": "37692",
    "RawText": "제품 저렴하게 구입해서 무척 기분 좋네요.  성능이 좋아 온수도 잘나와서 따뜻하게 사용하고 있어요^^",
    "Source": "쇼핑몰",
    "Domain": "가전",
    "MainCategory": "계절가전",
    "ProductName": "린나이 REW-TA30W",
    "ReviewScore": "5",
    "Syllable": "56",
    "Word": "13",
    "RDate": "20171214",
    "Aspects": [
      {
        "Aspect": "가격",
        "SentimentText": "제품 저렴하게 구입해서 무척 기분 좋네요. ",
        "SentimentWord": "6",
        "SentimentPolarity": "1"
      },
      {
        "Aspect": "기능",
        "SentimentText": "성능이 좋아 온수도 잘나와서 따뜻하게 사용하고 있어요^^",
        "SentimentWord": "7",
        "SentimentPolarity": "1"
      }
    ]
  },
  {
    "Index": "37696",
    "RawText": "제품 순간 온수 기능이 탁월해 엄청 빨리 따뜻한 물이 콸콸 나오네요. 만족합니다. ^^  제품 가격도 저렴하게 잘 사서 기분좋아요.  다만 예상보다 제품 크기가 무척 커서 공간차지 많이해서 불편해요. ㅜ (50리터 구입)",
    "Source": "쇼핑몰",
    "Domain": "가전",
    "MainCategory": "계절가전",
    "ProductName": "린나이 REW-TA50W",
    "ReviewScore": "5",
    "Syllable": "123",
    "Word": "31",
    "RDate": "20170328",
    "GeneralPolarity": "0",
    "Aspects": [
      {
        "Aspect": "기능",
        "SentimentText": "제품 순간 온수 기능이 탁월해 엄청 빨리 따뜻한 물이 콸콸 나오네요. 만족합니다. ^^ ",
        "SentimentWord": "13",
        "SentimentPolarity": "1"
      },
      {
        "Aspect": "가격",
        "SentimentText": "제품 가격도 저렴하게 잘 사서 기분좋아요. ",
        "SentimentWord": "6",
        "SentimentPolarity": "1"
      },
      {
        "Aspect": "사이즈",
        "SentimentText": " 예상보다 제품 크기가 무척 커서 공간차지 많이해서 불편해요. ㅜ (50리터 구입)  ",
        "SentimentWord": "11",
        "SentimentPolarity": "-1"
      }
    ]
  },
  {
    "Index": "37699",
    "RawText": "생각보다 용량이 너무 크네요ㅜ 제품 가격은 저렴해서 아주 만족해요 ^^ 최고~!",
    "Source": "쇼핑몰",
    "Domain": "가전",
    "MainCategory": "계절가전",
    "ProductName": "린나이 REW-TA50W",
    "ReviewScore": "5",
    "Syllable": "44",
    "Word": "11",
    "RDate": "20211110",
    "Aspects": [
      {
        "Aspect": "용량",
        "SentimentText": "생각보다 용량이 너무 크네요ㅜ",
        "SentimentWord": "4",
        "SentimentPolarity": "-1"
      },
      {
        "Aspect": "가격",
        "SentimentText": "제품 가격은 저렴해서 아주 만족해요 ^^ 최고~!",
        "SentimentWord": "7",
        "SentimentPolarity": "1"
      }
    ]
  },
  {
    "Index": "37700",
    "RawText": "예상했던것보다 제품 설치하기가 어려워 설명서보고 간신히 설치했어요. ㅜ  제품은 순간 온수 기능이 탁월해 금방 따듯한 물이 나와 사용이 편합니다. 만족해요~! ",
    "Source": "쇼핑몰",
    "Domain": "가전",
    "MainCategory": "계절가전",
    "ProductName": "린나이 REW-TA50W",
    "ReviewScore": "5",
    "Syllable": "89",
    "Word": "20",
    "RDate": "20170527",
    "GeneralPolarity": "0",
    "Aspects": [
      {
        "Aspect": "조작성",
        "SentimentText": "예상했던것보다 제품 설치하기가 어려워 설명서보고 간신히 설치했어요. ㅜ ",
        "SentimentWord": "8",
        "SentimentPolarity": "-1"
      },
      {
        "Aspect": "기능",
        "SentimentText": "제품은 순간 온수 기능이 탁월해 금방 따듯한 물이 나와 사용이 편합니다. 만족해요~!",
        "SentimentWord": "12",
        "SentimentPolarity": "1"
      }
    ]
  },
  {
    "Index": "37701",
    "RawText": "제품 저렴한 가격(부속부품은 별도구매)에 구입해서 좋아요~! 감사 제품 포장도 뽁뽁이로 이중포장해주셔서 스크래치 없이 잘 도착해서 만족합니다.  제품 배송도 무척 빨라서 굿~!^^ 혼자서 설치하기는 어렵습니다. ",
    "Source": "쇼핑몰",
    "Domain": "가전",
    "MainCategory": "계절가전",
    "ProductName": "린나이 REW-TA50W",
    "ReviewScore": "5",
    "Syllable": "118",
    "Word": "24",
    "RDate": "20180915",
    "Aspects": [
      {
        "Aspect": "가격",
        "SentimentText": "제품 저렴한 가격(부속부품은 별도구매)에 구입해서 좋아요~! 감사",
        "SentimentWord": "7",
        "SentimentPolarity": "1"
      },
      {
        "Aspect": "조작성",
        "SentimentText": "혼자서 설치하기는 어렵습니다.",
        "SentimentWord": "3",
        "SentimentPolarity": "-1"
      }
    ]
  },
  {
    "Index": "37702",
    "RawText": "저렴한 가격에 구입해서 만족합니다. 따뜻한 물이 잘 나와서 좋아요. 이해하기 쉬운 설명서로 조립설치도 편하게 할 수 있어요.",
    "Source": "쇼핑몰",
    "Domain": "가전",
    "MainCategory": "계절가전",
    "ProductName": "린나이 RW-08SF 일반구매",
    "ReviewScore": "5",
    "Syllable": "69",
    "Word": "17",
    "RDate": "20170820",
    "GeneralPolarity": "1",
    "Aspects": [
      {
        "Aspect": "가격",
        "SentimentText": "저렴한 가격에 구입해서 만족합니다.",
        "SentimentWord": "4",
        "SentimentPolarity": "1"
      },
      {
        "Aspect": "기능",
        "SentimentText": "따뜻한 물이 잘 나와서 좋아요.",
        "SentimentWord": "5",
        "SentimentPolarity": "1"
      },
      {
        "Aspect": "조작성",
        "SentimentText": "이해하기 쉬운 설명서로 조립설치도 편하게 할 수 있어요.",
        "SentimentWord": "8",
        "SentimentPolarity": "1"
      }
    ]
  },
  {
    "Index": "37703",
    "RawText": "가성비 정말 좋은 제품으로 만족합니다. 최근 제조일이였음 더 좋았을텐데 아쉽네요..",
    "Source": "쇼핑몰",
    "Domain": "가전",
    "MainCategory": "계절가전",
    "ProductName": "린나이 RW-08SF 일반구매",
    "ReviewScore": "4",
    "Syllable": "46",
    "Word": "10",
    "RDate": "20171012",
    "GeneralPolarity": "0",
    "Aspects": [
      {
        "Aspect": "가격",
        "SentimentText": "가성비 정말 좋은 제품으로 만족합니다.",
        "SentimentWord": "5",
        "SentimentPolarity": "1"
      },
      {
        "Aspect": "제조일/제조사",
        "SentimentText": "최근 제조일이였음 더 좋았을텐데 아쉽네요..",
        "SentimentWord": "5",
        "SentimentPolarity": "-1"
      }
    ]
  },
  {
    "Index": "37704",
    "RawText": "저렴한 가격에 잘 구매했어요~  배송도 빠르게 와서 만족합니다~  순간온수기능이 잘 작동하지 않아요. 그다지 따뜻하지도 않고요  포장도 꼼꼼하게 잘 해주셨어요~",
    "Source": "쇼핑몰",
    "Domain": "가전",
    "MainCategory": "계절가전",
    "ProductName": "린나이 RW-08SF 일반구매",
    "ReviewScore": "5",
    "Syllable": "89",
    "Word": "19",
    "RDate": "20160324",
    "Aspects": [
      {
        "Aspect": "가격",
        "SentimentText": "저렴한 가격에 잘 구매했어요~",
        "SentimentWord": "4",
        "SentimentPolarity": "1"
      },
      {
        "Aspect": "기능",
        "SentimentText": "순간온수기능이 잘 작동하지 않아요. 그다지 따뜻하지도 않고요",
        "SentimentWord": "7",
        "SentimentPolarity": "-1"
      }
    ]
  },
  {
    "Index": "37705",
    "RawText": "누구나 쉽게 설치할 수 있어 좋네요~  따뜻한 물도 잘나와 에너지효율도 좋네요^^  ",
    "Source": "쇼핑몰",
    "Domain": "가전",
    "MainCategory": "계절가전",
    "ProductName": "린나이 RW-08SF 일반구매",
    "ReviewScore": "5",
    "Syllable": "47",
    "Word": "11",
    "RDate": "20161129",
    "GeneralPolarity": "1",
    "Aspects": [
      {
        "Aspect": "조작성",
        "SentimentText": "누구나 쉽게 설치할 수 있어 좋네요~",
        "SentimentWord": "6",
        "SentimentPolarity": "1"
      },
      {
        "Aspect": "소비전력",
        "SentimentText": "따뜻한 물도 잘나와 에너지효율도 좋네요^^",
        "SentimentWord": "5",
        "SentimentPolarity": "1"
      }
    ]
  },
  {
    "Index": "37706",
    "RawText": "전기로 사용하는거라 따뜻한물이 엄청 잘 나와요~~  소재는 싸구려재질같아 마음에 안들어요  ",
    "Source": "쇼핑몰",
    "Domain": "가전",
    "MainCategory": "계절가전",
    "ProductName": "린나이 RW-08SF 일반구매",
    "ReviewScore": "5",
    "Syllable": "51",
    "Word": "10",
    "RDate": "20160531",
    "GeneralPolarity": "0",
    "Aspects": [
      {
        "Aspect": "기능",
        "SentimentText": "전기로 사용하는거라 따뜻한물이 엄청 잘 나와요~~",
        "SentimentWord": "6",
        "SentimentPolarity": "1"
      },
      {
        "Aspect": "소재",
        "SentimentText": "소재는 싸구려재질같아 마음에 안들어요 ",
        "SentimentWord": "4",
        "SentimentPolarity": "-1"
      }
    ]
  },
  {
    "Index": "37709",
    "RawText": "저렴한 가격에 잘 구매했지만 택배비가 비싼게 아쉬워요 따뜻한 온수가 잘나와서 성능은 너무 좋네요~!! ",
    "Source": "쇼핑몰",
    "Domain": "가전",
    "MainCategory": "계절가전",
    "ProductName": "린나이 RW-08SF 일반구매",
    "ReviewScore": "4",
    "Syllable": "57",
    "Word": "13",
    "RDate": "20170724",
    "Aspects": [
      {
        "Aspect": "가격",
        "SentimentText": "저렴한 가격에 잘 구매했지만 택배비가 비싼게 아쉬워요",
        "SentimentWord": "7",
        "SentimentPolarity": "0"
      },
      {
        "Aspect": "기능",
        "SentimentText": "따뜻한 온수가 잘나와서 성능은 너무 좋네요~!!",
        "SentimentWord": "6",
        "SentimentPolarity": "1"
      }
    ]
  },
  {
    "Index": "37710",
    "RawText": "구입후 바로 다음날 도착해서 만족했으나 설치를 따로 해야해서 불편하네요. 따뜻한 물이 바로 잘 나와서 편리하네요. 소음이 적어 거슬리지 않습니다^^ 배송비가 비싸서 아쉬워요~",
    "Source": "쇼핑몰",
    "Domain": "가전",
    "MainCategory": "계절가전",
    "ProductName": "린나이 RW-08SF 일반구매",
    "ReviewScore": "4",
    "Syllable": "97",
    "Word": "22",
    "RDate": "20170407",
    "Aspects": [
      {
        "Aspect": "기능",
        "SentimentText": "따뜻한 물이 바로 잘 나와서 편리하네요.",
        "SentimentWord": "6",
        "SentimentPolarity": "1"
      },
      {
        "Aspect": "소음",
        "SentimentText": "소음이 적어 거슬리지 않습니다^^",
        "SentimentWord": "4",
        "SentimentPolarity": "0"
      },
      {
        "Aspect": "가격",
        "SentimentText": "배송비가 비싸서 아쉬워요~",
        "SentimentWord": "3",
        "SentimentPolarity": "-1"
      }
    ]
  },
  {
    "Index": "37711",
    "RawText": "처음 안내해준 설치비 보다 더 받으셔서 기분 안좋았어요 온수기는 성능이 매우 좋아서 뜨거운 물이 아주 잘 나오네요~",
    "Source": "쇼핑몰",
    "Domain": "가전",
    "MainCategory": "계절가전",
    "ProductName": "린나이 RW-08SF 일반구매",
    "ReviewScore": "4",
    "Syllable": "64",
    "Word": "17",
    "RDate": "20170223",
    "Aspects": [
      {
        "Aspect": "가격",
        "SentimentText": "처음 안내해준 설치비 보다 더 받으셔서 기분 안좋았어요",
        "SentimentWord": "8",
        "SentimentPolarity": "-1"
      },
      {
        "Aspect": "기능",
        "SentimentText": "온수기는 성능이 매우 좋아서 뜨거운 물이 아주 잘 나오네요~",
        "SentimentWord": "9",
        "SentimentPolarity": "1"
      }
    ]
  },
  {
    "Index": "37713",
    "RawText": "생각보다 저렴하게 구입했습니다~   물이 데워지는 데까지 시간이 좀 오래 걸려요  ",
    "Source": "쇼핑몰",
    "Domain": "가전",
    "MainCategory": "계절가전",
    "ProductName": "린나이 RW-08SF 일반구매",
    "ReviewScore": "5",
    "Syllable": "46",
    "Word": "10",
    "RDate": "20161216",
    "GeneralPolarity": "0",
    "Aspects": [
      {
        "Aspect": "가격",
        "SentimentText": "생각보다 저렴하게 구입했습니다~ ",
        "SentimentWord": "3",
        "SentimentPolarity": "1"
      },
      {
        "Aspect": "시간/속도",
        "SentimentText": " 물이 데워지는 데까지 시간이 좀 오래 걸려요",
        "SentimentWord": "7",
        "SentimentPolarity": "-1"
      }
    ]
  },
  {
    "Index": "37714",
    "RawText": "따뜻한 물이 시원시원하게 잘 나와서 좋아요  소음도 없어서 좋네요  제품 마감도 그럭저럭 괜찮네요",
    "Source": "쇼핑몰",
    "Domain": "가전",
    "MainCategory": "계절가전",
    "ProductName": "린나이 RW-08SF 일반구매",
    "ReviewScore": "5",
    "Syllable": "54",
    "Word": "13",
    "RDate": "20160608",
    "GeneralPolarity": "1",
    "Aspects": [
      {
        "Aspect": "기능",
        "SentimentText": "따뜻한 물이 시원시원하게 잘 나와서 좋아요",
        "SentimentWord": "6",
        "SentimentPolarity": "1"
      },
      {
        "Aspect": "소음",
        "SentimentText": "소음도 없어서 좋네요",
        "SentimentWord": "3",
        "SentimentPolarity": "1"
      },
      {
        "Aspect": "품질",
        "SentimentText": "제품 마감도 그럭저럭 괜찮네요",
        "SentimentWord": "4",
        "SentimentPolarity": "0"
      }
    ]
  },
  {
    "Index": "37715",
    "RawText": "가성비 좋은 제품으로 구입해서 만족합니다. 온수가 엄청 잘 나와서 아주 좋아요.",
    "Source": "쇼핑몰",
    "Domain": "가전",
    "MainCategory": "계절가전",
    "ProductName": "린나이 RW-18BF 일반구매",
    "ReviewScore": "5",
    "Syllable": "44",
    "Word": "11",
    "RDate": "20160316",
    "GeneralPolarity": "1",
    "Aspects": [
      {
        "Aspect": "가격",
        "SentimentText": "가성비 좋은 제품으로 구입해서 만족합니다.",
        "SentimentWord": "5",
        "SentimentPolarity": "1"
      },
      {
        "Aspect": "기능",
        "SentimentText": "온수가 엄청 잘 나와서 아주 좋아요.",
        "SentimentWord": "6",
        "SentimentPolarity": "1"
      }
    ]
  },
  {
    "Index": "37716",
    "RawText": "익일 배송으로 엄청 빨리 도착해서 마음에 들어요. 가성비 좋은 제품으로 구입해서 만족합니다. 최근 생산된 제품이라 아주아주 좋아요^^",
    "Source": "쇼핑몰",
    "Domain": "가전",
    "MainCategory": "계절가전",
    "ProductName": "린나이 RW-18BF 일반구매",
    "ReviewScore": "5",
    "Syllable": "74",
    "Word": "17",
    "RDate": "20220617",
    "Aspects": [
      {
        "Aspect": "가격",
        "SentimentText": "가성비 좋은 제품으로 구입해서 만족합니다.",
        "SentimentWord": "5",
        "SentimentPolarity": "1"
      },
      {
        "Aspect": "제조일/제조사",
        "SentimentText": "최근 생산된 제품이라 아주아주 좋아요^^",
        "SentimentWord": "5",
        "SentimentPolarity": "1"
      }
    ]
  },
  {
    "Index": "37718",
    "RawText": "따뜻한 물이 아주 잘 나와서 좋아요~ 성능 굿!!  최근 제조된 상품이 배송되어 너무 좋아요!",
    "Source": "쇼핑몰",
    "Domain": "가전",
    "MainCategory": "계절가전",
    "ProductName": "린나이 RW-18BF 일반구매",
    "ReviewScore": "5",
    "Syllable": "52",
    "Word": "14",
    "RDate": "20170405",
    "Aspects": [
      {
        "Aspect": "기능",
        "SentimentText": "따뜻한 물이 아주 잘 나와서 좋아요~ 성능 굿!!",
        "SentimentWord": "8",
        "SentimentPolarity": "1"
      },
      {
        "Aspect": "제조일/제조사",
        "SentimentText": "최근 제조된 상품이 배송되어 너무 좋아요!",
        "SentimentWord": "6",
        "SentimentPolarity": "1"
      }
    ]
  },
  {
    "Index": "37719",
    "RawText": "착한 가격으로 잘 산 듯해요^^  배송기사님도 빠른 배송 해주셔서 제품 빨리 받아서 좋아요  부속품은 추가로 구매해야한다니 어이없네요  포장도 꼼꼼하게 잘 싸서 보내주셔서 만족합니다.",
    "Source": "쇼핑몰",
    "Domain": "가전",
    "MainCategory": "계절가전",
    "ProductName": "린나이 RW-18BF 일반구매",
    "ReviewScore": "5",
    "Syllable": "102",
    "Word": "23",
    "RDate": "20200329",
    "Aspects": [
      {
        "Aspect": "가격",
        "SentimentText": "착한 가격으로 잘 산 듯해요^^",
        "SentimentWord": "5",
        "SentimentPolarity": "1"
      },
      {
        "Aspect": "제품구성",
        "SentimentText": "부속품은 추가로 구매해야한다니 어이없네요",
        "SentimentWord": "4",
        "SentimentPolarity": "-1"
      }
    ]
  },
  {
    "Index": "37721",
    "RawText": "배송이 정말 빠르고 설치도 꼼꼼하게 잘되어 만족합니다. 00사 전기온수에 적용해서 사용하고 있는데 따뜻한 물이 잘 나와 좋습니다. 감압기능과 수압누수양이 떨어지는 증상을 확인하게 되어 아쉽습니다.",
    "Source": "쇼핑몰",
    "Domain": "가전",
    "MainCategory": "계절가전",
    "ProductName": "홈시스 귀뚜라미 전기온수기 수도용 감압밸브",
    "ReviewScore": "5",
    "Syllable": "109",
    "Word": "24",
    "RDate": "20211115",
    "GeneralPolarity": "0",
    "Aspects": [
      {
        "Aspect": "기능",
        "SentimentText": "따뜻한 물이 잘 나와 좋습니다.",
        "SentimentWord": "5",
        "SentimentPolarity": "1"
      },
      {
        "Aspect": "품질",
        "SentimentText": "감압기능과 수압누수양이 떨어지는 증상을 확인하게 되어 아쉽습니다.",
        "SentimentWord": "7",
        "SentimentPolarity": "-1"
      }
    ]
  },
  {
    "Index": "37722",
    "RawText": "빠른 배송으로 보내주셔서 감사합니다!  하지만 포장은 좀 신경써주세요 혼자서 설치하기가 생각보다 쉽지않네요. 작동할때마다 들리는 소리가 신경에 거슬리네요",
    "Source": "쇼핑몰",
    "Domain": "가전",
    "MainCategory": "계절가전",
    "ProductName": "홈시스 귀뚜라미 전기온수기 수도용 감압밸브",
    "ReviewScore": "5",
    "Syllable": "85",
    "Word": "17",
    "RDate": "20220226",
    "Aspects": [
      {
        "Aspect": "조작성",
        "SentimentText": "혼자서 설치하기가 생각보다 쉽지않네요.",
        "SentimentWord": "4",
        "SentimentPolarity": "-1"
      },
      {
        "Aspect": "소음",
        "SentimentText": "작동할때마다 들리는 소리가 신경에 거슬리네요",
        "SentimentWord": "5",
        "SentimentPolarity": "-1"
      }
    ]
  },
  {
    "Index": "37724",
    "RawText": "제품에 문제가 생겼는데 혼자 고칠수 있을만큼 조작이 간단해서 좋네요  따뜻한 물도 콸콸 잘 나와요~!! ",
    "Source": "쇼핑몰",
    "Domain": "가전",
    "MainCategory": "계절가전",
    "ProductName": "홈시스 귀뚜라미 전기온수기 수도용 감압밸브",
    "ReviewScore": "5",
    "Syllable": "58",
    "Word": "14",
    "RDate": "20211116",
    "GeneralPolarity": "1",
    "Aspects": [
      {
        "Aspect": "조작성",
        "SentimentText": "제품에 문제가 생겼는데 혼자 고칠수 있을만큼 조작이 간단해서 좋네요",
        "SentimentWord": "9",
        "SentimentPolarity": "1"
      },
      {
        "Aspect": "기능",
        "SentimentText": "따뜻한 물도 콸콸 잘 나와요~!!",
        "SentimentWord": "5",
        "SentimentPolarity": "1"
      }
    ]
  },
  {
    "Index": "37726",
    "RawText": "자가설치가 가능한 제품으로 편리합니다. 벌레 차단에 도움이 되어 정말 좋아요~",
    "Source": "쇼핑몰",
    "Domain": "가전",
    "MainCategory": "계절가전",
    "ProductName": "21센추리 CYA-A090",
    "ReviewScore": "5",
    "Syllable": "43",
    "Word": "10",
    "RDate": "20210625",
    "GeneralPolarity": "1",
    "Aspects": [
      {
        "Aspect": "조작성",
        "SentimentText": "자가설치가 가능한 제품으로 편리합니다.",
        "SentimentWord": "4",
        "SentimentPolarity": "1"
      },
      {
        "Aspect": "기능",
        "SentimentText": "벌레 차단에 도움이 되어 정말 좋아요~",
        "SentimentWord": "6",
        "SentimentPolarity": "1"
      }
    ]
  },
  {
    "Index": "37727",
    "RawText": "25평 거실에 쓰기 딱 좋은 사이즈예요~~!!  날개 디자인도 깔끔해서 맘에 들고   제품에 문제 생겼을때 빠르게 서비스 처리 해주셔서 좋았어요!배송도 빠르게 와서 만족합니다~  ",
    "Source": "쇼핑몰",
    "Domain": "가전",
    "MainCategory": "계절가전",
    "ProductName": "AERATRON 에어라트론 실링팬 AE3+50",
    "ReviewScore": "5",
    "Syllable": "100",
    "Word": "22",
    "RDate": "20220319",
    "Aspects": [
      {
        "Aspect": "사이즈",
        "SentimentText": "25평 거실에 쓰기 딱 좋은 사이즈예요~~!!",
        "SentimentWord": "6",
        "SentimentPolarity": "1"
      },
      {
        "Aspect": "디자인",
        "SentimentText": " 날개 디자인도 깔끔해서 맘에 들고 ",
        "SentimentWord": "5",
        "SentimentPolarity": "1"
      }
    ]
  },
  {
    "Index": "37728",
    "RawText": "거실이 예뻐져서 마음에 들지만 세련되지 않은 리모콘 디자인이 아쉽네요. 사용법이 편리해서 마음에 듭니다.",
    "Source": "쇼핑몰",
    "Domain": "가전",
    "MainCategory": "계절가전",
    "ProductName": "AERATRON 에어라트론 실링팬 AE3+50",
    "ReviewScore": "5",
    "Syllable": "58",
    "Word": "13",
    "RDate": "20220516",
    "GeneralPolarity": "0",
    "Aspects": [
      {
        "Aspect": "디자인",
        "SentimentText": "세련되지 않은 리모콘 디자인이 아쉽네요.",
        "SentimentWord": "5",
        "SentimentPolarity": "0"
      },
      {
        "Aspect": "조작성",
        "SentimentText": "사용법이 편리해서 마음에 듭니다.",
        "SentimentWord": "4",
        "SentimentPolarity": "1"
      }
    ]
  },
  {
    "Index": "37730",
    "RawText": "돌아갈 때 조용한 편이라서 시끄럽지 않네요  돌아갈 때 집이 빨리 시원해져서 만족해요!  ",
    "Source": "쇼핑몰",
    "Domain": "가전",
    "MainCategory": "계절가전",
    "ProductName": "AERATRON 에어라트론 실링팬 AE3+50",
    "ReviewScore": "5",
    "Syllable": "50",
    "Word": "12",
    "RDate": "20211009",
    "GeneralPolarity": "1",
    "Aspects": [
      {
        "Aspect": "소음",
        "SentimentText": "돌아갈 때 조용한 편이라서 시끄럽지 않네요",
        "SentimentWord": "6",
        "SentimentPolarity": "1"
      },
      {
        "Aspect": "기능",
        "SentimentText": "돌아갈 때 집이 빨리 시원해져서 만족해요!",
        "SentimentWord": "6",
        "SentimentPolarity": "1"
      }
    ]
  },
  {
    "Index": "37733",
    "RawText": "깔끔한 디자인이 멋지고 예뻐서 마음에 들어요. 소음없이 부드러운 회전이 정말 만족스럽습니다!!!",
    "Source": "쇼핑몰",
    "Domain": "가전",
    "MainCategory": "계절가전",
    "ProductName": "AERATRON 에어라트론 실링팬 AE3+50",
    "ReviewScore": "5",
    "Syllable": "53",
    "Word": "11",
    "RDate": "20211221",
    "GeneralPolarity": "1",
    "Aspects": [
      {
        "Aspect": "디자인",
        "SentimentText": "깔끔한 디자인이 멋지고 예뻐서 마음에 들어요.",
        "SentimentWord": "6",
        "SentimentPolarity": "1"
      },
      {
        "Aspect": "소음",
        "SentimentText": "소음없이 부드러운 회전이 정말 만족스럽습니다!!!",
        "SentimentWord": "5",
        "SentimentPolarity": "1"
      }
    ]
  },
  {
    "Index": "37734",
    "RawText": "빨른 배송에 만족합니다. 박스 포장도 깔끔하게 잘 되어 왔네요. 시원하다고 해서 설치했는데 하나도 시원한걸 못느끼겠습니다. 제품 제대로 된건가요? 소재가 플라스틱이라 그런나 좀 많이 부실해보이네요",
    "Source": "쇼핑몰",
    "Domain": "가전",
    "MainCategory": "계절가전",
    "ProductName": "AERATRON 에어라트론 실링팬 AE3+50",
    "ReviewScore": "5",
    "Syllable": "109",
    "Word": "24",
    "RDate": "20220323",
    "Aspects": [
      {
        "Aspect": "품질",
        "SentimentText": "시원하다고 해서 설치했는데 하나도 시원한걸 못느끼겠습니다. 제품 제대로 된건가요?",
        "SentimentWord": "9",
        "SentimentPolarity": "-1"
      },
      {
        "Aspect": "내구성",
        "SentimentText": "소재가 플라스틱이라 그런나 좀 많이 부실해보이네요",
        "SentimentWord": "6",
        "SentimentPolarity": "-1"
      }
    ]
  },
  {
    "Index": "37735",
    "RawText": "젤 약한 단계로 틀어도 엄청 시원한 바람이 나와서 너무 좋네요!! 디자인도 고급스럽고 예뻐요^^  ",
    "Source": "쇼핑몰",
    "Domain": "가전",
    "MainCategory": "계절가전",
    "ProductName": "AERATRON 에어라트론 실링팬 AE3+50",
    "ReviewScore": "4",
    "Syllable": "55",
    "Word": "13",
    "RDate": "20220404",
    "Aspects": [
      {
        "Aspect": "기능",
        "SentimentText": "젤 약한 단계로 틀어도 엄청 시원한 바람이 나와서 너무 좋네요!!",
        "SentimentWord": "10",
        "SentimentPolarity": "1"
      },
      {
        "Aspect": "디자인",
        "SentimentText": "디자인도 고급스럽고 예뻐요^^",
        "SentimentWord": "3",
        "SentimentPolarity": "1"
      }
    ]
  },
  {
    "Index": "37736",
    "RawText": "제품 디자인이 정말 예뻐서 마음에 들어요. 돌아갈때 소리도 안나고 조용해서 좋아요~!!",
    "Source": "쇼핑몰",
    "Domain": "가전",
    "MainCategory": "계절가전",
    "ProductName": "AERATRON 에어라트론 실링팬 AE3+50",
    "ReviewScore": "5",
    "Syllable": "48",
    "Word": "11",
    "RDate": "20220830",
    "Aspects": [
      {
        "Aspect": "디자인",
        "SentimentText": "제품 디자인이 정말 예뻐서 마음에 들어요.",
        "SentimentWord": "6",
        "SentimentPolarity": "1"
      },
      {
        "Aspect": "소음",
        "SentimentText": " 돌아갈때 소리도 안나고 조용해서 좋아요~!!",
        "SentimentWord": "5",
        "SentimentPolarity": "1"
      }
    ]
  },
  {
    "Index": "37738",
    "RawText": "역시 000이네요 타사제품과 비교불가 너무 좋아요. 잘 돌아가고 바람이 굉장히 시원해서 좋아요~",
    "Source": "쇼핑몰",
    "Domain": "가전",
    "MainCategory": "계절가전",
    "ProductName": "AERATRON 에어라트론 실링팬 AE3+50",
    "ReviewScore": "5",
    "Syllable": "53",
    "Word": "12",
    "RDate": "20211129",
    "Aspects": [
      {
        "Aspect": "제조일/제조사",
        "SentimentText": "역시 000이네요 타사제품과 비교불가 너무 좋아요.",
        "SentimentWord": "6",
        "SentimentPolarity": "1"
      },
      {
        "Aspect": "기능",
        "SentimentText": "잘 돌아가고 바람이 굉장히 시원해서 좋아요~",
        "SentimentWord": "6",
        "SentimentPolarity": "1"
      }
    ]
  },
  {
    "Index": "37739",
    "RawText": "역시 000이네요 만족스러워요  조용해서 잘 쓰고있어요   디자인도 다른 회사꺼보다 이뻐요",
    "Source": "쇼핑몰",
    "Domain": "가전",
    "MainCategory": "계절가전",
    "ProductName": "AERATRON 에어라트론 실링팬 AE3+50",
    "ReviewScore": "5",
    "Syllable": "50",
    "Word": "10",
    "RDate": "20220110",
    "GeneralPolarity": "1",
    "Aspects": [
      {
        "Aspect": "제조일/제조사",
        "SentimentText": "역시 000이네요 만족스러워요",
        "SentimentWord": "3",
        "SentimentPolarity": "1"
      },
      {
        "Aspect": "소음",
        "SentimentText": "조용해서 잘 쓰고있어요",
        "SentimentWord": "3",
        "SentimentPolarity": "1"
      },
      {
        "Aspect": "디자인",
        "SentimentText": "디자인도 다른 회사꺼보다 이뻐요",
        "SentimentWord": "4",
        "SentimentPolarity": "1"
      }
    ]
  },
  {
    "Index": "37740",
    "RawText": "소음이 적어 불편함 하나없어 만족합니다. 호텔느낌 나는 인테리어 효과로 정말 마음에 드네요.",
    "Source": "쇼핑몰",
    "Domain": "가전",
    "MainCategory": "계절가전",
    "ProductName": "AERATRON 에어라트론 실링팬 AE3+50",
    "ReviewScore": "5",
    "Syllable": "51",
    "Word": "12",
    "RDate": "20220722",
    "GeneralPolarity": "1",
    "Aspects": [
      {
        "Aspect": "소음",
        "SentimentText": "소음이 적어 불편함 하나없어 만족합니다.",
        "SentimentWord": "5",
        "SentimentPolarity": "1"
      },
      {
        "Aspect": "디자인",
        "SentimentText": "호텔느낌 나는 인테리어 효과로 정말 마음에 드네요.",
        "SentimentWord": "7",
        "SentimentPolarity": "1"
      }
    ]
  },
  {
    "Index": "37743",
    "RawText": "설치 전 작업은 어려웠으나 설치는 정말 쉬웠어요. 소음없이 조용해서 마음에 듭니다. 속도조절이 가능하고 시원한 바람이 만족스럽네요. 크기도 적당해서 거실에서 사용하기 좋습니다.",
    "Source": "쇼핑몰",
    "Domain": "가전",
    "MainCategory": "계절가전",
    "ProductName": "AERATRON 에어라트론 실링팬 AE3+50",
    "ReviewScore": "5",
    "Syllable": "98",
    "Word": "21",
    "RDate": "20220628",
    "GeneralPolarity": "1",
    "Aspects": [
      {
        "Aspect": "조작성",
        "SentimentText": "설치는 정말 쉬웠어요.",
        "SentimentWord": "3",
        "SentimentPolarity": "1"
      },
      {
        "Aspect": "소음",
        "SentimentText": "소음없이 조용해서 마음에 듭니다.",
        "SentimentWord": "4",
        "SentimentPolarity": "1"
      },
      {
        "Aspect": "기능",
        "SentimentText": "속도조절이 가능하고 시원한 바람이 만족스럽네요.",
        "SentimentWord": "5",
        "SentimentPolarity": "1"
      },
      {
        "Aspect": "사이즈",
        "SentimentText": "크기도 적당해서 거실에서 사용하기 좋습니다.",
        "SentimentWord": "5",
        "SentimentPolarity": "1"
      }
    ]
  },
  {
    "Index": "37744",
    "RawText": "가격은 좀 비싸서 아쉽네요  크기는 거실에 쓰기에 딱 알맞아요~  바람세기도 다양해서 마음에 들어요~  가벼워서 더욱 좋아요",
    "Source": "쇼핑몰",
    "Domain": "가전",
    "MainCategory": "계절가전",
    "ProductName": "다이슨 AM-07 에어멀티플라이어 일반구매",
    "ReviewScore": "5",
    "Syllable": "69",
    "Word": "16",
    "RDate": "20210601",
    "GeneralPolarity": "1",
    "Aspects": [
      {
        "Aspect": "가격",
        "SentimentText": "가격은 좀 비싸서 아쉽네요",
        "SentimentWord": "4",
        "SentimentPolarity": "-1"
      },
      {
        "Aspect": "사이즈",
        "SentimentText": "크기는 거실에 쓰기에 딱 알맞아요~",
        "SentimentWord": "5",
        "SentimentPolarity": "1"
      },
      {
        "Aspect": "기능",
        "SentimentText": "바람세기도 다양해서 마음에 들어요~",
        "SentimentWord": "4",
        "SentimentPolarity": "1"
      },
      {
        "Aspect": "무게",
        "SentimentText": "가벼워서 더욱 좋아요",
        "SentimentWord": "3",
        "SentimentPolarity": "1"
      }
    ]
  },
  {
    "Index": "37745",
    "RawText": "무게가 가벼워서 몇 번 쓰러져서 사용하기 불편합니다. 플라스틱 재질이라 깨질까 걱정이 되네요. 부드러운 바람은 마음에 드나 상하방향조절이 안되니 사용이 꺼려지네요. 색상이 고급스럽지 않고 장난감 같은 느낌이라 좀 실망스럽습니다.",
    "Source": "쇼핑몰",
    "Domain": "가전",
    "MainCategory": "계절가전",
    "ProductName": "다이슨 AM-07 에어멀티플라이어 일반구매",
    "ReviewScore": "5",
    "Syllable": "127",
    "Word": "28",
    "RDate": "20210628",
    "GeneralPolarity": "-1",
    "Aspects": [
      {
        "Aspect": "무게",
        "SentimentText": "무게가 가벼워서 몇 번 쓰러져서 사용하기 불편합니다.",
        "SentimentWord": "7",
        "SentimentPolarity": "-1"
      },
      {
        "Aspect": "소재",
        "SentimentText": "플라스틱 재질이라 깨질까 걱정이 되네요.",
        "SentimentWord": "5",
        "SentimentPolarity": "-1"
      },
      {
        "Aspect": "기능",
        "SentimentText": "부드러운 바람은 마음에 드나",
        "SentimentWord": "4",
        "SentimentPolarity": "1"
      },
      {
        "Aspect": "기능",
        "SentimentText": "상하방향조절이 안되니 사용이 꺼려지네요.",
        "SentimentWord": "4",
        "SentimentPolarity": "-1"
      },
      {
        "Aspect": "색상",
        "SentimentText": "색상이 고급스럽지 않고 장난감 같은 느낌이라 좀 실망스럽습니다.",
        "SentimentWord": "8",
        "SentimentPolarity": "-1"
      }
    ]
  },
  {
    "Index": "37747",
    "RawText": "바닥에 앉으면 위치상 바람도 안오고 시원하지도 않아요 가격대비 다 별로예요 날개 없는 디자인이라 안전하게 사용해서 좋네요!",
    "Source": "쇼핑몰",
    "Domain": "가전",
    "MainCategory": "계절가전",
    "ProductName": "다이슨 AM-07 에어멀티플라이어 일반구매",
    "ReviewScore": "5",
    "Syllable": "68",
    "Word": "16",
    "RDate": "20210713",
    "GeneralPolarity": "-1",
    "Aspects": [
      {
        "Aspect": "기능",
        "SentimentText": "바닥에 앉으면 위치상 바람도 안오고 시원하지도 않아요",
        "SentimentWord": "7",
        "SentimentPolarity": "-1"
      },
      {
        "Aspect": "가격",
        "SentimentText": "가격대비 다 별로예요",
        "SentimentWord": "3",
        "SentimentPolarity": "-1"
      },
      {
        "Aspect": "디자인",
        "SentimentText": "날개 없는 디자인이라 안전하게 사용해서 좋네요!",
        "SentimentWord": "6",
        "SentimentPolarity": "1"
      }
    ]
  },
  {
    "Index": "37750",
    "RawText": "세게 틀지 않아도 바람이 부드럽게 잘 나와요  소음도 생각보다 크지 않아 만족스럽습니다.  무게도 크기 치고는 무겁지 않아서 괜찮네요^^   작동법이 좀 더 다양했으면 좋겠어요",
    "Source": "쇼핑몰",
    "Domain": "가전",
    "MainCategory": "계절가전",
    "ProductName": "다이슨 AM-07 에어멀티플라이어 일반구매",
    "ReviewScore": "5",
    "Syllable": "98",
    "Word": "23",
    "RDate": "20220809",
    "GeneralPolarity": "1",
    "Aspects": [
      {
        "Aspect": "기능",
        "SentimentText": "세게 틀지 않아도 바람이 부드럽게 잘 나와요",
        "SentimentWord": "7",
        "SentimentPolarity": "1"
      },
      {
        "Aspect": "소음",
        "SentimentText": "소음도 생각보다 크지 않아 만족스럽습니다.",
        "SentimentWord": "5",
        "SentimentPolarity": "1"
      },
      {
        "Aspect": "무게",
        "SentimentText": "무게도 크기 치고는 무겁지 않아서 괜찮네요^^",
        "SentimentWord": "6",
        "SentimentPolarity": "1"
      },
      {
        "Aspect": "조작성",
        "SentimentText": " 작동법이 좀 더 다양했으면 좋겠어요",
        "SentimentWord": "5",
        "SentimentPolarity": "-1"
      }
    ]
  },
  {
    "Index": "37751",
    "RawText": "바람이 너무 약해요...5~6단계로 올려야 바람이  오는것같아요ㅜㅜ 소음이 커서 시끄럽고 신경이 거쓸리네요...",
    "Source": "쇼핑몰",
    "Domain": "가전",
    "MainCategory": "계절가전",
    "ProductName": "다이슨 AM-07 에어멀티플라이어 일반구매",
    "ReviewScore": "5",
    "Syllable": "62",
    "Word": "11",
    "RDate": "20210822",
    "GeneralPolarity": "-1",
    "Aspects": [
      {
        "Aspect": "기능",
        "SentimentText": "바람이 너무 약해요...5~6단계로 올려야 바람이  오는것같아요ㅜㅜ",
        "SentimentWord": "6",
        "SentimentPolarity": "-1"
      },
      {
        "Aspect": "소음",
        "SentimentText": "소음이 커서 시끄럽고 신경이 거쓸리네요...",
        "SentimentWord": "5",
        "SentimentPolarity": "-1"
      }
    ]
  },
  {
    "Index": "37752",
    "RawText": "저렴한 가격에 좋은 제품 받았어요~!! 디자인도 세련되고 예뻐서 마음에 들어요~ ",
    "Source": "쇼핑몰",
    "Domain": "가전",
    "MainCategory": "계절가전",
    "ProductName": "다이슨 AM-07 에어멀티플라이어 일반구매",
    "ReviewScore": "5",
    "Syllable": "45",
    "Word": "10",
    "RDate": "20210620",
    "Aspects": [
      {
        "Aspect": "가격",
        "SentimentText": "저렴한 가격에 좋은 제품 받았어요~!!",
        "SentimentWord": "5",
        "SentimentPolarity": "1"
      },
      {
        "Aspect": "디자인",
        "SentimentText": "디자인도 세련되고 예뻐서 마음에 들어요~",
        "SentimentWord": "5",
        "SentimentPolarity": "1"
      }
    ]
  },
  {
    "Index": "37753",
    "RawText": "디자인도 심플하고 외관상 보기가 예뻐요~~   바람도 부드럽게 잘 나오네요^^  배송도 빠르게 와서 좋아요  ",
    "Source": "쇼핑몰",
    "Domain": "가전",
    "MainCategory": "계절가전",
    "ProductName": "다이슨 AM-07 에어멀티플라이어 일반구매",
    "ReviewScore": "5",
    "Syllable": "61",
    "Word": "13",
    "RDate": "20220526",
    "Aspects": [
      {
        "Aspect": "디자인",
        "SentimentText": "디자인도 심플하고 외관상 보기가 예뻐요~~",
        "SentimentWord": "5",
        "SentimentPolarity": "1"
      },
      {
        "Aspect": "기능",
        "SentimentText": "바람도 부드럽게 잘 나오네요^^",
        "SentimentWord": "4",
        "SentimentPolarity": "1"
      }
    ]
  },
  {
    "Index": "37754",
    "RawText": "날개없는 선풍기하면 OOO 유명해서 구입해쓴데 만족해요!  바람도 잘 나와서 집이 시원해요^^  배송도 빠르게 보내주셔서 감사합니다  ",
    "Source": "쇼핑몰",
    "Domain": "가전",
    "MainCategory": "계절가전",
    "ProductName": "다이슨 AM-07 에어멀티플라이어 일반구매",
    "ReviewScore": "5",
    "Syllable": "75",
    "Word": "15",
    "RDate": "20220529",
    "Aspects": [
      {
        "Aspect": "제조일/제조사",
        "SentimentText": "날개없는 선풍기하면 OOO 유명해서 구입해쓴데 만족해요!",
        "SentimentWord": "6",
        "SentimentPolarity": "1"
      },
      {
        "Aspect": "기능",
        "SentimentText": "바람도 잘 나와서 집이 시원해요^^",
        "SentimentWord": "5",
        "SentimentPolarity": "1"
      }
    ]
  },
  {
    "Index": "37755",
    "RawText": "허술한 외관과 스크래치가 사용한 제품이라는 느낌이 들어 마음에 들지 않습니다. 모터에서 소음이 크게 나서 반품했습니다.....",
    "Source": "쇼핑몰",
    "Domain": "가전",
    "MainCategory": "계절가전",
    "ProductName": "다이슨 AM-07 에어멀티플라이어 일반구매",
    "ReviewScore": "5",
    "Syllable": "70",
    "Word": "15",
    "RDate": "20210714",
    "GeneralPolarity": "-1",
    "Aspects": [
      {
        "Aspect": "품질",
        "SentimentText": "허술한 외관과 스크래치가 사용한 제품이라는 느낌이 들어 마음에 들지 않습니다.",
        "SentimentWord": "10",
        "SentimentPolarity": "-1"
      },
      {
        "Aspect": "소음",
        "SentimentText": "모터에서 소음이 크게 나서 반품했습니다.....",
        "SentimentWord": "5",
        "SentimentPolarity": "-1"
      }
    ]
  },
  {
    "Index": "37756",
    "RawText": "비싼 가격에 구입 했는데 후회됩니다. 이렇게 큰 소음은 정말 실망이네요... 반품조차 되지 않는다고 하니 다시는 이런 제품 구입하지 않으렵니다.",
    "Source": "쇼핑몰",
    "Domain": "가전",
    "MainCategory": "계절가전",
    "ProductName": "다이슨 AM-07 에어멀티플라이어 일반구매",
    "ReviewScore": "5",
    "Syllable": "80",
    "Word": "19",
    "RDate": "20220627",
    "Aspects": [
      {
        "Aspect": "가격",
        "SentimentText": "비싼 가격에 구입 했는데 후회됩니다.",
        "SentimentWord": "5",
        "SentimentPolarity": "-1"
      },
      {
        "Aspect": "소음",
        "SentimentText": "이렇게 큰 소음은 정말 실망이네요...",
        "SentimentWord": "5",
        "SentimentPolarity": "-1"
      }
    ]
  },
  {
    "Index": "37757",
    "RawText": "생각했던 색보다 너무 없어보여서 별로예요 ㅠ  다양한 모드로 사용 할 수 있어 좋네요",
    "Source": "쇼핑몰",
    "Domain": "가전",
    "MainCategory": "계절가전",
    "ProductName": "다이슨 AM-07 에어멀티플라이어 일반구매",
    "ReviewScore": "5",
    "Syllable": "47",
    "Word": "13",
    "RDate": "20210707",
    "GeneralPolarity": "0",
    "Aspects": [
      {
        "Aspect": "색상",
        "SentimentText": "생각했던 색보다 너무 없어보여서 별로예요 ㅠ",
        "SentimentWord": "6",
        "SentimentPolarity": "-1"
      },
      {
        "Aspect": "기능",
        "SentimentText": "다양한 모드로 사용 할 수 있어 좋네요",
        "SentimentWord": "7",
        "SentimentPolarity": "1"
      }
    ]
  },
  {
    "Index": "37759",
    "RawText": "청소가 용이해서 편리하고 가벼워 이동이 수월해요. 자연스러운 바람이 만족스럽네요.",
    "Source": "쇼핑몰",
    "Domain": "가전",
    "MainCategory": "계절가전",
    "ProductName": "다이슨 AM-07 에어멀티플라이어 일반구매",
    "ReviewScore": "5",
    "Syllable": "45",
    "Word": "9",
    "RDate": "20220817",
    "GeneralPolarity": "1",
    "Aspects": [
      {
        "Aspect": "편의성",
        "SentimentText": "청소가 용이해서 편리하고 가벼워 이동이 수월해요.",
        "SentimentWord": "6",
        "SentimentPolarity": "1"
      },
      {
        "Aspect": "기능",
        "SentimentText": "자연스러운 바람이 만족스럽네요.",
        "SentimentWord": "3",
        "SentimentPolarity": "1"
      }
    ]
  }
]