[
  {
    "Index": "44212",
    "RawText": "작동도 잘되고 제습기능도 좋아서 쾌적해요~ 소음이 크지 않아서 자주 사용해서 너무 좋아요~~~",
    "Source": "쇼핑몰",
    "Domain": "가전",
    "MainCategory": "계절가전",
    "ProductName": "뽀송 위닉스 DXTE100-KWK",
    "ReviewScore": "5",
    "Syllable": "52",
    "Word": "12",
    "RDate": "20220203",
    "GeneralPolarity": "1",
    "Aspects": [
      {
        "Aspect": "기능",
        "SentimentText": "작동도 잘되고 제습기능도 좋아서 쾌적해요~ ",
        "SentimentWord": "5",
        "SentimentPolarity": "1"
      },
      {
        "Aspect": "소음",
        "SentimentText": "소음이 크지 않아서 자주 사용해서 너무 좋아요~~~",
        "SentimentWord": "7",
        "SentimentPolarity": "1"
      }
    ]
  },
  {
    "Index": "44213",
    "RawText": "드레스룸에 두고 사용하기 적당한 용량이예요~ 제습력이 좋아서 물이 차는게 보이고 보송보송합니다^^",
    "Source": "쇼핑몰",
    "Domain": "가전",
    "MainCategory": "계절가전",
    "ProductName": "뽀송 위닉스 DXTE100-KWK",
    "ReviewScore": "5",
    "Syllable": "54",
    "Word": "11",
    "RDate": "20211106",
    "GeneralPolarity": "1",
    "Aspects": [
      {
        "Aspect": "용량",
        "SentimentText": "드레스룸에 두고 사용하기 적당한 용량이예요~ ",
        "SentimentWord": "5",
        "SentimentPolarity": "1"
      },
      {
        "Aspect": "기능",
        "SentimentText": "제습력이 좋아서 물이 차는게 보이고 보송보송합니다^^",
        "SentimentWord": "6",
        "SentimentPolarity": "1"
      }
    ]
  },
  {
    "Index": "44214",
    "RawText": "옷장이 습했는데 제습이 잘되서 보송하고 쾌적해졌어요^^ 제습기 고장도 없고 품질이 너무 좋아요!",
    "Source": "쇼핑몰",
    "Domain": "가전",
    "MainCategory": "계절가전",
    "ProductName": "뽀송 위닉스 DXTE100-KWK",
    "ReviewScore": "5",
    "Syllable": "53",
    "Word": "12",
    "RDate": "20210911",
    "GeneralPolarity": "1",
    "Aspects": [
      {
        "Aspect": "기능",
        "SentimentText": "옷장이 습했는데 제습이 잘되서 보송하고 쾌적해졌어요^^",
        "SentimentWord": "6",
        "SentimentPolarity": "1"
      },
      {
        "Aspect": "품질",
        "SentimentText": "제습기 고장도 없고 품질이 너무 좋아요!",
        "SentimentWord": "6",
        "SentimentPolarity": "1"
      }
    ]
  },
  {
    "Index": "44215",
    "RawText": "생각보다 소리가 작아요.^^ 제습 기능으로 1시간정도 가동해 봤는데 습기도 잘 잡아줘요",
    "Source": "쇼핑몰",
    "Domain": "가전",
    "MainCategory": "계절가전",
    "ProductName": "뽀송 위닉스 DXTE100-KWK",
    "ReviewScore": "5",
    "Syllable": "48",
    "Word": "11",
    "RDate": "20220827",
    "GeneralPolarity": "1",
    "Aspects": [
      {
        "Aspect": "소음",
        "SentimentText": "생각보다 소리가 작아요.^^",
        "SentimentWord": "3",
        "SentimentPolarity": "1"
      },
      {
        "Aspect": "기능",
        "SentimentText": "제습 기능으로 1시간정도 가동해 봤는데 습기도 잘 잡아줘요",
        "SentimentWord": "8",
        "SentimentPolarity": "1"
      }
    ]
  },
  {
    "Index": "44216",
    "RawText": "드레스룸에 두려고 작은 사이즈 제습기로 구매했어요~ 성능도 좋고 습기도 잘 잡히고 제습력 짱입니다!!",
    "Source": "쇼핑몰",
    "Domain": "가전",
    "MainCategory": "계절가전",
    "ProductName": "뽀송 위닉스 DXTE100-KWK",
    "ReviewScore": "3",
    "Syllable": "56",
    "Word": "13",
    "RDate": "20211012",
    "GeneralPolarity": "1",
    "Aspects": [
      {
        "Aspect": "사이즈",
        "SentimentText": "드레스룸에 두려고 작은 사이즈 제습기로 구매했어요~ ",
        "SentimentWord": "6",
        "SentimentPolarity": "1"
      },
      {
        "Aspect": "기능",
        "SentimentText": "성능도 좋고 습기도 잘 잡히고 제습력 짱입니다!!",
        "SentimentWord": "7",
        "SentimentPolarity": "1"
      }
    ]
  },
  {
    "Index": "44217",
    "RawText": "눅눅해서 습했던 실내가 보송보송해져서 너무 좋어요~제습력 짱!! 소음도 거의 없고 조용한편이네요.",
    "Source": "쇼핑몰",
    "Domain": "가전",
    "MainCategory": "계절가전",
    "ProductName": "뽀송 위닉스 DXTE100-KWK",
    "ReviewScore": "4",
    "Syllable": "54",
    "Word": "11",
    "RDate": "20220703",
    "GeneralPolarity": "1",
    "Aspects": [
      {
        "Aspect": "기능",
        "SentimentText": "눅눅해서 습했던 실내가 보송보송해져서 너무 좋어요~",
        "SentimentWord": "6",
        "SentimentPolarity": "1"
      },
      {
        "Aspect": "소음",
        "SentimentText": "소음도 거의 없고 조용한편이네요.",
        "SentimentWord": "4",
        "SentimentPolarity": "1"
      }
    ]
  },
  {
    "Index": "44218",
    "RawText": "습한날 한시간정도 틀어놨는데 물통이 꽉 찼어요. 작동도 잘되고 제습력이 너무 좋아요!! 작동시 소음도 별로 안나서 만족합니다.",
    "Source": "쇼핑몰",
    "Domain": "가전",
    "MainCategory": "계절가전",
    "ProductName": "뽀송 위닉스 DXTE100-KWK",
    "ReviewScore": "4",
    "Syllable": "70",
    "Word": "16",
    "RDate": "20210719",
    "GeneralPolarity": "1",
    "Aspects": [
      {
        "Aspect": "기능",
        "SentimentText": "습한날 한시간정도 틀어놨는데 물통이 꽉 찼어요. 작동도 잘되고 제습력이 너무 좋아요!!",
        "SentimentWord": "11",
        "SentimentPolarity": "1"
      },
      {
        "Aspect": "소음",
        "SentimentText": "작동시 소음도 별로 안나서 만족합니다.",
        "SentimentWord": "5",
        "SentimentPolarity": "1"
      }
    ]
  },
  {
    "Index": "44220",
    "RawText": "제습 성능 좋아 두 시간만 원룸이 뽀송해져요. 디스플레이로 현재  습도 상태를 알수 있어 완전 편해요",
    "Source": "쇼핑몰",
    "Domain": "가전",
    "MainCategory": "계절가전",
    "ProductName": "뽀송 위닉스 DXTE100-KWK",
    "ReviewScore": "5",
    "Syllable": "56",
    "Word": "15",
    "RDate": "20220328",
    "GeneralPolarity": "1",
    "Aspects": [
      {
        "Aspect": "기능",
        "SentimentText": "제습 성능 좋아 두 시간만 원룸이 뽀송해져요",
        "SentimentWord": "7",
        "SentimentPolarity": "1"
      },
      {
        "Aspect": "편의성",
        "SentimentText": "디스플레이로 현재  습도 상태를 알수 있어 완전 편해요 ",
        "SentimentWord": "8",
        "SentimentPolarity": "1"
      }
    ]
  },
  {
    "Index": "44221",
    "RawText": "원룸에서 사용하려고 10리터 용량으로 선택했더니 딱 좋네요. 제습도 잘되고 성능이 굉장히 좋습니다!!! 소음이 있으나 시끄럽지 않고 괜찮네요.",
    "Source": "쇼핑몰",
    "Domain": "가전",
    "MainCategory": "계절가전",
    "ProductName": "뽀송 위닉스 DXTE100-KWK",
    "ReviewScore": "5",
    "Syllable": "79",
    "Word": "17",
    "RDate": "20220424",
    "GeneralPolarity": "1",
    "Aspects": [
      {
        "Aspect": "용량",
        "SentimentText": "원룸에서 사용하려고 10리터 용량으로 선택했더니 딱 좋네요.",
        "SentimentWord": "7",
        "SentimentPolarity": "1"
      },
      {
        "Aspect": "기능",
        "SentimentText": "제습도 잘되고 성능이 굉장히 좋습니다!!! ",
        "SentimentWord": "5",
        "SentimentPolarity": "1"
      },
      {
        "Aspect": "소음",
        "SentimentText": "소음이 있으나 시끄럽지 않고 괜찮네요.",
        "SentimentWord": "5",
        "SentimentPolarity": "1"
      }
    ]
  },
  {
    "Index": "44222",
    "RawText": "습하고 굽굽한 냄새를 잘 빨아들이고 빨래도 짱 잘말라서 정말 좋아요.제습력 완전 짱입니다!!! 그런데 소음은 큰편이라서 좀 거슬려요ㅠ",
    "Source": "쇼핑몰",
    "Domain": "가전",
    "MainCategory": "계절가전",
    "ProductName": "뽀송 위닉스 DXTE100-KWK",
    "ReviewScore": "5",
    "Syllable": "74",
    "Word": "17",
    "RDate": "20210721",
    "GeneralPolarity": "1",
    "Aspects": [
      {
        "Aspect": "기능",
        "SentimentText": "습하고 굽굽한 냄새를 잘 빨아들이고 빨래도 짱 잘말라서 정말 좋아요.제습력 완전 짱입니다!!!",
        "SentimentWord": "12",
        "SentimentPolarity": "1"
      },
      {
        "Aspect": "소음",
        "SentimentText": "그런데 소음은 큰편이라서 좀 거슬려요ㅠ",
        "SentimentWord": "5",
        "SentimentPolarity": "-1"
      }
    ]
  },
  {
    "Index": "44223",
    "RawText": "디자인도 깔끔하고 제습 효과도 아주 좋아요  크기도 작아 공간 차지도 적어요",
    "Source": "쇼핑몰",
    "Domain": "가전",
    "MainCategory": "계절가전",
    "ProductName": "뽀송 위닉스 DXTE100-KWK",
    "ReviewScore": "5",
    "Syllable": "42",
    "Word": "11",
    "RDate": "20210723",
    "GeneralPolarity": "1",
    "Aspects": [
      {
        "Aspect": "디자인",
        "SentimentText": "디자인도 깔끔하고",
        "SentimentWord": "2",
        "SentimentPolarity": "1"
      },
      {
        "Aspect": "기능",
        "SentimentText": "제습 효과도 아주 좋아요",
        "SentimentWord": "4",
        "SentimentPolarity": "1"
      },
      {
        "Aspect": "사이즈",
        "SentimentText": " 크기도 작아 공간 차지도 적어요 ",
        "SentimentWord": "5",
        "SentimentPolarity": "1"
      }
    ]
  },
  {
    "Index": "44224",
    "RawText": "000 제습기~사용해보고 너무 좋아서 두가지 색상으로된 모델로 선물했어요~~ 어마무시하게 제습이 잘되서 굽굽함이 사라져서 너무 좋아요!!",
    "Source": "쇼핑몰",
    "Domain": "가전",
    "MainCategory": "계절가전",
    "ProductName": "뽀송 위닉스 DXTE100-KWK",
    "ReviewScore": "5",
    "Syllable": "76",
    "Word": "15",
    "RDate": "20210717",
    "GeneralPolarity": "1",
    "Aspects": [
      {
        "Aspect": "색상",
        "SentimentText": "000 제습기~사용해보고 너무 좋아서 두가지 색상으로된 모델로 선물했어요~~",
        "SentimentWord": "8",
        "SentimentPolarity": "1"
      },
      {
        "Aspect": "기능",
        "SentimentText": "어마무시하게 제습이 잘되서 굽굽함이 사라져서 너무 좋아요!!",
        "SentimentWord": "7",
        "SentimentPolarity": "1"
      }
    ]
  },
  {
    "Index": "44225",
    "RawText": "성능도 좋고 제습되는게 물차는걸로 확인되니 속이 시원해요^^ 디자인은 세련되고 예뻐서 맘에 들어요~",
    "Source": "쇼핑몰",
    "Domain": "가전",
    "MainCategory": "계절가전",
    "ProductName": "뽀송 위닉스 DXTE100-KWK",
    "ReviewScore": "4",
    "Syllable": "55",
    "Word": "12",
    "RDate": "20210717",
    "GeneralPolarity": "1",
    "Aspects": [
      {
        "Aspect": "기능",
        "SentimentText": "성능도 좋고 제습되는게 물차는걸로 확인되니 속이 시원해요^^",
        "SentimentWord": "7",
        "SentimentPolarity": "1"
      },
      {
        "Aspect": "디자인",
        "SentimentText": "디자인은 세련되고 예뻐서 맘에 들어요~",
        "SentimentWord": "5",
        "SentimentPolarity": "1"
      }
    ]
  },
  {
    "Index": "44227",
    "RawText": "제습력이 너무 좋아서 물이 많이 나오네요. 진작에 구매할걸 그랬네요^^ 저렴한 가격으로 잘 샀어요~",
    "Source": "쇼핑몰",
    "Domain": "가전",
    "MainCategory": "계절가전",
    "ProductName": "뽀송 위닉스 DXTE100-KWK",
    "ReviewScore": "4",
    "Syllable": "55",
    "Word": "13",
    "RDate": "20220817",
    "GeneralPolarity": "1",
    "Aspects": [
      {
        "Aspect": "기능",
        "SentimentText": "제습력이 너무 좋아서 물이 많이 나오네요. 진작에 구매할걸 그랬네요^^",
        "SentimentWord": "9",
        "SentimentPolarity": "1"
      },
      {
        "Aspect": "가격",
        "SentimentText": " 저렴한 가격으로 잘 샀어요~",
        "SentimentWord": "4",
        "SentimentPolarity": "1"
      }
    ]
  },
  {
    "Index": "44228",
    "RawText": "장마 철 제습 효과 짱! 이름처럼 ㅇㅇㅇ 제품 넘 좋아요",
    "Source": "쇼핑몰",
    "Domain": "가전",
    "MainCategory": "계절가전",
    "ProductName": "뽀송 위닉스 DXTE100-KWK",
    "ReviewScore": "5",
    "Syllable": "31",
    "Word": "10",
    "RDate": "20220701",
    "GeneralPolarity": "1",
    "Aspects": [
      {
        "Aspect": "기능",
        "SentimentText": "장마 철 제습 효과 짱!",
        "SentimentWord": "5",
        "SentimentPolarity": "1"
      },
      {
        "Aspect": "제조일/제조사",
        "SentimentText": "이름처럼 ㅇㅇㅇ 제품 넘 좋아요 ",
        "SentimentWord": "5",
        "SentimentPolarity": "1"
      }
    ]
  },
  {
    "Index": "44229",
    "RawText": "제품 할인 받아서 저렴한 가격에 구입해서 좋아요.  사용해보니 작동 소음이 아주 적어서 만족해요.  무게도 예상보다 아주 가벼워서 이동이 용이해서 흡족합니다.  ",
    "Source": "쇼핑몰",
    "Domain": "가전",
    "MainCategory": "계절가전",
    "ProductName": "뽀송 위닉스 DXTE100-KWK",
    "ReviewScore": "5",
    "Syllable": "90",
    "Word": "20",
    "RDate": "20220828",
    "GeneralPolarity": "1",
    "Aspects": [
      {
        "Aspect": "가격",
        "SentimentText": "제품 할인 받아서 저렴한 가격에 구입해서 좋아요. ",
        "SentimentWord": "7",
        "SentimentPolarity": "1"
      },
      {
        "Aspect": "소음",
        "SentimentText": "사용해보니 작동 소음이 아주 적어서 만족해요. ",
        "SentimentWord": "6",
        "SentimentPolarity": "1"
      },
      {
        "Aspect": "무게",
        "SentimentText": "무게도 예상보다 아주 가벼워서 이동이 용이해서 흡족합니다. ",
        "SentimentWord": "7",
        "SentimentPolarity": "1"
      }
    ]
  },
  {
    "Index": "44230",
    "RawText": "이전모델보다 소음은 큰편이네요. 하지만 성능이 좋고 제습력이 뛰어나서 만족해요. 슬림한 디자인도 마음에 들고요^^",
    "Source": "쇼핑몰",
    "Domain": "가전",
    "MainCategory": "계절가전",
    "ProductName": "뽀송 위닉스 DXTE100-KWK",
    "ReviewScore": "5",
    "Syllable": "63",
    "Word": "13",
    "RDate": "20220826",
    "GeneralPolarity": "0",
    "Aspects": [
      {
        "Aspect": "소음",
        "SentimentText": "이전모델보다 소음은 큰편이네요. ",
        "SentimentWord": "3",
        "SentimentPolarity": "-1"
      },
      {
        "Aspect": "기능",
        "SentimentText": " 하지만 성능이 좋고 제습력이 뛰어나서 만족해요. ",
        "SentimentWord": "6",
        "SentimentPolarity": "1"
      },
      {
        "Aspect": "디자인",
        "SentimentText": " 슬림한 디자인도 마음에 들고요^^",
        "SentimentWord": "4",
        "SentimentPolarity": "1"
      }
    ]
  },
  {
    "Index": "44231",
    "RawText": "배송 엄청 빠릅니다. 화면에서 본것보다 실물이 훨씬 이뻐서 마음에 들어요 색상도  투톤컬러라 포인트가 되서  좋습니다. 소음도 생각보다 조용해서 좋고,  습기도 잘 빨아들이는거 같아 만족합니다~",
    "Source": "쇼핑몰",
    "Domain": "가전",
    "MainCategory": "계절가전",
    "ProductName": "뽀송 위닉스 DXTE100-KWK",
    "ReviewScore": "5",
    "Syllable": "108",
    "Word": "24",
    "RDate": "20220825",
    "GeneralPolarity": "1",
    "Aspects": [
      {
        "Aspect": "디자인",
        "SentimentText": "실물이 훨씬 이뻐서 마음에 들어요",
        "SentimentWord": "5",
        "SentimentPolarity": "1"
      },
      {
        "Aspect": "색상",
        "SentimentText": "투톤컬러라 포인트가 되서  좋습니다",
        "SentimentWord": "4",
        "SentimentPolarity": "1"
      },
      {
        "Aspect": "소음",
        "SentimentText": "소음도 생각보다 조용해서 좋고,",
        "SentimentWord": "4",
        "SentimentPolarity": "1"
      },
      {
        "Aspect": "기능",
        "SentimentText": " 습기도 잘 빨아들이는거 같아 만족합니다",
        "SentimentWord": "5",
        "SentimentPolarity": "1"
      }
    ]
  },
  {
    "Index": "44233",
    "RawText": "일주일 사용 예상보다 소음이 적어서 거슬리지 않아 만족해요.  습도가 높아지면 작동이 자동으로 되니 세상 편리하고 좋네요. . 기능 굿 또 무게도 가벼워서 옮기기도 쉬워서 마음에 들어요.  ",
    "Source": "쇼핑몰",
    "Domain": "가전",
    "MainCategory": "계절가전",
    "ProductName": "뽀송 위닉스 DXTE100-KWK",
    "ReviewScore": "5",
    "Syllable": "106",
    "Word": "26",
    "RDate": "20220208",
    "GeneralPolarity": "1",
    "Aspects": [
      {
        "Aspect": "소음",
        "SentimentText": "예상보다 소음이 적어서 거슬리지 않아 만족해요. ",
        "SentimentWord": "6",
        "SentimentPolarity": "1"
      },
      {
        "Aspect": "기능",
        "SentimentText": "습도가 높아지면 작동이 자동으로 되니 세상 편리하고 좋네요. . 기능 굿",
        "SentimentWord": "11",
        "SentimentPolarity": "1"
      },
      {
        "Aspect": "무게",
        "SentimentText": "또 무게도 가벼워서 옮기기도 쉬워서 마음에 들어요. ",
        "SentimentWord": "7",
        "SentimentPolarity": "1"
      }
    ]
  },
  {
    "Index": "44234",
    "RawText": "생각 외로 소음이 크지 않고 되게 조용해요. 가격 대비 가성비가 좋네요. 에너지 효율 3등급 좀 아쉽습니다. 그래도 제습 효과도 좋아 이젠 습기 걱정 빨래 걱정 없어요",
    "Source": "쇼핑몰",
    "Domain": "가전",
    "MainCategory": "계절가전",
    "ProductName": "뽀송 위닉스 DXTE100-KWK",
    "ReviewScore": "5",
    "Syllable": "93",
    "Word": "26",
    "RDate": "20210831",
    "GeneralPolarity": "1",
    "Aspects": [
      {
        "Aspect": "소음",
        "SentimentText": "생각 외로 소음이 크지 않고 되게 조용해요.",
        "SentimentWord": "7",
        "SentimentPolarity": "1"
      },
      {
        "Aspect": "가격",
        "SentimentText": " 가격 대비 가성비가 좋네요.",
        "SentimentWord": "4",
        "SentimentPolarity": "1"
      },
      {
        "Aspect": "소비전력",
        "SentimentText": "에너지 효율 3등급 좀 아쉽습니다",
        "SentimentWord": "5",
        "SentimentPolarity": "-1"
      },
      {
        "Aspect": "기능",
        "SentimentText": "그래도 제습 효과도 좋아 이젠 습기 걱정 빨래 걱정 없어요",
        "SentimentWord": "10",
        "SentimentPolarity": "1"
      }
    ]
  },
  {
    "Index": "44235",
    "RawText": "제습기 작동 잘되고 제습도 잘되서 물이 차는게 보여서 너무 좋습니다!! 디자인도 깔끔해서 맘에 드네요^^",
    "Source": "쇼핑몰",
    "Domain": "가전",
    "MainCategory": "계절가전",
    "ProductName": "뽀송 위닉스 DXTE100-KWK",
    "ReviewScore": "5",
    "Syllable": "58",
    "Word": "14",
    "RDate": "20211006",
    "GeneralPolarity": "1",
    "Aspects": [
      {
        "Aspect": "기능",
        "SentimentText": "제습기 작동 잘되고 제습도 잘되서 물이 차는게 보여서 너무 좋습니다!!",
        "SentimentWord": "10",
        "SentimentPolarity": "1"
      },
      {
        "Aspect": "디자인",
        "SentimentText": "디자인도 깔끔해서 맘에 드네요^^",
        "SentimentWord": "4",
        "SentimentPolarity": "1"
      }
    ]
  },
  {
    "Index": "44236",
    "RawText": "제품 작동도 잘되고 보송보송 충분히 제습이 잘되서 좋아요. 방 한칸 정도에 사용하기 적당한 용량이라 맘에 듭니다~ 다만,자동제습기능과 의류건조기능등이 빠져 있어서 아쉬움이 있네요. ",
    "Source": "쇼핑몰",
    "Domain": "가전",
    "MainCategory": "계절가전",
    "ProductName": "뽀송 위닉스 DXTE100-KWK",
    "ReviewScore": "5",
    "Syllable": "101",
    "Word": "22",
    "RDate": "20210914",
    "GeneralPolarity": "0",
    "Aspects": [
      {
        "Aspect": "기능",
        "SentimentText": "제품 작동도 잘되고 보송보송 충분히 제습이 잘되서 좋아요.",
        "SentimentWord": "8",
        "SentimentPolarity": "1"
      },
      {
        "Aspect": "용량",
        "SentimentText": "방 한칸 정도에 사용하기 적당한 용량이라 맘에 듭니다~",
        "SentimentWord": "8",
        "SentimentPolarity": "1"
      },
      {
        "Aspect": "기능",
        "SentimentText": "다만,자동제습기능과 의류건조기능등이 빠져 있어서 아쉬움이 있네요.",
        "SentimentWord": "6",
        "SentimentPolarity": "-1"
      }
    ]
  },
  {
    "Index": "44237",
    "RawText": "원룸 사는데 적당한 용량이라 딱 좋습니다. 의류건조 기능이 있어 습한 날 빨래도 거뜬~ 기능 짱짱짱~ 만족해요.",
    "Source": "쇼핑몰",
    "Domain": "가전",
    "MainCategory": "계절가전",
    "ProductName": "뽀송 위닉스 DXTE100-KWK",
    "ReviewScore": "5",
    "Syllable": "62",
    "Word": "16",
    "RDate": "20220320",
    "GeneralPolarity": "1",
    "Aspects": [
      {
        "Aspect": "용량",
        "SentimentText": "원룸 사는데 적당한 용량이라 딱 좋습니다. ",
        "SentimentWord": "6",
        "SentimentPolarity": "1"
      },
      {
        "Aspect": "기능",
        "SentimentText": "의류건조 기능이 있어 습한 날 빨래도 거뜬~ 기능 짱짱짱~ 만족해요. ",
        "SentimentWord": "10",
        "SentimentPolarity": "1"
      }
    ]
  },
  {
    "Index": "44238",
    "RawText": "제습기가 빨래 건조도 가능해서 쓸때마다 너무 편리해요. 공기도 쾌적~ 제습력이 좋아 습도가 적당해 불쾌감 없어 너무 좋습니다.",
    "Source": "쇼핑몰",
    "Domain": "가전",
    "MainCategory": "계절가전",
    "ProductName": "뽀송 위닉스 DXTE100-KWK",
    "ReviewScore": "5",
    "Syllable": "70",
    "Word": "17",
    "RDate": "20210721",
    "GeneralPolarity": "1",
    "Aspects": [
      {
        "Aspect": "편의성",
        "SentimentText": "제습기가 빨래 건조도 가능해서 쓸때마다 너무 편리해요.",
        "SentimentWord": "7",
        "SentimentPolarity": "1"
      },
      {
        "Aspect": "기능",
        "SentimentText": "공기도 쾌적~ 제습력이 좋아 습도가 적당해 불쾌감 없어 너무 좋습니다. ",
        "SentimentWord": "10",
        "SentimentPolarity": "1"
      }
    ]
  },
  {
    "Index": "44239",
    "RawText": "장마철 옷방 습도 조절 잘해줘서 곰팡이 걱정 끝~ 제습기능 만족해요. 이방 저방 이동하며 작동시키기 편해 좋습니다.",
    "Source": "쇼핑몰",
    "Domain": "가전",
    "MainCategory": "계절가전",
    "ProductName": "뽀송 위닉스 DXTE100-KWK",
    "ReviewScore": "5",
    "Syllable": "64",
    "Word": "16",
    "RDate": "20211212",
    "GeneralPolarity": "1",
    "Aspects": [
      {
        "Aspect": "기능",
        "SentimentText": "장마철 옷방 습도 조절 잘해줘서 곰팡이 걱정 끝~ 제습기능 만족해요. ",
        "SentimentWord": "10",
        "SentimentPolarity": "1"
      },
      {
        "Aspect": "편의성",
        "SentimentText": "이방 저방 이동하며 작동시키기 편해 좋습니다. ",
        "SentimentWord": "6",
        "SentimentPolarity": "1"
      }
    ]
  },
  {
    "Index": "44240",
    "RawText": "장마철 거실에서 사용해보니 10프로 습도 내려가는데 물통에 물이 가득차서 와우~~ 제습력에 감탄했어요.. 좋네요..  무게감은 있지만 하단부에 부드러운 바퀴가 달려 있어 이동할때 편리해서 좋아요..  ",
    "Source": "쇼핑몰",
    "Domain": "가전",
    "MainCategory": "계절가전",
    "ProductName": "뽀송 위닉스 DXTE100-KWK",
    "ReviewScore": "5",
    "Syllable": "112",
    "Word": "23",
    "RDate": "20220713",
    "GeneralPolarity": "1",
    "Aspects": [
      {
        "Aspect": "기능",
        "SentimentText": "장마철 거실에서 사용해보니 10프로 습도 내려가는데 물통에 물이 가득차서 와우~~ 제습력에 감탄했어요.. 좋네요.. ",
        "SentimentWord": "13",
        "SentimentPolarity": "1"
      },
      {
        "Aspect": "편의성",
        "SentimentText": "무게감은 있지만 하단부에 부드러운 바퀴가 달려 있어 이동할때 편리해서 좋아요.. ",
        "SentimentWord": "10",
        "SentimentPolarity": "1"
      }
    ]
  },
  {
    "Index": "44241",
    "RawText": "장마철 습기 제거로는 딱입니다 너무 좋은데, 소음은 약간 있네요. 냉장고 모터보다 시끄러운 편입니다.",
    "Source": "쇼핑몰",
    "Domain": "가전",
    "MainCategory": "계절가전",
    "ProductName": "뽀송 위닉스 DXTE100-KWK",
    "ReviewScore": "5",
    "Syllable": "56",
    "Word": "13",
    "RDate": "20220706",
    "GeneralPolarity": "0",
    "Aspects": [
      {
        "Aspect": "기능",
        "SentimentText": "장마철 습기 제거로는 딱입니다 너무 좋은데",
        "SentimentWord": "6",
        "SentimentPolarity": "1"
      },
      {
        "Aspect": "소음",
        "SentimentText": " 소음은 약간 있네요. 냉장고 모터보다 시끄러운 편입니다.",
        "SentimentWord": "7",
        "SentimentPolarity": "-1"
      }
    ]
  },
  {
    "Index": "44242",
    "RawText": "적정 습도 맞춰 놓으면 끈적한 습함 싸악 사라져서 너무 만족스러워요. 총알 배송에 깜놀~ 가성비 부자~ 진심 강추~",
    "Source": "쇼핑몰",
    "Domain": "가전",
    "MainCategory": "계절가전",
    "ProductName": "뽀송 위닉스 DXTE100-KWK",
    "ReviewScore": "5",
    "Syllable": "64",
    "Word": "17",
    "RDate": "20220810",
    "GeneralPolarity": "1",
    "Aspects": [
      {
        "Aspect": "기능",
        "SentimentText": "적정 습도 맞춰 놓으면 끈적한 습함 싸악 사라져서 너무 만족스러워요.",
        "SentimentWord": "10",
        "SentimentPolarity": "1"
      },
      {
        "Aspect": "가격",
        "SentimentText": "가성비 부자~ 진심 강추~",
        "SentimentWord": "4",
        "SentimentPolarity": "1"
      }
    ]
  },
  {
    "Index": "44244",
    "RawText": "가격 초저가~ 제일 싸게 산듯~ 기뻐요. 배송은 정말 빠릅니다. 물통에 물이 똑똑~ 금새 한가득 공기는 산뜻~ 제습력이 정말 좋습니다.",
    "Source": "쇼핑몰",
    "Domain": "가전",
    "MainCategory": "계절가전",
    "ProductName": "뽀송 위닉스 DXTE100-KWK",
    "ReviewScore": "5",
    "Syllable": "75",
    "Word": "19",
    "RDate": "20210908",
    "GeneralPolarity": "1",
    "Aspects": [
      {
        "Aspect": "가격",
        "SentimentText": "가격 초저가~ 제일 싸게 산듯~ 기뻐요.",
        "SentimentWord": "6",
        "SentimentPolarity": "1"
      },
      {
        "Aspect": "기능",
        "SentimentText": "물통에 물이 똑똑~ 금새 한가득 공기는 산뜻~ 제습력이 정말 좋습니다. ",
        "SentimentWord": "10",
        "SentimentPolarity": "1"
      }
    ]
  },
  {
    "Index": "44245",
    "RawText": "할인 금액으로 싸게 샀습니다. 물통이 작아 장마철에는 자주 비워야 해서 좀 귀찮음",
    "Source": "쇼핑몰",
    "Domain": "가전",
    "MainCategory": "계절가전",
    "ProductName": "뽀송 위닉스 DXTE100-KWK",
    "ReviewScore": "5",
    "Syllable": "45",
    "Word": "12",
    "RDate": "20220126",
    "GeneralPolarity": "0",
    "Aspects": [
      {
        "Aspect": "가격",
        "SentimentText": "할인 금액으로  싸게 샀습니다",
        "SentimentWord": "4",
        "SentimentPolarity": "1"
      },
      {
        "Aspect": "용량",
        "SentimentText": " 물통이 작아 장마철에는 자주 비워야 해서 좀 귀찮음",
        "SentimentWord": "8",
        "SentimentPolarity": "-1"
      }
    ]
  },
  {
    "Index": "44246",
    "RawText": "가격 정말 착해서 좋네요. 찢어진 박스에 속상했어요. 제품에 상처 하나 없고 하자 없어서 너무 신나요.",
    "Source": "쇼핑몰",
    "Domain": "가전",
    "MainCategory": "계절가전",
    "ProductName": "뽀송 위닉스 DXTE100-KWK",
    "ReviewScore": "4",
    "Syllable": "57",
    "Word": "15",
    "RDate": "20211012",
    "GeneralPolarity": "1",
    "Aspects": [
      {
        "Aspect": "가격",
        "SentimentText": "가격 정말 착해서 좋네요.",
        "SentimentWord": "4",
        "SentimentPolarity": "1"
      },
      {
        "Aspect": "품질",
        "SentimentText": "제품에 상처 하나 없고 하자 없어서 너무 신나요. ",
        "SentimentWord": "8",
        "SentimentPolarity": "1"
      }
    ]
  },
  {
    "Index": "44248",
    "RawText": "신형으로 구입했어요  화면보다 실물이 더 예뻐서 만족합니다... 제습력도 좋고  소음도 이전 모델보다는 조용한 편입니다... 가격대비 습기 제거가 잘 되서 맘에들어요  가성비 최고의 제품이라 좋습니다.",
    "Source": "쇼핑몰",
    "Domain": "가전",
    "MainCategory": "계절가전",
    "ProductName": "뽀송 위닉스 DXTE100-KWK",
    "ReviewScore": "5",
    "Syllable": "112",
    "Word": "24",
    "RDate": "20210825",
    "GeneralPolarity": "1",
    "Aspects": [
      {
        "Aspect": "디자인",
        "SentimentText": "실물이 더 예뻐서 만족합니다",
        "SentimentWord": "4",
        "SentimentPolarity": "1"
      },
      {
        "Aspect": "소음",
        "SentimentText": "소음도 이전 모델보다는 조용한 편입니다...",
        "SentimentWord": "5",
        "SentimentPolarity": "1"
      },
      {
        "Aspect": "기능",
        "SentimentText": "가격대비 습기 제거가 잘 되서 맘에들어요",
        "SentimentWord": "6",
        "SentimentPolarity": "1"
      },
      {
        "Aspect": "가격",
        "SentimentText": "가성비 최고의 제품이라 좋습니다.",
        "SentimentWord": "4",
        "SentimentPolarity": "1"
      }
    ]
  },
  {
    "Index": "44249",
    "RawText": "선풍기 소음 정도? 소리 그닥 크지 않아서 만족해요. 다른층에 쓸건데 용량 좀더 큰거 살걸 용량이 작아 아쉽습니다.",
    "Source": "쇼핑몰",
    "Domain": "가전",
    "MainCategory": "계절가전",
    "ProductName": "뽀송 위닉스 DXTE100-KWK",
    "ReviewScore": "5",
    "Syllable": "64",
    "Word": "17",
    "RDate": "20220321",
    "GeneralPolarity": "0",
    "Aspects": [
      {
        "Aspect": "소음",
        "SentimentText": "선풍기 소음 정도? 소리 그닥 크지 않아서 만족해요. ",
        "SentimentWord": "8",
        "SentimentPolarity": "1"
      },
      {
        "Aspect": "용량",
        "SentimentText": "용량 좀더 큰거 살걸 용량이 작아 아쉽습니다. ",
        "SentimentWord": "7",
        "SentimentPolarity": "-1"
      }
    ]
  },
  {
    "Index": "44250",
    "RawText": "타사 제품보다 소리도 작아요 .바퀴 있는 디자인 넘 맘에 들어요 ^^",
    "Source": "쇼핑몰",
    "Domain": "가전",
    "MainCategory": "계절가전",
    "ProductName": "뽀송 위닉스 DXTE100-KWK",
    "ReviewScore": "5",
    "Syllable": "38",
    "Word": "11",
    "RDate": "20220323",
    "GeneralPolarity": "1",
    "Aspects": [
      {
        "Aspect": "소음",
        "SentimentText": "타사 제품보다 소리도 작아요",
        "SentimentWord": "4",
        "SentimentPolarity": "1"
      },
      {
        "Aspect": "디자인",
        "SentimentText": "바퀴 있는 디자인 넘 맘에 들어요 ^^",
        "SentimentWord": "7",
        "SentimentPolarity": "1"
      }
    ]
  },
  {
    "Index": "44251",
    "RawText": "전원이 꺼지면 약간의 물이 새서 아쉽네요. ㅠ.ㅠ 물통용량이 작아 수시로 물을 비워야해서 별로예요.",
    "Source": "쇼핑몰",
    "Domain": "가전",
    "MainCategory": "계절가전",
    "ProductName": "뽀송 위닉스 DXTE100-KWK",
    "ReviewScore": "4",
    "Syllable": "55",
    "Word": "13",
    "RDate": "20210822",
    "GeneralPolarity": "-1",
    "Aspects": [
      {
        "Aspect": "품질",
        "SentimentText": "전원이 꺼지면 약간의 물이 새서 아쉽네요. ㅠ.ㅠ",
        "SentimentWord": "7",
        "SentimentPolarity": "-1"
      },
      {
        "Aspect": "용량",
        "SentimentText": "물통용량이 작아 수시로 물을 비워야해서 별로예요. ",
        "SentimentWord": "6",
        "SentimentPolarity": "-1"
      }
    ]
  },
  {
    "Index": "44252",
    "RawText": "마감도 꼼꼼하게 되어 있어서 내 마음에 쏘옥 좋은 제품이네요. 제습기 돌리면 공기가 쾌적해져서 불쾌지수 다운~ 너무 만족합니다.",
    "Source": "쇼핑몰",
    "Domain": "가전",
    "MainCategory": "계절가전",
    "ProductName": "뽀송 위닉스 DXTE100-KWK",
    "ReviewScore": "5",
    "Syllable": "71",
    "Word": "17",
    "RDate": "20211014",
    "GeneralPolarity": "1",
    "Aspects": [
      {
        "Aspect": "품질",
        "SentimentText": "마감도 꼼꼼하게 되어 있어서 내 마음에 쏘옥 좋은 제품이네요. ",
        "SentimentWord": "9",
        "SentimentPolarity": "1"
      },
      {
        "Aspect": "기능",
        "SentimentText": "제습기 돌리면 공기가 쾌적해져서 불쾌지수 다운~ 너무 만족합니다. ",
        "SentimentWord": "8",
        "SentimentPolarity": "1"
      }
    ]
  },
  {
    "Index": "44253",
    "RawText": "가동 소리도 커서 시끄럽고 더운 바람이 나와서 집이 너무 후덥지근해져요",
    "Source": "쇼핑몰",
    "Domain": "가전",
    "MainCategory": "계절가전",
    "ProductName": "뽀송 위닉스 DXTE100-KWK",
    "ReviewScore": "4",
    "Syllable": "39",
    "Word": "10",
    "RDate": "20220815",
    "GeneralPolarity": "-1",
    "Aspects": [
      {
        "Aspect": "소음",
        "SentimentText": "가동 소리도 커서 시끄럽고",
        "SentimentWord": "4",
        "SentimentPolarity": "-1"
      },
      {
        "Aspect": "내구성",
        "SentimentText": "더운 바람이 나와서 집이 너무 후덥지근해져요",
        "SentimentWord": "6",
        "SentimentPolarity": "-1"
      }
    ]
  },
  {
    "Index": "44254",
    "RawText": "배송 늦지 않게 잘 도착~ 21년에 제조 된 상품 이네요. 날짜가 최근은 아니라 조금 안타까워요. 제습긴데 빨래 말리기 기능!!! 잘 말라서 최고입니다.",
    "Source": "쇼핑몰",
    "Domain": "가전",
    "MainCategory": "계절가전",
    "ProductName": "뽀송 위닉스 DXTE100-KWK",
    "ReviewScore": "5",
    "Syllable": "85",
    "Word": "22",
    "RDate": "20210904",
    "GeneralPolarity": "0",
    "Aspects": [
      {
        "Aspect": "제조일/제조사",
        "SentimentText": " 21년에 제조 된 상품 이네요. 날짜가 최근은 아니라 조금 안타까워요. ",
        "SentimentWord": "10",
        "SentimentPolarity": "-1"
      },
      {
        "Aspect": "기능",
        "SentimentText": "제습긴데 빨래 말리기 기능!!! 잘 말라서 최고입니다. ",
        "SentimentWord": "7",
        "SentimentPolarity": "1"
      }
    ]
  },
  {
    "Index": "44255",
    "RawText": "제습 조절 모드가 있어서 매우 편리하게 쓸수 있어 좋아요. 가격은 할인을 많이 받지 못해서 속상해요. ㅠ.ㅠ",
    "Source": "쇼핑몰",
    "Domain": "가전",
    "MainCategory": "계절가전",
    "ProductName": "뽀송 위닉스 DXTE100-KWK",
    "ReviewScore": "5",
    "Syllable": "60",
    "Word": "16",
    "RDate": "20211219",
    "GeneralPolarity": "0",
    "Aspects": [
      {
        "Aspect": "편의성",
        "SentimentText": "제습 조절 모드가 있어서 매우 편리하게 쓸수 있어 좋아요. ",
        "SentimentWord": "9",
        "SentimentPolarity": "1"
      },
      {
        "Aspect": "가격",
        "SentimentText": "가격은 할인을 많이 받지 못해서 속상해요. ㅠ.ㅠ ",
        "SentimentWord": "7",
        "SentimentPolarity": "-1"
      }
    ]
  },
  {
    "Index": "44256",
    "RawText": "작은방은 제습기 틀면 금새 공기가 뽀송해져서 대만족이예요. 웅~ 하는 소음은 좀 나지만 그럭저럭 괜찮아요.",
    "Source": "쇼핑몰",
    "Domain": "가전",
    "MainCategory": "계절가전",
    "ProductName": "뽀송 위닉스 DXTE100-KWK",
    "ReviewScore": "5",
    "Syllable": "59",
    "Word": "14",
    "RDate": "20210905",
    "GeneralPolarity": "1",
    "Aspects": [
      {
        "Aspect": "기능",
        "SentimentText": "작은방은 제습기 틀면 금새 공기가 뽀송해져서 대만족이예요.",
        "SentimentWord": "7",
        "SentimentPolarity": "1"
      },
      {
        "Aspect": "소음",
        "SentimentText": "웅~ 하는 소음은 좀 나지만 그럭저럭 괜찮아요. ",
        "SentimentWord": "7",
        "SentimentPolarity": "0"
      }
    ]
  },
  {
    "Index": "44257",
    "RawText": "제습 기능은 몸으로 느낍니다. 공기가 보송하게 느껴져 대만족입니다. 토출구가 개방형이라 덮개를 써야해서 번거롭고 불편해요.",
    "Source": "쇼핑몰",
    "Domain": "가전",
    "MainCategory": "계절가전",
    "ProductName": "뽀송 위닉스 DXTE100-KWK",
    "ReviewScore": "5",
    "Syllable": "68",
    "Word": "14",
    "RDate": "20220505",
    "GeneralPolarity": "0",
    "Aspects": [
      {
        "Aspect": "기능",
        "SentimentText": "제습 기능은 몸으로 느낍니다. 공기가 보송하게 느껴져 대만족입니다. ",
        "SentimentWord": "8",
        "SentimentPolarity": "1"
      },
      {
        "Aspect": "편의성",
        "SentimentText": "토출구가 개방형이라 덮개를 써야해서 번거롭고 불편해요. ",
        "SentimentWord": "6",
        "SentimentPolarity": "-1"
      }
    ]
  },
  {
    "Index": "44258",
    "RawText": "제습 굿!!! 긴 장마에 제습기 덕 톡톡히 봤어요. 너무 최고~ 배송은 번개같아요. 우웅~ 하고 울리는 소리가 있는데 그냥 저냥 괜찮아요.",
    "Source": "쇼핑몰",
    "Domain": "가전",
    "MainCategory": "계절가전",
    "ProductName": "뽀송 위닉스 DXTE100-KWK",
    "ReviewScore": "5",
    "Syllable": "77",
    "Word": "20",
    "RDate": "20210830",
    "GeneralPolarity": "1",
    "Aspects": [
      {
        "Aspect": "기능",
        "SentimentText": "제습 굿!!! 긴 장마에 제습기 덕 톡톡히 봤어요. 너무 최고~",
        "SentimentWord": "10",
        "SentimentPolarity": "1"
      },
      {
        "Aspect": "소음",
        "SentimentText": " 우웅~ 하고 울리는 소리가 있는데 그냥 저냥 괜찮아요. ",
        "SentimentWord": "8",
        "SentimentPolarity": "1"
      }
    ]
  },
  {
    "Index": "44259",
    "RawText": "제습 속도가 빨라 3시간 정도면 적정 습도로 빠르게 내려줍니다. 굽굽한 공기가 보송해지는 매력~ 제습력도 최고입니다.",
    "Source": "쇼핑몰",
    "Domain": "가전",
    "MainCategory": "계절가전",
    "ProductName": "뽀송 위닉스 DXTE100-KWK",
    "ReviewScore": "5",
    "Syllable": "65",
    "Word": "15",
    "RDate": "20210727",
    "GeneralPolarity": "1",
    "Aspects": [
      {
        "Aspect": "시간/속도",
        "SentimentText": "제습 속도가 빨라 3시간 정도면 적정 습도로 빠르게 내려줍니다. ",
        "SentimentWord": "9",
        "SentimentPolarity": "1"
      },
      {
        "Aspect": "기능",
        "SentimentText": "굽굽한 공기가 보송해지는 매력~ 제습력도 최고입니다. ",
        "SentimentWord": "6",
        "SentimentPolarity": "1"
      }
    ]
  },
  {
    "Index": "44260",
    "RawText": "제습기 틀어 놓으면 습기를 흡입해 끈적함도 사라져 대만족입니다. 단색이면 좋았을걸 위아래 달라 너무 촌스러워 싫어요.",
    "Source": "쇼핑몰",
    "Domain": "가전",
    "MainCategory": "계절가전",
    "ProductName": "뽀송 위닉스 DXTE100-KWK",
    "ReviewScore": "5",
    "Syllable": "65",
    "Word": "15",
    "RDate": "20210813",
    "GeneralPolarity": "0",
    "Aspects": [
      {
        "Aspect": "기능",
        "SentimentText": "제습기 틀어 놓으면 습기를 흡입해 끈적함도 사라져 대만족입니다. ",
        "SentimentWord": "8",
        "SentimentPolarity": "1"
      },
      {
        "Aspect": "색상",
        "SentimentText": "단색이면 좋았을걸 위아래 달라 너무 촌스러워 싫어요. ",
        "SentimentWord": "7",
        "SentimentPolarity": "-1"
      }
    ]
  },
  {
    "Index": "44261",
    "RawText": "제습기 올 여름 열일 했어요. 기능도 다양해서 덕 봤어요. 대만족입니다. 가격대비 가성비 부자~ 정말 좋았습니다.",
    "Source": "쇼핑몰",
    "Domain": "가전",
    "MainCategory": "계절가전",
    "ProductName": "뽀송 위닉스 DXTE100-KWK",
    "ReviewScore": "5",
    "Syllable": "63",
    "Word": "15",
    "RDate": "20211007",
    "GeneralPolarity": "1",
    "Aspects": [
      {
        "Aspect": "기능",
        "SentimentText": "제습기 올 여름 열일 했어요. 기능도 다양해서 덕 봤어요. 대만족입니다. ",
        "SentimentWord": "10",
        "SentimentPolarity": "1"
      },
      {
        "Aspect": "가격",
        "SentimentText": "가격대비 가성비 부자~ 정말 좋았습니다. ",
        "SentimentWord": "5",
        "SentimentPolarity": "1"
      }
    ]
  },
  {
    "Index": "44262",
    "RawText": "성능 좋아 올여름 습기 없이 잘 사용했어요. 근데 소음은 있는편이라 시끄러워요.",
    "Source": "쇼핑몰",
    "Domain": "가전",
    "MainCategory": "계절가전",
    "ProductName": "뽀송 위닉스 DXTE100-KWK",
    "ReviewScore": "4",
    "Syllable": "44",
    "Word": "11",
    "RDate": "20211115",
    "GeneralPolarity": "0",
    "Aspects": [
      {
        "Aspect": "기능",
        "SentimentText": "성능 좋아 올여름 습기 없이 잘 사용했어요. ",
        "SentimentWord": "7",
        "SentimentPolarity": "1"
      },
      {
        "Aspect": "소음",
        "SentimentText": " 근데 소음은 있는 편이라 시끄러워요.  ",
        "SentimentWord": "5",
        "SentimentPolarity": "-1"
      }
    ]
  },
  {
    "Index": "44263",
    "RawText": "신세계에 발을 너무 들였네요. 제습기가 의류도 잘 말려줘서 너무 편해요. 집안 습도 조절도 잘해줘서 공기가 쾌적해서 좋습니다.",
    "Source": "쇼핑몰",
    "Domain": "가전",
    "MainCategory": "계절가전",
    "ProductName": "뽀송 위닉스 DXTE100-KWK",
    "ReviewScore": "5",
    "Syllable": "70",
    "Word": "17",
    "RDate": "20210717",
    "GeneralPolarity": "1",
    "Aspects": [
      {
        "Aspect": "편의성",
        "SentimentText": "제습기가 의류도 잘 말려줘서 너무 편해요. ",
        "SentimentWord": "6",
        "SentimentPolarity": "1"
      },
      {
        "Aspect": "기능",
        "SentimentText": "집안 습도 조절도 잘해줘서 공기가 쾌적해서 좋습니다. ",
        "SentimentWord": "7",
        "SentimentPolarity": "1"
      }
    ]
  },
  {
    "Index": "44264",
    "RawText": "인터넷에서 가정 저렴하게 잘 샀는데, 소리가 이렇게 클 줄 몰랐어요. ㅠㅠ",
    "Source": "쇼핑몰",
    "Domain": "가전",
    "MainCategory": "계절가전",
    "ProductName": "뽀송 위닉스 DXTE100-KWK",
    "ReviewScore": "5",
    "Syllable": "41",
    "Word": "11",
    "RDate": "20220216",
    "GeneralPolarity": "0",
    "Aspects": [
      {
        "Aspect": "가격",
        "SentimentText": "인터넷에서 가정 저렴하게 잘 샀는데, ",
        "SentimentWord": "5",
        "SentimentPolarity": "1"
      },
      {
        "Aspect": "소음",
        "SentimentText": "소리가 이렇게 클 줄 몰랐어요. ㅠㅠ ",
        "SentimentWord": "6",
        "SentimentPolarity": "-1"
      }
    ]
  },
  {
    "Index": "44265",
    "RawText": "제습기는 OOO회사 제품이 제일 유명하다가 지인분들이 강추해서 구입.  사용해보니 역시나 너무 좋네요.  예상보다 제품 무게가 상당히 무거워서 옮길때 아쉬워요. ㅜ  또 작동 소음도 발생해서 실망이에요. ㅜ  제습력은 타 제품에 비해 월등히 좋아서 만족합니다.  또 사용방법도 무척 간단해서 편리해요.. 굿",
    "Source": "쇼핑몰",
    "Domain": "가전",
    "MainCategory": "계절가전",
    "ProductName": "뽀송 위닉스 DXTE100-KWK",
    "ReviewScore": "4",
    "Syllable": "171",
    "Word": "39",
    "RDate": "20220630",
    "Aspects": [
      {
        "Aspect": "제조일/제조사",
        "SentimentText": "제습기는 OOO회사 제품이 제일 유명하다가 지인분들이 강추해서 구입.  사용해보니 역시나 너무 좋네요. ",
        "SentimentWord": "12",
        "SentimentPolarity": "1"
      },
      {
        "Aspect": "무게",
        "SentimentText": "예상보다 제품 무게가 상당히 무거워서 옮길때 아쉬워요. ㅜ ",
        "SentimentWord": "8",
        "SentimentPolarity": "-1"
      },
      {
        "Aspect": "소음",
        "SentimentText": "또 작동 소음도 발생해서 실망이에요. ㅜ ",
        "SentimentWord": "6",
        "SentimentPolarity": "-1"
      },
      {
        "Aspect": "기능",
        "SentimentText": "제습력은 타 제품에 비해 월등히 좋아서 만족합니다. ",
        "SentimentWord": "7",
        "SentimentPolarity": "1"
      },
      {
        "Aspect": "조작성",
        "SentimentText": "또 사용방법도 무척 간단해서 편리해요.. 굿 ",
        "SentimentWord": "6",
        "SentimentPolarity": "1"
      }
    ]
  },
  {
    "Index": "44266",
    "RawText": "타사 제품에 비해 제품 가성비가 무척 훌륭해서 마음에 듭니다.  무게감은 있지만 하단부에 360도 회전 바퀴가 달려 있어 이곳저곳 이동할때 부드럽게 밀려서 편리해요.. 만족합니다.",
    "Source": "쇼핑몰",
    "Domain": "가전",
    "MainCategory": "계절가전",
    "ProductName": "뽀송 위닉스 DXTE100-KWK",
    "ReviewScore": "5",
    "Syllable": "100",
    "Word": "23",
    "RDate": "20211226",
    "GeneralPolarity": "1",
    "Aspects": [
      {
        "Aspect": "가격",
        "SentimentText": "타사 제품에 비해 제품 가성비가 무척 훌륭해서 마음에 듭니다. ",
        "SentimentWord": "9",
        "SentimentPolarity": "1"
      },
      {
        "Aspect": "편의성",
        "SentimentText": "무게감은 있지만 하단부에 360도 회전 바퀴가 달려 있어 이곳저곳 이동할때 부드럽게 밀려서 편리해요.. 만족합니다. ",
        "SentimentWord": "14",
        "SentimentPolarity": "1"
      }
    ]
  },
  {
    "Index": "44267",
    "RawText": "제습 기능뿐만 아니라 공기 청정까지 되는 느낌! 빨래도 훨씬 빨리 말라요. 가동 소리도 적당해서  좋습니다.",
    "Source": "쇼핑몰",
    "Domain": "가전",
    "MainCategory": "계절가전",
    "ProductName": "뽀송 위닉스 DXTE100-KWK",
    "ReviewScore": "5",
    "Syllable": "60",
    "Word": "15",
    "RDate": "20220223",
    "GeneralPolarity": "1",
    "Aspects": [
      {
        "Aspect": "기능",
        "SentimentText": "제습 기능뿐만 아니라 공기 청정까지 되는 느낌! 빨래도 훨씬 빨리 말라요",
        "SentimentWord": "11",
        "SentimentPolarity": "1"
      },
      {
        "Aspect": "소음",
        "SentimentText": "가동 소리도 적당해서  좋습니다.",
        "SentimentWord": "4",
        "SentimentPolarity": "1"
      }
    ]
  },
  {
    "Index": "44268",
    "RawText": "제습력이 뛰어나 집이 엄청 뽀송해요. 여름철에는 물통이 작아 아쉽네요. 가격대비 가성비가 아주 휼룡합니다",
    "Source": "쇼핑몰",
    "Domain": "가전",
    "MainCategory": "계절가전",
    "ProductName": "뽀송 위닉스 DXTE100-KWK",
    "ReviewScore": "4",
    "Syllable": "58",
    "Word": "13",
    "RDate": "20220728",
    "GeneralPolarity": "1",
    "Aspects": [
      {
        "Aspect": "기능",
        "SentimentText": "제습력이 뛰어나 집이 엄청 뽀송해요.",
        "SentimentWord": "5",
        "SentimentPolarity": "1"
      },
      {
        "Aspect": "용량",
        "SentimentText": "여름철에는 물통이 작아 아쉽네요. ",
        "SentimentWord": "4",
        "SentimentPolarity": "-1"
      },
      {
        "Aspect": "가격",
        "SentimentText": "가격대비 가성비가 아주 휼룡합니다",
        "SentimentWord": "4",
        "SentimentPolarity": "1"
      }
    ]
  },
  {
    "Index": "44269",
    "RawText": "오전에 틀어 두면 집안 습기 싸악~ 공기는 보송하고 물통에 물은 많이 차서 기분 좋네요. 바퀴가 있어 이동이 쉬워 너무 편리합니다.",
    "Source": "쇼핑몰",
    "Domain": "가전",
    "MainCategory": "계절가전",
    "ProductName": "뽀송 위닉스 DXTE100-KWK",
    "ReviewScore": "4",
    "Syllable": "73",
    "Word": "20",
    "RDate": "20220520",
    "GeneralPolarity": "1",
    "Aspects": [
      {
        "Aspect": "기능",
        "SentimentText": "오전에 틀어 두면 집안 습기 싸악~ 공기는 보송하고 물통에 물은 많이 차서 기분 좋네요. ",
        "SentimentWord": "14",
        "SentimentPolarity": "1"
      },
      {
        "Aspect": "편의성",
        "SentimentText": "바퀴가 있어 이동이 쉬워 너무 편리합니다. ",
        "SentimentWord": "6",
        "SentimentPolarity": "1"
      }
    ]
  },
  {
    "Index": "44270",
    "RawText": "높은 습도로 짜증 났는데 제습기 덕분에 뽀송 뽀송~ 끈적함 없어 너무 좋아요. 용량이 작아 물이  넘칠것 같아요. 큰거 살걸 후회합니다.",
    "Source": "쇼핑몰",
    "Domain": "가전",
    "MainCategory": "계절가전",
    "ProductName": "뽀송 위닉스 DXTE100-KWK",
    "ReviewScore": "4",
    "Syllable": "76",
    "Word": "20",
    "RDate": "20210907",
    "GeneralPolarity": "0",
    "Aspects": [
      {
        "Aspect": "기능",
        "SentimentText": "높은 습도로 짜증 났는데 제습기 덕분에 뽀송 뽀송~ 끈적함 없어 너무 좋아요.",
        "SentimentWord": "12",
        "SentimentPolarity": "1"
      },
      {
        "Aspect": "용량",
        "SentimentText": "용량이 작아 물이  넘칠것 같아요. 큰거 살걸 후회합니다. ",
        "SentimentWord": "8",
        "SentimentPolarity": "-1"
      }
    ]
  },
  {
    "Index": "44271",
    "RawText": "여름철 제습기 필수!  제습 성능 좋아요. 소리만 작았어도 ㅜㅜ 아쉽네요",
    "Source": "쇼핑몰",
    "Domain": "가전",
    "MainCategory": "계절가전",
    "ProductName": "뽀송 위닉스 DXTE100-KWK",
    "ReviewScore": "5",
    "Syllable": "40",
    "Word": "10",
    "RDate": "20210829",
    "GeneralPolarity": "0",
    "Aspects": [
      {
        "Aspect": "기능",
        "SentimentText": "여름철 제습기 필수!  제습 성능 좋아요 ",
        "SentimentWord": "6",
        "SentimentPolarity": "1"
      },
      {
        "Aspect": "소음",
        "SentimentText": "소리만 작았어도 ㅜㅜ 아쉽네요 ",
        "SentimentWord": "4",
        "SentimentPolarity": "-1"
      }
    ]
  },
  {
    "Index": "44273",
    "RawText": "그냥 윙~ 고정도 소음이라 작아서 좋네요. 자동모드로 공기잡고 의류건조기능으로 옷 잘 말리고 1석2조 좋았어요. 바퀴가 있어 이방 저방 옮겨 다니기 편해 만족~ 배송도 엄청 빨라 좋아요.",
    "Source": "쇼핑몰",
    "Domain": "가전",
    "MainCategory": "계절가전",
    "ProductName": "뽀송 위닉스 DXTE100-KWK",
    "ReviewScore": "5",
    "Syllable": "104",
    "Word": "26",
    "RDate": "20220719",
    "GeneralPolarity": "1",
    "Aspects": [
      {
        "Aspect": "소음",
        "SentimentText": "그냥 윙~ 고정도 소음이라 작아서 좋네요. ",
        "SentimentWord": "6",
        "SentimentPolarity": "1"
      },
      {
        "Aspect": "기능",
        "SentimentText": "자동모드로 공기잡고 의류건조기능으로 옷 잘 말리고 1석2조 좋았어요.",
        "SentimentWord": "8",
        "SentimentPolarity": "1"
      },
      {
        "Aspect": "편의성",
        "SentimentText": "바퀴가 있어 이방 저방 옮겨 다니기 편해 만족~ ",
        "SentimentWord": "8",
        "SentimentPolarity": "1"
      }
    ]
  },
  {
    "Index": "44274",
    "RawText": "소리가 좀 시끄러워요.ㅠㅠ 제습 성능 좋아 참고 씁니다^^",
    "Source": "쇼핑몰",
    "Domain": "가전",
    "MainCategory": "계절가전",
    "ProductName": "뽀송 위닉스 DXTE100-KWK",
    "ReviewScore": "4",
    "Syllable": "32",
    "Word": "8",
    "RDate": "20210901",
    "GeneralPolarity": "0",
    "Aspects": [
      {
        "Aspect": "소음",
        "SentimentText": "소리가 좀 시끄러워요.ㅠㅠ",
        "SentimentWord": "3",
        "SentimentPolarity": "-1"
      },
      {
        "Aspect": "기능",
        "SentimentText": "제습 성능 좋아 참고 씁니다^^ ",
        "SentimentWord": "5",
        "SentimentPolarity": "1"
      }
    ]
  },
  {
    "Index": "44275",
    "RawText": "제습 성능 굿!  진작 살껄 그랬어요.  옮기는데 낑낑 좀 무겁네요",
    "Source": "쇼핑몰",
    "Domain": "가전",
    "MainCategory": "계절가전",
    "ProductName": "뽀송 위닉스 DXTE100-KWK",
    "ReviewScore": "4",
    "Syllable": "37",
    "Word": "10",
    "RDate": "20210715",
    "GeneralPolarity": "0",
    "Aspects": [
      {
        "Aspect": "기능",
        "SentimentText": "제습 성능 굿!  진작 살껄 그랬어요.",
        "SentimentWord": "6",
        "SentimentPolarity": "1"
      },
      {
        "Aspect": "무게",
        "SentimentText": " 옮기는데 낑낑 좀 무겁네요",
        "SentimentWord": "4",
        "SentimentPolarity": "-1"
      }
    ]
  },
  {
    "Index": "44276",
    "RawText": "배송 진짜 빨라요. 가격도 적당해서 매우 만족했어요. 제습력 짱~ 이 표현이 맞는거 같아요. 너무 좋습니다.",
    "Source": "쇼핑몰",
    "Domain": "가전",
    "MainCategory": "계절가전",
    "ProductName": "뽀송 위닉스 DXTE100-KWK",
    "ReviewScore": "5",
    "Syllable": "60",
    "Word": "15",
    "RDate": "20220713",
    "GeneralPolarity": "1",
    "Aspects": [
      {
        "Aspect": "가격",
        "SentimentText": "가격도 적당해서 매우 만족했어요.",
        "SentimentWord": "4",
        "SentimentPolarity": "1"
      },
      {
        "Aspect": "기능",
        "SentimentText": "제습력 짱~ 이 표현이 맞는거 같아요. 너무 좋습니다. ",
        "SentimentWord": "8",
        "SentimentPolarity": "1"
      }
    ]
  },
  {
    "Index": "44277",
    "RawText": "조립이 잘못 된 불량 제품이 왔어요;;;ㅠㅠ  원룸에서 쓸려고 작은 사이즈 샀는데 딱 적당하고, 소리도 생각보다는 작아요. 더운 바람도 많이 나오지 않아 사용하기 좋아요",
    "Source": "쇼핑몰",
    "Domain": "가전",
    "MainCategory": "계절가전",
    "ProductName": "뽀송 위닉스 DXTE100-KWK",
    "ReviewScore": "1",
    "Syllable": "94",
    "Word": "23",
    "RDate": "20220817",
    "GeneralPolarity": "0",
    "Aspects": [
      {
        "Aspect": "품질",
        "SentimentText": "조립이 잘못 된 불량 제품이 왔어요;;;ㅠㅠ ",
        "SentimentWord": "6",
        "SentimentPolarity": "-1"
      },
      {
        "Aspect": "사이즈",
        "SentimentText": "원룸에서 쓸려고 작은 사이즈 샀는데 딱 적당하고",
        "SentimentWord": "7",
        "SentimentPolarity": "1"
      },
      {
        "Aspect": "소음",
        "SentimentText": " 소리도 생각보다는 작아요. ",
        "SentimentWord": "3",
        "SentimentPolarity": "1"
      },
      {
        "Aspect": "편의성",
        "SentimentText": "더운 바람도 많이 나오지 않아 사용하기 좋아요 ",
        "SentimentWord": "7",
        "SentimentPolarity": "1"
      }
    ]
  },
  {
    "Index": "44278",
    "RawText": "지하라 성능 좋은 제습기가 필요했는데 딱 좋습니다. 너무 만족해요. 가격도 착해서 기분좋구요. 배송 빠른것도 굿~",
    "Source": "쇼핑몰",
    "Domain": "가전",
    "MainCategory": "계절가전",
    "ProductName": "뽀송 위닉스 DXTE100-KWK",
    "ReviewScore": "5",
    "Syllable": "63",
    "Word": "15",
    "RDate": "20220222",
    "GeneralPolarity": "1",
    "Aspects": [
      {
        "Aspect": "기능",
        "SentimentText": "지하라 성능 좋은 제습기가 필요했는데 딱 좋습니다. 너무 만족해요.",
        "SentimentWord": "9",
        "SentimentPolarity": "1"
      },
      {
        "Aspect": "가격",
        "SentimentText": "가격도 착해서 기분좋구요. ",
        "SentimentWord": "3",
        "SentimentPolarity": "1"
      }
    ]
  },
  {
    "Index": "44279",
    "RawText": "습기 많은 사무실에 쓰는데 이래서 제습기 쓰나봄. 보송해지고 물통은 꽉차서 뿌듯~ 물통 수시로 비워 줘야해서 그건 좀 귀찮고 불편하네요.",
    "Source": "쇼핑몰",
    "Domain": "가전",
    "MainCategory": "계절가전",
    "ProductName": "뽀송 위닉스 DXTE100-KWK",
    "ReviewScore": "4",
    "Syllable": "76",
    "Word": "19",
    "RDate": "20220502",
    "GeneralPolarity": "0",
    "Aspects": [
      {
        "Aspect": "기능",
        "SentimentText": "습기 많은 사무실에 쓰는데 이래서 제습기 쓰나봄. 보송해지고 물통은 꽉차서 뿌듯~",
        "SentimentWord": "11",
        "SentimentPolarity": "1"
      },
      {
        "Aspect": "편의성",
        "SentimentText": "물통 수시로 비워 줘야해서 그건 좀 귀찮고 불편하네요. ",
        "SentimentWord": "8",
        "SentimentPolarity": "-1"
      }
    ]
  },
  {
    "Index": "44280",
    "RawText": "OOO 입소문이 자자해서 믿음이 가요. 거실용 샀는데 소음 안커서 매우 좋아요. 빨래 말려주는 기능 칭찬합니다. 넘 만족해요.",
    "Source": "쇼핑몰",
    "Domain": "가전",
    "MainCategory": "계절가전",
    "ProductName": "뽀송 위닉스 DXTE100-KWK",
    "ReviewScore": "5",
    "Syllable": "70",
    "Word": "17",
    "RDate": "20220703",
    "GeneralPolarity": "1",
    "Aspects": [
      {
        "Aspect": "제조일/제조사",
        "SentimentText": "OOO 입소문이 자자해서 믿음이 가요. ",
        "SentimentWord": "5",
        "SentimentPolarity": "1"
      },
      {
        "Aspect": "소음",
        "SentimentText": "거실용 샀는데 소음 안커서 매우 좋아요.",
        "SentimentWord": "6",
        "SentimentPolarity": "1"
      },
      {
        "Aspect": "기능",
        "SentimentText": "빨래 말려주는 기능 칭찬합니다. 넘 만족해요. ",
        "SentimentWord": "6",
        "SentimentPolarity": "1"
      }
    ]
  },
  {
    "Index": "44281",
    "RawText": "우와~ 습기가 엄청 나요. 제습기 물 차는거 보면 뿌듯합니다. 뽀송함에 기분 좋아요. 소음은 좀 시끄러운 편이라 아쉽네요.",
    "Source": "쇼핑몰",
    "Domain": "가전",
    "MainCategory": "계절가전",
    "ProductName": "뽀송 위닉스 DXTE100-KWK",
    "ReviewScore": "4",
    "Syllable": "68",
    "Word": "17",
    "RDate": "20211201",
    "GeneralPolarity": "0",
    "Aspects": [
      {
        "Aspect": "기능",
        "SentimentText": "우와~ 습기가 엄청 나요. 제습기 물 차는거 보면 뿌듯합니다. 뽀송함에 기분 좋아요. ",
        "SentimentWord": "12",
        "SentimentPolarity": "1"
      },
      {
        "Aspect": "소음",
        "SentimentText": "소음은 좀 시끄러운 편이라 아쉽네요. ",
        "SentimentWord": "5",
        "SentimentPolarity": "-1"
      }
    ]
  },
  {
    "Index": "44282",
    "RawText": "사용 중인데 OOO제품 너무 맘에 들어서 재구매도 했습니다ㅎㅎ 뛰어난 제습 성능 덕에 뽀송해지니 넘 좋네용ㅎㅎ",
    "Source": "쇼핑몰",
    "Domain": "가전",
    "MainCategory": "계절가전",
    "ProductName": "뽀송 위닉스 DXTE100-KWK",
    "ReviewScore": "5",
    "Syllable": "61",
    "Word": "15",
    "RDate": "20220711",
    "GeneralPolarity": "1",
    "Aspects": [
      {
        "Aspect": "제조일/제조사",
        "SentimentText": "사용 중인데 OOO제품 너무 맘에 들어서 재구매도 했습니다ㅎㅎ ",
        "SentimentWord": "8",
        "SentimentPolarity": "1"
      },
      {
        "Aspect": "기능",
        "SentimentText": " 뛰어난 제습 성능 덕에 뽀송해지니 넘 좋네용ㅎㅎ",
        "SentimentWord": "7",
        "SentimentPolarity": "1"
      }
    ]
  },
  {
    "Index": "44283",
    "RawText": "습도 높은 사무실에서 쓰는데 효과 최고입니다. 제습 잘되니 흡족해요. 에너지 효율 3등급이라 자주쓰려니 전기세 무서워요.",
    "Source": "쇼핑몰",
    "Domain": "가전",
    "MainCategory": "계절가전",
    "ProductName": "뽀송 위닉스 DXTE100-KWK",
    "ReviewScore": "5",
    "Syllable": "67",
    "Word": "15",
    "RDate": "20220716",
    "GeneralPolarity": "0",
    "Aspects": [
      {
        "Aspect": "기능",
        "SentimentText": "습도 높은 사무실에서 쓰는데 효과 최고입니다. 제습 잘되니 흡족해요. ",
        "SentimentWord": "9",
        "SentimentPolarity": "1"
      },
      {
        "Aspect": "소비전력",
        "SentimentText": "에너지 효율 3등급이라 자주쓰려니 전기세 무서워요.",
        "SentimentWord": "6",
        "SentimentPolarity": "-1"
      }
    ]
  },
  {
    "Index": "44284",
    "RawText": "습한 느낌과 곰팡이 때문에 샀는데 써보니까 효과 너무 좋습니다~~ 곰팡이도 더 이상 안 나고 빨래도 뽀송해지니 넘 편리하네요^^ 완전 만족입니다!!",
    "Source": "쇼핑몰",
    "Domain": "가전",
    "MainCategory": "계절가전",
    "ProductName": "뽀송 위닉스 DXTE100-KWK",
    "ReviewScore": "5",
    "Syllable": "82",
    "Word": "20",
    "RDate": "20210802",
    "GeneralPolarity": "1",
    "Aspects": [
      {
        "Aspect": "기능",
        "SentimentText": "습한 느낌과 곰팡이 때문에 샀는데 써보니까 효과 너무 좋습니다~~",
        "SentimentWord": "9",
        "SentimentPolarity": "1"
      },
      {
        "Aspect": "편의성",
        "SentimentText": " 곰팡이도 더 이상 안 나고 빨래도 뽀송해지니 넘 편리하네요^^ 완전 만족입니다!!",
        "SentimentWord": "11",
        "SentimentPolarity": "1"
      }
    ]
  },
  {
    "Index": "44285",
    "RawText": "제습기 사용하니 눅눅함이 확 줄어 너무 만족합니다. 성능 좋아요. 제습 속도가 느려 시간은 오래 걸려서 아쉽습니다.",
    "Source": "쇼핑몰",
    "Domain": "가전",
    "MainCategory": "계절가전",
    "ProductName": "뽀송 위닉스 DXTE100-KWK",
    "ReviewScore": "4",
    "Syllable": "64",
    "Word": "16",
    "RDate": "20211130",
    "GeneralPolarity": "0",
    "Aspects": [
      {
        "Aspect": "기능",
        "SentimentText": "제습기 사용하니 눅눅함이 확 줄어 너무 만족합니다. 성능 좋아요. ",
        "SentimentWord": "9",
        "SentimentPolarity": "1"
      },
      {
        "Aspect": "시간/속도",
        "SentimentText": "제습 속도가 느려 시간은 오래 걸려서 아쉽습니다. ",
        "SentimentWord": "7",
        "SentimentPolarity": "-1"
      }
    ]
  },
  {
    "Index": "44286",
    "RawText": "물통 분리하는 부분 찾기가 힘들어서 좀 불편했습니다 그런데 집이 좁아서 그런가 용량은 넉넉합니다~~",
    "Source": "쇼핑몰",
    "Domain": "가전",
    "MainCategory": "계절가전",
    "ProductName": "뽀송 위닉스 DXTE100-KWK",
    "ReviewScore": "5",
    "Syllable": "55",
    "Word": "13",
    "RDate": "20220629",
    "GeneralPolarity": "0",
    "Aspects": [
      {
        "Aspect": "편의성",
        "SentimentText": "물통 분리하는 부분 찾기가 힘들어서 좀 불편했습니다 ",
        "SentimentWord": "7",
        "SentimentPolarity": "-1"
      },
      {
        "Aspect": "용량",
        "SentimentText": "그런데 집이 좁아서 그런가 용량은 넉넉합니다~~",
        "SentimentWord": "6",
        "SentimentPolarity": "1"
      }
    ]
  },
  {
    "Index": "44288",
    "RawText": "나한테 왜그래요... 자꾸 하자 있는 물건이 와서 속상합니다. 물통도 바꿔 봤지만 소리가 나아지지 않습니다. AS를 받고 싶어도 매번 나는 큰 소리가 아니기에 처리가 안됩니다. 소음때문에 스트레스~ 드드득 소리에 놀래요. 짜증납니다.",
    "Source": "쇼핑몰",
    "Domain": "가전",
    "MainCategory": "계절가전",
    "ProductName": "뽀송 위닉스 DXTE100-KWK",
    "ReviewScore": "2",
    "Syllable": "130",
    "Word": "30",
    "RDate": "20220817",
    "GeneralPolarity": "-1",
    "Aspects": [
      {
        "Aspect": "품질",
        "SentimentText": "나한테 왜그래요... 자꾸 하자 있는 물건이 와서 속상합니다. ",
        "SentimentWord": "8",
        "SentimentPolarity": "-1"
      },
      {
        "Aspect": "소음",
        "SentimentText": "소음때문에 스트레스~ 드드득 소리에 놀래요. 짜증납니다. ",
        "SentimentWord": "6",
        "SentimentPolarity": "-1"
      }
    ]
  },
  {
    "Index": "44289",
    "RawText": "배송 빠름~ 총알 같아요. 디스플레이 창도 세련된듯~ 깔끔한 디자인 아주 예쁩니다. 현재 습도 상태도 직관적으로 볼수 있어 너무 편리합니다.",
    "Source": "쇼핑몰",
    "Domain": "가전",
    "MainCategory": "계절가전",
    "ProductName": "뽀송 위닉스 DXTE100-KWK",
    "ReviewScore": "5",
    "Syllable": "78",
    "Word": "19",
    "RDate": "20210831",
    "GeneralPolarity": "1",
    "Aspects": [
      {
        "Aspect": "디자인",
        "SentimentText": "디스플레이 창도 세련된듯~ 깔끔한 디자인 아주 예쁩니다. ",
        "SentimentWord": "7",
        "SentimentPolarity": "1"
      },
      {
        "Aspect": "편의성",
        "SentimentText": "현재 습도 상태도 직관적으로 볼수 있어 너무 편리합니다. ",
        "SentimentWord": "8",
        "SentimentPolarity": "1"
      }
    ]
  },
  {
    "Index": "44290",
    "RawText": "큰 애 방에 두고 사용 중입니다~ 제습이 잘 되어서 더 이상 방이 눅눅하지 않네요ㅎㅎ 소음도 거의 없어서 공부할 때 방해되지 않는다고 합니다ㅎㅎ",
    "Source": "쇼핑몰",
    "Domain": "가전",
    "MainCategory": "계절가전",
    "ProductName": "뽀송 위닉스 DXTE100-KWK",
    "ReviewScore": "5",
    "Syllable": "80",
    "Word": "22",
    "RDate": "20220327",
    "GeneralPolarity": "1",
    "Aspects": [
      {
        "Aspect": "기능",
        "SentimentText": "큰 애 방에 두고 사용 중입니다~ 제습이 잘 되어서 더 이상 방이 눅눅하지 않네요ㅎㅎ ",
        "SentimentWord": "14",
        "SentimentPolarity": "1"
      },
      {
        "Aspect": "소음",
        "SentimentText": "소음도 거의 없어서 공부할 때 방해되지 않는다고 합니다ㅎㅎ",
        "SentimentWord": "8",
        "SentimentPolarity": "1"
      }
    ]
  },
  {
    "Index": "44292",
    "RawText": "타사 제품은 너무 시끄러웠는데 이 제품은 조용해서 좋네요! 그런데 용량은 좀 작아서 아쉬운 감이 있습니다",
    "Source": "쇼핑몰",
    "Domain": "가전",
    "MainCategory": "계절가전",
    "ProductName": "뽀송 위닉스 DXTE100-KWK",
    "ReviewScore": "5",
    "Syllable": "58",
    "Word": "15",
    "RDate": "20220710",
    "GeneralPolarity": "0",
    "Aspects": [
      {
        "Aspect": "소음",
        "SentimentText": "타사 제품은 너무 시끄러웠는데 이 제품은 조용해서 좋네요! ",
        "SentimentWord": "8",
        "SentimentPolarity": "1"
      },
      {
        "Aspect": "용량",
        "SentimentText": "그런데 용량은 좀 작아서 아쉬운 감이 있습니다",
        "SentimentWord": "7",
        "SentimentPolarity": "-1"
      }
    ]
  },
  {
    "Index": "44293",
    "RawText": "드레스룸에 많았던 습기를 쫙 빨아들였네요 성능 놀랍습니다! 색상은 좀 아쉽네요 선택지가 더 많았더라면 좋을텐데요~~",
    "Source": "쇼핑몰",
    "Domain": "가전",
    "MainCategory": "계절가전",
    "ProductName": "뽀송 위닉스 DXTE100-KWK",
    "ReviewScore": "4",
    "Syllable": "64",
    "Word": "14",
    "RDate": "20210726",
    "GeneralPolarity": "0",
    "Aspects": [
      {
        "Aspect": "기능",
        "SentimentText": "드레스룸에 많았던 습기를 쫙 빨아들였네요 성능 놀랍습니다! ",
        "SentimentWord": "7",
        "SentimentPolarity": "1"
      },
      {
        "Aspect": "색상",
        "SentimentText": "색상은 좀 아쉽네요 선택지가 더 많았더라면 좋을텐데요~~",
        "SentimentWord": "7",
        "SentimentPolarity": "-1"
      }
    ]
  },
  {
    "Index": "44294",
    "RawText": "마감 좋고 하자 없고~ 좋은 제품 받아서 너무 기뻐요. 터보 모터를 달았는지 켜면 습도도 잘 잡아 줘서 대만족이예요. 소음은 좀 있어서 잠잘땐 못 켜서 아쉬워요.",
    "Source": "쇼핑몰",
    "Domain": "가전",
    "MainCategory": "계절가전",
    "ProductName": "뽀송 위닉스 DXTE100-KWK",
    "ReviewScore": "4",
    "Syllable": "90",
    "Word": "25",
    "RDate": "20220420",
    "GeneralPolarity": "0",
    "Aspects": [
      {
        "Aspect": "품질",
        "SentimentText": "마감 좋고 하자 없고~ 좋은 제품 받아서 너무 기뻐요.",
        "SentimentWord": "9",
        "SentimentPolarity": "1"
      },
      {
        "Aspect": "기능",
        "SentimentText": "터보 모터를 달았는지 켜면 습도도 잘 잡아 줘서 대만족이예요. ",
        "SentimentWord": "9",
        "SentimentPolarity": "1"
      },
      {
        "Aspect": "소음",
        "SentimentText": "소음은 좀 있어서 잠잘땐 못 켜서 아쉬워요. ",
        "SentimentWord": "7",
        "SentimentPolarity": "-1"
      }
    ]
  },
  {
    "Index": "44295",
    "RawText": "하자품이 와서 많이 기분 나빴어요. 만수감지 센서 오류로 제 기능을 수행하지 못하는 제습기 별로네요. AS 과정이나 교환도 번거롭고 안좋네요.",
    "Source": "쇼핑몰",
    "Domain": "가전",
    "MainCategory": "계절가전",
    "ProductName": "뽀송 위닉스 DXTE100-KWK",
    "ReviewScore": "4",
    "Syllable": "79",
    "Word": "19",
    "RDate": "20220708",
    "GeneralPolarity": "-1",
    "Aspects": [
      {
        "Aspect": "품질",
        "SentimentText": "하자품이 와서 많이 기분 나빴어요.",
        "SentimentWord": "5",
        "SentimentPolarity": "-1"
      },
      {
        "Aspect": "기능",
        "SentimentText": "만수감지 센서 오류로 제 기능을 수행하지 못하는 제습기 별로네요. ",
        "SentimentWord": "9",
        "SentimentPolarity": "-1"
      }
    ]
  },
  {
    "Index": "44296",
    "RawText": "한달 정도 쓰는 중인데 고장나지도 않고 튼튼하니 좋네요^^ 소음도 거슬리지 않을 정도이고요~만족해요",
    "Source": "쇼핑몰",
    "Domain": "가전",
    "MainCategory": "계절가전",
    "ProductName": "뽀송 위닉스 DXTE100-KWK",
    "ReviewScore": "5",
    "Syllable": "55",
    "Word": "12",
    "RDate": "20220226",
    "GeneralPolarity": "1",
    "Aspects": [
      {
        "Aspect": "내구성",
        "SentimentText": "한달 정도 쓰는 중인데 고장나지도 않고 튼튼하니 좋네요^^",
        "SentimentWord": "8",
        "SentimentPolarity": "1"
      },
      {
        "Aspect": "소음",
        "SentimentText": " 소음도 거슬리지 않을 정도이고요~만족해요",
        "SentimentWord": "4",
        "SentimentPolarity": "1"
      }
    ]
  },
  {
    "Index": "44297",
    "RawText": "행사 덕분에 저렴하게 구입해서 좋았어요ㅎ 파손된 부분도 없고 작동도 잘 됩니다~ 품질 굿^^",
    "Source": "쇼핑몰",
    "Domain": "가전",
    "MainCategory": "계절가전",
    "ProductName": "뽀송 위닉스 DXTE100-KWK",
    "ReviewScore": "5",
    "Syllable": "51",
    "Word": "13",
    "RDate": "20210904",
    "GeneralPolarity": "1",
    "Aspects": [
      {
        "Aspect": "가격",
        "SentimentText": "행사 덕분에 저렴하게 구입해서 좋았어요ㅎ",
        "SentimentWord": "5",
        "SentimentPolarity": "1"
      },
      {
        "Aspect": "품질",
        "SentimentText": "파손된 부분도 없고 작동도 잘 됩니다~ 품질 굿^^",
        "SentimentWord": "8",
        "SentimentPolarity": "1"
      }
    ]
  },
  {
    "Index": "44298",
    "RawText": "결로방지에 탁월한 효과를 발휘하는 제습기 너무 만족합니다. 진동과 높낮이가 다른 소음이 발생해서 조금 아쉽습니다. 1시간 가동하면 습도가 빠르게 내려갑니다. 제습 속도가 빨라 좋네요.",
    "Source": "쇼핑몰",
    "Domain": "가전",
    "MainCategory": "계절가전",
    "ProductName": "뽀송 위닉스 DXTE100-KWK",
    "ReviewScore": "5",
    "Syllable": "102",
    "Word": "23",
    "RDate": "20211208",
    "GeneralPolarity": "0",
    "Aspects": [
      {
        "Aspect": "기능",
        "SentimentText": "결로방지에 탁월한 효과를 발휘하는 제습기 너무 만족합니다. ",
        "SentimentWord": "7",
        "SentimentPolarity": "1"
      },
      {
        "Aspect": "소음",
        "SentimentText": " 진동과 높낮이가 다른 소음이 발생해서 조금 아쉽습니다. ",
        "SentimentWord": "7",
        "SentimentPolarity": "-1"
      },
      {
        "Aspect": "시간/속도",
        "SentimentText": "1시간 가동하면 습도가 빠르게 내려갑니다. 제습 속도가 빨라 좋네요. ",
        "SentimentWord": "9",
        "SentimentPolarity": "1"
      }
    ]
  },
  {
    "Index": "44299",
    "RawText": "제습기 덕에 빨래가 냄새 없이 빨리 마르니 너무 편하네요~~OOO제품은 항상 믿고 써서 벌써 세 번째 재구매했어요",
    "Source": "쇼핑몰",
    "Domain": "가전",
    "MainCategory": "계절가전",
    "ProductName": "뽀송 위닉스 DXTE100-KWK",
    "ReviewScore": "5",
    "Syllable": "63",
    "Word": "16",
    "RDate": "20210816",
    "GeneralPolarity": "1",
    "Aspects": [
      {
        "Aspect": "편의성",
        "SentimentText": "제습기 덕에 빨래가 냄새 없이 빨리 마르니 너무 편하네요~~",
        "SentimentWord": "9",
        "SentimentPolarity": "1"
      },
      {
        "Aspect": "제조일/제조사",
        "SentimentText": "OOO제품은 항상 믿고 써서 벌써 세 번째 재구매했어요",
        "SentimentWord": "8",
        "SentimentPolarity": "1"
      }
    ]
  },
  {
    "Index": "44300",
    "RawText": "장마철에 빨래 건조 기능으로 의류 말려보니 효과 최고~ 너무 만족합니다. 소비효율도 좋아서 팡팡 씁니다. 진짜 좋습니다.",
    "Source": "쇼핑몰",
    "Domain": "가전",
    "MainCategory": "계절가전",
    "ProductName": "삼성전자 AY18BG7500GBD",
    "ReviewScore": "5",
    "Syllable": "67",
    "Word": "16",
    "RDate": "20220630",
    "GeneralPolarity": "1",
    "Aspects": [
      {
        "Aspect": "기능",
        "SentimentText": "장마철에 빨래 건조 기능으로 의류 말려보니 효과 최고~ 너무 만족합니다. ",
        "SentimentWord": "10",
        "SentimentPolarity": "1"
      },
      {
        "Aspect": "소비전력",
        "SentimentText": "소비효율도 좋아서 팡팡 씁니다. 진짜 좋습니다. ",
        "SentimentWord": "6",
        "SentimentPolarity": "1"
      }
    ]
  },
  {
    "Index": "44301",
    "RawText": "디자인 너무 고급져서 만족도 최고네요^^ 기존에 쓰던 것보다 소음도 없어서 좋았어요~ 그런데 물통은 좀 작아서 자주 비워야하는 점이 별로였어요..ㅠㅠ",
    "Source": "쇼핑몰",
    "Domain": "가전",
    "MainCategory": "계절가전",
    "ProductName": "삼성전자 AY18BG7500GBD",
    "ReviewScore": "5",
    "Syllable": "83",
    "Word": "19",
    "RDate": "20220824",
    "GeneralPolarity": "0",
    "Aspects": [
      {
        "Aspect": "디자인",
        "SentimentText": "디자인 너무 고급져서 만족도 최고네요^^ ",
        "SentimentWord": "5",
        "SentimentPolarity": "1"
      },
      {
        "Aspect": "소음",
        "SentimentText": "기존에 쓰던 것보다 소음도 없어서 좋았어요~",
        "SentimentWord": "6",
        "SentimentPolarity": "1"
      },
      {
        "Aspect": "용량",
        "SentimentText": "그런데 물통은 좀 작아서 자주 비워야하는 점이 별로였어요..ㅠㅠ",
        "SentimentWord": "8",
        "SentimentPolarity": "-1"
      }
    ]
  },
  {
    "Index": "44302",
    "RawText": "성능이 좋아 물도 쫙쫙 뽑아 냅니다. 뽀송함을 주니 너무 맘에 들어요. 심플하고 깔끔한 디자인이 돋보여 좋네요. 사용법이 쉬워 혼자 쉽게 설치 완료. 만족합니다.",
    "Source": "쇼핑몰",
    "Domain": "가전",
    "MainCategory": "계절가전",
    "ProductName": "삼성전자 AY18BG7500GBD",
    "ReviewScore": "5",
    "Syllable": "90",
    "Word": "23",
    "RDate": "20220806",
    "GeneralPolarity": "1",
    "Aspects": [
      {
        "Aspect": "기능",
        "SentimentText": "성능이 좋아 물도 쫙쫙 뽑아 냅니다. 뽀송함을 주니 너무 맘에 들어요. ",
        "SentimentWord": "11",
        "SentimentPolarity": "1"
      },
      {
        "Aspect": "디자인",
        "SentimentText": "심플하고 깔끔한 디자인이 돋보여 좋네요. ",
        "SentimentWord": "5",
        "SentimentPolarity": "1"
      },
      {
        "Aspect": "조작성",
        "SentimentText": "사용법이 쉬워 혼자 쉽게 설치 완료. 만족합니다. ",
        "SentimentWord": "7",
        "SentimentPolarity": "1"
      }
    ]
  },
  {
    "Index": "44303",
    "RawText": "디자인 넘 예뻐서 개봉하자마자 엔돌핀 상승~~ㅎㅎ 예쁜 디자인만큼 성능도 뛰어나서 만족스러운 제품이네요~!",
    "Source": "쇼핑몰",
    "Domain": "가전",
    "MainCategory": "계절가전",
    "ProductName": "삼성전자 AY18BG7500GBD",
    "ReviewScore": "5",
    "Syllable": "59",
    "Word": "12",
    "RDate": "20220828",
    "GeneralPolarity": "1",
    "Aspects": [
      {
        "Aspect": "디자인",
        "SentimentText": "디자인 넘 예뻐서 개봉하자마자 엔돌핀 상승~~ㅎㅎ",
        "SentimentWord": "6",
        "SentimentPolarity": "1"
      },
      {
        "Aspect": "기능",
        "SentimentText": "예쁜 디자인만큼 성능도 뛰어나서 만족스러운 제품이네요~!",
        "SentimentWord": "6",
        "SentimentPolarity": "1"
      }
    ]
  },
  {
    "Index": "44304",
    "RawText": "제습 기능도 훌륭하고 의류전용 기능까지 있으니 무지 좋네요~~^^ 디자인도 고급져서 아무데나 둬도 예쁘고요! 제품 뒤쪽에 코드선 정리 공간이 있어 보관에 용이하니 편리합니다^^",
    "Source": "쇼핑몰",
    "Domain": "가전",
    "MainCategory": "계절가전",
    "ProductName": "삼성전자 AY18BG7500GBD",
    "ReviewScore": "5",
    "Syllable": "98",
    "Word": "22",
    "RDate": "20220824",
    "GeneralPolarity": "1",
    "Aspects": [
      {
        "Aspect": "기능",
        "SentimentText": "제습 기능도 훌륭하고 의류전용 기능까지 있으니 무지 좋네요~~^^ ",
        "SentimentWord": "8",
        "SentimentPolarity": "1"
      },
      {
        "Aspect": "디자인",
        "SentimentText": " 디자인도 고급져서 아무데나 둬도 예쁘고요!",
        "SentimentWord": "5",
        "SentimentPolarity": "1"
      },
      {
        "Aspect": "편의성",
        "SentimentText": " 제품 뒤쪽에 코드선 정리 공간이 있어 보관에 용이하니 편리합니다^^",
        "SentimentWord": "9",
        "SentimentPolarity": "1"
      }
    ]
  },
  {
    "Index": "44305",
    "RawText": "무소음 이라더니 역시~ 조용해서 좋네요. 배송은 스피드가 생명~ 빠릅니다. 색상도 은은해서 어떤곳에 두어도 예쁘네요. 단순한 디자인은 집에 잘 어울려 대만족이예요. 빨래집중 모드가 있어 습한날 내 옷 뽀송하게 말려줘서 신기하고 좋네요. 가격도 싸서 잘샀다 잘샀다 셀프 칭찬합니다. ^^",
    "Source": "쇼핑몰",
    "Domain": "가전",
    "MainCategory": "계절가전",
    "ProductName": "삼성전자 AY18BG7500GBD",
    "ReviewScore": "5",
    "Syllable": "159",
    "Word": "37",
    "RDate": "20220829",
    "GeneralPolarity": "1",
    "Aspects": [
      {
        "Aspect": "소음",
        "SentimentText": "무소음 이라더니 역시~ 조용해서 좋네요. ",
        "SentimentWord": "5",
        "SentimentPolarity": "1"
      },
      {
        "Aspect": "색상",
        "SentimentText": "색상도 은은해서 어떤곳에 두어도 예쁘네요. ",
        "SentimentWord": "5",
        "SentimentPolarity": "1"
      },
      {
        "Aspect": "디자인",
        "SentimentText": "단순한 디자인은 집에 잘 어울려 대만족이예요. ",
        "SentimentWord": "6",
        "SentimentPolarity": "1"
      },
      {
        "Aspect": "기능",
        "SentimentText": "빨래집중 모드가 있어 습한날 내 옷 뽀송하게 말려줘서 신기하고 좋네요.",
        "SentimentWord": "10",
        "SentimentPolarity": "1"
      },
      {
        "Aspect": "가격",
        "SentimentText": " 가격도 싸서 잘샀다 잘샀다 셀프 칭찬합니다. ^^ ",
        "SentimentWord": "7",
        "SentimentPolarity": "1"
      }
    ]
  },
  {
    "Index": "44306",
    "RawText": "고급진 디자인에 반해서 바로 구매결정했습니다~ 써보니 제습도 잘 되고 다양한 기능이 많아서 넘 만족스럽네요!",
    "Source": "쇼핑몰",
    "Domain": "가전",
    "MainCategory": "계절가전",
    "ProductName": "삼성전자 AY18BG7500GBD",
    "ReviewScore": "5",
    "Syllable": "60",
    "Word": "14",
    "RDate": "20220630",
    "GeneralPolarity": "1",
    "Aspects": [
      {
        "Aspect": "디자인",
        "SentimentText": "고급진 디자인에 반해서 바로 구매결정했습니다~ ",
        "SentimentWord": "5",
        "SentimentPolarity": "1"
      },
      {
        "Aspect": "기능",
        "SentimentText": "써보니 제습도 잘 되고 다양한 기능이 많아서 넘 만족스럽네요!",
        "SentimentWord": "9",
        "SentimentPolarity": "1"
      }
    ]
  },
  {
    "Index": "44307",
    "RawText": "물양 체크하기 쉬운 투명하고 간결한 디자인이 매우 맘에 듭니다. 큰 바퀴가 있어 이동할때 매우 편리합니다. 만수감지 기능이 있어 물이 꽉차면 자동 꺼짐이 되니 좋습니다. 무소음이라 심야시간에 조용해서 좋습니다. 버튼 터치감도 좋고 조작도 간단해서 만족합니다.",
    "Source": "쇼핑몰",
    "Domain": "가전",
    "MainCategory": "계절가전",
    "ProductName": "삼성전자 AY18BG7500GBD",
    "ReviewScore": "5",
    "Syllable": "144",
    "Word": "34",
    "RDate": "20220630",
    "GeneralPolarity": "1",
    "Aspects": [
      {
        "Aspect": "디자인",
        "SentimentText": "물양 체크하기 쉬운 투명하고 간결한 디자인이 매우 맘에 듭니다.",
        "SentimentWord": "9",
        "SentimentPolarity": "1"
      },
      {
        "Aspect": "편의성",
        "SentimentText": "큰 바퀴가 있어 이동할때 매우 편리합니다. ",
        "SentimentWord": "6",
        "SentimentPolarity": "1"
      },
      {
        "Aspect": "기능",
        "SentimentText": "만수감지 기능이 있어 물이 꽉차면 자동 꺼짐이 되니 좋습니다. ",
        "SentimentWord": "9",
        "SentimentPolarity": "1"
      },
      {
        "Aspect": "소음",
        "SentimentText": "무소음이라 심야시간에 조용해서 좋습니다.",
        "SentimentWord": "4",
        "SentimentPolarity": "1"
      },
      {
        "Aspect": "조작성",
        "SentimentText": "버튼 터치감도 좋고 조작도 간단해서 만족합니다. ",
        "SentimentWord": "6",
        "SentimentPolarity": "1"
      }
    ]
  },
  {
    "Index": "44308",
    "RawText": "여름철이라 너무 눅눅해서 구입했는데 제습 정말 잘 됩니다 기술력에 감탁했어요ㅎㅎ 디자인은 화면이랑 똑같이 실물도 정말 예쁘네요^^",
    "Source": "쇼핑몰",
    "Domain": "가전",
    "MainCategory": "계절가전",
    "ProductName": "삼성전자 AY18BG7500GBD",
    "ReviewScore": "5",
    "Syllable": "72",
    "Word": "16",
    "RDate": "20220706",
    "GeneralPolarity": "1",
    "Aspects": [
      {
        "Aspect": "기능",
        "SentimentText": "여름철이라 너무 눅눅해서 구입했는데 제습 정말 잘 됩니다 기술력에 감탁했어요ㅎㅎ",
        "SentimentWord": "10",
        "SentimentPolarity": "1"
      },
      {
        "Aspect": "디자인",
        "SentimentText": " 디자인은 화면이랑 똑같이 실물도 정말 예쁘네요^^",
        "SentimentWord": "6",
        "SentimentPolarity": "1"
      }
    ]
  },
  {
    "Index": "44309",
    "RawText": "원래 쓰던 제품보다 용량이 커서 좋습니다ㅎㅎ 소음도 없이 조용해서 신경쓰이지도 않고요! 성능은 정말 짱짱입니다 제습 효과 좋아요!!",
    "Source": "쇼핑몰",
    "Domain": "가전",
    "MainCategory": "계절가전",
    "ProductName": "삼성전자 AY18BG7500GBD",
    "ReviewScore": "5",
    "Syllable": "73",
    "Word": "17",
    "RDate": "20220707",
    "GeneralPolarity": "1",
    "Aspects": [
      {
        "Aspect": "용량",
        "SentimentText": "원래 쓰던 제품보다 용량이 커서 좋습니다ㅎㅎ",
        "SentimentWord": "6",
        "SentimentPolarity": "1"
      },
      {
        "Aspect": "소음",
        "SentimentText": " 소음도 없이 조용해서 신경쓰이지도 않고요!",
        "SentimentWord": "5",
        "SentimentPolarity": "1"
      },
      {
        "Aspect": "기능",
        "SentimentText": "성능은 정말 짱짱입니다 제습 효과 좋아요!!",
        "SentimentWord": "6",
        "SentimentPolarity": "1"
      }
    ]
  },
  {
    "Index": "44310",
    "RawText": "기본에 충실한 형태의 디자인 정말 예쁘네욥ㅎㅎ 물도 금방금방 차는 걸 보니까 빠른 속도로 제습 되는 것 같네요~~",
    "Source": "쇼핑몰",
    "Domain": "가전",
    "MainCategory": "계절가전",
    "ProductName": "삼성전자 AY18BG7500GBD",
    "ReviewScore": "5",
    "Syllable": "63",
    "Word": "17",
    "RDate": "20220621",
    "GeneralPolarity": "1",
    "Aspects": [
      {
        "Aspect": "디자인",
        "SentimentText": "기본에 충실한 형태의 디자인 정말 예쁘네욥ㅎㅎ",
        "SentimentWord": "6",
        "SentimentPolarity": "1"
      },
      {
        "Aspect": "시간/속도",
        "SentimentText": "물도 금방금방 차는 걸 보니까 빠른 속도로 제습 되는 것 같네요~~",
        "SentimentWord": "11",
        "SentimentPolarity": "1"
      }
    ]
  },
  {
    "Index": "44311",
    "RawText": "타사보다 확실히 디자인이 예뻐서 맘에 들어요! 색상도 독특하지만 튀지 않아서 좋고요~ 원래 쓰던 것보다 용량도 넉넉합니다^^",
    "Source": "쇼핑몰",
    "Domain": "가전",
    "MainCategory": "계절가전",
    "ProductName": "삼성전자 AY18BG7500GBD",
    "ReviewScore": "5",
    "Syllable": "69",
    "Word": "16",
    "RDate": "20220705",
    "GeneralPolarity": "1",
    "Aspects": [
      {
        "Aspect": "디자인",
        "SentimentText": "타사보다 확실히 디자인이 예뻐서 맘에 들어요!",
        "SentimentWord": "6",
        "SentimentPolarity": "1"
      },
      {
        "Aspect": "색상",
        "SentimentText": " 색상도 독특하지만 튀지 않아서 좋고요~",
        "SentimentWord": "5",
        "SentimentPolarity": "1"
      },
      {
        "Aspect": "용량",
        "SentimentText": "원래 쓰던 것보다 용량도 넉넉합니다^^",
        "SentimentWord": "5",
        "SentimentPolarity": "1"
      }
    ]
  },
  {
    "Index": "44312",
    "RawText": "베이지색상 샀는데 완전 취향저격 당했어요ㅎㅎ 넘 맘에 드네요~~ 심플한 디자인이라 집이랑도 잘 어울리고요~~ 꿉꿉한 날씨에 사용하니 침구류가 뽀송해져서 정말 좋네요^^",
    "Source": "쇼핑몰",
    "Domain": "가전",
    "MainCategory": "계절가전",
    "ProductName": "삼성전자 AY18BG7500GBD",
    "ReviewScore": "5",
    "Syllable": "93",
    "Word": "20",
    "RDate": "20220705",
    "GeneralPolarity": "1",
    "Aspects": [
      {
        "Aspect": "색상",
        "SentimentText": "베이지색상 샀는데 완전 취향저격 당했어요ㅎㅎ 넘 맘에 드네요~~",
        "SentimentWord": "8",
        "SentimentPolarity": "1"
      },
      {
        "Aspect": "디자인",
        "SentimentText": "심플한 디자인이라 집이랑도 잘 어울리고요~~",
        "SentimentWord": "5",
        "SentimentPolarity": "1"
      },
      {
        "Aspect": "기능",
        "SentimentText": " 꿉꿉한 날씨에 사용하니 침구류가 뽀송해져서 정말 좋네요^^",
        "SentimentWord": "7",
        "SentimentPolarity": "1"
      }
    ]
  },
  {
    "Index": "44313",
    "RawText": "부모님께 사 드렸는데 착한 가격에 구입해서 만족합니다^^ 아직 시동은 안해봤는데..새 제품인데 스크레치가 있어 별하나 뺐어요",
    "Source": "쇼핑몰",
    "Domain": "가전",
    "MainCategory": "계절가전",
    "ProductName": "삼성전자 AY18BG7500GBD",
    "ReviewScore": "5",
    "Syllable": "69",
    "Word": "15",
    "RDate": "20220823",
    "GeneralPolarity": "0",
    "Aspects": [
      {
        "Aspect": "가격",
        "SentimentText": "착한 가격에 구입해서 만족합니다^^",
        "SentimentWord": "4",
        "SentimentPolarity": "1"
      },
      {
        "Aspect": "품질",
        "SentimentText": "새 제품인데 스크레치가 있어 별하나 뺐어요",
        "SentimentWord": "6",
        "SentimentPolarity": "-1"
      }
    ]
  },
  {
    "Index": "44314",
    "RawText": "디자인 너무너무 고급스러워요!!! 맘에 쏙 듭니다 그런데 용량은 좀 작게 느껴져서 좀 실망했어요ㅠㅠ",
    "Source": "쇼핑몰",
    "Domain": "가전",
    "MainCategory": "계절가전",
    "ProductName": "삼성전자 AY18BG7500GBD",
    "ReviewScore": "5",
    "Syllable": "55",
    "Word": "13",
    "RDate": "20220702",
    "GeneralPolarity": "0",
    "Aspects": [
      {
        "Aspect": "디자인",
        "SentimentText": "디자인 너무너무 고급스러워요!!! 맘에 쏙 듭니다",
        "SentimentWord": "6",
        "SentimentPolarity": "1"
      },
      {
        "Aspect": "용량",
        "SentimentText": "그런데 용량은 좀 작게 느껴져서 좀 실망했어요ㅠㅠ",
        "SentimentWord": "7",
        "SentimentPolarity": "-1"
      }
    ]
  },
  {
    "Index": "44316",
    "RawText": "색상이 부드러워서 너무 예뻐요. ^^ 소리도 작아 잠 잘때 틀고 자기 좋아 만족해요. 에너지효율 1등급이라 전기세 걱정 없어 좋습니다. OOO 신뢰감 좋은 브랜드라 만족합니다.",
    "Source": "쇼핑몰",
    "Domain": "가전",
    "MainCategory": "계절가전",
    "ProductName": "삼성전자 AY18BG7500GBD",
    "ReviewScore": "5",
    "Syllable": "98",
    "Word": "24",
    "RDate": "20220708",
    "GeneralPolarity": "1",
    "Aspects": [
      {
        "Aspect": "색상",
        "SentimentText": "색상이 부드러워서 너무 예뻐요. ^^ ",
        "SentimentWord": "5",
        "SentimentPolarity": "1"
      },
      {
        "Aspect": "소음",
        "SentimentText": "소리도 작아 잠 잘때 틀고 자기 좋아 만족해요.",
        "SentimentWord": "8",
        "SentimentPolarity": "1"
      },
      {
        "Aspect": "소비전력",
        "SentimentText": "에너지효율 1등급이라 전기세 걱정 없어 좋습니다.",
        "SentimentWord": "6",
        "SentimentPolarity": "1"
      },
      {
        "Aspect": "제조일/제조사",
        "SentimentText": "OOO 신뢰감 좋은 브랜드라 만족합니다. ",
        "SentimentWord": "5",
        "SentimentPolarity": "1"
      }
    ]
  },
  {
    "Index": "44317",
    "RawText": "소음 없이 조용한 제습기 찾고 있었는데 이 제품이 딱 그렇네요^^ 가격대가 좀 있어도 퀄리티가 중요해서 OOO제품으로 구매했는데 만족합니다~~",
    "Source": "쇼핑몰",
    "Domain": "가전",
    "MainCategory": "계절가전",
    "ProductName": "삼성전자 AY18BG7500GBD",
    "ReviewScore": "5",
    "Syllable": "79",
    "Word": "18",
    "RDate": "20220813",
    "GeneralPolarity": "1",
    "Aspects": [
      {
        "Aspect": "소음",
        "SentimentText": "소음 없이 조용한 제습기 찾고 있었는데 이 제품이 딱 그렇네요^^ ",
        "SentimentWord": "10",
        "SentimentPolarity": "1"
      },
      {
        "Aspect": "제조일/제조사",
        "SentimentText": "가격대가 좀 있어도 퀄리티가 중요해서 OOO제품으로 구매했는데 만족합니다~~",
        "SentimentWord": "8",
        "SentimentPolarity": "1"
      }
    ]
  },
  {
    "Index": "44318",
    "RawText": "색깔 너무 제 취향이네요ㅎㅎ 성능도 좋아서 옷방 옷이 뽀송해졌어요^^ 첫 구매인데 너무 편리해서 필수템이 되었네용~~",
    "Source": "쇼핑몰",
    "Domain": "가전",
    "MainCategory": "계절가전",
    "ProductName": "삼성전자 AY18BG7500GBD",
    "ReviewScore": "5",
    "Syllable": "65",
    "Word": "15",
    "RDate": "20220825",
    "GeneralPolarity": "1",
    "Aspects": [
      {
        "Aspect": "색상",
        "SentimentText": "색깔 너무 제 취향이네요ㅎㅎ",
        "SentimentWord": "4",
        "SentimentPolarity": "1"
      },
      {
        "Aspect": "기능",
        "SentimentText": " 성능도 좋아서 옷방 옷이 뽀송해졌어요^^",
        "SentimentWord": "5",
        "SentimentPolarity": "1"
      },
      {
        "Aspect": "편의성",
        "SentimentText": "첫 구매인데 너무 편리해서 필수템이 되었네용~~",
        "SentimentWord": "6",
        "SentimentPolarity": "1"
      }
    ]
  },
  {
    "Index": "44319",
    "RawText": "일단 소음이 거의 없어서 거슬리지 않아요~~ 의류건조 기능 덕에 수건이 보송해지니 넘 좋습니다!! 빠르게 물이 차니 신기하네요~",
    "Source": "쇼핑몰",
    "Domain": "가전",
    "MainCategory": "계절가전",
    "ProductName": "삼성전자 AY18BG7500GBD",
    "ReviewScore": "5",
    "Syllable": "71",
    "Word": "17",
    "RDate": "20220701",
    "GeneralPolarity": "1",
    "Aspects": [
      {
        "Aspect": "소음",
        "SentimentText": "일단 소음이 거의 없어서 거슬리지 않아요~~ ",
        "SentimentWord": "6",
        "SentimentPolarity": "1"
      },
      {
        "Aspect": "기능",
        "SentimentText": " 의류건조 기능 덕에 수건이 보송해지니 넘 좋습니다!! 빠르게 물이 차니 신기하네요~ ",
        "SentimentWord": "11",
        "SentimentPolarity": "1"
      }
    ]
  },
  {
    "Index": "44320",
    "RawText": "꽤 무거워서 옮기는게 힘들었네요ㅠ 그래도 깔끔한 디자인이 정말 맘에 듭니다! 소음도 없어서 거슬릴 일 없으니 너무 좋고요",
    "Source": "쇼핑몰",
    "Domain": "가전",
    "MainCategory": "계절가전",
    "ProductName": "삼성전자 AY18BG7500GBD",
    "ReviewScore": "5",
    "Syllable": "67",
    "Word": "17",
    "RDate": "20220816",
    "GeneralPolarity": "1",
    "Aspects": [
      {
        "Aspect": "무게",
        "SentimentText": "꽤 무거워서 옮기는게 힘들었네요ㅠ ",
        "SentimentWord": "4",
        "SentimentPolarity": "-1"
      },
      {
        "Aspect": "디자인",
        "SentimentText": " 그래도 깔끔한 디자인이 정말 맘에 듭니다!",
        "SentimentWord": "6",
        "SentimentPolarity": "1"
      },
      {
        "Aspect": "소음",
        "SentimentText": "소음도 없어서 거슬릴 일 없으니 너무 좋고요",
        "SentimentWord": "7",
        "SentimentPolarity": "1"
      }
    ]
  }
]