[
  {
    "Index": "42632",
    "RawText": "제습 성능이 탁월해서 저희집의 모든 눅눅함을 없애주고 있어요.. 아주 좋네요..  또 소비전력효율1등급이라 인터넷에 등록하면 고효율에너지환급을 해줘서 너무 좋네요..  문제는 소음인데요.. 컴프레셔 모터 소음이 상당합니다. 타 제품에 비해서 소음이 너무 심해서 실망스럽네요.ㅜ 불만족.   ",
    "Source": "쇼핑몰",
    "Domain": "가전",
    "MainCategory": "계절가전",
    "ProductName": "뽀송 위닉스 DN2C160-KWK",
    "ReviewScore": "3",
    "Syllable": "162",
    "Word": "32",
    "RDate": "20210715",
    "GeneralPolarity": "0",
    "Aspects": [
      {
        "Aspect": "기능",
        "SentimentText": "제습 성능이 탁월해서 저희집의 모든 눅눅함을 없애주고 있어요.. 아주 좋네요.. ",
        "SentimentWord": "10",
        "SentimentPolarity": "1"
      },
      {
        "Aspect": "소비전력",
        "SentimentText": "또 소비전력효율1등급이라 인터넷에 등록하면 고효율에너지환급을 해줘서 너무 좋네요.. ",
        "SentimentWord": "8",
        "SentimentPolarity": "1"
      },
      {
        "Aspect": "소음",
        "SentimentText": "문제는 소음인데요.. 컴프레셔 모터 소음이 상당합니다. 타 제품에 비해서 소음이 너무 심해서 실망스럽네요.ㅜ 불만족. ",
        "SentimentWord": "14",
        "SentimentPolarity": "-1"
      }
    ]
  },
  {
    "Index": "42636",
    "RawText": "제품 제작할때 안쪽이 좀 찌그러진것 같아서 속상하네요ㅜ 하지만 제습력이  좋아 성능에는 별문제 없어서 잘 사용하고 있어요. ",
    "Source": "쇼핑몰",
    "Domain": "가전",
    "MainCategory": "계절가전",
    "ProductName": "뽀송 위닉스 DN2C160-KWK",
    "ReviewScore": "5",
    "Syllable": "69",
    "Word": "16",
    "RDate": "20210720",
    "GeneralPolarity": "0",
    "Aspects": [
      {
        "Aspect": "품질",
        "SentimentText": "제품 제작할때 안쪽이 좀 찌그러진것 같아서 속상하네요ㅜ",
        "SentimentWord": "7",
        "SentimentPolarity": "-1"
      },
      {
        "Aspect": "기능",
        "SentimentText": "하지만 제습력이  좋아 성능에는 별문제 없어서 잘 사용하고 있어요.",
        "SentimentWord": "9",
        "SentimentPolarity": "1"
      }
    ]
  },
  {
    "Index": "42639",
    "RawText": "제습력이 좋아서 실내 습기를 잡아주는게 물통을보면 확인되니 너무 만족스러워요~ 깔끔하고 예쁜 디자인도 마음에 들어요^^",
    "Source": "쇼핑몰",
    "Domain": "가전",
    "MainCategory": "계절가전",
    "ProductName": "뽀송 위닉스 DN2C160-KWK",
    "ReviewScore": "4",
    "Syllable": "66",
    "Word": "14",
    "RDate": "20210610",
    "GeneralPolarity": "1",
    "Aspects": [
      {
        "Aspect": "기능",
        "SentimentText": "제습력이 좋아서 실내 습기를 잡아주는게 물통을보면 확인되니 너무 만족스러워요~",
        "SentimentWord": "9",
        "SentimentPolarity": "1"
      },
      {
        "Aspect": "디자인",
        "SentimentText": "깔끔하고 예쁜 디자인도 마음에 들어요^^",
        "SentimentWord": "5",
        "SentimentPolarity": "1"
      }
    ]
  },
  {
    "Index": "42640",
    "RawText": "가격은 저렴하게 잘 구매했어요. 제습기 작동이 잘 되고 의류 집중 건조기능이 마음에 들어요~",
    "Source": "쇼핑몰",
    "Domain": "가전",
    "MainCategory": "계절가전",
    "ProductName": "뽀송 위닉스 DN2C160-KWK",
    "ReviewScore": "5",
    "Syllable": "51",
    "Word": "13",
    "RDate": "20211208",
    "GeneralPolarity": "1",
    "Aspects": [
      {
        "Aspect": "가격",
        "SentimentText": "가격은 저렴하게 잘 구매했어요. ",
        "SentimentWord": "4",
        "SentimentPolarity": "1"
      },
      {
        "Aspect": "기능",
        "SentimentText": "제습기 작동이 잘 되고 의류 집중 건조기능이 마음에 들어요~",
        "SentimentWord": "9",
        "SentimentPolarity": "1"
      }
    ]
  },
  {
    "Index": "42641",
    "RawText": "제습기 성능이 너무 좋아서 1시간 정도만 켜놔도 물이 금방 차네요~ 디자인도 세련되서 거실에 두어도 보기좋아요~",
    "Source": "쇼핑몰",
    "Domain": "가전",
    "MainCategory": "계절가전",
    "ProductName": "뽀송 위닉스 DN2C160-KWK",
    "ReviewScore": "5",
    "Syllable": "62",
    "Word": "15",
    "RDate": "20220825",
    "GeneralPolarity": "1",
    "Aspects": [
      {
        "Aspect": "기능",
        "SentimentText": "제습기 성능이 너무 좋아서 1시간 정도만 켜놔도 물이 금방 차네요~",
        "SentimentWord": "10",
        "SentimentPolarity": "1"
      },
      {
        "Aspect": "디자인",
        "SentimentText": "디자인도 세련되서 거실에 두어도 보기좋아요~",
        "SentimentWord": "5",
        "SentimentPolarity": "1"
      }
    ]
  },
  {
    "Index": "42642",
    "RawText": "000 제습기 추천받아 사용하는데 제습도 굉장히 잘되고 기능도 다양해서 만족합니다.  제조일도 최근 제조된 상품이라 마음에 듭니다^^",
    "Source": "쇼핑몰",
    "Domain": "가전",
    "MainCategory": "계절가전",
    "ProductName": "뽀송 위닉스 DN2C160-KWK",
    "ReviewScore": "4",
    "Syllable": "74",
    "Word": "16",
    "RDate": "20210726",
    "GeneralPolarity": "1",
    "Aspects": [
      {
        "Aspect": "기능",
        "SentimentText": "000 제습기 추천받아 사용하는데 제습도 굉장히 잘되고 기능도 다양해서 만족합니다. ",
        "SentimentWord": "10",
        "SentimentPolarity": "1"
      },
      {
        "Aspect": "제조일/제조사",
        "SentimentText": "제조일도 최근 제조된 상품이라 마음에 듭니다^^",
        "SentimentWord": "6",
        "SentimentPolarity": "1"
      }
    ]
  },
  {
    "Index": "42643",
    "RawText": "제습력이 좋아서  실내공기가 보송보송해져서 좋아요. 12리터 물통이 금방 차서 자주 비우고  불편해 17리터 제품으로 바꾸니 너무 편해요.",
    "Source": "쇼핑몰",
    "Domain": "가전",
    "MainCategory": "계절가전",
    "ProductName": "뽀송 위닉스 DN2C160-KWK",
    "ReviewScore": "5",
    "Syllable": "77",
    "Word": "17",
    "RDate": "20210714",
    "GeneralPolarity": "1",
    "Aspects": [
      {
        "Aspect": "기능",
        "SentimentText": "제습력이 좋아서  실내공기가 보송보송해져서 좋아요. ",
        "SentimentWord": "5",
        "SentimentPolarity": "1"
      },
      {
        "Aspect": "편의성",
        "SentimentText": "12리터 물통이 금방 차서 자주 비우고  불편해 17리터 제품으로 바꾸니 너무 편해요.",
        "SentimentWord": "12",
        "SentimentPolarity": "1"
      }
    ]
  },
  {
    "Index": "42644",
    "RawText": "제습효율이 고효율이라 제습이 정말 잘 되네요~~. 다만 제습이 잘 되는 만큼 소음도 시끄럽네요",
    "Source": "쇼핑몰",
    "Domain": "가전",
    "MainCategory": "계절가전",
    "ProductName": "뽀송 위닉스 DN2C160-KWK",
    "ReviewScore": "5",
    "Syllable": "52",
    "Word": "13",
    "RDate": "20210601",
    "GeneralPolarity": "0",
    "Aspects": [
      {
        "Aspect": "기능",
        "SentimentText": "제습효율이 고효율이라 제습이 정말 잘 되네요",
        "SentimentWord": "6",
        "SentimentPolarity": "1"
      },
      {
        "Aspect": "소음",
        "SentimentText": "소음도 시끄럽네요",
        "SentimentWord": "2",
        "SentimentPolarity": "-1"
      }
    ]
  },
  {
    "Index": "42645",
    "RawText": "많이 시끄럽다고 해서 걱정했는데 생각보다 소리가 적네요~ 더운 바람이 아니라서 오래 틀어도 덥지않고 제습도 잘 되네요 제습기가 날로 좋아져요 가성비 참 맘에 들어요~ 바퀴도 있고 손잡이도 있어서 쓰임새가 편리하네요~~ ",
    "Source": "쇼핑몰",
    "Domain": "가전",
    "MainCategory": "계절가전",
    "ProductName": "뽀송 위닉스 DN2H160-IWK",
    "ReviewScore": "5",
    "Syllable": "122",
    "Word": "29",
    "RDate": "20220812",
    "GeneralPolarity": "1",
    "Aspects": [
      {
        "Aspect": "소음",
        "SentimentText": "많이 시끄럽다고 해서 걱정했는데 생각보다 소리가 적네요~",
        "SentimentWord": "7",
        "SentimentPolarity": "1"
      },
      {
        "Aspect": "기능",
        "SentimentText": "더운 바람이 아니라서 오래 틀어도 덥지않고 제습도 잘 되네요 ",
        "SentimentWord": "9",
        "SentimentPolarity": "1"
      },
      {
        "Aspect": "가격",
        "SentimentText": "가성비 참 맘에 들어요~",
        "SentimentWord": "4",
        "SentimentPolarity": "1"
      },
      {
        "Aspect": "편의성",
        "SentimentText": "바퀴도 있고 손잡이도 있어서 쓰임새가 편리하네요~~",
        "SentimentWord": "6",
        "SentimentPolarity": "1"
      }
    ]
  },
  {
    "Index": "42646",
    "RawText": "제습량이 16리터라 습기 흡수력이 정말 좋네요~~ 소리도 조용해서 좋아요~ 바퀴도 있어서 이동하기 편리해요~ 어른신들이 편안하게 사용한다고 하시네요 ㅎ",
    "Source": "쇼핑몰",
    "Domain": "가전",
    "MainCategory": "계절가전",
    "ProductName": "뽀송 위닉스 DN2H160-IWK",
    "ReviewScore": "5",
    "Syllable": "84",
    "Word": "18",
    "RDate": "20220716",
    "GeneralPolarity": "1",
    "Aspects": [
      {
        "Aspect": "용량",
        "SentimentText": "제습량이 16리터라 습기 흡수력이 정말 좋네요~~ ",
        "SentimentWord": "6",
        "SentimentPolarity": "1"
      },
      {
        "Aspect": "소음",
        "SentimentText": "소리도 조용해서 좋아요~",
        "SentimentWord": "3",
        "SentimentPolarity": "1"
      },
      {
        "Aspect": "편의성",
        "SentimentText": "바퀴도 있어서 이동하기 편리해요~",
        "SentimentWord": "4",
        "SentimentPolarity": "1"
      }
    ]
  },
  {
    "Index": "42647",
    "RawText": "집중의류 건조기능이 있어서 빨래도, 신발도 잘 마르고 넘 좋네요~~ 물통용량은 좀 작아서 물이 금방금방 차네요",
    "Source": "쇼핑몰",
    "Domain": "가전",
    "MainCategory": "계절가전",
    "ProductName": "뽀송 위닉스 DN2H160-IWK",
    "ReviewScore": "5",
    "Syllable": "61",
    "Word": "15",
    "RDate": "20220413",
    "GeneralPolarity": "0",
    "Aspects": [
      {
        "Aspect": "기능",
        "SentimentText": "집중의류 건조기능이 있어서 빨래도, 신발도 잘 마르고 넘 좋네요~~",
        "SentimentWord": "9",
        "SentimentPolarity": "1"
      },
      {
        "Aspect": "용량",
        "SentimentText": "물통용량은 좀 작아서 물이 금방금방 차네요",
        "SentimentWord": "6",
        "SentimentPolarity": "-1"
      }
    ]
  },
  {
    "Index": "42648",
    "RawText": "에너지효율이 1등급이라 전기세 걱정 없겠어요~ 좋아요 강추요!! 바퀴도 달려 있어서 이방 저방 옮기면서 사용 할 수 있어 편리하네요~",
    "Source": "쇼핑몰",
    "Domain": "가전",
    "MainCategory": "계절가전",
    "ProductName": "뽀송 위닉스 DN2H160-IWK",
    "ReviewScore": "5",
    "Syllable": "74",
    "Word": "18",
    "RDate": "20220511",
    "GeneralPolarity": "1",
    "Aspects": [
      {
        "Aspect": "소비전력",
        "SentimentText": "에너지효율이 1등급이라 전기세 걱정 없겠어요~",
        "SentimentWord": "5",
        "SentimentPolarity": "1"
      },
      {
        "Aspect": "편의성",
        "SentimentText": "바퀴도 달려 있어서 이방 저방 옮기면서 사용 할 수 있어 편리하네요~",
        "SentimentWord": "11",
        "SentimentPolarity": "1"
      }
    ]
  },
  {
    "Index": "42649",
    "RawText": "타이머기능이 있어서 시간 맞춰놓고 나가니 좋네요~ 제습이 잘되서 물도 금방금방 차고 퀄리티가 훌륭하네요.",
    "Source": "쇼핑몰",
    "Domain": "가전",
    "MainCategory": "계절가전",
    "ProductName": "뽀송 위닉스 DN2H160-IWK",
    "ReviewScore": "5",
    "Syllable": "58",
    "Word": "13",
    "RDate": "20220718",
    "GeneralPolarity": "1",
    "Aspects": [
      {
        "Aspect": "기능",
        "SentimentText": "타이머기능이 있어서 시간 맞춰놓고 나가니 좋네요~",
        "SentimentWord": "6",
        "SentimentPolarity": "1"
      },
      {
        "Aspect": "품질",
        "SentimentText": "퀄리티가 훌륭하네요.",
        "SentimentWord": "2",
        "SentimentPolarity": "1"
      }
    ]
  },
  {
    "Index": "42651",
    "RawText": "10리터 살까 하다가 16리터 용량 큰걸로 샀는데 잘 샀네요~ 제습이 잘 되는게 성능도 좋네요! 소리도 크지 않아서 문 닫고 있으면 잘 안들려서 괜찮아요~",
    "Source": "쇼핑몰",
    "Domain": "가전",
    "MainCategory": "계절가전",
    "ProductName": "뽀송 위닉스 DN2H160-IWK",
    "ReviewScore": "5",
    "Syllable": "86",
    "Word": "23",
    "RDate": "20220715",
    "GeneralPolarity": "1",
    "Aspects": [
      {
        "Aspect": "용량",
        "SentimentText": "16리터 용량 큰걸로 샀는데 잘 샀네요~",
        "SentimentWord": "6",
        "SentimentPolarity": "1"
      },
      {
        "Aspect": "소음",
        "SentimentText": "소리도 크지 않아서 문 닫고 있으면 잘 안들려서 괜찮아요~",
        "SentimentWord": "9",
        "SentimentPolarity": "1"
      },
      {
        "Aspect": "기능",
        "SentimentText": "제습이 잘 되는게 성능도 좋네요!",
        "SentimentWord": "5",
        "SentimentPolarity": "1"
      }
    ]
  },
  {
    "Index": "42652",
    "RawText": "작동시킬 때마다 이상한 비릿한 냄새가 나요.. 토할것 같아 못쓰겠어요 ㅠ  제습 되는 시간도 오래걸려요 ㅠ",
    "Source": "쇼핑몰",
    "Domain": "가전",
    "MainCategory": "계절가전",
    "ProductName": "뽀송 위닉스 DN2H160-IWK",
    "ReviewScore": "1",
    "Syllable": "59",
    "Word": "15",
    "RDate": "20220422",
    "GeneralPolarity": "-1",
    "Aspects": [
      {
        "Aspect": "품질",
        "SentimentText": "작동시킬 때마다 이상한 비릿한 냄새가 나요.. 토할것 같아 못쓰겠어요 ㅠ",
        "SentimentWord": "10",
        "SentimentPolarity": "-1"
      },
      {
        "Aspect": "시간/속도",
        "SentimentText": " 제습 되는 시간도 오래걸려요 ㅠ",
        "SentimentWord": "5",
        "SentimentPolarity": "-1"
      }
    ]
  },
  {
    "Index": "42653",
    "RawText": "조금만 가동해서 제습이 잘되서 습도가 팍팍 떨어지네요~ 제조일이 작년 제품이라 그건 아쉽네요",
    "Source": "쇼핑몰",
    "Domain": "가전",
    "MainCategory": "계절가전",
    "ProductName": "뽀송 위닉스 DN2H160-IWK",
    "ReviewScore": "5",
    "Syllable": "51",
    "Word": "12",
    "RDate": "20220302",
    "GeneralPolarity": "0",
    "Aspects": [
      {
        "Aspect": "기능",
        "SentimentText": "조금만 가동해서 제습이 잘되서 습도가 팍팍 떨어지네요~",
        "SentimentWord": "7",
        "SentimentPolarity": "1"
      },
      {
        "Aspect": "제조일/제조사",
        "SentimentText": "제조일이 작년 제품이라 그건 아쉽네요",
        "SentimentWord": "5",
        "SentimentPolarity": "-1"
      }
    ]
  },
  {
    "Index": "42654",
    "RawText": "12리터 살까 하다가 용량 큰걸로 샀는데 제습이 잘되고 좋네요! 색상은 생각한것보다 좀 달라서 아쉬워요",
    "Source": "쇼핑몰",
    "Domain": "가전",
    "MainCategory": "계절가전",
    "ProductName": "뽀송 위닉스 DN2H160-IWK",
    "ReviewScore": "5",
    "Syllable": "57",
    "Word": "14",
    "RDate": "20220713",
    "GeneralPolarity": "0",
    "Aspects": [
      {
        "Aspect": "용량",
        "SentimentText": " 용량 큰걸로 샀는데 제습이 잘되고 좋네요!",
        "SentimentWord": "6",
        "SentimentPolarity": "1"
      },
      {
        "Aspect": "색상",
        "SentimentText": "색상은 생각한것보다 좀 달라서 아쉬워요",
        "SentimentWord": "5",
        "SentimentPolarity": "-1"
      }
    ]
  },
  {
    "Index": "42655",
    "RawText": "1층이라 습도가 많은데 습도자동조절 기능이 있어서 매일 뽀송뽀송하게 사용해요 너무 좋네요! 색상이 화이트가 아니고 미색 가까워서 아쉬워요..",
    "Source": "쇼핑몰",
    "Domain": "가전",
    "MainCategory": "계절가전",
    "ProductName": "뽀송 위닉스 DN2H160-IWK",
    "ReviewScore": "5",
    "Syllable": "78",
    "Word": "17",
    "RDate": "20220714",
    "GeneralPolarity": "0",
    "Aspects": [
      {
        "Aspect": "기능",
        "SentimentText": "습도자동조절 기능이 있어서 매일 뽀송뽀송하게 사용해요 너무 좋네요!",
        "SentimentWord": "8",
        "SentimentPolarity": "1"
      },
      {
        "Aspect": "색상",
        "SentimentText": "색상이 화이트가 아니고 미색 가까워서 아쉬워요.. ",
        "SentimentWord": "6",
        "SentimentPolarity": "-1"
      }
    ]
  },
  {
    "Index": "42656",
    "RawText": "재구매 했어요~ 집중의류건조기능이 있어서 빨래도 잘 마르고 좋네요~~ 강으로 틀면 시끄럽지만 그럭저럭 조용한 편이예요",
    "Source": "쇼핑몰",
    "Domain": "가전",
    "MainCategory": "계절가전",
    "ProductName": "뽀송 위닉스 DN2H160-IWK",
    "ReviewScore": "5",
    "Syllable": "65",
    "Word": "14",
    "RDate": "20220323",
    "GeneralPolarity": "1",
    "Aspects": [
      {
        "Aspect": "기능",
        "SentimentText": " 집중의류건조기능이 있어서 빨래도 잘 마르고 좋네요~~",
        "SentimentWord": "6",
        "SentimentPolarity": "1"
      },
      {
        "Aspect": "소음",
        "SentimentText": "강으로 틀면 시끄럽지만 그럭저럭 조용한 편이예요",
        "SentimentWord": "6",
        "SentimentPolarity": "0"
      }
    ]
  },
  {
    "Index": "42657",
    "RawText": "구매하자마자 몇일 뒤에 가격이 떨어지다니 너무 하네요~ 가격변동이 너무 심하네요 색상은 생각했던 것과 달리 화사한 화이트가 아니라 아쉬워요.\u0027",
    "Source": "쇼핑몰",
    "Domain": "가전",
    "MainCategory": "계절가전",
    "ProductName": "뽀송 위닉스 DN2H160-IWK",
    "ReviewScore": "1",
    "Syllable": "79",
    "Word": "18",
    "RDate": "20220515",
    "GeneralPolarity": "-1",
    "Aspects": [
      {
        "Aspect": "가격",
        "SentimentText": "가격변동이 너무 심하네요",
        "SentimentWord": "3",
        "SentimentPolarity": "-1"
      },
      {
        "Aspect": "색상",
        "SentimentText": "색상은 생각했던 것과 달리 화사한 화이트가 아니라 아쉬워요.\u0027",
        "SentimentWord": "8",
        "SentimentPolarity": "-1"
      }
    ]
  },
  {
    "Index": "42658",
    "RawText": "저렴한 가격에 구매해서 좋네요~ ooo제습기 역시!! 잘되네요",
    "Source": "쇼핑몰",
    "Domain": "가전",
    "MainCategory": "계절가전",
    "ProductName": "뽀송 위닉스 DN2H160-IWK",
    "ReviewScore": "5",
    "Syllable": "34",
    "Word": "7",
    "RDate": "20220223",
    "GeneralPolarity": "1",
    "Aspects": [
      {
        "Aspect": "가격",
        "SentimentText": "저렴한 가격에 구매해서 좋네요~",
        "SentimentWord": "4",
        "SentimentPolarity": "1"
      },
      {
        "Aspect": "제조일/제조사",
        "SentimentText": "ooo제습기 역시!! 잘되네요",
        "SentimentWord": "3",
        "SentimentPolarity": "1"
      }
    ]
  },
  {
    "Index": "42659",
    "RawText": "이전제품보다 확실히 소리가 조용해져 좋네요~ 그런데 물통용량은 좀 더 컸으면 좋겠어요 금방 차요",
    "Source": "쇼핑몰",
    "Domain": "가전",
    "MainCategory": "계절가전",
    "ProductName": "뽀송 위닉스 DN2H160-IWK",
    "ReviewScore": "5",
    "Syllable": "53",
    "Word": "13",
    "RDate": "20220630",
    "GeneralPolarity": "0",
    "Aspects": [
      {
        "Aspect": "소음",
        "SentimentText": "확실히 소리가 조용해져 좋네요~",
        "SentimentWord": "4",
        "SentimentPolarity": "1"
      },
      {
        "Aspect": "용량",
        "SentimentText": "물통용량은 좀 더 컸으면 좋겠어요 금방 차요 ",
        "SentimentWord": "7",
        "SentimentPolarity": "-1"
      }
    ]
  },
  {
    "Index": "42660",
    "RawText": "예전제품보다 확실히 소음이 작아졌어요 대박!! 9년동안 쓰고 믿고 또 OOO 구매했는데 역시!! 만족합니다~",
    "Source": "쇼핑몰",
    "Domain": "가전",
    "MainCategory": "계절가전",
    "ProductName": "뽀송 위닉스 DN2H160-IWK",
    "ReviewScore": "3",
    "Syllable": "60",
    "Word": "13",
    "RDate": "20220405",
    "GeneralPolarity": "1",
    "Aspects": [
      {
        "Aspect": "소음",
        "SentimentText": "소음이 작아졌어요 대박!!",
        "SentimentWord": "3",
        "SentimentPolarity": "1"
      },
      {
        "Aspect": "제조일/제조사",
        "SentimentText": "믿고 또 OOO 구매했는데 역시!! 만족합니다~",
        "SentimentWord": "6",
        "SentimentPolarity": "1"
      }
    ]
  },
  {
    "Index": "42662",
    "RawText": "가성비 좋은 제품으로 잘 구매한거 같아 기분 좋아요~ 생각보다 조용하니 맘에 드네요~ 습도도 잘 잡아주고 제습 성능은 좋네요!",
    "Source": "쇼핑몰",
    "Domain": "가전",
    "MainCategory": "계절가전",
    "ProductName": "뽀송 위닉스 DN2H160-IWK",
    "ReviewScore": "5",
    "Syllable": "70",
    "Word": "18",
    "RDate": "20220531",
    "GeneralPolarity": "1",
    "Aspects": [
      {
        "Aspect": "가격",
        "SentimentText": "가성비 좋은 제품으로 잘 구매한거 같아 기분 좋아요~",
        "SentimentWord": "8",
        "SentimentPolarity": "1"
      },
      {
        "Aspect": "소음",
        "SentimentText": "생각보다 조용하니 맘에 드네요~ ",
        "SentimentWord": "4",
        "SentimentPolarity": "1"
      },
      {
        "Aspect": "기능",
        "SentimentText": "습도도 잘 잡아주고 제습 성능은 좋네요!",
        "SentimentWord": "6",
        "SentimentPolarity": "1"
      }
    ]
  },
  {
    "Index": "42663",
    "RawText": "바퀴가 있어서 이동이 편리해서 좋네요 제습효율이 고효율이라 습도를 빨리 빨아들여서 집이 뽀송뽀송하고 좋네요!! ",
    "Source": "쇼핑몰",
    "Domain": "가전",
    "MainCategory": "계절가전",
    "ProductName": "뽀송 위닉스 DN2H160-IWK",
    "ReviewScore": "5",
    "Syllable": "62",
    "Word": "13",
    "RDate": "20220624",
    "GeneralPolarity": "1",
    "Aspects": [
      {
        "Aspect": "편의성",
        "SentimentText": "바퀴가 있어서 이동이 편리해서 좋네요",
        "SentimentWord": "5",
        "SentimentPolarity": "1"
      },
      {
        "Aspect": "기능",
        "SentimentText": "제습효율이 고효율이라 습도를 빨리 빨아들여서 집이 뽀송뽀송하고 좋네요!!",
        "SentimentWord": "8",
        "SentimentPolarity": "1"
      }
    ]
  },
  {
    "Index": "42664",
    "RawText": "에너지소비효율등급이 1등급이라 전기세 걱정이 하나도 없어요~ 조용해서 좋네요",
    "Source": "쇼핑몰",
    "Domain": "가전",
    "MainCategory": "계절가전",
    "ProductName": "뽀송 위닉스 DN2H160-IWK",
    "ReviewScore": "5",
    "Syllable": "42",
    "Word": "8",
    "RDate": "20220612",
    "GeneralPolarity": "1",
    "Aspects": [
      {
        "Aspect": "소비전력",
        "SentimentText": "에너지소비효율등급이 1등급이라 전기세 걱정이 하나도 없어요~",
        "SentimentWord": "6",
        "SentimentPolarity": "1"
      },
      {
        "Aspect": "소음",
        "SentimentText": "조용해서 좋네요",
        "SentimentWord": "2",
        "SentimentPolarity": "1"
      }
    ]
  },
  {
    "Index": "42665",
    "RawText": "에너지등급이 1등급이라서 믿고 구매했어요~   강풍일때는 소음이 좀 커서 아쉽지만 물통에 물이 차는 거 보니 제습도 잘되고 성능이 맘에 드네요!",
    "Source": "쇼핑몰",
    "Domain": "가전",
    "MainCategory": "계절가전",
    "ProductName": "뽀송 위닉스 DN2H160-IWK",
    "ReviewScore": "5",
    "Syllable": "80",
    "Word": "19",
    "RDate": "20220519",
    "GeneralPolarity": "1",
    "Aspects": [
      {
        "Aspect": "소비전력",
        "SentimentText": "에너지등급이 1등급이라서 믿고 구매했어요~ ",
        "SentimentWord": "4",
        "SentimentPolarity": "1"
      },
      {
        "Aspect": "소음",
        "SentimentText": "강풍일때는 소음이 좀 커서 아쉽지만",
        "SentimentWord": "5",
        "SentimentPolarity": "-1"
      },
      {
        "Aspect": "기능",
        "SentimentText": "물통에 물이 차는 거 보니 제습도 잘되고 성능이 맘에 드네요!",
        "SentimentWord": "10",
        "SentimentPolarity": "1"
      }
    ]
  },
  {
    "Index": "42666",
    "RawText": "제일 큰 제습용량으로 주문했는데 너무 좋네요~!! 에너지등급도 1등급이라서 전기세 걱정없이 쓸 수 있어 좋아요~~  ",
    "Source": "쇼핑몰",
    "Domain": "가전",
    "MainCategory": "계절가전",
    "ProductName": "뽀송 위닉스 DN2H160-IWK",
    "ReviewScore": "5",
    "Syllable": "65",
    "Word": "14",
    "RDate": "20220302",
    "GeneralPolarity": "1",
    "Aspects": [
      {
        "Aspect": "용량",
        "SentimentText": "제일 큰 제습용량으로 주문했는데 너무 좋네요~!!",
        "SentimentWord": "6",
        "SentimentPolarity": "1"
      },
      {
        "Aspect": "소비전력",
        "SentimentText": "에너지등급도 1등급이라서 전기세 걱정없이 쓸 수 있어 좋아요~~ ",
        "SentimentWord": "8",
        "SentimentPolarity": "1"
      }
    ]
  },
  {
    "Index": "42667",
    "RawText": "16리터로 구매했더니 금방 비워주지 않아도 되서 너무 좋네요~!!  바퀴도 있고 굴림도 부드러워서 편하고 좋네요~",
    "Source": "쇼핑몰",
    "Domain": "가전",
    "MainCategory": "계절가전",
    "ProductName": "뽀송 위닉스 DN2H160-IWK",
    "ReviewScore": "5",
    "Syllable": "63",
    "Word": "14",
    "RDate": "20220601",
    "GeneralPolarity": "1",
    "Aspects": [
      {
        "Aspect": "용량",
        "SentimentText": " 16리터로 구매했더니 금방 비워주지 않아도 되서 너무 좋네요~!! ",
        "SentimentWord": "8",
        "SentimentPolarity": "1"
      },
      {
        "Aspect": "편의성",
        "SentimentText": "바퀴도 있고 굴림도 부드러워서 편하고 좋네요~",
        "SentimentWord": "6",
        "SentimentPolarity": "1"
      }
    ]
  },
  {
    "Index": "42668",
    "RawText": "연속제습 모드가 있어서 계속 틀어두니 습도가 금방 없어져요 피부로도 느껴지네요 색상은 생각한것보다 좀 달라서 아쉬워요",
    "Source": "쇼핑몰",
    "Domain": "가전",
    "MainCategory": "계절가전",
    "ProductName": "뽀송 위닉스 DN2H160-IWK",
    "ReviewScore": "5",
    "Syllable": "65",
    "Word": "15",
    "RDate": "20220625",
    "GeneralPolarity": "0",
    "Aspects": [
      {
        "Aspect": "기능",
        "SentimentText": "연속제습 모드가 있어서 계속 틀어두니 습도가 금방 없어져요 ",
        "SentimentWord": "8",
        "SentimentPolarity": "1"
      },
      {
        "Aspect": "색상",
        "SentimentText": "색상은 생각한것보다 좀 달라서 아쉬워요",
        "SentimentWord": "5",
        "SentimentPolarity": "-1"
      }
    ]
  },
  {
    "Index": "42670",
    "RawText": "제습용량이 커서 금방 제습되고 좋네요~ 신발 말릴 수 있게 신발건조키트도 들어있네요~~^^ 소음도 크지 않아 만족합니다~",
    "Source": "쇼핑몰",
    "Domain": "가전",
    "MainCategory": "계절가전",
    "ProductName": "뽀송 위닉스 DN2H160-IWK",
    "ReviewScore": "5",
    "Syllable": "67",
    "Word": "15",
    "RDate": "20220701",
    "GeneralPolarity": "1",
    "Aspects": [
      {
        "Aspect": "용량",
        "SentimentText": "제습용량이 커서 금방 제습되고 좋네요~",
        "SentimentWord": "5",
        "SentimentPolarity": "1"
      },
      {
        "Aspect": "편의성",
        "SentimentText": "신발 말릴 수 있게 신발건조키트도 들어있네요~~^^ ",
        "SentimentWord": "6",
        "SentimentPolarity": "1"
      },
      {
        "Aspect": "소음",
        "SentimentText": "소음도 크지 않아 만족합니다~",
        "SentimentWord": "4",
        "SentimentPolarity": "1"
      }
    ]
  },
  {
    "Index": "42671",
    "RawText": "예전제습기보다 소음이1도 없어요~너무 좋네요 그런데 물통용량이 좀 더 컸으면 좋겠어요 아쉽네요",
    "Source": "쇼핑몰",
    "Domain": "가전",
    "MainCategory": "계절가전",
    "ProductName": "뽀송 위닉스 DN2H160-IWK",
    "ReviewScore": "4",
    "Syllable": "52",
    "Word": "11",
    "RDate": "20220508",
    "GeneralPolarity": "0",
    "Aspects": [
      {
        "Aspect": "소음",
        "SentimentText": "소음이1도 없어요~너무 좋네요",
        "SentimentWord": "3",
        "SentimentPolarity": "1"
      },
      {
        "Aspect": "용량",
        "SentimentText": "물통용량이 좀 더 컸으면 좋겠어요 아쉽네요",
        "SentimentWord": "6",
        "SentimentPolarity": "-1"
      }
    ]
  },
  {
    "Index": "42672",
    "RawText": "제품의 성능은 좋아서 잘 돌아가고 제습이 잘되서 좋아요.!! 사이즈는 생각보다 작은것 같아요. 그럭저럭 쓸만해요",
    "Source": "쇼핑몰",
    "Domain": "가전",
    "MainCategory": "계절가전",
    "ProductName": "뽀송 위닉스 DN2H160-IWK",
    "ReviewScore": "4",
    "Syllable": "62",
    "Word": "14",
    "RDate": "20220830",
    "Aspects": [
      {
        "Aspect": "기능",
        "SentimentText": "제품의 성능은 좋아서 잘 돌아가고 제습이 잘되서 좋아요.!!",
        "SentimentWord": "8",
        "SentimentPolarity": "1"
      },
      {
        "Aspect": "사이즈",
        "SentimentText": "사이즈는 생각보다 작은것 같아요. 그럭저럭 쓸만해요",
        "SentimentWord": "6",
        "SentimentPolarity": "0"
      }
    ]
  },
  {
    "Index": "42674",
    "RawText": "자동제습모드가 있어서 오래 틀지 않아도 습도조절되고 아주 만족스럽네요~ 터치부분 소재가 스크래치가 잘 나서 좀 아쉽네요",
    "Source": "쇼핑몰",
    "Domain": "가전",
    "MainCategory": "계절가전",
    "ProductName": "뽀송 위닉스 DN2H160-IWK",
    "ReviewScore": "5",
    "Syllable": "66",
    "Word": "15",
    "RDate": "20220618",
    "GeneralPolarity": "0",
    "Aspects": [
      {
        "Aspect": "기능",
        "SentimentText": "자동 제습 모드가 있어서 오래 틀지 않아도 습도 조절되고 아주 만족스럽네요~",
        "SentimentWord": "11",
        "SentimentPolarity": "1"
      },
      {
        "Aspect": "소재",
        "SentimentText": "터치부분 소재가 스크래치가 잘 나서 좀 아쉽네요",
        "SentimentWord": "7",
        "SentimentPolarity": "-1"
      }
    ]
  },
  {
    "Index": "42675",
    "RawText": "비오는 날에 쓰니 습도조절도 잘되고 너무 좋네요~ 진즉살걸 후회되요~ 물통용량은 좀 더 컸으면.. 아쉽네요",
    "Source": "쇼핑몰",
    "Domain": "가전",
    "MainCategory": "계절가전",
    "ProductName": "뽀송 위닉스 DN2H160-IWK",
    "ReviewScore": "5",
    "Syllable": "59",
    "Word": "14",
    "RDate": "20220709",
    "Aspects": [
      {
        "Aspect": "기능",
        "SentimentText": "습도조절도 잘되고 너무 좋네요~",
        "SentimentWord": "4",
        "SentimentPolarity": "1"
      },
      {
        "Aspect": "용량",
        "SentimentText": "물통용량은 좀 더 컸으면.. 아쉽네요",
        "SentimentWord": "5",
        "SentimentPolarity": "-1"
      }
    ]
  },
  {
    "Index": "42676",
    "RawText": "꿉꿉한게 제습이 아주 잘되는것 같진 않지만 그럭저럭 괜찮네요... 제품에 비해 가격이 너무 비싸네요ㅜ",
    "Source": "쇼핑몰",
    "Domain": "가전",
    "MainCategory": "계절가전",
    "ProductName": "뽀송 위닉스 DN2H160-IWK",
    "ReviewScore": "4",
    "Syllable": "56",
    "Word": "13",
    "RDate": "20220813",
    "GeneralPolarity": "-1",
    "Aspects": [
      {
        "Aspect": "기능",
        "SentimentText": "꿉꿉한게 제습이 아주 잘되는것 같진 않지만 그럭저럭 괜찮네요...",
        "SentimentWord": "8",
        "SentimentPolarity": "0"
      },
      {
        "Aspect": "가격",
        "SentimentText": "제품에 비해 가격이 너무 비싸네요ㅜ",
        "SentimentWord": "5",
        "SentimentPolarity": "-1"
      }
    ]
  },
  {
    "Index": "42677",
    "RawText": "제습기능이 너무 좋아서 습도가 금방 떨어지니 엄청 쾌적하네요~컬러도 마음에 쏙 들고 예뻐요~~",
    "Source": "쇼핑몰",
    "Domain": "가전",
    "MainCategory": "계절가전",
    "ProductName": "뽀송 위닉스 DN2H160-IWK",
    "ReviewScore": "5",
    "Syllable": "52",
    "Word": "12",
    "RDate": "20220709",
    "GeneralPolarity": "1",
    "Aspects": [
      {
        "Aspect": "기능",
        "SentimentText": "제습기능이 너무 좋아서 습도가 금방 떨어지니 엄청 쾌적하네요~",
        "SentimentWord": "8",
        "SentimentPolarity": "1"
      },
      {
        "Aspect": "색상",
        "SentimentText": "컬러도 마음에 쏙 들고 예뻐요~~",
        "SentimentWord": "5",
        "SentimentPolarity": "1"
      }
    ]
  },
  {
    "Index": "42678",
    "RawText": "제품도 이상없이 잘 작동되고 너무 좋네요! 그런데 물통 바닥면에 고여 있던 물이 떨어져 매번 닦아야 해서 좀 불편하네요",
    "Source": "쇼핑몰",
    "Domain": "가전",
    "MainCategory": "계절가전",
    "ProductName": "뽀송 위닉스 DN2H160-IWK",
    "ReviewScore": "5",
    "Syllable": "66",
    "Word": "18",
    "RDate": "20220707",
    "GeneralPolarity": "0",
    "Aspects": [
      {
        "Aspect": "품질",
        "SentimentText": "제품도 이상없이 잘 작동되고 너무 좋네요! ",
        "SentimentWord": "6",
        "SentimentPolarity": "1"
      },
      {
        "Aspect": "편의성",
        "SentimentText": "물통 바닥면에 고여 있던 물이 떨어져 매번 닦아야 해서 좀 불편하네요",
        "SentimentWord": "11",
        "SentimentPolarity": "-1"
      }
    ]
  },
  {
    "Index": "42679",
    "RawText": "디자인이 세련되고 예쁘네요~~~작동시 바람소리 같은 소음은 약간 나지만 괜찮아요. 성능이 좋아서 제습에는 충분히 도움되서 좋아요!!",
    "Source": "쇼핑몰",
    "Domain": "가전",
    "MainCategory": "계절가전",
    "ProductName": "뽀송 위닉스 DN2H160-IWK",
    "ReviewScore": "5",
    "Syllable": "73",
    "Word": "15",
    "RDate": "20220516",
    "GeneralPolarity": "1",
    "Aspects": [
      {
        "Aspect": "디자인",
        "SentimentText": "디자인이 세련되고 예쁘네요~~~",
        "SentimentWord": "3",
        "SentimentPolarity": "1"
      },
      {
        "Aspect": "소음",
        "SentimentText": "작동시 바람소리 같은 소음은 약간 나지만 괜찮아요. ",
        "SentimentWord": "7",
        "SentimentPolarity": "0"
      },
      {
        "Aspect": "기능",
        "SentimentText": " 성능이 좋아서 제습에는 충분히 도움되서 좋아요!!",
        "SentimentWord": "6",
        "SentimentPolarity": "1"
      }
    ]
  },
  {
    "Index": "42680",
    "RawText": "디자인이 크지 않고 심플하면서 딱이예요! 제습은 잘 되는데  작동시 슬라이딩 되는 판이 부딪히면서 소리를 내네요..마감이 영.... 별로네요 그래도 하루에 물통을 2번이나 갈아줘야 할만큼 제습성능은 뛰어나네요!",
    "Source": "쇼핑몰",
    "Domain": "가전",
    "MainCategory": "계절가전",
    "ProductName": "뽀송 위닉스 DN2H160-IWK",
    "ReviewScore": "5",
    "Syllable": "117",
    "Word": "25",
    "RDate": "20220627",
    "GeneralPolarity": "0",
    "Aspects": [
      {
        "Aspect": "디자인",
        "SentimentText": "디자인이 크지 않고 심플하면서 딱이예요!",
        "SentimentWord": "5",
        "SentimentPolarity": "1"
      },
      {
        "Aspect": "품질",
        "SentimentText": "작동시 슬라이딩 되는 판이 부딪히면서 소리를 내네요..마감이 영.... 별로네요",
        "SentimentWord": "9",
        "SentimentPolarity": "-1"
      },
      {
        "Aspect": "기능",
        "SentimentText": "하루에 물통을 2번이나 갈아줘야 할만큼 제습성능은 뛰어나네요!",
        "SentimentWord": "7",
        "SentimentPolarity": "1"
      }
    ]
  },
  {
    "Index": "42682",
    "RawText": "최근 제조된 제품으로 받아서 좋네요~OOO하면 제습기라더니 역시 실망시키지 않네요이전버전의 제습기보다 확실히 소음이 적어져서 만족합니다!!",
    "Source": "쇼핑몰",
    "Domain": "가전",
    "MainCategory": "계절가전",
    "ProductName": "뽀송 위닉스 DN2H160-IWK",
    "ReviewScore": "5",
    "Syllable": "77",
    "Word": "14",
    "RDate": "20220810",
    "GeneralPolarity": "1",
    "Aspects": [
      {
        "Aspect": "제조일/제조사",
        "SentimentText": "최근 제조된 제품으로 받아서 좋네요~OOO하면 제습기라더니 역시 실망시키지 않네요",
        "SentimentWord": "9",
        "SentimentPolarity": "1"
      },
      {
        "Aspect": "소음",
        "SentimentText": "확실히 소음이 적어져서 만족합니다!!",
        "SentimentWord": "4",
        "SentimentPolarity": "1"
      }
    ]
  },
  {
    "Index": "42684",
    "RawText": "oo꺼 쓰다가 고장나서 ooo제습기 구매했는데 제습기치고 소음이 크지 않아서 맘에 들어요~ 한눈에 알아볼 수 있게 설계 된 디자인도 맘에 듭니다",
    "Source": "쇼핑몰",
    "Domain": "가전",
    "MainCategory": "계절가전",
    "ProductName": "뽀송 위닉스 DN2H160-IWK",
    "ReviewScore": "5",
    "Syllable": "80",
    "Word": "20",
    "RDate": "20220523",
    "GeneralPolarity": "1",
    "Aspects": [
      {
        "Aspect": "소음",
        "SentimentText": "제습기치고 소음이 크지 않아서 맘에 들어요~",
        "SentimentWord": "6",
        "SentimentPolarity": "1"
      },
      {
        "Aspect": "디자인",
        "SentimentText": "한눈에 알아볼 수 있게 설계 된 디자인도 맘에 듭니다",
        "SentimentWord": "9",
        "SentimentPolarity": "1"
      }
    ]
  },
  {
    "Index": "42685",
    "RawText": "기존 OOO꺼 쓰다가 이번엔 큰 용량으로 구매했는데 물통 자주 안갈아도 되고 좋네요! 디자인도 깔끔하고 심플한게 맘에 듭니다!!!!",
    "Source": "쇼핑몰",
    "Domain": "가전",
    "MainCategory": "계절가전",
    "ProductName": "뽀송 위닉스 DN2H160-IWK",
    "ReviewScore": "5",
    "Syllable": "73",
    "Word": "17",
    "RDate": "20220321",
    "Aspects": [
      {
        "Aspect": "용량",
        "SentimentText": "큰 용량으로 구매했는데 물통 자주 안갈아도 되고 좋네요!",
        "SentimentWord": "8",
        "SentimentPolarity": "1"
      },
      {
        "Aspect": "디자인",
        "SentimentText": "디자인도 깔끔하고 심플한게 맘에 듭니다!!!!",
        "SentimentWord": "5",
        "SentimentPolarity": "1"
      }
    ]
  },
  {
    "Index": "42686",
    "RawText": "물통 용량이 이전 사용했던 제품보다 훨씬 커서 사용하기 좋아 만족스러워요  ooo역시 실망시키지 않네요~",
    "Source": "쇼핑몰",
    "Domain": "가전",
    "MainCategory": "계절가전",
    "ProductName": "뽀송 위닉스 DN2H160-IWK",
    "ReviewScore": "5",
    "Syllable": "58",
    "Word": "13",
    "RDate": "20220513",
    "GeneralPolarity": "1",
    "Aspects": [
      {
        "Aspect": "용량",
        "SentimentText": "물통 용량이 이전 사용했던 제품보다 훨씬 커서 사용하기 좋아 만족스러워요 ",
        "SentimentWord": "10",
        "SentimentPolarity": "1"
      },
      {
        "Aspect": "제조일/제조사",
        "SentimentText": "ooo역시 실망시키지 않네요~ ",
        "SentimentWord": "3",
        "SentimentPolarity": "1"
      }
    ]
  },
  {
    "Index": "42687",
    "RawText": "디자인이 깨끗하고 깔끔해서 좋습니다. 기존제품은 물떨어지는 소리가 없었는데 이제품은 소리가 조금 나는게.. 신경이 쓰이네요ㅜ",
    "Source": "쇼핑몰",
    "Domain": "가전",
    "MainCategory": "계절가전",
    "ProductName": "뽀송 위닉스 DN2H160-IWK",
    "ReviewScore": "5",
    "Syllable": "69",
    "Word": "14",
    "RDate": "20220629",
    "GeneralPolarity": "0",
    "Aspects": [
      {
        "Aspect": "디자인",
        "SentimentText": "디자인이 깨끗하고 깔끔해서 좋습니다.",
        "SentimentWord": "4",
        "SentimentPolarity": "1"
      },
      {
        "Aspect": "소음",
        "SentimentText": " 기존제품은 물떨어지는 소리가 없었는데 이제품은 소리가 조금 나는게.. 신경이 쓰이네요ㅜ",
        "SentimentWord": "10",
        "SentimentPolarity": "-1"
      }
    ]
  },
  {
    "Index": "42688",
    "RawText": "소음이 있지만 거슬릴 정도는 아니에요 색상도 원하던 색상이라 맘에 드네요 ㅎㅎ ",
    "Source": "쇼핑몰",
    "Domain": "가전",
    "MainCategory": "계절가전",
    "ProductName": "뽀송 위닉스 DN2H160-IWK",
    "ReviewScore": "5",
    "Syllable": "44",
    "Word": "11",
    "RDate": "20220818",
    "GeneralPolarity": "1",
    "Aspects": [
      {
        "Aspect": "소음",
        "SentimentText": "소음이 있지만 거슬릴 정도는 아니에요",
        "SentimentWord": "5",
        "SentimentPolarity": "0"
      },
      {
        "Aspect": "색상",
        "SentimentText": "색상도 원하던 색상이라 맘에 드네요 ㅎㅎ",
        "SentimentWord": "6",
        "SentimentPolarity": "1"
      }
    ]
  },
  {
    "Index": "42689",
    "RawText": "고급스러운 디자인이고 예뻐요!!  소음도 거의 안나서 조용합니다^^ 제습이 완전 잘되서 대만족!! 바퀴가 있어 어디든 이동이 가능해서 사용하기 너무 편리해서 좋아요~",
    "Source": "쇼핑몰",
    "Domain": "가전",
    "MainCategory": "계절가전",
    "ProductName": "뽀송 위닉스 DN2H160-IWK",
    "ReviewScore": "4",
    "Syllable": "92",
    "Word": "20",
    "RDate": "20220705",
    "GeneralPolarity": "1",
    "Aspects": [
      {
        "Aspect": "디자인",
        "SentimentText": "고급스러운 디자인이고 예뻐요!!",
        "SentimentWord": "3",
        "SentimentPolarity": "1"
      },
      {
        "Aspect": "소음",
        "SentimentText": "소음도 거의 안나서 조용합니다^^",
        "SentimentWord": "4",
        "SentimentPolarity": "1"
      },
      {
        "Aspect": "기능",
        "SentimentText": "제습이 완전 잘되서 대만족!!",
        "SentimentWord": "4",
        "SentimentPolarity": "1"
      },
      {
        "Aspect": "편의성",
        "SentimentText": "바퀴가 있어 어디든 이동이 가능해서 사용하기 너무 편리해서 좋아요~",
        "SentimentWord": "9",
        "SentimentPolarity": "1"
      }
    ]
  },
  {
    "Index": "42690",
    "RawText": "소음 1도 없네요 물양이 어마어마하게 나와는데 물통용량도 커서 좋네요~ 잘 쓸께요~",
    "Source": "쇼핑몰",
    "Domain": "가전",
    "MainCategory": "계절가전",
    "ProductName": "뽀송 위닉스 DN2H160-IWK",
    "ReviewScore": "5",
    "Syllable": "46",
    "Word": "11",
    "RDate": "20220702",
    "GeneralPolarity": "1",
    "Aspects": [
      {
        "Aspect": "소음",
        "SentimentText": "소음 1도 없네요",
        "SentimentWord": "3",
        "SentimentPolarity": "1"
      },
      {
        "Aspect": "용량",
        "SentimentText": "물양이 어마어마하게 나와는데 물통용량도 커서 좋네요~",
        "SentimentWord": "6",
        "SentimentPolarity": "1"
      }
    ]
  },
  {
    "Index": "42691",
    "RawText": "제습력이 좋아서 너무 마음에 듭니다^^ 여름 필수품을 저렴한 가격으로 잘 샀어요~",
    "Source": "쇼핑몰",
    "Domain": "가전",
    "MainCategory": "계절가전",
    "ProductName": "뽀송 위닉스 DN2H160-IWK",
    "ReviewScore": "5",
    "Syllable": "45",
    "Word": "11",
    "RDate": "20220523",
    "GeneralPolarity": "1",
    "Aspects": [
      {
        "Aspect": "기능",
        "SentimentText": "제습력이 좋아서 너무 마음에 듭니다^^",
        "SentimentWord": "5",
        "SentimentPolarity": "1"
      },
      {
        "Aspect": "가격",
        "SentimentText": "여름 필수품을 저렴한 가격으로 잘 샀어요~",
        "SentimentWord": "6",
        "SentimentPolarity": "1"
      }
    ]
  },
  {
    "Index": "42692",
    "RawText": "강력하고 자동습도조절 기능이 있어서 집이 뽀송뽀송~ 짱이예요! 에너지등급도 1등급이라 전기세걱정 없이 쓸 수 있어 너무 좋네요!",
    "Source": "쇼핑몰",
    "Domain": "가전",
    "MainCategory": "계절가전",
    "ProductName": "뽀송 위닉스 DN2H160-IWK",
    "ReviewScore": "5",
    "Syllable": "71",
    "Word": "16",
    "RDate": "20220716",
    "GeneralPolarity": "1",
    "Aspects": [
      {
        "Aspect": "기능",
        "SentimentText": "강력하고 자동습도조절 기능이 있어서 집이 뽀송뽀송~ 짱이예요!",
        "SentimentWord": "7",
        "SentimentPolarity": "1"
      },
      {
        "Aspect": "소비전력",
        "SentimentText": "에너지등급도 1등급이라 전기세걱정 없이 쓸 수 있어 너무 좋네요!",
        "SentimentWord": "9",
        "SentimentPolarity": "1"
      }
    ]
  },
  {
    "Index": "42693",
    "RawText": "습도자동조절모드로 습도가 80%였는데 금방 떨어지네요~소재가 전부 다 플라스틱이라 약해보여 아쉽네요",
    "Source": "쇼핑몰",
    "Domain": "가전",
    "MainCategory": "계절가전",
    "ProductName": "뽀송 위닉스 DN2H160-IWK",
    "ReviewScore": "5",
    "Syllable": "55",
    "Word": "10",
    "RDate": "20220710",
    "GeneralPolarity": "0",
    "Aspects": [
      {
        "Aspect": "기능",
        "SentimentText": "습도자동조절모드로 습도가 80%였는데 금방 떨어지네요~",
        "SentimentWord": "5",
        "SentimentPolarity": "1"
      },
      {
        "Aspect": "소재",
        "SentimentText": "소재가 전부 다 플라스틱이라 약해보여 아쉽네요",
        "SentimentWord": "6",
        "SentimentPolarity": "-1"
      }
    ]
  },
  {
    "Index": "42694",
    "RawText": "성능이 너무 좋아요 비오는 날 습기도 잘 잡아주고 빨래도 뽀송하니 제습력 최고예요~ 소음도 별로 안나서 조용한거 같아요^^",
    "Source": "쇼핑몰",
    "Domain": "가전",
    "MainCategory": "계절가전",
    "ProductName": "뽀송 위닉스 DN2H160-IWK",
    "ReviewScore": "5",
    "Syllable": "68",
    "Word": "17",
    "RDate": "20220819",
    "GeneralPolarity": "1",
    "Aspects": [
      {
        "Aspect": "기능",
        "SentimentText": "성능이 너무 좋아요 비오는 날 습기도 잘 잡아주고 빨래도 뽀송하니 제습력 최고예요~",
        "SentimentWord": "12",
        "SentimentPolarity": "1"
      },
      {
        "Aspect": "소음",
        "SentimentText": "소음도 별로 안나서 조용한거 같아요^^",
        "SentimentWord": "5",
        "SentimentPolarity": "1"
      }
    ]
  },
  {
    "Index": "42695",
    "RawText": "제습용량이 16리터라 강해서 제습도 금방 되서 뽀송뽀송하네요~~ 소음도 없진 않지만 거슬리지 않고 적당해서 괜찮아요~",
    "Source": "쇼핑몰",
    "Domain": "가전",
    "MainCategory": "계절가전",
    "ProductName": "뽀송 위닉스 DN2H160-IWK",
    "ReviewScore": "5",
    "Syllable": "65",
    "Word": "14",
    "RDate": "20220708",
    "GeneralPolarity": "1",
    "Aspects": [
      {
        "Aspect": "용량",
        "SentimentText": "제습용량이 16리터라 강해서 제습도 금방 되서 뽀송뽀송하네요~~",
        "SentimentWord": "7",
        "SentimentPolarity": "1"
      },
      {
        "Aspect": "소음",
        "SentimentText": "소음도 없진 않지만 거슬리지 않고 적당해서 괜찮아요~",
        "SentimentWord": "7",
        "SentimentPolarity": "0"
      }
    ]
  },
  {
    "Index": "42696",
    "RawText": " 에잉.. 비싸게 샀네요.. 검색 좀 해보고 살껄..소음은 있는 편이라 거슬리네요..",
    "Source": "쇼핑몰",
    "Domain": "가전",
    "MainCategory": "계절가전",
    "ProductName": "뽀송 위닉스 DN2H160-IWK",
    "ReviewScore": "3",
    "Syllable": "47",
    "Word": "10",
    "RDate": "20220705",
    "GeneralPolarity": "-1",
    "Aspects": [
      {
        "Aspect": "가격",
        "SentimentText": "에잉.. 비싸게 샀네요..",
        "SentimentWord": "3",
        "SentimentPolarity": "-1"
      },
      {
        "Aspect": "소음",
        "SentimentText": "소음은 있는 편이라 거슬리네요..",
        "SentimentWord": "4",
        "SentimentPolarity": "-1"
      }
    ]
  },
  {
    "Index": "42697",
    "RawText": "제습이 잘 되고 집중제습 기능도 있어서 집안이 뽀송뽀송해져요~  디자인도 깔끔 그 자체네요! 소리는 조용하지 않아서 아쉽지만 바퀴가 있어 360도 회전 가능하고 이동도 편리해 좋네요~",
    "Source": "쇼핑몰",
    "Domain": "가전",
    "MainCategory": "계절가전",
    "ProductName": "뽀송 위닉스 DN2H160-IWK",
    "ReviewScore": "5",
    "Syllable": "102",
    "Word": "24",
    "RDate": "20220728",
    "GeneralPolarity": "1",
    "Aspects": [
      {
        "Aspect": "기능",
        "SentimentText": "제습이 잘 되고 집중제습 기능도 있어서 집안이 뽀송뽀송해져요~",
        "SentimentWord": "8",
        "SentimentPolarity": "1"
      },
      {
        "Aspect": "디자인",
        "SentimentText": "  디자인도 깔끔 그 자체네요!",
        "SentimentWord": "4",
        "SentimentPolarity": "1"
      },
      {
        "Aspect": "소음",
        "SentimentText": "소리는 조용하지 않아서 아쉽지만",
        "SentimentWord": "4",
        "SentimentPolarity": "-1"
      },
      {
        "Aspect": "편의성",
        "SentimentText": "바퀴가 있어 360도 회전 가능하고 이동도 편리해 좋네요~",
        "SentimentWord": "8",
        "SentimentPolarity": "1"
      }
    ]
  },
  {
    "Index": "42698",
    "RawText": "연속배수기능이 있어서 물통 비우러 가지 않아도 되고 장마철에 끄떡 없겠어요~  취침시 소음이 거슬리긴하지만 그렇게 크게 신경쓰이진 않아요~!",
    "Source": "쇼핑몰",
    "Domain": "가전",
    "MainCategory": "계절가전",
    "ProductName": "뽀송 위닉스 DN2H160-IWK",
    "ReviewScore": "5",
    "Syllable": "78",
    "Word": "17",
    "RDate": "20220513",
    "GeneralPolarity": "1",
    "Aspects": [
      {
        "Aspect": "기능",
        "SentimentText": "연속배수기능이 있어서 물통 비우러 가지 않아도 되고 장마철에 끄떡 없겠어요~",
        "SentimentWord": "10",
        "SentimentPolarity": "1"
      },
      {
        "Aspect": "소음",
        "SentimentText": "취침시 소음이 거슬리긴하지만 그렇게 크게 신경쓰이진 않아요~! ",
        "SentimentWord": "7",
        "SentimentPolarity": "0"
      }
    ]
  },
  {
    "Index": "42699",
    "RawText": "1등급 찾고 있었는데 에너지등급1등급이라 전기세 걱정 없이 쓸 수 있어 좋네요!! 소재가 전부 다 플라스틱이라 약해보여 아쉽네요",
    "Source": "쇼핑몰",
    "Domain": "가전",
    "MainCategory": "계절가전",
    "ProductName": "뽀송 위닉스 DN2H160-IWK",
    "ReviewScore": "5",
    "Syllable": "71",
    "Word": "17",
    "RDate": "20220629",
    "GeneralPolarity": "0",
    "Aspects": [
      {
        "Aspect": "소비전력",
        "SentimentText": "에너지등급1등급이라 전기세 걱정 없이 쓸 수 있어 좋네요!!",
        "SentimentWord": "8",
        "SentimentPolarity": "1"
      },
      {
        "Aspect": "소재",
        "SentimentText": "소재가 전부 다 플라스틱이라 약해보여 아쉽네요",
        "SentimentWord": "6",
        "SentimentPolarity": "-1"
      }
    ]
  },
  {
    "Index": "42700",
    "RawText": "디자인이 깔끔하고 예뻐요~ 작동시 덮개가 열리는데 다른제품보다 파손이 잘 안되서 맘에 듭니다!",
    "Source": "쇼핑몰",
    "Domain": "가전",
    "MainCategory": "계절가전",
    "ProductName": "뽀송 위닉스 DN2H160-IWK",
    "ReviewScore": "5",
    "Syllable": "52",
    "Word": "12",
    "RDate": "20220510",
    "GeneralPolarity": "1",
    "Aspects": [
      {
        "Aspect": "디자인",
        "SentimentText": "디자인이 깔끔하고 예뻐요~",
        "SentimentWord": "3",
        "SentimentPolarity": "1"
      },
      {
        "Aspect": "품질",
        "SentimentText": "작동시 덮개가 열리는데 다른제품보다 파손이 잘 안되서 맘에 듭니다!",
        "SentimentWord": "9",
        "SentimentPolarity": "1"
      }
    ]
  },
  {
    "Index": "42701",
    "RawText": "디자인이 깔끔하면서 깜찍하네요~~ 바퀴가 있어 360도 회전도 되고 이동도 편리해요~ 소리도 선풍기 1단정도의 소음이라 크지 않아 괜찮아요~ 제습도 잘 되고 집중건조 기능이 있어서 다양하게 사용 할수 있어 좋아요",
    "Source": "쇼핑몰",
    "Domain": "가전",
    "MainCategory": "계절가전",
    "ProductName": "뽀송 위닉스 DN2H160-IWK",
    "ReviewScore": "5",
    "Syllable": "118",
    "Word": "28",
    "RDate": "20220812",
    "GeneralPolarity": "1",
    "Aspects": [
      {
        "Aspect": "디자인",
        "SentimentText": "디자인이 깔끔하면서 깜찍하네요~~",
        "SentimentWord": "3",
        "SentimentPolarity": "1"
      },
      {
        "Aspect": "편의성",
        "SentimentText": "바퀴가 있어 360도 회전도 되고 이동도 편리해요~ ",
        "SentimentWord": "7",
        "SentimentPolarity": "1"
      },
      {
        "Aspect": "소음",
        "SentimentText": "소리도 선풍기 1단정도의 소음이라 크지 않아 괜찮아요~",
        "SentimentWord": "7",
        "SentimentPolarity": "1"
      },
      {
        "Aspect": "기능",
        "SentimentText": "제습도 잘 되고 집중건조 기능이 있어서 다양하게 사용 할수 있어 좋아요",
        "SentimentWord": "11",
        "SentimentPolarity": "1"
      }
    ]
  },
  {
    "Index": "42702",
    "RawText": "디자인이 심플해서 좋아요~장마철이라 구매했는데 뽀송하고 소음도 크지않고 조용해요^^",
    "Source": "쇼핑몰",
    "Domain": "가전",
    "MainCategory": "계절가전",
    "ProductName": "뽀송 위닉스 DN2H160-IWK",
    "ReviewScore": "5",
    "Syllable": "46",
    "Word": "8",
    "RDate": "20220701",
    "GeneralPolarity": "1",
    "Aspects": [
      {
        "Aspect": "디자인",
        "SentimentText": "디자인이 심플해서 좋아요~",
        "SentimentWord": "3",
        "SentimentPolarity": "1"
      },
      {
        "Aspect": "소음",
        "SentimentText": "장마철이라 구매했는데 뽀송하고 소음도 크지않고 조용해요^^",
        "SentimentWord": "6",
        "SentimentPolarity": "1"
      }
    ]
  },
  {
    "Index": "42703",
    "RawText": "디자인이 예쁘고 고급져요! 작동시 소리는 너무 시끄러워서 좀 아쉬워요  공기청정에 플라즈마이온 기능까지 갖추고 있어서 효능은 최고네요!",
    "Source": "쇼핑몰",
    "Domain": "가전",
    "MainCategory": "계절가전",
    "ProductName": "뽀송 위닉스 DN2H160-IWK",
    "ReviewScore": "5",
    "Syllable": "75",
    "Word": "16",
    "RDate": "20220509",
    "GeneralPolarity": "0",
    "Aspects": [
      {
        "Aspect": "디자인",
        "SentimentText": "디자인이 예쁘고 고급져요!",
        "SentimentWord": "3",
        "SentimentPolarity": "1"
      },
      {
        "Aspect": "소음",
        "SentimentText": "작동시 소리는 너무 시끄러워서 좀 아쉬워요 ",
        "SentimentWord": "6",
        "SentimentPolarity": "-1"
      },
      {
        "Aspect": "기능",
        "SentimentText": "공기청정에 플라즈마이온 기능까지 갖추고 있어서 효능은 최고네요!",
        "SentimentWord": "7",
        "SentimentPolarity": "1"
      }
    ]
  },
  {
    "Index": "42704",
    "RawText": "깔끔한 디자인이라 좋아요!! 제습이 잘되서 뽀송뽀송 만족해요~ 사은품으로 온 집중 건조킷은 신발 건조할때  너무 잘 사용해요~  소음도 적어서 조용하니 잘 샀어요^^",
    "Source": "쇼핑몰",
    "Domain": "가전",
    "MainCategory": "계절가전",
    "ProductName": "뽀송 위닉스 DN2H160-IWK",
    "ReviewScore": "5",
    "Syllable": "92",
    "Word": "21",
    "RDate": "20220818",
    "GeneralPolarity": "1",
    "Aspects": [
      {
        "Aspect": "디자인",
        "SentimentText": "깔끔한 디자인이라 좋아요!! ",
        "SentimentWord": "3",
        "SentimentPolarity": "1"
      },
      {
        "Aspect": "기능",
        "SentimentText": "제습이 잘되서 뽀송뽀송 만족해요~",
        "SentimentWord": "4",
        "SentimentPolarity": "1"
      },
      {
        "Aspect": "제품구성",
        "SentimentText": "사은품으로 온 집중 건조킷은 신발 건조할때  너무 잘 사용해요~ ",
        "SentimentWord": "9",
        "SentimentPolarity": "1"
      },
      {
        "Aspect": "소음",
        "SentimentText": "소음도 적어서 조용하니 잘 샀어요^^ ",
        "SentimentWord": "5",
        "SentimentPolarity": "1"
      }
    ]
  },
  {
    "Index": "42705",
    "RawText": "디자인이 심플하면서도 예쁘네요~ 소리도 조용해서 드레스룸에서 쓰는데 하나도 안들려요 굿! 만족만족 대만족입니다",
    "Source": "쇼핑몰",
    "Domain": "가전",
    "MainCategory": "계절가전",
    "ProductName": "뽀송 위닉스 DN2H160-IWK",
    "ReviewScore": "4",
    "Syllable": "61",
    "Word": "12",
    "RDate": "20220524",
    "GeneralPolarity": "1",
    "Aspects": [
      {
        "Aspect": "디자인",
        "SentimentText": "디자인이 심플하면서도 예쁘네요~ ",
        "SentimentWord": "3",
        "SentimentPolarity": "1"
      },
      {
        "Aspect": "소음",
        "SentimentText": "소리도 조용해서 드레스룸에서 쓰는데 하나도 안들려요 굿! ",
        "SentimentWord": "7",
        "SentimentPolarity": "1"
      }
    ]
  },
  {
    "Index": "42706",
    "RawText": "디자인이 예쁘고 심플하네요~ 작동하는 방법도 간단해서 너무 좋고 제습도 너무 잘되서 집이 뽀송뽀송해요^^  그러나 제습기 특성상 소음은 좀 있는 편이라 아쉽네요.",
    "Source": "쇼핑몰",
    "Domain": "가전",
    "MainCategory": "계절가전",
    "ProductName": "뽀송 위닉스 DN2H160-IWK",
    "ReviewScore": "5",
    "Syllable": "90",
    "Word": "21",
    "RDate": "20220512",
    "GeneralPolarity": "1",
    "Aspects": [
      {
        "Aspect": "디자인",
        "SentimentText": "디자인이 예쁘고 심플하네요~",
        "SentimentWord": "3",
        "SentimentPolarity": "1"
      },
      {
        "Aspect": "조작성",
        "SentimentText": "작동하는 방법도 간단해서 너무 좋고 ",
        "SentimentWord": "5",
        "SentimentPolarity": "1"
      },
      {
        "Aspect": "기능",
        "SentimentText": "제습도 너무 잘되서 집이 뽀송뽀송해요^^ ",
        "SentimentWord": "5",
        "SentimentPolarity": "1"
      },
      {
        "Aspect": "소음",
        "SentimentText": "제습기 특성상 소음은 좀 있는 편이라 아쉽네요.",
        "SentimentWord": "7",
        "SentimentPolarity": "-1"
      }
    ]
  },
  {
    "Index": "42707",
    "RawText": "딜 떠서 저렴한 가격으로 구매해서 좋습니다~~~작동 잘되고 제습도 잘되서 장마철 습기제거에 너무 좋아요!!",
    "Source": "쇼핑몰",
    "Domain": "가전",
    "MainCategory": "계절가전",
    "ProductName": "뽀송 위닉스 DN2H160-IWK",
    "ReviewScore": "5",
    "Syllable": "59",
    "Word": "13",
    "RDate": "20220517",
    "GeneralPolarity": "1",
    "Aspects": [
      {
        "Aspect": "가격",
        "SentimentText": "딜 떠서 저렴한 가격으로 구매해서 좋습니다~~~",
        "SentimentWord": "6",
        "SentimentPolarity": "1"
      },
      {
        "Aspect": "기능",
        "SentimentText": "작동 잘되고 제습도 잘되서 장마철 습기제거에 너무 좋아요!!",
        "SentimentWord": "8",
        "SentimentPolarity": "1"
      }
    ]
  },
  {
    "Index": "42708",
    "RawText": "OOO제품 너무 만족해서 10년 지나 또 재구매 했어요~ 이상없이 잘 작동되고 넘 만족합니다!",
    "Source": "쇼핑몰",
    "Domain": "가전",
    "MainCategory": "계절가전",
    "ProductName": "뽀송 위닉스 DN2H160-IWK",
    "ReviewScore": "5",
    "Syllable": "52",
    "Word": "13",
    "RDate": "20220620",
    "GeneralPolarity": "1",
    "Aspects": [
      {
        "Aspect": "제조일/제조사",
        "SentimentText": "OOO제품 너무 만족해서 10년 지나 또 재구매 했어요~",
        "SentimentWord": "8",
        "SentimentPolarity": "1"
      },
      {
        "Aspect": "품질",
        "SentimentText": "이상없이 잘 작동되고 넘 만족합니다!",
        "SentimentWord": "5",
        "SentimentPolarity": "1"
      }
    ]
  },
  {
    "Index": "42709",
    "RawText": "소음은 좀 있는 편이라 아쉽지만, 제습도 잘 되고 성능도 뛰어나네요!! 완전 만족합니다~",
    "Source": "쇼핑몰",
    "Domain": "가전",
    "MainCategory": "계절가전",
    "ProductName": "뽀송 위닉스 DN2H160-IWK",
    "ReviewScore": "5",
    "Syllable": "49",
    "Word": "12",
    "RDate": "20220709",
    "GeneralPolarity": "0",
    "Aspects": [
      {
        "Aspect": "소음",
        "SentimentText": "소음은 좀 있는 편이라 아쉽지만",
        "SentimentWord": "5",
        "SentimentPolarity": "-1"
      },
      {
        "Aspect": "기능",
        "SentimentText": "제습도 잘 되고 성능도 뛰어나네요!! 완전 만족합니다~",
        "SentimentWord": "7",
        "SentimentPolarity": "1"
      }
    ]
  },
  {
    "Index": "42710",
    "RawText": "후기처럼 제습력이 너무 좋아서 장마철내내  뽀송뽀송하네요^^ 바람소리 같은 소음이  있지만 거슬리지는 않아요.",
    "Source": "쇼핑몰",
    "Domain": "가전",
    "MainCategory": "계절가전",
    "ProductName": "뽀송 위닉스 DN2H160-IWK",
    "ReviewScore": "4",
    "Syllable": "61",
    "Word": "12",
    "RDate": "20220630",
    "GeneralPolarity": "1",
    "Aspects": [
      {
        "Aspect": "기능",
        "SentimentText": "후기처럼 제습력이 너무 좋아서 장마철내내  뽀송뽀송하네요^^",
        "SentimentWord": "6",
        "SentimentPolarity": "1"
      },
      {
        "Aspect": "소음",
        "SentimentText": "바람소리 같은 소음이  있지만 거슬리지는 않아요.",
        "SentimentWord": "6",
        "SentimentPolarity": "1"
      }
    ]
  },
  {
    "Index": "42711",
    "RawText": "생각했던 것보다 소음은 작은 편이라서 괜찮아요~ 물통용량이 적고 물통에 뚜껑이 있어서 물 버릴때 귀찮고 너무 불편해요~",
    "Source": "쇼핑몰",
    "Domain": "가전",
    "MainCategory": "계절가전",
    "ProductName": "뽀송 위닉스 DN2H160-IWK",
    "ReviewScore": "5",
    "Syllable": "66",
    "Word": "16",
    "RDate": "20220326",
    "GeneralPolarity": "0",
    "Aspects": [
      {
        "Aspect": "소음",
        "SentimentText": "생각했던 것보다 소음은 작은 편이라서 괜찮아요~ ",
        "SentimentWord": "6",
        "SentimentPolarity": "1"
      },
      {
        "Aspect": "용량",
        "SentimentText": "물통용량이 적고",
        "SentimentWord": "2",
        "SentimentPolarity": "-1"
      },
      {
        "Aspect": "편의성",
        "SentimentText": "뚜껑이 있어서 물 버릴때 귀찮고 너무 불편해요~",
        "SentimentWord": "7",
        "SentimentPolarity": "-1"
      }
    ]
  },
  {
    "Index": "42712",
    "RawText": "상품평 보고 걱정했는데 소음은 생각보다 크지 않아서 아주 마음에 들어요~ 에너지등급도 1등급이라 좋아요",
    "Source": "쇼핑몰",
    "Domain": "가전",
    "MainCategory": "계절가전",
    "ProductName": "뽀송 위닉스 DN2H160-IWK",
    "ReviewScore": "5",
    "Syllable": "57",
    "Word": "13",
    "RDate": "20220528",
    "GeneralPolarity": "1",
    "Aspects": [
      {
        "Aspect": "소음",
        "SentimentText": "소음은 생각보다 크지 않아서 아주 마음에 들어요~",
        "SentimentWord": "7",
        "SentimentPolarity": "1"
      },
      {
        "Aspect": "소비전력",
        "SentimentText": "에너지등급도 1등급이라 좋아요",
        "SentimentWord": "3",
        "SentimentPolarity": "1"
      }
    ]
  },
  {
    "Index": "42713",
    "RawText": "제습기를 가동시키면 빠르게 습기를 잡아줘서 습도높은 요즘 잘 사용하고 있어요 물통 용량이 금방금방 차서 좀 더 컸으면 좋겠네요",
    "Source": "쇼핑몰",
    "Domain": "가전",
    "MainCategory": "계절가전",
    "ProductName": "뽀송 위닉스 DN2H160-IWK",
    "ReviewScore": "5",
    "Syllable": "70",
    "Word": "18",
    "RDate": "20220418",
    "GeneralPolarity": "0",
    "Aspects": [
      {
        "Aspect": "시간/속도",
        "SentimentText": " 제습기를 가동시키면 빠르게 습기를 잡아줘서 습도높은 요즘 잘 사용하고 있어요",
        "SentimentWord": "10",
        "SentimentPolarity": "1"
      },
      {
        "Aspect": "용량",
        "SentimentText": "물통 용량이 금방금방 차서 좀 더 컸으면 좋겠네요",
        "SentimentWord": "8",
        "SentimentPolarity": "-1"
      }
    ]
  },
  {
    "Index": "42714",
    "RawText": "디자인이 깔끔하고 고급스러워서 맘에 듭니다^^ 000 믿고 사용하는데 성능이 좋고 제습이 잘되네요.",
    "Source": "쇼핑몰",
    "Domain": "가전",
    "MainCategory": "계절가전",
    "ProductName": "뽀송 위닉스 DN2H160-IWK",
    "ReviewScore": "5",
    "Syllable": "55",
    "Word": "12",
    "RDate": "20220611",
    "GeneralPolarity": "1",
    "Aspects": [
      {
        "Aspect": "디자인",
        "SentimentText": "디자인이 깔끔하고 고급스러워서 맘에 듭니다^^",
        "SentimentWord": "5",
        "SentimentPolarity": "1"
      },
      {
        "Aspect": "기능",
        "SentimentText": " 000 믿고 사용하는데 성능이 좋고 제습이 잘되네요.",
        "SentimentWord": "7",
        "SentimentPolarity": "1"
      }
    ]
  },
  {
    "Index": "42716",
    "RawText": "제습용량이 16리터라 사용하기에 넉넉, 충분하고 제습도 잘되서 습기를 잘 잡아주니 쾌적하고 좋네요!",
    "Source": "쇼핑몰",
    "Domain": "가전",
    "MainCategory": "계절가전",
    "ProductName": "뽀송 위닉스 DN2H160-IWK",
    "ReviewScore": "5",
    "Syllable": "55",
    "Word": "12",
    "RDate": "20220709",
    "GeneralPolarity": "1",
    "Aspects": [
      {
        "Aspect": "용량",
        "SentimentText": "제습용량이 16리터라 사용하기에 넉넉, 충분하고",
        "SentimentWord": "5",
        "SentimentPolarity": "1"
      },
      {
        "Aspect": "기능",
        "SentimentText": "제습도 잘되서 습기를 잘 잡아주니 쾌적하고 좋네요!",
        "SentimentWord": "7",
        "SentimentPolarity": "1"
      }
    ]
  },
  {
    "Index": "42717",
    "RawText": "제습기의 원조인 OOO제품으로 구매했는데 역시나 만족해요~ 가격비교 해서 제일 저렴한 가격으로 구매해서 만족해요~~ 생각했던 것보다 소음도 적고 바람도 더운 바람이 아니라서 방이 더워지지도 않고 집안 전체가 뽀송뽀송해져서 좋아요~ 신기하네요~~",
    "Source": "쇼핑몰",
    "Domain": "가전",
    "MainCategory": "계절가전",
    "ProductName": "뽀송 위닉스 DN2H160-IWK",
    "ReviewScore": "5",
    "Syllable": "136",
    "Word": "29",
    "RDate": "20220701",
    "GeneralPolarity": "1",
    "Aspects": [
      {
        "Aspect": "제조일/제조사",
        "SentimentText": "제습기의 원조인 OOO제품으로 구매했는데 역시나 만족해요~",
        "SentimentWord": "6",
        "SentimentPolarity": "1"
      },
      {
        "Aspect": "가격",
        "SentimentText": "가격비교 해서 제일 저렴한 가격으로 구매해서 만족해요~~",
        "SentimentWord": "7",
        "SentimentPolarity": "1"
      },
      {
        "Aspect": "소음",
        "SentimentText": " 생각했던 것보다 소음도 적고",
        "SentimentWord": "4",
        "SentimentPolarity": "1"
      },
      {
        "Aspect": "기능",
        "SentimentText": "더운 바람이 아니라서 방이 더워지지도 않고 집안 전체가 뽀송뽀송해져서 좋아요~",
        "SentimentWord": "10",
        "SentimentPolarity": "1"
      }
    ]
  },
  {
    "Index": "42718",
    "RawText": "기본 무게는 무겁지만 이동할때는 하단부 360도 회전 바퀴가 달려 있어서 아주 편하게 움직일 수 있어서 만족해요..  또 제품 켜두고 빨래나 운동화 말리는 세상 빨리 뽀송해져서 아주 마음에 듭니다..  물통에 물도 잘 모이고 6L물통에 물이 가득 차면 자동으로 중단되고 만수알림까지 해줍니다.. 기능 너무 좋네요.. 굿~!",
    "Source": "쇼핑몰",
    "Domain": "가전",
    "MainCategory": "계절가전",
    "ProductName": "뽀송 위닉스 DN2H160-IWK",
    "ReviewScore": "5",
    "Syllable": "180",
    "Word": "44",
    "RDate": "20220622",
    "GeneralPolarity": "1",
    "Aspects": [
      {
        "Aspect": "편의성",
        "SentimentText": "기본 무게는 무겁지만 이동할때는 하단부 360도 회전 바퀴가 달려 있어서 아주 편하게 움직일 수 있어서 만족해요.. ",
        "SentimentWord": "16",
        "SentimentPolarity": "1"
      },
      {
        "Aspect": "기능",
        "SentimentText": "또 제품 켜두고 빨래나 운동화 말리는 세상 빨리 뽀송해져서 아주 마음에 듭니다.. ",
        "SentimentWord": "12",
        "SentimentPolarity": "1"
      },
      {
        "Aspect": "기능",
        "SentimentText": "물통에 물도 잘 모이고 6L물통에 물이 가득 차면 자동으로 중단되고 만수알림까지 해줍니다.. 기능 너무 좋네요.. 굿~! ",
        "SentimentWord": "16",
        "SentimentPolarity": "1"
      }
    ]
  },
  {
    "Index": "42719",
    "RawText": "배송된 제품 문밖에서 집안으로 옮길때 무거워서 고생했어요.. ㅜ 예상보다 무거워서 안 좋아요..  제품 구성품들도 누락된 것 없이 모두 완벽하게 와서 기분 좋네요..  또 사용해보니 작동소음이 거의 없어서 마음에 들어요.  작동도 이상없이 아주 잘돼서 금방 방안이 뽀송뽀송해져서 만족스럽네요..  잘샀어요~!",
    "Source": "쇼핑몰",
    "Domain": "가전",
    "MainCategory": "계절가전",
    "ProductName": "뽀송 위닉스 DN2H160-IWK",
    "ReviewScore": "5",
    "Syllable": "172",
    "Word": "38",
    "RDate": "20220514",
    "GeneralPolarity": "0",
    "Aspects": [
      {
        "Aspect": "무게",
        "SentimentText": "배송된 제품 문밖에서 집안으로 옮길때 무거워서 고생했어요.. ㅜ 예상보다 무거워서 안 좋아요.. ",
        "SentimentWord": "12",
        "SentimentPolarity": "-1"
      },
      {
        "Aspect": "제품구성",
        "SentimentText": "제품 구성품들도 누락된 것 없이 모두 완벽하게 와서 기분 좋네요.. ",
        "SentimentWord": "10",
        "SentimentPolarity": "1"
      },
      {
        "Aspect": "소음",
        "SentimentText": "또 사용해보니 작동소음이 거의 없어서 마음에 들어요. ",
        "SentimentWord": "7",
        "SentimentPolarity": "1"
      },
      {
        "Aspect": "기능",
        "SentimentText": "작동도 이상없이 아주 잘돼서 금방 방안이 뽀송뽀송해져서 만족스럽네요..  잘샀어요~! ",
        "SentimentWord": "9",
        "SentimentPolarity": "1"
      }
    ]
  },
  {
    "Index": "42720",
    "RawText": "문을 열고 사용할 때는 제습이 잘 안되서 아쉽네요.. 여름에 사용해야 할것 같아요 그래도 디자인이 깔끔하면서도 예뻐서 좋아요~^^",
    "Source": "쇼핑몰",
    "Domain": "가전",
    "MainCategory": "계절가전",
    "ProductName": "뽀송 위닉스 DN2H160-IWK",
    "ReviewScore": "5",
    "Syllable": "72",
    "Word": "17",
    "RDate": "20220405",
    "GeneralPolarity": "0",
    "Aspects": [
      {
        "Aspect": "기능",
        "SentimentText": "문을 열고 사용할 때는 제습이 잘 안되서 아쉽네요",
        "SentimentWord": "8",
        "SentimentPolarity": "-1"
      },
      {
        "Aspect": "디자인",
        "SentimentText": "디자인이 깔끔하면서도 예뻐서 좋아요~^^",
        "SentimentWord": "4",
        "SentimentPolarity": "1"
      }
    ]
  },
  {
    "Index": "42721",
    "RawText": "물 버리는게 일이지만 제습이 잘되서 뽀송해지고 좋아요~~~ 약하게 틀어놓으면 소음은 적어요..그런데 거슬리네요",
    "Source": "쇼핑몰",
    "Domain": "가전",
    "MainCategory": "계절가전",
    "ProductName": "뽀송 위닉스 DN2H160-IWK",
    "ReviewScore": "4",
    "Syllable": "61",
    "Word": "12",
    "RDate": "20220718",
    "Aspects": [
      {
        "Aspect": "기능",
        "SentimentText": "물 버리는게 일이지만 제습이 잘되서 뽀송해지고 좋아요~~~ ",
        "SentimentWord": "7",
        "SentimentPolarity": "1"
      },
      {
        "Aspect": "소음",
        "SentimentText": " 약하게 틀어놓으면 소음은 적어요..그런데 거슬리네요",
        "SentimentWord": "5",
        "SentimentPolarity": "-1"
      }
    ]
  },
  {
    "Index": "42722",
    "RawText": "바퀴도 있고 손잡이가 있어서 이동할 때 굉장히 편리하고 제습할 때 뜨거운 바람이 나오지 않아 매우 맘에 듭니다!",
    "Source": "쇼핑몰",
    "Domain": "가전",
    "MainCategory": "계절가전",
    "ProductName": "뽀송 위닉스 DN2H160-IWK",
    "ReviewScore": "5",
    "Syllable": "62",
    "Word": "17",
    "RDate": "20220703",
    "GeneralPolarity": "1",
    "Aspects": [
      {
        "Aspect": "편의성",
        "SentimentText": "바퀴도 있고 손잡이가 있어서 이동할 때 굉장히 편리하고",
        "SentimentWord": "8",
        "SentimentPolarity": "1"
      },
      {
        "Aspect": "기능",
        "SentimentText": "제습할 때 뜨거운 바람이 나오지 않아 매우 맘에 듭니다!",
        "SentimentWord": "9",
        "SentimentPolarity": "1"
      }
    ]
  },
  {
    "Index": "42723",
    "RawText": "상품에 스크래치 대박.... 중고품 보내주신 줄 알았어요 마감이... 제조일도 오래된 거라 완전 별롭니다",
    "Source": "쇼핑몰",
    "Domain": "가전",
    "MainCategory": "계절가전",
    "ProductName": "뽀송 위닉스 DN2H160-IWK",
    "ReviewScore": "1",
    "Syllable": "58",
    "Word": "13",
    "RDate": "20220601",
    "GeneralPolarity": "-1",
    "Aspects": [
      {
        "Aspect": "품질",
        "SentimentText": "상품에 스크래치 대박.... 중고품 보내주신 줄 알았어요 마감이...",
        "SentimentWord": "8",
        "SentimentPolarity": "-1"
      },
      {
        "Aspect": "제조일/제조사",
        "SentimentText": "제조일도 오래된 거라 완전 별롭니다",
        "SentimentWord": "5",
        "SentimentPolarity": "-1"
      }
    ]
  },
  {
    "Index": "42724",
    "RawText": "집중의류건조기능이 있어서 빨래도 금방 마르고 뽀송뽀송하네요^^ 에너지등급도 1등급이라 걱정없이 사용 할 수 있어 좋아요~ 잘산거 같아요!",
    "Source": "쇼핑몰",
    "Domain": "가전",
    "MainCategory": "계절가전",
    "ProductName": "뽀송 위닉스 DN2H160-IWK",
    "ReviewScore": "5",
    "Syllable": "76",
    "Word": "16",
    "RDate": "20220511",
    "GeneralPolarity": "1",
    "Aspects": [
      {
        "Aspect": "기능",
        "SentimentText": "집중의류건조기능이 있어서 빨래도 금방 마르고 뽀송뽀송하네요^^",
        "SentimentWord": "6",
        "SentimentPolarity": "1"
      },
      {
        "Aspect": "소비전력",
        "SentimentText": "에너지등급도 1등급이라 걱정없이 사용 할 수 있어 좋아요~",
        "SentimentWord": "8",
        "SentimentPolarity": "1"
      }
    ]
  },
  {
    "Index": "42726",
    "RawText": "제습이 잘 되서 끈적거림도 없고 온 집이 뽀송뽀송하고 좋네요~~ 제습 할 때 송풍구에서 나오는 더운바람은 별로네요.. 그거빼고는 만족스럽게 사용 중입니다~~ 물통용량은 좀 더 컸으면 좋겠어요",
    "Source": "쇼핑몰",
    "Domain": "가전",
    "MainCategory": "계절가전",
    "ProductName": "뽀송 위닉스 DN2H160-IWK",
    "ReviewScore": "5",
    "Syllable": "106",
    "Word": "25",
    "RDate": "20220719",
    "Aspects": [
      {
        "Aspect": "기능",
        "SentimentText": "제습 할 때 송풍구에서 나오는 더운바람은 별로네요.. ",
        "SentimentWord": "7",
        "SentimentPolarity": "-1"
      },
      {
        "Aspect": "용량",
        "SentimentText": "물통용량은 좀 더 컸으면 좋겠어요",
        "SentimentWord": "5",
        "SentimentPolarity": "-1"
      },
      {
        "Aspect": "기능",
        "SentimentText": "제습이 잘 되서 끈적거림도 없고 온 집이 뽀송뽀송하고 좋네요~~",
        "SentimentWord": "9",
        "SentimentPolarity": "1"
      }
    ]
  },
  {
    "Index": "42728",
    "RawText": "가격이 저렴해서 너무 좋네요^^ 에너지효율 1등급이라 전기세 걱정없어 좋고 환급 가능해서 신청도 했습니다^^ 제습기 16리터 용량이라 충분해서 좋아요. 집중 건조키트 사은품도 잘 사용합니다.",
    "Source": "쇼핑몰",
    "Domain": "가전",
    "MainCategory": "계절가전",
    "ProductName": "뽀송 위닉스 DN2H160-IWK",
    "ReviewScore": "5",
    "Syllable": "106",
    "Word": "23",
    "RDate": "20220602",
    "GeneralPolarity": "1",
    "Aspects": [
      {
        "Aspect": "가격",
        "SentimentText": "가격이 저렴해서 너무 좋네요^^",
        "SentimentWord": "4",
        "SentimentPolarity": "1"
      },
      {
        "Aspect": "소비전력",
        "SentimentText": "에너지효율 1등급이라 전기세 걱정없어 좋고 환급 가능해서 신청도 했습니다^^",
        "SentimentWord": "9",
        "SentimentPolarity": "1"
      },
      {
        "Aspect": "용량",
        "SentimentText": "제습기 16리터 용량이라 충분해서 좋아요.",
        "SentimentWord": "5",
        "SentimentPolarity": "1"
      },
      {
        "Aspect": "제품구성",
        "SentimentText": "집중 건조키트 사은품도 잘 사용합니다.",
        "SentimentWord": "5",
        "SentimentPolarity": "1"
      }
    ]
  },
  {
    "Index": "42730",
    "RawText": "생각했던 것보다 크기가 커서 좀 놀랬어요 마감도 좋고 스크래치 없이 잘 받았어요~",
    "Source": "쇼핑몰",
    "Domain": "가전",
    "MainCategory": "계절가전",
    "ProductName": "뽀송 위닉스 DN2H160-IWK",
    "ReviewScore": "5",
    "Syllable": "45",
    "Word": "12",
    "RDate": "20220515",
    "GeneralPolarity": "0",
    "Aspects": [
      {
        "Aspect": "사이즈",
        "SentimentText": "생각했던 것보다 크기가 커서 좀 놀랬어요",
        "SentimentWord": "6",
        "SentimentPolarity": "-1"
      },
      {
        "Aspect": "품질",
        "SentimentText": "마감도 좋고 스크래치 없이 잘 받았어요~",
        "SentimentWord": "6",
        "SentimentPolarity": "1"
      }
    ]
  },
  {
    "Index": "42731",
    "RawText": "집중건조 키트가 구성품에 포함되어 있어 좋네요~ 구성품은 물통안에 있으니 없다고 놀라지 마세요~ 제습기능도 충실해서 온 집이 뽀송뽀송하고 좋네요!",
    "Source": "쇼핑몰",
    "Domain": "가전",
    "MainCategory": "계절가전",
    "ProductName": "뽀송 위닉스 DN2H160-IWK",
    "ReviewScore": "5",
    "Syllable": "81",
    "Word": "18",
    "RDate": "20220817",
    "GeneralPolarity": "1",
    "Aspects": [
      {
        "Aspect": "제품구성",
        "SentimentText": "집중건조 키트가 구성품에 포함되어 있어 좋네요~",
        "SentimentWord": "6",
        "SentimentPolarity": "1"
      },
      {
        "Aspect": "기능",
        "SentimentText": "제습기능도 충실해서 온 집이 뽀송뽀송하고 좋네요!",
        "SentimentWord": "6",
        "SentimentPolarity": "1"
      }
    ]
  },
  {
    "Index": "42732",
    "RawText": "제습이 엄청 잘 되서 반나절만에 물통의 삼분의 일이 찼어요~~ 물통용량도 크고 맘에 듭니다!",
    "Source": "쇼핑몰",
    "Domain": "가전",
    "MainCategory": "계절가전",
    "ProductName": "뽀송 위닉스 DN2H160-IWK",
    "ReviewScore": "5",
    "Syllable": "51",
    "Word": "13",
    "RDate": "20220226",
    "GeneralPolarity": "1",
    "Aspects": [
      {
        "Aspect": "기능",
        "SentimentText": "제습이 엄청 잘 되서 반나절만에 물통의 삼분의 일이 찼어요~~",
        "SentimentWord": "9",
        "SentimentPolarity": "1"
      },
      {
        "Aspect": "용량",
        "SentimentText": "물통용량도 크고 맘에 듭니다!",
        "SentimentWord": "4",
        "SentimentPolarity": "1"
      }
    ]
  },
  {
    "Index": "42733",
    "RawText": "작동시 소음이 적고 조용해서 좋습니다. 다만 물통 뚜껑을 열고 닫기가 부드럽지 못해서 불편해요ㅜ",
    "Source": "쇼핑몰",
    "Domain": "가전",
    "MainCategory": "계절가전",
    "ProductName": "뽀송 위닉스 DN2H160-IWK",
    "ReviewScore": "5",
    "Syllable": "53",
    "Word": "13",
    "RDate": "20220613",
    "GeneralPolarity": "0",
    "Aspects": [
      {
        "Aspect": "소음",
        "SentimentText": "작동시 소음이 적고 조용해서 좋습니다.",
        "SentimentWord": "5",
        "SentimentPolarity": "1"
      },
      {
        "Aspect": "편의성",
        "SentimentText": " 다만 물통 뚜껑을 열고 닫기가 부드럽지 못해서 불편해요ㅜ",
        "SentimentWord": "8",
        "SentimentPolarity": "-1"
      }
    ]
  },
  {
    "Index": "42734",
    "RawText": "가성비 너무 맘에 들어요~~ 소음은 좀 커서 아쉽지만 사용하는데는 괜찮아요~제습기는 OOO가 좋다고 해서 구매했는데 역시나 만족합니다!",
    "Source": "쇼핑몰",
    "Domain": "가전",
    "MainCategory": "계절가전",
    "ProductName": "뽀송 위닉스 DN2H160-IWK",
    "ReviewScore": "5",
    "Syllable": "75",
    "Word": "16",
    "RDate": "20220802",
    "GeneralPolarity": "1",
    "Aspects": [
      {
        "Aspect": "가격",
        "SentimentText": "가성비 너무 맘에 들어요~~",
        "SentimentWord": "4",
        "SentimentPolarity": "1"
      },
      {
        "Aspect": "소음",
        "SentimentText": "소음은 좀 커서 아쉽지만 사용하는데는 괜찮아요",
        "SentimentWord": "6",
        "SentimentPolarity": "0"
      },
      {
        "Aspect": "제조일/제조사",
        "SentimentText": "제습기는 OOO가 좋다고 해서 구매했는데 역시나 만족합니다!",
        "SentimentWord": "7",
        "SentimentPolarity": "1"
      }
    ]
  },
  {
    "Index": "42735",
    "RawText": "생각보다 무게감이 있어 무겁고 소재도 플라스틱이라 약해보이네요 ",
    "Source": "쇼핑몰",
    "Domain": "가전",
    "MainCategory": "계절가전",
    "ProductName": "뽀송 위닉스 DN2H160-IWK",
    "ReviewScore": "5",
    "Syllable": "35",
    "Word": "7",
    "RDate": "20220427",
    "GeneralPolarity": "-1",
    "Aspects": [
      {
        "Aspect": "무게",
        "SentimentText": "생각보다 무게감이 있어 무겁고",
        "SentimentWord": "4",
        "SentimentPolarity": "-1"
      },
      {
        "Aspect": "소재",
        "SentimentText": "소재도 플라스틱이라 약해보이네요",
        "SentimentWord": "3",
        "SentimentPolarity": "-1"
      }
    ]
  },
  {
    "Index": "42736",
    "RawText": "OOO브랜드 믿고 사용하는데 역시 좋네요~~ 제습능력도 엄청 좋아서 여름철, 장마철 돌리는데 금방 습도도 잡히네요",
    "Source": "쇼핑몰",
    "Domain": "가전",
    "MainCategory": "계절가전",
    "ProductName": "뽀송 위닉스 DN2H160-IWK",
    "ReviewScore": "4",
    "Syllable": "63",
    "Word": "14",
    "RDate": "20220818",
    "GeneralPolarity": "1",
    "Aspects": [
      {
        "Aspect": "제조일/제조사",
        "SentimentText": "OOO브랜드 믿고 사용하는데 역시 좋네요~~",
        "SentimentWord": "5",
        "SentimentPolarity": "1"
      },
      {
        "Aspect": "기능",
        "SentimentText": "제습능력도 엄청 좋아서 여름철, 장마철 돌리는데 금방 습도도 잡히네요",
        "SentimentWord": "9",
        "SentimentPolarity": "1"
      }
    ]
  },
  {
    "Index": "42737",
    "RawText": "생각보다 소음이 크지 않아서 맘에 들어요~ 성능이 좋고 제습도 잘되서 만족합니다.",
    "Source": "쇼핑몰",
    "Domain": "가전",
    "MainCategory": "계절가전",
    "ProductName": "뽀송 위닉스 DN2H160-IWK",
    "ReviewScore": "5",
    "Syllable": "45",
    "Word": "11",
    "RDate": "20220630",
    "GeneralPolarity": "1",
    "Aspects": [
      {
        "Aspect": "소음",
        "SentimentText": "생각보다 소음이 크지 않아서 맘에 들어요~ ",
        "SentimentWord": "6",
        "SentimentPolarity": "1"
      },
      {
        "Aspect": "기능",
        "SentimentText": "성능이 좋고 제습도 잘되서 만족합니다.",
        "SentimentWord": "5",
        "SentimentPolarity": "1"
      }
    ]
  },
  {
    "Index": "42738",
    "RawText": "가성비 너무 좋아요!!!! 소음은 작은 편이예요~ 거슬리지 않고 괜찮네요",
    "Source": "쇼핑몰",
    "Domain": "가전",
    "MainCategory": "계절가전",
    "ProductName": "뽀송 위닉스 DN2H160-IWK",
    "ReviewScore": "4",
    "Syllable": "40",
    "Word": "9",
    "RDate": "20220317",
    "GeneralPolarity": "1",
    "Aspects": [
      {
        "Aspect": "가격",
        "SentimentText": "가성비 너무 좋아요!!!!",
        "SentimentWord": "3",
        "SentimentPolarity": "1"
      },
      {
        "Aspect": "소음",
        "SentimentText": "소음은 작은 편이예요~ 거슬리지 않고 괜찮네요",
        "SentimentWord": "6",
        "SentimentPolarity": "1"
      }
    ]
  },
  {
    "Index": "42740",
    "RawText": "일일 제습량이 높아서 습기 많은 집인데도 하루도 안되서 금방 물이 차고 집도 쾌적해졌어요 물통용량도 적당하고 딱 맘에 듭니다!",
    "Source": "쇼핑몰",
    "Domain": "가전",
    "MainCategory": "계절가전",
    "ProductName": "뽀송 위닉스 DN2H160-IWK",
    "ReviewScore": "5",
    "Syllable": "70",
    "Word": "18",
    "RDate": "20220627",
    "GeneralPolarity": "1",
    "Aspects": [
      {
        "Aspect": "기능",
        "SentimentText": " 일일 제습량이 높아서 습기 많은 집인데도 하루도 안되서 금방 물이 차고 집도 쾌적해졌어요",
        "SentimentWord": "13",
        "SentimentPolarity": "1"
      },
      {
        "Aspect": "용량",
        "SentimentText": "물통용량도 적당하고 딱 맘에 듭니다!",
        "SentimentWord": "5",
        "SentimentPolarity": "1"
      }
    ]
  },
  {
    "Index": "42742",
    "RawText": "제습기 바람이 안덥고 시원한 바람이 나오는거같아 좋아요. 그런데 소음은 엄청 커서 티비 소리가 안들려요ㅜ 그래도 만족하며 몇번씩 켜고 끄고 하는데 전기세가 많이 나올까봐 걱정되네요...",
    "Source": "쇼핑몰",
    "Domain": "가전",
    "MainCategory": "계절가전",
    "ProductName": "뽀송 위닉스 DN2H160-IWK",
    "ReviewScore": "4",
    "Syllable": "103",
    "Word": "24",
    "RDate": "20220522",
    "GeneralPolarity": "0",
    "Aspects": [
      {
        "Aspect": "기능",
        "SentimentText": "제습기 바람이 안덥고 시원한 바람이 나오는거같아 좋아요. ",
        "SentimentWord": "7",
        "SentimentPolarity": "1"
      },
      {
        "Aspect": "소음",
        "SentimentText": "그런데 소음은 엄청 커서 티비 소리가 안들려요ㅜ",
        "SentimentWord": "7",
        "SentimentPolarity": "-1"
      },
      {
        "Aspect": "소비전력",
        "SentimentText": "그래도 만족하며 몇번씩 켜고 끄고 하는데 전기세가 많이 나올까봐 걱정되네요...",
        "SentimentWord": "10",
        "SentimentPolarity": "0"
      }
    ]
  },
  {
    "Index": "42743",
    "RawText": "000 제습기 추천받고 사용하는데 장마철 꿉꿉함이  제습되서  습한 공간이 보송하니 너무 좋아요^^ 소음도 적어서 아주 만족스러워요. 좋은 제품을 저렴한 가격으로 구매해서 좋아요.추천해요^^",
    "Source": "쇼핑몰",
    "Domain": "가전",
    "MainCategory": "계절가전",
    "ProductName": "뽀송 위닉스 DN2H160-IWK",
    "ReviewScore": "5",
    "Syllable": "106",
    "Word": "22",
    "RDate": "20220726",
    "GeneralPolarity": "1",
    "Aspects": [
      {
        "Aspect": "기능",
        "SentimentText": "000 제습기 추천받고 사용하는데 장마철 꿉꿉함이  제습되서  습한 공간이 보송하니 너무 좋아요^^",
        "SentimentWord": "12",
        "SentimentPolarity": "1"
      },
      {
        "Aspect": "소음",
        "SentimentText": "소음도 적어서 아주 만족스러워요. ",
        "SentimentWord": "4",
        "SentimentPolarity": "1"
      },
      {
        "Aspect": "가격",
        "SentimentText": " 좋은 제품을 저렴한 가격으로 구매해서 좋아요.추천해요^^",
        "SentimentWord": "6",
        "SentimentPolarity": "1"
      }
    ]
  },
  {
    "Index": "42744",
    "RawText": "제습력이 좋아서 물통에 물이 차는걸보니 신기하고 좋아요.  바퀴로 이동하기 편해서 꿉꿉한 장마철에 필요한 곳에서 사용하기 실용적이네요^^",
    "Source": "쇼핑몰",
    "Domain": "가전",
    "MainCategory": "계절가전",
    "ProductName": "뽀송 위닉스 DN2H160-IWK",
    "ReviewScore": "4",
    "Syllable": "76",
    "Word": "16",
    "RDate": "20220621",
    "GeneralPolarity": "1",
    "Aspects": [
      {
        "Aspect": "기능",
        "SentimentText": "제습력이 좋아서 물통에 물이 차는걸보니 신기하고 좋아요. ",
        "SentimentWord": "7",
        "SentimentPolarity": "1"
      },
      {
        "Aspect": "편의성",
        "SentimentText": "바퀴로 이동하기 편해서 꿉꿉한 장마철에 필요한 곳에서 사용하기 실용적이네요^^",
        "SentimentWord": "9",
        "SentimentPolarity": "1"
      }
    ]
  },
  {
    "Index": "42745",
    "RawText": "소음은 생각했던 것보다 시끄럽네요 ㅠ 소재도 전부 다 플라스틱이라 약해보여 아쉽네요",
    "Source": "쇼핑몰",
    "Domain": "가전",
    "MainCategory": "계절가전",
    "ProductName": "뽀송 위닉스 DN2H160-IWK",
    "ReviewScore": "4",
    "Syllable": "46",
    "Word": "11",
    "RDate": "20220317",
    "GeneralPolarity": "-1",
    "Aspects": [
      {
        "Aspect": "소음",
        "SentimentText": "소음은 생각했던 것보다 시끄럽네요 ㅠ",
        "SentimentWord": "5",
        "SentimentPolarity": "-1"
      },
      {
        "Aspect": "소재",
        "SentimentText": "소재도 전부 다 플라스틱이라 약해보여 아쉽네요",
        "SentimentWord": "6",
        "SentimentPolarity": "-1"
      }
    ]
  },
  {
    "Index": "42746",
    "RawText": "타임 세일할때 아주 저렴한 가격으로 제품 구입했어요.. 가성비에 상당히 만족합니다..  작동시켜보니 조작부 LED 화면 사이즈가 큼직해서 보기 편해서 좋아요..  다만 기본 무게 생각보다 아주 무거워서 좀 불편하고 아쉽네요. ㅜ",
    "Source": "쇼핑몰",
    "Domain": "가전",
    "MainCategory": "계절가전",
    "ProductName": "뽀송 위닉스 DN2H160-IWK",
    "ReviewScore": "4",
    "Syllable": "127",
    "Word": "29",
    "RDate": "20220819",
    "GeneralPolarity": "0",
    "Aspects": [
      {
        "Aspect": "가격",
        "SentimentText": "타임 세일할때 아주 저렴한 가격으로 제품 구입했어요.. 가성비에 상당히 만족합니다.. ",
        "SentimentWord": "10",
        "SentimentPolarity": "1"
      },
      {
        "Aspect": "사이즈",
        "SentimentText": "작동시켜보니 조작부 LED 화면 사이즈가 큼직해서 보기 편해서 좋아요.. ",
        "SentimentWord": "9",
        "SentimentPolarity": "1"
      },
      {
        "Aspect": "무게",
        "SentimentText": "다만 기본 무게 생각보다 아주 무거워서 좀 불편하고 아쉽네요. ㅜ",
        "SentimentWord": "10",
        "SentimentPolarity": "-1"
      }
    ]
  },
  {
    "Index": "42747",
    "RawText": "금방 습도도 잡히고 의류집중건조기능도 있어 빨래도 금방 마르고 신기하네요.. 공기정화기능도 같이 작동하니 쾌적하고 뽀송해졌어요~ 소리도 생각보다 크지 않아 좋아요~",
    "Source": "쇼핑몰",
    "Domain": "가전",
    "MainCategory": "계절가전",
    "ProductName": "뽀송 위닉스 DN2H160-IWK",
    "ReviewScore": "4",
    "Syllable": "91",
    "Word": "19",
    "RDate": "20220818",
    "GeneralPolarity": "1",
    "Aspects": [
      {
        "Aspect": "기능",
        "SentimentText": "금방 습도도 잡히고 의류집중건조기능도 있어 빨래도 금방 마르고 신기하네요.. 공기정화기능도 같이 작동하니 쾌적하고 뽀송해졌어요~",
        "SentimentWord": "14",
        "SentimentPolarity": "1"
      },
      {
        "Aspect": "소음",
        "SentimentText": "소리도 생각보다 크지 않아 좋아요~ ",
        "SentimentWord": "5",
        "SentimentPolarity": "1"
      }
    ]
  },
  {
    "Index": "42748",
    "RawText": "소음이 약간 나지만 거슬리진 않아요. 제습기 사이즈도 작지 않고 적당해서 맘에 들어요~~~",
    "Source": "쇼핑몰",
    "Domain": "가전",
    "MainCategory": "계절가전",
    "ProductName": "뽀송 위닉스 DN2H160-IWK",
    "ReviewScore": "5",
    "Syllable": "50",
    "Word": "12",
    "RDate": "20220530",
    "GeneralPolarity": "1",
    "Aspects": [
      {
        "Aspect": "소음",
        "SentimentText": "소음이 약간 나지만 거슬리진 않아요.",
        "SentimentWord": "5",
        "SentimentPolarity": "1"
      },
      {
        "Aspect": "사이즈",
        "SentimentText": "제습기 사이즈도 작지 않고 적당해서 맘에 들어요~~~",
        "SentimentWord": "7",
        "SentimentPolarity": "1"
      }
    ]
  }
]