[
  {
    "Index": "8328",
    "RawText": "설치간편하고 실외기없어서 좋았어요 성능도 엄청좋아요~",
    "Source": "SNS",
    "Domain": "가전",
    "MainCategory": "계절가전",
    "ProductName": "(TV_방송중) 2021년형 파세코 1등급 듀얼 인버터 창문형 에어컨",
    "ReviewScore": "100",
    "Syllable": "29",
    "Word": "5",
    "RDate": "20220116",
    "GeneralPolarity": "1",
    "Aspects": [
      {
        "Aspect": "조작성",
        "SentimentText": "설치간편하고 ",
        "SentimentWord": "1",
        "SentimentPolarity": "1"
      },
      {
        "Aspect": "편의성",
        "SentimentText": "실외기없어서 좋았어요",
        "SentimentWord": "2",
        "SentimentPolarity": "1"
      },
      {
        "Aspect": "기능",
        "SentimentText": "성능도 엄청좋아요~",
        "SentimentWord": "2",
        "SentimentPolarity": "1"
      }
    ]
  },
  {
    "Index": "8329",
    "RawText": "설치까지 잘했고 시원한데    배수 호수가 없네요  상품평을 봤을때  배수 호수 얘기가 없어  같이 오는줄 알았는데  없네요  동봉된 설명서를 보니 별도 판매로 안내되 있네요  참고하시라 글 남겨봅니다",
    "Source": "SNS",
    "Domain": "가전",
    "MainCategory": "계절가전",
    "ProductName": "(TV_방송중) 2021년형 파세코 1등급 듀얼 인버터 창문형 에어컨",
    "ReviewScore": "100",
    "Syllable": "112",
    "Word": "26",
    "RDate": "20210808",
    "GeneralPolarity": "0",
    "Aspects": [
      {
        "Aspect": "조작성",
        "SentimentText": "설치까지 잘했고 시원한데   ",
        "SentimentWord": "3",
        "SentimentPolarity": "1"
      },
      {
        "Aspect": "기능",
        "SentimentText": " 시원한데 ",
        "SentimentWord": "1",
        "SentimentPolarity": "1"
      },
      {
        "Aspect": "제품구성",
        "SentimentText": "상품평을 봤을때  배수 호수 얘기가 없어  같이 오는줄 알았는데  없네요 ",
        "SentimentWord": "10",
        "SentimentPolarity": "-1"
      }
    ]
  },
  {
    "Index": "8330",
    "RawText": "설치하기도 쉽고 바람이 시원하네요 소음도 생각한거보다 작아서 잘때도 크게 안거슬릴것 같아요 넘 맘에 들어요",
    "Source": "SNS",
    "Domain": "가전",
    "MainCategory": "계절가전",
    "ProductName": "(TV_방송중) 2021년형 파세코 1등급 듀얼 인버터 창문형 에어컨",
    "ReviewScore": "100",
    "Syllable": "59",
    "Word": "14",
    "RDate": "20210721",
    "GeneralPolarity": "1",
    "Aspects": [
      {
        "Aspect": "조작성",
        "SentimentText": "설치하기도 쉽고 ",
        "SentimentWord": "2",
        "SentimentPolarity": "1"
      },
      {
        "Aspect": "기능",
        "SentimentText": "바람이 시원하네요",
        "SentimentWord": "2",
        "SentimentPolarity": "1"
      },
      {
        "Aspect": "소음",
        "SentimentText": "소음도 생각한거보다 작아서 잘때도 크게 안거슬릴것 같아요 넘 맘에 들어요",
        "SentimentWord": "10",
        "SentimentPolarity": "1"
      }
    ]
  },
  {
    "Index": "8331",
    "RawText": "시골 시댁에 설치해드렸는데 다음날부터 시원해져서 이제 사용할 일은 없지만 ㅠ 성능은 만족합니다 내년에 써야죠 제품 설치설명서가 안와서 인터넷 보고 하느라 애먹긴했지만 한시간 안쪽으로 설치는 가능하네요",
    "Source": "SNS",
    "Domain": "가전",
    "MainCategory": "계절가전",
    "ProductName": "(TV_방송중) 2021년형 파세코 1등급 듀얼 인버터 창문형 에어컨",
    "ReviewScore": "100",
    "Syllable": "111",
    "Word": "25",
    "RDate": "20210825",
    "GeneralPolarity": "0",
    "Aspects": [
      {
        "Aspect": "기능",
        "SentimentText": "성능은 만족합니다",
        "SentimentWord": "2",
        "SentimentPolarity": "1"
      },
      {
        "Aspect": "제품구성",
        "SentimentText": "제품 설치설명서가 안와서 인터넷 보고 하느라 애먹긴했지만",
        "SentimentWord": "7",
        "SentimentPolarity": "-1"
      },
      {
        "Aspect": "조작성",
        "SentimentText": " 한시간 안쪽으로 설치는 가능하네요",
        "SentimentWord": "4",
        "SentimentPolarity": "0"
      }
    ]
  },
  {
    "Index": "8332",
    "RawText": "적년에도 샀는데 올해것이 더 조용하고 설치도 쉽네요...",
    "Source": "SNS",
    "Domain": "가전",
    "MainCategory": "계절가전",
    "ProductName": "(TV_방송중) 2021년형 파세코 1등급 듀얼 인버터 창문형 에어컨",
    "ReviewScore": "100",
    "Syllable": "31",
    "Word": "7",
    "RDate": "20210722",
    "GeneralPolarity": "1",
    "Aspects": [
      {
        "Aspect": "소음",
        "SentimentText": "적년에도 샀는데 올해것이 더 조용하고",
        "SentimentWord": "5",
        "SentimentPolarity": "1"
      },
      {
        "Aspect": "조작성",
        "SentimentText": "설치도 쉽네요...",
        "SentimentWord": "2",
        "SentimentPolarity": "1"
      }
    ]
  },
  {
    "Index": "8333",
    "RawText": "고등학생 아이방에 간편하게 설치해주니 너무 좋네요. 시원하고 소음도 괜찮아요.",
    "Source": "SNS",
    "Domain": "가전",
    "MainCategory": "계절가전",
    "ProductName": "(TV_방송중) 파세코 인버터 창문형 에어컨 시즌3 1등급 mini PWA-M3100WG",
    "ReviewScore": "100",
    "Syllable": "43",
    "Word": "9",
    "RDate": "20210820",
    "GeneralPolarity": "1",
    "Aspects": [
      {
        "Aspect": "기능",
        "SentimentText": "고등학생 아이방에 간편하게 설치해주니 너무 좋네요. 시원하고",
        "SentimentWord": "7",
        "SentimentPolarity": "1"
      },
      {
        "Aspect": "소음",
        "SentimentText": "소음도 괜찮아요.",
        "SentimentWord": "2",
        "SentimentPolarity": "0"
      }
    ]
  },
  {
    "Index": "8334",
    "RawText": "가격 좋습니다 다만 혼자 설치는 조금 쉽지가 않았네요 잘 쓰겠습니다",
    "Source": "SNS",
    "Domain": "가전",
    "MainCategory": "계절가전",
    "ProductName": "(TV_방송중혜택) 2020년 파세코 1등급 인버터 창문형 에어컨 PWA-3200WN",
    "ReviewScore": "100",
    "Syllable": "37",
    "Word": "10",
    "RDate": "20200519",
    "GeneralPolarity": "0",
    "Aspects": [
      {
        "Aspect": "가격",
        "SentimentText": "가격 좋습니다 ",
        "SentimentWord": "2",
        "SentimentPolarity": "1"
      },
      {
        "Aspect": "조작성",
        "SentimentText": "다만 혼자 설치는 조금 쉽지가 않았네요",
        "SentimentWord": "6",
        "SentimentPolarity": "-1"
      }
    ]
  },
  {
    "Index": "8335",
    "RawText": "미리 준비해서 편안하게 사용하고 있답니다 냉방능력좋고 설치간편해서 굿입니다",
    "Source": "SNS",
    "Domain": "가전",
    "MainCategory": "계절가전",
    "ProductName": "(TV_방송중혜택) 2020년 파세코 1등급 인버터 창문형 에어컨 PWA-3200WN",
    "ReviewScore": "100",
    "Syllable": "41",
    "Word": "8",
    "RDate": "20200609",
    "GeneralPolarity": "1",
    "Aspects": [
      {
        "Aspect": "기능",
        "SentimentText": "냉방능력좋고",
        "SentimentWord": "1",
        "SentimentPolarity": "1"
      },
      {
        "Aspect": "조작성",
        "SentimentText": "설치간편해서 굿입니다",
        "SentimentWord": "2",
        "SentimentPolarity": "1"
      }
    ]
  },
  {
    "Index": "8336",
    "RawText": "배송 빠르고 물건이야 품질이 원래 좋은것 알았고 모두 만족    그런데 브라켓이 설치하는데 어렵네요",
    "Source": "SNS",
    "Domain": "가전",
    "MainCategory": "계절가전",
    "ProductName": "(TV_방송중혜택) 2020년 파세코 1등급 인버터 창문형 에어컨 PWA-3200WN",
    "ReviewScore": "100",
    "Syllable": "55",
    "Word": "13",
    "RDate": "20200601",
    "Aspects": [
      {
        "Aspect": "품질",
        "SentimentText": "물건이야 품질이 원래 좋은것 알았고 모두 만족  ",
        "SentimentWord": "7",
        "SentimentPolarity": "1"
      },
      {
        "Aspect": "조작성",
        "SentimentText": "브라켓이 설치하는데 어렵네요",
        "SentimentWord": "3",
        "SentimentPolarity": "-1"
      }
    ]
  },
  {
    "Index": "8337",
    "RawText": "배송은 예상보다 조금 걸렸지만 더워지기 전에 와서 괜찮았습니다. 설치는 유튜브 동영상 보고 쉽게 했구요, 소음도 걱정했던거보다 작아서 만족합니다!  한번 작동해보니 금방 시원해지고 좋아요! 잘 쓸게요!",
    "Source": "SNS",
    "Domain": "가전",
    "MainCategory": "계절가전",
    "ProductName": "(TV_방송중혜택) 2020년 파세코 1등급 인버터 창문형 에어컨 PWA-3200WN",
    "ReviewScore": "100",
    "Syllable": "112",
    "Word": "25",
    "RDate": "20200619",
    "Aspects": [
      {
        "Aspect": "조작성",
        "SentimentText": "설치는 유튜브 동영상 보고 쉽게 했구요, ",
        "SentimentWord": "6",
        "SentimentPolarity": "1"
      },
      {
        "Aspect": "소음",
        "SentimentText": "소음도 걱정했던거보다 작아서 만족합니다!  ",
        "SentimentWord": "4",
        "SentimentPolarity": "1"
      },
      {
        "Aspect": "기능",
        "SentimentText": "한번 작동해보니 금방 시원해지고 좋아요!",
        "SentimentWord": "5",
        "SentimentPolarity": "1"
      }
    ]
  },
  {
    "Index": "8338",
    "RawText": "상품 잘 받았습니다 샷시가 옛날꺼라 앞틀이 얇아서 설치 하는데 힘든거 빼고는 성능은 만족 합니다",
    "Source": "SNS",
    "Domain": "가전",
    "MainCategory": "계절가전",
    "ProductName": "(TV_방송중혜택) 2020년 파세코 1등급 인버터 창문형 에어컨 PWA-3200WN",
    "ReviewScore": "100",
    "Syllable": "53",
    "Word": "14",
    "RDate": "20200601",
    "GeneralPolarity": "0",
    "Aspects": [
      {
        "Aspect": "조작성",
        "SentimentText": "샷시가 옛날꺼라 앞틀이 얇아서 설치 하는데 힘든거",
        "SentimentWord": "7",
        "SentimentPolarity": "-1"
      },
      {
        "Aspect": "기능",
        "SentimentText": "성능은 만족 합니다",
        "SentimentWord": "3",
        "SentimentPolarity": "1"
      }
    ]
  },
  {
    "Index": "8339",
    "RawText": "상품이 너무큽니다 앞으로 많이 튀어나와 조금 불편합니다 다만 시원한 바람이 나와 성능면에서는 만족합니다.",
    "Source": "SNS",
    "Domain": "가전",
    "MainCategory": "계절가전",
    "ProductName": "(TV_방송중혜택) 2020년 파세코 1등급 인버터 창문형 에어컨 PWA-3200WN",
    "ReviewScore": "80",
    "Syllable": "58",
    "Word": "13",
    "RDate": "20200528",
    "GeneralPolarity": "0",
    "Aspects": [
      {
        "Aspect": "사이즈",
        "SentimentText": "상품이 너무큽니다 앞으로 많이 튀어나와 조금 불편합니다",
        "SentimentWord": "7",
        "SentimentPolarity": "-1"
      },
      {
        "Aspect": "기능",
        "SentimentText": "다만 시원한 바람이 나와 성능면에서는 만족합니다.",
        "SentimentWord": "6",
        "SentimentPolarity": "1"
      }
    ]
  },
  {
    "Index": "8340",
    "RawText": "설치도 쉽고 인버터 기능에 제습기능까지 너므너무 맘에 들어요 . 잘쓸게요",
    "Source": "SNS",
    "Domain": "가전",
    "MainCategory": "계절가전",
    "ProductName": "(TV_방송중혜택) 2020년 파세코 1등급 인버터 창문형 에어컨 PWA-3200WN",
    "ReviewScore": "100",
    "Syllable": "40",
    "Word": "10",
    "RDate": "20200527",
    "Aspects": [
      {
        "Aspect": "조작성",
        "SentimentText": "설치도 쉽고",
        "SentimentWord": "2",
        "SentimentPolarity": "1"
      },
      {
        "Aspect": "기능",
        "SentimentText": " 인버터 기능에 제습기능까지 너므너무 맘에 들어요 . ",
        "SentimentWord": "7",
        "SentimentPolarity": "1"
      }
    ]
  },
  {
    "Index": "8341",
    "RawText": "설치간단하고  새벽에는 약간 신경쓰이는정도고 금방 시원해지고  좋아보이네요",
    "Source": "SNS",
    "Domain": "가전",
    "MainCategory": "계절가전",
    "ProductName": "(TV_방송중혜택) 2020년 파세코 1등급 인버터 창문형 에어컨 PWA-3200WN",
    "ReviewScore": "100",
    "Syllable": "41",
    "Word": "7",
    "RDate": "20200509",
    "GeneralPolarity": "1",
    "Aspects": [
      {
        "Aspect": "조작성",
        "SentimentText": "설치간단하고 ",
        "SentimentWord": "1",
        "SentimentPolarity": "1"
      },
      {
        "Aspect": "기능",
        "SentimentText": "금방 시원해지고  좋아보이네요",
        "SentimentWord": "3",
        "SentimentPolarity": "1"
      }
    ]
  },
  {
    "Index": "8342",
    "RawText": "설치도 쉽고 인버터 기능에 제습기능까지 너무너무 맘에 들어요 . 잘쓸게요",
    "Source": "SNS",
    "Domain": "가전",
    "MainCategory": "계절가전",
    "ProductName": "(TV_방송중혜택) 2020년 파세코 1등급 인버터 창문형 에어컨 PWA-3200WN",
    "ReviewScore": "100",
    "Syllable": "40",
    "Word": "10",
    "RDate": "20200527",
    "GeneralPolarity": "1",
    "Aspects": [
      {
        "Aspect": "조작성",
        "SentimentText": "설치도 쉽고",
        "SentimentWord": "2",
        "SentimentPolarity": "1"
      },
      {
        "Aspect": "기능",
        "SentimentText": " 인버터 기능에 제습기능까지 너무너무 맘에 들어요 . ",
        "SentimentWord": "7",
        "SentimentPolarity": "1"
      }
    ]
  },
  {
    "Index": "8343",
    "RawText": "시원해요 무겁긴해도 조립은 괜찮았어요~!  창틀길이 잘 보구 사여할듯용",
    "Source": "SNS",
    "Domain": "가전",
    "MainCategory": "계절가전",
    "ProductName": "(TV_방송중혜택) 2020년 파세코 1등급 인버터 창문형 에어컨 PWA-3200WN",
    "ReviewScore": "80",
    "Syllable": "39",
    "Word": "8",
    "RDate": "20200613",
    "GeneralPolarity": "0",
    "Aspects": [
      {
        "Aspect": "기능",
        "SentimentText": "시원해요 ",
        "SentimentWord": "1",
        "SentimentPolarity": "1"
      },
      {
        "Aspect": "조작성",
        "SentimentText": "무겁긴해도 조립은 괜찮았어요~! ",
        "SentimentWord": "3",
        "SentimentPolarity": "0"
      }
    ]
  },
  {
    "Index": "8344",
    "RawText": "신중한구매하세요! 특히 주말요. 구매하고 상품준비중인데 취소가 안된다네요 제품 설치하는데 혼자서 애를 먹었어요 소음도 너무 시끄러워서 정말 비추입니다",
    "Source": "SNS",
    "Domain": "가전",
    "MainCategory": "계절가전",
    "ProductName": "(TV_방송중혜택) 2020년 파세코 1등급 인버터 창문형 에어컨 PWA-3200WN",
    "ReviewScore": "100",
    "Syllable": "83",
    "Word": "17",
    "RDate": "20200524",
    "Aspects": [
      {
        "Aspect": "조작성",
        "SentimentText": "제품 설치하는데 혼자서 애를 먹었어요",
        "SentimentWord": "5",
        "SentimentPolarity": "-1"
      },
      {
        "Aspect": "소음",
        "SentimentText": "소음도 너무 시끄러워서 정말 비추입니다",
        "SentimentWord": "5",
        "SentimentPolarity": "-1"
      }
    ]
  },
  {
    "Index": "8345",
    "RawText": "실외기가 외부에 설치안되다보니 선택하게되었는데요. 정말 마음에 듭니다. 생각보다 소음이 크지도 않고 아주 시원합니다. 정말 획기적인 상품이에요! 으뜸효율가전환급도 받을 수 있어 좋아요^^",
    "Source": "SNS",
    "Domain": "가전",
    "MainCategory": "계절가전",
    "ProductName": "(TV_방송중혜택) 2020년 파세코 1등급 인버터 창문형 에어컨 PWA-3200WN",
    "ReviewScore": "100",
    "Syllable": "104",
    "Word": "21",
    "RDate": "20200624",
    "GeneralPolarity": "1",
    "Aspects": [
      {
        "Aspect": "소음",
        "SentimentText": "생각보다 소음이 크지도 않고",
        "SentimentWord": "4",
        "SentimentPolarity": "1"
      },
      {
        "Aspect": "기능",
        "SentimentText": " 아주 시원합니다. ",
        "SentimentWord": "2",
        "SentimentPolarity": "1"
      },
      {
        "Aspect": "소비전력",
        "SentimentText": "으뜸효율가전환급도 받을 수 있어 좋아요^^",
        "SentimentWord": "5",
        "SentimentPolarity": "1"
      }
    ]
  },
  {
    "Index": "8346",
    "RawText": "실외기일체형에 소음없고 에어컨이예요ㅎ 똑같아요ㅎ 복도형인데 사용하기 편리해서 만족해요",
    "Source": "SNS",
    "Domain": "가전",
    "MainCategory": "계절가전",
    "ProductName": "(TV_방송중혜택) 2020년 파세코 1등급 인버터 창문형 에어컨 PWA-3200WN",
    "ReviewScore": "100",
    "Syllable": "47",
    "Word": "8",
    "RDate": "20200526",
    "GeneralPolarity": "1",
    "Aspects": [
      {
        "Aspect": "소음",
        "SentimentText": "실외기일체형에 소음없고 에어컨이예요ㅎ",
        "SentimentWord": "3",
        "SentimentPolarity": "1"
      },
      {
        "Aspect": "편의성",
        "SentimentText": "복도형인데 사용하기 편리해서 만족해요",
        "SentimentWord": "4",
        "SentimentPolarity": "1"
      }
    ]
  },
  {
    "Index": "8347",
    "RawText": "에어컨 성능이 좋습니다 설치도 어렵지 않아요 올여름은 시원하게 살겠어요~~",
    "Source": "SNS",
    "Domain": "가전",
    "MainCategory": "계절가전",
    "ProductName": "(TV_방송중혜택) 2020년 파세코 1등급 인버터 창문형 에어컨 PWA-3200WN",
    "ReviewScore": "90",
    "Syllable": "41",
    "Word": "9",
    "RDate": "20200616",
    "GeneralPolarity": "1",
    "Aspects": [
      {
        "Aspect": "기능",
        "SentimentText": "에어컨 성능이 좋습니다",
        "SentimentWord": "3",
        "SentimentPolarity": "1"
      },
      {
        "Aspect": "조작성",
        "SentimentText": "설치도 어렵지 않아요 올여름은 시원하게 살겠어요~~",
        "SentimentWord": "6",
        "SentimentPolarity": "1"
      }
    ]
  },
  {
    "Index": "8348",
    "RawText": "좀 시끄럽긴합니다 일정범위가 시원해지려면 생각보단 오래걸려요",
    "Source": "SNS",
    "Domain": "가전",
    "MainCategory": "계절가전",
    "ProductName": "(TV_방송중혜택) 2020년 파세코 1등급 인버터 창문형 에어컨 PWA-3200WN",
    "ReviewScore": "100",
    "Syllable": "33",
    "Word": "6",
    "RDate": "20200618",
    "GeneralPolarity": "-1",
    "Aspects": [
      {
        "Aspect": "소음",
        "SentimentText": "좀 시끄럽긴합니다",
        "SentimentWord": "2",
        "SentimentPolarity": "-1"
      },
      {
        "Aspect": "기능",
        "SentimentText": "일정범위가 시원해지려면 생각보단 오래걸려요",
        "SentimentWord": "4",
        "SentimentPolarity": "-1"
      }
    ]
  },
  {
    "Index": "8349",
    "RawText": "괜히 손해보고 비싸게사서 썩좋지않네요 다른곳에서살걸 후회됩니다. 모델이 옛날 모델이라 그 부분은 마음에 안드네요ㅠㅠ",
    "Source": "SNS",
    "Domain": "가전",
    "MainCategory": "계절가전",
    "ProductName": "(TV_방송중혜택) 2020년 파세코 1등급 인버터 창문형 에어컨 PWA-3200WN",
    "ReviewScore": "100",
    "Syllable": "64",
    "Word": "13",
    "RDate": "20200527",
    "Aspects": [
      {
        "Aspect": "제조일/제조사",
        "SentimentText": "모델이 옛날 모델이라 그 부분은 마음에 안드네요ㅠㅠ",
        "SentimentWord": "7",
        "SentimentPolarity": "-1"
      },
      {
        "Aspect": "가격",
        "SentimentText": " 괜히 손해보고 비싸게사서 썩좋지않네요 다른곳에서살걸 후회됩니다.",
        "SentimentWord": "6",
        "SentimentPolarity": "-1"
      }
    ]
  },
  {
    "Index": "8350",
    "RawText": "배송도빠르고 에너지 소율효율1등급이라 걱정없이 사용해요 성능도좋은것같아올여름은시원하게보낼거같아요사업번창하세요~~~",
    "Source": "SNS",
    "Domain": "가전",
    "MainCategory": "계절가전",
    "ProductName": "(TV_방송중혜택) 파세코 1등급 인버터 창문형 에어컨 PWA-3250WN",
    "ReviewScore": "100",
    "Syllable": "63",
    "Word": "6",
    "RDate": "20210504",
    "Aspects": [
      {
        "Aspect": "소비전력",
        "SentimentText": "에너지 소율효율1등급이라 걱정없이 사용해요",
        "SentimentWord": "4",
        "SentimentPolarity": "1"
      },
      {
        "Aspect": "기능",
        "SentimentText": "성능도좋은것같아올여름은시원하게보낼거같아요",
        "SentimentWord": "1",
        "SentimentPolarity": "1"
      }
    ]
  },
  {
    "Index": "8351",
    "RawText": "생각보다 소음도작고 시원하고 설치도그리어렵지않아서여자혼자 설치해도오래걸리지않아요      디자인도 마음에듭니다",
    "Source": "SNS",
    "Domain": "가전",
    "MainCategory": "계절가전",
    "ProductName": "(TV_상시) 2021년형 파세코 1등급 듀얼 인버터 창문형 에어컨",
    "ReviewScore": "100",
    "Syllable": "61",
    "Word": "7",
    "RDate": "20210805",
    "GeneralPolarity": "1",
    "Aspects": [
      {
        "Aspect": "소음",
        "SentimentText": "생각보다 소음도작고 ",
        "SentimentWord": "2",
        "SentimentPolarity": "1"
      },
      {
        "Aspect": "기능",
        "SentimentText": "시원하고 ",
        "SentimentWord": "1",
        "SentimentPolarity": "1"
      },
      {
        "Aspect": "조작성",
        "SentimentText": " 설치도그리어렵지않아서여자혼자 설치해도오래걸리지않아요",
        "SentimentWord": "2",
        "SentimentPolarity": "1"
      },
      {
        "Aspect": "디자인",
        "SentimentText": "  디자인도 마음에듭니다",
        "SentimentWord": "2",
        "SentimentPolarity": "1"
      }
    ]
  },
  {
    "Index": "8352",
    "RawText": "설치도 생각보다 어렵지 않고 시원하네요 소음도 익숙해지니 많이 시끄럽지 않네요",
    "Source": "SNS",
    "Domain": "가전",
    "MainCategory": "계절가전",
    "ProductName": "(TV_상시코드) 2020년 파세코 1등급 인버터 창문형 에어컨 PWA-3200WN",
    "ReviewScore": "100",
    "Syllable": "43",
    "Word": "10",
    "RDate": "20200618",
    "GeneralPolarity": "0",
    "Aspects": [
      {
        "Aspect": "조작성",
        "SentimentText": "설치도 생각보다 어렵지 않고 시원하네요",
        "SentimentWord": "5",
        "SentimentPolarity": "1"
      },
      {
        "Aspect": "소음",
        "SentimentText": "소음도 익숙해지니 많이 시끄럽지 않네요",
        "SentimentWord": "5",
        "SentimentPolarity": "0"
      }
    ]
  },
  {
    "Index": "8353",
    "RawText": "별한개도아까움~ 혼자 설치하려다 너무 너무 고생했어요 이거 개인이 설치가능한 거 맞나요?? 신뢰할만한 OOO이라 믿고 덜컥 샀는데 후회막급입니다~",
    "Source": "SNS",
    "Domain": "가전",
    "MainCategory": "계절가전",
    "ProductName": "(TV_위) 2020년형 귀뚜라미 절전형 인버터 창문형에어컨 KWC-060R",
    "ReviewScore": "10",
    "Syllable": "81",
    "Word": "17",
    "RDate": "20200528",
    "Aspects": [
      {
        "Aspect": "조작성",
        "SentimentText": "혼자 설치하려다 너무 너무 고생했어요 이거 개인이 설치가능한 거 맞나요??",
        "SentimentWord": "10",
        "SentimentPolarity": "-1"
      },
      {
        "Aspect": "제조일/제조사",
        "SentimentText": "신뢰할만한 OOO이라 믿고 덜컥 샀는데 후회막급입니다~",
        "SentimentWord": "6",
        "SentimentPolarity": "-1"
      }
    ]
  },
  {
    "Index": "8354",
    "RawText": "절대비추,,,자신하건데 가격무조건내려가든지 사은품껴주는행사하든지합니다,,,물통얼려넣어껴도 안시원하고 젤쎈단계로하면시크럽고,,필터관리며충전을봤을때 급할땐 손선풍기로대체하면될듯,,,혹 캠핑이나 밖에서 꼭필요하신분은 좋으실지모르겠으나  집에서선풍기나서큘레이터대용으로 쓰시려하셨다면  지금은패쑤하셔요,,,저같은 마루타가사용하고 개선되면그때사세요~아님 가격이라도 저렴할때하시는게좋을듯,,혹시나하는맘에 이름도없는거샀다가 역시나 마루타됐습니다,,사용하면 방송과달라도 반품이안됩니다,,자신있는제품들은 체험을하게해주니 그런것들로 구매하시길,,",
    "Source": "SNS",
    "Domain": "가전",
    "MainCategory": "계절가전",
    "ProductName": "(TV_위) 스타일리스 무선 아이스 에어쿨러 1+1 (SSCF-M8BY/M8BM)",
    "ReviewScore": "10",
    "Syllable": "294",
    "Word": "26",
    "RDate": "20200825",
    "Aspects": [
      {
        "Aspect": "기능",
        "SentimentText": "물통얼려넣어껴도 안시원하고 ",
        "SentimentWord": "2",
        "SentimentPolarity": "-1"
      },
      {
        "Aspect": "소음",
        "SentimentText": "젤쎈단계로하면시크럽고,,",
        "SentimentWord": "1",
        "SentimentPolarity": "-1"
      }
    ]
  },
  {
    "Index": "8355",
    "RawText": "소리도 크고 시원한지 잘 모르겠어요 휴대가능한점은 장점입니다 그냥 조금큰 휴대용 손 선풍기같아요",
    "Source": "SNS",
    "Domain": "가전",
    "MainCategory": "계절가전",
    "ProductName": "(TV_위) 스타일리스 무선 아이스 에어쿨러 1세트 (SSCF-M8BY/M8BM)",
    "ReviewScore": "40",
    "Syllable": "53",
    "Word": "12",
    "RDate": "20200902",
    "GeneralPolarity": "-1",
    "Aspects": [
      {
        "Aspect": "소음",
        "SentimentText": "소리도 크고 시원한지 잘 모르겠어요",
        "SentimentWord": "5",
        "SentimentPolarity": "-1"
      },
      {
        "Aspect": "기능",
        "SentimentText": " 시원한지 잘 모르겠어요",
        "SentimentWord": "3",
        "SentimentPolarity": "-1"
      },
      {
        "Aspect": "편의성",
        "SentimentText": "휴대가능한점은 장점입니다",
        "SentimentWord": "2",
        "SentimentPolarity": "1"
      }
    ]
  },
  {
    "Index": "8356",
    "RawText": "에어컨만큼은 당연히 시원하지 않지만 선풍기보단 나아요 온도도 알려주고요  단점은 물통을 뺄 때 좀 불편해요 걸리는게 있어서  그리고 소음은 사실 넘 심해요ㅎㅎ 다 만족할 순 없으니  선풍기보단 시원하단거 그걸로 만족합니다",
    "Source": "SNS",
    "Domain": "가전",
    "MainCategory": "계절가전",
    "ProductName": "(TV_직)스타일리스 에어쿨러 SSCF-1701R_특약",
    "ReviewScore": "60",
    "Syllable": "123",
    "Word": "29",
    "RDate": "20180809",
    "Aspects": [
      {
        "Aspect": "기능",
        "SentimentText": "에어컨만큼은 당연히 시원하지 않지만 선풍기보단 나아요",
        "SentimentWord": "6",
        "SentimentPolarity": "1"
      },
      {
        "Aspect": "기능",
        "SentimentText": "온도도 알려주고요",
        "SentimentWord": "2",
        "SentimentPolarity": "1"
      },
      {
        "Aspect": "편의성",
        "SentimentText": "단점은 물통을 뺄 때 좀 불편해요 걸리는게 있어서 ",
        "SentimentWord": "8",
        "SentimentPolarity": "-1"
      },
      {
        "Aspect": "소음",
        "SentimentText": " 소음은 사실 넘 심해요ㅎㅎ",
        "SentimentWord": "4",
        "SentimentPolarity": "-1"
      },
      {
        "Aspect": "기능",
        "SentimentText": "다 만족할 순 없으니  선풍기보단 시원하단거 그걸로 만족합니다",
        "SentimentWord": "8",
        "SentimentPolarity": "1"
      }
    ]
  },
  {
    "Index": "8357",
    "RawText": "아니 도대체 지금이 언젠데 이 지경으로 만들어서 상품을 팔아요? 거기다 메이드 인 코리아를 달고?  중국산보다도 못한 저질 프라스틱에다 디자인도 그렇고 물병 같이 생긴것도 슈퍼에서 파는 이삼천원짜리보다 못한거 두개에 보너스로 선심쓰듯 두개 더 주고서 그것도 사은품이라고 ㅠㅠ   생산자도 문제지만  소비자를 우습게 보고 이런 물건을 팔아치우려고 하는o쇼핑도 문제예요 중소기업 물건 팔라는건 허접한 물건 팔라는게 아니고 잘 만들었는데 판로가 없는 제품들 팔라고 하는거예요 어려운 세상인데 물건 잘 만들어서 팔생각은 안하고 이십년전꺼를 우려먹다니  이건 원  ㅠㅠ 암튼 난 상자 개폐랑 상관 없이 환불처리해 주세요 ",
    "Source": "SNS",
    "Domain": "가전",
    "MainCategory": "계절가전",
    "ProductName": "(TV_직_초특가)일월 에어쿨러 더위사냥 (하위벤더변경)",
    "ReviewScore": "20",
    "Syllable": "342",
    "Word": "80",
    "RDate": "20170725",
    "Aspects": [
      {
        "Aspect": "소재",
        "SentimentText": "중국산보다도 못한 저질 프라스틱에",
        "SentimentWord": "4",
        "SentimentPolarity": "-1"
      },
      {
        "Aspect": "디자인",
        "SentimentText": "중국산보다도 못한 저질 프라스틱에다 디자인도 그렇고 ",
        "SentimentWord": "6",
        "SentimentPolarity": "-1"
      },
      {
        "Aspect": "제품구성",
        "SentimentText": " 슈퍼에서 파는 이삼천원짜리보다 못한거 두개에 보너스로 선심쓰듯 두개 더 주고서 그것도 사은품이라고 ㅠㅠ ",
        "SentimentWord": "13",
        "SentimentPolarity": "-1"
      }
    ]
  },
  {
    "Index": "8358",
    "RawText": "좋다는 상담원 말을 듣고 구매했는데 소음이 높고 냉매를 얼려서 사용하기가 불편하고 성능면에서 선풍기보다 좀 나은거같아요",
    "Source": "SNS",
    "Domain": "가전",
    "MainCategory": "계절가전",
    "ProductName": "(TV_직배송_특약)대우 어플라이언스 슬림 에어쿨러 DEF-C777",
    "ReviewScore": "60",
    "Syllable": "66",
    "Word": "15",
    "RDate": "20180801",
    "GeneralPolarity": "-1",
    "Aspects": [
      {
        "Aspect": "소음",
        "SentimentText": "소음이 높고",
        "SentimentWord": "2",
        "SentimentPolarity": "-1"
      },
      {
        "Aspect": "조작성",
        "SentimentText": "냉매를 얼려서 사용하기가 불편하고",
        "SentimentWord": "4",
        "SentimentPolarity": "-1"
      },
      {
        "Aspect": "기능",
        "SentimentText": "성능면에서 선풍기보다 좀 나은거같아요",
        "SentimentWord": "4",
        "SentimentPolarity": "-1"
      }
    ]
  },
  {
    "Index": "8359",
    "RawText": "1+1이여서 활용도가 높을 것 같아서 구매했어요. 화장실에 놓고 사용하는데 가까이에 있을때만 따뜻하고 전체가 따뜻할 정도는 아니에요.. 사무실에서 사용한다면 발이나 손 정도로만 사용해야할 것 같아요..",
    "Source": "SNS",
    "Domain": "가전",
    "MainCategory": "계절가전",
    "ProductName": "(TV_직택_초특가) 히팅맘 PTC히터 1+1 RN1018HT",
    "ReviewScore": "100",
    "Syllable": "112",
    "Word": "24",
    "RDate": "20191124",
    "GeneralPolarity": "-1",
    "Aspects": [
      {
        "Aspect": "기능",
        "SentimentText": "화장실에 놓고 사용하는데 가까이에 있을때만 따뜻하고 전체가 따뜻할 정도는 아니에요.. ",
        "SentimentWord": "10",
        "SentimentPolarity": "-1"
      },
      {
        "Aspect": "기능",
        "SentimentText": "사무실에서 사용한다면 발이나 손 정도로만 사용해야할 것 같아요..",
        "SentimentWord": "8",
        "SentimentPolarity": "-1"
      }
    ]
  },
  {
    "Index": "8360",
    "RawText": "디자인이나 크기는 좋은데  350W라 전기세는적게 드나 따뜻하지는 않네요",
    "Source": "SNS",
    "Domain": "가전",
    "MainCategory": "계절가전",
    "ProductName": "(TV_직택_초특가) 히팅맘 PTC히터 1+1 RN1018HT",
    "ReviewScore": "0",
    "Syllable": "40",
    "Word": "8",
    "RDate": "20191111",
    "GeneralPolarity": "0",
    "Aspects": [
      {
        "Aspect": "디자인",
        "SentimentText": "디자인이나 크기는 좋은데 ",
        "SentimentWord": "3",
        "SentimentPolarity": "1"
      },
      {
        "Aspect": "사이즈",
        "SentimentText": " 크기는 좋은데 ",
        "SentimentWord": "2",
        "SentimentPolarity": "1"
      },
      {
        "Aspect": "소비전력",
        "SentimentText": "350W라 전기세는적게 드나",
        "SentimentWord": "3",
        "SentimentPolarity": "1"
      },
      {
        "Aspect": "기능",
        "SentimentText": "따뜻하지는 않네요",
        "SentimentWord": "2",
        "SentimentPolarity": "-1"
      }
    ]
  },
  {
    "Index": "8361",
    "RawText": "성능은 좋은데 넘 작은 사이즈라  불이 날까 걱정되요 ㅋㅋ 하나는  부모님 욕실에  목욕 하실 때 쓰시라고 드렸어요",
    "Source": "SNS",
    "Domain": "가전",
    "MainCategory": "계절가전",
    "ProductName": "(TV_직택_초특가) 히팅맘 PTC히터 1+1 RN1018HT",
    "ReviewScore": "80",
    "Syllable": "64",
    "Word": "17",
    "RDate": "20191211",
    "GeneralPolarity": "0",
    "Aspects": [
      {
        "Aspect": "기능",
        "SentimentText": "성능은 좋은데 ",
        "SentimentWord": "2",
        "SentimentPolarity": "1"
      },
      {
        "Aspect": "사이즈",
        "SentimentText": "넘 작은 사이즈라  불이 날까 걱정되요 ㅋㅋ ",
        "SentimentWord": "7",
        "SentimentPolarity": "-1"
      }
    ]
  },
  {
    "Index": "8362",
    "RawText": "작아서 공간차지안해  욕실에 설치하니 좋아요.성능도 제법 따뜻 합니다.",
    "Source": "SNS",
    "Domain": "가전",
    "MainCategory": "계절가전",
    "ProductName": "(TV_직택_초특가) 히팅맘 PTC히터 1+1 RN1018HT",
    "ReviewScore": "0",
    "Syllable": "39",
    "Word": "8",
    "RDate": "20191106",
    "GeneralPolarity": "1",
    "Aspects": [
      {
        "Aspect": "사이즈",
        "SentimentText": "작아서 공간차지안해  욕실에 설치하니 좋아요.",
        "SentimentWord": "5",
        "SentimentPolarity": "1"
      },
      {
        "Aspect": "기능",
        "SentimentText": "성능도 제법 따뜻 합니다.",
        "SentimentWord": "4",
        "SentimentPolarity": "1"
      }
    ]
  },
  {
    "Index": "8363",
    "RawText": "작은 공간에서 편리하개 사용하기애는 좋아요.. 다만 가까이에서만 따뜻해서 사용하기에 좋은 편은 아닌 것 같아요..",
    "Source": "SNS",
    "Domain": "가전",
    "MainCategory": "계절가전",
    "ProductName": "(TV_직택_초특가) 히팅맘 PTC히터 1+1 RN1018HT",
    "ReviewScore": "100",
    "Syllable": "63",
    "Word": "14",
    "RDate": "20191124",
    "GeneralPolarity": "0",
    "Aspects": [
      {
        "Aspect": "편의성",
        "SentimentText": "작은 공간에서 편리하개 사용하기애는 좋아요..",
        "SentimentWord": "5",
        "SentimentPolarity": "1"
      },
      {
        "Aspect": "기능",
        "SentimentText": " 다만 가까이에서만 따뜻해서 사용하기에 좋은 편은 아닌 것 같아요..",
        "SentimentWord": "9",
        "SentimentPolarity": "-1"
      }
    ]
  },
  {
    "Index": "8364",
    "RawText": "집이 외풍이심해서  가격도저렴하고 절력도 조긍 소비되어 구매했는데 조금시끄럽네요   따뜻한기는합니다 가격대비",
    "Source": "SNS",
    "Domain": "가전",
    "MainCategory": "계절가전",
    "ProductName": "(TV_직택_초특가) 히팅맘 PTC히터 1+1 RN1018HT",
    "ReviewScore": "100",
    "Syllable": "60",
    "Word": "10",
    "RDate": "20191120",
    "GeneralPolarity": "0",
    "Aspects": [
      {
        "Aspect": "가격",
        "SentimentText": "가격도저렴하고 ",
        "SentimentWord": "1",
        "SentimentPolarity": "1"
      },
      {
        "Aspect": "소비전력",
        "SentimentText": " 절력도 조긍 소비되어 구매했는데",
        "SentimentWord": "4",
        "SentimentPolarity": "1"
      },
      {
        "Aspect": "소음",
        "SentimentText": "조금시끄럽네요 ",
        "SentimentWord": "1",
        "SentimentPolarity": "-1"
      },
      {
        "Aspect": "기능",
        "SentimentText": "따뜻한기는합니다 가격대비",
        "SentimentWord": "2",
        "SentimentPolarity": "0"
      }
    ]
  },
  {
    "Index": "8365",
    "RawText": "책상 아래 위로 옮기면서 잘 사용하고 있어요 작은데도 따뜻해요^^",
    "Source": "SNS",
    "Domain": "가전",
    "MainCategory": "계절가전",
    "ProductName": "(TV_직택_초특가) 히팅맘 PTC히터 1+1 RN1018HT",
    "ReviewScore": "100",
    "Syllable": "36",
    "Word": "9",
    "RDate": "20191127",
    "GeneralPolarity": "1",
    "Aspects": [
      {
        "Aspect": "편의성",
        "SentimentText": "책상 아래 위로 옮기면서 잘 사용하고 있어요",
        "SentimentWord": "7",
        "SentimentPolarity": "1"
      },
      {
        "Aspect": "기능",
        "SentimentText": "작은데도 따뜻해요^^",
        "SentimentWord": "2",
        "SentimentPolarity": "1"
      }
    ]
  },
  {
    "Index": "8366",
    "RawText": "크기는 작아도 온풍도 잘 나오고 무엇보다 온도조절과 타이머까지 되서 좋네요~",
    "Source": "SNS",
    "Domain": "가전",
    "MainCategory": "계절가전",
    "ProductName": "(TV_직택_초특가) 히팅맘 PTC히터 1+1 RN1018HT",
    "ReviewScore": "100",
    "Syllable": "42",
    "Word": "10",
    "RDate": "20191122",
    "GeneralPolarity": "1",
    "Aspects": [
      {
        "Aspect": "기능",
        "SentimentText": "크기는 작아도 온풍도 잘 나오고",
        "SentimentWord": "5",
        "SentimentPolarity": "1"
      },
      {
        "Aspect": "기능",
        "SentimentText": " 무엇보다 온도조절과 타이머까지 되서 좋네요~",
        "SentimentWord": "5",
        "SentimentPolarity": "1"
      }
    ]
  },
  {
    "Index": "8367",
    "RawText": "가격대비 성능이 괜찮아요. 싸이즈가 작아서 공간도 많이 차지 않하고 편하네요",
    "Source": "SNS",
    "Domain": "가전",
    "MainCategory": "계절가전",
    "ProductName": "(TV_직택_초특가) 히팅맘 PTC히터 RN1018HT",
    "ReviewScore": "70",
    "Syllable": "42",
    "Word": "10",
    "RDate": "20191112",
    "GeneralPolarity": "1",
    "Aspects": [
      {
        "Aspect": "기능",
        "SentimentText": "가격대비 성능이 괜찮아요. ",
        "SentimentWord": "3",
        "SentimentPolarity": "1"
      },
      {
        "Aspect": "사이즈",
        "SentimentText": "싸이즈가 작아서 공간도 많이 차지 않하고 편하네요",
        "SentimentWord": "7",
        "SentimentPolarity": "1"
      }
    ]
  },
  {
    "Index": "8368",
    "RawText": "금방따듯하기는한데  난방력은 크기만큼이네요.소음이  너무커서 잘때는  못켜놓겠어요",
    "Source": "SNS",
    "Domain": "가전",
    "MainCategory": "계절가전",
    "ProductName": "(TV_직택_초특가) 히팅맘 PTC히터 RN1018HT",
    "ReviewScore": "80",
    "Syllable": "45",
    "Word": "6",
    "RDate": "20191114",
    "GeneralPolarity": "-1",
    "Aspects": [
      {
        "Aspect": "기능",
        "SentimentText": "금방따듯하기는한데  난방력은 크기만큼이네요.",
        "SentimentWord": "3",
        "SentimentPolarity": "0"
      },
      {
        "Aspect": "소음",
        "SentimentText": "소음이  너무커서 잘때는  못켜놓겠어요",
        "SentimentWord": "4",
        "SentimentPolarity": "-1"
      }
    ]
  },
  {
    "Index": "8369",
    "RawText": "바람세기 좋고 시원한 바람 나옵니다. 에어컨 선풍기의 중간 정도 시원함 이네요. 성능에 만족합니다.  ",
    "Source": "SNS",
    "Domain": "가전",
    "MainCategory": "계절가전",
    "ProductName": "(TV_직택배) 보국 에어젯 쿨러 BKCF-17R07MK",
    "ReviewScore": "80",
    "Syllable": "57",
    "Word": "13",
    "RDate": "20180715",
    "GeneralPolarity": "1",
    "Aspects": [
      {
        "Aspect": "기능",
        "SentimentText": "바람세기 좋고 시원한 바람 나옵니다.",
        "SentimentWord": "5",
        "SentimentPolarity": "1"
      },
      {
        "Aspect": "기능",
        "SentimentText": "성능에 만족합니다.",
        "SentimentWord": "2",
        "SentimentPolarity": "1"
      }
    ]
  },
  {
    "Index": "8370",
    "RawText": "화가나네요 허위과장광고하지마시죠 선풍기랑 비슷한 시원함인데 에어컨만큼 시원하다는식이면 곤란하죠 시원하지가 않아요 모델도 작년부터 출시된 제품인데 2018신제품이라 믿고 샀는데 신형도 아니고,,,",
    "Source": "SNS",
    "Domain": "가전",
    "MainCategory": "계절가전",
    "ProductName": "(TV_직택배)스타일리스 에어쿨러 SSCF-1701R",
    "ReviewScore": "20",
    "Syllable": "108",
    "Word": "19",
    "RDate": "20180810",
    "Aspects": [
      {
        "Aspect": "기능",
        "SentimentText": "선풍기랑 비슷한 시원함인데 에어컨만큼 시원하다는식이면 곤란하죠 시원하지가 않아요",
        "SentimentWord": "8",
        "SentimentPolarity": "-1"
      },
      {
        "Aspect": "제조일/제조사",
        "SentimentText": "모델도 작년부터 출시된 제품인데 2018신제품이라 믿고 샀는데 신형도 아니고,,,",
        "SentimentWord": "9",
        "SentimentPolarity": "-1"
      }
    ]
  },
  {
    "Index": "8371",
    "RawText": "성능이 그냥 그러내요 선풍이 쓰는게 더 편하고 시원할듯... 성능이 별로라 구매한거 후회 되네요..",
    "Source": "SNS",
    "Domain": "가전",
    "MainCategory": "계절가전",
    "ProductName": "(TV_초특가) 신일 파워 에어쿨러 SIF-P75MD",
    "ReviewScore": "60",
    "Syllable": "55",
    "Word": "13",
    "RDate": "20190908",
    "GeneralPolarity": "-1",
    "Aspects": [
      {
        "Aspect": "기능",
        "SentimentText": "성능이 그냥 그러내요 선풍이 쓰는게 더 편하고 시원할듯...",
        "SentimentWord": "8",
        "SentimentPolarity": "-1"
      },
      {
        "Aspect": "기능",
        "SentimentText": "성능이 별로라 구매한거 후회 되네요..",
        "SentimentWord": "5",
        "SentimentPolarity": "-1"
      }
    ]
  },
  {
    "Index": "8372",
    "RawText": "조작도 간단하고 디자인 이뻐요. 몰랐던 리모콘도 있네요.^^ 유명브랜드라 믿고 구매했어요.",
    "Source": "SNS",
    "Domain": "가전",
    "MainCategory": "계절가전",
    "ProductName": "(TV_특_2만원할인) 신일 하이브리드 PTC 파워히터 (블랙)",
    "ReviewScore": "100",
    "Syllable": "50",
    "Word": "10",
    "RDate": "20181224",
    "GeneralPolarity": "1",
    "Aspects": [
      {
        "Aspect": "조작성",
        "SentimentText": "조작도 간단하고",
        "SentimentWord": "2",
        "SentimentPolarity": "1"
      },
      {
        "Aspect": "디자인",
        "SentimentText": "디자인 이뻐요. ",
        "SentimentWord": "2",
        "SentimentPolarity": "1"
      },
      {
        "Aspect": "제품구성",
        "SentimentText": "몰랐던 리모콘도 있네요.^^",
        "SentimentWord": "3",
        "SentimentPolarity": "1"
      },
      {
        "Aspect": "제조일/제조사",
        "SentimentText": "유명브랜드라 믿고 구매했어요.",
        "SentimentWord": "3",
        "SentimentPolarity": "1"
      }
    ]
  },
  {
    "Index": "8373",
    "RawText": "헐 ~~미지근하고  회전  범위로  작고   온풍기가  아닌지~ 품질이 별로라 선풍기가  살걸  후회 막급 ",
    "Source": "SNS",
    "Domain": "가전",
    "MainCategory": "계절가전",
    "ProductName": "(TV_할인_직배송) 일월 에어쿨러 (IW805TL)",
    "ReviewScore": "20",
    "Syllable": "60",
    "Word": "13",
    "RDate": "20180723",
    "GeneralPolarity": "-1",
    "Aspects": [
      {
        "Aspect": "기능",
        "SentimentText": "헐 ~~미지근하고  회전  범위로  작고   온풍기가  아닌지~",
        "SentimentWord": "7",
        "SentimentPolarity": "-1"
      },
      {
        "Aspect": "품질",
        "SentimentText": "품질이 별로라 선풍기가  살걸  후회 막급",
        "SentimentWord": "6",
        "SentimentPolarity": "-1"
      }
    ]
  },
  {
    "Index": "8374",
    "RawText": "가격 대비 품질에 만족합니다.  다만 사이즈가 조금만 컸으면합니다",
    "Source": "SNS",
    "Domain": "가전",
    "MainCategory": "계절가전",
    "ProductName": "(직매입_E)스위스밀리터리 DC 에어 서큘레이터 SMA-B10DR (블랙)/ (보관가방 증정)",
    "ReviewScore": "100",
    "Syllable": "36",
    "Word": "8",
    "RDate": "20180801",
    "GeneralPolarity": "0",
    "Aspects": [
      {
        "Aspect": "품질",
        "SentimentText": "가격 대비 품질에 만족합니다. ",
        "SentimentWord": "4",
        "SentimentPolarity": "1"
      },
      {
        "Aspect": "사이즈",
        "SentimentText": "다만 사이즈가 조금만 컸으면합니다",
        "SentimentWord": "4",
        "SentimentPolarity": "-1"
      }
    ]
  },
  {
    "Index": "8375",
    "RawText": "가격대비 아주 양호한 품질의 제품임. 상부로 향하는 기능이 특히 좋습니다. 강추.",
    "Source": "SNS",
    "Domain": "가전",
    "MainCategory": "계절가전",
    "ProductName": "(직매입_E)스위스밀리터리 DC 에어 서큘레이터 SMA-B10DR (블랙)/ (보관가방 증정)",
    "ReviewScore": "100",
    "Syllable": "45",
    "Word": "11",
    "RDate": "20190516",
    "GeneralPolarity": "1",
    "Aspects": [
      {
        "Aspect": "품질",
        "SentimentText": "가격대비 아주 양호한 품질의 제품임. ",
        "SentimentWord": "5",
        "SentimentPolarity": "1"
      },
      {
        "Aspect": "기능",
        "SentimentText": "상부로 향하는 기능이 특히 좋습니다. 강추.",
        "SentimentWord": "6",
        "SentimentPolarity": "1"
      }
    ]
  },
  {
    "Index": "8376",
    "RawText": "가격도 적당하고 바람도 괜찮아요. 크기는 좀 작은데 중간 사이즈정도 되는것 같아요",
    "Source": "SNS",
    "Domain": "가전",
    "MainCategory": "계절가전",
    "ProductName": "(직매입_E)스위스밀리터리 DC 에어 서큘레이터 SMA-B10DR (블랙)/ (보관가방 증정)",
    "ReviewScore": "100",
    "Syllable": "45",
    "Word": "11",
    "RDate": "20180728",
    "GeneralPolarity": "1",
    "Aspects": [
      {
        "Aspect": "가격",
        "SentimentText": "가격도 적당하고 바람도 괜찮아요. ",
        "SentimentWord": "4",
        "SentimentPolarity": "1"
      },
      {
        "Aspect": "기능",
        "SentimentText": "바람도 괜찮아요. ",
        "SentimentWord": "2",
        "SentimentPolarity": "1"
      },
      {
        "Aspect": "사이즈",
        "SentimentText": "크기는 좀 작은데 중간 사이즈정도 되는것 같아요",
        "SentimentWord": "7",
        "SentimentPolarity": "0"
      }
    ]
  },
  {
    "Index": "8377",
    "RawText": "더운날씨에 고민업이 바로 구입. 에어컨을 켜도 조금은 답답했는데 360도 공기순환으로 집안이 시원하고 켜는 것도 부담없어서 너무 편하네요 특히 배송은 정말 최고입니다.  야간모드까지 있어 정말 기대이상입니다. 완전 강추합니다.",
    "Source": "SNS",
    "Domain": "가전",
    "MainCategory": "계절가전",
    "ProductName": "(직매입_E)스위스밀리터리 DC 에어 서큘레이터 SMA-B10DR (블랙)/ (보관가방 증정)",
    "ReviewScore": "100",
    "Syllable": "126",
    "Word": "27",
    "RDate": "20180724",
    "Aspects": [
      {
        "Aspect": "편의성",
        "SentimentText": "360도 공기순환으로 집안이 시원하고 켜는 것도 부담없어서 너무 편하네요",
        "SentimentWord": "9",
        "SentimentPolarity": "1"
      },
      {
        "Aspect": "기능",
        "SentimentText": "야간모드까지 있어 정말 기대이상입니다. 완전 강추합니다.",
        "SentimentWord": "6",
        "SentimentPolarity": "1"
      }
    ]
  },
  {
    "Index": "8378",
    "RawText": "마일리지로 싸게 구매했는데 기능도 많고 좋으네요",
    "Source": "SNS",
    "Domain": "가전",
    "MainCategory": "계절가전",
    "ProductName": "(직매입_E)스위스밀리터리 DC 에어 서큘레이터 SMA-B10DR (블랙)/ (보관가방 증정)",
    "ReviewScore": "80",
    "Syllable": "26",
    "Word": "6",
    "RDate": "20180929",
    "GeneralPolarity": "1",
    "Aspects": [
      {
        "Aspect": "가격",
        "SentimentText": "마일리지로 싸게 구매했는데",
        "SentimentWord": "3",
        "SentimentPolarity": "1"
      },
      {
        "Aspect": "기능",
        "SentimentText": "기능도 많고 좋으네요",
        "SentimentWord": "3",
        "SentimentPolarity": "1"
      }
    ]
  },
  {
    "Index": "8379",
    "RawText": "소음걱정안해도 될것같아요. 바람도 잘 전해지네요. 디자인도 깔끔하고 세련되어 보여요. 단 손잡이가 없어서 옮길때 약간의 불편함은 있네요. 지금 까지는 문제없이 잘 사용중입니다. 추천해요.",
    "Source": "SNS",
    "Domain": "가전",
    "MainCategory": "계절가전",
    "ProductName": "(직매입_E)스위스밀리터리 DC 에어 서큘레이터 SMA-B10DR (블랙)/ (보관가방 증정)",
    "ReviewScore": "80",
    "Syllable": "104",
    "Word": "22",
    "RDate": "20180807",
    "GeneralPolarity": "1",
    "Aspects": [
      {
        "Aspect": "소음",
        "SentimentText": "소음걱정안해도 될것같아요. ",
        "SentimentWord": "2",
        "SentimentPolarity": "1"
      },
      {
        "Aspect": "기능",
        "SentimentText": " 바람도 잘 전해지네요.",
        "SentimentWord": "3",
        "SentimentPolarity": "1"
      },
      {
        "Aspect": "디자인",
        "SentimentText": "디자인도 깔끔하고 세련되어 보여요. ",
        "SentimentWord": "4",
        "SentimentPolarity": "1"
      },
      {
        "Aspect": "편의성",
        "SentimentText": "단 손잡이가 없어서 옮길때 약간의 불편함은 있네요.",
        "SentimentWord": "7",
        "SentimentPolarity": "-1"
      }
    ]
  },
  {
    "Index": "8380",
    "RawText": "가성비 굿! 예전에 냉풍기 보다 냉감이 더 뛰어납니다!",
    "Source": "SNS",
    "Domain": "가전",
    "MainCategory": "계절가전",
    "ProductName": "[HAAN] 한경희 스마트 냉풍기 HEF-8100",
    "ReviewScore": "100",
    "Syllable": "30",
    "Word": "8",
    "RDate": "20200721",
    "GeneralPolarity": "1",
    "Aspects": [
      {
        "Aspect": "가격",
        "SentimentText": "가성비 굿! ",
        "SentimentWord": "2",
        "SentimentPolarity": "1"
      },
      {
        "Aspect": "기능",
        "SentimentText": "예전에 냉풍기 보다 냉감이 더 뛰어납니다!",
        "SentimentWord": "6",
        "SentimentPolarity": "1"
      }
    ]
  },
  {
    "Index": "8381",
    "RawText": "높이조절되고 좋은데 무게가 없어 그런지 잘넘어지넹ᆢ",
    "Source": "SNS",
    "Domain": "가전",
    "MainCategory": "계절가전",
    "ProductName": "[대웅] 리모컨 스탠드 에어써큘레이터",
    "ReviewScore": "100",
    "Syllable": "28",
    "Word": "6",
    "RDate": "20210902",
    "GeneralPolarity": "0",
    "Aspects": [
      {
        "Aspect": "조작성",
        "SentimentText": "높이조절되고 좋은데 ",
        "SentimentWord": "2",
        "SentimentPolarity": "1"
      },
      {
        "Aspect": "무게",
        "SentimentText": "무게가 없어 그런지 잘넘어지넹ᆢ",
        "SentimentWord": "4",
        "SentimentPolarity": "-1"
      }
    ]
  },
  {
    "Index": "8382",
    "RawText": "터치식 구매해서 써보니 예쁘네요 리모컨 선풍기도 구매 했어요  예쁘고 편해요  가격도 만족입니다",
    "Source": "SNS",
    "Domain": "가전",
    "MainCategory": "계절가전",
    "ProductName": "[대웅] 리모컨 스탠드 에어써큘레이터",
    "ReviewScore": "100",
    "Syllable": "53",
    "Word": "12",
    "RDate": "20210521",
    "GeneralPolarity": "1",
    "Aspects": [
      {
        "Aspect": "디자인",
        "SentimentText": "터치식 구매해서 써보니 예쁘네요",
        "SentimentWord": "4",
        "SentimentPolarity": "1"
      },
      {
        "Aspect": "디자인",
        "SentimentText": "예쁘고 편해요",
        "SentimentWord": "2",
        "SentimentPolarity": "1"
      },
      {
        "Aspect": "가격",
        "SentimentText": "가격도 만족입니다",
        "SentimentWord": "2",
        "SentimentPolarity": "1"
      }
    ]
  },
  {
    "Index": "8383",
    "RawText": "생각보다 많이 작아요. 단수 높이면 소리가 좀 큽니다ㅠㅠ",
    "Source": "SNS",
    "Domain": "가전",
    "MainCategory": "계절가전",
    "ProductName": "[대웅] 리모컨 에어서큘레이터 공기순환기_CZ-SC81R",
    "ReviewScore": "80",
    "Syllable": "31",
    "Word": "8",
    "RDate": "20210801",
    "GeneralPolarity": "-1",
    "Aspects": [
      {
        "Aspect": "사이즈",
        "SentimentText": "생각보다 많이 작아요.",
        "SentimentWord": "3",
        "SentimentPolarity": "-1"
      },
      {
        "Aspect": "소음",
        "SentimentText": "단수 높이면 소리가 좀 큽니다ㅠㅠ",
        "SentimentWord": "5",
        "SentimentPolarity": "-1"
      }
    ]
  },
  {
    "Index": "8384",
    "RawText": "가격 이 저렴 해서 일까요 ... 상품 품질이 좀 엉성한 것 같네요 가격 만큼 이겠죠 ! 디자인만 심플하고 좋네요 ",
    "Source": "SNS",
    "Domain": "가전",
    "MainCategory": "계절가전",
    "ProductName": "[대웅] 스탠드 에어써큘레이터",
    "ReviewScore": "100",
    "Syllable": "64",
    "Word": "19",
    "RDate": "20210523",
    "GeneralPolarity": "0",
    "Aspects": [
      {
        "Aspect": "품질",
        "SentimentText": "가격 이 저렴 해서 일까요 ... 상품 품질이 좀 엉성한 것 같네요",
        "SentimentWord": "12",
        "SentimentPolarity": "-1"
      },
      {
        "Aspect": "디자인",
        "SentimentText": "디자인만 심플하고 좋네요",
        "SentimentWord": "3",
        "SentimentPolarity": "1"
      }
    ]
  },
  {
    "Index": "8385",
    "RawText": "2개 주문했는데 하나는 좌우 회전이 안되고, 하나는 선풍기 날개 회전시 삐~~~소리가 심하네요.",
    "Source": "SNS",
    "Domain": "가전",
    "MainCategory": "계절가전",
    "ProductName": "[대웅모닝컴] 리모컨 스탠드 에어써큘레이터 CZ-YK6062R",
    "ReviewScore": "10",
    "Syllable": "53",
    "Word": "12",
    "RDate": "20210622",
    "GeneralPolarity": "-1",
    "Aspects": [
      {
        "Aspect": "품질",
        "SentimentText": "2개 주문했는데 하나는 좌우 회전이 안되고,",
        "SentimentWord": "6",
        "SentimentPolarity": "-1"
      },
      {
        "Aspect": "품질",
        "SentimentText": "하나는 선풍기 날개 회전시 삐~~~소리가 심하네요.",
        "SentimentWord": "6",
        "SentimentPolarity": "-1"
      }
    ]
  },
  {
    "Index": "8386",
    "RawText": "7월 19일 주문  10일도 안썼는데, 회전이 안돼요. 소리도 요란하더라니 아주 빗좋은 개살구네요 사무실 전화는 계속 통화중~ ㅠ",
    "Source": "SNS",
    "Domain": "가전",
    "MainCategory": "계절가전",
    "ProductName": "[대웅모닝컴] 리모컨 스탠드 에어써큘레이터 CZ-YK6062R",
    "ReviewScore": "30",
    "Syllable": "72",
    "Word": "17",
    "RDate": "20210729",
    "Aspects": [
      {
        "Aspect": "품질",
        "SentimentText": "10일도 안썼는데, 회전이 안돼요.",
        "SentimentWord": "4",
        "SentimentPolarity": "-1"
      },
      {
        "Aspect": "소음",
        "SentimentText": " 소리도 요란하더라니 아주 빗좋은 개살구네요",
        "SentimentWord": "5",
        "SentimentPolarity": "-1"
      }
    ]
  },
  {
    "Index": "8387",
    "RawText": "가격 저렴하게  배송은 배송기일에 맞춰서 성능은 준수한편임 단점은 위아래 높낮이 조정이 안됌",
    "Source": "SNS",
    "Domain": "가전",
    "MainCategory": "계절가전",
    "ProductName": "[대웅모닝컴] 리모컨 스탠드 에어써큘레이터 CZ-YK6062R",
    "ReviewScore": "80",
    "Syllable": "51",
    "Word": "12",
    "RDate": "20210803",
    "Aspects": [
      {
        "Aspect": "가격",
        "SentimentText": "가격 저렴하게 ",
        "SentimentWord": "2",
        "SentimentPolarity": "1"
      },
      {
        "Aspect": "기능",
        "SentimentText": "성능은 준수한편임",
        "SentimentWord": "2",
        "SentimentPolarity": "1"
      },
      {
        "Aspect": "조작성",
        "SentimentText": "단점은 위아래 높낮이 조정이 안됌",
        "SentimentWord": "5",
        "SentimentPolarity": "-1"
      }
    ]
  },
  {
    "Index": "8388",
    "RawText": "가격 저렴하고  바람 세기도  좋아요  소음이 크다는데  그냥  생활 소음보다 적네요  리모컨도  작동 ~",
    "Source": "SNS",
    "Domain": "가전",
    "MainCategory": "계절가전",
    "ProductName": "[대웅모닝컴] 리모컨 스탠드 에어써큘레이터 CZ-YK6062R",
    "ReviewScore": "100",
    "Syllable": "59",
    "Word": "14",
    "RDate": "20210801",
    "GeneralPolarity": "1",
    "Aspects": [
      {
        "Aspect": "가격",
        "SentimentText": "가격 저렴하고  바람 세기도  좋아요 ",
        "SentimentWord": "5",
        "SentimentPolarity": "1"
      },
      {
        "Aspect": "기능",
        "SentimentText": " 바람 세기도  좋아요 ",
        "SentimentWord": "3",
        "SentimentPolarity": "1"
      },
      {
        "Aspect": "소음",
        "SentimentText": "소음이 크다는데  그냥  생활 소음보다 적네요",
        "SentimentWord": "6",
        "SentimentPolarity": "0"
      }
    ]
  },
  {
    "Index": "8389",
    "RawText": "가격대비 괜찮구요~ 가볍고 시원하고 디자인ㄷㆍㄷ 이쁩니다~ 만족합니다~^^",
    "Source": "SNS",
    "Domain": "가전",
    "MainCategory": "계절가전",
    "ProductName": "[대웅모닝컴] 리모컨 스탠드 에어써큘레이터 CZ-YK6062R",
    "ReviewScore": "90",
    "Syllable": "41",
    "Word": "7",
    "RDate": "20210825",
    "GeneralPolarity": "1",
    "Aspects": [
      {
        "Aspect": "가격",
        "SentimentText": "가격대비 괜찮구요~",
        "SentimentWord": "2",
        "SentimentPolarity": "1"
      },
      {
        "Aspect": "무게",
        "SentimentText": "가볍고 시원하고 디자인ㄷㆍㄷ 이쁩니다~ 만족합니다~^^",
        "SentimentWord": "5",
        "SentimentPolarity": "1"
      },
      {
        "Aspect": "기능",
        "SentimentText": "시원하고 디자인ㄷㆍㄷ 이쁩니다~ 만족합니다~^^",
        "SentimentWord": "4",
        "SentimentPolarity": "1"
      },
      {
        "Aspect": "디자인",
        "SentimentText": "디자인ㄷㆍㄷ 이쁩니다~ 만족합니다~^^",
        "SentimentWord": "3",
        "SentimentPolarity": "1"
      }
    ]
  },
  {
    "Index": "8390",
    "RawText": "가격대비 만족합니다  재질이 가벼워서  무게감이 아쉬워요",
    "Source": "SNS",
    "Domain": "가전",
    "MainCategory": "계절가전",
    "ProductName": "[대웅모닝컴] 리모컨 스탠드 에어써큘레이터 CZ-YK6062R",
    "ReviewScore": "100",
    "Syllable": "31",
    "Word": "6",
    "RDate": "20210821",
    "GeneralPolarity": "0",
    "Aspects": [
      {
        "Aspect": "가격",
        "SentimentText": "가격대비 만족합니다  ",
        "SentimentWord": "2",
        "SentimentPolarity": "1"
      },
      {
        "Aspect": "무게",
        "SentimentText": " 재질이 가벼워서  무게감이 아쉬워요",
        "SentimentWord": "4",
        "SentimentPolarity": "-1"
      }
    ]
  },
  {
    "Index": "8391",
    "RawText": "가격대비 성능 좋아요. 가성비로는 나무랄대가  없네요~",
    "Source": "SNS",
    "Domain": "가전",
    "MainCategory": "계절가전",
    "ProductName": "[대웅모닝컴] 리모컨 스탠드 에어써큘레이터 CZ-YK6062R",
    "ReviewScore": "100",
    "Syllable": "30",
    "Word": "6",
    "RDate": "20210815",
    "GeneralPolarity": "1",
    "Aspects": [
      {
        "Aspect": "기능",
        "SentimentText": "가격대비 성능 좋아요. ",
        "SentimentWord": "3",
        "SentimentPolarity": "1"
      },
      {
        "Aspect": "가격",
        "SentimentText": "가성비로는 나무랄대가  없네요~",
        "SentimentWord": "3",
        "SentimentPolarity": "1"
      }
    ]
  },
  {
    "Index": "8392",
    "RawText": "가격대비 성능은 좋으나 소음이 심하네요. 삐 하는 소음이 계속되서 잘 안쓰게 되네요.",
    "Source": "SNS",
    "Domain": "가전",
    "MainCategory": "계절가전",
    "ProductName": "[대웅모닝컴] 리모컨 스탠드 에어써큘레이터 CZ-YK6062R",
    "ReviewScore": "60",
    "Syllable": "47",
    "Word": "12",
    "RDate": "20210806",
    "GeneralPolarity": "-1",
    "Aspects": [
      {
        "Aspect": "기능",
        "SentimentText": "가격대비 성능은 좋으나 ",
        "SentimentWord": "3",
        "SentimentPolarity": "1"
      },
      {
        "Aspect": "소음",
        "SentimentText": "소음이 심하네요. ",
        "SentimentWord": "2",
        "SentimentPolarity": "-1"
      },
      {
        "Aspect": "소음",
        "SentimentText": " 삐 하는 소음이 계속되서 잘 안쓰게 되네요.",
        "SentimentWord": "7",
        "SentimentPolarity": "-1"
      }
    ]
  },
  {
    "Index": "8393",
    "RawText": "가격도 저렴하고 바람도 시원하니 무겁지   않아 옮기기도 쉬워요. 잘쓰겠읍니다. 대박 상품입니다",
    "Source": "SNS",
    "Domain": "가전",
    "MainCategory": "계절가전",
    "ProductName": "[대웅모닝컴] 리모컨 스탠드 에어써큘레이터 CZ-YK6062R",
    "ReviewScore": "100",
    "Syllable": "53",
    "Word": "11",
    "RDate": "20210603",
    "GeneralPolarity": "1",
    "Aspects": [
      {
        "Aspect": "가격",
        "SentimentText": "가격도 저렴하고",
        "SentimentWord": "2",
        "SentimentPolarity": "1"
      },
      {
        "Aspect": "기능",
        "SentimentText": "바람도 시원하니 무겁지   않아 옮기기도 쉬워요.",
        "SentimentWord": "6",
        "SentimentPolarity": "1"
      },
      {
        "Aspect": "무게",
        "SentimentText": "무겁지   않아 옮기기도 쉬워요.",
        "SentimentWord": "4",
        "SentimentPolarity": "1"
      },
      {
        "Aspect": "편의성",
        "SentimentText": "옮기기도 쉬워요.",
        "SentimentWord": "2",
        "SentimentPolarity": "1"
      }
    ]
  },
  {
    "Index": "8394",
    "RawText": "가격도 착하지만!! 사이즈는 좀 작은듯 하지만요~ 너무 성능이 좋아요",
    "Source": "SNS",
    "Domain": "가전",
    "MainCategory": "계절가전",
    "ProductName": "[대웅모닝컴] 리모컨 스탠드 에어써큘레이터 CZ-YK6062R",
    "ReviewScore": "100",
    "Syllable": "38",
    "Word": "9",
    "RDate": "20210719",
    "GeneralPolarity": "1",
    "Aspects": [
      {
        "Aspect": "가격",
        "SentimentText": "가격도 착하지만!!",
        "SentimentWord": "2",
        "SentimentPolarity": "1"
      },
      {
        "Aspect": "사이즈",
        "SentimentText": "사이즈는 좀 작은듯 하지만요~",
        "SentimentWord": "4",
        "SentimentPolarity": "0"
      },
      {
        "Aspect": "기능",
        "SentimentText": "너무 성능이 좋아요",
        "SentimentWord": "3",
        "SentimentPolarity": "1"
      }
    ]
  },
  {
    "Index": "8395",
    "RawText": "가격이 저렴해서 부담이없어요. 아쉬운점은 시간이 지나니 바람세기가  중이상에서 소음이 커지는게 신경쓰이네요.",
    "Source": "SNS",
    "Domain": "가전",
    "MainCategory": "계절가전",
    "ProductName": "[대웅모닝컴] 리모컨 스탠드 에어써큘레이터 CZ-YK6062R",
    "ReviewScore": "80",
    "Syllable": "60",
    "Word": "11",
    "RDate": "20210804",
    "GeneralPolarity": "-1",
    "Aspects": [
      {
        "Aspect": "가격",
        "SentimentText": "가격이 저렴해서 부담이없어요.",
        "SentimentWord": "3",
        "SentimentPolarity": "1"
      },
      {
        "Aspect": "소음",
        "SentimentText": "아쉬운점은 시간이 지나니 바람세기가  중이상에서 소음이 커지는게 신경쓰이네요.",
        "SentimentWord": "8",
        "SentimentPolarity": "-1"
      }
    ]
  },
  {
    "Index": "8396",
    "RawText": "가볍고 자리도 덜 차지해서 좋은데 소음이 심하네요. 게다가 살짝 부딪쳐도 쉽게 넘어지고. 청소하기도 불편해요.",
    "Source": "SNS",
    "Domain": "가전",
    "MainCategory": "계절가전",
    "ProductName": "[대웅모닝컴] 리모컨 스탠드 에어써큘레이터 CZ-YK6062R",
    "ReviewScore": "60",
    "Syllable": "61",
    "Word": "14",
    "RDate": "20210820",
    "GeneralPolarity": "-1",
    "Aspects": [
      {
        "Aspect": "사이즈",
        "SentimentText": "가볍고 자리도 덜 차지해서 좋은데",
        "SentimentWord": "5",
        "SentimentPolarity": "1"
      },
      {
        "Aspect": "소음",
        "SentimentText": " 소음이 심하네요. ",
        "SentimentWord": "2",
        "SentimentPolarity": "-1"
      },
      {
        "Aspect": "편의성",
        "SentimentText": "게다가 살짝 부딪쳐도 쉽게 넘어지고. 청소하기도 불편해요.",
        "SentimentWord": "7",
        "SentimentPolarity": "-1"
      }
    ]
  },
  {
    "Index": "8397",
    "RawText": "가성비 좋은 것 같아요, 크기 크지 않지만 시원해요.",
    "Source": "SNS",
    "Domain": "가전",
    "MainCategory": "계절가전",
    "ProductName": "[대웅모닝컴] 리모컨 스탠드 에어써큘레이터 CZ-YK6062R",
    "ReviewScore": "100",
    "Syllable": "29",
    "Word": "8",
    "RDate": "20210827",
    "GeneralPolarity": "1",
    "Aspects": [
      {
        "Aspect": "가격",
        "SentimentText": "가성비 좋은 것 같아요",
        "SentimentWord": "4",
        "SentimentPolarity": "1"
      },
      {
        "Aspect": "사이즈",
        "SentimentText": "크기 크지 않지만 시원해요.",
        "SentimentWord": "4",
        "SentimentPolarity": "1"
      }
    ]
  },
  {
    "Index": "8398",
    "RawText": "가성비는 나쁘지 않고 바람 세기도 좋은데 리모컨이 불량이 왔네요. 리모컨만 교환이 가능할지요. 전체 교환 귀찮은데…",
    "Source": "SNS",
    "Domain": "가전",
    "MainCategory": "계절가전",
    "ProductName": "[대웅모닝컴] 리모컨 스탠드 에어써큘레이터 CZ-YK6062R",
    "ReviewScore": "60",
    "Syllable": "64",
    "Word": "15",
    "RDate": "20210729",
    "GeneralPolarity": "-1",
    "Aspects": [
      {
        "Aspect": "가격",
        "SentimentText": "가성비는 나쁘지 않고 ",
        "SentimentWord": "3",
        "SentimentPolarity": "0"
      },
      {
        "Aspect": "기능",
        "SentimentText": " 바람 세기도 좋은데 ",
        "SentimentWord": "3",
        "SentimentPolarity": "1"
      },
      {
        "Aspect": "품질",
        "SentimentText": " 리모컨이 불량이 왔네요. 리모컨만 교환이 가능할지요. 전체 교환 귀찮은데…",
        "SentimentWord": "9",
        "SentimentPolarity": "-1"
      }
    ]
  },
  {
    "Index": "8399",
    "RawText": "가성비조아요.소음도 적은편이고 내구성이 있을지 모르겠지만 일단은가격저렴하고 리모컨도있고 만족",
    "Source": "SNS",
    "Domain": "가전",
    "MainCategory": "계절가전",
    "ProductName": "[대웅모닝컴] 리모컨 스탠드 에어써큘레이터 CZ-YK6062R",
    "ReviewScore": "100",
    "Syllable": "51",
    "Word": "8",
    "RDate": "20210723",
    "GeneralPolarity": "1",
    "Aspects": [
      {
        "Aspect": "가격",
        "SentimentText": "가성비조아요.",
        "SentimentWord": "1",
        "SentimentPolarity": "1"
      },
      {
        "Aspect": "소음",
        "SentimentText": "소음도 적은편이고",
        "SentimentWord": "2",
        "SentimentPolarity": "1"
      },
      {
        "Aspect": "가격",
        "SentimentText": "가격저렴하고 리모컨도있고 만족",
        "SentimentWord": "3",
        "SentimentPolarity": "1"
      },
      {
        "Aspect": "제품구성",
        "SentimentText": "리모컨도있고 만족",
        "SentimentWord": "2",
        "SentimentPolarity": "1"
      }
    ]
  },
  {
    "Index": "8400",
    "RawText": "귀엽고 조금작지만 바람3단계이고 사용도  편리합니다 다만 강으로갈수록  소음이 있내요",
    "Source": "SNS",
    "Domain": "가전",
    "MainCategory": "계절가전",
    "ProductName": "[대웅모닝컴] 리모컨 스탠드 에어써큘레이터 CZ-YK6062R",
    "ReviewScore": "100",
    "Syllable": "47",
    "Word": "9",
    "RDate": "20210813",
    "GeneralPolarity": "0",
    "Aspects": [
      {
        "Aspect": "편의성",
        "SentimentText": "귀엽고 조금작지만 바람3단계이고 사용도  편리합니다",
        "SentimentWord": "5",
        "SentimentPolarity": "1"
      },
      {
        "Aspect": "소음",
        "SentimentText": "다만 강으로갈수록  소음이 있내요",
        "SentimentWord": "4",
        "SentimentPolarity": "-1"
      }
    ]
  },
  {
    "Index": "8401",
    "RawText": "기존 선풍기를 바꾸고 싶은 마음에 구매했는데 생각보다 바람도 세고 기능도 좋아요 리모컨까지 있어서 너무 맘에 드네요",
    "Source": "SNS",
    "Domain": "가전",
    "MainCategory": "계절가전",
    "ProductName": "[대웅모닝컴] 리모컨 스탠드 에어써큘레이터 CZ-YK6062R",
    "ReviewScore": "100",
    "Syllable": "64",
    "Word": "16",
    "RDate": "20210806",
    "GeneralPolarity": "1",
    "Aspects": [
      {
        "Aspect": "기능",
        "SentimentText": "바람도 세고 기능도 좋아요",
        "SentimentWord": "4",
        "SentimentPolarity": "1"
      },
      {
        "Aspect": "제품구성",
        "SentimentText": "리모컨까지 있어서 너무 맘에 드네요",
        "SentimentWord": "5",
        "SentimentPolarity": "1"
      }
    ]
  },
  {
    "Index": "8402",
    "RawText": "꼬마 스탠드네요.  싼티나지만 너무 가벼워서 이동하기 좋아요. 가성비는",
    "Source": "SNS",
    "Domain": "가전",
    "MainCategory": "계절가전",
    "ProductName": "[대웅모닝컴] 리모컨 스탠드 에어써큘레이터 CZ-YK6062R",
    "ReviewScore": "80",
    "Syllable": "39",
    "Word": "8",
    "RDate": "20210602",
    "GeneralPolarity": "0",
    "Aspects": [
      {
        "Aspect": "디자인",
        "SentimentText": "꼬마 스탠드네요.  싼티나지만",
        "SentimentWord": "3",
        "SentimentPolarity": "-1"
      },
      {
        "Aspect": "편의성",
        "SentimentText": "너무 가벼워서 이동하기 좋아요. ",
        "SentimentWord": "4",
        "SentimentPolarity": "1"
      }
    ]
  },
  {
    "Index": "8403",
    "RawText": "날개도 작고 회전할때 삐걱삐걱 소리도 나고 별로 맘에 안드는데 반품 귀찬아서 걍 사용함",
    "Source": "SNS",
    "Domain": "가전",
    "MainCategory": "계절가전",
    "ProductName": "[대웅모닝컴] 리모컨 스탠드 에어써큘레이터 CZ-YK6062R",
    "ReviewScore": "70",
    "Syllable": "48",
    "Word": "13",
    "RDate": "20210803",
    "Aspects": [
      {
        "Aspect": "사이즈",
        "SentimentText": "날개도 작고 회전할때 삐걱삐걱 소리도 나고 별로 맘에 안드는데",
        "SentimentWord": "9",
        "SentimentPolarity": "-1"
      },
      {
        "Aspect": "소음",
        "SentimentText": "회전할때 삐걱삐걱 소리도 나고 별로 맘에 안드는데",
        "SentimentWord": "7",
        "SentimentPolarity": "-1"
      }
    ]
  },
  {
    "Index": "8404",
    "RawText": "너무좋아요 작고 소음도작고... 하지만 언제부턴가 회전할때 소리가 좀나세요",
    "Source": "SNS",
    "Domain": "가전",
    "MainCategory": "계절가전",
    "ProductName": "[대웅모닝컴] 리모컨 스탠드 에어써큘레이터 CZ-YK6062R",
    "ReviewScore": "100",
    "Syllable": "41",
    "Word": "8",
    "RDate": "20210806",
    "GeneralPolarity": "0",
    "Aspects": [
      {
        "Aspect": "사이즈",
        "SentimentText": "너무좋아요 작고 ",
        "SentimentWord": "2",
        "SentimentPolarity": "1"
      },
      {
        "Aspect": "소음",
        "SentimentText": "너무좋아요 작고 소음도작고...",
        "SentimentWord": "3",
        "SentimentPolarity": "1"
      },
      {
        "Aspect": "소음",
        "SentimentText": "하지만 언제부턴가 회전할때 소리가 좀나세요",
        "SentimentWord": "5",
        "SentimentPolarity": "-1"
      }
    ]
  },
  {
    "Index": "8405",
    "RawText": "넘넘 시원하고 가벼워서 이동하기도 편하고 올여름 시원하게 잘보냈습니다.",
    "Source": "SNS",
    "Domain": "가전",
    "MainCategory": "계절가전",
    "ProductName": "[대웅모닝컴] 리모컨 스탠드 에어써큘레이터 CZ-YK6062R",
    "ReviewScore": "100",
    "Syllable": "39",
    "Word": "8",
    "RDate": "20210906",
    "GeneralPolarity": "1",
    "Aspects": [
      {
        "Aspect": "기능",
        "SentimentText": "넘넘 시원하고",
        "SentimentWord": "2",
        "SentimentPolarity": "1"
      },
      {
        "Aspect": "무게",
        "SentimentText": "가벼워서 이동하기도 편하고 올여름 시원하게 잘보냈습니다.",
        "SentimentWord": "6",
        "SentimentPolarity": "1"
      },
      {
        "Aspect": "편의성",
        "SentimentText": "이동하기도 편하고 올여름 시원하게 잘보냈습니다.",
        "SentimentWord": "5",
        "SentimentPolarity": "1"
      }
    ]
  },
  {
    "Index": "8406",
    "RawText": "높낮이 조절 안됨. 받침이 부실해서 아이들이 좀만 쳐도 잘 넘어짐. 하지만 가성비 좋은 상품임  ",
    "Source": "SNS",
    "Domain": "가전",
    "MainCategory": "계절가전",
    "ProductName": "[대웅모닝컴] 리모컨 스탠드 에어써큘레이터 CZ-YK6062R",
    "ReviewScore": "80",
    "Syllable": "54",
    "Word": "14",
    "RDate": "20210812",
    "Aspects": [
      {
        "Aspect": "조작성",
        "SentimentText": "높낮이 조절 안됨. ",
        "SentimentWord": "3",
        "SentimentPolarity": "-1"
      },
      {
        "Aspect": "내구성",
        "SentimentText": "받침이 부실해서 아이들이 좀만 쳐도 잘 넘어짐. ",
        "SentimentWord": "7",
        "SentimentPolarity": "-1"
      },
      {
        "Aspect": "가격",
        "SentimentText": "하지만 가성비 좋은 상품임",
        "SentimentWord": "4",
        "SentimentPolarity": "1"
      }
    ]
  },
  {
    "Index": "8407",
    "RawText": "높이도 좋고 리모컨도 있어 좋은데 목이 아래로 조금더 꺽였음 하는 아쉬움 있네요",
    "Source": "SNS",
    "Domain": "가전",
    "MainCategory": "계절가전",
    "ProductName": "[대웅모닝컴] 리모컨 스탠드 에어써큘레이터 CZ-YK6062R",
    "ReviewScore": "60",
    "Syllable": "44",
    "Word": "12",
    "RDate": "20210829",
    "GeneralPolarity": "0",
    "Aspects": [
      {
        "Aspect": "사이즈",
        "SentimentText": "높이도 좋고",
        "SentimentWord": "2",
        "SentimentPolarity": "1"
      },
      {
        "Aspect": "제품구성",
        "SentimentText": "리모컨도 있어 좋은데",
        "SentimentWord": "3",
        "SentimentPolarity": "1"
      },
      {
        "Aspect": "편의성",
        "SentimentText": "목이 아래로 조금더 꺽였음 하는 아쉬움 있네요",
        "SentimentWord": "7",
        "SentimentPolarity": "-1"
      }
    ]
  },
  {
    "Index": "8408",
    "RawText": "두번째  구매인데 바람은 시원한데 선풍기에서 잡음이 나  교환신청 했습니다 ~~~",
    "Source": "SNS",
    "Domain": "가전",
    "MainCategory": "계절가전",
    "ProductName": "[대웅모닝컴] 리모컨 스탠드 에어써큘레이터 CZ-YK6062R",
    "ReviewScore": "60",
    "Syllable": "45",
    "Word": "10",
    "RDate": "20210822",
    "GeneralPolarity": "-1",
    "Aspects": [
      {
        "Aspect": "기능",
        "SentimentText": "바람은 시원한데",
        "SentimentWord": "2",
        "SentimentPolarity": "1"
      },
      {
        "Aspect": "소음",
        "SentimentText": "선풍기에서 잡음이 나  교환신청 했습니다 ~~~",
        "SentimentWord": "6",
        "SentimentPolarity": "-1"
      }
    ]
  },
  {
    "Index": "8409",
    "RawText": "디자인 예쁘고 제품 조작방법도 실용적이고 아주맘에 쏙~~들어요~~^^",
    "Source": "SNS",
    "Domain": "가전",
    "MainCategory": "계절가전",
    "ProductName": "[대웅모닝컴] 리모컨 스탠드 에어써큘레이터 CZ-YK6062R",
    "ReviewScore": "100",
    "Syllable": "38",
    "Word": "7",
    "RDate": "20210718",
    "GeneralPolarity": "1",
    "Aspects": [
      {
        "Aspect": "디자인",
        "SentimentText": "디자인 예쁘고",
        "SentimentWord": "2",
        "SentimentPolarity": "1"
      },
      {
        "Aspect": "조작성",
        "SentimentText": " 제품 조작방법도 실용적이고 아주맘에 쏙~~들어요~~^^",
        "SentimentWord": "5",
        "SentimentPolarity": "1"
      }
    ]
  },
  {
    "Index": "8410",
    "RawText": "디자인이 깔끔해서 구매했는데 해드부분 손잡이가 불편하고 바닦이 가벼워서 건들면 쓰러질위험이있음.",
    "Source": "SNS",
    "Domain": "가전",
    "MainCategory": "계절가전",
    "ProductName": "[대웅모닝컴] 리모컨 스탠드 에어써큘레이터 CZ-YK6062R",
    "ReviewScore": "70",
    "Syllable": "53",
    "Word": "10",
    "RDate": "20210806",
    "GeneralPolarity": "-1",
    "Aspects": [
      {
        "Aspect": "디자인",
        "SentimentText": "디자인이 깔끔해서 구매했는데",
        "SentimentWord": "3",
        "SentimentPolarity": "1"
      },
      {
        "Aspect": "편의성",
        "SentimentText": "해드부분 손잡이가 불편하고",
        "SentimentWord": "3",
        "SentimentPolarity": "-1"
      },
      {
        "Aspect": "무게",
        "SentimentText": "바닦이 가벼워서 건들면 쓰러질위험이있음.",
        "SentimentWord": "4",
        "SentimentPolarity": "-1"
      }
    ]
  },
  {
    "Index": "8411",
    "RawText": "딱 보통의 고만큼만 하는 기능의 선풍기입니다. 공간 차지를 크게 하지 않아 좋아요. 빠른 배송 감사합니다.",
    "Source": "SNS",
    "Domain": "가전",
    "MainCategory": "계절가전",
    "ProductName": "[대웅모닝컴] 리모컨 스탠드 에어써큘레이터 CZ-YK6062R",
    "ReviewScore": "100",
    "Syllable": "59",
    "Word": "15",
    "RDate": "20210831",
    "Aspects": [
      {
        "Aspect": "사이즈",
        "SentimentText": " 공간 차지를 크게 하지 않아 좋아요. ",
        "SentimentWord": "6",
        "SentimentPolarity": "1"
      },
      {
        "Aspect": "기능",
        "SentimentText": "딱 보통의 고만큼만 하는 기능의 선풍기입니다. 공",
        "SentimentWord": "7",
        "SentimentPolarity": "0"
      }
    ]
  },
  {
    "Index": "8412",
    "RawText": "리모컨 있어서 편리하게 사용중이예요 소리가 조용하진 않네요",
    "Source": "SNS",
    "Domain": "가전",
    "MainCategory": "계절가전",
    "ProductName": "[대웅모닝컴] 리모컨 스탠드 에어써큘레이터 CZ-YK6062R",
    "ReviewScore": "100",
    "Syllable": "32",
    "Word": "7",
    "RDate": "20210803",
    "GeneralPolarity": "0",
    "Aspects": [
      {
        "Aspect": "제품구성",
        "SentimentText": "리모컨 있어서 편리하게 사용중이예요",
        "SentimentWord": "4",
        "SentimentPolarity": "1"
      },
      {
        "Aspect": "소음",
        "SentimentText": "소리가 조용하진 않네요",
        "SentimentWord": "3",
        "SentimentPolarity": "-1"
      }
    ]
  },
  {
    "Index": "8413",
    "RawText": "리모콘 있고 크기도 알맞고 올여름 편하게 잘 쓰고 있어요",
    "Source": "SNS",
    "Domain": "가전",
    "MainCategory": "계절가전",
    "ProductName": "[대웅모닝컴] 리모컨 스탠드 에어써큘레이터 CZ-YK6062R",
    "ReviewScore": "100",
    "Syllable": "31",
    "Word": "9",
    "RDate": "20210804",
    "GeneralPolarity": "1",
    "Aspects": [
      {
        "Aspect": "제품구성",
        "SentimentText": "리모콘 있고 크기도 알맞고 올여름 편하게 잘 쓰고 있어요",
        "SentimentWord": "9",
        "SentimentPolarity": "1"
      },
      {
        "Aspect": "사이즈",
        "SentimentText": "크기도 알맞고 올여름 편하게 잘 쓰고 있어요",
        "SentimentWord": "7",
        "SentimentPolarity": "1"
      }
    ]
  },
  {
    "Index": "8414",
    "RawText": "머리가 넘 작고 기능도  별루없어요ㅠ딱 가격만큼  인것같네요.",
    "Source": "SNS",
    "Domain": "가전",
    "MainCategory": "계절가전",
    "ProductName": "[대웅모닝컴] 리모컨 스탠드 에어써큘레이터 CZ-YK6062R",
    "ReviewScore": "50",
    "Syllable": "34",
    "Word": "7",
    "RDate": "20210625",
    "GeneralPolarity": "-1",
    "Aspects": [
      {
        "Aspect": "사이즈",
        "SentimentText": "머리가 넘 작고 기능도  별루없어요ㅠ",
        "SentimentWord": "5",
        "SentimentPolarity": "-1"
      },
      {
        "Aspect": "기능",
        "SentimentText": "기능도  별루없어요ㅠ",
        "SentimentWord": "2",
        "SentimentPolarity": "-1"
      }
    ]
  },
  {
    "Index": "8415",
    "RawText": "바람세기도  시원하고  조작도 간편하고 좁은 공간에도 안성맞춤",
    "Source": "SNS",
    "Domain": "가전",
    "MainCategory": "계절가전",
    "ProductName": "[대웅모닝컴] 리모컨 스탠드 에어써큘레이터 CZ-YK6062R",
    "ReviewScore": "70",
    "Syllable": "34",
    "Word": "7",
    "RDate": "20210725",
    "GeneralPolarity": "1",
    "Aspects": [
      {
        "Aspect": "기능",
        "SentimentText": "바람세기도  시원하고",
        "SentimentWord": "2",
        "SentimentPolarity": "1"
      },
      {
        "Aspect": "조작성",
        "SentimentText": " 조작도 간편하고",
        "SentimentWord": "2",
        "SentimentPolarity": "1"
      },
      {
        "Aspect": "사이즈",
        "SentimentText": "좁은 공간에도 안성맞춤",
        "SentimentWord": "3",
        "SentimentPolarity": "1"
      }
    ]
  },
  {
    "Index": "8416",
    "RawText": "바람이 강하지는 않아요  좀 가벼워서  좀건들면 흐ㅢ청거린다는게 좀 아쉽네요",
    "Source": "SNS",
    "Domain": "가전",
    "MainCategory": "계절가전",
    "ProductName": "[대웅모닝컴] 리모컨 스탠드 에어써큘레이터 CZ-YK6062R",
    "ReviewScore": "60",
    "Syllable": "42",
    "Word": "9",
    "RDate": "20210813",
    "GeneralPolarity": "-1",
    "Aspects": [
      {
        "Aspect": "기능",
        "SentimentText": "바람이 강하지는 않아요 ",
        "SentimentWord": "3",
        "SentimentPolarity": "-1"
      },
      {
        "Aspect": "무게",
        "SentimentText": "좀 가벼워서  좀건들면 흐ㅢ청거린다는게 좀 아쉽네요",
        "SentimentWord": "6",
        "SentimentPolarity": "-1"
      }
    ]
  },
  {
    "Index": "8417",
    "RawText": "받아보니 제품이 불량이에요 왜이런 걸 주죠?? 반품할 곳이 앱에 없나요? 서비스 센터 찾기가 어렵습니다.  고장난거 검수 안하시나요? 리모콘도 뻑뻑해서 누르기도 힘들어요",
    "Source": "SNS",
    "Domain": "가전",
    "MainCategory": "계절가전",
    "ProductName": "[대웅모닝컴] 리모컨 스탠드 에어써큘레이터 CZ-YK6062R",
    "ReviewScore": "10",
    "Syllable": "94",
    "Word": "21",
    "RDate": "20210722",
    "Aspects": [
      {
        "Aspect": "조작성",
        "SentimentText": "리모콘도 뻑뻑해서 누르기도 힘들어요",
        "SentimentWord": "4",
        "SentimentPolarity": "-1"
      },
      {
        "Aspect": "품질",
        "SentimentText": "받아보니 제품이 불량이에요 왜이런 걸 주죠??",
        "SentimentWord": "6",
        "SentimentPolarity": "-1"
      }
    ]
  },
  {
    "Index": "8418",
    "RawText": "받침대없이 배송되어 문의글 남겨도 답이 없네여.교환해주세요 리모컨 인식이 제대로 안되요. 불량인가요? 바람세기도 생각보다 약해서 실망이구요",
    "Source": "SNS",
    "Domain": "가전",
    "MainCategory": "계절가전",
    "ProductName": "[대웅모닝컴] 리모컨 스탠드 에어써큘레이터 CZ-YK6062R",
    "ReviewScore": "10",
    "Syllable": "77",
    "Word": "15",
    "RDate": "20210720",
    "Aspects": [
      {
        "Aspect": "품질",
        "SentimentText": "리모컨 인식이 제대로 안되요. 불량인가요?",
        "SentimentWord": "5",
        "SentimentPolarity": "-1"
      },
      {
        "Aspect": "기능",
        "SentimentText": "바람세기도 생각보다 약해서 실망이구요",
        "SentimentWord": "4",
        "SentimentPolarity": "-1"
      }
    ]
  },
  {
    "Index": "8419",
    "RawText": "빠른 배송 감사하구요.  리모콘이 부드럽게 잘 눌려요 아주 좋네요 아주 편하게 잘 쓰고 있네요. 마니마니 파세요.",
    "Source": "SNS",
    "Domain": "가전",
    "MainCategory": "계절가전",
    "ProductName": "[대웅모닝컴] 리모컨 스탠드 에어써큘레이터 CZ-YK6062R",
    "ReviewScore": "100",
    "Syllable": "63",
    "Word": "16",
    "RDate": "20210804",
    "Aspects": [
      {
        "Aspect": "조작성",
        "SentimentText": "리모콘이 부드럽게 잘 눌려요 아주 좋네요",
        "SentimentWord": "6",
        "SentimentPolarity": "1"
      },
      {
        "Aspect": "편의성",
        "SentimentText": "아주 편하게 잘 쓰고 있네요.",
        "SentimentWord": "5",
        "SentimentPolarity": "1"
      }
    ]
  },
  {
    "Index": "8420",
    "RawText": "빠른배송감사합니다. 블래과 화이트의 조화 색상은 아주 마음에 듭니다 리모컨이작동이안되는데... 리모컨 교환해주세요",
    "Source": "SNS",
    "Domain": "가전",
    "MainCategory": "계절가전",
    "ProductName": "[대웅모닝컴] 리모컨 스탠드 에어써큘레이터 CZ-YK6062R",
    "ReviewScore": "100",
    "Syllable": "63",
    "Word": "11",
    "RDate": "20210726",
    "Aspects": [
      {
        "Aspect": "색상",
        "SentimentText": "블래과 화이트의 조화 색상은 아주 마음에 듭니다",
        "SentimentWord": "7",
        "SentimentPolarity": "1"
      },
      {
        "Aspect": "품질",
        "SentimentText": "리모컨이작동이안되는데... 리모컨 교환해주세요",
        "SentimentWord": "3",
        "SentimentPolarity": "-1"
      }
    ]
  },
  {
    "Index": "8421",
    "RawText": "사용중인 선풍기가  부실해서 구입하게되었어요 가볍고 크기도작아서  깔끔하네요 시원하구요~ 리모컨은  안되서ㅜㅜ",
    "Source": "SNS",
    "Domain": "가전",
    "MainCategory": "계절가전",
    "ProductName": "[대웅모닝컴] 리모컨 스탠드 에어써큘레이터 CZ-YK6062R",
    "ReviewScore": "100",
    "Syllable": "61",
    "Word": "10",
    "RDate": "20210810",
    "GeneralPolarity": "1",
    "Aspects": [
      {
        "Aspect": "무게",
        "SentimentText": "가볍고 크기도작아서  깔끔하네요",
        "SentimentWord": "3",
        "SentimentPolarity": "1"
      },
      {
        "Aspect": "사이즈",
        "SentimentText": "크기도작아서  깔끔하네요 ",
        "SentimentWord": "2",
        "SentimentPolarity": "1"
      },
      {
        "Aspect": "기능",
        "SentimentText": "시원하구요~ ",
        "SentimentWord": "1",
        "SentimentPolarity": "1"
      },
      {
        "Aspect": "품질",
        "SentimentText": "리모컨은  안되서ㅜㅜ",
        "SentimentWord": "2",
        "SentimentPolarity": "-1"
      }
    ]
  },
  {
    "Index": "8422",
    "RawText": "사이즈도 적당하고 바람세기도 조정되고 디자인도 이뻐요",
    "Source": "SNS",
    "Domain": "가전",
    "MainCategory": "계절가전",
    "ProductName": "[대웅모닝컴] 리모컨 스탠드 에어써큘레이터 CZ-YK6062R",
    "ReviewScore": "100",
    "Syllable": "29",
    "Word": "6",
    "RDate": "20210804",
    "GeneralPolarity": "1",
    "Aspects": [
      {
        "Aspect": "사이즈",
        "SentimentText": "사이즈도 적당하고",
        "SentimentWord": "2",
        "SentimentPolarity": "1"
      },
      {
        "Aspect": "기능",
        "SentimentText": "바람세기도 조정되고",
        "SentimentWord": "2",
        "SentimentPolarity": "1"
      },
      {
        "Aspect": "디자인",
        "SentimentText": "디자인도 이뻐요",
        "SentimentWord": "2",
        "SentimentPolarity": "1"
      }
    ]
  },
  {
    "Index": "8423",
    "RawText": "상품 만족합니다. 가격 만족합니다. 배송 만족합니다. 수고하세요.",
    "Source": "SNS",
    "Domain": "가전",
    "MainCategory": "계절가전",
    "ProductName": "[대웅모닝컴] 리모컨 스탠드 에어써큘레이터 CZ-YK6062R",
    "ReviewScore": "100",
    "Syllable": "36",
    "Word": "7",
    "RDate": "20210720",
    "Aspects": [
      {
        "Aspect": "품질",
        "SentimentText": "상품 만족합니다.",
        "SentimentWord": "2",
        "SentimentPolarity": "1"
      },
      {
        "Aspect": "가격",
        "SentimentText": "가격 만족합니다.",
        "SentimentWord": "2",
        "SentimentPolarity": "1"
      }
    ]
  },
  {
    "Index": "8424",
    "RawText": "생각보다 도립이 편하긴해요 켜자마자 방이 쾌적해지네요 기능이 정말 예술~ 배송은 생각보다늦였구요ㅠ",
    "Source": "SNS",
    "Domain": "가전",
    "MainCategory": "계절가전",
    "ProductName": "[대웅모닝컴] 리모컨 스탠드 에어써큘레이터 CZ-YK6062R",
    "ReviewScore": "100",
    "Syllable": "54",
    "Word": "11",
    "RDate": "20210816",
    "Aspects": [
      {
        "Aspect": "조작성",
        "SentimentText": "생각보다 도립이 편하긴해요",
        "SentimentWord": "3",
        "SentimentPolarity": "1"
      },
      {
        "Aspect": "기능",
        "SentimentText": "켜자마자 방이 쾌적해지네요 기능이 정말 예술~",
        "SentimentWord": "6",
        "SentimentPolarity": "1"
      }
    ]
  },
  {
    "Index": "8425",
    "RawText": "생각보다 소음이 있고  회전시 크게 삐걱거리는 소리가 거슬린다 고정으로 약풍사용시만 추천함.",
    "Source": "SNS",
    "Domain": "가전",
    "MainCategory": "계절가전",
    "ProductName": "[대웅모닝컴] 리모컨 스탠드 에어써큘레이터 CZ-YK6062R",
    "ReviewScore": "60",
    "Syllable": "51",
    "Word": "11",
    "RDate": "20210708",
    "Aspects": [
      {
        "Aspect": "소음",
        "SentimentText": "생각보다 소음이 있고",
        "SentimentWord": "3",
        "SentimentPolarity": "-1"
      },
      {
        "Aspect": "소음",
        "SentimentText": "회전시 크게 삐걱거리는 소리가 거슬린다 고정으로 약풍사용시만 추천함.",
        "SentimentWord": "8",
        "SentimentPolarity": "-1"
      }
    ]
  },
  {
    "Index": "8426",
    "RawText": "선풍기 구매한지 두달이 안되었는데 고장났습니다.아에 작동을 하지 않습니다 포장되어온것 다 버렸는데 A/S도 불편하고  되는지도 모르고 진짜 화가 납니다. 싸게 산것도 아닌데 버려야 하는지 돈아까워요 ",
    "Source": "SNS",
    "Domain": "가전",
    "MainCategory": "계절가전",
    "ProductName": "[대웅모닝컴] 리모컨 스탠드 에어써큘레이터 CZ-YK6062R",
    "ReviewScore": "20",
    "Syllable": "111",
    "Word": "24",
    "RDate": "20210731",
    "GeneralPolarity": "-1",
    "Aspects": [
      {
        "Aspect": "품질",
        "SentimentText": "선풍기 구매한지 두달이 안되었는데 고장났습니다.아에 작동을 하지 않습니다",
        "SentimentWord": "8",
        "SentimentPolarity": "-1"
      },
      {
        "Aspect": "가격",
        "SentimentText": "싸게 산것도 아닌데 버려야 하는지 돈아까워요",
        "SentimentWord": "6",
        "SentimentPolarity": "-1"
      }
    ]
  },
  {
    "Index": "8427",
    "RawText": "선풍기가 고장이 나서 구매했는데 바람 시원하고 좋아요^^ 다만 방향 조절이 좀 어려운거 빼곤",
    "Source": "SNS",
    "Domain": "가전",
    "MainCategory": "계절가전",
    "ProductName": "[대웅모닝컴] 리모컨 스탠드 에어써큘레이터 CZ-YK6062R",
    "ReviewScore": "100",
    "Syllable": "51",
    "Word": "13",
    "RDate": "20210807",
    "GeneralPolarity": "1",
    "Aspects": [
      {
        "Aspect": "기능",
        "SentimentText": "바람 시원하고 좋아요^^ ",
        "SentimentWord": "3",
        "SentimentPolarity": "1"
      },
      {
        "Aspect": "조작성",
        "SentimentText": "다만 방향 조절이 좀 어려운거 빼곤",
        "SentimentWord": "6",
        "SentimentPolarity": "-1"
      }
    ]
  }
]