[
  {
    "Index": "36570",
    "RawText": "사이즈가 작아서 아쉽지만 귀여워요~~ 따뜻한 바람은 잘 나오고 소음이 있지만 만족합니다.",
    "Source": "쇼핑몰",
    "Domain": "가전",
    "MainCategory": "계절가전",
    "ProductName": "아이슈미드 슈미드 마카롱 SC-MH-2020 일반구매",
    "ReviewScore": "5",
    "Syllable": "49",
    "Word": "11",
    "RDate": "20210911",
    "GeneralPolarity": "0",
    "Aspects": [
      {
        "Aspect": "사이즈",
        "SentimentText": "사이즈가 작아서 아쉽지만 귀여워요~~",
        "SentimentWord": "4",
        "SentimentPolarity": "0"
      },
      {
        "Aspect": "기능",
        "SentimentText": "따뜻한 바람은 잘 나오고",
        "SentimentWord": "4",
        "SentimentPolarity": "1"
      },
      {
        "Aspect": "소음",
        "SentimentText": "소음이 있지만 만족합니다.",
        "SentimentWord": "3",
        "SentimentPolarity": "0"
      }
    ]
  },
  {
    "Index": "36571",
    "RawText": "사이즈 생각보다 정말 작아요. 이 사이즈로 기능이 제대로 작동할까 걱정입니다. 소음은 별로없고 조용해서 좋네요~  따뜻한 바람도 제법 쎄게 잘 나와서 캠핑가서  따뜻하게  잘 사용해요",
    "Source": "쇼핑몰",
    "Domain": "가전",
    "MainCategory": "계절가전",
    "ProductName": "아이슈미드 슈미드 마카롱 SC-MH-2020 일반구매",
    "ReviewScore": "5",
    "Syllable": "102",
    "Word": "24",
    "RDate": "20210905",
    "GeneralPolarity": "0",
    "Aspects": [
      {
        "Aspect": "사이즈",
        "SentimentText": "사이즈 생각보다 정말 작아요. 이 사이즈로 기능이 제대로 작동할까 걱정입니다.",
        "SentimentWord": "10",
        "SentimentPolarity": "0"
      },
      {
        "Aspect": "소음",
        "SentimentText": " 소음은 별로없고 조용해서 좋네요~",
        "SentimentWord": "4",
        "SentimentPolarity": "1"
      },
      {
        "Aspect": "기능",
        "SentimentText": "따뜻한 바람도 제법 쎄게 잘 나와서 캠핑가서 따뜻하게  잘 사용해요",
        "SentimentWord": "10",
        "SentimentPolarity": "1"
      }
    ]
  },
  {
    "Index": "36572",
    "RawText": "소리가 매우 크고 기능이 생각보다 좋지 않아요~  발열감도 가까이 가야 따뜻해지니 마음에 들지 않네요 전기냄새도 납니다.",
    "Source": "쇼핑몰",
    "Domain": "가전",
    "MainCategory": "계절가전",
    "ProductName": "아이슈미드 슈미드 마카롱 SC-MH-2020 일반구매",
    "ReviewScore": "2",
    "Syllable": "67",
    "Word": "16",
    "RDate": "20211230",
    "GeneralPolarity": "-1",
    "Aspects": [
      {
        "Aspect": "소음",
        "SentimentText": "소리가 매우 크고",
        "SentimentWord": "3",
        "SentimentPolarity": "-1"
      },
      {
        "Aspect": "기능",
        "SentimentText": "발열감도 가까이 가야 따뜻해지니 마음에 들지 않네요",
        "SentimentWord": "7",
        "SentimentPolarity": "-1"
      },
      {
        "Aspect": "품질",
        "SentimentText": "전기냄새도 납니다.",
        "SentimentWord": "2",
        "SentimentPolarity": "-1"
      }
    ]
  },
  {
    "Index": "36573",
    "RawText": "전원 켜자마자 빠르게 따뜻해지네요. 저소음 제품이라 마음에 들어요.",
    "Source": "쇼핑몰",
    "Domain": "가전",
    "MainCategory": "계절가전",
    "ProductName": "아이슈미드 슈미드 마카롱 SC-MH-2020 일반구매",
    "ReviewScore": "5",
    "Syllable": "37",
    "Word": "8",
    "RDate": "20200907",
    "GeneralPolarity": "1",
    "Aspects": [
      {
        "Aspect": "시간/속도",
        "SentimentText": "전원 켜자마자 빠르게 따뜻해지네요.",
        "SentimentWord": "4",
        "SentimentPolarity": "1"
      },
      {
        "Aspect": "소음",
        "SentimentText": "저소음 제품이라 마음에 들어요.",
        "SentimentWord": "4",
        "SentimentPolarity": "1"
      }
    ]
  },
  {
    "Index": "36574",
    "RawText": "소음은 조금 있지만 신경쓰일정도는 아니예요. 천천히 회전도 잘 되고 제법 따뜻해서 좋고요,처음엔 크기가 너무 작아서  놀랐지만 디자인은 쪼그맣고 너무 귀여워서 만족해요^^",
    "Source": "쇼핑몰",
    "Domain": "가전",
    "MainCategory": "계절가전",
    "ProductName": "아이슈미드 슈미드 마카롱 SC-MH-2020 일반구매",
    "ReviewScore": "5",
    "Syllable": "95",
    "Word": "21",
    "RDate": "20210216",
    "GeneralPolarity": "0",
    "Aspects": [
      {
        "Aspect": "소음",
        "SentimentText": "소음은 조금 있지만 신경쓰일정도는 아니예요. ",
        "SentimentWord": "5",
        "SentimentPolarity": "0"
      },
      {
        "Aspect": "기능",
        "SentimentText": " 천천히 회전도 잘 되고 제법 따뜻해서 좋고요,",
        "SentimentWord": "7",
        "SentimentPolarity": "1"
      },
      {
        "Aspect": "사이즈",
        "SentimentText": "크기가 너무 작아서  놀랐지만 ",
        "SentimentWord": "4",
        "SentimentPolarity": "0"
      },
      {
        "Aspect": "디자인",
        "SentimentText": "디자인은 쪼그맣고 너무 귀여워서 만족해요^^",
        "SentimentWord": "5",
        "SentimentPolarity": "1"
      }
    ]
  },
  {
    "Index": "36575",
    "RawText": "포장상태가 반품 재포장 한것처럼 매우 불만족스럽습니다.  판매자 서비스 마인드가 매우 불량하여 맘에 들지 않습니다. 타사보다 좋다고해서 구매했는데 따뜻하지 않아요. 품질에 문제가 있나요? 회전하면서 들려오는 모터소리에 tv속 말소리가 안들리네요.",
    "Source": "쇼핑몰",
    "Domain": "가전",
    "MainCategory": "계절가전",
    "ProductName": "아이슈미드 슈미드 마카롱 SC-MH-2020 일반구매",
    "ReviewScore": "1",
    "Syllable": "137",
    "Word": "28",
    "RDate": "20200429",
    "Aspects": [
      {
        "Aspect": "품질",
        "SentimentText": "타사보다 좋다고해서 구매했는데 따뜻하지 않아요. 품질에 문제가 있나요?",
        "SentimentWord": "8",
        "SentimentPolarity": "-1"
      },
      {
        "Aspect": "소음",
        "SentimentText": "회전하면서 들려오는 모터소리에 tv속 말소리가 안들리네요.",
        "SentimentWord": "6",
        "SentimentPolarity": "-1"
      }
    ]
  },
  {
    "Index": "36576",
    "RawText": "회전모드일때 돌다 잠깐 멈추는 증상이 있어서 불편하고 조작법이 간단해서 마음에 들어요.",
    "Source": "쇼핑몰",
    "Domain": "가전",
    "MainCategory": "계절가전",
    "ProductName": "아이슈미드 슈미드 마카롱 SC-MH-2020 일반구매",
    "ReviewScore": "5",
    "Syllable": "48",
    "Word": "11",
    "RDate": "20210902",
    "GeneralPolarity": "0",
    "Aspects": [
      {
        "Aspect": "기능",
        "SentimentText": "회전모드일때 돌다 잠깐 멈추는 증상이 있어서 불편하고",
        "SentimentWord": "7",
        "SentimentPolarity": "-1"
      },
      {
        "Aspect": "조작성",
        "SentimentText": "조작법이 간단해서 마음에 들어요.",
        "SentimentWord": "4",
        "SentimentPolarity": "1"
      }
    ]
  },
  {
    "Index": "36577",
    "RawText": "000 없었으면 어쩔뻔했나 싶운게 작지만 따뜻함이 강력해서 좋아요~ 소음은 없어 조용해서 사용하기 편하고 다만 자립시에 안정감이 미흡해서 몸통부분을 보안하면 좋겠네요.",
    "Source": "쇼핑몰",
    "Domain": "가전",
    "MainCategory": "계절가전",
    "ProductName": "아이슈미드 슈미드 마카롱 SC-MH-2020 일반구매",
    "ReviewScore": "5",
    "Syllable": "93",
    "Word": "20",
    "RDate": "20201019",
    "GeneralPolarity": "0",
    "Aspects": [
      {
        "Aspect": "기능",
        "SentimentText": "작지만 따뜻함이 강력해서 좋아요~",
        "SentimentWord": "4",
        "SentimentPolarity": "1"
      },
      {
        "Aspect": "소음",
        "SentimentText": "소음은 없어 조용해서 사용하기 편하고 ",
        "SentimentWord": "5",
        "SentimentPolarity": "1"
      },
      {
        "Aspect": "품질",
        "SentimentText": "자립시에 안정감이 미흡해서 몸통부분을 보안하면 좋겠네요.",
        "SentimentWord": "6",
        "SentimentPolarity": "0"
      }
    ]
  },
  {
    "Index": "36580",
    "RawText": "사이즈가 작은 것이 마음에 드네요. 회전도 되고 바람세기도 2단으로도 할 수 있어 기능도 만족합니다.  ",
    "Source": "쇼핑몰",
    "Domain": "가전",
    "MainCategory": "계절가전",
    "ProductName": "아이슈미드 슈미드 마카롱 SC-MH-2020 일반구매",
    "ReviewScore": "5",
    "Syllable": "58",
    "Word": "14",
    "RDate": "20210928",
    "GeneralPolarity": "1",
    "Aspects": [
      {
        "Aspect": "사이즈",
        "SentimentText": "사이즈가 작은 것이 마음에 드네요.",
        "SentimentWord": "5",
        "SentimentPolarity": "1"
      },
      {
        "Aspect": "기능",
        "SentimentText": "회전도 되고 바람세기도 2단으로도 할 수 있어 기능도 만족합니다.",
        "SentimentWord": "9",
        "SentimentPolarity": "1"
      }
    ]
  },
  {
    "Index": "36581",
    "RawText": "사이즈가 아담하고 작아 귀엽네요 풍량 단계 조절도 되고 회전도 되니 편하게 사용할 수 있어 좋습니다!",
    "Source": "쇼핑몰",
    "Domain": "가전",
    "MainCategory": "계절가전",
    "ProductName": "아이슈미드 슈미드 마카롱 SC-MH-2020 일반구매",
    "ReviewScore": "4",
    "Syllable": "56",
    "Word": "15",
    "RDate": "20210928",
    "GeneralPolarity": "1",
    "Aspects": [
      {
        "Aspect": "사이즈",
        "SentimentText": "사이즈가 아담하고 작아 귀엽네요",
        "SentimentWord": "4",
        "SentimentPolarity": "1"
      },
      {
        "Aspect": "편의성",
        "SentimentText": "풍량 단계 조절도 되고 회전도 되니 편하게 사용할 수 있어 좋습니다!",
        "SentimentWord": "11",
        "SentimentPolarity": "1"
      }
    ]
  },
  {
    "Index": "36582",
    "RawText": "사이즈가 엄청 작고 손바닥만하네요. 성능이 좋을까 걱정입니다ㅜ 캠핑와서 켰는데 생각보다 바람은 따뜻하고 좋아요~~~회전 시켜두면 이너텐트 전체적으로 훈훈해서 괜찮아요",
    "Source": "쇼핑몰",
    "Domain": "가전",
    "MainCategory": "계절가전",
    "ProductName": "아이슈미드 슈미드 마카롱 SC-MH-2020 일반구매",
    "ReviewScore": "5",
    "Syllable": "92",
    "Word": "18",
    "RDate": "20210910",
    "GeneralPolarity": "1",
    "Aspects": [
      {
        "Aspect": "사이즈",
        "SentimentText": "사이즈가 엄청 작고 손바닥만하네요. 성능이 좋을까 걱정입니다ㅜ",
        "SentimentWord": "7",
        "SentimentPolarity": "0"
      },
      {
        "Aspect": "기능",
        "SentimentText": "캠핑와서 켰는데 생각보다 바람은 따뜻하고 좋아요~~~",
        "SentimentWord": "6",
        "SentimentPolarity": "1"
      },
      {
        "Aspect": "기능",
        "SentimentText": "회전 시켜두면 이너텐트 전체적으로 훈훈해서 괜찮아요",
        "SentimentWord": "6",
        "SentimentPolarity": "1"
      }
    ]
  },
  {
    "Index": "36583",
    "RawText": "따뜻한 바람은 빨리 나와서 정말 마음에 드는데 회전모드는 여러번 전원 껐다 켠 후에야 작동이 되서 사용하기가 꺼려져요......",
    "Source": "쇼핑몰",
    "Domain": "가전",
    "MainCategory": "계절가전",
    "ProductName": "아이슈미드 슈미드 마카롱 SC-MH-2020 일반구매",
    "ReviewScore": "4",
    "Syllable": "71",
    "Word": "17",
    "RDate": "20210824",
    "GeneralPolarity": "-1",
    "Aspects": [
      {
        "Aspect": "시간/속도",
        "SentimentText": "따뜻한 바람은 빨리 나와서 정말 마음에 드는데",
        "SentimentWord": "7",
        "SentimentPolarity": "1"
      },
      {
        "Aspect": "기능",
        "SentimentText": "회전모드는 여러번 전원 껐다 켠 후에야 작동이 되서 사용하기가 꺼려져요......",
        "SentimentWord": "10",
        "SentimentPolarity": "-1"
      }
    ]
  },
  {
    "Index": "36584",
    "RawText": "소음도 적고 회전도 되니 편리해서 좋네요.",
    "Source": "쇼핑몰",
    "Domain": "가전",
    "MainCategory": "계절가전",
    "ProductName": "아이슈미드 슈미드 마카롱 SC-MH-2020 일반구매",
    "ReviewScore": "5",
    "Syllable": "23",
    "Word": "6",
    "RDate": "20210913",
    "GeneralPolarity": "1",
    "Aspects": [
      {
        "Aspect": "소음",
        "SentimentText": "소음도 적고 ",
        "SentimentWord": "2",
        "SentimentPolarity": "1"
      },
      {
        "Aspect": "편의성",
        "SentimentText": "회전도 되니 편리해서 좋네요.",
        "SentimentWord": "4",
        "SentimentPolarity": "1"
      }
    ]
  },
  {
    "Index": "36585",
    "RawText": "좋은 가격에 잘 구매 했어요~ 오자마자 작동시켰는데 빠르게 따뜻해지니 맘에 들어요 색상도 예쁘고 만족합니다.",
    "Source": "쇼핑몰",
    "Domain": "가전",
    "MainCategory": "계절가전",
    "ProductName": "아이슈미드 슈미드 마카롱 SC-MH-2020 일반구매",
    "ReviewScore": "5",
    "Syllable": "60",
    "Word": "14",
    "RDate": "20201007",
    "GeneralPolarity": "1",
    "Aspects": [
      {
        "Aspect": "가격",
        "SentimentText": "좋은 가격에 잘 구매 했어요~ ",
        "SentimentWord": "5",
        "SentimentPolarity": "1"
      },
      {
        "Aspect": "시간/속도",
        "SentimentText": "오자마자 작동시켰는데 빠르게 따뜻해지니 맘에 들어요",
        "SentimentWord": "6",
        "SentimentPolarity": "1"
      },
      {
        "Aspect": "색상",
        "SentimentText": "색상도 예쁘고 만족합니다.",
        "SentimentWord": "3",
        "SentimentPolarity": "1"
      }
    ]
  },
  {
    "Index": "36587",
    "RawText": "제품에 표기된 500w 보다 더 큰 전기가 사용 되네요. 전력소모가 커서 제품이 빨리 고장났어요... 완전 비추해요!",
    "Source": "쇼핑몰",
    "Domain": "가전",
    "MainCategory": "계절가전",
    "ProductName": "아이슈미드 슈미드 마카롱 SC-MH-2020 일반구매",
    "ReviewScore": "5",
    "Syllable": "65",
    "Word": "16",
    "RDate": "20210825",
    "GeneralPolarity": "-1",
    "Aspects": [
      {
        "Aspect": "소비전력",
        "SentimentText": "제품에 표기된 500w 보다 더 큰 전기가 사용 되네요.",
        "SentimentWord": "9",
        "SentimentPolarity": "-1"
      },
      {
        "Aspect": "품질",
        "SentimentText": "전력소모가 커서 제품이 빨리 고장났어요... 완전 비추해요!",
        "SentimentWord": "7",
        "SentimentPolarity": "-1"
      }
    ]
  },
  {
    "Index": "36588",
    "RawText": "이너텐트용으로 사용하는데 더워서 끌만큼 따뜻한 바람 잘 나와요^^ 작아서 휴대하기 좋은 사이즈고 작지만 따뜻하고 강한바람 잘 나와서캠핑시 추천해요 ~",
    "Source": "쇼핑몰",
    "Domain": "가전",
    "MainCategory": "계절가전",
    "ProductName": "아이슈미드 슈미드 마카롱 SC-MH-2020 일반구매",
    "ReviewScore": "5",
    "Syllable": "83",
    "Word": "19",
    "RDate": "20211001",
    "GeneralPolarity": "1",
    "Aspects": [
      {
        "Aspect": "기능",
        "SentimentText": "이너텐트용으로 사용하는데 더워서 끌만큼 따뜻한 바람 잘 나와요^^",
        "SentimentWord": "8",
        "SentimentPolarity": "1"
      },
      {
        "Aspect": "사이즈",
        "SentimentText": "작아서 휴대하기 좋은 사이즈고",
        "SentimentWord": "4",
        "SentimentPolarity": "1"
      },
      {
        "Aspect": "기능",
        "SentimentText": "작지만 따뜻하고 강한바람 잘 나와서캠핑시 추천해요 ~",
        "SentimentWord": "7",
        "SentimentPolarity": "1"
      }
    ]
  },
  {
    "Index": "36590",
    "RawText": "회전모드가 제대로 작동되지 않아서 교환받은 새제품으로 사용중이에요. 따뜻한 바람이 잘 나오고 저소음이라 사무실용으로 딱이네요",
    "Source": "쇼핑몰",
    "Domain": "가전",
    "MainCategory": "계절가전",
    "ProductName": "아이슈미드 슈미드 마카롱 SC-MH-2020 일반구매",
    "ReviewScore": "4",
    "Syllable": "69",
    "Word": "14",
    "RDate": "20200113",
    "GeneralPolarity": "1",
    "Aspects": [
      {
        "Aspect": "기능",
        "SentimentText": "따뜻한 바람이 잘 나오고",
        "SentimentWord": "4",
        "SentimentPolarity": "1"
      },
      {
        "Aspect": "소음",
        "SentimentText": "저소음이라 사무실용으로 딱이네요",
        "SentimentWord": "3",
        "SentimentPolarity": "1"
      }
    ]
  },
  {
    "Index": "36592",
    "RawText": "크기가 작아 실망스럽지만 회전모드 가능해서 주변이 춥지않고 빠른 속도로 따뜻한 바람이 나오니 사용하기 좋네요..",
    "Source": "쇼핑몰",
    "Domain": "가전",
    "MainCategory": "계절가전",
    "ProductName": "아이슈미드 슈미드 마카롱 SC-MH-2020 일반구매",
    "ReviewScore": "5",
    "Syllable": "62",
    "Word": "14",
    "RDate": "20201109",
    "GeneralPolarity": "1",
    "Aspects": [
      {
        "Aspect": "사이즈",
        "SentimentText": "크기가 작아 실망스럽지만",
        "SentimentWord": "3",
        "SentimentPolarity": "-1"
      },
      {
        "Aspect": "기능",
        "SentimentText": "회전모드 가능해서 주변이 춥지않고",
        "SentimentWord": "4",
        "SentimentPolarity": "1"
      },
      {
        "Aspect": "시간/속도",
        "SentimentText": "빠른 속도로 따뜻한 바람이 나오니 사용하기 좋네요..",
        "SentimentWord": "7",
        "SentimentPolarity": "1"
      }
    ]
  },
  {
    "Index": "36593",
    "RawText": "작은 사이즈에서 이런 강한 바람이.. 성능 정말 좋네요. 회전기능도 있고 따뜻해서 쓸만합니다",
    "Source": "쇼핑몰",
    "Domain": "가전",
    "MainCategory": "계절가전",
    "ProductName": "아이슈미드 슈미드 마카롱 SC-MH-2020 일반구매",
    "ReviewScore": "5",
    "Syllable": "51",
    "Word": "12",
    "RDate": "20210828",
    "GeneralPolarity": "1",
    "Aspects": [
      {
        "Aspect": "기능",
        "SentimentText": "작은 사이즈에서 이런 강한 바람이.. 성능 정말 좋네요.",
        "SentimentWord": "8",
        "SentimentPolarity": "1"
      },
      {
        "Aspect": "기능",
        "SentimentText": "회전기능도 있고 따뜻해서 쓸만합니다",
        "SentimentWord": "4",
        "SentimentPolarity": "1"
      }
    ]
  },
  {
    "Index": "36594",
    "RawText": "사이즈는 작지만 빨리 따뜻해지네요.  소음도 작고 만족합니다.",
    "Source": "쇼핑몰",
    "Domain": "가전",
    "MainCategory": "계절가전",
    "ProductName": "아이슈미드 슈미드 마카롱 SC-MH-2020 일반구매",
    "ReviewScore": "5",
    "Syllable": "34",
    "Word": "7",
    "RDate": "20201202",
    "GeneralPolarity": "1",
    "Aspects": [
      {
        "Aspect": "사이즈",
        "SentimentText": "사이즈는 작지만",
        "SentimentWord": "2",
        "SentimentPolarity": "-1"
      },
      {
        "Aspect": "시간/속도",
        "SentimentText": "빨리 따뜻해지네요. ",
        "SentimentWord": "2",
        "SentimentPolarity": "1"
      },
      {
        "Aspect": "소음",
        "SentimentText": "소음도 작고 만족합니다.",
        "SentimentWord": "3",
        "SentimentPolarity": "1"
      }
    ]
  },
  {
    "Index": "36595",
    "RawText": "미니 사이즈 제품이라 조금 아쉽지만 소형 텐트에서 사용하기에 딱 좋네요. 따뜻한 바람이 빨리 나와서 사용하기 편리해요.",
    "Source": "쇼핑몰",
    "Domain": "가전",
    "MainCategory": "계절가전",
    "ProductName": "아이슈미드 슈미드 마카롱 SC-MH-2020 일반구매",
    "ReviewScore": "5",
    "Syllable": "66",
    "Word": "16",
    "RDate": "20210915",
    "GeneralPolarity": "1",
    "Aspects": [
      {
        "Aspect": "사이즈",
        "SentimentText": "미니 사이즈 제품이라 조금 아쉽지만",
        "SentimentWord": "5",
        "SentimentPolarity": "-1"
      },
      {
        "Aspect": "시간/속도",
        "SentimentText": "따뜻한 바람이 빨리 나와서 사용하기 편리해요.",
        "SentimentWord": "6",
        "SentimentPolarity": "1"
      }
    ]
  },
  {
    "Index": "36596",
    "RawText": "사이즈가 작아서 난방 효과가 있을까 걱정했는데 , 텐트안에서는 따뜻한 열기를 유지해줘서 효과적이네요.^^ 낮은 전력소모로 전기차단 걱정도 덜어서 좋아요!",
    "Source": "쇼핑몰",
    "Domain": "가전",
    "MainCategory": "계절가전",
    "ProductName": "아이슈미드 슈미드 마카롱 SC-MH-2020 일반구매",
    "ReviewScore": "5",
    "Syllable": "85",
    "Word": "18",
    "RDate": "20220313",
    "GeneralPolarity": "1",
    "Aspects": [
      {
        "Aspect": "사이즈",
        "SentimentText": "사이즈가 작아서 난방 효과가 있을까 걱정했는데 ,",
        "SentimentWord": "7",
        "SentimentPolarity": "0"
      },
      {
        "Aspect": "기능",
        "SentimentText": "텐트안에서는 따뜻한 열기를 유지해줘서 효과적이네요.^^",
        "SentimentWord": "5",
        "SentimentPolarity": "1"
      },
      {
        "Aspect": "소비전력",
        "SentimentText": "낮은 전력소모로 전기차단 걱정도 덜어서 좋아요! ",
        "SentimentWord": "6",
        "SentimentPolarity": "1"
      }
    ]
  },
  {
    "Index": "36597",
    "RawText": "사이즈는 작아서 아쉽지만 발열기능은 좋아요. 에너지효율이 좋아 꺼지지 않고 잘 썼습니다.",
    "Source": "쇼핑몰",
    "Domain": "가전",
    "MainCategory": "계절가전",
    "ProductName": "아이슈미드 슈미드 마카롱 SC-MH-2020 일반구매",
    "ReviewScore": "5",
    "Syllable": "49",
    "Word": "11",
    "RDate": "20210530",
    "Aspects": [
      {
        "Aspect": "사이즈",
        "SentimentText": "사이즈는 작아서 아쉽지만",
        "SentimentWord": "3",
        "SentimentPolarity": "-1"
      },
      {
        "Aspect": "기능",
        "SentimentText": "발열기능은 좋아요.",
        "SentimentWord": "2",
        "SentimentPolarity": "1"
      },
      {
        "Aspect": "소비전력",
        "SentimentText": "에너지효율이 좋아 꺼지지 않고 잘 썼습니다.",
        "SentimentWord": "6",
        "SentimentPolarity": "1"
      }
    ]
  },
  {
    "Index": "36598",
    "RawText": "크기가 정말 작지만 큰 사이즈에서 나오는 화력만큼 성능은 강합니다. 금방 따듯해져서 만족해요 소음이 조금 있지만 이정도쯤은 괜찮네요.  겨울에 휴대가 간펀해서 사무실에서도  유용하게 잘 사용합니다^^",
    "Source": "쇼핑몰",
    "Domain": "가전",
    "MainCategory": "계절가전",
    "ProductName": "아이슈미드 슈미드 마카롱 SC-MH-2020 일반구매",
    "ReviewScore": "5",
    "Syllable": "111",
    "Word": "24",
    "RDate": "20211021",
    "GeneralPolarity": "1",
    "Aspects": [
      {
        "Aspect": "기능",
        "SentimentText": "크기가 정말 작지만 큰 사이즈에서 나오는 화력만큼 성능은 강합니다. 금방 따듯해져서 만족해요",
        "SentimentWord": "12",
        "SentimentPolarity": "1"
      },
      {
        "Aspect": "소음",
        "SentimentText": "소음이 조금 있지만 이정도쯤은 괜찮네요. ",
        "SentimentWord": "5",
        "SentimentPolarity": "0"
      },
      {
        "Aspect": "편의성",
        "SentimentText": "휴대가 간펀해서 사무실에서도  유용하게 잘 사용합니다^^",
        "SentimentWord": "6",
        "SentimentPolarity": "1"
      }
    ]
  },
  {
    "Index": "36599",
    "RawText": "크기는 작아서 아쉽지만 소음은 없네요 금방 따뜻해져서 좋아요!",
    "Source": "쇼핑몰",
    "Domain": "가전",
    "MainCategory": "계절가전",
    "ProductName": "아이슈미드 슈미드 마카롱 SC-MH-2020 일반구매",
    "ReviewScore": "5",
    "Syllable": "34",
    "Word": "8",
    "RDate": "20211004",
    "GeneralPolarity": "1",
    "Aspects": [
      {
        "Aspect": "사이즈",
        "SentimentText": "크기는 작아서 아쉽지만",
        "SentimentWord": "3",
        "SentimentPolarity": "-1"
      },
      {
        "Aspect": "소음",
        "SentimentText": "소음은 없네요",
        "SentimentWord": "2",
        "SentimentPolarity": "1"
      },
      {
        "Aspect": "기능",
        "SentimentText": "금방 따뜻해져서 좋아요!",
        "SentimentWord": "3",
        "SentimentPolarity": "1"
      }
    ]
  },
  {
    "Index": "36600",
    "RawText": "회전이 좀 부자연스럽지만 작동도 잘되고  따뜻해서 좋습니다 그런데 미니 온풍기치고는 가격은 좀 비싸서 아쉬워요...",
    "Source": "쇼핑몰",
    "Domain": "가전",
    "MainCategory": "계절가전",
    "ProductName": "아이슈미드 슈미드 마카롱 SC-MH-2020 일반구매",
    "ReviewScore": "5",
    "Syllable": "64",
    "Word": "14",
    "RDate": "20211013",
    "Aspects": [
      {
        "Aspect": "기능",
        "SentimentText": "회전이 좀 부자연스럽지만 작동도 잘되고 따뜻해서 좋습니다",
        "SentimentWord": "7",
        "SentimentPolarity": "0"
      },
      {
        "Aspect": "가격",
        "SentimentText": "그런데 미니 온풍기치고는 가격은 좀 비싸서 아쉬워요...",
        "SentimentWord": "7",
        "SentimentPolarity": "-1"
      }
    ]
  },
  {
    "Index": "36602",
    "RawText": "소비전력도 좋고 소음도 작아서 좋아요 안전장치도 내재 되어 있어 퀄리티 굿이네요",
    "Source": "쇼핑몰",
    "Domain": "가전",
    "MainCategory": "계절가전",
    "ProductName": "아이슈미드 슈미드 마카롱 SC-MH-2020 일반구매",
    "ReviewScore": "5",
    "Syllable": "44",
    "Word": "11",
    "RDate": "20211118",
    "GeneralPolarity": "1",
    "Aspects": [
      {
        "Aspect": "소비전력",
        "SentimentText": "소비전력도 좋고",
        "SentimentWord": "2",
        "SentimentPolarity": "1"
      },
      {
        "Aspect": "소음",
        "SentimentText": "소음도 작아서 좋아요",
        "SentimentWord": "3",
        "SentimentPolarity": "1"
      },
      {
        "Aspect": "제품구성",
        "SentimentText": "안전장치도 내재 되어 있어 퀄리티 굿이네요",
        "SentimentWord": "6",
        "SentimentPolarity": "1"
      }
    ]
  },
  {
    "Index": "36603",
    "RawText": "의외로 전기소모가 많아요ㅜ  열기도  넓게 퍼지지 않고 따뜻하지 않아서 캠핑용으로는 영  부족 해요ㅜㅜ",
    "Source": "쇼핑몰",
    "Domain": "가전",
    "MainCategory": "계절가전",
    "ProductName": "아이슈미드 슈미드 마카롱 SC-MH-2020 일반구매",
    "ReviewScore": "5",
    "Syllable": "57",
    "Word": "13",
    "RDate": "20210106",
    "GeneralPolarity": "-1",
    "Aspects": [
      {
        "Aspect": "소비전력",
        "SentimentText": "의외로 전기소모가 많아요ㅜ  ",
        "SentimentWord": "3",
        "SentimentPolarity": "-1"
      },
      {
        "Aspect": "기능",
        "SentimentText": "열기도  넓게 퍼지지 않고 따뜻하지 않아서 캠핑용으로는 영  부족 해요ㅜㅜ",
        "SentimentWord": "10",
        "SentimentPolarity": "-1"
      }
    ]
  },
  {
    "Index": "36604",
    "RawText": "저소음 제품으로 시끄럽지 않아서 어디서나 사용하기 편리해요~ 아담한 크기가 정말 마음에 들고 만족합니다!!!",
    "Source": "쇼핑몰",
    "Domain": "가전",
    "MainCategory": "계절가전",
    "ProductName": "아이슈미드 슈미드 마카롱 SC-MH-2020 일반구매",
    "ReviewScore": "5",
    "Syllable": "60",
    "Word": "13",
    "RDate": "20210121",
    "GeneralPolarity": "1",
    "Aspects": [
      {
        "Aspect": "소음",
        "SentimentText": "저소음 제품으로 시끄럽지 않아서 어디서나 사용하기 편리해요~",
        "SentimentWord": "7",
        "SentimentPolarity": "1"
      },
      {
        "Aspect": "사이즈",
        "SentimentText": "아담한 크기가 정말 마음에 들고 만족합니다!!!",
        "SentimentWord": "6",
        "SentimentPolarity": "1"
      }
    ]
  },
  {
    "Index": "36605",
    "RawText": "뜨거운 바람이 빨리 나와 만족해요~ 사이즈는 작아서 아쉽지만",
    "Source": "쇼핑몰",
    "Domain": "가전",
    "MainCategory": "계절가전",
    "ProductName": "아이슈미드 슈미드 마카롱 SC-MH-2020 일반구매",
    "ReviewScore": "5",
    "Syllable": "33",
    "Word": "8",
    "RDate": "20210506",
    "GeneralPolarity": "0",
    "Aspects": [
      {
        "Aspect": "기능",
        "SentimentText": "뜨거운 바람이 빨리 나와 만족해요~",
        "SentimentWord": "5",
        "SentimentPolarity": "1"
      },
      {
        "Aspect": "사이즈",
        "SentimentText": "사이즈는 작아서 아쉽지만 ",
        "SentimentWord": "3",
        "SentimentPolarity": "-1"
      }
    ]
  },
  {
    "Index": "36606",
    "RawText": "디자인이 조그맣고 이뻐서 맘에 들어요. 소음도 거의 없어서 조용해서 좋고  따뜻한 바람도 아주 잘 나오네요^^ 쓰러지면  자동으로 꺼지는 안전성도 든든해서 좋아요",
    "Source": "쇼핑몰",
    "Domain": "가전",
    "MainCategory": "계절가전",
    "ProductName": "아이슈미드 슈미드 마카롱 SC-MH-2020 일반구매",
    "ReviewScore": "5",
    "Syllable": "90",
    "Word": "21",
    "RDate": "20210930",
    "GeneralPolarity": "1",
    "Aspects": [
      {
        "Aspect": "디자인",
        "SentimentText": "디자인이 조그맣고 이뻐서 맘에 들어요. ",
        "SentimentWord": "5",
        "SentimentPolarity": "1"
      },
      {
        "Aspect": "소음",
        "SentimentText": " 소음도 거의 없어서 조용해서 좋고",
        "SentimentWord": "5",
        "SentimentPolarity": "1"
      },
      {
        "Aspect": "기능",
        "SentimentText": "따뜻한 바람도 아주 잘 나오네요^^",
        "SentimentWord": "5",
        "SentimentPolarity": "1"
      },
      {
        "Aspect": "품질",
        "SentimentText": "쓰러지면  자동으로 꺼지는 안전성도 든든해서 좋아요",
        "SentimentWord": "6",
        "SentimentPolarity": "1"
      }
    ]
  },
  {
    "Index": "36607",
    "RawText": "큰사이즈만 사용하다 작은 사이즈 구매했는데 휴대하기도 편리하고 자리차지도 안해서 참좋네요~   이너텐트 안에서 틀면 굉장히 따뜻해서 좋아요~  적극추천해요^^",
    "Source": "쇼핑몰",
    "Domain": "가전",
    "MainCategory": "계절가전",
    "ProductName": "아이슈미드 슈미드 마카롱 SC-MH-2020 일반구매",
    "ReviewScore": "5",
    "Syllable": "88",
    "Word": "17",
    "RDate": "20210914",
    "GeneralPolarity": "1",
    "Aspects": [
      {
        "Aspect": "사이즈",
        "SentimentText": "큰사이즈만 사용하다 작은 사이즈 구매했는데 휴대하기도 편리하고 자리차지도 안해서 참좋네요~  ",
        "SentimentWord": "10",
        "SentimentPolarity": "1"
      },
      {
        "Aspect": "기능",
        "SentimentText": " 이너텐트 안에서 틀면 굉장히 따뜻해서 좋아요~  적극추천해요^^",
        "SentimentWord": "7",
        "SentimentPolarity": "1"
      }
    ]
  },
  {
    "Index": "36608",
    "RawText": "캠핑가서 사용하는데 소음이 없어 조용하게 잘 잤어요^^ 따뜻한 바람이 잘 나오고 좌우회전되서 너무 만족합니다.",
    "Source": "쇼핑몰",
    "Domain": "가전",
    "MainCategory": "계절가전",
    "ProductName": "아이슈미드 슈미드 마카롱 SC-MH-2020 일반구매",
    "ReviewScore": "5",
    "Syllable": "61",
    "Word": "14",
    "RDate": "20200926",
    "GeneralPolarity": "1",
    "Aspects": [
      {
        "Aspect": "소음",
        "SentimentText": "소음이 없어 조용하게 잘 잤어요^^",
        "SentimentWord": "5",
        "SentimentPolarity": "1"
      },
      {
        "Aspect": "기능",
        "SentimentText": "따뜻한 바람이 잘 나오고 좌우회전되서 너무 만족합니다.",
        "SentimentWord": "7",
        "SentimentPolarity": "1"
      }
    ]
  },
  {
    "Index": "36609",
    "RawText": "공간에 따라 다르지만 좁은 공간은 금방 따뜻해지지만 넓은 공간에선 온기를 느낄 수가 없어 아쉽네요",
    "Source": "쇼핑몰",
    "Domain": "가전",
    "MainCategory": "계절가전",
    "ProductName": "아이슈미드 슈미드 마카롱 SC-MH-2020 일반구매",
    "ReviewScore": "5",
    "Syllable": "54",
    "Word": "14",
    "RDate": "20200926",
    "GeneralPolarity": "0",
    "Aspects": [
      {
        "Aspect": "시간/속도",
        "SentimentText": "공간에 따라 다르지만 좁은 공간은 금방 따뜻해지지만",
        "SentimentWord": "7",
        "SentimentPolarity": "1"
      },
      {
        "Aspect": "기능",
        "SentimentText": "넓은 공간에선 온기를 느낄 수가 없어 아쉽네요",
        "SentimentWord": "7",
        "SentimentPolarity": "-1"
      }
    ]
  },
  {
    "Index": "36610",
    "RawText": "지인 추천으로 사용하는데  휴대하기 편하고 따뜻해서 너무 만족해요~~ 색상도 산뜻하고 이뻐요~!!   ",
    "Source": "쇼핑몰",
    "Domain": "가전",
    "MainCategory": "계절가전",
    "ProductName": "아이슈미드 슈미드 마카롱 SC-MH-2020 일반구매",
    "ReviewScore": "5",
    "Syllable": "57",
    "Word": "11",
    "RDate": "20210914",
    "GeneralPolarity": "1",
    "Aspects": [
      {
        "Aspect": "편의성",
        "SentimentText": "휴대하기 편하고 따뜻해서 너무 만족해요~~",
        "SentimentWord": "5",
        "SentimentPolarity": "1"
      },
      {
        "Aspect": "색상",
        "SentimentText": "색상도 산뜻하고 이뻐요~!! ",
        "SentimentWord": "3",
        "SentimentPolarity": "1"
      }
    ]
  },
  {
    "Index": "36611",
    "RawText": "플라스틱 소재라 질이 안 좋아 보이네요  그리고 온풍기를 켜면 타는 냄새때문에 켜지 못하겠어요...ㅠㅡㅠ그나마 실외에서 켜니 환기가 되어 사용할수 있을것 같아요",
    "Source": "쇼핑몰",
    "Domain": "가전",
    "MainCategory": "계절가전",
    "ProductName": "아이슈미드 슈미드 마카롱 SC-MH-2020 일반구매",
    "ReviewScore": "3",
    "Syllable": "89",
    "Word": "20",
    "RDate": "20211002",
    "Aspects": [
      {
        "Aspect": "소재",
        "SentimentText": "플라스틱 소재라 질이 안 좋아 보이네요",
        "SentimentWord": "6",
        "SentimentPolarity": "-1"
      },
      {
        "Aspect": "품질",
        "SentimentText": "그리고 온풍기를 켜면 타는 냄새때문에 켜지 못하겠어요...ㅠㅡㅠ",
        "SentimentWord": "7",
        "SentimentPolarity": "-1"
      }
    ]
  },
  {
    "Index": "36612",
    "RawText": "따뜻한 바람이 전원 켜자마자 나와서 마음에 들어요~ 저소음이라 사용하기 편리하네요.",
    "Source": "쇼핑몰",
    "Domain": "가전",
    "MainCategory": "계절가전",
    "ProductName": "아이슈미드 슈미드 마카롱 SC-MH-2020 일반구매",
    "ReviewScore": "5",
    "Syllable": "46",
    "Word": "10",
    "RDate": "20210106",
    "GeneralPolarity": "1",
    "Aspects": [
      {
        "Aspect": "기능",
        "SentimentText": "따뜻한 바람이 전원 켜자마자 나와서 마음에 들어요~",
        "SentimentWord": "7",
        "SentimentPolarity": "1"
      },
      {
        "Aspect": "소음",
        "SentimentText": "저소음이라 사용하기 편리하네요.",
        "SentimentWord": "3",
        "SentimentPolarity": "1"
      }
    ]
  },
  {
    "Index": "36613",
    "RawText": "사이즈가 작아서 좋고 퀄리티 굿입니다!",
    "Source": "쇼핑몰",
    "Domain": "가전",
    "MainCategory": "계절가전",
    "ProductName": "아이슈미드 슈미드 마카롱 SC-MH-2020 일반구매",
    "ReviewScore": "5",
    "Syllable": "21",
    "Word": "5",
    "RDate": "20211004",
    "GeneralPolarity": "1",
    "Aspects": [
      {
        "Aspect": "사이즈",
        "SentimentText": "사이즈가 작아서 좋고",
        "SentimentWord": "3",
        "SentimentPolarity": "1"
      },
      {
        "Aspect": "품질",
        "SentimentText": "퀄리티 굿입니다!",
        "SentimentWord": "2",
        "SentimentPolarity": "1"
      }
    ]
  },
  {
    "Index": "36614",
    "RawText": "생각보다 성능좋고  따뜻해서 좋은데~처음 켤때마다 쇠갈리는 소리에 놀라고 잠깐 시끄럽다가 조용해지고...거슬리네요ㅠ",
    "Source": "쇼핑몰",
    "Domain": "가전",
    "MainCategory": "계절가전",
    "ProductName": "아이슈미드 슈미드 마카롱 SC-MH-2020 일반구매",
    "ReviewScore": "3",
    "Syllable": "64",
    "Word": "11",
    "RDate": "20211126",
    "GeneralPolarity": "0",
    "Aspects": [
      {
        "Aspect": "기능",
        "SentimentText": "생각보다 성능좋고  따뜻해서 좋은데~",
        "SentimentWord": "4",
        "SentimentPolarity": "1"
      },
      {
        "Aspect": "소음",
        "SentimentText": "처음 켤때마다 쇠갈리는 소리에 놀라고 잠깐 시끄럽다가 조용해지고...거슬리네요ㅠ",
        "SentimentWord": "8",
        "SentimentPolarity": "-1"
      }
    ]
  },
  {
    "Index": "36616",
    "RawText": "2초 퀵가열이라 빨라서 좋네요~^^ 열전도율이 높아 잠도 푹 잘 수 있어 정말 좋네요 ㅎㅎ",
    "Source": "쇼핑몰",
    "Domain": "가전",
    "MainCategory": "계절가전",
    "ProductName": "아이슈미드 슈미드 마카롱 SC-MH-2020 일반구매",
    "ReviewScore": "5",
    "Syllable": "50",
    "Word": "14",
    "RDate": "20210920",
    "Aspects": [
      {
        "Aspect": "시간/속도",
        "SentimentText": "2초 퀵가열이라 빨라서 좋네요~^^",
        "SentimentWord": "4",
        "SentimentPolarity": "1"
      },
      {
        "Aspect": "기능",
        "SentimentText": "열전도율이 높아 잠도 푹 잘 수 있어 정말 좋네요 ㅎㅎ",
        "SentimentWord": "10",
        "SentimentPolarity": "1"
      }
    ]
  },
  {
    "Index": "36617",
    "RawText": "블랙색상이 깔끔해서 어디든 잘 어울리네요. 아담한 크기로 캠핑가서 사용하기 편리해요.",
    "Source": "쇼핑몰",
    "Domain": "가전",
    "MainCategory": "계절가전",
    "ProductName": "아이슈미드 슈미드 마카롱 SC-MH-2020 일반구매",
    "ReviewScore": "5",
    "Syllable": "47",
    "Word": "10",
    "RDate": "20210908",
    "GeneralPolarity": "1",
    "Aspects": [
      {
        "Aspect": "색상",
        "SentimentText": "블랙색상이 깔끔해서 어디든 잘 어울리네요.",
        "SentimentWord": "5",
        "SentimentPolarity": "1"
      },
      {
        "Aspect": "사이즈",
        "SentimentText": "아담한 크기로 캠핑가서 사용하기 편리해요.",
        "SentimentWord": "5",
        "SentimentPolarity": "1"
      }
    ]
  },
  {
    "Index": "36618",
    "RawText": "아담한 크기가 귀엽고 예쁘네요. 발열이 빨리 캠핑할때 춥지않고 따뜻해서 만족합니다.",
    "Source": "쇼핑몰",
    "Domain": "가전",
    "MainCategory": "계절가전",
    "ProductName": "아이슈미드 슈미드 마카롱 SC-MH-2020 일반구매",
    "ReviewScore": "4",
    "Syllable": "46",
    "Word": "10",
    "RDate": "20210324",
    "GeneralPolarity": "1",
    "Aspects": [
      {
        "Aspect": "사이즈",
        "SentimentText": "아담한 크기가 귀엽고 예쁘네요.",
        "SentimentWord": "4",
        "SentimentPolarity": "1"
      },
      {
        "Aspect": "시간/속도",
        "SentimentText": "발열이 빨리 캠핑할때 춥지않고 따뜻해서 만족합니다.",
        "SentimentWord": "6",
        "SentimentPolarity": "1"
      }
    ]
  },
  {
    "Index": "36619",
    "RawText": "소리가 작아서 잠 잘때 방해되지 않아 야간캠핑 할 때 불편함 없이 잘 사용하고 있어요. 회전모드로 주변이 더 따뜻해지는 시간을 보낼 수 있다는 점이 마음에 쏙 드네요.",
    "Source": "쇼핑몰",
    "Domain": "가전",
    "MainCategory": "계절가전",
    "ProductName": "아이슈미드 슈미드 마카롱 SC-MH-2020 일반구매",
    "ReviewScore": "5",
    "Syllable": "93",
    "Word": "26",
    "RDate": "20220405",
    "GeneralPolarity": "1",
    "Aspects": [
      {
        "Aspect": "소음",
        "SentimentText": "소리가 작아서 잠 잘때 방해되지 않아 야간캠핑 할 때 불편함 없이 잘 사용하고 있어요.",
        "SentimentWord": "14",
        "SentimentPolarity": "1"
      },
      {
        "Aspect": "기능",
        "SentimentText": " 회전모드로 주변이 더 따뜻해지는 시간을 보낼 수 있다는 점이 마음에 쏙 드네요.",
        "SentimentWord": "12",
        "SentimentPolarity": "1"
      }
    ]
  },
  {
    "Index": "36620",
    "RawText": "크기가 작아 이동이 편리하고 저소음 기능이 있어 조용한 캠핑을 즐길 수 있어요.",
    "Source": "쇼핑몰",
    "Domain": "가전",
    "MainCategory": "계절가전",
    "ProductName": "아이슈미드 슈미드 마카롱 SC-MH-2020 일반구매",
    "ReviewScore": "5",
    "Syllable": "44",
    "Word": "12",
    "RDate": "20210923",
    "GeneralPolarity": "1",
    "Aspects": [
      {
        "Aspect": "사이즈",
        "SentimentText": "크기가 작아 이동이 편리하고",
        "SentimentWord": "4",
        "SentimentPolarity": "1"
      },
      {
        "Aspect": "소음",
        "SentimentText": "저소음 기능이 있어 조용한 캠핑을 즐길 수 있어요.",
        "SentimentWord": "8",
        "SentimentPolarity": "1"
      }
    ]
  },
  {
    "Index": "36622",
    "RawText": "빠른 발열로 금방 따뜻해져서 편리하고 소리가 작아 조용한 캠핑을 즐기기 좋아요.  ",
    "Source": "쇼핑몰",
    "Domain": "가전",
    "MainCategory": "계절가전",
    "ProductName": "아이슈미드 슈미드 마카롱 SC-MH-2020 일반구매",
    "ReviewScore": "4",
    "Syllable": "46",
    "Word": "11",
    "RDate": "20201006",
    "GeneralPolarity": "1",
    "Aspects": [
      {
        "Aspect": "시간/속도",
        "SentimentText": "빠른 발열로 금방 따뜻해져서 편리하고",
        "SentimentWord": "5",
        "SentimentPolarity": "1"
      },
      {
        "Aspect": "소음",
        "SentimentText": "소리가 작아 조용한 캠핑을 즐기기 좋아요.",
        "SentimentWord": "6",
        "SentimentPolarity": "1"
      }
    ]
  },
  {
    "Index": "36623",
    "RawText": "캠핑이 유행이라 구매해보았는데 깔끔하고 귀여운 디자인이 마음에 들어요. 다만 열 전도율이 낮아 이너텐트 앞 부분만 따듯하고 불편하네요... ",
    "Source": "쇼핑몰",
    "Domain": "가전",
    "MainCategory": "계절가전",
    "ProductName": "아이슈미드 슈미드 마카롱 SC-MH-2020 일반구매",
    "ReviewScore": "5",
    "Syllable": "78",
    "Word": "17",
    "RDate": "20201111",
    "Aspects": [
      {
        "Aspect": "디자인",
        "SentimentText": " 깔끔하고 귀여운 디자인이 마음에 들어요. ",
        "SentimentWord": "5",
        "SentimentPolarity": "1"
      },
      {
        "Aspect": "기능",
        "SentimentText": "열 전도율이 낮아 이너텐트 앞 부분만 따듯하고 불편하네요...",
        "SentimentWord": "8",
        "SentimentPolarity": "-1"
      }
    ]
  },
  {
    "Index": "36624",
    "RawText": "예쁜 노란색이 마음에 들어요. 작은 크기가 아쉽고 소리가 나서 실망스럽지만 가성비 좋은 제품이에요.",
    "Source": "쇼핑몰",
    "Domain": "가전",
    "MainCategory": "계절가전",
    "ProductName": "아이슈미드 슈미드 마카롱 SC-MH-2020 일반구매",
    "ReviewScore": "5",
    "Syllable": "55",
    "Word": "13",
    "RDate": "20220311",
    "GeneralPolarity": "1",
    "Aspects": [
      {
        "Aspect": "색상",
        "SentimentText": "예쁜 노란색이 마음에 들어요.",
        "SentimentWord": "4",
        "SentimentPolarity": "1"
      },
      {
        "Aspect": "사이즈",
        "SentimentText": " 작은 크기가 아쉽고",
        "SentimentWord": "3",
        "SentimentPolarity": "-1"
      },
      {
        "Aspect": "소음",
        "SentimentText": "소리가 나서 실망스럽지만",
        "SentimentWord": "3",
        "SentimentPolarity": "-1"
      },
      {
        "Aspect": "가격",
        "SentimentText": "가성비 좋은 제품이에요.",
        "SentimentWord": "3",
        "SentimentPolarity": "1"
      }
    ]
  },
  {
    "Index": "36625",
    "RawText": "적당한 발열감으로 간절기에 이너텐트 안에서 켜놓기 좋고 소리가 작아서 숙면을 취할 수 있어 캠핑이 즐거워요.",
    "Source": "쇼핑몰",
    "Domain": "가전",
    "MainCategory": "계절가전",
    "ProductName": "아이슈미드 슈미드 마카롱 SC-MH-2020 일반구매",
    "ReviewScore": "5",
    "Syllable": "60",
    "Word": "15",
    "RDate": "20200829",
    "GeneralPolarity": "1",
    "Aspects": [
      {
        "Aspect": "기능",
        "SentimentText": "적당한 발열감으로 간절기에 이너텐트 안에서 켜놓기 좋고",
        "SentimentWord": "7",
        "SentimentPolarity": "1"
      },
      {
        "Aspect": "소음",
        "SentimentText": "소리가 작아서 숙면을 취할 수 있어 캠핑이 즐거워요.",
        "SentimentWord": "8",
        "SentimentPolarity": "1"
      }
    ]
  },
  {
    "Index": "36626",
    "RawText": "발열속도가 빨라 텐트 안이 금방 훈훈해지고 회전모드가 있어 밤캠핑도 문제없어요.^^ 깔끔한 흰색이라 더 마음에 들어요. 가격도 좋고 득템했네요.^^",
    "Source": "쇼핑몰",
    "Domain": "가전",
    "MainCategory": "계절가전",
    "ProductName": "아이슈미드 슈미드 마카롱 SC-MH-2020 일반구매",
    "ReviewScore": "5",
    "Syllable": "82",
    "Word": "18",
    "RDate": "20210906",
    "GeneralPolarity": "1",
    "Aspects": [
      {
        "Aspect": "시간/속도",
        "SentimentText": "발열속도가 빨라 텐트 안이 금방 훈훈해지고",
        "SentimentWord": "6",
        "SentimentPolarity": "1"
      },
      {
        "Aspect": "기능",
        "SentimentText": "회전모드가 있어 밤캠핑도 문제없어요.^^",
        "SentimentWord": "4",
        "SentimentPolarity": "1"
      },
      {
        "Aspect": "색상",
        "SentimentText": "깔끔한 흰색이라 더 마음에 들어요.",
        "SentimentWord": "5",
        "SentimentPolarity": "1"
      },
      {
        "Aspect": "가격",
        "SentimentText": "가격도 좋고 득템했네요.^^",
        "SentimentWord": "3",
        "SentimentPolarity": "1"
      }
    ]
  },
  {
    "Index": "36627",
    "RawText": "빠른 발열로 이너텐트 안이 금방 따뜻해지니 만족해용. 다만 제품이 너무 가벼워서 안정감은 없어 아쉽네요ㅜ",
    "Source": "쇼핑몰",
    "Domain": "가전",
    "MainCategory": "계절가전",
    "ProductName": "아이슈미드 슈미드 마카롱 SC-MH-2020 일반구매",
    "ReviewScore": "5",
    "Syllable": "58",
    "Word": "14",
    "RDate": "20200924",
    "Aspects": [
      {
        "Aspect": "시간/속도",
        "SentimentText": "빠른 발열로 이너텐트 안이 금방 따뜻해지니 만족해용.",
        "SentimentWord": "7",
        "SentimentPolarity": "1"
      },
      {
        "Aspect": "무게",
        "SentimentText": "다만 제품이 너무 가벼워서 안정감은 없어 아쉽네요ㅜ",
        "SentimentWord": "7",
        "SentimentPolarity": "-1"
      }
    ]
  },
  {
    "Index": "36628",
    "RawText": "발열이 높아 이너텐트 안이 금방 따뜻해져서 넘나 좋네요. 크기가 작아서 캠핑할때 들고 다니기 편하고 마음에 들어요~",
    "Source": "쇼핑몰",
    "Domain": "가전",
    "MainCategory": "계절가전",
    "ProductName": "아이슈미드 슈미드 마카롱 SC-MH-2020 일반구매",
    "ReviewScore": "4",
    "Syllable": "64",
    "Word": "16",
    "RDate": "20201016",
    "GeneralPolarity": "1",
    "Aspects": [
      {
        "Aspect": "기능",
        "SentimentText": "발열이 높아 이너텐트 안이 금방 따뜻해져서 넘나 좋네요.",
        "SentimentWord": "8",
        "SentimentPolarity": "1"
      },
      {
        "Aspect": "편의성",
        "SentimentText": "크기가 작아서 캠핑할때 들고 다니기 편하고 마음에 들어요~",
        "SentimentWord": "8",
        "SentimentPolarity": "1"
      }
    ]
  },
  {
    "Index": "36629",
    "RawText": "색이 귀엽고 예쁘네요. 크기도 작아 휴대하기 편리하고 빠른 발열로 본체가 너무 뜨거워서 자주 사용하기가 조심스러워요.",
    "Source": "쇼핑몰",
    "Domain": "가전",
    "MainCategory": "계절가전",
    "ProductName": "아이슈미드 슈미드 마카롱 SC-MH-2020 일반구매",
    "ReviewScore": "5",
    "Syllable": "65",
    "Word": "15",
    "RDate": "20210109",
    "GeneralPolarity": "0",
    "Aspects": [
      {
        "Aspect": "색상",
        "SentimentText": "색이 귀엽고 예쁘네요.",
        "SentimentWord": "3",
        "SentimentPolarity": "1"
      },
      {
        "Aspect": "편의성",
        "SentimentText": "크기도 작아 휴대하기 편리하고",
        "SentimentWord": "4",
        "SentimentPolarity": "1"
      },
      {
        "Aspect": "내구성",
        "SentimentText": "빠른 발열로 본체가 너무 뜨거워서 자주 사용하기가 조심스러워요.",
        "SentimentWord": "8",
        "SentimentPolarity": "-1"
      }
    ]
  },
  {
    "Index": "36630",
    "RawText": "작은 크기가 아쉽지만 빠른 발열로 이너텐트 안이 금방 따뜻해져서 맘에 들어요~",
    "Source": "쇼핑몰",
    "Domain": "가전",
    "MainCategory": "계절가전",
    "ProductName": "아이슈미드 슈미드 마카롱 SC-MH-2020 일반구매",
    "ReviewScore": "5",
    "Syllable": "43",
    "Word": "11",
    "RDate": "20210606",
    "GeneralPolarity": "0",
    "Aspects": [
      {
        "Aspect": "사이즈",
        "SentimentText": "작은 크기가 아쉽지만 ",
        "SentimentWord": "3",
        "SentimentPolarity": "-1"
      },
      {
        "Aspect": "시간/속도",
        "SentimentText": "빠른 발열로 이너텐트 안이 금방 따뜻해져서 맘에 들어요~",
        "SentimentWord": "8",
        "SentimentPolarity": "1"
      }
    ]
  },
  {
    "Index": "36631",
    "RawText": "텐트 안이 빨리 따뜻해져서 야간캠핑이 즐거워요. 그리고 제품 사용이 쉽고 편리해요.",
    "Source": "쇼핑몰",
    "Domain": "가전",
    "MainCategory": "계절가전",
    "ProductName": "아이슈미드 슈미드 마카롱 SC-MH-2020 일반구매",
    "ReviewScore": "5",
    "Syllable": "46",
    "Word": "11",
    "RDate": "20210309",
    "Aspects": [
      {
        "Aspect": "시간/속도",
        "SentimentText": "텐트 안이 빨리 따뜻해져서 야간캠핑이 즐거워요.",
        "SentimentWord": "6",
        "SentimentPolarity": "1"
      },
      {
        "Aspect": "편의성",
        "SentimentText": "그리고 제품 사용이 쉽고 편리해요.",
        "SentimentWord": "5",
        "SentimentPolarity": "1"
      }
    ]
  },
  {
    "Index": "36632",
    "RawText": "시끄럽지 않아서 야간 캠핑에 탁월하고 회전모드가 있어서 텐트 내부가 따뜻해져서 좋아요.",
    "Source": "쇼핑몰",
    "Domain": "가전",
    "MainCategory": "계절가전",
    "ProductName": "아이슈미드 슈미드 마카롱 SC-MH-2020 일반구매",
    "ReviewScore": "5",
    "Syllable": "48",
    "Word": "11",
    "RDate": "20211111",
    "GeneralPolarity": "1",
    "Aspects": [
      {
        "Aspect": "소음",
        "SentimentText": "시끄럽지 않아서 야간 캠핑에 탁월하고",
        "SentimentWord": "5",
        "SentimentPolarity": "1"
      },
      {
        "Aspect": "기능",
        "SentimentText": "회전모드가 있어서 텐트 내부가 따뜻해져서 좋아요.",
        "SentimentWord": "6",
        "SentimentPolarity": "1"
      }
    ]
  },
  {
    "Index": "36633",
    "RawText": "제품 헤드부분에 약간의 기스가 있어서 기분이 좀 찝찝했지만 제품은 별이상없고 빠르게 따뜻한 바람 잘 나와서  사용하는데 좋네요",
    "Source": "쇼핑몰",
    "Domain": "가전",
    "MainCategory": "계절가전",
    "ProductName": "아이슈미드 슈미드 마카롱 SC-MH-2020 일반구매",
    "ReviewScore": "4",
    "Syllable": "70",
    "Word": "17",
    "RDate": "20201226",
    "Aspects": [
      {
        "Aspect": "품질",
        "SentimentText": "제품 헤드부분에 약간의 기스가 있어서 기분이 좀 찝찝했지만",
        "SentimentWord": "8",
        "SentimentPolarity": "-1"
      },
      {
        "Aspect": "기능",
        "SentimentText": "제품은 별이상없고 빠르게 따뜻한 바람 잘 나와서  사용하는데 좋네요",
        "SentimentWord": "9",
        "SentimentPolarity": "1"
      }
    ]
  },
  {
    "Index": "36634",
    "RawText": "간절기에 사용할 수 있어 활용성이 높아요. 회전이 가능해 따뜻함을 오래 유지할 수 있어 만족해요.",
    "Source": "쇼핑몰",
    "Domain": "가전",
    "MainCategory": "계절가전",
    "ProductName": "아이슈미드 슈미드 마카롱 SC-MH-2020 일반구매",
    "ReviewScore": "5",
    "Syllable": "54",
    "Word": "14",
    "RDate": "20201011",
    "GeneralPolarity": "1",
    "Aspects": [
      {
        "Aspect": "편의성",
        "SentimentText": "간절기에 사용할 수 있어 활용성이 높아요.",
        "SentimentWord": "6",
        "SentimentPolarity": "1"
      },
      {
        "Aspect": "기능",
        "SentimentText": "회전이 가능해 따뜻함을 오래 유지할 수 있어 만족해요.",
        "SentimentWord": "8",
        "SentimentPolarity": "1"
      }
    ]
  },
  {
    "Index": "36635",
    "RawText": "플라스틱 냄새가 많이 나서 캠핑장에서 사용을 금지당했어요. 집에서 쓸때도 열전도율이 적당해서 안심하고 사용하고 있어요.",
    "Source": "쇼핑몰",
    "Domain": "가전",
    "MainCategory": "계절가전",
    "ProductName": "아이슈미드 슈미드 마카롱 SC-MH-2020 일반구매",
    "ReviewScore": "4",
    "Syllable": "66",
    "Word": "14",
    "RDate": "20211119",
    "GeneralPolarity": "0",
    "Aspects": [
      {
        "Aspect": "품질",
        "SentimentText": "플라스틱 냄새가 많이 나서 캠핑장에서 사용을 금지당했어요.",
        "SentimentWord": "7",
        "SentimentPolarity": "-1"
      },
      {
        "Aspect": "기능",
        "SentimentText": "집에서 쓸때도 열전도율이 적당해서 안심하고 사용하고 있어요.",
        "SentimentWord": "7",
        "SentimentPolarity": "1"
      }
    ]
  },
  {
    "Index": "36636",
    "RawText": "약간 지지직거리는 소리가 있어도 다른제품보다 소음은 확실히 작아서 만족해요  다만, 열전도율이 낮아서 바로 앞부분만 따뜻해서 별로예요ㅜ",
    "Source": "쇼핑몰",
    "Domain": "가전",
    "MainCategory": "계절가전",
    "ProductName": "아이슈미드 슈미드 마카롱 SC-MH-2020 일반구매",
    "ReviewScore": "5",
    "Syllable": "75",
    "Word": "16",
    "RDate": "20210117",
    "Aspects": [
      {
        "Aspect": "소음",
        "SentimentText": "약간 지지직거리는 소리가 있어도 다른제품보다 소음은 확실히 작아서 만족해요 ",
        "SentimentWord": "9",
        "SentimentPolarity": "1"
      },
      {
        "Aspect": "기능",
        "SentimentText": "다만, 열전도율이 낮아서 바로 앞부분만 따뜻해서 별로예요ㅜ",
        "SentimentWord": "7",
        "SentimentPolarity": "-1"
      }
    ]
  },
  {
    "Index": "36637",
    "RawText": "타브랜드 제품 사용하는데 소음이 넘커서 조용한거 알아보던중 상품평 좋아 구매했는데 조용해서 맘에 들어요~  사이즈도 아담해서 좋고요~ 좌우회전도 되고 1단계는 조용하면서 따뜻해서  잘 사용합니다~",
    "Source": "쇼핑몰",
    "Domain": "가전",
    "MainCategory": "계절가전",
    "ProductName": "아이슈미드 슈미드 마카롱 SC-MH-2020 일반구매",
    "ReviewScore": "5",
    "Syllable": "109",
    "Word": "23",
    "RDate": "20210520",
    "GeneralPolarity": "1",
    "Aspects": [
      {
        "Aspect": "소음",
        "SentimentText": "타브랜드 제품 사용하는데 소음이 넘커서 조용한거 알아보던중 상품평 좋아 구매했는데 조용해서 맘에 들어요~ ",
        "SentimentWord": "13",
        "SentimentPolarity": "1"
      },
      {
        "Aspect": "사이즈",
        "SentimentText": "사이즈도 아담해서 좋고요~",
        "SentimentWord": "3",
        "SentimentPolarity": "1"
      },
      {
        "Aspect": "기능",
        "SentimentText": "좌우회전도 되고 1단계는 조용하면서 따뜻해서  잘 사용합니다~",
        "SentimentWord": "7",
        "SentimentPolarity": "1"
      }
    ]
  },
  {
    "Index": "36638",
    "RawText": "회전모드가 작동되지 않는 고장난 제품이 왔어요. 발열감이 심해서 불이 날까봐 걱정이 많이 되네요.",
    "Source": "쇼핑몰",
    "Domain": "가전",
    "MainCategory": "계절가전",
    "ProductName": "아이슈미드 슈미드 마카롱 SC-MH-2020 일반구매",
    "ReviewScore": "3",
    "Syllable": "54",
    "Word": "13",
    "RDate": "20210901",
    "GeneralPolarity": "-1",
    "Aspects": [
      {
        "Aspect": "품질",
        "SentimentText": "회전모드가 작동되지 않는 고장난 제품이 왔어요.",
        "SentimentWord": "6",
        "SentimentPolarity": "-1"
      },
      {
        "Aspect": "내구성",
        "SentimentText": "발열감이 심해서 불이 날까봐 걱정이 많이 되네요.",
        "SentimentWord": "7",
        "SentimentPolarity": "-1"
      }
    ]
  },
  {
    "Index": "36639",
    "RawText": "좌우 회전속도가  천천히 되는게 맘에 들어요~ 사이즈가 작아도 높이도 적당해서 좋고.  소음은 약간 있지만 시끄러울 정도는 아니에요 바로 앞쪽 또는 근처에 두고 사용해야 따뜻합니다",
    "Source": "쇼핑몰",
    "Domain": "가전",
    "MainCategory": "계절가전",
    "ProductName": "아이슈미드 슈미드 마카롱 SC-MH-2020 일반구매",
    "ReviewScore": "5",
    "Syllable": "100",
    "Word": "24",
    "RDate": "20201228",
    "GeneralPolarity": "0",
    "Aspects": [
      {
        "Aspect": "시간/속도",
        "SentimentText": "좌우 회전속도가  천천히 되는게 맘에 들어요~",
        "SentimentWord": "6",
        "SentimentPolarity": "1"
      },
      {
        "Aspect": "사이즈",
        "SentimentText": "사이즈가 작아도 높이도 적당해서 좋고. ",
        "SentimentWord": "5",
        "SentimentPolarity": "1"
      },
      {
        "Aspect": "소음",
        "SentimentText": "소음은 약간 있지만 시끄러울 정도는 아니에요",
        "SentimentWord": "6",
        "SentimentPolarity": "0"
      },
      {
        "Aspect": "기능",
        "SentimentText": "바로 앞쪽 또는 근처에 두고 사용해야 따뜻합니다",
        "SentimentWord": "7",
        "SentimentPolarity": "0"
      }
    ]
  },
  {
    "Index": "36640",
    "RawText": "작은 크기가 마음에 쏙 드네요. 가성비 좋은 제품으로 구입을 할 수 있어 만족합니다.",
    "Source": "쇼핑몰",
    "Domain": "가전",
    "MainCategory": "계절가전",
    "ProductName": "알파카 태서전기 TS-77A",
    "ReviewScore": "5",
    "Syllable": "47",
    "Word": "13",
    "RDate": "20211124",
    "GeneralPolarity": "1",
    "Aspects": [
      {
        "Aspect": "사이즈",
        "SentimentText": "작은 크기가 마음에 쏙 드네요.",
        "SentimentWord": "5",
        "SentimentPolarity": "1"
      },
      {
        "Aspect": "가격",
        "SentimentText": "가성비 좋은 제품으로 구입을 할 수 있어 만족합니다.",
        "SentimentWord": "8",
        "SentimentPolarity": "1"
      }
    ]
  },
  {
    "Index": "36641",
    "RawText": "카키색상이 정말 고급스럽고 예뻐요. 다른 쇼핑몰보다 저렴한 가격에 구입을 해서 만족합니다. ",
    "Source": "쇼핑몰",
    "Domain": "가전",
    "MainCategory": "계절가전",
    "ProductName": "알파카 태서전기 TS-77A",
    "ReviewScore": "4",
    "Syllable": "51",
    "Word": "11",
    "RDate": "20210930",
    "GeneralPolarity": "1",
    "Aspects": [
      {
        "Aspect": "색상",
        "SentimentText": "카키색상이 정말 고급스럽고 예뻐요.",
        "SentimentWord": "4",
        "SentimentPolarity": "1"
      },
      {
        "Aspect": "가격",
        "SentimentText": "다른 쇼핑몰보다 저렴한 가격에 구입을 해서 만족합니다.",
        "SentimentWord": "7",
        "SentimentPolarity": "1"
      }
    ]
  },
  {
    "Index": "36642",
    "RawText": "착화와 소화시 냄새가 엄청 심하고 기름이 충분한데도 난로가 자꾸 꺼져서 황당했어요ㅠㅠ  기름이 조금씩 새는것도 불편하고 화력도 일정하지 않고... 정말 너무 실망스럽고  별로네요ㅠㅠ  한 번 사용해서 반품도 안되고...속상해요ㅠㅠ",
    "Source": "쇼핑몰",
    "Domain": "가전",
    "MainCategory": "계절가전",
    "ProductName": "알파카 태서전기 TS-77A",
    "ReviewScore": "1",
    "Syllable": "128",
    "Word": "27",
    "RDate": "20211223",
    "Aspects": [
      {
        "Aspect": "품질",
        "SentimentText": "착화와 소화시 냄새가 엄청 심하고 기름이 충분한데도 난로가 자꾸 꺼져서 황당했어요ㅠㅠ ",
        "SentimentWord": "11",
        "SentimentPolarity": "-1"
      },
      {
        "Aspect": "기능",
        "SentimentText": " 화력도 일정하지 않고... 정말 너무 실망스럽고  별로네요ㅠㅠ ",
        "SentimentWord": "7",
        "SentimentPolarity": "-1"
      }
    ]
  },
  {
    "Index": "36643",
    "RawText": "구매한 상품이 훼손되어 와서 실망. 구매후 하룻밤사이에 가격도 내려갔네요ㅜ",
    "Source": "쇼핑몰",
    "Domain": "가전",
    "MainCategory": "계절가전",
    "ProductName": "알파카 태서전기 TS-77A",
    "ReviewScore": "1",
    "Syllable": "41",
    "Word": "9",
    "RDate": "20220203",
    "Aspects": [
      {
        "Aspect": "품질",
        "SentimentText": "구매한 상품이 훼손되어 와서 실망.",
        "SentimentWord": "5",
        "SentimentPolarity": "-1"
      },
      {
        "Aspect": "가격",
        "SentimentText": "구매후 하룻밤사이에 가격도 내려갔네요ㅜ",
        "SentimentWord": "4",
        "SentimentPolarity": "-1"
      }
    ]
  },
  {
    "Index": "36644",
    "RawText": "오랜시간 만족하며 사용한 제품이라 두대 더 재주문 했는데 요즘 제품은 무게가 생각보다 무겁네요ㅜ 둘 다 밑에 판이 찌그러져 있어서 실망스럽습니다.",
    "Source": "쇼핑몰",
    "Domain": "가전",
    "MainCategory": "계절가전",
    "ProductName": "알파카 태서전기 TS-77A",
    "ReviewScore": "1",
    "Syllable": "81",
    "Word": "20",
    "RDate": "20210910",
    "Aspects": [
      {
        "Aspect": "무게",
        "SentimentText": "요즘 제품은 무게가 생각보다 무겁네요ㅜ",
        "SentimentWord": "5",
        "SentimentPolarity": "-1"
      },
      {
        "Aspect": "품질",
        "SentimentText": "둘 다 밑에 판이 찌그러져 있어서 실망스럽습니다.",
        "SentimentWord": "7",
        "SentimentPolarity": "-1"
      }
    ]
  },
  {
    "Index": "36645",
    "RawText": "깔끔한 포장으로 안전하게 잘받았습니다~ 빠른배송도 마음에 들고요ㅎ 전원을 켰을 때 금방 따뜻해지니 좋네요ㅎ 사이즈가 너무 작아서 당황했어요. ㅜㅠ",
    "Source": "쇼핑몰",
    "Domain": "가전",
    "MainCategory": "계절가전",
    "ProductName": "알파카 태서전기 TS-77A",
    "ReviewScore": "5",
    "Syllable": "81",
    "Word": "18",
    "RDate": "20210130",
    "Aspects": [
      {
        "Aspect": "사이즈",
        "SentimentText": "사이즈가 너무 작아서 당황했어요. ㅜㅠ",
        "SentimentWord": "5",
        "SentimentPolarity": "-1"
      },
      {
        "Aspect": "시간/속도",
        "SentimentText": "전원을 켰을 때 금방 따뜻해지니 좋네요ㅎ",
        "SentimentWord": "6",
        "SentimentPolarity": "1"
      }
    ]
  },
  {
    "Index": "36646",
    "RawText": "기름냄새 잘 나지않아 가게에서 사용하기 정말 좋아요~ 미니 난로가 귀여워서 마음에 쏙 드네요~ 화력이 쎄서 주전자 올려놓으면 물이 빨리 끓어올라 가습효과까지 나타나서 만족~~~",
    "Source": "쇼핑몰",
    "Domain": "가전",
    "MainCategory": "계절가전",
    "ProductName": "알파카 태서전기 TS-77A",
    "ReviewScore": "5",
    "Syllable": "98",
    "Word": "23",
    "RDate": "20190104",
    "GeneralPolarity": "1",
    "Aspects": [
      {
        "Aspect": "품질",
        "SentimentText": "기름냄새 잘 나지않아 가게에서 사용하기 정말 좋아요~",
        "SentimentWord": "7",
        "SentimentPolarity": "1"
      },
      {
        "Aspect": "사이즈",
        "SentimentText": "미니 난로가 귀여워서 마음에 쏙 드네요~",
        "SentimentWord": "6",
        "SentimentPolarity": "1"
      },
      {
        "Aspect": "기능",
        "SentimentText": "화력이 쎄서 주전자 올려놓으면 물이 빨리 끓어올라 가습효과까지 나타나서 만족~~~",
        "SentimentWord": "10",
        "SentimentPolarity": "1"
      }
    ]
  },
  {
    "Index": "36647",
    "RawText": "가격 대비 만족스러워요~ 전원을 켤때만 냄새가 조금 나고 그 이후엔 안나요~ 집이나 회사에서 간편하게 사용할 수 있어 좋아요. ",
    "Source": "쇼핑몰",
    "Domain": "가전",
    "MainCategory": "계절가전",
    "ProductName": "알파카 태서전기 TS-77A",
    "ReviewScore": "5",
    "Syllable": "71",
    "Word": "18",
    "RDate": "20211112",
    "GeneralPolarity": "1",
    "Aspects": [
      {
        "Aspect": "가격",
        "SentimentText": "가격 대비 만족스러워요~",
        "SentimentWord": "3",
        "SentimentPolarity": "1"
      },
      {
        "Aspect": "품질",
        "SentimentText": "전원을 켤때만 냄새가 조금 나고 그 이후엔 안나요~",
        "SentimentWord": "8",
        "SentimentPolarity": "0"
      },
      {
        "Aspect": "편의성",
        "SentimentText": "집이나 회사에서 간편하게 사용할 수 있어 좋아요",
        "SentimentWord": "7",
        "SentimentPolarity": "1"
      }
    ]
  },
  {
    "Index": "36648",
    "RawText": "가격대비 제품이 좋네요~ 연료 10L만 넣고도 이틀 충분히 사용했어요",
    "Source": "쇼핑몰",
    "Domain": "가전",
    "MainCategory": "계절가전",
    "ProductName": "알파카 태서전기 TS-77A",
    "ReviewScore": "5",
    "Syllable": "38",
    "Word": "9",
    "RDate": "20201027",
    "Aspects": [
      {
        "Aspect": "품질",
        "SentimentText": "가격대비 제품이 좋네요~",
        "SentimentWord": "3",
        "SentimentPolarity": "1"
      },
      {
        "Aspect": "소비전력",
        "SentimentText": "연료 10L만 넣고도 이틀 충분히 사용했어요",
        "SentimentWord": "6",
        "SentimentPolarity": "1"
      }
    ]
  },
  {
    "Index": "36649",
    "RawText": "크기가 적당히 커서 캠핑용으로 딱입니다. 전용 가방이 있어서 휴대가 간편하고 좋아요.",
    "Source": "쇼핑몰",
    "Domain": "가전",
    "MainCategory": "계절가전",
    "ProductName": "알파카 태서전기 TS-77A",
    "ReviewScore": "5",
    "Syllable": "47",
    "Word": "11",
    "RDate": "20211110",
    "Aspects": [
      {
        "Aspect": "사이즈",
        "SentimentText": "크기가 적당히 커서 캠핑용으로 딱입니다.",
        "SentimentWord": "5",
        "SentimentPolarity": "1"
      },
      {
        "Aspect": "편의성",
        "SentimentText": "전용 가방이 있어서 휴대가 간편하고 좋아요.",
        "SentimentWord": "6",
        "SentimentPolarity": "1"
      }
    ]
  },
  {
    "Index": "36650",
    "RawText": "연료 소비량이 적어 오랜시간 사용하기 좋고 아담해서 귀여워요. 가벼워서 간절기 캠핑용으로 추천해요.",
    "Source": "쇼핑몰",
    "Domain": "가전",
    "MainCategory": "계절가전",
    "ProductName": "알파카 태서전기 TS-77A",
    "ReviewScore": "5",
    "Syllable": "55",
    "Word": "12",
    "RDate": "20210826",
    "GeneralPolarity": "1",
    "Aspects": [
      {
        "Aspect": "소비전력",
        "SentimentText": "연료 소비량이 적어 오랜시간 사용하기 좋고",
        "SentimentWord": "6",
        "SentimentPolarity": "1"
      },
      {
        "Aspect": "사이즈",
        "SentimentText": "아담해서 귀여워요.",
        "SentimentWord": "2",
        "SentimentPolarity": "1"
      },
      {
        "Aspect": "무게",
        "SentimentText": "가벼워서 간절기 캠핑용으로 추천해요.",
        "SentimentWord": "4",
        "SentimentPolarity": "1"
      }
    ]
  },
  {
    "Index": "36651",
    "RawText": "디자인이 감성적이고 좋네요~~ 처음 작동시에 연기는 나지만 계속 나진 않네요. 지금같은 계절에 캠핑가서 난로 하나로 따뜻하게 잘 지냈습니다.",
    "Source": "쇼핑몰",
    "Domain": "가전",
    "MainCategory": "계절가전",
    "ProductName": "알파카 태서전기 TS-77A",
    "ReviewScore": "5",
    "Syllable": "78",
    "Word": "18",
    "RDate": "20211030",
    "GeneralPolarity": "1",
    "Aspects": [
      {
        "Aspect": "디자인",
        "SentimentText": "디자인이 감성적이고 좋네요~~",
        "SentimentWord": "3",
        "SentimentPolarity": "1"
      },
      {
        "Aspect": "품질",
        "SentimentText": "처음 작동시에 연기는 나지만 계속 나진 않네요",
        "SentimentWord": "7",
        "SentimentPolarity": "0"
      },
      {
        "Aspect": "기능",
        "SentimentText": "지금같은 계절에 캠핑가서 난로 하나로 따뜻하게 잘 지냈습니다.",
        "SentimentWord": "8",
        "SentimentPolarity": "1"
      }
    ]
  },
  {
    "Index": "36652",
    "RawText": "기름 게이지가 불량인 것 같아요 꽉차게 넣어도 E에 있어요 검정색상은 만족합니다.",
    "Source": "쇼핑몰",
    "Domain": "가전",
    "MainCategory": "계절가전",
    "ProductName": "알파카 태서전기 TS-77A",
    "ReviewScore": "2",
    "Syllable": "45",
    "Word": "11",
    "RDate": "20210326",
    "GeneralPolarity": "-1",
    "Aspects": [
      {
        "Aspect": "품질",
        "SentimentText": "기름 게이지가 불량인 것 같아요 꽉차게 넣어도 E에 있어요",
        "SentimentWord": "9",
        "SentimentPolarity": "-1"
      },
      {
        "Aspect": "색상",
        "SentimentText": "검정색상은 만족합니다.",
        "SentimentWord": "2",
        "SentimentPolarity": "1"
      }
    ]
  },
  {
    "Index": "36653",
    "RawText": "처음 작동해 보았는데 오랜시간 따뜻하게 잘 사용했어요~ 외부에서 사용하는 것도 편하고  같이 주신 사은품도 마음에 쏙 들어요~",
    "Source": "쇼핑몰",
    "Domain": "가전",
    "MainCategory": "계절가전",
    "ProductName": "알파카 태서전기 TS-77A",
    "ReviewScore": "5",
    "Syllable": "70",
    "Word": "17",
    "RDate": "20210126",
    "GeneralPolarity": "1",
    "Aspects": [
      {
        "Aspect": "시간/속도",
        "SentimentText": "처음 작동해 보았는데 오랜시간 따뜻하게 잘 사용했어요~",
        "SentimentWord": "7",
        "SentimentPolarity": "1"
      },
      {
        "Aspect": "편의성",
        "SentimentText": "외부에서 사용하는 것도 편하고",
        "SentimentWord": "4",
        "SentimentPolarity": "1"
      },
      {
        "Aspect": "제품구성",
        "SentimentText": "같이 주신 사은품도 마음에 쏙 들어요~",
        "SentimentWord": "6",
        "SentimentPolarity": "1"
      }
    ]
  },
  {
    "Index": "36654",
    "RawText": "석유 냄새가 살짝 나지만 사용하기 나쁘지 않아요. 제품의 화력이 좋아서 주전자의 물이 금방 끓고 차마시면서 운치 있는 캠핑을 즐길 수 있어서 좋아요.",
    "Source": "쇼핑몰",
    "Domain": "가전",
    "MainCategory": "계절가전",
    "ProductName": "알파카 태서전기 TS-77A",
    "ReviewScore": "5",
    "Syllable": "83",
    "Word": "22",
    "RDate": "20211210",
    "GeneralPolarity": "1",
    "Aspects": [
      {
        "Aspect": "품질",
        "SentimentText": "석유 냄새가 살짝 나지만 사용하기 나쁘지 않아요.",
        "SentimentWord": "7",
        "SentimentPolarity": "0"
      },
      {
        "Aspect": "기능",
        "SentimentText": "제품의 화력이 좋아서 주전자의 물이 금방 끓고",
        "SentimentWord": "7",
        "SentimentPolarity": "1"
      }
    ]
  },
  {
    "Index": "36655",
    "RawText": "크기가 작아서 자리차지를 많이 하지않고~ 발열량이 높고 엄청 따뜻해서 캠핑장에서 오랜시간 사용하기 편리해요~~ㅎㅎ",
    "Source": "쇼핑몰",
    "Domain": "가전",
    "MainCategory": "계절가전",
    "ProductName": "알파카 태서전기 TS-77A",
    "ReviewScore": "5",
    "Syllable": "63",
    "Word": "13",
    "RDate": "20211109",
    "GeneralPolarity": "1",
    "Aspects": [
      {
        "Aspect": "사이즈",
        "SentimentText": "크기가 작아서 자리차지를 많이 하지않고~",
        "SentimentWord": "5",
        "SentimentPolarity": "1"
      },
      {
        "Aspect": "기능",
        "SentimentText": "발열량이 높고 엄청 따뜻해서",
        "SentimentWord": "4",
        "SentimentPolarity": "1"
      },
      {
        "Aspect": "시간/속도",
        "SentimentText": "캠핑장에서 오랜시간 사용하기 편리해요~~ㅎㅎ ",
        "SentimentWord": "4",
        "SentimentPolarity": "1"
      }
    ]
  },
  {
    "Index": "36656",
    "RawText": "화력이 강해 너무 따뜻해서 만족스러워요! 주문한 제품보다 업그레이드 된 제품으로 보내주셨어요 감사합니다.",
    "Source": "쇼핑몰",
    "Domain": "가전",
    "MainCategory": "계절가전",
    "ProductName": "알파카 태서전기 TS-77A",
    "ReviewScore": "5",
    "Syllable": "58",
    "Word": "12",
    "RDate": "20201125",
    "Aspects": [
      {
        "Aspect": "기능",
        "SentimentText": "화력이 강해 너무 따뜻해서 만족스러워요!",
        "SentimentWord": "5",
        "SentimentPolarity": "1"
      },
      {
        "Aspect": "제품구성",
        "SentimentText": "주문한 제품보다 업그레이드 된 제품으로 보내주셨어요 감사합니다.",
        "SentimentWord": "7",
        "SentimentPolarity": "1"
      }
    ]
  },
  {
    "Index": "36657",
    "RawText": "예상했던 것보다 냄새가 많이 나서 불편했어요~ 디자인은 괜찮네요^^",
    "Source": "쇼핑몰",
    "Domain": "가전",
    "MainCategory": "계절가전",
    "ProductName": "알파카 태서전기 TS-77A",
    "ReviewScore": "1",
    "Syllable": "37",
    "Word": "8",
    "RDate": "20211213",
    "GeneralPolarity": "0",
    "Aspects": [
      {
        "Aspect": "품질",
        "SentimentText": "예상했던 것보다 냄새가 많이 나서 불편했어요~",
        "SentimentWord": "6",
        "SentimentPolarity": "-1"
      },
      {
        "Aspect": "디자인",
        "SentimentText": "디자인은 괜찮네요^^",
        "SentimentWord": "2",
        "SentimentPolarity": "1"
      }
    ]
  },
  {
    "Index": "36658",
    "RawText": "기름 냄새가 너무 심해 두통이 와서 머리가 아프네요ㅠㅠ  화력도 일정하지 않고 불안정해서 사용하기 너무 불편하네요ㅠ",
    "Source": "쇼핑몰",
    "Domain": "가전",
    "MainCategory": "계절가전",
    "ProductName": "알파카 태서전기 TS-77A",
    "ReviewScore": "3",
    "Syllable": "64",
    "Word": "15",
    "RDate": "20190111",
    "Aspects": [
      {
        "Aspect": "품질",
        "SentimentText": "기름 냄새가 너무 심해 두통이 와서 머리가 아프네요ㅠㅠ",
        "SentimentWord": "8",
        "SentimentPolarity": "-1"
      },
      {
        "Aspect": "편의성",
        "SentimentText": " 화력도 일정하지 않고 불안정해서 사용하기 너무 불편하네요ㅠ",
        "SentimentWord": "7",
        "SentimentPolarity": "-1"
      }
    ]
  },
  {
    "Index": "36659",
    "RawText": "좁은 평수에 놓고 쓰기에 따뜻해서 좋아요. 기름냄새가 나서 환기를 자주 시켜야하는 불편함이 있어요.",
    "Source": "쇼핑몰",
    "Domain": "가전",
    "MainCategory": "계절가전",
    "ProductName": "알파카 태서전기 TS-77A",
    "ReviewScore": "4",
    "Syllable": "55",
    "Word": "13",
    "RDate": "20220104",
    "GeneralPolarity": "0",
    "Aspects": [
      {
        "Aspect": "기능",
        "SentimentText": "좁은 평수에 놓고 쓰기에 따뜻해서 좋아요.",
        "SentimentWord": "6",
        "SentimentPolarity": "1"
      },
      {
        "Aspect": "품질",
        "SentimentText": "기름냄새가 나서 환기를 자주 시켜야하는 불편함이 있어요.",
        "SentimentWord": "7",
        "SentimentPolarity": "-1"
      }
    ]
  },
  {
    "Index": "36660",
    "RawText": "다른제품도 사용해봤지만 역시 000가 짱! 화력이 좋아서 실내공기 따뜻하고  감자도 굽고 너무 만족해요^^ 단지 켰을때 기름 냄새는 조금 나네요...",
    "Source": "쇼핑몰",
    "Domain": "가전",
    "MainCategory": "계절가전",
    "ProductName": "알파카 태서전기 TS-77A",
    "ReviewScore": "5",
    "Syllable": "83",
    "Word": "19",
    "RDate": "20181230",
    "GeneralPolarity": "0",
    "Aspects": [
      {
        "Aspect": "기능",
        "SentimentText": "다른제품도 사용해봤지만 역시 000가 짱! 화력이 좋아서 실내공기 따뜻하고  감자도 굽고 너무 만족해요^^",
        "SentimentWord": "13",
        "SentimentPolarity": "1"
      },
      {
        "Aspect": "품질",
        "SentimentText": "단지 켰을때 기름 냄새는 조금 나네요...",
        "SentimentWord": "6",
        "SentimentPolarity": "-1"
      }
    ]
  },
  {
    "Index": "36661",
    "RawText": "적당한 크기가 맘에 듭니다. 빠르게 발열이 되서 따뜻한 캠핑을 즐길 수 있고 만족합니다~~",
    "Source": "쇼핑몰",
    "Domain": "가전",
    "MainCategory": "계절가전",
    "ProductName": "알파카 태서전기 TS-77A",
    "ReviewScore": "5",
    "Syllable": "50",
    "Word": "13",
    "RDate": "20210217",
    "GeneralPolarity": "1",
    "Aspects": [
      {
        "Aspect": "사이즈",
        "SentimentText": "적당한 크기가 맘에 듭니다.",
        "SentimentWord": "4",
        "SentimentPolarity": "1"
      },
      {
        "Aspect": "시간/속도",
        "SentimentText": "빠르게 발열이 되서 따뜻한 캠핑을 즐길 수 있고 만족합니다~~",
        "SentimentWord": "9",
        "SentimentPolarity": "1"
      }
    ]
  },
  {
    "Index": "36663",
    "RawText": "동계캠핑갈때 필수템으로 실내가 금방 훈훈해져 따뜻해서 좋고, 국내생산이라 품질도  확실히 좋아서 만족해요!! 제품 보관용 가방도 따로 있어서 맘에 들고 깔끔하게 사용할 수있고 보관도 편해요^^",
    "Source": "쇼핑몰",
    "Domain": "가전",
    "MainCategory": "계절가전",
    "ProductName": "알파카 태서전기 TS-77A",
    "ReviewScore": "5",
    "Syllable": "107",
    "Word": "24",
    "RDate": "20211129",
    "GeneralPolarity": "1",
    "Aspects": [
      {
        "Aspect": "기능",
        "SentimentText": "동계캠핑갈때 필수템으로 실내가 금방 훈훈해져 따뜻해서 좋고,",
        "SentimentWord": "7",
        "SentimentPolarity": "1"
      },
      {
        "Aspect": "품질",
        "SentimentText": "국내생산이라 품질도  확실히 좋아서 만족해요!!",
        "SentimentWord": "5",
        "SentimentPolarity": "1"
      },
      {
        "Aspect": "제품구성",
        "SentimentText": "제품 보관용 가방도 따로 있어서 맘에 들고",
        "SentimentWord": "7",
        "SentimentPolarity": "1"
      },
      {
        "Aspect": "편의성",
        "SentimentText": "깔끔하게 사용할 수있고 보관도 편해요^^",
        "SentimentWord": "5",
        "SentimentPolarity": "1"
      }
    ]
  },
  {
    "Index": "36664",
    "RawText": "발열속도가 빨라 따뜻하게 캠핑할수있어 좋아요 디자인은 그럭저럭 평범해요 삼부망이 미리 왔음 더 좋았을텐데~ 빨리 보내주세요^^",
    "Source": "쇼핑몰",
    "Domain": "가전",
    "MainCategory": "계절가전",
    "ProductName": "알파카 태서전기 TS-77A",
    "ReviewScore": "5",
    "Syllable": "70",
    "Word": "15",
    "RDate": "20211116",
    "Aspects": [
      {
        "Aspect": "시간/속도",
        "SentimentText": "발열속도가 빨라 따뜻하게 캠핑할수있어 좋아요",
        "SentimentWord": "5",
        "SentimentPolarity": "1"
      },
      {
        "Aspect": "디자인",
        "SentimentText": "디자인은 그럭저럭 평범해요",
        "SentimentWord": "3",
        "SentimentPolarity": "0"
      }
    ]
  },
  {
    "Index": "36665",
    "RawText": "좋은제품을 가격도 저렴하게 잘 구입해서 너무 좋아요~ 그런데 도색불량인지 급하게 만들어서인지 제품마감처리가 매끄럽지 못해 영 별로네요 ㅜ",
    "Source": "쇼핑몰",
    "Domain": "가전",
    "MainCategory": "계절가전",
    "ProductName": "알파카 태서전기 TS-77A",
    "ReviewScore": "5",
    "Syllable": "76",
    "Word": "17",
    "RDate": "20210303",
    "GeneralPolarity": "0",
    "Aspects": [
      {
        "Aspect": "가격",
        "SentimentText": "좋은제품을 가격도 저렴하게 잘 구입해서 너무 좋아요~",
        "SentimentWord": "7",
        "SentimentPolarity": "1"
      },
      {
        "Aspect": "품질",
        "SentimentText": "도색불량인지 급하게 만들어서인지 제품마감처리가 매끄럽지 못해 영 별로네요 ㅜ",
        "SentimentWord": "9",
        "SentimentPolarity": "-1"
      }
    ]
  },
  {
    "Index": "36666",
    "RawText": "아담한 크기가 귀엽고 모양도 예뻐서 마음에 드네요.",
    "Source": "쇼핑몰",
    "Domain": "가전",
    "MainCategory": "계절가전",
    "ProductName": "알파카 태서전기 TS-77A",
    "ReviewScore": "4",
    "Syllable": "28",
    "Word": "7",
    "RDate": "20210219",
    "GeneralPolarity": "1",
    "Aspects": [
      {
        "Aspect": "사이즈",
        "SentimentText": "아담한 크기가 귀엽고 ",
        "SentimentWord": "3",
        "SentimentPolarity": "1"
      },
      {
        "Aspect": "디자인",
        "SentimentText": "모양도 예뻐서 마음에 드네요.",
        "SentimentWord": "4",
        "SentimentPolarity": "1"
      }
    ]
  },
  {
    "Index": "36667",
    "RawText": "물건은 빠르게 배송되어 잘받았는데요...  상품이 새것인데 제품 포장박스가 훼손되어 있어 기분 별로네요 ㅜ 제품은 화력도 좋고 따뜻해서 사용상 문제는 없어요 한나절 사용하니 기름이 너무 빨리 다네요. 기름량이 감당이 안되겠어요.",
    "Source": "쇼핑몰",
    "Domain": "가전",
    "MainCategory": "계절가전",
    "ProductName": "알파카 태서전기 TS-77A",
    "ReviewScore": "4",
    "Syllable": "127",
    "Word": "29",
    "RDate": "20191216",
    "Aspects": [
      {
        "Aspect": "소비전력",
        "SentimentText": "한나절 사용하니 기름이 너무 빨리 다네요. 기름량이 감당이 안되겠어요.",
        "SentimentWord": "9",
        "SentimentPolarity": "-1"
      },
      {
        "Aspect": "기능",
        "SentimentText": "제품은 화력도 좋고 따뜻해서 사용상 문제는 없어요",
        "SentimentWord": "7",
        "SentimentPolarity": "1"
      }
    ]
  },
  {
    "Index": "36669",
    "RawText": "생각보다 화력이 약한듯해서  100% 만족은 못하지만 올 겨울 따뜻하게 잘 사용해요 착화와 소화시 기름냄새는 많이 납니다ㅜ ",
    "Source": "쇼핑몰",
    "Domain": "가전",
    "MainCategory": "계절가전",
    "ProductName": "알파카 태서전기 TS-77A",
    "ReviewScore": "4",
    "Syllable": "69",
    "Word": "16",
    "RDate": "20191211",
    "GeneralPolarity": "0",
    "Aspects": [
      {
        "Aspect": "기능",
        "SentimentText": "생각보다 화력이 약한듯해서  100% 만족은 못하지만 올 겨울 따뜻하게 잘 사용해요",
        "SentimentWord": "11",
        "SentimentPolarity": "0"
      },
      {
        "Aspect": "품질",
        "SentimentText": "착화와 소화시 기름냄새는 많이 납니다ㅜ",
        "SentimentWord": "5",
        "SentimentPolarity": "-1"
      }
    ]
  },
  {
    "Index": "36670",
    "RawText": "미니멀캠핑에 비싸고 큰 난로는 부담스러워 작은 사이즈로 구매했는데 휴대하기 편해서 만족해요~ 자동점화가 아니라 좀 불편하지만 뜨끈뜨끈 화력은 너무 좋네요^^ 디자인은 실물 모양이 더 예쁘고 보관용 가방도 튼튼해서 다 만족스럽네요",
    "Source": "쇼핑몰",
    "Domain": "가전",
    "MainCategory": "계절가전",
    "ProductName": "알파카 태서전기 TS-77A",
    "ReviewScore": "5",
    "Syllable": "127",
    "Word": "29",
    "RDate": "20211004",
    "GeneralPolarity": "1",
    "Aspects": [
      {
        "Aspect": "사이즈",
        "SentimentText": "비싸고 큰 난로는 부담스러워 작은 사이즈로 구매했는데 휴대하기 편해서 만족해요~",
        "SentimentWord": "10",
        "SentimentPolarity": "1"
      },
      {
        "Aspect": "기능",
        "SentimentText": "자동점화가 아니라 좀 불편하지만 뜨끈뜨끈 화력은 너무 좋네요^^",
        "SentimentWord": "8",
        "SentimentPolarity": "0"
      },
      {
        "Aspect": "디자인",
        "SentimentText": "디자인은 실물 모양이 더 예쁘고",
        "SentimentWord": "5",
        "SentimentPolarity": "1"
      },
      {
        "Aspect": "제품구성",
        "SentimentText": "보관용 가방도 튼튼해서 다 만족스럽네요  ",
        "SentimentWord": "5",
        "SentimentPolarity": "1"
      }
    ]
  },
  {
    "Index": "36671",
    "RawText": "석유냄새가 잘 나지않아 코가 맵지 않고 불꽃이 흔들리지 않아 안전하게 사용할 수 있어요~ 화력이 높아서 따뜻하네요.",
    "Source": "쇼핑몰",
    "Domain": "가전",
    "MainCategory": "계절가전",
    "ProductName": "알파카 태서전기 TS-77A",
    "ReviewScore": "5",
    "Syllable": "64",
    "Word": "16",
    "RDate": "20210205",
    "GeneralPolarity": "1",
    "Aspects": [
      {
        "Aspect": "품질",
        "SentimentText": "석유냄새가 잘 나지않아 코가 맵지 않고 불꽃이 흔들리지 않아 안전하게 사용할 수 있어요~",
        "SentimentWord": "13",
        "SentimentPolarity": "1"
      },
      {
        "Aspect": "기능",
        "SentimentText": "화력이 높아서 따뜻하네요.",
        "SentimentWord": "3",
        "SentimentPolarity": "1"
      }
    ]
  },
  {
    "Index": "36672",
    "RawText": "빠른 배송 정말 최고에요~ 전용 가방 색상이 생각보다 예쁘고 퀄이 좋네요.",
    "Source": "쇼핑몰",
    "Domain": "가전",
    "MainCategory": "계절가전",
    "ProductName": "알파카 태서전기 TS-77A",
    "ReviewScore": "5",
    "Syllable": "41",
    "Word": "11",
    "RDate": "20201113",
    "Aspects": [
      {
        "Aspect": "색상",
        "SentimentText": "전용 가방 색상이 생각보다 예쁘고",
        "SentimentWord": "5",
        "SentimentPolarity": "1"
      },
      {
        "Aspect": "품질",
        "SentimentText": "퀄이 좋네요.",
        "SentimentWord": "2",
        "SentimentPolarity": "1"
      }
    ]
  },
  {
    "Index": "36674",
    "RawText": "빠른 배송이 정말 마음에 들어요!!!!! 포장도 꼼꼼하게 되어있어 상품이 안전하게 잘 왔어요 ㅎㅎ 난로케이스 딱 사이즈에 맞고 예쁘네요ㅎ 켜놓고 한참이 지났는데도 하나도 따뜻하지 않아요.",
    "Source": "쇼핑몰",
    "Domain": "가전",
    "MainCategory": "계절가전",
    "ProductName": "알파카 태서전기 TS-77A",
    "ReviewScore": "5",
    "Syllable": "104",
    "Word": "24",
    "RDate": "20190927",
    "Aspects": [
      {
        "Aspect": "기능",
        "SentimentText": "켜놓고 한참이 지났는데도 하나도 따뜻하지 않아요.",
        "SentimentWord": "6",
        "SentimentPolarity": "-1"
      },
      {
        "Aspect": "사이즈",
        "SentimentText": "난로케이스 딱 사이즈에 맞고 예쁘네요ㅎ",
        "SentimentWord": "5",
        "SentimentPolarity": "1"
      }
    ]
  },
  {
    "Index": "36675",
    "RawText": "아담한 크기라 승용차드렁크에 들어가니 마음에 듬~^^실내공기가  따뜻해져서 화력도 좋네요!",
    "Source": "쇼핑몰",
    "Domain": "가전",
    "MainCategory": "계절가전",
    "ProductName": "알파카 태서전기 TS-77A",
    "ReviewScore": "5",
    "Syllable": "50",
    "Word": "9",
    "RDate": "20201128",
    "Aspects": [
      {
        "Aspect": "사이즈",
        "SentimentText": "아담한 크기라 승용차드렁크에 들어가니 마음에 듬~^^",
        "SentimentWord": "6",
        "SentimentPolarity": "1"
      },
      {
        "Aspect": "기능",
        "SentimentText": "실내공기가  따뜻해져서 화력도 좋네요!",
        "SentimentWord": "4",
        "SentimentPolarity": "1"
      }
    ]
  },
  {
    "Index": "36677",
    "RawText": "배송이  빨라서 너무 좋아요~  비내리고 추운 주말 캠핑에 따뜻하고 유용하게 잘 사용했어요 성능 넘 좋아요!!  제품 사용전 환기를 충분히 해서 사용하는 동안 기름냄새도 별로 안나서 좋았어요^^ 제품 사용법도 생각보다 쉬워서 잘 사용합니다~",
    "Source": "쇼핑몰",
    "Domain": "가전",
    "MainCategory": "계절가전",
    "ProductName": "알파카 태서전기 TS-77A",
    "ReviewScore": "5",
    "Syllable": "134",
    "Word": "32",
    "RDate": "20210418",
    "Aspects": [
      {
        "Aspect": "기능",
        "SentimentText": "비내리고 추운 주말 캠핑에 따뜻하고 유용하게 잘 사용했어요 성능 넘 좋아요!! ",
        "SentimentWord": "11",
        "SentimentPolarity": "1"
      },
      {
        "Aspect": "품질",
        "SentimentText": "환기를 충분히 해서 사용하는 동안 기름냄새도 별로 안나서 좋았어요^^",
        "SentimentWord": "9",
        "SentimentPolarity": "1"
      },
      {
        "Aspect": "조작성",
        "SentimentText": "제품 사용법도 생각보다 쉬워서 잘 사용합니다~",
        "SentimentWord": "6",
        "SentimentPolarity": "1"
      }
    ]
  },
  {
    "Index": "36678",
    "RawText": "배송 과정중 결함으로 상품이 찌그러져 와서 속상했는데 판매자분의 신속한 교환처리가 정말 마음에 들어요. 너무 옛스런 디자인에 흠칫 놀랐네요. 이게 아닌데 조립하다 만것같이 표면이 많이 부실하네요. 오래사용하기는 힘든듯",
    "Source": "쇼핑몰",
    "Domain": "가전",
    "MainCategory": "계절가전",
    "ProductName": "알파카 태서전기 TS-77A",
    "ReviewScore": "5",
    "Syllable": "121",
    "Word": "27",
    "RDate": "20171114",
    "Aspects": [
      {
        "Aspect": "디자인",
        "SentimentText": "너무 옛스런 디자인에 흠칫 놀랐네요. 이게 아닌데",
        "SentimentWord": "7",
        "SentimentPolarity": "-1"
      },
      {
        "Aspect": "내구성",
        "SentimentText": "조립하다 만것같이 표면이 많이 부실하네요. 오래사용하기는 힘든듯",
        "SentimentWord": "7",
        "SentimentPolarity": "-1"
      }
    ]
  },
  {
    "Index": "36680",
    "RawText": "타제품에 비해 가격이 저렴해서 좋아요!  사용법이 쉬워서 불편함 없이 따뜻한 시간 보냈습니다.",
    "Source": "쇼핑몰",
    "Domain": "가전",
    "MainCategory": "계절가전",
    "ProductName": "알파카 태서전기 TS-77A",
    "ReviewScore": "5",
    "Syllable": "52",
    "Word": "12",
    "RDate": "20211026",
    "Aspects": [
      {
        "Aspect": "가격",
        "SentimentText": "타제품에 비해 가격이 저렴해서 좋아요! ",
        "SentimentWord": "5",
        "SentimentPolarity": "1"
      },
      {
        "Aspect": "조작성",
        "SentimentText": "사용법이 쉬워서 불편함 없이 따뜻한 시간 보냈습니다.",
        "SentimentWord": "7",
        "SentimentPolarity": "1"
      }
    ]
  },
  {
    "Index": "36681",
    "RawText": "처음 사용한지 15분만에 심지불량으로 전원이 꺼지는 고장으로 인해 마음이 정말 속상하네요. 가격도 저렴한 제품도 아니고 정말 어이가 없네요...",
    "Source": "쇼핑몰",
    "Domain": "가전",
    "MainCategory": "계절가전",
    "ProductName": "알파카 태서전기 TS-77A",
    "ReviewScore": "1",
    "Syllable": "80",
    "Word": "18",
    "RDate": "20211124",
    "Aspects": [
      {
        "Aspect": "품질",
        "SentimentText": "처음 사용한지 15분만에 심지불량으로 전원이 꺼지는 고장으로 인해 마음이 정말 속상하네요.",
        "SentimentWord": "11",
        "SentimentPolarity": "-1"
      },
      {
        "Aspect": "가격",
        "SentimentText": "가격도 저렴한 제품도 아니고 정말 어이가 없네요...",
        "SentimentWord": "7",
        "SentimentPolarity": "-1"
      }
    ]
  },
  {
    "Index": "36683",
    "RawText": "레트로 감성 느낌 디자인이 마음에 듭니다. 아담한 크기의 난로 하나가 따뜻한 분위기로 바꿔주니 마음에 쏙 들어요.",
    "Source": "쇼핑몰",
    "Domain": "가전",
    "MainCategory": "계절가전",
    "ProductName": "알파카 태서전기 TS-77A",
    "ReviewScore": "5",
    "Syllable": "63",
    "Word": "16",
    "RDate": "20211125",
    "GeneralPolarity": "1",
    "Aspects": [
      {
        "Aspect": "디자인",
        "SentimentText": "레트로 감성 느낌 디자인이 마음에 듭니다.",
        "SentimentWord": "6",
        "SentimentPolarity": "1"
      },
      {
        "Aspect": "사이즈",
        "SentimentText": "아담한 크기의 난로 하나가 따뜻한 분위기로 바꿔주니 마음에 쏙 들어요.",
        "SentimentWord": "10",
        "SentimentPolarity": "1"
      }
    ]
  }
]